0.008	>>> 
0.008	>>> B 1654 2007
0.009	>>> I
0.104	>>> V 0.00 0.00
0.105	S 260880 -51.68 28.39 0.00 0.00 HOLD
0.108	S 260900 -51.68 28.48 0.00 0.00 HOLD
0.109	S 260920 -51.68 28.39 0.00 0.00 HOLD
0.111	S 260940 -51.68 28.39 0.00 0.00 HOLD
0.112	S 260960 -51.68 28.39 0.00 0.00 HOLD
0.113	S 260980 -51.68 28.48 0.00 0.00 HOLD
0.114	S 261000 -51.68 28.48 0.00 0.00 HOLD
0.116	S 261020 -51.68 28.48 0.00 0.00 HOLD
0.120	S 261040 -51.68 28.39 0.00 0.00 HOLD
0.125	S 261060 -51.68 28.39 0.00 0.00 HOLD
0.127	S 261080 -51.68 28.39 0.00 0.00 HOLD
0.128	S 261100 -51.68 28.48 0.00 0.00 HOLD
0.129	S 261120 -51.68 28.39 0.00 0.00 HOLD
0.131	S 261140 -51.68 28.48 0.00 0.00 HOLD
0.132	S 261160 -51.68 28.39 0.00 0.00 HOLD
0.133	S 261180 -51.68 28.39 0.00 0.00 HOLD
0.134	S 261200 -51.59 28.39 0.00 0.00 HOLD
0.135	S 261220 -51.68 28.39 0.00 0.00 HOLD
0.136	S 261240 -51.59 28.48 0.00 0.00 HOLD
0.136	S 261260 -51.59 28.39 0.00 0.00 HOLD
0.137	S 261280 -51.68 28.39 0.00 0.00 HOLD
0.138	S 261300 -51.59 28.39 0.00 0.00 HOLD
0.139	S 261320 -51.59 28.39 0.00 0.00 HOLD
0.139	S 261340 -51.68 28.39 0.00 0.00 HOLD
0.140	S 261360 -51.68 28.39 0.00 0.00 HOLD
0.141	S 261380 -51.68 28.39 0.00 0.00 HOLD
0.142	S 261400 -51.68 28.39 0.00 0.00 HOLD
0.143	S 261420 -51.68 28.48 0.00 0.00 HOLD
0.143	S 261440 -51.59 28.39 0.00 0.00 HOLD
0.144	S 261460 -51.68 28.48 0.00 0.00 HOLD
0.145	S 261480 -51.68 28.39 0.00 0.00 HOLD
0.146	S 261500 -51.59 28.39 0.00 0.00 HOLD
0.146	S 261520 -51.68 28.48 0.00 0.00 HOLD
0.148	S 261540 -51.68 28.39 0.00 0.00 HOLD
0.153	S 261560 -51.68 28.48 0.00 0.00 HOLD
0.158	S 261580 -51.68 28.39 0.00 0.00 HOLD
0.159	S 261600 -51.68 28.39 0.00 0.00 HOLD
0.161	S 261620 -51.68 28.48 0.00 0.00 HOLD
0.162	S 261640 -51.68 28.39 0.00 0.00 HOLD
0.163	S 261660 -51.68 28.48 0.00 0.00 HOLD
0.165	S 261680 -51.68 28.48 0.00 0.00 HOLD
0.166	S 261700 -51.68 28.39 0.00 0.00 HOLD
0.167	S 261720 -51.68 28.48 0.00 0.00 HOLD
0.168	S 261740 -51.68 28.39 0.00 0.00 HOLD
0.169	S 261760 -51.68 28.39 0.00 0.00 HOLD
0.170	S 261780 -51.68 28.39 0.00 0.00 HOLD
0.171	B 1654 2007
0.173	S 271501 -51.59 28.39 0.00 0.00 HOMING
0.175	S 271521 -51.68 28.39 0.00 0.00 HOMING
0.176	S 271541 -51.68 28.30 0.00 0.00 HOMING
0.178	S 271561 -51.50 28.04 0.00 -1.37 HOMING
0.179	S 271581 -51.06 27.69 4.12 -5.50 HOMING
0.186	>>> V 0.00 0.00
0.192	S 271601 -50.63 27.25 9.62 -10.99 HOMING
0.193	S 271621 -50.10 26.72 15.11 -16.49 HOMING
0.194	S 271641 -49.57 26.10 20.61 -20.61 HOMING
0.196	S 271661 -49.04 25.58 23.36 -24.73 HOMING
0.204	>>> V 0.00 0.00
0.204	S 271681 -48.43 24.96 26.11 -26.11 HOMING
0.225	>>> V 0.00 0.00
0.226	S 271701 -47.81 24.35 27.48 -27.48 HOMING
0.244	>>> V 0.00 0.00
0.244	S 271721 -47.29 23.82 28.85 -28.85 HOMING
0.264	>>> V 0.00 0.00
0.265	S 271741 -46.76 23.20 28.85 -28.85 HOMING
0.287	>>> V 0.00 0.00
0.288	S 271761 -46.14 22.59 28.85 -28.85 HOMING
0.304	>>> V 0.00 0.00
0.304	S 271781 -45.44 21.97 28.85 -28.85 HOMING
0.325	>>> V 0.00 0.00
0.325	S 271801 -44.82 21.36 28.85 -28.85 HOMING
0.344	>>> V 0.00 0.00
0.344	S 271821 -44.30 20.83 30.23 -28.85 HOMING
0.364	>>> V 0.00 0.00
0.365	S 271841 -43.68 20.21 30.23 -28.85 HOMING
0.389	>>> V 0.00 0.00
0.390	S 271861 -43.07 19.60 30.23 -28.85 HOMING
0.404	>>> V 0.00 0.00
0.404	S 271881 -42.54 18.98 28.85 -28.85 HOMING
0.425	>>> V 0.00 0.00
0.425	S 271901 -41.92 18.37 28.85 -28.85 HOMING
0.444	>>> V 0.00 0.00
0.444	S 271921 -41.22 17.75 28.85 -30.23 HOMING
0.464	>>> V 0.00 0.00
0.465	S 271941 -40.69 17.05 28.85 -30.23 HOMING
0.490	>>> V 0.00 0.00
0.491	S 271961 -40.08 16.44 28.85 -30.23 HOMING
0.504	>>> V 0.00 0.00
0.504	S 271981 -39.46 15.82 30.23 -30.23 HOMING
0.525	>>> V 0.00 0.00
0.525	S 272001 -38.85 15.21 30.23 -30.23 HOMING
0.544	>>> V 0.00 0.00
0.545	S 272021 -38.23 14.59 30.23 -30.23 HOMING
0.564	>>> V 0.00 0.00
0.565	S 272041 -37.62 13.97 30.23 -30.23 HOMING
0.586	>>> V 0.00 0.00
0.587	S 272061 -37.00 13.36 30.23 -30.23 HOMING
0.604	>>> V 0.00 0.00
0.604	S 272081 -36.47 12.83 30.23 -28.85 HOMING
0.624	>>> V 0.00 0.00
0.625	S 272101 -35.86 12.30 28.85 -28.85 HOMING
0.644	>>> V 0.00 0.00
0.644	S 272121 -35.33 11.69 28.85 -27.48 HOMING
0.664	>>> V 0.00 0.00
0.665	S 272141 -34.72 11.16 28.85 -27.48 HOMING
0.690	>>> V 0.00 0.00
0.690	S 272161 -34.10 10.63 28.85 -26.11 HOMING
0.704	>>> V 0.00 0.00
0.705	S 272181 -33.57 10.20 28.85 -26.11 HOMING
0.724	>>> V 0.00 0.00
0.725	S 272201 -32.96 9.76 28.85 -24.73 HOMING
0.744	>>> V 0.00 0.00
0.744	S 272221 -32.34 9.23 28.85 -23.36 HOMING
0.764	>>> V 0.00 0.00
0.765	S 272241 -31.64 8.88 28.85 -21.98 HOMING
0.790	>>> V 0.00 0.00
0.791	S 272261 -31.11 8.53 30.23 -21.98 HOMING
0.804	>>> V 0.00 0.00
0.805	S 272281 -30.50 8.09 30.23 -20.61 HOMING
0.825	>>> V 0.00 0.00
0.825	S 272301 -29.97 7.73 30.23 -19.24 HOMING
0.844	>>> V 0.00 0.00
0.844	S 272321 -29.36 7.38 30.23 -17.86 HOMING
0.864	>>> V 0.00 0.00
0.865	S 272341 -28.74 7.12 30.23 -17.86 HOMING
0.890	>>> V 0.00 0.00
0.891	S 272361 -28.21 6.77 30.23 -16.49 HOMING
0.904	>>> V 0.00 0.00
0.904	S 272381 -27.60 6.42 28.85 -16.49 HOMING
0.924	>>> V 0.00 0.00
0.925	S 272401 -27.07 6.15 27.48 -15.11 HOMING
0.944	>>> V 0.00 0.00
0.944	S 272421 -26.54 5.89 27.48 -15.11 HOMING
0.964	>>> V 0.00 0.00
0.965	S 272441 -25.93 5.54 26.11 -13.74 HOMING
0.990	>>> V 0.00 0.00
0.991	S 272461 -25.22 5.36 27.48 -13.74 HOMING
1.004	>>> V 0.00 0.00
1.005	S 272481 -24.61 5.10 28.85 -12.37 HOMING
1.025	>>> V 0.00 0.00
1.026	S 272501 -23.99 4.83 31.60 -12.37 HOMING
1.044	>>> V 0.00 0.00
1.044	S 272521 -23.38 4.66 31.60 -10.99 HOMING
1.064	>>> V 0.00 0.00
1.065	S 272541 -22.68 4.48 31.60 -10.99 HOMING
1.087	>>> V 0.00 0.00
1.088	S 272561 -22.06 4.22 30.23 -9.62 HOMING
1.104	>>> V 0.00 0.00
1.105	S 272581 -21.45 4.04 30.23 -9.62 HOMING
1.125	>>> V 0.00 0.00
1.125	S 272601 -20.92 3.87 30.23 -9.62 HOMING
1.144	>>> V 0.00 0.00
1.144	S 272621 -20.21 3.69 30.23 -9.62 HOMING
1.164	>>> V 0.00 0.00
1.165	S 272641 -19.69 3.52 30.23 -9.62 HOMING
1.190	>>> V 0.00 0.00
1.191	S 272661 -19.07 3.43 30.23 -8.24 HOMING
1.204	>>> V 0.00 0.00
1.205	S 272681 -18.46 3.25 30.23 -8.24 HOMING
1.225	>>> V 0.00 0.00
1.225	S 272701 -17.84 3.08 30.23 -6.87 HOMING
1.244	>>> V 0.00 0.00
1.244	S 272721 -17.23 2.99 30.23 -6.87 HOMING
1.264	>>> V 0.00 0.00
1.265	S 272741 -16.61 2.90 30.23 -5.50 HOMING
1.290	>>> V 0.00 0.00
1.291	S 272761 -16.08 2.81 30.23 -5.50 HOMING
1.304	>>> V 0.00 0.00
1.305	S 272781 -15.47 2.64 30.23 -5.50 HOMING
1.325	>>> V 0.00 0.00
1.325	S 272801 -14.85 2.55 30.23 -5.50 HOMING
1.344	>>> V 0.00 0.00
1.345	S 272821 -14.24 2.46 30.23 -5.50 HOMING
1.364	>>> V 0.00 0.00
1.365	S 272841 -13.62 2.37 30.23 -5.50 HOMING
1.387	>>> V 0.00 0.00
1.388	S 272861 -13.18 2.20 28.85 -4.12 HOMING
1.404	>>> V 0.00 0.00
1.404	S 272881 -12.57 2.11 28.85 -4.12 HOMING
1.425	>>> V 0.00 0.00
1.426	S 272901 -12.04 1.93 28.85 -4.12 HOMING
1.444	>>> V 0.00 0.00
1.445	S 272921 -11.51 1.85 27.48 -5.50 HOMING
1.464	>>> V 0.00 0.00
1.465	S 272941 -10.99 1.76 26.11 -5.50 HOMING
1.489	>>> V 0.00 0.00
1.491	S 272961 -10.55 1.67 24.73 -5.50 HOMING
1.504	>>> V 0.00 0.00
1.504	S 272981 -10.11 1.58 23.36 -4.12 HOMING
1.525	>>> V 0.00 0.00
1.526	S 273001 -9.67 1.58 23.36 -4.12 HOMING
1.544	>>> V 0.00 0.00
1.544	S 273021 -9.23 1.58 21.98 -2.75 HOMING
1.564	>>> V 0.00 0.00
1.565	S 273041 -8.70 1.58 21.98 -1.37 HOMING
1.584	>>> V 0.00 0.00
1.585	S 273061 -8.35 1.41 20.61 -1.37 HOMING
1.604	>>> V 0.00 0.00
1.604	S 273081 -8.00 1.32 19.24 -2.75 HOMING
1.625	>>> V 0.00 0.00
1.626	S 273101 -7.56 1.23 19.24 -4.12 HOMING
1.644	>>> V 0.00 0.00
1.644	S 273121 -7.21 1.23 17.86 -4.12 HOMING
1.664	>>> V 0.00 0.00
1.665	S 273141 -6.94 1.23 17.86 -2.75 HOMING
1.688	>>> V 0.00 0.00
1.691	S 273161 -6.59 1.23 16.49 -1.37 HOMING
1.705	>>> V 0.00 0.00
1.705	S 273181 -6.33 1.14 15.11 0.00 HOMING
1.725	>>> V 0.00 0.00
1.725	S 273201 -5.89 1.05 15.11 -1.37 HOMING
1.745	>>> V 0.00 0.00
1.746	S 273221 -5.71 0.97 13.74 -2.75 HOMING
1.764	>>> V 0.00 0.00
1.765	S 273241 -5.45 0.97 13.74 -2.75 HOMING
1.785	>>> V 0.00 0.00
1.786	S 273261 -5.19 0.97 12.37 -2.75 HOMING
1.804	>>> V 0.00 0.00
1.805	S 273281 -4.92 0.97 12.37 -1.37 HOMING
1.828	>>> V 0.00 0.00
1.832	S 273301 -4.75 0.88 10.99 0.00 HOMING
1.844	>>> V 0.00 0.00
1.845	S 273321 -4.48 0.88 10.99 0.00 HOMING
1.864	>>> V 0.00 0.00
1.865	S 273341 -4.31 0.70 10.99 0.00 HOMING
1.885	>>> V 0.00 0.00
1.885	S 273361 -4.13 0.70 9.62 -1.37 HOMING
1.904	>>> V 0.00 0.00
1.905	S 273381 -3.87 0.70 9.62 -1.37 HOMING
1.924	>>> V 0.00 0.00
1.924	S 273401 -3.78 0.70 9.62 0.00 HOMING
1.944	>>> V 0.00 0.00
1.947	S 273421 -3.60 0.70 8.24 0.00 HOMING
1.964	>>> V 0.00 0.00
1.965	S 273441 -3.43 0.62 8.24 0.00 HOMING
1.985	>>> V 0.00 0.00
1.987	S 273461 -3.25 0.53 8.24 -1.37 HOMING
2.004	>>> V 0.00 0.00
2.004	S 273481 -3.25 0.53 6.87 -1.37 HOMING
2.025	>>> V 0.00 0.00
2.025	S 273501 -2.99 0.53 6.87 -1.37 HOMING
2.044	>>> V 0.00 0.00
2.044	S 273521 -2.90 0.53 5.50 0.00 HOMING
2.066	>>> V 0.00 0.00
2.066	S 273541 -2.90 0.53 5.50 0.00 HOMING
2.084	>>> V 0.00 0.00
2.085	S 273561 -2.64 0.44 5.50 0.00 HOMING
2.105	>>> V 0.00 0.00
2.106	S 273581 -2.55 0.44 5.50 0.00 HOMING
2.125	>>> V 0.00 0.00
2.126	S 273601 -2.46 0.35 5.50 -1.37 HOMING
2.146	>>> V 0.00 0.00
2.146	S 273621 -2.37 0.35 5.50 -1.37 HOMING
2.165	>>> V 0.00 0.00
2.165	S 273641 -2.20 0.35 5.50 -1.37 HOMING
2.185	>>> V 0.00 0.00
2.186	S 273661 -2.11 0.35 5.50 0.00 HOMING
2.205	>>> V 0.00 0.00
2.205	S 273681 -2.02 0.35 5.50 0.00 HOMING
2.225	>>> V 0.00 0.00
2.226	S 273701 -1.93 0.26 5.50 0.00 HOMING
2.244	>>> V 0.00 0.00
2.247	S 273721 -1.85 0.18 4.12 -1.37 HOMING
2.264	>>> V 0.00 0.00
2.265	S 273741 -1.76 0.18 4.12 -1.37 HOMING
2.285	>>> V 0.00 0.00
2.286	S 273761 -1.67 0.18 4.12 -1.37 HOMING
2.304	>>> V 0.00 0.00
2.305	S 273781 -1.67 0.26 4.12 0.00 HOMING
2.325	>>> V 0.00 0.00
2.326	S 273801 -1.67 0.18 2.75 0.00 HOMING
2.345	>>> V 0.00 0.00
2.345	S 273821 -1.67 0.18 1.37 0.00 HOMING
2.366	>>> V 0.00 0.00
2.366	S 273841 -1.49 0.18 0.00 0.00 HOMING
2.384	>>> V 0.00 0.00
2.387	S 273861 -1.41 0.18 1.37 0.00 HOMING
2.404	>>> V 0.00 0.00
2.405	S 273881 -1.32 0.18 2.75 0.00 HOMING
2.425	>>> V 0.00 0.00
2.426	S 273901 -1.23 0.26 2.75 0.00 HOMING
2.444	>>> V 0.00 0.00
2.445	S 273921 -1.23 0.18 2.75 0.00 HOMING
2.466	>>> V 0.00 0.00
2.466	S 273941 -1.23 0.18 2.75 0.00 HOMING
2.485	>>> V 0.00 0.00
2.486	S 273961 -1.05 0.18 2.75 0.00 HOMING
2.504	>>> V 0.00 0.00
2.505	S 273981 -1.05 0.18 2.75 0.00 HOMING
2.525	>>> V 0.00 0.00
2.525	S 274001 -0.97 0.26 2.75 0.00 HOMING
2.545	>>> V 0.00 0.00
2.545	S 274021 -0.97 0.18 2.75 0.00 HOMING
2.566	>>> V 0.00 0.00
2.567	S 274041 -0.97 0.18 1.37 0.00 HOMING
2.584	>>> V 0.00 0.00
2.586	S 274061 -0.97 0.18 0.00 0.00 HOMING
2.605	>>> V 0.00 0.00
2.606	S 274081 -0.97 0.26 0.00 0.00 HOMING
2.624	>>> V 0.00 0.00
2.625	S 274101 -0.97 0.18 0.00 0.00 HOMING
2.644	>>> V 0.00 0.00
2.645	S 274121 -0.88 0.18 0.00 0.00 HOMING
2.665	>>> V 0.00 0.00
2.666	S 274141 -0.79 0.26 1.37 0.00 HOMING
2.684	>>> V 0.00 0.00
2.686	S 274161 -0.79 0.18 1.37 0.00 HOMING
2.705	>>> V 0.00 0.00
2.705	S 274181 -0.79 0.26 1.37 0.00 HOMING
2.726	>>> V 0.00 0.00
2.727	S 274201 -0.79 0.18 1.37 0.00 HOMING
2.744	>>> V 0.00 0.00
2.745	S 274221 -0.79 0.18 0.00 0.00 HOMING
2.765	>>> V 0.00 0.00
2.765	S 274241 -0.79 0.18 0.00 0.00 HOMING
2.784	>>> V 0.00 0.00
2.785	S 274261 -0.70 0.18 0.00 0.00 HOMING
2.804	>>> V 0.00 0.00
2.805	S 274281 -0.62 0.18 1.37 0.00 HOMING
2.824	>>> V 0.00 0.00
2.825	S 274301 -0.62 0.18 1.37 0.00 HOMING
2.844	>>> V 0.00 0.00
2.845	S 274321 -0.62 0.26 1.37 0.00 HOMING
2.864	>>> V 0.00 0.00
2.865	S 274342 -0.62 0.18 0.00 0.00 HOMING
2.885	>>> V 0.00 0.00
2.885	S 274362 -0.62 0.18 0.00 0.00 HOMING
2.904	>>> V 0.00 0.00
2.905	S 274382 -0.53 0.18 0.00 0.00 HOMING
2.924	>>> V 0.00 0.00
2.925	S 274402 -0.44 0.18 1.37 0.00 HOLD
2.944	>>> V 0.00 0.00
2.945	S 274422 -0.44 0.18 1.37 0.00 HOLD
2.965	>>> V 0.00 0.00
2.966	S 274442 -0.44 0.26 1.37 0.00 HOLD
2.985	>>> V 0.00 0.00
2.985	S 274462 -0.44 0.18 0.00 0.00 HOLD
3.004	>>> V 0.00 0.00
3.005	S 274482 -0.44 0.18 0.00 0.00 HOLD
3.026	>>> V 0.00 0.00
3.027	S 274502 -0.44 0.18 0.00 0.00 HOLD
3.044	>>> V 0.00 0.00
3.044	S 274522 -0.44 0.18 0.00 0.00 HOLD
3.065	>>> V 0.00 0.00
3.066	S 274542 -0.44 0.18 0.00 0.00 HOLD
3.084	>>> V 0.00 0.00
3.085	S 274562 -0.44 0.18 0.00 0.00 HOLD
3.105	>>> V 0.00 0.00
3.105	S 274582 -0.53 0.18 0.00 0.00 HOLD
3.127	>>> V 0.00 0.00
3.128	S 274602 -0.44 0.26 0.00 0.00 HOLD
3.145	>>> V 0.00 0.00
3.146	S 274622 -0.44 0.18 0.00 0.00 HOLD
3.165	>>> V 0.00 0.00
3.167	S 274642 -0.44 0.18 0.00 0.00 HOLD
3.185	>>> V 0.00 0.00
3.186	S 274662 -0.44 0.18 0.00 0.00 HOLD
3.205	>>> V 0.00 0.00
3.206	S 274682 -0.44 0.18 0.00 0.00 HOLD
3.224	>>> V 0.00 0.00
3.225	S 274702 -0.44 0.18 0.00 0.00 HOLD
3.244	>>> V 0.00 0.00
3.244	S 274722 -0.44 0.18 0.00 0.00 HOLD
3.265	>>> V 0.00 0.00
3.265	S 274742 -0.44 0.18 0.00 0.00 HOLD
3.285	>>> V 0.00 0.00
3.286	S 274762 -0.53 0.18 0.00 0.00 HOLD
3.304	>>> V 0.00 0.00
3.304	S 274782 -0.44 0.26 0.00 0.00 HOLD
3.330	>>> V 0.00 0.00
3.331	S 274802 -0.44 0.18 0.00 0.00 HOLD
3.344	>>> V 0.00 0.00
3.345	S 274822 -0.44 0.18 0.00 0.00 HOLD
3.366	>>> V 0.00 0.00
3.366	S 274842 -0.44 0.18 0.00 0.00 HOLD
3.385	>>> V 0.00 0.00
3.385	S 274862 -0.44 0.18 0.00 0.00 HOLD
3.406	>>> V 0.00 0.00
3.407	S 274882 -0.44 0.26 0.00 0.00 HOLD
3.425	>>> V 0.00 0.00
3.426	S 274902 -0.44 0.18 0.00 0.00 HOLD
3.445	>>> V 0.00 0.00
3.445	S 274922 -0.44 0.18 0.00 0.00 HOLD
3.465	>>> V 0.00 0.00
3.466	S 274942 -0.44 0.18 0.00 0.00 HOLD
3.484	>>> V 0.00 0.00
3.484	S 274962 -0.44 0.18 0.00 0.00 HOLD
3.506	>>> V 0.00 0.00
3.506	S 274982 -0.44 0.18 0.00 0.00 HOLD
3.526	>>> V 0.00 0.00
3.526	S 275002 -0.44 0.18 0.00 0.00 HOLD
3.545	>>> V 0.00 0.00
3.545	S 275022 -0.44 0.18 0.00 0.00 HOLD
3.566	>>> V 0.00 0.00
3.567	S 275042 -0.44 0.18 0.00 0.00 HOLD
3.584	>>> V 0.00 0.00
3.584	S 275062 -0.44 0.18 0.00 0.00 HOLD
3.606	>>> V 0.00 0.00
3.607	S 275082 -0.44 0.18 0.00 0.00 HOLD
3.628	>>> V 0.00 0.00
3.628	S 275102 -0.44 0.18 0.00 0.00 HOLD
3.646	>>> V 0.00 0.00
3.646	S 275122 -0.44 0.18 0.00 0.00 HOLD
3.665	>>> V 0.00 0.00
3.665	S 275142 -0.44 0.18 0.00 0.00 HOLD
3.684	>>> V 0.00 0.00
3.685	S 275162 -0.44 0.18 0.00 0.00 HOLD
3.705	>>> V 0.00 0.00
3.705	S 275182 -0.44 0.18 0.00 0.00 HOLD
3.725	>>> V 0.00 0.00
3.725	S 275202 -0.53 0.18 0.00 0.00 HOLD
3.746	>>> V 0.00 0.00
3.746	S 275222 -0.53 0.26 0.00 0.00 HOLD
3.765	>>> V 0.00 0.00
3.766	S 275242 -0.44 0.18 0.00 0.00 HOLD
3.785	>>> V 0.00 0.00
3.785	S 275262 -0.44 0.18 0.00 0.00 HOLD
3.804	>>> V 0.00 0.00
3.806	S 275282 -0.53 0.18 0.00 0.00 HOLD
3.824	>>> V 0.00 0.00
3.825	S 275302 -0.44 0.18 0.00 0.00 HOLD
3.846	>>> V 0.00 0.00
3.846	S 275322 -0.44 0.18 0.00 0.00 HOLD
3.865	>>> V 0.00 0.00
3.866	S 275342 -0.44 0.18 0.00 0.00 HOLD
3.885	>>> V 0.00 0.00
3.886	S 275362 -0.53 0.18 0.00 0.00 HOLD
3.905	>>> V 0.00 0.00
3.906	S 275382 -0.44 0.18 0.00 0.00 HOLD
3.924	>>> V 0.00 0.00
3.925	S 275402 -0.44 0.18 0.00 0.00 HOLD
3.945	>>> V 0.00 0.00
3.947	S 275422 -0.44 0.18 0.00 0.00 HOLD
3.965	>>> V 0.00 0.00
3.965	S 275442 -0.44 0.18 0.00 0.00 HOLD
3.992	>>> V 0.00 0.00
3.993	S 275462 -0.44 0.18 0.00 0.00 HOLD
4.004	>>> V 0.00 0.00
4.005	S 275482 -0.53 0.18 0.00 0.00 HOLD
4.029	>>> V 0.00 0.00
4.029	S 275502 -0.44 0.26 0.00 0.00 HOLD
4.045	>>> V 0.00 0.00
4.045	S 275522 -0.44 0.18 0.00 0.00 HOLD
4.067	>>> V 0.00 0.00
4.067	S 275542 -0.44 0.18 0.00 0.00 HOLD
4.086	>>> V 0.00 0.00
4.087	S 275562 -0.44 0.18 0.00 0.00 HOLD
4.105	>>> V 0.00 0.00
4.106	S 275582 -0.44 0.18 0.00 0.00 HOLD
4.124	>>> V 0.00 0.00
4.125	S 275602 -0.44 0.26 0.00 0.00 HOLD
4.144	>>> V 0.00 0.00
4.145	S 275622 -0.44 0.26 0.00 0.00 HOLD
4.165	>>> V 0.00 0.00
4.165	S 275642 -0.44 0.18 0.00 0.00 HOLD
4.184	>>> V 0.00 0.00
4.184	S 275662 -0.44 0.18 0.00 0.00 HOLD
4.205	>>> V 0.00 0.00
4.206	S 275682 -0.44 0.18 0.00 0.00 HOLD
4.225	>>> V 0.00 0.00
4.226	S 275702 -0.44 0.18 0.00 0.00 HOLD
4.245	>>> V 0.00 0.00
4.245	S 275722 -0.44 0.18 0.00 0.00 HOLD
4.266	>>> V 0.00 0.00
4.266	S 275742 -0.44 0.18 0.00 0.00 HOLD
4.284	>>> V 0.00 0.00
4.286	S 275762 -0.44 0.26 0.00 0.00 HOLD
4.306	>>> V 0.00 0.00
4.306	S 275782 -0.53 0.18 0.00 0.00 HOLD
4.326	>>> V 0.00 0.00
4.326	S 275802 -0.53 0.18 0.00 0.00 HOLD
4.344	>>> V 0.00 0.00
4.345	S 275822 -0.44 0.18 0.00 0.00 HOLD
4.366	>>> V 0.00 0.00
4.367	S 275842 -0.44 0.18 0.00 0.00 HOLD
4.385	>>> V 0.00 0.00
4.385	S 275862 -0.44 0.18 0.00 0.00 HOLD
4.405	>>> V 0.00 0.00
4.405	S 275882 -0.44 0.18 0.00 0.00 HOLD
4.424	>>> V 0.00 0.00
4.425	S 275902 -0.44 0.18 0.00 0.00 HOLD
4.444	>>> V 0.00 0.00
4.445	S 275922 -0.44 0.18 0.00 0.00 HOLD
4.465	>>> V 0.00 0.00
4.467	S 275942 -0.44 0.18 0.00 0.00 HOLD
4.484	>>> V 0.00 0.00
4.485	S 275962 -0.44 0.18 0.00 0.00 HOLD
4.506	>>> V 0.00 0.00
4.507	S 275982 -0.44 0.18 0.00 0.00 HOLD
4.526	>>> V 0.00 0.00
4.527	S 276002 -0.44 0.18 0.00 0.00 HOLD
4.546	>>> V 0.00 0.00
4.546	S 276022 -0.44 0.18 0.00 0.00 HOLD
4.565	>>> V 0.00 0.00
4.567	S 276042 -0.44 0.18 0.00 0.00 HOLD
4.586	>>> V 0.00 0.00
4.587	S 276062 -0.44 0.18 0.00 0.00 HOLD
4.605	>>> V 0.00 0.00
4.605	S 276082 -0.53 0.18 0.00 0.00 HOLD
4.625	>>> V 0.00 0.00
4.627	S 276102 -0.44 0.18 0.00 0.00 HOLD
4.645	>>> V 0.00 0.00
4.646	S 276122 -0.44 0.18 0.00 0.00 HOLD
4.666	>>> V 0.00 0.00
4.666	S 276142 -0.53 0.18 0.00 0.00 HOLD
4.685	>>> V 0.00 0.00
4.685	S 276162 -0.44 0.18 0.00 0.00 HOLD
4.704	>>> V 0.00 0.00
4.705	S 276182 -0.44 0.18 0.00 0.00 HOLD
4.725	>>> V 0.00 0.00
4.725	S 276202 -0.44 0.18 0.00 0.00 HOLD
4.744	>>> V 0.00 0.00
4.744	S 276222 -0.44 0.18 0.00 0.00 HOLD
4.765	>>> V 0.00 0.00
4.767	S 276242 -0.44 0.18 0.00 0.00 HOLD
4.784	>>> V 0.00 0.00
4.784	S 276262 -0.44 0.18 0.00 0.00 HOLD
4.805	>>> V 0.00 0.00
4.806	S 276282 -0.44 0.18 0.00 0.00 HOLD
4.824	>>> V 0.00 0.00
4.824	S 276302 -0.53 0.26 0.00 0.00 HOLD
4.847	>>> V 0.00 0.00
4.847	S 276322 -0.44 0.18 0.00 0.00 HOLD
4.864	>>> V 0.00 0.00
4.865	S 276342 -0.44 0.18 0.00 0.00 HOLD
4.887	>>> V 0.00 0.00
4.887	S 276362 -0.44 0.18 0.00 0.00 HOLD
4.905	>>> V 0.00 0.00
4.906	S 276382 -0.44 0.18 0.00 0.00 HOLD
4.926	>>> V 0.00 0.00
4.928	S 276402 -0.44 0.18 0.00 0.00 HOLD
4.945	>>> V 0.00 0.00
4.945	S 276422 -0.44 0.18 0.00 0.00 HOLD
4.965	>>> V 0.00 0.00
4.966	S 276442 -0.44 0.18 0.00 0.00 HOLD
4.984	>>> V 0.00 0.00
4.985	S 276462 -0.44 0.18 0.00 0.00 HOLD
5.004	>>> V 0.00 0.00
5.004	S 276482 -0.53 0.18 0.00 0.00 HOLD
5.026	>>> V 0.00 0.00
5.027	S 276502 -0.53 0.18 0.00 0.00 HOLD
5.044	>>> V 0.00 0.00
5.044	S 276522 -0.44 0.18 0.00 0.00 HOLD
5.066	>>> V 0.00 0.00
5.067	S 276542 -0.44 0.18 0.00 0.00 HOLD
5.084	>>> V 0.00 0.00
5.084	S 276562 -0.44 0.18 0.00 0.00 HOLD
5.104	>>> V 0.00 0.00
5.105	S 276582 -0.44 0.18 0.00 0.00 HOLD
5.124	>>> V 0.00 0.00
5.124	S 276602 -0.44 0.18 0.00 0.00 HOLD
5.147	>>> V 0.00 0.00
5.148	S 276622 -0.53 0.18 0.00 0.00 HOLD
5.164	>>> V 0.00 0.00
5.165	S 276642 -0.44 0.18 0.00 0.00 HOLD
5.186	>>> V 0.00 0.00
5.187	S 276662 -0.44 0.18 0.00 0.00 HOLD
5.204	>>> V 0.00 0.00
5.205	S 276682 -0.53 0.18 0.00 0.00 HOLD
5.225	>>> V 0.00 0.00
5.225	S 276702 -0.44 0.18 0.00 0.00 HOLD
5.245	>>> V 0.00 0.00
5.247	S 276722 -0.44 0.26 0.00 0.00 HOLD
5.264	>>> V 0.00 0.00
5.264	S 276742 -0.44 0.18 0.00 0.00 HOLD
5.286	>>> V 0.00 0.00
5.286	S 276762 -0.44 0.26 0.00 0.00 HOLD
5.305	>>> V 0.00 0.00
5.306	S 276782 -0.44 0.18 0.00 0.00 HOLD
5.327	>>> V 0.00 0.00
5.327	S 276802 -0.44 0.18 0.00 0.00 HOLD
5.344	>>> V 0.00 0.00
5.344	S 276822 -0.44 0.18 0.00 0.00 HOLD
5.364	>>> V 0.00 0.00
5.365	S 276842 -0.44 0.18 0.00 0.00 HOLD
5.384	>>> V 0.00 0.00
5.386	S 276862 -0.44 0.18 0.00 0.00 HOLD
5.404	>>> V 0.00 0.00
5.404	S 276882 -0.44 0.26 0.00 0.00 HOLD
5.428	>>> V 0.00 0.00
5.429	S 276902 -0.44 0.18 0.00 0.00 HOLD
5.445	>>> V 0.00 0.00
5.445	S 276922 -0.44 0.18 0.00 0.00 HOLD
5.466	>>> V 0.00 0.00
5.467	S 276942 -0.44 0.18 0.00 0.00 HOLD
5.485	>>> V 0.00 0.00
5.486	S 276962 -0.44 0.18 0.00 0.00 HOLD
5.505	>>> V 0.00 0.00
5.506	S 276982 -0.44 0.18 0.00 0.00 HOLD
5.527	>>> V 0.00 0.00
5.527	S 277002 -0.53 0.18 0.00 0.00 HOLD
5.545	>>> V 0.00 0.00
5.545	S 277022 -0.44 0.18 0.00 0.00 HOLD
5.564	>>> V 0.00 0.00
5.564	S 277042 -0.44 0.18 0.00 0.00 HOLD
5.585	>>> V 0.00 0.00
5.586	S 277062 -0.44 0.18 0.00 0.00 HOLD
5.604	>>> V 0.00 0.00
5.605	S 277082 -0.44 0.18 0.00 0.00 HOLD
5.625	>>> V 0.00 0.00
5.625	S 277102 -0.53 0.18 0.00 0.00 HOLD
5.645	>>> V 0.00 0.00
5.645	S 277122 -0.44 0.18 0.00 0.00 HOLD
5.665	>>> V 0.00 0.00
5.665	S 277142 -0.44 0.18 0.00 0.00 HOLD
5.684	>>> V 0.00 0.00
5.686	S 277162 -0.53 0.26 0.00 0.00 HOLD
5.704	>>> V 0.00 0.00
5.705	S 277182 -0.44 0.18 0.00 0.00 HOLD
5.727	>>> V 0.00 0.00
5.727	S 277202 -0.44 0.18 0.00 0.00 HOLD
5.744	>>> V 0.00 0.00
5.745	S 277222 -0.44 0.18 0.00 0.00 HOLD
5.766	>>> V 0.00 0.00
5.766	S 277242 -0.44 0.18 0.00 0.00 HOLD
5.784	>>> V 0.00 0.00
5.785	S 277262 -0.44 0.18 0.00 0.00 HOLD
5.806	>>> V 0.00 0.00
5.807	S 277282 -0.44 0.18 0.00 0.00 HOLD
5.825	>>> V 0.00 0.00
5.826	S 277302 -0.44 0.18 0.00 0.00 HOLD
5.846	>>> V 0.00 0.00
5.846	S 277322 -0.44 0.18 0.00 0.00 HOLD
5.865	>>> V 0.00 0.00
5.865	S 277342 -0.53 0.18 0.00 0.00 HOLD
5.884	>>> V 0.00 0.00
5.884	S 277362 -0.44 0.18 0.00 0.00 HOLD
5.905	>>> V 0.00 0.00
5.905	S 277382 -0.44 0.18 0.00 0.00 HOLD
5.924	>>> V 0.00 0.00
5.925	S 277402 -0.44 0.18 0.00 0.00 HOLD
5.946	>>> V 0.00 0.00
5.946	S 277422 -0.44 0.18 0.00 0.00 HOLD
5.964	>>> V 0.00 0.00
5.966	S 277442 -0.44 0.18 0.00 0.00 HOLD
5.986	>>> V 0.00 0.00
5.987	S 277462 -0.44 0.18 0.00 0.00 HOLD
6.004	>>> V 0.00 0.00
6.007	S 277482 -0.44 0.18 0.00 0.00 HOLD
6.024	>>> V 0.00 0.00
6.025	S 277502 -0.44 0.18 0.00 0.00 HOLD
6.045	>>> V 0.00 0.00
6.047	S 277522 -0.44 0.18 0.00 0.00 HOLD
6.064	>>> V 0.00 0.00
6.065	S 277542 -0.44 0.18 0.00 0.00 HOLD
6.085	>>> V 0.00 0.00
6.085	S 277562 -0.44 0.26 0.00 0.00 HOLD
6.105	>>> V 0.00 0.00
6.105	S 277582 -0.44 0.18 0.00 0.00 HOLD
6.124	>>> V 0.00 0.00
6.125	S 277602 -0.44 0.18 0.00 0.00 HOLD
6.146	>>> V 0.00 0.00
6.147	S 277622 -0.44 0.18 0.00 0.00 HOLD
6.164	>>> V 0.00 0.00
6.166	S 277642 -0.44 0.18 0.00 0.00 HOLD
6.186	>>> V 0.00 0.00
6.187	S 277662 -0.44 0.18 0.00 0.00 HOLD
6.205	>>> V 0.00 0.00
6.205	S 277682 -0.53 0.18 0.00 0.00 HOLD
6.225	>>> V 0.00 0.00
6.226	S 277702 -0.44 0.18 0.00 0.00 HOLD
6.244	>>> V 0.00 0.00
6.247	S 277722 -0.44 0.18 0.00 0.00 HOLD
6.265	>>> V 0.00 0.00
6.265	S 277742 -0.44 0.18 0.00 0.00 HOLD
6.285	>>> V 0.00 0.00
6.285	S 277762 -0.44 0.18 0.00 0.00 HOLD
6.304	>>> V 0.00 0.00
6.304	S 277782 -0.53 0.18 0.00 0.00 HOLD
6.325	>>> V 0.00 0.00
6.326	S 277802 -0.44 0.18 0.00 0.00 HOLD
6.344	>>> V 0.00 0.00
6.345	S 277822 -0.44 0.18 0.00 0.00 HOLD
6.367	>>> V 0.00 0.00
6.369	S 277842 -0.53 0.18 0.00 0.00 HOLD
6.384	>>> V 0.00 0.00
6.385	S 277862 -0.44 0.26 0.00 0.00 HOLD
6.407	>>> V 0.00 0.00
6.407	S 277882 -0.44 0.18 0.00 0.00 HOLD
6.425	>>> V 0.00 0.00
6.425	S 277902 -0.44 0.18 0.00 0.00 HOLD
6.445	>>> V 0.00 0.00
6.445	S 277922 -0.44 0.18 0.00 0.00 HOLD
6.465	>>> V 0.00 0.00
6.465	S 277942 -0.44 0.18 0.00 0.00 HOLD
6.484	>>> V 0.00 0.00
6.485	S 277962 -0.44 0.18 0.00 0.00 HOLD
6.505	>>> V 0.00 0.00
6.506	S 277982 -0.44 0.18 0.00 0.00 HOLD
6.525	>>> V 0.00 0.00
6.526	S 278002 -0.44 0.18 0.00 0.00 HOLD
6.545	>>> V 0.00 0.00
6.545	S 278022 -0.44 0.18 0.00 0.00 HOLD
6.564	>>> V 0.00 0.00
6.567	S 278042 -0.44 0.18 0.00 0.00 HOLD
6.584	>>> V 0.00 0.00
6.585	S 278062 -0.53 0.18 0.00 0.00 HOLD
6.605	>>> V 0.00 0.00
6.606	S 278082 -0.44 0.18 0.00 0.00 HOLD
6.625	>>> V 0.00 0.00
6.625	S 278102 -0.44 0.26 0.00 0.00 HOLD
6.645	>>> V 0.00 0.00
6.647	S 278122 -0.44 0.18 0.00 0.00 HOLD
6.665	>>> V 0.00 0.00
6.665	S 278142 -0.44 0.18 0.00 0.00 HOLD
6.684	>>> V 0.00 0.00
6.685	S 278162 -0.44 0.18 0.00 0.00 HOLD
6.705	>>> V 0.00 0.00
6.706	S 278182 -0.44 0.26 0.00 0.00 HOLD
6.725	>>> V 0.00 0.00
6.727	S 278202 -0.44 0.18 0.00 0.00 HOLD
6.745	>>> V 0.00 0.00
6.746	S 278222 -0.44 0.18 0.00 0.00 HOLD
6.767	>>> V 0.00 0.00
6.768	S 278242 -0.44 0.18 0.00 0.00 HOLD
6.787	>>> V 0.00 0.00
6.788	S 278262 -0.44 0.18 0.00 0.00 HOLD
6.805	>>> V 0.00 0.00
6.806	S 278282 -0.53 0.18 0.00 0.00 HOLD
6.825	>>> V 0.00 0.00
6.825	S 278302 -0.44 0.18 0.00 0.00 HOLD
6.844	>>> V 0.00 0.00
6.844	S 278322 -0.44 0.18 0.00 0.00 HOLD
6.864	>>> V 0.00 0.00
6.865	S 278342 -0.44 0.18 0.00 0.00 HOLD
6.884	>>> V 0.00 0.00
6.885	S 278362 -0.44 0.18 0.00 0.00 HOLD
6.905	>>> V 0.00 0.00
6.905	S 278382 -0.53 0.18 0.00 0.00 HOLD
6.925	>>> V 0.00 0.00
6.925	S 278402 -0.44 0.18 0.00 0.00 HOLD
6.944	>>> V 0.00 0.00
6.945	S 278422 -0.44 0.18 0.00 0.00 HOLD
6.964	>>> V 0.00 0.00
6.964	S 278442 -0.44 0.26 0.00 0.00 HOLD
6.984	>>> V 0.00 0.00
6.985	S 278462 -0.44 0.18 0.00 0.00 HOLD
7.004	>>> V 0.00 0.00
7.004	S 278482 -0.44 0.26 0.00 0.00 HOLD
7.025	>>> V 0.00 0.00
7.025	S 278502 -0.44 0.18 0.00 0.00 HOLD
7.044	>>> V 0.00 0.00
7.044	S 278522 -0.53 0.18 0.00 0.00 HOLD
7.065	>>> V 0.00 0.00
7.066	S 278542 -0.44 0.18 0.00 0.00 HOLD
7.084	>>> V 0.00 0.00
7.084	S 278562 -0.44 0.18 0.00 0.00 HOLD
7.106	>>> V 0.00 0.00
7.107	S 278582 -0.44 0.18 0.00 0.00 HOLD
7.124	>>> V 0.00 0.00
7.125	S 278602 -0.44 0.18 0.00 0.00 HOLD
7.146	>>> V 0.00 0.00
7.147	S 278622 -0.44 0.18 0.00 0.00 HOLD
7.164	>>> V 0.00 0.00
7.165	S 278642 -0.44 0.18 0.00 0.00 HOLD
7.185	>>> V 0.00 0.00
7.186	S 278662 -0.44 0.18 0.00 0.00 HOLD
7.204	>>> V 0.00 0.00
7.204	S 278682 -0.44 0.18 0.00 0.00 HOLD
7.226	>>> V 0.00 0.00
7.226	S 278702 -0.44 0.18 0.00 0.00 HOLD
7.244	>>> V 0.00 0.00
7.245	S 278722 -0.44 0.18 0.00 0.00 HOLD
7.266	>>> V 0.00 0.00
7.266	S 278742 -0.44 0.18 0.00 0.00 HOLD
7.285	>>> V 0.00 0.00
7.292	S 278762 -0.44 0.18 0.00 0.00 HOLD
7.306	>>> V 0.00 0.00
7.307	S 278782 -0.44 0.18 0.00 0.00 HOLD
7.325	>>> V 0.00 0.00
7.325	S 278802 -0.44 0.18 0.00 0.00 HOLD
7.344	>>> V 0.00 0.00
7.345	S 278822 -0.44 0.18 0.00 0.00 HOLD
7.364	>>> V 0.00 0.00
7.364	S 278842 -0.53 0.26 0.00 0.00 HOLD
7.385	>>> V 0.00 0.00
7.386	S 278862 -0.44 0.18 0.00 0.00 HOLD
7.404	>>> V 0.00 0.00
7.404	S 278882 -0.44 0.18 0.00 0.00 HOLD
7.428	>>> V 0.00 0.00
7.429	S 278902 -0.44 0.18 0.00 0.00 HOLD
7.445	>>> V 0.00 0.00
7.445	S 278922 -0.44 0.18 0.00 0.00 HOLD
7.466	>>> V 0.00 0.00
7.466	S 278942 -0.53 0.18 0.00 0.00 HOLD
7.484	>>> V 0.00 0.00
7.485	S 278962 -0.44 0.18 0.00 0.00 HOLD
7.505	>>> V 0.00 0.00
7.505	S 278982 -0.44 0.18 0.00 0.00 HOLD
7.525	>>> V 0.00 0.00
7.527	S 279002 -0.44 0.18 0.00 0.00 HOLD
7.544	>>> V 0.00 0.00
7.547	S 279022 -0.53 0.18 0.00 0.00 HOLD
7.565	>>> V 0.00 0.00
7.566	S 279042 -0.44 0.18 0.00 0.00 HOLD
7.585	>>> V 0.00 0.00
7.585	S 279062 -0.44 0.26 0.00 0.00 HOLD
7.605	>>> V 0.00 0.00
7.606	S 279082 -0.44 0.18 0.00 0.00 HOLD
7.624	>>> V 0.00 0.00
7.624	S 279102 -0.44 0.18 0.00 0.00 HOLD
7.646	>>> V 0.00 0.00
7.646	S 279122 -0.44 0.18 0.00 0.00 HOLD
7.665	>>> V 0.00 0.00
7.665	S 279142 -0.44 0.18 0.00 0.00 HOLD
7.685	>>> V 0.00 0.00
7.685	S 279162 -0.44 0.18 0.00 0.00 HOLD
7.704	>>> V 0.00 0.00
7.705	S 279182 -0.44 0.18 0.00 0.00 HOLD
7.724	>>> V 0.00 0.00
7.725	S 279202 -0.44 0.18 0.00 0.00 HOLD
7.746	>>> V 0.00 0.00
7.747	S 279222 -0.44 0.18 0.00 0.00 HOLD
7.764	>>> V 0.00 0.00
7.765	S 279242 -0.53 0.18 0.00 0.00 HOLD
7.785	>>> V 0.00 0.00
7.787	S 279262 -0.44 0.26 0.00 0.00 HOLD
7.804	>>> V 0.00 0.00
7.805	S 279282 -0.44 0.18 0.00 0.00 HOLD
7.825	>>> V 0.00 0.00
7.826	S 279302 -0.53 0.18 0.00 0.00 HOLD
7.844	>>> V 0.00 0.00
7.846	S 279322 -0.53 0.18 0.00 0.00 HOLD
7.864	>>> V 0.00 0.00
7.865	S 279342 -0.44 0.18 0.00 0.00 HOLD
7.885	>>> V 0.00 0.00
7.886	S 279362 -0.44 0.18 0.00 0.00 HOLD
7.904	>>> V 0.00 0.00
7.905	S 279382 -0.44 0.18 0.00 0.00 HOLD
7.925	>>> V 0.00 0.00
7.926	S 279402 -0.44 0.26 0.00 0.00 HOLD
7.944	>>> V 0.00 0.00
7.944	S 279422 -0.44 0.18 0.00 0.00 HOLD
7.966	>>> V 0.00 0.00
7.967	S 279442 -0.44 0.18 0.00 0.00 HOLD
7.984	>>> V 0.00 0.00
7.986	S 279462 -0.44 0.18 0.00 0.00 HOLD
8.006	>>> V 0.00 0.00
8.007	S 279482 -0.44 0.18 0.00 0.00 HOLD
8.024	>>> V 0.00 0.00
8.025	S 279502 -0.44 0.26 0.00 0.00 HOLD
8.044	>>> V 0.00 0.00
8.045	S 279522 -0.44 0.18 0.00 0.00 HOLD
8.065	>>> V 0.00 0.00
8.066	S 279542 -0.44 0.18 0.00 0.00 HOLD
8.085	>>> V 0.00 0.00
8.086	S 279562 -0.44 0.18 0.00 0.00 HOLD
8.107	>>> V 0.00 0.00
8.108	S 279582 -0.44 0.18 0.00 0.00 HOLD
8.125	>>> V 0.00 0.00
8.125	S 279602 -0.44 0.18 0.00 0.00 HOLD
8.147	>>> V 0.00 0.00
8.148	S 279622 -0.53 0.18 0.00 0.00 HOLD
8.164	>>> V 0.00 0.00
8.165	S 279642 -0.53 0.18 0.00 0.00 HOLD
8.187	>>> V 0.00 0.00
8.188	S 279662 -0.44 0.26 0.00 0.00 HOLD
8.205	>>> V 0.00 0.00
8.205	S 279682 -0.44 0.18 0.00 0.00 HOLD
8.224	>>> V 0.00 0.00
8.225	S 279702 -0.44 0.18 0.00 0.00 HOLD
8.245	>>> V 0.00 0.00
8.246	S 279722 -0.53 0.18 0.00 0.00 HOLD
8.265	>>> V 0.00 0.00
8.265	S 279742 -0.44 0.18 0.00 0.00 HOLD
8.286	>>> V 0.00 0.00
8.288	S 279762 -0.44 0.18 0.00 0.00 HOLD
8.304	>>> V 0.00 0.00
8.305	S 279782 -0.44 0.18 0.00 0.00 HOLD
8.325	>>> V 0.00 0.00
8.325	S 279802 -0.44 0.18 0.00 0.00 HOLD
8.344	>>> V 0.00 0.00
8.344	S 279822 -0.44 0.18 0.00 0.00 HOLD
8.364	>>> V 0.00 0.00
8.366	S 279842 -0.44 0.18 0.00 0.00 HOLD
8.384	>>> V 0.00 0.00
8.385	S 279862 -0.44 0.18 0.00 0.00 HOLD
8.406	>>> V 0.00 0.00
8.407	S 279882 -0.44 0.18 0.00 0.00 HOLD
8.424	>>> V 0.00 0.00
8.426	S 279902 -0.44 0.18 0.00 0.00 HOLD
8.446	>>> V 0.00 0.00
8.447	S 279922 -0.44 0.18 0.00 0.00 HOLD
8.464	>>> V 0.00 0.00
8.465	S 279942 -0.44 0.18 0.00 0.00 HOLD
8.485	>>> V 0.00 0.00
8.486	S 279962 -0.44 0.18 0.00 0.00 HOLD
8.505	>>> V 0.00 0.00
8.505	S 279982 -0.44 0.18 0.00 0.00 HOLD
8.528	>>> V 0.00 0.00
8.529	S 280002 -0.44 0.18 0.00 0.00 HOLD
8.544	>>> V 0.00 0.00
8.546	S 280022 -0.44 0.18 0.00 0.00 HOLD
8.566	>>> V 0.00 0.00
8.566	S 280042 -0.44 0.18 0.00 0.00 HOLD
8.584	>>> V 0.00 0.00
8.585	S 280062 -0.44 0.18 0.00 0.00 HOLD
8.604	>>> V 0.00 0.00
8.605	S 280082 -0.44 0.18 0.00 0.00 HOLD
8.630	>>> V 0.00 0.00
8.631	S 280102 -0.44 0.18 0.00 0.00 HOLD
8.644	>>> V 0.00 0.00
8.645	S 280122 -0.44 0.18 0.00 0.00 HOLD
8.667	>>> V 0.00 0.00
8.668	S 280142 -0.53 0.18 0.00 0.00 HOLD
8.684	>>> V 0.00 0.00
8.685	S 280162 -0.44 0.18 0.00 0.00 HOLD
8.704	>>> V 0.00 0.00
8.705	S 280182 -0.44 0.18 0.00 0.00 HOLD
8.726	>>> V 0.00 0.00
8.727	S 280202 -0.44 0.18 0.00 0.00 HOLD
8.744	>>> V 0.00 0.00
8.745	S 280222 -0.53 0.18 0.00 0.00 HOLD
8.765	>>> V 0.00 0.00
8.766	S 280242 -0.44 0.18 0.00 0.00 HOLD
8.784	>>> V 0.00 0.00
8.785	S 280262 -0.53 0.18 0.00 0.00 HOLD
8.805	>>> V 0.00 0.00
8.807	S 280282 -0.44 0.18 0.00 0.00 HOLD
8.825	>>> V 0.00 0.00
8.826	S 280302 -0.44 0.18 0.00 0.00 HOLD
8.844	>>> V 0.00 0.00
8.845	S 280322 -0.44 0.18 0.00 0.00 HOLD
8.864	>>> V 0.00 0.00
8.865	S 280342 -0.44 0.18 0.00 0.00 HOLD
8.884	>>> V 0.00 0.00
8.885	S 280362 -0.44 0.18 0.00 0.00 HOLD
8.905	>>> V 0.00 0.00
8.905	S 280382 -0.44 0.18 0.00 0.00 HOLD
8.925	>>> V 0.00 0.00
8.925	S 280402 -0.44 0.18 0.00 0.00 HOLD
8.945	>>> V 0.00 0.00
8.946	S 280422 -0.44 0.18 0.00 0.00 HOLD
8.964	>>> V 0.00 0.00
8.965	S 280442 -0.44 0.18 0.00 0.00 HOLD
8.987	>>> V 0.00 0.00
8.987	S 280462 -0.44 0.18 0.00 0.00 HOLD
9.005	>>> V 0.00 0.00
9.006	S 280482 -0.44 0.26 0.00 0.00 HOLD
9.028	>>> V 0.00 0.00
9.028	S 280502 -0.44 0.18 0.00 0.00 HOLD
9.045	>>> V 0.00 0.00
9.046	S 280522 -0.44 0.18 0.00 0.00 HOLD
9.066	>>> V 0.00 0.00
9.067	S 280542 -0.44 0.18 0.00 0.00 HOLD
9.084	>>> V 0.00 0.00
9.084	S 280562 -0.44 0.18 0.00 0.00 HOLD
9.104	>>> V 0.00 0.00
9.105	S 280582 -0.44 0.26 0.00 0.00 HOLD
9.127	>>> V 0.00 0.00
9.128	S 280602 -0.44 0.26 0.00 0.00 HOLD
9.144	>>> V 0.00 0.00
9.145	S 280622 -0.44 0.18 0.00 0.00 HOLD
9.165	>>> V 0.00 0.00
9.166	S 280642 -0.44 0.18 0.00 0.00 HOLD
9.184	>>> V 0.00 0.00
9.185	S 280662 -0.44 0.18 0.00 0.00 HOLD
9.205	>>> V 0.00 0.00
9.205	S 280682 -0.44 0.18 0.00 0.00 HOLD
9.224	>>> V 0.00 0.00
9.224	S 280702 -0.44 0.18 0.00 0.00 HOLD
9.244	>>> V 0.00 0.00
9.245	S 280722 -0.53 0.18 0.00 0.00 HOLD
9.264	>>> V 0.00 0.00
9.265	S 280742 -0.44 0.18 0.00 0.00 HOLD
9.284	>>> V 0.00 0.00
9.284	S 280762 -0.44 0.18 0.00 0.00 HOLD
9.304	>>> V 0.00 0.00
9.304	S 280782 -0.44 0.18 0.00 0.00 HOLD
9.326	>>> V 0.00 0.00
9.327	S 280802 -0.44 0.18 0.00 0.00 HOLD
9.344	>>> V 0.00 0.00
9.345	S 280822 -0.44 0.26 0.00 0.00 HOLD
9.365	>>> V 0.00 0.00
9.366	S 280842 -0.44 0.18 0.00 0.00 HOLD
9.384	>>> V 0.00 0.00
9.385	S 280862 -0.44 0.18 0.00 0.00 HOLD
9.407	>>> V 0.00 0.00
9.408	S 280882 -0.44 0.18 0.00 0.00 HOLD
9.426	>>> V 0.00 0.00
9.426	S 280902 -0.44 0.18 0.00 0.00 HOLD
9.445	>>> V 0.00 0.00
9.446	S 280922 -0.44 0.18 0.00 0.00 HOLD
9.464	>>> V 0.00 0.00
9.465	S 280942 -0.44 0.18 0.00 0.00 HOLD
9.484	>>> V 0.00 0.00
9.485	S 280962 -0.44 0.18 0.00 0.00 HOLD
9.505	>>> V 0.00 0.00
9.505	S 280982 -0.44 0.18 0.00 0.00 HOLD
9.524	>>> V 0.00 0.00
9.525	S 281002 -0.44 0.18 0.00 0.00 HOLD
9.546	>>> V 0.00 0.00
9.547	S 281022 -0.44 0.18 0.00 0.00 HOLD
9.564	>>> V 0.00 0.00
9.565	S 281042 -0.44 0.18 0.00 0.00 HOLD
9.585	>>> V 0.00 0.00
9.586	S 281062 -0.53 0.18 0.00 0.00 HOLD
9.605	>>> V 0.00 0.00
9.605	S 281082 -0.44 0.18 0.00 0.00 HOLD
9.624	>>> V 0.00 0.00
9.625	S 281102 -0.44 0.18 0.00 0.00 HOLD
9.646	>>> V 0.00 0.00
9.646	S 281122 -0.44 0.18 0.00 0.00 HOLD
9.664	>>> V 0.00 0.00
9.665	S 281142 -0.44 0.18 0.00 0.00 HOLD
9.686	>>> V 0.00 0.00
9.686	S 281162 -0.44 0.18 0.00 0.00 HOLD
9.705	>>> V 0.00 0.00
9.705	S 281182 -0.44 0.18 0.00 0.00 HOLD
9.726	>>> V 0.00 0.00
9.726	S 281202 -0.44 0.18 0.00 0.00 HOLD
9.744	>>> V 0.00 0.00
9.745	S 281222 -0.44 0.18 0.00 0.00 HOLD
9.765	>>> V 0.00 0.00
9.765	S 281242 -0.53 0.26 0.00 0.00 HOLD
9.785	>>> V 0.00 0.00
9.785	S 281262 -0.44 0.18 0.00 0.00 HOLD
9.804	>>> V 0.00 0.00
9.804	S 281282 -0.44 0.18 0.00 0.00 HOLD
9.825	>>> V 0.00 0.00
9.825	S 281302 -0.44 0.18 0.00 0.00 HOLD
9.844	>>> V 0.00 0.00
9.844	S 281322 -0.44 0.18 0.00 0.00 HOLD
9.865	>>> V 0.00 0.00
9.865	S 281342 -0.44 0.18 0.00 0.00 HOLD
9.884	>>> V 0.00 0.00
9.884	S 281362 -0.44 0.18 0.00 0.00 HOLD
9.905	>>> V 0.00 0.00
9.905	S 281382 -0.44 0.18 0.00 0.00 HOLD
9.924	>>> V 0.00 0.00
9.924	S 281402 -0.44 0.26 0.00 0.00 HOLD
9.945	>>> V 0.00 0.00
9.946	S 281422 -0.44 0.18 0.00 0.00 HOLD
9.964	>>> V 0.00 0.00
9.965	S 281442 -0.44 0.18 0.00 0.00 HOLD
9.985	>>> V 0.00 0.00
9.985	S 281462 -0.53 0.18 0.00 0.00 HOLD
10.004	>>> V 0.00 0.00
10.004	S 281482 -0.44 0.18 0.00 0.00 HOLD
10.025	>>> V 0.00 0.00
10.027	S 281502 -0.44 0.18 0.00 0.00 HOLD
10.044	>>> V 0.00 0.00
10.044	S 281522 -0.44 0.18 0.00 0.00 HOLD
10.065	>>> V 0.00 0.00
10.066	S 281542 -0.53 0.18 0.00 0.00 HOLD
10.084	>>> V 0.00 0.00
10.084	S 281562 -0.44 0.18 0.00 0.00 HOLD
10.105	>>> V 0.00 0.00
10.107	S 281582 -0.44 0.26 0.00 0.00 HOLD
10.124	>>> V 0.00 0.00
10.125	S 281602 -0.53 0.18 0.00 0.00 HOLD
10.145	>>> V 0.00 0.00
10.146	S 281622 -0.44 0.18 0.00 0.00 HOLD
10.165	>>> V 0.00 0.00
10.165	S 281642 -0.44 0.18 0.00 0.00 HOLD
10.186	>>> V 0.00 0.00
10.186	S 281662 -0.44 0.18 0.00 0.00 HOLD
10.205	>>> V 0.00 0.00
10.205	S 281682 -0.44 0.18 0.00 0.00 HOLD
10.225	>>> V 0.00 0.00
10.225	S 281702 -0.44 0.18 0.00 0.00 HOLD
10.244	>>> V 0.00 0.00
10.246	S 281722 -0.44 0.18 0.00 0.00 HOLD
10.264	>>> V 0.00 0.00
10.265	S 281742 -0.53 0.18 0.00 0.00 HOLD
10.285	>>> V 0.00 0.00
10.286	S 281762 -0.44 0.18 0.00 0.00 HOLD
10.304	>>> V 0.00 0.00
10.304	S 281782 -0.44 0.18 0.00 0.00 HOLD
10.325	>>> V 0.00 0.00
10.325	S 281802 -0.53 0.18 0.00 0.00 HOLD
10.344	>>> V 0.00 0.00
10.344	S 281822 -0.44 0.18 0.00 0.00 HOLD
10.366	>>> V 0.00 0.00
10.367	S 281842 -0.44 0.18 0.00 0.00 HOLD
10.384	>>> V 0.00 0.00
10.385	S 281862 -0.44 0.18 0.00 0.00 HOLD
10.405	>>> V 0.00 0.00
10.406	S 281882 -0.44 0.18 0.00 0.00 HOLD
10.424	>>> V 0.00 0.00
10.426	S 281903 -0.44 0.18 0.00 0.00 HOLD
10.445	>>> V 0.00 0.00
10.446	S 281923 -0.44 0.26 0.00 0.00 HOLD
10.464	>>> V 0.00 0.00
10.465	S 281943 -0.44 0.18 0.00 0.00 HOLD
10.485	>>> V 0.00 0.00
10.485	S 281963 -0.44 0.18 0.00 0.00 HOLD
10.505	>>> V 0.00 0.00
10.506	S 281983 -0.44 0.18 0.00 0.00 HOLD
10.524	>>> V 0.00 0.00
10.524	S 282003 -0.44 0.18 0.00 0.00 HOLD
10.546	>>> V 0.00 0.00
10.546	S 282023 -0.44 0.18 0.00 0.00 HOLD
10.565	>>> V 0.00 0.00
10.565	S 282043 -0.44 0.18 0.00 0.00 HOLD
10.586	>>> V 0.00 0.00
10.587	S 282063 -0.44 0.18 0.00 0.00 HOLD
10.605	>>> V 0.00 0.00
10.606	S 282083 -0.44 0.18 0.00 0.00 HOLD
10.626	>>> V 0.00 0.00
10.626	S 282103 -0.44 0.18 0.00 0.00 HOLD
10.644	>>> V 0.00 0.00
10.645	S 282123 -0.44 0.26 0.00 0.00 HOLD
10.665	>>> V 0.00 0.00
10.666	S 282143 -0.44 0.18 0.00 0.00 HOLD
10.685	>>> V 0.00 0.00
10.686	S 282163 -0.44 0.18 0.00 0.00 HOLD
10.704	>>> V 0.00 0.00
10.705	S 282183 -0.44 0.18 0.00 0.00 HOLD
10.725	>>> V 0.00 0.00
10.726	S 282203 -0.53 0.18 0.00 0.00 HOLD
10.744	>>> V 0.00 0.00
10.744	S 282223 -0.44 0.18 0.00 0.00 HOLD
10.765	>>> V 0.00 0.00
10.766	S 282243 -0.44 0.18 0.00 0.00 HOLD
10.784	>>> V 0.00 0.00
10.784	S 282263 -0.44 0.18 0.00 0.00 HOLD
10.806	>>> V 0.00 0.00
10.806	S 282283 -0.44 0.26 0.00 0.00 HOLD
10.824	>>> V 0.00 0.00
10.826	S 282303 -0.53 0.18 0.00 0.00 HOLD
10.845	>>> V 0.00 0.00
10.846	S 282323 -0.44 0.18 0.00 0.00 HOLD
10.865	>>> V 0.00 0.00
10.866	S 282343 -0.44 0.18 0.00 0.00 HOLD
10.884	>>> V 0.00 0.00
10.885	S 282363 -0.44 0.18 0.00 0.00 HOLD
10.904	>>> V 0.00 0.00
10.907	S 282383 -0.53 0.18 0.00 0.00 HOLD
10.924	>>> V 0.00 0.00
10.925	S 282403 -0.44 0.18 0.00 0.00 HOLD
10.945	>>> V 0.00 0.00
10.946	S 282423 -0.44 0.26 0.00 0.00 HOLD
10.964	>>> V 0.00 0.00
10.965	S 282443 -0.44 0.18 0.00 0.00 HOLD
10.985	>>> V 0.00 0.00
10.985	S 282463 -0.53 0.18 0.00 0.00 HOLD
11.004	>>> V 0.00 0.00
11.004	S 282483 -0.44 0.18 0.00 0.00 HOLD
11.024	>>> V 0.00 0.00
11.025	S 282503 -0.44 0.18 0.00 0.00 HOLD
11.044	>>> V 0.00 0.00
11.044	S 282523 -0.44 0.18 0.00 0.00 HOLD
11.065	>>> V 0.00 0.00
11.066	S 282543 -0.44 0.18 0.00 0.00 HOLD
11.084	>>> V 0.00 0.00
11.084	S 282563 -0.44 0.18 0.00 0.00 HOLD
11.107	>>> V 0.00 0.00
11.108	S 282583 -0.44 0.18 0.00 0.00 HOLD
11.126	>>> V 0.00 0.00
11.126	S 282603 -0.44 0.26 0.00 0.00 HOLD
11.146	>>> V 0.00 0.00
11.146	S 282623 -0.44 0.18 0.00 0.00 HOLD
11.165	>>> V 0.00 0.00
11.166	S 282643 -0.44 0.18 0.00 0.00 HOLD
11.185	>>> V 0.00 0.00
11.186	S 282663 -0.44 0.18 0.00 0.00 HOLD
11.205	>>> V 0.00 0.00
11.205	S 282683 -0.44 0.18 0.00 0.00 HOLD
11.225	>>> V 0.00 0.00
11.225	S 282703 -0.44 0.18 0.00 0.00 HOLD
11.244	>>> V 0.00 0.00
11.244	S 282723 -0.53 0.18 0.00 0.00 HOLD
11.267	>>> V 0.00 0.00
11.267	S 282743 -0.44 0.26 0.00 0.00 HOLD
11.284	>>> V 0.00 0.00
11.285	S 282763 -0.44 0.18 0.00 0.00 HOLD
11.306	>>> V 0.00 0.00
11.306	S 282783 -0.44 0.18 0.00 0.00 HOLD
11.325	>>> V 0.00 0.00
11.326	S 282803 -0.44 0.18 0.00 0.00 HOLD
11.345	>>> V 0.00 0.00
11.345	S 282823 -0.44 0.18 0.00 0.00 HOLD
11.366	>>> V 0.00 0.00
11.366	S 282843 -0.44 0.18 0.00 0.00 HOLD
11.384	>>> V 0.00 0.00
11.385	S 282863 -0.44 0.18 0.00 0.00 HOLD
11.405	>>> V 0.00 0.00
11.405	S 282883 -0.44 0.26 0.00 0.00 HOLD
11.425	>>> V 0.00 0.00
11.425	S 282903 -0.44 0.18 0.00 0.00 HOLD
11.444	>>> V 0.00 0.00
11.445	S 282923 -0.44 0.18 0.00 0.00 HOLD
11.464	>>> V 0.00 0.00
11.465	S 282943 -0.44 0.18 0.00 0.00 HOLD
11.484	>>> V 0.00 0.00
11.485	S 282963 -0.44 0.18 0.00 0.00 HOLD
11.507	>>> V 0.00 0.00
11.509	S 282983 -0.44 0.18 0.00 0.00 HOLD
11.525	>>> V 0.00 0.00
11.525	S 283003 -0.44 0.18 0.00 0.00 HOLD
11.544	>>> V 0.00 0.00
11.545	S 283023 -0.44 0.26 0.00 0.00 HOLD
11.565	>>> V 0.00 0.00
11.567	S 283043 -0.44 0.18 0.00 0.00 HOLD
11.584	>>> V 0.00 0.00
11.584	S 283063 -0.44 0.18 0.00 0.00 HOLD
11.604	>>> V 0.00 0.00
11.604	S 283083 -0.44 0.18 0.00 0.00 HOLD
11.625	>>> V 0.00 0.00
11.625	S 283103 -0.44 0.26 0.00 0.00 HOLD
11.644	>>> V 0.00 0.00
11.644	S 283123 -0.44 0.26 0.00 0.00 HOLD
11.667	>>> V 0.00 0.00
11.668	S 283143 -0.44 0.18 0.00 0.00 HOLD
11.684	>>> V 0.00 0.00
11.686	S 283163 -0.44 0.18 0.00 0.00 HOLD
11.705	>>> V 0.00 0.00
11.707	S 283183 -0.44 0.18 0.00 0.00 HOLD
11.725	>>> V 0.00 0.00
11.725	S 283203 -0.44 0.18 0.00 0.00 HOLD
11.745	>>> V 0.00 0.00
11.746	S 283223 -0.44 0.18 0.00 0.00 HOLD
11.764	>>> V 0.00 0.00
11.766	S 283243 -0.44 0.18 0.00 0.00 HOLD
11.784	>>> V 0.00 0.00
11.785	S 283263 -0.44 0.18 0.00 0.00 HOLD
11.804	>>> V 0.00 0.00
11.805	S 283283 -0.44 0.18 0.00 0.00 HOLD
11.825	>>> V 0.00 0.00
11.825	S 283303 -0.44 0.18 0.00 0.00 HOLD
11.845	>>> V 0.00 0.00
11.845	S 283323 -0.44 0.26 0.00 0.00 HOLD
11.864	>>> V 0.00 0.00
11.865	S 283343 -0.44 0.18 0.00 0.00 HOLD
11.885	>>> V 0.00 0.00
11.886	S 283363 -0.44 0.18 0.00 0.00 HOLD
11.904	>>> V 0.00 0.00
11.905	S 283383 -0.44 0.18 0.00 0.00 HOLD
11.925	>>> V 0.00 0.00
11.925	S 283403 -0.53 0.18 0.00 0.00 HOLD
11.944	>>> V 0.00 0.00
11.945	S 283423 -0.44 0.18 0.00 0.00 HOLD
11.964	>>> V 0.00 0.00
11.965	S 283443 -0.44 0.18 0.00 0.00 HOLD
11.985	>>> V 0.00 0.00
11.985	S 283463 -0.44 0.18 0.00 0.00 HOLD
12.006	>>> V 0.00 0.00
12.007	S 283483 -0.44 0.18 0.00 0.00 HOLD
12.025	>>> V 0.00 0.00
12.026	S 283503 -0.44 0.18 0.00 0.00 HOLD
12.045	>>> V 0.00 0.00
12.045	S 283523 -0.44 0.18 0.00 0.00 HOLD
12.064	>>> V 0.00 0.00
12.065	S 283543 -0.44 0.26 0.00 0.00 HOLD
12.085	>>> V 0.00 0.00
12.088	S 283563 -0.44 0.18 0.00 0.00 HOLD
12.105	>>> V 0.00 0.00
12.105	S 283583 -0.44 0.26 0.00 0.00 HOLD
12.124	>>> V 0.00 0.00
12.124	S 283603 -0.44 0.18 0.00 0.00 HOLD
12.145	>>> V 0.00 0.00
12.146	S 283623 -0.44 0.18 0.00 0.00 HOLD
12.164	>>> V 0.00 0.00
12.164	S 283643 -0.44 0.26 0.00 0.00 HOLD
12.185	>>> V 0.00 0.00
12.187	S 283663 -0.44 0.18 0.00 0.00 HOLD
12.204	>>> V 0.00 0.00
12.205	S 283683 -0.44 0.18 0.00 0.00 HOLD
12.226	>>> V 0.00 0.00
12.226	S 283703 -0.44 0.18 0.00 0.00 HOLD
12.244	>>> V 0.00 0.00
12.246	S 283723 -0.44 0.18 0.00 0.00 HOLD
12.266	>>> V 0.00 0.00
12.266	S 283743 -0.44 0.26 0.00 0.00 HOLD
12.284	>>> V 0.00 0.00
12.285	S 283763 -0.53 0.18 0.00 0.00 HOLD
12.305	>>> V 0.00 0.00
12.306	S 283783 -0.44 0.18 0.00 0.00 HOLD
12.325	>>> V 0.00 0.00
12.326	S 283803 -0.44 0.18 0.00 0.00 HOLD
12.344	>>> V 0.00 0.00
12.345	S 283823 -0.44 0.18 0.00 0.00 HOLD
12.365	>>> V 0.00 0.00
12.368	S 283843 -0.44 0.18 0.00 0.00 HOLD
12.384	>>> V 0.00 0.00
12.386	S 283863 -0.53 0.18 0.00 0.00 HOLD
12.405	>>> V 0.00 0.00
12.406	S 283883 -0.44 0.18 0.00 0.00 HOLD
12.424	>>> V 0.00 0.00
12.425	S 283903 -0.44 0.18 0.00 0.00 HOLD
12.444	>>> V 0.00 0.00
12.445	S 283923 -0.44 0.18 0.00 0.00 HOLD
12.466	>>> V 0.00 0.00
12.466	S 283943 -0.44 0.18 0.00 0.00 HOLD
12.484	>>> V 0.00 0.00
12.485	S 283963 -0.44 0.18 0.00 0.00 HOLD
12.506	>>> V 0.00 0.00
12.508	S 283983 -0.44 0.18 0.00 0.00 HOLD
12.525	>>> V 0.00 0.00
12.525	S 284003 -0.44 0.18 0.00 0.00 HOLD
12.545	>>> V 0.00 0.00
12.546	S 284023 -0.44 0.26 0.00 0.00 HOLD
12.565	>>> V 0.00 0.00
12.566	S 284043 -0.44 0.18 0.00 0.00 HOLD
12.586	>>> V 0.00 0.00
12.586	S 284063 -0.53 0.18 0.00 0.00 HOLD
12.605	>>> V 0.00 0.00
12.606	S 284083 -0.44 0.18 0.00 0.00 HOLD
12.625	>>> V 0.00 0.00
12.625	S 284103 -0.44 0.18 0.00 0.00 HOLD
12.644	>>> V 0.00 0.00
12.645	S 284123 -0.44 0.18 0.00 0.00 HOLD
12.665	>>> V 0.00 0.00
12.666	S 284143 -0.44 0.18 0.00 0.00 HOLD
12.684	>>> V 0.00 0.00
12.685	S 284163 -0.44 0.18 0.00 0.00 HOLD
12.706	>>> V 0.00 0.00
12.706	S 284183 -0.44 0.18 0.00 0.00 HOLD
12.724	>>> V 0.00 0.00
12.725	S 284203 -0.44 0.26 0.00 0.00 HOLD
12.745	>>> V 0.00 0.00
12.746	S 284223 -0.44 0.18 0.00 0.00 HOLD
12.765	>>> V 0.00 0.00
12.767	S 284243 -0.44 0.26 0.00 0.00 HOLD
12.784	>>> V 0.00 0.00
12.784	S 284263 -0.44 0.18 0.00 0.00 HOLD
12.806	>>> V 0.00 0.00
12.806	S 284283 -0.44 0.18 0.00 0.00 HOLD
12.824	>>> V 0.00 0.00
12.825	S 284303 -0.44 0.18 0.00 0.00 HOLD
12.847	>>> V 0.00 0.00
12.847	S 284323 -0.53 0.18 0.00 0.00 HOLD
12.865	>>> V 0.00 0.00
12.865	S 284343 -0.44 0.18 0.00 0.00 HOLD
12.885	>>> V 0.00 0.00
12.885	S 284363 -0.44 0.18 0.00 0.00 HOLD
12.904	>>> V 0.00 0.00
12.905	S 284383 -0.44 0.18 0.00 0.00 HOLD
12.925	>>> V 0.00 0.00
12.925	S 284403 -0.44 0.18 0.00 0.00 HOLD
12.944	>>> V 0.00 0.00
12.944	S 284423 -0.44 0.18 0.00 0.00 HOLD
12.966	>>> V 0.00 0.00
12.967	S 284443 -0.44 0.18 0.00 0.00 HOLD
12.985	>>> V 0.00 0.00
12.985	S 284463 -0.44 0.18 0.00 0.00 HOLD
13.005	>>> V 0.00 0.00
13.006	S 284483 -0.44 0.18 0.00 0.00 HOLD
13.025	>>> V 0.00 0.00
13.025	S 284503 -0.44 0.18 0.00 0.00 HOLD
13.044	>>> V 0.00 0.00
13.045	S 284523 -0.44 0.18 0.00 0.00 HOLD
13.065	>>> V 0.00 0.00
13.068	S 284543 -0.53 0.18 0.00 0.00 HOLD
13.085	>>> V 0.00 0.00
13.086	S 284563 -0.44 0.18 0.00 0.00 HOLD
13.105	>>> V 0.00 0.00
13.105	S 284583 -0.44 0.18 0.00 0.00 HOLD
13.124	>>> V 0.00 0.00
13.126	S 284603 -0.53 0.18 0.00 0.00 HOLD
13.144	>>> V 0.00 0.00
13.145	S 284623 -0.44 0.18 0.00 0.00 HOLD
13.166	>>> V 0.00 0.00
13.166	S 284643 -0.44 0.18 0.00 0.00 HOLD
13.185	>>> V 0.00 0.00
13.185	S 284663 -0.44 0.18 0.00 0.00 HOLD
13.205	>>> V 0.00 0.00
13.205	S 284683 -0.53 0.18 0.00 0.00 HOLD
13.225	>>> V 0.00 0.00
13.226	S 284703 -0.44 0.18 0.00 0.00 HOLD
13.244	>>> V 0.00 0.00
13.246	S 284723 -0.44 0.18 0.00 0.00 HOLD
13.264	>>> V 0.00 0.00
13.265	S 284743 -0.44 0.18 0.00 0.00 HOLD
13.284	>>> V 0.00 0.00
13.285	S 284763 -0.44 0.18 0.00 0.00 HOLD
13.304	>>> V 0.00 0.00
13.305	S 284783 -0.44 0.18 0.00 0.00 HOLD
13.325	>>> V 0.00 0.00
13.325	S 284803 -0.44 0.18 0.00 0.00 HOLD
13.344	>>> V 0.00 0.00
13.344	S 284823 -0.53 0.18 0.00 0.00 HOLD
13.365	>>> V 0.00 0.00
13.365	S 284843 -0.44 0.18 0.00 0.00 HOLD
13.384	>>> V 0.00 0.00
13.385	S 284863 -0.44 0.18 0.00 0.00 HOLD
13.405	>>> V 0.00 0.00
13.405	S 284883 -0.44 0.18 0.00 0.00 HOLD
13.424	>>> V 0.00 0.00
13.426	S 284903 -0.53 0.18 0.00 0.00 HOLD
13.444	>>> V 0.00 0.00
13.444	S 284923 -0.44 0.18 0.00 0.00 HOLD
13.465	>>> V 0.00 0.00
13.466	S 284943 -0.44 0.18 0.00 0.00 HOLD
13.484	>>> V 0.00 0.00
13.484	S 284963 -0.44 0.18 0.00 0.00 HOLD
13.505	>>> V 0.00 0.00
13.507	S 284983 -0.53 0.18 0.00 0.00 HOLD
13.524	>>> V 0.00 0.00
13.525	S 285003 -0.44 0.18 0.00 0.00 HOLD
13.545	>>> V 0.00 0.00
13.547	S 285023 -0.44 0.18 0.00 0.00 HOLD
13.565	>>> V 0.00 0.00
13.566	S 285043 -0.44 0.18 0.00 0.00 HOLD
13.585	>>> V 0.00 0.00
13.585	S 285063 -0.44 0.18 0.00 0.00 HOLD
13.605	>>> V 0.00 0.00
13.605	S 285083 -0.53 0.18 0.00 0.00 HOLD
13.624	>>> V 0.00 0.00
13.627	S 285103 -0.53 0.18 0.00 0.00 HOLD
13.644	>>> V 0.00 0.00
13.645	S 285123 -0.44 0.18 0.00 0.00 HOLD
13.664	>>> V 0.00 0.00
13.665	S 285143 -0.53 0.18 0.00 0.00 HOLD
13.684	>>> V 0.00 0.00
13.685	S 285163 -0.44 0.18 0.00 0.00 HOLD
13.706	>>> V 0.00 0.00
13.706	S 285183 -0.44 0.18 0.00 0.00 HOLD
13.724	>>> V 0.00 0.00
13.725	S 285203 -0.44 0.18 0.00 0.00 HOLD
13.746	>>> V 0.00 0.00
13.746	S 285223 -0.44 0.18 0.00 0.00 HOLD
13.764	>>> V 0.00 0.00
13.765	S 285243 -0.44 0.18 0.00 0.00 HOLD
13.785	>>> V 0.00 0.00
13.786	S 285263 -0.44 0.18 0.00 0.00 HOLD
13.805	>>> V 0.00 0.00
13.805	S 285283 -0.44 0.18 0.00 0.00 HOLD
13.824	>>> V 0.00 0.00
13.825	S 285303 -0.44 0.18 0.00 0.00 HOLD
13.844	>>> V 0.00 0.00
13.845	S 285323 -0.44 0.18 0.00 0.00 HOLD
13.864	>>> V 0.00 0.00
13.865	S 285343 -0.53 0.18 0.00 0.00 HOLD
13.884	>>> V 0.00 0.00
13.885	S 285363 -0.44 0.18 0.00 0.00 HOLD
13.904	>>> V 0.00 0.00
13.904	S 285383 -0.53 0.18 0.00 0.00 HOLD
13.927	>>> V 0.00 0.00
13.927	S 285403 -0.44 0.18 0.00 0.00 HOLD
13.944	>>> V 0.00 0.00
13.946	S 285423 -0.44 0.18 0.00 0.00 HOLD
13.966	>>> V 0.00 0.00
13.967	S 285443 -0.44 0.18 0.00 0.00 HOLD
13.984	>>> V 0.00 0.00
13.985	S 285463 -0.44 0.18 0.00 0.00 HOLD
14.004	>>> V 0.00 0.00
14.005	S 285483 -0.44 0.26 0.00 0.00 HOLD
14.024	>>> V 0.00 0.00
14.026	S 285503 -0.44 0.26 0.00 0.00 HOLD
14.044	>>> V 0.00 0.00
14.045	S 285523 -0.44 0.18 0.00 0.00 HOLD
14.072	>>> V 0.00 0.00
14.073	S 285543 -0.44 0.18 0.00 0.00 HOLD
14.084	>>> V 0.00 0.00
14.086	S 285563 -0.44 0.18 0.00 0.00 HOLD
14.106	>>> V 0.00 0.00
14.107	S 285583 -0.44 0.18 0.00 0.00 HOLD
14.124	>>> V 0.00 0.00
14.125	S 285603 -0.44 0.18 0.00 0.00 HOLD
14.144	>>> V 0.00 0.00
14.145	S 285623 -0.44 0.18 0.00 0.00 HOLD
14.167	>>> V 0.00 0.00
14.169	S 285643 -0.44 0.18 0.00 0.00 HOLD
14.184	>>> V 0.00 0.00
14.185	S 285663 -0.44 0.18 0.00 0.00 HOLD
14.207	>>> V 0.00 0.00
14.207	S 285683 -0.44 0.18 0.00 0.00 HOLD
14.225	>>> V 0.00 0.00
14.225	S 285703 -0.44 0.26 0.00 0.00 HOLD
14.246	>>> V 0.00 0.00
14.247	S 285723 -0.44 0.18 0.00 0.00 HOLD
14.265	>>> V 0.00 0.00
14.266	S 285743 -0.44 0.18 0.00 0.00 HOLD
14.286	>>> V 0.00 0.00
14.287	S 285763 -0.44 0.18 0.00 0.00 HOLD
14.305	>>> V 0.00 0.00
14.305	S 285783 -0.44 0.18 0.00 0.00 HOLD
14.325	>>> V 0.00 0.00
14.325	S 285803 -0.44 0.18 0.00 0.00 HOLD
14.344	>>> V 0.00 0.00
14.345	S 285823 -0.44 0.18 0.00 0.00 HOLD
14.366	>>> V 0.00 0.00
14.367	S 285843 -0.44 0.18 0.00 0.00 HOLD
14.384	>>> V 0.00 0.00
14.385	S 285863 -0.44 0.18 0.00 0.00 HOLD
14.406	>>> V 0.00 0.00
14.407	S 285883 -0.44 0.18 0.00 0.00 HOLD
14.424	>>> V 0.00 0.00
14.425	S 285903 -0.44 0.18 0.00 0.00 HOLD
14.444	>>> V 0.00 0.00
14.445	S 285923 -0.44 0.18 0.00 0.00 HOLD
14.465	>>> V 0.00 0.00
14.465	S 285943 -0.44 0.18 0.00 0.00 HOLD
14.484	>>> V 0.00 0.00
14.484	S 285963 -0.44 0.26 0.00 0.00 HOLD
14.506	>>> V 0.00 0.00
14.507	S 285983 -0.44 0.26 0.00 0.00 HOLD
14.525	>>> V 0.00 0.00
14.526	S 286003 -0.44 0.26 0.00 0.00 HOLD
14.544	>>> V 0.00 0.00
14.545	S 286023 -0.44 0.18 0.00 0.00 HOLD
14.566	>>> V 0.00 0.00
14.567	S 286043 -0.44 0.18 0.00 0.00 HOLD
14.584	>>> V 0.00 0.00
14.585	S 286063 -0.44 0.18 0.00 0.00 HOLD
14.606	>>> V 0.00 0.00
14.606	S 286083 -0.44 0.18 0.00 0.00 HOLD
14.625	>>> V 0.00 0.00
14.626	S 286103 -0.44 0.18 0.00 0.00 HOLD
14.645	>>> V 0.00 0.00
14.645	S 286123 -0.44 0.18 0.00 0.00 HOLD
14.665	>>> V 0.00 0.00
14.669	S 286143 -0.44 0.18 0.00 0.00 HOLD
14.684	>>> V 0.00 0.00
14.685	S 286163 -0.44 0.18 0.00 0.00 HOLD
14.705	>>> V 0.00 0.00
14.707	S 286183 -0.44 0.18 0.00 0.00 HOLD
14.724	>>> V 0.00 0.00
14.724	S 286203 -0.44 0.18 0.00 0.00 HOLD
14.744	>>> V 0.00 0.00
14.746	S 286223 -0.44 0.18 0.00 0.00 HOLD
14.765	>>> V 0.00 0.00
14.765	S 286243 -0.44 0.18 0.00 0.00 HOLD
14.786	>>> V 0.00 0.00
14.786	S 286263 -0.44 0.18 0.00 0.00 HOLD
14.805	>>> V 0.00 0.00
14.806	S 286283 -0.44 0.18 0.00 0.00 HOLD
14.824	>>> V 0.00 0.00
14.825	S 286303 -0.53 0.26 0.00 0.00 HOLD
14.846	>>> V 0.00 0.00
14.848	S 286323 -0.44 0.26 0.00 0.00 HOLD
14.864	>>> V 0.00 0.00
14.865	S 286343 -0.44 0.18 0.00 0.00 HOLD
14.886	>>> V 0.00 0.00
14.887	S 286363 -0.44 0.18 0.00 0.00 HOLD
14.905	>>> V 0.00 0.00
14.905	S 286383 -0.44 0.18 0.00 0.00 HOLD
14.925	>>> V 0.00 0.00
14.925	S 286403 -0.44 0.18 0.00 0.00 HOLD
14.945	>>> V 0.00 0.00
14.945	S 286423 -0.44 0.18 0.00 0.00 HOLD
14.967	>>> V 0.00 0.00
14.968	S 286443 -0.44 0.18 0.00 0.00 HOLD
14.986	>>> V 0.00 0.00
14.987	S 286463 -0.44 0.18 0.00 0.00 HOLD
15.005	>>> V 0.00 0.00
15.006	S 286483 -0.44 0.18 0.00 0.00 HOLD
15.025	>>> V 0.00 0.00
15.025	S 286503 -0.44 0.18 0.00 0.00 HOLD
15.045	>>> V 0.00 0.00
15.046	S 286523 -0.44 0.18 0.00 0.00 HOLD
15.064	>>> V 0.00 0.00
15.066	S 286543 -0.44 0.18 0.00 0.00 HOLD
15.086	>>> V 0.00 0.00
15.088	S 286563 -0.44 0.18 0.00 0.00 HOLD
15.105	>>> V 0.00 0.00
15.106	S 286583 -0.44 0.18 0.00 0.00 HOLD
15.125	>>> V 0.00 0.00
15.126	S 286603 -0.44 0.18 0.00 0.00 HOLD
15.145	>>> V 0.00 0.00
15.146	S 286623 -0.44 0.18 0.00 0.00 HOLD
15.164	>>> V 0.00 0.00
15.166	S 286643 -0.53 0.18 0.00 0.00 HOLD
15.186	>>> V 0.00 0.00
15.187	S 286663 -0.53 0.18 0.00 0.00 HOLD
15.206	>>> V 0.00 0.00
15.206	S 286683 -0.44 0.18 0.00 0.00 HOLD
15.225	>>> V 0.00 0.00
15.225	S 286703 -0.44 0.18 0.00 0.00 HOLD
15.245	>>> V 0.00 0.00
15.245	S 286723 -0.44 0.18 0.00 0.00 HOLD
15.265	>>> V 0.00 0.00
15.265	S 286743 -0.44 0.18 0.00 0.00 HOLD
15.287	>>> V 0.00 0.00
15.288	S 286763 -0.53 0.26 0.00 0.00 HOLD
15.305	>>> V 0.00 0.00
15.306	S 286783 -0.44 0.26 0.00 0.00 HOLD
15.326	>>> V 0.00 0.00
15.327	S 286803 -0.44 0.18 0.00 0.00 HOLD
15.344	>>> V 0.00 0.00
15.346	S 286823 -0.44 0.18 0.00 0.00 HOLD
15.365	>>> V 0.00 0.00
15.366	S 286843 -0.53 0.18 0.00 0.00 HOLD
15.386	>>> V 0.00 0.00
15.387	S 286863 -0.44 0.18 0.00 0.00 HOLD
15.404	>>> V 0.00 0.00
15.405	S 286883 -0.44 0.18 0.00 0.00 HOLD
15.425	>>> V 0.00 0.00
15.427	S 286903 -0.53 0.26 0.00 0.00 HOLD
15.444	>>> V 0.00 0.00
15.445	S 286923 -0.44 0.18 0.00 0.00 HOLD
15.465	>>> V 0.00 0.00
15.466	S 286943 -0.44 0.18 0.00 0.00 HOLD
15.487	>>> V 0.00 0.00
15.489	S 286963 -0.44 0.26 0.00 0.00 HOLD
15.504	>>> V 0.00 0.00
15.506	S 286983 -0.44 0.18 0.00 0.00 HOLD
15.525	>>> V 0.00 0.00
15.525	S 287003 -0.44 0.18 0.00 0.00 HOLD
15.544	>>> V 0.00 0.00
15.546	S 287023 -0.44 0.18 0.00 0.00 HOLD
15.564	>>> V 0.00 0.00
15.565	S 287043 -0.44 0.18 0.00 0.00 HOLD
15.584	>>> V 0.00 0.00
15.585	S 287063 -0.44 0.18 0.00 0.00 HOLD
15.604	>>> V 0.00 0.00
15.605	S 287083 -0.44 0.18 0.00 0.00 HOLD
15.625	>>> V 0.00 0.00
15.625	S 287103 -0.44 0.18 0.00 0.00 HOLD
15.644	>>> V 0.00 0.00
15.645	S 287123 -0.44 0.18 0.00 0.00 HOLD
15.664	>>> V 0.00 0.00
15.665	S 287143 -0.44 0.26 0.00 0.00 HOLD
15.684	>>> V 0.00 0.00
15.685	S 287163 -0.44 0.18 0.00 0.00 HOLD
15.705	>>> V 0.00 0.00
15.705	S 287183 -0.44 0.18 0.00 0.00 HOLD
15.724	>>> V 0.00 0.00
15.724	S 287203 -0.44 0.18 0.00 0.00 HOLD
15.745	>>> V 0.00 0.00
15.746	S 287223 -0.44 0.18 0.00 0.00 HOLD
15.764	>>> V 0.00 0.00
15.764	S 287243 -0.44 0.18 0.00 0.00 HOLD
15.785	>>> V 0.00 0.00
15.787	S 287263 -0.53 0.18 0.00 0.00 HOLD
15.804	>>> V 0.00 0.00
15.805	S 287283 -0.44 0.18 0.00 0.00 HOLD
15.825	>>> V 0.00 0.00
15.826	S 287303 -0.53 0.18 0.00 0.00 HOLD
15.845	>>> V 0.00 0.00
15.846	S 287323 -0.44 0.18 0.00 0.00 HOLD
15.865	>>> V 0.00 0.00
15.866	S 287343 -0.53 0.18 0.00 0.00 HOLD
15.890	>>> V 0.00 0.00
15.893	S 287363 -0.44 0.18 0.00 0.00 HOLD
15.905	>>> V 0.00 0.00
15.907	S 287383 -0.44 0.18 0.00 0.00 HOLD
15.925	>>> V 0.00 0.00
15.925	S 287403 -0.44 0.18 0.00 0.00 HOLD
15.944	>>> V 0.00 0.00
15.945	S 287423 -0.44 0.18 0.00 0.00 HOLD
15.965	>>> V 0.00 0.00
15.965	S 287443 -0.53 0.18 0.00 0.00 HOLD
15.984	>>> V 0.00 0.00
15.984	S 287463 -0.53 0.18 0.00 0.00 HOLD
16.005	>>> V 0.00 0.00
16.005	S 287483 -0.44 0.18 0.00 0.00 HOLD
16.024	>>> V 0.00 0.00
16.024	S 287503 -0.44 0.18 0.00 0.00 HOLD
16.046	>>> V 0.00 0.00
16.046	S 287523 -0.44 0.18 0.00 0.00 HOLD
16.064	>>> V 0.00 0.00
16.065	S 287543 -0.44 0.18 0.00 0.00 HOLD
16.086	>>> V 0.00 0.00
16.088	S 287563 -0.44 0.18 0.00 0.00 HOLD
16.105	>>> V 0.00 0.00
16.105	S 287583 -0.53 0.18 0.00 0.00 HOLD
16.125	>>> V 0.00 0.00
16.126	S 287603 -0.44 0.18 0.00 0.00 HOLD
16.145	>>> V 0.00 0.00
16.145	S 287623 -0.44 0.18 0.00 0.00 HOLD
16.165	>>> V 0.00 0.00
16.165	S 287643 -0.44 0.18 0.00 0.00 HOLD
16.184	>>> V 0.00 0.00
16.186	S 287663 -0.44 0.18 0.00 0.00 HOLD
16.204	>>> V 0.00 0.00
16.206	S 287683 -0.44 0.18 0.00 0.00 HOLD
16.225	>>> V 0.00 0.00
16.226	S 287703 -0.44 0.18 0.00 0.00 HOLD
16.248	>>> V 0.00 0.00
16.250	S 287723 -0.44 0.18 0.00 0.00 HOLD
16.265	>>> V 0.00 0.00
16.265	S 287743 -0.44 0.18 0.00 0.00 HOLD
16.284	>>> V 0.00 0.00
16.284	S 287763 -0.44 0.26 0.00 0.00 HOLD
16.305	>>> V 0.00 0.00
16.309	S 287783 -0.44 0.26 0.00 0.00 HOLD
16.324	>>> V 0.00 0.00
16.324	S 287803 -0.44 0.18 0.00 0.00 HOLD
16.348	>>> V 0.00 0.00
16.348	S 287823 -0.53 0.18 0.00 0.00 HOLD
16.365	>>> V 0.00 0.00
16.365	S 287843 -0.44 0.18 0.00 0.00 HOLD
16.385	>>> V 0.00 0.00
16.385	S 287863 -0.44 0.26 0.00 0.00 HOLD
16.405	>>> V 0.00 0.00
16.408	S 287883 -0.44 0.18 0.00 0.00 HOLD
16.427	>>> V 0.00 0.00
16.427	S 287903 -0.44 0.18 0.00 0.00 HOLD
16.445	>>> V 0.00 0.00
16.446	S 287923 -0.44 0.18 0.00 0.00 HOLD
16.466	>>> V 0.00 0.00
16.468	S 287943 -0.44 0.18 0.00 0.00 HOLD
16.485	>>> V 0.00 0.00
16.486	S 287963 -0.44 0.18 0.00 0.00 HOLD
16.505	>>> V 0.00 0.00
16.505	S 287983 -0.44 0.18 0.00 0.00 HOLD
16.524	>>> V 0.00 0.00
16.526	S 288003 -0.44 0.18 0.00 0.00 HOLD
16.547	>>> V 0.00 0.00
16.547	S 288023 -0.44 0.18 0.00 0.00 HOLD
16.565	>>> V 0.00 0.00
16.568	S 288043 -0.53 0.18 0.00 0.00 HOLD
16.587	>>> V 0.00 0.00
16.589	S 288063 -0.44 0.18 0.00 0.00 HOLD
16.605	>>> V 0.00 0.00
16.607	S 288083 -0.53 0.26 0.00 0.00 HOLD
16.626	>>> V 0.00 0.00
16.627	S 288103 -0.44 0.18 0.00 0.00 HOLD
16.647	>>> V 0.00 0.00
16.650	S 288123 -0.44 0.18 0.00 0.00 HOLD
16.668	>>> V 0.00 0.00
16.669	S 288143 -0.44 0.18 0.00 0.00 HOLD
16.688	>>> V 0.00 0.00
16.688	S 288163 -0.44 0.18 0.00 0.00 HOLD
16.706	>>> V 0.00 0.00
16.709	S 288183 -0.44 0.18 0.00 0.00 HOLD
16.729	>>> V 0.00 0.00
16.730	S 288203 -0.44 0.18 0.00 0.00 HOLD
16.749	>>> V 0.00 0.00
16.752	S 288223 -0.44 0.18 0.00 0.00 HOLD
16.766	>>> V 0.00 0.00
16.766	S 288243 -0.44 0.18 0.00 0.00 HOLD
16.792	>>> V 0.00 0.00
16.794	S 288263 -0.44 0.26 0.00 0.00 HOLD
16.811	>>> V 0.00 0.00
16.813	S 288283 -0.44 0.18 0.00 0.00 HOLD
16.826	>>> V 0.00 0.00
16.828	S 288303 -0.53 0.18 0.00 0.00 HOLD
16.844	>>> V 0.00 0.00
16.845	S 288323 -0.44 0.26 0.00 0.00 HOLD
16.864	>>> V 0.00 0.00
16.865	S 288343 -0.44 0.18 0.00 0.00 HOLD
16.887	>>> V 0.00 0.00
16.888	S 288363 -0.44 0.26 0.00 0.00 HOLD
16.908	>>> V 0.00 0.00
16.908	S 288383 -0.44 0.18 0.00 0.00 HOLD
16.926	>>> V 0.00 0.00
16.927	S 288403 -0.53 0.18 0.00 0.00 HOLD
16.945	>>> V 0.00 0.00
16.947	S 288423 -0.44 0.18 0.00 0.00 HOLD
16.965	>>> V 0.00 0.00
16.966	S 288443 -0.44 0.18 0.00 0.00 HOLD
16.985	>>> V 0.00 0.00
16.986	S 288463 -0.44 0.18 0.00 0.00 HOLD
17.005	>>> V 0.00 0.00
17.006	S 288483 -0.44 0.18 0.00 0.00 HOLD
17.024	>>> V 0.00 0.00
17.025	S 288503 -0.44 0.18 0.00 0.00 HOLD
17.048	>>> V 0.00 0.00
17.052	S 288523 -0.44 0.18 0.00 0.00 HOLD
17.068	>>> V 0.00 0.00
17.071	S 288543 -0.44 0.18 0.00 0.00 HOLD
17.087	>>> V 0.00 0.00
17.087	S 288563 -0.44 0.26 0.00 0.00 HOLD
17.105	>>> V 0.00 0.00
17.106	S 288583 -0.44 0.18 0.00 0.00 HOLD
17.125	>>> V 0.00 0.00
17.126	S 288603 -0.44 0.18 0.00 0.00 HOLD
17.145	>>> V 0.00 0.00
17.146	S 288623 -0.44 0.18 0.00 0.00 HOLD
17.171	>>> V 0.00 0.00
17.174	S 288643 -0.44 0.18 0.00 0.00 HOLD
17.188	>>> V 0.00 0.00
17.191	S 288663 -0.53 0.18 0.00 0.00 HOLD
17.207	>>> V 0.00 0.00
17.210	S 288683 -0.44 0.18 0.00 0.00 HOLD
17.227	>>> V 0.00 0.00
17.228	S 288703 -0.44 0.18 0.00 0.00 HOLD
17.246	>>> V 0.00 0.00
17.249	S 288723 -0.44 0.18 0.00 0.00 HOLD
17.269	>>> V 0.00 0.00
17.271	S 288743 -0.53 0.26 0.00 0.00 HOLD
17.286	>>> V 0.00 0.00
17.287	S 288763 -0.44 0.18 0.00 0.00 HOLD
17.309	>>> V 0.00 0.00
17.309	S 288783 -0.44 0.18 0.00 0.00 HOLD
17.325	>>> V 0.00 0.00
17.328	S 288803 -0.44 0.18 0.00 0.00 HOLD
17.348	>>> V 0.00 0.00
17.350	S 288823 -0.44 0.26 0.00 0.00 HOLD
17.365	>>> V 0.00 0.00
17.371	S 288843 -0.44 0.18 0.00 0.00 HOLD
17.386	>>> V 0.00 0.00
17.389	S 288863 -0.44 0.18 0.00 0.00 HOLD
17.405	>>> V 0.00 0.00
17.406	S 288883 -0.44 0.18 0.00 0.00 HOLD
17.425	>>> V 0.00 0.00
17.426	S 288903 -0.44 0.26 0.00 0.00 HOLD
17.446	>>> V 0.00 0.00
17.446	S 288923 -0.44 0.18 0.00 0.00 HOLD
17.468	>>> V 0.00 0.00
17.468	S 288943 -0.44 0.18 0.00 0.00 HOLD
17.487	>>> V 0.00 0.00
17.488	S 288963 -0.44 0.18 0.00 0.00 HOLD
17.506	>>> V 0.00 0.00
17.507	S 288983 -0.44 0.18 0.00 0.00 HOLD
17.531	>>> V 0.00 0.00
17.534	S 289003 -0.44 0.18 0.00 0.00 HOLD
17.544	>>> V 0.00 0.00
17.545	S 289023 -0.44 0.18 0.00 0.00 HOLD
17.566	>>> V 0.00 0.00
17.566	S 289043 -0.44 0.18 0.00 0.00 HOLD
17.584	>>> V 0.00 0.00
17.585	S 289063 -0.44 0.26 0.00 0.00 HOLD
17.606	>>> V 0.00 0.00
17.607	S 289083 -0.44 0.26 0.00 0.00 HOLD
17.626	>>> V 0.00 0.00
17.627	S 289103 -0.44 0.18 0.00 0.00 HOLD
17.645	>>> V 0.00 0.00
17.645	S 289123 -0.53 0.18 0.00 0.00 HOLD
17.666	>>> V 0.00 0.00
17.667	S 289143 -0.44 0.18 0.00 0.00 HOLD
17.686	>>> V 0.00 0.00
17.691	S 289163 -0.44 0.26 0.00 0.00 HOLD
17.709	>>> V 0.00 0.00
17.710	S 289183 -0.44 0.18 0.00 0.00 HOLD
17.727	>>> V 0.00 0.00
17.727	S 289203 -0.44 0.18 0.00 0.00 HOLD
17.745	>>> V 0.00 0.00
17.747	S 289223 -0.44 0.18 0.00 0.00 HOLD
17.766	>>> V 0.00 0.00
17.769	S 289243 -0.53 0.18 0.00 0.00 HOLD
17.786	>>> V 0.00 0.00
17.789	S 289263 -0.44 0.18 0.00 0.00 HOLD
17.805	>>> V 0.00 0.00
17.807	S 289284 -0.44 0.18 0.00 0.00 HOLD
17.824	>>> V 0.00 0.00
17.824	S 289304 -0.44 0.18 0.00 0.00 HOLD
17.846	>>> V 0.00 0.00
17.847	S 289324 -0.44 0.18 0.00 0.00 HOLD
17.865	>>> V 0.00 0.00
17.865	S 289344 -0.44 0.26 0.00 0.00 HOLD
17.885	>>> V 0.00 0.00
17.886	S 289364 -0.44 0.18 0.00 0.00 HOLD
17.905	>>> V 0.00 0.00
17.907	S 289384 -0.44 0.18 0.00 0.00 HOLD
17.926	>>> V 0.00 0.00
17.926	S 289404 -0.44 0.18 0.00 0.00 HOLD
17.945	>>> V 0.00 0.00
17.946	S 289424 -0.44 0.26 0.00 0.00 HOLD
17.965	>>> V 0.00 0.00
17.965	S 289444 -0.44 0.18 0.00 0.00 HOLD
17.984	>>> V 0.00 0.00
17.986	S 289464 -0.44 0.18 0.00 0.00 HOLD
18.005	>>> V 0.00 0.00
18.006	S 289484 -0.53 0.18 0.00 0.00 HOLD
18.028	>>> V 0.00 0.00
18.028	S 289504 -0.44 0.18 0.00 0.00 HOLD
18.045	>>> V 0.00 0.00
18.045	S 289524 -0.44 0.18 0.00 0.00 HOLD
18.066	>>> V 0.00 0.00
18.066	S 289544 -0.44 0.18 0.00 0.00 HOLD
18.085	>>> V 0.00 0.00
18.085	S 289564 -0.44 0.18 0.00 0.00 HOLD
18.105	>>> V 0.00 0.00
18.105	S 289584 -0.44 0.18 0.00 0.00 HOLD
18.125	>>> V 0.00 0.00
18.127	S 289604 -0.44 0.18 0.00 0.00 HOLD
18.144	>>> V 0.00 0.00
18.145	S 289624 -0.44 0.18 0.00 0.00 HOLD
18.167	>>> V 0.00 0.00
18.169	S 289644 -0.44 0.18 0.00 0.00 HOLD
18.186	>>> V 0.00 0.00
18.186	S 289664 -0.53 0.18 0.00 0.00 HOLD
18.206	>>> V 0.00 0.00
18.206	S 289684 -0.44 0.18 0.00 0.00 HOLD
18.226	>>> V 0.00 0.00
18.226	S 289704 -0.44 0.18 0.00 0.00 HOLD
18.244	>>> V 0.00 0.00
18.245	S 289724 -0.44 0.18 0.00 0.00 HOLD
18.266	>>> V 0.00 0.00
18.267	S 289744 -0.44 0.18 0.00 0.00 HOLD
18.285	>>> V 0.00 0.00
18.285	S 289764 -0.44 0.18 0.00 0.00 HOLD
18.304	>>> V 0.00 0.00
18.305	S 289784 -0.44 0.18 0.00 0.00 HOLD
18.324	>>> V 0.00 0.00
18.325	S 289804 -0.44 0.18 0.00 0.00 HOLD
18.344	>>> V 0.00 0.00
18.345	S 289824 -0.44 0.18 0.00 0.00 HOLD
18.367	>>> V 0.00 0.00
18.367	S 289844 -0.44 0.18 0.00 0.00 HOLD
18.384	>>> V 0.00 0.00
18.385	S 289864 -0.44 0.18 0.00 0.00 HOLD
18.405	>>> V 0.00 0.00
18.406	S 289884 -0.53 0.18 0.00 0.00 HOLD
18.424	>>> V 0.00 0.00
18.426	S 289904 -0.44 0.18 0.00 0.00 HOLD
18.444	>>> V 0.00 0.00
18.445	S 289924 -0.44 0.18 0.00 0.00 HOLD
18.465	>>> V 0.00 0.00
18.466	S 289944 -0.44 0.18 0.00 0.00 HOLD
18.484	>>> V 0.00 0.00
18.485	S 289964 -0.44 0.18 0.00 0.00 HOLD
18.507	>>> V 0.00 0.00
18.507	S 289984 -0.44 0.18 0.00 0.00 HOLD
18.524	>>> V 0.00 0.00
18.526	S 290004 -0.53 0.18 0.00 0.00 HOLD
18.545	>>> V 0.00 0.00
18.546	S 290024 -0.44 0.18 0.00 0.00 HOLD
18.565	>>> V 0.00 0.00
18.566	S 290044 -0.44 0.18 0.00 0.00 HOLD
18.584	>>> V 0.00 0.00
18.586	S 290064 -0.44 0.18 0.00 0.00 HOLD
18.605	>>> V 0.00 0.00
18.605	S 290084 -0.44 0.18 0.00 0.00 HOLD
18.624	>>> V 0.00 0.00
18.625	S 290104 -0.44 0.18 0.00 0.00 HOLD
18.645	>>> V 0.00 0.00
18.645	S 290124 -0.44 0.18 0.00 0.00 HOLD
18.666	>>> V 0.00 0.00
18.667	S 290144 -0.44 0.18 0.00 0.00 HOLD
18.684	>>> V 0.00 0.00
18.685	S 290164 -0.44 0.18 0.00 0.00 HOLD
18.705	>>> V 0.00 0.00
18.707	S 290184 -0.53 0.18 0.00 0.00 HOLD
18.725	>>> V 0.00 0.00
18.726	S 290204 -0.44 0.18 0.00 0.00 HOLD
18.746	>>> V 0.00 0.00
18.746	S 290224 -0.44 0.26 0.00 0.00 HOLD
18.765	>>> V 0.00 0.00
18.766	S 290244 -0.44 0.26 0.00 0.00 HOLD
18.785	>>> V 0.00 0.00
18.785	S 290264 -0.44 0.18 0.00 0.00 HOLD
18.806	>>> V 0.00 0.00
18.807	S 290284 -0.44 0.18 0.00 0.00 HOLD
18.825	>>> V 0.00 0.00
18.825	S 290304 -0.44 0.18 0.00 0.00 HOLD
18.844	>>> V 0.00 0.00
18.845	S 290324 -0.44 0.18 0.00 0.00 HOLD
18.865	>>> V 0.00 0.00
18.865	S 290344 -0.44 0.18 0.00 0.00 HOLD
18.884	>>> V 0.00 0.00
18.885	S 290364 -0.44 0.26 0.00 0.00 HOLD
18.906	>>> V 0.00 0.00
18.907	S 290384 -0.53 0.18 0.00 0.00 HOLD
18.924	>>> V 0.00 0.00
18.925	S 290404 -0.44 0.18 0.00 0.00 HOLD
18.945	>>> V 0.00 0.00
18.946	S 290424 -0.44 0.26 0.00 0.00 HOLD
18.965	>>> V 0.00 0.00
18.966	S 290444 -0.44 0.18 0.00 0.00 HOLD
18.986	>>> V 0.00 0.00
18.986	S 290464 -0.44 0.18 0.00 0.00 HOLD
19.004	>>> V 0.00 0.00
19.005	S 290484 -0.53 0.18 0.00 0.00 HOLD
19.024	>>> V 0.00 0.00
19.025	S 290504 -0.44 0.18 0.00 0.00 HOLD
19.044	>>> V 0.00 0.00
19.046	S 290524 -0.53 0.18 0.00 0.00 HOLD
19.064	>>> V 0.00 0.00
19.065	S 290544 -0.44 0.18 0.00 0.00 HOLD
19.085	>>> V 0.00 0.00
19.085	S 290564 -0.44 0.18 0.00 0.00 HOLD
19.104	>>> V 0.00 0.00
19.105	S 290584 -0.44 0.18 0.00 0.00 HOLD
19.125	>>> V 0.00 0.00
19.127	S 290604 -0.44 0.18 0.00 0.00 HOLD
19.144	>>> V 0.00 0.00
19.145	S 290624 -0.44 0.18 0.00 0.00 HOLD
19.166	>>> V 0.00 0.00
19.167	S 290644 -0.44 0.18 0.00 0.00 HOLD
19.184	>>> V 0.00 0.00
19.185	S 290664 -0.44 0.18 0.00 0.00 HOLD
19.206	>>> V 0.00 0.00
19.206	S 290684 -0.44 0.18 0.00 0.00 HOLD
19.225	>>> V 0.00 0.00
19.225	S 290704 -0.44 0.18 0.00 0.00 HOLD
19.245	>>> V 0.00 0.00
19.246	S 290724 -0.44 0.18 0.00 0.00 HOLD
19.264	>>> V 0.00 0.00
19.265	S 290744 -0.44 0.18 0.00 0.00 HOLD
19.284	>>> V 0.00 0.00
19.285	S 290764 -0.53 0.18 0.00 0.00 HOLD
19.304	>>> V 0.00 0.00
19.306	S 290784 -0.44 0.18 0.00 0.00 HOLD
19.324	>>> V 0.00 0.00
19.325	S 290804 -0.44 0.18 0.00 0.00 HOLD
19.345	>>> V 0.00 0.00
19.345	S 290824 -0.44 0.18 0.00 0.00 HOLD
19.364	>>> V 0.00 0.00
19.364	S 290844 -0.44 0.18 0.00 0.00 HOLD
19.385	>>> V 0.00 0.00
19.386	S 290864 -0.44 0.18 0.00 0.00 HOLD
19.404	>>> V 0.00 0.00
19.404	S 290884 -0.44 0.18 0.00 0.00 HOLD
19.427	>>> V 0.00 0.00
19.427	S 290904 -0.44 0.18 0.00 0.00 HOLD
19.444	>>> V 0.00 0.00
19.445	S 290924 -0.44 0.18 0.00 0.00 HOLD
19.466	>>> V 0.00 0.00
19.466	S 290944 -0.44 0.18 0.00 0.00 HOLD
19.485	>>> V 0.00 0.00
19.486	S 290964 -0.44 0.18 0.00 0.00 HOLD
19.505	>>> V 0.00 0.00
19.505	S 290984 -0.44 0.18 0.00 0.00 HOLD
19.524	>>> V 0.00 0.00
19.525	S 291004 -0.44 0.18 0.00 0.00 HOLD
19.544	>>> V 0.00 0.00
19.544	S 291024 -0.44 0.18 0.00 0.00 HOLD
19.565	>>> V 0.00 0.00
19.566	S 291044 -0.44 0.26 0.00 0.00 HOLD
19.584	>>> V 0.00 0.00
19.584	S 291064 -0.44 0.18 0.00 0.00 HOLD
19.608	>>> V 0.00 0.00
19.609	S 291084 -0.44 0.18 0.00 0.00 HOLD
19.624	>>> V 0.00 0.00
19.626	S 291104 -0.44 0.18 0.00 0.00 HOLD
19.646	>>> V 0.00 0.00
19.647	S 291124 -0.44 0.18 0.00 0.00 HOLD
19.665	>>> V 0.00 0.00
19.666	S 291144 -0.44 0.18 0.00 0.00 HOLD
19.685	>>> V 0.00 0.00
19.685	S 291164 -0.44 0.18 0.00 0.00 HOLD
19.705	>>> V 0.00 0.00
19.705	S 291184 -0.44 0.18 0.00 0.00 HOLD
19.724	>>> V 0.00 0.00
19.724	S 291204 -0.44 0.18 0.00 0.00 HOLD
19.745	>>> V 0.00 0.00
19.746	S 291224 -0.44 0.18 0.00 0.00 HOLD
19.764	>>> V 0.00 0.00
19.764	S 291244 -0.44 0.18 0.00 0.00 HOLD
19.785	>>> V 0.00 0.00
19.786	S 291264 -0.44 0.18 0.00 0.00 HOLD
19.806	>>> V 0.00 0.00
19.807	S 291284 -0.44 0.18 0.00 0.00 HOLD
19.825	>>> V 0.00 0.00
19.825	S 291304 -0.44 0.18 0.00 0.00 HOLD
19.844	>>> V 0.00 0.00
19.845	S 291324 -0.53 0.18 0.00 0.00 HOLD
19.864	>>> V 0.00 0.00
19.865	S 291344 -0.44 0.18 0.00 0.00 HOLD
19.884	>>> V 0.00 0.00
19.885	S 291364 -0.44 0.18 0.00 0.00 HOLD
19.906	>>> V 0.00 0.00
19.906	S 291384 -0.44 0.18 0.00 0.00 HOLD
19.924	>>> V 0.00 0.00
19.925	S 291404 -0.44 0.26 0.00 0.00 HOLD
19.945	>>> V 0.00 0.00
19.946	S 291424 -0.44 0.18 0.00 0.00 HOLD
19.964	>>> V 0.00 0.00
19.964	S 291444 -0.44 0.18 0.00 0.00 HOLD
19.985	>>> V 0.00 0.00
19.986	S 291464 -0.44 0.18 0.00 0.00 HOLD
20.005	>>> V 0.00 0.00
20.005	S 291484 -0.44 0.18 0.00 0.00 HOLD
20.025	>>> V 0.00 0.00
20.026	S 291504 -0.44 0.18 0.00 0.00 HOLD
20.044	>>> V 0.00 0.00
20.045	S 291524 -0.44 0.18 0.00 0.00 HOLD
20.065	>>> V 0.00 0.00
20.066	S 291544 -0.44 0.18 0.00 0.00 HOLD
20.084	>>> V 0.00 0.00
20.085	S 291564 -0.44 0.18 0.00 0.00 HOLD
20.105	>>> V 0.00 0.00
20.107	S 291584 -0.44 0.18 0.00 0.00 HOLD
20.125	>>> V 0.00 0.00
20.126	S 291604 -0.53 0.18 0.00 0.00 HOLD
20.145	>>> V 0.00 0.00
20.145	S 291624 -0.44 0.18 0.00 0.00 HOLD
20.164	>>> V 0.00 0.00
20.165	S 291644 -0.44 0.18 0.00 0.00 HOLD
20.184	>>> V 0.00 0.00
20.185	S 291664 -0.44 0.18 0.00 0.00 HOLD
20.205	>>> V 0.00 0.00
20.206	S 291684 -0.44 0.18 0.00 0.00 HOLD
20.224	>>> V 0.00 0.00
20.224	S 291704 -0.44 0.18 0.00 0.00 HOLD
20.245	>>> V 0.00 0.00
20.246	S 291724 -0.44 0.26 0.00 0.00 HOLD
20.265	>>> V 0.00 0.00
20.265	S 291744 -0.44 0.18 0.00 0.00 HOLD
20.285	>>> V 0.00 0.00
20.286	S 291764 -0.44 0.18 0.00 0.00 HOLD
20.304	>>> V 0.00 0.00
20.305	S 291784 -0.44 0.18 0.00 0.00 HOLD
20.326	>>> V 0.00 0.00
20.327	S 291804 -0.44 0.18 0.00 0.00 HOLD
20.344	>>> V 0.00 0.00
20.344	S 291824 -0.44 0.26 0.00 0.00 HOLD
20.367	>>> V 0.00 0.00
20.368	S 291844 -0.44 0.18 0.00 0.00 HOLD
20.384	>>> V 0.00 0.00
20.385	S 291864 -0.44 0.18 0.00 0.00 HOLD
20.405	>>> V 0.00 0.00
20.406	S 291884 -0.44 0.18 0.00 0.00 HOLD
20.425	>>> V 0.00 0.00
20.425	S 291904 -0.44 0.18 0.00 0.00 HOLD
20.444	>>> V 0.00 0.00
20.445	S 291924 -0.44 0.18 0.00 0.00 HOLD
20.464	>>> V 0.00 0.00
20.465	S 291944 -0.44 0.18 0.00 0.00 HOLD
20.484	>>> V 0.00 0.00
20.485	S 291964 -0.44 0.18 0.00 0.00 HOLD
20.505	>>> V 0.00 0.00
20.506	S 291984 -0.44 0.18 0.00 0.00 HOLD
20.530	>>> V 0.00 0.00
20.530	S 292004 -0.44 0.18 0.00 0.00 HOLD
20.545	>>> V 0.00 0.00
20.546	S 292024 -0.53 0.18 0.00 0.00 HOLD
20.564	>>> V 0.00 0.00
20.566	S 292044 -0.44 0.18 0.00 0.00 HOLD
20.584	>>> V 0.00 0.00
20.585	S 292064 -0.44 0.18 0.00 0.00 HOLD
20.605	>>> V 0.00 0.00
20.605	S 292084 -0.44 0.18 0.00 0.00 HOLD
20.625	>>> V 0.00 0.00
20.626	S 292104 -0.44 0.18 0.00 0.00 HOLD
20.644	>>> V 0.00 0.00
20.644	S 292124 -0.53 0.18 0.00 0.00 HOLD
20.666	>>> V 0.00 0.00
20.667	S 292144 -0.44 0.18 0.00 0.00 HOLD
20.684	>>> V 0.00 0.00
20.685	S 292164 -0.44 0.18 0.00 0.00 HOLD
20.706	>>> V 0.00 0.00
20.707	S 292184 -0.44 0.18 0.00 0.00 HOLD
20.725	>>> V 0.00 0.00
20.725	S 292204 -0.44 0.18 0.00 0.00 HOLD
20.745	>>> V 0.00 0.00
20.745	S 292224 -0.44 0.26 0.00 0.00 HOLD
20.764	>>> V 0.00 0.00
20.765	S 292244 -0.44 0.18 0.00 0.00 HOLD
20.784	>>> V 0.00 0.00
20.785	S 292264 -0.44 0.18 0.00 0.00 HOLD
20.805	>>> V 0.00 0.00
20.806	S 292284 -0.44 0.18 0.00 0.00 HOLD
20.825	>>> V 0.00 0.00
20.826	S 292304 -0.53 0.26 0.00 0.00 HOLD
20.844	>>> V 0.00 0.00
20.845	S 292324 -0.44 0.18 0.00 0.00 HOLD
20.865	>>> V 0.00 0.00
20.865	S 292344 -0.44 0.18 0.00 0.00 HOLD
20.884	>>> V 0.00 0.00
20.885	S 292364 -0.44 0.18 0.00 0.00 HOLD
20.905	>>> V 0.00 0.00
20.905	S 292384 -0.53 0.18 0.00 0.00 HOLD
20.924	>>> V -48.34 24.03
20.925	S 292404 -0.44 0.18 0.00 0.00 HOLD
20.945	>>> V -48.34 24.03
20.945	S 292424 -0.44 0.18 0.00 0.00 TRACK
20.965	>>> V -48.34 24.03
20.966	S 292444 -0.53 0.18 0.00 0.00 TRACK
20.985	>>> V -45.43 22.47
20.985	S 292464 -0.53 0.26 0.00 0.00 TRACK
21.007	>>> V -42.72 21.28
21.007	S 292484 -0.79 0.44 -1.37 1.37 TRACK
21.025	>>> V -42.72 21.28
21.026	S 292504 -1.32 0.88 -6.87 4.12 TRACK
21.045	>>> V -40.25 20.54
21.045	S 292524 -1.93 1.23 -13.74 9.62 TRACK
21.066	>>> V -40.25 20.54
21.066	S 292544 -2.64 1.67 -21.98 13.74 TRACK
21.084	>>> V -37.86 20.65
21.084	S 292564 -3.43 2.02 -28.85 16.49 TRACK
21.107	>>> V -35.55 20.33
21.108	S 292584 -4.22 2.46 -34.35 17.86 TRACK
21.125	>>> V -35.55 20.33
21.125	S 292604 -5.01 2.90 -37.10 19.24 TRACK
21.146	>>> V -32.58 20.28
21.146	S 292624 -5.71 3.34 -37.10 19.24 TRACK
21.167	>>> V -32.58 20.28
21.167	S 292644 -6.59 3.69 -37.10 20.61 TRACK
21.186	>>> V -28.81 19.72
21.186	S 292664 -7.29 4.13 -37.10 20.61 TRACK
21.206	>>> V -28.81 19.72
21.206	S 292684 -8.09 4.57 -37.10 20.61 TRACK
21.225	>>> V -24.60 18.96
21.225	S 292704 -8.79 5.01 -37.10 20.61 TRACK
21.245	>>> V -20.65 16.24
21.245	S 292724 -9.49 5.45 -35.72 20.61 TRACK
21.265	>>> V -16.68 14.54
21.265	S 292744 -10.20 5.80 -34.35 20.61 TRACK
21.284	>>> V -16.68 14.54
21.284	S 292764 -10.72 6.15 -31.60 19.24 TRACK
21.305	>>> V -12.90 13.21
21.305	S 292784 -11.16 6.59 -30.23 19.24 TRACK
21.325	>>> V -9.45 11.38
21.326	S 292804 -11.60 6.86 -26.11 17.86 TRACK
21.345	>>> V -9.45 11.38
21.345	S 292824 -11.95 7.38 -23.36 17.86 TRACK
21.368	>>> V -6.25 9.89
21.368	S 292844 -12.30 7.82 -20.61 19.24 TRACK
21.385	>>> V -6.25 9.89
21.385	S 292864 -12.57 8.00 -17.86 19.24 TRACK
21.407	>>> V -3.57 8.50
21.407	S 292884 -12.83 8.09 -16.49 16.49 TRACK
21.425	>>> V 0.00 6.81
21.426	S 292904 -13.01 8.09 -13.74 9.62 TRACK
21.444	>>> V 0.00 6.81
21.445	S 292924 -13.18 8.35 -10.99 6.87 TRACK
21.468	>>> V 0.00 4.52
21.468	S 292944 -13.18 8.61 -9.62 6.87 TRACK
21.485	>>> V 0.00 4.52
21.485	S 292964 -13.36 8.79 -8.24 8.24 TRACK
21.505	>>> V 0.00 0.00
21.506	S 292984 -13.27 8.96 -5.50 9.62 TRACK
21.526	>>> V 0.00 3.09
21.526	S 293004 -13.27 9.14 -2.75 9.62 TRACK
21.545	>>> V 0.00 3.09
21.546	S 293024 -13.27 9.14 0.00 6.87 TRACK
21.567	>>> V 0.00 2.87
21.567	S 293044 -13.27 9.14 0.00 5.50 TRACK
21.584	>>> V 0.00 2.87
21.585	S 293064 -13.27 9.23 0.00 2.75 TRACK
21.604	>>> V 0.00 0.00
21.605	S 293084 -13.27 9.14 0.00 1.37 TRACK
21.627	>>> V 0.00 0.00
21.628	S 293104 -13.27 9.32 0.00 1.37 TRACK
21.645	>>> V 0.00 0.00
21.646	S 293124 -13.27 9.40 0.00 1.37 TRACK
21.665	>>> V 1.84 3.53
21.666	S 293144 -13.27 9.49 0.00 2.75 TRACK
21.685	>>> V 1.84 3.53
21.687	S 293164 -13.27 9.40 0.00 2.75 TRACK
21.705	>>> V 2.34 4.94
21.705	S 293184 -13.27 9.40 0.00 1.37 TRACK
21.726	>>> V 2.34 4.94
21.727	S 293204 -13.27 9.49 0.00 0.00 TRACK
21.744	>>> V 3.15 6.52
21.746	S 293224 -13.27 9.49 0.00 0.00 TRACK
21.765	>>> V 4.18 8.05
21.765	S 293244 -13.27 9.58 0.00 0.00 TRACK
21.785	>>> V 4.18 8.05
21.785	S 293264 -13.27 9.67 0.00 1.37 TRACK
21.805	>>> V 5.47 10.18
21.805	S 293284 -13.18 9.84 0.00 4.12 TRACK
21.826	>>> V 5.47 10.18
21.827	S 293304 -13.18 10.02 1.37 5.50 TRACK
21.845	>>> V 8.46 14.37
21.847	S 293324 -13.10 10.28 2.75 6.87 TRACK
21.864	>>> V 8.46 14.37
21.865	S 293344 -12.92 10.46 4.12 8.24 TRACK
21.885	>>> V 9.92 15.70
21.887	S 293364 -12.83 10.63 4.12 8.24 TRACK
21.904	>>> V 9.92 15.70
21.906	S 293384 -12.74 10.90 5.50 9.62 TRACK
21.925	>>> V 11.22 16.74
21.926	S 293404 -12.57 11.07 5.50 9.62 TRACK
21.944	>>> V 11.22 16.74
21.947	S 293424 -12.39 11.34 5.50 10.99 TRACK
21.964	>>> V 12.30 17.59
21.964	S 293444 -12.13 11.69 6.87 10.99 TRACK
21.985	>>> V 13.32 18.35
21.986	S 293464 -11.95 11.95 8.24 12.37 TRACK
22.006	>>> V 13.32 18.35
22.007	S 293484 -11.69 12.30 9.62 13.74 TRACK
22.025	>>> V 14.28 18.90
22.026	S 293504 -11.51 12.66 9.62 15.11 TRACK
22.045	>>> V 14.28 18.90
22.045	S 293524 -11.25 13.01 9.62 16.49 TRACK
22.064	>>> V 15.02 19.27
22.065	S 293544 -10.99 13.45 10.99 17.86 TRACK
22.085	>>> V 15.02 19.27
22.085	S 293564 -10.72 13.89 10.99 17.86 TRACK
22.104	>>> V 15.52 19.10
22.105	S 293584 -10.55 14.24 10.99 19.24 TRACK
22.126	>>> V 15.90 18.68
22.127	S 293604 -10.20 14.59 12.37 19.24 TRACK
22.144	>>> V 15.90 18.68
22.145	S 293624 -9.84 14.94 13.74 17.86 TRACK
22.164	>>> V 16.25 17.94
22.165	S 293644 -9.58 15.29 13.74 16.49 TRACK
22.184	>>> V 16.25 17.94
22.186	S 293664 -9.32 15.64 13.74 16.49 TRACK
22.205	>>> V 16.56 16.96
22.205	S 293684 -8.88 16.00 15.11 16.49 TRACK
22.226	>>> V 16.93 16.16
22.227	S 293704 -8.61 16.35 15.11 16.49 TRACK
22.245	>>> V 16.93 16.16
22.245	S 293724 -8.26 16.70 15.11 17.86 TRACK
22.266	>>> V 17.35 15.57
22.266	S 293744 -8.00 17.05 15.11 17.86 TRACK
22.285	>>> V 17.35 15.57
22.285	S 293764 -7.73 17.40 13.74 17.86 TRACK
22.304	>>> V 17.77 14.83
22.305	S 293784 -7.38 17.84 13.74 16.49 TRACK
22.327	>>> V 18.33 13.92
22.328	S 293804 -7.03 18.19 15.11 16.49 TRACK
22.345	>>> V 18.33 13.92
22.345	S 293824 -6.68 18.54 15.11 16.49 TRACK
22.366	>>> V 19.04 13.10
22.366	S 293844 -6.24 18.81 16.49 15.11 TRACK
22.386	>>> V 19.04 13.10
22.388	S 293864 -5.80 19.16 16.49 15.11 TRACK
22.404	>>> V 19.93 12.19
22.405	S 293884 -5.45 19.42 17.86 15.11 TRACK
22.425	>>> V 19.93 12.19
22.426	S 293904 -5.10 19.69 17.86 15.11 TRACK
22.444	>>> V 20.64 11.14
22.446	S 293924 -4.66 19.95 17.86 13.74 TRACK
22.465	>>> V 21.36 10.12
22.466	S 293944 -4.31 20.13 17.86 12.37 TRACK
22.485	>>> V 21.36 10.12
22.487	S 293964 -3.87 20.48 17.86 12.37 TRACK
22.504	>>> V 22.00 9.05
22.505	S 293984 -3.52 20.65 17.86 10.99 TRACK
22.526	>>> V 22.00 9.05
22.527	S 294004 -3.16 20.92 19.24 10.99 TRACK
22.544	>>> V 22.62 7.66
22.545	S 294024 -2.72 21.09 19.24 10.99 TRACK
22.565	>>> V 23.25 6.28
22.566	S 294044 -2.29 21.27 20.61 10.99 TRACK
22.585	>>> V 23.25 6.28
22.586	S 294064 -1.85 21.53 20.61 9.62 TRACK
22.605	>>> V 23.88 4.76
22.605	S 294084 -1.41 21.62 20.61 9.62 TRACK
22.624	>>> V 23.88 4.76
22.625	S 294104 -0.88 21.80 20.61 8.24 TRACK
22.644	>>> V 24.48 3.13
22.645	S 294124 -0.53 21.88 20.61 6.87 TRACK
22.666	>>> V 24.93 0.00
22.666	S 294144 0.00 22.06 20.61 6.87 TRACK
22.685	>>> V 24.93 0.00
22.685	S 294164 0.44 22.15 21.98 5.50 TRACK
22.704	>>> V 25.25 0.00
22.705	S 294184 0.88 22.15 21.98 5.50 TRACK
22.724	>>> V 25.25 0.00
22.725	S 294204 1.41 22.15 21.98 2.75 TRACK
22.745	>>> V 25.54 0.00
22.745	S 294224 1.85 22.15 23.36 1.37 TRACK
22.766	>>> V 25.54 0.00
22.767	S 294244 2.37 22.15 23.36 0.00 TRACK
22.785	>>> V 25.71 0.00
22.786	S 294264 2.90 22.15 23.36 0.00 TRACK
22.805	>>> V 25.75 -3.89
22.805	S 294284 3.34 22.15 23.36 0.00 TRACK
22.825	>>> V 25.75 -3.89
22.826	S 294304 3.87 22.15 24.73 0.00 TRACK
22.844	>>> V 25.67 -5.10
22.845	S 294324 4.39 22.15 24.73 0.00 TRACK
22.866	>>> V 25.54 -5.99
22.867	S 294344 5.01 22.15 24.73 0.00 TRACK
22.884	>>> V 25.54 -5.99
22.885	S 294364 5.45 22.06 24.73 0.00 TRACK
22.905	>>> V 25.15 -7.09
22.905	S 294384 5.98 21.97 24.73 -1.37 TRACK
22.924	>>> V 25.15 -7.09
22.926	S 294404 6.50 21.88 24.73 -1.37 TRACK
22.944	>>> V 24.74 -8.06
22.945	S 294424 7.03 21.80 24.73 -2.75 TRACK
22.965	>>> V 24.26 -9.20
22.966	S 294444 7.47 21.62 24.73 -4.12 TRACK
22.984	>>> V 24.26 -9.20
22.985	S 294464 8.00 21.53 24.73 -5.50 TRACK
23.007	>>> V 23.78 -10.34
23.007	S 294484 8.53 21.36 24.73 -5.50 TRACK
23.025	>>> V 23.78 -10.34
23.025	S 294504 9.05 21.09 24.73 -6.87 TRACK
23.044	>>> V 23.31 -11.36
23.045	S 294524 9.58 21.01 24.73 -6.87 TRACK
23.065	>>> V 22.75 -12.14
23.065	S 294544 10.11 20.83 24.73 -8.24 TRACK
23.086	>>> V 22.00 -12.70
23.087	S 294564 10.55 20.57 24.73 -8.24 TRACK
23.104	>>> V 22.00 -12.70
23.105	S 294584 11.07 20.39 24.73 -8.24 TRACK
23.125	>>> V 21.18 -13.28
23.126	S 294604 11.51 20.13 23.36 -9.62 TRACK
23.146	>>> V 21.18 -13.28
23.147	S 294624 12.04 19.86 23.36 -9.62 TRACK
23.164	>>> V 20.06 -13.73
23.164	S 294644 12.39 19.60 23.36 -10.99 TRACK
23.185	>>> V 20.06 -13.73
23.186	S 294664 12.83 19.34 21.98 -12.37 TRACK
23.204	>>> V 18.73 -14.02
23.205	S 294684 13.27 19.07 20.61 -12.37 TRACK
23.224	>>> V 17.18 -13.96
23.225	S 294704 13.71 18.81 20.61 -12.37 TRACK
23.244	>>> V 17.18 -13.96
23.245	S 294724 14.15 18.54 20.61 -12.37 TRACK
23.264	>>> V 15.46 -13.39
23.265	S 294744 14.50 18.19 20.61 -12.37 TRACK
23.286	>>> V 15.46 -13.39
23.287	S 294764 14.85 17.93 19.24 -12.37 TRACK
23.305	>>> V 13.58 -12.58
23.305	S 294784 15.38 17.58 19.24 -12.37 TRACK
23.325	>>> V 11.43 -11.46
23.326	S 294804 15.64 17.31 17.86 -12.37 TRACK
23.345	>>> V 11.43 -11.46
23.345	S 294824 16.00 17.05 16.49 -12.37 TRACK
23.364	>>> V 8.78 -9.76
23.365	S 294844 16.26 16.79 16.49 -12.37 TRACK
23.386	>>> V 5.66 -8.01
23.387	S 294864 16.52 16.61 15.11 -12.37 TRACK
23.406	>>> V 5.66 -8.01
23.407	S 294884 16.79 16.35 13.74 -12.37 TRACK
23.425	>>> V 2.40 -6.14
23.425	S 294904 16.96 16.08 12.37 -10.99 TRACK
23.445	>>> V 2.40 -6.14
23.447	S 294924 17.14 15.91 10.99 -9.62 TRACK
23.465	>>> V 0.00 -4.05
23.465	S 294944 17.31 15.82 9.62 -9.62 TRACK
23.485	>>> V 0.00 -4.05
23.486	S 294964 17.40 15.64 6.87 -8.24 TRACK
23.504	>>> V -4.93 0.00
23.506	S 294984 17.40 15.47 5.50 -8.24 TRACK
23.525	>>> V -4.93 0.00
23.525	S 295004 17.40 15.47 2.75 -6.87 TRACK
23.545	>>> V -8.63 0.00
23.546	S 295024 17.40 15.38 1.37 -5.50 TRACK
23.564	>>> V -12.83 0.00
23.566	S 295044 17.40 15.29 0.00 -4.12 TRACK
23.585	>>> V -12.83 0.00
23.586	S 295064 17.23 15.29 0.00 -2.75 TRACK
23.606	>>> V -17.26 4.13
23.607	S 295084 17.14 15.29 -1.37 -1.37 TRACK
23.624	>>> V -21.50 5.54
23.625	S 295104 16.87 15.29 -5.50 0.00 TRACK
23.645	>>> V -21.50 5.54
23.646	S 295124 16.61 15.29 -8.24 0.00 TRACK
23.664	>>> V -25.75 6.79
23.667	S 295144 16.35 15.29 -9.62 0.00 TRACK
23.685	>>> V -29.79 7.70
23.685	S 295164 16.00 15.38 -10.99 0.00 TRACK
23.704	>>> V -29.79 7.70
23.707	S 295184 15.64 15.47 -13.74 0.00 TRACK
23.724	>>> V -33.53 8.54
23.725	S 295204 15.29 15.56 -15.11 1.37 TRACK
23.745	>>> V -33.53 8.54
23.746	S 295224 14.68 15.73 -16.49 4.12 TRACK
23.764	>>> V -36.83 9.31
23.766	S 295244 14.15 15.91 -19.24 5.50 TRACK
23.785	>>> V -39.47 9.85
23.786	S 295264 13.54 16.08 -23.36 6.87 TRACK
23.808	>>> V -39.47 9.85
23.808	S 295284 12.83 16.26 -27.48 6.87 TRACK
23.824	>>> V -41.77 10.13
23.825	S 295304 12.22 16.44 -30.23 8.24 TRACK
23.845	>>> V -41.77 10.13
23.845	S 295324 11.43 16.61 -31.60 8.24 TRACK
23.864	>>> V -43.84 10.64
23.865	S 295344 10.63 16.79 -34.35 8.24 TRACK
23.885	>>> V -45.17 11.24
23.886	S 295364 9.84 17.05 -35.72 9.62 TRACK
23.904	>>> V -45.17 11.24
23.905	S 295384 8.96 17.23 -37.10 9.62 TRACK
23.926	>>> V -46.27 11.52
23.926	S 295404 8.09 17.40 -38.47 9.62 TRACK
23.944	>>> V -46.27 11.52
23.945	S 295424 7.29 17.75 -39.85 9.62 TRACK
23.966	>>> V -46.91 11.65
23.966	S 295444 6.33 17.93 -41.22 9.62 TRACK
23.985	>>> V -46.91 11.65
23.985	S 295464 5.45 18.19 -42.59 9.62 TRACK
24.005	>>> V -47.44 11.77
24.005	S 295484 4.48 18.46 -43.97 9.62 TRACK
24.024	>>> V -47.44 11.77
24.026	S 295504 3.60 18.63 -43.97 10.99 TRACK
24.044	>>> V -47.82 11.71
24.045	S 295524 2.72 18.81 -45.34 10.99 TRACK
24.065	>>> V -47.95 12.05
24.066	S 295544 1.76 19.07 -45.34 10.99 TRACK
24.084	>>> V -47.95 12.05
24.085	S 295564 0.79 19.34 -45.34 10.99 TRACK
24.106	>>> V -48.03 12.13
24.107	S 295584 -0.18 19.51 -46.72 10.99 TRACK
24.124	>>> V -48.03 12.13
24.124	S 295604 -1.14 19.78 -46.72 10.99 TRACK
24.145	>>> V -48.05 12.18
24.146	S 295624 -2.02 19.95 -46.72 10.99 TRACK
24.164	>>> V -48.05 12.18
24.166	S 295644 -3.08 20.30 -46.72 10.99 TRACK
24.186	>>> V -48.51 11.81
24.186	S 295664 -3.96 20.48 -46.72 10.99 TRACK
24.204	>>> V -48.51 11.81
24.205	S 295684 -4.92 20.74 -46.72 10.99 TRACK
24.226	>>> V -48.81 11.21
24.226	S 295704 -5.89 21.01 -46.72 10.99 TRACK
24.245	>>> V -48.81 11.21
24.245	S 295724 -7.03 21.18 -46.72 10.99 TRACK
24.265	>>> V -49.01 10.83
24.266	S 295744 -8.00 21.45 -46.72 10.99 TRACK
24.285	>>> V -49.01 10.83
24.286	S 295764 -9.05 21.71 -48.09 10.99 TRACK
24.306	>>> V -49.26 10.20
24.307	S 295784 -10.02 21.97 -48.09 10.99 TRACK
24.324	>>> V -49.25 9.87
24.325	S 295804 -10.99 22.15 -48.09 10.99 TRACK
24.344	>>> V -48.31 8.97
24.345	S 295824 -11.95 22.41 -48.09 10.99 TRACK
24.365	>>> V -48.31 8.97
24.365	S 295844 -12.92 22.59 -48.09 10.99 TRACK
24.385	>>> V -47.79 7.71
24.385	S 295864 -13.80 22.85 -48.09 10.99 TRACK
24.409	>>> V -47.79 7.71
24.409	S 295884 -14.77 23.03 -48.09 9.62 TRACK
24.425	>>> V -46.48 5.47
24.425	S 295904 -15.82 23.20 -48.09 9.62 TRACK
24.445	>>> V -46.48 5.47
24.445	S 295924 -16.79 23.38 -48.09 9.62 TRACK
24.465	>>> V -46.48 5.47
24.466	S 295944 -17.75 23.55 -48.09 8.24 TRACK
24.484	>>> V -45.74 4.36
24.485	S 295964 -18.72 23.64 -48.09 6.87 TRACK
24.506	>>> V -44.87 3.41
24.507	S 295984 -19.60 23.73 -48.09 6.87 TRACK
24.524	>>> V -44.87 3.41
24.525	S 296004 -20.57 23.91 -46.72 5.50 TRACK
24.545	>>> V -43.90 0.00
24.545	S 296024 -21.45 23.99 -46.72 5.50 TRACK
24.564	>>> V -43.90 0.00
24.565	S 296044 -22.41 23.99 -45.34 5.50 TRACK
24.584	>>> V -42.87 0.00
24.585	S 296064 -23.29 23.99 -45.34 2.75 TRACK
24.610	>>> V -41.92 0.00
24.611	S 296084 -24.17 24.08 -45.34 1.37 TRACK
24.625	>>> V -41.92 0.00
24.625	S 296104 -25.14 23.99 -45.34 0.00 TRACK
24.647	>>> V -41.01 0.00
24.648	S 296124 -25.93 23.99 -43.97 0.00 TRACK
24.665	>>> V -41.01 0.00
24.665	S 296144 -26.89 24.08 -43.97 0.00 TRACK
24.685	>>> V -40.02 0.00
24.686	S 296164 -27.69 23.99 -42.59 0.00 TRACK
24.705	>>> V -38.75 0.00
24.705	S 296184 -28.48 24.08 -42.59 0.00 TRACK
24.725	>>> V -38.75 0.00
24.725	S 296204 -29.36 23.99 -42.59 0.00 TRACK
24.748	>>> V -37.64 0.00
24.750	S 296224 -30.06 23.99 -41.22 0.00 TRACK
24.765	>>> V -37.64 0.00
24.765	S 296244 -30.85 24.08 -41.22 0.00 TRACK
24.785	>>> V -36.35 2.84
24.786	S 296264 -31.73 24.08 -41.22 0.00 TRACK
24.806	>>> V -36.35 2.84
24.806	S 296284 -32.52 24.08 -39.85 0.00 TRACK
24.824	>>> V -34.92 3.51
24.825	S 296304 -33.22 23.99 -38.47 0.00 TRACK
24.844	>>> V -33.35 4.56
24.845	S 296324 -33.93 24.08 -38.47 0.00 TRACK
24.864	>>> V -31.79 5.55
24.865	S 296344 -34.72 24.17 -37.10 0.00 TRACK
24.884	>>> V -31.79 5.55
24.884	S 296364 -35.33 24.26 -35.72 1.37 TRACK
24.905	>>> V -30.11 6.21
24.905	S 296384 -35.95 24.35 -34.35 2.75 TRACK
24.924	>>> V -28.29 6.78
24.925	S 296404 -36.56 24.52 -34.35 4.12 TRACK
24.944	>>> V -28.29 6.78
24.945	S 296424 -37.27 24.61 -32.98 5.50 TRACK
24.965	>>> V -28.29 6.78
24.965	S 296444 -37.88 24.79 -32.98 5.50 TRACK
24.985	>>> V -26.61 6.42
24.985	S 296464 -38.50 24.87 -31.60 5.50 TRACK
25.005	>>> V -25.11 5.89
25.005	S 296484 -39.11 25.05 -31.60 5.50 TRACK
25.024	>>> V -23.62 5.28
25.025	S 296504 -39.73 25.14 -30.23 5.50 TRACK
25.045	>>> V -23.62 5.28
25.046	S 296524 -40.25 25.31 -28.85 5.50 TRACK
25.064	>>> V -22.10 4.89
25.065	S 296544 -40.78 25.40 -27.48 5.50 TRACK
25.084	>>> V -22.10 4.89
25.085	S 296564 -41.22 25.58 -27.48 5.50 TRACK
25.105	>>> V -20.51 4.42
25.105	S 296584 -41.75 25.66 -26.11 5.50 TRACK
25.124	>>> V -20.51 4.42
25.125	S 296604 -42.19 25.84 -24.73 5.50 TRACK
25.145	>>> V -19.04 4.12
25.146	S 296624 -42.63 25.93 -23.36 5.50 TRACK
25.165	>>> V -19.04 4.12
25.165	S 296644 -43.07 25.93 -21.98 4.12 TRACK
25.185	>>> V -17.67 3.70
25.185	S 296664 -43.51 26.02 -21.98 4.12 TRACK
25.206	>>> V -16.41 3.24
25.207	S 296684 -43.95 26.10 -20.61 2.75 TRACK
25.224	>>> V -15.27 3.04
25.225	S 296704 -44.30 26.19 -20.61 2.75 TRACK
25.245	>>> V -15.27 3.04
25.245	S 296724 -44.65 26.28 -19.24 2.75 TRACK
25.264	>>> V -14.24 3.13
25.265	S 296744 -44.91 26.28 -19.24 2.75 TRACK
25.284	>>> V -14.24 3.13
25.285	S 296764 -45.35 26.28 -17.86 2.75 TRACK
25.309	>>> V -13.20 3.01
25.310	S 296784 -45.70 26.28 -17.86 1.37 TRACK
25.324	>>> V -13.20 3.01
25.325	S 296804 -45.97 26.37 -16.49 0.00 TRACK
25.347	>>> V -12.20 0.00
25.348	S 296825 -46.23 26.54 -15.11 1.37 TRACK
25.364	>>> V -12.20 0.00
25.365	S 296845 -46.58 26.63 -15.11 2.75 TRACK
25.387	>>> V -11.36 3.06
25.388	S 296865 -46.85 26.63 -13.74 4.12 TRACK
25.406	>>> V -11.36 3.06
25.406	S 296885 -47.02 26.63 -13.74 2.75 TRACK
25.426	>>> V -10.55 3.14
25.426	S 296905 -47.29 26.63 -13.74 1.37 TRACK
25.445	>>> V -10.55 3.14
25.446	S 296925 -47.55 26.63 -12.37 0.00 TRACK
25.465	>>> V -9.78 2.89
25.465	S 296945 -47.81 26.63 -12.37 0.00 TRACK
25.484	>>> V -9.78 2.89
25.485	S 296965 -47.99 26.72 -10.99 0.00 TRACK
25.504	>>> V -8.99 0.00
25.504	S 296985 -48.16 26.81 -10.99 1.37 TRACK
25.525	>>> V -8.18 0.00
25.526	S 297005 -48.43 26.89 -10.99 2.75 TRACK
25.547	>>> V -8.18 0.00
25.547	S 297025 -48.60 26.89 -9.62 2.75 TRACK
25.566	>>> V -7.48 0.00
25.566	S 297045 -48.78 26.98 -9.62 2.75 TRACK
25.587	>>> V -6.90 0.00
25.587	S 297065 -49.04 26.89 -9.62 1.37 TRACK
25.605	>>> V -6.90 0.00
25.605	S 297085 -49.13 26.89 -9.62 0.00 TRACK
25.625	>>> V -6.47 0.00
25.625	S 297105 -49.31 26.89 -8.24 0.00 TRACK
25.644	>>> V -6.47 0.00
25.645	S 297125 -49.48 26.98 -8.24 0.00 TRACK
25.664	>>> V -6.02 0.00
25.665	S 297145 -49.66 26.98 -6.87 0.00 TRACK
25.687	>>> V -5.58 0.00
25.688	S 297165 -49.75 26.89 -6.87 0.00 TRACK
25.704	>>> V -5.58 0.00
25.706	S 297185 -49.83 26.89 -6.87 0.00 TRACK
25.726	>>> V -5.20 0.00
25.726	S 297205 -49.92 26.89 -5.50 0.00 TRACK
25.744	>>> V -5.20 0.00
25.746	S 297225 -50.01 26.89 -4.12 0.00 TRACK
25.765	>>> V -4.64 0.00
25.765	S 297245 -50.19 26.89 -4.12 0.00 TRACK
25.786	>>> V -4.64 0.00
25.786	S 297265 -50.27 26.89 -4.12 0.00 TRACK
25.804	>>> V -4.10 0.00
25.807	S 297285 -50.36 26.89 -4.12 0.00 TRACK
25.826	>>> V -3.69 0.00
25.827	S 297305 -50.45 26.89 -4.12 0.00 TRACK
25.844	>>> V -3.69 0.00
25.846	S 297325 -50.54 26.89 -4.12 0.00 TRACK
25.864	>>> V -3.29 0.00
25.864	S 297345 -50.63 26.98 -4.12 0.00 TRACK
25.885	>>> V -3.09 0.00
25.886	S 297365 -50.71 26.98 -4.12 0.00 TRACK
25.905	>>> V -3.09 0.00
25.905	S 297385 -50.80 26.98 -4.12 0.00 TRACK
25.925	>>> V -2.99 0.00
25.927	S 297405 -50.89 26.98 -4.12 0.00 TRACK
25.944	>>> V -2.99 0.00
25.945	S 297425 -50.98 26.89 -4.12 0.00 TRACK
25.965	>>> V -3.16 0.00
25.966	S 297445 -51.06 26.89 -2.75 0.00 TRACK
25.985	>>> V -3.16 0.00
25.985	S 297465 -51.15 26.98 -2.75 0.00 TRACK
26.005	>>> V -2.82 0.00
26.006	S 297485 -51.15 26.89 -2.75 0.00 TRACK
26.024	>>> V -2.82 0.00
26.025	S 297505 -51.24 26.89 -2.75 0.00 TRACK
26.046	>>> V -2.44 0.00
26.047	S 297525 -51.33 26.89 -2.75 0.00 TRACK
26.065	>>> V -2.44 0.00
26.065	S 297545 -51.33 26.89 -2.75 0.00 TRACK
26.086	>>> V -2.09 0.00
26.086	S 297565 -51.33 26.89 -1.37 0.00 TRACK
26.104	>>> V -2.09 0.00
26.105	S 297585 -51.33 26.89 0.00 0.00 TRACK
26.124	>>> V -1.87 0.00
26.126	S 297605 -51.50 26.98 0.00 0.00 TRACK
26.144	>>> V 0.00 0.00
26.145	S 297625 -51.50 26.89 -1.37 0.00 TRACK
26.164	>>> V 0.00 0.00
26.165	S 297645 -51.59 26.89 -2.75 0.00 TRACK
26.185	>>> V 0.00 0.00
26.186	S 297665 -51.59 26.89 -2.75 0.00 TRACK
26.204	>>> V 0.00 0.00
26.205	S 297685 -51.59 26.98 -1.37 0.00 TRACK
26.226	>>> V 0.00 0.00
26.226	S 297705 -51.59 26.89 0.00 0.00 TRACK
26.245	>>> V 0.00 0.00
26.245	S 297725 -51.59 26.89 0.00 0.00 TRACK
26.266	>>> V 0.00 0.00
26.267	S 297745 -51.59 26.89 0.00 0.00 TRACK
26.285	>>> V 0.00 0.00
26.285	S 297765 -51.50 26.89 0.00 0.00 TRACK
26.305	>>> V 0.00 0.00
26.305	S 297785 -51.50 26.89 0.00 0.00 TRACK
26.325	>>> V 0.00 0.00
26.325	S 297805 -51.50 26.98 0.00 0.00 TRACK
26.345	>>> V 0.00 0.00
26.345	S 297825 -51.59 26.98 0.00 0.00 TRACK
26.365	>>> V 0.00 0.00
26.366	S 297845 -51.50 26.89 0.00 0.00 TRACK
26.384	>>> V 0.00 0.00
26.385	S 297865 -51.50 26.89 0.00 0.00 TRACK
26.405	>>> V 0.00 0.00
26.405	S 297885 -51.50 26.89 0.00 0.00 TRACK
26.425	>>> V 0.00 0.00
26.426	S 297905 -51.50 26.89 0.00 0.00 TRACK
26.444	>>> V 0.00 0.00
26.445	S 297925 -51.50 26.98 0.00 0.00 TRACK
26.465	>>> V 0.00 0.00
26.465	S 297945 -51.50 26.89 0.00 0.00 TRACK
26.484	>>> V 0.00 0.00
26.484	S 297965 -51.50 26.89 0.00 0.00 TRACK
26.505	>>> V 0.00 0.00
26.505	S 297985 -51.50 26.89 0.00 0.00 TRACK
26.524	>>> V 0.00 0.00
26.525	S 298005 -51.50 26.89 0.00 0.00 TRACK
26.545	>>> V 0.00 0.00
26.546	S 298025 -51.50 26.89 0.00 0.00 TRACK
26.564	>>> V 0.00 0.00
26.565	S 298045 -51.50 26.89 0.00 0.00 TRACK
26.586	>>> V 0.00 0.00
26.587	S 298065 -51.50 26.89 0.00 0.00 TRACK
26.604	>>> V 0.00 0.00
26.605	S 298085 -51.50 26.98 0.00 0.00 TRACK
26.625	>>> V 0.00 0.00
26.626	S 298105 -51.50 26.98 0.00 0.00 TRACK
26.644	>>> V 0.00 0.00
26.645	S 298125 -51.50 26.89 0.00 0.00 TRACK
26.666	>>> V 0.00 0.00
26.666	S 298145 -51.50 26.98 0.00 0.00 TRACK
26.685	>>> V 0.00 0.00
26.685	S 298165 -51.50 26.98 0.00 0.00 TRACK
26.705	>>> V 0.00 0.00
26.705	S 298185 -51.50 26.89 0.00 0.00 TRACK
26.725	>>> V 0.00 0.00
26.725	S 298205 -51.50 26.89 0.00 0.00 TRACK
26.746	>>> V 0.00 0.00
26.747	S 298225 -51.50 26.98 0.00 0.00 TRACK
26.765	>>> V 0.00 0.00
26.766	S 298245 -51.50 26.89 0.00 0.00 TRACK
26.787	>>> V 0.00 0.00
26.787	S 298265 -51.50 26.89 0.00 0.00 TRACK
26.804	>>> V 0.00 0.00
26.805	S 298285 -51.50 26.98 0.00 0.00 TRACK
26.826	>>> V 0.00 0.00
26.827	S 298305 -51.50 26.89 0.00 0.00 TRACK
26.844	>>> V 0.00 0.00
26.845	S 298325 -51.50 26.98 0.00 0.00 TRACK
26.866	>>> V 0.00 0.00
26.866	S 298345 -51.42 26.89 0.00 0.00 TRACK
26.885	>>> V 0.00 0.00
26.885	S 298365 -51.50 26.89 0.00 0.00 TRACK
26.906	>>> V 0.00 0.00
26.906	S 298385 -51.50 26.89 0.00 0.00 TRACK
26.924	>>> V 0.00 0.00
26.924	S 298405 -51.50 26.98 0.00 0.00 TRACK
26.944	>>> V 0.00 0.00
26.945	S 298425 -51.50 26.89 0.00 0.00 TRACK
26.964	>>> V 0.00 0.00
26.965	S 298445 -51.50 26.89 0.00 0.00 TRACK
26.984	>>> V 0.00 0.00
26.985	S 298465 -51.50 26.89 0.00 0.00 TRACK
27.007	>>> V 0.00 0.00
27.008	S 298485 -51.50 26.89 0.00 0.00 TRACK
27.025	>>> V 0.00 0.00
27.026	S 298505 -51.50 26.89 0.00 0.00 TRACK
27.045	>>> V 0.00 0.00
27.045	S 298525 -51.50 26.89 0.00 0.00 TRACK
27.064	>>> V 0.00 0.00
27.065	S 298545 -51.50 26.98 0.00 0.00 TRACK
27.084	>>> V 0.00 0.00
27.087	S 298565 -51.50 26.89 0.00 0.00 TRACK
27.106	>>> V 0.00 0.00
27.107	S 298585 -51.50 26.98 0.00 0.00 TRACK
27.124	>>> V 0.00 0.00
27.126	S 298605 -51.50 26.98 0.00 0.00 TRACK
27.146	>>> V 0.00 0.00
27.152	S 298625 -51.50 26.98 0.00 0.00 TRACK
27.165	>>> V 0.00 0.00
27.166	S 298645 -51.50 26.89 0.00 0.00 TRACK
27.185	>>> V 0.00 0.00
27.185	S 298665 -51.42 26.89 0.00 0.00 TRACK
27.204	>>> V 0.00 0.00
27.205	S 298685 -51.50 26.89 0.00 0.00 TRACK
27.224	>>> V 0.00 0.00
27.224	S 298705 -51.50 26.89 0.00 0.00 TRACK
27.245	>>> V 0.00 0.00
27.246	S 298725 -51.50 26.89 0.00 0.00 TRACK
27.264	>>> V 0.00 0.00
27.265	S 298745 -51.50 26.98 0.00 0.00 TRACK
27.285	>>> V 0.00 0.00
27.287	S 298765 -51.50 26.89 0.00 0.00 TRACK
27.304	>>> V 0.00 0.00
27.304	S 298785 -51.50 26.89 0.00 0.00 TRACK
27.325	>>> V 0.00 0.00
27.327	S 298805 -51.50 26.89 0.00 0.00 TRACK
27.344	>>> V 0.00 0.00
27.345	S 298825 -51.50 26.98 0.00 0.00 TRACK
27.366	>>> V 0.00 0.00
27.367	S 298845 -51.42 26.89 0.00 0.00 TRACK
27.384	>>> V 0.00 0.00
27.385	S 298865 -51.50 26.89 0.00 0.00 TRACK
27.405	>>> V 0.00 0.00
27.406	S 298885 -51.50 26.89 0.00 0.00 TRACK
27.424	>>> V 0.00 0.00
27.425	S 298905 -51.50 26.89 0.00 0.00 TRACK
27.446	>>> V 0.00 0.00
27.447	S 298925 -51.50 26.89 0.00 0.00 TRACK
27.465	>>> V 0.00 0.00
27.465	S 298945 -51.50 26.89 0.00 0.00 TRACK
27.485	>>> V 0.00 0.00
27.485	S 298965 -51.50 26.98 0.00 0.00 TRACK
27.504	>>> V 0.00 0.00
27.505	S 298985 -51.50 26.89 0.00 0.00 TRACK
27.524	>>> V 0.00 0.00
27.525	S 299005 -51.50 26.89 0.00 0.00 TRACK
27.545	>>> V 0.00 0.00
27.546	S 299025 -51.42 26.89 0.00 0.00 TRACK
27.564	>>> V 0.00 0.00
27.564	S 299045 -51.50 26.89 0.00 0.00 TRACK
27.586	>>> V 0.00 0.00
27.587	S 299065 -51.50 26.98 0.00 0.00 TRACK
27.605	>>> V 0.00 0.00
27.607	S 299085 -51.50 26.89 0.00 0.00 TRACK
27.626	>>> V 0.00 0.00
27.626	S 299105 -51.50 26.89 0.00 0.00 TRACK
27.644	>>> V 0.00 0.00
27.647	S 299125 -51.50 26.89 0.00 0.00 TRACK
27.664	>>> V 0.00 0.00
27.665	S 299145 -51.50 26.89 0.00 0.00 TRACK
27.686	>>> V 0.00 0.00
27.687	S 299165 -51.50 26.89 0.00 0.00 TRACK
27.705	>>> V 0.00 0.00
27.705	S 299185 -51.50 26.89 0.00 0.00 TRACK
27.726	>>> V 0.00 0.00
27.726	S 299205 -51.42 26.98 0.00 0.00 TRACK
27.745	>>> V 0.00 0.00
27.746	S 299225 -51.50 26.89 0.00 0.00 TRACK
27.765	>>> V 0.00 0.00
27.766	S 299245 -51.50 26.89 0.00 0.00 TRACK
27.785	>>> V 0.00 0.00
27.785	S 299265 -51.50 26.98 0.00 0.00 TRACK
27.805	>>> V 0.00 0.00
27.805	S 299285 -51.50 26.98 0.00 0.00 TRACK
27.827	>>> V 0.00 0.00
27.828	S 299305 -51.50 26.89 0.00 0.00 TRACK
27.845	>>> V 0.00 0.00
27.845	S 299325 -51.50 26.89 0.00 0.00 TRACK
27.865	>>> V 0.00 0.00
27.866	S 299345 -51.50 26.89 0.00 0.00 TRACK
27.884	>>> V 0.00 0.00
27.885	S 299365 -51.50 26.98 0.00 0.00 TRACK
27.905	>>> V 0.00 0.00
27.905	S 299385 -51.50 26.89 0.00 0.00 TRACK
27.925	>>> V 0.00 0.00
27.926	S 299405 -51.50 26.89 0.00 0.00 TRACK
27.944	>>> V 0.00 0.00
27.945	S 299425 -51.42 26.89 0.00 0.00 TRACK
27.965	>>> V 0.00 0.00
27.968	S 299445 -51.42 26.89 0.00 0.00 TRACK
27.984	>>> V 0.00 0.00
27.984	S 299465 -51.50 26.89 0.00 0.00 TRACK
28.006	>>> V 0.00 0.00
28.007	S 299485 -51.50 26.98 0.00 0.00 TRACK
28.024	>>> V 0.00 0.00
28.027	S 299505 -51.50 26.98 0.00 0.00 TRACK
28.045	>>> V 0.00 0.00
28.045	S 299525 -51.50 26.98 0.00 0.00 TRACK
28.064	>>> V 0.00 0.00
28.066	S 299545 -51.50 26.98 0.00 0.00 TRACK
28.085	>>> V 0.00 0.00
28.085	S 299565 -51.50 26.89 0.00 0.00 TRACK
28.105	>>> V 0.00 0.00
28.105	S 299585 -51.50 26.89 0.00 0.00 TRACK
28.124	>>> V 0.00 0.00
28.125	S 299605 -51.50 26.98 0.00 0.00 TRACK
28.145	>>> V 0.00 0.00
28.145	S 299625 -51.50 26.89 0.00 0.00 TRACK
28.165	>>> V 0.00 0.00
28.165	S 299645 -51.50 26.89 0.00 0.00 TRACK
28.184	>>> V 0.00 0.00
28.184	S 299665 -51.50 26.98 0.00 0.00 TRACK
28.206	>>> V 0.00 0.00
28.206	S 299685 -51.50 26.98 0.00 0.00 TRACK
28.224	>>> V 0.00 0.00
28.225	S 299705 -51.50 26.89 0.00 0.00 TRACK
28.247	>>> V 0.00 0.00
28.248	S 299725 -51.50 26.98 0.00 0.00 TRACK
28.264	>>> V 0.00 0.00
28.265	S 299745 -51.50 26.98 0.00 0.00 TRACK
28.284	>>> V 0.00 0.00
28.285	S 299765 -51.50 26.89 0.00 0.00 TRACK
28.304	>>> V 0.00 0.00
28.304	S 299785 -51.50 26.89 0.00 0.00 TRACK
28.325	>>> V 0.00 0.00
28.325	S 299805 -51.50 26.89 0.00 0.00 TRACK
28.345	>>> V 0.00 0.00
28.346	S 299825 -51.50 26.89 0.00 0.00 TRACK
28.365	>>> V 0.00 0.00
28.365	S 299845 -51.50 26.98 0.00 0.00 TRACK
28.388	>>> V 0.00 0.00
28.389	S 299865 -51.50 26.98 0.00 0.00 TRACK
28.405	>>> V 0.00 0.00
28.405	S 299885 -51.50 26.89 0.00 0.00 TRACK
28.425	>>> V 0.00 0.00
28.425	S 299905 -51.50 26.98 0.00 0.00 TRACK
28.445	>>> V 0.00 0.00
28.446	S 299925 -51.50 26.89 0.00 0.00 TRACK
28.464	>>> V 0.00 0.00
28.465	S 299945 -51.50 26.89 0.00 0.00 TRACK
28.487	>>> V 0.00 0.00
28.487	S 299965 -51.50 26.98 0.00 0.00 TRACK
28.504	>>> V 0.00 0.00
28.505	S 299985 -51.50 26.89 0.00 0.00 TRACK
28.526	>>> V 0.00 0.00
28.526	S 300005 -51.50 26.98 0.00 0.00 TRACK
28.546	>>> V 0.00 0.00
28.547	S 300025 -51.50 26.89 0.00 0.00 TRACK
28.564	>>> V 0.00 0.00
28.565	S 300045 -51.50 26.89 0.00 0.00 TRACK
28.586	>>> V 0.00 0.00
28.587	S 300065 -51.50 26.98 0.00 0.00 TRACK
28.604	>>> V 0.00 0.00
28.605	S 300085 -51.50 26.98 0.00 0.00 TRACK
28.625	>>> V 0.00 0.00
28.626	S 300105 -51.50 26.89 0.00 0.00 TRACK
28.646	>>> V 0.00 0.00
28.646	S 300125 -51.50 26.98 0.00 0.00 TRACK
28.665	>>> V 0.00 0.00
28.665	S 300145 -51.50 26.98 0.00 0.00 TRACK
28.684	>>> V 0.00 0.00
28.685	S 300165 -51.42 26.98 0.00 0.00 TRACK
28.705	>>> V 0.00 0.00
28.706	S 300185 -51.50 26.89 0.00 0.00 TRACK
28.726	>>> V 0.00 0.00
28.726	S 300205 -51.50 26.89 0.00 0.00 TRACK
28.744	>>> V 0.00 0.00
28.745	S 300225 -51.42 26.98 0.00 0.00 TRACK
28.765	>>> V 0.00 0.00
28.767	S 300245 -51.50 26.98 0.00 0.00 TRACK
28.784	>>> V 0.00 0.00
28.784	S 300265 -51.50 26.98 0.00 0.00 TRACK
28.805	>>> V 0.00 0.00
28.806	S 300285 -51.50 26.89 0.00 0.00 TRACK
28.824	>>> V 0.00 0.00
28.825	S 300305 -51.50 26.89 0.00 0.00 TRACK
28.846	>>> V 0.00 0.00
28.846	S 300325 -51.50 26.98 0.00 0.00 TRACK
28.865	>>> V 0.00 0.00
28.866	S 300345 -51.50 26.98 0.00 0.00 TRACK
28.886	>>> V 0.00 0.00
28.886	S 300365 -51.50 26.89 0.00 0.00 TRACK
28.905	>>> V 0.00 0.00
28.905	S 300385 -51.50 26.89 0.00 0.00 TRACK
28.926	>>> V 0.00 0.00
28.926	S 300405 -51.50 26.89 0.00 0.00 TRACK
28.945	>>> V 0.00 0.00
28.945	S 300425 -51.50 26.98 0.00 0.00 TRACK
28.964	>>> V 0.00 0.00
28.965	S 300445 -51.50 26.89 0.00 0.00 TRACK
28.985	>>> V 0.00 0.00
28.986	S 300465 -51.50 26.89 0.00 0.00 TRACK
29.004	>>> V 0.00 0.00
29.005	S 300485 -51.50 26.89 0.00 0.00 TRACK
29.026	>>> V 0.00 0.00
29.026	S 300505 -51.50 26.89 0.00 0.00 TRACK
29.045	>>> V 0.00 0.00
29.046	S 300525 -51.50 26.89 0.00 0.00 TRACK
29.065	>>> V 0.00 0.00
29.066	S 300545 -51.50 26.89 0.00 0.00 TRACK
29.085	>>> V 0.00 0.00
29.085	S 300565 -51.50 26.98 0.00 0.00 TRACK
29.105	>>> V 0.00 0.00
29.105	S 300585 -51.50 26.98 0.00 0.00 TRACK
29.125	>>> V 0.00 0.00
29.126	S 300605 -51.50 26.89 0.00 0.00 TRACK
29.144	>>> V 0.00 0.00
29.145	S 300625 -51.50 26.98 0.00 0.00 TRACK
29.166	>>> V 0.00 0.00
29.166	S 300645 -51.50 26.89 0.00 0.00 TRACK
29.184	>>> V 0.00 0.00
29.185	S 300665 -51.50 26.89 0.00 0.00 TRACK
29.207	>>> V 0.00 0.00
29.207	S 300685 -51.50 26.89 0.00 0.00 TRACK
29.225	>>> V 0.00 0.00
29.225	S 300705 -51.50 26.89 0.00 0.00 TRACK
29.245	>>> V 0.00 0.00
29.245	S 300725 -51.50 26.98 0.00 0.00 TRACK
29.265	>>> V 0.00 0.00
29.265	S 300745 -51.50 26.89 0.00 0.00 TRACK
29.284	>>> V 0.00 0.00
29.286	S 300765 -51.50 26.89 0.00 0.00 TRACK
29.306	>>> V 0.00 0.00
29.307	S 300785 -51.50 26.89 0.00 0.00 TRACK
29.324	>>> V 0.00 0.00
29.325	S 300805 -51.50 26.89 0.00 0.00 TRACK
29.345	>>> V 0.00 0.00
29.346	S 300825 -51.50 26.89 0.00 0.00 TRACK
29.364	>>> V 0.00 0.00
29.365	S 300845 -51.50 26.89 0.00 0.00 TRACK
29.384	>>> V 0.00 0.00
29.385	S 300865 -51.50 26.89 0.00 0.00 TRACK
29.405	>>> V 0.00 0.00
29.406	S 300885 -51.50 26.98 0.00 0.00 TRACK
29.424	>>> V 0.00 0.00
29.425	S 300905 -51.50 26.89 0.00 0.00 TRACK
29.445	>>> V 0.00 0.00
29.448	S 300925 -51.50 26.89 0.00 0.00 TRACK
29.465	>>> V 0.00 0.00
29.465	S 300945 -51.50 26.89 0.00 0.00 TRACK
29.486	>>> V 0.00 0.00
29.487	S 300965 -51.50 26.89 0.00 0.00 TRACK
29.504	>>> V 0.00 0.00
29.505	S 300985 -51.50 26.98 0.00 0.00 TRACK
29.525	>>> V 0.00 0.00
29.525	S 301005 -51.50 26.89 0.00 0.00 TRACK
29.546	>>> V 0.00 0.00
29.546	S 301025 -51.50 26.89 0.00 0.00 TRACK
29.564	>>> V 0.00 0.00
29.565	S 301045 -51.50 26.89 0.00 0.00 TRACK
29.585	>>> V 0.00 0.00
29.587	S 301065 -51.50 26.89 0.00 0.00 TRACK
29.604	>>> V 0.00 0.00
29.605	S 301085 -51.50 26.89 0.00 0.00 TRACK
29.626	>>> V 0.00 0.00
29.626	S 301105 -51.50 26.89 0.00 0.00 TRACK
29.645	>>> V 0.00 0.00
29.646	S 301125 -51.50 26.98 0.00 0.00 TRACK
29.664	>>> V 0.00 0.00
29.664	S 301145 -51.50 26.98 0.00 0.00 TRACK
29.685	>>> V 0.00 0.00
29.686	S 301165 -51.50 26.89 0.00 0.00 TRACK
29.704	>>> V 0.00 0.00
29.705	S 301185 -51.50 26.89 0.00 0.00 TRACK
29.726	>>> V 0.00 0.00
29.726	S 301205 -51.50 26.89 0.00 0.00 TRACK
29.745	>>> V 0.00 0.00
29.746	S 301225 -51.50 26.98 0.00 0.00 TRACK
29.766	>>> V 0.00 0.00
29.766	S 301245 -51.50 26.98 0.00 0.00 TRACK
29.785	>>> V 0.00 0.00
29.785	S 301265 -51.50 26.89 0.00 0.00 TRACK
29.804	>>> V 0.00 0.00
29.805	S 301285 -51.50 26.89 0.00 0.00 TRACK
29.825	>>> V 0.00 0.00
29.825	S 301305 -51.50 26.98 0.00 0.00 TRACK
29.844	>>> V 0.00 0.00
29.845	S 301325 -51.50 26.89 0.00 0.00 TRACK
29.866	>>> V 0.00 0.00
29.866	S 301345 -51.50 26.89 0.00 0.00 TRACK
29.884	>>> V 0.00 0.00
29.885	S 301365 -51.50 26.98 0.00 0.00 TRACK
29.905	>>> V 0.00 0.00
29.906	S 301385 -51.50 26.89 0.00 0.00 TRACK
29.924	>>> V 0.00 0.00
29.925	S 301405 -51.50 26.89 0.00 0.00 TRACK
29.945	>>> V 0.00 0.00
29.945	S 301425 -51.50 26.89 0.00 0.00 TRACK
29.966	>>> V 0.00 0.00
29.966	S 301445 -51.50 26.89 0.00 0.00 TRACK
29.985	>>> V 0.00 0.00
29.985	S 301465 -51.50 26.98 0.00 0.00 TRACK
30.006	>>> V 0.00 0.00
30.008	S 301485 -51.50 26.89 0.00 0.00 TRACK
30.024	>>> V 0.00 0.00
30.028	S 301505 -51.50 26.89 0.00 0.00 TRACK
30.045	>>> V 0.00 0.00
30.045	S 301525 -51.50 26.89 0.00 0.00 TRACK
30.065	>>> V 0.00 0.00
30.066	S 301545 -51.50 26.98 0.00 0.00 TRACK
30.085	>>> V 0.00 0.00
30.085	S 301565 -51.50 26.89 0.00 0.00 TRACK
30.105	>>> V 0.00 0.00
30.105	S 301585 -51.50 26.98 0.00 0.00 TRACK
30.124	>>> V 0.00 0.00
30.126	S 301605 -51.50 26.89 0.00 0.00 TRACK
30.146	>>> V 0.00 0.00
30.147	S 301625 -51.50 26.89 0.00 0.00 TRACK
30.165	>>> V 0.00 0.00
30.165	S 301645 -51.50 26.89 0.00 0.00 TRACK
30.184	>>> V 0.00 0.00
30.186	S 301665 -51.50 26.89 0.00 0.00 TRACK
30.204	>>> V 0.00 0.00
30.205	S 301685 -51.50 26.89 0.00 0.00 TRACK
30.225	>>> V 0.00 0.00
30.227	S 301705 -51.50 26.89 0.00 0.00 TRACK
30.245	>>> V 0.00 0.00
30.245	S 301725 -51.50 26.98 0.00 0.00 TRACK
30.264	>>> V 0.00 0.00
30.265	S 301745 -51.50 26.89 0.00 0.00 TRACK
30.284	>>> V 0.00 0.00
30.285	S 301765 -51.50 26.89 0.00 0.00 TRACK
30.305	>>> V 0.00 0.00
30.305	S 301785 -51.50 26.98 0.00 0.00 TRACK
30.324	>>> V 0.00 0.00
30.325	S 301805 -51.50 26.98 0.00 0.00 TRACK
30.347	>>> V 0.00 0.00
30.348	S 301825 -51.50 26.89 0.00 0.00 TRACK
30.364	>>> V 0.00 0.00
30.365	S 301845 -51.50 26.89 0.00 0.00 TRACK
30.384	>>> V 0.00 0.00
30.385	S 301865 -51.50 26.89 0.00 0.00 TRACK
30.405	>>> V 0.00 0.00
30.406	S 301885 -51.50 26.89 0.00 0.00 TRACK
30.425	>>> V 0.00 0.00
30.426	S 301905 -51.50 26.89 0.00 0.00 TRACK
30.446	>>> V 0.00 0.00
30.447	S 301925 -51.50 26.89 0.00 0.00 TRACK
30.464	>>> V 0.00 0.00
30.467	S 301945 -51.50 26.89 0.00 0.00 TRACK
30.484	>>> V 0.00 0.00
30.484	S 301965 -51.50 26.98 0.00 0.00 TRACK
30.505	>>> V 0.00 0.00
30.505	S 301985 -51.50 26.89 0.00 0.00 TRACK
30.526	>>> V 0.00 0.00
30.526	S 302005 -51.50 26.89 0.00 0.00 TRACK
30.546	>>> V 0.00 0.00
30.548	S 302025 -51.50 26.89 0.00 0.00 TRACK
30.564	>>> V 0.00 0.00
30.566	S 302045 -51.50 26.89 0.00 0.00 TRACK
30.584	>>> V 0.00 0.00
30.584	S 302065 -51.50 26.98 0.00 0.00 TRACK
30.605	>>> V 0.00 0.00
30.606	S 302085 -51.50 26.89 0.00 0.00 TRACK
30.626	>>> V 0.00 0.00
30.627	S 302105 -51.50 26.98 0.00 0.00 TRACK
30.646	>>> V 0.00 0.00
30.647	S 302125 -51.50 26.89 0.00 0.00 TRACK
30.665	>>> V 0.00 0.00
30.666	S 302145 -51.50 26.89 0.00 0.00 TRACK
30.684	>>> V 0.00 0.00
30.685	S 302165 -51.50 26.89 0.00 0.00 TRACK
30.705	>>> V 0.00 0.00
30.706	S 302185 -51.50 26.89 0.00 0.00 TRACK
30.724	>>> V 0.00 0.00
30.726	S 302205 -51.50 26.89 0.00 0.00 TRACK
30.744	>>> V 0.00 0.00
30.745	S 302225 -51.50 26.98 0.00 0.00 TRACK
30.764	>>> V 0.00 0.00
30.764	S 302245 -51.50 26.98 0.00 0.00 TRACK
30.784	>>> V 0.00 0.00
30.784	S 302265 -51.50 26.89 0.00 0.00 TRACK
30.805	>>> V 0.00 0.00
30.807	S 302285 -51.50 26.89 0.00 0.00 TRACK
30.825	>>> V 0.00 0.00
30.825	S 302305 -51.50 26.89 0.00 0.00 TRACK
30.846	>>> V 0.00 0.00
30.846	S 302325 -51.50 26.89 0.00 0.00 TRACK
30.865	>>> V 0.00 0.00
30.865	S 302345 -51.50 26.89 0.00 0.00 TRACK
30.884	>>> V 0.00 0.00
30.885	S 302365 -51.50 26.98 0.00 0.00 TRACK
30.906	>>> V 0.00 0.00
30.907	S 302385 -51.50 26.89 0.00 0.00 TRACK
30.925	>>> V 0.00 0.00
30.925	S 302405 -51.50 26.89 0.00 0.00 TRACK
30.944	>>> V 0.00 0.00
30.945	S 302425 -51.50 26.89 0.00 0.00 TRACK
30.965	>>> V 0.00 0.00
30.965	S 302445 -51.50 26.89 0.00 0.00 TRACK
30.984	>>> V 0.00 0.00
30.985	S 302465 -51.50 26.98 0.00 0.00 TRACK
31.005	>>> V 0.00 0.00
31.006	S 302485 -51.50 26.98 0.00 0.00 TRACK
31.025	>>> V 0.00 0.00
31.025	S 302505 -51.50 26.89 0.00 0.00 TRACK
31.045	>>> V 0.00 0.00
31.046	S 302525 -51.50 26.98 0.00 0.00 TRACK
31.065	>>> V 0.00 0.00
31.065	S 302545 -51.50 26.89 0.00 0.00 TRACK
31.084	>>> V 0.00 0.00
31.084	S 302565 -51.50 26.98 0.00 0.00 TRACK
31.105	>>> V 0.00 0.00
31.105	S 302585 -51.50 26.89 0.00 0.00 TRACK
31.124	>>> V 0.00 0.00
31.125	S 302605 -51.50 26.89 0.00 0.00 TRACK
31.146	>>> V 0.00 0.00
31.148	S 302625 -51.50 26.89 0.00 0.00 TRACK
31.165	>>> V 0.00 0.00
31.165	S 302645 -51.50 26.89 0.00 0.00 TRACK
31.185	>>> V 0.00 0.00
31.185	S 302665 -51.42 26.89 0.00 0.00 TRACK
31.205	>>> V 0.00 0.00
31.205	S 302685 -51.50 26.89 0.00 0.00 TRACK
31.225	>>> V 0.00 0.00
31.225	S 302705 -51.50 26.98 0.00 0.00 TRACK
31.246	>>> V 0.00 0.00
31.246	S 302725 -51.50 26.98 0.00 0.00 TRACK
31.264	>>> V 0.00 0.00
31.265	S 302745 -51.50 26.98 0.00 0.00 TRACK
31.285	>>> V 0.00 0.00
31.285	S 302765 -51.50 26.98 0.00 0.00 TRACK
31.304	>>> V 0.00 0.00
31.305	S 302785 -51.50 26.89 0.00 0.00 TRACK
31.324	>>> V 0.00 0.00
31.325	S 302805 -51.50 26.89 0.00 0.00 TRACK
31.345	>>> V 0.00 0.00
31.347	S 302825 -51.50 26.89 0.00 0.00 TRACK
31.364	>>> V 0.00 0.00
31.365	S 302845 -51.50 26.89 0.00 0.00 TRACK
31.386	>>> V 0.00 0.00
31.387	S 302865 -51.50 26.98 0.00 0.00 TRACK
31.404	>>> V 0.00 0.00
31.405	S 302885 -51.50 26.89 0.00 0.00 TRACK
31.425	>>> V 0.00 0.00
31.426	S 302905 -51.50 26.89 0.00 0.00 TRACK
31.444	>>> V 0.00 0.00
31.445	S 302925 -51.50 26.89 0.00 0.00 TRACK
31.464	>>> V 0.00 0.00
31.465	S 302945 -51.50 26.89 0.00 0.00 TRACK
31.484	>>> V 0.00 0.00
31.484	S 302965 -51.50 26.89 0.00 0.00 TRACK
31.505	>>> V 0.00 0.00
31.505	S 302985 -51.50 26.89 0.00 0.00 TRACK
31.525	>>> V 0.00 0.00
31.525	S 303005 -51.50 26.89 0.00 0.00 TRACK
31.545	>>> V 0.00 0.00
31.545	S 303025 -51.50 26.89 0.00 0.00 TRACK
31.564	>>> V 0.00 0.00
31.566	S 303045 -51.50 26.89 0.00 0.00 TRACK
31.584	>>> V 0.00 0.00
31.585	S 303065 -51.50 26.89 0.00 0.00 TRACK
31.605	>>> V 0.00 0.00
31.606	S 303085 -51.50 26.98 0.00 0.00 TRACK
31.624	>>> V 0.00 0.00
31.625	S 303105 -51.50 26.98 0.00 0.00 TRACK
31.647	>>> V 0.00 0.00
31.649	S 303125 -51.50 26.89 0.00 0.00 TRACK
31.665	>>> V 0.00 0.00
31.666	S 303145 -51.50 26.98 0.00 0.00 TRACK
31.684	>>> V 0.00 0.00
31.685	S 303165 -51.50 26.98 0.00 0.00 TRACK
31.705	>>> V 0.00 0.00
31.705	S 303185 -51.50 26.98 0.00 0.00 TRACK
31.725	>>> V 0.00 0.00
31.725	S 303205 -51.50 26.89 0.00 0.00 TRACK
31.748	>>> V 0.00 0.00
31.748	S 303225 -51.50 26.89 0.00 0.00 TRACK
31.765	>>> V 0.00 0.00
31.765	S 303245 -51.50 26.98 0.00 0.00 TRACK
31.785	>>> V 0.00 0.00
31.785	S 303265 -51.50 26.98 0.00 0.00 TRACK
31.806	>>> V 0.00 0.00
31.807	S 303285 -51.50 26.89 0.00 0.00 TRACK
31.824	>>> V 0.00 0.00
31.825	S 303305 -51.50 26.98 0.00 0.00 TRACK
31.850	>>> V 0.00 0.00
31.851	S 303325 -51.50 26.89 0.00 0.00 TRACK
31.864	>>> V 0.00 0.00
31.866	S 303345 -51.50 26.98 0.00 0.00 TRACK
31.887	>>> V -3.12 -6.23
31.888	S 303365 -51.50 26.98 0.00 0.00 TRACK
31.905	>>> V -3.12 -6.23
31.905	S 303385 -51.50 26.89 0.00 0.00 TRACK
31.926	>>> V 0.00 0.00
31.926	S 303405 -51.50 26.98 0.00 0.00 TRACK
31.944	>>> V 0.00 0.00
31.945	S 303425 -51.59 26.89 0.00 0.00 TRACK
31.965	>>> V 0.00 0.00
31.965	S 303445 -51.68 26.81 0.00 0.00 TRACK
31.986	>>> V 0.00 0.00
31.986	S 303465 -51.68 26.72 -1.37 -1.37 TRACK
32.005	>>> V 0.00 0.00
32.005	S 303485 -51.68 26.81 -1.37 -1.37 TRACK
32.025	>>> V 0.00 0.00
32.027	S 303505 -51.68 26.72 -1.37 0.00 TRACK
32.045	>>> V 0.00 0.00
32.045	S 303525 -51.68 26.81 0.00 0.00 TRACK
32.065	>>> V 0.00 0.00
32.066	S 303545 -51.68 26.72 0.00 0.00 TRACK
32.084	>>> V 0.00 0.00
32.086	S 303565 -51.59 26.81 0.00 0.00 TRACK
32.104	>>> V 0.00 0.00
32.105	S 303585 -51.59 26.72 0.00 0.00 TRACK
32.125	>>> V 0.00 0.00
32.125	S 303605 -51.68 26.72 0.00 0.00 TRACK
32.144	>>> V 0.00 0.00
32.145	S 303625 -51.68 26.81 0.00 0.00 TRACK
32.165	>>> V 0.00 0.00
32.166	S 303645 -51.68 26.81 0.00 0.00 TRACK
32.184	>>> V 0.00 0.00
32.185	S 303665 -51.59 26.81 0.00 0.00 TRACK
32.205	>>> V 0.00 0.00
32.207	S 303685 -51.59 26.81 0.00 0.00 TRACK
32.224	>>> V 0.00 0.00
32.225	S 303705 -51.59 26.81 0.00 0.00 TRACK
32.246	>>> V 0.00 0.00
32.247	S 303725 -51.68 26.72 0.00 0.00 TRACK
32.264	>>> V 0.00 0.00
32.266	S 303745 -51.68 26.81 0.00 0.00 TRACK
32.284	>>> V 0.00 0.00
32.285	S 303765 -51.68 26.81 0.00 0.00 TRACK
32.306	>>> V 0.00 0.00
32.307	S 303785 -51.59 26.81 0.00 0.00 TRACK
32.324	>>> V 0.00 0.00
32.325	S 303805 -51.68 26.81 0.00 0.00 TRACK
32.345	>>> V 0.00 0.00
32.346	S 303825 -51.68 26.81 0.00 0.00 TRACK
32.364	>>> V 0.00 0.00
32.365	S 303845 -51.68 26.81 0.00 0.00 TRACK
32.384	>>> V 0.00 0.00
32.384	S 303865 -51.68 26.72 0.00 0.00 TRACK
32.405	>>> V 0.00 0.00
32.405	S 303885 -51.68 26.81 0.00 0.00 TRACK
32.424	>>> V 0.00 0.00
32.425	S 303905 -51.59 26.81 0.00 0.00 TRACK
32.447	>>> V 0.00 0.00
32.448	S 303925 -51.68 26.81 0.00 0.00 TRACK
32.465	>>> V 0.00 0.00
32.465	S 303945 -51.68 26.81 0.00 0.00 TRACK
32.485	>>> V 0.00 0.00
32.486	S 303965 -51.68 26.81 0.00 0.00 TRACK
32.505	>>> V 0.00 0.00
32.506	S 303985 -51.68 26.81 0.00 0.00 TRACK
32.524	>>> V 0.00 0.00
32.525	S 304005 -51.59 26.81 0.00 0.00 TRACK
32.546	>>> V 0.00 0.00
32.546	S 304025 -51.68 26.81 0.00 0.00 TRACK
32.564	>>> V 0.00 0.00
32.565	S 304045 -51.68 26.81 0.00 0.00 TRACK
32.584	>>> V 0.00 0.00
32.586	S 304065 -51.68 26.81 0.00 0.00 TRACK
32.605	>>> V 0.00 0.00
32.605	S 304085 -51.68 26.81 0.00 0.00 TRACK
32.624	>>> V 0.00 0.00
32.624	S 304105 -51.68 26.81 0.00 0.00 TRACK
32.645	>>> V 0.00 0.00
32.645	S 304125 -51.68 26.81 0.00 0.00 TRACK
32.664	>>> V 0.00 0.00
32.664	S 304145 -51.68 26.81 0.00 0.00 TRACK
32.685	>>> V 0.00 0.00
32.685	S 304165 -51.68 26.72 0.00 0.00 TRACK
32.704	>>> V 0.00 0.00
32.705	S 304185 -51.68 26.81 0.00 0.00 TRACK
32.726	>>> V 0.00 0.00
32.727	S 304205 -51.68 26.72 0.00 0.00 TRACK
32.744	>>> V 0.00 0.00
32.745	S 304225 -51.68 26.72 0.00 0.00 TRACK
32.765	>>> V 0.00 0.00
32.766	S 304245 -51.68 26.81 0.00 0.00 TRACK
32.784	>>> V 0.00 0.00
32.785	S 304265 -51.68 26.72 0.00 0.00 TRACK
32.804	>>> V 0.00 0.00
32.805	S 304285 -51.68 26.81 0.00 0.00 TRACK
32.825	>>> V 0.00 0.00
32.826	S 304305 -51.68 26.81 0.00 0.00 TRACK
32.844	>>> V 0.00 0.00
32.845	S 304325 -51.68 26.72 0.00 0.00 TRACK
32.866	>>> V 0.00 0.00
32.867	S 304345 -51.68 26.72 0.00 0.00 TRACK
32.885	>>> V 0.00 0.00
32.886	S 304365 -51.68 26.81 0.00 0.00 TRACK
32.904	>>> V 0.00 0.00
32.905	S 304385 -51.59 26.81 0.00 0.00 TRACK
32.925	>>> V 0.00 0.00
32.925	S 304405 -51.59 26.81 0.00 0.00 TRACK
32.945	>>> V 0.00 0.00
32.945	S 304425 -51.68 26.81 0.00 0.00 TRACK
32.966	>>> V 0.00 0.00
32.967	S 304445 -51.68 26.81 0.00 0.00 TRACK
32.984	>>> V 0.00 0.00
32.985	S 304465 -51.68 26.81 0.00 0.00 TRACK
33.005	>>> V 0.00 0.00
33.006	S 304485 -51.68 26.72 0.00 0.00 TRACK
33.025	>>> V 0.00 0.00
33.026	S 304505 -51.68 26.81 0.00 0.00 TRACK
33.045	>>> V 0.00 0.00
33.045	S 304526 -51.68 26.81 0.00 0.00 TRACK
33.066	>>> V 0.00 0.00
33.068	S 304546 -51.68 26.72 0.00 0.00 TRACK
33.085	>>> V 0.00 0.00
33.086	S 304566 -51.59 26.81 0.00 0.00 TRACK
33.108	>>> V 0.00 0.00
33.111	S 304586 -51.68 26.72 0.00 0.00 TRACK
33.124	>>> V 0.00 0.00
33.126	S 304606 -51.68 26.81 0.00 0.00 TRACK
33.145	>>> V 0.00 0.00
33.146	S 304626 -51.68 26.72 0.00 0.00 TRACK
33.166	>>> V 0.00 0.00
33.167	S 304646 -51.68 26.81 0.00 0.00 TRACK
33.184	>>> V 0.00 0.00
33.184	S 304666 -51.68 26.81 0.00 0.00 TRACK
33.207	>>> V 0.00 0.00
33.208	S 304686 -51.59 26.72 0.00 0.00 TRACK
33.225	>>> V 0.00 0.00
33.225	S 304706 -51.68 26.72 0.00 0.00 TRACK
33.246	>>> V 0.00 0.00
33.247	S 304726 -51.68 26.81 0.00 0.00 TRACK
33.264	>>> V 0.00 0.00
33.265	S 304746 -51.68 26.72 0.00 0.00 TRACK
33.287	>>> V 0.00 0.00
33.287	S 304766 -51.68 26.81 0.00 0.00 TRACK
33.305	>>> V 0.00 0.00
33.306	S 304786 -51.59 26.81 0.00 0.00 TRACK
33.324	>>> V 0.00 0.00
33.325	S 304806 -51.68 26.81 0.00 0.00 TRACK
33.345	>>> V 0.00 0.00
33.345	S 304826 -51.68 26.81 0.00 0.00 TRACK
33.366	>>> V 0.00 0.00
33.367	S 304846 -51.68 26.81 0.00 0.00 TRACK
33.384	>>> V 0.00 0.00
33.384	S 304866 -51.68 26.72 0.00 0.00 TRACK
33.405	>>> V 0.00 0.00
33.406	S 304886 -51.59 26.81 0.00 0.00 TRACK
33.424	>>> V 0.00 0.00
33.425	S 304906 -51.68 26.72 0.00 0.00 TRACK
33.445	>>> V 0.00 0.00
33.446	S 304926 -51.68 26.72 0.00 0.00 TRACK
33.464	>>> V 0.00 0.00
33.465	S 304946 -51.59 26.81 0.00 0.00 TRACK
33.486	>>> V 0.00 0.00
33.487	S 304966 -51.68 26.81 0.00 0.00 TRACK
33.506	>>> V 0.00 0.00
33.506	S 304986 -51.68 26.81 0.00 0.00 TRACK
33.525	>>> V 0.00 0.00
33.525	S 305006 -51.59 26.81 0.00 0.00 TRACK
33.544	>>> V 0.00 0.00
33.545	S 305026 -51.59 26.72 0.00 0.00 TRACK
33.564	>>> V 0.00 0.00
33.565	S 305046 -51.68 26.81 0.00 0.00 TRACK
33.585	>>> V 0.00 0.00
33.586	S 305066 -51.68 26.81 0.00 0.00 TRACK
33.605	>>> V 0.00 0.00
33.606	S 305086 -51.68 26.81 0.00 0.00 TRACK
33.627	>>> V 0.00 0.00
33.628	S 305106 -51.68 26.81 0.00 0.00 TRACK
33.646	>>> V 0.00 0.00
33.647	S 305126 -51.68 26.81 0.00 0.00 TRACK
33.665	>>> V 0.00 0.00
33.665	S 305146 -51.68 26.81 0.00 0.00 TRACK
33.684	>>> V 0.00 0.00
33.685	S 305166 -51.68 26.81 0.00 0.00 TRACK
33.704	>>> V 0.00 0.00
33.705	S 305186 -51.59 26.81 0.00 0.00 TRACK
33.725	>>> V 0.00 0.00
33.726	S 305206 -51.68 26.81 0.00 0.00 TRACK
33.744	>>> V 0.00 0.00
33.745	S 305226 -51.68 26.81 0.00 0.00 TRACK
33.766	>>> V 0.00 0.00
33.767	S 305246 -51.68 26.72 0.00 0.00 TRACK
33.784	>>> V 0.00 0.00
33.785	S 305266 -51.59 26.81 0.00 0.00 TRACK
33.805	>>> V 0.00 0.00
33.806	S 305286 -51.68 26.81 0.00 0.00 TRACK
33.824	>>> V 0.00 0.00
33.826	S 305306 -51.68 26.81 0.00 0.00 TRACK
33.845	>>> V 0.00 0.00
33.846	S 305326 -51.59 26.81 0.00 0.00 TRACK
33.864	>>> V 0.00 0.00
33.865	S 305346 -51.68 26.81 0.00 0.00 TRACK
33.884	>>> V 0.00 0.00
33.886	S 305366 -51.68 26.81 0.00 0.00 TRACK
33.905	>>> V 0.00 0.00
33.906	S 305386 -51.68 26.72 0.00 0.00 TRACK
33.924	>>> V 0.00 0.00
33.925	S 305406 -51.68 26.81 0.00 0.00 TRACK
33.948	>>> V 0.00 0.00
33.949	S 305426 -51.59 26.81 0.00 0.00 TRACK
33.965	>>> V 0.00 0.00
33.965	S 305446 -51.68 26.81 0.00 0.00 TRACK
33.986	>>> V 0.00 0.00
33.987	S 305466 -51.68 26.81 0.00 0.00 TRACK
34.004	>>> V 0.00 0.00
34.005	S 305486 -51.68 26.81 0.00 0.00 TRACK
34.026	>>> V 0.00 0.00
34.026	S 305506 -51.68 26.81 0.00 0.00 TRACK
34.044	>>> V 0.00 0.00
34.046	S 305526 -51.68 26.81 0.00 0.00 TRACK
34.064	>>> V 0.00 0.00
34.065	S 305546 -51.68 26.81 0.00 0.00 TRACK
34.086	>>> V 0.00 0.00
34.086	S 305566 -51.68 26.72 0.00 0.00 TRACK
34.105	>>> V 0.00 0.00
34.105	S 305586 -51.68 26.72 0.00 0.00 TRACK
34.125	>>> V 0.00 0.00
34.126	S 305606 -51.59 26.81 0.00 0.00 TRACK
34.145	>>> V 0.00 0.00
34.146	S 305626 -51.68 26.81 0.00 0.00 TRACK
34.165	>>> V 0.00 0.00
34.166	S 305646 -51.68 26.72 0.00 0.00 TRACK
34.185	>>> V 0.00 0.00
34.185	S 305666 -51.68 26.81 0.00 0.00 TRACK
34.210	>>> V 0.00 0.00
34.211	S 305686 -51.68 26.81 0.00 0.00 TRACK
34.225	>>> V 0.00 0.00
34.226	S 305706 -51.68 26.81 0.00 0.00 TRACK
34.246	>>> V 0.00 0.00
34.246	S 305726 -51.59 26.81 0.00 0.00 TRACK
34.265	>>> V 0.00 0.00
34.265	S 305746 -51.68 26.72 0.00 0.00 TRACK
34.284	>>> V 0.00 0.00
34.285	S 305766 -51.68 26.81 0.00 0.00 TRACK
34.306	>>> V 0.00 0.00
34.307	S 305786 -51.68 26.81 0.00 0.00 TRACK
34.326	>>> V 0.00 0.00
34.327	S 305806 -51.68 26.81 0.00 0.00 TRACK
34.345	>>> V 0.00 0.00
34.346	S 305826 -51.68 26.81 0.00 0.00 TRACK
34.365	>>> V 0.00 0.00
34.365	S 305846 -51.68 26.72 0.00 0.00 TRACK
34.386	>>> V 0.00 0.00
34.386	S 305866 -51.59 26.81 0.00 0.00 TRACK
34.405	>>> V 0.00 0.00
34.406	S 305886 -51.68 26.81 0.00 0.00 TRACK
34.426	>>> V 0.00 0.00
34.427	S 305906 -51.68 26.81 0.00 0.00 TRACK
34.444	>>> V 0.00 0.00
34.445	S 305926 -51.59 26.72 0.00 0.00 TRACK
34.464	>>> V 0.00 0.00
34.464	S 305946 -51.68 26.81 0.00 0.00 TRACK
34.484	>>> V 0.00 0.00
34.484	S 305966 -51.68 26.72 0.00 0.00 TRACK
34.504	>>> V 0.00 0.00
34.505	S 305986 -51.68 26.81 0.00 0.00 TRACK
34.526	>>> V 0.00 0.00
34.527	S 306006 -51.68 26.81 0.00 0.00 TRACK
34.545	>>> V 0.00 0.00
34.545	S 306026 -51.68 26.81 0.00 0.00 TRACK
34.565	>>> V 0.00 0.00
34.566	S 306046 -51.68 26.81 0.00 0.00 TRACK
34.584	>>> V 0.00 0.00
34.585	S 306066 -51.68 26.72 0.00 0.00 TRACK
34.604	>>> V 0.00 0.00
34.605	S 306086 -51.68 26.72 0.00 0.00 TRACK
34.625	>>> V 0.00 0.00
34.626	S 306106 -51.68 26.81 0.00 0.00 TRACK
34.645	>>> V 0.00 0.00
34.645	S 306126 -51.68 26.81 0.00 0.00 TRACK
34.667	>>> V 0.00 0.00
34.668	S 306146 -51.59 26.72 0.00 0.00 TRACK
34.685	>>> V 0.00 0.00
34.685	S 306166 -51.68 26.81 0.00 0.00 TRACK
34.707	>>> V 0.00 0.00
34.707	S 306186 -51.68 26.81 0.00 0.00 TRACK
34.726	>>> V 0.00 0.00
34.726	S 306206 -51.68 26.72 0.00 0.00 TRACK
34.745	>>> V 0.00 0.00
34.746	S 306226 -51.68 26.81 0.00 0.00 TRACK
34.767	>>> V 0.00 0.00
34.768	S 306246 -51.68 26.72 0.00 0.00 TRACK
34.786	>>> V 0.00 0.00
34.786	S 306266 -51.68 26.81 0.00 0.00 TRACK
34.807	>>> V 0.00 0.00
34.808	S 306286 -51.68 26.81 0.00 0.00 TRACK
34.824	>>> V 0.00 0.00
34.825	S 306306 -51.59 26.81 0.00 0.00 TRACK
34.846	>>> V 0.00 0.00
34.847	S 306326 -51.68 26.72 0.00 0.00 TRACK
34.869	>>> V 0.00 0.00
34.869	S 306346 -51.59 26.81 0.00 0.00 TRACK
34.885	>>> V 0.00 0.00
34.886	S 306366 -51.68 26.81 0.00 0.00 TRACK
34.905	>>> V 0.00 0.00
34.905	S 306386 -51.68 26.81 0.00 0.00 TRACK
34.926	>>> V 0.00 0.00
34.927	S 306406 -51.68 26.81 0.00 0.00 TRACK
34.944	>>> V 0.00 0.00
34.945	S 306426 -51.68 26.81 0.00 0.00 TRACK
34.966	>>> V 0.00 0.00
34.967	S 306446 -51.68 26.81 0.00 0.00 TRACK
34.984	>>> V 0.00 0.00
34.985	S 306466 -51.59 26.81 0.00 0.00 TRACK
35.008	>>> V 0.00 0.00
35.009	S 306486 -51.68 26.81 0.00 0.00 TRACK
35.025	>>> V 0.00 0.00
35.026	S 306506 -51.68 26.81 0.00 0.00 TRACK
35.046	>>> V 0.00 0.00
35.046	S 306526 -51.68 26.81 0.00 0.00 TRACK
35.064	>>> V 0.00 0.00
35.065	S 306546 -51.68 26.81 0.00 0.00 TRACK
35.085	>>> V 0.00 0.00
35.085	S 306566 -51.68 26.81 0.00 0.00 TRACK
35.104	>>> V 0.00 0.00
35.104	S 306586 -51.68 26.72 0.00 0.00 TRACK
35.125	>>> V 0.00 0.00
35.125	S 306606 -51.68 26.81 0.00 0.00 TRACK
35.145	>>> V 0.00 0.00
35.146	S 306626 -51.68 26.81 0.00 0.00 TRACK
35.164	>>> V 0.00 0.00
35.165	S 306646 -51.68 26.72 0.00 0.00 TRACK
35.186	>>> V 0.00 0.00
35.187	S 306666 -51.68 26.81 0.00 0.00 TRACK
35.204	>>> V 0.00 0.00
35.205	S 306686 -51.59 26.81 0.00 0.00 TRACK
35.225	>>> V 0.00 0.00
35.225	S 306706 -51.68 26.81 0.00 0.00 TRACK
35.245	>>> V 0.00 0.00
35.245	S 306726 -51.68 26.72 0.00 0.00 TRACK
35.264	>>> V 0.00 0.00
35.265	S 306746 -51.59 26.81 0.00 0.00 TRACK
35.285	>>> V 0.00 0.00
35.285	S 306766 -51.68 26.81 0.00 0.00 TRACK
35.304	>>> V 0.00 0.00
35.304	S 306786 -51.68 26.81 0.00 0.00 TRACK
35.326	>>> V 0.00 0.00
35.327	S 306806 -51.68 26.81 0.00 0.00 TRACK
35.344	>>> V 0.00 0.00
35.344	S 306826 -51.68 26.72 0.00 0.00 TRACK
35.366	>>> V 0.00 0.00
35.367	S 306846 -51.68 26.81 0.00 0.00 TRACK
35.384	>>> V 0.00 0.00
35.385	S 306866 -51.68 26.81 0.00 0.00 TRACK
35.405	>>> V 0.00 0.00
35.407	S 306886 -51.68 26.81 0.00 0.00 TRACK
35.425	>>> V 0.00 0.00
35.425	S 306906 -51.68 26.81 0.00 0.00 TRACK
35.444	>>> V 0.00 0.00
35.445	S 306926 -51.68 26.81 0.00 0.00 TRACK
35.466	>>> V 0.00 0.00
35.467	S 306946 -51.68 26.81 0.00 0.00 TRACK
35.485	>>> V 0.00 0.00
35.485	S 306966 -51.68 26.81 0.00 0.00 TRACK
35.505	>>> V 0.00 0.00
35.505	S 306986 -51.68 26.81 0.00 0.00 TRACK
35.524	>>> V 0.00 0.00
35.524	S 307006 -51.68 26.72 0.00 0.00 TRACK
35.545	>>> V 0.00 0.00
35.545	S 307026 -51.68 26.81 0.00 0.00 TRACK
35.566	>>> V 0.00 0.00
35.567	S 307046 -51.68 26.81 0.00 0.00 TRACK
35.584	>>> V 0.00 0.00
35.585	S 307066 -51.68 26.81 0.00 0.00 TRACK
35.605	>>> V 0.00 0.00
35.606	S 307086 -51.68 26.81 0.00 0.00 TRACK
35.624	>>> V 0.00 0.00
35.625	S 307106 -51.68 26.81 0.00 0.00 TRACK
35.644	>>> V 0.00 0.00
35.645	S 307126 -51.68 26.81 0.00 0.00 TRACK
35.665	>>> V 0.00 0.00
35.666	S 307146 -51.59 26.72 0.00 0.00 TRACK
35.684	>>> V 0.00 0.00
35.685	S 307166 -51.68 26.81 0.00 0.00 TRACK
35.706	>>> V 0.00 0.00
35.712	S 307186 -51.68 26.81 0.00 0.00 TRACK
35.725	>>> V 0.00 0.00
35.725	S 307206 -51.68 26.81 0.00 0.00 TRACK
35.750	>>> V 0.00 0.00
35.751	S 307226 -51.68 26.81 0.00 0.00 TRACK
35.766	>>> V 0.00 0.00
35.766	S 307246 -51.68 26.72 0.00 0.00 TRACK
35.785	>>> V 0.00 0.00
35.785	S 307266 -51.68 26.81 0.00 0.00 TRACK
35.805	>>> V 0.00 0.00
35.806	S 307286 -51.68 26.81 0.00 0.00 TRACK
35.824	>>> V 0.00 0.00
35.825	S 307306 -51.68 26.72 0.00 0.00 TRACK
35.848	>>> V 0.00 0.00
35.849	S 307326 -51.68 26.81 0.00 0.00 TRACK
35.865	>>> V 0.00 0.00
35.866	S 307346 -51.68 26.81 0.00 0.00 TRACK
35.885	>>> V 0.00 0.00
35.886	S 307366 -51.68 26.81 0.00 0.00 TRACK
35.905	>>> V 0.00 0.00
35.906	S 307386 -51.68 26.81 0.00 0.00 TRACK
35.924	>>> V 0.00 0.00
35.925	S 307406 -51.68 26.81 0.00 0.00 TRACK
35.945	>>> V 0.00 0.00
35.946	S 307426 -51.68 26.81 0.00 0.00 TRACK
35.965	>>> V 0.00 0.00
35.966	S 307446 -51.68 26.81 0.00 0.00 TRACK
35.986	>>> V 0.00 0.00
35.988	S 307466 -51.68 26.81 0.00 0.00 TRACK
36.006	>>> V 0.00 0.00
36.007	S 307486 -51.68 26.81 0.00 0.00 TRACK
36.026	>>> V 0.00 0.00
36.027	S 307506 -51.68 26.81 0.00 0.00 TRACK
36.045	>>> V 0.00 0.00
36.045	S 307526 -51.68 26.81 0.00 0.00 TRACK
36.065	>>> V 0.00 0.00
36.065	S 307546 -51.68 26.81 0.00 0.00 TRACK
36.084	>>> V 0.00 0.00
36.084	S 307566 -51.68 26.81 0.00 0.00 TRACK
36.104	>>> V 0.00 0.00
36.105	S 307586 -51.68 26.72 0.00 0.00 TRACK
36.126	>>> V 0.00 0.00
36.126	S 307606 -51.68 26.72 0.00 0.00 TRACK
36.147	>>> V 0.00 0.00
36.147	S 307626 -51.68 26.81 0.00 0.00 TRACK
36.165	>>> V 0.00 0.00
36.165	S 307646 -51.68 26.81 0.00 0.00 TRACK
36.185	>>> V 0.00 0.00
36.186	S 307666 -51.68 26.72 0.00 0.00 TRACK
36.205	>>> V 0.00 0.00
36.206	S 307686 -51.68 26.81 0.00 0.00 TRACK
36.224	>>> V 0.00 0.00
36.225	S 307706 -51.59 26.81 0.00 0.00 TRACK
36.244	>>> V 0.00 0.00
36.245	S 307726 -51.59 26.81 0.00 0.00 TRACK
36.264	>>> V 0.00 0.00
36.265	S 307746 -51.68 26.81 0.00 0.00 TRACK
36.286	>>> V 0.00 0.00
36.287	S 307766 -51.68 26.72 0.00 0.00 TRACK
36.305	>>> V 0.00 0.00
36.306	S 307786 -51.68 26.81 0.00 0.00 TRACK
36.326	>>> V 0.00 0.00
36.326	S 307806 -51.68 26.81 0.00 0.00 TRACK
36.345	>>> V 0.00 0.00
36.345	S 307826 -51.68 26.81 0.00 0.00 TRACK
36.365	>>> V 0.00 0.00
36.365	S 307846 -51.59 26.81 0.00 0.00 TRACK
36.386	>>> V 0.00 0.00
36.387	S 307866 -51.68 26.81 0.00 0.00 TRACK
36.404	>>> V 0.00 0.00
36.405	S 307886 -51.68 26.72 0.00 0.00 TRACK
36.424	>>> V 0.00 0.00
36.426	S 307906 -51.68 26.81 0.00 0.00 TRACK
36.444	>>> V 0.00 0.00
36.445	S 307926 -51.68 26.81 0.00 0.00 TRACK
36.464	>>> V 0.00 0.00
36.465	S 307946 -51.68 26.81 0.00 0.00 TRACK
36.484	>>> V 0.00 0.00
36.485	S 307966 -51.68 26.72 0.00 0.00 TRACK
36.506	>>> V 0.00 0.00
36.507	S 307986 -51.68 26.81 0.00 0.00 TRACK
36.524	>>> V 0.00 0.00
36.525	S 308006 -51.59 26.81 0.00 0.00 TRACK
36.547	>>> V 0.00 0.00
36.547	S 308026 -51.68 26.81 0.00 0.00 TRACK
36.565	>>> V 0.00 0.00
36.565	S 308046 -51.68 26.81 0.00 0.00 TRACK
36.584	>>> V 0.00 0.00
36.585	S 308066 -51.68 26.81 0.00 0.00 TRACK
36.605	>>> V 0.00 0.00
36.606	S 308086 -51.59 26.81 0.00 0.00 TRACK
36.624	>>> V 0.00 0.00
36.625	S 308106 -51.68 26.81 0.00 0.00 TRACK
36.646	>>> V 0.00 0.00
36.647	S 308126 -51.68 26.81 0.00 0.00 TRACK
36.664	>>> V 0.00 0.00
36.665	S 308146 -51.68 26.72 0.00 0.00 TRACK
36.685	>>> V 0.00 0.00
36.685	S 308166 -51.68 26.72 0.00 0.00 TRACK
36.706	>>> V 0.00 0.00
36.709	S 308186 -51.68 26.81 0.00 0.00 TRACK
36.724	>>> V 0.00 0.00
36.725	S 308206 -51.59 26.81 0.00 0.00 TRACK
36.745	>>> V 0.00 0.00
36.746	S 308226 -51.68 26.72 0.00 0.00 TRACK
36.765	>>> V 0.00 0.00
36.765	S 308246 -51.68 26.81 0.00 0.00 TRACK
36.784	>>> V 0.00 0.00
36.786	S 308266 -51.68 26.72 0.00 0.00 TRACK
36.805	>>> V 0.00 0.00
36.805	S 308286 -51.68 26.72 0.00 0.00 TRACK
36.825	>>> V 0.00 0.00
36.825	S 308306 -51.68 26.81 0.00 0.00 TRACK
36.846	>>> V 0.00 0.00
36.847	S 308326 -51.68 26.81 0.00 0.00 TRACK
36.865	>>> V 0.00 0.00
36.866	S 308346 -51.68 26.72 0.00 0.00 TRACK
36.885	>>> V 0.00 0.00
36.885	S 308366 -51.68 26.81 0.00 0.00 TRACK
36.907	>>> V 0.00 0.00
36.911	S 308386 -51.68 26.81 0.00 0.00 TRACK
36.925	>>> V 0.00 0.00
36.926	S 308406 -51.68 26.72 0.00 0.00 TRACK
36.946	>>> V 0.00 0.00
36.946	S 308426 -51.68 26.81 0.00 0.00 TRACK
36.967	>>> V 0.00 0.00
36.968	S 308446 -51.59 26.81 0.00 0.00 TRACK
36.985	>>> V 0.00 0.00
36.985	S 308466 -51.59 26.72 0.00 0.00 TRACK
37.004	>>> V 0.00 0.00
37.005	S 308486 -51.59 26.81 0.00 0.00 TRACK
37.025	>>> V 0.00 0.00
37.028	S 308506 -51.68 26.72 0.00 0.00 TRACK
37.045	>>> V 0.00 0.00
37.045	S 308526 -51.68 26.81 0.00 0.00 TRACK
37.065	>>> V 0.00 0.00
37.066	S 308546 -51.68 26.72 0.00 0.00 TRACK
37.084	>>> V 0.00 0.00
37.085	S 308566 -51.68 26.72 0.00 0.00 TRACK
37.104	>>> V 0.00 0.00
37.105	S 308586 -51.68 26.81 0.00 0.00 TRACK
37.126	>>> V 0.00 0.00
37.126	S 308606 -51.68 26.81 0.00 0.00 TRACK
37.145	>>> V 0.00 0.00
37.146	S 308626 -51.59 26.72 0.00 0.00 TRACK
37.165	>>> V 0.00 0.00
37.165	S 308646 -51.68 26.72 0.00 0.00 TRACK
37.188	>>> V 0.00 0.00
37.189	S 308666 -51.68 26.81 0.00 0.00 TRACK
37.205	>>> V 0.00 0.00
37.206	S 308686 -51.68 26.81 0.00 0.00 TRACK
37.225	>>> V 0.00 0.00
37.225	S 308706 -51.68 26.81 0.00 0.00 TRACK
37.245	>>> V 0.00 0.00
37.246	S 308726 -51.68 26.81 0.00 0.00 TRACK
37.265	>>> V 0.00 0.00
37.265	S 308746 -51.68 26.72 0.00 0.00 TRACK
37.285	>>> V 0.00 0.00
37.285	S 308766 -51.68 26.81 0.00 0.00 TRACK
37.306	>>> V 0.00 0.00
37.309	S 308786 -51.68 26.72 0.00 0.00 TRACK
37.324	>>> V 0.00 0.00
37.325	S 308806 -51.68 26.72 0.00 0.00 TRACK
37.345	>>> V 0.00 0.00
37.346	S 308826 -51.68 26.81 0.00 0.00 TRACK
37.365	>>> V 0.00 0.00
37.365	S 308846 -51.68 26.81 0.00 0.00 TRACK
37.385	>>> V 0.00 0.00
37.386	S 308866 -51.68 26.72 0.00 0.00 TRACK
37.405	>>> V 0.00 0.00
37.406	S 308886 -51.68 26.81 0.00 0.00 TRACK
37.426	>>> V 0.00 0.00
37.426	S 308906 -51.68 26.81 0.00 0.00 TRACK
37.445	>>> V 0.00 0.00
37.445	S 308926 -51.59 26.72 0.00 0.00 TRACK
37.465	>>> V 0.00 0.00
37.465	S 308946 -51.68 26.72 0.00 0.00 TRACK
37.485	>>> V 0.00 0.00
37.485	S 308966 -51.68 26.72 0.00 0.00 TRACK
37.504	>>> V 0.00 0.00
37.505	S 308986 -51.68 26.81 0.00 0.00 TRACK
37.525	>>> V 0.00 0.00
37.525	S 309006 -51.68 26.81 0.00 0.00 TRACK
37.546	>>> V 0.00 0.00
37.547	S 309026 -51.68 26.72 0.00 0.00 TRACK
37.566	>>> V 0.00 0.00
37.566	S 309046 -51.68 26.81 0.00 0.00 TRACK
37.585	>>> V 0.00 0.00
37.585	S 309066 -51.68 26.72 0.00 0.00 TRACK
37.604	>>> V 0.00 0.00
37.605	S 309086 -51.68 26.81 0.00 0.00 TRACK
37.626	>>> V 0.00 0.00
37.627	S 309106 -51.68 26.81 0.00 0.00 TRACK
37.644	>>> V 0.00 0.00
37.644	S 309126 -51.68 26.81 0.00 0.00 TRACK
37.666	>>> V 0.00 0.00
37.667	S 309146 -51.68 26.81 0.00 0.00 TRACK
37.685	>>> V 0.00 0.00
37.686	S 309166 -51.68 26.72 0.00 0.00 TRACK
37.705	>>> V 0.00 0.00
37.705	S 309186 -51.68 26.81 0.00 0.00 TRACK
37.727	>>> V 0.00 0.00
37.728	S 309206 -51.68 26.81 0.00 0.00 TRACK
37.747	>>> V 0.00 0.00
37.747	S 309226 -51.68 26.81 0.00 0.00 TRACK
37.765	>>> V 0.00 0.00
37.765	S 309246 -51.68 26.81 0.00 0.00 TRACK
37.785	>>> V 0.00 0.00
37.787	S 309266 -51.68 26.81 0.00 0.00 TRACK
37.805	>>> V 0.00 0.00
37.805	S 309286 -51.68 26.72 0.00 0.00 TRACK
37.826	>>> V 0.00 0.00
37.826	S 309306 -51.59 26.81 0.00 0.00 TRACK
37.844	>>> V 0.00 0.00
37.845	S 309326 -51.68 26.72 0.00 0.00 TRACK
37.866	>>> V 0.00 0.00
37.867	S 309346 -51.68 26.72 0.00 0.00 TRACK
37.885	>>> V 0.00 0.00
37.886	S 309366 -51.68 26.81 0.00 0.00 TRACK
37.904	>>> V 0.00 0.00
37.905	S 309386 -51.68 26.81 0.00 0.00 TRACK
37.926	>>> V 0.00 0.00
37.926	S 309406 -51.68 26.81 0.00 0.00 TRACK
37.944	>>> V 0.00 0.00
37.945	S 309426 -51.68 26.81 0.00 0.00 TRACK
37.965	>>> V 0.00 0.00
37.966	S 309446 -51.68 26.81 0.00 0.00 TRACK
37.986	>>> V 0.00 0.00
37.987	S 309466 -51.68 26.81 0.00 0.00 TRACK
38.005	>>> V 0.00 0.00
38.007	S 309486 -51.68 26.81 0.00 0.00 TRACK
38.026	>>> V 0.00 0.00
38.027	S 309506 -51.68 26.81 0.00 0.00 TRACK
38.046	>>> V 0.00 0.00
38.046	S 309526 -51.59 26.72 0.00 0.00 TRACK
38.065	>>> V 0.00 0.00
38.085	>>> V 0.00 0.00
38.089	S 309546 -51.59 26.72 0.00 0.00 TRACK
38.093	S 309566 -51.68 26.81 0.00 0.00 TRACK
38.105	>>> V 0.00 0.00
38.105	S 309586 -51.68 26.81 0.00 0.00 TRACK
38.127	>>> V 0.00 0.00
38.128	S 309606 -51.68 26.81 0.00 0.00 TRACK
38.144	>>> V 0.00 0.00
38.145	S 309626 -51.68 26.81 0.00 0.00 TRACK
38.165	>>> V 0.00 0.00
38.165	S 309646 -51.68 26.81 0.00 0.00 TRACK
38.185	>>> V 0.00 0.00
38.186	S 309666 -51.59 26.81 0.00 0.00 TRACK
38.204	>>> V 0.00 0.00
38.204	S 309686 -51.68 26.81 0.00 0.00 TRACK
38.224	>>> V 0.00 0.00
38.224	S 309706 -51.68 26.81 0.00 0.00 TRACK
38.246	>>> V 0.00 0.00
38.247	S 309726 -51.68 26.81 0.00 0.00 TRACK
38.265	>>> V 0.00 0.00
38.266	S 309746 -51.68 26.72 0.00 0.00 TRACK
38.285	>>> V 0.00 0.00
38.285	S 309766 -51.68 26.81 0.00 0.00 TRACK
38.304	>>> V 0.00 0.00
38.304	S 309786 -51.68 26.81 0.00 0.00 TRACK
38.324	>>> V 0.00 0.00
38.325	S 309806 -51.59 26.81 0.00 0.00 TRACK
38.347	>>> V 0.00 0.00
38.348	S 309826 -51.68 26.81 0.00 0.00 TRACK
38.365	>>> V 0.00 0.00
38.365	S 309846 -51.68 26.81 0.00 0.00 TRACK
38.385	>>> V 0.00 0.00
38.385	S 309866 -51.59 26.72 0.00 0.00 TRACK
38.404	>>> V 0.00 0.00
38.405	S 309886 -51.59 26.81 0.00 0.00 TRACK
38.424	>>> V 0.00 0.00
38.425	S 309906 -51.68 26.81 0.00 0.00 TRACK
38.446	>>> V 0.00 0.00
38.446	S 309926 -51.68 26.81 0.00 0.00 TRACK
38.464	>>> V 0.00 0.00
38.465	S 309946 -51.68 26.81 0.00 0.00 TRACK
38.485	>>> V 0.00 0.00
38.486	S 309966 -51.68 26.72 0.00 0.00 TRACK
38.504	>>> V 0.00 0.00
38.504	S 309986 -51.68 26.81 0.00 0.00 TRACK
38.524	>>> V 0.00 0.00
38.525	S 310006 -51.68 26.72 0.00 0.00 TRACK
38.545	>>> V 0.00 0.00
38.546	S 310026 -51.59 26.81 0.00 0.00 TRACK
38.564	>>> V 0.00 0.00
38.565	S 310046 -51.68 26.72 0.00 0.00 TRACK
38.586	>>> V 0.00 0.00
38.586	S 310066 -51.68 26.81 0.00 0.00 TRACK
38.604	>>> V 0.00 0.00
38.605	S 310086 -51.68 26.81 0.00 0.00 TRACK
38.624	>>> V 0.00 0.00
38.625	S 310106 -51.68 26.81 0.00 0.00 TRACK
38.645	>>> V 0.00 0.00
38.646	S 310126 -51.68 26.72 0.00 0.00 TRACK
38.665	>>> V 0.00 0.00
38.665	S 310146 -51.68 26.81 0.00 0.00 TRACK
38.686	>>> V 0.00 0.00
38.687	S 310166 -51.68 26.81 0.00 0.00 TRACK
38.704	>>> V 0.00 0.00
38.705	S 310186 -51.68 26.81 0.00 0.00 TRACK
38.725	>>> V 0.00 0.00
38.725	S 310206 -51.68 26.81 0.00 0.00 TRACK
38.748	>>> V 0.00 0.00
38.748	S 310226 -51.68 26.81 0.00 0.00 TRACK
38.764	>>> V 17.72 10.99
38.765	S 310246 -51.68 26.72 0.00 0.00 TRACK
38.786	>>> V 17.79 11.47
38.787	S 310266 -51.68 26.72 0.00 0.00 TRACK
38.804	>>> V 17.79 11.47
38.804	S 310286 -51.59 26.81 0.00 0.00 TRACK
38.824	>>> V 17.83 11.87
38.825	S 310306 -51.59 26.81 0.00 0.00 TRACK
38.845	>>> V 17.83 11.87
38.847	S 310326 -51.33 27.07 1.37 1.37 TRACK
38.864	>>> V 17.91 12.37
38.866	S 310346 -50.98 27.25 5.50 4.12 TRACK
38.885	>>> V 17.76 12.92
38.885	S 310366 -50.71 27.42 9.62 6.87 TRACK
38.904	>>> V 17.76 12.92
38.905	S 310386 -50.36 27.69 12.37 8.24 TRACK
38.924	>>> V 17.15 13.33
38.924	S 310406 -50.10 27.95 15.11 9.62 TRACK
38.945	>>> V 17.15 13.33
38.945	S 310426 -49.66 28.21 15.11 10.99 TRACK
38.964	>>> V 17.15 13.33
38.965	S 310446 -49.31 28.39 16.49 10.99 TRACK
38.986	>>> V 16.51 13.07
38.987	S 310466 -49.04 28.65 16.49 10.99 TRACK
39.005	>>> V 16.51 13.07
39.005	S 310486 -48.60 28.92 16.49 12.37 TRACK
39.024	>>> V 15.58 12.65
39.025	S 310506 -48.34 29.18 16.49 12.37 TRACK
39.045	>>> V 14.45 11.93
39.046	S 310526 -47.99 29.53 16.49 12.37 TRACK
39.064	>>> V 14.45 11.93
39.065	S 310546 -47.64 29.79 16.49 13.74 TRACK
39.085	>>> V 13.32 11.21
39.086	S 310566 -47.37 30.06 16.49 13.74 TRACK
39.104	>>> V 13.32 11.21
39.125	>>> V 12.20 10.16
39.125	S 310586 -47.02 30.32 15.11 13.74 TRACK
39.145	>>> V 12.20 10.16
39.146	S 310606 -46.76 30.59 15.11 12.37 TRACK
39.148	S 310626 -46.49 30.76 15.11 12.37 TRACK
39.165	>>> V 11.20 9.04
39.166	S 310646 -46.23 31.03 15.11 10.99 TRACK
39.184	>>> V 10.17 7.92
39.185	S 310666 -45.97 31.20 13.74 10.99 TRACK
39.205	>>> V 9.17 6.88
39.205	S 310686 -45.70 31.46 13.74 10.99 TRACK
39.224	>>> V 9.17 6.88
39.225	S 310706 -45.44 31.64 12.37 10.99 TRACK
39.250	>>> V 7.92 5.54
39.253	S 310726 -45.26 31.82 12.37 9.62 TRACK
39.265	>>> V 7.92 5.54
39.266	S 310746 -45.00 31.99 10.99 8.24 TRACK
39.286	>>> V 6.69 3.92
39.287	S 310766 -44.82 32.08 10.99 6.87 TRACK
39.305	>>> V 6.69 3.92
39.305	S 310786 -44.65 32.26 9.62 6.87 TRACK
39.324	>>> V 5.75 0.00
39.325	S 310806 -44.47 32.34 9.62 6.87 TRACK
39.345	>>> V 4.98 0.00
39.346	S 310826 -44.38 32.43 6.87 5.50 TRACK
39.364	>>> V 4.98 0.00
39.365	S 310846 -44.30 32.43 6.87 4.12 TRACK
39.386	>>> V 4.62 -4.54
39.387	S 310866 -44.12 32.43 5.50 2.75 TRACK
39.405	>>> V 4.62 -4.54
39.405	S 310886 -44.03 32.43 5.50 1.37 TRACK
39.425	>>> V 4.57 -6.03
39.425	S 310906 -43.86 32.52 5.50 0.00 TRACK
39.445	>>> V 4.04 -7.40
39.446	S 310926 -43.77 32.43 5.50 0.00 TRACK
39.464	>>> V 4.04 -7.40
39.465	S 310946 -43.68 32.34 5.50 0.00 TRACK
39.487	>>> V 3.66 -7.54
39.488	S 310966 -43.59 32.34 5.50 0.00 TRACK
39.504	>>> V 3.66 -7.54
39.506	S 310986 -43.59 32.26 4.12 -1.37 TRACK
39.524	>>> V 3.27 -7.57
39.524	S 311006 -43.42 32.08 2.75 -2.75 TRACK
39.546	>>> V 2.87 -7.58
39.547	S 311026 -43.33 31.90 2.75 -4.12 TRACK
39.565	>>> V 2.87 -7.58
39.566	S 311046 -43.24 31.82 2.75 -5.50 TRACK
39.586	>>> V 2.53 -7.32
39.587	S 311066 -43.24 31.64 4.12 -6.87 TRACK
39.604	>>> V 2.53 -7.32
39.605	S 311086 -43.24 31.46 2.75 -6.87 TRACK
39.624	>>> V 2.30 -6.89
39.625	S 311106 -43.24 31.29 1.37 -6.87 TRACK
39.645	>>> V 2.04 -6.31
39.645	S 311126 -43.24 31.11 0.00 -6.87 TRACK
39.664	>>> V 2.04 -6.31
39.665	S 311146 -43.07 31.03 0.00 -6.87 TRACK
39.687	>>> V 1.85 -5.63
39.688	S 311166 -42.98 30.85 1.37 -6.87 TRACK
39.705	>>> V 1.85 -5.63
39.705	S 311186 -42.98 30.76 2.75 -6.87 TRACK
39.724	>>> V 1.86 -4.89
39.725	S 311206 -42.98 30.59 2.75 -6.87 TRACK
39.747	>>> V 0.00 -4.21
39.747	S 311226 -42.98 30.50 1.37 -5.50 TRACK
39.765	>>> V 0.00 -4.21
39.766	S 311246 -42.98 30.41 0.00 -5.50 TRACK
39.786	>>> V 0.00 -3.63
39.787	S 311266 -42.98 30.32 0.00 -5.50 TRACK
39.805	>>> V 0.00 -3.63
39.805	S 311286 -42.98 30.23 0.00 -4.12 TRACK
39.824	>>> V 0.00 -3.07
39.826	S 311306 -42.98 30.15 0.00 -4.12 TRACK
39.846	>>> V 0.00 0.00
39.847	S 311326 -42.98 30.06 0.00 -2.75 TRACK
39.866	>>> V 0.00 0.00
39.867	S 311346 -42.98 30.06 0.00 -2.75 TRACK
39.886	>>> V 0.00 0.00
39.887	S 311366 -42.98 29.97 0.00 -2.75 TRACK
39.905	>>> V 0.00 0.00
39.906	S 311386 -42.98 29.97 0.00 -2.75 TRACK
39.924	>>> V 0.00 0.00
39.925	S 311406 -42.98 29.88 0.00 -2.75 TRACK
39.953	>>> V 0.00 0.00
39.953	S 311426 -42.98 29.79 0.00 -2.75 TRACK
39.966	>>> V 0.00 0.00
39.966	S 311446 -42.98 29.88 0.00 -1.37 TRACK
39.986	>>> V 0.00 0.00
39.987	S 311466 -42.98 29.88 0.00 0.00 TRACK
40.004	>>> V 0.00 0.00
40.005	S 311486 -42.98 29.88 0.00 0.00 TRACK
40.024	>>> V 0.00 0.00
40.025	S 311506 -42.98 29.88 0.00 0.00 TRACK
40.049	>>> V 0.00 0.00
40.052	S 311526 -42.98 29.88 0.00 0.00 TRACK
40.064	>>> V 0.00 0.00
40.064	S 311546 -42.98 29.88 0.00 0.00 TRACK
40.086	>>> V 0.00 0.00
40.087	S 311566 -42.98 29.88 0.00 0.00 TRACK
40.105	>>> V 0.00 0.00
40.105	S 311586 -42.98 29.88 0.00 0.00 TRACK
40.125	>>> V 0.00 0.00
40.125	S 311606 -42.98 29.88 0.00 0.00 TRACK
40.145	>>> V 0.00 0.00
40.146	S 311626 -42.98 29.88 0.00 0.00 TRACK
40.164	>>> V 0.00 0.00
40.165	S 311646 -42.98 29.88 0.00 0.00 TRACK
40.184	>>> V 0.00 0.00
40.185	S 311666 -42.98 29.88 0.00 0.00 TRACK
40.204	>>> V 0.00 0.00
40.204	S 311686 -42.98 29.88 0.00 0.00 TRACK
40.224	>>> V 0.00 0.00
40.224	S 311706 -42.98 29.88 0.00 0.00 TRACK
40.245	>>> V 0.00 0.00
40.246	S 311726 -42.98 29.88 0.00 0.00 TRACK
40.266	>>> V 0.00 0.00
40.268	S 311746 -42.98 29.88 0.00 0.00 TRACK
40.284	>>> V 0.00 0.00
40.285	S 311766 -42.98 29.88 0.00 0.00 TRACK
40.304	>>> V 0.00 0.00
40.304	S 311786 -42.98 29.88 0.00 0.00 TRACK
40.324	>>> V 0.00 0.00
40.325	S 311806 -42.98 29.88 0.00 0.00 TRACK
40.345	>>> V 0.00 0.00
40.345	S 311826 -42.98 29.88 0.00 0.00 TRACK
40.365	>>> V 0.00 0.00
40.365	S 311846 -42.98 29.88 0.00 0.00 TRACK
40.386	>>> V 0.00 0.00
40.387	S 311866 -42.98 29.88 0.00 0.00 TRACK
40.404	>>> V 0.00 0.00
40.405	S 311886 -42.98 29.88 0.00 0.00 TRACK
40.424	>>> V 0.00 0.00
40.425	S 311906 -42.98 29.88 0.00 0.00 TRACK
40.445	>>> V 0.00 0.00
40.446	S 311926 -42.98 29.88 0.00 0.00 TRACK
40.464	>>> V 0.00 0.00
40.465	S 311946 -42.98 29.88 0.00 0.00 TRACK
40.485	>>> V 0.00 0.00
40.487	S 311966 -42.98 29.88 0.00 0.00 TRACK
40.504	>>> V 0.00 0.00
40.505	S 311986 -42.98 29.88 0.00 0.00 TRACK
40.524	>>> V 0.00 0.00
40.524	S 312006 -42.98 29.88 0.00 0.00 TRACK
40.546	>>> V 0.00 0.00
40.548	S 312026 -42.98 29.88 0.00 0.00 TRACK
40.564	>>> V 0.00 0.00
40.564	S 312046 -42.98 29.88 0.00 0.00 TRACK
40.585	>>> V 0.00 0.00
40.586	S 312066 -42.98 29.88 0.00 0.00 TRACK
40.604	>>> V 0.00 0.00
40.604	S 312086 -42.98 29.88 0.00 0.00 TRACK
40.624	>>> V 0.00 0.00
40.624	S 312107 -42.98 29.88 0.00 0.00 TRACK
40.645	>>> V 0.00 0.00
40.646	S 312127 -42.98 29.88 0.00 0.00 TRACK
40.664	>>> V 0.00 0.00
40.665	S 312146 -42.98 29.88 0.00 0.00 TRACK
40.685	>>> V 0.00 0.00
40.685	S 312167 -42.98 29.88 0.00 0.00 TRACK
40.705	>>> V 0.00 0.00
40.705	S 312187 -42.98 29.88 0.00 0.00 TRACK
40.725	>>> V 0.00 0.00
40.725	S 312207 -42.98 29.88 0.00 0.00 TRACK
40.745	>>> V 0.00 0.00
40.745	S 312227 -42.98 29.88 0.00 0.00 TRACK
40.764	>>> V 0.00 0.00
40.765	S 312247 -42.98 29.88 0.00 0.00 TRACK
40.785	>>> V 0.00 0.00
40.786	S 312267 -42.98 29.88 0.00 0.00 TRACK
40.805	>>> V 0.00 0.00
40.806	S 312287 -42.98 29.88 0.00 0.00 TRACK
40.826	>>> V 0.00 0.00
40.826	S 312307 -42.98 29.88 0.00 0.00 TRACK
40.845	>>> V 0.00 0.00
40.845	S 312327 -42.98 29.88 0.00 0.00 TRACK
40.864	>>> V 0.00 0.00
40.865	S 312347 -42.98 29.88 0.00 0.00 TRACK
40.887	>>> V 0.00 0.00
40.888	S 312367 -42.98 29.88 0.00 0.00 TRACK
40.905	>>> V 0.00 0.00
40.906	S 312387 -42.98 29.88 0.00 0.00 TRACK
40.926	>>> V 0.00 0.00
40.926	S 312407 -42.98 29.88 0.00 0.00 TRACK
40.944	>>> V 0.00 0.00
40.945	S 312427 -42.98 29.88 0.00 0.00 TRACK
40.964	>>> V 0.00 0.00
40.965	S 312447 -42.98 29.88 0.00 0.00 TRACK
40.985	>>> V 0.00 0.00
40.985	S 312467 -42.98 29.88 0.00 0.00 TRACK
41.004	>>> V 0.00 0.00
41.005	S 312487 -42.98 29.88 0.00 0.00 TRACK
41.024	>>> V 0.00 0.00
41.024	S 312507 -42.98 29.88 0.00 0.00 TRACK
41.045	>>> V 0.00 0.00
41.045	S 312527 -42.98 29.88 0.00 0.00 TRACK
41.066	>>> V 0.00 0.00
41.066	S 312547 -42.98 29.88 0.00 0.00 TRACK
41.084	>>> V 0.00 0.00
41.086	S 312567 -42.98 29.88 0.00 0.00 TRACK
41.105	>>> V 0.00 0.00
41.106	S 312587 -42.98 29.88 0.00 0.00 TRACK
41.124	>>> V 0.00 0.00
41.125	S 312607 -42.98 29.88 0.00 0.00 TRACK
41.147	>>> V 0.00 0.00
41.148	S 312627 -42.98 29.88 0.00 0.00 TRACK
41.165	>>> V 0.00 0.00
41.165	S 312647 -42.98 29.88 0.00 0.00 TRACK
41.185	>>> V 0.00 0.00
41.186	S 312667 -42.98 29.88 0.00 0.00 TRACK
41.205	>>> V 0.00 0.00
41.205	S 312687 -42.98 29.88 0.00 0.00 TRACK
41.224	>>> V 0.00 0.00
41.224	S 312707 -42.98 29.88 0.00 0.00 TRACK
41.247	>>> V 0.00 0.00
41.248	S 312727 -42.98 29.88 0.00 0.00 TRACK
41.264	>>> V 0.00 0.00
41.266	S 312747 -42.98 29.88 0.00 0.00 TRACK
41.286	>>> V 0.00 0.00
41.287	S 312767 -42.98 29.88 0.00 0.00 TRACK
41.305	>>> V 0.00 0.00
41.305	S 312787 -42.98 29.88 0.00 0.00 TRACK
41.328	>>> V 0.00 0.00
41.329	S 312807 -42.98 29.79 0.00 0.00 TRACK
41.346	>>> V 0.00 0.00
41.347	S 312827 -42.98 29.88 0.00 0.00 TRACK
41.366	>>> V 0.00 0.00
41.367	S 312847 -42.98 29.88 0.00 0.00 TRACK
41.386	>>> V 0.00 0.00
41.386	S 312867 -42.98 29.88 0.00 0.00 TRACK
41.405	>>> V 0.00 0.00
41.406	S 312887 -42.98 29.88 0.00 0.00 TRACK
41.426	>>> V 0.00 0.00
41.428	S 312907 -42.98 29.88 0.00 0.00 TRACK
41.447	>>> V 0.00 0.00
41.447	S 312927 -42.98 29.88 0.00 0.00 TRACK
41.467	>>> V 0.00 0.00
41.467	S 312947 -42.98 29.88 0.00 0.00 TRACK
41.484	>>> V 0.00 0.00
41.485	S 312967 -42.98 29.79 0.00 0.00 TRACK
41.505	>>> V 0.00 0.00
41.507	S 312987 -42.98 29.88 0.00 0.00 TRACK
41.524	>>> V 0.00 0.00
41.525	S 313007 -42.98 29.88 0.00 0.00 TRACK
41.545	>>> V 0.00 0.00
41.546	S 313027 -42.98 29.88 0.00 0.00 TRACK
41.565	>>> V 0.00 0.00
41.566	S 313047 -42.98 29.88 0.00 0.00 TRACK
41.585	>>> V 0.00 0.00
41.586	S 313067 -42.98 29.88 0.00 0.00 TRACK
41.606	>>> V 0.00 0.00
41.607	S 313087 -42.98 29.88 0.00 0.00 TRACK
41.624	>>> V 0.00 0.00
41.625	S 313107 -42.98 29.88 0.00 0.00 TRACK
41.647	>>> V 0.00 0.00
41.648	S 313127 -42.98 29.88 0.00 0.00 TRACK
41.665	>>> V 0.00 0.00
41.665	S 313147 -42.98 29.88 0.00 0.00 TRACK
41.686	>>> V 0.00 0.00
41.687	S 313167 -42.98 29.88 0.00 0.00 TRACK
41.705	>>> V 0.00 0.00
41.705	S 313187 -42.98 29.88 0.00 0.00 TRACK
41.726	>>> V 0.00 3.48
41.726	S 313207 -42.98 29.88 0.00 0.00 TRACK
41.746	>>> V 0.00 3.48
41.747	S 313227 -42.98 29.88 0.00 0.00 TRACK
41.764	>>> V 0.00 5.88
41.764	S 313247 -42.98 29.88 0.00 0.00 TRACK
41.785	>>> V 2.23 7.82
41.785	S 313267 -42.98 29.88 0.00 0.00 TRACK
41.804	>>> V 2.23 7.82
41.805	S 313287 -42.98 29.88 0.00 0.00 TRACK
41.826	>>> V 3.67 8.43
41.826	S 313307 -42.98 29.97 0.00 0.00 TRACK
41.846	>>> V 3.67 8.43
41.847	S 313327 -42.89 30.06 0.00 1.37 TRACK
41.865	>>> V 0.00 0.00
41.866	S 313347 -42.80 30.23 1.37 4.12 TRACK
41.885	>>> V 0.00 0.00
41.886	S 313367 -42.63 30.50 2.75 5.50 TRACK
41.904	>>> V 0.00 0.00
41.905	S 313387 -42.63 30.59 4.12 6.87 TRACK
41.926	>>> V 0.00 0.00
41.927	S 313407 -42.63 30.67 2.75 6.87 TRACK
41.945	>>> V 0.00 0.00
41.946	S 313427 -42.63 30.67 1.37 5.50 TRACK
41.965	>>> V 0.00 0.00
41.966	S 313447 -42.63 30.67 0.00 2.75 TRACK
41.984	>>> V 0.00 0.00
41.986	S 313467 -42.63 30.67 0.00 1.37 TRACK
42.005	>>> V 0.00 0.00
42.005	S 313487 -42.63 30.67 0.00 0.00 TRACK
42.026	>>> V 0.00 0.00
42.027	S 313507 -42.63 30.67 0.00 0.00 TRACK
42.046	>>> V 0.00 0.00
42.047	S 313527 -42.63 30.67 0.00 0.00 TRACK
42.065	>>> V 0.00 0.00
42.065	S 313547 -42.63 30.76 0.00 0.00 TRACK
42.086	>>> V 0.00 0.00
42.088	S 313567 -42.63 30.67 0.00 0.00 TRACK
42.105	>>> V 0.00 0.00
42.105	S 313587 -42.63 30.67 0.00 0.00 TRACK
42.125	>>> V 0.00 0.00
42.125	S 313607 -42.63 30.67 0.00 0.00 TRACK
42.149	>>> V 0.00 0.00
42.149	S 313627 -42.63 30.67 0.00 0.00 TRACK
42.165	>>> V 0.00 0.00
42.165	S 313647 -42.63 30.67 0.00 0.00 TRACK
42.185	>>> V 0.00 0.00
42.185	S 313667 -42.63 30.67 0.00 0.00 TRACK
42.206	>>> V 0.00 0.00
42.207	S 313687 -42.63 30.67 0.00 0.00 TRACK
42.227	>>> V 0.00 0.00
42.229	S 313707 -42.63 30.76 0.00 0.00 TRACK
42.245	>>> V 0.00 0.00
42.265	>>> V 0.00 0.00
42.267	S 313727 -42.63 30.67 0.00 0.00 TRACK
42.271	S 313747 -42.63 30.67 0.00 0.00 TRACK
42.284	>>> V 0.00 0.00
42.285	S 313767 -42.63 30.67 0.00 0.00 TRACK
42.305	>>> V 0.00 0.00
42.305	S 313787 -42.63 30.67 0.00 0.00 TRACK
42.325	>>> V 0.00 0.00
42.326	S 313807 -42.63 30.67 0.00 0.00 TRACK
42.345	>>> V 0.00 0.00
42.345	S 313827 -42.63 30.67 0.00 0.00 TRACK
42.365	>>> V 0.00 0.00
42.366	S 313847 -42.63 30.67 0.00 0.00 TRACK
42.385	>>> V 0.00 0.00
42.385	S 313867 -42.63 30.67 0.00 0.00 TRACK
42.404	>>> V 0.00 0.00
42.405	S 313887 -42.63 30.67 0.00 0.00 TRACK
42.425	>>> V 0.00 0.00
42.426	S 313907 -42.63 30.76 0.00 0.00 TRACK
42.446	>>> V 0.00 0.00
42.447	S 313927 -42.63 30.67 0.00 0.00 TRACK
42.464	>>> V 0.00 0.00
42.465	S 313947 -42.63 30.76 0.00 0.00 TRACK
42.485	>>> V 0.00 0.00
42.485	S 313967 -42.63 30.67 0.00 0.00 TRACK
42.504	>>> V 0.00 0.00
42.506	S 313987 -42.63 30.67 0.00 0.00 TRACK
42.525	>>> V 0.00 0.00
42.527	S 314007 -42.63 30.67 0.00 0.00 TRACK
42.547	>>> V 0.00 0.00
42.547	S 314027 -42.63 30.67 0.00 0.00 TRACK
42.564	>>> V 0.00 0.00
42.585	>>> V 0.00 0.00
42.586	S 314047 -42.63 30.67 0.00 0.00 TRACK
42.589	S 314067 -42.63 30.67 0.00 0.00 TRACK
42.604	>>> V 0.00 0.00
42.606	S 314087 -42.63 30.67 0.00 0.00 TRACK
42.626	>>> V 0.00 0.00
42.627	S 314107 -42.63 30.76 0.00 0.00 TRACK
42.644	>>> V 0.00 0.00
42.645	S 314127 -42.63 30.67 0.00 0.00 TRACK
42.664	>>> V 0.00 0.00
42.665	S 314147 -42.63 30.67 0.00 0.00 TRACK
42.686	>>> V 0.00 0.00
42.689	S 314167 -42.63 30.76 0.00 0.00 TRACK
42.705	>>> V 0.00 0.00
42.706	S 314187 -42.63 30.67 0.00 0.00 TRACK
42.725	>>> V 0.00 0.00
42.726	S 314207 -42.63 30.67 0.00 0.00 TRACK
42.745	>>> V 0.00 0.00
42.746	S 314227 -42.63 30.67 0.00 0.00 TRACK
42.764	>>> V 0.00 0.00
42.785	>>> V 0.00 0.00
42.786	S 314247 -42.63 30.67 0.00 0.00 TRACK
42.789	S 314267 -42.63 30.76 0.00 0.00 TRACK
42.805	>>> V 0.00 0.00
42.806	S 314287 -42.63 30.76 0.00 0.00 TRACK
42.825	>>> V 0.00 0.00
42.826	S 314307 -42.63 30.76 0.00 0.00 TRACK
42.846	>>> V 0.00 0.00
42.846	S 314327 -42.63 30.67 0.00 0.00 TRACK
42.864	>>> V 0.00 0.00
42.885	>>> V 0.00 0.00
42.885	S 314347 -42.63 30.67 0.00 0.00 TRACK
42.893	S 314367 -42.63 30.76 0.00 0.00 TRACK
42.905	>>> V 0.00 0.00
42.906	S 314387 -42.63 30.67 0.00 0.00 TRACK
42.925	>>> V 0.00 0.00
42.925	S 314407 -42.63 30.76 0.00 0.00 TRACK
42.945	>>> V 0.00 0.00
42.945	S 314427 -42.63 30.67 0.00 0.00 TRACK
42.964	>>> V 0.00 0.00
42.988	>>> V 0.00 0.00
42.989	S 314447 -42.63 30.67 0.00 0.00 TRACK
42.992	S 314467 -42.63 30.67 0.00 0.00 TRACK
43.005	>>> V 0.00 0.00
43.005	S 314487 -42.63 30.67 0.00 0.00 TRACK
43.025	>>> V 0.00 0.00
43.025	S 314507 -42.63 30.67 0.00 0.00 TRACK
43.045	>>> V 0.00 0.00
43.046	S 314527 -42.54 30.67 0.00 0.00 TRACK
43.064	>>> V 0.00 0.00
43.065	S 314547 -42.63 30.67 0.00 0.00 TRACK
43.086	>>> V 0.00 0.00
43.086	S 314567 -42.63 30.67 0.00 0.00 TRACK
43.105	>>> V 0.00 0.00
43.105	S 314587 -42.63 30.67 0.00 0.00 TRACK
43.125	>>> V 0.00 0.00
43.125	S 314607 -42.63 30.67 0.00 0.00 TRACK
43.147	>>> V 0.00 0.00
43.147	S 314627 -42.63 30.67 0.00 0.00 TRACK
43.165	>>> V 0.00 0.00
43.165	S 314647 -42.63 30.67 0.00 0.00 TRACK
43.187	>>> V 0.00 0.00
43.188	S 314667 -42.63 30.67 0.00 0.00 TRACK
43.206	>>> V 0.00 0.00
43.207	S 314687 -42.63 30.67 0.00 0.00 TRACK
43.226	>>> V 0.00 0.00
43.226	S 314707 -42.63 30.76 0.00 0.00 TRACK
43.245	>>> V 0.00 0.00
43.247	S 314727 -42.63 30.67 0.00 0.00 TRACK
43.264	>>> V 0.00 0.00
43.286	>>> V 0.00 0.00
43.287	S 314747 -42.63 30.67 0.00 0.00 TRACK
43.290	S 314767 -42.63 30.76 0.00 0.00 TRACK
43.304	>>> V 0.00 0.00
43.326	>>> V 0.00 0.00
43.327	S 314787 -42.63 30.67 0.00 0.00 TRACK
43.328	S 314807 -42.63 30.67 0.00 0.00 TRACK
43.345	>>> V 0.00 0.00
43.346	S 314827 -42.63 30.67 0.00 0.00 TRACK
43.364	>>> V 0.00 0.00
43.365	S 314847 -42.71 30.76 0.00 0.00 TRACK
43.386	>>> V 0.00 0.00
43.387	S 314867 -42.63 30.67 0.00 0.00 TRACK
43.404	>>> V 0.00 0.00
43.405	S 314887 -42.63 30.67 0.00 0.00 TRACK
43.425	>>> V 0.00 0.00
43.425	S 314907 -42.63 30.67 0.00 0.00 TRACK
43.445	>>> V 0.00 0.00
43.446	S 314927 -42.63 30.67 0.00 0.00 TRACK
43.464	>>> V 0.00 0.00
43.485	>>> V 0.00 0.00
43.486	S 314947 -42.63 30.67 0.00 0.00 TRACK
43.489	S 314967 -42.63 30.67 0.00 0.00 TRACK
43.505	>>> V 0.00 0.00
43.506	S 314987 -42.63 30.76 0.00 0.00 TRACK
43.525	>>> V 0.00 0.00
43.525	S 315007 -42.63 30.67 0.00 0.00 TRACK
43.545	>>> V 0.00 0.00
43.545	S 315027 -42.63 30.67 0.00 0.00 TRACK
43.564	>>> V 0.00 0.00
43.585	>>> V 0.00 0.00
43.585	S 315047 -42.63 30.67 0.00 0.00 TRACK
43.589	S 315067 -42.63 30.67 0.00 0.00 TRACK
43.605	>>> V 0.00 0.00
43.605	S 315087 -42.63 30.67 0.00 0.00 TRACK
43.626	>>> V 0.00 0.00
43.626	S 315107 -42.63 30.76 0.00 0.00 TRACK
43.644	>>> V 0.00 0.00
43.664	>>> V 0.00 0.00
43.665	S 315127 -42.63 30.76 0.00 0.00 TRACK
43.687	>>> V 0.00 0.00
43.688	S 315147 -42.63 30.67 0.00 0.00 TRACK
43.691	S 315167 -42.63 30.76 0.00 0.00 TRACK
43.705	>>> V 0.00 0.00
43.705	S 315187 -42.63 30.76 0.00 0.00 TRACK
43.725	>>> V 0.00 0.00
43.726	S 315207 -42.63 30.67 0.00 0.00 TRACK
43.745	>>> V 0.00 0.00
43.746	S 315227 -42.63 30.67 0.00 0.00 TRACK
43.765	>>> V 0.00 0.00
43.765	S 315247 -42.63 30.76 0.00 0.00 TRACK
43.785	>>> V 0.00 0.00
43.785	S 315267 -42.63 30.76 0.00 0.00 TRACK
43.804	>>> V 0.00 0.00
43.824	>>> V 0.00 0.00
43.824	S 315287 -42.63 30.76 0.00 0.00 TRACK
43.845	>>> V 0.00 0.00
43.845	S 315307 -42.63 30.67 0.00 0.00 TRACK
43.847	S 315327 -42.63 30.67 0.00 0.00 TRACK
43.864	>>> V 0.00 0.00
43.865	S 315347 -42.63 30.67 0.00 0.00 TRACK
43.885	>>> V 0.00 0.00
43.885	S 315367 -42.63 30.76 0.00 0.00 TRACK
43.904	>>> V 0.00 0.00
43.924	>>> V 0.00 0.00
43.925	S 315387 -42.63 30.67 0.00 0.00 TRACK
43.944	>>> V 0.00 0.00
43.945	S 315407 -42.63 30.67 0.00 0.00 TRACK
43.948	S 315427 -42.63 30.67 0.00 0.00 TRACK
43.965	>>> V 0.00 0.00
43.965	S 315447 -42.63 30.67 0.00 0.00 TRACK
43.986	>>> V 0.00 0.00
43.988	S 315467 -42.63 30.76 0.00 0.00 TRACK
44.004	>>> V 0.00 0.00
44.006	S 315487 -42.63 30.67 0.00 0.00 TRACK
44.025	>>> V 0.00 0.00
44.025	S 315507 -42.63 30.67 0.00 0.00 TRACK
44.045	>>> V 0.00 0.00
44.045	S 315527 -42.63 30.76 0.00 0.00 TRACK
44.064	>>> V 0.00 0.00
44.087	>>> V 0.00 0.00
44.088	S 315547 -42.63 30.67 0.00 0.00 TRACK
44.091	S 315567 -42.63 30.67 0.00 0.00 TRACK
44.105	>>> V 0.00 0.00
44.105	S 315587 -42.63 30.76 0.00 0.00 TRACK
44.124	>>> V 0.00 0.00
44.126	S 315607 -42.63 30.67 0.00 0.00 TRACK
44.145	>>> V 0.00 0.00
44.147	S 315627 -42.63 30.67 0.00 0.00 TRACK
44.164	>>> V 0.00 0.00
44.185	>>> V 0.00 0.00
44.186	S 315647 -42.63 30.67 0.00 0.00 TRACK
44.190	S 315667 -42.63 30.67 0.00 0.00 TRACK
44.204	>>> V 0.00 0.00
44.224	>>> V 0.00 0.00
44.225	S 315687 -42.63 30.76 0.00 0.00 TRACK
44.244	>>> V 0.00 0.00
44.245	S 315707 -42.63 30.67 0.00 0.00 TRACK
44.264	>>> V 0.00 0.00
44.265	S 315727 -42.63 30.67 0.00 0.00 TRACK
44.286	>>> V 0.00 0.00
44.287	S 315747 -42.63 30.67 0.00 0.00 TRACK
44.291	S 315767 -42.63 30.67 0.00 0.00 TRACK
44.305	>>> V 0.00 0.00
44.305	S 315787 -42.63 30.67 0.00 0.00 TRACK
44.325	>>> V 0.00 0.00
44.325	S 315807 -42.63 30.76 0.00 0.00 TRACK
44.345	>>> V 0.00 0.00
44.365	>>> V -7.57 -10.97
44.365	S 315827 -42.63 30.67 0.00 0.00 TRACK
44.366	S 315847 -42.63 30.67 0.00 0.00 TRACK
44.385	>>> V -8.16 -11.79
44.386	S 315867 -42.63 30.67 0.00 0.00 TRACK
44.405	>>> V -8.16 -11.79
44.406	S 315887 -42.63 30.67 0.00 0.00 TRACK
44.424	>>> V -8.56 -12.50
44.445	>>> V -8.56 -12.50
44.445	S 315907 -42.71 30.59 0.00 0.00 TRACK
44.447	S 315927 -42.80 30.41 -1.37 -1.37 TRACK
44.464	>>> V -8.99 -13.18
44.485	>>> V -9.40 -13.71
44.486	S 315947 -42.98 30.23 -2.75 -4.12 TRACK
44.491	S 315967 -43.15 30.15 -4.12 -5.50 TRACK
44.505	>>> V -9.40 -13.71
44.506	S 315987 -43.33 29.79 -5.50 -8.24 TRACK
44.525	>>> V -9.70 -13.81
44.526	S 316007 -43.51 29.53 -6.87 -9.62 TRACK
44.544	>>> V -9.57 -13.21
44.564	>>> V -9.57 -13.21
44.565	S 316027 -43.68 29.36 -8.24 -10.99 TRACK
44.586	>>> V -9.11 -12.29
44.586	S 316047 -43.86 29.00 -8.24 -10.99 TRACK
44.589	S 316067 -44.12 28.83 -8.24 -12.37 TRACK
44.604	>>> V -9.11 -12.29
44.605	S 316087 -44.21 28.48 -8.24 -12.37 TRACK
44.625	>>> V -8.46 -11.10
44.625	S 316107 -44.47 28.21 -8.24 -12.37 TRACK
44.644	>>> V -8.46 -11.10
44.664	>>> V -7.77 -9.87
44.665	S 316127 -44.65 28.04 -8.24 -12.37 TRACK
44.686	>>> V -7.11 -8.60
44.686	S 316147 -44.82 27.69 -8.24 -12.37 TRACK
44.691	S 316167 -45.00 27.42 -8.24 -12.37 TRACK
44.704	>>> V -7.11 -8.60
44.705	S 316187 -45.18 27.25 -8.24 -12.37 TRACK
44.725	>>> V -6.55 -7.38
44.725	S 316207 -45.35 26.98 -8.24 -10.99 TRACK
44.744	>>> V -6.55 -7.38
44.764	>>> V -5.88 -6.17
44.765	S 316227 -45.53 26.81 -8.24 -10.99 TRACK
44.785	>>> V -5.25 -4.93
44.785	S 316247 -45.62 26.72 -8.24 -9.62 TRACK
44.786	S 316267 -45.70 26.46 -6.87 -9.62 TRACK
44.805	>>> V -5.25 -4.93
44.805	S 316287 -45.88 26.37 -5.50 -8.24 TRACK
44.824	>>> V -4.56 -4.06
44.844	>>> V -4.08 -3.36
44.845	S 316307 -45.97 26.19 -5.50 -8.24 TRACK
44.865	>>> V -4.08 -3.36
44.865	S 316327 -46.05 26.10 -5.50 -6.87 TRACK
44.887	>>> V -3.68 0.00
44.887	S 316347 -46.14 26.10 -4.12 -5.50 TRACK
44.891	S 316367 -46.23 25.93 -4.12 -4.12 TRACK
44.906	>>> V -3.68 0.00
44.906	S 316387 -46.41 25.84 -4.12 -4.12 TRACK
44.925	>>> V -3.35 0.00
44.925	S 316407 -46.49 25.84 -4.12 -2.75 TRACK
44.945	>>> V -3.35 0.00
44.945	S 316427 -46.58 25.75 -4.12 -2.75 TRACK
44.964	>>> V -3.08 0.00
44.986	>>> V -2.77 0.00
44.986	S 316447 -46.67 25.75 -4.12 -2.75 TRACK
44.991	S 316467 -46.76 25.75 -4.12 -1.37 TRACK
45.005	>>> V -2.77 0.00
45.007	S 316487 -46.76 25.75 -4.12 0.00 TRACK
45.025	>>> V -2.37 0.00
45.025	S 316507 -46.93 25.75 -4.12 0.00 TRACK
45.045	>>> V -2.08 0.00
45.045	S 316527 -46.93 25.75 -4.12 0.00 TRACK
45.064	>>> V -2.08 0.00
45.066	S 316547 -46.93 25.84 -2.75 0.00 TRACK
45.085	>>> V 0.00 0.00
45.085	S 316567 -46.93 25.75 -1.37 0.00 TRACK
45.104	>>> V 0.00 0.00
45.125	>>> V 0.00 0.00
45.126	S 316587 -46.93 25.84 -1.37 0.00 TRACK
45.130	S 316607 -47.02 25.75 -1.37 0.00 TRACK
45.145	>>> V 0.00 0.00
45.145	S 316627 -47.02 25.84 -1.37 0.00 TRACK
45.164	>>> V 0.00 0.00
45.187	>>> V 0.00 0.00
45.190	S 316647 -46.93 25.75 -1.37 0.00 TRACK
45.195	S 316667 -46.93 25.84 0.00 0.00 TRACK
45.204	>>> V 0.00 0.00
45.226	>>> V 0.00 0.00
45.226	S 316687 -46.93 25.75 0.00 0.00 TRACK
45.229	S 316707 -47.02 25.75 0.00 0.00 TRACK
45.245	>>> V 0.00 0.00
45.246	S 316727 -46.93 25.84 0.00 0.00 TRACK
45.264	>>> V 0.00 0.00
45.287	>>> V 0.00 0.00
45.287	S 316747 -46.93 25.84 0.00 0.00 TRACK
45.292	S 316767 -46.93 25.84 0.00 0.00 TRACK
45.304	>>> V 0.00 0.00
45.326	>>> V 0.00 0.00
45.327	S 316787 -46.93 25.84 0.00 0.00 TRACK
45.329	S 316807 -46.93 25.84 0.00 0.00 TRACK
45.344	>>> V 0.00 0.00
45.364	>>> V 0.00 0.00
45.364	S 316827 -46.93 25.84 0.00 0.00 TRACK
45.386	>>> V 0.00 0.00
45.386	S 316847 -46.93 25.84 0.00 0.00 TRACK
45.390	S 316867 -46.93 25.84 0.00 0.00 TRACK
45.404	>>> V 0.00 0.00
45.426	>>> V 0.00 0.00
45.426	S 316887 -46.93 25.84 0.00 0.00 TRACK
45.428	S 316907 -46.93 25.84 0.00 0.00 TRACK
45.444	>>> V 0.00 0.00
45.464	>>> V 0.00 0.00
45.465	S 316927 -46.93 25.84 0.00 0.00 TRACK
45.485	>>> V 0.00 0.00
45.486	S 316947 -46.93 25.84 0.00 0.00 TRACK
45.489	S 316967 -46.93 25.84 0.00 0.00 TRACK
45.504	>>> V 0.00 0.00
45.527	>>> V 0.00 0.00
45.527	S 316987 -46.93 25.84 0.00 0.00 TRACK
45.531	S 317007 -46.93 25.84 0.00 0.00 TRACK
45.545	>>> V 0.00 0.00
45.545	S 317027 -46.93 25.84 0.00 0.00 TRACK
45.566	>>> V 0.00 0.00
45.566	S 317047 -46.93 25.84 0.00 0.00 TRACK
45.584	>>> V 0.00 0.00
45.585	S 317067 -46.93 25.84 0.00 0.00 TRACK
45.604	>>> V 0.00 0.00
45.625	>>> V 0.00 0.00
45.626	S 317087 -46.93 25.84 0.00 0.00 TRACK
45.629	S 317107 -46.93 25.84 0.00 0.00 TRACK
45.644	>>> V 0.00 0.00
45.665	>>> V 0.00 0.00
45.665	S 317127 -46.93 25.84 0.00 0.00 TRACK
45.686	>>> V 0.00 0.00
45.686	S 317147 -46.93 25.84 0.00 0.00 TRACK
45.688	S 317167 -46.93 25.84 0.00 0.00 TRACK
45.704	>>> V 0.00 0.00
45.705	S 317187 -46.93 25.84 0.00 0.00 TRACK
45.724	>>> V 0.00 0.00
45.745	>>> V 0.00 0.00
45.745	S 317207 -46.93 25.84 0.00 0.00 TRACK
45.748	S 317227 -46.93 25.84 0.00 0.00 TRACK
45.764	>>> V 0.00 0.00
45.786	>>> V 0.00 0.00
45.787	S 317247 -46.93 25.84 0.00 0.00 TRACK
45.790	S 317267 -46.93 25.84 0.00 0.00 TRACK
45.804	>>> V 0.00 0.00
45.807	S 317287 -46.93 25.84 0.00 0.00 TRACK
45.826	>>> V 0.00 0.00
45.827	S 317307 -46.93 25.84 0.00 0.00 TRACK
45.845	>>> V 0.00 0.00
45.845	S 317327 -46.93 25.84 0.00 0.00 TRACK
45.864	>>> V 0.00 0.00
45.885	>>> V 0.00 0.00
45.886	S 317347 -46.93 25.75 0.00 0.00 TRACK
45.889	S 317367 -46.93 25.84 0.00 0.00 TRACK
45.904	>>> V 0.00 0.00
45.926	>>> V 0.00 0.00
45.927	S 317387 -46.93 25.84 0.00 0.00 TRACK
45.929	S 317407 -46.93 25.84 0.00 0.00 TRACK
45.944	>>> V 0.00 0.00
45.945	S 317427 -46.93 25.84 0.00 0.00 TRACK
45.964	>>> V 0.00 0.00
45.986	>>> V 0.00 0.00
45.987	S 317447 -46.93 25.84 0.00 0.00 TRACK
45.990	S 317467 -46.93 25.84 0.00 0.00 TRACK
46.005	>>> V 0.00 0.00
46.006	S 317487 -46.93 25.84 0.00 0.00 TRACK
46.025	>>> V 0.00 0.00
46.025	S 317507 -46.93 25.84 0.00 0.00 TRACK
46.044	>>> V 0.00 0.00
46.064	>>> V 0.00 0.00
46.064	S 317527 -46.93 25.84 0.00 0.00 TRACK
46.085	>>> V 0.00 0.00
46.085	S 317547 -46.93 25.84 0.00 0.00 TRACK
46.091	S 317567 -46.93 25.84 0.00 0.00 TRACK
46.105	>>> V 0.00 0.00
46.105	S 317587 -46.93 25.84 0.00 0.00 TRACK
46.125	>>> V 0.00 0.00
46.126	S 317607 -46.93 25.84 0.00 0.00 TRACK
46.145	>>> V 0.00 0.00
46.145	S 317627 -46.93 25.84 0.00 0.00 TRACK
46.164	>>> V 0.00 0.00
46.189	>>> V 0.00 0.00
46.190	S 317647 -46.93 25.84 0.00 0.00 TRACK
46.192	S 317667 -46.93 25.84 0.00 0.00 TRACK
46.204	>>> V 0.00 0.00
46.205	S 317687 -46.93 25.84 0.00 0.00 TRACK
46.227	>>> V 0.00 0.00
46.227	S 317707 -46.93 25.84 0.00 0.00 TRACK
46.245	>>> V 0.00 0.00
46.245	S 317727 -46.93 25.84 0.00 0.00 TRACK
46.264	>>> V 0.00 0.00
46.288	>>> V 0.00 0.00
46.290	S 317747 -46.93 25.84 0.00 0.00 TRACK
46.293	S 317767 -46.93 25.84 0.00 0.00 TRACK
46.304	>>> V 0.00 0.00
46.325	>>> V 0.00 0.00
46.325	S 317787 -46.93 25.84 0.00 0.00 TRACK
46.327	S 317807 -46.93 25.84 0.00 0.00 TRACK
46.345	>>> V 0.00 0.00
46.346	S 317827 -46.93 25.84 0.00 0.00 TRACK
46.364	>>> V 0.00 0.00
46.386	>>> V 0.00 0.00
46.386	S 317847 -46.93 25.84 0.00 0.00 TRACK
46.390	S 317867 -46.93 25.84 0.00 0.00 TRACK
46.405	>>> V 0.00 0.00
46.425	>>> V 0.00 0.00
46.426	S 317887 -46.93 25.84 0.00 0.00 TRACK
46.427	S 317907 -46.93 25.84 0.00 0.00 TRACK
46.445	>>> V 0.00 0.00
46.446	S 317927 -46.93 25.84 0.00 0.00 TRACK
46.464	>>> V 0.00 0.00
46.486	>>> V 0.00 0.00
46.486	S 317947 -46.93 25.84 0.00 0.00 TRACK
46.492	S 317967 -46.93 25.84 0.00 0.00 TRACK
46.507	>>> V 0.00 0.00
46.508	S 317987 -46.93 25.84 0.00 0.00 TRACK
46.525	>>> V 0.00 0.00
46.525	S 318007 -46.93 25.84 0.00 0.00 TRACK
46.544	>>> V 0.00 0.00
46.564	>>> V 0.00 0.00
46.564	S 318027 -46.93 25.84 0.00 0.00 TRACK
46.585	>>> V 0.00 0.00
46.587	S 318047 -46.93 25.84 0.00 0.00 TRACK
46.590	S 318067 -46.93 25.84 0.00 0.00 TRACK
46.605	>>> V 0.00 0.00
46.605	S 318087 -46.93 25.84 0.00 0.00 TRACK
46.625	>>> V 0.00 0.00
46.627	S 318107 -46.93 25.84 0.00 0.00 TRACK
46.644	>>> V 0.00 0.00
46.665	>>> V 0.00 0.00
46.666	S 318127 -46.93 25.84 0.00 0.00 TRACK
46.667	S 318147 -46.93 25.84 0.00 0.00 TRACK
46.684	>>> V 0.00 0.00
46.704	>>> V 0.00 0.00
46.705	S 318167 -46.93 25.84 0.00 0.00 TRACK
46.725	>>> V 0.00 0.00
46.726	S 318187 -46.93 25.84 0.00 0.00 TRACK
46.729	S 318207 -46.93 25.84 0.00 0.00 TRACK
46.744	>>> V 0.00 0.00
46.765	>>> V 0.00 0.00
46.767	S 318227 -46.93 25.84 0.00 0.00 TRACK
46.771	S 318247 -46.93 25.84 0.00 0.00 TRACK
46.787	>>> V 0.00 0.00
46.788	S 318267 -46.93 25.84 0.00 0.00 TRACK
46.806	>>> V 0.00 0.00
46.806	S 318287 -46.93 25.84 0.00 0.00 TRACK
46.826	>>> V 0.00 0.00
46.827	S 318307 -46.93 25.75 0.00 0.00 TRACK
46.844	>>> V 0.00 0.00
46.867	>>> V 0.00 0.00
46.868	S 318327 -46.93 25.84 0.00 0.00 TRACK
46.869	S 318347 -46.93 25.84 0.00 0.00 TRACK
46.884	>>> V 0.00 0.00
46.906	>>> V 0.00 0.00
46.906	S 318367 -46.93 25.84 0.00 0.00 TRACK
46.908	S 318387 -46.93 25.84 0.00 0.00 TRACK
46.929	>>> V 0.00 0.00
46.930	S 318407 -46.93 25.84 0.00 0.00 TRACK
46.949	>>> V 0.00 0.00
46.952	S 318427 -46.93 25.84 0.00 0.00 TRACK
46.964	>>> V 0.00 0.00
46.966	S 318447 -46.93 25.84 0.00 0.00 TRACK
46.986	>>> V 0.00 0.00
46.986	S 318467 -46.93 25.84 0.00 0.00 TRACK
47.005	>>> V 0.00 0.00
47.006	S 318487 -46.93 25.84 0.00 0.00 TRACK
47.026	>>> V 0.00 0.00
47.027	S 318507 -46.93 25.84 0.00 0.00 TRACK
47.046	>>> V 0.00 0.00
47.048	S 318527 -46.93 25.84 0.00 0.00 TRACK
47.066	>>> V 0.00 0.00
47.068	S 318547 -46.93 25.84 0.00 0.00 TRACK
47.085	>>> V 0.00 0.00
47.088	S 318567 -46.93 25.84 0.00 0.00 TRACK
47.113	>>> V 0.00 0.00
47.115	S 318587 -46.93 25.84 0.00 0.00 TRACK
47.133	>>> V 0.00 0.00
47.134	S 318607 -46.93 25.84 0.00 0.00 TRACK
47.148	>>> V 0.00 0.00
47.148	S 318627 -46.93 25.84 0.00 0.00 TRACK
47.164	>>> V 0.00 0.00
47.186	>>> V 0.00 0.00
47.189	S 318647 -46.93 25.84 0.00 0.00 TRACK
47.194	S 318667 -46.93 25.84 0.00 0.00 TRACK
47.213	>>> V 0.00 0.00
47.213	S 318687 -46.93 25.84 0.00 0.00 TRACK
47.227	>>> V 0.00 0.00
47.230	S 318707 -46.93 25.84 0.00 0.00 TRACK
47.251	>>> V 0.00 0.00
47.252	S 318727 -46.93 25.84 0.00 0.00 TRACK
47.266	>>> V 0.00 0.00
47.272	S 318747 -46.93 25.84 0.00 0.00 TRACK
47.286	>>> V 0.00 0.00
47.289	S 318767 -46.93 25.84 0.00 0.00 TRACK
47.309	>>> V 0.00 0.00
47.313	S 318787 -46.93 25.84 0.00 0.00 TRACK
47.329	>>> V 0.00 0.00
47.330	S 318807 -46.93 25.84 0.00 0.00 TRACK
47.351	>>> V 0.00 0.00
47.351	S 318827 -46.93 25.84 0.00 0.00 TRACK
47.369	>>> V 0.00 0.00
47.372	S 318847 -46.93 25.84 0.00 0.00 TRACK
47.386	>>> V 0.00 0.00
47.389	S 318867 -46.93 25.84 0.00 0.00 TRACK
47.410	>>> V 0.00 0.00
47.413	S 318887 -46.93 25.84 0.00 0.00 TRACK
47.427	>>> V 0.00 0.00
47.431	S 318907 -46.93 25.84 0.00 0.00 TRACK
47.449	>>> V 0.00 0.00
47.449	S 318927 -46.93 25.84 0.00 0.00 TRACK
47.469	>>> V 0.00 0.00
47.471	S 318947 -46.93 25.84 0.00 0.00 TRACK
47.491	>>> V 0.00 0.00
47.492	S 318967 -46.93 25.84 0.00 0.00 TRACK
47.507	>>> V 0.00 0.00
47.512	S 318987 -46.93 25.84 0.00 0.00 TRACK
47.527	>>> V 0.00 0.00
47.528	S 319007 -46.93 25.84 0.00 0.00 TRACK
47.550	>>> V 0.00 0.00
47.551	S 319027 -46.93 25.84 0.00 0.00 TRACK
47.568	>>> V 0.00 0.00
47.570	S 319047 -46.93 25.84 0.00 0.00 TRACK
47.586	>>> V 0.00 0.00
47.588	S 319067 -46.93 25.84 0.00 0.00 TRACK
47.607	>>> V 0.00 0.00
47.608	S 319087 -46.93 25.84 0.00 0.00 TRACK
47.625	>>> V 0.00 0.00
47.627	S 319107 -46.93 25.84 0.00 0.00 TRACK
47.647	>>> V 0.00 0.00
47.652	S 319127 -46.93 25.84 0.00 0.00 TRACK
47.665	>>> V 0.00 0.00
47.666	S 319147 -46.93 25.84 0.00 0.00 TRACK
47.686	>>> V 0.00 0.00
47.689	S 319167 -46.93 25.84 0.00 0.00 TRACK
47.710	>>> V 0.00 0.00
47.712	S 319187 -46.93 25.84 0.00 0.00 TRACK
47.727	>>> V 0.00 0.00
47.730	S 319207 -46.93 25.84 0.00 0.00 TRACK
47.749	>>> V 0.00 0.00
47.754	S 319227 -46.93 25.84 0.00 0.00 TRACK
47.767	>>> V 0.00 0.00
47.770	S 319247 -46.93 25.84 0.00 0.00 TRACK
47.785	>>> V 0.00 0.00
47.788	S 319267 -46.93 25.84 0.00 0.00 TRACK
47.809	>>> V 0.00 0.00
47.810	S 319287 -46.93 25.84 0.00 0.00 TRACK
47.825	>>> V 0.00 0.00
47.830	S 319307 -46.93 25.84 0.00 0.00 TRACK
47.845	>>> V 0.00 0.00
47.847	S 319327 -46.93 25.84 0.00 0.00 TRACK
47.867	>>> V 0.00 0.00
47.868	S 319347 -46.93 25.84 0.00 0.00 TRACK
47.888	>>> V 0.00 0.00
47.889	S 319367 -46.93 25.84 0.00 0.00 TRACK
47.905	>>> V 0.00 0.00
47.908	S 319387 -46.93 25.84 0.00 0.00 TRACK
47.930	>>> V 0.00 0.00
47.931	S 319407 -46.93 25.84 0.00 0.00 TRACK
47.947	>>> V 0.00 0.00
47.948	S 319427 -46.93 25.84 0.00 0.00 TRACK
47.968	>>> V 0.00 0.00
47.969	S 319448 -46.93 25.84 0.00 0.00 TRACK
47.994	>>> V 0.00 0.00
47.997	S 319468 -46.93 25.84 0.00 0.00 TRACK
48.007	>>> V 0.00 0.00
48.009	S 319487 -46.93 25.84 0.00 0.00 TRACK
48.026	>>> V 0.00 0.00
48.027	S 319508 -46.93 25.84 0.00 0.00 TRACK
48.048	>>> V 0.00 0.00
48.051	S 319528 -46.93 25.84 0.00 0.00 TRACK
48.069	>>> V 0.00 0.00
48.071	S 319548 -46.93 25.84 0.00 0.00 TRACK
48.098	>>> V 0.00 0.00
48.103	S 319568 -46.93 25.84 0.00 0.00 TRACK
48.109	>>> V 0.00 0.00
48.110	S 319588 -46.93 25.84 0.00 0.00 TRACK
48.126	>>> V 0.00 0.00
48.126	S 319608 -46.93 25.84 0.00 0.00 TRACK
48.145	>>> V 0.00 0.00
48.147	S 319628 -46.93 25.84 0.00 0.00 TRACK
48.166	>>> V 0.00 0.00
48.167	S 319648 -46.93 25.84 0.00 0.00 TRACK
48.185	>>> V 0.00 0.00
48.187	S 319668 -46.93 25.84 0.00 0.00 TRACK
48.207	>>> V 0.00 0.00
48.208	S 319688 -46.93 25.84 0.00 0.00 TRACK
48.224	>>> V 0.00 0.00
48.228	S 319708 -46.93 25.84 0.00 0.00 TRACK
48.249	>>> V 0.00 0.00
48.250	S 319728 -46.93 25.84 0.00 0.00 TRACK
48.265	>>> V 0.00 0.00
48.268	S 319748 -46.93 25.84 0.00 0.00 TRACK
48.287	>>> V 0.00 0.00
48.288	S 319768 -46.93 25.84 0.00 0.00 TRACK
48.305	>>> V 0.00 0.00
48.306	S 319788 -46.93 25.84 0.00 0.00 TRACK
48.327	>>> V 0.00 0.00
48.328	S 319808 -46.93 25.84 0.00 0.00 TRACK
48.346	>>> V 0.00 0.00
48.347	S 319828 -46.93 25.84 0.00 0.00 TRACK
48.367	>>> V 0.00 0.00
48.368	S 319848 -46.93 25.84 0.00 0.00 TRACK
48.386	>>> V 0.00 0.00
48.387	S 319868 -46.93 25.84 0.00 0.00 TRACK
48.405	>>> V 0.00 0.00
48.408	S 319888 -46.93 25.84 0.00 0.00 TRACK
48.433	>>> V 0.00 0.00
48.437	S 319908 -46.93 25.84 0.00 0.00 TRACK
48.446	>>> V 0.00 0.00
48.452	S 319928 -46.93 25.84 0.00 0.00 TRACK
48.469	>>> V 0.00 0.00
48.471	S 319948 -46.93 25.84 0.00 0.00 TRACK
48.485	>>> V 0.00 0.00
48.486	S 319968 -46.93 25.84 0.00 0.00 TRACK
48.505	>>> V 0.00 0.00
48.526	>>> V 0.00 0.00
48.526	S 319988 -46.93 25.84 0.00 0.00 TRACK
48.528	S 320008 -46.93 25.84 0.00 0.00 TRACK
48.545	>>> V 0.00 0.00
48.545	S 320028 -46.93 25.84 0.00 0.00 TRACK
48.565	>>> V 0.00 0.00
48.586	>>> V 0.00 0.00
48.586	S 320048 -46.93 25.84 0.00 0.00 TRACK
48.591	S 320068 -46.93 25.84 0.00 0.00 TRACK
48.611	>>> V 0.00 0.00
48.611	S 320088 -46.93 25.84 0.00 0.00 TRACK
48.625	>>> V 0.00 0.00
48.646	>>> V 0.00 0.00
48.646	S 320108 -46.93 25.84 0.00 0.00 TRACK
48.648	S 320128 -46.93 25.84 0.00 0.00 TRACK
48.666	>>> V 0.00 0.00
48.666	S 320148 -46.93 25.84 0.00 0.00 TRACK
48.684	>>> V 0.00 0.00
48.705	>>> V 0.00 0.00
48.706	S 320168 -46.93 25.84 0.00 0.00 TRACK
48.711	S 320188 -46.93 25.84 0.00 0.00 TRACK
48.726	>>> V 0.00 0.00
48.727	S 320208 -46.93 25.84 0.00 0.00 TRACK
48.744	>>> V 0.00 0.00
48.764	>>> V 0.00 0.00
48.764	S 320228 -46.93 25.84 0.00 0.00 TRACK
48.784	>>> V 0.00 0.00
48.785	S 320248 -46.93 25.84 0.00 0.00 TRACK
48.804	>>> V 0.00 0.00
48.805	S 320268 -46.93 25.84 0.00 0.00 TRACK
48.825	>>> V 0.00 0.00
48.825	S 320288 -46.93 25.84 0.00 0.00 TRACK
48.826	S 320308 -46.93 25.84 0.00 0.00 TRACK
48.844	>>> V 0.00 0.00
48.864	>>> V 0.00 0.00
48.864	S 320328 -46.93 25.84 0.00 0.00 TRACK
48.886	>>> V 0.00 0.00
48.887	S 320348 -46.93 25.84 0.00 0.00 TRACK
48.893	S 320368 -46.93 25.84 0.00 0.00 TRACK
48.905	>>> V 0.00 0.00
48.926	>>> V 0.00 0.00
48.926	S 320388 -46.93 25.84 0.00 0.00 TRACK
48.929	S 320408 -46.93 25.84 0.00 0.00 TRACK
48.945	>>> V 0.00 0.00
48.946	S 320428 -46.93 25.84 0.00 0.00 TRACK
48.964	>>> V 0.00 0.00
48.992	>>> V 0.00 0.00
48.997	S 320448 -46.93 25.84 0.00 0.00 TRACK
48.999	S 320468 -46.93 25.84 0.00 0.00 TRACK
49.005	>>> V 0.00 0.00
49.025	>>> V 0.00 0.00
49.026	S 320488 -46.93 25.84 0.00 0.00 TRACK
49.030	S 320508 -46.93 25.84 0.00 0.00 TRACK
49.047	>>> V 0.00 0.00
49.047	S 320528 -46.93 25.84 0.00 0.00 TRACK
49.069	>>> V 0.00 0.00
49.070	S 320548 -46.93 25.84 0.00 0.00 TRACK
49.085	>>> V 0.00 0.00
49.106	>>> V 0.00 0.00
49.107	S 320568 -46.93 25.84 0.00 0.00 TRACK
49.110	S 320588 -46.93 25.84 0.00 0.00 TRACK
49.127	>>> V 0.00 0.00
49.131	S 320608 -46.93 25.84 0.00 0.00 TRACK
49.145	>>> V 0.00 0.00
49.166	>>> V 0.00 0.00
49.167	S 320628 -46.93 25.84 0.00 0.00 TRACK
49.171	S 320648 -46.93 25.84 0.00 0.00 TRACK
49.185	>>> V 0.00 0.00
49.186	S 320668 -46.93 25.84 0.00 0.00 TRACK
49.206	>>> V 0.00 0.00
49.207	S 320688 -46.93 25.84 0.00 0.00 TRACK
49.225	>>> V 0.00 0.00
49.226	S 320708 -46.93 25.84 0.00 0.00 TRACK
49.244	>>> V 0.00 0.00
49.265	>>> V 0.00 0.00
49.267	S 320728 -46.93 25.84 0.00 0.00 TRACK
49.269	S 320748 -46.93 25.84 0.00 0.00 TRACK
49.285	>>> V 0.00 0.00
49.304	>>> V 0.00 0.00
49.305	S 320768 -46.93 25.84 0.00 0.00 TRACK
49.325	>>> V 0.00 0.00
49.327	S 320788 -46.93 25.84 0.00 0.00 TRACK
49.330	S 320808 -46.93 25.84 0.00 0.00 TRACK
49.344	>>> V 0.00 0.00
49.365	>>> V 0.00 0.00
49.366	S 320828 -46.93 25.84 0.00 0.00 TRACK
49.384	>>> V 0.00 0.00
49.385	S 320848 -46.93 25.84 0.00 0.00 TRACK
49.405	>>> V 0.00 0.00
49.406	S 320868 -46.93 25.84 0.00 0.00 TRACK
49.407	S 320888 -46.93 25.84 0.00 0.00 TRACK
49.427	>>> V 0.00 0.00
49.428	S 320908 -46.93 25.84 0.00 0.00 TRACK
49.445	>>> V 0.00 0.00
49.464	>>> V 0.00 0.00
49.465	S 320928 -46.93 25.84 0.00 0.00 TRACK
49.489	>>> V 0.00 0.00
49.495	S 320948 -46.93 25.84 0.00 0.00 TRACK
49.500	S 320968 -46.93 25.84 0.00 0.00 TRACK
49.510	>>> V 0.00 0.00
49.512	S 320988 -46.93 25.84 0.00 0.00 TRACK
49.534	>>> V 0.00 0.00
49.537	S 321008 -46.93 25.84 0.00 0.00 TRACK
49.545	>>> V 0.00 0.00
49.567	>>> V 0.00 0.00
49.569	S 321028 -46.93 25.84 0.00 0.00 TRACK
49.575	S 321048 -46.93 25.84 0.00 0.00 TRACK
49.586	>>> V 0.00 0.00
49.589	S 321068 -46.93 25.84 0.00 0.00 TRACK
49.607	>>> V 0.00 0.00
49.607	S 321088 -46.93 25.84 0.00 0.00 TRACK
49.625	>>> V 0.00 0.00
49.644	>>> V 0.00 0.00
49.645	S 321108 -46.93 25.84 0.00 0.00 TRACK
49.666	>>> V 0.00 0.00
49.668	S 321128 -46.93 25.84 0.00 0.00 TRACK
49.670	S 321148 -46.93 25.84 0.00 0.00 TRACK
49.686	>>> V 0.00 0.00
49.687	S 321168 -46.93 25.84 0.00 0.00 TRACK
49.710	>>> V 0.00 0.00
49.711	S 321188 -46.93 25.84 0.00 0.00 TRACK
49.725	>>> V 0.00 0.00
49.745	>>> V 0.00 0.00
49.746	S 321208 -46.93 25.84 0.00 0.00 TRACK
49.764	>>> V 0.00 0.00
49.765	S 321228 -46.93 25.84 0.00 0.00 TRACK
49.785	>>> V 0.00 0.00
49.786	S 321248 -46.93 25.84 0.00 0.00 TRACK
49.787	S 321268 -46.93 25.84 0.00 0.00 TRACK
49.811	>>> V 0.00 0.00
49.814	S 321288 -46.93 25.84 0.00 0.00 TRACK
49.827	>>> V 0.00 0.00
49.828	S 321308 -46.93 25.84 0.00 0.00 TRACK
49.844	>>> V 0.00 0.00
49.846	S 321328 -46.93 25.84 0.00 0.00 TRACK
49.869	>>> V 0.00 0.00
49.870	S 321348 -46.93 25.84 0.00 0.00 TRACK
49.888	>>> V 0.00 0.00
49.889	S 321368 -46.93 25.84 0.00 0.00 TRACK
49.911	>>> V 0.00 0.00
49.912	S 321388 -46.93 25.84 0.00 0.00 TRACK
49.929	>>> V 0.00 0.00
49.932	S 321408 -46.93 25.84 0.00 0.00 TRACK
49.945	>>> V 0.00 0.00
49.948	S 321428 -46.93 25.84 0.00 0.00 TRACK
49.966	>>> V 0.00 0.00
49.967	S 321448 -46.93 25.84 0.00 0.00 TRACK
49.985	>>> V 0.00 0.00
50.004	>>> V 0.00 0.00
50.005	S 321468 -46.93 25.84 0.00 0.00 TRACK
50.027	>>> V 0.00 0.00
50.028	S 321488 -46.93 25.84 0.00 0.00 TRACK
50.033	S 321508 -46.93 25.84 0.00 0.00 TRACK
50.044	>>> V 0.00 0.00
50.047	S 321528 -46.93 25.84 0.00 0.00 TRACK
50.066	>>> V 0.00 0.00
50.067	S 321548 -46.93 25.84 0.00 0.00 TRACK
50.084	>>> V 0.00 0.00
50.087	S 321568 -46.93 25.84 0.00 0.00 TRACK
50.105	>>> V 0.00 0.00
50.107	S 321588 -46.93 25.84 0.00 0.00 TRACK
50.124	>>> V 0.00 0.00
50.147	>>> V 0.00 0.00
50.147	S 321608 -46.93 25.84 0.00 0.00 TRACK
50.152	S 321628 -46.93 25.84 0.00 0.00 TRACK
50.165	>>> V 0.00 0.00
50.167	S 321648 -46.93 25.84 0.00 0.00 TRACK
50.190	>>> V 0.00 0.00
50.191	S 321668 -46.93 25.84 0.00 0.00 TRACK
50.207	>>> V 0.00 0.00
50.207	S 321688 -46.93 25.84 0.00 0.00 TRACK
50.226	>>> V 0.00 0.00
50.227	S 321708 -46.93 25.84 0.00 0.00 TRACK
50.245	>>> V 0.00 0.00
50.247	S 321728 -46.93 25.84 0.00 0.00 TRACK
50.268	>>> V 0.00 0.00
50.270	S 321748 -46.93 25.84 0.00 0.00 TRACK
50.284	>>> V 0.00 0.00
50.306	>>> V 0.00 0.00
50.306	S 321768 -46.93 25.84 0.00 0.00 TRACK
50.310	S 321788 -46.93 25.84 0.00 0.00 TRACK
50.333	>>> V 0.00 0.00
50.333	S 321808 -46.93 25.84 0.00 0.00 TRACK
50.345	>>> V 0.00 0.00
50.348	S 321828 -46.93 25.84 0.00 0.00 TRACK
50.366	>>> V 0.00 0.00
50.366	S 321848 -46.93 25.84 0.00 0.00 TRACK
50.389	>>> V 0.00 0.00
50.392	S 321868 -46.93 25.84 0.00 0.00 TRACK
50.406	>>> V 0.00 0.00
50.410	S 321888 -46.93 25.84 0.00 0.00 TRACK
50.435	>>> V 0.00 0.00
50.436	S 321908 -46.93 25.84 0.00 0.00 TRACK
50.448	>>> V 0.00 0.00
50.452	S 321928 -46.93 25.84 0.00 0.00 TRACK
50.472	>>> V 0.00 0.00
50.473	S 321948 -46.93 25.84 0.00 0.00 TRACK
50.487	>>> V 0.00 0.00
50.490	S 321968 -46.93 25.84 0.00 0.00 TRACK
50.510	>>> V 0.00 0.00
50.513	S 321988 -46.93 25.84 0.00 0.00 TRACK
50.529	>>> V 0.00 0.00
50.532	S 322008 -46.93 25.84 0.00 0.00 TRACK
50.545	>>> V 0.00 0.00
50.549	S 322028 -46.93 25.84 0.00 0.00 TRACK
50.566	>>> V 0.00 -13.97
50.569	S 322048 -46.93 25.84 0.00 0.00 TRACK
50.590	>>> V 0.00 -13.97
50.591	S 322068 -46.93 25.84 0.00 0.00 TRACK
50.608	>>> V 0.00 -13.97
50.608	S 322088 -46.93 25.84 0.00 0.00 TRACK
50.629	>>> V 0.00 -12.79
50.629	S 322108 -46.93 25.66 0.00 -1.37 TRACK
50.644	>>> V 0.00 -12.79
50.664	>>> V 0.00 -11.68
50.667	S 322128 -46.93 25.40 0.00 -2.75 TRACK
50.669	S 322148 -46.93 25.22 0.00 -5.50 TRACK
50.685	>>> V 0.00 -10.95
50.706	>>> V 0.00 -9.72
50.707	S 322168 -46.93 24.96 0.00 -8.24 TRACK
50.709	S 322188 -46.93 24.79 0.00 -9.62 TRACK
50.725	>>> V 0.00 -9.72
50.727	S 322208 -46.93 24.52 0.00 -10.99 TRACK
50.746	>>> V 0.00 -9.72
50.746	S 322228 -46.93 24.26 0.00 -10.99 TRACK
50.769	>>> V 0.00 -9.72
50.771	S 322248 -46.93 24.08 0.00 -10.99 TRACK
50.793	>>> V 0.00 -9.11
50.796	S 322268 -46.93 23.91 0.00 -10.99 TRACK
50.805	>>> V 0.00 -9.11
50.827	>>> V 0.00 -8.24
50.830	S 322288 -46.93 23.64 0.00 -9.62 TRACK
50.831	S 322308 -46.93 23.55 0.00 -9.62 TRACK
50.845	>>> V 0.00 -6.71
50.847	S 322328 -46.93 23.38 0.00 -8.24 TRACK
50.865	>>> V 0.00 -6.71
50.867	S 322348 -46.93 23.12 0.00 -8.24 TRACK
50.884	>>> V 0.00 -5.35
50.905	>>> V 0.00 -5.35
50.906	S 322368 -46.93 22.94 0.00 -8.24 TRACK
50.930	>>> V 0.00 -5.35
50.932	S 322388 -46.93 22.76 0.00 -8.24 TRACK
50.934	S 322408 -46.93 22.59 0.00 -8.24 TRACK
50.947	>>> V 0.00 -4.16
50.949	S 322428 -46.93 22.50 0.00 -6.87 TRACK
50.968	>>> V 0.00 -4.16
50.971	S 322448 -46.93 22.32 0.00 -6.87 TRACK
50.991	>>> V 0.00 -4.16
50.992	S 322468 -46.93 22.32 0.00 -5.50 TRACK
51.005	>>> V 0.00 -3.32
51.006	S 322488 -46.93 22.24 0.00 -5.50 TRACK
51.024	>>> V 0.00 0.00
51.026	S 322508 -46.93 22.15 0.00 -4.12 TRACK
51.045	>>> V 0.00 0.00
51.065	>>> V 0.00 0.00
51.066	S 322528 -46.93 22.06 0.00 -2.75 TRACK
51.072	S 322548 -46.93 21.97 0.00 -2.75 TRACK
51.086	>>> V -1.91 0.00
51.086	S 322568 -46.93 21.88 0.00 -2.75 TRACK
51.104	>>> V -2.16 0.00
51.125	>>> V -2.94 -4.81
51.125	S 322588 -46.93 21.97 0.00 -2.75 TRACK
51.145	>>> V -2.94 -4.81
51.145	S 322608 -46.93 21.97 0.00 -1.37 TRACK
51.165	>>> X
