0.022	>>> 
0.023	>>> B 1654 2007
0.024	>>> I
0.157	>>> V 0.00 0.00
0.158	B 1654 2007
0.165	S 5447 -4.57 13.01 0.00 0.00 HOMING
0.172	S 5467 -4.57 13.01 0.00 0.00 HOMING
0.172	S 5487 -4.57 12.92 0.00 0.00 HOMING
0.173	S 5507 -4.48 12.66 0.00 -1.37 HOMING
0.173	S 5527 -4.31 12.30 1.37 -4.12 HOMING
0.177	S 5547 -4.04 11.95 4.12 -9.62 HOMING
0.182	>>> V 0.00 0.00
0.183	S 5567 -3.87 11.51 6.87 -15.11 HOMING
0.195	>>> V 0.00 0.00
0.198	S 5587 -3.69 11.07 6.87 -17.86 HOMING
0.215	>>> V 0.00 0.00
0.217	S 5607 -3.60 10.63 8.24 -20.61 HOMING
0.236	>>> V 0.00 0.00
0.237	S 5627 -3.43 10.20 8.24 -21.98 HOMING
0.255	>>> V 0.00 0.00
0.257	S 5647 -3.25 9.67 6.87 -21.98 HOMING
0.278	>>> V 0.00 0.00
0.279	S 5667 -3.16 9.32 6.87 -21.98 HOMING
0.295	>>> V 0.00 0.00
0.297	S 5687 -3.08 8.88 6.87 -21.98 HOMING
0.316	>>> V 0.00 0.00
0.318	S 5707 -2.90 8.53 6.87 -20.61 HOMING
0.335	>>> V 0.00 0.00
0.336	S 5727 -2.72 8.09 5.50 -19.24 HOMING
0.355	>>> V 0.00 0.00
0.358	S 5747 -2.72 7.73 5.50 -19.24 HOMING
0.377	>>> V 0.00 0.00
0.380	S 5767 -2.64 7.38 4.12 -17.86 HOMING
0.395	>>> V 0.00 0.00
0.398	S 5787 -2.46 7.03 4.12 -17.86 HOMING
0.416	>>> V 0.00 0.00
0.417	S 5807 -2.37 6.77 4.12 -16.49 HOMING
0.435	>>> V 0.00 0.00
0.455	>>> V 0.00 0.00
0.456	S 5827 -2.29 6.50 4.12 -16.49 HOMING
0.475	>>> V 0.00 0.00
0.477	S 5847 -2.20 6.15 4.12 -15.11 HOMING
0.478	S 5867 -2.02 5.89 4.12 -13.74 HOMING
0.495	>>> V 0.00 0.00
0.516	>>> V 0.00 0.00
0.517	S 5887 -2.02 5.62 4.12 -13.74 HOMING
0.521	S 5907 -1.93 5.36 4.12 -13.74 HOMING
0.536	>>> V 0.00 0.00
0.555	>>> V 0.00 0.00
0.557	S 5927 -1.85 5.10 4.12 -12.37 HOMING
0.558	S 5947 -1.76 4.92 4.12 -12.37 HOMING
0.576	>>> V 0.00 0.00
0.577	S 5967 -1.67 4.75 4.12 -10.99 HOMING
0.595	>>> V 0.00 0.00
0.615	>>> V 0.00 0.00
0.620	S 5987 -1.58 4.48 4.12 -10.99 HOMING
0.621	S 6007 -1.49 4.31 4.12 -9.62 HOMING
0.635	>>> V 0.00 0.00
0.655	>>> V 0.00 0.00
0.656	S 6027 -1.41 4.13 4.12 -9.62 HOMING
0.676	>>> V 0.00 0.00
0.677	S 6047 -1.32 3.96 2.75 -9.62 HOMING
0.682	S 6067 -1.32 3.78 2.75 -9.62 HOMING
0.695	>>> V 0.00 0.00
0.697	S 6087 -1.23 3.60 2.75 -8.24 HOMING
0.716	>>> V 0.00 0.00
0.720	S 6107 -1.14 3.43 2.75 -8.24 HOMING
0.736	>>> V 0.00 0.00
0.755	>>> V 0.00 0.00
0.757	S 6127 -1.05 3.25 2.75 -8.24 HOMING
0.775	>>> V 0.00 0.00
0.776	S 6147 -1.05 3.16 2.75 -8.24 HOMING
0.795	>>> V 0.00 0.00
0.796	S 6167 -1.05 2.99 1.37 -6.87 HOMING
0.818	>>> V 0.00 0.00
0.819	S 6187 -0.97 2.90 1.37 -6.87 HOMING
0.821	S 6207 -0.97 2.72 1.37 -5.50 HOMING
0.838	>>> V 0.00 0.00
0.838	S 6227 -0.88 2.72 1.37 -4.12 HOMING
0.857	>>> V 0.00 0.00
0.860	S 6247 -0.88 2.55 1.37 -4.12 HOMING
0.880	>>> V 0.00 0.00
0.883	S 6267 -0.88 2.46 1.37 -4.12 HOMING
0.895	>>> V 0.00 0.00
0.897	S 6287 -0.88 2.37 0.00 -4.12 HOMING
0.921	>>> V 0.00 0.00
0.923	S 6307 -0.79 2.29 0.00 -4.12 HOMING
0.935	>>> V 0.00 0.00
0.937	S 6327 -0.79 2.20 0.00 -4.12 HOMING
0.957	>>> V 0.00 0.00
0.958	S 6347 -0.70 2.02 1.37 -4.12 HOMING
0.978	>>> V 0.00 0.00
0.979	S 6367 -0.70 1.93 1.37 -4.12 HOMING
0.996	>>> V 0.00 0.00
1.016	>>> V 0.00 0.00
1.016	S 6387 -0.70 1.85 1.37 -4.12 HOMING
1.035	>>> V 0.00 0.00
1.036	S 6407 -0.70 1.76 0.00 -4.12 HOMING
1.055	>>> V 0.00 0.00
1.055	S 6427 -0.70 1.67 0.00 -4.12 HOMING
1.075	>>> V 0.00 0.00
1.077	S 6447 -0.62 1.58 0.00 -4.12 HOMING
1.078	S 6467 -0.53 1.49 1.37 -2.75 HOMING
1.097	>>> V 0.00 0.00
1.098	S 6487 -0.53 1.41 1.37 -4.12 HOMING
1.117	>>> V 0.00 0.00
1.119	S 6507 -0.53 1.32 1.37 -4.12 HOMING
1.135	>>> V 0.00 0.00
1.156	>>> V 0.00 0.00
1.157	S 6527 -0.53 1.23 0.00 -4.12 HOMING
1.179	>>> V 0.00 0.00
1.180	S 6547 -0.53 1.23 0.00 -2.75 HOMING
1.183	S 6567 -0.44 1.23 0.00 -2.75 HOMING
1.196	>>> V 0.00 0.00
1.216	>>> V 0.00 0.00
1.223	S 6587 -0.35 1.14 0.00 -2.75 HOMING
1.224	S 6607 -0.35 1.14 1.37 -1.37 HOMING
1.235	>>> V 0.00 0.00
1.237	S 6627 -0.35 1.05 1.37 -1.37 HOMING
1.255	>>> V 0.00 0.00
1.276	>>> V 0.00 0.00
1.277	S 6647 -0.35 0.97 1.37 -1.37 HOMING
1.281	S 6667 -0.35 0.88 0.00 -2.75 HOMING
1.296	>>> V 0.00 0.00
1.298	S 6687 -0.26 0.88 0.00 -2.75 HOMING
1.317	>>> V 0.00 0.00
1.317	S 6707 -0.26 0.88 0.00 -2.75 HOMING
1.335	>>> V 0.00 0.00
1.355	>>> V 0.00 0.00
1.355	S 6727 -0.26 0.88 0.00 -1.37 HOMING
1.376	>>> V 0.00 0.00
1.377	S 6747 -0.26 0.70 0.00 0.00 HOMING
1.382	S 6767 -0.26 0.70 0.00 0.00 HOMING
1.395	>>> V 0.00 0.00
1.416	>>> V 0.00 0.00
1.417	S 6787 -0.26 0.62 0.00 0.00 HOMING
1.418	S 6807 -0.26 0.62 0.00 -1.37 HOMING
1.435	>>> V 0.00 0.00
1.455	>>> V 0.00 0.00
1.455	S 6827 -0.26 0.62 0.00 -1.37 HOMING
1.475	>>> V 0.00 0.00
1.476	S 6847 -0.26 0.62 0.00 0.00 HOMING
1.495	>>> V 0.00 0.00
1.495	S 6867 -0.26 0.62 0.00 0.00 HOMING
1.516	>>> V 0.00 0.00
1.519	S 6887 -0.26 0.53 0.00 0.00 HOMING
1.520	S 6907 -0.26 0.44 0.00 0.00 HOLD
1.535	>>> V 0.00 0.00
1.555	>>> V 0.00 0.00
1.555	S 6927 -0.26 0.44 0.00 -1.37 HOLD
1.576	>>> V 0.00 0.00
1.576	S 6947 -0.26 0.44 0.00 -1.37 HOLD
1.595	>>> V 0.00 0.00
1.595	S 6967 -0.26 0.44 0.00 -1.37 HOLD
1.617	>>> V 0.00 0.00
1.617	S 6987 -0.26 0.44 0.00 0.00 HOLD
1.618	S 7007 -0.26 0.44 0.00 0.00 HOLD
1.635	>>> V 0.00 0.00
1.655	>>> V 0.00 0.00
1.655	S 7027 -0.26 0.44 0.00 0.00 HOLD
1.677	>>> V 0.00 0.00
1.677	S 7047 -0.26 0.44 0.00 0.00 HOLD
1.680	S 7067 -0.26 0.44 0.00 0.00 HOLD
1.695	>>> V 0.00 0.00
1.718	>>> V 0.00 0.00
1.718	S 7087 -0.35 0.44 0.00 0.00 HOLD
1.719	S 7107 -0.26 0.44 0.00 0.00 HOLD
1.736	>>> V 0.00 0.00
1.755	>>> V 0.00 0.00
1.756	S 7127 -0.26 0.44 0.00 0.00 HOLD
1.775	>>> V 0.00 0.00
1.776	S 7147 -0.26 0.44 0.00 0.00 HOLD
1.795	>>> V 0.00 0.00
1.795	S 7167 -0.26 0.44 0.00 0.00 HOLD
1.816	>>> V 0.00 0.00
1.817	S 7187 -0.26 0.44 0.00 0.00 HOLD
1.818	S 7207 -0.26 0.44 0.00 0.00 HOLD
1.835	>>> V 0.00 0.00
1.855	>>> V 0.00 0.00
1.855	S 7227 -0.26 0.44 0.00 0.00 HOLD
1.875	>>> V 0.00 0.00
1.876	S 7247 -0.26 0.44 0.00 0.00 HOLD
1.895	>>> V 0.00 0.00
1.895	S 7267 -0.26 0.44 0.00 0.00 HOLD
1.915	>>> V 0.00 0.00
1.915	S 7287 -0.26 0.44 0.00 0.00 HOLD
1.935	>>> V 0.00 0.00
1.935	S 7307 -0.26 0.44 0.00 0.00 HOLD
1.955	>>> V 0.00 0.00
1.957	S 7327 -0.26 0.44 0.00 0.00 HOLD
1.978	>>> V 0.00 0.00
1.980	S 7347 -0.26 0.44 0.00 0.00 HOLD
1.987	S 7367 -0.26 0.44 0.00 0.00 HOLD
1.995	>>> V 0.00 0.00
2.018	>>> V 0.00 0.00
2.019	S 7387 -0.26 0.44 0.00 0.00 HOLD
2.020	S 7407 -0.26 0.44 0.00 0.00 HOLD
2.035	>>> V 0.00 0.00
2.055	>>> V 0.00 0.00
2.055	S 7427 -0.26 0.44 0.00 0.00 HOLD
2.076	>>> V 0.00 0.00
2.077	S 7447 -0.26 0.44 0.00 0.00 HOLD
2.079	S 7467 -0.26 0.44 0.00 0.00 HOLD
2.095	>>> V 0.00 0.00
2.115	>>> V 0.00 0.00
2.117	S 7487 -0.26 0.44 0.00 0.00 HOLD
2.119	S 7507 -0.26 0.44 0.00 0.00 HOLD
2.136	>>> V 0.00 0.00
2.137	S 7527 -0.26 0.44 0.00 0.00 HOLD
2.156	>>> V 0.00 0.00
2.157	S 7547 -0.26 0.44 0.00 0.00 HOLD
2.175	>>> V 0.00 0.00
2.196	>>> V 0.00 0.00
2.197	S 7567 -0.26 0.44 0.00 0.00 HOLD
2.215	>>> V 0.00 0.00
2.216	S 7587 -0.26 0.44 0.00 0.00 HOLD
2.236	>>> V 0.00 0.00
2.237	S 7607 -0.26 0.44 0.00 0.00 HOLD
2.241	S 7627 -0.26 0.44 0.00 0.00 HOLD
2.256	>>> V 0.00 0.00
2.276	>>> V 0.00 0.00
2.276	S 7647 -0.26 0.44 0.00 0.00 HOLD
2.295	>>> V 0.00 0.00
2.295	S 7667 -0.26 0.44 0.00 0.00 HOLD
2.317	>>> V 0.00 0.00
2.318	S 7687 -0.26 0.44 0.00 0.00 HOLD
2.319	S 7707 -0.26 0.44 0.00 0.00 HOLD
2.335	>>> V 0.00 0.00
2.337	S 7727 -0.26 0.44 0.00 0.00 HOLD
2.355	>>> V 0.00 0.00
2.376	>>> V 0.00 0.00
2.376	S 7747 -0.26 0.44 0.00 0.00 HOLD
2.395	>>> V 0.00 0.00
2.395	S 7767 -0.26 0.44 0.00 0.00 HOLD
2.416	>>> V 0.00 0.00
2.420	S 7787 -0.26 0.44 0.00 0.00 HOLD
2.422	S 7807 -0.26 0.44 0.00 0.00 HOLD
2.435	>>> V 0.00 0.00
2.437	S 7827 -0.26 0.44 0.00 0.00 HOLD
2.456	>>> V 0.00 0.00
2.457	S 7847 -0.26 0.44 0.00 0.00 HOLD
2.475	>>> V 0.00 0.00
2.477	S 7867 -0.26 0.44 0.00 0.00 HOLD
2.497	>>> V 0.00 0.00
2.497	S 7887 -0.26 0.44 0.00 0.00 HOLD
2.516	>>> V 0.00 0.00
2.517	S 7907 -0.26 0.44 0.00 0.00 HOLD
2.536	>>> V 0.00 0.00
2.537	S 7927 -0.26 0.44 0.00 0.00 HOLD
2.557	>>> V 0.00 0.00
2.557	S 7947 -0.26 0.44 0.00 0.00 HOLD
2.576	>>> V 0.00 0.00
2.596	>>> V 0.00 0.00
2.596	S 7967 -0.26 0.44 0.00 0.00 HOLD
2.615	>>> V 0.00 0.00
2.618	S 7987 -0.26 0.44 0.00 0.00 HOLD
2.620	S 8007 -0.26 0.44 0.00 0.00 HOLD
2.635	>>> V 0.00 0.00
2.657	>>> V 0.00 0.00
2.657	S 8027 -0.26 0.44 0.00 0.00 HOLD
2.661	S 8047 -0.26 0.44 0.00 0.00 HOLD
2.678	>>> V 0.00 0.00
2.678	S 8067 -0.35 0.44 0.00 0.00 HOLD
2.696	>>> V 0.00 0.00
2.718	>>> V 0.00 0.00
2.719	S 8087 -0.26 0.44 0.00 0.00 HOLD
2.720	S 8107 -0.35 0.44 0.00 0.00 HOLD
2.736	>>> V 0.00 0.00
2.737	S 8127 -0.26 0.44 0.00 0.00 HOLD
2.755	>>> V -19.48 52.16
2.757	S 8147 -0.26 0.44 0.00 0.00 HOLD
2.775	>>> V -19.47 52.16
2.796	>>> V -19.77 52.05
2.798	S 8167 -0.26 0.44 0.00 0.00 TRACK
2.807	S 8187 -0.26 0.44 0.00 0.00 TRACK
2.818	>>> V -19.77 52.05
2.818	S 8207 -0.35 0.44 0.00 0.00 TRACK
2.838	>>> V -19.91 52.00
2.838	S 8227 -0.53 0.70 -1.37 1.37 TRACK
2.855	>>> V -19.91 52.00
2.877	>>> V -19.95 51.94
2.877	S 8247 -0.79 1.23 -4.12 5.50 TRACK
2.879	S 8267 -1.23 1.93 -9.62 12.37 TRACK
2.895	>>> V -19.94 51.73
2.918	>>> V -19.94 51.73
2.918	S 8287 -1.58 2.72 -13.74 21.98 TRACK
2.919	S 8307 -2.02 3.60 -15.11 30.23 TRACK
2.935	>>> V -19.92 51.67
2.955	>>> V -19.92 51.67
2.956	S 8327 -2.37 4.57 -17.86 37.10 TRACK
2.976	>>> V 0.00 0.00
2.976	S 8347 -2.72 5.62 -17.86 42.59 TRACK
2.995	>>> V 0.00 0.00
2.996	S 8367 -3.16 6.68 -19.24 46.72 TRACK
3.015	>>> V 0.00 0.00
3.016	S 8387 -3.52 7.65 -19.24 49.46 TRACK
3.035	>>> V 0.00 0.00
3.036	S 8407 -3.87 8.70 -19.24 50.84 TRACK
3.057	>>> V 0.00 0.00
3.058	S 8427 -4.13 9.93 -17.86 52.21 TRACK
3.060	S 8447 -4.31 10.72 -15.11 52.21 TRACK
3.075	>>> V 0.00 0.00
3.097	>>> V 0.00 0.00
3.098	S 8467 -4.39 11.25 -12.37 48.09 TRACK
3.100	S 8487 -4.48 11.69 -8.24 39.85 TRACK
3.115	>>> V 0.00 0.00
3.137	>>> V 0.00 0.00
3.138	S 8507 -4.48 11.87 -5.50 27.48 TRACK
3.141	S 8527 -4.48 11.87 -2.75 17.86 TRACK
3.155	>>> V 0.00 0.00
3.177	>>> V 0.00 0.00
3.177	S 8547 -4.48 11.87 0.00 9.62 TRACK
3.180	S 8567 -4.48 11.87 0.00 4.12 TRACK
3.196	>>> V 0.00 0.00
3.216	>>> V 0.00 0.00
3.216	S 8587 -4.39 11.87 0.00 1.37 TRACK
3.235	>>> V 0.00 0.00
3.236	S 8607 -4.39 11.87 0.00 0.00 TRACK
3.255	>>> V 0.00 0.00
3.256	S 8627 -4.48 11.87 0.00 0.00 TRACK
3.276	>>> V 0.00 0.00
3.276	S 8647 -4.39 11.87 0.00 0.00 TRACK
3.295	>>> V 0.00 0.00
3.295	S 8667 -4.39 11.87 0.00 0.00 TRACK
3.315	>>> V 0.00 0.00
3.316	S 8687 -4.39 11.95 0.00 0.00 TRACK
3.335	>>> V 0.00 0.00
3.336	S 8707 -4.39 11.87 0.00 0.00 TRACK
3.357	>>> V 0.00 0.00
3.358	S 8727 -4.39 11.95 0.00 0.00 TRACK
3.376	>>> V 0.00 0.00
3.377	S 8747 -4.39 11.95 0.00 0.00 TRACK
3.378	S 8767 -4.39 11.95 0.00 0.00 TRACK
3.397	>>> V 0.00 0.00
3.399	S 8787 -4.39 11.95 0.00 0.00 TRACK
3.416	>>> V 0.00 0.00
3.436	>>> V 0.00 0.00
3.436	S 8807 -4.48 11.87 0.00 0.00 TRACK
3.455	>>> V 0.00 0.00
3.455	S 8827 -4.39 11.95 0.00 0.00 TRACK
3.475	>>> V 0.00 0.00
3.476	S 8847 -4.39 11.95 0.00 0.00 TRACK
3.495	>>> V 0.00 0.00
3.496	S 8867 -4.48 11.95 0.00 0.00 TRACK
3.515	>>> V 0.00 0.00
3.516	S 8887 -4.39 11.87 0.00 0.00 TRACK
3.538	>>> V 0.00 0.00
3.539	S 8907 -4.39 11.95 0.00 0.00 TRACK
3.541	S 8927 -4.39 11.95 0.00 0.00 TRACK
3.556	>>> V 0.00 0.00
3.557	S 8947 -4.48 11.95 0.00 0.00 TRACK
3.576	>>> V 0.00 0.00
3.577	S 8967 -4.48 11.95 0.00 0.00 TRACK
3.595	>>> V 0.00 0.00
3.618	>>> V 0.00 0.00
3.619	S 8987 -4.39 11.95 0.00 0.00 TRACK
3.624	S 9007 -4.39 11.95 0.00 0.00 TRACK
3.642	>>> V 0.00 0.00
3.643	S 9027 -4.39 11.95 0.00 0.00 TRACK
3.656	>>> V 0.00 0.00
3.659	S 9047 -4.39 11.95 0.00 0.00 TRACK
3.677	>>> V 0.00 0.00
3.678	S 9067 -4.39 11.95 0.00 0.00 TRACK
3.696	>>> V -17.62 24.88
3.719	>>> V -17.62 24.88
3.720	S 9087 -4.39 11.95 0.00 0.00 TRACK
3.723	S 9107 -4.39 11.95 0.00 0.00 TRACK
3.735	>>> V -17.62 24.88
3.738	S 9127 -4.48 11.95 0.00 0.00 TRACK
3.756	>>> V -17.62 24.88
3.758	S 9147 -4.57 12.13 -1.37 0.00 TRACK
3.777	>>> V 0.00 0.00
3.777	S 9167 -4.83 12.30 -2.75 2.75 TRACK
3.797	>>> V 0.00 0.00
3.798	S 9187 -5.19 12.57 -6.87 5.50 TRACK
3.816	>>> V 0.00 0.00
3.836	>>> V 0.00 0.00
3.836	S 9207 -5.45 13.01 -10.99 9.62 TRACK
3.855	>>> V 0.00 0.00
3.856	S 9227 -5.62 13.54 -12.37 15.11 TRACK
3.875	>>> V 0.00 0.00
3.876	S 9247 -5.80 13.80 -12.37 17.86 TRACK
3.895	>>> V 0.00 0.00
3.896	S 9267 -5.89 13.89 -9.62 17.86 TRACK
3.916	>>> V 0.00 0.00
3.916	S 9287 -5.89 13.89 -6.87 12.37 TRACK
3.936	>>> V 0.00 0.00
3.936	S 9307 -5.89 13.97 -2.75 6.87 TRACK
3.955	>>> V 0.00 0.00
3.955	S 9327 -5.89 13.89 -1.37 2.75 TRACK
3.978	>>> V 0.00 0.00
3.979	S 9347 -5.89 13.89 0.00 0.00 TRACK
3.983	S 9367 -5.89 13.97 0.00 0.00 TRACK
3.995	>>> V 0.00 0.00
4.021	>>> V 0.00 0.00
4.021	S 9387 -5.89 13.97 0.00 0.00 TRACK
4.022	S 9407 -5.80 13.97 0.00 0.00 TRACK
4.035	>>> V 0.00 0.00
4.057	>>> V 0.00 0.00
4.057	S 9427 -5.89 13.97 0.00 0.00 TRACK
4.059	S 9447 -5.80 13.89 0.00 0.00 TRACK
4.075	>>> V 0.00 0.00
4.097	>>> V 0.00 0.00
4.098	S 9467 -5.89 13.89 0.00 0.00 TRACK
4.116	>>> V 0.00 0.00
4.116	S 9487 -5.89 13.89 0.00 0.00 TRACK
4.135	>>> V 0.00 0.00
4.136	S 9507 -5.80 13.97 0.00 0.00 TRACK
4.156	>>> V 0.00 0.00
4.158	S 9527 -5.89 13.97 0.00 0.00 TRACK
4.161	S 9547 -5.80 13.89 0.00 0.00 TRACK
4.175	>>> V 0.00 0.00
4.197	>>> V 0.00 0.00
4.198	S 9567 -5.80 13.97 0.00 0.00 TRACK
4.199	S 9587 -5.89 13.97 0.00 0.00 TRACK
4.215	>>> V 0.00 0.00
4.235	>>> V 0.00 0.00
4.236	S 9607 -5.80 13.97 0.00 0.00 TRACK
4.255	>>> V 0.00 0.00
4.255	S 9627 -5.80 13.97 0.00 0.00 TRACK
4.276	>>> V 0.00 0.00
4.277	S 9647 -5.80 13.97 0.00 0.00 TRACK
4.278	S 9667 -5.80 13.97 0.00 0.00 TRACK
4.296	>>> V 0.00 0.00
4.297	S 9687 -5.80 13.97 0.00 0.00 TRACK
4.315	>>> V 0.00 0.00
4.336	>>> V 0.00 0.00
4.337	S 9707 -5.80 13.97 0.00 0.00 TRACK
4.356	>>> V 0.00 0.00
4.356	S 9727 -5.89 13.97 0.00 0.00 TRACK
4.375	>>> V 0.00 0.00
4.376	S 9747 -5.89 13.97 0.00 0.00 TRACK
4.395	>>> V 0.00 0.00
4.396	S 9767 -5.80 13.89 0.00 0.00 TRACK
4.417	>>> V 0.00 0.00
4.419	S 9787 -5.80 13.97 0.00 0.00 TRACK
4.424	S 9807 -5.80 13.97 0.00 0.00 TRACK
4.435	>>> V 0.00 0.00
4.456	>>> V 0.00 0.00
4.457	S 9827 -5.89 13.89 0.00 0.00 TRACK
4.461	S 9847 -5.80 13.97 0.00 0.00 TRACK
4.476	>>> V 0.00 0.00
4.496	>>> V 0.00 0.00
4.497	S 9867 -5.80 13.97 0.00 0.00 TRACK
4.498	S 9887 -5.80 13.97 0.00 0.00 TRACK
4.519	>>> V 0.00 0.00
4.520	S 9907 -5.80 13.97 0.00 0.00 TRACK
4.535	>>> V 0.00 0.00
4.556	>>> V 0.00 0.00
4.556	S 9927 -5.80 13.89 0.00 0.00 TRACK
4.578	>>> V 0.00 0.00
4.578	S 9947 -5.89 13.97 0.00 0.00 TRACK
4.582	S 9967 -5.80 13.89 0.00 0.00 TRACK
4.599	>>> V 0.00 0.00
4.600	S 9987 -5.80 13.89 0.00 0.00 TRACK
4.617	>>> V 0.00 0.00
4.618	S 10007 -5.80 13.97 0.00 0.00 TRACK
4.635	>>> V 0.00 0.00
4.637	S 10027 -5.89 13.97 0.00 0.00 TRACK
4.656	>>> V 0.00 0.00
4.658	S 10047 -5.80 13.97 0.00 0.00 TRACK
4.675	>>> V 0.00 0.00
4.678	S 10067 -5.80 13.97 0.00 0.00 TRACK
4.695	>>> V 0.00 0.00
4.716	>>> V 0.00 0.00
4.716	S 10087 -5.89 13.97 0.00 0.00 TRACK
4.735	>>> V 0.00 0.00
4.736	S 10107 -5.80 13.97 0.00 0.00 TRACK
4.755	>>> V 0.00 0.00
4.755	S 10127 -5.80 13.89 0.00 0.00 TRACK
4.776	>>> V 0.00 0.00
4.776	S 10147 -5.80 13.89 0.00 0.00 TRACK
4.795	>>> V 0.00 0.00
4.796	S 10167 -5.80 13.97 0.00 0.00 TRACK
4.820	>>> V 0.00 0.00
4.820	S 10187 -5.80 13.97 0.00 0.00 TRACK
4.827	S 10207 -5.89 13.89 0.00 0.00 TRACK
4.835	>>> V 0.00 0.00
4.856	>>> V 0.00 0.00
4.857	S 10227 -5.89 13.97 0.00 0.00 TRACK
4.876	>>> V 0.00 0.00
4.877	S 10247 -5.80 13.97 0.00 0.00 TRACK
4.897	>>> V 0.00 0.00
4.898	S 10267 -5.80 13.97 0.00 0.00 TRACK
4.915	>>> V 0.00 0.00
4.916	S 10287 -5.80 13.97 0.00 0.00 TRACK
4.935	>>> V 0.00 0.00
4.935	S 10307 -5.80 13.97 0.00 0.00 TRACK
4.956	>>> V 0.00 0.00
4.956	S 10327 -5.80 13.89 0.00 0.00 TRACK
4.975	>>> V 0.00 0.00
4.975	S 10347 -5.80 13.89 0.00 0.00 TRACK
4.998	>>> V 0.00 0.00
4.999	S 10367 -5.80 13.97 0.00 0.00 TRACK
5.002	S 10387 -5.80 13.97 0.00 0.00 TRACK
5.015	>>> V 0.00 0.00
5.037	>>> V 0.00 0.00
5.038	S 10407 -5.89 13.97 0.00 0.00 TRACK
5.055	>>> V 0.00 0.00
5.055	S 10427 -5.89 13.89 0.00 0.00 TRACK
5.075	>>> V 0.00 0.00
5.076	S 10447 -5.80 13.89 0.00 0.00 TRACK
5.095	>>> V 0.00 0.00
5.096	S 10467 -5.80 13.97 0.00 0.00 TRACK
5.115	>>> V 0.00 0.00
5.115	S 10487 -5.89 13.97 0.00 0.00 TRACK
5.137	>>> V 0.00 0.00
5.137	S 10507 -5.89 13.97 0.00 0.00 TRACK
5.141	S 10527 -5.80 13.89 0.00 0.00 TRACK
5.155	>>> V 0.00 0.00
5.177	>>> V 0.00 0.00
5.178	S 10547 -5.80 13.97 0.00 0.00 TRACK
5.181	S 10567 -5.89 13.97 0.00 0.00 TRACK
5.195	>>> V 0.00 0.00
5.218	>>> V 0.00 0.00
5.218	S 10587 -5.80 13.97 0.00 0.00 TRACK
5.220	S 10607 -5.89 13.97 0.00 0.00 TRACK
5.237	>>> V 0.00 0.00
5.238	S 10627 -5.80 13.97 0.00 0.00 TRACK
5.256	>>> V 0.00 0.00
5.275	>>> V 0.00 0.00
5.276	S 10647 -5.80 13.97 0.00 0.00 TRACK
5.295	>>> V 0.00 0.00
5.297	S 10667 -5.80 13.97 0.00 0.00 TRACK
5.301	S 10687 -5.80 13.97 0.00 0.00 TRACK
5.320	>>> V 0.00 0.00
5.321	S 10707 -5.80 13.97 0.00 0.00 TRACK
5.335	>>> V 0.00 0.00
5.357	>>> V 0.00 0.00
5.360	S 10727 -5.80 13.97 0.00 0.00 TRACK
5.362	S 10747 -5.80 13.97 0.00 0.00 TRACK
5.376	>>> V -17.57 13.44
5.377	S 10767 -5.89 13.97 0.00 0.00 TRACK
5.396	>>> V -17.63 14.45
5.420	>>> V -17.63 14.45
5.422	S 10787 -5.80 13.97 0.00 0.00 TRACK
5.429	S 10807 -5.89 13.97 0.00 0.00 TRACK
5.435	>>> V -18.61 18.52
5.456	>>> V -18.82 19.08
5.456	S 10827 -6.06 14.06 -1.37 0.00 TRACK
5.475	>>> V -18.82 19.08
5.476	S 10847 -6.33 14.24 -4.12 1.37 TRACK
5.496	>>> V -19.00 20.06
5.496	S 10867 -6.68 14.50 -6.87 5.50 TRACK
5.515	>>> V -19.00 20.06
5.516	S 10887 -7.03 14.85 -10.99 8.24 TRACK
5.537	>>> V -18.90 20.61
5.538	S 10907 -7.38 15.29 -13.74 12.37 TRACK
5.555	>>> V -18.90 20.61
5.556	S 10927 -7.73 15.64 -15.11 15.11 TRACK
5.577	>>> V -18.40 21.27
5.577	S 10947 -8.09 16.00 -16.49 17.86 TRACK
5.595	>>> V -18.40 21.27
5.595	S 10967 -8.44 16.35 -17.86 17.86 TRACK
5.615	>>> V -17.42 21.04
5.616	S 10987 -8.88 16.79 -17.86 17.86 TRACK
5.635	>>> V -17.42 21.04
5.635	S 11007 -9.32 17.23 -17.86 19.24 TRACK
5.657	>>> V -16.32 19.55
5.658	S 11027 -9.67 17.75 -17.86 19.24 TRACK
5.659	S 11047 -10.11 18.11 -17.86 19.24 TRACK
5.675	>>> V -16.32 19.55
5.695	>>> V -15.02 18.13
5.695	S 11067 -10.46 18.54 -17.86 19.24 TRACK
5.716	>>> V -13.73 16.90
5.716	S 11087 -10.72 18.90 -17.86 19.24 TRACK
5.735	>>> V -13.73 16.90
5.735	S 11107 -11.07 19.34 -16.49 19.24 TRACK
5.757	>>> V -12.34 15.30
5.758	S 11127 -11.43 19.78 -16.49 19.24 TRACK
5.762	S 11147 -11.69 20.13 -16.49 19.24 TRACK
5.775	>>> V -12.34 15.30
5.798	>>> V -10.89 13.54
5.798	S 11167 -12.04 20.39 -15.11 19.24 TRACK
5.801	S 11187 -12.30 20.74 -15.11 17.86 TRACK
5.816	>>> V -10.89 13.54
5.835	>>> V -9.32 11.43
5.836	S 11207 -12.57 21.09 -15.11 16.49 TRACK
5.855	>>> V -7.62 9.45
5.855	S 11227 -12.83 21.36 -13.74 16.49 TRACK
5.875	>>> V -7.62 9.45
5.875	S 11247 -13.10 21.71 -13.74 15.11 TRACK
5.895	>>> V -5.90 7.87
5.896	S 11267 -13.27 21.97 -12.37 15.11 TRACK
5.915	>>> V -5.90 7.87
5.916	S 11287 -13.45 22.24 -10.99 13.74 TRACK
5.936	>>> V -4.06 6.36
5.936	S 11307 -13.62 22.41 -10.99 12.37 TRACK
5.955	>>> V -4.06 6.36
5.956	S 11327 -13.80 22.59 -9.62 10.99 TRACK
5.976	>>> V -2.16 4.92
5.978	S 11347 -13.97 22.85 -8.24 10.99 TRACK
5.981	S 11367 -14.06 22.94 -8.24 9.62 TRACK
5.995	>>> V -2.16 4.92
6.015	>>> V 0.00 3.62
6.016	S 11387 -14.15 23.12 -6.87 8.24 TRACK
6.035	>>> V 0.00 3.62
6.036	S 11407 -14.24 23.29 -5.50 6.87 TRACK
6.056	>>> V 0.00 0.00
6.056	S 11427 -14.33 23.38 -5.50 6.87 TRACK
6.076	>>> V 3.72 0.00
6.076	S 11447 -14.41 23.55 -4.12 6.87 TRACK
6.096	>>> V 5.71 0.00
6.096	S 11467 -14.41 23.64 -2.75 5.50 TRACK
6.115	>>> V 7.67 0.00
6.115	S 11487 -14.33 23.64 -1.37 5.50 TRACK
6.135	>>> V 9.66 0.00
6.136	S 11507 -14.33 23.64 0.00 2.75 TRACK
6.155	>>> V 11.47 0.00
6.155	S 11527 -14.41 23.64 0.00 1.37 TRACK
6.175	>>> V 11.47 0.00
6.176	S 11547 -14.24 23.64 0.00 0.00 TRACK
6.196	>>> V 13.11 0.00
6.197	S 11567 -14.15 23.64 1.37 0.00 TRACK
6.215	>>> V 13.11 0.00
6.216	S 11587 -13.89 23.64 4.12 0.00 TRACK
6.235	>>> V 14.76 -3.18
6.237	S 11607 -13.71 23.64 5.50 0.00 TRACK
6.256	>>> V 14.76 -3.18
6.257	S 11627 -13.45 23.64 8.24 0.00 TRACK
6.280	>>> V 16.43 -4.02
6.282	S 11647 -13.18 23.64 9.62 0.00 TRACK
6.285	S 11667 -13.10 23.64 10.99 0.00 TRACK
6.296	>>> V 16.43 -4.02
6.316	>>> V 17.75 -4.80
6.317	S 11687 -12.83 23.64 10.99 0.00 TRACK
6.335	>>> V 18.29 -5.47
6.336	S 11707 -12.48 23.64 12.37 0.00 TRACK
6.356	>>> V 18.29 -5.47
6.357	S 11727 -12.22 23.55 12.37 0.00 TRACK
6.375	>>> V 18.29 -5.80
6.376	S 11747 -11.87 23.55 13.74 0.00 TRACK
6.395	>>> V 18.29 -5.80
6.396	S 11767 -11.51 23.47 15.11 -1.37 TRACK
6.416	>>> V 17.72 -5.59
6.416	S 11787 -11.25 23.38 15.11 -2.75 TRACK
6.435	>>> V 17.72 -5.59
6.435	S 11807 -10.90 23.20 15.11 -2.75 TRACK
6.457	>>> V 16.16 -4.87
6.458	S 11827 -10.55 23.12 15.11 -4.12 TRACK
6.476	>>> V 16.16 -4.87
6.476	S 11847 -10.20 23.03 16.49 -4.12 TRACK
6.496	>>> V 13.63 -3.38
6.497	S 11867 -9.76 22.94 16.49 -4.12 TRACK
6.516	>>> V 13.63 -3.38
6.516	S 11887 -9.49 22.85 16.49 -4.12 TRACK
6.536	>>> V 10.60 0.00
6.536	S 11907 -9.05 22.76 17.86 -4.12 TRACK
6.556	>>> V 6.82 0.00
6.557	S 11927 -8.70 22.59 16.49 -4.12 TRACK
6.576	>>> V 2.80 0.00
6.576	S 11947 -8.35 22.50 16.49 -4.12 TRACK
6.595	>>> V 2.80 0.00
6.595	S 11967 -8.09 22.50 15.11 -4.12 TRACK
6.616	>>> V 0.00 0.00
6.617	S 11987 -7.82 22.41 13.74 -4.12 TRACK
6.635	>>> V 0.00 0.00
6.635	S 12007 -7.73 22.41 12.37 -2.75 TRACK
6.657	>>> V -5.71 3.22
6.658	S 12027 -7.56 22.41 10.99 -1.37 TRACK
6.676	>>> V -5.71 3.22
6.676	S 12047 -7.56 22.41 8.24 0.00 TRACK
6.697	>>> V -9.55 3.72
6.697	S 12067 -7.47 22.41 5.50 0.00 TRACK
6.715	>>> V -9.55 3.72
6.716	S 12087 -7.47 22.50 2.75 0.00 TRACK
6.735	>>> V -12.95 4.07
6.736	S 12107 -7.56 22.41 0.00 0.00 TRACK
6.755	>>> V -12.95 4.07
6.755	S 12127 -7.73 22.41 -1.37 0.00 TRACK
6.776	>>> V -15.87 4.19
6.779	S 12147 -7.82 22.50 -2.75 0.00 TRACK
6.795	>>> V -15.87 4.19
6.796	S 12167 -8.09 22.59 -5.50 0.00 TRACK
6.817	>>> V -18.12 3.56
6.817	S 12187 -8.26 22.68 -6.87 2.75 TRACK
6.835	>>> V -18.12 3.56
6.835	S 12207 -8.53 22.85 -8.24 4.12 TRACK
6.856	>>> V -19.84 2.96
6.858	S 12227 -8.79 22.94 -9.62 4.12 TRACK
6.862	S 12247 -9.14 22.94 -10.99 4.12 TRACK
6.875	>>> V -19.84 2.96
6.896	>>> V -21.15 0.00
6.898	S 12267 -9.49 23.03 -12.37 2.75 TRACK
6.900	S 12287 -9.84 23.03 -13.74 2.75 TRACK
6.916	>>> V -21.15 0.00
6.936	>>> V -22.08 0.00
6.937	S 12307 -10.20 23.03 -15.11 1.37 TRACK
6.956	>>> V -22.68 0.00
6.956	S 12327 -10.55 23.03 -16.49 1.37 TRACK
6.975	>>> V -22.68 0.00
6.976	S 12347 -10.90 23.12 -16.49 1.37 TRACK
6.996	>>> V -22.68 0.00
6.997	S 12367 -11.34 23.12 -17.86 1.37 TRACK
7.016	>>> V -23.02 -3.57
7.016	S 12387 -11.69 23.12 -17.86 0.00 TRACK
7.035	>>> V -23.09 -6.03
7.036	S 12407 -12.22 23.12 -19.24 0.00 TRACK
7.056	>>> V -23.09 -6.03
7.056	S 12427 -12.66 23.12 -20.61 0.00 TRACK
7.076	>>> V -22.97 -8.75
7.077	S 12447 -13.10 23.12 -20.61 0.00 TRACK
7.095	>>> V -22.97 -8.75
7.095	S 12467 -13.45 23.03 -20.61 0.00 TRACK
7.116	>>> V -22.65 -11.66
7.117	S 12487 -13.89 23.03 -21.98 0.00 TRACK
7.135	>>> V -22.65 -11.66
7.137	S 12507 -14.41 22.94 -21.98 -1.37 TRACK
7.157	>>> V -22.28 -14.76
7.157	S 12527 -14.85 22.85 -21.98 -1.37 TRACK
7.159	S 12547 -15.29 22.68 -21.98 -2.75 TRACK
7.176	>>> V -22.28 -14.76
7.197	>>> V -21.72 -17.86
7.197	S 12567 -15.82 22.50 -21.98 -4.12 TRACK
7.199	S 12587 -16.26 22.32 -21.98 -6.87 TRACK
7.215	>>> V -21.72 -17.86
7.217	S 12607 -16.70 22.06 -21.98 -8.24 TRACK
7.235	>>> V -20.84 -21.00
7.255	>>> V -20.84 -21.00
7.256	S 12627 -17.14 21.80 -21.98 -9.62 TRACK
7.277	>>> V -19.79 -24.07
7.282	S 12647 -17.58 21.45 -21.98 -12.37 TRACK
7.288	S 12667 -18.02 21.09 -21.98 -13.74 TRACK
7.295	>>> V -18.56 -26.92
7.318	>>> V -17.12 -29.53
7.319	S 12687 -18.46 20.74 -20.61 -15.11 TRACK
7.323	S 12707 -18.81 20.30 -20.61 -16.49 TRACK
7.335	>>> V -17.12 -29.53
7.355	>>> V -15.59 -31.53
7.356	S 12727 -19.25 19.86 -20.61 -17.86 TRACK
7.375	>>> V -13.97 -33.07
7.376	S 12747 -19.60 19.34 -20.61 -19.24 TRACK
7.395	>>> V -13.97 -33.07
7.396	S 12767 -20.04 18.90 -19.24 -21.98 TRACK
7.418	>>> V -12.31 -33.87
7.419	S 12787 -20.30 18.28 -19.24 -23.36 TRACK
7.421	S 12807 -20.65 17.58 -17.86 -26.11 TRACK
7.435	>>> V -12.31 -33.87
7.456	>>> V -10.57 -34.15
7.457	S 12827 -20.92 16.96 -16.49 -27.48 TRACK
7.475	>>> V -10.57 -34.15
7.475	S 12847 -21.27 16.26 -15.11 -28.85 TRACK
7.495	>>> V -8.85 -33.86
7.496	S 12867 -21.53 15.64 -13.74 -30.23 TRACK
7.515	>>> V -7.12 -33.03
7.516	S 12887 -21.80 14.94 -13.74 -31.60 TRACK
7.535	>>> V -7.12 -33.03
7.536	S 12907 -22.06 14.24 -13.74 -31.60 TRACK
7.555	>>> V -5.50 -31.64
7.556	S 12927 -22.24 13.62 -12.37 -31.60 TRACK
7.575	>>> V -5.50 -31.64
7.576	S 12947 -22.50 12.92 -12.37 -32.98 TRACK
7.595	>>> V -3.85 -29.76
7.596	S 12967 -22.68 12.30 -10.99 -32.98 TRACK
7.620	>>> V -3.85 -29.76
7.620	S 12987 -22.76 11.69 -9.62 -32.98 TRACK
7.622	S 13007 -22.85 10.99 -6.87 -32.98 TRACK
7.637	>>> V -2.34 -27.36
7.656	>>> V 0.00 -24.86
7.656	S 13027 -23.03 10.37 -5.50 -32.98 TRACK
7.676	>>> V 0.00 -24.86
7.676	S 13047 -23.12 9.67 -5.50 -31.60 TRACK
7.696	>>> V 0.00 -19.98
7.698	S 13067 -23.20 9.05 -4.12 -31.60 TRACK
7.716	>>> V 0.00 -19.98
7.716	S 13087 -23.29 8.53 -4.12 -30.23 TRACK
7.736	>>> V 2.81 -17.65
7.737	S 13107 -23.29 8.00 -4.12 -28.85 TRACK
7.755	>>> V 2.81 -17.65
7.755	S 13127 -23.20 7.47 -2.75 -27.48 TRACK
7.779	>>> V 3.86 -15.52
7.780	S 13147 -23.29 6.94 0.00 -26.11 TRACK
7.785	S 13167 -23.20 6.59 0.00 -24.73 TRACK
7.796	>>> V 3.86 -15.52
7.820	>>> V 4.86 -13.70
7.820	S 13187 -23.20 6.06 0.00 -23.36 TRACK
7.822	S 13207 -23.20 5.71 0.00 -21.98 TRACK
7.835	>>> V 4.86 -13.70
7.857	>>> V 5.75 -12.17
7.857	S 13227 -23.20 5.45 0.00 -20.61 TRACK
7.875	>>> V 5.75 -12.17
7.876	S 13247 -23.03 5.10 0.00 -19.24 TRACK
7.895	>>> V 6.79 -10.97
7.896	S 13267 -22.94 4.75 1.37 -16.49 TRACK
7.916	>>> V 7.84 -10.08
7.917	S 13287 -22.76 4.48 4.12 -15.11 TRACK
7.935	>>> V 7.84 -10.08
7.937	S 13307 -22.68 4.22 5.50 -15.11 TRACK
7.956	>>> V 7.84 -10.08
7.957	S 13327 -22.50 3.96 5.50 -13.74 TRACK
7.976	>>> V 9.01 -9.35
7.976	S 13347 -22.41 3.69 5.50 -13.74 TRACK
7.995	>>> V 10.33 -8.87
7.996	S 13367 -22.24 3.43 5.50 -12.37 TRACK
8.015	>>> V 11.84 -8.25
8.016	S 13387 -22.15 3.25 5.50 -10.99 TRACK
8.035	>>> V 11.84 -8.25
8.036	S 13407 -21.97 3.08 6.87 -10.99 TRACK
8.055	>>> V 13.45 -7.67
8.058	S 13427 -21.80 2.90 6.87 -9.62 TRACK
8.059	S 13447 -21.62 2.64 6.87 -9.62 TRACK
8.076	>>> V 13.45 -7.67
8.096	>>> V 14.95 -7.03
8.097	S 13467 -21.36 2.46 8.24 -9.62 TRACK
8.118	>>> V 16.68 -6.30
8.118	S 13487 -21.09 2.29 9.62 -9.62 TRACK
8.123	S 13507 -20.92 2.11 10.99 -8.24 TRACK
8.135	>>> V 16.68 -6.30
8.157	>>> V 18.59 -5.63
8.158	S 13527 -20.65 2.02 10.99 -8.24 TRACK
8.175	>>> V 20.42 -4.67
8.176	S 13547 -20.30 1.85 10.99 -6.87 TRACK
8.198	>>> V 22.29 -3.65
8.198	S 13567 -20.04 1.76 12.37 -6.87 TRACK
8.201	S 13587 -19.69 1.58 13.74 -5.50 TRACK
8.216	>>> V 22.29 -3.65
8.236	>>> V 24.01 0.00
8.236	S 13607 -19.34 1.49 15.11 -5.50 TRACK
8.255	>>> V 24.01 0.00
8.256	S 13627 -18.98 1.41 15.11 -5.50 TRACK
8.275	>>> V 25.65 0.00
8.276	S 13647 -18.54 1.23 16.49 -5.50 TRACK
8.295	>>> V 27.22 0.00
8.296	S 13667 -18.19 1.23 17.86 -5.50 TRACK
8.315	>>> V 27.22 0.00
8.316	S 13687 -17.75 1.14 19.24 -4.12 TRACK
8.336	>>> V 28.63 0.00
8.336	S 13707 -17.23 1.23 19.24 -1.37 TRACK
8.355	>>> V 28.63 0.00
8.355	S 13727 -16.79 1.23 20.61 0.00 TRACK
8.377	>>> V 29.68 3.17
8.380	S 13747 -16.26 1.14 21.98 0.00 TRACK
8.384	S 13767 -15.73 1.14 24.73 0.00 TRACK
8.395	>>> V 29.68 3.17
8.417	>>> V 30.51 4.62
8.419	S 13787 -15.21 1.23 24.73 0.00 TRACK
8.421	S 13807 -14.59 1.23 26.11 0.00 TRACK
8.436	>>> V 30.51 4.62
8.455	>>> V 30.51 4.62
8.457	S 13827 -14.06 1.23 26.11 0.00 TRACK
8.475	>>> V 30.88 6.51
8.476	S 13847 -13.45 1.23 27.48 0.00 TRACK
8.496	>>> V 30.94 8.57
8.496	S 13867 -13.01 1.23 27.48 0.00 TRACK
8.517	>>> V 30.70 10.47
8.517	S 13887 -12.48 1.23 27.48 0.00 TRACK
8.520	S 13907 -11.87 1.32 27.48 0.00 TRACK
8.537	>>> V 30.70 10.47
8.556	>>> V 29.97 12.63
8.557	S 13927 -11.25 1.49 27.48 1.37 TRACK
8.575	>>> V 28.86 15.30
8.576	S 13947 -10.72 1.67 27.48 2.75 TRACK
8.595	>>> V 27.07 18.55
8.596	S 13967 -10.02 1.85 28.85 5.50 TRACK
8.621	>>> V 27.07 18.55
8.621	S 13987 -9.40 2.02 30.23 8.24 TRACK
8.622	S 14007 -8.70 2.29 30.23 9.62 TRACK
8.637	>>> V 27.07 18.55
8.638	S 14027 -8.17 2.55 30.23 9.62 TRACK
8.657	>>> V 24.84 21.40
8.658	S 14047 -7.56 2.90 30.23 12.37 TRACK
8.679	>>> V 22.08 23.98
8.681	S 14067 -6.94 3.25 28.85 13.74 TRACK
8.697	>>> V 18.72 26.53
8.719	>>> V 15.05 28.29
8.719	S 14087 -6.42 3.60 28.85 15.11 TRACK
8.723	S 14107 -5.80 4.04 27.48 16.49 TRACK
8.736	>>> V 15.05 28.29
8.758	>>> V 11.27 29.53
8.758	S 14127 -5.36 4.48 26.11 17.86 TRACK
8.760	S 14147 -4.92 4.92 24.73 19.24 TRACK
8.775	>>> V 11.27 29.53
8.797	>>> V 7.44 30.66
8.798	S 14167 -4.48 5.45 21.98 21.98 TRACK
8.800	S 14187 -4.22 5.98 20.61 23.36 TRACK
8.818	>>> V 7.44 30.66
8.818	S 14207 -3.87 6.59 17.86 24.73 TRACK
8.835	>>> V 3.56 31.24
8.855	>>> V 0.00 31.59
8.857	S 14227 -3.69 7.21 16.49 26.11 TRACK
8.876	>>> V -4.44 31.45
8.876	S 14247 -3.43 7.73 13.74 27.48 TRACK
8.897	>>> V -4.44 31.45
8.898	S 14267 -3.25 8.35 10.99 27.48 TRACK
8.915	>>> V -10.86 29.92
8.916	S 14287 -3.25 8.96 9.62 28.85 TRACK
8.936	>>> V -10.86 29.92
8.937	S 14307 -3.16 9.58 6.87 28.85 TRACK
8.955	>>> V -13.58 28.75
8.957	S 14327 -3.16 10.20 4.12 30.23 TRACK
8.975	>>> V -15.91 27.51
8.977	S 14347 -3.25 10.90 1.37 30.23 TRACK
8.996	>>> V -15.91 27.51
8.997	S 14367 -3.34 11.51 0.00 30.23 TRACK
9.016	>>> V -17.74 26.03
9.016	S 14387 -3.60 12.13 -2.75 30.23 TRACK
9.035	>>> V -17.74 26.03
9.035	S 14407 -3.87 12.66 -5.50 30.23 TRACK
9.056	>>> V -19.07 24.47
9.057	S 14427 -4.13 13.36 -8.24 30.23 TRACK
9.075	>>> V -20.09 22.91
9.076	S 14447 -4.39 13.97 -10.99 30.23 TRACK
9.096	>>> V -20.09 22.91
9.097	S 14467 -4.75 14.50 -12.37 30.23 TRACK
9.116	>>> V -20.76 21.34
9.116	S 14487 -5.10 15.12 -15.11 30.23 TRACK
9.136	>>> V -21.06 19.41
9.136	S 14507 -5.45 15.47 -15.11 27.48 TRACK
9.155	>>> V -21.06 19.41
9.155	S 14527 -5.80 16.00 -16.49 26.11 TRACK
9.175	>>> V -21.09 17.28
9.175	S 14547 -6.33 16.44 -17.86 23.36 TRACK
9.196	>>> V -20.77 15.29
9.197	S 14567 -6.77 16.87 -17.86 21.98 TRACK
9.215	>>> V -20.77 15.29
9.217	S 14587 -7.21 17.31 -19.24 21.98 TRACK
9.237	>>> V -20.05 14.10
9.237	S 14607 -7.56 17.75 -19.24 20.61 TRACK
9.256	>>> V -20.05 14.10
9.257	S 14627 -8.00 18.11 -19.24 20.61 TRACK
9.276	>>> V -19.20 12.71
9.276	S 14647 -8.35 18.46 -19.24 19.24 TRACK
9.295	>>> V -19.20 12.71
9.298	S 14667 -8.88 18.81 -19.24 17.86 TRACK
9.299	S 14687 -9.32 19.16 -19.24 16.49 TRACK
9.317	>>> V -16.76 10.50
9.335	>>> V -16.76 10.50
9.335	S 14707 -9.67 19.42 -19.24 15.11 TRACK
9.357	>>> V -15.52 9.26
9.358	S 14727 -10.11 19.69 -19.24 15.11 TRACK
9.362	S 14747 -10.46 19.86 -19.24 13.74 TRACK
9.376	>>> V -15.52 9.26
9.396	>>> V -14.15 7.66
9.397	S 14767 -10.81 20.13 -19.24 12.37 TRACK
9.415	>>> V -12.77 5.93
9.416	S 14787 -11.25 20.39 -17.86 12.37 TRACK
9.435	>>> V -12.77 5.93
9.436	S 14807 -11.51 20.57 -17.86 10.99 TRACK
9.456	>>> V -11.53 4.24
9.460	S 14827 -11.87 20.74 -16.49 10.99 TRACK
9.464	S 14847 -12.13 21.01 -16.49 9.62 TRACK
9.477	>>> V -11.53 4.24
9.478	S 14867 -12.39 21.09 -15.11 8.24 TRACK
9.499	>>> V -10.27 3.23
9.500	S 14887 -12.66 21.18 -15.11 6.87 TRACK
9.516	>>> V -10.27 3.23
9.536	>>> V -9.05 0.00
9.537	S 14907 -12.92 21.36 -13.74 5.50 TRACK
9.556	>>> V -9.05 0.00
9.557	S 14927 -13.10 21.36 -12.37 5.50 TRACK
9.575	>>> V -8.00 0.00
9.575	S 14947 -13.27 21.36 -10.99 4.12 TRACK
9.597	>>> V -7.07 0.00
9.597	S 14967 -13.45 21.45 -10.99 2.75 TRACK
9.617	>>> V -6.25 0.00
9.618	S 14987 -13.71 21.36 -9.62 1.37 TRACK
9.636	>>> V -6.25 0.00
9.637	S 15007 -13.89 21.36 -9.62 0.00 TRACK
9.657	>>> V -5.56 0.00
9.658	S 15027 -14.06 21.45 -9.62 0.00 TRACK
9.660	S 15047 -14.24 21.36 -9.62 0.00 TRACK
9.675	>>> V -4.94 0.00
9.695	>>> V -4.94 0.00
9.696	S 15067 -14.33 21.45 -8.24 0.00 TRACK
9.716	>>> V -3.65 -3.66
9.717	S 15087 -14.50 21.45 -8.24 0.00 TRACK
9.735	>>> V -3.65 -3.66
9.736	S 15107 -14.59 21.36 -6.87 0.00 TRACK
9.757	>>> V -2.89 -4.01
9.758	S 15127 -14.68 21.45 -5.50 0.00 TRACK
9.762	S 15147 -14.77 21.45 -5.50 0.00 TRACK
9.775	>>> V -2.89 -4.01
9.796	>>> V -2.89 -4.01
9.796	S 15167 -14.94 21.36 -4.12 0.00 TRACK
9.816	>>> V 0.00 0.00
9.817	S 15187 -15.03 21.36 -4.12 0.00 TRACK
9.836	>>> V 0.00 0.00
9.836	S 15207 -15.12 21.36 -4.12 0.00 TRACK
9.857	>>> V 0.00 0.00
9.858	S 15227 -15.12 21.18 -4.12 -1.37 TRACK
9.859	S 15247 -15.12 21.18 -2.75 -2.75 TRACK
9.875	>>> V 0.00 0.00
9.895	>>> V -2.01 5.08
9.895	S 15267 -15.12 21.18 -1.37 -2.75 TRACK
9.918	>>> V -2.01 5.08
9.919	S 15287 -15.12 21.18 0.00 -1.37 TRACK
9.923	S 15307 -15.12 21.18 0.00 0.00 TRACK
9.935	>>> V -2.01 5.08
9.957	>>> V -1.85 5.56
9.958	S 15327 -15.12 21.18 0.00 0.00 TRACK
9.976	>>> V -1.85 5.56
9.976	S 15347 -15.12 21.18 0.00 0.00 TRACK
9.996	>>> V 0.00 5.21
9.997	S 15367 -15.12 21.27 0.00 0.00 TRACK
10.015	>>> V 0.00 4.80
10.015	S 15387 -15.21 21.36 0.00 1.37 TRACK
10.035	>>> V 0.00 4.80
10.035	S 15407 -15.21 21.53 0.00 2.75 TRACK
10.056	>>> V -1.85 4.80
10.057	S 15427 -15.21 21.71 0.00 5.50 TRACK
10.075	>>> V -1.85 4.80
10.075	S 15447 -15.21 21.80 0.00 5.50 TRACK
10.097	>>> V -2.08 4.75
10.098	S 15467 -15.21 21.88 0.00 5.50 TRACK
10.101	S 15487 -15.21 21.88 0.00 4.12 TRACK
10.115	>>> V -2.08 4.75
10.136	>>> V -2.36 4.20
10.136	S 15507 -15.29 21.97 0.00 4.12 TRACK
10.155	>>> V 0.00 0.00
10.156	S 15527 -15.38 22.06 -1.37 4.12 TRACK
10.175	>>> V 0.00 0.00
10.176	S 15547 -15.47 22.15 -1.37 4.12 TRACK
10.196	>>> V 0.00 0.00
10.197	S 15567 -15.56 22.24 -2.75 4.12 TRACK
10.216	>>> V 0.00 0.00
10.216	S 15587 -15.56 22.24 -2.75 2.75 TRACK
10.235	>>> V 0.00 0.00
10.239	S 15607 -15.56 22.24 -2.75 1.37 TRACK
10.242	S 15627 -15.56 22.24 -1.37 0.00 TRACK
10.255	>>> V 0.00 0.00
10.276	>>> V 0.00 0.00
10.276	S 15647 -15.47 22.24 0.00 0.00 TRACK
10.296	>>> V 0.00 0.00
10.297	S 15667 -15.56 22.24 0.00 0.00 TRACK
10.315	>>> V 0.00 0.00
10.315	S 15687 -15.56 22.24 0.00 0.00 TRACK
10.336	>>> V 0.00 0.00
10.337	S 15707 -15.56 22.24 0.00 0.00 TRACK
10.355	>>> V 0.00 0.00
10.356	S 15727 -15.47 22.24 0.00 0.00 TRACK
10.377	>>> V 0.00 0.00
10.378	S 15747 -15.47 22.24 0.00 0.00 TRACK
10.381	S 15767 -15.56 22.24 0.00 0.00 TRACK
10.395	>>> V 0.00 0.00
10.415	>>> V 0.00 0.00
10.416	S 15787 -15.47 22.24 0.00 0.00 TRACK
10.435	>>> V 0.00 0.00
10.435	S 15807 -15.47 22.24 0.00 0.00 TRACK
10.455	>>> V 0.00 0.00
10.456	S 15827 -15.47 22.24 0.00 0.00 TRACK
10.476	>>> V 0.00 0.00
10.477	S 15847 -15.56 22.24 0.00 0.00 TRACK
10.495	>>> V 0.00 0.00
10.497	S 15867 -15.56 22.24 0.00 0.00 TRACK
10.517	>>> V 0.00 0.00
10.517	S 15887 -15.47 22.24 0.00 0.00 TRACK
10.535	>>> V 0.00 0.00
10.537	S 15907 -15.47 22.24 0.00 0.00 TRACK
10.556	>>> V 0.00 0.00
10.556	S 15927 -15.56 22.24 0.00 0.00 TRACK
10.577	>>> V 0.00 0.00
10.578	S 15947 -15.47 22.24 0.00 0.00 TRACK
10.581	S 15967 -15.47 22.24 0.00 0.00 TRACK
10.596	>>> V 0.00 0.00
10.615	>>> V 0.00 0.00
10.616	S 15987 -15.47 22.32 0.00 0.00 TRACK
10.637	>>> V 0.00 0.00
10.638	S 16007 -15.47 22.32 0.00 0.00 TRACK
10.641	S 16027 -15.56 22.24 0.00 0.00 TRACK
10.657	>>> V 0.00 0.00
10.658	S 16047 -15.47 22.24 0.00 0.00 TRACK
10.677	>>> V 0.00 0.00
10.696	>>> V 0.00 0.00
10.697	S 16067 -15.47 22.24 0.00 0.00 TRACK
10.715	>>> V 0.00 0.00
10.716	S 16087 -15.56 22.24 0.00 0.00 TRACK
10.737	>>> V 0.00 0.00
10.737	S 16107 -15.47 22.24 0.00 0.00 TRACK
10.756	>>> V 0.00 0.00
10.757	S 16127 -15.56 22.24 0.00 0.00 TRACK
10.778	>>> V 0.00 0.00
10.779	S 16147 -15.47 22.24 0.00 0.00 TRACK
10.780	S 16167 -15.47 22.24 0.00 0.00 TRACK
10.798	>>> V 0.00 0.00
10.798	S 16187 -15.47 22.32 0.00 0.00 TRACK
10.817	>>> V 0.00 0.00
10.835	>>> V 0.00 0.00
10.836	S 16207 -15.47 22.24 0.00 0.00 TRACK
10.856	>>> V 0.00 0.00
10.857	S 16227 -15.56 22.24 0.00 0.00 TRACK
10.876	>>> V 0.00 0.00
10.877	S 16247 -15.56 22.24 0.00 0.00 TRACK
10.897	>>> V 0.00 0.00
10.898	S 16267 -15.56 22.24 0.00 0.00 TRACK
10.915	>>> V 0.00 0.00
10.915	S 16287 -15.56 22.24 0.00 0.00 TRACK
10.936	>>> V 0.00 0.00
10.936	S 16307 -15.47 22.32 0.00 0.00 TRACK
10.955	>>> V 0.00 0.00
10.956	S 16327 -15.56 22.24 0.00 0.00 TRACK
10.976	>>> V 0.00 0.00
10.976	S 16347 -15.47 22.24 0.00 0.00 TRACK
10.995	>>> V 0.00 0.00
10.996	S 16367 -15.56 22.24 0.00 0.00 TRACK
11.016	>>> V 0.00 0.00
11.016	S 16387 -15.47 22.24 0.00 0.00 TRACK
11.035	>>> V 0.00 0.00
11.035	S 16407 -15.47 22.24 0.00 0.00 TRACK
11.055	>>> V 0.00 0.00
11.056	S 16427 -15.47 22.24 0.00 0.00 TRACK
11.075	>>> V 0.00 0.00
11.075	S 16447 -15.56 22.24 0.00 0.00 TRACK
11.095	>>> V 0.00 0.00
11.096	S 16467 -15.47 22.24 0.00 0.00 TRACK
11.115	>>> V 0.00 0.00
11.115	S 16487 -15.56 22.24 0.00 0.00 TRACK
11.136	>>> V 0.00 0.00
11.138	S 16507 -15.47 22.24 0.00 0.00 TRACK
11.141	S 16527 -15.47 22.24 0.00 0.00 TRACK
11.155	>>> V 0.00 0.00
11.175	>>> V 0.00 0.00
11.176	S 16547 -15.47 22.24 0.00 0.00 TRACK
11.195	>>> V 0.00 0.00
11.195	S 16567 -15.47 22.24 0.00 0.00 TRACK
11.216	>>> V 0.00 0.00
11.216	S 16587 -15.47 22.24 0.00 0.00 TRACK
11.235	>>> V 0.00 0.00
11.235	S 16607 -15.47 22.24 0.00 0.00 TRACK
11.256	>>> V 0.00 0.00
11.259	S 16628 -15.47 22.24 0.00 0.00 TRACK
11.262	S 16648 -15.47 22.24 0.00 0.00 TRACK
11.275	>>> V 0.00 0.00
11.297	>>> V 0.00 0.00
11.298	S 16668 -15.47 22.24 0.00 0.00 TRACK
11.315	>>> V 0.00 0.00
11.316	S 16688 -15.47 22.24 0.00 0.00 TRACK
11.336	>>> V 0.00 0.00
11.336	S 16708 -15.47 22.24 0.00 0.00 TRACK
11.356	>>> V 0.00 0.00
11.357	S 16728 -15.47 22.24 0.00 0.00 TRACK
11.375	>>> V 0.00 0.00
11.375	S 16748 -15.47 22.24 0.00 0.00 TRACK
11.396	>>> V 0.00 0.00
11.397	S 16768 -15.47 22.24 0.00 0.00 TRACK
11.416	>>> V 0.00 0.00
11.417	S 16788 -15.47 22.24 0.00 0.00 TRACK
11.437	>>> V 0.00 0.00
11.438	S 16808 -15.47 22.24 0.00 0.00 TRACK
11.455	>>> V 0.00 0.00
11.456	S 16828 -15.47 22.24 0.00 0.00 TRACK
11.475	>>> V 0.00 0.00
11.475	S 16848 -15.47 22.24 0.00 0.00 TRACK
11.497	>>> V 0.00 0.00
11.498	S 16868 -15.47 22.24 0.00 0.00 TRACK
11.515	>>> V 0.00 0.00
11.517	S 16888 -15.47 22.24 0.00 0.00 TRACK
11.537	>>> V 0.00 0.00
11.537	S 16908 -15.47 22.24 0.00 0.00 TRACK
11.555	>>> V 0.00 0.00
11.556	S 16928 -15.47 22.24 0.00 0.00 TRACK
11.575	>>> V 0.00 0.00
11.575	S 16948 -15.47 22.24 0.00 0.00 TRACK
11.597	>>> V 0.00 0.00
11.597	S 16968 -15.47 22.24 0.00 0.00 TRACK
11.616	>>> V 0.00 0.00
11.617	S 16988 -15.56 22.24 0.00 0.00 TRACK
11.636	>>> V 0.00 0.00
11.637	S 17008 -15.47 22.24 0.00 0.00 TRACK
11.655	>>> V 0.00 0.00
11.657	S 17028 -15.47 22.24 0.00 0.00 TRACK
11.675	>>> V 0.00 0.00
11.675	S 17048 -15.47 22.24 0.00 0.00 TRACK
11.696	>>> V 0.00 0.00
11.697	S 17068 -15.47 22.32 0.00 0.00 TRACK
11.716	>>> V 0.00 0.00
11.717	S 17088 -15.56 22.24 0.00 0.00 TRACK
11.736	>>> V 0.00 0.00
11.736	S 17108 -15.47 22.24 0.00 0.00 TRACK
11.756	>>> V 0.00 0.00
11.756	S 17128 -15.47 22.24 0.00 0.00 TRACK
11.775	>>> V -4.29 7.31
11.777	S 17148 -15.56 22.24 0.00 0.00 TRACK
11.796	>>> V -4.29 7.31
11.796	S 17168 -15.47 22.24 0.00 0.00 TRACK
11.815	>>> V -4.27 7.31
11.815	S 17188 -15.56 22.32 0.00 0.00 TRACK
11.835	>>> V -4.27 7.31
11.835	S 17208 -15.47 22.32 0.00 0.00 TRACK
11.855	>>> V -4.28 7.28
11.856	S 17228 -15.64 22.41 0.00 0.00 TRACK
11.875	>>> V -4.28 7.28
11.876	S 17248 -15.64 22.50 -1.37 1.37 TRACK
11.895	>>> V -4.28 7.29
11.895	S 17268 -15.73 22.68 -2.75 4.12 TRACK
11.915	>>> V -4.18 7.21
11.918	S 17288 -15.82 22.76 -4.12 5.50 TRACK
11.920	S 17308 -15.91 22.94 -4.12 5.50 TRACK
11.935	>>> V -4.18 7.21
11.956	>>> V -3.94 6.69
11.959	S 17328 -16.00 23.03 -4.12 5.50 TRACK
11.962	S 17348 -16.08 23.12 -4.12 5.50 TRACK
11.975	>>> V -3.94 6.69
11.996	>>> V -3.66 6.24
11.997	S 17368 -16.17 23.29 -4.12 5.50 TRACK
12.015	>>> V -3.66 6.24
12.016	S 17388 -16.35 23.47 -4.12 5.50 TRACK
12.036	>>> V -3.37 5.66
12.036	S 17408 -16.44 23.55 -4.12 5.50 TRACK
12.056	>>> V -3.10 5.05
12.057	S 17428 -16.44 23.73 -4.12 5.50 TRACK
12.075	>>> V -3.10 5.05
12.077	S 17448 -16.52 23.82 -4.12 5.50 TRACK
12.097	>>> V -2.82 4.53
12.098	S 17468 -16.61 23.99 -4.12 5.50 TRACK
12.100	S 17488 -16.61 24.08 -2.75 5.50 TRACK
12.116	>>> V -2.82 4.53
12.135	>>> V -2.54 3.95
12.136	S 17508 -16.61 24.26 -2.75 5.50 TRACK
12.156	>>> V -2.27 3.36
12.159	S 17528 -16.70 24.35 -1.37 5.50 TRACK
12.176	>>> V -2.27 3.36
12.177	S 17548 -16.70 24.43 -1.37 5.50 TRACK
12.197	>>> V -2.08 0.00
12.197	S 17568 -16.87 24.61 -1.37 5.50 TRACK
12.215	>>> V -2.06 0.00
12.216	S 17588 -16.87 24.61 -1.37 5.50 TRACK
12.235	>>> V -2.06 0.00
12.235	S 17608 -16.96 24.61 -2.75 4.12 TRACK
12.258	>>> V -1.87 0.00
12.259	S 17628 -17.05 24.61 -2.75 1.37 TRACK
12.262	S 17648 -16.96 24.61 -1.37 0.00 TRACK
12.276	>>> V -1.87 0.00
12.297	>>> V 0.00 0.00
12.297	S 17668 -17.05 24.61 -1.37 0.00 TRACK
12.316	>>> V 0.00 0.00
12.316	S 17688 -16.96 24.70 0.00 0.00 TRACK
12.335	>>> V 0.00 0.00
12.335	S 17708 -17.05 24.61 0.00 0.00 TRACK
12.358	>>> V 0.00 0.00
12.358	S 17728 -17.05 24.70 0.00 0.00 TRACK
12.362	S 17748 -17.14 24.70 0.00 0.00 TRACK
12.376	>>> V 0.00 0.00
12.395	>>> V 0.00 0.00
12.396	S 17768 -17.05 24.70 0.00 0.00 TRACK
12.416	>>> V 0.00 0.00
12.417	S 17788 -17.05 24.70 0.00 0.00 TRACK
12.435	>>> V 0.00 0.00
12.436	S 17808 -17.14 24.70 0.00 0.00 TRACK
12.456	>>> V 0.00 0.00
12.456	S 17828 -17.05 24.70 0.00 0.00 TRACK
12.475	>>> V 0.00 0.00
12.476	S 17848 -17.05 24.70 0.00 0.00 TRACK
12.495	>>> V 0.00 0.00
12.495	S 17868 -17.05 24.70 0.00 0.00 TRACK
12.516	>>> V 0.00 0.00
12.516	S 17888 -17.05 24.70 0.00 0.00 TRACK
12.535	>>> V 0.00 0.00
12.535	S 17908 -17.05 24.70 0.00 0.00 TRACK
12.556	>>> V 0.00 0.00
12.557	S 17928 -17.05 24.70 0.00 0.00 TRACK
12.576	>>> V 0.00 0.00
12.577	S 17948 -17.05 24.70 0.00 0.00 TRACK
12.597	>>> V 0.00 0.00
12.597	S 17968 -17.05 24.70 0.00 0.00 TRACK
12.615	>>> V 0.00 0.00
12.617	S 17988 -17.05 24.70 0.00 0.00 TRACK
12.635	>>> V 0.00 0.00
12.635	S 18008 -17.05 24.70 0.00 0.00 TRACK
12.656	>>> V 0.00 0.00
12.656	S 18028 -17.05 24.70 0.00 0.00 TRACK
12.675	>>> V 0.00 0.00
12.675	S 18048 -17.05 24.70 0.00 0.00 TRACK
12.696	>>> V 0.00 0.00
12.697	S 18068 -17.05 24.70 0.00 0.00 TRACK
12.716	>>> V 0.00 0.00
12.716	S 18088 -17.05 24.70 0.00 0.00 TRACK
12.735	>>> V 0.00 0.00
12.736	S 18108 -17.05 24.70 0.00 0.00 TRACK
12.755	>>> V 0.00 0.00
12.756	S 18128 -17.05 24.70 0.00 0.00 TRACK
12.775	>>> V 0.00 0.00
12.776	S 18148 -17.05 24.70 0.00 0.00 TRACK
12.797	>>> V 0.00 0.00
12.797	S 18168 -17.05 24.70 0.00 0.00 TRACK
12.816	>>> V 0.00 0.00
12.818	S 18188 -17.05 24.70 0.00 0.00 TRACK
12.835	>>> V 0.00 0.00
12.835	S 18208 -17.05 24.70 0.00 0.00 TRACK
12.855	>>> V 0.00 0.00
12.856	S 18228 -17.05 24.70 0.00 0.00 TRACK
12.875	>>> V 0.00 0.00
12.876	S 18248 -17.05 24.70 0.00 0.00 TRACK
12.895	>>> V 0.00 0.00
12.895	S 18268 -17.05 24.70 0.00 0.00 TRACK
12.916	>>> V 0.00 0.00
12.917	S 18288 -17.05 24.70 0.00 0.00 TRACK
12.935	>>> V 0.00 0.00
12.935	S 18308 -17.05 24.70 0.00 0.00 TRACK
12.956	>>> V 0.00 0.00
12.957	S 18328 -17.05 24.70 0.00 0.00 TRACK
12.975	>>> V 0.00 0.00
12.976	S 18348 -17.05 24.70 0.00 0.00 TRACK
12.998	>>> V 0.00 0.00
12.998	S 18368 -17.05 24.70 0.00 0.00 TRACK
13.000	S 18388 -17.05 24.70 0.00 0.00 TRACK
13.018	>>> V 0.00 0.00
13.018	S 18408 -17.05 24.70 0.00 0.00 TRACK
13.035	>>> V 0.00 0.00
13.058	>>> V 0.00 0.00
13.059	S 18428 -17.05 24.70 0.00 0.00 TRACK
13.064	S 18448 -17.05 24.70 0.00 0.00 TRACK
13.076	>>> V 0.00 0.00
13.098	>>> V 0.00 0.00
13.099	S 18468 -17.05 24.70 0.00 0.00 TRACK
13.101	S 18488 -17.05 24.70 0.00 0.00 TRACK
13.122	>>> V 0.00 0.00
13.124	S 18508 -17.05 24.70 0.00 0.00 TRACK
13.135	>>> V 0.00 0.00
13.158	>>> V 0.00 0.00
13.159	S 18528 -17.05 24.70 0.00 0.00 TRACK
13.164	S 18548 -17.05 24.70 0.00 0.00 TRACK
13.176	>>> V 0.00 0.00
13.195	>>> V 0.00 0.00
13.197	S 18568 -17.05 24.70 0.00 0.00 TRACK
13.216	>>> V 0.00 0.00
13.217	S 18588 -17.05 24.70 0.00 0.00 TRACK
13.235	>>> V 0.00 0.00
13.236	S 18608 -17.05 24.70 0.00 0.00 TRACK
13.257	>>> V 0.00 0.00
13.257	S 18628 -17.05 24.70 0.00 0.00 TRACK
13.276	>>> V 0.00 0.00
13.277	S 18648 -17.05 24.70 0.00 0.00 TRACK
13.296	>>> V 0.00 0.00
13.297	S 18668 -17.05 24.70 0.00 0.00 TRACK
13.316	>>> V 0.00 0.00
13.316	S 18688 -17.05 24.70 0.00 0.00 TRACK
13.335	>>> V 0.00 0.00
13.335	S 18708 -17.05 24.70 0.00 0.00 TRACK
13.357	>>> V 0.00 0.00
13.358	S 18728 -17.05 24.70 0.00 0.00 TRACK
13.362	S 18748 -17.05 24.70 0.00 0.00 TRACK
13.376	>>> V 0.00 0.00
13.396	>>> V 0.00 0.00
13.397	S 18768 -17.05 24.70 0.00 0.00 TRACK
13.416	>>> V 0.00 0.00
13.416	S 18788 -17.05 24.70 0.00 0.00 TRACK
13.435	>>> V 0.00 0.00
13.435	S 18808 -17.05 24.70 0.00 0.00 TRACK
13.455	>>> V 0.00 0.00
13.455	S 18828 -17.05 24.70 0.00 0.00 TRACK
13.475	>>> V 0.00 0.00
13.476	S 18848 -17.05 24.70 0.00 0.00 TRACK
13.495	>>> V 0.00 0.00
13.495	S 18868 -17.05 24.70 0.00 0.00 TRACK
13.516	>>> V 0.00 0.00
13.517	S 18888 -17.05 24.70 0.00 0.00 TRACK
13.535	>>> V 0.00 0.00
13.535	S 18908 -17.05 24.70 0.00 0.00 TRACK
13.556	>>> V 0.00 0.00
13.558	S 18928 -17.05 24.70 0.00 0.00 TRACK
13.576	>>> V 0.00 0.00
13.577	S 18948 -17.05 24.79 0.00 0.00 TRACK
13.597	>>> V 0.00 0.00
13.600	S 18968 -17.05 24.70 0.00 0.00 TRACK
13.603	S 18988 -17.05 24.70 0.00 0.00 TRACK
13.618	>>> V 0.00 0.00
13.622	S 19008 -17.05 24.79 0.00 0.00 TRACK
13.642	>>> V 0.00 0.00
13.644	S 19028 -17.05 24.70 0.00 0.00 TRACK
13.660	>>> V 0.00 0.00
13.661	S 19048 -17.05 24.70 0.00 0.00 TRACK
13.676	>>> V 0.00 0.00
13.679	S 19068 -17.05 24.70 0.00 0.00 TRACK
13.696	>>> V 0.00 0.00
13.716	>>> V 0.00 0.00
13.717	S 19088 -17.05 24.70 0.00 0.00 TRACK
13.735	>>> V 0.00 0.00
13.735	S 19108 -17.05 24.70 0.00 0.00 TRACK
13.756	>>> V 0.00 0.00
13.757	S 19128 -17.05 24.79 0.00 0.00 TRACK
13.775	>>> V 0.00 0.00
13.776	S 19148 -17.05 24.70 0.00 0.00 TRACK
13.797	>>> V 0.00 0.00
13.797	S 19168 -17.05 24.79 0.00 0.00 TRACK
13.818	>>> V 0.00 0.00
13.820	S 19188 -17.05 24.70 0.00 0.00 TRACK
13.828	S 19208 -17.05 24.70 0.00 0.00 TRACK
13.836	>>> V 0.00 0.00
13.861	>>> V 0.00 0.00
13.862	S 19228 -17.05 24.70 0.00 0.00 TRACK
13.863	S 19248 -17.05 24.70 0.00 0.00 TRACK
13.875	>>> V 0.00 0.00
13.895	>>> V 0.00 0.00
13.898	S 19268 -17.05 24.70 0.00 0.00 TRACK
13.916	>>> V 0.00 0.00
13.917	S 19288 -17.05 24.79 0.00 0.00 TRACK
13.935	>>> V 0.00 0.00
13.935	S 19308 -17.05 24.70 0.00 0.00 TRACK
13.958	>>> V 0.00 0.00
13.958	S 19328 -17.05 24.70 0.00 0.00 TRACK
13.963	S 19348 -17.05 24.70 0.00 0.00 TRACK
13.975	>>> V 0.00 0.00
13.997	>>> V 0.00 0.00
13.998	S 19368 -17.05 24.70 0.00 0.00 TRACK
14.016	>>> V 0.00 0.00
14.018	S 19388 -17.05 24.70 0.00 0.00 TRACK
14.035	>>> V 0.00 0.00
14.036	S 19408 -17.05 24.70 0.00 0.00 TRACK
14.056	>>> V 0.00 0.00
14.058	S 19428 -17.05 24.70 0.00 0.00 TRACK
14.077	>>> V 0.00 0.00
14.077	S 19448 -17.05 24.70 0.00 0.00 TRACK
14.097	>>> V 0.00 0.00
14.098	S 19468 -17.05 24.70 0.00 0.00 TRACK
14.118	>>> V 0.00 0.00
14.119	S 19488 -17.05 24.70 0.00 0.00 TRACK
14.123	S 19508 -17.05 24.70 0.00 0.00 TRACK
14.135	>>> V 0.00 0.00
14.157	>>> V 0.00 0.00
14.161	S 19528 -17.05 24.70 0.00 0.00 TRACK
14.166	S 19548 -17.05 24.70 0.00 0.00 TRACK
14.177	>>> V 0.00 0.00
14.195	>>> V 0.00 0.00
14.196	S 19568 -17.05 24.70 0.00 0.00 TRACK
14.215	>>> V 0.00 0.00
14.218	S 19588 -17.05 24.70 0.00 0.00 TRACK
14.240	>>> V 0.00 0.00
14.240	S 19608 -17.05 24.79 0.00 0.00 TRACK
14.246	S 19628 -17.05 24.70 0.00 0.00 TRACK
14.268	>>> V 0.00 0.00
14.269	S 19648 -17.05 24.70 0.00 0.00 TRACK
14.281	>>> V 0.00 0.00
14.282	S 19668 -17.05 24.70 0.00 0.00 TRACK
14.295	>>> V 0.00 0.00
14.316	>>> V 0.00 0.00
14.317	S 19688 -17.05 24.70 0.00 0.00 TRACK
14.337	>>> V 0.00 0.00
14.340	S 19708 -17.05 24.70 0.00 0.00 TRACK
14.341	S 19728 -17.05 24.70 0.00 0.00 TRACK
14.356	>>> V 0.00 0.00
14.377	>>> V 0.00 0.00
14.377	S 19748 -17.05 24.70 0.00 0.00 TRACK
14.403	>>> V 0.00 0.00
14.404	S 19768 -17.05 24.70 0.00 0.00 TRACK
14.411	S 19788 -17.05 24.70 0.00 0.00 TRACK
14.416	>>> V 0.00 0.00
14.419	S 19808 -17.05 24.70 0.00 0.00 TRACK
14.439	>>> V 0.00 0.00
14.441	S 19828 -17.05 24.70 0.00 0.00 TRACK
14.456	>>> V 0.00 0.00
14.478	>>> V 0.00 0.00
14.479	S 19848 -17.05 24.70 0.00 0.00 TRACK
14.482	S 19868 -17.05 24.70 0.00 0.00 TRACK
14.496	>>> V 0.00 0.00
14.515	>>> V 0.00 0.00
14.516	S 19888 -17.05 24.70 0.00 0.00 TRACK
14.538	>>> V 0.00 0.00
14.538	S 19908 -17.05 24.70 0.00 0.00 TRACK
14.557	>>> V 0.00 0.00
14.561	S 19928 -17.05 24.70 0.00 0.00 TRACK
14.580	>>> V 0.00 0.00
14.583	S 19948 -17.05 24.70 0.00 0.00 TRACK
14.584	S 19968 -17.05 24.70 0.00 0.00 TRACK
14.598	>>> V 0.00 0.00
14.599	S 19988 -17.05 24.70 0.00 0.00 TRACK
14.621	>>> V 0.00 0.00
14.624	S 20008 -17.05 24.70 0.00 0.00 TRACK
14.640	>>> V 0.00 0.00
14.641	S 20028 -17.05 24.70 0.00 0.00 TRACK
14.657	>>> V 0.00 0.00
14.668	S 20048 -17.05 24.70 0.00 0.00 TRACK
14.690	>>> V 0.00 0.00
14.690	S 20068 -17.05 24.70 0.00 0.00 TRACK
14.706	>>> V 0.00 0.00
14.707	S 20088 -17.05 24.70 0.00 0.00 TRACK
14.719	>>> V 0.00 0.00
14.721	S 20108 -17.05 24.70 0.00 0.00 TRACK
14.737	>>> V 0.00 0.00
14.739	S 20128 -17.05 24.70 0.00 0.00 TRACK
14.758	>>> V 0.00 0.00
14.760	S 20148 -17.05 24.70 0.00 0.00 TRACK
14.778	>>> V 0.00 0.00
14.779	S 20168 -17.05 24.70 0.00 0.00 TRACK
14.804	>>> V 0.00 0.00
14.805	S 20188 -17.05 24.70 0.00 0.00 TRACK
14.818	>>> V 0.00 0.00
14.819	S 20208 -17.05 24.70 0.00 0.00 TRACK
14.840	>>> V 0.00 0.00
14.841	S 20228 -17.05 24.70 0.00 0.00 TRACK
14.858	>>> V 0.00 0.00
14.860	S 20248 -17.05 24.70 0.00 0.00 TRACK
14.875	>>> V 0.00 0.00
14.896	>>> V 0.00 0.00
14.898	S 20268 -17.05 24.70 0.00 0.00 TRACK
14.918	>>> V 0.00 0.00
14.921	S 20288 -17.05 24.70 0.00 0.00 TRACK
14.926	S 20308 -17.05 24.70 0.00 0.00 TRACK
14.937	>>> V 0.00 0.00
14.940	S 20328 -17.05 24.70 0.00 0.00 TRACK
14.957	>>> V 0.00 0.00
14.976	>>> V 0.00 0.00
14.976	S 20348 -17.05 24.70 0.00 0.00 TRACK
14.996	>>> V 0.00 0.00
14.997	S 20368 -17.05 24.70 0.00 0.00 TRACK
15.023	>>> V 0.00 0.00
15.023	S 20388 -17.05 24.70 0.00 0.00 TRACK
15.027	S 20408 -17.05 24.79 0.00 0.00 TRACK
15.043	>>> V 0.00 0.00
15.044	S 20428 -17.05 24.70 0.00 0.00 TRACK
15.063	>>> V 0.00 0.00
15.066	S 20448 -17.05 24.70 0.00 0.00 TRACK
15.080	>>> V 0.00 0.00
15.082	S 20468 -17.05 24.70 0.00 0.00 TRACK
15.096	>>> V 0.00 0.00
15.119	>>> V 0.00 0.00
15.121	S 20488 -17.05 24.70 0.00 0.00 TRACK
15.126	S 20508 -17.05 24.70 0.00 0.00 TRACK
15.137	>>> V 0.00 0.00
15.157	>>> V 0.00 0.00
15.158	S 20528 -17.05 24.70 0.00 0.00 TRACK
15.185	>>> V 0.00 0.00
15.188	S 20548 -17.05 24.70 0.00 0.00 TRACK
15.192	S 20568 -17.05 24.70 0.00 0.00 TRACK
15.200	>>> V 0.00 0.00
15.203	S 20588 -17.05 24.70 0.00 0.00 TRACK
15.222	>>> V 0.00 0.00
15.223	S 20608 -17.05 24.70 0.00 0.00 TRACK
15.236	>>> V 0.00 0.00
15.256	>>> V 0.00 0.00
15.258	S 20628 -17.05 24.70 0.00 0.00 TRACK
15.280	>>> V 0.00 0.00
15.280	S 20648 -17.05 24.70 0.00 0.00 TRACK
15.282	S 20668 -17.05 24.70 0.00 0.00 TRACK
15.296	>>> V 0.00 0.00
15.319	>>> V 0.00 0.00
15.320	S 20688 -17.05 24.70 0.00 0.00 TRACK
15.322	S 20708 -17.05 24.79 0.00 0.00 TRACK
15.340	>>> V 0.00 0.00
15.341	S 20728 -17.05 24.70 0.00 0.00 TRACK
15.356	>>> V 0.00 0.00
15.376	>>> V 0.00 0.00
15.377	S 20748 -17.05 24.70 0.00 0.00 TRACK
15.400	>>> V 0.00 0.00
15.401	S 20768 -17.05 24.70 0.00 0.00 TRACK
15.402	S 20788 -17.05 24.70 0.00 0.00 TRACK
15.418	>>> V 0.00 0.00
15.438	>>> V 0.00 0.00
15.439	S 20808 -17.05 24.70 0.00 0.00 TRACK
15.441	S 20828 -17.05 24.70 0.00 0.00 TRACK
15.459	>>> V 0.00 0.00
15.460	S 20848 -17.05 24.70 0.00 0.00 TRACK
15.475	>>> V 0.00 0.00
15.500	>>> V 0.00 0.00
15.501	S 20868 -17.05 24.70 0.00 0.00 TRACK
15.503	S 20888 -17.05 24.70 0.00 0.00 TRACK
15.515	>>> V 0.00 0.00
15.535	>>> V 0.00 0.00
15.537	S 20908 -17.05 24.70 0.00 0.00 TRACK
15.555	>>> V 0.00 0.00
15.558	S 20928 -17.05 24.70 0.00 0.00 TRACK
15.575	>>> V 0.00 0.00
15.577	S 20948 -17.05 24.70 0.00 0.00 TRACK
15.599	>>> V 0.00 0.00
15.599	S 20968 -17.05 24.70 0.00 0.00 TRACK
15.607	S 20988 -17.05 24.70 0.00 0.00 TRACK
15.618	>>> V 0.00 0.00
15.618	S 21008 -17.05 24.70 0.00 0.00 TRACK
15.635	>>> V 0.00 0.00
15.659	>>> V 0.00 0.00
15.659	S 21028 -17.05 24.70 0.00 0.00 TRACK
15.662	S 21048 -17.05 24.70 0.00 0.00 TRACK
15.676	>>> V 0.00 0.00
15.697	>>> V 0.00 0.00
15.697	S 21068 -17.05 24.70 0.00 0.00 TRACK
15.715	>>> V 0.00 0.00
15.717	S 21088 -17.05 24.70 0.00 0.00 TRACK
15.737	>>> V 0.00 0.00
15.744	S 21108 -17.05 24.70 0.00 0.00 TRACK
15.748	S 21128 -17.05 24.70 0.00 0.00 TRACK
15.766	>>> V 0.00 0.00
15.767	S 21148 -17.05 24.70 0.00 0.00 TRACK
15.776	>>> V 0.00 0.00
15.779	S 21168 -17.05 24.70 0.00 0.00 TRACK
15.796	>>> V 0.00 0.00
15.817	>>> V 0.00 0.00
15.817	S 21188 -17.05 24.70 0.00 0.00 TRACK
15.838	>>> V 0.00 0.00
15.838	S 21208 -17.05 24.70 0.00 0.00 TRACK
15.855	>>> V 0.00 0.00
15.855	S 21228 -17.05 24.79 0.00 0.00 TRACK
15.876	>>> V 0.00 0.00
15.877	S 21248 -17.05 24.70 0.00 0.00 TRACK
15.896	>>> V 0.00 0.00
15.898	S 21268 -17.05 24.70 0.00 0.00 TRACK
15.919	>>> V 0.00 0.00
15.922	S 21288 -17.05 24.79 0.00 0.00 TRACK
15.930	S 21308 -17.05 24.70 0.00 0.00 TRACK
15.936	>>> V 0.00 0.00
15.957	>>> V 0.00 0.00
15.957	S 21328 -17.05 24.70 0.00 0.00 TRACK
15.975	>>> V 0.00 0.00
15.976	S 21348 -17.05 24.79 0.00 0.00 TRACK
15.996	>>> V 0.00 0.00
15.996	S 21368 -17.05 24.70 0.00 0.00 TRACK
16.015	>>> V 0.00 0.00
16.016	S 21388 -17.05 24.70 0.00 0.00 TRACK
16.035	>>> V 0.00 0.00
16.037	S 21408 -17.05 24.70 0.00 0.00 TRACK
16.056	>>> V 0.00 0.00
16.057	S 21428 -17.05 24.70 0.00 0.00 TRACK
16.075	>>> V 0.00 0.00
16.075	S 21448 -17.05 24.70 0.00 0.00 TRACK
16.095	>>> V 0.00 0.00
16.096	S 21468 -17.05 24.70 0.00 0.00 TRACK
16.116	>>> V 0.00 0.00
16.117	S 21488 -17.05 24.70 0.00 0.00 TRACK
16.135	>>> V 0.00 0.00
16.136	S 21508 -17.05 24.70 0.00 0.00 TRACK
16.155	>>> V 0.00 0.00
16.155	S 21528 -17.05 24.70 0.00 0.00 TRACK
16.176	>>> V 0.00 0.00
16.177	S 21548 -17.05 24.70 0.00 0.00 TRACK
16.195	>>> V 0.00 0.00
16.196	S 21568 -17.05 24.70 0.00 0.00 TRACK
16.215	>>> V 0.00 0.00
16.217	S 21588 -17.05 24.70 0.00 0.00 TRACK
16.236	>>> V 0.00 0.00
16.236	S 21608 -17.05 24.70 0.00 0.00 TRACK
16.255	>>> V 0.00 0.00
16.256	S 21628 -17.05 24.70 0.00 0.00 TRACK
16.276	>>> V 0.00 0.00
16.277	S 21648 -17.05 24.79 0.00 0.00 TRACK
16.295	>>> V 0.00 0.00
16.296	S 21668 -17.05 24.70 0.00 0.00 TRACK
16.317	>>> V 0.00 0.00
16.318	S 21688 -17.05 24.79 0.00 0.00 TRACK
16.336	>>> V 0.00 0.00
16.336	S 21708 -17.05 24.70 0.00 0.00 TRACK
16.357	>>> V 0.00 0.00
16.358	S 21728 -17.05 24.70 0.00 0.00 TRACK
16.375	>>> V 0.00 0.00
16.376	S 21748 -17.05 24.70 0.00 0.00 TRACK
16.396	>>> V 0.00 0.00
16.396	S 21768 -17.05 24.70 0.00 0.00 TRACK
16.415	>>> V 0.00 0.00
16.415	S 21788 -17.05 24.70 0.00 0.00 TRACK
16.435	>>> V 0.00 0.00
16.435	S 21808 -17.05 24.70 0.00 0.00 TRACK
16.456	>>> V 0.00 0.00
16.456	S 21828 -17.05 24.70 0.00 0.00 TRACK
16.475	>>> V 0.00 0.00
16.475	S 21848 -17.05 24.70 0.00 0.00 TRACK
16.496	>>> V 0.00 0.00
16.497	S 21868 -17.05 24.70 0.00 0.00 TRACK
16.515	>>> V 0.00 0.00
16.515	S 21888 -17.05 24.70 0.00 0.00 TRACK
16.537	>>> V 0.00 0.00
16.537	S 21908 -17.05 24.70 0.00 0.00 TRACK
16.555	>>> V 0.00 0.00
16.556	S 21928 -17.05 24.70 0.00 0.00 TRACK
16.575	>>> V 0.00 0.00
16.576	S 21948 -17.05 24.70 0.00 0.00 TRACK
16.597	>>> V 0.00 0.00
16.598	S 21968 -17.05 24.70 0.00 0.00 TRACK
16.616	>>> V 0.00 0.00
16.617	S 21988 -17.05 24.70 0.00 0.00 TRACK
16.636	>>> V 0.00 0.00
16.637	S 22008 -17.05 24.70 0.00 0.00 TRACK
16.657	>>> V 0.00 0.00
16.658	S 22028 -17.05 24.79 0.00 0.00 TRACK
16.677	>>> V 0.00 0.00
16.678	S 22048 -17.05 24.70 0.00 0.00 TRACK
16.696	>>> V 0.00 0.00
16.696	S 22068 -17.05 24.70 0.00 0.00 TRACK
16.716	>>> V 0.00 0.00
16.716	S 22088 -17.05 24.70 0.00 0.00 TRACK
16.735	>>> V 0.00 0.00
16.736	S 22108 -17.05 24.70 0.00 0.00 TRACK
16.755	>>> V 0.00 0.00
16.757	S 22128 -17.05 24.70 0.00 0.00 TRACK
16.777	>>> V 0.00 0.00
16.778	S 22148 -17.05 24.70 0.00 0.00 TRACK
16.796	>>> V 0.00 0.00
16.798	S 22168 -17.05 24.70 0.00 0.00 TRACK
16.815	>>> V 0.00 0.00
16.816	S 22188 -17.05 24.70 0.00 0.00 TRACK
16.836	>>> V 0.00 0.00
16.836	S 22208 -17.05 24.70 0.00 0.00 TRACK
16.855	>>> V 0.00 0.00
16.856	S 22228 -17.05 24.70 0.00 0.00 TRACK
16.877	>>> V 0.00 0.00
16.878	S 22248 -17.05 24.70 0.00 0.00 TRACK
16.895	>>> V 0.00 0.00
16.896	S 22268 -17.05 24.79 0.00 0.00 TRACK
16.915	>>> V 0.00 0.00
16.916	S 22288 -17.05 24.70 0.00 0.00 TRACK
16.936	>>> V 0.00 0.00
16.937	S 22308 -17.05 24.70 0.00 0.00 TRACK
16.956	>>> V 0.00 0.00
16.957	S 22328 -17.05 24.70 0.00 0.00 TRACK
16.975	>>> V 0.00 0.00
16.976	S 22348 -17.05 24.70 0.00 0.00 TRACK
16.998	>>> V 0.00 0.00
16.998	S 22368 -17.05 24.70 0.00 0.00 TRACK
17.016	>>> V 0.00 0.00
17.016	S 22388 -17.05 24.70 0.00 0.00 TRACK
17.038	>>> V 0.00 0.00
17.039	S 22408 -17.05 24.70 0.00 0.00 TRACK
17.041	S 22428 -17.05 24.70 0.00 0.00 TRACK
17.057	>>> V 0.00 0.00
17.075	>>> V 0.00 0.00
17.075	S 22448 -17.05 24.70 0.00 0.00 TRACK
17.097	>>> V 0.00 0.00
17.097	S 22468 -17.05 24.70 0.00 0.00 TRACK
17.115	>>> V 0.00 0.00
17.116	S 22488 -17.05 24.70 0.00 0.00 TRACK
17.136	>>> V 0.00 0.00
17.137	S 22508 -17.05 24.70 0.00 0.00 TRACK
17.156	>>> V 0.00 0.00
17.157	S 22528 -17.05 24.70 0.00 0.00 TRACK
17.175	>>> V 0.00 0.00
17.175	S 22548 -17.05 24.70 0.00 0.00 TRACK
17.197	>>> V 0.00 0.00
17.197	S 22568 -17.05 24.70 0.00 0.00 TRACK
17.216	>>> V 0.00 0.00
17.217	S 22588 -17.05 24.70 0.00 0.00 TRACK
17.237	>>> V 0.00 0.00
17.237	S 22608 -17.05 24.70 0.00 0.00 TRACK
17.256	>>> V 0.00 0.00
17.257	S 22628 -17.05 24.70 0.00 0.00 TRACK
17.275	>>> V 0.00 0.00
17.275	S 22648 -17.05 24.70 0.00 0.00 TRACK
17.296	>>> V 0.00 0.00
17.297	S 22668 -17.05 24.70 0.00 0.00 TRACK
17.315	>>> V 0.00 0.00
17.316	S 22688 -17.05 24.70 0.00 0.00 TRACK
17.337	>>> V 0.00 0.00
17.337	S 22708 -17.05 24.70 0.00 0.00 TRACK
17.356	>>> V 0.00 0.00
17.356	S 22728 -17.05 24.70 0.00 0.00 TRACK
17.376	>>> V 0.00 0.00
17.376	S 22748 -17.05 24.70 0.00 0.00 TRACK
17.395	>>> V 0.00 0.00
17.397	S 22768 -17.05 24.70 0.00 0.00 TRACK
17.415	>>> V 0.00 0.00
17.415	S 22788 -17.05 24.70 0.00 0.00 TRACK
17.437	>>> V 0.00 0.00
17.437	S 22808 -17.05 24.70 0.00 0.00 TRACK
17.455	>>> V 0.00 0.00
17.456	S 22828 -17.05 24.70 0.00 0.00 TRACK
17.477	>>> V 0.00 0.00
17.478	S 22848 -17.05 24.70 0.00 0.00 TRACK
17.495	>>> V 0.00 0.00
17.496	S 22868 -17.05 24.70 0.00 0.00 TRACK
17.515	>>> V 0.00 0.00
17.516	S 22888 -17.05 24.70 0.00 0.00 TRACK
17.537	>>> V 0.00 0.00
17.538	S 22908 -17.05 24.70 0.00 0.00 TRACK
17.556	>>> V 0.00 0.00
17.557	S 22928 -17.05 24.70 0.00 0.00 TRACK
17.576	>>> V 0.00 0.00
17.578	S 22948 -17.05 24.79 0.00 0.00 TRACK
17.596	>>> V 0.00 0.00
17.596	S 22968 -17.05 24.70 0.00 0.00 TRACK
17.615	>>> V 0.00 0.00
17.615	S 22988 -17.05 24.70 0.00 0.00 TRACK
17.636	>>> V 0.00 0.00
17.638	S 23008 -17.05 24.70 0.00 0.00 TRACK
17.655	>>> V 0.00 0.00
17.656	S 23028 -17.05 24.70 0.00 0.00 TRACK
17.676	>>> V 0.00 0.00
17.677	S 23048 -17.05 24.70 0.00 0.00 TRACK
17.697	>>> V 0.00 0.00
17.698	S 23068 -17.05 24.70 0.00 0.00 TRACK
17.716	>>> V 0.00 0.00
17.716	S 23088 -17.05 24.70 0.00 0.00 TRACK
17.736	>>> V 0.00 0.00
17.737	S 23108 -17.05 24.70 0.00 0.00 TRACK
17.756	>>> V 0.00 0.00
17.757	S 23128 -17.05 24.70 0.00 0.00 TRACK
17.776	>>> V 0.00 0.00
17.776	S 23148 -17.05 24.70 0.00 0.00 TRACK
17.798	>>> V 0.00 0.00
17.798	S 23168 -17.05 24.79 0.00 0.00 TRACK
17.817	>>> V 0.00 0.00
17.818	S 23188 -17.05 24.70 0.00 0.00 TRACK
17.836	>>> V 0.00 0.00
17.836	S 23208 -17.05 24.70 0.00 0.00 TRACK
17.856	>>> V 0.00 0.00
17.857	S 23228 -17.05 24.70 0.00 0.00 TRACK
17.875	>>> V 0.00 0.00
17.877	S 23248 -17.05 24.70 0.00 0.00 TRACK
17.897	>>> V 0.00 0.00
17.898	S 23268 -17.05 24.70 0.00 0.00 TRACK
17.916	>>> V 0.00 0.00
17.916	S 23288 -17.05 24.70 0.00 0.00 TRACK
17.935	>>> V 0.00 0.00
17.935	S 23308 -17.05 24.70 0.00 0.00 TRACK
17.959	>>> V 0.00 0.00
17.959	S 23328 -17.05 24.70 0.00 0.00 TRACK
17.965	S 23348 -17.05 24.70 0.00 0.00 TRACK
17.975	>>> V 0.00 0.00
17.997	>>> V 0.00 0.00
17.998	S 23368 -17.05 24.70 0.00 0.00 TRACK
18.015	>>> V 0.00 0.00
18.016	S 23388 -17.05 24.70 0.00 0.00 TRACK
18.036	>>> V 0.00 0.00
18.036	S 23408 -17.05 24.70 0.00 0.00 TRACK
18.056	>>> V 0.00 0.00
18.056	S 23428 -17.05 24.70 0.00 0.00 TRACK
18.075	>>> V 0.00 0.00
18.076	S 23448 -17.05 24.70 0.00 0.00 TRACK
18.096	>>> V 0.00 0.00
18.096	S 23468 -17.05 24.70 0.00 0.00 TRACK
18.115	>>> V 0.00 0.00
18.115	S 23488 -17.05 24.70 0.00 0.00 TRACK
18.135	>>> V 0.00 0.00
18.135	S 23508 -17.05 24.79 0.00 0.00 TRACK
18.156	>>> V 0.00 0.00
18.158	S 23528 -17.05 24.70 0.00 0.00 TRACK
18.176	>>> V 0.00 0.00
18.177	S 23548 -17.05 24.70 0.00 0.00 TRACK
18.199	>>> V 0.00 0.00
18.199	S 23568 -17.05 24.70 0.00 0.00 TRACK
18.200	S 23588 -17.05 24.70 0.00 0.00 TRACK
18.215	>>> V 0.00 0.00
18.235	>>> V 0.00 0.00
18.235	S 23608 -17.05 24.70 0.00 0.00 TRACK
18.258	>>> V 0.00 0.00
18.259	S 23628 -17.05 24.70 0.00 0.00 TRACK
18.265	S 23648 -17.05 24.70 0.00 0.00 TRACK
18.275	>>> V 0.00 0.00
18.300	>>> V 0.00 0.00
18.300	S 23668 -17.05 24.70 0.00 0.00 TRACK
18.301	S 23688 -17.05 24.70 0.00 0.00 TRACK
18.316	>>> V 0.00 0.00
18.335	>>> V 0.00 0.00
18.335	S 23708 -17.05 24.70 0.00 0.00 TRACK
18.358	>>> V 0.00 0.00
18.359	S 23728 -17.05 24.70 0.00 0.00 TRACK
18.366	S 23748 -17.05 24.70 0.00 0.00 TRACK
18.376	>>> V 0.00 0.00
18.400	>>> V 0.00 0.00
18.400	S 23768 -17.05 24.70 0.00 0.00 TRACK
18.401	S 23788 -17.05 24.70 0.00 0.00 TRACK
18.417	>>> V 0.00 0.00
18.435	>>> V 0.00 0.00
18.435	S 23808 -17.05 24.70 0.00 0.00 TRACK
18.463	>>> V 0.00 0.00
18.464	S 23828 -17.05 24.70 0.00 0.00 TRACK
18.467	S 23848 -17.05 24.70 0.00 0.00 TRACK
18.476	>>> V 0.00 0.00
18.496	>>> V 0.00 0.00
18.498	S 23868 -17.05 24.70 0.00 0.00 TRACK
18.516	>>> V 0.00 0.00
18.517	S 23888 -17.05 24.70 0.00 0.00 TRACK
18.540	>>> V 0.00 0.00
18.540	S 23908 -17.05 24.70 0.00 0.00 TRACK
18.542	S 23928 -17.05 24.70 0.00 0.00 TRACK
18.557	>>> V 0.00 0.00
18.575	>>> V 0.00 0.00
18.576	S 23948 -17.05 24.70 0.00 0.00 TRACK
18.595	>>> V 0.00 0.00
18.596	S 23968 -17.05 24.70 0.00 0.00 TRACK
18.615	>>> V 0.00 0.00
18.616	S 23988 -17.05 24.79 0.00 0.00 TRACK
18.635	>>> V 0.00 0.00
18.635	S 24008 -17.05 24.70 0.00 0.00 TRACK
18.662	>>> V 0.00 0.00
18.663	S 24028 -17.05 24.70 0.00 0.00 TRACK
18.665	S 24048 -17.05 24.70 0.00 0.00 TRACK
18.675	>>> V 0.00 0.00
18.697	>>> V 0.00 0.00
18.698	S 24068 -17.05 24.79 0.00 0.00 TRACK
18.716	>>> V 0.00 0.00
18.716	S 24088 -17.05 24.70 0.00 0.00 TRACK
18.737	>>> V 0.00 0.00
18.737	S 24108 -17.05 24.70 0.00 0.00 TRACK
18.757	>>> V 0.00 0.00
18.758	S 24128 -17.05 24.70 0.00 0.00 TRACK
18.775	>>> V 0.00 0.00
18.776	S 24148 -17.05 24.79 0.00 0.00 TRACK
18.797	>>> V 0.00 0.00
18.798	S 24169 -17.05 24.70 0.00 0.00 TRACK
18.816	>>> V 0.00 0.00
18.816	S 24189 -17.05 24.70 0.00 0.00 TRACK
18.835	>>> V 0.00 0.00
18.836	S 24209 -17.05 24.70 0.00 0.00 TRACK
18.856	>>> V 0.00 0.00
18.858	S 24229 -17.05 24.70 0.00 0.00 TRACK
18.875	>>> V 0.00 0.00
18.877	S 24249 -17.05 24.70 0.00 0.00 TRACK
18.898	>>> V 0.00 0.00
18.899	S 24269 -17.05 24.70 0.00 0.00 TRACK
18.901	S 24289 -17.05 24.70 0.00 0.00 TRACK
18.916	>>> V 0.00 0.00
18.935	>>> V 0.00 0.00
18.935	S 24309 -17.05 24.70 0.00 0.00 TRACK
18.956	>>> V 0.00 0.00
18.957	S 24329 -17.05 24.70 0.00 0.00 TRACK
18.975	>>> V 0.00 0.00
18.976	S 24349 -17.05 24.70 0.00 0.00 TRACK
18.997	>>> V 0.00 0.00
18.998	S 24369 -17.05 24.70 0.00 0.00 TRACK
19.015	>>> V 0.00 0.00
19.016	S 24389 -17.05 24.70 0.00 0.00 TRACK
19.036	>>> V 0.00 0.00
19.037	S 24409 -17.05 24.70 0.00 0.00 TRACK
19.055	>>> V 0.00 0.00
19.056	S 24429 -17.05 24.70 0.00 0.00 TRACK
19.075	>>> V 0.00 0.00
19.075	S 24449 -17.05 24.70 0.00 0.00 TRACK
19.096	>>> V 0.00 0.00
19.098	S 24469 -17.05 24.70 0.00 0.00 TRACK
19.116	>>> V 0.00 0.00
19.116	S 24489 -17.05 24.70 0.00 0.00 TRACK
19.137	>>> V 0.00 0.00
19.137	S 24509 -17.05 24.70 0.00 0.00 TRACK
19.155	>>> V 0.00 0.00
19.156	S 24529 -17.05 24.79 0.00 0.00 TRACK
19.176	>>> V 0.00 0.00
19.178	S 24549 -17.05 24.79 0.00 0.00 TRACK
19.196	>>> V 0.00 0.00
19.197	S 24569 -17.05 24.70 0.00 0.00 TRACK
19.217	>>> V 0.00 0.00
19.217	S 24589 -17.05 24.70 0.00 0.00 TRACK
19.235	>>> V 0.00 0.00
19.236	S 24609 -17.05 24.70 0.00 0.00 TRACK
19.255	>>> V 0.00 0.00
19.255	S 24629 -17.05 24.70 0.00 0.00 TRACK
19.277	>>> V 0.00 0.00
19.277	S 24649 -17.05 24.70 0.00 0.00 TRACK
19.295	>>> V 0.00 0.00
19.295	S 24669 -17.05 24.70 0.00 0.00 TRACK
19.317	>>> V 0.00 0.00
19.318	S 24689 -17.05 24.70 0.00 0.00 TRACK
19.335	>>> V 0.00 0.00
19.336	S 24709 -17.05 24.70 0.00 0.00 TRACK
19.355	>>> V 0.00 0.00
19.355	S 24729 -17.05 24.70 0.00 0.00 TRACK
19.377	>>> V 0.00 0.00
19.378	S 24749 -17.05 24.70 0.00 0.00 TRACK
19.395	>>> V 0.00 0.00
19.396	S 24769 -17.05 24.70 0.00 0.00 TRACK
19.417	>>> V 0.00 0.00
19.418	S 24789 -17.05 24.70 0.00 0.00 TRACK
19.436	>>> V 0.00 0.00
19.437	S 24809 -17.05 24.70 0.00 0.00 TRACK
19.457	>>> V 0.00 0.00
19.457	S 24829 -17.05 24.70 0.00 0.00 TRACK
19.477	>>> V 0.00 0.00
19.478	S 24849 -17.05 24.70 0.00 0.00 TRACK
19.495	>>> V 0.00 0.00
19.496	S 24869 -17.05 24.70 0.00 0.00 TRACK
19.517	>>> V 0.00 0.00
19.518	S 24889 -17.05 24.70 0.00 0.00 TRACK
19.535	>>> V 0.00 0.00
19.536	S 24909 -17.05 24.70 0.00 0.00 TRACK
19.557	>>> V 0.00 0.00
19.557	S 24929 -17.05 24.70 0.00 0.00 TRACK
19.575	>>> V 0.00 0.00
19.577	S 24949 -17.05 24.70 0.00 0.00 TRACK
19.595	>>> V 0.00 0.00
19.596	S 24969 -17.05 24.70 0.00 0.00 TRACK
19.617	>>> V 0.00 0.00
19.618	S 24989 -17.05 24.70 0.00 0.00 TRACK
19.636	>>> V 0.00 0.00
19.636	S 25009 -17.05 24.70 0.00 0.00 TRACK
19.656	>>> V 0.00 0.00
19.657	S 25029 -17.05 24.70 0.00 0.00 TRACK
19.675	>>> V 0.00 0.00
19.677	S 25049 -17.05 24.70 0.00 0.00 TRACK
19.698	>>> V 0.00 0.00
19.699	S 25069 -17.05 24.70 0.00 0.00 TRACK
19.700	S 25089 -17.05 24.70 0.00 0.00 TRACK
19.716	>>> V 0.00 0.00
19.737	>>> V 0.00 0.00
19.737	S 25109 -17.05 24.70 0.00 0.00 TRACK
19.755	>>> V 0.00 0.00
19.756	S 25129 -17.05 24.70 0.00 0.00 TRACK
19.775	>>> V 0.00 0.00
19.777	S 25149 -17.05 24.70 0.00 0.00 TRACK
19.795	>>> V 0.00 0.00
19.796	S 25169 -17.05 24.70 0.00 0.00 TRACK
19.817	>>> V 0.00 0.00
19.817	S 25189 -17.05 24.70 0.00 0.00 TRACK
19.836	>>> V 0.00 0.00
19.836	S 25209 -17.05 24.70 0.00 0.00 TRACK
19.856	>>> V 0.00 0.00
19.856	S 25229 -17.05 24.70 0.00 0.00 TRACK
19.877	>>> V 0.00 0.00
19.878	S 25249 -17.05 24.70 0.00 0.00 TRACK
19.895	>>> V 0.00 0.00
19.895	S 25269 -17.05 24.70 0.00 0.00 TRACK
19.916	>>> V 0.00 0.00
19.918	S 25289 -17.05 24.70 0.00 0.00 TRACK
19.935	>>> V 0.00 0.00
19.936	S 25309 -17.05 24.70 0.00 0.00 TRACK
19.955	>>> V 0.00 0.00
19.956	S 25329 -17.05 24.79 0.00 0.00 TRACK
19.977	>>> V 0.00 0.00
19.977	S 25349 -17.05 24.70 0.00 0.00 TRACK
19.996	>>> V 0.00 0.00
19.996	S 25369 -17.05 24.70 0.00 0.00 TRACK
20.018	>>> V 0.00 0.00
20.018	S 25389 -17.05 24.70 0.00 0.00 TRACK
20.035	>>> V 0.00 0.00
20.036	S 25409 -17.05 24.70 0.00 0.00 TRACK
20.055	>>> V 0.00 0.00
20.056	S 25429 -17.05 24.70 0.00 0.00 TRACK
20.076	>>> V 0.00 0.00
20.078	S 25449 -17.05 24.70 0.00 0.00 TRACK
20.095	>>> V 0.00 0.00
20.098	S 25469 -17.05 24.70 0.00 0.00 TRACK
20.116	>>> V 0.00 0.00
20.116	S 25489 -17.05 24.70 0.00 0.00 TRACK
20.135	>>> V 0.00 0.00
20.138	S 25509 -17.05 24.70 0.00 0.00 TRACK
20.156	>>> V 0.00 0.00
20.156	S 25529 -17.05 24.70 0.00 0.00 TRACK
20.176	>>> V 0.00 0.00
20.177	S 25549 -17.05 24.79 0.00 0.00 TRACK
20.195	>>> V 0.00 0.00
20.197	S 25569 -17.05 24.70 0.00 0.00 TRACK
20.216	>>> V 0.00 0.00
20.217	S 25589 -17.05 24.70 0.00 0.00 TRACK
20.235	>>> V 0.00 0.00
20.236	S 25609 -17.05 24.79 0.00 0.00 TRACK
20.255	>>> V 0.00 0.00
20.255	S 25629 -17.05 24.70 0.00 0.00 TRACK
20.277	>>> V 0.00 0.00
20.278	S 25649 -17.05 24.70 0.00 0.00 TRACK
20.295	>>> V 0.00 0.00
20.296	S 25669 -17.05 24.70 0.00 0.00 TRACK
20.316	>>> V 0.00 0.00
20.317	S 25689 -17.05 24.70 0.00 0.00 TRACK
20.336	>>> V 0.00 0.00
20.337	S 25709 -17.05 24.70 0.00 0.00 TRACK
20.355	>>> V 0.00 0.00
20.355	S 25729 -17.05 24.70 0.00 0.00 TRACK
20.378	>>> V 0.00 0.00
20.378	S 25749 -17.05 24.70 0.00 0.00 TRACK
20.396	>>> V 0.00 0.00
20.397	S 25769 -17.05 24.70 0.00 0.00 TRACK
20.416	>>> V 0.00 0.00
20.416	S 25789 -17.05 24.70 0.00 0.00 TRACK
20.436	>>> V 0.00 0.00
20.436	S 25809 -17.05 24.70 0.00 0.00 TRACK
20.455	>>> V 0.00 0.00
20.456	S 25829 -17.05 24.79 0.00 0.00 TRACK
20.477	>>> V 0.00 0.00
20.478	S 25849 -17.05 24.70 0.00 0.00 TRACK
20.496	>>> V 0.00 0.00
20.497	S 25869 -17.05 24.70 0.00 0.00 TRACK
20.515	>>> V 0.00 0.00
20.516	S 25889 -17.05 24.70 0.00 0.00 TRACK
20.536	>>> V 0.00 0.00
20.537	S 25909 -17.05 24.70 0.00 0.00 TRACK
20.555	>>> V 0.00 0.00
20.556	S 25929 -17.05 24.70 0.00 0.00 TRACK
20.576	>>> V 0.00 0.00
20.577	S 25949 -17.05 24.70 0.00 0.00 TRACK
20.595	>>> V 0.00 0.00
20.597	S 25969 -17.05 24.70 0.00 0.00 TRACK
20.615	>>> V 0.00 0.00
20.615	S 25989 -17.05 24.70 0.00 0.00 TRACK
20.637	>>> V 0.00 0.00
20.637	S 26009 -17.05 24.70 0.00 0.00 TRACK
20.656	>>> V 0.00 0.00
20.657	S 26029 -17.05 24.70 0.00 0.00 TRACK
20.676	>>> V 0.00 0.00
20.676	S 26049 -17.05 24.70 0.00 0.00 TRACK
20.696	>>> V 0.00 0.00
20.697	S 26069 -17.05 24.70 0.00 0.00 TRACK
20.715	>>> V 0.00 0.00
20.716	S 26089 -17.05 24.70 0.00 0.00 TRACK
20.737	>>> V 0.00 0.00
20.737	S 26109 -17.05 24.70 0.00 0.00 TRACK
20.757	>>> V 0.00 0.00
20.757	S 26129 -17.05 24.70 0.00 0.00 TRACK
20.777	>>> V 0.00 0.00
20.777	S 26149 -17.05 24.70 0.00 0.00 TRACK
20.796	>>> V 0.00 0.00
20.796	S 26169 -17.05 24.70 0.00 0.00 TRACK
20.815	>>> V 0.00 0.00
20.815	S 26189 -17.05 24.70 0.00 0.00 TRACK
20.837	>>> V 0.00 0.00
20.838	S 26209 -17.05 24.70 0.00 0.00 TRACK
20.856	>>> V 0.00 0.00
20.856	S 26229 -17.05 24.70 0.00 0.00 TRACK
20.876	>>> V 0.00 0.00
20.877	S 26249 -17.05 24.70 0.00 0.00 TRACK
20.895	>>> V 0.00 0.00
20.897	S 26269 -17.05 24.70 0.00 0.00 TRACK
20.915	>>> V 0.00 0.00
20.915	S 26289 -17.05 24.70 0.00 0.00 TRACK
20.936	>>> V 0.00 0.00
20.938	S 26309 -17.05 24.79 0.00 0.00 TRACK
20.956	>>> V 0.00 0.00
20.956	S 26329 -17.05 24.70 0.00 0.00 TRACK
20.976	>>> V 0.00 0.00
20.977	S 26349 -17.05 24.70 0.00 0.00 TRACK
20.996	>>> V 0.00 0.00
20.996	S 26369 -17.05 24.70 0.00 0.00 TRACK
21.017	>>> V 0.00 0.00
21.018	S 26389 -17.05 24.70 0.00 0.00 TRACK
21.036	>>> V 0.00 0.00
21.037	S 26409 -17.05 24.70 0.00 0.00 TRACK
21.055	>>> V 0.00 0.00
21.055	S 26429 -17.05 24.70 0.00 0.00 TRACK
21.076	>>> V 0.00 0.00
21.076	S 26449 -17.05 24.79 0.00 0.00 TRACK
21.097	>>> V 0.00 0.00
21.098	S 26469 -17.05 24.70 0.00 0.00 TRACK
21.116	>>> V 0.00 0.00
21.116	S 26489 -17.05 24.70 0.00 0.00 TRACK
21.136	>>> V 0.00 0.00
21.137	S 26509 -17.05 24.70 0.00 0.00 TRACK
21.158	>>> V 0.00 0.00
21.159	S 26529 -17.05 24.70 0.00 0.00 TRACK
21.175	>>> V 0.00 0.00
21.175	S 26549 -17.05 24.70 0.00 0.00 TRACK
21.197	>>> V 0.00 0.00
21.197	S 26569 -17.05 24.70 0.00 0.00 TRACK
21.215	>>> V 0.00 0.00
21.217	S 26589 -17.05 24.70 0.00 0.00 TRACK
21.236	>>> V 0.00 0.00
21.236	S 26609 -17.05 24.79 0.00 0.00 TRACK
21.256	>>> V 0.00 0.00
21.257	S 26629 -17.05 24.70 0.00 0.00 TRACK
21.276	>>> V 0.00 0.00
21.276	S 26649 -17.05 24.70 0.00 0.00 TRACK
21.295	>>> V 0.00 0.00
21.296	S 26669 -17.05 24.70 0.00 0.00 TRACK
21.315	>>> V 0.00 0.00
21.315	S 26689 -17.05 24.70 0.00 0.00 TRACK
21.335	>>> V 0.00 0.00
21.335	S 26709 -17.05 24.70 0.00 0.00 TRACK
21.356	>>> V 0.00 0.00
21.357	S 26729 -17.05 24.70 0.00 0.00 TRACK
21.375	>>> V 0.00 0.00
21.377	S 26749 -17.05 24.70 0.00 0.00 TRACK
21.397	>>> V 0.00 0.00
21.398	S 26769 -17.05 24.70 0.00 0.00 TRACK
21.415	>>> V 0.00 0.00
21.416	S 26789 -17.05 24.70 0.00 0.00 TRACK
21.436	>>> V 0.00 0.00
21.436	S 26809 -17.05 24.70 0.00 0.00 TRACK
21.456	>>> V 0.00 0.00
21.456	S 26829 -17.05 24.70 0.00 0.00 TRACK
21.475	>>> V 0.00 0.00
21.475	S 26849 -17.05 24.70 0.00 0.00 TRACK
21.499	>>> V 0.00 0.00
21.500	S 26869 -17.05 24.70 0.00 0.00 TRACK
21.502	S 26889 -17.05 24.70 0.00 0.00 TRACK
21.515	>>> V 0.00 0.00
21.536	>>> V 0.00 0.00
21.536	S 26909 -17.05 24.70 0.00 0.00 TRACK
21.556	>>> V 0.00 0.00
21.556	S 26929 -17.05 24.70 0.00 0.00 TRACK
21.576	>>> V 0.00 0.00
21.576	S 26949 -17.05 24.70 0.00 0.00 TRACK
21.596	>>> V 0.00 0.00
21.598	S 26969 -17.05 24.79 0.00 0.00 TRACK
21.615	>>> V 0.00 0.00
21.617	S 26989 -17.05 24.70 0.00 0.00 TRACK
21.637	>>> V 0.00 0.00
21.638	S 27009 -17.05 24.70 0.00 0.00 TRACK
21.656	>>> V 0.00 0.00
21.656	S 27029 -17.05 24.70 0.00 0.00 TRACK
21.676	>>> V 0.00 0.00
21.676	S 27049 -17.05 24.70 0.00 0.00 TRACK
21.696	>>> V 0.00 0.00
21.697	S 27069 -17.05 24.70 0.00 0.00 TRACK
21.715	>>> V 0.00 0.00
21.716	S 27089 -17.05 24.70 0.00 0.00 TRACK
21.735	>>> V 0.00 0.00
21.736	S 27109 -17.05 24.70 0.00 0.00 TRACK
21.756	>>> V 0.00 0.00
21.756	S 27129 -17.05 24.70 0.00 0.00 TRACK
21.775	>>> V 0.00 0.00
21.777	S 27149 -17.05 24.70 0.00 0.00 TRACK
21.798	>>> V 0.00 0.00
21.800	S 27169 -17.05 24.70 0.00 0.00 TRACK
21.801	S 27189 -17.05 24.79 0.00 0.00 TRACK
21.815	>>> V 0.00 0.00
21.836	>>> V 0.00 0.00
21.836	S 27209 -17.05 24.70 0.00 0.00 TRACK
21.857	>>> V 0.00 0.00
21.857	S 27229 -17.05 24.70 0.00 0.00 TRACK
21.875	>>> V 0.00 0.00
21.876	S 27249 -17.05 24.70 0.00 0.00 TRACK
21.896	>>> V 0.00 0.00
21.896	S 27269 -17.05 24.70 0.00 0.00 TRACK
21.915	>>> V 0.00 0.00
21.915	S 27289 -17.05 24.70 0.00 0.00 TRACK
21.935	>>> V 0.00 0.00
21.935	S 27309 -17.05 24.70 0.00 0.00 TRACK
21.956	>>> V 0.00 0.00
21.957	S 27329 -17.05 24.70 0.00 0.00 TRACK
21.976	>>> V 0.00 0.00
21.978	S 27349 -17.05 24.70 0.00 0.00 TRACK
21.997	>>> V 0.00 0.00
21.998	S 27369 -17.05 24.79 0.00 0.00 TRACK
22.015	>>> V 0.00 0.00
22.016	S 27389 -17.05 24.79 0.00 0.00 TRACK
22.036	>>> V 0.00 0.00
22.037	S 27409 -17.05 24.70 0.00 0.00 TRACK
22.056	>>> V 0.00 0.00
22.057	S 27429 -17.05 24.70 0.00 0.00 TRACK
22.075	>>> V 0.00 0.00
22.075	S 27449 -17.05 24.70 0.00 0.00 TRACK
22.095	>>> V 0.00 0.00
22.096	S 27469 -17.05 24.70 0.00 0.00 TRACK
22.115	>>> V 0.00 0.00
22.115	S 27489 -17.05 24.70 0.00 0.00 TRACK
22.135	>>> V 0.00 0.00
22.135	S 27509 -17.05 24.70 0.00 0.00 TRACK
22.156	>>> V 0.00 0.00
22.158	S 27529 -17.05 24.70 0.00 0.00 TRACK
22.175	>>> V 0.00 0.00
22.176	S 27549 -17.05 24.70 0.00 0.00 TRACK
22.201	>>> V 0.00 0.00
22.202	S 27569 -17.05 24.70 0.00 0.00 TRACK
22.203	S 27589 -17.05 24.70 0.00 0.00 TRACK
22.215	>>> V 0.00 0.00
22.237	>>> V 0.00 0.00
22.237	S 27609 -17.05 24.70 0.00 0.00 TRACK
22.257	>>> V 0.00 0.00
22.258	S 27629 -17.05 24.70 0.00 0.00 TRACK
22.275	>>> V 0.00 0.00
22.275	S 27649 -17.05 24.70 0.00 0.00 TRACK
22.297	>>> V 0.00 0.00
22.297	S 27669 -17.05 24.70 0.00 0.00 TRACK
22.316	>>> V 0.00 0.00
22.317	S 27689 -17.05 24.70 0.00 0.00 TRACK
22.336	>>> V 0.00 0.00
22.336	S 27709 -17.05 24.70 0.00 0.00 TRACK
22.356	>>> V 0.00 0.00
22.356	S 27729 -17.05 24.70 0.00 0.00 TRACK
22.375	>>> V 0.00 0.00
22.375	S 27749 -17.05 24.70 0.00 0.00 TRACK
22.396	>>> V 0.00 0.00
22.397	S 27769 -17.05 24.70 0.00 0.00 TRACK
22.416	>>> V 0.00 0.00
22.417	S 27789 -17.05 24.70 0.00 0.00 TRACK
22.436	>>> V 0.00 0.00
22.436	S 27809 -17.05 24.70 0.00 0.00 TRACK
22.455	>>> V 0.00 0.00
22.456	S 27829 -17.05 24.70 0.00 0.00 TRACK
22.475	>>> V 0.00 0.00
22.475	S 27849 -17.05 24.70 0.00 0.00 TRACK
22.496	>>> V 0.00 0.00
22.497	S 27869 -17.05 24.79 0.00 0.00 TRACK
22.515	>>> V 0.00 0.00
22.516	S 27889 -17.05 24.70 0.00 0.00 TRACK
22.536	>>> V 0.00 0.00
22.537	S 27909 -17.05 24.70 0.00 0.00 TRACK
22.555	>>> V 0.00 0.00
22.556	S 27929 -17.05 24.70 0.00 0.00 TRACK
22.575	>>> V 0.00 0.00
22.576	S 27949 -17.05 24.70 0.00 0.00 TRACK
22.595	>>> V 0.00 0.00
22.596	S 27969 -17.05 24.70 0.00 0.00 TRACK
22.615	>>> V 0.00 0.00
22.615	S 27989 -17.05 24.79 0.00 0.00 TRACK
22.636	>>> V 0.00 0.00
22.638	S 28009 -17.05 24.70 0.00 0.00 TRACK
22.656	>>> V 0.00 0.00
22.656	S 28029 -17.05 24.70 0.00 0.00 TRACK
22.675	>>> V 0.00 0.00
22.676	S 28049 -17.05 24.70 0.00 0.00 TRACK
22.695	>>> V 0.00 0.00
22.697	S 28069 -17.05 24.70 0.00 0.00 TRACK
22.715	>>> V 0.00 0.00
22.715	S 28089 -17.05 24.70 0.00 0.00 TRACK
22.737	>>> V 0.00 0.00
22.738	S 28109 -17.05 24.70 0.00 0.00 TRACK
22.756	>>> V 0.00 0.00
22.757	S 28129 -17.05 24.70 0.00 0.00 TRACK
22.776	>>> V 0.00 0.00
22.776	S 28149 -17.05 24.70 0.00 0.00 TRACK
22.797	>>> V 0.00 0.00
22.798	S 28169 -17.05 24.70 0.00 0.00 TRACK
22.815	>>> V 0.00 0.00
22.816	S 28189 -17.05 24.70 0.00 0.00 TRACK
22.839	>>> V 0.00 0.00
22.840	S 28209 -17.05 24.70 0.00 0.00 TRACK
22.841	S 28229 -17.05 24.70 0.00 0.00 TRACK
22.856	>>> V 0.00 0.00
22.875	>>> V 0.00 0.00
22.876	S 28249 -17.05 24.70 0.00 0.00 TRACK
22.897	>>> V 0.00 0.00
22.898	S 28269 -17.05 24.70 0.00 0.00 TRACK
22.916	>>> V 0.00 0.00
22.916	S 28289 -17.05 24.79 0.00 0.00 TRACK
22.936	>>> V 0.00 0.00
22.938	S 28309 -17.05 24.70 0.00 0.00 TRACK
22.956	>>> V 0.00 0.00
22.957	S 28329 -17.05 24.70 0.00 0.00 TRACK
22.975	>>> V 0.00 0.00
22.975	S 28349 -17.05 24.70 0.00 0.00 TRACK
22.995	>>> V 0.00 0.00
22.996	S 28369 -17.05 24.70 0.00 0.00 TRACK
23.015	>>> V 0.00 0.00
23.016	S 28389 -17.05 24.70 0.00 0.00 TRACK
23.035	>>> V 0.00 0.00
23.035	S 28409 -17.05 24.79 0.00 0.00 TRACK
23.058	>>> V 0.00 0.00
23.058	S 28429 -17.05 24.70 0.00 0.00 TRACK
23.075	>>> V 0.00 0.00
23.076	S 28449 -17.05 24.70 0.00 0.00 TRACK
23.096	>>> V 0.00 0.00
23.096	S 28469 -17.05 24.70 0.00 0.00 TRACK
23.115	>>> V 0.00 0.00
23.115	S 28489 -17.05 24.70 0.00 0.00 TRACK
23.135	>>> V 0.00 0.00
23.135	S 28509 -17.05 24.70 0.00 0.00 TRACK
23.156	>>> V 0.00 0.00
23.157	S 28529 -17.05 24.70 0.00 0.00 TRACK
23.175	>>> V 0.00 0.00
23.176	S 28549 -17.05 24.70 0.00 0.00 TRACK
23.195	>>> V 0.00 0.00
23.195	S 28569 -17.05 24.70 0.00 0.00 TRACK
23.215	>>> V 0.00 0.00
23.215	S 28589 -17.05 24.70 0.00 0.00 TRACK
23.235	>>> V 0.00 0.00
23.235	S 28609 -17.05 24.70 0.00 0.00 TRACK
23.256	>>> V 0.00 0.00
23.257	S 28629 -17.05 24.70 0.00 0.00 TRACK
23.275	>>> V 0.00 0.00
23.276	S 28649 -17.05 24.70 0.00 0.00 TRACK
23.300	>>> V 0.00 0.00
23.301	S 28669 -17.05 24.70 0.00 0.00 TRACK
23.302	S 28689 -17.05 24.70 0.00 0.00 TRACK
23.315	>>> V 0.00 0.00
23.335	>>> V 0.00 0.00
23.335	S 28709 -17.05 24.70 0.00 0.00 TRACK
23.356	>>> V 0.00 0.00
23.356	S 28729 -17.05 24.79 0.00 0.00 TRACK
23.375	>>> V 0.00 0.00
23.375	S 28749 -17.05 24.70 0.00 0.00 TRACK
23.398	>>> V 0.00 0.00
23.399	S 28769 -17.05 24.70 0.00 0.00 TRACK
23.415	>>> V 0.00 0.00
23.417	S 28789 -17.05 24.70 0.00 0.00 TRACK
23.435	>>> V 0.00 0.00
23.436	S 28809 -17.05 24.70 0.00 0.00 TRACK
23.455	>>> V 0.00 0.00
23.456	S 28829 -17.05 24.70 0.00 0.00 TRACK
23.475	>>> V 0.00 0.00
23.475	S 28849 -17.05 24.70 0.00 0.00 TRACK
23.497	>>> V 0.00 0.00
23.498	S 28869 -17.05 24.79 0.00 0.00 TRACK
23.516	>>> V 0.00 0.00
23.517	S 28889 -17.05 24.70 0.00 0.00 TRACK
23.535	>>> V 0.00 0.00
23.536	S 28909 -17.05 24.70 0.00 0.00 TRACK
23.555	>>> V 0.00 0.00
23.556	S 28929 -17.05 24.70 0.00 0.00 TRACK
23.575	>>> V 0.00 0.00
23.575	S 28949 -17.05 24.70 0.00 0.00 TRACK
23.600	>>> V 0.00 0.00
23.601	S 28969 -17.05 24.70 0.00 0.00 TRACK
23.605	S 28989 -17.05 24.70 0.00 0.00 TRACK
23.615	>>> V 0.00 0.00
23.636	>>> V 0.00 0.00
23.637	S 29009 -17.05 24.79 0.00 0.00 TRACK
23.655	>>> V 0.00 0.00
23.656	S 29029 -17.05 24.70 0.00 0.00 TRACK
23.675	>>> V 0.00 0.00
23.675	S 29049 -17.05 24.70 0.00 0.00 TRACK
23.696	>>> V 0.00 0.00
23.697	S 29069 -17.05 24.70 0.00 0.00 TRACK
23.716	>>> V 0.00 0.00
23.717	S 29089 -17.05 24.79 0.00 0.00 TRACK
23.737	>>> V 0.00 0.00
23.738	S 29109 -17.05 24.70 0.00 0.00 TRACK
23.756	>>> V 0.00 0.00
23.756	S 29129 -17.05 24.70 0.00 0.00 TRACK
23.775	>>> V 0.00 0.00
23.776	S 29149 -17.05 24.70 0.00 0.00 TRACK
23.797	>>> V 0.00 0.00
23.797	S 29169 -17.05 24.70 0.00 0.00 TRACK
23.816	>>> V 0.00 0.00
23.816	S 29189 -17.05 24.70 0.00 0.00 TRACK
23.836	>>> V 0.00 0.00
23.836	S 29209 -17.05 24.70 0.00 0.00 TRACK
23.855	>>> V 0.00 0.00
23.856	S 29229 -17.05 24.79 0.00 0.00 TRACK
23.875	>>> V 0.00 0.00
23.876	S 29249 -17.05 24.79 0.00 0.00 TRACK
23.896	>>> V 0.00 0.00
23.897	S 29269 -17.05 24.70 0.00 0.00 TRACK
23.916	>>> V 0.00 0.00
23.919	S 29289 -17.05 24.70 0.00 0.00 TRACK
23.936	>>> V 0.00 0.00
23.936	S 29309 -17.05 24.70 0.00 0.00 TRACK
23.955	>>> V 0.00 0.00
23.956	S 29329 -17.05 24.70 0.00 0.00 TRACK
23.975	>>> V 0.00 0.00
23.975	S 29349 -17.05 24.70 0.00 0.00 TRACK
23.996	>>> V 0.00 0.00
23.996	S 29369 -17.05 24.70 0.00 0.00 TRACK
24.015	>>> V 0.00 0.00
24.015	S 29389 -17.05 24.70 0.00 0.00 TRACK
24.036	>>> V 0.00 0.00
24.038	S 29409 -17.05 24.70 0.00 0.00 TRACK
24.055	>>> V 0.00 0.00
24.058	S 29429 -17.05 24.70 0.00 0.00 TRACK
24.075	>>> V 0.00 0.00
24.076	S 29449 -17.05 24.70 0.00 0.00 TRACK
24.095	>>> V 0.00 0.00
24.096	S 29469 -17.05 24.70 0.00 0.00 TRACK
24.115	>>> V 0.00 0.00
24.117	S 29489 -17.05 24.70 0.00 0.00 TRACK
24.136	>>> V 0.00 0.00
24.137	S 29509 -17.05 24.70 0.00 0.00 TRACK
24.156	>>> V 0.00 0.00
24.156	S 29529 -17.05 24.70 0.00 0.00 TRACK
24.175	>>> V 0.00 0.00
24.176	S 29549 -17.05 24.79 0.00 0.00 TRACK
24.195	>>> V 0.00 0.00
24.197	S 29569 -17.05 24.70 0.00 0.00 TRACK
24.215	>>> V 0.00 0.00
24.218	S 29589 -17.05 24.70 0.00 0.00 TRACK
24.237	>>> V 0.00 0.00
24.238	S 29609 -17.05 24.79 0.00 0.00 TRACK
24.255	>>> V 0.00 0.00
24.256	S 29629 -17.05 24.70 0.00 0.00 TRACK
24.275	>>> V 0.00 0.00
24.275	S 29649 -17.05 24.70 0.00 0.00 TRACK
24.297	>>> V 0.00 0.00
24.297	S 29669 -17.05 24.70 0.00 0.00 TRACK
24.315	>>> V 0.00 0.00
24.316	S 29689 -17.05 24.70 0.00 0.00 TRACK
24.336	>>> V 0.00 0.00
24.337	S 29709 -17.05 24.70 0.00 0.00 TRACK
24.356	>>> V 0.00 0.00
24.357	S 29729 -17.05 24.79 0.00 0.00 TRACK
24.375	>>> V 0.00 0.00
24.375	S 29749 -17.05 24.70 0.00 0.00 TRACK
24.397	>>> V 0.00 0.00
24.397	S 29769 -17.05 24.70 0.00 0.00 TRACK
24.415	>>> V 0.00 0.00
24.417	S 29789 -17.05 24.70 0.00 0.00 TRACK
24.436	>>> V 0.00 0.00
24.437	S 29809 -17.05 24.70 0.00 0.00 TRACK
24.456	>>> V 0.00 0.00
24.457	S 29829 -17.05 24.70 0.00 0.00 TRACK
24.475	>>> V 0.00 0.00
24.475	S 29849 -17.05 24.70 0.00 0.00 TRACK
24.496	>>> V 0.00 0.00
24.497	S 29869 -17.05 24.70 0.00 0.00 TRACK
24.515	>>> V 0.00 0.00
24.516	S 29889 -17.05 24.70 0.00 0.00 TRACK
24.537	>>> V 0.00 0.00
24.538	S 29909 -17.05 24.70 0.00 0.00 TRACK
24.555	>>> V 0.00 0.00
24.557	S 29929 -17.05 24.70 0.00 0.00 TRACK
24.575	>>> V 0.00 0.00
24.575	S 29949 -17.05 24.70 0.00 0.00 TRACK
24.596	>>> V 0.00 0.00
24.597	S 29969 -17.05 24.70 0.00 0.00 TRACK
24.616	>>> V 0.00 0.00
24.616	S 29989 -17.05 24.70 0.00 0.00 TRACK
24.637	>>> V 0.00 0.00
24.637	S 30009 -17.05 24.70 0.00 0.00 TRACK
24.655	>>> V 0.00 0.00
24.658	S 30029 -17.05 24.70 0.00 0.00 TRACK
24.675	>>> V 0.00 0.00
24.675	S 30049 -17.05 24.70 0.00 0.00 TRACK
24.697	>>> V 0.00 0.00
24.698	S 30069 -17.05 24.70 0.00 0.00 TRACK
24.716	>>> V 0.00 0.00
24.716	S 30089 -17.05 24.79 0.00 0.00 TRACK
24.736	>>> V 0.00 0.00
24.737	S 30109 -17.05 24.70 0.00 0.00 TRACK
24.755	>>> V 0.00 0.00
24.756	S 30129 -17.05 24.70 0.00 0.00 TRACK
24.775	>>> V 0.00 0.00
24.775	S 30149 -17.05 24.79 0.00 0.00 TRACK
24.797	>>> V 0.00 0.00
24.798	S 30169 -17.05 24.70 0.00 0.00 TRACK
24.815	>>> V 0.00 0.00
24.816	S 30189 -17.05 24.70 0.00 0.00 TRACK
24.839	>>> V 0.00 0.00
24.839	S 30209 -17.05 24.70 0.00 0.00 TRACK
24.856	>>> V 0.00 0.00
24.856	S 30229 -17.05 24.70 0.00 0.00 TRACK
24.875	>>> V 0.00 0.00
24.876	S 30249 -17.05 24.70 0.00 0.00 TRACK
24.896	>>> V 0.00 0.00
24.896	S 30269 -17.05 24.70 0.00 0.00 TRACK
24.915	>>> V 0.00 0.00
24.915	S 30289 -17.05 24.70 0.00 0.00 TRACK
24.936	>>> V 0.00 0.00
24.938	S 30309 -17.05 24.70 0.00 0.00 TRACK
24.956	>>> V 0.00 0.00
24.957	S 30329 -17.05 24.70 0.00 0.00 TRACK
24.977	>>> V 0.00 0.00
24.977	S 30349 -17.05 24.70 0.00 0.00 TRACK
24.995	>>> V 0.00 0.00
24.996	S 30369 -17.05 24.70 0.00 0.00 TRACK
25.015	>>> V 0.00 0.00
25.015	S 30389 -17.05 24.70 0.00 0.00 TRACK
25.036	>>> V 0.00 0.00
25.037	S 30409 -17.05 24.70 0.00 0.00 TRACK
25.057	>>> V 0.00 0.00
25.058	S 30429 -17.05 24.70 0.00 0.00 TRACK
25.077	>>> V 0.00 0.00
25.077	S 30449 -17.05 24.70 0.00 0.00 TRACK
25.097	>>> V 0.00 0.00
25.098	S 30469 -17.05 24.70 0.00 0.00 TRACK
25.115	>>> V 0.00 0.00
25.116	S 30489 -17.05 24.70 0.00 0.00 TRACK
25.138	>>> V 0.00 0.00
25.139	S 30509 -17.05 24.70 0.00 0.00 TRACK
25.156	>>> V 0.00 0.00
25.157	S 30529 -17.05 24.70 0.00 0.00 TRACK
25.175	>>> V 0.00 0.00
25.175	S 30549 -17.05 24.70 0.00 0.00 TRACK
25.196	>>> V 0.00 0.00
25.196	S 30569 -17.05 24.70 0.00 0.00 TRACK
25.215	>>> V 0.00 0.00
25.217	S 30589 -17.05 24.70 0.00 0.00 TRACK
25.235	>>> V 0.00 0.00
25.236	S 30609 -17.05 24.70 0.00 0.00 TRACK
25.255	>>> V 0.00 0.00
25.255	S 30629 -17.05 24.70 0.00 0.00 TRACK
25.275	>>> V 0.00 0.00
25.275	S 30649 -17.05 24.70 0.00 0.00 TRACK
25.296	>>> V 0.00 0.00
25.297	S 30669 -17.05 24.70 0.00 0.00 TRACK
25.315	>>> V 0.00 0.00
25.317	S 30689 -17.05 24.70 0.00 0.00 TRACK
25.337	>>> V 0.00 0.00
25.338	S 30709 -17.05 24.79 0.00 0.00 TRACK
25.356	>>> V 0.00 0.00
25.357	S 30729 -17.05 24.70 0.00 0.00 TRACK
25.376	>>> V 0.00 0.00
25.376	S 30749 -17.05 24.70 0.00 0.00 TRACK
25.396	>>> V 0.00 0.00
25.397	S 30769 -17.05 24.70 0.00 0.00 TRACK
25.415	>>> V 0.00 0.00
25.415	S 30789 -17.05 24.70 0.00 0.00 TRACK
25.437	>>> V 0.00 0.00
25.438	S 30809 -17.05 24.70 0.00 0.00 TRACK
25.456	>>> V 0.00 0.00
25.457	S 30829 -17.05 24.70 0.00 0.00 TRACK
25.476	>>> V 0.00 0.00
25.476	S 30849 -17.05 24.70 0.00 0.00 TRACK
25.496	>>> V 0.00 0.00
25.496	S 30869 -17.05 24.70 0.00 0.00 TRACK
25.518	>>> V 0.00 0.00
25.519	S 30889 -17.05 24.79 0.00 0.00 TRACK
25.535	>>> V 0.00 0.00
25.536	S 30909 -17.05 24.70 0.00 0.00 TRACK
25.555	>>> V 0.00 0.00
25.555	S 30929 -17.05 24.79 0.00 0.00 TRACK
25.576	>>> V 0.00 0.00
25.577	S 30949 -17.05 24.70 0.00 0.00 TRACK
25.596	>>> V 0.00 0.00
25.596	S 30969 -17.05 24.70 0.00 0.00 TRACK
25.616	>>> V 0.00 0.00
25.617	S 30989 -17.05 24.70 0.00 0.00 TRACK
25.636	>>> V 0.00 0.00
25.636	S 31009 -17.05 24.70 0.00 0.00 TRACK
25.655	>>> V 0.00 0.00
25.655	S 31029 -17.05 24.70 0.00 0.00 TRACK
25.677	>>> V 0.00 0.00
25.677	S 31049 -17.05 24.70 0.00 0.00 TRACK
25.697	>>> V 0.00 0.00
25.698	S 31069 -17.05 24.79 0.00 0.00 TRACK
25.716	>>> V 0.00 0.00
25.716	S 31089 -17.05 24.79 0.00 0.00 TRACK
25.735	>>> V 0.00 0.00
25.736	S 31109 -17.05 24.70 0.00 0.00 TRACK
25.755	>>> V 0.00 0.00
25.756	S 31129 -17.05 24.70 0.00 0.00 TRACK
25.777	>>> V 0.00 0.00
25.778	S 31149 -17.05 24.70 0.00 0.00 TRACK
25.796	>>> V 0.00 0.00
25.796	S 31169 -17.05 24.70 0.00 0.00 TRACK
25.815	>>> V 0.00 0.00
25.816	S 31189 -17.05 24.79 0.00 0.00 TRACK
25.841	>>> V 0.00 0.00
25.841	S 31209 -17.05 24.70 0.00 0.00 TRACK
25.845	S 31229 -17.05 24.70 0.00 0.00 TRACK
25.855	>>> V 0.00 0.00
25.877	>>> V 0.00 0.00
25.878	S 31249 -17.05 24.70 0.00 0.00 TRACK
25.896	>>> V 0.00 0.00
25.897	S 31269 -17.05 24.70 0.00 0.00 TRACK
25.915	>>> V 0.00 0.00
25.916	S 31289 -17.05 24.70 0.00 0.00 TRACK
25.936	>>> V 0.00 0.00
25.937	S 31309 -17.05 24.70 0.00 0.00 TRACK
25.956	>>> V 0.00 0.00
25.957	S 31329 -17.05 24.70 0.00 0.00 TRACK
25.977	>>> V 0.00 0.00
25.978	S 31349 -17.05 24.70 0.00 0.00 TRACK
25.995	>>> V 0.00 0.00
25.997	S 31369 -17.05 24.70 0.00 0.00 TRACK
26.015	>>> V 0.00 0.00
26.015	S 31389 -17.05 24.70 0.00 0.00 TRACK
26.037	>>> V 0.00 0.00
26.038	S 31409 -17.05 24.70 0.00 0.00 TRACK
26.055	>>> V 0.00 0.00
26.057	S 31429 -17.05 24.70 0.00 0.00 TRACK
26.077	>>> V 0.00 0.00
26.077	S 31449 -17.05 24.70 0.00 0.00 TRACK
26.095	>>> V 0.00 0.00
26.096	S 31469 -17.05 24.70 0.00 0.00 TRACK
26.115	>>> V 0.00 0.00
26.115	S 31489 -17.05 24.70 0.00 0.00 TRACK
26.136	>>> V 0.00 0.00
26.137	S 31509 -17.05 24.70 0.00 0.00 TRACK
26.155	>>> V 0.00 0.00
26.155	S 31529 -17.05 24.70 0.00 0.00 TRACK
26.176	>>> V 0.00 0.00
26.178	S 31549 -17.05 24.70 0.00 0.00 TRACK
26.196	>>> V 0.00 0.00
26.196	S 31569 -17.05 24.70 0.00 0.00 TRACK
26.216	>>> V 0.00 0.00
26.217	S 31589 -17.05 24.70 0.00 0.00 TRACK
26.236	>>> V 0.00 0.00
26.236	S 31609 -17.05 24.70 0.00 0.00 TRACK
26.255	>>> V 0.00 0.00
26.255	S 31629 -17.05 24.70 0.00 0.00 TRACK
26.277	>>> V 0.00 0.00
26.277	S 31649 -17.05 24.70 0.00 0.00 TRACK
26.295	>>> V 0.00 0.00
26.296	S 31669 -17.05 24.70 0.00 0.00 TRACK
26.317	>>> V 0.00 0.00
26.318	S 31689 -17.05 24.70 0.00 0.00 TRACK
26.336	>>> V 0.00 0.00
26.338	S 31710 -17.05 24.70 0.00 0.00 TRACK
26.355	>>> V 0.00 0.00
26.356	S 31729 -17.05 24.70 0.00 0.00 TRACK
26.376	>>> V 0.00 0.00
26.377	S 31750 -17.05 24.70 0.00 0.00 TRACK
26.395	>>> V 0.00 0.00
26.397	S 31770 -17.05 24.70 0.00 0.00 TRACK
26.417	>>> V 0.00 0.00
26.417	S 31790 -17.05 24.70 0.00 0.00 TRACK
26.435	>>> V 0.00 0.00
26.436	S 31810 -17.05 24.70 0.00 0.00 TRACK
26.455	>>> V 0.00 0.00
26.456	S 31830 -17.05 24.70 0.00 0.00 TRACK
26.476	>>> V 0.00 0.00
26.477	S 31850 -17.05 24.70 0.00 0.00 TRACK
26.495	>>> V 0.00 0.00
26.497	S 31870 -17.05 24.79 0.00 0.00 TRACK
26.515	>>> V 0.00 0.00
26.516	S 31890 -17.05 24.70 0.00 0.00 TRACK
26.537	>>> V 0.00 0.00
26.538	S 31910 -17.05 24.70 0.00 0.00 TRACK
26.555	>>> V 0.00 0.00
26.555	S 31930 -17.05 24.70 0.00 0.00 TRACK
26.576	>>> V 0.00 0.00
26.577	S 31950 -17.05 24.70 0.00 0.00 TRACK
26.595	>>> V 0.00 0.00
26.596	S 31970 -17.05 24.70 0.00 0.00 TRACK
26.617	>>> V 0.00 0.00
26.617	S 31990 -17.05 24.70 0.00 0.00 TRACK
26.637	>>> V 0.00 0.00
26.637	S 32010 -17.05 24.70 0.00 0.00 TRACK
26.655	>>> V 0.00 0.00
26.655	S 32030 -17.05 24.70 0.00 0.00 TRACK
26.677	>>> V 0.00 0.00
26.677	S 32050 -17.05 24.70 0.00 0.00 TRACK
26.696	>>> V 0.00 0.00
26.697	S 32070 -17.05 24.79 0.00 0.00 TRACK
26.716	>>> V 0.00 0.00
26.717	S 32090 -17.05 24.70 0.00 0.00 TRACK
26.736	>>> V 0.00 0.00
26.737	S 32110 -17.05 24.70 0.00 0.00 TRACK
26.755	>>> V 0.00 0.00
26.755	S 32130 -17.05 24.70 0.00 0.00 TRACK
26.776	>>> V 0.00 0.00
26.777	S 32150 -17.05 24.70 0.00 0.00 TRACK
26.797	>>> V 0.00 0.00
26.797	S 32170 -17.05 24.70 0.00 0.00 TRACK
26.815	>>> V 0.00 0.00
26.816	S 32190 -17.05 24.70 0.00 0.00 TRACK
26.836	>>> V 0.00 0.00
26.836	S 32210 -17.05 24.70 0.00 0.00 TRACK
26.855	>>> V 0.00 0.00
26.856	S 32230 -17.05 24.70 0.00 0.00 TRACK
26.876	>>> V 0.00 0.00
26.876	S 32250 -17.05 24.70 0.00 0.00 TRACK
26.897	>>> V 0.00 0.00
26.897	S 32270 -17.05 24.70 0.00 0.00 TRACK
26.916	>>> V 0.00 0.00
26.916	S 32290 -17.05 24.70 0.00 0.00 TRACK
26.937	>>> V 0.00 0.00
26.938	S 32310 -17.05 24.70 0.00 0.00 TRACK
26.956	>>> V 0.00 0.00
26.956	S 32330 -17.05 24.70 0.00 0.00 TRACK
26.975	>>> V 0.00 0.00
26.975	S 32350 -17.05 24.70 0.00 0.00 TRACK
26.996	>>> V 0.00 0.00
26.997	S 32370 -17.05 24.70 0.00 0.00 TRACK
27.015	>>> V 0.00 0.00
27.016	S 32390 -17.05 24.70 0.00 0.00 TRACK
27.036	>>> V 0.00 0.00
27.037	S 32410 -17.05 24.70 0.00 0.00 TRACK
27.055	>>> V 0.00 0.00
27.055	S 32430 -17.05 24.70 0.00 0.00 TRACK
27.075	>>> V 0.00 0.00
27.076	S 32450 -17.05 24.70 0.00 0.00 TRACK
27.096	>>> V 0.00 0.00
27.097	S 32470 -17.05 24.79 0.00 0.00 TRACK
27.115	>>> V 0.00 0.00
27.115	S 32490 -17.05 24.70 0.00 0.00 TRACK
27.139	>>> V 0.00 0.00
27.140	S 32510 -17.05 24.70 0.00 0.00 TRACK
27.156	>>> V 0.00 0.00
27.157	S 32530 -17.05 24.70 0.00 0.00 TRACK
27.176	>>> V 0.00 0.00
27.176	S 32550 -17.05 24.70 0.00 0.00 TRACK
27.201	>>> V 0.00 0.00
27.203	S 32570 -17.05 24.70 0.00 0.00 TRACK
27.205	S 32590 -17.05 24.70 0.00 0.00 TRACK
27.216	>>> V 0.00 0.00
27.238	>>> V 0.00 0.00
27.239	S 32610 -17.05 24.70 0.00 0.00 TRACK
27.255	>>> V 0.00 0.00
27.256	S 32630 -17.05 24.79 0.00 0.00 TRACK
27.275	>>> V 0.00 0.00
27.275	S 32650 -17.05 24.70 0.00 0.00 TRACK
27.301	>>> V 0.00 0.00
27.302	S 32670 -17.05 24.70 0.00 0.00 TRACK
27.305	S 32690 -17.05 24.70 0.00 0.00 TRACK
27.316	>>> V 0.00 0.00
27.338	>>> V 0.00 0.00
27.338	S 32710 -17.05 24.70 0.00 0.00 TRACK
27.356	>>> V 0.00 0.00
27.356	S 32730 -17.05 24.70 0.00 0.00 TRACK
27.375	>>> V 0.00 0.00
27.375	S 32750 -17.05 24.70 0.00 0.00 TRACK
27.402	>>> V 0.00 0.00
27.403	S 32770 -17.05 24.70 0.00 0.00 TRACK
27.407	S 32790 -17.05 24.70 0.00 0.00 TRACK
27.418	>>> V 0.00 0.00
27.439	>>> V 0.00 0.00
27.439	S 32810 -17.05 24.70 0.00 0.00 TRACK
27.456	>>> V 0.00 0.00
27.456	S 32830 -17.05 24.70 0.00 0.00 TRACK
27.475	>>> V 0.00 0.00
27.476	S 32850 -17.05 24.70 0.00 0.00 TRACK
27.498	>>> V 0.00 0.00
27.501	S 32870 -17.05 24.70 0.00 0.00 TRACK
27.516	>>> V 0.00 0.00
27.516	S 32890 -17.05 24.70 0.00 0.00 TRACK
27.535	>>> V 0.00 0.00
27.537	S 32910 -17.05 24.70 0.00 0.00 TRACK
27.555	>>> V 0.00 0.00
27.555	S 32930 -17.05 24.70 0.00 0.00 TRACK
27.575	>>> V 0.00 0.00
27.575	S 32950 -17.05 24.70 0.00 0.00 TRACK
27.596	>>> V 0.00 0.00
27.597	S 32970 -17.05 24.70 0.00 0.00 TRACK
27.615	>>> V 0.00 0.00
27.615	S 32990 -17.05 24.70 0.00 0.00 TRACK
27.638	>>> V 0.00 0.00
27.639	S 33010 -17.05 24.70 0.00 0.00 TRACK
27.655	>>> V 0.00 0.00
27.656	S 33030 -17.05 24.70 0.00 0.00 TRACK
27.675	>>> V 0.00 0.00
27.676	S 33050 -17.05 24.70 0.00 0.00 TRACK
27.695	>>> V 0.00 0.00
27.696	S 33070 -17.05 24.70 0.00 0.00 TRACK
27.715	>>> V 0.00 0.00
27.716	S 33090 -17.05 24.70 0.00 0.00 TRACK
27.736	>>> V 0.00 0.00
27.736	S 33110 -17.05 24.70 0.00 0.00 TRACK
27.755	>>> V 0.00 0.00
27.756	S 33130 -17.05 24.70 0.00 0.00 TRACK
27.775	>>> V 0.00 0.00
27.775	S 33150 -17.05 24.79 0.00 0.00 TRACK
27.796	>>> V 0.00 0.00
27.797	S 33170 -17.05 24.70 0.00 0.00 TRACK
27.816	>>> V 0.00 0.00
27.816	S 33190 -17.05 24.70 0.00 0.00 TRACK
27.837	>>> V 0.00 0.00
27.838	S 33210 -17.05 24.70 0.00 0.00 TRACK
27.855	>>> V 0.00 0.00
27.856	S 33230 -17.05 24.70 0.00 0.00 TRACK
27.875	>>> V 0.00 0.00
27.875	S 33250 -17.05 24.70 0.00 0.00 TRACK
27.904	>>> V 0.00 0.00
27.905	S 33270 -17.05 24.70 0.00 0.00 TRACK
27.906	S 33290 -17.05 24.70 0.00 0.00 TRACK
27.915	>>> V 0.00 0.00
27.939	>>> V 0.00 0.00
27.939	S 33310 -17.05 24.79 0.00 0.00 TRACK
27.955	>>> V 0.00 0.00
27.955	S 33330 -17.05 24.70 0.00 0.00 TRACK
27.975	>>> V 0.00 0.00
27.976	S 33350 -17.05 24.70 0.00 0.00 TRACK
28.001	>>> V 0.00 0.00
28.002	S 33370 -17.05 24.70 0.00 0.00 TRACK
28.003	S 33390 -17.05 24.70 0.00 0.00 TRACK
28.016	>>> V 0.00 0.00
28.038	>>> V 0.00 0.00
28.040	S 33410 -17.05 24.79 0.00 0.00 TRACK
28.055	>>> V 0.00 0.00
28.055	S 33430 -17.05 24.70 0.00 0.00 TRACK
28.076	>>> V 0.00 0.00
28.076	S 33450 -17.05 24.70 0.00 0.00 TRACK
28.098	>>> V 0.00 0.00
28.099	S 33470 -17.05 24.70 0.00 0.00 TRACK
28.115	>>> V 0.00 0.00
28.116	S 33490 -17.05 24.70 0.00 0.00 TRACK
28.137	>>> V 0.00 0.00
28.138	S 33510 -17.05 24.79 0.00 0.00 TRACK
28.155	>>> V 0.00 0.00
28.157	S 33530 -17.05 24.70 0.00 0.00 TRACK
28.176	>>> V 0.00 0.00
28.176	S 33550 -17.05 24.70 0.00 0.00 TRACK
28.195	>>> V 0.00 0.00
28.196	S 33570 -17.05 24.70 0.00 0.00 TRACK
28.215	>>> V 0.00 0.00
28.215	S 33590 -17.05 24.70 0.00 0.00 TRACK
28.239	>>> V 0.00 0.00
28.239	S 33610 -17.05 24.70 0.00 0.00 TRACK
28.255	>>> V 0.00 0.00
28.256	S 33630 -17.05 24.70 0.00 0.00 TRACK
28.275	>>> V 0.00 0.00
28.275	S 33650 -17.05 24.70 0.00 0.00 TRACK
28.298	>>> V 0.00 0.00
28.299	S 33670 -17.05 24.70 0.00 0.00 TRACK
28.316	>>> V 0.00 0.00
28.316	S 33690 -17.05 24.70 0.00 0.00 TRACK
28.337	>>> V 0.00 0.00
28.338	S 33710 -17.05 24.70 0.00 0.00 TRACK
28.355	>>> V 0.00 0.00
28.356	S 33730 -17.05 24.70 0.00 0.00 TRACK
28.378	>>> V 0.00 0.00
28.378	S 33750 -17.05 24.70 0.00 0.00 TRACK
28.396	>>> V 0.00 0.00
28.396	S 33770 -17.05 24.70 0.00 0.00 TRACK
28.415	>>> V 0.00 0.00
28.415	S 33790 -17.05 24.70 0.00 0.00 TRACK
28.438	>>> V 0.00 0.00
28.438	S 33810 -17.05 24.70 0.00 0.00 TRACK
28.455	>>> V 0.00 0.00
28.456	S 33830 -17.05 24.70 0.00 0.00 TRACK
28.476	>>> V 0.00 0.00
28.477	S 33850 -17.05 24.70 0.00 0.00 TRACK
28.495	>>> V 0.00 0.00
28.496	S 33870 -17.05 24.79 0.00 0.00 TRACK
28.515	>>> V 0.00 0.00
28.515	S 33890 -17.05 24.70 0.00 0.00 TRACK
28.536	>>> V 0.00 0.00
28.536	S 33910 -17.05 24.70 0.00 0.00 TRACK
28.556	>>> V 0.00 0.00
28.556	S 33930 -17.05 24.70 0.00 0.00 TRACK
28.576	>>> V 0.00 0.00
28.577	S 33950 -17.05 24.70 0.00 0.00 TRACK
28.596	>>> V 0.00 0.00
28.596	S 33970 -17.05 24.79 0.00 0.00 TRACK
28.615	>>> V 0.00 0.00
28.615	S 33990 -17.05 24.70 0.00 0.00 TRACK
28.637	>>> V 0.00 0.00
28.638	S 34010 -17.05 24.70 0.00 0.00 TRACK
28.655	>>> V 0.00 0.00
28.657	S 34030 -17.05 24.70 0.00 0.00 TRACK
28.677	>>> V 0.00 0.00
28.678	S 34050 -17.05 24.70 0.00 0.00 TRACK
28.695	>>> V 0.00 0.00
28.696	S 34070 -17.05 24.70 0.00 0.00 TRACK
28.715	>>> V 0.00 0.00
28.716	S 34090 -17.05 24.70 0.00 0.00 TRACK
28.736	>>> V 0.00 0.00
28.738	S 34110 -17.05 24.70 0.00 0.00 TRACK
28.755	>>> V 0.00 0.00
28.755	S 34130 -17.05 24.70 0.00 0.00 TRACK
28.777	>>> V 0.00 0.00
28.777	S 34150 -17.05 24.70 0.00 0.00 TRACK
28.796	>>> V 0.00 0.00
28.796	S 34170 -17.05 24.70 0.00 0.00 TRACK
28.817	>>> V 0.00 0.00
28.817	S 34190 -17.05 24.70 0.00 0.00 TRACK
28.836	>>> V 0.00 0.00
28.837	S 34210 -17.05 24.79 0.00 0.00 TRACK
28.855	>>> V 0.00 0.00
28.855	S 34230 -17.05 24.70 0.00 0.00 TRACK
28.876	>>> V 0.00 0.00
28.877	S 34250 -17.05 24.70 0.00 0.00 TRACK
28.896	>>> V 0.00 0.00
28.896	S 34270 -17.05 24.70 0.00 0.00 TRACK
28.916	>>> V 0.00 0.00
28.917	S 34290 -17.05 24.70 0.00 0.00 TRACK
28.936	>>> V 0.00 0.00
28.936	S 34310 -17.05 24.70 0.00 0.00 TRACK
28.955	>>> V 0.00 0.00
28.955	S 34330 -17.05 24.79 0.00 0.00 TRACK
28.977	>>> V 0.00 0.00
28.977	S 34350 -17.05 24.70 0.00 0.00 TRACK
28.995	>>> V 0.00 0.00
28.996	S 34370 -17.05 24.70 0.00 0.00 TRACK
29.016	>>> V 0.00 0.00
29.018	S 34390 -17.05 24.70 0.00 0.00 TRACK
29.035	>>> V 0.00 0.00
29.037	S 34410 -17.05 24.70 0.00 0.00 TRACK
29.058	>>> V 0.00 0.00
29.059	S 34430 -17.05 24.70 0.00 0.00 TRACK
29.076	>>> V 0.00 0.00
29.077	S 34450 -17.05 24.70 0.00 0.00 TRACK
29.095	>>> V 0.00 0.00
29.095	S 34470 -17.05 24.70 0.00 0.00 TRACK
29.117	>>> V 0.00 0.00
29.118	S 34490 -17.05 24.70 0.00 0.00 TRACK
29.137	>>> V 0.00 0.00
29.138	S 34510 -17.05 24.70 0.00 0.00 TRACK
29.156	>>> V 0.00 0.00
29.157	S 34530 -17.05 24.70 0.00 0.00 TRACK
29.175	>>> V 0.00 0.00
29.176	S 34550 -17.05 24.70 0.00 0.00 TRACK
29.195	>>> V 0.00 0.00
29.195	S 34570 -17.05 24.79 0.00 0.00 TRACK
29.217	>>> V 0.00 0.00
29.218	S 34590 -17.05 24.70 0.00 0.00 TRACK
29.235	>>> V 0.00 0.00
29.236	S 34610 -17.05 24.70 0.00 0.00 TRACK
29.257	>>> V 0.00 0.00
29.258	S 34630 -17.05 24.70 0.00 0.00 TRACK
29.278	>>> V 0.00 0.00
29.279	S 34650 -17.05 24.70 0.00 0.00 TRACK
29.295	>>> V 0.00 0.00
29.297	S 34670 -17.05 24.70 0.00 0.00 TRACK
29.317	>>> V 0.00 0.00
29.317	S 34690 -17.05 24.70 0.00 0.00 TRACK
29.335	>>> V 0.00 0.00
29.337	S 34710 -17.05 24.70 0.00 0.00 TRACK
29.355	>>> V 0.00 0.00
29.355	S 34730 -17.05 24.70 0.00 0.00 TRACK
29.375	>>> V 0.00 0.00
29.375	S 34750 -17.05 24.70 0.00 0.00 TRACK
29.396	>>> V 0.00 0.00
29.396	S 34770 -17.05 24.70 0.00 0.00 TRACK
29.415	>>> V 0.00 0.00
29.415	S 34790 -17.05 24.70 0.00 0.00 TRACK
29.438	>>> V 0.00 0.00
29.439	S 34810 -17.05 24.70 0.00 0.00 TRACK
29.456	>>> V 0.00 0.00
29.457	S 34830 -17.05 24.70 0.00 0.00 TRACK
29.476	>>> V 0.00 0.00
29.477	S 34850 -17.05 24.70 0.00 0.00 TRACK
29.501	>>> V 0.00 0.00
29.503	S 34870 -17.05 24.70 0.00 0.00 TRACK
29.506	S 34890 -17.05 24.70 0.00 0.00 TRACK
29.515	>>> V 0.00 0.00
29.536	>>> V 0.00 0.00
29.537	S 34910 -17.05 24.70 0.00 0.00 TRACK
29.555	>>> V 0.00 0.00
29.556	S 34930 -17.05 24.70 0.00 0.00 TRACK
29.575	>>> V 0.00 0.00
29.576	S 34950 -17.05 24.70 0.00 0.00 TRACK
29.596	>>> V 0.00 0.00
29.597	S 34970 -17.05 24.79 0.00 0.00 TRACK
29.615	>>> V 0.00 0.00
29.615	S 34990 -17.05 24.70 0.00 0.00 TRACK
29.640	>>> V 0.00 0.00
29.640	S 35010 -17.05 24.70 0.00 0.00 TRACK
29.656	>>> V 0.00 0.00
29.658	S 35030 -17.05 24.70 0.00 0.00 TRACK
29.675	>>> V 0.00 0.00
29.675	S 35050 -17.05 24.70 0.00 0.00 TRACK
29.696	>>> V 0.00 0.00
29.696	S 35070 -17.05 24.70 0.00 0.00 TRACK
29.715	>>> V 0.00 0.00
29.716	S 35090 -17.05 24.70 0.00 0.00 TRACK
29.739	>>> V 0.00 0.00
29.740	S 35110 -17.05 24.70 0.00 0.00 TRACK
29.756	>>> V 0.00 0.00
29.757	S 35130 -17.05 24.70 0.00 0.00 TRACK
29.775	>>> V 0.00 0.00
29.776	S 35150 -17.05 24.70 0.00 0.00 TRACK
29.795	>>> V 0.00 0.00
29.796	S 35170 -17.05 24.70 0.00 0.00 TRACK
29.815	>>> V 0.00 0.00
29.818	S 35190 -17.05 24.70 0.00 0.00 TRACK
29.837	>>> V 0.00 0.00
29.838	S 35210 -17.05 24.70 0.00 0.00 TRACK
29.856	>>> V 0.00 0.00
29.856	S 35230 -17.05 24.70 0.00 0.00 TRACK
29.875	>>> V 0.00 0.00
29.875	S 35250 -17.05 24.70 0.00 0.00 TRACK
29.895	>>> V 0.00 0.00
29.896	S 35270 -17.05 24.70 0.00 0.00 TRACK
29.915	>>> V 0.00 0.00
29.916	S 35290 -17.05 24.70 0.00 0.00 TRACK
29.940	>>> V 0.00 0.00
29.941	S 35310 -17.05 24.70 0.00 0.00 TRACK
29.943	S 35330 -17.05 24.79 0.00 0.00 TRACK
29.955	>>> V 0.00 0.00
29.976	>>> V 0.00 0.00
29.976	S 35350 -17.05 24.70 0.00 0.00 TRACK
29.996	>>> V 0.00 0.00
29.996	S 35370 -17.05 24.70 0.00 0.00 TRACK
30.015	>>> V 0.00 0.00
30.016	S 35390 -17.05 24.70 0.00 0.00 TRACK
30.039	>>> V 0.00 0.00
30.039	S 35410 -17.05 24.70 0.00 0.00 TRACK
30.056	>>> V 0.00 0.00
30.056	S 35430 -17.05 24.70 0.00 0.00 TRACK
30.076	>>> V 0.00 0.00
30.076	S 35450 -17.05 24.70 0.00 0.00 TRACK
30.095	>>> V 0.00 0.00
30.096	S 35470 -17.05 24.70 0.00 0.00 TRACK
30.115	>>> V 0.00 0.00
30.116	S 35490 -17.05 24.70 0.00 0.00 TRACK
30.137	>>> V 0.00 0.00
30.140	S 35510 -17.05 24.70 0.00 0.00 TRACK
30.155	>>> V 0.00 0.00
30.157	S 35530 -17.05 24.70 0.00 0.00 TRACK
30.176	>>> V 0.00 0.00
30.176	S 35550 -17.05 24.70 0.00 0.00 TRACK
30.196	>>> V 0.00 0.00
30.198	S 35570 -17.05 24.70 0.00 0.00 TRACK
30.215	>>> V 0.00 0.00
30.216	S 35590 -17.05 24.70 0.00 0.00 TRACK
30.237	>>> V 0.00 0.00
30.238	S 35610 -17.05 24.70 0.00 0.00 TRACK
30.257	>>> V 0.00 0.00
30.258	S 35630 -17.05 24.70 0.00 0.00 TRACK
30.275	>>> V 0.00 0.00
30.275	S 35650 -17.05 24.70 0.00 0.00 TRACK
30.296	>>> V 0.00 0.00
30.297	S 35670 -17.05 24.70 0.00 0.00 TRACK
30.316	>>> V 0.00 0.00
30.317	S 35690 -17.05 24.70 0.00 0.00 TRACK
30.336	>>> V 0.00 0.00
30.338	S 35710 -17.05 24.70 0.00 0.00 TRACK
30.356	>>> V 0.00 0.00
30.357	S 35730 -17.05 24.70 0.00 0.00 TRACK
30.377	>>> V 0.00 0.00
30.377	S 35750 -17.05 24.70 0.00 0.00 TRACK
30.403	>>> V 0.00 0.00
30.405	S 35770 -17.05 24.70 0.00 0.00 TRACK
30.407	S 35790 -17.05 24.70 0.00 0.00 TRACK
30.415	>>> V 0.00 0.00
30.440	>>> V 0.00 0.00
30.441	S 35810 -17.05 24.79 0.00 0.00 TRACK
30.442	S 35830 -17.05 24.70 0.00 0.00 TRACK
30.455	>>> V 0.00 0.00
30.475	>>> V 0.00 0.00
30.476	S 35850 -17.05 24.70 0.00 0.00 TRACK
30.496	>>> V 0.00 0.00
30.497	S 35870 -17.05 24.70 0.00 0.00 TRACK
30.515	>>> V 0.00 0.00
30.516	S 35890 -17.05 24.70 0.00 0.00 TRACK
30.539	>>> V 0.00 0.00
30.541	S 35910 -17.05 24.70 0.00 0.00 TRACK
30.556	>>> V 0.00 0.00
30.557	S 35930 -17.05 24.70 0.00 0.00 TRACK
30.577	>>> V 0.00 0.00
30.577	S 35950 -17.05 24.70 0.00 0.00 TRACK
30.599	>>> V 0.00 0.00
30.602	S 35970 -17.05 24.70 0.00 0.00 TRACK
30.616	>>> V 0.00 0.00
30.616	S 35990 -17.05 24.70 0.00 0.00 TRACK
30.637	>>> V 0.00 0.00
30.639	S 36010 -17.05 24.70 0.00 0.00 TRACK
30.656	>>> V 0.00 0.00
30.657	S 36030 -17.05 24.70 0.00 0.00 TRACK
30.676	>>> V 0.00 0.00
30.677	S 36050 -17.05 24.70 0.00 0.00 TRACK
30.696	>>> V 0.00 0.00
30.696	S 36070 -17.05 24.70 0.00 0.00 TRACK
30.715	>>> V 0.00 0.00
30.716	S 36090 -17.05 24.70 0.00 0.00 TRACK
30.738	>>> V 0.00 0.00
30.739	S 36110 -17.05 24.70 0.00 0.00 TRACK
30.755	>>> V 0.00 0.00
30.757	S 36130 -17.05 24.79 0.00 0.00 TRACK
30.776	>>> V 0.00 0.00
30.777	S 36150 -17.05 24.70 0.00 0.00 TRACK
30.797	>>> V 0.00 0.00
30.797	S 36170 -17.05 24.70 0.00 0.00 TRACK
30.816	>>> V 0.00 0.00
30.817	S 36190 -17.05 24.70 0.00 0.00 TRACK
30.840	>>> V 0.00 0.00
30.840	S 36210 -17.05 24.70 0.00 0.00 TRACK
30.856	>>> V 0.00 0.00
30.857	S 36230 -17.05 24.70 0.00 0.00 TRACK
30.876	>>> V 0.00 0.00
30.876	S 36250 -17.05 24.70 0.00 0.00 TRACK
30.896	>>> V 0.00 0.00
30.896	S 36270 -17.05 24.70 0.00 0.00 TRACK
30.915	>>> V 0.00 0.00
30.916	S 36290 -17.05 24.70 0.00 0.00 TRACK
30.940	>>> V 0.00 0.00
30.940	S 36310 -17.05 24.70 0.00 0.00 TRACK
30.956	>>> V 0.00 0.00
30.956	S 36330 -17.05 24.70 0.00 0.00 TRACK
30.977	>>> V 0.00 0.00
30.978	S 36350 -17.05 24.70 0.00 0.00 TRACK
31.000	>>> V 0.00 0.00
31.001	S 36370 -17.05 24.70 0.00 0.00 TRACK
31.015	>>> V 0.00 0.00
31.015	S 36390 -17.05 24.70 0.00 0.00 TRACK
31.038	>>> V 0.00 0.00
31.039	S 36410 -17.05 24.70 0.00 0.00 TRACK
31.056	>>> V 0.00 0.00
31.057	S 36430 -17.05 24.70 0.00 0.00 TRACK
31.077	>>> V 0.00 0.00
31.078	S 36450 -17.05 24.70 0.00 0.00 TRACK
31.096	>>> V 0.00 0.00
31.096	S 36470 -17.05 24.70 0.00 0.00 TRACK
31.118	>>> V 0.00 0.00
31.119	S 36490 -17.05 24.70 0.00 0.00 TRACK
31.138	>>> V 0.00 0.00
31.139	S 36510 -17.05 24.70 0.00 0.00 TRACK
31.156	>>> V 0.00 0.00
31.156	S 36530 -17.05 24.70 0.00 0.00 TRACK
31.175	>>> V 0.00 0.00
31.175	S 36550 -17.05 24.70 0.00 0.00 TRACK
31.200	>>> V 0.00 0.00
31.201	S 36570 -17.05 24.70 0.00 0.00 TRACK
31.205	S 36590 -17.05 24.70 0.00 0.00 TRACK
31.215	>>> V 0.00 0.00
31.237	>>> V 0.00 0.00
31.237	S 36610 -17.05 24.70 0.00 0.00 TRACK
31.256	>>> V 0.00 0.00
31.257	S 36630 -17.05 24.70 0.00 0.00 TRACK
31.275	>>> V 0.00 0.00
31.276	S 36650 -17.05 24.70 0.00 0.00 TRACK
31.295	>>> V 0.00 0.00
31.296	S 36670 -17.05 24.70 0.00 0.00 TRACK
31.315	>>> V 0.00 0.00
31.315	S 36690 -17.05 24.70 0.00 0.00 TRACK
31.337	>>> V 0.00 0.00
31.338	S 36710 -17.05 24.70 0.00 0.00 TRACK
31.356	>>> V 0.00 0.00
31.357	S 36730 -17.05 24.70 0.00 0.00 TRACK
31.376	>>> V 0.00 0.00
31.376	S 36750 -17.05 24.70 0.00 0.00 TRACK
31.396	>>> V 0.00 0.00
31.396	S 36770 -17.05 24.70 0.00 0.00 TRACK
31.415	>>> V 0.00 0.00
31.416	S 36790 -17.05 24.70 0.00 0.00 TRACK
31.437	>>> V 0.00 0.00
31.439	S 36810 -17.05 24.70 0.00 0.00 TRACK
31.456	>>> V 0.00 0.00
31.457	S 36830 -17.05 24.70 0.00 0.00 TRACK
31.475	>>> V 0.00 0.00
31.476	S 36850 -17.05 24.70 0.00 0.00 TRACK
31.495	>>> V 0.00 0.00
31.496	S 36870 -17.05 24.70 0.00 0.00 TRACK
31.515	>>> V 0.00 0.00
31.515	S 36890 -17.05 24.70 0.00 0.00 TRACK
31.537	>>> V 0.00 0.00
31.538	S 36910 -17.05 24.70 0.00 0.00 TRACK
31.556	>>> V 0.00 0.00
31.558	S 36930 -17.05 24.70 0.00 0.00 TRACK
31.576	>>> V 0.00 0.00
31.576	S 36950 -17.05 24.70 0.00 0.00 TRACK
31.595	>>> V 0.00 0.00
31.595	S 36970 -17.05 24.70 0.00 0.00 TRACK
31.616	>>> V 0.00 0.00
31.617	S 36990 -17.05 24.70 0.00 0.00 TRACK
31.639	>>> V 0.00 0.00
31.641	S 37010 -17.05 24.70 0.00 0.00 TRACK
31.655	>>> V 0.00 0.00
31.656	S 37030 -17.05 24.79 0.00 0.00 TRACK
31.678	>>> V 0.00 0.00
31.679	S 37050 -17.05 24.70 0.00 0.00 TRACK
31.695	>>> V 0.00 0.00
31.698	S 37070 -17.05 24.79 0.00 0.00 TRACK
31.715	>>> V 0.00 0.00
31.716	S 37090 -17.05 24.70 0.00 0.00 TRACK
31.740	>>> V 0.00 0.00
31.741	S 37110 -17.05 24.70 0.00 0.00 TRACK
31.756	>>> V 0.00 0.00
31.757	S 37130 -17.05 24.70 0.00 0.00 TRACK
31.777	>>> V 0.00 0.00
31.778	S 37150 -17.05 24.79 0.00 0.00 TRACK
31.797	>>> V 0.00 0.00
31.797	S 37170 -17.05 24.70 0.00 0.00 TRACK
31.815	>>> V 0.00 0.00
31.816	S 37190 -17.05 24.70 0.00 0.00 TRACK
31.838	>>> V 0.00 0.00
31.839	S 37210 -17.05 24.70 0.00 0.00 TRACK
31.855	>>> V 0.00 0.00
31.856	S 37230 -17.05 24.70 0.00 0.00 TRACK
31.875	>>> V 0.00 0.00
31.876	S 37250 -17.05 24.70 0.00 0.00 TRACK
31.896	>>> V 0.00 0.00
31.896	S 37270 -17.05 24.70 0.00 0.00 TRACK
31.915	>>> V 0.00 0.00
31.916	S 37290 -17.05 24.70 0.00 0.00 TRACK
31.939	>>> V 0.00 0.00
31.939	S 37310 -17.05 24.70 0.00 0.00 TRACK
31.956	>>> V 0.00 0.00
31.956	S 37330 -17.05 24.70 0.00 0.00 TRACK
31.976	>>> V 0.00 0.00
31.976	S 37350 -17.05 24.70 0.00 0.00 TRACK
31.996	>>> V 0.00 0.00
31.996	S 37370 -17.05 24.70 0.00 0.00 TRACK
32.015	>>> V 0.00 0.00
32.015	S 37390 -17.05 24.70 0.00 0.00 TRACK
32.035	>>> V 0.00 0.00
32.035	S 37410 -17.05 24.70 0.00 0.00 TRACK
32.055	>>> V 0.00 0.00
32.055	S 37430 -17.05 24.70 0.00 0.00 TRACK
32.076	>>> V 0.00 0.00
32.076	S 37450 -17.05 24.79 0.00 0.00 TRACK
32.096	>>> V 0.00 0.00
32.096	S 37470 -17.05 24.70 0.00 0.00 TRACK
32.115	>>> V 0.00 0.00
32.115	S 37490 -17.05 24.70 0.00 0.00 TRACK
32.137	>>> V 0.00 0.00
32.138	S 37510 -17.05 24.70 0.00 0.00 TRACK
32.155	>>> V 0.00 0.00
32.157	S 37530 -17.05 24.70 0.00 0.00 TRACK
32.176	>>> V 0.00 0.00
32.176	S 37550 -17.05 24.70 0.00 0.00 TRACK
32.195	>>> V 0.00 0.00
32.195	S 37570 -17.05 24.70 0.00 0.00 TRACK
32.215	>>> V 0.00 0.00
32.216	S 37590 -17.05 24.70 0.00 0.00 TRACK
32.236	>>> V 0.00 0.00
32.237	S 37610 -17.05 24.70 0.00 0.00 TRACK
32.255	>>> V 0.00 0.00
32.255	S 37630 -17.05 24.70 0.00 0.00 TRACK
32.276	>>> V 0.00 0.00
32.277	S 37650 -17.05 24.70 0.00 0.00 TRACK
32.295	>>> V 0.00 0.00
32.296	S 37670 -17.05 24.70 0.00 0.00 TRACK
32.317	>>> V 0.00 0.00
32.318	S 37690 -17.05 24.70 0.00 0.00 TRACK
32.335	>>> V 0.00 0.00
32.336	S 37710 -17.05 24.70 0.00 0.00 TRACK
32.355	>>> V 0.00 0.00
32.356	S 37730 -17.05 24.70 0.00 0.00 TRACK
32.376	>>> V 0.00 0.00
32.377	S 37750 -17.05 24.70 0.00 0.00 TRACK
32.395	>>> V 0.00 0.00
32.396	S 37770 -17.05 24.79 0.00 0.00 TRACK
32.417	>>> V 0.00 0.00
32.418	S 37790 -17.05 24.70 0.00 0.00 TRACK
32.435	>>> V 0.00 0.00
32.436	S 37810 -17.05 24.70 0.00 0.00 TRACK
32.455	>>> V 0.00 0.00
32.456	S 37830 -17.05 24.70 0.00 0.00 TRACK
32.476	>>> V 0.00 0.00
32.476	S 37850 -17.05 24.79 0.00 0.00 TRACK
32.495	>>> V 0.00 0.00
32.496	S 37870 -17.05 24.70 0.00 0.00 TRACK
32.518	>>> V 0.00 0.00
32.519	S 37890 -17.05 24.70 0.00 0.00 TRACK
32.536	>>> V 0.00 0.00
32.536	S 37910 -17.05 24.70 0.00 0.00 TRACK
32.556	>>> V 0.00 0.00
32.557	S 37930 -17.05 24.70 0.00 0.00 TRACK
32.575	>>> V 0.00 0.00
32.577	S 37950 -17.05 24.70 0.00 0.00 TRACK
32.595	>>> V 0.00 0.00
32.595	S 37970 -17.05 24.79 0.00 0.00 TRACK
32.617	>>> V 0.00 0.00
32.618	S 37990 -17.05 24.70 0.00 0.00 TRACK
32.635	>>> V 0.00 0.00
32.635	S 38010 -17.05 24.70 0.00 0.00 TRACK
32.656	>>> V 0.00 0.00
32.656	S 38030 -17.05 24.70 0.00 0.00 TRACK
32.676	>>> V 0.00 0.00
32.676	S 38050 -17.05 24.79 0.00 0.00 TRACK
32.697	>>> V 0.00 0.00
32.697	S 38070 -17.05 24.70 0.00 0.00 TRACK
32.717	>>> V 0.00 0.00
32.717	S 38090 -17.05 24.70 0.00 0.00 TRACK
32.736	>>> V 0.00 0.00
32.736	S 38110 -17.05 24.70 0.00 0.00 TRACK
32.755	>>> V 0.00 0.00
32.756	S 38130 -17.05 24.70 0.00 0.00 TRACK
32.778	>>> V 0.00 0.00
32.779	S 38150 -17.05 24.70 0.00 0.00 TRACK
32.795	>>> V 0.00 0.00
32.796	S 38170 -17.05 24.70 0.00 0.00 TRACK
32.817	>>> V 0.00 0.00
32.817	S 38190 -17.05 24.79 0.00 0.00 TRACK
32.836	>>> V 0.00 0.00
32.836	S 38210 -17.05 24.70 0.00 0.00 TRACK
32.856	>>> V 0.00 0.00
32.857	S 38230 -17.05 24.70 0.00 0.00 TRACK
32.876	>>> V 0.00 0.00
32.877	S 38250 -17.05 24.70 0.00 0.00 TRACK
32.895	>>> V 0.00 0.00
32.897	S 38270 -17.05 24.70 0.00 0.00 TRACK
32.916	>>> V 0.00 0.00
32.917	S 38290 -17.05 24.70 0.00 0.00 TRACK
32.935	>>> V 0.00 0.00
32.937	S 38310 -17.05 24.70 0.00 0.00 TRACK
32.955	>>> V 0.00 0.00
32.956	S 38330 -17.05 24.70 0.00 0.00 TRACK
32.976	>>> V 0.00 0.00
32.976	S 38350 -17.05 24.70 0.00 0.00 TRACK
32.996	>>> V 0.00 0.00
32.996	S 38370 -17.05 24.70 0.00 0.00 TRACK
33.015	>>> V 0.00 0.00
33.016	S 38390 -17.05 24.70 0.00 0.00 TRACK
33.035	>>> V 0.00 0.00
33.036	S 38410 -17.05 24.70 0.00 0.00 TRACK
33.055	>>> V 0.00 0.00
33.056	S 38430 -17.05 24.70 0.00 0.00 TRACK
33.076	>>> V 0.00 0.00
33.077	S 38450 -17.05 24.70 0.00 0.00 TRACK
33.096	>>> V 0.00 0.00
33.097	S 38470 -17.05 24.70 0.00 0.00 TRACK
33.117	>>> V 0.00 0.00
33.117	S 38490 -17.05 24.70 0.00 0.00 TRACK
33.136	>>> V 0.00 0.00
33.138	S 38510 -17.05 24.70 0.00 0.00 TRACK
33.155	>>> V 0.00 0.00
33.155	S 38530 -17.05 24.70 0.00 0.00 TRACK
33.177	>>> V 0.00 0.00
33.178	S 38550 -17.05 24.70 0.00 0.00 TRACK
33.195	>>> V 0.00 0.00
33.196	S 38570 -17.05 24.70 0.00 0.00 TRACK
33.215	>>> V 0.00 0.00
33.216	S 38590 -17.05 24.70 0.00 0.00 TRACK
33.236	>>> V 0.00 0.00
33.237	S 38610 -17.05 24.70 0.00 0.00 TRACK
33.255	>>> V 0.00 0.00
33.256	S 38630 -17.05 24.70 0.00 0.00 TRACK
33.276	>>> V 0.00 0.00
33.279	S 38650 -17.05 24.70 0.00 0.00 TRACK
33.296	>>> V 0.00 0.00
33.296	S 38670 -17.05 24.70 0.00 0.00 TRACK
33.315	>>> V 0.00 0.00
33.315	S 38690 -17.05 24.70 0.00 0.00 TRACK
33.337	>>> V 0.00 0.00
33.338	S 38710 -17.05 24.70 0.00 0.00 TRACK
33.356	>>> V 0.00 0.00
33.357	S 38730 -17.05 24.70 0.00 0.00 TRACK
33.375	>>> V 0.00 0.00
33.377	S 38750 -17.05 24.70 0.00 0.00 TRACK
33.395	>>> V 0.00 0.00
33.395	S 38770 -17.05 24.79 0.00 0.00 TRACK
33.415	>>> V 0.00 0.00
33.415	S 38790 -17.05 24.70 0.00 0.00 TRACK
33.437	>>> V 0.00 0.00
33.438	S 38810 -17.05 24.70 0.00 0.00 TRACK
33.455	>>> V 0.00 0.00
33.456	S 38830 -17.05 24.70 0.00 0.00 TRACK
33.477	>>> V 0.00 0.00
33.478	S 38850 -17.05 24.70 0.00 0.00 TRACK
33.496	>>> V 0.00 0.00
33.496	S 38870 -17.05 24.70 0.00 0.00 TRACK
33.516	>>> V 0.00 0.00
33.516	S 38890 -17.05 24.70 0.00 0.00 TRACK
33.540	>>> V 0.00 0.00
33.541	S 38910 -17.05 24.70 0.00 0.00 TRACK
33.556	>>> V 0.00 0.00
33.556	S 38930 -17.05 24.70 0.00 0.00 TRACK
33.578	>>> V 0.00 0.00
33.578	S 38950 -17.05 24.70 0.00 0.00 TRACK
33.596	>>> V 0.00 0.00
33.597	S 38970 -17.05 24.79 0.00 0.00 TRACK
33.615	>>> V 0.00 0.00
33.615	S 38990 -17.05 24.70 0.00 0.00 TRACK
33.644	>>> V 0.00 0.00
33.644	S 39010 -17.05 24.70 0.00 0.00 TRACK
33.645	S 39030 -17.05 24.70 0.00 0.00 TRACK
33.656	>>> V 0.00 0.00
33.677	>>> V 0.00 0.00
33.678	S 39050 -17.05 24.70 0.00 0.00 TRACK
33.696	>>> V 0.00 0.00
33.697	S 39070 -17.05 24.70 0.00 0.00 TRACK
33.715	>>> V 0.00 0.00
33.715	S 39090 -17.05 24.70 0.00 0.00 TRACK
33.736	>>> V 0.00 0.00
33.737	S 39110 -17.05 24.70 0.00 0.00 TRACK
33.755	>>> V 0.00 0.00
33.756	S 39130 -17.05 24.70 0.00 0.00 TRACK
33.777	>>> V 0.00 0.00
33.777	S 39150 -17.05 24.70 0.00 0.00 TRACK
33.796	>>> V 0.00 0.00
33.796	S 39170 -17.05 24.70 0.00 0.00 TRACK
33.816	>>> V 0.00 0.00
33.817	S 39190 -17.05 24.70 0.00 0.00 TRACK
33.836	>>> V 0.00 0.00
33.836	S 39210 -17.05 24.70 0.00 0.00 TRACK
33.856	>>> V 0.00 0.00
33.856	S 39231 -17.05 24.70 0.00 0.00 TRACK
33.876	>>> V 0.00 0.00
33.876	S 39251 -17.05 24.70 0.00 0.00 TRACK
33.895	>>> V 0.00 0.00
33.895	S 39270 -17.05 24.70 0.00 0.00 TRACK
33.915	>>> V 0.00 0.00
33.915	S 39291 -17.05 24.70 0.00 0.00 TRACK
33.935	>>> V 0.00 0.00
33.935	S 39311 -17.05 24.70 0.00 0.00 TRACK
33.955	>>> V 0.00 0.00
33.955	S 39331 -17.05 24.70 0.00 0.00 TRACK
33.975	>>> V 0.00 0.00
33.975	S 39351 -17.05 24.70 0.00 0.00 TRACK
33.995	>>> V 0.00 0.00
33.996	S 39371 -17.05 24.70 0.00 0.00 TRACK
34.015	>>> V 0.00 0.00
34.017	S 39391 -17.05 24.70 0.00 0.00 TRACK
34.037	>>> V 0.00 0.00
34.038	S 39411 -17.05 24.70 0.00 0.00 TRACK
34.056	>>> V 0.00 0.00
34.057	S 39431 -17.05 24.70 0.00 0.00 TRACK
34.076	>>> V 0.00 0.00
34.077	S 39451 -17.05 24.70 0.00 0.00 TRACK
34.095	>>> V 0.00 0.00
34.098	S 39471 -17.05 24.79 0.00 0.00 TRACK
34.115	>>> V 0.00 0.00
34.115	S 39491 -17.05 24.70 0.00 0.00 TRACK
34.140	>>> V 0.00 0.00
34.141	S 39511 -17.05 24.70 0.00 0.00 TRACK
34.156	>>> V 0.00 0.00
34.156	S 39531 -17.05 24.70 0.00 0.00 TRACK
34.175	>>> V 0.00 0.00
34.175	S 39551 -17.05 24.70 0.00 0.00 TRACK
34.195	>>> V 0.00 0.00
34.195	S 39571 -17.05 24.70 0.00 0.00 TRACK
34.215	>>> V 0.00 0.00
34.215	S 39591 -17.05 24.70 0.00 0.00 TRACK
34.236	>>> V 0.00 0.00
34.237	S 39611 -17.05 24.70 0.00 0.00 TRACK
34.255	>>> V 0.00 0.00
34.257	S 39631 -17.05 24.70 0.00 0.00 TRACK
34.277	>>> V 0.00 0.00
34.277	S 39651 -17.05 24.70 0.00 0.00 TRACK
34.295	>>> V 0.00 0.00
34.295	S 39671 -17.05 24.70 0.00 0.00 TRACK
34.315	>>> V 0.00 0.00
34.316	S 39691 -17.05 24.70 0.00 0.00 TRACK
34.335	>>> V 0.00 0.00
34.336	S 39711 -17.05 24.70 0.00 0.00 TRACK
34.355	>>> V 0.00 0.00
34.356	S 39731 -17.05 24.70 0.00 0.00 TRACK
34.378	>>> V 0.00 0.00
34.378	S 39751 -17.05 24.79 0.00 0.00 TRACK
34.395	>>> V 0.00 0.00
34.398	S 39771 -17.05 24.70 0.00 0.00 TRACK
34.416	>>> V 0.00 0.00
34.416	S 39791 -17.05 24.70 0.00 0.00 TRACK
34.435	>>> V 0.00 0.00
34.436	S 39811 -17.05 24.70 0.00 0.00 TRACK
34.455	>>> V 0.00 0.00
34.455	S 39831 -17.05 24.70 0.00 0.00 TRACK
34.477	>>> V 0.00 0.00
34.478	S 39851 -17.05 24.70 0.00 0.00 TRACK
34.496	>>> V 0.00 0.00
34.496	S 39871 -17.05 24.79 0.00 0.00 TRACK
34.515	>>> V 0.00 0.00
34.516	S 39891 -17.05 24.70 0.00 0.00 TRACK
34.536	>>> V 0.00 0.00
34.537	S 39911 -17.05 24.70 0.00 0.00 TRACK
34.555	>>> V 0.00 0.00
34.557	S 39931 -17.05 24.70 0.00 0.00 TRACK
34.577	>>> V 0.00 0.00
34.578	S 39951 -17.05 24.70 0.00 0.00 TRACK
34.595	>>> V 0.00 0.00
34.595	S 39971 -17.05 24.70 0.00 0.00 TRACK
34.615	>>> V 0.00 0.00
34.616	S 39991 -17.05 24.70 0.00 0.00 TRACK
34.638	>>> V 0.00 0.00
34.638	S 40011 -17.05 24.70 0.00 0.00 TRACK
34.655	>>> V 0.00 0.00
34.656	S 40031 -17.05 24.70 0.00 0.00 TRACK
34.676	>>> V 0.00 0.00
34.677	S 40051 -17.05 24.70 0.00 0.00 TRACK
34.695	>>> V 0.00 0.00
34.697	S 40071 -17.05 24.70 0.00 0.00 TRACK
34.715	>>> V 0.00 0.00
34.715	S 40091 -17.05 24.70 0.00 0.00 TRACK
34.736	>>> V 0.00 0.00
34.737	S 40111 -17.05 24.70 0.00 0.00 TRACK
34.755	>>> V 0.00 0.00
34.755	S 40131 -17.05 24.79 0.00 0.00 TRACK
34.777	>>> V 0.00 0.00
34.779	S 40151 -17.05 24.70 0.00 0.00 TRACK
34.796	>>> V 0.00 0.00
34.796	S 40171 -17.05 24.70 0.00 0.00 TRACK
34.815	>>> V 0.00 0.00
34.816	S 40191 -17.05 24.70 0.00 0.00 TRACK
34.838	>>> V 0.00 0.00
34.839	S 40211 -17.05 24.70 0.00 0.00 TRACK
34.855	>>> V 0.00 0.00
34.856	S 40231 -17.05 24.70 0.00 0.00 TRACK
34.877	>>> V 0.00 0.00
34.878	S 40251 -17.05 24.70 0.00 0.00 TRACK
34.895	>>> V 0.00 0.00
34.897	S 40271 -17.05 24.70 0.00 0.00 TRACK
34.915	>>> V 0.00 0.00
34.915	S 40291 -17.05 24.70 0.00 0.00 TRACK
34.935	>>> V 0.00 0.00
34.936	S 40311 -17.05 24.70 0.00 0.00 TRACK
34.955	>>> V 0.00 0.00
34.955	S 40331 -17.05 24.70 0.00 0.00 TRACK
34.977	>>> V 0.00 0.00
34.978	S 40351 -17.05 24.70 0.00 0.00 TRACK
34.996	>>> V 0.00 0.00
34.996	S 40371 -17.05 24.70 0.00 0.00 TRACK
35.015	>>> V 0.00 0.00
35.016	S 40391 -17.05 24.70 0.00 0.00 TRACK
35.036	>>> V 0.00 0.00
35.037	S 40411 -17.05 24.70 0.00 0.00 TRACK
35.055	>>> V 0.00 0.00
35.056	S 40431 -17.05 24.70 0.00 0.00 TRACK
35.075	>>> V 0.00 0.00
35.075	S 40451 -17.05 24.79 0.00 0.00 TRACK
35.095	>>> V 0.00 0.00
35.096	S 40471 -17.05 24.70 0.00 0.00 TRACK
35.115	>>> V 0.00 0.00
35.116	S 40491 -17.05 24.70 0.00 0.00 TRACK
35.135	>>> V 0.00 0.00
35.136	S 40511 -17.05 24.79 0.00 0.00 TRACK
35.156	>>> V 0.00 0.00
35.156	S 40531 -17.05 24.70 0.00 0.00 TRACK
35.177	>>> V 0.00 0.00
35.177	S 40551 -17.05 24.70 0.00 0.00 TRACK
35.195	>>> V 0.00 0.00
35.195	S 40571 -17.05 24.70 0.00 0.00 TRACK
35.215	>>> V 0.00 0.00
35.216	S 40591 -17.05 24.70 0.00 0.00 TRACK
35.238	>>> V 0.00 0.00
35.238	S 40611 -17.05 24.70 0.00 0.00 TRACK
35.256	>>> V 0.00 0.00
35.257	S 40631 -17.05 24.70 0.00 0.00 TRACK
35.276	>>> V 0.00 0.00
35.276	S 40651 -17.05 24.79 0.00 0.00 TRACK
35.295	>>> V 0.00 0.00
35.296	S 40671 -17.05 24.70 0.00 0.00 TRACK
35.315	>>> V 0.00 0.00
35.315	S 40691 -17.05 24.70 0.00 0.00 TRACK
35.338	>>> V 0.00 0.00
35.341	S 40711 -17.05 24.79 0.00 0.00 TRACK
35.357	>>> V 0.00 0.00
35.357	S 40731 -17.05 24.79 0.00 0.00 TRACK
35.376	>>> V 0.00 0.00
35.377	S 40751 -17.05 24.70 0.00 0.00 TRACK
35.395	>>> V 0.00 0.00
35.395	S 40771 -17.05 24.70 0.00 0.00 TRACK
35.415	>>> V 0.00 0.00
35.416	S 40791 -17.05 24.70 0.00 0.00 TRACK
35.436	>>> V 0.00 0.00
35.437	S 40811 -17.05 24.70 0.00 0.00 TRACK
35.456	>>> V 0.00 0.00
35.456	S 40831 -17.05 24.79 0.00 0.00 TRACK
35.477	>>> V 0.00 0.00
35.477	S 40851 -17.05 24.79 0.00 0.00 TRACK
35.495	>>> V 0.00 0.00
35.495	S 40871 -17.05 24.70 0.00 0.00 TRACK
35.516	>>> V 0.00 0.00
35.516	S 40891 -17.05 24.70 0.00 0.00 TRACK
35.535	>>> V 0.00 0.00
35.536	S 40911 -17.05 24.70 0.00 0.00 TRACK
35.556	>>> V 0.00 0.00
35.556	S 40931 -17.05 24.70 0.00 0.00 TRACK
35.576	>>> V 0.00 0.00
35.577	S 40951 -17.05 24.70 0.00 0.00 TRACK
35.596	>>> V 0.00 0.00
35.596	S 40971 -17.05 24.79 0.00 0.00 TRACK
35.617	>>> V 0.00 0.00
35.617	S 40991 -17.05 24.70 0.00 0.00 TRACK
35.635	>>> V 0.00 0.00
35.636	S 41011 -17.05 24.70 0.00 0.00 TRACK
35.655	>>> V 0.00 0.00
35.655	S 41031 -17.05 24.70 0.00 0.00 TRACK
35.675	>>> V 0.00 0.00
35.676	S 41051 -17.05 24.70 0.00 0.00 TRACK
35.696	>>> V 0.00 0.00
35.697	S 41071 -17.05 24.70 0.00 0.00 TRACK
35.716	>>> V 0.00 0.00
35.717	S 41091 -17.05 24.70 0.00 0.00 TRACK
35.736	>>> V 0.00 0.00
35.737	S 41111 -17.05 24.70 0.00 0.00 TRACK
35.755	>>> V 0.00 0.00
35.755	S 41131 -17.05 24.70 0.00 0.00 TRACK
35.777	>>> V 0.00 0.00
35.778	S 41151 -17.05 24.70 0.00 0.00 TRACK
35.796	>>> V 0.00 0.00
35.797	S 41171 -17.05 24.79 0.00 0.00 TRACK
35.817	>>> V 0.00 0.00
35.817	S 41191 -17.05 24.70 0.00 0.00 TRACK
35.835	>>> V 0.00 0.00
35.837	S 41211 -17.05 24.70 0.00 0.00 TRACK
35.856	>>> V 0.00 0.00
35.856	S 41231 -17.05 24.70 0.00 0.00 TRACK
35.877	>>> V 0.00 0.00
35.878	S 41251 -17.05 24.70 0.00 0.00 TRACK
35.896	>>> V 0.00 0.00
35.897	S 41271 -17.05 24.70 0.00 0.00 TRACK
35.916	>>> V 0.00 0.00
35.917	S 41291 -17.05 24.70 0.00 0.00 TRACK
35.936	>>> V 0.00 0.00
35.936	S 41311 -17.05 24.70 0.00 0.00 TRACK
35.957	>>> V 0.00 0.00
35.958	S 41331 -17.05 24.70 0.00 0.00 TRACK
35.977	>>> V 0.00 0.00
35.977	S 41351 -17.05 24.70 0.00 0.00 TRACK
35.995	>>> V 0.00 0.00
35.997	S 41371 -17.05 24.79 0.00 0.00 TRACK
36.015	>>> V 0.00 0.00
36.015	S 41391 -17.05 24.70 0.00 0.00 TRACK
36.035	>>> V 0.00 0.00
36.036	S 41411 -17.05 24.70 0.00 0.00 TRACK
36.055	>>> V 0.00 0.00
36.055	S 41431 -17.05 24.70 0.00 0.00 TRACK
36.076	>>> V 0.00 0.00
36.079	S 41451 -17.05 24.70 0.00 0.00 TRACK
36.096	>>> V 0.00 0.00
36.097	S 41471 -17.05 24.70 0.00 0.00 TRACK
36.116	>>> V 0.00 0.00
36.116	S 41491 -17.05 24.70 0.00 0.00 TRACK
36.136	>>> V 0.00 0.00
36.137	S 41511 -17.05 24.79 0.00 0.00 TRACK
36.155	>>> V 0.00 0.00
36.156	S 41531 -17.05 24.70 0.00 0.00 TRACK
36.178	>>> V 0.00 0.00
36.179	S 41551 -17.05 24.70 0.00 0.00 TRACK
36.195	>>> V 0.00 0.00
36.197	S 41571 -17.05 24.70 0.00 0.00 TRACK
36.215	>>> V 0.00 0.00
36.216	S 41591 -17.05 24.70 0.00 0.00 TRACK
36.237	>>> V 0.00 0.00
36.237	S 41611 -17.05 24.70 0.00 0.00 TRACK
36.257	>>> V 0.00 0.00
36.258	S 41631 -17.05 24.70 0.00 0.00 TRACK
36.277	>>> V 0.00 0.00
36.277	S 41651 -17.05 24.70 0.00 0.00 TRACK
36.296	>>> V 0.00 0.00
36.296	S 41671 -17.05 24.79 0.00 0.00 TRACK
36.315	>>> V 0.00 0.00
36.315	S 41691 -17.05 24.70 0.00 0.00 TRACK
36.337	>>> V 0.00 0.00
36.338	S 41711 -17.05 24.70 0.00 0.00 TRACK
36.357	>>> V 0.00 0.00
36.358	S 41731 -17.05 24.70 0.00 0.00 TRACK
36.377	>>> V 0.00 0.00
36.377	S 41751 -17.05 24.70 0.00 0.00 TRACK
36.395	>>> V 0.00 0.00
36.396	S 41771 -17.05 24.70 0.00 0.00 TRACK
36.415	>>> V 0.00 0.00
36.415	S 41791 -17.05 24.70 0.00 0.00 TRACK
36.435	>>> V 0.00 0.00
36.436	S 41811 -17.05 24.70 0.00 0.00 TRACK
36.456	>>> V 0.00 0.00
36.457	S 41831 -17.05 24.70 0.00 0.00 TRACK
36.478	>>> V 0.00 0.00
36.478	S 41851 -17.05 24.70 0.00 0.00 TRACK
36.495	>>> V 0.00 0.00
36.496	S 41871 -17.05 24.70 0.00 0.00 TRACK
36.515	>>> V 0.00 0.00
36.515	S 41891 -17.05 24.70 0.00 0.00 TRACK
36.537	>>> V 0.00 0.00
36.537	S 41911 -17.05 24.70 0.00 0.00 TRACK
36.555	>>> V 0.00 0.00
36.556	S 41931 -17.05 24.70 0.00 0.00 TRACK
36.576	>>> V 0.00 0.00
36.578	S 41951 -17.05 24.70 0.00 0.00 TRACK
36.595	>>> V 0.00 0.00
36.597	S 41971 -17.05 24.70 0.00 0.00 TRACK
36.615	>>> V 0.00 0.00
36.615	S 41991 -17.05 24.70 0.00 0.00 TRACK
36.635	>>> V 0.00 0.00
36.636	S 42011 -17.05 24.70 0.00 0.00 TRACK
36.656	>>> V 0.00 0.00
36.657	S 42031 -17.05 24.70 0.00 0.00 TRACK
36.676	>>> V 0.00 0.00
36.676	S 42051 -17.05 24.70 0.00 0.00 TRACK
36.695	>>> V 0.00 0.00
36.696	S 42071 -17.05 24.70 0.00 0.00 TRACK
36.715	>>> V 0.00 0.00
36.716	S 42091 -17.05 24.70 0.00 0.00 TRACK
36.737	>>> V 0.00 0.00
36.738	S 42111 -17.05 24.70 0.00 0.00 TRACK
36.757	>>> V 0.00 0.00
36.758	S 42131 -17.05 24.70 0.00 0.00 TRACK
36.777	>>> V 0.00 0.00
36.777	S 42151 -17.05 24.70 0.00 0.00 TRACK
36.795	>>> V 0.00 0.00
36.796	S 42171 -17.05 24.70 0.00 0.00 TRACK
36.815	>>> V 0.00 0.00
36.817	S 42191 -17.05 24.70 0.00 0.00 TRACK
36.835	>>> V 0.00 0.00
36.838	S 42211 -17.05 24.70 0.00 0.00 TRACK
36.855	>>> V 0.00 0.00
36.855	S 42231 -17.05 24.79 0.00 0.00 TRACK
36.876	>>> V 0.00 0.00
36.876	S 42251 -17.05 24.70 0.00 0.00 TRACK
36.895	>>> V 0.00 0.00
36.895	S 42271 -17.05 24.70 0.00 0.00 TRACK
36.916	>>> V 0.00 0.00
36.918	S 42291 -17.05 24.79 0.00 0.00 TRACK
36.936	>>> V 0.00 0.00
36.936	S 42311 -17.05 24.70 0.00 0.00 TRACK
36.957	>>> V 0.00 0.00
36.958	S 42331 -17.05 24.70 0.00 0.00 TRACK
36.976	>>> V 0.00 0.00
36.976	S 42351 -17.05 24.70 0.00 0.00 TRACK
36.996	>>> V 0.00 0.00
36.997	S 42371 -17.05 24.79 0.00 0.00 TRACK
37.015	>>> V 0.00 0.00
37.017	S 42391 -17.05 24.70 0.00 0.00 TRACK
37.035	>>> V 0.00 0.00
37.036	S 42411 -17.05 24.70 0.00 0.00 TRACK
37.057	>>> V 0.00 0.00
37.058	S 42431 -17.05 24.70 0.00 0.00 TRACK
37.075	>>> V 0.00 0.00
37.077	S 42451 -17.05 24.70 0.00 0.00 TRACK
37.096	>>> V 0.00 0.00
37.097	S 42471 -17.05 24.79 0.00 0.00 TRACK
37.115	>>> V 0.00 0.00
37.116	S 42491 -17.05 24.70 0.00 0.00 TRACK
37.135	>>> V 0.00 0.00
37.135	S 42511 -17.05 24.70 0.00 0.00 TRACK
37.157	>>> V 0.00 0.00
37.158	S 42531 -17.05 24.79 0.00 0.00 TRACK
37.176	>>> V 0.00 0.00
37.177	S 42551 -17.05 24.70 0.00 0.00 TRACK
37.196	>>> V 0.00 0.00
37.198	S 42571 -17.05 24.70 0.00 0.00 TRACK
37.216	>>> V 0.00 0.00
37.216	S 42591 -17.05 24.79 0.00 0.00 TRACK
37.235	>>> V 0.00 0.00
37.236	S 42611 -17.05 24.70 0.00 0.00 TRACK
37.257	>>> V 0.00 0.00
37.257	S 42631 -17.05 24.70 0.00 0.00 TRACK
37.276	>>> V 0.00 0.00
37.276	S 42651 -17.05 24.70 0.00 0.00 TRACK
37.298	>>> V 0.00 0.00
37.298	S 42671 -17.05 24.70 0.00 0.00 TRACK
37.315	>>> V 0.00 0.00
37.316	S 42691 -17.05 24.70 0.00 0.00 TRACK
37.335	>>> V 0.00 0.00
37.336	S 42711 -17.05 24.70 0.00 0.00 TRACK
37.356	>>> V 0.00 0.00
37.357	S 42731 -17.05 24.70 0.00 0.00 TRACK
37.377	>>> V 0.00 0.00
37.378	S 42751 -17.05 24.70 0.00 0.00 TRACK
37.397	>>> V 0.00 0.00
37.397	S 42771 -17.05 24.70 0.00 0.00 TRACK
37.415	>>> V 0.00 0.00
37.417	S 42791 -17.05 24.70 0.00 0.00 TRACK
37.435	>>> V 0.00 0.00
37.435	S 42811 -17.05 24.79 0.00 0.00 TRACK
37.456	>>> V 0.00 0.00
37.457	S 42831 -17.05 24.70 0.00 0.00 TRACK
37.475	>>> V 0.00 0.00
37.476	S 42851 -17.05 24.70 0.00 0.00 TRACK
37.496	>>> V 0.00 0.00
37.497	S 42871 -17.05 24.70 0.00 0.00 TRACK
37.516	>>> V 0.00 0.00
37.517	S 42891 -17.05 24.70 0.00 0.00 TRACK
37.536	>>> V 0.00 0.00
37.536	S 42911 -17.05 24.70 0.00 0.00 TRACK
37.556	>>> V 0.00 0.00
37.556	S 42931 -17.05 24.79 0.00 0.00 TRACK
37.575	>>> V 0.00 0.00
37.576	S 42951 -17.05 24.70 0.00 0.00 TRACK
37.604	>>> V 0.00 0.00
37.605	S 42971 -17.05 24.70 0.00 0.00 TRACK
37.606	S 42991 -17.05 24.70 0.00 0.00 TRACK
37.616	>>> V 0.00 0.00
37.635	>>> V 0.00 0.00
37.636	S 43011 -17.05 24.70 0.00 0.00 TRACK
37.657	>>> V 0.00 0.00
37.657	S 43031 -17.05 24.70 0.00 0.00 TRACK
37.675	>>> V 0.00 0.00
37.676	S 43051 -17.05 24.70 0.00 0.00 TRACK
37.698	>>> V 0.00 0.00
37.698	S 43071 -17.05 24.70 0.00 0.00 TRACK
37.716	>>> V 0.00 0.00
37.717	S 43091 -17.05 24.70 0.00 0.00 TRACK
37.735	>>> V 0.00 0.00
37.735	S 43111 -17.05 24.70 0.00 0.00 TRACK
37.757	>>> V 0.00 0.00
37.757	S 43131 -17.05 24.70 0.00 0.00 TRACK
37.776	>>> V 0.00 0.00
37.776	S 43151 -17.05 24.70 0.00 0.00 TRACK
37.798	>>> V 0.00 0.00
37.798	S 43171 -17.05 24.70 0.00 0.00 TRACK
37.816	>>> V 0.00 0.00
37.817	S 43191 -17.05 24.70 0.00 0.00 TRACK
37.835	>>> V 0.00 0.00
37.835	S 43211 -17.05 24.70 0.00 0.00 TRACK
37.857	>>> V 0.00 0.00
37.858	S 43231 -17.05 24.70 0.00 0.00 TRACK
37.876	>>> V 0.00 0.00
37.876	S 43251 -17.05 24.70 0.00 0.00 TRACK
37.895	>>> V 0.00 0.00
37.896	S 43271 -17.05 24.70 0.00 0.00 TRACK
37.915	>>> V 0.00 0.00
37.916	S 43291 -17.05 24.70 0.00 0.00 TRACK
37.936	>>> V 0.00 0.00
37.936	S 43311 -17.05 24.79 0.00 0.00 TRACK
37.956	>>> V 0.00 0.00
37.956	S 43331 -17.05 24.70 0.00 0.00 TRACK
37.977	>>> V 0.00 0.00
37.977	S 43351 -17.05 24.70 0.00 0.00 TRACK
37.995	>>> V 0.00 0.00
37.995	S 43371 -17.05 24.70 0.00 0.00 TRACK
38.016	>>> V 0.00 0.00
38.017	S 43391 -17.05 24.79 0.00 0.00 TRACK
38.036	>>> V 0.00 0.00
38.036	S 43411 -17.05 24.70 0.00 0.00 TRACK
38.055	>>> V 0.00 0.00
38.056	S 43431 -17.05 24.70 0.00 0.00 TRACK
38.076	>>> V 0.00 0.00
38.077	S 43451 -17.05 24.79 0.00 0.00 TRACK
38.095	>>> V 0.00 0.00
38.095	S 43471 -17.05 24.70 0.00 0.00 TRACK
38.115	>>> V 0.00 0.00
38.116	S 43491 -17.05 24.70 0.00 0.00 TRACK
38.136	>>> V 0.00 0.00
38.136	S 43511 -17.05 24.79 0.00 0.00 TRACK
38.155	>>> V 0.00 0.00
38.155	S 43531 -17.05 24.70 0.00 0.00 TRACK
38.177	>>> V 0.00 0.00
38.177	S 43551 -17.05 24.70 0.00 0.00 TRACK
38.195	>>> V 0.00 0.00
38.196	S 43571 -17.05 24.70 0.00 0.00 TRACK
38.216	>>> V 0.00 0.00
38.216	S 43591 -17.05 24.70 0.00 0.00 TRACK
38.236	>>> V 0.00 0.00
38.237	S 43611 -17.05 24.70 0.00 0.00 TRACK
38.256	>>> V 0.00 0.00
38.257	S 43631 -17.05 24.70 0.00 0.00 TRACK
38.277	>>> V 0.00 0.00
38.277	S 43651 -17.05 24.70 0.00 0.00 TRACK
38.297	>>> V 0.00 0.00
38.297	S 43671 -17.05 24.79 0.00 0.00 TRACK
38.315	>>> V 0.00 0.00
38.316	S 43691 -17.05 24.70 0.00 0.00 TRACK
38.336	>>> V 0.00 0.00
38.336	S 43711 -17.05 24.70 0.00 0.00 TRACK
38.355	>>> V 0.00 0.00
38.355	S 43731 -17.05 24.70 0.00 0.00 TRACK
38.378	>>> V 0.00 0.00
38.379	S 43751 -17.05 24.70 0.00 0.00 TRACK
38.395	>>> V 0.00 0.00
38.396	S 43771 -17.05 24.70 0.00 0.00 TRACK
38.415	>>> V 0.00 0.00
38.416	S 43791 -17.05 24.70 0.00 0.00 TRACK
38.435	>>> V 0.00 0.00
38.436	S 43811 -17.05 24.70 0.00 0.00 TRACK
38.455	>>> V 0.00 0.00
38.457	S 43831 -17.05 24.70 0.00 0.00 TRACK
38.479	>>> V 0.00 0.00
38.479	S 43851 -17.05 24.70 0.00 0.00 TRACK
38.495	>>> V 0.00 0.00
38.497	S 43871 -17.05 24.70 0.00 0.00 TRACK
38.515	>>> V 0.00 0.00
38.515	S 43891 -17.05 24.70 0.00 0.00 TRACK
38.535	>>> V 0.00 0.00
38.536	S 43911 -17.05 24.70 0.00 0.00 TRACK
38.555	>>> V 0.00 0.00
38.555	S 43931 -17.05 24.70 0.00 0.00 TRACK
38.577	>>> V 0.00 0.00
38.577	S 43951 -17.05 24.70 0.00 0.00 TRACK
38.596	>>> V 0.00 0.00
38.597	S 43971 -17.05 24.70 0.00 0.00 TRACK
38.616	>>> V 0.00 0.00
38.617	S 43991 -17.05 24.70 0.00 0.00 TRACK
38.635	>>> V 0.00 0.00
38.637	S 44011 -17.05 24.70 0.00 0.00 TRACK
38.655	>>> V 0.00 0.00
38.656	S 44031 -17.05 24.70 0.00 0.00 TRACK
38.679	>>> V 0.00 0.00
38.679	S 44051 -17.05 24.70 0.00 0.00 TRACK
38.696	>>> V 0.00 0.00
38.697	S 44071 -17.05 24.79 0.00 0.00 TRACK
38.715	>>> V 0.00 0.00
38.716	S 44091 -17.05 24.79 0.00 0.00 TRACK
38.736	>>> V 0.00 0.00
38.737	S 44111 -17.05 24.70 0.00 0.00 TRACK
38.755	>>> V 0.00 0.00
38.755	S 44131 -17.05 24.70 0.00 0.00 TRACK
38.776	>>> V 0.00 0.00
38.777	S 44151 -17.05 24.70 0.00 0.00 TRACK
38.796	>>> V 0.00 0.00
38.797	S 44171 -17.05 24.70 0.00 0.00 TRACK
38.816	>>> V 0.00 0.00
38.816	S 44191 -17.05 24.70 0.00 0.00 TRACK
38.836	>>> V 0.00 0.00
38.838	S 44211 -17.05 24.70 0.00 0.00 TRACK
38.855	>>> V 0.00 0.00
38.857	S 44231 -17.05 24.70 0.00 0.00 TRACK
38.877	>>> V 0.00 0.00
38.879	S 44251 -17.05 24.70 0.00 0.00 TRACK
38.895	>>> V 0.00 0.00
38.896	S 44271 -17.05 24.70 0.00 0.00 TRACK
38.915	>>> V 0.00 0.00
38.915	S 44291 -17.05 24.70 0.00 0.00 TRACK
38.936	>>> V 0.00 0.00
38.937	S 44311 -17.05 24.70 0.00 0.00 TRACK
38.955	>>> V 0.00 0.00
38.956	S 44331 -17.05 24.70 0.00 0.00 TRACK
38.977	>>> V 0.00 0.00
38.978	S 44351 -17.05 24.70 0.00 0.00 TRACK
38.996	>>> V 0.00 0.00
38.996	S 44371 -17.05 24.70 0.00 0.00 TRACK
39.015	>>> V 0.00 0.00
39.015	S 44391 -17.05 24.70 0.00 0.00 TRACK
39.035	>>> V 0.00 0.00
39.036	S 44411 -17.05 24.70 0.00 0.00 TRACK
39.055	>>> V 0.00 0.00
39.056	S 44431 -17.05 24.70 0.00 0.00 TRACK
39.077	>>> V 0.00 0.00
39.077	S 44451 -17.05 24.70 0.00 0.00 TRACK
39.096	>>> V 0.00 0.00
39.096	S 44471 -17.05 24.70 0.00 0.00 TRACK
39.116	>>> V 0.00 0.00
39.116	S 44491 -17.05 24.70 0.00 0.00 TRACK
39.135	>>> V 0.00 0.00
39.136	S 44511 -17.05 24.70 0.00 0.00 TRACK
39.155	>>> V 0.00 0.00
39.155	S 44531 -17.05 24.70 0.00 0.00 TRACK
39.177	>>> V 0.00 0.00
39.178	S 44551 -17.05 24.70 0.00 0.00 TRACK
39.196	>>> V 0.00 0.00
39.196	S 44571 -17.05 24.70 0.00 0.00 TRACK
39.215	>>> V 0.00 0.00
39.215	S 44591 -17.05 24.79 0.00 0.00 TRACK
39.236	>>> V 0.00 0.00
39.236	S 44611 -17.05 24.70 0.00 0.00 TRACK
39.255	>>> V 0.00 0.00
39.257	S 44631 -17.05 24.70 0.00 0.00 TRACK
39.277	>>> V 0.00 0.00
39.278	S 44651 -17.05 24.70 0.00 0.00 TRACK
39.296	>>> V 0.00 0.00
39.297	S 44671 -17.05 24.70 0.00 0.00 TRACK
39.315	>>> V 0.00 0.00
39.316	S 44691 -17.05 24.70 0.00 0.00 TRACK
39.336	>>> V 0.00 0.00
39.336	S 44711 -17.05 24.70 0.00 0.00 TRACK
39.355	>>> V 0.00 0.00
39.356	S 44731 -17.05 24.70 0.00 0.00 TRACK
39.378	>>> V 0.00 0.00
39.378	S 44751 -17.05 24.70 0.00 0.00 TRACK
39.396	>>> V 0.00 0.00
39.396	S 44771 -17.05 24.70 0.00 0.00 TRACK
39.416	>>> V 0.00 0.00
39.416	S 44791 -17.05 24.70 0.00 0.00 TRACK
39.436	>>> V 0.00 0.00
39.437	S 44811 -17.05 24.70 0.00 0.00 TRACK
39.456	>>> V 0.00 0.00
39.457	S 44831 -17.05 24.70 0.00 0.00 TRACK
39.477	>>> V 0.00 0.00
39.479	S 44851 -17.05 24.70 0.00 0.00 TRACK
39.495	>>> V 0.00 0.00
39.497	S 44871 -17.05 24.70 0.00 0.00 TRACK
39.515	>>> V 0.00 0.00
39.516	S 44891 -17.05 24.70 0.00 0.00 TRACK
39.535	>>> V 0.00 0.00
39.536	S 44911 -17.05 24.70 0.00 0.00 TRACK
39.555	>>> V 0.00 0.00
39.556	S 44931 -17.05 24.70 0.00 0.00 TRACK
39.578	>>> V 0.00 0.00
39.579	S 44951 -17.05 24.70 0.00 0.00 TRACK
39.596	>>> V 0.00 0.00
39.597	S 44971 -17.05 24.70 0.00 0.00 TRACK
39.616	>>> V 0.00 0.00
39.617	S 44991 -17.05 24.70 0.00 0.00 TRACK
39.636	>>> V 0.00 0.00
39.638	S 45011 -17.05 24.70 0.00 0.00 TRACK
39.655	>>> V 0.00 0.00
39.656	S 45031 -17.05 24.70 0.00 0.00 TRACK
39.676	>>> V 0.00 0.00
39.679	S 45051 -17.05 24.70 0.00 0.00 TRACK
39.696	>>> V 0.00 0.00
39.696	S 45071 -17.05 24.70 0.00 0.00 TRACK
39.716	>>> V 0.00 0.00
39.716	S 45091 -17.05 24.70 0.00 0.00 TRACK
39.736	>>> V 0.00 0.00
39.737	S 45111 -17.05 24.70 0.00 0.00 TRACK
39.755	>>> V 0.00 0.00
39.756	S 45131 -17.05 24.70 0.00 0.00 TRACK
39.776	>>> V 0.00 0.00
39.777	S 45151 -17.05 24.70 0.00 0.00 TRACK
39.798	>>> V 0.00 0.00
39.799	S 45171 -17.05 24.70 0.00 0.00 TRACK
39.816	>>> V 0.00 0.00
39.816	S 45191 -17.05 24.79 0.00 0.00 TRACK
39.836	>>> V 0.00 0.00
39.837	S 45211 -17.05 24.70 0.00 0.00 TRACK
39.856	>>> V 0.00 0.00
39.857	S 45231 -17.05 24.70 0.00 0.00 TRACK
39.875	>>> V 0.00 0.00
39.877	S 45251 -17.05 24.70 0.00 0.00 TRACK
39.895	>>> V 0.00 0.00
39.896	S 45271 -17.05 24.70 0.00 0.00 TRACK
39.916	>>> V 0.00 0.00
39.917	S 45291 -17.05 24.70 0.00 0.00 TRACK
39.936	>>> V 0.00 0.00
39.936	S 45311 -17.05 24.70 0.00 0.00 TRACK
39.955	>>> V 0.00 0.00
39.955	S 45331 -17.05 24.70 0.00 0.00 TRACK
39.976	>>> V 0.00 0.00
39.978	S 45351 -17.05 24.70 0.00 0.00 TRACK
39.995	>>> V 0.00 0.00
39.996	S 45371 -17.05 24.70 0.00 0.00 TRACK
40.015	>>> V 0.00 0.00
40.016	S 45391 -17.05 24.70 0.00 0.00 TRACK
40.036	>>> V 0.00 0.00
40.036	S 45411 -17.05 24.70 0.00 0.00 TRACK
40.056	>>> V 0.00 0.00
40.056	S 45431 -17.05 24.79 0.00 0.00 TRACK
40.077	>>> V 0.00 0.00
40.079	S 45451 -17.05 24.70 0.00 0.00 TRACK
40.096	>>> V 0.00 0.00
40.096	S 45471 -17.05 24.70 0.00 0.00 TRACK
40.116	>>> V 0.00 0.00
40.116	S 45491 -17.05 24.70 0.00 0.00 TRACK
40.135	>>> V 0.00 0.00
40.136	S 45511 -17.05 24.79 0.00 0.00 TRACK
40.156	>>> V 0.00 0.00
40.156	S 45531 -17.05 24.70 0.00 0.00 TRACK
40.176	>>> V 0.00 0.00
40.179	S 45551 -17.05 24.70 0.00 0.00 TRACK
40.196	>>> V 0.00 0.00
40.197	S 45571 -17.05 24.70 0.00 0.00 TRACK
40.215	>>> V 0.00 0.00
40.216	S 45591 -17.05 24.70 0.00 0.00 TRACK
40.235	>>> V 0.00 0.00
40.236	S 45611 -17.05 24.70 0.00 0.00 TRACK
40.255	>>> V 0.00 0.00
40.257	S 45631 -17.05 24.70 0.00 0.00 TRACK
40.276	>>> V 0.00 0.00
40.276	S 45651 -17.05 24.70 0.00 0.00 TRACK
40.295	>>> V 0.00 0.00
40.296	S 45671 -17.05 24.70 0.00 0.00 TRACK
40.315	>>> V 0.00 0.00
40.315	S 45691 -17.05 24.70 0.00 0.00 TRACK
40.338	>>> V 0.00 0.00
40.340	S 45711 -17.05 24.70 0.00 0.00 TRACK
40.355	>>> V 0.00 0.00
40.356	S 45731 -17.05 24.70 0.00 0.00 TRACK
40.377	>>> V 0.00 0.00
40.378	S 45751 -17.05 24.70 0.00 0.00 TRACK
40.395	>>> V 0.00 0.00
40.397	S 45771 -17.05 24.70 0.00 0.00 TRACK
40.416	>>> V 0.00 0.00
40.416	S 45791 -17.05 24.79 0.00 0.00 TRACK
40.437	>>> V 0.00 0.00
40.437	S 45811 -17.05 24.70 0.00 0.00 TRACK
40.455	>>> V 0.00 0.00
40.455	S 45831 -17.05 24.70 0.00 0.00 TRACK
40.476	>>> V 0.00 0.00
40.477	S 45851 -17.05 24.70 0.00 0.00 TRACK
40.496	>>> V 0.00 0.00
40.496	S 45871 -17.05 24.70 0.00 0.00 TRACK
40.515	>>> V 0.00 0.00
40.515	S 45891 -17.05 24.70 0.00 0.00 TRACK
40.535	>>> V 0.00 0.00
40.536	S 45911 -17.05 24.70 0.00 0.00 TRACK
40.556	>>> V 0.00 0.00
40.556	S 45931 -17.05 24.70 0.00 0.00 TRACK
40.576	>>> V 0.00 0.00
40.579	S 45951 -17.05 24.70 0.00 0.00 TRACK
40.596	>>> V 0.00 0.00
40.596	S 45971 -17.05 24.70 0.00 0.00 TRACK
40.617	>>> V 0.00 0.00
40.618	S 45991 -17.05 24.70 0.00 0.00 TRACK
40.635	>>> V 0.00 0.00
40.635	S 46011 -17.05 24.70 0.00 0.00 TRACK
40.655	>>> V 0.00 0.00
40.656	S 46031 -17.05 24.70 0.00 0.00 TRACK
40.676	>>> V 0.00 0.00
40.676	S 46051 -17.05 24.70 0.00 0.00 TRACK
40.695	>>> V 0.00 0.00
40.696	S 46071 -17.05 24.79 0.00 0.00 TRACK
40.717	>>> V 0.00 0.00
40.717	S 46091 -17.05 24.70 0.00 0.00 TRACK
40.735	>>> V 0.00 0.00
40.738	S 46111 -17.05 24.70 0.00 0.00 TRACK
40.756	>>> V 0.00 0.00
40.756	S 46131 -17.05 24.70 0.00 0.00 TRACK
40.777	>>> V 0.00 0.00
40.777	S 46151 -17.05 24.70 0.00 0.00 TRACK
40.795	>>> V 0.00 0.00
40.796	S 46171 -17.05 24.70 0.00 0.00 TRACK
40.817	>>> V 0.00 -3.37
40.818	S 46191 -17.05 24.70 0.00 0.00 TRACK
40.835	>>> V 0.00 -5.21
40.837	S 46211 -17.05 24.70 0.00 0.00 TRACK
40.855	>>> V 0.00 -5.21
40.855	S 46231 -17.05 24.70 0.00 0.00 TRACK
40.877	>>> V 0.00 -7.25
40.878	S 46251 -17.05 24.70 0.00 0.00 TRACK
40.895	>>> V -1.90 -9.38
40.896	S 46271 -17.05 24.70 0.00 0.00 TRACK
40.916	>>> V -1.90 -9.38
40.916	S 46291 -17.05 24.61 0.00 0.00 TRACK
40.937	>>> V -1.93 -11.45
40.939	S 46311 -17.05 24.52 0.00 0.00 TRACK
40.955	>>> V -1.93 -11.45
40.955	S 46331 -17.14 24.43 0.00 -1.37 TRACK
40.983	>>> V -2.03 -13.32
40.983	S 46351 -17.14 24.26 0.00 -4.12 TRACK
40.984	S 46371 -17.23 24.08 -1.37 -5.50 TRACK
40.996	>>> V -2.03 -13.32
41.016	>>> V -2.00 -15.01
41.017	S 46391 -17.23 23.91 -1.37 -6.87 TRACK
41.036	>>> V -1.95 -16.03
41.037	S 46411 -17.23 23.64 -1.37 -8.24 TRACK
41.055	>>> V -1.95 -16.03
41.055	S 46431 -17.23 23.38 0.00 -9.62 TRACK
41.081	>>> V 0.00 -16.84
41.082	S 46451 -17.23 23.12 0.00 -10.99 TRACK
41.086	S 46471 -17.31 22.85 0.00 -10.99 TRACK
41.096	>>> V 0.00 -16.84
41.118	>>> V 0.00 -17.42
41.119	S 46491 -17.40 22.59 -1.37 -12.37 TRACK
41.135	>>> V 0.00 -17.83
41.136	S 46511 -17.40 22.24 -1.37 -13.74 TRACK
41.155	>>> V 0.00 -17.83
41.155	S 46531 -17.40 21.88 -1.37 -13.74 TRACK
41.176	>>> V 0.00 -18.16
41.176	S 46551 -17.40 21.62 0.00 -15.11 TRACK
41.195	>>> V 0.00 -18.30
41.195	S 46571 -17.40 21.27 0.00 -15.11 TRACK
41.215	>>> V 0.00 -18.50
41.215	S 46591 -17.40 20.92 0.00 -16.49 TRACK
41.237	>>> V 0.00 -18.50
41.237	S 46611 -17.40 20.48 0.00 -16.49 TRACK
41.255	>>> V 0.00 -18.50
41.255	S 46631 -17.40 20.21 0.00 -16.49 TRACK
41.282	>>> V 0.00 -18.28
41.282	S 46651 -17.40 19.86 0.00 -16.49 TRACK
41.295	>>> V 0.00 -18.28
41.296	S 46671 -17.40 19.42 0.00 -16.49 TRACK
41.316	>>> V 0.00 -17.94
41.317	S 46691 -17.40 19.07 0.00 -16.49 TRACK
41.336	>>> V 0.00 -17.28
41.337	S 46711 -17.40 18.72 0.00 -16.49 TRACK
41.355	>>> V 0.00 -17.28
41.355	S 46731 -17.40 18.37 0.00 -17.86 TRACK
41.378	>>> V 0.00 -16.47
41.380	S 46751 -17.40 18.02 0.00 -17.86 TRACK
41.395	>>> V 0.00 -16.47
41.395	S 46772 -17.40 17.49 0.00 -17.86 TRACK
41.416	>>> V 0.00 -15.56
41.417	S 46792 -17.40 17.23 0.00 -17.86 TRACK
41.435	>>> V 0.00 -15.56
41.436	S 46812 -17.40 16.87 0.00 -17.86 TRACK
41.457	>>> V 2.04 -14.34
41.458	S 46832 -17.40 16.44 0.00 -17.86 TRACK
41.475	>>> V 2.04 -14.34
41.476	S 46852 -17.40 16.17 0.00 -17.86 TRACK
41.497	>>> V 2.13 -12.87
41.498	S 46872 -17.40 15.82 0.00 -16.49 TRACK
41.516	>>> V 2.13 -12.87
41.516	S 46892 -17.40 15.56 0.00 -15.11 TRACK
41.536	>>> V 2.12 -10.61
41.536	S 46912 -17.40 15.29 0.00 -15.11 TRACK
41.556	>>> V 0.00 -7.54
41.556	S 46932 -17.40 14.94 0.00 -15.11 TRACK
41.576	>>> V 0.00 -7.54
41.576	S 46952 -17.40 14.77 0.00 -13.74 TRACK
41.597	>>> V 0.00 -3.84
41.598	S 46972 -17.40 14.41 0.00 -13.74 TRACK
41.615	>>> V 0.00 -3.84
41.616	S 46992 -17.31 14.24 0.00 -12.37 TRACK
41.636	>>> V 0.00 0.00
41.636	S 47012 -17.40 13.97 0.00 -12.37 TRACK
41.655	>>> V 0.00 4.46
41.655	S 47032 -17.31 13.80 0.00 -10.99 TRACK
41.676	>>> V 0.00 4.46
41.677	S 47052 -17.31 13.71 0.00 -8.24 TRACK
41.695	>>> V 0.00 8.26
41.698	S 47072 -17.31 13.62 0.00 -6.87 TRACK
41.715	>>> V 0.00 8.26
41.718	S 47092 -17.31 13.71 0.00 -4.12 TRACK
41.736	>>> V 0.00 11.49
41.737	S 47112 -17.31 13.71 0.00 -2.75 TRACK
41.755	>>> V 0.00 11.49
41.755	S 47132 -17.31 13.80 0.00 0.00 TRACK
41.775	>>> V 0.00 14.28
41.776	S 47152 -17.31 13.89 0.00 1.37 TRACK
41.797	>>> V 0.00 16.61
41.798	S 47172 -17.31 14.06 0.00 2.75 TRACK
41.816	>>> V 0.00 16.61
41.816	S 47192 -17.31 14.33 0.00 5.50 TRACK
41.836	>>> V 0.00 18.39
41.838	S 47212 -17.40 14.50 0.00 6.87 TRACK
41.855	>>> V 0.00 18.39
41.855	S 47232 -17.31 14.77 0.00 9.62 TRACK
41.876	>>> V 0.00 19.82
41.876	S 47252 -17.31 15.12 0.00 10.99 TRACK
41.897	>>> V 0.00 20.79
41.897	S 47272 -17.31 15.38 0.00 12.37 TRACK
41.915	>>> V 0.00 20.79
41.916	S 47292 -17.31 15.73 0.00 12.37 TRACK
41.937	>>> V 0.00 21.09
41.938	S 47312 -17.31 16.08 0.00 15.11 TRACK
41.956	>>> V 0.00 21.09
41.956	S 47332 -17.31 16.44 0.00 15.11 TRACK
41.977	>>> V 0.00 20.76
41.977	S 47352 -17.31 16.79 0.00 16.49 TRACK
41.996	>>> V 0.00 20.76
41.996	S 47372 -17.31 17.23 0.00 17.86 TRACK
42.019	>>> V 0.00 20.09
42.020	S 47392 -17.31 17.58 0.00 17.86 TRACK
42.036	>>> V 0.00 20.09
42.037	S 47412 -17.31 18.11 0.00 19.24 TRACK
42.056	>>> V 0.00 19.25
42.056	S 47432 -17.31 18.46 0.00 19.24 TRACK
42.079	>>> V 0.00 18.29
42.079	S 47452 -17.31 18.90 0.00 19.24 TRACK
42.096	>>> V 0.00 18.29
42.096	S 47472 -17.31 19.34 0.00 19.24 TRACK
42.116	>>> V 0.00 17.01
42.117	S 47492 -17.31 19.78 0.00 19.24 TRACK
42.136	>>> V 0.00 15.45
42.137	S 47512 -17.40 20.13 0.00 19.24 TRACK
42.156	>>> V 0.00 13.57
42.157	S 47532 -17.31 20.57 0.00 19.24 TRACK
42.175	>>> V 0.00 13.57
42.176	S 47552 -17.31 20.83 0.00 19.24 TRACK
42.196	>>> V 0.00 11.55
42.196	S 47572 -17.31 21.18 0.00 17.86 TRACK
42.217	>>> V 0.00 10.00
42.217	S 47592 -17.31 21.45 0.00 16.49 TRACK
42.235	>>> V 0.00 10.00
42.236	S 47612 -17.31 21.80 0.00 16.49 TRACK
42.256	>>> V 0.00 8.65
42.257	S 47632 -17.31 22.15 0.00 15.11 TRACK
42.275	>>> V 0.00 8.65
42.276	S 47652 -17.40 22.32 0.00 15.11 TRACK
42.297	>>> V 0.00 7.42
42.297	S 47672 -17.31 22.59 0.00 13.74 TRACK
42.316	>>> V 0.00 6.18
42.316	S 47692 -17.31 22.85 0.00 12.37 TRACK
42.336	>>> V 0.00 6.18
42.336	S 47712 -17.31 22.94 0.00 10.99 TRACK
42.356	>>> V 0.00 5.09
42.356	S 47732 -17.31 23.12 0.00 9.62 TRACK
42.375	>>> V 0.00 5.09
42.376	S 47752 -17.31 23.20 0.00 8.24 TRACK
42.396	>>> V 0.00 4.18
42.396	S 47772 -17.31 23.38 0.00 6.87 TRACK
42.415	>>> V 0.00 4.18
42.415	S 47792 -17.31 23.55 0.00 6.87 TRACK
42.438	>>> V 0.00 3.40
42.440	S 47812 -17.31 23.64 0.00 5.50 TRACK
42.456	>>> V 0.00 3.40
42.457	S 47832 -17.31 23.82 0.00 5.50 TRACK
42.476	>>> V 0.00 0.00
42.477	S 47852 -17.40 23.82 0.00 5.50 TRACK
42.496	>>> V 0.00 0.00
42.496	S 47872 -17.31 23.91 0.00 5.50 TRACK
42.515	>>> V 0.00 0.00
42.515	S 47892 -17.31 23.91 0.00 4.12 TRACK
42.538	>>> V 0.00 0.00
42.538	S 47912 -17.31 23.91 0.00 1.37 TRACK
42.555	>>> V 0.00 0.00
42.556	S 47932 -17.31 23.91 0.00 0.00 TRACK
42.579	>>> V 0.00 0.00
42.580	S 47952 -17.31 23.91 0.00 0.00 TRACK
42.595	>>> V 0.00 0.00
42.595	S 47972 -17.31 23.91 0.00 0.00 TRACK
42.616	>>> V 0.00 0.00
42.617	S 47992 -17.31 23.91 0.00 0.00 TRACK
42.635	>>> V 0.00 0.00
42.635	S 48012 -17.31 23.91 0.00 0.00 TRACK
42.655	>>> V 0.00 0.00
42.655	S 48032 -17.31 23.91 0.00 0.00 TRACK
42.676	>>> V 0.00 0.00
42.676	S 48052 -17.31 23.91 0.00 0.00 TRACK
42.697	>>> V 0.00 0.00
42.698	S 48072 -17.31 23.91 0.00 0.00 TRACK
42.716	>>> V 0.00 0.00
42.717	S 48092 -17.31 23.91 0.00 0.00 TRACK
42.735	>>> V 0.00 0.00
42.736	S 48112 -17.31 23.91 0.00 0.00 TRACK
42.756	>>> V 0.00 0.00
42.757	S 48132 -17.31 23.91 0.00 0.00 TRACK
42.776	>>> V 0.00 0.00
42.776	S 48152 -17.40 23.91 0.00 0.00 TRACK
42.795	>>> V 0.00 0.00
42.796	S 48172 -17.31 23.91 0.00 0.00 TRACK
42.815	>>> V 0.00 0.00
42.815	S 48192 -17.31 23.91 0.00 0.00 TRACK
42.836	>>> V 0.00 0.00
42.837	S 48212 -17.31 23.91 0.00 0.00 TRACK
42.855	>>> V 0.00 0.00
42.855	S 48232 -17.31 23.91 0.00 0.00 TRACK
42.881	>>> V 0.00 0.00
42.881	S 48252 -17.31 23.91 0.00 0.00 TRACK
42.895	>>> V 0.00 0.00
42.896	S 48272 -17.31 23.91 0.00 0.00 TRACK
42.917	>>> V 0.00 0.00
42.917	S 48292 -17.31 23.91 0.00 0.00 TRACK
42.935	>>> V 0.00 0.00
42.936	S 48312 -17.31 23.91 0.00 0.00 TRACK
42.955	>>> V 0.00 0.00
42.956	S 48332 -17.31 23.91 0.00 0.00 TRACK
42.979	>>> V 0.00 0.00
42.982	S 48352 -17.31 23.91 0.00 0.00 TRACK
42.996	>>> V 0.00 0.00
42.996	S 48372 -17.31 23.91 0.00 0.00 TRACK
43.017	>>> V 0.00 0.00
43.018	S 48392 -17.31 23.91 0.00 0.00 TRACK
43.036	>>> V 0.00 0.00
43.036	S 48412 -17.31 23.91 0.00 0.00 TRACK
43.056	>>> V 0.00 0.00
43.056	S 48432 -17.31 23.99 0.00 0.00 TRACK
43.082	>>> V 0.00 0.00
43.083	S 48452 -17.40 23.91 0.00 0.00 TRACK
43.085	S 48472 -17.31 23.91 0.00 0.00 TRACK
43.095	>>> V 0.00 0.00
43.120	>>> V 0.00 0.00
43.120	S 48492 -17.31 23.91 0.00 0.00 TRACK
43.136	>>> V 0.00 0.00
43.136	S 48512 -17.31 23.91 0.00 0.00 TRACK
43.156	>>> V 0.00 0.00
43.156	S 48532 -17.31 23.91 0.00 0.00 TRACK
43.180	>>> V 0.00 0.00
43.182	S 48552 -17.31 23.91 0.00 0.00 TRACK
43.195	>>> V 0.00 0.00
43.196	S 48572 -17.31 23.91 0.00 0.00 TRACK
43.216	>>> V 0.00 0.00
43.217	S 48592 -17.31 23.91 0.00 0.00 TRACK
43.236	>>> V 0.00 0.00
43.237	S 48612 -17.31 23.91 0.00 0.00 TRACK
43.255	>>> V 0.00 0.00
43.255	S 48632 -17.31 23.91 0.00 0.00 TRACK
43.276	>>> V 0.00 0.00
43.277	S 48652 -17.31 23.91 0.00 0.00 TRACK
43.295	>>> V 0.00 0.00
43.296	S 48672 -17.31 23.91 0.00 0.00 TRACK
43.317	>>> V 0.00 0.00
43.317	S 48692 -17.31 23.91 0.00 0.00 TRACK
43.335	>>> V 0.00 0.00
43.336	S 48712 -17.31 23.91 0.00 0.00 TRACK
43.356	>>> V 0.00 0.00
43.356	S 48732 -17.31 23.91 0.00 0.00 TRACK
43.376	>>> V 0.00 0.00
43.376	S 48752 -17.40 23.91 0.00 0.00 TRACK
43.395	>>> V 0.00 0.00
43.396	S 48772 -17.31 23.91 0.00 0.00 TRACK
43.416	>>> V 0.00 0.00
43.418	S 48792 -17.31 23.91 0.00 0.00 TRACK
43.436	>>> V 0.00 0.00
43.436	S 48812 -17.31 23.91 0.00 0.00 TRACK
43.457	>>> V 0.00 0.00
43.458	S 48832 -17.31 23.91 0.00 0.00 TRACK
43.475	>>> V 0.00 0.00
43.475	S 48852 -17.31 23.91 0.00 0.00 TRACK
43.495	>>> V 0.00 0.00
43.496	S 48872 -17.31 23.91 0.00 0.00 TRACK
43.516	>>> V 0.00 0.00
43.516	S 48892 -17.31 23.99 0.00 0.00 TRACK
43.536	>>> V 0.00 0.00
43.536	S 48912 -17.31 23.91 0.00 0.00 TRACK
43.556	>>> V 0.00 0.00
43.557	S 48932 -17.31 23.91 0.00 0.00 TRACK
43.576	>>> V 0.00 0.00
43.577	S 48952 -17.31 23.91 0.00 0.00 TRACK
43.597	>>> V 0.00 0.00
43.598	S 48972 -17.31 23.91 0.00 0.00 TRACK
43.616	>>> V 0.00 0.00
43.616	S 48992 -17.31 23.91 0.00 0.00 TRACK
43.635	>>> V 0.00 0.00
43.636	S 49012 -17.31 23.91 0.00 0.00 TRACK
43.655	>>> V 0.00 0.00
43.656	S 49032 -17.31 23.91 0.00 0.00 TRACK
43.675	>>> V 0.00 0.00
43.676	S 49052 -17.31 23.91 0.00 0.00 TRACK
43.697	>>> V 0.00 0.00
43.698	S 49072 -17.31 23.91 0.00 0.00 TRACK
43.716	>>> V 0.00 0.00
43.717	S 49092 -17.31 23.99 0.00 0.00 TRACK
43.737	>>> V 0.00 0.00
43.738	S 49112 -17.31 23.91 0.00 0.00 TRACK
43.755	>>> V 0.00 0.00
43.755	S 49132 -17.31 23.91 0.00 0.00 TRACK
43.775	>>> V 0.00 0.00
43.776	S 49152 -17.31 23.91 0.00 0.00 TRACK
43.796	>>> V 0.00 0.00
43.797	S 49172 -17.31 23.91 0.00 0.00 TRACK
43.815	>>> V 0.00 0.00
43.816	S 49192 -17.31 23.91 0.00 0.00 TRACK
43.837	>>> V 0.00 0.00
43.837	S 49212 -17.31 23.91 0.00 0.00 TRACK
43.855	>>> V 0.00 0.00
43.857	S 49232 -17.31 23.91 0.00 0.00 TRACK
43.875	>>> V 0.00 0.00
43.877	S 49252 -17.31 23.91 0.00 0.00 TRACK
43.895	>>> V 0.00 0.00
43.896	S 49272 -17.31 23.91 0.00 0.00 TRACK
43.915	>>> V 0.00 0.00
43.915	S 49292 -17.31 23.91 0.00 0.00 TRACK
43.938	>>> V 0.00 0.00
43.938	S 49312 -17.31 23.91 0.00 0.00 TRACK
43.956	>>> V 0.00 0.00
43.957	S 49332 -17.31 23.91 0.00 0.00 TRACK
43.977	>>> V 0.00 0.00
43.978	S 49352 -17.31 23.91 0.00 0.00 TRACK
43.995	>>> V 0.00 0.00
43.997	S 49372 -17.31 23.91 0.00 0.00 TRACK
44.015	>>> V 0.00 0.00
44.016	S 49392 -17.31 23.91 0.00 0.00 TRACK
44.037	>>> V 0.00 0.00
44.037	S 49412 -17.40 23.91 0.00 0.00 TRACK
44.055	>>> V 0.00 0.00
44.056	S 49432 -17.40 23.91 0.00 0.00 TRACK
44.078	>>> V 0.00 0.00
44.078	S 49452 -17.31 23.91 0.00 0.00 TRACK
44.095	>>> V 0.00 0.00
44.095	S 49472 -17.31 23.91 0.00 0.00 TRACK
44.116	>>> V 0.00 0.00
44.119	S 49492 -17.31 23.91 0.00 0.00 TRACK
44.136	>>> V 0.00 0.00
44.136	S 49512 -17.31 23.91 0.00 0.00 TRACK
44.155	>>> V 0.00 0.00
44.155	S 49532 -17.31 23.91 0.00 0.00 TRACK
44.179	>>> V 0.00 0.00
44.180	S 49552 -17.31 23.91 0.00 0.00 TRACK
44.195	>>> V 0.00 0.00
44.196	S 49572 -17.31 23.91 0.00 0.00 TRACK
44.219	>>> V 0.00 0.00
44.219	S 49592 -17.31 23.91 0.00 0.00 TRACK
44.235	>>> V 0.00 0.00
44.236	S 49612 -17.31 23.91 0.00 0.00 TRACK
44.257	>>> V 0.00 0.00
44.257	S 49632 -17.31 23.91 0.00 0.00 TRACK
44.275	>>> V 0.00 0.00
44.275	S 49652 -17.31 23.91 0.00 0.00 TRACK
44.295	>>> V 0.00 0.00
44.299	S 49672 -17.31 23.91 0.00 0.00 TRACK
44.315	>>> V 0.00 0.00
44.315	S 49692 -17.31 23.91 0.00 0.00 TRACK
44.337	>>> V 0.00 0.00
44.338	S 49712 -17.31 23.91 0.00 0.00 TRACK
44.355	>>> V 0.00 0.00
44.355	S 49732 -17.31 23.91 0.00 0.00 TRACK
44.376	>>> V 0.00 0.00
44.377	S 49752 -17.31 23.91 0.00 0.00 TRACK
44.395	>>> V 0.00 0.00
44.395	S 49772 -17.31 23.91 0.00 0.00 TRACK
44.420	>>> V 0.00 0.00
44.421	S 49792 -17.31 23.91 0.00 0.00 TRACK
44.436	>>> V 0.00 0.00
44.436	S 49812 -17.31 23.91 0.00 0.00 TRACK
44.457	>>> V 0.00 0.00
44.457	S 49832 -17.31 23.91 0.00 0.00 TRACK
44.475	>>> V 0.00 0.00
44.475	S 49852 -17.31 23.91 0.00 0.00 TRACK
44.495	>>> V 0.00 0.00
44.495	S 49872 -17.31 23.91 0.00 0.00 TRACK
44.516	>>> V 0.00 0.00
44.517	S 49892 -17.31 23.91 0.00 0.00 TRACK
44.535	>>> V 0.00 0.00
44.536	S 49912 -17.31 23.91 0.00 0.00 TRACK
44.556	>>> V 0.00 0.00
44.558	S 49932 -17.31 23.91 0.00 0.00 TRACK
44.575	>>> V 0.00 0.00
44.578	S 49952 -17.31 23.91 0.00 0.00 TRACK
44.595	>>> V 0.00 0.00
44.595	S 49972 -17.31 23.91 0.00 0.00 TRACK
44.616	>>> V 0.00 0.00
44.616	S 49992 -17.31 23.91 0.00 0.00 TRACK
44.636	>>> V 0.00 0.00
44.636	S 50012 -17.31 23.91 0.00 0.00 TRACK
44.655	>>> V 0.00 0.00
44.655	S 50032 -17.31 23.91 0.00 0.00 TRACK
44.675	>>> V 0.00 0.00
44.676	S 50052 -17.40 23.91 0.00 0.00 TRACK
44.695	>>> V 0.00 0.00
44.695	S 50072 -17.31 23.91 0.00 0.00 TRACK
44.715	>>> V 0.00 0.00
44.717	S 50092 -17.31 23.91 0.00 0.00 TRACK
44.735	>>> V 0.00 0.00
44.736	S 50112 -17.31 23.91 0.00 0.00 TRACK
44.755	>>> V 0.00 0.00
44.755	S 50132 -17.31 23.91 0.00 0.00 TRACK
44.776	>>> V 0.00 0.00
44.778	S 50152 -17.31 23.91 0.00 0.00 TRACK
44.795	>>> V 0.00 0.00
44.796	S 50172 -17.31 23.91 0.00 0.00 TRACK
44.818	>>> V 0.00 0.00
44.818	S 50192 -17.31 23.91 0.00 0.00 TRACK
44.835	>>> V 0.00 0.00
44.837	S 50212 -17.31 23.91 0.00 0.00 TRACK
44.855	>>> V 0.00 0.00
44.855	S 50232 -17.31 23.91 0.00 0.00 TRACK
44.875	>>> V 0.00 0.00
44.876	S 50252 -17.31 23.91 0.00 0.00 TRACK
44.895	>>> V 0.00 0.00
44.895	S 50272 -17.31 23.91 0.00 0.00 TRACK
44.917	>>> V 0.00 0.00
44.917	S 50292 -17.31 23.91 0.00 0.00 TRACK
44.936	>>> V 0.00 0.00
44.936	S 50312 -17.31 23.91 0.00 0.00 TRACK
44.956	>>> V 0.00 0.00
44.956	S 50332 -17.31 23.91 0.00 0.00 TRACK
44.975	>>> V 0.00 0.00
44.976	S 50352 -17.31 23.99 0.00 0.00 TRACK
44.995	>>> V 0.00 0.00
44.995	S 50372 -17.31 23.91 0.00 0.00 TRACK
45.017	>>> V 0.00 0.00
45.017	S 50392 -17.31 23.91 0.00 0.00 TRACK
45.035	>>> V 0.00 0.00
45.036	S 50412 -17.31 23.91 0.00 0.00 TRACK
45.057	>>> V 0.00 0.00
45.057	S 50432 -17.31 23.91 0.00 0.00 TRACK
45.075	>>> V 0.00 0.00
45.076	S 50452 -17.31 23.91 0.00 0.00 TRACK
45.095	>>> V 0.00 0.00
45.096	S 50472 -17.31 23.91 0.00 0.00 TRACK
45.116	>>> V 0.00 0.00
45.117	S 50492 -17.31 23.91 0.00 0.00 TRACK
45.135	>>> V 0.00 0.00
45.135	S 50512 -17.31 23.91 0.00 0.00 TRACK
45.155	>>> V 0.00 0.00
45.155	S 50532 -17.31 23.91 0.00 0.00 TRACK
45.176	>>> V 0.00 0.00
45.177	S 50552 -17.31 23.91 0.00 0.00 TRACK
45.196	>>> V 0.00 0.00
45.197	S 50572 -17.31 23.91 0.00 0.00 TRACK
45.215	>>> V 0.00 0.00
45.217	S 50592 -17.31 23.91 0.00 0.00 TRACK
45.236	>>> V 0.00 0.00
45.236	S 50612 -17.31 23.91 0.00 0.00 TRACK
45.255	>>> V 0.00 0.00
45.256	S 50632 -17.31 23.91 0.00 0.00 TRACK
45.277	>>> V 0.00 0.00
45.278	S 50652 -17.31 23.91 0.00 0.00 TRACK
45.296	>>> V 0.00 0.00
45.298	S 50672 -17.40 23.91 0.00 0.00 TRACK
45.316	>>> V 0.00 0.00
45.316	S 50692 -17.31 23.91 0.00 0.00 TRACK
45.335	>>> V 0.00 0.00
45.336	S 50712 -17.31 23.91 0.00 0.00 TRACK
45.355	>>> V 0.00 0.00
45.355	S 50732 -17.31 23.91 0.00 0.00 TRACK
45.376	>>> V 0.00 0.00
45.377	S 50752 -17.40 23.91 0.00 0.00 TRACK
45.395	>>> V 0.00 0.00
45.396	S 50772 -17.31 23.91 0.00 0.00 TRACK
45.418	>>> V 0.00 0.00
45.418	S 50792 -17.31 23.91 0.00 0.00 TRACK
45.435	>>> V 0.00 0.00
45.435	S 50812 -17.31 23.91 0.00 0.00 TRACK
45.455	>>> V 0.00 0.00
45.456	S 50832 -17.31 23.91 0.00 0.00 TRACK
45.477	>>> V 0.00 0.00
45.477	S 50852 -17.40 23.91 0.00 0.00 TRACK
45.496	>>> V 0.00 0.00
45.496	S 50872 -17.31 23.91 0.00 0.00 TRACK
45.515	>>> V 0.00 0.00
45.517	S 50892 -17.31 23.91 0.00 0.00 TRACK
45.535	>>> V 0.00 0.00
45.535	S 50912 -17.40 23.91 0.00 0.00 TRACK
45.555	>>> V 0.00 0.00
45.555	S 50932 -17.40 23.91 0.00 0.00 TRACK
45.576	>>> V 0.00 0.00
45.577	S 50952 -17.31 23.99 0.00 0.00 TRACK
45.595	>>> V 0.00 0.00
45.596	S 50972 -17.31 23.91 0.00 0.00 TRACK
45.617	>>> V 0.00 0.00
45.618	S 50992 -17.31 23.91 0.00 0.00 TRACK
45.636	>>> V 0.00 0.00
45.636	S 51012 -17.31 23.91 0.00 0.00 TRACK
45.656	>>> V 0.00 0.00
45.656	S 51032 -17.40 23.91 0.00 0.00 TRACK
45.676	>>> V 0.00 0.00
45.676	S 51052 -17.31 23.91 0.00 0.00 TRACK
45.695	>>> V 0.00 0.00
45.695	S 51072 -17.31 23.91 0.00 0.00 TRACK
45.717	>>> V 0.00 0.00
45.718	S 51092 -17.31 23.91 0.00 0.00 TRACK
45.735	>>> V 0.00 0.00
45.736	S 51112 -17.31 23.91 0.00 0.00 TRACK
45.755	>>> V 0.00 0.00
45.755	S 51132 -17.31 23.91 0.00 0.00 TRACK
45.776	>>> V 0.00 0.00
45.777	S 51152 -17.31 23.91 0.00 0.00 TRACK
45.795	>>> V 0.00 0.00
45.797	S 51172 -17.31 23.91 0.00 0.00 TRACK
45.817	>>> V 0.00 0.00
45.817	S 51192 -17.31 23.91 0.00 0.00 TRACK
45.838	>>> V 0.00 0.00
45.838	S 51212 -17.31 23.91 0.00 0.00 TRACK
45.855	>>> V 0.00 0.00
45.857	S 51232 -17.31 23.91 0.00 0.00 TRACK
45.876	>>> V 0.00 0.00
45.876	S 51252 -17.31 23.91 0.00 0.00 TRACK
45.896	>>> V 0.00 0.00
45.897	S 51272 -17.31 23.91 0.00 0.00 TRACK
45.916	>>> V 0.00 0.00
45.916	S 51292 -17.31 23.91 0.00 0.00 TRACK
45.935	>>> V 0.00 0.00
45.935	S 51312 -17.31 23.91 0.00 0.00 TRACK
45.955	>>> V 0.00 0.00
45.956	S 51332 -17.31 23.91 0.00 0.00 TRACK
45.976	>>> V 0.00 0.00
45.976	S 51352 -17.31 23.91 0.00 0.00 TRACK
45.995	>>> V 0.00 0.00
45.997	S 51372 -17.31 23.91 0.00 0.00 TRACK
46.016	>>> V 0.00 0.00
46.017	S 51392 -17.31 23.91 0.00 0.00 TRACK
46.035	>>> V 0.00 0.00
46.035	S 51412 -17.31 23.91 0.00 0.00 TRACK
46.055	>>> V 0.00 0.00
46.055	S 51432 -17.31 23.91 0.00 0.00 TRACK
46.076	>>> V 0.00 0.00
46.077	S 51452 -17.31 23.91 0.00 0.00 TRACK
46.096	>>> V 0.00 0.00
46.097	S 51472 -17.31 23.91 0.00 0.00 TRACK
46.117	>>> V 0.00 0.00
46.118	S 51492 -17.40 23.91 0.00 0.00 TRACK
46.135	>>> V 0.00 0.00
46.137	S 51512 -17.31 23.91 0.00 0.00 TRACK
46.155	>>> V 0.00 0.00
46.156	S 51532 -17.31 23.91 0.00 0.00 TRACK
46.176	>>> V 0.00 0.00
46.177	S 51552 -17.31 23.91 0.00 0.00 TRACK
46.195	>>> V 0.00 0.00
46.197	S 51572 -17.31 23.91 0.00 0.00 TRACK
46.217	>>> V 0.00 0.00
46.218	S 51592 -17.31 23.91 0.00 0.00 TRACK
46.235	>>> V 0.00 0.00
46.236	S 51612 -17.31 23.91 0.00 0.00 TRACK
46.255	>>> V 0.00 0.00
46.256	S 51632 -17.31 23.91 0.00 0.00 TRACK
46.276	>>> V 0.00 0.00
46.277	S 51652 -17.31 23.91 0.00 0.00 TRACK
46.295	>>> V 0.00 0.00
46.297	S 51672 -17.31 23.91 0.00 0.00 TRACK
46.317	>>> V 0.00 0.00
46.318	S 51692 -17.40 23.91 0.00 0.00 TRACK
46.335	>>> V 0.00 0.00
46.335	S 51712 -17.31 23.91 0.00 0.00 TRACK
46.355	>>> V 0.00 0.00
46.356	S 51732 -17.31 23.91 0.00 0.00 TRACK
46.379	>>> V 0.00 0.00
46.380	S 51752 -17.31 23.91 0.00 0.00 TRACK
46.395	>>> V 0.00 0.00
46.396	S 51772 -17.31 23.91 0.00 0.00 TRACK
46.417	>>> V 0.00 0.00
46.418	S 51792 -17.31 23.91 0.00 0.00 TRACK
46.435	>>> V 0.00 0.00
46.436	S 51812 -17.31 23.91 0.00 0.00 TRACK
46.455	>>> V 0.00 0.00
46.455	S 51832 -17.31 23.91 0.00 0.00 TRACK
46.476	>>> V 0.00 0.00
46.476	S 51852 -17.31 23.91 0.00 0.00 TRACK
46.495	>>> V 0.00 0.00
46.496	S 51872 -17.40 23.91 0.00 0.00 TRACK
46.518	>>> V 0.00 0.00
46.518	S 51892 -17.31 23.91 0.00 0.00 TRACK
46.535	>>> V 0.00 0.00
46.537	S 51912 -17.31 23.91 0.00 0.00 TRACK
46.556	>>> V 0.00 0.00
46.556	S 51932 -17.31 23.91 0.00 0.00 TRACK
46.575	>>> V 0.00 0.00
46.576	S 51952 -17.31 23.91 0.00 0.00 TRACK
46.595	>>> V 0.00 0.00
46.595	S 51972 -17.31 23.91 0.00 0.00 TRACK
46.616	>>> V 0.00 0.00
46.616	S 51992 -17.31 23.91 0.00 0.00 TRACK
46.635	>>> V 0.00 0.00
46.637	S 52012 -17.31 23.91 0.00 0.00 TRACK
46.657	>>> V 0.00 0.00
46.658	S 52032 -17.31 23.91 0.00 0.00 TRACK
46.677	>>> V 0.00 0.00
46.677	S 52052 -17.31 23.91 0.00 0.00 TRACK
46.696	>>> V 0.00 0.00
46.696	S 52072 -17.31 23.91 0.00 0.00 TRACK
46.716	>>> V 0.00 0.00
46.717	S 52092 -17.31 23.91 0.00 0.00 TRACK
46.735	>>> V 0.00 0.00
46.735	S 52112 -17.31 23.91 0.00 0.00 TRACK
46.759	>>> V 0.00 0.00
46.760	S 52132 -17.31 23.91 0.00 0.00 TRACK
46.776	>>> V 0.00 0.00
46.776	S 52152 -17.31 23.91 0.00 0.00 TRACK
46.796	>>> V 0.00 0.00
46.796	S 52172 -17.31 23.91 0.00 0.00 TRACK
46.816	>>> V 0.00 0.00
46.817	S 52192 -17.31 23.91 0.00 0.00 TRACK
46.836	>>> V 0.00 0.00
46.836	S 52212 -17.31 23.91 0.00 0.00 TRACK
46.856	>>> V 0.00 0.00
46.856	S 52232 -17.31 23.91 0.00 0.00 TRACK
46.876	>>> V 0.00 0.00
46.876	S 52252 -17.31 23.91 0.00 0.00 TRACK
46.895	>>> V 0.00 0.00
46.895	S 52272 -17.31 23.91 0.00 0.00 TRACK
46.918	>>> V 0.00 0.00
46.919	S 52292 -17.31 23.91 0.00 0.00 TRACK
46.936	>>> V 0.00 0.00
46.937	S 52312 -17.31 23.91 0.00 0.00 TRACK
46.956	>>> V 0.00 0.00
46.957	S 52332 -17.31 23.91 0.00 0.00 TRACK
46.976	>>> V 0.00 0.00
46.976	S 52352 -17.31 23.91 0.00 0.00 TRACK
46.995	>>> V 0.00 0.00
46.996	S 52372 -17.31 23.91 0.00 0.00 TRACK
47.018	>>> V 0.00 0.00
47.020	S 52392 -17.31 23.91 0.00 0.00 TRACK
47.035	>>> V 0.00 0.00
47.035	S 52412 -17.31 23.91 0.00 0.00 TRACK
47.055	>>> V 0.00 0.00
47.055	S 52432 -17.31 23.91 0.00 0.00 TRACK
47.078	>>> V 0.00 0.00
47.078	S 52452 -17.40 23.91 0.00 0.00 TRACK
47.095	>>> V 0.00 0.00
47.096	S 52472 -17.40 23.91 0.00 0.00 TRACK
47.116	>>> V 0.00 0.00
47.116	S 52492 -17.31 23.91 0.00 0.00 TRACK
47.135	>>> V 0.00 0.00
47.136	S 52512 -17.31 23.91 0.00 0.00 TRACK
47.157	>>> V 0.00 0.00
47.158	S 52532 -17.31 23.91 0.00 0.00 TRACK
47.176	>>> V 0.00 0.00
47.177	S 52552 -17.31 23.91 0.00 0.00 TRACK
47.195	>>> V 0.00 0.00
47.196	S 52572 -17.31 23.99 0.00 0.00 TRACK
47.218	>>> V 0.00 0.00
47.219	S 52592 -17.31 23.91 0.00 0.00 TRACK
47.236	>>> V 0.00 0.00
47.238	S 52612 -17.31 23.91 0.00 0.00 TRACK
47.256	>>> V 0.00 0.00
47.256	S 52632 -17.31 23.91 0.00 0.00 TRACK
47.282	>>> V 0.00 0.00
47.283	S 52652 -17.31 23.99 0.00 0.00 TRACK
47.285	S 52672 -17.40 23.91 0.00 0.00 TRACK
47.296	>>> V 0.00 0.00
47.317	>>> V 0.00 0.00
47.318	S 52692 -17.31 23.91 0.00 0.00 TRACK
47.335	>>> V 0.00 0.00
47.336	S 52712 -17.31 23.91 0.00 0.00 TRACK
47.357	>>> V 0.00 0.00
47.357	S 52732 -17.31 23.91 0.00 0.00 TRACK
47.376	>>> V 0.00 0.00
47.377	S 52752 -17.31 23.91 0.00 0.00 TRACK
47.396	>>> V 0.00 0.00
47.396	S 52772 -17.31 23.91 0.00 0.00 TRACK
47.417	>>> V 0.00 0.00
47.417	S 52792 -17.31 23.91 0.00 0.00 TRACK
47.435	>>> V 0.00 0.00
47.436	S 52812 -17.31 23.91 0.00 0.00 TRACK
47.456	>>> V 0.00 0.00
47.457	S 52832 -17.31 23.91 0.00 0.00 TRACK
47.476	>>> V 0.00 0.00
47.477	S 52852 -17.31 23.91 0.00 0.00 TRACK
47.495	>>> V 0.00 0.00
47.495	S 52872 -17.31 23.91 0.00 0.00 TRACK
47.516	>>> V 0.00 0.00
47.517	S 52892 -17.31 23.91 0.00 0.00 TRACK
47.535	>>> V 0.00 0.00
47.535	S 52912 -17.31 23.91 0.00 0.00 TRACK
47.555	>>> V 0.00 0.00
47.556	S 52932 -17.31 23.91 0.00 0.00 TRACK
47.576	>>> V 0.00 0.00
47.577	S 52952 -17.31 23.91 0.00 0.00 TRACK
47.595	>>> V 0.00 0.00
47.596	S 52972 -17.31 23.91 0.00 0.00 TRACK
47.618	>>> V 0.00 0.00
47.619	S 52992 -17.31 23.91 0.00 0.00 TRACK
47.636	>>> V 0.00 0.00
47.636	S 53012 -17.40 23.91 0.00 0.00 TRACK
47.656	>>> V 0.00 0.00
47.656	S 53032 -17.31 23.99 0.00 0.00 TRACK
47.676	>>> V 0.00 0.00
47.678	S 53052 -17.31 23.91 0.00 0.00 TRACK
47.695	>>> V 0.00 0.00
47.695	S 53072 -17.31 23.91 0.00 0.00 TRACK
47.718	>>> V 0.00 0.00
47.719	S 53092 -17.40 23.91 0.00 0.00 TRACK
47.736	>>> V 0.00 0.00
47.737	S 53112 -17.31 23.91 0.00 0.00 TRACK
47.756	>>> V 0.00 0.00
47.758	S 53132 -17.31 23.91 0.00 0.00 TRACK
47.775	>>> V 0.00 0.00
47.776	S 53152 -17.31 23.91 0.00 0.00 TRACK
47.795	>>> V 0.00 0.00
47.796	S 53172 -17.31 23.91 0.00 0.00 TRACK
47.816	>>> V 0.00 0.00
47.817	S 53192 -17.40 23.91 0.00 0.00 TRACK
47.835	>>> V 0.00 0.00
47.836	S 53212 -17.31 23.91 0.00 0.00 TRACK
47.855	>>> V 0.00 0.00
47.855	S 53232 -17.31 23.91 0.00 0.00 TRACK
47.875	>>> V 0.00 0.00
47.876	S 53252 -17.31 23.91 0.00 0.00 TRACK
47.895	>>> V 0.00 0.00
47.896	S 53272 -17.31 23.91 0.00 0.00 TRACK
47.916	>>> V 0.00 0.00
47.916	S 53292 -17.31 23.91 0.00 0.00 TRACK
47.935	>>> V 0.00 0.00
47.936	S 53312 -17.31 23.91 0.00 0.00 TRACK
47.956	>>> V 0.00 0.00
47.956	S 53332 -17.31 23.91 0.00 0.00 TRACK
47.976	>>> V 0.00 0.00
47.976	S 53352 -17.31 23.91 0.00 0.00 TRACK
47.995	>>> V 0.00 0.00
47.995	S 53372 -17.31 23.91 0.00 0.00 TRACK
48.017	>>> V 0.00 0.00
48.018	S 53392 -17.31 23.99 0.00 0.00 TRACK
48.036	>>> V 0.00 0.00
48.037	S 53412 -17.31 23.91 0.00 0.00 TRACK
48.055	>>> V 0.00 0.00
48.056	S 53432 -17.31 23.91 0.00 0.00 TRACK
48.077	>>> V 0.00 0.00
48.077	S 53452 -17.31 23.91 0.00 0.00 TRACK
48.095	>>> V 0.00 0.00
48.095	S 53472 -17.31 23.91 0.00 0.00 TRACK
48.116	>>> V 0.00 0.00
48.118	S 53492 -17.31 23.91 0.00 0.00 TRACK
48.136	>>> V 0.00 0.00
48.136	S 53512 -17.31 23.99 0.00 0.00 TRACK
48.156	>>> V 0.00 0.00
48.157	S 53532 -17.31 23.91 0.00 0.00 TRACK
48.175	>>> V 0.00 0.00
48.175	S 53552 -17.31 23.91 0.00 0.00 TRACK
48.195	>>> V 0.00 0.00
48.198	S 53572 -17.31 23.91 0.00 0.00 TRACK
48.219	>>> V 0.00 0.00
48.220	S 53592 -17.31 23.91 0.00 0.00 TRACK
48.235	>>> V 0.00 0.00
48.236	S 53612 -17.31 23.91 0.00 0.00 TRACK
48.255	>>> V 0.00 0.00
48.255	S 53632 -17.40 23.91 0.00 0.00 TRACK
48.277	>>> V 0.00 0.00
48.278	S 53652 -17.31 23.91 0.00 0.00 TRACK
48.295	>>> V 0.00 0.00
48.295	S 53672 -17.31 23.91 0.00 0.00 TRACK
48.316	>>> V 0.00 0.00
48.317	S 53692 -17.31 23.91 0.00 0.00 TRACK
48.336	>>> V 0.00 0.00
48.337	S 53712 -17.31 23.91 0.00 0.00 TRACK
48.355	>>> V 0.00 0.00
48.356	S 53732 -17.40 23.91 0.00 0.00 TRACK
48.384	>>> V 0.00 0.00
48.385	S 53752 -17.31 23.91 0.00 0.00 TRACK
48.387	S 53772 -17.40 23.91 0.00 0.00 TRACK
48.395	>>> V 0.00 0.00
48.419	>>> V 0.00 0.00
48.420	S 53792 -17.31 23.91 0.00 0.00 TRACK
48.437	>>> V 0.00 0.00
48.437	S 53812 -17.31 23.99 0.00 0.00 TRACK
48.455	>>> V 0.00 0.00
48.456	S 53832 -17.31 23.91 0.00 0.00 TRACK
48.477	>>> V 0.00 0.00
48.479	S 53852 -17.31 23.91 0.00 0.00 TRACK
48.495	>>> V 0.00 0.00
48.496	S 53872 -17.31 23.91 0.00 0.00 TRACK
48.515	>>> V 0.00 0.00
48.518	S 53892 -17.31 23.99 0.00 0.00 TRACK
48.535	>>> V 0.00 0.00
48.535	S 53912 -17.31 23.91 0.00 0.00 TRACK
48.555	>>> V 0.00 0.00
48.555	S 53932 -17.31 23.91 0.00 0.00 TRACK
48.584	>>> V 0.00 0.00
48.586	S 53952 -17.31 23.91 0.00 0.00 TRACK
48.587	S 53972 -17.31 23.91 0.00 0.00 TRACK
48.595	>>> V 0.00 0.00
48.618	>>> V 0.00 0.00
48.619	S 53992 -17.31 23.91 0.00 0.00 TRACK
48.636	>>> V 0.00 0.00
48.636	S 54012 -17.31 23.91 0.00 0.00 TRACK
48.655	>>> V 0.00 0.00
48.656	S 54032 -17.31 23.91 0.00 0.00 TRACK
48.677	>>> V 0.00 0.00
48.680	S 54052 -17.31 23.91 0.00 0.00 TRACK
48.695	>>> V 0.00 0.00
48.696	S 54072 -17.31 23.91 0.00 0.00 TRACK
48.717	>>> V 0.00 0.00
48.718	S 54092 -17.31 23.91 0.00 0.00 TRACK
48.735	>>> V 0.00 0.00
48.736	S 54112 -17.31 23.91 0.00 0.00 TRACK
48.757	>>> V 0.00 0.00
48.758	S 54132 -17.31 23.91 0.00 0.00 TRACK
48.777	>>> V 0.00 0.00
48.778	S 54152 -17.31 23.91 0.00 0.00 TRACK
48.795	>>> V 0.00 0.00
48.796	S 54172 -17.31 23.99 0.00 0.00 TRACK
48.818	>>> V 0.00 0.00
48.819	S 54192 -17.31 23.91 0.00 0.00 TRACK
48.836	>>> V 0.00 0.00
48.837	S 54212 -17.31 23.91 0.00 0.00 TRACK
48.855	>>> V 0.00 0.00
48.856	S 54232 -17.31 23.91 0.00 0.00 TRACK
48.876	>>> V 0.00 0.00
48.876	S 54252 -17.31 23.91 0.00 0.00 TRACK
48.895	>>> V 0.00 0.00
48.897	S 54272 -17.31 23.91 0.00 0.00 TRACK
48.917	>>> V 0.00 0.00
48.918	S 54292 -17.31 23.91 0.00 0.00 TRACK
48.936	>>> V 0.00 0.00
48.936	S 54312 -17.40 23.91 0.00 0.00 TRACK
48.956	>>> V 0.00 0.00
48.956	S 54332 -17.31 23.91 0.00 0.00 TRACK
48.975	>>> V 0.00 0.00
48.976	S 54352 -17.31 23.91 0.00 0.00 TRACK
48.995	>>> V 0.00 0.00
48.995	S 54372 -17.31 23.91 0.00 0.00 TRACK
49.017	>>> V 0.00 0.00
49.018	S 54392 -17.31 23.91 0.00 0.00 TRACK
49.036	>>> V 0.00 0.00
49.037	S 54413 -17.31 23.91 0.00 0.00 TRACK
49.057	>>> V 0.00 0.00
49.058	S 54433 -17.31 23.91 0.00 0.00 TRACK
49.075	>>> V 0.00 0.00
49.076	S 54453 -17.40 23.91 0.00 0.00 TRACK
49.096	>>> V 0.00 0.00
49.096	S 54473 -17.31 23.91 0.00 0.00 TRACK
49.116	>>> V 0.00 0.00
49.117	S 54493 -17.31 23.91 0.00 0.00 TRACK
49.135	>>> V 0.00 0.00
49.136	S 54513 -17.40 23.91 0.00 0.00 TRACK
49.155	>>> V 0.00 0.00
49.155	S 54533 -17.31 23.91 0.00 0.00 TRACK
49.176	>>> V 0.00 0.00
49.176	S 54553 -17.31 23.99 0.00 0.00 TRACK
49.195	>>> V 0.00 0.00
49.195	S 54573 -17.31 23.91 0.00 0.00 TRACK
49.216	>>> V 0.00 0.00
49.217	S 54593 -17.31 23.91 0.00 0.00 TRACK
49.235	>>> V 0.00 0.00
49.236	S 54613 -17.31 23.91 0.00 0.00 TRACK
49.256	>>> V 0.00 0.00
49.256	S 54633 -17.31 23.91 0.00 0.00 TRACK
49.276	>>> V 0.00 0.00
49.276	S 54653 -17.31 23.91 0.00 0.00 TRACK
49.295	>>> V 0.00 0.00
49.295	S 54673 -17.31 23.91 0.00 0.00 TRACK
49.316	>>> V 0.00 0.00
49.316	S 54693 -17.31 23.91 0.00 0.00 TRACK
49.335	>>> V 0.00 0.00
49.335	S 54713 -17.31 23.91 0.00 0.00 TRACK
49.356	>>> V 0.00 0.00
49.356	S 54733 -17.31 23.91 0.00 0.00 TRACK
49.376	>>> V 0.00 0.00
49.376	S 54753 -17.31 23.91 0.00 0.00 TRACK
49.398	>>> V 0.00 0.00
49.398	S 54773 -17.31 23.91 0.00 0.00 TRACK
49.415	>>> V 0.00 0.00
49.417	S 54793 -17.31 23.91 0.00 0.00 TRACK
49.435	>>> V 0.00 0.00
49.436	S 54813 -17.31 23.91 0.00 0.00 TRACK
49.457	>>> V 0.00 0.00
49.457	S 54833 -17.40 23.91 0.00 0.00 TRACK
49.475	>>> V 0.00 0.00
49.476	S 54853 -17.31 23.91 0.00 0.00 TRACK
49.497	>>> V 0.00 0.00
49.497	S 54873 -17.31 23.91 0.00 0.00 TRACK
49.515	>>> V 0.00 0.00
49.516	S 54893 -17.31 23.91 0.00 0.00 TRACK
49.535	>>> V 0.00 0.00
49.536	S 54913 -17.31 23.91 0.00 0.00 TRACK
49.556	>>> V 0.00 0.00
49.556	S 54933 -17.31 23.91 0.00 0.00 TRACK
49.575	>>> V 0.00 0.00
49.576	S 54953 -17.31 23.91 0.00 0.00 TRACK
49.597	>>> V 0.00 0.00
49.597	S 54973 -17.31 23.91 0.00 0.00 TRACK
49.616	>>> V 0.00 0.00
49.617	S 54993 -17.31 23.91 0.00 0.00 TRACK
49.635	>>> V 0.00 0.00
49.636	S 55013 -17.31 23.91 0.00 0.00 TRACK
49.656	>>> V 0.00 0.00
49.656	S 55033 -17.31 23.91 0.00 0.00 TRACK
49.675	>>> V 0.00 0.00
49.677	S 55053 -17.31 23.91 0.00 0.00 TRACK
49.696	>>> V 0.00 0.00
49.697	S 55073 -17.40 23.99 0.00 0.00 TRACK
49.715	>>> V 0.00 0.00
49.716	S 55093 -17.31 23.91 0.00 0.00 TRACK
49.735	>>> V 0.00 0.00
49.736	S 55113 -17.31 23.91 0.00 0.00 TRACK
49.756	>>> V 0.00 0.00
49.756	S 55133 -17.31 23.91 0.00 0.00 TRACK
49.776	>>> V 0.00 0.00
49.776	S 55153 -17.31 23.99 0.00 0.00 TRACK
49.797	>>> V 0.00 0.00
49.797	S 55173 -17.31 23.91 0.00 0.00 TRACK
49.816	>>> V 0.00 0.00
49.818	S 55193 -17.31 23.91 0.00 0.00 TRACK
49.837	>>> V 0.00 0.00
49.837	S 55213 -17.31 23.91 0.00 0.00 TRACK
49.855	>>> V 0.00 0.00
49.856	S 55233 -17.31 23.91 0.00 0.00 TRACK
49.875	>>> V 0.00 0.00
49.878	S 55253 -17.31 23.91 0.00 0.00 TRACK
49.900	>>> V 0.00 0.00
49.901	S 55273 -17.31 23.91 0.00 0.00 TRACK
49.916	>>> V 0.00 0.00
49.916	S 55293 -17.31 23.91 0.00 0.00 TRACK
49.935	>>> V 0.00 0.00
49.936	S 55313 -17.40 23.91 0.00 0.00 TRACK
49.957	>>> V 0.00 0.00
49.958	S 55333 -17.31 23.91 0.00 0.00 TRACK
49.976	>>> V 0.00 0.00
49.978	S 55353 -17.31 23.91 0.00 0.00 TRACK
49.998	>>> V 0.00 0.00
49.999	S 55373 -17.31 23.91 0.00 0.00 TRACK
50.015	>>> V 0.00 0.00
50.016	S 55393 -17.31 23.91 0.00 0.00 TRACK
50.036	>>> V 0.00 0.00
50.036	S 55413 -17.31 23.91 0.00 0.00 TRACK
50.058	>>> V 0.00 0.00
50.059	S 55433 -17.31 23.91 0.00 0.00 TRACK
50.076	>>> V 0.00 0.00
50.077	S 55453 -17.31 23.91 0.00 0.00 TRACK
50.099	>>> V 0.00 0.00
50.099	S 55473 -17.31 23.91 0.00 0.00 TRACK
50.115	>>> V 0.00 0.00
50.118	S 55493 -17.31 23.91 0.00 0.00 TRACK
50.135	>>> V 0.00 0.00
50.136	S 55513 -17.31 23.91 0.00 0.00 TRACK
50.158	>>> V 0.00 0.00
50.159	S 55533 -17.31 23.91 0.00 0.00 TRACK
50.176	>>> V 0.00 0.00
50.176	S 55553 -17.31 23.91 0.00 0.00 TRACK
50.197	>>> V 0.00 0.00
50.197	S 55573 -17.31 23.99 0.00 0.00 TRACK
50.216	>>> V 0.00 0.00
50.217	S 55593 -17.40 23.91 0.00 0.00 TRACK
50.235	>>> V 0.00 0.00
50.235	S 55613 -17.31 23.91 0.00 0.00 TRACK
50.257	>>> V 0.00 0.00
50.257	S 55633 -17.40 23.91 0.00 0.00 TRACK
50.276	>>> V 0.00 0.00
50.277	S 55653 -17.31 23.99 0.00 0.00 TRACK
50.295	>>> V 0.00 0.00
50.295	S 55673 -17.31 23.91 0.00 0.00 TRACK
50.320	>>> V 0.00 0.00
50.320	S 55693 -17.31 23.91 0.00 0.00 TRACK
50.336	>>> V 0.00 0.00
50.337	S 55713 -17.31 23.91 0.00 0.00 TRACK
50.357	>>> V 0.00 0.00
50.357	S 55733 -17.31 23.91 0.00 0.00 TRACK
50.377	>>> V 0.00 0.00
50.381	S 55753 -17.31 23.91 0.00 0.00 TRACK
50.395	>>> V 0.00 0.00
50.396	S 55773 -17.31 23.91 0.00 0.00 TRACK
50.416	>>> V 0.00 0.00
50.416	S 55793 -17.31 23.91 0.00 0.00 TRACK
50.436	>>> V 0.00 0.00
50.436	S 55813 -17.31 23.91 0.00 0.00 TRACK
50.457	>>> V 0.00 0.00
50.458	S 55833 -17.31 23.91 0.00 0.00 TRACK
50.475	>>> V 0.00 0.00
50.476	S 55853 -17.31 23.91 0.00 0.00 TRACK
50.495	>>> V 0.00 0.00
50.495	S 55873 -17.31 23.91 0.00 0.00 TRACK
50.515	>>> V 0.00 0.00
50.516	S 55893 -17.31 23.99 0.00 0.00 TRACK
50.535	>>> V 0.00 0.00
50.535	S 55913 -17.31 23.91 0.00 0.00 TRACK
50.556	>>> V 0.00 0.00
50.557	S 55933 -17.31 23.91 0.00 0.00 TRACK
50.576	>>> V 0.00 0.00
50.577	S 55953 -17.31 23.91 0.00 0.00 TRACK
50.595	>>> V 0.00 0.00
50.596	S 55973 -17.31 23.91 0.00 0.00 TRACK
50.616	>>> V 0.00 0.00
50.616	S 55993 -17.31 23.91 0.00 0.00 TRACK
50.635	>>> V 0.00 0.00
50.636	S 56013 -17.31 23.91 0.00 0.00 TRACK
50.656	>>> V 0.00 0.00
50.657	S 56033 -17.31 23.91 0.00 0.00 TRACK
50.676	>>> V 0.00 0.00
50.676	S 56053 -17.31 23.91 0.00 0.00 TRACK
50.698	>>> V 0.00 0.00
50.698	S 56073 -17.31 23.91 0.00 0.00 TRACK
50.715	>>> V 0.00 0.00
50.716	S 56093 -17.31 23.91 0.00 0.00 TRACK
50.736	>>> V 0.00 0.00
50.736	S 56113 -17.31 23.91 0.00 0.00 TRACK
50.756	>>> V 0.00 0.00
50.756	S 56133 -17.31 23.91 0.00 0.00 TRACK
50.775	>>> V 0.00 0.00
50.775	S 56153 -17.31 23.91 0.00 0.00 TRACK
50.797	>>> V 0.00 0.00
50.797	S 56173 -17.31 23.91 0.00 0.00 TRACK
50.815	>>> V 0.00 0.00
50.818	S 56193 -17.31 23.91 0.00 0.00 TRACK
50.837	>>> V 0.00 0.00
50.838	S 56213 -17.31 23.91 0.00 0.00 TRACK
50.855	>>> V 0.00 0.00
50.856	S 56233 -17.31 23.91 0.00 0.00 TRACK
50.875	>>> V 0.00 0.00
50.876	S 56253 -17.31 23.91 0.00 0.00 TRACK
50.895	>>> V 0.00 0.00
50.896	S 56273 -17.31 23.91 0.00 0.00 TRACK
50.915	>>> V 0.00 0.00
50.915	S 56293 -17.31 23.91 0.00 0.00 TRACK
50.937	>>> V 0.00 0.00
50.938	S 56313 -17.31 23.91 0.00 0.00 TRACK
50.955	>>> V 0.00 0.00
50.959	S 56333 -17.31 23.91 0.00 0.00 TRACK
50.976	>>> V 0.00 0.00
50.976	S 56353 -17.31 23.91 0.00 0.00 TRACK
50.997	>>> V 0.00 0.00
50.998	S 56373 -17.40 23.91 0.00 0.00 TRACK
51.016	>>> V 0.00 0.00
51.017	S 56393 -17.31 23.91 0.00 0.00 TRACK
51.038	>>> V 0.00 0.00
51.039	S 56413 -17.31 23.91 0.00 0.00 TRACK
51.056	>>> V 0.00 0.00
51.056	S 56433 -17.31 23.91 0.00 0.00 TRACK
51.075	>>> V 0.00 0.00
51.076	S 56453 -17.31 23.91 0.00 0.00 TRACK
51.096	>>> V 0.00 0.00
51.097	S 56473 -17.31 23.91 0.00 0.00 TRACK
51.116	>>> V 0.00 0.00
51.117	S 56493 -17.31 23.91 0.00 0.00 TRACK
51.136	>>> V 0.00 0.00
51.137	S 56513 -17.31 23.91 0.00 0.00 TRACK
51.155	>>> V 0.00 0.00
51.157	S 56533 -17.31 23.91 0.00 0.00 TRACK
51.175	>>> V 0.00 0.00
51.175	S 56553 -17.31 23.91 0.00 0.00 TRACK
51.197	>>> V 0.00 0.00
51.197	S 56573 -17.31 23.91 0.00 0.00 TRACK
51.215	>>> V 0.00 0.00
51.216	S 56593 -17.31 23.91 0.00 0.00 TRACK
51.238	>>> V 0.00 0.00
51.238	S 56613 -17.31 23.91 0.00 0.00 TRACK
51.256	>>> V 0.00 0.00
51.257	S 56633 -17.31 23.91 0.00 0.00 TRACK
51.275	>>> V 0.00 0.00
51.276	S 56653 -17.31 23.91 0.00 0.00 TRACK
51.295	>>> V 0.00 0.00
51.296	S 56673 -17.31 23.91 0.00 0.00 TRACK
51.315	>>> V 0.00 0.00
51.316	S 56693 -17.31 23.91 0.00 0.00 TRACK
51.336	>>> V 0.00 0.00
51.337	S 56713 -17.31 23.91 0.00 0.00 TRACK
51.356	>>> V 0.00 0.00
51.357	S 56733 -17.31 23.91 0.00 0.00 TRACK
51.375	>>> V 0.00 0.00
51.376	S 56753 -17.31 23.91 0.00 0.00 TRACK
51.396	>>> V 0.00 0.00
51.396	S 56773 -17.31 23.91 0.00 0.00 TRACK
51.415	>>> V 0.00 0.00
51.418	S 56793 -17.31 23.91 0.00 0.00 TRACK
51.437	>>> V 0.00 0.00
51.437	S 56813 -17.31 23.91 0.00 0.00 TRACK
51.457	>>> V 0.00 0.00
51.458	S 56833 -17.40 23.91 0.00 0.00 TRACK
51.475	>>> V 0.00 0.00
51.475	S 56853 -17.40 23.91 0.00 0.00 TRACK
51.497	>>> V 0.00 0.00
51.497	S 56873 -17.31 23.91 0.00 0.00 TRACK
51.516	>>> V 0.00 0.00
51.516	S 56893 -17.31 23.91 0.00 0.00 TRACK
51.536	>>> V 0.00 0.00
51.536	S 56913 -17.31 23.91 0.00 0.00 TRACK
51.555	>>> V 0.00 0.00
51.557	S 56933 -17.31 23.91 0.00 0.00 TRACK
51.575	>>> V 0.00 0.00
51.575	S 56953 -17.31 23.91 0.00 0.00 TRACK
51.597	>>> V 0.00 0.00
51.597	S 56973 -17.31 23.91 0.00 0.00 TRACK
51.617	>>> V 0.00 0.00
51.617	S 56993 -17.40 23.91 0.00 0.00 TRACK
51.636	>>> V 0.00 0.00
51.636	S 57013 -17.31 23.91 0.00 0.00 TRACK
51.655	>>> V 0.00 0.00
51.659	S 57033 -17.40 23.91 0.00 0.00 TRACK
51.675	>>> V 0.00 0.00
51.676	S 57053 -17.31 23.91 0.00 0.00 TRACK
51.696	>>> V 0.00 0.00
51.696	S 57073 -17.40 23.91 0.00 0.00 TRACK
51.717	>>> V 0.00 0.00
51.717	S 57093 -17.31 23.91 0.00 0.00 TRACK
51.735	>>> V 0.00 0.00
51.736	S 57113 -17.31 23.91 0.00 0.00 TRACK
51.757	>>> V 0.00 0.00
51.758	S 57133 -17.31 23.91 0.00 0.00 TRACK
51.776	>>> V 0.00 0.00
51.777	S 57153 -17.31 23.91 0.00 0.00 TRACK
51.796	>>> V 0.00 0.00
51.797	S 57173 -17.31 23.91 0.00 0.00 TRACK
51.816	>>> V 0.00 0.00
51.817	S 57193 -17.31 23.91 0.00 0.00 TRACK
51.835	>>> V 0.00 0.00
51.836	S 57213 -17.31 23.91 0.00 0.00 TRACK
51.857	>>> V 0.00 0.00
51.858	S 57233 -17.31 23.91 0.00 0.00 TRACK
51.875	>>> V 0.00 0.00
51.876	S 57253 -17.31 23.91 0.00 0.00 TRACK
51.895	>>> V 0.00 0.00
51.896	S 57273 -17.31 23.91 0.00 0.00 TRACK
51.915	>>> V 0.00 0.00
51.916	S 57293 -17.31 23.91 0.00 0.00 TRACK
51.935	>>> V 0.00 0.00
51.935	S 57313 -17.31 23.91 0.00 0.00 TRACK
51.956	>>> V 0.00 0.00
51.956	S 57333 -17.40 23.91 0.00 0.00 TRACK
51.976	>>> V 0.00 0.00
51.976	S 57353 -17.31 23.99 0.00 0.00 TRACK
51.995	>>> V 0.00 0.00
51.995	S 57373 -17.31 23.91 0.00 0.00 TRACK
52.018	>>> V 0.00 0.00
52.018	S 57393 -17.40 23.91 0.00 0.00 TRACK
52.036	>>> V 0.00 0.00
52.036	S 57413 -17.31 23.91 0.00 0.00 TRACK
52.057	>>> V 0.00 0.00
52.058	S 57433 -17.31 23.91 0.00 0.00 TRACK
52.075	>>> V 0.00 0.00
52.076	S 57453 -17.31 23.91 0.00 0.00 TRACK
52.095	>>> V 0.00 0.00
52.095	S 57473 -17.31 23.91 0.00 0.00 TRACK
52.117	>>> V 0.00 0.00
52.118	S 57493 -17.40 23.91 0.00 0.00 TRACK
52.135	>>> V 0.00 0.00
52.136	S 57513 -17.31 23.91 0.00 0.00 TRACK
52.158	>>> V 0.00 0.00
52.159	S 57533 -17.31 23.99 0.00 0.00 TRACK
52.176	>>> V 0.00 0.00
52.176	S 57553 -17.31 23.91 0.00 0.00 TRACK
52.197	>>> V 0.00 0.00
52.198	S 57573 -17.31 23.91 0.00 0.00 TRACK
52.215	>>> V 0.00 0.00
52.215	S 57593 -17.31 23.91 0.00 0.00 TRACK
52.235	>>> V 0.00 0.00
52.235	S 57613 -17.31 23.91 0.00 0.00 TRACK
52.255	>>> V 0.00 0.00
52.256	S 57633 -17.31 23.91 0.00 0.00 TRACK
52.275	>>> V 0.00 0.00
52.278	S 57653 -17.31 23.91 0.00 0.00 TRACK
52.299	>>> V 0.00 0.00
52.302	S 57673 -17.31 23.91 0.00 0.00 TRACK
52.317	>>> V 0.00 0.00
52.318	S 57693 -17.31 23.91 0.00 0.00 TRACK
52.335	>>> V 0.00 0.00
52.336	S 57713 -17.31 23.91 0.00 0.00 TRACK
52.357	>>> V 0.00 0.00
52.357	S 57733 -17.31 23.91 0.00 0.00 TRACK
52.375	>>> V 0.00 0.00
52.376	S 57753 -17.31 23.91 0.00 0.00 TRACK
52.396	>>> V 0.00 0.00
52.396	S 57773 -17.31 23.91 0.00 0.00 TRACK
52.418	>>> V 0.00 0.00
52.419	S 57793 -17.31 23.91 0.00 0.00 TRACK
52.436	>>> V 0.00 0.00
52.437	S 57813 -17.31 23.91 0.00 0.00 TRACK
52.457	>>> V 0.00 0.00
52.457	S 57833 -17.31 23.99 0.00 0.00 TRACK
52.475	>>> V 0.00 0.00
52.477	S 57853 -17.31 23.91 0.00 0.00 TRACK
52.495	>>> V 0.00 0.00
52.495	S 57873 -17.31 23.91 0.00 0.00 TRACK
52.515	>>> V 0.00 0.00
52.515	S 57893 -17.31 23.91 0.00 0.00 TRACK
52.535	>>> V 0.00 0.00
52.535	S 57913 -17.31 23.91 0.00 0.00 TRACK
52.555	>>> V 0.00 0.00
52.555	S 57933 -17.31 23.91 0.00 0.00 TRACK
52.575	>>> V 0.00 0.00
52.575	S 57953 -17.31 23.91 0.00 0.00 TRACK
52.595	>>> V 0.00 0.00
52.596	S 57973 -17.31 23.91 0.00 0.00 TRACK
52.616	>>> V 0.00 0.00
52.617	S 57993 -17.31 23.99 0.00 0.00 TRACK
52.636	>>> V 0.00 0.00
52.636	S 58013 -17.31 23.91 0.00 0.00 TRACK
52.656	>>> V 0.00 0.00
52.657	S 58033 -17.31 23.91 0.00 0.00 TRACK
52.675	>>> V 0.00 0.00
52.675	S 58053 -17.31 23.91 0.00 0.00 TRACK
52.695	>>> V 0.00 0.00
52.695	S 58073 -17.31 23.91 0.00 0.00 TRACK
52.717	>>> V 0.00 0.00
52.717	S 58093 -17.31 23.91 0.00 0.00 TRACK
52.735	>>> V 0.00 0.00
52.735	S 58113 -17.31 23.91 0.00 0.00 TRACK
52.755	>>> V 0.00 0.00
52.756	S 58133 -17.31 23.99 0.00 0.00 TRACK
52.778	>>> V 0.00 0.00
52.780	S 58153 -17.31 23.91 0.00 0.00 TRACK
52.795	>>> V 0.00 0.00
52.796	S 58173 -17.31 23.91 0.00 0.00 TRACK
52.816	>>> V 0.00 0.00
52.817	S 58193 -17.31 23.91 0.00 0.00 TRACK
52.836	>>> V 0.00 0.00
52.836	S 58213 -17.31 23.91 0.00 0.00 TRACK
52.857	>>> V 0.00 0.00
52.857	S 58233 -17.31 23.91 0.00 0.00 TRACK
52.875	>>> V 0.00 0.00
52.876	S 58253 -17.31 23.91 0.00 0.00 TRACK
52.895	>>> V 0.00 0.00
52.895	S 58273 -17.31 23.91 0.00 0.00 TRACK
52.916	>>> V 0.00 0.00
52.920	S 58293 -17.31 23.91 0.00 0.00 TRACK
52.935	>>> V 0.00 0.00
52.936	S 58313 -17.40 23.91 0.00 0.00 TRACK
52.958	>>> V 0.00 0.00
52.958	S 58333 -17.31 23.91 0.00 0.00 TRACK
52.975	>>> V 0.00 0.00
52.975	S 58353 -17.31 23.91 0.00 0.00 TRACK
52.995	>>> V 0.00 0.00
52.996	S 58373 -17.31 23.91 0.00 0.00 TRACK
53.016	>>> V 0.00 0.00
53.016	S 58393 -17.31 23.91 0.00 0.00 TRACK
53.035	>>> V 0.00 0.00
53.035	S 58413 -17.31 23.91 0.00 0.00 TRACK
53.056	>>> V 0.00 0.00
53.057	S 58433 -17.31 23.91 0.00 0.00 TRACK
53.076	>>> V 0.00 0.00
53.077	S 58453 -17.31 23.91 0.00 0.00 TRACK
53.097	>>> V 0.00 0.00
53.097	S 58473 -17.31 23.91 0.00 0.00 TRACK
53.115	>>> V 0.00 0.00
53.117	S 58493 -17.31 23.91 0.00 0.00 TRACK
53.135	>>> V 0.00 0.00
53.135	S 58513 -17.31 23.91 0.00 0.00 TRACK
53.157	>>> V 0.00 0.00
53.158	S 58533 -17.31 23.91 0.00 0.00 TRACK
53.175	>>> V 0.00 0.00
53.177	S 58553 -17.31 23.99 0.00 0.00 TRACK
53.196	>>> V 0.00 0.00
53.198	S 58573 -17.31 23.91 0.00 0.00 TRACK
53.216	>>> V 0.00 0.00
53.216	S 58593 -17.31 23.91 0.00 0.00 TRACK
53.236	>>> V 0.00 0.00
53.236	S 58613 -17.31 23.91 0.00 0.00 TRACK
53.256	>>> V 0.00 0.00
53.256	S 58633 -17.31 23.91 0.00 0.00 TRACK
53.275	>>> V 0.00 0.00
53.275	S 58653 -17.31 23.91 0.00 0.00 TRACK
53.297	>>> V 0.00 0.00
53.298	S 58673 -17.31 23.91 0.00 0.00 TRACK
53.316	>>> V 0.00 0.00
53.316	S 58693 -17.31 23.91 0.00 0.00 TRACK
53.336	>>> V 0.00 0.00
53.336	S 58713 -17.31 23.91 0.00 0.00 TRACK
53.355	>>> V 0.00 0.00
53.357	S 58733 -17.31 23.91 0.00 0.00 TRACK
53.375	>>> V 0.00 0.00
53.375	S 58753 -17.31 23.91 0.00 0.00 TRACK
53.397	>>> V 0.00 0.00
53.397	S 58773 -17.31 23.91 0.00 0.00 TRACK
53.416	>>> V 0.00 0.00
53.417	S 58793 -17.31 23.91 0.00 0.00 TRACK
53.436	>>> V 0.00 0.00
53.437	S 58813 -17.31 23.91 0.00 0.00 TRACK
53.457	>>> V 0.00 0.00
53.457	S 58833 -17.31 23.91 0.00 0.00 TRACK
53.475	>>> V 0.00 0.00
53.475	S 58853 -17.31 23.91 0.00 0.00 TRACK
53.497	>>> V 0.00 0.00
53.497	S 58873 -17.31 23.91 0.00 0.00 TRACK
53.515	>>> V 0.00 0.00
53.515	S 58893 -17.31 23.91 0.00 0.00 TRACK
53.537	>>> V 0.00 0.00
53.537	S 58913 -17.31 23.91 0.00 0.00 TRACK
53.555	>>> V 0.00 0.00
53.556	S 58933 -17.31 23.91 0.00 0.00 TRACK
53.575	>>> V 0.00 0.00
53.575	S 58953 -17.31 23.91 0.00 0.00 TRACK
53.595	>>> V 0.00 0.00
53.596	S 58973 -17.31 23.91 0.00 0.00 TRACK
53.615	>>> V 0.00 0.00
53.616	S 58993 -17.31 23.91 0.00 0.00 TRACK
53.636	>>> V 0.00 0.00
53.638	S 59013 -17.31 23.91 0.00 0.00 TRACK
53.656	>>> V 0.00 0.00
53.657	S 59033 -17.31 23.91 0.00 0.00 TRACK
53.675	>>> V 0.00 0.00
53.676	S 59053 -17.31 23.91 0.00 0.00 TRACK
53.696	>>> V 0.00 0.00
53.697	S 59073 -17.31 23.91 0.00 0.00 TRACK
53.715	>>> V 0.00 0.00
53.716	S 59093 -17.31 23.91 0.00 0.00 TRACK
53.737	>>> V 0.00 0.00
53.737	S 59113 -17.31 23.91 0.00 0.00 TRACK
53.756	>>> V 0.00 0.00
53.757	S 59133 -17.40 23.91 0.00 0.00 TRACK
53.776	>>> V 0.00 0.00
53.776	S 59153 -17.31 23.91 0.00 0.00 TRACK
53.795	>>> V 0.00 0.00
53.796	S 59173 -17.31 23.91 0.00 0.00 TRACK
53.815	>>> V 0.00 0.00
53.817	S 59193 -17.31 23.91 0.00 0.00 TRACK
53.837	>>> V 0.00 0.00
53.837	S 59213 -17.31 23.91 0.00 0.00 TRACK
53.855	>>> V 0.00 0.00
53.856	S 59233 -17.31 23.91 0.00 0.00 TRACK
53.875	>>> V 0.00 0.00
53.876	S 59253 -17.40 23.91 0.00 0.00 TRACK
53.897	>>> V 0.00 0.00
53.897	S 59273 -17.31 23.91 0.00 0.00 TRACK
53.916	>>> V 0.00 0.00
53.917	S 59293 -17.40 23.91 0.00 0.00 TRACK
53.936	>>> V 0.00 0.00
53.936	S 59313 -17.31 23.91 0.00 0.00 TRACK
53.957	>>> V 0.00 0.00
53.958	S 59333 -17.31 23.91 0.00 0.00 TRACK
53.975	>>> V 0.00 0.00
53.976	S 59353 -17.31 23.91 0.00 0.00 TRACK
53.995	>>> V 0.00 0.00
53.996	S 59373 -17.31 23.91 0.00 0.00 TRACK
54.015	>>> V 0.00 0.00
54.016	S 59393 -17.31 23.91 0.00 0.00 TRACK
54.035	>>> V 0.00 0.00
54.036	S 59413 -17.31 23.91 0.00 0.00 TRACK
54.056	>>> V 0.00 0.00
54.057	S 59433 -17.40 23.91 0.00 0.00 TRACK
54.075	>>> V 0.00 0.00
54.076	S 59453 -17.31 23.91 0.00 0.00 TRACK
54.095	>>> V 0.00 0.00
54.096	S 59473 -17.31 23.91 0.00 0.00 TRACK
54.116	>>> V 0.00 0.00
54.118	S 59493 -17.31 23.91 0.00 0.00 TRACK
54.136	>>> V 0.00 0.00
54.137	S 59513 -17.31 23.91 0.00 0.00 TRACK
54.156	>>> V 0.00 0.00
54.157	S 59533 -17.31 23.91 0.00 0.00 TRACK
54.176	>>> V 0.00 0.00
54.176	S 59553 -17.31 23.91 0.00 0.00 TRACK
54.195	>>> V 0.00 0.00
54.195	S 59573 -17.40 23.91 0.00 0.00 TRACK
54.221	>>> V 0.00 0.00
54.222	S 59593 -17.31 23.91 0.00 0.00 TRACK
54.236	>>> V 0.00 0.00
54.237	S 59613 -17.31 23.91 0.00 0.00 TRACK
54.256	>>> V 0.00 0.00
54.257	S 59633 -17.31 23.91 0.00 0.00 TRACK
54.275	>>> V 0.00 0.00
54.275	S 59653 -17.31 23.91 0.00 0.00 TRACK
54.295	>>> V 0.00 0.00
54.295	S 59673 -17.31 23.91 0.00 0.00 TRACK
54.319	>>> V 0.00 0.00
54.320	S 59693 -17.31 23.91 0.00 0.00 TRACK
54.337	>>> V 0.00 0.00
54.338	S 59713 -17.31 23.91 0.00 0.00 TRACK
54.359	>>> V 0.00 0.00
54.359	S 59733 -17.31 23.91 0.00 0.00 TRACK
54.375	>>> V 0.00 0.00
54.376	S 59753 -17.31 23.91 0.00 0.00 TRACK
54.395	>>> V 0.00 0.00
54.396	S 59773 -17.31 23.91 0.00 0.00 TRACK
54.416	>>> V 0.00 0.00
54.418	S 59793 -17.31 23.99 0.00 0.00 TRACK
54.436	>>> V 0.00 0.00
54.436	S 59813 -17.31 23.91 0.00 0.00 TRACK
54.458	>>> V 0.00 0.00
54.458	S 59833 -17.40 23.91 0.00 0.00 TRACK
54.475	>>> V 0.00 0.00
54.477	S 59853 -17.31 23.91 0.00 0.00 TRACK
54.495	>>> V 0.00 0.00
54.496	S 59873 -17.31 23.91 0.00 0.00 TRACK
54.516	>>> V 0.00 0.00
54.516	S 59893 -17.31 23.91 0.00 0.00 TRACK
54.535	>>> V 0.00 0.00
54.536	S 59913 -17.31 23.91 0.00 0.00 TRACK
54.555	>>> V 0.00 0.00
54.556	S 59933 -17.31 23.91 0.00 0.00 TRACK
54.575	>>> V 0.00 0.00
54.576	S 59953 -17.31 23.91 0.00 0.00 TRACK
54.595	>>> V 0.00 0.00
54.597	S 59973 -17.31 23.91 0.00 0.00 TRACK
54.616	>>> V 0.00 0.00
54.616	S 59993 -17.31 23.91 0.00 0.00 TRACK
54.635	>>> V 0.00 0.00
54.637	S 60013 -17.31 23.91 0.00 0.00 TRACK
54.656	>>> V 0.00 0.00
54.656	S 60033 -17.31 23.91 0.00 0.00 TRACK
54.675	>>> V 0.00 0.00
54.676	S 60053 -17.31 23.91 0.00 0.00 TRACK
54.695	>>> V 0.00 0.00
54.696	S 60073 -17.31 23.91 0.00 0.00 TRACK
54.716	>>> V 0.00 0.00
54.716	S 60093 -17.31 23.91 0.00 0.00 TRACK
54.735	>>> V 0.00 0.00
54.735	S 60113 -17.31 23.91 0.00 0.00 TRACK
54.757	>>> V 0.00 0.00
54.758	S 60133 -17.31 23.91 0.00 0.00 TRACK
54.775	>>> V 0.00 0.00
54.776	S 60153 -17.40 23.91 0.00 0.00 TRACK
54.796	>>> V 0.00 0.00
54.796	S 60173 -17.31 23.91 0.00 0.00 TRACK
54.816	>>> V 0.00 0.00
54.816	S 60193 -17.31 23.99 0.00 0.00 TRACK
54.835	>>> V 0.00 0.00
54.835	S 60213 -17.31 23.91 0.00 0.00 TRACK
54.857	>>> V 0.00 0.00
54.857	S 60233 -17.31 23.91 0.00 0.00 TRACK
54.875	>>> V 0.00 0.00
54.876	S 60253 -17.31 23.91 0.00 0.00 TRACK
54.895	>>> V 0.00 0.00
54.896	S 60273 -17.31 23.91 0.00 0.00 TRACK
54.918	>>> V 0.00 0.00
54.919	S 60293 -17.31 23.99 0.00 0.00 TRACK
54.936	>>> V 0.00 0.00
54.937	S 60313 -17.31 23.91 0.00 0.00 TRACK
54.958	>>> V 0.00 0.00
54.961	S 60333 -17.31 23.91 0.00 0.00 TRACK
54.975	>>> V 0.00 0.00
54.977	S 60353 -17.31 23.91 0.00 0.00 TRACK
54.995	>>> V 0.00 0.00
54.995	S 60373 -17.31 23.91 0.00 0.00 TRACK
55.016	>>> V 0.00 0.00
55.016	S 60393 -17.40 23.91 0.00 0.00 TRACK
55.035	>>> V 0.00 0.00
55.035	S 60413 -17.31 23.91 0.00 0.00 TRACK
55.056	>>> V 0.00 0.00
55.057	S 60433 -17.31 23.91 0.00 0.00 TRACK
55.075	>>> V 0.00 0.00
55.076	S 60453 -17.31 23.91 0.00 0.00 TRACK
55.095	>>> V 0.00 0.00
55.095	S 60473 -17.31 23.91 0.00 0.00 TRACK
55.121	>>> V 0.00 0.00
55.122	S 60493 -17.31 23.91 0.00 0.00 TRACK
55.135	>>> V 0.00 0.00
55.136	S 60513 -17.31 23.99 0.00 0.00 TRACK
55.158	>>> V 0.00 0.00
55.159	S 60533 -17.31 23.91 0.00 0.00 TRACK
55.175	>>> V 0.00 0.00
55.177	S 60553 -17.31 23.91 0.00 0.00 TRACK
55.199	>>> V 0.00 0.00
55.199	S 60573 -17.31 23.91 0.00 0.00 TRACK
55.224	>>> V 0.00 0.00
55.225	S 60593 -17.31 23.91 0.00 0.00 TRACK
55.227	S 60613 -17.40 23.91 0.00 0.00 TRACK
55.235	>>> V 0.00 0.00
55.258	>>> V 0.00 0.00
55.258	S 60633 -17.31 23.91 0.00 0.00 TRACK
55.277	>>> V 0.00 0.00
55.277	S 60653 -17.31 23.91 0.00 0.00 TRACK
55.295	>>> V 0.00 0.00
55.296	S 60673 -17.40 23.91 0.00 0.00 TRACK
55.316	>>> V 0.00 0.00
55.317	S 60693 -17.31 23.91 0.00 0.00 TRACK
55.336	>>> V 0.00 0.00
55.336	S 60713 -17.31 23.91 0.00 0.00 TRACK
55.356	>>> V 0.00 0.00
55.357	S 60733 -17.31 23.91 0.00 0.00 TRACK
55.375	>>> V 0.00 0.00
55.376	S 60753 -17.31 23.91 0.00 0.00 TRACK
55.396	>>> V 0.00 0.00
55.397	S 60773 -17.31 23.91 0.00 0.00 TRACK
55.415	>>> V 0.00 0.00
55.415	S 60793 -17.40 23.91 0.00 0.00 TRACK
55.436	>>> V 0.00 0.00
55.436	S 60813 -17.31 23.91 0.00 0.00 TRACK
55.455	>>> V 0.00 0.00
55.455	S 60833 -17.31 23.99 0.00 0.00 TRACK
55.476	>>> V 0.00 0.00
55.476	S 60853 -17.31 23.91 0.00 0.00 TRACK
55.495	>>> V 0.00 0.00
55.496	S 60873 -17.31 23.91 0.00 0.00 TRACK
55.519	>>> V 0.00 0.00
55.520	S 60893 -17.31 23.91 0.00 0.00 TRACK
55.536	>>> V 0.00 0.00
55.536	S 60913 -17.31 23.91 0.00 0.00 TRACK
55.556	>>> V 0.00 0.00
55.558	S 60933 -17.31 23.91 0.00 0.00 TRACK
55.575	>>> V 0.00 0.00
55.578	S 60953 -17.31 23.91 0.00 0.00 TRACK
55.595	>>> V 0.00 0.00
55.596	S 60973 -17.31 23.91 0.00 0.00 TRACK
55.617	>>> V 0.00 0.00
55.617	S 60993 -17.31 23.91 0.00 0.00 TRACK
55.637	>>> V 0.00 0.00
55.637	S 61013 -17.31 23.91 0.00 0.00 TRACK
55.656	>>> V 0.00 0.00
55.657	S 61033 -17.31 23.91 0.00 0.00 TRACK
55.675	>>> V 0.00 0.00
55.676	S 61053 -17.40 23.91 0.00 0.00 TRACK
55.695	>>> V 0.00 0.00
55.695	S 61073 -17.31 23.91 0.00 0.00 TRACK
55.715	>>> V 0.00 0.00
55.716	S 61093 -17.31 23.91 0.00 0.00 TRACK
55.735	>>> V 0.00 0.00
55.735	S 61113 -17.31 23.99 0.00 0.00 TRACK
55.755	>>> V 0.00 0.00
55.757	S 61133 -17.31 23.91 0.00 0.00 TRACK
55.776	>>> V 0.00 0.00
55.776	S 61153 -17.31 23.91 0.00 0.00 TRACK
55.796	>>> V 0.00 0.00
55.798	S 61173 -17.31 23.91 0.00 0.00 TRACK
55.816	>>> V 0.00 0.00
55.817	S 61193 -17.31 23.91 0.00 0.00 TRACK
55.836	>>> V 0.00 0.00
55.838	S 61213 -17.31 23.91 0.00 0.00 TRACK
55.857	>>> V 0.00 0.00
55.857	S 61233 -17.31 23.91 0.00 0.00 TRACK
55.875	>>> V 0.00 0.00
55.876	S 61253 -17.31 23.91 0.00 0.00 TRACK
55.896	>>> V 0.00 0.00
55.896	S 61273 -17.31 23.91 0.00 0.00 TRACK
55.916	>>> V 0.00 0.00
55.918	S 61293 -17.31 23.91 0.00 0.00 TRACK
55.936	>>> V 0.00 0.00
55.936	S 61313 -17.31 23.91 0.00 0.00 TRACK
55.956	>>> V 0.00 0.00
55.956	S 61333 -17.31 23.91 0.00 0.00 TRACK
55.975	>>> V 0.00 0.00
55.975	S 61353 -17.31 23.91 0.00 0.00 TRACK
55.995	>>> V 0.00 0.00
55.995	S 61373 -17.31 23.91 0.00 0.00 TRACK
56.018	>>> V 0.00 0.00
56.020	S 61393 -17.31 23.91 0.00 0.00 TRACK
56.036	>>> V 0.00 0.00
56.037	S 61413 -17.31 23.91 0.00 0.00 TRACK
56.057	>>> V 0.00 0.00
56.060	S 61433 -17.40 23.91 0.00 0.00 TRACK
56.075	>>> V 0.00 0.00
56.075	S 61453 -17.31 23.91 0.00 0.00 TRACK
56.095	>>> V 0.00 0.00
56.095	S 61473 -17.31 23.91 0.00 0.00 TRACK
56.117	>>> V 0.00 0.00
56.119	S 61493 -17.31 23.91 0.00 0.00 TRACK
56.136	>>> V 0.00 0.00
56.137	S 61513 -17.31 23.91 0.00 0.00 TRACK
56.158	>>> V 0.00 0.00
56.158	S 61533 -17.40 23.99 0.00 0.00 TRACK
56.175	>>> V 0.00 0.00
56.177	S 61553 -17.31 23.99 0.00 0.00 TRACK
56.195	>>> V 0.00 0.00
56.196	S 61573 -17.31 23.91 0.00 0.00 TRACK
56.217	>>> V 0.00 0.00
56.217	S 61593 -17.31 23.91 0.00 0.00 TRACK
56.236	>>> V 0.00 0.00
56.236	S 61613 -17.31 23.91 0.00 0.00 TRACK
56.257	>>> V 0.00 0.00
56.258	S 61633 -17.31 23.91 0.00 0.00 TRACK
56.275	>>> V 0.00 0.00
56.276	S 61653 -17.31 23.91 0.00 0.00 TRACK
56.295	>>> V 0.00 0.00
56.296	S 61673 -17.31 23.91 0.00 0.00 TRACK
56.316	>>> V 0.00 0.00
56.317	S 61693 -17.31 23.91 0.00 0.00 TRACK
56.336	>>> V 0.00 0.00
56.337	S 61713 -17.31 23.91 0.00 0.00 TRACK
56.357	>>> V 0.00 0.00
56.357	S 61733 -17.31 23.91 0.00 0.00 TRACK
56.375	>>> V 0.00 0.00
56.376	S 61753 -17.40 23.91 0.00 0.00 TRACK
56.395	>>> V 0.00 0.00
56.396	S 61773 -17.31 23.91 0.00 0.00 TRACK
56.416	>>> V 0.00 0.00
56.416	S 61793 -17.31 23.91 0.00 0.00 TRACK
56.436	>>> V 0.00 0.00
56.436	S 61813 -17.31 23.91 0.00 0.00 TRACK
56.457	>>> V 0.00 0.00
56.457	S 61833 -17.31 23.91 0.00 0.00 TRACK
56.476	>>> V 0.00 0.00
56.477	S 61853 -17.31 23.91 0.00 0.00 TRACK
56.496	>>> V 0.00 0.00
56.496	S 61873 -17.31 23.91 0.00 0.00 TRACK
56.516	>>> V 0.00 0.00
56.517	S 61893 -17.31 23.91 0.00 0.00 TRACK
56.535	>>> V 0.00 0.00
56.535	S 61913 -17.31 23.91 0.00 0.00 TRACK
56.557	>>> V 0.00 0.00
56.559	S 61934 -17.31 23.91 0.00 0.00 TRACK
56.577	>>> V 0.00 0.00
56.577	S 61953 -17.31 23.91 0.00 0.00 TRACK
56.596	>>> V 0.00 0.00
56.597	S 61974 -17.31 23.91 0.00 0.00 TRACK
56.616	>>> V 0.00 0.00
56.617	S 61994 -17.31 23.91 0.00 0.00 TRACK
56.635	>>> V 0.00 0.00
56.636	S 62014 -17.31 23.91 0.00 0.00 TRACK
56.656	>>> V 0.00 0.00
56.656	S 62034 -17.31 23.91 0.00 0.00 TRACK
56.675	>>> V 0.00 0.00
56.678	S 62054 -17.31 23.91 0.00 0.00 TRACK
56.695	>>> V 0.00 0.00
56.695	S 62074 -17.31 23.91 0.00 0.00 TRACK
56.716	>>> V 0.00 0.00
56.716	S 62094 -17.31 23.91 0.00 0.00 TRACK
56.735	>>> V 0.00 0.00
56.735	S 62114 -17.31 23.91 0.00 0.00 TRACK
56.757	>>> V 0.00 0.00
56.758	S 62134 -17.31 23.91 0.00 0.00 TRACK
56.775	>>> V 0.00 0.00
56.776	S 62154 -17.31 23.91 0.00 0.00 TRACK
56.798	>>> V 0.00 0.00
56.798	S 62174 -17.31 23.91 0.00 0.00 TRACK
56.815	>>> V 0.00 0.00
56.815	S 62194 -17.31 23.91 0.00 0.00 TRACK
56.836	>>> V 0.00 0.00
56.837	S 62214 -17.31 23.91 0.00 0.00 TRACK
56.857	>>> V 0.00 0.00
56.857	S 62234 -17.31 23.91 0.00 0.00 TRACK
56.875	>>> V 0.00 0.00
56.875	S 62254 -17.31 23.91 0.00 0.00 TRACK
56.896	>>> V 0.00 0.00
56.899	S 62274 -17.31 23.91 0.00 0.00 TRACK
56.917	>>> V 0.00 0.00
56.918	S 62294 -17.40 23.91 0.00 0.00 TRACK
56.935	>>> V 0.00 0.00
56.937	S 62314 -17.31 23.91 0.00 0.00 TRACK
56.957	>>> V 0.00 0.00
56.958	S 62334 -17.31 23.91 0.00 0.00 TRACK
56.976	>>> V 0.00 0.00
56.976	S 62354 -17.31 23.91 0.00 0.00 TRACK
56.997	>>> V 0.00 0.00
56.997	S 62374 -17.31 23.91 0.00 0.00 TRACK
57.016	>>> V 0.00 0.00
57.017	S 62394 -17.31 23.91 0.00 0.00 TRACK
57.035	>>> V 0.00 0.00
57.035	S 62414 -17.31 23.91 0.00 0.00 TRACK
57.057	>>> V 0.00 0.00
57.057	S 62434 -17.31 23.91 0.00 0.00 TRACK
57.075	>>> V 0.00 0.00
57.076	S 62454 -17.31 23.91 0.00 0.00 TRACK
57.097	>>> V 0.00 0.00
57.098	S 62474 -17.31 23.91 0.00 0.00 TRACK
57.115	>>> V 0.00 0.00
57.116	S 62494 -17.31 23.91 0.00 0.00 TRACK
57.136	>>> V 0.00 0.00
57.136	S 62514 -17.31 23.91 0.00 0.00 TRACK
57.156	>>> V 0.00 0.00
57.156	S 62534 -17.31 23.91 0.00 0.00 TRACK
57.175	>>> V 0.00 0.00
57.175	S 62554 -17.31 23.91 0.00 0.00 TRACK
57.196	>>> V 0.00 0.00
57.197	S 62574 -17.31 23.91 0.00 0.00 TRACK
57.215	>>> V 0.00 0.00
57.216	S 62594 -17.40 23.91 0.00 0.00 TRACK
57.236	>>> V 0.00 0.00
57.237	S 62614 -17.31 23.91 0.00 0.00 TRACK
57.256	>>> V 0.00 0.00
57.257	S 62634 -17.31 23.91 0.00 0.00 TRACK
57.275	>>> V 0.00 0.00
57.276	S 62654 -17.31 23.91 0.00 0.00 TRACK
57.296	>>> V 0.00 0.00
57.296	S 62674 -17.40 23.91 0.00 0.00 TRACK
57.315	>>> V 0.00 0.00
57.315	S 62694 -17.31 23.91 0.00 0.00 TRACK
57.337	>>> V 0.00 0.00
57.337	S 62714 -17.31 23.91 0.00 0.00 TRACK
57.357	>>> V 0.00 0.00
57.357	S 62734 -17.31 23.91 0.00 0.00 TRACK
57.375	>>> V 0.00 0.00
57.376	S 62754 -17.31 23.91 0.00 0.00 TRACK
57.396	>>> V 0.00 0.00
57.397	S 62774 -17.40 23.91 0.00 0.00 TRACK
57.415	>>> V 0.00 0.00
57.416	S 62794 -17.31 23.91 0.00 0.00 TRACK
57.437	>>> V 0.00 0.00
57.437	S 62814 -17.40 23.91 0.00 0.00 TRACK
57.456	>>> V 0.00 0.00
57.457	S 62834 -17.31 23.91 0.00 0.00 TRACK
57.476	>>> V 0.00 0.00
57.476	S 62854 -17.31 23.91 0.00 0.00 TRACK
57.496	>>> V 0.00 0.00
57.496	S 62874 -17.31 23.99 0.00 0.00 TRACK
57.515	>>> V 0.00 0.00
57.516	S 62894 -17.31 23.91 0.00 0.00 TRACK
57.539	>>> V 0.00 0.00
57.539	S 62914 -17.40 23.91 0.00 0.00 TRACK
57.555	>>> V 0.00 0.00
57.556	S 62934 -17.31 23.91 0.00 0.00 TRACK
57.575	>>> V 0.00 0.00
57.576	S 62954 -17.31 23.99 0.00 0.00 TRACK
57.598	>>> V 0.00 0.00
57.598	S 62974 -17.31 23.91 0.00 0.00 TRACK
57.616	>>> V 0.00 0.00
57.616	S 62994 -17.31 23.91 0.00 0.00 TRACK
57.637	>>> V 0.00 0.00
57.638	S 63014 -17.40 23.99 0.00 0.00 TRACK
57.655	>>> V 0.00 0.00
57.657	S 63034 -17.31 23.91 0.00 0.00 TRACK
57.675	>>> V 0.00 0.00
57.676	S 63054 -17.31 23.91 0.00 0.00 TRACK
57.699	>>> V 0.00 0.00
57.699	S 63074 -17.31 23.91 0.00 0.00 TRACK
57.715	>>> V 0.00 0.00
57.716	S 63094 -17.31 23.91 0.00 0.00 TRACK
57.737	>>> V 0.00 0.00
57.738	S 63114 -17.31 23.91 0.00 0.00 TRACK
57.756	>>> V 0.00 0.00
57.757	S 63134 -17.31 23.91 0.00 0.00 TRACK
57.777	>>> V 0.00 0.00
57.777	S 63154 -17.31 23.91 0.00 0.00 TRACK
57.795	>>> V 0.00 0.00
57.797	S 63174 -17.31 23.91 0.00 0.00 TRACK
57.816	>>> V 0.00 0.00
57.816	S 63194 -17.31 23.91 0.00 0.00 TRACK
57.837	>>> V 0.00 0.00
57.839	S 63214 -17.31 23.91 0.00 0.00 TRACK
57.856	>>> V 0.00 0.00
57.857	S 63234 -17.31 23.91 0.00 0.00 TRACK
57.876	>>> V 0.00 0.00
57.876	S 63254 -17.31 23.91 0.00 0.00 TRACK
57.896	>>> V 0.00 0.00
57.898	S 63274 -17.31 23.91 0.00 0.00 TRACK
57.918	>>> V 0.00 0.00
57.919	S 63294 -17.31 23.99 0.00 0.00 TRACK
57.936	>>> V 0.00 0.00
57.937	S 63314 -17.31 23.91 0.00 0.00 TRACK
57.958	>>> V 0.00 0.00
57.959	S 63334 -17.40 23.91 0.00 0.00 TRACK
57.976	>>> V 0.00 0.00
57.977	S 63354 -17.31 23.91 0.00 0.00 TRACK
57.995	>>> V 0.00 0.00
57.996	S 63374 -17.31 23.91 0.00 0.00 TRACK
58.016	>>> V 0.00 0.00
58.016	S 63394 -17.31 23.91 0.00 0.00 TRACK
58.035	>>> V 0.00 0.00
58.036	S 63414 -17.31 23.91 0.00 0.00 TRACK
58.055	>>> V 0.00 0.00
58.056	S 63434 -17.31 23.91 0.00 0.00 TRACK
58.075	>>> V 0.00 0.00
58.075	S 63454 -17.31 23.91 0.00 0.00 TRACK
58.095	>>> V 0.00 0.00
58.095	S 63474 -17.31 23.91 0.00 0.00 TRACK
58.121	>>> V 0.00 0.00
58.123	S 63494 -17.31 23.91 0.00 0.00 TRACK
58.136	>>> V 0.00 0.00
58.139	S 63514 -17.31 23.91 0.00 0.00 TRACK
58.158	>>> V 0.00 0.00
58.159	S 63534 -17.31 23.91 0.00 0.00 TRACK
58.175	>>> V 0.00 0.00
58.176	S 63554 -17.31 23.91 0.00 0.00 TRACK
58.195	>>> V 0.00 0.00
58.196	S 63574 -17.31 23.91 0.00 0.00 TRACK
58.215	>>> V 0.00 0.00
58.216	S 63594 -17.40 23.91 0.00 0.00 TRACK
58.235	>>> V 0.00 0.00
58.236	S 63614 -17.31 23.91 0.00 0.00 TRACK
58.257	>>> V 0.00 0.00
58.257	S 63634 -17.31 23.91 0.00 0.00 TRACK
58.276	>>> V 0.00 0.00
58.276	S 63654 -17.31 23.91 0.00 0.00 TRACK
58.298	>>> V 0.00 0.00
58.298	S 63674 -17.31 23.91 0.00 0.00 TRACK
58.316	>>> V 0.00 0.00
58.317	S 63694 -17.31 23.91 0.00 0.00 TRACK
58.335	>>> V 0.00 0.00
58.336	S 63714 -17.31 23.91 0.00 0.00 TRACK
58.357	>>> V 0.00 0.00
58.358	S 63734 -17.31 23.91 0.00 0.00 TRACK
58.376	>>> V 0.00 0.00
58.377	S 63754 -17.31 23.91 0.00 0.00 TRACK
58.397	>>> V 0.00 0.00
58.397	S 63774 -17.31 23.91 0.00 0.00 TRACK
58.415	>>> V 0.00 0.00
58.416	S 63794 -17.31 23.91 0.00 0.00 TRACK
58.435	>>> V 0.00 0.00
58.436	S 63814 -17.31 23.91 0.00 0.00 TRACK
58.458	>>> V 0.00 0.00
58.458	S 63834 -17.31 23.91 0.00 0.00 TRACK
58.476	>>> V 0.00 0.00
58.477	S 63854 -17.31 23.91 0.00 0.00 TRACK
58.496	>>> V 0.00 0.00
58.496	S 63874 -17.31 23.91 0.00 0.00 TRACK
58.518	>>> V 0.00 0.00
58.520	S 63894 -17.40 23.91 0.00 0.00 TRACK
58.536	>>> V 0.00 0.00
58.537	S 63914 -17.31 23.91 0.00 0.00 TRACK
58.555	>>> V 0.00 0.00
58.557	S 63934 -17.31 23.91 0.00 0.00 TRACK
58.575	>>> V 0.00 0.00
58.576	S 63954 -17.40 23.91 0.00 0.00 TRACK
58.597	>>> V 0.00 0.00
58.597	S 63974 -17.31 23.91 0.00 0.00 TRACK
58.615	>>> V 0.00 0.00
58.616	S 63994 -17.31 23.91 0.00 0.00 TRACK
58.637	>>> V 0.00 0.00
58.638	S 64014 -17.31 23.99 0.00 0.00 TRACK
58.655	>>> V 0.00 0.00
58.656	S 64034 -17.31 23.91 0.00 0.00 TRACK
58.675	>>> V 0.00 0.00
58.676	S 64054 -17.31 23.91 0.00 0.00 TRACK
58.696	>>> V 0.00 0.00
58.696	S 64074 -17.40 23.91 0.00 0.00 TRACK
58.715	>>> V 0.00 0.00
58.715	S 64094 -17.31 23.91 0.00 0.00 TRACK
58.735	>>> V 0.00 0.00
58.738	S 64114 -17.31 23.99 0.00 0.00 TRACK
58.755	>>> V 0.00 0.00
58.756	S 64134 -17.31 23.91 0.00 0.00 TRACK
58.776	>>> V 0.00 0.00
58.777	S 64154 -17.40 23.91 0.00 0.00 TRACK
58.797	>>> V 0.00 0.00
58.798	S 64174 -17.31 23.91 0.00 0.00 TRACK
58.815	>>> V 0.00 0.00
58.816	S 64194 -17.31 23.91 0.00 0.00 TRACK
58.836	>>> V 0.00 0.00
58.836	S 64214 -17.31 23.91 0.00 0.00 TRACK
58.855	>>> V 0.00 0.00
58.855	S 64234 -17.40 23.91 0.00 0.00 TRACK
58.876	>>> V 0.00 0.00
58.878	S 64254 -17.31 23.91 0.00 0.00 TRACK
58.896	>>> V 0.00 0.00
58.897	S 64274 -17.31 23.91 0.00 0.00 TRACK
58.916	>>> V 0.00 0.00
58.916	S 64294 -17.31 23.91 0.00 0.00 TRACK
58.936	>>> V 0.00 0.00
58.937	S 64314 -17.31 23.91 0.00 0.00 TRACK
58.955	>>> V 0.00 0.00
58.955	S 64334 -17.31 23.91 0.00 0.00 TRACK
58.978	>>> V 0.00 0.00
58.979	S 64354 -17.31 23.91 0.00 0.00 TRACK
58.996	>>> V 0.00 0.00
58.996	S 64374 -17.31 23.91 0.00 0.00 TRACK
59.016	>>> V 0.00 0.00
59.016	S 64394 -17.31 23.99 0.00 0.00 TRACK
59.036	>>> V 0.00 0.00
59.037	S 64414 -17.31 23.99 0.00 0.00 TRACK
59.055	>>> V 0.00 0.00
59.055	S 64434 -17.31 23.91 0.00 0.00 TRACK
59.076	>>> V 0.00 0.00
59.077	S 64454 -17.31 23.91 0.00 0.00 TRACK
59.096	>>> V 0.00 0.00
59.097	S 64474 -17.31 23.91 0.00 0.00 TRACK
59.116	>>> V 0.00 0.00
59.117	S 64494 -17.31 23.91 0.00 0.00 TRACK
59.136	>>> V 0.00 0.00
59.136	S 64514 -17.31 23.91 0.00 0.00 TRACK
59.155	>>> V 0.00 0.00
59.155	S 64534 -17.31 23.91 0.00 0.00 TRACK
59.177	>>> V 0.00 0.00
59.178	S 64554 -17.31 23.91 0.00 0.00 TRACK
59.196	>>> V 0.00 0.00
59.197	S 64574 -17.31 23.91 0.00 0.00 TRACK
59.216	>>> V 0.00 0.00
59.216	S 64594 -17.31 23.91 0.00 0.00 TRACK
59.237	>>> V 0.00 0.00
59.237	S 64614 -17.31 23.91 0.00 0.00 TRACK
59.255	>>> V 0.00 0.00
59.255	S 64634 -17.40 23.91 0.00 0.00 TRACK
59.276	>>> V 0.00 0.00
59.278	S 64654 -17.31 23.91 0.00 0.00 TRACK
59.296	>>> V 0.00 0.00
59.296	S 64674 -17.31 23.91 0.00 0.00 TRACK
59.316	>>> V 0.00 0.00
59.316	S 64694 -17.31 23.91 0.00 0.00 TRACK
59.335	>>> V 0.00 0.00
59.336	S 64714 -17.31 23.91 0.00 0.00 TRACK
59.355	>>> V 0.00 0.00
59.355	S 64734 -17.31 23.91 0.00 0.00 TRACK
59.377	>>> V 0.00 0.00
59.378	S 64754 -17.31 23.91 0.00 0.00 TRACK
59.396	>>> V 0.00 0.00
59.397	S 64774 -17.31 23.91 0.00 0.00 TRACK
59.415	>>> V 0.00 0.00
59.416	S 64794 -17.31 23.91 0.00 0.00 TRACK
59.437	>>> V 0.00 0.00
59.437	S 64814 -17.31 23.91 0.00 0.00 TRACK
59.456	>>> V 0.00 0.00
59.456	S 64834 -17.31 23.91 0.00 0.00 TRACK
59.476	>>> V 0.00 0.00
59.477	S 64854 -17.31 23.91 0.00 0.00 TRACK
59.496	>>> V 0.00 0.00
59.496	S 64874 -17.31 23.99 0.00 0.00 TRACK
59.517	>>> V 0.00 0.00
59.518	S 64894 -17.31 23.91 0.00 0.00 TRACK
59.535	>>> V 0.00 0.00
59.536	S 64914 -17.40 23.91 0.00 0.00 TRACK
59.557	>>> V 0.00 0.00
59.559	S 64934 -17.31 23.91 0.00 0.00 TRACK
59.576	>>> V 0.00 0.00
59.576	S 64954 -17.31 23.91 0.00 0.00 TRACK
59.595	>>> V 0.00 0.00
59.596	S 64974 -17.40 23.91 0.00 0.00 TRACK
59.616	>>> V 0.00 0.00
59.616	S 64994 -17.31 23.91 0.00 0.00 TRACK
59.637	>>> V 0.00 0.00
59.638	S 65014 -17.31 23.91 0.00 0.00 TRACK
59.657	>>> V 0.00 0.00
59.658	S 65034 -17.31 23.91 0.00 0.00 TRACK
59.676	>>> V 0.00 0.00
59.678	S 65054 -17.31 23.91 0.00 0.00 TRACK
59.696	>>> V 0.00 0.00
59.696	S 65074 -17.31 23.91 0.00 0.00 TRACK
59.716	>>> V 0.00 0.00
59.717	S 65094 -17.31 23.91 0.00 0.00 TRACK
59.735	>>> V 0.00 0.00
59.735	S 65114 -17.31 23.91 0.00 0.00 TRACK
59.757	>>> V 0.00 0.00
59.757	S 65134 -17.31 23.91 0.00 0.00 TRACK
59.775	>>> V 0.00 0.00
59.777	S 65154 -17.31 23.91 0.00 0.00 TRACK
59.796	>>> V 0.00 0.00
59.796	S 65174 -17.31 23.91 0.00 0.00 TRACK
59.816	>>> V 0.00 0.00
59.816	S 65194 -17.31 23.91 0.00 0.00 TRACK
59.835	>>> V 0.00 0.00
59.836	S 65214 -17.31 23.91 0.00 0.00 TRACK
59.858	>>> V 0.00 0.00
59.858	S 65234 -17.31 23.91 0.00 0.00 TRACK
59.876	>>> V 0.00 0.00
59.876	S 65254 -17.31 23.91 0.00 0.00 TRACK
59.896	>>> V 0.00 0.00
59.896	S 65274 -17.31 23.91 0.00 0.00 TRACK
59.916	>>> V 0.00 0.00
59.916	S 65294 -17.31 23.91 0.00 0.00 TRACK
59.935	>>> V 0.00 0.00
59.936	S 65314 -17.31 23.91 0.00 0.00 TRACK
59.955	>>> V 0.00 0.00
59.956	S 65334 -17.31 23.91 0.00 0.00 TRACK
59.975	>>> V 0.00 0.00
59.975	S 65354 -17.31 23.91 0.00 0.00 TRACK
59.995	>>> V 0.00 0.00
59.995	S 65374 -17.31 23.91 0.00 0.00 TRACK
60.016	>>> V 0.00 0.00
60.017	S 65394 -17.31 23.91 0.00 0.00 TRACK
60.035	>>> V 0.00 0.00
60.035	S 65414 -17.31 23.91 0.00 0.00 TRACK
60.056	>>> V 0.00 0.00
60.058	S 65434 -17.31 23.91 0.00 0.00 TRACK
60.076	>>> V 0.00 0.00
60.077	S 65454 -17.31 23.91 0.00 0.00 TRACK
60.097	>>> V 0.00 0.00
60.097	S 65474 -17.31 23.91 0.00 0.00 TRACK
60.116	>>> V 0.00 0.00
60.116	S 65494 -17.40 23.91 0.00 0.00 TRACK
60.135	>>> V 0.00 0.00
60.136	S 65514 -17.31 23.91 0.00 0.00 TRACK
60.157	>>> V 0.00 0.00
60.158	S 65534 -17.31 23.91 0.00 0.00 TRACK
60.176	>>> V 0.00 0.00
60.177	S 65554 -17.31 23.91 0.00 0.00 TRACK
60.197	>>> V 0.00 0.00
60.197	S 65574 -17.31 23.91 0.00 0.00 TRACK
60.217	>>> V 0.00 0.00
60.218	S 65594 -17.31 23.91 0.00 0.00 TRACK
60.235	>>> V 0.00 0.00
60.237	S 65614 -17.31 23.91 0.00 0.00 TRACK
60.257	>>> V 0.00 0.00
60.258	S 65634 -17.31 23.91 0.00 0.00 TRACK
60.275	>>> V 0.00 0.00
60.276	S 65654 -17.31 23.91 0.00 0.00 TRACK
60.296	>>> V 0.00 0.00
60.297	S 65674 -17.31 23.91 0.00 0.00 TRACK
60.316	>>> V 0.00 0.00
60.319	S 65694 -17.40 23.91 0.00 0.00 TRACK
60.335	>>> V 0.00 0.00
60.336	S 65714 -17.31 23.91 0.00 0.00 TRACK
60.356	>>> V 0.00 0.00
60.357	S 65734 -17.31 23.91 0.00 0.00 TRACK
60.375	>>> V 0.00 0.00
60.377	S 65754 -17.31 23.91 0.00 0.00 TRACK
60.396	>>> V 0.00 0.00
60.396	S 65774 -17.31 23.91 0.00 0.00 TRACK
60.415	>>> V 0.00 0.00
60.416	S 65794 -17.31 23.91 0.00 0.00 TRACK
60.435	>>> V 0.00 0.00
60.435	S 65814 -17.31 23.91 0.00 0.00 TRACK
60.456	>>> V 0.00 0.00
60.460	S 65834 -17.31 23.91 0.00 0.00 TRACK
60.476	>>> V 0.00 0.00
60.476	S 65854 -17.31 23.91 0.00 0.00 TRACK
60.495	>>> V 0.00 0.00
60.496	S 65874 -17.31 23.91 0.00 0.00 TRACK
60.516	>>> V 0.00 0.00
60.518	S 65894 -17.31 23.91 0.00 0.00 TRACK
60.536	>>> V 0.00 0.00
60.536	S 65914 -17.31 23.91 0.00 0.00 TRACK
60.557	>>> V 0.00 0.00
60.559	S 65934 -17.31 23.91 0.00 0.00 TRACK
60.576	>>> V 0.00 0.00
60.578	S 65954 -17.31 23.91 0.00 0.00 TRACK
60.596	>>> V 0.00 0.00
60.596	S 65974 -17.31 23.91 0.00 0.00 TRACK
60.615	>>> V 0.00 0.00
60.616	S 65994 -17.31 23.91 0.00 0.00 TRACK
60.635	>>> V 0.00 0.00
60.636	S 66014 -17.31 23.91 0.00 0.00 TRACK
60.656	>>> V 0.00 0.00
60.657	S 66034 -17.31 23.91 0.00 0.00 TRACK
60.676	>>> V 0.00 0.00
60.677	S 66054 -17.31 23.91 0.00 0.00 TRACK
60.696	>>> V 0.00 0.00
60.696	S 66074 -17.31 23.91 0.00 0.00 TRACK
60.715	>>> V 0.00 0.00
60.715	S 66094 -17.31 23.91 0.00 0.00 TRACK
60.735	>>> V 0.00 0.00
60.736	S 66114 -17.31 23.91 0.00 0.00 TRACK
60.756	>>> V 0.00 0.00
60.757	S 66134 -17.31 23.91 0.00 0.00 TRACK
60.776	>>> V 0.00 0.00
60.779	S 66154 -17.31 23.91 0.00 0.00 TRACK
60.798	>>> V 0.00 0.00
60.798	S 66174 -17.31 23.91 0.00 0.00 TRACK
60.815	>>> V 0.00 0.00
60.816	S 66194 -17.31 23.91 0.00 0.00 TRACK
60.836	>>> V 0.00 0.00
60.836	S 66214 -17.31 23.91 0.00 0.00 TRACK
60.855	>>> V 0.00 0.00
60.855	S 66234 -17.31 23.91 0.00 0.00 TRACK
60.875	>>> V 0.00 0.00
60.875	S 66254 -17.31 23.91 0.00 0.00 TRACK
60.896	>>> V 0.00 0.00
60.896	S 66274 -17.31 23.91 0.00 0.00 TRACK
60.916	>>> V 0.00 0.00
60.916	S 66294 -17.31 23.91 0.00 0.00 TRACK
60.935	>>> V 0.00 0.00
60.935	S 66314 -17.40 23.91 0.00 0.00 TRACK
60.957	>>> V 0.00 0.00
60.957	S 66334 -17.31 23.91 0.00 0.00 TRACK
60.975	>>> V 0.00 0.00
60.977	S 66354 -17.31 23.91 0.00 0.00 TRACK
60.998	>>> V 0.00 0.00
60.998	S 66374 -17.31 23.91 0.00 0.00 TRACK
61.016	>>> V 0.00 0.00
61.016	S 66394 -17.31 23.91 0.00 0.00 TRACK
61.035	>>> V 0.00 0.00
61.035	S 66414 -17.31 23.91 0.00 0.00 TRACK
61.056	>>> V 0.00 0.00
61.059	S 66434 -17.31 23.91 0.00 0.00 TRACK
61.075	>>> V 0.00 0.00
61.076	S 66454 -17.31 23.91 0.00 0.00 TRACK
61.097	>>> V 0.00 0.00
61.097	S 66474 -17.31 23.91 0.00 0.00 TRACK
61.115	>>> V 0.00 0.00
61.116	S 66494 -17.31 23.91 0.00 0.00 TRACK
61.135	>>> V 0.00 0.00
61.135	S 66514 -17.31 23.91 0.00 0.00 TRACK
61.157	>>> V 0.00 0.00
61.158	S 66534 -17.31 23.91 0.00 0.00 TRACK
61.175	>>> V 0.00 0.00
61.176	S 66554 -17.31 23.91 0.00 0.00 TRACK
61.195	>>> V 0.00 0.00
61.196	S 66574 -17.31 23.91 0.00 0.00 TRACK
61.215	>>> V 0.00 0.00
61.215	S 66594 -17.31 23.91 0.00 0.00 TRACK
61.235	>>> V 0.00 0.00
61.235	S 66614 -17.31 23.91 0.00 0.00 TRACK
61.256	>>> V 0.00 0.00
61.257	S 66634 -17.31 23.99 0.00 0.00 TRACK
61.275	>>> V 0.00 0.00
61.277	S 66654 -17.40 23.91 0.00 0.00 TRACK
61.297	>>> V 0.00 0.00
61.297	S 66674 -17.31 23.91 0.00 0.00 TRACK
61.315	>>> V 0.00 0.00
61.316	S 66694 -17.31 23.91 0.00 0.00 TRACK
61.335	>>> V 0.00 0.00
61.336	S 66714 -17.40 23.99 0.00 0.00 TRACK
61.356	>>> V 0.00 0.00
61.356	S 66734 -17.31 23.91 0.00 0.00 TRACK
61.375	>>> V 0.00 0.00
61.375	S 66754 -17.31 23.99 0.00 0.00 TRACK
61.396	>>> V 0.00 0.00
61.398	S 66774 -17.31 23.91 0.00 0.00 TRACK
61.415	>>> V 0.00 0.00
61.417	S 66794 -17.31 23.91 0.00 0.00 TRACK
61.438	>>> V 0.00 0.00
61.438	S 66814 -17.31 23.91 0.00 0.00 TRACK
61.455	>>> V 0.00 0.00
61.457	S 66834 -17.31 23.91 0.00 0.00 TRACK
61.475	>>> V 0.00 0.00
61.475	S 66854 -17.31 23.91 0.00 0.00 TRACK
61.496	>>> V 0.00 0.00
61.497	S 66874 -17.31 23.91 0.00 0.00 TRACK
61.516	>>> V 0.00 0.00
61.516	S 66894 -17.31 23.91 0.00 0.00 TRACK
61.537	>>> V 0.00 0.00
61.538	S 66914 -17.31 23.91 0.00 0.00 TRACK
61.556	>>> V 0.00 0.00
61.556	S 66934 -17.31 23.91 0.00 0.00 TRACK
61.576	>>> V 0.00 0.00
61.576	S 66954 -17.31 23.91 0.00 0.00 TRACK
61.596	>>> V 0.00 0.00
61.596	S 66974 -17.31 23.91 0.00 0.00 TRACK
61.615	>>> V 0.00 0.00
61.615	S 66994 -17.31 23.91 0.00 0.00 TRACK
61.637	>>> V 0.00 0.00
61.637	S 67014 -17.31 23.91 0.00 0.00 TRACK
61.656	>>> V 0.00 0.00
61.656	S 67034 -17.31 23.91 0.00 0.00 TRACK
61.676	>>> V 0.00 0.00
61.676	S 67054 -17.31 23.91 0.00 0.00 TRACK
61.698	>>> V 0.00 0.00
61.698	S 67074 -17.31 23.91 0.00 0.00 TRACK
61.715	>>> V 0.00 0.00
61.716	S 67094 -17.31 23.91 0.00 0.00 TRACK
61.738	>>> V 0.00 0.00
61.738	S 67114 -17.31 23.91 0.00 0.00 TRACK
61.756	>>> V 0.00 0.00
61.757	S 67134 -17.31 23.91 0.00 0.00 TRACK
61.775	>>> V 0.00 0.00
61.776	S 67154 -17.31 23.91 0.00 0.00 TRACK
61.796	>>> V 0.00 0.00
61.797	S 67174 -17.31 23.91 0.00 0.00 TRACK
61.815	>>> V 0.00 0.00
61.815	S 67194 -17.31 23.91 0.00 0.00 TRACK
61.837	>>> V 0.00 0.00
61.838	S 67214 -17.31 23.91 0.00 0.00 TRACK
61.856	>>> V 0.00 0.00
61.857	S 67234 -17.31 23.91 0.00 0.00 TRACK
61.876	>>> V 0.00 0.00
61.876	S 67254 -17.31 23.91 0.00 0.00 TRACK
61.896	>>> V 0.00 0.00
61.896	S 67274 -17.31 23.91 0.00 0.00 TRACK
61.915	>>> V 0.00 0.00
61.915	S 67294 -17.31 23.91 0.00 0.00 TRACK
61.937	>>> V 0.00 0.00
61.938	S 67314 -17.31 23.91 0.00 0.00 TRACK
61.955	>>> V 0.00 0.00
61.955	S 67334 -17.31 23.91 0.00 0.00 TRACK
61.978	>>> V 0.00 0.00
61.978	S 67354 -17.31 23.91 0.00 0.00 TRACK
61.995	>>> V 0.00 0.00
61.998	S 67374 -17.31 23.91 0.00 0.00 TRACK
62.015	>>> V 0.00 0.00
62.015	S 67394 -17.31 23.91 0.00 0.00 TRACK
62.035	>>> V 0.00 0.00
62.036	S 67414 -17.40 23.91 0.00 0.00 TRACK
62.057	>>> V 0.00 0.00
62.058	S 67434 -17.31 23.91 0.00 0.00 TRACK
62.076	>>> V 0.00 0.00
62.076	S 67454 -17.31 23.91 0.00 0.00 TRACK
62.098	>>> V 0.00 0.00
62.098	S 67474 -17.40 23.91 0.00 0.00 TRACK
62.115	>>> V 0.00 0.00
62.115	S 67494 -17.31 23.91 0.00 0.00 TRACK
62.135	>>> V 0.00 0.00
62.135	S 67514 -17.40 23.91 0.00 0.00 TRACK
62.156	>>> V 0.00 0.00
62.157	S 67534 -17.31 23.91 0.00 0.00 TRACK
62.175	>>> V 0.00 0.00
62.175	S 67554 -17.31 23.91 0.00 0.00 TRACK
62.197	>>> V 0.00 0.00
62.197	S 67574 -17.31 23.91 0.00 0.00 TRACK
62.215	>>> V 0.00 0.00
62.217	S 67594 -17.31 23.91 0.00 0.00 TRACK
62.238	>>> V 0.00 0.00
62.238	S 67614 -17.31 23.99 0.00 0.00 TRACK
62.255	>>> V 0.00 0.00
62.256	S 67634 -17.31 23.91 0.00 0.00 TRACK
62.275	>>> V 0.00 0.00
62.276	S 67654 -17.31 23.91 0.00 0.00 TRACK
62.295	>>> V 0.00 0.00
62.296	S 67674 -17.31 23.91 0.00 0.00 TRACK
62.315	>>> V 0.00 0.00
62.315	S 67694 -17.31 23.91 0.00 0.00 TRACK
62.338	>>> V 0.00 0.00
62.339	S 67714 -17.31 23.91 0.00 0.00 TRACK
62.356	>>> V 0.00 0.00
62.356	S 67734 -17.31 23.91 0.00 0.00 TRACK
62.375	>>> V 0.00 0.00
62.376	S 67754 -17.31 23.91 0.00 0.00 TRACK
62.398	>>> V 0.00 0.00
62.398	S 67774 -17.31 23.91 0.00 0.00 TRACK
62.416	>>> V 0.00 0.00
62.416	S 67794 -17.31 23.99 0.00 0.00 TRACK
62.436	>>> V 0.00 0.00
62.436	S 67814 -17.31 23.91 0.00 0.00 TRACK
62.457	>>> V 0.00 0.00
62.457	S 67834 -17.31 23.91 0.00 0.00 TRACK
62.476	>>> V 0.00 0.00
62.477	S 67854 -17.31 23.99 0.00 0.00 TRACK
62.495	>>> V 0.00 0.00
62.496	S 67874 -17.31 23.99 0.00 0.00 TRACK
62.515	>>> V 0.00 0.00
62.516	S 67894 -17.31 23.99 0.00 0.00 TRACK
62.535	>>> V 0.00 0.00
62.536	S 67914 -17.31 23.91 0.00 0.00 TRACK
62.556	>>> V 0.00 0.00
62.558	S 67934 -17.31 23.91 0.00 0.00 TRACK
62.576	>>> V 0.00 0.00
62.577	S 67954 -17.31 23.91 0.00 0.00 TRACK
62.595	>>> V 0.00 0.00
62.597	S 67974 -17.31 23.91 0.00 0.00 TRACK
62.615	>>> V 0.00 0.00
62.615	S 67994 -17.31 23.91 0.00 0.00 TRACK
62.635	>>> V 0.00 0.00
62.635	S 68014 -17.31 23.91 0.00 0.00 TRACK
62.663	>>> V 0.00 0.00
62.663	S 68034 -17.31 23.99 0.00 0.00 TRACK
62.676	>>> V 0.00 0.00
62.677	S 68054 -17.31 23.91 0.00 0.00 TRACK
62.698	>>> V 0.00 0.00
62.699	S 68074 -17.31 23.91 0.00 0.00 TRACK
62.718	>>> V 0.00 0.00
62.719	S 68094 -17.31 23.91 0.00 0.00 TRACK
62.735	>>> V 0.00 0.00
62.736	S 68114 -17.31 23.91 0.00 0.00 TRACK
62.762	>>> V 0.00 0.00
62.763	S 68134 -17.31 23.91 0.00 0.00 TRACK
62.776	>>> V 0.00 0.00
62.777	S 68154 -17.40 23.91 0.00 0.00 TRACK
62.800	>>> V 0.00 0.00
62.800	S 68174 -17.31 23.91 0.00 0.00 TRACK
62.815	>>> V 0.00 0.00
62.816	S 68194 -17.40 23.91 0.00 0.00 TRACK
62.836	>>> V 0.00 0.00
62.836	S 68214 -17.31 23.91 0.00 0.00 TRACK
62.856	>>> V 0.00 0.00
62.857	S 68234 -17.31 23.91 0.00 0.00 TRACK
62.875	>>> V 0.00 0.00
62.876	S 68254 -17.31 23.91 0.00 0.00 TRACK
62.897	>>> V 0.00 0.00
62.897	S 68274 -17.31 23.91 0.00 0.00 TRACK
62.915	>>> V 0.00 0.00
62.915	S 68294 -17.31 23.91 0.00 0.00 TRACK
62.935	>>> V 0.00 0.00
62.936	S 68314 -17.40 23.91 0.00 0.00 TRACK
62.957	>>> V 0.00 0.00
62.957	S 68334 -17.40 23.91 0.00 0.00 TRACK
62.976	>>> V 0.00 0.00
62.977	S 68354 -17.40 23.91 0.00 0.00 TRACK
62.996	>>> V 0.00 0.00
62.996	S 68374 -17.31 23.91 0.00 0.00 TRACK
63.015	>>> V 0.00 0.00
63.016	S 68394 -17.31 23.91 0.00 0.00 TRACK
63.036	>>> V 0.00 0.00
63.037	S 68414 -17.40 23.91 0.00 0.00 TRACK
63.055	>>> V 0.00 0.00
63.056	S 68434 -17.31 23.91 0.00 0.00 TRACK
63.075	>>> V 0.00 0.00
63.076	S 68454 -17.31 23.91 0.00 0.00 TRACK
63.097	>>> V 0.00 0.00
63.098	S 68474 -17.31 23.91 0.00 0.00 TRACK
63.116	>>> V 0.00 0.00
63.116	S 68494 -17.31 23.91 0.00 0.00 TRACK
63.135	>>> V 0.00 0.00
63.136	S 68514 -17.31 23.91 0.00 0.00 TRACK
63.158	>>> V 0.00 0.00
63.159	S 68534 -17.31 23.91 0.00 0.00 TRACK
63.176	>>> V 0.00 0.00
63.177	S 68554 -17.31 23.91 0.00 0.00 TRACK
63.196	>>> V 0.00 0.00
63.197	S 68574 -17.31 23.91 0.00 0.00 TRACK
63.215	>>> V 0.00 0.00
63.216	S 68594 -17.31 23.91 0.00 0.00 TRACK
63.238	>>> V 0.00 0.00
63.239	S 68614 -17.31 23.91 0.00 0.00 TRACK
63.260	>>> V 0.00 0.00
63.262	S 68634 -17.31 23.91 0.00 0.00 TRACK
63.276	>>> V 0.00 0.00
63.276	S 68654 -17.31 23.91 0.00 0.00 TRACK
63.298	>>> V 0.00 0.00
63.298	S 68674 -17.31 23.91 0.00 0.00 TRACK
63.315	>>> V 0.00 0.00
63.316	S 68694 -17.31 23.91 0.00 0.00 TRACK
63.335	>>> V 0.00 0.00
63.336	S 68714 -17.40 23.91 0.00 0.00 TRACK
63.356	>>> V 0.00 0.00
63.358	S 68734 -17.31 23.91 0.00 0.00 TRACK
63.375	>>> V 0.00 0.00
63.376	S 68754 -17.31 23.91 0.00 0.00 TRACK
63.396	>>> V 0.00 0.00
63.396	S 68774 -17.31 23.99 0.00 0.00 TRACK
63.416	>>> V 0.00 0.00
63.416	S 68794 -17.31 23.91 0.00 0.00 TRACK
63.435	>>> V 0.00 0.00
63.436	S 68814 -17.31 23.99 0.00 0.00 TRACK
63.456	>>> V 0.00 0.00
63.457	S 68834 -17.31 23.91 0.00 0.00 TRACK
63.475	>>> V 0.00 0.00
63.475	S 68854 -17.31 23.91 0.00 0.00 TRACK
63.497	>>> V 0.00 0.00
63.498	S 68874 -17.31 23.91 0.00 0.00 TRACK
63.515	>>> V 0.00 0.00
63.516	S 68894 -17.31 23.91 0.00 0.00 TRACK
63.536	>>> V 0.00 0.00
63.536	S 68914 -17.31 23.91 0.00 0.00 TRACK
63.556	>>> V 0.00 0.00
63.556	S 68934 -17.31 23.91 0.00 0.00 TRACK
63.575	>>> V 0.00 0.00
63.575	S 68954 -17.31 23.91 0.00 0.00 TRACK
63.596	>>> V 0.00 0.00
63.598	S 68974 -17.31 23.91 0.00 0.00 TRACK
63.615	>>> V 0.00 0.00
63.616	S 68994 -17.31 23.91 0.00 0.00 TRACK
63.637	>>> V 0.00 0.00
63.637	S 69014 -17.31 23.91 0.00 0.00 TRACK
63.655	>>> V 0.00 0.00
63.656	S 69034 -17.31 23.91 0.00 0.00 TRACK
63.675	>>> V 0.00 0.00
63.676	S 69054 -17.31 23.91 0.00 0.00 TRACK
63.696	>>> V 0.00 0.00
63.696	S 69074 -17.31 23.91 0.00 0.00 TRACK
63.715	>>> V 0.00 0.00
63.715	S 69094 -17.31 23.91 0.00 0.00 TRACK
63.737	>>> V 0.00 0.00
63.738	S 69114 -17.31 23.91 0.00 0.00 TRACK
63.759	>>> V 0.00 0.00
63.759	S 69134 -17.31 23.91 0.00 0.00 TRACK
63.775	>>> V 0.00 0.00
63.776	S 69154 -17.31 23.91 0.00 0.00 TRACK
63.798	>>> V 0.00 0.00
63.799	S 69174 -17.31 23.91 0.00 0.00 TRACK
63.816	>>> V 0.00 0.00
63.819	S 69194 -17.31 23.91 0.00 0.00 TRACK
63.835	>>> V 0.00 0.00
63.836	S 69214 -17.31 23.91 0.00 0.00 TRACK
63.856	>>> V 0.00 0.00
63.858	S 69234 -17.31 23.91 0.00 0.00 TRACK
63.876	>>> V 0.00 0.00
63.876	S 69254 -17.31 23.91 0.00 0.00 TRACK
63.896	>>> V 0.00 0.00
63.896	S 69274 -17.31 23.91 0.00 0.00 TRACK
63.915	>>> V 0.00 0.00
63.915	S 69294 -17.31 23.91 0.00 0.00 TRACK
63.935	>>> V 0.00 0.00
63.936	S 69314 -17.31 23.91 0.00 0.00 TRACK
63.957	>>> V 0.00 0.00
63.957	S 69334 -17.40 23.91 0.00 0.00 TRACK
63.975	>>> V 0.00 0.00
63.976	S 69354 -17.31 23.91 0.00 0.00 TRACK
63.997	>>> V 0.00 0.00
63.997	S 69374 -17.31 23.91 0.00 0.00 TRACK
64.016	>>> V 0.00 0.00
64.016	S 69394 -17.31 23.91 0.00 0.00 TRACK
64.035	>>> V 0.00 0.00
64.036	S 69414 -17.31 23.91 0.00 0.00 TRACK
64.056	>>> V 0.00 0.00
64.057	S 69434 -17.31 23.91 0.00 0.00 TRACK
64.076	>>> V 0.00 0.00
64.076	S 69454 -17.31 23.91 0.00 0.00 TRACK
64.097	>>> V 0.00 0.00
64.098	S 69475 -17.31 23.91 0.00 0.00 TRACK
64.115	>>> V 0.00 0.00
64.117	S 69494 -17.31 23.91 0.00 0.00 TRACK
64.135	>>> V 0.00 0.00
64.137	S 69514 -17.31 23.91 0.00 0.00 TRACK
64.156	>>> V 0.00 0.00
64.157	S 69535 -17.31 23.91 0.00 0.00 TRACK
64.176	>>> V 0.00 0.00
64.177	S 69555 -17.31 23.91 0.00 0.00 TRACK
64.197	>>> V 0.00 0.00
64.197	S 69575 -17.31 23.91 0.00 0.00 TRACK
64.215	>>> V 0.00 0.00
64.215	S 69595 -17.31 23.91 0.00 0.00 TRACK
64.238	>>> V 0.00 0.00
64.239	S 69615 -17.31 23.91 0.00 0.00 TRACK
64.255	>>> V 0.00 0.00
64.257	S 69635 -17.31 23.91 0.00 0.00 TRACK
64.275	>>> V 0.00 0.00
64.276	S 69655 -17.31 23.91 0.00 0.00 TRACK
64.296	>>> V 0.00 0.00
64.297	S 69675 -17.31 23.91 0.00 0.00 TRACK
64.316	>>> V 0.00 0.00
64.316	S 69695 -17.31 23.91 0.00 0.00 TRACK
64.336	>>> V 0.00 0.00
64.336	S 69715 -17.31 23.91 0.00 0.00 TRACK
64.357	>>> V 0.00 0.00
64.358	S 69735 -17.31 23.91 0.00 0.00 TRACK
64.375	>>> V 0.00 0.00
64.376	S 69755 -17.31 23.91 0.00 0.00 TRACK
64.396	>>> V 0.00 0.00
64.397	S 69775 -17.31 23.91 0.00 0.00 TRACK
64.415	>>> V 0.00 0.00
64.415	S 69795 -17.31 23.91 0.00 0.00 TRACK
64.436	>>> V 0.00 0.00
64.436	S 69815 -17.31 23.91 0.00 0.00 TRACK
64.456	>>> V 0.00 0.00
64.457	S 69835 -17.31 23.91 0.00 0.00 TRACK
64.475	>>> V 0.00 0.00
64.475	S 69855 -17.31 23.91 0.00 0.00 TRACK
64.496	>>> V 0.00 0.00
64.497	S 69875 -17.31 23.91 0.00 0.00 TRACK
64.515	>>> V 0.00 0.00
64.517	S 69895 -17.31 23.91 0.00 0.00 TRACK
64.537	>>> V 0.00 0.00
64.538	S 69915 -17.31 23.91 0.00 0.00 TRACK
64.555	>>> V 0.00 0.00
64.556	S 69935 -17.31 23.91 0.00 0.00 TRACK
64.575	>>> V 0.00 0.00
64.576	S 69955 -17.31 23.91 0.00 0.00 TRACK
64.596	>>> V 0.00 0.00
64.596	S 69975 -17.31 23.91 0.00 0.00 TRACK
64.615	>>> V 0.00 0.00
64.615	S 69995 -17.31 23.91 0.00 0.00 TRACK
64.637	>>> V 0.00 0.00
64.638	S 70015 -17.31 23.91 0.00 0.00 TRACK
64.656	>>> V 0.00 0.00
64.656	S 70035 -17.31 23.91 0.00 0.00 TRACK
64.676	>>> V 0.00 0.00
64.677	S 70055 -17.31 23.91 0.00 0.00 TRACK
64.697	>>> V 0.00 0.00
64.698	S 70075 -17.31 23.91 0.00 0.00 TRACK
64.715	>>> V 0.00 0.00
64.715	S 70095 -17.31 23.91 0.00 0.00 TRACK
64.737	>>> V 0.00 0.00
64.737	S 70115 -17.31 23.91 0.00 0.00 TRACK
64.756	>>> V 0.00 0.00
64.757	S 70135 -17.31 23.91 0.00 0.00 TRACK
64.776	>>> V 0.00 0.00
64.777	S 70155 -17.31 23.91 0.00 0.00 TRACK
64.796	>>> V 0.00 0.00
64.796	S 70175 -17.31 23.91 0.00 0.00 TRACK
64.815	>>> V 0.00 0.00
64.816	S 70195 -17.31 23.91 0.00 0.00 TRACK
64.837	>>> V 0.00 0.00
64.838	S 70215 -17.31 23.99 0.00 0.00 TRACK
64.855	>>> V 0.00 0.00
64.858	S 70235 -17.31 23.91 0.00 0.00 TRACK
64.875	>>> V 0.00 0.00
64.876	S 70255 -17.31 23.91 0.00 0.00 TRACK
64.896	>>> V 0.00 0.00
64.897	S 70275 -17.31 23.91 0.00 0.00 TRACK
64.916	>>> V 0.00 0.00
64.917	S 70295 -17.40 23.91 0.00 0.00 TRACK
64.936	>>> V 0.00 0.00
64.936	S 70315 -17.31 23.91 0.00 0.00 TRACK
64.955	>>> V 0.00 0.00
64.957	S 70335 -17.31 23.91 0.00 0.00 TRACK
64.975	>>> V 0.00 0.00
64.975	S 70355 -17.31 23.91 0.00 0.00 TRACK
64.997	>>> V 0.00 0.00
64.998	S 70375 -17.31 23.91 0.00 0.00 TRACK
65.016	>>> V 0.00 0.00
65.018	S 70395 -17.31 23.91 0.00 0.00 TRACK
65.035	>>> V 0.00 0.00
65.036	S 70415 -17.31 23.91 0.00 0.00 TRACK
65.055	>>> V 0.00 0.00
65.056	S 70435 -17.31 23.91 0.00 0.00 TRACK
65.075	>>> V 0.00 0.00
65.077	S 70455 -17.31 23.91 0.00 0.00 TRACK
65.098	>>> V 0.00 0.00
65.099	S 70475 -17.40 23.91 0.00 0.00 TRACK
65.116	>>> V 0.00 0.00
65.116	S 70495 -17.31 23.91 0.00 0.00 TRACK
65.135	>>> V 0.00 0.00
65.136	S 70515 -17.31 23.91 0.00 0.00 TRACK
65.156	>>> V 0.00 0.00
65.157	S 70535 -17.31 23.91 0.00 0.00 TRACK
65.175	>>> V 0.00 0.00
65.177	S 70555 -17.31 23.91 0.00 0.00 TRACK
65.197	>>> V 0.00 0.00
65.197	S 70575 -17.40 23.91 0.00 0.00 TRACK
65.215	>>> V 0.00 0.00
65.217	S 70595 -17.31 23.91 0.00 0.00 TRACK
65.235	>>> V 0.00 0.00
65.235	S 70615 -17.31 23.91 0.00 0.00 TRACK
65.256	>>> V 0.00 0.00
65.257	S 70635 -17.31 23.91 0.00 0.00 TRACK
65.275	>>> V 0.00 0.00
65.277	S 70655 -17.31 23.91 0.00 0.00 TRACK
65.297	>>> V 0.00 0.00
65.298	S 70675 -17.31 23.91 0.00 0.00 TRACK
65.315	>>> V 0.00 0.00
65.316	S 70695 -17.31 23.91 0.00 0.00 TRACK
65.338	>>> V 0.00 0.00
65.338	S 70715 -17.31 23.91 0.00 0.00 TRACK
65.356	>>> V 0.00 0.00
65.356	S 70735 -17.31 23.91 0.00 0.00 TRACK
65.375	>>> V 0.00 0.00
65.376	S 70755 -17.31 23.91 0.00 0.00 TRACK
65.396	>>> V 0.00 0.00
65.397	S 70775 -17.31 23.91 0.00 0.00 TRACK
65.415	>>> V 0.00 0.00
65.415	S 70795 -17.31 23.91 0.00 0.00 TRACK
65.435	>>> V 0.00 0.00
65.436	S 70815 -17.31 23.91 0.00 0.00 TRACK
65.456	>>> V 0.00 0.00
65.456	S 70835 -17.31 23.91 0.00 0.00 TRACK
65.476	>>> V 0.00 0.00
65.477	S 70855 -17.31 23.91 0.00 0.00 TRACK
65.499	>>> V 0.00 0.00
65.499	S 70875 -17.31 23.91 0.00 0.00 TRACK
65.515	>>> V 0.00 0.00
65.516	S 70895 -17.31 23.91 0.00 0.00 TRACK
65.535	>>> V 0.00 0.00
65.535	S 70915 -17.31 23.99 0.00 0.00 TRACK
65.559	>>> V 0.00 0.00
65.564	S 70935 -17.40 23.91 0.00 0.00 TRACK
65.576	>>> V 0.00 0.00
65.576	S 70955 -17.31 23.91 0.00 0.00 TRACK
65.597	>>> V 0.00 0.00
65.598	S 70975 -17.31 23.91 0.00 0.00 TRACK
65.615	>>> V 0.00 0.00
65.616	S 70995 -17.31 23.91 0.00 0.00 TRACK
65.635	>>> V 0.00 0.00
65.635	S 71015 -17.31 23.91 0.00 0.00 TRACK
65.655	>>> V 0.00 0.00
65.656	S 71035 -17.31 23.91 0.00 0.00 TRACK
65.675	>>> V 0.00 0.00
65.677	S 71055 -17.31 23.91 0.00 0.00 TRACK
65.701	>>> V 0.00 0.00
65.701	S 71075 -17.31 23.91 0.00 0.00 TRACK
65.716	>>> V 0.00 0.00
65.716	S 71095 -17.31 23.91 0.00 0.00 TRACK
65.735	>>> V 0.00 0.00
65.735	S 71115 -17.31 23.91 0.00 0.00 TRACK
65.756	>>> V 0.00 0.00
65.757	S 71135 -17.31 23.91 0.00 0.00 TRACK
65.775	>>> V 0.00 0.00
65.776	S 71155 -17.31 23.91 0.00 0.00 TRACK
65.799	>>> V 0.00 0.00
65.800	S 71175 -17.31 23.91 0.00 0.00 TRACK
65.816	>>> V 0.00 0.00
65.816	S 71195 -17.31 23.91 0.00 0.00 TRACK
65.838	>>> V 0.00 0.00
65.838	S 71215 -17.31 23.91 0.00 0.00 TRACK
65.856	>>> V 0.00 0.00
65.856	S 71235 -17.31 23.91 0.00 0.00 TRACK
65.875	>>> V 0.00 0.00
65.878	S 71255 -17.31 23.91 0.00 0.00 TRACK
65.899	>>> V 0.00 0.00
65.900	S 71275 -17.31 23.91 0.00 0.00 TRACK
65.916	>>> V 0.00 0.00
65.916	S 71295 -17.31 23.91 0.00 0.00 TRACK
65.937	>>> V 0.00 0.00
65.937	S 71315 -17.31 23.91 0.00 0.00 TRACK
65.956	>>> V 0.00 0.00
65.957	S 71335 -17.31 23.91 0.00 0.00 TRACK
65.975	>>> V 0.00 0.00
65.976	S 71355 -17.31 23.91 0.00 0.00 TRACK
65.999	>>> V 0.00 0.00
66.000	S 71375 -17.31 23.91 0.00 0.00 TRACK
66.015	>>> V 0.00 0.00
66.016	S 71395 -17.31 23.91 0.00 0.00 TRACK
66.036	>>> V 0.00 0.00
66.036	S 71415 -17.31 23.91 0.00 0.00 TRACK
66.064	>>> V 0.00 0.00
66.064	S 71435 -17.31 23.91 0.00 0.00 TRACK
66.076	>>> V 0.00 0.00
66.077	S 71455 -17.31 23.91 0.00 0.00 TRACK
66.099	>>> V 0.00 0.00
66.100	S 71475 -17.31 23.91 0.00 0.00 TRACK
66.116	>>> V 0.00 0.00
66.116	S 71495 -17.31 23.91 0.00 0.00 TRACK
66.135	>>> V 0.00 0.00
66.135	S 71515 -17.31 23.91 0.00 0.00 TRACK
66.156	>>> V 0.00 0.00
66.156	S 71535 -17.40 23.91 0.00 0.00 TRACK
66.176	>>> V 0.00 0.00
66.176	S 71555 -17.31 23.91 0.00 0.00 TRACK
66.196	>>> V 0.00 0.00
66.200	S 71575 -17.40 23.91 0.00 0.00 TRACK
66.215	>>> V 0.00 0.00
66.216	S 71595 -17.31 23.91 0.00 0.00 TRACK
66.236	>>> V 0.00 0.00
66.237	S 71615 -17.31 23.91 0.00 0.00 TRACK
66.255	>>> V 0.00 0.00
66.256	S 71635 -17.31 23.91 0.00 0.00 TRACK
66.275	>>> V 0.00 0.00
66.275	S 71655 -17.31 23.91 0.00 0.00 TRACK
66.296	>>> V 0.00 0.00
66.297	S 71675 -17.31 23.91 0.00 0.00 TRACK
66.315	>>> V 0.00 0.00
66.318	S 71695 -17.31 23.91 0.00 0.00 TRACK
66.335	>>> V 0.00 0.00
66.336	S 71715 -17.40 23.91 0.00 0.00 TRACK
66.355	>>> V 0.00 0.00
66.357	S 71735 -17.31 23.91 0.00 0.00 TRACK
66.376	>>> V 0.00 0.00
66.377	S 71755 -17.31 23.91 0.00 0.00 TRACK
66.395	>>> V 0.00 0.00
66.395	S 71775 -17.31 23.91 0.00 0.00 TRACK
66.415	>>> V 0.00 0.00
66.415	S 71795 -17.31 23.91 0.00 0.00 TRACK
66.435	>>> V 0.00 0.00
66.435	S 71815 -17.31 23.91 0.00 0.00 TRACK
66.455	>>> V 0.00 0.00
66.457	S 71835 -17.31 23.91 0.00 0.00 TRACK
66.475	>>> V 0.00 0.00
66.475	S 71855 -17.31 23.91 0.00 0.00 TRACK
66.496	>>> V 0.00 0.00
66.496	S 71875 -17.31 23.91 0.00 0.00 TRACK
66.515	>>> V 0.00 0.00
66.515	S 71895 -17.40 23.91 0.00 0.00 TRACK
66.535	>>> V 0.00 0.00
66.535	S 71915 -17.31 23.91 0.00 0.00 TRACK
66.556	>>> V 0.00 0.00
66.556	S 71935 -17.40 23.99 0.00 0.00 TRACK
66.575	>>> V 0.00 0.00
66.575	S 71955 -17.31 23.91 0.00 0.00 TRACK
66.596	>>> V 0.00 0.00
66.597	S 71975 -17.31 23.91 0.00 0.00 TRACK
66.615	>>> V 0.00 0.00
66.615	S 71995 -17.31 23.91 0.00 0.00 TRACK
66.635	>>> V 0.00 0.00
66.635	S 72015 -17.31 23.91 0.00 0.00 TRACK
66.655	>>> V 0.00 0.00
66.656	S 72035 -17.31 23.91 0.00 0.00 TRACK
66.675	>>> V 0.00 0.00
66.675	S 72055 -17.31 23.91 0.00 0.00 TRACK
66.695	>>> V 0.00 0.00
66.696	S 72075 -17.40 23.91 0.00 0.00 TRACK
66.715	>>> V 0.00 0.00
66.715	S 72095 -17.31 23.91 0.00 0.00 TRACK
66.735	>>> V 0.00 0.00
66.735	S 72115 -17.31 23.91 0.00 0.00 TRACK
66.755	>>> V 0.00 0.00
66.756	S 72135 -17.31 23.91 0.00 0.00 TRACK
66.775	>>> V 0.00 0.00
66.775	S 72155 -17.31 23.91 0.00 0.00 TRACK
66.796	>>> V 0.00 0.00
66.797	S 72175 -17.31 23.91 0.00 0.00 TRACK
66.815	>>> V 0.00 0.00
66.815	S 72195 -17.31 23.91 0.00 0.00 TRACK
66.835	>>> V 0.00 0.00
66.835	S 72215 -17.31 23.91 0.00 0.00 TRACK
66.856	>>> V 0.00 0.00
66.857	S 72235 -17.31 23.91 0.00 0.00 TRACK
66.875	>>> V 0.00 0.00
66.876	S 72255 -17.40 23.91 0.00 0.00 TRACK
66.897	>>> V 0.00 0.00
66.898	S 72275 -17.31 23.91 0.00 0.00 TRACK
66.915	>>> V 0.00 0.00
66.916	S 72295 -17.31 23.91 0.00 0.00 TRACK
66.936	>>> V 0.00 0.00
66.936	S 72315 -17.31 23.91 0.00 0.00 TRACK
66.956	>>> V 0.00 0.00
66.957	S 72335 -17.31 23.91 0.00 0.00 TRACK
66.975	>>> V 0.00 0.00
66.975	S 72355 -17.40 23.91 0.00 0.00 TRACK
66.996	>>> V 0.00 0.00
66.997	S 72375 -17.31 23.91 0.00 0.00 TRACK
67.015	>>> V 0.00 0.00
67.017	S 72395 -17.31 23.91 0.00 0.00 TRACK
67.037	>>> V 0.00 0.00
67.038	S 72415 -17.31 23.91 0.00 0.00 TRACK
67.055	>>> V 0.00 0.00
67.056	S 72435 -17.31 23.91 0.00 0.00 TRACK
67.075	>>> V 0.00 0.00
67.076	S 72455 -17.31 23.91 0.00 0.00 TRACK
67.097	>>> V 0.00 0.00
67.097	S 72475 -17.31 23.91 0.00 0.00 TRACK
67.115	>>> V 0.00 0.00
67.117	S 72495 -17.31 23.91 0.00 0.00 TRACK
67.137	>>> V 0.00 0.00
67.137	S 72515 -17.31 23.91 0.00 0.00 TRACK
67.155	>>> V 0.00 0.00
67.155	S 72535 -17.31 23.91 0.00 0.00 TRACK
67.175	>>> V 0.00 0.00
67.176	S 72555 -17.31 23.91 0.00 0.00 TRACK
67.196	>>> V 0.00 0.00
67.197	S 72575 -17.31 23.91 0.00 0.00 TRACK
67.215	>>> V 0.00 0.00
67.216	S 72595 -17.31 23.91 0.00 0.00 TRACK
67.236	>>> V 0.00 0.00
67.236	S 72615 -17.40 23.91 0.00 0.00 TRACK
67.255	>>> V 0.00 0.00
67.255	S 72635 -17.31 23.91 0.00 0.00 TRACK
67.276	>>> V 0.00 0.00
67.278	S 72655 -17.31 23.91 0.00 0.00 TRACK
67.295	>>> V 0.00 0.00
67.298	S 72675 -17.31 23.91 0.00 0.00 TRACK
67.315	>>> V 0.00 0.00
67.316	S 72695 -17.31 23.99 0.00 0.00 TRACK
67.337	>>> V 0.00 0.00
67.338	S 72715 -17.31 23.99 0.00 0.00 TRACK
67.355	>>> V 0.00 0.00
67.357	S 72735 -17.31 23.91 0.00 0.00 TRACK
67.377	>>> V 0.00 0.00
67.377	S 72755 -17.31 23.91 0.00 0.00 TRACK
67.396	>>> V 0.00 0.00
67.397	S 72775 -17.31 23.91 0.00 0.00 TRACK
67.417	>>> V 0.00 0.00
67.420	S 72795 -17.31 23.91 0.00 0.00 TRACK
67.437	>>> V 0.00 0.00
67.438	S 72815 -17.31 23.91 0.00 0.00 TRACK
67.456	>>> V 0.00 0.00
67.456	S 72835 -17.31 23.91 0.00 0.00 TRACK
67.475	>>> V 0.00 0.00
67.475	S 72855 -17.31 23.91 0.00 0.00 TRACK
67.497	>>> V 0.00 0.00
67.497	S 72875 -17.31 23.91 0.00 0.00 TRACK
67.516	>>> V 0.00 0.00
67.516	S 72895 -17.31 23.91 0.00 0.00 TRACK
67.535	>>> V 0.00 0.00
67.537	S 72915 -17.31 23.91 0.00 0.00 TRACK
67.556	>>> V 0.00 0.00
67.556	S 72935 -17.31 23.91 0.00 0.00 TRACK
67.576	>>> V 0.00 0.00
67.580	S 72955 -17.40 23.91 0.00 0.00 TRACK
67.601	>>> V 0.00 0.00
67.601	S 72975 -17.31 23.91 0.00 0.00 TRACK
67.615	>>> V 0.00 0.00
67.617	S 72995 -17.31 23.91 0.00 0.00 TRACK
67.636	>>> V 0.00 0.00
67.637	S 73015 -17.31 23.91 0.00 0.00 TRACK
67.656	>>> V 0.00 0.00
67.661	S 73035 -17.40 23.91 0.00 0.00 TRACK
67.675	>>> V 0.00 0.00
67.677	S 73055 -17.31 23.99 0.00 0.00 TRACK
67.696	>>> V 0.00 0.00
67.698	S 73075 -17.31 23.91 0.00 0.00 TRACK
67.716	>>> V 0.00 0.00
67.717	S 73095 -17.31 23.91 0.00 0.00 TRACK
67.736	>>> V 0.00 0.00
67.736	S 73115 -17.31 23.91 0.00 0.00 TRACK
67.756	>>> V 0.00 0.00
67.757	S 73135 -17.31 23.91 0.00 0.00 TRACK
67.775	>>> V 0.00 0.00
67.775	S 73155 -17.31 23.91 0.00 0.00 TRACK
67.797	>>> V 0.00 0.00
67.798	S 73175 -17.31 23.91 0.00 0.00 TRACK
67.816	>>> V 0.00 0.00
67.817	S 73195 -17.31 23.91 0.00 0.00 TRACK
67.836	>>> V 0.00 0.00
67.836	S 73215 -17.31 23.91 0.00 0.00 TRACK
67.856	>>> V 0.00 0.00
67.856	S 73235 -17.31 23.91 0.00 0.00 TRACK
67.875	>>> V 0.00 0.00
67.876	S 73255 -17.40 23.91 0.00 0.00 TRACK
67.895	>>> V 0.00 0.00
67.895	S 73275 -17.31 23.91 0.00 0.00 TRACK
67.915	>>> V 0.00 0.00
67.916	S 73295 -17.31 23.91 0.00 0.00 TRACK
67.935	>>> V 0.00 0.00
67.935	S 73315 -17.40 23.91 0.00 0.00 TRACK
67.956	>>> V 0.00 0.00
67.956	S 73335 -17.31 23.91 0.00 0.00 TRACK
67.975	>>> V 0.00 0.00
67.975	S 73355 -17.31 23.99 0.00 0.00 TRACK
67.998	>>> V 0.00 0.00
67.998	S 73375 -17.31 23.91 0.00 0.00 TRACK
68.016	>>> V 0.00 0.00
68.017	S 73395 -17.31 23.91 0.00 0.00 TRACK
68.037	>>> V 0.00 0.00
68.037	S 73415 -17.31 23.91 0.00 0.00 TRACK
68.056	>>> V 0.00 0.00
68.056	S 73435 -17.31 23.91 0.00 0.00 TRACK
68.076	>>> V 0.00 0.00
68.077	S 73455 -17.31 23.91 0.00 0.00 TRACK
68.101	>>> V 0.00 0.00
68.101	S 73475 -17.31 23.91 0.00 0.00 TRACK
68.115	>>> V 0.00 2.92
68.116	S 73495 -17.31 23.99 0.00 0.00 TRACK
68.135	>>> V 0.00 2.92
68.136	S 73515 -17.31 23.91 0.00 0.00 TRACK
68.156	>>> V 0.00 2.96
68.156	S 73535 -17.31 23.91 0.00 0.00 TRACK
68.175	>>> V 0.00 2.96
68.175	S 73555 -17.31 23.91 0.00 0.00 TRACK
68.196	>>> V 0.00 3.07
68.196	S 73575 -17.31 23.99 0.00 0.00 TRACK
68.216	>>> V 0.00 3.07
68.217	S 73595 -17.31 24.17 0.00 1.37 TRACK
68.237	>>> V 0.00 3.21
68.238	S 73615 -17.31 24.17 0.00 2.75 TRACK
68.255	>>> V 0.00 3.21
68.258	S 73635 -17.31 24.17 0.00 2.75 TRACK
68.276	>>> V 0.00 3.21
68.277	S 73655 -17.31 24.26 0.00 2.75 TRACK
68.298	>>> V 0.00 2.98
68.299	S 73675 -17.31 24.26 0.00 1.37 TRACK
68.315	>>> V 0.00 2.98
68.316	S 73695 -17.31 24.35 0.00 1.37 TRACK
68.337	>>> V 0.00 0.00
68.337	S 73715 -17.31 24.43 0.00 1.37 TRACK
68.355	>>> V 0.00 0.00
68.356	S 73735 -17.31 24.52 0.00 2.75 TRACK
68.375	>>> V 0.00 2.84
68.376	S 73755 -17.31 24.52 0.00 2.75 TRACK
68.397	>>> V 0.00 0.00
68.400	S 73775 -17.31 24.61 0.00 2.75 TRACK
68.415	>>> V 0.00 0.00
68.417	S 73795 -17.31 24.52 0.00 1.37 TRACK
68.438	>>> V 0.00 0.00
68.438	S 73815 -17.31 24.61 0.00 0.00 TRACK
68.455	>>> V 0.00 0.00
68.457	S 73835 -17.31 24.52 0.00 0.00 TRACK
68.476	>>> V 0.00 0.00
68.476	S 73855 -17.31 24.61 0.00 0.00 TRACK
68.496	>>> V 0.00 0.00
68.497	S 73875 -17.31 24.61 0.00 0.00 TRACK
68.515	>>> V 0.00 0.00
68.517	S 73895 -17.31 24.52 0.00 0.00 TRACK
68.537	>>> V 0.00 2.97
68.537	S 73915 -17.31 24.61 0.00 0.00 TRACK
68.555	>>> V 0.00 2.97
68.557	S 73935 -17.31 24.61 0.00 0.00 TRACK
68.576	>>> V 0.00 3.14
68.576	S 73955 -17.31 24.61 0.00 0.00 TRACK
68.595	>>> V -1.87 3.34
68.596	S 73975 -17.31 24.61 0.00 0.00 TRACK
68.615	>>> V -1.87 3.34
68.616	S 73995 -17.31 24.61 0.00 0.00 TRACK
68.637	>>> V -2.00 3.43
68.638	S 74015 -17.31 24.79 0.00 1.37 TRACK
68.656	>>> V -2.00 3.43
68.657	S 74035 -17.31 24.87 0.00 2.75 TRACK
68.677	>>> V -2.14 3.54
68.677	S 74055 -17.31 24.96 0.00 2.75 TRACK
68.695	>>> V -2.33 3.57
68.697	S 74075 -17.31 24.96 0.00 2.75 TRACK
68.715	>>> V -2.33 3.57
68.715	S 74095 -17.40 24.96 0.00 2.75 TRACK
68.737	>>> V -2.48 3.30
68.738	S 74115 -17.31 25.05 0.00 1.37 TRACK
68.755	>>> V -2.48 3.30
68.757	S 74135 -17.40 25.22 0.00 1.37 TRACK
68.777	>>> V -2.57 3.04
68.777	S 74155 -17.49 25.31 0.00 2.75 TRACK
68.795	>>> V -2.57 3.04
68.797	S 74175 -17.58 25.40 -1.37 4.12 TRACK
68.815	>>> V -2.58 3.28
68.816	S 74195 -17.58 25.40 -2.75 4.12 TRACK
68.837	>>> V -2.57 3.17
68.837	S 74215 -17.67 25.31 -2.75 2.75 TRACK
68.857	>>> V -2.57 3.17
68.858	S 74235 -17.67 25.40 -2.75 1.37 TRACK
68.877	>>> V -2.48 2.96
68.877	S 74255 -17.67 25.40 -1.37 0.00 TRACK
68.895	>>> V -2.48 2.96
68.897	S 74275 -17.75 25.49 -1.37 1.37 TRACK
68.915	>>> V -2.39 3.02
68.915	S 74295 -17.84 25.66 -1.37 2.75 TRACK
68.937	>>> V -2.48 3.28
68.937	S 74315 -17.93 25.75 -2.75 4.12 TRACK
68.956	>>> V -2.48 3.28
68.958	S 74335 -18.02 25.75 -4.12 4.12 TRACK
68.976	>>> V -2.75 3.54
68.976	S 74355 -18.02 25.75 -2.75 2.75 TRACK
68.996	>>> V -3.04 3.85
68.997	S 74375 -18.02 25.75 -2.75 1.37 TRACK
69.015	>>> V -3.31 4.20
69.016	S 74395 -18.11 25.84 -1.37 0.00 TRACK
69.036	>>> V -3.31 4.20
69.036	S 74415 -18.19 26.02 -1.37 1.37 TRACK
69.056	>>> V -3.54 3.96
69.057	S 74435 -18.28 26.10 -2.75 2.75 TRACK
69.075	>>> V -3.54 3.96
69.076	S 74455 -18.37 26.19 -2.75 4.12 TRACK
69.097	>>> V -3.73 4.05
69.100	S 74475 -18.37 26.37 -2.75 4.12 TRACK
69.115	>>> V -3.73 4.05
69.118	S 74495 -18.46 26.37 -2.75 4.12 TRACK
69.136	>>> V -3.51 4.00
69.137	S 74515 -18.54 26.37 -2.75 2.75 TRACK
69.156	>>> V -3.12 3.32
69.157	S 74535 -18.63 26.46 -2.75 2.75 TRACK
69.175	>>> V -3.12 3.32
69.176	S 74555 -18.72 26.54 -4.12 2.75 TRACK
69.200	>>> V -2.58 3.03
69.201	S 74575 -18.81 26.72 -4.12 2.75 TRACK
69.216	>>> V -2.58 3.03
69.216	S 74595 -18.90 26.72 -4.12 4.12 TRACK
69.236	>>> V -1.85 3.00
69.237	S 74615 -18.90 26.72 -2.75 2.75 TRACK
69.256	>>> V 0.00 0.00
69.257	S 74635 -18.90 26.72 -1.37 1.37 TRACK
69.276	>>> V 0.00 0.00
69.278	S 74655 -18.90 26.81 -1.37 1.37 TRACK
69.299	>>> V 0.00 0.00
69.300	S 74675 -18.90 26.89 0.00 1.37 TRACK
69.315	>>> V 0.00 0.00
69.317	S 74695 -18.98 26.89 0.00 1.37 TRACK
69.337	>>> V 0.00 0.00
69.337	S 74715 -18.98 26.89 0.00 1.37 TRACK
69.355	>>> V 0.00 0.00
69.356	S 74735 -18.98 26.89 0.00 0.00 TRACK
69.376	>>> V 0.00 0.00
69.376	S 74755 -18.98 26.89 0.00 0.00 TRACK
69.396	>>> V 0.00 0.00
69.397	S 74775 -18.98 26.98 0.00 0.00 TRACK
69.416	>>> V 0.00 0.00
69.416	S 74795 -18.98 26.89 0.00 0.00 TRACK
69.436	>>> V 0.00 0.00
69.437	S 74815 -18.98 26.98 0.00 0.00 TRACK
69.456	>>> V 0.00 0.00
69.456	S 74835 -18.98 26.98 0.00 0.00 TRACK
69.476	>>> V 0.00 0.00
69.477	S 74855 -18.98 26.98 0.00 0.00 TRACK
69.495	>>> V 0.00 0.00
69.495	S 74875 -18.98 26.98 0.00 0.00 TRACK
69.515	>>> V 0.00 0.00
69.515	S 74895 -18.90 26.98 0.00 0.00 TRACK
69.535	>>> V 0.00 0.00
69.535	S 74915 -18.98 26.98 0.00 0.00 TRACK
69.556	>>> V 0.00 0.00
69.557	S 74935 -18.98 26.98 0.00 0.00 TRACK
69.575	>>> V 0.00 0.00
69.576	S 74955 -18.90 26.89 0.00 0.00 TRACK
69.598	>>> V 0.00 0.00
69.599	S 74975 -18.90 26.98 0.00 0.00 TRACK
69.616	>>> V 0.00 0.00
69.617	S 74995 -18.98 26.98 0.00 0.00 TRACK
69.636	>>> V 0.00 0.00
69.636	S 75015 -18.98 26.98 0.00 0.00 TRACK
69.656	>>> V 0.00 0.00
69.657	S 75035 -18.90 26.98 0.00 0.00 TRACK
69.675	>>> V 0.00 0.00
69.676	S 75055 -18.98 26.98 0.00 0.00 TRACK
69.698	>>> V 0.00 0.00
69.700	S 75075 -18.98 26.98 0.00 0.00 TRACK
69.716	>>> V 0.00 0.00
69.717	S 75095 -18.98 26.98 0.00 0.00 TRACK
69.736	>>> V 0.00 2.87
69.736	S 75115 -18.90 26.98 0.00 0.00 TRACK
69.756	>>> V 0.00 2.90
69.756	S 75135 -18.98 26.98 0.00 0.00 TRACK
69.775	>>> V 0.00 2.90
69.776	S 75155 -18.98 26.98 0.00 0.00 TRACK
69.800	>>> V 0.00 2.93
69.800	S 75175 -18.98 26.98 0.00 0.00 TRACK
69.816	>>> V 0.00 2.93
69.816	S 75195 -18.98 26.98 0.00 0.00 TRACK
69.836	>>> V 0.00 2.99
69.837	S 75215 -18.98 27.07 0.00 0.00 TRACK
69.858	>>> V 0.00 2.99
69.861	S 75235 -18.98 27.25 0.00 1.37 TRACK
69.875	>>> V 0.00 2.96
69.876	S 75255 -18.90 27.33 0.00 2.75 TRACK
69.901	>>> V 0.00 2.94
69.901	S 75275 -18.98 27.33 0.00 4.12 TRACK
69.916	>>> V 0.00 2.94
69.916	S 75295 -18.90 27.33 0.00 2.75 TRACK
69.935	>>> V 0.00 0.00
69.937	S 75315 -18.98 27.33 0.00 1.37 TRACK
69.955	>>> V 0.00 0.00
69.956	S 75335 -18.90 27.33 0.00 0.00 TRACK
69.975	>>> V 0.00 0.00
69.976	S 75355 -18.90 27.42 0.00 0.00 TRACK
69.995	>>> V 0.00 0.00
69.996	S 75375 -18.98 27.51 0.00 1.37 TRACK
70.015	>>> V 0.00 0.00
70.016	S 75395 -18.98 27.51 0.00 1.37 TRACK
70.035	>>> V 0.00 0.00
70.035	S 75415 -18.90 27.51 0.00 1.37 TRACK
70.056	>>> V 0.00 0.00
70.057	S 75435 -18.90 27.51 0.00 0.00 TRACK
70.076	>>> V 0.00 0.00
70.076	S 75455 -18.90 27.51 0.00 0.00 TRACK
70.101	>>> V 0.00 0.00
70.101	S 75475 -18.90 27.60 0.00 0.00 TRACK
70.115	>>> V 0.00 0.00
70.117	S 75495 -18.98 27.51 0.00 0.00 TRACK
70.135	>>> V 0.00 0.00
70.135	S 75515 -18.98 27.51 0.00 0.00 TRACK
70.155	>>> V 1.83 0.00
70.156	S 75535 -18.90 27.51 0.00 0.00 TRACK
70.175	>>> V 1.83 0.00
70.176	S 75555 -18.90 27.51 0.00 0.00 TRACK
70.196	>>> V 2.08 0.00
70.197	S 75575 -18.90 27.51 0.00 0.00 TRACK
70.216	>>> V 2.08 0.00
70.217	S 75595 -18.98 27.60 0.00 0.00 TRACK
70.236	>>> V 2.08 0.00
70.237	S 75615 -18.98 27.60 0.00 0.00 TRACK
70.255	>>> V 2.17 0.00
70.256	S 75635 -18.90 27.60 0.00 0.00 TRACK
70.275	>>> V 2.17 0.00
70.276	S 75655 -18.90 27.60 0.00 0.00 TRACK
70.296	>>> V 2.28 0.00
70.298	S 75675 -18.98 27.60 0.00 0.00 TRACK
70.316	>>> V 2.28 0.00
70.317	S 75695 -18.90 27.60 0.00 0.00 TRACK
70.336	>>> V 2.36 0.00
70.337	S 75715 -18.72 27.60 1.37 0.00 TRACK
70.355	>>> V 2.36 0.00
70.356	S 75735 -18.72 27.60 2.75 0.00 TRACK
70.375	>>> V 2.55 0.00
70.376	S 75755 -18.63 27.60 2.75 0.00 TRACK
70.395	>>> V 2.76 0.00
70.397	S 75775 -18.63 27.60 2.75 0.00 TRACK
70.416	>>> V 2.76 0.00
70.418	S 75795 -18.63 27.60 1.37 0.00 TRACK
70.436	>>> V 2.70 2.86
70.437	S 75815 -18.54 27.60 1.37 0.00 TRACK
70.455	>>> V 2.70 2.86
70.458	S 75835 -18.46 27.60 1.37 0.00 TRACK
70.475	>>> V 2.80 3.20
70.478	S 75855 -18.37 27.60 2.75 0.00 TRACK
70.495	>>> V 3.17 3.52
70.496	S 75875 -18.37 27.60 4.12 0.00 TRACK
70.516	>>> V 3.17 3.52
70.516	S 75895 -18.37 27.60 2.75 0.00 TRACK
70.535	>>> V 3.26 3.77
70.535	S 75915 -18.28 27.69 1.37 0.00 TRACK
70.555	>>> V 3.26 3.77
70.556	S 75935 -18.28 27.86 0.00 1.37 TRACK
70.575	>>> V 3.26 3.77
70.575	S 75955 -18.19 27.95 0.00 2.75 TRACK
70.600	>>> V 3.34 3.94
70.601	S 75975 -18.11 28.04 1.37 4.12 TRACK
70.615	>>> V 3.34 3.94
70.616	S 75995 -18.02 28.12 2.75 4.12 TRACK
70.636	>>> V 3.39 3.85
70.637	S 76015 -17.93 28.21 4.12 4.12 TRACK
70.656	>>> V 3.15 3.64
70.656	S 76035 -17.93 28.30 2.75 4.12 TRACK
70.676	>>> V 3.15 3.64
70.676	S 76055 -17.93 28.39 1.37 2.75 TRACK
70.701	>>> V 2.86 3.61
70.701	S 76075 -17.93 28.48 0.00 4.12 TRACK
70.716	>>> V 2.86 3.61
70.716	S 76095 -17.84 28.48 0.00 4.12 TRACK
70.736	>>> V 2.78 3.74
70.736	S 76115 -17.75 28.56 1.37 2.75 TRACK
70.758	>>> V 2.82 3.56
70.759	S 76135 -17.67 28.56 2.75 2.75 TRACK
70.775	>>> V 2.82 3.56
70.776	S 76155 -17.49 28.74 4.12 2.75 TRACK
70.796	>>> V 2.75 3.20
70.798	S 76175 -17.49 28.83 4.12 4.12 TRACK
70.816	>>> V 2.75 3.20
70.817	S 76195 -17.49 29.00 2.75 4.12 TRACK
70.837	>>> V 2.52 2.96
70.838	S 76215 -17.49 29.00 1.37 4.12 TRACK
70.855	>>> V 2.52 2.96
70.856	S 76235 -17.40 29.00 0.00 2.75 TRACK
70.875	>>> V 2.31 0.00
70.875	S 76255 -17.31 29.00 1.37 1.37 TRACK
70.896	>>> V 2.35 0.00
70.897	S 76275 -17.14 29.09 2.75 0.00 TRACK
70.915	>>> V 2.29 0.00
70.915	S 76295 -17.14 29.18 4.12 1.37 TRACK
70.935	>>> V 2.29 0.00
70.935	S 76315 -17.14 29.18 2.75 1.37 TRACK
70.956	>>> V 1.95 0.00
70.958	S 76335 -17.14 29.18 1.37 1.37 TRACK
70.975	>>> V 1.95 0.00
70.976	S 76355 -17.14 29.18 0.00 1.37 TRACK
70.996	>>> V 0.00 0.00
70.998	S 76375 -17.05 29.18 0.00 0.00 TRACK
71.015	>>> V 0.00 0.00
71.016	S 76395 -16.96 29.18 1.37 0.00 TRACK
71.035	>>> V 0.00 0.00
71.036	S 76415 -16.87 29.18 1.37 0.00 TRACK
71.055	>>> V 0.00 0.00
71.055	S 76435 -16.87 29.18 2.75 0.00 TRACK
71.075	>>> V 0.00 0.00
71.076	S 76455 -16.96 29.18 1.37 0.00 TRACK
71.096	>>> V 0.00 0.00
71.096	S 76475 -16.96 29.18 0.00 0.00 TRACK
71.116	>>> V 0.00 0.00
71.117	S 76495 -16.96 29.18 0.00 0.00 TRACK
71.136	>>> V 0.00 0.00
71.136	S 76515 -16.87 29.18 0.00 0.00 TRACK
71.155	>>> V 0.00 0.00
71.155	S 76535 -16.96 29.18 0.00 0.00 TRACK
71.175	>>> V 0.00 0.00
71.175	S 76555 -16.96 29.18 0.00 0.00 TRACK
71.195	>>> V 0.00 0.00
71.196	S 76575 -16.96 29.18 0.00 0.00 TRACK
71.215	>>> V 0.00 0.00
71.217	S 76595 -16.96 29.18 0.00 0.00 TRACK
71.236	>>> V 0.00 0.00
71.237	S 76615 -16.87 29.18 0.00 0.00 TRACK
71.255	>>> V 0.00 0.00
71.256	S 76635 -16.96 29.18 0.00 0.00 TRACK
71.275	>>> V 0.00 0.00
71.277	S 76655 -16.96 29.18 0.00 0.00 TRACK
71.296	>>> V 0.00 0.00
71.302	S 76675 -16.96 29.18 0.00 0.00 TRACK
71.315	>>> V 0.00 0.00
71.316	S 76695 -16.87 29.18 0.00 0.00 TRACK
71.335	>>> V 1.83 0.00
71.336	S 76715 -16.96 29.18 0.00 0.00 TRACK
71.355	>>> V 1.83 0.00
71.355	S 76735 -16.96 29.18 0.00 0.00 TRACK
71.375	>>> V 1.90 0.00
71.377	S 76755 -16.96 29.18 0.00 0.00 TRACK
71.396	>>> V 1.90 0.00
71.398	S 76775 -16.96 29.18 0.00 0.00 TRACK
71.415	>>> V 1.90 0.00
71.416	S 76795 -16.96 29.18 0.00 0.00 TRACK
71.436	>>> V 1.83 0.00
71.437	S 76815 -16.96 29.18 0.00 0.00 TRACK
71.455	>>> V 0.00 0.00
71.455	S 76835 -16.96 29.18 0.00 0.00 TRACK
71.475	>>> V 0.00 0.00
71.476	S 76855 -16.79 29.18 0.00 0.00 TRACK
71.501	>>> V 1.83 0.00
71.502	S 76875 -16.79 29.18 1.37 0.00 TRACK
71.516	>>> V 1.83 0.00
71.517	S 76895 -16.79 29.18 1.37 0.00 TRACK
71.538	>>> V 1.93 0.00
71.538	S 76915 -16.79 29.18 1.37 0.00 TRACK
71.555	>>> V 1.83 0.00
71.555	S 76935 -16.70 29.18 0.00 0.00 TRACK
71.575	>>> V 1.83 0.00
71.575	S 76955 -16.79 29.18 0.00 0.00 TRACK
71.597	>>> V 0.00 0.00
71.598	S 76975 -16.79 29.18 0.00 0.00 TRACK
71.616	>>> V 0.00 0.00
71.617	S 76995 -16.70 29.18 0.00 0.00 TRACK
71.636	>>> V 0.00 0.00
71.637	S 77015 -16.70 29.18 0.00 0.00 TRACK
71.655	>>> V 0.00 0.00
71.655	S 77035 -16.70 29.18 0.00 0.00 TRACK
71.675	>>> V 0.00 0.00
71.676	S 77056 -16.70 29.18 0.00 0.00 TRACK
71.697	>>> V 0.00 0.00
71.698	S 77076 -16.70 29.18 0.00 0.00 TRACK
71.716	>>> V 0.00 0.00
71.716	S 77096 -16.70 29.18 0.00 0.00 TRACK
71.736	>>> V 0.00 0.00
71.737	S 77116 -16.70 29.18 0.00 0.00 TRACK
71.755	>>> V 0.00 0.00
71.756	S 77136 -16.70 29.18 0.00 0.00 TRACK
71.775	>>> V 0.00 0.00
71.776	S 77156 -16.70 29.18 0.00 0.00 TRACK
71.796	>>> V 0.00 0.00
71.796	S 77176 -16.70 29.18 0.00 0.00 TRACK
71.815	>>> V 0.00 0.00
71.816	S 77196 -16.70 29.18 0.00 0.00 TRACK
71.835	>>> V 0.00 0.00
71.835	S 77216 -16.70 29.18 0.00 0.00 TRACK
71.855	>>> V 0.00 0.00
71.856	S 77236 -16.70 29.18 0.00 0.00 TRACK
71.875	>>> V 0.00 0.00
71.875	S 77256 -16.70 29.18 0.00 0.00 TRACK
71.897	>>> V 0.00 0.00
71.897	S 77276 -16.70 29.18 0.00 0.00 TRACK
71.916	>>> V 0.00 0.00
71.917	S 77296 -16.70 29.18 0.00 0.00 TRACK
71.936	>>> V 0.00 0.00
71.939	S 77316 -16.70 29.18 0.00 0.00 TRACK
71.955	>>> V 0.00 0.00
71.957	S 77336 -16.70 29.18 0.00 0.00 TRACK
71.976	>>> V 0.00 0.00
71.978	S 77356 -16.70 29.18 0.00 0.00 TRACK
71.997	>>> V 0.00 0.00
71.998	S 77376 -16.70 29.18 0.00 0.00 TRACK
72.016	>>> V 0.00 0.00
72.016	S 77396 -16.70 29.18 0.00 0.00 TRACK
72.035	>>> V 0.00 0.00
72.038	S 77416 -16.70 29.18 0.00 0.00 TRACK
72.055	>>> V 0.00 0.00
72.058	S 77436 -16.70 29.18 0.00 0.00 TRACK
72.077	>>> V 0.00 0.00
72.077	S 77456 -16.70 29.18 0.00 0.00 TRACK
72.101	>>> V 0.00 0.00
72.103	S 77476 -16.70 29.18 0.00 0.00 TRACK
72.116	>>> V 0.00 0.00
72.116	S 77496 -16.70 29.18 0.00 0.00 TRACK
72.137	>>> V 0.00 0.00
72.138	S 77516 -16.70 29.18 0.00 0.00 TRACK
72.156	>>> V 0.00 0.00
72.156	S 77536 -16.70 29.18 0.00 0.00 TRACK
72.175	>>> V 0.00 0.00
72.176	S 77556 -16.70 29.18 0.00 0.00 TRACK
72.202	>>> V 0.00 0.00
72.203	S 77576 -16.70 29.18 0.00 0.00 TRACK
72.216	>>> V 0.00 0.00
72.217	S 77596 -16.70 29.18 0.00 0.00 TRACK
72.239	>>> V 0.00 0.00
72.239	S 77616 -16.70 29.18 0.00 0.00 TRACK
72.255	>>> V 0.00 0.00
72.255	S 77636 -16.70 29.18 0.00 0.00 TRACK
72.276	>>> V 0.00 0.00
72.278	S 77656 -16.70 29.18 0.00 0.00 TRACK
72.296	>>> V 0.00 0.00
72.297	S 77676 -16.70 29.18 0.00 0.00 TRACK
72.316	>>> V 0.00 0.00
72.316	S 77696 -16.70 29.18 0.00 0.00 TRACK
72.336	>>> V 0.00 0.00
72.337	S 77716 -16.70 29.18 0.00 0.00 TRACK
72.355	>>> V 0.00 0.00
72.355	S 77736 -16.70 29.18 0.00 0.00 TRACK
72.375	>>> V 0.00 0.00
72.377	S 77756 -16.70 29.18 0.00 0.00 TRACK
72.396	>>> V 0.00 0.00
72.397	S 77776 -16.70 29.18 0.00 0.00 TRACK
72.416	>>> V 0.00 0.00
72.416	S 77796 -16.70 29.18 0.00 0.00 TRACK
72.437	>>> V 0.00 0.00
72.440	S 77816 -16.70 29.18 0.00 0.00 TRACK
72.455	>>> V 0.00 0.00
72.455	S 77836 -16.70 29.18 0.00 0.00 TRACK
72.475	>>> V 1.85 0.00
72.475	S 77856 -16.70 29.18 0.00 0.00 TRACK
72.497	>>> V 1.91 0.00
72.498	S 77876 -16.70 29.18 0.00 0.00 TRACK
72.516	>>> V 1.91 0.00
72.516	S 77896 -16.70 29.18 0.00 0.00 TRACK
72.536	>>> V 1.96 0.00
72.537	S 77916 -16.70 29.18 0.00 0.00 TRACK
72.555	>>> V 1.96 0.00
72.555	S 77936 -16.70 29.18 0.00 0.00 TRACK
72.575	>>> V 2.00 0.00
72.575	S 77956 -16.61 29.18 0.00 0.00 TRACK
72.597	>>> V 2.05 0.00
72.597	S 77976 -16.52 29.18 1.37 0.00 TRACK
72.615	>>> V 2.05 0.00
72.616	S 77996 -16.52 29.18 1.37 0.00 TRACK
72.637	>>> V 2.15 0.00
72.637	S 78016 -16.52 29.18 1.37 0.00 TRACK
72.655	>>> V 2.15 0.00
72.655	S 78036 -16.52 29.18 0.00 0.00 TRACK
72.675	>>> V 2.09 0.00
72.676	S 78056 -16.52 29.18 0.00 0.00 TRACK
72.696	>>> V 2.11 0.00
72.696	S 78076 -16.44 29.18 0.00 0.00 TRACK
72.715	>>> V 2.11 0.00
72.715	S 78096 -16.35 29.18 1.37 0.00 TRACK
72.737	>>> V 2.25 0.00
72.738	S 78116 -16.17 29.18 2.75 0.00 TRACK
72.756	>>> V 2.25 0.00
72.756	S 78136 -16.17 29.18 2.75 0.00 TRACK
72.777	>>> V 2.22 0.00
72.777	S 78156 -16.17 29.18 2.75 0.00 TRACK
72.795	>>> V 2.22 0.00
72.795	S 78176 -16.17 29.18 1.37 0.00 TRACK
72.815	>>> V 1.90 0.00
72.816	S 78196 -16.08 29.18 0.00 0.00 TRACK
72.836	>>> V 0.00 0.00
72.837	S 78216 -16.00 29.18 1.37 0.00 TRACK
72.855	>>> V 0.00 0.00
72.856	S 78236 -15.91 29.18 2.75 0.00 TRACK
72.875	>>> V 0.00 0.00
72.875	S 78256 -15.91 29.18 2.75 0.00 TRACK
72.898	>>> V 0.00 0.00
72.900	S 78276 -15.91 29.18 1.37 0.00 TRACK
72.916	>>> V 0.00 0.00
72.916	S 78296 -15.91 29.18 0.00 0.00 TRACK
72.936	>>> V 0.00 0.00
72.937	S 78316 -15.91 29.18 0.00 0.00 TRACK
72.955	>>> V 0.00 0.00
72.956	S 78336 -15.91 29.18 0.00 0.00 TRACK
72.975	>>> V 0.00 0.00
72.975	S 78356 -15.91 29.18 0.00 0.00 TRACK
72.995	>>> V 0.00 0.00
72.996	S 78376 -15.91 29.18 0.00 0.00 TRACK
73.015	>>> V 0.00 0.00
73.018	S 78396 -15.91 29.18 0.00 0.00 TRACK
73.036	>>> V 0.00 0.00
73.036	S 78416 -15.91 29.18 0.00 0.00 TRACK
73.055	>>> V 0.00 0.00
73.055	S 78436 -15.91 29.18 0.00 0.00 TRACK
73.076	>>> V 0.00 0.00
73.076	S 78456 -15.91 29.18 0.00 0.00 TRACK
73.095	>>> V 0.00 0.00
73.096	S 78476 -15.91 29.18 0.00 0.00 TRACK
73.116	>>> V 0.00 0.00
73.116	S 78496 -15.91 29.18 0.00 0.00 TRACK
73.138	>>> V 0.00 0.00
73.139	S 78516 -15.91 29.18 0.00 0.00 TRACK
73.155	>>> V 0.00 0.00
73.155	S 78536 -15.91 29.18 0.00 0.00 TRACK
73.175	>>> V 0.00 0.00
73.176	S 78556 -15.91 29.18 0.00 0.00 TRACK
73.196	>>> V 0.00 0.00
73.196	S 78576 -15.91 29.18 0.00 0.00 TRACK
73.215	>>> V 0.00 0.00
73.216	S 78596 -15.91 29.18 0.00 0.00 TRACK
73.236	>>> V 0.00 0.00
73.237	S 78616 -15.91 29.18 0.00 0.00 TRACK
73.256	>>> V 0.00 0.00
73.257	S 78636 -15.91 29.18 0.00 0.00 TRACK
73.277	>>> V 0.00 0.00
73.277	S 78656 -15.91 29.18 0.00 0.00 TRACK
73.295	>>> V 0.00 0.00
73.295	S 78676 -15.91 29.18 0.00 0.00 TRACK
73.315	>>> V 0.00 0.00
73.316	S 78696 -15.91 29.18 0.00 0.00 TRACK
73.335	>>> V 0.00 0.00
73.336	S 78716 -15.91 29.18 0.00 0.00 TRACK
73.355	>>> V 0.00 0.00
73.356	S 78736 -15.91 29.18 0.00 0.00 TRACK
73.377	>>> V 0.00 0.00
73.378	S 78756 -15.91 29.18 0.00 0.00 TRACK
73.395	>>> V 0.00 0.00
73.396	S 78776 -15.91 29.18 0.00 0.00 TRACK
73.415	>>> V 0.00 0.00
73.416	S 78796 -15.91 29.18 0.00 0.00 TRACK
73.437	>>> V 0.00 0.00
73.437	S 78816 -15.91 29.18 0.00 0.00 TRACK
73.456	>>> V 0.00 0.00
73.457	S 78836 -15.91 29.18 0.00 0.00 TRACK
73.476	>>> V 0.00 0.00
73.477	S 78856 -15.91 29.18 0.00 0.00 TRACK
73.503	>>> V 0.00 0.00
73.503	S 78876 -15.91 29.18 0.00 0.00 TRACK
73.515	>>> V 0.00 0.00
73.516	S 78896 -15.91 29.18 0.00 0.00 TRACK
73.539	>>> V 0.00 0.00
73.540	S 78916 -15.91 29.18 0.00 0.00 TRACK
73.555	>>> V 0.00 0.00
73.555	S 78936 -15.91 29.18 0.00 0.00 TRACK
73.577	>>> V 0.00 0.00
73.577	S 78956 -15.91 29.18 0.00 0.00 TRACK
73.595	>>> V 0.00 0.00
73.596	S 78976 -15.91 29.18 0.00 0.00 TRACK
73.615	>>> V 0.00 0.00
73.615	S 78996 -15.91 29.18 0.00 0.00 TRACK
73.636	>>> V 0.00 0.00
73.637	S 79016 -15.91 29.18 0.00 0.00 TRACK
73.656	>>> V 0.00 0.00
73.656	S 79036 -15.91 29.18 0.00 0.00 TRACK
73.676	>>> V 0.00 0.00
73.677	S 79056 -15.91 29.18 0.00 0.00 TRACK
73.695	>>> V 0.00 0.00
73.696	S 79076 -15.91 29.18 0.00 0.00 TRACK
73.715	>>> V 0.00 0.00
73.716	S 79096 -15.91 29.18 0.00 0.00 TRACK
73.738	>>> V 0.00 0.00
73.739	S 79116 -15.91 29.18 0.00 0.00 TRACK
73.755	>>> V 0.00 0.00
73.756	S 79136 -15.91 29.18 0.00 0.00 TRACK
73.777	>>> V 0.00 0.00
73.778	S 79156 -15.91 29.18 0.00 0.00 TRACK
73.797	>>> V 0.00 0.00
73.798	S 79176 -15.91 29.18 0.00 0.00 TRACK
73.815	>>> V 1.86 0.00
73.816	S 79196 -15.91 29.18 0.00 0.00 TRACK
73.837	>>> V 2.08 0.00
73.837	S 79216 -15.91 29.18 0.00 0.00 TRACK
73.856	>>> V 2.08 0.00
73.856	S 79236 -15.91 29.18 0.00 0.00 TRACK
73.876	>>> V 2.19 0.00
73.876	S 79256 -15.91 29.18 0.00 0.00 TRACK
73.896	>>> V 2.19 0.00
73.896	S 79276 -15.91 29.18 0.00 0.00 TRACK
73.915	>>> V 2.24 0.00
73.915	S 79296 -15.82 29.18 0.00 0.00 TRACK
73.935	>>> V 2.22 0.00
73.936	S 79316 -15.73 29.18 1.37 0.00 TRACK
73.955	>>> V 2.22 0.00
73.956	S 79336 -15.64 29.18 2.75 0.00 TRACK
73.975	>>> V 2.06 0.00
73.997	>>> V 2.06 0.00
74.016	>>> V 2.06 0.00
74.036	>>> V 0.00 0.00
74.055	>>> V 0.00 0.00
74.075	>>> V 0.00 0.00
74.096	>>> V 0.00 0.00
74.116	>>> V 0.00 0.00
74.137	>>> V 0.00 0.00
74.155	>>> V 0.00 0.00
74.175	>>> V 0.00 0.00
74.197	>>> V 0.00 0.00
74.216	>>> V 0.00 -2.99
74.236	>>> V 0.00 -2.99
74.255	>>> V 0.00 -3.05
74.275	>>> V 0.00 -3.05
74.295	>>> V 0.00 -3.31
74.316	>>> V 0.00 -3.53
74.338	>>> V 0.00 -3.53
74.355	>>> V 0.00 -3.76
74.375	>>> V 0.00 -3.76
74.396	>>> V 0.00 -4.14
74.416	>>> V 0.00 -4.14
74.437	>>> V 0.00 -4.42
74.455	>>> V 0.00 -4.80
74.475	>>> V 0.00 -4.80
74.495	>>> V 0.00 0.00
74.515	>>> V 0.00 0.00
74.538	>>> V 0.00 0.00
74.555	>>> V 0.00 0.00
74.576	>>> V 0.00 0.00
74.597	>>> V 0.00 0.00
74.616	>>> V 0.00 0.00
74.637	>>> V 0.00 0.00
74.655	>>> V 0.00 0.00
74.675	>>> V 0.00 0.00
74.696	>>> V 0.00 0.00
74.715	>>> V 0.00 0.00
74.737	>>> V 0.00 0.00
74.755	>>> V 0.00 0.00
74.775	>>> V 0.00 0.00
74.796	>>> V 0.00 0.00
74.816	>>> V 0.00 0.00
74.837	>>> V 0.00 0.00
74.855	>>> V 0.00 0.00
74.875	>>> V 0.00 0.00
74.876	E 4 DXL read failed
74.879	E 4 FAULT: send R to recover
74.887	S 80264 -15.56 29.18 2.75 0.00 FAULT
74.897	>>> V 0.00 0.00
74.898	S 80284 -15.56 29.18 2.75 0.00 FAULT
74.915	>>> V 0.00 0.00
74.916	S 80304 -15.56 29.18 2.75 0.00 FAULT
74.938	>>> V 0.00 0.00
74.939	S 80324 -15.56 29.18 2.75 0.00 FAULT
74.955	>>> V 0.00 0.00
74.956	S 80344 -15.56 29.18 2.75 0.00 FAULT
74.975	>>> V 0.00 0.00
74.975	S 80364 -15.56 29.18 2.75 0.00 FAULT
74.996	>>> V 0.00 0.00
74.996	S 80384 -15.56 29.18 2.75 0.00 FAULT
75.015	>>> V 0.00 0.00
75.016	S 80404 -15.56 29.18 2.75 0.00 FAULT
75.036	>>> V 0.00 0.00
75.037	S 80424 -15.56 29.18 2.75 0.00 FAULT
75.055	>>> V 0.00 0.00
75.057	S 80444 -15.56 29.18 2.75 0.00 FAULT
75.075	>>> V 0.00 0.00
75.076	S 80464 -15.56 29.18 2.75 0.00 FAULT
75.097	>>> V 0.00 0.00
75.098	S 80484 -15.56 29.18 2.75 0.00 FAULT
75.116	>>> V 0.00 0.00
75.116	S 80504 -15.56 29.18 2.75 0.00 FAULT
75.138	>>> V 0.00 0.00
75.138	S 80524 -15.56 29.18 2.75 0.00 FAULT
75.155	>>> V 0.00 0.00
75.156	S 80544 -15.56 29.18 2.75 0.00 FAULT
75.176	>>> V 0.00 0.00
75.176	S 80564 -15.56 29.18 2.75 0.00 FAULT
75.197	>>> V 0.00 0.00
75.197	S 80584 -15.56 29.18 2.75 0.00 FAULT
75.216	>>> V 0.00 0.00
75.216	S 80604 -15.56 29.18 2.75 0.00 FAULT
75.236	>>> V 0.00 0.00
75.237	S 80624 -15.56 29.18 2.75 0.00 FAULT
75.256	>>> V 0.00 0.00
75.256	S 80644 -15.56 29.18 2.75 0.00 FAULT
75.275	>>> V 0.00 0.00
75.275	S 80664 -15.56 29.18 2.75 0.00 FAULT
75.296	>>> V 0.00 0.00
75.297	S 80684 -15.56 29.18 2.75 0.00 FAULT
75.316	>>> V 0.00 0.00
75.317	S 80704 -15.56 29.18 2.75 0.00 FAULT
75.338	>>> V 0.00 0.00
75.338	S 80724 -15.56 29.18 2.75 0.00 FAULT
75.356	>>> V 0.00 0.00
75.356	S 80744 -15.56 29.18 2.75 0.00 FAULT
75.376	>>> V 0.00 0.00
75.376	S 80764 -15.56 29.18 2.75 0.00 FAULT
75.398	>>> V 0.00 0.00
75.401	S 80784 -15.56 29.18 2.75 0.00 FAULT
75.416	>>> V 0.00 0.00
75.417	S 80804 -15.56 29.18 2.75 0.00 FAULT
75.437	>>> V 0.00 0.00
75.437	S 80824 -15.56 29.18 2.75 0.00 FAULT
75.455	>>> V 0.00 0.00
75.455	S 80844 -15.56 29.18 2.75 0.00 FAULT
75.476	>>> V 0.00 0.00
75.477	S 80864 -15.56 29.18 2.75 0.00 FAULT
75.495	>>> V 0.00 0.00
75.496	S 80884 -15.56 29.18 2.75 0.00 FAULT
75.515	>>> V 0.00 0.00
75.516	S 80904 -15.56 29.18 2.75 0.00 FAULT
75.536	>>> V 0.00 0.00
75.536	S 80924 -15.56 29.18 2.75 0.00 FAULT
75.555	>>> V 0.00 0.00
75.555	S 80944 -15.56 29.18 2.75 0.00 FAULT
75.576	>>> V 0.00 0.00
75.577	S 80964 -15.56 29.18 2.75 0.00 FAULT
75.595	>>> V 0.00 0.00
75.595	S 80984 -15.56 29.18 2.75 0.00 FAULT
75.615	>>> V 0.00 0.00
75.616	S 81004 -15.56 29.18 2.75 0.00 FAULT
75.636	>>> V 0.00 0.00
75.638	S 81024 -15.56 29.18 2.75 0.00 FAULT
75.655	>>> V 0.00 0.00
75.655	S 81044 -15.56 29.18 2.75 0.00 FAULT
75.675	>>> V 0.00 0.00
75.676	S 81064 -15.56 29.18 2.75 0.00 FAULT
75.696	>>> V 0.00 0.00
75.697	S 81084 -15.56 29.18 2.75 0.00 FAULT
75.715	>>> V 0.00 0.00
75.717	S 81104 -15.56 29.18 2.75 0.00 FAULT
75.738	>>> V 0.00 0.00
75.738	S 81124 -15.56 29.18 2.75 0.00 FAULT
75.756	>>> V 0.00 0.00
75.756	S 81144 -15.56 29.18 2.75 0.00 FAULT
75.776	>>> V 0.00 0.00
75.776	S 81164 -15.56 29.18 2.75 0.00 FAULT
75.795	>>> V 0.00 0.00
75.796	S 81184 -15.56 29.18 2.75 0.00 FAULT
75.816	>>> V 0.00 0.00
75.817	S 81204 -15.56 29.18 2.75 0.00 FAULT
75.835	>>> V 0.00 0.00
75.836	S 81224 -15.56 29.18 2.75 0.00 FAULT
75.855	>>> V 0.00 0.00
75.855	S 81244 -15.56 29.18 2.75 0.00 FAULT
75.876	>>> V 0.00 0.00
75.878	S 81264 -15.56 29.18 2.75 0.00 FAULT
75.896	>>> V 0.00 0.00
75.897	S 81284 -15.56 29.18 2.75 0.00 FAULT
75.916	>>> V 0.00 0.00
75.916	S 81304 -15.56 29.18 2.75 0.00 FAULT
75.937	>>> V 0.00 0.00
75.937	S 81324 -15.56 29.18 2.75 0.00 FAULT
75.955	>>> V 0.00 0.00
75.956	S 81344 -15.56 29.18 2.75 0.00 FAULT
75.975	>>> V 0.00 0.00
75.976	S 81364 -15.56 29.18 2.75 0.00 FAULT
75.997	>>> V 0.00 0.00
75.997	S 81384 -15.56 29.18 2.75 0.00 FAULT
76.016	>>> V 0.00 0.00
76.017	S 81404 -15.56 29.18 2.75 0.00 FAULT
76.037	>>> V 0.00 0.00
76.038	S 81424 -15.56 29.18 2.75 0.00 FAULT
76.055	>>> V 0.00 0.00
76.056	S 81444 -15.56 29.18 2.75 0.00 FAULT
76.076	>>> V 0.00 0.00
76.076	S 81464 -15.56 29.18 2.75 0.00 FAULT
76.096	>>> V 0.00 0.00
76.096	S 81484 -15.56 29.18 2.75 0.00 FAULT
76.115	>>> V 0.00 0.00
76.117	S 81504 -15.56 29.18 2.75 0.00 FAULT
76.136	>>> V 0.00 0.00
76.138	S 81524 -15.56 29.18 2.75 0.00 FAULT
76.156	>>> V 0.00 0.00
76.156	S 81544 -15.56 29.18 2.75 0.00 FAULT
76.175	>>> V 0.00 0.00
76.175	S 81564 -15.56 29.18 2.75 0.00 FAULT
76.196	>>> V 0.00 0.00
76.196	S 81584 -15.56 29.18 2.75 0.00 FAULT
76.216	>>> V 0.00 0.00
76.217	S 81604 -15.56 29.18 2.75 0.00 FAULT
76.237	>>> V 0.00 0.00
76.237	S 81624 -15.56 29.18 2.75 0.00 FAULT
76.255	>>> V 0.00 0.00
76.256	S 81644 -15.56 29.18 2.75 0.00 FAULT
76.276	>>> V 0.00 0.00
76.277	S 81664 -15.56 29.18 2.75 0.00 FAULT
76.296	>>> V 0.00 0.00
76.297	S 81684 -15.56 29.18 2.75 0.00 FAULT
76.315	>>> V 0.00 0.00
76.315	S 81704 -15.56 29.18 2.75 0.00 FAULT
76.337	>>> V 0.00 0.00
76.337	S 81724 -15.56 29.18 2.75 0.00 FAULT
76.355	>>> V 0.00 0.00
76.356	S 81744 -15.56 29.18 2.75 0.00 FAULT
76.375	>>> V 0.00 0.00
76.376	S 81764 -15.56 29.18 2.75 0.00 FAULT
76.396	>>> V 0.00 0.00
76.396	S 81784 -15.56 29.18 2.75 0.00 FAULT
76.416	>>> V 0.00 0.00
76.416	S 81804 -15.56 29.18 2.75 0.00 FAULT
76.437	>>> V 0.00 0.00
76.438	S 81824 -15.56 29.18 2.75 0.00 FAULT
76.455	>>> V 0.00 0.00
76.456	S 81844 -15.56 29.18 2.75 0.00 FAULT
76.476	>>> V 0.00 0.00
76.476	S 81864 -15.56 29.18 2.75 0.00 FAULT
76.497	>>> V 0.00 0.00
76.497	S 81884 -15.56 29.18 2.75 0.00 FAULT
76.515	>>> V 0.00 0.00
76.517	S 81904 -15.56 29.18 2.75 0.00 FAULT
76.539	>>> V 0.00 0.00
76.539	S 81924 -15.56 29.18 2.75 0.00 FAULT
76.556	>>> V 0.00 0.00
76.556	S 81944 -15.56 29.18 2.75 0.00 FAULT
76.575	>>> V 0.00 0.00
76.576	S 81964 -15.56 29.18 2.75 0.00 FAULT
76.596	>>> V 0.00 0.00
76.596	S 81984 -15.56 29.18 2.75 0.00 FAULT
76.615	>>> V 0.00 0.00
76.616	S 82004 -15.56 29.18 2.75 0.00 FAULT
76.635	>>> V 0.00 0.00
76.635	S 82024 -15.56 29.18 2.75 0.00 FAULT
76.655	>>> V 0.00 0.00
76.655	S 82044 -15.56 29.18 2.75 0.00 FAULT
76.675	>>> V 0.00 0.00
76.676	S 82064 -15.56 29.18 2.75 0.00 FAULT
76.696	>>> V 0.00 0.00
76.696	S 82084 -15.56 29.18 2.75 0.00 FAULT
76.715	>>> V 0.00 0.00
76.717	S 82104 -15.56 29.18 2.75 0.00 FAULT
76.736	>>> V 0.00 0.00
76.736	S 82124 -15.56 29.18 2.75 0.00 FAULT
76.755	>>> V 0.00 0.00
76.756	S 82144 -15.56 29.18 2.75 0.00 FAULT
76.775	>>> V 0.00 0.00
76.775	S 82164 -15.56 29.18 2.75 0.00 FAULT
76.795	>>> V 0.00 0.00
76.797	S 82184 -15.56 29.18 2.75 0.00 FAULT
76.816	>>> V 0.00 0.00
76.816	S 82204 -15.56 29.18 2.75 0.00 FAULT
76.837	>>> V 0.00 0.00
76.838	S 82224 -15.56 29.18 2.75 0.00 FAULT
76.855	>>> V 0.00 0.00
76.855	S 82244 -15.56 29.18 2.75 0.00 FAULT
76.875	>>> V 0.00 0.00
76.876	S 82264 -15.56 29.18 2.75 0.00 FAULT
76.896	>>> V 0.00 0.00
76.896	S 82284 -15.56 29.18 2.75 0.00 FAULT
76.902	>>> R
76.915	>>> V 0.00 0.00
76.918	R OK
76.919	>>> I
76.936	>>> V 0.00 0.00
76.956	>>> V 0.00 0.00
76.956	S 82340 -15.47 56.87 1.37 0.00 HOMING
76.975	>>> V 0.00 0.00
76.976	S 82360 -15.56 56.87 1.37 0.00 HOMING
76.996	>>> V 0.00 0.00
76.996	S 82380 -15.56 56.87 0.00 0.00 HOMING
77.016	>>> V 0.00 0.00
77.017	S 82400 -15.29 56.60 0.00 0.00 HOMING
77.036	>>> V 0.00 0.00
77.036	S 82420 -15.03 56.34 2.75 -4.12 HOMING
77.055	>>> V 0.00 0.00
77.055	S 82440 -14.50 55.90 9.62 -9.62 HOMING
77.075	>>> V 0.00 0.00
77.075	S 82460 -13.97 55.46 15.11 -13.74 HOMING
77.096	>>> V 0.00 0.00
77.097	S 82480 -13.45 54.93 20.61 -17.86 HOMING
77.116	>>> V 0.00 0.00
77.117	S 82500 -12.92 54.32 24.73 -21.98 HOMING
77.136	>>> V 0.00 0.00
77.137	S 82520 -12.39 53.70 26.11 -26.11 HOMING
77.155	>>> V 0.00 0.00
77.156	S 82540 -11.87 53.09 27.48 -27.48 HOMING
77.175	>>> V 0.00 0.00
77.175	S 82560 -11.43 52.47 26.11 -28.85 HOMING
77.196	>>> V 0.00 0.00
77.197	S 82580 -10.90 51.94 24.73 -28.85 HOMING
77.216	>>> V 0.00 0.00
77.217	S 82600 -10.46 51.33 23.36 -28.85 HOMING
77.235	>>> V 0.00 0.00
77.236	S 82620 -9.93 50.71 23.36 -28.85 HOMING
77.256	>>> V 0.00 0.00
77.256	S 82640 -9.58 50.10 21.98 -28.85 HOMING
77.275	>>> V 0.00 0.00
77.276	S 82660 -9.14 49.48 21.98 -28.85 HOMING
77.296	>>> V 0.00 0.00
77.297	S 82680 -8.61 48.87 21.98 -30.23 HOMING
77.315	>>> V 0.00 0.00
77.317	S 82700 -8.26 48.25 20.61 -30.23 HOMING
77.336	>>> V 0.00 0.00
77.337	S 82720 -7.91 47.64 19.24 -30.23 HOMING
77.355	>>> V 0.00 0.00
77.355	S 82740 -7.56 47.11 17.86 -30.23 HOMING
77.377	>>> V 0.00 0.00
77.377	S 82760 -6.77 46.41 20.61 -30.23 HOMING
77.396	>>> V 0.00 0.00
77.396	S 82780 -6.50 45.70 21.98 -28.85 HOMING
77.416	>>> V 0.00 0.00
77.416	S 82800 -6.68 45.18 19.24 -30.23 HOMING
77.436	>>> V 0.00 0.00
77.436	S 82820 -6.06 44.56 15.11 -30.23 HOMING
77.455	>>> V 0.00 0.00
77.456	S 82840 -5.80 43.95 10.99 -28.85 HOMING
77.477	>>> V 0.00 0.00
77.477	S 82860 -5.89 43.42 10.99 -28.85 HOMING
77.496	>>> V 0.00 0.00
77.496	S 82880 -5.45 42.71 10.99 -28.85 HOMING
77.516	>>> V 0.00 0.00
77.516	S 82900 -5.19 42.10 10.99 -28.85 HOMING
77.537	>>> V 0.00 0.00
77.539	S 82920 -5.10 41.48 8.24 -30.23 HOMING
77.555	>>> V 0.00 0.00
77.557	S 82940 -4.83 40.87 10.99 -30.23 HOMING
77.576	>>> V 0.00 0.00
77.576	S 82960 -4.57 40.25 8.24 -30.23 HOMING
77.596	>>> V 0.00 0.00
77.597	S 82980 -4.39 39.64 9.62 -30.23 HOMING
77.615	>>> V 0.00 0.00
77.616	S 83000 -4.13 39.02 10.99 -30.23 HOMING
77.636	>>> V 0.00 0.00
77.636	S 83020 -3.96 38.41 10.99 -30.23 HOMING
77.655	>>> V 0.00 0.00
77.656	S 83040 -3.78 37.88 9.62 -28.85 HOMING
77.675	>>> V 0.00 0.00
77.675	S 83060 -3.60 37.27 9.62 -28.85 HOMING
77.696	>>> V 0.00 0.00
77.697	S 83080 -3.43 36.65 8.24 -28.85 HOMING
77.715	>>> V 0.00 0.00
77.716	S 83100 -2.99 36.04 9.62 -28.85 HOMING
77.737	>>> V 0.00 0.00
77.738	S 83120 -2.81 35.42 10.99 -28.85 HOMING
77.755	>>> V 0.00 0.00
77.756	S 83140 -3.08 34.89 9.62 -28.85 HOMING
77.775	>>> V 0.00 0.00
77.777	S 83160 -2.90 34.19 5.50 -28.85 HOMING
77.796	>>> V 0.00 0.00
77.797	S 83180 -2.64 33.57 2.75 -30.23 HOMING
77.815	>>> V 0.00 0.00
77.816	S 83200 -2.55 32.96 4.12 -30.23 HOMING
77.836	>>> V 0.00 0.00
77.837	S 83220 -2.64 32.43 5.50 -30.23 HOMING
77.855	>>> V 0.00 0.00
77.856	S 83240 -2.46 31.73 4.12 -30.23 HOMING
77.876	>>> V 0.00 0.00
77.877	S 83260 -2.37 31.20 2.75 -30.23 HOMING
77.896	>>> V 0.00 0.00
77.897	S 83280 -2.29 30.59 2.75 -30.23 HOMING
77.916	>>> V 0.00 0.00
77.916	S 83300 -2.11 29.97 4.12 -30.23 HOMING
77.936	>>> V 0.00 0.00
77.937	S 83320 -2.02 29.36 5.50 -30.23 HOMING
77.956	>>> V 0.00 0.00
77.956	S 83340 -1.93 28.74 5.50 -28.85 HOMING
77.976	>>> V 0.00 0.00
77.977	S 83360 -1.85 28.12 5.50 -28.85 HOMING
77.995	>>> V 0.00 0.00
77.996	S 83380 -1.67 27.60 4.12 -28.85 HOMING
78.015	>>> V 0.00 0.00
78.017	S 83400 -1.67 26.98 4.12 -28.85 HOMING
78.035	>>> V 0.00 0.00
78.036	S 83420 -1.67 26.37 2.75 -28.85 HOMING
78.055	>>> V 0.00 0.00
78.055	S 83440 -1.58 25.75 1.37 -28.85 HOMING
78.075	>>> V 0.00 0.00
78.075	S 83460 -1.58 25.14 1.37 -30.23 HOMING
78.096	>>> V 0.00 0.00
78.096	S 83480 -1.41 24.52 1.37 -30.23 HOMING
78.115	>>> V 0.00 0.00
78.117	S 83500 -1.41 23.91 2.75 -30.23 HOMING
78.136	>>> V 0.00 0.00
78.137	S 83520 -1.41 23.38 2.75 -30.23 HOMING
78.155	>>> V 0.00 0.00
78.157	S 83540 -1.41 22.76 2.75 -30.23 HOMING
78.175	>>> V 0.00 0.00
78.176	S 83560 -1.32 22.15 1.37 -28.85 HOMING
78.196	>>> V 0.00 0.00
78.197	S 83580 -1.23 21.45 1.37 -28.85 HOMING
78.216	>>> V 0.00 0.00
78.216	S 83600 -1.05 20.92 1.37 -30.23 HOMING
78.238	>>> V 0.00 0.00
78.238	S 83620 -1.05 20.30 2.75 -30.23 HOMING
78.256	>>> V 0.00 0.00
78.256	S 83640 -1.05 19.69 2.75 -30.23 HOMING
78.277	>>> V 0.00 0.00
78.278	S 83660 -1.05 19.07 1.37 -30.23 HOMING
78.295	>>> V 0.00 0.00
78.296	S 83680 -1.05 18.46 1.37 -30.23 HOMING
78.315	>>> V 0.00 0.00
78.315	S 83700 -0.88 17.84 1.37 -30.23 HOMING
78.337	>>> V 0.00 0.00
78.338	S 83720 -0.79 17.14 2.75 -30.23 HOMING
78.355	>>> V 0.00 0.00
78.357	S 83740 -0.79 16.52 2.75 -30.23 HOMING
78.377	>>> V 0.00 0.00
78.377	S 83760 -0.79 15.91 1.37 -30.23 HOMING
78.395	>>> V 0.00 0.00
78.396	S 83780 -0.79 15.38 1.37 -28.85 HOMING
78.415	>>> V 0.00 0.00
78.415	S 83800 -0.88 14.77 0.00 -28.85 HOMING
78.435	>>> V 0.00 0.00
78.435	S 83820 -0.79 14.15 0.00 -28.85 HOMING
78.455	>>> V 0.00 0.00
78.456	S 83840 -0.70 13.54 0.00 -28.85 HOMING
78.475	>>> V 0.00 0.00
78.475	S 83860 -0.44 13.01 1.37 -28.85 HOMING
78.496	>>> V 0.00 0.00
78.497	S 83880 -0.44 12.39 4.12 -28.85 HOMING
78.515	>>> V 0.00 0.00
78.515	S 83900 -0.62 11.78 4.12 -28.85 HOMING
78.536	>>> V 0.00 0.00
78.537	S 83920 -0.62 11.25 0.00 -28.85 HOMING
78.556	>>> V 0.00 0.00
78.556	S 83940 -0.62 10.72 -1.37 -27.48 HOMING
78.577	>>> V 0.00 0.00
78.577	S 83960 -0.53 10.28 -1.37 -26.11 HOMING
78.595	>>> V 0.00 0.00
78.596	S 83980 -0.44 9.76 0.00 -24.73 HOMING
78.615	>>> V 0.00 0.00
78.615	S 84000 -0.44 9.32 2.75 -24.73 HOMING
78.636	>>> V 0.00 0.00
78.637	S 84020 -0.35 8.96 2.75 -21.98 HOMING
78.655	>>> V 0.00 0.00
78.655	S 84040 -0.26 8.53 2.75 -20.61 HOMING
78.677	>>> V 0.00 0.00
78.677	S 84060 -0.26 8.09 2.75 -20.61 HOMING
78.695	>>> V 0.00 0.00
78.697	S 84080 -0.26 7.82 1.37 -19.24 HOMING
78.716	>>> V 0.00 0.00
78.717	S 84100 -0.26 7.47 0.00 -17.86 HOMING
78.735	>>> V 0.00 0.00
78.736	S 84120 -0.26 7.12 0.00 -17.86 HOMING
78.755	>>> V 0.00 0.00
78.756	S 84140 -0.35 6.77 0.00 -17.86 HOMING
78.776	>>> V 0.00 0.00
78.776	S 84160 -0.26 6.50 0.00 -16.49 HOMING
78.795	>>> V 0.00 0.00
78.795	S 84180 -0.26 6.15 0.00 -15.11 HOMING
78.816	>>> V 0.00 0.00
78.817	S 84200 -0.26 5.98 0.00 -13.74 HOMING
78.835	>>> V 0.00 0.00
78.836	S 84220 -0.26 5.62 0.00 -13.74 HOMING
78.857	>>> V 0.00 0.00
78.857	S 84240 -0.26 5.36 0.00 -13.74 HOMING
78.876	>>> V 0.00 0.00
78.876	S 84260 -0.26 5.19 0.00 -12.37 HOMING
78.895	>>> V 0.00 0.00
78.896	S 84280 -0.26 4.92 0.00 -12.37 HOMING
78.916	>>> V 0.00 0.00
78.916	S 84300 -0.26 4.75 0.00 -10.99 HOMING
78.935	>>> V 0.00 0.00
78.936	S 84320 -0.26 4.48 0.00 -10.99 HOMING
78.956	>>> V 0.00 0.00
78.958	S 84340 -0.26 4.31 0.00 -9.62 HOMING
78.976	>>> V 0.00 0.00
78.977	S 84360 -0.26 4.13 0.00 -9.62 HOMING
78.996	>>> V 0.00 0.00
78.996	S 84380 -0.35 3.96 0.00 -9.62 HOMING
79.016	>>> V 0.00 0.00
79.016	S 84400 -0.26 3.69 0.00 -9.62 HOMING
79.035	>>> V 0.00 0.00
79.036	S 84420 -0.26 3.52 0.00 -9.62 HOMING
79.056	>>> V 0.00 0.00
79.058	S 84440 -0.26 3.34 0.00 -9.62 HOMING
79.076	>>> V 0.00 0.00
79.077	S 84460 -0.26 3.25 0.00 -8.24 HOMING
79.096	>>> V 0.00 0.00
79.097	S 84480 -0.26 3.08 0.00 -6.87 HOMING
79.116	>>> V 0.00 0.00
79.116	S 84500 -0.26 2.99 0.00 -6.87 HOMING
79.135	>>> V 0.00 0.00
79.135	S 84520 -0.26 2.90 0.00 -5.50 HOMING
79.157	>>> V 0.00 0.00
79.158	S 84540 -0.18 2.81 0.00 -5.50 HOMING
79.176	>>> V 0.00 0.00
79.176	S 84560 -0.18 2.72 0.00 -4.12 HOMING
79.196	>>> V 0.00 0.00
79.197	S 84580 -0.18 2.55 0.00 -4.12 HOMING
79.217	>>> V 0.00 0.00
79.217	S 84600 -0.26 2.37 0.00 -5.50 HOMING
79.236	>>> V 0.00 0.00
79.237	S 84620 -0.26 2.29 0.00 -5.50 HOMING
79.256	>>> V 0.00 0.00
79.257	S 84640 -0.26 2.20 -1.37 -5.50 HOMING
79.276	>>> V 0.00 0.00
79.276	S 84660 -0.35 2.02 -1.37 -5.50 HOMING
79.295	>>> V 0.00 0.00
79.298	S 84680 -0.35 1.93 0.00 -5.50 HOMING
79.316	>>> V 0.00 0.00
79.318	S 84700 -0.35 1.85 0.00 -5.50 HOMING
79.337	>>> V 0.00 0.00
79.339	S 84720 -0.35 1.76 0.00 -4.12 HOMING
79.356	>>> V 0.00 0.00
79.356	S 84740 -0.35 1.67 0.00 -4.12 HOMING
79.378	>>> V 0.00 0.00
79.380	S 84760 -0.35 1.58 0.00 -4.12 HOMING
79.398	>>> V 0.00 0.00
79.398	S 84780 -0.26 1.49 0.00 -4.12 HOMING
79.416	>>> V 0.00 0.00
79.416	S 84800 -0.26 1.49 0.00 -4.12 HOMING
79.443	>>> V 0.00 0.00
79.443	S 84820 -0.18 1.49 1.37 -2.75 HOMING
79.456	>>> V 0.00 0.00
79.457	S 84840 -0.26 1.41 0.00 -1.37 HOMING
79.477	>>> V 0.00 0.00
79.477	S 84860 -0.18 1.32 0.00 -1.37 HOMING
79.498	>>> V 0.00 0.00
79.499	S 84880 -0.18 1.23 0.00 -2.75 HOMING
79.516	>>> V 0.00 0.00
79.516	S 84900 -0.18 1.23 0.00 -2.75 HOMING
79.537	>>> V 0.00 0.00
79.537	S 84920 -0.18 1.14 0.00 -2.75 HOMING
79.555	>>> V 0.00 0.00
79.556	S 84940 -0.18 1.23 0.00 -1.37 HOMING
79.577	>>> V 0.00 0.00
79.578	S 84960 -0.18 1.05 0.00 -1.37 HOMING
79.595	>>> V 0.00 0.00
79.598	S 84980 -0.18 0.97 0.00 -1.37 HOMING
79.615	>>> V 0.00 0.00
79.616	S 85000 -0.09 0.97 0.00 -2.75 HOMING
79.636	>>> V 0.00 0.00
79.637	S 85020 -0.09 0.88 0.00 -1.37 HOMING
79.655	>>> V 0.00 0.00
79.657	S 85040 -0.09 0.97 0.00 -1.37 HOMING
79.676	>>> V 0.00 0.00
79.676	S 85060 -0.09 0.97 0.00 0.00 HOMING
79.695	>>> V 0.00 0.00
79.696	S 85080 -0.09 0.88 0.00 0.00 HOMING
79.715	>>> V 0.00 0.00
79.716	S 85100 -0.09 0.88 0.00 -1.37 HOMING
79.737	>>> V 0.00 0.00
79.738	S 85120 -0.09 0.70 0.00 -1.37 HOMING
79.756	>>> V 0.00 0.00
79.756	S 85140 -0.09 0.70 0.00 -1.37 HOMING
79.775	>>> V 0.00 0.00
79.777	S 85160 -0.09 0.70 0.00 0.00 HOMING
79.795	>>> V 0.00 0.00
79.795	S 85180 -0.09 0.70 0.00 0.00 HOMING
79.815	>>> V 0.00 0.00
79.815	S 85200 -0.09 0.62 0.00 0.00 HOMING
79.836	>>> V 0.00 0.00
79.837	S 85220 -0.09 0.62 0.00 -1.37 HOMING
79.855	>>> V 0.00 0.00
79.856	S 85240 -0.09 0.53 0.00 -1.37 HOMING
79.875	>>> V 0.00 0.00
79.876	S 85260 -0.09 0.53 0.00 -1.37 HOMING
79.895	>>> V 0.00 0.00
79.896	S 85280 -0.09 0.53 0.00 -1.37 HOMING
79.915	>>> V 0.00 0.00
79.916	S 85300 -0.09 0.53 0.00 0.00 HOMING
79.940	>>> V 0.00 0.00
79.940	S 85320 -0.09 0.44 0.00 0.00 HOLD
79.955	>>> V 0.00 0.00
79.956	S 85340 -0.09 0.44 0.00 0.00 HOLD
79.976	>>> V 0.00 0.00
79.977	S 85360 -0.09 0.44 0.00 0.00 HOLD
79.995	>>> V 0.00 0.00
79.997	S 85380 -0.09 0.44 0.00 0.00 HOLD
80.015	>>> V 0.00 0.00
80.016	S 85400 -0.09 0.35 0.00 0.00 HOLD
80.037	>>> V 0.00 0.00
80.038	S 85420 -0.09 0.44 0.00 0.00 HOLD
80.056	>>> V 0.00 0.00
80.058	S 85440 -0.09 0.35 0.00 0.00 HOLD
80.076	>>> V 0.00 0.00
80.076	S 85460 -0.09 0.35 0.00 0.00 HOLD
80.095	>>> V 0.00 0.00
80.095	S 85480 -0.09 0.35 0.00 0.00 HOLD
80.115	>>> V 0.00 0.00
80.115	S 85500 -0.09 0.35 0.00 0.00 HOLD
80.136	>>> V 0.00 0.00
80.136	S 85520 -0.09 0.35 0.00 0.00 HOLD
80.155	>>> V 0.00 0.00
80.156	S 85540 -0.09 0.26 0.00 0.00 HOLD
80.177	>>> V 0.00 0.00
80.177	S 85560 -0.09 0.44 0.00 0.00 HOLD
80.195	>>> V 0.00 0.00
80.197	S 85580 -0.09 0.44 0.00 0.00 HOLD
80.215	>>> V 0.00 0.00
80.215	S 85600 -0.09 0.26 0.00 0.00 HOLD
80.237	>>> V 0.00 0.00
80.238	S 85620 -0.09 0.26 0.00 0.00 HOLD
80.255	>>> V 0.00 0.00
80.256	S 85640 -0.09 0.26 0.00 -1.37 HOLD
80.277	>>> V 0.00 0.00
80.277	S 85660 -0.09 0.18 0.00 -1.37 HOLD
80.296	>>> V 0.00 0.00
80.297	S 85680 -0.09 0.26 0.00 0.00 HOLD
80.315	>>> V 0.00 0.00
80.316	S 85700 -0.09 0.18 0.00 0.00 HOLD
80.335	>>> V 0.00 0.00
80.337	S 85720 -0.09 0.26 0.00 0.00 HOLD
80.355	>>> V 0.00 0.00
80.356	S 85740 -0.09 0.26 0.00 0.00 HOLD
80.378	>>> V 0.00 0.00
80.378	S 85760 -0.09 0.26 0.00 0.00 HOLD
80.395	>>> V 0.00 0.00
80.396	S 85780 -0.09 0.26 0.00 0.00 HOLD
80.415	>>> V 0.00 0.00
80.416	S 85800 -0.09 0.26 0.00 0.00 HOLD
80.436	>>> V 0.00 0.00
80.438	S 85820 -0.09 0.26 0.00 0.00 HOLD
80.456	>>> V 0.00 0.00
80.457	S 85840 -0.09 0.26 0.00 0.00 HOLD
80.476	>>> V 0.00 0.00
80.477	S 85860 -0.09 0.26 0.00 0.00 HOLD
80.495	>>> V 0.00 0.00
80.496	S 85880 -0.18 0.44 0.00 0.00 HOLD
80.516	>>> V 0.00 0.00
80.517	S 85900 -0.09 0.44 0.00 1.37 HOLD
80.537	>>> V 0.00 0.00
80.538	S 85920 -0.09 0.26 0.00 0.00 HOLD
80.558	>>> V 0.00 0.00
80.561	S 85940 -0.09 0.26 0.00 0.00 HOLD
80.578	>>> V 0.00 0.00
80.578	S 85960 -0.09 0.26 0.00 -1.37 HOLD
80.595	>>> V 0.00 0.00
80.595	S 85980 -0.09 0.26 0.00 0.00 HOLD
80.615	>>> V 0.00 0.00
80.616	S 86000 -0.09 0.18 0.00 0.00 HOLD
80.635	>>> V 0.00 0.00
80.636	S 86020 -0.09 0.26 0.00 0.00 HOLD
80.655	>>> V 0.00 0.00
80.655	S 86040 -0.09 0.26 0.00 0.00 HOLD
80.677	>>> V 0.00 0.00
80.677	S 86060 -0.09 0.18 0.00 0.00 HOLD
80.695	>>> V 0.00 0.00
80.696	S 86080 -0.09 0.26 0.00 0.00 HOLD
80.718	>>> V 0.00 0.00
80.719	S 86100 0.00 0.35 0.00 0.00 HOLD
80.736	>>> V 0.00 0.00
80.739	S 86120 -0.09 0.26 0.00 0.00 HOLD
80.756	>>> V 0.00 0.00
80.758	S 86140 -0.09 0.26 0.00 0.00 HOLD
80.781	>>> V 0.00 0.00
80.782	S 86160 -0.09 0.18 0.00 0.00 HOLD
80.798	>>> V 0.00 0.00
80.798	S 86180 -0.09 0.26 0.00 0.00 HOLD
80.818	>>> V 0.00 0.00
80.819	S 86200 -0.09 0.26 0.00 0.00 HOLD
80.836	>>> V 0.00 0.00
80.836	S 86220 -0.09 0.18 0.00 0.00 HOLD
80.858	>>> V 0.00 0.00
80.859	S 86240 0.00 0.26 0.00 0.00 HOLD
80.876	>>> V 0.00 0.00
80.877	S 86260 0.00 0.26 0.00 0.00 HOLD
80.895	>>> V 0.00 0.00
80.895	S 86280 -0.09 0.26 0.00 0.00 HOLD
80.916	>>> V 0.00 0.00
80.918	S 86300 -0.09 0.26 0.00 0.00 HOLD
80.936	>>> V 0.00 0.00
80.939	S 86320 0.00 0.18 0.00 0.00 HOLD
80.960	>>> V 0.00 0.00
80.961	S 86340 -0.09 0.26 0.00 0.00 HOLD
80.978	>>> V 0.00 0.00
80.981	S 86360 -0.09 0.26 0.00 0.00 HOLD
81.002	>>> V 0.00 0.00
81.005	S 86380 -0.09 0.26 0.00 0.00 HOLD
81.016	>>> V 0.00 0.00
81.019	S 86400 -0.09 0.26 0.00 0.00 HOLD
81.036	>>> V 0.00 0.00
81.036	S 86420 0.00 0.26 0.00 0.00 HOLD
81.056	>>> V 0.00 0.00
81.056	S 86440 -0.09 0.26 0.00 0.00 HOLD
81.076	>>> V 0.00 0.00
81.076	S 86460 0.00 0.18 0.00 0.00 HOLD
81.096	>>> V 0.00 0.00
81.097	S 86480 0.00 0.26 0.00 0.00 HOLD
81.115	>>> V 0.00 0.00
81.115	S 86500 0.00 0.26 0.00 0.00 HOLD
81.136	>>> V 0.00 0.00
81.137	S 86520 0.00 0.26 0.00 0.00 HOLD
81.155	>>> V 0.00 0.00
81.156	S 86540 0.00 0.18 0.00 0.00 HOLD
81.177	>>> V 0.00 0.00
81.177	S 86560 0.00 0.18 0.00 0.00 HOLD
81.195	>>> V 0.00 0.00
81.196	S 86580 0.00 0.26 0.00 0.00 HOLD
81.216	>>> V 0.00 0.00
81.216	S 86600 -0.09 0.18 0.00 0.00 HOLD
81.236	>>> V 0.00 0.00
81.237	S 86620 0.00 0.26 0.00 0.00 HOLD
81.255	>>> V 0.00 0.00
81.256	S 86640 -0.09 0.18 0.00 0.00 HOLD
81.276	>>> V 0.00 0.00
81.277	S 86660 -0.09 0.26 0.00 0.00 HOLD
81.295	>>> V 0.00 0.00
81.297	S 86680 0.00 0.26 0.00 0.00 HOLD
81.319	>>> V 0.00 0.00
81.320	S 86700 -0.09 0.26 0.00 0.00 HOLD
81.335	>>> V 0.00 0.00
81.337	S 86720 0.00 0.26 0.00 0.00 HOLD
81.356	>>> V 0.00 0.00
81.356	S 86740 -0.09 0.18 0.00 0.00 HOLD
81.376	>>> V 0.00 0.00
81.376	S 86760 -0.09 0.26 0.00 0.00 HOLD
81.395	>>> V 0.00 0.00
81.395	S 86780 0.00 0.18 0.00 0.00 HOLD
81.417	>>> V 0.00 0.00
81.418	S 86800 0.00 0.26 0.00 0.00 HOLD
81.436	>>> V 0.00 0.00
81.436	S 86820 0.00 0.26 0.00 0.00 HOLD
81.456	>>> V 0.00 0.00
81.456	S 86840 -0.09 0.26 0.00 0.00 HOLD
81.475	>>> V 0.00 0.00
81.476	S 86860 -0.09 0.18 0.00 0.00 HOLD
81.496	>>> V 0.00 0.00
81.497	S 86880 -0.09 0.18 0.00 0.00 HOLD
81.517	>>> V 0.00 0.00
81.518	S 86900 0.00 0.26 0.00 0.00 HOLD
81.536	>>> V 0.00 0.00
81.537	S 86920 0.00 0.26 0.00 0.00 HOLD
81.555	>>> V 0.00 0.00
81.557	S 86940 -0.09 0.18 0.00 0.00 HOLD
81.576	>>> V 0.00 0.00
81.576	S 86960 0.00 0.26 0.00 0.00 HOLD
81.595	>>> V 0.00 0.00
81.595	S 86980 -0.09 0.26 0.00 0.00 HOLD
81.615	>>> V 0.00 0.00
81.615	S 87000 0.00 0.26 0.00 0.00 HOLD
81.639	>>> V 0.00 0.00
81.640	S 87020 -0.09 0.26 0.00 0.00 HOLD
81.656	>>> V 0.00 0.00
81.657	S 87040 0.00 0.26 0.00 0.00 HOLD
81.675	>>> V 0.00 0.00
81.676	S 87060 0.00 0.26 0.00 0.00 HOLD
81.695	>>> V 0.00 0.00
81.695	S 87080 -0.09 0.26 0.00 0.00 HOLD
81.715	>>> V 0.00 0.00
81.715	S 87100 0.00 0.26 0.00 0.00 HOLD
81.741	>>> V 0.00 0.00
81.742	S 87120 -0.09 0.18 0.00 0.00 HOLD
81.756	>>> V 0.00 0.00
81.757	S 87140 -0.09 0.26 0.00 0.00 HOLD
81.778	>>> V 0.00 0.00
81.778	S 87160 0.00 0.26 0.00 0.00 HOLD
81.796	>>> V 0.00 0.00
81.796	S 87180 0.00 0.18 0.00 0.00 HOLD
81.815	>>> V 0.00 0.00
81.815	S 87200 -0.09 0.26 0.00 0.00 HOLD
81.837	>>> V 0.00 0.00
81.838	S 87220 0.00 0.18 0.00 0.00 HOLD
81.855	>>> V 0.00 0.00
81.856	S 87240 0.00 0.26 0.00 0.00 HOLD
81.877	>>> V 0.00 0.00
81.877	S 87260 0.00 0.26 0.00 0.00 HOLD
81.895	>>> V 0.00 0.00
81.896	S 87280 0.00 0.26 0.00 0.00 HOLD
81.916	>>> V 0.00 0.00
81.917	S 87300 -0.09 0.26 0.00 0.00 HOLD
81.935	>>> V 0.00 0.00
81.936	S 87320 0.00 0.18 0.00 0.00 HOLD
81.957	>>> V 0.00 0.00
81.958	S 87340 0.00 0.26 0.00 0.00 HOLD
81.976	>>> V 0.00 0.00
81.978	S 87360 0.00 0.18 0.00 0.00 HOLD
81.995	>>> V 0.00 0.00
81.996	S 87380 -0.09 0.18 0.00 0.00 HOLD
82.015	>>> V 0.00 0.00
82.015	S 87400 0.00 0.26 0.00 0.00 HOLD
82.037	>>> V 0.00 0.00
82.038	S 87420 0.00 0.18 0.00 0.00 HOLD
82.056	>>> V 0.00 0.00
82.056	S 87440 0.00 0.26 0.00 0.00 HOLD
82.077	>>> V 0.00 0.00
82.077	S 87460 0.00 0.26 0.00 0.00 HOLD
82.096	>>> V 0.00 0.00
82.096	S 87480 0.00 0.26 0.00 0.00 HOLD
82.115	>>> V 0.00 0.00
82.115	S 87500 -0.09 0.18 0.00 0.00 HOLD
82.138	>>> V 0.00 0.00
82.139	S 87520 0.00 0.26 0.00 0.00 HOLD
82.157	>>> V 0.00 0.00
82.157	S 87540 0.00 0.18 0.00 0.00 HOLD
82.175	>>> V 0.00 0.00
82.178	S 87560 -0.09 0.18 0.00 0.00 HOLD
82.195	>>> V 0.00 0.00
82.196	S 87580 -0.09 0.26 0.00 0.00 HOLD
82.215	>>> V 0.00 0.00
82.216	S 87600 0.00 0.26 0.00 0.00 HOLD
82.241	>>> V 0.00 0.00
82.241	S 87620 0.00 0.26 0.00 0.00 HOLD
82.256	>>> V 0.00 0.00
82.257	S 87640 -0.09 0.26 0.00 0.00 HOLD
82.277	>>> V 0.00 0.00
82.277	S 87660 0.00 0.26 0.00 0.00 HOLD
82.296	>>> V 0.00 0.00
82.297	S 87680 0.00 0.26 0.00 0.00 HOLD
82.316	>>> V 0.00 0.00
82.317	S 87700 -0.09 0.26 0.00 0.00 HOLD
82.335	>>> V 0.00 0.00
82.335	S 87720 0.00 0.26 0.00 0.00 HOLD
82.355	>>> V 0.00 0.00
82.356	S 87740 -0.09 0.26 0.00 0.00 HOLD
82.375	>>> V 0.00 0.00
82.376	S 87760 0.00 0.26 0.00 0.00 HOLD
82.395	>>> V 0.00 0.00
82.395	S 87780 0.00 0.26 0.00 0.00 HOLD
82.416	>>> V 0.00 0.00
82.418	S 87800 -0.09 0.26 0.00 0.00 HOLD
82.435	>>> V 0.00 0.00
82.436	S 87820 0.00 0.26 0.00 0.00 HOLD
82.457	>>> V 0.00 0.00
82.457	S 87840 0.00 0.26 0.00 0.00 HOLD
82.475	>>> V 0.00 0.00
82.475	S 87860 0.00 0.26 0.00 0.00 HOLD
82.495	>>> V 0.00 0.00
82.495	S 87880 0.00 0.26 0.00 0.00 HOLD
82.516	>>> V 0.00 0.00
82.517	S 87900 0.00 0.26 0.00 0.00 HOLD
82.535	>>> V 0.00 0.00
82.536	S 87920 0.00 0.26 0.00 0.00 HOLD
82.556	>>> V 0.00 0.00
82.556	S 87940 0.00 0.26 0.00 0.00 HOLD
82.577	>>> V 0.00 0.00
82.577	S 87960 0.00 0.26 0.00 0.00 HOLD
82.595	>>> V 0.00 0.00
82.596	S 87980 0.00 0.26 0.00 0.00 HOLD
82.615	>>> V 0.00 0.00
82.615	S 88000 0.00 0.26 0.00 0.00 HOLD
82.636	>>> V 0.00 0.00
82.637	S 88020 -0.09 0.26 0.00 0.00 HOLD
82.656	>>> V 0.00 0.00
82.656	S 88040 0.00 0.26 0.00 0.00 HOLD
82.677	>>> V 0.00 0.00
82.678	S 88060 0.00 0.26 0.00 0.00 HOLD
82.695	>>> V 0.00 0.00
82.696	S 88080 0.00 0.26 0.00 0.00 HOLD
82.715	>>> V 0.00 0.00
82.716	S 88100 0.00 0.26 0.00 0.00 HOLD
82.735	>>> V 0.00 0.00
82.735	S 88120 0.00 0.26 0.00 0.00 HOLD
82.755	>>> V 0.00 0.00
82.755	S 88140 0.00 0.26 0.00 0.00 HOLD
82.775	>>> V 0.00 0.00
82.776	S 88160 0.00 0.26 0.00 0.00 HOLD
82.796	>>> V 0.00 0.00
82.796	S 88180 0.00 0.26 0.00 0.00 HOLD
82.815	>>> V 0.00 0.00
82.815	S 88200 0.00 0.26 0.00 0.00 HOLD
82.836	>>> V 0.00 0.00
82.836	S 88220 -0.09 0.26 0.00 0.00 HOLD
82.855	>>> V 0.00 0.00
82.855	S 88240 0.00 0.26 0.00 0.00 HOLD
82.877	>>> V 0.00 0.00
82.877	S 88260 0.00 0.26 0.00 0.00 HOLD
82.895	>>> V 0.00 0.00
82.896	S 88280 0.00 0.26 0.00 0.00 HOLD
82.916	>>> V 0.00 0.00
82.917	S 88300 0.00 0.26 0.00 0.00 HOLD
82.936	>>> V 0.00 0.00
82.936	S 88320 0.00 0.26 0.00 0.00 HOLD
82.956	>>> V 0.00 0.00
82.956	S 88340 0.00 0.26 0.00 0.00 HOLD
82.975	>>> V 0.00 0.00
82.977	S 88360 0.00 0.26 0.00 0.00 HOLD
82.995	>>> V 0.00 0.00
82.996	S 88380 0.00 0.26 0.00 0.00 HOLD
83.016	>>> V 0.00 0.00
83.016	S 88400 0.00 0.26 0.00 0.00 HOLD
83.035	>>> V 0.00 0.00
83.035	S 88420 0.00 0.26 0.00 0.00 HOLD
83.057	>>> V 0.00 0.00
83.057	S 88440 0.00 0.26 0.00 0.00 HOLD
83.076	>>> V 0.00 0.00
83.077	S 88460 0.00 0.26 0.00 0.00 HOLD
83.096	>>> V 0.00 0.00
83.096	S 88480 0.00 0.26 0.00 0.00 HOLD
83.116	>>> V 0.00 0.00
83.116	S 88500 0.00 0.26 0.00 0.00 HOLD
83.135	>>> V 0.00 0.00
83.135	S 88520 0.00 0.26 0.00 0.00 HOLD
83.156	>>> V 0.00 0.00
83.157	S 88540 0.00 0.26 0.00 0.00 HOLD
83.178	>>> V 0.00 0.00
83.178	S 88560 0.00 0.26 0.00 0.00 HOLD
83.196	>>> V 0.00 0.00
83.196	S 88580 0.00 0.26 0.00 0.00 HOLD
83.215	>>> V 0.00 0.00
83.217	S 88600 0.00 0.26 0.00 0.00 HOLD
83.235	>>> V 0.00 0.00
83.236	S 88620 0.00 0.26 0.00 0.00 HOLD
83.256	>>> V 0.00 0.00
83.256	S 88640 0.00 0.26 0.00 0.00 HOLD
83.275	>>> V 0.00 0.00
83.277	S 88660 0.00 0.26 0.00 0.00 HOLD
83.296	>>> V 0.00 0.00
83.296	S 88680 0.00 0.18 0.00 0.00 HOLD
83.316	>>> V 0.00 0.00
83.316	S 88700 0.00 0.26 0.00 0.00 HOLD
83.336	>>> V 0.00 0.00
83.337	S 88720 0.00 0.26 0.00 0.00 HOLD
83.356	>>> V 0.00 0.00
83.358	S 88740 0.00 0.26 0.00 0.00 HOLD
83.377	>>> V 0.00 0.00
83.378	S 88760 0.00 0.26 0.00 0.00 HOLD
83.396	>>> V 0.00 0.00
83.397	S 88780 0.00 0.26 0.00 0.00 HOLD
83.415	>>> V 0.00 0.00
83.417	S 88800 -0.09 0.26 0.00 0.00 HOLD
83.435	>>> V 0.00 0.00
83.435	S 88820 0.00 0.26 0.00 0.00 HOLD
83.457	>>> V 0.00 0.00
83.458	S 88840 0.00 0.26 0.00 0.00 HOLD
83.476	>>> V 0.00 0.00
83.476	S 88860 0.00 0.26 0.00 0.00 HOLD
83.496	>>> V 0.00 0.00
83.496	S 88880 0.00 0.26 0.00 0.00 HOLD
83.516	>>> V 0.00 0.00
83.516	S 88900 0.00 0.26 0.00 0.00 HOLD
83.535	>>> V 0.00 0.00
83.535	S 88920 0.00 0.26 0.00 0.00 HOLD
83.557	>>> V 0.00 0.00
83.557	S 88940 -0.09 0.26 0.00 0.00 HOLD
83.577	>>> V 0.00 0.00
83.577	S 88960 0.00 0.26 0.00 0.00 HOLD
83.596	>>> V 0.00 0.00
83.596	S 88980 0.00 0.26 0.00 0.00 HOLD
83.615	>>> V 0.00 0.00
83.616	S 89000 0.00 0.26 0.00 0.00 HOLD
83.635	>>> V 0.00 0.00
83.636	S 89020 -0.09 0.26 0.00 0.00 HOLD
83.656	>>> V 0.00 0.00
83.658	S 89040 0.00 0.26 0.00 0.00 HOLD
83.676	>>> V 0.00 0.00
83.676	S 89060 0.00 0.26 0.00 0.00 HOLD
83.696	>>> V -33.71 48.41
83.697	S 89080 0.00 0.26 0.00 0.00 HOLD
83.717	>>> V -32.13 46.04
83.717	S 89100 0.00 0.26 0.00 0.00 TRACK
83.735	>>> V -32.13 46.04
83.735	S 89120 0.00 0.26 0.00 0.00 TRACK
83.757	>>> V -30.29 42.96
83.757	S 89140 -0.18 0.35 0.00 0.00 TRACK
83.776	>>> V -30.29 42.96
83.776	S 89160 -0.35 0.53 -2.75 1.37 TRACK
83.800	>>> V -29.03 38.80
83.800	S 89180 -0.70 1.05 -5.50 5.50 TRACK
83.816	>>> V -29.03 38.80
83.817	S 89200 -1.23 1.58 -10.99 10.99 TRACK
83.835	>>> V -27.95 34.19
83.836	S 89220 -1.67 2.20 -16.49 19.24 TRACK
83.855	>>> V -27.95 34.19
83.857	S 89240 -2.29 2.90 -20.61 24.73 TRACK
83.876	>>> V -26.76 29.44
83.876	S 89260 -2.81 3.60 -23.36 30.23 TRACK
83.897	>>> V -25.01 24.82
83.898	S 89280 -3.34 4.31 -26.11 32.98 TRACK
83.916	>>> V -25.01 24.82
83.916	S 89300 -3.87 5.01 -26.11 34.35 TRACK
83.937	>>> V -22.96 19.96
83.938	S 89320 -4.39 5.71 -26.11 35.72 TRACK
83.956	>>> V -22.96 19.96
83.957	S 89340 -5.01 6.33 -26.11 34.35 TRACK
83.975	>>> V -20.74 14.16
83.976	S 89360 -5.45 7.12 -26.11 32.98 TRACK
83.996	>>> V -18.52 7.56
83.997	S 89380 -5.98 7.73 -26.11 32.98 TRACK
84.016	>>> V -18.52 7.56
84.016	S 89400 -6.50 8.17 -24.73 31.60 TRACK
84.036	>>> V -16.29 0.00
84.037	S 89420 -7.03 8.44 -24.73 28.85 TRACK
84.055	>>> V -14.34 -5.34
84.056	S 89440 -7.47 8.53 -23.36 20.61 TRACK
84.075	>>> V -14.34 -5.34
84.075	S 89460 -7.82 8.79 -21.98 13.74 TRACK
84.097	>>> V -12.48 -11.79
84.098	S 89480 -8.26 8.96 -20.61 9.62 TRACK
84.116	>>> V -12.48 -11.79
84.117	S 89500 -8.61 9.14 -19.24 9.62 TRACK
84.136	>>> V -10.72 -16.74
84.137	S 89520 -8.88 9.23 -17.86 8.24 TRACK
84.155	>>> V -10.72 -16.74
84.156	S 89540 -9.23 9.14 -16.49 5.50 TRACK
84.176	>>> V -9.12 -19.42
84.176	S 89560 -9.58 8.88 -15.11 0.00 TRACK
84.197	>>> V -8.02 -21.07
84.197	S 89580 -9.76 8.53 -13.74 -4.12 TRACK
84.216	>>> V -8.02 -21.07
84.216	S 89600 -10.02 8.35 -12.37 -9.62 TRACK
84.236	>>> V -7.41 -22.32
84.236	S 89620 -10.28 8.00 -12.37 -12.37 TRACK
84.258	>>> V -7.26 -22.17
84.259	S 89640 -10.37 7.56 -10.99 -13.74 TRACK
84.275	>>> V -7.26 -22.17
84.277	S 89660 -10.63 7.21 -9.62 -16.49 TRACK
84.297	>>> V -7.38 -20.52
84.298	S 89680 -10.81 6.77 -9.62 -17.86 TRACK
84.316	>>> V -7.38 -20.52
84.316	S 89700 -10.90 6.33 -8.24 -19.24 TRACK
84.336	>>> V -8.03 -17.75
84.336	S 89720 -11.07 5.89 -6.87 -19.24 TRACK
84.357	>>> V -9.06 -13.06
84.358	S 89740 -11.16 5.45 -6.87 -20.61 TRACK
84.377	>>> V -9.06 -13.06
84.378	S 89760 -11.34 5.10 -5.50 -20.61 TRACK
84.396	>>> V -10.40 -7.61
84.397	S 89780 -11.43 4.75 -6.87 -20.61 TRACK
84.415	>>> V -11.84 0.00
84.417	S 89800 -11.60 4.31 -6.87 -19.24 TRACK
84.435	>>> V -11.84 0.00
84.435	S 89820 -11.87 3.96 -6.87 -19.24 TRACK
84.456	>>> V -13.19 4.20
84.457	S 89840 -12.13 3.69 -8.24 -16.49 TRACK
84.476	>>> V -13.19 4.20
84.477	S 89860 -12.22 3.60 -8.24 -15.11 TRACK
84.497	>>> V -14.19 10.48
84.498	S 89880 -12.48 3.43 -9.62 -12.37 TRACK
84.519	>>> V -14.19 10.48
84.520	S 89900 -12.74 3.43 -9.62 -8.24 TRACK
84.535	>>> V -14.96 16.01
84.537	S 89920 -13.01 3.43 -10.99 -4.12 TRACK
84.555	>>> V -14.96 16.01
84.556	S 89940 -13.18 3.60 -10.99 0.00 TRACK
84.576	>>> V -15.54 20.96
84.577	S 89960 -13.45 3.78 -10.99 1.37 TRACK
84.595	>>> V -15.84 25.46
84.598	S 89980 -13.71 4.04 -12.37 5.50 TRACK
84.615	>>> V -15.84 25.46
84.617	S 90000 -14.06 4.13 -12.37 6.87 TRACK
84.636	>>> V -15.89 28.72
84.637	S 90020 -14.33 4.39 -13.74 8.24 TRACK
84.658	>>> V -15.78 31.65
84.659	S 90040 -14.68 4.83 -13.74 10.99 TRACK
84.677	>>> V -15.78 31.65
84.677	S 90060 -14.94 5.27 -15.11 13.74 TRACK
84.696	>>> V -15.61 33.77
84.696	S 90080 -15.21 5.80 -15.11 19.24 TRACK
84.715	>>> V -15.61 33.77
84.716	S 90100 -15.56 6.33 -15.11 21.98 TRACK
84.736	>>> V -14.53 36.35
84.736	S 90120 -15.82 6.94 -15.11 24.73 TRACK
84.755	>>> V -14.53 36.35
84.755	S 90140 -16.17 7.65 -15.11 27.48 TRACK
84.776	>>> V -13.86 36.00
84.777	S 90160 -16.52 8.35 -15.11 30.23 TRACK
84.795	>>> V -13.86 36.00
84.797	S 90180 -16.79 9.05 -15.11 32.98 TRACK
84.817	>>> V -13.14 34.53
84.818	S 90200 -17.14 9.58 -15.11 32.98 TRACK
84.835	>>> V -13.14 34.53
84.838	S 90220 -17.40 10.28 -15.11 32.98 TRACK
84.855	>>> V -12.39 32.41
84.856	S 90240 -17.75 11.07 -15.11 31.60 TRACK
84.877	>>> V -11.45 30.72
84.877	S 90260 -18.02 11.87 -15.11 32.98 TRACK
84.896	>>> V -11.45 30.72
84.897	S 90280 -18.28 12.57 -13.74 35.72 TRACK
84.916	>>> V -10.51 29.49
84.917	S 90300 -18.54 13.36 -13.74 37.10 TRACK
84.936	>>> V -10.51 29.49
84.939	S 90320 -18.81 14.06 -13.74 37.10 TRACK
84.955	>>> V -9.56 27.53
84.956	S 90340 -19.07 14.59 -12.37 34.35 TRACK
84.975	>>> V -8.60 25.35
84.976	S 90360 -19.25 15.21 -12.37 32.98 TRACK
84.995	>>> V -8.60 25.35
84.995	S 90380 -19.51 15.73 -10.99 30.23 TRACK
85.015	>>> V -6.60 21.92
85.015	S 90400 -19.69 16.26 -10.99 28.85 TRACK
85.035	>>> V -6.60 21.92
85.036	S 90420 -19.86 16.87 -10.99 27.48 TRACK
85.055	>>> V -6.60 21.92
85.057	S 90440 -20.04 17.40 -9.62 27.48 TRACK
85.077	>>> V -5.76 20.70
85.078	S 90460 -20.21 17.93 -9.62 26.11 TRACK
85.095	>>> V -5.76 20.70
85.097	S 90480 -20.39 18.46 -8.24 24.73 TRACK
85.115	>>> V -4.96 19.76
85.115	S 90500 -20.57 18.90 -8.24 24.73 TRACK
85.137	>>> V -4.22 18.78
85.138	S 90520 -20.65 19.34 -6.87 23.36 TRACK
85.156	>>> V -4.22 18.78
85.157	S 90540 -20.74 19.78 -5.50 21.98 TRACK
85.177	>>> V -3.59 17.73
85.179	S 90560 -20.83 20.13 -5.50 21.98 TRACK
85.196	>>> V -3.59 17.73
85.196	S 90580 -20.92 20.57 -4.12 20.61 TRACK
85.215	>>> V -3.59 17.73
85.216	S 90600 -21.01 20.92 -4.12 20.61 TRACK
85.236	>>> V -2.96 16.01
85.236	S 90620 -21.09 21.36 -4.12 19.24 TRACK
85.255	>>> V -2.43 13.66
85.255	S 90640 -21.27 21.71 -4.12 19.24 TRACK
85.277	>>> V 0.00 11.95
85.278	S 90660 -21.36 22.06 -4.12 17.86 TRACK
85.296	>>> V 0.00 11.95
85.297	S 90680 -21.36 22.41 -4.12 17.86 TRACK
85.316	>>> V 0.00 11.95
85.318	S 90700 -21.45 22.76 -4.12 17.86 TRACK
85.343	>>> V 0.00 9.03
85.345	S 90720 -21.45 23.03 -2.75 16.49 TRACK
85.355	>>> V 0.00 9.03
85.356	S 90740 -21.45 23.29 -1.37 15.11 TRACK
85.380	>>> V 0.00 7.65
85.381	S 90760 -21.45 23.55 0.00 13.74 TRACK
85.396	>>> V 0.00 7.65
85.396	S 90780 -21.45 23.82 0.00 12.37 TRACK
85.415	>>> V 0.00 6.35
85.418	S 90800 -21.45 23.99 0.00 12.37 TRACK
85.436	>>> V 0.00 5.23
85.436	S 90820 -21.45 24.17 0.00 10.99 TRACK
85.455	>>> V 0.00 5.23
85.458	S 90840 -21.45 24.35 0.00 9.62 TRACK
85.477	>>> V 0.00 4.12
85.477	S 90860 -21.45 24.52 0.00 9.62 TRACK
85.496	>>> V 0.00 4.12
85.497	S 90880 -21.45 24.61 0.00 8.24 TRACK
85.517	>>> V 0.00 4.12
85.520	S 90900 -21.45 24.79 0.00 6.87 TRACK
85.537	>>> V 0.00 0.00
85.538	S 90920 -21.45 24.87 0.00 5.50 TRACK
85.555	>>> V 0.00 0.00
85.557	S 90940 -21.45 25.05 0.00 5.50 TRACK
85.575	>>> V 0.00 0.00
85.575	S 90960 -21.45 25.05 0.00 5.50 TRACK
85.595	>>> V 0.00 0.00
85.595	S 90980 -21.45 25.05 0.00 4.12 TRACK
85.616	>>> V 0.00 0.00
85.616	S 91000 -21.45 25.05 0.00 1.37 TRACK
85.640	>>> V 0.00 0.00
85.643	S 91020 -21.45 25.05 0.00 0.00 TRACK
85.655	>>> V 0.00 0.00
85.655	S 91040 -21.45 25.05 0.00 0.00 TRACK
85.677	>>> V 0.00 0.00
85.678	S 91060 -21.45 25.05 0.00 0.00 TRACK
85.696	>>> V 0.00 0.00
85.697	S 91080 -21.45 25.05 0.00 0.00 TRACK
85.715	>>> V 0.00 0.00
85.716	S 91100 -21.45 25.05 0.00 0.00 TRACK
85.736	>>> V 0.00 0.00
85.737	S 91120 -21.45 25.14 0.00 0.00 TRACK
85.756	>>> V 0.00 0.00
85.757	S 91140 -21.45 25.14 0.00 0.00 TRACK
85.777	>>> V 0.00 0.00
85.777	S 91160 -21.45 25.05 0.00 0.00 TRACK
85.795	>>> V 0.00 0.00
85.797	S 91180 -21.45 25.05 0.00 0.00 TRACK
85.816	>>> V 0.00 0.00
85.816	S 91200 -21.45 25.14 0.00 0.00 TRACK
85.840	>>> V 0.00 0.00
85.842	S 91220 -21.45 25.14 0.00 0.00 TRACK
85.855	>>> V 0.00 0.00
85.855	S 91240 -21.45 25.14 0.00 0.00 TRACK
85.876	>>> V 0.00 0.00
85.878	S 91260 -21.45 25.14 0.00 0.00 TRACK
85.895	>>> V 0.00 0.00
85.897	S 91280 -21.45 25.14 0.00 0.00 TRACK
85.916	>>> V 0.00 0.00
85.917	S 91300 -21.45 25.05 0.00 0.00 TRACK
85.936	>>> V 0.00 0.00
85.937	S 91320 -21.45 25.14 0.00 0.00 TRACK
85.957	>>> V 0.00 0.00
85.957	S 91340 -21.45 25.14 0.00 0.00 TRACK
85.977	>>> V 0.00 0.00
85.978	S 91360 -21.45 25.14 0.00 0.00 TRACK
85.995	>>> V 0.00 0.00
85.996	S 91380 -21.45 25.14 0.00 0.00 TRACK
86.016	>>> V 0.00 0.00
86.016	S 91400 -21.45 25.05 0.00 0.00 TRACK
86.036	>>> V 0.00 0.00
86.036	S 91420 -21.45 25.14 0.00 0.00 TRACK
86.056	>>> V 0.00 0.00
86.056	S 91440 -21.45 25.14 0.00 0.00 TRACK
86.077	>>> V 0.00 0.00
86.077	S 91460 -21.45 25.14 0.00 0.00 TRACK
86.096	>>> V 0.00 0.00
86.096	S 91480 -21.45 25.14 0.00 0.00 TRACK
86.115	>>> V 0.00 0.00
86.115	S 91500 -21.45 25.14 0.00 0.00 TRACK
86.136	>>> V 0.00 0.00
86.136	S 91520 -21.45 25.14 0.00 0.00 TRACK
86.155	>>> V 0.00 0.00
86.156	S 91540 -21.45 25.14 0.00 0.00 TRACK
86.177	>>> V 0.00 0.00
86.178	S 91560 -21.45 25.14 0.00 0.00 TRACK
86.195	>>> V 0.00 0.00
86.197	S 91580 -21.45 25.14 0.00 0.00 TRACK
86.216	>>> V 0.00 0.00
86.216	S 91600 -21.45 25.14 0.00 0.00 TRACK
86.235	>>> V 0.00 0.00
86.236	S 91620 -21.45 25.14 0.00 0.00 TRACK
86.255	>>> V 0.00 0.00
86.256	S 91640 -21.45 25.14 0.00 0.00 TRACK
86.276	>>> V 0.00 0.00
86.277	S 91660 -21.45 25.14 0.00 0.00 TRACK
86.296	>>> V 0.00 0.00
86.296	S 91680 -21.45 25.05 0.00 0.00 TRACK
86.316	>>> V 0.00 0.00
86.316	S 91700 -21.45 25.14 0.00 0.00 TRACK
86.335	>>> V 0.00 0.00
86.336	S 91720 -21.45 25.14 0.00 0.00 TRACK
86.355	>>> V 0.00 0.00
86.355	S 91740 -21.45 25.05 0.00 0.00 TRACK
86.377	>>> V 0.00 0.00
86.378	S 91760 -21.45 25.14 0.00 0.00 TRACK
86.396	>>> V 0.00 0.00
86.396	S 91780 -21.45 25.14 0.00 0.00 TRACK
86.415	>>> V 0.00 0.00
86.416	S 91800 -21.45 25.05 0.00 0.00 TRACK
86.437	>>> V 0.00 0.00
86.438	S 91820 -21.45 25.14 0.00 0.00 TRACK
86.455	>>> V 0.00 0.00
86.455	S 91840 -21.45 25.14 0.00 0.00 TRACK
86.477	>>> V 0.00 0.00
86.477	S 91860 -21.45 25.14 0.00 0.00 TRACK
86.496	>>> V 0.00 0.00
86.497	S 91880 -21.45 25.14 0.00 0.00 TRACK
86.516	>>> V 0.00 0.00
86.517	S 91900 -21.45 25.22 0.00 0.00 TRACK
86.536	>>> V 0.00 0.00
86.536	S 91920 -21.45 25.14 0.00 0.00 TRACK
86.555	>>> V 0.00 0.00
86.555	S 91940 -21.45 25.14 0.00 0.00 TRACK
86.576	>>> V 0.00 0.00
86.578	S 91960 -21.45 25.14 0.00 0.00 TRACK
86.595	>>> V 0.00 0.00
86.596	S 91980 -21.45 25.14 0.00 0.00 TRACK
86.618	>>> V 0.00 0.00
86.618	S 92000 -21.45 25.14 0.00 0.00 TRACK
86.636	>>> V 0.00 0.00
86.637	S 92020 -21.45 25.14 0.00 0.00 TRACK
86.655	>>> V 0.00 0.00
86.655	S 92040 -21.45 25.14 0.00 0.00 TRACK
86.676	>>> V 0.00 0.00
86.679	S 92060 -21.45 25.05 0.00 0.00 TRACK
86.696	>>> V 0.00 0.00
86.697	S 92081 -21.45 25.14 0.00 0.00 TRACK
86.716	>>> V 0.00 0.00
86.717	S 92101 -21.45 25.14 0.00 0.00 TRACK
86.736	>>> V 0.00 0.00
86.737	S 92121 -21.45 25.05 0.00 0.00 TRACK
86.755	>>> V 0.00 0.00
86.755	S 92141 -21.45 25.14 0.00 0.00 TRACK
86.777	>>> V 0.00 0.00
86.778	S 92161 -21.45 25.14 0.00 0.00 TRACK
86.796	>>> V 0.00 0.00
86.797	S 92181 -21.45 25.14 0.00 0.00 TRACK
86.817	>>> V 0.00 0.00
86.817	S 92201 -21.45 25.14 0.00 0.00 TRACK
86.836	>>> V 0.00 0.00
86.836	S 92221 -21.45 25.14 0.00 0.00 TRACK
86.855	>>> V 0.00 0.00
86.856	S 92241 -21.45 25.14 0.00 0.00 TRACK
86.876	>>> V 0.00 0.00
86.877	S 92261 -21.45 25.14 0.00 0.00 TRACK
86.895	>>> V 0.00 0.00
86.896	S 92281 -21.45 25.14 0.00 0.00 TRACK
86.917	>>> V 0.00 0.00
86.918	S 92301 -21.45 25.14 0.00 0.00 TRACK
86.936	>>> V 0.00 0.00
86.936	S 92321 -21.45 25.14 0.00 0.00 TRACK
86.955	>>> V 0.00 0.00
86.955	S 92341 -21.45 25.14 0.00 0.00 TRACK
86.976	>>> V 0.00 0.00
86.977	S 92361 -21.45 25.14 0.00 0.00 TRACK
86.996	>>> V 0.00 0.00
86.997	S 92381 -21.45 25.14 0.00 0.00 TRACK
87.017	>>> V 0.00 0.00
87.018	S 92401 -21.45 25.14 0.00 0.00 TRACK
87.036	>>> V 0.00 0.00
87.037	S 92421 -21.45 25.14 0.00 0.00 TRACK
87.056	>>> V 0.00 0.00
87.056	S 92441 -21.45 25.14 0.00 0.00 TRACK
87.076	>>> V 0.00 0.00
87.077	S 92461 -21.45 25.14 0.00 0.00 TRACK
87.095	>>> V 0.00 0.00
87.096	S 92481 -21.45 25.14 0.00 0.00 TRACK
87.118	>>> V 0.00 0.00
87.118	S 92501 -21.45 25.14 0.00 0.00 TRACK
87.136	>>> V 0.00 0.00
87.137	S 92521 -21.45 25.14 0.00 0.00 TRACK
87.156	>>> V 0.00 0.00
87.156	S 92541 -21.45 25.14 0.00 0.00 TRACK
87.177	>>> V 0.00 0.00
87.180	S 92561 -21.45 25.14 0.00 0.00 TRACK
87.195	>>> V 0.00 0.00
87.197	S 92581 -21.45 25.22 0.00 0.00 TRACK
87.216	>>> V 0.00 0.00
87.217	S 92601 -21.45 25.14 0.00 0.00 TRACK
87.236	>>> V 0.00 0.00
87.236	S 92621 -21.45 25.14 0.00 0.00 TRACK
87.255	>>> V 0.00 0.00
87.256	S 92641 -21.45 25.14 0.00 0.00 TRACK
87.280	>>> V 0.00 0.00
87.280	S 92661 -21.45 25.14 0.00 0.00 TRACK
87.298	>>> V 0.00 0.00
87.298	S 92681 -21.45 25.14 0.00 0.00 TRACK
87.316	>>> V 0.00 0.00
87.317	S 92701 -21.45 25.14 0.00 0.00 TRACK
87.336	>>> V 0.00 0.00
87.336	S 92721 -21.45 25.14 0.00 0.00 TRACK
87.355	>>> V 0.00 0.00
87.358	S 92741 -21.45 25.14 0.00 0.00 TRACK
87.380	>>> V 0.00 0.00
87.380	S 92761 -21.45 25.14 0.00 0.00 TRACK
87.395	>>> V 0.00 0.00
87.396	S 92781 -21.45 25.14 0.00 0.00 TRACK
87.416	>>> V 0.00 0.00
87.417	S 92801 -21.45 25.05 0.00 0.00 TRACK
87.436	>>> V 0.00 0.00
87.440	S 92821 -21.45 25.14 0.00 0.00 TRACK
87.456	>>> V 0.00 0.00
87.456	S 92841 -21.45 25.14 0.00 0.00 TRACK
87.478	>>> V 0.00 0.00
87.480	S 92861 -21.45 25.14 0.00 0.00 TRACK
87.496	>>> V 0.00 0.00
87.497	S 92881 -21.45 25.14 0.00 0.00 TRACK
87.516	>>> V 0.00 0.00
87.517	S 92901 -21.45 25.14 0.00 0.00 TRACK
87.536	>>> V 0.00 0.00
87.538	S 92921 -21.45 25.14 0.00 0.00 TRACK
87.555	>>> V 0.00 0.00
87.556	S 92941 -21.45 25.14 0.00 0.00 TRACK
87.581	>>> V 0.00 0.00
87.582	S 92961 -21.45 25.14 0.00 0.00 TRACK
87.596	>>> V 0.00 0.00
87.597	S 92981 -21.45 25.14 0.00 0.00 TRACK
87.618	>>> V 0.00 0.00
87.618	S 93001 -21.45 25.14 0.00 0.00 TRACK
87.635	>>> V 0.00 0.00
87.637	S 93021 -21.45 25.14 0.00 0.00 TRACK
87.656	>>> V 0.00 0.00
87.657	S 93041 -21.45 25.14 0.00 0.00 TRACK
87.682	>>> V 0.00 0.00
87.682	S 93061 -21.45 25.14 0.00 0.00 TRACK
87.697	>>> V 0.00 0.00
87.699	S 93081 -21.45 25.14 0.00 0.00 TRACK
87.716	>>> V 0.00 0.00
87.716	S 93101 -21.45 25.14 0.00 0.00 TRACK
87.735	>>> V 0.00 0.00
87.736	S 93121 -21.45 25.05 0.00 0.00 TRACK
87.755	>>> V 0.00 0.00
87.755	S 93141 -21.45 25.14 0.00 0.00 TRACK
87.776	>>> V 0.00 0.00
87.777	S 93161 -21.45 25.05 0.00 0.00 TRACK
87.795	>>> V 0.00 0.00
87.796	S 93181 -21.45 25.05 0.00 0.00 TRACK
87.815	>>> V 0.00 0.00
87.815	S 93201 -21.45 25.05 0.00 0.00 TRACK
87.836	>>> V 0.00 0.00
87.837	S 93221 -21.45 25.14 0.00 0.00 TRACK
87.855	>>> V 0.00 0.00
87.856	S 93241 -21.45 25.14 0.00 0.00 TRACK
87.878	>>> V 0.00 0.00
87.879	S 93261 -21.45 25.14 0.00 0.00 TRACK
87.896	>>> V 0.00 0.00
87.896	S 93281 -21.45 25.05 0.00 0.00 TRACK
87.917	>>> V 0.00 0.00
87.917	S 93301 -21.45 25.14 0.00 0.00 TRACK
87.936	>>> V 0.00 0.00
87.936	S 93321 -21.45 25.14 0.00 0.00 TRACK
87.955	>>> V 0.00 0.00
87.955	S 93341 -21.45 25.14 0.00 0.00 TRACK
87.975	>>> V 0.00 0.00
87.976	S 93361 -21.45 25.14 0.00 0.00 TRACK
87.995	>>> V 0.00 0.00
87.995	S 93381 -21.45 25.05 0.00 0.00 TRACK
88.017	>>> V 0.00 0.00
88.019	S 93401 -21.45 25.14 0.00 0.00 TRACK
88.037	>>> V 0.00 0.00
88.037	S 93421 -21.45 25.14 0.00 0.00 TRACK
88.055	>>> V 0.00 0.00
88.056	S 93441 -21.45 25.14 0.00 0.00 TRACK
88.077	>>> V 0.00 0.00
88.079	S 93461 -21.45 25.22 0.00 0.00 TRACK
88.096	>>> V 0.00 0.00
88.097	S 93481 -21.45 25.14 0.00 0.00 TRACK
88.117	>>> V 0.00 0.00
88.117	S 93501 -21.45 25.14 0.00 0.00 TRACK
88.135	>>> V 0.00 0.00
88.136	S 93521 -21.45 25.14 0.00 0.00 TRACK
88.155	>>> V 0.00 0.00
88.155	S 93541 -21.45 25.14 0.00 0.00 TRACK
88.176	>>> V 0.00 0.00
88.177	S 93561 -21.45 25.14 0.00 0.00 TRACK
88.195	>>> V 0.00 0.00
88.195	S 93581 -21.45 25.14 0.00 0.00 TRACK
88.217	>>> V 0.00 0.00
88.218	S 93601 -21.45 25.14 0.00 0.00 TRACK
88.235	>>> V 0.00 0.00
88.239	S 93621 -21.45 25.14 0.00 0.00 TRACK
88.256	>>> V 0.00 0.00
88.256	S 93641 -21.45 25.14 0.00 0.00 TRACK
88.275	>>> V 0.00 0.00
88.277	S 93661 -21.45 25.14 0.00 0.00 TRACK
88.295	>>> V 0.00 0.00
88.296	S 93681 -21.45 25.14 0.00 0.00 TRACK
88.318	>>> V 0.00 0.00
88.318	S 93701 -21.45 25.14 0.00 0.00 TRACK
88.335	>>> V 0.00 0.00
88.335	S 93721 -21.45 25.14 0.00 0.00 TRACK
88.357	>>> V 0.00 0.00
88.357	S 93741 -21.45 25.14 0.00 0.00 TRACK
88.376	>>> V 0.00 0.00
88.377	S 93761 -21.45 25.14 0.00 0.00 TRACK
88.397	>>> V 0.00 0.00
88.398	S 93781 -21.45 25.14 0.00 0.00 TRACK
88.417	>>> V 0.00 0.00
88.417	S 93801 -21.45 25.14 0.00 0.00 TRACK
88.436	>>> V 0.00 0.00
88.436	S 93821 -21.45 25.14 0.00 0.00 TRACK
88.456	>>> V 0.00 0.00
88.459	S 93841 -21.45 25.14 0.00 0.00 TRACK
88.476	>>> V 0.00 0.00
88.476	S 93861 -21.45 25.14 0.00 0.00 TRACK
88.497	>>> V 0.00 0.00
88.498	S 93881 -21.45 25.14 0.00 0.00 TRACK
88.515	>>> V 0.00 0.00
88.516	S 93901 -21.45 25.14 0.00 0.00 TRACK
88.535	>>> V 0.00 0.00
88.536	S 93921 -21.45 25.14 0.00 0.00 TRACK
88.556	>>> V 0.00 0.00
88.557	S 93941 -21.45 25.05 0.00 0.00 TRACK
88.575	>>> V 0.00 0.00
88.576	S 93961 -21.45 25.14 0.00 0.00 TRACK
88.597	>>> V 0.00 0.00
88.598	S 93981 -21.45 25.14 0.00 0.00 TRACK
88.616	>>> V 0.00 0.00
88.617	S 94001 -21.45 25.05 0.00 0.00 TRACK
88.635	>>> V 0.00 0.00
88.636	S 94021 -21.45 25.14 0.00 0.00 TRACK
88.657	>>> V 0.00 0.00
88.659	S 94041 -21.45 25.14 0.00 0.00 TRACK
88.676	>>> V 0.00 0.00
88.676	S 94061 -21.45 25.14 0.00 0.00 TRACK
88.695	>>> V 0.00 0.00
88.696	S 94081 -21.45 25.14 0.00 0.00 TRACK
88.721	>>> V 0.00 0.00
88.722	S 94101 -21.45 25.14 0.00 0.00 TRACK
88.736	>>> V 0.00 0.00
88.738	S 94121 -21.45 25.14 0.00 0.00 TRACK
88.755	>>> V 0.00 0.00
88.756	S 94141 -21.45 25.14 0.00 0.00 TRACK
88.776	>>> V 0.00 0.00
88.778	S 94161 -21.45 25.14 0.00 0.00 TRACK
88.795	>>> V 0.00 0.00
88.796	S 94181 -21.45 25.14 0.00 0.00 TRACK
88.818	>>> V 0.00 0.00
88.818	S 94201 -21.45 25.14 0.00 0.00 TRACK
88.835	>>> V 0.00 0.00
88.836	S 94221 -21.45 25.14 0.00 0.00 TRACK
88.856	>>> V 0.00 0.00
88.857	S 94241 -21.45 25.14 0.00 0.00 TRACK
88.878	>>> V 0.00 0.00
88.880	S 94261 -21.45 25.14 0.00 0.00 TRACK
88.896	>>> V 0.00 0.00
88.897	S 94281 -21.45 25.14 0.00 0.00 TRACK
88.916	>>> V 0.00 0.00
88.916	S 94301 -21.45 25.14 0.00 0.00 TRACK
88.935	>>> V 0.00 0.00
88.936	S 94321 -21.45 25.14 0.00 0.00 TRACK
88.955	>>> V 0.00 0.00
88.956	S 94341 -21.45 25.14 0.00 0.00 TRACK
88.977	>>> V 0.00 0.00
88.977	S 94361 -21.45 25.14 0.00 0.00 TRACK
88.996	>>> V 0.00 0.00
88.996	S 94381 -21.45 25.14 0.00 0.00 TRACK
89.016	>>> V 0.00 0.00
89.016	S 94401 -21.36 25.14 0.00 0.00 TRACK
89.036	>>> V 0.00 0.00
89.037	S 94421 -21.45 25.14 0.00 0.00 TRACK
89.055	>>> V 0.00 0.00
89.056	S 94441 -21.45 25.14 0.00 0.00 TRACK
89.076	>>> V 0.00 0.00
89.076	S 94461 -21.45 25.14 0.00 0.00 TRACK
89.095	>>> V 0.00 0.00
89.096	S 94481 -21.45 25.14 0.00 0.00 TRACK
89.116	>>> V 0.00 0.00
89.116	S 94501 -21.45 25.14 0.00 0.00 TRACK
89.135	>>> V 0.00 0.00
89.136	S 94521 -21.45 25.14 0.00 0.00 TRACK
89.155	>>> V 0.00 0.00
89.155	S 94541 -21.45 25.14 0.00 0.00 TRACK
89.177	>>> V 0.00 0.00
89.178	S 94561 -21.45 25.14 0.00 0.00 TRACK
89.195	>>> V 0.00 0.00
89.197	S 94581 -21.45 25.14 0.00 0.00 TRACK
89.216	>>> V 0.00 0.00
89.217	S 94601 -21.45 25.14 0.00 0.00 TRACK
89.235	>>> V 0.00 0.00
89.235	S 94621 -21.45 25.05 0.00 0.00 TRACK
89.255	>>> V 0.00 0.00
89.255	S 94641 -21.45 25.05 0.00 0.00 TRACK
89.276	>>> V 0.00 0.00
89.277	S 94661 -21.45 25.14 0.00 0.00 TRACK
89.295	>>> V 0.00 0.00
89.296	S 94681 -21.45 25.14 0.00 0.00 TRACK
89.317	>>> V 0.00 0.00
89.317	S 94701 -21.45 25.14 0.00 0.00 TRACK
89.336	>>> V 0.00 0.00
89.336	S 94721 -21.45 25.14 0.00 0.00 TRACK
89.355	>>> V 0.00 0.00
89.356	S 94741 -21.45 25.14 0.00 0.00 TRACK
89.375	>>> V 0.00 0.00
89.377	S 94761 -21.45 25.14 0.00 0.00 TRACK
89.395	>>> V 0.00 0.00
89.396	S 94781 -21.45 25.14 0.00 0.00 TRACK
89.415	>>> V 0.00 0.00
89.415	S 94801 -21.45 25.14 0.00 0.00 TRACK
89.435	>>> V 0.00 0.00
89.436	S 94821 -21.45 25.14 0.00 0.00 TRACK
89.455	>>> V 0.00 0.00
89.455	S 94841 -21.45 25.14 0.00 0.00 TRACK
89.479	>>> V 0.00 0.00
89.479	S 94861 -21.45 25.14 0.00 0.00 TRACK
89.496	>>> V 0.00 0.00
89.497	S 94881 -21.45 25.14 0.00 0.00 TRACK
89.517	>>> V 0.00 0.00
89.517	S 94901 -21.45 25.14 0.00 0.00 TRACK
89.535	>>> V 0.00 0.00
89.535	S 94921 -21.45 25.14 0.00 0.00 TRACK
89.555	>>> V 0.00 0.00
89.555	S 94941 -21.45 25.14 0.00 0.00 TRACK
89.577	>>> V 0.00 0.00
89.578	S 94961 -21.45 25.14 0.00 0.00 TRACK
89.595	>>> V 0.00 0.00
89.596	S 94981 -21.45 25.14 0.00 0.00 TRACK
89.616	>>> V 0.00 0.00
89.616	S 95001 -21.45 25.14 0.00 0.00 TRACK
89.635	>>> V 0.00 0.00
89.635	S 95021 -21.45 25.14 0.00 0.00 TRACK
89.656	>>> V 0.00 0.00
89.656	S 95041 -21.45 25.14 0.00 0.00 TRACK
89.681	>>> V 0.00 0.00
89.681	S 95061 -21.45 25.14 0.00 0.00 TRACK
89.695	>>> V 0.00 0.00
89.697	S 95081 -21.45 25.14 0.00 0.00 TRACK
89.717	>>> V 0.00 0.00
89.717	S 95101 -21.45 25.14 0.00 0.00 TRACK
89.735	>>> V 0.00 0.00
89.736	S 95121 -21.45 25.14 0.00 0.00 TRACK
89.755	>>> V 0.00 0.00
89.756	S 95141 -21.45 25.14 0.00 0.00 TRACK
89.776	>>> V 0.00 0.00
89.776	S 95161 -21.45 25.14 0.00 0.00 TRACK
89.795	>>> V 0.00 0.00
89.795	S 95181 -21.45 25.14 0.00 0.00 TRACK
89.817	>>> V 0.00 0.00
89.817	S 95201 -21.45 25.14 0.00 0.00 TRACK
89.836	>>> V 0.00 0.00
89.837	S 95221 -21.45 25.14 0.00 0.00 TRACK
89.857	>>> V 0.00 0.00
89.857	S 95241 -21.45 25.14 0.00 0.00 TRACK
89.875	>>> V 0.00 0.00
89.877	S 95261 -21.45 25.14 0.00 0.00 TRACK
89.895	>>> V 0.00 0.00
89.896	S 95281 -21.45 25.14 0.00 0.00 TRACK
89.916	>>> V 0.00 0.00
89.917	S 95301 -21.45 25.14 0.00 0.00 TRACK
89.935	>>> V 0.00 0.00
89.936	S 95321 -21.45 25.14 0.00 0.00 TRACK
89.957	>>> V 0.00 0.00
89.958	S 95341 -21.45 25.14 0.00 0.00 TRACK
89.976	>>> V 0.00 0.00
89.977	S 95361 -21.45 25.14 0.00 0.00 TRACK
89.995	>>> V 0.00 0.00
89.996	S 95381 -21.45 25.14 0.00 0.00 TRACK
90.017	>>> V 0.00 0.00
90.018	S 95401 -21.45 25.14 0.00 0.00 TRACK
90.035	>>> V 0.00 0.00
90.038	S 95421 -21.45 25.14 0.00 0.00 TRACK
90.056	>>> V 0.00 0.00
90.056	S 95441 -21.45 25.14 0.00 0.00 TRACK
90.076	>>> V 0.00 0.00
90.076	S 95461 -21.45 25.05 0.00 0.00 TRACK
90.096	>>> V 0.00 0.00
90.097	S 95481 -21.45 25.14 0.00 0.00 TRACK
90.116	>>> V 0.00 0.00
90.117	S 95501 -21.45 25.05 0.00 0.00 TRACK
90.135	>>> V 0.00 0.00
90.137	S 95521 -21.45 25.14 0.00 0.00 TRACK
90.155	>>> V 0.00 0.00
90.156	S 95541 -21.45 25.14 0.00 0.00 TRACK
90.176	>>> V 0.00 0.00
90.177	S 95561 -21.45 25.14 0.00 0.00 TRACK
90.195	>>> V 0.00 0.00
90.196	S 95581 -21.45 25.14 0.00 0.00 TRACK
90.217	>>> V 0.00 0.00
90.218	S 95601 -21.45 25.14 0.00 0.00 TRACK
90.235	>>> V 0.00 0.00
90.237	S 95621 -21.45 25.14 0.00 0.00 TRACK
90.255	>>> V 0.00 0.00
90.256	S 95641 -21.45 25.05 0.00 0.00 TRACK
90.276	>>> V 0.00 0.00
90.277	S 95661 -21.45 25.14 0.00 0.00 TRACK
90.295	>>> V 0.00 0.00
90.296	S 95681 -21.45 25.14 0.00 0.00 TRACK
90.315	>>> V 0.00 0.00
90.315	S 95701 -21.45 25.14 0.00 0.00 TRACK
90.336	>>> V 0.00 0.00
90.336	S 95721 -21.45 25.14 0.00 0.00 TRACK
90.355	>>> V 0.00 0.00
90.355	S 95741 -21.45 25.14 0.00 0.00 TRACK
90.377	>>> V 0.00 0.00
90.378	S 95761 -21.45 25.14 0.00 0.00 TRACK
90.395	>>> V 0.00 0.00
90.396	S 95781 -21.45 25.14 0.00 0.00 TRACK
90.416	>>> V 0.00 0.00
90.417	S 95801 -21.45 25.14 0.00 0.00 TRACK
90.435	>>> V 0.00 0.00
90.436	S 95821 -21.45 25.14 0.00 0.00 TRACK
90.455	>>> V 0.00 0.00
90.455	S 95841 -21.45 25.14 0.00 0.00 TRACK
90.475	>>> V 0.00 0.00
90.476	S 95861 -21.45 25.14 0.00 0.00 TRACK
90.495	>>> V 0.00 0.00
90.496	S 95881 -21.45 25.14 0.00 0.00 TRACK
90.515	>>> V 0.00 0.00
90.515	S 95901 -21.45 25.14 0.00 0.00 TRACK
90.535	>>> V 0.00 0.00
90.536	S 95921 -21.45 25.14 0.00 0.00 TRACK
90.555	>>> V 0.00 0.00
90.555	S 95941 -21.45 25.14 0.00 0.00 TRACK
90.576	>>> V 0.00 0.00
90.578	S 95961 -21.45 25.14 0.00 0.00 TRACK
90.595	>>> V 0.00 0.00
90.595	S 95981 -21.45 25.14 0.00 0.00 TRACK
90.616	>>> V 0.00 0.00
90.617	S 96001 -21.45 25.05 0.00 0.00 TRACK
90.635	>>> V 0.00 0.00
90.635	S 96021 -21.45 25.14 0.00 0.00 TRACK
90.655	>>> V 0.00 0.00
90.655	S 96041 -21.45 25.14 0.00 0.00 TRACK
90.677	>>> V 0.00 0.00
90.678	S 96061 -21.45 25.14 0.00 0.00 TRACK
90.696	>>> V 0.00 0.00
90.697	S 96081 -21.45 25.14 0.00 0.00 TRACK
90.717	>>> V 0.00 0.00
90.718	S 96101 -21.45 25.14 0.00 0.00 TRACK
90.735	>>> V 0.00 0.00
90.736	S 96121 -21.45 25.14 0.00 0.00 TRACK
90.756	>>> V 0.00 0.00
90.756	S 96141 -21.45 25.14 0.00 0.00 TRACK
90.780	>>> V 0.00 0.00
90.782	S 96161 -21.36 25.14 0.00 0.00 TRACK
90.795	>>> V 0.00 0.00
90.795	S 96181 -21.45 25.22 0.00 0.00 TRACK
90.817	>>> V 0.00 0.00
90.818	S 96201 -21.45 25.14 0.00 0.00 TRACK
90.836	>>> V 0.00 0.00
90.837	S 96221 -21.45 25.14 0.00 0.00 TRACK
90.856	>>> V 0.00 0.00
90.856	S 96241 -21.45 25.14 0.00 0.00 TRACK
90.875	>>> V 0.00 0.00
90.876	S 96261 -21.45 25.14 0.00 0.00 TRACK
90.895	>>> V 0.00 0.00
90.895	S 96281 -21.45 25.14 0.00 0.00 TRACK
90.917	>>> V 0.00 0.00
90.917	S 96301 -21.45 25.14 0.00 0.00 TRACK
90.936	>>> V 0.00 0.00
90.937	S 96321 -21.45 25.14 0.00 0.00 TRACK
90.955	>>> V 0.00 0.00
90.957	S 96341 -21.45 25.14 0.00 0.00 TRACK
90.976	>>> V 0.00 0.00
90.977	S 96361 -21.45 25.14 0.00 0.00 TRACK
90.995	>>> V 0.00 0.00
90.996	S 96381 -21.45 25.14 0.00 0.00 TRACK
91.017	>>> V 0.00 0.00
91.018	S 96401 -21.45 25.14 0.00 0.00 TRACK
91.037	>>> V 0.00 0.00
91.038	S 96421 -21.45 25.14 0.00 0.00 TRACK
91.055	>>> V 0.00 0.00
91.056	S 96441 -21.45 25.14 0.00 0.00 TRACK
91.076	>>> V 0.00 0.00
91.077	S 96461 -21.45 25.22 0.00 0.00 TRACK
91.096	>>> V 0.00 0.00
91.096	S 96481 -21.45 25.14 0.00 0.00 TRACK
91.117	>>> V 0.00 0.00
91.117	S 96501 -21.45 25.14 0.00 0.00 TRACK
91.136	>>> V 0.00 0.00
91.137	S 96521 -21.45 25.14 0.00 0.00 TRACK
91.158	>>> V 0.00 0.00
91.158	S 96541 -21.45 25.14 0.00 0.00 TRACK
91.177	>>> V 0.00 0.00
91.177	S 96561 -21.45 25.14 0.00 0.00 TRACK
91.195	>>> V 0.00 0.00
91.195	S 96581 -21.45 25.14 0.00 0.00 TRACK
91.216	>>> V 0.00 0.00
91.217	S 96601 -21.45 25.14 0.00 0.00 TRACK
91.236	>>> V 0.00 0.00
91.237	S 96621 -21.45 25.14 0.00 0.00 TRACK
91.256	>>> V 0.00 0.00
91.256	S 96641 -21.45 25.14 0.00 0.00 TRACK
91.276	>>> V 0.00 0.00
91.276	S 96661 -21.45 25.14 0.00 0.00 TRACK
91.295	>>> V 0.00 0.00
91.295	S 96681 -21.45 25.14 0.00 0.00 TRACK
91.316	>>> V 0.00 0.00
91.317	S 96701 -21.45 25.14 0.00 0.00 TRACK
91.335	>>> V 0.00 0.00
91.336	S 96721 -21.45 25.14 0.00 0.00 TRACK
91.356	>>> V 0.00 0.00
91.357	S 96741 -21.45 25.14 0.00 0.00 TRACK
91.376	>>> V 0.00 0.00
91.376	S 96761 -21.45 25.14 0.00 0.00 TRACK
91.395	>>> V 0.00 0.00
91.396	S 96781 -21.45 25.14 0.00 0.00 TRACK
91.420	>>> V 0.00 0.00
91.421	S 96801 -21.45 25.14 0.00 0.00 TRACK
91.436	>>> V 0.00 0.00
91.436	S 96821 -21.45 25.14 0.00 0.00 TRACK
91.456	>>> V 0.00 0.00
91.457	S 96841 -21.45 25.14 0.00 0.00 TRACK
91.476	>>> V 0.00 0.00
91.476	S 96861 -21.45 25.05 0.00 0.00 TRACK
91.495	>>> V 0.00 0.00
91.496	S 96881 -21.45 25.14 0.00 0.00 TRACK
91.515	>>> V 0.00 0.00
91.516	S 96901 -21.45 25.14 0.00 0.00 TRACK
91.535	>>> V 0.00 0.00
91.536	S 96921 -21.45 25.14 0.00 0.00 TRACK
91.556	>>> V 0.00 0.00
91.556	S 96941 -21.45 25.14 0.00 0.00 TRACK
91.576	>>> V 0.00 0.00
91.577	S 96961 -21.45 25.14 0.00 0.00 TRACK
91.595	>>> V 0.00 0.00
91.596	S 96981 -21.45 25.14 0.00 0.00 TRACK
91.617	>>> V 0.00 0.00
91.618	S 97001 -21.45 25.14 0.00 0.00 TRACK
91.635	>>> V 0.00 0.00
91.637	S 97021 -21.45 25.14 0.00 0.00 TRACK
91.656	>>> V 0.00 0.00
91.657	S 97041 -21.45 25.14 0.00 0.00 TRACK
91.676	>>> V 0.00 0.00
91.676	S 97061 -21.45 25.14 0.00 0.00 TRACK
91.695	>>> V 0.00 0.00
91.697	S 97081 -21.45 25.14 0.00 0.00 TRACK
91.716	>>> V 0.00 0.00
91.717	S 97101 -21.45 25.14 0.00 0.00 TRACK
91.735	>>> V 0.00 0.00
91.735	S 97121 -21.45 25.14 0.00 0.00 TRACK
91.755	>>> V 0.00 0.00
91.755	S 97141 -21.45 25.14 0.00 0.00 TRACK
91.778	>>> V 0.00 0.00
91.779	S 97161 -21.45 25.14 0.00 0.00 TRACK
91.796	>>> V 0.00 0.00
91.797	S 97181 -21.45 25.14 0.00 0.00 TRACK
91.817	>>> V 0.00 0.00
91.817	S 97201 -21.45 25.14 0.00 0.00 TRACK
91.835	>>> V 0.00 0.00
91.836	S 97221 -21.45 25.14 0.00 0.00 TRACK
91.856	>>> V 0.00 0.00
91.856	S 97241 -21.45 25.14 0.00 0.00 TRACK
91.877	>>> V 0.00 0.00
91.878	S 97261 -21.45 25.14 0.00 0.00 TRACK
91.895	>>> V 0.00 0.00
91.897	S 97281 -21.45 25.14 0.00 0.00 TRACK
91.918	>>> V 0.00 0.00
91.918	S 97301 -21.45 25.14 0.00 0.00 TRACK
91.936	>>> V 0.00 0.00
91.936	S 97321 -21.45 25.14 0.00 0.00 TRACK
91.955	>>> V 0.00 0.00
91.956	S 97341 -21.45 25.22 0.00 0.00 TRACK
91.976	>>> V 0.00 0.00
91.976	S 97361 -21.45 25.14 0.00 0.00 TRACK
91.998	>>> V 0.00 0.00
91.998	S 97381 -21.45 25.14 0.00 0.00 TRACK
92.018	>>> V 0.00 0.00
92.020	S 97401 -21.45 25.14 0.00 0.00 TRACK
92.037	>>> V 0.00 0.00
92.037	S 97421 -21.45 25.14 0.00 0.00 TRACK
92.060	>>> V 0.00 0.00
92.060	S 97441 -21.45 25.14 0.00 0.00 TRACK
92.076	>>> V 0.00 0.00
92.076	S 97461 -21.45 25.14 0.00 0.00 TRACK
92.095	>>> V 0.00 0.00
92.095	S 97481 -21.45 25.14 0.00 0.00 TRACK
92.116	>>> V 0.00 0.00
92.116	S 97501 -21.45 25.14 0.00 0.00 TRACK
92.135	>>> V 0.00 0.00
92.135	S 97521 -21.45 25.14 0.00 0.00 TRACK
92.155	>>> V 0.00 0.00
92.156	S 97541 -21.45 25.14 0.00 0.00 TRACK
92.179	>>> V 0.00 0.00
92.180	S 97561 -21.45 25.14 0.00 0.00 TRACK
92.195	>>> V 0.00 0.00
92.196	S 97581 -21.45 25.14 0.00 0.00 TRACK
92.217	>>> V 0.00 0.00
92.217	S 97601 -21.45 25.14 0.00 0.00 TRACK
92.236	>>> V 0.00 0.00
92.237	S 97621 -21.45 25.14 0.00 0.00 TRACK
92.255	>>> V 0.00 0.00
92.256	S 97641 -21.45 25.14 0.00 0.00 TRACK
92.276	>>> V 0.00 0.00
92.277	S 97661 -21.45 25.14 0.00 0.00 TRACK
92.295	>>> V 0.00 0.00
92.296	S 97681 -21.45 25.05 0.00 0.00 TRACK
92.316	>>> V 0.00 0.00
92.317	S 97701 -21.45 25.05 0.00 0.00 TRACK
92.336	>>> V 0.00 0.00
92.336	S 97721 -21.45 25.14 0.00 0.00 TRACK
92.355	>>> V 0.00 0.00
92.355	S 97741 -21.45 25.14 0.00 0.00 TRACK
92.377	>>> V 0.00 0.00
92.378	S 97761 -21.45 25.14 0.00 0.00 TRACK
92.396	>>> V 0.00 0.00
92.396	S 97781 -21.36 25.14 0.00 0.00 TRACK
92.416	>>> V 0.00 0.00
92.418	S 97801 -21.45 25.14 0.00 0.00 TRACK
92.436	>>> V 0.00 0.00
92.437	S 97821 -21.45 25.14 0.00 0.00 TRACK
92.455	>>> V 0.00 0.00
92.456	S 97841 -21.45 25.14 0.00 0.00 TRACK
92.476	>>> V 0.00 0.00
92.477	S 97861 -21.45 25.14 0.00 0.00 TRACK
92.495	>>> V 0.00 0.00
92.497	S 97881 -21.45 25.14 0.00 0.00 TRACK
92.517	>>> V 0.00 0.00
92.518	S 97901 -21.45 25.14 0.00 0.00 TRACK
92.535	>>> V 0.00 0.00
92.535	S 97921 -21.45 25.14 0.00 0.00 TRACK
92.555	>>> V 0.00 0.00
92.555	S 97941 -21.45 25.14 0.00 0.00 TRACK
92.577	>>> V 0.00 0.00
92.578	S 97961 -21.45 25.14 0.00 0.00 TRACK
92.598	>>> V 0.00 0.00
92.599	S 97981 -21.45 25.14 0.00 0.00 TRACK
92.617	>>> V 0.00 0.00
92.618	S 98001 -21.45 25.14 0.00 0.00 TRACK
92.635	>>> V 0.00 0.00
92.635	S 98021 -21.45 25.14 0.00 0.00 TRACK
92.655	>>> V 0.00 0.00
92.655	S 98041 -21.45 25.14 0.00 0.00 TRACK
92.676	>>> V 0.00 0.00
92.676	S 98061 -21.45 25.14 0.00 0.00 TRACK
92.695	>>> V 0.00 0.00
92.695	S 98081 -21.45 25.14 0.00 0.00 TRACK
92.718	>>> V 0.00 0.00
92.719	S 98101 -21.45 25.14 0.00 0.00 TRACK
92.736	>>> V 0.00 0.00
92.737	S 98121 -21.45 25.14 0.00 0.00 TRACK
92.755	>>> V 0.00 0.00
92.756	S 98141 -21.45 25.14 0.00 0.00 TRACK
92.776	>>> V 0.00 0.00
92.776	S 98161 -21.45 25.14 0.00 0.00 TRACK
92.795	>>> V 0.00 0.00
92.795	S 98181 -21.45 25.14 0.00 0.00 TRACK
92.819	>>> V 0.00 0.00
92.819	S 98201 -21.45 25.14 0.00 0.00 TRACK
92.836	>>> V 0.00 0.00
92.837	S 98221 -21.45 25.05 0.00 0.00 TRACK
92.855	>>> V 0.00 0.00
92.856	S 98241 -21.45 25.14 0.00 0.00 TRACK
92.875	>>> V 0.00 0.00
92.877	S 98261 -21.45 25.14 0.00 0.00 TRACK
92.896	>>> V 0.00 0.00
92.898	S 98281 -21.45 25.14 0.00 0.00 TRACK
92.916	>>> V 0.00 0.00
92.916	S 98301 -21.45 25.14 0.00 0.00 TRACK
92.935	>>> V 0.00 0.00
92.935	S 98321 -21.45 25.14 0.00 0.00 TRACK
92.955	>>> V 0.00 0.00
92.955	S 98341 -21.45 25.14 0.00 0.00 TRACK
92.976	>>> V 0.00 0.00
92.977	S 98361 -21.45 25.14 0.00 0.00 TRACK
92.995	>>> V 0.00 0.00
92.996	S 98381 -21.45 25.22 0.00 0.00 TRACK
93.017	>>> V 0.00 0.00
93.018	S 98401 -21.45 25.14 0.00 0.00 TRACK
93.035	>>> V 0.00 0.00
93.038	S 98421 -21.45 25.14 0.00 0.00 TRACK
93.056	>>> V 0.00 0.00
93.056	S 98441 -21.45 25.14 0.00 0.00 TRACK
93.080	>>> V 0.00 0.00
93.081	S 98461 -21.45 25.14 0.00 0.00 TRACK
93.095	>>> V 0.00 0.00
93.096	S 98481 -21.45 25.14 0.00 0.00 TRACK
93.118	>>> V 0.00 0.00
93.118	S 98501 -21.45 25.14 0.00 0.00 TRACK
93.135	>>> V 0.00 0.00
93.136	S 98521 -21.45 25.14 0.00 0.00 TRACK
93.156	>>> V 0.00 0.00
93.156	S 98541 -21.45 25.14 0.00 0.00 TRACK
93.176	>>> V 0.00 0.00
93.176	S 98561 -21.45 25.14 0.00 0.00 TRACK
93.196	>>> V 0.00 0.00
93.198	S 98581 -21.45 25.14 0.00 0.00 TRACK
93.217	>>> V 0.00 0.00
93.217	S 98601 -21.45 25.14 0.00 0.00 TRACK
93.235	>>> V 0.00 0.00
93.236	S 98621 -21.45 25.14 0.00 0.00 TRACK
93.255	>>> V 0.00 0.00
93.257	S 98641 -21.45 25.22 0.00 0.00 TRACK
93.276	>>> V 0.00 0.00
93.277	S 98661 -21.45 25.14 0.00 0.00 TRACK
93.296	>>> V 0.00 0.00
93.296	S 98681 -21.45 25.14 0.00 0.00 TRACK
93.318	>>> V 0.00 0.00
93.318	S 98701 -21.45 25.14 0.00 0.00 TRACK
93.335	>>> V 0.00 0.00
93.336	S 98721 -21.45 25.14 0.00 0.00 TRACK
93.356	>>> V 0.00 0.00
93.356	S 98741 -21.45 25.05 0.00 0.00 TRACK
93.375	>>> V 0.00 0.00
93.376	S 98761 -21.45 25.22 0.00 0.00 TRACK
93.395	>>> V 0.00 0.00
93.396	S 98781 -21.45 25.14 0.00 0.00 TRACK
93.416	>>> V 0.00 0.00
93.417	S 98801 -21.45 25.14 0.00 0.00 TRACK
93.436	>>> V 0.00 0.00
93.436	S 98821 -21.45 25.05 0.00 0.00 TRACK
93.458	>>> V 0.00 0.00
93.459	S 98841 -21.45 25.14 0.00 0.00 TRACK
93.476	>>> V 0.00 0.00
93.477	S 98861 -21.45 25.14 0.00 0.00 TRACK
93.496	>>> V 0.00 0.00
93.496	S 98881 -21.45 25.14 0.00 0.00 TRACK
93.517	>>> V 0.00 0.00
93.517	S 98901 -21.45 25.14 0.00 0.00 TRACK
93.536	>>> V 0.00 0.00
93.536	S 98921 -21.45 25.14 0.00 0.00 TRACK
93.555	>>> V 0.00 0.00
93.555	S 98941 -21.45 25.05 0.00 0.00 TRACK
93.583	>>> V 0.00 0.00
93.585	S 98961 -21.45 25.14 0.00 0.00 TRACK
93.595	>>> V 0.00 0.00
93.596	S 98981 -21.45 25.14 0.00 0.00 TRACK
93.619	>>> V 0.00 0.00
93.620	S 99001 -21.45 25.14 0.00 0.00 TRACK
93.635	>>> V 0.00 0.00
93.636	S 99021 -21.45 25.14 0.00 0.00 TRACK
93.656	>>> V 0.00 0.00
93.657	S 99041 -21.45 25.14 0.00 0.00 TRACK
93.676	>>> V 0.00 0.00
93.677	S 99061 -21.45 25.14 0.00 0.00 TRACK
93.695	>>> V 0.00 0.00
93.696	S 99081 -21.45 25.14 0.00 0.00 TRACK
93.718	>>> V 0.00 0.00
93.718	S 99101 -21.45 25.14 0.00 0.00 TRACK
93.735	>>> V 0.00 0.00
93.735	S 99121 -21.45 25.14 0.00 0.00 TRACK
93.757	>>> V 0.00 0.00
93.758	S 99141 -21.45 25.14 0.00 0.00 TRACK
93.777	>>> V 0.00 0.00
93.777	S 99161 -21.45 25.05 0.00 0.00 TRACK
93.797	>>> V 0.00 0.00
93.797	S 99181 -21.45 25.14 0.00 0.00 TRACK
93.817	>>> V 0.00 0.00
93.818	S 99201 -21.45 25.14 0.00 0.00 TRACK
93.835	>>> V 0.00 0.00
93.836	S 99221 -21.45 25.14 0.00 0.00 TRACK
93.856	>>> V 0.00 0.00
93.857	S 99241 -21.45 25.14 0.00 0.00 TRACK
93.876	>>> V 0.00 0.00
93.877	S 99261 -21.45 25.14 0.00 0.00 TRACK
93.898	>>> V 0.00 0.00
93.898	S 99281 -21.45 25.14 0.00 0.00 TRACK
93.918	>>> V 0.00 0.00
93.918	S 99301 -21.45 25.14 0.00 0.00 TRACK
93.936	>>> V 0.00 0.00
93.937	S 99321 -21.45 25.14 0.00 0.00 TRACK
93.955	>>> V 0.00 0.00
93.956	S 99341 -21.45 25.14 0.00 0.00 TRACK
93.977	>>> V 0.00 0.00
93.977	S 99361 -21.45 25.05 0.00 0.00 TRACK
93.995	>>> V 0.00 0.00
93.996	S 99381 -21.45 25.14 0.00 0.00 TRACK
94.017	>>> V 0.00 0.00
94.018	S 99401 -21.45 25.14 0.00 0.00 TRACK
94.035	>>> V 0.00 0.00
94.036	S 99421 -21.45 25.14 0.00 0.00 TRACK
94.056	>>> V 0.00 0.00
94.056	S 99441 -21.45 25.14 0.00 0.00 TRACK
94.076	>>> V 0.00 0.00
94.077	S 99461 -21.45 25.14 0.00 0.00 TRACK
94.096	>>> V 0.00 0.00
94.098	S 99481 -21.45 25.14 0.00 0.00 TRACK
94.117	>>> V 0.00 0.00
94.118	S 99501 -21.45 25.14 0.00 0.00 TRACK
94.135	>>> V 0.00 0.00
94.136	S 99521 -21.45 25.14 0.00 0.00 TRACK
94.155	>>> V 0.00 0.00
94.155	S 99541 -21.45 25.14 0.00 0.00 TRACK
94.175	>>> V 0.00 0.00
94.176	S 99561 -21.45 25.14 0.00 0.00 TRACK
94.195	>>> V 0.00 0.00
94.196	S 99582 -21.45 25.14 0.00 0.00 TRACK
94.217	>>> V 0.00 0.00
94.217	S 99602 -21.45 25.14 0.00 0.00 TRACK
94.235	>>> V 0.00 0.00
94.236	S 99622 -21.45 25.14 0.00 0.00 TRACK
94.256	>>> V 0.00 0.00
94.256	S 99642 -21.36 25.14 0.00 0.00 TRACK
94.277	>>> V 0.00 0.00
94.278	S 99662 -21.45 25.14 0.00 0.00 TRACK
94.295	>>> V 0.00 0.00
94.296	S 99682 -21.45 25.14 0.00 0.00 TRACK
94.318	>>> V 0.00 0.00
94.319	S 99702 -21.45 25.14 0.00 0.00 TRACK
94.335	>>> V 0.00 0.00
94.335	S 99722 -21.45 25.14 0.00 0.00 TRACK
94.355	>>> V 0.00 0.00
94.355	S 99742 -21.45 25.14 0.00 0.00 TRACK
94.376	>>> V 0.00 0.00
94.378	S 99762 -21.45 25.14 0.00 0.00 TRACK
94.395	>>> V 0.00 0.00
94.395	S 99782 -21.45 25.14 0.00 0.00 TRACK
94.418	>>> V 0.00 0.00
94.419	S 99802 -21.45 25.14 0.00 0.00 TRACK
94.436	>>> V 0.00 0.00
94.436	S 99822 -21.45 25.14 0.00 0.00 TRACK
94.455	>>> V 0.00 0.00
94.456	S 99842 -21.45 25.22 0.00 0.00 TRACK
94.476	>>> V 0.00 0.00
94.477	S 99862 -21.45 25.14 0.00 0.00 TRACK
94.495	>>> V 0.00 0.00
94.495	S 99882 -21.45 25.05 0.00 0.00 TRACK
94.517	>>> V 0.00 0.00
94.518	S 99902 -21.45 25.14 0.00 0.00 TRACK
94.535	>>> V 0.00 0.00
94.536	S 99922 -21.45 25.14 0.00 0.00 TRACK
94.556	>>> V 0.00 0.00
94.559	S 99942 -21.45 25.14 0.00 0.00 TRACK
94.576	>>> V 0.00 0.00
94.576	S 99962 -21.45 25.14 0.00 0.00 TRACK
94.595	>>> V 0.00 0.00
94.596	S 99982 -21.36 25.14 0.00 0.00 TRACK
94.617	>>> V 0.00 0.00
94.618	S 100002 -21.45 25.14 0.00 0.00 TRACK
94.636	>>> V 0.00 0.00
94.636	S 100022 -21.45 25.14 0.00 0.00 TRACK
94.657	>>> V 0.00 0.00
94.658	S 100042 -21.45 25.14 0.00 0.00 TRACK
94.675	>>> V 0.00 0.00
94.678	S 100062 -21.45 25.14 0.00 0.00 TRACK
94.695	>>> V 0.00 0.00
94.696	S 100082 -21.45 25.14 0.00 0.00 TRACK
94.715	>>> V 0.00 0.00
94.716	S 100102 -21.45 25.14 0.00 0.00 TRACK
94.735	>>> V 0.00 0.00
94.735	S 100122 -21.45 25.14 0.00 0.00 TRACK
94.756	>>> V 0.00 0.00
94.757	S 100142 -21.45 25.14 0.00 0.00 TRACK
94.775	>>> V 0.00 0.00
94.775	S 100162 -21.45 25.14 0.00 0.00 TRACK
94.797	>>> V 0.00 0.00
94.798	S 100182 -21.45 25.14 0.00 0.00 TRACK
94.816	>>> V 0.00 0.00
94.817	S 100202 -21.45 25.14 0.00 0.00 TRACK
94.836	>>> V 0.00 0.00
94.836	S 100222 -21.45 25.14 0.00 0.00 TRACK
94.855	>>> V 0.00 0.00
94.857	S 100242 -21.45 25.05 0.00 0.00 TRACK
94.875	>>> V 0.00 0.00
94.875	S 100262 -21.45 25.14 0.00 0.00 TRACK
94.896	>>> V 0.00 0.00
94.897	S 100282 -21.45 25.05 0.00 0.00 TRACK
94.915	>>> V 0.00 0.00
94.917	S 100302 -21.45 25.05 0.00 0.00 TRACK
94.936	>>> V 0.00 0.00
94.937	S 100322 -21.45 25.14 0.00 0.00 TRACK
94.955	>>> V 0.00 0.00
94.958	S 100342 -21.45 25.14 0.00 0.00 TRACK
94.975	>>> V 0.00 0.00
94.976	S 100362 -21.45 25.14 0.00 0.00 TRACK
94.996	>>> V 0.00 0.00
94.996	S 100382 -21.45 25.14 0.00 0.00 TRACK
95.015	>>> V 0.00 0.00
95.017	S 100402 -21.45 25.05 0.00 0.00 TRACK
95.036	>>> V 0.00 0.00
95.037	S 100422 -21.45 25.14 0.00 0.00 TRACK
95.056	>>> V 0.00 0.00
95.056	S 100442 -21.45 25.14 0.00 0.00 TRACK
95.075	>>> V 0.00 0.00
95.076	S 100462 -21.45 25.14 0.00 0.00 TRACK
95.097	>>> V 0.00 0.00
95.097	S 100482 -21.45 25.05 0.00 0.00 TRACK
95.116	>>> V 0.00 0.00
95.117	S 100502 -21.45 25.14 0.00 0.00 TRACK
95.136	>>> V 0.00 0.00
95.136	S 100522 -21.45 25.14 0.00 0.00 TRACK
95.156	>>> V 0.00 0.00
95.156	S 100542 -21.45 25.14 0.00 0.00 TRACK
95.175	>>> V 0.00 0.00
95.175	S 100562 -21.45 25.14 0.00 0.00 TRACK
95.197	>>> V 0.00 0.00
95.198	S 100582 -21.45 25.14 0.00 0.00 TRACK
95.215	>>> V 0.00 0.00
95.216	S 100602 -21.45 25.14 0.00 0.00 TRACK
95.236	>>> V 0.00 0.00
95.236	S 100622 -21.45 25.14 0.00 0.00 TRACK
95.256	>>> V 0.00 0.00
95.257	S 100642 -21.45 25.14 0.00 0.00 TRACK
95.276	>>> V 0.00 0.00
95.276	S 100662 -21.45 25.14 0.00 0.00 TRACK
95.297	>>> V 0.00 0.00
95.298	S 100682 -21.45 25.14 0.00 0.00 TRACK
95.315	>>> V 0.00 0.00
95.317	S 100702 -21.45 25.14 0.00 0.00 TRACK
95.335	>>> V 0.00 0.00
95.336	S 100722 -21.45 25.14 0.00 0.00 TRACK
95.355	>>> V 0.00 0.00
95.358	S 100742 -21.45 25.14 0.00 0.00 TRACK
95.375	>>> V 0.00 0.00
95.376	S 100762 -21.45 25.14 0.00 0.00 TRACK
95.398	>>> V 0.00 0.00
95.399	S 100782 -21.45 25.14 0.00 0.00 TRACK
95.416	>>> V 0.00 0.00
95.418	S 100802 -21.45 25.14 0.00 0.00 TRACK
95.436	>>> V 0.00 0.00
95.436	S 100822 -21.45 25.14 0.00 0.00 TRACK
95.459	>>> V 0.00 0.00
95.460	S 100842 -21.45 25.14 0.00 0.00 TRACK
95.479	>>> V 0.00 0.00
95.481	S 100862 -21.45 25.14 0.00 0.00 TRACK
95.496	>>> V 0.00 0.00
95.496	S 100882 -21.45 25.14 0.00 0.00 TRACK
95.518	>>> V 0.00 0.00
95.518	S 100902 -21.45 25.22 0.00 0.00 TRACK
95.535	>>> V 0.00 0.00
95.535	S 100922 -21.45 25.14 0.00 0.00 TRACK
95.556	>>> V 0.00 0.00
95.557	S 100942 -21.45 25.14 0.00 0.00 TRACK
95.575	>>> V 0.00 0.00
95.576	S 100962 -21.45 25.14 0.00 0.00 TRACK
95.597	>>> V 0.00 0.00
95.597	S 100982 -21.45 25.14 0.00 0.00 TRACK
95.615	>>> V 0.00 0.00
95.616	S 101002 -21.45 25.14 0.00 0.00 TRACK
95.635	>>> V 0.00 0.00
95.638	S 101022 -21.36 25.14 0.00 0.00 TRACK
95.656	>>> V 0.00 0.00
95.657	S 101042 -21.45 25.14 0.00 0.00 TRACK
95.676	>>> V 0.00 0.00
95.676	S 101062 -21.45 25.14 0.00 0.00 TRACK
95.696	>>> V 0.00 0.00
95.697	S 101082 -21.45 25.14 0.00 0.00 TRACK
95.715	>>> V 0.00 0.00
95.715	S 101102 -21.45 25.14 0.00 0.00 TRACK
95.736	>>> V 0.00 0.00
95.737	S 101122 -21.45 25.14 0.00 0.00 TRACK
95.755	>>> V 0.00 0.00
95.756	S 101142 -21.45 25.14 0.00 0.00 TRACK
95.775	>>> V 0.00 0.00
95.775	S 101162 -21.45 25.14 0.00 0.00 TRACK
95.796	>>> V 0.00 0.00
95.797	S 101182 -21.45 25.14 0.00 0.00 TRACK
95.816	>>> V 0.00 0.00
95.816	S 101202 -21.45 25.14 0.00 0.00 TRACK
95.836	>>> V 0.00 0.00
95.836	S 101222 -21.45 25.14 0.00 0.00 TRACK
95.855	>>> V 0.00 0.00
95.857	S 101242 -21.45 25.14 0.00 0.00 TRACK
95.875	>>> V 0.00 0.00
95.876	S 101262 -21.45 25.14 0.00 0.00 TRACK
95.895	>>> V 0.00 0.00
95.895	S 101282 -21.45 25.14 0.00 0.00 TRACK
95.921	>>> V 0.00 0.00
95.921	S 101302 -21.45 25.14 0.00 0.00 TRACK
95.935	>>> V 0.00 0.00
95.936	S 101322 -21.45 25.14 0.00 0.00 TRACK
95.956	>>> V 0.00 0.00
95.956	S 101342 -21.45 25.14 0.00 0.00 TRACK
95.978	>>> V 0.00 0.00
95.980	S 101362 -21.45 25.14 0.00 0.00 TRACK
95.995	>>> V 0.00 0.00
95.996	S 101382 -21.45 25.14 0.00 0.00 TRACK
96.020	>>> V 0.00 0.00
96.021	S 101402 -21.45 25.14 0.00 0.00 TRACK
96.035	>>> V 0.00 0.00
96.037	S 101422 -21.45 25.14 0.00 0.00 TRACK
96.056	>>> V 0.00 0.00
96.056	S 101442 -21.45 25.05 0.00 0.00 TRACK
96.077	>>> V 0.00 0.00
96.078	S 101462 -21.45 25.14 0.00 0.00 TRACK
96.096	>>> V 0.00 0.00
96.096	S 101482 -21.45 25.14 0.00 0.00 TRACK
96.120	>>> V 0.00 0.00
96.121	S 101502 -21.45 25.14 0.00 0.00 TRACK
96.136	>>> V 0.00 0.00
96.137	S 101522 -21.45 25.14 0.00 0.00 TRACK
96.156	>>> V 0.00 0.00
96.156	S 101542 -21.45 25.14 0.00 0.00 TRACK
96.179	>>> V 0.00 0.00
96.179	S 101562 -21.45 25.05 0.00 0.00 TRACK
96.195	>>> V 0.00 0.00
96.196	S 101582 -21.45 25.14 0.00 0.00 TRACK
96.217	>>> V 0.00 0.00
96.217	S 101602 -21.45 25.14 0.00 0.00 TRACK
96.237	>>> V 0.00 0.00
96.238	S 101622 -21.45 25.14 0.00 0.00 TRACK
96.258	>>> V 0.00 0.00
96.259	S 101642 -21.45 25.14 0.00 0.00 TRACK
96.279	>>> V 0.00 0.00
96.280	S 101662 -21.45 25.14 0.00 0.00 TRACK
96.296	>>> V 0.00 0.00
96.296	S 101682 -21.45 25.14 0.00 0.00 TRACK
96.320	>>> V 0.00 0.00
96.320	S 101702 -21.45 25.14 0.00 0.00 TRACK
96.335	>>> V 0.00 0.00
96.336	S 101722 -21.45 25.14 0.00 0.00 TRACK
96.357	>>> V 0.00 0.00
96.358	S 101742 -21.45 25.14 0.00 0.00 TRACK
96.375	>>> V 0.00 0.00
96.376	S 101762 -21.45 25.14 0.00 0.00 TRACK
96.395	>>> V 0.00 0.00
96.395	S 101782 -21.45 25.14 0.00 0.00 TRACK
96.418	>>> V 0.00 0.00
96.419	S 101802 -21.45 25.14 0.00 0.00 TRACK
96.436	>>> V 0.00 0.00
96.436	S 101822 -21.45 25.14 0.00 0.00 TRACK
96.456	>>> V 0.00 0.00
96.456	S 101842 -21.45 25.14 0.00 0.00 TRACK
96.476	>>> V 0.00 0.00
96.476	S 101862 -21.45 25.14 0.00 0.00 TRACK
96.495	>>> V 0.00 0.00
96.497	S 101882 -21.45 25.14 0.00 0.00 TRACK
96.516	>>> V 0.00 0.00
96.517	S 101902 -21.45 25.14 0.00 0.00 TRACK
96.535	>>> V 0.00 0.00
96.536	S 101922 -21.45 25.14 0.00 0.00 TRACK
96.556	>>> V 0.00 0.00
96.558	S 101942 -21.45 25.14 0.00 0.00 TRACK
96.576	>>> V 0.00 0.00
96.577	S 101962 -21.45 25.14 0.00 0.00 TRACK
96.597	>>> V 0.00 0.00
96.598	S 101982 -21.45 25.14 0.00 0.00 TRACK
96.616	>>> V 0.00 0.00
96.616	S 102002 -21.45 25.22 0.00 0.00 TRACK
96.637	>>> V 0.00 0.00
96.637	S 102022 -21.45 25.14 0.00 0.00 TRACK
96.655	>>> V 0.00 0.00
96.656	S 102042 -21.45 25.14 0.00 0.00 TRACK
96.675	>>> V 0.00 0.00
96.676	S 102062 -21.45 25.14 0.00 0.00 TRACK
96.697	>>> V 0.00 0.00
96.699	S 102082 -21.45 25.14 0.00 0.00 TRACK
96.716	>>> V 0.00 0.00
96.717	S 102102 -21.45 25.14 0.00 0.00 TRACK
96.736	>>> V 0.00 0.00
96.736	S 102122 -21.45 25.14 0.00 0.00 TRACK
96.756	>>> V 0.00 0.00
96.757	S 102142 -21.45 25.14 0.00 0.00 TRACK
96.775	>>> V 0.00 0.00
96.776	S 102162 -21.45 25.14 0.00 0.00 TRACK
96.796	>>> V 0.00 0.00
96.797	S 102182 -21.45 25.14 0.00 0.00 TRACK
96.815	>>> V 0.00 0.00
96.816	S 102202 -21.45 25.14 0.00 0.00 TRACK
96.838	>>> V 0.00 0.00
96.839	S 102222 -21.45 25.14 0.00 0.00 TRACK
96.856	>>> V 0.00 0.00
96.856	S 102242 -21.45 25.14 0.00 0.00 TRACK
96.875	>>> V 0.00 0.00
96.876	S 102262 -21.45 25.14 0.00 0.00 TRACK
96.896	>>> V 0.00 0.00
96.896	S 102282 -21.45 25.14 0.00 0.00 TRACK
96.915	>>> V 0.00 0.00
96.915	S 102302 -21.45 25.14 0.00 0.00 TRACK
96.938	>>> V 0.00 0.00
96.938	S 102322 -21.45 25.14 0.00 0.00 TRACK
96.956	>>> V 0.00 0.00
96.957	S 102342 -21.45 25.14 0.00 0.00 TRACK
96.976	>>> V 0.00 0.00
96.976	S 102362 -21.45 25.14 0.00 0.00 TRACK
96.996	>>> V 0.00 0.00
96.996	S 102382 -21.45 25.14 0.00 0.00 TRACK
97.015	>>> V 0.00 0.00
97.016	S 102402 -21.45 25.14 0.00 0.00 TRACK
97.036	>>> V 0.00 0.00
97.037	S 102422 -21.45 25.05 0.00 0.00 TRACK
97.056	>>> V 0.00 0.00
97.056	S 102442 -21.45 25.14 0.00 0.00 TRACK
97.077	>>> V 0.00 0.00
97.077	S 102462 -21.45 25.14 0.00 0.00 TRACK
97.096	>>> V 0.00 0.00
97.097	S 102482 -21.45 25.14 0.00 0.00 TRACK
97.116	>>> V 0.00 0.00
97.116	S 102502 -21.45 25.14 0.00 0.00 TRACK
97.136	>>> V 0.00 0.00
97.136	S 102522 -21.45 25.14 0.00 0.00 TRACK
97.155	>>> V 0.00 0.00
97.155	S 102542 -21.45 25.14 0.00 0.00 TRACK
97.177	>>> V 0.00 0.00
97.177	S 102562 -21.45 25.14 0.00 0.00 TRACK
97.195	>>> V 0.00 0.00
97.196	S 102582 -21.45 25.14 0.00 0.00 TRACK
97.216	>>> V 0.00 0.00
97.217	S 102602 -21.45 25.14 0.00 0.00 TRACK
97.236	>>> V 0.00 0.00
97.236	S 102622 -21.45 25.14 0.00 0.00 TRACK
97.255	>>> V 0.00 0.00
97.256	S 102642 -21.45 25.14 0.00 0.00 TRACK
97.276	>>> V 0.00 0.00
97.277	S 102662 -21.45 25.05 0.00 0.00 TRACK
97.295	>>> V 0.00 0.00
97.297	S 102682 -21.45 25.14 0.00 0.00 TRACK
97.316	>>> V 0.00 0.00
97.317	S 102702 -21.45 25.14 0.00 0.00 TRACK
97.335	>>> V 0.00 0.00
97.336	S 102722 -21.45 25.14 0.00 0.00 TRACK
97.356	>>> V 0.00 0.00
97.356	S 102742 -21.45 25.14 0.00 0.00 TRACK
97.376	>>> V 0.00 0.00
97.376	S 102762 -21.45 25.14 0.00 0.00 TRACK
97.395	>>> V 0.00 0.00
97.395	S 102782 -21.45 25.14 0.00 0.00 TRACK
97.416	>>> V 0.00 0.00
97.417	S 102802 -21.45 25.14 0.00 0.00 TRACK
97.436	>>> V 0.00 0.00
97.436	S 102822 -21.45 25.05 0.00 0.00 TRACK
97.455	>>> V 0.00 0.00
97.456	S 102842 -21.45 25.14 0.00 0.00 TRACK
97.477	>>> V 0.00 0.00
97.477	S 102862 -21.45 25.14 0.00 0.00 TRACK
97.496	>>> V 0.00 0.00
97.496	S 102882 -21.45 25.14 0.00 0.00 TRACK
97.517	>>> V 0.00 0.00
97.517	S 102902 -21.45 25.14 0.00 0.00 TRACK
97.535	>>> V 0.00 0.00
97.536	S 102922 -21.45 25.14 0.00 0.00 TRACK
97.555	>>> V 0.00 0.00
97.556	S 102942 -21.45 25.14 0.00 0.00 TRACK
97.576	>>> V 0.00 0.00
97.576	S 102962 -21.45 25.14 0.00 0.00 TRACK
97.595	>>> V 0.00 0.00
97.595	S 102982 -21.45 25.14 0.00 0.00 TRACK
97.616	>>> V 0.00 0.00
97.617	S 103002 -21.45 25.05 0.00 0.00 TRACK
97.636	>>> V 0.00 0.00
97.637	S 103022 -21.45 25.14 0.00 0.00 TRACK
97.657	>>> V 0.00 0.00
97.657	S 103042 -21.45 25.14 0.00 0.00 TRACK
97.676	>>> V 0.00 0.00
97.677	S 103062 -21.45 25.14 0.00 0.00 TRACK
97.695	>>> V 0.00 0.00
97.695	S 103082 -21.45 25.14 0.00 0.00 TRACK
97.716	>>> V 0.00 0.00
97.717	S 103102 -21.36 25.14 0.00 0.00 TRACK
97.735	>>> V 0.00 0.00
97.737	S 103122 -21.45 25.14 0.00 0.00 TRACK
97.757	>>> V 0.00 0.00
97.758	S 103142 -21.45 25.14 0.00 0.00 TRACK
97.775	>>> V 0.00 0.00
97.776	S 103162 -21.45 25.14 0.00 0.00 TRACK
97.795	>>> V 0.00 0.00
97.797	S 103182 -21.45 25.05 0.00 0.00 TRACK
97.816	>>> V 0.00 0.00
97.817	S 103202 -21.45 25.14 0.00 0.00 TRACK
97.836	>>> V 0.00 0.00
97.837	S 103222 -21.45 25.14 0.00 0.00 TRACK
97.857	>>> V 0.00 0.00
97.857	S 103242 -21.45 25.14 0.00 0.00 TRACK
97.875	>>> V 0.00 0.00
97.877	S 103262 -21.45 25.22 0.00 0.00 TRACK
97.895	>>> V 0.00 0.00
97.896	S 103282 -21.45 25.14 0.00 0.00 TRACK
97.917	>>> V 0.00 0.00
97.917	S 103302 -21.45 25.14 0.00 0.00 TRACK
97.935	>>> V 0.00 0.00
97.936	S 103322 -21.45 25.14 0.00 0.00 TRACK
97.958	>>> V 0.00 0.00
97.958	S 103342 -21.45 25.14 0.00 0.00 TRACK
97.976	>>> V 0.00 0.00
97.977	S 103362 -21.45 25.14 0.00 0.00 TRACK
97.996	>>> V 0.00 0.00
97.996	S 103382 -21.45 25.14 0.00 0.00 TRACK
98.017	>>> V 0.00 0.00
98.018	S 103402 -21.45 25.05 0.00 0.00 TRACK
98.035	>>> V 0.00 0.00
98.037	S 103422 -21.45 25.14 0.00 0.00 TRACK
98.056	>>> V 0.00 0.00
98.057	S 103442 -21.45 25.14 0.00 0.00 TRACK
98.076	>>> V 0.00 0.00
98.077	S 103462 -21.45 25.14 0.00 0.00 TRACK
98.098	>>> V 0.00 0.00
98.100	S 103482 -21.45 25.14 0.00 0.00 TRACK
98.116	>>> V 0.00 0.00
98.117	S 103502 -21.45 25.14 0.00 0.00 TRACK
98.135	>>> V 0.00 0.00
98.138	S 103522 -21.45 25.14 0.00 0.00 TRACK
98.155	>>> V 0.00 0.00
98.155	S 103542 -21.45 25.14 0.00 0.00 TRACK
98.177	>>> V 0.00 0.00
98.179	S 103562 -21.45 25.14 0.00 0.00 TRACK
98.195	>>> V 0.00 0.00
98.197	S 103582 -21.45 25.14 0.00 0.00 TRACK
98.215	>>> V 0.00 0.00
98.216	S 103602 -21.45 25.14 0.00 0.00 TRACK
98.237	>>> V 0.00 0.00
98.238	S 103622 -21.45 25.14 0.00 0.00 TRACK
98.255	>>> V 0.00 0.00
98.257	S 103642 -21.45 25.22 0.00 0.00 TRACK
98.276	>>> V 0.00 0.00
98.276	S 103662 -21.45 25.14 0.00 0.00 TRACK
98.297	>>> V 0.00 0.00
98.297	S 103682 -21.45 25.14 0.00 0.00 TRACK
98.315	>>> V 0.00 0.00
98.315	S 103702 -21.45 25.14 0.00 0.00 TRACK
98.337	>>> V 0.00 0.00
98.338	S 103722 -21.45 25.14 0.00 0.00 TRACK
98.355	>>> V 0.00 0.00
98.356	S 103742 -21.45 25.14 0.00 0.00 TRACK
98.376	>>> V 0.00 0.00
98.376	S 103762 -21.45 25.05 0.00 0.00 TRACK
98.395	>>> V 0.00 0.00
98.396	S 103782 -21.45 25.14 0.00 0.00 TRACK
98.416	>>> V 0.00 0.00
98.417	S 103802 -21.45 25.14 0.00 0.00 TRACK
98.436	>>> V 0.00 0.00
98.438	S 103822 -21.45 25.14 0.00 0.00 TRACK
98.456	>>> V 0.00 0.00
98.457	S 103842 -21.45 25.14 0.00 0.00 TRACK
98.475	>>> V 0.00 0.00
98.476	S 103862 -21.45 25.14 0.00 0.00 TRACK
98.496	>>> V 0.00 0.00
98.497	S 103882 -21.45 25.14 0.00 0.00 TRACK
98.515	>>> V 0.00 0.00
98.516	S 103902 -21.45 25.14 0.00 0.00 TRACK
98.537	>>> V 0.00 0.00
98.537	S 103922 -21.45 25.14 0.00 0.00 TRACK
98.555	>>> V 0.00 0.00
98.556	S 103942 -21.45 25.14 0.00 0.00 TRACK
98.575	>>> V 0.00 0.00
98.575	S 103962 -21.45 25.14 0.00 0.00 TRACK
98.597	>>> V 0.00 0.00
98.597	S 103982 -21.45 25.14 0.00 0.00 TRACK
98.615	>>> V 0.00 0.00
98.616	S 104002 -21.45 25.14 0.00 0.00 TRACK
98.637	>>> V 0.00 0.00
98.637	S 104022 -21.45 25.14 0.00 0.00 TRACK
98.656	>>> V 0.00 0.00
98.656	S 104042 -21.45 25.14 0.00 0.00 TRACK
98.675	>>> V 0.00 0.00
98.676	S 104062 -21.45 25.14 0.00 0.00 TRACK
98.696	>>> V 0.00 0.00
98.697	S 104082 -21.45 25.14 0.00 0.00 TRACK
98.716	>>> V 0.00 0.00
98.717	S 104102 -21.45 25.14 0.00 0.00 TRACK
98.735	>>> V 0.00 0.00
98.735	S 104122 -21.45 25.14 0.00 0.00 TRACK
98.758	>>> V 0.00 0.00
98.758	S 104142 -21.45 25.14 0.00 0.00 TRACK
98.775	>>> V 0.00 0.00
98.776	S 104162 -21.45 25.14 0.00 0.00 TRACK
98.795	>>> V 0.00 0.00
98.795	S 104182 -21.45 25.14 0.00 0.00 TRACK
98.817	>>> V 0.00 0.00
98.818	S 104202 -21.45 25.14 0.00 0.00 TRACK
98.835	>>> V 0.00 0.00
98.836	S 104222 -21.45 25.14 0.00 0.00 TRACK
98.857	>>> V 0.00 0.00
98.858	S 104242 -21.45 25.14 0.00 0.00 TRACK
98.875	>>> V 0.00 0.00
98.876	S 104262 -21.45 25.14 0.00 0.00 TRACK
98.896	>>> V 0.00 0.00
98.896	S 104282 -21.45 25.14 0.00 0.00 TRACK
98.917	>>> V 0.00 0.00
98.917	S 104302 -21.45 25.14 0.00 0.00 TRACK
98.935	>>> V 0.00 0.00
98.936	S 104322 -21.45 25.14 0.00 0.00 TRACK
98.956	>>> V 0.00 0.00
98.957	S 104342 -21.45 25.14 0.00 0.00 TRACK
98.976	>>> V 0.00 0.00
98.976	S 104362 -21.45 25.14 0.00 0.00 TRACK
98.995	>>> V 0.00 0.00
98.996	S 104382 -21.45 25.05 0.00 0.00 TRACK
99.018	>>> V 0.00 0.00
99.021	S 104402 -21.45 25.14 0.00 0.00 TRACK
99.035	>>> V 0.00 0.00
99.037	S 104422 -21.45 25.14 0.00 0.00 TRACK
99.056	>>> V 0.00 0.00
99.057	S 104442 -21.45 25.14 0.00 0.00 TRACK
99.076	>>> V 0.00 0.00
99.076	S 104462 -21.45 25.14 0.00 0.00 TRACK
99.096	>>> V 0.00 0.00
99.096	S 104482 -21.45 25.14 0.00 0.00 TRACK
99.117	>>> V 0.00 0.00
99.118	S 104502 -21.45 25.05 0.00 0.00 TRACK
99.136	>>> V 0.00 0.00
99.137	S 104522 -21.45 25.14 0.00 0.00 TRACK
99.156	>>> V 0.00 0.00
99.156	S 104542 -21.45 25.14 0.00 0.00 TRACK
99.176	>>> V 0.00 0.00
99.177	S 104562 -21.45 25.14 0.00 0.00 TRACK
99.195	>>> V 0.00 0.00
99.195	S 104582 -21.45 25.14 0.00 0.00 TRACK
99.216	>>> V 0.00 0.00
99.217	S 104602 -21.45 25.14 0.00 0.00 TRACK
99.235	>>> V 0.00 0.00
99.235	S 104622 -21.45 25.14 0.00 0.00 TRACK
99.256	>>> V 0.00 0.00
99.258	S 104642 -21.45 25.14 0.00 0.00 TRACK
99.275	>>> V 0.00 0.00
99.277	S 104662 -21.45 25.14 0.00 0.00 TRACK
99.297	>>> V 0.00 0.00
99.298	S 104682 -21.45 25.14 0.00 0.00 TRACK
99.315	>>> V 0.00 0.00
99.317	S 104702 -21.45 25.05 0.00 0.00 TRACK
99.335	>>> V 0.00 0.00
99.335	S 104722 -21.45 25.14 0.00 0.00 TRACK
99.356	>>> V 0.00 0.00
99.357	S 104742 -21.45 25.14 0.00 0.00 TRACK
99.375	>>> V 0.00 0.00
99.376	S 104762 -21.45 25.14 0.00 0.00 TRACK
99.398	>>> V 0.00 0.00
99.399	S 104782 -21.45 25.14 0.00 0.00 TRACK
99.417	>>> V 0.00 0.00
99.418	S 104802 -21.45 25.14 0.00 0.00 TRACK
99.436	>>> V 0.00 0.00
99.436	S 104822 -21.45 25.14 0.00 0.00 TRACK
99.456	>>> V 0.00 0.00
99.457	S 104842 -21.45 25.14 0.00 0.00 TRACK
99.477	>>> V 0.00 0.00
99.477	S 104862 -21.45 25.14 0.00 0.00 TRACK
99.497	>>> V 0.00 0.00
99.497	S 104882 -21.45 25.14 0.00 0.00 TRACK
99.517	>>> V 0.00 0.00
99.517	S 104902 -21.45 25.14 0.00 0.00 TRACK
99.536	>>> V 0.00 0.00
99.537	S 104922 -21.45 25.14 0.00 0.00 TRACK
99.556	>>> V 0.00 0.00
99.559	S 104942 -21.45 25.14 0.00 0.00 TRACK
99.576	>>> V 0.00 0.00
99.576	S 104962 -21.45 25.14 0.00 0.00 TRACK
99.597	>>> V 0.00 0.00
99.597	S 104982 -21.45 25.14 0.00 0.00 TRACK
99.615	>>> V 0.00 0.00
99.617	S 105002 -21.45 25.14 0.00 0.00 TRACK
99.635	>>> V 0.00 0.00
99.636	S 105022 -21.45 25.14 0.00 0.00 TRACK
99.657	>>> V 0.00 0.00
99.658	S 105042 -21.45 25.14 0.00 0.00 TRACK
99.676	>>> V 0.00 0.00
99.678	S 105062 -21.45 25.14 0.00 0.00 TRACK
99.695	>>> V 0.00 0.00
99.696	S 105082 -21.45 25.14 0.00 0.00 TRACK
99.717	>>> V 0.00 0.00
99.717	S 105102 -21.45 25.14 0.00 0.00 TRACK
99.735	>>> V 0.00 0.00
99.736	S 105122 -21.45 25.14 0.00 0.00 TRACK
99.757	>>> V 0.00 0.00
99.758	S 105142 -21.45 25.14 0.00 0.00 TRACK
99.775	>>> V 0.00 0.00
99.775	S 105162 -21.45 25.14 0.00 0.00 TRACK
99.795	>>> V 0.00 0.00
99.795	S 105182 -21.45 25.14 0.00 0.00 TRACK
99.815	>>> V 0.00 0.00
99.816	S 105202 -21.45 25.14 0.00 0.00 TRACK
99.835	>>> V 0.00 0.00
99.835	S 105222 -21.45 25.14 0.00 0.00 TRACK
99.858	>>> V 0.00 0.00
99.859	S 105242 -21.45 25.14 0.00 0.00 TRACK
99.876	>>> V 0.00 0.00
99.876	S 105262 -21.45 25.14 0.00 0.00 TRACK
99.896	>>> V 0.00 0.00
99.897	S 105282 -21.45 25.14 0.00 0.00 TRACK
99.917	>>> V 0.00 0.00
99.918	S 105302 -21.45 25.14 0.00 0.00 TRACK
99.936	>>> V 0.00 0.00
99.937	S 105322 -21.45 25.14 0.00 0.00 TRACK
99.960	>>> V 0.00 0.00
99.960	S 105342 -21.45 25.14 0.00 0.00 TRACK
99.975	>>> V 0.00 0.00
99.976	S 105362 -21.45 25.14 0.00 0.00 TRACK
99.997	>>> V 0.00 0.00
99.998	S 105382 -21.45 25.14 0.00 0.00 TRACK
100.016	>>> V 0.00 0.00
100.016	S 105402 -21.45 25.14 0.00 0.00 TRACK
100.038	>>> V 0.00 0.00
100.038	S 105422 -21.45 25.14 0.00 0.00 TRACK
100.055	>>> V 0.00 0.00
100.057	S 105442 -21.45 25.14 0.00 0.00 TRACK
100.075	>>> V 0.00 0.00
100.076	S 105462 -21.45 25.14 0.00 0.00 TRACK
100.096	>>> V 0.00 0.00
100.097	S 105482 -21.45 25.14 0.00 0.00 TRACK
100.116	>>> V 0.00 0.00
100.117	S 105502 -21.45 25.14 0.00 0.00 TRACK
100.135	>>> V 0.00 0.00
100.136	S 105522 -21.45 25.14 0.00 0.00 TRACK
100.156	>>> V 0.00 0.00
100.157	S 105542 -21.45 25.14 0.00 0.00 TRACK
100.175	>>> V 0.00 0.00
100.177	S 105562 -21.45 25.14 0.00 0.00 TRACK
100.195	>>> V 0.00 0.00
100.196	S 105582 -21.45 25.14 0.00 0.00 TRACK
100.216	>>> V 0.00 0.00
100.217	S 105602 -21.45 25.14 0.00 0.00 TRACK
100.236	>>> V 0.00 0.00
100.237	S 105622 -21.45 25.14 0.00 0.00 TRACK
100.256	>>> V 0.00 0.00
100.257	S 105642 -21.45 25.14 0.00 0.00 TRACK
100.275	>>> V 0.00 0.00
100.276	S 105662 -21.36 25.14 0.00 0.00 TRACK
100.296	>>> V 0.00 0.00
100.297	S 105682 -21.45 25.05 0.00 0.00 TRACK
100.321	>>> V 0.00 0.00
100.322	S 105702 -21.45 25.14 0.00 0.00 TRACK
100.335	>>> V 0.00 0.00
100.336	S 105722 -21.45 25.14 0.00 0.00 TRACK
100.358	>>> V 0.00 0.00
100.359	S 105742 -21.45 25.14 0.00 0.00 TRACK
100.375	>>> V 0.00 0.00
100.375	S 105762 -21.45 25.14 0.00 0.00 TRACK
100.396	>>> V 0.00 0.00
100.396	S 105782 -21.45 25.14 0.00 0.00 TRACK
100.416	>>> V 0.00 0.00
100.417	S 105802 -21.45 25.05 0.00 0.00 TRACK
100.435	>>> V 0.00 0.00
100.436	S 105822 -21.45 25.14 0.00 0.00 TRACK
100.457	>>> V 0.00 0.00
100.459	S 105842 -21.45 25.14 0.00 0.00 TRACK
100.475	>>> V 0.00 0.00
100.476	S 105862 -21.45 25.05 0.00 0.00 TRACK
100.495	>>> V 0.00 0.00
100.495	S 105882 -21.45 25.14 0.00 0.00 TRACK
100.517	>>> V 0.00 0.00
100.517	S 105902 -21.45 25.14 0.00 0.00 TRACK
100.536	>>> V 0.00 0.00
100.538	S 105922 -21.45 25.14 0.00 0.00 TRACK
100.556	>>> V 0.00 0.00
100.556	S 105942 -21.45 25.14 0.00 0.00 TRACK
100.575	>>> V 0.00 0.00
100.576	S 105962 -21.45 25.14 0.00 0.00 TRACK
100.595	>>> V 0.00 0.00
100.597	S 105982 -21.45 25.14 0.00 0.00 TRACK
100.615	>>> V 0.00 0.00
100.616	S 106002 -21.45 25.14 0.00 0.00 TRACK
100.636	>>> V 0.00 0.00
100.636	S 106022 -21.45 25.14 0.00 0.00 TRACK
100.657	>>> V 0.00 0.00
100.657	S 106042 -21.45 25.14 0.00 0.00 TRACK
100.675	>>> V 0.00 0.00
100.677	S 106062 -21.45 25.14 0.00 0.00 TRACK
100.695	>>> V 0.00 0.00
100.695	S 106082 -21.45 25.14 0.00 0.00 TRACK
100.715	>>> V 0.00 0.00
100.716	S 106102 -21.45 25.14 0.00 0.00 TRACK
100.736	>>> V 0.00 0.00
100.737	S 106122 -21.45 25.14 0.00 0.00 TRACK
100.759	>>> V 0.00 0.00
100.759	S 106142 -21.45 25.14 0.00 0.00 TRACK
100.775	>>> V 0.00 0.00
100.776	S 106162 -21.45 25.14 0.00 0.00 TRACK
100.795	>>> V 0.00 0.00
100.795	S 106182 -21.45 25.14 0.00 0.00 TRACK
100.821	>>> V 0.00 0.00
100.824	S 106202 -21.45 25.14 0.00 0.00 TRACK
100.835	>>> V 0.00 0.00
100.835	S 106222 -21.45 25.14 0.00 0.00 TRACK
100.858	>>> V 0.00 0.00
100.858	S 106242 -21.45 25.14 0.00 0.00 TRACK
100.875	>>> V 0.00 0.00
100.876	S 106262 -21.45 25.14 0.00 0.00 TRACK
100.895	>>> V 0.00 0.00
100.896	S 106282 -21.45 25.14 0.00 0.00 TRACK
100.916	>>> V 0.00 0.00
100.917	S 106302 -21.45 25.14 0.00 0.00 TRACK
100.935	>>> V 0.00 0.00
100.938	S 106322 -21.45 25.14 0.00 0.00 TRACK
100.955	>>> V 0.00 0.00
100.956	S 106342 -21.45 25.14 0.00 0.00 TRACK
100.975	>>> V 0.00 0.00
100.975	S 106362 -21.45 25.14 0.00 0.00 TRACK
100.995	>>> V 0.00 0.00
100.996	S 106382 -21.45 25.05 0.00 0.00 TRACK
101.016	>>> V 0.00 0.00
101.017	S 106402 -21.45 25.14 0.00 0.00 TRACK
101.035	>>> V 0.00 0.00
101.038	S 106422 -21.45 25.22 0.00 0.00 TRACK
101.058	>>> V 0.00 0.00
101.059	S 106442 -21.45 25.14 0.00 0.00 TRACK
101.076	>>> V 0.00 0.00
101.076	S 106462 -21.45 25.14 0.00 0.00 TRACK
101.096	>>> V 0.00 0.00
101.096	S 106482 -21.45 25.14 0.00 0.00 TRACK
101.116	>>> V 0.00 0.00
101.117	S 106502 -21.45 25.14 0.00 0.00 TRACK
101.135	>>> V 0.00 0.00
101.136	S 106522 -21.45 25.14 0.00 0.00 TRACK
101.157	>>> V 0.00 0.00
101.158	S 106542 -21.45 25.14 0.00 0.00 TRACK
101.176	>>> V 0.00 0.00
101.176	S 106562 -21.45 25.14 0.00 0.00 TRACK
101.195	>>> V 0.00 0.00
101.195	S 106582 -21.45 25.14 0.00 0.00 TRACK
101.217	>>> V 0.00 0.00
101.218	S 106602 -21.45 25.14 0.00 0.00 TRACK
101.235	>>> V 0.00 0.00
101.235	S 106622 -21.45 25.14 0.00 0.00 TRACK
101.257	>>> V 0.00 0.00
101.258	S 106642 -21.45 25.14 0.00 0.00 TRACK
101.275	>>> V 0.00 0.00
101.275	S 106662 -21.45 25.05 0.00 0.00 TRACK
101.295	>>> V 0.00 0.00
101.296	S 106682 -21.45 25.14 0.00 0.00 TRACK
101.316	>>> V 0.00 0.00
101.317	S 106702 -21.45 25.05 0.00 0.00 TRACK
101.336	>>> V 0.00 0.00
101.337	S 106722 -21.45 25.14 0.00 0.00 TRACK
101.357	>>> V 0.00 0.00
101.357	S 106742 -21.45 25.14 0.00 0.00 TRACK
101.375	>>> V 0.00 0.00
101.376	S 106762 -21.45 25.14 0.00 0.00 TRACK
101.396	>>> V 0.00 0.00
101.396	S 106782 -21.45 25.05 0.00 0.00 TRACK
101.415	>>> V 0.00 0.00
101.415	S 106802 -21.45 25.14 0.00 0.00 TRACK
101.435	>>> V 0.00 0.00
101.435	S 106822 -21.45 25.14 0.00 0.00 TRACK
101.455	>>> V 0.00 0.00
101.457	S 106842 -21.45 25.14 0.00 0.00 TRACK
101.475	>>> V 0.00 0.00
101.475	S 106862 -21.45 25.22 0.00 0.00 TRACK
101.497	>>> V 0.00 0.00
101.498	S 106882 -21.45 25.22 0.00 0.00 TRACK
101.518	>>> V 0.00 0.00
101.518	S 106902 -21.45 25.14 0.00 0.00 TRACK
101.539	>>> V 0.00 0.00
101.539	S 106922 -21.45 25.14 0.00 0.00 TRACK
101.556	>>> V 0.00 0.00
101.556	S 106942 -21.45 25.14 0.00 0.00 TRACK
101.576	>>> V 0.00 0.00
101.576	S 106962 -21.45 25.14 0.00 0.00 TRACK
101.595	>>> V 0.00 0.00
101.596	S 106982 -21.45 25.14 0.00 0.00 TRACK
101.615	>>> V 0.00 0.00
101.616	S 107002 -21.45 25.14 0.00 0.00 TRACK
101.637	>>> V 0.00 0.00
101.639	S 107022 -21.45 25.14 0.00 0.00 TRACK
101.656	>>> V 0.00 0.00
101.657	S 107042 -21.45 25.14 0.00 0.00 TRACK
101.677	>>> V 0.00 0.00
101.678	S 107062 -21.45 25.14 0.00 0.00 TRACK
101.696	>>> V 0.00 0.00
101.697	S 107082 -21.45 25.14 0.00 0.00 TRACK
101.716	>>> V 0.00 0.00
101.716	S 107102 -21.45 25.14 0.00 0.00 TRACK
101.737	>>> V 0.00 0.00
101.738	S 107122 -21.45 25.14 0.00 0.00 TRACK
101.757	>>> V 0.00 0.00
101.758	S 107143 -21.45 25.14 0.00 0.00 TRACK
101.776	>>> V 0.00 0.00
101.776	S 107163 -21.45 25.14 0.00 0.00 TRACK
101.796	>>> V 0.00 0.00
101.797	S 107183 -21.45 25.14 0.00 0.00 TRACK
101.815	>>> V 0.00 0.00
101.816	S 107203 -21.45 25.14 0.00 0.00 TRACK
101.836	>>> V 0.00 0.00
101.837	S 107223 -21.45 25.14 0.00 0.00 TRACK
101.855	>>> V 0.00 0.00
101.856	S 107243 -21.45 25.14 0.00 0.00 TRACK
101.876	>>> V 0.00 0.00
101.876	S 107263 -21.45 25.14 0.00 0.00 TRACK
101.895	>>> V 0.00 0.00
101.896	S 107283 -21.45 25.14 0.00 0.00 TRACK
101.915	>>> V 0.00 0.00
101.916	S 107303 -21.45 25.14 0.00 0.00 TRACK
101.936	>>> V 0.00 0.00
101.937	S 107323 -21.45 25.14 0.00 0.00 TRACK
101.955	>>> V 0.00 0.00
101.957	S 107343 -21.45 25.14 0.00 0.00 TRACK
101.975	>>> V 0.00 0.00
101.976	S 107363 -21.45 25.14 0.00 0.00 TRACK
102.000	>>> V 0.00 0.00
102.001	S 107383 -21.45 25.14 0.00 0.00 TRACK
102.015	>>> V 0.00 0.00
102.016	S 107403 -21.45 25.14 0.00 0.00 TRACK
102.039	>>> V 0.00 0.00
102.040	S 107423 -21.45 25.14 0.00 0.00 TRACK
102.055	>>> V 0.00 0.00
102.056	S 107443 -21.45 25.14 0.00 0.00 TRACK
102.075	>>> V 0.00 0.00
102.076	S 107463 -21.45 25.14 0.00 0.00 TRACK
102.095	>>> V 0.00 0.00
102.095	S 107483 -21.45 25.14 0.00 0.00 TRACK
102.115	>>> V 0.00 0.00
102.115	S 107503 -21.45 25.14 0.00 0.00 TRACK
102.135	>>> V 0.00 0.00
102.135	S 107523 -21.45 25.14 0.00 0.00 TRACK
102.155	>>> V 0.00 0.00
102.155	S 107543 -21.45 25.14 0.00 0.00 TRACK
102.176	>>> V 0.00 0.00
102.177	S 107563 -21.45 25.14 0.00 0.00 TRACK
102.195	>>> V 0.00 0.00
102.196	S 107583 -21.45 25.14 0.00 0.00 TRACK
102.216	>>> V 0.00 0.00
102.216	S 107603 -21.45 25.14 0.00 0.00 TRACK
102.237	>>> V 0.00 0.00
102.237	S 107623 -21.45 25.14 0.00 0.00 TRACK
102.255	>>> V 0.00 0.00
102.256	S 107643 -21.45 25.14 0.00 0.00 TRACK
102.275	>>> V 0.00 0.00
102.278	S 107663 -21.45 25.14 0.00 0.00 TRACK
102.297	>>> V 0.00 0.00
102.299	S 107683 -21.45 25.14 0.00 0.00 TRACK
102.317	>>> V 0.00 0.00
102.317	S 107703 -21.45 25.14 0.00 0.00 TRACK
102.336	>>> V 0.00 0.00
102.336	S 107723 -21.45 25.14 0.00 0.00 TRACK
102.356	>>> V 0.00 0.00
102.356	S 107743 -21.45 25.14 0.00 0.00 TRACK
102.377	>>> V 0.00 0.00
102.377	S 107763 -21.45 25.14 0.00 0.00 TRACK
102.395	>>> V 0.00 0.00
102.396	S 107783 -21.45 25.14 0.00 0.00 TRACK
102.419	>>> V 0.00 0.00
102.420	S 107803 -21.45 25.14 0.00 0.00 TRACK
102.435	>>> V 0.00 0.00
102.437	S 107823 -21.45 25.14 0.00 0.00 TRACK
102.458	>>> V 0.00 0.00
102.458	S 107843 -21.45 25.14 0.00 0.00 TRACK
102.476	>>> V 0.00 0.00
102.477	S 107863 -21.45 25.14 0.00 0.00 TRACK
102.495	>>> V 0.00 0.00
102.496	S 107883 -21.45 25.14 0.00 0.00 TRACK
102.517	>>> V 0.00 0.00
102.518	S 107903 -21.45 25.14 0.00 0.00 TRACK
102.537	>>> V 0.00 0.00
102.537	S 107923 -21.45 25.14 0.00 0.00 TRACK
102.557	>>> V 0.00 0.00
102.558	S 107943 -21.45 25.14 0.00 0.00 TRACK
102.576	>>> V 0.00 0.00
102.576	S 107963 -21.45 25.14 0.00 0.00 TRACK
102.595	>>> V 0.00 0.00
102.595	S 107983 -21.45 25.22 0.00 0.00 TRACK
102.617	>>> V 0.00 0.00
102.618	S 108003 -21.45 25.14 0.00 0.00 TRACK
102.636	>>> V 0.00 0.00
102.637	S 108023 -21.45 25.14 0.00 0.00 TRACK
102.656	>>> V 0.00 0.00
102.657	S 108043 -21.45 25.05 0.00 0.00 TRACK
102.676	>>> V 0.00 0.00
102.677	S 108063 -21.45 25.14 0.00 0.00 TRACK
102.695	>>> V 0.00 0.00
102.697	S 108083 -21.45 25.14 0.00 0.00 TRACK
102.716	>>> V 0.00 0.00
102.717	S 108103 -21.45 25.14 0.00 0.00 TRACK
102.735	>>> V 0.00 0.00
102.737	S 108123 -21.45 25.14 0.00 0.00 TRACK
102.755	>>> V 0.00 0.00
102.755	S 108143 -21.45 25.14 0.00 0.00 TRACK
102.777	>>> V 0.00 0.00
102.777	S 108163 -21.45 25.14 0.00 0.00 TRACK
102.796	>>> V 0.00 0.00
102.797	S 108183 -21.45 25.14 0.00 0.00 TRACK
102.816	>>> V 0.00 0.00
102.817	S 108203 -21.45 25.14 0.00 0.00 TRACK
102.836	>>> V 0.00 0.00
102.836	S 108223 -21.45 25.14 0.00 0.00 TRACK
102.855	>>> V 0.00 0.00
102.857	S 108243 -21.45 25.05 0.00 0.00 TRACK
102.875	>>> V 0.00 0.00
102.877	S 108263 -21.45 25.14 0.00 0.00 TRACK
102.895	>>> V 0.00 0.00
102.896	S 108283 -21.45 25.14 0.00 0.00 TRACK
102.915	>>> V 0.00 0.00
102.916	S 108303 -21.45 25.14 0.00 0.00 TRACK
102.938	>>> V 0.00 0.00
102.939	S 108323 -21.45 25.14 0.00 0.00 TRACK
102.956	>>> V 0.00 0.00
102.956	S 108343 -21.45 25.14 0.00 0.00 TRACK
102.975	>>> V 0.00 0.00
102.975	S 108363 -21.45 25.14 0.00 0.00 TRACK
102.995	>>> V 0.00 0.00
102.995	S 108383 -21.45 25.14 0.00 0.00 TRACK
103.016	>>> V 0.00 0.00
103.017	S 108403 -21.45 25.14 0.00 0.00 TRACK
103.037	>>> V 0.00 0.00
103.038	S 108423 -21.45 25.14 0.00 0.00 TRACK
103.057	>>> V 0.00 0.00
103.058	S 108443 -21.45 25.05 0.00 0.00 TRACK
103.083	>>> V 0.00 0.00
103.085	S 108463 -21.45 25.14 0.00 0.00 TRACK
103.099	>>> V 0.00 0.00
103.100	S 108483 -21.45 25.05 0.00 0.00 TRACK
103.115	>>> V 0.00 0.00
103.115	S 108503 -21.45 25.14 0.00 0.00 TRACK
103.135	>>> V 0.00 0.00
103.137	S 108523 -21.45 25.14 0.00 0.00 TRACK
103.157	>>> V 0.00 0.00
103.157	S 108543 -21.45 25.14 0.00 0.00 TRACK
103.176	>>> V 0.00 0.00
103.176	S 108563 -21.45 25.14 0.00 0.00 TRACK
103.197	>>> V 0.00 0.00
103.200	S 108583 -21.45 25.14 0.00 0.00 TRACK
103.215	>>> V 0.00 0.00
103.216	S 108603 -21.45 25.14 0.00 0.00 TRACK
103.236	>>> V 0.00 0.00
103.238	S 108623 -21.45 25.14 0.00 0.00 TRACK
103.257	>>> V 0.00 0.00
103.257	S 108643 -21.45 25.14 0.00 0.00 TRACK
103.277	>>> V 0.00 0.00
103.278	S 108663 -21.45 25.14 0.00 0.00 TRACK
103.295	>>> V 0.00 0.00
103.295	S 108683 -21.45 25.14 0.00 0.00 TRACK
103.315	>>> V 0.00 0.00
103.315	S 108703 -21.45 25.14 0.00 0.00 TRACK
103.335	>>> V 0.00 0.00
103.337	S 108723 -21.45 25.14 0.00 0.00 TRACK
103.356	>>> V 0.00 0.00
103.356	S 108743 -21.45 25.14 0.00 0.00 TRACK
103.376	>>> V 0.00 0.00
103.376	S 108763 -21.45 25.05 0.00 0.00 TRACK
103.395	>>> V 0.00 0.00
103.395	S 108783 -21.45 25.14 0.00 0.00 TRACK
103.416	>>> V 0.00 0.00
103.418	S 108803 -21.45 25.14 0.00 0.00 TRACK
103.435	>>> V 0.00 0.00
103.437	S 108823 -21.45 25.14 0.00 0.00 TRACK
103.458	>>> V 0.00 0.00
103.459	S 108843 -21.45 25.14 0.00 0.00 TRACK
103.478	>>> V 0.00 0.00
103.479	S 108863 -21.45 25.14 0.00 0.00 TRACK
103.507	>>> V 0.00 0.00
103.507	S 108883 -21.45 25.14 0.00 0.00 TRACK
103.517	>>> V 0.00 0.00
103.517	S 108903 -21.45 25.14 0.00 0.00 TRACK
103.535	>>> V 0.00 0.00
103.536	S 108923 -21.45 25.05 0.00 0.00 TRACK
103.556	>>> V 0.00 0.00
103.558	S 108943 -21.45 25.14 0.00 0.00 TRACK
103.575	>>> V 0.00 0.00
103.576	S 108963 -21.45 25.14 0.00 0.00 TRACK
103.599	>>> V 0.00 0.00
103.600	S 108983 -21.45 25.05 0.00 0.00 TRACK
103.618	>>> V 0.00 0.00
103.618	S 109003 -21.45 25.14 0.00 0.00 TRACK
103.639	>>> V 0.00 0.00
103.639	S 109023 -21.45 25.14 0.00 0.00 TRACK
103.657	>>> V 0.00 0.00
103.658	S 109043 -21.45 25.14 0.00 0.00 TRACK
103.679	>>> V 0.00 0.00
103.680	S 109063 -21.45 25.14 0.00 0.00 TRACK
103.703	>>> V 0.00 0.00
103.706	S 109083 -21.45 25.14 0.00 0.00 TRACK
103.719	>>> V 0.00 0.00
103.720	S 109103 -21.45 25.14 0.00 0.00 TRACK
103.746	>>> V 0.00 0.00
103.748	S 109123 -21.45 25.14 0.00 0.00 TRACK
103.764	>>> V 0.00 0.00
103.764	S 109143 -21.45 25.14 0.00 0.00 TRACK
103.779	>>> V 0.00 0.00
103.784	S 109163 -21.45 25.14 0.00 0.00 TRACK
103.803	>>> V 0.00 0.00
103.804	S 109183 -21.45 25.14 0.00 0.00 TRACK
103.817	>>> V 0.00 0.00
103.819	S 109203 -21.45 25.14 0.00 0.00 TRACK
103.839	>>> V 0.00 0.00
103.841	S 109223 -21.45 25.14 0.00 0.00 TRACK
103.855	>>> V 0.00 0.00
103.857	S 109243 -21.45 25.14 0.00 0.00 TRACK
103.876	>>> V 0.00 0.00
103.880	S 109263 -21.45 25.14 0.00 0.00 TRACK
103.895	>>> V 0.00 0.00
103.896	S 109283 -21.45 25.14 0.00 0.00 TRACK
103.917	>>> V 0.00 0.00
103.918	S 109303 -21.45 25.14 0.00 0.00 TRACK
103.939	>>> V 0.00 0.00
103.940	S 109323 -21.45 25.14 0.00 0.00 TRACK
103.959	>>> V 0.00 0.00
103.962	S 109343 -21.45 25.14 0.00 0.00 TRACK
103.978	>>> V 0.00 0.00
103.978	S 109363 -21.45 25.14 0.00 0.00 TRACK
103.996	>>> V 0.00 0.00
103.999	S 109383 -21.45 25.14 0.00 0.00 TRACK
104.016	>>> V 0.00 0.00
104.019	S 109403 -21.45 25.14 0.00 0.00 TRACK
104.036	>>> V 0.00 0.00
104.039	S 109423 -21.45 25.14 0.00 0.00 TRACK
104.057	>>> V 0.00 0.00
104.060	S 109443 -21.45 25.14 0.00 0.00 TRACK
104.082	>>> V 0.00 0.00
104.086	S 109463 -21.45 25.14 0.00 0.00 TRACK
104.100	>>> V 0.00 0.00
104.100	S 109483 -21.45 25.14 0.00 0.00 TRACK
104.117	>>> V 0.00 0.00
104.118	S 109503 -21.45 25.14 0.00 0.00 TRACK
104.136	>>> V 0.00 0.00
104.137	S 109523 -21.45 25.14 0.00 0.00 TRACK
104.161	>>> V 0.00 0.00
104.162	S 109543 -21.45 25.14 0.00 0.00 TRACK
104.186	>>> V 0.00 0.00
104.191	S 109563 -21.45 25.14 0.00 0.00 TRACK
104.199	>>> V 0.00 0.00
104.203	S 109583 -21.45 25.14 0.00 0.00 TRACK
104.220	>>> V 0.00 0.00
104.220	S 109603 -21.45 25.05 0.00 0.00 TRACK
104.236	>>> V 0.00 0.00
104.236	S 109623 -21.45 25.14 0.00 0.00 TRACK
104.259	>>> V 0.00 0.00
104.259	S 109643 -21.45 25.14 0.00 0.00 TRACK
104.277	>>> V 0.00 0.00
104.278	S 109663 -21.45 25.14 0.00 0.00 TRACK
104.301	>>> V 0.00 0.00
104.303	S 109683 -21.45 25.14 0.00 0.00 TRACK
104.326	>>> V 0.00 0.00
104.327	S 109703 -21.45 25.14 0.00 0.00 TRACK
104.338	>>> V 0.00 0.00
104.339	S 109723 -21.45 25.14 0.00 0.00 TRACK
104.358	>>> V 0.00 0.00
104.358	S 109743 -21.45 25.05 0.00 0.00 TRACK
104.381	>>> V 0.00 0.00
104.384	S 109763 -21.45 25.14 0.00 0.00 TRACK
104.398	>>> V 0.00 0.00
104.401	S 109783 -21.45 25.14 0.00 0.00 TRACK
104.420	>>> V 0.00 0.00
104.421	S 109803 -21.45 25.05 0.00 0.00 TRACK
104.441	>>> V 0.00 0.00
104.442	S 109823 -21.45 25.14 0.00 0.00 TRACK
104.459	>>> V 0.00 0.00
104.459	S 109843 -21.45 25.14 0.00 0.00 TRACK
104.478	>>> V 0.00 0.00
104.483	S 109863 -21.45 25.14 0.00 0.00 TRACK
104.506	>>> V 0.00 0.00
104.512	S 109883 -21.45 25.14 0.00 0.00 TRACK
104.521	>>> V 0.00 0.00
104.521	S 109903 -21.36 25.14 0.00 0.00 TRACK
104.537	>>> V 0.00 0.00
104.541	S 109923 -21.45 25.14 0.00 0.00 TRACK
104.559	>>> V 0.00 0.00
104.561	S 109943 -21.45 25.14 0.00 0.00 TRACK
104.576	>>> V 0.00 0.00
104.580	S 109963 -21.45 25.05 0.00 0.00 TRACK
104.598	>>> V 0.00 0.00
104.601	S 109983 -21.45 25.14 0.00 0.00 TRACK
104.617	>>> V 0.00 0.00
104.618	S 110003 -21.45 25.14 0.00 0.00 TRACK
104.643	>>> V 0.00 0.00
104.644	S 110023 -21.45 25.14 0.00 0.00 TRACK
104.661	>>> V 0.00 0.00
104.667	S 110043 -21.45 25.14 0.00 0.00 TRACK
104.681	>>> V 0.00 0.00
104.684	S 110063 -21.45 25.14 0.00 0.00 TRACK
104.700	>>> V 0.00 0.00
104.702	S 110083 -21.45 25.14 0.00 0.00 TRACK
104.722	>>> V 0.00 0.00
104.725	S 110103 -21.45 25.14 0.00 0.00 TRACK
104.741	>>> V 0.00 0.00
104.748	S 110123 -21.45 25.14 0.00 0.00 TRACK
104.756	>>> V 0.00 0.00
104.759	S 110143 -21.45 25.14 0.00 0.00 TRACK
104.785	>>> V 0.00 0.00
104.786	S 110163 -21.45 25.14 0.00 0.00 TRACK
104.810	>>> V 0.00 0.00
104.811	S 110183 -21.45 25.14 0.00 0.00 TRACK
104.822	>>> V 0.00 0.00
104.825	S 110203 -21.36 25.14 0.00 0.00 TRACK
104.849	>>> V 0.00 0.00
104.852	S 110223 -21.45 25.14 0.00 0.00 TRACK
104.867	>>> V 0.00 0.00
104.867	S 110243 -21.45 25.14 0.00 0.00 TRACK
104.885	>>> V 0.00 0.00
104.885	S 110263 -21.45 25.14 0.00 0.00 TRACK
104.900	>>> V 0.00 0.00
104.907	S 110283 -21.45 25.14 0.00 0.00 TRACK
104.920	>>> V 0.00 0.00
104.922	S 110303 -21.45 25.14 0.00 0.00 TRACK
104.946	>>> V 0.00 0.00
104.949	S 110323 -21.45 25.14 0.00 0.00 TRACK
104.956	>>> V 0.00 0.00
104.956	S 110343 -21.45 25.14 0.00 0.00 TRACK
104.977	>>> V 0.00 0.00
104.980	S 110363 -21.45 25.14 0.00 0.00 TRACK
104.995	>>> V 0.00 0.00
104.997	S 110383 -21.45 25.14 0.00 0.00 TRACK
105.019	>>> V 0.00 0.00
105.020	S 110403 -21.45 25.14 0.00 0.00 TRACK
105.036	>>> V 0.00 0.00
105.039	S 110423 -21.45 25.14 0.00 0.00 TRACK
105.058	>>> V 0.00 0.00
105.060	S 110443 -21.45 25.14 0.00 0.00 TRACK
105.081	>>> V 0.00 0.00
105.082	S 110463 -21.45 25.14 0.00 0.00 TRACK
105.100	>>> V 0.00 0.00
105.101	S 110483 -21.45 25.14 0.00 0.00 TRACK
105.119	>>> V 0.00 0.00
105.120	S 110503 -21.45 25.14 0.00 0.00 TRACK
105.136	>>> V 0.00 0.00
105.137	S 110523 -21.45 25.14 0.00 0.00 TRACK
105.157	>>> V 0.00 0.00
105.158	S 110543 -21.45 25.14 0.00 0.00 TRACK
105.177	>>> V 0.00 0.00
105.178	S 110563 -21.45 25.14 0.00 0.00 TRACK
105.197	>>> V 0.00 0.00
105.197	S 110583 -21.45 25.14 0.00 0.00 TRACK
105.222	>>> V 0.00 0.00
105.223	S 110603 -21.45 25.14 0.00 0.00 TRACK
105.237	>>> V 0.00 0.00
105.237	S 110623 -21.45 25.14 0.00 0.00 TRACK
105.257	>>> V 0.00 0.00
105.257	S 110643 -21.45 25.14 0.00 0.00 TRACK
105.278	>>> V 0.00 0.00
105.279	S 110663 -21.45 25.14 0.00 0.00 TRACK
105.295	>>> V 0.00 0.00
105.297	S 110683 -21.45 25.14 0.00 0.00 TRACK
105.317	>>> V 0.00 0.00
105.318	S 110703 -21.45 25.14 0.00 0.00 TRACK
105.335	>>> V 0.00 0.00
105.335	S 110723 -21.45 25.22 0.00 0.00 TRACK
105.359	>>> V 0.00 0.00
105.362	S 110743 -21.45 25.14 0.00 0.00 TRACK
105.385	>>> V 0.00 0.00
105.388	S 110763 -21.45 25.14 0.00 0.00 TRACK
105.398	>>> V 0.00 0.00
105.400	S 110783 -21.45 25.14 0.00 0.00 TRACK
105.416	>>> V 0.00 0.00
105.422	S 110803 -21.45 25.14 0.00 0.00 TRACK
105.435	>>> V 0.00 0.00
105.439	S 110823 -21.45 25.14 0.00 0.00 TRACK
105.459	>>> V 0.00 0.00
105.461	S 110843 -21.45 25.14 0.00 0.00 TRACK
105.477	>>> V 0.00 0.00
105.481	S 110863 -21.45 25.14 0.00 0.00 TRACK
105.500	>>> V 0.00 0.00
105.500	S 110883 -21.45 25.05 0.00 0.00 TRACK
105.516	>>> V 0.00 0.00
105.519	S 110903 -21.45 25.14 0.00 0.00 TRACK
105.536	>>> V 0.00 0.00
105.537	S 110923 -21.45 25.14 0.00 0.00 TRACK
105.557	>>> V 0.00 0.00
105.557	S 110943 -21.45 25.14 0.00 0.00 TRACK
105.581	>>> V 0.00 0.00
105.583	S 110963 -21.45 25.14 0.00 0.00 TRACK
105.598	>>> V 0.00 0.00
105.601	S 110983 -21.45 25.14 0.00 0.00 TRACK
105.619	>>> V 0.00 0.00
105.621	S 111003 -21.45 25.14 0.00 0.00 TRACK
105.650	>>> V 0.00 0.00
105.651	S 111023 -21.45 25.14 0.00 0.00 TRACK
105.662	>>> V 0.00 0.00
105.664	S 111043 -21.45 25.14 0.00 0.00 TRACK
105.681	>>> V 0.00 0.00
105.682	S 111063 -21.45 25.14 0.00 0.00 TRACK
105.701	>>> V 0.00 0.00
105.703	S 111083 -21.45 25.14 0.00 0.00 TRACK
105.718	>>> V 0.00 0.00
105.719	S 111103 -21.45 25.14 0.00 0.00 TRACK
105.740	>>> V 0.00 0.00
105.742	S 111123 -21.45 25.14 0.00 0.00 TRACK
105.755	>>> V 0.00 0.00
105.757	S 111143 -21.45 25.14 0.00 0.00 TRACK
105.778	>>> V 0.00 0.00
105.778	S 111163 -21.45 25.14 0.00 0.00 TRACK
105.795	>>> V 0.00 0.00
105.797	S 111183 -21.45 25.14 0.00 0.00 TRACK
105.819	>>> V 0.00 0.00
105.821	S 111203 -21.45 25.05 0.00 0.00 TRACK
105.844	>>> V 0.00 0.00
105.845	S 111223 -21.45 25.05 0.00 0.00 TRACK
105.855	>>> V 0.00 0.00
105.857	S 111243 -21.45 25.05 0.00 0.00 TRACK
105.876	>>> V 0.00 0.00
105.877	S 111263 -21.45 25.14 0.00 0.00 TRACK
105.895	>>> V 0.00 0.00
105.896	S 111283 -21.45 25.14 0.00 0.00 TRACK
105.916	>>> V 0.00 0.00
105.917	S 111303 -21.45 25.05 0.00 0.00 TRACK
105.935	>>> V 0.00 0.00
105.936	S 111323 -21.45 25.14 0.00 0.00 TRACK
105.955	>>> V 0.00 0.00
105.956	S 111343 -21.45 25.14 0.00 0.00 TRACK
105.976	>>> V 0.00 0.00
105.977	S 111363 -21.45 25.14 0.00 0.00 TRACK
105.995	>>> V 0.00 0.00
105.996	S 111383 -21.45 25.14 0.00 0.00 TRACK
106.016	>>> V 0.00 0.00
106.017	S 111403 -21.45 25.14 0.00 0.00 TRACK
106.036	>>> V 0.00 0.00
106.038	S 111423 -21.45 25.14 0.00 0.00 TRACK
106.055	>>> V 0.00 0.00
106.055	S 111443 -21.45 25.14 0.00 0.00 TRACK
106.076	>>> V 0.00 0.00
106.077	S 111463 -21.45 25.14 0.00 0.00 TRACK
106.095	>>> V 0.00 0.00
106.095	S 111483 -21.45 25.05 0.00 0.00 TRACK
106.117	>>> V 0.00 0.00
106.117	S 111503 -21.45 25.14 0.00 0.00 TRACK
106.135	>>> V 0.00 0.00
106.136	S 111523 -21.45 25.14 0.00 0.00 TRACK
106.155	>>> V 0.00 0.00
106.156	S 111543 -21.45 25.14 0.00 0.00 TRACK
106.176	>>> V 0.00 0.00
106.176	S 111563 -21.45 25.14 0.00 0.00 TRACK
106.195	>>> V 0.00 0.00
106.196	S 111583 -21.45 25.14 0.00 0.00 TRACK
106.215	>>> V 0.00 0.00
106.218	S 111603 -21.45 25.14 0.00 0.00 TRACK
106.235	>>> V 0.00 0.00
106.236	S 111623 -21.45 25.14 0.00 0.00 TRACK
106.256	>>> V 0.00 0.00
106.256	S 111643 -21.45 25.14 0.00 0.00 TRACK
106.275	>>> V 0.00 0.00
106.276	S 111663 -21.45 25.14 0.00 0.00 TRACK
106.296	>>> V 0.00 0.00
106.296	S 111683 -21.45 25.14 0.00 0.00 TRACK
106.316	>>> V 0.00 0.00
106.317	S 111703 -21.45 25.14 0.00 0.00 TRACK
106.335	>>> V 0.00 0.00
106.335	S 111723 -21.45 25.14 0.00 0.00 TRACK
106.356	>>> V 0.00 0.00
106.359	S 111743 -21.45 25.14 0.00 0.00 TRACK
106.376	>>> V 0.00 0.00
106.377	S 111763 -21.45 25.14 0.00 0.00 TRACK
106.397	>>> V 0.00 0.00
106.398	S 111783 -21.45 25.14 0.00 0.00 TRACK
106.416	>>> V 0.00 0.00
106.416	S 111803 -21.45 25.14 0.00 0.00 TRACK
106.435	>>> V 0.00 0.00
106.436	S 111823 -21.45 25.14 0.00 0.00 TRACK
106.456	>>> V 0.00 0.00
106.456	S 111843 -21.45 25.14 0.00 0.00 TRACK
106.476	>>> V 0.00 0.00
106.477	S 111863 -21.45 25.14 0.00 0.00 TRACK
106.495	>>> V 0.00 0.00
106.496	S 111883 -21.45 25.14 0.00 0.00 TRACK
106.515	>>> V 0.00 0.00
106.516	S 111903 -21.45 25.14 0.00 0.00 TRACK
106.535	>>> V 0.00 0.00
106.535	S 111923 -21.45 25.14 0.00 0.00 TRACK
106.555	>>> V 0.00 0.00
106.555	S 111943 -21.45 25.14 0.00 0.00 TRACK
106.575	>>> V 0.00 0.00
106.575	S 111963 -21.45 25.14 0.00 0.00 TRACK
106.595	>>> V 0.00 0.00
106.595	S 111983 -21.45 25.14 0.00 0.00 TRACK
106.616	>>> V 0.00 0.00
106.617	S 112003 -21.45 25.14 0.00 0.00 TRACK
106.636	>>> V 0.00 0.00
106.636	S 112023 -21.45 25.14 0.00 0.00 TRACK
106.655	>>> V 0.00 0.00
106.657	S 112043 -21.45 25.14 0.00 0.00 TRACK
106.676	>>> V 0.00 0.00
106.677	S 112063 -21.45 25.14 0.00 0.00 TRACK
106.695	>>> V 0.00 0.00
106.696	S 112083 -21.45 25.14 0.00 0.00 TRACK
106.715	>>> V 0.00 0.00
106.716	S 112103 -21.45 25.14 0.00 0.00 TRACK
106.735	>>> V 0.00 0.00
106.735	S 112123 -21.45 25.14 0.00 0.00 TRACK
106.757	>>> V 0.00 0.00
106.758	S 112143 -21.45 25.14 0.00 0.00 TRACK
106.776	>>> V 0.00 0.00
106.777	S 112163 -21.45 25.14 0.00 0.00 TRACK
106.796	>>> V 0.00 0.00
106.797	S 112183 -21.45 25.14 0.00 0.00 TRACK
106.816	>>> V 0.00 0.00
106.816	S 112203 -21.45 25.14 0.00 0.00 TRACK
106.836	>>> V 0.00 0.00
106.836	S 112223 -21.45 25.14 0.00 0.00 TRACK
106.858	>>> V 0.00 0.00
106.858	S 112243 -21.45 25.14 0.00 0.00 TRACK
106.876	>>> V 0.00 0.00
106.877	S 112263 -21.45 25.14 0.00 0.00 TRACK
106.895	>>> V 0.00 0.00
106.896	S 112283 -21.45 25.14 0.00 0.00 TRACK
106.916	>>> V 0.00 0.00
106.918	S 112303 -21.45 25.14 0.00 0.00 TRACK
106.935	>>> V 0.00 0.00
106.935	S 112323 -21.45 25.14 0.00 0.00 TRACK
106.955	>>> V 0.00 0.00
106.956	S 112343 -21.45 25.14 0.00 0.00 TRACK
106.975	>>> V 0.00 0.00
106.975	S 112363 -21.45 25.14 0.00 0.00 TRACK
106.995	>>> V 0.00 0.00
106.995	S 112383 -21.45 25.14 0.00 0.00 TRACK
107.016	>>> V 0.00 0.00
107.017	S 112403 -21.45 25.14 0.00 0.00 TRACK
107.035	>>> V 0.00 0.00
107.036	S 112423 -21.45 25.14 0.00 0.00 TRACK
107.056	>>> V 0.00 0.00
107.057	S 112443 -21.45 25.14 0.00 0.00 TRACK
107.075	>>> V 0.00 0.00
107.076	S 112463 -21.45 25.14 0.00 0.00 TRACK
107.096	>>> V 0.00 0.00
107.096	S 112483 -21.45 25.14 0.00 0.00 TRACK
107.115	>>> V 0.00 0.00
107.117	S 112503 -21.45 25.14 0.00 0.00 TRACK
107.136	>>> V 0.00 0.00
107.137	S 112523 -21.45 25.14 0.00 0.00 TRACK
107.157	>>> V 0.00 0.00
107.157	S 112543 -21.45 25.14 0.00 0.00 TRACK
107.176	>>> V 0.00 0.00
107.178	S 112563 -21.45 25.14 0.00 0.00 TRACK
107.197	>>> V 0.00 0.00
107.197	S 112583 -21.45 25.14 0.00 0.00 TRACK
107.215	>>> V 0.00 0.00
107.216	S 112603 -21.45 25.14 0.00 0.00 TRACK
107.235	>>> V 0.00 0.00
107.237	S 112623 -21.45 25.14 0.00 0.00 TRACK
107.256	>>> V 0.00 0.00
107.258	S 112643 -21.45 25.14 0.00 0.00 TRACK
107.276	>>> V 0.00 0.00
107.277	S 112663 -21.45 25.14 0.00 0.00 TRACK
107.296	>>> V 0.00 0.00
107.296	S 112683 -21.45 25.14 0.00 0.00 TRACK
107.315	>>> V 0.00 0.00
107.316	S 112703 -21.45 25.14 0.00 0.00 TRACK
107.335	>>> V 0.00 0.00
107.336	S 112723 -21.45 25.14 0.00 0.00 TRACK
107.356	>>> V 0.00 0.00
107.357	S 112743 -21.45 25.14 0.00 0.00 TRACK
107.375	>>> V 0.00 0.00
107.377	S 112763 -21.45 25.14 0.00 0.00 TRACK
107.396	>>> V 0.00 0.00
107.397	S 112783 -21.45 25.14 0.00 0.00 TRACK
107.415	>>> V 0.00 0.00
107.415	S 112803 -21.45 25.14 0.00 0.00 TRACK
107.443	>>> V 0.00 0.00
107.443	S 112823 -21.45 25.14 0.00 0.00 TRACK
107.458	>>> V 0.00 0.00
107.459	S 112843 -21.45 25.14 0.00 0.00 TRACK
107.476	>>> V 0.00 0.00
107.476	S 112863 -21.45 25.14 0.00 0.00 TRACK
107.495	>>> V 0.00 0.00
107.498	S 112883 -21.45 25.14 0.00 0.00 TRACK
107.515	>>> V 0.00 0.00
107.515	S 112903 -21.45 25.14 0.00 0.00 TRACK
107.535	>>> V 0.00 0.00
107.536	S 112923 -21.36 25.14 0.00 0.00 TRACK
107.555	>>> V 0.00 0.00
107.555	S 112943 -21.45 25.14 0.00 0.00 TRACK
107.575	>>> V 0.00 0.00
107.575	S 112963 -21.45 25.14 0.00 0.00 TRACK
107.595	>>> V 0.00 0.00
107.595	S 112983 -21.45 25.14 0.00 0.00 TRACK
107.616	>>> V 0.00 0.00
107.616	S 113003 -21.45 25.14 0.00 0.00 TRACK
107.635	>>> V 0.00 0.00
107.635	S 113023 -21.45 25.14 0.00 0.00 TRACK
107.659	>>> V 0.00 0.00
107.660	S 113043 -21.45 25.05 0.00 0.00 TRACK
107.676	>>> V 0.00 0.00
107.677	S 113063 -21.45 25.14 0.00 0.00 TRACK
107.698	>>> V 0.00 0.00
107.698	S 113083 -21.45 25.14 0.00 0.00 TRACK
107.715	>>> V 0.00 0.00
107.715	S 113103 -21.45 25.14 0.00 0.00 TRACK
107.736	>>> V 0.00 0.00
107.737	S 113123 -21.45 25.14 0.00 0.00 TRACK
107.759	>>> V 0.00 0.00
107.760	S 113143 -21.45 25.14 0.00 0.00 TRACK
107.775	>>> V 0.00 0.00
107.776	S 113163 -21.36 25.14 0.00 0.00 TRACK
107.796	>>> V 0.00 0.00
107.796	S 113183 -21.45 25.14 0.00 0.00 TRACK
107.815	>>> V 0.00 0.00
107.815	S 113203 -21.45 25.14 0.00 0.00 TRACK
107.836	>>> V 0.00 0.00
107.838	S 113223 -21.45 25.14 0.00 0.00 TRACK
107.856	>>> V 0.00 0.00
107.856	S 113243 -21.45 25.14 0.00 0.00 TRACK
107.876	>>> V 0.00 0.00
107.876	S 113263 -21.45 25.14 0.00 0.00 TRACK
107.895	>>> V 0.00 0.00
107.897	S 113283 -21.45 25.14 0.00 0.00 TRACK
107.915	>>> V 0.00 0.00
107.915	S 113303 -21.45 25.14 0.00 0.00 TRACK
107.936	>>> V 0.00 0.00
107.937	S 113323 -21.45 25.14 0.00 0.00 TRACK
107.956	>>> V 0.00 0.00
107.956	S 113343 -21.45 25.14 0.00 0.00 TRACK
107.977	>>> V 0.00 0.00
107.977	S 113363 -21.45 25.05 0.00 0.00 TRACK
107.997	>>> V 0.00 0.00
107.998	S 113383 -21.45 25.14 0.00 0.00 TRACK
108.016	>>> V 0.00 0.00
108.016	S 113403 -21.45 25.14 0.00 0.00 TRACK
108.036	>>> V 0.00 0.00
108.036	S 113423 -21.45 25.05 0.00 0.00 TRACK
108.055	>>> V 0.00 0.00
108.055	S 113443 -21.45 25.14 0.00 0.00 TRACK
108.076	>>> V 0.00 0.00
108.077	S 113463 -21.45 25.14 0.00 0.00 TRACK
108.096	>>> V 0.00 0.00
108.096	S 113483 -21.45 25.14 0.00 0.00 TRACK
108.117	>>> V 0.00 0.00
108.117	S 113503 -21.45 25.14 0.00 0.00 TRACK
108.135	>>> V 0.00 0.00
108.136	S 113523 -21.45 25.22 0.00 0.00 TRACK
108.155	>>> V 0.00 0.00
108.155	S 113543 -21.45 25.14 0.00 0.00 TRACK
108.176	>>> V 0.00 0.00
108.177	S 113563 -21.45 25.14 0.00 0.00 TRACK
108.196	>>> V 0.00 0.00
108.196	S 113583 -21.45 25.14 0.00 0.00 TRACK
108.217	>>> V 0.00 0.00
108.217	S 113603 -21.45 25.14 0.00 0.00 TRACK
108.235	>>> V 0.00 0.00
108.237	S 113623 -21.45 25.14 0.00 0.00 TRACK
108.255	>>> V 0.00 0.00
108.255	S 113643 -21.45 25.14 0.00 0.00 TRACK
108.277	>>> V 0.00 0.00
108.277	S 113663 -21.45 25.14 0.00 0.00 TRACK
108.295	>>> V 0.00 0.00
108.296	S 113683 -21.45 25.14 0.00 0.00 TRACK
108.316	>>> V 0.00 0.00
108.316	S 113703 -21.45 25.14 0.00 0.00 TRACK
108.335	>>> V 0.00 0.00
108.338	S 113723 -21.45 25.14 0.00 0.00 TRACK
108.355	>>> V 0.00 0.00
108.355	S 113743 -21.45 25.14 0.00 0.00 TRACK
108.376	>>> V 0.00 0.00
108.377	S 113763 -21.36 25.14 0.00 0.00 TRACK
108.395	>>> V 0.00 0.00
108.397	S 113783 -21.45 25.14 0.00 0.00 TRACK
108.415	>>> V 0.00 0.00
108.416	S 113803 -21.45 25.14 0.00 0.00 TRACK
108.436	>>> V 0.00 0.00
108.437	S 113823 -21.45 25.14 0.00 0.00 TRACK
108.455	>>> V 0.00 0.00
108.456	S 113843 -21.45 25.14 0.00 0.00 TRACK
108.477	>>> V 0.00 0.00
108.478	S 113863 -21.45 25.14 0.00 0.00 TRACK
108.496	>>> V 0.00 0.00
108.497	S 113883 -21.45 25.14 0.00 0.00 TRACK
108.515	>>> V 0.00 0.00
108.517	S 113903 -21.45 25.14 0.00 0.00 TRACK
108.536	>>> V 0.00 0.00
108.537	S 113923 -21.45 25.14 0.00 0.00 TRACK
108.555	>>> V 0.00 0.00
108.556	S 113943 -21.45 25.14 0.00 0.00 TRACK
108.577	>>> V 0.00 0.00
108.578	S 113963 -21.45 25.14 0.00 0.00 TRACK
108.595	>>> V 0.00 0.00
108.596	S 113983 -21.45 25.14 0.00 0.00 TRACK
108.615	>>> V 0.00 0.00
108.615	S 114003 -21.45 25.14 0.00 0.00 TRACK
108.636	>>> V 0.00 0.00
108.637	S 114023 -21.45 25.14 0.00 0.00 TRACK
108.655	>>> V 0.00 0.00
108.656	S 114043 -21.45 25.14 0.00 0.00 TRACK
108.676	>>> V 0.00 0.00
108.677	S 114063 -21.45 25.14 0.00 0.00 TRACK
108.696	>>> V 0.00 0.00
108.698	S 114083 -21.45 25.14 0.00 0.00 TRACK
108.715	>>> V 0.00 0.00
108.716	S 114103 -21.45 25.05 0.00 0.00 TRACK
108.737	>>> V 0.00 0.00
108.738	S 114123 -21.45 25.14 0.00 0.00 TRACK
108.758	>>> V 0.00 0.00
108.761	S 114143 -21.45 25.14 0.00 0.00 TRACK
108.776	>>> V 0.00 0.00
108.776	S 114163 -21.45 25.22 0.00 0.00 TRACK
108.795	>>> V 0.00 0.00
108.796	S 114183 -21.45 25.14 0.00 0.00 TRACK
108.815	>>> V 0.00 0.00
108.816	S 114203 -21.45 25.14 0.00 0.00 TRACK
108.836	>>> V 0.00 0.00
108.837	S 114223 -21.45 25.14 0.00 0.00 TRACK
108.856	>>> V 0.00 0.00
108.856	S 114243 -21.45 25.14 0.00 0.00 TRACK
108.876	>>> V 0.00 0.00
108.876	S 114263 -21.45 25.14 0.00 0.00 TRACK
108.895	>>> V 0.00 0.00
108.897	S 114283 -21.45 25.14 0.00 0.00 TRACK
108.915	>>> V 0.00 0.00
108.916	S 114303 -21.45 25.14 0.00 0.00 TRACK
108.937	>>> V 0.00 0.00
108.937	S 114323 -21.45 25.14 0.00 0.00 TRACK
108.957	>>> V 0.00 0.00
108.957	S 114343 -21.45 25.14 0.00 0.00 TRACK
108.976	>>> V 0.00 0.00
108.977	S 114363 -21.45 25.14 0.00 0.00 TRACK
108.996	>>> V 0.00 0.00
108.996	S 114383 -21.45 25.14 0.00 0.00 TRACK
109.015	>>> V 0.00 0.00
109.015	S 114403 -21.45 25.14 0.00 0.00 TRACK
109.035	>>> V 0.00 0.00
109.036	S 114423 -21.45 25.14 0.00 0.00 TRACK
109.057	>>> V 0.00 0.00
109.057	S 114443 -21.45 25.14 0.00 0.00 TRACK
109.075	>>> V 0.00 0.00
109.078	S 114463 -21.45 25.14 0.00 0.00 TRACK
109.097	>>> V 0.00 0.00
109.097	S 114483 -21.45 25.14 0.00 0.00 TRACK
109.116	>>> V 0.00 0.00
109.116	S 114503 -21.45 25.14 0.00 0.00 TRACK
109.137	>>> V 0.00 0.00
109.138	S 114523 -21.45 25.14 0.00 0.00 TRACK
109.156	>>> V 0.00 0.00
109.156	S 114543 -21.45 25.14 0.00 0.00 TRACK
109.176	>>> V 0.00 0.00
109.177	S 114563 -21.45 25.14 0.00 0.00 TRACK
109.195	>>> V 0.00 0.00
109.197	S 114583 -21.45 25.14 0.00 0.00 TRACK
109.215	>>> V 0.00 0.00
109.215	S 114603 -21.45 25.14 0.00 0.00 TRACK
109.236	>>> V 0.00 0.00
109.237	S 114623 -21.45 25.14 0.00 0.00 TRACK
109.255	>>> V 0.00 0.00
109.256	S 114643 -21.45 25.14 0.00 0.00 TRACK
109.277	>>> V 0.00 0.00
109.278	S 114663 -21.45 25.14 0.00 0.00 TRACK
109.295	>>> V 0.00 0.00
109.296	S 114684 -21.45 25.05 0.00 0.00 TRACK
109.315	>>> V 0.00 0.00
109.316	S 114704 -21.45 25.22 0.00 0.00 TRACK
109.336	>>> V 0.00 0.00
109.337	S 114724 -21.45 25.14 0.00 0.00 TRACK
109.356	>>> V 0.00 0.00
109.356	S 114744 -21.45 25.14 0.00 0.00 TRACK
109.375	>>> V 0.00 0.00
109.376	S 114764 -21.45 25.14 0.00 0.00 TRACK
109.399	>>> V 0.00 0.00
109.402	S 114784 -21.45 25.14 0.00 0.00 TRACK
109.417	>>> V 0.00 0.00
109.418	S 114804 -21.45 25.14 0.00 0.00 TRACK
109.437	>>> V 0.00 0.00
109.437	S 114824 -21.45 25.14 0.00 0.00 TRACK
109.464	>>> V 0.00 0.00
109.465	S 114844 -21.45 25.14 0.00 0.00 TRACK
109.476	>>> V 0.00 0.00
109.478	S 114864 -21.45 25.14 0.00 0.00 TRACK
109.498	>>> V 0.00 0.00
109.499	S 114884 -21.45 25.14 0.00 0.00 TRACK
109.516	>>> V 0.00 0.00
109.516	S 114904 -21.45 25.05 0.00 0.00 TRACK
109.535	>>> V 0.00 0.00
109.535	S 114924 -21.45 25.14 0.00 0.00 TRACK
109.556	>>> V 0.00 0.00
109.556	S 114944 -21.45 25.14 0.00 0.00 TRACK
109.575	>>> V 0.00 0.00
109.575	S 114964 -21.45 25.14 0.00 0.00 TRACK
109.596	>>> V 0.00 0.00
109.597	S 114984 -21.45 25.14 0.00 0.00 TRACK
109.615	>>> V 0.00 0.00
109.617	S 115004 -21.45 25.14 0.00 0.00 TRACK
109.637	>>> V 0.00 0.00
109.638	S 115024 -21.45 25.14 0.00 0.00 TRACK
109.655	>>> V 0.00 0.00
109.656	S 115044 -21.45 25.14 0.00 0.00 TRACK
109.676	>>> V 0.00 0.00
109.676	S 115064 -21.45 25.14 0.00 0.00 TRACK
109.700	>>> V 0.00 0.00
109.701	S 115084 -21.45 25.14 0.00 0.00 TRACK
109.717	>>> V 0.00 0.00
109.718	S 115104 -21.45 25.14 0.00 0.00 TRACK
109.737	>>> V 0.00 0.00
109.737	S 115124 -21.45 25.14 0.00 0.00 TRACK
109.755	>>> V 0.00 0.00
109.756	S 115144 -21.45 25.14 0.00 0.00 TRACK
109.775	>>> V 0.00 0.00
109.776	S 115164 -21.45 25.14 0.00 0.00 TRACK
109.795	>>> V 0.00 0.00
109.796	S 115184 -21.45 25.14 0.00 0.00 TRACK
109.816	>>> V 0.00 0.00
109.816	S 115204 -21.45 25.14 0.00 0.00 TRACK
109.835	>>> V 0.00 0.00
109.836	S 115224 -21.45 25.14 0.00 0.00 TRACK
109.862	>>> V 0.00 0.00
109.863	S 115244 -21.45 25.14 0.00 0.00 TRACK
109.876	>>> V 0.00 0.00
109.878	S 115264 -21.45 25.14 0.00 0.00 TRACK
109.898	>>> V 0.00 0.00
109.898	S 115284 -21.45 25.14 0.00 0.00 TRACK
109.915	>>> V 0.00 0.00
109.916	S 115304 -21.45 25.14 0.00 0.00 TRACK
109.935	>>> V 0.00 0.00
109.937	S 115324 -21.45 25.14 0.00 0.00 TRACK
109.956	>>> V 0.00 0.00
109.957	S 115344 -21.45 25.14 0.00 0.00 TRACK
109.975	>>> V 0.00 0.00
109.976	S 115364 -21.45 25.14 0.00 0.00 TRACK
109.997	>>> V 0.00 0.00
109.997	S 115384 -21.45 25.14 0.00 0.00 TRACK
110.015	>>> V 0.00 0.00
110.016	S 115404 -21.45 25.14 0.00 0.00 TRACK
110.035	>>> V 0.00 0.00
110.035	S 115424 -21.45 25.14 0.00 0.00 TRACK
110.058	>>> V 0.00 0.00
110.059	S 115444 -21.45 25.14 0.00 0.00 TRACK
110.076	>>> V 0.00 0.00
110.077	S 115464 -21.45 25.14 0.00 0.00 TRACK
110.096	>>> V 0.00 0.00
110.096	S 115484 -21.45 25.14 0.00 0.00 TRACK
110.115	>>> V 0.00 0.00
110.117	S 115504 -21.45 25.14 0.00 0.00 TRACK
110.135	>>> V 0.00 0.00
110.136	S 115524 -21.45 25.14 0.00 0.00 TRACK
110.155	>>> V 0.00 0.00
110.156	S 115544 -21.45 25.14 0.00 0.00 TRACK
110.176	>>> V 0.00 0.00
110.176	S 115564 -21.45 25.14 0.00 0.00 TRACK
110.196	>>> V 0.00 0.00
110.196	S 115584 -21.45 25.14 0.00 0.00 TRACK
110.216	>>> V 0.00 0.00
110.217	S 115604 -21.45 25.14 0.00 0.00 TRACK
110.236	>>> V 0.00 0.00
110.237	S 115624 -21.45 25.14 0.00 0.00 TRACK
110.256	>>> V 0.00 0.00
110.256	S 115644 -21.45 25.14 0.00 0.00 TRACK
110.275	>>> V 0.00 0.00
110.275	S 115664 -21.45 25.14 0.00 0.00 TRACK
110.298	>>> V 0.00 0.00
110.298	S 115684 -21.45 25.14 0.00 0.00 TRACK
110.316	>>> V 0.00 0.00
110.316	S 115704 -21.45 25.14 0.00 0.00 TRACK
110.335	>>> V 0.00 0.00
110.335	S 115724 -21.45 25.14 0.00 0.00 TRACK
110.358	>>> V 0.00 0.00
110.359	S 115744 -21.45 25.14 0.00 0.00 TRACK
110.375	>>> V 0.00 0.00
110.376	S 115764 -21.45 25.14 0.00 0.00 TRACK
110.396	>>> V 0.00 0.00
110.397	S 115784 -21.45 25.14 0.00 0.00 TRACK
110.415	>>> V 0.00 0.00
110.416	S 115804 -21.45 25.14 0.00 0.00 TRACK
110.437	>>> V 0.00 0.00
110.438	S 115824 -21.45 25.14 0.00 0.00 TRACK
110.456	>>> V 0.00 0.00
110.457	S 115844 -21.45 25.14 0.00 0.00 TRACK
110.475	>>> V 0.00 0.00
110.476	S 115864 -21.45 25.14 0.00 0.00 TRACK
110.497	>>> V 0.00 0.00
110.498	S 115884 -21.45 25.14 0.00 0.00 TRACK
110.516	>>> V 0.00 0.00
110.517	S 115904 -21.45 25.14 0.00 0.00 TRACK
110.538	>>> V 0.00 0.00
110.539	S 115924 -21.45 25.22 0.00 0.00 TRACK
110.555	>>> V 0.00 0.00
110.556	S 115944 -21.45 25.14 0.00 0.00 TRACK
110.575	>>> V 0.00 0.00
110.575	S 115964 -21.45 25.14 0.00 0.00 TRACK
110.597	>>> V 0.00 0.00
110.598	S 115984 -21.45 25.14 0.00 0.00 TRACK
110.615	>>> V 0.00 0.00
110.615	S 116004 -21.45 25.14 0.00 0.00 TRACK
110.635	>>> V 0.00 0.00
110.636	S 116024 -21.45 25.14 0.00 0.00 TRACK
110.655	>>> V 0.00 0.00
110.656	S 116044 -21.45 25.14 0.00 0.00 TRACK
110.677	>>> V 0.00 0.00
110.678	S 116064 -21.45 25.14 0.00 0.00 TRACK
110.696	>>> V 0.00 0.00
110.697	S 116084 -21.45 25.14 0.00 0.00 TRACK
110.716	>>> V 0.00 0.00
110.716	S 116104 -21.45 25.14 0.00 0.00 TRACK
110.735	>>> V 0.00 0.00
110.735	S 116124 -21.45 25.14 0.00 0.00 TRACK
110.755	>>> V 0.00 0.00
110.756	S 116144 -21.45 25.14 0.00 0.00 TRACK
110.777	>>> V 0.00 0.00
110.778	S 116164 -21.45 25.14 0.00 0.00 TRACK
110.796	>>> V 0.00 0.00
110.796	S 116184 -21.45 25.14 0.00 0.00 TRACK
110.819	>>> V 0.00 0.00
110.819	S 116204 -21.45 25.14 0.00 0.00 TRACK
110.835	>>> V 0.00 0.00
110.836	S 116224 -21.45 25.05 0.00 0.00 TRACK
110.855	>>> V 0.00 0.00
110.856	S 116244 -21.45 25.05 0.00 0.00 TRACK
110.875	>>> V 0.00 0.00
110.877	S 116264 -21.45 25.14 0.00 0.00 TRACK
110.895	>>> V 0.00 0.00
110.896	S 116284 -21.45 25.14 0.00 0.00 TRACK
110.915	>>> V 0.00 0.00
110.916	S 116304 -21.45 25.05 0.00 0.00 TRACK
110.938	>>> V 0.00 0.00
110.938	S 116324 -21.45 25.14 0.00 0.00 TRACK
110.956	>>> V 0.00 0.00
110.956	S 116344 -21.45 25.14 0.00 0.00 TRACK
110.975	>>> V 0.00 0.00
110.975	S 116364 -21.45 25.14 0.00 0.00 TRACK
110.996	>>> V 0.00 0.00
110.997	S 116384 -21.45 25.14 0.00 0.00 TRACK
111.015	>>> V 0.00 0.00
111.015	S 116404 -21.45 25.14 0.00 0.00 TRACK
111.038	>>> V 0.00 0.00
111.039	S 116424 -21.45 25.14 0.00 0.00 TRACK
111.056	>>> V 0.00 0.00
111.056	S 116444 -21.45 25.14 0.00 0.00 TRACK
111.077	>>> V 0.00 0.00
111.077	S 116464 -21.45 25.14 0.00 0.00 TRACK
111.096	>>> V 0.00 0.00
111.098	S 116484 -21.45 25.14 0.00 0.00 TRACK
111.115	>>> V 0.00 0.00
111.115	S 116504 -21.45 25.14 0.00 0.00 TRACK
111.137	>>> V 0.00 0.00
111.138	S 116524 -21.45 25.14 0.00 0.00 TRACK
111.156	>>> V 0.00 0.00
111.157	S 116544 -21.45 25.14 0.00 0.00 TRACK
111.176	>>> V 0.00 0.00
111.176	S 116564 -21.45 25.14 0.00 0.00 TRACK
111.197	>>> V 0.00 0.00
111.197	S 116584 -21.45 25.14 0.00 0.00 TRACK
111.215	>>> V 0.00 0.00
111.215	S 116604 -21.36 25.14 0.00 0.00 TRACK
111.236	>>> V 0.00 0.00
111.237	S 116624 -21.45 25.14 0.00 0.00 TRACK
111.257	>>> V 0.00 0.00
111.257	S 116644 -21.45 25.14 0.00 0.00 TRACK
111.275	>>> V 0.00 0.00
111.276	S 116664 -21.45 25.14 0.00 0.00 TRACK
111.298	>>> V 0.00 0.00
111.298	S 116684 -21.45 25.14 0.00 0.00 TRACK
111.315	>>> V 0.00 0.00
111.315	S 116704 -21.45 25.14 0.00 0.00 TRACK
111.339	>>> V 0.00 0.00
111.339	S 116724 -21.45 25.14 0.00 0.00 TRACK
111.355	>>> V 0.00 0.00
111.356	S 116744 -21.45 25.14 0.00 0.00 TRACK
111.376	>>> V 0.00 0.00
111.376	S 116764 -21.45 25.14 0.00 0.00 TRACK
111.400	>>> V 0.00 0.00
111.400	S 116784 -21.45 25.14 0.00 0.00 TRACK
111.416	>>> V 0.00 0.00
111.417	S 116804 -21.36 25.14 0.00 0.00 TRACK
111.436	>>> V 0.00 0.00
111.436	S 116824 -21.45 25.14 0.00 0.00 TRACK
111.462	>>> V 0.00 0.00
111.463	S 116844 -21.45 25.14 0.00 0.00 TRACK
111.475	>>> V 0.00 0.00
111.476	S 116864 -21.45 25.14 0.00 0.00 TRACK
111.497	>>> V 0.00 0.00
111.498	S 116884 -21.45 25.14 0.00 0.00 TRACK
111.516	>>> V 0.00 0.00
111.517	S 116904 -21.45 25.14 0.00 0.00 TRACK
111.535	>>> V 0.00 0.00
111.535	S 116924 -21.45 25.14 0.00 0.00 TRACK
111.556	>>> V 0.00 0.00
111.557	S 116944 -21.45 25.14 0.00 0.00 TRACK
111.575	>>> V 0.00 0.00
111.577	S 116964 -21.45 25.14 0.00 0.00 TRACK
111.596	>>> V 0.00 0.00
111.598	S 116984 -21.45 25.14 0.00 0.00 TRACK
111.615	>>> V 0.00 0.00
111.617	S 117004 -21.36 25.05 0.00 0.00 TRACK
111.635	>>> V 0.00 0.00
111.636	S 117024 -21.45 25.14 0.00 0.00 TRACK
111.655	>>> V 0.00 0.00
111.657	S 117044 -21.45 25.14 0.00 0.00 TRACK
111.675	>>> V 0.00 0.00
111.676	S 117064 -21.45 25.14 0.00 0.00 TRACK
111.699	>>> V 0.00 0.00
111.699	S 117084 -21.45 25.14 0.00 0.00 TRACK
111.716	>>> V 0.00 0.00
111.716	S 117104 -21.45 25.14 0.00 0.00 TRACK
111.736	>>> V 0.00 0.00
111.737	S 117124 -21.45 25.22 0.00 0.00 TRACK
111.756	>>> V 0.00 0.00
111.756	S 117144 -21.45 25.14 0.00 0.00 TRACK
111.776	>>> V 0.00 0.00
111.777	S 117164 -21.45 25.14 0.00 0.00 TRACK
111.797	>>> V 0.00 0.00
111.798	S 117184 -21.45 25.14 0.00 0.00 TRACK
111.815	>>> V 0.00 0.00
111.816	S 117204 -21.45 25.14 0.00 0.00 TRACK
111.835	>>> V 0.00 0.00
111.835	S 117224 -21.45 25.14 0.00 0.00 TRACK
111.862	>>> V 0.00 0.00
111.863	S 117244 -21.45 25.14 0.00 0.00 TRACK
111.875	>>> V 0.00 0.00
111.876	S 117264 -21.45 25.14 0.00 0.00 TRACK
111.899	>>> V 0.00 0.00
111.899	S 117284 -21.45 25.14 0.00 0.00 TRACK
111.915	>>> V 0.00 0.00
111.915	S 117304 -21.45 25.14 0.00 0.00 TRACK
111.936	>>> V 0.00 0.00
111.937	S 117324 -21.45 25.14 0.00 0.00 TRACK
111.958	>>> V 0.00 0.00
111.962	S 117344 -21.45 25.05 0.00 0.00 TRACK
111.975	>>> V 0.00 0.00
111.976	S 117364 -21.45 25.14 0.00 0.00 TRACK
111.999	>>> V 0.00 0.00
112.000	S 117384 -21.45 25.14 0.00 0.00 TRACK
112.017	>>> V 0.00 0.00
112.018	S 117404 -21.45 25.14 0.00 0.00 TRACK
112.036	>>> V 0.00 0.00
112.036	S 117424 -21.45 25.14 0.00 0.00 TRACK
112.064	>>> V 0.00 0.00
112.065	S 117444 -21.45 25.14 0.00 0.00 TRACK
112.075	>>> V 0.00 0.00
112.077	S 117464 -21.45 25.14 0.00 0.00 TRACK
112.096	>>> V 0.00 0.00
112.097	S 117484 -21.45 25.14 0.00 0.00 TRACK
112.116	>>> V 0.00 0.00
112.116	S 117504 -21.45 25.14 0.00 0.00 TRACK
112.137	>>> V 0.00 0.00
112.137	S 117524 -21.45 25.14 0.00 0.00 TRACK
112.156	>>> V 0.00 0.00
112.156	S 117544 -21.45 25.14 0.00 0.00 TRACK
112.177	>>> V 0.00 0.00
112.177	S 117564 -21.45 25.14 0.00 0.00 TRACK
112.196	>>> V 0.00 0.00
112.196	S 117584 -21.45 25.22 0.00 0.00 TRACK
112.215	>>> V 0.00 0.00
112.215	S 117604 -21.45 25.14 0.00 0.00 TRACK
112.239	>>> V 0.00 0.00
112.240	S 117624 -21.45 25.14 0.00 0.00 TRACK
112.258	>>> V 0.00 0.00
112.259	S 117644 -21.45 25.14 0.00 0.00 TRACK
112.276	>>> V 0.00 0.00
112.277	S 117664 -21.45 25.14 0.00 0.00 TRACK
112.296	>>> V 0.00 0.00
112.297	S 117684 -21.45 25.05 0.00 0.00 TRACK
112.315	>>> V 0.00 0.00
112.316	S 117704 -21.45 25.14 0.00 0.00 TRACK
112.338	>>> V 0.00 0.00
112.339	S 117724 -21.45 25.14 0.00 0.00 TRACK
112.355	>>> V 0.00 0.00
112.357	S 117744 -21.45 25.14 0.00 0.00 TRACK
112.376	>>> V 0.00 0.00
112.377	S 117764 -21.45 25.14 0.00 0.00 TRACK
112.396	>>> V 0.00 0.00
112.397	S 117784 -21.45 25.05 0.00 0.00 TRACK
112.416	>>> V 0.00 0.00
112.417	S 117804 -21.45 25.14 0.00 0.00 TRACK
112.435	>>> V 0.00 0.00
112.435	S 117824 -21.45 25.14 0.00 0.00 TRACK
112.456	>>> V 0.00 0.00
112.456	S 117844 -21.45 25.14 0.00 0.00 TRACK
112.475	>>> V 0.00 0.00
112.476	S 117864 -21.45 25.14 0.00 0.00 TRACK
112.495	>>> V 0.00 0.00
112.496	S 117884 -21.45 25.14 0.00 0.00 TRACK
112.516	>>> V 0.00 0.00
112.517	S 117904 -21.45 25.14 0.00 0.00 TRACK
112.536	>>> V 0.00 0.00
112.536	S 117924 -21.45 25.14 0.00 0.00 TRACK
112.556	>>> V 0.00 0.00
112.557	S 117944 -21.45 25.14 0.00 0.00 TRACK
112.576	>>> V 0.00 0.00
112.577	S 117964 -21.45 25.14 0.00 0.00 TRACK
112.596	>>> V 0.00 0.00
112.598	S 117984 -21.45 25.14 0.00 0.00 TRACK
112.616	>>> V 0.00 0.00
112.616	S 118004 -21.45 25.14 0.00 0.00 TRACK
112.636	>>> V 0.00 0.00
112.638	S 118024 -21.45 25.14 0.00 0.00 TRACK
112.658	>>> V 0.00 0.00
112.658	S 118044 -21.45 25.14 0.00 0.00 TRACK
112.676	>>> V 0.00 0.00
112.677	S 118064 -21.45 25.14 0.00 0.00 TRACK
112.695	>>> V 0.00 0.00
112.697	S 118084 -21.45 25.14 0.00 0.00 TRACK
112.715	>>> V 0.00 0.00
112.716	S 118104 -21.45 25.14 0.00 0.00 TRACK
112.736	>>> V 0.00 0.00
112.736	S 118124 -21.45 25.14 0.00 0.00 TRACK
112.756	>>> V 0.00 0.00
112.756	S 118144 -21.45 25.14 0.00 0.00 TRACK
112.778	>>> V 0.00 0.00
112.779	S 118164 -21.45 25.14 0.00 0.00 TRACK
112.796	>>> V 0.00 0.00
112.796	S 118184 -21.45 25.14 0.00 0.00 TRACK
112.815	>>> V 0.00 0.00
112.816	S 118204 -21.45 25.05 0.00 0.00 TRACK
112.835	>>> V 0.00 0.00
112.836	S 118224 -21.45 25.14 0.00 0.00 TRACK
112.857	>>> V 0.00 0.00
112.858	S 118244 -21.45 25.14 0.00 0.00 TRACK
112.875	>>> V 0.00 0.00
112.875	S 118264 -21.45 25.14 0.00 0.00 TRACK
112.897	>>> V 0.00 0.00
112.898	S 118284 -21.45 25.14 0.00 0.00 TRACK
112.916	>>> V 0.00 0.00
112.916	S 118304 -21.45 25.14 0.00 0.00 TRACK
112.938	>>> V 0.00 0.00
112.938	S 118324 -21.45 25.14 0.00 0.00 TRACK
112.955	>>> V 0.00 0.00
112.955	S 118344 -21.45 25.14 0.00 0.00 TRACK
112.976	>>> V 0.00 0.00
112.976	S 118364 -21.45 25.14 0.00 0.00 TRACK
112.995	>>> V 0.00 0.00
112.997	S 118384 -21.45 25.14 0.00 0.00 TRACK
113.015	>>> V 0.00 0.00
113.015	S 118404 -21.45 25.14 0.00 0.00 TRACK
113.037	>>> V 0.00 0.00
113.038	S 118424 -21.45 25.14 0.00 0.00 TRACK
113.056	>>> V 0.00 0.00
113.057	S 118444 -21.45 25.14 0.00 0.00 TRACK
113.075	>>> V 0.00 0.00
113.076	S 118464 -21.45 25.14 0.00 0.00 TRACK
113.095	>>> V 0.00 0.00
113.096	S 118484 -21.45 25.14 0.00 0.00 TRACK
113.115	>>> V 0.00 0.00
113.115	S 118504 -21.45 25.14 0.00 0.00 TRACK
113.136	>>> V 0.00 0.00
113.137	S 118524 -21.45 25.14 0.00 0.00 TRACK
113.155	>>> V 0.00 0.00
113.157	S 118544 -21.45 25.05 0.00 0.00 TRACK
113.175	>>> V 0.00 0.00
113.176	S 118564 -21.45 25.14 0.00 0.00 TRACK
113.198	>>> V 0.00 0.00
113.198	S 118584 -21.45 25.14 0.00 0.00 TRACK
113.216	>>> V 0.00 0.00
113.217	S 118604 -21.45 25.14 0.00 0.00 TRACK
113.236	>>> V 0.00 0.00
113.236	S 118624 -21.45 25.14 0.00 0.00 TRACK
113.256	>>> V 0.00 0.00
113.256	S 118644 -21.45 25.14 0.00 0.00 TRACK
113.275	>>> V 0.00 0.00
113.275	S 118664 -21.45 25.14 0.00 0.00 TRACK
113.298	>>> V 0.00 0.00
113.299	S 118684 -21.45 25.14 0.00 0.00 TRACK
113.315	>>> V 0.00 0.00
113.317	S 118704 -21.45 25.14 0.00 0.00 TRACK
113.335	>>> V 0.00 0.00
113.337	S 118724 -21.45 25.14 0.00 0.00 TRACK
113.356	>>> V 0.00 0.00
113.358	S 118744 -21.45 25.14 0.00 0.00 TRACK
113.375	>>> V 0.00 0.00
113.376	S 118764 -21.45 25.14 0.00 0.00 TRACK
113.399	>>> V 0.00 0.00
113.399	S 118784 -21.45 25.14 0.00 0.00 TRACK
113.415	>>> V 0.00 0.00
113.416	S 118804 -21.45 25.14 0.00 0.00 TRACK
113.436	>>> V 0.00 0.00
113.436	S 118824 -21.45 25.14 0.00 0.00 TRACK
113.455	>>> V 0.00 0.00
113.456	S 118844 -21.45 25.14 0.00 0.00 TRACK
113.476	>>> V 0.00 0.00
113.477	S 118864 -21.45 25.14 0.00 0.00 TRACK
113.497	>>> V 0.00 0.00
113.498	S 118884 -21.45 25.14 0.00 0.00 TRACK
113.515	>>> V 0.00 0.00
113.516	S 118904 -21.45 25.14 0.00 0.00 TRACK
113.537	>>> V 0.00 0.00
113.537	S 118924 -21.45 25.22 0.00 0.00 TRACK
113.560	>>> V 0.00 0.00
113.563	S 118944 -21.45 25.14 0.00 0.00 TRACK
113.576	>>> V 0.00 0.00
113.576	S 118964 -21.45 25.14 0.00 0.00 TRACK
113.596	>>> V 0.00 0.00
113.598	S 118984 -21.45 25.14 0.00 0.00 TRACK
113.616	>>> V 0.00 0.00
113.616	S 119004 -21.45 25.14 0.00 0.00 TRACK
113.637	>>> V 0.00 0.00
113.639	S 119024 -21.45 25.14 0.00 0.00 TRACK
113.655	>>> V 0.00 0.00
113.655	S 119044 -21.45 25.14 0.00 0.00 TRACK
113.675	>>> V 0.00 0.00
113.676	S 119064 -21.45 25.14 0.00 0.00 TRACK
113.696	>>> V 0.00 0.00
113.696	S 119084 -21.45 25.14 0.00 0.00 TRACK
113.715	>>> V 0.00 0.00
113.715	S 119104 -21.45 25.05 0.00 0.00 TRACK
113.736	>>> V 0.00 0.00
113.738	S 119124 -21.45 25.14 0.00 0.00 TRACK
113.756	>>> V 0.00 0.00
113.757	S 119144 -21.45 25.14 0.00 0.00 TRACK
113.776	>>> V 0.00 0.00
113.777	S 119164 -21.45 25.14 0.00 0.00 TRACK
113.797	>>> V 0.00 0.00
113.797	S 119184 -21.45 25.14 0.00 0.00 TRACK
113.816	>>> V 0.00 0.00
113.817	S 119204 -21.45 25.14 0.00 0.00 TRACK
113.835	>>> V 0.00 0.00
113.835	S 119224 -21.45 25.14 0.00 0.00 TRACK
113.855	>>> V 0.00 0.00
113.855	S 119244 -21.45 25.14 0.00 0.00 TRACK
113.876	>>> V 0.00 0.00
113.876	S 119264 -21.45 25.14 0.00 0.00 TRACK
113.895	>>> V 0.00 0.00
113.895	S 119284 -21.45 25.14 0.00 0.00 TRACK
113.916	>>> V 0.00 0.00
113.917	S 119304 -21.45 25.14 0.00 0.00 TRACK
113.936	>>> V 0.00 0.00
113.936	S 119324 -21.45 25.14 0.00 0.00 TRACK
113.957	>>> V 0.00 0.00
113.957	S 119344 -21.45 25.14 0.00 0.00 TRACK
113.976	>>> V 0.00 0.00
113.977	S 119364 -21.45 25.14 0.00 0.00 TRACK
113.996	>>> V 0.00 0.00
113.997	S 119384 -21.45 25.14 0.00 0.00 TRACK
114.015	>>> V 0.00 0.00
114.016	S 119404 -21.45 25.14 0.00 0.00 TRACK
114.037	>>> V 0.00 0.00
114.037	S 119424 -21.45 25.14 0.00 0.00 TRACK
114.055	>>> V 0.00 0.00
114.056	S 119444 -21.45 25.14 0.00 0.00 TRACK
114.075	>>> V 0.00 0.00
114.076	S 119464 -21.45 25.14 0.00 0.00 TRACK
114.096	>>> V 0.00 0.00
114.099	S 119484 -21.45 25.14 0.00 0.00 TRACK
114.116	>>> V 0.00 0.00
114.116	S 119504 -21.45 25.14 0.00 0.00 TRACK
114.135	>>> V 0.00 0.00
114.136	S 119524 -21.45 25.14 0.00 0.00 TRACK
114.156	>>> V 0.00 0.00
114.156	S 119544 -21.45 25.14 0.00 0.00 TRACK
114.175	>>> V 0.00 0.00
114.175	S 119564 -21.45 25.14 0.00 0.00 TRACK
114.198	>>> V 0.00 0.00
114.200	S 119584 -21.45 25.14 0.00 0.00 TRACK
114.216	>>> V 0.00 0.00
114.218	S 119604 -21.45 25.14 0.00 0.00 TRACK
114.235	>>> V 0.00 0.00
114.238	S 119624 -21.45 25.14 0.00 0.00 TRACK
114.256	>>> V 0.00 0.00
114.256	S 119644 -21.45 25.14 0.00 0.00 TRACK
114.275	>>> V 0.00 0.00
114.276	S 119664 -21.45 25.14 0.00 0.00 TRACK
114.297	>>> V 0.00 0.00
114.298	S 119684 -21.45 25.14 0.00 0.00 TRACK
114.315	>>> V 0.00 0.00
114.317	S 119704 -21.45 25.14 0.00 0.00 TRACK
114.336	>>> V 0.00 0.00
114.336	S 119724 -21.45 25.05 0.00 0.00 TRACK
114.356	>>> V 0.00 0.00
114.356	S 119744 -21.45 25.14 0.00 0.00 TRACK
114.375	>>> V 0.00 0.00
114.375	S 119764 -21.45 25.14 0.00 0.00 TRACK
114.397	>>> V 0.00 0.00
114.398	S 119784 -21.45 25.14 0.00 0.00 TRACK
114.416	>>> V 0.00 0.00
114.416	S 119804 -21.45 25.14 0.00 0.00 TRACK
114.438	>>> V 0.00 0.00
114.438	S 119824 -21.45 25.14 0.00 0.00 TRACK
114.455	>>> V 0.00 0.00
114.456	S 119844 -21.45 25.14 0.00 0.00 TRACK
114.476	>>> V 0.00 0.00
114.477	S 119864 -21.45 25.14 0.00 0.00 TRACK
114.497	>>> V 0.00 0.00
114.499	S 119884 -21.45 25.14 0.00 0.00 TRACK
114.516	>>> V 0.00 0.00
114.517	S 119904 -21.45 25.14 0.00 0.00 TRACK
114.536	>>> V 0.00 0.00
114.538	S 119924 -21.45 25.14 0.00 0.00 TRACK
114.558	>>> V 0.00 0.00
114.558	S 119944 -21.45 25.14 0.00 0.00 TRACK
114.577	>>> V 0.00 0.00
114.578	S 119964 -21.45 25.14 0.00 0.00 TRACK
114.597	>>> V 0.00 0.00
114.598	S 119984 -21.45 25.14 0.00 0.00 TRACK
114.616	>>> V 0.00 0.00
114.617	S 120004 -21.45 25.14 0.00 0.00 TRACK
114.638	>>> V 0.00 0.00
114.639	S 120024 -21.45 25.14 0.00 0.00 TRACK
114.656	>>> V 0.00 0.00
114.657	S 120044 -21.45 25.14 0.00 0.00 TRACK
114.676	>>> V 0.00 0.00
114.677	S 120064 -21.45 25.14 0.00 0.00 TRACK
114.696	>>> V 0.00 0.00
114.697	S 120084 -21.45 25.14 0.00 0.00 TRACK
114.715	>>> V 0.00 0.00
114.715	S 120104 -21.45 25.14 0.00 0.00 TRACK
114.736	>>> V 0.00 0.00
114.736	S 120124 -21.45 25.14 0.00 0.00 TRACK
114.755	>>> V 0.00 0.00
114.755	S 120144 -21.45 25.14 0.00 0.00 TRACK
114.776	>>> V 0.00 0.00
114.776	S 120164 -21.45 25.14 0.00 0.00 TRACK
114.795	>>> V 0.00 0.00
114.795	S 120184 -21.45 25.14 0.00 0.00 TRACK
114.815	>>> V 0.00 0.00
114.816	S 120204 -21.45 25.14 0.00 0.00 TRACK
114.837	>>> V 0.00 0.00
114.837	S 120224 -21.45 25.14 0.00 0.00 TRACK
114.855	>>> V 0.00 0.00
114.856	S 120244 -21.45 25.14 0.00 0.00 TRACK
114.875	>>> V 0.00 0.00
114.877	S 120264 -21.45 25.14 0.00 0.00 TRACK
114.895	>>> V 0.00 0.00
114.896	S 120284 -21.45 25.05 0.00 0.00 TRACK
114.916	>>> V 0.00 0.00
114.916	S 120304 -21.45 25.14 0.00 0.00 TRACK
114.936	>>> V 0.00 0.00
114.937	S 120324 -21.45 25.14 0.00 0.00 TRACK
114.955	>>> V 0.00 0.00
114.956	S 120344 -21.45 25.14 0.00 0.00 TRACK
114.977	>>> V 0.00 0.00
114.978	S 120364 -21.45 25.05 0.00 0.00 TRACK
114.995	>>> V 0.00 0.00
114.996	S 120384 -21.45 25.14 0.00 0.00 TRACK
115.016	>>> V 0.00 0.00
115.016	S 120404 -21.45 25.14 0.00 0.00 TRACK
115.037	>>> V 0.00 0.00
115.037	S 120424 -21.45 25.14 0.00 0.00 TRACK
115.055	>>> V 0.00 0.00
115.056	S 120444 -21.45 25.14 0.00 0.00 TRACK
115.076	>>> V 0.00 0.00
115.077	S 120464 -21.45 25.14 0.00 0.00 TRACK
115.095	>>> V 0.00 0.00
115.096	S 120484 -21.45 25.14 0.00 0.00 TRACK
115.115	>>> V 0.00 0.00
115.115	S 120504 -21.45 25.22 0.00 0.00 TRACK
115.137	>>> V 0.00 0.00
115.137	S 120524 -21.45 25.05 0.00 0.00 TRACK
115.155	>>> V 0.00 0.00
115.156	S 120544 -21.45 25.14 0.00 0.00 TRACK
115.176	>>> V 0.00 0.00
115.177	S 120564 -21.45 25.14 0.00 0.00 TRACK
115.199	>>> V 0.00 0.00
115.200	S 120584 -21.45 25.14 0.00 0.00 TRACK
115.216	>>> V 0.00 0.00
115.217	S 120604 -21.45 25.14 0.00 0.00 TRACK
115.236	>>> V 0.00 0.00
115.236	S 120624 -21.45 25.14 0.00 0.00 TRACK
115.257	>>> V 0.00 0.00
115.258	S 120644 -21.45 25.14 0.00 0.00 TRACK
115.275	>>> V 0.00 0.00
115.276	S 120664 -21.45 25.14 0.00 0.00 TRACK
115.300	>>> V 0.00 0.00
115.301	S 120684 -21.45 25.14 0.00 0.00 TRACK
115.315	>>> V 0.00 0.00
115.317	S 120704 -21.45 25.14 0.00 0.00 TRACK
115.335	>>> V 0.00 0.00
115.337	S 120724 -21.45 25.14 0.00 0.00 TRACK
115.356	>>> V 0.00 0.00
115.356	S 120744 -21.45 25.14 0.00 0.00 TRACK
115.375	>>> V 0.00 0.00
115.376	S 120764 -21.45 25.14 0.00 0.00 TRACK
115.395	>>> V 0.00 0.00
115.396	S 120784 -21.45 25.14 0.00 0.00 TRACK
115.415	>>> V 0.00 0.00
115.415	S 120804 -21.45 25.14 0.00 0.00 TRACK
115.435	>>> V 0.00 0.00
115.435	S 120824 -21.45 25.14 0.00 0.00 TRACK
115.457	>>> V 0.00 0.00
115.459	S 120844 -21.45 25.14 0.00 0.00 TRACK
115.475	>>> V 0.00 0.00
115.476	S 120864 -21.45 25.14 0.00 0.00 TRACK
115.498	>>> V 0.00 0.00
115.499	S 120884 -21.45 25.14 0.00 0.00 TRACK
115.516	>>> V 0.00 0.00
115.516	S 120904 -21.45 25.14 0.00 0.00 TRACK
115.535	>>> V 0.00 0.00
115.537	S 120924 -21.45 25.14 0.00 0.00 TRACK
115.556	>>> V 0.00 0.00
115.556	S 120944 -21.45 25.14 0.00 0.00 TRACK
115.576	>>> V 0.00 0.00
115.577	S 120964 -21.45 25.14 0.00 0.00 TRACK
115.599	>>> V 0.00 0.00
115.600	S 120984 -21.45 25.14 0.00 0.00 TRACK
115.615	>>> V 0.00 0.00
115.616	S 121004 -21.45 25.14 0.00 0.00 TRACK
115.638	>>> V 0.00 0.00
115.638	S 121024 -21.45 25.14 0.00 0.00 TRACK
115.656	>>> V 0.00 0.00
115.656	S 121044 -21.45 25.14 0.00 0.00 TRACK
115.676	>>> V 0.00 0.00
115.676	S 121064 -21.45 25.14 0.00 0.00 TRACK
115.697	>>> V 0.00 0.00
115.699	S 121084 -21.45 25.14 0.00 0.00 TRACK
115.716	>>> V 0.00 0.00
115.716	S 121104 -21.45 25.14 0.00 0.00 TRACK
115.735	>>> V 0.00 0.00
115.736	S 121124 -21.45 25.14 0.00 0.00 TRACK
115.755	>>> V 0.00 0.00
115.756	S 121144 -21.45 25.14 0.00 0.00 TRACK
115.775	>>> V 0.00 0.00
115.775	S 121164 -21.45 25.14 0.00 0.00 TRACK
115.797	>>> V 0.00 0.00
115.797	S 121184 -21.45 25.14 0.00 0.00 TRACK
115.816	>>> V 0.00 0.00
115.817	S 121204 -21.45 25.14 0.00 0.00 TRACK
115.837	>>> V 0.00 0.00
115.837	S 121224 -21.36 25.14 0.00 0.00 TRACK
115.855	>>> V 0.00 0.00
115.856	S 121244 -21.45 25.14 0.00 0.00 TRACK
115.875	>>> V 0.00 0.00
115.875	S 121264 -21.45 25.14 0.00 0.00 TRACK
115.897	>>> V 0.00 0.00
115.900	S 121284 -21.45 25.14 0.00 0.00 TRACK
115.917	>>> V 0.00 0.00
115.918	S 121304 -21.45 25.14 0.00 0.00 TRACK
115.935	>>> V 0.00 0.00
115.937	S 121324 -21.45 25.14 0.00 0.00 TRACK
115.955	>>> V 0.00 0.00
115.955	S 121344 -21.45 25.14 0.00 0.00 TRACK
115.975	>>> V 0.00 0.00
115.976	S 121364 -21.45 25.14 0.00 0.00 TRACK
115.996	>>> V 0.00 0.00
115.997	S 121384 -21.45 25.14 0.00 0.00 TRACK
116.016	>>> V 0.00 0.00
116.016	S 121404 -21.45 25.14 0.00 0.00 TRACK
116.038	>>> V 0.00 0.00
116.040	S 121424 -21.45 25.14 0.00 0.00 TRACK
116.057	>>> V 0.00 0.00
116.057	S 121444 -21.45 25.14 0.00 0.00 TRACK
116.076	>>> V 0.00 0.00
116.076	S 121464 -21.45 25.14 0.00 0.00 TRACK
116.096	>>> V 0.00 0.00
116.097	S 121484 -21.45 25.14 0.00 0.00 TRACK
116.116	>>> V 0.00 0.00
116.116	S 121504 -21.45 25.14 0.00 0.00 TRACK
116.140	>>> V 0.00 0.00
116.140	S 121524 -21.45 25.14 0.00 0.00 TRACK
116.158	>>> V 0.00 0.00
116.160	S 121544 -21.45 25.14 0.00 0.00 TRACK
116.175	>>> V 0.00 0.00
116.176	S 121564 -21.45 25.14 0.00 0.00 TRACK
116.196	>>> V 0.00 0.00
116.197	S 121584 -21.45 25.14 0.00 0.00 TRACK
116.216	>>> V 0.00 0.00
116.217	S 121604 -21.45 25.14 0.00 0.00 TRACK
116.236	>>> V 0.00 0.00
116.237	S 121624 -21.45 25.14 0.00 0.00 TRACK
116.255	>>> V 0.00 0.00
116.256	S 121644 -21.45 25.14 0.00 0.00 TRACK
116.275	>>> V 0.00 0.00
116.275	S 121664 -21.45 25.14 0.00 0.00 TRACK
116.298	>>> V 0.00 0.00
116.301	S 121684 -21.45 25.14 0.00 0.00 TRACK
116.316	>>> V 0.00 0.00
116.317	S 121704 -21.45 25.14 0.00 0.00 TRACK
116.338	>>> V 0.00 0.00
116.339	S 121724 -21.45 25.14 0.00 0.00 TRACK
116.355	>>> V 0.00 0.00
116.356	S 121744 -21.45 25.14 0.00 0.00 TRACK
116.375	>>> V 0.00 0.00
116.375	S 121764 -21.45 25.14 0.00 0.00 TRACK
116.395	>>> V 0.00 0.00
116.399	S 121784 -21.45 25.14 0.00 0.00 TRACK
116.415	>>> V 0.00 0.00
116.415	S 121804 -21.45 25.14 0.00 0.00 TRACK
116.440	>>> V 0.00 0.00
116.441	S 121824 -21.45 25.14 0.00 0.00 TRACK
116.456	>>> V 0.00 0.00
116.457	S 121844 -21.45 25.14 0.00 0.00 TRACK
116.476	>>> V 0.00 0.00
116.477	S 121864 -21.45 25.14 0.00 0.00 TRACK
116.500	>>> V 0.00 0.00
116.501	S 121884 -21.45 25.14 0.00 0.00 TRACK
116.516	>>> V 0.00 0.00
116.517	S 121904 -21.45 25.14 0.00 0.00 TRACK
116.537	>>> V 0.00 0.00
116.537	S 121924 -21.45 25.14 0.00 0.00 TRACK
116.556	>>> V 0.00 0.00
116.556	S 121944 -21.45 25.14 0.00 0.00 TRACK
116.575	>>> V 0.00 0.00
116.576	S 121964 -21.45 25.14 0.00 0.00 TRACK
116.599	>>> V 0.00 0.00
116.599	S 121984 -21.45 25.14 0.00 0.00 TRACK
116.615	>>> V 0.00 0.00
116.616	S 122004 -21.45 25.14 0.00 0.00 TRACK
116.637	>>> V 0.00 0.00
116.637	S 122024 -21.45 25.05 0.00 0.00 TRACK
116.655	>>> V 0.00 0.00
116.657	S 122044 -21.45 25.14 0.00 0.00 TRACK
116.675	>>> V 0.00 0.00
116.675	S 122064 -21.45 25.14 0.00 0.00 TRACK
116.696	>>> V 0.00 0.00
116.696	S 122084 -21.45 25.14 0.00 0.00 TRACK
116.715	>>> V 0.00 0.00
116.715	S 122104 -21.45 25.14 0.00 0.00 TRACK
116.736	>>> V 0.00 0.00
116.736	S 122124 -21.45 25.14 0.00 0.00 TRACK
116.755	>>> V 0.00 0.00
116.755	S 122144 -21.45 25.14 0.00 0.00 TRACK
116.776	>>> V 0.00 0.00
116.777	S 122164 -21.45 25.14 0.00 0.00 TRACK
116.796	>>> V 0.00 0.00
116.796	S 122184 -21.45 25.14 0.00 0.00 TRACK
116.815	>>> V 0.00 0.00
116.816	S 122204 -21.45 25.14 0.00 0.00 TRACK
116.836	>>> V 0.00 0.00
116.837	S 122225 -21.45 25.05 0.00 0.00 TRACK
116.855	>>> V 0.00 0.00
116.855	S 122244 -21.45 25.14 0.00 0.00 TRACK
116.876	>>> V 0.00 0.00
116.895	>>> V 0.00 0.00
116.896	S 122265 -21.45 25.14 0.00 0.00 TRACK
116.897	S 122285 -21.45 25.05 0.00 0.00 TRACK
116.918	>>> V 0.00 0.00
116.918	S 122305 -21.45 25.14 0.00 0.00 TRACK
116.935	>>> V 0.00 0.00
116.936	S 122325 -21.45 25.14 0.00 0.00 TRACK
116.955	>>> V 0.00 0.00
116.955	S 122345 -21.45 25.14 0.00 0.00 TRACK
116.976	>>> V 0.00 0.00
116.977	S 122365 -21.45 25.14 0.00 0.00 TRACK
116.996	>>> V 0.00 0.00
116.996	S 122385 -21.45 25.14 0.00 0.00 TRACK
117.018	>>> V 0.00 0.00
117.019	S 122405 -21.45 25.05 0.00 0.00 TRACK
117.036	>>> V 0.00 0.00
117.036	S 122425 -21.45 25.14 0.00 0.00 TRACK
117.056	>>> V 0.00 0.00
117.056	S 122445 -21.45 25.14 0.00 0.00 TRACK
117.075	>>> V 0.00 0.00
117.075	S 122465 -21.45 25.14 0.00 0.00 TRACK
117.096	>>> V 0.00 0.00
117.096	S 122485 -21.45 25.14 0.00 0.00 TRACK
117.116	>>> V 0.00 0.00
117.117	S 122505 -21.45 25.14 0.00 0.00 TRACK
117.135	>>> V 0.00 0.00
117.136	S 122525 -21.45 25.14 0.00 0.00 TRACK
117.157	>>> V 0.00 0.00
117.157	S 122545 -21.45 25.14 0.00 0.00 TRACK
117.178	>>> V 0.00 0.00
117.179	S 122565 -21.45 25.14 0.00 0.00 TRACK
117.195	>>> V 0.00 0.00
117.196	S 122585 -21.45 25.14 0.00 0.00 TRACK
117.217	>>> V 0.00 0.00
117.218	S 122605 -21.45 25.14 0.00 0.00 TRACK
117.235	>>> V 0.00 0.00
117.237	S 122625 -21.45 25.14 0.00 0.00 TRACK
117.255	>>> V 0.00 0.00
117.256	S 122645 -21.45 25.14 0.00 0.00 TRACK
117.277	>>> V 0.00 0.00
117.278	S 122665 -21.45 25.14 0.00 0.00 TRACK
117.297	>>> V 0.00 0.00
117.299	S 122685 -21.45 25.14 0.00 0.00 TRACK
117.315	>>> V 0.00 0.00
117.316	S 122705 -21.45 25.14 0.00 0.00 TRACK
117.337	>>> V 0.00 0.00
117.337	S 122725 -21.45 25.14 0.00 0.00 TRACK
117.356	>>> V 0.00 0.00
117.358	S 122745 -21.45 25.14 0.00 0.00 TRACK
117.376	>>> V 0.00 0.00
117.376	S 122765 -21.45 25.14 0.00 0.00 TRACK
117.395	>>> V 0.00 0.00
117.401	S 122785 -21.45 25.14 0.00 0.00 TRACK
117.416	>>> V 0.00 0.00
117.416	S 122805 -21.45 25.14 0.00 0.00 TRACK
117.435	>>> V 0.00 0.00
117.438	S 122825 -21.45 25.14 0.00 0.00 TRACK
117.455	>>> V 0.00 0.00
117.455	S 122845 -21.45 25.05 0.00 0.00 TRACK
117.476	>>> V 0.00 0.00
117.478	S 122865 -21.45 25.14 0.00 0.00 TRACK
117.495	>>> V 0.00 0.00
117.496	S 122885 -21.45 25.14 0.00 0.00 TRACK
117.516	>>> V 0.00 0.00
117.517	S 122905 -21.45 25.14 0.00 0.00 TRACK
117.537	>>> V 0.00 0.00
117.537	S 122925 -21.45 25.14 0.00 0.00 TRACK
117.555	>>> V 0.00 0.00
117.555	S 122945 -21.45 25.05 0.00 0.00 TRACK
117.578	>>> V 0.00 0.00
117.579	S 122965 -21.45 25.14 0.00 0.00 TRACK
117.596	>>> V 0.00 0.00
117.596	S 122985 -21.45 25.14 0.00 0.00 TRACK
117.616	>>> V 0.00 0.00
117.616	S 123005 -21.45 25.14 0.00 0.00 TRACK
117.635	>>> V 0.00 0.00
117.636	S 123025 -21.45 25.14 0.00 0.00 TRACK
117.655	>>> V 0.00 0.00
117.656	S 123045 -21.45 25.14 0.00 0.00 TRACK
117.677	>>> V 0.00 0.00
117.678	S 123065 -21.45 25.14 0.00 0.00 TRACK
117.695	>>> V 0.00 0.00
117.695	S 123085 -21.45 25.14 0.00 0.00 TRACK
117.717	>>> V 0.00 0.00
117.718	S 123105 -21.45 25.14 0.00 0.00 TRACK
117.735	>>> V 0.00 0.00
117.736	S 123125 -21.45 25.14 0.00 0.00 TRACK
117.756	>>> V 0.00 0.00
117.756	S 123145 -21.45 25.14 0.00 0.00 TRACK
117.775	>>> V 0.00 0.00
117.775	S 123165 -21.45 25.14 0.00 0.00 TRACK
117.795	>>> V 0.00 0.00
117.796	S 123185 -21.45 25.14 0.00 0.00 TRACK
117.816	>>> V 0.00 0.00
117.816	S 123205 -21.45 25.14 0.00 0.00 TRACK
117.835	>>> V 0.00 0.00
117.836	S 123225 -21.45 25.14 0.00 0.00 TRACK
117.857	>>> V 0.00 0.00
117.857	S 123245 -21.45 25.14 0.00 0.00 TRACK
117.875	>>> V 0.00 0.00
117.875	S 123265 -21.45 25.14 0.00 0.00 TRACK
117.897	>>> V 0.00 0.00
117.898	S 123285 -21.45 25.14 0.00 0.00 TRACK
117.915	>>> V 0.00 0.00
117.916	S 123305 -21.45 25.14 0.00 0.00 TRACK
117.936	>>> V 0.00 0.00
117.955	>>> V 0.00 0.00
117.956	S 123325 -21.45 25.14 0.00 0.00 TRACK
117.958	S 123345 -21.45 25.14 0.00 0.00 TRACK
117.975	>>> V 0.00 0.00
117.976	S 123365 -21.45 25.14 0.00 0.00 TRACK
117.996	>>> V 0.00 0.00
117.996	S 123385 -21.45 25.14 0.00 0.00 TRACK
118.015	>>> V 0.00 0.00
118.015	S 123405 -21.45 25.14 0.00 0.00 TRACK
118.036	>>> V 0.00 0.00
118.037	S 123425 -21.45 25.14 0.00 0.00 TRACK
118.056	>>> V 0.00 0.00
118.058	S 123445 -21.45 25.14 0.00 0.00 TRACK
118.076	>>> V 0.00 0.00
118.076	S 123465 -21.45 25.14 0.00 0.00 TRACK
118.097	>>> V 0.00 0.00
118.098	S 123485 -21.45 25.14 0.00 0.00 TRACK
118.115	>>> V 0.00 0.00
118.117	S 123505 -21.45 25.14 0.00 0.00 TRACK
118.138	>>> V 0.00 0.00
118.138	S 123525 -21.45 25.14 0.00 0.00 TRACK
118.155	>>> V 0.00 0.00
118.157	S 123545 -21.45 25.14 0.00 0.00 TRACK
118.175	>>> V 0.00 0.00
118.176	S 123565 -21.45 25.14 0.00 0.00 TRACK
118.197	>>> V 0.00 0.00
118.198	S 123585 -21.45 25.14 0.00 0.00 TRACK
118.216	>>> V 0.00 0.00
118.216	S 123605 -21.45 25.14 0.00 0.00 TRACK
118.236	>>> V 0.00 0.00
118.237	S 123625 -21.45 25.14 0.00 0.00 TRACK
118.256	>>> V 0.00 0.00
118.256	S 123645 -21.45 25.14 0.00 0.00 TRACK
118.278	>>> V 0.00 0.00
118.278	S 123665 -21.45 25.05 0.00 0.00 TRACK
118.295	>>> V 0.00 0.00
118.297	S 123685 -21.45 25.14 0.00 0.00 TRACK
118.315	>>> V 0.00 0.00
118.316	S 123705 -21.45 25.14 0.00 0.00 TRACK
118.336	>>> V 0.00 0.00
118.336	S 123725 -21.45 25.14 0.00 0.00 TRACK
118.355	>>> V 0.00 0.00
118.356	S 123745 -21.45 25.14 0.00 0.00 TRACK
118.375	>>> V 0.00 0.00
118.375	S 123765 -21.45 25.14 0.00 0.00 TRACK
118.396	>>> V 0.00 0.00
118.397	S 123785 -21.45 25.14 0.00 0.00 TRACK
118.416	>>> V 0.00 0.00
118.416	S 123805 -21.45 25.14 0.00 0.00 TRACK
118.437	>>> V 0.00 0.00
118.438	S 123825 -21.45 25.14 0.00 0.00 TRACK
118.455	>>> V 0.00 0.00
118.456	S 123845 -21.45 25.14 0.00 0.00 TRACK
118.475	>>> V 0.00 0.00
118.475	S 123865 -21.45 25.14 0.00 0.00 TRACK
118.496	>>> V 0.00 0.00
118.497	S 123885 -21.45 25.14 0.00 0.00 TRACK
118.515	>>> V 0.00 0.00
118.516	S 123905 -21.45 25.14 0.00 0.00 TRACK
118.537	>>> V 0.00 0.00
118.538	S 123925 -21.45 25.14 0.00 0.00 TRACK
118.555	>>> V 0.00 0.00
118.556	S 123945 -21.45 25.14 0.00 0.00 TRACK
118.575	>>> V 0.00 0.00
118.576	S 123965 -21.45 25.14 0.00 0.00 TRACK
118.595	>>> V 0.00 0.00
118.596	S 123985 -21.45 25.14 0.00 0.00 TRACK
118.616	>>> V 0.00 0.00
118.617	S 124005 -21.45 25.14 0.00 0.00 TRACK
118.637	>>> V 0.00 0.00
118.637	S 124025 -21.45 25.14 0.00 0.00 TRACK
118.655	>>> V 0.00 0.00
118.657	S 124045 -21.45 25.14 0.00 0.00 TRACK
118.675	>>> V 0.00 0.00
118.675	S 124065 -21.45 25.14 0.00 0.00 TRACK
118.696	>>> V 0.00 0.00
118.696	S 124085 -21.36 25.14 0.00 0.00 TRACK
118.715	>>> V 0.00 0.00
118.736	>>> V 0.00 0.00
118.737	S 124105 -21.45 25.05 0.00 0.00 TRACK
118.740	S 124125 -21.45 25.14 0.00 0.00 TRACK
118.755	>>> V 0.00 0.00
118.756	S 124145 -21.45 25.14 0.00 0.00 TRACK
118.775	>>> V 0.00 0.00
118.776	S 124165 -21.45 25.05 0.00 0.00 TRACK
118.797	>>> V 0.00 0.00
118.797	S 124185 -21.45 25.14 0.00 0.00 TRACK
118.815	>>> V 0.00 0.00
118.817	S 124205 -21.45 25.14 0.00 0.00 TRACK
118.836	>>> V 0.00 0.00
118.837	S 124225 -21.45 25.14 0.00 0.00 TRACK
118.856	>>> V 0.00 0.00
118.857	S 124245 -21.45 25.14 0.00 0.00 TRACK
118.875	>>> V 0.00 0.00
118.875	S 124265 -21.45 25.14 0.00 0.00 TRACK
118.896	>>> V 0.00 0.00
118.899	S 124285 -21.45 25.05 0.00 0.00 TRACK
118.916	>>> V 0.00 0.00
118.916	S 124305 -21.45 25.05 0.00 0.00 TRACK
118.939	>>> V 0.00 0.00
118.939	S 124325 -21.45 25.14 0.00 0.00 TRACK
118.955	>>> V 0.00 0.00
118.975	>>> V 0.00 0.00
118.976	S 124345 -21.45 25.14 0.00 0.00 TRACK
118.995	>>> V 0.00 0.00
118.997	S 124365 -21.45 25.14 0.00 0.00 TRACK
119.001	S 124385 -21.45 25.14 0.00 0.00 TRACK
119.015	>>> V 0.00 0.00
119.015	S 124405 -21.45 25.14 0.00 0.00 TRACK
119.037	>>> V 0.00 0.00
119.038	S 124425 -21.45 25.14 0.00 0.00 TRACK
119.056	>>> V 0.00 0.00
119.056	S 124445 -21.45 25.05 0.00 0.00 TRACK
119.077	>>> V 0.00 0.00
119.078	S 124465 -21.45 25.22 0.00 0.00 TRACK
119.096	>>> V 0.00 0.00
119.097	S 124485 -21.45 25.05 0.00 0.00 TRACK
119.116	>>> V 0.00 0.00
119.117	S 124505 -21.45 25.14 0.00 0.00 TRACK
119.136	>>> V 0.00 0.00
119.137	S 124525 -21.45 25.14 0.00 0.00 TRACK
119.156	>>> V 0.00 0.00
119.156	S 124545 -21.45 25.14 0.00 0.00 TRACK
119.175	>>> V 0.00 0.00
119.197	>>> V 0.00 0.00
119.198	S 124565 -21.45 25.14 0.00 0.00 TRACK
119.203	S 124585 -21.45 25.14 0.00 0.00 TRACK
119.216	>>> V 0.00 0.00
119.217	S 124605 -21.45 25.14 0.00 0.00 TRACK
119.238	>>> V 0.00 0.00
119.239	S 124625 -21.45 25.14 0.00 0.00 TRACK
119.255	>>> V 0.00 0.00
119.256	S 124645 -21.45 25.14 0.00 0.00 TRACK
119.275	>>> V 0.00 0.00
119.276	S 124665 -21.45 25.14 0.00 0.00 TRACK
119.303	>>> V 0.00 0.00
119.303	S 124685 -21.45 25.14 0.00 0.00 TRACK
119.317	>>> V 0.00 0.00
119.318	S 124705 -21.45 25.14 0.00 0.00 TRACK
119.338	>>> V 0.00 0.00
119.339	S 124725 -21.45 25.14 0.00 0.00 TRACK
119.355	>>> V 0.00 0.00
119.356	S 124745 -21.45 25.14 0.00 0.00 TRACK
119.375	>>> V 0.00 0.00
119.397	>>> V 0.00 0.00
119.397	S 124765 -21.45 25.14 0.00 0.00 TRACK
119.400	S 124785 -21.45 25.14 0.00 0.00 TRACK
119.415	>>> V 0.00 0.00
119.416	S 124805 -21.45 25.14 0.00 0.00 TRACK
119.436	>>> V 0.00 0.00
119.437	S 124825 -21.45 25.14 0.00 0.00 TRACK
119.455	>>> V 0.00 0.00
119.477	>>> V 0.00 0.00
119.477	S 124845 -21.45 25.14 0.00 0.00 TRACK
119.480	S 124865 -21.45 25.14 0.00 0.00 TRACK
119.496	>>> V 0.00 0.00
119.498	S 124885 -21.45 25.14 0.00 0.00 TRACK
119.515	>>> V 0.00 0.00
119.516	S 124905 -21.45 25.14 0.00 0.00 TRACK
119.536	>>> V 0.00 0.00
119.536	S 124925 -21.45 25.14 0.00 0.00 TRACK
119.555	>>> V 0.00 0.00
119.556	S 124945 -21.45 25.14 0.00 0.00 TRACK
119.576	>>> V 0.00 0.00
119.578	S 124965 -21.45 25.14 0.00 0.00 TRACK
119.596	>>> V 0.00 0.00
119.597	S 124985 -21.45 25.14 0.00 0.00 TRACK
119.615	>>> V 0.00 0.00
119.637	>>> V 0.00 0.00
119.637	S 125005 -21.45 25.14 0.00 0.00 TRACK
119.642	S 125025 -21.45 25.14 0.00 0.00 TRACK
119.655	>>> V 0.00 0.00
119.657	S 125045 -21.45 25.14 0.00 0.00 TRACK
119.678	>>> V 0.00 0.00
119.678	S 125065 -21.45 25.14 0.00 0.00 TRACK
119.695	>>> V 0.00 0.00
119.696	S 125085 -21.45 25.14 0.00 0.00 TRACK
119.715	>>> V 0.00 0.00
119.737	>>> V 0.00 0.00
119.738	S 125105 -21.45 25.14 0.00 0.00 TRACK
119.739	S 125125 -21.45 25.05 0.00 0.00 TRACK
119.755	>>> V 0.00 0.00
119.757	S 125145 -21.45 25.14 0.00 0.00 TRACK
119.777	>>> V 0.00 0.00
119.777	S 125165 -21.45 25.14 0.00 0.00 TRACK
119.795	>>> V 0.00 0.00
119.797	S 125185 -21.45 25.14 0.00 0.00 TRACK
119.815	>>> V 0.00 0.00
119.837	>>> V 0.00 0.00
119.837	S 125205 -21.45 25.14 0.00 0.00 TRACK
119.841	S 125225 -21.45 25.14 0.00 0.00 TRACK
119.855	>>> V 0.00 0.00
119.856	S 125245 -21.45 25.14 0.00 0.00 TRACK
119.875	>>> V 0.00 0.00
119.876	S 125265 -21.45 25.14 0.00 0.00 TRACK
119.897	>>> V 0.00 0.00
119.897	S 125285 -21.45 25.14 0.00 0.00 TRACK
119.915	>>> V 0.00 0.00
119.917	S 125305 -21.45 25.14 0.00 0.00 TRACK
119.937	>>> V 0.00 0.00
119.937	S 125325 -21.45 25.14 0.00 0.00 TRACK
119.955	>>> V 0.00 0.00
119.957	S 125345 -21.45 25.14 0.00 0.00 TRACK
119.975	>>> V 0.00 0.00
119.998	>>> V 0.00 0.00
119.999	S 125365 -21.45 25.14 0.00 0.00 TRACK
120.004	S 125385 -21.45 25.14 0.00 0.00 TRACK
120.015	>>> V 0.00 0.00
120.016	S 125405 -21.45 25.14 0.00 0.00 TRACK
120.037	>>> V 0.00 0.00
120.037	S 125425 -21.45 25.14 0.00 0.00 TRACK
120.055	>>> V 0.00 0.00
120.056	S 125445 -21.45 25.14 0.00 0.00 TRACK
120.075	>>> V 0.00 0.00
120.076	S 125465 -21.45 25.14 0.00 0.00 TRACK
120.097	>>> V 0.00 0.00
120.098	S 125485 -21.45 25.14 0.00 0.00 TRACK
120.115	>>> V 0.00 0.00
120.118	S 125505 -21.45 25.14 0.00 0.00 TRACK
120.136	>>> V 0.00 0.00
120.137	S 125525 -21.45 25.14 0.00 0.00 TRACK
120.155	>>> V 0.00 0.00
120.156	S 125545 -21.45 25.14 0.00 0.00 TRACK
120.175	>>> V 0.00 0.00
120.196	>>> V 0.00 0.00
120.196	S 125565 -21.45 25.14 0.00 0.00 TRACK
120.199	S 125585 -21.45 25.14 0.00 0.00 TRACK
120.216	>>> V 0.00 0.00
120.216	S 125605 -21.45 25.14 0.00 0.00 TRACK
120.237	>>> V 0.00 0.00
120.237	S 125625 -21.45 25.14 0.00 0.00 TRACK
120.256	>>> V 0.00 0.00
120.256	S 125645 -21.45 25.14 0.00 0.00 TRACK
120.275	>>> V 0.00 0.00
120.302	>>> V 0.00 0.00
120.303	S 125665 -21.45 25.14 0.00 0.00 TRACK
120.305	S 125685 -21.45 25.14 0.00 0.00 TRACK
120.316	>>> V 0.00 0.00
120.317	S 125705 -21.45 25.14 0.00 0.00 TRACK
120.339	>>> V 0.00 0.00
120.339	S 125725 -21.45 25.14 0.00 0.00 TRACK
120.356	>>> V 0.00 0.00
120.356	S 125745 -21.45 25.05 0.00 0.00 TRACK
120.375	>>> V 0.00 0.00
120.397	>>> V 0.00 0.00
120.398	S 125765 -21.45 25.05 0.00 0.00 TRACK
120.403	S 125785 -21.45 25.14 0.00 0.00 TRACK
120.415	>>> V 0.00 0.00
120.417	S 125805 -21.45 25.14 0.00 0.00 TRACK
120.438	>>> V 0.00 0.00
120.438	S 125825 -21.45 25.14 0.00 0.00 TRACK
120.455	>>> V 0.00 0.00
120.456	S 125845 -21.45 25.14 0.00 0.00 TRACK
120.475	>>> V 0.00 0.00
120.497	>>> V 0.00 0.00
120.498	S 125865 -21.45 25.14 0.00 0.00 TRACK
120.502	S 125885 -21.45 25.14 0.00 0.00 TRACK
120.515	>>> V 0.00 0.00
120.517	S 125905 -21.45 25.14 0.00 0.00 TRACK
120.537	>>> V 0.00 0.00
120.538	S 125925 -21.45 25.14 0.00 0.00 TRACK
120.555	>>> V 0.00 0.00
120.556	S 125945 -21.45 25.14 0.00 0.00 TRACK
120.576	>>> V 0.00 0.00
120.576	S 125965 -21.45 25.14 0.00 0.00 TRACK
120.595	>>> V 0.00 0.00
120.596	S 125985 -21.45 25.14 0.00 0.00 TRACK
120.616	>>> V 0.00 0.00
120.616	S 126005 -21.45 25.05 0.00 0.00 TRACK
120.637	>>> V 0.00 0.00
120.638	S 126025 -21.45 25.14 0.00 0.00 TRACK
120.655	>>> V 0.00 0.00
120.656	S 126045 -21.45 25.14 0.00 0.00 TRACK
120.675	>>> V 0.00 0.00
120.696	>>> V 0.00 0.00
120.696	S 126065 -21.45 25.14 0.00 0.00 TRACK
120.698	S 126085 -21.45 25.14 0.00 0.00 TRACK
120.716	>>> V 0.00 0.00
120.717	S 126105 -21.45 25.14 0.00 0.00 TRACK
120.737	>>> V 0.00 0.00
120.738	S 126125 -21.45 25.14 0.00 0.00 TRACK
120.755	>>> V 0.00 0.00
120.756	S 126145 -21.45 25.05 0.00 0.00 TRACK
120.775	>>> V 0.00 0.00
120.776	S 126165 -21.45 25.14 0.00 0.00 TRACK
120.796	>>> V 0.00 0.00
120.797	S 126185 -21.45 25.14 0.00 0.00 TRACK
120.815	>>> V 0.00 0.00
120.817	S 126205 -21.45 25.14 0.00 0.00 TRACK
120.837	>>> V 0.00 0.00
120.837	S 126225 -21.45 25.14 0.00 0.00 TRACK
120.855	>>> V 0.00 0.00
120.875	>>> V 0.00 0.00
120.876	S 126245 -21.45 25.14 0.00 0.00 TRACK
120.898	>>> V 0.00 0.00
120.898	S 126265 -21.45 25.14 0.00 0.00 TRACK
120.904	S 126285 -21.45 25.14 0.00 0.00 TRACK
120.916	>>> V 0.00 0.00
120.917	S 126305 -21.45 25.14 0.00 0.00 TRACK
120.935	>>> V 0.00 0.00
120.936	S 126325 -21.45 25.14 0.00 0.00 TRACK
120.955	>>> V 0.00 0.00
120.975	>>> V 0.00 0.00
120.975	S 126345 -21.45 25.22 0.00 0.00 TRACK
120.996	>>> V 0.00 0.00
120.996	S 126365 -21.45 25.14 0.00 0.00 TRACK
121.000	S 126385 -21.45 25.14 0.00 0.00 TRACK
121.015	>>> V 0.00 0.00
121.036	>>> V 0.00 0.00
121.037	S 126405 -21.45 25.14 0.00 0.00 TRACK
121.039	S 126425 -21.45 25.14 0.00 0.00 TRACK
121.055	>>> V 0.00 0.00
121.075	>>> V 0.00 0.00
121.075	S 126445 -21.45 25.14 0.00 0.00 TRACK
121.098	>>> V 0.00 0.00
121.099	S 126465 -21.45 25.14 0.00 0.00 TRACK
121.102	S 126485 -21.45 25.14 0.00 0.00 TRACK
121.115	>>> V 0.00 0.00
121.116	S 126505 -21.45 25.05 0.00 0.00 TRACK
121.138	>>> V 0.00 0.00
121.138	S 126525 -21.45 25.14 0.00 0.00 TRACK
121.155	>>> V 0.00 0.00
121.156	S 126545 -21.45 25.14 0.00 0.00 TRACK
121.175	>>> V 0.00 0.00
121.195	>>> V 0.00 0.00
121.196	S 126565 -21.45 25.14 0.00 0.00 TRACK
121.201	S 126585 -21.45 25.22 0.00 0.00 TRACK
121.215	>>> V 0.00 0.00
121.236	>>> V 0.00 0.00
121.237	S 126605 -21.45 25.14 0.00 0.00 TRACK
121.241	S 126625 -21.45 25.14 0.00 0.00 TRACK
121.256	>>> V 0.00 0.00
121.256	S 126645 -21.45 25.14 0.00 0.00 TRACK
121.275	>>> V 0.00 0.00
121.296	>>> V 0.00 0.00
121.298	S 126665 -21.45 25.14 0.00 0.00 TRACK
121.303	S 126685 -21.45 25.14 0.00 0.00 TRACK
121.315	>>> V 0.00 0.00
121.316	S 126705 -21.45 25.14 0.00 0.00 TRACK
121.338	>>> V 0.00 0.00
121.339	S 126725 -21.45 25.14 0.00 0.00 TRACK
121.355	>>> V 0.00 0.00
121.376	>>> V 0.00 0.00
121.377	S 126745 -21.45 25.14 0.00 0.00 TRACK
121.378	S 126765 -21.45 25.14 0.00 0.00 TRACK
121.396	>>> V 0.00 0.00
121.397	S 126785 -21.45 25.14 0.00 0.00 TRACK
121.415	>>> V 0.00 0.00
121.416	S 126805 -21.45 25.14 0.00 0.00 TRACK
121.436	>>> V 0.00 0.00
121.437	S 126825 -21.45 25.14 0.00 0.00 TRACK
121.455	>>> V 0.00 0.00
121.457	S 126845 -21.45 25.14 0.00 0.00 TRACK
121.475	>>> V 0.00 0.00
121.496	>>> V 0.00 0.00
121.496	S 126865 -21.45 25.14 0.00 0.00 TRACK
121.498	S 126885 -21.45 25.14 0.00 0.00 TRACK
121.517	>>> V 0.00 0.00
121.517	S 126905 -21.45 25.14 0.00 0.00 TRACK
121.539	>>> V 0.00 0.00
121.539	S 126925 -21.45 25.14 0.00 0.00 TRACK
121.555	>>> V 0.00 0.00
121.557	S 126945 -21.45 25.14 0.00 0.00 TRACK
121.575	>>> V 0.00 0.00
121.595	>>> V 0.00 0.00
121.596	S 126965 -21.45 25.14 0.00 0.00 TRACK
121.600	S 126985 -21.45 25.14 0.00 0.00 TRACK
121.615	>>> V 0.00 0.00
121.635	>>> V 0.00 0.00
121.635	S 127005 -21.45 25.05 0.00 0.00 TRACK
121.655	>>> V 0.00 0.00
121.656	S 127025 -21.45 25.14 0.00 0.00 TRACK
121.657	S 127045 -21.45 25.14 0.00 0.00 TRACK
121.676	>>> V 0.00 0.00
121.676	S 127065 -21.45 25.14 0.00 0.00 TRACK
121.695	>>> V 0.00 0.00
121.697	S 127085 -21.45 25.14 0.00 0.00 TRACK
121.715	>>> V 0.00 0.00
121.738	>>> V 0.00 0.00
121.738	S 127105 -21.45 25.14 0.00 0.00 TRACK
121.740	S 127125 -21.45 25.14 0.00 0.00 TRACK
121.755	>>> V 0.00 0.00
121.756	S 127145 -21.45 25.14 0.00 0.00 TRACK
121.775	>>> V 0.00 0.00
121.804	>>> V 0.00 0.00
121.805	S 127165 -21.45 25.14 0.00 0.00 TRACK
121.806	S 127185 -21.45 25.14 0.00 0.00 TRACK
121.815	>>> V 0.00 0.00
121.838	>>> V 0.00 0.00
121.839	S 127205 -21.45 25.14 0.00 0.00 TRACK
121.840	S 127225 -21.45 25.14 0.00 0.00 TRACK
121.856	>>> V 0.00 0.00
121.856	S 127245 -21.45 25.14 0.00 0.00 TRACK
121.875	>>> V 0.00 0.00
121.896	>>> V 0.00 0.00
121.896	S 127265 -21.45 25.14 0.00 0.00 TRACK
121.899	S 127285 -21.45 25.14 0.00 0.00 TRACK
121.916	>>> V 0.00 0.00
121.917	S 127305 -21.45 25.14 0.00 0.00 TRACK
121.939	>>> V 0.00 0.00
121.939	S 127325 -21.45 25.14 0.00 0.00 TRACK
121.955	>>> V 0.00 0.00
121.975	>>> V 0.00 0.00
121.976	S 127345 -21.45 25.14 0.00 0.00 TRACK
121.998	>>> V 0.00 0.00
121.999	S 127365 -21.45 25.14 0.00 0.00 TRACK
122.005	S 127385 -21.45 25.14 0.00 0.00 TRACK
122.015	>>> V 0.00 0.00
122.036	>>> V 0.00 0.00
122.036	S 127405 -21.45 25.14 0.00 0.00 TRACK
122.056	>>> V 0.00 0.00
122.056	S 127425 -21.45 25.14 0.00 0.00 TRACK
122.076	>>> V 0.00 0.00
122.076	S 127445 -21.45 25.14 0.00 0.00 TRACK
122.096	>>> V 0.00 0.00
122.096	S 127465 -21.45 25.14 0.00 0.00 TRACK
122.100	S 127485 -21.45 25.14 0.00 0.00 TRACK
122.115	>>> V 0.00 0.00
122.136	>>> V 0.00 0.00
122.136	S 127505 -21.45 25.14 0.00 0.00 TRACK
122.156	>>> V 0.00 0.00
122.156	S 127525 -21.45 25.14 0.00 0.00 TRACK
122.176	>>> V 0.00 0.00
122.177	S 127545 -21.45 25.14 0.00 0.00 TRACK
122.179	S 127565 -21.45 25.14 0.00 0.00 TRACK
122.196	>>> V 0.00 0.00
122.197	S 127585 -21.45 25.14 0.00 0.00 TRACK
122.215	>>> V 0.00 0.00
122.235	>>> V 0.00 0.00
122.238	S 127605 -21.45 25.14 0.00 0.00 TRACK
122.239	S 127625 -21.45 25.14 0.00 0.00 TRACK
122.255	>>> V 0.00 0.00
122.275	>>> V 0.00 0.00
122.275	S 127645 -21.45 25.14 0.00 0.00 TRACK
122.295	>>> V 0.00 0.00
122.296	S 127665 -21.45 25.14 0.00 0.00 TRACK
122.315	>>> V 0.00 0.00
122.318	S 127685 -21.45 25.14 0.00 0.00 TRACK
122.319	S 127705 -21.45 25.14 0.00 0.00 TRACK
122.336	>>> V 0.00 0.00
122.337	S 127725 -21.45 25.14 0.00 0.00 TRACK
122.355	>>> V 0.00 0.00
122.377	>>> V 0.00 0.00
122.379	S 127745 -21.45 25.14 0.00 0.00 TRACK
122.380	S 127765 -21.45 25.05 0.00 0.00 TRACK
122.396	>>> V 0.00 0.00
122.396	S 127785 -21.45 25.14 0.00 0.00 TRACK
122.415	>>> V 0.00 0.00
122.437	>>> V 0.00 0.00
122.438	S 127805 -21.45 25.14 0.00 0.00 TRACK
122.442	S 127825 -21.45 25.14 0.00 0.00 TRACK
122.456	>>> V 0.00 0.00
122.456	S 127845 -21.45 25.14 0.00 0.00 TRACK
122.476	>>> V 0.00 0.00
122.477	S 127865 -21.45 25.14 0.00 0.00 TRACK
122.496	>>> V 0.00 0.00
122.496	S 127885 -21.45 25.14 0.00 0.00 TRACK
122.516	>>> V 0.00 0.00
122.517	S 127905 -21.45 25.14 0.00 0.00 TRACK
122.538	>>> V 0.00 0.00
122.539	S 127925 -21.45 25.14 0.00 0.00 TRACK
122.556	>>> V 0.00 0.00
122.559	S 127945 -21.45 25.14 0.00 0.00 TRACK
122.577	>>> V 0.00 0.00
122.577	S 127965 -21.45 25.14 0.00 0.00 TRACK
122.598	>>> V 0.00 0.00
122.604	S 127985 -21.45 25.14 0.00 0.00 TRACK
122.615	>>> V 0.00 0.00
122.617	S 128005 -21.45 25.14 0.00 0.00 TRACK
122.640	>>> V 0.00 0.00
122.640	S 128025 -21.45 25.14 0.00 0.00 TRACK
122.656	>>> V 0.00 0.00
122.657	S 128045 -21.45 25.14 0.00 0.00 TRACK
122.676	>>> V 0.00 0.00
122.677	S 128065 -21.45 25.14 0.00 0.00 TRACK
122.696	>>> V 0.00 0.00
122.696	S 128085 -21.45 25.14 0.00 0.00 TRACK
122.715	>>> V 0.00 0.00
122.736	>>> V 0.00 0.00
122.737	S 128105 -21.45 25.14 0.00 0.00 TRACK
122.741	S 128125 -21.45 25.14 0.00 0.00 TRACK
122.756	>>> V 0.00 0.00
122.756	S 128145 -21.45 25.14 0.00 0.00 TRACK
122.775	>>> V 0.00 0.00
122.795	>>> V 0.00 0.00
122.796	S 128165 -21.45 25.14 0.00 0.00 TRACK
122.815	>>> V 0.00 0.00
122.816	S 128185 -21.45 25.14 0.00 0.00 TRACK
122.836	>>> V 0.00 0.00
122.838	S 128205 -21.45 25.14 0.00 0.00 TRACK
122.840	S 128225 -21.45 25.14 0.00 0.00 TRACK
122.855	>>> V 0.00 0.00
122.875	>>> V 0.00 0.00
122.876	S 128245 -21.45 25.14 0.00 0.00 TRACK
122.896	>>> V 0.00 0.00
122.896	S 128265 -21.45 25.14 0.00 0.00 TRACK
122.915	>>> V 0.00 0.00
122.916	S 128285 -21.45 25.14 0.00 0.00 TRACK
122.937	>>> V 0.00 0.00
122.938	S 128305 -21.45 25.14 0.00 0.00 TRACK
122.941	S 128325 -21.45 25.14 0.00 0.00 TRACK
122.956	>>> V 0.00 0.00
122.956	S 128345 -21.45 25.22 0.00 0.00 TRACK
122.976	>>> V 0.00 0.00
122.976	S 128365 -21.45 25.14 0.00 0.00 TRACK
122.996	>>> V 0.00 0.00
122.996	S 128385 -21.45 25.14 0.00 0.00 TRACK
123.015	>>> V 0.00 0.00
123.035	>>> V 0.00 0.00
123.036	S 128405 -21.36 25.14 0.00 0.00 TRACK
123.055	>>> V 0.00 0.00
123.055	S 128425 -21.45 25.14 0.00 0.00 TRACK
123.075	>>> V 0.00 0.00
123.075	S 128445 -21.45 25.14 0.00 0.00 TRACK
123.096	>>> V 0.00 0.00
123.099	S 128465 -21.45 25.14 0.00 0.00 TRACK
123.102	S 128485 -21.45 25.14 0.00 0.00 TRACK
123.115	>>> V 0.00 0.00
123.137	>>> V 0.00 0.00
123.138	S 128505 -21.45 25.14 0.00 0.00 TRACK
123.141	S 128525 -21.45 25.14 0.00 0.00 TRACK
123.155	>>> V 0.00 0.00
123.156	S 128545 -21.45 25.14 0.00 0.00 TRACK
123.175	>>> V 0.00 0.00
123.195	>>> V 0.00 0.00
123.196	S 128565 -21.45 25.14 0.00 0.00 TRACK
123.215	>>> V 0.00 0.00
123.218	S 128585 -21.45 25.14 0.00 0.00 TRACK
123.219	S 128605 -21.45 25.14 0.00 0.00 TRACK
123.237	>>> V 0.00 0.00
123.238	S 128625 -21.45 25.14 0.00 0.00 TRACK
123.256	>>> V 0.00 0.00
123.256	S 128645 -21.45 25.14 0.00 0.00 TRACK
123.276	>>> V 0.00 0.00
123.276	S 128665 -21.45 25.14 0.00 0.00 TRACK
123.295	>>> V 0.00 0.00
123.316	>>> V 0.00 0.00
123.317	S 128685 -21.45 25.14 0.00 0.00 TRACK
123.335	>>> V 0.00 0.00
123.335	S 128705 -21.45 25.14 0.00 0.00 TRACK
123.355	>>> V 0.00 0.00
123.356	S 128725 -21.45 25.14 0.00 0.00 TRACK
123.375	>>> V 0.00 0.00
123.375	S 128745 -21.45 25.14 0.00 0.00 TRACK
123.396	>>> V 0.00 0.00
123.397	S 128765 -21.45 25.14 0.00 0.00 TRACK
123.399	S 128785 -21.45 25.14 0.00 0.00 TRACK
123.415	>>> V 0.00 0.00
123.436	>>> V 0.00 0.00
123.439	S 128805 -21.45 25.14 0.00 0.00 TRACK
123.442	S 128825 -21.45 25.14 0.00 0.00 TRACK
123.456	>>> V 0.00 0.00
123.456	S 128845 -21.45 25.14 0.00 0.00 TRACK
123.476	>>> V 0.00 0.00
123.477	S 128865 -21.45 25.14 0.00 0.00 TRACK
123.495	>>> V 0.00 0.00
123.515	>>> V 0.00 0.00
123.515	S 128885 -21.45 25.22 0.00 0.00 TRACK
123.537	>>> V 0.00 0.00
123.540	S 128905 -21.45 25.14 0.00 0.00 TRACK
123.543	S 128925 -21.45 25.14 0.00 0.00 TRACK
123.556	>>> V 0.00 0.00
123.556	S 128945 -21.45 25.14 0.00 0.00 TRACK
123.577	>>> V 0.00 0.00
123.577	S 128965 -21.45 25.22 0.00 0.00 TRACK
123.596	>>> V 0.00 0.00
123.597	S 128985 -21.45 25.14 0.00 0.00 TRACK
123.615	>>> V 0.00 0.00
123.635	>>> V 0.00 0.00
123.637	S 129005 -21.45 25.14 0.00 0.00 TRACK
123.640	S 129025 -21.45 25.14 0.00 0.00 TRACK
123.655	>>> V 0.00 0.00
123.677	>>> V 0.00 0.00
123.678	S 129045 -21.45 25.14 0.00 0.00 TRACK
123.681	S 129065 -21.45 25.14 0.00 0.00 TRACK
123.696	>>> V 0.00 0.00
123.696	S 129085 -21.45 25.14 0.00 0.00 TRACK
123.717	>>> V 0.00 0.00
123.719	S 129105 -21.45 25.14 0.00 0.00 TRACK
123.735	>>> V 0.00 0.00
123.755	>>> V 0.00 0.00
123.757	S 129125 -21.45 25.14 0.00 0.00 TRACK
123.758	S 129145 -21.45 25.14 0.00 0.00 TRACK
123.776	>>> V 0.00 0.00
123.777	S 129165 -21.45 25.14 0.00 0.00 TRACK
123.795	>>> V 0.00 0.00
123.817	>>> V 0.00 0.00
123.818	S 129185 -21.45 25.14 0.00 0.00 TRACK
123.819	S 129205 -21.45 25.14 0.00 0.00 TRACK
123.835	>>> V 0.00 0.00
123.855	>>> V 0.00 0.00
123.855	S 129225 -21.45 25.14 0.00 0.00 TRACK
123.877	>>> V 0.00 0.00
123.877	S 129245 -21.45 25.14 0.00 0.00 TRACK
123.882	S 129265 -21.45 25.14 0.00 0.00 TRACK
123.896	>>> V 0.00 0.00
123.917	>>> V 0.00 0.00
123.917	S 129285 -21.45 25.14 0.00 0.00 TRACK
123.919	S 129305 -21.45 25.14 0.00 0.00 TRACK
123.935	>>> V 0.00 0.00
123.955	>>> V 0.00 0.00
123.956	S 129325 -21.45 25.14 0.00 0.00 TRACK
123.977	>>> V 0.00 0.00
123.977	S 129345 -21.45 25.14 0.00 0.00 TRACK
123.980	S 129365 -21.45 25.14 0.00 0.00 TRACK
123.995	>>> V 0.00 0.00
123.997	S 129385 -21.45 25.14 0.00 0.00 TRACK
124.016	>>> V 0.00 0.00
124.017	S 129405 -21.45 25.14 0.00 0.00 TRACK
124.035	>>> V 0.00 0.00
124.055	>>> V 0.00 0.00
124.056	S 129425 -21.45 25.14 0.00 0.00 TRACK
124.076	>>> V 0.00 0.00
124.077	S 129445 -21.45 25.14 0.00 0.00 TRACK
124.080	S 129465 -21.45 25.14 0.00 0.00 TRACK
124.096	>>> V 0.00 0.00
124.097	S 129485 -21.45 25.14 0.00 0.00 TRACK
124.119	>>> V 0.00 0.00
124.119	S 129505 -21.45 25.14 0.00 0.00 TRACK
124.135	>>> V 0.00 0.00
124.155	>>> V 0.00 0.00
124.155	S 129525 -21.45 25.14 0.00 0.00 TRACK
124.176	>>> V 0.00 0.00
124.176	S 129545 -21.45 25.14 0.00 0.00 TRACK
124.179	S 129565 -21.45 25.14 0.00 0.00 TRACK
124.195	>>> V 0.00 0.00
124.217	>>> V 0.00 0.00
124.218	S 129585 -21.45 25.14 0.00 0.00 TRACK
124.221	S 129605 -21.45 25.14 0.00 0.00 TRACK
124.236	>>> V 0.00 0.00
124.255	>>> V 0.00 0.00
124.256	S 129625 -21.45 25.14 0.00 0.00 TRACK
124.275	>>> V 0.00 0.00
124.276	S 129645 -21.45 25.14 0.00 0.00 TRACK
124.295	>>> V 0.00 0.00
124.295	S 129665 -21.45 25.14 0.00 0.00 TRACK
124.316	>>> V 0.00 0.00
124.318	S 129685 -21.45 25.14 0.00 0.00 TRACK
124.321	S 129705 -21.45 25.22 0.00 0.00 TRACK
124.335	>>> V 0.00 0.00
124.357	>>> V 0.00 0.00
124.357	S 129725 -21.45 25.14 0.00 0.00 TRACK
124.358	S 129745 -21.45 25.14 0.00 0.00 TRACK
124.376	>>> V 0.00 0.00
124.395	>>> V 0.00 0.00
124.395	S 129766 -21.45 25.14 0.00 0.00 TRACK
124.416	>>> V 0.00 0.00
124.417	S 129786 -21.45 25.14 0.00 0.00 TRACK
124.421	S 129806 -21.45 25.14 0.00 0.00 TRACK
124.436	>>> V 0.00 0.00
124.455	>>> V 0.00 0.00
124.456	S 129826 -21.45 25.14 0.00 0.00 TRACK
124.476	>>> V 0.00 0.00
124.476	S 129846 -21.45 25.14 0.00 0.00 TRACK
124.480	S 129866 -21.45 25.14 0.00 0.00 TRACK
124.495	>>> V 0.00 0.00
124.517	>>> V 0.00 0.00
124.518	S 129886 -21.45 25.14 0.00 0.00 TRACK
124.521	S 129906 -21.45 25.14 0.00 0.00 TRACK
124.536	>>> V 0.00 0.00
124.555	>>> V 0.00 0.00
124.555	S 129926 -21.45 25.14 0.00 0.00 TRACK
124.576	>>> V 0.00 0.00
124.577	S 129946 -21.45 25.14 0.00 0.00 TRACK
124.581	S 129966 -21.45 25.14 0.00 0.00 TRACK
124.595	>>> V 0.00 0.00
124.617	>>> V 0.00 0.00
124.617	S 129986 -21.45 25.14 0.00 0.00 TRACK
124.619	S 130006 -21.45 25.14 0.00 0.00 TRACK
124.636	>>> V 0.00 0.00
124.639	S 130026 -21.45 25.14 0.00 0.00 TRACK
124.656	>>> V 0.00 0.00
124.676	>>> V 0.00 0.00
124.677	S 130046 -21.45 25.14 0.00 0.00 TRACK
124.681	S 130066 -21.45 25.14 0.00 0.00 TRACK
124.696	>>> V 0.00 0.00
124.696	S 130086 -21.45 25.14 0.00 0.00 TRACK
124.715	>>> V 0.00 0.00
124.716	S 130106 -21.45 25.14 0.00 0.00 TRACK
124.735	>>> V 0.00 0.00
124.737	S 130126 -21.45 25.14 0.00 0.00 TRACK
124.755	>>> V 0.00 0.00
124.777	>>> V 0.00 0.00
124.777	S 130146 -21.45 25.14 0.00 0.00 TRACK
124.780	S 130166 -21.45 25.14 0.00 0.00 TRACK
124.795	>>> V 0.00 0.00
124.796	S 130186 -21.45 25.14 0.00 0.00 TRACK
124.815	>>> V 0.00 0.00
124.836	>>> V 0.00 0.00
124.836	S 130206 -21.45 25.14 0.00 0.00 TRACK
124.855	>>> V 0.00 0.00
124.855	S 130226 -21.45 25.14 0.00 0.00 TRACK
124.875	>>> V 0.00 0.00
124.876	S 130246 -21.45 25.14 0.00 0.00 TRACK
124.896	>>> V 0.00 0.00
124.896	S 130266 -21.45 25.22 0.00 0.00 TRACK
124.900	S 130286 -21.45 25.14 0.00 0.00 TRACK
124.915	>>> V 0.00 0.00
124.936	>>> V 0.00 0.00
124.937	S 130306 -21.45 25.14 0.00 0.00 TRACK
124.942	S 130326 -21.45 25.14 0.00 0.00 TRACK
124.956	>>> V 0.00 0.00
124.957	S 130346 -21.45 25.14 0.00 0.00 TRACK
124.977	>>> V 0.00 0.00
124.977	S 130366 -21.45 25.14 0.00 0.00 TRACK
124.996	>>> V 0.00 0.00
124.996	S 130386 -21.45 25.14 0.00 0.00 TRACK
125.015	>>> V 0.00 0.00
125.035	>>> V 0.00 0.00
125.036	S 130406 -21.45 25.14 0.00 0.00 TRACK
125.055	>>> V 0.00 0.00
125.056	S 130426 -21.45 25.05 0.00 0.00 TRACK
125.075	>>> V 0.00 0.00
125.075	S 130446 -21.45 25.14 0.00 0.00 TRACK
125.096	>>> V 0.00 0.00
125.097	S 130466 -21.45 25.05 0.00 0.00 TRACK
125.115	>>> V 0.00 0.00
125.115	S 130486 -21.45 25.14 0.00 0.00 TRACK
125.137	>>> V 0.00 0.00
125.138	S 130506 -21.45 25.14 0.00 0.00 TRACK
125.142	S 130526 -21.45 25.14 0.00 0.00 TRACK
125.156	>>> V 0.00 0.00
125.157	S 130546 -21.45 25.14 0.00 0.00 TRACK
125.176	>>> V 0.00 0.00
125.177	S 130566 -21.45 25.14 0.00 0.00 TRACK
125.195	>>> V 0.00 0.00
125.197	S 130586 -21.45 25.05 0.00 0.00 TRACK
125.215	>>> V 0.00 0.00
125.237	>>> V 0.00 0.00
125.237	S 130606 -21.45 25.14 0.00 0.00 TRACK
125.239	S 130626 -21.45 25.14 0.00 0.00 TRACK
125.255	>>> V 0.00 0.00
125.275	>>> V 0.00 0.00
125.275	S 130646 -21.45 25.14 0.00 0.00 TRACK
125.298	>>> V 0.00 0.00
125.298	S 130666 -21.45 25.14 0.00 0.00 TRACK
125.306	S 130686 -21.45 25.14 0.00 0.00 TRACK
125.315	>>> V 0.00 0.00
125.338	>>> V 0.00 0.00
125.339	S 130706 -21.45 25.14 0.00 0.00 TRACK
125.342	S 130726 -21.45 25.14 0.00 0.00 TRACK
125.356	>>> V 0.00 0.00
125.357	S 130746 -21.45 25.14 0.00 0.00 TRACK
125.376	>>> V 0.00 0.00
125.377	S 130766 -21.45 25.14 0.00 0.00 TRACK
125.395	>>> V 0.00 0.00
125.415	>>> V 0.00 0.00
125.415	S 130786 -21.45 25.22 0.00 0.00 TRACK
125.437	>>> V 0.00 0.00
125.438	S 130806 -21.45 25.14 0.00 0.00 TRACK
125.442	S 130826 -21.45 25.14 0.00 0.00 TRACK
125.455	>>> V 0.00 0.00
125.478	>>> V 0.00 0.00
125.479	S 130846 -21.45 25.14 0.00 0.00 TRACK
125.481	S 130866 -21.45 25.14 0.00 0.00 TRACK
125.496	>>> V 0.00 0.00
125.497	S 130886 -21.45 25.22 0.00 0.00 TRACK
125.516	>>> V 0.00 0.00
125.536	>>> V 0.00 0.00
125.539	S 130906 -21.45 25.14 0.00 0.00 TRACK
125.546	S 130926 -21.45 25.14 0.00 0.00 TRACK
125.556	>>> V 0.00 0.00
125.579	>>> V 0.00 0.00
125.579	S 130946 -21.45 25.14 0.00 0.00 TRACK
125.580	S 130966 -21.45 25.14 0.00 0.00 TRACK
125.595	>>> V 0.00 0.00
125.615	>>> V 0.00 0.00
125.615	S 130986 -21.45 25.14 0.00 0.00 TRACK
125.636	>>> V 0.00 0.00
125.637	S 131006 -21.45 25.14 0.00 0.00 TRACK
125.643	S 131026 -21.45 25.14 0.00 0.00 TRACK
125.656	>>> V 0.00 0.00
125.676	>>> V 0.00 0.00
125.676	S 131046 -21.45 25.14 0.00 0.00 TRACK
125.695	>>> V 0.00 0.00
125.696	S 131066 -21.45 25.14 0.00 0.00 TRACK
125.715	>>> V 0.00 0.00
125.715	S 131086 -21.45 25.14 0.00 0.00 TRACK
125.736	>>> V 0.00 0.00
125.737	S 131106 -21.45 25.14 0.00 0.00 TRACK
125.740	S 131126 -21.45 25.14 0.00 0.00 TRACK
125.756	>>> V 0.00 0.00
125.757	S 131146 -21.45 25.14 0.00 0.00 TRACK
125.777	>>> V 0.00 0.00
125.778	S 131166 -21.45 25.14 0.00 0.00 TRACK
125.796	>>> V 0.00 0.00
125.797	S 131186 -21.45 25.14 0.00 0.00 TRACK
125.817	>>> V 0.00 0.00
125.818	S 131206 -21.45 25.14 0.00 0.00 TRACK
125.836	>>> V 0.00 0.00
125.837	S 131226 -21.45 25.14 0.00 0.00 TRACK
125.856	>>> V 0.00 0.00
125.876	>>> V 0.00 0.00
125.876	S 131246 -21.45 25.14 0.00 0.00 TRACK
125.895	>>> V 0.00 0.00
125.896	S 131266 -21.45 25.14 0.00 0.00 TRACK
125.915	>>> V 0.00 0.00
125.918	S 131286 -21.45 25.14 0.00 0.00 TRACK
125.923	S 131306 -21.45 25.14 0.00 0.00 TRACK
125.939	>>> V 0.00 0.00
125.940	S 131326 -21.45 25.05 0.00 0.00 TRACK
125.955	>>> V 0.00 0.00
125.977	>>> V 0.00 0.00
125.978	S 131346 -21.45 25.14 0.00 0.00 TRACK
125.979	S 131366 -21.45 25.05 0.00 0.00 TRACK
125.997	>>> V 0.00 0.00
125.997	S 131386 -21.45 25.14 0.00 0.00 TRACK
126.015	>>> V 0.00 0.00
126.039	>>> V 0.00 0.00
126.041	S 131406 -21.45 25.14 0.00 0.00 TRACK
126.042	S 131426 -21.45 25.14 0.00 0.00 TRACK
126.055	>>> V 0.00 0.00
126.076	>>> V 0.00 0.00
126.076	S 131446 -21.45 25.14 0.00 0.00 TRACK
126.098	>>> V 0.00 0.00
126.098	S 131466 -21.45 25.14 0.00 0.00 TRACK
126.107	S 131486 -21.45 25.14 0.00 0.00 TRACK
126.115	>>> V 0.00 0.00
126.140	>>> V 0.00 0.00
126.140	S 131506 -21.45 25.14 0.00 0.00 TRACK
126.142	S 131526 -21.45 25.14 0.00 0.00 TRACK
126.156	>>> V 0.00 0.00
126.176	>>> V 0.00 0.00
126.176	S 131546 -21.45 25.14 0.00 0.00 TRACK
126.196	>>> V 0.00 0.00
126.196	S 131566 -21.45 25.14 0.00 0.00 TRACK
126.215	>>> V 0.00 0.00
126.215	S 131586 -21.45 25.14 0.00 0.00 TRACK
126.236	>>> V 0.00 0.00
126.237	S 131606 -21.45 25.14 0.00 0.00 TRACK
126.238	S 131626 -21.45 25.14 0.00 0.00 TRACK
126.256	>>> V 0.00 0.00
126.256	S 131646 -21.45 25.14 0.00 0.00 TRACK
126.275	>>> V 0.00 0.00
126.296	>>> V 0.00 0.00
126.297	S 131666 -21.45 25.14 0.00 0.00 TRACK
126.301	S 131686 -21.45 25.14 0.00 0.00 TRACK
126.315	>>> V 0.00 0.00
126.338	>>> V 0.00 0.00
126.340	S 131706 -21.45 25.14 0.00 0.00 TRACK
126.342	S 131726 -21.45 25.14 0.00 0.00 TRACK
126.358	>>> V 0.00 0.00
126.359	S 131746 -21.45 25.14 0.00 0.00 TRACK
126.375	>>> V 0.00 0.00
126.395	>>> V 0.00 0.00
126.395	S 131766 -21.45 25.05 0.00 0.00 TRACK
126.415	>>> V 0.00 0.00
126.416	S 131786 -21.45 25.14 0.00 0.00 TRACK
126.438	>>> V 0.00 0.00
126.440	S 131806 -21.45 25.14 0.00 0.00 TRACK
126.442	S 131826 -21.45 25.14 0.00 0.00 TRACK
126.455	>>> V 0.00 0.00
126.458	S 131846 -21.45 25.14 0.00 0.00 TRACK
126.476	>>> V 0.00 0.00
126.477	S 131866 -21.45 25.14 0.00 0.00 TRACK
126.495	>>> V 0.00 0.00
126.497	S 131886 -21.45 25.14 0.00 0.00 TRACK
126.515	>>> V 0.00 0.00
126.535	>>> V 0.00 0.00
126.535	S 131906 -21.45 25.14 0.00 0.00 TRACK
126.555	>>> V 0.00 0.00
126.555	S 131926 -21.45 25.14 0.00 0.00 TRACK
126.575	>>> V 0.00 0.00
126.575	S 131946 -21.45 25.14 0.00 0.00 TRACK
126.596	>>> V 0.00 0.00
126.596	S 131966 -21.45 25.14 0.00 0.00 TRACK
126.615	>>> V 0.00 0.00
126.615	S 131986 -21.45 25.14 0.00 0.00 TRACK
126.641	>>> V 0.00 0.00
126.641	S 132006 -21.45 25.14 0.00 0.00 TRACK
126.643	S 132026 -21.45 25.14 0.00 0.00 TRACK
126.656	>>> V 0.00 0.00
126.658	S 132046 -21.45 25.14 0.00 0.00 TRACK
126.678	>>> V 0.00 0.00
126.678	S 132066 -21.45 25.14 0.00 0.00 TRACK
126.695	>>> V 0.00 0.00
126.715	>>> V 0.00 0.00
126.716	S 132086 -21.45 25.22 0.00 0.00 TRACK
126.736	>>> V 0.00 0.00
126.737	S 132106 -21.45 25.14 0.00 0.00 TRACK
126.741	S 132126 -21.45 25.14 0.00 0.00 TRACK
126.756	>>> V 0.00 0.00
126.757	S 132146 -21.45 25.14 0.00 0.00 TRACK
126.776	>>> V 0.00 0.00
126.795	>>> V 0.00 0.00
126.796	S 132166 -21.45 25.14 0.00 0.00 TRACK
126.815	>>> V 0.00 0.00
126.815	S 132186 -21.45 25.05 0.00 0.00 TRACK
126.835	>>> V 0.00 0.00
126.838	S 132206 -21.45 25.14 0.00 0.00 TRACK
126.840	S 132226 -21.45 25.14 0.00 0.00 TRACK
126.855	>>> V 0.00 0.00
126.857	S 132246 -21.45 25.14 0.00 0.00 TRACK
126.877	>>> V 0.00 0.00
126.878	S 132266 -21.45 25.14 0.00 0.00 TRACK
126.896	>>> V 0.00 0.00
126.915	>>> V 0.00 0.00
126.915	S 132286 -21.45 25.14 0.00 0.00 TRACK
126.935	>>> V 0.00 0.00
126.937	S 132306 -21.45 25.14 0.00 0.00 TRACK
126.943	S 132326 -21.45 25.14 0.00 0.00 TRACK
126.955	>>> V 0.00 0.00
126.977	>>> V 0.00 0.00
126.977	S 132346 -21.45 25.14 0.00 0.00 TRACK
126.979	S 132366 -21.45 25.14 0.00 0.00 TRACK
126.995	>>> V 0.00 0.00
127.015	>>> V 0.00 0.00
127.015	S 132386 -21.45 25.14 0.00 0.00 TRACK
127.036	>>> V 0.00 0.00
127.036	S 132406 -21.45 25.14 0.00 0.00 TRACK
127.055	>>> V 0.00 0.00
127.056	S 132426 -21.45 25.14 0.00 0.00 TRACK
127.076	>>> V 0.00 0.00
127.077	S 132446 -21.45 25.14 0.00 0.00 TRACK
127.080	S 132466 -21.45 25.14 0.00 0.00 TRACK
127.095	>>> V 0.00 0.00
127.115	>>> V 0.00 0.00
127.115	S 132486 -21.45 25.14 0.00 0.00 TRACK
127.136	>>> V 0.00 0.00
127.136	S 132506 -21.45 25.14 0.00 0.00 TRACK
127.155	>>> V 0.00 0.00
127.155	S 132526 -21.45 25.14 0.00 0.00 TRACK
127.176	>>> V 0.00 0.00
127.178	S 132546 -21.45 25.14 0.00 0.00 TRACK
127.181	S 132566 -21.45 25.14 0.00 0.00 TRACK
127.196	>>> V 0.00 0.00
127.197	S 132586 -21.45 25.14 0.00 0.00 TRACK
127.216	>>> V 0.00 0.00
127.217	S 132606 -21.45 25.14 0.00 0.00 TRACK
127.235	>>> V 0.00 0.00
127.256	>>> V 0.00 0.00
127.256	S 132626 -21.45 25.14 0.00 0.00 TRACK
127.275	>>> V 0.00 0.00
127.275	S 132646 -21.45 25.14 0.00 0.00 TRACK
127.295	>>> V 0.00 0.00
127.296	S 132666 -21.45 25.14 0.00 0.00 TRACK
127.315	>>> V 0.00 0.00
127.315	S 132686 -21.45 25.14 0.00 0.00 TRACK
127.336	>>> V 0.00 0.00
127.338	S 132706 -21.45 25.14 0.00 0.00 TRACK
127.340	S 132726 -21.45 25.14 0.00 0.00 TRACK
127.355	>>> V 0.00 0.00
127.378	>>> V 0.00 0.00
127.380	S 132746 -21.45 25.14 0.00 0.00 TRACK
127.381	S 132766 -21.45 25.14 0.00 0.00 TRACK
127.400	>>> V 0.00 0.00
127.402	S 132786 -21.45 25.14 0.00 0.00 TRACK
127.415	>>> V 0.00 0.00
127.436	>>> V 0.00 0.00
127.437	S 132806 -21.45 25.14 0.00 0.00 TRACK
127.455	>>> V 0.00 0.00
127.457	S 132826 -21.45 25.14 0.00 0.00 TRACK
127.476	>>> V 0.00 0.00
127.477	S 132846 -21.45 25.14 0.00 0.00 TRACK
127.479	S 132866 -21.45 25.14 0.00 0.00 TRACK
127.498	>>> V 0.00 0.00
127.498	S 132886 -21.45 25.14 0.00 0.00 TRACK
127.515	>>> V 0.00 0.00
127.535	>>> V 0.00 0.00
127.536	S 132906 -21.45 25.14 0.00 0.00 TRACK
127.556	>>> V 0.00 0.00
127.556	S 132926 -21.45 25.14 0.00 0.00 TRACK
127.577	>>> V 0.00 0.00
127.577	S 132946 -21.45 25.14 0.00 0.00 TRACK
127.578	S 132966 -21.45 25.14 0.00 0.00 TRACK
127.595	>>> V 0.00 0.00
127.615	>>> V 0.00 0.00
127.615	S 132986 -21.45 25.14 0.00 0.00 TRACK
127.636	>>> V 0.00 0.00
127.638	S 133006 -21.45 25.14 0.00 0.00 TRACK
127.641	S 133026 -21.45 25.14 0.00 0.00 TRACK
127.656	>>> V 0.00 0.00
127.675	>>> V 0.00 0.00
127.675	S 133046 -21.45 25.05 0.00 0.00 TRACK
127.695	>>> V 0.00 0.00
127.695	S 133066 -21.45 25.14 0.00 0.00 TRACK
127.715	>>> V 0.00 0.00
127.715	S 133086 -21.45 25.14 0.00 0.00 TRACK
127.737	>>> V 0.00 0.00
127.737	S 133106 -21.45 25.05 0.00 0.00 TRACK
127.742	S 133126 -21.45 25.14 0.00 0.00 TRACK
127.756	>>> V 0.00 0.00
127.775	>>> V 0.00 0.00
127.776	S 133146 -21.45 25.14 0.00 0.00 TRACK
127.795	>>> V 0.00 0.00
127.795	S 133166 -21.45 25.14 0.00 0.00 TRACK
127.815	>>> V 0.00 0.00
127.815	S 133186 -21.45 25.14 0.00 0.00 TRACK
127.837	>>> V 0.00 0.00
127.838	S 133206 -21.45 25.14 0.00 0.00 TRACK
127.842	S 133226 -21.45 25.14 0.00 0.00 TRACK
127.856	>>> V 0.00 0.00
127.875	>>> V 0.00 0.00
127.876	S 133246 -21.45 25.14 0.00 0.00 TRACK
127.895	>>> V 0.00 0.00
127.896	S 133266 -21.45 25.14 0.00 0.00 TRACK
127.915	>>> V 0.00 0.00
127.915	S 133286 -21.45 25.14 0.00 0.00 TRACK
127.937	>>> V 0.00 0.00
127.938	S 133306 -21.45 25.14 0.00 0.00 TRACK
127.941	S 133326 -21.45 25.14 0.00 0.00 TRACK
127.956	>>> V 0.00 0.00
127.976	>>> V 0.00 0.00
127.976	S 133346 -21.45 25.14 0.00 0.00 TRACK
127.995	>>> V 0.00 0.00
127.996	S 133366 -21.45 25.14 0.00 0.00 TRACK
128.016	>>> V 0.00 0.00
128.016	S 133386 -21.45 25.14 0.00 0.00 TRACK
128.037	>>> V 0.00 0.00
128.039	S 133406 -21.45 25.14 0.00 0.00 TRACK
128.042	S 133426 -21.45 25.14 0.00 0.00 TRACK
128.055	>>> V 0.00 0.00
128.057	S 133446 -21.45 25.14 0.00 0.00 TRACK
128.076	>>> V 0.00 0.00
128.077	S 133466 -21.45 25.14 0.00 0.00 TRACK
128.095	>>> V 0.00 0.00
128.115	>>> V 0.00 0.00
128.116	S 133486 -21.45 25.14 0.00 0.00 TRACK
128.137	>>> V 0.00 0.00
128.137	S 133506 -21.45 25.14 0.00 0.00 TRACK
128.143	S 133526 -21.45 25.14 0.00 0.00 TRACK
128.156	>>> V 0.00 0.00
128.177	>>> V 0.00 0.00
128.178	S 133546 -21.45 25.05 0.00 0.00 TRACK
128.179	S 133566 -21.45 25.14 0.00 0.00 TRACK
128.195	>>> V 0.00 0.00
128.197	S 133586 -21.45 25.05 0.00 0.00 TRACK
128.215	>>> V 0.00 0.00
128.236	>>> V 0.00 0.00
128.238	S 133606 -21.45 25.22 0.00 0.00 TRACK
128.241	S 133626 -21.45 25.14 0.00 0.00 TRACK
128.256	>>> V 0.00 0.00
128.276	>>> V 0.00 0.00
128.276	S 133646 -21.45 25.05 0.00 0.00 TRACK
128.295	>>> V 0.00 0.00
128.296	S 133666 -21.45 25.14 0.00 0.00 TRACK
128.315	>>> V 0.00 0.00
128.316	S 133686 -21.45 25.14 0.00 0.00 TRACK
128.336	>>> V 0.00 0.00
128.337	S 133706 -21.45 25.14 0.00 0.00 TRACK
128.356	>>> V 0.00 0.00
128.357	S 133726 -21.45 25.14 0.00 0.00 TRACK
128.360	S 133746 -21.45 25.14 0.00 0.00 TRACK
128.376	>>> V 0.00 0.00
128.396	>>> V 0.00 0.00
128.396	S 133766 -21.45 25.14 0.00 0.00 TRACK
128.416	>>> V 0.00 0.00
128.418	S 133786 -21.45 25.14 0.00 0.00 TRACK
128.419	S 133806 -21.45 25.14 0.00 0.00 TRACK
128.442	>>> V 0.00 0.00
128.443	S 133826 -21.45 25.14 0.00 0.00 TRACK
128.456	>>> V 0.00 0.00
128.457	S 133846 -21.45 25.14 0.00 0.00 TRACK
128.478	>>> V 0.00 0.00
128.479	S 133866 -21.45 25.14 0.00 0.00 TRACK
128.496	>>> V 0.00 0.00
128.515	>>> V 0.00 0.00
128.516	S 133886 -21.45 25.14 0.00 0.00 TRACK
128.537	>>> V 0.00 0.00
128.538	S 133906 -21.45 25.14 0.00 0.00 TRACK
128.542	S 133926 -21.45 25.14 0.00 0.00 TRACK
128.556	>>> V 0.00 0.00
128.575	>>> V 0.00 0.00
128.576	S 133946 -21.45 25.14 0.00 0.00 TRACK
128.595	>>> V 0.00 0.00
128.596	S 133966 -21.45 25.14 0.00 0.00 TRACK
128.615	>>> V 0.00 0.00
128.615	S 133986 -21.45 25.14 0.00 0.00 TRACK
128.639	>>> V 0.00 0.00
128.640	S 134006 -21.45 25.14 0.00 0.00 TRACK
128.643	S 134026 -21.45 25.14 0.00 0.00 TRACK
128.656	>>> V 0.00 0.00
128.657	S 134046 -21.45 25.14 0.00 0.00 TRACK
128.675	>>> V 0.00 0.00
128.695	>>> V 0.00 0.00
128.695	S 134066 -21.45 25.14 0.00 0.00 TRACK
128.715	>>> V 0.00 0.00
128.715	S 134086 -21.45 25.14 0.00 0.00 TRACK
128.736	>>> V 0.00 0.00
128.737	S 134106 -21.45 25.14 0.00 0.00 TRACK
128.756	>>> V 0.00 0.00
128.756	S 134126 -21.45 25.14 0.00 0.00 TRACK
128.777	>>> V 0.00 0.00
128.777	S 134146 -21.45 25.14 0.00 0.00 TRACK
128.781	S 134166 -21.45 25.14 0.00 0.00 TRACK
128.795	>>> V 0.00 0.00
128.816	>>> V 0.00 0.00
128.817	S 134186 -21.45 25.14 0.00 0.00 TRACK
128.839	>>> V 0.00 0.00
128.839	S 134206 -21.45 25.14 0.00 0.00 TRACK
128.845	S 134226 -21.45 25.14 0.00 0.00 TRACK
128.858	>>> V 0.00 0.00
128.859	S 134246 -21.45 25.14 0.00 0.00 TRACK
128.876	>>> V 0.00 0.00
128.879	S 134266 -21.45 25.14 0.00 0.00 TRACK
128.897	>>> V 0.00 0.00
128.898	S 134286 -21.45 25.14 0.00 0.00 TRACK
128.918	>>> V 0.00 0.00
128.919	S 134306 -21.45 25.14 0.00 0.00 TRACK
128.936	>>> V 0.00 0.00
128.955	>>> V 0.00 0.00
128.956	S 134326 -21.45 25.14 0.00 0.00 TRACK
128.976	>>> V 0.00 0.00
128.977	S 134346 -21.45 25.14 0.00 0.00 TRACK
128.995	>>> V 0.00 0.00
128.995	S 134366 -21.45 25.14 0.00 0.00 TRACK
129.016	>>> V 0.00 0.00
129.017	S 134386 -21.45 25.14 0.00 0.00 TRACK
129.036	>>> V 0.00 0.00
129.037	S 134406 -21.45 25.14 0.00 0.00 TRACK
129.040	S 134426 -21.45 25.14 0.00 0.00 TRACK
129.056	>>> V 0.00 0.00
129.076	>>> V 0.00 0.00
129.077	S 134446 -21.45 25.14 0.00 0.00 TRACK
129.095	>>> V 0.00 0.00
129.095	S 134466 -21.45 25.14 0.00 0.00 TRACK
129.116	>>> V 0.00 0.00
129.117	S 134486 -21.45 25.22 0.00 0.00 TRACK
129.136	>>> V 0.00 0.00
129.136	S 134506 -21.45 25.14 0.00 0.00 TRACK
129.159	>>> V 0.00 0.00
129.161	S 134526 -21.45 25.14 0.00 0.00 TRACK
129.163	S 134546 -21.45 25.14 0.00 0.00 TRACK
129.176	>>> V 0.00 0.00
129.198	>>> V 0.00 0.00
129.198	S 134566 -21.45 25.14 0.00 0.00 TRACK
129.204	S 134586 -21.45 25.14 0.00 0.00 TRACK
129.223	>>> V 0.00 0.00
129.225	S 134606 -21.45 25.14 0.00 0.00 TRACK
129.238	>>> V 0.00 0.00
129.238	S 134626 -21.45 25.14 0.00 0.00 TRACK
129.261	>>> V 0.00 0.00
129.261	S 134646 -21.45 25.14 0.00 0.00 TRACK
129.277	>>> V 0.00 0.00
129.278	S 134666 -21.45 25.14 0.00 0.00 TRACK
129.300	>>> V 0.00 0.00
129.301	S 134686 -21.45 25.14 0.00 0.00 TRACK
129.322	>>> V 0.00 0.00
129.324	S 134706 -21.45 25.14 0.00 0.00 TRACK
129.339	>>> V 0.00 0.00
129.339	S 134726 -21.45 25.22 0.00 0.00 TRACK
129.356	>>> V 0.00 0.00
129.359	S 134746 -21.45 25.14 0.00 0.00 TRACK
129.384	>>> V 0.00 0.00
129.385	S 134766 -21.45 25.05 0.00 0.00 TRACK
129.400	>>> V 0.00 0.00
129.400	S 134786 -21.45 25.14 0.00 0.00 TRACK
129.415	>>> V 0.00 0.00
129.436	>>> V 0.00 0.00
129.436	S 134806 -21.45 25.05 0.00 0.00 TRACK
129.456	>>> V 0.00 0.00
129.458	S 134826 -21.45 25.14 0.00 0.00 TRACK
129.463	S 134846 -21.45 25.14 0.00 0.00 TRACK
129.481	>>> V 0.00 0.00
129.481	S 134866 -21.45 25.05 0.00 0.00 TRACK
129.498	>>> V 0.00 0.00
129.498	S 134886 -21.45 25.14 0.00 0.00 TRACK
129.517	>>> V 0.00 0.00
129.519	S 134906 -21.45 25.14 0.00 0.00 TRACK
129.535	>>> V 0.00 0.00
129.564	>>> V 0.00 0.00
129.564	S 134926 -21.45 25.14 0.00 0.00 TRACK
129.566	S 134946 -21.45 25.14 0.00 0.00 TRACK
129.576	>>> V 0.00 0.00
129.597	>>> V 0.00 0.00
129.598	S 134966 -21.45 25.14 0.00 0.00 TRACK
129.599	S 134986 -21.45 25.14 0.00 0.00 TRACK
129.616	>>> V 0.00 0.00
129.636	>>> V 0.00 0.00
129.638	S 135006 -21.45 25.14 0.00 0.00 TRACK
129.643	S 135026 -21.45 25.14 0.00 0.00 TRACK
129.658	>>> V 0.00 0.00
129.661	S 135046 -21.45 25.14 0.00 0.00 TRACK
129.678	>>> V 0.00 0.00
129.680	S 135066 -21.45 25.22 0.00 0.00 TRACK
129.700	>>> V 0.00 0.00
129.704	S 135086 -21.45 25.14 0.00 0.00 TRACK
129.716	>>> V 0.00 0.00
129.719	S 135106 -21.45 25.14 0.00 0.00 TRACK
129.735	>>> V 0.00 0.00
129.756	>>> V 0.00 0.00
129.760	S 135126 -21.45 25.14 0.00 0.00 TRACK
129.766	S 135146 -21.45 25.14 0.00 0.00 TRACK
129.777	>>> V 0.00 0.00
129.778	S 135166 -21.45 25.14 0.00 0.00 TRACK
129.800	>>> V 0.00 0.00
129.801	S 135186 -21.45 25.14 0.00 0.00 TRACK
129.819	>>> V 0.00 0.00
129.820	S 135206 -21.45 25.14 0.00 0.00 TRACK
129.837	>>> V 0.00 0.00
129.839	S 135226 -21.45 25.14 0.00 0.00 TRACK
129.856	>>> V 0.00 0.00
129.861	S 135246 -21.45 25.14 0.00 0.00 TRACK
129.880	>>> V 0.00 0.00
129.880	S 135266 -21.45 25.14 0.00 0.00 TRACK
129.899	>>> V 0.00 0.00
129.902	S 135286 -21.45 25.14 0.00 0.00 TRACK
129.925	>>> V 0.00 0.00
129.927	S 135306 -21.45 25.14 0.00 0.00 TRACK
129.937	>>> V 0.00 0.00
129.937	S 135326 -21.45 25.14 0.00 0.00 TRACK
129.961	>>> V 0.00 0.00
129.961	S 135346 -21.45 25.14 0.00 0.00 TRACK
129.976	>>> V 0.00 0.00
129.980	S 135366 -21.45 25.14 0.00 0.00 TRACK
129.996	>>> V 0.00 0.00
129.999	S 135386 -21.45 25.14 0.00 0.00 TRACK
130.016	>>> V 0.00 0.00
130.020	S 135406 -21.45 25.22 0.00 0.00 TRACK
130.037	>>> V 0.00 0.00
130.040	S 135426 -21.45 25.14 0.00 0.00 TRACK
130.059	>>> V 0.00 0.00
130.060	S 135446 -21.45 25.14 0.00 0.00 TRACK
130.083	>>> V 0.00 0.00
130.085	S 135466 -21.45 25.14 0.00 0.00 TRACK
130.096	>>> V 0.00 0.00
130.100	S 135486 -21.45 25.14 0.00 0.00 TRACK
130.116	>>> V 0.00 0.00
130.119	S 135506 -21.45 25.05 0.00 0.00 TRACK
130.140	>>> V 0.00 0.00
130.141	S 135526 -21.45 25.14 0.00 0.00 TRACK
130.167	>>> V 0.00 0.00
130.168	S 135546 -21.45 25.14 0.00 0.00 TRACK
130.188	>>> V 0.00 0.00
130.189	S 135566 -21.45 25.14 0.00 0.00 TRACK
130.209	>>> V 0.00 0.00
130.213	S 135586 -21.45 25.14 0.00 0.00 TRACK
130.225	>>> V 0.00 0.00
130.228	S 135606 -21.45 25.14 0.00 0.00 TRACK
130.246	>>> V 0.00 0.00
130.246	S 135626 -21.45 25.14 0.00 0.00 TRACK
130.267	>>> V 0.00 0.00
130.270	S 135646 -21.45 25.14 0.00 0.00 TRACK
130.286	>>> V 0.00 0.00
130.286	S 135666 -21.45 25.14 0.00 0.00 TRACK
130.309	>>> V 0.00 0.00
130.310	S 135686 -21.45 25.14 0.00 0.00 TRACK
130.318	>>> V 0.00 0.00
130.321	S 135706 -21.45 25.14 0.00 0.00 TRACK
130.349	>>> V 0.00 0.00
130.352	S 135726 -21.45 25.14 0.00 0.00 TRACK
130.361	>>> V 0.00 0.00
130.363	S 135746 -21.45 25.14 0.00 0.00 TRACK
130.383	>>> V 0.00 0.00
130.386	S 135766 -21.45 25.14 0.00 0.00 TRACK
130.405	>>> V 0.00 0.00
130.405	S 135786 -21.45 25.14 0.00 0.00 TRACK
130.419	>>> V 0.00 0.00
130.420	S 135806 -21.45 25.14 0.00 0.00 TRACK
130.446	>>> V 0.00 0.00
130.446	S 135826 -21.45 25.14 0.00 0.00 TRACK
130.456	>>> V 0.00 0.00
130.477	>>> V 0.00 0.00
130.480	S 135846 -21.45 25.14 0.00 0.00 TRACK
130.482	S 135866 -21.45 25.14 0.00 0.00 TRACK
130.497	>>> V 0.00 0.00
130.498	S 135886 -21.45 25.05 0.00 0.00 TRACK
130.525	>>> V 0.00 0.00
130.527	S 135906 -21.45 25.14 0.00 0.00 TRACK
130.544	>>> V 0.00 0.00
130.544	S 135926 -21.45 25.14 0.00 0.00 TRACK
130.561	>>> V 0.00 0.00
130.562	S 135946 -21.45 25.14 0.00 0.00 TRACK
130.580	>>> V 0.00 0.00
130.583	S 135966 -21.45 25.14 0.00 0.00 TRACK
130.597	>>> V 0.00 0.00
130.598	S 135986 -21.45 25.14 0.00 0.00 TRACK
130.616	>>> V 0.00 0.00
130.618	S 136006 -21.45 25.14 0.00 0.00 TRACK
130.636	>>> V 0.00 0.00
130.657	>>> V 0.00 0.00
130.658	S 136026 -21.45 25.14 0.00 0.00 TRACK
130.661	S 136046 -21.45 25.14 0.00 0.00 TRACK
130.675	>>> V 0.00 0.00
130.701	>>> V 0.00 0.00
130.704	S 136066 -21.45 25.14 0.00 0.00 TRACK
130.711	S 136086 -21.45 25.14 0.00 0.00 TRACK
130.729	>>> V 0.00 0.00
130.732	S 136106 -21.45 25.14 0.00 0.00 TRACK
130.750	>>> V 0.00 0.00
130.753	S 136126 -21.45 25.14 0.00 0.00 TRACK
130.756	>>> V 0.00 0.00
130.777	>>> V 0.00 0.00
130.781	S 136146 -21.45 25.14 0.00 0.00 TRACK
130.782	S 136166 -21.45 25.14 0.00 0.00 TRACK
130.796	>>> V 0.00 0.00
130.818	>>> V 0.00 0.00
130.819	S 136186 -21.45 25.14 0.00 0.00 TRACK
130.825	S 136206 -21.45 25.05 0.00 0.00 TRACK
130.836	>>> V 0.00 0.00
130.839	S 136226 -21.45 25.14 0.00 0.00 TRACK
130.857	>>> V 0.00 0.00
130.860	S 136246 -21.45 25.14 0.00 0.00 TRACK
130.877	>>> V 0.00 0.00
130.882	S 136266 -21.45 25.05 0.00 0.00 TRACK
130.897	>>> V 0.00 0.00
130.897	S 136286 -21.45 25.14 0.00 0.00 TRACK
130.915	>>> V 0.00 0.00
130.935	>>> V 0.00 0.00
130.936	S 136306 -21.45 25.14 0.00 0.00 TRACK
130.956	>>> V 0.00 0.00
130.957	S 136326 -21.45 25.14 0.00 0.00 TRACK
130.977	>>> V 0.00 0.00
130.977	S 136346 -21.45 25.14 0.00 0.00 TRACK
130.996	>>> V 0.00 0.00
130.997	S 136366 -21.45 25.14 0.00 0.00 TRACK
131.015	>>> V 0.00 0.00
131.017	S 136386 -21.45 25.14 0.00 0.00 TRACK
131.036	>>> V 0.00 0.00
131.037	S 136406 -21.45 25.14 0.00 0.00 TRACK
131.056	>>> V 0.00 0.00
131.058	S 136426 -21.45 25.14 0.00 0.00 TRACK
131.060	S 136446 -21.45 25.14 0.00 0.00 TRACK
131.079	>>> V 0.00 0.00
131.080	S 136466 -21.45 25.14 0.00 0.00 TRACK
131.096	>>> V 0.00 0.00
131.115	>>> V 0.00 0.00
131.115	S 136486 -21.45 25.14 0.00 0.00 TRACK
131.136	>>> V 0.00 0.00
131.137	S 136506 -21.45 25.14 0.00 0.00 TRACK
131.139	S 136526 -21.45 25.14 0.00 0.00 TRACK
131.159	>>> X
