0.011	>>> 
0.012	>>> B 1654 2007
0.012	>>> I
0.095	>>> V 0.00 0.00
0.095	B 1654 2007
0.097	S 12960144 -9.14 20.21 0.00 0.00 HOMING
0.099	S 12960164 -9.14 20.21 0.00 0.00 HOMING
0.100	S 12960184 -9.05 20.13 0.00 0.00 HOMING
0.101	S 12960204 -8.79 19.95 1.37 -1.37 HOMING
0.105	>>> V 0.00 0.00
0.105	S 12960224 -8.53 19.60 4.12 -4.12 HOMING
0.123	>>> V 0.00 0.00
0.124	S 12960244 -8.17 19.16 8.24 -9.62 HOMING
0.144	>>> V 0.00 0.00
0.145	S 12960264 -7.82 18.63 12.37 -15.11 HOMING
0.165	>>> V 0.00 0.00
0.168	S 12960284 -7.56 18.11 15.11 -20.61 HOMING
0.183	>>> V 0.00 0.00
0.184	S 12960304 -7.21 17.40 15.11 -24.73 HOMING
0.203	>>> V 0.00 0.00
0.204	S 12960324 -6.86 16.79 15.11 -26.11 HOMING
0.223	>>> V 0.00 0.00
0.224	S 12960344 -6.59 16.17 15.11 -27.48 HOMING
0.244	>>> V 0.00 0.00
0.245	S 12960364 -6.33 15.64 15.11 -28.85 HOMING
0.263	>>> V 0.00 0.00
0.264	S 12960384 -5.89 15.03 15.11 -28.85 HOMING
0.283	>>> V 0.00 0.00
0.284	S 12960404 -5.62 14.41 13.74 -28.85 HOMING
0.304	>>> V 0.00 0.00
0.304	S 12960424 -5.45 13.89 13.74 -28.85 HOMING
0.323	>>> V 0.00 0.00
0.324	S 12960444 -5.19 13.27 12.37 -28.85 HOMING
0.344	>>> V 0.00 0.00
0.344	S 12960464 -5.01 12.74 12.37 -28.85 HOMING
0.363	>>> V 0.00 0.00
0.364	S 12960484 -4.75 12.13 10.99 -28.85 HOMING
0.383	>>> V 0.00 0.00
0.384	S 12960504 -4.48 11.60 10.99 -27.48 HOMING
0.403	>>> V 0.00 0.00
0.404	S 12960524 -4.31 11.07 10.99 -27.48 HOMING
0.423	>>> V 0.00 0.00
0.424	S 12960544 -4.13 10.55 9.62 -26.11 HOMING
0.445	>>> V 0.00 0.00
0.447	S 12960564 -3.96 10.11 9.62 -24.73 HOMING
0.464	>>> V 0.00 0.00
0.464	S 12960584 -3.78 9.58 8.24 -24.73 HOMING
0.483	>>> V 0.00 0.00
0.484	S 12960604 -3.60 9.14 8.24 -23.36 HOMING
0.503	>>> V 0.00 0.00
0.504	S 12960624 -3.43 8.79 8.24 -21.98 HOMING
0.523	>>> V 0.00 0.00
0.524	S 12960644 -3.25 8.35 8.24 -20.61 HOMING
0.545	>>> V 0.00 0.00
0.545	S 12960664 -3.16 8.00 6.87 -19.24 HOMING
0.564	>>> V 0.00 0.00
0.564	S 12960684 -3.08 7.65 6.87 -19.24 HOMING
0.583	>>> V 0.00 0.00
0.584	S 12960704 -2.90 7.29 6.87 -17.86 HOMING
0.604	>>> V 0.00 0.00
0.604	S 12960724 -2.81 6.94 5.50 -17.86 HOMING
0.623	>>> V 0.00 0.00
0.624	S 12960744 -2.64 6.68 5.50 -16.49 HOMING
0.644	>>> V 0.00 0.00
0.645	S 12960764 -2.55 6.33 5.50 -16.49 HOMING
0.663	>>> V 0.00 0.00
0.664	S 12960784 -2.46 6.06 5.50 -15.11 HOMING
0.683	>>> V 0.00 0.00
0.684	S 12960804 -2.37 5.80 5.50 -13.74 HOMING
0.703	>>> V 0.00 0.00
0.704	S 12960824 -2.20 5.54 5.50 -13.74 HOMING
0.723	>>> V 0.00 0.00
0.724	S 12960844 -2.11 5.27 5.50 -12.37 HOMING
0.744	>>> V 0.00 0.00
0.744	S 12960864 -2.02 5.10 5.50 -12.37 HOMING
0.764	>>> V 0.00 0.00
0.764	S 12960884 -1.93 4.83 4.12 -12.37 HOMING
0.783	>>> V 0.00 0.00
0.784	S 12960904 -1.85 4.66 4.12 -10.99 HOMING
0.803	>>> V 0.00 0.00
0.804	S 12960924 -1.67 4.39 4.12 -10.99 HOMING
0.823	>>> V 0.00 0.00
0.824	S 12960944 -1.67 4.22 4.12 -9.62 HOMING
0.843	>>> V 0.00 0.00
0.845	S 12960964 -1.67 4.04 2.75 -9.62 HOMING
0.863	>>> V 0.00 0.00
0.863	S 12960984 -1.58 3.87 2.75 -9.62 HOMING
0.884	>>> V 0.00 0.00
0.885	S 12961004 -1.49 3.60 1.37 -9.62 HOMING
0.904	>>> V 0.00 0.00
0.904	S 12961024 -1.41 3.52 1.37 -9.62 HOMING
0.926	>>> V 0.00 0.00
0.926	S 12961044 -1.41 3.34 2.75 -8.24 HOMING
0.943	>>> V 0.00 0.00
0.944	S 12961064 -1.41 3.16 2.75 -8.24 HOMING
0.963	>>> V 0.00 0.00
0.964	S 12961084 -1.32 3.08 1.37 -6.87 HOMING
0.983	>>> V 0.00 0.00
0.984	S 12961104 -1.23 2.99 1.37 -5.50 HOMING
1.003	>>> V 0.00 0.00
1.003	S 12961124 -1.23 2.81 1.37 -5.50 HOMING
1.023	>>> V 0.00 0.00
1.024	S 12961144 -1.14 2.72 2.75 -5.50 HOMING
1.044	>>> V 0.00 0.00
1.046	S 12961164 -1.14 2.64 1.37 -5.50 HOMING
1.063	>>> V 0.00 0.00
1.064	S 12961184 -1.05 2.46 1.37 -5.50 HOMING
1.083	>>> V 0.00 0.00
1.084	S 12961204 -0.97 2.37 1.37 -5.50 HOMING
1.103	>>> V 0.00 0.00
1.103	S 12961224 -0.88 2.29 1.37 -5.50 HOMING
1.123	>>> V 0.00 0.00
1.124	S 12961244 -0.88 2.20 2.75 -4.12 HOMING
1.144	>>> V 0.00 0.00
1.145	S 12961264 -0.88 2.11 2.75 -4.12 HOMING
1.164	>>> V 0.00 0.00
1.164	S 12961284 -0.88 1.93 1.37 -4.12 HOMING
1.184	>>> V 0.00 0.00
1.184	S 12961304 -0.88 1.85 0.00 -4.12 HOMING
1.203	>>> V 0.00 0.00
1.204	S 12961324 -0.88 1.76 0.00 -4.12 HOMING
1.225	>>> V 0.00 0.00
1.228	S 12961344 -0.88 1.67 0.00 -4.12 HOMING
1.243	>>> V 0.00 0.00
1.244	S 12961364 -0.79 1.58 0.00 -4.12 HOMING
1.264	>>> V 0.00 0.00
1.265	S 12961384 -0.70 1.58 1.37 -4.12 HOMING
1.284	>>> V 0.00 0.00
1.284	S 12961404 -0.70 1.58 1.37 -2.75 HOMING
1.303	>>> V 0.00 0.00
1.304	S 12961424 -0.70 1.49 1.37 -1.37 HOMING
1.324	>>> V 0.00 0.00
1.325	S 12961444 -0.70 1.41 0.00 -1.37 HOMING
1.343	>>> V 0.00 0.00
1.347	S 12961464 -0.70 1.23 0.00 -2.75 HOMING
1.363	>>> V 0.00 0.00
1.365	S 12961484 -0.62 1.23 0.00 -2.75 HOMING
1.383	>>> V 0.00 0.00
1.384	S 12961504 -0.53 1.23 1.37 -2.75 HOMING
1.403	>>> V 0.00 0.00
1.404	S 12961524 -0.53 1.23 1.37 -1.37 HOMING
1.423	>>> V 0.00 0.00
1.424	S 12961544 -0.53 1.23 1.37 0.00 HOMING
1.444	>>> V 0.00 0.00
1.444	S 12961565 -0.53 1.05 0.00 0.00 HOMING
1.463	>>> V 0.00 0.00
1.464	S 12961585 -0.53 1.05 0.00 -1.37 HOMING
1.484	>>> V 0.00 0.00
1.484	S 12961605 -0.53 0.97 0.00 -2.75 HOMING
1.505	>>> V 0.00 0.00
1.506	S 12961625 -0.44 0.88 0.00 -2.75 HOMING
1.524	>>> V 0.00 0.00
1.524	S 12961645 -0.35 0.88 1.37 -2.75 HOMING
1.548	>>> V 0.00 0.00
1.552	S 12961665 -0.35 0.97 1.37 -1.37 HOMING
1.564	>>> V 0.00 0.00
1.565	S 12961685 -0.35 0.88 1.37 0.00 HOMING
1.585	>>> V 0.00 0.00
1.595	S 12961705 -0.35 0.88 0.00 0.00 HOMING
1.606	>>> V 0.00 0.00
1.607	S 12961725 -0.26 0.88 0.00 0.00 HOMING
1.626	>>> V 0.00 0.00
1.627	S 12961745 -0.26 0.70 0.00 0.00 HOMING
1.646	>>> V 0.00 0.00
1.646	S 12961765 -0.26 0.62 0.00 -1.37 HOMING
1.666	>>> V 0.00 0.00
1.677	S 12961785 -0.26 0.62 0.00 -1.37 HOMING
1.690	>>> V 0.00 0.00
1.690	S 12961805 -0.26 0.62 0.00 -1.37 HOMING
1.710	>>> V 0.00 0.00
1.713	S 12961825 -0.26 0.62 0.00 0.00 HOMING
1.726	>>> V 0.00 0.00
1.727	S 12961845 -0.26 0.62 0.00 0.00 HOMING
1.748	>>> V 0.00 0.00
1.751	S 12961865 -0.26 0.53 0.00 0.00 HOMING
1.765	>>> V 0.00 0.00
1.765	S 12961885 -0.26 0.53 0.00 0.00 HOMING
1.784	>>> V 0.00 0.00
1.787	S 12961905 -0.26 0.44 0.00 -1.37 HOLD
1.816	>>> V 0.00 0.00
1.819	S 12961925 -0.26 0.44 0.00 -1.37 HOLD
1.830	>>> V 0.00 0.00
1.834	S 12961945 -0.26 0.44 0.00 -1.37 HOLD
1.845	>>> V 0.00 0.00
1.846	S 12961965 -0.26 0.44 0.00 0.00 HOLD
1.868	>>> V 0.00 0.00
1.869	S 12961985 -0.35 0.44 0.00 0.00 HOLD
1.884	>>> V 0.00 0.00
1.888	S 12962005 -0.26 0.44 0.00 0.00 HOLD
1.907	>>> V 0.00 0.00
1.910	S 12962025 -0.26 0.44 0.00 0.00 HOLD
1.926	>>> V 0.00 0.00
1.928	S 12962045 -0.26 0.44 0.00 0.00 HOLD
1.950	>>> V 0.00 0.00
1.953	S 12962065 -0.26 0.44 0.00 0.00 HOLD
1.964	>>> V 0.00 0.00
1.967	S 12962085 -0.26 0.44 0.00 0.00 HOLD
1.984	>>> V 0.00 0.00
1.985	S 12962105 -0.26 0.44 0.00 0.00 HOLD
2.005	>>> V 0.00 0.00
2.008	S 12962125 -0.26 0.44 0.00 0.00 HOLD
2.024	>>> V 0.00 0.00
2.024	S 12962145 -0.35 0.44 0.00 0.00 HOLD
2.044	>>> V 0.00 0.00
2.046	S 12962165 -0.26 0.44 0.00 0.00 HOLD
2.064	>>> V 0.00 0.00
2.066	S 12962185 -0.26 0.44 0.00 0.00 HOLD
2.084	>>> V 0.00 0.00
2.084	S 12962205 -0.26 0.44 0.00 0.00 HOLD
2.103	>>> V 0.00 0.00
2.103	S 12962225 -0.26 0.44 0.00 0.00 HOLD
2.124	>>> V 0.00 0.00
2.124	S 12962245 -0.26 0.44 0.00 0.00 HOLD
2.144	>>> V 0.00 0.00
2.144	S 12962265 -0.26 0.44 0.00 0.00 HOLD
2.163	>>> V 0.00 0.00
2.164	S 12962285 -0.26 0.44 0.00 0.00 HOLD
2.184	>>> V 0.00 0.00
2.184	S 12962305 -0.26 0.44 0.00 0.00 HOLD
2.203	>>> V 0.00 0.00
2.205	S 12962325 -0.35 0.44 0.00 0.00 HOLD
2.224	>>> V 0.00 0.00
2.225	S 12962345 -0.26 0.44 0.00 0.00 HOLD
2.243	>>> V 0.00 0.00
2.244	S 12962365 -0.26 0.44 0.00 0.00 HOLD
2.263	>>> V 0.00 0.00
2.263	S 12962385 -0.26 0.44 0.00 0.00 HOLD
2.284	>>> V 0.00 0.00
2.284	S 12962405 -0.26 0.44 0.00 0.00 HOLD
2.303	>>> V 0.00 0.00
2.304	S 12962425 -0.26 0.44 0.00 0.00 HOLD
2.324	>>> V 0.00 0.00
2.324	S 12962445 -0.26 0.44 0.00 0.00 HOLD
2.344	>>> V 0.00 0.00
2.344	S 12962465 -0.26 0.44 0.00 0.00 HOLD
2.364	>>> V 0.00 0.00
2.364	S 12962485 -0.26 0.44 0.00 0.00 HOLD
2.384	>>> V 0.00 0.00
2.385	S 12962505 -0.26 0.44 0.00 0.00 HOLD
2.403	>>> V 0.00 0.00
2.404	S 12962525 -0.26 0.44 0.00 0.00 HOLD
2.424	>>> V 0.00 0.00
2.424	S 12962545 -0.26 0.44 0.00 0.00 HOLD
2.444	>>> V 0.00 0.00
2.444	S 12962565 -0.26 0.44 0.00 0.00 HOLD
2.463	>>> V 0.00 0.00
2.464	S 12962585 -0.26 0.44 0.00 0.00 HOLD
2.484	>>> V 0.00 0.00
2.484	S 12962605 -0.26 0.44 0.00 0.00 HOLD
2.504	>>> V 0.00 0.00
2.505	S 12962625 -0.26 0.44 0.00 0.00 HOLD
2.524	>>> V 0.00 0.00
2.525	S 12962645 -0.26 0.44 0.00 0.00 HOLD
2.544	>>> V 0.00 0.00
2.544	S 12962665 -0.26 0.44 0.00 0.00 HOLD
2.564	>>> V 0.00 0.00
2.564	S 12962685 -0.35 0.44 0.00 0.00 HOLD
2.584	>>> V 0.00 0.00
2.585	S 12962705 -0.26 0.44 0.00 0.00 HOLD
2.603	>>> V 0.00 0.00
2.604	S 12962725 -0.26 0.44 0.00 0.00 HOLD
2.624	>>> V 0.00 0.00
2.624	S 12962745 -0.26 0.44 0.00 0.00 HOLD
2.643	>>> V 0.00 0.00
2.644	S 12962765 -0.26 0.44 0.00 0.00 HOLD
2.665	>>> V 0.00 0.00
2.666	S 12962785 -0.26 0.44 0.00 0.00 HOLD
2.684	>>> V 0.00 0.00
2.684	S 12962805 -0.26 0.44 0.00 0.00 HOLD
2.704	>>> V 0.00 0.00
2.705	S 12962825 -0.26 0.44 0.00 0.00 HOLD
2.724	>>> V 0.00 0.00
2.724	S 12962845 -0.26 0.44 0.00 0.00 HOLD
2.743	>>> V 0.00 0.00
2.744	S 12962865 -0.26 0.44 0.00 0.00 HOLD
2.763	>>> V 0.00 0.00
2.764	S 12962885 -0.26 0.44 0.00 0.00 HOLD
2.784	>>> V 0.00 0.00
2.784	S 12962905 -0.26 0.44 0.00 0.00 HOLD
2.803	>>> V 0.00 0.00
2.803	S 12962925 -0.26 0.44 0.00 0.00 HOLD
2.825	>>> V 0.00 0.00
2.826	S 12962945 -0.26 0.44 0.00 0.00 HOLD
2.843	>>> V 0.00 0.00
2.844	S 12962965 -0.26 0.44 0.00 0.00 HOLD
2.863	>>> V 0.00 0.00
2.864	S 12962985 -0.26 0.44 0.00 0.00 HOLD
2.884	>>> V 0.00 0.00
2.884	S 12963005 -0.26 0.44 0.00 0.00 HOLD
2.903	>>> V 0.00 0.00
2.903	S 12963025 -0.26 0.44 0.00 0.00 HOLD
2.924	>>> V 0.00 0.00
2.925	S 12963045 -0.26 0.44 0.00 0.00 HOLD
2.944	>>> V 0.00 0.00
2.944	S 12963065 -0.26 0.44 0.00 0.00 HOLD
2.964	>>> V 0.00 0.00
2.964	S 12963085 -0.26 0.44 0.00 0.00 HOLD
2.984	>>> V 0.00 0.00
2.985	S 12963105 -0.26 0.44 0.00 0.00 HOLD
3.004	>>> V 0.00 0.00
3.004	S 12963125 -0.26 0.44 0.00 0.00 HOLD
3.024	>>> V 0.00 0.00
3.025	S 12963145 -0.26 0.44 0.00 0.00 HOLD
3.044	>>> V 0.00 0.00
3.044	S 12963165 -0.26 0.44 0.00 0.00 HOLD
3.064	>>> V 0.00 0.00
3.064	S 12963185 -0.26 0.44 0.00 0.00 HOLD
3.084	>>> V 0.00 0.00
3.084	S 12963205 -0.35 0.44 0.00 0.00 HOLD
3.103	>>> V 0.00 0.00
3.104	S 12963225 -0.26 0.44 0.00 0.00 HOLD
3.124	>>> V 0.00 0.00
3.125	S 12963245 -0.26 0.44 0.00 0.00 HOLD
3.144	>>> V 0.00 0.00
3.144	S 12963265 -0.26 0.44 0.00 0.00 HOLD
3.164	>>> V 0.00 0.00
3.164	S 12963285 -0.26 0.44 0.00 0.00 HOLD
3.184	>>> V 0.00 0.00
3.184	S 12963305 -0.26 0.44 0.00 0.00 HOLD
3.203	>>> V 0.00 0.00
3.204	S 12963325 -0.26 0.44 0.00 0.00 HOLD
3.224	>>> V 0.00 0.00
3.224	S 12963345 -0.26 0.44 0.00 0.00 HOLD
3.244	>>> V 0.00 0.00
3.244	S 12963365 -0.26 0.44 0.00 0.00 HOLD
3.264	>>> V 0.00 0.00
3.264	S 12963385 -0.26 0.44 0.00 0.00 HOLD
3.284	>>> V 0.00 0.00
3.284	S 12963405 -0.26 0.44 0.00 0.00 HOLD
3.304	>>> V 0.00 0.00
3.304	S 12963425 -0.26 0.44 0.00 0.00 HOLD
3.324	>>> V 0.00 0.00
3.324	S 12963445 -0.26 0.44 0.00 0.00 HOLD
3.344	>>> V 0.00 0.00
3.344	S 12963465 -0.35 0.44 0.00 0.00 HOLD
3.363	>>> V 0.00 0.00
3.364	S 12963485 -0.35 0.44 0.00 0.00 HOLD
3.384	>>> V 0.00 0.00
3.384	S 12963505 -0.35 0.44 0.00 0.00 HOLD
3.403	>>> V 0.00 0.00
3.404	S 12963525 -0.26 0.44 0.00 0.00 HOLD
3.424	>>> V 0.00 0.00
3.424	S 12963545 -0.26 0.44 0.00 0.00 HOLD
3.443	>>> V 0.00 0.00
3.444	S 12963565 -0.26 0.44 0.00 0.00 HOLD
3.465	>>> V 0.00 0.00
3.465	S 12963585 -0.26 0.44 0.00 0.00 HOLD
3.484	>>> V 0.00 0.00
3.484	S 12963605 -0.26 0.44 0.00 0.00 HOLD
3.503	>>> V 0.00 0.00
3.503	S 12963625 -0.26 0.44 0.00 0.00 HOLD
3.524	>>> V 0.00 0.00
3.524	S 12963645 -0.26 0.44 0.00 0.00 HOLD
3.544	>>> V 0.00 0.00
3.544	S 12963665 -0.26 0.44 0.00 0.00 HOLD
3.563	>>> V 0.00 0.00
3.564	S 12963685 -0.26 0.44 0.00 0.00 HOLD
3.584	>>> V 0.00 0.00
3.584	S 12963705 -0.26 0.44 0.00 0.00 HOLD
3.605	>>> V 0.00 0.00
3.605	S 12963725 -0.26 0.44 0.00 0.00 HOLD
3.624	>>> V 0.00 0.00
3.625	S 12963745 -0.26 0.44 0.00 0.00 HOLD
3.644	>>> V 0.00 0.00
3.644	S 12963765 -0.26 0.44 0.00 0.00 HOLD
3.664	>>> V 0.00 0.00
3.664	S 12963785 -0.26 0.44 0.00 0.00 HOLD
3.684	>>> V 0.00 0.00
3.684	S 12963805 -0.26 0.44 0.00 0.00 HOLD
3.703	>>> V 0.00 0.00
3.703	S 12963825 -0.26 0.44 0.00 0.00 HOLD
3.724	>>> V 0.00 0.00
3.724	S 12963845 -0.26 0.44 0.00 0.00 HOLD
3.743	>>> V 0.00 0.00
3.744	S 12963865 -0.26 0.44 0.00 0.00 HOLD
3.764	>>> V 0.00 0.00
3.764	S 12963885 -0.26 0.44 0.00 0.00 HOLD
3.784	>>> V 0.00 0.00
3.784	S 12963905 -0.26 0.44 0.00 0.00 HOLD
3.804	>>> V 0.00 0.00
3.804	S 12963925 -0.26 0.44 0.00 0.00 HOLD
3.824	>>> V 0.00 0.00
3.824	S 12963945 -0.26 0.44 0.00 0.00 HOLD
3.844	>>> V 0.00 0.00
3.844	S 12963965 -0.26 0.44 0.00 0.00 HOLD
3.864	>>> V 0.00 0.00
3.865	S 12963985 -0.26 0.44 0.00 0.00 HOLD
3.887	>>> V 0.00 0.00
3.888	S 12964005 -0.26 0.44 0.00 0.00 HOLD
3.905	>>> V 0.00 0.00
3.905	S 12964025 -0.26 0.44 0.00 0.00 HOLD
3.928	>>> V 0.00 0.00
3.932	S 12964045 -0.26 0.44 0.00 0.00 HOLD
3.945	>>> V 0.00 0.00
3.945	S 12964065 -0.26 0.44 0.00 0.00 HOLD
3.964	>>> V 0.00 0.00
3.966	S 12964085 -0.26 0.44 0.00 0.00 HOLD
3.985	>>> V 0.00 0.00
3.985	S 12964105 -0.35 0.44 0.00 0.00 HOLD
4.007	>>> V 0.00 0.00
4.010	S 12964125 -0.26 0.44 0.00 0.00 HOLD
4.027	>>> V 0.00 0.00
4.027	S 12964145 -0.26 0.44 0.00 0.00 HOLD
4.043	>>> V 0.00 0.00
4.044	S 12964165 -0.26 0.44 0.00 0.00 HOLD
4.065	>>> V 0.00 0.00
4.066	S 12964185 -0.26 0.44 0.00 0.00 HOLD
4.086	>>> V 0.00 0.00
4.086	S 12964205 -0.26 0.53 0.00 0.00 HOLD
4.111	>>> V 0.00 0.00
4.112	S 12964225 -0.26 0.44 0.00 0.00 HOLD
4.127	>>> V 0.00 0.00
4.128	S 12964245 -0.26 0.44 0.00 0.00 HOLD
4.144	>>> V 0.00 0.00
4.145	S 12964265 -0.26 0.44 0.00 0.00 HOLD
4.163	>>> V 0.00 0.00
4.164	S 12964285 -0.26 0.44 0.00 0.00 HOLD
4.184	>>> V 0.00 0.00
4.184	S 12964305 -0.26 0.44 0.00 0.00 HOLD
4.205	>>> V 0.00 0.00
4.206	S 12964325 -0.26 0.44 0.00 0.00 HOLD
4.224	>>> V 0.00 0.00
4.226	S 12964345 -0.26 0.44 0.00 0.00 HOLD
4.243	>>> V 0.00 0.00
4.244	S 12964365 -0.26 0.44 0.00 0.00 HOLD
4.265	>>> V 0.00 0.00
4.266	S 12964385 -0.26 0.44 0.00 0.00 HOLD
4.286	>>> V 0.00 0.00
4.289	S 12964405 -0.26 0.44 0.00 0.00 HOLD
4.310	>>> V 0.00 0.00
4.311	S 12964425 -0.26 0.44 0.00 0.00 HOLD
4.324	>>> V 0.00 0.00
4.326	S 12964445 -0.26 0.44 0.00 0.00 HOLD
4.347	>>> V 0.00 0.00
4.350	S 12964465 -0.26 0.44 0.00 0.00 HOLD
4.363	>>> V 0.00 0.00
4.364	S 12964485 -0.26 0.44 0.00 0.00 HOLD
4.385	>>> V 0.00 0.00
4.385	S 12964505 -0.26 0.44 0.00 0.00 HOLD
4.404	>>> V 0.00 0.00
4.405	S 12964525 -0.26 0.44 0.00 0.00 HOLD
4.424	>>> V 0.00 0.00
4.424	S 12964545 -0.26 0.44 0.00 0.00 HOLD
4.447	>>> V 0.00 0.00
4.447	S 12964565 -0.26 0.44 0.00 0.00 HOLD
4.486	>>> V 0.00 0.00
4.487	S 12964585 -0.26 0.44 0.00 0.00 HOLD
4.490	S 12964605 -0.26 0.44 0.00 0.00 HOLD
4.505	>>> V 0.00 0.00
4.508	S 12964625 -0.26 0.44 0.00 0.00 HOLD
4.527	>>> V 0.00 0.00
4.530	S 12964645 -0.26 0.44 0.00 0.00 HOLD
4.544	>>> V 0.00 0.00
4.544	S 12964665 -0.26 0.44 0.00 0.00 HOLD
4.569	>>> V 0.00 0.00
4.570	S 12964685 -0.26 0.44 0.00 0.00 HOLD
4.585	>>> V 0.00 0.00
4.585	S 12964705 -0.26 0.44 0.00 0.00 HOLD
4.604	>>> V 0.00 0.00
4.604	S 12964725 -0.26 0.44 0.00 0.00 HOLD
4.624	>>> V 0.00 0.00
4.625	S 12964745 -0.26 0.44 0.00 0.00 HOLD
4.648	>>> V 0.00 0.00
4.649	S 12964765 -0.26 0.44 0.00 0.00 HOLD
4.665	>>> V 0.00 0.00
4.665	S 12964785 -0.26 0.44 0.00 0.00 HOLD
4.683	>>> V 0.00 0.00
4.684	S 12964805 -0.26 0.44 0.00 0.00 HOLD
4.703	>>> V 0.00 0.00
4.706	S 12964825 -0.26 0.44 0.00 0.00 HOLD
4.723	>>> V 0.00 0.00
4.726	S 12964845 -0.26 0.44 0.00 0.00 HOLD
4.747	>>> V 0.00 0.00
4.748	S 12964865 -0.26 0.44 0.00 0.00 HOLD
4.764	>>> V 0.00 0.00
4.764	S 12964885 -0.26 0.44 0.00 0.00 HOLD
4.784	>>> V 0.00 0.00
4.785	S 12964905 -0.26 0.44 0.00 0.00 HOLD
4.803	>>> V 0.00 0.00
4.804	S 12964925 -0.26 0.44 0.00 0.00 HOLD
4.824	>>> V 0.00 0.00
4.824	S 12964945 -0.26 0.44 0.00 0.00 HOLD
4.844	>>> V 0.00 0.00
4.847	S 12964965 -0.26 0.44 0.00 0.00 HOLD
4.864	>>> V 0.00 0.00
4.864	S 12964985 -0.26 0.44 0.00 0.00 HOLD
4.885	>>> V 0.00 0.00
4.886	S 12965005 -0.26 0.44 0.00 0.00 HOLD
4.904	>>> V 0.00 0.00
4.905	S 12965025 -0.26 0.44 0.00 0.00 HOLD
4.923	>>> V 0.00 0.00
4.924	S 12965045 -0.26 0.44 0.00 0.00 HOLD
4.946	>>> V 0.00 0.00
4.947	S 12965065 -0.26 0.44 0.00 0.00 HOLD
4.967	>>> V 0.00 0.00
4.968	S 12965085 -0.26 0.44 0.00 0.00 HOLD
4.985	>>> V 0.00 0.00
4.985	S 12965105 -0.26 0.44 0.00 0.00 HOLD
5.004	>>> V 0.00 0.00
5.005	S 12965125 -0.26 0.44 0.00 0.00 HOLD
5.024	>>> V 0.00 0.00
5.024	S 12965145 -0.35 0.44 0.00 0.00 HOLD
5.049	>>> V 0.00 0.00
5.050	S 12965165 -0.26 0.44 0.00 0.00 HOLD
5.064	>>> V 0.00 0.00
5.064	S 12965185 -0.35 0.44 0.00 0.00 HOLD
5.086	>>> V 0.00 0.00
5.087	S 12965205 -0.26 0.44 0.00 0.00 HOLD
5.104	>>> V 0.00 0.00
5.104	S 12965225 -0.35 0.44 0.00 0.00 HOLD
5.124	>>> V 0.00 0.00
5.124	S 12965245 -0.26 0.44 0.00 0.00 HOLD
5.146	>>> V 0.00 0.00
5.147	S 12965265 -0.26 0.44 0.00 0.00 HOLD
5.163	>>> V 0.00 0.00
5.164	S 12965285 -0.26 0.44 0.00 0.00 HOLD
5.185	>>> V 0.00 0.00
5.186	S 12965305 -0.26 0.44 0.00 0.00 HOLD
5.205	>>> V 0.00 0.00
5.205	S 12965325 -0.26 0.44 0.00 0.00 HOLD
5.223	>>> V 0.00 0.00
5.224	S 12965345 -0.35 0.44 0.00 0.00 HOLD
5.244	>>> V 0.00 0.00
5.245	S 12965365 -0.26 0.44 0.00 0.00 HOLD
5.264	>>> V 0.00 0.00
5.264	S 12965385 -0.26 0.44 0.00 0.00 HOLD
5.284	>>> V 0.00 0.00
5.284	S 12965405 -0.35 0.44 0.00 0.00 HOLD
5.304	>>> V 0.00 0.00
5.304	S 12965425 -0.26 0.44 0.00 0.00 HOLD
5.323	>>> V 0.00 0.00
5.324	S 12965445 -0.26 0.44 0.00 0.00 HOLD
5.347	>>> V 0.00 0.00
5.348	S 12965465 -0.26 0.44 0.00 0.00 HOLD
5.363	>>> V 0.00 0.00
5.366	S 12965485 -0.26 0.44 0.00 0.00 HOLD
5.385	>>> V 0.00 0.00
5.387	S 12965505 -0.35 0.44 0.00 0.00 HOLD
5.406	>>> V 0.00 0.00
5.409	S 12965525 -0.26 0.44 0.00 0.00 HOLD
5.441	>>> V 0.00 0.00
5.442	S 12965545 -0.26 0.44 0.00 0.00 HOLD
5.449	S 12965565 -0.26 0.44 0.00 0.00 HOLD
5.457	>>> V 0.00 0.00
5.464	>>> V 0.00 0.00
5.465	S 12965585 -0.26 0.44 0.00 0.00 HOLD
5.484	>>> V 0.00 0.00
5.485	S 12965605 -0.26 0.44 0.00 0.00 HOLD
5.505	>>> V 0.00 0.00
5.505	S 12965625 -0.26 0.44 0.00 0.00 HOLD
5.526	>>> V 0.00 0.00
5.527	S 12965645 -0.26 0.44 0.00 0.00 HOLD
5.544	>>> V 0.00 0.00
5.545	S 12965665 -0.26 0.44 0.00 0.00 HOLD
5.565	>>> V 0.00 0.00
5.565	S 12965685 -0.26 0.44 0.00 0.00 HOLD
5.584	>>> V 0.00 0.00
5.584	S 12965705 -0.26 0.44 0.00 0.00 HOLD
5.606	>>> V 0.00 0.00
5.607	S 12965725 -0.26 0.44 0.00 0.00 HOLD
5.631	>>> V 0.00 0.00
5.633	S 12965745 -0.26 0.44 0.00 0.00 HOLD
5.644	>>> V 0.00 0.00
5.645	S 12965765 -0.26 0.44 0.00 0.00 HOLD
5.665	>>> V 0.00 0.00
5.665	S 12965785 -0.26 0.44 0.00 0.00 HOLD
5.684	>>> V 0.00 0.00
5.685	S 12965805 -0.26 0.44 0.00 0.00 HOLD
5.703	>>> V 0.00 0.00
5.704	S 12965825 -0.26 0.44 0.00 0.00 HOLD
5.724	>>> V 0.00 0.00
5.725	S 12965845 -0.26 0.44 0.00 0.00 HOLD
5.746	>>> V 0.00 0.00
5.746	S 12965865 -0.26 0.44 0.00 0.00 HOLD
5.764	>>> V 0.00 0.00
5.764	S 12965885 -0.35 0.44 0.00 0.00 HOLD
5.784	>>> V 0.00 0.00
5.786	S 12965905 -0.26 0.44 0.00 0.00 HOLD
5.805	>>> V 0.00 0.00
5.805	S 12965925 -0.26 0.44 0.00 0.00 HOLD
5.825	>>> V 0.00 0.00
5.826	S 12965945 -0.26 0.44 0.00 0.00 HOLD
5.846	>>> V 0.00 0.00
5.847	S 12965965 -0.26 0.44 0.00 0.00 HOLD
5.864	>>> V 0.00 0.00
5.865	S 12965985 -0.26 0.44 0.00 0.00 HOLD
5.884	>>> V 0.00 0.00
5.885	S 12966005 -0.26 0.44 0.00 0.00 HOLD
5.905	>>> V 0.00 0.00
5.906	S 12966025 -0.26 0.44 0.00 0.00 HOLD
5.924	>>> V 0.00 0.00
5.926	S 12966045 -0.26 0.44 0.00 0.00 HOLD
5.946	>>> V 0.00 0.00
5.949	S 12966065 -0.26 0.44 0.00 0.00 HOLD
5.966	>>> V 0.00 0.00
5.968	S 12966085 -0.26 0.44 0.00 0.00 HOLD
5.985	>>> V 0.00 0.00
5.986	S 12966105 -0.26 0.44 0.00 0.00 HOLD
6.004	>>> V 0.00 0.00
6.006	S 12966125 -0.26 0.44 0.00 0.00 HOLD
6.025	>>> V 0.00 0.00
6.025	S 12966145 -0.26 0.44 0.00 0.00 HOLD
6.048	>>> V 0.00 0.00
6.050	S 12966165 -0.26 0.44 0.00 0.00 HOLD
6.064	>>> V 0.00 0.00
6.064	S 12966185 -0.26 0.44 0.00 0.00 HOLD
6.088	>>> V 0.00 0.00
6.089	S 12966205 -0.26 0.44 0.00 0.00 HOLD
6.105	>>> V 0.00 0.00
6.106	S 12966225 -0.26 0.44 0.00 0.00 HOLD
6.131	>>> V 0.00 0.00
6.132	S 12966245 -0.26 0.44 0.00 0.00 HOLD
6.150	>>> V 0.00 0.00
6.152	S 12966265 -0.26 0.44 0.00 0.00 HOLD
6.168	>>> V 0.00 0.00
6.168	S 12966285 -0.26 0.44 0.00 0.00 HOLD
6.187	>>> V 0.00 0.00
6.187	S 12966305 -0.26 0.44 0.00 0.00 HOLD
6.204	>>> V 0.00 0.00
6.204	S 12966325 -0.26 0.44 0.00 0.00 HOLD
6.224	>>> V 0.00 0.00
6.225	S 12966345 -0.26 0.44 0.00 0.00 HOLD
6.244	>>> V 0.00 0.00
6.244	S 12966365 -0.26 0.44 0.00 0.00 HOLD
6.264	>>> V 0.00 0.00
6.265	S 12966385 -0.26 0.44 0.00 0.00 HOLD
6.284	>>> V 0.00 0.00
6.285	S 12966405 -0.26 0.44 0.00 0.00 HOLD
6.304	>>> V 0.00 0.00
6.304	S 12966425 -0.26 0.44 0.00 0.00 HOLD
6.325	>>> V 0.00 0.00
6.326	S 12966445 -0.26 0.44 0.00 0.00 HOLD
6.346	>>> V 0.00 0.00
6.350	S 12966465 -0.26 0.44 0.00 0.00 HOLD
6.364	>>> V 0.00 0.00
6.364	S 12966485 -0.26 0.44 0.00 0.00 HOLD
6.385	>>> V 0.00 0.00
6.386	S 12966505 -0.26 0.53 0.00 0.00 HOLD
6.404	>>> V 0.00 0.00
6.404	S 12966525 -0.26 0.44 0.00 0.00 HOLD
6.424	>>> V 0.00 0.00
6.425	S 12966545 -0.26 0.44 0.00 0.00 HOLD
6.445	>>> V 0.00 0.00
6.446	S 12966565 -0.26 0.44 0.00 0.00 HOLD
6.466	>>> V 0.00 0.00
6.467	S 12966585 -0.26 0.44 0.00 0.00 HOLD
6.485	>>> V 0.00 0.00
6.486	S 12966605 -0.35 0.44 0.00 0.00 HOLD
6.504	>>> V 0.00 0.00
6.504	S 12966625 -0.26 0.44 0.00 0.00 HOLD
6.525	>>> V 0.00 0.00
6.535	S 12966645 -0.26 0.44 0.00 0.00 HOLD
6.544	>>> V 0.00 0.00
6.544	S 12966665 -0.26 0.44 0.00 0.00 HOLD
6.564	>>> V 0.00 0.00
6.567	S 12966685 -0.26 0.44 0.00 0.00 HOLD
6.584	>>> V 0.00 0.00
6.587	S 12966705 -0.26 0.44 0.00 0.00 HOLD
6.603	>>> V 0.00 0.00
6.604	S 12966725 -0.26 0.44 0.00 0.00 HOLD
6.625	>>> V 0.00 0.00
6.626	S 12966745 -0.26 0.44 0.00 0.00 HOLD
6.644	>>> V 0.00 0.00
6.645	S 12966765 -0.26 0.44 0.00 0.00 HOLD
6.664	>>> V 0.00 0.00
6.666	S 12966785 -0.26 0.44 0.00 0.00 HOLD
6.684	>>> V 0.00 0.00
6.685	S 12966805 -0.26 0.44 0.00 0.00 HOLD
6.706	>>> V 0.00 0.00
6.706	S 12966825 -0.26 0.44 0.00 0.00 HOLD
6.725	>>> V 0.00 0.00
6.727	S 12966845 -0.26 0.44 0.00 0.00 HOLD
6.744	>>> V 0.00 0.00
6.744	S 12966865 -0.26 0.44 0.00 0.00 HOLD
6.765	>>> V 0.00 0.00
6.766	S 12966885 -0.26 0.44 0.00 0.00 HOLD
6.784	>>> V 0.00 0.00
6.786	S 12966905 -0.26 0.44 0.00 0.00 HOLD
6.803	>>> V 0.00 0.00
6.804	S 12966925 -0.26 0.44 0.00 0.00 HOLD
6.824	>>> V 0.00 0.00
6.825	S 12966945 -0.26 0.44 0.00 0.00 HOLD
6.846	>>> V 0.00 0.00
6.846	S 12966965 -0.26 0.44 0.00 0.00 HOLD
6.865	>>> V 0.00 0.00
6.868	S 12966985 -0.26 0.44 0.00 0.00 HOLD
6.885	>>> V 0.00 0.00
6.900	S 12967005 -0.26 0.44 0.00 0.00 HOLD
6.905	>>> V 0.00 0.00
6.906	S 12967025 -0.26 0.44 0.00 0.00 HOLD
6.925	>>> V 0.00 0.00
6.926	S 12967045 -0.26 0.44 0.00 0.00 HOLD
6.944	>>> V 0.00 0.00
6.944	S 12967065 -0.26 0.44 0.00 0.00 HOLD
6.966	>>> V 0.00 0.00
6.967	S 12967085 -0.26 0.44 0.00 0.00 HOLD
6.983	>>> V 0.00 0.00
6.984	S 12967105 -0.26 0.44 0.00 0.00 HOLD
7.005	>>> V 0.00 0.00
7.005	S 12967125 -0.26 0.44 0.00 0.00 HOLD
7.023	>>> V 0.00 0.00
7.024	S 12967145 -0.26 0.44 0.00 0.00 HOLD
7.045	>>> V 0.00 0.00
7.046	S 12967165 -0.26 0.44 0.00 0.00 HOLD
7.064	>>> V 0.00 0.00
7.066	S 12967185 -0.26 0.44 0.00 0.00 HOLD
7.086	>>> V 0.00 0.00
7.087	S 12967205 -0.26 0.44 0.00 0.00 HOLD
7.107	>>> V 0.00 0.00
7.110	S 12967225 -0.26 0.44 0.00 0.00 HOLD
7.126	>>> V 0.00 0.00
7.126	S 12967245 -0.26 0.44 0.00 0.00 HOLD
7.144	>>> V 0.00 0.00
7.145	S 12967265 -0.26 0.44 0.00 0.00 HOLD
7.165	>>> V 0.00 0.00
7.165	S 12967285 -0.26 0.44 0.00 0.00 HOLD
7.186	>>> V 0.00 0.00
7.186	S 12967305 -0.26 0.44 0.00 0.00 HOLD
7.205	>>> V 0.00 0.00
7.205	S 12967325 -0.35 0.44 0.00 0.00 HOLD
7.225	>>> V 0.00 0.00
7.226	S 12967345 -0.26 0.44 0.00 0.00 HOLD
7.248	>>> V 0.00 0.00
7.251	S 12967365 -0.26 0.44 0.00 0.00 HOLD
7.266	>>> V 0.00 0.00
7.266	S 12967385 -0.26 0.44 0.00 0.00 HOLD
7.285	>>> V 0.00 0.00
7.286	S 12967405 -0.26 0.44 0.00 0.00 HOLD
7.303	>>> V 0.00 0.00
7.304	S 12967425 -0.26 0.44 0.00 0.00 HOLD
7.326	>>> V 0.00 0.00
7.327	S 12967445 -0.26 0.44 0.00 0.00 HOLD
7.344	>>> V 0.00 0.00
7.344	S 12967465 -0.26 0.44 0.00 0.00 HOLD
7.366	>>> V 0.00 0.00
7.367	S 12967485 -0.26 0.44 0.00 0.00 HOLD
7.384	>>> V 0.00 0.00
7.385	S 12967505 -0.26 0.44 0.00 0.00 HOLD
7.407	>>> V 0.00 0.00
7.409	S 12967525 -0.26 0.44 0.00 0.00 HOLD
7.426	>>> V 0.00 0.00
7.427	S 12967545 -0.26 0.44 0.00 0.00 HOLD
7.445	>>> V 0.00 0.00
7.450	S 12967565 -0.26 0.44 0.00 0.00 HOLD
7.468	>>> V 0.00 0.00
7.471	S 12967585 -0.26 0.44 0.00 0.00 HOLD
7.484	>>> V 0.00 0.00
7.485	S 12967605 -0.26 0.44 0.00 0.00 HOLD
7.505	>>> V 0.00 0.00
7.506	S 12967625 -0.26 0.44 0.00 0.00 HOLD
7.524	>>> V 0.00 0.00
7.525	S 12967645 -0.26 0.44 0.00 0.00 HOLD
7.543	>>> V 0.00 0.00
7.544	S 12967665 -0.26 0.44 0.00 0.00 HOLD
7.564	>>> V 0.00 0.00
7.564	S 12967685 -0.26 0.44 0.00 0.00 HOLD
7.584	>>> V 0.00 0.00
7.585	S 12967705 -0.26 0.44 0.00 0.00 HOLD
7.604	>>> V 0.00 0.00
7.606	S 12967725 -0.26 0.44 0.00 0.00 HOLD
7.625	>>> V 0.00 0.00
7.625	S 12967745 -0.26 0.44 0.00 0.00 HOLD
7.644	>>> V 0.00 0.00
7.644	S 12967765 -0.26 0.44 0.00 0.00 HOLD
7.664	>>> V 0.00 0.00
7.665	S 12967785 -0.26 0.44 0.00 0.00 HOLD
7.683	>>> V 0.00 0.00
7.684	S 12967805 -0.26 0.44 0.00 0.00 HOLD
7.705	>>> V 0.00 0.00
7.706	S 12967825 -0.26 0.44 0.00 0.00 HOLD
7.724	>>> V 0.00 0.00
7.724	S 12967845 -0.26 0.44 0.00 0.00 HOLD
7.744	>>> V 0.00 0.00
7.745	S 12967865 -0.26 0.44 0.00 0.00 HOLD
7.767	>>> V 0.00 0.00
7.768	S 12967885 -0.26 0.44 0.00 0.00 HOLD
7.788	>>> V 0.00 0.00
7.790	S 12967905 -0.26 0.44 0.00 0.00 HOLD
7.805	>>> V 0.00 0.00
7.809	S 12967925 -0.26 0.44 0.00 0.00 HOLD
7.828	>>> V 0.00 0.00
7.828	S 12967945 -0.26 0.44 0.00 0.00 HOLD
7.846	>>> V 0.00 0.00
7.848	S 12967965 -0.26 0.44 0.00 0.00 HOLD
7.864	>>> V 0.00 0.00
7.865	S 12967985 -0.26 0.44 0.00 0.00 HOLD
7.888	>>> V 0.00 0.00
7.889	S 12968005 -0.26 0.44 0.00 0.00 HOLD
7.904	>>> V 0.00 0.00
7.905	S 12968025 -0.26 0.44 0.00 0.00 HOLD
7.924	>>> V 0.00 0.00
7.925	S 12968045 -0.26 0.44 0.00 0.00 HOLD
7.947	>>> V 0.00 0.00
7.949	S 12968065 -0.26 0.44 0.00 0.00 HOLD
7.967	>>> V 0.00 0.00
7.967	S 12968085 -0.26 0.44 0.00 0.00 HOLD
7.984	>>> V 0.00 0.00
7.986	S 12968105 -0.26 0.44 0.00 0.00 HOLD
8.007	>>> V 0.00 0.00
8.007	S 12968125 -0.26 0.44 0.00 0.00 HOLD
8.025	>>> V 0.00 0.00
8.025	S 12968145 -0.26 0.44 0.00 0.00 HOLD
8.043	>>> V 0.00 0.00
8.044	S 12968165 -0.26 0.44 0.00 0.00 HOLD
8.065	>>> V 0.00 0.00
8.066	S 12968185 -0.26 0.44 0.00 0.00 HOLD
8.084	>>> V 0.00 0.00
8.085	S 12968205 -0.26 0.44 0.00 0.00 HOLD
8.105	>>> V 0.00 0.00
8.106	S 12968225 -0.26 0.44 0.00 0.00 HOLD
8.123	>>> V 0.00 0.00
8.124	S 12968245 -0.26 0.44 0.00 0.00 HOLD
8.146	>>> V 0.00 0.00
8.147	S 12968265 -0.26 0.44 0.00 0.00 HOLD
8.169	>>> V 0.00 0.00
8.170	S 12968285 -0.26 0.44 0.00 0.00 HOLD
8.188	>>> V 0.00 0.00
8.192	S 12968305 -0.26 0.44 0.00 0.00 HOLD
8.204	>>> V 0.00 0.00
8.206	S 12968325 -0.26 0.44 0.00 0.00 HOLD
8.224	>>> V 0.00 0.00
8.224	S 12968345 -0.26 0.44 0.00 0.00 HOLD
8.243	>>> V 0.00 0.00
8.244	S 12968365 -0.26 0.44 0.00 0.00 HOLD
8.263	>>> V 0.00 0.00
8.264	S 12968385 -0.26 0.44 0.00 0.00 HOLD
8.285	>>> V 0.00 0.00
8.286	S 12968405 -0.26 0.44 0.00 0.00 HOLD
8.307	>>> V 0.00 0.00
8.308	S 12968425 -0.26 0.44 0.00 0.00 HOLD
8.329	>>> V 0.00 0.00
8.330	S 12968445 -0.26 0.44 0.00 0.00 HOLD
8.348	>>> V 0.00 0.00
8.350	S 12968465 -0.26 0.44 0.00 0.00 HOLD
8.369	>>> V 0.00 0.00
8.370	S 12968485 -0.35 0.44 0.00 0.00 HOLD
8.386	>>> V 0.00 0.00
8.389	S 12968505 -0.26 0.44 0.00 0.00 HOLD
8.404	>>> V 0.00 0.00
8.405	S 12968525 -0.26 0.44 0.00 0.00 HOLD
8.424	>>> V 0.00 0.00
8.424	S 12968545 -0.26 0.44 0.00 0.00 HOLD
8.443	>>> V 0.00 0.00
8.444	S 12968565 -0.26 0.44 0.00 0.00 HOLD
8.464	>>> V 0.00 0.00
8.465	S 12968585 -0.35 0.44 0.00 0.00 HOLD
8.485	>>> V 0.00 0.00
8.495	S 12968605 -0.26 0.44 0.00 0.00 HOLD
8.505	>>> V 0.00 0.00
8.505	S 12968625 -0.26 0.44 0.00 0.00 HOLD
8.524	>>> V 0.00 0.00
8.525	S 12968645 -0.26 0.44 0.00 0.00 HOLD
8.544	>>> V 0.00 0.00
8.544	S 12968665 -0.26 0.44 0.00 0.00 HOLD
8.573	>>> V 0.00 0.00
8.576	S 12968685 -0.26 0.44 0.00 0.00 HOLD
8.586	>>> V 0.00 0.00
8.587	S 12968705 -0.26 0.44 0.00 0.00 HOLD
8.604	>>> V 0.00 0.00
8.604	S 12968725 -0.26 0.44 0.00 0.00 HOLD
8.623	>>> V 0.00 0.00
8.624	S 12968745 -0.26 0.44 0.00 0.00 HOLD
8.645	>>> V 0.00 0.00
8.645	S 12968765 -0.26 0.44 0.00 0.00 HOLD
8.664	>>> V 0.00 0.00
8.665	S 12968785 -0.35 0.44 0.00 0.00 HOLD
8.685	>>> V 0.00 0.00
8.686	S 12968805 -0.26 0.44 0.00 0.00 HOLD
8.707	>>> V 0.00 0.00
8.708	S 12968825 -0.26 0.44 0.00 0.00 HOLD
8.727	>>> V 0.00 0.00
8.727	S 12968845 -0.26 0.44 0.00 0.00 HOLD
8.745	>>> V 0.00 0.00
8.746	S 12968865 -0.26 0.44 0.00 0.00 HOLD
8.767	>>> V 0.00 0.00
8.771	S 12968885 -0.26 0.44 0.00 0.00 HOLD
8.785	>>> V 0.00 0.00
8.785	S 12968905 -0.26 0.44 0.00 0.00 HOLD
8.805	>>> V 0.00 0.00
8.805	S 12968925 -0.26 0.44 0.00 0.00 HOLD
8.824	>>> V 0.00 0.00
8.825	S 12968945 -0.26 0.44 0.00 0.00 HOLD
8.845	>>> V 0.00 0.00
8.845	S 12968965 -0.26 0.44 0.00 0.00 HOLD
8.864	>>> V 0.00 0.00
8.864	S 12968985 -0.26 0.44 0.00 0.00 HOLD
8.887	>>> V 0.00 0.00
8.891	S 12969005 -0.26 0.44 0.00 0.00 HOLD
8.906	>>> V 0.00 0.00
8.907	S 12969025 -0.26 0.44 0.00 0.00 HOLD
8.925	>>> V 0.00 0.00
8.925	S 12969045 -0.26 0.44 0.00 0.00 HOLD
8.949	>>> V 0.00 0.00
8.950	S 12969065 -0.26 0.44 0.00 0.00 HOLD
8.970	>>> V 0.00 0.00
8.972	S 12969085 -0.26 0.44 0.00 0.00 HOLD
8.984	>>> V 0.00 0.00
8.984	S 12969105 -0.26 0.44 0.00 0.00 HOLD
9.005	>>> V 0.00 0.00
9.006	S 12969125 -0.26 0.44 0.00 0.00 HOLD
9.024	>>> V 0.00 0.00
9.024	S 12969146 -0.26 0.44 0.00 0.00 HOLD
9.044	>>> V 0.00 0.00
9.045	S 12969166 -0.26 0.44 0.00 0.00 HOLD
9.064	>>> V 0.00 0.00
9.065	S 12969186 -0.26 0.44 0.00 0.00 HOLD
9.088	>>> V 0.00 0.00
9.091	S 12969206 -0.26 0.44 0.00 0.00 HOLD
9.104	>>> V 0.00 0.00
9.104	S 12969226 -0.26 0.44 0.00 0.00 HOLD
9.129	>>> V 0.00 0.00
9.129	S 12969246 -0.26 0.44 0.00 0.00 HOLD
9.144	>>> V 0.00 0.00
9.144	S 12969266 -0.26 0.44 0.00 0.00 HOLD
9.163	>>> V 0.00 0.00
9.165	S 12969286 -0.26 0.44 0.00 0.00 HOLD
9.183	>>> V 0.00 0.00
9.184	S 12969306 -0.26 0.44 0.00 0.00 HOLD
9.204	>>> V 0.00 0.00
9.204	S 12969326 -0.26 0.44 0.00 0.00 HOLD
9.224	>>> V 0.00 0.00
9.225	S 12969346 -0.26 0.44 0.00 0.00 HOLD
9.244	>>> V 0.00 0.00
9.246	S 12969366 -0.26 0.44 0.00 0.00 HOLD
9.267	>>> V 0.00 0.00
9.268	S 12969386 -0.26 0.44 0.00 0.00 HOLD
9.288	>>> V 0.00 0.00
9.289	S 12969406 -0.26 0.44 0.00 0.00 HOLD
9.306	>>> V 0.00 0.00
9.312	S 12969426 -0.26 0.44 0.00 0.00 HOLD
9.333	>>> V 0.00 0.00
9.333	S 12969446 -0.26 0.44 0.00 0.00 HOLD
9.344	>>> V 0.00 0.00
9.345	S 12969466 -0.26 0.44 0.00 0.00 HOLD
9.364	>>> V 0.00 0.00
9.364	S 12969486 -0.35 0.44 0.00 0.00 HOLD
9.385	>>> V 0.00 0.00
9.385	S 12969506 -0.26 0.44 0.00 0.00 HOLD
9.404	>>> V 0.00 0.00
9.404	S 12969526 -0.35 0.44 0.00 0.00 HOLD
9.426	>>> V 0.00 0.00
9.426	S 12969546 -0.26 0.44 0.00 0.00 HOLD
9.445	>>> V 0.00 0.00
9.445	S 12969566 -0.26 0.44 0.00 0.00 HOLD
9.465	>>> V 0.00 0.00
9.471	S 12969586 -0.26 0.44 0.00 0.00 HOLD
9.486	>>> V 0.00 0.00
9.487	S 12969606 -0.26 0.44 0.00 0.00 HOLD
9.506	>>> V 0.00 0.00
9.508	S 12969626 -0.26 0.44 0.00 0.00 HOLD
9.527	>>> V 0.00 0.00
9.528	S 12969646 -0.26 0.44 0.00 0.00 HOLD
9.543	>>> V 0.00 0.00
9.544	S 12969666 -0.26 0.44 0.00 0.00 HOLD
9.564	>>> V 0.00 0.00
9.564	S 12969686 -0.35 0.44 0.00 0.00 HOLD
9.584	>>> V 0.00 0.00
9.585	S 12969706 -0.26 0.44 0.00 0.00 HOLD
9.604	>>> V 0.00 0.00
9.604	S 12969726 -0.26 0.44 0.00 0.00 HOLD
9.624	>>> V 0.00 0.00
9.624	S 12969746 -0.26 0.44 0.00 0.00 HOLD
9.646	>>> V 0.00 0.00
9.646	S 12969766 -0.26 0.44 0.00 0.00 HOLD
9.664	>>> V 0.00 0.00
9.665	S 12969786 -0.26 0.44 0.00 0.00 HOLD
9.688	>>> V 0.00 0.00
9.692	S 12969806 -0.26 0.44 0.00 0.00 HOLD
9.707	>>> V 0.00 0.00
9.708	S 12969826 -0.35 0.44 0.00 0.00 HOLD
9.724	>>> V 0.00 0.00
9.725	S 12969846 -0.26 0.44 0.00 0.00 HOLD
9.746	>>> V 0.00 0.00
9.747	S 12969866 -0.26 0.44 0.00 0.00 HOLD
9.765	>>> V 0.00 0.00
9.765	S 12969886 -0.26 0.44 0.00 0.00 HOLD
9.784	>>> V 0.00 0.00
9.785	S 12969906 -0.26 0.44 0.00 0.00 HOLD
9.804	>>> V 0.00 0.00
9.804	S 12969926 -0.26 0.44 0.00 0.00 HOLD
9.825	>>> V 0.00 0.00
9.828	S 12969946 -0.26 0.44 0.00 0.00 HOLD
9.844	>>> V 0.00 0.00
9.845	S 12969966 -0.26 0.44 0.00 0.00 HOLD
9.866	>>> V 0.00 0.00
9.866	S 12969986 -0.26 0.44 0.00 0.00 HOLD
9.884	>>> V 0.00 0.00
9.886	S 12970006 -0.26 0.44 0.00 0.00 HOLD
9.904	>>> V 0.00 0.00
9.905	S 12970026 -0.26 0.53 0.00 0.00 HOLD
9.925	>>> V 0.00 0.00
9.926	S 12970046 -0.26 0.44 0.00 0.00 HOLD
9.944	>>> V 0.00 0.00
9.945	S 12970066 -0.35 0.44 0.00 0.00 HOLD
9.964	>>> V 0.00 0.00
9.965	S 12970086 -0.26 0.35 0.00 0.00 HOLD
9.985	>>> V 0.00 0.00
9.985	S 12970106 -0.26 0.44 0.00 0.00 HOLD
10.004	>>> V 0.00 0.00
10.006	S 12970126 -0.26 0.44 0.00 0.00 HOLD
10.027	>>> V 0.00 0.00
10.027	S 12970146 -0.35 0.44 0.00 0.00 HOLD
10.048	>>> V 0.00 0.00
10.048	S 12970166 -0.26 0.44 0.00 0.00 HOLD
10.066	>>> V 0.00 0.00
10.067	S 12970186 -0.35 0.44 0.00 0.00 HOLD
10.084	>>> V 0.00 0.00
10.085	S 12970206 -0.26 0.44 0.00 0.00 HOLD
10.105	>>> V 0.00 0.00
10.106	S 12970226 -0.26 0.44 0.00 0.00 HOLD
10.124	>>> V 0.00 0.00
10.124	S 12970246 -0.26 0.44 0.00 0.00 HOLD
10.144	>>> V 0.00 0.00
10.144	S 12970266 -0.35 0.44 0.00 0.00 HOLD
10.163	>>> V 0.00 0.00
10.164	S 12970286 -0.26 0.44 0.00 0.00 HOLD
10.185	>>> V 0.00 0.00
10.187	S 12970306 -0.26 0.44 0.00 0.00 HOLD
10.204	>>> V 0.00 0.00
10.204	S 12970326 -0.26 0.44 0.00 0.00 HOLD
10.225	>>> V 0.00 0.00
10.226	S 12970346 -0.26 0.44 0.00 0.00 HOLD
10.243	>>> V 0.00 0.00
10.244	S 12970366 -0.26 0.44 0.00 0.00 HOLD
10.267	>>> V 0.00 0.00
10.268	S 12970386 -0.26 0.44 0.00 0.00 HOLD
10.285	>>> V 0.00 0.00
10.286	S 12970406 -0.26 0.44 0.00 0.00 HOLD
10.304	>>> V 0.00 0.00
10.305	S 12970426 -0.26 0.44 0.00 0.00 HOLD
10.326	>>> V 0.00 0.00
10.327	S 12970446 -0.26 0.44 0.00 0.00 HOLD
10.344	>>> V 0.00 0.00
10.344	S 12970466 -0.26 0.44 0.00 0.00 HOLD
10.367	>>> V 0.00 0.00
10.368	S 12970486 -0.35 0.44 0.00 0.00 HOLD
10.392	>>> V 0.00 0.00
10.394	S 12970506 -0.26 0.44 0.00 0.00 HOLD
10.404	>>> V 0.00 0.00
10.408	S 12970526 -0.26 0.44 0.00 0.00 HOLD
10.426	>>> V 0.00 0.00
10.427	S 12970546 -0.26 0.44 0.00 0.00 HOLD
10.444	>>> V 0.00 0.00
10.445	S 12970566 -0.26 0.44 0.00 0.00 HOLD
10.464	>>> V 0.00 0.00
10.465	S 12970586 -0.26 0.44 0.00 0.00 HOLD
10.484	>>> V 0.00 0.00
10.484	S 12970606 -0.26 0.44 0.00 0.00 HOLD
10.504	>>> V 0.00 0.00
10.504	S 12970626 -0.26 0.53 0.00 0.00 HOLD
10.524	>>> V 0.00 0.00
10.524	S 12970646 -0.26 0.44 0.00 0.00 HOLD
10.544	>>> V 0.00 0.00
10.544	S 12970666 -0.26 0.44 0.00 0.00 HOLD
10.566	>>> V 0.00 0.00
10.567	S 12970686 -0.26 0.44 0.00 0.00 HOLD
10.587	>>> V 0.00 0.00
10.588	S 12970706 -0.26 0.44 0.00 0.00 HOLD
10.610	>>> V 0.00 0.00
10.610	S 12970726 -0.26 0.44 0.00 0.00 HOLD
10.632	>>> V 0.00 0.00
10.633	S 12970746 -0.26 0.44 0.00 0.00 HOLD
10.644	>>> V 0.00 0.00
10.645	S 12970766 -0.26 0.44 0.00 0.00 HOLD
10.664	>>> V 0.00 0.00
10.665	S 12970786 -0.26 0.44 0.00 0.00 HOLD
10.685	>>> V 0.00 0.00
10.685	S 12970806 -0.26 0.44 0.00 0.00 HOLD
10.703	>>> V 0.00 0.00
10.705	S 12970826 -0.26 0.44 0.00 0.00 HOLD
10.723	>>> V 0.00 0.00
10.724	S 12970846 -0.26 0.44 0.00 0.00 HOLD
10.744	>>> V 0.00 0.00
10.745	S 12970866 -0.26 0.44 0.00 0.00 HOLD
10.766	>>> V 0.00 0.00
10.768	S 12970886 -0.26 0.44 0.00 0.00 HOLD
10.787	>>> V 0.00 0.00
10.792	S 12970906 -0.26 0.44 0.00 0.00 HOLD
10.803	>>> V 0.00 0.00
10.804	S 12970926 -0.26 0.44 0.00 0.00 HOLD
10.832	>>> V 0.00 0.00
10.834	S 12970946 -0.26 0.44 0.00 0.00 HOLD
10.844	>>> V 0.00 0.00
10.844	S 12970966 -0.26 0.44 0.00 0.00 HOLD
10.865	>>> V 0.00 0.00
10.866	S 12970986 -0.26 0.44 0.00 0.00 HOLD
10.884	>>> V 0.00 0.00
10.885	S 12971006 -0.26 0.44 0.00 0.00 HOLD
10.904	>>> V 0.00 0.00
10.904	S 12971026 -0.26 0.44 0.00 0.00 HOLD
10.924	>>> V 0.00 0.00
10.926	S 12971046 -0.35 0.44 0.00 0.00 HOLD
10.944	>>> V 0.00 0.00
10.944	S 12971066 -0.26 0.44 0.00 0.00 HOLD
10.967	>>> V 0.00 0.00
10.967	S 12971086 -0.26 0.44 0.00 0.00 HOLD
10.985	>>> V 0.00 0.00
10.988	S 12971106 -0.26 0.44 0.00 0.00 HOLD
11.008	>>> V 0.00 0.00
11.008	S 12971126 -0.26 0.44 0.00 0.00 HOLD
11.025	>>> V 0.00 0.00
11.025	S 12971146 -0.35 0.44 0.00 0.00 HOLD
11.044	>>> V 0.00 0.00
11.044	S 12971166 -0.26 0.44 0.00 0.00 HOLD
11.064	>>> V 0.00 0.00
11.064	S 12971186 -0.26 0.44 0.00 0.00 HOLD
11.086	>>> V 0.00 0.00
11.087	S 12971206 -0.26 0.44 0.00 0.00 HOLD
11.105	>>> V 0.00 0.00
11.105	S 12971226 -0.26 0.44 0.00 0.00 HOLD
11.125	>>> V 0.00 0.00
11.125	S 12971246 -0.26 0.44 0.00 0.00 HOLD
11.144	>>> V 0.00 0.00
11.146	S 12971266 -0.35 0.44 0.00 0.00 HOLD
11.167	>>> V 0.00 0.00
11.168	S 12971286 -0.26 0.44 0.00 0.00 HOLD
11.187	>>> V 0.00 0.00
11.189	S 12971306 -0.26 0.44 0.00 0.00 HOLD
11.208	>>> V 0.00 0.00
11.210	S 12971326 -0.35 0.44 0.00 0.00 HOLD
11.224	>>> V 0.00 0.00
11.224	S 12971346 -0.35 0.44 0.00 0.00 HOLD
11.244	>>> V 0.00 0.00
11.244	S 12971366 -0.26 0.44 0.00 0.00 HOLD
11.266	>>> V 0.00 0.00
11.266	S 12971386 -0.26 0.44 0.00 0.00 HOLD
11.284	>>> V 0.00 0.00
11.285	S 12971406 -0.26 0.44 0.00 0.00 HOLD
11.304	>>> V 0.00 0.00
11.304	S 12971426 -0.26 0.44 0.00 0.00 HOLD
11.329	>>> V 0.00 0.00
11.330	S 12971446 -0.26 0.44 0.00 0.00 HOLD
11.346	>>> V 0.00 0.00
11.347	S 12971466 -0.26 0.44 0.00 0.00 HOLD
11.367	>>> V 0.00 0.00
11.368	S 12971486 -0.26 0.44 0.00 0.00 HOLD
11.386	>>> V 0.00 0.00
11.387	S 12971506 -0.26 0.44 0.00 0.00 HOLD
11.406	>>> V 0.00 0.00
11.406	S 12971526 -0.26 0.44 0.00 0.00 HOLD
11.424	>>> V 0.00 0.00
11.424	S 12971546 -0.26 0.44 0.00 0.00 HOLD
11.443	>>> V 0.00 0.00
11.444	S 12971566 -0.26 0.44 0.00 0.00 HOLD
11.463	>>> V 0.00 0.00
11.464	S 12971586 -0.26 0.44 0.00 0.00 HOLD
11.484	>>> V 0.00 0.00
11.485	S 12971606 -0.26 0.44 0.00 0.00 HOLD
11.504	>>> V 0.00 0.00
11.505	S 12971626 -0.26 0.44 0.00 0.00 HOLD
11.529	>>> V 0.00 0.00
11.530	S 12971646 -0.26 0.44 0.00 0.00 HOLD
11.544	>>> V 0.00 0.00
11.544	S 12971666 -0.26 0.44 0.00 0.00 HOLD
11.567	>>> V 0.00 0.00
11.568	S 12971686 -0.26 0.44 0.00 0.00 HOLD
11.586	>>> V 0.00 0.00
11.587	S 12971706 -0.26 0.44 0.00 0.00 HOLD
11.603	>>> V 0.00 0.00
11.604	S 12971726 -0.26 0.44 0.00 0.00 HOLD
11.625	>>> V 0.00 0.00
11.626	S 12971746 -0.26 0.44 0.00 0.00 HOLD
11.644	>>> V 0.00 0.00
11.644	S 12971766 -0.26 0.44 0.00 0.00 HOLD
11.666	>>> V 0.00 0.00
11.666	S 12971786 -0.26 0.44 0.00 0.00 HOLD
11.684	>>> V 0.00 0.00
11.685	S 12971806 -0.26 0.44 0.00 0.00 HOLD
11.704	>>> V 0.00 0.00
11.707	S 12971826 -0.26 0.44 0.00 0.00 HOLD
11.726	>>> V 0.00 0.00
11.729	S 12971846 -0.26 0.44 0.00 0.00 HOLD
11.747	>>> V 0.00 0.00
11.748	S 12971866 -0.26 0.44 0.00 0.00 HOLD
11.766	>>> V 0.00 0.00
11.768	S 12971886 -0.26 0.44 0.00 0.00 HOLD
11.784	>>> V 0.00 0.00
11.786	S 12971906 -0.26 0.44 0.00 0.00 HOLD
11.805	>>> V 0.00 0.00
11.805	S 12971926 -0.26 0.44 0.00 0.00 HOLD
11.824	>>> V 0.00 0.00
11.825	S 12971946 -0.26 0.44 0.00 0.00 HOLD
11.844	>>> V 0.00 0.00
11.844	S 12971966 -0.26 0.44 0.00 0.00 HOLD
11.864	>>> V 0.00 0.00
11.864	S 12971986 -0.26 0.44 0.00 0.00 HOLD
11.884	>>> V 0.00 0.00
11.884	S 12972006 -0.26 0.44 0.00 0.00 HOLD
11.907	>>> V 0.00 0.00
11.910	S 12972026 -0.26 0.44 0.00 0.00 HOLD
11.928	>>> V 0.00 0.00
11.929	S 12972046 -0.26 0.44 0.00 0.00 HOLD
11.949	>>> V 0.00 0.00
11.951	S 12972066 -0.26 0.44 0.00 0.00 HOLD
11.966	>>> V 0.00 0.00
11.967	S 12972086 -0.26 0.44 0.00 0.00 HOLD
11.984	>>> V 0.00 0.00
11.985	S 12972106 -0.26 0.44 0.00 0.00 HOLD
12.004	>>> V 0.00 0.00
12.005	S 12972126 -0.26 0.44 0.00 0.00 HOLD
12.024	>>> V 0.00 0.00
12.024	S 12972146 -0.26 0.44 0.00 0.00 HOLD
12.044	>>> V 0.00 0.00
12.045	S 12972166 -0.26 0.44 0.00 0.00 HOLD
12.065	>>> V 0.00 0.00
12.065	S 12972186 -0.26 0.44 0.00 0.00 HOLD
12.085	>>> V 0.00 0.00
12.087	S 12972206 -0.35 0.44 0.00 0.00 HOLD
12.105	>>> V 0.00 0.00
12.107	S 12972226 -0.26 0.44 0.00 0.00 HOLD
12.125	>>> V 0.00 0.00
12.127	S 12972246 -0.26 0.44 0.00 0.00 HOLD
12.145	>>> V 0.00 0.00
12.148	S 12972266 -0.26 0.44 0.00 0.00 HOLD
12.168	>>> V 0.00 0.00
12.172	S 12972286 -0.26 0.44 0.00 0.00 HOLD
12.185	>>> V 0.00 0.00
12.185	S 12972306 -0.26 0.44 0.00 0.00 HOLD
12.204	>>> V 0.00 0.00
12.205	S 12972326 -0.35 0.44 0.00 0.00 HOLD
12.224	>>> V 0.00 0.00
12.224	S 12972346 -0.26 0.44 0.00 0.00 HOLD
12.244	>>> V 0.00 0.00
12.244	S 12972366 -0.26 0.44 0.00 0.00 HOLD
12.264	>>> V 0.00 0.00
12.265	S 12972386 -0.26 0.44 0.00 0.00 HOLD
12.284	>>> V 0.00 0.00
12.284	S 12972406 -0.26 0.44 0.00 0.00 HOLD
12.311	>>> V 0.00 0.00
12.313	S 12972426 -0.26 0.44 0.00 0.00 HOLD
12.326	>>> V 0.00 0.00
12.327	S 12972446 -0.26 0.44 0.00 0.00 HOLD
12.344	>>> V 0.00 0.00
12.346	S 12972466 -0.26 0.44 0.00 0.00 HOLD
12.364	>>> V 0.00 0.00
12.365	S 12972486 -0.26 0.44 0.00 0.00 HOLD
12.385	>>> V 0.00 0.00
12.385	S 12972506 -0.26 0.44 0.00 0.00 HOLD
12.404	>>> V 0.00 0.00
12.404	S 12972526 -0.35 0.44 0.00 0.00 HOLD
12.424	>>> V 0.00 0.00
12.424	S 12972546 -0.26 0.44 0.00 0.00 HOLD
12.445	>>> V 0.00 0.00
12.446	S 12972566 -0.35 0.44 0.00 0.00 HOLD
12.464	>>> V 0.00 0.00
12.465	S 12972586 -0.26 0.44 0.00 0.00 HOLD
12.488	>>> V 0.00 0.00
12.489	S 12972606 -0.26 0.44 0.00 0.00 HOLD
12.515	>>> V 0.00 0.00
12.516	S 12972626 -0.26 0.44 0.00 0.00 HOLD
12.525	>>> V 0.00 0.00
12.530	S 12972646 -0.26 0.44 0.00 0.00 HOLD
12.547	>>> V 0.00 0.00
12.551	S 12972666 -0.26 0.44 0.00 0.00 HOLD
12.565	>>> V 0.00 0.00
12.565	S 12972686 -0.26 0.44 0.00 0.00 HOLD
12.583	>>> V 0.00 0.00
12.584	S 12972706 -0.26 0.44 0.00 0.00 HOLD
12.605	>>> V 0.00 0.00
12.605	S 12972726 -0.26 0.44 0.00 0.00 HOLD
12.624	>>> V 0.00 0.00
12.624	S 12972746 -0.26 0.44 0.00 0.00 HOLD
12.644	>>> V 0.00 0.00
12.644	S 12972766 -0.26 0.44 0.00 0.00 HOLD
12.663	>>> V 0.00 0.00
12.665	S 12972786 -0.26 0.44 0.00 0.00 HOLD
12.684	>>> V 0.00 0.00
12.685	S 12972806 -0.26 0.44 0.00 0.00 HOLD
12.707	>>> V 0.00 0.00
12.708	S 12972826 -0.26 0.44 0.00 0.00 HOLD
12.724	>>> V 0.00 0.00
12.727	S 12972846 -0.26 0.44 0.00 0.00 HOLD
12.744	>>> V 0.00 0.00
12.744	S 12972866 -0.26 0.44 0.00 0.00 HOLD
12.764	>>> V 0.00 0.00
12.766	S 12972886 -0.26 0.44 0.00 0.00 HOLD
12.785	>>> V 0.00 0.00
12.787	S 12972906 -0.26 0.44 0.00 0.00 HOLD
12.805	>>> V 0.00 0.00
12.806	S 12972926 -0.26 0.44 0.00 0.00 HOLD
12.823	>>> V 0.00 0.00
12.824	S 12972946 -0.26 0.44 0.00 0.00 HOLD
12.847	>>> V 0.00 0.00
12.857	S 12972966 -0.26 0.44 0.00 0.00 HOLD
12.864	>>> V 0.00 0.00
12.866	S 12972986 -0.26 0.44 0.00 0.00 HOLD
12.886	>>> V 0.00 0.00
12.888	S 12973006 -0.35 0.44 0.00 0.00 HOLD
12.908	>>> V 0.00 0.00
12.908	S 12973026 -0.26 0.44 0.00 0.00 HOLD
12.924	>>> V 0.00 0.00
12.925	S 12973046 -0.26 0.44 0.00 0.00 HOLD
12.943	>>> V 0.00 0.00
12.944	S 12973066 -0.26 0.44 0.00 0.00 HOLD
12.965	>>> V 0.00 0.00
12.966	S 12973086 -0.26 0.44 0.00 0.00 HOLD
12.984	>>> V 0.00 0.00
12.985	S 12973106 -0.26 0.53 0.00 0.00 HOLD
13.004	>>> V 0.00 0.00
13.005	S 12973126 -0.26 0.44 0.00 0.00 HOLD
13.024	>>> V 0.00 0.00
13.026	S 12973146 -0.26 0.44 0.00 0.00 HOLD
13.044	>>> V 0.00 0.00
13.044	S 12973166 -0.26 0.44 0.00 0.00 HOLD
13.067	>>> V 0.00 0.00
13.070	S 12973186 -0.26 0.44 0.00 0.00 HOLD
13.084	>>> V 0.00 0.00
13.087	S 12973206 -0.26 0.44 0.00 0.00 HOLD
13.106	>>> V 0.00 0.00
13.110	S 12973226 -0.26 0.44 0.00 0.00 HOLD
13.124	>>> V 0.00 0.00
13.124	S 12973246 -0.35 0.44 0.00 0.00 HOLD
13.144	>>> V 0.00 0.00
13.145	S 12973266 -0.26 0.44 0.00 0.00 HOLD
13.164	>>> V 0.00 0.00
13.164	S 12973286 -0.26 0.44 0.00 0.00 HOLD
13.184	>>> V 0.00 0.00
13.185	S 12973306 -0.26 0.44 0.00 0.00 HOLD
13.204	>>> V 0.00 0.00
13.205	S 12973326 -0.35 0.44 0.00 0.00 HOLD
13.225	>>> V 0.00 0.00
13.232	S 12973346 -0.26 0.44 0.00 0.00 HOLD
13.246	>>> V 0.00 0.00
13.247	S 12973366 -0.26 0.44 0.00 0.00 HOLD
13.268	>>> V 0.00 0.00
13.272	S 12973386 -0.26 0.44 0.00 0.00 HOLD
13.284	>>> V 0.00 0.00
13.289	S 12973406 -0.26 0.44 0.00 0.00 HOLD
13.305	>>> V 0.00 0.00
13.306	S 12973426 -0.26 0.44 0.00 0.00 HOLD
13.324	>>> V 0.00 0.00
13.324	S 12973446 -0.26 0.44 0.00 0.00 HOLD
13.344	>>> V 0.00 0.00
13.344	S 12973466 -0.26 0.44 0.00 0.00 HOLD
13.365	>>> V 0.00 0.00
13.366	S 12973486 -0.26 0.44 0.00 0.00 HOLD
13.385	>>> V 0.00 0.00
13.386	S 12973506 -0.26 0.44 0.00 0.00 HOLD
13.405	>>> V 0.00 0.00
13.408	S 12973526 -0.26 0.44 0.00 0.00 HOLD
13.429	>>> V 0.00 0.00
13.433	S 12973546 -0.26 0.44 0.00 0.00 HOLD
13.448	>>> V 0.00 0.00
13.448	S 12973566 -0.26 0.44 0.00 0.00 HOLD
13.465	>>> V 0.00 0.00
13.466	S 12973586 -0.26 0.44 0.00 0.00 HOLD
13.487	>>> V 0.00 0.00
13.488	S 12973606 -0.26 0.44 0.00 0.00 HOLD
13.504	>>> V 0.00 0.00
13.505	S 12973626 -0.26 0.44 0.00 0.00 HOLD
13.524	>>> V 0.00 0.00
13.525	S 12973646 -0.26 0.44 0.00 0.00 HOLD
13.551	>>> V 0.00 0.00
13.553	S 12973666 -0.26 0.53 0.00 0.00 HOLD
13.564	>>> V 0.00 0.00
13.564	S 12973686 -0.26 0.44 0.00 0.00 HOLD
13.587	>>> V 0.00 0.00
13.587	S 12973706 -0.26 0.44 0.00 0.00 HOLD
13.622	>>> V 0.00 0.00
13.623	S 12973726 -0.26 0.44 0.00 0.00 HOLD
13.626	S 12973746 -0.26 0.44 0.00 0.00 HOLD
13.634	>>> V 0.00 0.00
13.646	>>> V 0.00 0.00
13.647	S 12973766 -0.35 0.44 0.00 0.00 HOLD
13.666	>>> V 0.00 0.00
13.667	S 12973786 -0.26 0.44 0.00 0.00 HOLD
13.684	>>> V 0.00 0.00
13.684	S 12973806 -0.26 0.44 0.00 0.00 HOLD
13.704	>>> V 0.00 0.00
13.705	S 12973826 -0.35 0.44 0.00 0.00 HOLD
13.725	>>> V 0.00 0.00
13.725	S 12973846 -0.26 0.44 0.00 0.00 HOLD
13.743	>>> V 0.00 0.00
13.744	S 12973866 -0.35 0.44 0.00 0.00 HOLD
13.765	>>> V 0.00 0.00
13.766	S 12973886 -0.26 0.44 0.00 0.00 HOLD
13.786	>>> V 0.00 0.00
13.788	S 12973906 -0.26 0.44 0.00 0.00 HOLD
13.808	>>> V 0.00 0.00
13.809	S 12973926 -0.26 0.44 0.00 0.00 HOLD
13.825	>>> V 0.00 0.00
13.826	S 12973946 -0.26 0.44 0.00 0.00 HOLD
13.849	>>> V 0.00 0.00
13.849	S 12973966 -0.26 0.44 0.00 0.00 HOLD
13.865	>>> V 0.00 0.00
13.866	S 12973986 -0.26 0.44 0.00 0.00 HOLD
13.883	>>> V 0.00 0.00
13.884	S 12974006 -0.26 0.44 0.00 0.00 HOLD
13.903	>>> V 0.00 0.00
13.904	S 12974026 -0.26 0.44 0.00 0.00 HOLD
13.925	>>> V 0.00 0.00
13.926	S 12974046 -0.26 0.44 0.00 0.00 HOLD
13.944	>>> V 0.00 0.00
13.944	S 12974066 -0.35 0.44 0.00 0.00 HOLD
13.966	>>> V 0.00 0.00
13.966	S 12974086 -0.26 0.44 0.00 0.00 HOLD
13.985	>>> V 0.00 0.00
13.985	S 12974106 -0.26 0.44 0.00 0.00 HOLD
14.004	>>> V 0.00 0.00
14.004	S 12974126 -0.26 0.44 0.00 0.00 HOLD
14.028	>>> V 0.00 0.00
14.032	S 12974146 -0.26 0.44 0.00 0.00 HOLD
14.048	>>> V 0.00 0.00
14.048	S 12974166 -0.35 0.44 0.00 0.00 HOLD
14.064	>>> V 0.00 0.00
14.065	S 12974186 -0.26 0.44 0.00 0.00 HOLD
14.083	>>> V 0.00 0.00
14.084	S 12974206 -0.26 0.44 0.00 0.00 HOLD
14.105	>>> V 0.00 0.00
14.106	S 12974226 -0.26 0.44 0.00 0.00 HOLD
14.124	>>> V 0.00 0.00
14.124	S 12974246 -0.26 0.44 0.00 0.00 HOLD
14.145	>>> V 0.00 0.00
14.146	S 12974266 -0.26 0.44 0.00 0.00 HOLD
14.164	>>> V 0.00 0.00
14.167	S 12974286 -0.26 0.44 0.00 0.00 HOLD
14.192	>>> V 0.00 0.00
14.196	S 12974306 -0.26 0.44 0.00 0.00 HOLD
14.208	>>> V 0.00 0.00
14.212	S 12974326 -0.26 0.44 0.00 0.00 HOLD
14.226	>>> V 0.00 0.00
14.230	S 12974346 -0.26 0.44 0.00 0.00 HOLD
14.247	>>> V 0.00 0.00
14.250	S 12974366 -0.26 0.44 0.00 0.00 HOLD
14.268	>>> V 0.00 0.00
14.268	S 12974386 -0.26 0.44 0.00 0.00 HOLD
14.285	>>> V 0.00 0.00
14.287	S 12974406 -0.26 0.44 0.00 0.00 HOLD
14.305	>>> V 0.00 0.00
14.306	S 12974426 -0.26 0.44 0.00 0.00 HOLD
14.325	>>> V 0.00 0.00
14.326	S 12974446 -0.26 0.44 0.00 0.00 HOLD
14.343	>>> V 0.00 0.00
14.345	S 12974466 -0.26 0.44 0.00 0.00 HOLD
14.378	>>> V 0.00 0.00
14.382	S 12974486 -0.26 0.44 0.00 0.00 HOLD
14.396	>>> V 0.00 0.00
14.396	S 12974506 -0.26 0.44 0.00 0.00 HOLD
14.404	>>> V 0.00 0.00
14.405	S 12974526 -0.26 0.44 0.00 0.00 HOLD
14.425	>>> V 0.00 0.00
14.425	S 12974546 -0.26 0.53 0.00 0.00 HOLD
14.445	>>> V 0.00 0.00
14.446	S 12974566 -0.26 0.44 0.00 0.00 HOLD
14.464	>>> V 0.00 0.00
14.464	S 12974586 -0.26 0.44 0.00 0.00 HOLD
14.486	>>> V 0.00 0.00
14.487	S 12974606 -0.26 0.44 0.00 0.00 HOLD
14.504	>>> V 0.00 0.00
14.505	S 12974626 -0.26 0.44 0.00 0.00 HOLD
14.525	>>> V 0.00 0.00
14.526	S 12974646 -0.35 0.44 0.00 0.00 HOLD
14.543	>>> V 0.00 0.00
14.544	S 12974666 -0.26 0.44 0.00 0.00 HOLD
14.566	>>> V 0.00 0.00
14.569	S 12974686 -0.26 0.44 0.00 0.00 HOLD
14.587	>>> V 0.00 0.00
14.589	S 12974706 -0.26 0.44 0.00 0.00 HOLD
14.605	>>> V 0.00 0.00
14.605	S 12974726 -0.26 0.44 0.00 0.00 HOLD
14.624	>>> V 0.00 0.00
14.627	S 12974746 -0.26 0.44 0.00 0.00 HOLD
14.647	>>> V 0.00 0.00
14.649	S 12974766 -0.26 0.44 0.00 0.00 HOLD
14.664	>>> V 0.00 0.00
14.664	S 12974786 -0.26 0.44 0.00 0.00 HOLD
14.683	>>> V 0.00 0.00
14.684	S 12974806 -0.26 0.44 0.00 0.00 HOLD
14.705	>>> V 0.00 0.00
14.706	S 12974826 -0.26 0.44 0.00 0.00 HOLD
14.724	>>> V 0.00 0.00
14.724	S 12974846 -0.26 0.44 0.00 0.00 HOLD
14.745	>>> V 0.00 0.00
14.745	S 12974866 -0.26 0.44 0.00 0.00 HOLD
14.764	>>> V 0.00 0.00
14.764	S 12974886 -0.26 0.44 0.00 0.00 HOLD
14.784	>>> V 0.00 0.00
14.805	>>> V 0.00 0.00
14.807	S 12974906 -0.26 0.44 0.00 0.00 HOLD
14.809	S 12974926 -0.26 0.44 0.00 0.00 HOLD
14.825	>>> V 0.00 0.00
14.825	S 12974946 -0.26 0.44 0.00 0.00 HOLD
14.844	>>> V 0.00 0.00
14.845	S 12974966 -0.26 0.44 0.00 0.00 HOLD
14.863	>>> V 0.00 0.00
14.864	S 12974986 -0.26 0.44 0.00 0.00 HOLD
14.884	>>> V 0.00 0.00
14.886	S 12975006 -0.26 0.44 0.00 0.00 HOLD
14.903	>>> V 0.00 0.00
14.905	S 12975026 -0.26 0.44 0.00 0.00 HOLD
14.925	>>> V 0.00 0.00
14.926	S 12975046 -0.26 0.44 0.00 0.00 HOLD
14.944	>>> V 0.00 0.00
14.944	S 12975066 -0.26 0.44 0.00 0.00 HOLD
14.968	>>> V 0.00 0.00
14.970	S 12975086 -0.26 0.44 0.00 0.00 HOLD
14.987	>>> V 0.00 0.00
14.987	S 12975106 -0.26 0.44 0.00 0.00 HOLD
15.007	>>> V 0.00 0.00
15.009	S 12975126 -0.26 0.44 0.00 0.00 HOLD
15.026	>>> V 0.00 0.00
15.026	S 12975146 -0.26 0.44 0.00 0.00 HOLD
15.044	>>> V 0.00 0.00
15.044	S 12975166 -0.26 0.44 0.00 0.00 HOLD
15.065	>>> V 0.00 0.00
15.065	S 12975186 -0.26 0.44 0.00 0.00 HOLD
15.084	>>> V 0.00 0.00
15.085	S 12975206 -0.26 0.44 0.00 0.00 HOLD
15.105	>>> V 0.00 0.00
15.106	S 12975226 -0.26 0.44 0.00 0.00 HOLD
15.124	>>> V 0.00 0.00
15.124	S 12975246 -0.26 0.44 0.00 0.00 HOLD
15.146	>>> V 0.00 0.00
15.146	S 12975266 -0.26 0.44 0.00 0.00 HOLD
15.164	>>> V 0.00 0.00
15.166	S 12975286 -0.26 0.44 0.00 0.00 HOLD
15.185	>>> V 0.00 0.00
15.187	S 12975306 -0.26 0.44 0.00 0.00 HOLD
15.210	>>> V 0.00 0.00
15.211	S 12975326 -0.26 0.44 0.00 0.00 HOLD
15.229	>>> V 0.00 0.00
15.230	S 12975346 -0.26 0.44 0.00 0.00 HOLD
15.244	>>> V 0.00 0.00
15.245	S 12975366 -0.26 0.44 0.00 0.00 HOLD
15.264	>>> V 0.00 0.00
15.265	S 12975386 -0.26 0.44 0.00 0.00 HOLD
15.284	>>> V 0.00 0.00
15.284	S 12975406 -0.26 0.44 0.00 0.00 HOLD
15.306	>>> V 0.00 0.00
15.307	S 12975426 -0.26 0.44 0.00 0.00 HOLD
15.324	>>> V 0.00 0.00
15.325	S 12975446 -0.26 0.44 0.00 0.00 HOLD
15.344	>>> V 0.00 0.00
15.346	S 12975466 -0.26 0.44 0.00 0.00 HOLD
15.365	>>> V 0.00 0.00
15.369	S 12975486 -0.26 0.44 0.00 0.00 HOLD
15.386	>>> V 0.00 0.00
15.390	S 12975506 -0.26 0.44 0.00 0.00 HOLD
15.406	>>> V 0.00 0.00
15.407	S 12975526 -0.35 0.44 0.00 0.00 HOLD
15.424	>>> V 0.00 0.00
15.427	S 12975546 -0.26 0.44 0.00 0.00 HOLD
15.445	>>> V 0.00 0.00
15.446	S 12975566 -0.26 0.44 0.00 0.00 HOLD
15.464	>>> V 0.00 0.00
15.464	S 12975586 -0.26 0.44 0.00 0.00 HOLD
15.484	>>> V 0.00 0.00
15.485	S 12975606 -0.26 0.44 0.00 0.00 HOLD
15.503	>>> V 0.00 0.00
15.504	S 12975626 -0.26 0.44 0.00 0.00 HOLD
15.524	>>> V 0.00 0.00
15.524	S 12975646 -0.26 0.44 0.00 0.00 HOLD
15.544	>>> V 0.00 0.00
15.545	S 12975666 -0.26 0.44 0.00 0.00 HOLD
15.565	>>> V 0.00 0.00
15.565	S 12975686 -0.26 0.44 0.00 0.00 HOLD
15.584	>>> V 0.00 0.00
15.584	S 12975706 -0.26 0.44 0.00 0.00 HOLD
15.605	>>> V 0.00 0.00
15.606	S 12975726 -0.26 0.44 0.00 0.00 HOLD
15.624	>>> V 0.00 0.00
15.624	S 12975746 -0.26 0.44 0.00 0.00 HOLD
15.645	>>> V 0.00 0.00
15.646	S 12975766 -0.26 0.44 0.00 0.00 HOLD
15.665	>>> V 0.00 0.00
15.665	S 12975786 -0.26 0.44 0.00 0.00 HOLD
15.684	>>> V 0.00 0.00
15.684	S 12975806 -0.26 0.44 0.00 0.00 HOLD
15.704	>>> V 0.00 0.00
15.705	S 12975826 -0.26 0.44 0.00 0.00 HOLD
15.723	>>> V 0.00 0.00
15.724	S 12975846 -0.26 0.44 0.00 0.00 HOLD
15.751	>>> V 0.00 0.00
15.752	S 12975866 -0.26 0.44 0.00 0.00 HOLD
15.764	>>> V 0.00 0.00
15.766	S 12975886 -0.26 0.44 0.00 0.00 HOLD
15.789	>>> V 0.00 0.00
15.792	S 12975906 -0.26 0.44 0.00 0.00 HOLD
15.804	>>> V 0.00 0.00
15.807	S 12975926 -0.26 0.44 0.00 0.00 HOLD
15.824	>>> V 0.00 0.00
15.825	S 12975946 -0.26 0.44 0.00 0.00 HOLD
15.844	>>> V 0.00 0.00
15.845	S 12975966 -0.26 0.44 0.00 0.00 HOLD
15.864	>>> V 0.00 0.00
15.864	S 12975986 -0.26 0.44 0.00 0.00 HOLD
15.884	>>> V 0.00 0.00
15.884	S 12976006 -0.26 0.44 0.00 0.00 HOLD
15.904	>>> V 0.00 0.00
15.904	S 12976026 -0.26 0.44 0.00 0.00 HOLD
15.924	>>> V 0.00 0.00
15.924	S 12976046 -0.26 0.44 0.00 0.00 HOLD
15.945	>>> V 0.00 0.00
15.949	S 12976066 -0.35 0.44 0.00 0.00 HOLD
15.964	>>> V 0.00 0.00
15.965	S 12976086 -0.26 0.44 0.00 0.00 HOLD
15.984	>>> V 0.00 0.00
15.986	S 12976106 -0.26 0.44 0.00 0.00 HOLD
16.003	>>> V 0.00 0.00
16.004	S 12976126 -0.26 0.44 0.00 0.00 HOLD
16.024	>>> V 0.00 0.00
16.025	S 12976146 -0.26 0.44 0.00 0.00 HOLD
16.044	>>> V 0.00 0.00
16.044	S 12976166 -0.26 0.44 0.00 0.00 HOLD
16.064	>>> V 0.00 0.00
16.065	S 12976186 -0.26 0.44 0.00 0.00 HOLD
16.084	>>> V 0.00 0.00
16.084	S 12976206 -0.26 0.44 0.00 0.00 HOLD
16.104	>>> V 0.00 0.00
16.104	S 12976226 -0.26 0.44 0.00 0.00 HOLD
16.124	>>> V 0.00 0.00
16.124	S 12976246 -0.35 0.44 0.00 0.00 HOLD
16.146	>>> V 0.00 0.00
16.150	S 12976266 -0.35 0.44 0.00 0.00 HOLD
16.164	>>> V 0.00 0.00
16.165	S 12976286 -0.26 0.44 0.00 0.00 HOLD
16.184	>>> V 0.00 0.00
16.184	S 12976306 -0.26 0.44 0.00 0.00 HOLD
16.204	>>> V 0.00 0.00
16.204	S 12976326 -0.26 0.44 0.00 0.00 HOLD
16.224	>>> V 0.00 0.00
16.225	S 12976346 -0.26 0.44 0.00 0.00 HOLD
16.243	>>> V 0.00 0.00
16.244	S 12976366 -0.35 0.44 0.00 0.00 HOLD
16.264	>>> V 0.00 0.00
16.266	S 12976386 -0.26 0.44 0.00 0.00 HOLD
16.284	>>> V 0.00 0.00
16.284	S 12976406 -0.26 0.44 0.00 0.00 HOLD
16.304	>>> V 0.00 0.00
16.308	S 12976426 -0.26 0.44 0.00 0.00 HOLD
16.324	>>> V 0.00 0.00
16.324	S 12976446 -0.26 0.44 0.00 0.00 HOLD
16.344	>>> V 0.00 0.00
16.345	S 12976466 -0.35 0.44 0.00 0.00 HOLD
16.364	>>> V 0.00 0.00
16.364	S 12976486 -0.35 0.44 0.00 0.00 HOLD
16.384	>>> V 0.00 0.00
16.386	S 12976506 -0.26 0.44 0.00 0.00 HOLD
16.404	>>> V 0.00 0.00
16.406	S 12976526 -0.26 0.44 0.00 0.00 HOLD
16.424	>>> V 0.00 0.00
16.425	S 12976546 -0.26 0.44 0.00 0.00 HOLD
16.445	>>> V 0.00 0.00
16.446	S 12976566 -0.26 0.44 0.00 0.00 HOLD
16.464	>>> V 0.00 0.00
16.465	S 12976586 -0.26 0.44 0.00 0.00 HOLD
16.485	>>> V 0.00 0.00
16.485	S 12976606 -0.26 0.44 0.00 0.00 HOLD
16.504	>>> V 0.00 0.00
16.504	S 12976626 -0.26 0.44 0.00 0.00 HOLD
16.529	>>> V 0.00 0.00
16.529	S 12976646 -0.26 0.44 0.00 0.00 HOLD
16.551	>>> V 0.00 0.00
16.551	S 12976666 -0.26 0.44 0.00 0.00 HOLD
16.571	>>> V 0.00 0.00
16.571	S 12976686 -0.26 0.44 0.00 0.00 HOLD
16.586	>>> V 0.00 0.00
16.586	S 12976706 -0.26 0.44 0.00 0.00 HOLD
16.604	>>> V 0.00 0.00
16.605	S 12976726 -0.26 0.44 0.00 0.00 HOLD
16.624	>>> V 0.00 0.00
16.624	S 12976746 -0.26 0.44 0.00 0.00 HOLD
16.645	>>> V 0.00 0.00
16.646	S 12976766 -0.26 0.44 0.00 0.00 HOLD
16.664	>>> V 0.00 0.00
16.665	S 12976786 -0.26 0.44 0.00 0.00 HOLD
16.684	>>> V 0.00 0.00
16.685	S 12976806 -0.26 0.44 0.00 0.00 HOLD
16.706	>>> V 0.00 0.00
16.708	S 12976826 -0.26 0.44 0.00 0.00 HOLD
16.728	>>> V 0.00 0.00
16.732	S 12976846 -0.26 0.44 0.00 0.00 HOLD
16.745	>>> V 0.00 0.00
16.748	S 12976867 -0.26 0.44 0.00 0.00 HOLD
16.769	>>> V 0.00 0.00
16.773	S 12976887 -0.26 0.44 0.00 0.00 HOLD
16.784	>>> V 0.00 0.00
16.784	S 12976907 -0.26 0.44 0.00 0.00 HOLD
16.804	>>> V 0.00 0.00
16.804	S 12976927 -0.26 0.44 0.00 0.00 HOLD
16.824	>>> V 0.00 0.00
16.824	S 12976947 -0.26 0.44 0.00 0.00 HOLD
16.844	>>> V 0.00 0.00
16.845	S 12976967 -0.26 0.44 0.00 0.00 HOLD
16.865	>>> V 0.00 0.00
16.866	S 12976987 -0.26 0.44 0.00 0.00 HOLD
16.884	>>> V 0.00 0.00
16.885	S 12977007 -0.26 0.44 0.00 0.00 HOLD
16.919	>>> V 0.00 0.00
16.927	S 12977027 -0.26 0.44 0.00 0.00 HOLD
16.936	S 12977047 -0.26 0.44 0.00 0.00 HOLD
16.939	>>> V 0.00 0.00
16.959	>>> V 0.00 0.00
16.969	S 12977067 -0.26 0.44 0.00 0.00 HOLD
16.985	S 12977087 -0.26 0.44 0.00 0.00 HOLD
16.992	>>> V 0.00 0.00
16.992	S 12977107 -0.26 0.44 0.00 0.00 HOLD
17.005	>>> V 0.00 0.00
17.006	S 12977127 -0.26 0.44 0.00 0.00 HOLD
17.024	>>> V 0.00 0.00
17.025	S 12977147 -0.26 0.44 0.00 0.00 HOLD
17.044	>>> V 0.00 0.00
17.045	S 12977167 -0.26 0.44 0.00 0.00 HOLD
17.066	>>> V 0.00 0.00
17.067	S 12977187 -0.26 0.44 0.00 0.00 HOLD
17.086	>>> V 0.00 0.00
17.088	S 12977207 -0.26 0.44 0.00 0.00 HOLD
17.104	>>> V 0.00 0.00
17.106	S 12977227 -0.26 0.44 0.00 0.00 HOLD
17.129	>>> V 0.00 0.00
17.133	S 12977247 -0.26 0.44 0.00 0.00 HOLD
17.145	>>> V 0.00 0.00
17.146	S 12977267 -0.26 0.44 0.00 0.00 HOLD
17.164	>>> V 0.00 0.00
17.165	S 12977287 -0.26 0.44 0.00 0.00 HOLD
17.184	>>> V 0.00 0.00
17.185	S 12977307 -0.26 0.44 0.00 0.00 HOLD
17.204	>>> V 0.00 0.00
17.204	S 12977327 -0.26 0.44 0.00 0.00 HOLD
17.224	>>> V 0.00 0.00
17.225	S 12977347 -0.26 0.44 0.00 0.00 HOLD
17.243	>>> V 0.00 0.00
17.244	S 12977367 -0.26 0.44 0.00 0.00 HOLD
17.264	>>> V 0.00 0.00
17.264	S 12977387 -0.26 0.44 0.00 0.00 HOLD
17.283	>>> V 0.00 0.00
17.284	S 12977407 -0.26 0.44 0.00 0.00 HOLD
17.304	>>> V 0.00 0.00
17.307	S 12977427 -0.26 0.44 0.00 0.00 HOLD
17.329	>>> V 0.00 0.00
17.329	S 12977447 -0.26 0.44 0.00 0.00 HOLD
17.346	>>> V 0.00 0.00
17.347	S 12977467 -0.26 0.44 0.00 0.00 HOLD
17.367	>>> V 0.00 0.00
17.372	S 12977487 -0.26 0.44 0.00 0.00 HOLD
17.385	>>> V 0.00 0.00
17.385	S 12977507 -0.26 0.44 0.00 0.00 HOLD
17.405	>>> V 0.00 0.00
17.406	S 12977527 -0.26 0.44 0.00 0.00 HOLD
17.425	>>> V 0.00 0.00
17.427	S 12977547 -0.26 0.44 0.00 0.00 HOLD
17.444	>>> V 0.00 0.00
17.444	S 12977567 -0.26 0.44 0.00 0.00 HOLD
17.464	>>> V 0.00 0.00
17.465	S 12977587 -0.26 0.44 0.00 0.00 HOLD
17.485	>>> V 0.00 0.00
17.486	S 12977607 -0.26 0.44 0.00 0.00 HOLD
17.509	>>> V 0.00 0.00
17.514	S 12977627 -0.26 0.44 0.00 0.00 HOLD
17.529	>>> V 0.00 0.00
17.532	S 12977647 -0.26 0.44 0.00 0.00 HOLD
17.555	>>> V 0.00 0.00
17.556	S 12977667 -0.26 0.44 0.00 0.00 HOLD
17.565	>>> V 0.00 0.00
17.566	S 12977687 -0.26 0.44 0.00 0.00 HOLD
17.585	>>> V 0.00 0.00
17.585	S 12977707 -0.26 0.44 0.00 0.00 HOLD
17.603	>>> V 0.00 0.00
17.604	S 12977727 -0.26 0.44 0.00 0.00 HOLD
17.625	>>> V 0.00 0.00
17.625	S 12977747 -0.26 0.44 0.00 0.00 HOLD
17.644	>>> V 0.00 0.00
17.644	S 12977767 -0.26 0.44 0.00 0.00 HOLD
17.664	>>> V 0.00 0.00
17.664	S 12977787 -0.26 0.44 0.00 0.00 HOLD
17.684	>>> V 0.00 0.00
17.684	S 12977807 -0.26 0.44 0.00 0.00 HOLD
17.708	>>> V 0.00 0.00
17.709	S 12977827 -0.26 0.44 0.00 0.00 HOLD
17.729	>>> V 0.00 0.00
17.729	S 12977847 -0.26 0.44 0.00 0.00 HOLD
17.744	>>> V 0.00 0.00
17.744	S 12977867 -0.26 0.44 0.00 0.00 HOLD
17.764	>>> V 0.00 0.00
17.764	S 12977887 -0.26 0.44 0.00 0.00 HOLD
17.784	>>> V 0.00 0.00
17.784	S 12977907 -0.26 0.44 0.00 0.00 HOLD
17.803	>>> V 0.00 0.00
17.804	S 12977927 -0.26 0.44 0.00 0.00 HOLD
17.825	>>> V 0.00 0.00
17.826	S 12977947 -0.26 0.44 0.00 0.00 HOLD
17.844	>>> V 0.00 0.00
17.845	S 12977967 -0.26 0.44 0.00 0.00 HOLD
17.864	>>> V 0.00 0.00
17.866	S 12977987 -0.26 0.44 0.00 0.00 HOLD
17.889	>>> V 0.00 0.00
17.889	S 12978007 -0.26 0.44 0.00 0.00 HOLD
17.910	>>> V 0.00 0.00
17.913	S 12978027 -0.26 0.44 0.00 0.00 HOLD
17.925	>>> V 0.00 0.00
17.928	S 12978047 -0.35 0.44 0.00 0.00 HOLD
17.945	>>> V 0.00 0.00
17.945	S 12978067 -0.26 0.44 0.00 0.00 HOLD
17.964	>>> V 0.00 0.00
17.965	S 12978087 -0.26 0.44 0.00 0.00 HOLD
17.984	>>> V 0.00 0.00
17.984	S 12978107 -0.26 0.44 0.00 0.00 HOLD
18.004	>>> V 0.00 0.00
18.005	S 12978127 -0.35 0.44 0.00 0.00 HOLD
18.025	>>> V 0.00 0.00
18.027	S 12978147 -0.26 0.44 0.00 0.00 HOLD
18.047	>>> V 0.00 0.00
18.049	S 12978167 -0.26 0.44 0.00 0.00 HOLD
18.064	>>> V 0.00 0.00
18.065	S 12978187 -0.26 0.44 0.00 0.00 HOLD
18.088	>>> V 0.00 0.00
18.089	S 12978207 -0.26 0.44 0.00 0.00 HOLD
18.108	>>> V 0.00 0.00
18.110	S 12978227 -0.26 0.44 0.00 0.00 HOLD
18.126	>>> V 0.00 0.00
18.127	S 12978247 -0.26 0.44 0.00 0.00 HOLD
18.144	>>> V 0.00 0.00
18.144	S 12978267 -0.26 0.44 0.00 0.00 HOLD
18.165	>>> V 0.00 0.00
18.165	S 12978287 -0.26 0.44 0.00 0.00 HOLD
18.183	>>> V 0.00 0.00
18.184	S 12978307 -0.26 0.44 0.00 0.00 HOLD
18.203	>>> V 0.00 0.00
18.204	S 12978327 -0.26 0.44 0.00 0.00 HOLD
18.224	>>> V 0.00 0.00
18.225	S 12978347 -0.26 0.44 0.00 0.00 HOLD
18.245	>>> V 0.00 0.00
18.245	S 12978367 -0.26 0.44 0.00 0.00 HOLD
18.266	>>> V 0.00 0.00
18.268	S 12978387 -0.26 0.44 0.00 0.00 HOLD
18.284	>>> V 0.00 0.00
18.285	S 12978407 -0.26 0.44 0.00 0.00 HOLD
18.305	>>> V 0.00 0.00
18.306	S 12978427 -0.26 0.44 0.00 0.00 HOLD
18.324	>>> V 0.00 0.00
18.324	S 12978447 -0.26 0.44 0.00 0.00 HOLD
18.346	>>> V 0.00 0.00
18.347	S 12978467 -0.26 0.44 0.00 0.00 HOLD
18.365	>>> V 0.00 0.00
18.367	S 12978487 -0.26 0.44 0.00 0.00 HOLD
18.384	>>> V 0.00 0.00
18.385	S 12978507 -0.26 0.44 0.00 0.00 HOLD
18.411	>>> V 0.00 0.00
18.411	S 12978527 -0.26 0.53 0.00 0.00 HOLD
18.426	>>> V 0.00 0.00
18.426	S 12978547 -0.26 0.44 0.00 0.00 HOLD
18.446	>>> V 0.00 0.00
18.447	S 12978567 -0.26 0.44 0.00 0.00 HOLD
18.467	>>> V 0.00 0.00
18.469	S 12978587 -0.26 0.44 0.00 0.00 HOLD
18.484	>>> V 0.00 0.00
18.484	S 12978607 -0.26 0.44 0.00 0.00 HOLD
18.503	>>> V 0.00 0.00
18.504	S 12978627 -0.26 0.44 0.00 0.00 HOLD
18.525	>>> V 0.00 0.00
18.525	S 12978647 -0.35 0.44 0.00 0.00 HOLD
18.544	>>> V 0.00 0.00
18.546	S 12978667 -0.26 0.44 0.00 0.00 HOLD
18.564	>>> V 0.00 0.00
18.564	S 12978687 -0.26 0.44 0.00 0.00 HOLD
18.587	>>> V 0.00 0.00
18.589	S 12978707 -0.26 0.44 0.00 0.00 HOLD
18.604	>>> V 0.00 0.00
18.604	S 12978727 -0.26 0.44 0.00 0.00 HOLD
18.623	>>> V 0.00 0.00
18.625	S 12978747 -0.26 0.44 0.00 0.00 HOLD
18.645	>>> V 0.00 0.00
18.650	S 12978767 -0.26 0.44 0.00 0.00 HOLD
18.665	>>> V 0.00 0.00
18.665	S 12978787 -0.26 0.44 0.00 0.00 HOLD
18.683	>>> V 0.00 0.00
18.687	S 12978807 -0.26 0.44 0.00 0.00 HOLD
18.709	>>> V 0.00 0.00
18.712	S 12978827 -0.35 0.44 0.00 0.00 HOLD
18.724	>>> V 0.00 0.00
18.728	S 12978847 -0.26 0.44 0.00 0.00 HOLD
18.745	>>> V 0.00 0.00
18.745	S 12978867 -0.26 0.44 0.00 0.00 HOLD
18.765	>>> V 0.00 0.00
18.766	S 12978887 -0.26 0.44 0.00 0.00 HOLD
18.786	>>> V 0.00 0.00
18.786	S 12978907 -0.26 0.44 0.00 0.00 HOLD
18.805	>>> V 0.00 0.00
18.806	S 12978927 -0.26 0.44 0.00 0.00 HOLD
18.824	>>> V 0.00 0.00
18.825	S 12978947 -0.26 0.44 0.00 0.00 HOLD
18.844	>>> V 0.00 0.00
18.844	S 12978967 -0.35 0.44 0.00 0.00 HOLD
18.868	>>> V 0.00 0.00
18.872	S 12978987 -0.26 0.44 0.00 0.00 HOLD
18.883	>>> V 0.00 0.00
18.884	S 12979007 -0.26 0.44 0.00 0.00 HOLD
18.904	>>> V 0.00 0.00
18.905	S 12979027 -0.26 0.44 0.00 0.00 HOLD
18.924	>>> V 0.00 0.00
18.925	S 12979047 -0.26 0.44 0.00 0.00 HOLD
18.944	>>> V 0.00 0.00
18.944	S 12979067 -0.26 0.44 0.00 0.00 HOLD
18.964	>>> V 0.00 0.00
18.964	S 12979087 -0.26 0.44 0.00 0.00 HOLD
18.984	>>> V 0.00 0.00
18.985	S 12979107 -0.26 0.44 0.00 0.00 HOLD
19.004	>>> V 0.00 0.00
19.005	S 12979127 -0.26 0.44 0.00 0.00 HOLD
19.024	>>> V 0.00 0.00
19.024	S 12979147 -0.26 0.44 0.00 0.00 HOLD
19.044	>>> V 0.00 0.00
19.045	S 12979167 -0.26 0.44 0.00 0.00 HOLD
19.064	>>> V 0.00 0.00
19.065	S 12979187 -0.26 0.44 0.00 0.00 HOLD
19.084	>>> V 0.00 0.00
19.103	>>> V 0.00 0.00
19.104	S 12979207 -0.26 0.44 0.00 0.00 HOLD
19.105	S 12979227 -0.26 0.44 0.00 0.00 HOLD
19.124	>>> V 0.00 0.00
19.125	S 12979247 -0.26 0.44 0.00 0.00 HOLD
19.144	>>> V 0.00 0.00
19.146	S 12979267 -0.26 0.44 0.00 0.00 HOLD
19.168	>>> V 0.00 0.00
19.168	S 12979287 -0.35 0.44 0.00 0.00 HOLD
19.184	>>> V 0.00 0.00
19.185	S 12979307 -0.26 0.44 0.00 0.00 HOLD
19.206	>>> V 0.00 0.00
19.207	S 12979327 -0.26 0.44 0.00 0.00 HOLD
19.225	>>> V 0.00 0.00
19.225	S 12979347 -0.26 0.44 0.00 0.00 HOLD
19.245	>>> V 0.00 0.00
19.246	S 12979367 -0.26 0.44 0.00 0.00 HOLD
19.265	>>> V 0.00 0.00
19.265	S 12979387 -0.26 0.44 0.00 0.00 HOLD
19.284	>>> V 0.00 0.00
19.285	S 12979407 -0.26 0.44 0.00 0.00 HOLD
19.305	>>> V 0.00 0.00
19.305	S 12979427 -0.26 0.44 0.00 0.00 HOLD
19.324	>>> V 0.00 0.00
19.327	S 12979447 -0.26 0.44 0.00 0.00 HOLD
19.344	>>> V 0.00 0.00
19.345	S 12979467 -0.26 0.44 0.00 0.00 HOLD
19.365	>>> V 0.00 0.00
19.366	S 12979487 -0.26 0.44 0.00 0.00 HOLD
19.385	>>> V 0.00 0.00
19.386	S 12979507 -0.26 0.44 0.00 0.00 HOLD
19.404	>>> V 0.00 0.00
19.405	S 12979527 -0.26 0.44 0.00 0.00 HOLD
19.424	>>> V 0.00 0.00
19.425	S 12979547 -0.26 0.44 0.00 0.00 HOLD
19.444	>>> V 0.00 0.00
19.445	S 12979567 -0.26 0.44 0.00 0.00 HOLD
19.465	>>> V 0.00 0.00
19.466	S 12979587 -0.26 0.44 0.00 0.00 HOLD
19.483	>>> V 0.00 0.00
19.484	S 12979607 -0.26 0.44 0.00 0.00 HOLD
19.505	>>> V 0.00 0.00
19.505	S 12979627 -0.26 0.44 0.00 0.00 HOLD
19.524	>>> V 0.00 0.00
19.524	S 12979647 -0.26 0.44 0.00 0.00 HOLD
19.544	>>> V 0.00 0.00
19.544	S 12979667 -0.26 0.44 0.00 0.00 HOLD
19.564	>>> V 0.00 0.00
19.564	S 12979687 -0.26 0.44 0.00 0.00 HOLD
19.586	>>> V 0.00 0.00
19.588	S 12979707 -0.26 0.44 0.00 0.00 HOLD
19.603	>>> V 0.00 0.00
19.604	S 12979727 -0.26 0.44 0.00 0.00 HOLD
19.623	>>> V 0.00 0.00
19.624	S 12979747 -0.26 0.44 0.00 0.00 HOLD
19.645	>>> V 0.00 0.00
19.646	S 12979767 -0.26 0.44 0.00 0.00 HOLD
19.664	>>> V 0.00 0.00
19.666	S 12979787 -0.26 0.44 0.00 0.00 HOLD
19.684	>>> V 0.00 0.00
19.685	S 12979807 -0.26 0.44 0.00 0.00 HOLD
19.704	>>> V 0.00 0.00
19.709	S 12979827 -0.26 0.44 0.00 0.00 HOLD
19.730	>>> V 0.00 0.00
19.735	S 12979847 -0.26 0.44 0.00 0.00 HOLD
19.748	>>> V 0.00 0.00
19.752	S 12979867 -0.26 0.44 0.00 0.00 HOLD
19.768	>>> V 0.00 0.00
19.773	S 12979887 -0.26 0.44 0.00 0.00 HOLD
19.784	>>> V 0.00 0.00
19.785	S 12979907 -0.26 0.44 0.00 0.00 HOLD
19.804	>>> V 0.00 0.00
19.805	S 12979927 -0.26 0.44 0.00 0.00 HOLD
19.824	>>> V 0.00 0.00
19.825	S 12979947 -0.26 0.44 0.00 0.00 HOLD
19.845	>>> V 0.00 0.00
19.845	S 12979967 -0.26 0.44 0.00 0.00 HOLD
19.863	>>> V 0.00 0.00
19.864	S 12979987 -0.26 0.44 0.00 0.00 HOLD
19.885	>>> V 0.00 0.00
19.885	S 12980007 -0.26 0.44 0.00 0.00 HOLD
19.906	>>> V 0.00 0.00
19.908	S 12980027 -0.26 0.44 0.00 0.00 HOLD
19.924	>>> V 0.00 0.00
19.927	S 12980047 -0.26 0.44 0.00 0.00 HOLD
19.944	>>> V 0.00 0.00
19.944	S 12980067 -0.26 0.44 0.00 0.00 HOLD
19.975	>>> V 0.00 0.00
19.975	S 12980087 -0.26 0.44 0.00 0.00 HOLD
19.984	>>> V 0.00 0.00
19.984	S 12980107 -0.26 0.44 0.00 0.00 HOLD
20.005	>>> V 0.00 0.00
20.008	S 12980127 -0.26 0.44 0.00 0.00 HOLD
20.024	>>> V 0.00 0.00
20.025	S 12980147 -0.26 0.44 0.00 0.00 HOLD
20.046	>>> V 0.00 0.00
20.046	S 12980167 -0.26 0.44 0.00 0.00 HOLD
20.063	>>> V 0.00 0.00
20.064	S 12980187 -0.26 0.44 0.00 0.00 HOLD
20.086	>>> V 0.00 0.00
20.087	S 12980207 -0.26 0.44 0.00 0.00 HOLD
20.106	>>> V 0.00 0.00
20.109	S 12980227 -0.26 0.44 0.00 0.00 HOLD
20.126	>>> V 0.00 0.00
20.127	S 12980247 -0.26 0.44 0.00 0.00 HOLD
20.145	>>> V 0.00 0.00
20.145	S 12980267 -0.26 0.44 0.00 0.00 HOLD
20.166	>>> V 0.00 0.00
20.167	S 12980287 -0.26 0.44 0.00 0.00 HOLD
20.186	>>> V 0.00 0.00
20.188	S 12980307 -0.26 0.44 0.00 0.00 HOLD
20.205	>>> V 0.00 0.00
20.205	S 12980327 -0.26 0.44 0.00 0.00 HOLD
20.225	>>> V 0.00 0.00
20.226	S 12980347 -0.26 0.44 0.00 0.00 HOLD
20.244	>>> V 0.00 0.00
20.244	S 12980367 -0.26 0.44 0.00 0.00 HOLD
20.264	>>> V 0.00 0.00
20.268	S 12980387 -0.26 0.44 0.00 0.00 HOLD
20.285	>>> V 0.00 0.00
20.288	S 12980407 -0.26 0.44 0.00 0.00 HOLD
20.305	>>> V 0.00 0.00
20.306	S 12980427 -0.26 0.44 0.00 0.00 HOLD
20.325	>>> V 0.00 0.00
20.327	S 12980447 -0.26 0.44 0.00 0.00 HOLD
20.344	>>> V 0.00 0.00
20.345	S 12980467 -0.26 0.44 0.00 0.00 HOLD
20.366	>>> V 0.00 0.00
20.367	S 12980487 -0.26 0.44 0.00 0.00 HOLD
20.385	>>> V 0.00 0.00
20.386	S 12980507 -0.26 0.44 0.00 0.00 HOLD
20.405	>>> V 0.00 0.00
20.406	S 12980527 -0.26 0.44 0.00 0.00 HOLD
20.424	>>> V 0.00 0.00
20.424	S 12980547 -0.26 0.44 0.00 0.00 HOLD
20.444	>>> V 0.00 0.00
20.444	S 12980567 -0.35 0.44 0.00 0.00 HOLD
20.464	>>> V 0.00 0.00
20.465	S 12980587 -0.26 0.44 0.00 0.00 HOLD
20.484	>>> V 0.00 0.00
20.486	S 12980607 -0.26 0.44 0.00 0.00 HOLD
20.508	>>> V 0.00 0.00
20.508	S 12980627 -0.26 0.44 0.00 0.00 HOLD
20.524	>>> V 0.00 0.00
20.524	S 12980647 -0.26 0.44 0.00 0.00 HOLD
20.543	>>> V 0.00 0.00
20.544	S 12980667 -0.26 0.44 0.00 0.00 HOLD
20.564	>>> V 0.00 0.00
20.564	S 12980687 -0.26 0.44 0.00 0.00 HOLD
20.583	>>> V 0.00 0.00
20.584	S 12980707 -0.26 0.44 0.00 0.00 HOLD
20.604	>>> V 0.00 0.00
20.605	S 12980727 -0.26 0.44 0.00 0.00 HOLD
20.624	>>> V 0.00 0.00
20.625	S 12980747 -0.26 0.44 0.00 0.00 HOLD
20.644	>>> V 0.00 0.00
20.644	S 12980767 -0.26 0.44 0.00 0.00 HOLD
20.666	>>> V 0.00 0.00
20.667	S 12980787 -0.26 0.44 0.00 0.00 HOLD
20.684	>>> V 0.00 0.00
20.685	S 12980807 -0.26 0.44 0.00 0.00 HOLD
20.705	>>> V 0.00 0.00
20.706	S 12980827 -0.26 0.44 0.00 0.00 HOLD
20.725	>>> V 0.00 0.00
20.725	S 12980847 -0.35 0.44 0.00 0.00 HOLD
20.743	>>> V 0.00 0.00
20.745	S 12980867 -0.26 0.44 0.00 0.00 HOLD
20.765	>>> V 0.00 0.00
20.766	S 12980887 -0.26 0.44 0.00 0.00 HOLD
20.787	>>> V 0.00 0.00
20.788	S 12980907 -0.26 0.44 0.00 0.00 HOLD
20.817	>>> V 0.00 0.00
20.822	S 12980927 -0.26 0.44 0.00 0.00 HOLD
20.827	>>> V 0.00 0.00
20.827	S 12980947 -0.35 0.44 0.00 0.00 HOLD
20.847	>>> V 0.00 0.00
20.847	S 12980967 -0.26 0.44 0.00 0.00 HOLD
20.863	>>> V 0.00 0.00
20.864	S 12980987 -0.26 0.44 0.00 0.00 HOLD
20.886	>>> V 0.00 0.00
20.887	S 12981007 -0.35 0.44 0.00 0.00 HOLD
20.904	>>> V 0.00 0.00
20.905	S 12981027 -0.26 0.44 0.00 0.00 HOLD
20.925	>>> V 0.00 0.00
20.925	S 12981047 -0.26 0.44 0.00 0.00 HOLD
20.944	>>> V 0.00 0.00
20.945	S 12981067 -0.26 0.44 0.00 0.00 HOLD
20.965	>>> V 0.00 0.00
20.965	S 12981087 -0.26 0.44 0.00 0.00 HOLD
20.985	>>> V 0.00 0.00
20.986	S 12981107 -0.26 0.44 0.00 0.00 HOLD
21.005	>>> V 0.00 0.00
21.005	S 12981127 -0.26 0.44 0.00 0.00 HOLD
21.024	>>> V 0.00 0.00
21.025	S 12981147 -0.26 0.44 0.00 0.00 HOLD
21.044	>>> V 0.00 0.00
21.046	S 12981167 -0.26 0.44 0.00 0.00 HOLD
21.065	>>> V 0.00 0.00
21.066	S 12981187 -0.26 0.44 0.00 0.00 HOLD
21.084	>>> V 0.00 0.00
21.085	S 12981207 -0.26 0.44 0.00 0.00 HOLD
21.105	>>> V 0.00 0.00
21.105	S 12981227 -0.26 0.44 0.00 0.00 HOLD
21.123	>>> V 0.00 0.00
21.124	S 12981247 -0.26 0.44 0.00 0.00 HOLD
21.144	>>> V 0.00 0.00
21.145	S 12981267 -0.26 0.44 0.00 0.00 HOLD
21.165	>>> V 0.00 0.00
21.165	S 12981287 -0.35 0.44 0.00 0.00 HOLD
21.184	>>> V 0.00 0.00
21.186	S 12981307 -0.26 0.44 0.00 0.00 HOLD
21.209	>>> V 0.00 0.00
21.213	S 12981327 -0.26 0.44 0.00 0.00 HOLD
21.224	>>> V 0.00 0.00
21.225	S 12981347 -0.26 0.44 0.00 0.00 HOLD
21.245	>>> V 0.00 0.00
21.246	S 12981367 -0.26 0.44 0.00 0.00 HOLD
21.264	>>> V 0.00 0.00
21.267	S 12981387 -0.35 0.44 0.00 0.00 HOLD
21.284	>>> V 0.00 0.00
21.284	S 12981407 -0.26 0.44 0.00 0.00 HOLD
21.304	>>> V 0.00 0.00
21.305	S 12981427 -0.26 0.44 0.00 0.00 HOLD
21.324	>>> V 0.00 0.00
21.325	S 12981447 -0.26 0.44 0.00 0.00 HOLD
21.347	>>> V 0.00 0.00
21.348	S 12981467 -0.26 0.44 0.00 0.00 HOLD
21.363	>>> V 0.00 0.00
21.365	S 12981487 -0.26 0.44 0.00 0.00 HOLD
21.384	>>> V 0.00 0.00
21.385	S 12981507 -0.26 0.44 0.00 0.00 HOLD
21.406	>>> V 0.00 0.00
21.409	S 12981527 -0.26 0.44 0.00 0.00 HOLD
21.424	>>> V 0.00 0.00
21.426	S 12981547 -0.26 0.44 0.00 0.00 HOLD
21.444	>>> V 0.00 0.00
21.444	S 12981567 -0.26 0.44 0.00 0.00 HOLD
21.464	>>> V 0.00 0.00
21.464	S 12981587 -0.26 0.44 0.00 0.00 HOLD
21.483	>>> V 0.00 0.00
21.484	S 12981607 -0.26 0.44 0.00 0.00 HOLD
21.503	>>> V 0.00 0.00
21.504	S 12981627 -0.26 0.44 0.00 0.00 HOLD
21.525	>>> V 0.00 0.00
21.526	S 12981647 -0.26 0.44 0.00 0.00 HOLD
21.547	>>> V 0.00 0.00
21.547	S 12981667 -0.26 0.44 0.00 0.00 HOLD
21.565	>>> V 0.00 0.00
21.565	S 12981687 -0.26 0.44 0.00 0.00 HOLD
21.586	>>> V 0.00 0.00
21.588	S 12981707 -0.26 0.44 0.00 0.00 HOLD
21.603	>>> V 0.00 0.00
21.604	S 12981727 -0.26 0.44 0.00 0.00 HOLD
21.624	>>> V 0.00 0.00
21.624	S 12981747 -0.35 0.44 0.00 0.00 HOLD
21.645	>>> V 0.00 0.00
21.645	S 12981767 -0.26 0.44 0.00 0.00 HOLD
21.663	>>> V 0.00 0.00
21.664	S 12981787 -0.26 0.44 0.00 0.00 HOLD
21.684	>>> V 0.00 0.00
21.684	S 12981807 -0.26 0.44 0.00 0.00 HOLD
21.704	>>> V 0.00 0.00
21.706	S 12981827 -0.26 0.44 0.00 0.00 HOLD
21.725	>>> V 0.00 0.00
21.726	S 12981847 -0.26 0.44 0.00 0.00 HOLD
21.746	>>> V 0.00 0.00
21.749	S 12981867 -0.35 0.44 0.00 0.00 HOLD
21.769	>>> V 0.00 0.00
21.769	S 12981887 -0.26 0.44 0.00 0.00 HOLD
21.784	>>> V 0.00 0.00
21.785	S 12981907 -0.26 0.44 0.00 0.00 HOLD
21.804	>>> V 0.00 0.00
21.805	S 12981927 -0.35 0.44 0.00 0.00 HOLD
21.824	>>> V 0.00 0.00
21.826	S 12981947 -0.26 0.44 0.00 0.00 HOLD
21.844	>>> V 0.00 0.00
21.844	S 12981967 -0.26 0.44 0.00 0.00 HOLD
21.864	>>> V 0.00 0.00
21.865	S 12981987 -0.26 0.44 0.00 0.00 HOLD
21.884	>>> V 0.00 0.00
21.884	S 12982007 -0.26 0.44 0.00 0.00 HOLD
21.905	>>> V 0.00 0.00
21.906	S 12982027 -0.26 0.44 0.00 0.00 HOLD
21.923	>>> V 0.00 0.00
21.924	S 12982047 -0.26 0.44 0.00 0.00 HOLD
21.946	>>> V 0.00 0.00
21.947	S 12982067 -0.26 0.44 0.00 0.00 HOLD
21.965	>>> V 0.00 0.00
21.965	S 12982087 -0.26 0.44 0.00 0.00 HOLD
21.985	>>> V 0.00 0.00
21.986	S 12982107 -0.26 0.44 0.00 0.00 HOLD
22.004	>>> V 0.00 0.00
22.005	S 12982127 -0.26 0.44 0.00 0.00 HOLD
22.025	>>> V 0.00 0.00
22.025	S 12982147 -0.26 0.44 0.00 0.00 HOLD
22.044	>>> V 0.00 0.00
22.044	S 12982167 -0.26 0.44 0.00 0.00 HOLD
22.065	>>> V 0.00 0.00
22.065	S 12982187 -0.26 0.44 0.00 0.00 HOLD
22.084	>>> V 0.00 0.00
22.085	S 12982207 -0.26 0.44 0.00 0.00 HOLD
22.109	>>> V 0.00 0.00
22.109	S 12982227 -0.26 0.44 0.00 0.00 HOLD
22.126	>>> V 0.00 0.00
22.129	S 12982247 -0.26 0.44 0.00 0.00 HOLD
22.145	>>> V 0.00 0.00
22.146	S 12982267 -0.26 0.44 0.00 0.00 HOLD
22.164	>>> V 0.00 0.00
22.164	S 12982287 -0.26 0.44 0.00 0.00 HOLD
22.184	>>> V 0.00 0.00
22.184	S 12982307 -0.26 0.44 0.00 0.00 HOLD
22.206	>>> V 0.00 0.00
22.207	S 12982327 -0.26 0.44 0.00 0.00 HOLD
22.223	>>> V 0.00 0.00
22.224	S 12982347 -0.26 0.44 0.00 0.00 HOLD
22.245	>>> V 0.00 0.00
22.245	S 12982367 -0.35 0.44 0.00 0.00 HOLD
22.264	>>> V 0.00 0.00
22.265	S 12982387 -0.26 0.44 0.00 0.00 HOLD
22.284	>>> V 0.00 0.00
22.285	S 12982407 -0.26 0.44 0.00 0.00 HOLD
22.305	>>> V 0.00 0.00
22.306	S 12982427 -0.35 0.44 0.00 0.00 HOLD
22.326	>>> V 0.00 0.00
22.329	S 12982447 -0.26 0.44 0.00 0.00 HOLD
22.346	>>> V 0.00 0.00
22.349	S 12982467 -0.26 0.44 0.00 0.00 HOLD
22.364	>>> V 0.00 0.00
22.365	S 12982487 -0.26 0.44 0.00 0.00 HOLD
22.384	>>> V 0.00 0.00
22.384	S 12982507 -0.35 0.44 0.00 0.00 HOLD
22.404	>>> V 0.00 0.00
22.404	S 12982527 -0.26 0.44 0.00 0.00 HOLD
22.424	>>> V 0.00 0.00
22.424	S 12982547 -0.26 0.44 0.00 0.00 HOLD
22.445	>>> V 0.00 0.00
22.446	S 12982567 -0.26 0.44 0.00 0.00 HOLD
22.472	>>> V 0.00 0.00
22.477	S 12982587 -0.26 0.44 0.00 0.00 HOLD
22.485	>>> V 0.00 0.00
22.486	S 12982607 -0.26 0.44 0.00 0.00 HOLD
22.504	>>> V 0.00 0.00
22.507	S 12982627 -0.26 0.44 0.00 0.00 HOLD
22.525	>>> V 0.00 0.00
22.526	S 12982647 -0.35 0.44 0.00 0.00 HOLD
22.544	>>> V 0.00 0.00
22.545	S 12982667 -0.26 0.44 0.00 0.00 HOLD
22.564	>>> V 0.00 0.00
22.564	S 12982687 -0.26 0.44 0.00 0.00 HOLD
22.584	>>> V 0.00 0.00
22.585	S 12982707 -0.26 0.44 0.00 0.00 HOLD
22.604	>>> V 0.00 0.00
22.604	S 12982727 -0.26 0.44 0.00 0.00 HOLD
22.624	>>> V 0.00 0.00
22.625	S 12982747 -0.26 0.44 0.00 0.00 HOLD
22.656	>>> V 0.00 0.00
22.659	S 12982767 -0.26 0.44 0.00 0.00 HOLD
22.674	>>> V 0.00 0.00
22.674	S 12982787 -0.26 0.44 0.00 0.00 HOLD
22.684	>>> V 0.00 0.00
22.686	S 12982807 -0.26 0.44 0.00 0.00 HOLD
22.711	>>> V 0.00 0.00
22.714	S 12982827 -0.26 0.44 0.00 0.00 HOLD
22.724	>>> V 0.00 0.00
22.724	S 12982847 -0.26 0.44 0.00 0.00 HOLD
22.744	>>> V 0.00 0.00
22.744	S 12982867 -0.26 0.44 0.00 0.00 HOLD
22.765	>>> V 0.00 0.00
22.765	S 12982887 -0.26 0.44 0.00 0.00 HOLD
22.783	>>> V 0.00 0.00
22.784	S 12982907 -0.26 0.44 0.00 0.00 HOLD
22.803	>>> V 0.00 0.00
22.804	S 12982927 -0.26 0.44 0.00 0.00 HOLD
22.825	>>> V 0.00 0.00
22.826	S 12982947 -0.26 0.44 0.00 0.00 HOLD
22.848	>>> V 0.00 0.00
22.852	S 12982967 -0.26 0.44 0.00 0.00 HOLD
22.871	>>> V 0.00 0.00
22.874	S 12982987 -0.26 0.44 0.00 0.00 HOLD
22.884	>>> V 0.00 0.00
22.887	S 12983007 -0.26 0.44 0.00 0.00 HOLD
22.908	>>> V 0.00 0.00
22.909	S 12983027 -0.26 0.44 0.00 0.00 HOLD
22.925	>>> V 0.00 0.00
22.926	S 12983047 -0.26 0.44 0.00 0.00 HOLD
22.943	>>> V 0.00 0.00
22.944	S 12983067 -0.26 0.44 0.00 0.00 HOLD
22.964	>>> V 0.00 0.00
22.965	S 12983087 -0.26 0.44 0.00 0.00 HOLD
22.984	>>> V 0.00 0.00
22.985	S 12983107 -0.26 0.44 0.00 0.00 HOLD
23.005	>>> V 0.00 0.00
23.005	S 12983127 -0.26 0.44 0.00 0.00 HOLD
23.025	>>> V 0.00 0.00
23.026	S 12983147 -0.26 0.44 0.00 0.00 HOLD
23.048	>>> V 0.00 0.00
23.049	S 12983167 -0.26 0.44 0.00 0.00 HOLD
23.069	>>> V 0.00 0.00
23.074	S 12983187 -0.35 0.44 0.00 0.00 HOLD
23.088	>>> V 0.00 0.00
23.096	S 12983207 -0.26 0.44 0.00 0.00 HOLD
23.107	>>> V 0.00 0.00
23.107	S 12983227 -0.26 0.44 0.00 0.00 HOLD
23.124	>>> V 0.00 0.00
23.124	S 12983247 -0.26 0.44 0.00 0.00 HOLD
23.144	>>> V 0.00 0.00
23.145	S 12983267 -0.26 0.44 0.00 0.00 HOLD
23.164	>>> V 0.00 0.00
23.164	S 12983287 -0.26 0.44 0.00 0.00 HOLD
23.188	>>> V 0.00 0.00
23.189	S 12983307 -0.26 0.44 0.00 0.00 HOLD
23.204	>>> V 0.00 0.00
23.206	S 12983327 -0.26 0.44 0.00 0.00 HOLD
23.224	>>> V 0.00 0.00
23.224	S 12983347 -0.26 0.44 0.00 0.00 HOLD
23.243	>>> V 0.00 0.00
23.244	S 12983367 -0.26 0.44 0.00 0.00 HOLD
23.267	>>> V 0.00 0.00
23.273	S 12983387 -0.26 0.44 0.00 0.00 HOLD
23.284	>>> V 0.00 0.00
23.284	S 12983407 -0.26 0.44 0.00 0.00 HOLD
23.305	>>> V 0.00 0.00
23.306	S 12983427 -0.26 0.44 0.00 0.00 HOLD
23.324	>>> V 0.00 0.00
23.324	S 12983447 -0.26 0.44 0.00 0.00 HOLD
23.344	>>> V 0.00 0.00
23.345	S 12983467 -0.26 0.44 0.00 0.00 HOLD
23.366	>>> V 0.00 0.00
23.367	S 12983487 -0.26 0.44 0.00 0.00 HOLD
23.384	>>> V 0.00 0.00
23.384	S 12983507 -0.26 0.44 0.00 0.00 HOLD
23.405	>>> V 0.00 0.00
23.406	S 12983527 -0.26 0.44 0.00 0.00 HOLD
23.425	>>> V 0.00 0.00
23.425	S 12983547 -0.26 0.44 0.00 0.00 HOLD
23.443	>>> V 0.00 0.00
23.464	>>> V 0.00 0.00
23.466	S 12983567 -0.26 0.44 0.00 0.00 HOLD
23.469	S 12983587 -0.26 0.44 0.00 0.00 HOLD
23.493	>>> V 0.00 0.00
23.494	S 12983607 -0.26 0.44 0.00 0.00 HOLD
23.506	>>> V 0.00 0.00
23.508	S 12983627 -0.26 0.44 0.00 0.00 HOLD
23.524	>>> V 0.00 0.00
23.524	S 12983647 -0.26 0.44 0.00 0.00 HOLD
23.543	>>> V 0.00 0.00
23.566	>>> V 0.00 0.00
23.567	S 12983667 -0.26 0.44 0.00 0.00 HOLD
23.570	S 12983687 -0.26 0.44 0.00 0.00 HOLD
23.584	>>> V 0.00 0.00
23.586	S 12983707 -0.26 0.44 0.00 0.00 HOLD
23.604	>>> V 0.00 0.00
23.604	S 12983727 -0.26 0.44 0.00 0.00 HOLD
23.624	>>> V 0.00 0.00
23.625	S 12983747 -0.26 0.44 0.00 0.00 HOLD
23.648	>>> V 0.00 0.00
23.649	S 12983767 -0.26 0.44 0.00 0.00 HOLD
23.664	>>> V 0.00 0.00
23.665	S 12983787 -0.26 0.44 0.00 0.00 HOLD
23.684	>>> V 0.00 0.00
23.684	S 12983807 -0.26 0.44 0.00 0.00 HOLD
23.705	>>> V 0.00 0.00
23.705	S 12983827 -0.26 0.44 0.00 0.00 HOLD
23.724	>>> V 0.00 0.00
23.725	S 12983847 -0.26 0.44 0.00 0.00 HOLD
23.744	>>> V 0.00 0.00
23.744	S 12983867 -0.26 0.44 0.00 0.00 HOLD
23.764	>>> V 0.00 0.00
23.766	S 12983887 -0.26 0.44 0.00 0.00 HOLD
23.787	>>> V 0.00 0.00
23.790	S 12983907 -0.26 0.44 0.00 0.00 HOLD
23.804	>>> V 0.00 0.00
23.804	S 12983927 -0.26 0.44 0.00 0.00 HOLD
23.825	>>> V 0.00 0.00
23.825	S 12983947 -0.26 0.44 0.00 0.00 HOLD
23.846	>>> V 0.00 0.00
23.846	S 12983967 -0.26 0.44 0.00 0.00 HOLD
23.864	>>> V 0.00 0.00
23.865	S 12983987 -0.35 0.44 0.00 0.00 HOLD
23.888	>>> V 0.00 0.00
23.889	S 12984007 -0.26 0.44 0.00 0.00 HOLD
23.905	>>> V 0.00 0.00
23.905	S 12984027 -0.26 0.44 0.00 0.00 HOLD
23.925	>>> V 0.00 0.00
23.926	S 12984047 -0.26 0.44 0.00 0.00 HOLD
23.944	>>> V 0.00 0.00
23.945	S 12984067 -0.26 0.44 0.00 0.00 HOLD
23.967	>>> V 0.00 0.00
23.968	S 12984087 -0.26 0.44 0.00 0.00 HOLD
23.984	>>> V 0.00 0.00
23.985	S 12984107 -0.26 0.44 0.00 0.00 HOLD
24.004	>>> V 0.00 0.00
24.004	S 12984127 -0.26 0.44 0.00 0.00 HOLD
24.024	>>> V 0.00 0.00
24.024	S 12984147 -0.26 0.44 0.00 0.00 HOLD
24.044	>>> V 0.00 0.00
24.044	S 12984167 -0.26 0.44 0.00 0.00 HOLD
24.064	>>> V 0.00 0.00
24.064	S 12984187 -0.26 0.44 0.00 0.00 HOLD
24.085	>>> V 0.00 0.00
24.085	S 12984207 -0.26 0.44 0.00 0.00 HOLD
24.103	>>> V 0.00 0.00
24.123	>>> V 0.00 0.00
24.124	S 12984227 -0.26 0.44 0.00 0.00 HOLD
24.144	>>> V 0.00 0.00
24.145	S 12984247 -0.26 0.44 0.00 0.00 HOLD
24.146	S 12984267 -0.26 0.44 0.00 0.00 HOLD
24.166	>>> V 0.00 0.00
24.166	S 12984287 -0.26 0.44 0.00 0.00 HOLD
24.185	>>> V 0.00 0.00
24.185	S 12984307 -0.26 0.44 0.00 0.00 HOLD
24.206	>>> V 0.00 0.00
24.207	S 12984327 -0.26 0.44 0.00 0.00 HOLD
24.224	>>> V 0.00 0.00
24.224	S 12984347 -0.26 0.44 0.00 0.00 HOLD
24.244	>>> V 0.00 0.00
24.245	S 12984367 -0.26 0.44 0.00 0.00 HOLD
24.264	>>> V 0.00 0.00
24.264	S 12984387 -0.26 0.44 0.00 0.00 HOLD
24.284	>>> V 0.00 0.00
24.284	S 12984407 -0.26 0.44 0.00 0.00 HOLD
24.308	>>> V 0.00 0.00
24.309	S 12984427 -0.35 0.44 0.00 0.00 HOLD
24.323	>>> V 0.00 0.00
24.326	S 12984448 -0.26 0.44 0.00 0.00 HOLD
24.344	>>> V 0.00 0.00
24.346	S 12984468 -0.35 0.44 0.00 0.00 HOLD
24.364	>>> V 0.00 0.00
24.367	S 12984488 -0.26 0.44 0.00 0.00 HOLD
24.383	>>> V 0.00 0.00
24.384	S 12984508 -0.26 0.44 0.00 0.00 HOLD
24.405	>>> V 0.00 0.00
24.406	S 12984528 -0.26 0.44 0.00 0.00 HOLD
24.424	>>> V 0.00 0.00
24.425	S 12984548 -0.35 0.44 0.00 0.00 HOLD
24.444	>>> V 0.00 0.00
24.444	S 12984568 -0.26 0.44 0.00 0.00 HOLD
24.464	>>> V 0.00 0.00
24.464	S 12984588 -0.26 0.44 0.00 0.00 HOLD
24.484	>>> V 0.00 0.00
24.504	>>> V 0.00 0.00
24.507	S 12984608 -0.26 0.44 0.00 0.00 HOLD
24.509	S 12984628 -0.26 0.44 0.00 0.00 HOLD
24.524	>>> V 0.00 0.00
24.525	S 12984648 -0.26 0.44 0.00 0.00 HOLD
24.543	>>> V 0.00 0.00
24.546	S 12984668 -0.26 0.44 0.00 0.00 HOLD
24.565	>>> V 0.00 0.00
24.566	S 12984688 -0.26 0.44 0.00 0.00 HOLD
24.584	>>> V 0.00 0.00
24.584	S 12984708 -0.26 0.44 0.00 0.00 HOLD
24.603	>>> V 0.00 0.00
24.604	S 12984728 -0.26 0.44 0.00 0.00 HOLD
24.624	>>> V 0.00 0.00
24.625	S 12984748 -0.26 0.44 0.00 0.00 HOLD
24.644	>>> V 0.00 0.00
24.644	S 12984768 -0.35 0.44 0.00 0.00 HOLD
24.678	>>> V 0.00 0.00
24.679	S 12984788 -0.26 0.44 0.00 0.00 HOLD
24.686	>>> V 0.00 0.00
24.688	S 12984808 -0.26 0.44 0.00 0.00 HOLD
24.704	>>> V 0.00 0.00
24.704	S 12984828 -0.26 0.44 0.00 0.00 HOLD
24.727	>>> V 0.00 0.00
24.728	S 12984848 -0.26 0.44 0.00 0.00 HOLD
24.746	>>> V 0.00 0.00
24.747	S 12984868 -0.26 0.44 0.00 0.00 HOLD
24.764	>>> V 0.00 0.00
24.764	S 12984888 -0.26 0.44 0.00 0.00 HOLD
24.784	>>> V 0.00 0.00
24.784	S 12984908 -0.26 0.44 0.00 0.00 HOLD
24.804	>>> V 0.00 0.00
24.805	S 12984928 -0.26 0.44 0.00 0.00 HOLD
24.823	>>> V 0.00 0.00
24.843	>>> V 0.00 0.00
24.844	S 12984948 -0.26 0.44 0.00 0.00 HOLD
24.864	>>> V 0.00 0.00
24.864	S 12984968 -0.26 0.44 0.00 0.00 HOLD
24.866	S 12984988 -0.26 0.44 0.00 0.00 HOLD
24.887	>>> V 0.00 0.00
24.888	S 12985008 -0.26 0.44 0.00 0.00 HOLD
24.908	>>> V 0.00 0.00
24.909	S 12985028 -0.26 0.44 0.00 0.00 HOLD
24.924	>>> V 0.00 0.00
24.925	S 12985048 -0.26 0.44 0.00 0.00 HOLD
24.944	>>> V 0.00 0.00
24.945	S 12985068 -0.26 0.44 0.00 0.00 HOLD
24.966	>>> V 0.00 0.00
24.967	S 12985088 -0.35 0.44 0.00 0.00 HOLD
24.984	>>> V 0.00 0.00
24.985	S 12985108 -0.35 0.44 0.00 0.00 HOLD
25.008	>>> V 0.00 0.00
25.009	S 12985128 -0.26 0.44 0.00 0.00 HOLD
25.024	>>> V 0.00 0.00
25.044	>>> V 0.00 0.00
25.046	S 12985148 -0.26 0.44 0.00 0.00 HOLD
25.052	S 12985168 -0.26 0.44 0.00 0.00 HOLD
25.070	>>> V 0.00 0.00
25.070	S 12985188 -0.26 0.44 0.00 0.00 HOLD
25.083	>>> V 0.00 0.00
25.104	>>> V 0.00 0.00
25.104	S 12985208 -0.26 0.44 0.00 0.00 HOLD
25.106	S 12985228 -0.26 0.44 0.00 0.00 HOLD
25.124	>>> V 0.00 0.00
25.124	S 12985248 -0.26 0.44 0.00 0.00 HOLD
25.147	>>> V 0.00 0.00
25.148	S 12985268 -0.26 0.44 0.00 0.00 HOLD
25.165	>>> V 0.00 0.00
25.167	S 12985288 -0.35 0.44 0.00 0.00 HOLD
25.187	>>> V 0.00 0.00
25.188	S 12985308 -0.26 0.44 0.00 0.00 HOLD
25.205	>>> V 0.00 0.00
25.209	S 12985328 -0.35 0.44 0.00 0.00 HOLD
25.234	>>> V 0.00 0.00
25.236	S 12985348 -0.26 0.44 0.00 0.00 HOLD
25.245	>>> V 0.00 0.00
25.247	S 12985368 -0.26 0.44 0.00 0.00 HOLD
25.264	>>> V 0.00 0.00
25.264	S 12985388 -0.35 0.44 0.00 0.00 HOLD
25.284	>>> V 0.00 0.00
25.284	S 12985408 -0.26 0.44 0.00 0.00 HOLD
25.304	>>> V 0.00 0.00
25.304	S 12985428 -0.35 0.44 0.00 0.00 HOLD
25.325	>>> V 0.00 0.00
25.325	S 12985448 -0.26 0.44 0.00 0.00 HOLD
25.345	>>> V 0.00 0.00
25.346	S 12985468 -0.26 0.44 0.00 0.00 HOLD
25.364	>>> V 0.00 0.00
25.368	S 12985488 -0.26 0.44 0.00 0.00 HOLD
25.401	>>> V 0.00 0.00
25.401	S 12985508 -0.26 0.44 0.00 0.00 HOLD
25.408	>>> V 0.00 0.00
25.412	S 12985528 -0.26 0.44 0.00 0.00 HOLD
25.425	>>> V 0.00 0.00
25.426	S 12985548 -0.26 0.44 0.00 0.00 HOLD
25.448	>>> V 0.00 0.00
25.449	S 12985568 -0.26 0.44 0.00 0.00 HOLD
25.465	>>> V 0.00 0.00
25.466	S 12985588 -0.26 0.44 0.00 0.00 HOLD
25.483	>>> V 0.00 0.00
25.484	S 12985608 -0.35 0.44 0.00 0.00 HOLD
25.504	>>> V 0.00 0.00
25.505	S 12985628 -0.26 0.44 0.00 0.00 HOLD
25.523	>>> V 0.00 0.00
25.525	S 12985648 -0.35 0.44 0.00 0.00 HOLD
25.551	>>> V 0.00 0.00
25.551	S 12985668 -0.35 0.44 0.00 0.00 HOLD
25.566	>>> V 0.00 0.00
25.569	S 12985688 -0.26 0.44 0.00 0.00 HOLD
25.591	>>> V 0.00 0.00
25.596	S 12985708 -0.26 0.44 0.00 0.00 HOLD
25.604	>>> V 0.00 0.00
25.605	S 12985728 -0.26 0.44 0.00 0.00 HOLD
25.624	>>> V 0.00 0.00
25.625	S 12985748 -0.26 0.44 0.00 0.00 HOLD
25.645	>>> V 0.00 0.00
25.645	S 12985768 -0.26 0.44 0.00 0.00 HOLD
25.664	>>> V 0.00 0.00
25.665	S 12985788 -0.26 0.44 0.00 0.00 HOLD
25.684	>>> V 0.00 0.00
25.684	S 12985808 -0.26 0.44 0.00 0.00 HOLD
25.703	>>> V 0.00 0.00
25.704	S 12985828 -0.26 0.44 0.00 0.00 HOLD
25.724	>>> V 0.00 0.00
25.744	>>> V 0.00 0.00
25.744	S 12985848 -0.26 0.44 0.00 0.00 HOLD
25.747	S 12985868 -0.26 0.44 0.00 0.00 HOLD
25.765	>>> V 0.00 0.00
25.768	S 12985888 -0.26 0.44 0.00 0.00 HOLD
25.787	>>> V 0.00 0.00
25.787	S 12985908 -0.26 0.44 0.00 0.00 HOLD
25.818	>>> V 0.00 0.00
25.818	S 12985928 -0.26 0.44 0.00 0.00 HOLD
25.836	>>> V 0.00 0.00
25.838	S 12985948 -0.26 0.44 0.00 0.00 HOLD
25.844	>>> V 0.00 0.00
25.845	S 12985968 -0.26 0.44 0.00 0.00 HOLD
25.864	>>> V 0.00 0.00
25.866	S 12985988 -0.26 0.44 0.00 0.00 HOLD
25.884	>>> V 0.00 0.00
25.885	S 12986008 -0.26 0.44 0.00 0.00 HOLD
25.904	>>> V 0.00 0.00
25.905	S 12986028 -0.35 0.44 0.00 0.00 HOLD
25.924	>>> V 0.00 0.00
25.947	>>> V 0.00 0.00
25.947	S 12986048 -0.26 0.44 0.00 0.00 HOLD
25.949	S 12986068 -0.26 0.44 0.00 0.00 HOLD
25.965	>>> V 0.00 0.00
25.969	S 12986088 -0.26 0.44 0.00 0.00 HOLD
25.985	>>> V 0.00 0.00
25.985	S 12986108 -0.26 0.44 0.00 0.00 HOLD
26.009	>>> V 0.00 0.00
26.012	S 12986128 -0.26 0.44 0.00 0.00 HOLD
26.024	>>> V 0.00 0.00
26.044	>>> V 0.00 0.00
26.045	S 12986148 -0.35 0.44 0.00 0.00 HOLD
26.048	S 12986168 -0.26 0.44 0.00 0.00 HOLD
26.065	>>> V 0.00 0.00
26.065	S 12986188 -0.26 0.44 0.00 0.00 HOLD
26.084	>>> V 0.00 0.00
26.085	S 12986208 -0.26 0.44 0.00 0.00 HOLD
26.104	>>> V 0.00 0.00
26.124	>>> V 0.00 0.00
26.124	S 12986228 -0.26 0.44 0.00 0.00 HOLD
26.126	S 12986248 -0.26 0.44 0.00 0.00 HOLD
26.144	>>> V 0.00 0.00
26.145	S 12986268 -0.26 0.44 0.00 0.00 HOLD
26.166	>>> V 0.00 0.00
26.168	S 12986288 -0.26 0.44 0.00 0.00 HOLD
26.184	>>> V 0.00 0.00
26.188	S 12986308 -0.26 0.44 0.00 0.00 HOLD
26.206	>>> V 0.00 0.00
26.206	S 12986328 -0.26 0.44 0.00 0.00 HOLD
26.225	>>> V 0.00 0.00
26.225	S 12986348 -0.26 0.44 0.00 0.00 HOLD
26.245	>>> V 0.00 0.00
26.245	S 12986368 -0.26 0.44 0.00 0.00 HOLD
26.266	>>> V 0.00 0.00
26.266	S 12986388 -0.26 0.44 0.00 0.00 HOLD
26.283	>>> V 0.00 0.00
26.303	>>> V 0.00 0.00
26.304	S 12986408 -0.26 0.44 0.00 0.00 HOLD
26.324	>>> V 0.00 0.00
26.324	S 12986428 -0.26 0.44 0.00 0.00 HOLD
26.326	S 12986448 -0.26 0.44 0.00 0.00 HOLD
26.350	>>> V 0.00 0.00
26.351	S 12986468 -0.26 0.44 0.00 0.00 HOLD
26.378	>>> V 0.00 0.00
26.382	S 12986488 -0.26 0.44 0.00 0.00 HOLD
26.386	>>> V 0.00 0.00
26.386	S 12986508 -0.26 0.44 0.00 0.00 HOLD
26.407	>>> V 0.00 0.00
26.409	S 12986528 -0.26 0.44 0.00 0.00 HOLD
26.424	>>> V 0.00 0.00
26.425	S 12986548 -0.26 0.44 0.00 0.00 HOLD
26.445	>>> V 0.00 0.00
26.446	S 12986568 -0.26 0.44 0.00 0.00 HOLD
26.467	>>> V 0.00 0.00
26.469	S 12986588 -0.26 0.44 0.00 0.00 HOLD
26.485	>>> V 0.00 0.00
26.485	S 12986608 -0.26 0.44 0.00 0.00 HOLD
26.508	>>> V 0.00 0.00
26.519	S 12986628 -0.35 0.44 0.00 0.00 HOLD
26.525	>>> V 0.00 0.00
26.526	S 12986648 -0.26 0.44 0.00 0.00 HOLD
26.544	>>> V 0.00 0.00
26.544	S 12986668 -0.26 0.44 0.00 0.00 HOLD
26.568	>>> V 0.00 0.00
26.569	S 12986688 -0.26 0.44 0.00 0.00 HOLD
26.584	>>> V 0.00 0.00
26.585	S 12986708 -0.35 0.44 0.00 0.00 HOLD
26.604	>>> V 0.00 0.00
26.604	S 12986728 -0.26 0.44 0.00 0.00 HOLD
26.625	>>> V 0.00 0.00
26.626	S 12986748 -0.26 0.44 0.00 0.00 HOLD
26.644	>>> V 0.00 0.00
26.646	S 12986768 -0.26 0.44 0.00 0.00 HOLD
26.666	>>> V 0.00 0.00
26.671	S 12986788 -0.26 0.44 0.00 0.00 HOLD
26.701	>>> V 0.00 0.00
26.702	S 12986808 -0.26 0.44 0.00 0.00 HOLD
26.720	>>> V 0.00 0.00
26.722	S 12986828 -0.35 0.44 0.00 0.00 HOLD
26.737	>>> V 0.00 0.00
26.737	S 12986848 -0.26 0.44 0.00 0.00 HOLD
26.748	>>> V 0.00 0.00
26.748	S 12986868 -0.26 0.44 0.00 0.00 HOLD
26.765	>>> V 0.00 0.00
26.765	S 12986888 -0.26 0.44 0.00 0.00 HOLD
26.784	>>> V 0.00 0.00
26.806	>>> V 0.00 0.00
26.808	S 12986908 -0.35 0.44 0.00 0.00 HOLD
26.809	S 12986928 -0.26 0.44 0.00 0.00 HOLD
26.824	>>> V 0.00 0.00
26.844	>>> V 0.00 0.00
26.844	S 12986948 -0.26 0.44 0.00 0.00 HOLD
26.864	>>> V 0.00 0.00
26.865	S 12986968 -0.26 0.44 0.00 0.00 HOLD
26.868	S 12986988 -0.26 0.44 0.00 0.00 HOLD
26.886	>>> V 0.00 0.00
26.888	S 12987008 -0.26 0.44 0.00 0.00 HOLD
26.905	>>> V 0.00 0.00
26.906	S 12987028 -0.26 0.44 0.00 0.00 HOLD
26.925	>>> V 0.00 0.00
26.925	S 12987048 -0.35 0.44 0.00 0.00 HOLD
26.943	>>> V 0.00 0.00
26.945	S 12987068 -0.26 0.44 0.00 0.00 HOLD
26.965	>>> V 0.00 0.00
26.965	S 12987088 -0.26 0.44 0.00 0.00 HOLD
26.985	>>> V 0.00 0.00
26.985	S 12987108 -0.26 0.44 0.00 0.00 HOLD
27.004	>>> V 0.00 0.00
27.005	S 12987128 -0.26 0.44 0.00 0.00 HOLD
27.025	>>> V 0.00 0.00
27.025	S 12987148 -0.26 0.44 0.00 0.00 HOLD
27.045	>>> V 0.00 0.00
27.046	S 12987168 -0.26 0.44 0.00 0.00 HOLD
27.069	>>> V 0.00 0.00
27.077	S 12987188 -0.26 0.44 0.00 0.00 HOLD
27.093	>>> V 0.00 0.00
27.096	S 12987208 -0.26 0.44 0.00 0.00 HOLD
27.116	>>> V 0.00 0.00
27.117	S 12987228 -0.26 0.44 0.00 0.00 HOLD
27.134	>>> V 0.00 0.00
27.136	S 12987248 -0.26 0.44 0.00 0.00 HOLD
27.144	>>> V 0.00 0.00
27.144	S 12987268 -0.26 0.44 0.00 0.00 HOLD
27.164	>>> V 0.00 0.00
27.166	S 12987288 -0.26 0.44 0.00 0.00 HOLD
27.184	>>> V 0.00 0.00
27.204	>>> V 0.00 0.00
27.204	S 12987308 -0.26 0.44 0.00 0.00 HOLD
27.224	>>> V 0.00 0.00
27.225	S 12987328 -0.26 0.44 0.00 0.00 HOLD
27.230	S 12987348 -0.26 0.44 0.00 0.00 HOLD
27.245	>>> V 0.00 0.00
27.248	S 12987368 -0.35 0.44 0.00 0.00 HOLD
27.271	>>> V 0.00 0.00
27.273	S 12987388 -0.26 0.44 0.00 0.00 HOLD
27.286	>>> V 0.00 0.00
27.286	S 12987408 -0.26 0.44 0.00 0.00 HOLD
27.304	>>> V 0.00 0.00
27.308	S 12987428 -0.26 0.44 0.00 0.00 HOLD
27.325	>>> V 0.00 0.00
27.326	S 12987448 -0.26 0.44 0.00 0.00 HOLD
27.345	>>> V 0.00 0.00
27.345	S 12987468 -0.26 0.44 0.00 0.00 HOLD
27.365	>>> V 0.00 0.00
27.367	S 12987488 -0.26 0.44 0.00 0.00 HOLD
27.384	>>> V 0.00 0.00
27.405	>>> V 0.00 0.00
27.405	S 12987508 -0.35 0.44 0.00 0.00 HOLD
27.407	S 12987528 -0.26 0.44 0.00 0.00 HOLD
27.425	>>> V 0.00 0.00
27.435	S 12987548 -0.26 0.44 0.00 0.00 HOLD
27.457	>>> V 0.00 0.00
27.459	S 12987568 -0.35 0.44 0.00 0.00 HOLD
27.471	>>> V 0.00 0.00
27.475	S 12987588 -0.26 0.44 0.00 0.00 HOLD
27.494	>>> V 0.00 0.00
27.498	S 12987608 -0.35 0.44 0.00 0.00 HOLD
27.506	>>> V 0.00 0.00
27.506	S 12987628 -0.26 0.44 0.00 0.00 HOLD
27.524	>>> V 0.00 0.00
27.526	S 12987648 -0.26 0.44 0.00 0.00 HOLD
27.544	>>> V 0.00 0.00
27.545	S 12987668 -0.26 0.44 0.00 0.00 HOLD
27.565	>>> V 0.00 0.00
27.567	S 12987688 -0.26 0.44 0.00 0.00 HOLD
27.585	>>> V 0.00 0.00
27.585	S 12987708 -0.26 0.44 0.00 0.00 HOLD
27.603	>>> V 0.00 0.00
27.625	>>> V 0.00 0.00
27.625	S 12987728 -0.26 0.44 0.00 0.00 HOLD
27.633	S 12987748 -0.35 0.44 0.00 0.00 HOLD
27.651	>>> V 0.00 0.00
27.655	S 12987768 -0.26 0.44 0.00 0.00 HOLD
27.668	>>> V 0.00 0.00
27.671	S 12987788 -0.26 0.44 0.00 0.00 HOLD
27.692	>>> V 0.00 0.00
27.692	S 12987808 -0.26 0.44 0.00 0.00 HOLD
27.706	>>> V 0.00 0.00
27.708	S 12987828 -0.26 0.44 0.00 0.00 HOLD
27.724	>>> V 0.00 0.00
27.744	>>> V 0.00 0.00
27.746	S 12987848 -0.26 0.44 0.00 0.00 HOLD
27.750	S 12987868 -0.26 0.44 0.00 0.00 HOLD
27.764	>>> V 0.00 0.00
27.765	S 12987888 -0.26 0.44 0.00 0.00 HOLD
27.784	>>> V 0.00 0.00
27.785	S 12987908 -0.35 0.44 0.00 0.00 HOLD
27.804	>>> V 0.00 0.00
27.805	S 12987928 -0.26 0.44 0.00 0.00 HOLD
27.824	>>> V 0.00 0.00
27.826	S 12987948 -0.26 0.44 0.00 0.00 HOLD
27.844	>>> V 0.00 0.00
27.846	S 12987968 -0.26 0.44 0.00 0.00 HOLD
27.867	>>> V 0.00 0.00
27.867	S 12987988 -0.26 0.44 0.00 0.00 HOLD
27.884	>>> V 0.00 0.00
27.885	S 12988008 -0.35 0.44 0.00 0.00 HOLD
27.905	>>> V 0.00 0.00
27.905	S 12988028 -0.26 0.44 0.00 0.00 HOLD
27.925	>>> V 0.00 0.00
27.925	S 12988048 -0.26 0.44 0.00 0.00 HOLD
27.947	>>> V 0.00 0.00
27.953	S 12988068 -0.26 0.44 0.00 0.00 HOLD
27.966	>>> V 0.00 0.00
27.966	S 12988088 -0.26 0.44 0.00 0.00 HOLD
27.986	>>> V 0.00 0.00
27.986	S 12988108 -0.26 0.44 0.00 0.00 HOLD
28.004	>>> V 0.00 0.00
28.006	S 12988128 -0.26 0.44 0.00 0.00 HOLD
28.029	>>> V 0.00 0.00
28.029	S 12988148 -0.35 0.44 0.00 0.00 HOLD
28.045	>>> V 0.00 0.00
28.048	S 12988168 -0.26 0.44 0.00 0.00 HOLD
28.064	>>> V 0.00 0.00
28.070	S 12988188 -0.26 0.44 0.00 0.00 HOLD
28.085	>>> V 0.00 0.00
28.086	S 12988208 -0.26 0.44 0.00 0.00 HOLD
28.103	>>> V 0.00 0.00
28.124	>>> V 0.00 0.00
28.125	S 12988228 -0.26 0.44 0.00 0.00 HOLD
28.126	S 12988248 -0.26 0.44 0.00 0.00 HOLD
28.144	>>> V 0.00 0.00
28.164	>>> V 0.00 0.00
28.165	S 12988268 -0.26 0.44 0.00 0.00 HOLD
28.185	>>> V 0.00 0.00
28.185	S 12988288 -0.26 0.44 0.00 0.00 HOLD
28.189	S 12988308 -0.26 0.44 0.00 0.00 HOLD
28.207	>>> V 0.00 0.00
28.207	S 12988328 -0.26 0.44 0.00 0.00 HOLD
28.224	>>> V 0.00 0.00
28.226	S 12988348 -0.26 0.44 0.00 0.00 HOLD
28.244	>>> V 0.00 0.00
28.245	S 12988368 -0.35 0.44 0.00 0.00 HOLD
28.266	>>> V 0.00 0.00
28.267	S 12988388 -0.26 0.44 0.00 0.00 HOLD
28.286	>>> V 0.00 0.00
28.287	S 12988408 -0.26 0.44 0.00 0.00 HOLD
28.306	>>> V 0.00 0.00
28.307	S 12988428 -0.26 0.44 0.00 0.00 HOLD
28.324	>>> V 0.00 0.00
28.326	S 12988448 -0.26 0.44 0.00 0.00 HOLD
28.344	>>> V 0.00 0.00
28.364	>>> V 0.00 0.00
28.366	S 12988468 -0.26 0.44 0.00 0.00 HOLD
28.369	S 12988488 -0.26 0.44 0.00 0.00 HOLD
28.389	>>> V 0.00 0.00
28.396	S 12988508 -0.26 0.44 0.00 0.00 HOLD
28.407	>>> V 0.00 0.00
28.415	S 12988528 -0.26 0.44 0.00 0.00 HOLD
28.423	>>> V 0.00 0.00
28.444	>>> V 0.00 0.00
28.445	S 12988548 -0.26 0.44 0.00 0.00 HOLD
28.448	S 12988568 -0.26 0.44 0.00 0.00 HOLD
28.464	>>> V 0.00 0.00
28.465	S 12988588 -0.26 0.44 0.00 0.00 HOLD
28.484	>>> V 0.00 0.00
28.486	S 12988608 -0.26 0.44 0.00 0.00 HOLD
28.504	>>> V 0.00 0.00
28.505	S 12988628 -0.26 0.44 0.00 0.00 HOLD
28.525	>>> V 0.00 0.00
28.525	S 12988648 -0.26 0.44 0.00 0.00 HOLD
28.544	>>> V 0.00 0.00
28.565	>>> V 0.00 0.00
28.565	S 12988668 -0.26 0.44 0.00 0.00 HOLD
28.568	S 12988688 -0.26 0.44 0.00 0.00 HOLD
28.584	>>> V 0.00 0.00
28.586	S 12988708 -0.26 0.44 0.00 0.00 HOLD
28.604	>>> V 0.00 0.00
28.606	S 12988728 -0.26 0.44 0.00 0.00 HOLD
28.628	>>> V 0.00 0.00
28.632	S 12988748 -0.26 0.44 0.00 0.00 HOLD
28.647	>>> V 0.00 0.00
28.649	S 12988768 -0.26 0.44 0.00 0.00 HOLD
28.666	>>> V 0.00 0.00
28.669	S 12988788 -0.26 0.44 0.00 0.00 HOLD
28.689	>>> V 0.00 0.00
28.691	S 12988808 -0.26 0.44 0.00 0.00 HOLD
28.704	>>> V 0.00 0.00
28.724	>>> V 0.00 0.00
28.725	S 12988828 -0.26 0.44 0.00 0.00 HOLD
28.730	S 12988848 -0.35 0.44 0.00 0.00 HOLD
28.743	>>> V 0.00 0.00
28.764	>>> V 0.00 0.00
28.768	S 12988868 -0.26 0.44 0.00 0.00 HOLD
28.770	S 12988888 -0.26 0.44 0.00 0.00 HOLD
28.784	>>> V 0.00 0.00
28.806	>>> V 0.00 0.00
28.809	S 12988908 -0.26 0.44 0.00 0.00 HOLD
28.817	S 12988928 -0.26 0.44 0.00 0.00 HOLD
28.823	>>> V 0.00 0.00
28.848	>>> V 0.00 0.00
28.849	S 12988948 -0.26 0.44 0.00 0.00 HOLD
28.852	S 12988968 -0.26 0.44 0.00 0.00 HOLD
28.867	>>> V 0.00 0.00
28.869	S 12988988 -0.26 0.44 0.00 0.00 HOLD
28.888	>>> V 0.00 0.00
28.888	S 12989008 -0.35 0.44 0.00 0.00 HOLD
28.904	>>> V 0.00 0.00
28.924	>>> V 0.00 0.00
28.925	S 12989028 -0.26 0.44 0.00 0.00 HOLD
28.927	S 12989048 -0.26 0.44 0.00 0.00 HOLD
28.943	>>> V 0.00 0.00
28.964	>>> V 0.00 0.00
28.966	S 12989068 -0.35 0.44 0.00 0.00 HOLD
28.969	S 12989088 -0.26 0.44 0.00 0.00 HOLD
28.984	>>> V 0.00 0.00
29.005	>>> V 0.00 0.00
29.005	S 12989108 -0.26 0.44 0.00 0.00 HOLD
29.008	S 12989128 -0.26 0.44 0.00 0.00 HOLD
29.024	>>> V 0.00 0.00
29.027	S 12989148 -0.35 0.44 0.00 0.00 HOLD
29.043	>>> V 0.00 0.00
29.064	>>> V 0.00 0.00
29.065	S 12989168 -0.26 0.44 0.00 0.00 HOLD
29.070	S 12989188 -0.26 0.44 0.00 0.00 HOLD
29.089	>>> V 0.00 0.00
29.093	S 12989208 -0.26 0.44 0.00 0.00 HOLD
29.104	>>> V -17.72 48.72
29.105	S 12989228 -0.26 0.44 0.00 0.00 HOLD
29.125	>>> V -17.72 48.70
29.125	S 12989248 -0.26 0.44 0.00 0.00 TRACK
29.146	>>> V -17.72 48.70
29.148	S 12989268 -0.26 0.44 0.00 0.00 TRACK
29.166	>>> V -17.73 48.69
29.167	S 12989288 -0.44 0.44 0.00 0.00 TRACK
29.184	>>> V -17.73 48.68
29.204	>>> V -17.73 48.68
29.205	S 12989308 -0.70 0.70 -2.75 0.00 TRACK
29.209	S 12989328 -0.88 1.23 -5.50 5.50 TRACK
29.225	>>> V -17.73 48.68
29.226	S 12989348 -1.14 1.93 -8.24 12.37 TRACK
29.246	>>> V -17.73 48.70
29.253	S 12989368 -1.32 2.64 -9.62 21.98 TRACK
29.264	>>> V -17.73 48.70
29.267	S 12989388 -1.67 3.52 -10.99 28.85 TRACK
29.283	>>> V -17.72 48.68
29.304	>>> V -17.72 48.68
29.304	S 12989408 -2.11 4.39 -12.37 35.72 TRACK
29.324	>>> V -17.72 48.68
29.325	S 12989428 -2.55 5.36 -15.11 39.85 TRACK
29.328	S 12989448 -2.90 6.33 -17.86 43.97 TRACK
29.345	>>> V -17.71 48.68
29.347	S 12989468 -3.25 7.29 -17.86 45.34 TRACK
29.367	>>> V -17.72 48.69
29.369	S 12989488 -3.60 8.35 -17.86 46.72 TRACK
29.386	>>> V -17.72 48.69
29.387	S 12989508 -3.96 9.58 -17.86 50.84 TRACK
29.405	>>> V -17.53 48.70
29.406	S 12989528 -4.31 10.55 -17.86 52.21 TRACK
29.430	>>> V -17.53 48.70
29.430	S 12989548 -4.66 11.25 -17.86 52.21 TRACK
29.444	>>> V -17.53 48.70
29.448	S 12989568 -5.01 12.04 -16.49 46.72 TRACK
29.465	>>> V -17.53 48.70
29.465	S 12989588 -5.36 13.01 -16.49 42.59 TRACK
29.486	>>> V -17.53 48.70
29.488	S 12989608 -5.80 14.15 -16.49 42.59 TRACK
29.504	>>> V -17.53 48.70
29.507	S 12989628 -6.24 15.29 -16.49 48.09 TRACK
29.526	>>> V -16.90 48.62
29.527	S 12989648 -6.59 16.26 -17.86 50.84 TRACK
29.546	>>> V -13.87 43.26
29.547	S 12989668 -6.94 17.23 -17.86 52.21 TRACK
29.572	>>> V -11.41 33.46
29.574	S 12989688 -7.29 18.19 -17.86 49.46 TRACK
29.584	>>> V -11.41 33.46
29.607	>>> V -11.41 33.46
29.611	S 12989708 -7.65 19.16 -17.86 48.09 TRACK
29.620	S 12989728 -8.00 20.04 -16.49 46.72 TRACK
29.642	>>> V -11.41 33.46
29.644	S 12989748 -8.26 20.83 -16.49 43.97 TRACK
29.671	>>> V -10.24 27.98
29.672	S 12989768 -8.53 21.62 -15.11 42.59 TRACK
29.675	S 12989788 -8.70 22.32 -13.74 39.85 TRACK
29.689	>>> V -10.24 27.98
29.689	S 12989808 -9.05 23.03 -12.37 37.10 TRACK
29.705	>>> V -9.15 24.09
29.707	S 12989828 -9.32 23.73 -10.99 35.72 TRACK
29.726	>>> V -5.86 12.39
29.727	S 12989848 -9.49 24.35 -10.99 34.35 TRACK
29.746	>>> V -4.72 8.20
29.747	S 12989868 -9.67 24.87 -10.99 31.60 TRACK
29.766	>>> V -3.64 4.64
29.769	S 12989888 -9.84 25.40 -9.62 30.23 TRACK
29.783	>>> V -3.64 4.64
29.804	>>> V -2.60 0.00
29.804	S 12989908 -10.02 25.84 -9.62 27.48 TRACK
29.824	>>> V -2.60 0.00
29.825	S 12989928 -10.20 26.10 -8.24 24.73 TRACK
29.827	S 12989948 -10.28 26.37 -6.87 19.24 TRACK
29.845	>>> V -2.60 0.00
29.846	S 12989968 -10.37 26.54 -5.50 15.11 TRACK
29.865	>>> V 0.00 -3.22
29.865	S 12989988 -10.37 26.54 -4.12 9.62 TRACK
29.884	>>> V 0.00 -3.22
29.905	>>> V 0.00 -6.72
29.905	S 12990008 -10.46 26.54 -4.12 5.50 TRACK
29.906	S 12990028 -10.46 26.54 -2.75 2.75 TRACK
29.924	>>> V 0.00 -6.72
29.943	>>> V 0.00 -9.50
29.944	S 12990048 -10.46 26.54 -1.37 0.00 TRACK
29.968	>>> V 0.00 -12.20
29.969	S 12990068 -10.46 26.46 0.00 0.00 TRACK
29.975	S 12990088 -10.46 26.37 0.00 -1.37 TRACK
29.989	>>> V 0.00 -12.20
29.989	S 12990108 -10.46 26.19 0.00 -2.75 TRACK
30.006	>>> V 0.00 -12.20
30.009	S 12990128 -10.46 26.10 0.00 -4.12 TRACK
30.024	>>> V 0.00 -14.48
30.026	S 12990148 -10.46 25.93 0.00 -5.50 TRACK
30.046	>>> V 0.00 -14.48
30.049	S 12990168 -10.46 25.66 0.00 -6.87 TRACK
30.069	>>> V 0.00 -16.14
30.071	S 12990188 -10.46 25.40 0.00 -9.62 TRACK
30.084	>>> V 0.00 -17.03
30.104	>>> V 0.00 -17.03
30.104	S 12990208 -10.46 25.14 0.00 -10.99 TRACK
30.125	>>> V 2.01 -17.32
30.125	S 12990228 -10.46 24.79 0.00 -12.37 TRACK
30.127	S 12990248 -10.46 24.52 0.00 -12.37 TRACK
30.144	>>> V 2.01 -17.32
30.148	S 12990268 -10.37 24.17 0.00 -13.74 TRACK
30.163	>>> V 2.01 -17.32
30.188	>>> V 2.03 -17.37
30.191	S 12990288 -10.46 23.91 0.00 -13.74 TRACK
30.192	S 12990308 -10.46 23.55 0.00 -15.11 TRACK
30.210	>>> V 2.03 -17.37
30.213	S 12990328 -10.46 23.20 0.00 -15.11 TRACK
30.225	>>> V 2.01 -17.21
30.227	S 12990348 -10.46 22.85 0.00 -16.49 TRACK
30.245	>>> V 2.01 -16.93
30.245	S 12990368 -10.46 22.50 0.00 -16.49 TRACK
30.264	>>> V 2.01 -16.30
30.268	S 12990388 -10.46 22.15 0.00 -16.49 TRACK
30.288	>>> V 2.02 -15.45
30.289	S 12990408 -10.46 21.80 0.00 -16.49 TRACK
30.304	>>> V 2.02 -15.45
30.305	S 12990428 -10.46 21.45 0.00 -16.49 TRACK
30.328	>>> V 2.03 -14.38
30.329	S 12990448 -10.37 21.09 0.00 -16.49 TRACK
30.344	>>> V 2.03 -14.38
30.348	S 12990468 -10.37 20.83 0.00 -16.49 TRACK
30.370	>>> V 2.03 -14.38
30.372	S 12990488 -10.28 20.48 1.37 -16.49 TRACK
30.384	>>> V 2.03 -14.38
30.405	>>> V 2.05 -13.21
30.406	S 12990508 -10.28 20.21 1.37 -15.11 TRACK
30.410	S 12990528 -10.28 19.95 1.37 -15.11 TRACK
30.426	>>> V 2.05 -10.44
30.426	S 12990548 -10.28 19.69 0.00 -13.74 TRACK
30.447	>>> V 2.07 -8.87
30.449	S 12990568 -10.28 19.34 0.00 -13.74 TRACK
30.463	>>> V 2.07 -8.87
30.467	S 12990588 -10.20 19.07 0.00 -13.74 TRACK
30.484	>>> V 2.08 -7.42
30.486	S 12990608 -10.11 18.81 0.00 -13.74 TRACK
30.504	>>> V 2.08 -7.42
30.507	S 12990628 -10.02 18.63 1.37 -12.37 TRACK
30.531	>>> V 2.10 -5.93
30.531	S 12990648 -9.93 18.46 2.75 -10.99 TRACK
30.546	>>> V 2.10 -5.93
30.547	S 12990668 -9.93 18.19 4.12 -9.62 TRACK
30.567	>>> V 2.10 -5.93
30.572	S 12990688 -9.93 18.11 2.75 -9.62 TRACK
30.586	>>> V 2.12 -4.42
30.588	S 12990708 -9.93 17.93 1.37 -8.24 TRACK
30.605	>>> V 2.03 -2.96
30.606	S 12990728 -9.84 17.84 0.00 -6.87 TRACK
30.624	>>> V 2.03 -2.96
30.647	>>> V 1.83 0.00
30.647	S 12990748 -9.76 17.75 1.37 -5.50 TRACK
30.649	S 12990768 -9.67 17.58 2.75 -5.50 TRACK
30.664	>>> V 1.84 0.00
30.684	>>> V 1.84 0.00
30.686	S 12990788 -9.67 17.49 2.75 -4.12 TRACK
30.689	S 12990808 -9.67 17.40 1.37 -4.12 TRACK
30.707	>>> V 1.84 0.00
30.708	S 12990828 -9.67 17.40 0.00 -2.75 TRACK
30.726	>>> V 1.88 0.00
30.729	S 12990848 -9.67 17.40 0.00 -2.75 TRACK
30.745	>>> V 0.00 2.86
30.745	S 12990868 -9.67 17.40 0.00 -1.37 TRACK
30.764	>>> V 0.00 3.66
30.784	>>> V 0.00 3.66
30.784	S 12990888 -9.58 17.40 0.00 0.00 TRACK
30.804	>>> V 0.00 3.66
30.805	S 12990908 -9.49 17.40 1.37 0.00 TRACK
30.823	>>> V 0.00 4.26
30.824	S 12990928 -9.49 17.40 1.37 0.00 TRACK
30.845	>>> V 0.00 4.70
30.847	S 12990948 -9.49 17.40 1.37 0.00 TRACK
30.850	S 12990968 -9.49 17.49 0.00 0.00 TRACK
30.868	>>> V 0.00 4.70
30.870	S 12990988 -9.49 17.58 0.00 1.37 TRACK
30.884	>>> V 0.00 4.70
30.908	>>> V 0.00 5.19
30.908	S 12991008 -9.58 17.84 0.00 2.75 TRACK
30.910	S 12991028 -9.49 17.93 0.00 4.12 TRACK
30.928	>>> V 0.00 5.19
30.929	S 12991048 -9.49 18.02 0.00 4.12 TRACK
30.945	>>> V 0.00 5.47
30.946	S 12991068 -9.49 18.11 0.00 4.12 TRACK
30.963	>>> V 0.00 5.66
30.985	>>> V 0.00 5.56
30.986	S 12991088 -9.49 18.19 0.00 4.12 TRACK
30.991	S 12991108 -9.58 18.37 0.00 4.12 TRACK
31.007	>>> V 0.00 5.56
31.007	S 12991128 -9.49 18.46 0.00 4.12 TRACK
31.025	>>> V 0.00 5.56
31.026	S 12991148 -9.49 18.63 0.00 4.12 TRACK
31.046	>>> V 0.00 5.57
31.046	S 12991168 -9.49 18.72 0.00 4.12 TRACK
31.065	>>> V 0.00 5.57
31.067	S 12991188 -9.49 18.81 0.00 4.12 TRACK
31.094	>>> V 0.00 5.58
31.095	S 12991208 -9.49 18.90 0.00 4.12 TRACK
31.111	>>> V 0.00 5.58
31.118	S 12991228 -9.49 19.07 0.00 5.50 TRACK
31.126	>>> V 0.00 5.58
31.127	S 12991248 -9.58 19.16 0.00 5.50 TRACK
31.144	>>> V 0.00 5.58
31.147	S 12991268 -9.49 19.25 0.00 5.50 TRACK
31.164	>>> V 0.00 5.46
31.184	>>> V 0.00 4.16
31.186	S 12991288 -9.49 19.34 0.00 5.50 TRACK
31.189	S 12991308 -9.58 19.42 0.00 4.12 TRACK
31.206	>>> V 0.00 3.77
31.207	S 12991328 -9.49 19.60 0.00 4.12 TRACK
31.224	>>> V 0.00 3.77
31.226	S 12991348 -9.58 19.69 0.00 4.12 TRACK
31.245	>>> V 0.00 3.30
31.248	S 12991368 -9.58 19.69 0.00 4.12 TRACK
31.266	>>> V 0.00 3.30
31.267	S 12991388 -9.49 19.69 0.00 2.75 TRACK
31.284	>>> V 0.00 3.30
31.304	>>> V 0.00 0.00
31.304	S 12991408 -9.49 19.78 0.00 1.37 TRACK
31.325	>>> V 0.00 0.00
31.329	S 12991428 -9.49 19.95 0.00 1.37 TRACK
31.330	S 12991448 -9.58 19.95 0.00 2.75 TRACK
31.344	>>> V 0.00 0.00
31.364	>>> V 0.00 0.00
31.365	S 12991468 -9.49 19.95 0.00 2.75 TRACK
31.387	>>> V 0.00 0.00
31.388	S 12991488 -9.49 19.95 0.00 2.75 TRACK
31.394	S 12991508 -9.49 19.95 0.00 0.00 TRACK
31.406	>>> V 0.00 0.00
31.408	S 12991528 -9.49 19.95 0.00 0.00 TRACK
31.425	>>> V 0.00 0.00
31.427	S 12991548 -9.49 20.04 0.00 0.00 TRACK
31.446	>>> V 0.00 0.00
31.449	S 12991568 -9.49 20.04 0.00 0.00 TRACK
31.473	>>> V 0.00 0.00
31.477	S 12991588 -9.49 20.04 0.00 0.00 TRACK
31.484	>>> V 0.00 0.00
31.505	>>> V 0.00 0.00
31.507	S 12991608 -9.49 20.04 0.00 0.00 TRACK
31.508	S 12991628 -9.49 19.95 0.00 0.00 TRACK
31.525	>>> V 0.00 0.00
31.526	S 12991648 -9.49 20.04 0.00 0.00 TRACK
31.547	>>> V 0.00 0.00
31.547	S 12991668 -9.49 19.95 0.00 0.00 TRACK
31.565	>>> V 0.00 0.00
31.566	S 12991688 -9.49 20.04 0.00 0.00 TRACK
31.590	>>> V 0.00 0.00
31.592	S 12991708 -9.49 19.95 0.00 0.00 TRACK
31.614	>>> V 0.00 0.00
31.615	S 12991728 -9.49 20.04 0.00 0.00 TRACK
31.625	>>> V 0.00 0.00
31.626	S 12991748 -9.49 19.95 0.00 0.00 TRACK
31.654	>>> V 0.00 0.00
31.654	S 12991768 -9.49 20.04 0.00 0.00 TRACK
31.665	>>> V 0.00 0.00
31.666	S 12991788 -9.58 19.95 0.00 0.00 TRACK
31.684	>>> V 0.00 0.00
31.706	>>> V 0.00 0.00
31.707	S 12991808 -9.49 19.95 0.00 0.00 TRACK
31.709	S 12991828 -9.49 20.04 0.00 0.00 TRACK
31.728	>>> V 0.00 0.00
31.729	S 12991848 -9.49 19.95 0.00 0.00 TRACK
31.744	>>> V 0.00 0.00
31.765	>>> V 0.00 0.00
31.765	S 12991868 -9.49 19.95 0.00 0.00 TRACK
31.768	S 12991888 -9.49 20.04 0.00 0.00 TRACK
31.792	>>> V 0.00 0.00
31.796	S 12991908 -9.49 19.95 0.00 0.00 TRACK
31.807	>>> V 0.00 0.00
31.811	S 12991928 -9.49 20.04 0.00 0.00 TRACK
31.825	>>> V 0.00 0.00
31.825	S 12991948 -9.49 20.04 0.00 0.00 TRACK
31.849	>>> V 0.00 0.00
31.852	S 12991968 -9.58 19.95 0.00 0.00 TRACK
31.870	>>> V 0.00 0.00
31.875	S 12991988 -9.49 20.04 0.00 0.00 TRACK
31.883	>>> V 0.00 0.00
31.907	>>> V 0.00 0.00
31.908	S 12992008 -9.49 19.95 0.00 0.00 TRACK
31.911	S 12992028 -9.49 19.95 0.00 0.00 TRACK
31.925	>>> V 0.00 0.00
31.926	S 12992049 -9.49 20.04 0.00 0.00 TRACK
31.945	>>> V 0.00 0.00
31.945	S 12992069 -9.49 19.95 0.00 0.00 TRACK
31.963	>>> V 0.00 0.00
31.988	>>> V 0.00 0.00
31.988	S 12992089 -9.58 20.04 0.00 0.00 TRACK
31.990	S 12992109 -9.49 20.04 0.00 0.00 TRACK
32.006	>>> V 0.00 0.00
32.007	S 12992129 -9.49 20.04 0.00 0.00 TRACK
32.024	>>> V 0.00 0.00
32.026	S 12992149 -9.49 19.95 0.00 0.00 TRACK
32.045	>>> V 0.00 0.00
32.046	S 12992169 -9.49 19.95 0.00 0.00 TRACK
32.064	>>> V 0.00 0.00
32.085	>>> V 0.00 0.00
32.086	S 12992189 -9.49 20.04 0.00 0.00 TRACK
32.088	S 12992209 -9.58 20.04 0.00 0.00 TRACK
32.104	>>> V 0.00 0.00
32.125	>>> V 0.00 0.00
32.127	S 12992229 -9.49 20.04 0.00 0.00 TRACK
32.129	S 12992249 -9.49 19.95 0.00 0.00 TRACK
32.145	>>> V 0.00 0.00
32.146	S 12992269 -9.49 20.04 0.00 0.00 TRACK
32.164	>>> V 0.00 0.00
32.166	S 12992289 -9.49 19.95 0.00 0.00 TRACK
32.184	>>> V 0.00 0.00
32.205	>>> V 0.00 0.00
32.205	S 12992309 -9.49 20.04 0.00 0.00 TRACK
32.208	S 12992329 -9.58 19.95 0.00 0.00 TRACK
32.224	>>> V 0.00 0.00
32.244	>>> V 0.00 0.00
32.248	S 12992349 -9.49 20.04 0.00 0.00 TRACK
32.254	S 12992369 -9.49 19.95 0.00 0.00 TRACK
32.265	>>> V 0.00 0.00
32.266	S 12992389 -9.49 19.95 0.00 0.00 TRACK
32.284	>>> V 0.00 0.00
32.305	>>> V 0.00 0.00
32.306	S 12992409 -9.49 19.95 0.00 0.00 TRACK
32.309	S 12992429 -9.58 19.95 0.00 0.00 TRACK
32.331	>>> V 0.00 0.00
32.335	S 12992449 -9.49 20.04 0.00 0.00 TRACK
32.346	>>> V 0.00 0.00
32.354	S 12992469 -9.49 19.95 0.00 0.00 TRACK
32.370	>>> V 0.00 0.00
32.377	S 12992489 -9.58 19.95 0.00 0.00 TRACK
32.394	>>> V 0.00 0.00
32.395	S 12992509 -9.49 19.95 0.00 0.00 TRACK
32.404	>>> V 0.00 0.00
32.410	S 12992529 -9.49 19.95 0.00 0.00 TRACK
32.427	>>> V 0.00 0.00
32.427	S 12992549 -9.49 19.95 0.00 0.00 TRACK
32.446	>>> V 0.00 0.00
32.451	S 12992569 -9.49 20.04 0.00 0.00 TRACK
32.470	>>> V 0.00 0.00
32.471	S 12992589 -9.49 20.04 0.00 0.00 TRACK
32.490	>>> V 0.00 0.00
32.491	S 12992609 -9.49 19.95 0.00 0.00 TRACK
32.511	>>> V 0.00 0.00
32.513	S 12992629 -9.49 19.95 0.00 0.00 TRACK
32.527	>>> V 0.00 0.00
32.528	S 12992649 -9.49 19.95 0.00 0.00 TRACK
32.552	>>> V 0.00 0.00
32.556	S 12992669 -9.49 20.04 0.00 0.00 TRACK
32.578	>>> V 0.00 0.00
32.580	S 12992689 -9.49 20.04 0.00 0.00 TRACK
32.591	>>> V 0.00 0.00
32.592	S 12992709 -9.49 20.04 0.00 0.00 TRACK
32.605	>>> V 0.00 0.00
32.606	S 12992729 -9.49 20.04 0.00 0.00 TRACK
32.625	>>> V 0.00 0.00
32.626	S 12992749 -9.58 19.95 0.00 0.00 TRACK
32.645	>>> V 0.00 0.00
32.648	S 12992769 -9.49 20.04 0.00 0.00 TRACK
32.666	>>> V 0.00 0.00
32.667	S 12992789 -9.49 20.04 0.00 0.00 TRACK
32.685	>>> V 0.00 0.00
32.689	S 12992809 -9.49 20.04 0.00 0.00 TRACK
32.706	>>> V 0.00 0.00
32.709	S 12992829 -9.49 19.95 0.00 0.00 TRACK
32.731	>>> V 0.00 0.00
32.737	S 12992849 -9.58 20.04 0.00 0.00 TRACK
32.747	>>> V 0.00 0.00
32.755	S 12992869 -9.49 19.95 0.00 0.00 TRACK
32.770	>>> V 0.00 0.00
32.771	S 12992889 -9.49 20.04 0.00 0.00 TRACK
32.783	>>> V 0.00 0.00
32.805	>>> V 0.00 0.00
32.806	S 12992909 -9.49 19.95 0.00 0.00 TRACK
32.807	S 12992929 -9.49 20.04 0.00 0.00 TRACK
32.824	>>> V 0.00 0.00
32.826	S 12992949 -9.49 19.95 0.00 0.00 TRACK
32.844	>>> V 0.00 0.00
32.865	>>> V 0.00 0.00
32.868	S 12992969 -9.58 20.04 0.00 0.00 TRACK
32.873	S 12992989 -9.49 20.04 0.00 0.00 TRACK
32.885	>>> V 0.00 0.00
32.888	S 12993009 -9.58 19.95 0.00 0.00 TRACK
32.907	>>> V 0.00 0.00
32.907	S 12993029 -9.49 19.95 0.00 0.00 TRACK
32.926	>>> V 0.00 0.00
32.928	S 12993049 -9.49 19.95 0.00 0.00 TRACK
32.949	>>> V 0.00 0.00
32.949	S 12993069 -9.49 19.95 0.00 0.00 TRACK
32.970	>>> V 0.00 0.00
32.972	S 12993089 -9.49 19.95 0.00 0.00 TRACK
32.983	>>> V 0.00 0.00
33.004	>>> V 0.00 0.00
33.006	S 12993109 -9.49 20.04 0.00 0.00 TRACK
33.012	S 12993129 -9.49 20.04 0.00 0.00 TRACK
33.025	>>> V 0.00 0.00
33.026	S 12993149 -9.49 20.04 0.00 0.00 TRACK
33.051	>>> V 0.00 0.00
33.052	S 12993169 -9.49 19.95 0.00 0.00 TRACK
33.065	>>> V 0.00 0.00
33.065	S 12993189 -9.49 20.04 0.00 0.00 TRACK
33.104	>>> V 0.00 0.00
33.110	S 12993209 -9.49 19.95 0.00 0.00 TRACK
33.113	S 12993229 -9.49 19.95 0.00 0.00 TRACK
33.120	>>> V 0.00 0.00
33.126	>>> V 0.00 0.00
33.127	S 12993249 -9.49 20.04 0.00 0.00 TRACK
33.145	>>> V 0.00 0.00
33.145	S 12993269 -9.49 19.95 0.00 0.00 TRACK
33.164	>>> V 0.00 0.00
33.185	>>> V 0.00 0.00
33.186	S 12993289 -9.49 19.95 0.00 0.00 TRACK
33.191	S 12993309 -9.49 20.04 0.00 0.00 TRACK
33.204	>>> V 0.00 0.00
33.225	>>> V 0.00 0.00
33.225	S 12993329 -9.49 20.04 0.00 0.00 TRACK
33.244	>>> V 0.00 0.00
33.246	S 12993349 -9.58 20.04 0.00 0.00 TRACK
33.248	S 12993369 -9.49 19.95 0.00 0.00 TRACK
33.269	>>> V 0.00 0.00
33.270	S 12993389 -9.49 20.04 0.00 0.00 TRACK
33.284	>>> V 0.00 0.00
33.303	>>> V 0.00 0.00
33.305	S 12993409 -9.49 20.04 0.00 0.00 TRACK
33.310	S 12993429 -9.49 19.95 0.00 0.00 TRACK
33.325	>>> V 0.00 0.00
33.326	S 12993449 -9.58 20.04 0.00 0.00 TRACK
33.344	>>> V 0.00 0.00
33.345	S 12993469 -9.49 19.95 0.00 0.00 TRACK
33.364	>>> V 0.00 0.00
33.384	>>> V 0.00 0.00
33.384	S 12993489 -9.58 20.04 0.00 0.00 TRACK
33.405	>>> V 0.00 0.00
33.408	S 12993509 -9.49 19.95 0.00 0.00 TRACK
33.410	S 12993529 -9.49 20.04 0.00 0.00 TRACK
33.424	>>> V 0.00 0.00
33.445	>>> V 0.00 0.00
33.446	S 12993549 -9.49 19.95 0.00 0.00 TRACK
33.449	S 12993569 -9.49 19.95 0.00 0.00 TRACK
33.464	>>> V 0.00 0.00
33.467	S 12993589 -9.49 20.04 0.00 0.00 TRACK
33.485	>>> V 0.00 0.00
33.485	S 12993609 -9.58 19.95 0.00 0.00 TRACK
33.507	>>> V 0.00 0.00
33.508	S 12993629 -9.49 20.04 0.00 0.00 TRACK
33.526	>>> V 0.00 0.00
33.530	S 12993649 -9.49 19.95 0.00 0.00 TRACK
33.543	>>> V 0.00 0.00
33.565	>>> V 0.00 0.00
33.565	S 12993669 -9.49 19.95 0.00 0.00 TRACK
33.567	S 12993689 -9.49 19.95 0.00 0.00 TRACK
33.584	>>> V 0.00 0.00
33.588	S 12993709 -9.49 20.04 0.00 0.00 TRACK
33.610	>>> V 0.00 0.00
33.612	S 12993729 -9.49 19.95 0.00 0.00 TRACK
33.624	>>> V 0.00 0.00
33.643	>>> V 0.00 0.00
33.646	S 12993749 -9.49 19.95 0.00 0.00 TRACK
33.653	S 12993769 -9.49 20.04 0.00 0.00 TRACK
33.664	>>> V 0.00 0.00
33.686	>>> V 0.00 0.00
33.686	S 12993789 -9.49 20.04 0.00 0.00 TRACK
33.687	S 12993809 -9.49 20.04 0.00 0.00 TRACK
33.705	>>> V 0.00 0.00
33.707	S 12993829 -9.49 19.95 0.00 0.00 TRACK
33.725	>>> V 0.00 0.00
33.728	S 12993849 -9.49 19.95 0.00 0.00 TRACK
33.744	>>> V 0.00 0.00
33.764	>>> V 0.00 0.00
33.766	S 12993869 -9.49 20.04 0.00 0.00 TRACK
33.770	S 12993889 -9.49 19.95 0.00 0.00 TRACK
33.784	>>> V 0.00 0.00
33.804	>>> V 0.00 0.00
33.804	S 12993909 -9.49 19.95 0.00 0.00 TRACK
33.824	>>> V 0.00 0.00
33.824	S 12993929 -9.49 19.95 0.00 0.00 TRACK
33.844	>>> V 0.00 0.00
33.844	S 12993949 -9.49 19.95 0.00 0.00 TRACK
33.868	>>> V 0.00 0.00
33.868	S 12993969 -9.49 20.04 0.00 0.00 TRACK
33.870	S 12993989 -9.49 19.95 0.00 0.00 TRACK
33.886	>>> V 0.00 0.00
33.887	S 12994009 -9.49 20.04 0.00 0.00 TRACK
33.911	>>> V 0.00 0.00
33.913	S 12994029 -9.49 20.04 0.00 0.00 TRACK
33.924	>>> V 0.00 0.00
33.945	>>> V 0.00 0.00
33.945	S 12994049 -9.49 20.04 0.00 0.00 TRACK
33.965	>>> V 0.00 0.00
33.966	S 12994069 -9.49 19.95 0.00 0.00 TRACK
33.969	S 12994089 -9.49 20.04 0.00 0.00 TRACK
33.988	>>> V 0.00 0.00
33.990	S 12994109 -9.49 20.04 0.00 0.00 TRACK
34.005	>>> V 0.00 0.00
34.006	S 12994129 -9.49 19.95 0.00 0.00 TRACK
34.025	>>> V 0.00 0.00
34.025	S 12994149 -9.49 19.95 0.00 0.00 TRACK
34.045	>>> V 0.00 0.00
34.047	S 12994169 -9.49 19.95 0.00 0.00 TRACK
34.069	>>> V 0.00 0.00
34.071	S 12994189 -9.49 19.95 0.00 0.00 TRACK
34.086	>>> V 0.00 0.00
34.087	S 12994209 -9.49 20.04 0.00 0.00 TRACK
34.103	>>> V 0.00 0.00
34.123	>>> V 0.00 0.00
34.124	S 12994229 -9.49 19.95 0.00 0.00 TRACK
34.147	>>> V 0.00 0.00
34.148	S 12994249 -9.49 20.04 0.00 0.00 TRACK
34.151	S 12994269 -9.58 20.04 0.00 0.00 TRACK
34.164	>>> V 0.00 0.00
34.184	>>> V 0.00 0.00
34.185	S 12994289 -9.49 19.95 0.00 0.00 TRACK
34.205	>>> V 0.00 0.00
34.206	S 12994309 -9.49 20.04 0.00 0.00 TRACK
34.226	>>> V 0.00 0.00
34.228	S 12994329 -9.49 19.95 0.00 0.00 TRACK
34.229	S 12994349 -9.49 19.95 0.00 0.00 TRACK
34.244	>>> V 0.00 0.00
34.265	>>> V 0.00 0.00
34.268	S 12994369 -9.49 20.04 0.00 0.00 TRACK
34.272	S 12994389 -9.49 20.04 0.00 0.00 TRACK
34.284	>>> V 0.00 0.00
34.304	>>> V 0.00 0.00
34.306	S 12994409 -9.49 20.04 0.00 0.00 TRACK
34.310	S 12994429 -9.49 20.04 0.00 0.00 TRACK
34.324	>>> V 0.00 0.00
34.326	S 12994449 -9.58 20.04 0.00 0.00 TRACK
34.344	>>> V 0.00 0.00
34.365	>>> V 0.00 0.00
34.368	S 12994469 -9.49 20.04 0.00 0.00 TRACK
34.377	S 12994489 -9.49 20.04 0.00 0.00 TRACK
34.388	>>> V 0.00 0.00
34.388	S 12994509 -9.49 20.04 0.00 0.00 TRACK
34.404	>>> V 0.00 0.00
34.415	S 12994529 -9.49 20.04 0.00 0.00 TRACK
34.424	>>> V 0.00 0.00
34.426	S 12994549 -9.49 20.04 0.00 0.00 TRACK
34.449	>>> V 0.00 0.00
34.452	S 12994569 -9.49 19.95 0.00 0.00 TRACK
34.467	>>> V 0.00 0.00
34.468	S 12994589 -9.49 19.95 0.00 0.00 TRACK
34.484	>>> V 0.00 0.00
34.486	S 12994609 -9.49 19.95 0.00 0.00 TRACK
34.508	>>> V 0.00 0.00
34.509	S 12994629 -9.58 20.04 0.00 0.00 TRACK
34.524	>>> V 0.00 0.00
34.528	S 12994649 -9.58 20.04 0.00 0.00 TRACK
34.546	>>> V 0.00 0.00
34.550	S 12994669 -9.49 20.04 0.00 0.00 TRACK
34.564	>>> V 0.00 0.00
34.568	S 12994689 -9.49 20.04 0.00 0.00 TRACK
34.584	>>> V 0.00 0.00
34.587	S 12994709 -9.49 19.95 0.00 0.00 TRACK
34.607	>>> V 0.00 0.00
34.611	S 12994729 -9.49 19.95 0.00 0.00 TRACK
34.628	>>> V 0.00 0.00
34.628	S 12994749 -9.49 20.04 0.00 0.00 TRACK
34.652	>>> V 0.00 0.00
34.652	S 12994769 -9.49 20.04 0.00 0.00 TRACK
34.664	>>> V 0.00 0.00
34.686	>>> V 0.00 0.00
34.686	S 12994789 -9.49 20.04 0.00 0.00 TRACK
34.688	S 12994809 -9.58 20.04 0.00 0.00 TRACK
34.710	>>> V 0.00 0.00
34.711	S 12994829 -9.49 20.04 0.00 0.00 TRACK
34.726	>>> V 0.00 0.00
34.726	S 12994849 -9.49 20.04 0.00 0.00 TRACK
34.746	>>> V 0.00 0.00
34.750	S 12994869 -9.49 20.04 0.00 0.00 TRACK
34.764	>>> V 0.00 0.00
34.767	S 12994889 -9.49 19.95 0.00 0.00 TRACK
34.784	>>> V 0.00 0.00
34.805	>>> V 0.00 0.00
34.806	S 12994909 -9.49 19.95 0.00 0.00 TRACK
34.808	S 12994929 -9.49 19.95 0.00 0.00 TRACK
34.824	>>> V 0.00 0.00
34.845	>>> V 0.00 0.00
34.846	S 12994949 -9.49 20.04 0.00 0.00 TRACK
34.848	S 12994969 -9.49 20.04 0.00 0.00 TRACK
34.864	>>> V 0.00 0.00
34.885	>>> V 0.00 0.00
34.885	S 12994989 -9.49 19.95 0.00 0.00 TRACK
34.888	S 12995009 -9.49 20.04 0.00 0.00 TRACK
34.905	>>> V 0.00 0.00
34.906	S 12995029 -9.49 19.95 0.00 0.00 TRACK
34.924	>>> V 0.00 0.00
34.948	>>> V 0.00 0.00
34.949	S 12995049 -9.49 19.95 0.00 0.00 TRACK
34.954	S 12995069 -9.49 20.04 0.00 0.00 TRACK
34.975	>>> V 0.00 0.00
34.982	S 12995089 -9.49 20.04 0.00 0.00 TRACK
34.989	>>> V 0.00 0.00
34.992	S 12995109 -9.49 19.95 0.00 0.00 TRACK
35.005	>>> V 0.00 0.00
35.023	>>> V 0.00 0.00
35.024	S 12995129 -9.49 19.95 0.00 0.00 TRACK
35.046	>>> V 0.00 0.00
35.049	S 12995149 -9.49 19.95 0.00 0.00 TRACK
35.050	S 12995169 -9.49 19.95 0.00 0.00 TRACK
35.065	>>> V 0.00 0.00
35.084	>>> V 0.00 0.00
35.084	S 12995189 -9.49 19.95 0.00 0.00 TRACK
35.107	>>> V 0.00 0.00
35.108	S 12995209 -9.49 19.95 0.00 0.00 TRACK
35.111	S 12995229 -9.49 20.04 0.00 0.00 TRACK
35.126	>>> V 0.00 0.00
35.127	S 12995249 -9.49 20.04 0.00 0.00 TRACK
35.144	>>> V 0.00 0.00
35.166	>>> V 0.00 0.00
35.167	S 12995269 -9.58 20.04 0.00 0.00 TRACK
35.172	S 12995289 -9.58 19.95 0.00 0.00 TRACK
35.184	>>> V 0.00 0.00
35.207	>>> V 0.00 0.00
35.213	S 12995309 -9.49 20.04 0.00 0.00 TRACK
35.217	S 12995329 -9.49 20.04 0.00 0.00 TRACK
35.231	>>> V 0.00 0.00
35.232	S 12995349 -9.49 19.95 0.00 0.00 TRACK
35.246	>>> V 0.00 0.00
35.247	S 12995369 -9.58 20.04 0.00 0.00 TRACK
35.264	>>> V 0.00 0.00
35.287	>>> V 0.00 0.00
35.287	S 12995389 -9.49 19.95 0.00 0.00 TRACK
35.292	S 12995409 -9.49 20.04 0.00 0.00 TRACK
35.304	>>> V 0.00 0.00
35.306	S 12995429 -9.49 19.95 0.00 0.00 TRACK
35.324	>>> V 0.00 0.00
35.326	S 12995449 -9.49 20.04 0.00 0.00 TRACK
35.345	>>> V 0.00 0.00
35.372	>>> V 0.00 3.92
35.375	S 12995469 -9.49 20.04 0.00 0.00 TRACK
35.378	S 12995489 -9.49 20.04 0.00 0.00 TRACK
35.386	>>> V 0.00 3.92
35.387	S 12995509 -9.58 19.95 0.00 0.00 TRACK
35.405	>>> V 0.00 5.20
35.406	S 12995529 -9.49 20.04 0.00 0.00 TRACK
35.424	>>> V 0.00 5.20
35.443	>>> V 0.00 0.00
35.447	S 12995549 -9.58 20.04 0.00 0.00 TRACK
35.449	S 12995569 -9.49 20.13 0.00 0.00 TRACK
35.464	>>> V 0.00 0.00
35.485	>>> V 0.00 0.00
35.486	S 12995589 -9.58 20.21 0.00 1.37 TRACK
35.492	S 12995609 -9.49 20.30 0.00 2.75 TRACK
35.508	>>> V 0.00 0.00
35.508	S 12995629 -9.49 20.30 0.00 2.75 TRACK
35.525	>>> V 0.00 0.00
35.529	S 12995649 -9.58 20.39 0.00 2.75 TRACK
35.544	>>> V 0.00 0.00
35.565	>>> V 0.00 0.00
35.565	S 12995669 -9.58 20.30 0.00 0.00 TRACK
35.585	>>> V 0.00 0.00
35.588	S 12995689 -9.49 20.30 0.00 0.00 TRACK
35.594	S 12995709 -9.49 20.30 0.00 0.00 TRACK
35.612	>>> V 0.00 0.00
35.612	S 12995729 -9.58 20.30 0.00 0.00 TRACK
35.645	>>> V 0.00 0.00
35.648	S 12995749 -9.58 20.30 0.00 0.00 TRACK
35.654	S 12995769 -9.49 20.30 0.00 0.00 TRACK
35.668	>>> V 0.00 0.00
35.668	S 12995789 -9.49 20.39 0.00 0.00 TRACK
35.684	>>> V 0.00 0.00
35.704	>>> V 0.00 0.00
35.706	S 12995809 -9.49 20.30 0.00 0.00 TRACK
35.708	S 12995829 -9.49 20.30 0.00 0.00 TRACK
35.726	>>> V 0.00 0.00
35.727	S 12995849 -9.49 20.39 0.00 0.00 TRACK
35.745	>>> V 0.00 0.00
35.747	S 12995869 -9.49 20.30 0.00 0.00 TRACK
35.764	>>> V 0.00 0.00
35.784	>>> V 0.00 0.00
35.785	S 12995889 -9.49 20.30 0.00 0.00 TRACK
35.807	>>> V 0.00 0.00
35.809	S 12995909 -9.49 20.30 0.00 0.00 TRACK
35.811	S 12995929 -9.49 20.30 0.00 0.00 TRACK
35.829	>>> V 0.00 0.00
35.830	S 12995949 -9.49 20.30 0.00 0.00 TRACK
35.843	>>> V 0.00 0.00
35.847	S 12995969 -9.49 20.30 0.00 0.00 TRACK
35.894	>>> V 0.00 0.00
35.894	S 12995989 -9.49 20.30 0.00 0.00 TRACK
35.896	S 12996009 -9.49 20.30 0.00 0.00 TRACK
35.913	>>> V 0.00 0.00
35.915	S 12996029 -9.49 20.30 0.00 0.00 TRACK
35.927	>>> V 0.00 0.00
35.927	S 12996049 -9.58 20.30 0.00 0.00 TRACK
35.946	>>> V 0.00 0.00
35.949	S 12996069 -9.49 20.30 0.00 0.00 TRACK
35.965	>>> V 0.00 0.00
35.987	>>> V 0.00 0.00
35.988	S 12996089 -9.58 20.30 0.00 0.00 TRACK
35.991	S 12996109 -9.49 20.30 0.00 0.00 TRACK
36.016	>>> V 0.00 0.00
36.017	S 12996129 -9.49 20.30 0.00 0.00 TRACK
36.025	>>> V 0.00 0.00
36.026	S 12996149 -9.49 20.30 0.00 0.00 TRACK
36.044	>>> V 0.00 0.00
36.067	>>> V 0.00 0.00
36.069	S 12996169 -9.49 20.30 0.00 0.00 TRACK
36.072	S 12996189 -9.49 20.30 0.00 0.00 TRACK
36.090	>>> V 0.00 0.00
36.096	S 12996209 -9.49 20.39 0.00 0.00 TRACK
36.107	>>> V 0.00 0.00
36.107	S 12996229 -9.49 20.30 0.00 0.00 TRACK
36.125	>>> V 0.00 0.00
36.126	S 12996249 -9.49 20.30 0.00 0.00 TRACK
36.149	>>> V 0.00 0.00
36.152	S 12996269 -9.49 20.30 0.00 0.00 TRACK
36.166	>>> V 0.00 0.00
36.166	S 12996289 -9.49 20.30 0.00 0.00 TRACK
36.191	>>> V 0.00 0.00
36.191	S 12996309 -9.49 20.30 0.00 0.00 TRACK
36.209	>>> V 0.00 0.00
36.209	S 12996329 -9.49 20.30 0.00 0.00 TRACK
36.233	>>> V 0.00 0.00
36.236	S 12996349 -9.49 20.30 0.00 0.00 TRACK
36.249	>>> V 0.00 0.00
36.251	S 12996369 -9.49 20.30 0.00 0.00 TRACK
36.264	>>> V 0.00 0.00
36.293	>>> V 0.00 0.00
36.296	S 12996389 -9.49 20.30 0.00 0.00 TRACK
36.298	S 12996409 -9.58 20.30 0.00 0.00 TRACK
36.307	>>> V 0.00 0.00
36.308	S 12996429 -9.49 20.30 0.00 0.00 TRACK
36.328	>>> V 0.00 0.00
36.330	S 12996449 -9.58 20.30 0.00 0.00 TRACK
36.349	>>> V 0.00 0.00
36.349	S 12996469 -9.49 20.30 0.00 0.00 TRACK
36.364	>>> V 0.00 0.00
36.366	S 12996489 -9.49 20.30 0.00 0.00 TRACK
36.389	>>> V 0.00 0.00
36.392	S 12996509 -9.49 20.30 0.00 0.00 TRACK
36.413	>>> V 0.00 0.00
36.416	S 12996529 -9.49 20.39 0.00 0.00 TRACK
36.424	>>> V 0.00 0.00
36.428	S 12996549 -9.49 20.30 0.00 0.00 TRACK
36.449	>>> V 0.00 0.00
36.450	S 12996569 -9.49 20.30 0.00 0.00 TRACK
36.467	>>> V 0.00 0.00
36.468	S 12996589 -9.49 20.30 0.00 0.00 TRACK
36.490	>>> V 0.00 0.00
36.491	S 12996609 -9.49 20.30 0.00 0.00 TRACK
36.504	>>> V 0.00 0.00
36.525	>>> V 0.00 0.00
36.528	S 12996629 -9.49 20.30 0.00 0.00 TRACK
36.530	S 12996649 -9.49 20.30 0.00 0.00 TRACK
36.547	>>> V 0.00 0.00
36.548	S 12996669 -9.58 20.30 0.00 0.00 TRACK
36.566	>>> V 0.00 0.00
36.566	S 12996689 -9.49 20.30 0.00 0.00 TRACK
36.584	>>> V 0.00 0.00
36.586	S 12996709 -9.58 20.30 0.00 0.00 TRACK
36.605	>>> V 0.00 0.00
36.609	S 12996729 -9.49 20.30 0.00 0.00 TRACK
36.625	>>> V 0.00 0.00
36.635	S 12996749 -9.49 20.30 0.00 0.00 TRACK
36.649	>>> V 0.00 0.00
36.649	S 12996769 -9.58 20.30 0.00 0.00 TRACK
36.666	>>> V 0.00 0.00
36.667	S 12996789 -9.49 20.30 0.00 0.00 TRACK
36.684	>>> V 0.00 0.00
36.704	>>> V 0.00 0.00
36.705	S 12996809 -9.49 20.30 0.00 0.00 TRACK
36.732	>>> V 0.00 0.00
36.733	S 12996829 -9.49 20.30 0.00 0.00 TRACK
36.743	S 12996849 -9.58 20.30 0.00 0.00 TRACK
36.756	>>> V 0.00 0.00
36.759	S 12996869 -9.49 20.39 0.00 0.00 TRACK
36.771	>>> V 0.00 0.00
36.774	S 12996889 -9.49 20.30 0.00 0.00 TRACK
36.790	>>> V 0.00 0.00
36.796	S 12996909 -9.49 20.30 0.00 0.00 TRACK
36.808	>>> V 0.00 0.00
36.809	S 12996929 -9.49 20.30 0.00 0.00 TRACK
36.827	>>> V 0.00 0.00
36.834	S 12996949 -9.58 20.30 0.00 0.00 TRACK
36.847	>>> V 0.00 0.00
36.849	S 12996969 -9.49 20.30 0.00 0.00 TRACK
36.869	>>> V 0.00 0.00
36.872	S 12996989 -9.49 20.30 0.00 0.00 TRACK
36.887	>>> V 0.00 0.00
36.893	S 12997009 -9.58 20.30 0.00 0.00 TRACK
36.912	>>> V 0.00 0.00
36.912	S 12997029 -9.58 20.30 0.00 0.00 TRACK
36.928	>>> V 0.00 0.00
36.931	S 12997049 -9.49 20.30 0.00 0.00 TRACK
36.949	>>> V 0.00 0.00
36.953	S 12997069 -9.58 20.30 0.00 0.00 TRACK
36.968	>>> V 0.00 0.00
36.971	S 12997089 -9.58 20.30 0.00 0.00 TRACK
36.992	>>> V 0.00 0.00
36.996	S 12997109 -9.49 20.30 0.00 0.00 TRACK
37.004	>>> V 0.00 0.00
37.010	S 12997129 -9.49 20.30 0.00 0.00 TRACK
37.025	>>> V 0.00 0.00
37.032	S 12997149 -9.49 20.30 0.00 0.00 TRACK
37.046	>>> V 0.00 0.00
37.049	S 12997169 -9.58 20.30 0.00 0.00 TRACK
37.079	>>> V 0.00 0.00
37.080	S 12997189 -9.49 20.39 0.00 0.00 TRACK
37.098	>>> V 0.00 0.00
37.104	S 12997209 -9.49 20.30 0.00 0.00 TRACK
37.119	>>> V 0.00 0.00
37.119	S 12997229 -9.49 20.30 0.00 0.00 TRACK
37.134	>>> V 0.00 0.00
37.136	S 12997249 -9.49 20.30 0.00 0.00 TRACK
37.154	>>> V 0.00 0.00
37.161	S 12997269 -9.49 20.30 0.00 0.00 TRACK
37.171	>>> V 0.00 0.00
37.173	S 12997289 -9.49 20.30 0.00 0.00 TRACK
37.200	>>> V 0.00 0.00
37.202	S 12997309 -9.58 20.30 0.00 0.00 TRACK
37.212	>>> V 0.00 0.00
37.214	S 12997329 -9.49 20.30 0.00 0.00 TRACK
37.225	>>> V 0.00 0.00
37.226	S 12997349 -9.49 20.30 0.00 0.00 TRACK
37.248	>>> V 0.00 0.00
37.249	S 12997369 -9.49 20.30 0.00 0.00 TRACK
37.265	>>> V 0.00 0.00
37.268	S 12997389 -9.49 20.30 0.00 0.00 TRACK
37.285	>>> V 0.00 0.00
37.288	S 12997409 -9.58 20.30 0.00 0.00 TRACK
37.306	>>> V 0.00 0.00
37.307	S 12997429 -9.49 20.30 0.00 0.00 TRACK
37.327	>>> V 0.00 0.00
37.329	S 12997449 -9.49 20.30 0.00 0.00 TRACK
37.345	>>> V 0.00 0.00
37.348	S 12997469 -9.49 20.30 0.00 0.00 TRACK
37.363	>>> V 0.00 0.00
37.386	S 12997489 -9.58 20.39 0.00 0.00 TRACK
37.403	>>> V 0.00 0.00
37.414	S 12997509 -9.49 20.30 0.00 0.00 TRACK
37.415	S 12997529 -9.49 20.30 0.00 0.00 TRACK
37.443	>>> V 0.00 0.00
37.444	S 12997549 -9.49 20.30 0.00 0.00 TRACK
37.467	>>> V 0.00 0.00
37.469	S 12997569 -9.49 20.30 0.00 0.00 TRACK
37.474	S 12997589 -9.49 20.30 0.00 0.00 TRACK
37.495	>>> V 0.00 0.00
37.505	S 12997609 -9.58 20.30 0.00 0.00 TRACK
37.524	>>> V 0.00 0.00
37.531	S 12997629 -9.49 20.30 0.00 0.00 TRACK
37.532	S 12997649 -9.49 20.30 0.00 0.00 TRACK
37.553	>>> V 0.00 0.00
37.556	S 12997669 -9.58 20.30 0.00 0.00 TRACK
37.566	>>> V 0.00 0.00
37.568	S 12997689 -9.49 20.30 0.00 0.00 TRACK
37.587	>>> V 0.00 0.00
37.589	S 12997709 -9.58 20.30 0.00 0.00 TRACK
37.609	>>> V 0.00 0.00
37.609	S 12997729 -9.49 20.39 0.00 0.00 TRACK
37.626	>>> V 0.00 0.00
37.627	S 12997749 -9.49 20.30 0.00 0.00 TRACK
37.646	>>> V 0.00 0.00
37.647	S 12997769 -9.49 20.30 0.00 0.00 TRACK
37.665	>>> V 0.00 0.00
37.684	>>> V 0.00 0.00
37.688	S 12997789 -9.49 20.30 0.00 0.00 TRACK
37.689	S 12997809 -9.49 20.30 0.00 0.00 TRACK
37.716	>>> V 0.00 0.00
37.717	S 12997829 -9.49 20.30 0.00 0.00 TRACK
37.726	>>> V 0.00 0.00
37.728	S 12997849 -9.49 20.30 0.00 0.00 TRACK
37.750	>>> V 0.00 0.00
37.753	S 12997869 -9.58 20.30 0.00 0.00 TRACK
37.765	>>> V 0.00 0.00
37.768	S 12997889 -9.49 20.30 0.00 0.00 TRACK
37.784	>>> V 0.00 0.00
37.787	S 12997909 -9.49 20.30 0.00 0.00 TRACK
37.808	>>> V 0.00 0.00
37.813	S 12997929 -9.58 20.30 0.00 0.00 TRACK
37.827	>>> V 0.00 0.00
37.831	S 12997949 -9.49 20.30 0.00 0.00 TRACK
37.844	>>> V 0.00 0.00
37.847	S 12997969 -9.49 20.30 0.00 0.00 TRACK
37.869	>>> V 0.00 0.00
37.870	S 12997989 -9.49 20.30 0.00 0.00 TRACK
37.891	>>> V 0.00 0.00
37.891	S 12998009 -9.49 20.30 0.00 0.00 TRACK
37.909	>>> V 0.00 0.00
37.909	S 12998029 -9.58 20.30 0.00 0.00 TRACK
37.926	>>> V 0.00 0.00
37.927	S 12998049 -9.58 20.30 0.00 0.00 TRACK
37.948	>>> V 0.00 0.00
37.952	S 12998069 -9.49 20.39 0.00 0.00 TRACK
37.966	>>> V 0.00 0.00
37.966	S 12998089 -9.49 20.30 0.00 0.00 TRACK
37.986	>>> V 0.00 0.00
37.988	S 12998109 -9.49 20.30 0.00 0.00 TRACK
38.007	>>> V 0.00 0.00
38.008	S 12998129 -9.49 20.30 0.00 0.00 TRACK
38.027	>>> V 0.00 0.00
38.030	S 12998149 -9.49 20.30 0.00 0.00 TRACK
38.045	>>> V 0.00 0.00
38.047	S 12998169 -9.49 20.30 0.00 0.00 TRACK
38.063	>>> V 0.00 0.00
38.086	>>> V 0.00 0.00
38.087	S 12998189 -9.49 20.30 0.00 0.00 TRACK
38.094	S 12998209 -9.58 20.30 0.00 0.00 TRACK
38.110	>>> V 0.00 0.00
38.110	S 12998229 -9.58 20.30 0.00 0.00 TRACK
38.131	>>> V 0.00 0.00
38.133	S 12998249 -9.49 20.30 0.00 0.00 TRACK
38.147	>>> V 0.00 0.00
38.149	S 12998269 -9.49 20.30 0.00 0.00 TRACK
38.166	>>> V 0.00 0.00
38.166	S 12998289 -9.49 20.30 0.00 0.00 TRACK
38.190	>>> V 0.00 0.00
38.195	S 12998309 -9.49 20.30 0.00 0.00 TRACK
38.211	>>> V 0.00 0.00
38.214	S 12998329 -9.49 20.30 0.00 0.00 TRACK
38.228	>>> V 0.00 0.00
38.231	S 12998349 -9.49 20.30 0.00 0.00 TRACK
38.244	>>> V 0.00 0.00
38.246	S 12998369 -9.49 20.30 0.00 0.00 TRACK
38.264	>>> V 0.00 0.00
38.266	S 12998389 -9.49 20.39 0.00 0.00 TRACK
38.286	>>> V 0.00 0.00
38.287	S 12998409 -9.58 20.30 0.00 0.00 TRACK
38.303	>>> V 0.00 0.00
38.307	S 12998429 -9.49 20.30 0.00 0.00 TRACK
38.326	>>> V 0.00 0.00
38.326	S 12998449 -9.49 20.30 0.00 0.00 TRACK
38.350	>>> V 0.00 0.00
38.352	S 12998469 -9.49 20.30 0.00 0.00 TRACK
38.364	>>> V 0.00 0.00
38.380	S 12998489 -9.58 20.30 0.00 0.00 TRACK
38.421	>>> V 0.00 0.00
38.422	S 12998509 -9.49 20.30 0.00 0.00 TRACK
38.428	S 12998529 -9.49 20.30 0.00 0.00 TRACK
38.443	>>> V 0.00 0.00
38.447	S 12998549 -9.58 20.30 0.00 0.00 TRACK
38.451	S 12998569 -9.49 20.30 0.00 0.00 TRACK
38.466	>>> V 0.00 0.00
38.468	S 12998589 -9.49 20.30 0.00 0.00 TRACK
38.488	>>> V 0.00 0.00
38.489	S 12998609 -9.49 20.30 0.00 0.00 TRACK
38.506	>>> V 0.00 0.00
38.508	S 12998629 -9.49 20.30 0.00 0.00 TRACK
38.526	>>> V 0.00 0.00
38.527	S 12998649 -9.49 20.30 0.00 0.00 TRACK
38.548	>>> V 0.00 0.00
38.550	S 12998669 -9.49 20.30 0.00 0.00 TRACK
38.567	>>> V 0.00 0.00
38.567	S 12998689 -9.49 20.30 0.00 0.00 TRACK
38.588	>>> V 0.00 0.00
38.591	S 12998709 -9.49 20.30 0.00 0.00 TRACK
38.618	>>> V 0.00 0.00
38.618	S 12998729 -9.49 20.30 0.00 0.00 TRACK
38.626	>>> V 0.00 0.00
38.629	S 12998749 -9.49 20.39 0.00 0.00 TRACK
38.653	>>> V 0.00 0.00
38.655	S 12998769 -9.49 20.39 0.00 0.00 TRACK
38.690	>>> V 0.00 0.00
38.693	S 12998789 -9.58 20.30 0.00 0.00 TRACK
38.694	S 12998809 -9.49 20.30 0.00 0.00 TRACK
38.727	>>> V 0.00 0.00
38.737	S 12998829 -9.49 20.30 0.00 0.00 TRACK
38.741	S 12998849 -9.49 20.30 0.00 0.00 TRACK
38.772	>>> V 0.00 0.00
38.784	S 12998869 -9.49 20.30 0.00 0.00 TRACK
38.793	S 12998889 -9.49 20.39 0.00 0.00 TRACK
38.820	>>> V 0.00 0.00
38.825	S 12998909 -9.58 20.30 0.00 0.00 TRACK
38.835	S 12998929 -9.49 20.30 0.00 0.00 TRACK
38.873	>>> V 0.00 0.00
38.875	S 12998949 -9.49 20.30 0.00 0.00 TRACK
38.876	S 12998969 -9.49 20.30 0.00 0.00 TRACK
38.887	S 12998989 -9.49 20.30 0.00 0.00 TRACK
38.909	>>> V 0.00 0.00
38.916	S 12999009 -9.49 20.30 0.00 0.00 TRACK
38.918	S 12999029 -9.49 20.30 0.00 0.00 TRACK
38.948	>>> V 0.00 0.00
38.954	S 12999049 -9.49 20.30 0.00 0.00 TRACK
38.965	S 12999069 -9.49 20.30 0.00 0.00 TRACK
39.008	>>> V 0.00 0.00
39.009	S 12999089 -9.49 20.30 0.00 0.00 TRACK
39.013	S 12999109 -9.58 20.30 0.00 0.00 TRACK
39.017	S 12999129 -9.49 20.30 0.00 0.00 TRACK
39.044	>>> V 0.00 0.00
39.049	S 12999149 -9.49 20.30 0.00 0.00 TRACK
39.051	S 12999169 -9.49 20.30 0.00 0.00 TRACK
39.202	>>> V 0.00 0.00
39.203	S 12999189 -9.49 20.30 0.00 0.00 TRACK
39.206	S 12999209 -9.49 20.39 0.00 0.00 TRACK
39.207	S 12999229 -9.49 20.30 0.00 0.00 TRACK
39.209	S 12999249 -9.49 20.30 0.00 0.00 TRACK
39.210	S 12999269 -9.49 20.30 0.00 0.00 TRACK
39.211	S 12999289 -9.49 20.30 0.00 0.00 TRACK
39.214	S 12999309 -9.49 20.39 0.00 0.00 TRACK
39.225	>>> V 0.00 0.00
39.226	S 12999329 -9.49 20.30 0.00 0.00 TRACK
39.245	>>> V 0.00 0.00
39.246	S 12999349 -9.49 20.30 0.00 0.00 TRACK
39.268	>>> V 0.00 0.00
39.269	S 12999369 -9.49 20.30 0.00 0.00 TRACK
39.270	S 12999389 -9.49 20.30 0.00 0.00 TRACK
39.285	>>> V 0.00 0.00
39.304	>>> V 0.00 0.00
39.307	S 12999409 -9.49 20.30 0.00 0.00 TRACK
39.315	S 12999429 -9.49 20.30 0.00 0.00 TRACK
39.326	>>> V 0.00 0.00
39.327	S 12999450 -9.49 20.30 0.00 0.00 TRACK
39.351	>>> V 0.00 0.00
39.353	S 12999470 -9.58 20.30 0.00 0.00 TRACK
39.367	>>> V 0.00 0.00
39.372	S 12999490 -9.49 20.30 0.00 0.00 TRACK
39.404	>>> V 0.00 0.00
39.406	S 12999510 -9.49 20.30 0.00 0.00 TRACK
39.430	>>> V 0.00 0.00
39.433	S 12999530 -9.49 20.30 0.00 0.00 TRACK
39.434	S 12999550 -9.49 20.39 0.00 0.00 TRACK
39.456	>>> V 0.00 0.00
39.460	S 12999570 -9.49 20.39 0.00 0.00 TRACK
39.479	>>> V 0.00 0.00
39.480	S 12999590 -9.49 20.30 0.00 0.00 TRACK
39.488	>>> V 0.00 0.00
39.490	S 12999610 -9.49 20.30 0.00 0.00 TRACK
39.504	>>> V 0.00 0.00
39.526	>>> V 0.00 0.00
39.527	S 12999630 -9.49 20.30 0.00 0.00 TRACK
39.528	S 12999650 -9.49 20.30 0.00 0.00 TRACK
39.547	>>> V 0.00 0.00
39.549	S 12999670 -9.58 20.30 0.00 0.00 TRACK
39.565	>>> V 0.00 0.00
39.567	S 12999690 -9.49 20.30 0.00 0.00 TRACK
39.587	>>> V 0.00 0.00
39.587	S 12999710 -9.49 20.30 0.00 0.00 TRACK
39.604	>>> V 0.00 0.00
39.606	S 12999730 -9.49 20.30 0.00 0.00 TRACK
39.624	>>> V 0.00 0.00
39.644	>>> V 0.00 0.00
39.644	S 12999750 -9.49 20.30 0.00 0.00 TRACK
39.670	>>> V 0.00 0.00
39.670	S 12999770 -9.49 20.30 0.00 0.00 TRACK
39.672	S 12999790 -9.49 20.30 0.00 0.00 TRACK
39.686	>>> V 0.00 0.00
39.687	S 12999810 -9.49 20.30 0.00 0.00 TRACK
39.706	>>> V 0.00 0.00
39.709	S 12999830 -9.49 20.30 0.00 0.00 TRACK
39.729	>>> V 0.00 0.00
39.732	S 12999850 -9.58 20.39 0.00 0.00 TRACK
39.745	>>> V 0.00 0.00
39.746	S 12999870 -9.49 20.30 0.00 0.00 TRACK
39.764	>>> V 0.00 0.00
39.786	>>> V 0.00 0.00
39.787	S 12999890 -9.49 20.30 0.00 0.00 TRACK
39.789	S 12999910 -9.49 20.30 0.00 0.00 TRACK
39.807	>>> V 0.00 0.00
39.808	S 12999930 -9.58 20.30 0.00 0.00 TRACK
39.827	>>> V 0.00 0.00
39.828	S 12999950 -9.49 20.30 0.00 0.00 TRACK
39.851	>>> V 0.00 0.00
39.853	S 12999970 -9.49 20.30 0.00 0.00 TRACK
39.865	>>> V 0.00 0.00
39.867	S 12999990 -9.49 20.30 0.00 0.00 TRACK
39.887	>>> V 0.00 0.00
39.892	S 13000010 -9.49 20.30 0.00 0.00 TRACK
39.912	>>> V 0.00 0.00
39.915	S 13000030 -9.49 20.30 0.00 0.00 TRACK
39.930	>>> V 0.00 0.00
39.934	S 13000050 -9.49 20.39 0.00 0.00 TRACK
39.946	>>> V 0.00 0.00
39.949	S 13000070 -9.49 20.30 0.00 0.00 TRACK
39.967	>>> V 0.00 0.00
39.970	S 13000090 -9.49 20.30 0.00 0.00 TRACK
39.986	>>> V 0.00 0.00
39.989	S 13000110 -9.49 20.30 0.00 0.00 TRACK
40.005	>>> V 0.00 0.00
40.006	S 13000130 -9.49 20.30 0.00 0.00 TRACK
40.027	>>> V 0.00 0.00
40.029	S 13000150 -9.49 20.30 0.00 0.00 TRACK
40.045	>>> V 0.00 0.00
40.065	>>> V 0.00 0.00
40.067	S 13000170 -9.49 20.30 0.00 0.00 TRACK
40.073	S 13000190 -9.49 20.30 0.00 0.00 TRACK
40.085	>>> V 0.00 0.00
40.086	S 13000210 -9.49 20.30 0.00 0.00 TRACK
40.106	>>> V 0.00 0.00
40.106	S 13000230 -9.49 20.30 0.00 0.00 TRACK
40.126	>>> V 0.00 0.00
40.128	S 13000250 -9.49 20.30 0.00 0.00 TRACK
40.146	>>> V 0.00 0.00
40.147	S 13000270 -9.49 20.30 0.00 0.00 TRACK
40.166	>>> V 0.00 0.00
40.169	S 13000290 -9.49 20.30 0.00 0.00 TRACK
40.186	>>> V 0.00 0.00
40.189	S 13000310 -9.49 20.30 0.00 0.00 TRACK
40.209	>>> V 0.00 0.00
40.209	S 13000330 -9.49 20.30 0.00 0.00 TRACK
40.224	>>> V 0.00 0.00
40.227	S 13000350 -9.58 20.30 0.00 0.00 TRACK
40.249	>>> V 0.00 0.00
40.249	S 13000370 -9.49 20.30 0.00 0.00 TRACK
40.265	>>> V 0.00 0.00
40.268	S 13000390 -9.49 20.39 0.00 0.00 TRACK
40.286	>>> V 0.00 0.00
40.286	S 13000410 -9.49 20.30 0.00 0.00 TRACK
40.307	>>> V 0.00 0.00
40.309	S 13000430 -9.49 20.30 0.00 0.00 TRACK
40.327	>>> V 0.00 0.00
40.328	S 13000450 -9.49 20.30 0.00 0.00 TRACK
40.345	>>> V 0.00 0.00
40.349	S 13000470 -9.49 20.30 0.00 0.00 TRACK
40.365	>>> V 0.00 0.00
40.384	>>> V 0.00 0.00
40.387	S 13000490 -9.49 20.30 0.00 0.00 TRACK
40.397	S 13000510 -9.49 20.30 0.00 0.00 TRACK
40.408	>>> V 0.00 0.00
40.412	S 13000530 -9.49 20.30 0.00 0.00 TRACK
40.428	>>> V 0.00 0.00
40.428	S 13000550 -9.49 20.30 0.00 0.00 TRACK
40.446	>>> V 0.00 0.00
40.450	S 13000570 -9.49 20.30 0.00 0.00 TRACK
40.465	>>> V 0.00 0.00
40.469	S 13000590 -9.49 20.30 0.00 0.00 TRACK
40.486	>>> V 0.00 0.00
40.505	>>> V 0.00 0.00
40.516	S 13000610 -9.49 20.30 0.00 0.00 TRACK
40.518	S 13000630 -9.58 20.39 0.00 0.00 TRACK
40.528	>>> V 0.00 0.00
40.529	S 13000650 -9.49 20.30 0.00 0.00 TRACK
40.546	>>> V 0.00 0.00
40.547	S 13000670 -9.49 20.30 0.00 0.00 TRACK
40.566	>>> V 0.00 0.00
40.567	S 13000690 -9.49 20.30 0.00 0.00 TRACK
40.586	>>> V 0.00 0.00
40.587	S 13000710 -9.49 20.30 0.00 0.00 TRACK
40.604	>>> V 0.00 0.00
40.609	S 13000730 -9.49 20.30 0.00 0.00 TRACK
40.624	>>> V 0.00 0.00
40.654	>>> V 0.00 0.00
40.656	S 13000750 -9.49 20.30 0.00 0.00 TRACK
40.660	S 13000770 -9.49 20.30 0.00 0.00 TRACK
40.672	>>> V 0.00 0.00
40.672	S 13000790 -9.49 20.30 0.00 0.00 TRACK
40.688	>>> V 0.00 0.00
40.691	S 13000810 -9.49 20.30 0.00 0.00 TRACK
40.709	>>> V 0.00 0.00
40.709	S 13000830 -9.49 20.30 0.00 0.00 TRACK
40.736	>>> V 0.00 0.00
40.737	S 13000850 -9.49 20.30 0.00 0.00 TRACK
40.757	>>> V 0.00 0.00
40.759	S 13000870 -9.49 20.30 0.00 0.00 TRACK
40.776	>>> V 0.00 0.00
40.776	S 13000890 -9.49 20.30 0.00 0.00 TRACK
40.807	>>> V 0.00 0.00
40.814	S 13000910 -9.58 20.30 0.00 0.00 TRACK
40.826	S 13000930 -9.49 20.30 0.00 0.00 TRACK
40.834	>>> V 0.00 0.00
40.841	S 13000950 -9.49 20.30 0.00 0.00 TRACK
40.870	>>> V 0.00 0.00
40.873	S 13000970 -9.49 20.30 0.00 0.00 TRACK
40.892	S 13000990 -9.58 20.30 0.00 0.00 TRACK
40.916	>>> V 0.00 0.00
40.928	S 13001010 -9.49 20.30 0.00 0.00 TRACK
40.930	S 13001030 -9.49 20.30 0.00 0.00 TRACK
40.949	>>> V 0.00 0.00
40.960	S 13001050 -9.49 20.30 0.00 0.00 TRACK
40.962	S 13001070 -9.49 20.30 0.00 0.00 TRACK
40.967	>>> V 0.00 0.00
40.967	S 13001090 -9.49 20.30 0.00 0.00 TRACK
40.985	>>> V 0.00 0.00
41.005	>>> V 0.00 0.00
41.006	S 13001110 -9.49 20.30 0.00 0.00 TRACK
41.025	>>> V 0.00 0.00
41.028	S 13001130 -9.49 20.30 0.00 0.00 TRACK
41.030	S 13001150 -9.49 20.30 0.00 0.00 TRACK
41.043	>>> V 0.00 0.00
41.064	>>> V 0.00 0.00
41.064	S 13001170 -9.49 20.30 0.00 0.00 TRACK
41.089	>>> V 0.00 0.00
41.090	S 13001190 -9.49 20.30 0.00 0.00 TRACK
41.091	S 13001210 -9.58 20.30 0.00 0.00 TRACK
41.106	>>> V 0.00 0.00
41.107	S 13001230 -9.49 20.30 0.00 0.00 TRACK
41.125	>>> V 0.00 0.00
41.129	S 13001250 -9.49 20.39 0.00 0.00 TRACK
41.148	>>> V 0.00 0.00
41.148	S 13001270 -9.49 20.30 0.00 0.00 TRACK
41.164	>>> V 0.00 0.00
41.166	S 13001290 -9.49 20.30 0.00 0.00 TRACK
41.183	>>> V 0.00 0.00
41.189	S 13001310 -9.58 20.30 0.00 0.00 TRACK
41.208	>>> V 0.00 0.00
41.209	S 13001330 -9.49 20.30 0.00 0.00 TRACK
41.224	>>> V 0.00 0.00
41.228	S 13001350 -9.49 20.30 0.00 0.00 TRACK
41.245	>>> V 0.00 0.00
41.246	S 13001370 -9.58 20.30 0.00 0.00 TRACK
41.266	>>> V 0.00 0.00
41.269	S 13001390 -9.58 20.30 0.00 0.00 TRACK
41.288	>>> V 0.00 0.00
41.288	S 13001410 -9.49 20.30 0.00 0.00 TRACK
41.304	>>> V 0.00 0.00
41.306	S 13001430 -9.49 20.30 0.00 0.00 TRACK
41.324	>>> V 0.00 0.00
41.345	>>> V 0.00 0.00
41.345	S 13001450 -9.49 20.30 0.00 0.00 TRACK
41.367	>>> V 0.00 0.00
41.370	S 13001470 -9.58 20.30 0.00 0.00 TRACK
41.379	S 13001490 -9.49 20.30 0.00 0.00 TRACK
41.387	>>> V 0.00 0.00
41.388	S 13001510 -9.49 20.30 0.00 0.00 TRACK
41.408	>>> V 0.00 0.00
41.409	S 13001530 -9.49 20.30 0.00 0.00 TRACK
41.429	>>> V 0.00 0.00
41.430	S 13001550 -9.49 20.30 0.00 0.00 TRACK
41.447	>>> V 0.00 0.00
41.451	S 13001570 -9.49 20.30 0.00 0.00 TRACK
41.469	>>> V 0.00 0.00
41.472	S 13001590 -9.49 20.30 0.00 0.00 TRACK
41.488	>>> V 0.00 0.00
41.490	S 13001610 -9.49 20.39 0.00 0.00 TRACK
41.508	>>> V 0.00 0.00
41.509	S 13001630 -9.49 20.30 0.00 0.00 TRACK
41.525	>>> V 0.00 0.00
41.526	S 13001650 -9.49 20.30 0.00 0.00 TRACK
41.547	>>> V 0.00 0.00
41.547	S 13001670 -9.49 20.30 0.00 0.00 TRACK
41.568	>>> V 0.00 0.00
41.572	S 13001690 -9.49 20.30 0.00 0.00 TRACK
41.585	>>> V 0.00 0.00
41.604	>>> V 0.00 0.00
41.608	S 13001710 -9.49 20.30 0.00 0.00 TRACK
41.609	S 13001730 -9.49 20.30 0.00 0.00 TRACK
41.627	>>> V 0.00 0.00
41.628	S 13001750 -9.49 20.30 0.00 0.00 TRACK
41.644	>>> V 0.00 0.00
41.666	>>> V 0.00 0.00
41.670	S 13001770 -9.49 20.30 0.00 0.00 TRACK
41.675	S 13001790 -9.49 20.30 0.00 0.00 TRACK
41.684	>>> V 0.00 0.00
41.717	>>> V 0.00 0.00
41.726	S 13001810 -9.49 20.30 0.00 0.00 TRACK
41.727	S 13001830 -9.49 20.30 0.00 0.00 TRACK
41.733	>>> V 0.00 0.00
41.735	S 13001850 -9.58 20.30 0.00 0.00 TRACK
41.745	>>> V 0.00 0.00
41.765	>>> V 0.00 0.00
41.768	S 13001870 -9.49 20.30 0.00 0.00 TRACK
41.772	S 13001890 -9.49 20.30 0.00 0.00 TRACK
41.788	>>> V 0.00 0.00
41.789	S 13001910 -9.49 20.39 0.00 0.00 TRACK
41.808	>>> V 0.00 0.00
41.810	S 13001930 -9.49 20.30 0.00 0.00 TRACK
41.825	>>> V 0.00 0.00
41.828	S 13001950 -9.49 20.30 0.00 0.00 TRACK
41.843	>>> V 0.00 0.00
41.848	S 13001970 -9.49 20.30 0.00 0.00 TRACK
41.868	>>> V 0.00 0.00
41.870	S 13001990 -9.49 20.30 0.00 0.00 TRACK
41.890	>>> V 0.00 0.00
41.890	S 13002010 -9.49 20.30 0.00 0.00 TRACK
41.913	>>> V 0.00 0.00
41.916	S 13002030 -9.58 20.30 0.00 0.00 TRACK
41.926	>>> V 0.00 0.00
41.929	S 13002050 -9.49 20.30 0.00 0.00 TRACK
41.948	>>> V 0.00 0.00
41.951	S 13002070 -9.58 20.30 0.00 0.00 TRACK
41.972	>>> V 0.00 0.00
41.972	S 13002090 -9.49 20.30 0.00 0.00 TRACK
41.984	>>> V 0.00 0.00
41.987	S 13002110 -9.49 20.30 0.00 0.00 TRACK
42.004	>>> V 0.00 0.00
42.007	S 13002130 -9.49 20.30 0.00 0.00 TRACK
42.025	>>> V 0.00 0.00
42.028	S 13002150 -9.49 20.30 0.00 0.00 TRACK
42.046	>>> V 0.00 0.00
42.064	>>> V 0.00 0.00
42.065	S 13002170 -9.49 20.30 0.00 0.00 TRACK
42.084	>>> V 0.00 0.00
42.085	S 13002190 -9.49 20.30 0.00 0.00 TRACK
42.105	>>> V 0.00 0.00
42.106	S 13002210 -9.49 20.30 0.00 0.00 TRACK
42.123	>>> V 0.00 0.00
42.126	S 13002230 -9.49 20.30 0.00 0.00 TRACK
42.144	>>> V 0.00 0.00
42.146	S 13002250 -9.49 20.30 0.00 0.00 TRACK
42.165	>>> V 0.00 0.00
42.166	S 13002270 -9.49 20.30 0.00 0.00 TRACK
42.184	>>> V 0.00 0.00
42.185	S 13002290 -9.49 20.30 0.00 0.00 TRACK
42.206	>>> V 0.00 0.00
42.207	S 13002310 -9.49 20.30 0.00 0.00 TRACK
42.208	S 13002330 -9.49 20.30 0.00 0.00 TRACK
42.225	>>> V 0.00 0.00
42.227	S 13002350 -9.49 20.39 0.00 0.00 TRACK
42.244	>>> V 0.00 0.00
42.264	>>> V 0.00 0.00
42.265	S 13002370 -9.58 20.30 0.00 0.00 TRACK
42.285	>>> V 0.00 0.00
42.285	S 13002390 -9.58 20.30 0.00 0.00 TRACK
42.303	>>> V 0.00 0.00
42.304	S 13002410 -9.49 20.30 0.00 0.00 TRACK
42.323	>>> V 0.00 0.00
42.324	S 13002430 -9.49 20.30 0.00 0.00 TRACK
42.349	>>> V 0.00 0.00
42.353	S 13002450 -9.49 20.30 0.00 0.00 TRACK
42.355	S 13002470 -9.49 20.30 0.00 0.00 TRACK
42.370	>>> V 0.00 0.00
42.372	S 13002490 -9.49 20.30 0.00 0.00 TRACK
42.385	>>> V 0.00 0.00
42.387	S 13002510 -9.49 20.30 0.00 0.00 TRACK
42.422	>>> V 0.00 0.00
42.424	S 13002530 -9.49 20.30 0.00 0.00 TRACK
42.442	>>> V 0.00 0.00
42.445	S 13002550 -9.49 20.30 0.00 0.00 TRACK
42.450	>>> V 0.00 0.00
42.450	S 13002570 -9.58 20.30 0.00 0.00 TRACK
42.464	>>> V 0.00 0.00
42.507	>>> V 0.00 0.00
42.510	S 13002590 -9.49 20.30 0.00 0.00 TRACK
42.522	S 13002610 -9.49 20.30 0.00 0.00 TRACK
42.524	S 13002630 -9.49 20.30 0.00 0.00 TRACK
42.558	>>> V 0.00 0.00
42.569	S 13002650 -9.49 20.30 0.00 0.00 TRACK
42.570	S 13002670 -9.49 20.30 0.00 0.00 TRACK
42.588	S 13002690 -9.58 20.30 0.00 0.00 TRACK
42.607	>>> V 0.00 0.00
42.610	S 13002710 -9.49 20.30 0.00 0.00 TRACK
42.612	S 13002730 -9.49 20.30 0.00 0.00 TRACK
42.631	>>> V 0.00 0.00
42.632	S 13002750 -9.58 20.30 0.00 0.00 TRACK
42.652	>>> V 0.00 0.00
42.661	S 13002770 -9.58 20.30 0.00 0.00 TRACK
42.669	>>> V 0.00 0.00
42.670	S 13002790 -9.49 20.30 0.00 0.00 TRACK
42.685	>>> V 0.00 0.00
42.689	S 13002810 -9.49 20.30 0.00 0.00 TRACK
42.706	>>> V 0.00 0.00
42.707	S 13002830 -9.49 20.30 0.00 0.00 TRACK
42.726	>>> V 0.00 0.00
42.731	S 13002850 -9.49 20.30 0.00 0.00 TRACK
42.760	>>> V 0.00 0.00
42.766	S 13002870 -9.49 20.30 0.00 0.00 TRACK
42.791	>>> V 0.00 0.00
42.792	S 13002890 -9.58 20.30 0.00 0.00 TRACK
42.803	S 13002910 -9.49 20.30 0.00 0.00 TRACK
42.828	>>> V 0.00 0.00
42.833	S 13002930 -9.49 20.30 0.00 0.00 TRACK
42.842	S 13002950 -9.49 20.30 0.00 0.00 TRACK
42.863	>>> V 0.00 0.00
42.872	S 13002970 -9.49 20.30 0.00 0.00 TRACK
42.874	S 13002990 -9.49 20.30 0.00 0.00 TRACK
42.898	>>> V 0.00 0.00
42.901	S 13003010 -9.58 20.30 0.00 0.00 TRACK
42.921	>>> V 0.00 0.00
42.932	S 13003030 -9.49 20.39 0.00 0.00 TRACK
42.941	S 13003050 -9.49 20.30 0.00 0.00 TRACK
42.964	>>> V 0.00 0.00
42.965	S 13003070 -9.49 20.30 0.00 0.00 TRACK
42.987	>>> V 0.00 0.00
42.987	S 13003090 -9.49 20.30 0.00 0.00 TRACK
42.991	S 13003110 -9.58 20.30 0.00 0.00 TRACK
43.004	>>> V 0.00 0.00
43.025	>>> V 0.00 0.00
43.028	S 13003130 -9.49 20.30 0.00 0.00 TRACK
43.029	S 13003150 -9.49 20.30 0.00 0.00 TRACK
43.044	>>> V 0.00 0.00
43.047	S 13003170 -9.49 20.30 0.00 0.00 TRACK
43.064	>>> V 0.00 0.00
43.094	>>> V 0.00 0.00
43.094	S 13003190 -9.49 20.30 0.00 0.00 TRACK
43.100	S 13003210 -9.49 20.30 0.00 0.00 TRACK
43.115	>>> V 0.00 0.00
43.116	S 13003230 -9.49 20.30 0.00 0.00 TRACK
43.126	>>> V 0.00 0.00
43.143	>>> V 0.00 0.00
43.145	S 13003250 -9.49 20.30 0.00 0.00 TRACK
43.165	>>> V 0.00 0.00
43.166	S 13003270 -9.49 20.30 0.00 0.00 TRACK
43.184	>>> V 0.00 0.00
43.184	S 13003290 -9.58 20.30 0.00 0.00 TRACK
43.203	>>> V 0.00 0.00
43.206	S 13003310 -9.49 20.30 0.00 0.00 TRACK
43.224	>>> V 0.00 0.00
43.226	S 13003330 -9.58 20.30 0.00 0.00 TRACK
43.244	>>> V 0.00 0.00
43.245	S 13003350 -9.49 20.30 0.00 0.00 TRACK
43.266	>>> V 0.00 0.00
43.267	S 13003370 -9.49 20.30 0.00 0.00 TRACK
43.269	S 13003390 -9.49 20.30 0.00 0.00 TRACK
43.285	>>> V 0.00 0.00
43.304	>>> V 0.00 0.00
43.306	S 13003410 -9.49 20.30 0.00 0.00 TRACK
43.324	>>> V 0.00 0.00
43.327	S 13003430 -9.49 20.30 0.00 0.00 TRACK
43.329	S 13003450 -9.49 20.30 0.00 0.00 TRACK
43.345	>>> V 0.00 0.00
43.349	S 13003470 -9.58 20.30 0.00 0.00 TRACK
43.365	>>> V 0.00 0.00
43.369	S 13003490 -9.49 20.30 0.00 0.00 TRACK
43.385	>>> V 0.00 0.00
43.404	>>> V 0.00 0.00
43.405	S 13003510 -9.49 20.30 0.00 0.00 TRACK
43.424	>>> V 0.00 0.00
43.427	S 13003530 -9.49 20.30 0.00 0.00 TRACK
43.446	>>> V 0.00 0.00
43.450	S 13003550 -9.49 20.30 0.00 0.00 TRACK
43.456	S 13003570 -9.49 20.30 0.00 0.00 TRACK
43.466	>>> V 0.00 0.00
43.471	S 13003590 -9.49 20.30 0.00 0.00 TRACK
43.484	>>> V 0.00 0.00
43.520	>>> V 0.00 0.00
43.522	S 13003610 -9.49 20.30 0.00 0.00 TRACK
43.528	S 13003630 -9.49 20.30 0.00 0.00 TRACK
43.537	>>> V 0.00 0.00
43.543	S 13003650 -9.49 20.30 0.00 0.00 TRACK
43.552	>>> V 0.00 0.00
43.556	S 13003670 -9.49 20.30 0.00 0.00 TRACK
43.575	>>> V 0.00 0.00
43.578	S 13003690 -9.49 20.30 0.00 0.00 TRACK
43.589	>>> V 0.00 0.00
43.595	S 13003710 -9.49 20.30 0.00 0.00 TRACK
43.605	>>> V 0.00 0.00
43.609	S 13003730 -9.49 20.30 0.00 0.00 TRACK
43.624	>>> V 0.00 0.00
43.645	>>> V 0.00 0.00
43.646	S 13003750 -9.49 20.30 0.00 0.00 TRACK
43.663	>>> V 0.00 0.00
43.664	S 13003770 -9.49 20.30 0.00 0.00 TRACK
43.685	>>> V 0.00 0.00
43.685	S 13003790 -9.49 20.30 0.00 0.00 TRACK
43.714	>>> V 0.00 0.00
43.715	S 13003810 -9.49 20.30 0.00 0.00 TRACK
43.716	S 13003830 -9.49 20.30 0.00 0.00 TRACK
43.746	>>> V 0.00 0.00
43.746	S 13003850 -9.49 20.39 0.00 0.00 TRACK
43.765	>>> V 0.00 0.00
43.765	S 13003870 -9.49 20.30 0.00 0.00 TRACK
43.784	>>> V 0.00 0.00
43.785	S 13003890 -9.58 20.30 0.00 0.00 TRACK
43.811	>>> V 0.00 0.00
43.811	S 13003910 -9.49 20.30 0.00 0.00 TRACK
43.813	S 13003930 -9.49 20.30 0.00 0.00 TRACK
43.826	>>> V 0.00 0.00
43.828	S 13003950 -9.58 20.30 0.00 0.00 TRACK
43.845	>>> V 0.00 0.00
43.867	>>> V 0.00 0.00
43.867	S 13003970 -9.49 20.30 0.00 0.00 TRACK
43.876	S 13003990 -9.49 20.30 0.00 0.00 TRACK
43.888	>>> V 0.00 0.00
43.888	S 13004010 -9.49 20.30 0.00 0.00 TRACK
43.909	>>> V 0.00 0.00
43.910	S 13004030 -9.58 20.30 0.00 0.00 TRACK
43.924	>>> V 0.00 0.00
43.945	>>> V 0.00 0.00
43.945	S 13004050 -9.49 20.30 0.00 0.00 TRACK
43.972	>>> V 0.00 0.00
43.976	S 13004070 -9.58 20.30 0.00 0.00 TRACK
43.981	S 13004090 -9.49 20.30 0.00 0.00 TRACK
43.988	>>> V 0.00 0.00
43.992	S 13004110 -9.49 20.30 0.00 0.00 TRACK
44.004	>>> V 0.00 0.00
44.025	>>> V 0.00 0.00
44.026	S 13004130 -9.49 20.30 0.00 0.00 TRACK
44.048	>>> V 0.00 0.00
44.050	S 13004150 -9.58 20.30 0.00 0.00 TRACK
44.055	S 13004170 -9.49 20.30 0.00 0.00 TRACK
44.068	>>> V 0.00 0.00
44.071	S 13004190 -9.49 20.30 0.00 0.00 TRACK
44.092	>>> V 0.00 0.00
44.093	S 13004210 -9.49 20.30 0.00 0.00 TRACK
44.107	>>> V 0.00 0.00
44.113	S 13004230 -9.49 20.30 0.00 0.00 TRACK
44.127	>>> V 0.00 0.00
44.130	S 13004250 -9.49 20.30 0.00 0.00 TRACK
44.149	>>> V 0.00 0.00
44.151	S 13004270 -9.49 20.30 0.00 0.00 TRACK
44.168	>>> V 0.00 0.00
44.168	S 13004290 -9.49 20.30 0.00 0.00 TRACK
44.186	>>> V 0.00 0.00
44.190	S 13004310 -9.49 20.30 0.00 0.00 TRACK
44.204	>>> V 0.00 0.00
44.224	>>> V 0.00 0.00
44.224	S 13004330 -9.49 20.30 0.00 0.00 TRACK
44.247	>>> V 0.00 0.00
44.247	S 13004350 -9.49 20.30 0.00 0.00 TRACK
44.249	S 13004370 -9.58 20.30 0.00 0.00 TRACK
44.265	>>> V 0.00 0.00
44.267	S 13004390 -9.58 20.30 0.00 0.00 TRACK
44.288	>>> V 0.00 0.00
44.289	S 13004410 -9.49 20.30 0.00 0.00 TRACK
44.303	>>> V 0.00 0.00
44.324	>>> V 0.00 0.00
44.326	S 13004430 -9.49 20.30 0.00 0.00 TRACK
44.345	>>> V 0.00 0.00
44.348	S 13004450 -9.58 20.30 0.00 0.00 TRACK
44.352	S 13004470 -9.49 20.30 0.00 0.00 TRACK
44.364	>>> V 0.00 0.00
44.367	S 13004490 -9.49 20.30 0.00 0.00 TRACK
44.385	>>> V 0.00 0.00
44.403	>>> V 0.00 0.00
44.404	S 13004510 -9.49 20.30 0.00 0.00 TRACK
44.426	>>> V 0.00 0.00
44.426	S 13004530 -9.58 20.30 0.00 0.00 TRACK
44.444	>>> V 0.00 0.00
44.445	S 13004550 -9.49 20.30 0.00 0.00 TRACK
44.468	>>> V 0.00 0.00
44.468	S 13004570 -9.49 20.30 0.00 0.00 TRACK
44.473	S 13004590 -9.49 20.30 0.00 0.00 TRACK
44.484	>>> V 0.00 0.00
44.510	>>> V 0.00 0.00
44.512	S 13004610 -9.49 20.39 0.00 0.00 TRACK
44.518	S 13004630 -9.49 20.30 0.00 0.00 TRACK
44.525	>>> V 0.00 0.00
44.528	S 13004650 -9.49 20.39 0.00 0.00 TRACK
44.548	>>> V 0.00 0.00
44.548	S 13004670 -9.49 20.30 0.00 0.00 TRACK
44.564	>>> V 0.00 0.00
44.584	>>> V 0.00 0.00
44.585	S 13004690 -9.49 20.30 0.00 0.00 TRACK
44.605	>>> V 0.00 0.00
44.606	S 13004710 -9.49 20.30 0.00 0.00 TRACK
44.631	>>> V 0.00 0.00
44.632	S 13004730 -9.49 20.39 0.00 0.00 TRACK
44.636	S 13004750 -9.49 20.30 0.00 0.00 TRACK
44.648	>>> V 0.00 0.00
44.651	S 13004770 -9.49 20.39 0.00 0.00 TRACK
44.664	>>> V 0.00 0.00
44.669	S 13004790 -9.58 20.30 0.00 0.00 TRACK
44.685	>>> V 0.00 0.00
44.689	S 13004810 -9.49 20.39 0.00 0.00 TRACK
44.714	>>> V 0.00 0.00
44.716	S 13004830 -9.49 20.30 0.00 0.00 TRACK
44.727	>>> V 0.00 0.00
44.728	S 13004850 -9.58 20.30 0.00 0.00 TRACK
44.748	>>> V 0.00 0.00
44.748	S 13004870 -9.49 20.30 0.00 0.00 TRACK
44.768	>>> V 0.00 0.00
44.771	S 13004890 -9.49 20.30 0.00 0.00 TRACK
44.783	>>> V 0.00 0.00
44.805	>>> V 0.00 0.00
44.807	S 13004910 -9.49 20.30 0.00 0.00 TRACK
44.814	S 13004930 -9.49 20.30 0.00 0.00 TRACK
44.825	>>> V 0.00 0.00
44.848	>>> V 0.00 0.00
44.851	S 13004950 -9.49 20.30 0.00 0.00 TRACK
44.853	S 13004970 -9.49 20.30 0.00 0.00 TRACK
44.865	>>> V 0.00 0.00
44.869	S 13004990 -9.49 20.30 0.00 0.00 TRACK
44.886	>>> V 0.00 0.00
44.892	S 13005010 -9.49 20.30 0.00 0.00 TRACK
44.924	>>> V 0.00 0.00
44.929	S 13005030 -9.49 20.30 0.00 0.00 TRACK
44.932	S 13005050 -9.49 20.30 0.00 0.00 TRACK
44.936	>>> V 0.00 0.00
44.944	>>> V 0.00 0.00
44.964	>>> V 0.00 0.00
44.966	S 13005070 -9.49 20.30 0.00 0.00 TRACK
44.987	>>> V 0.00 0.00
44.987	S 13005090 -9.49 20.30 0.00 0.00 TRACK
44.991	S 13005110 -9.58 20.30 0.00 0.00 TRACK
45.005	>>> V 0.00 0.00
45.025	>>> V 0.00 0.00
45.026	S 13005130 -9.49 20.30 0.00 0.00 TRACK
45.053	>>> V 0.00 0.00
45.053	S 13005150 -9.49 20.39 0.00 0.00 TRACK
45.055	S 13005170 -9.49 20.30 0.00 0.00 TRACK
45.082	>>> V 0.00 0.00
45.086	S 13005190 -9.49 20.30 0.00 0.00 TRACK
45.100	>>> V 0.00 0.00
45.108	S 13005210 -9.58 20.30 0.00 0.00 TRACK
45.113	S 13005230 -9.49 20.30 0.00 0.00 TRACK
45.125	>>> V 0.00 0.00
45.129	S 13005250 -9.49 20.30 0.00 0.00 TRACK
45.145	>>> V 0.00 0.00
45.164	>>> V 0.00 0.00
45.169	S 13005270 -9.49 20.30 0.00 0.00 TRACK
45.170	S 13005290 -9.49 20.30 0.00 0.00 TRACK
45.188	>>> V 0.00 0.00
45.189	S 13005310 -9.49 20.30 0.00 0.00 TRACK
45.206	>>> V 0.00 0.00
45.215	S 13005330 -9.58 20.30 0.00 0.00 TRACK
45.233	>>> V 0.00 0.00
45.237	S 13005350 -9.49 20.30 0.00 0.00 TRACK
45.250	>>> V 0.00 0.00
45.250	S 13005370 -9.49 20.30 0.00 0.00 TRACK
45.266	>>> V 0.00 0.00
45.288	>>> V 0.00 0.00
45.289	S 13005390 -9.58 20.30 0.00 0.00 TRACK
45.291	S 13005410 -9.49 20.39 0.00 0.00 TRACK
45.312	>>> V 0.00 0.00
45.315	S 13005430 -9.49 20.30 0.00 0.00 TRACK
45.327	>>> V 0.00 0.00
45.331	S 13005450 -9.58 20.30 0.00 0.00 TRACK
45.347	>>> V 0.00 0.00
45.350	S 13005470 -9.58 20.30 0.00 0.00 TRACK
45.367	>>> V 0.00 0.00
45.370	S 13005490 -9.49 20.30 0.00 0.00 TRACK
45.390	>>> V 0.00 0.00
45.397	S 13005510 -9.49 20.30 0.00 0.00 TRACK
45.410	>>> V 0.00 0.00
45.413	S 13005530 -9.49 20.30 0.00 0.00 TRACK
45.426	>>> V 0.00 0.00
45.428	S 13005550 -9.49 20.30 0.00 0.00 TRACK
45.446	>>> V 0.00 0.00
45.464	>>> V 0.00 0.00
45.465	S 13005570 -9.49 20.30 0.00 0.00 TRACK
45.485	>>> V 0.00 0.00
45.485	S 13005590 -9.49 20.30 0.00 0.00 TRACK
45.506	>>> V 0.00 0.00
45.507	S 13005610 -9.49 20.30 0.00 0.00 TRACK
45.509	S 13005630 -9.49 20.30 0.00 0.00 TRACK
45.528	>>> V 0.00 0.00
45.528	S 13005650 -9.49 20.30 0.00 0.00 TRACK
45.549	>>> V 0.00 0.00
45.551	S 13005670 -9.49 20.30 0.00 0.00 TRACK
45.568	>>> V 0.00 0.00
45.569	S 13005690 -9.49 20.39 0.00 0.00 TRACK
45.590	>>> V 0.00 0.00
45.593	S 13005710 -9.49 20.30 0.00 0.00 TRACK
45.612	>>> V 0.00 0.00
45.612	S 13005730 -9.49 20.30 0.00 0.00 TRACK
45.644	>>> V 0.00 0.00
45.651	S 13005750 -9.49 20.30 0.00 0.00 TRACK
45.660	S 13005770 -9.49 20.30 0.00 0.00 TRACK
45.681	>>> V 0.00 0.00
45.682	S 13005790 -9.49 20.30 0.00 0.00 TRACK
45.688	>>> V 0.00 0.00
45.688	S 13005810 -9.49 20.30 0.00 0.00 TRACK
45.704	>>> V 0.00 0.00
45.825	>>> V 0.00 0.00
45.839	S 13005830 -9.49 20.30 0.00 0.00 TRACK
45.841	S 13005850 -9.49 20.30 0.00 0.00 TRACK
45.846	S 13005870 -9.49 20.30 0.00 0.00 TRACK
45.850	S 13005890 -9.49 20.30 0.00 0.00 TRACK
45.857	S 13005910 -9.49 20.30 0.00 0.00 TRACK
45.867	S 13005930 -9.58 20.30 0.00 0.00 TRACK
45.868	S 13005950 -9.49 20.30 0.00 0.00 TRACK
45.879	>>> V 0.00 0.00
45.880	S 13005970 -9.49 20.30 0.00 0.00 TRACK
45.894	S 13005990 -9.49 20.30 0.00 0.00 TRACK
45.907	>>> V 0.00 0.00
45.911	S 13006010 -9.49 20.30 0.00 0.00 TRACK
45.920	S 13006030 -9.49 20.30 0.00 0.00 TRACK
45.924	>>> V 0.00 0.00
45.944	>>> V 0.00 0.00
45.947	S 13006050 -9.49 20.30 0.00 0.00 TRACK
45.963	>>> V 0.00 0.00
45.966	S 13006070 -9.49 20.30 0.00 0.00 TRACK
45.986	>>> V 0.00 0.00
45.987	S 13006090 -9.58 20.30 0.00 0.00 TRACK
46.009	>>> V 0.00 0.00
46.011	S 13006110 -9.58 20.30 0.00 0.00 TRACK
46.013	S 13006130 -9.49 20.30 0.00 0.00 TRACK
46.029	>>> V 0.00 0.00
46.032	S 13006150 -9.49 20.39 0.00 0.00 TRACK
46.046	>>> V 0.00 0.00
46.049	S 13006170 -9.49 20.30 0.00 0.00 TRACK
46.066	>>> V 0.00 0.00
46.087	>>> V 0.00 0.00
46.087	S 13006190 -9.49 20.39 0.00 0.00 TRACK
46.107	>>> V 0.00 0.00
46.108	S 13006210 -9.49 20.30 0.00 0.00 TRACK
46.127	>>> V 0.00 0.00
46.128	S 13006230 -9.49 20.30 0.00 0.00 TRACK
46.144	>>> V 0.00 0.00
46.147	S 13006250 -9.58 20.30 0.00 0.00 TRACK
46.164	>>> V 0.00 0.00
46.164	S 13006270 -9.49 20.30 0.00 0.00 TRACK
46.186	>>> V 0.00 0.00
46.187	S 13006290 -9.58 20.30 0.00 0.00 TRACK
46.191	S 13006310 -9.49 20.30 0.00 0.00 TRACK
46.206	>>> V 0.00 0.00
46.224	>>> V 0.00 0.00
46.226	S 13006330 -9.49 20.30 0.00 0.00 TRACK
46.253	>>> V 0.00 0.00
46.259	S 13006350 -9.49 20.39 0.00 0.00 TRACK
46.262	S 13006370 -9.49 20.39 0.00 0.00 TRACK
46.278	>>> V 0.00 0.00
46.284	S 13006390 -9.49 20.39 0.00 0.00 TRACK
46.295	>>> V 0.00 0.00
46.301	S 13006410 -9.49 20.30 0.00 0.00 TRACK
46.313	>>> V 0.00 0.00
46.315	S 13006430 -9.49 20.30 0.00 0.00 TRACK
46.330	>>> V 0.00 0.00
46.332	S 13006450 -9.49 20.39 0.00 0.00 TRACK
46.350	>>> V 0.00 0.00
46.351	S 13006470 -9.49 20.30 0.00 0.00 TRACK
46.367	>>> V 0.00 0.00
46.368	S 13006490 -9.49 20.30 0.00 0.00 TRACK
46.384	>>> V 0.00 0.00
46.404	>>> V 0.00 0.00
46.415	S 13006510 -9.49 20.30 0.00 0.00 TRACK
46.424	S 13006530 -9.49 20.30 0.00 0.00 TRACK
46.447	>>> V 0.00 0.00
46.448	S 13006550 -9.49 20.30 0.00 0.00 TRACK
46.451	S 13006570 -9.49 20.39 0.00 0.00 TRACK
46.464	>>> V 0.00 0.00
46.487	>>> V 0.00 0.00
46.489	S 13006590 -9.49 20.30 0.00 0.00 TRACK
46.493	S 13006610 -9.49 20.30 0.00 0.00 TRACK
46.509	>>> V 0.00 0.00
46.511	S 13006630 -9.49 20.30 0.00 0.00 TRACK
46.524	>>> V 0.00 0.00
46.544	>>> V 0.00 0.00
46.544	S 13006650 -9.49 20.30 0.00 0.00 TRACK
46.567	>>> V 0.00 0.00
46.569	S 13006670 -9.49 20.30 0.00 0.00 TRACK
46.577	S 13006690 -9.49 20.30 0.00 0.00 TRACK
46.586	>>> V 0.00 0.00
46.589	S 13006710 -9.49 20.30 0.00 0.00 TRACK
46.606	>>> V 0.00 0.00
46.624	>>> V 0.00 0.00
46.627	S 13006730 -9.49 20.30 0.00 0.00 TRACK
46.643	>>> V 0.00 0.00
46.644	S 13006750 -9.49 20.30 0.00 0.00 TRACK
46.664	>>> V 0.00 0.00
46.667	S 13006770 -9.49 20.30 0.00 0.00 TRACK
46.684	>>> V 0.00 0.00
46.686	S 13006790 -9.49 20.30 0.00 0.00 TRACK
46.706	>>> V 0.00 0.00
46.706	S 13006810 -9.49 20.30 0.00 0.00 TRACK
46.726	>>> V 0.00 0.00
46.727	S 13006830 -9.49 20.30 0.00 0.00 TRACK
46.733	S 13006850 -9.49 20.30 0.00 0.00 TRACK
46.747	>>> V 0.00 0.00
46.749	S 13006870 -9.58 20.30 0.00 0.00 TRACK
46.769	>>> V 0.00 0.00
46.772	S 13006890 -9.49 20.30 0.00 0.00 TRACK
46.784	>>> V 0.00 0.00
46.815	>>> V 0.00 0.00
46.816	S 13006910 -9.49 20.30 0.00 0.00 TRACK
46.819	S 13006930 -9.58 20.30 0.00 0.00 TRACK
46.840	>>> V 0.00 0.00
46.844	S 13006950 -9.58 20.30 0.00 0.00 TRACK
46.867	>>> V 0.00 0.00
46.870	S 13006970 -9.49 20.30 0.00 0.00 TRACK
46.874	S 13006990 -9.49 20.30 0.00 0.00 TRACK
46.885	>>> V 0.00 0.00
46.904	>>> V 0.00 0.00
46.906	S 13007011 -9.49 20.30 0.00 0.00 TRACK
46.930	>>> V 0.00 0.00
46.936	S 13007031 -9.58 20.30 0.00 0.00 TRACK
46.937	S 13007051 -9.49 20.30 0.00 0.00 TRACK
46.950	>>> V 0.00 0.00
46.954	S 13007071 -9.58 20.30 0.00 0.00 TRACK
46.975	>>> V 0.00 0.00
46.975	S 13007091 -9.58 20.30 0.00 0.00 TRACK
46.986	>>> V 0.00 0.00
46.993	S 13007111 -9.49 20.30 0.00 0.00 TRACK
47.014	>>> V 0.00 0.00
47.015	S 13007131 -9.49 20.39 0.00 0.00 TRACK
47.028	>>> V 0.00 0.00
47.029	S 13007151 -9.58 20.30 0.00 0.00 TRACK
47.043	>>> V 0.00 0.00
47.073	>>> V 0.00 0.00
47.075	S 13007171 -9.49 20.30 0.00 0.00 TRACK
47.077	S 13007191 -9.49 20.30 0.00 0.00 TRACK
47.092	>>> V 0.00 0.00
47.092	S 13007211 -9.49 20.30 0.00 0.00 TRACK
47.105	>>> V 0.00 0.00
47.108	S 13007231 -9.58 20.30 0.00 0.00 TRACK
47.125	>>> V 0.00 0.00
47.137	S 13007251 -9.49 20.30 0.00 0.00 TRACK
47.158	>>> V 0.00 0.00
47.165	S 13007271 -9.49 20.30 0.00 0.00 TRACK
47.173	>>> V 0.00 0.00
47.177	S 13007291 -9.49 20.30 0.00 0.00 TRACK
47.203	>>> V 0.00 0.00
47.204	S 13007311 -9.58 20.30 0.00 0.00 TRACK
47.212	>>> V 0.00 0.00
47.214	S 13007331 -9.49 20.30 0.00 0.00 TRACK
47.227	>>> V 0.00 0.00
47.228	S 13007351 -9.49 20.39 0.00 0.00 TRACK
47.245	>>> V 0.00 0.00
47.248	S 13007371 -9.49 20.30 0.00 0.00 TRACK
47.266	>>> V 0.00 0.00
47.267	S 13007391 -9.49 20.30 0.00 0.00 TRACK
47.286	>>> V 0.00 0.00
47.288	S 13007411 -9.49 20.39 0.00 0.00 TRACK
47.305	>>> V 0.00 0.00
47.324	>>> V 0.00 0.00
47.324	S 13007431 -9.49 20.30 0.00 0.00 TRACK
47.346	>>> V 0.00 0.00
47.346	S 13007451 -9.49 20.30 0.00 0.00 TRACK
47.364	>>> V 0.00 0.00
47.365	S 13007471 -9.49 20.30 0.00 0.00 TRACK
47.387	>>> V 0.00 0.00
47.391	S 13007491 -9.49 20.39 0.00 0.00 TRACK
47.396	S 13007511 -9.49 20.30 0.00 0.00 TRACK
47.407	>>> V 0.00 0.00
47.414	S 13007531 -9.49 20.30 0.00 0.00 TRACK
47.423	>>> V 0.00 0.00
47.430	S 13007551 -9.58 20.30 0.00 0.00 TRACK
47.456	>>> V 0.00 0.00
47.459	S 13007571 -9.49 20.30 0.00 0.00 TRACK
47.469	>>> V 0.00 0.00
47.473	S 13007591 -9.49 20.30 0.00 0.00 TRACK
47.487	>>> V 0.00 0.00
47.493	S 13007611 -9.49 20.30 0.00 0.00 TRACK
47.504	>>> V 0.00 0.00
47.525	>>> V 0.00 0.00
47.527	S 13007631 -9.49 20.30 0.00 0.00 TRACK
47.548	>>> V 0.00 0.00
47.548	S 13007651 -9.49 20.30 0.00 0.00 TRACK
47.557	S 13007671 -9.58 20.30 0.00 0.00 TRACK
47.563	>>> V 0.00 0.00
47.595	>>> V 0.00 0.00
47.595	S 13007691 -9.49 20.30 0.00 0.00 TRACK
47.596	S 13007711 -9.49 20.30 0.00 0.00 TRACK
47.606	>>> V 0.00 0.00
47.609	S 13007731 -9.49 20.30 0.00 0.00 TRACK
47.627	>>> V 0.00 0.00
47.628	S 13007751 -9.49 20.30 0.00 0.00 TRACK
47.645	>>> V 0.00 0.00
47.664	>>> V 0.00 0.00
47.665	S 13007771 -9.49 20.30 0.00 0.00 TRACK
47.686	>>> V -34.89 0.00
47.687	S 13007791 -9.58 20.30 0.00 0.00 TRACK
47.691	S 13007811 -9.49 20.30 0.00 0.00 TRACK
47.711	>>> V -34.87 0.00
47.712	S 13007831 -9.49 20.39 0.00 0.00 TRACK
47.726	>>> V -34.87 0.00
47.729	S 13007851 -9.58 20.30 0.00 0.00 TRACK
47.744	>>> V -34.87 0.00
47.748	S 13007871 -9.76 20.30 -1.37 0.00 TRACK
47.766	>>> V -34.89 0.00
47.786	>>> V -34.89 0.00
47.786	S 13007891 -10.02 20.30 -2.75 0.00 TRACK
47.805	>>> V -34.89 0.00
47.806	S 13007911 -10.46 20.30 -8.24 0.00 TRACK
47.824	>>> V -34.89 0.00
47.825	S 13007931 -10.99 20.30 -13.74 0.00 TRACK
47.844	>>> V -34.89 0.00
47.845	S 13007951 -11.51 20.30 -19.24 0.00 TRACK
47.867	>>> V -34.89 0.00
47.868	S 13007971 -12.22 20.30 -24.73 0.00 TRACK
47.870	S 13007991 -12.83 20.39 -27.48 0.00 TRACK
47.885	>>> V -34.89 0.00
47.912	>>> V -34.89 0.00
47.912	S 13008011 -13.45 20.39 -30.23 0.00 TRACK
47.913	S 13008031 -14.06 20.30 -31.60 0.00 TRACK
47.928	>>> V -34.89 0.00
47.929	S 13008051 -14.85 20.39 -32.98 0.00 TRACK
47.947	>>> V -34.89 0.00
47.951	S 13008071 -15.47 20.39 -32.98 0.00 TRACK
47.972	>>> V -34.89 0.00
47.975	S 13008091 -16.17 20.30 -32.98 0.00 TRACK
47.995	>>> V -34.90 0.00
48.005	S 13008111 -16.87 20.30 -32.98 0.00 TRACK
48.031	>>> V -34.90 0.00
48.034	S 13008131 -17.49 20.39 -32.98 0.00 TRACK
48.036	S 13008151 -18.19 20.39 -32.98 0.00 TRACK
48.044	>>> V -34.90 0.00
48.065	>>> V -34.89 0.00
48.065	S 13008171 -18.90 20.30 -32.98 0.00 TRACK
48.092	>>> V -31.31 0.00
48.093	S 13008191 -19.51 20.30 -32.98 0.00 TRACK
48.099	S 13008211 -20.21 20.30 -32.98 0.00 TRACK
48.107	>>> V -31.31 0.00
48.109	S 13008231 -20.83 20.30 -32.98 0.00 TRACK
48.126	>>> V -20.25 -2.88
48.128	S 13008251 -21.62 20.30 -32.98 0.00 TRACK
48.148	>>> V -20.25 -2.88
48.148	S 13008271 -22.32 20.30 -32.98 0.00 TRACK
48.168	>>> V -20.25 -2.88
48.173	S 13008291 -22.94 20.30 -32.98 0.00 TRACK
48.187	>>> V -20.25 -2.88
48.203	>>> V -20.25 -2.88
48.207	S 13008311 -23.47 20.30 -32.98 0.00 TRACK
48.224	>>> V -17.99 -3.02
48.227	S 13008331 -23.99 20.30 -30.23 0.00 TRACK
48.244	>>> V -17.99 -3.02
48.245	S 13008351 -24.43 20.30 -27.48 0.00 TRACK
48.265	>>> V -17.99 -3.02
48.267	S 13008371 -24.87 20.21 -24.73 0.00 TRACK
48.286	>>> V -15.77 -3.18
48.286	S 13008391 -25.31 20.21 -23.36 0.00 TRACK
48.308	>>> V -13.50 -3.29
48.311	S 13008411 -25.75 20.13 -21.98 -1.37 TRACK
48.313	S 13008431 -26.10 20.04 -20.61 -2.75 TRACK
48.324	>>> V -13.50 -3.29
48.351	>>> V -13.50 -3.29
48.354	S 13008451 -26.46 19.95 -19.24 -2.75 TRACK
48.355	S 13008471 -26.81 19.95 -19.24 -2.75 TRACK
48.369	>>> V -11.29 -3.40
48.370	S 13008491 -27.07 19.86 -17.86 -2.75 TRACK
48.393	>>> V -9.01 -3.45
48.397	S 13008511 -27.42 19.78 -16.49 -1.37 TRACK
48.409	>>> V -9.01 -3.45
48.411	S 13008531 -27.69 19.78 -15.11 -1.37 TRACK
48.424	>>> V -9.01 -3.45
48.445	>>> V -9.01 -3.45
48.446	S 13008551 -27.95 19.69 -13.74 -2.75 TRACK
48.464	>>> V -7.01 -3.39
48.464	S 13008571 -28.21 19.60 -13.74 -2.75 TRACK
48.484	>>> V -7.01 -3.39
48.485	S 13008591 -28.39 19.51 -12.37 -2.75 TRACK
48.504	>>> V -7.01 -3.39
48.505	S 13008611 -28.56 19.51 -10.99 -2.75 TRACK
48.528	>>> V -7.01 -3.39
48.528	S 13008631 -28.74 19.42 -9.62 -2.75 TRACK
48.529	S 13008651 -28.92 19.34 -9.62 -2.75 TRACK
48.545	>>> V -3.93 -3.23
48.565	>>> V -3.93 -3.23
48.566	S 13008671 -29.18 19.25 -9.62 -2.75 TRACK
48.583	>>> V -3.93 -3.23
48.584	S 13008691 -29.27 19.25 -8.24 -2.75 TRACK
48.604	>>> V -3.93 -3.23
48.606	S 13008711 -29.36 19.16 -8.24 -2.75 TRACK
48.625	>>> V -2.57 -2.98
48.631	S 13008731 -29.44 19.07 -6.87 -2.75 TRACK
48.633	S 13008751 -29.62 18.98 -5.50 -2.75 TRACK
48.664	>>> V 0.00 0.00
48.664	S 13008771 -29.71 18.98 -4.12 -2.75 TRACK
48.670	>>> V 0.00 0.00
48.671	S 13008791 -29.79 18.90 -4.12 -1.37 TRACK
48.683	>>> V 0.00 0.00
48.703	>>> V 0.00 0.00
48.706	S 13008811 -29.88 18.90 -4.12 -1.37 TRACK
48.723	>>> V 0.00 0.00
48.726	S 13008831 -29.88 18.90 -4.12 -1.37 TRACK
48.745	>>> V 0.00 0.00
48.745	S 13008851 -29.88 18.90 -2.75 0.00 TRACK
48.766	>>> V 0.00 0.00
48.767	S 13008871 -29.88 18.90 0.00 0.00 TRACK
48.783	>>> V 0.00 0.00
48.785	S 13008891 -29.88 18.90 0.00 0.00 TRACK
48.803	>>> V 4.89 0.00
48.806	S 13008911 -29.88 18.90 0.00 0.00 TRACK
48.825	>>> V 4.89 0.00
48.826	S 13008931 -29.88 18.90 0.00 0.00 TRACK
48.850	>>> V 5.61 0.00
48.853	S 13008951 -29.88 18.90 0.00 0.00 TRACK
48.854	S 13008971 -29.88 18.90 0.00 0.00 TRACK
48.872	>>> V 5.61 0.00
48.876	S 13008991 -29.79 18.90 0.00 0.00 TRACK
48.886	>>> V 5.61 0.00
48.904	>>> V 5.86 0.00
48.908	S 13009011 -29.71 18.90 1.37 0.00 TRACK
48.909	S 13009031 -29.53 18.90 2.75 0.00 TRACK
48.934	>>> V 5.86 0.00
48.937	S 13009051 -29.44 18.90 4.12 0.00 TRACK
48.947	>>> V 5.86 0.00
48.947	S 13009071 -29.27 18.90 5.50 0.00 TRACK
48.967	>>> V 5.88 0.00
48.968	S 13009091 -29.18 18.81 5.50 0.00 TRACK
48.984	>>> V 5.88 0.00
49.010	>>> V 5.88 0.00
49.013	S 13009111 -29.09 18.90 5.50 0.00 TRACK
49.015	S 13009131 -28.92 18.90 5.50 0.00 TRACK
49.033	>>> V 5.88 0.00
49.039	S 13009151 -28.83 18.90 5.50 0.00 TRACK
49.045	>>> V 5.88 0.00
49.075	>>> V 5.86 0.00
49.077	S 13009171 -28.74 18.90 5.50 0.00 TRACK
49.079	S 13009191 -28.65 18.90 4.12 0.00 TRACK
49.084	>>> V 5.86 0.00
49.096	S 13009211 -28.48 18.90 4.12 0.00 TRACK
49.107	>>> V 5.86 0.00
49.132	>>> V 5.86 0.00
49.133	S 13009231 -28.39 18.90 4.12 0.00 TRACK
49.138	S 13009251 -28.30 18.90 5.50 0.00 TRACK
49.143	>>> V 5.86 0.00
49.165	>>> V 5.84 0.00
49.168	S 13009271 -28.21 18.90 5.50 0.00 TRACK
49.171	S 13009291 -28.04 18.90 4.12 0.00 TRACK
49.189	>>> V 4.60 0.00
49.191	S 13009311 -27.95 18.90 4.12 0.00 TRACK
49.206	>>> V 4.60 0.00
49.209	S 13009331 -27.86 18.90 4.12 0.00 TRACK
49.224	>>> V 4.60 0.00
49.244	>>> V 3.84 0.00
49.245	S 13009351 -27.77 18.90 4.12 0.00 TRACK
49.270	>>> V 3.84 0.00
49.272	S 13009371 -27.69 18.90 4.12 0.00 TRACK
49.275	S 13009391 -27.60 18.90 4.12 0.00 TRACK
49.288	>>> V 3.84 0.00
49.291	S 13009411 -27.60 18.90 2.75 0.00 TRACK
49.304	>>> V 3.84 0.00
49.327	>>> V 3.51 0.00
49.328	S 13009431 -27.42 18.90 2.75 0.00 TRACK
49.336	S 13009451 -27.33 18.90 2.75 0.00 TRACK
49.353	>>> V 3.51 0.00
49.354	S 13009471 -27.25 18.90 4.12 0.00 TRACK
49.367	>>> V 3.12 0.00
49.371	S 13009491 -27.16 18.90 4.12 0.00 TRACK
49.388	>>> V 3.12 0.00
49.390	S 13009511 -27.07 18.90 4.12 0.00 TRACK
49.412	>>> V 3.12 0.00
49.417	S 13009531 -27.16 18.90 2.75 0.00 TRACK
49.429	>>> V 3.12 0.00
49.434	S 13009551 -27.07 18.90 1.37 0.00 TRACK
49.446	>>> V 3.12 0.00
49.456	S 13009571 -26.98 18.90 1.37 0.00 TRACK
49.475	>>> V 3.12 0.00
49.479	S 13009591 -26.98 18.90 1.37 0.00 TRACK
49.491	>>> V 3.12 0.00
49.492	S 13009611 -26.81 18.90 2.75 0.00 TRACK
49.503	>>> V 3.12 0.00
49.508	S 13009631 -26.81 18.90 2.75 0.00 TRACK
49.526	>>> V 2.78 0.00
49.538	S 13009651 -26.81 18.90 2.75 0.00 TRACK
49.545	>>> V 2.78 0.00
49.564	>>> V 2.50 0.00
49.565	S 13009671 -26.81 18.90 1.37 0.00 TRACK
49.587	>>> V 2.50 0.00
49.590	S 13009691 -26.72 18.90 0.00 0.00 TRACK
49.592	S 13009711 -26.54 18.90 1.37 0.00 TRACK
49.609	>>> V 2.50 0.00
49.610	S 13009731 -26.46 18.90 2.75 0.00 TRACK
49.639	>>> V 2.50 0.00
49.639	S 13009751 -26.46 18.90 4.12 0.00 TRACK
49.650	>>> V 0.00 0.00
49.654	S 13009771 -26.46 18.90 2.75 0.00 TRACK
49.668	>>> V 0.00 0.00
49.672	S 13009791 -26.46 18.90 1.37 0.00 TRACK
49.693	>>> V 0.00 0.00
49.695	S 13009811 -26.46 18.90 0.00 0.00 TRACK
49.709	>>> V 0.00 0.00
49.709	S 13009831 -26.46 18.90 0.00 0.00 TRACK
49.729	>>> V 0.00 0.00
49.732	S 13009851 -26.46 18.90 0.00 0.00 TRACK
49.751	>>> V 0.00 0.00
49.752	S 13009871 -26.46 18.90 0.00 0.00 TRACK
49.768	>>> V 0.00 0.00
49.768	S 13009891 -26.46 18.90 0.00 0.00 TRACK
49.785	>>> V 0.00 0.00
49.803	>>> V 0.00 0.00
49.805	S 13009911 -26.46 18.90 0.00 0.00 TRACK
49.824	>>> V 0.00 0.00
49.827	S 13009931 -26.46 18.90 0.00 0.00 TRACK
49.844	>>> V 0.00 0.00
49.844	S 13009951 -26.46 18.90 0.00 0.00 TRACK
49.869	>>> V 0.00 0.00
49.869	S 13009971 -26.46 18.90 0.00 0.00 TRACK
49.874	S 13009991 -26.46 18.90 0.00 0.00 TRACK
49.887	>>> V 0.00 0.00
49.889	S 13010011 -26.46 18.90 0.00 0.00 TRACK
49.907	>>> V 0.00 0.00
49.912	S 13010031 -26.46 18.90 0.00 0.00 TRACK
49.926	>>> V 0.00 0.00
49.933	S 13010051 -26.46 18.90 0.00 0.00 TRACK
49.948	>>> V 0.00 0.00
49.962	S 13010071 -26.37 18.90 0.00 0.00 TRACK
49.983	>>> V 0.00 0.00
49.986	S 13010091 -26.46 18.90 0.00 0.00 TRACK
49.999	>>> V 0.00 0.00
50.008	S 13010111 -26.46 18.90 0.00 0.00 TRACK
50.015	S 13010131 -26.46 18.90 0.00 0.00 TRACK
50.039	>>> V 0.00 0.00
50.046	S 13010151 -26.37 18.90 0.00 0.00 TRACK
50.061	>>> V 0.00 0.00
50.063	S 13010171 -26.46 18.90 0.00 0.00 TRACK
50.073	>>> V 0.00 0.00
50.074	S 13010191 -26.46 18.90 0.00 0.00 TRACK
50.085	>>> V 0.00 0.00
50.106	>>> V 0.00 0.00
50.109	S 13010211 -26.46 18.90 0.00 0.00 TRACK
50.126	>>> V 0.00 0.00
50.128	S 13010231 -26.46 18.90 0.00 0.00 TRACK
50.139	S 13010251 -26.46 18.90 0.00 0.00 TRACK
50.145	>>> V 0.00 0.00
50.149	S 13010271 -26.46 18.90 0.00 0.00 TRACK
50.168	>>> V 0.00 0.00
50.169	S 13010291 -26.37 18.90 0.00 0.00 TRACK
50.185	>>> V 0.00 0.00
50.209	>>> V 0.00 0.00
50.211	S 13010311 -26.46 18.90 0.00 0.00 TRACK
50.216	S 13010331 -26.46 18.90 0.00 0.00 TRACK
50.225	>>> V 0.00 0.00
50.244	>>> V 0.00 0.00
50.246	S 13010351 -26.37 18.90 0.00 0.00 TRACK
50.271	>>> V 0.00 0.00
50.272	S 13010371 -26.46 18.90 0.00 0.00 TRACK
50.277	S 13010391 -26.46 18.90 0.00 0.00 TRACK
50.290	>>> V 0.00 0.00
50.290	S 13010411 -26.46 18.90 0.00 0.00 TRACK
50.304	>>> V 0.00 0.00
50.324	>>> V 0.00 0.00
50.325	S 13010431 -26.46 18.90 0.00 0.00 TRACK
50.350	>>> V 0.00 0.00
50.352	S 13010451 -26.46 18.90 0.00 0.00 TRACK
50.355	S 13010471 -26.46 18.90 0.00 0.00 TRACK
50.372	>>> V 0.00 0.00
50.372	S 13010491 -26.46 18.90 0.00 0.00 TRACK
50.388	>>> V 0.00 0.00
50.388	S 13010511 -26.46 18.90 0.00 0.00 TRACK
50.403	>>> V 0.00 0.00
50.425	>>> V 0.00 0.00
50.428	S 13010531 -26.46 18.90 0.00 0.00 TRACK
50.431	S 13010551 -26.46 18.90 0.00 0.00 TRACK
50.448	>>> V 0.00 0.00
50.448	S 13010571 -26.46 18.90 0.00 0.00 TRACK
50.464	>>> V 0.00 0.00
50.468	S 13010591 -26.46 18.90 0.00 0.00 TRACK
50.489	>>> V 0.00 0.00
50.490	S 13010611 -26.46 18.90 0.00 0.00 TRACK
50.506	>>> V 0.00 0.00
50.512	S 13010631 -26.46 18.90 0.00 0.00 TRACK
50.526	>>> V 0.00 0.00
50.529	S 13010651 -26.46 18.90 0.00 0.00 TRACK
50.545	>>> V 0.00 0.00
50.564	>>> V 0.00 0.00
50.565	S 13010671 -26.46 18.90 0.00 0.00 TRACK
50.585	>>> V 0.00 0.00
50.586	S 13010691 -26.46 18.90 0.00 0.00 TRACK
50.604	>>> V 0.00 0.00
50.605	S 13010711 -26.46 18.90 0.00 0.00 TRACK
50.625	>>> V 0.00 0.00
50.626	S 13010731 -26.46 18.90 0.00 0.00 TRACK
50.644	>>> V 0.00 0.00
50.645	S 13010751 -26.46 18.90 0.00 0.00 TRACK
50.665	>>> V 0.00 0.00
50.670	S 13010771 -26.46 18.90 0.00 0.00 TRACK
50.671	S 13010791 -26.46 18.90 0.00 0.00 TRACK
50.689	>>> V 0.00 0.00
50.691	S 13010811 -26.46 18.90 0.00 0.00 TRACK
50.709	>>> V 0.00 0.00
50.710	S 13010831 -26.46 18.90 0.00 0.00 TRACK
50.726	>>> V 0.00 0.00
50.728	S 13010851 -26.46 18.90 0.00 0.00 TRACK
50.744	>>> V 0.00 0.00
50.763	>>> V 0.00 0.00
50.764	S 13010871 -26.46 18.90 0.00 0.00 TRACK
50.973	>>> V 0.00 0.00
50.976	S 13010891 -26.46 18.90 0.00 0.00 TRACK
50.977	S 13010911 -26.46 18.90 0.00 0.00 TRACK
50.981	S 13010931 -26.46 18.90 0.00 0.00 TRACK
50.983	S 13010951 -26.46 18.90 0.00 0.00 TRACK
50.986	S 13010971 -26.46 18.90 0.00 0.00 TRACK
50.988	S 13010991 -26.46 18.90 0.00 0.00 TRACK
50.989	S 13011011 -26.46 18.90 0.00 0.00 TRACK
50.992	S 13011031 -26.46 18.90 0.00 0.00 TRACK
50.995	S 13011051 -26.46 18.90 0.00 0.00 TRACK
50.996	S 13011071 -26.46 18.90 0.00 0.00 TRACK
50.997	S 13011091 -26.46 18.90 0.00 0.00 TRACK
51.012	>>> V 0.00 0.00
51.013	S 13011111 -26.46 18.90 0.00 0.00 TRACK
51.014	S 13011131 -26.46 18.90 0.00 0.00 TRACK
51.026	>>> V 0.00 0.00
51.048	>>> V 0.00 0.00
51.049	S 13011151 -26.46 18.90 0.00 0.00 TRACK
51.055	S 13011171 -26.46 18.90 0.00 0.00 TRACK
51.065	>>> V 0.00 0.00
51.084	>>> V 0.00 0.00
51.085	S 13011191 -26.46 18.90 0.00 0.00 TRACK
51.105	>>> V 0.00 0.00
51.105	S 13011211 -26.37 18.90 0.00 0.00 TRACK
51.124	>>> V 0.00 0.00
51.130	S 13011231 -26.46 18.90 0.00 0.00 TRACK
51.131	S 13011251 -26.46 18.90 0.00 0.00 TRACK
51.146	>>> V 0.00 0.00
51.164	>>> V 0.00 0.00
51.165	S 13011271 -26.46 18.90 0.00 0.00 TRACK
51.185	>>> V 0.00 0.00
51.188	S 13011291 -26.46 18.90 0.00 0.00 TRACK
51.204	>>> V 0.00 0.00
51.204	S 13011311 -26.37 18.90 0.00 0.00 TRACK
51.224	>>> V 0.00 0.00
51.225	S 13011331 -26.46 18.90 0.00 0.00 TRACK
51.248	>>> V 0.00 0.00
51.248	S 13011351 -26.37 18.90 0.00 0.00 TRACK
51.255	S 13011371 -26.37 18.90 0.00 0.00 TRACK
51.266	>>> V 0.00 0.00
51.269	S 13011391 -26.46 18.90 0.00 0.00 TRACK
51.292	>>> V 0.00 0.00
51.293	S 13011411 -26.37 18.90 0.00 0.00 TRACK
51.303	>>> V 0.00 0.00
51.326	>>> V 0.00 0.00
51.336	S 13011431 -26.46 18.90 0.00 0.00 TRACK
51.340	S 13011451 -26.46 18.90 0.00 0.00 TRACK
51.348	>>> V 0.00 0.00
51.348	S 13011471 -26.37 18.90 0.00 0.00 TRACK
51.366	>>> V 0.00 0.00
51.390	>>> V 0.00 0.00
51.391	S 13011491 -26.46 18.90 0.00 0.00 TRACK
51.397	S 13011511 -26.37 18.90 0.00 0.00 TRACK
51.408	>>> V 0.00 0.00
51.409	S 13011531 -26.37 18.90 0.00 0.00 TRACK
51.424	>>> V 0.00 0.00
51.445	>>> V 0.00 0.00
51.446	S 13011551 -26.37 18.90 0.00 0.00 TRACK
51.464	>>> V 0.00 0.00
51.465	S 13011571 -26.37 18.90 0.00 0.00 TRACK
51.485	>>> V 0.00 0.00
51.488	S 13011591 -26.46 18.90 0.00 0.00 TRACK
51.489	S 13011611 -26.46 18.90 0.00 0.00 TRACK
51.504	>>> V 0.00 0.00
51.510	S 13011631 -26.37 18.90 0.00 0.00 TRACK
51.528	>>> V 0.00 0.00
51.528	S 13011651 -26.37 18.90 0.00 0.00 TRACK
51.544	>>> V 0.00 0.00
51.564	>>> V 0.00 0.00
51.566	S 13011671 -26.46 18.90 0.00 0.00 TRACK
51.602	>>> V 0.00 0.00
51.607	S 13011691 -26.46 18.90 0.00 0.00 TRACK
51.610	S 13011711 -26.46 18.90 0.00 0.00 TRACK
51.641	>>> V 0.00 0.00
51.643	S 13011731 -26.37 18.90 0.00 0.00 TRACK
51.652	S 13011751 -26.37 18.90 0.00 0.00 TRACK
51.665	>>> V 0.00 0.00
51.667	S 13011771 -26.37 18.90 0.00 0.00 TRACK
51.682	>>> V 0.00 0.00
51.682	S 13011791 -26.46 18.90 0.00 0.00 TRACK
51.686	>>> V 0.00 0.00
51.706	>>> V 0.00 0.00
51.715	S 13011811 -26.37 18.90 0.00 0.00 TRACK
51.717	S 13011831 -26.37 18.90 0.00 0.00 TRACK
51.725	>>> V 0.00 0.00
51.745	>>> V 0.00 0.00
51.747	S 13011851 -26.37 18.90 0.00 0.00 TRACK
51.765	>>> V 0.00 0.00
51.767	S 13011871 -26.37 18.90 0.00 0.00 TRACK
51.787	>>> V 0.00 0.00
51.788	S 13011891 -26.37 18.90 0.00 0.00 TRACK
51.792	S 13011911 -26.37 18.90 0.00 0.00 TRACK
51.805	>>> V 0.00 0.00
51.825	>>> V 0.00 0.00
51.827	S 13011931 -26.37 18.90 0.00 0.00 TRACK
51.845	>>> V 0.00 0.00
51.848	S 13011951 -26.37 18.90 0.00 0.00 TRACK
51.850	S 13011971 -26.37 18.90 0.00 0.00 TRACK
51.863	>>> V 0.00 0.00
51.885	>>> V 0.00 0.00
51.886	S 13011991 -26.37 18.90 0.00 0.00 TRACK
51.905	>>> V 0.00 0.00
51.906	S 13012011 -26.37 18.90 0.00 0.00 TRACK
51.926	>>> V 0.00 0.00
51.929	S 13012031 -26.37 18.90 0.00 0.00 TRACK
51.931	S 13012051 -26.37 18.90 0.00 0.00 TRACK
51.947	>>> V 0.00 0.00
51.948	S 13012071 -26.37 18.90 0.00 0.00 TRACK
51.970	>>> V 0.00 0.00
51.975	S 13012091 -26.46 18.90 0.00 0.00 TRACK
51.996	>>> V 0.00 0.00
52.006	S 13012111 -26.46 18.90 0.00 0.00 TRACK
52.015	>>> V 0.00 0.00
52.017	S 13012131 -26.37 18.90 0.00 0.00 TRACK
52.029	>>> V 0.00 0.00
52.034	S 13012151 -26.37 18.90 0.00 0.00 TRACK
52.045	>>> V 0.00 0.00
52.049	S 13012171 -26.37 18.90 0.00 0.00 TRACK
52.066	>>> V 0.00 0.00
52.085	>>> V 0.00 0.00
52.085	S 13012191 -26.37 18.90 0.00 0.00 TRACK
52.105	>>> V 0.00 0.00
52.106	S 13012211 -26.46 18.90 0.00 0.00 TRACK
52.127	>>> V 0.00 0.00
52.129	S 13012231 -26.37 18.90 0.00 0.00 TRACK
52.134	S 13012251 -26.37 18.90 0.00 0.00 TRACK
52.145	>>> V 0.00 0.00
52.166	>>> V 0.00 0.00
52.167	S 13012271 -26.46 18.90 0.00 0.00 TRACK
52.184	>>> V 0.00 0.00
52.185	S 13012291 -26.37 18.90 0.00 0.00 TRACK
52.209	>>> V 0.00 0.00
52.211	S 13012311 -26.37 18.90 0.00 0.00 TRACK
52.214	S 13012331 -26.37 18.90 0.00 0.00 TRACK
52.228	>>> V 0.00 0.00
52.228	S 13012351 -26.37 18.90 0.00 0.00 TRACK
52.246	>>> V 0.00 0.00
52.265	>>> V 0.00 0.00
52.266	S 13012371 -26.37 18.90 0.00 0.00 TRACK
52.284	>>> V 0.00 0.00
52.284	S 13012391 -26.37 18.90 0.00 0.00 TRACK
52.304	>>> V 0.00 0.00
52.305	S 13012411 -26.37 18.90 0.00 0.00 TRACK
52.325	>>> V 0.00 0.00
52.326	S 13012431 -26.37 18.90 0.00 0.00 TRACK
52.344	>>> V 0.00 0.00
52.344	S 13012451 -26.37 18.90 0.00 0.00 TRACK
52.378	>>> V 0.00 0.00
52.381	S 13012471 -26.37 18.90 0.00 0.00 TRACK
52.387	S 13012491 -26.46 18.90 0.00 0.00 TRACK
52.400	>>> V 0.00 0.00
52.400	S 13012511 -26.37 18.90 0.00 0.00 TRACK
52.408	>>> V 0.00 0.00
52.412	S 13012531 -26.37 18.90 0.00 0.00 TRACK
52.437	>>> V 0.00 0.00
52.441	S 13012551 -26.46 18.90 0.00 0.00 TRACK
52.458	>>> V 0.00 0.00
52.473	S 13012571 -26.37 18.90 0.00 0.00 TRACK
52.475	S 13012591 -26.37 18.90 0.00 0.00 TRACK
52.510	>>> V 0.00 0.00
52.513	S 13012611 -26.37 18.90 0.00 0.00 TRACK
52.514	S 13012631 -26.37 18.90 0.00 0.00 TRACK
52.530	>>> V 0.00 0.00
52.532	S 13012651 -26.37 18.90 0.00 0.00 TRACK
52.547	>>> V 0.00 0.00
52.552	S 13012671 -26.37 18.90 0.00 0.00 TRACK
52.565	>>> V 0.00 0.00
52.586	>>> V 0.00 0.00
52.587	S 13012691 -26.46 18.90 0.00 0.00 TRACK
52.606	>>> V 0.00 0.00
52.608	S 13012711 -26.37 18.90 0.00 0.00 TRACK
52.624	>>> V 0.00 0.00
52.628	S 13012731 -26.46 18.90 0.00 0.00 TRACK
52.645	>>> V 0.00 0.00
52.646	S 13012751 -26.37 18.90 0.00 0.00 TRACK
52.670	>>> V 0.00 0.00
52.671	S 13012771 -26.37 18.90 0.00 0.00 TRACK
52.678	S 13012791 -26.46 18.90 0.00 0.00 TRACK
52.687	>>> V 0.00 0.00
52.689	S 13012811 -26.37 18.90 0.00 0.00 TRACK
52.705	>>> V 0.00 0.00
52.723	>>> V 0.00 0.00
52.724	S 13012831 -26.37 18.90 0.00 0.00 TRACK
52.743	>>> V 0.00 0.00
52.744	S 13012851 -26.37 18.90 0.00 0.00 TRACK
52.764	>>> V 0.00 0.00
52.764	S 13012871 -26.37 18.90 0.00 0.00 TRACK
52.784	>>> V 0.00 0.00
52.786	S 13012891 -26.37 18.90 0.00 0.00 TRACK
52.807	>>> V 0.00 0.00
52.810	S 13012911 -26.37 18.90 0.00 0.00 TRACK
52.812	S 13012931 -26.37 18.90 0.00 0.00 TRACK
52.827	>>> V 0.00 0.00
52.843	>>> V 0.00 0.00
52.844	S 13012951 -26.46 18.90 0.00 0.00 TRACK
52.866	>>> V 0.00 0.00
52.866	S 13012971 -26.46 18.90 0.00 0.00 TRACK
52.884	>>> V 0.00 0.00
52.884	S 13012991 -26.37 18.90 0.00 0.00 TRACK
52.909	>>> V 0.00 0.00
52.912	S 13013011 -26.37 18.90 0.00 0.00 TRACK
52.920	S 13013031 -26.37 18.90 0.00 0.00 TRACK
52.935	>>> V 0.00 0.00
52.935	S 13013051 -26.37 18.90 0.00 0.00 TRACK
52.952	>>> V 0.00 0.00
52.954	S 13013071 -26.46 18.90 0.00 0.00 TRACK
52.969	>>> V 0.00 0.00
52.973	S 13013091 -26.37 18.90 0.00 0.00 TRACK
52.984	>>> V 0.00 0.00
53.007	>>> V 0.00 0.00
53.008	S 13013111 -26.37 18.90 0.00 0.00 TRACK
53.014	S 13013131 -26.46 18.90 0.00 0.00 TRACK
53.027	>>> V 0.00 0.00
53.030	S 13013151 -26.37 18.90 0.00 0.00 TRACK
53.049	>>> V 0.00 0.00
53.051	S 13013171 -26.37 18.90 0.00 0.00 TRACK
53.102	>>> V 0.00 0.00
53.104	S 13013191 -26.46 18.90 0.00 0.00 TRACK
53.110	S 13013211 -26.46 18.81 0.00 0.00 TRACK
53.122	>>> V 0.00 0.00
53.124	S 13013231 -26.37 18.90 0.00 0.00 TRACK
53.128	>>> V 0.00 0.00
53.129	S 13013251 -26.37 18.90 0.00 0.00 TRACK
53.155	>>> V 0.00 0.00
53.158	S 13013271 -26.37 18.90 0.00 0.00 TRACK
53.170	>>> V 0.00 0.00
53.173	S 13013291 -26.37 18.90 0.00 0.00 TRACK
53.194	>>> V 0.00 0.00
53.210	S 13013311 -26.37 18.90 0.00 0.00 TRACK
53.228	S 13013331 -26.37 18.90 0.00 0.00 TRACK
53.240	>>> V 0.00 0.00
53.242	S 13013351 -26.37 18.90 0.00 0.00 TRACK
53.252	>>> V 0.00 0.00
53.252	S 13013371 -26.46 18.90 0.00 0.00 TRACK
53.267	>>> V 0.00 0.00
53.284	>>> V 0.00 0.00
53.285	S 13013391 -26.46 18.90 0.00 0.00 TRACK
53.309	>>> V 0.00 0.00
53.311	S 13013411 -26.37 18.81 0.00 0.00 TRACK
53.318	S 13013431 -26.37 18.90 0.00 0.00 TRACK
53.330	>>> V 0.00 0.00
53.330	S 13013451 -26.37 18.90 0.00 0.00 TRACK
53.345	>>> V 0.00 0.00
53.366	>>> V 0.00 0.00
53.372	S 13013471 -26.37 18.90 0.00 0.00 TRACK
53.384	>>> V 0.00 0.00
53.384	S 13013491 -26.37 18.90 0.00 0.00 TRACK
53.405	>>> V 0.00 0.00
53.406	S 13013511 -26.37 18.90 0.00 0.00 TRACK
53.424	>>> V 0.00 0.00
53.424	S 13013531 -26.37 18.90 0.00 0.00 TRACK
53.445	>>> V 0.00 0.00
53.445	S 13013551 -26.37 18.90 0.00 0.00 TRACK
53.465	>>> V 0.00 0.00
53.465	S 13013571 -26.37 18.90 0.00 0.00 TRACK
53.485	>>> V 0.00 0.00
53.486	S 13013591 -26.37 18.90 0.00 0.00 TRACK
53.506	>>> V 0.00 0.00
53.509	S 13013611 -26.46 18.90 0.00 0.00 TRACK
53.515	S 13013631 -26.46 18.90 0.00 0.00 TRACK
53.524	>>> V 0.00 0.00
53.544	>>> V 0.00 0.00
53.544	S 13013651 -26.37 18.90 0.00 0.00 TRACK
53.566	>>> V 0.00 0.00
53.569	S 13013671 -26.37 18.90 0.00 0.00 TRACK
53.570	S 13013691 -26.37 18.90 0.00 0.00 TRACK
53.587	>>> V 0.00 0.00
53.607	>>> V 0.00 0.00
53.609	S 13013711 -26.37 18.90 0.00 0.00 TRACK
53.610	S 13013731 -26.37 18.90 0.00 0.00 TRACK
53.629	>>> V 0.00 0.00
53.634	S 13013751 -26.37 18.90 0.00 0.00 TRACK
53.644	>>> V 0.00 0.00
53.665	>>> V 0.00 0.00
53.665	S 13013771 -26.37 18.90 0.00 0.00 TRACK
53.684	>>> V 0.00 0.00
53.685	S 13013791 -26.37 18.90 0.00 0.00 TRACK
53.705	>>> V 0.00 3.22
53.707	S 13013811 -26.37 18.90 0.00 0.00 TRACK
53.728	>>> V 0.00 5.11
53.728	S 13013831 -26.37 18.90 0.00 0.00 TRACK
53.731	S 13013851 -26.37 18.90 0.00 0.00 TRACK
53.747	>>> V 0.00 0.00
53.749	S 13013871 -26.37 18.90 0.00 0.00 TRACK
53.763	>>> V 0.00 0.00
53.785	>>> V 0.00 0.00
53.787	S 13013891 -26.46 18.90 0.00 0.00 TRACK
53.804	>>> V 0.00 0.00
53.805	S 13013911 -26.37 18.90 0.00 0.00 TRACK
53.823	>>> V 0.00 0.00
53.824	S 13013931 -26.37 18.90 0.00 0.00 TRACK
53.843	>>> V 0.00 0.00
53.845	S 13013951 -26.37 18.90 0.00 0.00 TRACK
53.875	>>> V 0.00 0.00
53.876	S 13013971 -26.37 18.90 0.00 0.00 TRACK
53.881	S 13013991 -26.37 18.90 0.00 0.00 TRACK
53.892	>>> V 0.00 0.00
53.893	S 13014011 -26.37 18.90 0.00 0.00 TRACK
53.906	>>> V 0.00 0.00
53.926	>>> V 0.00 0.00
53.927	S 13014031 -26.37 18.90 0.00 0.00 TRACK
53.948	>>> V 0.00 0.00
53.948	S 13014051 -26.37 18.90 0.00 0.00 TRACK
53.950	S 13014071 -26.46 18.90 0.00 0.00 TRACK
53.964	>>> V 0.00 0.00
53.984	>>> V 0.00 0.00
53.984	S 13014091 -26.46 18.90 0.00 0.00 TRACK
54.014	>>> V 0.00 0.00
54.018	S 13014111 -26.37 18.90 0.00 0.00 TRACK
54.019	S 13014131 -26.37 18.90 0.00 0.00 TRACK
54.031	>>> V 0.00 0.00
54.034	S 13014151 -26.37 18.90 0.00 0.00 TRACK
54.044	>>> V 0.00 0.00
54.064	>>> V 0.00 0.00
54.064	S 13014171 -26.46 18.90 0.00 0.00 TRACK
54.084	>>> V 0.00 0.00
54.084	S 13014191 -26.37 18.90 0.00 0.00 TRACK
54.109	>>> V 0.00 0.00
54.109	S 13014211 -26.37 18.90 0.00 0.00 TRACK
54.114	S 13014231 -26.37 18.90 0.00 0.00 TRACK
54.131	>>> V 0.00 0.00
54.131	S 13014251 -26.37 18.90 0.00 0.00 TRACK
54.145	>>> V 0.00 0.00
54.179	>>> V 0.00 0.00
54.182	S 13014271 -26.37 18.90 0.00 0.00 TRACK
54.206	S 13014291 -26.37 18.90 0.00 0.00 TRACK
54.214	>>> V 0.00 0.00
54.214	S 13014311 -26.37 18.90 0.00 0.00 TRACK
54.215	S 13014331 -26.37 18.90 0.00 0.00 TRACK
54.235	>>> V 0.00 0.00
54.236	S 13014351 -26.37 18.90 0.00 0.00 TRACK
54.250	>>> V 0.00 0.00
54.252	S 13014371 -26.37 18.90 0.00 0.00 TRACK
54.272	>>> V 0.00 0.00
54.272	S 13014391 -26.37 18.90 0.00 0.00 TRACK
54.293	>>> V 0.00 0.00
54.299	S 13014411 -26.37 18.90 0.00 0.00 TRACK
54.312	>>> V 0.00 0.00
54.321	S 13014431 -26.37 18.90 0.00 0.00 TRACK
54.328	>>> V 0.00 0.00
54.328	S 13014451 -26.37 18.90 0.00 0.00 TRACK
54.347	>>> V 0.00 0.00
54.348	S 13014471 -26.37 18.90 0.00 0.00 TRACK
54.367	>>> V 0.00 0.00
54.369	S 13014491 -26.37 18.90 0.00 0.00 TRACK
54.386	>>> V 0.00 0.00
54.406	>>> V 0.00 0.00
54.408	S 13014511 -26.37 18.90 0.00 0.00 TRACK
54.424	>>> V 0.00 0.00
54.426	S 13014531 -26.37 18.90 0.00 0.00 TRACK
54.449	>>> V 0.00 0.00
54.451	S 13014551 -26.37 18.90 0.00 0.00 TRACK
54.460	S 13014571 -26.37 18.90 0.00 0.00 TRACK
54.473	>>> V 0.00 0.00
54.477	S 13014591 -26.37 18.90 0.00 0.00 TRACK
54.487	>>> V 0.00 0.00
54.503	>>> V 0.00 0.00
54.504	S 13014611 -26.37 18.90 0.00 0.00 TRACK
54.527	>>> V 0.00 0.00
54.528	S 13014631 -26.37 18.90 0.00 0.00 TRACK
54.545	>>> V 0.00 0.00
54.546	S 13014651 -26.37 18.90 0.00 0.00 TRACK
54.564	>>> V 0.00 0.00
54.564	S 13014672 -26.37 18.90 0.00 0.00 TRACK
54.585	>>> V 0.00 0.00
54.589	S 13014692 -26.37 18.90 0.00 0.00 TRACK
54.591	S 13014712 -26.37 18.90 0.00 0.00 TRACK
54.606	>>> V 0.00 0.00
54.627	>>> V 0.00 0.00
54.628	S 13014732 -26.37 18.90 0.00 0.00 TRACK
54.647	>>> V 0.00 0.00
54.648	S 13014752 -26.37 18.90 0.00 0.00 TRACK
54.666	>>> V 0.00 0.00
54.666	S 13014772 -26.37 18.90 0.00 0.00 TRACK
54.685	>>> V 0.00 0.00
54.688	S 13014792 -26.37 18.90 0.00 0.00 TRACK
54.705	>>> V 0.00 0.00
54.707	S 13014812 -26.37 18.90 0.00 0.00 TRACK
54.745	>>> V 0.00 0.00
54.746	S 13014832 -26.37 18.90 0.00 0.00 TRACK
54.750	S 13014852 -26.37 18.90 0.00 0.00 TRACK
54.760	>>> V 0.00 0.00
54.763	S 13014872 -26.37 18.90 0.00 0.00 TRACK
54.771	>>> V 0.00 0.00
54.771	S 13014892 -26.37 18.90 0.00 0.00 TRACK
54.784	>>> V 0.00 0.00
54.805	>>> V 0.00 0.00
54.806	S 13014912 -26.37 18.90 0.00 0.00 TRACK
54.824	>>> V 0.00 0.00
54.827	S 13014932 -26.37 18.90 0.00 0.00 TRACK
54.844	>>> V 0.00 0.00
54.844	S 13014952 -26.37 18.90 0.00 0.00 TRACK
54.864	>>> V 0.00 0.00
54.867	S 13014972 -26.37 18.90 0.00 0.00 TRACK
54.884	>>> V 0.00 0.00
54.887	S 13014992 -26.37 18.90 0.00 0.00 TRACK
54.907	>>> V 0.00 0.00
54.907	S 13015012 -26.37 18.90 0.00 0.00 TRACK
54.926	>>> V 0.00 0.00
54.929	S 13015032 -26.37 18.90 0.00 0.00 TRACK
54.933	S 13015052 -26.37 18.90 0.00 0.00 TRACK
54.948	>>> V 0.00 0.00
54.950	S 13015072 -26.37 18.90 0.00 0.00 TRACK
54.964	>>> V 0.00 0.00
54.994	>>> V 0.00 0.00
54.995	S 13015092 -26.37 18.90 0.00 0.00 TRACK
55.003	S 13015112 -26.37 18.90 0.00 0.00 TRACK
55.013	>>> V 0.00 0.00
55.014	S 13015132 -26.37 18.90 0.00 0.00 TRACK
55.029	>>> V 0.00 0.00
55.035	S 13015152 -26.37 18.90 0.00 0.00 TRACK
55.052	>>> V 0.00 0.00
55.054	S 13015172 -26.37 18.90 0.00 0.00 TRACK
55.070	>>> V 0.00 0.00
55.072	S 13015192 -26.37 18.90 0.00 0.00 TRACK
55.084	>>> V 0.00 0.00
55.104	>>> V 0.00 0.00
55.107	S 13015212 -26.37 18.90 0.00 0.00 TRACK
55.132	>>> V 0.00 0.00
55.133	S 13015232 -26.37 18.90 0.00 0.00 TRACK
55.134	S 13015252 -26.37 18.90 0.00 0.00 TRACK
55.144	>>> V 0.00 0.00
55.177	>>> V 0.00 0.00
55.177	S 13015272 -26.37 18.90 0.00 0.00 TRACK
55.189	S 13015292 -26.37 18.90 0.00 0.00 TRACK
55.197	>>> V 0.00 0.00
55.201	S 13015312 -26.37 18.90 0.00 0.00 TRACK
55.209	>>> V 0.00 0.00
55.213	S 13015332 -26.37 18.90 0.00 0.00 TRACK
55.226	>>> V 0.00 0.00
55.230	S 13015352 -26.37 18.90 0.00 0.00 TRACK
55.253	>>> V 0.00 0.00
55.254	S 13015372 -26.37 18.90 0.00 0.00 TRACK
55.266	>>> V 0.00 0.00
55.269	S 13015392 -26.37 18.90 0.00 0.00 TRACK
55.293	>>> V 0.00 0.00
55.295	S 13015412 -26.37 18.90 0.00 0.00 TRACK
55.309	>>> V 0.00 0.00
55.310	S 13015432 -26.37 18.90 0.00 0.00 TRACK
55.327	>>> V 0.00 0.00
55.335	S 13015452 -26.37 18.90 0.00 0.00 TRACK
55.344	>>> V 0.00 0.00
55.364	>>> V 0.00 0.00
55.364	S 13015472 -26.37 18.90 0.00 0.00 TRACK
55.387	>>> V 0.00 0.00
55.387	S 13015492 -26.37 18.90 0.00 0.00 TRACK
55.409	>>> V 0.00 0.00
55.413	S 13015512 -26.37 18.90 0.00 0.00 TRACK
55.415	S 13015532 -26.37 18.90 0.00 0.00 TRACK
55.427	>>> V 0.00 0.00
55.446	>>> V 0.00 0.00
55.446	S 13015552 -26.37 18.90 0.00 0.00 TRACK
55.467	>>> V 0.00 0.00
55.468	S 13015572 -26.37 18.90 0.00 0.00 TRACK
55.484	>>> V 0.00 0.00
55.485	S 13015592 -26.37 18.90 0.00 0.00 TRACK
55.505	>>> V 0.00 0.00
55.508	S 13015612 -26.37 18.90 0.00 0.00 TRACK
55.532	>>> V 0.00 0.00
55.533	S 13015632 -26.37 18.90 0.00 0.00 TRACK
55.541	S 13015652 -26.37 18.90 0.00 0.00 TRACK
55.558	>>> V 0.00 0.00
55.558	S 13015672 -26.37 18.90 0.00 0.00 TRACK
55.569	>>> V 0.00 0.00
55.573	S 13015692 -26.37 18.90 0.00 0.00 TRACK
55.584	>>> V 0.00 0.00
55.605	>>> V 0.00 0.00
55.611	S 13015712 -26.46 18.90 0.00 0.00 TRACK
55.617	S 13015732 -26.37 18.90 0.00 0.00 TRACK
55.624	>>> V 0.00 0.00
55.648	>>> V 0.00 0.00
55.650	S 13015752 -26.37 18.90 0.00 0.00 TRACK
55.651	S 13015772 -26.37 18.90 0.00 0.00 TRACK
55.670	>>> V 0.00 0.00
55.671	S 13015792 -26.37 18.90 0.00 0.00 TRACK
55.683	>>> V 0.00 0.00
55.704	>>> V 0.00 0.00
55.706	S 13015812 -26.37 18.90 0.00 0.00 TRACK
55.725	>>> V 0.00 0.00
55.727	S 13015832 -26.37 18.90 0.00 0.00 TRACK
55.746	>>> V 0.00 0.00
55.750	S 13015852 -26.37 18.90 0.00 0.00 TRACK
55.753	S 13015872 -26.37 18.90 0.00 0.00 TRACK
55.767	>>> V 0.00 0.00
55.783	>>> V 0.00 0.00
55.785	S 13015892 -26.37 18.90 0.00 0.00 TRACK
55.805	>>> V 0.00 0.00
55.808	S 13015912 -26.46 18.90 0.00 0.00 TRACK
55.811	S 13015932 -26.37 18.90 0.00 0.00 TRACK
55.825	>>> V 0.00 0.00
55.844	>>> V 0.00 0.00
55.845	S 13015952 -26.37 18.90 0.00 0.00 TRACK
55.864	>>> V 0.00 0.00
55.867	S 13015972 -26.37 18.90 0.00 0.00 TRACK
55.884	>>> V 0.00 0.00
55.885	S 13015992 -26.37 18.90 0.00 0.00 TRACK
55.904	>>> V 0.00 0.00
55.905	S 13016012 -26.37 18.90 0.00 0.00 TRACK
55.935	>>> V 0.00 0.00
55.935	S 13016032 -26.37 18.90 0.00 0.00 TRACK
55.942	S 13016052 -26.46 18.90 0.00 0.00 TRACK
55.962	>>> V 0.00 0.00
55.969	S 13016072 -26.37 18.90 0.00 0.00 TRACK
55.978	>>> V 0.00 0.00
55.980	S 13016092 -26.37 18.90 0.00 0.00 TRACK
55.997	>>> V 0.00 0.00
55.999	S 13016112 -26.37 18.90 0.00 0.00 TRACK
56.008	>>> V 0.00 0.00
56.033	>>> V 0.00 0.00
56.034	S 13016132 -26.37 18.90 0.00 0.00 TRACK
56.035	S 13016152 -26.37 18.90 0.00 0.00 TRACK
56.050	>>> V 0.00 0.00
56.054	S 13016172 -26.37 18.90 0.00 0.00 TRACK
56.085	>>> V 0.00 0.00
56.093	S 13016192 -26.37 18.81 0.00 0.00 TRACK
56.097	S 13016212 -26.46 18.90 0.00 0.00 TRACK
56.101	>>> V 0.00 0.00
56.104	>>> V 0.00 0.00
56.129	>>> V 0.00 0.00
56.130	S 13016232 -26.37 18.90 0.00 0.00 TRACK
56.134	S 13016252 -26.37 18.90 0.00 0.00 TRACK
56.147	>>> V 0.00 0.00
56.149	S 13016272 -26.37 18.90 0.00 0.00 TRACK
56.168	>>> V 0.00 0.00
56.168	S 13016292 -26.37 18.90 0.00 0.00 TRACK
56.185	>>> V 0.00 0.00
56.206	>>> V 0.00 0.00
56.208	S 13016312 -26.37 18.90 0.00 0.00 TRACK
56.210	S 13016332 -26.37 18.90 0.00 0.00 TRACK
56.226	>>> V 0.00 0.00
56.244	>>> V 0.00 0.00
56.247	S 13016352 -26.37 18.90 0.00 0.00 TRACK
56.269	>>> V 0.00 0.00
56.273	S 13016372 -26.37 18.90 0.00 0.00 TRACK
56.277	S 13016392 -26.37 18.90 0.00 0.00 TRACK
56.288	>>> V 0.00 0.00
56.292	S 13016412 -26.46 18.90 0.00 0.00 TRACK
56.304	>>> V 0.00 0.00
56.327	>>> V 0.00 0.00
56.328	S 13016432 -26.37 18.90 0.00 0.00 TRACK
56.347	>>> V 0.00 0.00
56.349	S 13016452 -26.37 18.90 0.00 0.00 TRACK
56.356	S 13016472 -26.37 18.90 0.00 0.00 TRACK
56.366	>>> V 0.00 0.00
56.387	>>> V 0.00 0.00
56.388	S 13016492 -26.46 18.90 0.00 0.00 TRACK
56.404	>>> V 0.00 0.00
56.405	S 13016512 -26.37 18.90 0.00 0.00 TRACK
56.427	>>> V 0.00 0.00
56.432	S 13016532 -26.37 18.90 0.00 0.00 TRACK
56.433	S 13016552 -26.37 18.90 0.00 0.00 TRACK
56.447	>>> V 0.00 0.00
56.464	>>> V 0.00 0.00
56.467	S 13016572 -26.37 18.90 0.00 0.00 TRACK
56.490	>>> V 0.00 0.00
56.491	S 13016592 -26.37 18.90 0.00 0.00 TRACK
56.496	S 13016612 -26.46 18.90 0.00 0.00 TRACK
56.506	>>> V 0.00 0.00
56.523	>>> V 0.00 0.00
56.524	S 13016632 -26.37 18.90 0.00 0.00 TRACK
56.545	>>> V 0.00 0.00
56.547	S 13016652 -26.37 18.90 0.00 0.00 TRACK
56.564	>>> V 0.00 0.00
56.565	S 13016672 -26.37 18.90 0.00 0.00 TRACK
56.586	>>> V 0.00 0.00
56.588	S 13016692 -26.37 18.90 0.00 0.00 TRACK
56.611	>>> V 0.00 0.00
56.616	S 13016712 -26.37 18.90 0.00 0.00 TRACK
56.631	S 13016732 -26.37 18.90 0.00 0.00 TRACK
56.640	>>> V 0.00 0.00
56.644	S 13016752 -26.46 18.90 0.00 0.00 TRACK
56.654	>>> V 0.00 0.00
56.656	S 13016772 -26.37 18.90 0.00 0.00 TRACK
56.669	>>> V 0.00 0.00
56.669	S 13016792 -26.37 18.90 0.00 0.00 TRACK
56.686	>>> V 0.00 0.00
56.704	>>> V 0.00 0.00
56.705	S 13016812 -26.37 18.90 0.00 0.00 TRACK
56.724	>>> V 0.00 0.00
56.725	S 13016832 -26.37 18.90 0.00 0.00 TRACK
56.746	>>> V 0.00 0.00
56.751	S 13016852 -26.37 18.90 0.00 0.00 TRACK
56.752	S 13016872 -26.37 18.90 0.00 0.00 TRACK
56.766	>>> V 0.00 0.00
56.769	S 13016892 -26.37 18.90 0.00 0.00 TRACK
56.784	>>> V 0.00 0.00
56.805	>>> V 0.00 0.00
56.809	S 13016912 -26.37 18.90 0.00 0.00 TRACK
56.820	S 13016932 -26.37 18.90 0.00 0.00 TRACK
56.828	>>> V 0.00 0.00
56.829	S 13016952 -26.37 18.90 0.00 0.00 TRACK
56.849	>>> V 0.00 0.00
56.851	S 13016972 -26.37 18.90 0.00 0.00 TRACK
56.864	>>> V 0.00 0.00
56.893	>>> V 0.00 0.00
56.896	S 13016992 -26.37 18.90 0.00 0.00 TRACK
56.905	S 13017012 -26.37 18.90 0.00 0.00 TRACK
56.913	>>> V 0.00 0.00
56.913	S 13017032 -26.37 18.90 0.00 0.00 TRACK
56.926	>>> V 0.00 0.00
56.929	S 13017052 -26.37 18.90 0.00 0.00 TRACK
56.943	>>> V 0.00 0.00
56.965	>>> V 0.00 0.00
56.966	S 13017072 -26.37 18.90 0.00 0.00 TRACK
56.985	>>> V 34.66 3.89
56.985	S 13017092 -26.37 18.90 0.00 0.00 TRACK
57.004	>>> V 34.66 3.84
57.006	S 13017112 -26.46 18.90 0.00 0.00 TRACK
57.029	>>> V 34.66 3.84
57.032	S 13017132 -26.37 18.90 0.00 0.00 TRACK
57.034	S 13017152 -26.37 18.90 0.00 0.00 TRACK
57.044	>>> V 34.66 3.84
57.065	>>> V 34.66 3.84
57.066	S 13017172 -26.10 18.98 1.37 0.00 TRACK
57.083	>>> V 34.67 3.86
57.086	S 13017192 -25.75 19.07 4.12 1.37 TRACK
57.104	>>> V 34.67 3.86
57.106	S 13017212 -25.31 19.16 9.62 2.75 TRACK
57.126	>>> V 34.67 3.86
57.126	S 13017232 -24.79 19.25 15.11 4.12 TRACK
57.143	>>> V 34.67 3.86
57.144	S 13017252 -24.17 19.34 20.61 4.12 TRACK
57.165	>>> V 34.67 3.86
57.165	S 13017272 -23.55 19.42 26.11 4.12 TRACK
57.185	>>> V 34.67 3.86
57.187	S 13017292 -22.85 19.51 28.85 4.12 TRACK
57.206	>>> V 34.67 3.86
57.206	S 13017312 -22.15 19.60 30.23 4.12 TRACK
57.224	>>> V 34.67 3.86
57.224	S 13017332 -21.53 19.69 31.60 4.12 TRACK
57.245	>>> V 34.67 3.86
57.245	S 13017352 -20.83 19.78 32.98 4.12 TRACK
57.264	>>> V 34.67 3.86
57.266	S 13017372 -20.21 19.86 32.98 4.12 TRACK
57.284	>>> V 34.66 3.85
57.287	S 13017392 -19.60 19.95 32.98 4.12 TRACK
57.306	>>> V 34.66 3.85
57.307	S 13017412 -18.98 20.04 31.60 4.12 TRACK
57.329	>>> V 34.66 3.85
57.330	S 13017432 -18.28 20.13 31.60 4.12 TRACK
57.334	S 13017452 -17.58 20.21 31.60 4.12 TRACK
57.344	>>> V 34.66 3.85
57.366	>>> V 34.47 3.80
57.367	S 13017472 -16.87 20.30 32.98 4.12 TRACK
57.386	>>> V 34.47 3.80
57.386	S 13017492 -16.17 20.39 34.35 4.12 TRACK
57.431	>>> V 34.47 3.80
57.432	S 13017512 -15.38 20.48 34.35 4.12 TRACK
57.433	S 13017532 -14.77 20.57 34.35 4.12 TRACK
57.436	S 13017552 -14.06 20.65 34.35 2.75 TRACK
57.448	>>> V 34.47 3.80
57.454	S 13017572 -13.36 20.74 34.35 2.75 TRACK
57.472	>>> V 32.18 2.90
57.474	S 13017592 -12.74 20.83 34.35 2.75 TRACK
57.484	>>> V 32.18 2.90
57.514	>>> V 28.04 0.00
57.516	S 13017612 -12.04 20.92 34.35 4.12 TRACK
57.527	S 13017632 -11.43 20.92 34.35 4.12 TRACK
57.541	>>> V 12.17 0.00
57.542	S 13017652 -10.72 20.92 32.98 2.75 TRACK
57.553	>>> V 12.17 0.00
57.555	S 13017672 -10.11 20.92 32.98 1.37 TRACK
57.588	>>> V 12.17 0.00
57.590	S 13017692 -9.49 20.92 31.60 0.00 TRACK
57.591	S 13017712 -8.88 20.92 30.23 0.00 TRACK
57.620	>>> V 12.17 0.00
57.621	S 13017732 -8.44 20.92 27.48 0.00 TRACK
57.647	>>> V 12.17 0.00
57.661	S 13017752 -8.09 20.92 24.73 0.00 TRACK
57.663	S 13017772 -7.73 20.92 20.61 0.00 TRACK
57.674	>>> V 12.17 0.00
57.678	S 13017792 -7.47 20.92 17.86 0.00 TRACK
57.695	>>> V 9.81 0.00
57.699	S 13017812 -7.21 20.92 16.49 0.00 TRACK
57.710	>>> V 5.13 -2.87
57.713	S 13017832 -6.94 20.92 15.11 0.00 TRACK
57.724	>>> V 2.95 -2.85
57.744	>>> V 2.95 -2.85
57.745	S 13017852 -6.59 20.92 13.74 0.00 TRACK
57.769	>>> V 0.00 -2.88
57.769	S 13017872 -6.50 20.92 12.37 0.00 TRACK
57.774	S 13017892 -6.33 20.92 10.99 0.00 TRACK
57.785	>>> V 0.00 -2.88
57.804	>>> V 0.00 -2.88
57.807	S 13017912 -6.24 20.92 9.62 0.00 TRACK
57.827	>>> V 0.00 0.00
57.830	S 13017932 -6.06 20.92 6.87 0.00 TRACK
57.836	S 13017952 -6.06 20.83 4.12 0.00 TRACK
57.847	>>> V 0.00 0.00
57.930	>>> V -2.18 0.00
57.933	S 13017972 -6.06 20.83 2.75 0.00 TRACK
57.939	S 13017992 -6.06 20.74 0.00 0.00 TRACK
57.942	S 13018012 -6.06 20.83 0.00 -1.37 TRACK
57.957	S 13018032 -6.06 20.83 0.00 0.00 TRACK
57.968	S 13018052 -6.06 20.83 0.00 0.00 TRACK
57.975	>>> V -3.31 0.00
57.980	S 13018072 -6.06 20.83 0.00 0.00 TRACK
57.994	S 13018092 -6.06 20.83 0.00 0.00 TRACK
58.003	>>> V -3.31 0.00
58.016	S 13018112 -6.06 20.83 0.00 0.00 TRACK
58.020	S 13018132 -6.06 20.83 0.00 0.00 TRACK
58.038	>>> V -3.31 0.00
58.041	S 13018152 -6.06 20.83 0.00 0.00 TRACK
58.059	>>> V -3.31 0.00
58.061	S 13018172 -6.24 20.83 0.00 0.00 TRACK
58.090	>>> V -3.31 0.00
58.094	S 13018192 -6.33 20.83 -1.37 0.00 TRACK
58.095	S 13018212 -6.33 20.83 -1.37 0.00 TRACK
58.106	>>> V -3.31 0.00
58.111	S 13018232 -6.42 20.83 -1.37 0.00 TRACK
58.125	>>> V -3.31 0.00
58.152	>>> V -4.31 -2.85
58.157	S 13018252 -6.50 20.83 -2.75 0.00 TRACK
58.166	S 13018272 -6.59 20.83 -2.75 0.00 TRACK
58.173	>>> V -4.31 -2.85
58.174	S 13018292 -6.68 20.83 -4.12 0.00 TRACK
58.201	>>> V -6.29 0.00
58.210	S 13018312 -6.68 20.74 -2.75 0.00 TRACK
58.215	S 13018332 -6.86 20.74 -2.75 0.00 TRACK
58.236	>>> V -6.29 0.00
58.236	S 13018352 -6.94 20.65 -2.75 -1.37 TRACK
58.244	>>> V -6.29 0.00
58.266	>>> V -6.28 0.00
58.269	S 13018372 -6.94 20.65 -2.75 -1.37 TRACK
58.285	>>> V -6.28 0.00
58.285	S 13018392 -7.12 20.65 -2.75 -1.37 TRACK
58.304	>>> V -6.24 0.00
58.305	S 13018412 -7.12 20.65 -4.12 0.00 TRACK
58.328	>>> V -6.24 0.00
58.341	S 13018432 -7.29 20.65 -4.12 0.00 TRACK
58.348	S 13018452 -7.47 20.65 -4.12 0.00 TRACK
58.365	>>> V -6.24 0.00
58.366	S 13018472 -7.56 20.65 -5.50 0.00 TRACK
58.379	>>> V -6.05 0.00
58.383	S 13018492 -7.73 20.65 -5.50 0.00 TRACK
58.407	>>> V -6.05 0.00
58.408	S 13018512 -7.82 20.65 -5.50 0.00 TRACK
58.427	>>> V -6.05 0.00
58.432	S 13018532 -8.00 20.65 -5.50 0.00 TRACK
58.437	S 13018552 -8.09 20.65 -5.50 0.00 TRACK
58.457	>>> V -6.05 0.00
58.459	S 13018572 -8.26 20.65 -5.50 0.00 TRACK
58.473	>>> V -5.90 0.00
58.475	S 13018592 -8.35 20.65 -5.50 0.00 TRACK
58.484	>>> V -5.29 0.00
58.516	>>> V -2.82 0.00
58.520	S 13018612 -8.44 20.65 -5.50 0.00 TRACK
58.528	S 13018632 -8.53 20.65 -5.50 0.00 TRACK
58.546	>>> V -2.82 0.00
58.552	S 13018652 -8.61 20.65 -4.12 0.00 TRACK
58.555	S 13018672 -8.79 20.65 -5.50 0.00 TRACK
58.579	>>> V -2.82 0.00
58.580	S 13018692 -8.88 20.65 -5.50 0.00 TRACK
58.591	>>> V -2.82 0.00
58.597	S 13018712 -9.05 20.65 -5.50 0.00 TRACK
58.611	>>> V -2.41 0.00
58.617	S 13018732 -9.14 20.65 -4.12 0.00 TRACK
58.629	>>> V -2.41 0.00
58.629	S 13018752 -9.23 20.65 -4.12 0.00 TRACK
58.646	>>> V -2.41 0.00
58.656	S 13018772 -9.23 20.65 -2.75 0.00 TRACK
58.670	>>> V -2.41 0.00
58.674	S 13018792 -9.23 20.65 -2.75 0.00 TRACK
58.698	>>> V -2.04 0.00
58.700	S 13018812 -9.32 20.65 -1.37 0.00 TRACK
58.715	>>> V -2.04 0.00
58.720	S 13018832 -9.40 20.65 -1.37 0.00 TRACK
58.730	>>> V -2.04 0.00
58.730	S 13018852 -9.49 20.65 -1.37 0.00 TRACK
58.748	>>> V 0.00 0.00
58.755	S 13018872 -9.49 20.65 -2.75 0.00 TRACK
58.771	>>> V 0.00 0.00
58.776	S 13018892 -9.49 20.65 -2.75 0.00 TRACK
58.794	>>> V 0.00 0.00
58.800	S 13018912 -9.49 20.65 -1.37 0.00 TRACK
58.817	>>> V 0.00 0.00
58.820	S 13018932 -9.49 20.65 0.00 0.00 TRACK
58.832	>>> V 0.00 0.00
58.834	S 13018952 -9.49 20.65 0.00 0.00 TRACK
58.849	>>> V 0.00 0.00
58.850	S 13018972 -9.49 20.65 0.00 0.00 TRACK
58.872	>>> V 0.00 0.00
58.872	S 13018992 -9.49 20.65 0.00 0.00 TRACK
58.885	>>> V 0.00 0.00
59.072	>>> V 0.00 0.00
59.073	S 13019012 -9.49 20.65 0.00 0.00 TRACK
59.076	S 13019032 -9.49 20.65 0.00 0.00 TRACK
59.077	S 13019052 -9.49 20.65 0.00 0.00 TRACK
59.078	S 13019072 -9.49 20.65 0.00 0.00 TRACK
59.080	S 13019092 -9.49 20.65 0.00 0.00 TRACK
59.081	S 13019112 -9.49 20.65 0.00 0.00 TRACK
59.082	S 13019132 -9.49 20.65 0.00 0.00 TRACK
59.085	S 13019152 -9.49 20.65 0.00 0.00 TRACK
59.086	S 13019172 -9.49 20.65 0.00 0.00 TRACK
59.087	S 13019192 -9.49 20.65 0.00 0.00 TRACK
59.093	>>> V 0.00 0.00
59.093	S 13019212 -9.49 20.65 0.00 0.00 TRACK
59.106	>>> V 0.00 0.00
59.127	>>> V 0.00 0.00
59.129	S 13019232 -9.49 20.65 0.00 0.00 TRACK
59.134	S 13019252 -9.49 20.65 0.00 0.00 TRACK
59.144	>>> V 0.00 0.00
59.175	>>> V 0.00 0.00
59.252	S 13019272 -9.49 20.65 0.00 0.00 TRACK
59.253	S 13019292 -9.49 20.65 0.00 0.00 TRACK
59.254	S 13019312 -9.49 20.65 0.00 0.00 TRACK
59.260	S 13019332 -9.49 20.65 0.00 0.00 TRACK
59.268	S 13019352 -9.49 20.65 0.00 0.00 TRACK
59.270	S 13019372 -9.49 20.65 0.00 0.00 TRACK
59.276	>>> V 0.00 0.00
59.278	S 13019392 -9.49 20.65 0.00 0.00 TRACK
59.284	>>> V 0.00 0.00
59.304	>>> V 0.00 0.00
59.305	S 13019412 -9.49 20.65 0.00 0.00 TRACK
59.324	>>> V 0.00 0.00
59.326	S 13019432 -9.49 20.65 0.00 0.00 TRACK
59.346	>>> V 0.00 0.00
59.347	S 13019452 -9.49 20.65 0.00 0.00 TRACK
59.365	>>> V 0.00 0.00
59.366	S 13019472 -9.49 20.65 0.00 0.00 TRACK
59.386	>>> V 0.00 0.00
59.386	S 13019492 -9.49 20.65 0.00 0.00 TRACK
59.405	>>> V 0.00 0.00
59.407	S 13019512 -9.49 20.65 0.00 0.00 TRACK
59.426	>>> V 0.00 0.00
59.428	S 13019532 -9.40 20.65 0.00 0.00 TRACK
59.445	>>> V 0.00 0.00
59.446	S 13019552 -9.49 20.65 0.00 0.00 TRACK
59.466	>>> V 0.00 0.00
59.468	S 13019572 -9.49 20.65 0.00 0.00 TRACK
59.486	>>> V 0.00 0.00
59.491	S 13019592 -9.49 20.65 0.00 0.00 TRACK
59.495	S 13019612 -9.49 20.65 0.00 0.00 TRACK
59.508	>>> V 0.00 0.00
59.520	S 13019632 -9.49 20.65 0.00 0.00 TRACK
59.533	>>> V 0.00 0.00
59.535	S 13019652 -9.49 20.65 0.00 0.00 TRACK
59.545	>>> V 0.00 0.00
59.549	S 13019672 -9.49 20.65 0.00 0.00 TRACK
59.566	>>> V 0.00 0.00
59.590	>>> V 0.00 0.00
59.592	S 13019692 -9.49 20.65 0.00 0.00 TRACK
59.597	S 13019712 -9.40 20.65 0.00 0.00 TRACK
59.605	>>> V 0.00 0.00
59.630	>>> V 0.00 0.00
59.634	S 13019732 -9.49 20.65 0.00 0.00 TRACK
59.637	S 13019752 -9.49 20.65 0.00 0.00 TRACK
59.655	>>> V 0.00 0.00
59.657	S 13019772 -9.40 20.65 0.00 0.00 TRACK
59.671	>>> V 0.00 0.00
59.672	S 13019792 -9.49 20.65 0.00 0.00 TRACK
59.690	>>> V 0.00 0.00
59.695	S 13019812 -9.49 20.65 0.00 0.00 TRACK
59.709	>>> V 0.00 0.00
59.713	S 13019832 -9.49 20.65 0.00 0.00 TRACK
59.725	>>> V 0.00 0.00
59.746	>>> V 0.00 0.00
59.746	S 13019852 -9.49 20.65 0.00 0.00 TRACK
59.765	>>> V 0.00 0.00
59.766	S 13019872 -9.49 20.65 0.00 0.00 TRACK
59.785	>>> V 0.00 0.00
59.787	S 13019892 -9.49 20.65 0.00 0.00 TRACK
59.808	>>> V 0.00 0.00
59.808	S 13019912 -9.49 20.57 0.00 0.00 TRACK
59.826	>>> V 0.00 0.00
59.827	S 13019932 -9.49 20.65 0.00 0.00 TRACK
59.845	>>> V 0.00 0.00
59.846	S 13019952 -9.49 20.65 0.00 0.00 TRACK
59.864	>>> V 0.00 0.00
59.866	S 13019972 -9.49 20.65 0.00 0.00 TRACK
59.884	>>> V 0.00 0.00
59.885	S 13019992 -9.49 20.57 0.00 0.00 TRACK
59.908	>>> V 0.00 0.00
59.908	S 13020012 -9.49 20.65 0.00 0.00 TRACK
59.927	>>> V 0.00 0.00
59.929	S 13020032 -9.49 20.65 0.00 0.00 TRACK
59.952	>>> V 0.00 0.00
59.955	S 13020052 -9.49 20.65 0.00 0.00 TRACK
59.966	S 13020072 -9.49 20.57 0.00 0.00 TRACK
59.976	>>> V 0.00 0.00
59.977	S 13020092 -9.49 20.65 0.00 0.00 TRACK
59.984	>>> V 0.00 0.00
60.005	>>> V 0.00 0.00
60.006	S 13020112 -9.49 20.65 0.00 0.00 TRACK
60.024	>>> V 0.00 0.00
60.024	S 13020132 -9.49 20.65 0.00 0.00 TRACK
60.044	>>> V 0.00 0.00
60.046	S 13020152 -9.49 20.65 0.00 0.00 TRACK
60.064	>>> V 0.00 0.00
60.064	S 13020172 -9.49 20.65 0.00 0.00 TRACK
60.083	>>> V 0.00 0.00
60.085	S 13020192 -9.49 20.65 0.00 0.00 TRACK
60.113	>>> V 0.00 0.00
60.114	S 13020212 -9.49 20.65 0.00 0.00 TRACK
60.118	S 13020232 -9.49 20.65 0.00 0.00 TRACK
60.123	>>> V 0.00 0.00
60.147	>>> V 0.00 0.00
60.148	S 13020252 -9.49 20.65 0.00 0.00 TRACK
60.189	>>> V 0.00 0.00
60.193	S 13020272 -9.49 20.65 0.00 0.00 TRACK
60.198	S 13020292 -9.49 20.65 0.00 0.00 TRACK
60.211	S 13020312 -9.49 20.65 0.00 0.00 TRACK
60.227	>>> V 0.00 0.00
60.234	S 13020332 -9.49 20.65 0.00 0.00 TRACK
60.248	S 13020352 -9.49 20.65 0.00 0.00 TRACK
60.278	>>> V 0.00 0.00
60.281	S 13020372 -9.49 20.65 0.00 0.00 TRACK
60.292	S 13020392 -9.49 20.65 0.00 0.00 TRACK
60.332	>>> V 0.00 0.00
60.333	S 13020412 -9.49 20.65 0.00 0.00 TRACK
60.335	S 13020432 -9.49 20.65 0.00 0.00 TRACK
60.350	S 13020452 -9.49 20.65 0.00 0.00 TRACK
60.364	>>> V 0.00 0.00
60.373	S 13020472 -9.49 20.65 0.00 0.00 TRACK
60.375	S 13020492 -9.49 20.65 0.00 0.00 TRACK
60.393	>>> V 0.00 0.00
60.395	S 13020512 -9.40 20.65 0.00 0.00 TRACK
60.414	>>> V 0.00 0.00
60.418	S 13020532 -9.49 20.65 0.00 0.00 TRACK
60.452	>>> V 0.00 0.00
60.454	S 13020552 -9.49 20.65 0.00 0.00 TRACK
60.468	S 13020572 -9.40 20.65 0.00 0.00 TRACK
60.490	>>> V 0.00 0.00
60.492	S 13020592 -9.49 20.65 0.00 0.00 TRACK
60.502	S 13020612 -9.49 20.65 0.00 0.00 TRACK
60.517	>>> V 0.00 0.00
60.518	S 13020632 -9.49 20.65 0.00 0.00 TRACK
60.526	>>> V 0.00 0.00
60.547	>>> V 0.00 0.00
60.554	S 13020652 -9.49 20.65 0.00 0.00 TRACK
60.556	S 13020672 -9.49 20.65 0.00 0.00 TRACK
60.572	>>> V 0.00 0.00
60.574	S 13020692 -9.49 20.65 0.00 0.00 TRACK
60.587	>>> V 0.00 0.00
60.603	>>> V 0.00 0.00
60.604	S 13020712 -9.49 20.65 0.00 0.00 TRACK
60.624	>>> V 0.00 0.00
60.626	S 13020732 -9.49 20.65 0.00 0.00 TRACK
60.645	>>> V 0.00 0.00
60.646	S 13020752 -9.49 20.65 0.00 0.00 TRACK
60.666	>>> V 0.00 0.00
60.666	S 13020772 -9.49 20.65 0.00 0.00 TRACK
60.685	>>> V 0.00 0.00
60.686	S 13020792 -9.49 20.65 0.00 0.00 TRACK
60.704	>>> V 0.00 0.00
60.705	S 13020812 -9.49 20.65 0.00 0.00 TRACK
60.725	>>> V 0.00 0.00
60.726	S 13020832 -9.49 20.65 0.00 0.00 TRACK
60.744	>>> V 0.00 0.00
60.746	S 13020852 -9.49 20.65 0.00 0.00 TRACK
60.764	>>> V 0.00 0.00
60.767	S 13020872 -9.49 20.65 0.00 0.00 TRACK
60.784	>>> V 0.00 0.00
60.787	S 13020892 -9.49 20.65 0.00 0.00 TRACK
60.804	>>> V 0.00 0.00
60.805	S 13020912 -9.49 20.65 0.00 0.00 TRACK
60.824	>>> V 0.00 0.00
60.826	S 13020932 -9.49 20.65 0.00 0.00 TRACK
60.844	>>> V 0.00 0.00
60.845	S 13020952 -9.49 20.65 0.00 0.00 TRACK
60.864	>>> V 0.00 0.00
60.864	S 13020972 -9.49 20.65 0.00 0.00 TRACK
60.884	>>> V 0.00 0.00
60.884	S 13020992 -9.49 20.65 0.00 0.00 TRACK
60.905	>>> V 0.00 0.00
60.909	S 13021012 -9.49 20.65 0.00 0.00 TRACK
60.911	S 13021032 -9.49 20.65 0.00 0.00 TRACK
60.924	>>> V 0.00 0.00
60.944	>>> V 0.00 0.00
60.946	S 13021052 -9.49 20.65 0.00 0.00 TRACK
60.966	>>> V 0.00 0.00
60.970	S 13021072 -9.49 20.65 0.00 0.00 TRACK
60.971	S 13021092 -9.49 20.65 0.00 0.00 TRACK
60.987	>>> V 0.00 0.00
61.006	>>> V 0.00 0.00
61.010	S 13021112 -9.49 20.65 0.00 0.00 TRACK
61.018	S 13021132 -9.49 20.65 0.00 0.00 TRACK
61.031	>>> V 0.00 0.00
61.039	S 13021152 -9.49 20.65 0.00 0.00 TRACK
61.068	>>> V 0.00 0.00
61.069	S 13021172 -9.49 20.65 0.00 0.00 TRACK
61.071	S 13021192 -9.49 20.65 0.00 0.00 TRACK
61.107	>>> V 0.00 0.00
61.109	S 13021212 -9.49 20.65 0.00 0.00 TRACK
61.131	>>> V 0.00 0.00
61.134	S 13021232 -9.49 20.65 0.00 0.00 TRACK
61.140	S 13021252 -9.49 20.65 0.00 0.00 TRACK
61.149	>>> V 0.00 0.00
61.151	S 13021272 -9.49 20.57 0.00 0.00 TRACK
61.169	>>> V 0.00 0.00
61.169	S 13021292 -9.49 20.65 0.00 0.00 TRACK
61.195	>>> V 0.00 0.00
61.199	S 13021312 -9.49 20.65 0.00 0.00 TRACK
61.268	>>> V 0.00 0.00
61.268	S 13021332 -9.49 20.65 0.00 0.00 TRACK
61.273	S 13021352 -9.49 20.65 0.00 0.00 TRACK
61.276	S 13021372 -9.49 20.65 0.00 0.00 TRACK
61.290	>>> V 0.00 0.00
61.290	S 13021392 -9.40 20.65 0.00 0.00 TRACK
61.295	S 13021412 -9.49 20.65 0.00 0.00 TRACK
61.308	>>> V 0.00 0.00
61.329	>>> V 0.00 0.00
61.330	S 13021432 -9.49 20.65 0.00 0.00 TRACK
61.331	S 13021452 -9.49 20.65 0.00 0.00 TRACK
61.345	>>> V 0.00 0.00
61.369	>>> V 0.00 0.00
61.372	S 13021472 -9.49 20.65 0.00 0.00 TRACK
61.379	S 13021492 -9.49 20.65 0.00 0.00 TRACK
61.386	>>> V 0.00 0.00
61.389	S 13021512 -9.49 20.65 0.00 0.00 TRACK
61.408	>>> V 0.00 0.00
61.410	S 13021532 -9.49 20.65 0.00 0.00 TRACK
61.424	>>> V 0.00 0.00
61.447	>>> V 0.00 0.00
61.447	S 13021552 -9.49 20.65 0.00 0.00 TRACK
61.467	>>> V 0.00 0.00
61.469	S 13021572 -9.49 20.65 0.00 0.00 TRACK
61.487	>>> V 0.00 0.00
61.491	S 13021592 -9.49 20.65 0.00 0.00 TRACK
61.493	S 13021612 -9.49 20.65 0.00 0.00 TRACK
61.511	>>> V 0.00 0.00
61.514	S 13021632 -9.49 20.65 0.00 0.00 TRACK
61.537	>>> V 0.00 0.00
61.543	S 13021652 -9.49 20.65 0.00 0.00 TRACK
61.569	>>> V 0.00 0.00
61.573	S 13021672 -9.49 20.65 0.00 0.00 TRACK
61.574	S 13021692 -9.49 20.65 0.00 0.00 TRACK
61.586	>>> V 0.00 0.00
61.637	>>> V 0.00 0.00
61.639	S 13021712 -9.49 20.65 0.00 0.00 TRACK
61.641	S 13021732 -9.49 20.65 0.00 0.00 TRACK
61.662	S 13021752 -9.49 20.65 0.00 0.00 TRACK
61.670	>>> V 0.00 0.00
61.673	S 13021772 -9.49 20.65 0.00 0.00 TRACK
61.682	S 13021792 -9.49 20.65 0.00 0.00 TRACK
61.691	>>> V 0.00 0.00
61.692	S 13021812 -9.49 20.65 0.00 0.00 TRACK
61.704	>>> V 0.00 0.00
61.724	>>> V 0.00 0.00
61.727	S 13021832 -9.49 20.65 0.00 0.00 TRACK
61.745	>>> V 0.00 0.00
61.746	S 13021852 -9.49 20.65 0.00 0.00 TRACK
61.768	>>> V 0.00 0.00
61.778	S 13021872 -9.49 20.65 0.00 0.00 TRACK
61.780	S 13021892 -9.49 20.65 0.00 0.00 TRACK
61.792	>>> V 0.00 0.00
61.800	S 13021912 -9.49 20.65 0.00 0.00 TRACK
61.812	>>> V 0.00 0.00
61.817	S 13021932 -9.49 20.65 0.00 0.00 TRACK
61.831	>>> V 0.00 0.00
61.832	S 13021952 -9.49 20.65 0.00 0.00 TRACK
61.858	>>> V 0.00 0.00
61.859	S 13021972 -9.49 20.65 0.00 0.00 TRACK
61.878	>>> V 0.00 0.00
61.879	S 13021992 -9.49 20.65 0.00 0.00 TRACK
61.901	>>> V 0.00 0.00
61.906	S 13022012 -9.49 20.65 0.00 0.00 TRACK
61.920	>>> V 0.00 0.00
61.922	S 13022032 -9.49 20.65 0.00 0.00 TRACK
61.938	>>> V 0.00 0.00
61.940	S 13022052 -9.40 20.65 0.00 0.00 TRACK
61.954	>>> V 0.00 0.00
61.955	S 13022072 -9.40 20.65 0.00 0.00 TRACK
61.966	>>> V 0.00 0.00
61.970	S 13022092 -9.49 20.65 0.00 0.00 TRACK
61.994	>>> V 0.00 0.00
61.994	S 13022112 -9.49 20.65 0.00 0.00 TRACK
62.012	>>> V 0.00 0.00
62.020	S 13022132 -9.49 20.65 0.00 0.00 TRACK
62.039	>>> V 0.00 0.00
62.040	S 13022152 -9.49 20.65 0.00 0.00 TRACK
62.052	>>> V 0.00 0.00
62.059	S 13022173 -9.49 20.65 0.00 0.00 TRACK
62.075	>>> V 0.00 0.00
62.076	S 13022193 -9.49 20.65 0.00 0.00 TRACK
62.091	>>> V 0.00 0.00
62.091	S 13022213 -9.49 20.65 0.00 0.00 TRACK
62.117	>>> V 0.00 0.00
62.120	S 13022233 -9.49 20.65 0.00 0.00 TRACK
62.132	>>> V 0.00 0.00
62.132	S 13022253 -9.49 20.65 0.00 0.00 TRACK
62.145	>>> V 0.00 0.00
62.166	>>> V 0.00 0.00
62.168	S 13022273 -9.49 20.65 0.00 0.00 TRACK
62.187	>>> V 0.00 0.00
62.188	S 13022293 -9.49 20.65 0.00 0.00 TRACK
62.204	>>> V 0.00 0.00
62.208	S 13022313 -9.49 20.65 0.00 0.00 TRACK
62.227	>>> V 0.00 0.00
62.229	S 13022333 -9.49 20.65 0.00 0.00 TRACK
62.232	S 13022353 -9.40 20.65 0.00 0.00 TRACK
62.244	>>> V 0.00 0.00
62.268	>>> V 0.00 0.00
62.269	S 13022373 -9.49 20.65 0.00 0.00 TRACK
62.273	S 13022393 -9.49 20.65 0.00 0.00 TRACK
62.287	>>> V 0.00 0.00
62.304	>>> V 0.00 0.00
62.304	S 13022413 -9.49 20.65 0.00 0.00 TRACK
62.368	>>> V 0.00 0.00
62.374	S 13022433 -9.49 20.65 0.00 0.00 TRACK
62.380	S 13022453 -9.49 20.65 0.00 0.00 TRACK
62.382	S 13022473 -9.49 20.65 0.00 0.00 TRACK
62.384	S 13022493 -9.49 20.65 0.00 0.00 TRACK
62.397	>>> V 0.00 0.00
62.400	S 13022513 -9.49 20.65 0.00 0.00 TRACK
62.411	>>> V 0.00 0.00
62.413	S 13022533 -9.49 20.65 0.00 0.00 TRACK
62.425	>>> V 0.00 0.00
62.449	>>> V 0.00 0.00
62.449	S 13022553 -9.49 20.65 0.00 0.00 TRACK
62.453	S 13022573 -9.49 20.65 0.00 0.00 TRACK
62.464	>>> V 0.00 0.00
62.486	>>> V 0.00 0.00
62.489	S 13022593 -9.49 20.65 0.00 0.00 TRACK
62.505	>>> V 0.00 0.00
62.507	S 13022613 -9.49 20.65 0.00 0.00 TRACK
62.524	>>> V 0.00 0.00
62.526	S 13022633 -9.49 20.65 0.00 0.00 TRACK
62.544	>>> V 0.00 0.00
62.545	S 13022653 -9.49 20.65 0.00 0.00 TRACK
62.573	>>> V 0.00 0.00
62.573	S 13022673 -9.49 20.65 0.00 0.00 TRACK
62.576	S 13022693 -9.49 20.65 0.00 0.00 TRACK
62.584	>>> V 0.00 0.00
62.607	>>> V 0.00 0.00
62.607	S 13022713 -9.49 20.65 0.00 0.00 TRACK
62.625	>>> V 0.00 0.00
62.625	S 13022733 -9.49 20.65 0.00 0.00 TRACK
62.645	>>> V 0.00 0.00
62.645	S 13022753 -9.49 20.65 0.00 0.00 TRACK
62.664	>>> V 0.00 0.00
62.665	S 13022773 -9.49 20.65 0.00 0.00 TRACK
62.688	>>> V 0.00 0.00
62.690	S 13022793 -9.49 20.65 0.00 0.00 TRACK
62.695	S 13022813 -9.49 20.65 0.00 0.00 TRACK
62.707	>>> V 0.00 0.00
62.724	>>> V 0.00 0.00
62.724	S 13022833 -9.49 20.57 0.00 0.00 TRACK
62.745	>>> V 0.00 0.00
62.745	S 13022853 -9.49 20.65 0.00 0.00 TRACK
62.764	>>> V 0.00 0.00
62.768	S 13022873 -9.40 20.65 0.00 0.00 TRACK
62.784	>>> V 0.00 0.00
62.784	S 13022893 -9.49 20.65 0.00 0.00 TRACK
62.807	>>> V 0.00 0.00
62.808	S 13022913 -9.49 20.65 0.00 0.00 TRACK
62.824	>>> V 0.00 0.00
62.827	S 13022933 -9.49 20.65 0.00 0.00 TRACK
62.847	>>> V 0.00 0.00
62.849	S 13022953 -9.49 20.65 0.00 0.00 TRACK
62.872	>>> V 0.00 0.00
62.876	S 13022973 -9.49 20.65 0.00 0.00 TRACK
62.880	S 13022993 -9.49 20.65 0.00 0.00 TRACK
62.891	>>> V 0.00 0.00
62.895	S 13023013 -9.49 20.65 0.00 0.00 TRACK
62.904	>>> V 0.00 0.00
62.923	>>> V 0.00 0.00
62.924	S 13023033 -9.49 20.65 0.00 0.00 TRACK
62.945	>>> V 0.00 0.00
62.946	S 13023053 -9.49 20.65 0.00 0.00 TRACK
62.966	>>> V 0.00 0.00
62.966	S 13023073 -9.49 20.57 0.00 0.00 TRACK
62.985	>>> V 0.00 0.00
62.986	S 13023093 -9.49 20.65 0.00 0.00 TRACK
63.003	>>> V 0.00 0.00
63.004	S 13023113 -9.49 20.65 0.00 0.00 TRACK
63.025	>>> V 0.00 0.00
63.027	S 13023133 -9.49 20.65 0.00 0.00 TRACK
63.044	>>> V 0.00 0.00
63.044	S 13023153 -9.49 20.65 0.00 0.00 TRACK
63.065	>>> V 0.00 0.00
63.068	S 13023173 -9.49 20.65 0.00 0.00 TRACK
63.094	>>> V 0.00 0.00
63.094	S 13023193 -9.49 20.65 0.00 0.00 TRACK
63.096	S 13023213 -9.49 20.65 0.00 0.00 TRACK
63.105	>>> V 0.00 0.00
63.111	S 13023233 -9.49 20.65 0.00 0.00 TRACK
63.131	>>> V 0.00 0.00
63.133	S 13023253 -9.49 20.65 0.00 0.00 TRACK
63.148	>>> V 0.00 0.00
63.167	>>> V 0.00 0.00
63.170	S 13023273 -9.49 20.65 0.00 0.00 TRACK
63.173	S 13023293 -9.49 20.65 0.00 0.00 TRACK
63.184	>>> V 0.00 0.00
63.217	>>> V 0.00 0.00
63.223	S 13023313 -9.49 20.65 0.00 0.00 TRACK
63.227	S 13023333 -9.49 20.65 0.00 0.00 TRACK
63.257	>>> V 0.00 0.00
63.258	S 13023353 -9.49 20.65 0.00 0.00 TRACK
63.269	S 13023373 -9.49 20.65 0.00 0.00 TRACK
63.322	>>> V 0.00 0.00
63.322	S 13023393 -9.49 20.65 0.00 0.00 TRACK
63.327	S 13023413 -9.49 20.65 0.00 0.00 TRACK
63.333	S 13023433 -9.49 20.65 0.00 0.00 TRACK
63.350	>>> V 0.00 0.00
63.351	S 13023453 -9.49 20.65 0.00 0.00 TRACK
63.357	S 13023473 -9.49 20.65 0.00 0.00 TRACK
63.386	>>> V 0.00 0.00
63.387	S 13023493 -9.49 20.65 0.00 0.00 TRACK
63.426	>>> V 0.00 0.00
63.426	S 13023513 -9.49 20.65 0.00 0.00 TRACK
63.434	S 13023533 -9.49 20.65 0.00 0.00 TRACK
63.457	>>> V 0.00 0.00
63.462	S 13023553 -9.49 20.65 0.00 0.00 TRACK
63.471	S 13023573 -9.49 20.65 0.00 0.00 TRACK
63.479	>>> V 0.00 0.00
63.481	S 13023593 -9.49 20.65 0.00 0.00 TRACK
63.497	>>> V 0.00 0.00
63.506	S 13023613 -9.49 20.65 0.00 0.00 TRACK
63.522	>>> V 0.00 0.00
63.524	S 13023633 -9.49 20.65 0.00 0.00 TRACK
63.532	>>> V 0.00 0.00
63.536	S 13023653 -9.49 20.65 0.00 0.00 TRACK
63.551	>>> V 0.00 0.00
63.552	S 13023673 -9.49 20.65 0.00 0.00 TRACK
63.568	>>> V 0.00 0.00
63.597	>>> V 0.00 0.00
63.600	S 13023693 -9.40 20.65 0.00 0.00 TRACK
63.610	S 13023713 -9.49 20.65 0.00 0.00 TRACK
63.625	>>> V 0.00 0.00
63.627	S 13023733 -9.49 20.65 0.00 0.00 TRACK
63.644	>>> V 0.00 0.00
63.645	S 13023753 -9.49 20.65 0.00 0.00 TRACK
63.667	>>> V 0.00 0.00
63.670	S 13023773 -9.49 20.65 0.00 0.00 TRACK
63.686	>>> V 0.00 0.00
63.694	S 13023793 -9.49 20.65 0.00 0.00 TRACK
63.704	S 13023813 -9.49 20.65 0.00 0.00 TRACK
63.708	>>> V 0.00 0.00
63.725	>>> V 0.00 0.00
63.727	S 13023833 -9.49 20.65 0.00 0.00 TRACK
63.744	>>> V 0.00 0.00
63.744	S 13023853 -9.49 20.65 0.00 0.00 TRACK
63.768	>>> V 0.00 0.00
63.770	S 13023873 -9.49 20.65 0.00 0.00 TRACK
63.798	>>> V 0.00 0.00
63.799	S 13023893 -9.40 20.65 0.00 0.00 TRACK
63.803	S 13023913 -9.49 20.65 0.00 0.00 TRACK
63.814	>>> V 0.00 0.00
63.814	S 13023933 -9.49 20.65 0.00 0.00 TRACK
63.824	>>> V 0.00 0.00
63.844	>>> V 0.00 0.00
63.847	S 13023953 -9.49 20.65 0.00 0.00 TRACK
63.865	>>> V 0.00 0.00
63.867	S 13023973 -9.49 20.65 0.00 0.00 TRACK
63.884	>>> V 0.00 0.00
63.885	S 13023993 -9.49 20.65 0.00 0.00 TRACK
63.904	>>> V 0.00 0.00
63.907	S 13024013 -9.49 20.65 0.00 0.00 TRACK
63.923	>>> V 0.00 0.00
63.924	S 13024033 -9.49 20.65 0.00 0.00 TRACK
63.949	>>> V 0.00 0.00
63.949	S 13024053 -9.49 20.65 0.00 0.00 TRACK
63.965	>>> V 0.00 0.00
63.969	S 13024073 -9.49 20.65 0.00 0.00 TRACK
63.986	>>> V 0.00 0.00
63.989	S 13024093 -9.49 20.65 0.00 0.00 TRACK
64.028	>>> V 0.00 0.00
64.028	S 13024113 -9.49 20.65 0.00 0.00 TRACK
64.036	S 13024133 -9.49 20.65 0.00 0.00 TRACK
64.049	>>> V 0.00 0.00
64.050	S 13024153 -9.49 20.65 0.00 0.00 TRACK
64.055	S 13024173 -9.49 20.65 0.00 0.00 TRACK
64.074	>>> V 0.00 0.00
64.078	S 13024193 -9.40 20.65 0.00 0.00 TRACK
64.106	>>> V 0.00 0.00
64.106	S 13024213 -9.49 20.65 0.00 0.00 TRACK
64.128	>>> V 0.00 0.00
64.132	S 13024233 -9.49 20.65 0.00 0.00 TRACK
64.137	S 13024253 -9.49 20.65 0.00 0.00 TRACK
64.154	>>> V 0.00 0.00
64.159	S 13024273 -9.49 20.65 0.00 0.00 TRACK
64.180	>>> V 0.00 0.00
64.180	S 13024293 -9.49 20.65 0.00 0.00 TRACK
64.202	>>> V 0.00 0.00
64.204	S 13024313 -9.49 20.65 0.00 0.00 TRACK
64.224	>>> V 0.00 0.00
64.227	S 13024333 -9.49 20.65 0.00 0.00 TRACK
64.247	>>> V 0.00 0.00
64.248	S 13024353 -9.49 20.65 0.00 0.00 TRACK
64.272	>>> V 0.00 0.00
64.273	S 13024373 -9.49 20.65 0.00 0.00 TRACK
64.283	S 13024393 -9.49 20.65 0.00 0.00 TRACK
64.300	>>> V 0.00 0.00
64.301	S 13024413 -9.49 20.65 0.00 0.00 TRACK
64.327	>>> V 0.00 0.00
64.330	S 13024433 -9.49 20.65 0.00 0.00 TRACK
64.349	>>> V 0.00 0.00
64.352	S 13024453 -9.49 20.65 0.00 0.00 TRACK
64.362	S 13024473 -9.49 20.65 0.00 0.00 TRACK
64.388	>>> V 0.00 0.00
64.395	S 13024493 -9.49 20.65 0.00 0.00 TRACK
64.419	>>> V 0.00 0.00
64.421	S 13024513 -9.40 20.65 0.00 0.00 TRACK
64.427	S 13024533 -9.49 20.65 0.00 0.00 TRACK
64.450	>>> V 0.00 0.00
64.451	S 13024553 -9.49 20.65 0.00 0.00 TRACK
64.453	S 13024573 -9.49 20.65 0.00 0.00 TRACK
64.476	>>> V 0.00 0.00
64.480	S 13024593 -9.49 20.65 0.00 0.00 TRACK
64.498	>>> V 0.00 0.00
64.500	S 13024613 -9.49 20.65 0.00 0.00 TRACK
64.510	>>> V 0.00 0.00
64.510	S 13024633 -9.49 20.65 0.00 0.00 TRACK
64.528	>>> V 0.00 0.00
64.548	>>> V 0.00 0.00
64.549	S 13024653 -9.49 20.65 0.00 0.00 TRACK
64.565	>>> V 0.00 0.00
64.566	S 13024673 -9.49 20.65 0.00 0.00 TRACK
64.586	>>> V 0.00 0.00
64.589	S 13024693 -9.49 20.65 0.00 0.00 TRACK
64.605	>>> V 0.00 0.00
64.607	S 13024713 -9.49 20.65 0.00 0.00 TRACK
64.627	>>> V 0.00 0.00
64.628	S 13024733 -9.49 20.65 0.00 0.00 TRACK
64.647	>>> V 0.00 0.00
64.648	S 13024753 -9.49 20.65 0.00 0.00 TRACK
64.665	>>> V 0.00 0.00
64.666	S 13024773 -9.49 20.65 0.00 0.00 TRACK
64.688	>>> V 0.00 0.00
64.692	S 13024793 -9.49 20.65 0.00 0.00 TRACK
64.697	S 13024813 -9.49 20.65 0.00 0.00 TRACK
64.704	>>> V 0.00 0.00
64.852	>>> V 0.00 0.00
64.856	S 13024833 -9.49 20.65 0.00 0.00 TRACK
64.863	S 13024853 -9.49 20.65 0.00 0.00 TRACK
64.877	S 13024873 -9.49 20.65 0.00 0.00 TRACK
64.879	S 13024893 -9.49 20.65 0.00 0.00 TRACK
64.887	S 13024913 -9.49 20.57 0.00 0.00 TRACK
64.888	S 13024933 -9.49 20.65 0.00 0.00 TRACK
64.895	S 13024953 -9.49 20.65 0.00 0.00 TRACK
64.972	S 13024973 -9.49 20.65 0.00 0.00 TRACK
64.991	>>> V 0.00 0.00
64.995	S 13024993 -9.49 20.65 0.00 0.00 TRACK
64.999	S 13025013 -9.49 20.65 0.00 0.00 TRACK
65.000	S 13025033 -9.49 20.65 0.00 0.00 TRACK
65.010	S 13025053 -9.49 20.65 0.00 0.00 TRACK
65.014	S 13025073 -9.49 20.65 0.00 0.00 TRACK
65.020	S 13025093 -9.49 20.65 0.00 0.00 TRACK
65.021	S 13025113 -9.40 20.65 0.00 0.00 TRACK
65.033	>>> V 0.00 0.00
65.035	S 13025133 -9.49 20.65 0.00 0.00 TRACK
65.037	S 13025153 -9.49 20.65 0.00 0.00 TRACK
65.044	>>> V 0.00 0.00
65.070	>>> V 0.00 0.00
65.072	S 13025173 -9.49 20.65 0.00 0.00 TRACK
65.074	S 13025193 -9.49 20.65 0.00 0.00 TRACK
65.087	>>> V 0.00 0.00
65.090	S 13025213 -9.49 20.65 0.00 0.00 TRACK
65.107	>>> V 0.00 0.00
65.129	>>> V 0.00 0.00
65.129	S 13025233 -9.49 20.65 0.00 0.00 TRACK
65.147	>>> V 0.00 0.00
65.147	S 13025253 -9.49 20.65 0.00 0.00 TRACK
65.165	>>> V 0.00 0.00
65.165	S 13025273 -9.40 20.65 0.00 0.00 TRACK
65.184	>>> V 0.00 0.00
65.187	S 13025293 -9.49 20.65 0.00 0.00 TRACK
65.205	>>> V 0.00 0.00
65.207	S 13025313 -9.49 20.65 0.00 0.00 TRACK
65.225	>>> V 0.00 0.00
65.225	S 13025333 -9.49 20.65 0.00 0.00 TRACK
65.244	>>> V 0.00 0.00
65.244	S 13025353 -9.49 20.65 0.00 0.00 TRACK
65.265	>>> V 0.00 0.00
65.266	S 13025373 -9.49 20.65 0.00 0.00 TRACK
65.285	>>> V 0.00 0.00
65.286	S 13025393 -9.49 20.65 0.00 0.00 TRACK
65.304	>>> V 0.00 0.00
65.304	S 13025413 -9.49 20.65 0.00 0.00 TRACK
65.332	>>> V 0.00 0.00
65.335	S 13025433 -9.49 20.65 0.00 0.00 TRACK
65.338	S 13025453 -9.49 20.65 0.00 0.00 TRACK
65.346	>>> V 0.00 0.00
65.367	>>> V 0.00 0.00
65.370	S 13025473 -9.49 20.65 0.00 0.00 TRACK
65.376	S 13025493 -9.49 20.65 0.00 0.00 TRACK
65.389	>>> V 0.00 0.00
65.391	S 13025513 -9.49 20.65 0.00 0.00 TRACK
65.404	>>> V 0.00 0.00
65.423	>>> V 0.00 0.00
65.427	S 13025533 -9.49 20.65 0.00 0.00 TRACK
65.449	>>> V 0.00 0.00
65.453	S 13025553 -9.49 20.65 0.00 0.00 TRACK
65.455	S 13025573 -9.49 20.65 0.00 0.00 TRACK
65.466	>>> V 0.00 0.00
65.491	>>> V 0.00 0.00
65.493	S 13025593 -9.49 20.65 0.00 0.00 TRACK
65.497	S 13025613 -9.49 20.65 0.00 0.00 TRACK
65.510	>>> V 0.00 0.00
65.510	S 13025633 -9.49 20.65 0.00 0.00 TRACK
65.527	>>> V 0.00 0.00
65.533	S 13025653 -9.49 20.65 0.00 0.00 TRACK
65.546	>>> V 0.00 0.00
65.568	>>> V 0.00 0.00
65.571	S 13025673 -9.49 20.65 0.00 0.00 TRACK
65.580	S 13025693 -9.49 20.65 0.00 0.00 TRACK
65.587	>>> V 0.00 0.00
65.594	S 13025713 -9.49 20.65 0.00 0.00 TRACK
65.616	>>> V 0.00 0.00
65.619	S 13025733 -9.40 20.65 0.00 0.00 TRACK
65.627	>>> V 0.00 0.00
65.644	>>> V 0.00 0.00
65.647	S 13025753 -9.49 20.65 0.00 0.00 TRACK
65.664	>>> V 0.00 0.00
65.667	S 13025773 -9.49 20.65 0.00 0.00 TRACK
65.688	>>> V 0.00 0.00
65.690	S 13025793 -9.49 20.65 0.00 0.00 TRACK
65.705	>>> V 0.00 0.00
65.710	S 13025813 -9.49 20.65 0.00 0.00 TRACK
65.712	S 13025833 -9.49 20.65 0.00 0.00 TRACK
65.726	>>> V 0.00 0.00
65.750	>>> V 0.00 0.00
65.752	S 13025853 -9.49 20.65 0.00 0.00 TRACK
65.755	S 13025873 -9.40 20.65 0.00 0.00 TRACK
65.776	>>> V 0.00 0.00
65.776	S 13025893 -9.49 20.65 0.00 0.00 TRACK
65.787	>>> V 0.00 0.00
65.803	>>> V 0.00 0.00
65.806	S 13025913 -9.49 20.65 0.00 0.00 TRACK
65.826	>>> V 0.00 0.00
65.827	S 13025933 -9.49 20.65 0.00 0.00 TRACK
65.844	>>> V 0.00 0.00
65.845	S 13025953 -9.49 20.65 0.00 0.00 TRACK
65.868	>>> V 0.00 0.00
65.870	S 13025973 -9.49 20.65 0.00 0.00 TRACK
65.885	>>> V 0.00 0.00
65.889	S 13025993 -9.49 20.65 0.00 0.00 TRACK
65.916	>>> V 0.00 0.00
65.919	S 13026013 -9.49 20.65 0.00 0.00 TRACK
65.926	S 13026033 -9.49 20.65 0.00 0.00 TRACK
65.942	>>> V 0.00 0.00
65.946	S 13026053 -9.49 20.65 0.00 0.00 TRACK
65.953	>>> V 0.00 0.00
65.953	S 13026073 -9.49 20.65 0.00 0.00 TRACK
65.970	>>> V 0.00 0.00
65.970	S 13026093 -9.49 20.65 0.00 0.00 TRACK
65.984	>>> V 0.00 0.00
66.003	>>> V 0.00 0.00
66.006	S 13026113 -9.49 20.65 0.00 0.00 TRACK
66.024	>>> V 0.00 0.00
66.028	S 13026133 -9.49 20.65 0.00 0.00 TRACK
66.045	>>> V 0.00 0.00
66.046	S 13026153 -9.49 20.65 0.00 0.00 TRACK
66.065	>>> V 0.00 0.00
66.073	S 13026173 -9.49 20.65 0.00 0.00 TRACK
66.082	S 13026193 -9.49 20.65 0.00 0.00 TRACK
66.098	>>> V 0.00 0.00
66.101	S 13026213 -9.49 20.65 0.00 0.00 TRACK
66.113	>>> V 0.00 0.00
66.120	S 13026233 -9.49 20.65 0.00 0.00 TRACK
66.147	>>> V 0.00 0.00
66.149	S 13026253 -9.49 20.65 0.00 0.00 TRACK
66.168	>>> V 0.00 0.00
66.179	S 13026273 -9.49 20.65 0.00 0.00 TRACK
66.191	S 13026293 -9.49 20.65 0.00 0.00 TRACK
66.211	>>> V 0.00 0.00
66.217	S 13026313 -9.49 20.65 0.00 0.00 TRACK
66.219	S 13026333 -9.49 20.65 0.00 0.00 TRACK
66.233	>>> V 0.00 0.00
66.237	S 13026353 -9.49 20.65 0.00 0.00 TRACK
66.254	>>> V 0.00 0.00
66.258	S 13026373 -9.49 20.65 0.00 0.00 TRACK
66.272	>>> V 0.00 0.00
66.273	S 13026393 -9.49 20.65 0.00 0.00 TRACK
66.290	>>> V 0.00 0.00
66.300	S 13026413 -9.49 20.65 0.00 0.00 TRACK
66.325	>>> V 0.00 0.00
66.338	S 13026433 -9.49 20.65 0.00 0.00 TRACK
66.355	S 13026453 -9.49 20.65 0.00 0.00 TRACK
66.379	>>> V 0.00 0.00
66.427	S 13026473 -9.49 20.65 0.00 0.00 TRACK
66.434	S 13026493 -9.49 20.65 0.00 0.00 TRACK
66.435	S 13026513 -9.49 20.65 0.00 0.00 TRACK
66.490	S 13026533 -9.49 20.65 0.00 0.00 TRACK
66.498	>>> V 0.00 0.00
66.501	S 13026553 -9.49 20.65 0.00 0.00 TRACK
66.504	S 13026573 -9.49 20.65 0.00 0.00 TRACK
66.508	S 13026593 -9.49 20.65 0.00 0.00 TRACK
66.511	S 13026613 -9.49 20.65 0.00 0.00 TRACK
66.519	>>> V 0.00 0.00
66.521	S 13026633 -9.49 20.65 0.00 0.00 TRACK
66.533	>>> V 0.00 0.00
66.533	S 13026653 -9.49 20.65 0.00 0.00 TRACK
66.546	>>> V 0.00 0.00
66.572	>>> V 0.00 0.00
66.578	S 13026673 -9.49 20.65 0.00 0.00 TRACK
66.579	S 13026693 -9.49 20.65 0.00 0.00 TRACK
66.607	>>> V 0.00 0.00
66.609	S 13026713 -9.49 20.65 0.00 0.00 TRACK
66.620	>>> V 0.00 0.00
66.620	S 13026733 -9.49 20.65 0.00 0.00 TRACK
66.627	>>> V 0.00 0.00
66.648	>>> V 0.00 0.00
66.648	S 13026753 -9.49 20.65 0.00 0.00 TRACK
66.678	>>> V 0.00 0.00
66.679	S 13026773 -9.40 20.65 0.00 0.00 TRACK
66.682	S 13026793 -9.49 20.65 0.00 0.00 TRACK
66.690	>>> V 0.00 0.00
66.692	S 13026813 -9.49 20.65 0.00 0.00 TRACK
66.708	>>> V 0.00 0.00
66.711	S 13026833 -9.49 20.65 0.00 0.00 TRACK
66.732	>>> V 0.00 0.00
66.732	S 13026853 -9.49 20.65 0.00 0.00 TRACK
66.744	>>> V 0.00 0.00
66.765	>>> V 0.00 0.00
66.769	S 13026873 -9.49 20.65 0.00 0.00 TRACK
66.785	>>> V 0.00 0.00
66.788	S 13026893 -9.49 20.65 0.00 0.00 TRACK
66.804	>>> V 0.00 0.00
66.805	S 13026913 -9.49 20.65 0.00 0.00 TRACK
66.824	>>> V 0.00 0.00
66.825	S 13026933 -9.49 20.65 0.00 0.00 TRACK
66.855	>>> V 0.00 0.00
66.856	S 13026953 -9.49 20.65 0.00 0.00 TRACK
66.858	S 13026973 -9.49 20.65 0.00 0.00 TRACK
66.872	>>> V 0.00 0.00
66.875	S 13026993 -9.49 20.65 0.00 0.00 TRACK
66.907	>>> V 0.00 0.00
66.912	S 13027013 -9.40 20.65 0.00 0.00 TRACK
66.932	S 13027033 -9.49 20.57 0.00 0.00 TRACK
66.977	>>> V 0.00 0.00
66.978	S 13027053 -9.49 20.65 0.00 0.00 TRACK
66.994	S 13027073 -9.49 20.65 0.00 0.00 TRACK
66.995	S 13027093 -9.49 20.65 0.00 0.00 TRACK
67.028	>>> V 0.00 0.00
67.029	S 13027113 -9.49 20.65 0.00 0.00 TRACK
67.043	S 13027133 -9.49 20.65 0.00 0.00 TRACK
67.067	>>> V 0.00 0.00
67.069	S 13027153 -9.49 20.65 0.00 0.00 TRACK
67.076	S 13027173 -9.49 20.65 0.00 0.00 TRACK
67.095	>>> V 0.00 0.00
67.109	S 13027193 -9.49 20.65 0.00 0.00 TRACK
67.110	S 13027213 -9.49 20.65 0.00 0.00 TRACK
67.126	>>> V 0.00 0.00
67.127	S 13027233 -9.49 20.65 0.00 0.00 TRACK
67.143	>>> V 0.00 0.00
67.145	S 13027253 -9.49 20.65 0.00 0.00 TRACK
67.158	>>> V 0.00 0.00
67.161	S 13027273 -9.49 20.65 0.00 0.00 TRACK
67.178	>>> V 0.00 0.00
67.183	S 13027293 -9.49 20.65 0.00 0.00 TRACK
67.196	>>> V 0.00 0.00
67.196	S 13027313 -9.49 20.65 0.00 0.00 TRACK
67.207	>>> V 0.00 0.00
67.232	>>> V 0.00 0.00
67.236	S 13027333 -9.49 20.65 0.00 0.00 TRACK
67.240	S 13027353 -9.49 20.65 0.00 0.00 TRACK
67.255	>>> V 0.00 0.00
67.259	S 13027373 -9.49 20.65 0.00 0.00 TRACK
67.270	>>> V 0.00 0.00
67.274	S 13027393 -9.49 20.65 0.00 0.00 TRACK
67.286	>>> V 0.00 0.00
67.309	>>> V 0.00 0.00
67.311	S 13027413 -9.49 20.65 0.00 0.00 TRACK
67.313	S 13027433 -9.49 20.65 0.00 0.00 TRACK
67.329	>>> V 0.00 0.00
67.349	>>> V 0.00 0.00
67.351	S 13027453 -9.49 20.65 0.00 0.00 TRACK
67.355	S 13027473 -9.49 20.65 0.00 0.00 TRACK
67.370	>>> V 0.00 0.00
67.373	S 13027493 -9.49 20.65 0.00 0.00 TRACK
67.388	>>> V 0.00 0.00
67.410	>>> V 0.00 0.00
67.417	S 13027513 -9.49 20.65 0.00 0.00 TRACK
67.419	S 13027533 -9.49 20.65 0.00 0.00 TRACK
67.436	>>> V 0.00 0.00
67.439	S 13027553 -9.49 20.65 0.00 0.00 TRACK
67.453	>>> V 0.00 0.00
67.455	S 13027573 -9.49 20.65 0.00 0.00 TRACK
67.478	>>> V 0.00 0.00
67.478	S 13027593 -9.49 20.65 0.00 0.00 TRACK
67.500	>>> V 0.00 0.00
67.501	S 13027613 -9.49 20.65 0.00 0.00 TRACK
67.509	>>> V 0.00 0.00
67.513	S 13027633 -9.49 20.65 0.00 0.00 TRACK
67.543	>>> V 0.00 0.00
67.546	S 13027653 -9.49 20.65 0.00 0.00 TRACK
67.552	>>> V 0.00 0.00
67.555	S 13027673 -9.49 20.65 0.00 0.00 TRACK
67.586	>>> V 0.00 0.00
67.588	S 13027693 -9.49 20.65 0.00 0.00 TRACK
67.611	>>> V 0.00 0.00
67.613	S 13027713 -9.49 20.65 0.00 0.00 TRACK
67.622	S 13027733 -9.49 20.65 0.00 0.00 TRACK
67.638	>>> V 0.00 0.00
67.644	S 13027753 -9.49 20.65 0.00 0.00 TRACK
67.662	>>> V 0.00 0.00
67.666	S 13027773 -9.49 20.65 0.00 0.00 TRACK
67.686	>>> V 0.00 0.00
67.687	S 13027793 -9.49 20.65 0.00 0.00 TRACK
67.711	>>> V 0.00 0.00
67.716	S 13027813 -9.49 20.65 0.00 0.00 TRACK
67.725	S 13027833 -9.49 20.65 0.00 0.00 TRACK
67.741	>>> V 0.00 0.00
67.742	S 13027853 -9.49 20.65 0.00 0.00 TRACK
67.758	>>> V 0.00 0.00
67.761	S 13027873 -9.49 20.65 0.00 0.00 TRACK
67.781	>>> V 0.00 0.00
67.790	S 13027893 -9.49 20.65 0.00 0.00 TRACK
67.792	S 13027913 -9.49 20.65 0.00 0.00 TRACK
67.820	>>> V 0.00 0.00
67.823	S 13027933 -9.49 20.65 0.00 0.00 TRACK
67.850	>>> V 0.00 0.00
67.851	S 13027953 -9.49 20.65 0.00 0.00 TRACK
67.862	S 13027973 -9.49 20.65 0.00 0.00 TRACK
67.891	>>> V 0.00 0.00
67.893	S 13027993 -9.49 20.65 0.00 0.00 TRACK
67.895	S 13028013 -9.49 20.65 0.00 0.00 TRACK
67.928	>>> V 0.00 0.00
67.931	S 13028033 -9.49 20.65 0.00 0.00 TRACK
67.944	S 13028053 -9.49 20.65 0.00 0.00 TRACK
67.972	>>> V 0.00 0.00
67.975	S 13028073 -9.49 20.65 0.00 0.00 TRACK
67.981	S 13028093 -9.49 20.65 0.00 0.00 TRACK
68.000	>>> V 0.00 0.00
68.010	S 13028113 -9.49 20.65 0.00 0.00 TRACK
68.012	S 13028133 -9.49 20.65 0.00 0.00 TRACK
68.044	>>> V 0.00 0.00
68.049	S 13028153 -9.49 20.65 0.00 0.00 TRACK
68.067	>>> V 0.00 0.00
68.078	S 13028173 -9.49 20.65 0.00 0.00 TRACK
68.079	S 13028193 -9.49 20.65 0.00 0.00 TRACK
68.124	>>> V 0.00 0.00
68.130	S 13028213 -9.49 20.65 0.00 0.00 TRACK
68.138	S 13028233 -9.49 20.65 0.00 0.00 TRACK
68.168	>>> V 0.00 0.00
68.172	S 13028253 -9.49 20.65 0.00 0.00 TRACK
68.177	S 13028273 -9.49 20.65 0.00 0.00 TRACK
68.189	S 13028293 -9.49 20.65 0.00 0.00 TRACK
68.208	>>> V 0.00 0.00
68.208	S 13028313 -9.49 20.65 0.00 0.00 TRACK
68.243	>>> V 0.00 0.00
68.246	S 13028333 -9.49 20.65 0.00 0.00 TRACK
68.261	S 13028353 -9.49 20.65 0.00 0.00 TRACK
68.274	>>> V 0.00 0.00
68.277	S 13028373 -9.49 20.65 0.00 0.00 TRACK
68.287	S 13028393 -9.49 20.65 0.00 0.00 TRACK
68.312	>>> V 0.00 0.00
68.317	S 13028413 -9.49 20.65 0.00 0.00 TRACK
68.321	S 13028433 -9.49 20.65 0.00 0.00 TRACK
68.358	>>> V 0.00 0.00
68.364	S 13028453 -9.49 20.65 0.00 0.00 TRACK
68.381	S 13028473 -9.49 20.65 0.00 0.00 TRACK
68.414	>>> V 0.00 0.00
68.414	S 13028493 -9.49 20.65 0.00 0.00 TRACK
68.416	S 13028513 -9.49 20.65 0.00 0.00 TRACK
68.418	S 13028533 -9.49 20.65 0.00 0.00 TRACK
68.432	>>> V 0.00 0.00
68.433	S 13028553 -9.49 20.65 0.00 0.00 TRACK
68.444	>>> V 0.00 0.00
68.466	>>> V 0.00 0.00
68.467	S 13028573 -9.49 20.65 0.00 0.00 TRACK
68.494	>>> V 0.00 0.00
68.494	S 13028593 -9.49 20.65 0.00 0.00 TRACK
68.496	S 13028613 -9.49 20.65 0.00 0.00 TRACK
68.512	>>> V 0.00 0.00
68.514	S 13028633 -9.49 20.65 0.00 0.00 TRACK
68.535	>>> V 0.00 0.00
68.538	S 13028653 -9.49 20.65 0.00 0.00 TRACK
68.551	>>> V 0.00 0.00
68.555	S 13028673 -9.49 20.65 0.00 0.00 TRACK
68.571	>>> V 0.00 0.00
68.573	S 13028693 -9.49 20.65 0.00 0.00 TRACK
68.583	>>> V 0.00 0.00
68.608	>>> V 0.00 0.00
68.608	S 13028713 -9.49 20.57 0.00 0.00 TRACK
68.627	>>> V 0.00 0.00
68.628	S 13028733 -9.49 20.65 0.00 0.00 TRACK
68.648	>>> V 0.00 0.00
68.649	S 13028753 -9.49 20.65 0.00 0.00 TRACK
68.665	>>> V 0.00 0.00
68.667	S 13028773 -9.49 20.65 0.00 0.00 TRACK
68.691	>>> V 0.00 0.00
68.691	S 13028793 -9.49 20.65 0.00 0.00 TRACK
68.693	S 13028813 -9.49 20.65 0.00 0.00 TRACK
68.705	>>> V 0.00 0.00
68.724	>>> V 0.00 0.00
68.725	S 13028833 -9.40 20.57 0.00 0.00 TRACK
68.748	>>> V 0.00 0.00
68.749	S 13028853 -9.49 20.65 0.00 0.00 TRACK
68.770	>>> V 0.00 0.00
68.770	S 13028873 -9.49 20.65 0.00 0.00 TRACK
68.776	S 13028893 -9.49 20.65 0.00 0.00 TRACK
68.784	>>> V 0.00 0.00
68.804	>>> V 0.00 0.00
68.806	S 13028913 -9.40 20.65 0.00 0.00 TRACK
68.824	>>> V 0.00 0.00
68.825	S 13028933 -9.49 20.65 0.00 0.00 TRACK
68.843	>>> V 0.00 0.00
68.845	S 13028953 -9.49 20.65 0.00 0.00 TRACK
68.864	>>> V 0.00 0.00
68.867	S 13028973 -9.49 20.57 0.00 0.00 TRACK
68.885	>>> V 0.00 0.00
68.887	S 13028993 -9.49 20.65 0.00 0.00 TRACK
68.909	>>> V 0.00 0.00
68.910	S 13029013 -9.40 20.65 0.00 0.00 TRACK
68.924	>>> V 0.00 0.00
68.926	S 13029033 -9.49 20.65 0.00 0.00 TRACK
68.945	>>> V 0.00 0.00
68.949	S 13029053 -9.49 20.65 0.00 0.00 TRACK
68.964	>>> V 0.00 0.00
68.964	S 13029073 -9.49 20.65 0.00 0.00 TRACK
68.985	>>> V 0.00 0.00
68.985	S 13029093 -9.49 20.65 0.00 0.00 TRACK
69.004	>>> V 0.00 0.00
69.007	S 13029113 -9.49 20.65 0.00 0.00 TRACK
69.025	>>> V 0.00 0.00
69.026	S 13029133 -9.49 20.65 0.00 0.00 TRACK
69.044	>>> V 0.00 0.00
69.046	S 13029153 -9.49 20.65 0.00 0.00 TRACK
69.067	>>> V 0.00 0.00
69.067	S 13029173 -9.49 20.65 0.00 0.00 TRACK
69.089	>>> V 0.00 0.00
69.092	S 13029193 -9.49 20.65 0.00 0.00 TRACK
69.094	S 13029213 -9.49 20.65 0.00 0.00 TRACK
69.111	>>> V 0.00 0.00
69.120	S 13029233 -9.49 20.65 0.00 0.00 TRACK
69.126	>>> V 0.00 0.00
69.149	>>> V 0.00 0.00
69.153	S 13029253 -9.49 20.65 0.00 0.00 TRACK
69.157	S 13029273 -9.49 20.65 0.00 0.00 TRACK
69.175	>>> V 0.00 0.00
69.177	S 13029293 -9.49 20.65 0.00 0.00 TRACK
69.191	>>> V 0.00 0.00
69.192	S 13029313 -9.49 20.65 0.00 0.00 TRACK
69.205	>>> V 0.00 0.00
69.224	>>> V 0.00 0.00
69.226	S 13029333 -9.49 20.65 0.00 0.00 TRACK
69.243	>>> V 0.00 0.00
69.249	S 13029353 -9.49 20.65 0.00 0.00 TRACK
69.263	>>> V 0.00 0.00
69.266	S 13029373 -9.49 20.65 0.00 0.00 TRACK
69.285	>>> V 0.00 0.00
69.291	S 13029393 -9.49 20.65 0.00 0.00 TRACK
69.293	S 13029413 -9.40 20.65 0.00 0.00 TRACK
69.309	>>> V 0.00 0.00
69.310	S 13029433 -9.49 20.65 0.00 0.00 TRACK
69.326	>>> V 0.00 0.00
69.345	>>> V 0.00 0.00
69.349	S 13029453 -9.49 20.65 0.00 0.00 TRACK
69.370	>>> V 0.00 0.00
69.370	S 13029473 -9.49 20.65 0.00 0.00 TRACK
69.372	S 13029493 -9.49 20.65 0.00 0.00 TRACK
69.384	>>> V 0.00 0.00
69.404	>>> V 0.00 0.00
69.405	S 13029513 -9.49 20.65 0.00 0.00 TRACK
69.424	>>> V 0.00 0.00
69.428	S 13029533 -9.49 20.65 0.00 0.00 TRACK
69.446	>>> V 0.00 0.00
69.448	S 13029553 -9.40 20.65 0.00 0.00 TRACK
69.468	>>> V 0.00 0.00
69.468	S 13029573 -9.49 20.65 0.00 0.00 TRACK
69.483	>>> V 0.00 0.00
69.485	S 13029593 -9.49 20.65 0.00 0.00 TRACK
69.504	>>> V 0.00 0.00
69.505	S 13029613 -9.49 20.65 0.00 0.00 TRACK
69.524	>>> V 0.00 0.00
69.524	S 13029633 -9.49 20.65 0.00 0.00 TRACK
69.543	>>> V 0.00 0.00
69.544	S 13029653 -9.49 20.65 0.00 0.00 TRACK
69.579	>>> V 0.00 0.00
69.579	S 13029673 -9.49 20.65 0.00 0.00 TRACK
69.581	S 13029693 -9.49 20.65 0.00 0.00 TRACK
69.594	>>> V 0.00 0.00
69.595	S 13029714 -9.49 20.65 0.00 0.00 TRACK
69.606	>>> V 0.00 0.00
69.624	>>> V 0.00 0.00
69.625	S 13029734 -9.49 20.65 0.00 0.00 TRACK
69.644	>>> V 0.00 0.00
69.646	S 13029754 -9.49 20.65 0.00 0.00 TRACK
69.667	>>> V 0.00 0.00
69.668	S 13029774 -9.49 20.65 0.00 0.00 TRACK
69.694	>>> V 0.00 0.00
69.701	S 13029794 -9.49 20.65 0.00 0.00 TRACK
69.707	S 13029814 -9.49 20.65 0.00 0.00 TRACK
69.725	>>> V 0.00 0.00
69.727	S 13029834 -9.40 20.65 0.00 0.00 TRACK
69.742	>>> V 0.00 0.00
69.742	S 13029854 -9.49 20.65 0.00 0.00 TRACK
69.764	>>> V 0.00 0.00
69.765	S 13029874 -9.49 20.65 0.00 0.00 TRACK
69.777	>>> V 0.00 0.00
69.778	S 13029894 -9.49 20.65 0.00 0.00 TRACK
69.784	>>> V 0.00 0.00
69.805	>>> V 0.00 0.00
69.805	S 13029914 -9.40 20.65 0.00 0.00 TRACK
69.832	>>> V 0.00 0.00
69.832	S 13029934 -9.49 20.65 0.00 0.00 TRACK
69.835	S 13029954 -9.49 20.65 0.00 0.00 TRACK
69.845	>>> V 0.00 0.00
69.864	>>> V 0.00 0.00
69.865	S 13029974 -9.49 20.65 0.00 0.00 TRACK
69.885	>>> V 0.00 0.00
69.885	S 13029994 -9.49 20.65 0.00 0.00 TRACK
69.905	>>> V 0.00 0.00
69.906	S 13030014 -9.49 20.65 0.00 0.00 TRACK
69.929	>>> V 0.00 0.00
69.929	S 13030034 -9.49 20.65 0.00 0.00 TRACK
69.954	>>> V 0.00 0.00
69.954	S 13030054 -9.49 20.65 0.00 0.00 TRACK
69.959	S 13030074 -9.49 20.65 0.00 0.00 TRACK
69.967	>>> V 0.00 0.00
69.986	>>> V 0.00 0.00
69.988	S 13030094 -9.49 20.65 0.00 0.00 TRACK
70.006	>>> V 0.00 0.00
70.006	S 13030114 -9.49 20.65 0.00 0.00 TRACK
70.025	>>> V 0.00 0.00
70.030	S 13030134 -9.49 20.65 0.00 0.00 TRACK
70.045	>>> V 0.00 0.00
70.046	S 13030154 -9.49 20.65 0.00 0.00 TRACK
70.075	>>> V 0.00 0.00
70.079	S 13030174 -9.49 20.65 0.00 0.00 TRACK
70.083	S 13030194 -9.49 20.65 0.00 0.00 TRACK
70.091	>>> V 0.00 0.00
70.096	S 13030214 -9.49 20.65 0.00 0.00 TRACK
70.117	>>> V 0.00 0.00
70.119	S 13030234 -9.49 20.65 0.00 0.00 TRACK
70.138	>>> V 0.00 0.00
70.139	S 13030254 -9.49 20.65 0.00 0.00 TRACK
70.162	>>> V 0.00 0.00
70.168	S 13030274 -9.49 20.65 0.00 0.00 TRACK
70.180	>>> V 0.00 0.00
70.182	S 13030294 -9.49 20.65 0.00 0.00 TRACK
70.199	>>> V 0.00 0.00
70.201	S 13030314 -9.40 20.65 0.00 0.00 TRACK
70.219	>>> V 0.00 0.00
70.223	S 13030334 -9.49 20.65 0.00 0.00 TRACK
70.236	>>> V 0.00 0.00
70.239	S 13030354 -9.49 20.65 0.00 0.00 TRACK
70.253	>>> V 0.00 0.00
70.254	S 13030374 -9.49 20.65 0.00 0.00 TRACK
70.273	>>> V 0.00 0.00
70.281	S 13030394 -9.49 20.65 0.00 0.00 TRACK
70.294	>>> V 0.00 0.00
70.295	S 13030414 -9.49 20.65 0.00 0.00 TRACK
70.317	>>> V 0.00 0.00
70.319	S 13030434 -9.40 20.65 0.00 0.00 TRACK
70.329	>>> V 0.00 0.00
70.336	S 13030454 -9.49 20.65 0.00 0.00 TRACK
70.353	>>> V 0.00 0.00
70.354	S 13030474 -9.49 20.65 0.00 0.00 TRACK
70.365	>>> V 0.00 0.00
70.388	>>> V 0.00 0.00
70.392	S 13030494 -9.49 20.65 0.00 0.00 TRACK
70.393	S 13030514 -9.49 20.65 0.00 0.00 TRACK
70.405	>>> V 0.00 0.00
70.426	>>> V 0.00 0.00
70.430	S 13030534 -9.49 20.65 0.00 0.00 TRACK
70.445	>>> V 0.00 0.00
70.446	S 13030554 -9.49 20.65 0.00 0.00 TRACK
70.467	>>> V 0.00 0.00
70.472	S 13030574 -9.49 20.65 0.00 0.00 TRACK
70.479	S 13030594 -9.49 20.65 0.00 0.00 TRACK
70.484	>>> V 0.00 0.00
70.513	>>> V 0.00 0.00
70.516	S 13030614 -9.49 20.65 0.00 0.00 TRACK
70.518	S 13030634 -9.49 20.65 0.00 0.00 TRACK
70.531	>>> V 0.00 0.00
70.534	S 13030654 -9.49 20.65 0.00 0.00 TRACK
70.549	>>> V 0.00 0.00
70.551	S 13030674 -9.49 20.65 0.00 0.00 TRACK
70.566	>>> V 0.00 0.00
70.589	>>> V 0.00 0.00
70.590	S 13030694 -9.49 20.65 0.00 0.00 TRACK
70.604	>>> V 0.00 0.00
70.606	S 13030714 -9.49 20.65 0.00 0.00 TRACK
70.638	>>> V 0.00 0.00
70.638	S 13030734 -9.49 20.65 0.00 0.00 TRACK
70.641	S 13030754 -9.49 20.65 0.00 0.00 TRACK
70.645	>>> V 0.00 0.00
70.720	>>> V 0.00 0.00
70.721	S 13030774 -9.49 20.65 0.00 0.00 TRACK
70.723	S 13030794 -9.49 20.65 0.00 0.00 TRACK
70.728	S 13030814 -9.49 20.65 0.00 0.00 TRACK
70.729	S 13030834 -9.49 20.65 0.00 0.00 TRACK
70.747	>>> V 0.00 0.00
70.749	S 13030854 -9.49 20.65 0.00 0.00 TRACK
70.765	>>> V 0.00 0.00
70.769	S 13030874 -9.49 20.65 0.00 0.00 TRACK
70.792	>>> V 0.00 0.00
70.793	S 13030894 -9.49 20.65 0.00 0.00 TRACK
70.794	S 13030914 -9.49 20.65 0.00 0.00 TRACK
70.814	>>> V 0.00 0.00
70.817	S 13030934 -9.49 20.65 0.00 0.00 TRACK
70.840	>>> V 0.00 0.00
70.843	S 13030954 -9.49 20.65 0.00 0.00 TRACK
70.863	>>> V 0.00 0.00
70.864	S 13030974 -9.49 20.65 0.00 0.00 TRACK
70.881	>>> V 0.00 0.00
70.882	S 13030994 -9.49 20.65 0.00 0.00 TRACK
70.890	>>> V 0.00 0.00
70.892	S 13031014 -9.49 20.65 0.00 0.00 TRACK
70.905	>>> V 0.00 0.00
70.946	>>> V 0.00 0.00
70.947	S 13031034 -9.49 20.65 0.00 0.00 TRACK
70.959	S 13031054 -9.49 20.65 0.00 0.00 TRACK
70.978	>>> V 0.00 0.00
70.982	S 13031074 -9.49 20.57 0.00 0.00 TRACK
70.994	S 13031094 -9.49 20.65 0.00 0.00 TRACK
71.026	>>> V 0.00 0.00
71.043	S 13031114 -9.49 20.65 0.00 0.00 TRACK
71.066	S 13031134 -9.49 20.65 0.00 0.00 TRACK
71.083	S 13031154 -9.49 20.57 0.00 0.00 TRACK
71.112	>>> V 0.00 0.00
71.114	S 13031174 -9.49 20.65 0.00 0.00 TRACK
71.123	S 13031194 -9.49 20.65 0.00 0.00 TRACK
71.137	S 13031214 -9.49 20.65 0.00 0.00 TRACK
71.148	S 13031234 -9.49 20.65 0.00 0.00 TRACK
71.169	>>> V 0.00 0.00
71.171	S 13031254 -9.49 20.65 0.00 0.00 TRACK
71.173	S 13031274 -9.49 20.65 0.00 0.00 TRACK
71.185	>>> V 0.00 0.00
71.186	S 13031294 -9.49 20.65 0.00 0.00 TRACK
71.205	>>> V 0.00 0.00
71.206	S 13031314 -9.49 20.65 0.00 0.00 TRACK
71.224	>>> V 0.00 0.00
71.225	S 13031334 -9.49 20.65 0.00 0.00 TRACK
71.244	>>> V 0.00 0.00
71.245	S 13031354 -9.40 20.65 0.00 0.00 TRACK
71.263	>>> V 0.00 0.00
71.265	S 13031374 -9.49 20.65 0.00 0.00 TRACK
71.285	>>> V 0.00 0.00
71.287	S 13031394 -9.49 20.65 0.00 0.00 TRACK
71.308	>>> V 0.00 0.00
71.311	S 13031414 -9.49 20.65 0.00 0.00 TRACK
71.324	>>> V 0.00 0.00
71.324	S 13031434 -9.49 20.65 0.00 0.00 TRACK
71.344	>>> V 0.00 0.00
71.345	S 13031454 -9.49 20.65 0.00 0.00 TRACK
71.364	>>> V 0.00 0.00
71.365	S 13031474 -9.49 20.65 0.00 0.00 TRACK
71.384	>>> V 0.00 0.00
71.385	S 13031494 -9.49 20.65 0.00 0.00 TRACK
71.408	>>> V 0.00 0.00
71.410	S 13031514 -9.49 20.65 0.00 0.00 TRACK
71.424	>>> V 0.00 0.00
71.425	S 13031534 -9.49 20.65 0.00 0.00 TRACK
71.444	>>> V 0.00 0.00
71.446	S 13031554 -9.49 20.65 0.00 0.00 TRACK
71.464	>>> V 0.00 0.00
71.468	S 13031574 -9.49 20.65 0.00 0.00 TRACK
71.489	>>> V 0.00 0.00
71.490	S 13031594 -9.49 20.65 0.00 0.00 TRACK
71.514	>>> V 0.00 0.00
71.515	S 13031614 -9.49 20.65 0.00 0.00 TRACK
71.519	S 13031634 -9.49 20.65 0.00 0.00 TRACK
71.527	>>> V 0.00 0.00
71.548	>>> V 0.00 0.00
71.551	S 13031654 -9.49 20.57 0.00 0.00 TRACK
71.556	S 13031674 -9.49 20.65 0.00 0.00 TRACK
71.567	>>> V 0.00 0.00
71.591	>>> V 0.00 0.00
71.593	S 13031694 -9.49 20.65 0.00 0.00 TRACK
71.597	S 13031714 -9.40 20.65 0.00 0.00 TRACK
71.605	>>> V 0.00 0.00
71.631	>>> V 0.00 0.00
71.634	S 13031734 -9.49 20.65 0.00 0.00 TRACK
71.639	S 13031754 -9.49 20.65 0.00 0.00 TRACK
71.659	>>> V 0.00 0.00
71.660	S 13031774 -9.49 20.65 0.00 0.00 TRACK
71.675	>>> V 0.00 0.00
71.678	S 13031794 -9.49 20.65 0.00 0.00 TRACK
71.694	>>> V 0.00 0.00
71.710	S 13031814 -9.49 20.65 0.00 0.00 TRACK
71.723	>>> V 0.00 0.00
71.725	S 13031834 -9.49 20.65 0.00 0.00 TRACK
71.733	>>> V 0.00 0.00
71.738	S 13031854 -9.49 20.65 0.00 0.00 TRACK
71.747	>>> V 0.00 0.00
71.764	>>> V 0.00 0.00
71.769	S 13031874 -9.49 20.65 0.00 0.00 TRACK
71.788	>>> V 0.00 0.00
71.794	S 13031894 -9.49 20.65 0.00 0.00 TRACK
71.795	S 13031914 -9.49 20.65 0.00 0.00 TRACK
71.820	>>> V 0.00 0.00
71.821	S 13031934 -9.49 20.65 0.00 0.00 TRACK
71.829	>>> V 0.00 0.00
71.834	S 13031954 -9.49 20.65 0.00 0.00 TRACK
71.854	>>> V 0.00 0.00
71.859	S 13031974 -9.49 20.65 0.00 0.00 TRACK
71.884	>>> V 0.00 0.00
71.885	S 13031994 -9.49 20.65 0.00 0.00 TRACK
71.917	>>> V 0.00 0.00
71.919	S 13032014 -9.49 20.65 0.00 0.00 TRACK
71.921	S 13032034 -9.49 20.65 0.00 0.00 TRACK
71.957	>>> V 0.00 0.00
71.960	S 13032054 -9.49 20.65 0.00 0.00 TRACK
71.973	S 13032074 -9.40 20.65 0.00 0.00 TRACK
71.981	>>> V 0.00 0.00
71.987	S 13032094 -9.49 20.65 0.00 0.00 TRACK
72.006	>>> V 0.00 0.00
72.009	S 13032114 -9.49 20.65 0.00 0.00 TRACK
72.025	>>> V 0.00 0.00
72.035	S 13032134 -9.40 20.65 0.00 0.00 TRACK
72.042	S 13032154 -9.49 20.65 0.00 0.00 TRACK
72.058	>>> V 0.00 0.00
72.065	S 13032174 -9.40 20.65 0.00 0.00 TRACK
72.091	>>> V 0.00 0.00
72.092	S 13032194 -9.49 20.65 0.00 0.00 TRACK
72.094	S 13032214 -9.49 20.65 0.00 0.00 TRACK
72.109	>>> V 0.00 0.00
72.113	S 13032234 -9.49 20.65 0.00 0.00 TRACK
72.125	>>> V 0.00 0.00
72.146	>>> V 0.00 0.00
72.151	S 13032254 -9.40 20.65 0.00 0.00 TRACK
72.163	S 13032274 -9.49 20.65 0.00 0.00 TRACK
72.174	>>> V 0.00 0.00
72.176	S 13032294 -9.49 20.65 0.00 0.00 TRACK
72.189	>>> V 0.00 0.00
72.205	>>> V 0.00 0.00
72.205	S 13032314 -9.49 20.65 0.00 0.00 TRACK
72.228	>>> V 0.00 0.00
72.236	S 13032334 -9.49 20.65 0.00 0.00 TRACK
72.245	S 13032354 -9.49 20.65 0.00 0.00 TRACK
72.259	>>> V 0.00 0.00
72.261	S 13032374 -9.49 20.65 0.00 0.00 TRACK
72.272	>>> V 0.00 0.00
72.274	S 13032394 -9.49 20.65 0.00 0.00 TRACK
72.286	>>> V 0.00 0.00
72.311	>>> V 0.00 0.00
72.315	S 13032414 -9.49 20.65 0.00 0.00 TRACK
72.322	S 13032434 -9.49 20.65 0.00 0.00 TRACK
72.355	>>> V 0.00 0.00
72.356	S 13032454 -9.49 20.65 0.00 0.00 TRACK
72.357	S 13032474 -9.49 20.65 0.00 0.00 TRACK
72.372	>>> V 0.00 0.00
72.373	S 13032494 -9.49 20.65 0.00 0.00 TRACK
72.387	>>> V 0.00 0.00
72.404	>>> V 0.00 0.00
72.407	S 13032514 -9.49 20.65 0.00 0.00 TRACK
72.431	>>> V 0.00 0.00
72.431	S 13032534 -9.49 20.65 0.00 0.00 TRACK
72.444	>>> V 0.00 0.00
72.446	S 13032554 -9.49 20.65 0.00 0.00 TRACK
72.465	>>> V 0.00 0.00
72.469	S 13032574 -9.49 20.65 0.00 0.00 TRACK
72.488	>>> V 0.00 0.00
72.491	S 13032594 -9.49 20.57 0.00 0.00 TRACK
72.495	S 13032614 -9.49 20.65 0.00 0.00 TRACK
72.508	>>> V 0.00 0.00
72.525	>>> V 0.00 0.00
72.525	S 13032634 -9.49 20.65 0.00 0.00 TRACK
72.549	>>> V 0.00 0.00
72.549	S 13032654 -9.49 20.65 0.00 0.00 TRACK
72.569	>>> V 0.00 0.00
72.571	S 13032674 -9.49 20.65 0.00 0.00 TRACK
72.593	>>> V 0.00 0.00
72.594	S 13032694 -9.49 20.65 0.00 0.00 TRACK
72.604	S 13032714 -9.49 20.65 0.00 0.00 TRACK
72.622	>>> V 0.00 0.00
72.622	S 13032734 -9.49 20.65 0.00 0.00 TRACK
72.643	>>> V 0.00 0.00
72.646	S 13032754 -9.49 20.65 0.00 0.00 TRACK
72.677	>>> V 0.00 0.00
72.680	S 13032774 -9.49 20.65 0.00 0.00 TRACK
72.686	S 13032794 -9.49 20.65 0.00 0.00 TRACK
72.699	>>> V 0.00 0.00
72.703	S 13032814 -9.49 20.65 0.00 0.00 TRACK
72.716	>>> V 0.00 3.29
72.716	S 13032834 -9.49 20.65 0.00 0.00 TRACK
72.747	>>> V 0.00 3.29
72.750	S 13032854 -9.49 20.65 0.00 0.00 TRACK
72.765	>>> V 0.00 3.29
72.771	S 13032874 -9.49 20.65 0.00 0.00 TRACK
72.780	S 13032894 -9.49 20.65 0.00 0.00 TRACK
72.794	>>> V 0.00 3.29
72.802	S 13032914 -9.49 20.65 0.00 0.00 TRACK
72.827	>>> V 0.00 0.00
72.829	S 13032934 -9.49 20.65 0.00 0.00 TRACK
72.845	>>> V 0.00 0.00
72.846	S 13032954 -9.49 20.65 0.00 0.00 TRACK
72.879	>>> V 0.00 0.00
72.879	S 13032974 -9.49 20.74 0.00 0.00 TRACK
72.887	S 13032994 -9.49 20.74 0.00 0.00 TRACK
72.896	>>> V 0.00 0.00
72.898	S 13033014 -9.40 20.74 0.00 0.00 TRACK
72.918	>>> V 0.00 0.00
72.922	S 13033034 -9.40 20.74 0.00 0.00 TRACK
72.940	>>> V 0.00 0.00
72.941	S 13033054 -9.49 20.74 0.00 0.00 TRACK
72.970	>>> V 0.00 0.00
72.976	S 13033074 -9.40 20.74 0.00 0.00 TRACK
72.992	>>> V 0.00 0.00
72.992	S 13033094 -9.49 20.74 0.00 0.00 TRACK
73.002	S 13033114 -9.49 20.74 0.00 0.00 TRACK
73.026	>>> V 0.00 0.00
73.029	S 13033134 -9.49 20.74 0.00 0.00 TRACK
73.044	>>> V 0.00 0.00
73.046	S 13033154 -9.49 20.74 0.00 0.00 TRACK
73.076	>>> V 0.00 0.00
73.080	S 13033174 -9.49 20.65 0.00 0.00 TRACK
73.088	S 13033194 -9.40 20.74 0.00 0.00 TRACK
73.096	>>> V 0.00 0.00
73.098	S 13033214 -9.49 20.74 0.00 0.00 TRACK
73.114	>>> V 0.00 0.00
73.119	S 13033234 -9.49 20.74 0.00 0.00 TRACK
73.127	>>> V 0.00 0.00
73.148	>>> V 0.00 0.00
73.149	S 13033254 -9.49 20.74 0.00 0.00 TRACK
73.170	>>> V 0.00 0.00
73.176	S 13033274 -9.49 20.74 0.00 0.00 TRACK
73.181	S 13033294 -9.49 20.74 0.00 0.00 TRACK
73.201	>>> V 0.00 0.00
73.204	S 13033314 -9.49 20.74 0.00 0.00 TRACK
73.214	>>> V 0.00 0.00
73.228	S 13033334 -9.49 20.74 0.00 0.00 TRACK
73.244	>>> V 0.00 0.00
73.246	S 13033354 -9.49 20.74 0.00 0.00 TRACK
73.253	>>> V 0.00 0.00
73.255	S 13033374 -9.49 20.74 0.00 0.00 TRACK
73.268	>>> V 0.00 0.00
73.285	>>> V 0.00 0.00
73.287	S 13033394 -9.40 20.74 0.00 0.00 TRACK
73.309	>>> V 0.00 0.00
73.313	S 13033414 -9.49 20.74 0.00 0.00 TRACK
73.317	S 13033434 -9.49 20.74 0.00 0.00 TRACK
73.329	>>> V 0.00 0.00
73.331	S 13033454 -9.49 20.74 0.00 0.00 TRACK
73.359	>>> V 0.00 0.00
73.363	S 13033474 -9.40 20.74 0.00 0.00 TRACK
73.372	>>> V 0.00 0.00
73.380	S 13033494 -9.49 20.74 0.00 0.00 TRACK
73.408	>>> V 0.00 0.00
73.421	S 13033514 -9.49 20.74 0.00 0.00 TRACK
73.423	S 13033534 -9.49 20.74 0.00 0.00 TRACK
73.442	>>> V 0.00 0.00
73.443	S 13033554 -9.49 20.74 0.00 0.00 TRACK
73.458	>>> V 0.00 0.00
73.467	S 13033574 -9.49 20.74 0.00 0.00 TRACK
73.485	>>> V 0.00 0.00
73.487	S 13033594 -9.49 20.74 0.00 0.00 TRACK
73.495	>>> V 0.00 0.00
73.496	S 13033614 -9.49 20.74 0.00 0.00 TRACK
73.512	>>> V 0.00 0.00
73.514	S 13033634 -9.49 20.74 0.00 0.00 TRACK
73.534	>>> V 0.00 0.00
73.537	S 13033654 -9.49 20.65 0.00 0.00 TRACK
73.548	>>> V 0.00 0.00
73.564	>>> V 0.00 0.00
73.564	S 13033674 -9.49 20.74 0.00 0.00 TRACK
73.588	>>> V 0.00 0.00
73.589	S 13033694 -9.40 20.74 0.00 0.00 TRACK
73.605	>>> V 0.00 0.00
73.605	S 13033714 -9.49 20.74 0.00 0.00 TRACK
73.628	>>> V 0.00 0.00
73.633	S 13033734 -9.49 20.74 0.00 0.00 TRACK
73.648	S 13033754 -9.49 20.74 0.00 0.00 TRACK
73.663	>>> V 0.00 0.00
73.665	S 13033774 -9.49 20.74 0.00 0.00 TRACK
73.675	>>> V 0.00 0.00
73.678	S 13033794 -9.49 20.74 0.00 0.00 TRACK
73.687	>>> V 0.00 0.00
73.705	>>> V 0.00 0.00
73.705	S 13033814 -9.49 20.74 0.00 0.00 TRACK
73.723	>>> V 0.00 0.00
73.726	S 13033834 -9.49 20.74 0.00 0.00 TRACK
73.753	>>> V 0.00 0.00
73.755	S 13033854 -9.49 20.74 0.00 0.00 TRACK
73.758	S 13033874 -9.49 20.74 0.00 0.00 TRACK
73.767	>>> V 0.00 0.00
73.790	>>> V 0.00 0.00
73.791	S 13033894 -9.49 20.65 0.00 0.00 TRACK
73.809	>>> V 0.00 0.00
73.811	S 13033914 -9.49 20.74 0.00 0.00 TRACK
73.825	>>> V 0.00 0.00
73.828	S 13033934 -9.49 20.74 0.00 0.00 TRACK
73.844	>>> V 0.00 0.00
73.846	S 13033954 -9.49 20.74 0.00 0.00 TRACK
73.864	>>> V 0.00 0.00
73.868	S 13033974 -9.49 20.74 0.00 0.00 TRACK
73.883	>>> V 0.00 0.00
73.886	S 13033994 -9.49 20.74 0.00 0.00 TRACK
73.906	>>> V 0.00 0.00
73.907	S 13034014 -9.49 20.74 0.00 0.00 TRACK
73.925	>>> V 0.00 0.00
73.925	S 13034034 -9.49 20.74 0.00 0.00 TRACK
73.947	>>> V 0.00 0.00
73.948	S 13034054 -9.49 20.74 0.00 0.00 TRACK
73.966	>>> V 0.00 0.00
73.967	S 13034074 -9.49 20.74 0.00 0.00 TRACK
73.984	>>> V 0.00 0.00
73.985	S 13034094 -9.49 20.74 0.00 0.00 TRACK
74.006	>>> V 0.00 0.00
74.008	S 13034114 -9.49 20.74 0.00 0.00 TRACK
74.025	>>> V 0.00 0.00
74.026	S 13034134 -9.49 20.74 0.00 0.00 TRACK
74.044	>>> V 0.00 0.00
74.046	S 13034154 -9.49 20.74 0.00 0.00 TRACK
74.068	>>> V 0.00 0.00
74.070	S 13034174 -9.49 20.74 0.00 0.00 TRACK
74.084	>>> V 0.00 0.00
74.088	S 13034194 -9.49 20.74 0.00 0.00 TRACK
74.111	>>> V 0.00 0.00
74.112	S 13034214 -9.49 20.74 0.00 0.00 TRACK
74.114	S 13034234 -9.49 20.74 0.00 0.00 TRACK
74.130	>>> V 0.00 0.00
74.131	S 13034254 -9.49 20.74 0.00 0.00 TRACK
74.149	>>> V 0.00 0.00
74.166	>>> V 0.00 0.00
74.167	S 13034274 -9.49 20.74 0.00 0.00 TRACK
74.185	>>> V 0.00 0.00
74.186	S 13034294 -9.49 20.74 0.00 0.00 TRACK
74.204	>>> V 0.00 0.00
74.206	S 13034314 -9.49 20.74 0.00 0.00 TRACK
74.229	>>> V 0.00 0.00
74.230	S 13034334 -9.49 20.74 0.00 0.00 TRACK
74.247	>>> V 0.00 0.00
74.250	S 13034354 -9.49 20.74 0.00 0.00 TRACK
74.270	>>> V 0.00 0.00
74.274	S 13034374 -9.40 20.74 0.00 0.00 TRACK
74.276	S 13034394 -9.49 20.74 0.00 0.00 TRACK
74.288	>>> V 0.00 0.00
74.312	>>> V 0.00 0.00
74.313	S 13034414 -9.49 20.74 0.00 0.00 TRACK
74.316	S 13034434 -9.49 20.74 0.00 0.00 TRACK
74.324	>>> V 0.00 0.00
74.345	>>> V 0.00 0.00
74.347	S 13034454 -9.40 20.74 0.00 0.00 TRACK
74.364	>>> V 0.00 0.00
74.367	S 13034474 -9.49 20.74 0.00 0.00 TRACK
74.385	>>> V 0.00 0.00
74.385	S 13034494 -9.40 20.74 0.00 0.00 TRACK
74.405	>>> V 0.00 0.00
74.405	S 13034514 -9.49 20.74 0.00 0.00 TRACK
74.426	>>> V 0.00 0.00
74.427	S 13034534 -9.49 20.74 0.00 0.00 TRACK
74.445	>>> V 0.00 0.00
74.448	S 13034554 -9.49 20.74 0.00 0.00 TRACK
74.464	>>> V 0.00 0.00
74.467	S 13034574 -9.49 20.74 0.00 0.00 TRACK
74.486	>>> V 0.00 0.00
74.487	S 13034594 -9.49 20.74 0.00 0.00 TRACK
74.508	>>> V 0.00 0.00
74.510	S 13034614 -9.49 20.74 0.00 0.00 TRACK
74.525	>>> V 0.00 0.00
74.528	S 13034634 -9.49 20.74 0.00 0.00 TRACK
74.545	>>> V 0.00 0.00
74.546	S 13034654 -9.49 20.74 0.00 0.00 TRACK
74.576	>>> V 0.00 0.00
74.576	S 13034674 -9.49 20.74 0.00 0.00 TRACK
74.577	S 13034694 -9.49 20.74 0.00 0.00 TRACK
74.585	>>> V 0.00 0.00
74.610	>>> V 0.00 0.00
74.611	S 13034714 -9.49 20.65 0.00 0.00 TRACK
74.614	S 13034734 -9.40 20.74 0.00 0.00 TRACK
74.625	>>> V 0.00 0.00
74.649	>>> V 0.00 0.00
74.652	S 13034754 -9.49 20.74 0.00 0.00 TRACK
74.658	S 13034774 -9.49 20.74 0.00 0.00 TRACK
74.667	>>> V 0.00 0.00
74.685	>>> V 0.00 0.00
74.686	S 13034794 -9.49 20.74 0.00 0.00 TRACK
74.712	>>> V 0.00 0.00
74.714	S 13034814 -9.49 20.74 0.00 0.00 TRACK
74.721	S 13034834 -9.49 20.74 0.00 0.00 TRACK
74.728	>>> V 0.00 0.00
74.749	>>> V 0.00 0.00
74.756	S 13034854 -9.49 20.74 0.00 0.00 TRACK
74.761	S 13034874 -9.49 20.74 0.00 0.00 TRACK
74.764	>>> V 0.00 0.00
74.789	>>> V 0.00 0.00
74.792	S 13034894 -9.49 20.74 0.00 0.00 TRACK
74.796	S 13034914 -9.49 20.74 0.00 0.00 TRACK
74.806	>>> V 0.00 0.00
74.830	>>> V 0.00 0.00
74.831	S 13034934 -9.49 20.74 0.00 0.00 TRACK
74.845	>>> V 0.00 0.00
74.848	S 13034954 -9.49 20.74 0.00 0.00 TRACK
74.870	>>> V 0.00 0.00
74.870	S 13034974 -9.49 20.74 0.00 0.00 TRACK
74.887	>>> V 0.00 0.00
74.888	S 13034994 -9.49 20.74 0.00 0.00 TRACK
74.910	>>> V 0.00 0.00
74.915	S 13035014 -9.49 20.74 0.00 0.00 TRACK
74.917	S 13035034 -9.49 20.74 0.00 0.00 TRACK
74.930	>>> V 0.00 0.00
74.932	S 13035054 -9.49 20.74 0.00 0.00 TRACK
74.947	>>> V 0.00 0.00
74.966	>>> V 0.00 0.00
74.967	S 13035074 -9.49 20.74 0.00 0.00 TRACK
74.990	>>> V 0.00 0.00
74.992	S 13035094 -9.49 20.74 0.00 0.00 TRACK
75.000	S 13035114 -9.40 20.74 0.00 0.00 TRACK
75.021	>>> V 0.00 0.00
75.021	S 13035134 -9.49 20.74 0.00 0.00 TRACK
75.031	>>> V 0.00 0.00
75.036	S 13035154 -9.49 20.74 0.00 0.00 TRACK
75.050	>>> V 0.00 0.00
75.067	>>> V 0.00 0.00
75.071	S 13035174 -9.49 20.74 0.00 0.00 TRACK
75.083	>>> V 0.00 0.00
75.084	S 13035194 -9.49 20.74 0.00 0.00 TRACK
75.106	>>> V 0.00 0.00
75.106	S 13035214 -9.49 20.74 0.00 0.00 TRACK
75.124	>>> V 0.00 0.00
75.124	S 13035234 -9.49 20.74 0.00 0.00 TRACK
75.143	>>> V 0.00 0.00
75.146	S 13035254 -9.49 20.74 0.00 0.00 TRACK
75.165	>>> V 0.00 0.00
75.167	S 13035274 -9.49 20.74 0.00 0.00 TRACK
75.185	>>> V 0.00 0.00
75.188	S 13035294 -9.49 20.74 0.00 0.00 TRACK
75.217	>>> V 0.00 0.00
75.219	S 13035314 -9.49 20.74 0.00 0.00 TRACK
75.224	S 13035334 -9.49 20.74 0.00 0.00 TRACK
75.231	>>> V 0.00 0.00
75.232	S 13035354 -9.49 20.65 0.00 0.00 TRACK
75.248	>>> V 0.00 0.00
75.264	>>> V 0.00 0.00
75.267	S 13035374 -9.49 20.74 0.00 0.00 TRACK
75.287	>>> V 0.00 0.00
75.294	S 13035394 -9.49 20.74 0.00 0.00 TRACK
75.307	S 13035414 -9.49 20.74 0.00 0.00 TRACK
75.317	>>> V 0.00 0.00
75.327	S 13035434 -9.49 20.74 0.00 0.00 TRACK
75.351	>>> V 0.00 0.00
75.355	S 13035454 -9.49 20.74 0.00 0.00 TRACK
75.357	S 13035474 -9.49 20.74 0.00 0.00 TRACK
75.373	>>> V 0.00 0.00
75.377	S 13035494 -9.49 20.74 0.00 0.00 TRACK
75.392	>>> V 0.00 0.00
75.395	S 13035514 -9.49 20.74 0.00 0.00 TRACK
75.420	>>> V 0.00 0.00
75.422	S 13035534 -9.49 20.74 0.00 0.00 TRACK
75.433	>>> V 0.00 0.00
75.436	S 13035554 -9.49 20.74 0.00 0.00 TRACK
75.451	>>> V 0.00 0.00
75.453	S 13035574 -9.49 20.74 0.00 0.00 TRACK
75.464	>>> V 0.00 0.00
75.487	>>> V 0.00 0.00
75.488	S 13035594 -9.49 20.74 0.00 0.00 TRACK
75.511	>>> V 0.00 0.00
75.520	S 13035614 -9.40 20.74 0.00 0.00 TRACK
75.521	S 13035634 -9.49 20.74 0.00 0.00 TRACK
75.532	>>> V 0.00 0.00
75.535	S 13035654 -9.49 20.74 0.00 0.00 TRACK
75.557	>>> V 0.00 0.00
75.561	S 13035674 -9.40 20.74 0.00 0.00 TRACK
75.572	>>> V 0.00 0.00
75.575	S 13035694 -9.49 20.74 0.00 0.00 TRACK
75.590	>>> V 0.00 0.00
75.593	S 13035714 -9.49 20.74 0.00 0.00 TRACK
75.604	>>> V 0.00 0.00
75.624	>>> V 0.00 0.00
75.630	S 13035734 -9.49 20.74 0.00 0.00 TRACK
75.650	>>> V 0.00 0.00
75.652	S 13035754 -9.49 20.74 0.00 0.00 TRACK
75.657	S 13035774 -9.49 20.74 0.00 0.00 TRACK
75.667	>>> V 0.00 0.00
75.684	>>> V 0.00 0.00
75.686	S 13035794 -9.49 20.74 0.00 0.00 TRACK
75.707	>>> V 0.00 0.00
75.710	S 13035814 -9.49 20.74 0.00 0.00 TRACK
75.724	>>> V 0.00 0.00
75.727	S 13035834 -9.49 20.74 0.00 0.00 TRACK
75.744	>>> V 0.00 0.00
75.748	S 13035854 -9.49 20.74 0.00 0.00 TRACK
75.771	>>> V 0.00 0.00
75.777	S 13035874 -9.49 20.74 0.00 0.00 TRACK
75.781	S 13035894 -9.49 20.74 0.00 0.00 TRACK
75.787	>>> V 0.00 0.00
75.804	>>> V 0.00 0.00
75.809	S 13035914 -9.49 20.74 0.00 0.00 TRACK
75.830	>>> V 0.00 0.00
75.831	S 13035934 -9.49 20.74 0.00 0.00 TRACK
75.835	S 13035954 -9.49 20.74 0.00 0.00 TRACK
75.844	>>> V 0.00 0.00
75.863	>>> V 0.00 0.00
75.865	S 13035974 -9.49 20.74 0.00 0.00 TRACK
75.886	>>> V 0.00 0.00
75.887	S 13035994 -9.49 20.74 0.00 0.00 TRACK
75.906	>>> V 0.00 0.00
75.914	S 13036014 -9.49 20.74 0.00 0.00 TRACK
75.934	>>> V 0.00 0.00
75.935	S 13036034 -9.49 20.74 0.00 0.00 TRACK
75.936	S 13036054 -9.49 20.74 0.00 0.00 TRACK
75.948	>>> V 0.00 0.00
75.969	>>> V 0.00 0.00
75.969	S 13036074 -9.49 20.74 0.00 0.00 TRACK
75.984	>>> V 0.00 0.00
75.986	S 13036094 -9.49 20.74 0.00 0.00 TRACK
76.004	>>> V 0.00 0.00
76.006	S 13036114 -9.40 20.74 0.00 0.00 TRACK
76.025	>>> V 0.00 0.00
76.033	S 13036134 -9.49 20.74 0.00 0.00 TRACK
76.043	S 13036154 -9.49 20.74 0.00 0.00 TRACK
76.055	>>> V 0.00 0.00
76.057	S 13036174 -9.49 20.74 0.00 0.00 TRACK
76.073	>>> V 0.00 0.00
76.074	S 13036194 -9.49 20.74 0.00 0.00 TRACK
76.086	>>> V 0.00 0.00
76.103	>>> V 0.00 0.00
76.104	S 13036214 -9.49 20.74 0.00 0.00 TRACK
76.138	>>> V 0.00 0.00
76.144	S 13036234 -9.49 20.74 0.00 0.00 TRACK
76.146	S 13036254 -9.49 20.74 0.00 0.00 TRACK
76.156	>>> V 0.00 0.00
76.163	S 13036274 -9.49 20.74 0.00 0.00 TRACK
76.177	>>> V 0.00 0.00
76.178	S 13036294 -9.49 20.74 0.00 0.00 TRACK
76.189	>>> V 0.00 0.00
76.192	S 13036314 -9.49 20.74 0.00 0.00 TRACK
76.210	>>> V 0.00 0.00
76.212	S 13036334 -9.40 20.74 0.00 0.00 TRACK
76.226	>>> V 0.00 0.00
76.233	S 13036354 -9.49 20.74 0.00 0.00 TRACK
76.252	>>> V 0.00 0.00
76.257	S 13036374 -9.49 20.74 0.00 0.00 TRACK
76.281	>>> V 0.00 0.00
76.286	S 13036394 -9.49 20.74 0.00 0.00 TRACK
76.308	>>> V 0.00 0.00
76.308	S 13036414 -9.49 20.74 0.00 0.00 TRACK
76.328	>>> V 0.00 0.00
76.328	S 13036434 -9.49 20.74 0.00 0.00 TRACK
76.349	>>> V 0.00 0.00
76.350	S 13036454 -9.49 20.74 0.00 0.00 TRACK
76.368	>>> V 0.00 0.00
76.368	S 13036474 -9.49 20.74 0.00 0.00 TRACK
76.384	>>> V 0.00 0.00
76.387	S 13036494 -9.49 20.74 0.00 0.00 TRACK
76.407	>>> V 0.00 0.00
76.411	S 13036514 -9.49 20.74 0.00 0.00 TRACK
76.425	>>> V 0.00 0.00
76.428	S 13036534 -9.40 20.74 0.00 0.00 TRACK
76.448	>>> V 0.00 0.00
76.450	S 13036554 -9.49 20.74 0.00 0.00 TRACK
76.467	>>> V 0.00 0.00
76.468	S 13036574 -9.49 20.74 0.00 0.00 TRACK
76.484	>>> V 0.00 0.00
76.485	S 13036594 -9.49 20.74 0.00 0.00 TRACK
76.510	>>> V 0.00 0.00
76.514	S 13036614 -9.40 20.74 0.00 0.00 TRACK
76.516	S 13036634 -9.49 20.74 0.00 0.00 TRACK
76.526	>>> V 0.00 0.00
76.546	>>> V 0.00 0.00
76.549	S 13036654 -9.49 20.74 0.00 0.00 TRACK
76.563	>>> V 0.00 0.00
76.564	S 13036674 -9.49 20.74 0.00 0.00 TRACK
76.584	>>> V 0.00 0.00
76.587	S 13036694 -9.40 20.74 0.00 0.00 TRACK
76.608	>>> V 0.00 0.00
76.609	S 13036714 -9.49 20.74 0.00 0.00 TRACK
76.624	>>> V 0.00 0.00
76.626	S 13036734 -9.49 20.74 0.00 0.00 TRACK
76.655	>>> V 0.00 0.00
76.664	S 13036754 -9.49 20.74 0.00 0.00 TRACK
76.677	S 13036774 -9.49 20.65 0.00 0.00 TRACK
76.693	>>> V 0.00 0.00
76.694	S 13036794 -9.49 20.74 0.00 0.00 TRACK
76.705	S 13036814 -9.49 20.74 0.00 0.00 TRACK
76.746	>>> V 0.00 0.00
76.748	S 13036834 -9.49 20.74 0.00 0.00 TRACK
76.761	S 13036854 -9.49 20.74 0.00 0.00 TRACK
76.777	>>> V 0.00 0.00
76.782	S 13036874 -9.49 20.74 0.00 0.00 TRACK
76.784	S 13036894 -9.49 20.74 0.00 0.00 TRACK
76.791	>>> V 0.00 0.00
76.798	S 13036914 -9.49 20.65 0.00 0.00 TRACK
76.805	>>> V 0.00 0.00
76.832	>>> V 0.00 0.00
76.832	S 13036934 -9.49 20.74 0.00 0.00 TRACK
76.834	S 13036954 -9.49 20.74 0.00 0.00 TRACK
76.850	>>> V 0.00 0.00
76.869	>>> V 0.00 0.00
76.869	S 13036974 -9.49 20.74 0.00 0.00 TRACK
76.885	>>> V 0.00 0.00
76.888	S 13036994 -9.49 20.74 0.00 0.00 TRACK
76.918	>>> V 0.00 0.00
76.918	S 13037014 -9.40 20.74 0.00 0.00 TRACK
76.931	S 13037034 -9.49 20.74 0.00 0.00 TRACK
76.944	>>> V 0.00 0.00
76.953	S 13037054 -9.49 20.74 0.00 0.00 TRACK
76.955	S 13037074 -9.49 20.74 0.00 0.00 TRACK
76.964	>>> V 0.00 0.00
76.974	S 13037094 -9.49 20.74 0.00 0.00 TRACK
76.995	>>> V 0.00 0.00
76.998	S 13037114 -9.49 20.74 0.00 0.00 TRACK
77.022	>>> V 0.00 0.00
77.025	S 13037134 -9.49 20.74 0.00 0.00 TRACK
77.051	>>> V 0.00 0.00
77.060	S 13037155 -9.49 20.74 0.00 0.00 TRACK
77.062	S 13037175 -9.49 20.74 0.00 0.00 TRACK
77.089	>>> V 0.00 0.00
77.093	S 13037195 -9.49 20.74 0.00 0.00 TRACK
77.102	S 13037215 -9.49 20.74 0.00 0.00 TRACK
77.123	>>> V 0.00 0.00
77.126	S 13037235 -9.49 20.74 0.00 0.00 TRACK
77.143	>>> V 0.00 0.00
77.153	S 13037255 -9.49 20.74 0.00 0.00 TRACK
77.154	S 13037275 -9.49 20.74 0.00 0.00 TRACK
77.179	>>> V 0.00 0.00
77.185	S 13037295 -9.49 20.74 0.00 0.00 TRACK
77.209	>>> V 0.00 0.00
77.214	S 13037315 -9.49 20.65 0.00 0.00 TRACK
77.216	S 13037335 -9.49 20.74 0.00 0.00 TRACK
77.235	>>> V 0.00 0.00
77.236	S 13037355 -9.49 20.74 0.00 0.00 TRACK
77.244	>>> V 0.00 0.00
77.275	>>> V 0.00 0.00
77.275	S 13037375 -9.49 20.74 0.00 0.00 TRACK
77.282	S 13037395 -9.49 20.74 0.00 0.00 TRACK
77.300	>>> V 0.00 0.00
77.304	S 13037415 -9.49 20.74 0.00 0.00 TRACK
77.325	>>> V 0.00 0.00
77.329	S 13037435 -9.49 20.74 0.00 0.00 TRACK
77.345	>>> V 0.00 0.00
77.353	S 13037455 -9.49 20.74 0.00 0.00 TRACK
77.354	S 13037475 -9.49 20.74 0.00 0.00 TRACK
77.367	>>> V 0.00 0.00
77.371	S 13037495 -9.49 20.74 0.00 0.00 TRACK
77.384	>>> V 0.00 0.00
77.393	S 13037515 -9.49 20.74 0.00 0.00 TRACK
77.405	>>> V 0.00 0.00
77.436	>>> V 0.00 0.00
77.437	S 13037535 -9.49 20.65 0.00 0.00 TRACK
77.449	S 13037555 -9.49 20.74 0.00 0.00 TRACK
77.451	>>> V 0.00 0.00
77.460	S 13037575 -9.40 20.74 0.00 0.00 TRACK
77.479	>>> V 0.00 0.00
77.479	S 13037595 -9.40 20.74 0.00 0.00 TRACK
77.507	>>> V 0.00 0.00
77.509	S 13037615 -9.49 20.74 0.00 0.00 TRACK
77.524	>>> V 0.00 0.00
77.527	S 13037635 -9.49 20.74 0.00 0.00 TRACK
77.547	>>> V 0.00 0.00
77.558	S 13037655 -9.49 20.74 0.00 0.00 TRACK
77.563	S 13037675 -9.49 20.74 0.00 0.00 TRACK
77.579	>>> V 0.00 0.00
77.592	S 13037695 -9.49 20.74 0.00 0.00 TRACK
77.595	S 13037715 -9.49 20.65 0.00 0.00 TRACK
77.600	>>> V 0.00 0.00
77.604	>>> V 0.00 0.00
77.623	>>> V 0.00 0.00
77.625	S 13037735 -9.49 20.74 0.00 0.00 TRACK
77.644	>>> V 0.00 0.00
77.644	S 13037755 -9.49 20.65 0.00 0.00 TRACK
77.663	>>> V 0.00 0.00
77.664	S 13037775 -9.49 20.74 0.00 0.00 TRACK
77.685	>>> V 0.00 0.00
77.688	S 13037795 -9.40 20.74 0.00 0.00 TRACK
77.704	>>> V 0.00 0.00
77.707	S 13037815 -9.49 20.74 0.00 0.00 TRACK
77.725	>>> V 0.00 0.00
77.726	S 13037835 -9.49 20.74 0.00 0.00 TRACK
77.833	>>> V 0.00 0.00
77.839	S 13037855 -9.49 20.74 0.00 0.00 TRACK
77.846	S 13037875 -9.49 20.74 0.00 0.00 TRACK
77.848	S 13037895 -9.49 20.74 0.00 0.00 TRACK
77.856	S 13037915 -9.49 20.74 0.00 0.00 TRACK
77.858	S 13037935 -9.49 20.65 0.00 0.00 TRACK
77.874	S 13037955 -9.40 20.74 0.00 0.00 TRACK
77.885	>>> V 0.00 0.00
77.894	S 13037975 -9.40 20.74 0.00 0.00 TRACK
77.901	S 13037995 -9.49 20.74 0.00 0.00 TRACK
77.905	S 13038015 -9.49 20.74 0.00 0.00 TRACK
77.925	>>> V 0.00 0.00
77.927	S 13038035 -9.49 20.74 0.00 0.00 TRACK
77.946	>>> V 0.00 0.00
77.946	S 13038055 -9.49 20.74 0.00 0.00 TRACK
77.966	>>> V 0.00 0.00
77.969	S 13038075 -9.49 20.74 0.00 0.00 TRACK
77.985	>>> V 0.00 0.00
77.988	S 13038095 -9.49 20.65 0.00 0.00 TRACK
78.005	>>> V 0.00 0.00
78.005	S 13038115 -9.49 20.74 0.00 0.00 TRACK
78.028	>>> V 0.00 0.00
78.028	S 13038135 -9.49 20.74 0.00 0.00 TRACK
78.048	>>> V 0.00 0.00
78.050	S 13038155 -9.49 20.74 0.00 0.00 TRACK
78.067	>>> V 0.00 0.00
78.068	S 13038175 -9.49 20.74 0.00 0.00 TRACK
78.087	>>> V 0.00 0.00
78.090	S 13038195 -9.49 20.74 0.00 0.00 TRACK
78.113	>>> V 0.00 0.00
78.114	S 13038215 -9.49 20.74 0.00 0.00 TRACK
78.118	S 13038235 -9.49 20.74 0.00 0.00 TRACK
78.132	>>> V 0.00 0.00
78.134	S 13038255 -9.49 20.74 0.00 0.00 TRACK
78.147	>>> V 0.00 0.00
78.164	>>> V 0.00 0.00
78.165	S 13038275 -9.49 20.74 0.00 0.00 TRACK
78.188	>>> V 0.00 0.00
78.191	S 13038295 -9.40 20.74 0.00 0.00 TRACK
78.208	>>> V 0.00 0.00
78.208	S 13038315 -9.49 20.65 0.00 0.00 TRACK
78.232	>>> V 0.00 0.00
78.235	S 13038335 -9.49 20.74 0.00 0.00 TRACK
78.240	S 13038355 -9.49 20.74 0.00 0.00 TRACK
78.245	>>> V 0.00 0.00
78.271	>>> V 0.00 0.00
78.271	S 13038375 -9.49 20.74 0.00 0.00 TRACK
78.283	>>> V 0.00 0.00
78.285	S 13038395 -9.49 20.74 0.00 0.00 TRACK
78.304	>>> V 0.00 0.00
78.306	S 13038415 -9.49 20.74 0.00 0.00 TRACK
78.331	>>> V 0.00 0.00
78.332	S 13038435 -9.49 20.74 0.00 0.00 TRACK
78.340	S 13038455 -9.40 20.74 0.00 0.00 TRACK
78.350	>>> V 0.00 0.00
78.358	S 13038475 -9.49 20.74 0.00 0.00 TRACK
78.382	>>> V 0.00 0.00
78.382	S 13038495 -9.49 20.74 0.00 0.00 TRACK
78.396	>>> V 0.00 0.00
78.402	S 13038515 -9.49 20.74 0.00 0.00 TRACK
78.410	>>> V 0.00 0.00
78.418	S 13038535 -9.49 20.74 0.00 0.00 TRACK
78.432	>>> V 0.00 0.00
78.435	S 13038555 -9.49 20.74 0.00 0.00 TRACK
78.447	>>> V 0.00 0.00
78.453	S 13038575 -9.49 20.74 0.00 0.00 TRACK
78.466	>>> V 0.00 0.00
78.485	>>> V 0.00 0.00
78.485	S 13038595 -9.49 20.65 0.00 0.00 TRACK
78.510	>>> V 0.00 0.00
78.511	S 13038615 -9.49 20.74 0.00 0.00 TRACK
78.537	>>> V 0.00 0.00
78.537	S 13038635 -9.49 20.74 0.00 0.00 TRACK
78.544	S 13038655 -9.49 20.65 0.00 0.00 TRACK
78.554	>>> V 0.00 0.00
78.556	S 13038675 -9.49 20.74 0.00 0.00 TRACK
78.576	>>> V 0.00 0.00
78.577	S 13038695 -9.49 20.74 0.00 0.00 TRACK
78.594	>>> V 0.00 0.00
78.598	S 13038715 -9.49 20.74 0.00 0.00 TRACK
78.626	>>> V 0.00 0.00
78.627	S 13038735 -9.49 20.74 0.00 0.00 TRACK
78.656	>>> V 0.00 0.00
78.661	S 13038755 -9.40 20.74 0.00 0.00 TRACK
78.663	S 13038775 -9.49 20.74 0.00 0.00 TRACK
78.692	>>> V 0.00 0.00
78.694	S 13038795 -9.49 20.74 0.00 0.00 TRACK
78.699	S 13038815 -9.49 20.74 0.00 0.00 TRACK
78.705	>>> V 0.00 0.00
78.725	>>> V 0.00 0.00
78.729	S 13038835 -9.49 20.74 0.00 0.00 TRACK
78.747	>>> V 0.00 0.00
78.750	S 13038855 -9.49 20.74 0.00 0.00 TRACK
78.768	>>> V 0.00 0.00
78.774	S 13038875 -9.49 20.74 0.00 0.00 TRACK
78.776	S 13038895 -9.49 20.74 0.00 0.00 TRACK
78.801	>>> V 0.00 0.00
78.807	S 13038915 -9.49 20.74 0.00 0.00 TRACK
78.815	>>> V 0.00 0.00
78.816	S 13038935 -9.49 20.74 0.00 0.00 TRACK
78.830	>>> V 0.00 0.00
78.844	>>> V 0.00 0.00
78.847	S 13038955 -9.49 20.74 0.00 0.00 TRACK
78.867	>>> V 0.00 0.00
78.869	S 13038975 -9.49 20.74 0.00 0.00 TRACK
78.893	>>> V 0.00 0.00
78.895	S 13038995 -9.49 20.74 0.00 0.00 TRACK
78.902	S 13039015 -9.49 20.74 0.00 0.00 TRACK
78.927	>>> V 0.00 0.00
78.929	S 13039035 -9.49 20.74 0.00 0.00 TRACK
78.971	>>> V 0.00 0.00
78.975	S 13039055 -9.49 20.74 0.00 0.00 TRACK
78.981	S 13039075 -9.49 20.74 0.00 0.00 TRACK
78.999	S 13039095 -9.49 20.74 0.00 0.00 TRACK
79.031	>>> V 0.00 0.00
79.032	S 13039115 -9.49 20.74 0.00 0.00 TRACK
79.038	S 13039135 -9.49 20.74 0.00 0.00 TRACK
79.048	>>> V 0.00 0.00
79.051	S 13039155 -9.49 20.74 0.00 0.00 TRACK
79.070	>>> V 0.00 0.00
79.071	S 13039175 -9.49 20.74 0.00 0.00 TRACK
79.089	>>> V 0.00 0.00
79.091	S 13039195 -9.49 20.74 0.00 0.00 TRACK
79.105	>>> V 0.00 0.00
79.105	S 13039215 -9.49 20.74 0.00 0.00 TRACK
79.127	>>> V 0.00 0.00
79.130	S 13039235 -9.49 20.74 0.00 0.00 TRACK
79.147	>>> V 0.00 0.00
79.148	S 13039255 -9.49 20.74 0.00 0.00 TRACK
79.163	>>> V 0.00 0.00
79.165	S 13039275 -9.49 20.74 0.00 0.00 TRACK
79.184	>>> V 0.00 0.00
79.185	S 13039295 -9.49 20.74 0.00 0.00 TRACK
79.204	>>> V 0.00 0.00
79.206	S 13039315 -9.49 20.74 0.00 0.00 TRACK
79.224	>>> V 0.00 0.00
79.225	S 13039335 -9.49 20.74 0.00 0.00 TRACK
79.244	>>> V 0.00 0.00
79.244	S 13039355 -9.49 20.74 0.00 0.00 TRACK
79.264	>>> V 0.00 0.00
79.270	S 13039375 -9.49 20.74 0.00 0.00 TRACK
79.295	>>> V 0.00 0.00
79.298	S 13039395 -9.49 20.74 0.00 0.00 TRACK
79.300	>>> X
