0.009	>>> 
0.009	>>> B 1654 2007
0.009	>>> I
0.144	>>> V 0.00 0.00
0.145	0 0.00 HOLD
0.145	S 20413146 -8.17 16.96 0.00 0.00 HOLD
0.157	S 20413166 -8.17 16.96 0.00 0.00 HOLD
0.159	S 20413186 -8.17 16.96 0.00 0.00 HOLD
0.159	S 20413206 -8.17 16.96 0.00 0.00 HOLD
0.162	S 20413226 -8.09 16.96 0.00 0.00 HOLD
0.162	S 20413246 -8.09 16.96 0.00 0.00 HOLD
0.163	S 20413266 -8.09 16.96 0.00 0.00 HOLD
0.164	S 20413286 -8.09 16.96 0.00 0.00 HOLD
0.164	S 20413306 -8.09 16.87 0.00 0.00 HOLD
0.165	S 20441550 -8.17 16.87 0.00 0.00 HOLD
0.165	B 1654 2007
0.167	S 20441570 -8.17 16.87 0.00 0.00 HOMING
0.172	S 20441590 -8.09 16.87 0.00 0.00 HOMING
0.173	S 20441610 -8.00 16.79 0.00 0.00 HOMING
0.173	S 20441630 -7.73 16.44 2.75 -2.75 HOMING
0.173	S 20441650 -7.47 16.08 5.50 -8.24 HOMING
0.174	S 20441670 -7.12 15.56 9.62 -13.74 HOMING
0.176	>>> V 0.00 0.00
0.176	S 20441690 -6.86 15.03 12.37 -17.86 HOMING
0.179	S 20441710 -6.59 14.50 13.74 -21.98 HOMING
0.190	>>> V 0.00 0.00
0.198	>>> V 0.00 0.00
0.199	S 20441730 -6.33 13.97 13.74 -24.73 HOMING
0.220	>>> V 0.00 0.00
0.221	S 20441750 -5.98 13.36 13.74 -26.11 HOMING
0.239	>>> V 0.00 0.00
0.239	S 20441770 -5.71 12.83 13.74 -27.48 HOMING
0.260	>>> V 0.00 0.00
0.261	S 20441790 -5.45 12.30 12.37 -27.48 HOMING
0.279	>>> V 0.00 0.00
0.287	S 20441810 -5.19 11.69 12.37 -27.48 HOMING
0.299	>>> V 0.00 0.00
0.299	S 20441830 -5.01 11.16 10.99 -26.11 HOMING
0.321	>>> V 0.00 0.00
0.322	S 20441850 -4.75 10.63 10.99 -26.11 HOMING
0.338	>>> V 0.00 0.00
0.339	S 20441870 -4.57 10.20 10.99 -24.73 HOMING
0.358	>>> V 0.00 0.00
0.359	S 20441890 -4.39 9.76 9.62 -24.73 HOMING
0.381	>>> V 0.00 0.00
0.382	S 20441910 -4.13 9.32 9.62 -23.36 HOMING
0.399	>>> V 0.00 0.00
0.399	S 20441930 -3.96 8.88 9.62 -21.98 HOMING
0.420	>>> V 0.00 0.00
0.421	S 20441950 -3.78 8.44 9.62 -21.98 HOMING
0.438	>>> V 0.00 0.00
0.439	S 20441970 -3.60 8.17 8.24 -20.61 HOMING
0.458	>>> V 0.00 0.00
0.459	S 20441990 -3.43 7.73 8.24 -19.24 HOMING
0.480	>>> V 0.00 0.00
0.482	S 20442010 -3.34 7.38 8.24 -17.86 HOMING
0.499	>>> V 0.00 0.00
0.499	S 20442030 -3.16 7.03 6.87 -17.86 HOMING
0.521	>>> V 0.00 0.00
0.522	S 20442050 -2.99 6.68 6.87 -16.49 HOMING
0.538	>>> V 0.00 0.00
0.539	S 20442070 -2.90 6.42 6.87 -16.49 HOMING
0.558	>>> V 0.00 0.00
0.559	S 20442090 -2.81 6.15 5.50 -15.11 HOMING
0.579	>>> V 0.00 0.00
0.581	S 20442110 -2.64 5.89 5.50 -15.11 HOMING
0.598	>>> V 0.00 0.00
0.599	S 20442130 -2.55 5.54 5.50 -13.74 HOMING
0.620	>>> V 0.00 0.00
0.621	S 20442150 -2.46 5.36 4.12 -13.74 HOMING
0.638	>>> V 0.00 0.00
0.639	S 20442170 -2.37 5.10 5.50 -12.37 HOMING
0.659	>>> V 0.00 0.00
0.659	S 20442190 -2.29 4.83 5.50 -12.37 HOMING
0.679	>>> V 0.00 0.00
0.680	S 20442210 -2.11 4.66 5.50 -10.99 HOMING
0.698	>>> V 0.00 0.00
0.699	S 20442230 -2.02 4.48 5.50 -10.99 HOMING
0.720	>>> V 0.00 0.00
0.722	S 20442250 -1.93 4.22 4.12 -9.62 HOMING
0.739	>>> V 0.00 0.00
0.739	S 20442270 -1.85 4.04 4.12 -9.62 HOMING
0.758	>>> V 0.00 0.00
0.761	S 20442290 -1.76 3.87 4.12 -9.62 HOMING
0.779	>>> V 0.00 0.00
0.780	S 20442310 -1.67 3.69 4.12 -9.62 HOMING
0.799	>>> V 0.00 0.00
0.800	S 20442330 -1.67 3.52 4.12 -9.62 HOMING
0.819	>>> V 0.00 0.00
0.820	S 20442350 -1.58 3.34 2.75 -8.24 HOMING
0.838	>>> V 0.00 0.00
0.839	S 20442370 -1.67 3.25 1.37 -8.24 HOMING
0.859	>>> V 0.00 0.00
0.859	S 20442390 -1.49 3.08 1.37 -6.87 HOMING
0.879	>>> V 0.00 0.00
0.880	S 20442410 -1.41 2.99 1.37 -6.87 HOMING
0.898	>>> V 0.00 0.00
0.899	S 20442430 -1.32 2.81 1.37 -5.50 HOMING
0.918	>>> V 0.00 0.00
0.919	S 20442450 -1.32 2.72 2.75 -5.50 HOMING
0.938	>>> V 0.00 0.00
0.939	S 20442470 -1.23 2.64 2.75 -5.50 HOMING
0.959	>>> V 0.00 0.00
0.959	S 20442490 -1.23 2.55 2.75 -5.50 HOMING
0.979	>>> V 0.00 0.00
0.980	S 20442510 -1.23 2.37 1.37 -5.50 HOMING
0.999	>>> V 0.00 0.00
0.999	S 20442530 -1.14 2.37 1.37 -5.50 HOMING
1.020	>>> V 0.00 0.00
1.022	S 20442550 -1.05 2.20 1.37 -4.12 HOMING
1.038	>>> V 0.00 0.00
1.039	S 20442570 -0.97 2.11 2.75 -4.12 HOMING
1.059	>>> V 0.00 0.00
1.059	S 20442590 -0.97 1.93 2.75 -4.12 HOMING
1.079	>>> V 0.00 0.00
1.079	S 20442610 -0.97 1.85 1.37 -5.50 HOMING
1.098	>>> V 0.00 0.00
1.099	S 20442630 -0.97 1.76 1.37 -5.50 HOMING
1.118	>>> V 0.00 0.00
1.119	S 20442650 -0.97 1.67 0.00 -4.12 HOMING
1.138	>>> V 0.00 0.00
1.139	S 20442670 -0.88 1.58 0.00 -4.12 HOMING
1.158	>>> V 0.00 0.00
1.159	S 20442690 -0.79 1.49 1.37 -4.12 HOMING
1.179	>>> V 0.00 0.00
1.179	S 20442710 -0.79 1.49 1.37 -2.75 HOMING
1.198	>>> V 0.00 0.00
1.199	S 20442730 -0.79 1.49 1.37 -1.37 HOMING
1.220	>>> V 0.00 0.00
1.221	S 20442750 -0.79 1.49 1.37 -1.37 HOMING
1.238	>>> V 0.00 0.00
1.239	S 20442770 -0.79 1.32 0.00 -1.37 HOMING
1.260	>>> V 0.00 0.00
1.260	S 20442790 -0.70 1.23 0.00 -2.75 HOMING
1.279	>>> V 0.00 0.00
1.280	S 20442810 -0.70 1.14 0.00 -2.75 HOMING
1.298	>>> V 0.00 0.00
1.299	S 20442830 -0.62 1.14 1.37 -2.75 HOMING
1.320	>>> V 0.00 0.00
1.321	S 20442850 -0.62 1.23 1.37 -2.75 HOMING
1.338	>>> V 0.00 0.00
1.339	S 20442870 -0.62 1.14 1.37 -1.37 HOMING
1.358	>>> V 0.00 0.00
1.359	S 20442890 -0.62 1.05 0.00 0.00 HOMING
1.379	>>> V 0.00 0.00
1.380	S 20442910 -0.62 0.97 0.00 -1.37 HOMING
1.398	>>> V 0.00 0.00
1.399	S 20442930 -0.53 0.88 0.00 -2.75 HOMING
1.427	>>> V 0.00 0.00
1.431	S 20442950 -0.44 0.88 1.37 -2.75 HOMING
1.440	>>> V 0.00 0.00
1.441	S 20442970 -0.44 0.88 1.37 -1.37 HOMING
1.460	>>> V 0.00 0.00
1.461	S 20442990 -0.44 0.88 1.37 0.00 HOMING
1.480	>>> V 0.00 0.00
1.481	S 20443010 -0.44 0.88 0.00 0.00 HOMING
1.499	>>> V 0.00 0.00
1.499	S 20443030 -0.44 0.70 0.00 0.00 HOMING
1.521	>>> V 0.00 0.00
1.521	S 20443050 -0.35 0.70 0.00 0.00 HOMING
1.538	>>> V 0.00 0.00
1.539	S 20443070 -0.26 0.70 0.00 0.00 HOMING
1.559	>>> V 0.00 0.00
1.559	S 20443090 -0.26 0.62 1.37 -1.37 HOMING
1.579	>>> V 0.00 0.00
1.579	S 20443110 -0.26 0.62 1.37 -1.37 HOMING
1.598	>>> V 0.00 0.00
1.599	S 20443130 -0.26 0.62 1.37 -1.37 HOMING
1.621	>>> V 0.00 0.00
1.621	S 20443150 -0.26 0.62 0.00 0.00 HOMING
1.638	>>> V 0.00 0.00
1.638	S 20443170 -0.26 0.53 0.00 0.00 HOMING
1.658	>>> V 0.00 0.00
1.659	S 20443190 -0.26 0.53 0.00 0.00 HOMING
1.679	>>> V 0.00 0.00
1.679	S 20443210 -0.26 0.44 0.00 -1.37 HOLD
1.701	>>> V 0.00 0.00
1.701	S 20443230 -0.26 0.44 0.00 -1.37 HOLD
1.719	>>> V 0.00 0.00
1.719	S 20443250 -0.26 0.44 0.00 -1.37 HOLD
1.741	>>> V 0.00 0.00
1.742	S 20443270 -0.26 0.44 0.00 0.00 HOLD
1.760	>>> V 0.00 0.00
1.762	S 20443290 -0.26 0.44 0.00 0.00 HOLD
1.779	>>> V 0.00 0.00
1.780	S 20443310 -0.26 0.44 0.00 0.00 HOLD
1.800	>>> V 0.00 0.00
1.801	S 20443330 -0.26 0.44 0.00 0.00 HOLD
1.819	>>> V 0.00 0.00
1.819	S 20443350 -0.26 0.44 0.00 0.00 HOLD
1.841	>>> V 0.00 0.00
1.844	S 20443370 -0.26 0.44 0.00 0.00 HOLD
1.859	>>> V 0.00 0.00
1.860	S 20443390 -0.26 0.44 0.00 0.00 HOLD
1.883	>>> V 0.00 0.00
1.885	S 20443410 -0.26 0.44 0.00 0.00 HOLD
1.899	>>> V 0.00 0.00
1.899	S 20443430 -0.26 0.44 0.00 0.00 HOLD
1.920	>>> V 0.00 0.00
1.922	S 20443450 -0.26 0.35 0.00 0.00 HOLD
1.939	>>> V 0.00 0.00
1.939	S 20443470 -0.26 0.44 0.00 0.00 HOLD
1.959	>>> V 0.00 0.00
1.960	S 20443490 -0.26 0.44 0.00 0.00 HOLD
1.980	>>> V 0.00 0.00
1.980	S 20443510 -0.26 0.44 0.00 0.00 HOLD
1.999	>>> V 0.00 0.00
2.000	S 20443530 -0.26 0.44 0.00 0.00 HOLD
2.019	>>> V 0.00 0.00
2.019	S 20443550 -0.26 0.44 0.00 0.00 HOLD
2.040	>>> V 0.00 0.00
2.041	S 20443570 -0.26 0.44 0.00 0.00 HOLD
2.058	>>> V 0.00 0.00
2.059	S 20443590 -0.26 0.44 0.00 0.00 HOLD
2.080	>>> V 0.00 0.00
2.081	S 20443610 -0.26 0.44 0.00 0.00 HOLD
2.099	>>> V 0.00 0.00
2.099	S 20443630 -0.26 0.44 0.00 0.00 HOLD
2.119	>>> V 0.00 0.00
2.119	S 20443650 -0.26 0.44 0.00 0.00 HOLD
2.138	>>> V 0.00 0.00
2.139	S 20443670 -0.26 0.44 0.00 0.00 HOLD
2.159	>>> V 0.00 0.00
2.159	S 20443690 -0.26 0.44 0.00 0.00 HOLD
2.179	>>> V 0.00 0.00
2.179	S 20443710 -0.26 0.44 0.00 0.00 HOLD
2.199	>>> V 0.00 0.00
2.199	S 20443730 -0.26 0.44 0.00 0.00 HOLD
2.219	>>> V 0.00 0.00
2.219	S 20443750 -0.26 0.44 0.00 0.00 HOLD
2.238	>>> V 0.00 0.00
2.241	S 20443770 -0.26 0.44 0.00 0.00 HOLD
2.261	>>> V 0.00 0.00
2.262	S 20443790 -0.26 0.44 0.00 0.00 HOLD
2.279	>>> V 0.00 0.00
2.279	S 20443810 -0.26 0.44 0.00 0.00 HOLD
2.302	>>> V 0.00 0.00
2.302	S 20443830 -0.26 0.44 0.00 0.00 HOLD
2.319	>>> V 0.00 0.00
2.320	S 20443850 -0.26 0.44 0.00 0.00 HOLD
2.340	>>> V 0.00 0.00
2.340	S 20443871 -0.26 0.44 0.00 0.00 HOLD
2.359	>>> V 0.00 0.00
2.359	S 20443891 -0.26 0.44 0.00 0.00 HOLD
2.379	>>> V 0.00 0.00
2.379	S 20443911 -0.26 0.44 0.00 0.00 HOLD
2.399	>>> V 0.00 0.00
2.400	S 20443931 -0.26 0.44 0.00 0.00 HOLD
2.419	>>> V 0.00 0.00
2.419	S 20443951 -0.26 0.44 0.00 0.00 HOLD
2.440	>>> V 0.00 0.00
2.440	S 20443971 -0.26 0.44 0.00 0.00 HOLD
2.458	>>> V 0.00 0.00
2.459	S 20443991 -0.26 0.44 0.00 0.00 HOLD
2.482	>>> V 0.00 0.00
2.483	S 20444011 -0.26 0.44 0.00 0.00 HOLD
2.499	>>> V 0.00 0.00
2.499	S 20444031 -0.26 0.44 0.00 0.00 HOLD
2.520	>>> V 0.00 0.00
2.521	S 20444051 -0.26 0.44 0.00 0.00 HOLD
2.539	>>> V 0.00 0.00
2.540	S 20444071 -0.26 0.35 0.00 0.00 HOLD
2.562	>>> V 0.00 0.00
2.562	S 20444091 -0.26 0.44 0.00 0.00 HOLD
2.579	>>> V 0.00 0.00
2.580	S 20444111 -0.26 0.44 0.00 0.00 HOLD
2.599	>>> V 0.00 0.00
2.599	S 20444131 -0.26 0.44 0.00 0.00 HOLD
2.619	>>> V 0.00 0.00
2.619	S 20444151 -0.26 0.44 0.00 0.00 HOLD
2.639	>>> V 0.00 0.00
2.640	S 20444171 -0.26 0.44 0.00 0.00 HOLD
2.659	>>> V 0.00 0.00
2.659	S 20444191 -0.26 0.44 0.00 0.00 HOLD
2.680	>>> V 0.00 0.00
2.680	S 20444211 -0.26 0.44 0.00 0.00 HOLD
2.698	>>> V 0.00 0.00
2.699	S 20444231 -0.26 0.44 0.00 0.00 HOLD
2.721	>>> V 0.00 0.00
2.722	S 20444251 -0.26 0.44 0.00 0.00 HOLD
2.739	>>> V 0.00 0.00
2.740	S 20444271 -0.26 0.44 0.00 0.00 HOLD
2.760	>>> V 0.00 0.00
2.760	S 20444291 -0.26 0.44 0.00 0.00 HOLD
2.779	>>> V 0.00 0.00
2.779	S 20444311 -0.26 0.44 0.00 0.00 HOLD
2.801	>>> V 0.00 0.00
2.801	S 20444331 -0.26 0.44 0.00 0.00 HOLD
2.819	>>> V 0.00 0.00
2.819	S 20444351 -0.26 0.44 0.00 0.00 HOLD
2.838	>>> V 0.00 0.00
2.839	S 20444371 -0.26 0.44 0.00 0.00 HOLD
2.858	>>> V 0.00 0.00
2.859	S 20444391 -0.26 0.44 0.00 0.00 HOLD
2.880	>>> V 0.00 0.00
2.880	S 20444411 -0.26 0.44 0.00 0.00 HOLD
2.899	>>> V 0.00 0.00
2.899	S 20444431 -0.26 0.44 0.00 0.00 HOLD
2.919	>>> V 0.00 0.00
2.919	S 20444451 -0.26 0.44 0.00 0.00 HOLD
2.938	>>> V 0.00 0.00
2.939	S 20444471 -0.26 0.44 0.00 0.00 HOLD
2.959	>>> V 0.00 0.00
2.959	S 20444491 -0.26 0.44 0.00 0.00 HOLD
2.979	>>> V 0.00 0.00
2.980	S 20444511 -0.26 0.44 0.00 0.00 HOLD
2.999	>>> V 0.00 0.00
2.999	S 20444531 -0.26 0.44 0.00 0.00 HOLD
3.019	>>> V 0.00 0.00
3.020	S 20444551 -0.26 0.44 0.00 0.00 HOLD
3.038	>>> V 0.00 0.00
3.039	S 20444571 -0.26 0.44 0.00 0.00 HOLD
3.060	>>> V 0.00 0.00
3.061	S 20444591 -0.26 0.44 0.00 0.00 HOLD
3.079	>>> V 0.00 0.00
3.079	S 20444611 -0.26 0.44 0.00 0.00 HOLD
3.100	>>> V 0.00 0.00
3.101	S 20444631 -0.26 0.44 0.00 0.00 HOLD
3.118	>>> V 0.00 0.00
3.119	S 20444651 -0.26 0.44 0.00 0.00 HOLD
3.141	>>> V 0.00 0.00
3.141	S 20444671 -0.26 0.44 0.00 0.00 HOLD
3.159	>>> V 0.00 0.00
3.161	S 20444691 -0.26 0.44 0.00 0.00 HOLD
3.180	>>> V 0.00 0.00
3.180	S 20444711 -0.26 0.44 0.00 0.00 HOLD
3.198	>>> V 0.00 0.00
3.199	S 20444731 -0.26 0.44 0.00 0.00 HOLD
3.219	>>> V 0.00 0.00
3.219	S 20444751 -0.26 0.44 0.00 0.00 HOLD
3.239	>>> V 0.00 0.00
3.240	S 20444771 -0.26 0.44 0.00 0.00 HOLD
3.258	>>> V 0.00 0.00
3.259	S 20444791 -0.26 0.44 0.00 0.00 HOLD
3.281	>>> V 0.00 0.00
3.282	S 20444811 -0.26 0.44 0.00 0.00 HOLD
3.299	>>> V 0.00 0.00
3.299	S 20444831 -0.26 0.44 0.00 0.00 HOLD
3.321	>>> V 0.00 0.00
3.322	S 20444851 -0.26 0.44 0.00 0.00 HOLD
3.339	>>> V 0.00 0.00
3.339	S 20444871 -0.26 0.44 0.00 0.00 HOLD
3.360	>>> V 0.00 0.00
3.361	S 20444891 -0.26 0.44 0.00 0.00 HOLD
3.379	>>> V 0.00 0.00
3.380	S 20444911 -0.26 0.44 0.00 0.00 HOLD
3.403	>>> V 0.00 0.00
3.403	S 20444931 -0.26 0.44 0.00 0.00 HOLD
3.418	>>> V 0.00 0.00
3.419	S 20444951 -0.26 0.44 0.00 0.00 HOLD
3.440	>>> V 0.00 0.00
3.441	S 20444971 -0.26 0.44 0.00 0.00 HOLD
3.460	>>> V 0.00 0.00
3.461	S 20444991 -0.26 0.44 0.00 0.00 HOLD
3.480	>>> V 0.00 0.00
3.480	S 20445011 -0.26 0.44 0.00 0.00 HOLD
3.499	>>> V 0.00 0.00
3.500	S 20445031 -0.26 0.44 0.00 0.00 HOLD
3.518	>>> V 0.00 0.00
3.519	S 20445051 -0.26 0.44 0.00 0.00 HOLD
3.540	>>> V 0.00 0.00
3.540	S 20445071 -0.26 0.44 0.00 0.00 HOLD
3.559	>>> V 0.00 0.00
3.559	S 20445091 -0.26 0.44 0.00 0.00 HOLD
3.580	>>> V 0.00 0.00
3.581	S 20445111 -0.26 0.44 0.00 0.00 HOLD
3.599	>>> V 0.00 0.00
3.599	S 20445131 -0.26 0.44 0.00 0.00 HOLD
3.620	>>> V 0.00 0.00
3.621	S 20445151 -0.26 0.44 0.00 0.00 HOLD
3.639	>>> V 0.00 0.00
3.640	S 20445171 -0.26 0.44 0.00 0.00 HOLD
3.662	>>> V 0.00 0.00
3.662	S 20445191 -0.26 0.44 0.00 0.00 HOLD
3.679	>>> V 0.00 0.00
3.679	S 20445211 -0.26 0.44 0.00 0.00 HOLD
3.700	>>> V 0.00 0.00
3.700	S 20445231 -0.26 0.44 0.00 0.00 HOLD
3.719	>>> V 0.00 0.00
3.719	S 20445251 -0.26 0.44 0.00 0.00 HOLD
3.738	>>> V 0.00 0.00
3.739	S 20445271 -0.26 0.44 0.00 0.00 HOLD
3.759	>>> V 0.00 0.00
3.760	S 20445291 -0.26 0.44 0.00 0.00 HOLD
3.779	>>> V 0.00 0.00
3.779	S 20445311 -0.26 0.44 0.00 0.00 HOLD
3.800	>>> V 0.00 0.00
3.801	S 20445331 -0.26 0.44 0.00 0.00 HOLD
3.822	>>> V 0.00 0.00
3.824	S 20445351 -0.26 0.44 0.00 0.00 HOLD
3.842	>>> V 0.00 0.00
3.844	S 20445371 -0.26 0.44 0.00 0.00 HOLD
3.861	>>> V 0.00 0.00
3.863	S 20445391 -0.26 0.44 0.00 0.00 HOLD
3.879	>>> V 0.00 0.00
3.882	S 20445411 -0.26 0.44 0.00 0.00 HOLD
3.903	>>> V 0.00 0.00
3.905	S 20445431 -0.26 0.44 0.00 0.00 HOLD
3.920	>>> V 0.00 0.00
3.922	S 20445451 -0.26 0.44 0.00 0.00 HOLD
3.940	>>> V 0.00 0.00
3.941	S 20445471 -0.26 0.44 0.00 0.00 HOLD
3.959	>>> V 0.00 0.00
3.959	S 20445491 -0.26 0.44 0.00 0.00 HOLD
3.979	>>> V 0.00 0.00
3.979	S 20445511 -0.26 0.44 0.00 0.00 HOLD
3.999	>>> V 0.00 0.00
4.000	S 20445531 -0.26 0.44 0.00 0.00 HOLD
4.020	>>> V 0.00 0.00
4.021	S 20445551 -0.26 0.44 0.00 0.00 HOLD
4.040	>>> V 0.00 0.00
4.041	S 20445571 -0.26 0.44 0.00 0.00 HOLD
4.059	>>> V 0.00 0.00
4.059	S 20445591 -0.26 0.44 0.00 0.00 HOLD
4.083	>>> V 0.00 0.00
4.087	S 20445611 -0.26 0.44 0.00 0.00 HOLD
4.099	>>> V 0.00 0.00
4.099	S 20445631 -0.26 0.44 0.00 0.00 HOLD
4.124	>>> V 0.00 0.00
4.125	S 20445651 -0.26 0.44 0.00 0.00 HOLD
4.138	>>> V 0.00 0.00
4.139	S 20445671 -0.26 0.44 0.00 0.00 HOLD
4.161	>>> V 0.00 0.00
4.162	S 20445691 -0.26 0.44 0.00 0.00 HOLD
4.179	>>> V 0.00 0.00
4.179	S 20445711 -0.26 0.44 0.00 0.00 HOLD
4.200	>>> V 0.00 0.00
4.201	S 20445731 -0.26 0.44 0.00 0.00 HOLD
4.219	>>> V 0.00 0.00
4.221	S 20445751 -0.26 0.44 0.00 0.00 HOLD
4.240	>>> V 0.00 0.00
4.241	S 20445771 -0.26 0.44 0.00 0.00 HOLD
4.259	>>> V 0.00 0.00
4.260	S 20445791 -0.26 0.44 0.00 0.00 HOLD
4.279	>>> V 0.00 0.00
4.279	S 20445811 -0.26 0.44 0.00 0.00 HOLD
4.299	>>> V 0.00 0.00
4.300	S 20445831 -0.26 0.44 0.00 0.00 HOLD
4.320	>>> V 0.00 0.00
4.320	S 20445851 -0.26 0.35 0.00 0.00 HOLD
4.338	>>> V 0.00 0.00
4.339	S 20445871 -0.26 0.44 0.00 0.00 HOLD
4.362	>>> V 0.00 0.00
4.362	S 20445891 -0.26 0.44 0.00 0.00 HOLD
4.378	>>> V 0.00 0.00
4.379	S 20445911 -0.26 0.44 0.00 0.00 HOLD
4.401	>>> V 0.00 0.00
4.402	S 20445931 -0.26 0.44 0.00 0.00 HOLD
4.420	>>> V 0.00 0.00
4.421	S 20445951 -0.26 0.44 0.00 0.00 HOLD
4.440	>>> V 0.00 0.00
4.441	S 20445971 -0.26 0.44 0.00 0.00 HOLD
4.459	>>> V 0.00 0.00
4.459	S 20445991 -0.26 0.44 0.00 0.00 HOLD
4.480	>>> V 0.00 0.00
4.481	S 20446011 -0.26 0.44 0.00 0.00 HOLD
4.499	>>> V 0.00 0.00
4.499	S 20446031 -0.26 0.44 0.00 0.00 HOLD
4.521	>>> V 0.00 0.00
4.522	S 20446051 -0.26 0.44 0.00 0.00 HOLD
4.539	>>> V 0.00 0.00
4.541	S 20446071 -0.26 0.44 0.00 0.00 HOLD
4.559	>>> V 0.00 0.00
4.560	S 20446091 -0.26 0.44 0.00 0.00 HOLD
4.580	>>> V 0.00 0.00
4.581	S 20446111 -0.26 0.44 0.00 0.00 HOLD
4.598	>>> V 0.00 0.00
4.599	S 20446131 -0.26 0.44 0.00 0.00 HOLD
4.621	>>> V 0.00 0.00
4.621	S 20446151 -0.26 0.44 0.00 0.00 HOLD
4.639	>>> V 0.00 0.00
4.641	S 20446171 -0.26 0.44 0.00 0.00 HOLD
4.661	>>> V 0.00 0.00
4.662	S 20446191 -0.26 0.44 0.00 0.00 HOLD
4.680	>>> V 0.00 0.00
4.680	S 20446211 -0.26 0.44 0.00 0.00 HOLD
4.701	>>> V 0.00 0.00
4.702	S 20446231 -0.26 0.44 0.00 0.00 HOLD
4.719	>>> V 0.00 0.00
4.720	S 20446251 -0.26 0.44 0.00 0.00 HOLD
4.739	>>> V 0.00 0.00
4.739	S 20446271 -0.26 0.44 0.00 0.00 HOLD
4.758	>>> V 0.00 0.00
4.759	S 20446291 -0.26 0.44 0.00 0.00 HOLD
4.779	>>> V 0.00 0.00
4.779	S 20446311 -0.26 0.44 0.00 0.00 HOLD
4.799	>>> V 0.00 0.00
4.800	S 20446331 -0.26 0.44 0.00 0.00 HOLD
4.819	>>> V 0.00 0.00
4.819	S 20446351 -0.26 0.44 0.00 0.00 HOLD
4.839	>>> V 0.00 0.00
4.840	S 20446371 -0.26 0.44 0.00 0.00 HOLD
4.859	>>> V 0.00 0.00
4.860	S 20446391 -0.26 0.44 0.00 0.00 HOLD
4.880	>>> V 0.00 0.00
4.881	S 20446411 -0.26 0.44 0.00 0.00 HOLD
4.899	>>> V 0.00 0.00
4.900	S 20446431 -0.26 0.44 0.00 0.00 HOLD
4.923	>>> V 0.00 0.00
4.924	S 20446451 -0.26 0.44 0.00 0.00 HOLD
4.940	>>> V 0.00 0.00
4.940	S 20446471 -0.26 0.44 0.00 0.00 HOLD
4.962	>>> V 0.00 0.00
4.962	S 20446491 -0.26 0.44 0.00 0.00 HOLD
4.979	>>> V 0.00 0.00
4.979	S 20446511 -0.26 0.44 0.00 0.00 HOLD
5.000	>>> V 0.00 0.00
5.001	S 20446531 -0.26 0.44 0.00 0.00 HOLD
5.020	>>> V 0.00 0.00
5.020	S 20446551 -0.26 0.44 0.00 0.00 HOLD
5.039	>>> V 0.00 0.00
5.041	S 20446571 -0.26 0.44 0.00 0.00 HOLD
5.058	>>> V 0.00 0.00
5.061	S 20446591 -0.26 0.44 0.00 0.00 HOLD
5.078	>>> V 0.00 0.00
5.079	S 20446611 -0.26 0.44 0.00 0.00 HOLD
5.099	>>> V 0.00 0.00
5.100	S 20446631 -0.26 0.44 0.00 0.00 HOLD
5.119	>>> V 0.00 0.00
5.119	S 20446651 -0.26 0.44 0.00 0.00 HOLD
5.139	>>> V 0.00 0.00
5.140	S 20446671 -0.26 0.44 0.00 0.00 HOLD
5.159	>>> V 0.00 0.00
5.159	S 20446691 -0.26 0.44 0.00 0.00 HOLD
5.180	>>> V 0.00 0.00
5.182	S 20446711 -0.26 0.44 0.00 0.00 HOLD
5.199	>>> V 0.00 0.00
5.200	S 20446731 -0.26 0.44 0.00 0.00 HOLD
5.219	>>> V 0.00 0.00
5.220	S 20446751 -0.26 0.44 0.00 0.00 HOLD
5.239	>>> V 0.00 0.00
5.239	S 20446771 -0.26 0.44 0.00 0.00 HOLD
5.260	>>> V 0.00 0.00
5.260	S 20446791 -0.26 0.44 0.00 0.00 HOLD
5.278	>>> V 0.00 0.00
5.279	S 20446811 -0.26 0.44 0.00 0.00 HOLD
5.299	>>> V 0.00 0.00
5.299	S 20446831 -0.26 0.44 0.00 0.00 HOLD
5.318	>>> V 0.00 0.00
5.319	S 20446851 -0.26 0.44 0.00 0.00 HOLD
5.339	>>> V 0.00 0.00
5.339	S 20446871 -0.26 0.44 0.00 0.00 HOLD
5.360	>>> V 0.00 0.00
5.361	S 20446891 -0.26 0.44 0.00 0.00 HOLD
5.378	>>> V 0.00 0.00
5.379	S 20446911 -0.26 0.44 0.00 0.00 HOLD
5.399	>>> V 0.00 0.00
5.399	S 20446931 -0.26 0.44 0.00 0.00 HOLD
5.419	>>> V 0.00 0.00
5.419	S 20446951 -0.26 0.44 0.00 0.00 HOLD
5.438	>>> V 0.00 0.00
5.440	S 20446971 -0.26 0.44 0.00 0.00 HOLD
5.459	>>> V 0.00 0.00
5.459	S 20446991 -0.26 0.44 0.00 0.00 HOLD
5.479	>>> V 0.00 0.00
5.480	S 20447011 -0.26 0.44 0.00 0.00 HOLD
5.498	>>> V 0.00 0.00
5.499	S 20447031 -0.26 0.44 0.00 0.00 HOLD
5.520	>>> V 0.00 0.00
5.521	S 20447051 -0.26 0.44 0.00 0.00 HOLD
5.538	>>> V 0.00 0.00
5.539	S 20447071 -0.26 0.44 0.00 0.00 HOLD
5.559	>>> V 0.00 0.00
5.560	S 20447091 -0.26 0.44 0.00 0.00 HOLD
5.578	>>> V 0.00 0.00
5.579	S 20447111 -0.26 0.44 0.00 0.00 HOLD
5.599	>>> V 0.00 0.00
5.600	S 20447131 -0.26 0.44 0.00 0.00 HOLD
5.618	>>> V 0.00 0.00
5.619	S 20447151 -0.26 0.44 0.00 0.00 HOLD
5.639	>>> V 0.00 0.00
5.640	S 20447171 -0.26 0.44 0.00 0.00 HOLD
5.658	>>> V 0.00 0.00
5.659	S 20447191 -0.26 0.44 0.00 0.00 HOLD
5.680	>>> V 0.00 0.00
5.680	S 20447211 -0.26 0.44 0.00 0.00 HOLD
5.698	>>> V 0.00 0.00
5.699	S 20447231 -0.26 0.44 0.00 0.00 HOLD
5.720	>>> V 0.00 0.00
5.720	S 20447251 -0.26 0.44 0.00 0.00 HOLD
5.738	>>> V 0.00 0.00
5.739	S 20447271 -0.26 0.44 0.00 0.00 HOLD
5.761	>>> V 0.00 0.00
5.761	S 20447291 -0.26 0.44 0.00 0.00 HOLD
5.778	>>> V 0.00 0.00
5.779	S 20447311 -0.26 0.44 0.00 0.00 HOLD
5.799	>>> V 0.00 0.00
5.800	S 20447331 -0.26 0.44 0.00 0.00 HOLD
5.819	>>> V 0.00 0.00
5.819	S 20447351 -0.26 0.44 0.00 0.00 HOLD
5.840	>>> V 0.00 0.00
5.841	S 20447371 -0.26 0.44 0.00 0.00 HOLD
5.859	>>> V 0.00 0.00
5.859	S 20447391 -0.26 0.44 0.00 0.00 HOLD
5.880	>>> V 0.00 0.00
5.880	S 20447411 -0.26 0.44 0.00 0.00 HOLD
5.898	>>> V 0.00 0.00
5.900	S 20447431 -0.26 0.44 0.00 0.00 HOLD
5.919	>>> V 0.00 0.00
5.920	S 20447451 -0.26 0.44 0.00 0.00 HOLD
5.939	>>> V 0.00 0.00
5.940	S 20447471 -0.26 0.44 0.00 0.00 HOLD
5.960	>>> V 0.00 0.00
5.961	S 20447491 -0.26 0.44 0.00 0.00 HOLD
5.979	>>> V 0.00 0.00
5.980	S 20447511 -0.26 0.44 0.00 0.00 HOLD
6.000	>>> V 0.00 0.00
6.001	S 20447531 -0.26 0.44 0.00 0.00 HOLD
6.019	>>> V 0.00 0.00
6.019	S 20447551 -0.26 0.44 0.00 0.00 HOLD
6.042	>>> V 0.00 0.00
6.042	S 20447571 -0.26 0.44 0.00 0.00 HOLD
6.059	>>> V 0.00 0.00
6.059	S 20447591 -0.26 0.44 0.00 0.00 HOLD
6.079	>>> V 0.00 0.00
6.080	S 20447611 -0.26 0.44 0.00 0.00 HOLD
6.099	>>> V 0.00 0.00
6.100	S 20447631 -0.26 0.44 0.00 0.00 HOLD
6.119	>>> V 0.00 0.00
6.119	S 20447651 -0.26 0.44 0.00 0.00 HOLD
6.140	>>> V 0.00 0.00
6.142	S 20447671 -0.26 0.44 0.00 0.00 HOLD
6.161	>>> V 0.00 0.00
6.162	S 20447691 -0.26 0.44 0.00 0.00 HOLD
6.180	>>> V 0.00 0.00
6.181	S 20447711 -0.26 0.44 0.00 0.00 HOLD
6.204	>>> V 0.00 0.00
6.205	S 20447731 -0.26 0.44 0.00 0.00 HOLD
6.222	>>> V 0.00 0.00
6.223	S 20447751 -0.26 0.44 0.00 0.00 HOLD
6.239	>>> V 0.00 0.00
6.239	S 20447771 -0.26 0.44 0.00 0.00 HOLD
6.262	>>> V 0.00 0.00
6.263	S 20447791 -0.26 0.44 0.00 0.00 HOLD
6.279	>>> V 0.00 0.00
6.279	S 20447811 -0.26 0.44 0.00 0.00 HOLD
6.301	>>> V 0.00 0.00
6.302	S 20447831 -0.26 0.44 0.00 0.00 HOLD
6.319	>>> V 0.00 0.00
6.319	S 20447851 -0.26 0.44 0.00 0.00 HOLD
6.339	>>> V 0.00 0.00
6.339	S 20447871 -0.26 0.44 0.00 0.00 HOLD
6.359	>>> V 0.00 0.00
6.360	S 20447891 -0.26 0.44 0.00 0.00 HOLD
6.379	>>> V 0.00 0.00
6.380	S 20447911 -0.26 0.44 0.00 0.00 HOLD
6.404	>>> V 0.00 0.00
6.404	S 20447931 -0.26 0.44 0.00 0.00 HOLD
6.420	>>> V 0.00 0.00
6.420	S 20447951 -0.26 0.44 0.00 0.00 HOLD
6.441	>>> V 0.00 0.00
6.441	S 20447971 -0.26 0.44 0.00 0.00 HOLD
6.459	>>> V 0.00 0.00
6.459	S 20447991 -0.26 0.44 0.00 0.00 HOLD
6.479	>>> V 0.00 0.00
6.479	S 20448011 -0.26 0.44 0.00 0.00 HOLD
6.502	>>> V 0.00 0.00
6.503	S 20448031 -0.26 0.44 0.00 0.00 HOLD
6.518	>>> V 0.00 0.00
6.519	S 20448051 -0.26 0.44 0.00 0.00 HOLD
6.541	>>> V 0.00 0.00
6.541	S 20448071 -0.26 0.44 0.00 0.00 HOLD
6.560	>>> V 0.00 0.00
6.561	S 20448091 -0.26 0.44 0.00 0.00 HOLD
6.580	>>> V 0.00 0.00
6.581	S 20448111 -0.26 0.44 0.00 0.00 HOLD
6.599	>>> V 0.00 0.00
6.599	S 20448131 -0.26 0.44 0.00 0.00 HOLD
6.621	>>> V 0.00 0.00
6.622	S 20448151 -0.26 0.44 0.00 0.00 HOLD
6.639	>>> V 0.00 0.00
6.640	S 20448171 -0.26 0.44 0.00 0.00 HOLD
6.660	>>> V 0.00 0.00
6.660	S 20448191 -0.26 0.44 0.00 0.00 HOLD
6.679	>>> V 0.00 0.00
6.679	S 20448211 -0.26 0.35 0.00 0.00 HOLD
6.699	>>> V 0.00 0.00
6.699	S 20448231 -0.26 0.44 0.00 0.00 HOLD
6.719	>>> V 0.00 0.00
6.719	S 20448251 -0.26 0.44 0.00 0.00 HOLD
6.739	>>> V 0.00 0.00
6.743	S 20448271 -0.26 0.44 0.00 0.00 HOLD
6.759	>>> V 0.00 0.00
6.761	S 20448291 -0.26 0.44 0.00 0.00 HOLD
6.779	>>> V 0.00 0.00
6.779	S 20448311 -0.26 0.44 0.00 0.00 HOLD
6.799	>>> V 0.00 0.00
6.799	S 20448331 -0.26 0.44 0.00 0.00 HOLD
6.819	>>> V 0.00 0.00
6.820	S 20448351 -0.26 0.44 0.00 0.00 HOLD
6.838	>>> V 0.00 0.00
6.839	S 20448371 -0.26 0.44 0.00 0.00 HOLD
6.859	>>> V 0.00 0.00
6.861	S 20448391 -0.26 0.44 0.00 0.00 HOLD
6.879	>>> V 0.00 0.00
6.879	S 20448411 -0.26 0.44 0.00 0.00 HOLD
6.900	>>> V 0.00 0.00
6.901	S 20448431 -0.26 0.44 0.00 0.00 HOLD
6.919	>>> V 0.00 0.00
6.920	S 20448451 -0.26 0.44 0.00 0.00 HOLD
6.941	>>> V 0.00 0.00
6.941	S 20448471 -0.26 0.44 0.00 0.00 HOLD
6.959	>>> V 0.00 0.00
6.959	S 20448491 -0.26 0.44 0.00 0.00 HOLD
6.979	>>> V 0.00 0.00
6.979	S 20448511 -0.26 0.44 0.00 0.00 HOLD
6.999	>>> V 0.00 0.00
6.999	S 20448531 -0.26 0.44 0.00 0.00 HOLD
7.019	>>> V 0.00 0.00
7.020	S 20448551 -0.26 0.44 0.00 0.00 HOLD
7.039	>>> V 0.00 0.00
7.039	S 20448571 -0.26 0.44 0.00 0.00 HOLD
7.060	>>> V 0.00 0.00
7.061	S 20448591 -0.26 0.44 0.00 0.00 HOLD
7.080	>>> V 0.00 0.00
7.080	S 20448611 -0.26 0.44 0.00 0.00 HOLD
7.100	>>> V 0.00 0.00
7.101	S 20448631 -0.26 0.44 0.00 0.00 HOLD
7.119	>>> V 0.00 0.00
7.119	S 20448651 -0.26 0.44 0.00 0.00 HOLD
7.140	>>> V 0.00 0.00
7.140	S 20448671 -0.26 0.44 0.00 0.00 HOLD
7.159	>>> V 0.00 0.00
7.159	S 20448691 -0.26 0.44 0.00 0.00 HOLD
7.179	>>> V 0.00 0.00
7.179	S 20448711 -0.26 0.44 0.00 0.00 HOLD
7.200	>>> V 0.00 0.00
7.201	S 20448731 -0.26 0.44 0.00 0.00 HOLD
7.219	>>> V 0.00 0.00
7.219	S 20448751 -0.26 0.44 0.00 0.00 HOLD
7.239	>>> V 0.00 0.00
7.239	S 20448771 -0.26 0.44 0.00 0.00 HOLD
7.259	>>> V 0.00 0.00
7.259	S 20448791 -0.26 0.44 0.00 0.00 HOLD
7.280	>>> V 0.00 0.00
7.281	S 20448811 -0.26 0.44 0.00 0.00 HOLD
7.299	>>> V 0.00 0.00
7.299	S 20448831 -0.26 0.44 0.00 0.00 HOLD
7.322	>>> V 0.00 0.00
7.323	S 20448851 -0.26 0.44 0.00 0.00 HOLD
7.339	>>> V 0.00 0.00
7.340	S 20448871 -0.26 0.44 0.00 0.00 HOLD
7.361	>>> V 0.00 0.00
7.361	S 20448891 -0.26 0.44 0.00 0.00 HOLD
7.379	>>> V 0.00 0.00
7.379	S 20448911 -0.26 0.44 0.00 0.00 HOLD
7.399	>>> V 0.00 0.00
7.399	S 20448931 -0.26 0.44 0.00 0.00 HOLD
7.419	>>> V 0.00 0.00
7.420	S 20448951 -0.26 0.44 0.00 0.00 HOLD
7.438	>>> V 0.00 0.00
7.439	S 20448971 -0.26 0.44 0.00 0.00 HOLD
7.461	>>> V 0.00 0.00
7.462	S 20448991 -0.26 0.44 0.00 0.00 HOLD
7.478	>>> V 0.00 0.00
7.479	S 20449011 -0.26 0.44 0.00 0.00 HOLD
7.500	>>> V 0.00 0.00
7.502	S 20449031 -0.26 0.44 0.00 0.00 HOLD
7.519	>>> V 0.00 0.00
7.519	S 20449051 -0.26 0.44 0.00 0.00 HOLD
7.540	>>> V 0.00 0.00
7.541	S 20449071 -0.26 0.44 0.00 0.00 HOLD
7.559	>>> V 0.00 0.00
7.560	S 20449091 -0.26 0.44 0.00 0.00 HOLD
7.579	>>> V 0.00 0.00
7.580	S 20449111 -0.26 0.44 0.00 0.00 HOLD
7.599	>>> V 0.00 0.00
7.599	S 20449131 -0.26 0.44 0.00 0.00 HOLD
7.619	>>> V 0.00 0.00
7.619	S 20449151 -0.26 0.44 0.00 0.00 HOLD
7.639	>>> V 0.00 0.00
7.640	S 20449171 -0.26 0.35 0.00 0.00 HOLD
7.658	>>> V 0.00 0.00
7.659	S 20449191 -0.26 0.44 0.00 0.00 HOLD
7.679	>>> V 0.00 0.00
7.680	S 20449211 -0.26 0.44 0.00 0.00 HOLD
7.698	>>> V 0.00 0.00
7.699	S 20449231 -0.26 0.44 0.00 0.00 HOLD
7.720	>>> V 0.00 0.00
7.722	S 20449251 -0.26 0.44 0.00 0.00 HOLD
7.738	>>> V 0.00 0.00
7.739	S 20449271 -0.26 0.44 0.00 0.00 HOLD
7.760	>>> V 0.00 0.00
7.761	S 20449291 -0.26 0.44 0.00 0.00 HOLD
7.779	>>> V 0.00 0.00
7.779	S 20449311 -0.26 0.44 0.00 0.00 HOLD
7.800	>>> V 0.00 0.00
7.800	S 20449331 -0.26 0.44 0.00 0.00 HOLD
7.825	>>> V 0.00 0.00
7.826	S 20449351 -0.26 0.44 0.00 0.00 HOLD
7.839	>>> V 0.00 0.00
7.839	S 20449371 -0.26 0.44 0.00 0.00 HOLD
7.859	>>> V 0.00 0.00
7.861	S 20449391 -0.26 0.44 0.00 0.00 HOLD
7.878	>>> V 0.00 0.00
7.879	S 20449411 -0.26 0.44 0.00 0.00 HOLD
7.900	>>> V 0.00 0.00
7.900	S 20449431 -0.26 0.44 0.00 0.00 HOLD
7.919	>>> V 0.00 0.00
7.920	S 20449451 -0.26 0.44 0.00 0.00 HOLD
7.940	>>> V 0.00 0.00
7.941	S 20449471 -0.26 0.44 0.00 0.00 HOLD
7.959	>>> V 0.00 0.00
7.959	S 20449491 -0.26 0.44 0.00 0.00 HOLD
7.979	>>> V 0.00 0.00
7.981	S 20449511 -0.26 0.44 0.00 0.00 HOLD
7.998	>>> V 0.00 0.00
7.999	S 20449531 -0.26 0.44 0.00 0.00 HOLD
8.021	>>> V 0.00 0.00
8.022	S 20449551 -0.26 0.44 0.00 0.00 HOLD
8.038	>>> V 0.00 0.00
8.039	S 20449571 -0.26 0.44 0.00 0.00 HOLD
8.060	>>> V 0.00 0.00
8.061	S 20449591 -0.26 0.44 0.00 0.00 HOLD
8.079	>>> V 0.00 0.00
8.080	S 20449611 -0.26 0.44 0.00 0.00 HOLD
8.102	>>> V 0.00 0.00
8.102	S 20449631 -0.26 0.44 0.00 0.00 HOLD
8.119	>>> V 0.00 0.00
8.119	S 20449651 -0.26 0.44 0.00 0.00 HOLD
8.140	>>> V 0.00 0.00
8.141	S 20449671 -0.26 0.44 0.00 0.00 HOLD
8.159	>>> V 0.00 0.00
8.160	S 20449691 -0.26 0.44 0.00 0.00 HOLD
8.178	>>> V 0.00 0.00
8.179	S 20449711 -0.26 0.44 0.00 0.00 HOLD
8.199	>>> V 0.00 0.00
8.201	S 20449731 -0.26 0.44 0.00 0.00 HOLD
8.219	>>> V 0.00 0.00
8.219	S 20449751 -0.26 0.44 0.00 0.00 HOLD
8.239	>>> V 0.00 0.00
8.239	S 20449771 -0.26 0.44 0.00 0.00 HOLD
8.259	>>> V 0.00 0.00
8.260	S 20449791 -0.26 0.44 0.00 0.00 HOLD
8.281	>>> V 0.00 0.00
8.282	S 20449811 -0.26 0.44 0.00 0.00 HOLD
8.299	>>> V 0.00 0.00
8.299	S 20449831 -0.26 0.44 0.00 0.00 HOLD
8.326	>>> V 0.00 0.00
8.327	S 20449851 -0.26 0.44 0.00 0.00 HOLD
8.340	>>> V 0.00 0.00
8.340	S 20449871 -0.26 0.44 0.00 0.00 HOLD
8.360	>>> V 0.00 0.00
8.361	S 20449891 -0.26 0.44 0.00 0.00 HOLD
8.379	>>> V 0.00 0.00
8.380	S 20449911 -0.26 0.35 0.00 0.00 HOLD
8.399	>>> V 0.00 0.00
8.401	S 20449931 -0.26 0.44 0.00 0.00 HOLD
8.420	>>> V 0.00 0.00
8.420	S 20449951 -0.26 0.44 0.00 0.00 HOLD
8.438	>>> V 0.00 0.00
8.439	S 20449971 -0.26 0.44 0.00 0.00 HOLD
8.461	>>> V 0.00 0.00
8.462	S 20449991 -0.26 0.35 0.00 0.00 HOLD
8.479	>>> V 0.00 0.00
8.480	S 20450011 -0.26 0.44 0.00 0.00 HOLD
8.500	>>> V 0.00 0.00
8.500	S 20450031 -0.26 0.44 0.00 0.00 HOLD
8.519	>>> V 0.00 0.00
8.520	S 20450051 -0.26 0.44 0.00 0.00 HOLD
8.540	>>> V 0.00 0.00
8.541	S 20450071 -0.26 0.44 0.00 0.00 HOLD
8.559	>>> V 0.00 0.00
8.560	S 20450091 -0.26 0.44 0.00 0.00 HOLD
8.580	>>> V 0.00 0.00
8.581	S 20450111 -0.26 0.44 0.00 0.00 HOLD
8.599	>>> V 0.00 0.00
8.599	S 20450131 -0.26 0.44 0.00 0.00 HOLD
8.619	>>> V 0.00 0.00
8.619	S 20450151 -0.26 0.44 0.00 0.00 HOLD
8.639	>>> V 0.00 0.00
8.639	S 20450171 -0.26 0.44 0.00 0.00 HOLD
8.659	>>> V 0.00 0.00
8.660	S 20450191 -0.26 0.44 0.00 0.00 HOLD
8.679	>>> V 0.00 0.00
8.680	S 20450211 -0.26 0.44 0.00 0.00 HOLD
8.698	>>> V 0.00 0.00
8.699	S 20450231 -0.26 0.44 0.00 0.00 HOLD
8.720	>>> V 0.00 0.00
8.721	S 20450251 -0.26 0.44 0.00 0.00 HOLD
8.738	>>> V 0.00 0.00
8.739	S 20450271 -0.26 0.44 0.00 0.00 HOLD
8.761	>>> V 0.00 0.00
8.762	S 20450291 -0.26 0.44 0.00 0.00 HOLD
8.779	>>> V 0.00 0.00
8.779	S 20450311 -0.26 0.44 0.00 0.00 HOLD
8.802	>>> V 0.00 0.00
8.802	S 20450331 -0.26 0.44 0.00 0.00 HOLD
8.820	>>> V 0.00 0.00
8.820	S 20450351 -0.26 0.44 0.00 0.00 HOLD
8.844	>>> V 0.00 0.00
8.844	S 20450371 -0.26 0.44 0.00 0.00 HOLD
8.859	>>> V 0.00 0.00
8.859	S 20450391 -0.26 0.44 0.00 0.00 HOLD
8.879	>>> V 0.00 0.00
8.879	S 20450411 -0.26 0.44 0.00 0.00 HOLD
8.900	>>> V 0.00 0.00
8.900	S 20450431 -0.26 0.44 0.00 0.00 HOLD
8.918	>>> V 0.00 0.00
8.919	S 20450451 -0.26 0.44 0.00 0.00 HOLD
8.941	>>> V 0.00 0.00
8.942	S 20450471 -0.26 0.44 0.00 0.00 HOLD
8.959	>>> V 0.00 0.00
8.959	S 20450491 -0.26 0.44 0.00 0.00 HOLD
8.981	>>> V 0.00 0.00
8.981	S 20450511 -0.26 0.44 0.00 0.00 HOLD
8.998	>>> V 0.00 0.00
8.999	S 20450531 -0.26 0.44 0.00 0.00 HOLD
9.021	>>> V 0.00 0.00
9.022	S 20450551 -0.26 0.44 0.00 0.00 HOLD
9.039	>>> V 0.00 0.00
9.039	S 20450571 -0.26 0.44 0.00 0.00 HOLD
9.060	>>> V 0.00 0.00
9.060	S 20450591 -0.26 0.44 0.00 0.00 HOLD
9.079	>>> V 0.00 0.00
9.079	S 20450611 -0.26 0.44 0.00 0.00 HOLD
9.100	>>> V 0.00 0.00
9.101	S 20450631 -0.26 0.44 0.00 0.00 HOLD
9.119	>>> V 0.00 0.00
9.121	S 20450651 -0.26 0.44 0.00 0.00 HOLD
9.139	>>> V 0.00 0.00
9.139	S 20450671 -0.26 0.44 0.00 0.00 HOLD
9.160	>>> V 0.00 0.00
9.160	S 20450691 -0.26 0.44 0.00 0.00 HOLD
9.178	>>> V 0.00 0.00
9.179	S 20450711 -0.26 0.44 0.00 0.00 HOLD
9.200	>>> V 0.00 0.00
9.203	S 20450731 -0.26 0.44 0.00 0.00 HOLD
9.219	>>> V 0.00 0.00
9.220	S 20450751 -0.26 0.44 0.00 0.00 HOLD
9.242	>>> V 0.00 0.00
9.243	S 20450771 -0.26 0.44 0.00 0.00 HOLD
9.259	>>> V 0.00 0.00
9.260	S 20450791 -0.26 0.44 0.00 0.00 HOLD
9.279	>>> V 0.00 0.00
9.280	S 20450811 -0.26 0.44 0.00 0.00 HOLD
9.299	>>> V 0.00 0.00
9.299	S 20450831 -0.26 0.44 0.00 0.00 HOLD
9.319	>>> V 0.00 0.00
9.319	S 20450851 -0.26 0.44 0.00 0.00 HOLD
9.339	>>> V 0.00 0.00
9.339	S 20450871 -0.26 0.44 0.00 0.00 HOLD
9.359	>>> V 0.00 0.00
9.359	S 20450891 -0.26 0.44 0.00 0.00 HOLD
9.381	>>> V 0.00 0.00
9.382	S 20450911 -0.26 0.35 0.00 0.00 HOLD
9.399	>>> V 0.00 0.00
9.400	S 20450931 -0.26 0.44 0.00 0.00 HOLD
9.421	>>> V 0.00 0.00
9.422	S 20450951 -0.26 0.44 0.00 0.00 HOLD
9.439	>>> V 0.00 0.00
9.439	S 20450971 -0.26 0.44 0.00 0.00 HOLD
9.461	>>> V 0.00 0.00
9.461	S 20450991 -0.26 0.44 0.00 0.00 HOLD
9.479	>>> V 0.00 0.00
9.479	S 20451011 -0.26 0.44 0.00 0.00 HOLD
9.499	>>> V 0.00 0.00
9.499	S 20451031 -0.26 0.44 0.00 0.00 HOLD
9.520	>>> V 0.00 0.00
9.521	S 20451051 -0.26 0.44 0.00 0.00 HOLD
9.538	>>> V 0.00 0.00
9.539	S 20451071 -0.26 0.44 0.00 0.00 HOLD
9.561	>>> V 0.00 0.00
9.561	S 20451091 -0.26 0.44 0.00 0.00 HOLD
9.579	>>> V 0.00 0.00
9.579	S 20451111 -0.26 0.44 0.00 0.00 HOLD
9.600	>>> V 0.00 0.00
9.601	S 20451131 -0.26 0.44 0.00 0.00 HOLD
9.619	>>> V 0.00 0.00
9.619	S 20451151 -0.26 0.44 0.00 0.00 HOLD
9.641	>>> V 0.00 0.00
9.642	S 20451171 -0.26 0.44 0.00 0.00 HOLD
9.659	>>> V 0.00 0.00
9.659	S 20451191 -0.26 0.44 0.00 0.00 HOLD
9.680	>>> V 0.00 0.00
9.680	S 20451211 -0.26 0.44 0.00 0.00 HOLD
9.698	>>> V 0.00 0.00
9.701	S 20451231 -0.26 0.44 0.00 0.00 HOLD
9.719	>>> V 0.00 0.00
9.719	S 20451251 -0.26 0.44 0.00 0.00 HOLD
9.739	>>> V 0.00 0.00
9.740	S 20451271 -0.26 0.44 0.00 0.00 HOLD
9.758	>>> V 0.00 0.00
9.760	S 20451291 -0.26 0.44 0.00 0.00 HOLD
9.780	>>> V 0.00 0.00
9.781	S 20451311 -0.26 0.44 0.00 0.00 HOLD
9.799	>>> V 0.00 0.00
9.801	S 20451331 -0.26 0.44 0.00 0.00 HOLD
9.820	>>> V 0.00 0.00
9.821	S 20451351 -0.26 0.44 0.00 0.00 HOLD
9.839	>>> V 0.00 0.00
9.840	S 20451371 -0.35 0.44 0.00 0.00 HOLD
9.860	>>> V 0.00 0.00
9.861	S 20451391 -0.26 0.44 0.00 0.00 HOLD
9.879	>>> V 0.00 0.00
9.879	S 20451411 -0.26 0.44 0.00 0.00 HOLD
9.899	>>> V 0.00 0.00
9.899	S 20451431 -0.26 0.44 0.00 0.00 HOLD
9.919	>>> V 0.00 0.00
9.920	S 20451451 -0.26 0.44 0.00 0.00 HOLD
9.940	>>> V 0.00 0.00
9.940	S 20451472 -0.26 0.44 0.00 0.00 HOLD
9.960	>>> V 0.00 0.00
9.960	S 20451492 -0.26 0.44 0.00 0.00 HOLD
9.978	>>> V 0.00 0.00
9.979	S 20451512 -0.26 0.44 0.00 0.00 HOLD
10.000	>>> V 0.00 0.00
10.001	S 20451532 -0.26 0.44 0.00 0.00 HOLD
10.019	>>> V 0.00 0.00
10.020	S 20451552 -0.26 0.44 0.00 0.00 HOLD
10.040	>>> V 0.00 0.00
10.041	S 20451572 -0.26 0.44 0.00 0.00 HOLD
10.060	>>> V 0.00 0.00
10.060	S 20451592 -0.26 0.44 0.00 0.00 HOLD
10.081	>>> V 0.00 0.00
10.082	S 20451612 -0.26 0.44 0.00 0.00 HOLD
10.099	>>> V 0.00 0.00
10.100	S 20451632 -0.26 0.44 0.00 0.00 HOLD
10.120	>>> V 0.00 0.00
10.120	S 20451652 -0.26 0.44 0.00 0.00 HOLD
10.139	>>> V 0.00 0.00
10.139	S 20451672 -0.26 0.44 0.00 0.00 HOLD
10.159	>>> V 0.00 0.00
10.159	S 20451692 -0.26 0.44 0.00 0.00 HOLD
10.179	>>> V 0.00 0.00
10.179	S 20451712 -0.26 0.44 0.00 0.00 HOLD
10.198	>>> V 0.00 0.00
10.199	S 20451732 -0.26 0.44 0.00 0.00 HOLD
10.219	>>> V 0.00 0.00
10.220	S 20451752 -0.26 0.44 0.00 0.00 HOLD
10.238	>>> V 0.00 0.00
10.239	S 20451772 -0.26 0.44 0.00 0.00 HOLD
10.259	>>> V 0.00 0.00
10.261	S 20451792 -0.26 0.44 0.00 0.00 HOLD
10.278	>>> V 0.00 0.00
10.279	S 20451812 -0.26 0.44 0.00 0.00 HOLD
10.300	>>> V 0.00 0.00
10.301	S 20451832 -0.26 0.44 0.00 0.00 HOLD
10.319	>>> V 0.00 0.00
10.320	S 20451852 -0.26 0.44 0.00 0.00 HOLD
10.341	>>> V 0.00 0.00
10.341	S 20451872 -0.26 0.44 0.00 0.00 HOLD
10.359	>>> V 0.00 0.00
10.361	S 20451892 -0.26 0.44 0.00 0.00 HOLD
10.380	>>> V 0.00 0.00
10.380	S 20451912 -0.26 0.44 0.00 0.00 HOLD
10.399	>>> V 0.00 0.00
10.399	S 20451932 -0.26 0.44 0.00 0.00 HOLD
10.419	>>> V 0.00 0.00
10.419	S 20451952 -0.26 0.44 0.00 0.00 HOLD
10.438	>>> V 0.00 0.00
10.440	S 20451972 -0.26 0.44 0.00 0.00 HOLD
10.459	>>> V 0.00 0.00
10.459	S 20451992 -0.26 0.44 0.00 0.00 HOLD
10.481	>>> V 0.00 0.00
10.482	S 20452012 -0.26 0.44 0.00 0.00 HOLD
10.498	>>> V 0.00 0.00
10.499	S 20452032 -0.26 0.44 0.00 0.00 HOLD
10.520	>>> V 0.00 0.00
10.521	S 20452052 -0.26 0.44 0.00 0.00 HOLD
10.539	>>> V 0.00 0.00
10.539	S 20452072 -0.26 0.44 0.00 0.00 HOLD
10.562	>>> V 0.00 0.00
10.563	S 20452092 -0.26 0.44 0.00 0.00 HOLD
10.579	>>> V 0.00 0.00
10.580	S 20452112 -0.26 0.44 0.00 0.00 HOLD
10.600	>>> V 0.00 0.00
10.600	S 20452132 -0.26 0.44 0.00 0.00 HOLD
10.618	>>> V 0.00 0.00
10.619	S 20452152 -0.26 0.44 0.00 0.00 HOLD
10.638	>>> V 0.00 0.00
10.639	S 20452172 -0.26 0.44 0.00 0.00 HOLD
10.660	>>> V 0.00 0.00
10.661	S 20452192 -0.26 0.35 0.00 0.00 HOLD
10.678	>>> V 0.00 0.00
10.679	S 20452212 -0.26 0.44 0.00 0.00 HOLD
10.700	>>> V 0.00 0.00
10.701	S 20452232 -0.26 0.44 0.00 0.00 HOLD
10.719	>>> V 0.00 0.00
10.719	S 20452252 -0.26 0.44 0.00 0.00 HOLD
10.740	>>> V 0.00 0.00
10.741	S 20452272 -0.26 0.44 0.00 0.00 HOLD
10.759	>>> V 0.00 0.00
10.760	S 20452292 -0.26 0.44 0.00 0.00 HOLD
10.781	>>> V 0.00 0.00
10.781	S 20452312 -0.26 0.44 0.00 0.00 HOLD
10.799	>>> V 0.00 0.00
10.799	S 20452332 -0.26 0.44 0.00 0.00 HOLD
10.819	>>> V 0.00 0.00
10.819	S 20452352 -0.26 0.44 0.00 0.00 HOLD
10.840	>>> V 0.00 0.00
10.840	S 20452372 -0.26 0.44 0.00 0.00 HOLD
10.859	>>> V 0.00 0.00
10.859	S 20452392 -0.26 0.44 0.00 0.00 HOLD
10.880	>>> V 0.00 0.00
10.882	S 20452412 -0.26 0.44 0.00 0.00 HOLD
10.899	>>> V 0.00 0.00
10.899	S 20452432 -0.26 0.44 0.00 0.00 HOLD
10.920	>>> V 0.00 0.00
10.920	S 20452452 -0.26 0.44 0.00 0.00 HOLD
10.938	>>> V 0.00 0.00
10.940	S 20452472 -0.26 0.44 0.00 0.00 HOLD
10.961	>>> V 0.00 0.00
10.962	S 20452492 -0.26 0.44 0.00 0.00 HOLD
10.979	>>> V 0.00 0.00
10.979	S 20452512 -0.26 0.44 0.00 0.00 HOLD
10.999	>>> V 0.00 0.00
10.999	S 20452532 -0.26 0.44 0.00 0.00 HOLD
11.019	>>> V 0.00 0.00
11.019	S 20452552 -0.26 0.44 0.00 0.00 HOLD
11.038	>>> V 0.00 0.00
11.039	S 20452572 -0.26 0.44 0.00 0.00 HOLD
11.059	>>> V 0.00 0.00
11.060	S 20452592 -0.26 0.44 0.00 0.00 HOLD
11.078	>>> V 0.00 0.00
11.079	S 20452612 -0.26 0.44 0.00 0.00 HOLD
11.101	>>> V 0.00 0.00
11.102	S 20452632 -0.26 0.44 0.00 0.00 HOLD
11.119	>>> V 0.00 0.00
11.121	S 20452652 -0.26 0.44 0.00 0.00 HOLD
11.141	>>> V 0.00 0.00
11.142	S 20452672 -0.26 0.44 0.00 0.00 HOLD
11.159	>>> V 0.00 0.00
11.160	S 20452692 -0.26 0.44 0.00 0.00 HOLD
11.179	>>> V 0.00 0.00
11.180	S 20452712 -0.26 0.44 0.00 0.00 HOLD
11.199	>>> V 0.00 0.00
11.199	S 20452732 -0.26 0.44 0.00 0.00 HOLD
11.219	>>> V 0.00 0.00
11.220	S 20452752 -0.26 0.44 0.00 0.00 HOLD
11.238	>>> V 0.00 0.00
11.239	S 20452772 -0.26 0.44 0.00 0.00 HOLD
11.259	>>> V 0.00 0.00
11.259	S 20452792 -0.26 0.44 0.00 0.00 HOLD
11.279	>>> V 0.00 0.00
11.279	S 20452812 -0.26 0.44 0.00 0.00 HOLD
11.300	>>> V 0.00 0.00
11.301	S 20452832 -0.26 0.44 0.00 0.00 HOLD
11.320	>>> V 0.00 0.00
11.321	S 20452852 -0.26 0.44 0.00 0.00 HOLD
11.340	>>> V 0.00 0.00
11.341	S 20452872 -0.26 0.44 0.00 0.00 HOLD
11.359	>>> V 0.00 0.00
11.359	S 20452892 -0.26 0.44 0.00 0.00 HOLD
11.379	>>> V 0.00 0.00
11.380	S 20452912 -0.26 0.44 0.00 0.00 HOLD
11.399	>>> V 0.00 0.00
11.399	S 20452932 -0.26 0.44 0.00 0.00 HOLD
11.421	>>> V 0.00 0.00
11.421	S 20452952 -0.26 0.44 0.00 0.00 HOLD
11.438	>>> V 0.00 0.00
11.440	S 20452972 -0.26 0.44 0.00 0.00 HOLD
11.459	>>> V 0.00 0.00
11.459	S 20452992 -0.26 0.44 0.00 0.00 HOLD
11.479	>>> V 0.00 0.00
11.479	S 20453012 -0.26 0.44 0.00 0.00 HOLD
11.499	>>> V 0.00 0.00
11.499	S 20453032 -0.26 0.44 0.00 0.00 HOLD
11.520	>>> V 0.00 0.00
11.522	S 20453052 -0.26 0.44 0.00 0.00 HOLD
11.539	>>> V 0.00 0.00
11.539	S 20453072 -0.26 0.44 0.00 0.00 HOLD
11.562	>>> V 0.00 0.00
11.563	S 20453092 -0.26 0.44 0.00 0.00 HOLD
11.579	>>> V 0.00 0.00
11.579	S 20453112 -0.26 0.44 0.00 0.00 HOLD
11.601	>>> V 0.00 0.00
11.601	S 20453132 -0.26 0.35 0.00 0.00 HOLD
11.619	>>> V 0.00 0.00
11.619	S 20453152 -0.26 0.44 0.00 0.00 HOLD
11.639	>>> V 0.00 0.00
11.639	S 20453172 -0.26 0.44 0.00 0.00 HOLD
11.660	>>> V 0.00 0.00
11.662	S 20453192 -0.26 0.44 0.00 0.00 HOLD
11.678	>>> V 0.00 0.00
11.679	S 20453212 -0.26 0.44 0.00 0.00 HOLD
11.699	>>> V 0.00 0.00
11.699	S 20453232 -0.26 0.35 0.00 0.00 HOLD
11.718	>>> V 0.00 0.00
11.719	S 20453252 -0.26 0.44 0.00 0.00 HOLD
11.740	>>> V 0.00 0.00
11.741	S 20453272 -0.26 0.44 0.00 0.00 HOLD
11.759	>>> V 0.00 0.00
11.759	S 20453292 -0.26 0.44 0.00 0.00 HOLD
11.780	>>> V 0.00 0.00
11.781	S 20453312 -0.26 0.44 0.00 0.00 HOLD
11.799	>>> V 0.00 0.00
11.802	S 20453332 -0.26 0.44 0.00 0.00 HOLD
11.820	>>> V 0.00 0.00
11.821	S 20453352 -0.26 0.35 0.00 0.00 HOLD
11.839	>>> V 0.00 0.00
11.839	S 20453372 -0.26 0.44 0.00 0.00 HOLD
11.859	>>> V 0.00 0.00
11.860	S 20453392 -0.26 0.44 0.00 0.00 HOLD
11.879	>>> V 0.00 0.00
11.880	S 20453412 -0.26 0.44 0.00 0.00 HOLD
11.898	>>> V 0.00 0.00
11.899	S 20453432 -0.26 0.44 0.00 0.00 HOLD
11.919	>>> V 0.00 0.00
11.920	S 20453452 -0.26 0.44 0.00 0.00 HOLD
11.939	>>> V 0.00 0.00
11.941	S 20453472 -0.26 0.44 0.00 0.00 HOLD
11.961	>>> V 0.00 0.00
11.962	S 20453492 -0.26 0.44 0.00 0.00 HOLD
11.979	>>> V 0.00 0.00
11.980	S 20453512 -0.26 0.44 0.00 0.00 HOLD
11.999	>>> V 0.00 0.00
12.000	S 20453532 -0.26 0.44 0.00 0.00 HOLD
12.021	>>> V 0.00 0.00
12.021	S 20453552 -0.26 0.44 0.00 0.00 HOLD
12.039	>>> V 0.00 0.00
12.040	S 20453572 -0.26 0.44 0.00 0.00 HOLD
12.059	>>> V 0.00 0.00
12.060	S 20453592 -0.26 0.44 0.00 0.00 HOLD
12.080	>>> V 0.00 0.00
12.080	S 20453612 -0.26 0.44 0.00 0.00 HOLD
12.099	>>> V 0.00 0.00
12.099	S 20453632 -0.26 0.44 0.00 0.00 HOLD
12.119	>>> V 0.00 0.00
12.120	S 20453652 -0.26 0.44 0.00 0.00 HOLD
12.139	>>> V 0.00 0.00
12.140	S 20453672 -0.26 0.44 0.00 0.00 HOLD
12.165	>>> V 0.00 0.00
12.166	S 20453692 -0.26 0.44 0.00 0.00 HOLD
12.178	>>> V 0.00 0.00
12.179	S 20453712 -0.26 0.44 0.00 0.00 HOLD
12.202	>>> V 0.00 0.00
12.203	S 20453732 -0.26 0.44 0.00 0.00 HOLD
12.221	>>> V 0.00 0.00
12.221	S 20453752 -0.26 0.44 0.00 0.00 HOLD
12.238	>>> V 0.00 0.00
12.239	S 20453772 -0.26 0.44 0.00 0.00 HOLD
12.260	>>> V 0.00 0.00
12.260	S 20453792 -0.26 0.44 0.00 0.00 HOLD
12.279	>>> V 0.00 0.00
12.281	S 20453812 -0.26 0.44 0.00 0.00 HOLD
12.300	>>> V 0.00 0.00
12.300	S 20453832 -0.26 0.44 0.00 0.00 HOLD
12.319	>>> V 0.00 0.00
12.320	S 20453852 -0.26 0.35 0.00 0.00 HOLD
12.339	>>> V 0.00 0.00
12.339	S 20453872 -0.26 0.44 0.00 0.00 HOLD
12.362	>>> V 0.00 0.00
12.363	S 20453892 -0.26 0.44 0.00 0.00 HOLD
12.379	>>> V 0.00 0.00
12.379	S 20453912 -0.26 0.44 0.00 0.00 HOLD
12.401	>>> V 0.00 0.00
12.403	S 20453932 -0.26 0.44 0.00 0.00 HOLD
12.420	>>> V 0.00 0.00
12.421	S 20453952 -0.26 0.44 0.00 0.00 HOLD
12.438	>>> V 0.00 0.00
12.440	S 20453972 -0.26 0.44 0.00 0.00 HOLD
12.461	>>> V 0.00 0.00
12.462	S 20453992 -0.26 0.44 0.00 0.00 HOLD
12.479	>>> V 0.00 0.00
12.479	S 20454012 -0.26 0.44 0.00 0.00 HOLD
12.500	>>> V 0.00 0.00
12.500	S 20454032 -0.26 0.44 0.00 0.00 HOLD
12.520	>>> V 0.00 0.00
12.521	S 20454052 -0.26 0.44 0.00 0.00 HOLD
12.539	>>> V 0.00 0.00
12.540	S 20454072 -0.26 0.44 0.00 0.00 HOLD
12.563	>>> V 0.00 0.00
12.564	S 20454092 -0.26 0.44 0.00 0.00 HOLD
12.579	>>> V 0.00 0.00
12.580	S 20454112 -0.26 0.44 0.00 0.00 HOLD
12.599	>>> V 0.00 0.00
12.600	S 20454132 -0.26 0.44 0.00 0.00 HOLD
12.619	>>> V 0.00 0.00
12.620	S 20454152 -0.26 0.44 0.00 0.00 HOLD
12.639	>>> V 0.00 0.00
12.639	S 20454172 -0.26 0.44 0.00 0.00 HOLD
12.660	>>> V 0.00 0.00
12.661	S 20454192 -0.26 0.44 0.00 0.00 HOLD
12.679	>>> V 0.00 0.00
12.679	S 20454212 -0.26 0.44 0.00 0.00 HOLD
12.699	>>> V 0.00 0.00
12.700	S 20454232 -0.26 0.44 0.00 0.00 HOLD
12.719	>>> V 0.00 0.00
12.721	S 20454252 -0.26 0.44 0.00 0.00 HOLD
12.739	>>> V 0.00 0.00
12.739	S 20454272 -0.26 0.44 0.00 0.00 HOLD
12.760	>>> V 0.00 0.00
12.761	S 20454292 -0.26 0.44 0.00 0.00 HOLD
12.779	>>> V 0.00 0.00
12.780	S 20454312 -0.26 0.44 0.00 0.00 HOLD
12.799	>>> V 0.00 0.00
12.799	S 20454332 -0.26 0.44 0.00 0.00 HOLD
12.820	>>> V 0.00 0.00
12.820	S 20454352 -0.26 0.44 0.00 0.00 HOLD
12.839	>>> V 0.00 0.00
12.839	S 20454372 -0.26 0.35 0.00 0.00 HOLD
12.860	>>> V 0.00 0.00
12.860	S 20454392 -0.26 0.44 0.00 0.00 HOLD
12.879	>>> V 0.00 0.00
12.880	S 20454412 -0.26 0.44 0.00 0.00 HOLD
12.900	>>> V 0.00 0.00
12.901	S 20454432 -0.26 0.44 0.00 0.00 HOLD
12.919	>>> V 0.00 0.00
12.921	S 20454452 -0.26 0.44 0.00 0.00 HOLD
12.939	>>> V 0.00 0.00
12.939	S 20454472 -0.26 0.44 0.00 0.00 HOLD
12.960	>>> V 0.00 0.00
12.961	S 20454492 -0.26 0.44 0.00 0.00 HOLD
12.979	>>> V 0.00 0.00
12.979	S 20454512 -0.35 0.44 0.00 0.00 HOLD
13.000	>>> V 0.00 0.00
13.001	S 20454532 -0.26 0.44 0.00 0.00 HOLD
13.020	>>> V 0.00 0.00
13.020	S 20454552 -0.26 0.44 0.00 0.00 HOLD
13.040	>>> V 0.00 0.00
13.040	S 20454572 -0.26 0.44 0.00 0.00 HOLD
13.060	>>> V 0.00 0.00
13.060	S 20454592 -0.26 0.44 0.00 0.00 HOLD
13.079	>>> V 0.00 0.00
13.080	S 20454612 -0.26 0.44 0.00 0.00 HOLD
13.100	>>> V 0.00 0.00
13.101	S 20454632 -0.35 0.44 0.00 0.00 HOLD
13.119	>>> V 0.00 0.00
13.121	S 20454652 -0.26 0.44 0.00 0.00 HOLD
13.139	>>> V 0.00 0.00
13.140	S 20454672 -0.26 0.35 0.00 0.00 HOLD
13.160	>>> V 0.00 0.00
13.161	S 20454692 -0.26 0.44 0.00 0.00 HOLD
13.178	>>> V 0.00 0.00
13.179	S 20454712 -0.26 0.44 0.00 0.00 HOLD
13.201	>>> V 0.00 0.00
13.202	S 20454732 -0.26 0.44 0.00 0.00 HOLD
13.219	>>> V 0.00 0.00
13.220	S 20454752 -0.26 0.44 0.00 0.00 HOLD
13.239	>>> V 0.00 0.00
13.239	S 20454772 -0.26 0.44 0.00 0.00 HOLD
13.259	>>> V 0.00 0.00
13.260	S 20454792 -0.26 0.44 0.00 0.00 HOLD
13.279	>>> V 0.00 0.00
13.279	S 20454812 -0.26 0.44 0.00 0.00 HOLD
13.299	>>> V 0.00 0.00
13.300	S 20454832 -0.26 0.44 0.00 0.00 HOLD
13.318	>>> V 0.00 0.00
13.319	S 20454852 -0.26 0.44 0.00 0.00 HOLD
13.339	>>> V 0.00 0.00
13.340	S 20454872 -0.26 0.44 0.00 0.00 HOLD
13.359	>>> V 0.00 0.00
13.360	S 20454892 -0.26 0.44 0.00 0.00 HOLD
13.379	>>> V 0.00 0.00
13.379	S 20454912 -0.26 0.44 0.00 0.00 HOLD
13.401	>>> V 0.00 0.00
13.402	S 20454932 -0.26 0.44 0.00 0.00 HOLD
13.419	>>> V 0.00 0.00
13.419	S 20454952 -0.26 0.44 0.00 0.00 HOLD
13.440	>>> V 0.00 0.00
13.440	S 20454972 -0.26 0.44 0.00 0.00 HOLD
13.462	>>> V 0.00 0.00
13.463	S 20454992 -0.26 0.44 0.00 0.00 HOLD
13.479	>>> V 0.00 0.00
13.480	S 20455012 -0.26 0.44 0.00 0.00 HOLD
13.499	>>> V 0.00 0.00
13.499	S 20455032 -0.26 0.44 0.00 0.00 HOLD
13.518	>>> V 0.00 0.00
13.519	S 20455052 -0.26 0.44 0.00 0.00 HOLD
13.540	>>> V 0.00 0.00
13.542	S 20455072 -0.26 0.44 0.00 0.00 HOLD
13.560	>>> V 0.00 0.00
13.560	S 20455092 -0.26 0.44 0.00 0.00 HOLD
13.580	>>> V 0.00 0.00
13.581	S 20455112 -0.26 0.44 0.00 0.00 HOLD
13.599	>>> V 0.00 0.00
13.599	S 20455132 -0.26 0.44 0.00 0.00 HOLD
13.621	>>> V 0.00 0.00
13.621	S 20455152 -0.26 0.44 0.00 0.00 HOLD
13.640	>>> V 0.00 0.00
13.640	S 20455172 -0.26 0.44 0.00 0.00 HOLD
13.660	>>> V 0.00 0.00
13.660	S 20455192 -0.26 0.44 0.00 0.00 HOLD
13.679	>>> V 0.00 0.00
13.680	S 20455212 -0.26 0.44 0.00 0.00 HOLD
13.699	>>> V 0.00 0.00
13.699	S 20455232 -0.26 0.44 0.00 0.00 HOLD
13.720	>>> V 0.00 0.00
13.721	S 20455252 -0.26 0.44 0.00 0.00 HOLD
13.738	>>> V 0.00 0.00
13.740	S 20455272 -0.26 0.44 0.00 0.00 HOLD
13.764	>>> V 0.00 0.00
13.764	S 20455292 -0.26 0.44 0.00 0.00 HOLD
13.779	>>> V 0.00 0.00
13.779	S 20455312 -0.26 0.44 0.00 0.00 HOLD
13.799	>>> V 0.00 0.00
13.800	S 20455332 -0.26 0.44 0.00 0.00 HOLD
13.819	>>> V 0.00 0.00
13.822	S 20455352 -0.26 0.44 0.00 0.00 HOLD
13.839	>>> V 0.00 0.00
13.841	S 20455372 -0.26 0.44 0.00 0.00 HOLD
13.860	>>> V 0.00 0.00
13.861	S 20455392 -0.26 0.44 0.00 0.00 HOLD
13.879	>>> V 0.00 0.00
13.879	S 20455412 -0.26 0.44 0.00 0.00 HOLD
13.898	>>> V 0.00 0.00
13.899	S 20455432 -0.26 0.44 0.00 0.00 HOLD
13.919	>>> V 0.00 0.00
13.919	S 20455452 -0.26 0.44 0.00 0.00 HOLD
13.939	>>> V 0.00 0.00
13.940	S 20455472 -0.26 0.44 0.00 0.00 HOLD
13.964	>>> V 0.00 0.00
13.965	S 20455492 -0.26 0.44 0.00 0.00 HOLD
13.979	>>> V 0.00 0.00
13.980	S 20455512 -0.26 0.44 0.00 0.00 HOLD
14.000	>>> V 0.00 0.00
14.000	S 20455532 -0.26 0.44 0.00 0.00 HOLD
14.018	>>> V 0.00 0.00
14.019	S 20455552 -0.26 0.44 0.00 0.00 HOLD
14.038	>>> V 0.00 0.00
14.039	S 20455572 -0.26 0.44 0.00 0.00 HOLD
14.059	>>> V 0.00 0.00
14.060	S 20455592 -0.26 0.44 0.00 0.00 HOLD
14.078	>>> V 0.00 0.00
14.079	S 20455612 -0.26 0.44 0.00 0.00 HOLD
14.100	>>> V 0.00 0.00
14.100	S 20455632 -0.26 0.44 0.00 0.00 HOLD
14.118	>>> V 0.00 0.00
14.119	S 20455652 -0.26 0.44 0.00 0.00 HOLD
14.140	>>> V 0.00 0.00
14.140	S 20455672 -0.35 0.44 0.00 0.00 HOLD
14.158	>>> V 0.00 0.00
14.159	S 20455692 -0.26 0.44 0.00 0.00 HOLD
14.180	>>> V 0.00 0.00
14.181	S 20455712 -0.26 0.44 0.00 0.00 HOLD
14.198	>>> V 0.00 0.00
14.199	S 20455732 -0.26 0.44 0.00 0.00 HOLD
14.220	>>> V 0.00 0.00
14.223	S 20455752 -0.26 0.44 0.00 0.00 HOLD
14.239	>>> V 0.00 0.00
14.239	S 20455772 -0.26 0.44 0.00 0.00 HOLD
14.261	>>> V 0.00 0.00
14.263	S 20455792 -0.26 0.44 0.00 0.00 HOLD
14.279	>>> V 0.00 0.00
14.279	S 20455812 -0.26 0.44 0.00 0.00 HOLD
14.301	>>> V 0.00 0.00
14.301	S 20455832 -0.26 0.44 0.00 0.00 HOLD
14.319	>>> V 0.00 0.00
14.319	S 20455852 -0.26 0.44 0.00 0.00 HOLD
14.340	>>> V 0.00 0.00
14.341	S 20455872 -0.26 0.44 0.00 0.00 HOLD
14.359	>>> V 0.00 0.00
14.360	S 20455892 -0.26 0.44 0.00 0.00 HOLD
14.378	>>> V 0.00 0.00
14.379	S 20455912 -0.26 0.35 0.00 0.00 HOLD
14.400	>>> V 0.00 0.00
14.401	S 20455932 -0.26 0.44 0.00 0.00 HOLD
14.418	>>> V 0.00 0.00
14.419	S 20455952 -0.26 0.44 0.00 0.00 HOLD
14.440	>>> V 0.00 0.00
14.441	S 20455972 -0.26 0.44 0.00 0.00 HOLD
14.460	>>> V 0.00 0.00
14.460	S 20455992 -0.26 0.44 0.00 0.00 HOLD
14.482	>>> V 0.00 0.00
14.483	S 20456012 -0.26 0.44 0.00 0.00 HOLD
14.500	>>> V 0.00 0.00
14.502	S 20456032 -0.26 0.44 0.00 0.00 HOLD
14.519	>>> V 0.00 0.00
14.521	S 20456052 -0.26 0.44 0.00 0.00 HOLD
14.539	>>> V 0.00 0.00
14.541	S 20456072 -0.26 0.44 0.00 0.00 HOLD
14.559	>>> V 0.00 0.00
14.559	S 20456092 -0.26 0.44 0.00 0.00 HOLD
14.580	>>> V 0.00 0.00
14.581	S 20456112 -0.26 0.44 0.00 0.00 HOLD
14.599	>>> V 0.00 0.00
14.600	S 20456132 -0.26 0.44 0.00 0.00 HOLD
14.620	>>> V 0.00 0.00
14.620	S 20456152 -0.26 0.44 0.00 0.00 HOLD
14.642	>>> V 0.00 0.00
14.642	S 20456172 -0.26 0.44 0.00 0.00 HOLD
14.659	>>> V 0.00 0.00
14.660	S 20456192 -0.26 0.44 0.00 0.00 HOLD
14.681	>>> V 0.00 0.00
14.682	S 20456212 -0.26 0.44 0.00 0.00 HOLD
14.699	>>> V 0.00 0.00
14.699	S 20456232 -0.26 0.44 0.00 0.00 HOLD
14.719	>>> V 0.00 0.00
14.720	S 20456252 -0.26 0.44 0.00 0.00 HOLD
14.738	>>> V 0.00 0.00
14.741	S 20456272 -0.26 0.44 0.00 0.00 HOLD
14.759	>>> V 0.00 0.00
14.759	S 20456292 -0.26 0.44 0.00 0.00 HOLD
14.780	>>> V 0.00 0.00
14.782	S 20456312 -0.26 0.35 0.00 0.00 HOLD
14.800	>>> V 0.00 0.00
14.801	S 20456332 -0.26 0.44 0.00 0.00 HOLD
14.821	>>> V 0.00 0.00
14.821	S 20456352 -0.26 0.44 0.00 0.00 HOLD
14.840	>>> V 0.00 0.00
14.840	S 20456372 -0.26 0.44 0.00 0.00 HOLD
14.859	>>> V 0.00 0.00
14.860	S 20456392 -0.26 0.44 0.00 0.00 HOLD
14.879	>>> V 0.00 0.00
14.882	S 20456412 -0.26 0.44 0.00 0.00 HOLD
14.899	>>> V 0.00 0.00
14.899	S 20456432 -0.26 0.44 0.00 0.00 HOLD
14.920	>>> V 0.00 0.00
14.921	S 20456452 -0.26 0.44 0.00 0.00 HOLD
14.939	>>> V 0.00 0.00
14.939	S 20456472 -0.26 0.44 0.00 0.00 HOLD
14.959	>>> V 0.00 0.00
14.960	S 20456492 -0.26 0.44 0.00 0.00 HOLD
14.979	>>> V 0.00 0.00
14.980	S 20456512 -0.26 0.44 0.00 0.00 HOLD
14.999	>>> V 0.00 0.00
14.999	S 20456532 -0.26 0.44 0.00 0.00 HOLD
15.020	>>> V 0.00 0.00
15.021	S 20456552 -0.26 0.44 0.00 0.00 HOLD
15.040	>>> V 0.00 0.00
15.040	S 20456572 -0.26 0.44 0.00 0.00 HOLD
15.060	>>> V 0.00 0.00
15.060	S 20456592 -0.26 0.44 0.00 0.00 HOLD
15.079	>>> V 0.00 0.00
15.079	S 20456612 -0.26 0.44 0.00 0.00 HOLD
15.098	>>> V 0.00 0.00
15.099	S 20456632 -0.26 0.44 0.00 0.00 HOLD
15.119	>>> V 0.00 0.00
15.119	S 20456652 -0.26 0.44 0.00 0.00 HOLD
15.140	>>> V 0.00 0.00
15.140	S 20456672 -0.26 0.44 0.00 0.00 HOLD
15.158	>>> V 0.00 0.00
15.162	S 20456692 -0.26 0.44 0.00 0.00 HOLD
15.179	>>> V 0.00 0.00
15.179	S 20456712 -0.26 0.35 0.00 0.00 HOLD
15.200	>>> V 0.00 0.00
15.201	S 20456732 -0.26 0.44 0.00 0.00 HOLD
15.219	>>> V 0.00 0.00
15.219	S 20456752 -0.26 0.44 0.00 0.00 HOLD
15.240	>>> V 0.00 0.00
15.241	S 20456772 -0.26 0.44 0.00 0.00 HOLD
15.259	>>> V 0.00 0.00
15.259	S 20456792 -0.26 0.44 0.00 0.00 HOLD
15.280	>>> V 0.00 0.00
15.280	S 20456812 -0.26 0.44 0.00 0.00 HOLD
15.300	>>> V 0.00 0.00
15.301	S 20456832 -0.26 0.44 0.00 0.00 HOLD
15.320	>>> V 0.00 0.00
15.320	S 20456852 -0.26 0.44 0.00 0.00 HOLD
15.342	>>> V 0.00 0.00
15.343	S 20456872 -0.26 0.44 0.00 0.00 HOLD
15.359	>>> V 0.00 0.00
15.360	S 20456892 -0.26 0.44 0.00 0.00 HOLD
15.384	>>> V 0.00 0.00
15.384	S 20456912 -0.26 0.35 0.00 0.00 HOLD
15.400	>>> V 0.00 0.00
15.401	S 20456932 -0.26 0.44 0.00 0.00 HOLD
15.420	>>> V 0.00 0.00
15.421	S 20456952 -0.26 0.44 0.00 0.00 HOLD
15.439	>>> V 0.00 0.00
15.440	S 20456972 -0.26 0.44 0.00 0.00 HOLD
15.459	>>> V 0.00 0.00
15.459	S 20456992 -0.26 0.44 0.00 0.00 HOLD
15.480	>>> V 0.00 0.00
15.481	S 20457012 -0.26 0.44 0.00 0.00 HOLD
15.499	>>> V 0.00 0.00
15.499	S 20457032 -0.26 0.44 0.00 0.00 HOLD
15.521	>>> V 0.00 0.00
15.522	S 20457052 -0.26 0.44 0.00 0.00 HOLD
15.539	>>> V 0.00 0.00
15.540	S 20457072 -0.26 0.44 0.00 0.00 HOLD
15.558	>>> V 0.00 0.00
15.560	S 20457092 -0.26 0.44 0.00 0.00 HOLD
15.579	>>> V 0.00 0.00
15.580	S 20457112 -0.26 0.44 0.00 0.00 HOLD
15.600	>>> V 0.00 0.00
15.601	S 20457132 -0.26 0.44 0.00 0.00 HOLD
15.620	>>> V 0.00 0.00
15.621	S 20457152 -0.26 0.44 0.00 0.00 HOLD
15.639	>>> V 0.00 0.00
15.639	S 20457172 -0.26 0.44 0.00 0.00 HOLD
15.659	>>> V 0.00 0.00
15.660	S 20457192 -0.26 0.44 0.00 0.00 HOLD
15.679	>>> V 0.00 0.00
15.679	S 20457212 -0.26 0.44 0.00 0.00 HOLD
15.699	>>> V 0.00 0.00
15.700	S 20457232 -0.26 0.44 0.00 0.00 HOLD
15.719	>>> V 0.00 0.00
15.719	S 20457252 -0.26 0.44 0.00 0.00 HOLD
15.739	>>> V 0.00 0.00
15.740	S 20457272 -0.26 0.44 0.00 0.00 HOLD
15.759	>>> V 0.00 0.00
15.759	S 20457292 -0.26 0.44 0.00 0.00 HOLD
15.779	>>> V 0.00 0.00
15.780	S 20457312 -0.26 0.44 0.00 0.00 HOLD
15.798	>>> V 0.00 0.00
15.799	S 20457332 -0.26 0.35 0.00 0.00 HOLD
15.819	>>> V 0.00 0.00
15.820	S 20457352 -0.26 0.44 0.00 0.00 HOLD
15.838	>>> V 0.00 0.00
15.839	S 20457372 -0.26 0.44 0.00 0.00 HOLD
15.859	>>> V 0.00 0.00
15.863	S 20457392 -0.26 0.44 0.00 0.00 HOLD
15.878	>>> V 0.00 0.00
15.879	S 20457412 -0.26 0.44 0.00 0.00 HOLD
15.899	>>> V 0.00 0.00
15.900	S 20457432 -0.26 0.44 0.00 0.00 HOLD
15.918	>>> V 0.00 0.00
15.919	S 20457452 -0.26 0.44 0.00 0.00 HOLD
15.940	>>> V 0.00 0.00
15.941	S 20457472 -0.26 0.44 0.00 0.00 HOLD
15.958	>>> V 0.00 0.00
15.959	S 20457492 -0.26 0.44 0.00 0.00 HOLD
15.980	>>> V 0.00 0.00
15.981	S 20457512 -0.26 0.44 0.00 0.00 HOLD
15.998	>>> V 0.00 0.00
15.999	S 20457532 -0.26 0.44 0.00 0.00 HOLD
16.020	>>> V 0.00 0.00
16.021	S 20457552 -0.26 0.44 0.00 0.00 HOLD
16.039	>>> V 0.00 0.00
16.040	S 20457572 -0.26 0.44 0.00 0.00 HOLD
16.059	>>> V 0.00 0.00
16.060	S 20457592 -0.26 0.44 0.00 0.00 HOLD
16.080	>>> V 0.00 0.00
16.080	S 20457612 -0.26 0.44 0.00 0.00 HOLD
16.100	>>> V 0.00 0.00
16.101	S 20457632 -0.26 0.44 0.00 0.00 HOLD
16.119	>>> V 0.00 0.00
16.120	S 20457652 -0.26 0.44 0.00 0.00 HOLD
16.140	>>> V 0.00 0.00
16.141	S 20457672 -0.26 0.44 0.00 0.00 HOLD
16.159	>>> V 0.00 0.00
16.159	S 20457692 -0.26 0.44 0.00 0.00 HOLD
16.179	>>> V 0.00 0.00
16.180	S 20457712 -0.26 0.44 0.00 0.00 HOLD
16.199	>>> V 0.00 0.00
16.200	S 20457732 -0.26 0.44 0.00 0.00 HOLD
16.219	>>> V 0.00 0.00
16.219	S 20457752 -0.26 0.44 0.00 0.00 HOLD
16.239	>>> V 0.00 0.00
16.239	S 20457772 -0.26 0.44 0.00 0.00 HOLD
16.258	>>> V 0.00 0.00
16.259	S 20457792 -0.26 0.44 0.00 0.00 HOLD
16.279	>>> V 0.00 0.00
16.280	S 20457812 -0.26 0.44 0.00 0.00 HOLD
16.300	>>> V 0.00 0.00
16.300	S 20457832 -0.26 0.44 0.00 0.00 HOLD
16.319	>>> V 0.00 0.00
16.319	S 20457852 -0.26 0.44 0.00 0.00 HOLD
16.338	>>> V 0.00 0.00
16.339	S 20457872 -0.26 0.44 0.00 0.00 HOLD
16.360	>>> V 0.00 0.00
16.360	S 20457892 -0.26 0.44 0.00 0.00 HOLD
16.379	>>> V 0.00 0.00
16.379	S 20457912 -0.26 0.44 0.00 0.00 HOLD
16.400	>>> V 0.00 0.00
16.401	S 20457932 -0.26 0.44 0.00 0.00 HOLD
16.419	>>> V 0.00 0.00
16.419	S 20457952 -0.26 0.44 0.00 0.00 HOLD
16.440	>>> V 0.00 0.00
16.441	S 20457972 -0.26 0.44 0.00 0.00 HOLD
16.460	>>> V 0.00 0.00
16.460	S 20457992 -0.26 0.44 0.00 0.00 HOLD
16.479	>>> V 0.00 0.00
16.481	S 20458012 -0.26 0.44 0.00 0.00 HOLD
16.501	>>> V 0.00 0.00
16.501	S 20458032 -0.26 0.44 0.00 0.00 HOLD
16.520	>>> V 0.00 0.00
16.523	S 20458052 -0.26 0.44 0.00 0.00 HOLD
16.540	>>> V 0.00 0.00
16.540	S 20458072 -0.26 0.44 0.00 0.00 HOLD
16.559	>>> V 0.00 0.00
16.559	S 20458092 -0.26 0.44 0.00 0.00 HOLD
16.579	>>> V 0.00 0.00
16.579	S 20458112 -0.26 0.44 0.00 0.00 HOLD
16.600	>>> V 0.00 0.00
16.601	S 20458132 -0.26 0.44 0.00 0.00 HOLD
16.619	>>> V 0.00 0.00
16.619	S 20458152 -0.26 0.44 0.00 0.00 HOLD
16.639	>>> V 0.00 0.00
16.639	S 20458172 -0.26 0.44 0.00 0.00 HOLD
16.659	>>> V 0.00 0.00
16.660	S 20458192 -0.26 0.44 0.00 0.00 HOLD
16.679	>>> V 0.00 0.00
16.679	S 20458212 -0.26 0.44 0.00 0.00 HOLD
16.700	>>> V 0.00 0.00
16.701	S 20458232 -0.26 0.35 0.00 0.00 HOLD
16.720	>>> V 0.00 0.00
16.721	S 20458252 -0.26 0.44 0.00 0.00 HOLD
16.739	>>> V 0.00 0.00
16.739	S 20458272 -0.26 0.44 0.00 0.00 HOLD
16.760	>>> V 0.00 0.00
16.761	S 20458292 -0.26 0.44 0.00 0.00 HOLD
16.779	>>> V 0.00 0.00
16.781	S 20458312 -0.26 0.44 0.00 0.00 HOLD
16.801	>>> V 0.00 0.00
16.801	S 20458332 -0.26 0.44 0.00 0.00 HOLD
16.819	>>> V 0.00 0.00
16.820	S 20458352 -0.26 0.44 0.00 0.00 HOLD
16.840	>>> V 0.00 0.00
16.840	S 20458372 -0.26 0.44 0.00 0.00 HOLD
16.859	>>> V 0.00 0.00
16.859	S 20458392 -0.26 0.44 0.00 0.00 HOLD
16.879	>>> V 0.00 0.00
16.880	S 20458412 -0.26 0.44 0.00 0.00 HOLD
16.900	>>> V 0.00 0.00
16.901	S 20458432 -0.26 0.44 0.00 0.00 HOLD
16.919	>>> V 0.00 0.00
16.919	S 20458452 -0.26 0.44 0.00 0.00 HOLD
16.940	>>> V 0.00 0.00
16.940	S 20458472 -0.26 0.44 0.00 0.00 HOLD
16.959	>>> V 0.00 0.00
16.960	S 20458492 -0.26 0.44 0.00 0.00 HOLD
16.979	>>> V 0.00 0.00
16.979	S 20458512 -0.26 0.44 0.00 0.00 HOLD
17.001	>>> V 0.00 0.00
17.002	S 20458532 -0.26 0.44 0.00 0.00 HOLD
17.021	>>> V 0.00 0.00
17.021	S 20458552 -0.26 0.44 0.00 0.00 HOLD
17.039	>>> V 0.00 0.00
17.039	S 20458572 -0.26 0.44 0.00 0.00 HOLD
17.059	>>> V 0.00 0.00
17.060	S 20458592 -0.26 0.44 0.00 0.00 HOLD
17.079	>>> V 0.00 0.00
17.079	S 20458612 -0.26 0.44 0.00 0.00 HOLD
17.101	>>> V 0.00 0.00
17.102	S 20458632 -0.26 0.44 0.00 0.00 HOLD
17.119	>>> V 0.00 0.00
17.120	S 20458652 -0.26 0.44 0.00 0.00 HOLD
17.138	>>> V 0.00 0.00
17.139	S 20458672 -0.26 0.44 0.00 0.00 HOLD
17.159	>>> V 0.00 0.00
17.160	S 20458692 -0.26 0.44 0.00 0.00 HOLD
17.181	>>> V 0.00 0.00
17.181	S 20458712 -0.26 0.44 0.00 0.00 HOLD
17.199	>>> V 0.00 0.00
17.200	S 20458732 -0.26 0.44 0.00 0.00 HOLD
17.220	>>> V 0.00 0.00
17.220	S 20458752 -0.26 0.44 0.00 0.00 HOLD
17.240	>>> V 0.00 0.00
17.240	S 20458772 -0.26 0.44 0.00 0.00 HOLD
17.259	>>> V 0.00 0.00
17.260	S 20458792 -0.26 0.44 0.00 0.00 HOLD
17.280	>>> V 0.00 0.00
17.281	S 20458812 -0.26 0.44 0.00 0.00 HOLD
17.299	>>> V 0.00 0.00
17.300	S 20458832 -0.26 0.44 0.00 0.00 HOLD
17.319	>>> V 0.00 0.00
17.320	S 20458852 -0.26 0.44 0.00 0.00 HOLD
17.340	>>> V 0.00 0.00
17.341	S 20458872 -0.26 0.44 0.00 0.00 HOLD
17.359	>>> V 0.00 0.00
17.359	S 20458892 -0.26 0.44 0.00 0.00 HOLD
17.380	>>> V 0.00 0.00
17.381	S 20458912 -0.26 0.44 0.00 0.00 HOLD
17.400	>>> V 0.00 0.00
17.400	S 20458932 -0.26 0.44 0.00 0.00 HOLD
17.419	>>> V 0.00 0.00
17.420	S 20458952 -0.26 0.44 0.00 0.00 HOLD
17.439	>>> V 0.00 0.00
17.440	S 20458972 -0.26 0.35 0.00 0.00 HOLD
17.460	>>> V 0.00 0.00
17.460	S 20458992 -0.26 0.44 0.00 0.00 HOLD
17.482	>>> V 0.00 0.00
17.484	S 20459013 -0.26 0.44 0.00 0.00 HOLD
17.499	>>> V 0.00 0.00
17.500	S 20459033 -0.26 0.44 0.00 0.00 HOLD
17.519	>>> V 0.00 0.00
17.520	S 20459053 -0.26 0.44 0.00 0.00 HOLD
17.539	>>> V 0.00 0.00
17.540	S 20459073 -0.26 0.44 0.00 0.00 HOLD
17.559	>>> V 0.00 0.00
17.559	S 20459093 -0.26 0.44 0.00 0.00 HOLD
17.579	>>> V 0.00 0.00
17.580	S 20459113 -0.26 0.44 0.00 0.00 HOLD
17.599	>>> V 0.00 0.00
17.600	S 20459133 -0.26 0.44 0.00 0.00 HOLD
17.620	>>> V 0.00 0.00
17.621	S 20459153 -0.26 0.44 0.00 0.00 HOLD
17.639	>>> V 0.00 0.00
17.641	S 20459173 -0.26 0.44 0.00 0.00 HOLD
17.659	>>> V 0.00 0.00
17.659	S 20459193 -0.26 0.44 0.00 0.00 HOLD
17.680	>>> V 0.00 0.00
17.680	S 20459213 -0.26 0.44 0.00 0.00 HOLD
17.700	>>> V 0.00 0.00
17.700	S 20459233 -0.26 0.44 0.00 0.00 HOLD
17.719	>>> V 0.00 0.00
17.720	S 20459253 -0.26 0.44 0.00 0.00 HOLD
17.739	>>> V 0.00 0.00
17.741	S 20459273 -0.26 0.44 0.00 0.00 HOLD
17.759	>>> V 0.00 0.00
17.760	S 20459293 -0.26 0.44 0.00 0.00 HOLD
17.779	>>> V 0.00 0.00
17.780	S 20459313 -0.26 0.44 0.00 0.00 HOLD
17.799	>>> V 0.00 0.00
17.800	S 20459333 -0.26 0.44 0.00 0.00 HOLD
17.819	>>> V 0.00 0.00
17.820	S 20459353 -0.26 0.44 0.00 0.00 HOLD
17.839	>>> V 0.00 0.00
17.842	S 20459373 -0.26 0.44 0.00 0.00 HOLD
17.859	>>> V 0.00 0.00
17.860	S 20459393 -0.26 0.44 0.00 0.00 HOLD
17.880	>>> V 0.00 0.00
17.881	S 20459413 -0.26 0.44 0.00 0.00 HOLD
17.899	>>> V 0.00 0.00
17.901	S 20459433 -0.26 0.44 0.00 0.00 HOLD
17.921	>>> V 0.00 0.00
17.922	S 20459453 -0.26 0.44 0.00 0.00 HOLD
17.939	>>> V 0.00 0.00
17.941	S 20459473 -0.26 0.44 0.00 0.00 HOLD
17.960	>>> V 0.00 0.00
17.961	S 20459493 -0.26 0.44 0.00 0.00 HOLD
17.979	>>> V 0.00 0.00
17.979	S 20459513 -0.26 0.44 0.00 0.00 HOLD
18.000	>>> V 0.00 0.00
18.001	S 20459533 -0.26 0.44 0.00 0.00 HOLD
18.020	>>> V 0.00 0.00
18.021	S 20459553 -0.26 0.44 0.00 0.00 HOLD
18.039	>>> V 0.00 0.00
18.040	S 20459573 -0.26 0.44 0.00 0.00 HOLD
18.059	>>> V 0.00 0.00
18.060	S 20459593 -0.26 0.44 0.00 0.00 HOLD
18.080	>>> V 0.00 0.00
18.081	S 20459613 -0.26 0.44 0.00 0.00 HOLD
18.099	>>> V 0.00 0.00
18.100	S 20459633 -0.26 0.44 0.00 0.00 HOLD
18.120	>>> V 0.00 0.00
18.121	S 20459653 -0.26 0.44 0.00 0.00 HOLD
18.139	>>> V 0.00 0.00
18.139	S 20459673 -0.26 0.44 0.00 0.00 HOLD
18.159	>>> V 0.00 0.00
18.159	S 20459693 -0.26 0.44 0.00 0.00 HOLD
18.178	>>> V 0.00 0.00
18.179	S 20459713 -0.26 0.44 0.00 0.00 HOLD
18.199	>>> V 0.00 0.00
18.200	S 20459733 -0.26 0.44 0.00 0.00 HOLD
18.218	>>> V 0.00 0.00
18.220	S 20459753 -0.26 0.44 0.00 0.00 HOLD
18.240	>>> V 0.00 0.00
18.240	S 20459773 -0.26 0.44 0.00 0.00 HOLD
18.258	>>> V 0.00 0.00
18.259	S 20459793 -0.26 0.44 0.00 0.00 HOLD
18.280	>>> V 0.00 0.00
18.281	S 20459813 -0.26 0.44 0.00 0.00 HOLD
18.299	>>> V 0.00 0.00
18.300	S 20459833 -0.26 0.44 0.00 0.00 HOLD
18.320	>>> V 0.00 0.00
18.321	S 20459853 -0.26 0.44 0.00 0.00 HOLD
18.339	>>> V 0.00 0.00
18.340	S 20459873 -0.26 0.44 0.00 0.00 HOLD
18.359	>>> V 0.00 0.00
18.360	S 20459893 -0.26 0.44 0.00 0.00 HOLD
18.382	>>> V 0.00 0.00
18.384	S 20459913 -0.26 0.44 0.00 0.00 HOLD
18.401	>>> V 0.00 0.00
18.402	S 20459933 -0.26 0.35 0.00 0.00 HOLD
18.420	>>> V 0.00 0.00
18.422	S 20459953 -0.26 0.44 0.00 0.00 HOLD
18.439	>>> V 0.00 0.00
18.439	S 20459973 -0.26 0.44 0.00 0.00 HOLD
18.461	>>> V 0.00 0.00
18.461	S 20459993 -0.26 0.44 0.00 0.00 HOLD
18.479	>>> V 0.00 0.00
18.479	S 20460013 -0.26 0.44 0.00 0.00 HOLD
18.500	>>> V 0.00 0.00
18.500	S 20460033 -0.26 0.44 0.00 0.00 HOLD
18.520	>>> V 0.00 0.00
18.521	S 20460053 -0.26 0.44 0.00 0.00 HOLD
18.538	>>> V 0.00 0.00
18.539	S 20460073 -0.26 0.44 0.00 0.00 HOLD
18.559	>>> V 0.00 0.00
18.559	S 20460093 -0.26 0.44 0.00 0.00 HOLD
18.578	>>> V 0.00 0.00
18.579	S 20460113 -0.26 0.44 0.00 0.00 HOLD
18.600	>>> V 0.00 0.00
18.601	S 20460133 -0.26 0.44 0.00 0.00 HOLD
18.619	>>> V 0.00 0.00
18.619	S 20460153 -0.26 0.44 0.00 0.00 HOLD
18.642	>>> V 0.00 0.00
18.643	S 20460173 -0.26 0.44 0.00 0.00 HOLD
18.659	>>> V 0.00 0.00
18.660	S 20460193 -0.26 0.44 0.00 0.00 HOLD
18.679	>>> V 0.00 0.00
18.680	S 20460213 -0.26 0.44 0.00 0.00 HOLD
18.699	>>> V 0.00 0.00
18.700	S 20460233 -0.26 0.44 0.00 0.00 HOLD
18.718	>>> V 0.00 0.00
18.719	S 20460253 -0.26 0.44 0.00 0.00 HOLD
18.738	>>> V 0.00 0.00
18.740	S 20460273 -0.26 0.44 0.00 0.00 HOLD
18.759	>>> V 0.00 0.00
18.759	S 20460293 -0.26 0.44 0.00 0.00 HOLD
18.779	>>> V 0.00 0.00
18.779	S 20460313 -0.26 0.44 0.00 0.00 HOLD
18.799	>>> V 0.00 0.00
18.800	S 20460333 -0.26 0.44 0.00 0.00 HOLD
18.818	>>> V 0.00 0.00
18.819	S 20460353 -0.26 0.44 0.00 0.00 HOLD
18.839	>>> V 0.00 0.00
18.840	S 20460373 -0.26 0.44 0.00 0.00 HOLD
18.859	>>> V 0.00 0.00
18.859	S 20460393 -0.26 0.44 0.00 0.00 HOLD
18.880	>>> V 0.00 0.00
18.881	S 20460413 -0.26 0.44 0.00 0.00 HOLD
18.901	>>> V 0.00 0.00
18.901	S 20460433 -0.26 0.44 0.00 0.00 HOLD
18.919	>>> V 0.00 0.00
18.920	S 20460453 -0.26 0.44 0.00 0.00 HOLD
18.939	>>> V 0.00 0.00
18.939	S 20460473 -0.26 0.44 0.00 0.00 HOLD
18.959	>>> V 0.00 0.00
18.960	S 20460493 -0.26 0.44 0.00 0.00 HOLD
18.978	>>> V 0.00 0.00
18.979	S 20460513 -0.26 0.44 0.00 0.00 HOLD
19.000	>>> V 0.00 0.00
19.001	S 20460533 -0.26 0.44 0.00 0.00 HOLD
19.019	>>> V 0.00 0.00
19.019	S 20460553 -0.35 0.44 0.00 0.00 HOLD
19.042	>>> V 0.00 0.00
19.043	S 20460573 -0.26 0.44 0.00 0.00 HOLD
19.059	>>> V 0.00 0.00
19.059	S 20460593 -0.26 0.44 0.00 0.00 HOLD
19.079	>>> V 0.00 0.00
19.079	S 20460613 -0.26 0.44 0.00 0.00 HOLD
19.099	>>> V 0.00 0.00
19.101	S 20460633 -0.26 0.44 0.00 0.00 HOLD
19.118	>>> V 0.00 0.00
19.119	S 20460653 -0.26 0.44 0.00 0.00 HOLD
19.140	>>> V 0.00 0.00
19.141	S 20460673 -0.26 0.44 0.00 0.00 HOLD
19.158	>>> V 0.00 0.00
19.159	S 20460693 -0.26 0.44 0.00 0.00 HOLD
19.180	>>> V 0.00 0.00
19.181	S 20460713 -0.26 0.44 0.00 0.00 HOLD
19.199	>>> V 0.00 0.00
19.201	S 20460733 -0.26 0.44 0.00 0.00 HOLD
19.222	>>> V 0.00 0.00
19.223	S 20460753 -0.26 0.44 0.00 0.00 HOLD
19.239	>>> V 0.00 0.00
19.239	S 20460773 -0.26 0.44 0.00 0.00 HOLD
19.261	>>> V 0.00 0.00
19.262	S 20460793 -0.26 0.44 0.00 0.00 HOLD
19.279	>>> V 0.00 0.00
19.280	S 20460813 -0.26 0.44 0.00 0.00 HOLD
19.300	>>> V 0.00 0.00
19.300	S 20460833 -0.26 0.44 0.00 0.00 HOLD
19.321	>>> V 0.00 0.00
19.323	S 20460853 -0.26 0.44 0.00 0.00 HOLD
19.339	>>> V 0.00 0.00
19.339	S 20460873 -0.26 0.44 0.00 0.00 HOLD
19.363	>>> V 0.00 0.00
19.363	S 20460893 -0.26 0.44 0.00 0.00 HOLD
19.379	>>> V 0.00 0.00
19.380	S 20460913 -0.26 0.44 0.00 0.00 HOLD
19.400	>>> V 0.00 0.00
19.400	S 20460933 -0.26 0.44 0.00 0.00 HOLD
19.419	>>> V 0.00 0.00
19.421	S 20460953 -0.26 0.44 0.00 0.00 HOLD
19.439	>>> V 0.00 0.00
19.439	S 20460973 -0.26 0.44 0.00 0.00 HOLD
19.464	>>> V 0.00 0.00
19.464	S 20460993 -0.26 0.44 0.00 0.00 HOLD
19.479	>>> V 0.00 0.00
19.480	S 20461013 -0.26 0.44 0.00 0.00 HOLD
19.500	>>> V 0.00 0.00
19.500	S 20461033 -0.26 0.44 0.00 0.00 HOLD
19.523	>>> V 0.00 0.00
19.524	S 20461053 -0.26 0.44 0.00 0.00 HOLD
19.539	>>> V 0.00 0.00
19.541	S 20461073 -0.26 0.44 0.00 0.00 HOLD
19.560	>>> V 0.00 0.00
19.560	S 20461093 -0.26 0.44 0.00 0.00 HOLD
19.579	>>> V 0.00 0.00
19.581	S 20461113 -0.26 0.44 0.00 0.00 HOLD
19.600	>>> V 0.00 0.00
19.601	S 20461133 -0.26 0.44 0.00 0.00 HOLD
19.619	>>> V 0.00 0.00
19.620	S 20461153 -0.26 0.44 0.00 0.00 HOLD
19.640	>>> V 0.00 0.00
19.642	S 20461173 -0.26 0.44 0.00 0.00 HOLD
19.658	>>> V 0.00 0.00
19.659	S 20461193 -0.26 0.44 0.00 0.00 HOLD
19.680	>>> V 0.00 0.00
19.682	S 20461213 -0.26 0.44 0.00 0.00 HOLD
19.699	>>> V 0.00 0.00
19.699	S 20461233 -0.26 0.44 0.00 0.00 HOLD
19.720	>>> V 0.00 0.00
19.722	S 20461253 -0.26 0.44 0.00 0.00 HOLD
19.739	>>> V 0.00 0.00
19.740	S 20461273 -0.26 0.44 0.00 0.00 HOLD
19.763	>>> V 0.00 0.00
19.763	S 20461293 -0.26 0.44 0.00 0.00 HOLD
19.783	>>> V -13.98 40.20
19.783	S 20461313 -0.26 0.44 0.00 0.00 HOLD
19.802	>>> V -13.98 40.20
19.803	S 20461333 -0.26 0.35 0.00 0.00 TRACK
19.819	>>> V -13.98 40.20
19.819	S 20461353 -0.26 0.44 0.00 0.00 TRACK
19.842	>>> V -13.97 40.20
19.843	S 20461373 -0.35 0.44 0.00 0.00 TRACK
19.859	>>> V -13.95 40.16
19.859	S 20461393 -0.53 0.53 -1.37 0.00 TRACK
19.881	>>> V -13.95 40.16
19.883	S 20461413 -0.79 1.05 -4.12 2.75 TRACK
19.899	>>> V -13.95 40.18
19.899	S 20461433 -0.97 1.49 -6.87 8.24 TRACK
19.920	>>> V -13.95 40.18
19.920	S 20461453 -1.23 2.20 -9.62 16.49 TRACK
19.938	>>> V -13.96 40.17
19.939	S 20461473 -1.49 2.81 -10.99 23.36 TRACK
19.962	>>> V -13.96 40.17
19.963	S 20461493 -1.67 3.60 -10.99 28.85 TRACK
19.978	>>> V -13.96 40.17
19.979	S 20461513 -1.85 4.39 -10.99 32.98 TRACK
20.005	>>> V -13.94 40.18
20.005	S 20461533 -2.20 5.19 -10.99 35.72 TRACK
20.021	>>> V -13.94 40.18
20.021	S 20461553 -2.46 5.98 -10.99 38.47 TRACK
20.044	>>> V -13.65 40.25
20.044	S 20461573 -2.81 6.77 -12.37 38.47 TRACK
20.061	>>> V -12.90 39.92
20.062	S 20461593 -3.08 7.56 -13.74 39.85 TRACK
20.079	>>> V -12.90 39.92
20.080	S 20461613 -3.34 8.44 -13.74 39.85 TRACK
20.098	>>> V -12.10 39.00
20.099	S 20461633 -3.60 9.23 -13.74 39.85 TRACK
20.120	>>> V -12.10 39.00
20.120	S 20461653 -3.87 10.37 -13.74 41.22 TRACK
20.138	>>> V -11.24 36.27
20.139	S 20461673 -4.13 11.16 -12.37 43.97 TRACK
20.158	>>> V -11.24 36.27
20.159	S 20461693 -4.39 11.87 -12.37 43.97 TRACK
20.179	>>> V -10.62 32.83
20.180	S 20461713 -4.66 12.30 -12.37 41.22 TRACK
20.205	>>> V -10.62 32.83
20.205	S 20461733 -4.92 13.10 -12.37 34.35 TRACK
20.219	>>> V -9.57 29.55
20.220	S 20461753 -5.10 13.89 -12.37 32.98 TRACK
20.245	>>> V -9.57 29.55
20.245	S 20461773 -5.36 14.77 -10.99 34.35 TRACK
20.259	>>> V -7.76 22.13
20.260	S 20461793 -5.54 15.47 -10.99 38.47 TRACK
20.280	>>> V -7.76 22.13
20.281	S 20461813 -5.80 16.17 -10.99 39.85 TRACK
20.299	>>> V -7.10 17.15
20.299	S 20461833 -5.98 16.79 -10.99 37.10 TRACK
20.324	>>> V -7.10 17.15
20.325	S 20461853 -6.24 17.31 -9.62 32.98 TRACK
20.339	>>> V -7.10 17.15
20.340	S 20461873 -6.50 17.93 -9.62 28.85 TRACK
20.360	>>> V -6.15 12.95
20.361	S 20461893 -6.68 18.37 -9.62 26.11 TRACK
20.379	>>> V -6.15 12.95
20.381	S 20461913 -6.77 18.72 -8.24 23.36 TRACK
20.403	>>> V -5.40 10.71
20.405	S 20461933 -6.94 19.16 -8.24 21.98 TRACK
20.419	>>> V -5.40 10.71
20.421	S 20461953 -7.03 19.42 -6.87 19.24 TRACK
20.441	>>> V -4.63 7.92
20.442	S 20461973 -7.12 19.78 -5.50 17.86 TRACK
20.459	>>> V -4.63 7.92
20.460	S 20461993 -7.29 19.95 -5.50 15.11 TRACK
20.484	>>> V -3.15 0.00
20.484	S 20462013 -7.38 20.21 -5.50 13.74 TRACK
20.499	>>> V -3.15 0.00
20.501	S 20462033 -7.47 20.48 -5.50 12.37 TRACK
20.522	>>> V -2.44 0.00
20.522	S 20462053 -7.56 20.57 -5.50 10.99 TRACK
20.539	>>> V -2.44 0.00
20.540	S 20462073 -7.73 20.74 -5.50 9.62 TRACK
20.560	>>> V -1.85 -3.07
20.562	S 20462093 -7.73 20.74 -4.12 6.87 TRACK
20.579	>>> V -1.85 -3.07
20.580	S 20462113 -7.73 20.74 -2.75 4.12 TRACK
20.603	>>> V 0.00 -4.79
20.605	S 20462133 -7.73 20.74 -1.37 1.37 TRACK
20.619	>>> V 0.00 -4.79
20.620	S 20462153 -7.73 20.83 0.00 0.00 TRACK
20.640	>>> V 0.00 -6.33
20.641	S 20462173 -7.82 20.74 0.00 0.00 TRACK
20.659	>>> V 0.00 -8.88
20.659	S 20462193 -7.82 20.65 0.00 0.00 TRACK
20.682	>>> V 0.00 -8.88
20.683	S 20462213 -7.82 20.57 0.00 0.00 TRACK
20.699	>>> V 0.00 -10.24
20.699	S 20462233 -7.82 20.57 0.00 -1.37 TRACK
20.722	>>> V 0.00 -10.24
20.722	S 20462253 -7.82 20.39 0.00 -2.75 TRACK
20.739	>>> V 0.00 -12.05
20.740	S 20462273 -7.82 20.21 0.00 -4.12 TRACK
20.758	>>> V 0.00 -12.05
20.759	S 20462293 -7.82 20.04 0.00 -5.50 TRACK
20.779	>>> V 0.00 -13.87
20.779	S 20462313 -7.82 19.86 0.00 -6.87 TRACK
20.799	>>> V 0.00 -13.87
20.800	S 20462333 -7.82 19.69 0.00 -8.24 TRACK
20.820	>>> V -2.15 -15.33
20.821	S 20462353 -7.82 19.42 0.00 -8.24 TRACK
20.839	>>> V -2.15 -15.33
20.839	S 20462373 -7.82 19.16 0.00 -9.62 TRACK
20.860	>>> V -4.20 -18.33
20.861	S 20462393 -7.73 18.90 0.00 -10.99 TRACK
20.878	>>> V -4.20 -18.33
20.879	S 20462413 -7.91 18.63 0.00 -12.37 TRACK
20.899	>>> V -5.38 -19.26
20.900	S 20462433 -8.00 18.37 0.00 -12.37 TRACK
20.921	>>> V -5.38 -19.26
20.923	S 20462453 -8.09 18.02 -1.37 -13.74 TRACK
20.939	>>> V -6.62 -19.17
20.939	S 20462473 -8.17 17.58 -4.12 -13.74 TRACK
20.958	>>> V -6.62 -19.17
20.959	S 20462493 -8.35 17.23 -4.12 -15.11 TRACK
20.979	>>> V -7.92 -19.14
20.980	S 20462513 -8.44 16.87 -4.12 -15.11 TRACK
20.999	>>> V -7.92 -19.14
20.999	S 20462533 -8.53 16.52 -4.12 -16.49 TRACK
21.019	>>> V -8.99 -18.70
21.020	S 20462553 -8.61 16.08 -4.12 -16.49 TRACK
21.038	>>> V -8.99 -18.70
21.039	S 20462573 -8.70 15.82 -4.12 -17.86 TRACK
21.058	>>> V -10.02 -18.33
21.059	S 20462593 -8.88 15.38 -5.50 -17.86 TRACK
21.079	>>> V -10.02 -18.33
21.083	S 20462613 -9.14 14.94 -5.50 -17.86 TRACK
21.098	>>> V -11.15 -17.68
21.099	S 20462633 -9.32 14.68 -6.87 -17.86 TRACK
21.120	>>> V -11.15 -17.68
21.120	S 20462653 -9.49 14.24 -8.24 -17.86 TRACK
21.139	>>> V -12.26 -16.63
21.139	S 20462673 -9.76 13.89 -8.24 -17.86 TRACK
21.159	>>> V -12.26 -16.63
21.160	S 20462693 -9.93 13.54 -8.24 -17.86 TRACK
21.181	>>> V -12.26 -16.63
21.182	S 20462713 -10.20 13.10 -9.62 -17.86 TRACK
21.201	>>> V -12.66 -16.02
21.204	S 20462733 -10.37 12.83 -9.62 -17.86 TRACK
21.224	>>> V -12.95 -15.44
21.224	S 20462753 -10.63 12.48 -9.62 -17.86 TRACK
21.241	>>> V -12.95 -15.44
21.242	S 20462773 -10.81 12.13 -9.62 -16.49 TRACK
21.260	>>> V -12.95 -15.44
21.261	S 20462793 -10.99 11.78 -9.62 -16.49 TRACK
21.280	>>> V -13.04 -14.90
21.282	S 20462813 -11.25 11.51 -9.62 -16.49 TRACK
21.301	>>> V -11.95 -14.72
21.302	S 20462833 -11.51 11.16 -10.99 -16.49 TRACK
21.323	>>> V -11.95 -14.72
21.324	S 20462853 -11.78 10.81 -10.99 -15.11 TRACK
21.340	>>> V -11.06 -14.91
21.341	S 20462873 -12.04 10.55 -12.37 -15.11 TRACK
21.363	>>> V -10.04 -15.85
21.364	S 20462893 -12.30 10.20 -12.37 -15.11 TRACK
21.379	>>> V -10.04 -15.85
21.380	S 20462913 -12.57 9.93 -12.37 -15.11 TRACK
21.404	>>> V -8.95 -16.87
21.405	S 20462933 -12.74 9.58 -12.37 -15.11 TRACK
21.419	>>> V -8.95 -16.87
21.420	S 20462953 -13.01 9.32 -10.99 -15.11 TRACK
21.441	>>> V -7.81 -18.23
21.443	S 20462973 -13.18 8.96 -10.99 -15.11 TRACK
21.460	>>> V -7.81 -18.23
21.464	S 20462993 -13.27 8.70 -9.62 -15.11 TRACK
21.479	>>> V -7.81 -18.23
21.481	S 20463013 -13.45 8.35 -9.62 -15.11 TRACK
21.506	>>> V -6.77 -19.61
21.507	S 20463033 -13.71 8.00 -9.62 -15.11 TRACK
21.518	>>> V -5.63 -20.77
21.520	S 20463053 -13.89 7.65 -9.62 -15.11 TRACK
21.538	>>> V 2.64 -23.54
21.539	S 20463073 -14.15 7.29 -9.62 -16.49 TRACK
21.559	>>> V 2.64 -23.54
21.559	S 20463093 -14.24 6.86 -9.62 -16.49 TRACK
21.579	>>> V 2.64 -23.54
21.581	S 20463113 -14.41 6.50 -8.24 -17.86 TRACK
21.605	>>> V 2.64 -23.54
21.605	S 20463133 -14.41 6.06 -6.87 -17.86 TRACK
21.619	>>> V 4.77 -23.37
21.621	S 20463153 -14.41 5.62 -4.12 -19.24 TRACK
21.640	>>> V 4.77 -23.37
21.641	S 20463173 -14.41 5.19 -2.75 -19.24 TRACK
21.663	>>> V 7.23 -22.61
21.663	S 20463193 -14.33 4.75 0.00 -20.61 TRACK
21.683	>>> V 9.32 -21.75
21.683	S 20463213 -14.24 4.31 0.00 -21.98 TRACK
21.702	>>> V 9.32 -21.75
21.704	S 20463233 -14.15 3.87 1.37 -21.98 TRACK
21.722	>>> V 10.91 -20.39
21.722	S 20463253 -13.97 3.43 4.12 -21.98 TRACK
21.745	>>> V 10.91 -20.39
21.746	S 20463273 -13.89 2.99 5.50 -21.98 TRACK
21.762	>>> V 12.21 -18.62
21.763	S 20463293 -13.71 2.46 5.50 -21.98 TRACK
21.780	>>> V 12.21 -18.62
21.782	S 20463313 -13.54 2.02 6.87 -21.98 TRACK
21.799	>>> V 13.26 -16.75
21.799	S 20463333 -13.27 1.58 6.87 -21.98 TRACK
21.824	>>> V 13.83 -14.97
21.825	S 20463353 -13.18 1.23 8.24 -20.61 TRACK
21.844	>>> V 13.83 -14.97
21.844	S 20463373 -13.01 0.70 9.62 -20.61 TRACK
21.860	>>> V 13.83 -14.97
21.861	S 20463393 -12.74 0.35 9.62 -20.61 TRACK
21.879	>>> V 14.31 -13.13
21.882	S 20463413 -12.48 0.00 9.62 -19.24 TRACK
21.900	>>> V 14.60 -11.26
21.900	S 20463433 -12.22 -0.26 10.99 -17.86 TRACK
21.924	>>> V 14.60 -11.26
21.925	S 20463453 -11.95 -0.62 10.99 -16.49 TRACK
21.943	>>> V 14.68 -9.42
21.945	S 20463473 -11.60 -0.97 12.37 -16.49 TRACK
21.960	>>> V 14.66 -7.53
21.960	S 20463493 -11.43 -1.23 12.37 -15.11 TRACK
21.980	>>> V 14.66 -7.53
21.985	S 20463513 -11.07 -1.49 13.74 -13.74 TRACK
22.005	>>> V 14.56 -5.88
22.005	S 20463533 -10.81 -1.67 13.74 -12.37 TRACK
22.022	>>> V 14.56 -5.88
22.024	S 20463553 -10.46 -1.93 13.74 -12.37 TRACK
22.040	>>> V 14.22 -4.08
22.042	S 20463573 -10.28 -2.11 13.74 -10.99 TRACK
22.065	>>> V 14.22 -4.08
22.066	S 20463593 -10.02 -2.20 13.74 -9.62 TRACK
22.080	>>> V 13.66 0.00
22.082	S 20463613 -9.67 -2.29 12.37 -8.24 TRACK
22.101	>>> V 13.66 0.00
22.102	S 20463633 -9.49 -2.46 12.37 -5.50 TRACK
22.118	>>> V 13.03 0.00
22.120	S 20463653 -9.14 -2.55 12.37 -5.50 TRACK
22.140	>>> V 12.35 0.00
22.141	S 20463673 -8.79 -2.55 12.37 -4.12 TRACK
22.160	>>> V 12.35 0.00
22.160	S 20463693 -8.53 -2.55 13.74 -2.75 TRACK
22.179	>>> V 11.57 0.00
22.180	S 20463713 -8.26 -2.64 13.74 -1.37 TRACK
22.198	>>> V 11.57 0.00
22.199	S 20463733 -7.91 -2.55 13.74 0.00 TRACK
22.220	>>> V 10.76 3.68
22.220	S 20463753 -7.65 -2.55 13.74 0.00 TRACK
22.241	>>> V 10.76 3.68
22.244	S 20463773 -7.38 -2.55 13.74 0.00 TRACK
22.259	>>> V 9.63 4.80
22.260	S 20463793 -7.12 -2.55 12.37 0.00 TRACK
22.279	>>> V 9.63 4.80
22.279	S 20463813 -6.94 -2.55 10.99 0.00 TRACK
22.305	>>> V 6.35 6.55
22.306	S 20463833 -6.68 -2.55 10.99 0.00 TRACK
22.321	>>> V 6.35 6.55
22.321	S 20463853 -6.50 -2.55 10.99 0.00 TRACK
22.339	>>> V 4.60 7.68
22.340	S 20463873 -6.33 -2.55 9.62 0.00 TRACK
22.359	>>> V 0.00 10.45
22.360	S 20463893 -5.98 -2.37 9.62 0.00 TRACK
22.383	>>> V 0.00 10.45
22.383	S 20463913 -5.89 -2.29 9.62 1.37 TRACK
22.401	>>> V 0.00 10.45
22.401	S 20463933 -5.80 -2.11 8.24 4.12 TRACK
22.418	>>> V 0.00 11.58
22.419	S 20463953 -5.71 -1.93 6.87 5.50 TRACK
22.440	>>> V -1.98 12.87
22.440	S 20463973 -5.71 -1.76 4.12 6.87 TRACK
22.459	>>> V -3.14 14.12
22.460	S 20463993 -5.71 -1.49 2.75 8.24 TRACK
22.479	>>> V -3.14 14.12
22.480	S 20464013 -5.71 -1.32 0.00 9.62 TRACK
22.499	>>> V -3.14 14.12
22.499	S 20464033 -5.71 -1.05 0.00 9.62 TRACK
22.520	>>> V -4.10 14.87
22.521	S 20464053 -5.71 -0.88 0.00 9.62 TRACK
22.541	>>> V -4.10 14.87
22.543	S 20464073 -5.71 -0.62 0.00 10.99 TRACK
22.560	>>> V -4.63 15.93
22.561	S 20464093 -5.80 -0.26 0.00 10.99 TRACK
22.579	>>> V -5.06 17.23
22.580	S 20464113 -5.89 0.00 -1.37 12.37 TRACK
22.599	>>> V -5.06 17.23
22.600	S 20464133 -5.98 0.26 -2.75 12.37 TRACK
22.620	>>> V -5.52 17.08
22.621	S 20464153 -6.24 0.62 -4.12 13.74 TRACK
22.640	>>> V -5.52 17.08
22.644	S 20464173 -6.33 1.05 -4.12 13.74 TRACK
22.660	>>> V -6.02 17.36
22.662	S 20464193 -6.33 1.32 -4.12 15.11 TRACK
22.679	>>> V -6.02 17.36
22.680	S 20464213 -6.33 1.67 -2.75 15.11 TRACK
22.707	>>> V -6.19 17.46
22.707	S 20464233 -6.50 2.02 -2.75 15.11 TRACK
22.719	>>> V -6.34 17.36
22.720	S 20464253 -6.59 2.37 -2.75 16.49 TRACK
22.741	>>> V -6.34 17.36
22.743	S 20464273 -6.77 2.72 -4.12 16.49 TRACK
22.759	>>> V -6.34 17.36
22.759	S 20464293 -6.86 3.08 -5.50 16.49 TRACK
22.782	>>> V -6.60 17.01
22.784	S 20464313 -7.03 3.43 -5.50 16.49 TRACK
22.802	>>> V -6.60 17.01
22.802	S 20464333 -7.12 3.78 -5.50 16.49 TRACK
22.823	>>> V -7.03 16.50
22.823	S 20464353 -7.29 4.22 -5.50 16.49 TRACK
22.839	>>> V -7.03 16.50
22.840	S 20464373 -7.38 4.48 -5.50 16.49 TRACK
22.865	>>> V -7.16 15.69
22.867	S 20464393 -7.56 4.83 -5.50 16.49 TRACK
22.884	>>> V -7.16 15.69
22.886	S 20464413 -7.73 5.19 -5.50 16.49 TRACK
22.899	>>> V -7.36 14.97
22.900	S 20464433 -7.82 5.54 -6.87 16.49 TRACK
22.919	>>> V -7.67 14.30
22.920	S 20464453 -8.00 5.80 -6.87 16.49 TRACK
22.942	>>> V -7.67 14.30
22.942	S 20464473 -8.17 6.15 -6.87 15.11 TRACK
22.959	>>> V -7.67 14.30
22.960	S 20464493 -8.26 6.42 -6.87 15.11 TRACK
22.980	>>> V -7.67 14.30
22.980	S 20464513 -8.44 6.94 -6.87 15.11 TRACK
22.999	>>> V -7.83 13.35
23.000	S 20464533 -8.53 7.29 -6.87 16.49 TRACK
23.024	>>> V -8.09 12.24
23.024	S 20464553 -8.79 7.29 -6.87 16.49 TRACK
23.039	>>> V -8.17 10.78
23.041	S 20464573 -8.88 7.56 -6.87 13.74 TRACK
23.060	>>> V -8.17 10.78
23.061	S 20464593 -9.14 7.91 -8.24 10.99 TRACK
23.079	>>> V -8.17 10.78
23.083	S 20464613 -9.32 8.09 -8.24 10.99 TRACK
23.102	>>> V -8.21 9.15
23.106	S 20464633 -9.58 8.44 -8.24 12.37 TRACK
23.119	>>> V -8.52 4.02
23.119	S 20464653 -9.67 8.70 -8.24 12.37 TRACK
23.139	>>> V -9.16 0.00
23.140	S 20464673 -9.84 8.88 -8.24 12.37 TRACK
23.158	>>> V -9.61 0.00
23.161	S 20464693 -10.02 9.05 -8.24 10.99 TRACK
23.179	>>> V -9.61 0.00
23.180	S 20464713 -10.20 9.23 -6.87 10.99 TRACK
23.199	>>> V -9.61 0.00
23.199	S 20464733 -10.37 9.32 -8.24 8.24 TRACK
23.221	>>> V -10.29 0.00
23.221	S 20464753 -10.55 9.40 -8.24 6.87 TRACK
23.238	>>> V -10.81 -3.54
23.239	S 20464773 -10.72 9.40 -8.24 4.12 TRACK
23.259	>>> V -10.81 -3.54
23.260	S 20464793 -10.90 9.40 -8.24 2.75 TRACK
23.279	>>> V -11.29 -5.22
23.279	S 20464813 -11.16 9.40 -8.24 0.00 TRACK
23.300	>>> V -11.29 -5.22
23.301	S 20464833 -11.34 9.40 -8.24 0.00 TRACK
23.319	>>> V -11.59 -6.49
23.319	S 20464853 -11.51 9.40 -8.24 0.00 TRACK
23.340	>>> V -11.59 -6.49
23.341	S 20464873 -11.69 9.40 -9.62 0.00 TRACK
23.359	>>> V -11.59 -6.49
23.361	S 20464893 -11.95 9.23 -9.62 0.00 TRACK
23.379	>>> V -11.59 -6.49
23.380	S 20464913 -12.13 9.05 -9.62 -2.75 TRACK
23.401	>>> V -11.78 -7.26
23.402	S 20464933 -12.39 8.88 -9.62 -4.12 TRACK
23.418	>>> V -11.67 -7.84
23.419	S 20464953 -12.57 8.70 -9.62 -6.87 TRACK
23.440	>>> V -11.67 -7.84
23.442	S 20464973 -12.74 8.61 -9.62 -6.87 TRACK
23.462	>>> V -11.10 -8.32
23.464	S 20464993 -13.01 8.53 -9.62 -6.87 TRACK
23.481	>>> V -11.10 -8.32
23.484	S 20465013 -13.18 8.35 -9.62 -6.87 TRACK
23.502	>>> V -10.30 -8.66
23.503	S 20465033 -13.36 8.26 -9.62 -5.50 TRACK
23.524	>>> V -9.26 -8.99
23.525	S 20465053 -13.62 8.00 -9.62 -6.87 TRACK
23.539	>>> V -9.26 -8.99
23.542	S 20465073 -13.80 7.91 -9.62 -6.87 TRACK
23.558	>>> V -8.06 -9.50
23.559	S 20465093 -13.97 7.65 -9.62 -6.87 TRACK
23.582	>>> V -8.06 -9.50
23.584	S 20465113 -14.24 7.47 -9.62 -8.24 TRACK
23.600	>>> V -6.75 -10.05
23.600	S 20465133 -14.41 7.29 -9.62 -8.24 TRACK
23.619	>>> V -6.75 -10.05
23.619	S 20465153 -14.68 7.12 -9.62 -8.24 TRACK
23.640	>>> V -5.25 -10.04
23.640	S 20465173 -14.85 6.94 -9.62 -8.24 TRACK
23.659	>>> V -3.54 -10.20
23.659	S 20465193 -15.03 6.68 -9.62 -9.62 TRACK
23.678	>>> V -3.54 -10.20
23.679	S 20465213 -15.21 6.59 -8.24 -8.24 TRACK
23.699	>>> V -1.83 -10.24
23.700	S 20465233 -15.21 6.33 -6.87 -8.24 TRACK
23.721	>>> V -1.83 -10.24
23.721	S 20465253 -15.29 6.15 -5.50 -8.24 TRACK
23.740	>>> V 0.00 -10.07
23.741	S 20465273 -15.47 5.98 -5.50 -9.62 TRACK
23.759	>>> V 0.00 -10.07
23.762	S 20465293 -15.56 5.71 -4.12 -9.62 TRACK
23.780	>>> V 0.00 -10.15
23.780	S 20465313 -15.56 5.54 -4.12 -9.62 TRACK
23.800	>>> V 0.00 -10.15
23.802	S 20465333 -15.56 5.36 -2.75 -8.24 TRACK
23.820	>>> V 3.05 -9.99
23.821	S 20465353 -15.56 5.19 -1.37 -8.24 TRACK
23.840	>>> V 3.05 -9.99
23.840	S 20465373 -15.56 4.92 0.00 -8.24 TRACK
23.860	>>> V 4.40 -9.78
23.861	S 20465393 -15.56 4.83 0.00 -8.24 TRACK
23.878	>>> V 4.40 -9.78
23.879	S 20465413 -15.56 4.57 0.00 -9.62 TRACK
23.901	>>> V 5.66 -9.53
23.901	S 20465433 -15.56 4.39 0.00 -9.62 TRACK
23.919	>>> V 5.66 -9.53
23.919	S 20465453 -15.47 4.22 0.00 -9.62 TRACK
23.942	>>> V 6.92 -9.06
23.943	S 20465473 -15.38 4.04 1.37 -9.62 TRACK
23.959	>>> V 6.92 -9.06
23.960	S 20465493 -15.21 3.78 2.75 -9.62 TRACK
23.985	>>> V 7.95 -8.63
23.985	S 20465513 -15.12 3.60 4.12 -9.62 TRACK
23.998	>>> V 7.95 -8.63
24.000	S 20465533 -15.03 3.43 4.12 -9.62 TRACK
24.021	>>> V 8.72 -8.05
24.022	S 20465553 -14.85 3.16 4.12 -9.62 TRACK
24.039	>>> V 8.72 -8.05
24.041	S 20465573 -14.77 3.08 5.50 -9.62 TRACK
24.060	>>> V 9.41 -7.43
24.061	S 20465593 -14.59 2.90 5.50 -8.24 TRACK
24.079	>>> V 9.41 -7.43
24.080	S 20465613 -14.50 2.72 5.50 -8.24 TRACK
24.102	>>> V 9.41 -7.43
24.105	S 20465633 -14.24 2.46 5.50 -8.24 TRACK
24.120	>>> V 10.05 -3.57
24.121	S 20465653 -14.15 2.37 6.87 -8.24 TRACK
24.141	>>> V 9.34 0.00
24.143	S 20465673 -13.89 2.29 8.24 -6.87 TRACK
24.159	>>> V 9.34 0.00
24.160	S 20465693 -13.71 2.11 8.24 -6.87 TRACK
24.182	>>> V 8.88 0.00
24.182	S 20465713 -13.54 2.02 8.24 -5.50 TRACK
24.199	>>> V 8.88 0.00
24.199	S 20465733 -13.27 1.93 8.24 -5.50 TRACK
24.220	>>> V 8.34 0.00
24.221	S 20465753 -13.18 1.93 8.24 -4.12 TRACK
24.239	>>> V 8.34 0.00
24.239	S 20465773 -13.10 1.93 8.24 -2.75 TRACK
24.262	>>> V 7.71 0.00
24.264	S 20465793 -12.92 1.93 8.24 -1.37 TRACK
24.279	>>> V 7.00 0.00
24.279	S 20465813 -12.74 1.93 8.24 0.00 TRACK
24.300	>>> V 7.00 0.00
24.301	S 20465833 -12.57 1.93 8.24 0.00 TRACK
24.320	>>> V 7.00 0.00
24.320	S 20465853 -12.39 1.93 6.87 0.00 TRACK
24.343	>>> V 6.31 0.00
24.345	S 20465873 -12.30 1.93 6.87 0.00 TRACK
24.359	>>> V 5.78 2.98
24.360	S 20465893 -12.13 1.93 6.87 0.00 TRACK
24.381	>>> V 5.78 2.98
24.382	S 20465913 -12.04 1.93 6.87 0.00 TRACK
24.399	>>> V 5.78 2.98
24.401	S 20465933 -11.87 1.85 6.87 0.00 TRACK
24.421	>>> V 5.30 3.75
24.423	S 20465953 -11.78 1.93 5.50 0.00 TRACK
24.440	>>> V 5.30 3.75
24.440	S 20465973 -11.60 1.93 5.50 0.00 TRACK
24.462	>>> V 4.84 3.95
24.462	S 20465993 -11.51 1.93 5.50 0.00 TRACK
24.479	>>> V 4.41 4.04
24.479	S 20466013 -11.43 1.93 5.50 0.00 TRACK
24.504	>>> V 4.41 4.04
24.504	S 20466033 -11.34 1.93 4.12 0.00 TRACK
24.518	>>> V 4.03 4.22
24.519	S 20466053 -11.25 2.02 4.12 0.00 TRACK
24.539	>>> V 4.03 4.22
24.542	S 20466073 -11.25 2.20 4.12 1.37 TRACK
24.559	>>> V 3.62 4.20
24.560	S 20466093 -11.16 2.29 2.75 2.75 TRACK
24.579	>>> V 3.62 4.20
24.579	S 20466113 -10.99 2.37 4.12 4.12 TRACK
24.599	>>> V 3.22 4.26
24.599	S 20466133 -10.90 2.46 4.12 4.12 TRACK
24.621	>>> V 3.22 4.26
24.622	S 20466153 -10.72 2.55 4.12 4.12 TRACK
24.639	>>> V 2.88 4.28
24.640	S 20466173 -10.63 2.64 4.12 2.75 TRACK
24.660	>>> V 2.88 4.28
24.662	S 20466193 -10.55 2.72 4.12 2.75 TRACK
24.686	>>> V 2.67 4.34
24.686	S 20466213 -10.55 2.81 4.12 4.12 TRACK
24.701	>>> V 2.67 4.34
24.702	S 20466233 -10.55 2.90 2.75 4.12 TRACK
24.720	>>> V 2.48 4.04
24.721	S 20466253 -10.55 2.99 1.37 4.12 TRACK
24.740	>>> V 2.48 4.04
24.741	S 20466273 -10.46 3.08 0.00 4.12 TRACK
24.764	>>> V 2.11 3.77
24.765	S 20466293 -10.37 3.16 1.37 4.12 TRACK
24.779	>>> V 2.11 3.77
24.780	S 20466313 -10.28 3.25 2.75 4.12 TRACK
24.802	>>> V 0.00 3.37
24.802	S 20466333 -10.20 3.34 4.12 4.12 TRACK
24.819	>>> V 0.00 3.37
24.819	S 20466353 -10.20 3.52 2.75 4.12 TRACK
24.840	>>> V 0.00 3.09
24.842	S 20466373 -10.28 3.60 1.37 4.12 TRACK
24.859	>>> V 0.00 2.91
24.861	S 20466393 -10.20 3.60 0.00 4.12 TRACK
24.879	>>> V 0.00 2.91
24.880	S 20466413 -10.20 3.60 0.00 2.75 TRACK
24.899	>>> V 0.00 0.00
24.899	S 20466433 -10.20 3.69 0.00 2.75 TRACK
24.919	>>> V 0.00 0.00
24.920	S 20466453 -10.20 3.78 0.00 1.37 TRACK
24.940	>>> V 0.00 0.00
24.940	S 20466473 -10.20 3.78 0.00 1.37 TRACK
24.961	>>> V 0.00 0.00
24.961	S 20466493 -10.20 3.78 0.00 1.37 TRACK
24.979	>>> V 0.00 0.00
24.981	S 20466513 -10.28 3.87 0.00 1.37 TRACK
25.004	>>> V 0.00 0.00
25.005	S 20466533 -10.20 3.78 0.00 0.00 TRACK
25.021	>>> V -1.93 0.00
25.023	S 20466553 -10.20 3.78 0.00 0.00 TRACK
25.040	>>> V -1.93 0.00
25.043	S 20466574 -10.20 3.78 0.00 0.00 TRACK
25.061	>>> V -3.54 0.00
25.062	S 20466594 -10.20 3.78 0.00 0.00 TRACK
25.081	>>> V -7.39 0.00
25.081	S 20466613 -10.20 3.78 0.00 0.00 TRACK
25.101	>>> V -7.39 0.00
25.101	S 20466634 -10.20 3.78 0.00 0.00 TRACK
25.120	>>> V -7.39 0.00
25.122	S 20466654 -10.20 3.78 0.00 0.00 TRACK
25.139	>>> V 0.00 0.00
25.139	S 20466674 -10.20 3.78 0.00 0.00 TRACK
25.160	>>> V 0.00 0.00
25.161	S 20466694 -10.28 3.78 0.00 0.00 TRACK
25.184	>>> V 0.00 0.00
25.185	S 20466714 -10.37 3.78 0.00 0.00 TRACK
25.202	>>> V 0.00 0.00
25.203	S 20466734 -10.46 3.78 -2.75 0.00 TRACK
25.225	>>> V 0.00 0.00
25.227	S 20466754 -10.63 3.78 -4.12 0.00 TRACK
25.240	>>> V 0.00 0.00
25.244	S 20466774 -10.63 3.78 -4.12 0.00 TRACK
25.264	>>> V 0.00 0.00
25.266	S 20466794 -10.63 3.78 -2.75 0.00 TRACK
25.280	>>> V 0.00 0.00
25.281	S 20466814 -10.63 3.78 -1.37 0.00 TRACK
25.299	>>> V 0.00 0.00
25.300	S 20466834 -10.63 3.87 0.00 0.00 TRACK
25.319	>>> V 0.00 0.00
25.321	S 20466854 -10.63 3.78 0.00 0.00 TRACK
25.339	>>> V 0.00 0.00
25.339	S 20466874 -10.63 3.87 0.00 0.00 TRACK
25.363	>>> V 0.00 0.00
25.363	S 20466894 -10.63 3.78 0.00 0.00 TRACK
25.379	>>> V 0.00 0.00
25.380	S 20466914 -10.63 3.87 0.00 0.00 TRACK
25.407	>>> V 0.00 0.00
25.407	S 20466934 -10.63 3.78 0.00 0.00 TRACK
25.419	>>> V 0.00 0.00
25.422	S 20466954 -10.63 3.78 0.00 0.00 TRACK
25.440	>>> V 0.00 0.00
25.441	S 20466974 -10.63 3.87 0.00 0.00 TRACK
25.460	>>> V 0.00 0.00
25.461	S 20466994 -10.63 3.78 0.00 0.00 TRACK
25.480	>>> V 0.00 0.00
25.482	S 20467014 -10.63 3.87 0.00 0.00 TRACK
25.504	>>> V 0.00 0.00
25.505	S 20467034 -10.63 3.78 0.00 0.00 TRACK
25.522	>>> V 0.00 0.00
25.525	S 20467054 -10.63 3.78 0.00 0.00 TRACK
25.541	>>> V 0.00 0.00
25.543	S 20467074 -10.63 3.78 0.00 0.00 TRACK
25.565	>>> V 0.00 0.00
25.566	S 20467094 -10.63 3.78 0.00 0.00 TRACK
25.580	>>> V 0.00 0.00
25.581	S 20467114 -10.63 3.78 0.00 0.00 TRACK
25.600	>>> V 0.00 0.00
25.603	S 20467134 -10.63 3.78 0.00 0.00 TRACK
25.621	>>> V 0.00 0.00
25.623	S 20467154 -10.63 3.78 0.00 0.00 TRACK
25.641	>>> V 0.00 0.00
25.642	S 20467174 -10.63 3.78 0.00 0.00 TRACK
25.660	>>> V 0.00 0.00
25.660	S 20467194 -10.63 3.78 0.00 0.00 TRACK
25.684	>>> V 0.00 0.00
25.686	S 20467214 -10.63 3.87 0.00 0.00 TRACK
25.699	>>> V 0.00 0.00
25.702	S 20467234 -10.63 3.78 0.00 0.00 TRACK
25.719	>>> V -21.35 4.87
25.719	S 20467254 -10.63 3.78 0.00 0.00 TRACK
25.739	>>> V -19.70 7.77
25.739	S 20467274 -10.63 3.78 0.00 0.00 TRACK
25.759	>>> V -19.70 7.77
25.759	S 20467294 -10.63 3.78 0.00 0.00 TRACK
25.780	>>> V -19.70 7.77
25.780	S 20467314 -10.72 3.87 0.00 0.00 TRACK
25.800	>>> V -18.52 8.06
25.801	S 20467334 -10.90 3.96 -1.37 1.37 TRACK
25.821	>>> V -18.52 8.06
25.823	S 20467354 -11.25 4.13 -5.50 2.75 TRACK
25.843	>>> V -16.83 8.26
25.844	S 20467374 -11.51 4.22 -9.62 4.12 TRACK
25.860	>>> V -16.83 8.26
25.860	S 20467394 -11.87 4.48 -12.37 5.50 TRACK
25.881	>>> V -14.76 8.33
25.882	S 20467414 -12.22 4.66 -15.11 6.87 TRACK
25.899	>>> V -14.76 8.33
25.900	S 20467434 -12.57 4.83 -15.11 6.87 TRACK
25.919	>>> V -14.76 8.33
25.922	S 20467454 -12.92 5.01 -16.49 8.24 TRACK
25.946	>>> V -11.78 7.80
25.947	S 20467474 -13.18 5.10 -16.49 8.24 TRACK
25.964	>>> V -8.26 6.37
25.965	S 20467494 -13.45 5.27 -16.49 8.24 TRACK
25.979	>>> V -8.26 6.37
25.982	S 20467514 -13.80 5.45 -15.11 8.24 TRACK
26.000	>>> V -4.44 4.35
26.001	S 20467534 -14.06 5.62 -15.11 6.87 TRACK
26.021	>>> V -4.44 4.35
26.024	S 20467554 -14.33 5.80 -15.11 6.87 TRACK
26.042	>>> V 0.00 0.00
26.045	S 20467574 -14.50 5.89 -13.74 6.87 TRACK
26.061	>>> V 2.93 0.00
26.062	S 20467594 -14.68 5.98 -12.37 6.87 TRACK
26.079	>>> V 2.93 0.00
26.079	S 20467614 -14.77 6.06 -9.62 5.50 TRACK
26.102	>>> V 6.59 -4.20
26.103	S 20467634 -14.94 6.06 -6.87 4.12 TRACK
26.122	>>> V 6.59 -4.20
26.123	S 20467654 -14.94 6.15 -4.12 2.75 TRACK
26.141	>>> V 10.25 -7.00
26.143	S 20467674 -14.85 6.15 -2.75 1.37 TRACK
26.160	>>> V 13.41 -8.94
26.161	S 20467694 -14.77 6.15 0.00 0.00 TRACK
26.179	>>> V 13.41 -8.94
26.179	S 20467714 -14.68 6.15 1.37 0.00 TRACK
26.200	>>> V 15.65 -10.96
26.201	S 20467734 -14.50 6.15 2.75 0.00 TRACK
26.219	>>> V 15.65 -10.96
26.219	S 20467754 -14.24 6.15 5.50 0.00 TRACK
26.241	>>> V 16.79 -12.46
26.242	S 20467774 -14.06 5.98 6.87 0.00 TRACK
26.260	>>> V 16.79 -12.46
26.261	S 20467794 -13.80 5.71 9.62 -4.12 TRACK
26.284	>>> V 17.29 -13.51
26.285	S 20467814 -13.45 5.45 10.99 -6.87 TRACK
26.300	>>> V 17.29 -13.51
26.300	S 20467834 -13.18 5.19 12.37 -9.62 TRACK
26.320	>>> V 17.75 -14.02
26.322	S 20467854 -12.92 4.92 13.74 -10.99 TRACK
26.340	>>> V 17.75 -14.02
26.340	S 20467874 -12.66 4.66 13.74 -12.37 TRACK
26.360	>>> V 17.97 -14.09
26.360	S 20467894 -12.30 4.31 13.74 -12.37 TRACK
26.378	>>> V 17.97 -14.09
26.379	S 20467914 -11.95 4.04 15.11 -12.37 TRACK
26.400	>>> V 17.43 -13.63
26.401	S 20467934 -11.69 3.78 15.11 -12.37 TRACK
26.420	>>> V 17.43 -13.63
26.420	S 20467954 -11.43 3.52 15.11 -12.37 TRACK
26.439	>>> V 16.26 -12.81
26.439	S 20467974 -11.07 3.25 15.11 -13.74 TRACK
26.459	>>> V 16.26 -12.81
26.460	S 20467994 -10.72 2.99 15.11 -13.74 TRACK
26.479	>>> V 14.72 -10.98
26.480	S 20468014 -10.28 2.72 16.49 -13.74 TRACK
26.501	>>> V 14.72 -10.98
26.505	S 20468034 -9.93 2.37 17.86 -13.74 TRACK
26.519	>>> V 13.03 -8.54
26.520	S 20468054 -9.58 2.20 17.86 -12.37 TRACK
26.539	>>> V 13.03 -8.54
26.542	S 20468074 -9.23 1.93 17.86 -12.37 TRACK
26.560	>>> V 11.18 -6.12
26.561	S 20468094 -8.79 1.76 16.49 -10.99 TRACK
26.580	>>> V 9.30 -3.84
26.583	S 20468114 -8.53 1.58 15.11 -10.99 TRACK
26.602	>>> V 5.63 0.00
26.604	S 20468134 -8.26 1.32 15.11 -10.99 TRACK
26.619	>>> V 3.73 0.00
26.619	S 20468154 -8.00 1.14 13.74 -9.62 TRACK
26.639	>>> V 2.05 0.00
26.640	S 20468174 -7.82 1.05 13.74 -8.24 TRACK
26.660	>>> V 2.05 0.00
26.661	S 20468194 -7.65 0.97 12.37 -6.87 TRACK
26.683	>>> V 0.00 2.97
26.684	S 20468214 -7.47 0.97 9.62 -4.12 TRACK
26.700	>>> V 0.00 2.97
26.700	S 20468234 -7.38 0.97 8.24 -2.75 TRACK
26.721	>>> V 0.00 3.56
26.723	S 20468254 -7.38 0.97 5.50 0.00 TRACK
26.739	>>> V 0.00 3.56
26.739	S 20468274 -7.38 0.97 2.75 0.00 TRACK
26.761	>>> V -2.52 0.00
26.762	S 20468294 -7.38 0.97 1.37 0.00 TRACK
26.779	>>> V -2.52 0.00
26.779	S 20468314 -7.29 0.97 0.00 0.00 TRACK
26.803	>>> V -3.73 0.00
26.803	S 20468334 -7.38 0.97 0.00 0.00 TRACK
26.820	>>> V -3.73 0.00
26.820	S 20468354 -7.38 0.97 0.00 0.00 TRACK
26.842	>>> V -4.96 0.00
26.843	S 20468374 -7.38 1.05 0.00 0.00 TRACK
26.859	>>> V -5.92 -3.75
26.859	S 20468394 -7.47 1.05 0.00 0.00 TRACK
26.881	>>> V -5.92 -3.75
26.882	S 20468414 -7.56 1.05 -1.37 0.00 TRACK
26.899	>>> V -5.92 -3.75
26.899	S 20468434 -7.65 1.14 -2.75 0.00 TRACK
26.920	>>> V -6.71 -6.11
26.922	S 20468454 -7.65 1.05 -2.75 0.00 TRACK
26.943	>>> V -6.71 -6.11
26.944	S 20468474 -7.73 1.05 -2.75 0.00 TRACK
26.959	>>> V -7.55 -8.56
26.960	S 20468494 -7.82 1.05 -2.75 0.00 TRACK
26.981	>>> V -8.37 -11.05
26.983	S 20468514 -8.00 1.05 -2.75 0.00 TRACK
26.999	>>> V -8.37 -11.05
27.000	S 20468534 -8.17 0.97 -5.50 0.00 TRACK
27.023	>>> V -8.76 -13.68
27.024	S 20468554 -8.35 0.70 -6.87 -1.37 TRACK
27.039	>>> V -8.90 -15.98
27.039	S 20468574 -8.53 0.53 -6.87 -4.12 TRACK
27.060	>>> V -8.90 -15.98
27.061	S 20468594 -8.70 0.26 -6.87 -6.87 TRACK
27.079	>>> V -8.90 -15.98
27.080	S 20468614 -8.88 0.00 -6.87 -9.62 TRACK
27.099	>>> V -9.19 -18.25
27.100	S 20468634 -9.05 -0.35 -6.87 -12.37 TRACK
27.119	>>> V -9.33 -20.60
27.120	S 20468654 -9.23 -0.62 -6.87 -13.74 TRACK
27.139	>>> V -9.33 -20.60
27.139	S 20468674 -9.49 -0.97 -6.87 -13.74 TRACK
27.158	>>> V -9.33 -20.60
27.159	S 20468694 -9.67 -1.32 -8.24 -13.74 TRACK
27.180	>>> V -9.30 -23.00
27.181	S 20468714 -9.76 -1.67 -8.24 -15.11 TRACK
27.198	>>> V -9.30 -23.00
27.199	S 20468734 -10.02 -2.02 -8.24 -16.49 TRACK
27.220	>>> V -9.29 -25.01
27.221	S 20468754 -10.20 -2.46 -8.24 -17.86 TRACK
27.241	>>> V -9.29 -25.01
27.243	S 20468774 -10.37 -2.81 -8.24 -17.86 TRACK
27.264	>>> V -9.32 -26.46
27.267	S 20468794 -10.55 -3.34 -8.24 -19.24 TRACK
27.279	>>> V -9.32 -26.46
27.280	S 20468814 -10.81 -3.78 -8.24 -20.61 TRACK
27.300	>>> V -9.26 -27.50
27.301	S 20468834 -10.90 -4.22 -8.24 -20.61 TRACK
27.319	>>> V -9.26 -27.50
27.320	S 20468854 -11.16 -4.75 -8.24 -21.98 TRACK
27.341	>>> V -9.31 -28.42
27.342	S 20468874 -11.34 -5.36 -8.24 -23.36 TRACK
27.359	>>> V -9.31 -28.42
27.360	S 20468894 -11.51 -5.89 -8.24 -24.73 TRACK
27.382	>>> V -9.43 -29.06
27.384	S 20468914 -11.69 -6.42 -8.24 -24.73 TRACK
27.402	>>> V -9.43 -29.06
27.403	S 20468934 -11.95 -6.94 -8.24 -24.73 TRACK
27.421	>>> V -9.43 -29.06
27.421	S 20468954 -12.13 -7.47 -8.24 -26.11 TRACK
27.440	>>> V -9.39 -29.22
27.443	S 20468974 -12.30 -8.09 -9.62 -26.11 TRACK
27.460	>>> V -9.18 -29.16
27.460	S 20468994 -12.48 -8.61 -9.62 -27.48 TRACK
27.481	>>> V -9.18 -29.16
27.482	S 20469014 -12.66 -9.23 -9.62 -27.48 TRACK
27.499	>>> V -9.04 -28.83
27.499	S 20469034 -12.83 -9.84 -9.62 -27.48 TRACK
27.520	>>> V -9.04 -28.83
27.520	S 20469054 -13.01 -10.37 -8.24 -27.48 TRACK
27.539	>>> V -8.90 -28.06
27.541	S 20469074 -13.18 -10.99 -8.24 -27.48 TRACK
27.560	>>> V -8.58 -25.68
27.562	S 20469094 -13.36 -11.51 -8.24 -27.48 TRACK
27.579	>>> V -8.58 -25.68
27.582	S 20469114 -13.54 -12.13 -8.24 -27.48 TRACK
27.601	>>> V -8.43 -24.38
27.602	S 20469134 -13.71 -12.74 -8.24 -27.48 TRACK
27.619	>>> V -8.43 -24.38
27.621	S 20469154 -13.89 -13.36 -8.24 -28.85 TRACK
27.638	>>> V -8.24 -22.84
27.640	S 20469174 -14.06 -13.89 -8.24 -28.85 TRACK
27.661	>>> V -8.24 -22.84
27.664	S 20469194 -14.24 -14.41 -8.24 -28.85 TRACK
27.680	>>> V -8.13 -21.16
27.680	S 20469214 -14.33 -14.85 -8.24 -27.48 TRACK
27.699	>>> V -8.13 -21.16
27.702	S 20469234 -14.50 -15.29 -8.24 -24.73 TRACK
27.719	>>> V -8.02 -19.32
27.720	S 20469254 -14.68 -15.82 -8.24 -23.36 TRACK
27.739	>>> V -8.02 -19.32
27.740	S 20469274 -14.85 -16.35 -6.87 -23.36 TRACK
27.759	>>> V -7.78 -17.33
27.762	S 20469294 -15.03 -16.70 -6.87 -21.98 TRACK
27.780	>>> V -7.41 -15.20
27.780	S 20469314 -15.21 -17.14 -6.87 -21.98 TRACK
27.799	>>> V -7.41 -15.20
27.799	S 20469334 -15.29 -17.58 -6.87 -20.61 TRACK
27.819	>>> V -6.52 -10.35
27.819	S 20469354 -15.47 -17.93 -6.87 -20.61 TRACK
27.840	>>> V -4.77 0.00
27.840	S 20469374 -15.64 -18.28 -6.87 -19.24 TRACK
27.860	>>> V -4.77 0.00
27.861	S 20469394 -15.82 -18.63 -6.87 -17.86 TRACK
27.885	>>> V -4.77 0.00
27.885	S 20469414 -15.91 -18.98 -6.87 -16.49 TRACK
27.899	>>> V -4.77 0.00
27.900	S 20469434 -16.00 -19.16 -5.50 -15.11 TRACK
27.919	>>> V -4.11 0.00
27.920	S 20469454 -16.08 -19.25 -5.50 -12.37 TRACK
27.939	>>> V -4.11 0.00
27.940	S 20469474 -16.17 -19.25 -5.50 -8.24 TRACK
27.960	>>> V -3.37 4.94
27.960	S 20469494 -16.26 -19.25 -4.12 -4.12 TRACK
27.979	>>> V -2.53 7.24
27.980	S 20469514 -16.35 -19.25 -4.12 -1.37 TRACK
27.999	>>> V 0.00 9.89
27.999	S 20469534 -16.44 -19.25 -4.12 0.00 TRACK
28.019	>>> V 0.00 9.89
28.019	S 20469554 -16.52 -19.25 -4.12 0.00 TRACK
28.040	>>> V 0.00 12.31
28.040	S 20469574 -16.61 -19.25 -4.12 0.00 TRACK
28.059	>>> V 0.00 15.05
28.060	S 20469594 -16.61 -19.07 -2.75 0.00 TRACK
28.080	>>> V 0.00 15.05
28.081	S 20469614 -16.52 -18.98 -1.37 1.37 TRACK
28.098	>>> V 0.00 15.05
28.099	S 20469634 -16.61 -18.81 0.00 4.12 TRACK
28.120	>>> V 0.00 18.00
28.121	S 20469654 -16.52 -18.54 0.00 5.50 TRACK
28.139	>>> V 0.00 18.00
28.139	S 20469674 -16.52 -18.28 0.00 8.24 TRACK
28.160	>>> V 2.23 21.31
28.161	S 20469694 -16.52 -17.93 0.00 10.99 TRACK
28.181	>>> V 2.23 21.31
28.181	S 20469714 -16.61 -17.58 0.00 12.37 TRACK
28.201	>>> V 3.40 24.49
28.201	S 20469734 -16.52 -17.31 0.00 13.74 TRACK
28.220	>>> V 3.40 24.49
28.221	S 20469754 -16.52 -16.96 0.00 15.11 TRACK
28.240	>>> V 4.31 27.75
28.240	S 20469774 -16.52 -16.52 0.00 16.49 TRACK
28.259	>>> V 4.31 27.75
28.260	S 20469794 -16.52 -16.00 0.00 17.86 TRACK
28.280	>>> V 4.59 30.65
28.281	S 20469814 -16.52 -15.56 0.00 19.24 TRACK
28.300	>>> V 4.59 30.65
28.303	S 20469834 -16.44 -15.03 0.00 20.61 TRACK
28.319	>>> V 4.73 33.04
28.319	S 20469854 -16.35 -14.50 1.37 23.36 TRACK
28.341	>>> V 4.76 34.90
28.342	S 20469874 -16.17 -13.97 2.75 24.73 TRACK
28.358	>>> V 4.76 34.90
28.359	S 20469894 -16.08 -13.36 4.12 24.73 TRACK
28.379	>>> V 4.70 35.86
28.379	S 20469914 -16.00 -12.83 4.12 26.11 TRACK
28.399	>>> V 4.70 35.86
28.401	S 20469934 -15.82 -12.13 5.50 27.48 TRACK
28.419	>>> V 4.62 36.43
28.419	S 20469954 -15.82 -11.51 4.12 30.23 TRACK
28.441	>>> V 4.62 36.43
28.441	S 20469974 -15.73 -10.81 2.75 31.60 TRACK
28.459	>>> V 4.62 36.43
28.459	S 20469994 -15.64 -10.11 2.75 31.60 TRACK
28.479	>>> V 4.20 36.62
28.479	S 20470014 -15.56 -9.40 2.75 32.98 TRACK
28.499	>>> V 3.69 36.63
28.500	S 20470034 -15.47 -8.61 4.12 34.35 TRACK
28.520	>>> V 3.12 35.74
28.521	S 20470054 -15.38 -7.91 4.12 34.35 TRACK
28.540	>>> V 2.76 34.62
28.541	S 20470074 -15.29 -7.12 4.12 35.72 TRACK
28.559	>>> V 2.76 34.62
28.561	S 20470094 -15.29 -6.42 2.75 35.72 TRACK
28.578	>>> V 2.04 31.62
28.579	S 20470114 -15.29 -5.71 1.37 35.72 TRACK
28.599	>>> V 2.04 31.62
28.599	S 20470134 -15.21 -5.01 1.37 35.72 TRACK
28.618	>>> V 0.00 29.85
28.619	S 20470154 -15.21 -4.22 1.37 35.72 TRACK
28.640	>>> V 0.00 29.85
28.641	S 20470174 -15.21 -3.52 1.37 34.35 TRACK
28.658	>>> V 0.00 28.04
28.659	S 20470194 -15.21 -2.90 0.00 34.35 TRACK
28.680	>>> V 0.00 28.04
28.683	S 20470214 -15.21 -2.29 0.00 32.98 TRACK
28.698	>>> V 0.00 26.08
28.699	S 20470234 -15.12 -1.67 0.00 31.60 TRACK
28.719	>>> V 0.00 26.08
28.720	S 20470254 -15.21 -1.14 0.00 31.60 TRACK
28.742	>>> V 0.00 23.76
28.746	S 20470274 -15.21 -0.53 0.00 30.23 TRACK
28.759	>>> V 0.00 21.30
28.762	S 20470294 -15.12 0.00 0.00 28.85 TRACK
28.781	>>> V 0.00 21.30
28.782	S 20470314 -15.12 0.53 0.00 27.48 TRACK
28.802	>>> V 0.00 18.69
28.804	S 20470334 -15.12 1.14 0.00 27.48 TRACK
28.822	>>> V 1.87 16.06
28.823	S 20470354 -15.12 1.67 0.00 26.11 TRACK
28.840	>>> V 1.87 16.06
28.840	S 20470374 -15.21 2.11 0.00 24.73 TRACK
28.861	>>> V 2.72 13.41
28.862	S 20470394 -15.12 2.55 0.00 23.36 TRACK
28.879	>>> V 2.72 13.41
28.879	S 20470414 -15.21 2.99 0.00 21.98 TRACK
28.904	>>> V 3.78 10.93
28.905	S 20470434 -15.12 3.25 0.00 20.61 TRACK
28.918	>>> V 3.78 10.93
28.919	S 20470454 -14.94 3.60 0.00 19.24 TRACK
28.943	>>> V 4.95 8.55
28.944	S 20470474 -14.85 3.96 1.37 17.86 TRACK
28.959	>>> V 4.95 8.55
28.960	S 20470494 -14.77 4.22 4.12 16.49 TRACK
28.979	>>> V 6.17 6.53
28.980	S 20470514 -14.68 4.48 4.12 15.11 TRACK
29.002	>>> V 6.17 6.53
29.003	S 20470534 -14.59 4.66 4.12 13.74 TRACK
29.020	>>> V 7.49 4.49
29.021	S 20470554 -14.41 4.92 4.12 10.99 TRACK
29.046	>>> V 8.48 2.98
29.046	S 20470574 -14.33 5.10 4.12 9.62 TRACK
29.058	>>> V 8.48 2.98
29.059	S 20470594 -14.24 5.19 4.12 8.24 TRACK
29.081	>>> V 9.36 0.00
29.081	S 20470614 -14.06 5.27 4.12 8.24 TRACK
29.101	>>> V 9.36 0.00
29.101	S 20470634 -13.97 5.45 4.12 6.87 TRACK
29.126	>>> V 10.42 0.00
29.126	S 20470654 -13.89 5.45 5.50 5.50 TRACK
29.144	>>> V 10.42 0.00
29.145	S 20470674 -13.71 5.62 5.50 4.12 TRACK
29.163	>>> V 11.40 0.00
29.164	S 20470694 -13.54 5.62 5.50 4.12 TRACK
29.178	>>> V 11.40 0.00
29.180	S 20470714 -13.27 5.62 6.87 2.75 TRACK
29.203	>>> V 12.23 0.00
29.204	S 20470734 -13.18 5.62 8.24 1.37 TRACK
29.218	>>> V 12.23 0.00
29.219	S 20470754 -13.01 5.62 9.62 0.00 TRACK
29.239	>>> V 12.96 -3.26
29.241	S 20470774 -12.74 5.62 9.62 0.00 TRACK
29.259	>>> V 12.96 -3.26
29.259	S 20470794 -12.57 5.62 9.62 0.00 TRACK
29.285	>>> V 13.56 -4.56
29.287	S 20470814 -12.39 5.62 9.62 0.00 TRACK
29.298	>>> V 13.56 -4.56
29.299	S 20470834 -12.13 5.62 9.62 0.00 TRACK
29.320	>>> V 13.98 -6.29
29.321	S 20470854 -12.04 5.62 9.62 0.00 TRACK
29.341	>>> V 13.98 -6.29
29.345	S 20470874 -11.69 5.54 9.62 0.00 TRACK
29.360	>>> V 14.47 -7.08
29.360	S 20470894 -11.43 5.45 10.99 -1.37 TRACK
29.383	>>> V 14.64 -7.38
29.384	S 20470914 -11.16 5.36 12.37 -1.37 TRACK
29.400	>>> V 14.88 -7.81
29.401	S 20470934 -10.81 5.19 13.74 -2.75 TRACK
29.421	>>> V 14.88 -7.81
29.421	S 20470954 -10.55 5.10 13.74 -4.12 TRACK
29.438	>>> V 15.10 -8.49
29.439	S 20470974 -10.28 4.92 13.74 -6.87 TRACK
29.461	>>> V 15.10 -8.49
29.462	S 20470994 -9.93 4.75 13.74 -6.87 TRACK
29.479	>>> V 14.63 -8.59
29.481	S 20471014 -9.67 4.57 15.11 -6.87 TRACK
29.499	>>> V 14.63 -8.59
29.503	S 20471034 -9.32 4.39 13.74 -6.87 TRACK
29.518	>>> V 14.02 -8.54
29.519	S 20471054 -9.05 4.22 13.74 -8.24 TRACK
29.541	>>> V 14.02 -8.54
29.541	S 20471074 -8.70 4.13 13.74 -8.24 TRACK
29.560	>>> V 13.21 -8.32
29.561	S 20471094 -8.35 3.87 13.74 -8.24 TRACK
29.579	>>> V 13.21 -8.32
29.579	S 20471114 -8.09 3.69 13.74 -8.24 TRACK
29.599	>>> V 12.26 -8.01
29.602	S 20471134 -7.73 3.60 13.74 -8.24 TRACK
29.620	>>> V 12.26 -8.01
29.623	S 20471154 -7.47 3.43 13.74 -8.24 TRACK
29.643	>>> V 11.18 -7.61
29.644	S 20471174 -7.21 3.25 13.74 -8.24 TRACK
29.659	>>> V 11.18 -7.61
29.659	S 20471194 -6.94 3.08 13.74 -6.87 TRACK
29.679	>>> V 10.11 -7.06
29.681	S 20471214 -6.77 2.90 12.37 -6.87 TRACK
29.699	>>> V 10.11 -7.06
29.700	S 20471234 -6.50 2.72 12.37 -6.87 TRACK
29.724	>>> V 9.01 -6.20
29.725	S 20471254 -6.24 2.55 10.99 -6.87 TRACK
29.741	>>> V 9.01 -6.20
29.741	S 20471274 -5.98 2.46 10.99 -6.87 TRACK
29.762	>>> V 7.80 -5.18
29.764	S 20471294 -5.80 2.29 9.62 -6.87 TRACK
29.781	>>> V 7.80 -5.18
29.782	S 20471314 -5.54 2.20 9.62 -6.87 TRACK
29.800	>>> V 6.47 -4.10
29.802	S 20471334 -5.36 2.02 9.62 -5.50 TRACK
29.819	>>> V 6.47 -4.10
29.819	S 20471354 -5.10 1.93 9.62 -5.50 TRACK
29.843	>>> V 4.95 0.00
29.844	S 20471374 -5.01 1.85 9.62 -5.50 TRACK
29.858	>>> V 4.95 0.00
29.859	S 20471394 -4.83 1.76 8.24 -5.50 TRACK
29.882	>>> V 3.21 0.00
29.883	S 20471414 -4.66 1.58 8.24 -4.12 TRACK
29.899	>>> V 3.21 0.00
29.901	S 20471434 -4.57 1.58 6.87 -4.12 TRACK
29.921	>>> V 0.00 0.00
29.923	S 20471454 -4.48 1.58 6.87 -2.75 TRACK
29.939	>>> V 0.00 0.00
29.939	S 20471474 -4.39 1.58 5.50 -1.37 TRACK
29.961	>>> V 0.00 0.00
29.962	S 20471494 -4.31 1.58 4.12 0.00 TRACK
29.978	>>> V 0.00 0.00
29.978	S 20471514 -4.31 1.58 2.75 0.00 TRACK
30.006	>>> V -2.23 3.27
30.007	S 20471534 -4.31 1.58 1.37 0.00 TRACK
30.019	>>> V -2.23 3.27
30.020	S 20471554 -4.31 1.58 0.00 0.00 TRACK
30.044	>>> V -4.27 4.87
30.046	S 20471574 -4.31 1.58 0.00 0.00 TRACK
30.059	>>> V -4.27 4.87
30.059	S 20471594 -4.31 1.58 0.00 0.00 TRACK
30.080	>>> V -6.75 6.71
30.082	S 20471614 -4.31 1.58 0.00 0.00 TRACK
30.099	>>> V -6.75 6.71
30.101	S 20471634 -4.39 1.58 0.00 0.00 TRACK
30.120	>>> V -9.45 8.41
30.121	S 20471654 -4.48 1.58 -1.37 0.00 TRACK
30.140	>>> V -11.92 9.92
30.141	S 20471674 -4.66 1.58 -2.75 0.00 TRACK
30.162	>>> V -14.22 10.94
30.162	S 20471694 -4.75 1.76 -4.12 0.00 TRACK
30.179	>>> V -16.58 11.09
30.182	S 20471714 -4.92 1.93 -5.50 2.75 TRACK
30.203	>>> V -18.75 10.90
30.203	S 20471734 -5.10 2.11 -5.50 5.50 TRACK
30.220	>>> V -18.75 10.90
30.222	S 20471754 -5.27 2.37 -6.87 8.24 TRACK
30.240	>>> V -22.59 10.44
30.241	S 20471774 -5.45 2.55 -8.24 8.24 TRACK
30.259	>>> V -23.83 10.26
30.259	S 20471794 -5.80 2.81 -9.62 9.62 TRACK
30.279	>>> V 0.00 0.00
30.282	S 20471814 -6.24 2.99 -10.99 9.62 TRACK
30.298	>>> V 0.00 0.00
30.299	S 20471834 -6.68 3.25 -13.74 9.62 TRACK
30.319	>>> V 0.00 0.00
30.320	S 20471854 -7.03 3.43 -16.49 9.62 TRACK
30.338	>>> V 0.00 0.00
30.340	S 20471874 -7.38 3.52 -17.86 9.62 TRACK
30.359	>>> V 0.00 0.00
30.360	S 20471894 -7.65 3.60 -17.86 8.24 TRACK
30.378	>>> V 0.00 0.00
30.379	S 20471914 -7.73 3.60 -15.11 5.50 TRACK
30.399	>>> V 0.00 0.00
30.400	S 20471934 -7.82 3.60 -10.99 2.75 TRACK
30.421	>>> V 0.00 0.00
30.423	S 20471954 -7.82 3.60 -6.87 1.37 TRACK
30.439	>>> V 0.00 0.00
30.440	S 20471974 -7.73 3.60 -2.75 0.00 TRACK
30.459	>>> V 0.00 0.00
30.460	S 20471994 -7.82 3.60 0.00 0.00 TRACK
30.478	>>> V 0.00 0.00
30.479	S 20472014 -7.82 3.60 0.00 0.00 TRACK
30.500	>>> V 0.00 0.00
30.500	S 20472034 -7.82 3.60 0.00 0.00 TRACK
30.519	>>> V 0.00 0.00
30.520	S 20472054 -7.82 3.60 0.00 0.00 TRACK
30.538	>>> V 0.00 0.00
30.541	S 20472074 -7.82 3.60 0.00 0.00 TRACK
30.558	>>> V 0.00 0.00
30.559	S 20472094 -7.82 3.60 0.00 0.00 TRACK
30.579	>>> V 0.00 0.00
30.579	S 20472114 -7.82 3.60 0.00 0.00 TRACK
30.602	>>> V 0.00 0.00
30.603	S 20472134 -7.82 3.60 0.00 0.00 TRACK
30.622	>>> V 0.00 0.00
30.624	S 20472154 -7.82 3.60 0.00 0.00 TRACK
30.640	>>> V 0.00 0.00
30.641	S 20472174 -7.82 3.60 0.00 0.00 TRACK
30.662	>>> V 0.00 0.00
30.664	S 20472194 -7.73 3.60 0.00 0.00 TRACK
30.679	>>> V 0.00 0.00
30.681	S 20472214 -7.82 3.60 0.00 0.00 TRACK
30.698	>>> V 0.00 0.00
30.699	S 20472234 -7.82 3.60 0.00 0.00 TRACK
30.719	>>> V 0.00 0.00
30.719	S 20472254 -7.82 3.60 0.00 0.00 TRACK
30.738	>>> V 0.00 0.00
30.739	S 20472274 -7.82 3.60 0.00 0.00 TRACK
30.762	>>> V 0.00 0.00
30.764	S 20472294 -7.82 3.60 0.00 0.00 TRACK
30.779	>>> V 0.00 0.00
30.782	S 20472314 -7.82 3.60 0.00 0.00 TRACK
30.798	>>> V 0.00 0.00
30.799	S 20472334 -7.82 3.60 0.00 0.00 TRACK
30.819	>>> V 0.00 0.00
30.819	S 20472354 -7.82 3.60 0.00 0.00 TRACK
30.838	>>> V 0.00 0.00
30.839	S 20472374 -7.82 3.60 0.00 0.00 TRACK
30.859	>>> V 0.00 0.00
30.859	S 20472394 -7.82 3.60 0.00 0.00 TRACK
30.879	>>> V 0.00 0.00
30.880	S 20472414 -7.82 3.60 0.00 0.00 TRACK
30.900	>>> V 0.00 0.00
30.900	S 20472434 -7.82 3.60 0.00 0.00 TRACK
30.919	>>> V 0.00 0.00
30.920	S 20472454 -7.82 3.60 0.00 0.00 TRACK
30.940	>>> V -31.41 0.00
30.941	S 20472474 -7.82 3.60 0.00 0.00 TRACK
30.960	>>> V -31.41 0.00
30.961	S 20472494 -7.82 3.60 0.00 0.00 TRACK
30.984	>>> V -31.27 0.00
30.985	S 20472514 -7.82 3.60 0.00 0.00 TRACK
31.000	>>> V -30.73 0.00
31.000	S 20472534 -7.91 3.60 0.00 0.00 TRACK
31.020	>>> V -30.73 0.00
31.021	S 20472554 -8.17 3.60 -1.37 0.00 TRACK
31.039	>>> V -30.73 0.00
31.039	S 20472574 -8.53 3.60 -6.87 0.00 TRACK
31.061	>>> V -29.10 3.29
31.062	S 20472594 -9.05 3.60 -12.37 0.00 TRACK
31.080	>>> V -29.10 3.29
31.080	S 20472614 -9.67 3.60 -16.49 0.00 TRACK
31.103	>>> V -28.00 3.33
31.103	S 20472634 -10.20 3.60 -20.61 0.00 TRACK
31.119	>>> V -28.00 3.33
31.120	S 20472654 -10.72 3.60 -24.73 0.00 TRACK
31.144	>>> V -26.70 3.07
31.145	S 20472674 -11.25 3.69 -26.11 0.00 TRACK
31.159	>>> V -25.72 2.86
31.160	S 20472694 -11.78 3.78 -26.11 1.37 TRACK
31.182	>>> V -25.72 2.86
31.183	S 20472714 -12.39 3.87 -26.11 2.75 TRACK
31.199	>>> V -22.88 0.00
31.200	S 20472734 -12.92 3.96 -27.48 2.75 TRACK
31.220	>>> V -22.88 0.00
31.221	S 20472754 -13.36 3.96 -26.11 2.75 TRACK
31.239	>>> V -22.88 0.00
31.239	S 20472774 -13.89 3.96 -26.11 1.37 TRACK
31.259	>>> V -20.47 0.00
31.260	S 20472794 -14.50 3.96 -26.11 0.00 TRACK
31.279	>>> V -20.47 0.00
31.280	S 20472814 -14.94 3.87 -26.11 0.00 TRACK
31.298	>>> V -17.17 0.00
31.300	S 20472834 -15.47 3.96 -24.73 0.00 TRACK
31.319	>>> V -13.07 0.00
31.320	S 20472854 -15.91 3.87 -24.73 0.00 TRACK
31.341	>>> V -3.73 0.00
31.342	S 20472874 -16.26 3.96 -23.36 0.00 TRACK
31.359	>>> V -3.73 0.00
31.359	S 20472894 -16.70 3.87 -20.61 0.00 TRACK
31.379	>>> V 8.85 -4.19
31.379	S 20472914 -17.05 3.87 -19.24 0.00 TRACK
31.399	>>> V 8.85 -4.19
31.400	S 20472934 -17.31 3.96 -17.86 0.00 TRACK
31.420	>>> V 8.85 -4.19
31.424	S 20472954 -17.49 3.96 -16.49 0.00 TRACK
31.440	>>> V 0.00 0.00
31.441	S 20472974 -17.49 3.87 -12.37 0.00 TRACK
31.463	>>> V 0.00 0.00
31.464	S 20472994 -17.40 3.96 -6.87 0.00 TRACK
31.479	>>> V 0.00 0.00
31.479	S 20473014 -17.23 3.87 -1.37 0.00 TRACK
31.503	>>> V 0.00 0.00
31.503	S 20473034 -17.14 3.96 1.37 0.00 TRACK
31.519	>>> V 0.00 0.00
31.519	S 20473054 -17.14 3.96 4.12 0.00 TRACK
31.540	>>> V 0.00 0.00
31.543	S 20473074 -17.14 3.96 2.75 0.00 TRACK
31.559	>>> V 0.00 0.00
31.560	S 20473094 -17.14 3.96 1.37 0.00 TRACK
31.579	>>> V 0.00 0.00
31.581	S 20473114 -17.14 3.96 0.00 0.00 TRACK
31.598	>>> V 0.00 0.00
31.599	S 20473134 -17.14 3.96 0.00 0.00 TRACK
31.621	>>> V 0.00 0.00
31.621	S 20473154 -17.14 3.87 0.00 0.00 TRACK
31.641	>>> V 0.00 0.00
31.643	S 20473174 -17.14 3.96 0.00 0.00 TRACK
31.665	>>> V 0.00 0.00
31.665	S 20473194 -17.14 3.96 0.00 0.00 TRACK
31.680	>>> V 0.00 0.00
31.682	S 20473214 -17.14 3.87 0.00 0.00 TRACK
31.705	>>> V 0.00 0.00
31.706	S 20473234 -17.14 3.87 0.00 0.00 TRACK
31.720	>>> V 0.00 0.00
31.720	S 20473254 -17.14 3.87 0.00 0.00 TRACK
31.740	>>> V 0.00 0.00
31.741	S 20473274 -17.14 3.96 0.00 0.00 TRACK
31.758	>>> V 0.00 0.00
31.759	S 20473294 -17.14 3.87 0.00 0.00 TRACK
31.782	>>> V 0.00 0.00
31.783	S 20473314 -17.14 3.87 0.00 0.00 TRACK
31.800	>>> V 0.00 0.00
31.801	S 20473334 -17.14 3.96 0.00 0.00 TRACK
31.819	>>> V 0.00 0.00
31.821	S 20473354 -17.14 3.87 0.00 0.00 TRACK
31.841	>>> V 0.00 0.00
31.842	S 20473374 -17.14 3.87 0.00 0.00 TRACK
31.859	>>> V 0.00 0.00
31.863	S 20473394 -17.14 3.87 0.00 0.00 TRACK
31.878	>>> V 0.00 0.00
31.880	S 20473414 -17.14 3.96 0.00 0.00 TRACK
31.900	>>> V 0.00 0.00
31.901	S 20473434 -17.14 3.96 0.00 0.00 TRACK
31.927	>>> V 0.00 0.00
31.928	S 20473454 -17.14 3.96 0.00 0.00 TRACK
31.938	>>> V 0.00 0.00
31.939	S 20473474 -17.14 3.96 0.00 0.00 TRACK
31.960	>>> V 9.44 -3.78
31.961	S 20473494 -17.14 3.96 0.00 0.00 TRACK
31.981	>>> V 9.44 -3.78
31.982	S 20473514 -17.14 3.96 0.00 0.00 TRACK
31.999	>>> V 8.31 -3.94
32.000	S 20473534 -17.14 3.87 0.00 0.00 TRACK
32.019	>>> V 8.31 -3.94
32.019	S 20473554 -17.05 3.87 0.00 0.00 TRACK
32.040	>>> V 8.31 -3.94
32.041	S 20473574 -16.96 3.87 1.37 0.00 TRACK
32.062	>>> V 7.22 -3.84
32.064	S 20473594 -16.79 3.78 2.75 0.00 TRACK
32.080	>>> V 7.22 -3.84
32.080	S 20473614 -16.61 3.69 5.50 -1.37 TRACK
32.100	>>> V 6.58 -3.83
32.102	S 20473634 -16.44 3.52 6.87 -4.12 TRACK
32.119	>>> V 6.18 -3.96
32.119	S 20473654 -16.35 3.43 6.87 -4.12 TRACK
32.144	>>> V 6.18 -3.96
32.145	S 20473674 -16.17 3.34 6.87 -4.12 TRACK
32.166	>>> V 6.03 -4.11
32.167	S 20473694 -16.00 3.16 6.87 -5.50 TRACK
32.184	>>> V 6.03 -4.11
32.187	S 20473714 -15.91 3.08 6.87 -5.50 TRACK
32.205	>>> V 5.65 -4.21
32.205	S 20473734 -15.82 2.99 5.50 -5.50 TRACK
32.220	>>> V 5.65 -4.21
32.223	S 20473754 -15.73 2.90 5.50 -4.12 TRACK
32.245	>>> V 5.37 -3.99
32.246	S 20473774 -15.56 2.81 5.50 -4.12 TRACK
32.258	>>> V 5.37 -3.99
32.259	S 20473794 -15.47 2.72 5.50 -4.12 TRACK
32.282	>>> V 5.00 -3.80
32.283	S 20473814 -15.29 2.64 5.50 -4.12 TRACK
32.299	>>> V 5.00 -3.80
32.299	S 20473834 -15.21 2.46 5.50 -4.12 TRACK
32.326	>>> V 4.54 -3.45
32.326	S 20473854 -15.12 2.46 5.50 -4.12 TRACK
32.338	>>> V 4.54 -3.45
32.339	S 20473874 -15.03 2.37 5.50 -4.12 TRACK
32.360	>>> V 3.88 -3.09
32.360	S 20473894 -14.85 2.29 5.50 -2.75 TRACK
32.383	>>> V 3.88 -3.09
32.383	S 20473914 -14.77 2.20 5.50 -2.75 TRACK
32.402	>>> V 3.35 0.00
32.402	S 20473934 -14.68 2.11 5.50 -2.75 TRACK
32.420	>>> V 3.35 0.00
32.421	S 20473954 -14.59 2.02 5.50 -2.75 TRACK
32.439	>>> V 2.23 0.00
32.440	S 20473974 -14.50 2.02 2.75 -2.75 TRACK
32.462	>>> V 2.23 0.00
32.463	S 20473994 -14.50 2.02 2.75 -2.75 TRACK
32.478	>>> V 2.23 0.00
32.479	S 20474014 -14.41 2.02 2.75 -1.37 TRACK
32.499	>>> V 0.00 0.00
32.500	S 20474034 -14.33 2.02 2.75 0.00 TRACK
32.521	>>> V 0.00 0.00
32.521	S 20474054 -14.33 2.02 2.75 0.00 TRACK
32.543	>>> V 0.00 0.00
32.544	S 20474074 -14.33 2.02 1.37 0.00 TRACK
32.558	>>> V 0.00 0.00
32.559	S 20474094 -14.33 2.02 0.00 0.00 TRACK
32.579	>>> V -2.20 0.00
32.583	S 20474114 -14.33 2.02 0.00 0.00 TRACK
32.599	>>> V -4.05 0.00
32.599	S 20474134 -14.33 2.02 0.00 0.00 TRACK
32.619	>>> V 0.00 0.00
32.620	S 20474154 -14.33 2.02 0.00 0.00 TRACK
32.645	>>> V 0.00 0.00
32.645	S 20474174 -14.33 2.02 0.00 0.00 TRACK
32.659	>>> V 0.00 0.00
32.660	S 20474194 -14.33 2.02 0.00 0.00 TRACK
32.682	>>> V 0.00 0.00
32.683	S 20474215 -14.33 2.02 0.00 0.00 TRACK
32.699	>>> V 0.00 0.00
32.704	S 20474235 -14.33 2.02 0.00 0.00 TRACK
32.724	>>> V 0.00 0.00
32.726	S 20474255 -14.33 2.02 0.00 0.00 TRACK
32.739	>>> V 0.00 0.00
32.739	S 20474275 -14.33 2.02 0.00 0.00 TRACK
32.763	>>> V 0.00 0.00
32.764	S 20474295 -14.33 2.02 0.00 0.00 TRACK
32.780	>>> V 0.00 0.00
32.783	S 20474315 -14.33 2.02 0.00 0.00 TRACK
32.799	>>> V 0.00 0.00
32.799	S 20474335 -14.33 2.02 0.00 0.00 TRACK
32.821	>>> V 0.00 0.00
32.822	S 20474355 -14.33 2.02 0.00 0.00 TRACK
32.839	>>> V 0.00 0.00
32.840	S 20474375 -14.33 2.02 0.00 0.00 TRACK
32.861	>>> V 0.00 0.00
32.866	S 20474395 -14.33 2.02 0.00 0.00 TRACK
32.881	>>> V 0.00 0.00
32.881	S 20474415 -14.33 2.02 0.00 0.00 TRACK
32.903	>>> V 0.00 0.00
32.903	S 20474435 -14.33 2.02 0.00 0.00 TRACK
32.922	>>> V 0.00 0.00
32.922	S 20474455 -14.33 2.02 0.00 0.00 TRACK
32.939	>>> V 0.00 0.00
32.939	S 20474475 -14.33 2.02 0.00 0.00 TRACK
32.960	>>> V 0.00 0.00
32.960	S 20474495 -14.33 2.02 0.00 0.00 TRACK
32.978	>>> V 0.00 0.00
32.979	S 20474515 -14.33 2.02 0.00 0.00 TRACK
32.999	>>> V 0.00 0.00
33.001	S 20474535 -14.33 2.02 0.00 0.00 TRACK
33.019	>>> V 0.00 0.00
33.020	S 20474555 -14.33 2.02 0.00 0.00 TRACK
33.040	>>> V 0.00 0.00
33.042	S 20474575 -14.33 2.02 0.00 0.00 TRACK
33.063	>>> V 0.00 0.00
33.064	S 20474595 -14.33 2.02 0.00 0.00 TRACK
33.080	>>> V 0.00 0.00
33.080	S 20474615 -14.33 2.02 0.00 0.00 TRACK
33.100	>>> V 0.00 0.00
33.101	S 20474635 -14.33 2.02 0.00 0.00 TRACK
33.119	>>> V 0.00 0.00
33.119	S 20474655 -14.33 2.02 0.00 0.00 TRACK
33.144	>>> V 0.00 0.00
33.145	S 20474675 -14.33 2.02 0.00 0.00 TRACK
33.162	>>> V 0.00 0.00
33.162	S 20474695 -14.33 2.02 0.00 0.00 TRACK
33.179	>>> V 0.00 0.00
33.181	S 20474715 -14.33 2.02 0.00 0.00 TRACK
33.202	>>> V 0.00 0.00
33.203	S 20474735 -14.33 2.02 0.00 0.00 TRACK
33.220	>>> V 0.00 0.00
33.220	S 20474755 -14.33 2.02 0.00 0.00 TRACK
33.239	>>> V 0.00 0.00
33.240	S 20474775 -14.33 2.02 0.00 0.00 TRACK
33.263	>>> V 0.00 0.00
33.263	S 20474795 -14.33 2.02 0.00 0.00 TRACK
33.279	>>> V 0.00 0.00
33.279	S 20474815 -14.33 2.02 0.00 0.00 TRACK
33.300	>>> V 0.00 0.00
33.301	S 20474835 -14.33 2.02 0.00 0.00 TRACK
33.319	>>> V 0.00 0.00
33.320	S 20474855 -14.33 2.02 0.00 0.00 TRACK
33.340	>>> V 0.00 0.00
33.341	S 20474875 -14.33 2.02 0.00 0.00 TRACK
33.361	>>> V 0.00 0.00
33.363	S 20474895 -14.33 2.02 0.00 0.00 TRACK
33.381	>>> V 0.00 0.00
33.385	S 20474915 -14.33 2.02 0.00 0.00 TRACK
33.398	>>> V 0.00 0.00
33.399	S 20474935 -14.33 2.02 0.00 0.00 TRACK
33.418	>>> V 0.00 0.00
33.421	S 20474955 -14.33 2.02 0.00 0.00 TRACK
33.439	>>> V 0.00 0.00
33.440	S 20474975 -14.33 2.02 0.00 0.00 TRACK
33.458	>>> V 0.00 0.00
33.459	S 20474995 -14.33 2.02 0.00 0.00 TRACK
33.479	>>> V 0.00 0.00
33.480	S 20475015 -14.33 2.02 0.00 0.00 TRACK
33.499	>>> V 0.00 0.00
33.499	S 20475035 -14.33 2.02 0.00 0.00 TRACK
33.518	>>> V 0.00 0.00
33.519	S 20475055 -14.33 2.02 0.00 0.00 TRACK
33.541	>>> V 0.00 0.00
33.542	S 20475075 -14.33 2.02 0.00 0.00 TRACK
33.560	>>> V 0.00 0.00
33.560	S 20475095 -14.33 2.02 0.00 0.00 TRACK
33.579	>>> V 0.00 0.00
33.579	S 20475115 -14.33 2.02 0.00 0.00 TRACK
33.602	>>> V 0.00 0.00
33.604	S 20475135 -14.33 2.02 0.00 0.00 TRACK
33.620	>>> V 0.00 0.00
33.621	S 20475155 -14.33 2.02 0.00 0.00 TRACK
33.640	>>> V 0.00 0.00
33.641	S 20475175 -14.33 2.02 0.00 0.00 TRACK
33.659	>>> V 0.00 0.00
33.661	S 20475195 -14.33 2.02 0.00 0.00 TRACK
33.683	>>> V 0.00 0.00
33.684	S 20475215 -14.33 2.02 0.00 0.00 TRACK
33.704	>>> V 0.00 0.00
33.706	S 20475235 -14.33 2.02 0.00 0.00 TRACK
33.718	>>> V 0.00 0.00
33.721	S 20475255 -14.33 2.02 0.00 0.00 TRACK
33.748	>>> V 0.00 0.00
33.749	S 20475275 -14.33 2.02 0.00 0.00 TRACK
33.761	>>> V 0.00 0.00
33.761	S 20475295 -14.33 2.02 0.00 0.00 TRACK
33.781	>>> V 0.00 0.00
33.782	S 20475315 -14.33 2.02 0.00 0.00 TRACK
33.799	>>> V 0.00 0.00
33.800	S 20475335 -14.33 2.02 0.00 0.00 TRACK
33.820	>>> V 0.00 0.00
33.821	S 20475355 -14.33 2.02 0.00 0.00 TRACK
33.841	>>> V 0.00 0.00
33.843	S 20475375 -14.33 2.02 0.00 0.00 TRACK
33.860	>>> V 0.00 0.00
33.863	S 20475395 -14.33 2.02 0.00 0.00 TRACK
33.881	>>> V 0.00 0.00
33.883	S 20475415 -14.33 2.02 0.00 0.00 TRACK
33.899	>>> V 0.00 0.00
33.901	S 20475435 -14.33 2.02 0.00 0.00 TRACK
33.922	>>> V 0.00 0.00
33.924	S 20475455 -14.33 2.02 0.00 0.00 TRACK
33.939	>>> V 0.00 0.00
33.940	S 20475475 -14.33 2.02 0.00 0.00 TRACK
33.965	>>> V 0.00 0.00
33.966	S 20475495 -14.33 2.02 0.00 0.00 TRACK
33.979	>>> V 0.00 0.00
33.980	S 20475515 -14.33 2.02 0.00 0.00 TRACK
34.001	>>> V 0.00 0.00
34.004	S 20475535 -14.33 2.02 0.00 0.00 TRACK
34.019	>>> V 0.00 0.00
34.020	S 20475555 -14.33 2.02 0.00 0.00 TRACK
34.046	>>> V 0.00 0.00
34.047	S 20475575 -14.33 2.02 0.00 0.00 TRACK
34.059	>>> V 0.00 0.00
34.060	S 20475595 -14.33 2.02 0.00 0.00 TRACK
34.084	>>> V 0.00 0.00
34.087	S 20475615 -14.33 2.02 0.00 0.00 TRACK
34.100	>>> V 0.00 0.00
34.101	S 20475635 -14.33 2.02 0.00 0.00 TRACK
34.121	>>> V 0.00 0.00
34.122	S 20475655 -14.33 2.02 0.00 0.00 TRACK
34.140	>>> V 0.00 0.00
34.140	S 20475675 -14.33 2.02 0.00 0.00 TRACK
34.163	>>> V 0.00 0.00
34.165	S 20475695 -14.33 2.02 0.00 0.00 TRACK
34.182	>>> V 0.00 0.00
34.183	S 20475715 -14.33 2.02 0.00 0.00 TRACK
34.199	>>> V 0.00 0.00
34.200	S 20475735 -14.33 2.02 0.00 0.00 TRACK
34.220	>>> V 0.00 0.00
34.221	S 20475755 -14.33 2.02 0.00 0.00 TRACK
34.245	>>> V 0.00 0.00
34.245	S 20475775 -14.33 2.02 0.00 0.00 TRACK
34.259	>>> V 0.00 0.00
34.260	S 20475795 -14.33 2.02 0.00 0.00 TRACK
34.279	>>> V 0.00 0.00
34.281	S 20475815 -14.33 2.02 0.00 0.00 TRACK
34.299	>>> V 0.00 0.00
34.299	S 20475835 -14.33 2.02 0.00 0.00 TRACK
34.325	>>> V 0.00 0.00
34.325	S 20475855 -14.33 2.02 0.00 0.00 TRACK
34.339	>>> V 0.00 0.00
34.340	S 20475875 -14.33 2.02 0.00 0.00 TRACK
34.365	>>> V 0.00 0.00
34.366	S 20475895 -14.33 2.02 0.00 0.00 TRACK
34.378	>>> V 0.00 0.00
34.379	S 20475915 -14.33 2.02 0.00 0.00 TRACK
34.404	>>> V 0.00 0.00
34.404	S 20475935 -14.33 2.02 0.00 0.00 TRACK
34.419	>>> V 0.00 0.00
34.421	S 20475955 -14.33 2.02 0.00 0.00 TRACK
34.444	>>> V 0.00 0.00
34.444	S 20475975 -14.33 2.02 0.00 0.00 TRACK
34.459	>>> V 0.00 0.00
34.460	S 20475995 -14.33 2.02 0.00 0.00 TRACK
34.479	>>> V 0.00 0.00
34.480	S 20476015 -14.33 2.02 0.00 0.00 TRACK
34.499	>>> V 0.00 0.00
34.500	S 20476035 -14.33 2.02 0.00 0.00 TRACK
34.520	>>> V 0.00 0.00
34.522	S 20476055 -14.33 2.02 0.00 0.00 TRACK
34.541	>>> V 0.00 0.00
34.541	S 20476075 -14.33 2.02 0.00 0.00 TRACK
34.559	>>> V 0.00 0.00
34.561	S 20476095 -14.33 2.02 0.00 0.00 TRACK
34.579	>>> V 0.00 0.00
34.579	S 20476115 -14.33 2.02 0.00 0.00 TRACK
34.599	>>> V 0.00 0.00
34.600	S 20476135 -14.33 2.02 0.00 0.00 TRACK
34.619	>>> V 0.00 0.00
34.621	S 20476155 -14.33 2.02 0.00 0.00 TRACK
34.639	>>> V 0.00 0.00
34.640	S 20476175 -14.33 2.02 0.00 0.00 TRACK
34.658	>>> V -28.71 0.00
34.659	S 20476195 -14.33 2.02 0.00 0.00 TRACK
34.678	>>> V -28.71 0.00
34.679	S 20476215 -14.33 2.02 0.00 0.00 TRACK
34.699	>>> V -28.70 0.00
34.700	S 20476235 -14.41 2.02 0.00 0.00 TRACK
34.720	>>> V -28.70 0.00
34.720	S 20476255 -14.59 2.02 -1.37 0.00 TRACK
34.739	>>> V -28.69 0.00
34.740	S 20476275 -14.94 2.02 -4.12 0.00 TRACK
34.758	>>> V -28.69 0.00
34.759	S 20476295 -15.38 2.02 -9.62 0.00 TRACK
34.779	>>> V -28.69 0.00
34.780	S 20476315 -15.82 2.02 -13.74 0.00 TRACK
34.801	>>> V -28.69 0.00
34.803	S 20476335 -16.35 2.02 -19.24 0.00 TRACK
34.820	>>> V -28.83 0.00
34.820	S 20476355 -16.87 2.02 -21.98 0.00 TRACK
34.839	>>> V -28.83 0.00
34.839	S 20476375 -17.40 2.02 -24.73 0.00 TRACK
34.858	>>> V -28.83 0.00
34.862	S 20476395 -17.93 2.02 -26.11 0.00 TRACK
34.880	>>> V -29.06 0.00
34.883	S 20476415 -18.54 2.02 -26.11 0.00 TRACK
34.902	>>> V -29.16 0.00
34.902	S 20476435 -19.07 2.02 -27.48 0.00 TRACK
34.919	>>> V -29.16 0.00
34.919	S 20476455 -19.60 2.02 -27.48 0.00 TRACK
34.939	>>> V -27.94 0.00
34.940	S 20476475 -20.21 2.02 -27.48 0.00 TRACK
34.959	>>> V -27.94 0.00
34.959	S 20476495 -20.74 2.02 -27.48 0.00 TRACK
34.979	>>> V -26.37 0.00
34.980	S 20476515 -21.36 2.02 -27.48 0.00 TRACK
34.999	>>> V -26.37 0.00
34.999	S 20476535 -21.88 2.02 -27.48 0.00 TRACK
35.020	>>> V -24.68 0.00
35.020	S 20476555 -22.50 2.02 -27.48 0.00 TRACK
35.039	>>> V -24.68 0.00
35.039	S 20476575 -23.03 2.02 -27.48 0.00 TRACK
35.059	>>> V -22.85 0.00
35.060	S 20476595 -23.55 2.02 -27.48 0.00 TRACK
35.078	>>> V -22.85 0.00
35.079	S 20476615 -24.08 2.02 -26.11 0.00 TRACK
35.099	>>> V -20.98 0.00
35.099	S 20476635 -24.61 2.02 -26.11 0.00 TRACK
35.121	>>> V -20.98 0.00
35.122	S 20476655 -25.14 2.02 -24.73 0.00 TRACK
35.141	>>> V -19.14 0.00
35.142	S 20476675 -25.49 2.02 -24.73 0.00 TRACK
35.160	>>> V -15.38 0.00
35.161	S 20476695 -25.93 2.02 -23.36 0.00 TRACK
35.179	>>> V -15.38 0.00
35.179	S 20476715 -26.37 2.02 -23.36 0.00 TRACK
35.200	>>> V -13.48 0.00
35.200	S 20476735 -26.81 2.02 -21.98 0.00 TRACK
35.220	>>> V -13.48 0.00
35.220	S 20476755 -27.16 2.02 -20.61 0.00 TRACK
35.240	>>> V -11.55 0.00
35.240	S 20476775 -27.60 2.02 -19.24 0.00 TRACK
35.258	>>> V -11.55 0.00
35.259	S 20476795 -27.86 2.02 -17.86 0.00 TRACK
35.279	>>> V -9.75 0.00
35.280	S 20476815 -28.21 2.02 -16.49 0.00 TRACK
35.301	>>> V -9.75 0.00
35.301	S 20476835 -28.39 2.02 -15.11 0.00 TRACK
35.320	>>> V -8.08 0.00
35.320	S 20476855 -28.65 2.02 -13.74 0.00 TRACK
35.339	>>> V -8.08 0.00
35.339	S 20476875 -28.83 2.02 -12.37 0.00 TRACK
35.359	>>> V -6.49 0.00
35.361	S 20476895 -29.09 2.02 -10.99 0.00 TRACK
35.380	>>> V -6.49 0.00
35.380	S 20476915 -29.27 2.02 -10.99 0.00 TRACK
35.400	>>> V -4.94 0.00
35.401	S 20476935 -29.44 2.02 -9.62 0.00 TRACK
35.419	>>> V -4.94 0.00
35.421	S 20476955 -29.62 2.02 -9.62 0.00 TRACK
35.442	>>> V -4.94 0.00
35.444	S 20476975 -29.79 2.02 -8.24 0.00 TRACK
35.459	>>> V -3.61 0.00
35.459	S 20476995 -29.88 2.02 -6.87 0.00 TRACK
35.481	>>> V -2.38 0.00
35.482	S 20477015 -29.97 2.02 -6.87 0.00 TRACK
35.499	>>> V -2.38 0.00
35.499	S 20477035 -30.06 2.02 -5.50 0.00 TRACK
35.523	>>> V 0.00 0.00
35.524	S 20477055 -30.15 2.02 -4.12 0.00 TRACK
35.539	>>> V 0.00 0.00
35.539	S 20477075 -30.23 2.02 -4.12 0.00 TRACK
35.559	>>> V 0.00 0.00
35.560	S 20477095 -30.32 2.02 -4.12 0.00 TRACK
35.583	>>> V 0.00 0.00
35.583	S 20477115 -30.23 2.02 -4.12 0.00 TRACK
35.602	>>> V 0.00 0.00
35.602	S 20477135 -30.32 2.02 -2.75 0.00 TRACK
35.619	>>> V 0.00 0.00
35.619	S 20477155 -30.23 2.02 -1.37 0.00 TRACK
35.639	>>> V 2.75 0.00
35.639	S 20477175 -30.23 2.02 0.00 0.00 TRACK
35.658	>>> V 2.75 0.00
35.661	S 20477195 -30.23 2.02 0.00 0.00 TRACK
35.679	>>> V 2.75 0.00
35.679	S 20477215 -30.32 2.02 0.00 0.00 TRACK
35.704	>>> V 3.04 0.00
35.704	S 20477235 -30.23 2.02 0.00 0.00 TRACK
35.719	>>> V 3.04 0.00
35.721	S 20477255 -30.23 2.02 0.00 0.00 TRACK
35.741	>>> V 3.07 0.00
35.741	S 20477275 -30.23 2.02 0.00 0.00 TRACK
35.759	>>> V 3.33 0.00
35.759	S 20477295 -30.15 2.02 0.00 0.00 TRACK
35.781	>>> V 3.85 0.00
35.782	S 20477315 -30.06 2.02 1.37 0.00 TRACK
35.798	>>> V 4.62 0.00
35.799	S 20477335 -30.06 2.02 2.75 0.00 TRACK
35.820	>>> V 4.62 0.00
35.821	S 20477355 -30.06 2.02 2.75 0.00 TRACK
35.839	>>> V 4.62 0.00
35.840	S 20477375 -30.06 2.02 2.75 0.00 TRACK
35.860	>>> V 5.24 0.00
35.862	S 20477395 -29.97 2.02 1.37 0.00 TRACK
35.884	>>> V 5.24 0.00
35.885	S 20477415 -29.88 2.02 1.37 0.00 TRACK
35.900	>>> V 5.70 -3.16
35.900	S 20477435 -29.71 2.02 2.75 0.00 TRACK
35.921	>>> V 5.70 -3.16
35.922	S 20477455 -29.53 2.02 5.50 0.00 TRACK
35.939	>>> V 6.29 -3.52
35.942	S 20477475 -29.44 2.02 5.50 0.00 TRACK
35.959	>>> V 6.29 -3.52
35.962	S 20477495 -29.36 2.02 5.50 0.00 TRACK
35.982	>>> V 6.80 -3.75
35.983	S 20477515 -29.27 1.93 5.50 0.00 TRACK
35.999	>>> V 6.80 -3.75
36.001	S 20477535 -29.09 1.85 5.50 -1.37 TRACK
36.022	>>> V 7.02 -3.91
36.022	S 20477555 -29.00 1.67 5.50 -2.75 TRACK
36.043	>>> V 7.21 -3.96
36.043	S 20477575 -28.83 1.58 5.50 -4.12 TRACK
36.065	>>> V 7.21 -3.96
36.066	S 20477595 -28.74 1.49 5.50 -4.12 TRACK
36.080	>>> V 7.43 -4.06
36.080	S 20477615 -28.65 1.41 5.50 -4.12 TRACK
36.099	>>> V 7.43 -4.06
36.100	S 20477635 -28.48 1.32 5.50 -4.12 TRACK
36.119	>>> V 7.43 -4.06
36.119	S 20477655 -28.39 1.23 5.50 -4.12 TRACK
36.144	>>> V 7.71 -4.25
36.145	S 20477675 -28.21 1.23 5.50 -2.75 TRACK
36.163	>>> V 7.92 -4.25
36.163	S 20477695 -28.12 1.14 5.50 -2.75 TRACK
36.180	>>> V 7.92 -4.25
36.183	S 20477715 -28.04 1.05 5.50 -2.75 TRACK
36.199	>>> V 8.09 -4.19
36.202	S 20477735 -27.86 0.97 5.50 -2.75 TRACK
36.219	>>> V 8.09 -4.19
36.219	S 20477755 -27.69 0.88 6.87 -4.12 TRACK
36.240	>>> V 8.09 -4.19
36.241	S 20477775 -27.51 0.70 6.87 -4.12 TRACK
36.259	>>> V 8.12 -4.00
36.260	S 20477795 -27.33 0.62 6.87 -4.12 TRACK
36.280	>>> V 8.12 -4.00
36.283	S 20477815 -27.16 0.44 8.24 -4.12 TRACK
36.303	>>> V 8.09 -4.21
36.308	S 20477835 -26.98 0.44 8.24 -4.12 TRACK
36.321	>>> V 8.09 -4.21
36.325	S 20477855 -26.81 0.35 8.24 -4.12 TRACK
36.339	>>> V 8.03 -4.19
36.343	S 20477875 -26.63 0.35 8.24 -2.75 TRACK
36.360	>>> V 7.88 -4.11
36.362	S 20477895 -26.46 0.26 6.87 -2.75 TRACK
36.385	>>> V 7.88 -4.11
36.385	S 20477915 -26.37 0.09 6.87 -2.75 TRACK
36.401	>>> V 7.71 -4.08
36.402	S 20477935 -26.19 0.00 6.87 -4.12 TRACK
36.423	>>> V 7.71 -4.08
36.424	S 20477955 -26.02 -0.09 6.87 -4.12 TRACK
36.439	>>> V 7.58 -4.16
36.440	S 20477975 -25.84 -0.18 6.87 -4.12 TRACK
36.464	>>> V 7.50 -4.28
36.464	S 20477995 -25.66 -0.18 6.87 -4.12 TRACK
36.480	>>> V 7.50 -4.28
36.481	S 20478015 -25.49 -0.26 6.87 -2.75 TRACK
36.499	>>> V 7.36 -4.15
36.502	S 20478035 -25.31 -0.35 6.87 -1.37 TRACK
36.519	>>> V 7.36 -4.15
36.520	S 20478055 -25.22 -0.44 6.87 -2.75 TRACK
36.540	>>> V 7.17 -3.98
36.541	S 20478075 -25.14 -0.53 6.87 -2.75 TRACK
36.559	>>> V 7.17 -3.98
36.560	S 20478095 -24.96 -0.62 6.87 -4.12 TRACK
36.579	>>> V 6.86 -3.70
36.580	S 20478115 -24.87 -0.79 5.50 -4.12 TRACK
36.604	>>> V 6.86 -3.70
36.604	S 20478135 -24.70 -0.88 5.50 -4.12 TRACK
36.619	>>> V 6.51 -3.35
36.620	S 20478155 -24.52 -0.88 5.50 -4.12 TRACK
36.643	>>> V 6.06 -3.18
36.644	S 20478175 -24.43 -0.88 5.50 -2.75 TRACK
36.659	>>> V 5.02 0.00
36.659	S 20478195 -24.26 -0.97 5.50 -1.37 TRACK
36.679	>>> V 4.32 0.00
36.680	S 20478215 -24.17 -1.05 5.50 -1.37 TRACK
36.698	>>> V 4.32 0.00
36.699	S 20478235 -23.99 -1.05 6.87 -1.37 TRACK
36.719	>>> V 3.63 0.00
36.721	S 20478255 -23.91 -1.05 6.87 -1.37 TRACK
36.741	>>> V 3.63 0.00
36.741	S 20478275 -23.82 -1.05 5.50 -1.37 TRACK
36.759	>>> V 3.11 0.00
36.760	S 20478295 -23.64 -1.05 5.50 0.00 TRACK
36.780	>>> V 3.11 0.00
36.780	S 20478315 -23.55 -1.05 5.50 0.00 TRACK
36.800	>>> V 2.75 0.00
36.801	S 20478335 -23.47 -1.05 5.50 0.00 TRACK
36.819	>>> V 2.75 0.00
36.819	S 20478355 -23.55 -1.05 2.75 0.00 TRACK
36.840	>>> V 2.91 3.10
36.841	S 20478375 -23.47 -1.05 1.37 0.00 TRACK
36.865	>>> V 2.91 3.10
36.866	S 20478395 -23.38 -1.05 0.00 0.00 TRACK
36.883	>>> V 3.47 3.68
36.884	S 20478415 -23.38 -1.14 1.37 0.00 TRACK
36.900	>>> V 3.47 3.68
36.902	S 20478435 -23.29 -1.05 1.37 0.00 TRACK
36.924	>>> V 4.34 3.85
36.924	S 20478455 -23.20 -1.14 2.75 0.00 TRACK
36.939	>>> V 4.34 3.85
36.939	S 20478475 -23.12 -1.05 4.12 0.00 TRACK
36.963	>>> V 5.45 3.97
36.964	S 20478495 -22.94 -1.05 4.12 0.00 TRACK
36.981	>>> V 6.65 3.71
36.982	S 20478515 -22.94 -1.05 4.12 0.00 TRACK
37.001	>>> V 6.65 3.71
37.002	S 20478535 -22.85 -0.97 2.75 0.00 TRACK
37.019	>>> V 6.65 3.71
37.019	S 20478555 -22.76 -0.88 2.75 1.37 TRACK
37.040	>>> V 7.42 3.65
37.041	S 20478575 -22.68 -0.79 2.75 2.75 TRACK
37.059	>>> V 7.42 3.65
37.060	S 20478595 -22.50 -0.62 4.12 4.12 TRACK
37.080	>>> V 7.93 3.53
37.080	S 20478615 -22.41 -0.53 4.12 4.12 TRACK
37.101	>>> V 7.93 3.53
37.101	S 20478635 -22.24 -0.44 5.50 4.12 TRACK
37.123	>>> V 8.05 3.56
37.125	S 20478655 -22.15 -0.35 5.50 4.12 TRACK
37.139	>>> V 8.05 3.56
37.139	S 20478675 -21.97 -0.26 5.50 4.12 TRACK
37.160	>>> V 7.98 3.58
37.161	S 20478695 -21.88 -0.18 5.50 4.12 TRACK
37.178	>>> V 7.98 3.58
37.179	S 20478715 -21.71 -0.09 6.87 2.75 TRACK
37.201	>>> V 7.63 3.56
37.205	S 20478735 -21.45 0.00 6.87 2.75 TRACK
37.218	>>> V 7.63 3.56
37.219	S 20478755 -21.27 0.09 8.24 4.12 TRACK
37.239	>>> V 7.29 3.28
37.239	S 20478775 -21.18 0.18 8.24 4.12 TRACK
37.259	>>> V 7.29 3.28
37.260	S 20478795 -21.01 0.26 8.24 4.12 TRACK
37.279	>>> V 6.77 2.93
37.279	S 20478815 -20.83 0.35 6.87 4.12 TRACK
37.300	>>> V 6.77 2.93
37.300	S 20478835 -20.74 0.44 6.87 4.12 TRACK
37.322	>>> V 6.04 0.00
37.323	S 20478855 -20.65 0.53 6.87 4.12 TRACK
37.340	>>> V 5.28 0.00
37.341	S 20478875 -20.48 0.53 5.50 2.75 TRACK
37.360	>>> V 4.37 0.00
37.361	S 20478895 -20.30 0.62 5.50 2.75 TRACK
37.384	>>> V 4.14 0.00
37.384	S 20478915 -20.21 0.62 5.50 2.75 TRACK
37.399	>>> V 4.22 0.00
37.399	S 20478935 -20.04 0.62 5.50 1.37 TRACK
37.422	>>> V 4.22 0.00
37.423	S 20478955 -19.95 0.62 5.50 0.00 TRACK
37.438	>>> V 4.22 0.00
37.442	S 20478975 -19.86 0.62 5.50 0.00 TRACK
37.460	>>> V 0.00 0.00
37.461	S 20478995 -19.78 0.62 5.50 0.00 TRACK
37.478	>>> V 0.00 0.00
37.479	S 20479015 -19.69 0.62 5.50 0.00 TRACK
37.500	>>> V 0.00 0.00
37.502	S 20479035 -19.60 0.62 4.12 0.00 TRACK
37.519	>>> V 0.00 0.00
37.520	S 20479055 -19.60 0.62 2.75 0.00 TRACK
37.542	>>> V 0.00 0.00
37.543	S 20479075 -19.60 0.62 1.37 0.00 TRACK
37.560	>>> V 0.00 0.00
37.562	S 20479095 -19.60 0.62 0.00 0.00 TRACK
37.585	>>> V 0.00 0.00
37.586	S 20479115 -19.60 0.62 0.00 0.00 TRACK
37.599	>>> V 0.00 0.00
37.600	S 20479135 -19.60 0.62 0.00 0.00 TRACK
37.623	>>> V 0.00 0.00
37.623	S 20479155 -19.60 0.62 0.00 0.00 TRACK
37.640	>>> V 0.00 0.00
37.640	S 20479175 -19.60 0.62 0.00 0.00 TRACK
37.660	>>> V 0.00 0.00
37.661	S 20479195 -19.60 0.62 0.00 0.00 TRACK
37.679	>>> V 0.00 0.00
37.679	S 20479215 -19.60 0.62 0.00 0.00 TRACK
37.700	>>> V 0.00 0.00
37.701	S 20479235 -19.60 0.62 0.00 0.00 TRACK
37.719	>>> V 0.00 0.00
37.721	S 20479255 -19.60 0.62 0.00 0.00 TRACK
37.740	>>> V 0.00 0.00
37.741	S 20479275 -19.69 0.62 0.00 0.00 TRACK
37.759	>>> V 0.00 0.00
37.759	S 20479295 -19.60 0.62 0.00 0.00 TRACK
37.780	>>> V 0.00 0.00
37.783	S 20479315 -19.60 0.62 0.00 0.00 TRACK
37.799	>>> V 0.00 0.00
37.801	S 20479335 -19.60 0.62 0.00 0.00 TRACK
37.821	>>> V 0.00 0.00
37.822	S 20479355 -19.60 0.62 0.00 0.00 TRACK
37.840	>>> V 0.00 0.00
37.846	S 20479375 -19.60 0.62 0.00 0.00 TRACK
37.859	>>> V 0.00 0.00
37.862	S 20479395 -19.60 0.62 0.00 0.00 TRACK
37.888	>>> V 0.00 0.00
37.891	S 20479415 -19.60 0.62 0.00 0.00 TRACK
37.901	>>> V 0.00 0.00
37.901	S 20479435 -19.60 0.62 0.00 0.00 TRACK
37.921	>>> V 0.00 0.00
37.921	S 20479455 -19.60 0.62 0.00 0.00 TRACK
37.939	>>> V 0.00 0.00
37.939	S 20479475 -19.69 0.62 0.00 0.00 TRACK
37.963	>>> V 0.00 0.00
37.966	S 20479495 -19.60 0.62 0.00 0.00 TRACK
37.979	>>> V 0.00 0.00
37.979	S 20479515 -19.60 0.62 0.00 0.00 TRACK
38.002	>>> V 0.00 0.00
38.003	S 20479535 -19.60 0.62 0.00 0.00 TRACK
38.023	>>> V 0.00 0.00
38.025	S 20479555 -19.69 0.62 0.00 0.00 TRACK
38.041	>>> V 0.00 0.00
38.043	S 20479575 -19.60 0.62 0.00 0.00 TRACK
38.061	>>> V 0.00 0.00
38.062	S 20479595 -19.60 0.62 0.00 0.00 TRACK
38.080	>>> V 0.00 0.00
38.082	S 20479615 -19.60 0.62 0.00 0.00 TRACK
38.099	>>> V 30.85 -6.19
38.099	S 20479635 -19.60 0.62 0.00 0.00 TRACK
38.121	>>> V 30.47 -5.15
38.122	S 20479655 -19.60 0.62 0.00 0.00 TRACK
38.139	>>> V 30.47 -5.15
38.141	S 20479675 -19.60 0.62 0.00 0.00 TRACK
38.159	>>> V 28.14 -3.95
38.162	S 20479695 -19.51 0.53 0.00 0.00 TRACK
38.181	>>> V 28.14 -3.95
38.182	S 20479715 -19.25 0.44 1.37 -1.37 TRACK
38.200	>>> V 24.86 -3.48
38.202	S 20479735 -18.90 0.26 5.50 -2.75 TRACK
38.219	>>> V 24.86 -3.48
38.220	S 20479755 -18.37 0.18 10.99 -4.12 TRACK
38.239	>>> V 21.13 -3.11
38.239	S 20479775 -17.93 0.09 16.49 -4.12 TRACK
38.259	>>> V 21.13 -3.11
38.260	S 20479795 -17.40 -0.09 20.61 -4.12 TRACK
38.280	>>> V 17.34 -3.31
38.281	S 20479815 -16.87 0.00 23.36 -4.12 TRACK
38.299	>>> V 17.34 -3.31
38.299	S 20479835 -16.44 0.00 24.73 -2.75 TRACK
38.320	>>> V 17.34 -3.31
38.322	S 20479855 -16.00 -0.09 23.36 -1.37 TRACK
38.338	>>> V 12.71 -3.36
38.340	S 20479875 -15.56 -0.18 23.36 -1.37 TRACK
38.360	>>> V 0.00 0.00
38.360	S 20479895 -15.21 -0.26 21.98 -1.37 TRACK
38.381	>>> V 0.00 0.00
38.381	S 20479915 -14.77 -0.35 20.61 -2.75 TRACK
38.401	>>> V 0.00 0.00
38.401	S 20479935 -14.59 -0.35 19.24 -2.75 TRACK
38.423	>>> V -7.11 0.00
38.424	S 20479955 -14.33 -0.35 16.49 -2.75 TRACK
38.440	>>> V -12.78 0.00
38.441	S 20479975 -14.24 -0.35 12.37 -1.37 TRACK
38.459	>>> V -12.78 0.00
38.460	S 20479995 -14.24 -0.35 9.62 0.00 TRACK
38.481	>>> V -17.61 3.61
38.481	S 20480015 -14.24 -0.35 5.50 0.00 TRACK
38.499	>>> V -21.76 6.33
38.503	S 20480035 -14.33 -0.35 1.37 0.00 TRACK
38.520	>>> V -21.76 6.33
38.520	S 20480055 -14.50 -0.35 -1.37 0.00 TRACK
38.539	>>> V -25.75 9.97
38.540	S 20480075 -14.77 -0.35 -4.12 0.00 TRACK
38.560	>>> V -25.75 9.97
38.560	S 20480095 -15.21 -0.26 -8.24 0.00 TRACK
38.578	>>> V -32.35 14.34
38.579	S 20480115 -15.56 -0.09 -13.74 1.37 TRACK
38.600	>>> V -32.35 14.34
38.602	S 20480135 -16.00 0.09 -17.86 2.75 TRACK
38.619	>>> V -34.22 15.87
38.619	S 20480155 -16.52 0.26 -20.61 5.50 TRACK
38.639	>>> V -34.22 15.87
38.639	S 20480175 -17.14 0.44 -21.98 6.87 TRACK
38.659	>>> V -34.22 15.87
38.660	S 20480195 -17.67 0.70 -24.73 9.62 TRACK
38.679	>>> V -35.59 17.25
38.680	S 20480215 -18.37 1.05 -27.48 10.99 TRACK
38.701	>>> V -35.59 17.25
38.702	S 20480235 -18.98 1.41 -28.85 10.99 TRACK
38.719	>>> V -35.59 17.25
38.720	S 20480255 -19.69 1.67 -30.23 12.37 TRACK
38.743	>>> V -36.71 18.81
38.744	S 20480275 -20.39 2.02 -31.60 13.74 TRACK
38.760	>>> V -36.83 20.36
38.761	S 20480295 -21.09 2.37 -32.98 15.11 TRACK
38.780	>>> V -36.83 20.36
38.782	S 20480315 -21.71 2.81 -32.98 15.11 TRACK
38.801	>>> V -32.54 23.92
38.803	S 20480335 -22.50 3.08 -34.35 16.49 TRACK
38.819	>>> V -29.26 26.23
38.819	S 20480355 -23.20 3.52 -34.35 16.49 TRACK
38.839	>>> V -29.26 26.23
38.839	S 20480375 -23.91 3.87 -35.72 17.86 TRACK
38.858	>>> V -21.21 32.06
38.859	S 20480395 -24.61 4.31 -35.72 17.86 TRACK
38.882	>>> V -14.09 35.27
38.883	S 20480415 -25.22 4.75 -34.35 19.24 TRACK
38.899	>>> V -8.11 36.81
38.899	S 20480435 -25.84 5.27 -34.35 20.61 TRACK
38.920	>>> V -8.11 36.81
38.921	S 20480455 -26.37 5.80 -31.60 21.98 TRACK
38.939	>>> V -8.11 36.81
38.939	S 20480475 -26.81 6.42 -28.85 24.73 TRACK
38.960	>>> V -4.91 35.29
38.960	S 20480495 -27.16 7.12 -24.73 27.48 TRACK
38.981	>>> V -4.91 35.29
38.981	S 20480515 -27.42 7.82 -20.61 30.23 TRACK
39.000	>>> V -2.17 32.15
39.000	S 20480535 -27.69 8.53 -16.49 31.60 TRACK
39.021	>>> V -2.17 32.15
39.021	S 20480555 -27.86 9.23 -13.74 32.98 TRACK
39.039	>>> V 0.00 26.84
39.040	S 20480575 -27.95 9.93 -10.99 34.35 TRACK
39.058	>>> V 0.00 26.84
39.059	S 20480595 -28.04 10.63 -8.24 34.35 TRACK
39.079	>>> V 0.00 26.84
39.080	S 20480615 -28.12 11.51 -6.87 35.72 TRACK
39.100	>>> V 2.45 19.13
39.106	S 20480635 -28.12 12.13 -4.12 37.10 TRACK
39.121	>>> V 4.50 10.94
39.122	S 20480655 -28.12 12.74 -1.37 34.35 TRACK
39.139	>>> V 4.50 10.94
39.139	S 20480675 -28.12 12.92 0.00 31.60 TRACK
39.164	>>> V 6.05 0.00
39.166	S 20480695 -28.12 13.36 0.00 24.73 TRACK
39.184	>>> V 6.05 0.00
39.185	S 20480715 -28.12 13.80 0.00 20.61 TRACK
39.203	>>> V 6.05 0.00
39.204	S 20480735 -28.04 14.33 0.00 20.61 TRACK
39.219	>>> V 6.97 -10.63
39.221	S 20480755 -27.86 14.59 1.37 20.61 TRACK
39.244	>>> V 7.90 -23.73
39.244	S 20480775 -27.77 14.77 2.75 19.24 TRACK
39.261	>>> V 7.90 -23.73
39.264	S 20480795 -27.60 14.68 4.12 13.74 TRACK
39.284	>>> V 8.69 -34.97
39.286	S 20480815 -27.60 14.59 5.50 5.50 TRACK
39.302	>>> V 8.69 -34.97
39.303	S 20480835 -27.42 14.33 5.50 0.00 TRACK
39.319	>>> V 9.43 -43.04
39.319	S 20480855 -27.25 13.97 5.50 -5.50 TRACK
39.339	>>> V 9.43 -43.04
39.341	S 20480875 -27.07 13.54 5.50 -10.99 TRACK
39.359	>>> V 10.30 -47.45
39.360	S 20480895 -26.98 13.01 6.87 -16.49 TRACK
39.379	>>> V 10.30 -47.45
39.380	S 20480915 -26.72 12.30 6.87 -20.61 TRACK
39.401	>>> V 10.75 -51.89
39.401	S 20480935 -26.54 11.60 8.24 -26.11 TRACK
39.422	>>> V 10.75 -51.89
39.423	S 20480955 -26.37 10.72 8.24 -31.60 TRACK
39.439	>>> V 0.00 0.00
39.440	S 20480975 -26.19 9.84 8.24 -37.10 TRACK
39.461	>>> V 0.00 0.00
39.462	S 20480995 -25.93 8.88 9.62 -41.22 TRACK
39.483	>>> V 0.00 0.00
39.483	S 20481015 -25.75 7.91 9.62 -43.97 TRACK
39.504	>>> V 0.00 0.00
39.504	S 20481035 -25.66 7.03 8.24 -45.34 TRACK
39.519	>>> V 0.00 0.00
39.521	S 20481055 -25.75 6.24 6.87 -45.34 TRACK
39.543	>>> V 0.00 0.00
39.544	S 20481075 -25.66 5.62 4.12 -41.22 TRACK
39.560	>>> V 0.00 0.00
39.563	S 20481095 -25.66 5.36 1.37 -35.72 TRACK
39.581	>>> V 0.00 0.00
39.582	S 20481115 -25.66 5.01 0.00 -27.48 TRACK
39.601	>>> V 0.00 0.00
39.602	S 20481135 -25.66 4.92 0.00 -20.61 TRACK
39.623	>>> V 0.00 0.00
39.624	S 20481155 -25.66 4.83 0.00 -13.74 TRACK
39.642	>>> V 0.00 0.00
39.643	S 20481175 -25.66 4.83 0.00 -8.24 TRACK
39.659	>>> V 0.00 0.00
39.660	S 20481195 -25.66 4.83 0.00 -4.12 TRACK
39.679	>>> V 0.00 0.00
39.680	S 20481215 -25.66 4.83 0.00 -1.37 TRACK
39.699	>>> V 0.00 0.00
39.699	S 20481235 -25.66 4.83 0.00 0.00 TRACK
39.721	>>> V 0.00 0.00
39.721	S 20481255 -25.66 4.83 0.00 0.00 TRACK
39.741	>>> V 0.00 0.00
39.741	S 20481275 -25.66 4.83 0.00 0.00 TRACK
39.760	>>> V 0.00 0.00
39.761	S 20481295 -25.66 4.83 0.00 0.00 TRACK
39.784	>>> V 0.00 0.00
39.784	S 20481315 -25.66 4.83 0.00 0.00 TRACK
39.804	>>> V 0.00 0.00
39.805	S 20481335 -25.66 4.83 0.00 0.00 TRACK
39.824	>>> V 0.00 0.00
39.824	S 20481355 -25.66 4.83 0.00 0.00 TRACK
39.841	>>> V 0.00 0.00
39.843	S 20481375 -25.66 4.83 0.00 0.00 TRACK
39.861	>>> V 0.00 0.00
39.861	S 20481395 -25.66 4.83 0.00 0.00 TRACK
39.879	>>> V 0.00 0.00
39.880	S 20481415 -25.66 4.83 0.00 0.00 TRACK
39.900	>>> V 0.00 0.00
39.903	S 20481435 -25.66 4.83 0.00 0.00 TRACK
39.922	>>> V 0.00 0.00
39.922	S 20481455 -25.66 4.83 0.00 0.00 TRACK
39.950	>>> V 0.00 0.00
39.953	S 20481475 -25.66 4.92 0.00 0.00 TRACK
39.962	>>> V 0.00 0.00
39.963	S 20481495 -25.66 4.83 0.00 0.00 TRACK
39.985	>>> V -53.80 8.80
39.986	S 20481515 -25.66 4.83 0.00 0.00 TRACK
40.002	>>> V -53.80 8.80
40.002	S 20481535 -25.66 4.83 0.00 0.00 TRACK
40.020	>>> V -53.80 8.80
40.023	S 20481555 -25.66 4.83 0.00 0.00 TRACK
40.039	>>> V -53.80 8.80
40.040	S 20481575 -25.75 4.92 0.00 0.00 TRACK
40.061	>>> V -53.87 8.77
40.063	S 20481595 -25.93 5.01 -1.37 1.37 TRACK
40.085	>>> V -53.85 8.75
40.086	S 20481615 -26.37 5.10 -5.50 2.75 TRACK
40.099	>>> V -53.85 8.75
40.101	S 20481635 -26.98 5.36 -12.37 4.12 TRACK
40.125	>>> V -53.93 8.71
40.128	S 20481655 -27.69 5.45 -20.61 5.50 TRACK
40.145	>>> V -53.89 8.69
40.146	S 20481675 -28.56 5.54 -27.48 5.50 TRACK
40.159	>>> V -53.89 8.69
40.159	S 20481695 -29.53 5.54 -35.72 4.12 TRACK
40.179	>>> V -53.89 8.69
40.179	S 20481715 -30.41 5.80 -41.22 4.12 TRACK
40.199	>>> V -53.82 8.71
40.200	S 20481735 -31.46 5.98 -45.34 5.50 TRACK
40.219	>>> V -53.82 8.71
40.219	S 20481755 -32.52 6.24 -49.46 6.87 TRACK
40.239	>>> V -53.55 8.80
40.240	S 20481775 -33.57 6.33 -50.84 9.62 TRACK
40.258	>>> V -53.55 8.80
40.259	S 20481796 -34.63 6.59 -50.84 9.62 TRACK
40.287	>>> V -53.55 8.80
40.288	S 20481816 -35.68 6.77 -52.21 9.62 TRACK
40.300	>>> V 0.00 0.00
40.301	S 20481836 -36.65 6.94 -52.21 8.24 TRACK
40.320	>>> V 0.00 0.00
40.322	S 20481856 -37.71 7.12 -52.21 8.24 TRACK
40.338	>>> V 0.00 0.00
40.339	S 20481876 -38.85 7.29 -52.21 8.24 TRACK
40.359	>>> V 0.00 0.00
40.360	S 20481896 -39.81 7.29 -52.21 6.87 TRACK
40.379	>>> V 0.00 0.00
40.380	S 20481916 -40.61 7.29 -50.84 5.50 TRACK
40.398	>>> V 0.00 0.00
40.400	S 20481936 -41.22 7.29 -45.34 2.75 TRACK
40.419	>>> V 0.00 0.00
40.420	S 20481956 -41.66 7.29 -38.47 0.00 TRACK
40.439	>>> V 0.00 0.00
40.440	S 20481976 -41.84 7.29 -30.23 0.00 TRACK
40.459	>>> V 0.00 0.00
40.459	S 20481996 -42.01 7.29 -20.61 0.00 TRACK
40.482	>>> V 0.00 0.00
40.483	S 20482016 -42.10 7.29 -13.74 0.00 TRACK
40.502	>>> V 0.00 0.00
40.503	S 20482036 -42.19 7.29 -8.24 0.00 TRACK
40.520	>>> V 0.00 0.00
40.520	S 20482056 -42.10 7.29 -4.12 0.00 TRACK
40.539	>>> V 0.00 0.00
40.542	S 20482076 -42.10 7.29 -1.37 0.00 TRACK
40.559	>>> V 0.00 0.00
40.560	S 20482096 -42.10 7.29 0.00 0.00 TRACK
40.579	>>> V 0.00 0.00
40.580	S 20482116 -42.10 7.29 0.00 0.00 TRACK
40.599	>>> V 0.00 0.00
40.600	S 20482136 -42.10 7.29 0.00 0.00 TRACK
40.620	>>> V 0.00 0.00
40.621	S 20482156 -42.10 7.29 0.00 0.00 TRACK
40.639	>>> V 0.00 0.00
40.639	S 20482176 -42.10 7.29 0.00 0.00 TRACK
40.659	>>> V 0.00 0.00
40.659	S 20482196 -42.01 7.29 0.00 0.00 TRACK
40.681	>>> V 0.00 0.00
40.681	S 20482216 -42.01 7.29 0.00 0.00 TRACK
40.702	>>> V 0.00 0.00
40.703	S 20482236 -42.10 7.29 0.00 0.00 TRACK
40.719	>>> V 0.00 0.00
40.719	S 20482256 -42.10 7.29 0.00 0.00 TRACK
40.742	>>> V 0.00 0.00
40.742	S 20482276 -42.01 7.29 0.00 0.00 TRACK
40.762	>>> V 0.00 0.00
40.764	S 20482296 -42.01 7.29 0.00 0.00 TRACK
40.781	>>> V 0.00 0.00
40.781	S 20482316 -42.01 7.29 0.00 0.00 TRACK
40.799	>>> V 0.00 0.00
40.800	S 20482336 -42.01 7.29 0.00 0.00 TRACK
40.821	>>> V 0.00 0.00
40.822	S 20482356 -42.01 7.29 0.00 0.00 TRACK
40.839	>>> V 0.00 0.00
40.840	S 20482376 -42.01 7.29 0.00 0.00 TRACK
40.860	>>> V 0.00 0.00
40.861	S 20482396 -42.01 7.29 0.00 0.00 TRACK
40.879	>>> V 0.00 0.00
40.880	S 20482416 -42.01 7.29 0.00 0.00 TRACK
40.900	>>> V 0.00 0.00
40.903	S 20482436 -42.01 7.29 0.00 0.00 TRACK
40.919	>>> V 0.00 0.00
40.920	S 20482456 -42.01 7.29 0.00 0.00 TRACK
40.940	>>> V 0.00 0.00
40.944	S 20482476 -42.01 7.29 0.00 0.00 TRACK
40.961	>>> V 0.00 0.00
40.961	S 20482496 -42.01 7.29 0.00 0.00 TRACK
40.982	>>> V 0.00 0.00
40.984	S 20482516 -41.92 7.29 0.00 0.00 TRACK
41.000	>>> V 0.00 0.00
41.000	S 20482536 -42.01 7.29 0.00 0.00 TRACK
41.019	>>> V 0.00 0.00
41.020	S 20482556 -41.92 7.29 0.00 0.00 TRACK
41.039	>>> V 0.00 0.00
41.040	S 20482576 -41.92 7.29 0.00 0.00 TRACK
41.060	>>> V 0.00 0.00
41.060	S 20482596 -41.92 7.29 0.00 0.00 TRACK
41.082	>>> V 0.00 0.00
41.084	S 20482616 -41.92 7.29 0.00 0.00 TRACK
41.103	>>> V 0.00 0.00
41.105	S 20482636 -41.92 7.29 0.00 0.00 TRACK
41.122	>>> V 0.00 0.00
41.122	S 20482656 -42.01 7.29 0.00 0.00 TRACK
41.141	>>> V 0.00 0.00
41.143	S 20482676 -41.92 7.29 0.00 0.00 TRACK
41.162	>>> V 0.00 0.00
41.163	S 20482696 -42.01 7.29 0.00 0.00 TRACK
41.179	>>> V 0.00 0.00
41.179	S 20482716 -42.01 7.29 0.00 0.00 TRACK
41.204	>>> V 0.00 6.23
41.204	S 20482736 -42.01 7.29 0.00 0.00 TRACK
41.219	>>> V 0.00 6.23
41.221	S 20482756 -41.92 7.29 0.00 0.00 TRACK
41.239	>>> V -5.76 7.03
41.242	S 20482776 -41.92 7.29 0.00 0.00 TRACK
41.259	>>> V -8.82 8.62
41.259	S 20482796 -41.92 7.38 0.00 0.00 TRACK
41.280	>>> V -10.73 11.91
41.282	S 20482816 -42.01 7.47 0.00 0.00 TRACK
41.299	>>> V -10.73 11.91
41.299	S 20482836 -42.19 7.56 -1.37 2.75 TRACK
41.320	>>> V -9.59 13.17
41.321	S 20482856 -42.28 7.73 -2.75 4.12 TRACK
41.339	>>> V -9.59 13.17
41.339	S 20482876 -42.45 8.00 -4.12 6.87 TRACK
41.360	>>> V -9.59 13.17
41.361	S 20482896 -42.63 8.17 -5.50 8.24 TRACK
41.379	>>> V -6.96 13.73
41.379	S 20482916 -42.80 8.44 -6.87 9.62 TRACK
41.402	>>> V -6.96 13.73
41.402	S 20482936 -42.98 8.70 -8.24 10.99 TRACK
41.418	>>> V -6.96 13.73
41.419	S 20482956 -43.24 8.96 -8.24 10.99 TRACK
41.440	>>> V -2.91 13.63
41.441	S 20482976 -43.42 9.23 -8.24 12.37 TRACK
41.460	>>> V 0.00 13.36
41.460	S 20482996 -43.59 9.49 -8.24 12.37 TRACK
41.480	>>> V 0.00 13.36
41.481	S 20483016 -43.59 9.84 -8.24 13.74 TRACK
41.499	>>> V 0.00 13.36
41.499	S 20483036 -43.77 10.11 -6.87 13.74 TRACK
41.520	>>> V 7.02 13.98
41.521	S 20483056 -43.68 10.37 -5.50 13.74 TRACK
41.540	>>> V 10.69 13.57
41.541	S 20483076 -43.68 10.63 -2.75 13.74 TRACK
41.558	>>> V 10.69 13.57
41.559	S 20483096 -43.68 10.99 -1.37 13.74 TRACK
41.579	>>> V 14.41 12.73
41.579	S 20483116 -43.68 11.25 0.00 13.74 TRACK
41.600	>>> V 14.41 12.73
41.600	S 20483136 -43.59 11.51 1.37 13.74 TRACK
41.622	>>> V 18.13 11.70
41.622	S 20483156 -43.33 11.78 2.75 13.74 TRACK
41.641	>>> V 21.98 9.93
41.642	S 20483176 -43.07 12.04 5.50 12.37 TRACK
41.660	>>> V 21.98 9.93
41.660	S 20483196 -42.80 12.30 8.24 12.37 TRACK
41.678	>>> V 30.04 5.25
41.680	S 20483216 -42.54 12.48 10.99 12.37 TRACK
41.699	>>> V 30.04 5.25
41.699	S 20483236 -42.19 12.74 12.37 12.37 TRACK
41.720	>>> V 30.04 5.25
41.720	S 20483256 -41.75 12.92 13.74 10.99 TRACK
41.741	>>> V 33.25 3.39
41.743	S 20483276 -41.31 13.18 16.49 10.99 TRACK
41.760	>>> V 36.35 0.00
41.760	S 20483296 -40.78 13.36 19.24 10.99 TRACK
41.780	>>> V 36.35 0.00
41.784	S 20483316 -40.17 13.45 21.98 9.62 TRACK
41.800	>>> V 36.35 0.00
41.801	S 20483336 -39.55 13.54 24.73 8.24 TRACK
41.820	>>> V 38.84 0.00
41.821	S 20483356 -39.02 13.54 27.48 5.50 TRACK
41.840	>>> V 38.84 0.00
41.840	S 20483376 -38.23 13.54 28.85 2.75 TRACK
41.859	>>> V 38.84 0.00
41.862	S 20483396 -37.62 13.54 31.60 0.00 TRACK
41.879	>>> V 39.96 0.00
41.880	S 20483416 -36.83 13.54 32.98 0.00 TRACK
41.899	>>> V 39.96 0.00
41.901	S 20483436 -36.12 13.54 34.35 0.00 TRACK
41.924	>>> V 38.54 -5.19
41.926	S 20483456 -35.51 13.54 35.72 0.00 TRACK
41.938	>>> V 36.99 -6.52
41.939	S 20483476 -34.72 13.54 35.72 0.00 TRACK
41.959	>>> V 35.26 -7.66
41.960	S 20483496 -33.93 13.54 35.72 0.00 TRACK
41.980	>>> V 35.26 -7.66
41.981	S 20483516 -33.22 13.45 37.10 0.00 TRACK
42.001	>>> V 33.86 -8.50
42.001	S 20483536 -32.43 13.36 37.10 -1.37 TRACK
42.019	>>> V 33.86 -8.50
42.019	S 20483556 -31.73 13.18 37.10 -2.75 TRACK
42.039	>>> V 32.82 -8.73
42.039	S 20483576 -30.94 13.01 37.10 -5.50 TRACK
42.058	>>> V 32.82 -8.73
42.059	S 20483596 -30.23 12.83 35.72 -6.87 TRACK
42.080	>>> V 31.27 -9.12
42.080	S 20483616 -29.62 12.66 35.72 -6.87 TRACK
42.099	>>> V 31.27 -9.12
42.099	S 20483636 -28.92 12.57 35.72 -6.87 TRACK
42.120	>>> V 30.72 -9.35
42.122	S 20483656 -28.30 12.30 34.35 -6.87 TRACK
42.138	>>> V 30.72 -9.35
42.139	S 20483676 -27.69 12.13 32.98 -8.24 TRACK
42.162	>>> V 30.72 -9.35
42.163	S 20483696 -26.98 11.95 31.60 -8.24 TRACK
42.178	>>> V 30.02 -9.89
42.179	S 20483716 -26.46 11.78 31.60 -8.24 TRACK
42.201	>>> V 29.27 -10.62
42.202	S 20483736 -25.84 11.60 31.60 -8.24 TRACK
42.219	>>> V 29.27 -10.62
42.219	S 20483756 -25.22 11.43 30.23 -8.24 TRACK
42.241	>>> V 28.52 -11.61
42.242	S 20483776 -24.61 11.16 30.23 -8.24 TRACK
42.258	>>> V 28.52 -11.61
42.259	S 20483796 -24.08 10.99 28.85 -9.62 TRACK
42.280	>>> V 28.08 -12.69
42.281	S 20483816 -23.55 10.81 27.48 -9.62 TRACK
42.299	>>> V 28.08 -12.69
42.299	S 20483836 -23.03 10.55 27.48 -9.62 TRACK
42.320	>>> V 27.30 -13.26
42.321	S 20483856 -22.41 10.37 26.11 -9.62 TRACK
42.339	>>> V 27.30 -13.26
42.340	S 20483876 -21.80 10.11 27.48 -9.62 TRACK
42.360	>>> V 26.63 -14.01
42.361	S 20483896 -21.18 9.84 28.85 -10.99 TRACK
42.381	>>> V 26.63 -14.01
42.381	S 20483916 -20.65 9.67 28.85 -10.99 TRACK
42.399	>>> V 26.13 -15.00
42.400	S 20483936 -20.04 9.32 28.85 -12.37 TRACK
42.419	>>> V 26.13 -15.00
42.419	S 20483956 -19.51 9.05 28.85 -12.37 TRACK
42.441	>>> V 25.43 -16.08
42.442	S 20483976 -18.98 8.79 27.48 -12.37 TRACK
42.459	>>> V 25.43 -16.08
42.459	S 20483996 -18.46 8.44 27.48 -13.74 TRACK
42.480	>>> V 24.80 -16.98
42.481	S 20484016 -17.93 8.17 26.11 -13.74 TRACK
42.499	>>> V 24.80 -16.98
42.503	S 20484036 -17.40 7.91 26.11 -13.74 TRACK
42.523	>>> V 24.50 -17.85
42.524	S 20484056 -16.87 7.56 26.11 -13.74 TRACK
42.539	>>> V 24.50 -17.85
42.539	S 20484076 -16.35 7.21 24.73 -15.11 TRACK
42.561	>>> V 24.01 -18.94
42.561	S 20484096 -15.82 6.94 24.73 -15.11 TRACK
42.581	>>> V 24.01 -18.94
42.585	S 20484116 -15.38 6.59 24.73 -15.11 TRACK
42.602	>>> V 24.44 -19.62
42.603	S 20484136 -14.85 6.24 24.73 -15.11 TRACK
42.619	>>> V 24.44 -19.62
42.621	S 20484156 -14.41 5.80 24.73 -16.49 TRACK
42.640	>>> V 25.16 -19.97
42.641	S 20484176 -13.89 5.45 24.73 -16.49 TRACK
42.660	>>> V 25.16 -19.97
42.662	S 20484196 -13.45 5.10 23.36 -17.86 TRACK
42.682	>>> V 25.96 -20.44
42.682	S 20484216 -13.01 4.66 23.36 -17.86 TRACK
42.699	>>> V 25.96 -20.44
42.699	S 20484236 -12.57 4.31 23.36 -17.86 TRACK
42.723	>>> V 26.97 -20.70
42.724	S 20484256 -12.04 3.87 23.36 -17.86 TRACK
42.738	>>> V 26.97 -20.70
42.740	S 20484276 -11.51 3.52 24.73 -19.24 TRACK
42.762	>>> V 29.59 -20.19
42.763	S 20484296 -11.07 3.08 24.73 -19.24 TRACK
42.782	>>> V 29.59 -20.19
42.784	S 20484316 -10.55 2.64 24.73 -19.24 TRACK
42.802	>>> V 30.70 -19.98
42.802	S 20484336 -10.02 2.29 24.73 -19.24 TRACK
42.820	>>> V 30.70 -19.98
42.821	S 20484356 -9.40 1.85 26.11 -19.24 TRACK
42.841	>>> V 31.91 -19.90
42.842	S 20484376 -8.70 1.49 26.11 -19.24 TRACK
42.859	>>> V 31.91 -19.90
42.859	S 20484396 -8.26 1.05 26.11 -19.24 TRACK
42.880	>>> V 32.66 -19.92
42.880	S 20484416 -7.65 0.53 27.48 -19.24 TRACK
42.901	>>> V 32.66 -19.92
42.902	S 20484436 -7.03 0.09 27.48 -20.61 TRACK
42.922	>>> V 32.99 -20.39
42.922	S 20484456 -6.42 -0.26 28.85 -20.61 TRACK
42.942	>>> V 32.71 -21.62
42.942	S 20484476 -5.62 -0.70 30.23 -19.24 TRACK
42.961	>>> V 32.71 -21.62
42.961	S 20484496 -5.01 -1.05 30.23 -19.24 TRACK
42.980	>>> V 32.71 -21.62
42.981	S 20484516 -4.31 -1.49 30.23 -19.24 TRACK
42.999	>>> V 31.89 -22.50
43.002	S 20484536 -3.69 -1.85 31.60 -19.24 TRACK
43.019	>>> V 30.82 -23.56
43.020	S 20484556 -3.08 -2.37 31.60 -19.24 TRACK
43.039	>>> V 30.82 -23.56
43.039	S 20484576 -2.37 -2.72 31.60 -20.61 TRACK
43.060	>>> V 29.16 -24.54
43.061	S 20484596 -1.76 -3.16 31.60 -20.61 TRACK
43.081	>>> V 29.16 -24.54
43.081	S 20484616 -1.14 -3.60 31.60 -20.61 TRACK
43.103	>>> V 29.16 -24.54
43.106	S 20484636 -0.53 -4.13 30.23 -21.98 TRACK
43.123	>>> V 27.09 -25.27
43.126	S 20484656 0.09 -4.57 30.23 -21.98 TRACK
43.144	>>> V 24.56 -26.13
43.145	S 20484676 0.62 -5.19 30.23 -23.36 TRACK
43.160	>>> V 24.56 -26.13
43.161	S 20484696 1.23 -5.71 30.23 -23.36 TRACK
43.181	>>> V 21.74 -27.37
43.182	S 20484716 1.85 -6.15 28.85 -23.36 TRACK
43.200	>>> V 21.74 -27.37
43.200	S 20484736 2.29 -6.68 28.85 -23.36 TRACK
43.221	>>> V 14.88 -28.67
43.222	S 20484756 2.90 -7.12 27.48 -23.36 TRACK
43.239	>>> V 14.88 -28.67
43.241	S 20484776 3.34 -7.73 26.11 -24.73 TRACK
43.262	>>> V 11.03 -29.93
43.263	S 20484796 3.78 -8.26 24.73 -24.73 TRACK
43.279	>>> V 7.15 -31.29
43.279	S 20484816 4.22 -8.79 23.36 -26.11 TRACK
43.298	>>> V 7.15 -31.29
43.299	S 20484836 4.66 -9.40 21.98 -26.11 TRACK
43.319	>>> V 3.35 -32.26
43.319	S 20484856 4.92 -10.02 20.61 -27.48 TRACK
43.341	>>> V 3.35 -32.26
43.343	S 20484876 5.19 -10.63 17.86 -28.85 TRACK
43.360	>>> V 0.00 -33.27
43.361	S 20484896 5.36 -11.16 15.11 -28.85 TRACK
43.382	>>> V 0.00 -33.27
43.383	S 20484916 5.45 -11.87 10.99 -28.85 TRACK
43.399	>>> V -4.30 -33.88
43.399	S 20484936 5.54 -12.48 8.24 -28.85 TRACK
43.418	>>> V -4.30 -33.88
43.419	S 20484956 5.54 -13.10 5.50 -30.23 TRACK
43.443	>>> V -8.32 -34.32
43.444	S 20484976 5.54 -13.71 2.75 -30.23 TRACK
43.460	>>> V -8.32 -34.32
43.462	S 20484996 5.54 -14.41 0.00 -31.60 TRACK
43.486	>>> V -16.36 -32.99
43.487	S 20485016 5.45 -15.12 0.00 -31.60 TRACK
43.501	>>> V -16.36 -32.99
43.502	S 20485036 5.36 -15.73 -1.37 -32.98 TRACK
43.519	>>> V -20.16 -31.43
43.521	S 20485056 5.19 -16.52 -2.75 -32.98 TRACK
43.541	>>> V -20.16 -31.43
43.543	S 20485076 4.92 -17.23 -5.50 -32.98 TRACK
43.564	>>> V -23.44 -30.21
43.564	S 20485096 4.75 -17.84 -6.87 -32.98 TRACK
43.579	>>> V -26.29 -28.51
43.579	S 20485116 4.48 -18.46 -9.62 -32.98 TRACK
43.603	>>> V -26.29 -28.51
43.603	S 20485136 4.13 -19.16 -10.99 -32.98 TRACK
43.620	>>> V -26.29 -28.51
43.620	S 20485156 3.69 -19.69 -13.74 -31.60 TRACK
43.643	>>> V -29.43 -26.79
43.643	S 20485176 3.25 -20.30 -16.49 -31.60 TRACK
43.660	>>> V -29.43 -26.79
43.662	S 20485196 2.81 -21.01 -19.24 -30.23 TRACK
43.683	>>> V -31.98 -24.40
43.684	S 20485216 2.29 -21.53 -20.61 -30.23 TRACK
43.699	>>> V -31.98 -24.40
43.699	S 20485236 1.76 -22.15 -21.98 -28.85 TRACK
43.720	>>> V -35.05 -22.29
43.720	S 20485256 1.23 -22.68 -23.36 -28.85 TRACK
43.740	>>> V -35.05 -22.29
43.741	S 20485276 0.62 -23.20 -24.73 -27.48 TRACK
43.763	>>> V -39.65 -16.59
43.764	S 20485296 0.00 -23.73 -27.48 -26.11 TRACK
43.782	>>> V -39.65 -16.59
43.782	S 20485316 -0.70 -24.17 -28.85 -24.73 TRACK
43.801	>>> V -41.47 -13.28
43.801	S 20485336 -1.32 -24.70 -30.23 -24.73 TRACK
43.819	>>> V -41.47 -13.28
43.819	S 20485356 -2.02 -25.05 -31.60 -23.36 TRACK
43.845	>>> V -42.78 -9.78
43.845	S 20485376 -2.81 -25.40 -34.35 -21.98 TRACK
43.863	>>> V -42.78 -9.78
43.863	S 20485396 -3.60 -25.75 -35.72 -20.61 TRACK
43.880	>>> V -44.03 -6.65
43.882	S 20485416 -4.39 -26.10 -37.10 -17.86 TRACK
43.899	>>> V -44.03 -6.65
43.900	S 20485436 -5.19 -26.37 -38.47 -16.49 TRACK
43.923	>>> V -45.74 -5.61
43.925	S 20485456 -6.06 -26.54 -38.47 -15.11 TRACK
43.940	>>> V -45.74 -5.61
43.941	S 20485476 -7.03 -26.81 -39.85 -12.37 TRACK
43.964	>>> V -46.88 3.02
43.965	S 20485496 -7.82 -26.98 -41.22 -10.99 TRACK
43.980	>>> V -46.88 3.02
43.980	S 20485516 -8.79 -27.16 -42.59 -9.62 TRACK
44.003	>>> V -47.61 8.51
44.005	S 20485536 -9.76 -27.25 -42.59 -8.24 TRACK
44.019	>>> V -47.70 12.17
44.020	S 20485556 -10.63 -27.25 -43.97 -5.50 TRACK
44.042	>>> V -47.70 12.17
44.043	S 20485576 -11.51 -27.25 -43.97 -4.12 TRACK
44.059	>>> V -47.70 12.17
44.060	S 20485596 -12.48 -27.16 -43.97 -1.37 TRACK
44.083	>>> V -47.54 15.68
44.084	S 20485616 -13.27 -27.07 -43.97 0.00 TRACK
44.099	>>> V -47.54 15.68
44.099	S 20485636 -14.33 -26.89 -45.34 2.75 TRACK
44.121	>>> V -47.54 15.68
44.124	S 20485656 -15.21 -26.63 -46.72 5.50 TRACK
44.139	>>> V -46.80 18.95
44.139	S 20485676 -16.17 -26.37 -46.72 8.24 TRACK
44.160	>>> V -46.80 18.95
44.161	S 20485696 -17.14 -26.10 -46.72 9.62 TRACK
44.180	>>> V -43.42 30.29
44.181	S 20485716 -18.11 -25.84 -46.72 10.99 TRACK
44.199	>>> V -43.42 30.29
44.202	S 20485736 -19.07 -25.49 -46.72 12.37 TRACK
44.219	>>> V -43.42 30.29
44.219	S 20485756 -20.04 -25.14 -46.72 13.74 TRACK
44.241	>>> V -41.59 33.58
44.242	S 20485776 -20.92 -24.70 -46.72 16.49 TRACK
44.263	>>> V -41.59 33.58
44.265	S 20485796 -21.80 -24.17 -45.34 19.24 TRACK
44.282	>>> V -39.81 36.33
44.284	S 20485816 -22.68 -23.55 -45.34 21.98 TRACK
44.300	>>> V -39.81 36.33
44.302	S 20485836 -23.55 -23.03 -43.97 24.73 TRACK
44.328	>>> V -37.61 38.31
44.331	S 20485856 -24.43 -22.41 -43.97 26.11 TRACK
44.339	>>> V -37.61 38.31
44.342	S 20485876 -25.22 -21.80 -42.59 28.85 TRACK
44.366	>>> V -35.18 39.86
44.367	S 20485896 -26.10 -21.09 -41.22 30.23 TRACK
44.382	>>> V -29.53 41.61
44.385	S 20485916 -26.89 -20.39 -41.22 31.60 TRACK
44.402	>>> V -29.53 41.61
44.405	S 20485936 -27.60 -19.60 -39.85 32.98 TRACK
44.424	>>> V -26.38 42.31
44.425	S 20485956 -28.39 -18.81 -38.47 34.35 TRACK
44.446	>>> V -26.38 42.31
44.447	S 20485976 -29.09 -18.11 -37.10 35.72 TRACK
44.463	>>> V -23.35 42.08
44.467	S 20485996 -29.79 -17.31 -35.72 37.10 TRACK
44.479	>>> V -20.12 41.93
44.479	S 20486016 -30.23 -16.44 -34.35 38.47 TRACK
44.504	>>> V -20.12 41.93
44.507	S 20486036 -30.85 -15.56 -32.98 38.47 TRACK
44.523	>>> V -17.02 41.95
44.523	S 20486056 -31.38 -14.68 -30.23 39.85 TRACK
44.541	>>> V -17.02 41.95
44.543	S 20486076 -31.90 -13.89 -28.85 41.22 TRACK
44.562	>>> V -13.85 41.60
44.563	S 20486096 -32.34 -12.92 -26.11 41.22 TRACK
44.585	>>> V -13.85 41.60
44.586	S 20486116 -32.78 -12.13 -23.36 41.22 TRACK
44.602	>>> V -10.80 40.89
44.604	S 20486136 -33.13 -11.25 -21.98 42.59 TRACK
44.621	>>> V -10.80 40.89
44.622	S 20486156 -33.49 -10.37 -19.24 42.59 TRACK
44.639	>>> V -8.07 40.10
44.643	S 20486176 -33.75 -9.58 -17.86 42.59 TRACK
44.659	>>> V -8.07 40.10
44.662	S 20486196 -34.10 -8.70 -16.49 41.22 TRACK
44.682	>>> V -5.44 39.21
44.683	S 20486216 -34.37 -7.91 -15.11 41.22 TRACK
44.709	>>> V -2.88 37.95
44.709	S 20486236 -34.54 -7.12 -13.74 41.22 TRACK
44.721	>>> V -2.88 37.95
44.723	S 20486256 -34.72 -6.33 -10.99 39.85 TRACK
44.738	>>> V 0.00 36.20
44.739	S 20486276 -34.89 -5.45 -9.62 39.85 TRACK
44.759	>>> V 5.48 30.57
44.759	S 20486296 -34.98 -4.57 -8.24 39.85 TRACK
44.787	>>> V 9.01 26.51
44.788	S 20486316 -35.07 -3.87 -6.87 39.85 TRACK
44.799	>>> V 9.01 26.51
44.799	S 20486336 -35.07 -3.16 -4.12 38.47 TRACK
44.823	>>> V 9.01 26.51
44.824	S 20486356 -34.98 -2.46 -2.75 37.10 TRACK
44.843	>>> V 10.81 24.60
44.845	S 20486376 -34.89 -1.85 0.00 35.72 TRACK
44.859	>>> V 10.81 24.60
44.859	S 20486396 -34.80 -1.23 1.37 32.98 TRACK
44.884	>>> V 12.60 22.57
44.887	S 20486416 -34.54 -0.70 4.12 30.23 TRACK
44.905	>>> V 14.46 20.42
44.906	S 20486436 -34.37 -0.18 6.87 28.85 TRACK
44.920	>>> V 14.46 20.42
44.920	S 20486456 -34.10 0.35 8.24 27.48 TRACK
44.942	>>> V 14.46 20.42
44.942	S 20486476 -33.84 0.88 9.62 26.11 TRACK
44.960	>>> V 16.15 18.43
44.963	S 20486496 -33.66 1.41 9.62 24.73 TRACK
44.980	>>> V 17.53 17.25
44.983	S 20486516 -33.40 1.85 10.99 23.36 TRACK
44.999	>>> V 17.53 17.25
45.001	S 20486536 -33.13 2.29 10.99 21.98 TRACK
45.022	>>> V 18.70 16.33
45.024	S 20486556 -32.78 2.64 12.37 21.98 TRACK
45.039	>>> V 18.70 16.33
45.040	S 20486576 -32.43 2.99 13.74 20.61 TRACK
45.060	>>> V 20.00 15.48
45.061	S 20486596 -32.08 3.43 13.74 19.24 TRACK
45.080	>>> V 20.00 15.48
45.083	S 20486616 -31.73 3.78 15.11 19.24 TRACK
45.100	>>> V 20.00 15.48
45.103	S 20486636 -31.38 4.13 16.49 17.86 TRACK
45.121	>>> V 21.10 14.38
45.121	S 20486656 -31.03 4.39 16.49 17.86 TRACK
45.143	>>> V 23.31 11.84
45.143	S 20486676 -30.59 4.75 17.86 16.49 TRACK
45.159	>>> V 23.31 11.84
45.163	S 20486696 -30.15 5.10 19.24 15.11 TRACK
45.179	>>> V 23.31 11.84
45.180	S 20486716 -29.88 5.36 19.24 15.11 TRACK
45.199	>>> V 24.39 10.90
45.200	S 20486736 -29.44 5.62 19.24 13.74 TRACK
45.221	>>> V 25.14 10.26
45.221	S 20486756 -29.00 5.89 20.61 13.74 TRACK
45.246	>>> V 25.14 10.26
45.246	S 20486776 -28.56 6.15 20.61 13.74 TRACK
45.265	>>> V 25.72 9.54
45.265	S 20486796 -28.12 6.42 20.61 12.37 TRACK
45.281	>>> V 25.72 9.54
45.281	S 20486816 -27.60 6.59 21.98 12.37 TRACK
45.303	>>> V 26.52 8.57
45.304	S 20486836 -27.16 6.77 21.98 10.99 TRACK
45.321	>>> V 26.52 8.57
45.322	S 20486856 -26.63 7.03 21.98 9.62 TRACK
45.346	>>> V 27.32 7.79
45.349	S 20486876 -26.10 7.38 23.36 10.99 TRACK
45.363	>>> V 28.13 6.81
45.365	S 20486896 -25.66 7.56 24.73 12.37 TRACK
45.384	>>> V 28.13 6.81
45.386	S 20486916 -25.14 7.56 24.73 10.99 TRACK
45.400	>>> V 29.20 5.56
45.402	S 20486936 -24.61 7.73 24.73 8.24 TRACK
45.420	>>> V 29.20 5.56
45.420	S 20486956 -24.08 7.91 24.73 5.50 TRACK
45.442	>>> V 29.95 3.56
45.443	S 20486976 -23.47 8.00 24.73 5.50 TRACK
45.459	>>> V 29.95 3.56
45.462	S 20486996 -22.94 8.17 26.11 6.87 TRACK
45.487	>>> V 30.43 0.00
45.489	S 20487016 -22.41 8.26 26.11 6.87 TRACK
45.503	>>> V 30.77 0.00
45.504	S 20487036 -21.80 8.44 27.48 6.87 TRACK
45.522	>>> V 30.77 0.00
45.526	S 20487056 -21.18 8.53 27.48 5.50 TRACK
45.540	>>> V 30.99 0.00
45.540	S 20487076 -20.65 8.53 27.48 5.50 TRACK
45.560	>>> V 30.99 0.00
45.561	S 20487096 -20.13 8.53 27.48 2.75 TRACK
45.580	>>> V 31.17 -3.04
45.582	S 20487116 -19.51 8.53 27.48 1.37 TRACK
45.603	>>> V 31.30 -4.46
45.604	S 20487136 -18.90 8.53 27.48 0.00 TRACK
45.620	>>> V 31.30 -4.46
45.624	S 20487156 -18.37 8.53 27.48 0.00 TRACK
45.642	>>> V 31.22 -5.87
45.642	S 20487176 -17.75 8.53 27.48 0.00 TRACK
45.660	>>> V 31.22 -5.87
45.662	S 20487196 -17.05 8.53 28.85 0.00 TRACK
45.679	>>> V 31.22 -5.87
45.681	S 20487216 -16.44 8.53 30.23 0.00 TRACK
45.703	>>> V 30.88 -7.79
45.704	S 20487236 -15.82 8.44 31.60 0.00 TRACK
45.719	>>> V 30.88 -7.79
45.722	S 20487256 -15.12 8.35 31.60 -1.37 TRACK
45.738	>>> V 30.66 -9.75
45.739	S 20487276 -14.50 8.17 31.60 -2.75 TRACK
45.759	>>> V 30.66 -9.75
45.760	S 20487296 -13.80 8.00 31.60 -5.50 TRACK
45.780	>>> V 30.14 -12.80
45.782	S 20487316 -13.27 7.91 31.60 -6.87 TRACK
45.800	>>> V 30.14 -12.80
45.800	S 20487336 -12.74 7.65 30.23 -6.87 TRACK
45.818	>>> V 30.14 -12.80
45.819	S 20487356 -12.13 7.38 30.23 -8.24 TRACK
45.840	>>> V 30.14 -12.80
45.840	S 20487376 -11.51 7.21 30.23 -8.24 TRACK
45.859	>>> V 28.42 -14.91
45.860	S 20487396 -10.90 7.03 30.23 -9.62 TRACK
45.880	>>> V 28.42 -14.91
45.881	S 20487416 -10.28 6.77 30.23 -9.62 TRACK
45.900	>>> V 28.42 -14.91
45.900	S 20487436 -9.67 6.50 30.23 -10.99 TRACK
45.919	>>> V 27.28 -16.57
45.922	S 20487456 -9.05 6.24 30.23 -10.99 TRACK
45.939	>>> V 27.28 -16.57
45.940	S 20487476 -8.44 5.98 28.85 -12.37 TRACK
45.961	>>> V 26.34 -18.10
45.961	S 20487496 -7.82 5.62 28.85 -13.74 TRACK
45.979	>>> V 26.34 -18.10
45.979	S 20487516 -7.21 5.36 28.85 -13.74 TRACK
46.001	>>> V 25.28 -19.53
46.002	S 20487536 -6.68 5.01 27.48 -13.74 TRACK
46.020	>>> V 25.28 -19.53
46.021	S 20487556 -6.06 4.66 27.48 -15.11 TRACK
46.041	>>> V 23.95 -20.84
46.043	S 20487576 -5.54 4.31 27.48 -15.11 TRACK
46.059	>>> V 23.95 -20.84
46.060	S 20487596 -5.01 3.96 26.11 -16.49 TRACK
46.083	>>> V 22.22 -21.97
46.084	S 20487616 -4.57 3.60 26.11 -16.49 TRACK
46.099	>>> V 22.22 -21.97
46.100	S 20487636 -4.04 3.16 24.73 -17.86 TRACK
46.123	>>> V 19.98 -23.42
46.123	S 20487656 -3.60 2.72 23.36 -17.86 TRACK
46.142	>>> V 19.98 -23.42
46.144	S 20487676 -3.16 2.29 23.36 -19.24 TRACK
46.160	>>> V 17.53 -25.39
46.162	S 20487696 -2.72 1.85 23.36 -19.24 TRACK
46.180	>>> V 12.50 -28.17
46.180	S 20487716 -2.20 1.41 21.98 -20.61 TRACK
46.199	>>> V 12.50 -28.17
46.200	S 20487736 -1.85 0.97 21.98 -20.61 TRACK
46.219	>>> V 12.50 -28.17
46.221	S 20487756 -1.41 0.44 20.61 -21.98 TRACK
46.239	>>> V 9.84 -28.96
46.239	S 20487776 -1.14 -0.09 19.24 -21.98 TRACK
46.260	>>> V 9.84 -28.96
46.261	S 20487796 -0.88 -0.70 17.86 -23.36 TRACK
46.279	>>> V 7.22 -29.97
46.279	S 20487816 -0.53 -1.23 16.49 -24.73 TRACK
46.304	>>> V 4.49 -30.50
46.304	S 20487836 -0.35 -1.76 15.11 -26.11 TRACK
46.322	>>> V 4.49 -30.50
46.323	S 20487856 -0.18 -2.37 12.37 -26.11 TRACK
46.342	>>> V 0.00 -30.60
46.342	S 20487876 0.09 -2.99 10.99 -27.48 TRACK
46.359	>>> V 0.00 -30.60
46.360	S 20487896 0.18 -3.52 9.62 -27.48 TRACK
46.382	>>> V -3.66 -29.18
46.383	S 20487916 0.35 -4.13 8.24 -28.85 TRACK
46.398	>>> V -3.66 -29.18
46.399	S 20487936 0.35 -4.75 6.87 -28.85 TRACK
46.420	>>> V -6.15 -28.91
46.420	S 20487956 0.35 -5.45 4.12 -28.85 TRACK
46.439	>>> V -6.15 -28.91
46.440	S 20487976 0.35 -6.06 1.37 -28.85 TRACK
46.461	>>> V -8.56 -28.42
46.461	S 20487996 0.26 -6.59 0.00 -28.85 TRACK
46.480	>>> V -8.56 -28.42
46.480	S 20488016 0.18 -7.21 0.00 -28.85 TRACK
46.504	>>> V -10.86 -27.98
46.505	S 20488036 0.00 -7.91 -2.75 -28.85 TRACK
46.520	>>> V -13.02 -26.95
46.522	S 20488056 -0.09 -8.53 -4.12 -30.23 TRACK
46.540	>>> V -13.02 -26.95
46.542	S 20488076 -0.26 -9.05 -5.50 -30.23 TRACK
46.560	>>> V -13.02 -26.95
46.560	S 20488096 -0.44 -9.67 -5.50 -30.23 TRACK
46.581	>>> V -15.39 -25.69
46.583	S 20488116 -0.70 -10.20 -6.87 -28.85 TRACK
46.601	>>> V -15.39 -25.69
46.602	S 20488136 -0.88 -10.72 -8.24 -27.48 TRACK
46.621	>>> V -17.74 -24.11
46.622	S 20488156 -1.05 -11.25 -9.62 -26.11 TRACK
46.639	>>> V -17.74 -24.11
46.639	S 20488176 -1.23 -11.78 -9.62 -26.11 TRACK
46.661	>>> V -19.91 -22.35
46.661	S 20488196 -1.49 -12.30 -9.62 -26.11 TRACK
46.684	>>> V -26.82 -15.41
46.685	S 20488216 -1.85 -12.83 -10.99 -26.11 TRACK
46.699	>>> V -30.28 -12.02
46.699	S 20488236 -2.20 -13.36 -13.74 -26.11 TRACK
46.720	>>> V -30.28 -12.02
46.721	S 20488256 -2.55 -13.80 -15.11 -24.73 TRACK
46.739	>>> V -30.28 -12.02
46.739	S 20488276 -3.08 -14.24 -16.49 -23.36 TRACK
46.759	>>> V -31.53 -9.08
46.760	S 20488296 -3.52 -14.59 -19.24 -21.98 TRACK
46.780	>>> V -32.47 -4.61
46.781	S 20488316 -4.04 -14.85 -21.98 -19.24 TRACK
46.798	>>> V -33.82 0.00
46.799	S 20488336 -4.57 -15.21 -23.36 -17.86 TRACK
46.820	>>> V -33.82 0.00
46.821	S 20488356 -5.10 -15.38 -24.73 -15.11 TRACK
46.839	>>> V -33.82 0.00
46.840	S 20488376 -5.80 -15.56 -26.11 -13.74 TRACK
46.861	>>> V -35.17 0.00
46.862	S 20488396 -6.50 -15.56 -27.48 -9.62 TRACK
46.880	>>> V -35.17 0.00
46.881	S 20488416 -7.21 -15.56 -30.23 -5.50 TRACK
46.899	>>> V -35.17 0.00
46.900	S 20488436 -7.91 -15.56 -31.60 -2.75 TRACK
46.922	>>> V -36.84 8.06
46.923	S 20488456 -8.61 -15.64 -32.98 0.00 TRACK
46.939	>>> V -36.84 8.06
46.940	S 20488476 -9.40 -15.56 -34.35 0.00 TRACK
46.959	>>> V -37.26 10.05
46.960	S 20488496 -10.11 -15.64 -34.35 0.00 TRACK
46.979	>>> V -37.26 10.05
46.983	S 20488516 -10.81 -15.56 -34.35 0.00 TRACK
46.999	>>> V -37.44 11.20
47.000	S 20488536 -11.51 -15.47 -34.35 0.00 TRACK
47.023	>>> V -37.69 11.38
47.024	S 20488556 -12.22 -15.38 -34.35 1.37 TRACK
47.041	>>> V -37.69 11.38
47.041	S 20488576 -13.01 -15.21 -34.35 4.12 TRACK
47.060	>>> V -37.69 11.38
47.063	S 20488596 -13.62 -15.03 -34.35 5.50 TRACK
47.079	>>> V -37.51 12.53
47.081	S 20488616 -14.41 -14.77 -35.72 6.87 TRACK
47.101	>>> V -37.51 12.53
47.101	S 20488636 -15.21 -14.59 -35.72 8.24 TRACK
47.125	>>> V -37.16 14.28
47.128	S 20488656 -15.91 -14.33 -37.10 9.62 TRACK
47.141	>>> V -36.50 16.01
47.141	S 20488676 -16.61 -14.06 -37.10 9.62 TRACK
47.160	>>> V -35.75 17.81
47.161	S 20488696 -17.40 -13.89 -37.10 10.99 TRACK
47.179	>>> V -35.75 17.81
47.180	S 20488716 -18.11 -13.54 -37.10 10.99 TRACK
47.199	>>> V -35.75 17.81
47.200	S 20488736 -18.90 -13.27 -37.10 12.37 TRACK
47.222	>>> V -34.47 20.19
47.222	S 20488756 -19.60 -12.92 -35.72 12.37 TRACK
47.239	>>> V -34.47 20.19
47.242	S 20488776 -20.30 -12.66 -35.72 13.74 TRACK
47.264	>>> V -33.14 22.32
47.265	S 20488796 -21.01 -12.30 -35.72 15.11 TRACK
47.279	>>> V -33.14 22.32
47.279	S 20488816 -21.71 -11.87 -35.72 15.11 TRACK
47.304	>>> V -31.83 24.62
47.304	S 20488836 -22.41 -11.51 -34.35 16.49 TRACK
47.321	>>> V -30.20 27.01
47.321	S 20488856 -23.12 -11.16 -34.35 17.86 TRACK
47.340	>>> V -30.20 27.01
47.341	S 20488876 -23.73 -10.72 -34.35 17.86 TRACK
47.361	>>> V -28.21 28.67
47.363	S 20488896 -24.43 -10.28 -34.35 19.24 TRACK
47.385	>>> V -28.21 28.67
47.385	S 20488916 -25.05 -9.76 -32.98 20.61 TRACK
47.399	>>> V -26.01 29.88
47.400	S 20488936 -25.66 -9.23 -31.60 21.98 TRACK
47.419	>>> V -26.01 29.88
47.422	S 20488956 -26.28 -8.70 -31.60 23.36 TRACK
47.441	>>> V -23.57 31.24
47.442	S 20488976 -26.89 -8.09 -30.23 24.73 TRACK
47.459	>>> V -23.57 31.24
47.462	S 20488996 -27.42 -7.56 -28.85 26.11 TRACK
47.487	>>> V -21.06 32.00
47.490	S 20489016 -27.95 -6.94 -28.85 27.48 TRACK
47.499	>>> V -21.06 32.00
47.502	S 20489036 -28.39 -6.33 -27.48 28.85 TRACK
47.525	>>> V -18.28 32.55
47.528	S 20489056 -28.92 -5.80 -26.11 28.85 TRACK
47.540	>>> V -15.31 32.98
47.540	S 20489076 -29.44 -5.10 -24.73 28.85 TRACK
47.563	>>> V -15.31 32.98
47.565	S 20489096 -29.88 -4.39 -23.36 30.23 TRACK
47.583	>>> V -12.20 32.98
47.583	S 20489116 -30.15 -3.78 -21.98 30.23 TRACK
47.600	>>> V -12.20 32.98
47.603	S 20489136 -30.59 -3.08 -21.98 30.23 TRACK
47.619	>>> V -9.10 32.31
47.623	S 20489157 -30.94 -2.46 -20.61 31.60 TRACK
47.643	>>> V -5.70 31.57
47.644	S 20489177 -31.29 -1.76 -19.24 31.60 TRACK
47.659	>>> V -5.70 31.57
47.659	S 20489197 -31.55 -1.14 -16.49 31.60 TRACK
47.681	>>> V -5.70 31.57
47.681	S 20489217 -31.82 -0.44 -15.11 31.60 TRACK
47.703	>>> V -2.36 30.76
47.707	S 20489237 -31.90 0.18 -12.37 31.60 TRACK
47.723	>>> V 0.00 29.69
47.724	S 20489257 -32.08 0.88 -10.99 31.60 TRACK
47.747	>>> V 0.00 29.69
47.748	S 20489277 -32.17 1.49 -9.62 31.60 TRACK
47.760	>>> V 4.53 28.39
47.760	S 20489297 -32.26 2.20 -6.87 31.60 TRACK
47.780	>>> V 4.53 28.39
47.781	S 20489317 -32.34 2.81 -5.50 31.60 TRACK
47.799	>>> V 7.93 27.25
47.800	S 20489337 -32.34 3.34 -4.12 30.23 TRACK
47.820	>>> V 10.96 25.92
47.821	S 20489357 -32.34 3.96 -1.37 30.23 TRACK
47.839	>>> V 10.96 25.92
47.840	S 20489377 -32.26 4.57 0.00 30.23 TRACK
47.862	>>> V 10.96 25.92
47.862	S 20489397 -32.08 5.10 1.37 28.85 TRACK
47.880	>>> V 14.09 24.41
47.881	S 20489417 -31.90 5.71 2.75 28.85 TRACK
47.899	>>> V 14.09 24.41
47.903	S 20489437 -31.73 6.24 5.50 27.48 TRACK
47.923	>>> V 17.09 23.01
47.926	S 20489457 -31.46 6.77 8.24 27.48 TRACK
47.940	>>> V 20.01 21.77
47.940	S 20489477 -31.29 7.29 9.62 26.11 TRACK
47.959	>>> V 20.01 21.77
47.959	S 20489497 -31.03 7.82 10.99 26.11 TRACK
47.979	>>> V 22.84 20.20
47.979	S 20489517 -30.67 8.26 12.37 24.73 TRACK
47.999	>>> V 22.84 20.20
48.000	S 20489537 -30.32 8.79 12.37 24.73 TRACK
48.020	>>> V 25.68 18.63
48.020	S 20489557 -30.06 9.14 13.74 23.36 TRACK
48.044	>>> V 25.68 18.63
48.045	S 20489577 -29.71 9.67 16.49 23.36 TRACK
48.061	>>> V 25.68 18.63
48.062	S 20489597 -29.18 10.20 17.86 21.98 TRACK
48.081	>>> V 28.16 16.83
48.082	S 20489617 -28.74 10.72 19.24 24.73 TRACK
48.099	>>> V 29.99 14.61
48.102	S 20489637 -28.21 11.16 20.61 24.73 TRACK
48.120	>>> V 29.99 14.61
48.120	S 20489657 -27.77 11.25 21.98 21.98 TRACK
48.138	>>> V 34.87 7.17
48.139	S 20489677 -27.25 11.51 23.36 16.49 TRACK
48.158	>>> V 38.11 -5.05
48.159	S 20489697 -26.72 11.87 24.73 13.74 TRACK
48.179	>>> V 38.11 -5.05
48.180	S 20489717 -26.10 12.30 26.11 13.74 TRACK
48.198	>>> V 38.11 -5.05
48.199	S 20489737 -25.49 12.57 27.48 16.49 TRACK
48.222	>>> V 38.93 -7.16
48.223	S 20489757 -24.79 12.74 28.85 15.11 TRACK
48.239	>>> V 38.93 -7.16
48.239	S 20489777 -24.08 12.66 31.60 12.37 TRACK
48.263	>>> V 38.93 -7.16
48.264	S 20489797 -23.29 12.57 32.98 5.50 TRACK
48.280	>>> V 39.67 -9.61
48.281	S 20489817 -22.59 12.48 34.35 0.00 TRACK
48.298	>>> V 40.07 -12.55
48.299	S 20489837 -21.80 12.30 35.72 -2.75 TRACK
48.318	>>> V 40.07 -12.55
48.319	S 20489857 -21.09 12.13 37.10 -5.50 TRACK
48.339	>>> V 40.17 -14.86
48.339	S 20489877 -20.30 11.87 37.10 -6.87 TRACK
48.360	>>> V 40.17 -14.86
48.360	S 20489897 -19.51 11.69 37.10 -8.24 TRACK
48.379	>>> V 39.97 -15.99
48.380	S 20489917 -18.72 11.51 37.10 -8.24 TRACK
48.403	>>> V 39.97 -15.99
48.403	S 20489937 -18.02 11.25 37.10 -9.62 TRACK
48.419	>>> V 39.38 -17.39
48.419	S 20489957 -17.23 10.90 37.10 -10.99 TRACK
48.440	>>> V 39.38 -17.39
48.440	S 20489977 -16.52 10.55 37.10 -12.37 TRACK
48.459	>>> V 39.38 -17.39
48.461	S 20489997 -15.73 10.28 37.10 -13.74 TRACK
48.479	>>> V 38.59 -18.61
48.479	S 20490017 -14.85 9.93 37.10 -15.11 TRACK
48.498	>>> V 37.67 -19.90
48.499	S 20490037 -14.06 9.58 38.47 -15.11 TRACK
48.521	>>> V 36.50 -20.46
48.527	S 20490057 -13.27 9.23 39.85 -15.11 TRACK
48.543	>>> V 35.12 -20.96
48.543	S 20490077 -12.57 8.88 39.85 -16.49 TRACK
48.560	>>> V 33.49 -21.46
48.560	S 20490097 -11.78 8.53 39.85 -17.86 TRACK
48.580	>>> V 33.49 -21.46
48.580	S 20490117 -10.99 8.17 39.85 -17.86 TRACK
48.603	>>> V 31.21 -22.10
48.604	S 20490137 -10.28 7.73 37.10 -17.86 TRACK
48.619	>>> V 31.21 -22.10
48.619	S 20490157 -9.67 7.29 37.10 -19.24 TRACK
48.641	>>> V 28.57 -22.92
48.642	S 20490177 -8.79 6.86 35.72 -19.24 TRACK
48.659	>>> V 28.57 -22.92
48.659	S 20490197 -8.17 6.42 34.35 -20.61 TRACK
48.684	>>> V 25.83 -23.87
48.685	S 20490217 -7.47 5.98 32.98 -20.61 TRACK
48.699	>>> V 25.83 -23.87
48.702	S 20490237 -6.86 5.54 32.98 -20.61 TRACK
48.722	>>> V 22.96 -24.72
48.724	S 20490257 -6.33 5.10 31.60 -20.61 TRACK
48.739	>>> V 22.96 -24.72
48.739	S 20490277 -5.62 4.66 30.23 -21.98 TRACK
48.763	>>> V 19.83 -25.48
48.764	S 20490297 -5.10 4.22 28.85 -21.98 TRACK
48.779	>>> V 19.83 -25.48
48.779	S 20490317 -4.57 3.69 27.48 -21.98 TRACK
48.800	>>> V 16.57 -26.04
48.804	S 20490337 -4.04 3.16 26.11 -21.98 TRACK
48.819	>>> V 16.57 -26.04
48.820	S 20490357 -3.60 2.64 24.73 -23.36 TRACK
48.844	>>> V 13.09 -26.61
48.846	S 20490377 -3.16 2.11 23.36 -23.36 TRACK
48.859	>>> V 9.54 -27.16
48.859	S 20490397 -2.81 1.67 21.98 -24.73 TRACK
48.880	>>> V 9.54 -27.16
48.880	S 20490417 -2.46 1.14 20.61 -24.73 TRACK
48.899	>>> V 9.54 -27.16
48.899	S 20490437 -2.11 0.44 19.24 -26.11 TRACK
48.920	>>> V 6.06 -27.73
48.920	S 20490457 -1.85 0.00 16.49 -26.11 TRACK
48.939	>>> V 6.06 -27.73
48.939	S 20490477 -1.67 -0.62 15.11 -26.11 TRACK
48.965	>>> V 2.65 -28.50
48.965	S 20490497 -1.41 -1.05 13.74 -26.11 TRACK
48.979	>>> V 2.65 -28.50
48.980	S 20490517 -1.32 -1.67 10.99 -26.11 TRACK
49.004	>>> V 0.00 -29.02
49.005	S 20490537 -1.14 -2.20 9.62 -26.11 TRACK
49.022	>>> V 0.00 -29.02
49.023	S 20490557 -1.05 -2.81 6.87 -26.11 TRACK
49.040	>>> V -4.28 -29.06
49.040	S 20490577 -0.97 -3.34 5.50 -27.48 TRACK
49.059	>>> V -4.28 -29.06
49.059	S 20490597 -0.88 -3.96 4.12 -27.48 TRACK
49.080	>>> V -7.74 -28.14
49.080	S 20490617 -0.97 -4.48 2.75 -27.48 TRACK
49.099	>>> V -11.06 -27.77
49.099	S 20490637 -0.97 -5.19 0.00 -27.48 TRACK
49.124	>>> V -11.06 -27.77
49.124	S 20490657 -1.05 -5.80 0.00 -28.85 TRACK
49.142	>>> V -11.06 -27.77
49.142	S 20490677 -1.23 -6.33 -1.37 -28.85 TRACK
49.160	>>> V -11.06 -27.77
49.160	S 20490697 -1.41 -6.94 -4.12 -28.85 TRACK
49.179	>>> V -14.17 -27.69
49.179	S 20490717 -1.58 -7.47 -5.50 -27.48 TRACK
49.199	>>> V -14.17 -27.69
49.200	S 20490737 -1.85 -8.00 -8.24 -27.48 TRACK
49.219	>>> V -17.09 -27.06
49.219	S 20490757 -2.02 -8.61 -8.24 -27.48 TRACK
49.240	>>> V -17.09 -27.06
49.243	S 20490777 -2.11 -9.23 -8.24 -27.48 TRACK
49.259	>>> V -17.09 -27.06
49.264	S 20490797 -2.37 -9.76 -8.24 -27.48 TRACK
49.281	>>> V -22.60 -25.01
49.281	S 20490817 -2.72 -10.28 -9.62 -27.48 TRACK
49.299	>>> V -22.60 -25.01
49.301	S 20490837 -3.08 -10.81 -12.37 -27.48 TRACK
49.319	>>> V -25.33 -23.60
49.319	S 20490857 -3.43 -11.34 -15.11 -26.11 TRACK
49.339	>>> V -31.95 -18.18
49.339	S 20490877 -3.78 -11.87 -16.49 -26.11 TRACK
49.360	>>> V -31.95 -18.18
49.360	S 20490897 -4.22 -12.39 -17.86 -26.11 TRACK
49.384	>>> V -33.66 -14.62
49.385	S 20490917 -4.66 -12.83 -19.24 -24.73 TRACK
49.403	>>> V -33.66 -14.62
49.403	S 20490937 -5.19 -13.27 -20.61 -24.73 TRACK
49.423	>>> V -33.66 -14.62
49.425	S 20490957 -5.80 -13.62 -21.98 -23.36 TRACK
49.442	>>> V -35.64 -11.98
49.442	S 20490977 -6.42 -13.97 -24.73 -20.61 TRACK
49.459	>>> V -35.64 -11.98
49.459	S 20490997 -7.12 -14.41 -27.48 -19.24 TRACK
49.479	>>> V -37.20 -9.44
49.481	S 20491017 -7.73 -14.68 -30.23 -17.86 TRACK
49.502	>>> V -38.39 -5.94
49.503	S 20491037 -8.44 -15.03 -31.60 -16.49 TRACK
49.521	>>> V -38.39 -5.94
49.522	S 20491057 -9.23 -15.21 -31.60 -15.11 TRACK
49.542	>>> V -39.53 0.00
49.542	S 20491077 -9.93 -15.47 -32.98 -13.74 TRACK
49.568	>>> V -39.53 0.00
49.569	S 20491097 -10.63 -15.64 -34.35 -12.37 TRACK
49.583	>>> V -40.15 0.00
49.586	S 20491117 -11.43 -15.82 -34.35 -10.99 TRACK
49.600	>>> V -40.36 6.17
49.602	S 20491137 -12.13 -15.91 -35.72 -8.24 TRACK
49.619	>>> V -40.36 6.17
49.621	S 20491157 -12.92 -15.91 -35.72 -6.87 TRACK
49.639	>>> V -40.02 9.64
49.640	S 20491177 -13.62 -15.82 -37.10 -4.12 TRACK
49.662	>>> V -40.02 9.64
49.666	S 20491197 -14.41 -15.82 -37.10 -1.37 TRACK
49.686	>>> V -39.23 12.34
49.687	S 20491217 -15.21 -15.73 -38.47 0.00 TRACK
49.699	>>> V -39.23 12.34
49.700	S 20491237 -16.00 -15.64 -38.47 1.37 TRACK
49.724	>>> V -39.23 12.34
49.726	S 20491257 -16.79 -15.47 -38.47 4.12 TRACK
49.739	>>> V -39.23 12.34
49.744	S 20491277 -17.58 -15.29 -38.47 5.50 TRACK
49.763	>>> V -38.25 14.48
49.766	S 20491297 -18.37 -15.03 -38.47 6.87 TRACK
49.779	>>> V -37.22 17.22
49.785	S 20491317 -19.16 -14.85 -38.47 8.24 TRACK
49.800	>>> V -34.51 21.68
49.804	S 20491337 -19.95 -14.59 -38.47 9.62 TRACK
49.819	>>> V -32.72 24.08
49.820	S 20491357 -20.74 -14.33 -38.47 10.99 TRACK
49.840	>>> V -29.08 29.29
49.842	S 20491377 -21.45 -13.97 -38.47 12.37 TRACK
49.868	>>> V -27.06 31.30
49.871	S 20491397 -22.24 -13.62 -37.10 13.74 TRACK
49.883	>>> V -27.06 31.30
49.885	S 20491417 -22.94 -13.18 -37.10 16.49 TRACK
49.899	>>> V -27.06 31.30
49.900	S 20491437 -23.55 -12.66 -35.72 19.24 TRACK
49.919	>>> V -24.82 33.22
49.922	S 20491457 -24.17 -12.13 -34.35 20.61 TRACK
49.940	>>> V -24.82 33.22
49.946	S 20491477 -24.79 -11.60 -31.60 23.36 TRACK
49.961	>>> V -22.66 34.73
49.964	S 20491497 -25.31 -10.99 -30.23 26.11 TRACK
49.981	>>> V -20.35 36.33
49.982	S 20491517 -25.84 -10.28 -28.85 27.48 TRACK
50.003	>>> V -20.35 36.33
50.004	S 20491537 -26.37 -9.67 -27.48 28.85 TRACK
50.022	>>> V -20.35 36.33
50.024	S 20491557 -26.89 -9.05 -26.11 30.23 TRACK
50.040	>>> V -18.01 37.36
50.042	S 20491577 -27.33 -8.35 -24.73 31.60 TRACK
50.059	>>> V -18.01 37.36
50.059	S 20491597 -27.77 -7.65 -23.36 32.98 TRACK
50.080	>>> V -15.69 38.00
50.082	S 20491617 -28.21 -6.94 -21.98 32.98 TRACK
50.103	>>> V -13.19 38.38
50.103	S 20491637 -28.56 -6.15 -20.61 34.35 TRACK
50.124	>>> V -10.69 39.18
50.126	S 20491657 -28.92 -5.45 -19.24 34.35 TRACK
50.140	>>> V -10.69 39.18
50.141	S 20491677 -29.27 -4.57 -19.24 35.72 TRACK
50.160	>>> V -8.00 39.31
50.161	S 20491697 -29.62 -3.87 -17.86 35.72 TRACK
50.181	>>> V -8.00 39.31
50.182	S 20491717 -29.88 -3.08 -16.49 37.10 TRACK
50.208	>>> V -8.00 39.31
50.210	S 20491737 -30.06 -2.29 -15.11 37.10 TRACK
50.229	>>> V -5.20 38.70
50.229	S 20491757 -30.23 -1.49 -13.74 37.10 TRACK
50.245	>>> V -5.20 38.70
50.245	S 20491777 -30.50 -0.79 -12.37 37.10 TRACK
50.259	>>> V -2.14 37.90
50.262	S 20491797 -30.67 0.09 -10.99 38.47 TRACK
50.287	>>> V -2.14 37.90
50.287	S 20491817 -30.85 0.97 -9.62 38.47 TRACK
50.299	>>> V 0.00 36.91
50.300	S 20491837 -30.94 1.67 -8.24 38.47 TRACK
50.321	>>> V 4.01 35.76
50.321	S 20491857 -31.03 2.46 -6.87 38.47 TRACK
50.343	>>> V 4.01 35.76
50.344	S 20491877 -31.11 3.25 -5.50 38.47 TRACK
50.360	>>> V 4.01 35.76
50.360	S 20491897 -31.11 3.96 -4.12 38.47 TRACK
50.380	>>> V 6.93 34.30
50.380	S 20491917 -31.11 4.75 -1.37 37.10 TRACK
50.402	>>> V 9.47 32.29
50.403	S 20491937 -30.94 5.45 0.00 37.10 TRACK
50.421	>>> V 9.47 32.29
50.421	S 20491957 -30.85 6.15 1.37 35.72 TRACK
50.443	>>> V 11.85 29.57
50.444	S 20491977 -30.67 6.86 4.12 35.72 TRACK
50.459	>>> V 11.85 29.57
50.459	S 20491997 -30.59 7.56 5.50 34.35 TRACK
50.480	>>> V 13.68 26.21
50.481	S 20492017 -30.41 8.26 5.50 34.35 TRACK
50.499	>>> V 13.68 26.21
50.499	S 20492037 -30.15 8.88 6.87 34.35 TRACK
50.523	>>> V 14.96 22.60
50.527	S 20492057 -30.06 9.58 8.24 32.98 TRACK
50.540	>>> V 14.96 22.60
50.541	S 20492077 -29.79 10.11 9.62 31.60 TRACK
50.559	>>> V 14.96 22.60
50.563	S 20492097 -29.53 10.72 10.99 30.23 TRACK
50.585	>>> V 15.66 18.57
50.590	S 20492117 -29.27 11.51 10.99 30.23 TRACK
50.600	>>> V 15.66 18.57
50.602	S 20492137 -28.92 11.95 12.37 30.23 TRACK
50.626	>>> V 15.56 13.75
50.628	S 20492157 -28.74 12.39 12.37 28.85 TRACK
50.641	>>> V 14.55 7.62
50.642	S 20492177 -28.39 12.66 13.74 26.11 TRACK
50.660	>>> V 14.55 7.62
50.661	S 20492197 -28.12 12.92 13.74 19.24 TRACK
50.681	>>> V 12.72 0.00
50.682	S 20492217 -27.77 13.36 13.74 16.49 TRACK
50.702	>>> V 10.35 -11.12
50.703	S 20492237 -27.51 13.80 13.74 16.49 TRACK
50.727	>>> V 10.35 -11.12
50.728	S 20492257 -27.25 13.97 13.74 17.86 TRACK
50.740	>>> V 10.35 -11.12
50.741	S 20492277 -26.98 14.06 13.74 16.49 TRACK
50.760	>>> V 7.79 -22.83
50.761	S 20492297 -26.72 13.97 13.74 10.99 TRACK
50.780	>>> V 7.79 -22.83
50.780	S 20492317 -26.54 13.80 12.37 2.75 TRACK
50.799	>>> V 3.56 -48.50
50.799	S 20492337 -26.28 13.54 10.99 -1.37 TRACK
50.821	>>> V 3.56 -48.50
50.821	S 20492357 -26.10 13.27 10.99 -6.87 TRACK
50.839	>>> V 3.56 -48.50
50.839	S 20492377 -25.93 12.92 9.62 -10.99 TRACK
50.861	>>> V 3.56 -48.50
50.862	S 20492397 -25.75 12.30 9.62 -15.11 TRACK
50.879	>>> V 0.00 0.00
50.880	S 20492417 -25.66 11.69 6.87 -20.61 TRACK
50.900	>>> V 0.00 0.00
50.901	S 20492437 -25.58 10.90 5.50 -26.11 TRACK
50.919	>>> V 0.00 0.00
50.920	S 20492457 -25.49 10.02 4.12 -31.60 TRACK
50.940	>>> V 0.00 0.00
50.941	S 20492477 -25.49 9.23 2.75 -37.10 TRACK
50.958	>>> V 0.00 0.00
50.959	S 20492497 -25.58 8.53 1.37 -38.47 TRACK
50.981	>>> V 0.00 0.00
50.982	S 20492517 -25.49 8.09 0.00 -35.72 TRACK
51.005	>>> V 0.00 0.00
51.006	S 20492537 -25.58 7.82 0.00 -30.23 TRACK
51.019	>>> V 0.00 0.00
51.022	S 20492557 -25.58 7.56 0.00 -23.36 TRACK
51.039	>>> V 0.00 0.00
51.039	S 20492577 -25.58 7.47 0.00 -16.49 TRACK
51.060	>>> V 0.00 0.00
51.060	S 20492597 -25.49 7.38 0.00 -10.99 TRACK
51.079	>>> V 0.00 0.00
51.080	S 20492617 -25.58 7.38 0.00 -6.87 TRACK
51.099	>>> V 0.00 0.00
51.101	S 20492637 -25.58 7.38 0.00 -2.75 TRACK
51.119	>>> V 0.00 0.00
51.120	S 20492657 -25.49 7.38 0.00 -1.37 TRACK
51.139	>>> V 0.00 0.00
51.139	S 20492677 -25.58 7.38 0.00 0.00 TRACK
51.159	>>> V 0.00 0.00
51.160	S 20492697 -25.49 7.47 0.00 0.00 TRACK
51.178	>>> V 0.00 0.00
51.179	S 20492717 -25.49 7.38 0.00 0.00 TRACK
51.199	>>> V 0.00 0.00
51.199	S 20492737 -25.58 7.47 0.00 0.00 TRACK
51.218	>>> V 0.00 0.00
51.219	S 20492757 -25.49 7.38 0.00 0.00 TRACK
51.240	>>> V 0.00 0.00
51.241	S 20492777 -25.49 7.38 0.00 0.00 TRACK
51.259	>>> V 0.00 0.00
51.260	S 20492797 -25.49 7.38 0.00 0.00 TRACK
51.280	>>> V 0.00 0.00
51.281	S 20492817 -25.58 7.47 0.00 0.00 TRACK
51.298	>>> V 0.00 0.00
51.300	S 20492837 -25.49 7.38 0.00 0.00 TRACK
51.324	>>> V 0.00 0.00
51.325	S 20492857 -25.58 7.38 0.00 0.00 TRACK
51.339	>>> V 0.00 0.00
51.340	S 20492877 -25.49 7.38 0.00 0.00 TRACK
51.362	>>> V 0.00 0.00
51.365	S 20492897 -25.58 7.47 0.00 0.00 TRACK
51.379	>>> V 0.00 0.00
51.379	S 20492917 -25.49 7.38 0.00 0.00 TRACK
51.400	>>> V 0.00 0.00
51.402	S 20492937 -25.49 7.47 0.00 0.00 TRACK
51.419	>>> V -54.04 0.00
51.420	S 20492957 -25.49 7.38 0.00 0.00 TRACK
51.442	>>> V -53.97 0.00
51.443	S 20492977 -25.58 7.38 0.00 0.00 TRACK
51.462	>>> V -53.97 0.00
51.464	S 20492997 -25.58 7.38 0.00 0.00 TRACK
51.480	>>> V -53.97 0.00
51.482	S 20493017 -25.75 7.47 0.00 0.00 TRACK
51.500	>>> V 0.00 0.00
51.501	S 20493037 -26.02 7.47 -2.75 0.00 TRACK
51.522	>>> V 0.00 0.00
51.524	S 20493057 -26.54 7.38 -8.24 0.00 TRACK
51.545	>>> V 0.00 0.00
51.546	S 20493077 -27.16 7.38 -15.11 0.00 TRACK
51.563	>>> V 0.00 0.00
51.564	S 20493097 -27.77 7.38 -23.36 0.00 TRACK
51.586	>>> V 0.00 0.00
51.586	S 20493117 -28.39 7.47 -27.48 0.00 TRACK
51.603	>>> V -54.03 0.00
51.603	S 20493137 -28.83 7.47 -28.85 0.00 TRACK
51.626	>>> V -54.03 0.00
51.627	S 20493157 -29.18 7.47 -26.11 0.00 TRACK
51.640	>>> V -54.03 0.00
51.642	S 20493177 -29.44 7.47 -21.98 0.00 TRACK
51.661	>>> V 0.00 0.00
51.665	S 20493197 -29.62 7.38 -16.49 0.00 TRACK
51.683	>>> V 0.00 0.00
51.687	S 20493217 -29.88 7.38 -12.37 0.00 TRACK
51.699	>>> V 0.00 0.00
51.702	S 20493237 -30.15 7.38 -12.37 0.00 TRACK
51.720	>>> V 0.00 0.00
51.720	S 20493257 -30.50 7.38 -13.74 0.00 TRACK
51.739	>>> V 0.00 0.00
51.741	S 20493277 -30.76 7.38 -15.11 0.00 TRACK
51.763	>>> V 0.00 0.00
51.764	S 20493297 -30.94 7.47 -15.11 0.00 TRACK
51.779	>>> V 0.00 0.00
51.781	S 20493317 -31.03 7.47 -12.37 0.00 TRACK
51.805	>>> V 0.00 0.00
51.807	S 20493337 -31.03 7.47 -8.24 0.00 TRACK
51.824	>>> V 0.00 0.00
51.824	S 20493357 -31.03 7.38 -4.12 0.00 TRACK
51.842	>>> V 0.00 0.00
51.843	S 20493377 -31.11 7.38 -1.37 0.00 TRACK
51.864	>>> V 0.00 0.00
51.864	S 20493397 -31.03 7.38 0.00 0.00 TRACK
51.879	>>> V 0.00 0.00
51.880	S 20493417 -31.03 7.38 0.00 0.00 TRACK
51.903	>>> V 0.00 0.00
51.904	S 20493437 -30.94 7.47 0.00 0.00 TRACK
51.920	>>> V 0.00 0.00
51.921	S 20493457 -31.03 7.38 0.00 0.00 TRACK
51.944	>>> V 0.00 0.00
51.945	S 20493477 -31.03 7.38 0.00 0.00 TRACK
51.963	>>> V 0.00 0.00
51.964	S 20493497 -31.03 7.47 0.00 0.00 TRACK
51.983	>>> V 0.00 0.00
51.985	S 20493517 -30.94 7.38 0.00 0.00 TRACK
51.999	>>> V 0.00 0.00
51.999	S 20493537 -30.94 7.38 0.00 0.00 TRACK
52.019	>>> V 0.00 0.00
52.020	S 20493557 -30.94 7.47 0.00 0.00 TRACK
52.042	>>> V 0.00 0.00
52.042	S 20493577 -31.03 7.47 0.00 0.00 TRACK
52.064	>>> V 0.00 0.00
52.065	S 20493597 -31.03 7.47 0.00 0.00 TRACK
52.081	>>> V 0.00 0.00
52.085	S 20493617 -30.94 7.38 0.00 0.00 TRACK
52.100	>>> V 0.00 0.00
52.102	S 20493637 -31.03 7.47 0.00 0.00 TRACK
52.121	>>> V 0.00 0.00
52.122	S 20493657 -30.94 7.38 0.00 0.00 TRACK
52.139	>>> V 0.00 0.00
52.142	S 20493677 -30.94 7.47 0.00 0.00 TRACK
52.166	>>> V 0.00 0.00
52.167	S 20493697 -30.94 7.47 0.00 0.00 TRACK
52.179	>>> V 0.00 0.00
52.180	S 20493717 -30.94 7.47 0.00 0.00 TRACK
52.201	>>> V 0.00 0.00
52.201	S 20493737 -30.94 7.47 0.00 0.00 TRACK
52.222	>>> V 0.00 0.00
52.225	S 20493757 -30.94 7.47 0.00 0.00 TRACK
52.239	>>> V 8.60 -23.06
52.240	S 20493777 -30.94 7.47 0.00 0.00 TRACK
52.262	>>> V 8.38 -30.25
52.262	S 20493797 -30.94 7.47 0.00 0.00 TRACK
52.280	>>> V 8.38 -30.25
52.281	S 20493817 -30.94 7.38 0.00 0.00 TRACK
52.299	>>> V 8.37 -37.19
52.299	S 20493837 -30.85 7.29 0.00 0.00 TRACK
52.319	>>> V 8.53 -44.07
52.319	S 20493857 -30.76 6.94 1.37 -2.75 TRACK
52.339	>>> V 8.53 -44.07
52.339	S 20493877 -30.59 6.50 2.75 -8.24 TRACK
52.362	>>> V 8.68 -47.41
52.363	S 20493897 -30.41 5.89 5.50 -15.11 TRACK
52.379	>>> V 8.68 -47.41
52.379	S 20493917 -30.23 5.19 5.50 -21.98 TRACK
52.402	>>> V 8.12 -49.75
52.404	S 20493937 -30.06 4.48 6.87 -27.48 TRACK
52.420	>>> V 8.12 -49.75
52.420	S 20493957 -30.06 3.60 6.87 -32.98 TRACK
52.439	>>> V 6.89 -50.81
52.441	S 20493977 -29.88 2.72 8.24 -37.10 TRACK
52.459	>>> V 6.89 -50.81
52.461	S 20493997 -29.71 1.76 8.24 -41.22 TRACK
52.479	>>> V 5.50 -50.66
52.480	S 20494017 -29.53 0.70 8.24 -43.97 TRACK
52.498	>>> V 5.50 -50.66
52.499	S 20494037 -29.44 -0.26 6.87 -45.34 TRACK
52.519	>>> V 4.34 -49.36
52.520	S 20494057 -29.27 -1.23 6.87 -46.72 TRACK
52.539	>>> V 4.34 -49.36
52.540	S 20494077 -29.18 -2.20 5.50 -48.09 TRACK
52.558	>>> V 0.00 -42.84
52.559	S 20494097 -29.00 -3.34 5.50 -49.46 TRACK
52.581	>>> V 0.00 -42.84
52.581	S 20494117 -28.92 -4.31 5.50 -49.46 TRACK
52.600	>>> V 0.00 -33.28
52.600	S 20494137 -28.83 -5.36 5.50 -49.46 TRACK
52.622	>>> V 0.00 -33.28
52.622	S 20494157 -28.92 -6.33 4.12 -49.46 TRACK
52.639	>>> V -2.04 -20.06
52.639	S 20494177 -28.83 -7.21 1.37 -48.09 TRACK
52.659	>>> V -2.04 -20.06
52.659	S 20494197 -28.83 -8.00 0.00 -45.34 TRACK
52.679	>>> V -2.04 -20.06
52.682	S 20494217 -28.83 -8.79 0.00 -42.59 TRACK
52.699	>>> V -3.79 -5.17
52.699	S 20494237 -28.83 -9.49 0.00 -39.85 TRACK
52.720	>>> V -5.67 6.57
52.720	S 20494257 -28.83 -10.02 0.00 -35.72 TRACK
52.741	>>> V -5.67 6.57
52.742	S 20494277 -28.92 -10.46 0.00 -31.60 TRACK
52.758	>>> V -5.67 6.57
52.759	S 20494297 -29.00 -10.72 0.00 -26.11 TRACK
52.781	>>> V -8.37 26.49
52.782	S 20494317 -29.09 -10.90 -1.37 -20.61 TRACK
52.801	>>> V -8.37 26.49
52.801	S 20494337 -29.18 -10.90 -4.12 -13.74 TRACK
52.826	>>> V -8.75 32.48
52.826	S 20494357 -29.36 -10.90 -4.12 -8.24 TRACK
52.842	>>> V -8.75 32.48
52.843	S 20494377 -29.44 -10.63 -4.12 -1.37 TRACK
52.862	>>> V -8.19 35.20
52.864	S 20494397 -29.62 -10.28 -4.12 2.75 TRACK
52.890	>>> V -8.19 35.20
52.891	S 20494417 -29.71 -9.84 -5.50 9.62 TRACK
52.899	>>> V -8.19 35.20
52.900	S 20494437 -29.88 -9.32 -6.87 15.11 TRACK
52.920	>>> V -7.19 36.41
52.920	S 20494457 -30.06 -8.70 -6.87 21.98 TRACK
52.941	>>> V -5.91 36.12
52.942	S 20494477 -30.15 -8.09 -6.87 26.11 TRACK
52.961	>>> V -5.91 36.12
52.961	S 20494497 -30.32 -7.29 -6.87 28.85 TRACK
52.979	>>> V -5.91 36.12
52.980	S 20494517 -30.50 -6.59 -6.87 31.60 TRACK
53.001	>>> V -2.94 29.11
53.001	S 20494537 -30.59 -5.89 -6.87 32.98 TRACK
53.024	>>> V 0.00 23.26
53.027	S 20494557 -30.67 -5.19 -6.87 34.35 TRACK
53.043	>>> V 0.00 23.26
53.043	S 20494577 -30.76 -4.48 -5.50 34.35 TRACK
53.060	>>> V 0.00 16.51
53.061	S 20494597 -30.85 -3.78 -4.12 34.35 TRACK
53.079	>>> V 1.88 -7.87
53.079	S 20494617 -30.94 -3.16 -4.12 32.98 TRACK
53.100	>>> V 2.08 -12.49
53.101	S 20494637 -30.85 -2.72 -2.75 31.60 TRACK
53.119	>>> V 2.08 -12.49
53.121	S 20494657 -30.94 -2.29 -1.37 27.48 TRACK
53.140	>>> V 2.08 -12.49
53.141	S 20494677 -30.94 -2.02 0.00 23.36 TRACK
53.163	>>> V 2.20 -16.48
53.164	S 20494697 -30.94 -1.85 0.00 19.24 TRACK
53.179	>>> V 2.20 -16.48
53.179	S 20494717 -30.94 -1.93 0.00 12.37 TRACK
53.202	>>> V 2.32 -19.56
53.202	S 20494737 -30.85 -2.11 0.00 4.12 TRACK
53.219	>>> V 2.32 -19.56
53.220	S 20494757 -30.76 -2.37 1.37 -1.37 TRACK
53.241	>>> V 2.27 -20.45
53.244	S 20494777 -30.67 -2.72 2.75 -6.87 TRACK
53.259	>>> V 2.27 -20.45
53.259	S 20494797 -30.67 -2.99 2.75 -10.99 TRACK
53.279	>>> V 0.00 -14.73
53.279	S 20494817 -30.67 -3.16 1.37 -10.99 TRACK
53.301	>>> V 0.00 -14.73
53.301	S 20494837 -30.59 -3.52 0.00 -12.37 TRACK
53.323	>>> V 0.00 -14.73
53.325	S 20494857 -30.50 -3.87 1.37 -13.74 TRACK
53.339	>>> V 0.00 -9.21
53.342	S 20494877 -30.50 -4.31 1.37 -15.11 TRACK
53.363	>>> V 0.00 -9.21
53.364	S 20494897 -30.50 -4.92 1.37 -17.86 TRACK
53.381	>>> V 0.00 0.00
53.383	S 20494917 -30.50 -5.27 0.00 -20.61 TRACK
53.400	>>> V 0.00 0.00
53.401	S 20494937 -30.50 -5.45 0.00 -19.24 TRACK
53.419	>>> V 0.00 5.46
53.420	S 20494957 -30.50 -5.62 0.00 -16.49 TRACK
53.439	>>> V 0.00 5.46
53.441	S 20494977 -30.50 -5.71 0.00 -12.37 TRACK
53.459	>>> V 0.00 13.10
53.462	S 20494997 -30.50 -5.71 0.00 -6.87 TRACK
53.481	>>> V 0.00 21.45
53.483	S 20495017 -30.50 -5.80 0.00 -2.75 TRACK
53.502	>>> V 0.00 28.48
53.503	S 20495037 -30.50 -5.71 0.00 -1.37 TRACK
53.521	>>> V 0.00 28.48
53.522	S 20495057 -30.50 -5.71 0.00 0.00 TRACK
53.539	>>> V 0.00 28.48
53.539	S 20495077 -30.50 -5.36 0.00 1.37 TRACK
53.560	>>> V 0.00 32.88
53.560	S 20495097 -30.50 -4.92 0.00 6.87 TRACK
53.580	>>> V 0.00 32.88
53.580	S 20495117 -30.50 -4.31 0.00 13.74 TRACK
53.598	>>> V 0.00 32.88
53.600	S 20495137 -30.50 -3.78 0.00 19.24 TRACK
53.619	>>> V 0.00 30.25
53.620	S 20495157 -30.50 -3.16 0.00 23.36 TRACK
53.643	>>> V 0.00 30.25
53.643	S 20495177 -30.50 -2.55 0.00 26.11 TRACK
53.659	>>> V 0.00 30.25
53.659	S 20495197 -30.50 -1.85 0.00 28.85 TRACK
53.680	>>> V 0.00 26.43
53.681	S 20495217 -30.50 -1.32 0.00 30.23 TRACK
53.701	>>> V 0.00 26.43
53.702	S 20495237 -30.50 -0.62 0.00 30.23 TRACK
53.720	>>> V 0.00 20.13
53.721	S 20495257 -30.50 -0.09 0.00 30.23 TRACK
53.739	>>> V 0.00 20.13
53.743	S 20495277 -30.50 0.44 0.00 28.85 TRACK
53.761	>>> V 0.00 12.51
53.762	S 20495297 -30.50 1.05 0.00 28.85 TRACK
53.779	>>> V 0.00 12.51
53.779	S 20495317 -30.59 1.58 0.00 27.48 TRACK
53.803	>>> V 0.00 4.50
53.806	S 20495337 -30.50 2.02 0.00 26.11 TRACK
53.819	>>> V 0.00 4.50
53.821	S 20495357 -30.50 2.37 0.00 23.36 TRACK
53.840	>>> V 0.00 -4.18
53.841	S 20495377 -30.59 2.72 0.00 20.61 TRACK
53.861	>>> V 0.00 -4.18
53.862	S 20495397 -30.50 2.99 0.00 17.86 TRACK
53.880	>>> V 0.00 -12.08
53.881	S 20495417 -30.50 3.08 0.00 15.11 TRACK
53.899	>>> V 0.00 -12.08
53.899	S 20495437 -30.50 3.16 0.00 10.99 TRACK
53.923	>>> V 0.00 -19.02
53.924	S 20495457 -30.50 3.08 0.00 5.50 TRACK
53.941	>>> V 0.00 -19.02
53.943	S 20495477 -30.59 2.99 0.00 1.37 TRACK
53.964	>>> V 0.00 -24.71
53.965	S 20495497 -30.50 2.72 0.00 -1.37 TRACK
53.981	>>> V 0.00 -24.71
53.982	S 20495517 -30.50 2.46 0.00 -5.50 TRACK
54.004	>>> V 0.00 -29.25
54.005	S 20495537 -30.50 2.11 0.00 -9.62 TRACK
54.019	>>> V 0.00 -29.25
54.019	S 20495557 -30.50 2.02 0.00 -10.99 TRACK
54.040	>>> V 0.00 -32.29
54.042	S 20495577 -30.50 1.58 0.00 -12.37 TRACK
54.059	>>> V 0.00 -32.29
54.060	S 20495597 -30.59 1.05 0.00 -13.74 TRACK
54.083	>>> V 0.00 -33.26
54.084	S 20495617 -30.50 0.44 0.00 -17.86 TRACK
54.099	>>> V 0.00 -33.26
54.100	S 20495637 -30.50 -0.26 0.00 -23.36 TRACK
54.120	>>> V 0.00 -31.68
54.121	S 20495657 -30.50 -0.88 0.00 -26.11 TRACK
54.139	>>> V 0.00 -31.68
54.140	S 20495677 -30.59 -1.49 0.00 -28.85 TRACK
54.165	>>> V 0.00 -29.06
54.165	S 20495697 -30.59 -2.11 0.00 -31.60 TRACK
54.179	>>> V 0.00 -29.06
54.179	S 20495717 -30.50 -2.81 0.00 -31.60 TRACK
54.203	>>> V 0.00 -25.93
54.203	S 20495737 -30.50 -3.43 0.00 -31.60 TRACK
54.219	>>> V 0.00 -25.93
54.220	S 20495757 -30.50 -4.04 0.00 -31.60 TRACK
54.243	>>> V 0.00 -22.07
54.245	S 20495777 -30.50 -4.66 0.00 -31.60 TRACK
54.262	>>> V 0.00 -22.07
54.263	S 20495797 -30.50 -5.36 0.00 -30.23 TRACK
54.282	>>> V 0.00 -17.65
54.284	S 20495817 -30.50 -5.89 0.00 -30.23 TRACK
54.301	>>> V 0.00 -17.65
54.301	S 20495837 -30.50 -6.42 0.00 -27.48 TRACK
54.322	>>> V 0.00 -11.75
54.325	S 20495857 -30.50 -6.94 0.00 -26.11 TRACK
54.340	>>> V 0.00 -11.75
54.340	S 20495877 -30.50 -7.38 0.00 -24.73 TRACK
54.366	>>> V 2.05 -4.95
54.366	S 20495897 -30.50 -7.82 0.00 -23.36 TRACK
54.378	>>> V 2.05 -4.95
54.380	S 20495917 -30.50 -8.09 0.00 -20.61 TRACK
54.401	>>> V 2.18 0.00
54.401	S 20495937 -30.50 -8.44 0.00 -17.86 TRACK
54.419	>>> V 2.18 0.00
54.420	S 20495957 -30.50 -8.61 0.00 -16.49 TRACK
54.440	>>> V 2.19 12.04
54.441	S 20495977 -30.50 -8.79 0.00 -13.74 TRACK
54.459	>>> V 2.19 12.04
54.460	S 20495997 -30.41 -8.96 0.00 -10.99 TRACK
54.482	>>> V 2.30 16.28
54.482	S 20496017 -30.32 -9.05 0.00 -8.24 TRACK
54.500	>>> V 2.30 16.28
54.501	S 20496037 -30.23 -8.96 2.75 -5.50 TRACK
54.521	>>> V 2.38 19.33
54.522	S 20496057 -30.15 -8.70 4.12 -1.37 TRACK
54.539	>>> V 2.38 19.33
54.539	S 20496077 -30.15 -8.53 4.12 2.75 TRACK
54.559	>>> V 2.51 20.88
54.560	S 20496097 -30.15 -8.26 1.37 8.24 TRACK
54.579	>>> V 2.51 20.88
54.579	S 20496117 -30.15 -7.91 0.00 10.99 TRACK
54.604	>>> V 2.48 21.18
54.606	S 20496137 -30.06 -7.47 0.00 13.74 TRACK
54.625	>>> V 2.25 19.04
54.626	S 20496157 -30.06 -7.12 1.37 16.49 TRACK
54.639	>>> V 2.25 19.04
54.639	S 20496177 -29.97 -6.68 2.75 17.86 TRACK
54.665	>>> V 1.83 16.71
54.666	S 20496197 -29.88 -6.33 4.12 19.24 TRACK
54.679	>>> V 1.83 16.71
54.679	S 20496217 -29.88 -5.89 2.75 19.24 TRACK
54.704	>>> V 0.00 13.54
54.704	S 20496237 -29.88 -5.45 1.37 19.24 TRACK
54.720	>>> V 0.00 13.54
54.721	S 20496257 -29.88 -5.10 0.00 19.24 TRACK
54.745	>>> V 0.00 9.56
54.745	S 20496277 -29.88 -4.66 0.00 19.24 TRACK
54.759	>>> V 0.00 9.56
54.760	S 20496297 -29.88 -4.39 0.00 17.86 TRACK
54.780	>>> V 0.00 0.00
54.780	S 20496317 -29.88 -4.04 0.00 16.49 TRACK
54.799	>>> V 0.00 0.00
54.800	S 20496337 -29.88 -3.78 0.00 15.11 TRACK
54.822	>>> V 0.00 0.00
54.822	S 20496357 -29.88 -3.60 0.00 13.74 TRACK
54.843	>>> V 0.00 -4.91
54.844	S 20496377 -29.88 -3.43 0.00 12.37 TRACK
54.859	>>> V 0.00 -4.91
54.861	S 20496397 -29.88 -3.43 0.00 9.62 TRACK
54.882	>>> V 0.00 -11.24
54.882	S 20496417 -29.88 -3.34 0.00 6.87 TRACK
54.900	>>> V 0.00 -11.24
54.900	S 20496437 -29.88 -3.34 0.00 2.75 TRACK
54.919	>>> V 0.00 -11.24
54.920	S 20496457 -29.88 -3.52 0.00 0.00 TRACK
54.939	>>> V 0.00 -12.62
54.940	S 20496477 -29.88 -3.69 0.00 -1.37 TRACK
54.959	>>> V 0.00 -12.88
54.960	S 20496497 -29.88 -3.87 0.00 -4.12 TRACK
54.978	>>> V 0.00 -12.88
55.000	>>> V -2.03 -12.18
55.001	S 20496517 -29.88 -4.13 0.00 -6.87 TRACK
55.006	S 20496537 -29.88 -4.31 0.00 -9.62 TRACK
55.019	>>> V -2.03 -12.18
55.019	S 20496557 -29.88 -4.48 0.00 -9.62 TRACK
55.039	>>> V -2.31 -10.83
55.039	S 20496577 -29.88 -4.57 0.00 -9.62 TRACK
55.060	>>> V -2.31 -10.83
55.063	S 20496597 -29.88 -4.92 0.00 -8.24 TRACK
55.079	>>> V -2.31 -10.83
55.081	S 20496617 -29.88 -5.19 0.00 -8.24 TRACK
55.101	>>> V -2.36 -8.56
55.101	S 20496637 -29.88 -5.45 0.00 -9.62 TRACK
55.120	>>> V -3.20 3.82
55.124	S 20496657 -29.88 -5.80 0.00 -12.37 TRACK
55.140	>>> V -3.36 5.68
55.141	S 20496677 -29.88 -5.98 0.00 -12.37 TRACK
55.167	>>> V -3.36 5.68
55.170	S 20496697 -29.97 -6.15 0.00 -12.37 TRACK
55.181	>>> V -3.36 5.68
55.183	S 20496717 -30.06 -6.33 0.00 -10.99 TRACK
55.201	>>> V 0.00 0.00
55.202	S 20496738 -30.06 -6.42 -1.37 -8.24 TRACK
55.220	>>> V 0.00 0.00
55.221	S 20496757 -30.06 -6.33 -2.75 -5.50 TRACK
55.243	>>> V 0.00 0.00
55.244	S 20496777 -30.06 -6.24 -2.75 -1.37 TRACK
55.259	>>> V 0.00 0.00
55.260	S 20496798 -30.06 -6.15 -1.37 0.00 TRACK
55.286	>>> V 0.00 0.00
55.286	S 20496818 -30.06 -6.06 0.00 2.75 TRACK
55.303	>>> V 0.00 0.00
55.306	S 20496838 -30.06 -6.06 0.00 2.75 TRACK
55.321	>>> V 0.00 0.00
55.323	S 20496858 -30.06 -6.06 0.00 2.75 TRACK
55.342	>>> V 0.00 0.00
55.343	S 20496878 -30.06 -6.06 0.00 0.00 TRACK
55.363	>>> V 0.00 0.00
55.364	S 20496898 -30.06 -6.06 0.00 0.00 TRACK
55.385	>>> V 0.00 0.00
55.387	S 20496918 -30.06 -6.06 0.00 0.00 TRACK
55.402	>>> V 0.00 0.00
55.403	S 20496938 -30.06 -6.06 0.00 0.00 TRACK
55.423	>>> V 0.00 0.00
55.425	S 20496958 -30.06 -6.06 0.00 0.00 TRACK
55.443	>>> V 0.00 0.00
55.444	S 20496978 -30.06 -6.06 0.00 0.00 TRACK
55.466	>>> V 0.00 0.00
55.468	S 20496998 -30.06 -6.06 0.00 0.00 TRACK
55.479	>>> V 0.00 0.00
55.481	S 20497018 -30.06 -6.06 0.00 0.00 TRACK
55.502	>>> V 0.00 0.00
55.504	S 20497038 -30.06 -6.06 0.00 0.00 TRACK
55.524	>>> V 0.00 0.00
55.526	S 20497058 -30.06 -6.06 0.00 0.00 TRACK
55.540	>>> V 0.00 0.00
55.541	S 20497078 -30.06 -6.06 0.00 0.00 TRACK
55.569	>>> V 0.00 0.00
55.570	S 20497098 -30.06 -6.06 0.00 0.00 TRACK
55.579	>>> V 0.00 0.00
55.602	>>> V 0.00 0.00
55.603	S 20497118 -30.06 -6.06 0.00 0.00 TRACK
55.610	S 20497138 -30.06 -6.06 0.00 0.00 TRACK
55.619	>>> V 0.00 0.00
55.621	S 20497158 -30.06 -6.06 0.00 0.00 TRACK
55.642	>>> V 0.00 0.00
55.645	S 20497178 -30.06 -6.06 0.00 0.00 TRACK
55.661	>>> V 0.00 0.00
55.664	S 20497198 -30.06 -6.06 0.00 0.00 TRACK
55.681	>>> V 0.00 0.00
55.681	S 20497218 -30.06 -6.06 0.00 0.00 TRACK
55.700	>>> V 0.00 0.00
55.700	S 20497238 -30.06 -6.06 0.00 0.00 TRACK
55.719	>>> V 0.00 0.00
55.719	S 20497258 -30.06 -6.06 0.00 0.00 TRACK
55.740	>>> V -3.92 -11.80
55.741	S 20497278 -30.06 -6.06 0.00 0.00 TRACK
55.760	>>> V -3.90 -10.71
55.761	S 20497298 -30.06 -6.06 0.00 0.00 TRACK
55.778	>>> V -3.90 -10.71
55.779	S 20497318 -30.06 -6.06 0.00 0.00 TRACK
55.799	>>> V -3.90 -9.13
55.800	S 20497338 -30.15 -6.15 0.00 0.00 TRACK
55.820	>>> V -3.90 -9.13
55.820	S 20497358 -30.23 -6.33 -1.37 -1.37 TRACK
55.841	>>> V -3.89 -7.39
55.841	S 20497378 -30.41 -6.42 -2.75 -4.12 TRACK
55.863	>>> V -3.89 -7.39
55.863	S 20497398 -30.41 -6.50 -4.12 -4.12 TRACK
55.886	>>> V -3.86 -5.39
55.887	S 20497418 -30.59 -6.68 -4.12 -4.12 TRACK
55.902	>>> V -3.84 -3.47
55.903	S 20497438 -30.67 -6.86 -4.12 -5.50 TRACK
55.925	>>> V -3.84 -3.47
55.926	S 20497458 -30.67 -7.12 -4.12 -8.24 TRACK
55.940	>>> V -3.57 0.00
55.942	S 20497478 -30.85 -7.29 -4.12 -9.62 TRACK
55.964	>>> V -3.57 0.00
55.964	S 20497498 -30.85 -7.38 -4.12 -9.62 TRACK
55.980	>>> V -3.29 0.00
55.980	S 20497518 -30.94 -7.56 -4.12 -6.87 TRACK
55.999	>>> V -3.29 0.00
56.001	S 20497538 -31.03 -7.56 -4.12 -5.50 TRACK
56.019	>>> V -3.29 0.00
56.019	S 20497558 -31.11 -7.56 -4.12 -4.12 TRACK
56.039	>>> V 0.00 0.00
56.041	S 20497578 -31.20 -7.56 -4.12 -1.37 TRACK
56.067	>>> V 0.00 0.00
56.067	S 20497598 -31.20 -7.56 -2.75 0.00 TRACK
56.082	>>> V 0.00 0.00
56.082	S 20497618 -31.20 -7.65 -1.37 0.00 TRACK
56.101	>>> V 0.00 0.00
56.103	S 20497638 -31.20 -7.65 0.00 0.00 TRACK
56.119	>>> V 0.00 0.00
56.120	S 20497658 -31.20 -7.65 0.00 0.00 TRACK
56.139	>>> V 0.00 0.00
56.140	S 20497678 -31.20 -7.65 0.00 0.00 TRACK
56.161	>>> V 0.00 0.00
56.161	S 20497698 -31.20 -7.65 0.00 0.00 TRACK
56.178	>>> V 0.00 0.00
56.202	>>> V 0.00 0.00
56.202	S 20497718 -31.20 -7.65 0.00 0.00 TRACK
56.204	S 20497738 -31.20 -7.65 0.00 0.00 TRACK
56.227	>>> V 0.00 0.00
56.228	S 20497758 -31.20 -7.65 0.00 0.00 TRACK
56.241	>>> V 0.00 0.00
56.242	S 20497778 -31.20 -7.65 0.00 0.00 TRACK
56.259	>>> V 0.00 0.00
56.261	S 20497798 -31.20 -7.65 0.00 0.00 TRACK
56.279	>>> V 0.00 0.00
56.281	S 20497818 -31.20 -7.65 0.00 0.00 TRACK
56.299	>>> V 0.00 0.00
56.299	S 20497838 -31.20 -7.65 0.00 0.00 TRACK
56.322	>>> V 0.00 0.00
56.322	S 20497858 -31.20 -7.73 0.00 0.00 TRACK
56.339	>>> V 0.00 0.00
56.361	>>> V 0.00 0.00
56.362	S 20497878 -31.20 -7.73 0.00 0.00 TRACK
56.366	S 20497898 -31.20 -7.65 0.00 0.00 TRACK
56.379	>>> V 0.00 0.00
56.379	S 20497918 -31.20 -7.65 0.00 0.00 TRACK
56.402	>>> V 0.00 0.00
56.403	S 20497938 -31.20 -7.65 0.00 0.00 TRACK
56.421	>>> V 0.00 0.00
56.423	S 20497958 -31.20 -7.73 0.00 0.00 TRACK
56.438	>>> V 0.00 0.00
56.440	S 20497978 -31.20 -7.65 0.00 0.00 TRACK
56.464	>>> V 0.00 0.00
56.466	S 20497998 -31.20 -7.65 0.00 0.00 TRACK
56.479	>>> V 0.00 0.00
56.479	S 20498018 -31.20 -7.73 0.00 0.00 TRACK
56.501	>>> V 0.00 0.00
56.502	S 20498038 -31.20 -7.65 0.00 0.00 TRACK
56.521	>>> V 0.00 0.00
56.522	S 20498058 -31.20 -7.73 0.00 0.00 TRACK
56.540	>>> V 0.00 0.00
56.540	S 20498078 -31.20 -7.65 0.00 0.00 TRACK
56.559	>>> V 0.00 0.00
56.561	S 20498098 -31.20 -7.65 0.00 0.00 TRACK
56.579	>>> V 0.00 0.00
56.601	>>> V 0.00 0.00
56.601	S 20498118 -31.20 -7.65 0.00 0.00 TRACK
56.603	S 20498138 -31.20 -7.73 0.00 0.00 TRACK
56.619	>>> V 0.00 0.00
56.620	S 20498158 -31.20 -7.65 0.00 0.00 TRACK
56.641	>>> V 0.00 0.00
56.642	S 20498178 -31.20 -7.65 0.00 0.00 TRACK
56.659	>>> V 0.00 0.00
56.660	S 20498198 -31.20 -7.73 0.00 0.00 TRACK
56.683	>>> V 0.00 0.00
56.683	S 20498218 -31.20 -7.65 0.00 0.00 TRACK
56.698	>>> V 0.00 0.00
56.700	S 20498238 -31.20 -7.65 0.00 0.00 TRACK
56.721	>>> V 0.00 0.00
56.721	S 20498258 -31.20 -7.65 0.00 0.00 TRACK
56.739	>>> V 0.00 0.00
56.741	S 20498278 -31.20 -7.65 0.00 0.00 TRACK
56.763	>>> V 0.00 0.00
56.764	S 20498298 -31.20 -7.73 0.00 0.00 TRACK
56.781	>>> V 0.00 0.00
56.783	S 20498318 -31.20 -7.65 0.00 0.00 TRACK
56.803	>>> V 0.00 0.00
56.805	S 20498338 -31.20 -7.65 0.00 0.00 TRACK
56.819	>>> V 0.00 0.00
56.840	>>> V 0.00 0.00
56.841	S 20498358 -31.20 -7.65 0.00 0.00 TRACK
56.844	S 20498378 -31.20 -7.73 0.00 0.00 TRACK
56.860	>>> V 0.00 0.00
56.861	S 20498398 -31.20 -7.65 0.00 0.00 TRACK
56.882	>>> V 0.00 0.00
56.883	S 20498418 -31.20 -7.73 0.00 0.00 TRACK
56.899	>>> V 0.00 0.00
56.903	S 20498438 -31.20 -7.73 0.00 0.00 TRACK
56.923	>>> V 0.00 0.00
56.923	S 20498458 -31.20 -7.65 0.00 0.00 TRACK
56.945	>>> V 0.00 0.00
56.947	S 20498478 -31.20 -7.65 0.00 0.00 TRACK
56.961	>>> V 0.00 0.00
56.961	S 20498498 -31.20 -7.65 0.00 0.00 TRACK
56.980	>>> V 0.00 0.00
56.985	S 20498518 -31.20 -7.73 0.00 0.00 TRACK
57.001	>>> V 0.00 0.00
57.002	S 20498538 -31.20 -7.73 0.00 0.00 TRACK
57.023	>>> V 0.00 0.00
57.024	S 20498558 -31.20 -7.65 0.00 0.00 TRACK
57.043	>>> V 0.00 0.00
57.043	S 20498578 -31.20 -7.73 0.00 0.00 TRACK
57.064	>>> V 0.00 0.00
57.066	S 20498598 -31.20 -7.65 0.00 0.00 TRACK
57.083	>>> V 0.00 0.00
57.087	S 20498618 -31.20 -7.65 0.00 0.00 TRACK
57.103	>>> V 0.00 0.00
57.105	S 20498638 -31.20 -7.65 0.00 0.00 TRACK
57.125	>>> V 0.00 0.00
57.126	S 20498658 -31.20 -7.65 0.00 0.00 TRACK
57.140	>>> V 0.00 0.00
57.141	S 20498678 -31.20 -7.65 0.00 0.00 TRACK
57.161	>>> V 0.00 0.00
57.162	S 20498698 -31.20 -7.73 0.00 0.00 TRACK
57.182	>>> V 0.00 0.00
57.182	S 20498718 -31.20 -7.65 0.00 0.00 TRACK
57.200	>>> V 0.00 0.00
57.201	S 20498738 -31.20 -7.65 0.00 0.00 TRACK
57.224	>>> V 0.00 0.00
57.227	S 20498758 -31.20 -7.65 0.00 0.00 TRACK
57.240	>>> V 0.00 0.00
57.241	S 20498778 -31.20 -7.65 0.00 0.00 TRACK
57.265	>>> V 0.00 0.00
57.267	S 20498798 -31.20 -7.73 0.00 0.00 TRACK
57.282	>>> V 0.00 0.00
57.283	S 20498818 -31.20 -7.73 0.00 0.00 TRACK
57.304	>>> V 0.00 0.00
57.306	S 20498838 -31.20 -7.65 0.00 0.00 TRACK
57.321	>>> V 0.00 0.00
57.324	S 20498858 -31.20 -7.73 0.00 0.00 TRACK
57.339	>>> V 0.00 0.00
57.340	S 20498878 -31.20 -7.73 0.00 0.00 TRACK
57.359	>>> V 0.00 0.00
57.360	S 20498898 -31.20 -7.65 0.00 0.00 TRACK
57.383	>>> V 0.00 0.00
57.385	S 20498918 -31.20 -7.73 0.00 0.00 TRACK
57.410	>>> V 0.00 0.00
57.412	S 20498938 -31.20 -7.73 0.00 0.00 TRACK
57.422	>>> V 0.00 0.00
57.422	S 20498958 -31.20 -7.65 0.00 0.00 TRACK
57.441	>>> V 0.00 0.00
57.442	S 20498978 -31.20 -7.65 0.00 0.00 TRACK
57.462	>>> V 0.00 0.00
57.463	S 20498998 -31.20 -7.73 0.00 0.00 TRACK
57.480	>>> V 0.00 0.00
57.481	S 20499018 -31.20 -7.65 0.00 0.00 TRACK
57.499	>>> V 0.00 0.00
57.499	S 20499038 -31.20 -7.73 0.00 0.00 TRACK
57.523	>>> V 0.00 0.00
57.524	S 20499058 -31.20 -7.65 0.00 0.00 TRACK
57.541	>>> V 0.00 0.00
57.542	S 20499078 -31.20 -7.65 0.00 0.00 TRACK
57.564	>>> V 0.00 0.00
57.565	S 20499098 -31.20 -7.65 0.00 0.00 TRACK
57.582	>>> V 0.00 0.00
57.583	S 20499118 -31.20 -7.65 0.00 0.00 TRACK
57.602	>>> V 0.00 0.00
57.603	S 20499138 -31.20 -7.65 0.00 0.00 TRACK
57.625	>>> V 0.00 0.00
57.631	S 20499158 -31.20 -7.65 0.00 0.00 TRACK
57.640	>>> V 0.00 0.00
57.640	S 20499178 -31.20 -7.65 0.00 0.00 TRACK
57.663	>>> V 0.00 0.00
57.664	S 20499198 -31.20 -7.73 0.00 0.00 TRACK
57.679	>>> V 0.00 0.00
57.682	S 20499218 -31.20 -7.73 0.00 0.00 TRACK
57.707	>>> V 0.00 0.00
57.707	S 20499238 -31.20 -7.65 0.00 0.00 TRACK
57.721	>>> V 0.00 0.00
57.723	S 20499258 -31.20 -7.73 0.00 0.00 TRACK
57.747	>>> V 0.00 0.00
57.748	S 20499278 -31.20 -7.73 0.00 0.00 TRACK
57.762	>>> V 0.00 0.00
57.766	S 20499298 -31.20 -7.73 0.00 0.00 TRACK
57.783	>>> V 0.00 0.00
57.783	S 20499318 -31.20 -7.65 0.00 0.00 TRACK
57.803	>>> V 0.00 0.00
57.805	S 20499338 -31.20 -7.65 0.00 0.00 TRACK
57.824	>>> V 0.00 0.00
57.826	S 20499358 -31.20 -7.65 0.00 0.00 TRACK
57.839	>>> V 0.00 0.00
57.840	S 20499378 -31.20 -7.65 0.00 0.00 TRACK
57.860	>>> V 0.00 0.00
57.861	S 20499398 -31.20 -7.65 0.00 0.00 TRACK
57.879	>>> V 0.00 0.00
57.899	>>> V 0.00 0.00
57.900	S 20499418 -31.11 -7.65 0.00 0.00 TRACK
57.903	S 20499438 -31.20 -7.73 0.00 0.00 TRACK
57.919	>>> V 0.00 0.00
57.939	>>> V 0.00 0.00
57.940	S 20499458 -31.20 -7.65 0.00 0.00 TRACK
57.943	S 20499478 -31.20 -7.65 0.00 0.00 TRACK
57.958	>>> V 0.00 0.00
57.980	>>> V 0.00 0.00
57.980	S 20499498 -31.20 -7.65 0.00 0.00 TRACK
57.983	S 20499518 -31.20 -7.65 0.00 0.00 TRACK
57.998	>>> V 0.00 0.00
58.019	>>> V 0.00 0.00
58.020	S 20499538 -31.20 -7.65 0.00 0.00 TRACK
58.022	S 20499558 -31.20 -7.73 0.00 0.00 TRACK
58.042	>>> V 0.00 0.00
58.042	S 20499578 -31.20 -7.65 0.00 0.00 TRACK
58.044	>>> X
