run_id,stamp_s,frame_id,frame_seq,width,height,detected,cx_px,cy_px,ex,ey,area_ratio,n_candidates,depth_valid,depth_valid_ratio,z_m,x_m,y_m,proc_ms,depth_dt_ms,pub_time_s,target_id,n_rejected,rot_speed_deg_s
assignment4_normal_20261008_194213,1791456140.659779,camera_color_optical_frame,1,640,480,1,394.0,414.8,0.2313,0.7283,0.00258,1,0,,,,,26.56,66.77,1791456140.800021,1,0,0.0
assignment4_normal_20261008_194213,1791456140.693135,camera_color_optical_frame,2,640,480,0,,,0.0000,0.0000,0.00000,1,0,,,,,9.06,66.71,1791456140.817556,,0,1.4
assignment4_normal_20261008_194213,1791456140.726490,camera_color_optical_frame,3,640,480,0,,,0.0000,0.0000,0.00000,1,0,,,,,9.39,33.36,1791456140.843050,,0,0.0
assignment4_normal_20261008_194213,1791456140.759846,camera_color_optical_frame,4,640,480,0,,,0.0000,0.0000,0.00000,1,0,,,,,37.27,0.00,1791456140.914143,,0,0.0
assignment4_normal_20261008_194213,1791456140.793201,camera_color_optical_frame,5,640,480,0,,,0.0000,0.0000,0.00000,1,0,,,,,9.68,0.00,1791456140.932341,,0,0.0
assignment4_normal_20261008_194213,1791456140.826556,camera_color_optical_frame,6,640,480,0,,,0.0000,0.0000,0.00000,1,0,,,,,12.67,0.00,1791456140.961828,,0,0.0
assignment4_normal_20261008_194213,1791456140.859910,camera_color_optical_frame,7,640,480,0,,,0.0000,0.0000,0.00000,1,0,,,,,11.98,0.00,1791456140.998120,,0,0.0
assignment4_normal_20261008_194213,1791456140.893264,camera_color_optical_frame,8,640,480,0,,,0.0000,0.0000,0.00000,1,0,,,,,9.64,0.00,1791456141.032498,,0,0.0
assignment4_normal_20261008_194213,1791456140.926618,camera_color_optical_frame,9,640,480,0,,,0.0000,0.0000,0.00000,1,0,,,,,12.05,33.35,1791456141.053097,,0,0.0
assignment4_normal_20261008_194213,1791456140.959971,camera_color_optical_frame,10,640,480,0,,,0.0000,0.0000,0.00000,1,0,,,,,12.88,66.71,1791456141.074111,,0,0.0
assignment4_normal_20261008_194213,1791456140.993325,camera_color_optical_frame,11,640,480,0,,,0.0000,0.0000,0.00000,1,0,,,,,7.54,100.06,1791456141.088516,,0,0.0
assignment4_normal_20261008_194213,1791456141.026678,camera_color_optical_frame,12,640,480,0,,,0.0000,0.0000,0.00000,1,0,,,,,8.70,133.41,1791456141.111845,,0,0.0
assignment4_normal_20261008_194213,1791456141.060030,camera_color_optical_frame,13,640,480,0,,,0.0000,0.0000,0.00000,1,0,,,,,10.05,0.00,1791456141.147320,,0,0.0
assignment4_normal_20261008_194213,1791456141.093383,camera_color_optical_frame,14,640,480,0,,,0.0000,0.0000,0.00000,1,0,,,,,17.12,0.00,1791456141.183043,,0,0.0
assignment4_normal_20261008_194213,1791456141.126735,camera_color_optical_frame,15,640,480,0,,,0.0000,0.0000,0.00000,1,0,,,,,10.73,0.00,1791456141.218936,,0,0.0
assignment4_normal_20261008_194213,1791456141.160087,camera_color_optical_frame,16,640,480,1,394.3,415.1,0.2323,0.7295,0.00248,1,1,1.000,0.8390,0.0969,0.2354,12.24,0.00,1791456141.255414,2,0,0.0
assignment4_normal_20261008_194213,1791456141.193438,camera_color_optical_frame,17,640,480,1,394.4,415.0,0.2325,0.7290,0.00248,1,1,1.000,0.8350,0.0965,0.2341,11.61,0.00,1791456141.294278,2,0,0.0
assignment4_normal_20261008_194213,1791456141.226789,camera_color_optical_frame,18,640,480,1,394.3,414.8,0.2321,0.7283,0.00250,1,1,1.000,0.8350,0.0963,0.2339,12.97,0.00,1791456141.330475,2,0,0.0
assignment4_normal_20261008_194213,1791456141.260140,camera_color_optical_frame,19,640,480,1,394.4,414.8,0.2324,0.7285,0.00249,1,1,1.000,0.8390,0.0970,0.2351,14.51,0.00,1791456141.365245,2,0,0.0
assignment4_normal_20261008_194213,1791456141.293490,camera_color_optical_frame,20,640,480,1,394.2,414.7,0.2317,0.7280,0.00253,1,1,1.000,0.8350,0.0962,0.2338,14.09,0.00,1791456141.402161,2,0,0.0
assignment4_normal_20261008_194213,1791456141.326840,camera_color_optical_frame,21,640,480,1,394.1,414.9,0.2317,0.7286,0.00252,1,1,1.000,0.8370,0.0964,0.2345,13.35,0.00,1791456141.439380,2,0,0.0
assignment4_normal_20261008_194213,1791456141.360190,camera_color_optical_frame,22,640,480,1,394.3,414.7,0.2322,0.7280,0.00250,1,1,1.000,0.8370,0.0966,0.2343,14.56,0.00,1791456141.476992,2,0,0.0
assignment4_normal_20261008_194213,1791456141.393540,camera_color_optical_frame,23,640,480,1,394.4,415.1,0.2326,0.7296,0.00248,1,1,1.000,0.8400,0.0972,0.2357,17.11,0.00,1791456141.520520,2,0,0.0
assignment4_normal_20261008_194213,1791456141.426889,camera_color_optical_frame,24,640,480,1,394.4,414.9,0.2324,0.7285,0.00248,1,0,,,,,14.44,33.35,1791456141.540615,2,0,0.0
assignment4_normal_20261008_194213,1791456141.460238,camera_color_optical_frame,25,640,480,1,394.3,414.8,0.2321,0.7284,0.00250,1,1,1.000,0.8370,0.0966,0.2345,13.65,0.00,1791456141.572226,2,0,0.0
assignment4_normal_20261008_194213,1791456141.493586,camera_color_optical_frame,26,640,480,1,394.2,414.7,0.2319,0.7277,0.00253,1,1,1.000,0.8380,0.0966,0.2345,15.45,0.00,1791456141.607697,2,0,0.0
assignment4_normal_20261008_194213,1791456141.526935,camera_color_optical_frame,27,640,480,1,394.4,414.9,0.2324,0.7288,0.00247,1,1,1.000,0.8390,0.0970,0.2352,17.07,0.00,1791456141.644510,2,0,0.0
assignment4_normal_20261008_194213,1791456141.560283,camera_color_optical_frame,28,640,480,1,394.4,415.0,0.2326,0.7292,0.00243,1,1,1.000,0.8330,0.0963,0.2336,11.95,0.00,1791456141.681874,2,0,0.0
assignment4_normal_20261008_194213,1791456141.593631,camera_color_optical_frame,29,640,480,1,394.4,414.9,0.2325,0.7286,0.00247,1,1,1.000,0.8380,0.0969,0.2348,14.06,0.00,1791456141.715143,2,0,0.0
assignment4_normal_20261008_194213,1791456141.626933,camera_color_optical_frame,30,640,480,1,394.5,414.8,0.2328,0.7283,0.00243,1,1,1.000,0.8350,0.0967,0.2339,14.12,0.00,1791456141.751083,2,0,0.0
assignment4_normal_20261008_194213,1791456141.660325,camera_color_optical_frame,31,640,480,1,394.4,414.6,0.2325,0.7277,0.00247,1,1,1.000,0.8370,0.0967,0.2342,12.73,0.00,1791456141.795288,2,0,0.0
assignment4_normal_20261008_194213,1791456141.693718,camera_color_optical_frame,32,640,480,1,394.5,415.1,0.2327,0.7295,0.00243,1,1,1.000,0.8380,0.0970,0.2351,15.02,0.00,1791456141.831467,2,0,0.0
assignment4_normal_20261008_194213,1791456141.727111,camera_color_optical_frame,33,640,480,1,394.4,414.9,0.2326,0.7288,0.00247,1,1,1.000,0.8380,0.0969,0.2349,15.20,0.00,1791456141.876780,2,0,0.0
assignment4_normal_20261008_194213,1791456141.760504,camera_color_optical_frame,34,640,480,1,394.4,415.1,0.2326,0.7295,0.00247,1,1,1.000,0.8370,0.0968,0.2348,12.24,0.00,1791456141.906380,2,0,0.0
assignment4_normal_20261008_194213,1791456141.793897,camera_color_optical_frame,35,640,480,1,394.3,414.9,0.2322,0.7286,0.00245,1,1,1.000,0.8400,0.0970,0.2354,12.44,0.00,1791456141.946500,2,0,0.0
assignment4_normal_20261008_194213,1791456141.827291,camera_color_optical_frame,36,640,480,1,394.2,414.7,0.2319,0.7279,0.00251,1,1,1.000,0.8380,0.0966,0.2346,14.15,0.00,1791456141.979949,2,0,0.0
assignment4_normal_20261008_194213,1791456141.860686,camera_color_optical_frame,37,640,480,1,394.3,414.8,0.2321,0.7283,0.00249,1,1,1.000,0.8390,0.0968,0.2350,12.14,0.00,1791456142.020626,2,0,0.0
assignment4_normal_20261008_194213,1791456141.894080,camera_color_optical_frame,38,640,480,1,394.4,415.0,0.2325,0.7293,0.00247,1,1,1.000,0.8400,0.0971,0.2356,13.51,0.00,1791456142.059967,2,0,0.0
assignment4_normal_20261008_194213,1791456141.927475,camera_color_optical_frame,39,640,480,1,394.3,415.0,0.2323,0.7292,0.00247,1,1,1.000,0.8390,0.0969,0.2353,11.92,0.00,1791456142.095796,2,0,0.0
assignment4_normal_20261008_194213,1791456141.960871,camera_color_optical_frame,40,640,480,1,394.3,414.6,0.2322,0.7275,0.00248,1,1,1.000,0.8390,0.0968,0.2347,13.60,0.00,1791456142.137513,2,0,0.0
assignment4_normal_20261008_194213,1791456141.994267,camera_color_optical_frame,41,640,480,1,394.2,414.7,0.2319,0.7279,0.00251,1,1,1.000,0.8350,0.0963,0.2338,14.91,0.00,1791456142.171775,2,0,0.0
assignment4_normal_20261008_194213,1791456142.027663,camera_color_optical_frame,42,640,480,1,394.3,414.8,0.2323,0.7284,0.00249,1,1,1.000,0.8400,0.0970,0.2353,16.03,0.00,1791456142.206416,2,0,0.0
assignment4_normal_20261008_194213,1791456142.061059,camera_color_optical_frame,43,640,480,1,394.3,414.8,0.2323,0.7282,0.00248,1,1,1.000,0.8350,0.0964,0.2339,11.27,0.00,1791456142.244864,2,0,0.0
assignment4_normal_20261008_194213,1791456142.094456,camera_color_optical_frame,44,640,480,1,394.2,414.9,0.2320,0.7286,0.00250,1,1,1.000,0.8370,0.0965,0.2345,10.75,0.00,1791456142.280901,2,0,0.0
assignment4_normal_20261008_194213,1791456142.127854,camera_color_optical_frame,45,640,480,1,394.5,415.0,0.2327,0.7291,0.00245,1,1,1.000,0.8350,0.0966,0.2342,9.74,0.00,1791456142.317613,2,0,0.0
assignment4_normal_20261008_194213,1791456142.161252,camera_color_optical_frame,46,640,480,1,394.4,414.9,0.2325,0.7289,0.00247,1,1,1.000,0.8370,0.0967,0.2346,11.47,0.00,1791456142.353541,2,0,0.0
assignment4_normal_20261008_194213,1791456142.194649,camera_color_optical_frame,47,640,480,1,394.2,414.8,0.2320,0.7284,0.00250,1,1,1.000,0.8390,0.0968,0.2350,12.87,0.00,1791456142.393559,2,0,0.0
assignment4_normal_20261008_194213,1791456142.228048,camera_color_optical_frame,48,640,480,1,394.3,414.8,0.2323,0.7282,0.00246,1,1,1.000,0.8350,0.0965,0.2338,12.25,0.00,1791456142.437128,2,0,0.0
assignment4_normal_20261008_194213,1791456142.261447,camera_color_optical_frame,49,640,480,1,394.4,415.0,0.2324,0.7292,0.00250,1,1,1.000,0.8400,0.0970,0.2356,12.51,0.00,1791456142.466958,2,0,0.0
assignment4_normal_20261008_194213,1791456142.328246,camera_color_optical_frame,50,640,480,1,394.3,414.7,0.2320,0.7279,0.00250,1,1,1.000,0.8400,0.0969,0.2351,13.33,0.00,1791456142.501484,2,0,0.0
assignment4_normal_20261008_194213,1791456142.361646,camera_color_optical_frame,51,640,480,1,394.4,414.7,0.2324,0.7280,0.00246,1,1,1.000,0.8370,0.0967,0.2344,11.78,0.00,1791456142.541693,2,0,0.0
assignment4_normal_20261008_194213,1791456142.395046,camera_color_optical_frame,52,640,480,1,394.3,414.6,0.2320,0.7275,0.00250,1,1,1.000,0.8350,0.0963,0.2336,12.34,0.00,1791456142.575656,2,0,0.0
assignment4_normal_20261008_194213,1791456142.428447,camera_color_optical_frame,53,640,480,1,394.5,415.1,0.2328,0.7295,0.00242,1,1,1.000,0.8370,0.0969,0.2349,13.48,0.00,1791456142.612619,2,0,0.0
assignment4_normal_20261008_194213,1791456142.461848,camera_color_optical_frame,54,640,480,1,394.4,415.1,0.2325,0.7294,0.00246,1,1,1.000,0.8370,0.0968,0.2348,10.67,0.00,1791456142.654865,2,0,0.0
assignment4_normal_20261008_194213,1791456142.495250,camera_color_optical_frame,55,640,480,1,394.3,414.7,0.2321,0.7281,0.00247,1,1,1.000,0.8410,0.0970,0.2355,12.31,0.00,1791456142.686439,2,0,0.0
assignment4_normal_20261008_194213,1791456142.528651,camera_color_optical_frame,56,640,480,1,394.3,414.9,0.2322,0.7288,0.00250,1,1,1.000,0.8370,0.0966,0.2346,11.86,0.00,1791456142.721433,2,0,0.0
assignment4_normal_20261008_194213,1791456142.562227,camera_color_optical_frame,57,640,480,1,394.3,414.9,0.2321,0.7286,0.00249,1,1,1.000,0.8370,0.0966,0.2345,12.18,0.00,1791456142.762783,2,0,0.0
assignment4_normal_20261008_194213,1791456142.628918,camera_color_optical_frame,58,640,480,1,394.3,414.8,0.2323,0.7285,0.00249,1,1,1.000,0.8380,0.0968,0.2348,22.30,0.00,1791456142.822516,2,0,0.0
assignment4_normal_20261008_194213,1791456142.662262,camera_color_optical_frame,59,640,480,1,394.3,414.8,0.2323,0.7284,0.00247,1,1,1.000,0.8380,0.0968,0.2348,25.49,0.00,1791456142.868766,2,0,0.0
assignment4_normal_20261008_194213,1791456142.695606,camera_color_optical_frame,60,640,480,1,394.4,415.0,0.2325,0.7291,0.00246,1,1,1.000,0.8390,0.0970,0.2353,10.03,0.00,1791456142.896385,2,0,0.0
assignment4_normal_20261008_194213,1791456142.728950,camera_color_optical_frame,61,640,480,1,394.5,415.2,0.2328,0.7298,0.00246,1,1,1.000,0.8370,0.0969,0.2350,10.64,0.00,1791456142.930448,2,0,0.0
assignment4_normal_20261008_194213,1791456142.762294,camera_color_optical_frame,62,640,480,1,394.4,415.0,0.2326,0.7290,0.00247,1,1,1.000,0.8390,0.0970,0.2352,10.89,0.00,1791456142.969401,2,0,0.0
assignment4_normal_20261008_194213,1791456142.795637,camera_color_optical_frame,63,640,480,1,394.3,414.8,0.2323,0.7282,0.00249,1,1,1.000,0.8370,0.0967,0.2344,14.01,0.00,1791456143.002316,2,0,0.0
assignment4_normal_20261008_194213,1791456142.862322,camera_color_optical_frame,64,640,480,1,394.2,414.7,0.2319,0.7278,0.00253,1,1,1.000,0.8370,0.0965,0.2343,13.45,0.00,1791456143.039976,2,0,0.0
assignment4_normal_20261008_194213,1791456142.895663,camera_color_optical_frame,65,640,480,1,394.5,415.1,0.2328,0.7296,0.00246,1,1,1.000,0.8380,0.0970,0.2352,12.49,0.00,1791456143.076734,2,0,0.0
assignment4_normal_20261008_194213,1791456142.929005,camera_color_optical_frame,66,640,480,1,394.2,415.0,0.2320,0.7291,0.00250,1,1,1.000,0.8390,0.0968,0.2353,13.09,0.00,1791456143.118297,2,0,0.0
assignment4_normal_20261008_194213,1791456142.962346,camera_color_optical_frame,67,640,480,1,394.5,415.2,0.2328,0.7301,0.00245,1,1,1.000,0.8370,0.0969,0.2350,12.04,0.00,1791456143.161075,2,0,0.0
assignment4_normal_20261008_194213,1791456142.995687,camera_color_optical_frame,68,640,480,1,394.3,415.0,0.2322,0.7292,0.00249,1,1,1.000,0.8380,0.0967,0.2350,9.47,0.00,1791456143.197360,2,0,0.0
assignment4_normal_20261008_194213,1791456143.029027,camera_color_optical_frame,69,640,480,1,394.3,415.0,0.2323,0.7290,0.00247,1,1,1.000,0.8370,0.0967,0.2347,10.71,0.00,1791456143.229867,2,0,0.0
assignment4_normal_20261008_194213,1791456143.095706,camera_color_optical_frame,70,640,480,1,394.3,414.9,0.2321,0.7286,0.00246,1,0,,,,,7.68,66.68,1791456143.248390,2,0,0.0
assignment4_normal_20261008_194213,1791456143.129046,camera_color_optical_frame,71,640,480,1,394.4,415.0,0.2324,0.7290,0.00244,1,1,1.000,0.8370,0.0967,0.2347,11.78,0.00,1791456143.284188,2,0,0.0
assignment4_normal_20261008_194213,1791456143.162385,camera_color_optical_frame,72,640,480,1,394.5,415.2,0.2327,0.7300,0.00246,1,1,1.000,0.8370,0.0968,0.2350,10.14,0.00,1791456143.320831,2,0,0.0
assignment4_normal_20261008_194213,1791456143.195723,camera_color_optical_frame,73,640,480,1,394.3,414.7,0.2323,0.7281,0.00247,1,1,1.000,0.8370,0.0966,0.2344,15.37,0.00,1791456143.357044,2,0,0.0
assignment4_normal_20261008_194213,1791456143.229061,camera_color_optical_frame,74,640,480,1,394.3,414.9,0.2322,0.7289,0.00248,1,1,1.000,0.8390,0.0968,0.2352,10.68,0.00,1791456143.396544,2,0,0.0
assignment4_normal_20261008_194213,1791456143.262398,camera_color_optical_frame,75,640,480,1,394.2,414.4,0.2320,0.7267,0.00247,1,1,1.000,0.8380,0.0966,0.2342,10.86,0.00,1791456143.435286,2,0,0.0
assignment4_normal_20261008_194213,1791456143.295736,camera_color_optical_frame,76,640,480,1,394.5,415.0,0.2327,0.7293,0.00244,1,1,1.000,0.8350,0.0966,0.2342,11.54,0.00,1791456143.473740,2,0,0.0
assignment4_normal_20261008_194213,1791456143.329073,camera_color_optical_frame,77,640,480,1,394.3,414.8,0.2323,0.7282,0.00247,1,1,1.000,0.8370,0.0967,0.2344,12.10,0.00,1791456143.507330,2,0,0.0
assignment4_normal_20261008_194213,1791456143.362409,camera_color_optical_frame,78,640,480,1,394.3,415.2,0.2323,0.7299,0.00243,1,1,1.000,0.8380,0.0968,0.2353,13.50,0.00,1791456143.541905,2,0,0.0
assignment4_normal_20261008_194213,1791456143.395745,camera_color_optical_frame,79,640,480,1,394.5,415.1,0.2327,0.7297,0.00245,1,1,1.000,0.8380,0.0970,0.2352,10.57,0.00,1791456143.582147,2,0,0.0
assignment4_normal_20261008_194213,1791456143.429081,camera_color_optical_frame,80,640,480,1,394.4,414.9,0.2325,0.7286,0.00245,1,1,1.000,0.8380,0.0969,0.2348,12.64,0.00,1791456143.617018,2,0,0.0
assignment4_normal_20261008_194213,1791456143.462416,camera_color_optical_frame,81,640,480,1,394.3,414.8,0.2322,0.7282,0.00250,1,1,1.000,0.8370,0.0966,0.2344,13.86,0.00,1791456143.654331,2,0,0.0
assignment4_normal_20261008_194213,1791456143.495752,camera_color_optical_frame,82,640,480,1,394.4,414.9,0.2325,0.7289,0.00243,1,1,1.000,0.8380,0.0969,0.2349,11.24,0.00,1791456143.692616,2,0,0.0
assignment4_normal_20261008_194213,1791456143.529086,camera_color_optical_frame,83,640,480,1,394.5,415.2,0.2327,0.7298,0.00241,1,1,1.000,0.8370,0.0969,0.2350,12.74,0.00,1791456143.728474,2,0,0.0
assignment4_normal_20261008_194213,1791456143.562427,camera_color_optical_frame,84,640,480,1,394.3,414.8,0.2322,0.7284,0.00251,1,1,1.000,0.8380,0.0968,0.2348,15.18,0.00,1791456143.763157,2,0,0.0
assignment4_normal_20261008_194213,1791456143.629108,camera_color_optical_frame,85,640,480,1,394.3,414.8,0.2322,0.7282,0.00249,1,1,1.000,0.8390,0.0969,0.2350,12.75,0.00,1791456143.801007,2,0,0.0
assignment4_normal_20261008_194213,1791456143.662448,camera_color_optical_frame,86,640,480,1,394.2,414.7,0.2320,0.7281,0.00249,1,0,,,,,9.22,33.34,1791456143.817643,2,0,0.0
assignment4_normal_20261008_194213,1791456143.695787,camera_color_optical_frame,87,640,480,1,394.4,414.9,0.2324,0.7286,0.00248,1,0,,,,,9.11,66.68,1791456143.833140,2,0,0.0
assignment4_normal_20261008_194213,1791456143.729127,camera_color_optical_frame,88,640,480,1,394.5,415.0,0.2327,0.7291,0.00246,1,0,,,,,8.93,100.02,1791456143.851314,2,0,0.0
assignment4_normal_20261008_194213,1791456143.795804,camera_color_optical_frame,89,640,480,1,394.5,415.1,0.2327,0.7294,0.00248,1,0,,,,,12.24,166.70,1791456143.870011,2,0,0.0
assignment4_normal_20261008_194213,1791456143.829143,camera_color_optical_frame,90,640,480,1,394.5,414.9,0.2329,0.7290,0.00243,1,1,1.000,0.8400,0.0973,0.2355,12.57,0.00,1791456143.911996,2,0,0.0
assignment4_normal_20261008_194213,1791456143.862480,camera_color_optical_frame,91,640,480,1,394.3,414.8,0.2320,0.7283,0.00245,1,1,1.000,0.8390,0.0968,0.2350,11.86,0.00,1791456143.953219,2,0,0.0
assignment4_normal_20261008_194213,1791456143.895818,camera_color_optical_frame,92,640,480,1,394.3,414.9,0.2321,0.7288,0.00249,1,1,1.000,0.8370,0.0966,0.2346,10.84,0.00,1791456143.994715,2,0,0.0
assignment4_normal_20261008_194213,1791456143.929156,camera_color_optical_frame,93,640,480,1,394.5,415.2,0.2328,0.7301,0.00243,1,1,1.000,0.8390,0.0971,0.2356,12.29,0.00,1791456144.026566,2,0,0.0
assignment4_normal_20261008_194213,1791456143.962492,camera_color_optical_frame,94,640,480,1,394.2,414.5,0.2318,0.7269,0.00252,1,1,1.000,0.8390,0.0967,0.2346,15.50,0.00,1791456144.064680,2,0,0.0
assignment4_normal_20261008_194213,1791456143.995829,camera_color_optical_frame,95,640,480,1,394.4,414.9,0.2324,0.7286,0.00249,1,1,1.000,0.8370,0.0967,0.2346,12.96,0.00,1791456144.107848,2,0,0.0
assignment4_normal_20261008_194213,1791456144.029166,camera_color_optical_frame,96,640,480,1,394.4,415.1,0.2325,0.7297,0.00245,1,1,1.000,0.8370,0.0968,0.2349,12.02,0.00,1791456144.144553,2,0,0.0
assignment4_normal_20261008_194213,1791456144.062501,camera_color_optical_frame,97,640,480,1,394.3,414.9,0.2322,0.7287,0.00249,1,1,1.000,0.8350,0.0964,0.2340,11.01,0.00,1791456144.180538,2,0,0.0
assignment4_normal_20261008_194213,1791456144.095837,camera_color_optical_frame,98,640,480,1,394.4,415.1,0.2326,0.7295,0.00248,1,1,1.000,0.8380,0.0969,0.2351,10.55,0.00,1791456144.213587,2,0,0.0
assignment4_normal_20261008_194213,1791456144.129173,camera_color_optical_frame,99,640,480,1,394.2,414.8,0.2319,0.7282,0.00250,1,1,1.000,0.8380,0.0966,0.2347,11.10,0.00,1791456144.253996,2,0,0.0
assignment4_normal_20261008_194213,1791456144.162507,camera_color_optical_frame,100,640,480,1,394.4,414.8,0.2324,0.7284,0.00246,1,1,1.000,0.8390,0.0969,0.2351,11.53,0.00,1791456144.288929,2,0,0.0
assignment4_normal_20261008_194213,1791456144.195842,camera_color_optical_frame,101,640,480,1,394.3,414.9,0.2323,0.7286,0.00244,1,1,1.000,0.8390,0.0969,0.2351,12.11,0.00,1791456144.320965,2,0,0.0
assignment4_normal_20261008_194213,1791456144.229177,camera_color_optical_frame,102,640,480,1,394.3,414.7,0.2323,0.7281,0.00247,1,1,1.000,0.8370,0.0967,0.2344,13.76,0.00,1791456144.365038,2,0,0.0
assignment4_normal_20261008_194213,1791456144.262511,camera_color_optical_frame,103,640,480,1,394.3,414.7,0.2323,0.7280,0.00248,1,1,1.000,0.8380,0.0968,0.2346,14.45,0.00,1791456144.408067,2,0,0.0
assignment4_normal_20261008_194213,1791456144.295844,camera_color_optical_frame,104,640,480,1,394.4,415.2,0.2325,0.7299,0.00246,1,1,1.000,0.8380,0.0969,0.2353,12.89,0.00,1791456144.446636,2,0,0.0
assignment4_normal_20261008_194213,1791456144.329177,camera_color_optical_frame,105,640,480,1,394.2,414.8,0.2319,0.7285,0.00251,1,1,1.000,0.8390,0.0967,0.2351,14.36,0.00,1791456144.482773,2,0,0.0
assignment4_normal_20261008_194213,1791456144.362511,camera_color_optical_frame,106,640,480,1,394.3,414.8,0.2322,0.7284,0.00250,1,1,1.000,0.8380,0.0967,0.2348,13.21,0.00,1791456144.521443,2,0,0.0
assignment4_normal_20261008_194213,1791456144.395843,camera_color_optical_frame,107,640,480,1,394.4,415.0,0.2324,0.7290,0.00245,1,1,1.000,0.8350,0.0965,0.2341,13.95,0.00,1791456144.561692,2,0,0.0
assignment4_normal_20261008_194213,1791456144.429176,camera_color_optical_frame,108,640,480,1,394.3,414.9,0.2322,0.7288,0.00250,1,1,1.000,0.8350,0.0964,0.2340,14.72,0.00,1791456144.602435,2,0,0.0
assignment4_normal_20261008_194213,1791456144.462508,camera_color_optical_frame,109,640,480,1,394.5,415.0,0.2327,0.7291,0.00245,1,1,1.000,0.8370,0.0968,0.2347,14.40,0.00,1791456144.644024,2,0,0.0
assignment4_normal_20261008_194213,1791456144.495839,camera_color_optical_frame,110,640,480,1,394.4,415.1,0.2324,0.7297,0.00245,1,1,1.000,0.8390,0.0970,0.2355,12.94,0.00,1791456144.684013,2,0,0.0
assignment4_normal_20261008_194213,1791456144.529171,camera_color_optical_frame,111,640,480,1,394.2,415.0,0.2320,0.7292,0.00249,1,1,1.000,0.8370,0.0965,0.2347,11.05,0.00,1791456144.724017,2,0,0.0
assignment4_normal_20261008_194213,1791456144.562460,camera_color_optical_frame,112,640,480,1,394.3,414.8,0.2322,0.7283,0.00250,1,1,1.000,0.8380,0.0968,0.2347,11.31,0.00,1791456144.763304,2,0,0.0
assignment4_normal_20261008_194213,1791456144.595850,camera_color_optical_frame,113,640,480,1,394.3,415.0,0.2322,0.7290,0.00249,1,1,1.000,0.8390,0.0969,0.2352,11.38,0.00,1791456144.800071,2,0,0.0
assignment4_normal_20261008_194213,1791456144.629239,camera_color_optical_frame,114,640,480,1,394.2,414.7,0.2320,0.7277,0.00247,1,1,1.000,0.8350,0.0963,0.2337,12.42,0.00,1791456144.834236,2,0,0.0
assignment4_normal_20261008_194213,1791456144.696019,camera_color_optical_frame,115,640,480,1,394.3,414.9,0.2323,0.7289,0.00248,1,1,1.000,0.8380,0.0968,0.2349,12.11,0.00,1791456144.875047,2,0,0.0
assignment4_normal_20261008_194213,1791456144.729410,camera_color_optical_frame,116,640,480,1,394.4,415.0,0.2326,0.7290,0.00245,1,1,1.000,0.8390,0.0970,0.2352,13.71,0.00,1791456144.913210,2,0,0.0
assignment4_normal_20261008_194213,1791456144.762800,camera_color_optical_frame,117,640,480,1,394.3,414.8,0.2321,0.7283,0.00246,1,1,1.000,0.8390,0.0968,0.2350,12.21,0.00,1791456144.952696,2,0,0.0
assignment4_normal_20261008_194213,1791456144.796191,camera_color_optical_frame,118,640,480,1,394.3,415.1,0.2323,0.7295,0.00247,1,1,1.000,0.8380,0.0968,0.2351,12.58,0.00,1791456144.991516,2,0,0.0
assignment4_normal_20261008_194213,1791456144.829582,camera_color_optical_frame,119,640,480,1,394.4,415.0,0.2326,0.7292,0.00245,1,1,1.000,0.8370,0.0968,0.2348,10.62,0.00,1791456145.029427,2,0,0.0
assignment4_normal_20261008_194213,1791456144.862974,camera_color_optical_frame,120,640,480,1,394.4,414.8,0.2324,0.7285,0.00248,1,1,1.000,0.8380,0.0968,0.2348,12.75,0.00,1791456145.065026,2,0,0.0
assignment4_normal_20261008_194213,1791456144.896366,camera_color_optical_frame,121,640,480,1,394.4,415.0,0.2324,0.7292,0.00245,1,1,1.000,0.8350,0.0965,0.2342,11.63,0.00,1791456145.098392,2,0,0.0
assignment4_normal_20261008_194213,1791456144.963150,camera_color_optical_frame,122,640,480,1,394.5,415.1,0.2328,0.7297,0.00245,1,1,1.000,0.8400,0.0972,0.2358,13.13,0.00,1791456145.136178,2,0,0.0
assignment4_normal_20261008_194213,1791456144.996542,camera_color_optical_frame,123,640,480,1,394.4,415.0,0.2326,0.7292,0.00244,1,0,,,,,9.84,33.39,1791456145.155420,2,0,0.0
assignment4_normal_20261008_194213,1791456145.063328,camera_color_optical_frame,124,640,480,1,394.3,415.0,0.2322,0.7290,0.00247,1,0,,,,,12.59,100.18,1791456145.177301,2,0,0.0
assignment4_normal_20261008_194213,1791456145.096721,camera_color_optical_frame,125,640,480,1,394.3,414.6,0.2321,0.7276,0.00249,1,0,,,,,10.48,133.57,1791456145.194334,2,0,0.0
assignment4_normal_20261008_194213,1791456145.130115,camera_color_optical_frame,126,640,480,1,394.3,415.0,0.2323,0.7290,0.00246,1,1,1.000,0.8400,0.0970,0.2355,9.94,0.00,1791456145.221246,2,0,0.0
assignment4_normal_20261008_194213,1791456145.163509,camera_color_optical_frame,127,640,480,1,394.3,414.8,0.2323,0.7284,0.00249,1,1,1.000,0.8390,0.0969,0.2350,10.39,0.00,1791456145.256335,2,0,0.0
assignment4_normal_20261008_194213,1791456145.196903,camera_color_optical_frame,128,640,480,1,394.4,414.8,0.2324,0.7285,0.00246,1,1,1.000,0.8370,0.0967,0.2345,10.16,0.00,1791456145.292253,2,0,0.0
assignment4_normal_20261008_194213,1791456145.230297,camera_color_optical_frame,129,640,480,1,394.4,415.0,0.2324,0.7292,0.00247,1,1,1.000,0.8350,0.0965,0.2342,10.51,0.00,1791456145.323989,2,0,0.0
assignment4_normal_20261008_194213,1791456145.263691,camera_color_optical_frame,130,640,480,1,394.3,414.9,0.2323,0.7288,0.00249,1,1,1.000,0.8380,0.0968,0.2349,10.90,0.00,1791456145.357869,2,0,0.0
assignment4_normal_20261008_194213,1791456145.297086,camera_color_optical_frame,131,640,480,1,394.3,414.9,0.2323,0.7286,0.00249,1,1,1.000,0.8400,0.0970,0.2354,11.88,0.00,1791456145.390280,2,0,0.0
assignment4_normal_20261008_194213,1791456145.330481,camera_color_optical_frame,132,640,480,1,394.4,415.1,0.2326,0.7296,0.00246,1,1,1.000,0.8400,0.0971,0.2357,17.90,0.00,1791456145.439049,2,0,0.0
assignment4_normal_20261008_194213,1791456145.363877,camera_color_optical_frame,133,640,480,1,394.4,415.2,0.2325,0.7299,0.00244,1,1,1.000,0.8380,0.0969,0.2352,11.59,0.00,1791456145.466914,2,0,0.0
assignment4_normal_20261008_194213,1791456145.397272,camera_color_optical_frame,134,640,480,1,394.4,415.0,0.2325,0.7293,0.00242,1,1,1.000,0.8380,0.0969,0.2351,14.25,0.00,1791456145.503261,2,0,0.0
assignment4_normal_20261008_194213,1791456145.430668,camera_color_optical_frame,135,640,480,1,394.3,414.7,0.2322,0.7281,0.00251,1,1,1.000,0.8390,0.0968,0.2349,16.15,0.00,1791456145.540041,2,0,0.0
assignment4_normal_20261008_194213,1791456145.464064,camera_color_optical_frame,136,640,480,1,394.5,414.9,0.2327,0.7289,0.00244,1,1,1.000,0.8390,0.0971,0.2352,11.69,0.00,1791456145.576776,2,0,0.0
assignment4_normal_20261008_194213,1791456145.497461,camera_color_optical_frame,137,640,480,1,394.4,414.9,0.2324,0.7286,0.00247,1,1,1.000,0.8380,0.0968,0.2348,10.98,0.00,1791456145.615675,2,0,0.0
assignment4_normal_20261008_194213,1791456145.530857,camera_color_optical_frame,138,640,480,1,394.2,414.8,0.2320,0.7283,0.00251,1,1,1.000,0.8385,0.0967,0.2349,14.61,0.00,1791456145.653185,2,0,0.0
assignment4_normal_20261008_194213,1791456145.564254,camera_color_optical_frame,139,640,480,1,394.5,415.0,0.2327,0.7291,0.00244,1,0,,,,,9.62,33.40,1791456145.673606,2,0,0.0
assignment4_normal_20261008_194213,1791456145.597651,camera_color_optical_frame,140,640,480,1,394.4,414.8,0.2324,0.7283,0.00248,1,1,1.000,0.8380,0.0968,0.2347,15.65,0.00,1791456145.706744,2,0,0.0
assignment4_normal_20261008_194213,1791456145.631110,camera_color_optical_frame,141,640,480,1,394.4,414.9,0.2326,0.7286,0.00248,1,1,1.000,0.8410,0.0973,0.2357,14.07,0.00,1791456145.743454,2,0,0.0
assignment4_normal_20261008_194213,1791456145.664446,camera_color_optical_frame,142,640,480,1,394.4,415.0,0.2326,0.7292,0.00247,1,1,1.000,0.8350,0.0966,0.2342,13.26,0.00,1791456145.779140,2,0,0.0
assignment4_normal_20261008_194213,1791456145.697781,camera_color_optical_frame,143,640,480,1,394.4,414.8,0.2324,0.7282,0.00246,1,1,1.000,0.8400,0.0971,0.2353,16.03,0.00,1791456145.822469,2,0,0.0
assignment4_normal_20261008_194213,1791456145.731116,camera_color_optical_frame,144,640,480,1,394.5,415.3,0.2327,0.7305,0.00244,1,1,1.000,0.8380,0.0970,0.2354,12.33,0.00,1791456145.863739,2,0,0.0
assignment4_normal_20261008_194213,1791456145.764451,camera_color_optical_frame,145,640,480,1,394.5,414.9,0.2327,0.7286,0.00245,1,1,1.000,0.8380,0.0969,0.2348,10.73,0.00,1791456145.896218,2,0,0.0
assignment4_normal_20261008_194213,1791456145.797785,camera_color_optical_frame,146,640,480,1,394.2,414.7,0.2320,0.7279,0.00251,1,1,1.000,0.8390,0.0967,0.2349,12.41,0.00,1791456145.928345,2,0,0.0
assignment4_normal_20261008_194213,1791456145.831120,camera_color_optical_frame,147,640,480,1,394.3,414.8,0.2320,0.7284,0.00251,1,1,1.000,0.8350,0.0963,0.2339,10.02,0.00,1791456145.976182,2,0,0.0
assignment4_normal_20261008_194213,1791456145.864454,camera_color_optical_frame,148,640,480,1,394.3,414.9,0.2322,0.7289,0.00249,1,1,1.000,0.8380,0.0968,0.2349,14.67,0.00,1791456146.014032,2,0,0.0
assignment4_normal_20261008_194213,1791456145.897788,camera_color_optical_frame,149,640,480,1,394.2,415.0,0.2320,0.7291,0.00249,1,1,1.000,0.8400,0.0969,0.2355,12.66,0.00,1791456146.052474,2,0,0.0
assignment4_normal_20261008_194213,1791456145.931121,camera_color_optical_frame,150,640,480,1,394.4,414.9,0.2325,0.7289,0.00242,1,1,1.000,0.8390,0.0970,0.2352,10.12,0.00,1791456146.093077,2,0,0.0
assignment4_normal_20261008_194213,1791456145.964454,camera_color_optical_frame,151,640,480,1,394.4,415.1,0.2324,0.7296,0.00247,1,1,1.000,0.8350,0.0965,0.2343,10.08,0.00,1791456146.128225,2,0,0.0
assignment4_normal_20261008_194213,1791456145.997787,camera_color_optical_frame,152,640,480,1,394.3,415.0,0.2323,0.7290,0.00251,1,1,1.000,0.8390,0.0969,0.2353,13.18,0.00,1791456146.162683,2,0,0.0
assignment4_normal_20261008_194213,1791456146.031119,camera_color_optical_frame,153,640,480,1,394.3,414.9,0.2323,0.7288,0.00248,1,1,1.000,0.8380,0.0968,0.2349,13.04,0.00,1791456146.201549,2,0,0.0
assignment4_normal_20261008_194213,1791456146.064451,camera_color_optical_frame,154,640,480,1,394.4,415.0,0.2326,0.7292,0.00244,1,1,1.000,0.8380,0.0969,0.2350,12.99,0.00,1791456146.240519,2,0,0.0
assignment4_normal_20261008_194213,1791456146.097784,camera_color_optical_frame,155,640,480,1,394.3,415.0,0.2322,0.7291,0.00251,1,1,1.000,0.8380,0.0968,0.2350,12.49,0.00,1791456146.276115,2,0,0.0
assignment4_normal_20261008_194213,1791456146.131115,camera_color_optical_frame,156,640,480,1,394.4,415.1,0.2326,0.7298,0.00245,1,1,1.000,0.8370,0.0968,0.2349,12.30,0.00,1791456146.314109,2,0,0.0
assignment4_normal_20261008_194213,1791456146.164447,camera_color_optical_frame,157,640,480,1,394.3,414.9,0.2321,0.7289,0.00249,1,1,1.000,0.8380,0.0967,0.2349,10.41,0.00,1791456146.350381,2,0,0.0
assignment4_normal_20261008_194213,1791456146.197778,camera_color_optical_frame,158,640,480,1,394.5,414.9,0.2328,0.7289,0.00243,1,1,1.000,0.8350,0.0966,0.2341,13.27,0.00,1791456146.383528,2,0,0.0
assignment4_normal_20261008_194213,1791456146.231109,camera_color_optical_frame,159,640,480,1,394.3,415.1,0.2323,0.7294,0.00247,1,1,1.000,0.8370,0.0967,0.2348,11.84,0.00,1791456146.421146,2,0,0.0
assignment4_normal_20261008_194213,1791456146.264439,camera_color_optical_frame,160,640,480,1,394.3,415.1,0.2322,0.7296,0.00247,1,1,1.000,0.8370,0.0966,0.2349,11.61,0.00,1791456146.458287,2,0,0.0
assignment4_normal_20261008_194213,1791456146.297770,camera_color_optical_frame,161,640,480,1,394.3,414.6,0.2322,0.7277,0.00244,1,1,1.000,0.8340,0.0963,0.2334,11.41,0.00,1791456146.501904,2,0,0.0
assignment4_normal_20261008_194213,1791456146.331100,camera_color_optical_frame,162,640,480,1,394.3,415.1,0.2323,0.7296,0.00247,1,1,1.000,0.8380,0.0968,0.2352,9.71,0.00,1791456146.534945,2,0,0.0
assignment4_normal_20261008_194213,1791456146.397758,camera_color_optical_frame,163,640,480,1,394.4,415.0,0.2324,0.7290,0.00248,1,1,1.000,0.8350,0.0965,0.2341,9.09,0.00,1791456146.573911,2,0,0.0
assignment4_normal_20261008_194213,1791456146.431088,camera_color_optical_frame,164,640,480,1,394.5,415.3,0.2328,0.7304,0.00244,1,1,1.000,0.8340,0.0965,0.2343,12.34,0.00,1791456146.605196,2,0,0.0
assignment4_normal_20261008_194213,1791456146.464417,camera_color_optical_frame,165,640,480,1,394.4,414.9,0.2323,0.7286,0.00248,1,1,1.000,0.8350,0.0965,0.2340,12.62,0.00,1791456146.643620,2,0,0.0
assignment4_normal_20261008_194213,1791456146.497745,camera_color_optical_frame,166,640,480,1,394.4,414.9,0.2326,0.7287,0.00245,1,1,1.000,0.8390,0.0970,0.2351,13.15,0.00,1791456146.683563,2,0,0.0
assignment4_normal_20261008_194213,1791456146.531073,camera_color_optical_frame,167,640,480,1,394.2,414.7,0.2320,0.7281,0.00249,1,1,1.000,0.8390,0.0968,0.2349,12.69,0.00,1791456146.724542,2,0,0.0
assignment4_normal_20261008_194213,1791456146.564409,camera_color_optical_frame,168,640,480,1,394.5,415.0,0.2327,0.7293,0.00243,1,0,,,,,8.45,33.33,1791456146.741325,2,0,0.0
assignment4_normal_20261008_194213,1791456146.631059,camera_color_optical_frame,169,640,480,1,394.4,414.8,0.2324,0.7285,0.00247,1,0,,,,,7.81,99.99,1791456146.757947,2,0,0.0
assignment4_normal_20261008_194213,1791456146.697709,camera_color_optical_frame,170,640,480,1,394.1,414.5,0.2317,0.7272,0.00253,1,0,,,,,10.21,166.64,1791456146.776528,2,0,0.0
assignment4_normal_20261008_194213,1791456146.731033,camera_color_optical_frame,171,640,480,1,394.4,415.2,0.2324,0.7298,0.00248,1,1,1.000,0.8390,0.0969,0.2355,11.84,0.00,1791456146.817635,2,0,0.0
assignment4_normal_20261008_194213,1791456146.764357,camera_color_optical_frame,172,640,480,1,394.3,415.1,0.2323,0.7298,0.00247,1,1,1.000,0.8400,0.0970,0.2358,11.45,0.00,1791456146.864115,2,0,0.0
assignment4_normal_20261008_194213,1791456146.797680,camera_color_optical_frame,173,640,480,1,394.2,414.7,0.2320,0.7279,0.00251,1,1,1.000,0.8390,0.0968,0.2349,11.62,0.00,1791456146.898798,2,0,0.0
assignment4_normal_20261008_194213,1791456146.831003,camera_color_optical_frame,174,640,480,1,394.4,415.1,0.2325,0.7298,0.00246,1,1,1.000,0.8370,0.0968,0.2349,11.43,0.00,1791456146.941301,2,0,0.0
assignment4_normal_20261008_194213,1791456146.864326,camera_color_optical_frame,175,640,480,1,394.3,414.9,0.2321,0.7289,0.00247,1,1,1.000,0.8380,0.0967,0.2349,12.04,0.00,1791456146.981499,2,0,0.0
assignment4_normal_20261008_194213,1791456146.897648,camera_color_optical_frame,176,640,480,1,394.4,415.1,0.2324,0.7297,0.00247,1,1,1.000,0.8370,0.0967,0.2349,13.11,0.00,1791456147.014582,2,0,0.0
assignment4_normal_20261008_194213,1791456146.930970,camera_color_optical_frame,177,640,480,1,394.4,415.1,0.2325,0.7296,0.00243,1,1,1.000,0.8410,0.0972,0.2360,11.84,0.00,1791456147.051411,2,0,0.0
assignment4_normal_20261008_194213,1791456146.964292,camera_color_optical_frame,178,640,480,1,394.5,415.0,0.2327,0.7293,0.00247,1,1,1.000,0.8400,0.0972,0.2356,16.75,0.00,1791456147.095023,2,0,0.0
assignment4_normal_20261008_194213,1791456146.997613,camera_color_optical_frame,179,640,480,1,394.3,414.7,0.2321,0.7281,0.00250,1,0,,,,,11.08,33.32,1791456147.116898,2,0,0.0
assignment4_normal_20261008_194213,1791456147.030933,camera_color_optical_frame,180,640,480,1,394.2,414.6,0.2320,0.7276,0.00251,1,1,1.000,0.8380,0.0966,0.2345,15.44,0.00,1791456147.148058,2,0,0.0
assignment4_normal_20261008_194213,1791456147.064254,camera_color_optical_frame,181,640,480,1,394.4,415.1,0.2326,0.7296,0.00247,1,1,1.000,0.8370,0.0968,0.2349,14.14,0.00,1791456147.177681,2,0,0.0
assignment4_normal_20261008_194213,1791456147.097574,camera_color_optical_frame,182,640,480,1,394.4,415.0,0.2324,0.7292,0.00246,1,1,1.000,0.8370,0.0967,0.2348,11.31,0.00,1791456147.210682,2,0,0.0
assignment4_normal_20261008_194213,1791456147.130893,camera_color_optical_frame,183,640,480,1,394.3,414.7,0.2322,0.7280,0.00245,1,1,1.000,0.8380,0.0967,0.2346,14.16,0.00,1791456147.243961,2,0,0.0
assignment4_normal_20261008_194213,1791456147.164212,camera_color_optical_frame,184,640,480,1,394.4,414.9,0.2326,0.7290,0.00243,1,1,1.000,0.8390,0.0970,0.2352,15.97,0.00,1791456147.278617,2,0,0.0
assignment4_normal_20261008_194213,1791456147.197531,camera_color_optical_frame,185,640,480,1,394.3,414.9,0.2322,0.7288,0.00249,1,0,,,,,10.19,33.32,1791456147.294831,2,0,0.0
assignment4_normal_20261008_194213,1791456147.230850,camera_color_optical_frame,186,640,480,1,394.3,414.7,0.2321,0.7277,0.00251,1,1,1.000,0.8330,0.0961,0.2331,11.82,0.00,1791456147.325517,2,0,0.0
assignment4_normal_20261008_194213,1791456147.264167,camera_color_optical_frame,187,640,480,1,394.3,414.8,0.2323,0.7284,0.00248,1,1,1.000,0.8370,0.0967,0.2345,9.47,0.00,1791456147.352059,2,0,0.0
assignment4_normal_20261008_194213,1791456147.297485,camera_color_optical_frame,188,640,480,1,394.4,414.9,0.2324,0.7286,0.00244,1,0,,,,,6.76,33.32,1791456147.363632,2,0,0.0
assignment4_normal_20261008_194213,1791456147.330802,camera_color_optical_frame,189,640,480,1,394.4,415.2,0.2325,0.7299,0.00248,1,1,1.000,0.8380,0.0969,0.2353,12.10,0.00,1791456147.418343,2,0,0.0
assignment4_normal_20261008_194213,1791456147.364119,camera_color_optical_frame,190,640,480,1,394.2,414.8,0.2319,0.7284,0.00252,1,1,1.000,0.8380,0.0966,0.2347,12.70,0.00,1791456147.454791,2,0,0.0
assignment4_normal_20261008_194213,1791456147.397435,camera_color_optical_frame,191,640,480,1,394.3,414.8,0.2322,0.7284,0.00249,1,1,1.000,0.8350,0.0964,0.2339,12.22,0.00,1791456147.493244,2,0,0.0
assignment4_normal_20261008_194213,1791456147.430752,camera_color_optical_frame,192,640,480,1,394.2,414.7,0.2320,0.7281,0.00251,1,1,1.000,0.8370,0.0965,0.2344,12.10,0.00,1791456147.531377,2,0,0.0
assignment4_normal_20261008_194213,1791456147.464067,camera_color_optical_frame,193,640,480,1,394.5,415.2,0.2328,0.7298,0.00244,1,1,1.000,0.8370,0.0969,0.2349,11.57,0.00,1791456147.570834,2,0,0.0
assignment4_normal_20261008_194213,1791456147.497382,camera_color_optical_frame,194,640,480,1,394.4,414.9,0.2324,0.7289,0.00247,1,1,1.000,0.8350,0.0965,0.2341,12.21,0.00,1791456147.606250,2,0,0.0
assignment4_normal_20261008_194213,1791456147.530697,camera_color_optical_frame,195,640,480,1,394.4,414.9,0.2325,0.7288,0.00246,1,1,1.000,0.8370,0.0968,0.2346,13.99,0.00,1791456147.643244,2,0,0.0
assignment4_normal_20261008_194213,1791456147.564012,camera_color_optical_frame,196,640,480,1,394.3,414.7,0.2322,0.7279,0.00250,1,1,1.000,0.8390,0.0968,0.2349,12.59,0.00,1791456147.678593,2,0,0.0
assignment4_normal_20261008_194213,1791456147.597326,camera_color_optical_frame,197,640,480,1,394.3,414.9,0.2322,0.7285,0.00250,1,1,1.000,0.8380,0.0967,0.2348,11.65,0.00,1791456147.720304,2,0,0.0
assignment4_normal_20261008_194213,1791456147.630607,camera_color_optical_frame,198,640,480,1,394.4,414.9,0.2323,0.7287,0.00250,1,1,1.000,0.8340,0.0963,0.2337,13.87,0.00,1791456147.755523,2,0,0.0
assignment4_normal_20261008_194213,1791456147.663954,camera_color_optical_frame,199,640,480,1,394.4,415.0,0.2325,0.7291,0.00247,1,1,1.000,0.8370,0.0968,0.2347,11.50,0.00,1791456147.790940,2,0,0.0
assignment4_normal_20261008_194213,1791456147.697302,camera_color_optical_frame,200,640,480,1,394.3,414.7,0.2322,0.7281,0.00246,1,1,1.000,0.8350,0.0964,0.2338,11.19,0.00,1791456147.834183,2,0,0.0
assignment4_normal_20261008_194213,1791456147.730649,camera_color_optical_frame,201,640,480,1,394.4,415.0,0.2325,0.7292,0.00245,1,1,1.000,0.8350,0.0965,0.2342,12.18,0.00,1791456147.864037,2,0,0.0
assignment4_normal_20261008_194213,1791456147.763996,camera_color_optical_frame,202,640,480,1,394.4,415.1,0.2324,0.7297,0.00248,1,1,1.000,0.8380,0.0968,0.2352,12.23,0.00,1791456147.902509,2,0,0.0
assignment4_normal_20261008_194213,1791456147.797343,camera_color_optical_frame,203,640,480,1,394.3,414.8,0.2321,0.7285,0.00251,1,1,1.000,0.8370,0.0966,0.2345,10.23,0.00,1791456147.939053,2,0,0.0
assignment4_normal_20261008_194213,1791456147.830690,camera_color_optical_frame,204,640,480,1,394.5,415.2,0.2327,0.7300,0.00245,1,1,1.000,0.8380,0.0970,0.2353,12.71,0.00,1791456147.974351,2,0,0.0
assignment4_normal_20261008_194213,1791456147.864038,camera_color_optical_frame,205,640,480,1,394.2,414.9,0.2318,0.7286,0.00252,1,1,1.000,0.8390,0.0967,0.2351,12.27,0.00,1791456148.014265,2,0,0.0
assignment4_normal_20261008_194213,1791456147.897384,camera_color_optical_frame,206,640,480,1,394.4,415.1,0.2324,0.7296,0.00245,1,1,1.000,0.8380,0.0968,0.2352,12.93,0.00,1791456148.051371,2,0,0.0
assignment4_normal_20261008_194213,1791456147.930731,camera_color_optical_frame,207,640,480,1,394.4,415.0,0.2325,0.7292,0.00247,1,1,1.000,0.8400,0.0971,0.2356,11.28,0.00,1791456148.088388,2,0,0.0
assignment4_normal_20261008_194213,1791456147.964078,camera_color_optical_frame,208,640,480,1,394.2,414.9,0.2318,0.7286,0.00251,1,1,1.000,0.8390,0.0967,0.2351,11.81,0.00,1791456148.124078,2,0,0.0
assignment4_normal_20261008_194213,1791456147.997425,camera_color_optical_frame,209,640,480,1,394.4,415.4,0.2326,0.7306,0.00246,1,1,1.000,0.8350,0.0966,0.2347,11.44,0.00,1791456148.158782,2,0,0.0
assignment4_normal_20261008_194213,1791456148.030771,camera_color_optical_frame,210,640,480,1,394.3,414.8,0.2322,0.7285,0.00249,1,1,1.000,0.8340,0.0963,0.2337,11.11,0.00,1791456148.195352,2,0,0.0
assignment4_normal_20261008_194213,1791456148.064118,camera_color_optical_frame,211,640,480,1,394.4,415.1,0.2325,0.7294,0.00245,1,1,1.000,0.8380,0.0969,0.2351,10.97,0.00,1791456148.233352,2,0,0.0
assignment4_normal_20261008_194213,1791456148.097464,camera_color_optical_frame,212,640,480,1,394.2,414.8,0.2319,0.7283,0.00250,1,1,1.000,0.8390,0.0967,0.2350,9.91,0.00,1791456148.271378,2,0,0.0
assignment4_normal_20261008_194213,1791456148.130810,camera_color_optical_frame,213,640,480,1,394.4,414.9,0.2326,0.7286,0.00249,1,1,1.000,0.8350,0.0965,0.2340,11.25,0.00,1791456148.300618,2,0,0.0
assignment4_normal_20261008_194213,1791456148.164157,camera_color_optical_frame,214,640,480,1,394.3,414.6,0.2321,0.7275,0.00251,1,1,1.000,0.8370,0.0966,0.2342,12.54,0.00,1791456148.339323,2,0,0.0
assignment4_normal_20261008_194213,1791456148.197503,camera_color_optical_frame,215,640,480,1,394.4,414.9,0.2324,0.7287,0.00246,1,1,1.000,0.8380,0.0968,0.2349,13.23,0.00,1791456148.376510,2,0,0.0
assignment4_normal_20261008_194213,1791456148.230849,camera_color_optical_frame,216,640,480,1,394.4,414.9,0.2324,0.7286,0.00248,1,1,1.000,0.8370,0.0967,0.2346,12.08,0.00,1791456148.414155,2,0,0.0
assignment4_normal_20261008_194213,1791456148.264195,camera_color_optical_frame,217,640,480,1,394.4,414.8,0.2326,0.7285,0.00247,1,1,1.000,0.8410,0.0973,0.2356,12.77,0.00,1791456148.447577,2,0,0.0
assignment4_normal_20261008_194213,1791456148.297541,camera_color_optical_frame,218,640,480,1,394.2,414.5,0.2319,0.7269,0.00250,1,1,1.000,0.8390,0.0967,0.2345,14.11,0.00,1791456148.484096,2,0,0.0
assignment4_normal_20261008_194213,1791456148.330887,camera_color_optical_frame,219,640,480,1,394.4,415.0,0.2326,0.7290,0.00244,1,1,1.000,0.8350,0.0966,0.2341,12.02,0.00,1791456148.522856,2,0,0.0
assignment4_normal_20261008_194213,1791456148.364233,camera_color_optical_frame,220,640,480,1,394.4,415.0,0.2325,0.7290,0.00246,1,1,1.000,0.8350,0.0965,0.2341,10.94,0.00,1791456148.558585,2,0,0.0
assignment4_normal_20261008_194213,1791456148.397578,camera_color_optical_frame,221,640,480,1,394.3,414.8,0.2321,0.7284,0.00248,1,1,1.000,0.8390,0.0968,0.2350,10.91,0.00,1791456148.595050,2,0,0.0
assignment4_normal_20261008_194213,1791456148.430924,camera_color_optical_frame,222,640,480,1,394.5,415.0,0.2327,0.7292,0.00247,1,1,1.000,0.8350,0.0966,0.2342,11.98,0.00,1791456148.633408,2,0,0.0
assignment4_normal_20261008_194213,1791456148.497615,camera_color_optical_frame,223,640,480,1,394.4,414.9,0.2326,0.7288,0.00248,1,1,1.000,0.8390,0.0970,0.2352,9.83,0.00,1791456148.669079,2,0,0.0
assignment4_normal_20261008_194213,1791456148.530960,camera_color_optical_frame,224,640,480,1,394.3,414.6,0.2323,0.7275,0.00248,1,1,1.000,0.8340,0.0963,0.2334,13.07,0.00,1791456148.701283,2,0,0.0
assignment4_normal_20261008_194213,1791456148.564305,camera_color_optical_frame,225,640,480,1,394.3,414.6,0.2323,0.7275,0.00247,1,1,1.000,0.8350,0.0964,0.2336,11.92,0.00,1791456148.741926,2,0,0.0
assignment4_normal_20261008_194213,1791456148.597656,camera_color_optical_frame,226,640,480,1,394.5,415.0,0.2328,0.7291,0.00245,1,1,1.000,0.8390,0.0971,0.2353,11.73,0.00,1791456148.777221,2,0,0.0
assignment4_normal_20261008_194213,1791456148.631007,camera_color_optical_frame,227,640,480,1,394.3,414.7,0.2322,0.7280,0.00247,1,1,1.000,0.8330,0.0962,0.2332,13.77,0.00,1791456148.814935,2,0,0.0
assignment4_normal_20261008_194213,1791456148.664359,camera_color_optical_frame,228,640,480,1,394.3,414.7,0.2323,0.7277,0.00247,1,1,1.000,0.8350,0.0964,0.2337,12.62,0.00,1791456148.852223,2,0,0.0
assignment4_normal_20261008_194213,1791456148.697710,camera_color_optical_frame,229,640,480,1,394.3,414.8,0.2321,0.7283,0.00250,1,1,1.000,0.8340,0.0962,0.2336,11.96,0.00,1791456148.886357,2,0,0.0
assignment4_normal_20261008_194213,1791456148.731060,camera_color_optical_frame,230,640,480,1,394.4,414.7,0.2324,0.7279,0.00246,1,1,1.000,0.8390,0.0969,0.2349,12.78,0.00,1791456148.923037,2,0,0.0
assignment4_normal_20261008_194213,1791456148.764411,camera_color_optical_frame,231,640,480,1,394.4,415.1,0.2326,0.7295,0.00249,1,1,1.000,0.8350,0.0966,0.2343,12.34,0.00,1791456148.960887,2,0,0.0
assignment4_normal_20261008_194213,1791456148.797762,camera_color_optical_frame,232,640,480,1,394.4,414.9,0.2325,0.7288,0.00248,1,1,1.000,0.8350,0.0965,0.2341,10.06,0.00,1791456148.997711,2,0,0.0
assignment4_normal_20261008_194213,1791456148.831113,camera_color_optical_frame,233,640,480,1,394.4,414.7,0.2325,0.7279,0.00247,1,1,1.000,0.8370,0.0968,0.2343,12.55,0.00,1791456149.033211,2,0,0.0
assignment4_normal_20261008_194213,1791456148.897815,camera_color_optical_frame,234,640,480,1,394.4,414.8,0.2324,0.7282,0.00248,1,1,1.000,0.8390,0.0969,0.2350,11.66,0.00,1791456149.075266,2,0,0.0
assignment4_normal_20261008_194213,1791456148.931165,camera_color_optical_frame,235,640,480,1,394.3,414.8,0.2322,0.7284,0.00250,1,1,1.000,0.8380,0.0968,0.2348,10.52,0.00,1791456149.111560,2,0,0.0
assignment4_normal_20261008_194213,1791456148.964516,camera_color_optical_frame,236,640,480,1,394.5,415.1,0.2327,0.7295,0.00243,1,1,1.000,0.8350,0.0966,0.2343,12.09,0.00,1791456149.144614,2,0,0.0
assignment4_normal_20261008_194213,1791456148.997866,camera_color_optical_frame,237,640,480,1,394.2,414.6,0.2319,0.7276,0.00253,1,1,1.000,0.8370,0.0965,0.2342,13.05,0.00,1791456149.182236,2,0,0.0
assignment4_normal_20261008_194213,1791456149.031217,camera_color_optical_frame,238,640,480,1,394.4,414.8,0.2325,0.7285,0.00248,1,1,1.000,0.8380,0.0969,0.2348,13.08,0.00,1791456149.219036,2,0,0.0
assignment4_normal_20261008_194213,1791456149.064567,camera_color_optical_frame,239,640,480,1,394.4,414.8,0.2326,0.7283,0.00244,1,1,1.000,0.8370,0.0968,0.2345,11.88,0.00,1791456149.258204,2,0,0.0
assignment4_normal_20261008_194213,1791456149.097918,camera_color_optical_frame,240,640,480,1,394.3,414.8,0.2323,0.7283,0.00248,1,1,1.000,0.8330,0.0962,0.2333,11.58,0.00,1791456149.295476,2,0,0.0
assignment4_normal_20261008_194213,1791456149.131268,camera_color_optical_frame,241,640,480,1,394.3,414.8,0.2323,0.7285,0.00250,1,1,1.000,0.8380,0.0968,0.2348,10.31,0.00,1791456149.334557,2,0,0.0
assignment4_normal_20261008_194213,1791456149.164618,camera_color_optical_frame,242,640,480,1,394.5,415.1,0.2328,0.7294,0.00245,1,1,1.000,0.8400,0.0972,0.2357,12.56,0.00,1791456149.371523,2,0,0.0
assignment4_normal_20261008_194213,1791456149.231319,camera_color_optical_frame,243,640,480,1,394.2,414.8,0.2320,0.7282,0.00254,1,1,1.000,0.8410,0.0970,0.2355,10.62,0.00,1791456149.406665,2,0,0.0
assignment4_normal_20261008_194213,1791456149.264669,camera_color_optical_frame,244,640,480,1,394.4,414.8,0.2325,0.7284,0.00249,1,1,1.000,0.8370,0.0967,0.2345,11.45,0.00,1791456149.444005,2,0,0.0
assignment4_normal_20261008_194213,1791456149.298019,camera_color_optical_frame,245,640,480,1,394.3,414.8,0.2323,0.7284,0.00248,1,1,1.000,0.8370,0.0967,0.2345,11.11,0.00,1791456149.479694,2,0,0.0
assignment4_normal_20261008_194213,1791456149.331369,camera_color_optical_frame,246,640,480,1,394.4,415.1,0.2325,0.7294,0.00249,1,1,1.000,0.8340,0.0964,0.2340,10.63,0.00,1791456149.515472,2,0,0.0
assignment4_normal_20261008_194213,1791456149.364719,camera_color_optical_frame,247,640,480,1,394.5,415.3,0.2329,0.7304,0.00245,1,1,1.000,0.8370,0.0969,0.2351,11.26,0.00,1791456149.552140,2,0,0.0
assignment4_normal_20261008_194213,1791456149.398069,camera_color_optical_frame,248,640,480,1,394.4,415.2,0.2326,0.7298,0.00245,1,1,1.000,0.8380,0.0969,0.2352,10.90,0.00,1791456149.587443,2,0,0.0
assignment4_normal_20261008_194213,1791456149.431419,camera_color_optical_frame,249,640,480,1,394.4,415.2,0.2325,0.7299,0.00246,1,1,1.000,0.8350,0.0965,0.2344,12.11,0.00,1791456149.622303,2,0,0.0
assignment4_normal_20261008_194213,1791456149.464769,camera_color_optical_frame,250,640,480,1,394.3,415.0,0.2323,0.7292,0.00247,1,1,1.000,0.8360,0.0966,0.2344,12.12,0.00,1791456149.660175,2,0,0.0
assignment4_normal_20261008_194213,1791456149.498119,camera_color_optical_frame,251,640,480,1,394.4,415.3,0.2324,0.7303,0.00246,1,1,1.000,0.8350,0.0965,0.2346,11.21,0.00,1791456149.695251,2,0,0.0
assignment4_normal_20261008_194213,1791456149.531468,camera_color_optical_frame,252,640,480,1,394.4,415.2,0.2326,0.7299,0.00248,1,1,1.000,0.8350,0.0966,0.2344,11.82,0.00,1791456149.732445,2,0,0.0
assignment4_normal_20261008_194213,1791456149.598166,camera_color_optical_frame,253,640,480,1,394.4,415.1,0.2325,0.7295,0.00249,1,1,1.000,0.8350,0.0965,0.2343,9.88,0.00,1791456149.771590,2,0,0.0
assignment4_normal_20261008_194213,1791456149.631515,camera_color_optical_frame,254,640,480,1,394.4,415.1,0.2325,0.7297,0.00244,1,1,1.000,0.8400,0.0971,0.2358,12.01,0.00,1791456149.806011,2,0,0.0
assignment4_normal_20261008_194213,1791456149.664863,camera_color_optical_frame,255,640,480,1,394.4,415.1,0.2326,0.7297,0.00247,1,1,1.000,0.8370,0.0968,0.2349,12.23,0.00,1791456149.838649,2,0,0.0
assignment4_normal_20261008_194213,1791456149.698212,camera_color_optical_frame,256,640,480,1,394.5,415.1,0.2328,0.7298,0.00246,1,1,1.000,0.8380,0.0970,0.2352,12.94,0.00,1791456149.876114,2,0,0.0
assignment4_normal_20261008_194213,1791456149.731560,camera_color_optical_frame,257,640,480,1,394.4,415.1,0.2325,0.7295,0.00247,1,1,1.000,0.8390,0.0970,0.2354,11.58,0.00,1791456149.914924,2,0,0.0
assignment4_normal_20261008_194213,1791456149.764908,camera_color_optical_frame,258,640,480,1,394.3,414.6,0.2321,0.7274,0.00248,1,1,1.000,0.8370,0.0966,0.2341,12.32,0.00,1791456149.952350,2,0,0.0
assignment4_normal_20261008_194213,1791456149.798256,camera_color_optical_frame,259,640,480,1,394.2,414.7,0.2320,0.7277,0.00251,1,1,1.000,0.8370,0.0965,0.2343,12.26,0.00,1791456149.987226,2,0,0.0
assignment4_normal_20261008_194213,1791456149.831604,camera_color_optical_frame,260,640,480,1,394.4,415.0,0.2326,0.7292,0.00247,1,1,1.000,0.8380,0.0969,0.2350,11.57,0.00,1791456150.023092,2,0,0.0
assignment4_normal_20261008_194213,1791456149.864952,camera_color_optical_frame,261,640,480,1,394.2,414.5,0.2318,0.7272,0.00250,1,1,1.000,0.8350,0.0962,0.2335,11.91,0.00,1791456150.061240,2,0,0.0
assignment4_normal_20261008_194213,1791456149.898300,camera_color_optical_frame,262,640,480,1,394.2,414.7,0.2319,0.7279,0.00250,1,1,1.000,0.8370,0.0965,0.2343,11.97,0.00,1791456150.096401,2,0,0.0
assignment4_normal_20261008_194213,1791456149.931647,camera_color_optical_frame,263,640,480,1,394.3,414.8,0.2323,0.7284,0.00249,1,1,1.000,0.8350,0.0964,0.2339,12.56,0.00,1791456150.132088,2,0,0.0
assignment4_normal_20261008_194213,1791456149.998342,camera_color_optical_frame,264,640,480,1,394.3,414.9,0.2323,0.7288,0.00248,1,0,,,,,8.05,66.69,1791456150.149991,2,0,0.0
assignment4_normal_20261008_194213,1791456150.031689,camera_color_optical_frame,265,640,480,1,394.3,414.9,0.2321,0.7287,0.00250,1,1,1.000,0.8380,0.0967,0.2349,11.99,0.00,1791456150.183086,2,0,0.0
assignment4_normal_20261008_194213,1791456150.065036,camera_color_optical_frame,266,640,480,1,394.4,415.1,0.2326,0.7296,0.00243,1,1,1.000,0.8370,0.0968,0.2349,16.53,0.00,1791456150.224096,2,0,0.0
assignment4_normal_20261008_194213,1791456150.098383,camera_color_optical_frame,267,640,480,1,394.2,415.0,0.2320,0.7291,0.00249,1,1,1.000,0.8350,0.0963,0.2341,10.07,0.00,1791456150.257685,2,0,0.0
assignment4_normal_20261008_194213,1791456150.131730,camera_color_optical_frame,268,640,480,1,394.4,415.0,0.2324,0.7292,0.00246,1,1,1.000,0.8370,0.0967,0.2348,10.48,0.00,1791456150.295400,2,0,0.0
assignment4_normal_20261008_194213,1791456150.165076,camera_color_optical_frame,269,640,480,1,394.5,415.3,0.2328,0.7304,0.00246,1,1,1.000,0.8380,0.0970,0.2354,8.75,0.00,1791456150.334596,2,0,0.0
assignment4_normal_20261008_194213,1791456150.198423,camera_color_optical_frame,270,640,480,1,394.4,414.9,0.2324,0.7288,0.00249,1,1,1.000,0.8370,0.0967,0.2346,10.21,0.00,1791456150.369457,2,0,0.0
assignment4_normal_20261008_194213,1791456150.231770,camera_color_optical_frame,271,640,480,1,394.4,414.8,0.2324,0.7285,0.00248,1,1,1.000,0.8380,0.0968,0.2348,11.60,0.00,1791456150.406040,2,0,0.0
assignment4_normal_20261008_194213,1791456150.265115,camera_color_optical_frame,272,640,480,1,394.4,415.1,0.2326,0.7295,0.00246,1,1,1.000,0.8380,0.0969,0.2351,13.01,0.00,1791456150.441760,2,0,0.0
assignment4_normal_20261008_194213,1791456150.298462,camera_color_optical_frame,273,640,480,1,394.2,414.8,0.2320,0.7283,0.00252,1,1,1.000,0.8400,0.0969,0.2353,12.27,0.00,1791456150.478555,2,0,0.0
assignment4_normal_20261008_194213,1791456150.331808,camera_color_optical_frame,274,640,480,1,394.4,414.9,0.2324,0.7286,0.00247,1,1,1.000,0.8380,0.0968,0.2348,11.20,0.00,1791456150.514387,2,0,0.0
assignment4_normal_20261008_194213,1791456150.365154,camera_color_optical_frame,275,640,480,1,394.4,415.0,0.2326,0.7291,0.00246,1,1,1.000,0.8380,0.0969,0.2350,11.81,0.00,1791456150.552949,2,0,0.0
assignment4_normal_20261008_194213,1791456150.398499,camera_color_optical_frame,276,640,480,1,394.4,415.0,0.2324,0.7293,0.00248,1,1,1.000,0.8350,0.0965,0.2342,11.25,0.00,1791456150.590382,2,0,0.0
assignment4_normal_20261008_194213,1791456150.431845,camera_color_optical_frame,277,640,480,1,394.4,415.0,0.2324,0.7291,0.00247,1,1,1.000,0.8390,0.0969,0.2353,13.86,0.00,1791456150.625406,2,0,0.0
assignment4_normal_20261008_194213,1791456150.465190,camera_color_optical_frame,278,640,480,1,394.4,415.0,0.2326,0.7291,0.00245,1,1,1.000,0.8400,0.0972,0.2356,11.52,0.00,1791456150.661536,2,0,0.0
assignment4_normal_20261008_194213,1791456150.498536,camera_color_optical_frame,279,640,480,1,394.3,414.7,0.2320,0.7278,0.00246,1,1,1.000,0.8350,0.0963,0.2337,11.12,0.00,1791456150.698610,2,0,0.0
assignment4_normal_20261008_194213,1791456150.531882,camera_color_optical_frame,280,640,480,1,394.3,414.6,0.2322,0.7277,0.00250,1,1,1.000,0.8350,0.0964,0.2337,12.13,0.00,1791456150.737204,2,0,0.0
assignment4_normal_20261008_194213,1791456150.598583,camera_color_optical_frame,281,640,480,1,394.4,414.9,0.2325,0.7288,0.00246,1,1,1.000,0.8370,0.0968,0.2346,9.34,0.00,1791456150.775494,2,0,0.0
assignment4_normal_20261008_194213,1791456150.631934,camera_color_optical_frame,282,640,480,1,394.3,414.9,0.2322,0.7286,0.00250,1,1,1.000,0.8370,0.0966,0.2346,13.06,0.00,1791456150.816910,2,0,0.0
assignment4_normal_20261008_194213,1791456150.665284,camera_color_optical_frame,283,640,480,1,394.5,415.1,0.2327,0.7297,0.00245,1,1,1.000,0.8380,0.0970,0.2352,12.43,0.00,1791456150.845846,2,0,0.0
assignment4_normal_20261008_194213,1791456150.698635,camera_color_optical_frame,284,640,480,1,394.4,414.6,0.2324,0.7275,0.00246,1,1,1.000,0.8350,0.0965,0.2336,10.43,0.00,1791456150.885951,2,0,0.0
assignment4_normal_20261008_194213,1791456150.731985,camera_color_optical_frame,285,640,480,1,394.4,415.0,0.2324,0.7292,0.00247,1,1,1.000,0.8370,0.0967,0.2347,10.84,0.00,1791456150.920289,2,0,0.0
assignment4_normal_20261008_194213,1791456150.765336,camera_color_optical_frame,286,640,480,1,394.3,414.7,0.2323,0.7280,0.00250,1,1,1.000,0.8390,0.0969,0.2349,18.10,0.00,1791456150.957960,2,0,0.0
assignment4_normal_20261008_194213,1791456150.832036,camera_color_optical_frame,287,640,480,1,394.3,414.9,0.2323,0.7288,0.00250,1,0,,,,,12.01,66.70,1791456150.979378,2,0,0.0
assignment4_normal_20261008_194213,1791456150.898736,camera_color_optical_frame,288,640,480,1,394.4,415.1,0.2324,0.7295,0.00248,1,0,,,,,7.89,133.40,1791456150.995981,2,0,0.0
assignment4_normal_20261008_194213,1791456150.932086,camera_color_optical_frame,289,640,480,1,394.4,415.0,0.2324,0.7292,0.00247,1,0,,,,,11.14,166.75,1791456151.017223,2,0,0.0
assignment4_normal_20261008_194213,1791456150.965436,camera_color_optical_frame,290,640,480,1,394.4,414.8,0.2325,0.7285,0.00246,1,1,1.000,0.8390,0.0970,0.2351,11.45,0.00,1791456151.058654,2,0,0.0
assignment4_normal_20261008_194213,1791456150.998786,camera_color_optical_frame,291,640,480,1,394.3,414.9,0.2323,0.7287,0.00250,1,1,1.000,0.8380,0.0968,0.2348,11.90,0.00,1791456151.090793,2,0,0.0
assignment4_normal_20261008_194213,1791456151.032135,camera_color_optical_frame,292,640,480,1,394.3,415.0,0.2321,0.7292,0.00249,1,1,1.000,0.8380,0.0967,0.2350,11.64,0.00,1791456151.120083,2,0,0.0
assignment4_normal_20261008_194213,1791456151.065485,camera_color_optical_frame,293,640,480,1,394.4,415.0,0.2326,0.7291,0.00245,1,1,1.000,0.8370,0.0968,0.2347,11.81,0.00,1791456151.155319,2,0,0.0
assignment4_normal_20261008_194213,1791456151.098835,camera_color_optical_frame,294,640,480,1,394.4,414.9,0.2324,0.7289,0.00249,1,1,1.000,0.8370,0.0967,0.2346,11.55,0.00,1791456151.186168,2,0,0.0
assignment4_normal_20261008_194213,1791456151.132184,camera_color_optical_frame,295,640,480,1,394.4,414.9,0.2326,0.7289,0.00245,1,1,1.000,0.8350,0.0966,0.2341,10.31,0.00,1791456151.215430,2,0,0.0
assignment4_normal_20261008_194213,1791456151.165534,camera_color_optical_frame,296,640,480,1,394.4,415.0,0.2325,0.7293,0.00245,1,0,,,,,15.22,33.35,1791456151.241369,2,0,0.0
assignment4_normal_20261008_194213,1791456151.198883,camera_color_optical_frame,297,640,480,1,394.2,414.9,0.2320,0.7289,0.00250,1,1,1.000,0.8390,0.0968,0.2352,9.85,0.00,1791456151.285786,2,0,0.0
assignment4_normal_20261008_194213,1791456151.232232,camera_color_optical_frame,298,640,480,1,394.4,414.9,0.2325,0.7288,0.00244,1,1,1.000,0.8400,0.0971,0.2355,11.27,0.00,1791456151.319703,2,0,0.0
assignment4_normal_20261008_194213,1791456151.265581,camera_color_optical_frame,299,640,480,1,394.4,415.0,0.2325,0.7291,0.00244,1,1,1.000,0.8400,0.0971,0.2356,12.91,0.00,1791456151.361423,2,0,0.0
assignment4_normal_20261008_194213,1791456151.298930,camera_color_optical_frame,300,640,480,1,394.4,414.9,0.2325,0.7288,0.00247,1,1,1.000,0.8370,0.0967,0.2346,10.37,0.00,1791456151.387794,2,0,0.0
assignment4_normal_20261008_194213,1791456151.332279,camera_color_optical_frame,301,640,480,1,394.2,414.8,0.2320,0.7284,0.00252,1,0,,,,,15.41,33.35,1791456151.408769,2,0,0.0
assignment4_normal_20261008_194213,1791456151.365628,camera_color_optical_frame,302,640,480,1,394.5,415.0,0.2328,0.7292,0.00243,1,1,1.000,0.8350,0.0966,0.2342,13.47,0.00,1791456151.452164,2,0,0.0
assignment4_normal_20261008_194213,1791456151.398977,camera_color_optical_frame,303,640,480,1,394.2,414.8,0.2319,0.7284,0.00251,1,1,1.000,0.8340,0.0961,0.2336,11.76,0.00,1791456151.491340,2,0,0.0
assignment4_normal_20261008_194213,1791456151.432326,camera_color_optical_frame,304,640,480,1,394.3,414.8,0.2323,0.7285,0.00247,1,1,1.000,0.8380,0.0968,0.2348,13.80,0.00,1791456151.528039,2,0,0.0
assignment4_normal_20261008_194213,1791456151.465674,camera_color_optical_frame,305,640,480,1,394.1,414.4,0.2316,0.7269,0.00250,1,1,1.000,0.8370,0.0964,0.2340,13.77,0.00,1791456151.561843,2,0,0.0
assignment4_normal_20261008_194213,1791456151.499023,camera_color_optical_frame,306,640,480,1,394.4,415.2,0.2325,0.7300,0.00247,1,1,1.000,0.8380,0.0969,0.2353,12.95,0.00,1791456151.595458,2,0,0.0
assignment4_normal_20261008_194213,1791456151.532372,camera_color_optical_frame,307,640,480,1,394.4,414.9,0.2324,0.7287,0.00248,1,1,1.000,0.8350,0.0965,0.2340,13.16,0.00,1791456151.629077,2,0,0.0
assignment4_normal_20261008_194213,1791456151.565725,camera_color_optical_frame,308,640,480,1,394.3,414.8,0.2322,0.7283,0.00247,1,1,1.000,0.8380,0.0967,0.2347,11.97,0.00,1791456151.661110,2,0,0.0
assignment4_normal_20261008_194213,1791456151.599078,camera_color_optical_frame,309,640,480,1,394.4,415.0,0.2326,0.7293,0.00247,1,1,1.000,0.8350,0.0966,0.2342,13.15,0.00,1791456151.696315,2,0,0.0
assignment4_normal_20261008_194213,1791456151.632431,camera_color_optical_frame,310,640,480,1,394.3,415.1,0.2322,0.7295,0.00247,1,1,1.000,0.8390,0.0969,0.2354,13.87,0.00,1791456151.731499,2,0,0.0
assignment4_normal_20261008_194213,1791456151.665784,camera_color_optical_frame,311,640,480,1,394.2,414.8,0.2320,0.7282,0.00250,1,1,1.000,0.8390,0.0968,0.2350,12.37,0.00,1791456151.762798,2,0,0.0
assignment4_normal_20261008_194213,1791456151.699141,camera_color_optical_frame,312,640,480,1,394.3,414.8,0.2322,0.7283,0.00248,1,1,1.000,0.8380,0.0968,0.2347,13.04,0.00,1791456151.794600,2,0,0.0
assignment4_normal_20261008_194213,1791456151.732498,camera_color_optical_frame,313,640,480,1,394.4,415.0,0.2326,0.7294,0.00245,1,1,1.000,0.8350,0.0966,0.2342,11.08,0.00,1791456151.826101,2,0,0.0
assignment4_normal_20261008_194213,1791456151.765855,camera_color_optical_frame,314,640,480,1,394.5,415.1,0.2327,0.7295,0.00246,1,1,1.000,0.8380,0.0970,0.2351,11.26,0.00,1791456151.859692,2,0,0.0
assignment4_normal_20261008_194213,1791456151.799211,camera_color_optical_frame,315,640,480,1,394.2,414.8,0.2320,0.7282,0.00251,1,1,1.000,0.8370,0.0965,0.2344,11.92,0.00,1791456151.892554,2,0,0.0
assignment4_normal_20261008_194213,1791456151.832568,camera_color_optical_frame,316,640,480,1,394.4,415.1,0.2325,0.7295,0.00247,1,1,1.000,0.8380,0.0969,0.2351,14.00,0.00,1791456151.929716,2,0,0.0
assignment4_normal_20261008_194213,1791456151.865925,camera_color_optical_frame,317,640,480,1,394.3,414.8,0.2322,0.7284,0.00249,1,1,1.000,0.8390,0.0968,0.2350,13.83,0.00,1791456151.961767,2,0,0.0
assignment4_normal_20261008_194213,1791456151.899281,camera_color_optical_frame,318,640,480,1,394.4,414.9,0.2326,0.7288,0.00244,1,1,1.000,0.8370,0.0968,0.2346,12.15,0.00,1791456151.996556,2,0,0.0
assignment4_normal_20261008_194213,1791456151.932638,camera_color_optical_frame,319,640,480,1,394.3,415.1,0.2322,0.7295,0.00248,1,1,1.000,0.8400,0.0970,0.2357,11.24,0.00,1791456152.028369,2,0,0.0
assignment4_normal_20261008_194213,1791456151.965995,camera_color_optical_frame,320,640,480,1,394.4,415.3,0.2326,0.7303,0.00243,1,1,1.000,0.8380,0.0969,0.2354,10.94,0.00,1791456152.061049,2,0,0.0
assignment4_normal_20261008_194213,1791456151.999352,camera_color_optical_frame,321,640,480,1,394.3,414.7,0.2321,0.7278,0.00248,1,1,1.000,0.8350,0.0964,0.2337,11.28,0.00,1791456152.092855,2,0,0.0
assignment4_normal_20261008_194213,1791456152.032708,camera_color_optical_frame,322,640,480,1,394.2,414.7,0.2319,0.7279,0.00248,1,1,1.000,0.8390,0.0967,0.2349,11.04,0.00,1791456152.125547,2,0,0.0
assignment4_normal_20261008_194213,1791456152.066065,camera_color_optical_frame,323,640,480,1,394.2,414.8,0.2320,0.7284,0.00252,1,1,1.000,0.8380,0.0966,0.2347,11.04,0.00,1791456152.163415,2,0,0.0
assignment4_normal_20261008_194213,1791456152.099422,camera_color_optical_frame,324,640,480,1,394.2,414.7,0.2320,0.7279,0.00251,1,1,1.000,0.8370,0.0965,0.2343,10.18,0.00,1791456152.198162,2,0,0.0
assignment4_normal_20261008_194213,1791456152.132778,camera_color_optical_frame,325,640,480,1,394.4,414.9,0.2326,0.7287,0.00249,1,1,1.000,0.8380,0.0969,0.2349,11.19,0.00,1791456152.229408,2,0,0.0
assignment4_normal_20261008_194213,1791456152.166135,camera_color_optical_frame,326,640,480,1,394.4,415.0,0.2327,0.7292,0.00245,1,1,1.000,0.8370,0.0968,0.2347,12.22,0.00,1791456152.263257,2,0,0.0
assignment4_normal_20261008_194213,1791456152.199492,camera_color_optical_frame,327,640,480,1,394.3,414.8,0.2322,0.7282,0.00250,1,1,1.000,0.8370,0.0966,0.2344,10.39,0.00,1791456152.295627,2,0,0.0
assignment4_normal_20261008_194213,1791456152.232848,camera_color_optical_frame,328,640,480,1,394.3,414.8,0.2322,0.7285,0.00247,1,0,,,,,12.36,33.36,1791456152.315140,2,0,0.0
assignment4_normal_20261008_194213,1791456152.266206,camera_color_optical_frame,329,640,480,1,394.4,415.0,0.2325,0.7292,0.00248,1,1,1.000,0.8405,0.0971,0.2357,11.61,0.00,1791456152.356535,2,0,0.0
assignment4_normal_20261008_194213,1791456152.299562,camera_color_optical_frame,330,640,480,1,394.4,415.2,0.2326,0.7299,0.00246,1,1,1.000,0.8390,0.0971,0.2356,12.89,0.00,1791456152.396550,2,0,0.0
assignment4_normal_20261008_194213,1791456152.332919,camera_color_optical_frame,331,640,480,1,394.2,414.8,0.2318,0.7282,0.00254,1,1,1.000,0.8390,0.0967,0.2350,10.94,0.00,1791456152.429524,2,0,0.0
assignment4_normal_20261008_194213,1791456152.366276,camera_color_optical_frame,332,640,480,1,394.3,415.0,0.2322,0.7292,0.00249,1,1,1.000,0.8380,0.0967,0.2350,12.12,0.00,1791456152.460372,2,0,0.0
assignment4_normal_20261008_194213,1791456152.399632,camera_color_optical_frame,333,640,480,1,394.4,415.0,0.2327,0.7292,0.00247,1,1,1.000,0.8370,0.0968,0.2348,13.30,0.00,1791456152.502616,2,0,0.0
assignment4_normal_20261008_194213,1791456152.432989,camera_color_optical_frame,334,640,480,1,394.3,414.9,0.2323,0.7289,0.00247,1,1,1.000,0.8370,0.0966,0.2347,11.62,0.00,1791456152.543030,2,0,0.0
assignment4_normal_20261008_194213,1791456152.466346,camera_color_optical_frame,335,640,480,1,394.3,414.8,0.2322,0.7284,0.00252,1,1,1.000,0.8390,0.0969,0.2350,11.81,0.00,1791456152.575935,2,0,0.0
assignment4_normal_20261008_194213,1791456152.499703,camera_color_optical_frame,336,640,480,1,394.4,414.9,0.2324,0.7286,0.00249,1,1,1.000,0.8380,0.0968,0.2348,11.82,0.00,1791456152.614744,2,0,0.0
assignment4_normal_20261008_194213,1791456152.533060,camera_color_optical_frame,337,640,480,1,394.2,414.6,0.2318,0.7275,0.00250,1,1,1.000,0.8390,0.0967,0.2347,11.83,0.00,1791456152.646206,2,0,0.0
assignment4_normal_20261008_194213,1791456152.566417,camera_color_optical_frame,338,640,480,1,394.2,415.0,0.2320,0.7294,0.00250,1,1,1.000,0.8350,0.0963,0.2342,11.38,0.00,1791456152.680050,2,0,0.0
assignment4_normal_20261008_194213,1791456152.599774,camera_color_optical_frame,339,640,480,1,394.4,415.0,0.2325,0.7290,0.00249,1,1,1.000,0.8400,0.0971,0.2355,11.56,0.00,1791456152.714837,2,0,0.0
assignment4_normal_20261008_194213,1791456152.633118,camera_color_optical_frame,340,640,480,1,394.3,414.9,0.2323,0.7286,0.00251,1,1,1.000,0.8350,0.0964,0.2340,13.09,0.00,1791456152.758705,2,0,0.0
assignment4_normal_20261008_194213,1791456152.666487,camera_color_optical_frame,341,640,480,1,394.3,415.0,0.2322,0.7291,0.00250,1,1,1.000,0.8370,0.0966,0.2347,13.34,0.00,1791456152.791651,2,0,0.0
assignment4_normal_20261008_194213,1791456152.699857,camera_color_optical_frame,342,640,480,1,394.3,414.8,0.2321,0.7285,0.00246,1,1,1.000,0.8370,0.0966,0.2345,15.70,0.00,1791456152.825642,2,0,0.0
assignment4_normal_20261008_194213,1791456152.733227,camera_color_optical_frame,343,640,480,1,394.4,414.9,0.2324,0.7287,0.00248,1,1,1.000,0.8380,0.0968,0.2349,7.47,0.00,1791456152.844860,2,0,0.0
assignment4_normal_20261008_194213,1791456152.766597,camera_color_optical_frame,344,640,480,1,394.4,415.0,0.2325,0.7292,0.00246,1,0,,,,,9.27,33.37,1791456152.897617,2,0,0.0
assignment4_normal_20261008_194213,1791456152.799967,camera_color_optical_frame,345,640,480,1,394.3,415.1,0.2322,0.7294,0.00248,1,0,,,,,11.54,66.74,1791456152.917643,2,0,0.0
assignment4_normal_20261008_194213,1791456152.833337,camera_color_optical_frame,346,640,480,1,394.3,414.7,0.2322,0.7280,0.00249,1,0,,,,,7.98,100.11,1791456152.932112,2,0,0.0
assignment4_normal_20261008_194213,1791456152.866708,camera_color_optical_frame,347,640,480,1,394.4,415.1,0.2324,0.7295,0.00248,1,1,1.000,0.8380,0.0968,0.2351,10.22,0.00,1791456152.960656,2,0,0.0
assignment4_normal_20261008_194213,1791456152.900078,camera_color_optical_frame,348,640,480,1,394.2,414.6,0.2319,0.7274,0.00250,1,0,,,,,10.98,33.37,1791456152.976049,2,0,0.0
assignment4_normal_20261008_194213,1791456152.933449,camera_color_optical_frame,349,640,480,1,394.2,414.8,0.2320,0.7283,0.00248,1,1,1.000,0.8390,0.0968,0.2350,13.11,0.00,1791456153.021047,2,0,0.0
assignment4_normal_20261008_194213,1791456152.966820,camera_color_optical_frame,350,640,480,1,394.4,414.9,0.2326,0.7289,0.00245,1,1,1.000,0.8370,0.0968,0.2346,12.00,0.00,1791456153.061510,2,0,0.0
assignment4_normal_20261008_194213,1791456153.000192,camera_color_optical_frame,351,640,480,1,394.5,415.3,0.2328,0.7303,0.00242,1,1,1.000,0.8350,0.0966,0.2346,11.24,0.00,1791456153.101923,2,0,0.0
assignment4_normal_20261008_194213,1791456153.033563,camera_color_optical_frame,352,640,480,1,394.3,414.7,0.2322,0.7280,0.00248,1,1,1.000,0.8380,0.0967,0.2346,12.15,0.00,1791456153.139496,2,0,0.0
assignment4_normal_20261008_194213,1791456153.066934,camera_color_optical_frame,353,640,480,1,394.4,414.9,0.2324,0.7288,0.00245,1,1,1.000,0.8380,0.0968,0.2349,11.05,0.00,1791456153.178576,2,0,0.0
assignment4_normal_20261008_194213,1791456153.100306,camera_color_optical_frame,354,640,480,1,394.5,415.2,0.2328,0.7302,0.00244,1,1,1.000,0.8350,0.0967,0.2345,11.31,0.00,1791456153.215450,2,0,0.0
assignment4_normal_20261008_194213,1791456153.133678,camera_color_optical_frame,355,640,480,1,394.2,414.8,0.2319,0.7282,0.00251,1,1,1.000,0.8370,0.0965,0.2344,14.57,0.00,1791456153.253579,2,0,0.0
assignment4_normal_20261008_194213,1791456153.167050,camera_color_optical_frame,356,640,480,1,394.4,415.2,0.2325,0.7298,0.00244,1,1,1.000,0.8390,0.0970,0.2355,9.43,0.00,1791456153.293288,2,0,0.0
assignment4_normal_20261008_194213,1791456153.200423,camera_color_optical_frame,357,640,480,1,394.2,414.6,0.2318,0.7275,0.00252,1,1,1.000,0.8380,0.0966,0.2345,13.20,0.00,1791456153.325475,2,0,0.0
assignment4_normal_20261008_194213,1791456153.233795,camera_color_optical_frame,358,640,480,1,394.4,415.1,0.2326,0.7297,0.00248,1,1,1.000,0.8380,0.0969,0.2352,12.50,0.00,1791456153.363280,2,0,0.0
assignment4_normal_20261008_194213,1791456153.267168,camera_color_optical_frame,359,640,480,1,394.3,414.9,0.2323,0.7286,0.00249,1,1,1.000,0.8380,0.0968,0.2348,11.71,0.00,1791456153.402853,2,0,0.0
assignment4_normal_20261008_194213,1791456153.300540,camera_color_optical_frame,360,640,480,1,394.4,415.0,0.2324,0.7290,0.00245,1,1,1.000,0.8350,0.0965,0.2341,9.44,0.00,1791456153.439412,2,0,0.0
assignment4_normal_20261008_194213,1791456153.333914,camera_color_optical_frame,361,640,480,1,394.3,414.8,0.2321,0.7283,0.00250,1,1,1.000,0.8370,0.0966,0.2344,16.28,0.00,1791456153.482620,2,0,0.0
assignment4_normal_20261008_194213,1791456153.367287,camera_color_optical_frame,362,640,480,1,394.4,414.9,0.2325,0.7286,0.00246,1,1,1.000,0.8400,0.0971,0.2354,14.99,0.00,1791456153.515012,2,0,0.0
assignment4_normal_20261008_194213,1791456153.400661,camera_color_optical_frame,363,640,480,1,394.2,414.7,0.2320,0.7281,0.00252,1,1,1.000,0.8370,0.0965,0.2344,16.11,0.00,1791456153.549655,2,0,0.0
assignment4_normal_20261008_194213,1791456153.434034,camera_color_optical_frame,364,640,480,1,394.4,415.0,0.2326,0.7293,0.00245,1,1,1.000,0.8380,0.0969,0.2351,11.59,0.00,1791456153.578599,2,0,0.0
assignment4_normal_20261008_194213,1791456153.467408,camera_color_optical_frame,365,640,480,1,394.3,414.9,0.2323,0.7287,0.00250,1,1,1.000,0.8370,0.0967,0.2346,11.62,0.00,1791456153.607027,2,0,0.0
assignment4_normal_20261008_194213,1791456153.500782,camera_color_optical_frame,366,640,480,1,394.5,415.0,0.2327,0.7292,0.00246,1,1,1.000,0.8350,0.0966,0.2342,11.30,0.00,1791456153.642792,2,0,0.0
assignment4_normal_20261008_194213,1791456153.534156,camera_color_optical_frame,367,640,480,1,394.3,414.9,0.2321,0.7287,0.00250,1,1,1.000,0.8350,0.0963,0.2340,15.66,0.00,1791456153.684099,2,0,0.0
assignment4_normal_20261008_194213,1791456153.567530,camera_color_optical_frame,368,640,480,1,394.4,415.0,0.2325,0.7291,0.00247,1,1,1.000,0.8380,0.0968,0.2350,14.83,0.00,1791456153.717427,2,0,0.0
assignment4_normal_20261008_194213,1791456153.600904,camera_color_optical_frame,369,640,480,1,394.4,415.1,0.2324,0.7294,0.00245,1,1,1.000,0.8380,0.0968,0.2351,14.03,0.00,1791456153.746186,2,0,0.0
assignment4_normal_20261008_194213,1791456153.634264,camera_color_optical_frame,370,640,480,1,394.3,414.8,0.2321,0.7284,0.00247,1,1,1.000,0.8350,0.0964,0.2339,13.59,0.00,1791456153.779336,2,0,0.0
assignment4_normal_20261008_194213,1791456153.667622,camera_color_optical_frame,371,640,480,1,394.4,415.0,0.2324,0.7292,0.00244,1,1,1.000,0.8350,0.0965,0.2342,13.31,0.00,1791456153.812733,2,0,0.0
assignment4_normal_20261008_194213,1791456153.700981,camera_color_optical_frame,372,640,480,1,394.4,415.2,0.2325,0.7301,0.00244,1,1,1.000,0.8340,0.0964,0.2342,11.93,0.00,1791456153.845676,2,0,0.0
assignment4_normal_20261008_194213,1791456153.734340,camera_color_optical_frame,373,640,480,1,394.4,414.9,0.2326,0.7289,0.00245,1,1,1.000,0.8370,0.0968,0.2346,14.64,0.00,1791456153.884767,2,0,0.0
assignment4_normal_20261008_194213,1791456153.767699,camera_color_optical_frame,374,640,480,1,394.4,415.1,0.2325,0.7294,0.00244,1,1,1.000,0.8380,0.0969,0.2351,12.55,0.00,1791456153.917227,2,0,0.0
assignment4_normal_20261008_194213,1791456153.801058,camera_color_optical_frame,375,640,480,1,394.3,414.9,0.2320,0.7288,0.00250,1,1,1.000,0.8390,0.0968,0.2352,11.57,0.00,1791456153.949663,2,0,0.0
assignment4_normal_20261008_194213,1791456153.834416,camera_color_optical_frame,376,640,480,1,394.3,414.8,0.2321,0.7284,0.00250,1,1,1.000,0.8370,0.0966,0.2345,11.73,0.00,1791456153.984667,2,0,0.0
assignment4_normal_20261008_194213,1791456153.867776,camera_color_optical_frame,377,640,480,1,394.5,415.3,0.2327,0.7303,0.00244,1,1,1.000,0.8370,0.0969,0.2351,16.22,0.00,1791456154.019300,2,0,0.0
assignment4_normal_20261008_194213,1791456153.934494,camera_color_optical_frame,378,640,480,1,394.3,414.8,0.2322,0.7285,0.00250,1,0,,,,,9.14,66.72,1791456154.035948,2,0,0.0
assignment4_normal_20261008_194213,1791456153.967853,camera_color_optical_frame,379,640,480,1,394.3,414.8,0.2321,0.7283,0.00246,1,0,,,,,8.44,100.08,1791456154.058156,2,0,0.0
assignment4_normal_20261008_194213,1791456154.001213,camera_color_optical_frame,380,640,480,1,394.5,415.2,0.2327,0.7300,0.00244,1,1,1.000,0.8380,0.0969,0.2353,10.55,0.00,1791456154.095455,2,0,0.0
assignment4_normal_20261008_194213,1791456154.034572,camera_color_optical_frame,381,640,480,1,394.5,415.2,0.2327,0.7301,0.00242,1,1,1.000,0.8380,0.0970,0.2353,10.43,0.00,1791456154.129725,2,0,0.0
assignment4_normal_20261008_194213,1791456154.067931,camera_color_optical_frame,382,640,480,1,394.4,415.3,0.2324,0.7305,0.00248,1,1,1.000,0.8370,0.0967,0.2352,10.41,0.00,1791456154.165472,2,0,0.0
assignment4_normal_20261008_194213,1791456154.101291,camera_color_optical_frame,383,640,480,1,394.2,414.7,0.2319,0.7279,0.00248,1,1,1.000,0.8380,0.0966,0.2346,14.00,0.00,1791456154.204709,2,0,0.0
assignment4_normal_20261008_194213,1791456154.134650,camera_color_optical_frame,384,640,480,1,394.5,415.5,0.2328,0.7314,0.00244,1,1,1.000,0.8340,0.0965,0.2346,10.92,0.00,1791456154.238208,2,0,0.0
assignment4_normal_20261008_194213,1791456154.168010,camera_color_optical_frame,385,640,480,1,394.5,415.1,0.2329,0.7297,0.00243,1,1,1.000,0.8380,0.0970,0.2352,9.63,0.00,1791456154.269430,2,0,0.0
assignment4_normal_20261008_194213,1791456154.201370,camera_color_optical_frame,386,640,480,1,394.4,415.2,0.2325,0.7302,0.00246,1,1,1.000,0.8350,0.0965,0.2345,11.28,0.00,1791456154.303427,2,0,0.0
assignment4_normal_20261008_194213,1791456154.234729,camera_color_optical_frame,387,640,480,1,394.4,414.9,0.2324,0.7289,0.00248,1,1,1.000,0.8370,0.0967,0.2346,10.95,0.00,1791456154.338526,2,0,0.0
assignment4_normal_20261008_194213,1791456154.268089,camera_color_optical_frame,388,640,480,1,394.3,414.9,0.2323,0.7288,0.00245,1,1,1.000,0.8350,0.0964,0.2340,11.52,0.00,1791456154.372972,2,0,0.0
assignment4_normal_20261008_194213,1791456154.301449,camera_color_optical_frame,389,640,480,1,394.5,415.2,0.2327,0.7300,0.00245,1,1,1.000,0.8340,0.0965,0.2342,11.54,0.00,1791456154.406565,2,0,0.0
assignment4_normal_20261008_194213,1791456154.334808,camera_color_optical_frame,390,640,480,1,394.4,415.2,0.2325,0.7299,0.00244,1,1,1.000,0.8370,0.0968,0.2350,16.12,0.00,1791456154.446053,2,0,0.0
assignment4_normal_20261008_194213,1791456154.368169,camera_color_optical_frame,391,640,480,1,394.4,415.1,0.2325,0.7297,0.00247,1,1,1.000,0.8330,0.0963,0.2338,9.78,0.00,1791456154.476787,2,0,0.0
assignment4_normal_20261008_194213,1791456154.401528,camera_color_optical_frame,392,640,480,1,394.2,414.8,0.2318,0.7282,0.00248,1,1,1.000,0.8380,0.0966,0.2347,12.91,0.00,1791456154.517726,2,0,0.0
assignment4_normal_20261008_194213,1791456154.434889,camera_color_optical_frame,393,640,480,1,394.4,415.1,0.2324,0.7294,0.00247,1,1,1.000,0.8380,0.0968,0.2351,10.92,0.00,1791456154.545878,2,0,0.0
assignment4_normal_20261008_194213,1791456154.468248,camera_color_optical_frame,394,640,480,1,394.3,415.0,0.2322,0.7292,0.00248,1,1,1.000,0.8400,0.0970,0.2356,12.34,0.00,1791456154.580407,2,0,0.0
assignment4_normal_20261008_194213,1791456154.501609,camera_color_optical_frame,395,640,480,1,394.4,415.1,0.2324,0.7294,0.00248,1,1,1.000,0.8380,0.0968,0.2351,12.59,0.00,1791456154.617538,2,0,0.0
assignment4_normal_20261008_194213,1791456154.534969,camera_color_optical_frame,396,640,480,1,394.4,415.3,0.2326,0.7306,0.00245,1,1,1.000,0.8380,0.0969,0.2355,12.81,0.00,1791456154.656181,2,0,0.0
assignment4_normal_20261008_194213,1791456154.568329,camera_color_optical_frame,397,640,480,1,394.5,415.1,0.2328,0.7297,0.00246,1,0,,,,,8.78,33.36,1791456154.675721,2,0,0.0
assignment4_normal_20261008_194213,1791456154.601689,camera_color_optical_frame,398,640,480,1,394.3,414.7,0.2323,0.7281,0.00246,1,1,1.000,0.8390,0.0969,0.2349,11.42,0.00,1791456154.707152,2,0,0.0
assignment4_normal_20261008_194213,1791456154.635046,camera_color_optical_frame,399,640,480,1,394.4,415.0,0.2324,0.7293,0.00248,1,1,1.000,0.8390,0.0969,0.2353,12.68,0.00,1791456154.743917,2,0,0.0
assignment4_normal_20261008_194213,1791456154.668400,camera_color_optical_frame,400,640,480,1,394.3,415.0,0.2323,0.7292,0.00247,1,1,1.000,0.8370,0.0967,0.2348,13.49,0.00,1791456154.781737,2,0,0.0
assignment4_normal_20261008_194213,1791456154.701753,camera_color_optical_frame,401,640,480,1,394.4,415.1,0.2326,0.7297,0.00243,1,1,1.000,0.8380,0.0969,0.2352,13.54,0.00,1791456154.819763,2,0,0.0
assignment4_normal_20261008_194213,1791456154.735107,camera_color_optical_frame,402,640,480,1,394.4,415.0,0.2324,0.7290,0.00246,1,1,1.000,0.8410,0.0972,0.2358,13.19,0.00,1791456154.858564,2,0,0.0
assignment4_normal_20261008_194213,1791456154.768461,camera_color_optical_frame,403,640,480,1,394.3,415.0,0.2322,0.7292,0.00250,1,1,1.000,0.8390,0.0969,0.2353,12.33,0.00,1791456154.899558,2,0,0.0
assignment4_normal_20261008_194213,1791456154.801814,camera_color_optical_frame,404,640,480,1,394.5,415.1,0.2328,0.7295,0.00242,1,1,1.000,0.8370,0.0969,0.2348,12.23,0.00,1791456154.938184,2,0,0.0
assignment4_normal_20261008_194213,1791456154.835167,camera_color_optical_frame,405,640,480,1,394.4,415.0,0.2325,0.7292,0.00248,1,1,1.000,0.8410,0.0972,0.2359,11.20,0.00,1791456154.979386,2,0,0.0
assignment4_normal_20261008_194213,1791456154.868521,camera_color_optical_frame,406,640,480,1,394.4,415.0,0.2326,0.7290,0.00247,1,1,1.000,0.8400,0.0971,0.2355,13.44,0.00,1791456155.015593,2,0,0.0
assignment4_normal_20261008_194213,1791456154.901875,camera_color_optical_frame,407,640,480,1,394.4,415.1,0.2324,0.7296,0.00245,1,1,1.000,0.8380,0.0968,0.2352,14.97,0.00,1791456155.054214,2,0,0.0
assignment4_normal_20261008_194213,1791456154.935228,camera_color_optical_frame,408,640,480,1,394.3,414.8,0.2323,0.7283,0.00248,1,1,1.000,0.8380,0.0968,0.2347,12.74,0.00,1791456155.092858,2,0,0.0
assignment4_normal_20261008_194213,1791456154.968582,camera_color_optical_frame,409,640,480,1,394.4,415.1,0.2324,0.7294,0.00248,1,1,1.000,0.8380,0.0968,0.2351,12.26,0.00,1791456155.131968,2,0,0.0
assignment4_normal_20261008_194213,1791456155.001935,camera_color_optical_frame,410,640,480,1,394.3,414.9,0.2322,0.7286,0.00247,1,1,1.000,0.8400,0.0970,0.2354,9.24,0.00,1791456155.172408,2,0,0.0
assignment4_normal_20261008_194213,1791456155.035289,camera_color_optical_frame,411,640,480,1,394.3,415.0,0.2322,0.7291,0.00247,1,1,1.000,0.8390,0.0968,0.2353,11.57,0.00,1791456155.205603,2,0,0.0
assignment4_normal_20261008_194213,1791456155.068643,camera_color_optical_frame,412,640,480,1,394.3,414.9,0.2323,0.7289,0.00248,1,1,1.000,0.8380,0.0968,0.2349,12.32,0.00,1791456155.242528,2,0,0.0
assignment4_normal_20261008_194213,1791456155.101996,camera_color_optical_frame,413,640,480,1,394.2,414.7,0.2320,0.7281,0.00248,1,1,1.000,0.8390,0.0968,0.2349,10.64,0.00,1791456155.282012,2,0,0.0
assignment4_normal_20261008_194213,1791456155.135350,camera_color_optical_frame,414,640,480,1,394.3,414.7,0.2321,0.7279,0.00250,1,1,1.000,0.8370,0.0966,0.2343,12.06,0.00,1791456155.319109,2,0,0.0
assignment4_normal_20261008_194213,1791456155.168704,camera_color_optical_frame,415,640,480,1,394.3,414.8,0.2321,0.7285,0.00246,1,1,1.000,0.8410,0.0970,0.2356,12.45,0.00,1791456155.355101,2,0,0.0
assignment4_normal_20261008_194213,1791456155.202057,camera_color_optical_frame,416,640,480,1,394.2,414.9,0.2319,0.7287,0.00249,1,1,1.000,0.8390,0.0967,0.2351,12.05,0.00,1791456155.394120,2,0,0.0
assignment4_normal_20261008_194213,1791456155.235411,camera_color_optical_frame,417,640,480,1,394.4,415.1,0.2325,0.7296,0.00245,1,1,1.000,0.8370,0.0967,0.2349,12.05,0.00,1791456155.432986,2,0,0.0
assignment4_normal_20261008_194213,1791456155.268765,camera_color_optical_frame,418,640,480,1,394.3,414.9,0.2321,0.7286,0.00245,1,0,,,,,8.81,33.35,1791456155.448613,2,0,0.0
assignment4_normal_20261008_194213,1791456155.302118,camera_color_optical_frame,419,640,480,1,394.4,415.2,0.2325,0.7301,0.00244,1,0,,,,,9.08,66.71,1791456155.465565,2,0,0.0
assignment4_normal_20261008_194213,1791456155.335472,camera_color_optical_frame,420,640,480,1,394.3,414.8,0.2323,0.7285,0.00249,1,0,,,,,9.27,100.06,1791456155.483891,2,0,0.0
assignment4_normal_20261008_194213,1791456155.435533,camera_color_optical_frame,421,640,480,1,394.2,415.1,0.2320,0.7294,0.00249,1,0,,,,,6.46,200.12,1791456155.496405,2,0,0.0
assignment4_normal_20261008_194213,1791456155.468887,camera_color_optical_frame,422,640,480,1,394.3,415.0,0.2323,0.7292,0.00247,1,1,1.000,0.8370,0.0967,0.2347,11.97,0.00,1791456155.554061,2,0,0.0
assignment4_normal_20261008_194213,1791456155.502241,camera_color_optical_frame,423,640,480,1,394.4,415.1,0.2325,0.7295,0.00245,1,1,1.000,0.8370,0.0968,0.2349,10.69,0.00,1791456155.589697,2,0,0.0
assignment4_normal_20261008_194213,1791456155.535594,camera_color_optical_frame,424,640,480,1,394.2,414.8,0.2319,0.7283,0.00249,1,0,,,,,6.37,33.35,1791456155.601317,2,0,0.0
assignment4_normal_20261008_194213,1791456155.568948,camera_color_optical_frame,425,640,480,1,394.2,414.8,0.2318,0.7281,0.00251,1,1,1.000,0.8380,0.0965,0.2347,11.86,0.00,1791456155.660383,2,0,0.0
assignment4_normal_20261008_194213,1791456155.602302,camera_color_optical_frame,426,640,480,1,394.5,415.1,0.2327,0.7297,0.00247,1,1,1.000,0.8370,0.0968,0.2349,13.44,0.00,1791456155.699411,2,0,0.0
assignment4_normal_20261008_194213,1791456155.635655,camera_color_optical_frame,427,640,480,1,394.4,415.0,0.2325,0.7294,0.00243,1,1,1.000,0.8350,0.0965,0.2342,13.63,0.00,1791456155.732638,2,0,0.0
assignment4_normal_20261008_194213,1791456155.669012,camera_color_optical_frame,428,640,480,1,394.3,414.9,0.2322,0.7288,0.00248,1,1,1.000,0.8390,0.0968,0.2352,12.33,0.00,1791456155.763310,2,0,0.0
assignment4_normal_20261008_194213,1791456155.702370,camera_color_optical_frame,429,640,480,1,394.5,415.2,0.2328,0.7300,0.00246,1,1,1.000,0.8370,0.0969,0.2350,12.78,0.00,1791456155.797188,2,0,0.0
assignment4_normal_20261008_194213,1791456155.735729,camera_color_optical_frame,430,640,480,1,394.3,414.8,0.2322,0.7282,0.00247,1,1,1.000,0.8370,0.0966,0.2344,11.41,0.00,1791456155.829330,2,0,0.0
assignment4_normal_20261008_194213,1791456155.769086,camera_color_optical_frame,431,640,480,1,394.3,414.8,0.2321,0.7282,0.00249,1,1,1.000,0.8380,0.0967,0.2347,11.64,0.00,1791456155.861232,2,0,0.0
assignment4_normal_20261008_194213,1791456155.802444,camera_color_optical_frame,432,640,480,1,394.3,414.8,0.2322,0.7285,0.00247,1,1,1.000,0.8390,0.0968,0.2351,11.03,0.00,1791456155.894568,2,0,0.0
assignment4_normal_20261008_194213,1791456155.835803,camera_color_optical_frame,433,640,480,1,394.3,414.8,0.2322,0.7283,0.00248,1,1,1.000,0.8390,0.0969,0.2350,10.80,0.00,1791456155.928324,2,0,0.0
assignment4_normal_20261008_194213,1791456155.869161,camera_color_optical_frame,434,640,480,1,394.4,415.0,0.2326,0.7291,0.00248,1,1,1.000,0.8380,0.0969,0.2350,10.77,0.00,1791456155.962726,2,0,0.0
assignment4_normal_20261008_194213,1791456155.902519,camera_color_optical_frame,435,640,480,1,394.4,415.2,0.2324,0.7302,0.00247,1,1,1.000,0.8380,0.0968,0.2354,10.79,0.00,1791456155.996922,2,0,0.0
assignment4_normal_20261008_194213,1791456155.935877,camera_color_optical_frame,436,640,480,1,394.2,414.7,0.2320,0.7279,0.00248,1,1,1.000,0.8370,0.0965,0.2343,12.48,0.00,1791456156.032906,2,0,0.0
assignment4_normal_20261008_194213,1791456155.969235,camera_color_optical_frame,437,640,480,1,394.4,414.9,0.2325,0.7289,0.00247,1,1,1.000,0.8370,0.0967,0.2346,14.68,0.00,1791456156.068578,2,0,0.0
assignment4_normal_20261008_194213,1791456156.002593,camera_color_optical_frame,438,640,480,1,394.3,415.1,0.2323,0.7297,0.00247,1,1,1.000,0.8370,0.0966,0.2349,10.41,0.00,1791456156.100029,2,0,0.0
assignment4_normal_20261008_194213,1791456156.035951,camera_color_optical_frame,439,640,480,1,394.3,415.1,0.2322,0.7294,0.00247,1,1,1.000,0.8390,0.0968,0.2354,12.72,0.00,1791456156.131216,2,0,0.0
assignment4_normal_20261008_194213,1791456156.069309,camera_color_optical_frame,440,640,480,1,394.4,415.1,0.2324,0.7297,0.00247,1,1,1.000,0.8370,0.0967,0.2349,11.26,0.00,1791456156.168401,2,0,0.0
assignment4_normal_20261008_194213,1791456156.102668,camera_color_optical_frame,441,640,480,1,394.4,415.0,0.2324,0.7291,0.00248,1,1,1.000,0.8350,0.0965,0.2342,10.25,0.00,1791456156.206491,2,0,0.0
assignment4_normal_20261008_194213,1791456156.136026,camera_color_optical_frame,442,640,480,1,394.4,414.9,0.2324,0.7289,0.00248,1,1,1.000,0.8370,0.0967,0.2346,16.09,0.00,1791456156.247971,2,0,0.0
assignment4_normal_20261008_194213,1791456156.169384,camera_color_optical_frame,443,640,480,1,394.4,415.1,0.2326,0.7296,0.00246,1,1,1.000,0.8370,0.0968,0.2349,14.24,0.00,1791456156.280191,2,0,0.0
assignment4_normal_20261008_194213,1791456156.202742,camera_color_optical_frame,444,640,480,1,394.4,414.9,0.2324,0.7289,0.00247,1,1,1.000,0.8400,0.0971,0.2355,13.07,0.00,1791456156.311523,2,0,0.0
assignment4_normal_20261008_194213,1791456156.236100,camera_color_optical_frame,445,640,480,1,394.4,415.1,0.2324,0.7294,0.00246,1,1,1.000,0.8350,0.0965,0.2342,12.28,0.00,1791456156.344024,2,0,0.0
assignment4_normal_20261008_194213,1791456156.269459,camera_color_optical_frame,446,640,480,1,394.5,415.2,0.2327,0.7299,0.00245,1,1,1.000,0.8380,0.0970,0.2352,13.76,0.00,1791456156.380203,2,0,0.0
assignment4_normal_20261008_194213,1791456156.302817,camera_color_optical_frame,447,640,480,1,394.3,414.9,0.2323,0.7288,0.00248,1,1,1.000,0.8350,0.0964,0.2340,12.70,0.00,1791456156.412644,2,0,0.0
assignment4_normal_20261008_194213,1791456156.336175,camera_color_optical_frame,448,640,480,1,394.4,415.0,0.2326,0.7292,0.00246,1,1,1.000,0.8380,0.0969,0.2350,14.91,0.00,1791456156.448201,2,0,0.0
assignment4_normal_20261008_194213,1791456156.369533,camera_color_optical_frame,449,640,480,1,394.5,415.3,0.2327,0.7306,0.00245,1,1,1.000,0.8350,0.0966,0.2346,16.02,0.00,1791456156.483532,2,0,0.0
assignment4_normal_20261008_194213,1791456156.402892,camera_color_optical_frame,450,640,480,1,394.3,415.0,0.2323,0.7290,0.00246,1,1,1.000,0.8370,0.0966,0.2347,14.90,0.00,1791456156.514040,2,0,0.0
assignment4_normal_20261008_194213,1791456156.436250,camera_color_optical_frame,451,640,480,1,394.3,414.9,0.2323,0.7287,0.00246,1,1,1.000,0.8390,0.0969,0.2351,13.84,0.00,1791456156.548053,2,0,0.0
assignment4_normal_20261008_194213,1791456156.469608,camera_color_optical_frame,452,640,480,1,394.3,414.9,0.2321,0.7286,0.00248,1,1,1.000,0.8420,0.0972,0.2359,11.65,0.00,1791456156.578225,2,0,0.0
assignment4_normal_20261008_194213,1791456156.502966,camera_color_optical_frame,453,640,480,1,394.5,415.2,0.2328,0.7299,0.00243,1,1,1.000,0.8390,0.0971,0.2355,13.84,0.00,1791456156.613135,2,0,0.0
assignment4_normal_20261008_194213,1791456156.536325,camera_color_optical_frame,454,640,480,1,394.3,415.0,0.2322,0.7290,0.00248,1,1,1.000,0.8390,0.0968,0.2352,13.84,0.00,1791456156.648338,2,0,0.0
assignment4_normal_20261008_194213,1791456156.569683,camera_color_optical_frame,455,640,480,1,394.4,415.0,0.2326,0.7290,0.00245,1,1,1.000,0.8390,0.0970,0.2352,15.25,0.00,1791456156.683426,2,0,0.0
assignment4_normal_20261008_194213,1791456156.603042,camera_color_optical_frame,456,640,480,1,394.2,414.8,0.2320,0.7282,0.00247,1,1,1.000,0.8370,0.0965,0.2344,14.97,0.00,1791456156.718439,2,0,0.0
assignment4_normal_20261008_194213,1791456156.636400,camera_color_optical_frame,457,640,480,1,394.2,414.5,0.2318,0.7272,0.00249,1,1,1.000,0.8370,0.0965,0.2341,14.55,0.00,1791456156.751454,2,0,0.0
assignment4_normal_20261008_194213,1791456156.669761,camera_color_optical_frame,458,640,480,1,394.2,414.7,0.2320,0.7279,0.00247,1,1,1.000,0.8400,0.0969,0.2352,15.83,0.00,1791456156.786865,2,0,0.0
assignment4_normal_20261008_194213,1791456156.703123,camera_color_optical_frame,459,640,480,1,394.2,414.7,0.2320,0.7279,0.00247,1,1,1.000,0.8340,0.0962,0.2335,13.70,0.00,1791456156.817006,2,0,0.0
assignment4_normal_20261008_194213,1791456156.736484,camera_color_optical_frame,460,640,480,1,394.5,415.3,0.2327,0.7303,0.00242,1,1,1.000,0.8370,0.0968,0.2351,11.87,0.00,1791456156.846725,2,0,0.0
assignment4_normal_20261008_194213,1791456156.769845,camera_color_optical_frame,461,640,480,1,394.5,415.1,0.2328,0.7297,0.00243,1,1,1.000,0.8370,0.0969,0.2349,11.00,0.00,1791456156.876627,2,0,0.0
assignment4_normal_20261008_194213,1791456156.803206,camera_color_optical_frame,462,640,480,1,394.4,415.0,0.2326,0.7293,0.00245,1,1,1.000,0.8390,0.0970,0.2353,11.49,0.00,1791456156.910419,2,0,0.0
assignment4_normal_20261008_194213,1791456156.836567,camera_color_optical_frame,463,640,480,1,394.3,415.1,0.2322,0.7295,0.00250,1,1,1.000,0.8400,0.0969,0.2357,10.18,0.00,1791456156.944723,2,0,0.0
assignment4_normal_20261008_194213,1791456156.869929,camera_color_optical_frame,464,640,480,1,394.5,415.0,0.2328,0.7292,0.00247,1,1,1.000,0.8380,0.0970,0.2350,11.50,0.00,1791456156.978941,2,0,0.0
assignment4_normal_20261008_194213,1791456156.903291,camera_color_optical_frame,465,640,480,1,394.4,414.9,0.2324,0.7288,0.00245,1,1,1.000,0.8390,0.0969,0.2352,14.44,0.00,1791456157.018316,2,0,0.0
assignment4_normal_20261008_194213,1791456156.936652,camera_color_optical_frame,466,640,480,1,394.2,414.6,0.2320,0.7277,0.00250,1,1,1.000,0.8380,0.0966,0.2345,16.13,0.00,1791456157.050766,2,0,0.0
assignment4_normal_20261008_194213,1791456156.970013,camera_color_optical_frame,467,640,480,1,394.3,414.6,0.2321,0.7275,0.00250,1,1,1.000,0.8380,0.0967,0.2345,15.17,0.00,1791456157.087245,2,0,0.0
assignment4_normal_20261008_194213,1791456157.003374,camera_color_optical_frame,468,640,480,1,394.4,415.1,0.2325,0.7294,0.00248,1,1,1.000,0.8390,0.0970,0.2354,12.99,0.00,1791456157.124577,2,0,0.0
assignment4_normal_20261008_194213,1791456157.036736,camera_color_optical_frame,469,640,480,1,394.4,415.1,0.2326,0.7295,0.00244,1,1,1.000,0.8350,0.0966,0.2343,13.31,0.00,1791456157.161325,2,0,0.0
assignment4_normal_20261008_194213,1791456157.070097,camera_color_optical_frame,470,640,480,1,394.2,414.8,0.2319,0.7283,0.00250,1,1,1.000,0.8350,0.0963,0.2339,12.31,0.00,1791456157.204353,2,0,0.0
assignment4_normal_20261008_194213,1791456157.103459,camera_color_optical_frame,471,640,480,1,394.4,415.2,0.2326,0.7299,0.00245,1,1,1.000,0.8410,0.0973,0.2361,13.03,0.00,1791456157.244876,2,0,0.0
assignment4_normal_20261008_194213,1791456157.136820,camera_color_optical_frame,472,640,480,1,394.4,415.0,0.2324,0.7294,0.00247,1,1,1.000,0.8350,0.0965,0.2342,12.28,0.00,1791456157.278032,2,0,0.0
assignment4_normal_20261008_194213,1791456157.170182,camera_color_optical_frame,473,640,480,1,394.4,414.9,0.2324,0.7286,0.00248,1,1,1.000,0.8370,0.0967,0.2345,11.75,0.00,1791456157.314388,2,0,0.0
assignment4_normal_20261008_194213,1791456157.203543,camera_color_optical_frame,474,640,480,1,394.3,414.9,0.2323,0.7288,0.00245,1,1,1.000,0.8390,0.0969,0.2352,15.99,0.00,1791456157.348492,2,0,0.0
assignment4_normal_20261008_194213,1791456157.236904,camera_color_optical_frame,475,640,480,1,394.4,415.0,0.2326,0.7291,0.00243,1,1,1.000,0.8380,0.0969,0.2350,13.28,0.00,1791456157.384301,2,0,0.0
assignment4_normal_20261008_194213,1791456157.270266,camera_color_optical_frame,476,640,480,1,394.5,415.3,0.2329,0.7303,0.00245,1,1,1.000,0.8370,0.0969,0.2351,13.38,0.00,1791456157.417193,2,0,0.0
assignment4_normal_20261008_194213,1791456157.303627,camera_color_optical_frame,477,640,480,1,394.4,415.0,0.2325,0.7293,0.00244,1,1,1.000,0.8370,0.0967,0.2348,11.81,0.00,1791456157.451661,2,0,0.0
assignment4_normal_20261008_194213,1791456157.336989,camera_color_optical_frame,478,640,480,1,394.2,414.9,0.2320,0.7287,0.00250,1,1,1.000,0.8390,0.0967,0.2352,13.82,0.00,1791456157.483855,2,0,0.0
assignment4_normal_20261008_194213,1791456157.370350,camera_color_optical_frame,479,640,480,1,394.2,414.8,0.2319,0.7282,0.00250,1,1,1.000,0.8400,0.0968,0.2353,12.69,0.00,1791456157.520489,2,0,0.0
assignment4_normal_20261008_194213,1791456157.403712,camera_color_optical_frame,480,640,480,1,394.2,415.0,0.2320,0.7291,0.00250,1,1,1.000,0.8380,0.0967,0.2350,11.15,0.00,1791456157.560553,2,0,0.0
assignment4_normal_20261008_194213,1791456157.437073,camera_color_optical_frame,481,640,480,1,394.2,414.7,0.2320,0.7280,0.00250,1,1,1.000,0.8390,0.0967,0.2349,12.29,0.00,1791456157.593933,2,0,0.0
assignment4_normal_20261008_194213,1791456157.470435,camera_color_optical_frame,482,640,480,1,394.5,415.1,0.2327,0.7294,0.00243,1,1,1.000,0.8420,0.0974,0.2362,17.88,0.00,1791456157.637150,2,0,0.0
assignment4_normal_20261008_194213,1791456157.537158,camera_color_optical_frame,483,640,480,1,394.3,414.9,0.2323,0.7288,0.00250,1,0,,,,,10.55,66.72,1791456157.655736,2,0,0.0
assignment4_normal_20261008_194213,1791456157.570520,camera_color_optical_frame,484,640,480,1,394.2,414.8,0.2319,0.7282,0.00252,1,0,,,,,9.63,100.08,1791456157.675011,2,0,0.0
assignment4_normal_20261008_194213,1791456157.603881,camera_color_optical_frame,485,640,480,1,394.3,415.0,0.2323,0.7293,0.00250,1,0,,,,,7.77,133.45,1791456157.693274,2,0,0.0
assignment4_normal_20261008_194213,1791456157.637243,camera_color_optical_frame,486,640,480,1,394.3,415.0,0.2321,0.7290,0.00250,1,1,1.000,0.8350,0.0964,0.2341,11.22,0.00,1791456157.727048,2,0,0.0
assignment4_normal_20261008_194213,1791456157.670600,camera_color_optical_frame,487,640,480,1,394.4,414.9,0.2323,0.7287,0.00245,1,1,1.000,0.8400,0.0970,0.2354,11.35,0.00,1791456157.764325,2,0,0.0
assignment4_normal_20261008_194213,1791456157.703960,camera_color_optical_frame,488,640,480,1,394.2,414.8,0.2320,0.7282,0.00252,1,1,1.000,0.8400,0.0969,0.2353,12.63,0.00,1791456157.801598,2,0,0.0
assignment4_normal_20261008_194213,1791456157.737321,camera_color_optical_frame,489,640,480,1,394.4,415.0,0.2324,0.7293,0.00245,1,1,1.000,0.8380,0.0968,0.2351,9.98,0.00,1791456157.836879,2,0,0.0
assignment4_normal_20261008_194213,1791456157.770682,camera_color_optical_frame,490,640,480,1,394.4,414.9,0.2324,0.7289,0.00248,1,0,,,,,10.01,33.36,1791456157.860417,2,0,0.0
assignment4_normal_20261008_194213,1791456157.804042,camera_color_optical_frame,491,640,480,1,394.3,415.0,0.2321,0.7293,0.00250,1,1,1.000,0.8380,0.0967,0.2351,10.68,0.00,1791456157.892502,2,0,0.0
assignment4_normal_20261008_194213,1791456157.837403,camera_color_optical_frame,492,640,480,1,394.4,415.0,0.2324,0.7290,0.00246,1,1,1.000,0.8370,0.0967,0.2347,11.08,0.00,1791456157.924472,2,0,0.0
assignment4_normal_20261008_194213,1791456157.870764,camera_color_optical_frame,493,640,480,1,394.4,415.0,0.2324,0.7291,0.00248,1,1,1.000,0.8400,0.0971,0.2356,11.40,0.00,1791456157.959626,2,0,0.0
assignment4_normal_20261008_194213,1791456157.904124,camera_color_optical_frame,494,640,480,1,394.3,415.0,0.2321,0.7290,0.00250,1,1,1.000,0.8380,0.0967,0.2350,10.93,0.00,1791456157.995266,2,0,0.0
assignment4_normal_20261008_194213,1791456157.937485,camera_color_optical_frame,495,640,480,1,394.5,415.1,0.2328,0.7297,0.00244,1,1,1.000,0.8340,0.0965,0.2341,11.48,0.00,1791456158.030694,2,0,0.0
assignment4_normal_20261008_194213,1791456157.970847,camera_color_optical_frame,496,640,480,1,394.3,414.7,0.2321,0.7278,0.00248,1,1,1.000,0.8350,0.0964,0.2337,11.14,0.00,1791456158.066086,2,0,0.0
assignment4_normal_20261008_194213,1791456158.004207,camera_color_optical_frame,497,640,480,1,394.3,414.8,0.2323,0.7285,0.00250,1,1,1.000,0.8370,0.0966,0.2345,11.38,0.00,1791456158.101229,2,0,0.0
assignment4_normal_20261008_194213,1791456158.037568,camera_color_optical_frame,498,640,480,1,394.3,414.9,0.2323,0.7289,0.00248,1,1,1.000,0.8370,0.0967,0.2347,9.99,0.00,1791456158.139773,2,0,0.0
assignment4_normal_20261008_194213,1791456158.070929,camera_color_optical_frame,499,640,480,1,394.4,415.1,0.2326,0.7298,0.00249,1,1,1.000,0.8350,0.0966,0.2344,12.06,0.00,1791456158.174896,2,0,0.0
assignment4_normal_20261008_194213,1791456158.104290,camera_color_optical_frame,500,640,480,1,394.4,415.0,0.2326,0.7293,0.00245,1,1,1.000,0.8350,0.0965,0.2342,12.02,0.00,1791456158.214739,2,0,0.0
assignment4_normal_20261008_194213,1791456158.137651,camera_color_optical_frame,501,640,480,1,394.4,415.1,0.2324,0.7296,0.00246,1,1,1.000,0.8380,0.0968,0.2352,11.08,0.00,1791456158.248233,2,0,0.0
assignment4_normal_20261008_194213,1791456158.171012,camera_color_optical_frame,502,640,480,1,394.3,415.0,0.2323,0.7293,0.00249,1,1,1.000,0.8390,0.0969,0.2353,13.38,0.00,1791456158.284951,2,0,0.0
assignment4_normal_20261008_194213,1791456158.204373,camera_color_optical_frame,503,640,480,1,394.2,414.7,0.2320,0.7279,0.00250,1,1,1.000,0.8370,0.0965,0.2343,11.64,0.00,1791456158.317090,2,0,0.0
assignment4_normal_20261008_194213,1791456158.237735,camera_color_optical_frame,504,640,480,1,394.2,414.9,0.2319,0.7289,0.00248,1,1,1.000,0.8380,0.0966,0.2349,16.70,0.00,1791456158.364200,2,0,0.0
assignment4_normal_20261008_194213,1791456158.271096,camera_color_optical_frame,505,640,480,1,394.3,414.8,0.2321,0.7282,0.00249,1,1,1.000,0.8380,0.0967,0.2347,14.15,0.00,1791456158.391550,2,0,0.0
assignment4_normal_20261008_194213,1791456158.304457,camera_color_optical_frame,506,640,480,1,394.3,415.0,0.2322,0.7292,0.00248,1,1,1.000,0.8350,0.0964,0.2342,9.58,0.00,1791456158.418641,2,0,0.0
assignment4_normal_20261008_194213,1791456158.337818,camera_color_optical_frame,507,640,480,1,394.1,414.6,0.2317,0.7277,0.00254,1,1,1.000,0.8370,0.0964,0.2342,14.95,0.00,1791456158.462448,2,0,0.0
assignment4_normal_20261008_194213,1791456158.371179,camera_color_optical_frame,508,640,480,1,394.4,415.2,0.2326,0.7301,0.00247,1,1,1.000,0.8390,0.0970,0.2356,12.80,0.00,1791456158.495749,2,0,0.0
assignment4_normal_20261008_194213,1791456158.404541,camera_color_optical_frame,509,640,480,1,394.4,415.1,0.2326,0.7297,0.00247,1,1,1.000,0.8390,0.0970,0.2355,12.47,0.00,1791456158.526339,2,0,0.0
assignment4_normal_20261008_194213,1791456158.437902,camera_color_optical_frame,510,640,480,1,394.3,414.8,0.2321,0.7285,0.00251,1,1,1.000,0.8370,0.0966,0.2345,11.43,0.00,1791456158.556638,2,0,0.0
assignment4_normal_20261008_194213,1791456158.471263,camera_color_optical_frame,511,640,480,1,394.2,414.8,0.2320,0.7285,0.00252,1,1,1.000,0.8400,0.0969,0.2353,18.83,0.00,1791456158.595306,2,0,0.0
assignment4_normal_20261008_194213,1791456158.504625,camera_color_optical_frame,512,640,480,1,394.3,414.8,0.2322,0.7282,0.00250,1,1,1.000,0.8340,0.0963,0.2336,13.87,0.00,1791456158.627253,2,0,0.0
assignment4_normal_20261008_194213,1791456158.537986,camera_color_optical_frame,513,640,480,1,394.3,414.8,0.2321,0.7285,0.00251,1,1,1.000,0.8350,0.0964,0.2339,10.13,0.00,1791456158.674495,2,0,0.0
assignment4_normal_20261008_194213,1791456158.571347,camera_color_optical_frame,514,640,480,1,394.2,414.7,0.2320,0.7280,0.00253,1,1,1.000,0.8370,0.0965,0.2343,15.03,0.00,1791456158.714276,2,0,0.0
assignment4_normal_20261008_194213,1791456158.604709,camera_color_optical_frame,515,640,480,1,394.2,414.7,0.2319,0.7281,0.00253,1,1,1.000,0.8350,0.0963,0.2338,18.56,0.00,1791456158.758940,2,0,0.0
assignment4_normal_20261008_194213,1791456158.638063,camera_color_optical_frame,516,640,480,1,394.1,414.5,0.2316,0.7272,0.00255,1,1,1.000,0.8380,0.0965,0.2344,12.34,0.00,1791456158.790347,2,0,0.0
assignment4_normal_20261008_194213,1791456158.671417,camera_color_optical_frame,517,640,480,1,394.1,414.6,0.2315,0.7276,0.00256,1,1,1.000,0.8380,0.0964,0.2345,12.91,0.00,1791456158.835207,2,0,1.4
assignment4_normal_20261008_194213,1791456158.704770,camera_color_optical_frame,518,640,480,1,394.2,414.6,0.2318,0.7274,0.00255,1,1,1.000,0.8370,0.0964,0.2342,12.68,0.00,1791456158.874026,2,0,8.2
assignment4_normal_20261008_194213,1791456158.738124,camera_color_optical_frame,519,640,480,1,394.0,414.6,0.2314,0.7276,0.00259,1,1,1.000,0.8390,0.0965,0.2348,13.41,0.00,1791456158.917591,2,0,23.4
assignment4_normal_20261008_194213,1791456158.771478,camera_color_optical_frame,520,640,480,1,392.5,415.0,0.2265,0.7290,0.00245,1,1,1.000,0.8370,0.0941,0.2347,10.11,0.00,1791456158.958472,2,0,33.0
assignment4_normal_20261008_194213,1791456158.804832,camera_color_optical_frame,521,640,480,1,388.5,413.5,0.2139,0.7227,0.00243,1,1,1.000,0.8330,0.0881,0.2315,9.95,0.00,1791456158.994540,2,0,38.5
assignment4_normal_20261008_194213,1791456158.838185,camera_color_optical_frame,522,640,480,1,384.2,409.3,0.2005,0.7053,0.00217,1,1,1.000,0.8360,0.0825,0.2265,11.47,0.00,1791456159.030585,2,0,38.5
assignment4_normal_20261008_194213,1791456158.871539,camera_color_optical_frame,523,640,480,1,379.6,396.9,0.1863,0.6537,0.00197,1,1,1.000,0.8370,0.0763,0.2097,10.57,0.00,1791456159.070615,2,0,39.9
assignment4_normal_20261008_194213,1791456158.904893,camera_color_optical_frame,524,640,480,1,376.3,381.4,0.1759,0.5892,0.00194,1,1,0.971,0.8410,0.0721,0.1892,12.02,0.00,1791456159.105492,2,0,41.2
assignment4_normal_20261008_194213,1791456158.938246,camera_color_optical_frame,525,640,480,1,370.7,366.9,0.1585,0.5285,0.00191,1,1,1.000,0.8420,0.0644,0.1692,13.12,0.00,1791456159.152953,2,0,41.2
assignment4_normal_20261008_194213,1791456159.004954,camera_color_optical_frame,526,640,480,1,361.1,334.4,0.1284,0.3933,0.00188,1,1,1.000,0.8540,0.0518,0.1258,14.27,0.00,1791456159.193416,2,0,33.0
assignment4_normal_20261008_194213,1791456159.038307,camera_color_optical_frame,527,640,480,1,357.6,312.9,0.1174,0.3038,0.00166,1,1,1.000,0.8620,0.0472,0.0965,13.82,0.00,1791456159.234298,2,0,38.5
assignment4_normal_20261008_194213,1791456159.071661,camera_color_optical_frame,528,640,480,1,352.6,295.0,0.1017,0.2290,0.00199,1,1,1.000,0.8710,0.0405,0.0717,11.97,0.00,1791456159.276215,2,0,37.1
assignment4_normal_20261008_194213,1791456159.105015,camera_color_optical_frame,529,640,480,1,348.5,285.4,0.0892,0.1892,0.00210,1,1,1.000,0.8640,0.0345,0.0574,11.00,0.00,1791456159.318313,2,0,28.8
assignment4_normal_20261008_194213,1791456159.138368,camera_color_optical_frame,530,640,480,1,344.5,273.6,0.0766,0.1398,0.00192,1,1,1.000,0.8600,0.0286,0.0404,13.72,0.00,1791456159.355363,2,0,23.4
assignment4_normal_20261008_194213,1791456159.205075,camera_color_optical_frame,531,640,480,1,336.7,246.5,0.0521,0.0271,0.00199,1,1,1.000,0.8500,0.0173,0.0019,15.35,0.00,1791456159.398005,2,0,19.2
assignment4_normal_20261008_194213,1791456159.238428,camera_color_optical_frame,532,640,480,1,332.9,236.5,0.0403,-0.0144,0.00207,1,1,1.000,0.8530,0.0120,-0.0121,14.62,0.00,1791456159.438057,2,0,15.1
assignment4_normal_20261008_194213,1791456159.271782,camera_color_optical_frame,533,640,480,1,329.8,227.0,0.0305,-0.0541,0.00212,1,1,1.000,0.8520,0.0076,-0.0255,10.15,0.00,1791456159.478416,2,0,12.4
assignment4_normal_20261008_194213,1791456159.305135,camera_color_optical_frame,534,640,480,1,326.6,219.7,0.0206,-0.0845,0.00208,1,1,1.000,0.8490,0.0031,-0.0356,9.48,0.00,1791456159.517576,2,0,9.6
assignment4_normal_20261008_194213,1791456159.338489,camera_color_optical_frame,535,640,480,1,324.8,213.2,0.0149,-0.1117,0.00212,1,1,1.000,0.8470,0.0006,-0.0447,13.08,0.00,1791456159.553100,2,0,4.1
assignment4_normal_20261008_194213,1791456159.405195,camera_color_optical_frame,536,640,480,1,321.8,202.4,0.0056,-0.1568,0.00224,1,1,1.000,0.8430,-0.0036,-0.0595,12.83,0.00,1791456159.593400,2,0,0.0
assignment4_normal_20261008_194213,1791456159.438548,camera_color_optical_frame,537,640,480,1,321.1,196.6,0.0034,-0.1808,0.00218,1,1,1.000,0.8420,-0.0045,-0.0675,11.70,0.00,1791456159.631847,2,0,0.0
assignment4_normal_20261008_194213,1791456159.471902,camera_color_optical_frame,538,640,480,1,322.3,188.9,0.0071,-0.2130,0.00224,1,1,1.000,0.8405,-0.0029,-0.0781,10.11,0.00,1791456159.672943,2,0,1.4
assignment4_normal_20261008_194213,1791456159.505255,camera_color_optical_frame,539,640,480,1,326.0,181.1,0.0189,-0.2454,0.00221,1,1,1.000,0.8280,0.0023,-0.0875,11.24,0.00,1791456159.708448,2,0,2.8
assignment4_normal_20261008_194213,1791456159.538608,camera_color_optical_frame,540,640,480,1,331.4,174.9,0.0355,-0.2714,0.00217,1,1,1.000,0.8160,0.0094,-0.0947,10.68,0.00,1791456159.747297,2,0,5.5
assignment4_normal_20261008_194213,1791456159.605335,camera_color_optical_frame,541,640,480,1,342.2,162.0,0.0695,-0.3250,0.00239,1,1,1.000,0.7980,0.0235,-0.1095,10.35,0.00,1791456159.787359,2,0,8.2
assignment4_normal_20261008_194213,1791456159.638699,camera_color_optical_frame,542,640,480,1,348.5,158.0,0.0890,-0.3416,0.00256,1,1,1.000,0.7840,0.0312,-0.1128,13.44,0.00,1791456159.822255,2,0,9.6
assignment4_normal_20261008_194213,1791456159.672062,camera_color_optical_frame,543,640,480,1,355.0,158.4,0.1095,-0.3400,0.00247,1,1,1.000,0.7760,0.0393,-0.1111,12.41,0.00,1791456159.865978,2,0,12.4
assignment4_normal_20261008_194213,1791456159.705426,camera_color_optical_frame,544,640,480,1,361.9,158.5,0.1310,-0.3395,0.00272,1,1,1.000,0.7730,0.0479,-0.1106,11.64,0.00,1791456159.905198,2,0,13.7
assignment4_normal_20261008_194213,1791456159.738790,camera_color_optical_frame,545,640,480,1,367.6,160.4,0.1489,-0.3316,0.00287,1,1,1.000,0.7650,0.0546,-0.1070,12.24,0.00,1791456159.942157,2,0,15.1
assignment4_normal_20261008_194213,1791456159.772153,camera_color_optical_frame,546,640,480,1,373.1,162.0,0.1660,-0.3250,0.00279,1,1,1.000,0.7550,0.0607,-0.1036,16.62,0.00,1791456159.987536,2,0,16.5
assignment4_normal_20261008_194213,1791456159.805517,camera_color_optical_frame,547,640,480,1,379.1,164.8,0.1848,-0.3134,0.00298,1,1,1.000,0.7480,0.0676,-0.0992,12.97,0.00,1791456160.027329,2,0,17.9
assignment4_normal_20261008_194213,1791456159.872245,camera_color_optical_frame,548,640,480,1,385.0,169.3,0.2032,-0.2946,0.00319,1,1,1.000,0.7330,0.0734,-0.0918,9.76,0.00,1791456160.073783,2,0,17.9
assignment4_normal_20261008_194213,1791456159.905609,camera_color_optical_frame,549,640,480,1,387.2,171.9,0.2099,-0.2837,0.00320,1,1,1.000,0.7240,0.0750,-0.0875,18.65,0.00,1791456160.118158,2,0,17.9
assignment4_normal_20261008_194213,1791456159.938972,camera_color_optical_frame,550,640,480,1,388.7,174.4,0.2148,-0.2734,0.00329,1,1,1.000,0.7200,0.0765,-0.0841,13.71,0.00,1791456160.151400,2,0,17.9
assignment4_normal_20261008_194213,1791456159.972337,camera_color_optical_frame,551,640,480,1,389.2,176.7,0.2163,-0.2637,0.00333,1,1,1.000,0.7160,0.0766,-0.0809,11.13,0.00,1791456160.185287,2,0,17.9
assignment4_normal_20261008_194213,1791456160.039065,camera_color_optical_frame,552,640,480,1,383.4,177.5,0.1981,-0.2605,0.00352,1,1,1.000,0.7130,0.0694,-0.0796,10.04,0.00,1791456160.215992,2,0,16.5
assignment4_normal_20261008_194213,1791456160.072429,camera_color_optical_frame,553,640,480,1,378.7,176.7,0.1833,-0.2639,0.00344,1,1,1.000,0.7110,0.0637,-0.0804,13.26,0.00,1791456160.257124,2,0,16.5
assignment4_normal_20261008_194213,1791456160.105793,camera_color_optical_frame,554,640,480,1,373.2,172.6,0.1663,-0.2807,0.00345,1,1,1.000,0.7180,0.0579,-0.0860,10.28,0.00,1791456160.288998,2,0,16.5
assignment4_normal_20261008_194213,1791456160.139157,camera_color_optical_frame,555,640,480,1,367.4,168.3,0.1481,-0.2988,0.00342,1,1,1.000,0.7170,0.0509,-0.0910,10.47,0.00,1791456160.324014,2,0,15.1
assignment4_normal_20261008_194213,1791456160.172522,camera_color_optical_frame,556,640,480,1,361.3,162.4,0.1291,-0.3232,0.00343,1,1,1.000,0.7190,0.0439,-0.0982,13.54,0.00,1791456160.364211,2,0,15.1
assignment4_normal_20261008_194213,1791456160.205886,camera_color_optical_frame,557,640,480,1,355.8,156.5,0.1119,-0.3480,0.00327,1,1,1.000,0.7200,0.0374,-0.1054,10.47,0.00,1791456160.400881,2,0,15.1
assignment4_normal_20261008_194213,1791456160.239251,camera_color_optical_frame,558,640,480,1,349.8,151.5,0.0931,-0.3688,0.00318,1,1,1.000,0.7255,0.0304,-0.1122,15.26,0.00,1791456160.436414,2,0,15.1
assignment4_normal_20261008_194213,1791456160.272615,camera_color_optical_frame,559,640,480,1,342.2,147.8,0.0695,-0.3844,0.00302,1,0,,,,,12.83,33.36,1791456160.458166,2,0,15.1
assignment4_normal_20261008_194213,1791456160.406074,camera_color_optical_frame,560,640,480,1,306.0,139.5,-0.0436,-0.4188,0.00298,1,0,,,,,8.23,166.82,1791456160.473162,2,0,15.1
assignment4_normal_20261008_194213,1791456160.439438,camera_color_optical_frame,561,640,480,1,294.8,140.2,-0.0788,-0.4159,0.00298,1,1,1.000,0.7440,-0.0363,-0.1289,12.85,0.00,1791456160.533351,2,0,16.5
assignment4_normal_20261008_194213,1791456160.472803,camera_color_optical_frame,562,640,480,1,281.7,143.5,-0.1196,-0.4020,0.00306,1,1,1.000,0.7490,-0.0527,-0.1257,11.65,0.00,1791456160.569108,2,0,17.9
assignment4_normal_20261008_194213,1791456160.506168,camera_color_optical_frame,563,640,480,1,270.6,147.2,-0.1543,-0.3865,0.00307,1,1,1.000,0.7570,-0.0671,-0.1224,10.63,0.00,1791456160.600652,2,0,17.9
assignment4_normal_20261008_194213,1791456160.539533,camera_color_optical_frame,564,640,480,1,262.2,153.1,-0.1807,-0.3621,0.00314,1,1,1.000,0.7580,-0.0778,-0.1152,9.83,0.00,1791456160.633772,2,0,19.2
assignment4_normal_20261008_194213,1791456160.572891,camera_color_optical_frame,565,640,480,1,255.2,160.7,-0.2025,-0.3303,0.00306,1,1,1.000,0.7630,-0.0871,-0.1063,12.05,0.00,1791456160.673478,2,0,22.0
assignment4_normal_20261008_194213,1791456160.606249,camera_color_optical_frame,566,640,480,1,249.6,168.8,-0.2201,-0.2967,0.00308,1,1,1.000,0.7670,-0.0947,-0.0967,15.57,0.00,1791456160.712925,2,0,22.0
assignment4_normal_20261008_194213,1791456160.639607,camera_color_optical_frame,567,640,480,1,246.5,176.4,-0.2296,-0.2649,0.00304,1,1,1.000,0.7720,-0.0992,-0.0876,9.46,0.00,1791456160.738694,2,0,22.0
assignment4_normal_20261008_194213,1791456160.672965,camera_color_optical_frame,568,640,480,1,244.0,184.3,-0.2375,-0.2321,0.00289,1,1,1.000,0.7750,-0.1028,-0.0779,11.57,0.00,1791456160.780413,2,0,22.0
assignment4_normal_20261008_194213,1791456160.706322,camera_color_optical_frame,569,640,480,1,242.4,192.3,-0.2425,-0.1989,0.00281,1,1,1.000,0.7850,-0.1062,-0.0685,13.49,0.00,1791456160.813743,2,0,20.6
assignment4_normal_20261008_194213,1791456160.739679,camera_color_optical_frame,570,640,480,1,242.0,200.1,-0.2438,-0.1663,0.00273,1,1,1.000,0.7880,-0.1071,-0.0586,17.17,0.00,1791456160.859453,2,0,20.6
assignment4_normal_20261008_194213,1791456160.773036,camera_color_optical_frame,571,640,480,1,242.1,208.1,-0.2435,-0.1329,0.00275,1,1,1.000,0.7930,-0.1077,-0.0485,12.88,0.00,1791456160.889685,2,0,19.2
assignment4_normal_20261008_194213,1791456160.806392,camera_color_optical_frame,572,640,480,1,242.6,215.1,-0.2418,-0.1038,0.00271,1,1,1.000,0.7970,-0.1075,-0.0396,13.90,0.00,1791456160.927923,2,0,16.5
assignment4_normal_20261008_194213,1791456160.839749,camera_color_optical_frame,573,640,480,1,244.5,222.7,-0.2361,-0.0720,0.00273,1,1,1.000,0.8020,-0.1058,-0.0297,10.75,0.00,1791456160.959893,2,0,15.1
assignment4_normal_20261008_194213,1791456160.873106,camera_color_optical_frame,574,640,480,1,247.5,230.7,-0.2267,-0.0387,0.00277,1,1,1.000,0.8030,-0.1019,-0.0191,13.03,0.00,1791456160.997841,2,0,13.7
assignment4_normal_20261008_194213,1791456160.906463,camera_color_optical_frame,575,640,480,1,250.8,238.5,-0.2161,-0.0061,0.00274,1,1,1.000,0.8040,-0.0976,-0.0088,12.58,0.00,1791456161.032097,2,0,13.7
assignment4_normal_20261008_194213,1791456160.939820,camera_color_optical_frame,576,640,480,1,254.5,247.5,-0.2048,0.0313,0.00276,1,1,1.000,0.8090,-0.0933,0.0032,10.86,0.00,1791456161.062977,2,0,13.7
assignment4_normal_20261008_194213,1791456160.973176,camera_color_optical_frame,577,640,480,1,258.6,251.2,-0.1917,0.0466,0.00281,1,1,1.000,0.8090,-0.0878,0.0081,13.66,0.00,1791456161.101291,2,0,12.4
assignment4_normal_20261008_194213,1791456161.006533,camera_color_optical_frame,578,640,480,1,263.0,255.6,-0.1782,0.0649,0.00279,1,1,1.000,0.8120,-0.0823,0.0140,13.00,0.00,1791456161.139124,2,0,13.7
assignment4_normal_20261008_194213,1791456161.039890,camera_color_optical_frame,579,640,480,1,269.0,260.3,-0.1594,0.0848,0.00277,1,1,1.000,0.8070,-0.0737,0.0203,12.33,0.00,1791456161.186964,2,0,13.7
assignment4_normal_20261008_194213,1791456161.073247,camera_color_optical_frame,580,640,480,1,277.1,264.7,-0.1339,0.1027,0.00275,1,1,1.000,0.8100,-0.0631,0.0261,14.49,0.00,1791456161.218744,2,0,13.7
assignment4_normal_20261008_194213,1791456161.106604,camera_color_optical_frame,581,640,480,1,286.4,267.7,-0.1050,0.1156,0.00256,1,0,,,,,9.99,33.36,1791456161.235290,2,0,13.7
assignment4_normal_20261008_194213,1791456161.139961,camera_color_optical_frame,582,640,480,1,295.7,272.5,-0.0760,0.1356,0.00268,1,0,,,,,10.48,66.71,1791456161.253748,2,0,12.4
assignment4_normal_20261008_194213,1791456161.173317,camera_color_optical_frame,583,640,480,1,304.3,278.6,-0.0490,0.1606,0.00281,1,0,,,,,8.39,100.07,1791456161.269239,2,0,11.0
assignment4_normal_20261008_194213,1791456161.206674,camera_color_optical_frame,584,640,480,1,313.1,284.3,-0.0215,0.1846,0.00283,1,0,,,,,11.56,133.43,1791456161.287777,2,0,11.0
assignment4_normal_20261008_194213,1791456161.240031,camera_color_optical_frame,585,640,480,1,322.0,289.1,0.0062,0.2047,0.00276,1,1,0.981,0.7990,-0.0031,0.0580,10.02,0.00,1791456161.335360,2,0,9.6
assignment4_normal_20261008_194213,1791456161.273388,camera_color_optical_frame,586,640,480,1,330.5,294.6,0.0327,0.2275,0.00283,1,1,0.990,0.7960,0.0080,0.0650,12.89,0.00,1791456161.366365,2,0,9.6
assignment4_normal_20261008_194213,1791456161.306745,camera_color_optical_frame,587,640,480,1,336.6,299.9,0.0519,0.2497,0.00281,1,0,,,,,14.73,33.36,1791456161.386390,2,0,9.6
assignment4_normal_20261008_194213,1791456161.340101,camera_color_optical_frame,588,640,480,1,341.7,303.1,0.0678,0.2631,0.00266,1,1,1.000,0.7930,0.0227,0.0759,15.57,0.00,1791456161.440051,2,0,8.2
assignment4_normal_20261008_194213,1791456161.373458,camera_color_optical_frame,589,640,480,1,344.5,307.7,0.0765,0.2820,0.00279,1,1,1.000,0.7910,0.0262,0.0817,10.89,0.00,1791456161.473353,2,0,9.6
assignment4_normal_20261008_194213,1791456161.406815,camera_color_optical_frame,590,640,480,1,346.7,313.3,0.0836,0.3052,0.00298,1,1,0.936,0.7900,0.0292,0.0888,10.49,0.00,1791456161.508749,2,0,9.6
assignment4_normal_20261008_194213,1791456161.440172,camera_color_optical_frame,591,640,480,1,349.2,312.6,0.0913,0.3026,0.00278,1,1,1.000,0.7900,0.0324,0.0880,11.27,0.00,1791456161.543651,2,0,11.0
assignment4_normal_20261008_194213,1791456161.473529,camera_color_optical_frame,592,640,480,1,351.8,313.8,0.0995,0.3075,0.00294,1,1,1.000,0.7860,0.0357,0.0891,13.77,0.00,1791456161.582663,2,0,12.4
assignment4_normal_20261008_194213,1791456161.506886,camera_color_optical_frame,593,640,480,1,352.7,314.3,0.1023,0.3095,0.00307,1,1,1.000,0.7790,0.0365,0.0889,10.43,0.00,1791456161.620351,2,0,13.7
assignment4_normal_20261008_194213,1791456161.540242,camera_color_optical_frame,594,640,480,1,353.5,313.8,0.1048,0.3077,0.00309,1,1,1.000,0.7800,0.0375,0.0885,12.45,0.00,1791456161.654712,2,0,15.1
assignment4_normal_20261008_194213,1791456161.573599,camera_color_optical_frame,595,640,480,1,354.9,312.3,0.1091,0.3013,0.00302,1,1,0.986,0.7780,0.0392,0.0863,12.83,0.00,1791456161.700073,2,0,16.5
assignment4_normal_20261008_194213,1791456161.606956,camera_color_optical_frame,596,640,480,1,357.2,310.1,0.1162,0.2921,0.00304,1,1,0.964,0.7780,0.0422,0.0835,11.86,0.00,1791456161.738008,2,0,16.5
assignment4_normal_20261008_194213,1791456161.640318,camera_color_optical_frame,597,640,480,1,357.9,306.7,0.1184,0.2778,0.00303,1,1,1.000,0.7760,0.0429,0.0788,10.35,0.00,1791456161.777080,2,0,16.5
assignment4_normal_20261008_194213,1791456161.673670,camera_color_optical_frame,598,640,480,1,358.9,303.6,0.1217,0.2649,0.00308,1,1,1.000,0.7750,0.0442,0.0748,16.65,0.00,1791456161.823232,2,0,16.5
assignment4_normal_20261008_194213,1791456161.707022,camera_color_optical_frame,599,640,480,1,360.6,300.7,0.1268,0.2531,0.00306,1,1,1.000,0.7760,0.0464,0.0712,11.43,0.00,1791456161.850932,2,0,16.5
assignment4_normal_20261008_194213,1791456161.740373,camera_color_optical_frame,600,640,480,1,361.5,296.7,0.1295,0.2361,0.00306,1,1,1.000,0.7750,0.0474,0.0659,14.98,0.00,1791456161.895573,2,0,16.5
assignment4_normal_20261008_194213,1791456161.773725,camera_color_optical_frame,601,640,480,1,362.8,291.9,0.1338,0.2163,0.00298,1,1,1.000,0.7710,0.0489,0.0595,12.01,0.00,1791456161.935127,2,0,15.1
assignment4_normal_20261008_194213,1791456161.807077,camera_color_optical_frame,602,640,480,1,363.2,285.7,0.1351,0.1905,0.00288,1,1,1.000,0.7700,0.0494,0.0516,12.98,0.00,1791456161.973337,2,0,16.5
assignment4_normal_20261008_194213,1791456161.840429,camera_color_optical_frame,603,640,480,1,363.5,278.8,0.1358,0.1616,0.00280,1,1,1.000,0.7670,0.0495,0.0426,17.37,0.00,1791456162.023483,2,0,13.7
assignment4_normal_20261008_194213,1791456161.907132,camera_color_optical_frame,604,640,480,1,365.1,257.0,0.1411,0.0709,0.00272,1,0,,,,,10.50,66.70,1791456162.043882,2,0,13.7
assignment4_normal_20261008_194213,1791456161.973836,camera_color_optical_frame,605,640,480,1,368.5,247.9,0.1517,0.0328,0.00295,1,0,,,,,7.36,133.41,1791456162.060987,2,0,11.0
assignment4_normal_20261008_194213,1791456162.007187,camera_color_optical_frame,606,640,480,1,370.9,239.6,0.1592,-0.0018,0.00292,1,0,,,,,7.49,166.76,1791456162.073766,2,0,11.0
assignment4_normal_20261008_194213,1791456162.040539,camera_color_optical_frame,607,640,480,1,374.5,232.1,0.1704,-0.0328,0.00299,1,1,1.000,0.7500,0.0621,-0.0161,15.50,0.00,1791456162.133166,2,0,12.4
assignment4_normal_20261008_194213,1791456162.073890,camera_color_optical_frame,608,640,480,1,377.3,225.0,0.1790,-0.0624,0.00293,1,1,1.000,0.7440,0.0650,-0.0247,10.98,0.00,1791456162.172012,2,0,8.2
assignment4_normal_20261008_194213,1791456162.107242,camera_color_optical_frame,609,640,480,1,379.9,217.9,0.1871,-0.0920,0.00298,1,1,1.000,0.7410,0.0679,-0.0333,14.29,0.00,1791456162.211892,2,0,8.2
assignment4_normal_20261008_194213,1791456162.140593,camera_color_optical_frame,610,640,480,1,381.5,212.5,0.1921,-0.1145,0.00301,1,1,1.000,0.7370,0.0695,-0.0397,14.73,0.00,1791456162.251368,2,0,8.2
assignment4_normal_20261008_194213,1791456162.173944,camera_color_optical_frame,611,640,480,1,382.5,209.2,0.1953,-0.1282,0.00319,1,1,1.000,0.7370,0.0707,-0.0437,9.99,0.00,1791456162.297518,2,0,8.2
assignment4_normal_20261008_194213,1791456162.207296,camera_color_optical_frame,612,640,480,1,381.9,206.8,0.1935,-0.1384,0.00331,1,1,1.000,0.7370,0.0700,-0.0467,20.12,0.00,1791456162.343663,2,0,9.6
assignment4_normal_20261008_194213,1791456162.240647,camera_color_optical_frame,613,640,480,1,378.8,204.7,0.1839,-0.1469,0.00323,1,1,1.000,0.7340,0.0660,-0.0490,17.16,0.00,1791456162.385455,2,0,9.6
assignment4_normal_20261008_194213,1791456162.273999,camera_color_optical_frame,614,640,480,1,374.6,203.3,0.1707,-0.1529,0.00330,1,1,1.000,0.7330,0.0608,-0.0506,12.80,0.00,1791456162.414663,2,0,9.6
assignment4_normal_20261008_194213,1791456162.307350,camera_color_optical_frame,615,640,480,1,369.1,201.9,0.1533,-0.1588,0.00316,1,1,1.000,0.7340,0.0542,-0.0524,11.70,0.00,1791456162.445599,2,0,9.6
assignment4_normal_20261008_194213,1791456162.340701,camera_color_optical_frame,616,640,480,1,362.7,199.7,0.1333,-0.1678,0.00330,1,1,1.000,0.7340,0.0464,-0.0550,11.69,0.00,1791456162.477504,2,0,9.6
assignment4_normal_20261008_194213,1791456162.374053,camera_color_optical_frame,617,640,480,1,355.7,197.4,0.1115,-0.1775,0.00310,1,1,1.000,0.7350,0.0380,-0.0579,21.44,0.00,1791456162.522011,2,0,9.6
assignment4_normal_20261008_194213,1791456162.407404,camera_color_optical_frame,618,640,480,1,347.8,197.5,0.0868,-0.1773,0.00311,1,1,1.000,0.7370,0.0285,-0.0580,13.43,0.00,1791456162.555613,2,0,9.6
assignment4_normal_20261008_194213,1791456162.440755,camera_color_optical_frame,619,640,480,1,338.7,196.8,0.0585,-0.1802,0.00286,1,1,1.000,0.7370,0.0175,-0.0589,10.99,0.00,1791456162.589116,2,0,9.6
assignment4_normal_20261008_194213,1791456162.474106,camera_color_optical_frame,620,640,480,1,329.7,196.6,0.0303,-0.1809,0.00295,1,1,1.000,0.7390,0.0065,-0.0593,14.20,0.00,1791456162.626400,2,0,9.6
assignment4_normal_20261008_194213,1791456162.507457,camera_color_optical_frame,621,640,480,1,320.8,197.3,0.0025,-0.1778,0.00284,1,1,1.000,0.7410,-0.0044,-0.0585,14.18,0.00,1791456162.664582,2,0,8.2
assignment4_normal_20261008_194213,1791456162.540808,camera_color_optical_frame,622,640,480,1,311.9,197.0,-0.0252,-0.1793,0.00296,1,1,1.000,0.7430,-0.0152,-0.0591,12.17,0.00,1791456162.705717,2,0,8.2
assignment4_normal_20261008_194213,1791456162.574159,camera_color_optical_frame,623,640,480,1,303.9,197.7,-0.0504,-0.1764,0.00300,1,1,1.000,0.7420,-0.0251,-0.0582,12.16,0.00,1791456162.744549,2,0,9.6
assignment4_normal_20261008_194213,1791456162.607514,camera_color_optical_frame,624,640,480,1,296.7,198.5,-0.0728,-0.1727,0.00302,1,1,1.000,0.7450,-0.0340,-0.0573,11.76,0.00,1791456162.784272,2,0,8.2
assignment4_normal_20261008_194213,1791456162.640869,camera_color_optical_frame,625,640,480,1,290.1,199.6,-0.0935,-0.1683,0.00299,1,1,1.000,0.7480,-0.0423,-0.0562,11.80,0.00,1791456162.821246,2,0,8.2
assignment4_normal_20261008_194213,1791456162.674224,camera_color_optical_frame,626,640,480,1,283.4,201.6,-0.1144,-0.1600,0.00304,1,1,1.000,0.7530,-0.0509,-0.0541,12.16,0.00,1791456162.860511,2,0,9.6
assignment4_normal_20261008_194213,1791456162.707579,camera_color_optical_frame,627,640,480,1,277.9,203.5,-0.1315,-0.1523,0.00311,1,1,1.000,0.7560,-0.0580,-0.0520,14.44,0.00,1791456162.898359,2,0,9.6
assignment4_normal_20261008_194213,1791456162.740934,camera_color_optical_frame,628,640,480,1,273.8,205.9,-0.1443,-0.1421,0.00316,1,1,1.000,0.7580,-0.0632,-0.0491,12.89,0.00,1791456162.937084,2,0,9.6
assignment4_normal_20261008_194213,1791456162.774289,camera_color_optical_frame,629,640,480,1,270.1,208.5,-0.1558,-0.1311,0.00315,1,1,1.000,0.7630,-0.0683,-0.0461,13.38,0.00,1791456162.975251,2,0,9.6
assignment4_normal_20261008_194213,1791456162.807644,camera_color_optical_frame,630,640,480,1,267.1,212.1,-0.1652,-0.1160,0.00304,1,1,1.000,0.7640,-0.0722,-0.0416,12.59,0.00,1791456163.013653,2,0,9.6
assignment4_normal_20261008_194213,1791456162.840999,camera_color_optical_frame,631,640,480,1,265.3,216.3,-0.1710,-0.0987,0.00312,1,0,,,,,10.25,33.35,1791456163.031500,2,0,9.6
assignment4_normal_20261008_194213,1791456162.907709,camera_color_optical_frame,632,640,480,1,266.7,224.9,-0.1664,-0.0630,0.00309,1,0,,,,,9.79,100.06,1791456163.051083,2,0,8.2
assignment4_normal_20261008_194213,1791456162.974419,camera_color_optical_frame,633,640,480,1,270.5,234.2,-0.1547,-0.0243,0.00313,1,0,,,,,8.15,166.77,1791456163.072659,2,0,8.2
assignment4_normal_20261008_194213,1791456163.007774,camera_color_optical_frame,634,640,480,1,272.9,238.8,-0.1470,-0.0051,0.00311,1,0,,,,,9.10,200.13,1791456163.097723,2,0,8.2
assignment4_normal_20261008_194213,1791456163.041129,camera_color_optical_frame,635,640,480,1,275.8,242.6,-0.1380,0.0108,0.00306,1,1,1.000,0.7710,-0.0618,-0.0032,12.37,0.00,1791456163.135557,2,0,8.2
assignment4_normal_20261008_194213,1791456163.074484,camera_color_optical_frame,636,640,480,1,279.2,245.7,-0.1275,0.0236,0.00304,1,1,1.000,0.7710,-0.0575,0.0007,10.47,0.00,1791456163.176386,2,0,8.2
assignment4_normal_20261008_194213,1791456163.107839,camera_color_optical_frame,637,640,480,1,282.9,248.4,-0.1158,0.0350,0.00306,1,1,1.000,0.7710,-0.0527,0.0041,13.19,0.00,1791456163.214069,2,0,8.2
assignment4_normal_20261008_194213,1791456163.141194,camera_color_optical_frame,638,640,480,1,286.6,250.6,-0.1043,0.0440,0.00306,1,1,1.000,0.7700,-0.0480,0.0069,10.36,0.00,1791456163.259772,2,0,8.2
assignment4_normal_20261008_194213,1791456163.174548,camera_color_optical_frame,639,640,480,1,289.5,252.6,-0.0955,0.0526,0.00303,1,1,1.000,0.7710,-0.0444,0.0095,12.10,0.00,1791456163.292361,2,0,6.9
assignment4_normal_20261008_194213,1791456163.207903,camera_color_optical_frame,640,640,480,1,292.0,255.9,-0.0876,0.0661,0.00299,1,1,1.000,0.7710,-0.0412,0.0137,11.32,0.00,1791456163.333400,2,0,6.9
assignment4_normal_20261008_194213,1791456163.241258,camera_color_optical_frame,641,640,480,1,294.4,256.7,-0.0800,0.0697,0.00296,1,1,1.000,0.7710,-0.0382,0.0147,12.77,0.00,1791456163.375797,2,0,6.9
assignment4_normal_20261008_194213,1791456163.274613,camera_color_optical_frame,642,640,480,1,296.7,257.1,-0.0729,0.0713,0.00296,1,1,1.000,0.7730,-0.0353,0.0153,12.79,0.00,1791456163.413016,2,0,5.5
assignment4_normal_20261008_194213,1791456163.307968,camera_color_optical_frame,643,640,480,1,298.7,257.9,-0.0666,0.0745,0.00299,1,1,1.000,0.7730,-0.0327,0.0163,11.82,0.00,1791456163.449435,2,0,5.5
assignment4_normal_20261008_194213,1791456163.341323,camera_color_optical_frame,644,640,480,1,300.9,257.8,-0.0598,0.0741,0.00295,1,1,1.000,0.7740,-0.0300,0.0162,13.39,0.00,1791456163.486660,2,0,4.1
assignment4_normal_20261008_194213,1791456163.374677,camera_color_optical_frame,645,640,480,1,303.0,258.0,-0.0532,0.0751,0.00297,1,1,1.000,0.7740,-0.0273,0.0165,10.74,0.00,1791456163.526460,2,0,4.1
assignment4_normal_20261008_194213,1791456163.408032,camera_color_optical_frame,646,640,480,1,304.8,258.1,-0.0475,0.0755,0.00296,1,1,1.000,0.7750,-0.0250,0.0166,13.38,0.00,1791456163.562972,2,0,4.1
assignment4_normal_20261008_194213,1791456163.441387,camera_color_optical_frame,647,640,480,1,305.9,258.4,-0.0441,0.0765,0.00296,1,1,1.000,0.7760,-0.0237,0.0169,10.55,0.00,1791456163.604180,2,0,4.1
assignment4_normal_20261008_194213,1791456163.474742,camera_color_optical_frame,648,640,480,1,306.9,257.1,-0.0409,0.0712,0.00299,1,1,1.000,0.7755,-0.0224,0.0153,12.68,0.00,1791456163.639769,2,0,4.1
assignment4_normal_20261008_194213,1791456163.508097,camera_color_optical_frame,649,640,480,1,308.9,255.9,-0.0348,0.0664,0.00296,1,1,1.000,0.7760,-0.0199,0.0138,12.30,0.00,1791456163.680547,2,0,4.1
assignment4_normal_20261008_194213,1791456163.541451,camera_color_optical_frame,650,640,480,1,311.1,254.2,-0.0278,0.0593,0.00292,1,1,1.000,0.7770,-0.0170,0.0117,12.30,0.00,1791456163.720229,2,0,4.1
assignment4_normal_20261008_194213,1791456163.574806,camera_color_optical_frame,651,640,480,1,314.2,253.1,-0.0183,0.0546,0.00285,1,1,1.000,0.7780,-0.0131,0.0102,12.51,0.00,1791456163.754497,2,0,4.1
assignment4_normal_20261008_194213,1791456163.608165,camera_color_optical_frame,652,640,480,1,316.4,252.3,-0.0112,0.0513,0.00287,1,1,1.000,0.7760,-0.0102,0.0092,10.14,0.00,1791456163.794288,2,0,4.1
assignment4_normal_20261008_194213,1791456163.641524,camera_color_optical_frame,653,640,480,1,317.5,250.4,-0.0079,0.0432,0.00288,1,1,1.000,0.7770,-0.0089,0.0067,13.17,0.00,1791456163.829421,2,0,4.1
assignment4_normal_20261008_194213,1791456163.674882,camera_color_optical_frame,654,640,480,1,320.1,249.0,0.0004,0.0373,0.00288,1,1,1.000,0.7770,-0.0054,0.0049,11.57,0.00,1791456163.864385,2,0,2.8
assignment4_normal_20261008_194213,1791456163.708241,camera_color_optical_frame,655,640,480,1,325.0,246.0,0.0155,0.0250,0.00286,1,1,1.000,0.7760,0.0008,0.0011,11.76,0.00,1791456163.902960,2,0,1.4
assignment4_normal_20261008_194213,1791456163.741600,camera_color_optical_frame,656,640,480,1,330.2,243.6,0.0319,0.0149,0.00283,1,1,1.000,0.7810,0.0075,-0.0020,14.99,0.00,1791456163.946381,2,0,1.4
assignment4_normal_20261008_194213,1791456163.808317,camera_color_optical_frame,657,640,480,1,338.7,241.0,0.0585,0.0043,0.00292,1,0,,,,,11.93,66.72,1791456163.973490,2,0,1.4
assignment4_normal_20261008_194213,1791456163.908393,camera_color_optical_frame,658,640,480,1,359.1,242.4,0.1222,0.0101,0.00258,1,0,,,,,14.42,166.79,1791456163.996048,2,0,1.4
assignment4_normal_20261008_194213,1791456163.941752,camera_color_optical_frame,659,640,480,0,,,0.0000,0.0000,0.00000,1,0,,,,,9.75,0.00,1791456164.035462,,0,0.0
assignment4_normal_20261008_194213,1791456163.975111,camera_color_optical_frame,660,640,480,0,,,0.0000,0.0000,0.00000,1,0,,,,,11.63,0.00,1791456164.066938,,0,0.0
assignment4_normal_20261008_194213,1791456164.008469,camera_color_optical_frame,661,640,480,0,,,0.0000,0.0000,0.00000,1,0,,,,,11.19,0.00,1791456164.108856,,0,0.0
assignment4_normal_20261008_194213,1791456164.041828,camera_color_optical_frame,662,640,480,0,,,0.0000,0.0000,0.00000,1,0,,,,,10.03,0.00,1791456164.144768,,0,0.0
assignment4_normal_20261008_194213,1791456164.075186,camera_color_optical_frame,663,640,480,0,,,0.0000,0.0000,0.00000,1,0,,,,,10.78,0.00,1791456164.181033,,0,2.8
assignment4_normal_20261008_194213,1791456164.108545,camera_color_optical_frame,664,640,480,0,,,0.0000,0.0000,0.00000,1,0,,,,,10.01,0.00,1791456164.216072,,0,4.1
assignment4_normal_20261008_194213,1791456164.141903,camera_color_optical_frame,665,640,480,0,,,0.0000,0.0000,0.00000,1,0,,,,,9.63,0.00,1791456164.252643,,0,1.4
assignment4_normal_20261008_194213,1791456164.175262,camera_color_optical_frame,666,640,480,0,,,0.0000,0.0000,0.00000,1,0,,,,,11.73,0.00,1791456164.292881,,0,0.0
assignment4_normal_20261008_194213,1791456164.208621,camera_color_optical_frame,667,640,480,0,,,0.0000,0.0000,0.00000,1,0,,,,,11.94,0.00,1791456164.329528,,0,0.0
assignment4_normal_20261008_194213,1791456164.241979,camera_color_optical_frame,668,640,480,0,,,0.0000,0.0000,0.00000,1,0,,,,,12.84,0.00,1791456164.363632,,0,0.0
assignment4_normal_20261008_194213,1791456164.275338,camera_color_optical_frame,669,640,480,0,,,0.0000,0.0000,0.00000,1,0,,,,,11.09,0.00,1791456164.396692,,0,0.0
assignment4_normal_20261008_194213,1791456164.308697,camera_color_optical_frame,670,640,480,0,,,0.0000,0.0000,0.00000,1,0,,,,,10.18,0.00,1791456164.433515,,0,0.0
assignment4_normal_20261008_194213,1791456164.342055,camera_color_optical_frame,671,640,480,0,,,0.0000,0.0000,0.00000,1,0,,,,,10.27,0.00,1791456164.468289,,0,0.0
assignment4_normal_20261008_194213,1791456164.375413,camera_color_optical_frame,672,640,480,0,,,0.0000,0.0000,0.00000,1,0,,,,,10.43,0.00,1791456164.508893,,0,0.0
assignment4_normal_20261008_194213,1791456164.408772,camera_color_optical_frame,673,640,480,1,434.0,256.7,0.3562,0.0695,0.00279,1,1,1.000,0.7130,0.1290,0.0136,20.87,0.00,1791456164.557435,3,0,0.0
assignment4_normal_20261008_194213,1791456164.442131,camera_color_optical_frame,674,640,480,1,433.9,258.7,0.3560,0.0780,0.00282,1,1,1.000,0.7090,0.1282,0.0159,14.92,0.00,1791456164.585451,3,0,0.0
assignment4_normal_20261008_194213,1791456164.475489,camera_color_optical_frame,675,640,480,1,434.2,260.6,0.3567,0.0859,0.00282,1,1,1.000,0.7090,0.1285,0.0181,14.45,0.00,1791456164.618674,3,0,0.0
assignment4_normal_20261008_194213,1791456164.508847,camera_color_optical_frame,676,640,480,1,434.2,263.7,0.3569,0.0989,0.00287,1,1,1.000,0.7100,0.1287,0.0218,18.97,0.00,1791456164.653102,3,0,0.0
assignment4_normal_20261008_194213,1791456164.608922,camera_color_optical_frame,677,640,480,1,425.1,272.9,0.3286,0.1372,0.00279,1,0,,,,,7.34,100.07,1791456164.669591,3,0,0.0
assignment4_normal_20261008_194213,1791456164.642279,camera_color_optical_frame,678,640,480,1,418.8,274.1,0.3086,0.1423,0.00280,1,1,1.000,0.7160,0.1116,0.0343,13.94,0.00,1791456164.729136,3,0,0.0
assignment4_normal_20261008_194213,1791456164.675637,camera_color_optical_frame,679,640,480,1,409.6,275.0,0.2800,0.1458,0.00279,1,1,1.000,0.7130,0.1003,0.0352,11.12,0.00,1791456164.764390,3,0,0.0
assignment4_normal_20261008_194213,1791456164.708992,camera_color_optical_frame,680,640,480,1,398.4,275.3,0.2451,0.1471,0.00270,1,1,0.883,0.7140,0.0873,0.0356,10.88,0.00,1791456164.801399,3,0,5.5
assignment4_normal_20261008_194213,1791456164.742348,camera_color_optical_frame,681,640,480,1,382.5,273.0,0.1952,0.1377,0.00259,1,1,1.000,0.7190,0.0689,0.0331,15.74,0.00,1791456164.848572,3,0,12.4
assignment4_normal_20261008_194213,1791456164.775703,camera_color_optical_frame,682,640,480,1,363.7,267.0,0.1367,0.1125,0.00231,1,1,1.000,0.7180,0.0467,0.0259,11.48,0.00,1791456164.877615,3,0,15.1
assignment4_normal_20261008_194213,1791456164.809059,camera_color_optical_frame,683,640,480,1,343.5,258.4,0.0734,0.0767,0.00217,1,1,1.000,0.7250,0.0229,0.0159,15.26,0.00,1791456164.918754,3,0,16.5
assignment4_normal_20261008_194213,1791456164.842414,camera_color_optical_frame,684,640,480,1,324.0,247.0,0.0126,0.0292,0.00201,1,1,1.000,0.7290,-0.0004,0.0023,15.70,0.00,1791456164.956690,3,0,16.5
assignment4_normal_20261008_194213,1791456164.875770,camera_color_optical_frame,685,640,480,1,304.5,234.6,-0.0484,-0.0226,0.00195,1,1,1.000,0.7350,-0.0241,-0.0128,16.18,0.00,1791456164.987492,3,0,16.5
assignment4_normal_20261008_194213,1791456164.909126,camera_color_optical_frame,686,640,480,1,285.2,222.2,-0.1089,-0.0741,0.00184,1,1,1.000,0.7370,-0.0477,-0.0279,14.99,0.00,1791456165.026287,3,0,15.1
assignment4_normal_20261008_194213,1791456164.942481,camera_color_optical_frame,687,640,480,1,265.7,210.4,-0.1697,-0.1235,0.00199,1,1,1.000,0.7430,-0.0720,-0.0427,13.87,0.00,1791456165.056398,3,0,15.1
assignment4_normal_20261008_194213,1791456164.975837,camera_color_optical_frame,688,640,480,1,248.8,202.1,-0.2224,-0.1578,0.00259,1,1,1.000,0.7450,-0.0929,-0.0529,12.84,0.00,1791456165.091936,3,0,12.4
assignment4_normal_20261008_194213,1791456165.009192,camera_color_optical_frame,689,640,480,1,236.8,193.5,-0.2601,-0.1936,0.00300,1,1,1.000,0.7440,-0.1076,-0.0634,11.11,0.00,1791456165.129523,3,0,2.8
assignment4_normal_20261008_194213,1791456165.042547,camera_color_optical_frame,690,640,480,1,230.6,187.1,-0.2794,-0.2202,0.00328,1,1,1.000,0.7490,-0.1159,-0.0717,12.54,0.00,1791456165.160506,3,0,1.4
assignment4_normal_20261008_194213,1791456165.075902,camera_color_optical_frame,691,640,480,1,227.9,182.7,-0.2878,-0.2389,0.00322,1,1,1.000,0.7540,-0.1200,-0.0778,10.82,0.00,1791456165.202630,3,0,5.5
assignment4_normal_20261008_194213,1791456165.109258,camera_color_optical_frame,692,640,480,1,225.4,180.5,-0.2955,-0.2479,0.00331,1,1,1.000,0.7550,-0.1233,-0.0806,10.10,0.00,1791456165.241524,3,0,9.6
assignment4_normal_20261008_194213,1791456165.142614,camera_color_optical_frame,693,640,480,1,224.2,180.2,-0.2992,-0.2492,0.00331,1,1,1.000,0.7530,-0.1244,-0.0808,13.51,0.00,1791456165.279562,3,0,12.4
assignment4_normal_20261008_194213,1791456165.175969,camera_color_optical_frame,694,640,480,1,227.2,182.1,-0.2901,-0.2411,0.00322,1,1,1.000,0.7600,-0.1219,-0.0791,14.46,0.00,1791456165.316306,3,0,13.7
assignment4_normal_20261008_194213,1791456165.209324,camera_color_optical_frame,695,640,480,1,233.5,185.6,-0.2703,-0.2266,0.00303,1,1,1.000,0.7570,-0.1135,-0.0744,14.64,0.00,1791456165.366167,3,0,15.1
assignment4_normal_20261008_194213,1791456165.242680,camera_color_optical_frame,696,640,480,1,241.8,193.4,-0.2444,-0.1941,0.00308,1,1,0.998,0.7570,-0.1032,-0.0646,9.62,0.00,1791456165.408919,3,0,15.1
assignment4_normal_20261008_194213,1791456165.276035,camera_color_optical_frame,697,640,480,1,250.9,203.8,-0.2161,-0.1508,0.00304,1,1,1.000,0.7600,-0.0922,-0.0519,11.55,0.00,1791456165.448982,3,0,15.1
assignment4_normal_20261008_194213,1791456165.309390,camera_color_optical_frame,698,640,480,1,260.7,214.1,-0.1852,-0.1079,0.00303,1,1,0.996,0.7580,-0.0796,-0.0389,12.08,0.00,1791456165.484636,3,0,17.9
assignment4_normal_20261008_194213,1791456165.342746,camera_color_optical_frame,699,640,480,1,270.7,223.7,-0.1539,-0.0678,0.00293,1,0,,,,,10.61,33.36,1791456165.505765,3,0,17.9
assignment4_normal_20261008_194213,1791456165.409456,camera_color_optical_frame,700,640,480,1,290.2,238.3,-0.0931,-0.0070,0.00279,1,0,,,,,9.36,100.07,1791456165.524323,3,0,17.9
assignment4_normal_20261008_194213,1791456165.442811,camera_color_optical_frame,701,640,480,1,300.3,244.0,-0.0617,0.0166,0.00274,1,0,,,,,6.97,133.42,1791456165.538679,3,0,17.9
assignment4_normal_20261008_194213,1791456165.476166,camera_color_optical_frame,702,640,480,1,309.2,248.0,-0.0338,0.0333,0.00277,1,0,,,,,12.95,166.78,1791456165.559870,3,0,16.5
assignment4_normal_20261008_194213,1791456165.509521,camera_color_optical_frame,703,640,480,1,317.1,252.6,-0.0089,0.0524,0.00296,1,1,1.000,0.7490,-0.0089,0.0092,9.47,0.00,1791456165.604399,3,0,13.7
assignment4_normal_20261008_194213,1791456165.542877,camera_color_optical_frame,704,640,480,1,325.6,255.1,0.0175,0.0627,0.00294,1,1,1.000,0.7480,0.0015,0.0122,10.99,0.00,1791456165.639780,3,0,12.4
assignment4_normal_20261008_194213,1791456165.576232,camera_color_optical_frame,705,640,480,1,333.3,251.0,0.0416,0.0459,0.00294,1,1,1.000,0.7450,0.0110,0.0072,11.22,0.00,1791456165.678093,3,0,8.2
assignment4_normal_20261008_194213,1791456165.609587,camera_color_optical_frame,706,640,480,1,339.7,244.5,0.0616,0.0187,0.00293,1,1,1.000,0.7440,0.0189,-0.0008,18.08,0.00,1791456165.722717,3,0,2.8
assignment4_normal_20261008_194213,1791456165.642942,camera_color_optical_frame,707,640,480,1,346.2,233.7,0.0820,-0.0261,0.00268,1,1,1.000,0.7410,0.0268,-0.0139,11.59,0.00,1791456165.758301,3,0,1.4
assignment4_normal_20261008_194213,1791456165.676300,camera_color_optical_frame,708,640,480,1,351.3,224.1,0.0978,-0.0661,0.00262,1,1,1.000,0.7380,0.0328,-0.0256,13.11,0.00,1791456165.792007,3,0,0.0
assignment4_normal_20261008_194213,1791456165.709658,camera_color_optical_frame,709,640,480,1,355.5,214.1,0.1109,-0.1079,0.00270,1,1,1.000,0.7360,0.0378,-0.0377,12.37,0.00,1791456165.836865,3,0,0.0
assignment4_normal_20261008_194213,1791456165.743016,camera_color_optical_frame,710,640,480,1,359.9,203.8,0.1248,-0.1510,0.00272,1,1,1.000,0.7360,0.0432,-0.0503,17.79,0.00,1791456165.884706,3,0,2.8
assignment4_normal_20261008_194213,1791456165.776373,camera_color_optical_frame,711,640,480,1,364.3,193.2,0.1385,-0.1952,0.00274,1,0,,,,,8.91,33.36,1791456165.900332,3,0,2.8
assignment4_normal_20261008_194213,1791456165.809731,camera_color_optical_frame,712,640,480,1,366.4,181.9,0.1449,-0.2419,0.00289,1,1,1.000,0.7330,0.0508,-0.0765,13.64,0.00,1791456165.936546,3,0,2.8
assignment4_normal_20261008_194213,1791456165.843089,camera_color_optical_frame,713,640,480,1,367.2,172.1,0.1474,-0.2829,0.00296,1,1,1.000,0.7300,0.0516,-0.0880,11.58,0.00,1791456165.972361,3,0,5.5
assignment4_normal_20261008_194213,1791456165.876446,camera_color_optical_frame,714,640,480,1,368.7,162.3,0.1522,-0.3236,0.00301,1,1,1.000,0.7240,0.0530,-0.0990,12.18,0.00,1791456166.021095,3,0,6.9
assignment4_normal_20261008_194213,1791456165.909804,camera_color_optical_frame,715,640,480,1,369.4,152.2,0.1545,-0.3658,0.00296,1,1,1.000,0.7180,0.0534,-0.1102,10.10,0.00,1791456166.054557,3,0,9.6
assignment4_normal_20261008_194213,1791456165.943162,camera_color_optical_frame,716,640,480,1,369.3,141.8,0.1539,-0.4090,0.00301,1,1,1.000,0.7180,0.0532,-0.1225,13.95,0.00,1791456166.095910,3,0,13.7
assignment4_normal_20261008_194213,1791456165.976520,camera_color_optical_frame,717,640,480,1,369.2,133.1,0.1538,-0.4456,0.00316,1,1,1.000,0.7150,0.0529,-0.1323,12.02,0.00,1791456166.136369,3,0,13.7
assignment4_normal_20261008_194213,1791456166.009877,camera_color_optical_frame,718,640,480,1,369.4,126.7,0.1543,-0.4719,0.00325,1,1,1.000,0.7180,0.0533,-0.1404,9.57,0.00,1791456166.181870,3,0,16.5
assignment4_normal_20261008_194213,1791456166.043235,camera_color_optical_frame,719,640,480,1,369.0,122.2,0.1532,-0.4910,0.00331,1,1,1.000,0.7190,0.0530,-0.1460,11.90,0.00,1791456166.218349,3,0,17.9
assignment4_normal_20261008_194213,1791456166.076593,camera_color_optical_frame,720,640,480,1,369.3,118.1,0.1541,-0.5079,0.00326,1,1,1.000,0.7160,0.0531,-0.1502,13.57,0.00,1791456166.257031,3,0,20.6
assignment4_normal_20261008_194213,1791456166.109950,camera_color_optical_frame,721,640,480,1,370.0,115.3,0.1561,-0.5196,0.00337,1,1,1.000,0.7140,0.0537,-0.1531,11.84,0.00,1791456166.299421,3,0,22.0
assignment4_normal_20261008_194213,1791456166.143308,camera_color_optical_frame,722,640,480,1,369.8,114.6,0.1555,-0.5225,0.00334,1,1,1.000,0.7170,0.0537,-0.1545,9.93,0.00,1791456166.338892,3,0,24.7
assignment4_normal_20261008_194213,1791456166.176666,camera_color_optical_frame,723,640,480,1,368.6,114.9,0.1520,-0.5215,0.00333,1,1,1.000,0.7170,0.0524,-0.1542,14.85,0.00,1791456166.375678,3,0,24.7
assignment4_normal_20261008_194213,1791456166.210023,camera_color_optical_frame,724,640,480,1,367.9,116.3,0.1496,-0.5154,0.00332,1,1,1.000,0.7210,0.0518,-0.1534,15.37,0.00,1791456166.418969,3,0,26.1
assignment4_normal_20261008_194213,1791456166.243381,camera_color_optical_frame,725,640,480,1,367.1,119.7,0.1473,-0.5013,0.00330,1,1,1.000,0.7210,0.0509,-0.1493,15.90,0.00,1791456166.454247,3,0,27.5
assignment4_normal_20261008_194213,1791456166.310096,camera_color_optical_frame,726,640,480,1,365.5,130.1,0.1421,-0.4578,0.00316,1,1,1.000,0.7240,0.0491,-0.1375,11.58,0.00,1791456166.484027,3,0,27.5
assignment4_normal_20261008_194213,1791456166.343454,camera_color_optical_frame,727,640,480,1,364.6,135.8,0.1395,-0.4341,0.00314,1,1,1.000,0.7250,0.0482,-0.1309,12.56,0.00,1791456166.525898,3,0,27.5
assignment4_normal_20261008_194213,1791456166.376811,camera_color_optical_frame,728,640,480,1,363.6,142.5,0.1364,-0.4061,0.00313,1,1,1.000,0.7270,0.0471,-0.1232,9.84,0.00,1791456166.559924,3,0,27.5
assignment4_normal_20261008_194213,1791456166.410169,camera_color_optical_frame,729,640,480,1,363.1,149.8,0.1346,-0.3758,0.00308,1,1,1.000,0.7280,0.0465,-0.1146,12.22,0.00,1791456166.604294,3,0,28.8
assignment4_normal_20261008_194213,1791456166.443527,camera_color_optical_frame,730,640,480,1,362.5,157.7,0.1327,-0.3428,0.00307,1,1,1.000,0.7300,0.0459,-0.1054,13.47,0.00,1791456166.638916,3,0,28.8
assignment4_normal_20261008_194213,1791456166.476884,camera_color_optical_frame,731,640,480,1,361.2,166.3,0.1287,-0.3070,0.00304,1,1,1.000,0.7330,0.0445,-0.0954,13.77,0.00,1791456166.674979,3,0,27.5
assignment4_normal_20261008_194213,1791456166.510242,camera_color_optical_frame,732,640,480,1,359.2,175.4,0.1225,-0.2690,0.00297,1,1,1.000,0.7360,0.0423,-0.0847,13.11,0.00,1791456166.702543,3,0,24.7
assignment4_normal_20261008_194213,1791456166.543599,camera_color_optical_frame,733,640,480,1,356.6,185.7,0.1144,-0.2262,0.00293,1,0,,,,,11.29,33.36,1791456166.721460,3,0,23.4
assignment4_normal_20261008_194213,1791456166.576957,camera_color_optical_frame,734,640,480,1,354.5,196.1,0.1078,-0.1828,0.00289,1,0,,,,,8.83,66.72,1791456166.739483,3,0,23.4
assignment4_normal_20261008_194213,1791456166.643675,camera_color_optical_frame,735,640,480,1,351.1,217.6,0.0972,-0.0932,0.00289,1,0,,,,,9.32,133.43,1791456166.760270,3,0,22.0
assignment4_normal_20261008_194213,1791456166.710392,camera_color_optical_frame,736,640,480,1,345.2,239.3,0.0788,-0.0028,0.00292,1,0,,,,,7.26,200.15,1791456166.773396,3,0,22.0
assignment4_normal_20261008_194213,1791456166.743751,camera_color_optical_frame,737,640,480,1,341.7,250.4,0.0679,0.0435,0.00298,1,1,1.000,0.7380,0.0211,0.0065,14.19,0.00,1791456166.834355,3,0,17.9
assignment4_normal_20261008_194213,1791456166.777110,camera_color_optical_frame,738,640,480,1,337.8,260.9,0.0557,0.0872,0.00299,1,1,1.000,0.7370,0.0164,0.0192,12.81,0.00,1791456166.877618,3,0,15.1
assignment4_normal_20261008_194213,1791456166.810469,camera_color_optical_frame,739,640,480,1,333.4,270.7,0.0418,0.1278,0.00295,1,1,1.000,0.7380,0.0110,0.0311,12.95,0.00,1791456166.912154,3,0,8.2
assignment4_normal_20261008_194213,1791456166.843827,camera_color_optical_frame,740,640,480,1,328.3,281.9,0.0259,0.1747,0.00300,1,0,,,,,7.92,33.36,1791456166.932430,3,0,8.2
assignment4_normal_20261008_194213,1791456166.877186,camera_color_optical_frame,741,640,480,1,323.7,292.2,0.0115,0.2176,0.00296,1,1,1.000,0.7310,-0.0008,0.0568,10.40,0.00,1791456166.967624,3,0,4.1
assignment4_normal_20261008_194213,1791456166.910545,camera_color_optical_frame,742,640,480,1,319.6,303.9,-0.0011,0.2663,0.00296,1,0,,,,,8.59,33.36,1791456166.981032,3,0,4.1
assignment4_normal_20261008_194213,1791456166.943904,camera_color_optical_frame,743,640,480,1,314.8,316.6,-0.0164,0.3191,0.00286,1,1,1.000,0.7230,-0.0115,0.0853,12.32,0.00,1791456167.035614,3,0,2.8
assignment4_normal_20261008_194213,1791456166.977263,camera_color_optical_frame,744,640,480,1,308.2,330.8,-0.0369,0.3785,0.00283,1,1,1.000,0.7190,-0.0192,0.1017,11.57,0.00,1791456167.079222,3,0,4.1
assignment4_normal_20261008_194213,1791456167.010622,camera_color_optical_frame,745,640,480,1,302.0,344.7,-0.0563,0.4360,0.00288,1,1,1.000,0.7140,-0.0264,0.1173,20.39,0.00,1791456167.127569,3,0,8.2
assignment4_normal_20261008_194213,1791456167.043981,camera_color_optical_frame,746,640,480,1,297.2,358.9,-0.0712,0.4955,0.00296,1,1,1.000,0.7110,-0.0319,0.1336,16.20,0.00,1791456167.164317,3,0,11.0
assignment4_normal_20261008_194213,1791456167.077340,camera_color_optical_frame,747,640,480,1,295.7,371.7,-0.0759,0.5488,0.00317,1,1,1.000,0.7080,-0.0335,0.1480,12.47,0.00,1791456167.197020,3,0,13.7
assignment4_normal_20261008_194213,1791456167.110699,camera_color_optical_frame,748,640,480,1,295.0,382.3,-0.0782,0.5931,0.00303,1,1,1.000,0.7050,-0.0342,0.1597,10.39,0.00,1791456167.235588,3,0,17.9
assignment4_normal_20261008_194213,1791456167.144058,camera_color_optical_frame,749,640,480,1,294.8,390.7,-0.0787,0.6279,0.00301,1,1,1.000,0.7070,-0.0345,0.1699,17.68,0.00,1791456167.272481,3,0,19.2
assignment4_normal_20261008_194213,1791456167.177416,camera_color_optical_frame,750,640,480,1,295.2,395.0,-0.0776,0.6459,0.00313,1,1,1.000,0.7070,-0.0341,0.1749,17.19,0.00,1791456167.314538,3,0,23.4
assignment4_normal_20261008_194213,1791456167.210775,camera_color_optical_frame,751,640,480,1,295.6,397.6,-0.0763,0.6566,0.00326,1,1,1.000,0.7070,-0.0336,0.1780,14.94,0.00,1791456167.352202,3,0,26.1
assignment4_normal_20261008_194213,1791456167.244134,camera_color_optical_frame,752,640,480,1,297.8,398.4,-0.0693,0.6602,0.00322,1,1,1.000,0.7090,-0.0311,0.1795,13.75,0.00,1791456167.394193,3,0,30.2
assignment4_normal_20261008_194213,1791456167.277493,camera_color_optical_frame,753,640,480,1,300.5,398.5,-0.0610,0.6604,0.00318,1,1,1.000,0.7110,-0.0280,0.1800,14.65,0.00,1791456167.434292,3,0,31.6
assignment4_normal_20261008_194213,1791456167.310852,camera_color_optical_frame,754,640,480,1,303.5,394.5,-0.0515,0.6436,0.00314,1,0,,,,,12.17,33.36,1791456167.453454,3,0,31.6
assignment4_normal_20261008_194213,1791456167.344211,camera_color_optical_frame,755,640,480,1,305.4,389.4,-0.0456,0.6227,0.00315,1,0,,,,,8.81,66.72,1791456167.473085,3,0,33.0
assignment4_normal_20261008_194213,1791456167.377570,camera_color_optical_frame,756,640,480,1,307.5,383.7,-0.0391,0.5988,0.00303,1,0,,,,,13.73,100.08,1791456167.496250,3,0,34.4
assignment4_normal_20261008_194213,1791456167.410928,camera_color_optical_frame,757,640,480,1,309.2,376.0,-0.0337,0.5667,0.00295,1,0,,,,,7.60,133.44,1791456167.511366,3,0,34.4
assignment4_normal_20261008_194213,1791456167.444287,camera_color_optical_frame,758,640,480,1,311.1,368.2,-0.0279,0.5341,0.00296,1,1,1.000,0.7240,-0.0159,0.1471,14.06,0.00,1791456167.547070,3,0,35.7
assignment4_normal_20261008_194213,1791456167.477646,camera_color_optical_frame,759,640,480,1,313.7,360.2,-0.0198,0.5009,0.00296,1,1,1.000,0.7240,-0.0128,0.1375,14.55,0.00,1791456167.594499,3,0,35.7
assignment4_normal_20261008_194213,1791456167.511005,camera_color_optical_frame,760,640,480,1,314.7,351.6,-0.0166,0.4650,0.00294,1,1,1.000,0.7280,-0.0116,0.1280,11.71,0.00,1791456167.632585,3,0,34.4
assignment4_normal_20261008_194213,1791456167.544364,camera_color_optical_frame,761,640,480,1,315.6,341.5,-0.0139,0.4229,0.00287,1,1,1.000,0.7300,-0.0106,0.1161,13.65,0.00,1791456167.669939,3,0,33.0
assignment4_normal_20261008_194213,1791456167.577723,camera_color_optical_frame,762,640,480,1,315.4,330.8,-0.0143,0.3785,0.00280,1,0,,,,,9.24,33.36,1791456167.689182,3,0,31.6
assignment4_normal_20261008_194213,1791456167.611080,camera_color_optical_frame,763,640,480,1,313.8,319.5,-0.0195,0.3314,0.00277,1,1,1.000,0.7340,-0.0129,0.0902,15.83,0.00,1791456167.725766,3,0,30.2
assignment4_normal_20261008_194213,1791456167.644437,camera_color_optical_frame,764,640,480,1,310.1,308.2,-0.0309,0.2843,0.00271,1,0,,,,,8.42,33.36,1791456167.742299,3,0,30.2
assignment4_normal_20261008_194213,1791456167.677788,camera_color_optical_frame,765,640,480,1,305.6,296.9,-0.0449,0.2372,0.00271,1,1,1.000,0.7370,-0.0228,0.0630,12.52,0.00,1791456167.776673,3,0,27.5
assignment4_normal_20261008_194213,1791456167.711139,camera_color_optical_frame,766,640,480,1,300.0,286.4,-0.0624,0.1931,0.00273,1,1,1.000,0.7370,-0.0296,0.0502,12.72,0.00,1791456167.817740,3,0,24.7
assignment4_normal_20261008_194213,1791456167.744490,camera_color_optical_frame,767,640,480,1,293.8,276.2,-0.0818,0.1509,0.00272,1,1,1.000,0.7350,-0.0371,0.0377,10.86,0.00,1791456167.858178,3,0,22.0
assignment4_normal_20261008_194213,1791456167.777841,camera_color_optical_frame,768,640,480,1,287.4,267.7,-0.1020,0.1152,0.00263,1,1,1.000,0.7360,-0.0450,0.0274,17.06,0.00,1791456167.908256,3,0,19.2
assignment4_normal_20261008_194213,1791456167.811191,camera_color_optical_frame,769,640,480,1,280.4,259.0,-0.1239,0.0792,0.00274,1,1,1.000,0.7350,-0.0534,0.0168,14.27,0.00,1791456167.944560,3,0,16.5
assignment4_normal_20261008_194213,1791456167.844542,camera_color_optical_frame,770,640,480,1,275.1,252.6,-0.1404,0.0525,0.00297,1,0,,,,,8.39,33.35,1791456167.960673,3,0,16.5
assignment4_normal_20261008_194213,1791456167.877892,camera_color_optical_frame,771,640,480,1,270.4,246.0,-0.1549,0.0248,0.00303,1,1,1.000,0.7360,-0.0655,0.0010,13.40,0.00,1791456167.993647,3,0,11.0
assignment4_normal_20261008_194213,1791456167.911243,camera_color_optical_frame,772,640,480,1,264.8,241.1,-0.1726,0.0046,0.00299,1,1,1.000,0.7350,-0.0723,-0.0049,10.06,0.00,1791456168.040585,3,0,8.2
assignment4_normal_20261008_194213,1791456167.944593,camera_color_optical_frame,773,640,480,1,259.5,235.2,-0.1890,-0.0201,0.00300,1,1,1.000,0.7350,-0.0787,-0.0121,11.19,0.00,1791456168.075570,3,0,6.9
assignment4_normal_20261008_194213,1791456167.977944,camera_color_optical_frame,774,640,480,1,255.1,230.3,-0.2027,-0.0405,0.00303,1,1,1.000,0.7360,-0.0841,-0.0181,15.89,0.00,1791456168.121018,3,0,5.5
assignment4_normal_20261008_194213,1791456168.011295,camera_color_optical_frame,775,640,480,1,251.2,226.2,-0.2150,-0.0574,0.00319,1,1,1.000,0.7360,-0.0889,-0.0230,14.07,0.00,1791456168.162291,3,0,6.9
assignment4_normal_20261008_194213,1791456168.044645,camera_color_optical_frame,776,640,480,1,248.0,220.7,-0.2251,-0.0805,0.00331,1,1,0.998,0.7360,-0.0928,-0.0297,12.50,0.00,1791456168.198034,3,0,9.6
assignment4_normal_20261008_194213,1791456168.077995,camera_color_optical_frame,777,640,480,1,245.8,213.4,-0.2320,-0.1110,0.00344,1,1,1.000,0.7340,-0.0952,-0.0385,10.59,0.00,1791456168.237401,3,0,9.6
assignment4_normal_20261008_194213,1791456168.111346,camera_color_optical_frame,778,640,480,1,244.3,211.8,-0.2365,-0.1176,0.00352,1,1,1.000,0.7340,-0.0970,-0.0404,10.25,0.00,1791456168.273869,3,0,9.6
assignment4_normal_20261008_194213,1791456168.144696,camera_color_optical_frame,779,640,480,1,243.1,210.0,-0.2403,-0.1250,0.00340,1,0,,,,,8.04,33.35,1791456168.289867,3,0,9.6
assignment4_normal_20261008_194213,1791456168.178046,camera_color_optical_frame,780,640,480,1,242.2,208.7,-0.2432,-0.1302,0.00339,1,0,,,,,8.30,66.70,1791456168.307710,3,0,9.6
assignment4_normal_20261008_194213,1791456168.211397,camera_color_optical_frame,781,640,480,1,240.9,206.9,-0.2471,-0.1379,0.00340,1,0,,,,,8.36,100.05,1791456168.324656,3,0,9.6
assignment4_normal_20261008_194213,1791456168.244747,camera_color_optical_frame,782,640,480,1,239.3,205.0,-0.2522,-0.1456,0.00330,1,0,,,,,8.12,133.40,1791456168.343613,3,0,11.0
assignment4_normal_20261008_194213,1791456168.278097,camera_color_optical_frame,783,640,480,1,239.8,204.0,-0.2508,-0.1498,0.00331,1,0,,,,,10.57,166.75,1791456168.364877,3,0,12.4
assignment4_normal_20261008_194213,1791456168.311447,camera_color_optical_frame,784,640,480,1,242.3,203.6,-0.2429,-0.1517,0.00328,1,1,1.000,0.7420,-0.1005,-0.0509,11.43,0.00,1791456168.411710,3,0,13.7
assignment4_normal_20261008_194213,1791456168.344797,camera_color_optical_frame,785,640,480,1,245.5,203.8,-0.2327,-0.1507,0.00327,1,1,1.000,0.7450,-0.0969,-0.0508,13.73,0.00,1791456168.444601,3,0,13.7
assignment4_normal_20261008_194213,1791456168.378147,camera_color_optical_frame,786,640,480,1,249.8,204.8,-0.2192,-0.1468,0.00320,1,1,1.000,0.7450,-0.0916,-0.0497,14.46,0.00,1791456168.491139,3,0,13.7
assignment4_normal_20261008_194213,1791456168.411497,camera_color_optical_frame,787,640,480,1,255.0,206.1,-0.2032,-0.1414,0.00307,1,1,1.000,0.7490,-0.0858,-0.0483,13.67,0.00,1791456168.528542,3,0,13.7
assignment4_normal_20261008_194213,1791456168.444847,camera_color_optical_frame,788,640,480,1,260.7,207.8,-0.1853,-0.1344,0.00307,1,1,1.000,0.7490,-0.0787,-0.0462,15.02,0.00,1791456168.567135,3,0,13.7
assignment4_normal_20261008_194213,1791456168.478197,camera_color_optical_frame,789,640,480,1,266.4,210.1,-0.1674,-0.1245,0.00311,1,1,1.000,0.7510,-0.0718,-0.0434,14.91,0.00,1791456168.612092,3,0,13.7
assignment4_normal_20261008_194213,1791456168.511547,camera_color_optical_frame,790,640,480,1,272.3,213.7,-0.1491,-0.1095,0.00299,1,1,1.000,0.7520,-0.0646,-0.0390,16.47,0.00,1791456168.645588,3,0,13.7
assignment4_normal_20261008_194213,1791456168.544897,camera_color_optical_frame,791,640,480,1,278.7,218.1,-0.1290,-0.0914,0.00306,1,1,1.000,0.7540,-0.0568,-0.0337,12.59,0.00,1791456168.680875,3,0,12.4
assignment4_normal_20261008_194213,1791456168.578247,camera_color_optical_frame,792,640,480,1,285.8,222.7,-0.1069,-0.0722,0.00302,1,1,1.000,0.7530,-0.0479,-0.0279,11.34,0.00,1791456168.719708,3,0,11.0
assignment4_normal_20261008_194213,1791456168.611596,camera_color_optical_frame,793,640,480,1,293.8,228.5,-0.0818,-0.0480,0.00306,1,1,0.996,0.7490,-0.0378,-0.0206,13.18,0.00,1791456168.759174,3,0,9.6
assignment4_normal_20261008_194213,1791456168.644961,camera_color_optical_frame,794,640,480,1,303.0,234.5,-0.0531,-0.0229,0.00299,1,1,1.000,0.7460,-0.0263,-0.0131,12.57,0.00,1791456168.797294,3,0,9.6
assignment4_normal_20261008_194213,1791456168.678325,camera_color_optical_frame,795,640,480,1,311.9,242.2,-0.0254,0.0093,0.00315,1,1,0.991,0.7450,-0.0154,-0.0036,11.36,0.00,1791456168.840522,3,0,8.2
assignment4_normal_20261008_194213,1791456168.711690,camera_color_optical_frame,796,640,480,1,321.0,247.3,0.0030,0.0303,0.00307,1,1,0.991,0.7410,-0.0042,0.0026,14.77,0.00,1791456168.874319,3,0,6.9
assignment4_normal_20261008_194213,1791456168.745054,camera_color_optical_frame,797,640,480,1,331.8,253.8,0.0368,0.0577,0.00309,1,1,1.000,0.7400,0.0091,0.0106,13.75,0.00,1791456168.915727,3,0,5.5
assignment4_normal_20261008_194213,1791456168.778419,camera_color_optical_frame,798,640,480,1,342.6,260.6,0.0706,0.0859,0.00301,1,1,0.988,0.7330,0.0220,0.0187,14.18,0.00,1791456168.955388,3,0,2.8
assignment4_normal_20261008_194213,1791456168.811784,camera_color_optical_frame,799,640,480,1,355.7,268.4,0.1116,0.1185,0.00290,1,1,1.000,0.7300,0.0378,0.0281,11.65,0.00,1791456168.997655,3,0,0.0
assignment4_normal_20261008_194213,1791456168.845148,camera_color_optical_frame,800,640,480,1,370.1,275.6,0.1565,0.1484,0.00300,1,1,1.000,0.7210,0.0544,0.0363,10.78,0.00,1791456169.036594,3,0,0.0
assignment4_normal_20261008_194213,1791456168.878513,camera_color_optical_frame,801,640,480,1,383.2,282.0,0.1977,0.1751,0.00295,1,1,0.972,0.7120,0.0692,0.0434,10.26,0.00,1791456169.071370,3,0,0.0
assignment4_normal_20261008_194213,1791456168.911878,camera_color_optical_frame,802,640,480,1,395.5,286.4,0.2360,0.1932,0.00316,1,0,,,,,9.31,33.36,1791456169.088967,3,0,0.0
assignment4_normal_20261008_194213,1791456168.945243,camera_color_optical_frame,803,640,480,1,408.2,287.0,0.2757,0.1959,0.00317,1,0,,,,,8.34,66.73,1791456169.111229,3,0,1.4
assignment4_normal_20261008_194213,1791456168.978608,camera_color_optical_frame,804,640,480,1,420.0,286.2,0.3125,0.1926,0.00303,1,0,,,,,14.09,100.09,1791456169.133606,3,0,2.8
assignment4_normal_20261008_194213,1791456169.045338,camera_color_optical_frame,805,640,480,1,441.0,284.3,0.3781,0.1844,0.00351,1,0,,,,,18.39,166.82,1791456169.159625,3,0,4.1
assignment4_normal_20261008_194213,1791456169.078703,camera_color_optical_frame,806,640,480,1,447.8,283.5,0.3994,0.1812,0.00346,1,0,,,,,8.22,200.19,1791456169.174404,3,0,5.5
assignment4_normal_20261008_194213,1791456169.112068,camera_color_optical_frame,807,640,480,0,,,0.0000,0.0000,0.00000,1,0,,,,,11.39,0.00,1791456169.204481,,0,8.2
assignment4_normal_20261008_194213,1791456169.145433,camera_color_optical_frame,808,640,480,0,,,0.0000,0.0000,0.00000,1,0,,,,,11.13,0.00,1791456169.243744,,0,9.6
assignment4_normal_20261008_194213,1791456169.178799,camera_color_optical_frame,809,640,480,0,,,0.0000,0.0000,0.00000,1,0,,,,,9.44,0.00,1791456169.283046,,0,13.7
assignment4_normal_20261008_194213,1791456169.212164,camera_color_optical_frame,810,640,480,0,,,0.0000,0.0000,0.00000,1,0,,,,,12.61,0.00,1791456169.321921,,0,17.9
assignment4_normal_20261008_194213,1791456169.245529,camera_color_optical_frame,811,640,480,0,,,0.0000,0.0000,0.00000,1,0,,,,,11.31,0.00,1791456169.369451,,0,11.0
assignment4_normal_20261008_194213,1791456169.278895,camera_color_optical_frame,812,640,480,0,,,0.0000,0.0000,0.00000,1,0,,,,,10.71,0.00,1791456169.407943,,0,6.9
assignment4_normal_20261008_194213,1791456169.312260,camera_color_optical_frame,813,640,480,0,,,0.0000,0.0000,0.00000,1,0,,,,,17.41,0.00,1791456169.451257,,0,0.0
assignment4_normal_20261008_194213,1791456169.345626,camera_color_optical_frame,814,640,480,0,,,0.0000,0.0000,0.00000,1,0,,,,,12.92,0.00,1791456169.485364,,0,0.0
assignment4_normal_20261008_194213,1791456169.378991,camera_color_optical_frame,815,640,480,0,,,0.0000,0.0000,0.00000,1,0,,,,,15.35,0.00,1791456169.533206,,0,0.0
assignment4_normal_20261008_194213,1791456169.412357,camera_color_optical_frame,816,640,480,0,,,0.0000,0.0000,0.00000,1,0,,,,,9.64,0.00,1791456169.568429,,0,0.0
assignment4_normal_20261008_194213,1791456169.445723,camera_color_optical_frame,817,640,480,0,,,0.0000,0.0000,0.00000,1,0,,,,,9.44,0.00,1791456169.608316,,0,0.0
assignment4_normal_20261008_194213,1791456169.479089,camera_color_optical_frame,818,640,480,0,,,0.0000,0.0000,0.00000,1,0,,,,,10.39,0.00,1791456169.644691,,0,0.0
assignment4_normal_20261008_194213,1791456169.512455,camera_color_optical_frame,819,640,480,0,,,0.0000,0.0000,0.00000,1,0,,,,,13.51,0.00,1791456169.687473,,0,0.0
assignment4_normal_20261008_194213,1791456169.545820,camera_color_optical_frame,820,640,480,0,,,0.0000,0.0000,0.00000,1,0,,,,,11.95,0.00,1791456169.724379,,0,0.0
assignment4_normal_20261008_194213,1791456169.579186,camera_color_optical_frame,821,640,480,1,488.4,250.5,0.5262,0.0436,0.00366,1,1,0.983,0.6610,0.1789,0.0058,14.37,0.00,1791456169.771237,4,0,0.0
assignment4_normal_20261008_194213,1791456169.612552,camera_color_optical_frame,822,640,480,1,489.7,249.9,0.5304,0.0411,0.00374,1,1,0.955,0.6610,0.1804,0.0052,18.33,0.00,1791456169.820915,4,0,0.0
assignment4_normal_20261008_194213,1791456169.645909,camera_color_optical_frame,823,640,480,1,490.3,249.7,0.5321,0.0404,0.00370,1,1,0.934,0.6590,0.1805,0.0050,19.01,0.00,1791456169.857174,4,0,0.0
assignment4_normal_20261008_194213,1791456169.679266,camera_color_optical_frame,824,640,480,1,489.5,250.4,0.5298,0.0432,0.00368,1,1,0.935,0.6600,0.1799,0.0057,20.49,0.00,1791456169.903931,4,0,0.0
assignment4_normal_20261008_194213,1791456169.712624,camera_color_optical_frame,825,640,480,1,486.5,251.5,0.5202,0.0478,0.00366,1,1,0.970,0.6600,0.1766,0.0069,13.01,0.00,1791456169.933379,4,0,0.0
assignment4_normal_20261008_194213,1791456169.779338,camera_color_optical_frame,826,640,480,1,477.2,253.9,0.4913,0.0580,0.00354,1,1,0.991,0.6580,0.1660,0.0095,12.57,0.00,1791456169.973678,4,0,0.0
assignment4_normal_20261008_194213,1791456169.812696,camera_color_optical_frame,827,640,480,1,471.0,254.1,0.4719,0.0587,0.00368,1,1,0.991,0.6600,0.1597,0.0097,11.78,0.00,1791456170.020707,4,0,6.9
assignment4_normal_20261008_194213,1791456169.846053,camera_color_optical_frame,828,640,480,1,463.7,253.0,0.4491,0.0542,0.00359,1,1,1.000,0.6600,0.1518,0.0086,10.93,0.00,1791456170.056968,4,0,16.5
assignment4_normal_20261008_194213,1791456169.879410,camera_color_optical_frame,829,640,480,1,458.2,252.1,0.4320,0.0504,0.00371,1,1,1.000,0.6610,0.1461,0.0076,13.23,0.00,1791456170.090527,4,0,20.6
assignment4_normal_20261008_194213,1791456169.946124,camera_color_optical_frame,830,640,480,1,442.5,249.1,0.3829,0.0378,0.00338,1,1,1.000,0.6620,0.1291,0.0043,14.37,0.00,1791456170.133769,4,0,26.1
assignment4_normal_20261008_194213,1791456169.979481,camera_color_optical_frame,831,640,480,1,429.3,245.9,0.3417,0.0244,0.00324,1,1,1.000,0.6600,0.1143,0.0008,12.46,0.00,1791456170.174383,4,0,27.5
assignment4_normal_20261008_194213,1791456170.012839,camera_color_optical_frame,832,640,480,1,411.4,243.1,0.2858,0.0131,0.00294,1,1,0.985,0.6610,0.0950,-0.0022,16.44,0.00,1791456170.222928,4,0,26.1
assignment4_normal_20261008_194213,1791456170.046196,camera_color_optical_frame,833,640,480,1,389.4,241.1,0.2167,0.0044,0.00304,1,0,,,,,10.74,33.36,1791456170.241363,4,0,26.1
assignment4_normal_20261008_194213,1791456170.112911,camera_color_optical_frame,834,640,480,1,339.7,228.8,0.0616,-0.0468,0.00243,1,0,,,,,14.50,100.07,1791456170.269665,4,0,26.1
assignment4_normal_20261008_194213,1791456170.179625,camera_color_optical_frame,835,640,480,1,292.8,222.8,-0.0849,-0.0719,0.00279,1,0,,,,,14.85,166.79,1791456170.291167,4,0,26.1
assignment4_normal_20261008_194213,1791456170.212982,camera_color_optical_frame,836,640,480,1,273.1,222.3,-0.1464,-0.0739,0.00307,1,0,,,,,8.92,200.14,1791456170.307994,4,0,24.7
assignment4_normal_20261008_194213,1791456170.246339,camera_color_optical_frame,837,640,480,0,,,0.0000,0.0000,0.00000,1,0,,,,,11.32,0.00,1791456170.340546,,0,20.6
assignment4_normal_20261008_194213,1791456170.279697,camera_color_optical_frame,838,640,480,0,,,0.0000,0.0000,0.00000,1,0,,,,,11.83,0.00,1791456170.382072,,0,17.9
assignment4_normal_20261008_194213,1791456170.313054,camera_color_optical_frame,839,640,480,0,,,0.0000,0.0000,0.00000,1,0,,,,,11.80,0.00,1791456170.416504,,0,12.4
assignment4_normal_20261008_194213,1791456170.346411,camera_color_optical_frame,840,640,480,0,,,0.0000,0.0000,0.00000,1,0,,,,,12.38,0.00,1791456170.455912,,0,1.4
assignment4_normal_20261008_194213,1791456170.379768,camera_color_optical_frame,841,640,480,0,,,0.0000,0.0000,0.00000,1,0,,,,,10.62,0.00,1791456170.498701,,0,4.1
assignment4_normal_20261008_194213,1791456170.413126,camera_color_optical_frame,842,640,480,0,,,0.0000,0.0000,0.00000,1,0,,,,,11.39,0.00,1791456170.536935,,0,1.4
assignment4_normal_20261008_194213,1791456170.446483,camera_color_optical_frame,843,640,480,0,,,0.0000,0.0000,0.00000,1,0,,,,,10.82,0.00,1791456170.579717,,0,0.0
assignment4_normal_20261008_194213,1791456170.479840,camera_color_optical_frame,844,640,480,0,,,0.0000,0.0000,0.00000,1,0,,,,,11.88,0.00,1791456170.620510,,0,0.0
assignment4_normal_20261008_194213,1791456170.513197,camera_color_optical_frame,845,640,480,0,,,0.0000,0.0000,0.00000,1,0,,,,,15.50,0.00,1791456170.654615,,0,0.0
assignment4_normal_20261008_194213,1791456170.579912,camera_color_optical_frame,846,640,480,0,,,0.0000,0.0000,0.00000,1,0,,,,,7.60,66.71,1791456170.674700,,0,0.0
assignment4_normal_20261008_194213,1791456170.613269,camera_color_optical_frame,847,640,480,0,,,0.0000,0.0000,0.00000,1,0,,,,,15.61,100.07,1791456170.696343,,0,0.0
assignment4_normal_20261008_194213,1791456170.646626,camera_color_optical_frame,848,640,480,0,,,0.0000,0.0000,0.00000,1,0,,,,,10.78,0.00,1791456170.744236,,0,0.0
assignment4_normal_20261008_194213,1791456170.679983,camera_color_optical_frame,849,640,480,0,,,0.0000,0.0000,0.00000,1,0,,,,,9.93,0.00,1791456170.777378,,0,0.0
assignment4_normal_20261008_194213,1791456170.713341,camera_color_optical_frame,850,640,480,1,262.3,229.5,-0.1803,-0.0436,0.00330,1,1,1.000,0.6930,-0.0710,-0.0178,11.30,0.00,1791456170.814499,5,0,0.0
assignment4_normal_20261008_194213,1791456170.746698,camera_color_optical_frame,851,640,480,1,265.9,227.0,-0.1692,-0.0543,0.00322,1,1,1.000,0.6940,-0.0670,-0.0208,9.97,0.00,1791456170.848637,5,0,0.0
assignment4_normal_20261008_194213,1791456170.780057,camera_color_optical_frame,852,640,480,1,270.0,224.0,-0.1562,-0.0666,0.00290,1,1,1.000,0.6900,-0.0619,-0.0241,10.83,0.00,1791456170.883884,5,0,0.0
assignment4_normal_20261008_194213,1791456170.813417,camera_color_optical_frame,853,640,480,1,276.0,223.3,-0.1374,-0.0694,0.00277,1,1,1.000,0.6870,-0.0548,-0.0247,13.09,0.00,1791456170.924339,5,0,0.0
assignment4_normal_20261008_194213,1791456170.846777,camera_color_optical_frame,854,640,480,1,281.8,223.7,-0.1193,-0.0678,0.00284,1,1,1.000,0.6900,-0.0485,-0.0244,11.53,0.00,1791456170.966945,5,0,0.0
assignment4_normal_20261008_194213,1791456170.880137,camera_color_optical_frame,855,640,480,1,285.2,223.8,-0.1088,-0.0675,0.00281,1,1,1.000,0.6880,-0.0445,-0.0242,12.48,0.00,1791456171.001426,5,0,0.0
assignment4_normal_20261008_194213,1791456170.913497,camera_color_optical_frame,856,640,480,1,287.3,223.3,-0.1022,-0.0698,0.00279,1,1,1.000,0.6870,-0.0420,-0.0248,12.08,0.00,1791456171.039633,5,0,1.4
assignment4_normal_20261008_194213,1791456170.946857,camera_color_optical_frame,857,640,480,1,288.1,222.6,-0.0996,-0.0725,0.00289,1,1,1.000,0.6860,-0.0410,-0.0255,9.47,0.00,1791456171.074934,5,0,5.5
assignment4_normal_20261008_194213,1791456170.980217,camera_color_optical_frame,858,640,480,1,288.9,222.1,-0.0972,-0.0747,0.00288,1,1,1.000,0.6860,-0.0402,-0.0261,14.89,0.00,1791456171.109608,5,0,6.9
assignment4_normal_20261008_194213,1791456171.013577,camera_color_optical_frame,859,640,480,1,290.1,222.2,-0.0934,-0.0743,0.00290,1,0,,,,,8.51,33.36,1791456171.125793,5,0,6.9
assignment4_normal_20261008_194213,1791456171.046937,camera_color_optical_frame,860,640,480,1,291.6,223.1,-0.0887,-0.0704,0.00295,1,1,1.000,0.6860,-0.0371,-0.0250,11.13,0.00,1791456171.163903,5,0,6.9
assignment4_normal_20261008_194213,1791456171.080297,camera_color_optical_frame,861,640,480,1,293.5,223.9,-0.0827,-0.0670,0.00300,1,1,1.000,0.6860,-0.0349,-0.0240,11.57,0.00,1791456171.197930,5,0,5.5
assignment4_normal_20261008_194213,1791456171.113657,camera_color_optical_frame,862,640,480,1,296.0,225.4,-0.0750,-0.0608,0.00293,1,1,1.000,0.6880,-0.0322,-0.0224,12.76,0.00,1791456171.236138,5,0,5.5
assignment4_normal_20261008_194213,1791456171.147017,camera_color_optical_frame,863,640,480,1,299.5,226.9,-0.0642,-0.0545,0.00289,1,1,1.000,0.6900,-0.0284,-0.0208,11.28,0.00,1791456171.276364,5,0,5.5
assignment4_normal_20261008_194213,1791456171.180377,camera_color_optical_frame,864,640,480,1,302.3,228.0,-0.0554,-0.0499,0.00276,1,1,1.000,0.6930,-0.0253,-0.0196,11.46,0.00,1791456171.316653,5,0,5.5
assignment4_normal_20261008_194213,1791456171.213737,camera_color_optical_frame,865,640,480,1,305.0,228.7,-0.0470,-0.0472,0.00280,1,0,,,,,9.93,33.36,1791456171.337860,5,0,5.5
assignment4_normal_20261008_194213,1791456171.247097,camera_color_optical_frame,866,640,480,1,308.2,229.8,-0.0369,-0.0426,0.00282,1,1,1.000,0.7010,-0.0187,-0.0178,13.25,0.00,1791456171.371630,5,0,5.5
assignment4_normal_20261008_194213,1791456171.280457,camera_color_optical_frame,867,640,480,1,312.9,230.7,-0.0221,-0.0388,0.00270,1,1,1.000,0.7030,-0.0133,-0.0168,11.86,0.00,1791456171.416770,5,0,2.8
assignment4_normal_20261008_194213,1791456171.313817,camera_color_optical_frame,868,640,480,1,318.0,233.3,-0.0064,-0.0281,0.00263,1,1,1.000,0.7020,-0.0074,-0.0138,14.87,0.00,1791456171.457590,5,0,2.8
assignment4_normal_20261008_194213,1791456171.347177,camera_color_optical_frame,869,640,480,1,324.0,236.0,0.0125,-0.0168,0.00262,1,0,,,,,10.85,33.36,1791456171.475849,5,0,2.8
assignment4_normal_20261008_194213,1791456171.380538,camera_color_optical_frame,870,640,480,1,331.6,235.9,0.0364,-0.0169,0.00253,1,0,,,,,16.13,66.72,1791456171.500303,5,0,2.8
assignment4_normal_20261008_194213,1791456171.413898,camera_color_optical_frame,871,640,480,1,341.4,233.7,0.0669,-0.0264,0.00253,1,0,,,,,9.05,100.08,1791456171.521557,5,0,2.8
assignment4_normal_20261008_194213,1791456171.447258,camera_color_optical_frame,872,640,480,0,,,0.0000,0.0000,0.00000,0,0,,,,,12.74,0.00,1791456171.551694,,0,1.4
assignment4_normal_20261008_194213,1791456171.480618,camera_color_optical_frame,873,640,480,0,,,0.0000,0.0000,0.00000,0,0,,,,,10.51,0.00,1791456171.587204,,0,0.0
assignment4_normal_20261008_194213,1791456171.513979,camera_color_optical_frame,874,640,480,0,,,0.0000,0.0000,0.00000,0,0,,,,,10.27,0.00,1791456171.624484,,0,0.0
assignment4_normal_20261008_194213,1791456171.547339,camera_color_optical_frame,875,640,480,0,,,0.0000,0.0000,0.00000,0,0,,,,,8.23,33.36,1791456171.643435,,0,0.0
assignment4_normal_20261008_194213,1791456171.580699,camera_color_optical_frame,876,640,480,0,,,0.0000,0.0000,0.00000,0,0,,,,,8.50,0.00,1791456171.674196,,0,0.0
assignment4_normal_20261008_194213,1791456171.614060,camera_color_optical_frame,877,640,480,0,,,0.0000,0.0000,0.00000,0,0,,,,,9.71,0.00,1791456171.713305,,1,0.0
assignment4_normal_20261008_194213,1791456171.647420,camera_color_optical_frame,878,640,480,0,,,0.0000,0.0000,0.00000,0,0,,,,,16.19,0.00,1791456171.757914,,1,0.0
assignment4_normal_20261008_194213,1791456171.680781,camera_color_optical_frame,879,640,480,0,,,0.0000,0.0000,0.00000,0,0,,,,,9.94,0.00,1791456171.793132,,1,0.0
assignment4_normal_20261008_194213,1791456171.714137,camera_color_optical_frame,880,640,480,0,,,0.0000,0.0000,0.00000,0,0,,,,,8.67,0.00,1791456171.821645,,0,0.0
assignment4_normal_20261008_194213,1791456171.747502,camera_color_optical_frame,881,640,480,0,,,0.0000,0.0000,0.00000,0,0,,,,,7.84,0.00,1791456171.857911,,0,0.0
assignment4_normal_20261008_194213,1791456171.780867,camera_color_optical_frame,882,640,480,0,,,0.0000,0.0000,0.00000,0,0,,,,,11.76,0.00,1791456171.894560,,0,0.0
assignment4_normal_20261008_194213,1791456171.814232,camera_color_optical_frame,883,640,480,0,,,0.0000,0.0000,0.00000,0,0,,,,,18.07,0.00,1791456171.933421,,0,0.0
assignment4_normal_20261008_194213,1791456171.847597,camera_color_optical_frame,884,640,480,0,,,0.0000,0.0000,0.00000,0,0,,,,,11.75,0.00,1791456171.972074,,0,0.0
assignment4_normal_20261008_194213,1791456171.880962,camera_color_optical_frame,885,640,480,0,,,0.0000,0.0000,0.00000,0,0,,,,,9.45,0.00,1791456172.001771,,0,0.0
assignment4_normal_20261008_194213,1791456171.914327,camera_color_optical_frame,886,640,480,0,,,0.0000,0.0000,0.00000,0,0,,,,,10.99,0.00,1791456172.040994,,0,0.0
assignment4_normal_20261008_194213,1791456171.947693,camera_color_optical_frame,887,640,480,0,,,0.0000,0.0000,0.00000,0,0,,,,,9.60,0.00,1791456172.071929,,0,0.0
assignment4_normal_20261008_194213,1791456171.981058,camera_color_optical_frame,888,640,480,0,,,0.0000,0.0000,0.00000,0,0,,,,,17.85,0.00,1791456172.114170,,0,0.0
assignment4_normal_20261008_194213,1791456172.014423,camera_color_optical_frame,889,640,480,0,,,0.0000,0.0000,0.00000,0,0,,,,,10.44,0.00,1791456172.144457,,0,0.0
assignment4_normal_20261008_194213,1791456172.047789,camera_color_optical_frame,890,640,480,0,,,0.0000,0.0000,0.00000,0,0,,,,,10.68,0.00,1791456172.172756,,0,0.0
assignment4_normal_20261008_194213,1791456172.081154,camera_color_optical_frame,891,640,480,0,,,0.0000,0.0000,0.00000,0,0,,,,,9.74,0.00,1791456172.211328,,0,0.0
assignment4_normal_20261008_194213,1791456172.114520,camera_color_optical_frame,892,640,480,0,,,0.0000,0.0000,0.00000,0,0,,,,,12.68,0.00,1791456172.256281,,0,0.0
assignment4_normal_20261008_194213,1791456172.147885,camera_color_optical_frame,893,640,480,0,,,0.0000,0.0000,0.00000,0,0,,,,,9.62,0.00,1791456172.288747,,0,0.0
assignment4_normal_20261008_194213,1791456172.181251,camera_color_optical_frame,894,640,480,0,,,0.0000,0.0000,0.00000,0,0,,,,,9.12,33.37,1791456172.311188,,0,0.0
assignment4_normal_20261008_194213,1791456172.214616,camera_color_optical_frame,895,640,480,0,,,0.0000,0.0000,0.00000,0,0,,,,,10.96,66.73,1791456172.329094,,0,0.0
assignment4_normal_20261008_194213,1791456172.247982,camera_color_optical_frame,896,640,480,0,,,0.0000,0.0000,0.00000,0,0,,,,,7.69,100.10,1791456172.343954,,0,0.0
assignment4_normal_20261008_194213,1791456172.281347,camera_color_optical_frame,897,640,480,0,,,0.0000,0.0000,0.00000,0,0,,,,,13.19,133.46,1791456172.362765,,0,0.0
assignment4_normal_20261008_194213,1791456172.314713,camera_color_optical_frame,898,640,480,0,,,0.0000,0.0000,0.00000,0,0,,,,,15.22,0.00,1791456172.408998,,0,0.0
assignment4_normal_20261008_194213,1791456172.348078,camera_color_optical_frame,899,640,480,0,,,0.0000,0.0000,0.00000,0,0,,,,,14.03,0.00,1791456172.447397,,0,0.0
assignment4_normal_20261008_194213,1791456172.381444,camera_color_optical_frame,900,640,480,0,,,0.0000,0.0000,0.00000,0,0,,,,,9.30,0.00,1791456172.483969,,0,0.0
assignment4_normal_20261008_194213,1791456172.414810,camera_color_optical_frame,901,640,480,0,,,0.0000,0.0000,0.00000,0,0,,,,,9.70,0.00,1791456172.522291,,0,0.0
assignment4_normal_20261008_194213,1791456172.448176,camera_color_optical_frame,902,640,480,0,,,0.0000,0.0000,0.00000,0,0,,,,,10.26,0.00,1791456172.561897,,0,0.0
assignment4_normal_20261008_194213,1791456172.481542,camera_color_optical_frame,903,640,480,0,,,0.0000,0.0000,0.00000,0,0,,,,,14.67,0.00,1791456172.604315,,0,0.0
assignment4_normal_20261008_194213,1791456172.514907,camera_color_optical_frame,904,640,480,0,,,0.0000,0.0000,0.00000,0,0,,,,,10.14,0.00,1791456172.635278,,0,0.0
assignment4_normal_20261008_194213,1791456172.548273,camera_color_optical_frame,905,640,480,0,,,0.0000,0.0000,0.00000,0,0,,,,,8.21,0.00,1791456172.663478,,0,0.0
assignment4_normal_20261008_194213,1791456172.581639,camera_color_optical_frame,906,640,480,0,,,0.0000,0.0000,0.00000,0,0,,,,,7.99,0.00,1791456172.701145,,0,0.0
assignment4_normal_20261008_194213,1791456172.615005,camera_color_optical_frame,907,640,480,0,,,0.0000,0.0000,0.00000,0,0,,,,,11.75,0.00,1791456172.737109,,0,0.0
assignment4_normal_20261008_194213,1791456172.648371,camera_color_optical_frame,908,640,480,0,,,0.0000,0.0000,0.00000,0,0,,,,,10.65,0.00,1791456172.780008,,0,0.0
assignment4_normal_20261008_194213,1791456172.681737,camera_color_optical_frame,909,640,480,0,,,0.0000,0.0000,0.00000,0,0,,,,,13.81,0.00,1791456172.818043,,0,0.0
assignment4_normal_20261008_194213,1791456172.715104,camera_color_optical_frame,910,640,480,0,,,0.0000,0.0000,0.00000,0,0,,,,,12.12,33.37,1791456172.844277,,0,0.0
assignment4_normal_20261008_194213,1791456172.748469,camera_color_optical_frame,911,640,480,0,,,0.0000,0.0000,0.00000,0,0,,,,,9.87,0.00,1791456172.863366,,0,0.0
assignment4_normal_20261008_194213,1791456172.781834,camera_color_optical_frame,912,640,480,0,,,0.0000,0.0000,0.00000,0,0,,,,,9.73,0.00,1791456172.894341,,0,0.0
assignment4_normal_20261008_194213,1791456172.815200,camera_color_optical_frame,913,640,480,0,,,0.0000,0.0000,0.00000,0,0,,,,,10.33,0.00,1791456172.923618,,0,0.0
assignment4_normal_20261008_194213,1791456172.848565,camera_color_optical_frame,914,640,480,0,,,0.0000,0.0000,0.00000,0,0,,,,,10.95,0.00,1791456172.960490,,0,0.0
assignment4_normal_20261008_194213,1791456172.881931,camera_color_optical_frame,915,640,480,0,,,0.0000,0.0000,0.00000,0,0,,,,,9.97,0.00,1791456172.994545,,0,0.0
assignment4_normal_20261008_194213,1791456172.915296,camera_color_optical_frame,916,640,480,0,,,0.0000,0.0000,0.00000,0,0,,,,,10.69,0.00,1791456173.031254,,0,0.0
assignment4_normal_20261008_194213,1791456172.948662,camera_color_optical_frame,917,640,480,0,,,0.0000,0.0000,0.00000,0,0,,,,,9.02,0.00,1791456173.068359,,0,0.0
assignment4_normal_20261008_194213,1791456172.982027,camera_color_optical_frame,918,640,480,0,,,0.0000,0.0000,0.00000,0,0,,,,,15.61,0.00,1791456173.110586,,0,0.0
assignment4_normal_20261008_194213,1791456173.015393,camera_color_optical_frame,919,640,480,0,,,0.0000,0.0000,0.00000,0,0,,,,,12.74,33.37,1791456173.130400,,0,0.0
assignment4_normal_20261008_194213,1791456173.048759,camera_color_optical_frame,920,640,480,0,,,0.0000,0.0000,0.00000,0,0,,,,,8.26,0.00,1791456173.155691,,0,0.0
assignment4_normal_20261008_194213,1791456173.082124,camera_color_optical_frame,921,640,480,0,,,0.0000,0.0000,0.00000,0,0,,,,,9.86,0.00,1791456173.193310,,0,0.0
assignment4_normal_20261008_194213,1791456173.115490,camera_color_optical_frame,922,640,480,0,,,0.0000,0.0000,0.00000,0,0,,,,,9.96,0.00,1791456173.232902,,0,0.0
assignment4_normal_20261008_194213,1791456173.148856,camera_color_optical_frame,923,640,480,0,,,0.0000,0.0000,0.00000,0,0,,,,,8.64,0.00,1791456173.274670,,0,0.0
assignment4_normal_20261008_194213,1791456173.182222,camera_color_optical_frame,924,640,480,0,,,0.0000,0.0000,0.00000,0,0,,,,,10.80,0.00,1791456173.312202,,0,0.0
assignment4_normal_20261008_194213,1791456173.215588,camera_color_optical_frame,925,640,480,0,,,0.0000,0.0000,0.00000,0,0,,,,,10.02,0.00,1791456173.354109,,0,0.0
assignment4_normal_20261008_194213,1791456173.248954,camera_color_optical_frame,926,640,480,0,,,0.0000,0.0000,0.00000,0,0,,,,,9.01,0.00,1791456173.393371,,0,0.0
assignment4_normal_20261008_194213,1791456173.282320,camera_color_optical_frame,927,640,480,0,,,0.0000,0.0000,0.00000,0,0,,,,,13.07,0.00,1791456173.435580,,0,0.0
assignment4_normal_20261008_194213,1791456173.315686,camera_color_optical_frame,928,640,480,0,,,0.0000,0.0000,0.00000,0,0,,,,,9.50,0.00,1791456173.470728,,0,0.0
assignment4_normal_20261008_194213,1791456173.349052,camera_color_optical_frame,929,640,480,1,472.4,224.7,0.4763,-0.0637,0.00164,1,1,1.000,0.6830,0.1669,-0.0230,11.61,0.00,1791456173.510279,6,0,0.0
assignment4_normal_20261008_194213,1791456173.382418,camera_color_optical_frame,930,640,480,1,474.7,232.7,0.4835,-0.0304,0.00337,1,1,0.999,0.6880,0.1707,-0.0141,12.07,0.00,1791456173.547973,6,0,0.0
assignment4_normal_20261008_194213,1791456173.415785,camera_color_optical_frame,931,640,480,1,475.0,233.1,0.4844,-0.0287,0.00381,1,1,0.991,0.6900,0.1716,-0.0137,11.52,0.00,1791456173.585581,6,0,0.0
assignment4_normal_20261008_194213,1791456173.449151,camera_color_optical_frame,932,640,480,1,474.9,231.6,0.4841,-0.0351,0.00381,1,1,0.996,0.6900,0.1715,-0.0155,12.99,0.00,1791456173.632854,6,0,0.0
assignment4_normal_20261008_194213,1791456173.482517,camera_color_optical_frame,933,640,480,1,474.9,230.8,0.4840,-0.0382,0.00383,1,1,0.999,0.6910,0.1717,-0.0163,12.93,0.00,1791456173.670040,6,0,0.0
assignment4_normal_20261008_194213,1791456173.515884,camera_color_optical_frame,934,640,480,1,474.9,230.7,0.4841,-0.0386,0.00383,1,1,0.996,0.6920,0.1719,-0.0165,11.38,0.00,1791456173.712180,6,0,4.1
assignment4_normal_20261008_194213,1791456173.549250,camera_color_optical_frame,935,640,480,1,475.7,231.7,0.4865,-0.0348,0.00376,1,1,1.000,0.6920,0.1728,-0.0154,11.29,0.00,1791456173.753879,6,0,13.7
assignment4_normal_20261008_194213,1791456173.582617,camera_color_optical_frame,936,640,480,1,477.0,233.0,0.4905,-0.0290,0.00381,1,1,0.999,0.6930,0.1746,-0.0138,10.43,0.00,1791456173.796898,6,0,22.0
assignment4_normal_20261008_194213,1791456173.616036,camera_color_optical_frame,937,640,480,1,477.6,234.2,0.4924,-0.0240,0.00384,1,1,1.000,0.6930,0.1752,-0.0125,11.60,0.00,1791456173.829117,6,0,24.7
assignment4_normal_20261008_194213,1791456173.682743,camera_color_optical_frame,938,640,480,1,470.7,236.2,0.4709,-0.0159,0.00353,1,1,1.000,0.6920,0.1671,-0.0102,14.25,0.00,1791456173.870180,6,0,26.1
assignment4_normal_20261008_194213,1791456173.716096,camera_color_optical_frame,939,640,480,1,461.9,236.3,0.4433,-0.0156,0.00328,1,1,1.000,0.6950,0.1577,-0.0102,12.94,0.00,1791456173.905929,6,0,27.5
assignment4_normal_20261008_194213,1791456173.749449,camera_color_optical_frame,940,640,480,1,452.5,236.1,0.4140,-0.0163,0.00342,1,1,1.000,0.6970,0.1474,-0.0104,12.16,0.00,1791456173.944400,6,0,27.5
assignment4_normal_20261008_194213,1791456173.782803,camera_color_optical_frame,941,640,480,1,442.4,236.0,0.3826,-0.0167,0.00339,1,1,1.000,0.7010,0.1366,-0.0106,14.32,0.00,1791456173.985920,6,0,27.5
assignment4_normal_20261008_194213,1791456173.816156,camera_color_optical_frame,942,640,480,1,432.2,235.2,0.3505,-0.0199,0.00339,1,1,1.000,0.6980,0.1242,-0.0114,12.41,0.00,1791456174.021536,6,0,27.5
assignment4_normal_20261008_194213,1791456173.849509,camera_color_optical_frame,943,640,480,1,422.1,234.5,0.3191,-0.0229,0.00330,1,1,1.000,0.7020,0.1133,-0.0123,16.56,0.00,1791456174.067375,6,0,26.1
assignment4_normal_20261008_194213,1791456173.916215,camera_color_optical_frame,944,640,480,1,401.8,233.0,0.2556,-0.0294,0.00326,1,0,,,,,8.71,66.71,1791456174.083752,6,0,26.1
assignment4_normal_20261008_194213,1791456173.949569,camera_color_optical_frame,945,640,480,1,391.6,231.7,0.2238,-0.0344,0.00332,1,1,0.992,0.7040,0.0781,-0.0156,11.56,0.00,1791456174.119840,6,0,24.7
assignment4_normal_20261008_194213,1791456173.982922,camera_color_optical_frame,946,640,480,1,381.3,231.5,0.1914,-0.0356,0.00333,1,1,1.000,0.7060,0.0663,-0.0159,10.10,0.00,1791456174.162416,6,0,23.4
assignment4_normal_20261008_194213,1791456174.016275,camera_color_optical_frame,947,640,480,1,371.7,230.5,0.1615,-0.0397,0.00341,1,1,1.000,0.7050,0.0551,-0.0171,11.69,0.00,1791456174.198605,6,0,20.6
assignment4_normal_20261008_194213,1791456174.049628,camera_color_optical_frame,948,640,480,1,362.8,230.4,0.1337,-0.0401,0.00339,2,1,1.000,0.7080,0.0449,-0.0172,13.31,0.00,1791456174.245014,6,0,17.9
assignment4_normal_20261008_194213,1791456174.082981,camera_color_optical_frame,949,640,480,1,354.3,229.3,0.1073,-0.0444,0.00337,2,1,0.993,0.7070,0.0350,-0.0184,12.49,0.00,1791456174.286737,6,1,15.1
assignment4_normal_20261008_194213,1791456174.116334,camera_color_optical_frame,950,640,480,1,346.1,228.7,0.0817,-0.0469,0.00346,1,1,1.000,0.7070,0.0254,-0.0191,12.15,0.00,1791456174.327488,6,2,12.4
assignment4_normal_20261008_194213,1791456174.149687,camera_color_optical_frame,951,640,480,1,339.1,228.7,0.0596,-0.0470,0.00349,1,1,0.997,0.7070,0.0172,-0.0192,16.55,0.00,1791456174.370702,6,2,11.0
assignment4_normal_20261008_194213,1791456174.183040,camera_color_optical_frame,952,640,480,1,332.6,228.4,0.0392,-0.0485,0.00343,1,1,0.991,0.7050,0.0095,-0.0195,12.05,0.00,1791456174.398560,6,2,9.6
assignment4_normal_20261008_194213,1791456174.249747,camera_color_optical_frame,953,640,480,1,323.1,229.0,0.0098,-0.0459,0.00353,1,1,1.000,0.7070,-0.0014,-0.0189,14.48,0.00,1791456174.438433,6,2,6.9
assignment4_normal_20261008_194213,1791456174.283099,camera_color_optical_frame,954,640,480,1,319.5,229.2,-0.0016,-0.0448,0.00364,1,1,1.000,0.7060,-0.0057,-0.0185,12.16,0.00,1791456174.477318,6,1,5.5
assignment4_normal_20261008_194213,1791456174.316453,camera_color_optical_frame,955,640,480,1,315.9,228.9,-0.0129,-0.0463,0.00358,1,1,0.993,0.7070,-0.0099,-0.0190,17.96,0.00,1791456174.523185,6,1,4.1
assignment4_normal_20261008_194213,1791456174.383158,camera_color_optical_frame,956,640,480,1,310.0,228.8,-0.0311,-0.0469,0.00355,3,0,,,,,12.55,66.71,1791456174.551357,6,0,4.1
assignment4_normal_20261008_194213,1791456174.483217,camera_color_optical_frame,957,640,480,1,305.5,229.3,-0.0454,-0.0446,0.00365,2,0,,,,,8.43,166.76,1791456174.570514,6,0,4.1
assignment4_normal_20261008_194213,1791456174.516570,camera_color_optical_frame,958,640,480,1,303.9,230.3,-0.0502,-0.0406,0.00353,1,1,0.993,0.7090,-0.0239,-0.0174,12.70,0.00,1791456174.616694,6,2,0.0
assignment4_normal_20261008_194213,1791456174.549923,camera_color_optical_frame,959,640,480,1,303.8,232.0,-0.0506,-0.0335,0.00357,1,1,1.000,0.7050,-0.0239,-0.0153,19.41,0.00,1791456174.664412,6,2,0.0
assignment4_normal_20261008_194213,1791456174.583276,camera_color_optical_frame,960,640,480,1,302.4,233.3,-0.0551,-0.0280,0.00363,3,0,,,,,14.63,33.35,1791456174.688536,6,0,0.0
assignment4_normal_20261008_194213,1791456174.616629,camera_color_optical_frame,961,640,480,1,299.6,232.5,-0.0636,-0.0312,0.00342,1,1,1.000,0.7140,-0.0291,-0.0149,12.34,0.00,1791456174.711669,6,1,0.0
assignment4_normal_20261008_194213,1791456174.649981,camera_color_optical_frame,962,640,480,1,295.6,230.3,-0.0763,-0.0406,0.00335,2,0,,,,,13.33,33.35,1791456174.733204,6,0,0.0
assignment4_normal_20261008_194213,1791456174.683334,camera_color_optical_frame,963,640,480,1,292.3,228.0,-0.0867,-0.0498,0.00333,1,1,1.000,0.7210,-0.0382,-0.0203,15.48,0.00,1791456174.779410,6,2,2.8
assignment4_normal_20261008_194213,1791456174.716687,camera_color_optical_frame,964,640,480,1,289.9,226.6,-0.0941,-0.0558,0.00327,1,1,1.000,0.7340,-0.0418,-0.0224,17.45,0.00,1791456174.824300,6,2,2.8
assignment4_normal_20261008_194213,1791456174.750040,camera_color_optical_frame,965,640,480,1,286.7,225.1,-0.1039,-0.0621,0.00324,1,1,1.000,0.7380,-0.0458,-0.0244,19.95,0.00,1791456174.862533,6,2,1.4
assignment4_normal_20261008_194213,1791456174.783394,camera_color_optical_frame,966,640,480,1,284.0,224.1,-0.1124,-0.0662,0.00316,1,1,1.000,0.7450,-0.0496,-0.0259,20.42,0.00,1791456174.897871,6,2,1.4
assignment4_normal_20261008_194213,1791456174.816747,camera_color_optical_frame,967,640,480,1,282.8,223.5,-0.1162,-0.0689,0.00314,1,1,1.000,0.7560,-0.0518,-0.0270,20.63,0.00,1791456174.933185,6,2,1.4
assignment4_normal_20261008_194213,1791456174.850101,camera_color_optical_frame,968,640,480,1,281.8,223.2,-0.1193,-0.0698,0.00301,1,1,1.000,0.7670,-0.0539,-0.0277,15.92,0.00,1791456174.963576,6,2,2.8
assignment4_normal_20261008_194213,1791456174.883455,camera_color_optical_frame,969,640,480,1,280.7,222.8,-0.1229,-0.0716,0.00296,1,1,1.000,0.7740,-0.0558,-0.0285,15.45,0.00,1791456175.002978,6,1,5.5
assignment4_normal_20261008_194213,1791456174.916808,camera_color_optical_frame,970,640,480,1,279.2,222.0,-0.1276,-0.0749,0.00287,1,1,1.000,0.7800,-0.0582,-0.0298,15.62,0.00,1791456175.039059,6,2,5.5
assignment4_normal_20261008_194213,1791456174.950162,camera_color_optical_frame,971,640,480,1,278.1,222.0,-0.1310,-0.0749,0.00283,1,1,1.000,0.7970,-0.0609,-0.0304,14.41,0.00,1791456175.076328,6,2,5.5
assignment4_normal_20261008_194213,1791456174.983515,camera_color_optical_frame,972,640,480,1,277.2,222.3,-0.1338,-0.0738,0.00272,1,1,1.000,0.8020,-0.0625,-0.0303,15.68,0.00,1791456175.113315,6,2,5.5
assignment4_normal_20261008_194213,1791456175.016869,camera_color_optical_frame,973,640,480,1,276.6,222.6,-0.1358,-0.0725,0.00269,3,1,1.000,0.8060,-0.0636,-0.0300,19.68,0.00,1791456175.151405,6,1,5.5
assignment4_normal_20261008_194213,1791456175.050222,camera_color_optical_frame,974,640,480,1,277.0,223.1,-0.1343,-0.0705,0.00261,1,1,1.000,0.8160,-0.0638,-0.0297,13.67,0.00,1791456175.181686,6,1,5.5
assignment4_normal_20261008_194213,1791456175.083576,camera_color_optical_frame,975,640,480,1,277.2,222.2,-0.1338,-0.0743,0.00254,2,1,1.000,0.8240,-0.0642,-0.0312,15.68,0.00,1791456175.215797,6,1,5.5
assignment4_normal_20261008_194213,1791456175.116929,camera_color_optical_frame,976,640,480,1,277.5,222.3,-0.1329,-0.0739,0.00249,1,1,1.000,0.8320,-0.0644,-0.0314,14.62,0.00,1791456175.249270,6,2,5.5
assignment4_normal_20261008_194213,1791456175.150283,camera_color_optical_frame,977,640,480,1,278.3,222.6,-0.1304,-0.0725,0.00250,1,1,1.000,0.8370,-0.0637,-0.0311,15.38,0.00,1791456175.284767,6,2,6.9
assignment4_normal_20261008_194213,1791456175.183636,camera_color_optical_frame,978,640,480,1,279.2,222.7,-0.1275,-0.0719,0.00245,1,1,1.000,0.8420,-0.0628,-0.0311,14.41,0.00,1791456175.320442,6,1,8.2
assignment4_normal_20261008_194213,1791456175.216989,camera_color_optical_frame,979,640,480,1,279.9,222.4,-0.1253,-0.0733,0.00240,1,1,1.000,0.8490,-0.0623,-0.0319,17.60,0.00,1791456175.358422,6,2,8.2
assignment4_normal_20261008_194213,1791456175.250343,camera_color_optical_frame,980,640,480,1,280.3,221.9,-0.1240,-0.0754,0.00242,1,1,1.000,0.8550,-0.0622,-0.0328,12.72,0.00,1791456175.385969,6,2,8.2
assignment4_normal_20261008_194213,1791456175.283696,camera_color_optical_frame,981,640,480,1,281.0,222.4,-0.1218,-0.0731,0.00234,2,1,1.000,0.8600,-0.0615,-0.0322,15.95,0.00,1791456175.420762,6,1,6.9
assignment4_normal_20261008_194213,1791456175.317050,camera_color_optical_frame,982,640,480,1,282.0,223.2,-0.1186,-0.0701,0.00236,3,1,1.000,0.8600,-0.0601,-0.0312,14.42,0.00,1791456175.459834,6,0,6.9
assignment4_normal_20261008_194213,1791456175.350403,camera_color_optical_frame,983,640,480,1,283.7,224.4,-0.1135,-0.0652,0.00232,2,1,1.000,0.8650,-0.0581,-0.0297,15.53,0.00,1791456175.503931,6,0,6.9
assignment4_normal_20261008_194213,1791456175.383756,camera_color_optical_frame,984,640,480,1,285.6,225.8,-0.1076,-0.0591,0.00228,2,1,1.000,0.8650,-0.0554,-0.0276,13.55,0.00,1791456175.534731,6,0,6.9
assignment4_normal_20261008_194213,1791456175.417109,camera_color_optical_frame,985,640,480,1,288.0,226.5,-0.1001,-0.0561,0.00228,2,0,,,,,9.80,33.35,1791456175.555675,6,0,6.9
assignment4_normal_20261008_194213,1791456175.483815,camera_color_optical_frame,986,640,480,1,293.4,232.7,-0.0830,-0.0303,0.00226,2,0,,,,,11.62,100.06,1791456175.577499,6,0,5.5
assignment4_normal_20261008_194213,1791456175.517169,camera_color_optical_frame,987,640,480,1,297.1,237.0,-0.0714,-0.0126,0.00222,2,0,,,,,11.78,133.41,1791456175.596390,6,0,5.5
assignment4_normal_20261008_194213,1791456175.550522,camera_color_optical_frame,988,640,480,1,300.8,240.8,-0.0600,0.0032,0.00219,1,1,1.000,0.8600,-0.0335,-0.0062,15.46,0.00,1791456175.644281,6,0,5.5
assignment4_normal_20261008_194213,1791456175.583875,camera_color_optical_frame,989,640,480,1,303.5,244.3,-0.0514,0.0181,0.00218,1,1,1.000,0.8530,-0.0293,-0.0011,11.14,0.00,1791456175.689386,6,0,6.9
assignment4_normal_20261008_194213,1791456175.617229,camera_color_optical_frame,990,640,480,1,305.5,249.8,-0.0454,0.0408,0.00225,1,1,1.000,0.8430,-0.0263,0.0065,11.36,0.00,1791456175.721417,6,0,5.5
assignment4_normal_20261008_194213,1791456175.650581,camera_color_optical_frame,991,640,480,1,304.6,253.1,-0.0481,0.0546,0.00225,1,1,1.000,0.8370,-0.0273,0.0110,15.77,0.00,1791456175.767972,6,0,5.5
assignment4_normal_20261008_194213,1791456175.683935,camera_color_optical_frame,992,640,480,1,301.6,255.6,-0.0574,0.0650,0.00216,1,1,1.000,0.8255,-0.0310,0.0143,10.54,0.00,1791456175.805920,6,0,5.5
assignment4_normal_20261008_194213,1791456175.717287,camera_color_optical_frame,993,640,480,1,297.0,256.3,-0.0718,0.0680,0.00223,1,1,1.000,0.8090,-0.0365,0.0149,11.60,0.00,1791456175.843177,6,0,1.4
assignment4_normal_20261008_194213,1791456175.750641,camera_color_optical_frame,994,640,480,1,291.2,256.8,-0.0901,0.0700,0.00233,1,1,1.000,0.7970,-0.0437,0.0153,11.43,0.00,1791456175.875330,6,0,1.4
assignment4_normal_20261008_194213,1791456175.783994,camera_color_optical_frame,995,640,480,1,284.8,255.7,-0.1099,0.0655,0.00245,1,1,1.000,0.7830,-0.0511,0.0137,11.92,0.00,1791456175.915061,6,0,4.1
assignment4_normal_20261008_194213,1791456175.817348,camera_color_optical_frame,996,640,480,1,280.7,255.4,-0.1227,0.0644,0.00256,1,1,1.000,0.7720,-0.0556,0.0131,9.46,0.00,1791456175.958951,6,0,4.1
assignment4_normal_20261008_194213,1791456175.850701,camera_color_optical_frame,997,640,480,1,278.0,255.0,-0.1312,0.0623,0.00291,1,1,1.000,0.7550,-0.0578,0.0122,12.64,0.00,1791456175.997355,6,0,2.8
assignment4_normal_20261008_194213,1791456175.884055,camera_color_optical_frame,998,640,480,1,277.4,255.1,-0.1331,0.0628,0.00297,1,1,1.000,0.7370,-0.0571,0.0121,12.93,0.00,1791456176.045511,6,0,4.1
assignment4_normal_20261008_194213,1791456175.917409,camera_color_optical_frame,999,640,480,1,277.8,255.1,-0.1319,0.0631,0.00322,1,1,1.000,0.7180,-0.0552,0.0119,13.39,0.00,1791456176.077530,6,0,4.1
assignment4_normal_20261008_194213,1791456175.950762,camera_color_optical_frame,1000,640,480,1,279.6,255.1,-0.1262,0.0627,0.00334,1,1,1.000,0.6970,-0.0515,0.0114,17.40,0.00,1791456176.128618,6,0,5.5
assignment4_normal_20261008_194213,1791456175.984116,camera_color_optical_frame,1001,640,480,1,281.4,253.9,-0.1206,0.0578,0.00360,1,1,1.000,0.6780,-0.0481,0.0098,12.70,0.00,1791456176.158219,6,0,6.9
assignment4_normal_20261008_194213,1791456176.017469,camera_color_optical_frame,1002,640,480,1,284.2,252.4,-0.1120,0.0517,0.00370,1,1,1.000,0.6580,-0.0437,0.0079,12.46,0.00,1791456176.203553,6,0,8.2
assignment4_normal_20261008_194213,1791456176.050822,camera_color_optical_frame,1003,640,480,1,288.0,251.7,-0.0999,0.0487,0.00393,1,1,1.000,0.6380,-0.0383,0.0069,12.95,0.00,1791456176.249248,6,0,8.2
assignment4_normal_20261008_194213,1791456176.084176,camera_color_optical_frame,1004,640,480,1,292.1,249.4,-0.0873,0.0391,0.00432,1,0,,,,,9.39,33.35,1791456176.268966,6,0,6.9
assignment4_normal_20261008_194213,1791456176.150882,camera_color_optical_frame,1005,640,480,1,296.9,245.3,-0.0723,0.0220,0.00484,1,0,,,,,9.25,100.06,1791456176.287697,6,0,6.9
assignment4_normal_20261008_194213,1791456176.184235,camera_color_optical_frame,1006,640,480,1,298.1,243.3,-0.0684,0.0135,0.00528,1,0,,,,,7.70,133.41,1791456176.311916,6,0,5.5
assignment4_normal_20261008_194213,1791456176.250942,camera_color_optical_frame,1007,640,480,1,297.7,236.2,-0.0697,-0.0158,0.00586,1,0,,,,,11.92,200.12,1791456176.331024,6,0,5.5
assignment4_normal_20261008_194213,1791456176.284295,camera_color_optical_frame,1008,640,480,0,,,0.0000,0.0000,0.00000,1,0,,,,,13.56,0.00,1791456176.383876,,0,5.5
assignment4_normal_20261008_194213,1791456176.317648,camera_color_optical_frame,1009,640,480,0,,,0.0000,0.0000,0.00000,1,0,,,,,10.93,0.00,1791456176.418045,,0,5.5
assignment4_normal_20261008_194213,1791456176.351001,camera_color_optical_frame,1010,640,480,0,,,0.0000,0.0000,0.00000,1,0,,,,,12.08,0.00,1791456176.463195,,0,5.5
assignment4_normal_20261008_194213,1791456176.384354,camera_color_optical_frame,1011,640,480,0,,,0.0000,0.0000,0.00000,1,0,,,,,9.85,0.00,1791456176.501854,,0,2.8
assignment4_normal_20261008_194213,1791456176.417707,camera_color_optical_frame,1012,640,480,0,,,0.0000,0.0000,0.00000,1,0,,,,,9.86,0.00,1791456176.537249,,0,0.0
assignment4_normal_20261008_194213,1791456176.451060,camera_color_optical_frame,1013,640,480,0,,,0.0000,0.0000,0.00000,1,0,,,,,11.00,0.00,1791456176.575061,,0,0.0
assignment4_normal_20261008_194213,1791456176.484413,camera_color_optical_frame,1014,640,480,0,,,0.0000,0.0000,0.00000,1,0,,,,,12.37,0.00,1791456176.611937,,0,0.0
assignment4_normal_20261008_194213,1791456176.517766,camera_color_optical_frame,1015,640,480,0,,,0.0000,0.0000,0.00000,1,0,,,,,12.65,0.00,1791456176.664647,,0,0.0
assignment4_normal_20261008_194213,1791456176.551118,camera_color_optical_frame,1016,640,480,0,,,0.0000,0.0000,0.00000,1,0,,,,,13.55,0.00,1791456176.709167,,0,0.0
assignment4_normal_20261008_194213,1791456176.584471,camera_color_optical_frame,1017,640,480,0,,,0.0000,0.0000,0.00000,1,0,,,,,17.03,0.00,1791456176.752249,,0,0.0
assignment4_normal_20261008_194213,1791456176.617824,camera_color_optical_frame,1018,640,480,0,,,0.0000,0.0000,0.00000,1,0,,,,,10.35,0.00,1791456176.779379,,0,0.0
assignment4_normal_20261008_194213,1791456176.651177,camera_color_optical_frame,1019,640,480,0,,,0.0000,0.0000,0.00000,1,0,,,,,9.93,0.00,1791456176.814296,,0,0.0
assignment4_normal_20261008_194213,1791456176.684520,camera_color_optical_frame,1020,640,480,0,,,0.0000,0.0000,0.00000,1,0,,,,,10.60,0.00,1791456176.848902,,0,0.0
assignment4_normal_20261008_194213,1791456176.717877,camera_color_optical_frame,1021,640,480,0,,,0.0000,0.0000,0.00000,1,0,,,,,20.05,0.00,1791456176.900065,,0,0.0
assignment4_normal_20261008_194213,1791456176.751235,camera_color_optical_frame,1022,640,480,1,172.3,212.4,-0.4616,-0.1150,0.01349,1,1,1.000,0.3700,-0.0929,-0.0200,19.23,0.00,1791456176.933855,12,0,0.0
assignment4_normal_20261008_194213,1791456176.784593,camera_color_optical_frame,1023,640,480,1,161.1,212.1,-0.4966,-0.1161,0.01412,1,1,0.993,0.3640,-0.0981,-0.0198,16.92,0.00,1791456176.968532,12,0,0.0
assignment4_normal_20261008_194213,1791456176.817950,camera_color_optical_frame,1024,640,480,1,152.9,213.8,-0.5222,-0.1092,0.01501,1,1,0.992,0.3590,-0.1016,-0.0186,12.48,0.00,1791456177.002555,12,0,0.0
assignment4_normal_20261008_194213,1791456176.851308,camera_color_optical_frame,1025,640,480,1,155.0,218.2,-0.5155,-0.0909,0.01518,1,1,0.994,0.3520,-0.0984,-0.0157,12.82,0.00,1791456177.040745,12,0,0.0
assignment4_normal_20261008_194213,1791456176.884665,camera_color_optical_frame,1026,640,480,1,168.2,223.3,-0.4743,-0.0696,0.01505,1,1,0.995,0.3460,-0.0892,-0.0125,12.61,0.00,1791456177.085062,12,0,0.0
assignment4_normal_20261008_194213,1791456176.918023,camera_color_optical_frame,1027,640,480,1,186.5,225.3,-0.4172,-0.0614,0.01462,1,1,0.998,0.3390,-0.0771,-0.0111,20.10,0.00,1791456177.131378,12,0,0.0
assignment4_normal_20261008_194213,1791456176.951381,camera_color_optical_frame,1028,640,480,1,207.0,226.8,-0.3531,-0.0549,0.01503,1,1,0.998,0.3320,-0.0643,-0.0100,14.11,0.00,1791456177.161316,12,0,0.0
assignment4_normal_20261008_194213,1791456176.984738,camera_color_optical_frame,1029,640,480,1,227.6,226.0,-0.2886,-0.0584,0.01481,1,1,1.000,0.3240,-0.0517,-0.0102,13.74,0.00,1791456177.196380,12,0,5.5
assignment4_normal_20261008_194213,1791456177.018096,camera_color_optical_frame,1030,640,480,1,252.6,225.8,-0.2107,-0.0593,0.01384,1,1,0.996,0.3180,-0.0377,-0.0102,15.25,0.00,1791456177.232483,12,0,16.5
assignment4_normal_20261008_194213,1791456177.084812,camera_color_optical_frame,1031,640,480,1,323.3,230.2,0.0103,-0.0410,0.01418,1,1,1.000,0.3070,-0.0005,-0.0076,11.62,0.00,1791456177.275903,12,0,24.7
assignment4_normal_20261008_194213,1791456177.118169,camera_color_optical_frame,1032,640,480,1,357.6,237.1,0.1176,-0.0122,0.01623,1,1,1.000,0.3020,0.0166,-0.0040,11.39,0.00,1791456177.313422,12,0,23.4
assignment4_normal_20261008_194213,1791456177.151527,camera_color_optical_frame,1033,640,480,1,387.8,244.5,0.2119,0.0187,0.01730,1,1,1.000,0.2970,0.0311,-0.0003,10.47,0.00,1791456177.349612,12,0,22.0
assignment4_normal_20261008_194213,1791456177.184885,camera_color_optical_frame,1034,640,480,1,413.8,255.3,0.2931,0.0637,0.01778,1,1,0.998,0.2940,0.0434,0.0049,11.45,0.00,1791456177.390834,12,0,19.2
assignment4_normal_20261008_194213,1791456177.218242,camera_color_optical_frame,1035,640,480,1,436.4,266.8,0.3638,0.1118,0.01865,1,1,0.988,0.2920,0.0540,0.0105,13.54,0.00,1791456177.424013,12,0,12.4
assignment4_normal_20261008_194213,1791456177.251600,camera_color_optical_frame,1036,640,480,1,458.4,282.2,0.4326,0.1760,0.01943,1,1,0.997,0.2910,0.0644,0.0178,14.84,0.00,1791456177.469052,12,0,5.5
assignment4_normal_20261008_194213,1791456177.318316,camera_color_optical_frame,1037,640,480,1,495.7,300.9,0.5489,0.2538,0.02022,1,1,0.990,0.2900,0.0820,0.0267,10.88,0.00,1791456177.510709,12,0,1.4
assignment4_normal_20261008_194213,1791456177.351673,camera_color_optical_frame,1038,640,480,1,506.5,307.5,0.5827,0.2810,0.02054,1,1,1.000,0.2910,0.0875,0.0299,10.74,0.00,1791456177.550367,12,0,8.2
assignment4_normal_20261008_194213,1791456177.385031,camera_color_optical_frame,1039,640,480,1,514.4,313.4,0.6075,0.3057,0.02059,1,1,0.999,0.2910,0.0913,0.0328,16.64,0.00,1791456177.600984,12,0,17.9
assignment4_normal_20261008_194213,1791456177.418389,camera_color_optical_frame,1040,640,480,1,520.9,320.1,0.6279,0.3336,0.02082,1,1,0.999,0.2920,0.0947,0.0361,16.23,0.00,1791456177.638337,12,0,22.0
assignment4_normal_20261008_194213,1791456177.451747,camera_color_optical_frame,1041,640,480,1,521.6,326.7,0.6301,0.3614,0.02042,1,1,0.991,0.2920,0.0951,0.0393,19.95,0.00,1791456177.678564,12,0,24.7
assignment4_normal_20261008_194213,1791456177.518462,camera_color_optical_frame,1042,640,480,1,496.7,342.2,0.5523,0.4257,0.02040,1,1,0.990,0.2960,0.0842,0.0474,20.80,0.00,1791456177.714378,12,0,27.5
assignment4_normal_20261008_194213,1791456177.551820,camera_color_optical_frame,1043,640,480,1,478.1,352.2,0.4941,0.4677,0.02047,1,1,0.956,0.2990,0.0759,0.0529,20.00,0.00,1791456177.748928,12,0,28.8
assignment4_normal_20261008_194213,1791456177.618536,camera_color_optical_frame,1044,640,480,1,433.4,378.0,0.3544,0.5749,0.01974,1,0,,,,,13.41,33.36,1791456177.785405,12,0,30.2
assignment4_normal_20261008_194213,1791456177.685251,camera_color_optical_frame,1045,640,480,1,394.9,392.3,0.2340,0.6348,0.02003,1,0,,,,,13.79,100.07,1791456177.810024,12,0,31.6
assignment4_normal_20261008_194213,1791456177.751957,camera_color_optical_frame,1046,640,480,1,362.9,399.3,0.1341,0.6636,0.01872,1,0,,,,,13.08,166.78,1791456177.832698,12,0,33.0
assignment4_normal_20261008_194213,1791456177.785310,camera_color_optical_frame,1047,640,480,1,346.0,392.4,0.0812,0.6351,0.01830,1,1,0.997,0.3150,0.0112,0.0766,12.71,0.00,1791456177.876286,12,0,34.4
assignment4_normal_20261008_194213,1791456177.818664,camera_color_optical_frame,1048,640,480,1,331.5,378.4,0.0359,0.5765,0.01833,2,1,0.990,0.3140,0.0037,0.0691,12.21,0.00,1791456177.921525,12,0,28.8
assignment4_normal_20261008_194213,1791456177.852016,camera_color_optical_frame,1049,640,480,1,319.1,354.9,-0.0028,0.4789,0.01872,2,1,0.985,0.3120,-0.0027,0.0566,14.32,0.00,1791456177.964766,12,1,30.2
assignment4_normal_20261008_194213,1791456177.885370,camera_color_optical_frame,1050,640,480,1,307.0,321.4,-0.0405,0.3393,0.01844,1,1,0.994,0.3070,-0.0088,0.0387,15.78,0.00,1791456178.010085,12,1,33.0
assignment4_normal_20261008_194213,1791456177.918722,camera_color_optical_frame,1051,640,480,1,296.2,286.4,-0.0744,0.1934,0.01837,1,1,0.985,0.3020,-0.0140,0.0206,14.41,0.00,1791456178.050542,12,1,34.4
assignment4_normal_20261008_194213,1791456177.952075,camera_color_optical_frame,1052,640,480,1,288.0,244.8,-0.1000,0.0199,0.01804,1,1,0.998,0.2970,-0.0178,-0.0002,12.91,0.00,1791456178.088481,12,1,37.1
assignment4_normal_20261008_194213,1791456177.985428,camera_color_optical_frame,1053,640,480,1,283.1,194.9,-0.1152,-0.1878,0.01730,1,1,1.000,0.2900,-0.0197,-0.0240,12.28,0.00,1791456178.123606,12,1,31.6
assignment4_normal_20261008_194213,1791456178.018781,camera_color_optical_frame,1054,640,480,1,278.2,138.7,-0.1307,-0.4223,0.01598,1,1,0.999,0.2840,-0.0217,-0.0499,12.61,0.00,1791456178.159633,12,1,20.6
assignment4_normal_20261008_194213,1791456178.052134,camera_color_optical_frame,1055,640,480,1,274.0,89.0,-0.1439,-0.6292,0.01834,1,1,1.000,0.2770,-0.0230,-0.0714,13.07,0.00,1791456178.199510,12,1,20.6
assignment4_normal_20261008_194213,1791456178.085487,camera_color_optical_frame,1056,640,480,1,270.1,52.2,-0.1560,-0.7826,0.01769,1,1,0.994,0.2730,-0.0245,-0.0870,11.89,0.00,1791456178.238021,12,1,19.2
assignment4_normal_20261008_194213,1791456178.118840,camera_color_optical_frame,1057,640,480,1,265.4,31.5,-0.1706,-0.8687,0.01071,1,1,0.984,0.2700,-0.0263,-0.0952,20.45,0.00,1791456178.288094,12,1,5.5
assignment4_normal_20261008_194213,1791456178.152193,camera_color_optical_frame,1058,640,480,1,263.0,10.3,-0.1781,-0.9572,0.00393,1,1,0.736,0.2660,-0.0269,-0.1031,11.81,0.00,1791456178.314051,12,1,5.5
assignment4_normal_20261008_194213,1791456178.185546,camera_color_optical_frame,1059,640,480,0,,,0.0000,0.0000,0.00000,0,0,,,,,13.62,0.00,1791456178.353232,,1,16.5
assignment4_normal_20261008_194213,1791456178.218898,camera_color_optical_frame,1060,640,480,0,,,0.0000,0.0000,0.00000,1,0,,,,,7.79,33.35,1791456178.373252,,0,20.6
assignment4_normal_20261008_194213,1791456178.285604,camera_color_optical_frame,1061,640,480,0,,,0.0000,0.0000,0.00000,1,0,,,,,8.80,100.06,1791456178.392933,,0,26.1
assignment4_normal_20261008_194213,1791456178.318957,camera_color_optical_frame,1062,640,480,0,,,0.0000,0.0000,0.00000,1,0,,,,,8.91,133.41,1791456178.416987,,0,37.1
assignment4_normal_20261008_194213,1791456178.352309,camera_color_optical_frame,1063,640,480,0,,,0.0000,0.0000,0.00000,1,0,,,,,8.74,0.00,1791456178.457739,,0,44.0
assignment4_normal_20261008_194213,1791456178.385662,camera_color_optical_frame,1064,640,480,0,,,0.0000,0.0000,0.00000,1,0,,,,,10.05,0.00,1791456178.494188,,0,45.3
assignment4_normal_20261008_194213,1791456178.419015,camera_color_optical_frame,1065,640,480,0,,,0.0000,0.0000,0.00000,1,0,,,,,9.18,0.00,1791456178.535439,,0,41.2
assignment4_normal_20261008_194213,1791456178.452367,camera_color_optical_frame,1066,640,480,0,,,0.0000,0.0000,0.00000,1,0,,,,,9.16,0.00,1791456178.575446,,0,20.6
assignment4_normal_20261008_194213,1791456178.485720,camera_color_optical_frame,1067,640,480,0,,,0.0000,0.0000,0.00000,1,0,,,,,9.45,0.00,1791456178.612434,,0,13.7
assignment4_normal_20261008_194213,1791456178.519073,camera_color_optical_frame,1068,640,480,0,,,0.0000,0.0000,0.00000,1,0,,,,,10.63,0.00,1791456178.648012,,0,4.1
assignment4_normal_20261008_194213,1791456178.552425,camera_color_optical_frame,1069,640,480,0,,,0.0000,0.0000,0.00000,2,0,,,,,11.08,0.00,1791456178.687264,,0,0.0
assignment4_normal_20261008_194213,1791456178.585778,camera_color_optical_frame,1070,640,480,0,,,0.0000,0.0000,0.00000,2,0,,,,,10.54,0.00,1791456178.727748,,0,0.0
assignment4_normal_20261008_194213,1791456178.619130,camera_color_optical_frame,1071,640,480,0,,,0.0000,0.0000,0.00000,2,0,,,,,14.57,0.00,1791456178.769650,,0,0.0
assignment4_normal_20261008_194213,1791456178.652483,camera_color_optical_frame,1072,640,480,1,627.4,277.4,0.9605,0.1560,0.00122,2,1,1.000,1.6350,0.8177,0.0872,13.89,0.00,1791456178.804553,13,0,0.0
assignment4_normal_20261008_194213,1791456178.685841,camera_color_optical_frame,1073,640,480,1,627.7,277.0,0.9616,0.1543,0.00119,2,1,1.000,1.6350,0.8187,0.0861,12.81,0.00,1791456178.836509,13,0,0.0
assignment4_normal_20261008_194213,1791456178.719196,camera_color_optical_frame,1074,640,480,1,627.7,277.1,0.9615,0.1544,0.00118,1,1,1.000,1.6310,0.8165,0.0859,12.52,0.00,1791456178.875928,13,0,0.0
assignment4_normal_20261008_194213,1791456178.752551,camera_color_optical_frame,1075,640,480,1,627.3,277.3,0.9603,0.1554,0.00125,3,1,1.000,1.6440,0.8220,0.0873,18.60,0.00,1791456178.912765,13,0,0.0
assignment4_normal_20261008_194213,1791456178.785906,camera_color_optical_frame,1076,640,480,1,627.7,277.2,0.9617,0.1548,0.00114,2,1,1.000,1.6440,0.8232,0.0869,15.52,0.00,1791456178.953168,13,0,0.0
assignment4_normal_20261008_194213,1791456178.819260,camera_color_optical_frame,1077,640,480,1,627.6,277.1,0.9612,0.1545,0.00126,3,1,1.000,1.6440,0.8228,0.0867,25.47,0.00,1791456178.999300,13,0,0.0
assignment4_normal_20261008_194213,1791456178.852615,camera_color_optical_frame,1078,640,480,1,628.2,276.9,0.9630,0.1538,0.00109,3,1,1.000,1.6440,0.8243,0.0862,23.50,0.00,1791456179.033996,13,0,0.0
assignment4_normal_20261008_194213,1791456178.885970,camera_color_optical_frame,1079,640,480,1,627.9,276.8,0.9621,0.1534,0.00121,2,1,1.000,1.6270,0.8151,0.0851,20.57,0.00,1791456179.066556,13,0,0.0
assignment4_normal_20261008_194213,1791456178.919325,camera_color_optical_frame,1080,640,480,1,627.3,277.0,0.9605,0.1542,0.00123,2,1,1.000,1.6440,0.8221,0.0865,23.58,0.00,1791456179.102656,13,0,0.0
assignment4_normal_20261008_194213,1791456178.952680,camera_color_optical_frame,1081,640,480,1,627.4,276.9,0.9605,0.1538,0.00119,3,1,1.000,1.6310,0.8157,0.0855,18.90,0.00,1791456179.134292,13,0,0.0
assignment4_normal_20261008_194213,1791456178.986035,camera_color_optical_frame,1082,640,480,1,625.6,277.3,0.9549,0.1554,0.00128,3,1,1.000,1.6400,0.8153,0.0871,13.92,0.00,1791456179.162408,13,0,1.4
assignment4_normal_20261008_194213,1791456179.019389,camera_color_optical_frame,1083,640,480,0,,,0.0000,0.0000,0.00000,1,0,,,,,14.68,0.00,1791456179.201046,,2,45.3
assignment4_normal_20261008_194213,1791456179.052744,camera_color_optical_frame,1084,640,480,0,,,0.0000,0.0000,0.00000,1,0,,,,,10.11,0.00,1791456179.240240,,0,50.8
assignment4_normal_20261008_194213,1791456179.086099,camera_color_optical_frame,1085,640,480,0,,,0.0000,0.0000,0.00000,1,0,,,,,11.36,0.00,1791456179.282266,,2,52.2
assignment4_normal_20261008_194213,1791456179.119454,camera_color_optical_frame,1086,640,480,0,,,0.0000,0.0000,0.00000,1,0,,,,,13.98,0.00,1791456179.326935,,2,52.2
assignment4_normal_20261008_194213,1791456179.152808,camera_color_optical_frame,1087,640,480,0,,,0.0000,0.0000,0.00000,1,0,,,,,15.21,0.00,1791456179.369176,,2,50.8
assignment4_normal_20261008_194213,1791456179.186163,camera_color_optical_frame,1088,640,480,0,,,0.0000,0.0000,0.00000,1,0,,,,,19.06,0.00,1791456179.412458,,1,38.5
assignment4_normal_20261008_194213,1791456179.219517,camera_color_optical_frame,1089,640,480,0,,,0.0000,0.0000,0.00000,2,0,,,,,20.33,0.00,1791456179.455323,,2,20.6
assignment4_normal_20261008_194213,1791456179.286227,camera_color_optical_frame,1090,640,480,1,468.0,246.6,0.4626,0.0274,0.00273,3,0,,,,,15.04,66.71,1791456179.485398,13,0,20.6
assignment4_normal_20261008_194213,1791456179.319581,camera_color_optical_frame,1091,640,480,0,,,0.0000,0.0000,0.00000,2,0,,,,,19.06,0.00,1791456179.519947,,1,13.7
assignment4_normal_20261008_194213,1791456179.352936,camera_color_optical_frame,1092,640,480,0,,,0.0000,0.0000,0.00000,2,0,,,,,14.53,0.00,1791456179.548315,,1,8.2
assignment4_normal_20261008_194213,1791456179.386290,camera_color_optical_frame,1093,640,480,0,,,0.0000,0.0000,0.00000,2,0,,,,,15.67,0.00,1791456179.593426,,1,0.0
assignment4_normal_20261008_194213,1791456179.452999,camera_color_optical_frame,1094,640,480,0,,,0.0000,0.0000,0.00000,2,0,,,,,21.56,0.00,1791456179.639192,,1,0.0
assignment4_normal_20261008_194213,1791456179.486353,camera_color_optical_frame,1095,640,480,0,,,0.0000,0.0000,0.00000,2,0,,,,,20.74,0.00,1791456179.676048,,1,0.0
assignment4_normal_20261008_194213,1791456179.519708,camera_color_optical_frame,1096,640,480,0,,,0.0000,0.0000,0.00000,2,0,,,,,16.83,0.00,1791456179.711388,,1,0.0
assignment4_normal_20261008_194213,1791456179.553062,camera_color_optical_frame,1097,640,480,0,,,0.0000,0.0000,0.00000,2,0,,,,,11.67,0.00,1791456179.737679,,1,0.0
assignment4_normal_20261008_194213,1791456179.586416,camera_color_optical_frame,1098,640,480,0,,,0.0000,0.0000,0.00000,2,0,,,,,13.39,0.00,1791456179.778926,,1,0.0
assignment4_normal_20261008_194213,1791456179.619771,camera_color_optical_frame,1099,640,480,0,,,0.0000,0.0000,0.00000,2,0,,,,,11.44,0.00,1791456179.815422,,1,0.0
assignment4_normal_20261008_194213,1791456179.653119,camera_color_optical_frame,1100,640,480,0,,,0.0000,0.0000,0.00000,2,0,,,,,13.98,0.00,1791456179.856462,,1,0.0
assignment4_normal_20261008_194213,1791456179.686475,camera_color_optical_frame,1101,640,480,0,,,0.0000,0.0000,0.00000,2,0,,,,,12.69,0.00,1791456179.898389,,1,0.0
assignment4_normal_20261008_194213,1791456179.719832,camera_color_optical_frame,1102,640,480,0,,,0.0000,0.0000,0.00000,2,0,,,,,14.69,0.00,1791456179.933789,,1,0.0
assignment4_normal_20261008_194213,1791456179.753188,camera_color_optical_frame,1103,640,480,0,,,0.0000,0.0000,0.00000,2,0,,,,,10.88,0.00,1791456179.976578,,1,0.0
assignment4_normal_20261008_194213,1791456179.819900,camera_color_optical_frame,1104,640,480,1,279.0,264.5,-0.1280,0.1022,0.02030,2,1,0.994,0.2790,-0.0209,0.0089,17.02,0.00,1791456180.025003,12,1,0.0
assignment4_normal_20261008_194213,1791456179.853256,camera_color_optical_frame,1105,640,480,1,305.9,265.8,-0.0439,0.1076,0.01810,2,1,1.000,0.2890,-0.0088,0.0099,14.89,0.00,1791456180.061037,12,1,0.0
assignment4_normal_20261008_194213,1791456179.886612,camera_color_optical_frame,1106,640,480,1,329.1,266.4,0.0284,0.1099,0.01609,2,1,0.999,0.2980,0.0023,0.0105,14.05,0.00,1791456180.098223,12,1,0.0
assignment4_normal_20261008_194213,1791456179.919969,camera_color_optical_frame,1107,640,480,1,350.5,269.8,0.0952,0.1240,0.01565,2,1,0.999,0.3080,0.0133,0.0125,20.76,0.00,1791456180.142257,12,1,0.0
assignment4_normal_20261008_194213,1791456179.953325,camera_color_optical_frame,1108,640,480,1,366.7,276.5,0.1460,0.1522,0.01541,2,1,0.996,0.3180,0.0222,0.0165,13.37,0.00,1791456180.173142,12,1,0.0
assignment4_normal_20261008_194213,1791456180.020037,camera_color_optical_frame,1109,640,480,1,376.9,290.5,0.1778,0.2105,0.01487,2,1,0.998,0.3430,0.0297,0.0257,14.81,0.00,1791456180.209962,12,1,0.0
assignment4_normal_20261008_194213,1791456180.053393,camera_color_optical_frame,1110,640,480,1,370.8,295.9,0.1588,0.2329,0.01470,2,1,0.998,0.3520,0.0270,0.0295,14.69,0.00,1791456180.251054,12,1,0.0
assignment4_normal_20261008_194213,1791456180.086749,camera_color_optical_frame,1111,640,480,1,356.8,298.3,0.1151,0.2429,0.01314,2,1,0.998,0.3610,0.0193,0.0317,17.92,0.00,1791456180.297405,12,1,2.8
assignment4_normal_20261008_194213,1791456180.120105,camera_color_optical_frame,1112,640,480,1,335.4,297.9,0.0480,0.2411,0.01271,2,1,0.949,0.3670,0.0067,0.0319,17.17,0.00,1791456180.336964,12,1,6.9
assignment4_normal_20261008_194213,1791456180.153461,camera_color_optical_frame,1113,640,480,1,317.2,296.7,-0.0086,0.2363,0.01268,2,1,0.941,0.3810,-0.0045,0.0324,21.91,0.00,1791456180.378624,12,1,9.6
assignment4_normal_20261008_194213,1791456180.220173,camera_color_optical_frame,1114,640,480,1,282.8,299.4,-0.1161,0.2473,0.01149,2,1,0.975,0.4150,-0.0284,0.0371,16.72,0.00,1791456180.417403,12,1,11.0
assignment4_normal_20261008_194213,1791456180.253530,camera_color_optical_frame,1115,640,480,1,263.3,297.6,-0.1771,0.2400,0.01105,2,1,0.990,0.4320,-0.0435,0.0374,13.45,0.00,1791456180.455166,12,1,12.4
assignment4_normal_20261008_194213,1791456180.286885,camera_color_optical_frame,1116,640,480,1,243.4,294.0,-0.2393,0.2251,0.01086,2,1,0.980,0.4430,-0.0592,0.0358,18.35,0.00,1791456180.495931,12,1,13.7
assignment4_normal_20261008_194213,1791456180.320241,camera_color_optical_frame,1117,640,480,1,223.4,289.6,-0.3020,0.2067,0.01106,2,1,0.990,0.4510,-0.0752,0.0331,12.36,0.00,1791456180.534980,12,1,13.7
assignment4_normal_20261008_194213,1791456180.353598,camera_color_optical_frame,1118,640,480,1,202.4,282.1,-0.3675,0.1755,0.01110,2,1,0.986,0.4500,-0.0906,0.0275,15.52,0.00,1791456180.570130,12,2,13.7
assignment4_normal_20261008_194213,1791456180.420310,camera_color_optical_frame,1119,640,480,1,157.5,262.2,-0.5078,0.0926,0.01069,2,1,0.956,0.4400,-0.1212,0.0124,14.94,0.00,1791456180.608322,12,1,13.7
assignment4_normal_20261008_194213,1791456180.453666,camera_color_optical_frame,1120,640,480,1,139.2,254.4,-0.5651,0.0598,0.01131,2,1,0.992,0.4340,-0.1327,0.0066,11.64,0.00,1791456180.653037,12,1,12.4
assignment4_normal_20261008_194213,1791456180.487022,camera_color_optical_frame,1121,640,480,1,121.1,246.5,-0.6214,0.0271,0.01140,2,1,1.000,0.4260,-0.1429,0.0010,12.75,0.00,1791456180.694319,12,1,12.4
assignment4_normal_20261008_194213,1791456180.520378,camera_color_optical_frame,1122,640,480,1,106.5,238.9,-0.6673,-0.0044,0.01173,2,1,1.000,0.4200,-0.1510,-0.0043,12.85,0.00,1791456180.735408,12,1,16.5
assignment4_normal_20261008_194213,1791456180.553734,camera_color_optical_frame,1123,640,480,1,99.8,232.2,-0.6881,-0.0323,0.01190,2,1,0.997,0.4170,-0.1546,-0.0089,19.46,0.00,1791456180.777419,12,1,22.0
assignment4_normal_20261008_194213,1791456180.620446,camera_color_optical_frame,1124,640,480,1,108.3,218.0,-0.6617,-0.0916,0.01192,2,1,1.000,0.4180,-0.1491,-0.0187,13.37,0.00,1791456180.812884,12,1,27.5
assignment4_normal_20261008_194213,1791456180.653807,camera_color_optical_frame,1125,640,480,1,117.4,212.4,-0.6331,-0.1150,0.01185,2,1,1.000,0.4210,-0.1438,-0.0228,12.58,0.00,1791456180.853577,12,1,31.6
assignment4_normal_20261008_194213,1791456180.687161,camera_color_optical_frame,1126,640,480,1,127.5,207.6,-0.6014,-0.1352,0.01168,2,1,1.000,0.4250,-0.1381,-0.0264,13.90,0.00,1791456180.890556,12,1,34.4
assignment4_normal_20261008_194213,1791456180.720516,camera_color_optical_frame,1127,640,480,1,135.6,204.0,-0.5761,-0.1500,0.01154,2,1,1.000,0.4260,-0.1327,-0.0289,13.86,0.00,1791456180.928674,12,1,35.7
assignment4_normal_20261008_194213,1791456180.753870,camera_color_optical_frame,1128,640,480,1,141.6,203.0,-0.5574,-0.1542,0.01155,2,1,1.000,0.4280,-0.1291,-0.0298,16.06,0.00,1791456180.967596,12,1,37.1
assignment4_normal_20261008_194213,1791456180.820578,camera_color_optical_frame,1129,640,480,1,150.5,201.3,-0.5297,-0.1611,0.01145,2,1,1.000,0.4250,-0.1220,-0.0307,22.56,0.00,1791456181.014655,12,1,37.1
assignment4_normal_20261008_194213,1791456180.853932,camera_color_optical_frame,1130,640,480,1,153.6,200.4,-0.5199,-0.1650,0.01138,2,1,1.000,0.4240,-0.1195,-0.0313,14.07,0.00,1791456181.049970,12,2,35.7
assignment4_normal_20261008_194213,1791456180.887286,camera_color_optical_frame,1131,640,480,1,157.6,198.1,-0.5075,-0.1747,0.01142,2,1,1.000,0.4230,-0.1164,-0.0329,14.90,0.00,1791456181.093019,12,2,35.7
assignment4_normal_20261008_194213,1791456180.920640,camera_color_optical_frame,1132,640,480,1,161.9,195.0,-0.4942,-0.1876,0.01130,1,1,1.000,0.4240,-0.1137,-0.0351,13.24,0.00,1791456181.127301,12,2,34.4
assignment4_normal_20261008_194213,1791456180.953994,camera_color_optical_frame,1133,640,480,1,166.1,190.8,-0.4810,-0.2051,0.01123,1,1,1.000,0.4230,-0.1105,-0.0380,12.34,0.00,1791456181.165182,12,1,31.6
assignment4_normal_20261008_194213,1791456180.987348,camera_color_optical_frame,1134,640,480,1,168.6,186.1,-0.4733,-0.2244,0.01128,1,1,1.000,0.4220,-0.1085,-0.0411,17.93,0.00,1791456181.211315,12,2,30.2
assignment4_normal_20261008_194213,1791456181.054056,camera_color_optical_frame,1135,640,480,1,172.9,183.7,-0.4597,-0.2344,0.01133,1,1,0.996,0.4190,-0.1048,-0.0425,13.79,0.00,1791456181.245606,12,2,30.2
assignment4_normal_20261008_194213,1791456181.087409,camera_color_optical_frame,1136,640,480,1,176.7,180.5,-0.4479,-0.2478,0.01129,1,1,1.000,0.4190,-0.1021,-0.0447,11.87,0.00,1791456181.283510,12,1,27.5
assignment4_normal_20261008_194213,1791456181.120763,camera_color_optical_frame,1137,640,480,1,179.5,176.3,-0.4392,-0.2655,0.01132,2,1,1.000,0.4170,-0.0997,-0.0474,14.24,0.00,1791456181.323411,12,1,27.5
assignment4_normal_20261008_194213,1791456181.154117,camera_color_optical_frame,1138,640,480,1,183.3,171.7,-0.4271,-0.2847,0.01138,2,1,0.995,0.4150,-0.0966,-0.0503,13.70,0.00,1791456181.365643,12,0,28.8
assignment4_normal_20261008_194213,1791456181.187470,camera_color_optical_frame,1139,640,480,1,186.8,167.8,-0.4161,-0.3008,0.01141,1,1,0.992,0.4140,-0.0940,-0.0529,13.35,0.00,1791456181.403474,12,0,28.8
assignment4_normal_20261008_194213,1791456181.220824,camera_color_optical_frame,1140,640,480,1,188.5,164.1,-0.4109,-0.3164,0.01155,1,1,0.994,0.4130,-0.0926,-0.0553,10.90,0.00,1791456181.444290,12,0,27.5
assignment4_normal_20261008_194213,1791456181.287531,camera_color_optical_frame,1141,640,480,1,191.2,159.4,-0.4026,-0.3359,0.01152,1,1,0.977,0.4120,-0.0906,-0.0583,14.14,0.00,1791456181.482468,12,0,26.1
assignment4_normal_20261008_194213,1791456181.320885,camera_color_optical_frame,1142,640,480,1,188.8,156.4,-0.4099,-0.3481,0.01145,1,1,0.997,0.4130,-0.0924,-0.0605,10.97,0.00,1791456181.524494,12,0,24.7
assignment4_normal_20261008_194213,1791456181.354238,camera_color_optical_frame,1143,640,480,1,184.8,154.9,-0.4224,-0.3544,0.01140,1,1,1.000,0.4120,-0.0949,-0.0614,11.74,0.00,1791456181.563920,12,0,24.7
assignment4_normal_20261008_194213,1791456181.387592,camera_color_optical_frame,1144,640,480,1,180.4,152.9,-0.4363,-0.3629,0.01132,1,1,0.995,0.4120,-0.0979,-0.0627,12.22,0.00,1791456181.601234,12,0,24.7
assignment4_normal_20261008_194213,1791456181.420945,camera_color_optical_frame,1145,640,480,1,174.8,151.8,-0.4538,-0.3676,0.01154,1,1,0.996,0.4120,-0.1017,-0.0635,13.97,0.00,1791456181.638023,12,0,23.4
assignment4_normal_20261008_194213,1791456181.487651,camera_color_optical_frame,1146,640,480,1,160.1,154.0,-0.4998,-0.3583,0.01158,1,1,0.997,0.4130,-0.1120,-0.0621,12.56,0.00,1791456181.678398,12,0,23.4
assignment4_normal_20261008_194213,1791456181.521004,camera_color_optical_frame,1147,640,480,1,153.7,154.9,-0.5195,-0.3545,0.01141,1,1,1.000,0.4150,-0.1169,-0.0618,11.65,0.00,1791456181.721895,12,0,24.7
assignment4_normal_20261008_194213,1791456181.554358,camera_color_optical_frame,1148,640,480,1,146.9,155.2,-0.5410,-0.3533,0.01133,1,1,0.973,0.4170,-0.1222,-0.0619,12.25,0.00,1791456181.761620,12,0,24.7
assignment4_normal_20261008_194213,1791456181.587711,camera_color_optical_frame,1149,640,480,1,142.5,155.2,-0.5545,-0.3535,0.01139,1,1,0.991,0.4190,-0.1257,-0.0622,11.53,0.00,1791456181.797749,12,0,24.7
assignment4_normal_20261008_194213,1791456181.621063,camera_color_optical_frame,1150,640,480,1,140.7,153.1,-0.5604,-0.3619,0.01118,1,1,0.996,0.4220,-0.1279,-0.0641,13.44,0.00,1791456181.838036,12,0,26.1
assignment4_normal_20261008_194213,1791456181.687769,camera_color_optical_frame,1151,640,480,1,142.3,147.8,-0.5554,-0.3842,0.01054,1,1,0.998,0.4290,-0.1289,-0.0690,12.21,0.00,1791456181.873527,12,0,27.5
assignment4_normal_20261008_194213,1791456181.721121,camera_color_optical_frame,1152,640,480,1,146.9,144.0,-0.5408,-0.4001,0.01025,1,1,0.990,0.4310,-0.1262,-0.0720,14.58,0.00,1791456181.915239,12,0,28.8
assignment4_normal_20261008_194213,1791456181.754474,camera_color_optical_frame,1153,640,480,1,153.1,139.4,-0.5216,-0.4192,0.00991,1,1,0.991,0.4340,-0.1227,-0.0758,12.17,0.00,1791456181.946955,12,0,30.2
assignment4_normal_20261008_194213,1791456181.787826,camera_color_optical_frame,1154,640,480,1,162.5,135.1,-0.4923,-0.4370,0.00975,1,1,0.992,0.4380,-0.1171,-0.0796,13.93,0.00,1791456181.991765,12,0,31.6
assignment4_normal_20261008_194213,1791456181.821178,camera_color_optical_frame,1155,640,480,1,174.1,132.0,-0.4560,-0.4502,0.00953,1,1,0.986,0.4390,-0.1089,-0.0820,13.78,0.00,1791456182.032091,12,0,31.6
assignment4_normal_20261008_194213,1791456181.854530,camera_color_optical_frame,1156,640,480,1,188.2,128.2,-0.4119,-0.4660,0.00846,1,1,0.989,0.4420,-0.0994,-0.0854,12.97,0.00,1791456182.065390,12,0,31.6
assignment4_normal_20261008_194213,1791456181.887882,camera_color_optical_frame,1157,640,480,1,203.7,122.7,-0.3635,-0.4886,0.00835,1,1,0.999,0.4440,-0.0884,-0.0897,12.49,0.00,1791456182.098181,12,0,30.2
assignment4_normal_20261008_194213,1791456181.954586,camera_color_optical_frame,1158,640,480,1,240.9,117.0,-0.2471,-0.5123,0.00712,1,1,0.957,0.4450,-0.0613,-0.0941,13.37,0.00,1791456182.135456,12,0,30.2
assignment4_normal_20261008_194213,1791456181.987938,camera_color_optical_frame,1159,640,480,1,261.5,111.5,-0.1827,-0.5355,0.00728,1,1,0.897,0.4430,-0.0459,-0.0978,10.79,0.00,1791456182.174216,12,0,28.8
assignment4_normal_20261008_194213,1791456182.021290,camera_color_optical_frame,1160,640,480,1,282.2,105.4,-0.1182,-0.5607,0.00757,1,1,0.978,0.4410,-0.0307,-0.1017,10.72,0.00,1791456182.210640,12,0,27.5
assignment4_normal_20261008_194213,1791456182.054642,camera_color_optical_frame,1161,640,480,1,302.3,101.1,-0.0553,-0.5787,0.00763,1,1,0.993,0.4380,-0.0159,-0.1042,11.23,0.00,1791456182.249323,12,0,24.7
assignment4_normal_20261008_194213,1791456182.087994,camera_color_optical_frame,1162,640,480,1,322.5,96.6,0.0078,-0.5975,0.00748,1,1,0.994,0.4350,-0.0013,-0.1067,11.06,0.00,1791456182.286147,12,0,26.1
assignment4_normal_20261008_194213,1791456182.121345,camera_color_optical_frame,1163,640,480,1,342.7,93.9,0.0710,-0.6087,0.00772,1,1,1.000,0.4320,0.0131,-0.1079,12.76,0.00,1791456182.325041,12,0,28.8
assignment4_normal_20261008_194213,1791456182.154697,camera_color_optical_frame,1164,640,480,1,364.1,91.9,0.1377,-0.6171,0.00757,1,1,1.000,0.4270,0.0280,-0.1080,12.69,0.00,1791456182.366791,12,0,28.8
assignment4_normal_20261008_194213,1791456182.221400,camera_color_optical_frame,1165,640,480,1,407.0,97.9,0.2720,-0.5922,0.00829,1,1,1.000,0.4180,0.0570,-0.1016,12.37,0.00,1791456182.405270,12,0,30.2
assignment4_normal_20261008_194213,1791456182.254751,camera_color_optical_frame,1166,640,480,1,427.7,104.8,0.3365,-0.5634,0.00954,1,1,0.998,0.4120,0.0703,-0.0955,12.44,0.00,1791456182.442972,12,0,31.6
assignment4_normal_20261008_194213,1791456182.288103,camera_color_optical_frame,1167,640,480,1,445.6,110.2,0.3926,-0.5407,0.01044,1,1,0.998,0.4090,0.0819,-0.0911,11.45,0.00,1791456182.485034,12,0,33.0
assignment4_normal_20261008_194213,1791456182.321454,camera_color_optical_frame,1168,640,480,1,461.4,117.7,0.4420,-0.5095,0.01008,1,1,1.000,0.4040,0.0914,-0.0850,12.83,0.00,1791456182.514369,12,0,33.0
assignment4_normal_20261008_194213,1791456182.354805,camera_color_optical_frame,1169,640,480,1,479.1,125.3,0.4971,-0.4780,0.01035,1,1,1.000,0.4000,0.1021,-0.0792,12.84,0.00,1791456182.558065,12,0,33.0
assignment4_normal_20261008_194213,1791456182.388156,camera_color_optical_frame,1170,640,480,1,493.6,135.7,0.5424,-0.4344,0.00967,1,1,0.997,0.3960,0.1106,-0.0715,14.73,0.00,1791456182.597219,12,0,33.0
assignment4_normal_20261008_194213,1791456182.421507,camera_color_optical_frame,1171,640,480,1,511.3,144.9,0.5977,-0.3963,0.01118,1,1,0.989,0.3930,0.1212,-0.0650,13.10,0.00,1791456182.634660,12,0,31.6
assignment4_normal_20261008_194213,1791456182.488209,camera_color_optical_frame,1172,640,480,1,538.3,169.5,0.6823,-0.2938,0.01210,1,1,0.997,0.3880,0.1370,-0.0485,11.96,0.00,1791456182.677798,12,0,28.8
assignment4_normal_20261008_194213,1791456182.521560,camera_color_optical_frame,1173,640,480,1,549.3,183.7,0.7165,-0.2348,0.01223,1,1,0.997,0.3860,0.1433,-0.0392,11.77,0.00,1791456182.717547,12,0,27.5
assignment4_normal_20261008_194213,1791456182.554911,camera_color_optical_frame,1174,640,480,1,557.2,198.5,0.7414,-0.1727,0.01156,1,1,1.000,0.3850,0.1480,-0.0296,14.59,0.00,1791456182.758433,12,0,28.8
assignment4_normal_20261008_194213,1791456182.588261,camera_color_optical_frame,1175,640,480,1,564.9,211.9,0.7652,-0.1173,0.00914,1,1,1.000,0.3850,0.1528,-0.0212,13.53,0.00,1791456182.800965,12,0,31.6
assignment4_normal_20261008_194213,1791456182.621611,camera_color_optical_frame,1176,640,480,1,575.4,216.3,0.7982,-0.0989,0.00636,1,1,1.000,0.3845,0.1593,-0.0183,10.28,0.00,1791456182.837261,12,0,34.4
assignment4_normal_20261008_194213,1791456182.688323,camera_color_optical_frame,1177,640,480,1,582.6,252.8,0.8205,0.0533,0.00832,1,1,0.692,0.3840,0.1637,0.0048,14.62,0.00,1791456182.881096,12,0,38.5
assignment4_normal_20261008_194213,1791456182.721679,camera_color_optical_frame,1178,640,480,1,587.2,276.1,0.8349,0.1503,0.01331,1,1,0.568,0.3820,0.1657,0.0195,12.91,0.00,1791456182.915193,12,0,39.9
assignment4_normal_20261008_194213,1791456182.755034,camera_color_optical_frame,1179,640,480,1,587.8,291.6,0.8368,0.2151,0.01389,1,1,0.997,0.3770,0.1639,0.0289,12.05,0.00,1791456182.953454,12,0,42.6
assignment4_normal_20261008_194213,1791456182.788390,camera_color_optical_frame,1180,640,480,1,586.7,306.6,0.8335,0.2777,0.01381,1,1,0.998,0.3770,0.1633,0.0383,11.78,0.00,1791456182.995939,12,0,44.0
assignment4_normal_20261008_194213,1791456182.821746,camera_color_optical_frame,1181,640,480,1,582.1,320.6,0.8191,0.3360,0.01322,1,1,0.966,0.3770,0.1604,0.0470,11.90,0.00,1791456183.037781,12,0,44.0
assignment4_normal_20261008_194213,1791456182.855102,camera_color_optical_frame,1182,640,480,1,577.5,337.2,0.8048,0.4049,0.01398,1,1,0.956,0.3770,0.1575,0.0573,10.92,0.00,1791456183.074376,12,0,45.3
assignment4_normal_20261008_194213,1791456182.921813,camera_color_optical_frame,1183,640,480,1,561.1,370.1,0.7535,0.5423,0.01445,1,1,0.981,0.3770,0.1473,0.0778,12.65,0.00,1791456183.110718,12,0,46.7
assignment4_normal_20261008_194213,1791456182.955168,camera_color_optical_frame,1184,640,480,1,550.0,384.8,0.7187,0.6033,0.01454,1,1,0.987,0.3750,0.1396,0.0865,12.15,0.00,1791456183.154112,12,0,46.7
assignment4_normal_20261008_194213,1791456182.988524,camera_color_optical_frame,1185,640,480,1,539.3,397.1,0.6853,0.6547,0.01498,1,1,0.958,0.3750,0.1330,0.0941,14.13,0.00,1791456183.192195,12,0,46.7
assignment4_normal_20261008_194213,1791456183.021879,camera_color_optical_frame,1186,640,480,1,526.3,406.1,0.6446,0.6922,0.01467,1,1,0.914,0.3760,0.1253,0.0999,12.55,0.00,1791456183.225394,12,0,46.7
assignment4_normal_20261008_194213,1791456183.055235,camera_color_optical_frame,1187,640,480,1,512.0,413.2,0.5999,0.7215,0.01420,1,1,0.943,0.3760,0.1164,0.1043,14.68,0.00,1791456183.265630,12,0,45.3
assignment4_normal_20261008_194213,1791456183.121946,camera_color_optical_frame,1188,640,480,1,479.6,421.2,0.4988,0.7551,0.01326,1,1,0.938,0.3790,0.0971,0.1102,16.12,0.00,1791456183.302443,12,0,45.3
assignment4_normal_20261008_194213,1791456183.155302,camera_color_optical_frame,1189,640,480,1,462.0,424.5,0.4436,0.7686,0.01275,1,1,0.899,0.3780,0.0858,0.1119,14.90,0.00,1791456183.337307,12,0,44.0
assignment4_normal_20261008_194213,1791456183.188657,camera_color_optical_frame,1190,640,480,1,445.1,423.4,0.3910,0.7641,0.01183,1,1,0.904,0.3790,0.0755,0.1115,16.99,0.00,1791456183.375480,12,0,41.2
assignment4_normal_20261008_194213,1791456183.222012,camera_color_optical_frame,1191,640,480,1,427.4,422.7,0.3358,0.7612,0.01181,1,1,0.926,0.3780,0.0643,0.1108,14.88,0.00,1791456183.407777,12,0,39.9
assignment4_normal_20261008_194213,1791456183.255368,camera_color_optical_frame,1192,640,480,1,410.6,422.8,0.2832,0.7616,0.01191,1,1,0.905,0.3780,0.0538,0.1109,13.61,0.00,1791456183.447389,12,0,37.1
assignment4_normal_20261008_194213,1791456183.288723,camera_color_optical_frame,1193,640,480,1,393.6,421.2,0.2299,0.7549,0.01221,1,1,0.938,0.3770,0.0431,0.1096,11.88,0.00,1791456183.480653,12,0,37.1
assignment4_normal_20261008_194213,1791456183.322078,camera_color_optical_frame,1194,640,480,1,377.3,417.9,0.1789,0.7412,0.01227,1,1,0.936,0.3760,0.0328,0.1072,13.10,0.00,1791456183.515079,12,0,38.5
assignment4_normal_20261008_194213,1791456183.355434,camera_color_optical_frame,1195,640,480,1,362.7,414.3,0.1336,0.7262,0.01255,1,1,0.913,0.3750,0.0238,0.1047,12.73,0.00,1791456183.550734,12,0,41.2
assignment4_normal_20261008_194213,1791456183.388789,camera_color_optical_frame,1196,640,480,1,348.8,410.2,0.0900,0.7093,0.01277,1,1,0.948,0.3760,0.0152,0.1025,14.52,0.00,1791456183.587073,12,0,41.2
assignment4_normal_20261008_194213,1791456183.422144,camera_color_optical_frame,1197,640,480,1,335.3,404.5,0.0477,0.6853,0.01307,1,1,0.958,0.3760,0.0068,0.0989,12.38,0.00,1791456183.619010,12,0,42.6
assignment4_normal_20261008_194213,1791456183.455499,camera_color_optical_frame,1198,640,480,1,322.8,396.5,0.0089,0.6522,0.01323,1,1,0.968,0.3750,-0.0009,0.0937,15.13,0.00,1791456183.653390,12,0,42.6
assignment4_normal_20261008_194213,1791456183.555565,camera_color_optical_frame,1199,640,480,1,291.0,371.4,-0.0906,0.5474,0.01362,3,0,,,,,9.35,100.07,1791456183.679656,12,0,41.2
assignment4_normal_20261008_194213,1791456183.622275,camera_color_optical_frame,1200,640,480,1,272.3,353.5,-0.1492,0.4728,0.01369,3,0,,,,,15.58,166.78,1791456183.702204,12,0,41.2
assignment4_normal_20261008_194213,1791456183.655630,camera_color_optical_frame,1201,640,480,1,262.7,345.1,-0.1791,0.4380,0.01371,2,1,0.983,0.3730,-0.0380,0.0616,23.38,0.00,1791456183.758780,12,1,39.9
assignment4_normal_20261008_194213,1791456183.688985,camera_color_optical_frame,1202,640,480,1,253.2,336.3,-0.2089,0.4013,0.01366,2,1,0.992,0.3720,-0.0437,0.0560,23.26,0.00,1791456183.801123,12,1,39.9
assignment4_normal_20261008_194213,1791456183.722340,camera_color_optical_frame,1203,640,480,1,243.2,327.0,-0.2401,0.3625,0.01378,2,1,0.982,0.3700,-0.0496,0.0500,21.81,0.00,1791456183.835162,12,1,39.9
assignment4_normal_20261008_194213,1791456183.755695,camera_color_optical_frame,1204,640,480,1,234.0,318.4,-0.2686,0.3268,0.01422,3,1,0.999,0.3690,-0.0550,0.0447,27.46,0.00,1791456183.875611,12,1,38.5
assignment4_normal_20261008_194213,1791456183.789051,camera_color_optical_frame,1205,640,480,1,226.6,313.3,-0.2918,0.3056,0.01460,2,1,1.000,0.3670,-0.0592,0.0413,17.95,0.00,1791456183.903832,12,1,37.1
assignment4_normal_20261008_194213,1791456183.822406,camera_color_optical_frame,1206,640,480,1,220.3,309.4,-0.3117,0.2892,0.01513,3,1,1.000,0.3660,-0.0629,0.0388,17.06,0.00,1791456183.939127,12,1,33.0
assignment4_normal_20261008_194213,1791456183.855761,camera_color_optical_frame,1207,640,480,1,213.2,305.8,-0.3338,0.2740,0.01448,3,1,0.999,0.3650,-0.0670,0.0365,17.44,0.00,1791456183.975600,12,1,23.4
assignment4_normal_20261008_194213,1791456183.889116,camera_color_optical_frame,1208,640,480,1,207.2,301.1,-0.3524,0.2545,0.01468,1,1,0.998,0.3640,-0.0704,0.0336,14.79,0.00,1791456184.022445,12,1,20.6
assignment4_normal_20261008_194213,1791456183.955827,camera_color_optical_frame,1209,640,480,1,195.0,290.2,-0.3905,0.2092,0.01505,2,0,,,,,12.86,33.36,1791456184.066258,12,0,19.2
assignment4_normal_20261008_194213,1791456183.989182,camera_color_optical_frame,1210,640,480,1,189.1,286.2,-0.4091,0.1925,0.01502,1,1,0.999,0.3630,-0.0811,0.0246,16.44,0.00,1791456184.107750,12,1,17.9
assignment4_normal_20261008_194213,1791456184.022537,camera_color_optical_frame,1211,640,480,1,185.0,283.5,-0.4220,0.1813,0.01505,1,1,1.000,0.3630,-0.0835,0.0230,15.10,0.00,1791456184.143593,12,1,17.9
assignment4_normal_20261008_194213,1791456184.055892,camera_color_optical_frame,1212,640,480,1,181.7,280.4,-0.4321,0.1684,0.01493,1,1,1.000,0.3630,-0.0855,0.0211,17.11,0.00,1791456184.183283,12,1,19.2
assignment4_normal_20261008_194213,1791456184.089247,camera_color_optical_frame,1213,640,480,1,177.3,276.3,-0.4460,0.1512,0.01499,1,1,1.000,0.3630,-0.0881,0.0187,16.91,0.00,1791456184.217515,12,1,19.2
assignment4_normal_20261008_194213,1791456184.122603,camera_color_optical_frame,1214,640,480,1,172.8,273.0,-0.4601,0.1375,0.01496,1,1,1.000,0.3630,-0.0908,0.0167,17.53,0.00,1791456184.252867,12,1,19.2
assignment4_normal_20261008_194213,1791456184.155958,camera_color_optical_frame,1215,640,480,1,168.3,268.9,-0.4742,0.1202,0.01484,1,1,0.999,0.3630,-0.0935,0.0142,16.91,0.00,1791456184.287947,12,1,20.6
assignment4_normal_20261008_194213,1791456184.189313,camera_color_optical_frame,1216,640,480,1,162.2,263.5,-0.4931,0.0981,0.01478,1,1,0.998,0.3630,-0.0972,0.0110,16.56,0.00,1791456184.323457,12,1,20.6
assignment4_normal_20261008_194213,1791456184.222668,camera_color_optical_frame,1217,640,480,1,158.0,255.1,-0.5063,0.0629,0.01465,1,1,1.000,0.3630,-0.0997,0.0060,15.99,0.00,1791456184.356789,12,1,20.6
assignment4_normal_20261008_194213,1791456184.256023,camera_color_optical_frame,1218,640,480,1,155.3,243.7,-0.5147,0.0152,0.01447,1,1,1.000,0.3650,-0.1019,-0.0009,15.85,0.00,1791456184.389979,12,1,22.0
assignment4_normal_20261008_194213,1791456184.289378,camera_color_optical_frame,1219,640,480,1,153.4,235.2,-0.5207,-0.0201,0.01509,3,1,0.994,0.3650,-0.1030,-0.0060,20.54,0.00,1791456184.430160,12,0,22.0
assignment4_normal_20261008_194213,1791456184.322734,camera_color_optical_frame,1220,640,480,1,152.1,232.6,-0.5246,-0.0307,0.01496,2,1,0.998,0.3670,-0.1043,-0.0076,22.02,0.00,1791456184.468863,12,0,22.0
assignment4_normal_20261008_194213,1791456184.356089,camera_color_optical_frame,1221,640,480,1,151.0,227.1,-0.5280,-0.0537,0.01461,1,1,0.992,0.3680,-0.1053,-0.0109,15.90,0.00,1791456184.499103,12,0,23.4
assignment4_normal_20261008_194213,1791456184.389444,camera_color_optical_frame,1222,640,480,1,150.3,221.1,-0.5302,-0.0786,0.01460,1,1,0.995,0.3700,-0.1063,-0.0147,11.26,0.00,1791456184.523956,12,0,24.7
assignment4_normal_20261008_194213,1791456184.422799,camera_color_optical_frame,1223,640,480,1,150.8,215.2,-0.5287,-0.1035,0.01425,1,1,0.994,0.3720,-0.1066,-0.0184,13.30,0.00,1791456184.569887,12,0,26.1
assignment4_normal_20261008_194213,1791456184.456155,camera_color_optical_frame,1224,640,480,1,152.7,207.0,-0.5228,-0.1375,0.01408,1,1,1.000,0.3740,-0.1060,-0.0236,16.76,0.00,1791456184.613495,12,0,27.5
assignment4_normal_20261008_194213,1791456184.489510,camera_color_optical_frame,1225,640,480,1,154.0,198.7,-0.5188,-0.1723,0.01377,1,1,0.999,0.3770,-0.1060,-0.0289,14.13,0.00,1791456184.642336,12,0,27.5
assignment4_normal_20261008_194213,1791456184.522865,camera_color_optical_frame,1226,640,480,1,155.6,191.3,-0.5139,-0.2029,0.01353,1,1,0.998,0.3790,-0.1056,-0.0337,12.11,0.00,1791456184.677167,12,0,27.5
assignment4_normal_20261008_194213,1791456184.556220,camera_color_optical_frame,1227,640,480,1,156.9,185.7,-0.5096,-0.2264,0.01359,1,1,0.998,0.3820,-0.1056,-0.0375,10.07,0.00,1791456184.712240,12,0,31.6
assignment4_normal_20261008_194213,1791456184.589575,camera_color_optical_frame,1228,640,480,1,160.7,181.8,-0.4980,-0.2427,0.01338,1,1,0.986,0.3850,-0.1040,-0.0403,13.69,0.00,1791456184.756299,12,0,31.6
assignment4_normal_20261008_194213,1791456184.622930,camera_color_optical_frame,1229,640,480,1,166.6,176.7,-0.4793,-0.2638,0.01299,1,1,0.983,0.3880,-0.1010,-0.0439,13.25,0.00,1791456184.788540,12,0,30.2
assignment4_normal_20261008_194213,1791456184.656285,camera_color_optical_frame,1230,640,480,1,173.0,169.6,-0.4593,-0.2935,0.01251,1,1,0.998,0.3910,-0.0977,-0.0488,12.38,0.00,1791456184.837355,12,0,30.2
assignment4_normal_20261008_194213,1791456184.689640,camera_color_optical_frame,1231,640,480,1,178.3,163.0,-0.4429,-0.3209,0.01243,1,1,0.993,0.3950,-0.0953,-0.0536,11.56,0.00,1791456184.877068,12,0,30.2
assignment4_normal_20261008_194213,1791456184.722995,camera_color_optical_frame,1232,640,480,1,184.2,156.8,-0.4244,-0.3465,0.01224,1,1,0.981,0.3990,-0.0923,-0.0582,10.04,0.00,1791456184.915574,12,0,28.8
assignment4_normal_20261008_194213,1791456184.756349,camera_color_optical_frame,1233,640,480,1,191.5,151.2,-0.4015,-0.3701,0.01198,1,1,0.994,0.4010,-0.0879,-0.0622,13.10,0.00,1791456184.954396,12,0,28.8
assignment4_normal_20261008_194213,1791456184.789704,camera_color_optical_frame,1234,640,480,1,201.1,146.3,-0.3717,-0.3905,0.01179,1,1,0.990,0.4030,-0.0820,-0.0658,11.20,0.00,1791456184.995698,12,0,27.5
assignment4_normal_20261008_194213,1791456184.823059,camera_color_optical_frame,1235,640,480,1,213.3,140.0,-0.3333,-0.4166,0.01125,1,1,0.997,0.4060,-0.0744,-0.0705,11.24,0.00,1791456185.036173,12,0,26.1
assignment4_normal_20261008_194213,1791456184.856414,camera_color_optical_frame,1236,640,480,1,226.6,131.4,-0.2919,-0.4524,0.01076,1,1,0.988,0.4080,-0.0658,-0.0766,13.24,0.00,1791456185.076554,12,0,24.7
assignment4_normal_20261008_194213,1791456184.923123,camera_color_optical_frame,1237,640,480,1,253.7,119.2,-0.2073,-0.5032,0.01069,1,1,0.996,0.4090,-0.0477,-0.0850,17.38,0.00,1791456185.114508,12,0,23.4
assignment4_normal_20261008_194213,1791456184.956477,camera_color_optical_frame,1238,640,480,1,267.9,115.8,-0.1629,-0.5177,0.01053,1,1,0.984,0.4080,-0.0380,-0.0872,14.76,0.00,1791456185.161292,12,0,22.0
assignment4_normal_20261008_194213,1791456184.989832,camera_color_optical_frame,1239,640,480,1,281.8,111.3,-0.1194,-0.5364,0.01078,1,1,0.986,0.4060,-0.0285,-0.0897,11.82,0.00,1791456185.195736,12,0,22.0
assignment4_normal_20261008_194213,1791456185.023187,camera_color_optical_frame,1240,640,480,1,296.3,109.0,-0.0742,-0.5460,0.01098,1,1,0.996,0.4060,-0.0188,-0.0913,15.69,0.00,1791456185.234419,12,0,22.0
assignment4_normal_20261008_194213,1791456185.056541,camera_color_optical_frame,1241,640,480,1,310.4,108.5,-0.0299,-0.5480,0.01105,1,1,0.994,0.4050,-0.0093,-0.0914,14.27,0.00,1791456185.270734,12,0,24.7
assignment4_normal_20261008_194213,1791456185.123251,camera_color_optical_frame,1242,640,480,1,339.4,114.8,0.0605,-0.5218,0.01148,1,1,0.999,0.4020,0.0100,-0.0865,15.16,0.00,1791456185.305229,12,0,26.1
assignment4_normal_20261008_194213,1791456185.156605,camera_color_optical_frame,1243,640,480,1,352.5,116.0,0.1017,-0.5168,0.01157,1,1,0.978,0.3990,0.0186,-0.0851,14.43,0.00,1791456185.337590,12,0,27.5
assignment4_normal_20261008_194213,1791456185.189960,camera_color_optical_frame,1244,640,480,1,365.3,118.1,0.1417,-0.5079,0.01178,1,1,0.961,0.3960,0.0268,-0.0831,14.69,0.00,1791456185.376383,12,0,28.8
assignment4_normal_20261008_194213,1791456185.223315,camera_color_optical_frame,1245,640,480,1,377.6,120.1,0.1800,-0.4997,0.01222,1,1,0.981,0.3950,0.0347,-0.0816,10.26,0.00,1791456185.416561,12,0,28.8
assignment4_normal_20261008_194213,1791456185.256670,camera_color_optical_frame,1246,640,480,1,389.1,124.6,0.2160,-0.4809,0.01235,1,1,0.995,0.3930,0.0420,-0.0782,12.19,0.00,1791456185.453297,12,0,28.8
assignment4_normal_20261008_194213,1791456185.290024,camera_color_optical_frame,1247,640,480,1,401.9,130.1,0.2558,-0.4580,0.01221,1,1,0.994,0.3900,0.0499,-0.0741,12.81,0.00,1791456185.493455,12,0,28.8
assignment4_normal_20261008_194213,1791456185.323379,camera_color_optical_frame,1248,640,480,1,414.5,137.0,0.2954,-0.4292,0.01228,1,1,1.000,0.3870,0.0576,-0.0691,11.78,0.00,1791456185.535159,12,0,30.2
assignment4_normal_20261008_194213,1791456185.356733,camera_color_optical_frame,1249,640,480,1,426.3,144.7,0.3323,-0.3973,0.01256,1,1,0.998,0.3840,0.0646,-0.0637,20.45,0.00,1791456185.582467,12,0,28.8
assignment4_normal_20261008_194213,1791456185.490152,camera_color_optical_frame,1250,640,480,1,464.4,174.5,0.4512,-0.2728,0.01353,1,0,,,,,11.18,133.42,1791456185.606364,12,0,27.5
assignment4_normal_20261008_194213,1791456185.556861,camera_color_optical_frame,1251,640,480,1,483.9,189.0,0.5120,-0.2125,0.01210,1,0,,,,,7.65,200.13,1791456185.621600,12,0,26.1
assignment4_normal_20261008_194213,1791456185.590215,camera_color_optical_frame,1252,640,480,1,491.0,201.5,0.5344,-0.1604,0.01157,1,1,1.000,0.3670,0.1009,-0.0264,11.24,0.00,1791456185.680861,12,0,26.1
assignment4_normal_20261008_194213,1791456185.623570,camera_color_optical_frame,1253,640,480,1,496.3,220.5,0.5511,-0.0813,0.01073,1,1,0.915,0.3630,0.1030,-0.0148,13.98,0.00,1791456185.714131,12,0,23.4
assignment4_normal_20261008_194213,1791456185.656924,camera_color_optical_frame,1254,640,480,1,504.1,234.4,0.5754,-0.0233,0.01114,1,0,,,,,8.45,33.35,1791456185.727166,12,0,23.4
assignment4_normal_20261008_194213,1791456185.690279,camera_color_optical_frame,1255,640,480,1,511.9,248.2,0.5998,0.0342,0.01215,1,1,0.957,0.3610,0.1118,0.0018,12.72,0.00,1791456185.787917,12,0,23.4
assignment4_normal_20261008_194213,1791456185.723634,camera_color_optical_frame,1256,640,480,1,517.8,262.2,0.6183,0.0924,0.01257,1,1,0.944,0.3590,0.1146,0.0101,9.36,0.00,1791456185.822546,12,0,24.7
assignment4_normal_20261008_194213,1791456185.756994,camera_color_optical_frame,1257,640,480,1,521.7,274.1,0.6304,0.1423,0.01183,1,0,,,,,9.60,33.36,1791456185.848281,12,0,26.1
assignment4_normal_20261008_194213,1791456185.790353,camera_color_optical_frame,1258,640,480,1,524.1,282.6,0.6380,0.1775,0.01158,1,1,0.993,0.3570,0.1177,0.0221,12.02,0.00,1791456185.886371,12,0,31.6
assignment4_normal_20261008_194213,1791456185.823712,camera_color_optical_frame,1259,640,480,1,525.2,287.5,0.6413,0.1979,0.01229,1,1,0.978,0.3570,0.1184,0.0250,11.77,0.00,1791456185.918146,12,0,34.4
assignment4_normal_20261008_194213,1791456185.857070,camera_color_optical_frame,1260,640,480,1,526.7,288.3,0.6459,0.2011,0.01467,1,0,,,,,13.55,33.36,1791456185.939268,12,0,34.4
assignment4_normal_20261008_194213,1791456185.890429,camera_color_optical_frame,1261,640,480,1,525.7,293.2,0.6427,0.2216,0.01565,1,1,0.920,0.3590,0.1193,0.0285,17.48,0.00,1791456185.991141,12,0,34.4
assignment4_normal_20261008_194213,1791456185.923789,camera_color_optical_frame,1262,640,480,1,523.6,300.6,0.6362,0.2527,0.01604,1,1,0.978,0.3610,0.1187,0.0331,14.12,0.00,1791456186.024225,12,0,34.4
assignment4_normal_20261008_194213,1791456185.957148,camera_color_optical_frame,1263,640,480,1,519.7,308.0,0.6241,0.2835,0.01616,1,1,0.986,0.3610,0.1164,0.0375,14.51,0.00,1791456186.058781,12,0,34.4
assignment4_normal_20261008_194213,1791456185.990507,camera_color_optical_frame,1264,640,480,1,515.3,315.8,0.6104,0.3156,0.01618,1,1,0.982,0.3630,0.1144,0.0423,12.15,0.00,1791456186.090978,12,0,35.7
assignment4_normal_20261008_194213,1791456186.023866,camera_color_optical_frame,1265,640,480,1,507.9,326.0,0.5871,0.3584,0.01611,1,1,0.972,0.3640,0.1103,0.0486,19.84,0.00,1791456186.137383,12,0,37.1
assignment4_normal_20261008_194213,1791456186.057225,camera_color_optical_frame,1266,640,480,1,500.2,335.2,0.5631,0.3968,0.01565,1,1,0.968,0.3650,0.1059,0.0543,14.68,0.00,1791456186.170767,12,0,37.1
assignment4_normal_20261008_194213,1791456186.090585,camera_color_optical_frame,1267,640,480,1,492.7,345.2,0.5397,0.4385,0.01483,1,1,0.983,0.3680,0.1023,0.0608,13.19,0.00,1791456186.199705,12,0,37.1
assignment4_normal_20261008_194213,1791456186.123944,camera_color_optical_frame,1268,640,480,1,483.4,355.7,0.5106,0.4821,0.01419,1,1,0.987,0.3690,0.0969,0.0674,13.82,0.00,1791456186.238076,12,0,35.7
assignment4_normal_20261008_194213,1791456186.157303,camera_color_optical_frame,1269,640,480,1,472.2,363.0,0.4755,0.5124,0.01399,1,1,0.962,0.3700,0.0903,0.0720,15.13,0.00,1791456186.276451,12,0,35.7
assignment4_normal_20261008_194213,1791456186.190663,camera_color_optical_frame,1270,640,480,1,459.9,368.3,0.4371,0.5346,0.01425,1,1,0.948,0.3720,0.0832,0.0756,14.24,0.00,1791456186.316723,12,0,34.4
assignment4_normal_20261008_194213,1791456186.224022,camera_color_optical_frame,1271,640,480,1,446.4,374.4,0.3949,0.5598,0.01348,1,1,0.958,0.3730,0.0751,0.0796,13.16,0.00,1791456186.351518,12,0,34.4
assignment4_normal_20261008_194213,1791456186.257382,camera_color_optical_frame,1272,640,480,1,432.6,377.7,0.3518,0.5739,0.01340,1,1,0.970,0.3730,0.0666,0.0817,13.49,0.00,1791456186.386021,12,0,33.0
assignment4_normal_20261008_194213,1791456186.290741,camera_color_optical_frame,1273,640,480,1,417.5,380.2,0.3046,0.5840,0.01400,1,1,0.944,0.3730,0.0573,0.0832,12.86,0.00,1791456186.420185,12,0,31.6
assignment4_normal_20261008_194213,1791456186.324101,camera_color_optical_frame,1274,640,480,1,401.4,382.1,0.2545,0.5921,0.01421,2,1,0.903,0.3730,0.0474,0.0843,13.30,0.00,1791456186.455255,12,0,28.8
assignment4_normal_20261008_194213,1791456186.357460,camera_color_optical_frame,1275,640,480,1,384.7,382.1,0.2023,0.5920,0.01413,2,1,0.895,0.3740,0.0373,0.0846,17.95,0.00,1791456186.498504,12,1,28.8
assignment4_normal_20261008_194213,1791456186.390820,camera_color_optical_frame,1276,640,480,1,368.2,379.1,0.1507,0.5796,0.01407,2,1,0.922,0.3740,0.0271,0.0827,13.83,0.00,1791456186.531966,12,0,28.8
assignment4_normal_20261008_194213,1791456186.424180,camera_color_optical_frame,1277,640,480,1,350.1,375.8,0.0942,0.5659,0.01402,2,1,0.898,0.3730,0.0159,0.0805,15.36,0.00,1791456186.567472,12,0,30.2
assignment4_normal_20261008_194213,1791456186.457539,camera_color_optical_frame,1278,640,480,1,332.5,372.2,0.0390,0.5508,0.01453,2,1,0.865,0.3710,0.0050,0.0778,17.74,0.00,1791456186.607278,12,0,30.2
assignment4_normal_20261008_194213,1791456186.490899,camera_color_optical_frame,1279,640,480,1,314.2,367.5,-0.0182,0.5312,0.01521,1,1,0.862,0.3700,-0.0062,0.0747,16.94,0.00,1791456186.642607,12,1,31.6
assignment4_normal_20261008_194213,1791456186.524259,camera_color_optical_frame,1280,640,480,1,296.1,361.7,-0.0748,0.5072,0.01466,2,1,0.871,0.3670,-0.0171,0.0706,15.61,0.00,1791456186.680633,12,0,31.6
assignment4_normal_20261008_194213,1791456186.557618,camera_color_optical_frame,1281,640,480,1,278.0,356.7,-0.1311,0.4864,0.01486,2,1,0.896,0.3650,-0.0279,0.0673,15.74,0.00,1791456186.718026,12,1,31.6
assignment4_normal_20261008_194213,1791456186.590978,camera_color_optical_frame,1282,640,480,1,261.9,350.9,-0.1815,0.4620,0.01559,1,1,0.917,0.3630,-0.0374,0.0634,12.75,0.00,1791456186.748777,12,1,31.6
assignment4_normal_20261008_194213,1791456186.624338,camera_color_optical_frame,1283,640,480,1,245.1,344.3,-0.2339,0.4346,0.01536,1,1,0.980,0.3610,-0.0472,0.0591,15.08,0.00,1791456186.790999,12,1,30.2
assignment4_normal_20261008_194213,1791456186.657698,camera_color_optical_frame,1284,640,480,1,229.0,338.2,-0.2844,0.4093,0.01560,1,1,0.993,0.3580,-0.0564,0.0550,16.34,0.00,1791456186.828871,12,1,30.2
assignment4_normal_20261008_194213,1791456186.691055,camera_color_optical_frame,1285,640,480,1,213.1,332.8,-0.3340,0.3868,0.01615,1,1,0.983,0.3560,-0.0654,0.0515,16.46,0.00,1791456186.864448,12,1,28.8
assignment4_normal_20261008_194213,1791456186.724414,camera_color_optical_frame,1286,640,480,1,197.7,326.0,-0.3823,0.3585,0.01570,1,1,0.993,0.3530,-0.0738,0.0471,16.00,0.00,1791456186.900855,12,1,27.5
assignment4_normal_20261008_194213,1791456186.757773,camera_color_optical_frame,1287,640,480,1,181.9,319.3,-0.4315,0.3304,0.01533,1,1,0.986,0.3510,-0.0825,0.0430,26.99,0.00,1791456186.953035,12,1,26.1
assignment4_normal_20261008_194213,1791456186.791132,camera_color_optical_frame,1288,640,480,1,168.1,311.6,-0.4747,0.2982,0.01495,1,1,0.996,0.3500,-0.0903,0.0384,17.89,0.00,1791456186.981378,12,1,26.1
assignment4_normal_20261008_194213,1791456186.824491,camera_color_optical_frame,1289,640,480,1,157.8,302.0,-0.5069,0.2585,0.01517,1,1,0.995,0.3490,-0.0960,0.0328,14.25,0.00,1791456187.009304,12,1,24.7
assignment4_normal_20261008_194213,1791456186.857851,camera_color_optical_frame,1290,640,480,1,148.3,292.4,-0.5367,0.2185,0.01530,1,1,0.996,0.3490,-0.1014,0.0273,16.73,0.00,1791456187.041214,12,1,23.4
assignment4_normal_20261008_194213,1791456186.924569,camera_color_optical_frame,1291,640,480,1,129.8,270.4,-0.5945,0.1266,0.01522,2,0,,,,,11.52,66.72,1791456187.069703,12,0,23.4
assignment4_normal_20261008_194213,1791456187.024647,camera_color_optical_frame,1292,640,480,1,110.8,218.6,-0.6538,-0.0891,0.01604,3,0,,,,,8.11,166.80,1791456187.090198,12,0,22.0
assignment4_normal_20261008_194213,1791456187.058006,camera_color_optical_frame,1293,640,480,1,105.9,209.7,-0.6690,-0.1263,0.01650,1,1,0.998,0.3460,-0.1247,-0.0203,11.77,0.00,1791456187.147735,12,2,24.7
assignment4_normal_20261008_194213,1791456187.091365,camera_color_optical_frame,1294,640,480,1,101.5,199.3,-0.6827,-0.1697,0.01599,1,1,0.995,0.3460,-0.1273,-0.0262,17.69,0.00,1791456187.195385,12,1,27.5
assignment4_normal_20261008_194213,1791456187.124725,camera_color_optical_frame,1295,640,480,1,99.2,186.8,-0.6901,-0.2218,0.01636,1,1,0.988,0.3460,-0.1286,-0.0333,12.20,0.00,1791456187.229342,12,1,28.8
assignment4_normal_20261008_194213,1791456187.158084,camera_color_optical_frame,1296,640,480,1,98.5,176.9,-0.6921,-0.2629,0.01689,2,1,0.973,0.3470,-0.1294,-0.0391,12.20,0.00,1791456187.268012,12,0,34.4
assignment4_normal_20261008_194213,1791456187.191444,camera_color_optical_frame,1297,640,480,1,99.7,172.1,-0.6884,-0.2831,0.01692,1,1,0.971,0.3490,-0.1294,-0.0421,13.65,0.00,1791456187.309175,12,0,37.1
assignment4_normal_20261008_194213,1791456187.224803,camera_color_optical_frame,1298,640,480,1,103.3,166.0,-0.6773,-0.3082,0.01640,1,1,0.982,0.3520,-0.1285,-0.0460,12.92,0.00,1791456187.347785,12,0,37.1
assignment4_normal_20261008_194213,1791456187.258163,camera_color_optical_frame,1299,640,480,1,108.0,160.8,-0.6625,-0.3300,0.01631,1,1,0.986,0.3550,-0.1268,-0.0494,11.40,0.00,1791456187.393647,12,0,37.1
assignment4_normal_20261008_194213,1791456187.291523,camera_color_optical_frame,1300,640,480,1,113.4,155.2,-0.6457,-0.3532,0.01621,1,1,0.983,0.3590,-0.1250,-0.0533,13.68,0.00,1791456187.429237,12,0,37.1
assignment4_normal_20261008_194213,1791456187.324882,camera_color_optical_frame,1301,640,480,1,120.3,152.8,-0.6241,-0.3633,0.01580,1,0,,,,,9.23,33.36,1791456187.445738,12,0,37.1
assignment4_normal_20261008_194213,1791456187.358242,camera_color_optical_frame,1302,640,480,1,128.3,150.7,-0.5989,-0.3722,0.01549,1,0,,,,,11.01,66.72,1791456187.465729,12,0,37.1
assignment4_normal_20261008_194213,1791456187.391602,camera_color_optical_frame,1303,640,480,1,137.8,148.5,-0.5695,-0.3813,0.01473,1,0,,,,,9.59,100.08,1791456187.486117,12,0,37.1
assignment4_normal_20261008_194213,1791456187.424962,camera_color_optical_frame,1304,640,480,1,150.9,145.7,-0.5286,-0.3928,0.01403,1,1,0.999,0.3760,-0.1077,-0.0617,12.55,0.00,1791456187.521963,12,0,39.9
assignment4_normal_20261008_194213,1791456187.458322,camera_color_optical_frame,1305,640,480,1,165.8,142.2,-0.4819,-0.4076,0.01325,1,1,0.988,0.3790,-0.0992,-0.0644,13.00,0.00,1791456187.564528,12,0,39.9
assignment4_normal_20261008_194213,1791456187.491681,camera_color_optical_frame,1306,640,480,1,181.1,138.0,-0.4340,-0.4249,0.01257,1,1,0.979,0.3820,-0.0903,-0.0676,14.12,0.00,1791456187.606673,12,0,37.1
assignment4_normal_20261008_194213,1791456187.525041,camera_color_optical_frame,1307,640,480,1,197.0,134.3,-0.3844,-0.4403,0.01223,1,1,0.999,0.3840,-0.0807,-0.0703,12.02,0.00,1791456187.640771,12,0,34.4
assignment4_normal_20261008_194213,1791456187.558401,camera_color_optical_frame,1308,640,480,1,214.2,131.0,-0.3308,-0.4541,0.01197,1,1,0.991,0.3870,-0.0704,-0.0729,11.05,0.00,1791456187.680097,12,0,33.0
assignment4_normal_20261008_194213,1791456187.591761,camera_color_optical_frame,1309,640,480,1,231.8,128.6,-0.2756,-0.4643,0.01144,1,1,0.992,0.3880,-0.0593,-0.0747,13.24,0.00,1791456187.715737,12,0,30.2
assignment4_normal_20261008_194213,1791456187.625121,camera_color_optical_frame,1310,640,480,1,250.5,126.1,-0.2171,-0.4747,0.01132,1,1,0.998,0.3890,-0.0474,-0.0765,13.11,0.00,1791456187.757448,12,0,27.5
assignment4_normal_20261008_194213,1791456187.658481,camera_color_optical_frame,1311,640,480,1,269.4,123.7,-0.1580,-0.4847,0.01111,1,1,0.995,0.3890,-0.0353,-0.0780,12.47,0.00,1791456187.794405,12,0,24.7
assignment4_normal_20261008_194213,1791456187.691841,camera_color_optical_frame,1312,640,480,1,287.9,121.2,-0.1002,-0.4951,0.01102,1,1,0.993,0.3880,-0.0233,-0.0794,14.45,0.00,1791456187.837300,12,0,24.7
assignment4_normal_20261008_194213,1791456187.725199,camera_color_optical_frame,1313,640,480,1,306.0,117.8,-0.0437,-0.5092,0.01112,1,1,0.999,0.3880,-0.0118,-0.0816,14.94,0.00,1791456187.876623,12,0,26.1
assignment4_normal_20261008_194213,1791456187.758557,camera_color_optical_frame,1314,640,480,1,324.4,115.5,0.0136,-0.5189,0.01133,1,1,0.987,0.3860,-0.0000,-0.0826,13.93,0.00,1791456187.917539,12,0,26.1
assignment4_normal_20261008_194213,1791456187.791914,camera_color_optical_frame,1315,640,480,1,342.6,115.3,0.0707,-0.5195,0.01159,1,1,0.987,0.3840,0.0116,-0.0823,10.71,0.00,1791456187.959055,12,0,26.1
assignment4_normal_20261008_194213,1791456187.825272,camera_color_optical_frame,1316,640,480,1,361.0,119.3,0.1281,-0.5027,0.01182,1,1,1.000,0.3830,0.0232,-0.0795,19.87,0.00,1791456188.000971,12,0,26.1
assignment4_normal_20261008_194213,1791456187.858629,camera_color_optical_frame,1317,640,480,1,378.7,121.0,0.1833,-0.4958,0.01210,1,1,0.994,0.3820,0.0342,-0.0783,11.01,0.00,1791456188.032856,12,0,26.1
assignment4_normal_20261008_194213,1791456187.891987,camera_color_optical_frame,1318,640,480,1,395.3,121.3,0.2352,-0.4945,0.01243,1,1,0.993,0.3790,0.0443,-0.0775,11.89,0.00,1791456188.078113,12,0,27.5
assignment4_normal_20261008_194213,1791456187.925345,camera_color_optical_frame,1319,640,480,1,411.0,124.1,0.2843,-0.4829,0.01273,1,1,0.985,0.3770,0.0539,-0.0753,19.55,0.00,1791456188.131161,12,0,28.8
assignment4_normal_20261008_194213,1791456187.958703,camera_color_optical_frame,1320,640,480,1,425.9,128.1,0.3310,-0.4664,0.01287,1,1,0.995,0.3750,0.0629,-0.0725,26.06,0.00,1791456188.175548,12,0,28.8
assignment4_normal_20261008_194213,1791456187.992060,camera_color_optical_frame,1321,640,480,1,441.0,133.1,0.3782,-0.4455,0.01317,1,1,0.996,0.3730,0.0718,-0.0690,22.71,0.00,1791456188.210216,12,0,28.8
assignment4_normal_20261008_194213,1791456188.025418,camera_color_optical_frame,1322,640,480,1,456.1,139.2,0.4253,-0.4199,0.01318,1,1,0.998,0.3700,0.0805,-0.0647,20.59,0.00,1791456188.243413,12,0,27.5
assignment4_normal_20261008_194213,1791456188.125492,camera_color_optical_frame,1323,640,480,1,493.4,162.6,0.5418,-0.3223,0.01295,1,0,,,,,12.14,66.72,1791456188.274033,12,0,27.5
assignment4_normal_20261008_194213,1791456188.158849,camera_color_optical_frame,1324,640,480,1,503.2,177.9,0.5725,-0.2587,0.01163,1,1,0.941,0.3600,0.1063,-0.0400,13.63,0.00,1791456188.310306,12,0,27.5
assignment4_normal_20261008_194213,1791456188.192207,camera_color_optical_frame,1325,640,480,1,514.7,189.2,0.6084,-0.2118,0.01218,1,1,0.985,0.3580,0.1125,-0.0331,14.56,0.00,1791456188.354748,12,0,26.1
assignment4_normal_20261008_194213,1791456188.225565,camera_color_optical_frame,1326,640,480,1,523.8,200.0,0.6370,-0.1667,0.01329,1,1,0.870,0.3560,0.1172,-0.0265,14.66,0.00,1791456188.391123,12,0,24.7
assignment4_normal_20261008_194213,1791456188.258923,camera_color_optical_frame,1327,640,480,1,530.8,214.8,0.6589,-0.1049,0.01290,1,1,0.937,0.3550,0.1210,-0.0178,12.05,0.00,1791456188.424044,12,0,23.4
assignment4_normal_20261008_194213,1791456188.292281,camera_color_optical_frame,1328,640,480,1,537.6,234.7,0.6801,-0.0219,0.01190,1,1,0.999,0.3530,0.1243,-0.0061,11.01,0.00,1791456188.458857,12,0,27.5
assignment4_normal_20261008_194213,1791456188.325639,camera_color_optical_frame,1329,640,480,1,541.3,250.9,0.6917,0.0453,0.01193,1,1,0.991,0.3500,0.1253,0.0033,12.97,0.00,1791456188.498155,12,0,31.6
assignment4_normal_20261008_194213,1791456188.358997,camera_color_optical_frame,1330,640,480,1,542.6,266.1,0.6956,0.1088,0.01317,1,1,0.987,0.3500,0.1261,0.0121,11.65,0.00,1791456188.529621,12,0,33.0
assignment4_normal_20261008_194213,1791456188.392355,camera_color_optical_frame,1331,640,480,1,540.5,280.9,0.6892,0.1703,0.01486,1,1,0.973,0.3500,0.1249,0.0206,12.95,0.00,1791456188.565321,12,0,34.4
assignment4_normal_20261008_194213,1791456188.425713,camera_color_optical_frame,1332,640,480,1,535.8,292.3,0.6745,0.2180,0.01603,1,1,0.942,0.3500,0.1222,0.0273,14.43,0.00,1791456188.606060,12,0,35.7
assignment4_normal_20261008_194213,1791456188.459071,camera_color_optical_frame,1333,640,480,1,530.0,301.5,0.6563,0.2562,0.01660,1,1,0.965,0.3510,0.1191,0.0327,20.56,0.00,1791456188.653657,12,0,37.1
assignment4_normal_20261008_194213,1791456188.492429,camera_color_optical_frame,1334,640,480,1,523.9,313.2,0.6373,0.3051,0.01675,1,1,0.996,0.3500,0.1153,0.0393,16.08,0.00,1791456188.687919,12,0,38.5
assignment4_normal_20261008_194213,1791456188.559145,camera_color_optical_frame,1335,640,480,1,508.1,332.5,0.5879,0.3853,0.01679,1,0,,,,,12.02,66.72,1791456188.710054,12,0,38.5
assignment4_normal_20261008_194213,1791456188.592503,camera_color_optical_frame,1336,640,480,1,497.8,342.9,0.5556,0.4286,0.01671,1,0,,,,,8.75,100.07,1791456188.726441,12,0,38.5
assignment4_normal_20261008_194213,1791456188.659219,camera_color_optical_frame,1337,640,480,1,477.1,365.7,0.4909,0.5237,0.01642,1,0,,,,,7.95,166.79,1791456188.747582,12,0,38.5
assignment4_normal_20261008_194213,1791456188.692577,camera_color_optical_frame,1338,640,480,1,465.7,374.6,0.4554,0.5609,0.01608,1,1,0.985,0.3470,0.0810,0.0742,10.54,0.00,1791456188.788220,12,0,38.5
assignment4_normal_20261008_194213,1791456188.725934,camera_color_optical_frame,1339,640,480,1,453.3,383.2,0.4164,0.5965,0.01525,1,1,0.927,0.3445,0.0733,0.0785,11.04,0.00,1791456188.826730,12,0,38.5
assignment4_normal_20261008_194213,1791456188.759290,camera_color_optical_frame,1340,640,480,1,441.3,389.9,0.3791,0.6247,0.01549,1,1,0.956,0.3450,0.0666,0.0825,12.10,0.00,1791456188.866636,12,0,37.1
assignment4_normal_20261008_194213,1791456188.792649,camera_color_optical_frame,1341,640,480,1,428.7,397.1,0.3396,0.6548,0.01629,1,1,0.926,0.3450,0.0594,0.0866,10.56,0.00,1791456188.899225,12,0,34.4
assignment4_normal_20261008_194213,1791456188.826009,camera_color_optical_frame,1342,640,480,1,416.0,401.8,0.3000,0.6740,0.01664,1,1,0.874,0.3440,0.0520,0.0890,12.93,0.00,1791456188.943217,12,0,30.2
assignment4_normal_20261008_194213,1791456188.859368,camera_color_optical_frame,1343,640,480,1,403.5,404.7,0.2608,0.6862,0.01662,1,1,0.891,0.3440,0.0449,0.0906,14.43,0.00,1791456188.981118,12,0,28.8
assignment4_normal_20261008_194213,1791456188.892727,camera_color_optical_frame,1344,640,480,1,390.0,406.4,0.2187,0.6935,0.01603,1,1,0.929,0.3440,0.0373,0.0916,10.76,0.00,1791456189.014000,12,0,28.8
assignment4_normal_20261008_194213,1791456188.926086,camera_color_optical_frame,1345,640,480,1,376.7,410.1,0.1771,0.7086,0.01709,2,1,0.916,0.3440,0.0297,0.0937,12.15,0.00,1791456189.051632,12,0,33.0
assignment4_normal_20261008_194213,1791456188.959446,camera_color_optical_frame,1346,640,480,1,362.4,410.7,0.1324,0.7110,0.01700,2,1,0.859,0.3430,0.0215,0.0937,13.09,0.00,1791456189.092690,12,0,34.4
assignment4_normal_20261008_194213,1791456188.992805,camera_color_optical_frame,1347,640,480,1,347.5,407.9,0.0859,0.6995,0.01706,2,1,0.911,0.3440,0.0131,0.0924,13.73,0.00,1791456189.133499,12,0,35.7
assignment4_normal_20261008_194213,1791456189.026165,camera_color_optical_frame,1348,640,480,1,331.3,404.2,0.0353,0.6844,0.01762,2,1,0.927,0.3440,0.0039,0.0904,13.55,0.00,1791456189.166598,12,0,37.1
assignment4_normal_20261008_194213,1791456189.059524,camera_color_optical_frame,1349,640,480,1,314.6,399.8,-0.0170,0.6657,0.01701,2,1,0.897,0.3430,-0.0056,0.0876,14.07,0.00,1791456189.201455,12,0,37.1
assignment4_normal_20261008_194213,1791456189.092884,camera_color_optical_frame,1350,640,480,1,298.8,394.6,-0.0663,0.6440,0.01763,1,1,0.903,0.3430,-0.0145,0.0846,12.27,0.00,1791456189.239706,12,1,38.5
assignment4_normal_20261008_194213,1791456189.126243,camera_color_optical_frame,1351,640,480,1,283.3,388.0,-0.1147,0.6167,0.01748,1,1,0.948,0.3430,-0.0232,0.0809,16.51,0.00,1791456189.286518,12,1,38.5
assignment4_normal_20261008_194213,1791456189.159603,camera_color_optical_frame,1352,640,480,1,269.8,379.0,-0.1568,0.5792,0.01799,1,1,0.968,0.3420,-0.0308,0.0756,12.96,0.00,1791456189.315304,12,1,38.5
assignment4_normal_20261008_194213,1791456189.192962,camera_color_optical_frame,1353,640,480,1,257.1,367.0,-0.1965,0.5290,0.01748,1,1,0.975,0.3410,-0.0378,0.0686,13.70,0.00,1791456189.356788,12,1,37.1
assignment4_normal_20261008_194213,1791456189.226322,camera_color_optical_frame,1354,640,480,1,247.4,352.2,-0.2270,0.4674,0.01751,1,1,0.986,0.3410,-0.0433,0.0603,12.39,0.00,1791456189.397906,12,1,35.7
assignment4_normal_20261008_194213,1791456189.259682,camera_color_optical_frame,1355,640,480,1,240.5,336.4,-0.2485,0.4018,0.01768,1,1,0.989,0.3400,-0.0471,0.0512,15.04,0.00,1791456189.436610,12,1,34.4
assignment4_normal_20261008_194213,1791456189.293041,camera_color_optical_frame,1356,640,480,1,236.7,319.0,-0.2602,0.3292,0.01722,1,1,0.988,0.3400,-0.0492,0.0415,13.32,0.00,1791456189.478417,12,1,34.4
assignment4_normal_20261008_194213,1791456189.326401,camera_color_optical_frame,1357,640,480,1,237.3,298.4,-0.2585,0.2432,0.01650,1,1,0.992,0.3390,-0.0487,0.0298,15.64,0.00,1791456189.522045,12,1,33.0
assignment4_normal_20261008_194213,1791456189.359761,camera_color_optical_frame,1358,640,480,1,242.7,272.3,-0.2416,0.1345,0.01626,1,1,0.992,0.3390,-0.0457,0.0152,15.14,0.00,1791456189.558494,12,1,30.2
assignment4_normal_20261008_194213,1791456189.393120,camera_color_optical_frame,1359,640,480,1,252.5,236.1,-0.2109,-0.0163,0.01507,1,1,0.998,0.3370,-0.0400,-0.0050,14.51,0.00,1791456189.593797,12,1,30.2
assignment4_normal_20261008_194213,1791456189.426480,camera_color_optical_frame,1360,640,480,1,265.1,192.9,-0.1715,-0.1964,0.01414,1,1,1.000,0.3350,-0.0328,-0.0289,13.96,0.00,1791456189.627604,12,1,26.1
assignment4_normal_20261008_194213,1791456189.459840,camera_color_optical_frame,1361,640,480,1,278.8,142.6,-0.1289,-0.4060,0.01266,1,1,1.000,0.3320,-0.0250,-0.0562,14.05,0.00,1791456189.663034,12,1,19.2
assignment4_normal_20261008_194213,1791456189.493200,camera_color_optical_frame,1362,640,480,1,292.7,82.1,-0.0852,-0.6580,0.01385,1,1,0.999,0.3280,-0.0171,-0.0883,12.19,0.00,1791456189.697165,12,1,16.5
assignment4_normal_20261008_194213,1791456189.526560,camera_color_optical_frame,1363,640,480,1,301.2,26.5,-0.0587,-0.8894,0.00906,1,1,0.998,0.3210,-0.0123,-0.1159,13.72,0.00,1791456189.731696,12,1,13.7
assignment4_normal_20261008_194213,1791456189.593280,camera_color_optical_frame,1364,640,480,0,,,0.0000,0.0000,0.00000,0,0,,,,,12.27,0.00,1791456189.776367,,1,11.0
assignment4_normal_20261008_194213,1791456189.626640,camera_color_optical_frame,1365,640,480,0,,,0.0000,0.0000,0.00000,0,0,,,,,12.60,0.00,1791456189.811734,,1,11.0
assignment4_normal_20261008_194213,1791456189.659997,camera_color_optical_frame,1366,640,480,0,,,0.0000,0.0000,0.00000,0,0,,,,,9.32,0.00,1791456189.855584,,1,20.6
assignment4_normal_20261008_194213,1791456189.693355,camera_color_optical_frame,1367,640,480,0,,,0.0000,0.0000,0.00000,0,0,,,,,10.70,0.00,1791456189.897520,,1,31.6
assignment4_normal_20261008_194213,1791456189.726712,camera_color_optical_frame,1368,640,480,0,,,0.0000,0.0000,0.00000,1,0,,,,,12.78,0.00,1791456189.935965,,1,38.5
assignment4_normal_20261008_194213,1791456189.760070,camera_color_optical_frame,1369,640,480,0,,,0.0000,0.0000,0.00000,2,0,,,,,10.38,33.36,1791456189.958333,,0,38.5
assignment4_normal_20261008_194213,1791456189.860142,camera_color_optical_frame,1370,640,480,0,,,0.0000,0.0000,0.00000,1,0,,,,,12.23,133.43,1791456189.979751,,0,35.7
assignment4_normal_20261008_194213,1791456189.926858,camera_color_optical_frame,1371,640,480,0,,,0.0000,0.0000,0.00000,1,0,,,,,7.88,200.15,1791456189.996216,,0,30.2
assignment4_normal_20261008_194213,1791456189.960215,camera_color_optical_frame,1372,640,480,0,,,0.0000,0.0000,0.00000,1,0,,,,,9.35,0.00,1791456190.050876,,0,11.0
assignment4_normal_20261008_194213,1791456189.993573,camera_color_optical_frame,1373,640,480,0,,,0.0000,0.0000,0.00000,1,0,,,,,11.41,0.00,1791456190.088127,,0,2.8
assignment4_normal_20261008_194213,1791456190.026931,camera_color_optical_frame,1374,640,480,1,628.7,250.3,0.9646,0.0428,0.00117,2,1,1.000,1.6440,0.8258,0.0139,9.98,0.00,1791456190.126967,9,0,0.0
assignment4_normal_20261008_194213,1791456190.060288,camera_color_optical_frame,1375,640,480,0,,,0.0000,0.0000,0.00000,0,0,,,,,11.51,0.00,1791456190.168311,,1,0.0
assignment4_normal_20261008_194213,1791456190.093646,camera_color_optical_frame,1376,640,480,0,,,0.0000,0.0000,0.00000,0,0,,,,,9.18,0.00,1791456190.201113,,1,0.0
assignment4_normal_20261008_194213,1791456190.127003,camera_color_optical_frame,1377,640,480,1,629.0,250.3,0.9656,0.0431,0.00112,2,1,1.000,1.6350,0.8221,0.0140,15.41,0.00,1791456190.246593,9,0,0.0
assignment4_normal_20261008_194213,1791456190.160361,camera_color_optical_frame,1378,640,480,1,629.0,250.3,0.9655,0.0430,0.00114,2,1,1.000,1.6400,0.8245,0.0140,14.20,0.00,1791456190.278589,9,0,0.0
assignment4_normal_20261008_194213,1791456190.193719,camera_color_optical_frame,1379,640,480,1,628.9,249.7,0.9652,0.0404,0.00119,2,1,1.000,1.6310,0.8197,0.0122,11.57,0.00,1791456190.318362,9,0,0.0
assignment4_normal_20261008_194213,1791456190.227077,camera_color_optical_frame,1380,640,480,1,628.4,250.1,0.9637,0.0421,0.00110,2,1,1.000,1.6140,0.8099,0.0132,13.89,0.00,1791456190.359332,9,0,0.0
assignment4_normal_20261008_194213,1791456190.260435,camera_color_optical_frame,1381,640,480,0,,,0.0000,0.0000,0.00000,1,0,,,,,17.00,0.00,1791456190.407968,,1,0.0
assignment4_normal_20261008_194213,1791456190.293792,camera_color_optical_frame,1382,640,480,1,628.7,250.2,0.9648,0.0425,0.00115,3,1,1.000,1.6480,0.8279,0.0137,17.43,0.00,1791456190.444056,9,0,0.0
assignment4_normal_20261008_194213,1791456190.327150,camera_color_optical_frame,1383,640,480,1,628.8,249.6,0.9651,0.0402,0.00113,2,1,1.000,1.6400,0.8242,0.0122,14.36,0.00,1791456190.485733,9,0,2.8
assignment4_normal_20261008_194213,1791456190.360508,camera_color_optical_frame,1384,640,480,1,628.8,249.9,0.9650,0.0411,0.00112,3,1,1.000,1.6440,0.8261,0.0128,16.24,0.00,1791456190.523316,9,0,8.2
assignment4_normal_20261008_194213,1791456190.393865,camera_color_optical_frame,1385,640,480,0,,,0.0000,0.0000,0.00000,1,0,,,,,14.36,0.00,1791456190.558686,,1,23.4
assignment4_normal_20261008_194213,1791456190.427223,camera_color_optical_frame,1386,640,480,0,,,0.0000,0.0000,0.00000,2,0,,,,,14.37,0.00,1791456190.593227,,1,27.5
assignment4_normal_20261008_194213,1791456190.460581,camera_color_optical_frame,1387,640,480,0,,,0.0000,0.0000,0.00000,1,0,,,,,13.20,0.00,1791456190.628390,,1,26.1
assignment4_normal_20261008_194213,1791456190.493939,camera_color_optical_frame,1388,640,480,0,,,0.0000,0.0000,0.00000,1,0,,,,,21.24,0.00,1791456190.671921,,1,16.5
assignment4_normal_20261008_194213,1791456190.527297,camera_color_optical_frame,1389,640,480,0,,,0.0000,0.0000,0.00000,1,0,,,,,21.05,0.00,1791456190.709019,,1,12.4
assignment4_normal_20261008_194213,1791456190.560655,camera_color_optical_frame,1390,640,480,0,,,0.0000,0.0000,0.00000,1,0,,,,,16.29,0.00,1791456190.742863,,1,12.4
assignment4_normal_20261008_194213,1791456190.594012,camera_color_optical_frame,1391,640,480,0,,,0.0000,0.0000,0.00000,1,0,,,,,23.27,0.00,1791456190.782482,,1,13.7
assignment4_normal_20261008_194213,1791456190.627370,camera_color_optical_frame,1392,640,480,0,,,0.0000,0.0000,0.00000,1,0,,,,,16.48,0.00,1791456190.811289,,1,15.1
assignment4_normal_20261008_194213,1791456190.660728,camera_color_optical_frame,1393,640,480,0,,,0.0000,0.0000,0.00000,1,0,,,,,23.69,0.00,1791456190.854126,,2,15.1
assignment4_normal_20261008_194213,1791456190.694085,camera_color_optical_frame,1394,640,480,0,,,0.0000,0.0000,0.00000,1,0,,,,,15.85,0.00,1791456190.883980,,1,12.4
assignment4_normal_20261008_194213,1791456190.727443,camera_color_optical_frame,1395,640,480,0,,,0.0000,0.0000,0.00000,1,0,,,,,15.92,0.00,1791456190.914497,,1,8.2
assignment4_normal_20261008_194213,1791456190.760801,camera_color_optical_frame,1396,640,480,0,,,0.0000,0.0000,0.00000,1,0,,,,,14.88,0.00,1791456190.944420,,1,4.1
assignment4_normal_20261008_194213,1791456190.794158,camera_color_optical_frame,1397,640,480,0,,,0.0000,0.0000,0.00000,1,0,,,,,11.24,0.00,1791456190.987057,,1,0.0
assignment4_normal_20261008_194213,1791456190.827517,camera_color_optical_frame,1398,640,480,0,,,0.0000,0.0000,0.00000,1,0,,,,,15.15,0.00,1791456191.028560,,2,0.0
assignment4_normal_20261008_194213,1791456190.860874,camera_color_optical_frame,1399,640,480,1,274.4,148.4,-0.1425,-0.3818,0.01903,1,1,0.999,0.3200,-0.0264,-0.0511,15.59,0.00,1791456191.063518,24,1,0.0
assignment4_normal_20261008_194213,1791456190.894232,camera_color_optical_frame,1400,640,480,1,274.4,145.8,-0.1426,-0.3923,0.01899,1,1,0.997,0.3200,-0.0264,-0.0525,23.88,0.00,1791456191.109717,24,2,0.0
assignment4_normal_20261008_194213,1791456190.927590,camera_color_optical_frame,1401,640,480,1,274.4,141.5,-0.1424,-0.4102,0.01895,1,1,0.998,0.3200,-0.0264,-0.0547,26.62,0.00,1791456191.150874,24,1,0.0
assignment4_normal_20261008_194213,1791456190.994306,camera_color_optical_frame,1402,640,480,1,275.6,110.1,-0.1386,-0.5414,0.01712,1,1,0.994,0.3160,-0.0254,-0.0705,24.48,0.00,1791456191.188149,24,1,0.0
assignment4_normal_20261008_194213,1791456191.027664,camera_color_optical_frame,1403,640,480,1,275.7,79.0,-0.1385,-0.6710,0.01707,1,1,1.000,0.3150,-0.0253,-0.0864,13.55,0.00,1791456191.214513,24,1,0.0
assignment4_normal_20261008_194213,1791456191.061022,camera_color_optical_frame,1404,640,480,1,274.8,47.4,-0.1411,-0.8025,0.01577,1,1,0.999,0.3130,-0.0256,-0.1022,12.82,0.00,1791456191.248712,24,2,0.0
assignment4_normal_20261008_194213,1791456191.094380,camera_color_optical_frame,1405,640,480,1,274.0,31.7,-0.1437,-0.8678,0.01090,1,1,0.977,0.3130,-0.0260,-0.1103,12.41,0.00,1791456191.291085,24,1,0.0
assignment4_normal_20261008_194213,1791456191.127738,camera_color_optical_frame,1406,640,480,1,277.0,20.6,-0.1343,-0.9143,0.00706,1,1,0.974,0.3170,-0.0248,-0.1175,12.47,0.00,1791456191.329248,24,1,8.2
assignment4_normal_20261008_194213,1791456191.161096,camera_color_optical_frame,1407,640,480,1,283.5,15.5,-0.1140,-0.9355,0.00526,1,1,0.983,0.3200,-0.0216,-0.1213,14.53,0.00,1791456191.368623,24,2,22.0
assignment4_normal_20261008_194213,1791456191.194453,camera_color_optical_frame,1408,640,480,1,290.9,16.2,-0.0910,-0.9326,0.00554,1,1,0.986,0.3210,-0.0177,-0.1213,15.38,0.00,1791456191.406211,24,1,33.0
assignment4_normal_20261008_194213,1791456191.227812,camera_color_optical_frame,1409,640,480,1,297.1,22.4,-0.0717,-0.9066,0.00763,1,1,0.999,0.3220,-0.0145,-0.1184,15.45,0.00,1791456191.452125,24,1,41.2
assignment4_normal_20261008_194213,1791456191.294527,camera_color_optical_frame,1410,640,480,1,311.7,53.1,-0.0259,-0.7788,0.01722,1,1,0.961,0.3250,-0.0068,-0.1031,13.82,0.00,1791456191.490399,24,1,45.3
assignment4_normal_20261008_194213,1791456191.327886,camera_color_optical_frame,1411,640,480,1,321.4,96.6,0.0043,-0.5976,0.01851,1,1,0.954,0.3280,-0.0016,-0.0805,15.06,0.00,1791456191.533226,24,1,48.1
assignment4_normal_20261008_194213,1791456191.361243,camera_color_optical_frame,1412,640,480,1,330.8,154.6,0.0336,-0.3560,0.01797,1,1,1.000,0.3300,0.0035,-0.0494,13.12,0.00,1791456191.574335,24,1,49.5
assignment4_normal_20261008_194213,1791456191.394602,camera_color_optical_frame,1413,640,480,1,340.0,218.1,0.0625,-0.0912,0.01683,1,1,0.999,0.3320,0.0086,-0.0148,15.38,0.00,1791456191.622149,24,1,48.1
assignment4_normal_20261008_194213,1791456191.427960,camera_color_optical_frame,1414,640,480,1,350.0,267.8,0.0937,0.1160,0.01757,1,1,0.991,0.3330,0.0141,0.0125,11.05,0.00,1791456191.654910,24,1,45.3
assignment4_normal_20261008_194213,1791456191.494676,camera_color_optical_frame,1415,640,480,1,364.3,353.4,0.1386,0.4725,0.01926,1,1,0.992,0.3330,0.0220,0.0595,13.43,0.00,1791456191.698638,24,1,35.7
assignment4_normal_20261008_194213,1791456191.528034,camera_color_optical_frame,1416,640,480,1,366.3,379.9,0.1448,0.5827,0.01955,1,1,0.987,0.3310,0.0229,0.0736,13.82,0.00,1791456191.743179,24,1,26.1
assignment4_normal_20261008_194213,1791456191.561392,camera_color_optical_frame,1417,640,480,1,363.4,392.0,0.1355,0.6335,0.01921,1,1,0.984,0.3300,0.0212,0.0800,13.29,0.00,1791456191.777248,24,1,13.7
assignment4_normal_20261008_194213,1791456191.594750,camera_color_optical_frame,1418,640,480,1,358.1,397.5,0.1189,0.6562,0.01881,1,1,0.956,0.3290,0.0183,0.0828,12.72,0.00,1791456191.820880,24,1,8.2
assignment4_normal_20261008_194213,1791456191.628108,camera_color_optical_frame,1419,640,480,1,351.3,396.2,0.0977,0.6507,0.01816,1,1,0.957,0.3280,0.0146,0.0818,13.44,0.00,1791456191.852591,24,1,4.1
assignment4_normal_20261008_194213,1791456191.694823,camera_color_optical_frame,1420,640,480,1,335.6,364.9,0.0486,0.5204,0.01499,1,1,0.990,0.3340,0.0062,0.0660,14.27,0.00,1791456191.896222,24,1,22.0
assignment4_normal_20261008_194213,1791456191.728180,camera_color_optical_frame,1421,640,480,1,328.3,339.3,0.0260,0.4137,0.01404,1,1,0.992,0.3370,0.0022,0.0524,13.38,0.00,1791456191.933454,24,2,26.1
assignment4_normal_20261008_194213,1791456191.761538,camera_color_optical_frame,1422,640,480,1,322.8,310.2,0.0089,0.2925,0.01461,1,1,0.996,0.3420,-0.0009,0.0367,18.08,0.00,1791456191.977347,24,1,31.6
assignment4_normal_20261008_194213,1791456191.894969,camera_color_optical_frame,1423,640,480,1,310.1,206.7,-0.0310,-0.1388,0.01282,2,0,,,,,11.64,133.43,1791456192.001937,24,0,31.6
assignment4_normal_20261008_194213,1791456191.928326,camera_color_optical_frame,1424,640,480,1,309.0,187.0,-0.0344,-0.2208,0.01275,2,0,,,,,8.95,166.79,1791456192.021471,24,0,33.0
assignment4_normal_20261008_194213,1791456191.961684,camera_color_optical_frame,1425,640,480,1,308.4,169.9,-0.0364,-0.2919,0.01286,1,1,0.880,0.3550,-0.0094,-0.0441,12.24,0.00,1791456192.064397,24,1,33.0
assignment4_normal_20261008_194213,1791456191.995041,camera_color_optical_frame,1426,640,480,1,307.7,156.7,-0.0384,-0.3470,0.01407,1,1,0.852,0.3550,-0.0098,-0.0518,11.98,0.00,1791456192.101302,24,1,31.6
assignment4_normal_20261008_194213,1791456192.028399,camera_color_optical_frame,1427,640,480,1,308.0,152.9,-0.0375,-0.3631,0.01560,1,1,0.869,0.3530,-0.0095,-0.0538,12.33,0.00,1791456192.136902,24,1,23.4
assignment4_normal_20261008_194213,1791456192.061757,camera_color_optical_frame,1428,640,480,1,308.7,160.7,-0.0355,-0.3305,0.01606,1,1,0.958,0.3510,-0.0091,-0.0489,17.97,0.00,1791456192.182029,24,1,12.4
assignment4_normal_20261008_194213,1791456192.095114,camera_color_optical_frame,1429,640,480,1,310.4,177.4,-0.0299,-0.2606,0.01624,1,1,1.000,0.3480,-0.0080,-0.0389,12.64,0.00,1791456192.210439,24,2,4.1
assignment4_normal_20261008_194213,1791456192.128472,camera_color_optical_frame,1430,640,480,1,312.8,201.0,-0.0226,-0.1627,0.01637,1,1,0.985,0.3470,-0.0066,-0.0253,15.04,0.00,1791456192.252715,24,2,11.0
assignment4_normal_20261008_194213,1791456192.161830,camera_color_optical_frame,1431,640,480,1,315.6,229.0,-0.0138,-0.0460,0.01629,1,1,0.999,0.3450,-0.0050,-0.0092,13.94,0.00,1791456192.293043,24,1,12.4
assignment4_normal_20261008_194213,1791456192.195187,camera_color_optical_frame,1432,640,480,1,317.0,263.1,-0.0093,0.0963,0.01582,1,1,1.000,0.3440,-0.0042,0.0102,15.80,0.00,1791456192.329943,24,2,15.1
assignment4_normal_20261008_194213,1791456192.228545,camera_color_optical_frame,1433,640,480,1,319.9,295.6,-0.0003,0.2317,0.01609,1,1,0.997,0.3420,-0.0025,0.0285,19.20,0.00,1791456192.370701,24,1,17.9
assignment4_normal_20261008_194213,1791456192.261902,camera_color_optical_frame,1434,640,480,1,322.9,331.5,0.0092,0.3811,0.01741,1,1,0.993,0.3410,-0.0008,0.0486,15.48,0.00,1791456192.399309,24,1,20.6
assignment4_normal_20261008_194213,1791456192.295260,camera_color_optical_frame,1435,640,480,1,324.7,362.1,0.0147,0.5089,0.01816,1,1,0.983,0.3400,0.0002,0.0657,11.41,0.00,1791456192.430886,24,1,16.5
assignment4_normal_20261008_194213,1791456192.328618,camera_color_optical_frame,1436,640,480,1,326.0,381.2,0.0187,0.5882,0.01860,1,1,0.993,0.3390,0.0009,0.0761,21.99,0.00,1791456192.477185,24,1,2.8
assignment4_normal_20261008_194213,1791456192.428691,camera_color_optical_frame,1437,640,480,1,325.6,381.6,0.0175,0.5902,0.01768,3,0,,,,,8.11,100.07,1791456192.493784,24,0,2.8
assignment4_normal_20261008_194213,1791456192.462048,camera_color_optical_frame,1438,640,480,1,324.4,370.0,0.0137,0.5415,0.01699,1,1,0.990,0.3380,0.0000,0.0697,16.15,0.00,1791456192.553286,24,2,6.9
assignment4_normal_20261008_194213,1791456192.495406,camera_color_optical_frame,1439,640,480,1,323.3,353.1,0.0103,0.4714,0.01610,1,1,0.995,0.3390,-0.0006,0.0604,16.43,0.00,1791456192.597379,24,1,23.4
assignment4_normal_20261008_194213,1791456192.528764,camera_color_optical_frame,1440,640,480,1,321.4,325.8,0.0043,0.3573,0.01418,1,1,0.985,0.3400,-0.0017,0.0453,14.10,0.00,1791456192.645961,24,1,28.8
assignment4_normal_20261008_194213,1791456192.562121,camera_color_optical_frame,1441,640,480,1,320.8,293.1,0.0025,0.2211,0.01413,1,1,0.997,0.3400,-0.0020,0.0269,14.11,0.00,1791456192.687589,24,1,30.2
assignment4_normal_20261008_194213,1791456192.595479,camera_color_optical_frame,1442,640,480,1,320.2,259.0,0.0006,0.0793,0.01361,1,1,0.982,0.3400,-0.0023,0.0078,18.75,0.00,1791456192.731265,24,1,28.8
assignment4_normal_20261008_194213,1791456192.628837,camera_color_optical_frame,1443,640,480,1,320.4,222.3,0.0011,-0.0737,0.01454,1,1,0.997,0.3400,-0.0023,-0.0128,11.54,0.00,1791456192.762951,24,1,27.5
assignment4_normal_20261008_194213,1791456192.662194,camera_color_optical_frame,1444,640,480,1,320.8,188.7,0.0025,-0.2136,0.01481,1,1,0.978,0.3410,-0.0020,-0.0318,13.04,0.00,1791456192.803104,24,1,23.4
assignment4_normal_20261008_194213,1791456192.695552,camera_color_optical_frame,1445,640,480,1,321.5,159.0,0.0046,-0.3374,0.01547,1,1,0.992,0.3410,-0.0016,-0.0485,14.92,0.00,1791456192.849483,24,1,17.9
assignment4_normal_20261008_194213,1791456192.728909,camera_color_optical_frame,1446,640,480,1,321.5,134.4,0.0047,-0.4400,0.01557,1,1,0.994,0.3400,-0.0016,-0.0622,14.99,0.00,1791456192.882609,24,1,11.0
assignment4_normal_20261008_194213,1791456192.762266,camera_color_optical_frame,1447,640,480,1,321.9,114.5,0.0058,-0.5231,0.01605,1,1,0.977,0.3410,-0.0014,-0.0736,14.16,0.00,1791456192.917860,24,1,1.4
assignment4_normal_20261008_194213,1791456192.795623,camera_color_optical_frame,1448,640,480,1,322.6,101.0,0.0081,-0.5791,0.01709,1,1,0.950,0.3400,-0.0010,-0.0809,13.75,0.00,1791456192.959112,24,1,5.5
assignment4_normal_20261008_194213,1791456192.828979,camera_color_optical_frame,1449,640,480,1,322.5,96.7,0.0079,-0.5972,0.01786,1,1,0.942,0.3400,-0.0010,-0.0833,14.61,0.00,1791456193.003113,24,1,11.0
assignment4_normal_20261008_194213,1791456192.862337,camera_color_optical_frame,1450,640,480,1,321.1,103.7,0.0035,-0.5680,0.01771,1,1,0.980,0.3400,-0.0018,-0.0794,14.50,0.00,1791456193.040865,24,2,13.7
assignment4_normal_20261008_194213,1791456192.895694,camera_color_optical_frame,1451,640,480,1,319.6,115.3,-0.0012,-0.5195,0.01778,1,1,0.984,0.3390,-0.0027,-0.0727,13.94,0.00,1791456193.082785,24,1,23.4
assignment4_normal_20261008_194213,1791456192.929050,camera_color_optical_frame,1452,640,480,1,317.5,129.1,-0.0079,-0.4623,0.01790,1,1,0.993,0.3380,-0.0038,-0.0648,13.79,0.00,1791456193.121004,24,1,28.8
assignment4_normal_20261008_194213,1791456192.962407,camera_color_optical_frame,1453,640,480,1,315.0,145.9,-0.0157,-0.3922,0.01747,1,1,0.999,0.3370,-0.0052,-0.0552,14.00,0.00,1791456193.159694,24,1,31.6
assignment4_normal_20261008_194213,1791456192.995764,camera_color_optical_frame,1454,640,480,1,313.3,164.9,-0.0208,-0.3129,0.01751,1,1,0.993,0.3370,-0.0061,-0.0446,14.94,0.00,1791456193.202155,24,1,31.6
assignment4_normal_20261008_194213,1791456193.029121,camera_color_optical_frame,1455,640,480,1,311.4,190.2,-0.0268,-0.2076,0.01714,1,1,0.997,0.3380,-0.0072,-0.0307,11.77,0.00,1791456193.241030,24,1,30.2
assignment4_normal_20261008_194213,1791456193.062478,camera_color_optical_frame,1456,640,480,1,309.2,219.0,-0.0338,-0.0873,0.01644,1,1,0.999,0.3390,-0.0085,-0.0146,12.78,0.00,1791456193.277871,24,1,27.5
assignment4_normal_20261008_194213,1791456193.095835,camera_color_optical_frame,1457,640,480,1,308.5,244.6,-0.0361,0.0193,0.01618,1,1,0.998,0.3400,-0.0089,-0.0003,14.07,0.00,1791456193.315973,24,1,24.7
assignment4_normal_20261008_194213,1791456193.162549,camera_color_optical_frame,1458,640,480,1,308.4,291.1,-0.0363,0.2128,0.01635,1,1,0.997,0.3410,-0.0090,0.0259,14.42,0.00,1791456193.359122,24,1,20.6
assignment4_normal_20261008_194213,1791456193.195906,camera_color_optical_frame,1459,640,480,1,307.9,309.2,-0.0379,0.2883,0.01645,1,1,0.996,0.3400,-0.0093,0.0360,12.91,0.00,1791456193.398012,24,1,16.5
assignment4_normal_20261008_194213,1791456193.229262,camera_color_optical_frame,1460,640,480,1,307.4,322.3,-0.0393,0.3429,0.01653,1,1,0.998,0.3400,-0.0095,0.0433,13.72,0.00,1791456193.439108,24,1,11.0
assignment4_normal_20261008_194213,1791456193.262619,camera_color_optical_frame,1461,640,480,1,306.8,329.0,-0.0414,0.3708,0.01653,1,1,0.997,0.3400,-0.0099,0.0471,13.02,0.00,1791456193.479325,24,1,5.5
assignment4_normal_20261008_194213,1791456193.295976,camera_color_optical_frame,1462,640,480,1,306.9,330.3,-0.0410,0.3762,0.01643,2,1,0.998,0.3420,-0.0099,0.0481,18.45,0.00,1791456193.526789,24,1,4.1
assignment4_normal_20261008_194213,1791456193.362690,camera_color_optical_frame,1463,640,480,1,308.1,321.1,-0.0372,0.3378,0.01545,2,0,,,,,9.28,66.71,1791456193.542907,24,0,4.1
assignment4_normal_20261008_194213,1791456193.396047,camera_color_optical_frame,1464,640,480,1,310.3,311.0,-0.0302,0.2959,0.01474,2,1,1.000,0.3500,-0.0081,0.0381,12.70,0.00,1791456193.579501,24,1,11.0
assignment4_normal_20261008_194213,1791456193.429404,camera_color_optical_frame,1465,640,480,1,313.7,297.5,-0.0196,0.2395,0.01437,2,1,1.000,0.3560,-0.0062,0.0308,16.01,0.00,1791456193.618397,24,1,17.9
assignment4_normal_20261008_194213,1791456193.462761,camera_color_optical_frame,1466,640,480,1,316.4,280.5,-0.0113,0.1689,0.01363,1,1,0.997,0.3640,-0.0048,0.0213,14.14,0.00,1791456193.658982,24,2,19.2
assignment4_normal_20261008_194213,1791456193.529474,camera_color_optical_frame,1467,640,480,1,320.6,238.1,0.0019,-0.0078,0.01212,1,1,0.999,0.3840,-0.0024,-0.0044,11.49,0.00,1791456193.698192,24,1,19.2
assignment4_normal_20261008_194213,1791456193.562831,camera_color_optical_frame,1468,640,480,1,323.4,219.2,0.0108,-0.0867,0.01132,2,1,1.000,0.3960,-0.0006,-0.0170,16.10,0.00,1791456193.746775,24,1,17.9
assignment4_normal_20261008_194213,1791456193.596188,camera_color_optical_frame,1469,640,480,1,324.9,203.5,0.0154,-0.1520,0.01107,2,1,0.992,0.4080,0.0004,-0.0280,15.90,0.00,1791456193.780854,24,1,15.1
assignment4_normal_20261008_194213,1791456193.629545,camera_color_optical_frame,1470,640,480,1,326.2,192.3,0.0195,-0.1986,0.01088,1,1,0.974,0.4210,0.0013,-0.0367,12.97,0.00,1791456193.815156,24,1,13.7
assignment4_normal_20261008_194213,1791456193.662901,camera_color_optical_frame,1471,640,480,1,327.3,186.5,0.0228,-0.2230,0.01043,1,1,0.997,0.4340,0.0021,-0.0420,14.52,0.00,1791456193.854920,24,1,9.6
assignment4_normal_20261008_194213,1791456193.696259,camera_color_optical_frame,1472,640,480,1,329.5,185.4,0.0296,-0.2277,0.01027,1,1,0.994,0.4470,0.0038,-0.0441,15.20,0.00,1791456193.891222,24,1,2.8
assignment4_normal_20261008_194213,1791456193.729616,camera_color_optical_frame,1473,640,480,1,330.7,188.3,0.0335,-0.2154,0.00958,1,1,1.000,0.4570,0.0048,-0.0429,11.55,0.00,1791456193.928144,24,1,1.4
assignment4_normal_20261008_194213,1791456193.762974,camera_color_optical_frame,1474,640,480,1,332.2,194.1,0.0382,-0.1913,0.00919,2,1,0.999,0.4670,0.0060,-0.0394,14.32,0.00,1791456193.970322,24,1,4.1
assignment4_normal_20261008_194213,1791456193.796331,camera_color_optical_frame,1475,640,480,1,332.5,203.8,0.0390,-0.1510,0.00879,3,1,1.000,0.4770,0.0064,-0.0326,24.58,0.00,1791456194.017927,24,1,9.6
assignment4_normal_20261008_194213,1791456193.929760,camera_color_optical_frame,1476,640,480,1,336.9,256.2,0.0529,0.0673,0.00714,3,0,,,,,17.17,133.43,1791456194.045734,24,0,9.6
assignment4_normal_20261008_194213,1791456193.963117,camera_color_optical_frame,1477,640,480,1,337.8,264.0,0.0555,0.1002,0.00685,3,0,,,,,11.84,166.79,1791456194.066029,24,0,9.6
assignment4_normal_20261008_194213,1791456193.996475,camera_color_optical_frame,1478,640,480,0,,,0.0000,0.0000,0.00000,1,0,,,,,14.37,0.00,1791456194.101568,,1,8.2
assignment4_normal_20261008_194213,1791456194.029832,camera_color_optical_frame,1479,640,480,0,,,0.0000,0.0000,0.00000,1,0,,,,,13.28,0.00,1791456194.134542,,1,12.4
assignment4_normal_20261008_194213,1791456194.063190,camera_color_optical_frame,1480,640,480,0,,,0.0000,0.0000,0.00000,2,0,,,,,16.86,0.00,1791456194.176885,,1,11.0
assignment4_normal_20261008_194213,1791456194.096547,camera_color_optical_frame,1481,640,480,0,,,0.0000,0.0000,0.00000,1,0,,,,,14.01,0.00,1791456194.209004,,2,8.2
assignment4_normal_20261008_194213,1791456194.129905,camera_color_optical_frame,1482,640,480,0,,,0.0000,0.0000,0.00000,1,0,,,,,15.99,0.00,1791456194.247034,,2,1.4
assignment4_normal_20261008_194213,1791456194.163262,camera_color_optical_frame,1483,640,480,0,,,0.0000,0.0000,0.00000,1,0,,,,,13.67,0.00,1791456194.282093,,2,2.8
assignment4_normal_20261008_194213,1791456194.196619,camera_color_optical_frame,1484,640,480,0,,,0.0000,0.0000,0.00000,1,0,,,,,14.42,0.00,1791456194.320363,,2,2.8
assignment4_normal_20261008_194213,1791456194.229977,camera_color_optical_frame,1485,640,480,0,,,0.0000,0.0000,0.00000,1,0,,,,,13.95,0.00,1791456194.358742,,2,0.0
assignment4_normal_20261008_194213,1791456194.263334,camera_color_optical_frame,1486,640,480,0,,,0.0000,0.0000,0.00000,1,0,,,,,13.75,0.00,1791456194.393197,,2,0.0
assignment4_normal_20261008_194213,1791456194.296692,camera_color_optical_frame,1487,640,480,0,,,0.0000,0.0000,0.00000,1,0,,,,,14.69,0.00,1791456194.428626,,2,0.0
assignment4_normal_20261008_194213,1791456194.330049,camera_color_optical_frame,1488,640,480,0,,,0.0000,0.0000,0.00000,1,0,,,,,11.42,0.00,1791456194.460606,,1,0.0
assignment4_normal_20261008_194213,1791456194.363406,camera_color_optical_frame,1489,640,480,0,,,0.0000,0.0000,0.00000,1,0,,,,,13.48,0.00,1791456194.497375,,2,0.0
assignment4_normal_20261008_194213,1791456194.396764,camera_color_optical_frame,1490,640,480,0,,,0.0000,0.0000,0.00000,1,0,,,,,12.07,0.00,1791456194.530743,,2,0.0
assignment4_normal_20261008_194213,1791456194.430121,camera_color_optical_frame,1491,640,480,0,,,0.0000,0.0000,0.00000,1,0,,,,,18.56,0.00,1791456194.567922,,2,0.0
assignment4_normal_20261008_194213,1791456194.463478,camera_color_optical_frame,1492,640,480,1,340.4,186.2,0.0638,-0.2241,0.00555,2,0,,,,,11.62,33.36,1791456194.588286,30,0,0.0
assignment4_normal_20261008_194213,1791456194.496836,camera_color_optical_frame,1493,640,480,1,340.7,187.1,0.0646,-0.2203,0.00560,1,1,0.993,0.6170,0.0166,-0.0591,15.05,0.00,1791456194.624359,30,2,0.0
assignment4_normal_20261008_194213,1791456194.530193,camera_color_optical_frame,1494,640,480,1,340.7,190.0,0.0648,-0.2085,0.00558,3,0,,,,,13.99,33.36,1791456194.649884,30,0,0.0
assignment4_normal_20261008_194213,1791456194.563550,camera_color_optical_frame,1495,640,480,1,340.6,194.6,0.0645,-0.1892,0.00557,1,1,0.994,0.6170,0.0166,-0.0515,13.27,0.00,1791456194.676761,30,2,0.0
assignment4_normal_20261008_194213,1791456194.596908,camera_color_optical_frame,1496,640,480,1,340.6,201.3,0.0644,-0.1612,0.00555,1,1,0.997,0.6150,0.0165,-0.0445,13.27,0.00,1791456194.723442,30,1,0.0
assignment4_normal_20261008_194213,1791456194.630265,camera_color_optical_frame,1497,640,480,1,340.6,208.7,0.0642,-0.1304,0.00545,1,1,1.000,0.6150,0.0164,-0.0370,19.31,0.00,1791456194.767506,30,1,0.0
assignment4_normal_20261008_194213,1791456194.663623,camera_color_optical_frame,1498,640,480,1,340.4,217.2,0.0638,-0.0951,0.00534,3,0,,,,,13.52,33.36,1791456194.790133,30,0,0.0
assignment4_normal_20261008_194213,1791456194.696980,camera_color_optical_frame,1499,640,480,1,340.3,225.3,0.0634,-0.0613,0.00526,1,1,1.000,0.6170,0.0162,-0.0202,16.25,0.00,1791456194.827053,30,2,1.4
assignment4_normal_20261008_194213,1791456194.730337,camera_color_optical_frame,1500,640,480,1,338.9,233.3,0.0589,-0.0279,0.00499,1,1,1.000,0.6200,0.0148,-0.0121,14.33,0.00,1791456194.861612,30,1,4.1
assignment4_normal_20261008_194213,1791456194.763695,camera_color_optical_frame,1501,640,480,1,337.4,241.5,0.0544,0.0064,0.00490,1,1,1.000,0.6260,0.0135,-0.0037,16.63,0.00,1791456194.900126,30,1,5.5
assignment4_normal_20261008_194213,1791456194.797053,camera_color_optical_frame,1502,640,480,1,335.6,250.1,0.0487,0.0419,0.00480,2,1,0.989,0.6310,0.0117,0.0051,17.68,0.00,1791456194.934616,30,1,8.2
assignment4_normal_20261008_194213,1791456194.830411,camera_color_optical_frame,1503,640,480,1,333.1,261.2,0.0409,0.0882,0.00448,2,1,1.000,0.6380,0.0092,0.0169,20.56,0.00,1791456194.971914,30,1,9.6
assignment4_normal_20261008_194213,1791456194.863769,camera_color_optical_frame,1504,640,480,1,330.2,272.5,0.0319,0.1352,0.00445,2,1,1.000,0.6410,0.0062,0.0289,24.89,0.00,1791456195.010697,30,1,6.9
assignment4_normal_20261008_194213,1791456194.897127,camera_color_optical_frame,1505,640,480,1,327.7,281.6,0.0240,0.1735,0.00442,2,1,1.000,0.6420,0.0035,0.0387,25.26,0.00,1791456195.048661,30,1,5.5
assignment4_normal_20261008_194213,1791456194.930485,camera_color_optical_frame,1506,640,480,1,325.3,289.3,0.0167,0.2052,0.00442,2,1,1.000,0.6480,0.0010,0.0472,13.92,0.00,1791456195.072849,30,1,4.1
assignment4_normal_20261008_194213,1791456194.963843,camera_color_optical_frame,1507,640,480,1,322.0,294.7,0.0062,0.2281,0.00431,2,1,1.000,0.6540,-0.0026,0.0536,13.74,0.00,1791456195.107871,30,1,0.0
assignment4_normal_20261008_194213,1791456194.997200,camera_color_optical_frame,1508,640,480,1,318.5,298.7,-0.0045,0.2445,0.00428,2,1,1.000,0.6590,-0.0063,0.0582,15.38,0.00,1791456195.153902,30,1,0.0
assignment4_normal_20261008_194213,1791456195.030559,camera_color_optical_frame,1509,640,480,1,314.7,303.3,-0.0166,0.2636,0.00422,1,1,1.000,0.6620,-0.0106,0.0635,18.82,0.00,1791456195.196202,30,2,0.0
assignment4_normal_20261008_194213,1791456195.097275,camera_color_optical_frame,1510,640,480,1,305.2,311.6,-0.0464,0.2982,0.00417,3,0,,,,,13.17,33.36,1791456195.229324,30,0,0.0
assignment4_normal_20261008_194213,1791456195.163990,camera_color_optical_frame,1511,640,480,1,293.4,314.9,-0.0832,0.3119,0.00413,3,0,,,,,10.69,100.07,1791456195.257187,30,0,0.0
assignment4_normal_20261008_194213,1791456195.197348,camera_color_optical_frame,1512,640,480,1,288.1,315.1,-0.0998,0.3129,0.00410,1,1,1.000,0.6780,-0.0406,0.0783,14.33,0.00,1791456195.295937,30,2,0.0
assignment4_normal_20261008_194213,1791456195.230706,camera_color_optical_frame,1513,640,480,1,281.4,316.0,-0.1206,0.3167,0.00394,2,1,0.999,0.6840,-0.0485,0.0800,23.54,0.00,1791456195.343618,30,1,0.0
assignment4_normal_20261008_194213,1791456195.264064,camera_color_optical_frame,1514,640,480,1,275.8,316.2,-0.1381,0.3176,0.00394,2,1,1.000,0.6850,-0.0549,0.0804,25.30,0.00,1791456195.382520,30,1,0.0
assignment4_normal_20261008_194213,1791456195.297422,camera_color_optical_frame,1515,640,480,1,270.7,315.6,-0.1540,0.3150,0.00403,1,1,1.000,0.6880,-0.0609,0.0801,23.84,0.00,1791456195.416470,30,2,0.0
assignment4_normal_20261008_194213,1791456195.330780,camera_color_optical_frame,1516,640,480,1,265.9,314.6,-0.1692,0.3108,0.00388,1,1,1.000,0.6900,-0.0666,0.0791,15.75,0.00,1791456195.442023,30,2,0.0
assignment4_normal_20261008_194213,1791456195.364138,camera_color_optical_frame,1517,640,480,1,260.8,313.5,-0.1849,0.3064,0.00377,2,1,1.000,0.6940,-0.0728,0.0784,15.44,0.00,1791456195.479970,30,1,0.0
assignment4_normal_20261008_194213,1791456195.397496,camera_color_optical_frame,1518,640,480,1,255.5,312.1,-0.2014,0.3002,0.00376,2,1,1.000,0.6960,-0.0791,0.0769,12.45,0.00,1791456195.517492,30,1,0.0
assignment4_normal_20261008_194213,1791456195.430854,camera_color_optical_frame,1519,640,480,1,250.1,310.5,-0.2186,0.2936,0.00392,1,1,0.981,0.6970,-0.0855,0.0752,14.97,0.00,1791456195.556126,30,2,0.0
assignment4_normal_20261008_194213,1791456195.464212,camera_color_optical_frame,1520,640,480,1,245.3,309.0,-0.2334,0.2873,0.00373,2,1,1.000,0.6950,-0.0907,0.0732,12.70,0.00,1791456195.596357,30,1,0.0
assignment4_normal_20261008_194213,1791456195.497570,camera_color_optical_frame,1521,640,480,1,240.5,308.1,-0.2485,0.2840,0.00384,1,1,1.000,0.6970,-0.0965,0.0725,16.27,0.00,1791456195.642376,30,2,0.0
assignment4_normal_20261008_194213,1791456195.530928,camera_color_optical_frame,1522,640,480,1,235.5,307.2,-0.2642,0.2798,0.00371,1,1,1.000,0.7010,-0.1029,0.0718,13.26,0.00,1791456195.683243,30,2,0.0
assignment4_normal_20261008_194213,1791456195.564286,camera_color_optical_frame,1523,640,480,1,229.9,306.0,-0.2814,0.2750,0.00361,2,1,1.000,0.7010,-0.1093,0.0704,16.03,0.00,1791456195.729826,30,1,0.0
assignment4_normal_20261008_194213,1791456195.597644,camera_color_optical_frame,1524,640,480,1,225.7,304.0,-0.2948,0.2666,0.00368,2,1,0.999,0.7000,-0.1140,0.0680,12.81,0.00,1791456195.762377,30,1,0.0
assignment4_normal_20261008_194213,1791456195.631002,camera_color_optical_frame,1525,640,480,1,223.8,302.6,-0.3007,0.2609,0.00372,2,1,1.000,0.6970,-0.1157,0.0661,19.39,0.00,1791456195.812605,30,1,0.0
assignment4_normal_20261008_194213,1791456195.664361,camera_color_optical_frame,1526,640,480,1,227.0,302.1,-0.2906,0.2587,0.00361,2,1,1.000,0.7010,-0.1126,0.0659,18.55,0.00,1791456195.847677,30,1,0.0
assignment4_normal_20261008_194213,1791456195.697719,camera_color_optical_frame,1527,640,480,1,234.1,302.4,-0.2684,0.2602,0.00332,2,1,1.000,0.7030,-0.1047,0.0665,22.56,0.00,1791456195.889925,30,1,0.0
assignment4_normal_20261008_194213,1791456195.731077,camera_color_optical_frame,1528,640,480,1,247.2,304.4,-0.2275,0.2682,0.00348,1,1,0.980,0.7080,-0.0902,0.0692,23.59,0.00,1791456195.927897,30,2,0.0
assignment4_normal_20261008_194213,1791456195.764435,camera_color_optical_frame,1529,640,480,1,260.9,304.8,-0.1846,0.2699,0.00314,1,1,1.000,0.7110,-0.0745,0.0700,22.90,0.00,1791456195.963789,30,2,0.0
assignment4_normal_20261008_194213,1791456195.797794,camera_color_optical_frame,1530,640,480,1,276.8,305.9,-0.1350,0.2747,0.00314,2,1,1.000,0.7100,-0.0557,0.0713,19.47,0.00,1791456195.995417,30,1,0.0
assignment4_normal_20261008_194213,1791456195.831152,camera_color_optical_frame,1531,640,480,1,291.8,306.8,-0.0882,0.2784,0.00327,1,1,0.995,0.7110,-0.0382,0.0724,19.47,0.00,1791456196.030742,30,2,0.0
assignment4_normal_20261008_194213,1791456195.864510,camera_color_optical_frame,1532,640,480,1,305.6,304.2,-0.0451,0.2674,0.00345,1,1,0.983,0.7250,-0.0225,0.0707,17.41,0.00,1791456196.064300,30,2,0.0
assignment4_normal_20261008_194213,1791456195.897868,camera_color_optical_frame,1533,640,480,1,318.4,301.6,-0.0051,0.2565,0.00331,1,1,0.995,0.7160,-0.0071,0.0667,27.32,0.00,1791456196.109856,30,2,0.0
assignment4_normal_20261008_194213,1791456195.931227,camera_color_optical_frame,1534,640,480,1,328.0,299.2,0.0250,0.2465,0.00343,2,1,0.969,0.7190,0.0043,0.0641,23.90,0.00,1791456196.145707,30,1,0.0
assignment4_normal_20261008_194213,1791456195.964585,camera_color_optical_frame,1535,640,480,1,335.6,295.9,0.0487,0.2329,0.00354,2,1,0.978,0.7150,0.0132,0.0599,23.18,0.00,1791456196.181963,30,1,0.0
assignment4_normal_20261008_194213,1791456195.997943,camera_color_optical_frame,1536,640,480,1,341.1,291.2,0.0660,0.2131,0.00355,1,1,1.000,0.7140,0.0197,0.0542,21.96,0.00,1791456196.215609,30,2,0.0
assignment4_normal_20261008_194213,1791456196.031302,camera_color_optical_frame,1537,640,480,1,345.0,285.5,0.0781,0.1895,0.00357,2,1,1.000,0.7120,0.0242,0.0474,19.91,0.00,1791456196.245021,30,1,0.0
assignment4_normal_20261008_194213,1791456196.064660,camera_color_optical_frame,1538,640,480,1,347.1,278.9,0.0846,0.1621,0.00355,1,1,1.000,0.7100,0.0266,0.0396,16.22,0.00,1791456196.274417,30,2,0.0
assignment4_normal_20261008_194213,1791456196.098019,camera_color_optical_frame,1539,640,480,1,348.6,272.7,0.0895,0.1365,0.00360,1,1,0.989,0.7080,0.0284,0.0323,16.98,0.00,1791456196.310865,30,2,0.0
assignment4_normal_20261008_194213,1791456196.131377,camera_color_optical_frame,1540,640,480,1,349.6,267.0,0.0925,0.1124,0.00365,1,1,0.971,0.7050,0.0294,0.0254,16.48,0.00,1791456196.346286,30,2,0.0
assignment4_normal_20261008_194213,1791456196.198094,camera_color_optical_frame,1541,640,480,1,350.8,259.3,0.0962,0.0805,0.00382,1,1,1.000,0.7100,0.0310,0.0166,16.25,0.00,1791456196.380623,30,2,0.0
assignment4_normal_20261008_194213,1791456196.231452,camera_color_optical_frame,1542,640,480,1,353.3,258.2,0.1042,0.0758,0.00381,1,1,1.000,0.7140,0.0342,0.0154,16.60,0.00,1791456196.420272,30,2,0.0
assignment4_normal_20261008_194213,1791456196.264810,camera_color_optical_frame,1543,640,480,1,358.3,259.2,0.1198,0.0799,0.00373,1,1,0.999,0.7150,0.0401,0.0166,14.34,0.00,1791456196.457681,30,2,0.0
assignment4_normal_20261008_194213,1791456196.298169,camera_color_optical_frame,1544,640,480,1,365.3,261.4,0.1415,0.0893,0.00372,1,1,0.982,0.7170,0.0484,0.0193,14.36,0.00,1791456196.493428,30,2,0.0
assignment4_normal_20261008_194213,1791456196.331527,camera_color_optical_frame,1545,640,480,1,373.2,262.9,0.1661,0.0956,0.00377,1,1,0.992,0.7190,0.0579,0.0211,16.02,0.00,1791456196.531312,30,2,0.0
assignment4_normal_20261008_194213,1791456196.364886,camera_color_optical_frame,1546,640,480,1,379.8,263.2,0.1869,0.0966,0.00373,2,1,0.996,0.7190,0.0658,0.0214,14.93,0.00,1791456196.565217,30,1,0.0
assignment4_normal_20261008_194213,1791456196.398244,camera_color_optical_frame,1547,640,480,1,385.7,262.1,0.2053,0.0922,0.00369,2,1,0.999,0.7220,0.0731,0.0203,23.64,0.00,1791456196.617453,30,1,0.0
assignment4_normal_20261008_194213,1791456196.431602,camera_color_optical_frame,1548,640,480,1,390.7,260.7,0.2209,0.0862,0.00368,1,1,0.999,0.7250,0.0794,0.0186,15.58,0.00,1791456196.642403,30,2,0.0
assignment4_normal_20261008_194213,1791456196.464961,camera_color_optical_frame,1549,640,480,1,395.3,260.4,0.2353,0.0851,0.00354,2,1,0.989,0.7300,0.0855,0.0184,15.27,0.00,1791456196.675509,30,1,0.0
assignment4_normal_20261008_194213,1791456196.498319,camera_color_optical_frame,1550,640,480,1,399.6,260.1,0.2488,0.0837,0.00362,2,1,0.999,0.7350,0.0913,0.0182,13.57,0.00,1791456196.706536,30,1,0.0
assignment4_normal_20261008_194213,1791456196.531678,camera_color_optical_frame,1551,640,480,1,404.1,261.0,0.2628,0.0874,0.00363,2,1,1.000,0.7360,0.0968,0.0192,15.19,0.00,1791456196.749059,30,1,0.0
assignment4_normal_20261008_194213,1791456196.598395,camera_color_optical_frame,1552,640,480,1,413.0,260.9,0.2905,0.0869,0.00353,2,1,1.000,0.7390,0.1081,0.0192,15.64,0.00,1791456196.779338,30,1,0.0
assignment4_normal_20261008_194213,1791456196.631753,camera_color_optical_frame,1553,640,480,1,416.4,261.2,0.3013,0.0884,0.00357,1,1,1.000,0.7400,0.1124,0.0196,10.99,0.00,1791456196.831895,30,2,0.0
assignment4_normal_20261008_194213,1791456196.665105,camera_color_optical_frame,1554,640,480,1,419.7,261.7,0.3115,0.0903,0.00357,1,1,1.000,0.7420,0.1167,0.0203,13.16,0.00,1791456196.866276,30,2,0.0
assignment4_normal_20261008_194213,1791456196.698465,camera_color_optical_frame,1555,640,480,1,423.6,263.5,0.3238,0.0980,0.00368,1,1,1.000,0.7430,0.1217,0.0225,12.86,0.00,1791456196.904677,30,2,0.0
assignment4_normal_20261008_194213,1791456196.731824,camera_color_optical_frame,1556,640,480,1,429.6,266.4,0.3425,0.1099,0.00358,2,1,1.000,0.7420,0.1289,0.0260,14.43,0.00,1791456196.945445,30,1,0.0
