run_id,stamp_s,frame_id,frame_seq,width,height,detected,cx_px,cy_px,ex,ey,area_ratio,n_candidates,depth_valid,depth_valid_ratio,z_m,x_m,y_m,proc_ms,depth_dt_ms,pub_time_s,target_id,n_rejected,rot_speed_deg_s
assignment4_ctlstop_bridge_20261008_194707,1791456434.550549,camera_color_optical_frame,1,640,480,0,,,0.0000,0.0000,0.00000,0,0,,,,,25.06,100.09,1791456434.664329,,0,0.0
assignment4_ctlstop_bridge_20261008_194707,1791456434.583904,camera_color_optical_frame,2,640,480,0,,,0.0000,0.0000,0.00000,0,0,,,,,9.77,33.36,1791456434.700861,,0,0.0
assignment4_ctlstop_bridge_20261008_194707,1791456434.617260,camera_color_optical_frame,3,640,480,0,,,0.0000,0.0000,0.00000,0,0,,,,,9.23,0.00,1791456434.734175,,0,0.0
assignment4_ctlstop_bridge_20261008_194707,1791456434.650615,camera_color_optical_frame,4,640,480,0,,,0.0000,0.0000,0.00000,0,0,,,,,12.00,0.00,1791456434.769611,,0,0.0
assignment4_ctlstop_bridge_20261008_194707,1791456434.683971,camera_color_optical_frame,5,640,480,0,,,0.0000,0.0000,0.00000,0,0,,,,,9.30,0.00,1791456434.823718,,0,0.0
assignment4_ctlstop_bridge_20261008_194707,1791456434.717326,camera_color_optical_frame,6,640,480,0,,,0.0000,0.0000,0.00000,0,0,,,,,14.54,0.00,1791456434.872040,,0,0.0
assignment4_ctlstop_bridge_20261008_194707,1791456434.750681,camera_color_optical_frame,7,640,480,0,,,0.0000,0.0000,0.00000,0,0,,,,,10.70,0.00,1791456434.908164,,0,0.0
assignment4_ctlstop_bridge_20261008_194707,1791456434.784035,camera_color_optical_frame,8,640,480,0,,,0.0000,0.0000,0.00000,0,0,,,,,12.15,0.00,1791456434.951566,,0,0.0
assignment4_ctlstop_bridge_20261008_194707,1791456434.817390,camera_color_optical_frame,9,640,480,0,,,0.0000,0.0000,0.00000,0,0,,,,,9.44,0.00,1791456434.987283,,0,0.0
assignment4_ctlstop_bridge_20261008_194707,1791456434.850745,camera_color_optical_frame,10,640,480,0,,,0.0000,0.0000,0.00000,0,0,,,,,10.11,0.00,1791456435.027758,,0,0.0
assignment4_ctlstop_bridge_20261008_194707,1791456434.884099,camera_color_optical_frame,11,640,480,0,,,0.0000,0.0000,0.00000,0,0,,,,,12.53,0.00,1791456435.064430,,0,0.0
assignment4_ctlstop_bridge_20261008_194707,1791456434.917454,camera_color_optical_frame,12,640,480,0,,,0.0000,0.0000,0.00000,0,0,,,,,12.54,0.00,1791456435.104639,,0,0.0
assignment4_ctlstop_bridge_20261008_194707,1791456434.950807,camera_color_optical_frame,13,640,480,0,,,0.0000,0.0000,0.00000,0,0,,,,,10.88,0.00,1791456435.150097,,0,0.0
assignment4_ctlstop_bridge_20261008_194707,1791456434.984161,camera_color_optical_frame,14,640,480,0,,,0.0000,0.0000,0.00000,0,0,,,,,11.06,0.00,1791456435.192350,,0,0.0
assignment4_ctlstop_bridge_20261008_194707,1791456435.017515,camera_color_optical_frame,15,640,480,0,,,0.0000,0.0000,0.00000,0,0,,,,,12.75,0.00,1791456435.233635,,0,0.0
assignment4_ctlstop_bridge_20261008_194707,1791456435.050869,camera_color_optical_frame,16,640,480,0,,,0.0000,0.0000,0.00000,0,0,,,,,9.54,0.00,1791456435.272933,,0,0.0
assignment4_ctlstop_bridge_20261008_194707,1791456435.117576,camera_color_optical_frame,17,640,480,0,,,0.0000,0.0000,0.00000,0,0,,,,,9.37,0.00,1791456435.311728,,0,0.0
assignment4_ctlstop_bridge_20261008_194707,1791456435.150929,camera_color_optical_frame,18,640,480,0,,,0.0000,0.0000,0.00000,0,0,,,,,10.47,0.00,1791456435.346713,,0,0.0
assignment4_ctlstop_bridge_20261008_194707,1791456435.184282,camera_color_optical_frame,19,640,480,0,,,0.0000,0.0000,0.00000,0,0,,,,,9.62,0.00,1791456435.383399,,0,0.0
assignment4_ctlstop_bridge_20261008_194707,1791456435.217635,camera_color_optical_frame,20,640,480,0,,,0.0000,0.0000,0.00000,0,0,,,,,7.96,0.00,1791456435.423786,,0,0.0
assignment4_ctlstop_bridge_20261008_194707,1791456435.284341,camera_color_optical_frame,21,640,480,0,,,0.0000,0.0000,0.00000,0,0,,,,,9.13,0.00,1791456435.459364,,0,0.0
assignment4_ctlstop_bridge_20261008_194707,1791456435.317693,camera_color_optical_frame,22,640,480,0,,,0.0000,0.0000,0.00000,0,0,,,,,10.23,0.00,1791456435.495502,,0,0.0
assignment4_ctlstop_bridge_20261008_194707,1791456435.351046,camera_color_optical_frame,23,640,480,0,,,0.0000,0.0000,0.00000,0,0,,,,,11.32,0.00,1791456435.533603,,0,0.0
assignment4_ctlstop_bridge_20261008_194707,1791456435.384398,camera_color_optical_frame,24,640,480,0,,,0.0000,0.0000,0.00000,0,0,,,,,9.41,0.00,1791456435.574610,,0,0.0
assignment4_ctlstop_bridge_20261008_194707,1791456435.417750,camera_color_optical_frame,25,640,480,0,,,0.0000,0.0000,0.00000,0,0,,,,,12.61,0.00,1791456435.615857,,0,0.0
assignment4_ctlstop_bridge_20261008_194707,1791456435.451105,camera_color_optical_frame,26,640,480,0,,,0.0000,0.0000,0.00000,0,0,,,,,8.53,0.00,1791456435.645955,,0,0.0
assignment4_ctlstop_bridge_20261008_194707,1791456435.484460,camera_color_optical_frame,27,640,480,0,,,0.0000,0.0000,0.00000,0,0,,,,,10.30,0.00,1791456435.680241,,0,0.0
assignment4_ctlstop_bridge_20261008_194707,1791456435.517815,camera_color_optical_frame,28,640,480,0,,,0.0000,0.0000,0.00000,0,0,,,,,10.69,0.00,1791456435.715150,,0,0.0
assignment4_ctlstop_bridge_20261008_194707,1791456435.584525,camera_color_optical_frame,29,640,480,0,,,0.0000,0.0000,0.00000,0,0,,,,,10.39,66.71,1791456435.732429,,0,0.0
assignment4_ctlstop_bridge_20261008_194707,1791456435.617880,camera_color_optical_frame,30,640,480,0,,,0.0000,0.0000,0.00000,0,0,,,,,9.47,100.06,1791456435.751709,,0,0.0
assignment4_ctlstop_bridge_20261008_194707,1791456435.684589,camera_color_optical_frame,31,640,480,0,,,0.0000,0.0000,0.00000,0,0,,,,,8.25,166.77,1791456435.770379,,0,0.0
assignment4_ctlstop_bridge_20261008_194707,1791456435.717944,camera_color_optical_frame,32,640,480,0,,,0.0000,0.0000,0.00000,0,0,,,,,10.00,0.00,1791456435.806579,,0,0.0
assignment4_ctlstop_bridge_20261008_194707,1791456435.751298,camera_color_optical_frame,33,640,480,0,,,0.0000,0.0000,0.00000,0,0,,,,,10.53,0.00,1791456435.840453,,0,0.0
assignment4_ctlstop_bridge_20261008_194707,1791456435.784653,camera_color_optical_frame,34,640,480,0,,,0.0000,0.0000,0.00000,0,0,,,,,8.16,0.00,1791456435.878365,,0,0.0
assignment4_ctlstop_bridge_20261008_194707,1791456435.818007,camera_color_optical_frame,35,640,480,0,,,0.0000,0.0000,0.00000,0,0,,,,,11.90,0.00,1791456435.917963,,0,0.0
assignment4_ctlstop_bridge_20261008_194707,1791456435.851361,camera_color_optical_frame,36,640,480,0,,,0.0000,0.0000,0.00000,0,0,,,,,9.93,0.00,1791456435.948108,,0,0.0
assignment4_ctlstop_bridge_20261008_194707,1791456435.884716,camera_color_optical_frame,37,640,480,0,,,0.0000,0.0000,0.00000,0,0,,,,,9.56,0.00,1791456435.987893,,0,0.0
assignment4_ctlstop_bridge_20261008_194707,1791456435.918070,camera_color_optical_frame,38,640,480,0,,,0.0000,0.0000,0.00000,0,0,,,,,10.76,0.00,1791456436.024277,,0,0.0
assignment4_ctlstop_bridge_20261008_194707,1791456435.951424,camera_color_optical_frame,39,640,480,0,,,0.0000,0.0000,0.00000,0,0,,,,,9.92,0.00,1791456436.060309,,0,0.0
assignment4_ctlstop_bridge_20261008_194707,1791456435.984778,camera_color_optical_frame,40,640,480,0,,,0.0000,0.0000,0.00000,0,0,,,,,8.27,0.00,1791456436.098578,,0,0.0
assignment4_ctlstop_bridge_20261008_194707,1791456436.018132,camera_color_optical_frame,41,640,480,0,,,0.0000,0.0000,0.00000,0,0,,,,,10.69,0.00,1791456436.132905,,0,0.0
assignment4_ctlstop_bridge_20261008_194707,1791456436.051486,camera_color_optical_frame,42,640,480,0,,,0.0000,0.0000,0.00000,0,0,,,,,9.59,0.00,1791456436.166570,,0,0.0
assignment4_ctlstop_bridge_20261008_194707,1791456436.084840,camera_color_optical_frame,43,640,480,0,,,0.0000,0.0000,0.00000,0,0,,,,,9.62,0.00,1791456436.198110,,0,0.0
assignment4_ctlstop_bridge_20261008_194707,1791456436.118193,camera_color_optical_frame,44,640,480,0,,,0.0000,0.0000,0.00000,0,0,,,,,9.31,0.00,1791456436.230484,,0,0.0
assignment4_ctlstop_bridge_20261008_194707,1791456436.151547,camera_color_optical_frame,45,640,480,0,,,0.0000,0.0000,0.00000,0,0,,,,,8.40,0.00,1791456436.265458,,0,0.0
assignment4_ctlstop_bridge_20261008_194707,1791456436.184900,camera_color_optical_frame,46,640,480,0,,,0.0000,0.0000,0.00000,0,0,,,,,8.32,0.00,1791456436.298571,,0,0.0
assignment4_ctlstop_bridge_20261008_194707,1791456436.218254,camera_color_optical_frame,47,640,480,0,,,0.0000,0.0000,0.00000,0,0,,,,,7.88,0.00,1791456436.330950,,0,0.0
assignment4_ctlstop_bridge_20261008_194707,1791456436.251607,camera_color_optical_frame,48,640,480,0,,,0.0000,0.0000,0.00000,0,0,,,,,12.01,0.00,1791456436.366545,,0,0.0
assignment4_ctlstop_bridge_20261008_194707,1791456436.284961,camera_color_optical_frame,49,640,480,0,,,0.0000,0.0000,0.00000,0,0,,,,,14.29,0.00,1791456436.403017,,0,0.0
assignment4_ctlstop_bridge_20261008_194707,1791456436.318314,camera_color_optical_frame,50,640,480,0,,,0.0000,0.0000,0.00000,0,0,,,,,8.60,33.35,1791456436.418050,,0,0.0
assignment4_ctlstop_bridge_20261008_194707,1791456436.351667,camera_color_optical_frame,51,640,480,0,,,0.0000,0.0000,0.00000,0,0,,,,,9.79,0.00,1791456436.445745,,0,0.0
assignment4_ctlstop_bridge_20261008_194707,1791456436.385020,camera_color_optical_frame,52,640,480,0,,,0.0000,0.0000,0.00000,0,0,,,,,10.98,0.00,1791456436.485344,,0,0.0
assignment4_ctlstop_bridge_20261008_194707,1791456436.418374,camera_color_optical_frame,53,640,480,0,,,0.0000,0.0000,0.00000,0,0,,,,,10.66,0.00,1791456436.519043,,0,0.0
assignment4_ctlstop_bridge_20261008_194707,1791456436.451732,camera_color_optical_frame,54,640,480,0,,,0.0000,0.0000,0.00000,0,0,,,,,9.08,0.00,1791456436.551753,,0,0.0
assignment4_ctlstop_bridge_20261008_194707,1791456436.485090,camera_color_optical_frame,55,640,480,0,,,0.0000,0.0000,0.00000,0,0,,,,,9.84,33.36,1791456436.574312,,0,0.0
assignment4_ctlstop_bridge_20261008_194707,1791456436.518448,camera_color_optical_frame,56,640,480,0,,,0.0000,0.0000,0.00000,0,0,,,,,26.92,0.00,1791456436.627074,,0,0.0
assignment4_ctlstop_bridge_20261008_194707,1791456436.551806,camera_color_optical_frame,57,640,480,0,,,0.0000,0.0000,0.00000,0,0,,,,,12.54,0.00,1791456436.657429,,0,0.0
assignment4_ctlstop_bridge_20261008_194707,1791456436.585163,camera_color_optical_frame,58,640,480,0,,,0.0000,0.0000,0.00000,0,0,,,,,7.96,0.00,1791456436.680136,,0,0.0
assignment4_ctlstop_bridge_20261008_194707,1791456436.618519,camera_color_optical_frame,59,640,480,0,,,0.0000,0.0000,0.00000,0,0,,,,,13.78,33.36,1791456436.700591,,0,0.0
assignment4_ctlstop_bridge_20261008_194707,1791456436.651876,camera_color_optical_frame,60,640,480,0,,,0.0000,0.0000,0.00000,0,0,,,,,7.75,0.00,1791456436.742110,,0,0.0
assignment4_ctlstop_bridge_20261008_194707,1791456436.685233,camera_color_optical_frame,61,640,480,0,,,0.0000,0.0000,0.00000,0,0,,,,,12.47,0.00,1791456436.772818,,0,0.0
assignment4_ctlstop_bridge_20261008_194707,1791456436.718590,camera_color_optical_frame,62,640,480,0,,,0.0000,0.0000,0.00000,0,0,,,,,6.00,33.36,1791456436.782714,,0,0.0
assignment4_ctlstop_bridge_20261008_194707,1791456436.751946,camera_color_optical_frame,63,640,480,0,,,0.0000,0.0000,0.00000,0,0,,,,,11.41,0.00,1791456436.836497,,0,0.0
assignment4_ctlstop_bridge_20261008_194707,1791456436.785303,camera_color_optical_frame,64,640,480,0,,,0.0000,0.0000,0.00000,0,0,,,,,13.92,0.00,1791456436.870771,,0,0.0
assignment4_ctlstop_bridge_20261008_194707,1791456436.818659,camera_color_optical_frame,65,640,480,0,,,0.0000,0.0000,0.00000,0,0,,,,,8.09,0.00,1791456436.912476,,0,0.0
assignment4_ctlstop_bridge_20261008_194707,1791456436.852016,camera_color_optical_frame,66,640,480,0,,,0.0000,0.0000,0.00000,0,0,,,,,16.04,0.00,1791456436.963985,,0,0.0
assignment4_ctlstop_bridge_20261008_194707,1791456436.885373,camera_color_optical_frame,67,640,480,0,,,0.0000,0.0000,0.00000,0,0,,,,,7.71,0.00,1791456436.987608,,0,0.0
assignment4_ctlstop_bridge_20261008_194707,1791456436.918729,camera_color_optical_frame,68,640,480,0,,,0.0000,0.0000,0.00000,0,0,,,,,9.97,0.00,1791456437.019086,,0,0.0
assignment4_ctlstop_bridge_20261008_194707,1791456436.952085,camera_color_optical_frame,69,640,480,0,,,0.0000,0.0000,0.00000,0,0,,,,,10.38,0.00,1791456437.056241,,0,0.0
assignment4_ctlstop_bridge_20261008_194707,1791456436.985442,camera_color_optical_frame,70,640,480,0,,,0.0000,0.0000,0.00000,0,0,,,,,10.55,0.00,1791456437.096241,,0,0.0
assignment4_ctlstop_bridge_20261008_194707,1791456437.018798,camera_color_optical_frame,71,640,480,0,,,0.0000,0.0000,0.00000,0,0,,,,,9.39,0.00,1791456437.132616,,0,0.0
assignment4_ctlstop_bridge_20261008_194707,1791456437.052155,camera_color_optical_frame,72,640,480,0,,,0.0000,0.0000,0.00000,0,0,,,,,11.22,0.00,1791456437.167148,,0,0.0
assignment4_ctlstop_bridge_20261008_194707,1791456437.085511,camera_color_optical_frame,73,640,480,0,,,0.0000,0.0000,0.00000,0,0,,,,,9.70,0.00,1791456437.202999,,0,0.0
assignment4_ctlstop_bridge_20261008_194707,1791456437.118868,camera_color_optical_frame,74,640,480,0,,,0.0000,0.0000,0.00000,0,0,,,,,7.25,33.36,1791456437.223505,,0,0.0
assignment4_ctlstop_bridge_20261008_194707,1791456437.152224,camera_color_optical_frame,75,640,480,0,,,0.0000,0.0000,0.00000,0,0,,,,,10.26,0.00,1791456437.255696,,0,0.0
assignment4_ctlstop_bridge_20261008_194707,1791456437.185580,camera_color_optical_frame,76,640,480,0,,,0.0000,0.0000,0.00000,0,0,,,,,11.72,0.00,1791456437.292213,,0,0.0
assignment4_ctlstop_bridge_20261008_194707,1791456437.218937,camera_color_optical_frame,77,640,480,0,,,0.0000,0.0000,0.00000,0,0,,,,,8.95,0.00,1791456437.333246,,0,0.0
assignment4_ctlstop_bridge_20261008_194707,1791456437.252293,camera_color_optical_frame,78,640,480,0,,,0.0000,0.0000,0.00000,0,0,,,,,10.12,0.00,1791456437.370970,,0,0.0
assignment4_ctlstop_bridge_20261008_194707,1791456437.285649,camera_color_optical_frame,79,640,480,0,,,0.0000,0.0000,0.00000,0,0,,,,,9.45,0.00,1791456437.407256,,0,0.0
assignment4_ctlstop_bridge_20261008_194707,1791456437.319005,camera_color_optical_frame,80,640,480,0,,,0.0000,0.0000,0.00000,0,0,,,,,9.88,0.00,1791456437.446229,,0,0.0
assignment4_ctlstop_bridge_20261008_194707,1791456437.352362,camera_color_optical_frame,81,640,480,0,,,0.0000,0.0000,0.00000,0,0,,,,,11.50,0.00,1791456437.481755,,0,0.0
assignment4_ctlstop_bridge_20261008_194707,1791456437.385718,camera_color_optical_frame,82,640,480,0,,,0.0000,0.0000,0.00000,0,0,,,,,9.96,0.00,1791456437.519029,,0,0.0
assignment4_ctlstop_bridge_20261008_194707,1791456437.419074,camera_color_optical_frame,83,640,480,0,,,0.0000,0.0000,0.00000,0,0,,,,,10.64,0.00,1791456437.555623,,0,0.0
assignment4_ctlstop_bridge_20261008_194707,1791456437.452430,camera_color_optical_frame,84,640,480,0,,,0.0000,0.0000,0.00000,0,0,,,,,14.16,0.00,1791456437.597035,,0,0.0
assignment4_ctlstop_bridge_20261008_194707,1791456437.485788,camera_color_optical_frame,85,640,480,0,,,0.0000,0.0000,0.00000,0,0,,,,,8.65,33.36,1791456437.613580,,0,0.0
assignment4_ctlstop_bridge_20261008_194707,1791456437.552499,camera_color_optical_frame,86,640,480,0,,,0.0000,0.0000,0.00000,0,0,,,,,9.91,100.07,1791456437.630156,,0,0.0
assignment4_ctlstop_bridge_20261008_194707,1791456437.585854,camera_color_optical_frame,87,640,480,0,,,0.0000,0.0000,0.00000,0,0,,,,,10.35,0.00,1791456437.672881,,0,0.0
assignment4_ctlstop_bridge_20261008_194707,1791456437.619209,camera_color_optical_frame,88,640,480,0,,,0.0000,0.0000,0.00000,0,0,,,,,7.25,0.00,1791456437.697972,,0,0.0
assignment4_ctlstop_bridge_20261008_194707,1791456437.652565,camera_color_optical_frame,89,640,480,0,,,0.0000,0.0000,0.00000,0,0,,,,,7.36,33.36,1791456437.748213,,0,0.0
assignment4_ctlstop_bridge_20261008_194707,1791456437.685920,camera_color_optical_frame,90,640,480,0,,,0.0000,0.0000,0.00000,0,0,,,,,10.17,66.71,1791456437.762234,,0,0.0
assignment4_ctlstop_bridge_20261008_194707,1791456437.719275,camera_color_optical_frame,91,640,480,0,,,0.0000,0.0000,0.00000,0,0,,,,,8.86,0.00,1791456437.806396,,0,0.0
assignment4_ctlstop_bridge_20261008_194707,1791456437.752631,camera_color_optical_frame,92,640,480,0,,,0.0000,0.0000,0.00000,0,0,,,,,10.06,0.00,1791456437.841594,,0,0.0
assignment4_ctlstop_bridge_20261008_194707,1791456437.785986,camera_color_optical_frame,93,640,480,0,,,0.0000,0.0000,0.00000,0,0,,,,,10.56,0.00,1791456437.875390,,0,0.0
assignment4_ctlstop_bridge_20261008_194707,1791456437.819341,camera_color_optical_frame,94,640,480,0,,,0.0000,0.0000,0.00000,0,0,,,,,10.85,0.00,1791456437.912188,,0,0.0
assignment4_ctlstop_bridge_20261008_194707,1791456437.852696,camera_color_optical_frame,95,640,480,0,,,0.0000,0.0000,0.00000,0,0,,,,,10.47,0.00,1791456437.950896,,0,0.0
assignment4_ctlstop_bridge_20261008_194707,1791456437.886052,camera_color_optical_frame,96,640,480,0,,,0.0000,0.0000,0.00000,0,0,,,,,9.89,0.00,1791456437.987908,,0,0.0
assignment4_ctlstop_bridge_20261008_194707,1791456437.919407,camera_color_optical_frame,97,640,480,0,,,0.0000,0.0000,0.00000,0,0,,,,,7.20,33.36,1791456438.006391,,0,0.0
assignment4_ctlstop_bridge_20261008_194707,1791456437.952762,camera_color_optical_frame,98,640,480,0,,,0.0000,0.0000,0.00000,0,0,,,,,12.16,0.00,1791456438.038411,,0,0.0
assignment4_ctlstop_bridge_20261008_194707,1791456437.986117,camera_color_optical_frame,99,640,480,0,,,0.0000,0.0000,0.00000,0,0,,,,,9.37,0.00,1791456438.074997,,0,0.0
assignment4_ctlstop_bridge_20261008_194707,1791456438.019472,camera_color_optical_frame,100,640,480,0,,,0.0000,0.0000,0.00000,0,0,,,,,10.66,0.00,1791456438.110896,,0,0.0
assignment4_ctlstop_bridge_20261008_194707,1791456438.052827,camera_color_optical_frame,101,640,480,0,,,0.0000,0.0000,0.00000,0,0,,,,,11.80,0.00,1791456438.149646,,0,0.0
assignment4_ctlstop_bridge_20261008_194707,1791456438.086182,camera_color_optical_frame,102,640,480,0,,,0.0000,0.0000,0.00000,0,0,,,,,8.51,0.00,1791456438.185380,,0,0.0
assignment4_ctlstop_bridge_20261008_194707,1791456438.119537,camera_color_optical_frame,103,640,480,0,,,0.0000,0.0000,0.00000,0,0,,,,,10.36,0.00,1791456438.220350,,0,0.0
assignment4_ctlstop_bridge_20261008_194707,1791456438.152892,camera_color_optical_frame,104,640,480,0,,,0.0000,0.0000,0.00000,0,0,,,,,12.90,0.00,1791456438.258778,,0,0.0
assignment4_ctlstop_bridge_20261008_194707,1791456438.186247,camera_color_optical_frame,105,640,480,0,,,0.0000,0.0000,0.00000,0,0,,,,,7.05,33.35,1791456438.274499,,0,0.0
assignment4_ctlstop_bridge_20261008_194707,1791456438.219602,camera_color_optical_frame,106,640,480,0,,,0.0000,0.0000,0.00000,0,0,,,,,11.37,0.00,1791456438.304471,,0,0.0
assignment4_ctlstop_bridge_20261008_194707,1791456438.252957,camera_color_optical_frame,107,640,480,0,,,0.0000,0.0000,0.00000,0,0,,,,,10.65,0.00,1791456438.343389,,0,0.0
assignment4_ctlstop_bridge_20261008_194707,1791456438.286312,camera_color_optical_frame,108,640,480,0,,,0.0000,0.0000,0.00000,0,0,,,,,9.29,0.00,1791456438.381321,,0,0.0
assignment4_ctlstop_bridge_20261008_194707,1791456438.319666,camera_color_optical_frame,109,640,480,0,,,0.0000,0.0000,0.00000,0,0,,,,,9.17,0.00,1791456438.416608,,0,0.0
assignment4_ctlstop_bridge_20261008_194707,1791456438.353021,camera_color_optical_frame,110,640,480,0,,,0.0000,0.0000,0.00000,0,0,,,,,8.97,0.00,1791456438.452470,,0,0.0
assignment4_ctlstop_bridge_20261008_194707,1791456438.386376,camera_color_optical_frame,111,640,480,0,,,0.0000,0.0000,0.00000,0,0,,,,,11.11,0.00,1791456438.484276,,0,0.0
assignment4_ctlstop_bridge_20261008_194707,1791456438.419730,camera_color_optical_frame,112,640,480,0,,,0.0000,0.0000,0.00000,0,0,,,,,10.73,0.00,1791456438.523876,,0,0.0
assignment4_ctlstop_bridge_20261008_194707,1791456438.453085,camera_color_optical_frame,113,640,480,0,,,0.0000,0.0000,0.00000,0,0,,,,,11.45,0.00,1791456438.555335,,0,0.0
assignment4_ctlstop_bridge_20261008_194707,1791456438.486440,camera_color_optical_frame,114,640,480,0,,,0.0000,0.0000,0.00000,0,0,,,,,10.33,0.00,1791456438.592719,,0,0.0
assignment4_ctlstop_bridge_20261008_194707,1791456438.519780,camera_color_optical_frame,115,640,480,0,,,0.0000,0.0000,0.00000,0,0,,,,,10.95,0.00,1791456438.631413,,0,0.0
assignment4_ctlstop_bridge_20261008_194707,1791456438.553149,camera_color_optical_frame,116,640,480,0,,,0.0000,0.0000,0.00000,0,0,,,,,12.00,0.00,1791456438.665431,,0,0.0
assignment4_ctlstop_bridge_20261008_194707,1791456438.586518,camera_color_optical_frame,117,640,480,0,,,0.0000,0.0000,0.00000,0,0,,,,,9.38,0.00,1791456438.704648,,0,0.0
assignment4_ctlstop_bridge_20261008_194707,1791456438.619888,camera_color_optical_frame,118,640,480,0,,,0.0000,0.0000,0.00000,0,0,,,,,7.48,33.37,1791456438.721475,,0,0.0
assignment4_ctlstop_bridge_20261008_194707,1791456438.653257,camera_color_optical_frame,119,640,480,0,,,0.0000,0.0000,0.00000,0,0,,,,,10.85,0.00,1791456438.758369,,0,0.0
assignment4_ctlstop_bridge_20261008_194707,1791456438.686627,camera_color_optical_frame,120,640,480,0,,,0.0000,0.0000,0.00000,0,0,,,,,9.79,0.00,1791456438.793227,,0,0.0
assignment4_ctlstop_bridge_20261008_194707,1791456438.719996,camera_color_optical_frame,121,640,480,0,,,0.0000,0.0000,0.00000,0,0,,,,,8.79,0.00,1791456438.832840,,0,0.0
assignment4_ctlstop_bridge_20261008_194707,1791456438.753366,camera_color_optical_frame,122,640,480,0,,,0.0000,0.0000,0.00000,0,0,,,,,11.96,0.00,1791456438.865556,,0,0.0
assignment4_ctlstop_bridge_20261008_194707,1791456438.786736,camera_color_optical_frame,123,640,480,0,,,0.0000,0.0000,0.00000,0,0,,,,,10.87,0.00,1791456438.900266,,0,0.0
assignment4_ctlstop_bridge_20261008_194707,1791456438.820106,camera_color_optical_frame,124,640,480,0,,,0.0000,0.0000,0.00000,0,0,,,,,12.49,0.00,1791456438.935526,,0,0.0
assignment4_ctlstop_bridge_20261008_194707,1791456438.853476,camera_color_optical_frame,125,640,480,0,,,0.0000,0.0000,0.00000,0,0,,,,,14.71,0.00,1791456438.974630,,0,0.0
assignment4_ctlstop_bridge_20261008_194707,1791456438.886846,camera_color_optical_frame,126,640,480,0,,,0.0000,0.0000,0.00000,0,0,,,,,9.69,33.37,1791456438.990392,,0,0.0
assignment4_ctlstop_bridge_20261008_194707,1791456438.920217,camera_color_optical_frame,127,640,480,0,,,0.0000,0.0000,0.00000,0,0,,,,,8.38,0.00,1791456439.013110,,0,0.0
assignment4_ctlstop_bridge_20261008_194707,1791456438.953587,camera_color_optical_frame,128,640,480,0,,,0.0000,0.0000,0.00000,0,0,,,,,9.17,0.00,1791456439.066948,,0,0.0
assignment4_ctlstop_bridge_20261008_194707,1791456438.986958,camera_color_optical_frame,129,640,480,0,,,0.0000,0.0000,0.00000,0,0,,,,,8.31,0.00,1791456439.100266,,0,0.0
assignment4_ctlstop_bridge_20261008_194707,1791456439.020329,camera_color_optical_frame,130,640,480,0,,,0.0000,0.0000,0.00000,0,0,,,,,7.97,0.00,1791456439.137010,,0,0.0
assignment4_ctlstop_bridge_20261008_194707,1791456439.053700,camera_color_optical_frame,131,640,480,0,,,0.0000,0.0000,0.00000,0,0,,,,,11.51,0.00,1791456439.167660,,0,0.0
assignment4_ctlstop_bridge_20261008_194707,1791456439.087070,camera_color_optical_frame,132,640,480,0,,,0.0000,0.0000,0.00000,0,0,,,,,11.02,0.00,1791456439.203554,,0,0.0
assignment4_ctlstop_bridge_20261008_194707,1791456439.120442,camera_color_optical_frame,133,640,480,0,,,0.0000,0.0000,0.00000,0,0,,,,,11.17,0.00,1791456439.242399,,0,0.0
assignment4_ctlstop_bridge_20261008_194707,1791456439.153813,camera_color_optical_frame,134,640,480,0,,,0.0000,0.0000,0.00000,0,0,,,,,8.66,0.00,1791456439.270775,,0,0.0
assignment4_ctlstop_bridge_20261008_194707,1791456439.187185,camera_color_optical_frame,135,640,480,0,,,0.0000,0.0000,0.00000,0,0,,,,,8.34,0.00,1791456439.312145,,0,0.0
assignment4_ctlstop_bridge_20261008_194707,1791456439.220556,camera_color_optical_frame,136,640,480,0,,,0.0000,0.0000,0.00000,0,0,,,,,16.95,33.37,1791456439.336994,,0,0.0
assignment4_ctlstop_bridge_20261008_194707,1791456439.253927,camera_color_optical_frame,137,640,480,0,,,0.0000,0.0000,0.00000,0,0,,,,,11.29,0.00,1791456439.358514,,0,0.0
assignment4_ctlstop_bridge_20261008_194707,1791456439.287299,camera_color_optical_frame,138,640,480,0,,,0.0000,0.0000,0.00000,0,0,,,,,9.50,0.00,1791456439.386329,,0,0.0
assignment4_ctlstop_bridge_20261008_194707,1791456439.320671,camera_color_optical_frame,139,640,480,0,,,0.0000,0.0000,0.00000,0,0,,,,,8.42,0.00,1791456439.420596,,0,0.0
assignment4_ctlstop_bridge_20261008_194707,1791456439.354043,camera_color_optical_frame,140,640,480,0,,,0.0000,0.0000,0.00000,0,0,,,,,8.86,0.00,1791456439.449259,,0,0.0
assignment4_ctlstop_bridge_20261008_194707,1791456439.387415,camera_color_optical_frame,141,640,480,0,,,0.0000,0.0000,0.00000,0,0,,,,,9.40,0.00,1791456439.485764,,0,0.0
assignment4_ctlstop_bridge_20261008_194707,1791456439.420788,camera_color_optical_frame,142,640,480,0,,,0.0000,0.0000,0.00000,0,0,,,,,9.19,0.00,1791456439.519969,,0,0.0
assignment4_ctlstop_bridge_20261008_194707,1791456439.454160,camera_color_optical_frame,143,640,480,0,,,0.0000,0.0000,0.00000,0,0,,,,,9.12,0.00,1791456439.553243,,0,0.0
assignment4_ctlstop_bridge_20261008_194707,1791456439.487533,camera_color_optical_frame,144,640,480,0,,,0.0000,0.0000,0.00000,0,0,,,,,10.60,0.00,1791456439.583102,,0,0.0
assignment4_ctlstop_bridge_20261008_194707,1791456439.520905,camera_color_optical_frame,145,640,480,0,,,0.0000,0.0000,0.00000,0,0,,,,,9.13,0.00,1791456439.620425,,0,0.0
assignment4_ctlstop_bridge_20261008_194707,1791456439.554278,camera_color_optical_frame,146,640,480,0,,,0.0000,0.0000,0.00000,0,0,,,,,9.21,0.00,1791456439.652744,,0,0.0
assignment4_ctlstop_bridge_20261008_194707,1791456439.587630,camera_color_optical_frame,147,640,480,0,,,0.0000,0.0000,0.00000,0,0,,,,,8.51,0.00,1791456439.684050,,0,0.0
assignment4_ctlstop_bridge_20261008_194707,1791456439.620982,camera_color_optical_frame,148,640,480,0,,,0.0000,0.0000,0.00000,0,0,,,,,9.59,0.00,1791456439.718993,,0,0.0
assignment4_ctlstop_bridge_20261008_194707,1791456439.654334,camera_color_optical_frame,149,640,480,0,,,0.0000,0.0000,0.00000,0,0,,,,,7.81,0.00,1791456439.748917,,0,0.0
assignment4_ctlstop_bridge_20261008_194707,1791456439.687685,camera_color_optical_frame,150,640,480,0,,,0.0000,0.0000,0.00000,0,0,,,,,8.39,0.00,1791456439.786159,,0,0.0
assignment4_ctlstop_bridge_20261008_194707,1791456439.721037,camera_color_optical_frame,151,640,480,0,,,0.0000,0.0000,0.00000,0,0,,,,,8.48,0.00,1791456439.819645,,0,0.0
assignment4_ctlstop_bridge_20261008_194707,1791456439.754389,camera_color_optical_frame,152,640,480,0,,,0.0000,0.0000,0.00000,0,0,,,,,8.21,0.00,1791456439.850322,,0,0.0
assignment4_ctlstop_bridge_20261008_194707,1791456439.787740,camera_color_optical_frame,153,640,480,0,,,0.0000,0.0000,0.00000,0,0,,,,,9.57,0.00,1791456439.883052,,0,0.0
assignment4_ctlstop_bridge_20261008_194707,1791456439.821092,camera_color_optical_frame,154,640,480,0,,,0.0000,0.0000,0.00000,0,0,,,,,8.03,0.00,1791456439.919431,,0,0.0
assignment4_ctlstop_bridge_20261008_194707,1791456439.854443,camera_color_optical_frame,155,640,480,0,,,0.0000,0.0000,0.00000,0,0,,,,,12.56,0.00,1791456439.958785,,0,0.0
assignment4_ctlstop_bridge_20261008_194707,1791456439.887795,camera_color_optical_frame,156,640,480,0,,,0.0000,0.0000,0.00000,0,0,,,,,9.47,0.00,1791456439.990710,,0,0.0
assignment4_ctlstop_bridge_20261008_194707,1791456439.921146,camera_color_optical_frame,157,640,480,0,,,0.0000,0.0000,0.00000,0,0,,,,,8.76,0.00,1791456440.022326,,0,0.0
assignment4_ctlstop_bridge_20261008_194707,1791456439.954498,camera_color_optical_frame,158,640,480,0,,,0.0000,0.0000,0.00000,0,0,,,,,7.90,0.00,1791456440.052543,,0,1.4
assignment4_ctlstop_bridge_20261008_194707,1791456439.987849,camera_color_optical_frame,159,640,480,0,,,0.0000,0.0000,0.00000,0,0,,,,,7.66,0.00,1791456440.087379,,0,2.8
assignment4_ctlstop_bridge_20261008_194707,1791456440.021200,camera_color_optical_frame,160,640,480,0,,,0.0000,0.0000,0.00000,0,0,,,,,7.93,0.00,1791456440.121119,,0,1.4
assignment4_ctlstop_bridge_20261008_194707,1791456440.054551,camera_color_optical_frame,161,640,480,0,,,0.0000,0.0000,0.00000,0,0,,,,,9.53,0.00,1791456440.158724,,0,0.0
assignment4_ctlstop_bridge_20261008_194707,1791456440.087902,camera_color_optical_frame,162,640,480,0,,,0.0000,0.0000,0.00000,0,0,,,,,11.10,0.00,1791456440.194450,,0,0.0
assignment4_ctlstop_bridge_20261008_194707,1791456440.121253,camera_color_optical_frame,163,640,480,0,,,0.0000,0.0000,0.00000,0,0,,,,,10.72,0.00,1791456440.227925,,0,0.0
assignment4_ctlstop_bridge_20261008_194707,1791456440.154604,camera_color_optical_frame,164,640,480,0,,,0.0000,0.0000,0.00000,0,0,,,,,9.97,0.00,1791456440.261142,,0,0.0
assignment4_ctlstop_bridge_20261008_194707,1791456440.187955,camera_color_optical_frame,165,640,480,0,,,0.0000,0.0000,0.00000,0,0,,,,,8.31,0.00,1791456440.291906,,0,0.0
assignment4_ctlstop_bridge_20261008_194707,1791456440.221306,camera_color_optical_frame,166,640,480,0,,,0.0000,0.0000,0.00000,0,0,,,,,8.83,0.00,1791456440.326194,,0,0.0
assignment4_ctlstop_bridge_20261008_194707,1791456440.254657,camera_color_optical_frame,167,640,480,0,,,0.0000,0.0000,0.00000,0,0,,,,,9.08,0.00,1791456440.360544,,0,0.0
assignment4_ctlstop_bridge_20261008_194707,1791456440.288007,camera_color_optical_frame,168,640,480,0,,,0.0000,0.0000,0.00000,0,0,,,,,13.20,0.00,1791456440.402704,,0,0.0
assignment4_ctlstop_bridge_20261008_194707,1791456440.321358,camera_color_optical_frame,169,640,480,0,,,0.0000,0.0000,0.00000,0,0,,,,,9.73,0.00,1791456440.429924,,0,0.0
assignment4_ctlstop_bridge_20261008_194707,1791456440.354708,camera_color_optical_frame,170,640,480,0,,,0.0000,0.0000,0.00000,0,0,,,,,7.89,0.00,1791456440.460049,,0,0.0
assignment4_ctlstop_bridge_20261008_194707,1791456440.388059,camera_color_optical_frame,171,640,480,0,,,0.0000,0.0000,0.00000,0,0,,,,,9.38,0.00,1791456440.497191,,0,0.0
assignment4_ctlstop_bridge_20261008_194707,1791456440.421409,camera_color_optical_frame,172,640,480,0,,,0.0000,0.0000,0.00000,0,0,,,,,9.93,0.00,1791456440.531289,,0,0.0
assignment4_ctlstop_bridge_20261008_194707,1791456440.454760,camera_color_optical_frame,173,640,480,0,,,0.0000,0.0000,0.00000,0,0,,,,,14.48,0.00,1791456440.565259,,0,0.0
assignment4_ctlstop_bridge_20261008_194707,1791456440.488110,camera_color_optical_frame,174,640,480,0,,,0.0000,0.0000,0.00000,0,0,,,,,9.69,33.35,1791456440.582939,,0,0.0
assignment4_ctlstop_bridge_20261008_194707,1791456440.521460,camera_color_optical_frame,175,640,480,0,,,0.0000,0.0000,0.00000,0,0,,,,,8.74,0.00,1791456440.607912,,0,0.0
assignment4_ctlstop_bridge_20261008_194707,1791456440.554811,camera_color_optical_frame,176,640,480,0,,,0.0000,0.0000,0.00000,0,0,,,,,6.65,33.35,1791456440.621008,,0,0.0
assignment4_ctlstop_bridge_20261008_194707,1791456440.588162,camera_color_optical_frame,177,640,480,0,,,0.0000,0.0000,0.00000,0,0,,,,,8.16,0.00,1791456440.677754,,0,0.0
assignment4_ctlstop_bridge_20261008_194707,1791456440.621513,camera_color_optical_frame,178,640,480,0,,,0.0000,0.0000,0.00000,0,0,,,,,9.02,0.00,1791456440.711995,,0,0.0
assignment4_ctlstop_bridge_20261008_194707,1791456440.654865,camera_color_optical_frame,179,640,480,0,,,0.0000,0.0000,0.00000,0,0,,,,,8.94,0.00,1791456440.752503,,0,0.0
assignment4_ctlstop_bridge_20261008_194707,1791456440.688215,camera_color_optical_frame,180,640,480,0,,,0.0000,0.0000,0.00000,0,0,,,,,8.50,0.00,1791456440.790459,,0,0.0
assignment4_ctlstop_bridge_20261008_194707,1791456440.721566,camera_color_optical_frame,181,640,480,0,,,0.0000,0.0000,0.00000,0,0,,,,,7.92,0.00,1791456440.823504,,0,0.0
assignment4_ctlstop_bridge_20261008_194707,1791456440.754917,camera_color_optical_frame,182,640,480,0,,,0.0000,0.0000,0.00000,0,0,,,,,8.01,0.00,1791456440.856870,,0,0.0
assignment4_ctlstop_bridge_20261008_194707,1791456440.788267,camera_color_optical_frame,183,640,480,0,,,0.0000,0.0000,0.00000,0,0,,,,,9.98,0.00,1791456440.891540,,0,0.0
assignment4_ctlstop_bridge_20261008_194707,1791456440.821618,camera_color_optical_frame,184,640,480,0,,,0.0000,0.0000,0.00000,0,0,,,,,8.27,0.00,1791456440.923270,,0,0.0
assignment4_ctlstop_bridge_20261008_194707,1791456440.854969,camera_color_optical_frame,185,640,480,0,,,0.0000,0.0000,0.00000,0,0,,,,,8.92,0.00,1791456440.957734,,0,0.0
assignment4_ctlstop_bridge_20261008_194707,1791456440.888319,camera_color_optical_frame,186,640,480,0,,,0.0000,0.0000,0.00000,0,0,,,,,10.42,0.00,1791456440.997989,,0,0.0
assignment4_ctlstop_bridge_20261008_194707,1791456440.921669,camera_color_optical_frame,187,640,480,0,,,0.0000,0.0000,0.00000,0,0,,,,,11.14,0.00,1791456441.033495,,0,0.0
assignment4_ctlstop_bridge_20261008_194707,1791456440.955020,camera_color_optical_frame,188,640,480,0,,,0.0000,0.0000,0.00000,0,0,,,,,12.50,0.00,1791456441.066275,,0,0.0
assignment4_ctlstop_bridge_20261008_194707,1791456440.988370,camera_color_optical_frame,189,640,480,0,,,0.0000,0.0000,0.00000,0,0,,,,,12.01,0.00,1791456441.097928,,0,0.0
assignment4_ctlstop_bridge_20261008_194707,1791456441.021720,camera_color_optical_frame,190,640,480,0,,,0.0000,0.0000,0.00000,0,0,,,,,7.72,0.00,1791456441.141960,,0,0.0
assignment4_ctlstop_bridge_20261008_194707,1791456441.055070,camera_color_optical_frame,191,640,480,0,,,0.0000,0.0000,0.00000,0,0,,,,,7.78,0.00,1791456441.174557,,0,0.0
assignment4_ctlstop_bridge_20261008_194707,1791456441.088420,camera_color_optical_frame,192,640,480,0,,,0.0000,0.0000,0.00000,0,0,,,,,11.80,33.35,1791456441.202142,,0,0.0
assignment4_ctlstop_bridge_20261008_194707,1791456441.121771,camera_color_optical_frame,193,640,480,0,,,0.0000,0.0000,0.00000,0,0,,,,,10.47,0.00,1791456441.233674,,0,0.0
assignment4_ctlstop_bridge_20261008_194707,1791456441.155121,camera_color_optical_frame,194,640,480,0,,,0.0000,0.0000,0.00000,0,0,,,,,8.54,33.35,1791456441.254484,,0,0.0
assignment4_ctlstop_bridge_20261008_194707,1791456441.188471,camera_color_optical_frame,195,640,480,0,,,0.0000,0.0000,0.00000,0,0,,,,,12.43,0.00,1791456441.295331,,0,0.0
assignment4_ctlstop_bridge_20261008_194707,1791456441.221821,camera_color_optical_frame,196,640,480,0,,,0.0000,0.0000,0.00000,0,0,,,,,7.19,0.00,1791456441.323747,,0,0.0
assignment4_ctlstop_bridge_20261008_194707,1791456441.255170,camera_color_optical_frame,197,640,480,0,,,0.0000,0.0000,0.00000,0,0,,,,,6.49,0.00,1791456441.352186,,0,0.0
assignment4_ctlstop_bridge_20261008_194707,1791456441.288520,camera_color_optical_frame,198,640,480,0,,,0.0000,0.0000,0.00000,0,0,,,,,6.08,33.35,1791456441.382964,,0,0.0
assignment4_ctlstop_bridge_20261008_194707,1791456441.321870,camera_color_optical_frame,199,640,480,0,,,0.0000,0.0000,0.00000,0,0,,,,,11.82,66.70,1791456441.401670,,0,0.0
assignment4_ctlstop_bridge_20261008_194707,1791456441.355219,camera_color_optical_frame,200,640,480,0,,,0.0000,0.0000,0.00000,0,0,,,,,8.46,0.00,1791456441.441370,,0,0.0
assignment4_ctlstop_bridge_20261008_194707,1791456441.388569,camera_color_optical_frame,201,640,480,0,,,0.0000,0.0000,0.00000,0,0,,,,,6.44,33.35,1791456441.453784,,0,0.0
assignment4_ctlstop_bridge_20261008_194707,1791456441.421919,camera_color_optical_frame,202,640,480,0,,,0.0000,0.0000,0.00000,0,0,,,,,11.61,0.00,1791456441.505321,,0,0.0
assignment4_ctlstop_bridge_20261008_194707,1791456441.455268,camera_color_optical_frame,203,640,480,0,,,0.0000,0.0000,0.00000,0,0,,,,,7.83,0.00,1791456441.538688,,0,0.0
assignment4_ctlstop_bridge_20261008_194707,1791456441.488618,camera_color_optical_frame,204,640,480,0,,,0.0000,0.0000,0.00000,0,0,,,,,12.82,33.35,1791456441.563739,,0,0.0
assignment4_ctlstop_bridge_20261008_194707,1791456441.521967,camera_color_optical_frame,205,640,480,0,,,0.0000,0.0000,0.00000,0,0,,,,,7.52,0.00,1791456441.607146,,0,0.0
assignment4_ctlstop_bridge_20261008_194707,1791456441.555325,camera_color_optical_frame,206,640,480,0,,,0.0000,0.0000,0.00000,0,0,,,,,7.74,0.00,1791456441.645894,,0,0.0
assignment4_ctlstop_bridge_20261008_194707,1791456441.588682,camera_color_optical_frame,207,640,480,0,,,0.0000,0.0000,0.00000,0,0,,,,,8.30,0.00,1791456441.676224,,0,0.0
assignment4_ctlstop_bridge_20261008_194707,1791456441.622039,camera_color_optical_frame,208,640,480,0,,,0.0000,0.0000,0.00000,0,0,,,,,6.16,33.36,1791456441.687111,,0,0.0
assignment4_ctlstop_bridge_20261008_194707,1791456441.655396,camera_color_optical_frame,209,640,480,0,,,0.0000,0.0000,0.00000,0,0,,,,,7.70,0.00,1791456441.742796,,0,0.0
assignment4_ctlstop_bridge_20261008_194707,1791456441.688753,camera_color_optical_frame,210,640,480,0,,,0.0000,0.0000,0.00000,0,0,,,,,8.08,0.00,1791456441.777762,,0,0.0
assignment4_ctlstop_bridge_20261008_194707,1791456441.722111,camera_color_optical_frame,211,640,480,0,,,0.0000,0.0000,0.00000,0,0,,,,,8.35,0.00,1791456441.815237,,0,0.0
assignment4_ctlstop_bridge_20261008_194707,1791456441.755468,camera_color_optical_frame,212,640,480,0,,,0.0000,0.0000,0.00000,0,0,,,,,10.27,0.00,1791456441.847724,,0,0.0
assignment4_ctlstop_bridge_20261008_194707,1791456441.788825,camera_color_optical_frame,213,640,480,0,,,0.0000,0.0000,0.00000,0,0,,,,,8.74,0.00,1791456441.888364,,0,0.0
assignment4_ctlstop_bridge_20261008_194707,1791456441.822182,camera_color_optical_frame,214,640,480,0,,,0.0000,0.0000,0.00000,0,0,,,,,10.09,0.00,1791456441.925460,,0,0.0
assignment4_ctlstop_bridge_20261008_194707,1791456441.855539,camera_color_optical_frame,215,640,480,0,,,0.0000,0.0000,0.00000,0,0,,,,,11.36,0.00,1791456441.966236,,0,0.0
assignment4_ctlstop_bridge_20261008_194707,1791456441.888897,camera_color_optical_frame,216,640,480,0,,,0.0000,0.0000,0.00000,0,0,,,,,8.61,0.00,1791456442.007568,,0,0.0
assignment4_ctlstop_bridge_20261008_194707,1791456441.922254,camera_color_optical_frame,217,640,480,0,,,0.0000,0.0000,0.00000,0,0,,,,,8.90,0.00,1791456442.042992,,0,0.0
assignment4_ctlstop_bridge_20261008_194707,1791456441.955611,camera_color_optical_frame,218,640,480,0,,,0.0000,0.0000,0.00000,0,0,,,,,8.91,0.00,1791456442.080789,,0,0.0
assignment4_ctlstop_bridge_20261008_194707,1791456441.988968,camera_color_optical_frame,219,640,480,0,,,0.0000,0.0000,0.00000,0,0,,,,,8.28,0.00,1791456442.114259,,0,0.0
assignment4_ctlstop_bridge_20261008_194707,1791456442.022325,camera_color_optical_frame,220,640,480,0,,,0.0000,0.0000,0.00000,0,0,,,,,10.58,33.36,1791456442.135759,,0,0.0
assignment4_ctlstop_bridge_20261008_194707,1791456442.055683,camera_color_optical_frame,221,640,480,0,,,0.0000,0.0000,0.00000,0,0,,,,,7.24,66.71,1791456442.149456,,0,0.0
assignment4_ctlstop_bridge_20261008_194707,1791456442.089040,camera_color_optical_frame,222,640,480,0,,,0.0000,0.0000,0.00000,0,0,,,,,12.06,100.07,1791456442.166895,,0,0.0
assignment4_ctlstop_bridge_20261008_194707,1791456442.122397,camera_color_optical_frame,223,640,480,0,,,0.0000,0.0000,0.00000,0,0,,,,,6.53,0.00,1791456442.205203,,0,0.0
assignment4_ctlstop_bridge_20261008_194707,1791456442.155754,camera_color_optical_frame,224,640,480,0,,,0.0000,0.0000,0.00000,0,0,,,,,6.61,33.36,1791456442.250677,,0,0.0
assignment4_ctlstop_bridge_20261008_194707,1791456442.189111,camera_color_optical_frame,225,640,480,0,,,0.0000,0.0000,0.00000,0,0,,,,,11.95,66.71,1791456442.269469,,0,0.0
assignment4_ctlstop_bridge_20261008_194707,1791456442.222469,camera_color_optical_frame,226,640,480,0,,,0.0000,0.0000,0.00000,0,0,,,,,7.62,0.00,1791456442.310518,,0,0.0
assignment4_ctlstop_bridge_20261008_194707,1791456442.255826,camera_color_optical_frame,227,640,480,0,,,0.0000,0.0000,0.00000,0,0,,,,,7.78,0.00,1791456442.344495,,0,0.0
assignment4_ctlstop_bridge_20261008_194707,1791456442.289183,camera_color_optical_frame,228,640,480,0,,,0.0000,0.0000,0.00000,0,0,,,,,10.27,0.00,1791456442.379467,,0,0.0
assignment4_ctlstop_bridge_20261008_194707,1791456442.322540,camera_color_optical_frame,229,640,480,0,,,0.0000,0.0000,0.00000,0,0,,,,,10.20,0.00,1791456442.417449,,0,0.0
assignment4_ctlstop_bridge_20261008_194707,1791456442.355897,camera_color_optical_frame,230,640,480,0,,,0.0000,0.0000,0.00000,0,0,,,,,8.44,0.00,1791456442.452889,,0,0.0
assignment4_ctlstop_bridge_20261008_194707,1791456442.389255,camera_color_optical_frame,231,640,480,0,,,0.0000,0.0000,0.00000,0,0,,,,,7.80,33.36,1791456442.472629,,0,0.0
assignment4_ctlstop_bridge_20261008_194707,1791456442.422612,camera_color_optical_frame,232,640,480,0,,,0.0000,0.0000,0.00000,0,0,,,,,8.41,0.00,1791456442.514775,,0,0.0
assignment4_ctlstop_bridge_20261008_194707,1791456442.455969,camera_color_optical_frame,233,640,480,0,,,0.0000,0.0000,0.00000,0,0,,,,,7.34,0.00,1791456442.550224,,0,0.0
assignment4_ctlstop_bridge_20261008_194707,1791456442.489326,camera_color_optical_frame,234,640,480,0,,,0.0000,0.0000,0.00000,0,0,,,,,10.97,0.00,1791456442.583961,,0,0.0
assignment4_ctlstop_bridge_20261008_194707,1791456442.522684,camera_color_optical_frame,235,640,480,0,,,0.0000,0.0000,0.00000,0,0,,,,,10.55,0.00,1791456442.623273,,0,0.0
assignment4_ctlstop_bridge_20261008_194707,1791456442.556041,camera_color_optical_frame,236,640,480,0,,,0.0000,0.0000,0.00000,0,0,,,,,11.70,0.00,1791456442.659828,,0,0.0
assignment4_ctlstop_bridge_20261008_194707,1791456442.589400,camera_color_optical_frame,237,640,480,0,,,0.0000,0.0000,0.00000,0,0,,,,,9.96,0.00,1791456442.699429,,0,0.0
assignment4_ctlstop_bridge_20261008_194707,1791456442.622758,camera_color_optical_frame,238,640,480,0,,,0.0000,0.0000,0.00000,0,0,,,,,8.53,0.00,1791456442.734652,,0,0.0
assignment4_ctlstop_bridge_20261008_194707,1791456442.656116,camera_color_optical_frame,239,640,480,0,,,0.0000,0.0000,0.00000,0,0,,,,,10.14,0.00,1791456442.766278,,0,0.0
assignment4_ctlstop_bridge_20261008_194707,1791456442.689474,camera_color_optical_frame,240,640,480,0,,,0.0000,0.0000,0.00000,0,0,,,,,11.91,0.00,1791456442.804004,,0,0.0
assignment4_ctlstop_bridge_20261008_194707,1791456442.722832,camera_color_optical_frame,241,640,480,0,,,0.0000,0.0000,0.00000,0,0,,,,,9.15,0.00,1791456442.848137,,0,0.0
assignment4_ctlstop_bridge_20261008_194707,1791456442.756191,camera_color_optical_frame,242,640,480,0,,,0.0000,0.0000,0.00000,0,0,,,,,7.32,0.00,1791456442.881240,,0,0.0
assignment4_ctlstop_bridge_20261008_194707,1791456442.789549,camera_color_optical_frame,243,640,480,0,,,0.0000,0.0000,0.00000,0,0,,,,,9.88,0.00,1791456442.920000,,0,0.0
assignment4_ctlstop_bridge_20261008_194707,1791456442.822907,camera_color_optical_frame,244,640,480,0,,,0.0000,0.0000,0.00000,0,0,,,,,7.69,0.00,1791456442.962741,,0,0.0
assignment4_ctlstop_bridge_20261008_194707,1791456442.856265,camera_color_optical_frame,245,640,480,0,,,0.0000,0.0000,0.00000,0,0,,,,,10.46,0.00,1791456442.996973,,0,0.0
assignment4_ctlstop_bridge_20261008_194707,1791456442.889623,camera_color_optical_frame,246,640,480,0,,,0.0000,0.0000,0.00000,0,0,,,,,8.38,0.00,1791456443.034626,,0,0.0
assignment4_ctlstop_bridge_20261008_194707,1791456442.922981,camera_color_optical_frame,247,640,480,0,,,0.0000,0.0000,0.00000,0,0,,,,,12.65,0.00,1791456443.070128,,0,0.0
assignment4_ctlstop_bridge_20261008_194707,1791456442.956340,camera_color_optical_frame,248,640,480,0,,,0.0000,0.0000,0.00000,0,0,,,,,11.04,0.00,1791456443.108610,,0,0.0
assignment4_ctlstop_bridge_20261008_194707,1791456442.989698,camera_color_optical_frame,249,640,480,0,,,0.0000,0.0000,0.00000,0,0,,,,,7.78,0.00,1791456443.141056,,0,0.0
assignment4_ctlstop_bridge_20261008_194707,1791456443.023056,camera_color_optical_frame,250,640,480,0,,,0.0000,0.0000,0.00000,0,0,,,,,7.10,33.36,1791456443.157081,,0,0.0
assignment4_ctlstop_bridge_20261008_194707,1791456443.056414,camera_color_optical_frame,251,640,480,0,,,0.0000,0.0000,0.00000,0,0,,,,,7.90,66.72,1791456443.174076,,0,0.0
assignment4_ctlstop_bridge_20261008_194707,1791456443.089772,camera_color_optical_frame,252,640,480,0,,,0.0000,0.0000,0.00000,0,0,,,,,8.16,100.07,1791456443.192285,,0,0.0
assignment4_ctlstop_bridge_20261008_194707,1791456443.123130,camera_color_optical_frame,253,640,480,0,,,0.0000,0.0000,0.00000,0,0,,,,,7.58,133.43,1791456443.212642,,0,0.0
assignment4_ctlstop_bridge_20261008_194707,1791456443.156488,camera_color_optical_frame,254,640,480,0,,,0.0000,0.0000,0.00000,0,0,,,,,9.58,0.00,1791456443.244359,,0,0.0
assignment4_ctlstop_bridge_20261008_194707,1791456443.189847,camera_color_optical_frame,255,640,480,0,,,0.0000,0.0000,0.00000,0,0,,,,,8.27,0.00,1791456443.281516,,0,0.0
assignment4_ctlstop_bridge_20261008_194707,1791456443.223205,camera_color_optical_frame,256,640,480,0,,,0.0000,0.0000,0.00000,0,0,,,,,9.45,0.00,1791456443.316396,,0,0.0
assignment4_ctlstop_bridge_20261008_194707,1791456443.256563,camera_color_optical_frame,257,640,480,0,,,0.0000,0.0000,0.00000,0,0,,,,,8.63,0.00,1791456443.354231,,0,0.0
assignment4_ctlstop_bridge_20261008_194707,1791456443.289921,camera_color_optical_frame,258,640,480,0,,,0.0000,0.0000,0.00000,0,0,,,,,7.70,0.00,1791456443.389349,,0,0.0
assignment4_ctlstop_bridge_20261008_194707,1791456443.323280,camera_color_optical_frame,259,640,480,0,,,0.0000,0.0000,0.00000,0,0,,,,,8.21,0.00,1791456443.423458,,0,0.0
assignment4_ctlstop_bridge_20261008_194707,1791456443.356638,camera_color_optical_frame,260,640,480,0,,,0.0000,0.0000,0.00000,0,0,,,,,9.83,0.00,1791456443.458414,,0,0.0
assignment4_ctlstop_bridge_20261008_194707,1791456443.389996,camera_color_optical_frame,261,640,480,0,,,0.0000,0.0000,0.00000,0,0,,,,,8.32,0.00,1791456443.495400,,0,0.0
assignment4_ctlstop_bridge_20261008_194707,1791456443.423354,camera_color_optical_frame,262,640,480,0,,,0.0000,0.0000,0.00000,0,0,,,,,8.16,0.00,1791456443.533000,,0,0.0
assignment4_ctlstop_bridge_20261008_194707,1791456443.456712,camera_color_optical_frame,263,640,480,0,,,0.0000,0.0000,0.00000,0,0,,,,,10.71,0.00,1791456443.567495,,0,0.0
assignment4_ctlstop_bridge_20261008_194707,1791456443.490071,camera_color_optical_frame,264,640,480,0,,,0.0000,0.0000,0.00000,0,0,,,,,8.62,0.00,1791456443.600551,,0,0.0
assignment4_ctlstop_bridge_20261008_194707,1791456443.523429,camera_color_optical_frame,265,640,480,0,,,0.0000,0.0000,0.00000,0,0,,,,,7.83,0.00,1791456443.634473,,0,0.0
assignment4_ctlstop_bridge_20261008_194707,1791456443.556787,camera_color_optical_frame,266,640,480,0,,,0.0000,0.0000,0.00000,0,0,,,,,9.00,0.00,1791456443.669994,,0,0.0
assignment4_ctlstop_bridge_20261008_194707,1791456443.590145,camera_color_optical_frame,267,640,480,0,,,0.0000,0.0000,0.00000,0,0,,,,,11.40,0.00,1791456443.702632,,0,0.0
assignment4_ctlstop_bridge_20261008_194707,1791456443.623503,camera_color_optical_frame,268,640,480,0,,,0.0000,0.0000,0.00000,0,0,,,,,8.61,0.00,1791456443.746389,,0,0.0
assignment4_ctlstop_bridge_20261008_194707,1791456443.656862,camera_color_optical_frame,269,640,480,0,,,0.0000,0.0000,0.00000,0,0,,,,,9.45,0.00,1791456443.781437,,0,0.0
assignment4_ctlstop_bridge_20261008_194707,1791456443.690220,camera_color_optical_frame,270,640,480,0,,,0.0000,0.0000,0.00000,0,0,,,,,8.52,0.00,1791456443.818326,,0,0.0
assignment4_ctlstop_bridge_20261008_194707,1791456443.723578,camera_color_optical_frame,271,640,480,0,,,0.0000,0.0000,0.00000,0,0,,,,,9.26,0.00,1791456443.856957,,0,0.0
assignment4_ctlstop_bridge_20261008_194707,1791456443.756936,camera_color_optical_frame,272,640,480,0,,,0.0000,0.0000,0.00000,0,0,,,,,10.67,0.00,1791456443.894574,,0,0.0
assignment4_ctlstop_bridge_20261008_194707,1791456443.790294,camera_color_optical_frame,273,640,480,0,,,0.0000,0.0000,0.00000,0,0,,,,,9.64,0.00,1791456443.936884,,0,0.0
assignment4_ctlstop_bridge_20261008_194707,1791456443.823652,camera_color_optical_frame,274,640,480,0,,,0.0000,0.0000,0.00000,0,0,,,,,8.20,0.00,1791456443.969783,,0,0.0
assignment4_ctlstop_bridge_20261008_194707,1791456443.857010,camera_color_optical_frame,275,640,480,0,,,0.0000,0.0000,0.00000,0,0,,,,,8.26,0.00,1791456444.004383,,0,0.0
assignment4_ctlstop_bridge_20261008_194707,1791456443.890369,camera_color_optical_frame,276,640,480,0,,,0.0000,0.0000,0.00000,0,0,,,,,8.00,0.00,1791456444.038758,,0,0.0
assignment4_ctlstop_bridge_20261008_194707,1791456443.923727,camera_color_optical_frame,277,640,480,0,,,0.0000,0.0000,0.00000,0,0,,,,,7.59,0.00,1791456444.070084,,0,0.0
assignment4_ctlstop_bridge_20261008_194707,1791456443.957085,camera_color_optical_frame,278,640,480,0,,,0.0000,0.0000,0.00000,0,0,,,,,8.30,0.00,1791456444.104593,,0,0.0
assignment4_ctlstop_bridge_20261008_194707,1791456443.990443,camera_color_optical_frame,279,640,480,0,,,0.0000,0.0000,0.00000,0,0,,,,,8.14,0.00,1791456444.138686,,0,0.0
assignment4_ctlstop_bridge_20261008_194707,1791456444.023801,camera_color_optical_frame,280,640,480,0,,,0.0000,0.0000,0.00000,0,0,,,,,10.26,0.00,1791456444.174930,,0,0.0
assignment4_ctlstop_bridge_20261008_194707,1791456444.057159,camera_color_optical_frame,281,640,480,0,,,0.0000,0.0000,0.00000,0,0,,,,,9.98,0.00,1791456444.208060,,0,0.0
assignment4_ctlstop_bridge_20261008_194707,1791456444.090517,camera_color_optical_frame,282,640,480,0,,,0.0000,0.0000,0.00000,0,0,,,,,8.84,0.00,1791456444.237854,,0,0.0
assignment4_ctlstop_bridge_20261008_194707,1791456444.123876,camera_color_optical_frame,283,640,480,0,,,0.0000,0.0000,0.00000,0,0,,,,,8.14,0.00,1791456444.270930,,0,0.0
assignment4_ctlstop_bridge_20261008_194707,1791456444.157234,camera_color_optical_frame,284,640,480,0,,,0.0000,0.0000,0.00000,0,0,,,,,8.88,0.00,1791456444.303152,,0,0.0
assignment4_ctlstop_bridge_20261008_194707,1791456444.190592,camera_color_optical_frame,285,640,480,0,,,0.0000,0.0000,0.00000,0,0,,,,,8.27,0.00,1791456444.338486,,0,0.0
assignment4_ctlstop_bridge_20261008_194707,1791456444.223950,camera_color_optical_frame,286,640,480,0,,,0.0000,0.0000,0.00000,0,0,,,,,7.32,0.00,1791456444.370395,,0,0.0
assignment4_ctlstop_bridge_20261008_194707,1791456444.257308,camera_color_optical_frame,287,640,480,0,,,0.0000,0.0000,0.00000,0,0,,,,,8.70,0.00,1791456444.404346,,0,0.0
assignment4_ctlstop_bridge_20261008_194707,1791456444.290666,camera_color_optical_frame,288,640,480,0,,,0.0000,0.0000,0.00000,0,0,,,,,10.25,0.00,1791456444.435390,,0,0.0
assignment4_ctlstop_bridge_20261008_194707,1791456444.324024,camera_color_optical_frame,289,640,480,0,,,0.0000,0.0000,0.00000,0,0,,,,,10.82,0.00,1791456444.470618,,0,0.0
assignment4_ctlstop_bridge_20261008_194707,1791456444.357383,camera_color_optical_frame,290,640,480,0,,,0.0000,0.0000,0.00000,0,0,,,,,7.92,33.36,1791456444.488655,,0,0.0
assignment4_ctlstop_bridge_20261008_194707,1791456444.424099,camera_color_optical_frame,291,640,480,0,,,0.0000,0.0000,0.00000,0,0,,,,,7.47,100.07,1791456444.510739,,0,0.0
assignment4_ctlstop_bridge_20261008_194707,1791456444.457457,camera_color_optical_frame,292,640,480,0,,,0.0000,0.0000,0.00000,0,0,,,,,6.87,0.00,1791456444.546767,,0,0.0
assignment4_ctlstop_bridge_20261008_194707,1791456444.490815,camera_color_optical_frame,293,640,480,0,,,0.0000,0.0000,0.00000,0,0,,,,,7.64,0.00,1791456444.579589,,0,0.0
assignment4_ctlstop_bridge_20261008_194707,1791456444.524173,camera_color_optical_frame,294,640,480,0,,,0.0000,0.0000,0.00000,0,0,,,,,8.39,0.00,1791456444.614903,,0,0.0
assignment4_ctlstop_bridge_20261008_194707,1791456444.557531,camera_color_optical_frame,295,640,480,0,,,0.0000,0.0000,0.00000,0,0,,,,,9.90,0.00,1791456444.643255,,0,0.0
assignment4_ctlstop_bridge_20261008_194707,1791456444.590889,camera_color_optical_frame,296,640,480,0,,,0.0000,0.0000,0.00000,0,0,,,,,6.04,33.36,1791456444.655440,,0,0.0
assignment4_ctlstop_bridge_20261008_194707,1791456444.624246,camera_color_optical_frame,297,640,480,0,,,0.0000,0.0000,0.00000,0,0,,,,,12.02,0.00,1791456444.712632,,0,0.0
assignment4_ctlstop_bridge_20261008_194707,1791456444.657604,camera_color_optical_frame,298,640,480,0,,,0.0000,0.0000,0.00000,0,0,,,,,9.81,0.00,1791456444.749274,,0,0.0
assignment4_ctlstop_bridge_20261008_194707,1791456444.690962,camera_color_optical_frame,299,640,480,0,,,0.0000,0.0000,0.00000,0,0,,,,,10.08,0.00,1791456444.783707,,0,0.0
assignment4_ctlstop_bridge_20261008_194707,1791456444.724320,camera_color_optical_frame,300,640,480,0,,,0.0000,0.0000,0.00000,0,0,,,,,7.51,0.00,1791456444.823713,,0,0.0
assignment4_ctlstop_bridge_20261008_194707,1791456444.757678,camera_color_optical_frame,301,640,480,0,,,0.0000,0.0000,0.00000,0,0,,,,,10.72,0.00,1791456444.864054,,0,0.0
assignment4_ctlstop_bridge_20261008_194707,1791456444.791035,camera_color_optical_frame,302,640,480,0,,,0.0000,0.0000,0.00000,0,0,,,,,10.64,0.00,1791456444.897206,,0,0.0
assignment4_ctlstop_bridge_20261008_194707,1791456444.824393,camera_color_optical_frame,303,640,480,0,,,0.0000,0.0000,0.00000,0,0,,,,,9.67,0.00,1791456444.930516,,0,0.0
assignment4_ctlstop_bridge_20261008_194707,1791456444.857751,camera_color_optical_frame,304,640,480,0,,,0.0000,0.0000,0.00000,0,0,,,,,10.10,0.00,1791456444.967435,,0,0.0
assignment4_ctlstop_bridge_20261008_194707,1791456444.891109,camera_color_optical_frame,305,640,480,0,,,0.0000,0.0000,0.00000,0,0,,,,,9.66,0.00,1791456445.002696,,0,0.0
assignment4_ctlstop_bridge_20261008_194707,1791456444.924466,camera_color_optical_frame,306,640,480,0,,,0.0000,0.0000,0.00000,0,0,,,,,9.76,0.00,1791456445.036491,,0,0.0
assignment4_ctlstop_bridge_20261008_194707,1791456444.957824,camera_color_optical_frame,307,640,480,0,,,0.0000,0.0000,0.00000,0,0,,,,,13.47,0.00,1791456445.068964,,0,0.0
assignment4_ctlstop_bridge_20261008_194707,1791456444.991182,camera_color_optical_frame,308,640,480,0,,,0.0000,0.0000,0.00000,0,0,,,,,11.84,0.00,1791456445.103472,,0,0.0
assignment4_ctlstop_bridge_20261008_194707,1791456445.024539,camera_color_optical_frame,309,640,480,0,,,0.0000,0.0000,0.00000,0,0,,,,,8.56,0.00,1791456445.137771,,0,0.0
assignment4_ctlstop_bridge_20261008_194707,1791456445.057897,camera_color_optical_frame,310,640,480,0,,,0.0000,0.0000,0.00000,0,0,,,,,8.03,0.00,1791456445.171392,,0,0.0
assignment4_ctlstop_bridge_20261008_194707,1791456445.091255,camera_color_optical_frame,311,640,480,0,,,0.0000,0.0000,0.00000,0,0,,,,,7.82,0.00,1791456445.207625,,0,0.0
assignment4_ctlstop_bridge_20261008_194707,1791456445.124613,camera_color_optical_frame,312,640,480,0,,,0.0000,0.0000,0.00000,0,0,,,,,9.17,0.00,1791456445.242528,,0,0.0
assignment4_ctlstop_bridge_20261008_194707,1791456445.157970,camera_color_optical_frame,313,640,480,0,,,0.0000,0.0000,0.00000,0,0,,,,,8.46,0.00,1791456445.276665,,0,0.0
assignment4_ctlstop_bridge_20261008_194707,1791456445.191328,camera_color_optical_frame,314,640,480,0,,,0.0000,0.0000,0.00000,0,0,,,,,7.41,0.00,1791456445.309431,,0,0.0
assignment4_ctlstop_bridge_20261008_194707,1791456445.224686,camera_color_optical_frame,315,640,480,0,,,0.0000,0.0000,0.00000,0,0,,,,,9.88,0.00,1791456445.343411,,0,0.0
assignment4_ctlstop_bridge_20261008_194707,1791456445.258044,camera_color_optical_frame,316,640,480,0,,,0.0000,0.0000,0.00000,0,0,,,,,7.69,0.00,1791456445.377670,,0,0.0
assignment4_ctlstop_bridge_20261008_194707,1791456445.291402,camera_color_optical_frame,317,640,480,0,,,0.0000,0.0000,0.00000,0,0,,,,,7.29,0.00,1791456445.413186,,0,0.0
assignment4_ctlstop_bridge_20261008_194707,1791456445.324759,camera_color_optical_frame,318,640,480,0,,,0.0000,0.0000,0.00000,0,0,,,,,9.39,0.00,1791456445.445202,,0,0.0
assignment4_ctlstop_bridge_20261008_194707,1791456445.358117,camera_color_optical_frame,319,640,480,0,,,0.0000,0.0000,0.00000,0,0,,,,,10.83,0.00,1791456445.479967,,0,0.0
assignment4_ctlstop_bridge_20261008_194707,1791456445.391475,camera_color_optical_frame,320,640,480,0,,,0.0000,0.0000,0.00000,0,0,,,,,10.41,0.00,1791456445.514640,,0,0.0
assignment4_ctlstop_bridge_20261008_194707,1791456445.424832,camera_color_optical_frame,321,640,480,0,,,0.0000,0.0000,0.00000,0,0,,,,,9.38,0.00,1791456445.556453,,0,0.0
assignment4_ctlstop_bridge_20261008_194707,1791456445.458190,camera_color_optical_frame,322,640,480,0,,,0.0000,0.0000,0.00000,0,0,,,,,8.69,0.00,1791456445.595160,,0,0.0
assignment4_ctlstop_bridge_20261008_194707,1791456445.491548,camera_color_optical_frame,323,640,480,0,,,0.0000,0.0000,0.00000,0,0,,,,,14.26,0.00,1791456445.634288,,0,0.0
assignment4_ctlstop_bridge_20261008_194707,1791456445.524910,camera_color_optical_frame,324,640,480,0,,,0.0000,0.0000,0.00000,0,0,,,,,8.49,33.36,1791456445.651160,,0,0.0
assignment4_ctlstop_bridge_20261008_194707,1791456445.591635,camera_color_optical_frame,325,640,480,0,,,0.0000,0.0000,0.00000,0,0,,,,,13.63,100.09,1791456445.670530,,0,0.0
assignment4_ctlstop_bridge_20261008_194707,1791456445.624997,camera_color_optical_frame,326,640,480,0,,,0.0000,0.0000,0.00000,0,0,,,,,7.86,0.00,1791456445.707970,,0,0.0
assignment4_ctlstop_bridge_20261008_194707,1791456445.658359,camera_color_optical_frame,327,640,480,0,,,0.0000,0.0000,0.00000,0,0,,,,,7.47,0.00,1791456445.755107,,0,0.0
assignment4_ctlstop_bridge_20261008_194707,1791456445.691722,camera_color_optical_frame,328,640,480,0,,,0.0000,0.0000,0.00000,0,0,,,,,7.09,0.00,1791456445.786034,,0,0.0
assignment4_ctlstop_bridge_20261008_194707,1791456445.725084,camera_color_optical_frame,329,640,480,0,,,0.0000,0.0000,0.00000,0,0,,,,,10.78,33.36,1791456445.805437,,0,0.0
assignment4_ctlstop_bridge_20261008_194707,1791456445.758446,camera_color_optical_frame,330,640,480,0,,,0.0000,0.0000,0.00000,0,0,,,,,7.88,0.00,1791456445.847340,,0,0.0
assignment4_ctlstop_bridge_20261008_194707,1791456445.791809,camera_color_optical_frame,331,640,480,0,,,0.0000,0.0000,0.00000,0,0,,,,,8.50,0.00,1791456445.882690,,0,0.0
assignment4_ctlstop_bridge_20261008_194707,1791456445.825171,camera_color_optical_frame,332,640,480,0,,,0.0000,0.0000,0.00000,0,0,,,,,9.54,0.00,1791456445.919283,,0,0.0
assignment4_ctlstop_bridge_20261008_194707,1791456445.858533,camera_color_optical_frame,333,640,480,0,,,0.0000,0.0000,0.00000,0,0,,,,,11.48,0.00,1791456445.956913,,0,0.0
assignment4_ctlstop_bridge_20261008_194707,1791456445.891896,camera_color_optical_frame,334,640,480,0,,,0.0000,0.0000,0.00000,0,0,,,,,9.57,0.00,1791456446.000621,,0,0.0
assignment4_ctlstop_bridge_20261008_194707,1791456445.925258,camera_color_optical_frame,335,640,480,0,,,0.0000,0.0000,0.00000,0,0,,,,,9.46,0.00,1791456446.036897,,0,0.0
assignment4_ctlstop_bridge_20261008_194707,1791456445.958621,camera_color_optical_frame,336,640,480,0,,,0.0000,0.0000,0.00000,0,0,,,,,10.32,0.00,1791456446.074185,,0,0.0
assignment4_ctlstop_bridge_20261008_194707,1791456445.991983,camera_color_optical_frame,337,640,480,0,,,0.0000,0.0000,0.00000,0,0,,,,,8.26,0.00,1791456446.115412,,0,0.0
assignment4_ctlstop_bridge_20261008_194707,1791456446.025346,camera_color_optical_frame,338,640,480,0,,,0.0000,0.0000,0.00000,0,0,,,,,9.55,0.00,1791456446.150426,,0,0.0
assignment4_ctlstop_bridge_20261008_194707,1791456446.058708,camera_color_optical_frame,339,640,480,0,,,0.0000,0.0000,0.00000,0,0,,,,,7.33,33.36,1791456446.167746,,0,0.0
assignment4_ctlstop_bridge_20261008_194707,1791456446.092071,camera_color_optical_frame,340,640,480,0,,,0.0000,0.0000,0.00000,0,0,,,,,9.16,0.00,1791456446.202010,,0,0.0
assignment4_ctlstop_bridge_20261008_194707,1791456446.125434,camera_color_optical_frame,341,640,480,0,,,0.0000,0.0000,0.00000,0,0,,,,,12.42,0.00,1791456446.237245,,0,0.0
assignment4_ctlstop_bridge_20261008_194707,1791456446.158796,camera_color_optical_frame,342,640,480,0,,,0.0000,0.0000,0.00000,0,0,,,,,9.54,0.00,1791456446.277431,,0,0.0
assignment4_ctlstop_bridge_20261008_194707,1791456446.192159,camera_color_optical_frame,343,640,480,0,,,0.0000,0.0000,0.00000,0,0,,,,,9.42,0.00,1791456446.308849,,0,0.0
assignment4_ctlstop_bridge_20261008_194707,1791456446.225522,camera_color_optical_frame,344,640,480,0,,,0.0000,0.0000,0.00000,0,0,,,,,11.22,0.00,1791456446.341032,,0,0.0
assignment4_ctlstop_bridge_20261008_194707,1791456446.258884,camera_color_optical_frame,345,640,480,0,,,0.0000,0.0000,0.00000,0,0,,,,,9.55,0.00,1791456446.379756,,0,0.0
assignment4_ctlstop_bridge_20261008_194707,1791456446.292247,camera_color_optical_frame,346,640,480,0,,,0.0000,0.0000,0.00000,0,0,,,,,10.06,0.00,1791456446.415749,,0,0.0
assignment4_ctlstop_bridge_20261008_194707,1791456446.325610,camera_color_optical_frame,347,640,480,0,,,0.0000,0.0000,0.00000,0,0,,,,,7.20,0.00,1791456446.455288,,0,0.0
assignment4_ctlstop_bridge_20261008_194707,1791456446.358972,camera_color_optical_frame,348,640,480,0,,,0.0000,0.0000,0.00000,0,0,,,,,7.88,0.00,1791456446.488608,,0,0.0
assignment4_ctlstop_bridge_20261008_194707,1791456446.392335,camera_color_optical_frame,349,640,480,0,,,0.0000,0.0000,0.00000,0,0,,,,,7.37,0.00,1791456446.526245,,0,0.0
assignment4_ctlstop_bridge_20261008_194707,1791456446.425698,camera_color_optical_frame,350,640,480,0,,,0.0000,0.0000,0.00000,0,0,,,,,7.73,0.00,1791456446.561531,,0,0.0
assignment4_ctlstop_bridge_20261008_194707,1791456446.459061,camera_color_optical_frame,351,640,480,0,,,0.0000,0.0000,0.00000,0,0,,,,,9.49,0.00,1791456446.595618,,0,0.0
assignment4_ctlstop_bridge_20261008_194707,1791456446.492424,camera_color_optical_frame,352,640,480,0,,,0.0000,0.0000,0.00000,0,0,,,,,9.53,0.00,1791456446.636412,,0,0.0
assignment4_ctlstop_bridge_20261008_194707,1791456446.525784,camera_color_optical_frame,353,640,480,0,,,0.0000,0.0000,0.00000,0,0,,,,,10.17,0.00,1791456446.672550,,0,0.0
assignment4_ctlstop_bridge_20261008_194707,1791456446.559144,camera_color_optical_frame,354,640,480,0,,,0.0000,0.0000,0.00000,0,0,,,,,9.84,0.00,1791456446.705611,,0,0.0
assignment4_ctlstop_bridge_20261008_194707,1791456446.592504,camera_color_optical_frame,355,640,480,0,,,0.0000,0.0000,0.00000,0,0,,,,,9.77,0.00,1791456446.747944,,0,0.0
assignment4_ctlstop_bridge_20261008_194707,1791456446.625864,camera_color_optical_frame,356,640,480,0,,,0.0000,0.0000,0.00000,0,0,,,,,12.82,0.00,1791456446.784298,,0,0.0
assignment4_ctlstop_bridge_20261008_194707,1791456446.659224,camera_color_optical_frame,357,640,480,0,,,0.0000,0.0000,0.00000,0,0,,,,,9.34,0.00,1791456446.817202,,0,0.0
assignment4_ctlstop_bridge_20261008_194707,1791456446.692584,camera_color_optical_frame,358,640,480,0,,,0.0000,0.0000,0.00000,0,0,,,,,9.41,0.00,1791456446.856550,,0,0.0
assignment4_ctlstop_bridge_20261008_194707,1791456446.725944,camera_color_optical_frame,359,640,480,0,,,0.0000,0.0000,0.00000,0,0,,,,,7.73,0.00,1791456446.894673,,0,0.0
assignment4_ctlstop_bridge_20261008_194707,1791456446.759304,camera_color_optical_frame,360,640,480,0,,,0.0000,0.0000,0.00000,0,0,,,,,9.39,0.00,1791456446.926492,,0,0.0
assignment4_ctlstop_bridge_20261008_194707,1791456446.792665,camera_color_optical_frame,361,640,480,0,,,0.0000,0.0000,0.00000,0,0,,,,,9.90,0.00,1791456446.962476,,0,0.0
assignment4_ctlstop_bridge_20261008_194707,1791456446.826025,camera_color_optical_frame,362,640,480,0,,,0.0000,0.0000,0.00000,0,0,,,,,9.67,0.00,1791456447.001047,,0,0.0
assignment4_ctlstop_bridge_20261008_194707,1791456446.859385,camera_color_optical_frame,363,640,480,0,,,0.0000,0.0000,0.00000,0,0,,,,,10.72,0.00,1791456447.039664,,0,0.0
assignment4_ctlstop_bridge_20261008_194707,1791456446.892745,camera_color_optical_frame,364,640,480,0,,,0.0000,0.0000,0.00000,0,0,,,,,11.13,0.00,1791456447.076715,,0,0.0
assignment4_ctlstop_bridge_20261008_194707,1791456446.926105,camera_color_optical_frame,365,640,480,0,,,0.0000,0.0000,0.00000,0,0,,,,,8.61,0.00,1791456447.116285,,0,0.0
assignment4_ctlstop_bridge_20261008_194707,1791456446.959465,camera_color_optical_frame,366,640,480,0,,,0.0000,0.0000,0.00000,0,0,,,,,8.89,0.00,1791456447.151145,,0,0.0
assignment4_ctlstop_bridge_20261008_194707,1791456446.992825,camera_color_optical_frame,367,640,480,0,,,0.0000,0.0000,0.00000,0,0,,,,,9.48,0.00,1791456447.184544,,0,0.0
assignment4_ctlstop_bridge_20261008_194707,1791456447.026185,camera_color_optical_frame,368,640,480,0,,,0.0000,0.0000,0.00000,0,0,,,,,10.71,0.00,1791456447.221271,,0,0.0
assignment4_ctlstop_bridge_20261008_194707,1791456447.059545,camera_color_optical_frame,369,640,480,0,,,0.0000,0.0000,0.00000,0,0,,,,,10.34,0.00,1791456447.261019,,0,0.0
assignment4_ctlstop_bridge_20261008_194707,1791456447.126266,camera_color_optical_frame,370,640,480,0,,,0.0000,0.0000,0.00000,0,0,,,,,9.58,0.00,1791456447.298141,,0,1.4
assignment4_ctlstop_bridge_20261008_194707,1791456447.159626,camera_color_optical_frame,371,640,480,0,,,0.0000,0.0000,0.00000,0,0,,,,,10.22,0.00,1791456447.332579,,0,2.8
assignment4_ctlstop_bridge_20261008_194707,1791456447.192986,camera_color_optical_frame,372,640,480,0,,,0.0000,0.0000,0.00000,0,0,,,,,9.46,0.00,1791456447.372568,,0,0.0
assignment4_ctlstop_bridge_20261008_194707,1791456447.226346,camera_color_optical_frame,373,640,480,0,,,0.0000,0.0000,0.00000,0,0,,,,,10.34,0.00,1791456447.409482,,0,0.0
assignment4_ctlstop_bridge_20261008_194707,1791456447.259706,camera_color_optical_frame,374,640,480,0,,,0.0000,0.0000,0.00000,0,0,,,,,7.90,0.00,1791456447.446472,,0,2.8
assignment4_ctlstop_bridge_20261008_194707,1791456447.293066,camera_color_optical_frame,375,640,480,0,,,0.0000,0.0000,0.00000,0,0,,,,,9.02,0.00,1791456447.480948,,0,1.4
assignment4_ctlstop_bridge_20261008_194707,1791456447.326426,camera_color_optical_frame,376,640,480,0,,,0.0000,0.0000,0.00000,0,0,,,,,8.67,0.00,1791456447.523737,,0,0.0
assignment4_ctlstop_bridge_20261008_194707,1791456447.359786,camera_color_optical_frame,377,640,480,0,,,0.0000,0.0000,0.00000,0,0,,,,,8.73,0.00,1791456447.558388,,0,0.0
assignment4_ctlstop_bridge_20261008_194707,1791456447.393147,camera_color_optical_frame,378,640,480,0,,,0.0000,0.0000,0.00000,0,0,,,,,8.77,0.00,1791456447.590554,,0,0.0
assignment4_ctlstop_bridge_20261008_194707,1791456447.426507,camera_color_optical_frame,379,640,480,0,,,0.0000,0.0000,0.00000,0,0,,,,,10.61,0.00,1791456447.620406,,0,0.0
assignment4_ctlstop_bridge_20261008_194707,1791456447.493215,camera_color_optical_frame,380,640,480,0,,,0.0000,0.0000,0.00000,0,0,,,,,13.92,66.71,1791456447.643403,,0,0.0
assignment4_ctlstop_bridge_20261008_194707,1791456447.559924,camera_color_optical_frame,381,640,480,0,,,0.0000,0.0000,0.00000,0,0,,,,,6.75,133.42,1791456447.658405,,0,0.0
assignment4_ctlstop_bridge_20261008_194707,1791456447.593279,camera_color_optical_frame,382,640,480,0,,,0.0000,0.0000,0.00000,0,0,,,,,8.06,166.77,1791456447.681091,,0,0.0
assignment4_ctlstop_bridge_20261008_194707,1791456447.626633,camera_color_optical_frame,383,640,480,0,,,0.0000,0.0000,0.00000,0,0,,,,,7.78,0.00,1791456447.713104,,0,0.0
assignment4_ctlstop_bridge_20261008_194707,1791456447.659987,camera_color_optical_frame,384,640,480,0,,,0.0000,0.0000,0.00000,0,0,,,,,7.93,0.00,1791456447.747881,,0,0.0
assignment4_ctlstop_bridge_20261008_194707,1791456447.693341,camera_color_optical_frame,385,640,480,0,,,0.0000,0.0000,0.00000,0,0,,,,,7.87,0.00,1791456447.782106,,0,0.0
assignment4_ctlstop_bridge_20261008_194707,1791456447.726696,camera_color_optical_frame,386,640,480,1,635.2,233.3,0.9850,-0.0281,0.00058,1,1,1.000,0.5250,0.2693,-0.0103,39.16,0.00,1791456447.848310,1,0,0.0
assignment4_ctlstop_bridge_20261008_194707,1791456447.760050,camera_color_optical_frame,387,640,480,1,627.3,225.4,0.9603,-0.0607,0.00331,1,1,1.000,0.5480,0.2740,-0.0178,17.98,0.00,1791456447.877972,1,0,0.0
assignment4_ctlstop_bridge_20261008_194707,1791456447.793405,camera_color_optical_frame,388,640,480,1,615.9,225.3,0.9247,-0.0612,0.00455,1,1,1.000,0.5710,0.2748,-0.0187,16.80,0.00,1791456447.902872,1,0,0.0
assignment4_ctlstop_bridge_20261008_194707,1791456447.826759,camera_color_optical_frame,389,640,480,1,604.1,226.2,0.8879,-0.0575,0.00436,1,1,1.000,0.5900,0.2724,-0.0184,19.68,0.00,1791456447.938963,1,0,0.0
assignment4_ctlstop_bridge_20261008_194707,1791456447.860113,camera_color_optical_frame,390,640,480,1,594.7,226.6,0.8584,-0.0558,0.00435,1,1,0.998,0.6040,0.2695,-0.0185,12.48,0.00,1791456447.966026,1,0,0.0
assignment4_ctlstop_bridge_20261008_194707,1791456447.893467,camera_color_optical_frame,391,640,480,1,586.3,228.1,0.8323,-0.0497,0.00407,1,1,1.000,0.6250,0.2703,-0.0176,10.79,0.00,1791456447.993359,1,0,0.0
assignment4_ctlstop_bridge_20261008_194707,1791456447.926822,camera_color_optical_frame,392,640,480,1,579.8,228.8,0.8117,-0.0467,0.00401,1,1,1.000,0.6430,0.2711,-0.0174,10.67,0.00,1791456448.023412,1,0,0.0
assignment4_ctlstop_bridge_20261008_194707,1791456447.960176,camera_color_optical_frame,393,640,480,1,573.8,231.1,0.7932,-0.0370,0.00370,1,1,0.997,0.6620,0.2726,-0.0153,13.32,0.00,1791456448.063863,1,0,0.0
assignment4_ctlstop_bridge_20261008_194707,1791456447.993530,camera_color_optical_frame,394,640,480,1,570.1,231.5,0.7816,-0.0353,0.00368,1,1,1.000,0.6810,0.2762,-0.0153,10.32,0.00,1791456448.093010,1,0,0.0
assignment4_ctlstop_bridge_20261008_194707,1791456448.026885,camera_color_optical_frame,395,640,480,1,565.2,233.9,0.7662,-0.0255,0.00342,1,1,0.994,0.6970,0.2770,-0.0130,12.09,0.00,1791456448.123693,1,0,0.0
assignment4_ctlstop_bridge_20261008_194707,1791456448.060239,camera_color_optical_frame,396,640,480,1,560.4,235.5,0.7512,-0.0187,0.00327,1,1,0.998,0.7130,0.2777,-0.0113,14.05,0.00,1791456448.168200,1,0,0.0
assignment4_ctlstop_bridge_20261008_194707,1791456448.093593,camera_color_optical_frame,397,640,480,1,554.0,238.2,0.7311,-0.0075,0.00319,1,1,1.000,0.7260,0.2751,-0.0083,10.91,0.00,1791456448.199198,1,0,0.0
assignment4_ctlstop_bridge_20261008_194707,1791456448.126947,camera_color_optical_frame,398,640,480,1,547.0,240.7,0.7094,0.0030,0.00321,1,1,1.000,0.7370,0.2708,-0.0054,14.91,0.00,1791456448.237499,1,0,0.0
assignment4_ctlstop_bridge_20261008_194707,1791456448.160301,camera_color_optical_frame,399,640,480,1,538.3,244.6,0.6823,0.0191,0.00309,1,1,1.000,0.7420,0.2620,-0.0007,11.51,0.00,1791456448.265833,1,0,0.0
assignment4_ctlstop_bridge_20261008_194707,1791456448.193655,camera_color_optical_frame,400,640,480,1,529.2,249.6,0.6538,0.0400,0.00294,1,1,0.994,0.7480,0.2529,0.0055,11.10,0.00,1791456448.298284,1,0,0.0
assignment4_ctlstop_bridge_20261008_194707,1791456448.227009,camera_color_optical_frame,401,640,480,1,518.7,254.7,0.6209,0.0613,0.00300,1,1,1.000,0.7540,0.2418,0.0119,11.48,0.00,1791456448.329694,1,0,0.0
assignment4_ctlstop_bridge_20261008_194707,1791456448.260363,camera_color_optical_frame,402,640,480,1,508.2,260.7,0.5881,0.0864,0.00294,1,1,1.000,0.7560,0.2294,0.0195,11.34,0.00,1791456448.361871,1,0,0.0
assignment4_ctlstop_bridge_20261008_194707,1791456448.293717,camera_color_optical_frame,403,640,480,1,497.7,264.9,0.5552,0.1038,0.00302,1,1,0.995,0.7570,0.2165,0.0247,11.07,0.00,1791456448.394849,1,0,0.0
assignment4_ctlstop_bridge_20261008_194707,1791456448.327071,camera_color_optical_frame,404,640,480,1,489.5,267.9,0.5298,0.1161,0.00301,1,1,0.974,0.7530,0.2053,0.0282,11.45,0.00,1791456448.429259,1,0,0.0
assignment4_ctlstop_bridge_20261008_194707,1791456448.360425,camera_color_optical_frame,405,640,480,1,480.0,271.1,0.5000,0.1298,0.00311,1,1,0.975,0.7560,0.1942,0.0325,10.20,0.00,1791456448.463949,1,0,0.0
assignment4_ctlstop_bridge_20261008_194707,1791456448.393780,camera_color_optical_frame,406,640,480,1,471.6,276.3,0.4737,0.1514,0.00289,1,1,1.000,0.7540,0.1832,0.0388,16.06,0.00,1791456448.505266,1,0,0.0
assignment4_ctlstop_bridge_20261008_194707,1791456448.427134,camera_color_optical_frame,407,640,480,1,462.8,281.4,0.4464,0.1724,0.00283,1,1,1.000,0.7480,0.1710,0.0447,14.42,0.00,1791456448.538462,1,0,0.0
assignment4_ctlstop_bridge_20261008_194707,1791456448.460491,camera_color_optical_frame,408,640,480,1,454.5,284.3,0.4203,0.1847,0.00285,1,1,1.000,0.7480,0.1607,0.0484,22.16,0.00,1791456448.582668,1,0,0.0
assignment4_ctlstop_bridge_20261008_194707,1791456448.493849,camera_color_optical_frame,409,640,480,1,446.3,286.2,0.3947,0.1925,0.00304,1,1,1.000,0.7500,0.1509,0.0508,13.00,0.00,1791456448.608255,1,0,0.0
assignment4_ctlstop_bridge_20261008_194707,1791456448.527206,camera_color_optical_frame,410,640,480,1,438.1,288.0,0.3690,0.1999,0.00319,1,1,0.990,0.7480,0.1404,0.0529,12.43,0.00,1791456448.632765,1,0,0.0
assignment4_ctlstop_bridge_20261008_194707,1791456448.560559,camera_color_optical_frame,411,640,480,1,430.3,290.4,0.3446,0.2100,0.00324,1,1,0.997,0.7460,0.1304,0.0558,11.70,0.00,1791456448.671581,1,0,0.0
assignment4_ctlstop_bridge_20261008_194707,1791456448.593912,camera_color_optical_frame,412,640,480,1,424.2,294.2,0.3255,0.2258,0.00316,1,1,1.000,0.7520,0.1239,0.0609,13.94,0.00,1791456448.704640,1,0,0.0
assignment4_ctlstop_bridge_20261008_194707,1791456448.627265,camera_color_optical_frame,413,640,480,1,418.1,296.8,0.3065,0.2368,0.00332,1,1,0.997,0.7490,0.1159,0.0639,17.20,0.00,1791456448.743280,1,0,0.0
assignment4_ctlstop_bridge_20261008_194707,1791456448.660618,camera_color_optical_frame,414,640,480,1,412.8,300.8,0.2900,0.2533,0.00338,1,0,,,,,8.76,33.35,1791456448.757145,1,0,0.0
assignment4_ctlstop_bridge_20261008_194707,1791456448.693970,camera_color_optical_frame,415,640,480,1,408.1,306.0,0.2754,0.2749,0.00333,1,1,0.921,0.7470,0.1033,0.0750,16.84,0.00,1791456448.790442,1,0,0.0
assignment4_ctlstop_bridge_20261008_194707,1791456448.727323,camera_color_optical_frame,416,640,480,1,405.1,311.5,0.2660,0.2978,0.00328,1,1,0.995,0.7490,0.0998,0.0820,11.70,0.00,1791456448.837111,1,0,0.0
assignment4_ctlstop_bridge_20261008_194707,1791456448.760676,camera_color_optical_frame,417,640,480,1,403.2,317.9,0.2601,0.3245,0.00322,1,1,1.000,0.7520,0.0979,0.0903,12.54,0.00,1791456448.869628,1,0,0.0
assignment4_ctlstop_bridge_20261008_194707,1791456448.794028,camera_color_optical_frame,418,640,480,1,402.4,324.3,0.2575,0.3512,0.00315,1,1,1.000,0.7550,0.0972,0.0987,15.23,0.00,1791456448.909540,1,0,0.0
assignment4_ctlstop_bridge_20261008_194707,1791456448.827381,camera_color_optical_frame,419,640,480,1,401.6,330.4,0.2549,0.3766,0.00323,1,1,1.000,0.7560,0.0963,0.1064,14.06,0.00,1791456448.953620,1,0,0.0
assignment4_ctlstop_bridge_20261008_194707,1791456448.860734,camera_color_optical_frame,420,640,480,1,402.0,337.9,0.2561,0.4080,0.00316,1,1,1.000,0.7520,0.0963,0.1152,12.45,0.00,1791456448.995509,1,0,0.0
assignment4_ctlstop_bridge_20261008_194707,1791456448.894087,camera_color_optical_frame,421,640,480,1,402.2,344.0,0.2568,0.4335,0.00325,1,1,1.000,0.7550,0.0970,0.1233,16.65,0.00,1791456449.038658,1,0,5.5
assignment4_ctlstop_bridge_20261008_194707,1791456448.927439,camera_color_optical_frame,422,640,480,1,399.8,348.9,0.2493,0.4539,0.00324,1,1,1.000,0.7530,0.0937,0.1290,17.35,0.00,1791456449.091118,1,0,13.7
assignment4_ctlstop_bridge_20261008_194707,1791456448.960792,camera_color_optical_frame,423,640,480,1,395.4,352.2,0.2356,0.4675,0.00315,1,1,1.000,0.7610,0.0892,0.1345,15.39,0.00,1791456449.126513,1,0,13.7
assignment4_ctlstop_bridge_20261008_194707,1791456448.994145,camera_color_optical_frame,424,640,480,1,390.3,354.3,0.2196,0.4760,0.00307,1,1,1.000,0.7620,0.0829,0.1373,12.04,0.00,1791456449.157543,1,0,15.1
assignment4_ctlstop_bridge_20261008_194707,1791456449.027497,camera_color_optical_frame,425,640,480,1,385.2,353.7,0.2036,0.4737,0.00301,1,1,0.979,0.7640,0.0767,0.1369,12.49,0.00,1791456449.190300,1,0,17.9
assignment4_ctlstop_bridge_20261008_194707,1791456449.060850,camera_color_optical_frame,426,640,480,1,380.9,348.3,0.1903,0.4514,0.00295,1,1,0.990,0.7670,0.0716,0.1307,16.32,0.00,1791456449.239300,1,0,23.4
assignment4_ctlstop_bridge_20261008_194707,1791456449.094203,camera_color_optical_frame,427,640,480,1,376.8,344.0,0.1774,0.4331,0.00295,1,1,0.981,0.7690,0.0665,0.1255,13.78,0.00,1791456449.276549,1,0,24.7
assignment4_ctlstop_bridge_20261008_194707,1791456449.127555,camera_color_optical_frame,428,640,480,1,373.5,338.7,0.1672,0.4111,0.00299,1,1,0.974,0.7710,0.0625,0.1191,18.30,0.00,1791456449.330413,1,0,26.1
assignment4_ctlstop_bridge_20261008_194707,1791456449.160908,camera_color_optical_frame,429,640,480,1,370.9,332.7,0.1591,0.3860,0.00295,1,1,0.983,0.7720,0.0593,0.1115,11.39,0.00,1791456449.357401,1,0,26.1
assignment4_ctlstop_bridge_20261008_194707,1791456449.194261,camera_color_optical_frame,430,640,480,1,367.8,325.8,0.1494,0.3575,0.00292,1,1,1.000,0.7750,0.0556,0.1032,11.85,0.00,1791456449.392762,1,0,26.1
assignment4_ctlstop_bridge_20261008_194707,1791456449.227613,camera_color_optical_frame,431,640,480,1,365.0,317.5,0.1406,0.3230,0.00283,1,1,0.989,0.7770,0.0521,0.0929,13.38,0.00,1791456449.431923,1,0,28.8
assignment4_ctlstop_bridge_20261008_194707,1791456449.260966,camera_color_optical_frame,432,640,480,1,362.1,308.8,0.1316,0.2866,0.00279,1,1,1.000,0.7790,0.0485,0.0819,14.19,0.00,1791456449.474257,1,0,26.1
assignment4_ctlstop_bridge_20261008_194707,1791456449.294318,camera_color_optical_frame,433,640,480,1,359.6,298.5,0.1238,0.2437,0.00274,1,1,1.000,0.7820,0.0455,0.0689,18.89,0.00,1791456449.519984,1,0,17.9
assignment4_ctlstop_bridge_20261008_194707,1791456449.361024,camera_color_optical_frame,434,640,480,1,354.7,267.3,0.1085,0.1137,0.00278,1,1,1.000,0.7750,0.0388,0.0283,12.79,0.00,1791456449.548060,1,0,17.9
assignment4_ctlstop_bridge_20261008_194707,1791456449.394376,camera_color_optical_frame,435,640,480,1,351.9,261.4,0.0996,0.0892,0.00289,1,1,1.000,0.7770,0.0353,0.0209,13.74,0.00,1791456449.593055,1,0,19.2
assignment4_ctlstop_bridge_20261008_194707,1791456449.427729,camera_color_optical_frame,436,640,480,1,349.0,256.9,0.0907,0.0704,0.00286,1,1,1.000,0.7760,0.0316,0.0151,18.49,0.00,1791456449.641917,1,0,19.2
assignment4_ctlstop_bridge_20261008_194707,1791456449.461085,camera_color_optical_frame,437,640,480,1,346.1,249.8,0.0815,0.0407,0.00286,1,1,1.000,0.7760,0.0278,0.0059,14.89,0.00,1791456449.677755,1,0,17.9
assignment4_ctlstop_bridge_20261008_194707,1791456449.494440,camera_color_optical_frame,438,640,480,1,343.3,242.6,0.0728,0.0110,0.00291,1,1,1.000,0.7740,0.0242,-0.0032,12.68,0.00,1791456449.720179,1,0,9.6
assignment4_ctlstop_bridge_20261008_194707,1791456449.527796,camera_color_optical_frame,439,640,480,1,340.7,237.3,0.0646,-0.0113,0.00294,1,1,1.000,0.7730,0.0208,-0.0100,12.62,0.00,1791456449.763492,1,0,0.0
assignment4_ctlstop_bridge_20261008_194707,1791456449.594508,camera_color_optical_frame,440,640,480,1,336.3,226.9,0.0510,-0.0546,0.00296,1,1,1.000,0.7690,0.0152,-0.0232,15.94,0.00,1791456449.809791,1,0,5.5
assignment4_ctlstop_bridge_20261008_194707,1791456449.627864,camera_color_optical_frame,441,640,480,1,334.8,221.8,0.0461,-0.0760,0.00303,1,1,1.000,0.7670,0.0132,-0.0296,10.59,0.00,1791456449.842616,1,0,5.5
assignment4_ctlstop_bridge_20261008_194707,1791456449.661219,camera_color_optical_frame,442,640,480,1,333.2,221.8,0.0414,-0.0758,0.00315,1,1,1.000,0.7660,0.0112,-0.0295,14.54,0.00,1791456449.882713,1,0,5.5
assignment4_ctlstop_bridge_20261008_194707,1791456449.727931,camera_color_optical_frame,443,640,480,1,330.4,220.9,0.0326,-0.0795,0.00306,1,1,1.000,0.7650,0.0076,-0.0306,15.00,0.00,1791456449.929626,1,0,5.5
assignment4_ctlstop_bridge_20261008_194707,1791456449.761287,camera_color_optical_frame,444,640,480,1,329.1,221.5,0.0284,-0.0771,0.00311,1,1,1.000,0.7650,0.0060,-0.0299,14.51,0.00,1791456449.967469,1,0,2.8
assignment4_ctlstop_bridge_20261008_194707,1791456449.794643,camera_color_optical_frame,445,640,480,1,327.8,222.4,0.0242,-0.0734,0.00314,1,1,1.000,0.7640,0.0043,-0.0287,14.84,0.00,1791456450.009328,1,0,2.8
assignment4_ctlstop_bridge_20261008_194707,1791456449.827998,camera_color_optical_frame,446,640,480,1,326.9,223.3,0.0215,-0.0697,0.00309,1,1,1.000,0.7650,0.0032,-0.0276,10.72,0.00,1791456450.052226,1,0,4.1
assignment4_ctlstop_bridge_20261008_194707,1791456449.894710,camera_color_optical_frame,447,640,480,1,325.6,225.0,0.0174,-0.0625,0.00314,1,1,1.000,0.7670,0.0015,-0.0255,17.14,0.00,1791456450.099353,1,0,2.8
assignment4_ctlstop_bridge_20261008_194707,1791456449.928066,camera_color_optical_frame,448,640,480,1,326.4,226.0,0.0201,-0.0583,0.00309,1,1,1.000,0.7660,0.0026,-0.0242,11.29,0.00,1791456450.130666,1,0,2.8
assignment4_ctlstop_bridge_20261008_194707,1791456449.961421,camera_color_optical_frame,449,640,480,1,325.8,226.0,0.0181,-0.0585,0.00312,1,1,1.000,0.7645,0.0018,-0.0242,11.34,0.00,1791456450.174897,1,0,2.8
assignment4_ctlstop_bridge_20261008_194707,1791456449.994777,camera_color_optical_frame,450,640,480,1,325.1,225.9,0.0161,-0.0589,0.00317,1,1,1.000,0.7650,0.0010,-0.0243,14.61,0.00,1791456450.222528,1,0,2.8
assignment4_ctlstop_bridge_20261008_194707,1791456450.061489,camera_color_optical_frame,451,640,480,1,325.5,226.2,0.0171,-0.0575,0.00317,1,1,1.000,0.7660,0.0014,-0.0239,22.79,0.00,1791456450.271396,1,0,2.8
assignment4_ctlstop_bridge_20261008_194707,1791456450.094845,camera_color_optical_frame,452,640,480,1,325.8,226.7,0.0182,-0.0553,0.00315,1,1,1.000,0.7660,0.0018,-0.0233,24.80,0.00,1791456450.310408,1,0,2.8
assignment4_ctlstop_bridge_20261008_194707,1791456450.128200,camera_color_optical_frame,453,640,480,1,326.1,227.1,0.0191,-0.0538,0.00311,1,1,1.000,0.7660,0.0022,-0.0228,20.30,0.00,1791456450.343455,1,0,2.8
assignment4_ctlstop_bridge_20261008_194707,1791456450.161556,camera_color_optical_frame,454,640,480,1,326.5,227.8,0.0202,-0.0507,0.00315,1,1,1.000,0.7660,0.0026,-0.0219,17.38,0.00,1791456450.374094,1,0,2.8
assignment4_ctlstop_bridge_20261008_194707,1791456450.194912,camera_color_optical_frame,455,640,480,1,326.6,228.4,0.0206,-0.0483,0.00311,1,1,1.000,0.7640,0.0028,-0.0211,13.62,0.00,1791456450.404923,1,0,2.8
assignment4_ctlstop_bridge_20261008_194707,1791456450.261623,camera_color_optical_frame,456,640,480,1,327.0,230.3,0.0218,-0.0405,0.00316,1,1,1.000,0.7640,0.0033,-0.0188,16.32,0.00,1791456450.441856,1,0,1.4
assignment4_ctlstop_bridge_20261008_194707,1791456450.294979,camera_color_optical_frame,457,640,480,1,327.2,230.4,0.0225,-0.0400,0.00320,1,1,1.000,0.7650,0.0036,-0.0186,13.57,0.00,1791456450.474385,1,0,1.4
assignment4_ctlstop_bridge_20261008_194707,1791456450.328335,camera_color_optical_frame,458,640,480,1,327.4,232.5,0.0232,-0.0314,0.00318,1,1,1.000,0.7630,0.0039,-0.0160,14.31,0.00,1791456450.506245,1,0,2.8
assignment4_ctlstop_bridge_20261008_194707,1791456450.361690,camera_color_optical_frame,459,640,480,1,327.8,234.6,0.0244,-0.0227,0.00319,1,1,1.000,0.7620,0.0043,-0.0133,13.61,0.00,1791456450.544510,1,0,1.4
assignment4_ctlstop_bridge_20261008_194707,1791456450.395046,camera_color_optical_frame,460,640,480,1,327.9,236.1,0.0247,-0.0163,0.00312,1,1,1.000,0.7650,0.0045,-0.0114,14.56,0.00,1791456450.582203,1,0,1.4
assignment4_ctlstop_bridge_20261008_194707,1791456450.428402,camera_color_optical_frame,461,640,480,1,327.8,237.3,0.0245,-0.0113,0.00315,1,1,1.000,0.7650,0.0044,-0.0099,13.94,0.00,1791456450.620914,1,0,0.0
assignment4_ctlstop_bridge_20261008_194707,1791456450.461756,camera_color_optical_frame,462,640,480,1,327.4,239.2,0.0231,-0.0033,0.00319,1,1,1.000,0.7630,0.0038,-0.0075,14.04,0.00,1791456450.659955,1,0,0.0
assignment4_ctlstop_bridge_20261008_194707,1791456450.495115,camera_color_optical_frame,463,640,480,1,326.3,239.5,0.0197,-0.0021,0.00317,1,1,1.000,0.7640,0.0024,-0.0071,15.09,0.00,1791456450.693641,1,0,0.0
assignment4_ctlstop_bridge_20261008_194707,1791456450.528473,camera_color_optical_frame,464,640,480,1,324.8,239.2,0.0151,-0.0033,0.00312,1,1,1.000,0.7640,0.0006,-0.0075,13.21,0.00,1791456450.728220,1,0,0.0
assignment4_ctlstop_bridge_20261008_194707,1791456450.561831,camera_color_optical_frame,465,640,480,1,322.1,238.7,0.0066,-0.0053,0.00312,1,1,1.000,0.7620,-0.0028,-0.0081,15.24,0.00,1791456450.768407,1,0,0.0
assignment4_ctlstop_bridge_20261008_194707,1791456450.595190,camera_color_optical_frame,466,640,480,1,319.2,237.5,-0.0024,-0.0104,0.00314,1,1,1.000,0.7600,-0.0064,-0.0096,17.60,0.00,1791456450.809226,1,0,0.0
assignment4_ctlstop_bridge_20261008_194707,1791456450.628548,camera_color_optical_frame,467,640,480,1,315.5,236.5,-0.0139,-0.0148,0.00313,1,1,1.000,0.7590,-0.0111,-0.0109,16.85,0.00,1791456450.844518,1,0,0.0
assignment4_ctlstop_bridge_20261008_194707,1791456450.661907,camera_color_optical_frame,468,640,480,1,311.5,235.9,-0.0267,-0.0172,0.00313,1,1,1.000,0.7570,-0.0161,-0.0116,24.99,0.00,1791456450.890297,1,0,0.0
assignment4_ctlstop_bridge_20261008_194707,1791456450.728624,camera_color_optical_frame,469,640,480,1,302.1,233.8,-0.0561,-0.0257,0.00311,1,1,1.000,0.7580,-0.0279,-0.0142,10.98,0.00,1791456450.910226,1,0,0.0
assignment4_ctlstop_bridge_20261008_194707,1791456450.761982,camera_color_optical_frame,470,640,480,1,297.4,232.9,-0.0707,-0.0297,0.00313,1,1,1.000,0.7570,-0.0337,-0.0153,9.28,0.00,1791456450.957122,1,0,0.0
assignment4_ctlstop_bridge_20261008_194707,1791456450.795341,camera_color_optical_frame,471,640,480,1,292.5,232.1,-0.0858,-0.0330,0.00308,1,1,1.000,0.7560,-0.0397,-0.0163,12.15,0.00,1791456450.991347,1,0,0.0
assignment4_ctlstop_bridge_20261008_194707,1791456450.828699,camera_color_optical_frame,472,640,480,1,287.8,231.6,-0.1006,-0.0351,0.00315,1,1,1.000,0.7560,-0.0456,-0.0169,11.75,0.00,1791456451.030611,1,0,0.0
assignment4_ctlstop_bridge_20261008_194707,1791456450.862058,camera_color_optical_frame,473,640,480,1,283.6,231.1,-0.1137,-0.0371,0.00314,1,1,1.000,0.7570,-0.0509,-0.0176,11.69,0.00,1791456451.071379,1,0,0.0
assignment4_ctlstop_bridge_20261008_194707,1791456450.895416,camera_color_optical_frame,474,640,480,1,279.3,231.2,-0.1272,-0.0368,0.00315,1,1,1.000,0.7580,-0.0564,-0.0175,11.61,0.00,1791456451.104321,1,0,1.4
assignment4_ctlstop_bridge_20261008_194707,1791456450.962133,camera_color_optical_frame,475,640,480,1,271.0,230.3,-0.1533,-0.0405,0.00310,1,1,1.000,0.7600,-0.0670,-0.0186,13.67,0.00,1791456451.146610,1,0,4.1
assignment4_ctlstop_bridge_20261008_194707,1791456450.995492,camera_color_optical_frame,476,640,480,1,267.1,229.2,-0.1652,-0.0448,0.00318,1,1,1.000,0.7610,-0.0719,-0.0200,16.09,0.00,1791456451.182264,1,0,5.5
assignment4_ctlstop_bridge_20261008_194707,1791456451.028850,camera_color_optical_frame,477,640,480,1,265.0,228.2,-0.1718,-0.0493,0.00319,1,1,1.000,0.7610,-0.0745,-0.0213,12.60,0.00,1791456451.209291,1,0,5.5
assignment4_ctlstop_bridge_20261008_194707,1791456451.062209,camera_color_optical_frame,478,640,480,1,262.9,226.9,-0.1786,-0.0544,0.00321,1,1,1.000,0.7605,-0.0772,-0.0229,13.18,0.00,1791456451.258007,1,0,5.5
assignment4_ctlstop_bridge_20261008_194707,1791456451.095567,camera_color_optical_frame,479,640,480,1,261.1,225.9,-0.1840,-0.0586,0.00319,1,1,1.000,0.7610,-0.0794,-0.0241,12.08,0.00,1791456451.290401,1,0,5.5
assignment4_ctlstop_bridge_20261008_194707,1791456451.128926,camera_color_optical_frame,480,640,480,1,259.2,224.9,-0.1900,-0.0630,0.00319,1,1,1.000,0.7640,-0.0822,-0.0256,11.61,0.00,1791456451.323486,1,0,5.5
assignment4_ctlstop_bridge_20261008_194707,1791456451.162284,camera_color_optical_frame,481,640,480,1,257.2,223.5,-0.1964,-0.0685,0.00316,1,1,1.000,0.7660,-0.0850,-0.0273,11.73,0.00,1791456451.357845,1,0,8.2
assignment4_ctlstop_bridge_20261008_194707,1791456451.195643,camera_color_optical_frame,482,640,480,1,255.3,221.9,-0.2021,-0.0755,0.00319,1,1,1.000,0.7680,-0.0875,-0.0295,21.34,0.00,1791456451.398406,1,0,8.2
assignment4_ctlstop_bridge_20261008_194707,1791456451.295718,camera_color_optical_frame,483,640,480,1,254.3,216.5,-0.2052,-0.0978,0.00320,1,0,,,,,9.16,100.08,1791456451.421609,1,0,9.6
assignment4_ctlstop_bridge_20261008_194707,1791456451.362435,camera_color_optical_frame,484,640,480,1,256.4,215.1,-0.1989,-0.1037,0.00319,1,0,,,,,9.00,166.79,1791456451.436462,1,0,9.6
assignment4_ctlstop_bridge_20261008_194707,1791456451.395793,camera_color_optical_frame,485,640,480,1,258.2,215.0,-0.1931,-0.1040,0.00314,1,1,1.000,0.7770,-0.0848,-0.0386,15.13,0.00,1791456451.500355,1,0,9.6
assignment4_ctlstop_bridge_20261008_194707,1791456451.429152,camera_color_optical_frame,486,640,480,1,259.8,215.0,-0.1880,-0.1040,0.00319,1,1,1.000,0.7830,-0.0834,-0.0389,11.57,0.00,1791456451.527271,1,0,9.6
assignment4_ctlstop_bridge_20261008_194707,1791456451.462511,camera_color_optical_frame,487,640,480,1,261.0,215.1,-0.1845,-0.1037,0.00313,1,1,1.000,0.7835,-0.0820,-0.0389,10.76,0.00,1791456451.571266,1,0,9.6
assignment4_ctlstop_bridge_20261008_194707,1791456451.495869,camera_color_optical_frame,488,640,480,1,262.4,215.6,-0.1801,-0.1016,0.00309,1,1,1.000,0.7890,-0.0807,-0.0385,14.74,0.00,1791456451.612185,1,0,9.6
assignment4_ctlstop_bridge_20261008_194707,1791456451.529228,camera_color_optical_frame,489,640,480,1,264.3,216.3,-0.1742,-0.0986,0.00308,1,1,1.000,0.7930,-0.0787,-0.0377,12.60,0.00,1791456451.643205,1,0,12.4
assignment4_ctlstop_bridge_20261008_194707,1791456451.562590,camera_color_optical_frame,490,640,480,1,267.0,217.6,-0.1657,-0.0933,0.00296,1,1,1.000,0.7940,-0.0752,-0.0361,12.83,0.00,1791456451.680273,1,0,12.4
assignment4_ctlstop_bridge_20261008_194707,1791456451.595953,camera_color_optical_frame,491,640,480,1,269.5,218.5,-0.1580,-0.0895,0.00297,1,1,1.000,0.8000,-0.0725,-0.0352,13.70,0.00,1791456451.718158,1,0,11.0
assignment4_ctlstop_bridge_20261008_194707,1791456451.629316,camera_color_optical_frame,492,640,480,1,271.4,219.4,-0.1519,-0.0858,0.00293,1,1,1.000,0.8060,-0.0705,-0.0342,13.62,0.00,1791456451.747227,1,0,9.6
assignment4_ctlstop_bridge_20261008_194707,1791456451.662679,camera_color_optical_frame,493,640,480,1,272.3,220.3,-0.1491,-0.0820,0.00291,1,1,1.000,0.8080,-0.0694,-0.0331,9.42,0.00,1791456451.792547,1,0,9.6
assignment4_ctlstop_bridge_20261008_194707,1791456451.696041,camera_color_optical_frame,494,640,480,1,273.9,221.0,-0.1441,-0.0793,0.00290,1,1,1.000,0.8120,-0.0676,-0.0324,10.54,0.00,1791456451.824757,1,0,9.6
assignment4_ctlstop_bridge_20261008_194707,1791456451.729404,camera_color_optical_frame,495,640,480,1,275.7,222.2,-0.1383,-0.0743,0.00284,1,0,,,,,9.20,33.36,1791456451.847674,1,0,9.6
assignment4_ctlstop_bridge_20261008_194707,1791456451.762767,camera_color_optical_frame,496,640,480,1,277.0,223.5,-0.1342,-0.0687,0.00271,1,1,1.000,0.8160,-0.0637,-0.0291,10.88,0.00,1791456451.889038,1,0,9.6
assignment4_ctlstop_bridge_20261008_194707,1791456451.796130,camera_color_optical_frame,497,640,480,1,278.6,224.6,-0.1294,-0.0640,0.00272,1,1,1.000,0.8170,-0.0617,-0.0277,11.64,0.00,1791456451.927662,1,0,9.6
assignment4_ctlstop_bridge_20261008_194707,1791456451.829493,camera_color_optical_frame,498,640,480,1,280.0,225.9,-0.1250,-0.0586,0.00270,1,1,1.000,0.8210,-0.0601,-0.0260,12.99,0.00,1791456451.966516,1,0,8.2
assignment4_ctlstop_bridge_20261008_194707,1791456451.862855,camera_color_optical_frame,499,640,480,1,280.9,226.8,-0.1221,-0.0548,0.00264,1,1,1.000,0.8250,-0.0592,-0.0249,11.55,0.00,1791456452.009546,1,0,8.2
assignment4_ctlstop_bridge_20261008_194707,1791456451.896218,camera_color_optical_frame,500,640,480,1,281.7,228.3,-0.1198,-0.0488,0.00270,1,1,1.000,0.8340,-0.0588,-0.0232,12.45,0.00,1791456452.048707,1,0,6.9
assignment4_ctlstop_bridge_20261008_194707,1791456451.929581,camera_color_optical_frame,501,640,480,1,282.3,229.7,-0.1177,-0.0431,0.00264,1,1,1.000,0.8340,-0.0579,-0.0213,14.65,0.00,1791456452.085414,1,0,8.2
assignment4_ctlstop_bridge_20261008_194707,1791456451.962944,camera_color_optical_frame,502,640,480,1,282.9,230.7,-0.1159,-0.0388,0.00263,1,1,1.000,0.8370,-0.0573,-0.0200,10.38,0.00,1791456452.125443,1,0,8.2
assignment4_ctlstop_bridge_20261008_194707,1791456451.996307,camera_color_optical_frame,503,640,480,1,283.8,232.2,-0.1132,-0.0325,0.00257,1,1,1.000,0.8400,-0.0563,-0.0180,12.53,0.00,1791456452.169756,1,0,6.9
assignment4_ctlstop_bridge_20261008_194707,1791456452.029669,camera_color_optical_frame,504,640,480,1,284.8,234.0,-0.1101,-0.0251,0.00256,1,1,1.000,0.8450,-0.0552,-0.0156,14.47,0.00,1791456452.223858,1,0,5.5
assignment4_ctlstop_bridge_20261008_194707,1791456452.063032,camera_color_optical_frame,505,640,480,1,285.4,234.5,-0.1080,-0.0228,0.00248,1,1,0.996,0.8460,-0.0544,-0.0148,15.95,0.00,1791456452.253152,1,0,5.5
assignment4_ctlstop_bridge_20261008_194707,1791456452.096395,camera_color_optical_frame,506,640,480,1,285.8,235.8,-0.1067,-0.0174,0.00240,1,1,0.993,0.8490,-0.0540,-0.0131,13.52,0.00,1791456452.295918,1,0,5.5
assignment4_ctlstop_bridge_20261008_194707,1791456452.129758,camera_color_optical_frame,507,640,480,1,286.4,236.6,-0.1050,-0.0143,0.00244,1,1,1.000,0.8560,-0.0536,-0.0121,14.33,0.00,1791456452.341315,1,0,6.9
assignment4_ctlstop_bridge_20261008_194707,1791456452.163121,camera_color_optical_frame,508,640,480,1,287.4,237.3,-0.1018,-0.0111,0.00234,1,1,1.000,0.8610,-0.0525,-0.0111,13.00,0.00,1791456452.377984,1,0,5.5
assignment4_ctlstop_bridge_20261008_194707,1791456452.196483,camera_color_optical_frame,509,640,480,1,288.3,237.8,-0.0989,-0.0092,0.00234,1,1,1.000,0.8670,-0.0516,-0.0105,17.35,0.00,1791456452.421259,1,0,6.9
assignment4_ctlstop_bridge_20261008_194707,1791456452.263209,camera_color_optical_frame,510,640,480,1,292.1,238.3,-0.0872,-0.0070,0.00238,1,1,1.000,0.8680,-0.0462,-0.0098,10.71,0.00,1791456452.460541,1,0,6.9
assignment4_ctlstop_bridge_20261008_194707,1791456452.296572,camera_color_optical_frame,511,640,480,1,294.8,238.2,-0.0788,-0.0075,0.00243,1,1,0.998,0.8670,-0.0423,-0.0099,12.07,0.00,1791456452.498909,1,0,6.9
assignment4_ctlstop_bridge_20261008_194707,1791456452.329935,camera_color_optical_frame,512,640,480,1,297.9,238.2,-0.0690,-0.0074,0.00239,1,1,1.000,0.8630,-0.0377,-0.0098,12.17,0.00,1791456452.543501,1,0,5.5
assignment4_ctlstop_bridge_20261008_194707,1791456452.363298,camera_color_optical_frame,513,640,480,1,302.2,238.2,-0.0555,-0.0076,0.00234,1,1,0.995,0.8680,-0.0317,-0.0100,12.60,0.00,1791456452.574308,1,0,5.5
assignment4_ctlstop_bridge_20261008_194707,1791456452.430023,camera_color_optical_frame,514,640,480,1,314.6,237.5,-0.0168,-0.0104,0.00241,1,1,1.000,0.8680,-0.0139,-0.0110,13.75,0.00,1791456452.611651,1,0,5.5
assignment4_ctlstop_bridge_20261008_194707,1791456452.463386,camera_color_optical_frame,515,640,480,1,322.5,238.2,0.0077,-0.0077,0.00244,1,1,1.000,0.8720,-0.0027,-0.0100,11.03,0.00,1791456452.653009,1,0,4.1
assignment4_ctlstop_bridge_20261008_194707,1791456452.496738,camera_color_optical_frame,516,640,480,1,331.2,238.8,0.0351,-0.0048,0.00243,1,1,1.000,0.8750,0.0099,-0.0091,11.79,0.00,1791456452.689104,1,0,4.1
assignment4_ctlstop_bridge_20261008_194707,1791456452.530089,camera_color_optical_frame,517,640,480,1,339.9,239.8,0.0622,-0.0008,0.00249,1,1,1.000,0.8780,0.0225,-0.0077,11.59,0.00,1791456452.727971,1,0,2.8
assignment4_ctlstop_bridge_20261008_194707,1791456452.563440,camera_color_optical_frame,518,640,480,1,347.9,241.6,0.0873,0.0067,0.00261,1,1,1.000,0.8760,0.0341,-0.0051,9.73,0.00,1791456452.766513,1,0,0.0
assignment4_ctlstop_bridge_20261008_194707,1791456452.596791,camera_color_optical_frame,519,640,480,1,356.7,244.2,0.1146,0.0175,0.00256,1,1,1.000,0.8730,0.0466,-0.0014,16.45,0.00,1791456452.809655,1,0,0.0
assignment4_ctlstop_bridge_20261008_194707,1791456452.630142,camera_color_optical_frame,520,640,480,1,365.1,246.1,0.1410,0.0253,0.00257,1,1,0.996,0.8680,0.0584,0.0014,12.51,0.00,1791456452.841614,1,0,0.0
assignment4_ctlstop_bridge_20261008_194707,1791456452.696844,camera_color_optical_frame,521,640,480,1,378.8,252.5,0.1836,0.0520,0.00251,1,1,1.000,0.8650,0.0776,0.0105,12.78,0.00,1791456452.887740,1,0,2.8
assignment4_ctlstop_bridge_20261008_194707,1791456452.730195,camera_color_optical_frame,522,640,480,1,384.9,254.6,0.2027,0.0607,0.00249,1,1,1.000,0.8610,0.0860,0.0134,9.92,0.00,1791456452.926266,1,0,4.1
assignment4_ctlstop_bridge_20261008_194707,1791456452.763546,camera_color_optical_frame,523,640,480,1,390.7,256.0,0.2208,0.0668,0.00245,1,1,1.000,0.8600,0.0941,0.0155,10.22,0.00,1791456452.963469,1,0,5.5
assignment4_ctlstop_bridge_20261008_194707,1791456452.796897,camera_color_optical_frame,524,640,480,1,395.3,257.5,0.2353,0.0731,0.00240,1,1,1.000,0.8520,0.0997,0.0174,11.02,0.00,1791456453.003224,1,0,5.5
assignment4_ctlstop_bridge_20261008_194707,1791456452.830248,camera_color_optical_frame,525,640,480,1,399.4,258.5,0.2480,0.0770,0.00239,1,1,1.000,0.8500,0.1052,0.0187,10.67,0.00,1791456453.038797,1,0,5.5
assignment4_ctlstop_bridge_20261008_194707,1791456452.896949,camera_color_optical_frame,526,640,480,1,407.2,258.9,0.2726,0.0788,0.00239,1,1,1.000,0.8490,0.1161,0.0193,10.16,0.00,1791456453.074512,1,0,8.2
assignment4_ctlstop_bridge_20261008_194707,1791456452.930300,camera_color_optical_frame,527,640,480,1,410.6,259.3,0.2832,0.0803,0.00237,1,1,1.000,0.8420,0.1199,0.0197,12.28,0.00,1791456453.110623,1,0,11.0
assignment4_ctlstop_bridge_20261008_194707,1791456452.963651,camera_color_optical_frame,528,640,480,1,413.9,258.0,0.2935,0.0751,0.00244,1,1,1.000,0.8390,0.1240,0.0179,15.31,0.00,1791456453.152630,1,0,13.7
assignment4_ctlstop_bridge_20261008_194707,1791456452.997002,camera_color_optical_frame,529,640,480,1,416.7,256.0,0.3021,0.0666,0.00249,1,1,1.000,0.8400,0.1280,0.0150,11.47,0.00,1791456453.184439,1,0,13.7
assignment4_ctlstop_bridge_20261008_194707,1791456453.030353,camera_color_optical_frame,530,640,480,1,417.8,255.3,0.3055,0.0637,0.00261,1,1,1.000,0.8350,0.1287,0.0140,11.79,0.00,1791456453.226946,1,0,13.7
assignment4_ctlstop_bridge_20261008_194707,1791456453.063704,camera_color_optical_frame,531,640,480,1,418.4,254.1,0.3073,0.0589,0.00261,1,1,1.000,0.8330,0.1292,0.0124,22.37,0.00,1791456453.276333,1,0,13.7
assignment4_ctlstop_bridge_20261008_194707,1791456453.097054,camera_color_optical_frame,532,640,480,1,418.8,253.7,0.3086,0.0569,0.00264,1,1,1.000,0.8310,0.1295,0.0117,14.47,0.00,1791456453.307323,1,0,15.1
assignment4_ctlstop_bridge_20261008_194707,1791456453.130405,camera_color_optical_frame,533,640,480,1,419.5,253.5,0.3109,0.0564,0.00268,1,1,1.000,0.8310,0.1305,0.0115,12.31,0.00,1791456453.336723,1,0,15.1
assignment4_ctlstop_bridge_20261008_194707,1791456453.163756,camera_color_optical_frame,534,640,480,1,419.7,253.0,0.3116,0.0541,0.00267,1,1,1.000,0.8300,0.1306,0.0107,9.81,0.00,1791456453.363722,1,0,15.1
assignment4_ctlstop_bridge_20261008_194707,1791456453.230458,camera_color_optical_frame,535,640,480,1,419.5,249.9,0.3111,0.0414,0.00267,1,1,0.984,0.8280,0.1301,0.0065,11.02,0.00,1791456453.395164,1,0,15.1
assignment4_ctlstop_bridge_20261008_194707,1791456453.263808,camera_color_optical_frame,536,640,480,1,419.2,247.7,0.3101,0.0319,0.00263,1,1,0.992,0.8250,0.1292,0.0034,11.27,0.00,1791456453.428522,1,0,15.1
assignment4_ctlstop_bridge_20261008_194707,1791456453.297159,camera_color_optical_frame,537,640,480,1,417.6,245.3,0.3050,0.0222,0.00265,1,1,0.996,0.8200,0.1262,0.0003,11.33,0.00,1791456453.460253,1,0,15.1
assignment4_ctlstop_bridge_20261008_194707,1791456453.330509,camera_color_optical_frame,538,640,480,1,417.2,243.2,0.3038,0.0131,0.00262,1,1,1.000,0.8190,0.1255,-0.0027,11.65,0.00,1791456453.493648,1,0,15.1
assignment4_ctlstop_bridge_20261008_194707,1791456453.363860,camera_color_optical_frame,539,640,480,1,417.0,241.0,0.3031,0.0041,0.00271,1,1,1.000,0.8170,0.1249,-0.0056,9.85,0.00,1791456453.528512,1,0,15.1
assignment4_ctlstop_bridge_20261008_194707,1791456453.397211,camera_color_optical_frame,540,640,480,1,416.9,239.1,0.3029,-0.0038,0.00273,1,1,1.000,0.8130,0.1242,-0.0081,10.15,0.00,1791456453.559756,1,0,15.1
assignment4_ctlstop_bridge_20261008_194707,1791456453.430561,camera_color_optical_frame,541,640,480,1,417.9,238.1,0.3058,-0.0078,0.00285,1,1,1.000,0.8050,0.1242,-0.0093,11.71,0.00,1791456453.594049,1,0,15.1
assignment4_ctlstop_bridge_20261008_194707,1791456453.463912,camera_color_optical_frame,542,640,480,1,418.8,237.4,0.3089,-0.0107,0.00277,1,1,1.000,0.8030,0.1252,-0.0102,10.92,0.00,1791456453.626644,1,0,0.0
assignment4_ctlstop_bridge_20261008_194707,1791456453.497267,camera_color_optical_frame,543,640,480,1,420.2,235.0,0.3133,-0.0210,0.00291,1,1,1.000,0.7970,0.1261,-0.0134,9.67,0.00,1791456453.663707,1,0,0.0
assignment4_ctlstop_bridge_20261008_194707,1791456453.530623,camera_color_optical_frame,544,640,480,1,422.1,232.5,0.3190,-0.0311,0.00297,1,1,0.979,0.7900,0.1274,-0.0164,8.90,0.00,1791456453.694437,1,0,0.0
assignment4_ctlstop_bridge_20261008_194707,1791456453.563979,camera_color_optical_frame,545,640,480,1,424.2,230.5,0.3255,-0.0395,0.00301,1,1,0.986,0.7815,0.1287,-0.0189,10.35,0.00,1791456453.725969,1,0,0.0
assignment4_ctlstop_bridge_20261008_194707,1791456453.597334,camera_color_optical_frame,546,640,480,1,428.3,232.0,0.3383,-0.0331,0.00309,1,1,0.961,0.7760,0.1331,-0.0168,10.98,0.00,1791456453.758048,1,0,0.0
assignment4_ctlstop_bridge_20261008_194707,1791456453.630689,camera_color_optical_frame,547,640,480,1,434.3,233.6,0.3573,-0.0265,0.00316,1,1,0.975,0.7670,0.1392,-0.0146,10.72,0.00,1791456453.791522,1,0,0.0
assignment4_ctlstop_bridge_20261008_194707,1791456453.664045,camera_color_optical_frame,548,640,480,1,443.4,234.5,0.3855,-0.0231,0.00296,1,1,0.996,0.7620,0.1497,-0.0134,10.95,0.00,1791456453.822484,1,0,0.0
assignment4_ctlstop_bridge_20261008_194707,1791456453.697400,camera_color_optical_frame,549,640,480,1,453.5,235.5,0.4172,-0.0188,0.00290,1,1,0.996,0.7480,0.1595,-0.0119,11.60,0.00,1791456453.855397,1,0,0.0
assignment4_ctlstop_bridge_20261008_194707,1791456453.730755,camera_color_optical_frame,550,640,480,1,463.8,237.2,0.4494,-0.0118,0.00306,1,1,0.998,0.7400,0.1703,-0.0097,12.70,0.00,1791456453.889329,1,0,0.0
assignment4_ctlstop_bridge_20261008_194707,1791456453.764111,camera_color_optical_frame,551,640,480,1,474.8,238.8,0.4837,-0.0050,0.00318,1,1,1.000,0.7300,0.1812,-0.0076,10.55,0.00,1791456453.922112,1,0,0.0
assignment4_ctlstop_bridge_20261008_194707,1791456453.797466,camera_color_optical_frame,552,640,480,1,484.7,239.7,0.5147,-0.0014,0.00326,1,1,1.000,0.7170,0.1898,-0.0065,10.28,0.00,1791456453.957314,1,0,0.0
assignment4_ctlstop_bridge_20261008_194707,1791456453.830822,camera_color_optical_frame,553,640,480,1,494.6,239.8,0.5458,-0.0007,0.00343,1,1,1.000,0.7080,0.1990,-0.0062,10.58,0.00,1791456453.990160,1,0,0.0
assignment4_ctlstop_bridge_20261008_194707,1791456453.864177,camera_color_optical_frame,554,640,480,1,504.0,240.3,0.5750,0.0011,0.00333,1,1,1.000,0.6970,0.2067,-0.0056,9.73,0.00,1791456454.025157,1,0,0.0
assignment4_ctlstop_bridge_20261008_194707,1791456453.897532,camera_color_optical_frame,555,640,480,1,513.8,240.5,0.6056,0.0021,0.00345,1,1,1.000,0.6880,0.2151,-0.0053,9.55,0.00,1791456454.058189,1,0,0.0
assignment4_ctlstop_bridge_20261008_194707,1791456453.930887,camera_color_optical_frame,556,640,480,1,522.7,241.3,0.6333,0.0055,0.00353,1,1,1.000,0.6750,0.2209,-0.0042,12.17,0.00,1791456454.091254,1,0,0.0
assignment4_ctlstop_bridge_20261008_194707,1791456453.964242,camera_color_optical_frame,557,640,480,1,530.9,241.3,0.6591,0.0053,0.00368,1,1,1.000,0.6660,0.2270,-0.0043,10.83,0.00,1791456454.125121,1,0,0.0
assignment4_ctlstop_bridge_20261008_194707,1791456453.997598,camera_color_optical_frame,558,640,480,1,538.0,241.5,0.6811,0.0063,0.00377,1,1,1.000,0.6630,0.2337,-0.0040,9.74,0.00,1791456454.157118,1,0,0.0
assignment4_ctlstop_bridge_20261008_194707,1791456454.030953,camera_color_optical_frame,559,640,480,1,544.7,241.6,0.7021,0.0066,0.00392,1,1,1.000,0.6570,0.2389,-0.0039,12.98,0.00,1791456454.188663,1,0,0.0
assignment4_ctlstop_bridge_20261008_194707,1791456454.064308,camera_color_optical_frame,560,640,480,1,549.8,242.2,0.7183,0.0092,0.00417,1,1,1.000,0.6520,0.2427,-0.0031,10.57,0.00,1791456454.221237,1,0,0.0
assignment4_ctlstop_bridge_20261008_194707,1791456454.097663,camera_color_optical_frame,561,640,480,1,554.8,241.4,0.7337,0.0059,0.00425,1,1,1.000,0.6460,0.2457,-0.0040,12.61,0.00,1791456454.254637,1,0,0.0
assignment4_ctlstop_bridge_20261008_194707,1791456454.131018,camera_color_optical_frame,562,640,480,1,558.9,241.3,0.7465,0.0056,0.00430,1,1,1.000,0.6450,0.2497,-0.0041,10.74,0.00,1791456454.287682,1,0,0.0
assignment4_ctlstop_bridge_20261008_194707,1791456454.164374,camera_color_optical_frame,563,640,480,1,561.5,241.5,0.7547,0.0061,0.00448,1,1,1.000,0.6440,0.2521,-0.0039,9.16,0.00,1791456454.321277,1,0,0.0
assignment4_ctlstop_bridge_20261008_194707,1791456454.197729,camera_color_optical_frame,564,640,480,1,561.0,240.6,0.7530,0.0025,0.00432,1,1,1.000,0.6440,0.2515,-0.0048,10.31,0.00,1791456454.354485,1,0,0.0
assignment4_ctlstop_bridge_20261008_194707,1791456454.231084,camera_color_optical_frame,565,640,480,1,556.6,239.3,0.7393,-0.0030,0.00398,1,1,1.000,0.6520,0.2499,-0.0063,9.93,0.00,1791456454.388162,1,0,0.0
assignment4_ctlstop_bridge_20261008_194707,1791456454.264439,camera_color_optical_frame,566,640,480,1,548.1,236.6,0.7128,-0.0141,0.00354,1,1,1.000,0.6620,0.2445,-0.0093,9.76,0.00,1791456454.423655,1,0,0.0
assignment4_ctlstop_bridge_20261008_194707,1791456454.297794,camera_color_optical_frame,567,640,480,1,537.3,233.6,0.6790,-0.0265,0.00329,1,1,1.000,0.6710,0.2358,-0.0127,9.80,0.00,1791456454.453149,1,0,0.0
assignment4_ctlstop_bridge_20261008_194707,1791456454.331149,camera_color_optical_frame,568,640,480,1,524.9,231.7,0.6404,-0.0347,0.00316,1,1,1.000,0.6810,0.2254,-0.0151,10.73,0.00,1791456454.485142,1,0,0.0
assignment4_ctlstop_bridge_20261008_194707,1791456454.364504,camera_color_optical_frame,569,640,480,1,512.1,231.0,0.6004,-0.0376,0.00313,1,1,1.000,0.6940,0.2151,-0.0162,10.79,0.00,1791456454.519885,1,0,0.0
assignment4_ctlstop_bridge_20261008_194707,1791456454.397859,camera_color_optical_frame,570,640,480,1,500.0,229.9,0.5624,-0.0420,0.00306,1,0,,,,,8.84,33.35,1791456454.535414,1,0,0.0
assignment4_ctlstop_bridge_20261008_194707,1791456454.464569,camera_color_optical_frame,571,640,480,1,475.7,230.2,0.4867,-0.0408,0.00287,1,0,,,,,7.23,100.06,1791456454.555638,1,0,0.0
assignment4_ctlstop_bridge_20261008_194707,1791456454.497926,camera_color_optical_frame,572,640,480,1,464.2,230.9,0.4507,-0.0381,0.00288,1,0,,,,,10.03,133.42,1791456454.570336,1,0,0.0
assignment4_ctlstop_bridge_20261008_194707,1791456454.531283,camera_color_optical_frame,573,640,480,0,,,0.0000,0.0000,0.00000,1,0,,,,,13.65,0.00,1791456454.610746,,0,0.0
assignment4_ctlstop_bridge_20261008_194707,1791456454.564640,camera_color_optical_frame,574,640,480,0,,,0.0000,0.0000,0.00000,1,0,,,,,12.10,0.00,1791456454.646424,,0,0.0
assignment4_ctlstop_bridge_20261008_194707,1791456454.597998,camera_color_optical_frame,575,640,480,0,,,0.0000,0.0000,0.00000,1,0,,,,,10.07,0.00,1791456454.679956,,0,0.0
assignment4_ctlstop_bridge_20261008_194707,1791456454.631356,camera_color_optical_frame,576,640,480,0,,,0.0000,0.0000,0.00000,1,0,,,,,10.38,0.00,1791456454.714086,,0,0.0
assignment4_ctlstop_bridge_20261008_194707,1791456454.664715,camera_color_optical_frame,577,640,480,0,,,0.0000,0.0000,0.00000,1,0,,,,,8.78,0.00,1791456454.742701,,0,0.0
assignment4_ctlstop_bridge_20261008_194707,1791456454.698073,camera_color_optical_frame,578,640,480,0,,,0.0000,0.0000,0.00000,1,0,,,,,6.88,33.36,1791456454.759204,,0,0.0
assignment4_ctlstop_bridge_20261008_194707,1791456454.731431,camera_color_optical_frame,579,640,480,0,,,0.0000,0.0000,0.00000,1,0,,,,,13.62,0.00,1791456454.810153,,0,0.0
assignment4_ctlstop_bridge_20261008_194707,1791456454.764789,camera_color_optical_frame,580,640,480,0,,,0.0000,0.0000,0.00000,1,0,,,,,12.23,0.00,1791456454.846367,,0,0.0
assignment4_ctlstop_bridge_20261008_194707,1791456454.798147,camera_color_optical_frame,581,640,480,0,,,0.0000,0.0000,0.00000,1,0,,,,,13.82,0.00,1791456454.895687,,0,0.0
assignment4_ctlstop_bridge_20261008_194707,1791456454.831505,camera_color_optical_frame,582,640,480,0,,,0.0000,0.0000,0.00000,1,0,,,,,10.44,0.00,1791456454.918762,,0,0.0
assignment4_ctlstop_bridge_20261008_194707,1791456454.864863,camera_color_optical_frame,583,640,480,0,,,0.0000,0.0000,0.00000,1,0,,,,,10.01,0.00,1791456454.951965,,0,0.0
assignment4_ctlstop_bridge_20261008_194707,1791456454.898221,camera_color_optical_frame,584,640,480,0,,,0.0000,0.0000,0.00000,1,0,,,,,9.99,0.00,1791456454.985163,,0,0.0
assignment4_ctlstop_bridge_20261008_194707,1791456454.931580,camera_color_optical_frame,585,640,480,0,,,0.0000,0.0000,0.00000,1,0,,,,,11.02,0.00,1791456455.016398,,0,0.0
assignment4_ctlstop_bridge_20261008_194707,1791456454.964938,camera_color_optical_frame,586,640,480,0,,,0.0000,0.0000,0.00000,1,0,,,,,11.24,0.00,1791456455.049122,,0,0.0
assignment4_ctlstop_bridge_20261008_194707,1791456454.998296,camera_color_optical_frame,587,640,480,1,363.5,240.2,0.1359,0.0008,0.00250,1,1,0.985,0.8410,0.0543,-0.0069,11.62,0.00,1791456455.083225,2,0,0.0
assignment4_ctlstop_bridge_20261008_194707,1791456455.031655,camera_color_optical_frame,588,640,480,1,359.1,240.2,0.1222,0.0007,0.00243,1,1,1.000,0.8480,0.0486,-0.0070,10.62,0.00,1791456455.117484,2,0,0.0
assignment4_ctlstop_bridge_20261008_194707,1791456455.065013,camera_color_optical_frame,589,640,480,1,355.0,239.6,0.1094,-0.0015,0.00244,1,1,1.000,0.8520,0.0431,-0.0077,11.00,0.00,1791456455.150749,2,0,0.0
assignment4_ctlstop_bridge_20261008_194707,1791456455.098371,camera_color_optical_frame,590,640,480,1,350.8,239.1,0.0964,-0.0037,0.00240,1,1,1.000,0.8540,0.0373,-0.0085,11.79,0.00,1791456455.184642,2,0,0.0
assignment4_ctlstop_bridge_20261008_194707,1791456455.131729,camera_color_optical_frame,591,640,480,1,347.2,238.9,0.0851,-0.0047,0.00245,1,1,1.000,0.8530,0.0322,-0.0088,11.13,0.00,1791456455.216661,2,0,0.0
assignment4_ctlstop_bridge_20261008_194707,1791456455.165088,camera_color_optical_frame,592,640,480,1,343.6,238.3,0.0738,-0.0072,0.00247,1,1,1.000,0.8560,0.0272,-0.0097,11.06,0.00,1791456455.251390,2,0,0.0
assignment4_ctlstop_bridge_20261008_194707,1791456455.198446,camera_color_optical_frame,593,640,480,1,340.2,237.7,0.0630,-0.0095,0.00240,1,1,1.000,0.8570,0.0224,-0.0105,10.38,0.00,1791456455.282955,2,0,0.0
assignment4_ctlstop_bridge_20261008_194707,1791456455.231804,camera_color_optical_frame,594,640,480,1,336.8,237.2,0.0524,-0.0118,0.00238,1,1,1.000,0.8540,0.0175,-0.0112,12.59,0.00,1791456455.314316,2,0,0.0
assignment4_ctlstop_bridge_20261008_194707,1791456455.265162,camera_color_optical_frame,595,640,480,1,333.7,236.9,0.0429,-0.0129,0.00243,1,1,1.000,0.8550,0.0132,-0.0116,11.41,0.00,1791456455.349272,2,0,0.0
assignment4_ctlstop_bridge_20261008_194707,1791456455.298521,camera_color_optical_frame,596,640,480,1,330.6,236.1,0.0333,-0.0162,0.00241,1,1,1.000,0.8570,0.0089,-0.0128,11.68,0.00,1791456455.379615,2,0,0.0
assignment4_ctlstop_bridge_20261008_194707,1791456455.331879,camera_color_optical_frame,597,640,480,1,327.9,236.1,0.0248,-0.0163,0.00239,1,1,1.000,0.8650,0.0051,-0.0129,12.50,0.00,1791456455.413484,2,0,0.0
assignment4_ctlstop_bridge_20261008_194707,1791456455.365237,camera_color_optical_frame,598,640,480,1,325.2,235.5,0.0163,-0.0188,0.00244,1,1,1.000,0.8660,0.0012,-0.0138,12.02,0.00,1791456455.447459,2,0,0.0
assignment4_ctlstop_bridge_20261008_194707,1791456455.398596,camera_color_optical_frame,599,640,480,1,322.9,235.0,0.0092,-0.0209,0.00241,1,1,1.000,0.8630,-0.0020,-0.0145,10.76,0.00,1791456455.482195,2,0,0.0
assignment4_ctlstop_bridge_20261008_194707,1791456455.431954,camera_color_optical_frame,600,640,480,1,320.9,235.0,0.0028,-0.0210,0.00238,1,1,1.000,0.8620,-0.0050,-0.0145,11.44,0.00,1791456455.514890,2,0,0.0
assignment4_ctlstop_bridge_20261008_194707,1791456455.465312,camera_color_optical_frame,601,640,480,1,319.9,234.6,-0.0003,-0.0227,0.00244,1,1,1.000,0.8630,-0.0064,-0.0151,11.65,0.00,1791456455.547583,2,0,0.0
assignment4_ctlstop_bridge_20261008_194707,1791456455.498671,camera_color_optical_frame,602,640,480,1,318.7,234.8,-0.0041,-0.0217,0.00237,1,1,1.000,0.8660,-0.0081,-0.0148,11.16,0.00,1791456455.580489,2,0,0.0
assignment4_ctlstop_bridge_20261008_194707,1791456455.532029,camera_color_optical_frame,603,640,480,1,318.0,234.3,-0.0063,-0.0236,0.00244,1,1,1.000,0.8650,-0.0091,-0.0154,10.70,0.00,1791456455.615041,2,0,0.0
assignment4_ctlstop_bridge_20261008_194707,1791456455.565388,camera_color_optical_frame,604,640,480,1,318.2,235.3,-0.0057,-0.0196,0.00240,1,1,1.000,0.8600,-0.0088,-0.0140,10.67,0.00,1791456455.648956,2,0,0.0
assignment4_ctlstop_bridge_20261008_194707,1791456455.598743,camera_color_optical_frame,605,640,480,1,318.7,235.6,-0.0042,-0.0183,0.00242,1,1,1.000,0.8615,-0.0081,-0.0136,10.39,0.00,1791456455.681613,2,0,0.0
assignment4_ctlstop_bridge_20261008_194707,1791456455.632099,camera_color_optical_frame,606,640,480,1,320.5,236.9,0.0015,-0.0130,0.00242,1,1,1.000,0.8620,-0.0055,-0.0118,12.23,0.00,1791456455.715048,2,0,0.0
assignment4_ctlstop_bridge_20261008_194707,1791456455.665455,camera_color_optical_frame,607,640,480,1,323.3,238.3,0.0104,-0.0073,0.00238,1,1,1.000,0.8590,-0.0015,-0.0098,12.00,0.00,1791456455.747213,2,0,0.0
assignment4_ctlstop_bridge_20261008_194707,1791456455.698811,camera_color_optical_frame,608,640,480,1,327.1,239.9,0.0222,-0.0005,0.00244,1,1,1.000,0.8550,0.0039,-0.0074,11.87,0.00,1791456455.780047,2,0,0.0
assignment4_ctlstop_bridge_20261008_194707,1791456455.732166,camera_color_optical_frame,609,640,480,1,331.2,241.4,0.0350,0.0056,0.00248,1,1,1.000,0.8470,0.0096,-0.0053,12.41,0.00,1791456455.813656,2,0,0.0
assignment4_ctlstop_bridge_20261008_194707,1791456455.765522,camera_color_optical_frame,610,640,480,1,335.3,243.1,0.0479,0.0130,0.00246,1,1,1.000,0.8420,0.0152,-0.0028,10.68,0.00,1791456455.848735,2,0,0.0
assignment4_ctlstop_bridge_20261008_194707,1791456455.798877,camera_color_optical_frame,611,640,480,1,339.3,244.5,0.0604,0.0187,0.00251,1,1,1.000,0.8430,0.0208,-0.0009,11.00,0.00,1791456455.880419,2,0,0.0
assignment4_ctlstop_bridge_20261008_194707,1791456455.832233,camera_color_optical_frame,612,640,480,1,343.1,245.8,0.0722,0.0244,0.00253,1,1,1.000,0.8410,0.0260,0.0010,15.27,0.00,1791456455.918946,2,0,0.0
