0.016	>>> 
0.017	>>> B 1654 2007
0.592	>>> V 0.00 0.00
0.593	.00 HOLD
0.594	S 6130639 -13.18 30.50 0.00 0.00 HOLD
0.599	S 6130659 -13.18 30.50 0.00 0.00 HOLD
0.600	S 6130679 -13.18 30.50 0.00 0.00 HOLD
0.601	S 6130699 -13.18 30.50 0.00 0.00 HOLD
0.605	S 6130719 -13.18 30.50 0.00 0.00 HOLD
0.606	S 6130739 -13.18 30.50 0.00 0.00 HOLD
0.606	S 6130759 -13.18 30.50 0.00 0.00 HOLD
0.609	S 6149442 -13.18 30.50 0.00 0.00 HOLD
0.610	B 1654 2007
0.612	S 6149462 -13.18 30.50 0.00 0.00 HOLD
0.613	S 6149482 -13.18 30.50 0.00 0.00 HOLD
0.615	S 6149502 -13.18 30.50 0.00 0.00 HOLD
0.616	S 6149522 -13.18 30.50 0.00 0.00 HOLD
0.617	S 6149542 -13.18 30.50 0.00 0.00 HOLD
0.618	S 6149562 -13.18 30.50 0.00 0.00 HOLD
0.621	S 6149582 -13.18 30.50 0.00 0.00 HOLD
0.622	S 6149602 -13.18 30.50 0.00 0.00 HOLD
0.623	S 6149622 -13.18 30.50 0.00 0.00 HOLD
0.626	S 6149642 -13.18 30.50 0.00 0.00 HOLD
0.628	S 6149662 -13.18 30.50 0.00 0.00 HOLD
0.632	S 6149682 -13.18 30.50 0.00 0.00 HOLD
0.633	S 6149702 -13.18 30.50 0.00 0.00 HOLD
0.633	S 6149722 -13.18 30.50 0.00 0.00 HOLD
0.634	S 6149742 -13.18 30.50 0.00 0.00 HOLD
0.636	S 6149762 -13.18 30.50 0.00 0.00 HOLD
0.637	S 6149782 -13.18 30.50 0.00 0.00 HOLD
0.638	S 6149802 -13.18 30.50 0.00 0.00 HOLD
0.639	S 6149822 -13.18 30.50 0.00 0.00 HOLD
0.640	S 6149842 -13.18 30.50 0.00 0.00 HOLD
0.641	S 6149862 -13.18 30.50 0.00 0.00 HOLD
0.645	S 6149882 -13.18 30.50 0.00 0.00 HOLD
0.646	S 6149902 -13.18 30.50 0.00 0.00 HOLD
0.646	S 6149922 -13.18 30.50 0.00 0.00 HOLD
0.647	S 6149942 -13.18 30.50 0.00 0.00 HOLD
0.650	S 6149962 -13.18 30.50 0.00 0.00 HOLD
0.651	S 6149982 -13.18 30.50 0.00 0.00 HOLD
0.652	S 6150002 -13.18 30.50 0.00 0.00 HOLD
0.666	>>> V 0.00 0.00
0.667	S 6150022 -13.18 30.50 0.00 0.00 HOLD
0.672	S 6150042 -13.18 30.50 0.00 0.00 HOLD
0.673	S 6150062 -13.18 30.50 0.00 0.00 HOLD
0.674	S 6150082 -13.18 30.50 0.00 0.00 HOLD
0.691	>>> V 0.00 0.00
0.694	S 6150102 -13.18 30.50 0.00 0.00 HOLD
0.709	>>> V 0.00 0.00
0.711	S 6150122 -13.18 30.50 0.00 0.00 HOLD
0.731	>>> V 0.00 0.00
0.734	S 6150142 -13.18 30.50 0.00 0.00 HOLD
0.738	>>> V 0.00 0.00
0.758	>>> V 0.00 0.00
0.760	S 6150162 -13.18 30.50 0.00 0.00 HOLD
0.777	>>> V 0.00 0.00
0.778	S 6150182 -13.18 30.50 0.00 0.00 HOLD
0.798	>>> V 0.00 0.00
0.799	S 6150202 -13.18 30.50 0.00 0.00 HOLD
0.818	>>> V 0.00 0.00
0.819	S 6150222 -13.18 30.50 0.00 0.00 HOLD
0.841	>>> V 0.00 0.00
0.841	S 6150242 -13.18 30.50 0.00 0.00 HOLD
0.862	>>> V 0.00 0.00
0.862	S 6150262 -13.18 30.50 0.00 0.00 HOLD
0.878	>>> V 0.00 0.00
0.881	S 6150282 -13.18 30.50 0.00 0.00 HOLD
0.901	>>> V 0.00 0.00
0.901	S 6150302 -13.18 30.50 0.00 0.00 HOLD
0.922	>>> V 0.00 0.00
0.925	S 6150322 -13.18 30.50 0.00 0.00 HOLD
0.931	S 6150342 -13.18 30.50 0.00 0.00 HOLD
0.939	>>> V 0.00 0.00
0.962	>>> V 0.00 0.00
0.968	S 6150362 -13.18 30.50 0.00 0.00 HOLD
0.972	S 6150382 -13.18 30.50 0.00 0.00 HOLD
0.977	>>> V 0.00 0.00
0.999	>>> V 0.00 0.00
1.000	S 6150402 -13.18 30.50 0.00 0.00 HOLD
1.018	>>> V 0.00 0.00
1.019	S 6150422 -13.18 30.50 0.00 0.00 HOLD
1.037	>>> V 0.00 0.00
1.038	S 6150442 -13.18 30.50 0.00 0.00 HOLD
1.059	>>> V 0.00 0.00
1.060	S 6150462 -13.18 30.50 0.00 0.00 HOLD
1.077	>>> V 0.00 0.00
1.078	S 6150482 -13.18 30.50 0.00 0.00 HOLD
1.098	>>> V 0.00 0.00
1.099	S 6150502 -13.18 30.50 0.00 0.00 HOLD
1.118	>>> V 0.00 0.00
1.120	S 6150522 -13.18 30.50 0.00 0.00 HOLD
1.138	>>> V 0.00 0.00
1.139	S 6150542 -13.18 30.50 0.00 0.00 HOLD
1.159	>>> V 0.00 0.00
1.160	S 6150562 -13.18 30.50 0.00 0.00 HOLD
1.179	>>> V 0.00 0.00
1.179	S 6150582 -13.18 30.50 0.00 0.00 HOLD
1.198	>>> V 0.00 0.00
1.201	S 6150602 -13.18 30.50 0.00 0.00 HOLD
1.222	>>> V 0.00 0.00
1.225	S 6150622 -13.18 30.50 0.00 0.00 HOLD
1.227	S 6150642 -13.18 30.50 0.00 0.00 HOLD
1.237	>>> V 0.00 0.00
1.258	>>> V 0.00 0.00
1.259	S 6150662 -13.18 30.50 0.00 0.00 HOLD
1.278	>>> V 0.00 0.00
1.279	S 6150682 -13.18 30.50 0.00 0.00 HOLD
1.298	>>> V 0.00 0.00
1.302	S 6150702 -13.18 30.50 0.00 0.00 HOLD
1.318	>>> V 0.00 0.00
1.320	S 6150722 -13.18 30.50 0.00 0.00 HOLD
1.342	>>> V 0.00 0.00
1.342	S 6150742 -13.18 30.50 0.00 0.00 HOLD
1.359	>>> V 0.00 0.00
1.366	S 6150762 -13.27 30.50 0.00 0.00 HOLD
1.367	S 6150782 -13.18 30.50 0.00 0.00 HOLD
1.378	>>> V 0.00 0.00
1.398	>>> V 0.00 0.00
1.398	S 6150802 -13.18 30.50 0.00 0.00 HOLD
1.420	>>> V 0.00 0.00
1.423	S 6150822 -13.18 30.50 0.00 0.00 HOLD
1.437	>>> V 0.00 0.00
1.439	S 6150842 -13.18 30.50 0.00 0.00 HOLD
1.458	>>> V 0.00 0.00
1.460	S 6150862 -13.18 30.50 0.00 0.00 HOLD
1.478	>>> V 0.00 0.00
1.480	S 6150882 -13.18 30.50 0.00 0.00 HOLD
1.498	>>> V 0.00 0.00
1.501	S 6150902 -13.18 30.50 0.00 0.00 HOLD
1.519	>>> V 0.00 0.00
1.519	S 6150922 -13.18 30.50 0.00 0.00 HOLD
1.540	>>> V 0.00 0.00
1.540	S 6150942 -13.18 30.50 0.00 0.00 HOLD
1.558	>>> V 0.00 0.00
1.559	S 6150962 -13.18 30.59 0.00 0.00 HOLD
1.577	>>> V 0.00 0.00
1.578	S 6150982 -13.18 30.50 0.00 0.00 HOLD
1.597	>>> V 0.00 0.00
1.599	S 6151002 -13.18 30.59 0.00 0.00 HOLD
1.618	>>> V 0.00 0.00
1.621	S 6151022 -13.18 30.50 0.00 0.00 HOLD
1.637	>>> V 0.00 0.00
1.638	S 6151042 -13.18 30.50 0.00 0.00 HOLD
1.657	>>> V 0.00 0.00
1.659	S 6151062 -13.18 30.50 0.00 0.00 HOLD
1.680	>>> V 0.00 0.00
1.680	S 6151082 -13.27 30.50 0.00 0.00 HOLD
1.698	>>> V 0.00 0.00
1.700	S 6151102 -13.18 30.50 0.00 0.00 HOLD
1.717	>>> V 0.00 0.00
1.720	S 6151122 -13.18 30.50 0.00 0.00 HOLD
1.738	>>> V 0.00 0.00
1.739	S 6151142 -13.18 30.50 0.00 0.00 HOLD
1.759	>>> V 0.00 0.00
1.760	S 6151162 -13.18 30.50 0.00 0.00 HOLD
1.779	>>> V 0.00 0.00
1.783	S 6151182 -13.27 30.50 0.00 0.00 HOLD
1.798	>>> V 0.00 0.00
1.799	S 6151202 -13.18 30.50 0.00 0.00 HOLD
1.817	>>> V 0.00 0.00
1.820	S 6151222 -13.18 30.50 0.00 0.00 HOLD
1.837	>>> V 0.00 0.00
1.838	S 6151242 -13.18 30.50 0.00 0.00 HOLD
1.857	>>> V 0.00 0.00
1.860	S 6151262 -13.18 30.50 0.00 0.00 HOLD
1.877	>>> V 0.00 0.00
1.878	S 6151282 -13.18 30.50 0.00 0.00 HOLD
1.899	>>> V 0.00 0.00
1.900	S 6151302 -13.18 30.50 0.00 0.00 HOLD
1.919	>>> V 0.00 0.00
1.922	S 6151322 -13.18 30.50 0.00 0.00 HOLD
1.938	>>> V 0.00 0.00
1.942	S 6151342 -13.18 30.50 0.00 0.00 HOLD
1.961	>>> V 0.00 0.00
1.962	S 6151362 -13.18 30.50 0.00 0.00 HOLD
1.978	>>> V 0.00 0.00
1.978	S 6151382 -13.18 30.50 0.00 0.00 HOLD
2.001	>>> V 0.00 0.00
2.004	S 6151402 -13.18 30.50 0.00 0.00 HOLD
2.008	S 6151422 -13.27 30.50 0.00 0.00 HOLD
2.019	>>> V 0.00 0.00
2.037	>>> V 0.00 0.00
2.038	S 6151442 -13.18 30.50 0.00 0.00 HOLD
2.057	>>> V 0.00 0.00
2.060	S 6151462 -13.18 30.50 0.00 0.00 HOLD
2.077	>>> V 0.00 0.00
2.078	S 6151482 -13.18 30.50 0.00 0.00 HOLD
2.097	>>> V 0.00 0.00
2.099	S 6151502 -13.18 30.50 0.00 0.00 HOLD
2.120	>>> V 0.00 0.00
2.122	S 6151522 -13.18 30.50 0.00 0.00 HOLD
2.137	>>> V 0.00 0.00
2.138	S 6151542 -13.18 30.50 0.00 0.00 HOLD
2.158	>>> V 0.00 0.00
2.158	S 6151562 -13.18 30.50 0.00 0.00 HOLD
2.180	>>> V 0.00 0.00
2.180	S 6151582 -13.18 30.50 0.00 0.00 HOLD
2.199	>>> V 0.00 0.00
2.202	S 6151602 -13.18 30.50 0.00 0.00 HOLD
2.217	>>> V 0.00 0.00
2.220	S 6151622 -13.18 30.50 0.00 0.00 HOLD
2.238	>>> V 0.00 0.00
2.240	S 6151642 -13.18 30.50 0.00 0.00 HOLD
2.260	>>> V 0.00 0.00
2.261	S 6151662 -13.18 30.50 0.00 0.00 HOLD
2.280	>>> V 0.00 0.00
2.282	S 6151682 -13.18 30.50 0.00 0.00 HOLD
2.302	>>> V 0.00 0.00
2.304	S 6151702 -13.18 30.50 0.00 0.00 HOLD
2.305	S 6151722 -13.18 30.50 0.00 0.00 HOLD
2.325	>>> V 0.00 0.00
2.326	S 6151742 -13.18 30.50 0.00 0.00 HOLD
2.340	>>> V 0.00 0.00
2.362	>>> V 0.00 0.00
2.362	S 6151762 -13.18 30.50 0.00 0.00 HOLD
2.378	>>> V 0.00 0.00
2.380	S 6151782 -13.18 30.50 0.00 0.00 HOLD
2.397	>>> V 0.00 0.00
2.398	S 6151802 -13.18 30.50 0.00 0.00 HOLD
2.418	>>> V 0.00 0.00
2.418	S 6151822 -13.18 30.50 0.00 0.00 HOLD
2.439	>>> V 0.00 0.00
2.439	S 6151842 -13.18 30.50 0.00 0.00 HOLD
2.458	>>> V 0.00 0.00
2.459	S 6151862 -13.18 30.50 0.00 0.00 HOLD
2.478	>>> V 0.00 0.00
2.481	S 6151882 -13.18 30.50 0.00 0.00 HOLD
2.500	>>> V 0.00 0.00
2.501	S 6151902 -13.18 30.50 0.00 0.00 HOLD
2.517	>>> V 0.00 0.00
2.518	S 6151922 -13.18 30.59 0.00 0.00 HOLD
2.538	>>> V 0.00 0.00
2.539	S 6151942 -13.18 30.50 0.00 0.00 HOLD
2.557	>>> V 0.00 0.00
2.560	S 6151962 -13.18 30.50 0.00 0.00 HOLD
2.586	>>> V 0.00 0.00
2.586	S 6151982 -13.18 30.50 0.00 0.00 HOLD
2.588	S 6152002 -13.18 30.50 0.00 0.00 HOLD
2.599	>>> V 0.00 0.00
2.621	>>> V 0.00 0.00
2.623	S 6152022 -13.18 30.50 0.00 0.00 HOLD
2.638	>>> V 0.00 0.00
2.644	S 6152042 -13.18 30.50 0.00 0.00 HOLD
2.646	S 6152062 -13.18 30.50 0.00 0.00 HOLD
2.662	>>> V 0.00 0.00
2.678	>>> V 0.00 0.00
2.682	S 6152082 -13.18 30.50 0.00 0.00 HOLD
2.699	>>> V 0.00 0.00
2.700	S 6152102 -13.18 30.50 0.00 0.00 HOLD
2.718	>>> V 0.00 0.00
2.719	S 6152122 -13.18 30.50 0.00 0.00 HOLD
2.737	>>> V 0.00 0.00
2.738	S 6152142 -13.18 30.50 0.00 0.00 HOLD
2.759	>>> V 0.00 0.00
2.759	S 6152162 -13.18 30.50 0.00 0.00 HOLD
2.780	>>> V 0.00 0.00
2.784	S 6152182 -13.18 30.50 0.00 0.00 HOLD
2.786	S 6152202 -13.18 30.50 0.00 0.00 HOLD
2.799	>>> V 0.00 0.00
2.819	>>> V 0.00 0.00
2.823	S 6152222 -13.18 30.50 0.00 0.00 HOLD
2.841	>>> V 0.00 0.00
2.842	S 6152242 -13.18 30.50 0.00 0.00 HOLD
2.858	>>> V 0.00 0.00
2.858	S 6152262 -13.18 30.50 0.00 0.00 HOLD
2.878	>>> V 0.00 0.00
2.879	S 6152282 -13.18 30.50 0.00 0.00 HOLD
2.898	>>> V 0.00 0.00
2.901	S 6152302 -13.18 30.50 0.00 0.00 HOLD
2.920	>>> V 0.00 0.00
2.921	S 6152322 -13.18 30.50 0.00 0.00 HOLD
2.939	>>> V 0.00 0.00
2.939	S 6152342 -13.18 30.50 0.00 0.00 HOLD
2.960	>>> V 0.00 0.00
2.962	S 6152362 -13.18 30.50 0.00 0.00 HOLD
2.980	>>> V 0.00 0.00
2.980	S 6152382 -13.18 30.50 0.00 0.00 HOLD
2.998	>>> V 0.00 0.00
2.999	S 6152402 -13.18 30.50 0.00 0.00 HOLD
3.018	>>> V 0.00 0.00
3.019	S 6152422 -13.18 30.50 0.00 0.00 HOLD
3.038	>>> V 0.00 0.00
3.039	S 6152442 -13.18 30.50 0.00 0.00 HOLD
3.058	>>> V 0.00 0.00
3.059	S 6152462 -13.18 30.50 0.00 0.00 HOLD
3.078	>>> V 0.00 0.00
3.083	S 6152482 -13.18 30.50 0.00 0.00 HOLD
3.098	>>> V 0.00 0.00
3.099	S 6152502 -13.18 30.50 0.00 0.00 HOLD
3.117	>>> V 0.00 0.00
3.121	S 6152522 -13.18 30.50 0.00 0.00 HOLD
3.138	>>> V 0.00 0.00
3.139	S 6152542 -13.18 30.50 0.00 0.00 HOLD
3.158	>>> V 0.00 0.00
3.158	S 6152562 -13.18 30.50 0.00 0.00 HOLD
3.180	>>> V 0.00 0.00
3.180	S 6152582 -13.18 30.50 0.00 0.00 HOLD
3.198	>>> V 0.00 0.00
3.199	S 6152602 -13.18 30.50 0.00 0.00 HOLD
3.219	>>> V 0.00 0.00
3.219	S 6152622 -13.18 30.59 0.00 0.00 HOLD
3.237	>>> V 0.00 0.00
3.238	S 6152642 -13.18 30.50 0.00 0.00 HOLD
3.260	>>> V 0.00 0.00
3.260	S 6152662 -13.18 30.50 0.00 0.00 HOLD
3.278	>>> V 0.00 0.00
3.279	S 6152682 -13.18 30.50 0.00 0.00 HOLD
3.301	>>> V 0.00 0.00
3.303	S 6152702 -13.18 30.50 0.00 0.00 HOLD
3.317	>>> V 0.00 0.00
3.318	S 6152722 -13.18 30.50 0.00 0.00 HOLD
3.339	>>> V 0.00 0.00
3.340	S 6152742 -13.18 30.50 0.00 0.00 HOLD
3.357	>>> V 0.00 0.00
3.358	S 6152762 -13.18 30.50 0.00 0.00 HOLD
3.379	>>> V 0.00 0.00
3.380	S 6152782 -13.18 30.50 0.00 0.00 HOLD
3.398	>>> V 0.00 0.00
3.398	S 6152802 -13.18 30.50 0.00 0.00 HOLD
3.421	>>> V 0.00 0.00
3.421	S 6152822 -13.18 30.50 0.00 0.00 HOLD
3.438	>>> V 0.00 0.00
3.438	S 6152842 -13.18 30.50 0.00 0.00 HOLD
3.458	>>> V 0.00 0.00
3.458	S 6152862 -13.18 30.50 0.00 0.00 HOLD
3.478	>>> V 0.00 0.00
3.479	S 6152882 -13.18 30.50 0.00 0.00 HOLD
3.498	>>> V 0.00 0.00
3.498	S 6152902 -13.18 30.50 0.00 0.00 HOLD
3.518	>>> V 0.00 0.00
3.518	S 6152922 -13.18 30.50 0.00 0.00 HOLD
3.538	>>> V 0.00 0.00
3.538	S 6152942 -13.18 30.50 0.00 0.00 HOLD
3.557	>>> V 0.00 0.00
3.559	S 6152962 -13.18 30.50 0.00 0.00 HOLD
3.578	>>> V 0.00 0.00
3.583	S 6152982 -13.18 30.50 0.00 0.00 HOLD
3.597	>>> V 0.00 0.00
3.603	S 6153002 -13.18 30.50 0.00 0.00 HOLD
3.617	>>> V 0.00 0.00
3.618	S 6153022 -13.18 30.50 0.00 0.00 HOLD
3.638	>>> V 0.00 0.00
3.643	S 6153042 -13.18 30.50 0.00 0.00 HOLD
3.658	>>> V 0.00 0.00
3.659	S 6153062 -13.18 30.50 0.00 0.00 HOLD
3.679	>>> V 0.00 0.00
3.680	S 6153082 -13.18 30.50 0.00 0.00 HOLD
3.699	>>> V 0.00 0.00
3.699	S 6153102 -13.18 30.50 0.00 0.00 HOLD
3.717	>>> V 0.00 0.00
3.721	S 6153122 -13.18 30.50 0.00 0.00 HOLD
3.738	>>> V 0.00 0.00
3.738	S 6153142 -13.18 30.50 0.00 0.00 HOLD
3.759	>>> V 0.00 0.00
3.759	S 6153162 -13.18 30.50 0.00 0.00 HOLD
3.778	>>> V 0.00 0.00
3.779	S 6153182 -13.18 30.50 0.00 0.00 HOLD
3.798	>>> V 0.00 0.00
3.799	S 6153202 -13.18 30.50 0.00 0.00 HOLD
3.818	>>> V 0.00 0.00
3.819	S 6153222 -13.18 30.50 0.00 0.00 HOLD
3.839	>>> V 0.00 0.00
3.839	S 6153242 -13.18 30.50 0.00 0.00 HOLD
3.858	>>> V 0.00 0.00
3.859	S 6153262 -13.18 30.50 0.00 0.00 HOLD
3.878	>>> V 0.00 0.00
3.878	S 6153282 -13.18 30.50 0.00 0.00 HOLD
3.899	>>> V 0.00 0.00
3.900	S 6153302 -13.18 30.50 0.00 0.00 HOLD
3.918	>>> V 0.00 0.00
3.919	S 6153322 -13.18 30.50 0.00 0.00 HOLD
3.938	>>> V 0.00 0.00
3.939	S 6153342 -13.18 30.50 0.00 0.00 HOLD
3.958	>>> V 0.00 0.00
3.961	S 6153362 -13.18 30.50 0.00 0.00 HOLD
3.980	>>> V 0.00 0.00
3.980	S 6153382 -13.18 30.50 0.00 0.00 HOLD
3.997	>>> V 0.00 0.00
3.999	S 6153402 -13.18 30.50 0.00 0.00 HOLD
4.019	>>> V 0.00 0.00
4.020	S 6153422 -13.18 30.50 0.00 0.00 HOLD
4.040	>>> V 0.00 0.00
4.041	S 6153442 -13.18 30.50 0.00 0.00 HOLD
4.060	>>> V 0.00 0.00
4.065	S 6153462 -13.18 30.50 0.00 0.00 HOLD
4.072	S 6153482 -13.18 30.50 0.00 0.00 HOLD
4.089	>>> V 0.00 0.00
4.090	S 6153502 -13.18 30.50 0.00 0.00 HOLD
4.106	>>> V 0.00 0.00
4.106	S 6153522 -13.18 30.50 0.00 0.00 HOLD
4.119	>>> V 0.00 0.00
4.138	>>> V 0.00 0.00
4.139	S 6153542 -13.18 30.50 0.00 0.00 HOLD
4.158	>>> V 0.00 0.00
4.158	S 6153562 -13.18 30.50 0.00 0.00 HOLD
4.178	>>> V 0.00 0.00
4.181	S 6153582 -13.27 30.50 0.00 0.00 HOLD
4.202	>>> V 0.00 0.00
4.203	S 6153602 -13.18 30.50 0.00 0.00 HOLD
4.218	>>> V 0.00 0.00
4.218	S 6153622 -13.18 30.50 0.00 0.00 HOLD
4.238	>>> V 0.00 0.00
4.239	S 6153642 -13.18 30.50 0.00 0.00 HOLD
4.258	>>> V 0.00 0.00
4.258	S 6153662 -13.18 30.50 0.00 0.00 HOLD
4.279	>>> V 0.00 0.00
4.282	S 6153682 -13.18 30.50 0.00 0.00 HOLD
4.298	>>> V 0.00 0.00
4.298	S 6153702 -13.18 30.50 0.00 0.00 HOLD
4.320	>>> V 0.00 0.00
4.323	S 6153722 -13.18 30.50 0.00 0.00 HOLD
4.338	>>> V 0.00 0.00
4.339	S 6153742 -13.18 30.50 0.00 0.00 HOLD
4.360	>>> V 0.00 0.00
4.361	S 6153762 -13.18 30.50 0.00 0.00 HOLD
4.378	>>> V 0.00 0.00
4.378	S 6153782 -13.18 30.50 0.00 0.00 HOLD
4.398	>>> V 0.00 0.00
4.398	S 6153802 -13.18 30.50 0.00 0.00 HOLD
4.425	>>> V 0.00 0.00
4.427	S 6153822 -13.18 30.50 0.00 0.00 HOLD
4.429	S 6153842 -13.18 30.50 0.00 0.00 HOLD
4.452	>>> V 0.00 0.00
4.453	S 6153862 -13.18 30.50 0.00 0.00 HOLD
4.457	>>> V 0.00 0.00
4.477	>>> V 0.00 0.00
4.481	S 6153882 -13.18 30.50 0.00 0.00 HOLD
4.498	>>> V 0.00 0.00
4.499	S 6153902 -13.18 30.50 0.00 0.00 HOLD
4.518	>>> V 0.00 0.00
4.523	S 6153922 -13.18 30.50 0.00 0.00 HOLD
4.539	>>> V 0.00 0.00
4.541	S 6153942 -13.18 30.50 0.00 0.00 HOLD
4.558	>>> V 0.00 0.00
4.559	S 6153962 -13.18 30.50 0.00 0.00 HOLD
4.578	>>> V 0.00 0.00
4.582	S 6153982 -13.18 30.50 0.00 0.00 HOLD
4.597	>>> V 0.00 0.00
4.598	S 6154002 -13.18 30.50 0.00 0.00 HOLD
4.618	>>> V 0.00 0.00
4.618	S 6154022 -13.18 30.50 0.00 0.00 HOLD
4.639	>>> V 0.00 0.00
4.639	S 6154042 -13.18 30.50 0.00 0.00 HOLD
4.659	>>> V 0.00 0.00
4.662	S 6154062 -13.18 30.50 0.00 0.00 HOLD
4.679	>>> V 0.00 0.00
4.681	S 6154082 -13.18 30.50 0.00 0.00 HOLD
4.700	>>> V 0.00 0.00
4.701	S 6154102 -13.18 30.50 0.00 0.00 HOLD
4.719	>>> V 0.00 0.00
4.719	S 6154122 -13.18 30.50 0.00 0.00 HOLD
4.738	>>> V 0.00 0.00
4.739	S 6154142 -13.18 30.50 0.00 0.00 HOLD
4.758	>>> V 0.00 0.00
4.774	S 6154162 -13.18 30.50 0.00 0.00 HOLD
4.777	S 6154182 -13.27 30.50 0.00 0.00 HOLD
4.790	>>> V 0.00 0.00
4.794	S 6154202 -13.18 30.50 0.00 0.00 HOLD
4.800	>>> V 0.00 0.00
4.825	>>> V 0.00 0.00
4.826	S 6154222 -13.18 30.50 0.00 0.00 HOLD
4.828	S 6154242 -13.18 30.50 0.00 0.00 HOLD
4.838	>>> V 0.00 0.00
4.861	>>> V 0.00 0.00
4.868	S 6154262 -13.18 30.50 0.00 0.00 HOLD
4.870	S 6154282 -13.18 30.50 0.00 0.00 HOLD
4.886	>>> V 0.00 0.00
4.886	S 6154302 -13.18 30.50 0.00 0.00 HOLD
4.898	>>> V 0.00 0.00
4.920	>>> V 0.00 0.00
4.923	S 6154322 -13.18 30.50 0.00 0.00 HOLD
4.938	>>> V 0.00 0.00
4.947	S 6154342 -13.18 30.50 0.00 0.00 HOLD
4.949	S 6154362 -13.18 30.50 0.00 0.00 HOLD
4.963	>>> V 0.00 0.00
4.985	>>> V 0.00 0.00
4.988	S 6154382 -13.18 30.50 0.00 0.00 HOLD
4.989	S 6154402 -13.18 30.50 0.00 0.00 HOLD
4.999	>>> V 0.00 0.00
5.018	>>> V 0.00 0.00
5.019	S 6154422 -13.18 30.50 0.00 0.00 HOLD
5.038	>>> V 0.00 0.00
5.039	S 6154442 -13.18 30.50 0.00 0.00 HOLD
5.059	>>> V 0.00 0.00
5.059	S 6154462 -13.18 30.50 0.00 0.00 HOLD
5.078	>>> V 0.00 0.00
5.079	S 6154482 -13.18 30.50 0.00 0.00 HOLD
5.106	>>> V 0.00 0.00
5.109	S 6154502 -13.18 30.50 0.00 0.00 HOLD
5.110	S 6154522 -13.18 30.50 0.00 0.00 HOLD
5.121	>>> V 0.00 0.00
5.145	>>> V 0.00 0.00
5.149	S 6154542 -13.18 30.50 0.00 0.00 HOLD
5.149	S 6154562 -13.18 30.50 0.00 0.00 HOLD
5.159	>>> V 0.00 0.00
5.179	>>> V 0.00 0.00
5.179	S 6154582 -13.18 30.50 0.00 0.00 HOLD
5.198	>>> V 0.00 0.00
5.198	S 6154602 -13.18 30.50 0.00 0.00 HOLD
5.219	>>> V 0.00 0.00
5.219	S 6154622 -13.18 30.50 0.00 0.00 HOLD
5.237	>>> V 0.00 0.00
5.240	S 6154642 -13.18 30.50 0.00 0.00 HOLD
5.259	>>> V 0.00 0.00
5.262	S 6154662 -13.18 30.50 0.00 0.00 HOLD
5.278	>>> V 0.00 0.00
5.280	S 6154683 -13.27 30.50 0.00 0.00 HOLD
5.298	>>> V 0.00 0.00
5.298	S 6154703 -13.18 30.50 0.00 0.00 HOLD
5.318	>>> V 0.00 0.00
5.320	S 6154723 -13.18 30.50 0.00 0.00 HOLD
5.338	>>> V 0.00 0.00
5.340	S 6154743 -13.18 30.50 0.00 0.00 HOLD
5.362	>>> V 0.00 0.00
5.363	S 6154763 -13.18 30.50 0.00 0.00 HOLD
5.377	>>> V 0.00 0.00
5.378	S 6154783 -13.18 30.50 0.00 0.00 HOLD
5.399	>>> V 0.00 0.00
5.400	S 6154803 -13.18 30.50 0.00 0.00 HOLD
5.420	>>> V 0.00 0.00
5.422	S 6154823 -13.18 30.50 0.00 0.00 HOLD
5.438	>>> V 0.00 0.00
5.438	S 6154843 -13.18 30.50 0.00 0.00 HOLD
5.459	>>> V 0.00 0.00
5.460	S 6154863 -13.18 30.50 0.00 0.00 HOLD
5.478	>>> V 0.00 0.00
5.478	S 6154883 -13.18 30.50 0.00 0.00 HOLD
8.754	>>> V 0.00 0.00
8.766	S 6154903 -13.18 30.50 0.00 0.00 HOLD
8.774	S 6154923 -13.18 30.50 0.00 0.00 HOLD
8.780	S 6154943 -13.18 30.50 0.00 0.00 HOLD
8.784	S 6154963 -13.18 30.50 0.00 0.00 HOLD
8.801	S 6154983 -13.18 30.50 0.00 0.00 HOLD
8.807	S 6155003 -13.18 30.50 0.00 0.00 HOLD
8.815	S 6155023 -13.18 30.50 0.00 0.00 HOLD
8.816	S 6155043 -13.18 30.50 0.00 0.00 HOLD
8.821	S 6155063 -13.18 30.50 0.00 0.00 HOLD
8.822	S 6155083 -13.18 30.59 0.00 0.00 HOLD
8.826	S 6155103 -13.18 30.50 0.00 0.00 HOLD
8.832	S 6155123 -13.18 30.50 0.00 0.00 HOLD
8.834	S 6155143 -13.18 30.50 0.00 0.00 HOLD
8.835	S 6155163 -13.18 30.50 0.00 0.00 HOLD
8.840	S 6155183 -13.18 30.50 0.00 0.00 HOLD
8.845	S 6155203 -13.18 30.50 0.00 0.00 HOLD
8.847	S 6155223 -13.18 30.50 0.00 0.00 HOLD
8.851	S 6155243 -13.18 30.50 0.00 0.00 HOLD
8.852	S 6155263 -13.18 30.50 0.00 0.00 HOLD
8.853	S 6155283 -13.18 30.50 0.00 0.00 HOLD
8.857	S 6155303 -13.18 30.50 0.00 0.00 HOLD
8.858	S 6155323 -13.18 30.50 0.00 0.00 HOLD
8.862	S 6155343 -13.18 30.50 0.00 0.00 HOLD
8.864	S 6155363 -13.18 30.50 0.00 0.00 HOLD
8.865	S 6155383 -13.18 30.50 0.00 0.00 HOLD
8.866	S 6155403 -13.18 30.50 0.00 0.00 HOLD
8.871	S 6155423 -13.18 30.50 0.00 0.00 HOLD
8.872	S 6155443 -13.18 30.50 0.00 0.00 HOLD
8.873	S 6155463 -13.18 30.50 0.00 0.00 HOLD
8.874	S 6155483 -13.18 30.50 0.00 0.00 HOLD
8.874	S 6155503 -13.18 30.50 0.00 0.00 HOLD
8.875	S 6155523 -13.18 30.50 0.00 0.00 HOLD
8.876	S 6155543 -13.18 30.50 0.00 0.00 HOLD
8.878	S 6155563 -13.18 30.50 0.00 0.00 HOLD
8.879	S 6155583 -13.18 30.50 0.00 0.00 HOLD
8.880	S 6155603 -13.18 30.50 0.00 0.00 HOLD
8.883	S 6155623 -13.18 30.50 0.00 0.00 HOLD
8.884	S 6155643 -13.18 30.50 0.00 0.00 HOLD
8.886	S 6155663 -13.18 30.50 0.00 0.00 HOLD
8.887	S 6155683 -13.18 30.50 0.00 0.00 HOLD
8.888	S 6155703 -13.18 30.50 0.00 0.00 HOLD
8.889	S 6155723 -13.18 30.50 0.00 0.00 HOLD
8.889	S 6155743 -13.18 30.50 0.00 0.00 HOLD
8.890	S 6155763 -13.18 30.50 0.00 0.00 HOLD
8.892	S 6155783 -13.27 30.50 0.00 0.00 HOLD
8.894	S 6155803 -13.18 30.59 0.00 0.00 HOLD
8.895	S 6155823 -13.18 30.50 0.00 0.00 HOLD
8.897	S 6155843 -13.18 30.50 0.00 0.00 HOLD
8.898	S 6155863 -13.18 30.50 0.00 0.00 HOLD
8.899	S 6155883 -13.27 30.59 0.00 0.00 HOLD
8.900	S 6155903 -13.18 30.50 0.00 0.00 HOLD
8.901	S 6155923 -13.18 30.50 0.00 0.00 HOLD
8.901	S 6155943 -13.18 30.50 0.00 0.00 HOLD
8.902	S 6155963 -13.18 30.50 0.00 0.00 HOLD
8.903	S 6155983 -13.18 30.50 0.00 0.00 HOLD
8.904	S 6156003 -13.27 30.50 0.00 0.00 HOLD
8.906	S 6156023 -13.18 30.50 0.00 0.00 HOLD
8.907	S 6156043 -13.18 30.59 0.00 0.00 HOLD
8.908	S 6156063 -13.18 30.50 0.00 0.00 HOLD
8.909	S 6156083 -13.18 30.50 0.00 0.00 HOLD
8.910	S 6156103 -13.18 30.50 0.00 0.00 HOLD
8.911	S 6156123 -13.18 30.50 0.00 0.00 HOLD
8.912	S 6156143 -13.18 30.50 0.00 0.00 HOLD
8.913	S 6156163 -13.18 30.50 0.00 0.00 HOLD
8.915	S 6156183 -13.18 30.50 0.00 0.00 HOLD
8.916	S 6156203 -13.27 30.50 0.00 0.00 HOLD
8.917	S 6156223 -13.18 30.50 0.00 0.00 HOLD
8.918	S 6156243 -13.18 30.50 0.00 0.00 HOLD
8.919	S 6156263 -13.18 30.50 0.00 0.00 HOLD
8.920	S 6156283 -13.18 30.50 0.00 0.00 HOLD
8.921	S 6156303 -13.18 30.50 0.00 0.00 HOLD
8.922	S 6156323 -13.18 30.50 0.00 0.00 HOLD
8.923	S 6156343 -13.18 30.50 0.00 0.00 HOLD
8.924	S 6156363 -13.18 30.50 0.00 0.00 HOLD
8.925	S 6156383 -13.18 30.50 0.00 0.00 HOLD
8.927	S 6156403 -13.18 30.50 0.00 0.00 HOLD
8.928	S 6156423 -13.18 30.50 0.00 0.00 HOLD
8.929	S 6156443 -13.18 30.50 0.00 0.00 HOLD
8.930	S 6156463 -13.18 30.50 0.00 0.00 HOLD
8.931	S 6156483 -13.18 30.50 0.00 0.00 HOLD
8.932	S 6156503 -13.18 30.50 0.00 0.00 HOLD
8.933	S 6156523 -13.18 30.50 0.00 0.00 HOLD
8.934	S 6156543 -13.18 30.50 0.00 0.00 HOLD
8.935	S 6156563 -13.18 30.50 0.00 0.00 HOLD
8.936	S 6156583 -13.18 30.50 0.00 0.00 HOLD
8.937	S 6156603 -13.18 30.50 0.00 0.00 HOLD
8.938	S 6156623 -13.18 30.50 0.00 0.00 HOLD
8.939	S 6156643 -13.18 30.50 0.00 0.00 HOLD
8.940	S 6156663 -13.18 30.50 0.00 0.00 HOLD
8.940	S 6156683 -13.18 30.50 0.00 0.00 HOLD
8.941	S 6156703 -13.18 30.50 0.00 0.00 HOLD
8.942	S 6156723 -13.18 30.50 0.00 0.00 HOLD
8.943	S 6156743 -13.18 30.50 0.00 0.00 HOLD
8.944	S 6156763 -13.18 30.50 0.00 0.00 HOLD
8.945	S 6156783 -13.18 30.50 0.00 0.00 HOLD
8.945	S 6156803 -13.18 30.50 0.00 0.00 HOLD
8.946	S 6156823 -13.18 30.50 0.00 0.00 HOLD
8.947	S 6156843 -13.18 30.50 0.00 0.00 HOLD
8.948	S 6156863 -13.18 30.50 0.00 0.00 HOLD
8.949	S 6156883 -13.18 30.50 0.00 0.00 HOLD
8.950	S 6156903 -13.18 30.50 0.00 0.00 HOLD
8.951	S 6156923 -13.18 30.50 0.00 0.00 HOLD
8.952	S 6156943 -13.18 30.50 0.00 0.00 HOLD
8.952	S 6156963 -13.18 30.50 0.00 0.00 HOLD
8.953	S 6156983 -13.18 30.50 0.00 0.00 HOLD
8.957	>>> V 0.00 0.00
8.958	S 6157003 -13.18 30.50 0.00 0.00 HOLD
8.958	S 6157023 -13.18 30.50 0.00 0.00 HOLD
8.959	S 6157043 -13.18 30.50 0.00 0.00 HOLD
8.960	S 6157063 -13.18 30.50 0.00 0.00 HOLD
8.961	S 6157083 -13.18 30.50 0.00 0.00 HOLD
8.962	S 6157103 -13.18 30.50 0.00 0.00 HOLD
8.962	S 6157123 -13.18 30.50 0.00 0.00 HOLD
8.963	S 6157143 -13.18 30.50 0.00 0.00 HOLD
8.964	S 6157163 -13.18 30.50 0.00 0.00 HOLD
8.965	S 6157183 -13.18 30.50 0.00 0.00 HOLD
8.965	S 6157203 -13.18 30.50 0.00 0.00 HOLD
8.966	S 6157223 -13.18 30.50 0.00 0.00 HOLD
8.966	S 6157243 -13.18 30.50 0.00 0.00 HOLD
8.967	S 6157263 -13.18 30.50 0.00 0.00 HOLD
8.968	S 6157283 -13.18 30.50 0.00 0.00 HOLD
8.968	S 6157303 -13.18 30.50 0.00 0.00 HOLD
8.969	S 6157323 -13.18 30.50 0.00 0.00 HOLD
8.970	S 6157343 -13.18 30.50 0.00 0.00 HOLD
8.970	S 6157363 -13.18 30.50 0.00 0.00 HOLD
8.971	S 6157383 -13.18 30.50 0.00 0.00 HOLD
8.972	S 6157403 -13.18 30.50 0.00 0.00 HOLD
8.972	S 6157423 -13.18 30.50 0.00 0.00 HOLD
8.973	S 6157443 -13.18 30.50 0.00 0.00 HOLD
8.973	S 6157463 -13.18 30.50 0.00 0.00 HOLD
8.974	S 6157483 -13.18 30.50 0.00 0.00 HOLD
8.975	S 6157503 -13.18 30.50 0.00 0.00 HOLD
8.975	S 6157523 -13.18 30.50 0.00 0.00 HOLD
8.976	S 6157543 -13.18 30.50 0.00 0.00 HOLD
8.976	S 6157563 -13.18 30.50 0.00 0.00 HOLD
8.977	S 6157583 -13.18 30.50 0.00 0.00 HOLD
8.978	S 6157603 -13.18 30.50 0.00 0.00 HOLD
8.979	S 6157623 -13.18 30.50 0.00 0.00 HOLD
8.979	S 6157643 -13.18 30.50 0.00 0.00 HOLD
8.981	S 6157663 -13.18 30.50 0.00 0.00 HOLD
8.982	S 6157683 -13.18 30.50 0.00 0.00 HOLD
8.983	S 6157703 -13.18 30.50 0.00 0.00 HOLD
8.984	S 6157723 -13.18 30.50 0.00 0.00 HOLD
8.986	S 6157743 -13.18 30.59 0.00 0.00 HOLD
8.987	S 6157763 -13.27 30.50 0.00 0.00 HOLD
8.988	S 6157783 -13.18 30.50 0.00 0.00 HOLD
8.988	S 6157803 -13.18 30.50 0.00 0.00 HOLD
8.989	S 6157823 -13.18 30.50 0.00 0.00 HOLD
8.990	S 6157843 -13.18 30.50 0.00 0.00 HOLD
8.991	S 6157863 -13.18 30.50 0.00 0.00 HOLD
8.993	S 6157883 -13.18 30.50 0.00 0.00 HOLD
8.995	S 6157903 -13.18 30.50 0.00 0.00 HOLD
8.996	S 6157923 -13.18 30.50 0.00 0.00 HOLD
8.997	S 6157943 -13.18 30.50 0.00 0.00 HOLD
8.998	S 6157963 -13.18 30.50 0.00 0.00 HOLD
9.000	S 6157983 -13.18 30.50 0.00 0.00 HOLD
9.001	S 6158003 -13.27 30.50 0.00 0.00 HOLD
9.002	S 6158023 -13.18 30.50 0.00 0.00 HOLD
9.003	S 6158043 -13.18 30.50 0.00 0.00 HOLD
9.004	S 6158063 -13.18 30.50 0.00 0.00 HOLD
9.004	S 6158083 -13.18 30.50 0.00 0.00 HOLD
9.005	S 6158103 -13.18 30.50 0.00 0.00 HOLD
9.006	S 6158123 -13.18 30.50 0.00 0.00 HOLD
9.007	S 6158143 -13.18 30.50 0.00 0.00 HOLD
9.008	S 6158163 -13.18 30.50 0.00 0.00 HOLD
9.009	S 6158183 -13.18 30.50 0.00 0.00 HOLD
9.010	S 6158203 -13.18 30.50 0.00 0.00 HOLD
9.011	S 6158223 -13.18 30.50 0.00 0.00 HOLD
9.011	S 6158243 -13.18 30.50 0.00 0.00 HOLD
9.012	S 6158263 -13.18 30.50 0.00 0.00 HOLD
9.013	S 6158283 -13.18 30.50 0.00 0.00 HOLD
9.014	S 6158303 -13.18 30.50 0.00 0.00 HOLD
9.015	S 6158323 -13.18 30.50 0.00 0.00 HOLD
9.015	S 6158343 -13.18 30.50 0.00 0.00 HOLD
9.016	S 6158363 -13.18 30.50 0.00 0.00 HOLD
9.018	>>> V 0.00 0.00
9.018	S 6158383 -13.18 30.50 0.00 0.00 HOLD
9.019	S 6158403 -13.18 30.50 0.00 0.00 HOLD
9.020	S 6158423 -13.18 30.50 0.00 0.00 HOLD
9.038	>>> V 0.00 0.00
9.038	S 6158443 -13.18 30.50 0.00 0.00 HOLD
9.058	>>> V 0.00 0.00
9.069	S 6158463 -13.18 30.50 0.00 0.00 HOLD
9.071	S 6158483 -13.18 30.50 0.00 0.00 HOLD
9.080	>>> V 0.00 0.00
9.100	>>> V 0.00 0.00
9.100	S 6158503 -13.18 30.50 0.00 0.00 HOLD
9.118	>>> V 0.00 0.00
9.119	S 6158523 -13.18 30.50 0.00 0.00 HOLD
9.144	>>> V 0.00 0.00
9.145	S 6158543 -13.18 30.50 0.00 0.00 HOLD
9.150	S 6158563 -13.18 30.50 0.00 0.00 HOLD
9.161	>>> V 0.00 0.00
9.177	>>> V 0.00 0.00
9.179	S 6158583 -13.18 30.50 0.00 0.00 HOLD
9.198	>>> V 0.00 0.00
9.201	S 6158603 -13.18 30.50 0.00 0.00 HOLD
9.219	>>> V 0.00 0.00
9.219	S 6158623 -13.18 30.50 0.00 0.00 HOLD
9.238	>>> V 0.00 0.00
9.238	S 6158643 -13.18 30.50 0.00 0.00 HOLD
9.260	>>> V 0.00 0.00
9.262	S 6158663 -13.18 30.50 0.00 0.00 HOLD
9.278	>>> V 0.00 0.00
9.278	S 6158683 -13.18 30.50 0.00 0.00 HOLD
9.297	>>> V 0.00 0.00
9.298	S 6158703 -13.18 30.50 0.00 0.00 HOLD
9.320	>>> V 0.00 0.00
9.320	S 6158723 -13.18 30.50 0.00 0.00 HOLD
9.338	>>> V 0.00 0.00
9.341	S 6158743 -13.18 30.50 0.00 0.00 HOLD
9.358	>>> V 0.00 0.00
9.361	S 6158763 -13.18 30.50 0.00 0.00 HOLD
9.378	>>> V 0.00 0.00
9.378	S 6158783 -13.18 30.50 0.00 0.00 HOLD
9.398	>>> V 0.00 0.00
9.398	S 6158803 -13.18 30.50 0.00 0.00 HOLD
9.418	>>> V 0.00 0.00
9.419	S 6158823 -13.18 30.50 0.00 0.00 HOLD
9.437	>>> V 0.00 0.00
9.438	S 6158843 -13.18 30.50 0.00 0.00 HOLD
9.458	>>> V 0.00 0.00
9.462	S 6158863 -13.18 30.50 0.00 0.00 HOLD
9.480	>>> V 0.00 0.00
9.483	S 6158883 -13.18 30.50 0.00 0.00 HOLD
9.502	>>> V 0.00 0.00
9.503	S 6158903 -13.18 30.50 0.00 0.00 HOLD
9.518	>>> V 0.00 0.00
9.519	S 6158923 -13.18 30.50 0.00 0.00 HOLD
9.539	>>> V 0.00 0.00
9.540	S 6158943 -13.18 30.50 0.00 0.00 HOLD
9.558	>>> V 0.00 0.00
9.559	S 6158963 -13.18 30.50 0.00 0.00 HOLD
9.578	>>> V 0.00 0.00
9.581	S 6158983 -13.18 30.50 0.00 0.00 HOLD
9.599	>>> V 0.00 0.00
9.600	S 6159003 -13.18 30.50 0.00 0.00 HOLD
9.621	>>> V 0.00 0.00
9.623	S 6159023 -13.18 30.50 0.00 0.00 HOLD
9.646	>>> V 0.00 0.00
9.651	S 6159043 -13.18 30.50 0.00 0.00 HOLD
9.652	S 6159063 -13.18 30.50 0.00 0.00 HOLD
9.658	>>> V 0.00 0.00
9.678	>>> V 0.00 0.00
9.682	S 6159083 -13.18 30.50 0.00 0.00 HOLD
9.702	>>> V 0.00 0.00
9.702	S 6159103 -13.18 30.50 0.00 0.00 HOLD
9.721	>>> V 0.00 0.00
9.725	S 6159123 -13.18 30.50 0.00 0.00 HOLD
9.733	S 6159143 -13.18 30.50 0.00 0.00 HOLD
9.738	>>> V 0.00 0.00
9.758	>>> V 0.00 0.00
9.758	S 6159163 -13.18 30.50 0.00 0.00 HOLD
9.778	>>> V 0.00 0.00
9.780	S 6159183 -13.18 30.50 0.00 0.00 HOLD
9.798	>>> V 0.00 0.00
9.800	S 6159203 -13.18 30.50 0.00 0.00 HOLD
9.817	>>> V 0.00 0.00
9.819	S 6159223 -13.18 30.50 0.00 0.00 HOLD
9.840	>>> V 0.00 0.00
9.841	S 6159243 -13.18 30.50 0.00 0.00 HOLD
9.858	>>> V 0.00 0.00
9.858	S 6159263 -13.18 30.50 0.00 0.00 HOLD
9.880	>>> V 0.00 0.00
9.881	S 6159283 -13.18 30.50 0.00 0.00 HOLD
9.897	>>> V 0.00 0.00
9.899	S 6159303 -13.18 30.50 0.00 0.00 HOLD
9.919	>>> V 0.00 0.00
9.919	S 6159323 -13.27 30.50 0.00 0.00 HOLD
9.938	>>> V 0.00 0.00
9.938	S 6159343 -13.18 30.50 0.00 0.00 HOLD
9.958	>>> V 0.00 0.00
9.958	S 6159363 -13.18 30.50 0.00 0.00 HOLD
9.978	>>> V 0.00 0.00
9.980	S 6159383 -13.18 30.50 0.00 0.00 HOLD
9.998	>>> V 0.00 0.00
10.001	S 6159403 -13.18 30.50 0.00 0.00 HOLD
10.017	>>> V 0.00 0.00
10.022	S 6159423 -13.18 30.50 0.00 0.00 HOLD
10.038	>>> V 0.00 0.00
10.047	S 6159443 -13.18 30.50 0.00 0.00 HOLD
10.049	S 6159463 -13.18 30.50 0.00 0.00 HOLD
10.059	>>> V 0.00 0.00
10.084	>>> V 0.00 0.00
10.086	S 6159483 -13.18 30.50 0.00 0.00 HOLD
10.091	S 6159503 -13.18 30.50 0.00 0.00 HOLD
10.103	>>> V 0.00 0.00
10.106	S 6159523 -13.18 30.50 0.00 0.00 HOLD
10.122	>>> V 0.00 0.00
10.138	>>> V 0.00 0.00
10.138	S 6159543 -13.18 30.50 0.00 0.00 HOLD
10.160	>>> V 0.00 0.00
10.165	S 6159563 -13.18 30.50 0.00 0.00 HOLD
10.166	S 6159583 -13.18 30.50 0.00 0.00 HOLD
10.178	>>> V 0.00 0.00
10.199	>>> V 0.00 0.00
10.200	S 6159603 -13.18 30.50 0.00 0.00 HOLD
10.221	>>> V 0.00 0.00
10.223	S 6159623 -13.18 30.50 0.00 0.00 HOLD
10.238	>>> V 0.00 0.00
10.239	S 6159643 -13.18 30.50 0.00 0.00 HOLD
10.258	>>> V 0.00 0.00
10.258	S 6159663 -13.18 30.50 0.00 0.00 HOLD
10.278	>>> V 0.00 0.00
10.284	S 6159683 -13.18 30.50 0.00 0.00 HOLD
10.298	>>> V 0.00 0.00
10.299	S 6159703 -13.18 30.50 0.00 0.00 HOLD
10.318	>>> V 0.00 0.00
10.324	S 6159723 -13.18 30.50 0.00 0.00 HOLD
10.338	>>> V 0.00 0.00
10.342	S 6159743 -13.18 30.50 0.00 0.00 HOLD
10.358	>>> V 0.00 0.00
10.359	S 6159763 -13.27 30.50 0.00 0.00 HOLD
10.378	>>> V 0.00 0.00
10.378	S 6159783 -13.18 30.50 0.00 0.00 HOLD
10.398	>>> V 0.00 0.00
10.398	S 6159803 -13.18 30.50 0.00 0.00 HOLD
10.421	>>> V 0.00 0.00
10.422	S 6159823 -13.18 30.50 0.00 0.00 HOLD
10.438	>>> V 0.00 0.00
10.438	S 6159843 -13.18 30.50 0.00 0.00 HOLD
10.460	>>> V 0.00 0.00
10.460	S 6159863 -13.18 30.59 0.00 0.00 HOLD
10.478	>>> V 0.00 0.00
10.479	S 6159883 -13.18 30.50 0.00 0.00 HOLD
10.499	>>> V 0.00 0.00
10.506	S 6159903 -13.18 30.50 0.00 0.00 HOLD
10.512	S 6159923 -13.18 30.50 0.00 0.00 HOLD
10.518	>>> V 0.00 0.00
10.538	>>> V 0.00 0.00
10.546	S 6159943 -13.18 30.50 0.00 0.00 HOLD
10.558	>>> V 0.00 0.00
10.562	S 6159963 -13.18 30.50 0.00 0.00 HOLD
10.578	>>> V 0.00 0.00
10.579	S 6159983 -13.18 30.50 0.00 0.00 HOLD
10.598	>>> V 0.00 0.00
10.598	S 6160003 -13.18 30.50 0.00 0.00 HOLD
10.618	>>> V 0.00 0.00
10.623	S 6160023 -13.18 30.50 0.00 0.00 HOLD
10.638	>>> V 0.00 0.00
10.638	S 6160043 -13.18 30.50 0.00 0.00 HOLD
10.663	>>> V 0.00 0.00
10.665	S 6160063 -13.18 30.50 0.00 0.00 HOLD
10.669	S 6160083 -13.18 30.50 0.00 0.00 HOLD
10.680	>>> V 0.00 0.00
10.697	>>> V 0.00 0.00
10.698	S 6160103 -13.18 30.50 0.00 0.00 HOLD
10.718	>>> V 0.00 0.00
10.721	S 6160123 -13.18 30.50 0.00 0.00 HOLD
10.737	>>> V 0.00 0.00
10.740	S 6160143 -13.18 30.50 0.00 0.00 HOLD
10.767	>>> V 0.00 0.00
10.768	S 6160163 -13.18 30.50 0.00 0.00 HOLD
10.769	S 6160183 -13.18 30.50 0.00 0.00 HOLD
10.777	>>> V 0.00 0.00
10.798	>>> V 0.00 0.00
10.802	S 6160203 -13.18 30.50 0.00 0.00 HOLD
10.818	>>> V 0.00 0.00
10.818	S 6160223 -13.18 30.50 0.00 0.00 HOLD
10.838	>>> V 0.00 0.00
10.840	S 6160243 -13.18 30.50 0.00 0.00 HOLD
10.858	>>> V 0.00 0.00
10.859	S 6160263 -13.18 30.50 0.00 0.00 HOLD
10.880	>>> V 0.00 0.00
10.880	S 6160283 -13.18 30.50 0.00 0.00 HOLD
10.899	>>> V 0.00 0.00
10.899	S 6160303 -13.18 30.50 0.00 0.00 HOLD
10.918	>>> V 0.00 0.00
10.920	S 6160323 -13.18 30.50 0.00 0.00 HOLD
10.942	>>> V 0.00 0.00
10.942	S 6160343 -13.18 30.50 0.00 0.00 HOLD
10.958	>>> V 0.00 0.00
10.961	S 6160363 -13.18 30.50 0.00 0.00 HOLD
10.978	>>> V 0.00 0.00
10.984	S 6160383 -13.18 30.50 0.00 0.00 HOLD
10.997	>>> V 0.00 0.00
11.000	S 6160403 -13.18 30.50 0.00 0.00 HOLD
11.018	>>> V 0.00 0.00
11.019	S 6160423 -13.18 30.50 0.00 0.00 HOLD
11.037	>>> V 0.00 0.00
11.041	S 6160443 -13.18 30.50 0.00 0.00 HOLD
11.058	>>> V 0.00 0.00
11.059	S 6160463 -13.18 30.50 0.00 0.00 HOLD
11.078	>>> V 0.00 0.00
11.081	S 6160483 -13.18 30.50 0.00 0.00 HOLD
11.099	>>> V 0.00 0.00
11.100	S 6160503 -13.18 30.50 0.00 0.00 HOLD
11.119	>>> V 0.00 0.00
11.120	S 6160523 -13.18 30.50 0.00 0.00 HOLD
11.138	>>> V 0.00 0.00
11.143	S 6160543 -13.18 30.50 0.00 0.00 HOLD
11.158	>>> V 0.00 0.00
11.160	S 6160563 -13.18 30.50 0.00 0.00 HOLD
11.179	>>> V 0.00 0.00
11.179	S 6160583 -13.18 30.50 0.00 0.00 HOLD
11.198	>>> V 0.00 0.00
11.199	S 6160603 -13.18 30.50 0.00 0.00 HOLD
11.218	>>> V 0.00 0.00
11.220	S 6160623 -13.18 30.50 0.00 0.00 HOLD
11.238	>>> V 0.00 0.00
11.239	S 6160643 -13.18 30.50 0.00 0.00 HOLD
11.259	>>> V 0.00 0.00
11.261	S 6160663 -13.18 30.50 0.00 0.00 HOLD
11.279	>>> V 0.00 0.00
11.282	S 6160683 -13.18 30.59 0.00 0.00 HOLD
11.298	>>> V 0.00 0.00
11.298	S 6160703 -13.18 30.50 0.00 0.00 HOLD
11.318	>>> V 0.00 0.00
11.318	S 6160723 -13.18 30.50 0.00 0.00 HOLD
11.337	>>> V 0.00 0.00
11.338	S 6160743 -13.18 30.50 0.00 0.00 HOLD
11.359	>>> V 0.00 0.00
11.360	S 6160763 -13.18 30.59 0.00 0.00 HOLD
11.378	>>> V 0.00 0.00
11.378	S 6160783 -13.18 30.50 0.00 0.00 HOLD
11.400	>>> V 0.00 0.00
11.400	S 6160803 -13.18 30.50 0.00 0.00 HOLD
11.418	>>> V 0.00 0.00
11.422	S 6160823 -13.18 30.50 0.00 0.00 HOLD
11.438	>>> V 0.00 0.00
11.447	S 6160843 -13.18 30.50 0.00 0.00 HOLD
11.458	>>> V 0.00 0.00
11.460	S 6160863 -13.18 30.50 0.00 0.00 HOLD
11.480	>>> V 0.00 0.00
11.480	S 6160883 -13.18 30.50 0.00 0.00 HOLD
11.498	>>> V 0.00 0.00
11.498	S 6160903 -13.18 30.50 0.00 0.00 HOLD
11.520	>>> V 0.00 0.00
11.520	S 6160923 -13.18 30.50 0.00 0.00 HOLD
11.540	>>> V 0.00 0.00
11.543	S 6160943 -13.18 30.50 0.00 0.00 HOLD
11.559	>>> V 0.00 0.00
11.560	S 6160963 -13.18 30.50 0.00 0.00 HOLD
11.581	>>> V 0.00 0.00
11.582	S 6160983 -13.18 30.50 0.00 0.00 HOLD
11.598	>>> V 0.00 0.00
11.598	S 6161003 -13.18 30.50 0.00 0.00 HOLD
11.619	>>> V 0.00 0.00
11.619	S 6161023 -13.18 30.50 0.00 0.00 HOLD
11.639	>>> V 0.00 0.00
11.643	S 6161043 -13.27 30.59 0.00 0.00 HOLD
11.659	>>> V 0.00 0.00
11.660	S 6161063 -13.18 30.50 0.00 0.00 HOLD
11.678	>>> V 0.00 0.00
11.679	S 6161083 -13.18 30.50 0.00 0.00 HOLD
11.699	>>> V 0.00 0.00
11.700	S 6161103 -13.18 30.50 0.00 0.00 HOLD
11.718	>>> V 0.00 0.00
11.724	S 6161123 -13.18 30.50 0.00 0.00 HOLD
11.744	>>> V 0.00 0.00
11.744	S 6161143 -13.18 30.50 0.00 0.00 HOLD
11.758	>>> V 0.00 0.00
11.759	S 6161163 -13.18 30.50 0.00 0.00 HOLD
11.778	>>> V 0.00 0.00
11.778	S 6161183 -13.18 30.50 0.00 0.00 HOLD
11.799	>>> V 0.00 0.00
11.799	S 6161203 -13.18 30.50 0.00 0.00 HOLD
11.817	>>> V 0.00 0.00
11.818	S 6161223 -13.18 30.50 0.00 0.00 HOLD
11.838	>>> V 0.00 0.00
11.839	S 6161243 -13.18 30.50 0.00 0.00 HOLD
11.857	>>> V 0.00 0.00
11.858	S 6161263 -13.18 30.50 0.00 0.00 HOLD
11.879	>>> V 0.00 0.00
11.879	S 6161283 -13.18 30.50 0.00 0.00 HOLD
11.900	>>> V 0.00 0.00
11.902	S 6161303 -13.18 30.50 0.00 0.00 HOLD
11.918	>>> V 0.00 0.00
11.918	S 6161323 -13.18 30.50 0.00 0.00 HOLD
11.938	>>> V 0.00 0.00
11.944	S 6161343 -13.18 30.59 0.00 0.00 HOLD
11.958	>>> V 0.00 0.00
11.959	S 6161363 -13.18 30.50 0.00 0.00 HOLD
11.978	>>> V 0.00 0.00
11.978	S 6161383 -13.18 30.50 0.00 0.00 HOLD
11.998	>>> V 0.00 0.00
11.998	S 6161403 -13.18 30.50 0.00 0.00 HOLD
12.019	>>> V 0.00 0.00
12.020	S 6161423 -13.18 30.50 0.00 0.00 HOLD
12.038	>>> V 0.00 0.00
12.039	S 6161443 -13.18 30.50 0.00 0.00 HOLD
12.059	>>> V 0.00 0.00
12.059	S 6161463 -13.18 30.50 0.00 0.00 HOLD
12.078	>>> V 0.00 0.00
12.079	S 6161483 -13.18 30.50 0.00 0.00 HOLD
12.099	>>> V 0.00 0.00
12.099	S 6161503 -13.18 30.50 0.00 0.00 HOLD
12.119	>>> V 0.00 0.00
12.119	S 6161523 -13.18 30.59 0.00 0.00 HOLD
12.137	>>> V 0.00 0.00
12.139	S 6161543 -13.18 30.50 0.00 0.00 HOLD
12.158	>>> V 0.00 0.00
12.158	S 6161563 -13.18 30.50 0.00 0.00 HOLD
12.178	>>> V 0.00 0.00
12.179	S 6161583 -13.18 30.50 0.00 0.00 HOLD
12.198	>>> V 0.00 0.00
12.201	S 6161603 -13.27 30.50 0.00 0.00 HOLD
12.218	>>> V 0.00 0.00
12.222	S 6161623 -13.18 30.50 0.00 0.00 HOLD
12.239	>>> V 0.00 0.00
12.239	S 6161643 -13.18 30.50 0.00 0.00 HOLD
12.258	>>> V 0.00 0.00
12.259	S 6161663 -13.18 30.50 0.00 0.00 HOLD
12.277	>>> V 0.00 0.00
12.278	S 6161683 -13.18 30.50 0.00 0.00 HOLD
12.298	>>> V 0.00 0.00
12.298	S 6161703 -13.18 30.50 0.00 0.00 HOLD
12.318	>>> V 0.00 0.00
12.318	S 6161723 -13.18 30.50 0.00 0.00 HOLD
12.338	>>> V 0.00 0.00
12.339	S 6161743 -13.18 30.50 0.00 0.00 HOLD
12.360	>>> V 0.00 0.00
12.361	S 6161763 -13.18 30.50 0.00 0.00 HOLD
12.378	>>> V 0.00 0.00
12.378	S 6161783 -13.18 30.50 0.00 0.00 HOLD
12.397	>>> V 0.00 0.00
12.400	S 6161803 -13.18 30.50 0.00 0.00 HOLD
12.418	>>> V 0.00 0.00
12.420	S 6161823 -13.18 30.50 0.00 0.00 HOLD
12.438	>>> V 0.00 0.00
12.439	S 6161843 -13.18 30.50 0.00 0.00 HOLD
12.458	>>> V 0.00 0.00
12.458	S 6161863 -13.18 30.50 0.00 0.00 HOLD
12.479	>>> V 0.00 0.00
12.481	S 6161883 -13.18 30.50 0.00 0.00 HOLD
13.392	>>> V 0.00 0.00
13.394	S 6161903 -13.18 30.50 0.00 0.00 HOLD
13.398	S 6161923 -13.18 30.50 0.00 0.00 HOLD
13.398	S 6161943 -13.18 30.50 0.00 0.00 HOLD
13.399	S 6161963 -13.18 30.50 0.00 0.00 HOLD
13.400	S 6161983 -13.18 30.50 0.00 0.00 HOLD
13.401	S 6162003 -13.18 30.50 0.00 0.00 HOLD
13.402	S 6162023 -13.18 30.50 0.00 0.00 HOLD
13.403	S 6162043 -13.18 30.50 0.00 0.00 HOLD
13.404	S 6162063 -13.18 30.50 0.00 0.00 HOLD
13.405	S 6162083 -13.18 30.50 0.00 0.00 HOLD
13.406	S 6162103 -13.18 30.50 0.00 0.00 HOLD
13.408	S 6162123 -13.27 30.50 0.00 0.00 HOLD
13.409	S 6162143 -13.18 30.50 0.00 0.00 HOLD
13.410	S 6162163 -13.18 30.50 0.00 0.00 HOLD
13.411	S 6162183 -13.18 30.50 0.00 0.00 HOLD
13.412	S 6162203 -13.18 30.50 0.00 0.00 HOLD
13.413	S 6162223 -13.18 30.50 0.00 0.00 HOLD
13.415	S 6162244 -13.18 30.50 0.00 0.00 HOLD
13.415	S 6162264 -13.18 30.59 0.00 0.00 HOLD
13.416	S 6162284 -13.18 30.50 0.00 0.00 HOLD
13.417	S 6162304 -13.18 30.50 0.00 0.00 HOLD
13.417	S 6162324 -13.18 30.50 0.00 0.00 HOLD
13.418	S 6162344 -13.18 30.50 0.00 0.00 HOLD
13.419	S 6162364 -13.18 30.59 0.00 0.00 HOLD
13.420	S 6162384 -13.18 30.50 0.00 0.00 HOLD
13.421	S 6162404 -13.18 30.50 0.00 0.00 HOLD
13.422	S 6162424 -13.18 30.50 0.00 0.00 HOLD
13.423	S 6162444 -13.18 30.50 0.00 0.00 HOLD
13.424	S 6162464 -13.18 30.50 0.00 0.00 HOLD
13.426	S 6162484 -13.18 30.50 0.00 0.00 HOLD
13.426	S 6162504 -13.18 30.50 0.00 0.00 HOLD
13.427	S 6162524 -13.18 30.50 0.00 0.00 HOLD
13.428	S 6162544 -13.18 30.50 0.00 0.00 HOLD
13.429	S 6162564 -13.18 30.50 0.00 0.00 HOLD
13.431	S 6162584 -13.18 30.50 0.00 0.00 HOLD
13.432	S 6162604 -13.18 30.50 0.00 0.00 HOLD
13.433	S 6162624 -13.18 30.50 0.00 0.00 HOLD
13.433	S 6162644 -13.18 30.50 0.00 0.00 HOLD
13.434	S 6162664 -13.18 30.50 0.00 0.00 HOLD
13.435	S 6162684 -13.18 30.50 0.00 0.00 HOLD
13.436	S 6162704 -13.18 30.50 0.00 0.00 HOLD
13.436	S 6162724 -13.18 30.50 0.00 0.00 HOLD
13.437	S 6162744 -13.18 30.50 0.00 0.00 HOLD
13.438	S 6162764 -13.18 30.50 0.00 0.00 HOLD
13.439	S 6162784 -13.18 30.50 0.00 0.00 HOLD
13.439	S 6162804 -13.18 30.50 0.00 0.00 HOLD
13.442	>>> V 0.00 0.00
13.443	S 6162824 -13.18 30.59 0.00 0.00 HOLD
13.444	S 6162844 -13.18 30.50 0.00 0.00 HOLD
13.459	>>> V 0.00 0.00
13.459	S 6162864 -13.18 30.50 0.00 0.00 HOLD
13.479	>>> V 0.00 0.00
13.480	S 6162884 -13.18 30.50 0.00 0.00 HOLD
13.498	>>> V 0.00 0.00
13.498	S 6162904 -13.18 30.50 0.00 0.00 HOLD
13.518	>>> V 0.00 0.00
13.519	S 6162924 -13.18 30.50 0.00 0.00 HOLD
13.539	>>> V 0.00 0.00
13.539	S 6162944 -13.18 30.50 0.00 0.00 HOLD
13.558	>>> V 0.00 0.00
13.563	S 6162964 -13.18 30.50 0.00 0.00 HOLD
13.582	>>> V 0.00 0.00
13.582	S 6162984 -13.18 30.50 0.00 0.00 HOLD
13.605	>>> V 0.00 0.00
13.605	S 6163004 -13.18 30.50 0.00 0.00 HOLD
13.608	S 6163024 -13.18 30.50 0.00 0.00 HOLD
13.624	>>> V 0.00 0.00
13.641	>>> V 0.00 0.00
13.645	S 6163044 -13.18 30.50 0.00 0.00 HOLD
13.657	>>> V 0.00 0.00
13.658	S 6163064 -13.18 30.50 0.00 0.00 HOLD
13.680	>>> V 0.00 0.00
13.683	S 6163084 -13.18 30.50 0.00 0.00 HOLD
13.697	>>> V 0.00 0.00
13.699	S 6163104 -13.18 30.50 0.00 0.00 HOLD
13.718	>>> V 0.00 0.00
13.720	S 6163124 -13.18 30.50 0.00 0.00 HOLD
13.738	>>> V 0.00 0.00
13.738	S 6163144 -13.18 30.50 0.00 0.00 HOLD
13.758	>>> V 0.00 0.00
13.759	S 6163164 -13.18 30.50 0.00 0.00 HOLD
13.778	>>> V 0.00 0.00
13.778	S 6163184 -13.18 30.50 0.00 0.00 HOLD
13.801	>>> V 0.00 0.00
13.802	S 6163204 -13.18 30.50 0.00 0.00 HOLD
13.818	>>> V 0.00 0.00
13.818	S 6163224 -13.18 30.50 0.00 0.00 HOLD
13.839	>>> V 0.00 0.00
13.845	S 6163244 -13.27 30.50 0.00 0.00 HOLD
13.858	>>> V 0.00 0.00
13.858	S 6163264 -13.18 30.50 0.00 0.00 HOLD
13.878	>>> V 0.00 0.00
13.879	S 6163284 -13.18 30.50 0.00 0.00 HOLD
13.898	>>> V 0.00 0.00
13.903	S 6163304 -13.18 30.50 0.00 0.00 HOLD
13.923	>>> V 0.00 0.00
13.925	S 6163324 -13.18 30.50 0.00 0.00 HOLD
13.930	S 6163344 -13.18 30.50 0.00 0.00 HOLD
13.950	>>> V 0.00 0.00
13.952	S 6163364 -13.18 30.50 0.00 0.00 HOLD
13.958	>>> V 0.00 0.00
13.977	>>> V 0.00 0.00
13.979	S 6163384 -13.18 30.50 0.00 0.00 HOLD
13.999	>>> V 0.00 0.00
14.000	S 6163404 -13.18 30.50 0.00 0.00 HOLD
14.018	>>> V 0.00 0.00
14.019	S 6163424 -13.18 30.50 0.00 0.00 HOLD
14.037	>>> V 0.00 0.00
14.039	S 6163444 -13.18 30.59 0.00 0.00 HOLD
14.057	>>> V 0.00 0.00
14.058	S 6163464 -13.18 30.50 0.00 0.00 HOLD
14.078	>>> V 0.00 0.00
14.080	S 6163484 -13.18 30.50 0.00 0.00 HOLD
14.100	>>> V 0.00 0.00
14.103	S 6163504 -13.18 30.50 0.00 0.00 HOLD
14.126	>>> V 0.00 0.00
14.127	S 6163524 -13.18 30.50 0.00 0.00 HOLD
14.129	S 6163544 -13.18 30.50 0.00 0.00 HOLD
14.138	>>> V 0.00 0.00
14.161	>>> V 0.00 0.00
14.167	S 6163564 -13.18 30.50 0.00 0.00 HOLD
14.169	S 6163584 -13.18 30.50 0.00 0.00 HOLD
14.183	>>> V 0.00 0.00
14.200	>>> V 0.00 0.00
14.205	S 6163604 -13.18 30.50 0.00 0.00 HOLD
14.206	S 6163624 -13.18 30.50 0.00 0.00 HOLD
14.218	>>> V 0.00 0.00
14.242	>>> V 0.00 0.00
14.243	S 6163644 -13.18 30.50 0.00 0.00 HOLD
14.258	>>> V 0.00 0.00
14.261	S 6163664 -13.18 30.50 0.00 0.00 HOLD
14.279	>>> V 0.00 0.00
14.281	S 6163684 -13.18 30.50 0.00 0.00 HOLD
14.298	>>> V 0.00 0.00
14.298	S 6163704 -13.18 30.50 0.00 0.00 HOLD
14.317	>>> V 0.00 0.00
14.319	S 6163724 -13.18 30.50 0.00 0.00 HOLD
14.337	>>> V 0.00 0.00
14.338	S 6163744 -13.18 30.50 0.00 0.00 HOLD
14.358	>>> V 0.00 0.00
14.358	S 6163764 -13.18 30.50 0.00 0.00 HOLD
14.378	>>> V 0.00 0.00
14.378	S 6163784 -13.18 30.50 0.00 0.00 HOLD
14.398	>>> V 0.00 0.00
14.399	S 6163804 -13.18 30.50 0.00 0.00 HOLD
14.417	>>> V 0.00 0.00
14.419	S 6163824 -13.18 30.50 0.00 0.00 HOLD
14.437	>>> V 0.00 0.00
14.439	S 6163844 -13.18 30.50 0.00 0.00 HOLD
14.457	>>> V 0.00 0.00
14.458	S 6163864 -13.18 30.50 0.00 0.00 HOLD
14.478	>>> V 0.00 0.00
14.480	S 6163884 -13.18 30.50 0.00 0.00 HOLD
14.498	>>> V 0.00 0.00
14.500	S 6163904 -13.18 30.50 0.00 0.00 HOLD
14.518	>>> V 0.00 0.00
14.520	S 6163924 -13.18 30.50 0.00 0.00 HOLD
14.537	>>> V 0.00 0.00
14.538	S 6163944 -13.18 30.50 0.00 0.00 HOLD
14.558	>>> V 0.00 0.00
14.561	S 6163964 -13.18 30.50 0.00 0.00 HOLD
14.577	>>> V 0.00 0.00
14.578	S 6163984 -13.18 30.59 0.00 0.00 HOLD
14.598	>>> V 0.00 0.00
14.598	S 6164004 -13.18 30.50 0.00 0.00 HOLD
14.617	>>> V 0.00 0.00
14.620	S 6164024 -13.18 30.50 0.00 0.00 HOLD
14.639	>>> V 0.00 0.00
14.639	S 6164044 -13.27 30.50 0.00 0.00 HOLD
14.658	>>> V 0.00 0.00
14.658	S 6164064 -13.18 30.50 0.00 0.00 HOLD
14.683	>>> V 0.00 0.00
14.684	S 6164084 -13.18 30.50 0.00 0.00 HOLD
14.699	>>> V 0.00 0.00
14.701	S 6164104 -13.18 30.50 0.00 0.00 HOLD
14.719	>>> V 0.00 0.00
14.720	S 6164124 -13.18 30.50 0.00 0.00 HOLD
14.739	>>> V 0.00 0.00
14.739	S 6164144 -13.18 30.50 0.00 0.00 HOLD
14.758	>>> V 0.00 0.00
14.759	S 6164164 -13.18 30.50 0.00 0.00 HOLD
14.777	>>> V 0.00 0.00
14.778	S 6164184 -13.27 30.50 0.00 0.00 HOLD
14.799	>>> V 0.00 0.00
14.802	S 6164204 -13.18 30.50 0.00 0.00 HOLD
14.822	>>> V 0.00 0.00
14.822	S 6164224 -13.18 30.50 0.00 0.00 HOLD
14.838	>>> V 0.00 0.00
14.839	S 6164244 -13.18 30.50 0.00 0.00 HOLD
14.859	>>> V 0.00 0.00
14.861	S 6164264 -13.18 30.50 0.00 0.00 HOLD
14.881	>>> V 0.00 0.00
14.884	S 6164284 -13.18 30.50 0.00 0.00 HOLD
14.902	>>> V 0.00 0.00
14.904	S 6164304 -13.18 30.50 0.00 0.00 HOLD
14.928	>>> V 0.00 0.00
14.931	S 6164324 -13.18 30.50 0.00 0.00 HOLD
14.939	S 6164344 -13.18 30.50 0.00 0.00 HOLD
14.949	>>> V 0.00 0.00
14.958	S 6164364 -13.18 30.50 0.00 0.00 HOLD
14.968	>>> V 0.00 0.00
14.973	S 6164384 -13.18 30.50 0.00 0.00 HOLD
14.984	>>> V 0.00 0.00
14.985	S 6164404 -13.18 30.50 0.00 0.00 HOLD
15.006	>>> V 0.00 0.00
15.009	S 6164424 -13.18 30.50 0.00 0.00 HOLD
15.018	>>> V 0.00 0.00
15.040	>>> V 0.00 0.00
15.040	S 6164444 -13.18 30.50 0.00 0.00 HOLD
15.058	>>> V 0.00 0.00
15.063	S 6164464 -13.18 30.50 0.00 0.00 HOLD
15.083	>>> V 0.00 0.00
15.086	S 6164484 -13.18 30.50 0.00 0.00 HOLD
15.087	S 6164504 -13.18 30.50 0.00 0.00 HOLD
15.105	>>> V 0.00 0.00
15.105	S 6164524 -13.18 30.50 0.00 0.00 HOLD
15.121	>>> V 0.00 0.00
15.140	>>> V 0.00 0.00
15.141	S 6164544 -13.18 30.50 0.00 0.00 HOLD
15.158	>>> V 0.00 0.00
15.158	S 6164564 -13.18 30.50 0.00 0.00 HOLD
15.179	>>> V 0.00 0.00
15.181	S 6164584 -13.18 30.50 0.00 0.00 HOLD
15.200	>>> V 0.00 0.00
15.203	S 6164604 -13.18 30.50 0.00 0.00 HOLD
15.218	>>> V 0.00 0.00
15.225	S 6164624 -13.18 30.50 0.00 0.00 HOLD
15.239	>>> V 0.00 0.00
15.240	S 6164644 -13.27 30.50 0.00 0.00 HOLD
15.295	>>> V 0.00 0.00
15.295	S 6164664 -13.18 30.50 0.00 0.00 HOLD
15.296	S 6164684 -13.18 30.50 0.00 0.00 HOLD
15.301	S 6164704 -13.18 30.50 0.00 0.00 HOLD
15.315	>>> V 0.00 0.00
15.315	S 6164724 -13.18 30.50 0.00 0.00 HOLD
15.321	>>> V 0.00 0.00
15.338	>>> V 0.00 0.00
15.338	S 6164744 -13.18 30.50 0.00 0.00 HOLD
15.358	>>> V 0.00 0.00
15.359	S 6164764 -13.18 30.50 0.00 0.00 HOLD
15.378	>>> V 0.00 0.00
15.384	S 6164784 -13.18 30.50 0.00 0.00 HOLD
15.404	>>> V 0.00 0.00
15.405	S 6164804 -13.18 30.50 0.00 0.00 HOLD
15.426	>>> V 0.00 0.00
15.427	S 6164824 -13.18 30.50 0.00 0.00 HOLD
15.428	S 6164844 -13.18 30.50 0.00 0.00 HOLD
15.446	>>> V 0.00 0.00
15.447	S 6164864 -13.18 30.50 0.00 0.00 HOLD
15.462	>>> V 0.00 0.00
15.481	>>> V 0.00 0.00
15.487	S 6164884 -13.18 30.50 0.00 0.00 HOLD
15.489	S 6164904 -13.18 30.50 0.00 0.00 HOLD
15.517	>>> V 0.00 0.00
15.518	S 6164924 -13.18 30.50 0.00 0.00 HOLD
15.526	>>> V 0.00 0.00
15.526	S 6164944 -13.18 30.50 0.00 0.00 HOLD
15.541	>>> V 0.00 0.00
15.558	>>> V 0.00 0.00
15.559	S 6164964 -13.18 30.50 0.00 0.00 HOLD
15.580	>>> V 0.00 0.00
15.586	S 6164984 -13.18 30.50 0.00 0.00 HOLD
15.591	S 6165004 -13.18 30.50 0.00 0.00 HOLD
15.601	>>> V 0.00 0.00
15.618	>>> V 0.00 0.00
15.623	S 6165024 -13.18 30.50 0.00 0.00 HOLD
15.643	>>> V 0.00 0.00
15.646	S 6165044 -13.18 30.50 0.00 0.00 HOLD
15.650	S 6165064 -13.18 30.50 0.00 0.00 HOLD
15.661	>>> V 0.00 0.00
15.685	>>> V 0.00 0.00
15.686	S 6165084 -13.18 30.50 0.00 0.00 HOLD
15.690	S 6165104 -13.18 30.50 0.00 0.00 HOLD
15.699	>>> V 0.00 0.00
15.706	S 6165124 -13.18 30.50 0.00 0.00 HOLD
15.725	>>> V 0.00 0.00
15.726	S 6165144 -13.18 30.50 0.00 0.00 HOLD
15.740	>>> V 0.00 0.00
15.762	>>> V 0.00 0.00
15.762	S 6165164 -13.18 30.50 0.00 0.00 HOLD
15.781	>>> V 0.00 0.00
15.785	S 6165184 -13.18 30.50 0.00 0.00 HOLD
15.804	>>> V 0.00 0.00
15.806	S 6165204 -13.18 30.50 0.00 0.00 HOLD
15.807	S 6165224 -13.18 30.50 0.00 0.00 HOLD
15.824	>>> V 0.00 0.00
15.830	S 6165244 -13.18 30.59 0.00 0.00 HOLD
15.840	>>> V 0.00 0.00
15.865	>>> V 0.00 0.00
15.877	S 6165264 -13.18 30.50 0.00 0.00 HOLD
15.881	S 6165284 -13.18 30.50 0.00 0.00 HOLD
15.917	>>> V 0.00 0.00
15.919	S 6165304 -13.18 30.50 0.00 0.00 HOLD
15.921	S 6165324 -13.18 30.50 0.00 0.00 HOLD
15.938	>>> V 0.00 0.00
15.946	S 6165344 -13.18 30.50 0.00 0.00 HOLD
15.947	S 6165364 -13.18 30.50 0.00 0.00 HOLD
15.962	>>> V 0.00 0.00
15.989	>>> V 0.00 0.00
15.998	S 6165384 -13.18 30.50 0.00 0.00 HOLD
16.000	S 6165404 -13.18 30.50 0.00 0.00 HOLD
16.013	>>> V 0.00 0.00
16.014	S 6165424 -13.18 30.50 0.00 0.00 HOLD
16.037	>>> V 0.00 0.00
16.038	S 6165444 -13.18 30.50 0.00 0.00 HOLD
16.047	>>> V 0.00 0.00
16.051	S 6165464 -13.18 30.50 0.00 0.00 HOLD
16.062	>>> V 0.00 0.00
16.078	>>> V 0.00 0.00
16.078	S 6165484 -13.18 30.50 0.00 0.00 HOLD
16.100	>>> V 0.00 0.00
16.100	S 6165504 -13.18 30.50 0.00 0.00 HOLD
16.120	>>> V 0.00 0.00
16.123	S 6165524 -13.18 30.50 0.00 0.00 HOLD
16.137	>>> V 0.00 0.00
16.139	S 6165544 -13.18 30.50 0.00 0.00 HOLD
16.159	>>> V 0.00 0.00
16.160	S 6165564 -13.18 30.50 0.00 0.00 HOLD
16.178	>>> V 0.00 0.00
16.180	S 6165584 -13.18 30.50 0.00 0.00 HOLD
16.197	>>> V 0.00 0.00
16.199	S 6165604 -13.18 30.59 0.00 0.00 HOLD
16.222	>>> V 0.00 0.00
16.222	S 6165624 -13.18 30.50 0.00 0.00 HOLD
16.238	>>> V 0.00 0.00
16.240	S 6165644 -13.18 30.50 0.00 0.00 HOLD
16.259	>>> V 0.00 0.00
16.259	S 6165664 -13.18 30.50 0.00 0.00 HOLD
16.279	>>> V 0.00 0.00
16.279	S 6165684 -13.18 30.50 0.00 0.00 HOLD
16.299	>>> V 0.00 0.00
16.299	S 6165704 -13.18 30.50 0.00 0.00 HOLD
16.318	>>> V 0.00 0.00
16.319	S 6165724 -13.18 30.50 0.00 0.00 HOLD
16.338	>>> V 0.00 0.00
16.340	S 6165744 -13.18 30.50 0.00 0.00 HOLD
16.359	>>> V 0.00 0.00
16.363	S 6165764 -13.18 30.50 0.00 0.00 HOLD
16.378	>>> V 0.00 0.00
16.378	S 6165784 -13.18 30.50 0.00 0.00 HOLD
16.400	>>> V 0.00 0.00
16.403	S 6165804 -13.18 30.50 0.00 0.00 HOLD
16.417	>>> V 0.00 0.00
16.418	S 6165824 -13.18 30.50 0.00 0.00 HOLD
16.439	>>> V 0.00 0.00
16.441	S 6165844 -13.18 30.50 0.00 0.00 HOLD
16.458	>>> V 0.00 0.00
16.459	S 6165864 -13.18 30.50 0.00 0.00 HOLD
16.478	>>> V 0.00 0.00
16.480	S 6165884 -13.18 30.50 0.00 0.00 HOLD
16.498	>>> V 0.00 0.00
16.499	S 6165904 -13.18 30.50 0.00 0.00 HOLD
16.519	>>> V 0.00 0.00
16.521	S 6165924 -13.18 30.50 0.00 0.00 HOLD
16.538	>>> V 0.00 0.00
16.538	S 6165944 -13.18 30.50 0.00 0.00 HOLD
16.557	>>> V 0.00 0.00
16.559	S 6165964 -13.18 30.50 0.00 0.00 HOLD
16.578	>>> V 0.00 0.00
16.578	S 6165984 -13.18 30.50 0.00 0.00 HOLD
16.601	>>> V 0.00 0.00
16.604	S 6166004 -13.18 30.50 0.00 0.00 HOLD
16.620	>>> V 0.00 0.00
16.621	S 6166024 -13.18 30.50 0.00 0.00 HOLD
16.637	>>> V 0.00 0.00
16.638	S 6166044 -13.18 30.50 0.00 0.00 HOLD
16.659	>>> V 0.00 0.00
16.659	S 6166064 -13.18 30.50 0.00 0.00 HOLD
16.677	>>> V 0.00 0.00
16.678	S 6166084 -13.18 30.50 0.00 0.00 HOLD
16.698	>>> V 0.00 0.00
16.699	S 6166104 -13.18 30.50 0.00 0.00 HOLD
16.718	>>> V 0.00 0.00
16.718	S 6166124 -13.18 30.50 0.00 0.00 HOLD
16.739	>>> V 0.00 0.00
16.740	S 6166144 -13.18 30.50 0.00 0.00 HOLD
16.758	>>> V 0.00 0.00
16.758	S 6166164 -13.18 30.50 0.00 0.00 HOLD
16.779	>>> V 0.00 0.00
16.779	S 6166184 -13.18 30.50 0.00 0.00 HOLD
16.802	>>> V 0.00 0.00
16.804	S 6166204 -13.18 30.50 0.00 0.00 HOLD
16.819	>>> V 0.00 0.00
16.820	S 6166224 -13.18 30.50 0.00 0.00 HOLD
16.838	>>> V 0.00 0.00
16.845	S 6166244 -13.18 30.50 0.00 0.00 HOLD
16.858	>>> V 0.00 0.00
16.859	S 6166264 -13.18 30.50 0.00 0.00 HOLD
16.878	>>> V 0.00 0.00
16.879	S 6166284 -13.27 30.50 0.00 0.00 HOLD
16.899	>>> V 0.00 0.00
16.901	S 6166304 -13.18 30.50 0.00 0.00 HOLD
16.918	>>> V 0.00 0.00
16.918	S 6166324 -13.18 30.50 0.00 0.00 HOLD
16.939	>>> V 0.00 0.00
16.939	S 6166344 -13.18 30.50 0.00 0.00 HOLD
16.958	>>> V 0.00 0.00
16.959	S 6166364 -13.18 30.50 0.00 0.00 HOLD
16.978	>>> V 0.00 0.00
16.980	S 6166384 -13.18 30.50 0.00 0.00 HOLD
17.005	>>> V 0.00 0.00
17.005	S 6166404 -13.18 30.50 0.00 0.00 HOLD
17.007	S 6166424 -13.18 30.50 0.00 0.00 HOLD
17.019	>>> V 0.00 0.00
17.039	>>> V 0.00 0.00
17.039	S 6166444 -13.18 30.50 0.00 0.00 HOLD
17.057	>>> V 0.00 0.00
17.058	S 6166464 -13.18 30.50 0.00 0.00 HOLD
17.079	>>> V 0.00 0.00
17.083	S 6166484 -13.18 30.50 0.00 0.00 HOLD
17.099	>>> V 0.00 0.00
17.099	S 6166504 -13.18 30.50 0.00 0.00 HOLD
17.119	>>> V 0.00 0.00
17.119	S 6166524 -13.18 30.50 0.00 0.00 HOLD
17.138	>>> V 0.00 0.00
17.139	S 6166544 -13.18 30.50 0.00 0.00 HOLD
17.158	>>> V 0.00 0.00
17.159	S 6166564 -13.18 30.50 0.00 0.00 HOLD
17.178	>>> V 0.00 0.00
17.182	S 6166584 -13.27 30.50 0.00 0.00 HOLD
17.199	>>> V 0.00 0.00
17.199	S 6166604 -13.18 30.50 0.00 0.00 HOLD
17.218	>>> V 0.00 0.00
17.220	S 6166624 -13.18 30.50 0.00 0.00 HOLD
17.239	>>> V 0.00 0.00
17.240	S 6166644 -13.18 30.59 0.00 0.00 HOLD
17.258	>>> V 0.00 0.00
17.259	S 6166664 -13.18 30.50 0.00 0.00 HOLD
17.285	>>> V 0.00 0.00
17.286	S 6166684 -13.18 30.50 0.00 0.00 HOLD
17.287	S 6166704 -13.18 30.50 0.00 0.00 HOLD
17.299	>>> V 0.00 0.00
17.318	>>> V 0.00 0.00
17.319	S 6166724 -13.18 30.50 0.00 0.00 HOLD
17.338	>>> V 0.00 0.00
17.344	S 6166744 -13.18 30.50 0.00 0.00 HOLD
17.359	>>> V 0.00 0.00
17.362	S 6166764 -13.18 30.50 0.00 0.00 HOLD
17.378	>>> V 0.00 0.00
17.381	S 6166784 -13.18 30.50 0.00 0.00 HOLD
17.400	>>> V 0.00 0.00
17.401	S 6166804 -13.18 30.50 0.00 0.00 HOLD
17.418	>>> V 0.00 0.00
17.419	S 6166824 -13.18 30.50 0.00 0.00 HOLD
17.438	>>> V 0.00 0.00
17.439	S 6166844 -13.18 30.50 0.00 0.00 HOLD
17.459	>>> V 0.00 0.00
17.459	S 6166864 -13.27 30.50 0.00 0.00 HOLD
17.478	>>> V 0.00 0.00
17.479	S 6166884 -13.18 30.50 0.00 0.00 HOLD
17.499	>>> V 0.00 0.00
17.500	S 6166904 -13.18 30.50 0.00 0.00 HOLD
17.519	>>> V 0.00 0.00
17.519	S 6166924 -13.18 30.50 0.00 0.00 HOLD
17.539	>>> V 0.00 0.00
17.540	S 6166944 -13.18 30.50 0.00 0.00 HOLD
17.562	>>> V 0.00 0.00
17.563	S 6166964 -13.18 30.50 0.00 0.00 HOLD
17.579	>>> V 0.00 0.00
17.580	S 6166984 -13.18 30.50 0.00 0.00 HOLD
17.601	>>> V 0.00 0.00
17.602	S 6167004 -13.18 30.50 0.00 0.00 HOLD
17.619	>>> V 0.00 0.00
17.619	S 6167024 -13.18 30.50 0.00 0.00 HOLD
17.640	>>> V 0.00 0.00
17.640	S 6167044 -13.18 30.50 0.00 0.00 HOLD
17.658	>>> V 0.00 0.00
17.659	S 6167064 -13.18 30.50 0.00 0.00 HOLD
17.680	>>> V 0.00 0.00
17.681	S 6167084 -13.18 30.50 0.00 0.00 HOLD
17.700	>>> V 0.00 0.00
17.700	S 6167104 -13.18 30.50 0.00 0.00 HOLD
17.719	>>> V 0.00 0.00
17.719	S 6167124 -13.18 30.50 0.00 0.00 HOLD
17.739	>>> V 0.00 0.00
17.743	S 6167144 -13.18 30.50 0.00 0.00 HOLD
17.760	>>> V 0.00 0.00
17.761	S 6167164 -13.18 30.50 0.00 0.00 HOLD
17.779	>>> V 0.00 0.00
17.780	S 6167184 -13.18 30.50 0.00 0.00 HOLD
17.802	>>> V 0.00 0.00
17.803	S 6167204 -13.18 30.50 0.00 0.00 HOLD
17.818	>>> V 0.00 0.00
17.823	S 6167224 -13.18 30.50 0.00 0.00 HOLD
17.838	>>> V 0.00 0.00
17.841	S 6167244 -13.18 30.50 0.00 0.00 HOLD
17.859	>>> V 0.00 0.00
17.863	S 6167264 -13.18 30.50 0.00 0.00 HOLD
17.884	>>> V 0.00 0.00
17.889	S 6167284 -13.18 30.50 0.00 0.00 HOLD
17.895	S 6167304 -13.18 30.50 0.00 0.00 HOLD
17.908	>>> V 0.00 0.00
17.909	S 6167324 -13.18 30.50 0.00 0.00 HOLD
17.921	>>> V 0.00 0.00
17.938	>>> V 0.00 0.00
17.938	S 6167344 -13.18 30.50 0.00 0.00 HOLD
17.959	>>> V 0.00 0.00
17.960	S 6167364 -13.18 30.50 0.00 0.00 HOLD
17.978	>>> V 0.00 0.00
17.979	S 6167384 -13.18 30.50 0.00 0.00 HOLD
17.999	>>> V 0.00 0.00
18.000	S 6167404 -13.27 30.50 0.00 0.00 HOLD
18.017	>>> V 0.00 0.00
18.018	S 6167424 -13.18 30.50 0.00 0.00 HOLD
18.038	>>> V 0.00 0.00
18.038	S 6167444 -13.18 30.50 0.00 0.00 HOLD
18.058	>>> V 0.00 0.00
18.059	S 6167464 -13.18 30.50 0.00 0.00 HOLD
18.078	>>> V 0.00 0.00
18.078	S 6167484 -13.18 30.50 0.00 0.00 HOLD
18.102	>>> V 0.00 0.00
18.103	S 6167504 -13.18 30.50 0.00 0.00 HOLD
18.118	>>> V 0.00 0.00
18.119	S 6167524 -13.18 30.50 0.00 0.00 HOLD
18.138	>>> V 0.00 0.00
18.139	S 6167544 -13.18 30.50 0.00 0.00 HOLD
18.158	>>> V 0.00 0.00
18.161	S 6167564 -13.18 30.59 0.00 0.00 HOLD
18.178	>>> V 0.00 0.00
18.179	S 6167584 -13.18 30.50 0.00 0.00 HOLD
18.198	>>> V 0.00 0.00
18.198	S 6167604 -13.18 30.50 0.00 0.00 HOLD
18.218	>>> V 0.00 0.00
18.221	S 6167624 -13.18 30.50 0.00 0.00 HOLD
18.240	>>> V 0.00 0.00
18.240	S 6167644 -13.18 30.50 0.00 0.00 HOLD
18.257	>>> V 0.00 0.00
18.258	S 6167664 -13.18 30.50 0.00 0.00 HOLD
18.279	>>> V 0.00 0.00
18.282	S 6167684 -13.18 30.50 0.00 0.00 HOLD
18.298	>>> V 0.00 0.00
18.301	S 6167704 -13.18 30.50 0.00 0.00 HOLD
18.318	>>> V 0.00 0.00
18.319	S 6167724 -13.18 30.50 0.00 0.00 HOLD
18.337	>>> V 0.00 0.00
18.339	S 6167744 -13.18 30.50 0.00 0.00 HOLD
18.357	>>> V 0.00 0.00
18.359	S 6167764 -13.18 30.50 0.00 0.00 HOLD
18.378	>>> V 0.00 0.00
18.379	S 6167784 -13.18 30.50 0.00 0.00 HOLD
18.402	>>> V 0.00 0.00
18.405	S 6167804 -13.18 30.50 0.00 0.00 HOLD
18.419	>>> V 0.00 0.00
18.420	S 6167824 -13.18 30.50 0.00 0.00 HOLD
18.439	>>> V 0.00 0.00
18.442	S 6167844 -13.18 30.50 0.00 0.00 HOLD
18.464	>>> V 0.00 0.00
18.466	S 6167864 -13.18 30.50 0.00 0.00 HOLD
18.468	S 6167884 -13.18 30.50 0.00 0.00 HOLD
18.479	>>> V 0.00 0.00
18.498	>>> V 0.00 0.00
18.499	S 6167904 -13.18 30.50 0.00 0.00 HOLD
18.518	>>> V 0.00 0.00
18.522	S 6167924 -13.18 30.50 0.00 0.00 HOLD
18.538	>>> V 0.00 0.00
18.540	S 6167944 -13.18 30.50 0.00 0.00 HOLD
18.560	>>> V 0.00 0.00
18.563	S 6167964 -13.18 30.50 0.00 0.00 HOLD
18.578	>>> V 0.00 0.00
18.581	S 6167984 -13.18 30.50 0.00 0.00 HOLD
18.598	>>> V 0.00 0.00
18.598	S 6168004 -13.18 30.50 0.00 0.00 HOLD
18.618	>>> V 0.00 0.00
18.619	S 6168024 -13.18 30.50 0.00 0.00 HOLD
18.638	>>> V 0.00 0.00
18.638	S 6168044 -13.18 30.50 0.00 0.00 HOLD
18.658	>>> V 0.00 0.00
18.662	S 6168064 -13.18 30.50 0.00 0.00 HOLD
18.678	>>> V 0.00 0.00
18.679	S 6168084 -13.18 30.50 0.00 0.00 HOLD
18.699	>>> V 0.00 0.00
18.699	S 6168104 -13.18 30.50 0.00 0.00 HOLD
18.719	>>> V 0.00 0.00
18.719	S 6168124 -13.18 30.50 0.00 0.00 HOLD
18.740	>>> V 0.00 0.00
18.743	S 6168144 -13.18 30.50 0.00 0.00 HOLD
18.758	>>> V 0.00 0.00
18.758	S 6168164 -13.18 30.50 0.00 0.00 HOLD
18.779	>>> V 0.00 0.00
18.786	S 6168184 -13.27 30.50 0.00 0.00 HOLD
18.798	>>> V 0.00 0.00
18.799	S 6168204 -13.18 30.50 0.00 0.00 HOLD
18.818	>>> V 0.00 0.00
18.819	S 6168224 -13.18 30.50 0.00 0.00 HOLD
18.839	>>> V 0.00 0.00
18.839	S 6168244 -13.18 30.59 0.00 0.00 HOLD
18.858	>>> V 0.00 0.00
18.859	S 6168264 -13.18 30.50 0.00 0.00 HOLD
18.878	>>> V 0.00 0.00
18.879	S 6168284 -13.18 30.50 0.00 0.00 HOLD
18.898	>>> V 0.00 0.00
18.901	S 6168304 -13.18 30.50 0.00 0.00 HOLD
18.918	>>> V 0.00 0.00
18.918	S 6168324 -13.18 30.50 0.00 0.00 HOLD
18.939	>>> V 0.00 0.00
18.939	S 6168344 -13.18 30.50 0.00 0.00 HOLD
18.958	>>> V 0.00 0.00
18.960	S 6168364 -13.18 30.50 0.00 0.00 HOLD
18.979	>>> V 0.00 0.00
18.980	S 6168384 -13.18 30.50 0.00 0.00 HOLD
18.999	>>> V 0.00 0.00
19.003	S 6168404 -13.18 30.50 0.00 0.00 HOLD
19.018	>>> V 0.00 0.00
19.019	S 6168424 -13.18 30.50 0.00 0.00 HOLD
19.042	>>> V 0.00 0.00
19.043	S 6168444 -13.18 30.50 0.00 0.00 HOLD
19.059	>>> V 0.00 0.00
19.061	S 6168464 -13.18 30.50 0.00 0.00 HOLD
19.079	>>> V 0.00 0.00
19.080	S 6168484 -13.18 30.50 0.00 0.00 HOLD
19.101	>>> V 0.00 0.00
19.103	S 6168504 -13.18 30.50 0.00 0.00 HOLD
19.118	>>> V 0.00 0.00
19.120	S 6168524 -13.18 30.50 0.00 0.00 HOLD
19.137	>>> V 0.00 0.00
19.139	S 6168544 -13.18 30.50 0.00 0.00 HOLD
19.159	>>> V 0.00 0.00
19.159	S 6168564 -13.18 30.50 0.00 0.00 HOLD
19.178	>>> V 0.00 0.00
19.180	S 6168584 -13.18 30.50 0.00 0.00 HOLD
19.197	>>> V 0.00 0.00
19.200	S 6168604 -13.18 30.50 0.00 0.00 HOLD
19.218	>>> V 0.00 0.00
19.220	S 6168624 -13.18 30.50 0.00 0.00 HOLD
19.238	>>> V 0.00 0.00
19.238	S 6168644 -13.18 30.50 0.00 0.00 HOLD
19.261	>>> V 0.00 0.00
19.262	S 6168664 -13.18 30.50 0.00 0.00 HOLD
19.279	>>> V 0.00 0.00
19.279	S 6168684 -13.18 30.50 0.00 0.00 HOLD
19.299	>>> V 0.00 0.00
19.300	S 6168704 -13.18 30.50 0.00 0.00 HOLD
19.318	>>> V 0.00 0.00
19.318	S 6168724 -13.18 30.50 0.00 0.00 HOLD
19.338	>>> V 0.00 0.00
19.339	S 6168744 -13.18 30.50 0.00 0.00 HOLD
19.361	>>> V 0.00 0.00
19.361	S 6168764 -13.18 30.50 0.00 0.00 HOLD
19.378	>>> V 0.00 0.00
19.378	S 6168784 -13.18 30.50 0.00 0.00 HOLD
19.398	>>> V 0.00 0.00
19.399	S 6168804 -13.18 30.50 0.00 0.00 HOLD
19.417	>>> V 0.00 0.00
19.418	S 6168824 -13.18 30.50 0.00 0.00 HOLD
19.438	>>> V 0.00 0.00
19.439	S 6168844 -13.18 30.50 0.00 0.00 HOLD
19.458	>>> V 0.00 0.00
19.458	S 6168864 -13.18 30.50 0.00 0.00 HOLD
19.478	>>> V 0.00 0.00
19.479	S 6168884 -13.18 30.50 0.00 0.00 HOLD
19.497	>>> V 0.00 0.00
19.498	S 6168904 -13.18 30.50 0.00 0.00 HOLD
19.518	>>> V 0.00 0.00
19.521	S 6168924 -13.18 30.50 0.00 0.00 HOLD
19.538	>>> V 0.00 0.00
19.538	S 6168944 -13.18 30.50 0.00 0.00 HOLD
19.560	>>> V 0.00 0.00
19.562	S 6168964 -13.18 30.50 0.00 0.00 HOLD
19.578	>>> V 0.00 0.00
19.580	S 6168984 -13.27 30.50 0.00 0.00 HOLD
19.601	>>> V 0.00 0.00
19.603	S 6169004 -13.18 30.50 0.00 0.00 HOLD
19.618	>>> V 0.00 0.00
19.619	S 6169024 -13.18 30.50 0.00 0.00 HOLD
19.640	>>> V 0.00 0.00
19.643	S 6169044 -13.18 30.50 0.00 0.00 HOLD
19.657	>>> V 0.00 0.00
19.658	S 6169064 -13.18 30.59 0.00 0.00 HOLD
19.678	>>> V 0.00 0.00
19.680	S 6169084 -13.18 30.59 0.00 0.00 HOLD
19.697	>>> V 0.00 0.00
19.699	S 6169104 -13.18 30.50 0.00 0.00 HOLD
19.717	>>> V 0.00 0.00
19.718	S 6169124 -13.27 30.50 0.00 0.00 HOLD
19.739	>>> V 0.00 0.00
19.740	S 6169144 -13.18 30.50 0.00 0.00 HOLD
19.758	>>> V 0.00 0.00
19.759	S 6169164 -13.18 30.50 0.00 0.00 HOLD
19.780	>>> V 0.00 0.00
19.782	S 6169184 -13.18 30.50 0.00 0.00 HOLD
19.798	>>> V 0.00 0.00
19.798	S 6169204 -13.18 30.50 0.00 0.00 HOLD
19.819	>>> V 0.00 0.00
19.820	S 6169224 -13.18 30.50 0.00 0.00 HOLD
19.838	>>> V 0.00 0.00
19.839	S 6169244 -13.18 30.50 0.00 0.00 HOLD
19.865	>>> V 0.00 0.00
19.866	S 6169264 -13.18 30.59 0.00 0.00 HOLD
19.886	>>> V 0.00 0.00
19.887	S 6169284 -13.18 30.50 0.00 0.00 HOLD
19.887	S 6169304 -13.18 30.50 0.00 0.00 HOLD
19.898	>>> V 0.00 0.00
19.921	>>> V 0.00 0.00
19.922	S 6169324 -13.18 30.50 0.00 0.00 HOLD
19.938	>>> V 0.00 0.00
19.939	S 6169344 -13.18 30.50 0.00 0.00 HOLD
19.960	>>> V 0.00 0.00
19.960	S 6169364 -13.18 30.50 0.00 0.00 HOLD
19.978	>>> V 0.00 0.00
19.979	S 6169384 -13.18 30.50 0.00 0.00 HOLD
20.003	>>> V 0.00 0.00
20.008	S 6169404 -13.18 30.50 0.00 0.00 HOLD
20.009	S 6169424 -13.18 30.50 0.00 0.00 HOLD
20.017	>>> V 0.00 0.00
20.038	>>> V 0.00 0.00
20.038	S 6169444 -13.18 30.50 0.00 0.00 HOLD
20.058	>>> V 0.00 0.00
20.058	S 6169464 -13.18 30.50 0.00 0.00 HOLD
20.079	>>> V 0.00 0.00
20.080	S 6169484 -13.18 30.50 0.00 0.00 HOLD
20.099	>>> V 0.00 0.00
20.102	S 6169504 -13.18 30.50 0.00 0.00 HOLD
20.118	>>> V 0.00 0.00
20.121	S 6169524 -13.18 30.50 0.00 0.00 HOLD
20.138	>>> V 0.00 0.00
20.139	S 6169544 -13.18 30.50 0.00 0.00 HOLD
20.157	>>> V 0.00 0.00
20.158	S 6169564 -13.18 30.50 0.00 0.00 HOLD
20.178	>>> V 0.00 0.00
20.180	S 6169584 -13.18 30.50 0.00 0.00 HOLD
20.198	>>> V 0.00 0.00
20.201	S 6169604 -13.18 30.50 0.00 0.00 HOLD
20.221	>>> V 0.00 0.00
20.224	S 6169624 -13.18 30.50 0.00 0.00 HOLD
20.238	>>> V 0.00 0.00
20.239	S 6169644 -13.18 30.50 0.00 0.00 HOLD
20.268	>>> V 0.00 0.00
20.271	S 6169664 -13.18 30.50 0.00 0.00 HOLD
20.273	S 6169684 -13.18 30.50 0.00 0.00 HOLD
20.278	>>> V 0.00 0.00
20.297	>>> V 0.00 0.00
20.301	S 6169704 -13.18 30.50 0.00 0.00 HOLD
20.317	>>> V 0.00 0.00
20.318	S 6169724 -13.18 30.50 0.00 0.00 HOLD
20.338	>>> V 0.00 0.00
20.338	S 6169745 -13.18 30.50 0.00 0.00 HOLD
20.359	>>> V 0.00 0.00
20.363	S 6169765 -13.18 30.50 0.00 0.00 HOLD
20.377	>>> V 0.00 0.00
20.378	S 6169785 -13.18 30.50 0.00 0.00 HOLD
20.401	>>> V 0.00 0.00
20.402	S 6169805 -13.18 30.50 0.00 0.00 HOLD
20.418	>>> V 0.00 0.00
20.422	S 6169825 -13.18 30.50 0.00 0.00 HOLD
20.441	>>> V 0.00 0.00
20.443	S 6169845 -13.18 30.50 0.00 0.00 HOLD
20.460	>>> V 0.00 0.00
20.461	S 6169865 -13.18 30.50 0.00 0.00 HOLD
20.480	>>> V 0.00 0.00
20.480	S 6169885 -13.18 30.50 0.00 0.00 HOLD
20.498	>>> V 0.00 0.00
20.499	S 6169905 -13.18 30.50 0.00 0.00 HOLD
20.518	>>> V 0.00 0.00
20.519	S 6169925 -13.18 30.59 0.00 0.00 HOLD
20.540	>>> V 0.00 0.00
20.543	S 6169945 -13.27 30.50 0.00 0.00 HOLD
20.557	>>> V 0.00 0.00
20.561	S 6169965 -13.18 30.50 0.00 0.00 HOLD
20.578	>>> V 0.00 0.00
20.582	S 6169985 -13.18 30.50 0.00 0.00 HOLD
20.601	>>> V 0.00 0.00
20.601	S 6170005 -13.18 30.50 0.00 0.00 HOLD
20.619	>>> V 0.00 0.00
20.619	S 6170025 -13.18 30.50 0.00 0.00 HOLD
20.639	>>> V 0.00 0.00
20.641	S 6170045 -13.18 30.50 0.00 0.00 HOLD
20.658	>>> V 0.00 0.00
20.659	S 6170065 -13.18 30.50 0.00 0.00 HOLD
20.680	>>> V 0.00 0.00
20.686	S 6170085 -13.18 30.50 0.00 0.00 HOLD
20.689	S 6170105 -13.18 30.50 0.00 0.00 HOLD
20.699	>>> V 0.00 0.00
20.718	>>> V 0.00 0.00
20.718	S 6170125 -13.18 30.50 0.00 0.00 HOLD
20.740	>>> V 0.00 0.00
20.743	S 6170145 -13.18 30.50 0.00 0.00 HOLD
20.759	>>> V 0.00 0.00
20.760	S 6170165 -13.27 30.50 0.00 0.00 HOLD
20.779	>>> V 0.00 0.00
20.779	S 6170185 -13.18 30.50 0.00 0.00 HOLD
20.800	>>> V 0.00 0.00
20.803	S 6170205 -13.18 30.59 0.00 0.00 HOLD
20.831	>>> V 0.00 0.00
20.831	S 6170225 -13.18 30.50 0.00 0.00 HOLD
20.833	S 6170245 -13.18 30.50 0.00 0.00 HOLD
20.860	>>> V 0.00 0.00
20.863	S 6170265 -13.18 30.50 0.00 0.00 HOLD
20.878	>>> V 0.00 0.00
20.878	S 6170285 -13.18 30.50 0.00 0.00 HOLD
20.899	>>> V 0.00 0.00
20.899	S 6170305 -13.18 30.50 0.00 0.00 HOLD
20.918	>>> V 0.00 0.00
20.918	S 6170325 -13.18 30.50 0.00 0.00 HOLD
20.939	>>> V 0.00 0.00
20.940	S 6170345 -13.18 30.50 0.00 0.00 HOLD
20.958	>>> V 0.00 0.00
20.958	S 6170365 -13.18 30.50 0.00 0.00 HOLD
20.981	>>> V 0.00 0.00
20.981	S 6170385 -13.18 30.50 0.00 0.00 HOLD
20.997	>>> V 0.00 0.00
20.998	S 6170405 -13.18 30.50 0.00 0.00 HOLD
21.018	>>> V 0.00 0.00
21.020	S 6170425 -13.18 30.50 0.00 0.00 HOLD
21.040	>>> V 0.00 0.00
21.041	S 6170445 -13.18 30.50 0.00 0.00 HOLD
21.059	>>> V 0.00 0.00
21.060	S 6170465 -13.18 30.50 0.00 0.00 HOLD
21.082	>>> V 0.00 0.00
21.084	S 6170485 -13.18 30.59 0.00 0.00 HOLD
21.098	>>> V 0.00 0.00
21.100	S 6170505 -13.18 30.50 0.00 0.00 HOLD
21.119	>>> V 0.00 0.00
21.124	S 6170525 -13.18 30.50 0.00 0.00 HOLD
21.138	>>> V 0.00 0.00
21.138	S 6170545 -13.18 30.50 0.00 0.00 HOLD
21.158	>>> V 0.00 0.00
21.159	S 6170565 -13.18 30.50 0.00 0.00 HOLD
21.179	>>> V 0.00 0.00
21.179	S 6170585 -13.18 30.50 0.00 0.00 HOLD
21.199	>>> V 0.00 0.00
21.200	S 6170605 -13.18 30.50 0.00 0.00 HOLD
21.217	>>> V 0.00 0.00
21.218	S 6170625 -13.18 30.50 0.00 0.00 HOLD
21.239	>>> V 0.00 0.00
21.242	S 6170645 -13.18 30.50 0.00 0.00 HOLD
21.259	>>> V 0.00 0.00
21.259	S 6170665 -13.18 30.50 0.00 0.00 HOLD
21.278	>>> V 0.00 0.00
21.278	S 6170685 -13.18 30.59 0.00 0.00 HOLD
21.298	>>> V 0.00 0.00
21.298	S 6170705 -13.18 30.50 0.00 0.00 HOLD
21.318	>>> V 0.00 0.00
21.322	S 6170725 -13.18 30.50 0.00 0.00 HOLD
21.339	>>> V 0.00 0.00
21.341	S 6170745 -13.18 30.50 0.00 0.00 HOLD
21.358	>>> V 0.00 0.00
21.358	S 6170765 -13.18 30.50 0.00 0.00 HOLD
21.379	>>> V 0.00 0.00
21.379	S 6170785 -13.18 30.59 0.00 0.00 HOLD
21.398	>>> V 0.00 0.00
21.399	S 6170805 -13.18 30.50 0.00 0.00 HOLD
21.419	>>> V 0.00 0.00
21.423	S 6170825 -13.18 30.50 0.00 0.00 HOLD
21.437	>>> V 0.00 0.00
21.442	S 6170845 -13.18 30.50 0.00 0.00 HOLD
21.460	>>> V 0.00 0.00
21.462	S 6170865 -13.18 30.50 0.00 0.00 HOLD
21.479	>>> V 0.00 0.00
21.480	S 6170885 -13.18 30.50 0.00 0.00 HOLD
21.501	>>> V 0.00 0.00
21.501	S 6170905 -13.18 30.50 0.00 0.00 HOLD
21.521	>>> V 0.00 0.00
21.521	S 6170925 -13.18 30.50 0.00 0.00 HOLD
21.539	>>> V 0.00 0.00
21.543	S 6170945 -13.18 30.50 0.00 0.00 HOLD
21.561	>>> V 0.00 0.00
21.562	S 6170965 -13.18 30.50 0.00 0.00 HOLD
21.577	>>> V 0.00 0.00
21.578	S 6170985 -13.18 30.50 0.00 0.00 HOLD
21.605	>>> V 0.00 0.00
21.605	S 6171005 -13.18 30.59 0.00 0.00 HOLD
21.619	>>> V 0.00 0.00
21.622	S 6171025 -13.18 30.50 0.00 0.00 HOLD
21.640	>>> V 0.00 0.00
21.643	S 6171045 -13.18 30.50 0.00 0.00 HOLD
21.657	>>> V 0.00 0.00
21.658	S 6171065 -13.18 30.59 0.00 0.00 HOLD
21.679	>>> V 0.00 0.00
21.682	S 6171085 -13.18 30.50 0.00 0.00 HOLD
21.697	>>> V 0.00 0.00
21.698	S 6171105 -13.18 30.50 0.00 0.00 HOLD
21.720	>>> V 0.00 0.00
21.723	S 6171125 -13.18 30.50 0.00 0.00 HOLD
21.740	>>> V 0.00 0.00
21.740	S 6171145 -13.18 30.50 0.00 0.00 HOLD
21.757	>>> V 0.00 0.00
21.759	S 6171165 -13.18 30.50 0.00 0.00 HOLD
21.781	>>> V 0.00 0.00
21.781	S 6171185 -13.18 30.50 0.00 0.00 HOLD
21.799	>>> V 0.00 0.00
21.799	S 6171205 -13.18 30.50 0.00 0.00 HOLD
21.819	>>> V 0.00 0.00
21.829	S 6171225 -13.18 30.50 0.00 0.00 HOLD
21.830	S 6171245 -13.18 30.50 0.00 0.00 HOLD
21.839	>>> V 0.00 0.00
21.858	>>> V 0.00 0.00
21.859	S 6171265 -13.18 30.50 0.00 0.00 HOLD
21.880	>>> V 0.00 0.00
21.881	S 6171285 -13.18 30.50 0.00 0.00 HOLD
21.902	>>> V 0.00 0.00
21.906	S 6171305 -13.18 30.50 0.00 0.00 HOLD
21.912	S 6171325 -13.18 30.50 0.00 0.00 HOLD
21.918	>>> V 0.00 0.00
21.937	>>> V 0.00 0.00
21.938	S 6171345 -13.27 30.50 0.00 0.00 HOLD
21.958	>>> V 0.00 0.00
21.959	S 6171365 -13.18 30.50 0.00 0.00 HOLD
21.978	>>> V 0.00 0.00
21.979	S 6171385 -13.18 30.50 0.00 0.00 HOLD
21.999	>>> V 0.00 0.00
22.001	S 6171405 -13.18 30.50 0.00 0.00 HOLD
22.019	>>> V 0.00 0.00
22.019	S 6171425 -13.18 30.50 0.00 0.00 HOLD
22.038	>>> V 0.00 0.00
22.039	S 6171445 -13.18 30.50 0.00 0.00 HOLD
22.058	>>> V 0.00 0.00
22.058	S 6171465 -13.18 30.50 0.00 0.00 HOLD
22.078	>>> V 0.00 0.00
22.080	S 6171485 -13.18 30.50 0.00 0.00 HOLD
22.100	>>> V 0.00 0.00
22.102	S 6171505 -13.18 30.50 0.00 0.00 HOLD
22.117	>>> V 0.00 0.00
22.118	S 6171525 -13.18 30.50 0.00 0.00 HOLD
22.138	>>> V 0.00 0.00
22.139	S 6171545 -13.18 30.50 0.00 0.00 HOLD
22.164	>>> V 0.00 0.00
22.165	S 6171565 -13.18 30.50 0.00 0.00 HOLD
22.178	>>> V 0.00 0.00
22.178	S 6171585 -13.18 30.50 0.00 0.00 HOLD
22.199	>>> V 0.00 0.00
22.199	S 6171605 -13.18 30.50 0.00 0.00 HOLD
22.218	>>> V 0.00 0.00
22.218	S 6171625 -13.18 30.50 0.00 0.00 HOLD
22.248	>>> V 0.00 0.00
22.251	S 6171645 -13.18 30.50 0.00 0.00 HOLD
22.252	S 6171665 -13.18 30.50 0.00 0.00 HOLD
22.261	>>> V 0.00 0.00
22.279	>>> V 0.00 0.00
22.293	S 6171685 -13.18 30.50 0.00 0.00 HOLD
22.294	S 6171705 -13.18 30.50 0.00 0.00 HOLD
22.299	>>> V 0.00 0.00
22.325	>>> V 0.00 0.00
22.328	S 6171725 -13.18 30.50 0.00 0.00 HOLD
22.333	S 6171745 -13.18 30.50 0.00 0.00 HOLD
22.338	>>> V 0.00 0.00
22.358	>>> V 0.00 0.00
22.359	S 6171765 -13.18 30.50 0.00 0.00 HOLD
22.379	>>> V 0.00 0.00
22.387	S 6171785 -13.18 30.50 0.00 0.00 HOLD
22.387	S 6171805 -13.18 30.50 0.00 0.00 HOLD
22.407	>>> V 0.00 0.00
22.408	S 6171825 -13.18 30.50 0.00 0.00 HOLD
22.421	>>> V 0.00 0.00
22.440	>>> V 0.00 0.00
22.442	S 6171845 -13.18 30.50 0.00 0.00 HOLD
22.462	>>> V 0.00 0.00
22.469	S 6171865 -13.27 30.50 0.00 0.00 HOLD
22.477	S 6171885 -13.18 30.50 0.00 0.00 HOLD
22.492	>>> V 0.00 0.00
22.493	S 6171905 -13.18 30.50 0.00 0.00 HOLD
22.506	>>> V 0.00 0.00
22.508	S 6171925 -13.18 30.50 0.00 0.00 HOLD
22.519	>>> V 0.00 0.00
22.538	>>> V 0.00 0.00
22.539	S 6171945 -13.18 30.50 0.00 0.00 HOLD
22.558	>>> V 0.00 0.00
22.561	S 6171965 -13.18 30.50 0.00 0.00 HOLD
22.578	>>> V 0.00 0.00
22.579	S 6171985 -13.18 30.50 0.00 0.00 HOLD
22.598	>>> V 0.00 0.00
22.601	S 6172005 -13.18 30.50 0.00 0.00 HOLD
22.619	>>> V 0.00 0.00
22.622	S 6172025 -13.18 30.59 0.00 0.00 HOLD
22.639	>>> V 0.00 0.00
22.642	S 6172045 -13.18 30.50 0.00 0.00 HOLD
22.658	>>> V 0.00 0.00
22.659	S 6172065 -13.18 30.50 0.00 0.00 HOLD
22.679	>>> V 0.00 0.00
22.680	S 6172085 -13.18 30.50 0.00 0.00 HOLD
22.700	>>> V 0.00 0.00
22.701	S 6172105 -13.18 30.50 0.00 0.00 HOLD
22.717	>>> V 0.00 0.00
22.718	S 6172125 -13.18 30.50 0.00 0.00 HOLD
22.738	>>> V 0.00 0.00
22.738	S 6172145 -13.18 30.50 0.00 0.00 HOLD
22.761	>>> V 0.00 0.00
22.763	S 6172165 -13.18 30.50 0.00 0.00 HOLD
22.777	>>> V 0.00 0.00
22.786	S 6172185 -13.18 30.50 0.00 0.00 HOLD
22.799	>>> V 0.00 0.00
22.801	S 6172205 -13.18 30.50 0.00 0.00 HOLD
22.818	>>> V 0.00 0.00
22.821	S 6172225 -13.18 30.50 0.00 0.00 HOLD
22.839	>>> V 0.00 0.00
22.841	S 6172245 -13.18 30.50 0.00 0.00 HOLD
22.859	>>> V 0.00 0.00
22.860	S 6172265 -13.18 30.50 0.00 0.00 HOLD
22.879	>>> V 0.00 0.00
22.880	S 6172285 -13.18 30.50 0.00 0.00 HOLD
22.898	>>> V 0.00 0.00
22.898	S 6172305 -13.18 30.50 0.00 0.00 HOLD
22.920	>>> V 0.00 0.00
22.922	S 6172325 -13.18 30.50 0.00 0.00 HOLD
22.938	>>> V 0.00 0.00
22.939	S 6172345 -13.18 30.50 0.00 0.00 HOLD
22.959	>>> V 0.00 0.00
22.960	S 6172365 -13.18 30.50 0.00 0.00 HOLD
22.978	>>> V 0.00 0.00
22.979	S 6172385 -13.18 30.50 0.00 0.00 HOLD
22.998	>>> V 0.00 0.00
23.001	S 6172405 -13.18 30.50 0.00 0.00 HOLD
23.017	>>> V 0.00 0.00
23.018	S 6172425 -13.18 30.50 0.00 0.00 HOLD
23.041	>>> V 0.00 0.00
23.041	S 6172445 -13.18 30.50 0.00 0.00 HOLD
23.059	>>> V 0.00 0.00
23.061	S 6172465 -13.18 30.50 0.00 0.00 HOLD
23.078	>>> V 0.00 0.00
23.079	S 6172485 -13.18 30.50 0.00 0.00 HOLD
23.104	>>> V 0.00 0.00
23.104	S 6172505 -13.18 30.50 0.00 0.00 HOLD
23.118	>>> V 0.00 0.00
23.121	S 6172525 -13.18 30.50 0.00 0.00 HOLD
23.144	>>> V 0.00 0.00
23.145	S 6172545 -13.18 30.50 0.00 0.00 HOLD
23.158	>>> V 0.00 0.00
23.161	S 6172565 -13.18 30.50 0.00 0.00 HOLD
23.178	>>> V 0.00 0.00
23.179	S 6172585 -13.18 30.50 0.00 0.00 HOLD
23.202	>>> V 0.00 0.00
23.202	S 6172605 -13.18 30.50 0.00 0.00 HOLD
23.219	>>> V 0.00 0.00
23.220	S 6172625 -13.18 30.50 0.00 0.00 HOLD
23.238	>>> V 0.00 0.00
23.238	S 6172645 -13.18 30.50 0.00 0.00 HOLD
23.261	>>> V 0.00 0.00
23.262	S 6172665 -13.18 30.50 0.00 0.00 HOLD
23.277	>>> V 0.00 0.00
23.279	S 6172685 -13.18 30.50 0.00 0.00 HOLD
23.297	>>> V 0.00 0.00
23.298	S 6172705 -13.18 30.59 0.00 0.00 HOLD
23.318	>>> V 0.00 0.00
23.319	S 6172725 -13.18 30.50 0.00 0.00 HOLD
23.338	>>> V 0.00 0.00
23.341	S 6172745 -13.18 30.50 0.00 0.00 HOLD
23.358	>>> V 0.00 0.00
23.359	S 6172765 -13.18 30.50 0.00 0.00 HOLD
23.378	>>> V 0.00 0.00
23.378	S 6172785 -13.18 30.50 0.00 0.00 HOLD
23.400	>>> V 0.00 0.00
23.401	S 6172805 -13.18 30.50 0.00 0.00 HOLD
23.422	>>> V 0.00 0.00
23.424	S 6172825 -13.18 30.50 0.00 0.00 HOLD
23.443	>>> V 0.00 0.00
23.446	S 6172845 -13.18 30.50 0.00 0.00 HOLD
23.457	>>> V 0.00 0.00
23.460	S 6172865 -13.18 30.50 0.00 0.00 HOLD
23.479	>>> V 0.00 0.00
23.484	S 6172885 -13.18 30.50 0.00 0.00 HOLD
23.498	>>> V 0.00 0.00
23.501	S 6172905 -13.18 30.50 0.00 0.00 HOLD
23.519	>>> V 0.00 0.00
23.519	S 6172925 -13.18 30.50 0.00 0.00 HOLD
23.541	>>> V 0.00 0.00
23.543	S 6172945 -13.18 30.50 0.00 0.00 HOLD
23.559	>>> V 0.00 0.00
23.562	S 6172965 -13.18 30.50 0.00 0.00 HOLD
23.578	>>> V 0.00 0.00
23.579	S 6172985 -13.18 30.50 0.00 0.00 HOLD
23.599	>>> V 0.00 0.00
23.600	S 6173005 -13.18 30.50 0.00 0.00 HOLD
23.618	>>> V 0.00 0.00
23.619	S 6173025 -13.18 30.50 0.00 0.00 HOLD
23.644	>>> V 0.00 0.00
23.645	S 6173045 -13.18 30.50 0.00 0.00 HOLD
23.662	>>> V 0.00 0.00
23.663	S 6173065 -13.18 30.50 0.00 0.00 HOLD
23.679	>>> V 0.00 0.00
23.680	S 6173085 -13.18 30.50 0.00 0.00 HOLD
23.699	>>> V 0.00 0.00
23.702	S 6173105 -13.18 30.50 0.00 0.00 HOLD
23.718	>>> V 0.00 0.00
23.720	S 6173125 -13.18 30.50 0.00 0.00 HOLD
23.737	>>> V 0.00 0.00
23.738	S 6173145 -13.18 30.50 0.00 0.00 HOLD
23.759	>>> V 0.00 0.00
23.761	S 6173165 -13.18 30.50 0.00 0.00 HOLD
23.782	>>> V 0.00 0.00
23.783	S 6173185 -13.27 30.50 0.00 0.00 HOLD
23.800	>>> V 0.00 0.00
23.800	S 6173205 -13.18 30.50 0.00 0.00 HOLD
23.818	>>> V 0.00 0.00
23.820	S 6173225 -13.18 30.50 0.00 0.00 HOLD
23.838	>>> V 0.00 0.00
23.838	S 6173245 -13.18 30.50 0.00 0.00 HOLD
23.859	>>> V 0.00 0.00
23.860	S 6173265 -13.18 30.50 0.00 0.00 HOLD
23.881	>>> V 0.00 0.00
23.883	S 6173285 -13.18 30.50 0.00 0.00 HOLD
23.901	>>> V 0.00 0.00
23.902	S 6173305 -13.18 30.59 0.00 0.00 HOLD
23.921	>>> V 0.00 0.00
23.923	S 6173325 -13.18 30.50 0.00 0.00 HOLD
23.939	>>> V 0.00 0.00
23.942	S 6173345 -13.18 30.50 0.00 0.00 HOLD
23.961	>>> V 0.00 0.00
23.962	S 6173365 -13.18 30.50 0.00 0.00 HOLD
23.977	>>> V 0.00 0.00
23.978	S 6173385 -13.18 30.50 0.00 0.00 HOLD
23.997	>>> V 0.00 0.00
23.999	S 6173405 -13.18 30.50 0.00 0.00 HOLD
24.019	>>> V 0.00 0.00
24.020	S 6173425 -13.18 30.50 0.00 0.00 HOLD
24.039	>>> V 0.00 0.00
24.041	S 6173445 -13.18 30.50 0.00 0.00 HOLD
24.058	>>> V 0.00 0.00
24.060	S 6173465 -13.18 30.50 0.00 0.00 HOLD
24.082	>>> V 0.00 0.00
24.084	S 6173485 -13.18 30.50 0.00 0.00 HOLD
24.119	>>> V 0.00 0.00
24.119	S 6173505 -13.18 30.50 0.00 0.00 HOLD
24.120	S 6173525 -13.18 30.50 0.00 0.00 HOLD
24.143	>>> V 0.00 0.00
24.148	S 6173545 -13.18 30.50 0.00 0.00 HOLD
24.153	S 6173565 -13.18 30.50 0.00 0.00 HOLD
24.175	>>> V 0.00 0.00
24.175	S 6173585 -13.18 30.50 0.00 0.00 HOLD
24.186	>>> V 0.00 0.00
24.201	>>> V 0.00 0.00
24.201	S 6173605 -13.27 30.50 0.00 0.00 HOLD
24.225	>>> V 0.00 0.00
24.225	S 6173625 -13.18 30.50 0.00 0.00 HOLD
24.238	>>> V 0.00 0.00
24.241	S 6173645 -13.18 30.50 0.00 0.00 HOLD
24.258	>>> V 0.00 0.00
24.258	S 6173665 -13.18 30.50 0.00 0.00 HOLD
24.281	>>> V 0.00 0.00
24.282	S 6173685 -13.18 30.50 0.00 0.00 HOLD
24.298	>>> V 0.00 0.00
24.300	S 6173705 -13.18 30.50 0.00 0.00 HOLD
24.318	>>> V 0.00 0.00
24.319	S 6173725 -13.18 30.50 0.00 0.00 HOLD
24.338	>>> V 0.00 0.00
24.339	S 6173745 -13.18 30.50 0.00 0.00 HOLD
24.358	>>> V 0.00 0.00
24.359	S 6173765 -13.18 30.50 0.00 0.00 HOLD
24.381	>>> V 0.00 0.00
24.381	S 6173785 -13.18 30.50 0.00 0.00 HOLD
24.400	>>> V 0.00 0.00
24.403	S 6173805 -13.18 30.50 0.00 0.00 HOLD
24.422	>>> V 0.00 0.00
24.425	S 6173825 -13.18 30.50 0.00 0.00 HOLD
24.443	>>> V 0.00 0.00
24.444	S 6173845 -13.18 30.50 0.00 0.00 HOLD
24.458	>>> V 0.00 0.00
24.459	S 6173865 -13.18 30.50 0.00 0.00 HOLD
24.485	>>> V 0.00 0.00
24.486	S 6173885 -13.18 30.50 0.00 0.00 HOLD
24.498	>>> V 0.00 0.00
24.498	S 6173905 -13.18 30.50 0.00 0.00 HOLD
24.518	>>> V 0.00 0.00
24.519	S 6173925 -13.18 30.50 0.00 0.00 HOLD
24.538	>>> V 0.00 0.00
24.538	S 6173945 -13.18 30.50 0.00 0.00 HOLD
24.557	>>> V 0.00 0.00
24.561	S 6173965 -13.18 30.50 0.00 0.00 HOLD
24.580	>>> V 0.00 0.00
24.581	S 6173985 -13.18 30.50 0.00 0.00 HOLD
24.599	>>> V 0.00 0.00
24.600	S 6174005 -13.18 30.50 0.00 0.00 HOLD
24.619	>>> V 0.00 0.00
24.622	S 6174025 -13.18 30.50 0.00 0.00 HOLD
24.638	>>> V 0.00 0.00
24.639	S 6174045 -13.18 30.50 0.00 0.00 HOLD
24.658	>>> V 0.00 0.00
24.660	S 6174065 -13.18 30.50 0.00 0.00 HOLD
24.678	>>> V 0.00 0.00
24.678	S 6174085 -13.18 30.50 0.00 0.00 HOLD
24.706	>>> V 0.00 0.00
24.709	S 6174105 -13.18 30.50 0.00 0.00 HOLD
24.710	S 6174125 -13.18 30.50 0.00 0.00 HOLD
24.720	>>> V 0.00 0.00
24.742	>>> V 0.00 0.00
24.743	S 6174145 -13.27 30.50 0.00 0.00 HOLD
24.759	>>> V 0.00 0.00
24.762	S 6174165 -13.18 30.59 0.00 0.00 HOLD
24.779	>>> V 0.00 0.00
24.782	S 6174185 -13.18 30.50 0.00 0.00 HOLD
24.798	>>> V 0.00 0.00
24.800	S 6174205 -13.27 30.50 0.00 0.00 HOLD
24.819	>>> V 0.00 0.00
24.819	S 6174225 -13.18 30.50 0.00 0.00 HOLD
24.838	>>> V 0.00 0.00
24.840	S 6174245 -13.18 30.50 0.00 0.00 HOLD
24.858	>>> V 0.00 0.00
24.860	S 6174265 -13.18 30.50 0.00 0.00 HOLD
24.878	>>> V 0.00 0.00
24.879	S 6174285 -13.18 30.50 0.00 0.00 HOLD
24.901	>>> V 0.00 0.00
24.901	S 6174305 -13.18 30.50 0.00 0.00 HOLD
24.918	>>> V 0.00 0.00
24.919	S 6174325 -13.18 30.50 0.00 0.00 HOLD
24.940	>>> V 0.00 0.00
24.940	S 6174345 -13.18 30.50 0.00 0.00 HOLD
24.958	>>> V 0.00 0.00
24.959	S 6174365 -13.18 30.50 0.00 0.00 HOLD
24.979	>>> V 0.00 0.00
24.982	S 6174385 -13.18 30.50 0.00 0.00 HOLD
25.000	>>> V 0.00 0.00
25.001	S 6174405 -13.18 30.50 0.00 0.00 HOLD
25.019	>>> V 0.00 0.00
25.019	S 6174425 -13.18 30.50 0.00 0.00 HOLD
25.045	>>> V 0.00 0.00
25.062	S 6174445 -13.18 30.50 0.00 0.00 HOLD
25.063	S 6174465 -13.18 30.50 0.00 0.00 HOLD
25.068	>>> V 0.00 0.00
25.068	S 6174485 -13.18 30.50 0.00 0.00 HOLD
25.080	>>> V 0.00 0.00
25.106	>>> V 0.00 0.00
25.112	S 6174505 -13.18 30.50 0.00 0.00 HOLD
25.113	S 6174525 -13.18 30.50 0.00 0.00 HOLD
25.118	>>> V 0.00 0.00
25.138	>>> V 0.00 0.00
25.141	S 6174545 -13.18 30.50 0.00 0.00 HOLD
25.158	>>> V 0.00 0.00
25.163	S 6174565 -13.18 30.50 0.00 0.00 HOLD
25.179	>>> V 0.00 0.00
25.180	S 6174585 -13.18 30.50 0.00 0.00 HOLD
25.199	>>> V 0.00 0.00
25.206	S 6174605 -13.18 30.50 0.00 0.00 HOLD
25.229	>>> V 0.00 0.00
25.230	S 6174625 -13.18 30.50 0.00 0.00 HOLD
25.234	S 6174645 -13.18 30.50 0.00 0.00 HOLD
25.259	>>> V 0.00 0.00
25.260	S 6174665 -13.18 30.50 0.00 0.00 HOLD
25.270	>>> V 0.00 0.00
25.272	S 6174685 -13.18 30.50 0.00 0.00 HOLD
25.278	>>> V 0.00 0.00
25.303	>>> V 0.00 0.00
25.304	S 6174705 -13.18 30.50 0.00 0.00 HOLD
25.325	>>> V 0.00 0.00
25.325	S 6174725 -13.18 30.50 0.00 0.00 HOLD
25.342	>>> V 0.00 0.00
25.343	S 6174745 -13.18 30.50 0.00 0.00 HOLD
25.358	>>> V 0.00 0.00
25.359	S 6174765 -13.18 30.50 0.00 0.00 HOLD
25.380	>>> V 0.00 0.00
25.380	S 6174785 -13.18 30.50 0.00 0.00 HOLD
25.399	>>> V 0.00 0.00
25.400	S 6174805 -13.18 30.50 0.00 0.00 HOLD
25.418	>>> V 0.00 0.00
25.419	S 6174825 -13.18 30.50 0.00 0.00 HOLD
25.438	>>> V 0.00 0.00
25.440	S 6174845 -13.18 30.50 0.00 0.00 HOLD
25.458	>>> V 0.00 0.00
25.459	S 6174865 -13.18 30.50 0.00 0.00 HOLD
25.478	>>> V 0.00 0.00
25.478	S 6174885 -13.18 30.50 0.00 0.00 HOLD
25.497	>>> V 0.00 0.00
25.499	S 6174905 -13.18 30.50 0.00 0.00 HOLD
25.519	>>> V 0.00 0.00
25.520	S 6174925 -13.18 30.50 0.00 0.00 HOLD
25.538	>>> V 0.00 0.00
25.539	S 6174945 -13.18 30.50 0.00 0.00 HOLD
25.559	>>> V 0.00 0.00
25.560	S 6174965 -13.27 30.50 0.00 0.00 HOLD
25.588	>>> V 0.00 0.00
25.590	S 6174985 -13.18 30.50 0.00 0.00 HOLD
25.591	S 6175005 -13.18 30.50 0.00 0.00 HOLD
25.611	>>> V 0.00 0.00
25.614	S 6175025 -13.18 30.50 0.00 0.00 HOLD
25.619	>>> V 0.00 0.00
25.648	>>> V 0.00 0.00
25.648	S 6175045 -13.18 30.50 0.00 0.00 HOLD
25.650	S 6175065 -13.18 30.50 0.00 0.00 HOLD
25.659	>>> V 0.00 0.00
25.677	>>> V 0.00 0.00
25.679	S 6175085 -13.18 30.50 0.00 0.00 HOLD
25.700	>>> V 0.00 0.00
25.701	S 6175105 -13.18 30.59 0.00 0.00 HOLD
25.718	>>> V 0.00 0.00
25.719	S 6175125 -13.18 30.50 0.00 0.00 HOLD
25.738	>>> V 0.00 0.00
25.738	S 6175145 -13.18 30.50 0.00 0.00 HOLD
25.758	>>> V 0.00 0.00
25.758	S 6175165 -13.18 30.50 0.00 0.00 HOLD
25.779	>>> V 0.00 0.00
25.780	S 6175185 -13.18 30.50 0.00 0.00 HOLD
25.798	>>> V 0.00 0.00
25.798	S 6175205 -13.18 30.50 0.00 0.00 HOLD
25.818	>>> V 0.00 0.00
25.818	S 6175225 -13.18 30.50 0.00 0.00 HOLD
25.839	>>> V 0.00 0.00
25.839	S 6175245 -13.18 30.50 0.00 0.00 HOLD
25.858	>>> V 0.00 0.00
25.859	S 6175265 -13.18 30.50 0.00 0.00 HOLD
25.879	>>> V 0.00 0.00
25.881	S 6175285 -13.18 30.50 0.00 0.00 HOLD
25.898	>>> V 0.00 0.00
25.898	S 6175305 -13.18 30.50 0.00 0.00 HOLD
25.919	>>> V 0.00 0.00
25.920	S 6175325 -13.18 30.50 0.00 0.00 HOLD
25.939	>>> V 0.00 0.00
25.940	S 6175345 -13.18 30.50 0.00 0.00 HOLD
25.958	>>> V 0.00 0.00
25.959	S 6175365 -13.18 30.50 0.00 0.00 HOLD
25.978	>>> V 0.00 0.00
25.979	S 6175385 -13.18 30.50 0.00 0.00 HOLD
26.000	>>> V 0.00 0.00
26.003	S 6175405 -13.18 30.50 0.00 0.00 HOLD
26.018	>>> V 0.00 0.00
26.018	S 6175425 -13.18 30.50 0.00 0.00 HOLD
26.038	>>> V 0.00 0.00
26.038	S 6175445 -13.18 30.50 0.00 0.00 HOLD
26.058	>>> V 0.00 0.00
26.058	S 6175465 -13.18 30.50 0.00 0.00 HOLD
26.078	>>> V 0.00 0.00
26.080	S 6175485 -13.18 30.50 0.00 0.00 HOLD
26.098	>>> V 0.00 0.00
26.100	S 6175505 -13.18 30.50 0.00 0.00 HOLD
26.119	>>> V 0.00 0.00
26.119	S 6175525 -13.18 30.50 0.00 0.00 HOLD
26.139	>>> V 0.00 0.00
26.139	S 6175545 -13.18 30.50 0.00 0.00 HOLD
26.158	>>> V 0.00 0.00
26.158	S 6175565 -13.18 30.50 0.00 0.00 HOLD
26.180	>>> V 0.00 0.00
26.181	S 6175585 -13.18 30.50 0.00 0.00 HOLD
26.198	>>> V 0.00 0.00
26.198	S 6175605 -13.18 30.50 0.00 0.00 HOLD
26.218	>>> V 0.00 0.00
26.219	S 6175625 -13.18 30.50 0.00 0.00 HOLD
26.237	>>> V 0.00 0.00
26.239	S 6175645 -13.18 30.50 0.00 0.00 HOLD
26.258	>>> V 0.00 0.00
26.259	S 6175665 -13.18 30.50 0.00 0.00 HOLD
26.278	>>> V 0.00 0.00
26.280	S 6175685 -13.18 30.50 0.00 0.00 HOLD
26.298	>>> V 0.00 0.00
26.302	S 6175705 -13.18 30.50 0.00 0.00 HOLD
26.318	>>> V 0.00 0.00
26.319	S 6175725 -13.18 30.50 0.00 0.00 HOLD
26.339	>>> V 0.00 0.00
26.343	S 6175745 -13.18 30.50 0.00 0.00 HOLD
26.359	>>> V 0.00 0.00
26.363	S 6175765 -13.18 30.50 0.00 0.00 HOLD
26.379	>>> V 0.00 0.00
26.379	S 6175785 -13.18 30.50 0.00 0.00 HOLD
26.399	>>> V 0.00 0.00
26.401	S 6175805 -13.18 30.50 0.00 0.00 HOLD
26.422	>>> V 0.00 0.00
26.422	S 6175825 -13.18 30.50 0.00 0.00 HOLD
26.439	>>> V 0.00 0.00
26.440	S 6175845 -13.18 30.50 0.00 0.00 HOLD
26.459	>>> V 0.00 0.00
26.460	S 6175865 -13.18 30.50 0.00 0.00 HOLD
26.478	>>> V 0.00 0.00
26.481	S 6175885 -13.18 30.50 0.00 0.00 HOLD
26.499	>>> V 0.00 0.00
26.499	S 6175905 -13.18 30.50 0.00 0.00 HOLD
26.519	>>> V 0.00 0.00
26.521	S 6175925 -13.18 30.59 0.00 0.00 HOLD
26.543	>>> V 0.00 0.00
26.544	S 6175945 -13.18 30.50 0.00 0.00 HOLD
26.561	>>> V 0.00 0.00
26.563	S 6175965 -13.18 30.50 0.00 0.00 HOLD
26.581	>>> V 0.00 0.00
26.582	S 6175985 -13.18 30.50 0.00 0.00 HOLD
26.599	>>> V 0.00 0.00
26.605	S 6176005 -13.18 30.50 0.00 0.00 HOLD
26.618	>>> V 0.00 0.00
26.618	S 6176025 -13.18 30.50 0.00 0.00 HOLD
26.638	>>> V 0.00 0.00
26.638	S 6176045 -13.18 30.50 0.00 0.00 HOLD
26.660	>>> V 0.00 0.00
26.663	S 6176065 -13.18 30.50 0.00 0.00 HOLD
26.678	>>> V 0.00 0.00
26.678	S 6176085 -13.18 30.50 0.00 0.00 HOLD
26.702	>>> V 0.00 0.00
26.703	S 6176105 -13.18 30.50 0.00 0.00 HOLD
26.718	>>> V 0.00 0.00
26.719	S 6176125 -13.27 30.50 0.00 0.00 HOLD
26.742	>>> V 0.00 0.00
26.745	S 6176145 -13.18 30.50 0.00 0.00 HOLD
26.758	>>> V 0.00 0.00
26.759	S 6176165 -13.18 30.50 0.00 0.00 HOLD
26.785	>>> V 0.00 0.00
26.786	S 6176185 -13.18 30.50 0.00 0.00 HOLD
26.798	>>> V 0.00 0.00
26.802	S 6176205 -13.18 30.50 0.00 0.00 HOLD
26.824	>>> V 0.00 0.00
26.824	S 6176225 -13.18 30.50 0.00 0.00 HOLD
26.841	>>> V 0.00 0.00
26.841	S 6176245 -13.18 30.50 0.00 0.00 HOLD
26.861	>>> V 0.00 0.00
26.867	S 6176265 -13.18 30.50 0.00 0.00 HOLD
26.893	>>> V 0.00 0.00
26.896	S 6176285 -13.18 30.50 0.00 0.00 HOLD
26.900	S 6176305 -13.18 30.50 0.00 0.00 HOLD
26.917	>>> V 0.00 0.00
26.919	S 6176325 -13.18 30.50 0.00 0.00 HOLD
26.952	>>> V 0.00 0.00
26.960	S 6176345 -13.18 30.59 0.00 0.00 HOLD
26.963	S 6176365 -13.18 30.50 0.00 0.00 HOLD
26.995	>>> V 0.00 0.00
26.999	S 6176385 -13.18 30.50 0.00 0.00 HOLD
27.006	S 6176405 -13.18 30.50 0.00 0.00 HOLD
27.017	>>> V 0.00 0.00
27.020	S 6176425 -13.18 30.59 0.00 0.00 HOLD
27.038	>>> V 0.00 0.00
27.040	S 6176445 -13.27 30.50 0.00 0.00 HOLD
27.058	>>> V 0.00 0.00
27.058	S 6176465 -13.18 30.50 0.00 0.00 HOLD
27.078	>>> V 0.00 0.00
27.079	S 6176485 -13.18 30.50 0.00 0.00 HOLD
27.099	>>> V 0.00 0.00
27.100	S 6176505 -13.18 30.50 0.00 0.00 HOLD
27.117	>>> V 0.00 0.00
27.120	S 6176525 -13.18 30.50 0.00 0.00 HOLD
27.139	>>> V 0.00 0.00
27.140	S 6176545 -13.18 30.50 0.00 0.00 HOLD
27.161	>>> V 0.00 0.00
27.163	S 6176565 -13.18 30.50 0.00 0.00 HOLD
27.199	>>> V 0.00 0.00
27.199	S 6176585 -13.18 30.50 0.00 0.00 HOLD
27.206	S 6176605 -13.18 30.50 0.00 0.00 HOLD
27.220	>>> V 0.00 0.00
27.227	S 6176625 -13.18 30.50 0.00 0.00 HOLD
27.230	S 6176645 -13.18 30.50 0.00 0.00 HOLD
27.238	>>> V 0.00 0.00
27.258	>>> V 0.00 0.00
27.258	S 6176665 -13.18 30.50 0.00 0.00 HOLD
27.285	>>> V 0.00 0.00
27.287	S 6176685 -13.18 30.50 0.00 0.00 HOLD
27.289	S 6176705 -13.18 30.50 0.00 0.00 HOLD
27.318	>>> V 0.00 0.00
27.321	S 6176725 -13.18 30.50 0.00 0.00 HOLD
27.353	>>> V 0.00 0.00
27.353	S 6176745 -13.18 30.50 0.00 0.00 HOLD
27.354	S 6176765 -13.18 30.50 0.00 0.00 HOLD
27.370	>>> V 0.00 0.00
27.375	S 6176785 -13.18 30.50 0.00 0.00 HOLD
27.393	>>> V 0.00 0.00
27.393	S 6176805 -13.18 30.50 0.00 0.00 HOLD
27.398	>>> V 0.00 0.00
27.420	>>> V 0.00 0.00
27.424	S 6176825 -13.18 30.50 0.00 0.00 HOLD
27.438	>>> V 0.00 0.00
27.439	S 6176845 -13.18 30.50 0.00 0.00 HOLD
27.462	>>> V 0.00 0.00
27.463	S 6176865 -13.18 30.50 0.00 0.00 HOLD
27.478	>>> V 0.00 0.00
27.478	S 6176885 -13.18 30.50 0.00 0.00 HOLD
27.498	>>> V 0.00 0.00
27.498	S 6176905 -13.18 30.50 0.00 0.00 HOLD
27.520	>>> V 0.00 0.00
27.521	S 6176925 -13.18 30.59 0.00 0.00 HOLD
27.546	>>> V 0.00 0.00
27.550	S 6176945 -13.18 30.50 0.00 0.00 HOLD
27.555	S 6176965 -13.18 30.50 0.00 0.00 HOLD
27.559	>>> V 0.00 0.00
27.593	>>> V 0.00 0.00
27.596	S 6176985 -13.18 30.50 0.00 0.00 HOLD
27.600	S 6177005 -13.18 30.50 0.00 0.00 HOLD
27.629	>>> V 0.00 0.00
27.632	S 6177025 -13.18 30.50 0.00 0.00 HOLD
27.636	S 6177045 -13.18 30.50 0.00 0.00 HOLD
27.656	>>> V 0.00 0.00
27.657	S 6177065 -13.18 30.50 0.00 0.00 HOLD
27.673	>>> V 0.00 0.00
27.674	S 6177085 -13.18 30.50 0.00 0.00 HOLD
27.679	>>> V 0.00 0.00
27.703	>>> V 0.00 0.00
27.704	S 6177105 -13.18 30.50 0.00 0.00 HOLD
27.719	>>> V 0.00 0.00
27.720	S 6177125 -13.18 30.50 0.00 0.00 HOLD
27.742	>>> V 0.00 0.00
27.743	S 6177145 -13.18 30.50 0.00 0.00 HOLD
27.759	>>> V 0.00 0.00
27.759	S 6177165 -13.27 30.50 0.00 0.00 HOLD
27.787	>>> V 0.00 0.00
27.790	S 6177185 -13.18 30.50 0.00 0.00 HOLD
27.794	S 6177205 -13.18 30.50 0.00 0.00 HOLD
27.810	>>> V 0.00 0.00
27.811	S 6177225 -13.18 30.50 0.00 0.00 HOLD
27.826	>>> V 0.00 0.00
27.828	S 6177245 -13.18 30.50 0.00 0.00 HOLD
27.845	>>> V 0.00 0.00
27.858	>>> V 0.00 0.00
27.860	S 6177265 -13.18 30.50 0.00 0.00 HOLD
27.879	>>> V 0.00 0.00
27.882	S 6177285 -13.27 30.50 0.00 0.00 HOLD
27.902	>>> V 0.00 0.00
27.903	S 6177305 -13.18 30.59 0.00 0.00 HOLD
27.920	>>> V 0.00 0.00
27.921	S 6177325 -13.18 30.50 0.00 0.00 HOLD
27.946	>>> V 0.00 0.00
27.947	S 6177346 -13.18 30.50 0.00 0.00 HOLD
27.952	S 6177365 -13.18 30.50 0.00 0.00 HOLD
27.963	>>> V 0.00 0.00
27.967	S 6177385 -13.18 30.50 0.00 0.00 HOLD
27.984	>>> V 0.00 0.00
27.998	>>> V 0.00 0.00
28.001	S 6177406 -13.18 30.50 0.00 0.00 HOLD
28.021	>>> V 0.00 0.00
28.022	S 6177426 -13.18 30.50 0.00 0.00 HOLD
28.038	>>> V 0.00 0.00
28.038	S 6177446 -13.18 30.50 0.00 0.00 HOLD
28.058	>>> V 0.00 0.00
28.059	S 6177466 -13.18 30.50 0.00 0.00 HOLD
28.095	>>> V 0.00 0.00
28.096	S 6177486 -13.18 30.50 0.00 0.00 HOLD
28.105	S 6177506 -13.18 30.50 0.00 0.00 HOLD
28.109	>>> V 0.00 0.00
28.109	S 6177526 -13.18 30.50 0.00 0.00 HOLD
28.117	>>> V 0.00 0.00
28.139	>>> V 0.00 0.00
28.142	S 6177546 -13.18 30.50 0.00 0.00 HOLD
28.158	>>> V 0.00 0.00
28.160	S 6177566 -13.18 30.50 0.00 0.00 HOLD
28.178	>>> V 0.00 0.00
28.179	S 6177586 -13.18 30.50 0.00 0.00 HOLD
28.198	>>> V 0.00 0.00
28.198	S 6177606 -13.18 30.50 0.00 0.00 HOLD
28.218	>>> V 0.00 0.00
28.219	S 6177626 -13.18 30.50 0.00 0.00 HOLD
28.238	>>> V 0.00 0.00
28.240	S 6177646 -13.18 30.50 0.00 0.00 HOLD
28.258	>>> V 0.00 0.00
28.260	S 6177666 -13.18 30.50 0.00 0.00 HOLD
28.278	>>> V 0.00 0.00
28.281	S 6177686 -13.18 30.50 0.00 0.00 HOLD
28.299	>>> V 0.00 0.00
28.300	S 6177706 -13.18 30.50 0.00 0.00 HOLD
28.318	>>> V 0.00 0.00
28.321	S 6177726 -13.18 30.50 0.00 0.00 HOLD
28.341	>>> V 0.00 0.00
28.346	S 6177746 -13.18 30.50 0.00 0.00 HOLD
28.360	>>> V 0.00 0.00
28.363	S 6177766 -13.18 30.50 0.00 0.00 HOLD
28.397	>>> V 0.00 0.00
28.403	S 6177786 -13.18 30.50 0.00 0.00 HOLD
28.415	S 6177806 -13.18 30.50 0.00 0.00 HOLD
28.451	>>> V 0.00 0.00
28.454	S 6177826 -13.18 30.50 0.00 0.00 HOLD
28.462	S 6177846 -13.18 30.50 0.00 0.00 HOLD
28.469	S 6177866 -13.18 30.50 0.00 0.00 HOLD
28.493	>>> V 0.00 0.00
28.494	S 6177886 -13.18 30.50 0.00 0.00 HOLD
28.498	S 6177906 -13.18 30.50 0.00 0.00 HOLD
28.528	>>> V 0.00 0.00
28.530	S 6177926 -13.18 30.50 0.00 0.00 HOLD
28.533	S 6177946 -13.18 30.50 0.00 0.00 HOLD
28.545	>>> V 0.00 0.00
28.547	S 6177966 -13.18 30.59 0.00 0.00 HOLD
28.571	>>> V 0.00 0.00
28.572	S 6177986 -13.18 30.50 0.00 0.00 HOLD
28.579	>>> V 0.00 0.00
28.599	>>> V 0.00 0.00
28.602	S 6178006 -13.18 30.50 0.00 0.00 HOLD
28.617	>>> V 0.00 0.00
28.618	S 6178026 -13.18 30.50 0.00 0.00 HOLD
28.641	>>> V 0.00 0.00
28.643	S 6178046 -13.18 30.50 0.00 0.00 HOLD
28.657	>>> V 0.00 0.00
28.658	S 6178066 -13.18 30.50 0.00 0.00 HOLD
28.678	>>> V 0.00 0.00
28.678	S 6178086 -13.18 30.50 0.00 0.00 HOLD
28.698	>>> V 0.00 0.00
28.698	S 6178106 -13.18 30.50 0.00 0.00 HOLD
28.718	>>> V 0.00 0.00
28.718	S 6178126 -13.18 30.50 0.00 0.00 HOLD
28.739	>>> V 0.00 0.00
28.740	S 6178146 -13.18 30.50 0.00 0.00 HOLD
28.758	>>> V 0.00 0.00
28.758	S 6178166 -13.18 30.50 0.00 0.00 HOLD
28.779	>>> V 0.00 0.00
28.781	S 6178186 -13.18 30.50 0.00 0.00 HOLD
28.798	>>> V 0.00 0.00
28.801	S 6178206 -13.18 30.50 0.00 0.00 HOLD
28.819	>>> V 0.00 0.00
28.822	S 6178226 -13.18 30.50 0.00 0.00 HOLD
28.838	>>> V 0.00 0.00
28.838	S 6178246 -13.18 30.50 0.00 0.00 HOLD
28.859	>>> V 0.00 0.00
28.860	S 6178266 -13.18 30.50 0.00 0.00 HOLD
28.878	>>> V 0.00 0.00
28.880	S 6178286 -13.18 30.50 0.00 0.00 HOLD
28.898	>>> V 0.00 0.00
28.901	S 6178306 -13.18 30.50 0.00 0.00 HOLD
28.922	>>> V 0.00 0.00
28.923	S 6178326 -13.18 30.50 0.00 0.00 HOLD
28.940	>>> V 0.00 0.00
28.949	S 6178346 -13.18 30.50 0.00 0.00 HOLD
28.952	S 6178366 -13.18 30.50 0.00 0.00 HOLD
28.964	>>> V 0.00 0.00
28.979	>>> V 0.00 0.00
28.982	S 6178386 -13.18 30.50 0.00 0.00 HOLD
29.000	>>> V 0.00 0.00
29.000	S 6178406 -13.18 30.50 0.00 0.00 HOLD
29.019	>>> V 0.00 0.00
29.021	S 6178426 -13.18 30.50 0.00 0.00 HOLD
29.037	>>> V 0.00 0.00
29.039	S 6178446 -13.18 30.50 0.00 0.00 HOLD
29.059	>>> V 0.00 0.00
29.063	S 6178466 -13.27 30.50 0.00 0.00 HOLD
29.078	>>> V 0.00 0.00
29.079	S 6178486 -13.18 30.50 0.00 0.00 HOLD
29.101	>>> V 0.00 0.00
29.102	S 6178506 -13.18 30.50 0.00 0.00 HOLD
29.122	>>> V 0.00 0.00
29.122	S 6178526 -13.18 30.50 0.00 0.00 HOLD
29.138	>>> V 0.00 0.00
29.139	S 6178546 -13.18 30.50 0.00 0.00 HOLD
29.158	>>> V 0.00 0.00
29.159	S 6178566 -13.18 30.50 0.00 0.00 HOLD
29.178	>>> V 0.00 0.00
29.181	S 6178586 -13.18 30.50 0.00 0.00 HOLD
29.201	>>> V 0.00 0.00
29.202	S 6178606 -13.18 30.50 0.00 0.00 HOLD
29.218	>>> V 0.00 0.00
29.219	S 6178626 -13.18 30.50 0.00 0.00 HOLD
29.242	>>> V 0.00 0.00
29.243	S 6178646 -13.18 30.50 0.00 0.00 HOLD
29.257	>>> V 0.00 0.00
29.258	S 6178666 -13.18 30.50 0.00 0.00 HOLD
29.277	>>> V 0.00 0.00
29.278	S 6178686 -13.18 30.50 0.00 0.00 HOLD
29.298	>>> V 0.00 0.00
29.301	S 6178706 -13.18 30.50 0.00 0.00 HOLD
29.318	>>> V 0.00 0.00
29.320	S 6178726 -13.18 30.50 0.00 0.00 HOLD
29.338	>>> V 0.00 0.00
29.340	S 6178746 -13.18 30.50 0.00 0.00 HOLD
29.359	>>> V 0.00 0.00
29.362	S 6178766 -13.18 30.50 0.00 0.00 HOLD
29.378	>>> V 0.00 0.00
29.379	S 6178786 -13.18 30.50 0.00 0.00 HOLD
29.400	>>> V 0.00 0.00
29.400	S 6178806 -13.18 30.50 0.00 0.00 HOLD
29.422	>>> V 0.00 0.00
29.425	S 6178826 -13.18 30.50 0.00 0.00 HOLD
29.438	>>> V 0.00 0.00
29.444	S 6178846 -13.18 30.50 0.00 0.00 HOLD
29.458	>>> V 0.00 0.00
29.460	S 6178866 -13.18 30.50 0.00 0.00 HOLD
29.479	>>> V 0.00 0.00
29.479	S 6178886 -13.18 30.50 0.00 0.00 HOLD
29.498	>>> V 0.00 0.00
29.499	S 6178906 -13.18 30.50 0.00 0.00 HOLD
29.519	>>> V 0.00 0.00
29.521	S 6178926 -13.27 30.50 0.00 0.00 HOLD
29.539	>>> V 0.00 0.00
29.540	S 6178946 -13.18 30.50 0.00 0.00 HOLD
29.558	>>> V 0.00 0.00
29.559	S 6178966 -13.18 30.50 0.00 0.00 HOLD
29.578	>>> V 0.00 0.00
29.578	S 6178986 -13.18 30.50 0.00 0.00 HOLD
29.603	>>> V 0.00 0.00
29.605	S 6179006 -13.27 30.50 0.00 0.00 HOLD
29.622	>>> V 0.00 0.00
29.622	S 6179026 -13.18 30.50 0.00 0.00 HOLD
29.643	>>> V 0.00 0.00
29.649	S 6179046 -13.18 30.50 0.00 0.00 HOLD
29.652	S 6179066 -13.18 30.50 0.00 0.00 HOLD
29.668	>>> V 0.00 0.00
29.670	S 6179086 -13.18 30.50 0.00 0.00 HOLD
29.678	>>> V 0.00 0.00
29.698	>>> V 0.00 0.00
29.698	S 6179106 -13.18 30.50 0.00 0.00 HOLD
29.718	>>> V 0.00 0.00
29.719	S 6179126 -13.18 30.50 0.00 0.00 HOLD
29.740	>>> V 0.00 0.00
29.741	S 6179146 -13.18 30.50 0.00 0.00 HOLD
29.758	>>> V 0.00 0.00
29.758	S 6179166 -13.18 30.50 0.00 0.00 HOLD
29.780	>>> V 0.00 0.00
29.781	S 6179186 -13.18 30.50 0.00 0.00 HOLD
29.798	>>> V 0.00 0.00
29.799	S 6179206 -13.18 30.50 0.00 0.00 HOLD
29.818	>>> V 0.00 0.00
29.819	S 6179226 -13.18 30.50 0.00 0.00 HOLD
29.837	>>> V 0.00 0.00
29.842	S 6179246 -13.18 30.50 0.00 0.00 HOLD
29.858	>>> V 0.00 0.00
29.864	S 6179266 -13.18 30.50 0.00 0.00 HOLD
29.878	>>> V 0.00 0.00
29.880	S 6179286 -13.18 30.50 0.00 0.00 HOLD
29.898	>>> V 0.00 0.00
29.904	S 6179306 -13.18 30.50 0.00 0.00 HOLD
29.925	>>> V 0.00 0.00
29.929	S 6179326 -13.18 30.50 0.00 0.00 HOLD
29.935	S 6179346 -13.18 30.50 0.00 0.00 HOLD
29.946	>>> V 0.00 0.00
29.950	S 6179366 -13.18 30.50 0.00 0.00 HOLD
29.959	>>> V 0.00 0.00
29.980	>>> V 0.00 0.00
29.981	S 6179386 -13.18 30.50 0.00 0.00 HOLD
29.999	>>> V 0.00 0.00
30.001	S 6179406 -13.18 30.59 0.00 0.00 HOLD
30.019	>>> V 0.00 0.00
30.022	S 6179426 -13.18 30.50 0.00 0.00 HOLD
30.050	>>> V 0.00 0.00
30.050	S 6179446 -13.27 30.50 0.00 0.00 HOLD
30.054	S 6179466 -13.18 30.50 0.00 0.00 HOLD
30.074	>>> V 0.00 0.00
30.080	S 6179486 -13.18 30.50 0.00 0.00 HOLD
30.093	>>> V 0.00 0.00
30.094	S 6179506 -13.18 30.50 0.00 0.00 HOLD
30.114	>>> V 0.00 0.00
30.115	S 6179526 -13.18 30.50 0.00 0.00 HOLD
30.125	>>> V 0.00 0.00
30.138	>>> V 0.00 0.00
30.139	S 6179546 -13.18 30.50 0.00 0.00 HOLD
30.158	>>> V 0.00 0.00
30.159	S 6179566 -13.18 30.50 0.00 0.00 HOLD
30.182	>>> V 0.00 0.00
30.183	S 6179586 -13.18 30.50 0.00 0.00 HOLD
30.198	>>> V 0.00 0.00
30.198	S 6179606 -13.18 30.50 0.00 0.00 HOLD
30.218	>>> V 0.00 0.00
30.221	S 6179626 -13.18 30.50 0.00 0.00 HOLD
30.240	>>> V 0.00 0.00
30.240	S 6179646 -13.18 30.50 0.00 0.00 HOLD
30.260	>>> V 0.00 0.00
30.260	S 6179666 -13.27 30.50 0.00 0.00 HOLD
30.279	>>> V 0.00 0.00
30.288	S 6179686 -13.18 30.50 0.00 0.00 HOLD
30.291	S 6179706 -13.18 30.50 0.00 0.00 HOLD
30.316	>>> V 0.00 0.00
30.316	S 6179726 -13.18 30.50 0.00 0.00 HOLD
30.324	>>> V 0.00 0.00
30.327	S 6179746 -13.18 30.50 0.00 0.00 HOLD
30.343	>>> V 0.00 0.00
30.363	>>> V 0.00 0.00
30.369	S 6179766 -13.18 30.50 0.00 0.00 HOLD
30.389	>>> V 0.00 0.00
30.390	S 6179786 -13.18 30.50 0.00 0.00 HOLD
30.391	S 6179806 -13.18 30.50 0.00 0.00 HOLD
30.417	>>> V 0.00 0.00
30.417	S 6179826 -13.18 30.50 0.00 0.00 HOLD
30.430	>>> V 0.00 0.00
30.431	S 6179846 -13.27 30.50 0.00 0.00 HOLD
30.444	>>> V 0.00 0.00
30.458	>>> V 0.00 0.00
30.460	S 6179866 -13.18 30.50 0.00 0.00 HOLD
30.477	>>> V 0.00 0.00
30.483	S 6179886 -13.27 30.50 0.00 0.00 HOLD
30.507	>>> V 0.00 0.00
30.508	S 6179906 -13.18 30.50 0.00 0.00 HOLD
30.511	S 6179926 -13.18 30.50 0.00 0.00 HOLD
30.524	>>> V 0.00 0.00
30.540	>>> V 0.00 0.00
30.540	S 6179946 -13.18 30.50 0.00 0.00 HOLD
30.558	>>> V 0.00 0.00
30.560	S 6179966 -13.18 30.50 0.00 0.00 HOLD
30.578	>>> V 0.00 0.00
30.580	S 6179986 -13.18 30.50 0.00 0.00 HOLD
30.599	>>> V 0.00 0.00
30.600	S 6180006 -13.18 30.50 0.00 0.00 HOLD
30.621	>>> V 0.00 0.00
30.621	S 6180026 -13.18 30.50 0.00 0.00 HOLD
30.640	>>> V 0.00 0.00
30.641	S 6180046 -13.18 30.50 0.00 0.00 HOLD
30.658	>>> V 0.00 0.00
30.659	S 6180066 -13.18 30.50 0.00 0.00 HOLD
30.678	>>> V 0.00 0.00
30.679	S 6180086 -13.18 30.50 0.00 0.00 HOLD
30.700	>>> V 0.00 0.00
30.703	S 6180106 -13.18 30.50 0.00 0.00 HOLD
30.718	>>> V 0.00 0.00
30.718	S 6180126 -13.18 30.50 0.00 0.00 HOLD
30.741	>>> V 0.00 0.00
30.743	S 6180146 -13.18 30.50 0.00 0.00 HOLD
30.759	>>> V 0.00 0.00
30.760	S 6180166 -13.18 30.50 0.00 0.00 HOLD
30.778	>>> V 0.00 0.00
30.778	S 6180186 -13.18 30.50 0.00 0.00 HOLD
30.799	>>> V 0.00 0.00
30.799	S 6180206 -13.18 30.50 0.00 0.00 HOLD
30.821	>>> V 0.00 0.00
30.822	S 6180226 -13.18 30.59 0.00 0.00 HOLD
30.838	>>> V 0.00 0.00
30.838	S 6180246 -13.18 30.50 0.00 0.00 HOLD
30.858	>>> V 0.00 0.00
30.860	S 6180266 -13.18 30.50 0.00 0.00 HOLD
30.879	>>> V 0.00 0.00
30.880	S 6180286 -13.18 30.50 0.00 0.00 HOLD
30.899	>>> V 0.00 0.00
30.901	S 6180306 -13.18 30.50 0.00 0.00 HOLD
30.918	>>> V 0.00 0.00
30.918	S 6180326 -13.18 30.50 0.00 0.00 HOLD
30.939	>>> V 0.00 0.00
30.939	S 6180346 -13.18 30.50 0.00 0.00 HOLD
30.958	>>> V 0.00 0.00
30.961	S 6180366 -13.18 30.50 0.00 0.00 HOLD
30.978	>>> V 0.00 0.00
30.978	S 6180386 -13.18 30.50 0.00 0.00 HOLD
30.998	>>> V 0.00 0.00
30.999	S 6180406 -13.18 30.50 0.00 0.00 HOLD
31.017	>>> V 0.00 0.00
31.018	S 6180426 -13.18 30.50 0.00 0.00 HOLD
31.039	>>> V 0.00 0.00
31.039	S 6180446 -13.18 30.50 0.00 0.00 HOLD
31.060	>>> V 0.00 0.00
31.061	S 6180466 -13.18 30.50 0.00 0.00 HOLD
31.084	>>> V 0.00 0.00
31.085	S 6180486 -13.27 30.50 0.00 0.00 HOLD
31.098	>>> V 0.00 0.00
31.101	S 6180506 -13.18 30.50 0.00 0.00 HOLD
31.120	>>> V 0.00 0.00
31.120	S 6180526 -13.18 30.50 0.00 0.00 HOLD
31.139	>>> V 0.00 0.00
31.140	S 6180546 -13.18 30.50 0.00 0.00 HOLD
31.159	>>> V 0.00 0.00
31.159	S 6180566 -13.18 30.50 0.00 0.00 HOLD
31.178	>>> V 0.00 0.00
31.180	S 6180586 -13.18 30.59 0.00 0.00 HOLD
31.201	>>> V 0.00 0.00
31.202	S 6180606 -13.18 30.50 0.00 0.00 HOLD
31.217	>>> V 0.00 0.00
31.218	S 6180626 -13.18 30.50 0.00 0.00 HOLD
31.243	>>> V 0.00 0.00
31.244	S 6180646 -13.18 30.50 0.00 0.00 HOLD
31.258	>>> V 0.00 0.00
31.259	S 6180666 -13.18 30.50 0.00 0.00 HOLD
31.278	>>> V 0.00 0.00
31.278	S 6180686 -13.18 30.50 0.00 0.00 HOLD
31.301	>>> V 0.00 0.00
31.302	S 6180706 -13.18 30.50 0.00 0.00 HOLD
31.322	>>> V 0.00 0.00
31.323	S 6180726 -13.18 30.50 0.00 0.00 HOLD
31.338	>>> V 0.00 0.00
31.340	S 6180746 -13.18 30.50 0.00 0.00 HOLD
31.360	>>> V 0.00 0.00
31.366	S 6180766 -13.18 30.50 0.00 0.00 HOLD
31.380	>>> V 0.00 0.00
31.381	S 6180786 -13.18 30.50 0.00 0.00 HOLD
31.398	>>> V 0.00 0.00
31.401	S 6180806 -13.18 30.50 0.00 0.00 HOLD
31.423	>>> V 0.00 0.00
31.426	S 6180826 -13.27 30.50 0.00 0.00 HOLD
31.439	>>> V 0.00 0.00
31.441	S 6180846 -13.18 30.50 0.00 0.00 HOLD
31.463	>>> V 0.00 0.00
31.465	S 6180866 -13.18 30.50 0.00 0.00 HOLD
31.479	>>> V 0.00 0.00
31.479	S 6180886 -13.18 30.50 0.00 0.00 HOLD
31.497	>>> V 0.00 0.00
31.498	S 6180906 -13.18 30.50 0.00 0.00 HOLD
31.517	>>> V 0.00 0.00
31.520	S 6180926 -13.18 30.50 0.00 0.00 HOLD
31.538	>>> V 0.00 0.00
31.538	S 6180946 -13.18 30.50 0.00 0.00 HOLD
31.558	>>> V 0.00 0.00
31.559	S 6180966 -13.18 30.50 0.00 0.00 HOLD
31.579	>>> V 0.00 0.00
31.579	S 6180986 -13.18 30.50 0.00 0.00 HOLD
31.598	>>> V 0.00 0.00
31.598	S 6181006 -13.18 30.50 0.00 0.00 HOLD
31.618	>>> V 0.00 0.00
31.618	S 6181026 -13.18 30.50 0.00 0.00 HOLD
31.638	>>> V 0.00 0.00
31.641	S 6181046 -13.18 30.50 0.00 0.00 HOLD
31.658	>>> V 0.00 0.00
31.658	S 6181066 -13.18 30.50 0.00 0.00 HOLD
31.679	>>> V 0.00 0.00
31.680	S 6181086 -13.18 30.50 0.00 0.00 HOLD
31.698	>>> V 0.00 0.00
31.698	S 6181106 -13.18 30.50 0.00 0.00 HOLD
31.718	>>> V 0.00 0.00
31.719	S 6181126 -13.18 30.50 0.00 0.00 HOLD
31.738	>>> V 0.00 0.00
31.739	S 6181146 -13.18 30.50 0.00 0.00 HOLD
31.761	>>> V 0.00 0.00
31.764	S 6181166 -13.18 30.50 0.00 0.00 HOLD
31.778	>>> V 0.00 0.00
31.780	S 6181186 -13.18 30.50 0.00 0.00 HOLD
31.800	>>> V 0.00 0.00
31.801	S 6181206 -13.18 30.50 0.00 0.00 HOLD
31.818	>>> V 0.00 0.00
31.819	S 6181226 -13.18 30.50 0.00 0.00 HOLD
31.839	>>> V 0.00 0.00
31.839	S 6181246 -13.18 30.50 0.00 0.00 HOLD
31.858	>>> V 0.00 0.00
31.858	S 6181266 -13.18 30.50 0.00 0.00 HOLD
31.878	>>> V 0.00 0.00
31.879	S 6181286 -13.18 30.50 0.00 0.00 HOLD
31.898	>>> V 0.00 0.00
31.899	S 6181306 -13.18 30.50 0.00 0.00 HOLD
31.917	>>> V 0.00 0.00
31.918	S 6181326 -13.18 30.50 0.00 0.00 HOLD
31.938	>>> V 0.00 0.00
31.949	S 6181346 -13.18 30.50 0.00 0.00 HOLD
31.950	S 6181366 -13.18 30.50 0.00 0.00 HOLD
31.957	>>> V 0.00 0.00
31.983	>>> V 0.00 0.00
31.985	S 6181386 -13.18 30.50 0.00 0.00 HOLD
31.998	>>> V 0.00 0.00
31.998	S 6181406 -13.18 30.50 0.00 0.00 HOLD
32.019	>>> V 0.00 0.00
32.020	S 6181426 -13.18 30.50 0.00 0.00 HOLD
32.038	>>> V 0.00 0.00
32.039	S 6181446 -13.18 30.50 0.00 0.00 HOLD
32.059	>>> V 0.00 0.00
32.060	S 6181466 -13.18 30.59 0.00 0.00 HOLD
32.078	>>> V 0.00 0.00
32.078	S 6181486 -13.18 30.50 0.00 0.00 HOLD
32.098	>>> V 0.00 0.00
32.099	S 6181506 -13.18 30.50 0.00 0.00 HOLD
32.118	>>> V 0.00 0.00
32.119	S 6181526 -13.18 30.50 0.00 0.00 HOLD
32.138	>>> V 0.00 0.00
32.141	S 6181546 -13.18 30.50 0.00 0.00 HOLD
32.159	>>> V 0.00 0.00
32.159	S 6181566 -13.18 30.50 0.00 0.00 HOLD
32.183	>>> V 0.00 0.00
32.183	S 6181586 -13.18 30.50 0.00 0.00 HOLD
32.198	>>> V 0.00 0.00
32.199	S 6181606 -13.18 30.50 0.00 0.00 HOLD
32.218	>>> V 0.00 0.00
32.222	S 6181626 -13.27 30.50 0.00 0.00 HOLD
32.238	>>> V 0.00 0.00
32.238	S 6181646 -13.18 30.50 0.00 0.00 HOLD
32.259	>>> V 0.00 0.00
32.260	S 6181666 -13.27 30.50 0.00 0.00 HOLD
32.278	>>> V 0.00 0.00
32.279	S 6181686 -13.18 30.50 0.00 0.00 HOLD
32.299	>>> V 0.00 0.00
32.299	S 6181706 -13.18 30.50 0.00 0.00 HOLD
32.319	>>> V 0.00 0.00
32.320	S 6181726 -13.18 30.50 0.00 0.00 HOLD
32.338	>>> V 0.00 0.00
32.338	S 6181746 -13.18 30.50 0.00 0.00 HOLD
32.359	>>> V 0.00 0.00
32.361	S 6181766 -13.18 30.50 0.00 0.00 HOLD
32.378	>>> V 0.00 0.00
32.378	S 6181786 -13.18 30.50 0.00 0.00 HOLD
32.398	>>> V 0.00 0.00
32.399	S 6181806 -13.18 30.50 0.00 0.00 HOLD
32.418	>>> V 0.00 0.00
32.419	S 6181826 -13.18 30.50 0.00 0.00 HOLD
32.438	>>> V 0.00 0.00
32.440	S 6181846 -13.18 30.50 0.00 0.00 HOLD
32.459	>>> V 0.00 0.00
32.460	S 6181866 -13.18 30.50 0.00 0.00 HOLD
32.481	>>> V 0.00 0.00
32.482	S 6181886 -13.18 30.50 0.00 0.00 HOLD
32.497	>>> V 0.00 0.00
32.498	S 6181906 -13.18 30.50 0.00 0.00 HOLD
32.517	>>> V 0.00 0.00
32.518	S 6181926 -13.18 30.50 0.00 0.00 HOLD
32.539	>>> V 0.00 0.00
32.540	S 6181946 -13.18 30.50 0.00 0.00 HOLD
32.558	>>> V 0.00 0.00
32.558	S 6181966 -13.18 30.50 0.00 0.00 HOLD
32.578	>>> V 0.00 0.00
32.580	S 6181986 -13.18 30.50 0.00 0.00 HOLD
32.597	>>> V 0.00 0.00
32.598	S 6182006 -13.18 30.50 0.00 0.00 HOLD
32.619	>>> V 0.00 0.00
32.620	S 6182026 -13.18 30.50 0.00 0.00 HOLD
32.638	>>> V 0.00 0.00
32.640	S 6182046 -13.18 30.50 0.00 0.00 HOLD
32.659	>>> V 0.00 0.00
32.660	S 6182066 -13.18 30.50 0.00 0.00 HOLD
32.678	>>> V 0.00 0.00
32.678	S 6182086 -13.18 30.59 0.00 0.00 HOLD
32.699	>>> V 0.00 0.00
32.699	S 6182106 -13.18 30.50 0.00 0.00 HOLD
32.718	>>> V 0.00 0.00
32.721	S 6182126 -13.18 30.50 0.00 0.00 HOLD
32.738	>>> V 0.00 0.00
32.738	S 6182146 -13.18 30.50 0.00 0.00 HOLD
32.759	>>> V 0.00 0.00
32.760	S 6182166 -13.18 30.59 0.00 0.00 HOLD
32.778	>>> V 0.00 0.00
32.778	S 6182186 -13.18 30.50 0.00 0.00 HOLD
32.800	>>> V 0.00 0.00
32.801	S 6182206 -13.18 30.59 0.00 0.00 HOLD
32.818	>>> V 0.00 0.00
32.818	S 6182226 -13.18 30.50 0.00 0.00 HOLD
32.838	>>> V 0.00 0.00
32.839	S 6182246 -13.18 30.50 0.00 0.00 HOLD
32.858	>>> V 0.00 0.00
32.861	S 6182266 -13.18 30.50 0.00 0.00 HOLD
32.878	>>> V 0.00 0.00
32.879	S 6182286 -13.18 30.50 0.00 0.00 HOLD
32.898	>>> V 0.00 0.00
32.899	S 6182306 -13.18 30.50 0.00 0.00 HOLD
32.919	>>> V 0.00 0.00
32.922	S 6182326 -13.18 30.50 0.00 0.00 HOLD
32.938	>>> V 0.00 0.00
32.939	S 6182346 -13.18 30.59 0.00 0.00 HOLD
32.958	>>> V 0.00 0.00
32.959	S 6182366 -13.18 30.50 0.00 0.00 HOLD
32.978	>>> V 0.00 0.00
32.979	S 6182386 -13.18 30.50 0.00 0.00 HOLD
32.998	>>> V 0.00 0.00
33.002	S 6182406 -13.18 30.50 0.00 0.00 HOLD
33.018	>>> V 0.00 0.00
33.019	S 6182426 -13.18 30.50 0.00 0.00 HOLD
33.038	>>> V 0.00 0.00
33.038	S 6182446 -13.27 30.50 0.00 0.00 HOLD
33.057	>>> V 0.00 0.00
33.058	S 6182466 -13.18 30.50 0.00 0.00 HOLD
33.080	>>> V 0.00 0.00
33.082	S 6182486 -13.18 30.59 0.00 0.00 HOLD
33.098	>>> V 0.00 0.00
33.100	S 6182506 -13.18 30.50 0.00 0.00 HOLD
33.118	>>> V 0.00 0.00
33.121	S 6182526 -13.18 30.50 0.00 0.00 HOLD
33.140	>>> V 0.00 0.00
33.144	S 6182546 -13.18 30.50 0.00 0.00 HOLD
33.159	>>> V 0.00 0.00
33.160	S 6182566 -13.18 30.50 0.00 0.00 HOLD
33.179	>>> V 0.00 0.00
33.179	S 6182586 -13.18 30.50 0.00 0.00 HOLD
33.198	>>> V 0.00 0.00
33.203	S 6182606 -13.18 30.50 0.00 0.00 HOLD
33.219	>>> V 0.00 0.00
33.221	S 6182626 -13.18 30.50 0.00 0.00 HOLD
33.239	>>> V 0.00 0.00
33.240	S 6182646 -13.18 30.50 0.00 0.00 HOLD
33.258	>>> V 0.00 0.00
33.259	S 6182666 -13.18 30.50 0.00 0.00 HOLD
33.278	>>> V 0.00 0.00
33.279	S 6182686 -13.18 30.50 0.00 0.00 HOLD
33.298	>>> V 0.00 0.00
33.298	S 6182706 -13.27 30.50 0.00 0.00 HOLD
33.322	>>> V 0.00 0.00
33.324	S 6182726 -13.18 30.50 0.00 0.00 HOLD
33.338	>>> V 0.00 0.00
33.342	S 6182746 -13.18 30.50 0.00 0.00 HOLD
33.360	>>> V 0.00 0.00
33.363	S 6182766 -13.18 30.50 0.00 0.00 HOLD
33.379	>>> V 0.00 0.00
33.380	S 6182786 -13.18 30.50 0.00 0.00 HOLD
33.398	>>> V 0.00 0.00
33.399	S 6182806 -13.18 30.50 0.00 0.00 HOLD
33.418	>>> V 0.00 0.00
33.418	S 6182826 -13.27 30.50 0.00 0.00 HOLD
33.438	>>> V 0.00 0.00
33.440	S 6182846 -13.18 30.50 0.00 0.00 HOLD
33.469	>>> V 0.00 0.00
33.470	S 6182866 -13.27 30.50 0.00 0.00 HOLD
33.471	S 6182886 -13.18 30.50 0.00 0.00 HOLD
33.479	>>> V 0.00 0.00
33.498	>>> V 0.00 0.00
33.501	S 6182906 -13.18 30.50 0.00 0.00 HOLD
33.518	>>> V 0.00 0.00
33.518	S 6182926 -13.18 30.50 0.00 0.00 HOLD
33.538	>>> V 0.00 0.00
33.538	S 6182946 -13.18 30.50 0.00 0.00 HOLD
33.561	>>> V 0.00 0.00
33.562	S 6182966 -13.18 30.50 0.00 0.00 HOLD
33.579	>>> V 0.00 0.00
33.579	S 6182986 -13.27 30.50 0.00 0.00 HOLD
33.598	>>> V 0.00 0.00
33.598	S 6183006 -13.18 30.50 0.00 0.00 HOLD
33.624	>>> V 0.00 0.00
33.627	S 6183026 -13.18 30.50 0.00 0.00 HOLD
33.638	>>> V 0.00 0.00
33.643	S 6183046 -13.18 30.50 0.00 0.00 HOLD
33.659	>>> V 0.00 0.00
33.663	S 6183066 -13.18 30.50 0.00 0.00 HOLD
33.680	>>> V 0.00 0.00
33.681	S 6183086 -13.18 30.50 0.00 0.00 HOLD
33.699	>>> V 0.00 0.00
33.700	S 6183106 -13.18 30.50 0.00 0.00 HOLD
33.718	>>> V 0.00 0.00
33.719	S 6183126 -13.27 30.50 0.00 0.00 HOLD
33.739	>>> V 0.00 0.00
33.739	S 6183146 -13.18 30.50 0.00 0.00 HOLD
33.758	>>> V 0.00 0.00
33.760	S 6183166 -13.18 30.50 0.00 0.00 HOLD
33.778	>>> V 0.00 0.00
33.781	S 6183186 -13.18 30.50 0.00 0.00 HOLD
33.800	>>> V 0.00 0.00
33.801	S 6183206 -13.18 30.50 0.00 0.00 HOLD
33.818	>>> V 0.00 0.00
33.819	S 6183226 -13.18 30.50 0.00 0.00 HOLD
33.842	>>> V 0.00 0.00
33.844	S 6183246 -13.18 30.50 0.00 0.00 HOLD
33.859	>>> V 0.00 0.00
33.865	S 6183266 -13.18 30.50 0.00 0.00 HOLD
33.878	>>> V 0.00 0.00
33.881	S 6183286 -13.18 30.50 0.00 0.00 HOLD
33.906	>>> V 0.00 0.00
33.907	S 6183306 -13.18 30.50 0.00 0.00 HOLD
33.925	>>> V 0.00 0.00
33.927	S 6183326 -13.18 30.50 0.00 0.00 HOLD
33.938	>>> V 0.00 0.00
33.940	S 6183346 -13.18 30.50 0.00 0.00 HOLD
33.958	>>> V 0.00 0.00
33.964	S 6183366 -13.18 30.50 0.00 0.00 HOLD
33.979	>>> V 0.00 0.00
33.981	S 6183386 -13.18 30.50 0.00 0.00 HOLD
33.997	>>> V 0.00 0.00
34.000	S 6183406 -13.18 30.50 0.00 0.00 HOLD
34.021	>>> V 0.00 0.00
34.022	S 6183426 -13.18 30.50 0.00 0.00 HOLD
34.038	>>> V 0.00 0.00
34.038	S 6183446 -13.18 30.50 0.00 0.00 HOLD
34.059	>>> V 0.00 0.00
34.060	S 6183466 -13.18 30.50 0.00 0.00 HOLD
34.086	>>> V 0.00 0.00
34.088	S 6183486 -13.18 30.50 0.00 0.00 HOLD
34.098	>>> V 0.00 0.00
34.098	S 6183506 -13.18 30.50 0.00 0.00 HOLD
34.118	>>> V 0.00 0.00
34.121	S 6183526 -13.18 30.50 0.00 0.00 HOLD
34.138	>>> V 0.00 0.00
34.138	S 6183546 -13.18 30.50 0.00 0.00 HOLD
34.158	>>> V 0.00 0.00
34.159	S 6183566 -13.18 30.50 0.00 0.00 HOLD
34.178	>>> V 0.00 0.00
34.180	S 6183586 -13.18 30.50 0.00 0.00 HOLD
34.198	>>> V 0.00 0.00
34.200	S 6183606 -13.18 30.50 0.00 0.00 HOLD
34.218	>>> V 0.00 0.00
34.219	S 6183626 -13.18 30.50 0.00 0.00 HOLD
34.239	>>> V 0.00 0.00
34.241	S 6183646 -13.18 30.50 0.00 0.00 HOLD
34.257	>>> V 0.00 0.00
34.259	S 6183666 -13.18 30.50 0.00 0.00 HOLD
34.280	>>> V 0.00 0.00
34.282	S 6183686 -13.18 30.50 0.00 0.00 HOLD
34.299	>>> V 0.00 0.00
34.299	S 6183706 -13.18 30.50 0.00 0.00 HOLD
34.319	>>> V 0.00 0.00
34.323	S 6183726 -13.27 30.50 0.00 0.00 HOLD
34.337	>>> V 0.00 0.00
34.339	S 6183746 -13.18 30.50 0.00 0.00 HOLD
34.358	>>> V 0.00 0.00
34.360	S 6183766 -13.18 30.50 0.00 0.00 HOLD
34.378	>>> V 0.00 0.00
34.380	S 6183786 -13.18 30.50 0.00 0.00 HOLD
34.403	>>> V 0.00 0.00
34.404	S 6183806 -13.18 30.50 0.00 0.00 HOLD
34.418	>>> V 0.00 0.00
34.419	S 6183826 -13.18 30.50 0.00 0.00 HOLD
34.439	>>> V 0.00 0.00
34.440	S 6183846 -13.18 30.50 0.00 0.00 HOLD
34.457	>>> V 0.00 0.00
34.459	S 6183866 -13.18 30.50 0.00 0.00 HOLD
34.481	>>> V 0.00 0.00
34.482	S 6183886 -13.18 30.50 0.00 0.00 HOLD
34.498	>>> V 0.00 0.00
34.499	S 6183906 -13.18 30.50 0.00 0.00 HOLD
34.519	>>> V 0.00 0.00
34.519	S 6183926 -13.18 30.50 0.00 0.00 HOLD
34.541	>>> V 0.00 0.00
34.544	S 6183946 -13.18 30.50 0.00 0.00 HOLD
34.558	>>> V 0.00 0.00
34.558	S 6183966 -13.18 30.50 0.00 0.00 HOLD
34.579	>>> V 0.00 0.00
34.583	S 6183986 -13.18 30.50 0.00 0.00 HOLD
34.600	>>> V 0.00 0.00
34.604	S 6184006 -13.18 30.50 0.00 0.00 HOLD
34.618	>>> V 0.00 0.00
34.619	S 6184026 -13.18 30.50 0.00 0.00 HOLD
34.640	>>> V 0.00 0.00
34.641	S 6184046 -13.18 30.50 0.00 0.00 HOLD
34.659	>>> V 0.00 0.00
34.661	S 6184066 -13.18 30.50 0.00 0.00 HOLD
34.681	>>> V 0.00 0.00
34.683	S 6184086 -13.18 30.50 0.00 0.00 HOLD
34.698	>>> V 0.00 0.00
34.698	S 6184106 -13.18 30.50 0.00 0.00 HOLD
34.719	>>> V 0.00 0.00
34.721	S 6184126 -13.18 30.50 0.00 0.00 HOLD
34.740	>>> V 0.00 0.00
34.740	S 6184146 -13.18 30.50 0.00 0.00 HOLD
34.759	>>> V 0.00 0.00
34.761	S 6184166 -13.18 30.50 0.00 0.00 HOLD
34.778	>>> V 0.00 0.00
34.780	S 6184186 -13.18 30.50 0.00 0.00 HOLD
34.799	>>> V 0.00 0.00
34.801	S 6184206 -13.18 30.50 0.00 0.00 HOLD
34.819	>>> V 0.00 0.00
34.820	S 6184226 -13.18 30.50 0.00 0.00 HOLD
34.842	>>> V 0.00 0.00
34.849	S 6184246 -13.18 30.50 0.00 0.00 HOLD
34.853	S 6184266 -13.18 30.50 0.00 0.00 HOLD
34.868	>>> V 0.00 0.00
34.869	S 6184286 -13.18 30.50 0.00 0.00 HOLD
34.878	>>> V 0.00 0.00
34.900	>>> V 0.00 0.00
34.901	S 6184306 -13.18 30.50 0.00 0.00 HOLD
34.918	>>> V 0.00 0.00
34.920	S 6184326 -13.18 30.50 0.00 0.00 HOLD
34.939	>>> V 0.00 0.00
34.942	S 6184346 -13.18 30.50 0.00 0.00 HOLD
34.958	>>> V 0.00 0.00
34.960	S 6184366 -13.18 30.50 0.00 0.00 HOLD
34.981	>>> V 0.00 0.00
34.984	S 6184386 -13.18 30.50 0.00 0.00 HOLD
34.998	>>> V 0.00 0.00
35.000	S 6184406 -13.18 30.50 0.00 0.00 HOLD
35.017	>>> V 0.00 0.00
35.018	S 6184426 -13.27 30.50 0.00 0.00 HOLD
35.040	>>> V 0.00 0.00
35.041	S 6184446 -13.18 30.50 0.00 0.00 HOLD
35.058	>>> V 0.00 0.00
35.059	S 6184466 -13.18 30.50 0.00 0.00 HOLD
35.078	>>> V 0.00 0.00
35.080	S 6184486 -13.18 30.50 0.00 0.00 HOLD
35.100	>>> V 0.00 0.00
35.112	S 6184506 -13.18 30.50 0.00 0.00 HOLD
35.116	S 6184526 -13.18 30.50 0.00 0.00 HOLD
35.124	>>> V 0.00 0.00
35.138	>>> V 0.00 0.00
35.138	S 6184546 -13.18 30.50 0.00 0.00 HOLD
35.158	>>> V 0.00 0.00
35.161	S 6184566 -13.18 30.50 0.00 0.00 HOLD
35.183	>>> V 0.00 0.00
35.185	S 6184586 -13.18 30.50 0.00 0.00 HOLD
35.198	>>> V 0.00 0.00
35.203	S 6184606 -13.18 30.50 0.00 0.00 HOLD
35.218	>>> V 0.00 0.00
35.221	S 6184626 -13.18 30.50 0.00 0.00 HOLD
35.241	>>> V 0.00 0.00
35.242	S 6184646 -13.18 30.50 0.00 0.00 HOLD
35.260	>>> V 0.00 0.00
35.261	S 6184666 -13.18 30.50 0.00 0.00 HOLD
35.282	>>> V 0.00 0.00
35.286	S 6184686 -13.18 30.50 0.00 0.00 HOLD
35.301	>>> V 0.00 0.00
35.304	S 6184706 -13.18 30.50 0.00 0.00 HOLD
35.331	>>> V 0.00 0.00
35.332	S 6184726 -13.18 30.50 0.00 0.00 HOLD
35.334	S 6184746 -13.18 30.50 0.00 0.00 HOLD
35.357	>>> V 0.00 0.00
35.357	S 6184766 -13.18 30.50 0.00 0.00 HOLD
35.376	>>> V 0.00 0.00
35.376	S 6184786 -13.18 30.50 0.00 0.00 HOLD
35.389	>>> V 0.00 0.00
35.390	S 6184806 -13.18 30.50 0.00 0.00 HOLD
35.401	>>> V 0.00 0.00
35.419	>>> V 0.00 0.00
35.422	S 6184826 -13.18 30.50 0.00 0.00 HOLD
35.441	>>> V 0.00 0.00
35.443	S 6184846 -13.18 30.50 0.00 0.00 HOLD
35.462	>>> V 0.00 0.00
35.463	S 6184866 -13.18 30.50 0.00 0.00 HOLD
35.478	>>> V 0.00 0.00
35.480	S 6184886 -13.18 30.50 0.00 0.00 HOLD
35.500	>>> V 0.00 0.00
35.503	S 6184906 -13.18 30.50 0.00 0.00 HOLD
35.523	>>> V 0.00 0.00
35.523	S 6184926 -13.18 30.50 0.00 0.00 HOLD
35.539	>>> V 0.00 0.00
35.542	S 6184946 -13.18 30.50 0.00 0.00 HOLD
35.568	>>> V 0.00 0.00
35.569	S 6184966 -13.18 30.50 0.00 0.00 HOLD
35.574	S 6184986 -13.18 30.59 0.00 0.00 HOLD
35.581	>>> V 0.00 0.00
35.603	>>> V 0.00 0.00
35.603	S 6185006 -13.18 30.50 0.00 0.00 HOLD
35.628	>>> V 0.00 0.00
35.629	S 6185026 -13.18 30.50 0.00 0.00 HOLD
35.631	S 6185046 -13.18 30.50 0.00 0.00 HOLD
35.641	>>> V 0.00 0.00
35.659	>>> V 0.00 0.00
35.661	S 6185067 -13.18 30.50 0.00 0.00 HOLD
35.681	>>> V 0.00 0.00
35.684	S 6185086 -13.18 30.50 0.00 0.00 HOLD
35.707	>>> V 0.00 0.00
35.710	S 6185107 -13.18 30.50 0.00 0.00 HOLD
35.715	S 6185127 -13.18 30.50 0.00 0.00 HOLD
35.717	>>> V 0.00 0.00
35.741	>>> V 0.00 0.00
35.750	S 6185147 -13.18 30.50 0.00 0.00 HOLD
35.751	S 6185167 -13.18 30.50 0.00 0.00 HOLD
35.759	>>> V 0.00 0.00
35.781	>>> V 0.00 0.00
35.783	S 6185187 -13.18 30.50 0.00 0.00 HOLD
35.798	>>> V 0.00 0.00
35.800	S 6185207 -13.18 30.50 0.00 0.00 HOLD
35.820	>>> V 0.00 0.00
35.825	S 6185227 -13.27 30.50 0.00 0.00 HOLD
35.854	>>> V 0.00 0.00
35.854	S 6185247 -13.18 30.50 0.00 0.00 HOLD
35.855	S 6185267 -13.18 30.50 0.00 0.00 HOLD
35.866	>>> V 0.00 0.00
35.869	S 6185287 -13.18 30.50 0.00 0.00 HOLD
35.878	>>> V 0.00 0.00
35.898	>>> V 0.00 0.00
35.900	S 6185307 -13.18 30.50 0.00 0.00 HOLD
35.923	>>> V 0.00 0.00
35.924	S 6185327 -13.18 30.50 0.00 0.00 HOLD
35.938	>>> V 0.00 0.00
35.941	S 6185347 -13.18 30.50 0.00 0.00 HOLD
35.959	>>> V 0.00 0.00
35.960	S 6185367 -13.18 30.50 0.00 0.00 HOLD
35.978	>>> V 0.00 0.00
35.978	S 6185387 -13.18 30.50 0.00 0.00 HOLD
35.999	>>> V 0.00 0.00
35.999	S 6185407 -13.18 30.50 0.00 0.00 HOLD
36.018	>>> V 0.00 0.00
36.020	S 6185427 -13.18 30.50 0.00 0.00 HOLD
36.046	>>> V 0.00 0.00
36.050	S 6185447 -13.18 30.50 0.00 0.00 HOLD
36.055	S 6185467 -13.18 30.50 0.00 0.00 HOLD
36.058	>>> V 0.00 0.00
36.078	>>> V 0.00 0.00
36.080	S 6185487 -13.18 30.50 0.00 0.00 HOLD
36.098	>>> V 0.00 0.00
36.098	S 6185507 -13.18 30.50 0.00 0.00 HOLD
36.118	>>> V 0.00 0.00
36.120	S 6185527 -13.18 30.50 0.00 0.00 HOLD
36.141	>>> V 0.00 0.00
36.142	S 6185547 -13.18 30.50 0.00 0.00 HOLD
36.161	>>> V 0.00 0.00
36.162	S 6185567 -13.18 30.50 0.00 0.00 HOLD
36.180	>>> V 0.00 0.00
36.180	S 6185587 -13.18 30.50 0.00 0.00 HOLD
36.199	>>> V 0.00 0.00
36.199	S 6185607 -13.18 30.50 0.00 0.00 HOLD
36.219	>>> V 0.00 0.00
36.224	S 6185627 -13.18 30.50 0.00 0.00 HOLD
36.238	>>> V 0.00 0.00
36.240	S 6185647 -13.27 30.50 0.00 0.00 HOLD
36.263	>>> V 0.00 0.00
36.266	S 6185667 -13.18 30.50 0.00 0.00 HOLD
36.279	>>> V 0.00 0.00
36.283	S 6185687 -13.18 30.50 0.00 0.00 HOLD
36.301	>>> V 0.00 0.00
36.302	S 6185707 -13.18 30.50 0.00 0.00 HOLD
36.319	>>> V 0.00 0.00
36.322	S 6185727 -13.18 30.50 0.00 0.00 HOLD
36.338	>>> V 0.00 0.00
36.339	S 6185747 -13.18 30.50 0.00 0.00 HOLD
36.358	>>> V 0.00 0.00
36.359	S 6185767 -13.18 30.59 0.00 0.00 HOLD
36.380	>>> V 0.00 0.00
36.380	S 6185787 -13.18 30.50 0.00 0.00 HOLD
36.398	>>> V 0.00 0.00
36.399	S 6185807 -13.18 30.50 0.00 0.00 HOLD
36.418	>>> V 0.00 0.00
36.419	S 6185827 -13.18 30.50 0.00 0.00 HOLD
36.438	>>> V 0.00 0.00
36.441	S 6185847 -13.18 30.50 0.00 0.00 HOLD
36.460	>>> V 0.00 0.00
36.461	S 6185867 -13.27 30.50 0.00 0.00 HOLD
36.478	>>> V 0.00 0.00
36.479	S 6185887 -13.18 30.50 0.00 0.00 HOLD
36.498	>>> V 0.00 0.00
36.498	S 6185907 -13.18 30.50 0.00 0.00 HOLD
36.519	>>> V 0.00 0.00
36.521	S 6185927 -13.18 30.50 0.00 0.00 HOLD
36.540	>>> V 0.00 0.00
36.541	S 6185947 -13.18 30.50 0.00 0.00 HOLD
36.558	>>> V 0.00 0.00
36.559	S 6185967 -13.18 30.50 0.00 0.00 HOLD
36.580	>>> V 0.00 0.00
36.580	S 6185987 -13.18 30.50 0.00 0.00 HOLD
36.600	>>> V 0.00 0.00
36.600	S 6186007 -13.18 30.50 0.00 0.00 HOLD
36.618	>>> V 0.00 0.00
36.619	S 6186027 -13.18 30.50 0.00 0.00 HOLD
36.639	>>> V 0.00 0.00
36.643	S 6186047 -13.18 30.50 0.00 0.00 HOLD
36.658	>>> V 0.00 0.00
36.659	S 6186067 -13.18 30.50 0.00 0.00 HOLD
36.678	>>> V 0.00 0.00
36.679	S 6186087 -13.18 30.50 0.00 0.00 HOLD
36.698	>>> V 0.00 0.00
36.698	S 6186107 -13.18 30.50 0.00 0.00 HOLD
36.718	>>> V 0.00 0.00
36.720	S 6186127 -13.18 30.50 0.00 0.00 HOLD
36.743	>>> V 0.00 0.00
36.746	S 6186147 -13.18 30.59 0.00 0.00 HOLD
36.762	>>> V 0.00 0.00
36.763	S 6186167 -13.18 30.50 0.00 0.00 HOLD
36.778	>>> V 0.00 0.00
36.780	S 6186187 -13.18 30.50 0.00 0.00 HOLD
36.798	>>> V 0.00 0.00
36.799	S 6186207 -13.18 30.50 0.00 0.00 HOLD
36.819	>>> V 0.00 0.00
36.820	S 6186227 -13.18 30.50 0.00 0.00 HOLD
36.838	>>> V 0.00 0.00
36.841	S 6186247 -13.18 30.50 0.00 0.00 HOLD
36.858	>>> V 0.00 0.00
36.860	S 6186267 -13.18 30.50 0.00 0.00 HOLD
36.879	>>> V 0.00 0.00
36.880	S 6186287 -13.18 30.50 0.00 0.00 HOLD
36.898	>>> V 0.00 0.00
36.899	S 6186307 -13.18 30.50 0.00 0.00 HOLD
36.918	>>> V 0.00 0.00
36.919	S 6186327 -13.18 30.50 0.00 0.00 HOLD
36.939	>>> V 0.00 0.00
36.941	S 6186347 -13.18 30.50 0.00 0.00 HOLD
36.959	>>> V 0.00 0.00
36.962	S 6186367 -13.18 30.50 0.00 0.00 HOLD
36.981	>>> V 0.00 0.00
36.982	S 6186387 -13.27 30.50 0.00 0.00 HOLD
37.000	>>> V 0.00 0.00
37.003	S 6186407 -13.18 30.50 0.00 0.00 HOLD
37.025	>>> V 0.00 0.00
37.026	S 6186427 -13.18 30.50 0.00 0.00 HOLD
37.044	>>> V 0.00 0.00
37.045	S 6186447 -13.18 30.50 0.00 0.00 HOLD
37.061	>>> V 0.00 0.00
37.062	S 6186467 -13.18 30.50 0.00 0.00 HOLD
37.078	>>> V 0.00 0.00
37.081	S 6186487 -13.18 30.50 0.00 0.00 HOLD
37.099	>>> V 0.00 0.00
37.100	S 6186507 -13.18 30.59 0.00 0.00 HOLD
37.125	>>> V 0.00 0.00
37.126	S 6186527 -13.18 30.50 0.00 0.00 HOLD
37.147	>>> V 0.00 0.00
37.148	S 6186547 -13.18 30.50 0.00 0.00 HOLD
37.150	S 6186567 -13.18 30.50 0.00 0.00 HOLD
37.161	>>> V 0.00 0.00
37.178	>>> V 0.00 0.00
37.181	S 6186587 -13.18 30.50 0.00 0.00 HOLD
37.204	>>> V 0.00 0.00
37.207	S 6186607 -13.18 30.50 0.00 0.00 HOLD
37.218	>>> V 0.00 0.00
37.219	S 6186627 -13.18 30.50 0.00 0.00 HOLD
37.240	>>> V 0.00 0.00
37.242	S 6186647 -13.27 30.50 0.00 0.00 HOLD
37.258	>>> V 0.00 0.00
37.258	S 6186667 -13.18 30.50 0.00 0.00 HOLD
37.279	>>> V 0.00 0.00
37.280	S 6186687 -13.18 30.50 0.00 0.00 HOLD
37.299	>>> V 0.00 0.00
37.301	S 6186707 -13.18 30.50 0.00 0.00 HOLD
37.333	>>> V 0.00 0.00
37.347	S 6186727 -13.18 30.50 0.00 0.00 HOLD
37.351	S 6186747 -13.18 30.50 0.00 0.00 HOLD
37.408	>>> V 0.00 0.00
37.411	S 6186767 -13.18 30.50 0.00 0.00 HOLD
37.418	S 6186787 -13.18 30.50 0.00 0.00 HOLD
37.424	S 6186807 -13.18 30.50 0.00 0.00 HOLD
37.425	S 6186827 -13.18 30.50 0.00 0.00 HOLD
37.445	>>> V 0.00 0.00
37.445	S 6186847 -13.18 30.50 0.00 0.00 HOLD
37.467	>>> V 0.00 0.00
37.473	S 6186867 -13.18 30.50 0.00 0.00 HOLD
37.475	S 6186887 -13.18 30.50 0.00 0.00 HOLD
37.495	>>> V 0.00 0.00
37.497	S 6186907 -13.18 30.50 0.00 0.00 HOLD
37.521	>>> V 0.00 0.00
37.521	S 6186927 -13.18 30.50 0.00 0.00 HOLD
37.534	>>> V 0.00 0.00
37.536	S 6186947 -13.18 30.50 0.00 0.00 HOLD
37.547	>>> V 0.00 0.00
37.564	>>> V 0.00 0.00
37.565	S 6186967 -13.18 30.50 0.00 0.00 HOLD
37.584	>>> V 0.00 0.00
37.591	S 6186987 -13.18 30.50 0.00 0.00 HOLD
37.592	S 6187007 -13.18 30.50 0.00 0.00 HOLD
37.605	>>> V 0.00 0.00
37.620	>>> V 0.00 0.00
37.620	S 6187027 -13.18 30.50 0.00 0.00 HOLD
37.638	>>> V 0.00 0.00
37.639	S 6187047 -13.18 30.50 0.00 0.00 HOLD
37.658	>>> V 0.00 0.00
37.659	S 6187067 -13.18 30.50 0.00 0.00 HOLD
37.679	>>> V 0.00 0.00
37.682	S 6187087 -13.18 30.50 0.00 0.00 HOLD
37.699	>>> V 0.00 0.00
37.699	S 6187107 -13.18 30.50 0.00 0.00 HOLD
37.718	>>> V 0.00 0.00
37.720	S 6187127 -13.18 30.50 0.00 0.00 HOLD
37.738	>>> V 0.00 0.00
37.739	S 6187147 -13.18 30.50 0.00 0.00 HOLD
37.759	>>> V 0.00 0.00
37.760	S 6187167 -13.18 30.50 0.00 0.00 HOLD
37.778	>>> V 0.00 0.00
37.779	S 6187187 -13.18 30.50 0.00 0.00 HOLD
37.798	>>> V 0.00 0.00
37.798	S 6187207 -13.18 30.50 0.00 0.00 HOLD
37.818	>>> V 0.00 0.00
37.819	S 6187227 -13.18 30.50 0.00 0.00 HOLD
37.838	>>> V 0.00 0.00
37.838	S 6187247 -13.18 30.50 0.00 0.00 HOLD
37.858	>>> V 0.00 0.00
37.859	S 6187267 -13.18 30.50 0.00 0.00 HOLD
37.878	>>> V 0.00 0.00
37.879	S 6187287 -13.18 30.50 0.00 0.00 HOLD
37.899	>>> V 0.00 0.00
37.899	S 6187307 -13.18 30.50 0.00 0.00 HOLD
37.918	>>> V 0.00 0.00
37.919	S 6187327 -13.18 30.50 0.00 0.00 HOLD
37.940	>>> V 0.00 0.00
37.941	S 6187347 -13.18 30.59 0.00 0.00 HOLD
37.960	>>> V 0.00 0.00
37.961	S 6187367 -13.18 30.50 0.00 0.00 HOLD
37.979	>>> V 0.00 0.00
37.979	S 6187387 -13.18 30.50 0.00 0.00 HOLD
38.000	>>> V 0.00 0.00
38.000	S 6187407 -13.18 30.50 0.00 0.00 HOLD
38.018	>>> V 0.00 0.00
38.018	S 6187427 -13.18 30.50 0.00 0.00 HOLD
38.038	>>> V 0.00 0.00
38.038	S 6187447 -13.18 30.50 0.00 0.00 HOLD
38.060	>>> V 0.00 0.00
38.061	S 6187467 -13.18 30.50 0.00 0.00 HOLD
38.078	>>> V 0.00 0.00
38.078	S 6187487 -13.18 30.50 0.00 0.00 HOLD
38.099	>>> V 0.00 0.00
38.100	S 6187507 -13.18 30.50 0.00 0.00 HOLD
38.118	>>> V 0.00 0.00
38.121	S 6187527 -13.18 30.50 0.00 0.00 HOLD
38.138	>>> V 0.00 0.00
38.138	S 6187547 -13.18 30.50 0.00 0.00 HOLD
38.159	>>> V 0.00 0.00
38.160	S 6187567 -13.18 30.50 0.00 0.00 HOLD
38.179	>>> V 0.00 0.00
38.180	S 6187587 -13.18 30.50 0.00 0.00 HOLD
38.199	>>> V 0.00 0.00
38.200	S 6187607 -13.18 30.50 0.00 0.00 HOLD
38.221	>>> V 0.00 0.00
38.222	S 6187627 -13.18 30.50 0.00 0.00 HOLD
38.238	>>> V 0.00 0.00
38.238	S 6187647 -13.18 30.50 0.00 0.00 HOLD
38.258	>>> V 0.00 0.00
38.259	S 6187667 -13.18 30.50 0.00 0.00 HOLD
38.278	>>> V 0.00 0.00
38.281	S 6187687 -13.18 30.50 0.00 0.00 HOLD
38.299	>>> V 0.00 0.00
38.299	S 6187707 -13.18 30.50 0.00 0.00 HOLD
38.319	>>> V 0.00 0.00
38.320	S 6187727 -13.18 30.50 0.00 0.00 HOLD
38.340	>>> V 0.00 0.00
38.340	S 6187747 -13.18 30.50 0.00 0.00 HOLD
38.360	>>> V 0.00 0.00
38.362	S 6187767 -13.18 30.50 0.00 0.00 HOLD
38.378	>>> V 0.00 0.00
38.381	S 6187787 -13.18 30.50 0.00 0.00 HOLD
38.398	>>> V 0.00 0.00
38.398	S 6187807 -13.18 30.50 0.00 0.00 HOLD
38.418	>>> V 0.00 0.00
38.418	S 6187827 -13.18 30.50 0.00 0.00 HOLD
38.439	>>> V 0.00 0.00
38.439	S 6187847 -13.18 30.50 0.00 0.00 HOLD
38.459	>>> V 0.00 0.00
38.460	S 6187867 -13.18 30.50 0.00 0.00 HOLD
38.481	>>> V 0.00 0.00
38.482	S 6187887 -13.18 30.59 0.00 0.00 HOLD
38.512	>>> V 0.00 0.00
38.513	S 6187907 -13.18 30.50 0.00 0.00 HOLD
38.518	S 6187927 -13.18 30.50 0.00 0.00 HOLD
38.523	>>> V 0.00 0.00
38.549	>>> V 0.00 0.00
38.551	S 6187947 -13.18 30.50 0.00 0.00 HOLD
38.555	S 6187967 -13.27 30.50 0.00 0.00 HOLD
38.558	>>> V 0.00 0.00
38.580	>>> V 0.00 0.00
38.585	S 6187987 -13.18 30.50 0.00 0.00 HOLD
38.603	>>> V 0.00 0.00
38.604	S 6188007 -13.18 30.50 0.00 0.00 HOLD
38.622	>>> V 0.00 0.00
38.625	S 6188027 -13.18 30.50 0.00 0.00 HOLD
38.643	>>> V 0.00 0.00
38.643	S 6188047 -13.18 30.50 0.00 0.00 HOLD
38.658	>>> V 0.00 0.00
38.660	S 6188067 -13.18 30.50 0.00 0.00 HOLD
38.679	>>> V 0.00 0.00
38.685	S 6188087 -13.18 30.50 0.00 0.00 HOLD
38.699	>>> V 0.00 0.00
38.701	S 6188107 -13.18 30.50 0.00 0.00 HOLD
38.734	>>> V 0.00 0.00
38.736	S 6188127 -13.18 30.50 0.00 0.00 HOLD
38.752	S 6188147 -13.18 30.50 0.00 0.00 HOLD
38.765	>>> V 0.00 0.00
38.766	S 6188167 -13.18 30.50 0.00 0.00 HOLD
38.781	>>> V 0.00 0.00
38.784	S 6188187 -13.18 30.50 0.00 0.00 HOLD
38.797	>>> V 0.00 0.00
38.798	S 6188207 -13.18 30.50 0.00 0.00 HOLD
38.818	>>> V 0.00 0.00
38.818	S 6188227 -13.18 30.50 0.00 0.00 HOLD
38.840	>>> V 0.00 0.00
38.843	S 6188247 -13.18 30.50 0.00 0.00 HOLD
38.858	>>> V 0.00 0.00
38.859	S 6188267 -13.18 30.50 0.00 0.00 HOLD
38.877	>>> V 0.00 0.00
38.880	S 6188287 -13.18 30.50 0.00 0.00 HOLD
38.898	>>> V 0.00 0.00
38.899	S 6188307 -13.18 30.50 0.00 0.00 HOLD
38.918	>>> V 0.00 0.00
38.920	S 6188327 -13.18 30.50 0.00 0.00 HOLD
38.942	>>> V 0.00 0.00
38.942	S 6188347 -13.18 30.50 0.00 0.00 HOLD
38.959	>>> V 0.00 0.00
38.961	S 6188367 -13.18 30.50 0.00 0.00 HOLD
38.978	>>> V 0.00 0.00
38.982	S 6188387 -13.18 30.50 0.00 0.00 HOLD
38.997	>>> V 0.00 0.00
38.999	S 6188407 -13.18 30.50 0.00 0.00 HOLD
39.019	>>> V 0.00 0.00
39.020	S 6188427 -13.18 30.50 0.00 0.00 HOLD
39.040	>>> V 0.00 0.00
39.041	S 6188447 -13.27 30.50 0.00 0.00 HOLD
39.058	>>> V 0.00 0.00
39.058	S 6188467 -13.18 30.50 0.00 0.00 HOLD
39.078	>>> V 0.00 0.00
39.080	S 6188487 -13.18 30.50 0.00 0.00 HOLD
39.097	>>> V 0.00 0.00
39.098	S 6188507 -13.18 30.50 0.00 0.00 HOLD
39.119	>>> V 0.00 0.00
39.119	S 6188527 -13.18 30.50 0.00 0.00 HOLD
39.137	>>> V 0.00 0.00
39.140	S 6188547 -13.18 30.50 0.00 0.00 HOLD
39.160	>>> V 0.00 0.00
39.162	S 6188567 -13.27 30.50 0.00 0.00 HOLD
39.180	>>> V 0.00 0.00
39.181	S 6188587 -13.18 30.50 0.00 0.00 HOLD
39.200	>>> V 0.00 0.00
39.200	S 6188607 -13.18 30.50 0.00 0.00 HOLD
39.220	>>> V 0.00 0.00
39.223	S 6188627 -13.18 30.50 0.00 0.00 HOLD
39.238	>>> V 0.00 0.00
39.241	S 6188647 -13.18 30.50 0.00 0.00 HOLD
39.262	>>> V 0.00 0.00
39.265	S 6188667 -13.18 30.50 0.00 0.00 HOLD
39.278	>>> V 0.00 0.00
39.279	S 6188687 -13.18 30.50 0.00 0.00 HOLD
39.299	>>> V 0.00 0.00
39.300	S 6188707 -13.18 30.50 0.00 0.00 HOLD
39.323	>>> V 0.00 0.00
39.324	S 6188727 -13.18 30.50 0.00 0.00 HOLD
39.338	>>> V 0.00 0.00
39.340	S 6188747 -13.18 30.50 0.00 0.00 HOLD
39.361	>>> V 0.00 0.00
39.364	S 6188767 -13.18 30.50 0.00 0.00 HOLD
39.380	>>> V 0.00 0.00
39.383	S 6188787 -13.18 30.50 0.00 0.00 HOLD
39.398	>>> V 0.00 0.00
39.401	S 6188807 -13.18 30.50 0.00 0.00 HOLD
39.420	>>> V 0.00 0.00
39.423	S 6188827 -13.18 30.50 0.00 0.00 HOLD
39.455	>>> V 0.00 0.00
39.458	S 6188847 -13.18 30.50 0.00 0.00 HOLD
39.462	S 6188867 -13.18 30.50 0.00 0.00 HOLD
39.465	>>> V 0.00 0.00
39.479	>>> V 0.00 0.00
39.480	S 6188887 -13.18 30.50 0.00 0.00 HOLD
39.498	>>> V 0.00 0.00
39.503	S 6188907 -13.18 30.50 0.00 0.00 HOLD
39.518	>>> V 0.00 0.00
39.519	S 6188927 -13.18 30.50 0.00 0.00 HOLD
39.542	>>> V 0.00 0.00
39.544	S 6188947 -13.18 30.50 0.00 0.00 HOLD
39.558	>>> V 0.00 0.00
39.561	S 6188967 -13.18 30.50 0.00 0.00 HOLD
39.580	>>> V 0.00 0.00
39.581	S 6188987 -13.27 30.50 0.00 0.00 HOLD
39.599	>>> V 0.00 0.00
39.601	S 6189007 -13.18 30.50 0.00 0.00 HOLD
39.621	>>> V 0.00 0.00
39.622	S 6189027 -13.18 30.50 0.00 0.00 HOLD
39.639	>>> V 0.00 0.00
39.641	S 6189047 -13.18 30.50 0.00 0.00 HOLD
39.659	>>> V 0.00 0.00
39.662	S 6189067 -13.18 30.50 0.00 0.00 HOLD
39.683	>>> V 0.00 0.00
39.686	S 6189087 -13.18 30.50 0.00 0.00 HOLD
39.700	>>> V 0.00 0.00
39.701	S 6189107 -13.18 30.50 0.00 0.00 HOLD
39.724	>>> V 0.00 0.00
39.724	S 6189127 -13.27 30.50 0.00 0.00 HOLD
39.742	>>> V 0.00 0.00
39.745	S 6189147 -13.18 30.50 0.00 0.00 HOLD
39.758	>>> V 0.00 0.00
39.759	S 6189167 -13.18 30.50 0.00 0.00 HOLD
39.778	>>> V 0.00 0.00
39.782	S 6189187 -13.18 30.50 0.00 0.00 HOLD
39.798	>>> V 0.00 0.00
39.800	S 6189207 -13.18 30.50 0.00 0.00 HOLD
39.820	>>> V 0.00 0.00
39.821	S 6189227 -13.18 30.50 0.00 0.00 HOLD
39.842	>>> V 0.00 0.00
39.842	S 6189247 -13.18 30.50 0.00 0.00 HOLD
39.864	>>> V 0.00 0.00
39.868	S 6189267 -13.18 30.59 0.00 0.00 HOLD
39.882	>>> V 0.00 0.00
39.885	S 6189287 -13.18 30.50 0.00 0.00 HOLD
39.908	>>> V 0.00 0.00
39.908	S 6189307 -13.18 30.50 0.00 0.00 HOLD
39.923	>>> V 0.00 0.00
39.926	S 6189327 -13.18 30.50 0.00 0.00 HOLD
39.942	>>> V 0.00 0.00
39.946	S 6189347 -13.18 30.50 0.00 0.00 HOLD
39.968	>>> V 0.00 0.00
39.969	S 6189367 -13.18 30.50 0.00 0.00 HOLD
39.974	S 6189387 -13.18 30.50 0.00 0.00 HOLD
39.980	>>> V 0.00 0.00
40.000	>>> V 0.00 0.00
40.002	S 6189407 -13.18 30.50 0.00 0.00 HOLD
40.021	>>> V 0.00 0.00
40.023	S 6189427 -13.18 30.50 0.00 0.00 HOLD
40.041	>>> V 0.00 0.00
40.045	S 6189447 -13.18 30.50 0.00 0.00 HOLD
40.058	>>> V 0.00 0.00
40.058	S 6189467 -13.18 30.50 0.00 0.00 HOLD
40.079	>>> V 0.00 0.00
40.080	S 6189487 -13.18 30.50 0.00 0.00 HOLD
40.098	>>> V 0.00 0.00
40.099	S 6189507 -13.18 30.50 0.00 0.00 HOLD
40.120	>>> V 0.00 0.00
40.123	S 6189527 -13.18 30.50 0.00 0.00 HOLD
40.148	>>> V 0.00 0.00
40.149	S 6189547 -13.18 30.50 0.00 0.00 HOLD
40.154	S 6189567 -13.18 30.50 0.00 0.00 HOLD
40.166	>>> V 0.00 0.00
40.180	>>> V 0.00 0.00
40.181	S 6189587 -13.18 30.50 0.00 0.00 HOLD
40.201	>>> V 0.00 0.00
40.202	S 6189607 -13.18 30.59 0.00 0.00 HOLD
40.219	>>> V 0.00 0.00
40.222	S 6189627 -13.18 30.50 0.00 0.00 HOLD
40.239	>>> V 0.00 0.00
40.241	S 6189647 -13.18 30.50 0.00 0.00 HOLD
40.260	>>> V 0.00 0.00
40.260	S 6189667 -13.27 30.50 0.00 0.00 HOLD
40.278	>>> V 0.00 0.00
40.279	S 6189687 -13.18 30.50 0.00 0.00 HOLD
40.298	>>> V 0.00 0.00
40.300	S 6189707 -13.27 30.50 0.00 0.00 HOLD
40.320	>>> V 0.00 0.00
40.322	S 6189727 -13.18 30.50 0.00 0.00 HOLD
40.339	>>> V 0.00 0.00
40.342	S 6189747 -13.18 30.50 0.00 0.00 HOLD
40.358	>>> V 0.00 0.00
40.360	S 6189767 -13.18 30.50 0.00 0.00 HOLD
40.378	>>> V 0.00 0.00
40.380	S 6189787 -13.18 30.59 0.00 0.00 HOLD
40.398	>>> V 0.00 0.00
40.400	S 6189807 -13.18 30.50 0.00 0.00 HOLD
40.419	>>> V 0.00 0.00
40.422	S 6189827 -13.18 30.50 0.00 0.00 HOLD
40.441	>>> V 0.00 0.00
40.442	S 6189847 -13.18 30.50 0.00 0.00 HOLD
40.458	>>> V 0.00 0.00
40.462	S 6189867 -13.18 30.50 0.00 0.00 HOLD
40.480	>>> V 0.00 0.00
40.480	S 6189887 -13.18 30.50 0.00 0.00 HOLD
40.508	>>> V 0.00 0.00
40.514	S 6189907 -13.18 30.50 0.00 0.00 HOLD
40.518	S 6189927 -13.18 30.50 0.00 0.00 HOLD
40.525	>>> V 0.00 0.00
40.542	>>> V 0.00 0.00
40.543	S 6189947 -13.18 30.50 0.00 0.00 HOLD
40.559	>>> V 0.00 0.00
40.560	S 6189967 -13.18 30.50 0.00 0.00 HOLD
40.580	>>> V 0.00 0.00
40.580	S 6189987 -13.18 30.50 0.00 0.00 HOLD
40.599	>>> V 0.00 0.00
40.601	S 6190007 -13.18 30.50 0.00 0.00 HOLD
40.618	>>> V 0.00 0.00
40.620	S 6190027 -13.18 30.50 0.00 0.00 HOLD
40.645	>>> V 0.00 0.00
40.645	S 6190047 -13.18 30.50 0.00 0.00 HOLD
40.663	>>> V 0.00 0.00
40.665	S 6190067 -13.18 30.50 0.00 0.00 HOLD
40.680	>>> V 0.00 0.00
40.684	S 6190087 -13.18 30.50 0.00 0.00 HOLD
40.699	>>> V 0.00 0.00
40.706	S 6190107 -13.18 30.50 0.00 0.00 HOLD
40.724	>>> V 0.00 0.00
40.728	S 6190127 -13.18 30.50 0.00 0.00 HOLD
40.749	>>> V 0.00 0.00
40.751	S 6190147 -13.18 30.50 0.00 0.00 HOLD
40.755	S 6190167 -13.27 30.59 0.00 0.00 HOLD
40.762	>>> V 0.00 0.00
40.781	>>> V 0.00 0.00
40.781	S 6190187 -13.18 30.50 0.00 0.00 HOLD
40.802	>>> V 0.00 0.00
40.802	S 6190207 -13.18 30.50 0.00 0.00 HOLD
40.818	>>> V 0.00 0.00
40.819	S 6190227 -13.18 30.50 0.00 0.00 HOLD
40.843	>>> V 0.00 0.00
40.844	S 6190247 -13.18 30.50 0.00 0.00 HOLD
40.860	>>> V 0.00 0.00
40.863	S 6190267 -13.18 30.50 0.00 0.00 HOLD
40.878	>>> V 0.00 0.00
40.879	S 6190287 -13.18 30.50 0.00 0.00 HOLD
40.898	>>> V 0.00 0.00
40.899	S 6190307 -13.18 30.50 0.00 0.00 HOLD
40.919	>>> V 0.00 0.00
40.922	S 6190327 -13.18 30.50 0.00 0.00 HOLD
40.938	>>> V 0.00 0.00
40.940	S 6190347 -13.18 30.50 0.00 0.00 HOLD
40.958	>>> V 0.00 0.00
40.958	S 6190367 -13.18 30.50 0.00 0.00 HOLD
40.978	>>> V 0.00 0.00
40.979	S 6190387 -13.18 30.50 0.00 0.00 HOLD
40.999	>>> V 0.00 0.00
41.002	S 6190407 -13.18 30.50 0.00 0.00 HOLD
41.024	>>> V 0.00 0.00
41.024	S 6190427 -13.18 30.50 0.00 0.00 HOLD
41.044	>>> V 0.00 0.00
41.047	S 6190447 -13.18 30.50 0.00 0.00 HOLD
41.058	>>> V 0.00 0.00
41.064	S 6190467 -13.18 30.50 0.00 0.00 HOLD
41.087	>>> V 0.00 0.00
41.092	S 6190487 -13.18 30.50 0.00 0.00 HOLD
41.094	S 6190507 -13.18 30.50 0.00 0.00 HOLD
41.109	>>> V 0.00 0.00
41.109	S 6190527 -13.18 30.50 0.00 0.00 HOLD
41.123	>>> V 0.00 0.00
41.144	>>> V 0.00 0.00
41.145	S 6190547 -13.18 30.50 0.00 0.00 HOLD
41.162	>>> V 0.00 0.00
41.165	S 6190567 -13.18 30.50 0.00 0.00 HOLD
41.182	>>> V 0.00 0.00
41.184	S 6190587 -13.18 30.50 0.00 0.00 HOLD
41.209	>>> V 0.00 0.00
41.212	S 6190607 -13.18 30.50 0.00 0.00 HOLD
41.213	S 6190627 -13.18 30.50 0.00 0.00 HOLD
41.220	>>> V 0.00 0.00
41.243	>>> V 0.00 0.00
41.244	S 6190647 -13.18 30.50 0.00 0.00 HOLD
41.273	>>> V 0.00 0.00
41.274	S 6190667 -13.18 30.50 0.00 0.00 HOLD
41.276	S 6190687 -13.18 30.50 0.00 0.00 HOLD
41.281	>>> V 0.00 0.00
41.300	>>> V 0.00 0.00
41.301	S 6190707 -13.18 30.50 0.00 0.00 HOLD
41.318	>>> V 0.00 0.00
41.320	S 6190727 -13.18 30.50 0.00 0.00 HOLD
41.338	>>> V 0.00 0.00
41.340	S 6190747 -13.18 30.50 0.00 0.00 HOLD
41.358	>>> V 0.00 0.00
41.360	S 6190767 -13.18 30.50 0.00 0.00 HOLD
41.380	>>> V 0.00 0.00
41.380	S 6190787 -13.18 30.50 0.00 0.00 HOLD
41.400	>>> V 0.00 0.00
41.400	S 6190807 -13.18 30.50 0.00 0.00 HOLD
41.420	>>> V 0.00 0.00
41.422	S 6190827 -13.18 30.50 0.00 0.00 HOLD
41.444	>>> V 0.00 0.00
41.446	S 6190847 -13.18 30.50 0.00 0.00 HOLD
41.458	>>> V 0.00 0.00
41.461	S 6190867 -13.18 30.50 0.00 0.00 HOLD
41.478	>>> V 0.00 0.00
41.480	S 6190887 -13.18 30.50 0.00 0.00 HOLD
41.498	>>> V 0.00 0.00
41.501	S 6190907 -13.18 30.50 0.00 0.00 HOLD
41.517	>>> V 0.00 0.00
41.518	S 6190927 -13.18 30.50 0.00 0.00 HOLD
41.553	>>> V 0.00 0.00
41.554	S 6190947 -13.18 30.50 0.00 0.00 HOLD
41.555	S 6190967 -13.18 30.50 0.00 0.00 HOLD
41.571	>>> V 0.00 0.00
41.576	S 6190987 -13.18 30.50 0.00 0.00 HOLD
41.583	>>> V 0.00 0.00
41.598	>>> V 0.00 0.00
41.600	S 6191007 -13.18 30.50 0.00 0.00 HOLD
41.618	>>> V 0.00 0.00
41.620	S 6191027 -13.18 30.50 0.00 0.00 HOLD
41.637	>>> V 0.00 0.00
41.638	S 6191047 -13.18 30.50 0.00 0.00 HOLD
41.657	>>> V 0.00 0.00
41.659	S 6191067 -13.18 30.50 0.00 0.00 HOLD
41.677	>>> V 0.00 0.00
41.678	S 6191087 -13.18 30.50 0.00 0.00 HOLD
41.703	>>> V 0.00 0.00
41.704	S 6191107 -13.27 30.50 0.00 0.00 HOLD
41.721	>>> V 0.00 0.00
41.725	S 6191127 -13.18 30.50 0.00 0.00 HOLD
41.745	>>> V 0.00 0.00
41.747	S 6191147 -13.18 30.59 0.00 0.00 HOLD
41.760	>>> V 0.00 0.00
41.760	S 6191167 -13.18 30.50 0.00 0.00 HOLD
41.781	>>> V 0.00 0.00
41.781	S 6191187 -13.18 30.50 0.00 0.00 HOLD
41.798	>>> V 0.00 0.00
41.798	S 6191207 -13.27 30.50 0.00 0.00 HOLD
41.821	>>> V 0.00 0.00
41.822	S 6191227 -13.18 30.50 0.00 0.00 HOLD
41.839	>>> V 0.00 0.00
41.841	S 6191247 -13.18 30.50 0.00 0.00 HOLD
41.858	>>> V 0.00 0.00
41.860	S 6191267 -13.18 30.50 0.00 0.00 HOLD
41.878	>>> V 0.00 0.00
41.880	S 6191287 -13.18 30.50 0.00 0.00 HOLD
41.899	>>> V 0.00 0.00
41.900	S 6191307 -13.18 30.50 0.00 0.00 HOLD
41.918	>>> V 0.00 0.00
41.918	S 6191327 -13.18 30.50 0.00 0.00 HOLD
41.937	>>> V 0.00 0.00
41.938	S 6191347 -13.18 30.50 0.00 0.00 HOLD
41.958	>>> V 0.00 0.00
41.960	S 6191367 -13.18 30.50 0.00 0.00 HOLD
41.981	>>> V 0.00 0.00
41.982	S 6191387 -13.18 30.50 0.00 0.00 HOLD
41.998	>>> V 0.00 0.00
41.999	S 6191407 -13.18 30.50 0.00 0.00 HOLD
42.019	>>> V 0.00 0.00
42.021	S 6191427 -13.18 30.50 0.00 0.00 HOLD
42.038	>>> V 0.00 0.00
42.038	S 6191447 -13.18 30.50 0.00 0.00 HOLD
42.059	>>> V 0.00 0.00
42.060	S 6191467 -13.18 30.50 0.00 0.00 HOLD
42.083	>>> V 0.00 0.00
42.087	S 6191487 -13.18 30.50 0.00 0.00 HOLD
42.098	>>> V 0.00 0.00
42.101	S 6191507 -13.18 30.50 0.00 0.00 HOLD
42.124	>>> V 0.00 0.00
42.125	S 6191527 -13.18 30.50 0.00 0.00 HOLD
42.138	>>> V 0.00 0.00
42.143	S 6191547 -13.18 30.50 0.00 0.00 HOLD
42.161	>>> V 0.00 0.00
42.162	S 6191567 -13.18 30.50 0.00 0.00 HOLD
42.184	>>> V 0.00 0.00
42.185	S 6191587 -13.18 30.50 0.00 0.00 HOLD
42.199	>>> V 0.00 0.00
42.201	S 6191607 -13.18 30.50 0.00 0.00 HOLD
42.221	>>> V 0.00 0.00
42.222	S 6191627 -13.18 30.50 0.00 0.00 HOLD
42.237	>>> V 0.00 0.00
42.238	S 6191647 -13.18 30.50 0.00 0.00 HOLD
42.257	>>> V 0.00 0.00
42.258	S 6191667 -13.18 30.50 0.00 0.00 HOLD
42.279	>>> V 0.00 0.00
42.281	S 6191687 -13.18 30.50 0.00 0.00 HOLD
42.297	>>> V 0.00 0.00
42.298	S 6191707 -13.18 30.50 0.00 0.00 HOLD
42.318	>>> V 0.00 0.00
42.319	S 6191727 -13.18 30.50 0.00 0.00 HOLD
42.337	>>> V 0.00 0.00
42.340	S 6191747 -13.18 30.50 0.00 0.00 HOLD
42.358	>>> V 0.00 0.00
42.359	S 6191767 -13.18 30.50 0.00 0.00 HOLD
42.380	>>> V 0.00 0.00
42.380	S 6191787 -13.18 30.50 0.00 0.00 HOLD
42.398	>>> V 0.00 0.00
42.401	S 6191807 -13.18 30.50 0.00 0.00 HOLD
42.420	>>> V 0.00 0.00
42.421	S 6191827 -13.18 30.50 0.00 0.00 HOLD
42.438	>>> V 0.00 0.00
42.441	S 6191847 -13.18 30.50 0.00 0.00 HOLD
42.458	>>> V 0.00 0.00
42.460	S 6191867 -13.18 30.50 0.00 0.00 HOLD
42.478	>>> V 0.00 0.00
42.478	S 6191887 -13.18 30.50 0.00 0.00 HOLD
42.498	>>> V 0.00 0.00
42.499	S 6191907 -13.18 30.50 0.00 0.00 HOLD
42.517	>>> V 0.00 0.00
42.519	S 6191927 -13.18 30.50 0.00 0.00 HOLD
42.538	>>> V 0.00 0.00
42.541	S 6191947 -13.18 30.50 0.00 0.00 HOLD
42.558	>>> V 0.00 0.00
42.560	S 6191967 -13.18 30.50 0.00 0.00 HOLD
42.577	>>> V 0.00 0.00
42.579	S 6191987 -13.18 30.50 0.00 0.00 HOLD
42.606	>>> V 0.00 0.00
42.609	S 6192007 -13.18 30.50 0.00 0.00 HOLD
42.630	>>> V 0.00 0.00
42.631	S 6192027 -13.18 30.50 0.00 0.00 HOLD
42.632	S 6192047 -13.18 30.50 0.00 0.00 HOLD
42.642	>>> V 0.00 0.00
42.662	>>> V 0.00 0.00
42.664	S 6192067 -13.18 30.50 0.00 0.00 HOLD
42.678	>>> V 0.00 0.00
42.680	S 6192087 -13.18 30.50 0.00 0.00 HOLD
42.698	>>> V 0.00 0.00
42.701	S 6192107 -13.18 30.50 0.00 0.00 HOLD
42.718	>>> V 0.00 0.00
42.720	S 6192127 -13.18 30.50 0.00 0.00 HOLD
42.738	>>> V 0.00 0.00
42.740	S 6192147 -13.18 30.50 0.00 0.00 HOLD
42.758	>>> V 0.00 0.00
42.760	S 6192167 -13.18 30.50 0.00 0.00 HOLD
42.778	>>> V 0.00 0.00
42.780	S 6192187 -13.18 30.50 0.00 0.00 HOLD
42.798	>>> V 0.00 0.00
42.800	S 6192207 -13.18 30.50 0.00 0.00 HOLD
42.818	>>> V 0.00 0.00
42.818	S 6192227 -13.18 30.50 0.00 0.00 HOLD
42.839	>>> V 0.00 0.00
42.839	S 6192247 -13.18 30.50 0.00 0.00 HOLD
42.866	>>> V 0.00 0.00
42.867	S 6192267 -13.18 30.50 0.00 0.00 HOLD
42.885	>>> V 0.00 0.00
42.888	S 6192287 -13.27 30.50 0.00 0.00 HOLD
42.900	>>> V 0.00 0.00
42.901	S 6192307 -13.18 30.50 0.00 0.00 HOLD
42.918	>>> V 0.00 0.00
42.921	S 6192327 -13.18 30.50 0.00 0.00 HOLD
42.947	>>> V 0.00 0.00
42.950	S 6192347 -13.18 30.50 0.00 0.00 HOLD
42.953	S 6192367 -13.18 30.50 0.00 0.00 HOLD
42.960	>>> V 0.00 0.00
42.980	>>> V 0.00 0.00
42.981	S 6192387 -13.18 30.50 0.00 0.00 HOLD
43.001	>>> V 0.00 0.00
43.001	S 6192407 -13.27 30.50 0.00 0.00 HOLD
43.018	>>> V 0.00 0.00
43.020	S 6192427 -13.18 30.50 0.00 0.00 HOLD
43.038	>>> V 0.00 0.00
43.039	S 6192447 -13.18 30.50 0.00 0.00 HOLD
43.058	>>> V 0.00 0.00
43.060	S 6192467 -13.18 30.50 0.00 0.00 HOLD
43.080	>>> V 0.00 0.00
43.083	S 6192487 -13.18 30.50 0.00 0.00 HOLD
43.100	>>> V 0.00 0.00
43.103	S 6192507 -13.18 30.50 0.00 0.00 HOLD
43.119	>>> V 0.00 0.00
43.122	S 6192527 -13.18 30.50 0.00 0.00 HOLD
43.141	>>> V 0.00 0.00
43.143	S 6192547 -13.18 30.50 0.00 0.00 HOLD
43.159	>>> V 0.00 0.00
43.160	S 6192567 -13.18 30.50 0.00 0.00 HOLD
43.180	>>> V 0.00 0.00
43.180	S 6192587 -13.18 30.50 0.00 0.00 HOLD
43.199	>>> V 0.00 0.00
43.202	S 6192607 -13.18 30.50 0.00 0.00 HOLD
43.219	>>> V 0.00 0.00
43.222	S 6192628 -13.18 30.50 0.00 0.00 HOLD
43.239	>>> V 0.00 0.00
43.242	S 6192648 -13.18 30.50 0.00 0.00 HOLD
43.258	>>> V 0.00 0.00
43.260	S 6192668 -13.18 30.50 0.00 0.00 HOLD
43.278	>>> V 0.00 0.00
43.281	S 6192688 -13.18 30.50 0.00 0.00 HOLD
43.298	>>> V 0.00 0.00
43.299	S 6192708 -13.18 30.50 0.00 0.00 HOLD
43.320	>>> V 0.00 0.00
43.325	S 6192728 -13.18 30.50 0.00 0.00 HOLD
43.341	>>> V 0.00 0.00
43.345	S 6192748 -13.18 30.50 0.00 0.00 HOLD
43.359	>>> V 0.00 0.00
43.359	S 6192768 -13.18 30.50 0.00 0.00 HOLD
43.381	>>> V 0.00 0.00
43.383	S 6192788 -13.18 30.50 0.00 0.00 HOLD
43.400	>>> V 0.00 0.00
43.401	S 6192808 -13.18 30.50 0.00 0.00 HOLD
43.422	>>> V 0.00 0.00
43.427	S 6192828 -13.18 30.50 0.00 0.00 HOLD
43.440	>>> V 0.00 0.00
43.441	S 6192848 -13.18 30.50 0.00 0.00 HOLD
43.458	>>> V 0.00 0.00
43.462	S 6192868 -13.18 30.50 0.00 0.00 HOLD
43.484	>>> V 0.00 0.00
43.485	S 6192888 -13.18 30.50 0.00 0.00 HOLD
43.501	>>> V 0.00 0.00
43.502	S 6192908 -13.18 30.50 0.00 0.00 HOLD
43.520	>>> V 0.00 0.00
43.523	S 6192928 -13.18 30.50 0.00 0.00 HOLD
43.539	>>> V 0.00 0.00
43.539	S 6192948 -13.18 30.50 0.00 0.00 HOLD
43.560	>>> V 0.00 0.00
43.562	S 6192968 -13.18 30.50 0.00 0.00 HOLD
43.582	>>> V 0.00 0.00
43.585	S 6192988 -13.18 30.50 0.00 0.00 HOLD
43.602	>>> V 0.00 0.00
43.603	S 6193008 -13.18 30.50 0.00 0.00 HOLD
43.621	>>> V 0.00 0.00
43.624	S 6193028 -13.18 30.50 0.00 0.00 HOLD
43.639	>>> V 0.00 0.00
43.640	S 6193048 -13.18 30.50 0.00 0.00 HOLD
43.661	>>> V 0.00 0.00
43.661	S 6193068 -13.18 30.50 0.00 0.00 HOLD
43.679	>>> V 0.00 0.00
43.680	S 6193088 -13.18 30.50 0.00 0.00 HOLD
43.703	>>> V 0.00 0.00
43.706	S 6193108 -13.18 30.50 0.00 0.00 HOLD
43.722	>>> V 0.00 0.00
43.723	S 6193128 -13.18 30.50 0.00 0.00 HOLD
43.739	>>> V 0.00 0.00
43.741	S 6193148 -13.18 30.50 0.00 0.00 HOLD
43.762	>>> V 0.00 0.00
43.765	S 6193168 -13.18 30.50 0.00 0.00 HOLD
43.779	>>> V 0.00 0.00
43.783	S 6193188 -13.18 30.50 0.00 0.00 HOLD
43.802	>>> V 0.00 0.00
43.802	S 6193208 -13.18 30.50 0.00 0.00 HOLD
43.820	>>> V 0.00 0.00
43.820	S 6193228 -13.18 30.50 0.00 0.00 HOLD
43.842	>>> V 0.00 0.00
43.849	S 6193248 -13.18 30.50 0.00 0.00 HOLD
43.851	S 6193268 -13.27 30.50 0.00 0.00 HOLD
43.861	>>> V 0.00 0.00
43.885	>>> V 0.00 0.00
43.886	S 6193288 -13.18 30.50 0.00 0.00 HOLD
43.903	>>> V 0.00 0.00
43.904	S 6193308 -13.18 30.50 0.00 0.00 HOLD
43.925	>>> V 0.00 0.00
43.929	S 6193328 -13.18 30.50 0.00 0.00 HOLD
43.952	>>> V 0.00 0.00
43.953	S 6193348 -13.18 30.50 0.00 0.00 HOLD
43.953	S 6193368 -13.18 30.50 0.00 0.00 HOLD
43.959	>>> V 0.00 0.00
43.988	>>> V 0.00 0.00
43.988	S 6193388 -13.18 30.50 0.00 0.00 HOLD
44.001	>>> V 0.00 0.00
44.009	S 6193408 -13.18 30.50 0.00 0.00 HOLD
44.018	>>> V 0.00 0.00
44.019	S 6193428 -13.18 30.50 0.00 0.00 HOLD
44.042	>>> V 0.00 0.00
44.046	S 6193448 -13.18 30.50 0.00 0.00 HOLD
44.061	>>> V 0.00 0.00
44.063	S 6193468 -13.18 30.59 0.00 0.00 HOLD
44.088	>>> V 0.00 0.00
44.089	S 6193488 -13.18 30.50 0.00 0.00 HOLD
44.099	>>> V 0.00 0.00
44.099	S 6193508 -13.18 30.50 0.00 0.00 HOLD
44.120	>>> V 0.00 0.00
44.121	S 6193528 -13.18 30.50 0.00 0.00 HOLD
44.139	>>> V 0.00 0.00
44.140	S 6193548 -13.18 30.50 0.00 0.00 HOLD
44.159	>>> V 0.00 0.00
44.160	S 6193568 -13.18 30.50 0.00 0.00 HOLD
44.180	>>> V 0.00 0.00
44.181	S 6193588 -13.18 30.50 0.00 0.00 HOLD
44.200	>>> V 0.00 0.00
44.200	S 6193608 -13.18 30.50 0.00 0.00 HOLD
44.220	>>> V 0.00 0.00
44.222	S 6193628 -13.18 30.50 0.00 0.00 HOLD
44.241	>>> V 0.00 0.00
44.241	S 6193648 -13.18 30.50 0.00 0.00 HOLD
44.262	>>> V 0.00 0.00
44.265	S 6193668 -13.18 30.50 0.00 0.00 HOLD
44.281	>>> V 0.00 0.00
44.283	S 6193688 -13.18 30.50 0.00 0.00 HOLD
44.300	>>> V 0.00 0.00
44.301	S 6193708 -13.18 30.50 0.00 0.00 HOLD
44.321	>>> V 0.00 0.00
44.324	S 6193728 -13.27 30.50 0.00 0.00 HOLD
44.340	>>> V 0.00 0.00
44.341	S 6193748 -13.18 30.50 0.00 0.00 HOLD
44.362	>>> V 0.00 0.00
44.363	S 6193768 -13.18 30.50 0.00 0.00 HOLD
44.384	>>> V 0.00 0.00
44.388	S 6193788 -13.18 30.50 0.00 0.00 HOLD
44.409	>>> V 0.00 0.00
44.413	S 6193808 -13.18 30.50 0.00 0.00 HOLD
44.415	S 6193828 -13.18 30.50 0.00 0.00 HOLD
44.424	>>> V 0.00 0.00
44.438	>>> V 0.00 0.00
44.439	S 6193848 -13.18 30.50 0.00 0.00 HOLD
44.459	>>> V 0.00 0.00
44.463	S 6193868 -13.18 30.50 0.00 0.00 HOLD
44.477	>>> V 0.00 0.00
44.480	S 6193888 -13.18 30.50 0.00 0.00 HOLD
44.499	>>> V 0.00 0.00
44.502	S 6193908 -13.18 30.50 0.00 0.00 HOLD
44.518	>>> V 0.00 0.00
44.519	S 6193928 -13.18 30.50 0.00 0.00 HOLD
44.541	>>> V 0.00 0.00
44.543	S 6193948 -13.18 30.50 0.00 0.00 HOLD
44.558	>>> V 0.00 0.00
44.561	S 6193968 -13.18 30.50 0.00 0.00 HOLD
44.580	>>> V 0.00 0.00
44.582	S 6193988 -13.18 30.50 0.00 0.00 HOLD
44.603	>>> V 0.00 0.00
44.604	S 6194008 -13.18 30.50 0.00 0.00 HOLD
44.620	>>> V 0.00 0.00
44.622	S 6194028 -13.18 30.50 0.00 0.00 HOLD
44.638	>>> V 0.00 0.00
44.641	S 6194048 -13.18 30.50 0.00 0.00 HOLD
44.659	>>> V 0.00 0.00
44.660	S 6194068 -13.18 30.50 0.00 0.00 HOLD
44.682	>>> V 0.00 0.00
44.683	S 6194088 -13.18 30.50 0.00 0.00 HOLD
44.703	>>> V 0.00 0.00
44.706	S 6194108 -13.18 30.50 0.00 0.00 HOLD
44.720	>>> V 0.00 0.00
44.720	S 6194128 -13.18 30.50 0.00 0.00 HOLD
44.738	>>> V 0.00 0.00
44.738	S 6194148 -13.18 30.50 0.00 0.00 HOLD
44.758	>>> V 0.00 0.00
44.759	S 6194168 -13.18 30.50 0.00 0.00 HOLD
44.780	>>> V 0.00 0.00
44.780	S 6194188 -13.18 30.50 0.00 0.00 HOLD
44.799	>>> V 0.00 0.00
44.800	S 6194208 -13.18 30.50 0.00 0.00 HOLD
44.819	>>> V 0.00 0.00
44.820	S 6194228 -13.18 30.50 0.00 0.00 HOLD
44.838	>>> V 0.00 0.00
44.840	S 6194248 -13.18 30.50 0.00 0.00 HOLD
44.858	>>> V 0.00 0.00
44.859	S 6194268 -13.18 30.50 0.00 0.00 HOLD
44.881	>>> V 0.00 0.00
44.882	S 6194288 -13.18 30.50 0.00 0.00 HOLD
44.898	>>> V 0.00 0.00
44.902	S 6194308 -13.18 30.50 0.00 0.00 HOLD
44.918	>>> V 0.00 0.00
44.921	S 6194328 -13.18 30.50 0.00 0.00 HOLD
44.938	>>> V 0.00 0.00
44.941	S 6194348 -13.18 30.50 0.00 0.00 HOLD
44.958	>>> V 0.00 0.00
44.960	S 6194368 -13.18 30.50 0.00 0.00 HOLD
44.980	>>> V 0.00 0.00
44.983	S 6194388 -13.18 30.50 0.00 0.00 HOLD
44.998	>>> V 0.00 0.00
44.998	S 6194408 -13.18 30.50 0.00 0.00 HOLD
45.022	>>> V 0.00 0.00
45.023	S 6194428 -13.18 30.50 0.00 0.00 HOLD
45.046	>>> V 0.00 0.00
45.046	S 6194448 -13.18 30.50 0.00 0.00 HOLD
45.058	>>> V 0.00 0.00
45.059	S 6194468 -13.18 30.50 0.00 0.00 HOLD
45.078	>>> V 0.00 0.00
45.079	S 6194488 -13.18 30.50 0.00 0.00 HOLD
45.098	>>> V 0.00 0.00
45.098	S 6194508 -13.18 30.50 0.00 0.00 HOLD
45.120	>>> V 0.00 0.00
45.123	S 6194528 -13.18 30.50 0.00 0.00 HOLD
45.140	>>> V 0.00 0.00
45.143	S 6194548 -13.18 30.50 0.00 0.00 HOLD
45.162	>>> V 0.00 0.00
45.165	S 6194568 -13.18 30.50 0.00 0.00 HOLD
45.180	>>> V 0.00 0.00
45.181	S 6194588 -13.18 30.50 0.00 0.00 HOLD
45.204	>>> V 0.00 0.00
45.205	S 6194608 -13.18 30.50 0.00 0.00 HOLD
45.221	>>> V 0.00 0.00
45.223	S 6194628 -13.18 30.50 0.00 0.00 HOLD
45.242	>>> V 0.00 0.00
45.243	S 6194648 -13.27 30.50 0.00 0.00 HOLD
45.260	>>> V 0.00 0.00
45.262	S 6194668 -13.18 30.50 0.00 0.00 HOLD
45.280	>>> V 0.00 0.00
45.281	S 6194688 -13.18 30.50 0.00 0.00 HOLD
45.299	>>> V 0.00 0.00
45.313	S 6194708 -13.18 30.50 0.00 0.00 HOLD
45.315	S 6194728 -13.18 30.50 0.00 0.00 HOLD
45.321	>>> V 0.00 0.00
45.344	>>> V 0.00 0.00
45.349	S 6194748 -13.18 30.50 0.00 0.00 HOLD
45.359	>>> V 0.00 0.00
45.359	S 6194768 -13.18 30.50 0.00 0.00 HOLD
45.378	>>> V 0.00 0.00
45.384	S 6194788 -13.18 30.50 0.00 0.00 HOLD
45.400	>>> V 0.00 0.00
45.402	S 6194808 -13.18 30.50 0.00 0.00 HOLD
45.422	>>> V 0.00 0.00
45.425	S 6194828 -13.18 30.50 0.00 0.00 HOLD
45.441	>>> V 0.00 0.00
45.445	S 6194848 -13.18 30.50 0.00 0.00 HOLD
45.459	>>> V 0.00 0.00
45.461	S 6194868 -13.18 30.59 0.00 0.00 HOLD
45.480	>>> V 0.00 0.00
45.484	S 6194888 -13.18 30.50 0.00 0.00 HOLD
45.498	>>> V 0.00 0.00
45.500	S 6194908 -13.18 30.50 0.00 0.00 HOLD
45.518	>>> V 0.00 0.00
45.523	S 6194928 -13.18 30.50 0.00 0.00 HOLD
45.538	>>> V 0.00 0.00
45.538	S 6194948 -13.18 30.50 0.00 0.00 HOLD
45.558	>>> V 0.00 0.00
45.559	S 6194968 -13.27 30.50 0.00 0.00 HOLD
45.580	>>> V 0.00 0.00
45.581	S 6194988 -13.18 30.50 0.00 0.00 HOLD
45.598	>>> V 0.00 0.00
45.600	S 6195008 -13.27 30.50 0.00 0.00 HOLD
45.622	>>> V 0.00 0.00
45.624	S 6195028 -13.18 30.50 0.00 0.00 HOLD
45.641	>>> V 0.00 0.00
45.642	S 6195048 -13.18 30.50 0.00 0.00 HOLD
45.658	>>> V 0.00 0.00
45.660	S 6195068 -13.18 30.50 0.00 0.00 HOLD
45.682	>>> V 0.00 0.00
45.682	S 6195088 -13.18 30.50 0.00 0.00 HOLD
45.722	>>> V 0.00 0.00
45.725	S 6195108 -13.18 30.50 0.00 0.00 HOLD
45.728	S 6195128 -13.18 30.50 0.00 0.00 HOLD
45.742	>>> V 0.00 0.00
45.745	S 6195148 -13.18 30.50 0.00 0.00 HOLD
45.764	>>> V 0.00 0.00
45.767	S 6195168 -13.18 30.50 0.00 0.00 HOLD
45.782	>>> V 0.00 0.00
45.784	S 6195188 -13.18 30.50 0.00 0.00 HOLD
45.803	>>> V 0.00 0.00
45.804	S 6195208 -13.18 30.50 0.00 0.00 HOLD
45.821	>>> V 0.00 0.00
45.822	S 6195228 -13.27 30.50 0.00 0.00 HOLD
45.840	>>> V 0.00 0.00
45.843	S 6195248 -13.18 30.50 0.00 0.00 HOLD
45.872	>>> V 0.00 0.00
45.876	S 6195268 -13.18 30.50 0.00 0.00 HOLD
45.878	S 6195288 -13.18 30.50 0.00 0.00 HOLD
45.887	>>> V 0.00 0.00
45.906	>>> V 0.00 0.00
45.914	S 6195308 -13.18 30.50 0.00 0.00 HOLD
45.916	S 6195328 -13.18 30.50 0.00 0.00 HOLD
45.928	>>> V 0.00 0.00
45.931	S 6195348 -13.18 30.50 0.00 0.00 HOLD
45.948	>>> V 0.00 0.00
45.960	>>> V 0.00 0.00
45.963	S 6195368 -13.18 30.50 0.00 0.00 HOLD
45.980	>>> V 0.00 0.00
45.984	S 6195388 -13.18 30.50 0.00 0.00 HOLD
46.000	>>> V 0.00 0.00
46.006	S 6195408 -13.18 30.50 0.00 0.00 HOLD
46.023	>>> V 0.00 0.00
46.024	S 6195428 -13.18 30.50 0.00 0.00 HOLD
46.039	>>> V 0.00 0.00
46.047	S 6195448 -13.18 30.50 0.00 0.00 HOLD
46.057	>>> V 0.00 0.00
46.060	S 6195468 -13.18 30.50 0.00 0.00 HOLD
46.086	>>> V 0.00 0.00
46.086	S 6195488 -13.18 30.50 0.00 0.00 HOLD
46.101	>>> V 0.00 0.00
46.105	S 6195508 -13.18 30.50 0.00 0.00 HOLD
46.188	>>> V 0.00 0.00
46.188	S 6195528 -13.18 30.50 0.00 0.00 HOLD
46.189	S 6195548 -13.18 30.59 0.00 0.00 HOLD
46.189	S 6195568 -13.18 30.50 0.00 0.00 HOLD
46.190	S 6195588 -13.18 30.50 0.00 0.00 HOLD
46.193	>>> V 0.00 0.00
46.194	S 6195608 -13.18 30.50 0.00 0.00 HOLD
46.198	>>> V 0.00 0.00
46.222	>>> V 0.00 0.00
46.223	S 6195628 -13.18 30.50 0.00 0.00 HOLD
46.237	>>> V 0.00 0.00
46.238	S 6195648 -13.18 30.50 0.00 0.00 HOLD
46.258	>>> V 0.00 0.00
46.259	S 6195668 -13.18 30.50 0.00 0.00 HOLD
46.281	>>> V 0.00 0.00
46.284	S 6195688 -13.18 30.50 0.00 0.00 HOLD
46.298	>>> V 0.00 0.00
46.299	S 6195708 -13.18 30.50 0.00 0.00 HOLD
46.320	>>> V 0.00 0.00
46.322	S 6195728 -13.18 30.50 0.00 0.00 HOLD
46.338	>>> V 0.00 0.00
46.339	S 6195748 -13.18 30.50 0.00 0.00 HOLD
46.358	>>> V 0.00 0.00
46.359	S 6195768 -13.18 30.50 0.00 0.00 HOLD
46.379	>>> V 0.00 0.00
46.385	S 6195788 -13.18 30.50 0.00 0.00 HOLD
46.403	>>> V 0.00 0.00
46.406	S 6195808 -13.27 30.50 0.00 0.00 HOLD
46.420	>>> V 0.00 0.00
46.423	S 6195828 -13.18 30.50 0.00 0.00 HOLD
46.441	>>> V 0.00 0.00
46.442	S 6195848 -13.18 30.50 0.00 0.00 HOLD
46.460	>>> V 0.00 0.00
46.463	S 6195868 -13.18 30.50 0.00 0.00 HOLD
46.480	>>> V 0.00 0.00
46.481	S 6195888 -13.18 30.50 0.00 0.00 HOLD
46.497	>>> V 0.00 0.00
46.500	S 6195908 -13.18 30.50 0.00 0.00 HOLD
46.518	>>> V 0.00 0.00
46.518	S 6195928 -13.18 30.50 0.00 0.00 HOLD
46.540	>>> V 0.00 0.00
46.541	S 6195948 -13.18 30.50 0.00 0.00 HOLD
46.558	>>> V 0.00 0.00
46.559	S 6195968 -13.18 30.50 0.00 0.00 HOLD
46.579	>>> V 0.00 0.00
46.579	S 6195988 -13.18 30.59 0.00 0.00 HOLD
46.599	>>> V 0.00 0.00
46.601	S 6196008 -13.18 30.50 0.00 0.00 HOLD
46.620	>>> V 0.00 0.00
46.621	S 6196028 -13.18 30.50 0.00 0.00 HOLD
46.638	>>> V 0.00 0.00
46.639	S 6196048 -13.18 30.50 0.00 0.00 HOLD
46.659	>>> V 0.00 0.00
46.661	S 6196068 -13.18 30.50 0.00 0.00 HOLD
46.684	>>> V 0.00 0.00
46.685	S 6196088 -13.18 30.59 0.00 0.00 HOLD
46.699	>>> V 0.00 0.00
46.700	S 6196108 -13.18 30.50 0.00 0.00 HOLD
46.731	>>> V 0.00 0.00
46.733	S 6196128 -13.18 30.50 0.00 0.00 HOLD
46.735	S 6196148 -13.18 30.50 0.00 0.00 HOLD
46.750	>>> V 0.00 0.00
46.751	S 6196168 -13.18 30.50 0.00 0.00 HOLD
46.761	>>> V 0.00 0.00
46.791	>>> V 0.00 0.00
46.794	S 6196188 -13.18 30.50 0.00 0.00 HOLD
46.797	S 6196208 -13.18 30.50 0.00 0.00 HOLD
46.813	>>> V 0.00 0.00
46.816	S 6196228 -13.18 30.50 0.00 0.00 HOLD
46.838	>>> V 0.00 0.00
46.847	S 6196248 -13.18 30.50 0.00 0.00 HOLD
46.879	>>> V 0.00 0.00
46.880	S 6196268 -13.18 30.50 0.00 0.00 HOLD
46.881	S 6196288 -13.18 30.50 0.00 0.00 HOLD
46.898	>>> V 0.00 0.00
46.899	S 6196308 -13.27 30.50 0.00 0.00 HOLD
46.921	>>> V 0.00 0.00
46.922	S 6196328 -13.18 30.50 0.00 0.00 HOLD
46.938	>>> V 0.00 0.00
46.939	S 6196348 -13.18 30.50 0.00 0.00 HOLD
46.957	>>> V 0.00 0.00
46.958	S 6196368 -13.18 30.50 0.00 0.00 HOLD
46.978	>>> V 0.00 0.00
46.981	S 6196388 -13.18 30.50 0.00 0.00 HOLD
46.998	>>> V 0.00 0.00
46.999	S 6196408 -13.27 30.50 0.00 0.00 HOLD
47.018	>>> V 0.00 0.00
47.027	S 6196428 -13.18 30.50 0.00 0.00 HOLD
47.039	>>> V 0.00 0.00
47.046	S 6196448 -13.18 30.50 0.00 0.00 HOLD
47.060	>>> V 0.00 0.00
47.060	S 6196468 -13.18 30.50 0.00 0.00 HOLD
47.079	>>> V 0.00 0.00
47.079	S 6196488 -13.18 30.50 0.00 0.00 HOLD
47.097	>>> V 0.00 0.00
47.098	S 6196508 -13.18 30.50 0.00 0.00 HOLD
47.119	>>> V 0.00 0.00
47.119	S 6196528 -13.18 30.59 0.00 0.00 HOLD
47.137	>>> V 0.00 0.00
47.138	S 6196548 -13.18 30.59 0.00 0.00 HOLD
47.159	>>> V 0.00 0.00
47.161	S 6196568 -13.18 30.50 0.00 0.00 HOLD
47.181	>>> V 0.00 0.00
47.181	S 6196588 -13.18 30.50 0.00 0.00 HOLD
47.200	>>> V 0.00 0.00
47.200	S 6196608 -13.18 30.50 0.00 0.00 HOLD
47.219	>>> V 0.00 0.00
47.221	S 6196628 -13.18 30.50 0.00 0.00 HOLD
47.239	>>> V 0.00 0.00
47.241	S 6196648 -13.18 30.50 0.00 0.00 HOLD
47.260	>>> V 0.00 0.00
47.263	S 6196668 -13.27 30.50 0.00 0.00 HOLD
47.279	>>> V 0.00 0.00
47.279	S 6196688 -13.18 30.50 0.00 0.00 HOLD
47.297	>>> V 0.00 0.00
47.299	S 6196708 -13.18 30.50 0.00 0.00 HOLD
47.319	>>> V 0.00 0.00
47.319	S 6196728 -13.18 30.50 0.00 0.00 HOLD
47.342	>>> V 0.00 0.00
47.346	S 6196748 -13.18 30.50 0.00 0.00 HOLD
47.364	>>> V 0.00 0.00
47.364	S 6196768 -13.18 30.50 0.00 0.00 HOLD
47.378	>>> V 0.00 0.00
47.385	S 6196788 -13.18 30.50 0.00 0.00 HOLD
47.405	>>> V 0.00 0.00
47.406	S 6196808 -13.18 30.50 0.00 0.00 HOLD
47.418	>>> V 0.00 0.00
47.418	S 6196828 -13.18 30.50 0.00 0.00 HOLD
47.438	>>> V 0.00 0.00
47.440	S 6196848 -13.18 30.50 0.00 0.00 HOLD
47.459	>>> V 0.00 0.00
47.459	S 6196868 -13.18 30.50 0.00 0.00 HOLD
47.479	>>> V 0.00 0.00
47.479	S 6196888 -13.18 30.50 0.00 0.00 HOLD
47.500	>>> V 0.00 0.00
47.502	S 6196908 -13.18 30.50 0.00 0.00 HOLD
47.518	>>> V 0.00 0.00
47.524	S 6196928 -13.18 30.50 0.00 0.00 HOLD
47.541	>>> V 0.00 0.00
47.543	S 6196948 -13.27 30.50 0.00 0.00 HOLD
47.558	>>> V 0.00 0.00
47.559	S 6196968 -13.18 30.50 0.00 0.00 HOLD
47.578	>>> V 0.00 0.00
47.579	S 6196988 -13.18 30.50 0.00 0.00 HOLD
47.606	>>> V 0.00 0.00
47.607	S 6197008 -13.18 30.50 0.00 0.00 HOLD
47.618	>>> V 0.00 0.00
47.618	S 6197028 -13.18 30.50 0.00 0.00 HOLD
47.639	>>> V 0.00 0.00
47.639	S 6197048 -13.18 30.50 0.00 0.00 HOLD
47.661	>>> V 0.00 0.00
47.664	S 6197068 -13.18 30.50 0.00 0.00 HOLD
47.678	>>> V 0.00 0.00
47.679	S 6197088 -13.18 30.50 0.00 0.00 HOLD
47.701	>>> V 0.00 0.00
47.702	S 6197108 -13.18 30.59 0.00 0.00 HOLD
47.719	>>> V 0.00 0.00
47.720	S 6197128 -13.18 30.50 0.00 0.00 HOLD
47.738	>>> V 0.00 0.00
47.739	S 6197148 -13.18 30.50 0.00 0.00 HOLD
47.758	>>> V 0.00 0.00
47.759	S 6197168 -13.18 30.50 0.00 0.00 HOLD
47.778	>>> V 0.00 0.00
47.780	S 6197188 -13.18 30.50 0.00 0.00 HOLD
47.798	>>> V 0.00 0.00
47.798	S 6197208 -13.18 30.50 0.00 0.00 HOLD
47.820	>>> V 0.00 0.00
47.820	S 6197228 -13.18 30.50 0.00 0.00 HOLD
47.839	>>> V 0.00 0.00
47.840	S 6197248 -13.18 30.50 0.00 0.00 HOLD
47.860	>>> V 0.00 0.00
47.861	S 6197268 -13.18 30.50 0.00 0.00 HOLD
47.878	>>> V 0.00 0.00
47.879	S 6197288 -13.18 30.50 0.00 0.00 HOLD
47.898	>>> V 0.00 0.00
47.901	S 6197308 -13.18 30.50 0.00 0.00 HOLD
47.918	>>> V 0.00 0.00
47.921	S 6197328 -13.18 30.50 0.00 0.00 HOLD
47.941	>>> V 0.00 0.00
47.942	S 6197348 -13.18 30.50 0.00 0.00 HOLD
47.958	>>> V 0.00 0.00
47.959	S 6197368 -13.18 30.50 0.00 0.00 HOLD
47.977	>>> V 0.00 0.00
47.978	S 6197388 -13.18 30.50 0.00 0.00 HOLD
47.998	>>> V 0.00 0.00
48.001	S 6197408 -13.18 30.50 0.00 0.00 HOLD
48.018	>>> V 0.00 0.00
48.018	S 6197428 -13.18 30.50 0.00 0.00 HOLD
48.038	>>> V 0.00 0.00
48.039	S 6197448 -13.18 30.50 0.00 0.00 HOLD
48.060	>>> V 0.00 0.00
48.062	S 6197468 -13.18 30.50 0.00 0.00 HOLD
48.079	>>> V 0.00 0.00
48.082	S 6197488 -13.18 30.50 0.00 0.00 HOLD
48.098	>>> V 0.00 0.00
48.101	S 6197508 -13.18 30.50 0.00 0.00 HOLD
48.117	>>> V 0.00 0.00
48.118	S 6197528 -13.18 30.50 0.00 0.00 HOLD
48.138	>>> V 0.00 0.00
48.142	S 6197548 -13.18 30.50 0.00 0.00 HOLD
48.158	>>> V 0.00 0.00
48.163	S 6197568 -13.18 30.50 0.00 0.00 HOLD
48.183	>>> V 0.00 0.00
48.186	S 6197588 -13.18 30.50 0.00 0.00 HOLD
48.198	>>> V 0.00 0.00
48.199	S 6197608 -13.18 30.50 0.00 0.00 HOLD
48.218	>>> V 0.00 0.00
48.220	S 6197628 -13.18 30.50 0.00 0.00 HOLD
48.238	>>> V 0.00 0.00
48.240	S 6197648 -13.18 30.50 0.00 0.00 HOLD
48.257	>>> V 0.00 0.00
48.258	S 6197668 -13.18 30.50 0.00 0.00 HOLD
48.283	>>> V 0.00 0.00
48.287	S 6197688 -13.18 30.50 0.00 0.00 HOLD
48.297	>>> V 0.00 0.00
48.298	S 6197708 -13.18 30.50 0.00 0.00 HOLD
48.319	>>> V 0.00 0.00
48.320	S 6197728 -13.18 30.50 0.00 0.00 HOLD
48.339	>>> V 0.00 0.00
48.344	S 6197748 -13.18 30.50 0.00 0.00 HOLD
48.358	>>> V 0.00 0.00
48.359	S 6197768 -13.18 30.50 0.00 0.00 HOLD
48.378	>>> V 0.00 0.00
48.383	S 6197788 -13.18 30.50 0.00 0.00 HOLD
48.398	>>> V 0.00 0.00
48.401	S 6197808 -13.18 30.50 0.00 0.00 HOLD
48.420	>>> V 0.00 0.00
48.421	S 6197828 -13.18 30.50 0.00 0.00 HOLD
48.437	>>> V 0.00 0.00
48.440	S 6197848 -13.18 30.50 0.00 0.00 HOLD
48.458	>>> V 0.00 0.00
48.458	S 6197868 -13.18 30.50 0.00 0.00 HOLD
48.479	>>> V 0.00 0.00
48.482	S 6197888 -13.18 30.50 0.00 0.00 HOLD
48.501	>>> V 0.00 0.00
48.501	S 6197908 -13.18 30.50 0.00 0.00 HOLD
48.518	>>> V 0.00 0.00
48.518	S 6197928 -13.18 30.50 0.00 0.00 HOLD
48.539	>>> V 0.00 0.00
48.540	S 6197948 -13.18 30.50 0.00 0.00 HOLD
48.558	>>> V 0.00 0.00
48.559	S 6197968 -13.18 30.50 0.00 0.00 HOLD
48.591	>>> V 0.00 0.00
48.592	S 6197988 -13.18 30.50 0.00 0.00 HOLD
48.593	S 6198008 -13.18 30.50 0.00 0.00 HOLD
48.598	>>> V 0.00 0.00
48.623	>>> V 0.00 0.00
48.624	S 6198028 -13.18 30.59 0.00 0.00 HOLD
48.656	>>> V 0.00 0.00
48.656	S 6198048 -13.18 30.50 0.00 0.00 HOLD
48.657	S 6198068 -13.18 30.50 0.00 0.00 HOLD
48.666	>>> V 0.00 0.00
48.681	>>> V 0.00 0.00
48.683	S 6198088 -13.18 30.50 0.00 0.00 HOLD
48.698	>>> V 0.00 0.00
48.700	S 6198108 -13.18 30.50 0.00 0.00 HOLD
48.720	>>> V 0.00 0.00
48.720	S 6198128 -13.18 30.50 0.00 0.00 HOLD
48.739	>>> V 0.00 0.00
48.739	S 6198148 -13.18 30.50 0.00 0.00 HOLD
48.758	>>> V 0.00 0.00
48.758	S 6198168 -13.18 30.50 0.00 0.00 HOLD
48.778	>>> V 0.00 0.00
48.781	S 6198188 -13.18 30.50 0.00 0.00 HOLD
48.800	>>> V 0.00 0.00
48.801	S 6198208 -13.18 30.50 0.00 0.00 HOLD
48.818	>>> V 0.00 0.00
48.819	S 6198228 -13.18 30.50 0.00 0.00 HOLD
48.838	>>> V 0.00 0.00
48.838	S 6198248 -13.18 30.50 0.00 0.00 HOLD
48.857	>>> V 0.00 0.00
48.858	S 6198268 -13.18 30.50 0.00 0.00 HOLD
48.881	>>> V 0.00 0.00
48.884	S 6198288 -13.27 30.50 0.00 0.00 HOLD
48.898	>>> V 0.00 0.00
48.899	S 6198308 -13.18 30.50 0.00 0.00 HOLD
48.929	>>> V 0.00 0.00
48.933	S 6198328 -13.18 30.50 0.00 0.00 HOLD
48.938	S 6198348 -13.18 30.50 0.00 0.00 HOLD
48.957	>>> V 0.00 0.00
48.959	S 6198368 -13.18 30.50 0.00 0.00 HOLD
48.965	>>> V 0.00 0.00
48.978	>>> V 0.00 0.00
48.978	S 6198388 -13.18 30.50 0.00 0.00 HOLD
49.000	>>> V 0.00 0.00
49.003	S 6198408 -13.18 30.50 0.00 0.00 HOLD
49.027	>>> V 0.00 0.00
49.029	S 6198428 -13.18 30.50 0.00 0.00 HOLD
49.039	>>> V 0.00 0.00
49.040	S 6198448 -13.18 30.50 0.00 0.00 HOLD
49.061	>>> V 0.00 0.00
49.062	S 6198468 -13.18 30.50 0.00 0.00 HOLD
49.078	>>> V 0.00 0.00
49.079	S 6198488 -13.18 30.50 0.00 0.00 HOLD
49.098	>>> V 0.00 0.00
49.098	S 6198508 -13.18 30.50 0.00 0.00 HOLD
49.123	>>> V 0.00 0.00
49.123	S 6198528 -13.18 30.50 0.00 0.00 HOLD
49.138	>>> V 0.00 0.00
49.141	S 6198548 -13.18 30.50 0.00 0.00 HOLD
49.158	>>> V 0.00 0.00
49.159	S 6198568 -13.18 30.50 0.00 0.00 HOLD
49.178	>>> V 0.00 0.00
49.180	S 6198588 -13.18 30.50 0.00 0.00 HOLD
49.199	>>> V 0.00 0.00
49.199	S 6198608 -13.18 30.50 0.00 0.00 HOLD
49.222	>>> V 0.00 0.00
49.223	S 6198628 -13.18 30.50 0.00 0.00 HOLD
49.238	>>> V 0.00 0.00
49.239	S 6198648 -13.18 30.50 0.00 0.00 HOLD
49.258	>>> V 0.00 0.00
49.258	S 6198668 -13.18 30.50 0.00 0.00 HOLD
49.278	>>> V 0.00 0.00
49.278	S 6198688 -13.18 30.50 0.00 0.00 HOLD
49.298	>>> V 0.00 0.00
49.302	S 6198708 -13.18 30.50 0.00 0.00 HOLD
49.317	>>> V 0.00 0.00
49.320	S 6198728 -13.18 30.59 0.00 0.00 HOLD
49.338	>>> V 0.00 0.00
49.339	S 6198748 -13.27 30.50 0.00 0.00 HOLD
49.357	>>> V 0.00 0.00
49.358	S 6198768 -13.18 30.50 0.00 0.00 HOLD
49.380	>>> V 0.00 0.00
49.382	S 6198788 -13.18 30.50 0.00 0.00 HOLD
49.398	>>> V 0.00 0.00
49.398	S 6198808 -13.18 30.50 0.00 0.00 HOLD
49.422	>>> V 0.00 0.00
49.423	S 6198828 -13.18 30.50 0.00 0.00 HOLD
49.438	>>> V 0.00 0.00
49.442	S 6198848 -13.18 30.50 0.00 0.00 HOLD
49.459	>>> V 0.00 0.00
49.459	S 6198868 -13.18 30.50 0.00 0.00 HOLD
49.477	>>> V 0.00 0.00
49.481	S 6198888 -13.18 30.50 0.00 0.00 HOLD
49.498	>>> V 0.00 0.00
49.498	S 6198908 -13.18 30.50 0.00 0.00 HOLD
49.517	>>> V 0.00 0.00
49.518	S 6198928 -13.18 30.50 0.00 0.00 HOLD
49.539	>>> V 0.00 0.00
49.540	S 6198948 -13.18 30.50 0.00 0.00 HOLD
49.558	>>> V 0.00 0.00
49.559	S 6198968 -13.18 30.50 0.00 0.00 HOLD
49.577	>>> V 0.00 0.00
49.580	S 6198988 -13.18 30.50 0.00 0.00 HOLD
49.598	>>> V 0.00 0.00
49.603	S 6199008 -13.18 30.50 0.00 0.00 HOLD
49.618	>>> V 0.00 0.00
49.623	S 6199028 -13.18 30.59 0.00 0.00 HOLD
49.640	>>> V 0.00 0.00
49.641	S 6199048 -13.18 30.50 0.00 0.00 HOLD
49.665	>>> V 0.00 0.00
49.668	S 6199068 -13.18 30.50 0.00 0.00 HOLD
49.681	>>> V 0.00 0.00
49.681	S 6199088 -13.18 30.50 0.00 0.00 HOLD
49.699	>>> V 0.00 0.00
49.700	S 6199108 -13.18 30.50 0.00 0.00 HOLD
49.718	>>> V 0.00 0.00
49.719	S 6199128 -13.18 30.50 0.00 0.00 HOLD
49.739	>>> V 0.00 0.00
49.740	S 6199148 -13.18 30.50 0.00 0.00 HOLD
49.758	>>> V 0.00 0.00
49.760	S 6199168 -13.18 30.50 0.00 0.00 HOLD
49.778	>>> V 0.00 0.00
49.778	S 6199188 -13.27 30.50 0.00 0.00 HOLD
49.798	>>> V 0.00 0.00
49.799	S 6199208 -13.18 30.50 0.00 0.00 HOLD
49.821	>>> V 0.00 0.00
49.821	S 6199228 -13.18 30.50 0.00 0.00 HOLD
49.840	>>> V 0.00 0.00
49.841	S 6199248 -13.18 30.50 0.00 0.00 HOLD
49.862	>>> V 0.00 0.00
49.863	S 6199268 -13.18 30.50 0.00 0.00 HOLD
49.881	>>> V 0.00 0.00
49.881	S 6199288 -13.18 30.50 0.00 0.00 HOLD
49.900	>>> V 0.00 0.00
49.901	S 6199308 -13.18 30.50 0.00 0.00 HOLD
49.917	>>> V 0.00 0.00
49.919	S 6199328 -13.18 30.50 0.00 0.00 HOLD
49.939	>>> V 0.00 0.00
49.940	S 6199348 -13.18 30.50 0.00 0.00 HOLD
49.960	>>> V 0.00 0.00
49.961	S 6199368 -13.18 30.50 0.00 0.00 HOLD
49.979	>>> V 0.00 0.00
49.982	S 6199388 -13.18 30.50 0.00 0.00 HOLD
49.998	>>> V 0.00 0.00
49.998	S 6199408 -13.18 30.50 0.00 0.00 HOLD
50.018	>>> V 0.00 0.00
50.018	S 6199428 -13.18 30.50 0.00 0.00 HOLD
50.038	>>> V 0.00 0.00
50.041	S 6199448 -13.18 30.50 0.00 0.00 HOLD
50.060	>>> V 0.00 0.00
50.061	S 6199468 -13.18 30.50 0.00 0.00 HOLD
50.079	>>> V 0.00 0.00
50.088	S 6199488 -13.18 30.50 0.00 0.00 HOLD
50.100	>>> V 0.00 0.00
50.102	S 6199508 -13.18 30.50 0.00 0.00 HOLD
50.120	>>> V 0.00 0.00
50.123	S 6199528 -13.18 30.50 0.00 0.00 HOLD
50.138	>>> V 0.00 0.00
50.139	S 6199548 -13.27 30.50 0.00 0.00 HOLD
50.159	>>> V 0.00 0.00
50.160	S 6199568 -13.18 30.50 0.00 0.00 HOLD
50.178	>>> V 0.00 0.00
50.179	S 6199588 -13.18 30.50 0.00 0.00 HOLD
50.198	>>> V 0.00 0.00
50.199	S 6199608 -13.18 30.50 0.00 0.00 HOLD
50.218	>>> V 0.00 0.00
50.219	S 6199628 -13.18 30.50 0.00 0.00 HOLD
50.237	>>> V 0.00 0.00
50.240	S 6199648 -13.18 30.50 0.00 0.00 HOLD
50.258	>>> V 0.00 0.00
50.260	S 6199668 -13.18 30.50 0.00 0.00 HOLD
50.279	>>> V 0.00 0.00
50.280	S 6199688 -13.18 30.50 0.00 0.00 HOLD
50.298	>>> V 0.00 0.00
50.300	S 6199708 -13.18 30.50 0.00 0.00 HOLD
50.320	>>> V 0.00 0.00
50.321	S 6199728 -13.18 30.50 0.00 0.00 HOLD
50.339	>>> V 0.00 0.00
50.346	S 6199748 -13.18 30.50 0.00 0.00 HOLD
50.361	>>> V 0.00 0.00
50.361	S 6199768 -13.18 30.59 0.00 0.00 HOLD
50.378	>>> V 0.00 0.00
50.378	S 6199788 -13.18 30.50 0.00 0.00 HOLD
50.398	>>> V 0.00 0.00
50.399	S 6199808 -13.18 30.50 0.00 0.00 HOLD
50.419	>>> V 0.00 0.00
50.419	S 6199828 -13.18 30.59 0.00 0.00 HOLD
50.438	>>> V 0.00 0.00
50.438	S 6199848 -13.18 30.59 0.00 0.00 HOLD
50.459	>>> V 0.00 0.00
50.462	S 6199868 -13.18 30.50 0.00 0.00 HOLD
50.478	>>> V 0.00 0.00
50.480	S 6199888 -13.18 30.50 0.00 0.00 HOLD
50.499	>>> V 0.00 0.00
50.500	S 6199908 -13.18 30.50 0.00 0.00 HOLD
50.519	>>> V 0.00 0.00
50.519	S 6199928 -13.18 30.50 0.00 0.00 HOLD
50.539	>>> V 0.00 0.00
50.539	S 6199948 -13.18 30.50 0.00 0.00 HOLD
50.559	>>> V 0.00 0.00
50.561	S 6199968 -13.18 30.50 0.00 0.00 HOLD
50.580	>>> V 0.00 0.00
50.581	S 6199988 -13.27 30.50 0.00 0.00 HOLD
50.602	>>> V 0.00 0.00
50.603	S 6200009 -13.18 30.50 0.00 0.00 HOLD
50.620	>>> V 0.00 0.00
50.620	S 6200028 -13.18 30.50 0.00 0.00 HOLD
50.638	>>> V 0.00 0.00
50.639	S 6200048 -13.18 30.50 0.00 0.00 HOLD
50.661	>>> V 0.00 0.00
50.662	S 6200069 -13.18 30.50 0.00 0.00 HOLD
50.678	>>> V 0.00 0.00
50.678	S 6200088 -13.18 30.50 0.00 0.00 HOLD
50.713	>>> V 0.00 0.00
50.716	S 6200109 -13.18 30.50 0.00 0.00 HOLD
50.723	S 6200128 -13.18 30.50 0.00 0.00 HOLD
50.738	>>> V 0.00 0.00
50.739	S 6200148 -13.18 30.50 0.00 0.00 HOLD
50.747	>>> V 0.00 0.00
50.752	S 6200169 -13.18 30.50 0.00 0.00 HOLD
50.760	>>> V 0.00 0.00
50.778	>>> V 0.00 0.00
50.782	S 6200189 -13.18 30.50 0.00 0.00 HOLD
50.798	>>> V 0.00 0.00
50.801	S 6200209 -13.27 30.50 0.00 0.00 HOLD
50.820	>>> V 0.00 0.00
50.822	S 6200229 -13.18 30.50 0.00 0.00 HOLD
50.841	>>> V 0.00 0.00
50.842	S 6200249 -13.18 30.50 0.00 0.00 HOLD
50.865	>>> V 0.00 0.00
50.866	S 6200269 -13.18 30.50 0.00 0.00 HOLD
50.878	>>> V 0.00 0.00
50.879	S 6200289 -13.18 30.50 0.00 0.00 HOLD
50.898	>>> V 0.00 0.00
50.899	S 6200309 -13.18 30.50 0.00 0.00 HOLD
50.921	>>> V 0.00 0.00
50.924	S 6200329 -13.18 30.50 0.00 0.00 HOLD
50.938	>>> V 0.00 0.00
50.940	S 6200349 -13.18 30.50 0.00 0.00 HOLD
50.961	>>> V 0.00 0.00
50.962	S 6200369 -13.18 30.50 0.00 0.00 HOLD
50.978	>>> V 0.00 0.00
50.980	S 6200389 -13.18 30.50 0.00 0.00 HOLD
50.997	>>> V 0.00 0.00
50.998	S 6200409 -13.18 30.50 0.00 0.00 HOLD
51.018	>>> V 0.00 0.00
51.021	S 6200429 -13.18 30.50 0.00 0.00 HOLD
51.037	>>> V 0.00 0.00
51.038	S 6200449 -13.18 30.50 0.00 0.00 HOLD
51.058	>>> V 0.00 0.00
51.063	S 6200469 -13.18 30.50 0.00 0.00 HOLD
51.078	>>> V 0.00 0.00
51.078	S 6200489 -13.18 30.50 0.00 0.00 HOLD
51.098	>>> V 0.00 0.00
51.099	S 6200509 -13.18 30.50 0.00 0.00 HOLD
51.119	>>> V 0.00 0.00
51.121	S 6200529 -13.18 30.50 0.00 0.00 HOLD
51.138	>>> V 0.00 0.00
51.139	S 6200549 -13.18 30.50 0.00 0.00 HOLD
51.159	>>> V 0.00 0.00
51.159	S 6200569 -13.18 30.50 0.00 0.00 HOLD
51.178	>>> V 0.00 0.00
51.185	S 6200589 -13.18 30.50 0.00 0.00 HOLD
51.199	>>> V 0.00 0.00
51.200	S 6200609 -13.18 30.50 0.00 0.00 HOLD
51.218	>>> V 0.00 0.00
51.219	S 6200629 -13.18 30.50 0.00 0.00 HOLD
51.238	>>> V 0.00 0.00
51.238	S 6200649 -13.18 30.50 0.00 0.00 HOLD
51.258	>>> V 0.00 0.00
51.262	S 6200669 -13.18 30.50 0.00 0.00 HOLD
51.286	>>> V 0.00 0.00
51.287	S 6200689 -13.18 30.50 0.00 0.00 HOLD
51.300	>>> V 0.00 0.00
51.300	S 6200709 -13.18 30.50 0.00 0.00 HOLD
51.321	>>> V 0.00 0.00
51.321	S 6200729 -13.18 30.50 0.00 0.00 HOLD
51.338	>>> V 0.00 0.00
51.339	S 6200749 -13.18 30.50 0.00 0.00 HOLD
51.359	>>> V 0.00 0.00
51.360	S 6200769 -13.18 30.50 0.00 0.00 HOLD
51.388	>>> V 0.00 0.00
51.388	S 6200789 -13.18 30.50 0.00 0.00 HOLD
51.413	>>> V 0.00 0.00
51.413	S 6200809 -13.18 30.50 0.00 0.00 HOLD
51.419	S 6200829 -13.18 30.50 0.00 0.00 HOLD
51.437	>>> V 0.00 0.00
51.438	S 6200849 -13.18 30.50 0.00 0.00 HOLD
51.459	>>> V 0.00 0.00
51.462	S 6200869 -13.18 30.50 0.00 0.00 HOLD
51.479	>>> V 0.00 0.00
51.488	S 6200889 -13.18 30.50 0.00 0.00 HOLD
51.505	>>> V 0.00 0.00
51.505	S 6200909 -13.18 30.50 0.00 0.00 HOLD
51.519	>>> V 0.00 0.00
51.521	S 6200929 -13.27 30.50 0.00 0.00 HOLD
51.539	>>> V 0.00 0.00
51.542	S 6200949 -13.18 30.50 0.00 0.00 HOLD
51.559	>>> V 0.00 0.00
51.559	S 6200969 -13.18 30.50 0.00 0.00 HOLD
51.578	>>> V 0.00 0.00
51.578	S 6200989 -13.18 30.50 0.00 0.00 HOLD
51.600	>>> V 0.00 0.00
51.603	S 6201009 -13.18 30.50 0.00 0.00 HOLD
51.621	>>> V 0.00 0.00
51.621	S 6201029 -13.18 30.50 0.00 0.00 HOLD
51.640	>>> V 0.00 0.00
51.643	S 6201049 -13.18 30.50 0.00 0.00 HOLD
51.660	>>> V 0.00 0.00
51.663	S 6201069 -13.18 30.50 0.00 0.00 HOLD
51.679	>>> V 0.00 0.00
51.679	S 6201089 -13.18 30.50 0.00 0.00 HOLD
51.700	>>> V 0.00 0.00
51.700	S 6201109 -13.18 30.50 0.00 0.00 HOLD
51.718	>>> V 0.00 0.00
51.719	S 6201129 -13.18 30.50 0.00 0.00 HOLD
51.737	>>> V 0.00 0.00
51.739	S 6201149 -13.18 30.50 0.00 0.00 HOLD
51.758	>>> V 0.00 0.00
51.759	S 6201169 -13.18 30.50 0.00 0.00 HOLD
51.777	>>> V 0.00 0.00
51.778	S 6201189 -13.18 30.50 0.00 0.00 HOLD
51.798	>>> V 0.00 0.00
51.798	S 6201209 -13.18 30.50 0.00 0.00 HOLD
51.819	>>> V 0.00 0.00
51.821	S 6201229 -13.18 30.50 0.00 0.00 HOLD
51.843	>>> V 0.00 0.00
51.847	S 6201249 -13.18 30.50 0.00 0.00 HOLD
51.862	>>> V 0.00 0.00
51.863	S 6201269 -13.18 30.50 0.00 0.00 HOLD
51.882	>>> V 0.00 0.00
51.893	S 6201289 -13.18 30.50 0.00 0.00 HOLD
51.894	S 6201309 -13.18 30.50 0.00 0.00 HOLD
51.907	>>> V 0.00 0.00
51.918	>>> V 0.00 0.00
51.920	S 6201329 -13.18 30.50 0.00 0.00 HOLD
51.939	>>> V 0.00 0.00
51.940	S 6201349 -13.18 30.50 0.00 0.00 HOLD
51.967	>>> V 0.00 0.00
51.967	S 6201369 -13.18 30.50 0.00 0.00 HOLD
51.979	>>> V 0.00 0.00
51.980	S 6201389 -13.18 30.50 0.00 0.00 HOLD
51.998	>>> V 0.00 0.00
52.003	S 6201409 -13.18 30.50 0.00 0.00 HOLD
52.026	>>> V 0.00 0.00
52.026	S 6201429 -13.18 30.50 0.00 0.00 HOLD
52.039	>>> V 0.00 0.00
52.041	S 6201449 -13.18 30.50 0.00 0.00 HOLD
52.061	>>> V 0.00 0.00
52.064	S 6201469 -13.18 30.50 0.00 0.00 HOLD
52.079	>>> V 0.00 0.00
52.079	S 6201489 -13.18 30.50 0.00 0.00 HOLD
52.099	>>> V 0.00 0.00
52.100	S 6201509 -13.18 30.50 0.00 0.00 HOLD
52.120	>>> V 0.00 0.00
52.120	S 6201529 -13.18 30.50 0.00 0.00 HOLD
52.138	>>> V 0.00 0.00
52.139	S 6201549 -13.18 30.50 0.00 0.00 HOLD
52.158	>>> V 0.00 0.00
52.158	S 6201569 -13.18 30.50 0.00 0.00 HOLD
52.177	>>> V 0.00 0.00
52.178	S 6201589 -13.18 30.50 0.00 0.00 HOLD
52.198	>>> V 0.00 0.00
52.202	S 6201609 -13.18 30.50 0.00 0.00 HOLD
52.218	>>> V 0.00 0.00
52.220	S 6201629 -13.18 30.50 0.00 0.00 HOLD
52.238	>>> V 0.00 0.00
52.239	S 6201649 -13.18 30.50 0.00 0.00 HOLD
52.259	>>> V 0.00 0.00
52.259	S 6201669 -13.18 30.50 0.00 0.00 HOLD
52.277	>>> V 0.00 0.00
52.278	S 6201689 -13.18 30.50 0.00 0.00 HOLD
52.299	>>> V 0.00 0.00
52.300	S 6201709 -13.18 30.50 0.00 0.00 HOLD
52.322	>>> V 0.00 0.00
52.323	S 6201729 -13.18 30.50 0.00 0.00 HOLD
52.337	>>> V 0.00 0.00
52.338	S 6201749 -13.27 30.50 0.00 0.00 HOLD
52.360	>>> V 0.00 0.00
52.362	S 6201769 -13.18 30.50 0.00 0.00 HOLD
52.378	>>> V 0.00 0.00
52.379	S 6201789 -13.18 30.50 0.00 0.00 HOLD
52.398	>>> V 0.00 0.00
52.399	S 6201809 -13.18 30.50 0.00 0.00 HOLD
52.419	>>> V 0.00 0.00
52.420	S 6201829 -13.18 30.50 0.00 0.00 HOLD
52.438	>>> V 0.00 0.00
52.444	S 6201849 -13.18 30.50 0.00 0.00 HOLD
52.460	>>> V 0.00 0.00
52.471	S 6201869 -13.18 30.50 0.00 0.00 HOLD
52.490	>>> V 0.00 0.00
52.491	S 6201889 -13.18 30.50 0.00 0.00 HOLD
52.512	>>> V 0.00 0.00
52.513	S 6201909 -13.18 30.50 0.00 0.00 HOLD
52.519	S 6201929 -13.18 30.50 0.00 0.00 HOLD
52.532	>>> V 0.00 0.00
52.533	S 6201949 -13.18 30.50 0.00 0.00 HOLD
52.548	>>> V 0.00 0.00
52.562	>>> V 0.00 0.00
52.563	S 6201969 -13.18 30.50 0.00 0.00 HOLD
52.578	>>> V 0.00 0.00
52.580	S 6201989 -13.18 30.50 0.00 0.00 HOLD
52.600	>>> V 0.00 0.00
52.603	S 6202009 -13.18 30.50 0.00 0.00 HOLD
52.618	>>> V 0.00 0.00
52.620	S 6202029 -13.18 30.50 0.00 0.00 HOLD
52.642	>>> V 0.00 0.00
52.642	S 6202049 -13.18 30.50 0.00 0.00 HOLD
52.659	>>> V 0.00 0.00
52.664	S 6202069 -13.18 30.50 0.00 0.00 HOLD
52.678	>>> V 0.00 0.00
52.679	S 6202089 -13.18 30.50 0.00 0.00 HOLD
52.699	>>> V 0.00 0.00
52.699	S 6202109 -13.18 30.50 0.00 0.00 HOLD
52.720	>>> V 0.00 0.00
52.720	S 6202129 -13.18 30.50 0.00 0.00 HOLD
52.739	>>> V 0.00 0.00
52.742	S 6202149 -13.18 30.50 0.00 0.00 HOLD
52.760	>>> V 0.00 0.00
52.762	S 6202169 -13.18 30.50 0.00 0.00 HOLD
52.778	>>> V 0.00 0.00
52.780	S 6202189 -13.18 30.50 0.00 0.00 HOLD
52.798	>>> V 0.00 0.00
52.801	S 6202209 -13.18 30.50 0.00 0.00 HOLD
52.819	>>> V 0.00 0.00
52.822	S 6202229 -13.18 30.50 0.00 0.00 HOLD
52.837	>>> V 0.00 0.00
52.839	S 6202249 -13.18 30.50 0.00 0.00 HOLD
52.859	>>> V 0.00 0.00
52.861	S 6202269 -13.18 30.50 0.00 0.00 HOLD
52.880	>>> V 0.00 0.00
52.886	S 6202289 -13.18 30.50 0.00 0.00 HOLD
52.898	>>> V 0.00 0.00
52.898	S 6202309 -13.27 30.59 0.00 0.00 HOLD
52.918	>>> V 0.00 0.00
52.919	S 6202329 -13.18 30.50 0.00 0.00 HOLD
52.938	>>> V 0.00 0.00
52.938	S 6202349 -13.18 30.50 0.00 0.00 HOLD
52.958	>>> V 0.00 0.00
52.962	S 6202369 -13.18 30.50 0.00 0.00 HOLD
52.978	>>> V 0.00 0.00
52.978	S 6202389 -13.18 30.50 0.00 0.00 HOLD
52.998	>>> V 0.00 0.00
53.000	S 6202409 -13.18 30.50 0.00 0.00 HOLD
53.019	>>> V 0.00 0.00
53.021	S 6202429 -13.18 30.50 0.00 0.00 HOLD
53.038	>>> V 0.00 0.00
53.039	S 6202449 -13.18 30.50 0.00 0.00 HOLD
53.058	>>> V 0.00 0.00
53.061	S 6202469 -13.18 30.50 0.00 0.00 HOLD
53.078	>>> V 0.00 0.00
53.081	S 6202489 -13.18 30.50 0.00 0.00 HOLD
53.099	>>> V 0.00 0.00
53.099	S 6202509 -13.18 30.50 0.00 0.00 HOLD
53.122	>>> V 0.00 0.00
53.122	S 6202529 -13.18 30.50 0.00 0.00 HOLD
53.140	>>> V 0.00 0.00
53.141	S 6202549 -13.18 30.50 0.00 0.00 HOLD
53.159	>>> V 0.00 0.00
53.160	S 6202569 -13.18 30.50 0.00 0.00 HOLD
53.178	>>> V 0.00 0.00
53.180	S 6202589 -13.18 30.50 0.00 0.00 HOLD
53.199	>>> V 0.00 0.00
53.201	S 6202609 -13.18 30.50 0.00 0.00 HOLD
53.220	>>> V 0.00 0.00
53.221	S 6202629 -13.18 30.50 0.00 0.00 HOLD
53.238	>>> V 0.00 0.00
53.239	S 6202649 -13.18 30.50 0.00 0.00 HOLD
53.267	>>> V 0.00 0.00
53.269	S 6202669 -13.18 30.50 0.00 0.00 HOLD
53.283	>>> V 0.00 0.00
53.284	S 6202689 -13.18 30.50 0.00 0.00 HOLD
53.303	>>> V 0.00 0.00
53.304	S 6202709 -13.18 30.50 0.00 0.00 HOLD
53.318	>>> V 0.00 0.00
53.318	S 6202729 -13.18 30.50 0.00 0.00 HOLD
53.339	>>> V 0.00 0.00
53.342	S 6202749 -13.18 30.50 0.00 0.00 HOLD
53.362	>>> V 0.00 0.00
53.362	S 6202769 -13.18 30.50 0.00 0.00 HOLD
53.379	>>> V 0.00 0.00
53.380	S 6202789 -13.18 30.50 0.00 0.00 HOLD
53.399	>>> V 0.00 0.00
53.402	S 6202809 -13.18 30.50 0.00 0.00 HOLD
53.418	>>> V 0.00 0.00
53.420	S 6202829 -13.18 30.50 0.00 0.00 HOLD
53.437	>>> V 0.00 0.00
53.440	S 6202849 -13.18 30.50 0.00 0.00 HOLD
53.459	>>> V 0.00 0.00
53.460	S 6202869 -13.18 30.50 0.00 0.00 HOLD
53.479	>>> V 0.00 0.00
53.480	S 6202889 -13.18 30.50 0.00 0.00 HOLD
53.497	>>> V 0.00 0.00
53.499	S 6202909 -13.18 30.50 0.00 0.00 HOLD
53.520	>>> V 0.00 0.00
53.521	S 6202929 -13.18 30.50 0.00 0.00 HOLD
53.537	>>> V 0.00 0.00
53.538	S 6202949 -13.18 30.50 0.00 0.00 HOLD
53.558	>>> V 0.00 0.00
53.558	S 6202969 -13.18 30.50 0.00 0.00 HOLD
53.578	>>> V 0.00 0.00
53.581	S 6202989 -13.18 30.50 0.00 0.00 HOLD
53.597	>>> V 0.00 0.00
53.599	S 6203009 -13.18 30.50 0.00 0.00 HOLD
53.620	>>> V 0.00 0.00
53.621	S 6203029 -13.18 30.50 0.00 0.00 HOLD
53.637	>>> V 0.00 0.00
53.639	S 6203049 -13.18 30.50 0.00 0.00 HOLD
53.659	>>> V 0.00 0.00
53.663	S 6203069 -13.18 30.50 0.00 0.00 HOLD
53.686	>>> V 0.00 0.00
53.689	S 6203089 -13.18 30.50 0.00 0.00 HOLD
53.704	>>> V 0.00 0.00
53.708	S 6203109 -13.18 30.50 0.00 0.00 HOLD
53.717	>>> V 0.00 0.00
53.718	S 6203129 -13.18 30.50 0.00 0.00 HOLD
53.739	>>> V 0.00 0.00
53.742	S 6203149 -13.18 30.50 0.00 0.00 HOLD
53.761	>>> V 0.00 0.00
53.762	S 6203169 -13.18 30.50 0.00 0.00 HOLD
53.778	>>> V 0.00 0.00
53.781	S 6203189 -13.18 30.50 0.00 0.00 HOLD
53.798	>>> V 0.00 0.00
53.798	S 6203209 -13.18 30.50 0.00 0.00 HOLD
53.818	>>> V 0.00 0.00
53.819	S 6203229 -13.18 30.50 0.00 0.00 HOLD
53.839	>>> V 0.00 0.00
53.840	S 6203249 -13.18 30.50 0.00 0.00 HOLD
53.858	>>> V 0.00 0.00
53.859	S 6203269 -13.18 30.50 0.00 0.00 HOLD
53.880	>>> V 0.00 0.00
53.885	S 6203289 -13.18 30.50 0.00 0.00 HOLD
53.901	>>> V 0.00 0.00
53.902	S 6203309 -13.18 30.50 0.00 0.00 HOLD
53.918	>>> V 0.00 0.00
53.921	S 6203329 -13.18 30.59 0.00 0.00 HOLD
53.938	>>> V 0.00 0.00
53.941	S 6203349 -13.18 30.50 0.00 0.00 HOLD
53.958	>>> V 0.00 0.00
53.958	S 6203369 -13.18 30.50 0.00 0.00 HOLD
53.978	>>> V 0.00 0.00
53.981	S 6203389 -13.18 30.50 0.00 0.00 HOLD
53.998	>>> V 0.00 0.00
54.000	S 6203409 -13.18 30.50 0.00 0.00 HOLD
54.019	>>> V 0.00 0.00
54.020	S 6203429 -13.18 30.50 0.00 0.00 HOLD
54.038	>>> V 0.00 0.00
54.041	S 6203449 -13.18 30.50 0.00 0.00 HOLD
54.059	>>> V 0.00 0.00
54.060	S 6203469 -13.18 30.50 0.00 0.00 HOLD
54.078	>>> V 0.00 0.00
54.080	S 6203489 -13.18 30.50 0.00 0.00 HOLD
54.098	>>> V 0.00 0.00
54.099	S 6203509 -13.18 30.50 0.00 0.00 HOLD
54.121	>>> V 0.00 0.00
54.123	S 6203529 -13.18 30.59 0.00 0.00 HOLD
54.139	>>> V 0.00 0.00
54.139	S 6203549 -13.18 30.50 0.00 0.00 HOLD
54.158	>>> V 0.00 0.00
54.161	S 6203569 -13.18 30.50 0.00 0.00 HOLD
54.179	>>> V 0.00 0.00
54.182	S 6203589 -13.18 30.50 0.00 0.00 HOLD
54.199	>>> V 0.00 0.00
54.202	S 6203609 -13.18 30.50 0.00 0.00 HOLD
54.219	>>> V 0.00 0.00
54.222	S 6203629 -13.18 30.50 0.00 0.00 HOLD
54.247	>>> V 0.00 0.00
54.252	S 6203649 -13.18 30.50 0.00 0.00 HOLD
54.260	S 6203669 -13.18 30.50 0.00 0.00 HOLD
54.266	>>> V 0.00 0.00
54.279	>>> V 0.00 0.00
54.280	S 6203689 -13.18 30.50 0.00 0.00 HOLD
54.299	>>> V 0.00 0.00
54.299	S 6203709 -13.18 30.50 0.00 0.00 HOLD
54.321	>>> V 0.00 0.00
54.321	S 6203729 -13.18 30.50 0.00 0.00 HOLD
54.340	>>> V 0.00 0.00
54.341	S 6203749 -13.18 30.50 0.00 0.00 HOLD
54.358	>>> V 0.00 0.00
54.359	S 6203769 -13.18 30.50 0.00 0.00 HOLD
54.378	>>> V 0.00 0.00
54.379	S 6203789 -13.18 30.59 0.00 0.00 HOLD
54.398	>>> V 0.00 0.00
54.399	S 6203809 -13.18 30.50 0.00 0.00 HOLD
54.418	>>> V 0.00 0.00
54.420	S 6203829 -13.18 30.50 0.00 0.00 HOLD
54.438	>>> V 0.00 0.00
54.439	S 6203849 -13.18 30.50 0.00 0.00 HOLD
54.458	>>> V 0.00 0.00
54.461	S 6203869 -13.18 30.50 0.00 0.00 HOLD
54.483	>>> V 0.00 0.00
54.489	S 6203889 -13.18 30.50 0.00 0.00 HOLD
54.503	>>> V 0.00 0.00
54.505	S 6203909 -13.18 30.50 0.00 0.00 HOLD
54.519	>>> V 0.00 0.00
54.521	S 6203929 -13.18 30.50 0.00 0.00 HOLD
54.538	>>> V 0.00 0.00
54.539	S 6203949 -13.18 30.50 0.00 0.00 HOLD
54.560	>>> V 0.00 0.00
54.562	S 6203969 -13.18 30.50 0.00 0.00 HOLD
54.581	>>> V 0.00 0.00
54.581	S 6203989 -13.18 30.50 0.00 0.00 HOLD
54.598	>>> V 0.00 0.00
54.599	S 6204009 -13.18 30.50 0.00 0.00 HOLD
54.620	>>> V 0.00 0.00
54.621	S 6204029 -13.18 30.50 0.00 0.00 HOLD
54.641	>>> V 0.00 0.00
54.642	S 6204049 -13.18 30.50 0.00 0.00 HOLD
54.666	>>> V 0.00 0.00
54.669	S 6204069 -13.18 30.50 0.00 0.00 HOLD
54.679	>>> V 0.00 0.00
54.683	S 6204089 -13.18 30.50 0.00 0.00 HOLD
54.698	>>> V 0.00 0.00
54.702	S 6204109 -13.18 30.50 0.00 0.00 HOLD
54.719	>>> V 0.00 0.00
54.720	S 6204129 -13.18 30.50 0.00 0.00 HOLD
54.738	>>> V 0.00 0.00
54.741	S 6204149 -13.18 30.50 0.00 0.00 HOLD
54.761	>>> V 0.00 0.00
54.762	S 6204169 -13.18 30.50 0.00 0.00 HOLD
54.778	>>> V 0.00 0.00
54.779	S 6204189 -13.18 30.50 0.00 0.00 HOLD
54.799	>>> V 0.00 0.00
54.802	S 6204209 -13.18 30.50 0.00 0.00 HOLD
54.819	>>> V 0.00 0.00
54.820	S 6204229 -13.18 30.50 0.00 0.00 HOLD
54.838	>>> V 0.00 0.00
54.843	S 6204249 -13.18 30.50 0.00 0.00 HOLD
54.863	>>> V 0.00 0.00
54.864	S 6204269 -13.18 30.50 0.00 0.00 HOLD
54.879	>>> V 0.00 0.00
54.881	S 6204289 -13.18 30.50 0.00 0.00 HOLD
54.899	>>> V 0.00 0.00
54.899	S 6204309 -13.18 30.59 0.00 0.00 HOLD
54.928	>>> V 0.00 0.00
54.935	S 6204329 -13.18 30.50 0.00 0.00 HOLD
54.939	S 6204349 -13.18 30.50 0.00 0.00 HOLD
54.955	>>> V 0.00 0.00
54.956	S 6204369 -13.18 30.50 0.00 0.00 HOLD
54.973	>>> V 0.00 0.00
54.974	S 6204389 -13.18 30.50 0.00 0.00 HOLD
54.990	>>> V 0.00 0.00
54.992	S 6204409 -13.18 30.50 0.00 0.00 HOLD
55.013	>>> V 0.00 0.00
55.014	S 6204429 -13.18 30.50 0.00 0.00 HOLD
55.045	>>> V 0.00 0.00
55.045	S 6204449 -13.18 30.50 0.00 0.00 HOLD
55.059	>>> V 0.00 0.00
55.071	S 6204469 -13.18 30.50 0.00 0.00 HOLD
55.077	S 6204489 -13.18 30.50 0.00 0.00 HOLD
55.093	>>> V 0.00 0.00
55.094	S 6204509 -13.27 30.50 0.00 0.00 HOLD
55.116	>>> V 0.00 0.00
55.117	S 6204529 -13.18 30.50 0.00 0.00 HOLD
55.155	>>> V 0.00 0.00
55.156	S 6204549 -13.27 30.50 0.00 0.00 HOLD
55.157	S 6204569 -13.18 30.50 0.00 0.00 HOLD
55.188	>>> V 0.00 0.00
55.191	S 6204589 -13.18 30.50 0.00 0.00 HOLD
55.192	S 6204609 -13.18 30.50 0.00 0.00 HOLD
55.237	>>> V 0.00 0.00
55.238	S 6204629 -13.18 30.50 0.00 0.00 HOLD
55.239	S 6204649 -13.18 30.50 0.00 0.00 HOLD
55.287	>>> V 0.00 0.00
55.294	S 6204669 -13.18 30.50 0.00 0.00 HOLD
55.300	S 6204689 -13.18 30.50 0.00 0.00 HOLD
55.306	S 6204709 -13.18 30.50 0.00 0.00 HOLD
55.321	>>> V 0.00 0.00
55.321	S 6204729 -13.18 30.50 0.00 0.00 HOLD
55.347	>>> V 0.00 0.00
55.348	S 6204749 -13.18 30.59 0.00 0.00 HOLD
55.358	>>> V 0.00 0.00
55.358	S 6204769 -13.18 30.50 0.00 0.00 HOLD
55.378	>>> V 0.00 0.00
55.382	S 6204789 -13.18 30.50 0.00 0.00 HOLD
55.412	>>> V 0.00 0.00
55.413	S 6204809 -13.18 30.59 0.00 0.00 HOLD
55.414	S 6204829 -13.18 30.50 0.00 0.00 HOLD
55.432	>>> V 0.00 0.00
55.433	S 6204849 -13.18 30.50 0.00 0.00 HOLD
55.438	>>> V 0.00 0.00
55.460	>>> V 0.00 0.00
55.463	S 6204869 -13.18 30.50 0.00 0.00 HOLD
55.478	>>> V 0.00 0.00
55.478	S 6204889 -13.18 30.50 0.00 0.00 HOLD
55.498	>>> V 0.00 0.00
55.502	S 6204909 -13.18 30.50 0.00 0.00 HOLD
55.527	>>> V 0.00 0.00
55.530	S 6204929 -13.18 30.50 0.00 0.00 HOLD
55.545	>>> V 0.00 0.00
55.545	S 6204949 -13.18 30.50 0.00 0.00 HOLD
55.559	>>> V 0.00 0.00
55.559	S 6204969 -13.18 30.50 0.00 0.00 HOLD
55.578	>>> V 0.00 0.00
55.578	S 6204989 -13.18 30.50 0.00 0.00 HOLD
55.598	>>> V 0.00 0.00
55.601	S 6205009 -13.18 30.50 0.00 0.00 HOLD
55.619	>>> V 0.00 0.00
55.622	S 6205029 -13.18 30.50 0.00 0.00 HOLD
55.638	>>> V 0.00 0.00
55.640	S 6205049 -13.18 30.50 0.00 0.00 HOLD
55.664	>>> V 0.00 0.00
55.665	S 6205069 -13.18 30.50 0.00 0.00 HOLD
55.678	>>> V 0.00 0.00
55.687	S 6205089 -13.18 30.50 0.00 0.00 HOLD
55.701	>>> V 0.00 0.00
55.702	S 6205109 -13.18 30.50 0.00 0.00 HOLD
55.719	>>> V 0.00 0.00
55.722	S 6205129 -13.18 30.50 0.00 0.00 HOLD
55.738	>>> V 0.00 0.00
55.741	S 6205149 -13.18 30.50 0.00 0.00 HOLD
55.758	>>> V 0.00 0.00
55.763	S 6205169 -13.18 30.50 0.00 0.00 HOLD
55.792	>>> V 0.00 0.00
55.792	S 6205189 -13.18 30.50 0.00 0.00 HOLD
55.797	S 6205209 -13.18 30.50 0.00 0.00 HOLD
55.815	>>> V 0.00 0.00
55.829	S 6205229 -13.18 30.50 0.00 0.00 HOLD
55.835	>>> V 0.00 0.00
55.836	S 6205249 -13.18 30.50 0.00 0.00 HOLD
55.844	>>> V 0.00 0.00
55.870	>>> V 0.00 0.00
55.870	S 6205269 -13.18 30.50 0.00 0.00 HOLD
55.882	>>> V 0.00 0.00
55.882	S 6205289 -13.18 30.50 0.00 0.00 HOLD
55.901	>>> V 0.00 0.00
55.902	S 6205309 -13.18 30.50 0.00 0.00 HOLD
55.919	>>> V 0.00 0.00
55.920	S 6205329 -13.18 30.50 0.00 0.00 HOLD
55.941	>>> V 0.00 0.00
55.942	S 6205349 -13.18 30.50 0.00 0.00 HOLD
55.959	>>> V 0.00 0.00
55.960	S 6205369 -13.18 30.50 0.00 0.00 HOLD
55.987	>>> V 0.00 0.00
55.987	S 6205389 -13.18 30.50 0.00 0.00 HOLD
56.000	>>> V 0.00 0.00
56.001	S 6205409 -13.18 30.50 0.00 0.00 HOLD
56.019	>>> V 0.00 0.00
56.021	S 6205429 -13.18 30.50 0.00 0.00 HOLD
56.038	>>> V 0.00 0.00
56.040	S 6205449 -13.18 30.50 0.00 0.00 HOLD
56.060	>>> V 0.00 0.00
56.061	S 6205469 -13.18 30.50 0.00 0.00 HOLD
56.078	>>> V 0.00 0.00
56.084	S 6205489 -13.18 30.50 0.00 0.00 HOLD
56.100	>>> V 0.00 0.00
56.101	S 6205509 -13.18 30.50 0.00 0.00 HOLD
56.132	>>> V 0.00 0.00
56.133	S 6205529 -13.18 30.50 0.00 0.00 HOLD
56.133	S 6205549 -13.18 30.50 0.00 0.00 HOLD
56.141	>>> V 0.00 0.00
56.159	>>> V 0.00 0.00
56.160	S 6205569 -13.18 30.50 0.00 0.00 HOLD
56.178	>>> V 0.00 0.00
56.180	S 6205589 -13.18 30.50 0.00 0.00 HOLD
56.199	>>> V 0.00 0.00
56.199	S 6205609 -13.18 30.50 0.00 0.00 HOLD
56.218	>>> V 0.00 0.00
56.220	S 6205629 -13.18 30.50 0.00 0.00 HOLD
56.240	>>> V 0.00 0.00
56.243	S 6205649 -13.18 30.50 0.00 0.00 HOLD
56.261	>>> V 0.00 0.00
56.262	S 6205669 -13.18 30.50 0.00 0.00 HOLD
56.289	>>> V 0.00 0.00
56.289	S 6205689 -13.18 30.50 0.00 0.00 HOLD
56.299	>>> V 0.00 0.00
56.300	S 6205709 -13.18 30.50 0.00 0.00 HOLD
56.344	>>> V 0.00 0.00
56.347	S 6205729 -13.18 30.50 0.00 0.00 HOLD
56.351	S 6205749 -13.18 30.50 0.00 0.00 HOLD
56.375	>>> V 0.00 0.00
56.381	S 6205769 -13.27 30.50 0.00 0.00 HOLD
56.392	S 6205789 -13.18 30.50 0.00 0.00 HOLD
56.410	>>> V 0.00 0.00
56.413	S 6205809 -13.18 30.50 0.00 0.00 HOLD
56.417	S 6205829 -13.18 30.50 0.00 0.00 HOLD
56.422	>>> V 0.00 0.00
56.438	>>> V 0.00 0.00
56.440	S 6205849 -13.18 30.50 0.00 0.00 HOLD
56.457	>>> V 0.00 0.00
56.458	S 6205869 -13.18 30.50 0.00 0.00 HOLD
56.478	>>> V 0.00 0.00
56.479	S 6205889 -13.18 30.50 0.00 0.00 HOLD
56.500	>>> V 0.00 0.00
56.502	S 6205909 -13.18 30.50 0.00 0.00 HOLD
56.519	>>> V 0.00 0.00
56.522	S 6205929 -13.18 30.50 0.00 0.00 HOLD
56.539	>>> V 0.00 0.00
56.543	S 6205949 -13.18 30.50 0.00 0.00 HOLD
56.561	>>> V 0.00 0.00
56.562	S 6205969 -13.18 30.50 0.00 0.00 HOLD
56.580	>>> V 0.00 0.00
56.580	S 6205989 -13.18 30.50 0.00 0.00 HOLD
56.599	>>> V 0.00 0.00
56.599	S 6206009 -13.18 30.50 0.00 0.00 HOLD
56.619	>>> V 0.00 0.00
56.620	S 6206029 -13.18 30.50 0.00 0.00 HOLD
56.640	>>> V 0.00 0.00
56.641	S 6206049 -13.18 30.50 0.00 0.00 HOLD
56.666	>>> V 0.00 0.00
56.666	S 6206069 -13.18 30.50 0.00 0.00 HOLD
56.679	>>> V 0.00 0.00
56.688	S 6206089 -13.18 30.50 0.00 0.00 HOLD
56.698	>>> V 0.00 0.00
56.706	S 6206109 -13.18 30.50 0.00 0.00 HOLD
56.720	>>> V 0.00 0.00
56.728	S 6206129 -13.18 30.50 0.00 0.00 HOLD
56.754	>>> V 0.00 0.00
56.754	S 6206149 -13.18 30.50 0.00 0.00 HOLD
56.757	S 6206169 -13.18 30.59 0.00 0.00 HOLD
56.782	>>> V 0.00 0.00
56.794	S 6206189 -13.18 30.50 0.00 0.00 HOLD
56.797	S 6206209 -13.18 30.50 0.00 0.00 HOLD
56.801	>>> V 0.00 0.00
56.819	>>> V 0.00 0.00
56.820	S 6206229 -13.18 30.50 0.00 0.00 HOLD
56.839	>>> V 0.00 0.00
56.840	S 6206249 -13.18 30.50 0.00 0.00 HOLD
56.858	>>> V 0.00 0.00
56.859	S 6206269 -13.18 30.50 0.00 0.00 HOLD
56.878	>>> V 0.00 0.00
56.879	S 6206289 -13.18 30.50 0.00 0.00 HOLD
56.899	>>> V 0.00 0.00
56.901	S 6206309 -13.18 30.50 0.00 0.00 HOLD
56.918	>>> V 0.00 0.00
56.918	S 6206329 -13.18 30.50 0.00 0.00 HOLD
56.940	>>> V 0.00 0.00
56.942	S 6206349 -13.18 30.50 0.00 0.00 HOLD
56.958	>>> V 0.00 0.00
56.961	S 6206369 -13.18 30.50 0.00 0.00 HOLD
56.978	>>> V 0.00 0.00
56.978	S 6206389 -13.18 30.50 0.00 0.00 HOLD
56.998	>>> V 0.00 0.00
57.000	S 6206409 -13.18 30.50 0.00 0.00 HOLD
57.022	>>> V 0.00 0.00
57.023	S 6206429 -13.18 30.50 0.00 0.00 HOLD
57.047	>>> V 0.00 0.00
57.047	S 6206449 -13.18 30.50 0.00 0.00 HOLD
57.059	>>> V 0.00 0.00
57.059	S 6206469 -13.18 30.50 0.00 0.00 HOLD
57.078	>>> V 0.00 0.00
57.078	S 6206489 -13.18 30.50 0.00 0.00 HOLD
57.099	>>> V 0.00 0.00
57.100	S 6206509 -13.18 30.50 0.00 0.00 HOLD
57.118	>>> V 0.00 0.00
57.119	S 6206529 -13.18 30.50 0.00 0.00 HOLD
57.138	>>> V 0.00 0.00
57.140	S 6206549 -13.18 30.50 0.00 0.00 HOLD
57.158	>>> V 0.00 0.00
57.164	S 6206569 -13.18 30.59 0.00 0.00 HOLD
57.178	>>> V 0.00 0.00
57.179	S 6206589 -13.18 30.50 0.00 0.00 HOLD
57.200	>>> V 0.00 0.00
57.202	S 6206609 -13.18 30.50 0.00 0.00 HOLD
57.232	>>> V 0.00 0.00
57.233	S 6206629 -13.18 30.50 0.00 0.00 HOLD
57.240	S 6206649 -13.18 30.50 0.00 0.00 HOLD
57.246	>>> V 0.00 0.00
57.258	>>> V 0.00 0.00
57.258	S 6206669 -13.18 30.50 0.00 0.00 HOLD
57.280	>>> V 0.00 0.00
57.281	S 6206689 -13.18 30.50 0.00 0.00 HOLD
57.298	>>> V 0.00 0.00
57.299	S 6206709 -13.18 30.50 0.00 0.00 HOLD
57.318	>>> V 0.00 0.00
57.321	S 6206729 -13.18 30.50 0.00 0.00 HOLD
57.338	>>> V 0.00 0.00
57.340	S 6206749 -13.18 30.50 0.00 0.00 HOLD
57.358	>>> V 0.00 0.00
57.359	S 6206769 -13.18 30.50 0.00 0.00 HOLD
57.377	>>> V 0.00 0.00
57.378	S 6206789 -13.18 30.50 0.00 0.00 HOLD
57.403	>>> V 0.00 0.00
57.406	S 6206809 -13.27 30.50 0.00 0.00 HOLD
57.417	>>> V 0.00 0.00
57.418	S 6206829 -13.18 30.50 0.00 0.00 HOLD
57.440	>>> V 0.00 0.00
57.441	S 6206849 -13.18 30.59 0.00 0.00 HOLD
57.458	>>> V 0.00 0.00
57.458	S 6206869 -13.18 30.50 0.00 0.00 HOLD
57.480	>>> V 0.00 0.00
57.481	S 6206889 -13.18 30.50 0.00 0.00 HOLD
57.498	>>> V 0.00 0.00
57.499	S 6206909 -13.18 30.50 0.00 0.00 HOLD
57.518	>>> V 0.00 0.00
57.521	S 6206929 -13.18 30.50 0.00 0.00 HOLD
57.538	>>> V 0.00 0.00
57.541	S 6206949 -13.18 30.50 0.00 0.00 HOLD
57.557	>>> V 0.00 0.00
57.560	S 6206969 -13.18 30.59 0.00 0.00 HOLD
57.578	>>> V 0.00 0.00
57.579	S 6206989 -13.18 30.50 0.00 0.00 HOLD
57.599	>>> V 0.00 0.00
57.599	S 6207009 -13.18 30.50 0.00 0.00 HOLD
57.621	>>> V 0.00 0.00
57.625	S 6207029 -13.18 30.50 0.00 0.00 HOLD
57.639	>>> V 0.00 0.00
57.640	S 6207049 -13.27 30.50 0.00 0.00 HOLD
57.658	>>> V 0.00 0.00
57.662	S 6207069 -13.18 30.50 0.00 0.00 HOLD
57.679	>>> V 0.00 0.00
57.684	S 6207089 -13.18 30.50 0.00 0.00 HOLD
57.705	>>> V 0.00 0.00
57.706	S 6207109 -13.18 30.50 0.00 0.00 HOLD
57.718	>>> V 0.00 0.00
57.721	S 6207129 -13.18 30.50 0.00 0.00 HOLD
57.738	>>> V 0.00 0.00
57.738	S 6207149 -13.18 30.50 0.00 0.00 HOLD
57.759	>>> V 0.00 0.00
57.759	S 6207169 -13.18 30.50 0.00 0.00 HOLD
57.777	>>> V 0.00 0.00
57.780	S 6207189 -13.18 30.50 0.00 0.00 HOLD
57.797	>>> V 0.00 0.00
57.798	S 6207209 -13.18 30.50 0.00 0.00 HOLD
57.817	>>> V 0.00 0.00
57.818	S 6207229 -13.27 30.50 0.00 0.00 HOLD
57.848	>>> V 0.00 0.00
57.860	S 6207249 -13.18 30.50 0.00 0.00 HOLD
57.861	S 6207269 -13.18 30.50 0.00 0.00 HOLD
57.872	>>> V 0.00 0.00
57.873	S 6207289 -13.18 30.50 0.00 0.00 HOLD
57.889	>>> V 0.00 0.00
57.891	S 6207309 -13.18 30.50 0.00 0.00 HOLD
57.916	>>> V 0.00 0.00
57.917	S 6207329 -13.18 30.50 0.00 0.00 HOLD
57.925	>>> V 0.00 0.00
57.939	>>> V 0.00 0.00
57.968	S 6207349 -13.18 30.50 0.00 0.00 HOLD
57.974	S 6207369 -13.18 30.50 0.00 0.00 HOLD
57.983	>>> V 0.00 0.00
57.986	S 6207389 -13.18 30.50 0.00 0.00 HOLD
57.999	>>> V 0.00 0.00
57.999	S 6207409 -13.18 30.50 0.00 0.00 HOLD
58.017	>>> V 0.00 0.00
58.019	S 6207429 -13.18 30.50 0.00 0.00 HOLD
58.039	>>> V 0.00 0.00
58.042	S 6207449 -13.18 30.50 0.00 0.00 HOLD
58.058	>>> V 0.00 0.00
58.059	S 6207469 -13.18 30.50 0.00 0.00 HOLD
58.078	>>> V 0.00 0.00
58.080	S 6207489 -13.18 30.50 0.00 0.00 HOLD
58.098	>>> V 0.00 0.00
58.098	S 6207509 -13.18 30.50 0.00 0.00 HOLD
58.120	>>> V 0.00 0.00
58.123	S 6207529 -13.18 30.50 0.00 0.00 HOLD
58.140	>>> V 0.00 0.00
58.140	S 6207549 -13.18 30.50 0.00 0.00 HOLD
58.159	>>> V 0.00 0.00
58.160	S 6207570 -13.27 30.50 0.00 0.00 HOLD
58.179	>>> V 0.00 0.00
58.180	S 6207590 -13.18 30.50 0.00 0.00 HOLD
58.198	>>> V 0.00 0.00
58.202	S 6207610 -13.18 30.50 0.00 0.00 HOLD
58.221	>>> V 0.00 0.00
58.225	S 6207630 -13.18 30.50 0.00 0.00 HOLD
58.240	>>> V 0.00 0.00
58.242	S 6207650 -13.18 30.50 0.00 0.00 HOLD
58.258	>>> V 0.00 0.00
58.259	S 6207670 -13.18 30.50 0.00 0.00 HOLD
58.283	>>> V 0.00 0.00
58.284	S 6207690 -13.18 30.50 0.00 0.00 HOLD
58.300	>>> V 0.00 0.00
58.301	S 6207710 -13.18 30.50 0.00 0.00 HOLD
58.320	>>> V 0.00 0.00
58.324	S 6207730 -13.18 30.50 0.00 0.00 HOLD
58.339	>>> V 0.00 0.00
58.340	S 6207750 -13.18 30.50 0.00 0.00 HOLD
58.359	>>> V 0.00 0.00
58.359	S 6207770 -13.18 30.50 0.00 0.00 HOLD
58.379	>>> V 0.00 0.00
58.379	S 6207790 -13.18 30.50 0.00 0.00 HOLD
58.418	>>> V 0.00 0.00
58.419	S 6207810 -13.18 30.50 0.00 0.00 HOLD
58.420	S 6207830 -13.18 30.50 0.00 0.00 HOLD
58.433	>>> V 0.00 0.00
58.434	S 6207850 -13.18 30.50 0.00 0.00 HOLD
58.441	>>> V 0.00 0.00
58.459	>>> V 0.00 0.00
58.459	S 6207870 -13.18 30.50 0.00 0.00 HOLD
58.478	>>> V 0.00 0.00
58.481	S 6207890 -13.18 30.50 0.00 0.00 HOLD
58.500	>>> V 0.00 0.00
58.503	S 6207910 -13.18 30.50 0.00 0.00 HOLD
58.521	>>> V 0.00 0.00
58.522	S 6207930 -13.18 30.50 0.00 0.00 HOLD
58.538	>>> V 0.00 0.00
58.541	S 6207950 -13.18 30.50 0.00 0.00 HOLD
58.562	>>> V 0.00 0.00
58.565	S 6207970 -13.18 30.50 0.00 0.00 HOLD
58.578	>>> V 0.00 0.00
58.580	S 6207990 -13.18 30.50 0.00 0.00 HOLD
58.599	>>> V 0.00 0.00
58.600	S 6208010 -13.18 30.50 0.00 0.00 HOLD
58.618	>>> V 0.00 0.00
58.620	S 6208030 -13.18 30.50 0.00 0.00 HOLD
58.641	>>> V 0.00 0.00
58.644	S 6208050 -13.18 30.50 0.00 0.00 HOLD
58.658	>>> V 0.00 0.00
58.659	S 6208070 -13.18 30.50 0.00 0.00 HOLD
58.679	>>> V 0.00 0.00
58.683	S 6208090 -13.18 30.50 0.00 0.00 HOLD
58.701	>>> V 0.00 0.00
58.703	S 6208110 -13.18 30.50 0.00 0.00 HOLD
58.719	>>> V 0.00 0.00
58.720	S 6208130 -13.18 30.50 0.00 0.00 HOLD
58.740	>>> V 0.00 0.00
58.743	S 6208150 -13.18 30.50 0.00 0.00 HOLD
58.758	>>> V 0.00 0.00
58.761	S 6208170 -13.18 30.50 0.00 0.00 HOLD
58.779	>>> V 0.00 0.00
58.780	S 6208190 -13.18 30.50 0.00 0.00 HOLD
58.800	>>> V 0.00 0.00
58.800	S 6208210 -13.18 30.50 0.00 0.00 HOLD
58.818	>>> V 0.00 0.00
58.821	S 6208230 -13.18 30.50 0.00 0.00 HOLD
58.840	>>> V 0.00 0.00
58.841	S 6208250 -13.18 30.50 0.00 0.00 HOLD
58.858	>>> V 0.00 0.00
58.863	S 6208270 -13.18 30.50 0.00 0.00 HOLD
58.883	>>> V 0.00 0.00
58.886	S 6208290 -13.18 30.50 0.00 0.00 HOLD
58.899	>>> V 0.00 0.00
58.900	S 6208310 -13.18 30.50 0.00 0.00 HOLD
58.921	>>> V 0.00 0.00
58.921	S 6208330 -13.18 30.50 0.00 0.00 HOLD
58.938	>>> V 0.00 0.00
58.940	S 6208350 -13.18 30.50 0.00 0.00 HOLD
58.960	>>> V 0.00 0.00
58.963	S 6208370 -13.18 30.50 0.00 0.00 HOLD
58.977	>>> V 0.00 0.00
58.979	S 6208390 -13.27 30.50 0.00 0.00 HOLD
58.997	>>> V 0.00 0.00
59.002	S 6208410 -13.18 30.50 0.00 0.00 HOLD
59.020	>>> V 0.00 0.00
59.022	S 6208430 -13.18 30.50 0.00 0.00 HOLD
59.038	>>> V 0.00 0.00
59.040	S 6208450 -13.18 30.50 0.00 0.00 HOLD
59.057	>>> V 0.00 0.00
59.058	S 6208470 -13.18 30.50 0.00 0.00 HOLD
59.079	>>> V 0.00 0.00
59.081	S 6208490 -13.18 30.50 0.00 0.00 HOLD
59.098	>>> V 0.00 0.00
59.100	S 6208510 -13.18 30.50 0.00 0.00 HOLD
59.123	>>> V 0.00 0.00
59.124	S 6208530 -13.27 30.50 0.00 0.00 HOLD
59.138	>>> V 0.00 0.00
59.140	S 6208550 -13.18 30.50 0.00 0.00 HOLD
59.158	>>> V 0.00 0.00
59.159	S 6208570 -13.18 30.50 0.00 0.00 HOLD
59.178	>>> V 0.00 0.00
59.181	S 6208590 -13.18 30.50 0.00 0.00 HOLD
59.203	>>> V 0.00 0.00
59.208	S 6208610 -13.27 30.50 0.00 0.00 HOLD
59.226	>>> V 0.00 0.00
59.231	S 6208630 -13.18 30.50 0.00 0.00 HOLD
59.250	>>> V 0.00 0.00
59.250	S 6208650 -13.18 30.50 0.00 0.00 HOLD
59.267	>>> V 0.00 0.00
59.268	S 6208670 -13.18 30.50 0.00 0.00 HOLD
59.278	>>> V 0.00 0.00
59.279	S 6208690 -13.18 30.50 0.00 0.00 HOLD
59.298	>>> V 0.00 0.00
59.300	S 6208710 -13.18 30.50 0.00 0.00 HOLD
59.318	>>> V 0.00 0.00
59.318	S 6208730 -13.18 30.50 0.00 0.00 HOLD
59.338	>>> V 0.00 0.00
59.338	S 6208750 -13.18 30.50 0.00 0.00 HOLD
59.358	>>> V 0.00 0.00
59.358	S 6208770 -13.18 30.50 0.00 0.00 HOLD
59.378	>>> V 0.00 0.00
59.378	S 6208790 -13.18 30.50 0.00 0.00 HOLD
59.398	>>> V 0.00 0.00
59.400	S 6208810 -13.18 30.50 0.00 0.00 HOLD
59.419	>>> V 0.00 0.00
59.419	S 6208830 -13.18 30.50 0.00 0.00 HOLD
59.439	>>> V 0.00 0.00
59.441	S 6208850 -13.27 30.50 0.00 0.00 HOLD
59.461	>>> V 0.00 0.00
59.462	S 6208870 -13.18 30.50 0.00 0.00 HOLD
59.479	>>> V 0.00 0.00
59.480	S 6208890 -13.18 30.50 0.00 0.00 HOLD
59.501	>>> V 0.00 0.00
59.504	S 6208910 -13.18 30.50 0.00 0.00 HOLD
59.519	>>> V 0.00 0.00
59.519	S 6208930 -13.18 30.50 0.00 0.00 HOLD
59.538	>>> V 0.00 0.00
59.541	S 6208950 -13.18 30.50 0.00 0.00 HOLD
59.558	>>> V 0.00 0.00
59.559	S 6208970 -13.18 30.50 0.00 0.00 HOLD
59.579	>>> V 0.00 0.00
59.580	S 6208990 -13.18 30.50 0.00 0.00 HOLD
59.598	>>> V 0.00 0.00
59.599	S 6209010 -13.18 30.50 0.00 0.00 HOLD
59.618	>>> V 0.00 0.00
59.620	S 6209030 -13.18 30.50 0.00 0.00 HOLD
59.638	>>> V 0.00 0.00
59.641	S 6209050 -13.18 30.50 0.00 0.00 HOLD
59.662	>>> V 0.00 0.00
59.662	S 6209070 -13.18 30.50 0.00 0.00 HOLD
59.678	>>> V 0.00 0.00
59.682	S 6209090 -13.18 30.50 0.00 0.00 HOLD
59.697	>>> V 0.00 0.00
59.699	S 6209110 -13.18 30.50 0.00 0.00 HOLD
59.719	>>> V 0.00 0.00
59.720	S 6209130 -13.18 30.50 0.00 0.00 HOLD
59.739	>>> V 0.00 0.00
59.743	S 6209150 -13.18 30.50 0.00 0.00 HOLD
59.763	>>> V 0.00 0.00
59.764	S 6209170 -13.18 30.50 0.00 0.00 HOLD
59.779	>>> V 0.00 0.00
59.780	S 6209190 -13.18 30.50 0.00 0.00 HOLD
59.798	>>> V 0.00 0.00
59.799	S 6209210 -13.18 30.50 0.00 0.00 HOLD
59.818	>>> V 0.00 0.00
59.820	S 6209230 -13.18 30.50 0.00 0.00 HOLD
59.838	>>> V 0.00 0.00
59.840	S 6209250 -13.18 30.50 0.00 0.00 HOLD
59.858	>>> V 0.00 0.00
59.860	S 6209270 -13.18 30.50 0.00 0.00 HOLD
59.881	>>> V 0.00 0.00
59.882	S 6209290 -13.18 30.50 0.00 0.00 HOLD
59.901	>>> V 0.00 0.00
59.901	S 6209310 -13.18 30.50 0.00 0.00 HOLD
59.919	>>> V 0.00 0.00
59.919	S 6209330 -13.18 30.50 0.00 0.00 HOLD
59.939	>>> V 0.00 0.00
59.939	S 6209350 -13.18 30.50 0.00 0.00 HOLD
59.959	>>> V 0.00 0.00
59.961	S 6209370 -13.18 30.50 0.00 0.00 HOLD
59.984	>>> V 0.00 0.00
59.985	S 6209390 -13.18 30.50 0.00 0.00 HOLD
60.000	>>> V 0.00 0.00
60.002	S 6209410 -13.18 30.50 0.00 0.00 HOLD
60.020	>>> V 0.00 0.00
60.021	S 6209430 -13.18 30.50 0.00 0.00 HOLD
60.039	>>> V 0.00 0.00
60.042	S 6209450 -13.18 30.50 0.00 0.00 HOLD
60.066	>>> V 0.00 0.00
60.068	S 6209470 -13.18 30.50 0.00 0.00 HOLD
60.081	>>> V 0.00 0.00
60.083	S 6209490 -13.18 30.50 0.00 0.00 HOLD
60.101	>>> V 0.00 0.00
60.102	S 6209510 -13.18 30.59 0.00 0.00 HOLD
60.120	>>> V 0.00 0.00
60.121	S 6209530 -13.18 30.50 0.00 0.00 HOLD
60.138	>>> V 0.00 0.00
60.141	S 6209550 -13.18 30.50 0.00 0.00 HOLD
60.158	>>> V 0.00 0.00
60.159	S 6209570 -13.18 30.50 0.00 0.00 HOLD
60.184	>>> V 0.00 0.00
60.185	S 6209590 -13.18 30.50 0.00 0.00 HOLD
60.198	>>> V 0.00 0.00
60.200	S 6209610 -13.18 30.50 0.00 0.00 HOLD
60.218	>>> V 0.00 0.00
60.218	S 6209630 -13.18 30.59 0.00 0.00 HOLD
60.238	>>> V 0.00 0.00
60.241	S 6209650 -13.18 30.50 0.00 0.00 HOLD
60.269	>>> V 0.00 0.00
60.272	S 6209670 -13.18 30.50 0.00 0.00 HOLD
60.275	S 6209690 -13.18 30.50 0.00 0.00 HOLD
60.280	>>> V 0.00 0.00
60.298	>>> V 0.00 0.00
60.300	S 6209710 -13.18 30.50 0.00 0.00 HOLD
60.321	>>> V 0.00 0.00
60.327	S 6209730 -13.18 30.50 0.00 0.00 HOLD
60.341	>>> V 0.00 0.00
60.349	S 6209750 -13.18 30.50 0.00 0.00 HOLD
60.366	>>> V 0.00 0.00
60.367	S 6209770 -13.18 30.50 0.00 0.00 HOLD
60.384	>>> V 0.00 0.00
60.385	S 6209790 -13.18 30.50 0.00 0.00 HOLD
60.398	>>> V 0.00 0.00
60.399	S 6209810 -13.18 30.50 0.00 0.00 HOLD
60.437	>>> V 0.00 0.00
60.449	S 6209830 -13.18 30.59 0.00 0.00 HOLD
60.477	S 6209850 -13.18 30.50 0.00 0.00 HOLD
60.493	>>> V 0.00 0.00
60.497	S 6209870 -13.18 30.50 0.00 0.00 HOLD
60.497	S 6209890 -13.18 30.50 0.00 0.00 HOLD
60.498	S 6209910 -13.18 30.50 0.00 0.00 HOLD
60.509	>>> V 0.00 0.00
60.518	>>> V 0.00 0.00
60.519	S 6209930 -13.18 30.50 0.00 0.00 HOLD
60.543	>>> V 0.00 0.00
60.546	S 6209950 -13.18 30.50 0.00 0.00 HOLD
60.560	>>> V 0.00 0.00
60.562	S 6209970 -13.18 30.59 0.00 0.00 HOLD
60.582	>>> V 0.00 0.00
60.585	S 6209990 -13.18 30.50 0.00 0.00 HOLD
60.601	>>> V 0.00 0.00
60.602	S 6210010 -13.18 30.50 0.00 0.00 HOLD
60.620	>>> V 0.00 0.00
60.620	S 6210030 -13.18 30.50 0.00 0.00 HOLD
60.641	>>> V 0.00 0.00
60.642	S 6210050 -13.18 30.50 0.00 0.00 HOLD
60.660	>>> V 0.00 0.00
60.661	S 6210070 -13.18 30.50 0.00 0.00 HOLD
60.678	>>> V 0.00 0.00
60.679	S 6210090 -13.18 30.50 0.00 0.00 HOLD
60.699	>>> V 0.00 0.00
60.701	S 6210110 -13.18 30.50 0.00 0.00 HOLD
60.718	>>> V 0.00 0.00
60.719	S 6210130 -13.18 30.50 0.00 0.00 HOLD
60.739	>>> V 0.00 0.00
60.740	S 6210150 -13.27 30.50 0.00 0.00 HOLD
60.759	>>> V 0.00 0.00
60.763	S 6210170 -13.18 30.50 0.00 0.00 HOLD
60.778	>>> V 0.00 0.00
60.780	S 6210190 -13.18 30.50 0.00 0.00 HOLD
60.797	>>> V 0.00 0.00
60.799	S 6210210 -13.18 30.50 0.00 0.00 HOLD
60.818	>>> V 0.00 0.00
60.818	S 6210230 -13.18 30.50 0.00 0.00 HOLD
60.837	>>> V 0.00 0.00
60.839	S 6210250 -13.18 30.50 0.00 0.00 HOLD
60.857	>>> V 0.00 0.00
60.858	S 6210270 -13.18 30.50 0.00 0.00 HOLD
60.879	>>> V 0.00 0.00
60.880	S 6210290 -13.18 30.50 0.00 0.00 HOLD
60.900	>>> V 0.00 0.00
60.900	S 6210310 -13.18 30.50 0.00 0.00 HOLD
60.919	>>> V 0.00 0.00
60.920	S 6210330 -13.18 30.50 0.00 0.00 HOLD
60.937	>>> V 0.00 0.00
60.938	S 6210350 -13.18 30.50 0.00 0.00 HOLD
60.958	>>> V 0.00 0.00
60.958	S 6210370 -13.18 30.50 0.00 0.00 HOLD
60.977	>>> V 0.00 0.00
60.978	S 6210390 -13.18 30.50 0.00 0.00 HOLD
60.999	>>> V 0.00 0.00
61.000	S 6210410 -13.18 30.50 0.00 0.00 HOLD
61.018	>>> V 0.00 0.00
61.020	S 6210430 -13.18 30.50 0.00 0.00 HOLD
61.041	>>> V 0.00 0.00
61.041	S 6210450 -13.18 30.50 0.00 0.00 HOLD
61.057	>>> V 0.00 0.00
61.058	S 6210470 -13.18 30.50 0.00 0.00 HOLD
61.078	>>> V 0.00 0.00
61.083	S 6210490 -13.18 30.50 0.00 0.00 HOLD
61.098	>>> V 0.00 0.00
61.100	S 6210510 -13.18 30.50 0.00 0.00 HOLD
61.119	>>> V 0.00 0.00
61.121	S 6210530 -13.18 30.50 0.00 0.00 HOLD
61.138	>>> V 0.00 0.00
61.139	S 6210550 -13.18 30.50 0.00 0.00 HOLD
61.158	>>> V 0.00 0.00
61.165	S 6210570 -13.18 30.50 0.00 0.00 HOLD
61.185	>>> V 0.00 0.00
61.188	S 6210590 -13.18 30.50 0.00 0.00 HOLD
61.198	>>> V 0.00 0.00
61.202	S 6210610 -13.18 30.50 0.00 0.00 HOLD
61.220	>>> V 0.00 0.00
61.222	S 6210630 -13.18 30.50 0.00 0.00 HOLD
61.238	>>> V 0.00 0.00
61.238	S 6210650 -13.18 30.50 0.00 0.00 HOLD
61.258	>>> V 0.00 0.00
61.260	S 6210670 -13.18 30.50 0.00 0.00 HOLD
61.278	>>> V 0.00 0.00
61.279	S 6210690 -13.18 30.50 0.00 0.00 HOLD
61.300	>>> V 0.00 0.00
61.301	S 6210710 -13.18 30.50 0.00 0.00 HOLD
61.329	>>> V 0.00 0.00
61.330	S 6210730 -13.18 30.50 0.00 0.00 HOLD
61.338	>>> V 0.00 0.00
61.340	S 6210750 -13.18 30.50 0.00 0.00 HOLD
61.360	>>> V 0.00 0.00
61.361	S 6210770 -13.27 30.50 0.00 0.00 HOLD
61.385	>>> V 0.00 0.00
61.387	S 6210790 -13.18 30.50 0.00 0.00 HOLD
61.410	>>> V 0.00 0.00
61.413	S 6210810 -13.18 30.50 0.00 0.00 HOLD
61.415	S 6210830 -13.18 30.50 0.00 0.00 HOLD
61.421	>>> V 0.00 0.00
61.445	>>> V 0.00 0.00
61.448	S 6210850 -13.18 30.50 0.00 0.00 HOLD
61.458	>>> V 0.00 0.00
61.459	S 6210870 -13.27 30.50 0.00 0.00 HOLD
61.482	>>> V 0.00 0.00
61.483	S 6210890 -13.18 30.50 0.00 0.00 HOLD
61.503	>>> V 0.00 0.00
61.505	S 6210910 -13.18 30.50 0.00 0.00 HOLD
61.520	>>> V 0.00 0.00
61.520	S 6210930 -13.18 30.50 0.00 0.00 HOLD
61.538	>>> V 0.00 0.00
61.538	S 6210950 -13.18 30.50 0.00 0.00 HOLD
61.558	>>> V 0.00 0.00
61.559	S 6210970 -13.18 30.50 0.00 0.00 HOLD
61.578	>>> V 0.00 0.00
61.581	S 6210990 -13.18 30.50 0.00 0.00 HOLD
61.597	>>> V 0.00 0.00
61.598	S 6211010 -13.18 30.50 0.00 0.00 HOLD
61.618	>>> V 0.00 0.00
61.620	S 6211030 -13.18 30.50 0.00 0.00 HOLD
61.638	>>> V 0.00 0.00
61.640	S 6211050 -13.18 30.50 0.00 0.00 HOLD
61.658	>>> V 0.00 0.00
61.659	S 6211070 -13.18 30.50 0.00 0.00 HOLD
61.678	>>> V 0.00 0.00
61.679	S 6211090 -13.18 30.50 0.00 0.00 HOLD
61.698	>>> V 0.00 0.00
61.700	S 6211110 -13.18 30.50 0.00 0.00 HOLD
61.718	>>> V 0.00 0.00
61.723	S 6211130 -13.18 30.50 0.00 0.00 HOLD
61.738	>>> V 0.00 0.00
61.738	S 6211150 -13.18 30.50 0.00 0.00 HOLD
61.760	>>> V 0.00 0.00
61.761	S 6211170 -13.18 30.50 0.00 0.00 HOLD
61.779	>>> V 0.00 0.00
61.780	S 6211190 -13.18 30.50 0.00 0.00 HOLD
61.805	>>> V 0.00 0.00
61.810	S 6211210 -13.18 30.50 0.00 0.00 HOLD
61.818	>>> V 0.00 0.00
61.819	S 6211230 -13.18 30.50 0.00 0.00 HOLD
61.843	>>> V 0.00 0.00
61.847	S 6211250 -13.18 30.50 0.00 0.00 HOLD
61.858	>>> V 0.00 0.00
61.860	S 6211270 -13.18 30.50 0.00 0.00 HOLD
61.879	>>> V 0.00 0.00
61.883	S 6211290 -13.18 30.50 0.00 0.00 HOLD
61.901	>>> V 0.00 0.00
61.906	S 6211310 -13.18 30.50 0.00 0.00 HOLD
61.921	>>> V 0.00 0.00
61.922	S 6211330 -13.18 30.50 0.00 0.00 HOLD
61.955	>>> V 0.00 0.00
61.956	S 6211350 -13.18 30.50 0.00 0.00 HOLD
61.966	S 6211370 -13.18 30.59 0.00 0.00 HOLD
61.977	>>> V 0.00 0.00
61.978	S 6211390 -13.18 30.50 0.00 0.00 HOLD
61.992	>>> V 0.00 0.00
61.994	S 6211410 -13.18 30.50 0.00 0.00 HOLD
62.000	>>> V 0.00 0.00
62.021	>>> V 0.00 0.00
62.022	S 6211430 -13.18 30.50 0.00 0.00 HOLD
62.037	>>> V 0.00 0.00
62.038	S 6211450 -13.18 30.50 0.00 0.00 HOLD
62.059	>>> V 0.00 0.00
62.060	S 6211470 -13.18 30.50 0.00 0.00 HOLD
62.078	>>> V 0.00 0.00
62.082	S 6211490 -13.27 30.59 0.00 0.00 HOLD
62.098	>>> V 0.00 0.00
62.099	S 6211510 -13.18 30.50 0.00 0.00 HOLD
62.118	>>> V 0.00 0.00
62.120	S 6211530 -13.18 30.50 0.00 0.00 HOLD
62.138	>>> V 0.00 0.00
62.142	S 6211550 -13.18 30.50 0.00 0.00 HOLD
62.162	>>> V 0.00 0.00
62.164	S 6211570 -13.18 30.50 0.00 0.00 HOLD
62.179	>>> V 0.00 0.00
62.180	S 6211590 -13.27 30.50 0.00 0.00 HOLD
62.204	>>> V 0.00 0.00
62.205	S 6211610 -13.18 30.50 0.00 0.00 HOLD
62.218	>>> V 0.00 0.00
62.219	S 6211630 -13.18 30.50 0.00 0.00 HOLD
62.244	>>> V 0.00 0.00
62.246	S 6211650 -13.18 30.50 0.00 0.00 HOLD
62.260	>>> V 0.00 0.00
62.265	S 6211670 -13.18 30.50 0.00 0.00 HOLD
62.279	>>> V 0.00 0.00
62.282	S 6211690 -13.18 30.50 0.00 0.00 HOLD
62.297	>>> V 0.00 0.00
62.300	S 6211710 -13.18 30.50 0.00 0.00 HOLD
62.319	>>> V 0.00 0.00
62.321	S 6211730 -13.18 30.50 0.00 0.00 HOLD
62.339	>>> V 0.00 0.00
62.340	S 6211750 -13.18 30.50 0.00 0.00 HOLD
62.358	>>> V 0.00 0.00
62.360	S 6211770 -13.18 30.50 0.00 0.00 HOLD
62.379	>>> V 0.00 0.00
62.380	S 6211790 -13.18 30.50 0.00 0.00 HOLD
62.398	>>> V 0.00 0.00
62.401	S 6211810 -13.18 30.50 0.00 0.00 HOLD
62.419	>>> V 0.00 0.00
62.420	S 6211830 -13.18 30.50 0.00 0.00 HOLD
62.439	>>> V 0.00 0.00
62.440	S 6211850 -13.18 30.50 0.00 0.00 HOLD
62.459	>>> V 0.00 0.00
62.459	S 6211870 -13.18 30.50 0.00 0.00 HOLD
62.477	>>> V 0.00 0.00
62.479	S 6211890 -13.18 30.50 0.00 0.00 HOLD
62.499	>>> V 0.00 0.00
62.503	S 6211910 -13.18 30.50 0.00 0.00 HOLD
62.518	>>> V 0.00 0.00
62.519	S 6211930 -13.18 30.50 0.00 0.00 HOLD
62.540	>>> V 0.00 0.00
62.543	S 6211950 -13.18 30.50 0.00 0.00 HOLD
62.558	>>> V 0.00 0.00
62.559	S 6211970 -13.18 30.50 0.00 0.00 HOLD
62.578	>>> V 0.00 0.00
62.581	S 6211990 -13.18 30.50 0.00 0.00 HOLD
62.598	>>> V 0.00 0.00
62.599	S 6212010 -13.27 30.50 0.00 0.00 HOLD
62.621	>>> V 0.00 0.00
62.621	S 6212030 -13.18 30.50 0.00 0.00 HOLD
62.639	>>> V 0.00 0.00
62.642	S 6212050 -13.18 30.50 0.00 0.00 HOLD
62.660	>>> V 0.00 0.00
62.664	S 6212070 -13.18 30.50 0.00 0.00 HOLD
62.678	>>> V 0.00 0.00
62.681	S 6212090 -13.18 30.50 0.00 0.00 HOLD
62.707	>>> V 0.00 0.00
62.707	S 6212110 -13.18 30.50 0.00 0.00 HOLD
62.719	>>> V 0.00 0.00
62.720	S 6212130 -13.18 30.50 0.00 0.00 HOLD
62.749	>>> V 0.00 0.00
62.749	S 6212150 -13.18 30.50 0.00 0.00 HOLD
62.759	>>> V 0.00 0.00
62.759	S 6212170 -13.18 30.50 0.00 0.00 HOLD
62.780	>>> V 0.00 0.00
62.782	S 6212190 -13.18 30.50 0.00 0.00 HOLD
62.797	>>> V 0.00 0.00
62.800	S 6212210 -13.18 30.50 0.00 0.00 HOLD
62.819	>>> V 0.00 0.00
62.819	S 6212230 -13.18 30.50 0.00 0.00 HOLD
62.838	>>> V 0.00 0.00
62.839	S 6212250 -13.18 30.50 0.00 0.00 HOLD
62.862	>>> V 0.00 0.00
62.863	S 6212270 -13.18 30.50 0.00 0.00 HOLD
62.879	>>> V 0.00 0.00
62.880	S 6212290 -13.18 30.50 0.00 0.00 HOLD
62.898	>>> V 0.00 0.00
62.898	S 6212310 -13.18 30.50 0.00 0.00 HOLD
62.918	>>> V 0.00 0.00
62.918	S 6212330 -13.18 30.50 0.00 0.00 HOLD
62.939	>>> V 0.00 0.00
62.940	S 6212350 -13.18 30.50 0.00 0.00 HOLD
62.958	>>> V 0.00 0.00
62.959	S 6212370 -13.18 30.50 0.00 0.00 HOLD
62.978	>>> V 0.00 0.00
62.981	S 6212390 -13.18 30.50 0.00 0.00 HOLD
62.999	>>> V 0.00 0.00
63.000	S 6212410 -13.18 30.50 0.00 0.00 HOLD
63.019	>>> V 0.00 0.00
63.020	S 6212430 -13.18 30.50 0.00 0.00 HOLD
63.037	>>> V 0.00 0.00
63.039	S 6212450 -13.18 30.50 0.00 0.00 HOLD
63.058	>>> V 0.00 0.00
63.060	S 6212470 -13.18 30.50 0.00 0.00 HOLD
63.077	>>> V 0.00 0.00
63.080	S 6212490 -13.18 30.50 0.00 0.00 HOLD
63.099	>>> V 0.00 0.00
63.099	S 6212510 -13.18 30.50 0.00 0.00 HOLD
63.118	>>> V 0.00 0.00
63.120	S 6212530 -13.18 30.50 0.00 0.00 HOLD
63.139	>>> V 0.00 0.00
63.140	S 6212550 -13.18 30.50 0.00 0.00 HOLD
63.159	>>> V 0.00 0.00
63.159	S 6212570 -13.18 30.50 0.00 0.00 HOLD
63.178	>>> V 0.00 0.00
63.185	S 6212590 -13.18 30.50 0.00 0.00 HOLD
63.198	>>> V 0.00 0.00
63.206	S 6212610 -13.27 30.50 0.00 0.00 HOLD
63.219	>>> V 0.00 0.00
63.222	S 6212630 -13.18 30.50 0.00 0.00 HOLD
63.238	>>> V 0.00 0.00
63.240	S 6212650 -13.18 30.50 0.00 0.00 HOLD
63.259	>>> V 0.00 0.00
63.262	S 6212670 -13.18 30.50 0.00 0.00 HOLD
63.280	>>> V 0.00 0.00
63.282	S 6212690 -13.18 30.50 0.00 0.00 HOLD
63.298	>>> V 0.00 0.00
63.299	S 6212710 -13.18 30.50 0.00 0.00 HOLD
63.318	>>> V 0.00 0.00
63.319	S 6212730 -13.18 30.50 0.00 0.00 HOLD
63.342	>>> V 0.00 0.00
63.344	S 6212750 -13.18 30.59 0.00 0.00 HOLD
63.359	>>> V 0.00 0.00
63.360	S 6212770 -13.18 30.50 0.00 0.00 HOLD
63.379	>>> V 0.00 0.00
63.380	S 6212790 -13.18 30.50 0.00 0.00 HOLD
63.403	>>> V 0.00 0.00
63.403	S 6212810 -13.18 30.50 0.00 0.00 HOLD
63.421	>>> V 0.00 0.00
63.424	S 6212830 -13.18 30.50 0.00 0.00 HOLD
63.445	>>> V 0.00 0.00
63.445	S 6212850 -13.18 30.50 0.00 0.00 HOLD
63.458	>>> V 0.00 0.00
63.460	S 6212870 -13.18 30.50 0.00 0.00 HOLD
63.478	>>> V 0.00 0.00
63.490	S 6212890 -13.18 30.50 0.00 0.00 HOLD
63.503	>>> V 0.00 0.00
63.503	S 6212910 -13.18 30.50 0.00 0.00 HOLD
63.518	>>> V 0.00 0.00
63.523	S 6212930 -13.18 30.50 0.00 0.00 HOLD
63.548	>>> V 0.00 0.00
63.549	S 6212950 -13.18 30.50 0.00 0.00 HOLD
63.565	>>> V 0.00 0.00
63.567	S 6212970 -13.18 30.50 0.00 0.00 HOLD
63.578	>>> V 0.00 0.00
63.578	S 6212990 -13.18 30.50 0.00 0.00 HOLD
63.603	>>> V 0.00 0.00
63.604	S 6213010 -13.18 30.50 0.00 0.00 HOLD
63.618	>>> V 0.00 0.00
63.618	S 6213030 -13.18 30.59 0.00 0.00 HOLD
63.644	>>> V 0.00 0.00
63.645	S 6213050 -13.18 30.50 0.00 0.00 HOLD
63.658	>>> V 0.00 0.00
63.658	S 6213070 -13.18 30.50 0.00 0.00 HOLD
63.681	>>> V 0.00 0.00
63.681	S 6213090 -13.18 30.50 0.00 0.00 HOLD
63.703	>>> V 0.00 0.00
63.708	S 6213110 -13.18 30.50 0.00 0.00 HOLD
63.718	>>> V 0.00 0.00
63.722	S 6213130 -13.18 30.50 0.00 0.00 HOLD
63.751	>>> V 0.00 0.00
63.751	S 6213150 -13.18 30.50 0.00 0.00 HOLD
63.773	>>> V 0.00 0.00
63.777	S 6213170 -13.18 30.50 0.00 0.00 HOLD
63.787	S 6213190 -13.18 30.50 0.00 0.00 HOLD
63.801	>>> V 0.00 0.00
63.802	S 6213210 -13.18 30.50 0.00 0.00 HOLD
63.819	>>> V 0.00 0.00
63.827	S 6213230 -13.27 30.50 0.00 0.00 HOLD
63.850	>>> V 0.00 0.00
63.850	S 6213250 -13.18 30.50 0.00 0.00 HOLD
63.867	>>> V 0.00 0.00
63.872	S 6213270 -13.18 30.50 0.00 0.00 HOLD
63.878	S 6213290 -13.18 30.50 0.00 0.00 HOLD
63.892	>>> V 0.00 0.00
63.893	S 6213310 -13.18 30.50 0.00 0.00 HOLD
63.904	>>> V 0.00 0.00
63.926	>>> V 0.00 0.00
63.926	S 6213330 -13.27 30.50 0.00 0.00 HOLD
63.944	>>> V 0.00 0.00
63.948	S 6213350 -13.18 30.50 0.00 0.00 HOLD
63.959	>>> V 0.00 0.00
63.960	S 6213370 -13.18 30.50 0.00 0.00 HOLD
63.989	>>> V 0.00 0.00
63.990	S 6213390 -13.18 30.50 0.00 0.00 HOLD
64.015	>>> V 0.00 0.00
64.016	S 6213410 -13.18 30.50 0.00 0.00 HOLD
64.028	S 6213430 -13.18 30.50 0.00 0.00 HOLD
64.048	>>> V 0.00 0.00
64.049	S 6213450 -13.18 30.50 0.00 0.00 HOLD
64.060	>>> V 0.00 0.00
64.061	S 6213470 -13.18 30.50 0.00 0.00 HOLD
64.080	>>> V 0.00 0.00
64.081	S 6213490 -13.27 30.50 0.00 0.00 HOLD
64.098	>>> V 0.00 0.00
64.099	S 6213510 -13.18 30.50 0.00 0.00 HOLD
64.123	>>> V 0.00 0.00
64.125	S 6213530 -13.18 30.50 0.00 0.00 HOLD
64.140	>>> V 0.00 0.00
64.140	S 6213550 -13.18 30.50 0.00 0.00 HOLD
64.158	>>> V 0.00 0.00
64.159	S 6213570 -13.18 30.50 0.00 0.00 HOLD
64.178	>>> V 0.00 0.00
64.178	S 6213590 -13.18 30.50 0.00 0.00 HOLD
64.198	>>> V 0.00 0.00
64.199	S 6213610 -13.18 30.50 0.00 0.00 HOLD
64.222	>>> V 0.00 0.00
64.225	S 6213630 -13.18 30.50 0.00 0.00 HOLD
64.238	>>> V 0.00 0.00
64.239	S 6213650 -13.18 30.59 0.00 0.00 HOLD
64.259	>>> V 0.00 0.00
64.260	S 6213670 -13.18 30.50 0.00 0.00 HOLD
64.278	>>> V 0.00 0.00
64.279	S 6213690 -13.18 30.50 0.00 0.00 HOLD
64.298	>>> V 0.00 0.00
64.301	S 6213710 -13.18 30.50 0.00 0.00 HOLD
64.318	>>> V 0.00 0.00
64.320	S 6213730 -13.18 30.50 0.00 0.00 HOLD
64.337	>>> V 0.00 0.00
64.339	S 6213750 -13.18 30.50 0.00 0.00 HOLD
64.357	>>> V 0.00 0.00
64.358	S 6213770 -13.18 30.50 0.00 0.00 HOLD
64.379	>>> V 0.00 0.00
64.382	S 6213790 -13.18 30.50 0.00 0.00 HOLD
64.399	>>> V 0.00 0.00
64.399	S 6213810 -13.18 30.50 0.00 0.00 HOLD
64.419	>>> V 0.00 0.00
64.421	S 6213830 -13.27 30.50 0.00 0.00 HOLD
64.438	>>> V 0.00 0.00
64.439	S 6213850 -13.18 30.50 0.00 0.00 HOLD
64.458	>>> V 0.00 0.00
64.462	S 6213870 -13.18 30.50 0.00 0.00 HOLD
64.478	>>> V 0.00 0.00
64.478	S 6213890 -13.18 30.50 0.00 0.00 HOLD
64.497	>>> V 0.00 0.00
64.498	S 6213910 -13.18 30.50 0.00 0.00 HOLD
64.519	>>> V 0.00 0.00
64.522	S 6213930 -13.18 30.50 0.00 0.00 HOLD
64.538	>>> V 0.00 0.00
64.544	S 6213950 -13.18 30.50 0.00 0.00 HOLD
64.557	>>> V 0.00 0.00
64.558	S 6213970 -13.18 30.50 0.00 0.00 HOLD
64.578	>>> V 0.00 0.00
64.582	S 6213990 -13.18 30.50 0.00 0.00 HOLD
64.600	>>> V 0.00 0.00
64.602	S 6214010 -13.18 30.50 0.00 0.00 HOLD
64.629	>>> V 0.00 0.00
64.629	S 6214030 -13.18 30.50 0.00 0.00 HOLD
64.642	>>> V 0.00 0.00
64.645	S 6214050 -13.18 30.50 0.00 0.00 HOLD
64.660	>>> V 0.00 0.00
64.661	S 6214070 -13.18 30.50 0.00 0.00 HOLD
64.677	>>> V 0.00 0.00
64.678	S 6214090 -13.18 30.50 0.00 0.00 HOLD
64.699	>>> V 0.00 0.00
64.700	S 6214110 -13.18 30.50 0.00 0.00 HOLD
64.718	>>> V 0.00 0.00
64.719	S 6214130 -13.18 30.50 0.00 0.00 HOLD
64.739	>>> V 0.00 0.00
64.740	S 6214150 -13.18 30.59 0.00 0.00 HOLD
64.759	>>> V 0.00 0.00
64.759	S 6214170 -13.18 30.50 0.00 0.00 HOLD
64.779	>>> V 0.00 0.00
64.787	S 6214190 -13.18 30.50 0.00 0.00 HOLD
64.802	>>> V 0.00 0.00
64.803	S 6214210 -13.18 30.50 0.00 0.00 HOLD
64.819	>>> V 0.00 0.00
64.819	S 6214230 -13.18 30.50 0.00 0.00 HOLD
64.839	>>> V 0.00 0.00
64.842	S 6214250 -13.18 30.50 0.00 0.00 HOLD
64.858	>>> V 0.00 0.00
64.858	S 6214270 -13.18 30.50 0.00 0.00 HOLD
64.880	>>> V 0.00 0.00
64.882	S 6214290 -13.18 30.50 0.00 0.00 HOLD
64.898	>>> V 0.00 0.00
64.901	S 6214310 -13.18 30.50 0.00 0.00 HOLD
64.918	>>> V 0.00 0.00
64.926	S 6214330 -13.18 30.50 0.00 0.00 HOLD
64.938	>>> V 0.00 0.00
64.939	S 6214350 -13.18 30.50 0.00 0.00 HOLD
64.958	>>> V 0.00 0.00
64.959	S 6214370 -13.18 30.50 0.00 0.00 HOLD
64.980	>>> V 0.00 0.00
64.981	S 6214390 -13.18 30.50 0.00 0.00 HOLD
65.001	>>> V 0.00 0.00
65.003	S 6214410 -13.18 30.50 0.00 0.00 HOLD
65.018	>>> V 0.00 0.00
65.019	S 6214430 -13.18 30.50 0.00 0.00 HOLD
65.040	>>> V 0.00 0.00
65.041	S 6214450 -13.18 30.50 0.00 0.00 HOLD
65.060	>>> V 0.00 0.00
65.060	S 6214470 -13.18 30.50 0.00 0.00 HOLD
65.078	>>> V 0.00 0.00
65.079	S 6214490 -13.18 30.50 0.00 0.00 HOLD
65.109	>>> V 0.00 0.00
65.110	S 6214510 -13.18 30.50 0.00 0.00 HOLD
65.117	>>> V 0.00 0.00
65.123	S 6214530 -13.18 30.50 0.00 0.00 HOLD
65.144	>>> V 0.00 0.00
65.145	S 6214550 -13.18 30.50 0.00 0.00 HOLD
65.158	>>> V 0.00 0.00
65.160	S 6214570 -13.18 30.50 0.00 0.00 HOLD
65.177	>>> V 0.00 0.00
65.178	S 6214590 -13.18 30.50 0.00 0.00 HOLD
65.198	>>> V 0.00 0.00
65.203	S 6214610 -13.18 30.50 0.00 0.00 HOLD
65.218	>>> V 0.00 0.00
65.219	S 6214630 -13.18 30.50 0.00 0.00 HOLD
65.239	>>> V 0.00 0.00
65.240	S 6214650 -13.18 30.50 0.00 0.00 HOLD
65.264	>>> V 0.00 0.00
65.264	S 6214670 -13.18 30.50 0.00 0.00 HOLD
65.282	>>> V 0.00 0.00
65.283	S 6214690 -13.18 30.50 0.00 0.00 HOLD
65.300	>>> V 0.00 0.00
65.303	S 6214710 -13.18 30.50 0.00 0.00 HOLD
65.318	>>> V 0.00 0.00
65.321	S 6214730 -13.18 30.50 0.00 0.00 HOLD
65.340	>>> V 0.00 0.00
65.341	S 6214750 -13.18 30.50 0.00 0.00 HOLD
65.359	>>> V 0.00 0.00
65.362	S 6214770 -13.18 30.50 0.00 0.00 HOLD
65.378	>>> V 0.00 0.00
65.378	S 6214790 -13.18 30.50 0.00 0.00 HOLD
65.401	>>> V 0.00 0.00
65.404	S 6214810 -13.18 30.50 0.00 0.00 HOLD
65.418	>>> V 0.00 0.00
65.421	S 6214830 -13.18 30.50 0.00 0.00 HOLD
65.443	>>> V 0.00 0.00
65.443	S 6214850 -13.18 30.50 0.00 0.00 HOLD
65.458	>>> V 0.00 0.00
65.459	S 6214870 -13.18 30.50 0.00 0.00 HOLD
65.478	>>> V 0.00 0.00
65.479	S 6214890 -13.18 30.50 0.00 0.00 HOLD
65.498	>>> V 0.00 0.00
65.498	S 6214911 -13.18 30.50 0.00 0.00 HOLD
65.518	>>> V 0.00 0.00
65.522	S 6214931 -13.18 30.50 0.00 0.00 HOLD
65.538	>>> V 0.00 0.00
65.538	S 6214951 -13.18 30.50 0.00 0.00 HOLD
65.558	>>> V 0.00 0.00
65.558	S 6214971 -13.18 30.50 0.00 0.00 HOLD
65.578	>>> V 0.00 0.00
65.579	S 6214991 -13.18 30.50 0.00 0.00 HOLD
65.598	>>> V 0.00 0.00
65.599	S 6215011 -13.18 30.50 0.00 0.00 HOLD
65.617	>>> V 0.00 0.00
65.619	S 6215031 -13.18 30.50 0.00 0.00 HOLD
65.639	>>> V 0.00 0.00
65.639	S 6215051 -13.18 30.50 0.00 0.00 HOLD
65.658	>>> V 0.00 0.00
65.658	S 6215071 -13.18 30.50 0.00 0.00 HOLD
65.679	>>> V 0.00 0.00
65.679	S 6215091 -13.27 30.50 0.00 0.00 HOLD
65.701	>>> V 0.00 0.00
65.704	S 6215111 -13.18 30.50 0.00 0.00 HOLD
65.718	>>> V 0.00 0.00
65.719	S 6215131 -13.18 30.50 0.00 0.00 HOLD
65.739	>>> V 0.00 0.00
65.740	S 6215151 -13.18 30.50 0.00 0.00 HOLD
65.757	>>> V 0.00 0.00
65.758	S 6215171 -13.18 30.50 0.00 0.00 HOLD
65.778	>>> V 0.00 0.00
65.780	S 6215191 -13.18 30.50 0.00 0.00 HOLD
65.797	>>> V 0.00 0.00
65.799	S 6215211 -13.18 30.50 0.00 0.00 HOLD
65.818	>>> V 0.00 0.00
65.822	S 6215231 -13.18 30.50 0.00 0.00 HOLD
65.838	>>> V 0.00 0.00
65.839	S 6215251 -13.18 30.50 0.00 0.00 HOLD
65.859	>>> V 0.00 0.00
65.859	S 6215271 -13.18 30.50 0.00 0.00 HOLD
65.878	>>> V 0.00 0.00
65.878	S 6215291 -13.18 30.50 0.00 0.00 HOLD
65.898	>>> V 0.00 0.00
65.900	S 6215311 -13.18 30.59 0.00 0.00 HOLD
65.918	>>> V 0.00 0.00
65.919	S 6215331 -13.27 30.50 0.00 0.00 HOLD
65.941	>>> V 0.00 0.00
65.941	S 6215351 -13.18 30.50 0.00 0.00 HOLD
65.958	>>> V 0.00 0.00
65.959	S 6215371 -13.18 30.50 0.00 0.00 HOLD
65.978	>>> V 0.00 0.00
65.979	S 6215391 -13.18 30.50 0.00 0.00 HOLD
65.998	>>> V 0.00 0.00
65.998	S 6215411 -13.18 30.50 0.00 0.00 HOLD
66.017	>>> V 0.00 0.00
66.018	S 6215431 -13.18 30.50 0.00 0.00 HOLD
66.039	>>> V 0.00 0.00
66.041	S 6215451 -13.18 30.50 0.00 0.00 HOLD
66.057	>>> V 0.00 0.00
66.058	S 6215471 -13.18 30.50 0.00 0.00 HOLD
66.080	>>> V 0.00 0.00
66.081	S 6215491 -13.18 30.50 0.00 0.00 HOLD
66.099	>>> V 0.00 0.00
66.099	S 6215511 -13.18 30.50 0.00 0.00 HOLD
66.122	>>> V 0.00 0.00
66.125	S 6215531 -13.18 30.50 0.00 0.00 HOLD
66.138	>>> V 0.00 0.00
66.138	S 6215551 -13.18 30.50 0.00 0.00 HOLD
66.157	>>> V 0.00 0.00
66.158	S 6215571 -13.18 30.50 0.00 0.00 HOLD
66.177	>>> V 0.00 0.00
66.178	S 6215591 -13.18 30.50 0.00 0.00 HOLD
66.200	>>> V 0.00 0.00
66.200	S 6215611 -13.18 30.50 0.00 0.00 HOLD
66.218	>>> V 0.00 0.00
66.220	S 6215631 -13.27 30.50 0.00 0.00 HOLD
66.241	>>> V 0.00 0.00
66.242	S 6215651 -13.18 30.50 0.00 0.00 HOLD
66.259	>>> V 0.00 0.00
66.260	S 6215671 -13.18 30.50 0.00 0.00 HOLD
66.278	>>> V 0.00 0.00
66.278	S 6215691 -13.18 30.50 0.00 0.00 HOLD
66.299	>>> V 0.00 0.00
66.301	S 6215711 -13.18 30.50 0.00 0.00 HOLD
66.322	>>> V 0.00 0.00
66.326	S 6215731 -13.18 30.50 0.00 0.00 HOLD
66.338	>>> V 0.00 0.00
66.342	S 6215751 -13.18 30.50 0.00 0.00 HOLD
66.362	>>> V 0.00 0.00
66.364	S 6215771 -13.18 30.50 0.00 0.00 HOLD
66.378	>>> V 0.00 0.00
66.378	S 6215791 -13.18 30.50 0.00 0.00 HOLD
66.398	>>> V 0.00 0.00
66.398	S 6215811 -13.18 30.50 0.00 0.00 HOLD
66.418	>>> V 0.00 0.00
66.420	S 6215831 -13.18 30.50 0.00 0.00 HOLD
66.438	>>> V 0.00 0.00
66.441	S 6215851 -13.18 30.50 0.00 0.00 HOLD
66.459	>>> V 0.00 0.00
66.460	S 6215871 -13.18 30.50 0.00 0.00 HOLD
66.482	>>> V 0.00 0.00
66.484	S 6215891 -13.18 30.50 0.00 0.00 HOLD
66.498	>>> V 0.00 0.00
66.498	S 6215911 -13.18 30.50 0.00 0.00 HOLD
66.520	>>> V 0.00 0.00
66.524	S 6215931 -13.18 30.50 0.00 0.00 HOLD
66.538	>>> V 0.00 0.00
66.538	S 6215951 -13.18 30.50 0.00 0.00 HOLD
66.558	>>> V 0.00 0.00
66.562	S 6215971 -13.18 30.50 0.00 0.00 HOLD
66.578	>>> V 0.00 0.00
66.578	S 6215991 -13.18 30.50 0.00 0.00 HOLD
66.600	>>> V 0.00 0.00
66.601	S 6216011 -13.18 30.50 0.00 0.00 HOLD
66.618	>>> V 0.00 0.00
66.620	S 6216031 -13.18 30.50 0.00 0.00 HOLD
66.639	>>> V 0.00 0.00
66.639	S 6216051 -13.18 30.50 0.00 0.00 HOLD
66.657	>>> V 0.00 0.00
66.658	S 6216071 -13.18 30.50 0.00 0.00 HOLD
66.678	>>> V 0.00 0.00
66.681	S 6216091 -13.18 30.50 0.00 0.00 HOLD
66.698	>>> V 0.00 0.00
66.698	S 6216111 -13.18 30.50 0.00 0.00 HOLD
66.722	>>> V 0.00 0.00
66.725	S 6216131 -13.18 30.50 0.00 0.00 HOLD
66.738	>>> V 0.00 0.00
66.738	S 6216151 -13.18 30.50 0.00 0.00 HOLD
66.758	>>> V 0.00 0.00
66.758	S 6216171 -13.18 30.50 0.00 0.00 HOLD
66.778	>>> V 0.00 0.00
66.779	S 6216191 -13.18 30.50 0.00 0.00 HOLD
66.798	>>> V 0.00 0.00
66.799	S 6216211 -13.27 30.50 0.00 0.00 HOLD
66.818	>>> V 0.00 0.00
66.819	S 6216231 -13.18 30.50 0.00 0.00 HOLD
66.840	>>> V 0.00 0.00
66.841	S 6216251 -13.18 30.50 0.00 0.00 HOLD
66.858	>>> V 0.00 0.00
66.858	S 6216271 -13.18 30.50 0.00 0.00 HOLD
66.879	>>> V 0.00 0.00
66.882	S 6216291 -13.18 30.50 0.00 0.00 HOLD
66.898	>>> V 0.00 0.00
66.900	S 6216311 -13.18 30.50 0.00 0.00 HOLD
66.919	>>> V 0.00 0.00
66.919	S 6216331 -13.18 30.50 0.00 0.00 HOLD
66.938	>>> V 0.00 0.00
66.939	S 6216351 -13.18 30.50 0.00 0.00 HOLD
66.959	>>> V 0.00 0.00
66.960	S 6216371 -13.18 30.50 0.00 0.00 HOLD
66.979	>>> V 0.00 0.00
66.980	S 6216391 -13.18 30.50 0.00 0.00 HOLD
66.998	>>> V 0.00 0.00
67.000	S 6216411 -13.18 30.50 0.00 0.00 HOLD
67.020	>>> V 0.00 0.00
67.022	S 6216431 -13.18 30.50 0.00 0.00 HOLD
67.041	>>> V 0.00 0.00
67.042	S 6216451 -13.18 30.50 0.00 0.00 HOLD
67.059	>>> V 0.00 0.00
67.062	S 6216471 -13.18 30.50 0.00 0.00 HOLD
67.078	>>> V 0.00 0.00
67.081	S 6216491 -13.18 30.50 0.00 0.00 HOLD
67.102	>>> V 0.00 0.00
67.106	S 6216511 -13.18 30.50 0.00 0.00 HOLD
67.121	>>> V 0.00 0.00
67.122	S 6216531 -13.18 30.50 0.00 0.00 HOLD
67.140	>>> V 0.00 0.00
67.140	S 6216551 -13.18 30.50 0.00 0.00 HOLD
67.158	>>> V 0.00 0.00
67.159	S 6216571 -13.18 30.50 0.00 0.00 HOLD
67.178	>>> V 0.00 0.00
67.180	S 6216591 -13.18 30.50 0.00 0.00 HOLD
67.198	>>> V 0.00 0.00
67.200	S 6216611 -13.18 30.59 0.00 0.00 HOLD
67.220	>>> V 0.00 0.00
67.223	S 6216631 -13.18 30.50 0.00 0.00 HOLD
67.238	>>> V 0.00 0.00
67.239	S 6216651 -13.18 30.50 0.00 0.00 HOLD
67.259	>>> V 0.00 0.00
67.260	S 6216671 -13.18 30.50 0.00 0.00 HOLD
67.277	>>> V 0.00 0.00
67.278	S 6216691 -13.18 30.50 0.00 0.00 HOLD
67.301	>>> V 0.00 0.00
67.302	S 6216711 -13.18 30.50 0.00 0.00 HOLD
67.319	>>> V 0.00 0.00
67.321	S 6216731 -13.18 30.50 0.00 0.00 HOLD
67.338	>>> V 0.00 0.00
67.338	S 6216751 -13.18 30.50 0.00 0.00 HOLD
67.370	>>> V 0.00 0.00
67.370	S 6216771 -13.18 30.50 0.00 0.00 HOLD
67.378	>>> V 0.00 0.00
67.384	S 6216791 -13.27 30.50 0.00 0.00 HOLD
67.407	>>> V 0.00 0.00
67.407	S 6216811 -13.18 30.50 0.00 0.00 HOLD
67.418	>>> V 0.00 0.00
67.418	S 6216831 -13.18 30.50 0.00 0.00 HOLD
67.438	>>> V 0.00 0.00
67.441	S 6216851 -13.18 30.50 0.00 0.00 HOLD
67.458	>>> V 0.00 0.00
67.458	S 6216871 -13.18 30.50 0.00 0.00 HOLD
67.478	>>> V 0.00 0.00
67.479	S 6216891 -13.18 30.50 0.00 0.00 HOLD
67.512	>>> V 0.00 0.00
67.512	S 6216911 -13.18 30.50 0.00 0.00 HOLD
67.520	>>> V 0.00 0.00
67.524	S 6216931 -13.18 30.50 0.00 0.00 HOLD
67.539	>>> V 0.00 0.00
67.539	S 6216951 -13.18 30.50 0.00 0.00 HOLD
67.559	>>> V 0.00 0.00
67.562	S 6216971 -13.18 30.50 0.00 0.00 HOLD
67.578	>>> V 0.00 0.00
67.579	S 6216991 -13.18 30.50 0.00 0.00 HOLD
67.613	>>> V 0.00 0.00
67.614	S 6217011 -13.18 30.50 0.00 0.00 HOLD
67.616	S 6217031 -13.18 30.50 0.00 0.00 HOLD
67.622	>>> V 0.00 0.00
67.637	>>> V 0.00 0.00
67.638	S 6217051 -13.18 30.50 0.00 0.00 HOLD
67.658	>>> V 0.00 0.00
67.659	S 6217071 -13.18 30.50 0.00 0.00 HOLD
67.678	>>> V 0.00 0.00
67.680	S 6217091 -13.18 30.50 0.00 0.00 HOLD
67.697	>>> V 0.00 0.00
67.698	S 6217111 -13.18 30.50 0.00 0.00 HOLD
67.720	>>> V 0.00 0.00
67.723	S 6217131 -13.18 30.50 0.00 0.00 HOLD
67.738	>>> V 0.00 0.00
67.740	S 6217151 -13.18 30.50 0.00 0.00 HOLD
67.759	>>> V 0.00 0.00
67.760	S 6217171 -13.18 30.50 0.00 0.00 HOLD
67.778	>>> V 0.00 0.00
67.779	S 6217191 -13.18 30.50 0.00 0.00 HOLD
67.798	>>> V 0.00 0.00
67.798	S 6217211 -13.18 30.50 0.00 0.00 HOLD
67.818	>>> V 0.00 0.00
67.819	S 6217231 -13.18 30.50 0.00 0.00 HOLD
67.838	>>> V 0.00 0.00
67.838	S 6217251 -13.18 30.50 0.00 0.00 HOLD
67.858	>>> V 0.00 0.00
67.858	S 6217271 -13.18 30.50 0.00 0.00 HOLD
67.878	>>> V 0.00 0.00
67.879	S 6217291 -13.18 30.50 0.00 0.00 HOLD
67.898	>>> V 0.00 0.00
67.899	S 6217311 -13.18 30.50 0.00 0.00 HOLD
67.919	>>> V 0.00 0.00
67.919	S 6217331 -13.18 30.50 0.00 0.00 HOLD
67.938	>>> V 0.00 0.00
67.939	S 6217351 -13.18 30.50 0.00 0.00 HOLD
67.965	>>> V 0.00 0.00
67.965	S 6217371 -13.18 30.59 0.00 0.00 HOLD
67.977	>>> V 0.00 0.00
67.984	S 6217391 -13.18 30.50 0.00 0.00 HOLD
67.998	>>> V 0.00 0.00
68.001	S 6217411 -13.18 30.50 0.00 0.00 HOLD
68.018	>>> V 0.00 0.00
68.023	S 6217431 -13.18 30.50 0.00 0.00 HOLD
68.038	>>> V 0.00 0.00
68.040	S 6217451 -13.18 30.50 0.00 0.00 HOLD
68.059	>>> V 0.00 0.00
68.066	S 6217471 -13.18 30.50 0.00 0.00 HOLD
68.079	>>> V 0.00 0.00
68.085	S 6217491 -13.18 30.50 0.00 0.00 HOLD
68.100	>>> V 0.00 0.00
68.101	S 6217511 -13.18 30.50 0.00 0.00 HOLD
68.117	>>> V 0.00 0.00
68.118	S 6217531 -13.18 30.50 0.00 0.00 HOLD
68.139	>>> V 0.00 0.00
68.142	S 6217551 -13.18 30.50 0.00 0.00 HOLD
68.157	>>> V 0.00 0.00
68.161	S 6217571 -13.18 30.50 0.00 0.00 HOLD
68.178	>>> V 0.00 0.00
68.179	S 6217591 -13.18 30.50 0.00 0.00 HOLD
68.199	>>> V 0.00 0.00
68.200	S 6217611 -13.18 30.50 0.00 0.00 HOLD
68.218	>>> V 0.00 0.00
68.220	S 6217631 -13.18 30.50 0.00 0.00 HOLD
68.238	>>> V 0.00 0.00
68.244	S 6217651 -13.18 30.50 0.00 0.00 HOLD
68.264	>>> V 0.00 0.00
68.264	S 6217671 -13.18 30.50 0.00 0.00 HOLD
68.279	>>> V 0.00 0.00
68.282	S 6217691 -13.18 30.50 0.00 0.00 HOLD
68.298	>>> V 0.00 0.00
68.299	S 6217711 -13.18 30.50 0.00 0.00 HOLD
68.319	>>> V 0.00 0.00
68.320	S 6217731 -13.18 30.50 0.00 0.00 HOLD
68.338	>>> V 0.00 0.00
68.338	S 6217751 -13.27 30.50 0.00 0.00 HOLD
68.359	>>> V 0.00 0.00
68.360	S 6217771 -13.18 30.50 0.00 0.00 HOLD
68.378	>>> V 0.00 0.00
68.384	S 6217791 -13.18 30.50 0.00 0.00 HOLD
68.398	>>> V 0.00 0.00
68.399	S 6217811 -13.18 30.50 0.00 0.00 HOLD
68.417	>>> V 0.00 0.00
68.418	S 6217831 -13.18 30.50 0.00 0.00 HOLD
68.439	>>> V 0.00 0.00
68.439	S 6217851 -13.18 30.50 0.00 0.00 HOLD
68.458	>>> V 0.00 0.00
68.459	S 6217871 -13.18 30.50 0.00 0.00 HOLD
68.478	>>> V 0.00 0.00
68.480	S 6217891 -13.18 30.50 0.00 0.00 HOLD
68.499	>>> V 0.00 0.00
68.502	S 6217911 -13.18 30.50 0.00 0.00 HOLD
68.519	>>> V 0.00 0.00
68.520	S 6217931 -13.18 30.50 0.00 0.00 HOLD
68.538	>>> V 0.00 0.00
68.541	S 6217951 -13.18 30.50 0.00 0.00 HOLD
68.557	>>> V 0.00 0.00
68.559	S 6217971 -13.18 30.50 0.00 0.00 HOLD
68.579	>>> V 0.00 0.00
68.582	S 6217991 -13.18 30.50 0.00 0.00 HOLD
68.598	>>> V 0.00 0.00
68.599	S 6218011 -13.18 30.50 0.00 0.00 HOLD
68.624	>>> V 0.00 0.00
68.625	S 6218031 -13.18 30.50 0.00 0.00 HOLD
68.640	>>> V 0.00 0.00
68.649	S 6218051 -13.27 30.50 0.00 0.00 HOLD
68.658	>>> V 0.00 0.00
68.660	S 6218071 -13.18 30.50 0.00 0.00 HOLD
68.680	>>> V 0.00 0.00
68.682	S 6218091 -13.18 30.50 0.00 0.00 HOLD
68.699	>>> V 0.00 0.00
68.700	S 6218111 -13.18 30.50 0.00 0.00 HOLD
68.718	>>> V 0.00 0.00
68.720	S 6218131 -13.18 30.50 0.00 0.00 HOLD
68.744	>>> V 0.00 0.00
68.747	S 6218151 -13.18 30.50 0.00 0.00 HOLD
68.762	>>> V 0.00 0.00
68.764	S 6218171 -13.18 30.50 0.00 0.00 HOLD
68.785	>>> V 0.00 0.00
68.788	S 6218191 -13.18 30.50 0.00 0.00 HOLD
68.798	>>> V 0.00 0.00
68.803	S 6218211 -13.18 30.50 0.00 0.00 HOLD
68.819	>>> V 0.00 0.00
68.829	S 6218231 -13.18 30.50 0.00 0.00 HOLD
68.838	>>> V 0.00 0.00
68.842	S 6218251 -13.18 30.50 0.00 0.00 HOLD
68.859	>>> V 0.00 0.00
68.860	S 6218271 -13.18 30.50 0.00 0.00 HOLD
68.879	>>> V 0.00 0.00
68.880	S 6218291 -13.27 30.59 0.00 0.00 HOLD
68.898	>>> V 0.00 0.00
68.898	S 6218311 -13.18 30.50 0.00 0.00 HOLD
68.920	>>> V 0.00 0.00
68.931	S 6218331 -13.18 30.50 0.00 0.00 HOLD
68.939	>>> V 0.00 0.00
68.940	S 6218351 -13.18 30.50 0.00 0.00 HOLD
68.960	>>> V 0.00 0.00
68.962	S 6218371 -13.18 30.50 0.00 0.00 HOLD
68.979	>>> V 0.00 0.00
68.981	S 6218391 -13.18 30.50 0.00 0.00 HOLD
68.999	>>> V 0.00 0.00
68.999	S 6218411 -13.18 30.50 0.00 0.00 HOLD
69.018	>>> V 0.00 0.00
69.019	S 6218431 -13.18 30.50 0.00 0.00 HOLD
69.039	>>> V 0.00 0.00
69.040	S 6218451 -13.18 30.50 0.00 0.00 HOLD
69.057	>>> V 0.00 0.00
69.062	S 6218471 -13.18 30.50 0.00 0.00 HOLD
69.081	>>> V 0.00 0.00
69.081	S 6218491 -13.18 30.50 0.00 0.00 HOLD
69.098	>>> V 0.00 0.00
69.099	S 6218511 -13.18 30.59 0.00 0.00 HOLD
69.118	>>> V 0.00 0.00
69.120	S 6218531 -13.18 30.50 0.00 0.00 HOLD
69.138	>>> V 0.00 0.00
69.140	S 6218551 -13.18 30.50 0.00 0.00 HOLD
69.158	>>> V 0.00 0.00
69.159	S 6218571 -13.18 30.50 0.00 0.00 HOLD
69.178	>>> V 0.00 0.00
69.180	S 6218591 -13.18 30.50 0.00 0.00 HOLD
69.199	>>> V 0.00 0.00
69.201	S 6218611 -13.18 30.50 0.00 0.00 HOLD
69.218	>>> V 0.00 0.00
69.221	S 6218631 -13.18 30.50 0.00 0.00 HOLD
69.239	>>> V 0.00 0.00
69.241	S 6218651 -13.18 30.50 0.00 0.00 HOLD
69.265	>>> V 0.00 0.00
69.266	S 6218671 -13.18 30.50 0.00 0.00 HOLD
69.280	>>> V 0.00 0.00
69.280	S 6218691 -13.18 30.50 0.00 0.00 HOLD
69.299	>>> V 0.00 0.00
69.301	S 6218711 -13.18 30.50 0.00 0.00 HOLD
69.319	>>> V 0.00 0.00
69.321	S 6218731 -13.18 30.50 0.00 0.00 HOLD
69.339	>>> V 0.00 0.00
69.340	S 6218751 -13.18 30.50 0.00 0.00 HOLD
69.359	>>> V 0.00 0.00
69.360	S 6218771 -13.18 30.50 0.00 0.00 HOLD
69.378	>>> V 0.00 0.00
69.379	S 6218791 -13.18 30.50 0.00 0.00 HOLD
69.398	>>> V 0.00 0.00
69.398	S 6218811 -13.18 30.59 0.00 0.00 HOLD
69.418	>>> V 0.00 0.00
69.418	S 6218831 -13.18 30.50 0.00 0.00 HOLD
69.438	>>> V 0.00 0.00
69.438	S 6218851 -13.18 30.50 0.00 0.00 HOLD
69.459	>>> V 0.00 0.00
69.462	S 6218871 -13.18 30.50 0.00 0.00 HOLD
69.477	>>> V 0.00 0.00
69.480	S 6218891 -13.18 30.50 0.00 0.00 HOLD
69.505	>>> V 0.00 0.00
69.507	S 6218911 -13.18 30.50 0.00 0.00 HOLD
69.517	>>> V 0.00 0.00
69.518	S 6218931 -13.18 30.50 0.00 0.00 HOLD
69.540	>>> V 0.00 0.00
69.540	S 6218951 -13.18 30.50 0.00 0.00 HOLD
69.557	>>> V 0.00 0.00
69.558	S 6218971 -13.18 30.50 0.00 0.00 HOLD
69.580	>>> V 0.00 0.00
69.583	S 6218991 -13.18 30.50 0.00 0.00 HOLD
69.597	>>> V 0.00 0.00
69.598	S 6219011 -13.18 30.50 0.00 0.00 HOLD
69.618	>>> V 0.00 0.00
69.618	S 6219031 -13.18 30.50 0.00 0.00 HOLD
69.639	>>> V 0.00 0.00
69.641	S 6219051 -13.18 30.50 0.00 0.00 HOLD
69.659	>>> V 0.00 0.00
69.662	S 6219071 -13.18 30.50 0.00 0.00 HOLD
69.678	>>> V 0.00 0.00
69.678	S 6219091 -13.18 30.50 0.00 0.00 HOLD
69.699	>>> V 0.00 0.00
69.701	S 6219111 -13.18 30.50 0.00 0.00 HOLD
69.718	>>> V 0.00 0.00
69.718	S 6219131 -13.18 30.59 0.00 0.00 HOLD
69.739	>>> V 0.00 0.00
69.740	S 6219151 -13.18 30.50 0.00 0.00 HOLD
69.758	>>> V 0.00 0.00
69.760	S 6219171 -13.18 30.50 0.00 0.00 HOLD
69.778	>>> V 0.00 0.00
69.780	S 6219191 -13.18 30.50 0.00 0.00 HOLD
69.800	>>> V 0.00 0.00
69.810	S 6219211 -13.18 30.50 0.00 0.00 HOLD
69.831	>>> V 0.00 0.00
69.832	S 6219231 -13.27 30.50 0.00 0.00 HOLD
69.847	>>> V 0.00 0.00
69.848	S 6219251 -13.18 30.50 0.00 0.00 HOLD
69.857	>>> V 0.00 0.00
69.859	S 6219271 -13.18 30.50 0.00 0.00 HOLD
69.878	>>> V 0.00 0.00
69.879	S 6219291 -13.18 30.50 0.00 0.00 HOLD
69.898	>>> V 0.00 0.00
69.900	S 6219311 -13.18 30.50 0.00 0.00 HOLD
69.920	>>> V 0.00 0.00
69.922	S 6219331 -13.18 30.50 0.00 0.00 HOLD
69.938	>>> V 0.00 0.00
69.938	S 6219351 -13.18 30.50 0.00 0.00 HOLD
69.961	>>> V 0.00 0.00
69.962	S 6219371 -13.18 30.50 0.00 0.00 HOLD
69.978	>>> V 0.00 0.00
69.979	S 6219391 -13.18 30.50 0.00 0.00 HOLD
69.998	>>> V 0.00 0.00
69.999	S 6219411 -13.18 30.50 0.00 0.00 HOLD
70.017	>>> V 0.00 0.00
70.018	S 6219431 -13.18 30.50 0.00 0.00 HOLD
70.038	>>> V 0.00 0.00
70.039	S 6219451 -13.18 30.50 0.00 0.00 HOLD
70.058	>>> V 0.00 0.00
70.060	S 6219471 -13.18 30.59 0.00 0.00 HOLD
70.078	>>> V 0.00 0.00
70.081	S 6219491 -13.18 30.50 0.00 0.00 HOLD
70.097	>>> V 0.00 0.00
70.100	S 6219511 -13.18 30.50 0.00 0.00 HOLD
70.119	>>> V 0.00 0.00
70.119	S 6219531 -13.18 30.50 0.00 0.00 HOLD
70.138	>>> V 0.00 0.00
70.141	S 6219551 -13.18 30.50 0.00 0.00 HOLD
70.161	>>> V 0.00 0.00
70.161	S 6219571 -13.18 30.50 0.00 0.00 HOLD
70.178	>>> V 0.00 0.00
70.179	S 6219591 -13.18 30.50 0.00 0.00 HOLD
70.198	>>> V 0.00 0.00
70.199	S 6219611 -13.18 30.50 0.00 0.00 HOLD
70.222	>>> V 0.00 0.00
70.223	S 6219631 -13.18 30.59 0.00 0.00 HOLD
70.239	>>> V 0.00 0.00
70.239	S 6219651 -13.18 30.50 0.00 0.00 HOLD
70.259	>>> V 0.00 0.00
70.260	S 6219671 -13.18 30.50 0.00 0.00 HOLD
70.280	>>> V 0.00 0.00
70.281	S 6219691 -13.18 30.50 0.00 0.00 HOLD
70.298	>>> V 0.00 0.00
70.300	S 6219711 -13.18 30.50 0.00 0.00 HOLD
70.318	>>> V 0.00 0.00
70.318	S 6219731 -13.18 30.50 0.00 0.00 HOLD
70.338	>>> V 0.00 0.00
70.341	S 6219751 -13.18 30.50 0.00 0.00 HOLD
70.358	>>> V 0.00 0.00
70.359	S 6219771 -13.18 30.50 0.00 0.00 HOLD
70.380	>>> V 0.00 0.00
70.381	S 6219791 -13.18 30.50 0.00 0.00 HOLD
70.398	>>> V 0.00 0.00
70.398	S 6219811 -13.18 30.50 0.00 0.00 HOLD
70.419	>>> V 0.00 0.00
70.420	S 6219831 -13.18 30.50 0.00 0.00 HOLD
70.447	>>> V 0.00 0.00
70.449	S 6219851 -13.18 30.50 0.00 0.00 HOLD
70.460	>>> V 0.00 0.00
70.463	S 6219871 -13.18 30.50 0.00 0.00 HOLD
70.479	>>> V 0.00 0.00
70.482	S 6219891 -13.18 30.50 0.00 0.00 HOLD
70.498	>>> V 0.00 0.00
70.500	S 6219911 -13.18 30.50 0.00 0.00 HOLD
70.517	>>> V 0.00 0.00
70.518	S 6219931 -13.18 30.50 0.00 0.00 HOLD
70.538	>>> V 0.00 0.00
70.540	S 6219951 -13.18 30.50 0.00 0.00 HOLD
70.560	>>> V 0.00 0.00
70.564	S 6219971 -13.18 30.50 0.00 0.00 HOLD
70.579	>>> V 0.00 0.00
70.583	S 6219991 -13.18 30.50 0.00 0.00 HOLD
70.607	>>> V 0.00 0.00
70.608	S 6220011 -13.18 30.59 0.00 0.00 HOLD
70.621	>>> V 0.00 0.00
70.621	S 6220031 -13.18 30.50 0.00 0.00 HOLD
70.646	>>> V 0.00 0.00
70.650	S 6220051 -13.18 30.50 0.00 0.00 HOLD
70.657	>>> V 0.00 0.00
70.658	S 6220071 -13.18 30.50 0.00 0.00 HOLD
70.678	>>> V 0.00 0.00
70.680	S 6220091 -13.18 30.50 0.00 0.00 HOLD
70.698	>>> V 0.00 0.00
70.698	S 6220111 -13.18 30.50 0.00 0.00 HOLD
70.718	>>> V 0.00 0.00
70.719	S 6220131 -13.18 30.50 0.00 0.00 HOLD
70.738	>>> V 0.00 0.00
70.740	S 6220151 -13.18 30.50 0.00 0.00 HOLD
70.757	>>> V 0.00 0.00
70.758	S 6220171 -13.18 30.50 0.00 0.00 HOLD
70.777	>>> V 0.00 0.00
70.780	S 6220191 -13.18 30.50 0.00 0.00 HOLD
70.798	>>> V 0.00 0.00
70.799	S 6220211 -13.18 30.50 0.00 0.00 HOLD
70.818	>>> V 0.00 0.00
70.818	S 6220231 -13.18 30.50 0.00 0.00 HOLD
70.841	>>> V 0.00 0.00
70.842	S 6220251 -13.18 30.59 0.00 0.00 HOLD
70.858	>>> V 0.00 0.00
70.861	S 6220271 -13.18 30.50 0.00 0.00 HOLD
70.878	>>> V 0.00 0.00
70.878	S 6220291 -13.18 30.50 0.00 0.00 HOLD
70.903	>>> V 0.00 0.00
70.904	S 6220311 -13.18 30.50 0.00 0.00 HOLD
70.919	>>> V 0.00 0.00
70.931	S 6220331 -13.18 30.59 0.00 0.00 HOLD
70.944	>>> V 0.00 0.00
70.944	S 6220351 -13.18 30.50 0.00 0.00 HOLD
70.959	>>> V 0.00 0.00
70.959	S 6220371 -13.18 30.50 0.00 0.00 HOLD
70.979	>>> V 0.00 0.00
70.980	S 6220391 -13.18 30.50 0.00 0.00 HOLD
71.001	>>> V 0.00 0.00
71.002	S 6220411 -13.18 30.50 0.00 0.00 HOLD
71.018	>>> V 0.00 0.00
71.019	S 6220431 -13.18 30.50 0.00 0.00 HOLD
71.038	>>> V 0.00 0.00
71.038	S 6220451 -13.18 30.50 0.00 0.00 HOLD
71.059	>>> V 0.00 0.00
71.061	S 6220471 -13.18 30.50 0.00 0.00 HOLD
71.078	>>> V 0.00 0.00
71.080	S 6220491 -13.27 30.50 0.00 0.00 HOLD
71.106	>>> V 0.00 0.00
71.106	S 6220511 -13.18 30.50 0.00 0.00 HOLD
71.118	>>> V 0.00 0.00
71.119	S 6220531 -13.18 30.50 0.00 0.00 HOLD
71.138	>>> V 0.00 0.00
71.141	S 6220551 -13.18 30.50 0.00 0.00 HOLD
71.160	>>> V 0.00 0.00
71.161	S 6220571 -13.18 30.50 0.00 0.00 HOLD
71.178	>>> V 0.00 0.00
71.178	S 6220591 -13.18 30.50 0.00 0.00 HOLD
71.200	>>> V 0.00 0.00
71.201	S 6220611 -13.18 30.50 0.00 0.00 HOLD
71.218	>>> V 0.00 0.00
71.218	S 6220631 -13.18 30.50 0.00 0.00 HOLD
71.240	>>> V 0.00 0.00
71.240	S 6220651 -13.18 30.50 0.00 0.00 HOLD
71.261	>>> V 0.00 0.00
71.280	S 6220671 -13.18 30.50 0.00 0.00 HOLD
71.284	>>> V 0.00 0.00
71.286	S 6220691 -13.27 30.50 0.00 0.00 HOLD
71.301	>>> V 0.00 0.00
71.303	S 6220711 -13.18 30.50 0.00 0.00 HOLD
71.319	>>> V 0.00 0.00
71.320	S 6220731 -13.18 30.50 0.00 0.00 HOLD
71.338	>>> V 0.00 0.00
71.340	S 6220751 -13.18 30.50 0.00 0.00 HOLD
71.359	>>> V 0.00 0.00
71.359	S 6220771 -13.18 30.50 0.00 0.00 HOLD
71.384	>>> V 0.00 0.00
71.385	S 6220791 -13.18 30.50 0.00 0.00 HOLD
71.398	>>> V 0.00 0.00
71.402	S 6220811 -13.27 30.50 0.00 0.00 HOLD
71.417	>>> V 0.00 0.00
71.419	S 6220831 -13.18 30.50 0.00 0.00 HOLD
71.438	>>> V 0.00 0.00
71.440	S 6220851 -13.18 30.50 0.00 0.00 HOLD
71.458	>>> V 0.00 0.00
71.459	S 6220871 -13.18 30.50 0.00 0.00 HOLD
71.477	>>> V 0.00 0.00
71.479	S 6220891 -13.27 30.50 0.00 0.00 HOLD
71.498	>>> V 0.00 0.00
71.499	S 6220911 -13.18 30.50 0.00 0.00 HOLD
71.519	>>> V 0.00 0.00
71.521	S 6220931 -13.18 30.50 0.00 0.00 HOLD
71.538	>>> V 0.00 0.00
71.550	S 6220951 -13.18 30.50 0.00 0.00 HOLD
71.559	>>> V 0.00 0.00
71.560	S 6220971 -13.18 30.50 0.00 0.00 HOLD
71.579	>>> V 0.00 0.00
71.581	S 6220991 -13.18 30.50 0.00 0.00 HOLD
71.598	>>> V 0.00 0.00
71.599	S 6221011 -13.27 30.50 0.00 0.00 HOLD
71.631	>>> V 0.00 0.00
71.631	S 6221031 -13.18 30.50 0.00 0.00 HOLD
71.638	>>> V 0.00 0.00
71.639	S 6221051 -13.18 30.50 0.00 0.00 HOLD
71.664	>>> V 0.00 0.00
71.664	S 6221071 -13.18 30.50 0.00 0.00 HOLD
71.678	>>> V 0.00 0.00
71.679	S 6221091 -13.18 30.50 0.00 0.00 HOLD
71.705	>>> V 0.00 0.00
71.706	S 6221111 -13.18 30.50 0.00 0.00 HOLD
71.718	>>> V 0.00 0.00
71.724	S 6221131 -13.18 30.50 0.00 0.00 HOLD
71.738	>>> V 0.00 0.00
71.738	S 6221151 -13.18 30.50 0.00 0.00 HOLD
71.760	>>> V 0.00 0.00
71.762	S 6221171 -13.18 30.50 0.00 0.00 HOLD
71.778	>>> V 0.00 0.00
71.779	S 6221191 -13.18 30.50 0.00 0.00 HOLD
71.802	>>> V 0.00 0.00
71.804	S 6221211 -13.18 30.50 0.00 0.00 HOLD
71.818	>>> V 0.00 0.00
71.819	S 6221231 -13.18 30.50 0.00 0.00 HOLD
71.838	>>> V 0.00 0.00
71.840	S 6221251 -13.18 30.50 0.00 0.00 HOLD
71.858	>>> V 0.00 0.00
71.858	S 6221271 -13.18 30.50 0.00 0.00 HOLD
71.880	>>> V 0.00 0.00
71.882	S 6221291 -13.18 30.50 0.00 0.00 HOLD
71.898	>>> V 0.00 0.00
71.902	S 6221311 -13.18 30.50 0.00 0.00 HOLD
71.923	>>> V 0.00 0.00
71.923	S 6221331 -13.18 30.50 0.00 0.00 HOLD
71.939	>>> V 0.00 0.00
71.942	S 6221351 -13.18 30.50 0.00 0.00 HOLD
71.958	>>> V 0.00 0.00
71.959	S 6221371 -13.18 30.50 0.00 0.00 HOLD
71.978	>>> V 0.00 0.00
71.979	S 6221391 -13.18 30.50 0.00 0.00 HOLD
71.999	>>> V 0.00 0.00
71.999	S 6221411 -13.18 30.50 0.00 0.00 HOLD
72.018	>>> V 0.00 0.00
72.018	S 6221431 -13.18 30.50 0.00 0.00 HOLD
72.039	>>> V 0.00 0.00
72.042	S 6221451 -13.18 30.50 0.00 0.00 HOLD
72.059	>>> V 0.00 0.00
72.062	S 6221471 -13.18 30.50 0.00 0.00 HOLD
72.078	>>> V 0.00 0.00
72.079	S 6221491 -13.18 30.50 0.00 0.00 HOLD
72.098	>>> V 0.00 0.00
72.099	S 6221511 -13.18 30.59 0.00 0.00 HOLD
72.118	>>> V 0.00 0.00
72.118	S 6221531 -13.18 30.50 0.00 0.00 HOLD
72.138	>>> V 0.00 0.00
72.141	S 6221551 -13.18 30.50 0.00 0.00 HOLD
72.159	>>> V 0.00 0.00
72.162	S 6221571 -13.18 30.50 0.00 0.00 HOLD
72.181	>>> V 0.00 0.00
72.182	S 6221591 -13.18 30.50 0.00 0.00 HOLD
72.200	>>> V 0.00 0.00
72.201	S 6221611 -13.18 30.50 0.00 0.00 HOLD
72.218	>>> V 0.00 0.00
72.218	S 6221631 -13.18 30.50 0.00 0.00 HOLD
72.240	>>> V 0.00 0.00
72.240	S 6221651 -13.18 30.50 0.00 0.00 HOLD
72.258	>>> V 0.00 0.00
72.258	S 6221671 -13.18 30.50 0.00 0.00 HOLD
72.278	>>> V 0.00 0.00
72.278	S 6221691 -13.27 30.50 0.00 0.00 HOLD
72.307	>>> V 0.00 0.00
72.310	S 6221711 -13.18 30.50 0.00 0.00 HOLD
72.322	>>> V 0.00 0.00
72.325	S 6221731 -13.18 30.50 0.00 0.00 HOLD
72.347	>>> V 0.00 0.00
72.348	S 6221751 -13.18 30.50 0.00 0.00 HOLD
72.358	>>> V 0.00 0.00
72.358	S 6221771 -13.18 30.50 0.00 0.00 HOLD
72.380	>>> V 0.00 0.00
72.384	S 6221791 -13.18 30.50 0.00 0.00 HOLD
72.398	>>> V 0.00 0.00
72.399	S 6221811 -13.18 30.50 0.00 0.00 HOLD
72.419	>>> V 0.00 0.00
72.423	S 6221831 -13.18 30.50 0.00 0.00 HOLD
72.438	>>> V 0.00 0.00
72.439	S 6221851 -13.27 30.50 0.00 0.00 HOLD
72.460	>>> V 0.00 0.00
72.460	S 6221871 -13.18 30.50 0.00 0.00 HOLD
72.478	>>> V 0.00 0.00
72.479	S 6221891 -13.18 30.50 0.00 0.00 HOLD
72.499	>>> V 0.00 0.00
72.500	S 6221911 -13.18 30.50 0.00 0.00 HOLD
72.518	>>> V 0.00 0.00
72.518	S 6221931 -13.18 30.50 0.00 0.00 HOLD
72.537	>>> V 0.00 0.00
72.541	S 6221951 -13.18 30.50 0.00 0.00 HOLD
72.558	>>> V 0.00 0.00
72.560	S 6221971 -13.27 30.50 0.00 0.00 HOLD
72.577	>>> V 0.00 0.00
72.578	S 6221991 -13.18 30.50 0.00 0.00 HOLD
72.598	>>> V 0.00 0.00
72.598	S 6222011 -13.18 30.50 0.00 0.00 HOLD
72.617	>>> V 0.00 0.00
72.620	S 6222031 -13.18 30.50 0.00 0.00 HOLD
72.643	>>> V 0.00 0.00
72.644	S 6222051 -13.18 30.50 0.00 0.00 HOLD
72.662	>>> V 0.00 0.00
72.662	S 6222071 -13.18 30.50 0.00 0.00 HOLD
72.679	>>> V 0.00 0.00
72.680	S 6222091 -13.18 30.50 0.00 0.00 HOLD
72.698	>>> V 0.00 0.00
72.698	S 6222111 -13.18 30.50 0.00 0.00 HOLD
72.721	>>> V 0.00 0.00
72.722	S 6222131 -13.18 30.50 0.00 0.00 HOLD
72.739	>>> V 0.00 0.00
72.742	S 6222151 -13.18 30.59 0.00 0.00 HOLD
72.760	>>> V 0.00 0.00
72.762	S 6222171 -13.18 30.50 0.00 0.00 HOLD
72.782	>>> V 0.00 0.00
72.783	S 6222191 -13.18 30.50 0.00 0.00 HOLD
72.798	>>> V 0.00 0.00
72.798	S 6222211 -13.18 30.59 0.00 0.00 HOLD
72.819	>>> V 0.00 0.00
72.819	S 6222231 -13.18 30.50 0.00 0.00 HOLD
72.838	>>> V 0.00 0.00
72.840	S 6222251 -13.18 30.50 0.00 0.00 HOLD
72.859	>>> V 0.00 0.00
72.859	S 6222271 -13.18 30.50 0.00 0.00 HOLD
72.886	>>> V 0.00 0.00
72.886	S 6222291 -13.18 30.50 0.00 0.00 HOLD
72.898	>>> V 0.00 0.00
72.901	S 6222311 -13.18 30.50 0.00 0.00 HOLD
72.919	>>> V 0.00 0.00
72.923	S 6222331 -13.18 30.50 0.00 0.00 HOLD
72.941	>>> V 0.00 0.00
72.943	S 6222351 -13.18 30.50 0.00 0.00 HOLD
72.958	>>> V 0.00 0.00
72.960	S 6222371 -13.18 30.50 0.00 0.00 HOLD
72.984	>>> V 0.00 0.00
72.984	S 6222391 -13.18 30.50 0.00 0.00 HOLD
72.999	>>> V 0.00 0.00
72.999	S 6222411 -13.18 30.50 0.00 0.00 HOLD
73.017	>>> V 0.00 0.00
73.018	S 6222431 -13.18 30.50 0.00 0.00 HOLD
73.042	>>> V 0.00 0.00
73.043	S 6222451 -13.18 30.50 0.00 0.00 HOLD
73.058	>>> V 0.00 0.00
73.059	S 6222472 -13.18 30.50 0.00 0.00 HOLD
73.078	>>> V 0.00 0.00
73.079	S 6222492 -13.18 30.50 0.00 0.00 HOLD
73.099	>>> V 0.00 0.00
73.100	S 6222512 -13.18 30.50 0.00 0.00 HOLD
73.119	>>> V 0.00 0.00
73.120	S 6222532 -13.18 30.50 0.00 0.00 HOLD
73.137	>>> V 0.00 0.00
73.140	S 6222552 -13.18 30.50 0.00 0.00 HOLD
73.158	>>> V 0.00 0.00
73.159	S 6222572 -13.18 30.50 0.00 0.00 HOLD
73.178	>>> V 0.00 0.00
73.178	S 6222592 -13.18 30.50 0.00 0.00 HOLD
73.206	>>> V 0.00 0.00
73.206	S 6222612 -13.18 30.50 0.00 0.00 HOLD
73.217	>>> V 0.00 0.00
73.218	S 6222632 -13.18 30.50 0.00 0.00 HOLD
73.240	>>> V 0.00 0.00
73.242	S 6222652 -13.18 30.50 0.00 0.00 HOLD
73.257	>>> V 0.00 0.00
73.259	S 6222672 -13.18 30.50 0.00 0.00 HOLD
73.280	>>> V 0.00 0.00
73.283	S 6222692 -13.18 30.59 0.00 0.00 HOLD
73.303	>>> V 0.00 0.00
73.303	S 6222712 -13.18 30.50 0.00 0.00 HOLD
73.329	>>> V 0.00 0.00
73.329	S 6222732 -13.18 30.50 0.00 0.00 HOLD
73.338	>>> V 0.00 0.00
73.339	S 6222752 -13.18 30.50 0.00 0.00 HOLD
73.360	>>> V 0.00 0.00
73.361	S 6222772 -13.18 30.50 0.00 0.00 HOLD
73.380	>>> V 0.00 0.00
73.381	S 6222792 -13.18 30.50 0.00 0.00 HOLD
73.397	>>> V 0.00 0.00
73.398	S 6222812 -13.18 30.50 0.00 0.00 HOLD
73.417	>>> V 0.00 0.00
73.419	S 6222832 -13.18 30.50 0.00 0.00 HOLD
73.438	>>> V 0.00 0.00
73.438	S 6222852 -13.18 30.50 0.00 0.00 HOLD
73.459	>>> V 0.00 0.00
73.466	S 6222872 -13.18 30.50 0.00 0.00 HOLD
73.478	>>> V 0.00 0.00
73.478	S 6222892 -13.18 30.50 0.00 0.00 HOLD
73.500	>>> V 0.00 0.00
73.500	S 6222912 -13.18 30.50 0.00 0.00 HOLD
73.518	>>> V 0.00 0.00
73.518	S 6222932 -13.18 30.50 0.00 0.00 HOLD
73.538	>>> V 0.00 0.00
73.541	S 6222952 -13.18 30.50 0.00 0.00 HOLD
73.558	>>> V 0.00 0.00
73.559	S 6222972 -13.18 30.50 0.00 0.00 HOLD
73.579	>>> V 0.00 0.00
73.582	S 6222992 -13.18 30.50 0.00 0.00 HOLD
73.598	>>> V 0.00 0.00
73.600	S 6223012 -13.18 30.50 0.00 0.00 HOLD
73.618	>>> V 0.00 0.00
73.619	S 6223032 -13.18 30.50 0.00 0.00 HOLD
73.638	>>> V 0.00 0.00
73.641	S 6223052 -13.18 30.50 0.00 0.00 HOLD
73.659	>>> V 0.00 0.00
73.660	S 6223072 -13.18 30.50 0.00 0.00 HOLD
73.679	>>> V 0.00 0.00
73.686	S 6223092 -13.18 30.50 0.00 0.00 HOLD
73.698	>>> V 0.00 0.00
73.698	S 6223112 -13.18 30.50 0.00 0.00 HOLD
73.717	>>> V 0.00 0.00
73.719	S 6223132 -13.18 30.50 0.00 0.00 HOLD
73.738	>>> V 0.00 0.00
73.739	S 6223152 -13.18 30.50 0.00 0.00 HOLD
73.759	>>> V 0.00 0.00
73.767	S 6223172 -13.18 30.50 0.00 0.00 HOLD
73.778	>>> V 0.00 0.00
73.778	S 6223192 -13.18 30.50 0.00 0.00 HOLD
73.798	>>> V 0.00 0.00
73.806	S 6223212 -13.18 30.50 0.00 0.00 HOLD
73.818	>>> V 0.00 0.00
73.819	S 6223232 -13.18 30.50 0.00 0.00 HOLD
73.839	>>> V 0.00 0.00
73.844	S 6223252 -13.18 30.50 0.00 0.00 HOLD
73.858	>>> V 0.00 0.00
73.861	S 6223272 -13.18 30.50 0.00 0.00 HOLD
73.878	>>> V 0.00 0.00
73.882	S 6223292 -13.18 30.50 0.00 0.00 HOLD
73.898	>>> V 0.00 0.00
73.898	S 6223312 -13.18 30.50 0.00 0.00 HOLD
73.919	>>> V 0.00 0.00
73.919	S 6223332 -13.18 30.50 0.00 0.00 HOLD
73.942	>>> V 0.00 0.00
73.943	S 6223352 -13.18 30.50 0.00 0.00 HOLD
73.960	>>> V 0.00 0.00
73.962	S 6223372 -13.18 30.50 0.00 0.00 HOLD
73.978	>>> V 0.00 0.00
73.978	S 6223392 -13.18 30.50 0.00 0.00 HOLD
74.000	>>> V 0.00 0.00
74.001	S 6223412 -13.18 30.50 0.00 0.00 HOLD
74.017	>>> V 0.00 0.00
74.018	S 6223432 -13.18 30.50 0.00 0.00 HOLD
74.041	>>> V 0.00 0.00
74.042	S 6223452 -13.18 30.50 0.00 0.00 HOLD
74.057	>>> V 0.00 0.00
74.060	S 6223472 -13.18 30.50 0.00 0.00 HOLD
74.081	>>> V 0.00 0.00
74.082	S 6223492 -13.18 30.50 0.00 0.00 HOLD
74.098	>>> V 0.00 0.00
74.099	S 6223512 -13.18 30.50 0.00 0.00 HOLD
74.120	>>> V 0.00 0.00
74.123	S 6223532 -13.27 30.50 0.00 0.00 HOLD
74.138	>>> V 0.00 0.00
74.139	S 6223552 -13.18 30.50 0.00 0.00 HOLD
74.157	>>> V 0.00 0.00
74.159	S 6223572 -13.18 30.50 0.00 0.00 HOLD
74.179	>>> V 0.00 0.00
74.181	S 6223592 -13.18 30.50 0.00 0.00 HOLD
74.199	>>> V 0.00 0.00
74.199	S 6223612 -13.18 30.50 0.00 0.00 HOLD
74.219	>>> V 0.00 0.00
74.219	S 6223632 -13.18 30.50 0.00 0.00 HOLD
74.238	>>> V 0.00 0.00
74.238	S 6223652 -13.18 30.50 0.00 0.00 HOLD
74.258	>>> V 0.00 0.00
74.259	S 6223672 -13.18 30.50 0.00 0.00 HOLD
74.278	>>> V 0.00 0.00
74.278	S 6223692 -13.27 30.50 0.00 0.00 HOLD
74.297	>>> V 0.00 0.00
74.298	S 6223712 -13.18 30.50 0.00 0.00 HOLD
74.318	>>> V 0.00 0.00
74.318	S 6223732 -13.27 30.50 0.00 0.00 HOLD
74.339	>>> V 0.00 0.00
74.340	S 6223752 -13.18 30.50 0.00 0.00 HOLD
74.358	>>> V 0.00 0.00
74.359	S 6223772 -13.18 30.50 0.00 0.00 HOLD
74.378	>>> V 0.00 0.00
74.379	S 6223792 -13.18 30.50 0.00 0.00 HOLD
74.400	>>> V 0.00 0.00
74.403	S 6223812 -13.18 30.50 0.00 0.00 HOLD
74.418	>>> V 0.00 0.00
74.418	S 6223832 -13.18 30.50 0.00 0.00 HOLD
74.438	>>> V 0.00 0.00
74.440	S 6223852 -13.18 30.50 0.00 0.00 HOLD
74.460	>>> V 0.00 0.00
74.464	S 6223872 -13.18 30.50 0.00 0.00 HOLD
74.479	>>> V 0.00 0.00
74.480	S 6223892 -13.18 30.50 0.00 0.00 HOLD
74.497	>>> V 0.00 0.00
74.498	S 6223912 -13.18 30.50 0.00 0.00 HOLD
74.519	>>> V 0.00 0.00
74.521	S 6223932 -13.27 30.50 0.00 0.00 HOLD
74.538	>>> V 0.00 0.00
74.546	S 6223952 -13.18 30.50 0.00 0.00 HOLD
74.559	>>> V 0.00 0.00
74.561	S 6223972 -13.18 30.50 0.00 0.00 HOLD
74.579	>>> V 0.00 0.00
74.583	S 6223992 -13.18 30.50 0.00 0.00 HOLD
74.598	>>> V 0.00 0.00
74.600	S 6224012 -13.18 30.50 0.00 0.00 HOLD
74.618	>>> V 0.00 0.00
74.620	S 6224032 -13.18 30.50 0.00 0.00 HOLD
74.638	>>> V 0.00 0.00
74.640	S 6224052 -13.18 30.50 0.00 0.00 HOLD
74.658	>>> V 0.00 0.00
74.663	S 6224072 -13.18 30.50 0.00 0.00 HOLD
74.678	>>> V 0.00 0.00
74.680	S 6224092 -13.18 30.50 0.00 0.00 HOLD
74.700	>>> V 0.00 0.00
74.700	S 6224112 -13.18 30.50 0.00 0.00 HOLD
74.718	>>> V 0.00 0.00
74.720	S 6224132 -13.18 30.50 0.00 0.00 HOLD
74.745	>>> V 0.00 0.00
74.746	S 6224152 -13.18 30.50 0.00 0.00 HOLD
74.761	>>> V 0.00 0.00
74.763	S 6224172 -13.18 30.50 0.00 0.00 HOLD
74.778	>>> V 0.00 0.00
74.779	S 6224192 -13.18 30.50 0.00 0.00 HOLD
74.799	>>> V 0.00 0.00
74.801	S 6224212 -13.18 30.50 0.00 0.00 HOLD
74.818	>>> V 0.00 0.00
74.819	S 6224232 -13.18 30.50 0.00 0.00 HOLD
74.838	>>> V 0.00 0.00
74.839	S 6224252 -13.18 30.50 0.00 0.00 HOLD
74.861	>>> V 0.00 0.00
74.863	S 6224272 -13.18 30.59 0.00 0.00 HOLD
74.879	>>> V 0.00 0.00
74.880	S 6224292 -13.18 30.50 0.00 0.00 HOLD
74.897	>>> V 0.00 0.00
74.901	S 6224312 -13.18 30.50 0.00 0.00 HOLD
74.919	>>> V 0.00 0.00
74.920	S 6224332 -13.18 30.50 0.00 0.00 HOLD
74.938	>>> V 0.00 0.00
74.938	S 6224352 -13.18 30.50 0.00 0.00 HOLD
74.958	>>> V 0.00 0.00
74.960	S 6224372 -13.18 30.50 0.00 0.00 HOLD
74.990	>>> V 0.00 0.00
74.991	S 6224392 -13.18 30.50 0.00 0.00 HOLD
75.007	>>> V 0.00 0.00
75.011	S 6224412 -13.18 30.50 0.00 0.00 HOLD
75.041	>>> V 0.00 0.00
75.042	S 6224432 -13.18 30.50 0.00 0.00 HOLD
75.044	S 6224452 -13.18 30.50 0.00 0.00 HOLD
75.049	>>> V 0.00 0.00
75.058	>>> V 0.00 0.00
75.070	S 6224472 -13.18 30.59 0.00 0.00 HOLD
75.090	>>> V 0.00 0.00
75.091	S 6224492 -13.18 30.50 0.00 0.00 HOLD
75.114	>>> V 0.00 0.00
75.115	S 6224512 -13.18 30.50 0.00 0.00 HOLD
75.120	S 6224532 -13.27 30.50 0.00 0.00 HOLD
75.149	>>> V 0.00 0.00
75.150	S 6224552 -13.18 30.50 0.00 0.00 HOLD
75.169	>>> V 0.00 0.00
75.170	S 6224572 -13.18 30.50 0.00 0.00 HOLD
75.182	>>> V 0.00 0.00
75.182	S 6224592 -13.18 30.50 0.00 0.00 HOLD
75.199	>>> V 0.00 0.00
75.200	S 6224612 -13.18 30.50 0.00 0.00 HOLD
75.217	>>> V 0.00 0.00
75.218	S 6224632 -13.27 30.50 0.00 0.00 HOLD
75.240	>>> V 0.00 0.00
75.243	S 6224652 -13.18 30.50 0.00 0.00 HOLD
75.271	>>> V 0.00 0.00
75.271	S 6224672 -13.18 30.50 0.00 0.00 HOLD
75.283	>>> V 0.00 0.00
75.285	S 6224692 -13.18 30.50 0.00 0.00 HOLD
75.301	>>> V 0.00 0.00
75.307	S 6224712 -13.18 30.50 0.00 0.00 HOLD
75.326	>>> V 0.00 0.00
75.328	S 6224732 -13.27 30.50 0.00 0.00 HOLD
75.338	>>> V 0.00 0.00
75.339	S 6224752 -13.27 30.50 0.00 0.00 HOLD
75.364	>>> V 0.00 0.00
75.367	S 6224772 -13.18 30.50 0.00 0.00 HOLD
75.377	>>> V 0.00 0.00
75.379	S 6224792 -13.18 30.59 0.00 0.00 HOLD
75.404	>>> V 0.00 0.00
75.404	S 6224812 -13.18 30.50 0.00 0.00 HOLD
75.430	>>> V 0.00 0.00
75.431	S 6224832 -13.18 30.50 0.00 0.00 HOLD
75.439	>>> V 0.00 0.00
75.442	S 6224852 -13.27 30.50 0.00 0.00 HOLD
75.469	>>> V 0.00 0.00
75.469	S 6224872 -13.18 30.50 0.00 0.00 HOLD
75.480	>>> V 0.00 0.00
75.494	S 6224892 -13.18 30.50 0.00 0.00 HOLD
75.509	>>> V 0.00 0.00
75.510	S 6224912 -13.18 30.50 0.00 0.00 HOLD
75.521	>>> V 0.00 0.00
75.531	S 6224932 -13.18 30.50 0.00 0.00 HOLD
75.538	>>> V 0.00 0.00
75.540	S 6224952 -13.18 30.50 0.00 0.00 HOLD
75.561	>>> V 0.00 0.00
75.563	S 6224972 -13.18 30.50 0.00 0.00 HOLD
75.578	>>> V 0.00 0.00
75.579	S 6224992 -13.18 30.50 0.00 0.00 HOLD
75.598	>>> V 0.00 0.00
75.604	S 6225012 -13.18 30.50 0.00 0.00 HOLD
75.618	>>> V 0.00 0.00
75.618	S 6225032 -13.18 30.50 0.00 0.00 HOLD
75.638	>>> V 0.00 0.00
75.638	S 6225052 -13.18 30.50 0.00 0.00 HOLD
75.658	>>> V 0.00 0.00
75.660	S 6225072 -13.18 30.50 0.00 0.00 HOLD
75.678	>>> V 0.00 0.00
75.679	S 6225092 -13.18 30.50 0.00 0.00 HOLD
75.699	>>> V 0.00 0.00
75.702	S 6225112 -13.18 30.50 0.00 0.00 HOLD
75.718	>>> V 0.00 0.00
75.719	S 6225132 -13.18 30.59 0.00 0.00 HOLD
75.742	>>> V 0.00 0.00
75.743	S 6225152 -13.18 30.50 0.00 0.00 HOLD
75.763	>>> V 0.00 0.00
75.763	S 6225172 -13.18 30.50 0.00 0.00 HOLD
75.779	>>> V 0.00 0.00
75.779	S 6225192 -13.18 30.50 0.00 0.00 HOLD
75.802	>>> V 0.00 0.00
75.803	S 6225212 -13.18 30.50 0.00 0.00 HOLD
75.824	>>> V 0.00 0.00
75.832	S 6225232 -13.18 30.50 0.00 0.00 HOLD
75.846	>>> V 0.00 0.00
75.847	S 6225252 -13.18 30.50 0.00 0.00 HOLD
75.858	>>> V 0.00 0.00
75.860	S 6225272 -13.18 30.50 0.00 0.00 HOLD
75.885	>>> V 0.00 0.00
75.885	S 6225292 -13.18 30.50 0.00 0.00 HOLD
75.899	>>> V 0.00 0.00
75.901	S 6225312 -13.18 30.50 0.00 0.00 HOLD
75.922	>>> V 0.00 0.00
75.926	S 6225332 -13.18 30.50 0.00 0.00 HOLD
75.942	>>> V 0.00 0.00
75.947	S 6225352 -13.18 30.50 0.00 0.00 HOLD
75.959	>>> V 0.00 0.00
75.960	S 6225372 -13.18 30.50 0.00 0.00 HOLD
75.977	>>> V 0.00 0.00
75.979	S 6225392 -13.18 30.50 0.00 0.00 HOLD
75.998	>>> V 0.00 0.00
75.999	S 6225412 -13.18 30.50 0.00 0.00 HOLD
76.020	>>> V 0.00 0.00
76.020	S 6225432 -13.18 30.50 0.00 0.00 HOLD
76.039	>>> V 0.00 0.00
76.040	S 6225452 -13.18 30.50 0.00 0.00 HOLD
76.064	>>> V 0.00 0.00
76.067	S 6225472 -13.18 30.50 0.00 0.00 HOLD
76.084	>>> V 0.00 0.00
76.085	S 6225492 -13.18 30.50 0.00 0.00 HOLD
76.099	>>> V 0.00 0.00
76.099	S 6225512 -13.18 30.50 0.00 0.00 HOLD
76.117	>>> V 0.00 0.00
76.118	S 6225532 -13.18 30.50 0.00 0.00 HOLD
76.138	>>> V 0.00 0.00
76.145	S 6225552 -13.18 30.50 0.00 0.00 HOLD
76.162	>>> V 0.00 0.00
76.162	S 6225572 -13.18 30.50 0.00 0.00 HOLD
76.178	>>> V 0.00 0.00
76.179	S 6225592 -13.18 30.50 0.00 0.00 HOLD
76.197	>>> V 0.00 0.00
76.201	S 6225612 -13.18 30.50 0.00 0.00 HOLD
76.218	>>> V 0.00 0.00
76.219	S 6225632 -13.18 30.50 0.00 0.00 HOLD
76.238	>>> V 0.00 0.00
76.239	S 6225652 -13.18 30.50 0.00 0.00 HOLD
76.258	>>> V 0.00 0.00
76.259	S 6225672 -13.18 30.50 0.00 0.00 HOLD
76.278	>>> V 0.00 0.00
76.278	S 6225692 -13.18 30.50 0.00 0.00 HOLD
76.300	>>> V 0.00 0.00
76.301	S 6225712 -13.18 30.50 0.00 0.00 HOLD
76.320	>>> V 0.00 0.00
76.322	S 6225732 -13.18 30.50 0.00 0.00 HOLD
76.338	>>> V 0.00 0.00
76.341	S 6225752 -13.18 30.50 0.00 0.00 HOLD
76.359	>>> V 0.00 0.00
76.361	S 6225772 -13.18 30.50 0.00 0.00 HOLD
76.379	>>> V 0.00 0.00
76.381	S 6225792 -13.18 30.50 0.00 0.00 HOLD
76.398	>>> V 0.00 0.00
76.399	S 6225812 -13.18 30.50 0.00 0.00 HOLD
76.419	>>> V 0.00 0.00
76.421	S 6225832 -13.18 30.50 0.00 0.00 HOLD
76.438	>>> V 0.00 0.00
76.442	S 6225852 -13.18 30.50 0.00 0.00 HOLD
76.458	>>> V 0.00 0.00
76.460	S 6225872 -13.18 30.50 0.00 0.00 HOLD
76.478	>>> V 0.00 0.00
76.478	S 6225892 -13.18 30.50 0.00 0.00 HOLD
76.499	>>> V 0.00 0.00
76.499	S 6225912 -13.18 30.50 0.00 0.00 HOLD
76.518	>>> V 0.00 0.00
76.519	S 6225932 -13.18 30.50 0.00 0.00 HOLD
76.539	>>> V 0.00 0.00
76.540	S 6225952 -13.18 30.50 0.00 0.00 HOLD
76.558	>>> V 0.00 0.00
76.560	S 6225972 -13.18 30.50 0.00 0.00 HOLD
76.578	>>> V 0.00 0.00
76.579	S 6225992 -13.18 30.50 0.00 0.00 HOLD
76.598	>>> V 0.00 0.00
76.600	S 6226012 -13.18 30.50 0.00 0.00 HOLD
76.618	>>> V 0.00 0.00
76.619	S 6226032 -13.18 30.50 0.00 0.00 HOLD
76.641	>>> V 0.00 0.00
76.642	S 6226052 -13.18 30.50 0.00 0.00 HOLD
76.658	>>> V 0.00 0.00
76.659	S 6226072 -13.18 30.50 0.00 0.00 HOLD
76.678	>>> V 0.00 0.00
76.679	S 6226092 -13.18 30.50 0.00 0.00 HOLD
76.698	>>> V 0.00 0.00
76.699	S 6226112 -13.18 30.50 0.00 0.00 HOLD
76.721	>>> V 0.00 0.00
76.723	S 6226132 -13.18 30.50 0.00 0.00 HOLD
76.739	>>> V 0.00 0.00
76.744	S 6226152 -13.18 30.50 0.00 0.00 HOLD
76.758	>>> V 0.00 0.00
76.762	S 6226172 -13.27 30.50 0.00 0.00 HOLD
76.777	>>> V 0.00 0.00
76.779	S 6226192 -13.18 30.50 0.00 0.00 HOLD
76.799	>>> V 0.00 0.00
76.800	S 6226212 -13.18 30.50 0.00 0.00 HOLD
76.818	>>> V 0.00 0.00
76.819	S 6226232 -13.18 30.59 0.00 0.00 HOLD
76.841	>>> V 0.00 0.00
76.842	S 6226252 -13.18 30.50 0.00 0.00 HOLD
76.858	>>> V 0.00 0.00
76.861	S 6226272 -13.18 30.50 0.00 0.00 HOLD
76.878	>>> V 0.00 0.00
76.881	S 6226292 -13.18 30.50 0.00 0.00 HOLD
76.900	>>> V 0.00 0.00
76.905	S 6226312 -13.18 30.50 0.00 0.00 HOLD
76.922	>>> V 0.00 0.00
76.923	S 6226332 -13.18 30.50 0.00 0.00 HOLD
76.937	>>> V 0.00 0.00
76.939	S 6226352 -13.18 30.50 0.00 0.00 HOLD
76.958	>>> V 0.00 0.00
76.958	S 6226372 -13.18 30.50 0.00 0.00 HOLD
76.978	>>> V 0.00 0.00
76.979	S 6226392 -13.18 30.50 0.00 0.00 HOLD
76.999	>>> V 0.00 0.00
77.001	S 6226412 -13.18 30.50 0.00 0.00 HOLD
77.017	>>> V 0.00 0.00
77.019	S 6226432 -13.18 30.50 0.00 0.00 HOLD
77.039	>>> V 0.00 0.00
77.042	S 6226452 -13.18 30.50 0.00 0.00 HOLD
77.058	>>> V 0.00 0.00
77.065	S 6226472 -13.18 30.50 0.00 0.00 HOLD
77.078	>>> V 0.00 0.00
77.080	S 6226492 -13.18 30.50 0.00 0.00 HOLD
77.098	>>> V 0.00 0.00
77.098	S 6226512 -13.18 30.50 0.00 0.00 HOLD
77.119	>>> V 0.00 0.00
77.121	S 6226532 -13.18 30.50 0.00 0.00 HOLD
77.143	>>> V 0.00 0.00
77.145	S 6226552 -13.18 30.50 0.00 0.00 HOLD
77.159	>>> V 0.00 0.00
77.160	S 6226572 -13.18 30.50 0.00 0.00 HOLD
77.189	>>> V 0.00 0.00
77.194	S 6226592 -13.18 30.50 0.00 0.00 HOLD
77.202	>>> V 0.00 0.00
77.203	S 6226612 -13.18 30.50 0.00 0.00 HOLD
77.220	>>> V 0.00 0.00
77.220	S 6226632 -13.18 30.50 0.00 0.00 HOLD
77.237	>>> V 0.00 0.00
77.239	S 6226652 -13.18 30.50 0.00 0.00 HOLD
77.259	>>> V 0.00 0.00
77.260	S 6226672 -13.18 30.50 0.00 0.00 HOLD
77.278	>>> V 0.00 0.00
77.278	S 6226692 -13.18 30.50 0.00 0.00 HOLD
77.301	>>> V 0.00 0.00
77.306	S 6226712 -13.18 30.50 0.00 0.00 HOLD
77.318	>>> V 0.00 0.00
77.319	S 6226732 -13.18 30.50 0.00 0.00 HOLD
77.338	>>> V 0.00 0.00
77.338	S 6226752 -13.18 30.50 0.00 0.00 HOLD
77.358	>>> V 0.00 0.00
77.361	S 6226772 -13.18 30.50 0.00 0.00 HOLD
77.379	>>> V 0.00 0.00
77.379	S 6226792 -13.18 30.50 0.00 0.00 HOLD
77.398	>>> V 0.00 0.00
77.398	S 6226812 -13.18 30.50 0.00 0.00 HOLD
77.418	>>> V 0.00 0.00
77.419	S 6226832 -13.18 30.50 0.00 0.00 HOLD
77.438	>>> V 0.00 0.00
77.440	S 6226852 -13.18 30.50 0.00 0.00 HOLD
77.459	>>> V 0.00 0.00
77.459	S 6226872 -13.18 30.50 0.00 0.00 HOLD
77.479	>>> V 0.00 0.00
77.483	S 6226892 -13.18 30.50 0.00 0.00 HOLD
77.505	>>> V 0.00 0.00
77.506	S 6226912 -13.18 30.50 0.00 0.00 HOLD
77.518	>>> V 0.00 0.00
77.519	S 6226932 -13.18 30.50 0.00 0.00 HOLD
77.538	>>> V 0.00 0.00
77.539	S 6226952 -13.18 30.50 0.00 0.00 HOLD
77.558	>>> V 0.00 0.00
77.559	S 6226972 -13.18 30.50 0.00 0.00 HOLD
77.578	>>> V 0.00 0.00
77.578	S 6226992 -13.18 30.50 0.00 0.00 HOLD
77.598	>>> V 0.00 0.00
77.599	S 6227012 -13.18 30.50 0.00 0.00 HOLD
77.619	>>> V 0.00 0.00
77.619	S 6227032 -13.18 30.50 0.00 0.00 HOLD
77.638	>>> V 0.00 0.00
77.640	S 6227052 -13.18 30.50 0.00 0.00 HOLD
77.658	>>> V 0.00 0.00
77.660	S 6227072 -13.18 30.50 0.00 0.00 HOLD
77.678	>>> V 0.00 0.00
77.679	S 6227092 -13.18 30.50 0.00 0.00 HOLD
77.697	>>> V 0.00 0.00
77.698	S 6227112 -13.18 30.50 0.00 0.00 HOLD
77.718	>>> V 0.00 0.00
77.718	S 6227132 -13.18 30.50 0.00 0.00 HOLD
77.740	>>> V 0.00 0.00
77.743	S 6227152 -13.27 30.50 0.00 0.00 HOLD
77.759	>>> V 0.00 0.00
77.761	S 6227172 -13.18 30.50 0.00 0.00 HOLD
77.778	>>> V 0.00 0.00
77.782	S 6227192 -13.18 30.50 0.00 0.00 HOLD
77.798	>>> V 0.00 0.00
77.799	S 6227212 -13.18 30.50 0.00 0.00 HOLD
77.820	>>> V 0.00 0.00
77.825	S 6227232 -13.18 30.50 0.00 0.00 HOLD
77.839	>>> V 0.00 0.00
77.839	S 6227252 -13.18 30.50 0.00 0.00 HOLD
77.857	>>> V 0.00 0.00
77.859	S 6227272 -13.18 30.50 0.00 0.00 HOLD
77.879	>>> V 0.00 0.00
77.883	S 6227292 -13.18 30.50 0.00 0.00 HOLD
77.898	>>> V 0.00 0.00
77.898	S 6227312 -13.18 30.50 0.00 0.00 HOLD
77.918	>>> V 0.00 0.00
77.920	S 6227332 -13.18 30.59 0.00 0.00 HOLD
77.940	>>> V 0.00 0.00
77.941	S 6227352 -13.18 30.50 0.00 0.00 HOLD
77.958	>>> V 0.00 0.00
77.958	S 6227372 -13.18 30.50 0.00 0.00 HOLD
77.977	>>> V 0.00 0.00
77.981	S 6227392 -13.18 30.50 0.00 0.00 HOLD
77.998	>>> V 0.00 0.00
78.007	S 6227412 -13.18 30.50 0.00 0.00 HOLD
78.019	>>> V 0.00 0.00
78.019	S 6227432 -13.18 30.50 0.00 0.00 HOLD
78.040	>>> V 0.00 0.00
78.046	S 6227452 -13.18 30.50 0.00 0.00 HOLD
78.060	>>> V 0.00 0.00
78.060	S 6227472 -13.18 30.50 0.00 0.00 HOLD
78.080	>>> V 0.00 0.00
78.083	S 6227492 -13.18 30.50 0.00 0.00 HOLD
78.098	>>> V 0.00 0.00
78.101	S 6227512 -13.18 30.50 0.00 0.00 HOLD
78.119	>>> V 0.00 0.00
78.125	S 6227532 -13.18 30.59 0.00 0.00 HOLD
78.140	>>> V 0.00 0.00
78.144	S 6227552 -13.18 30.50 0.00 0.00 HOLD
78.159	>>> V 0.00 0.00
78.159	S 6227572 -13.18 30.50 0.00 0.00 HOLD
78.178	>>> V 0.00 0.00
78.181	S 6227592 -13.18 30.59 0.00 0.00 HOLD
78.198	>>> V 0.00 0.00
78.198	S 6227612 -13.18 30.50 0.00 0.00 HOLD
78.218	>>> V 0.00 0.00
78.218	S 6227632 -13.18 30.50 0.00 0.00 HOLD
78.238	>>> V 0.00 0.00
78.240	S 6227652 -13.18 30.50 0.00 0.00 HOLD
78.258	>>> V 0.00 0.00
78.258	S 6227672 -13.18 30.50 0.00 0.00 HOLD
78.281	>>> V 0.00 0.00
78.282	S 6227692 -13.18 30.50 0.00 0.00 HOLD
78.301	>>> V 0.00 0.00
78.302	S 6227712 -13.18 30.50 0.00 0.00 HOLD
78.320	>>> V 0.00 0.00
78.321	S 6227732 -13.18 30.50 0.00 0.00 HOLD
78.338	>>> V 0.00 0.00
78.339	S 6227752 -13.18 30.50 0.00 0.00 HOLD
78.358	>>> V 0.00 0.00
78.360	S 6227772 -13.18 30.50 0.00 0.00 HOLD
78.378	>>> V 0.00 0.00
78.379	S 6227792 -13.18 30.50 0.00 0.00 HOLD
78.397	>>> V 0.00 0.00
78.400	S 6227812 -13.18 30.50 0.00 0.00 HOLD
78.418	>>> V 0.00 0.00
78.425	S 6227832 -13.18 30.50 0.00 0.00 HOLD
78.441	>>> V 0.00 0.00
78.442	S 6227852 -13.18 30.50 0.00 0.00 HOLD
78.460	>>> V 0.00 0.00
78.462	S 6227872 -13.18 30.50 0.00 0.00 HOLD
78.478	>>> V 0.00 0.00
78.478	S 6227892 -13.18 30.50 0.00 0.00 HOLD
78.500	>>> V 0.00 0.00
78.501	S 6227912 -13.18 30.50 0.00 0.00 HOLD
78.519	>>> V 0.00 0.00
78.520	S 6227932 -13.18 30.50 0.00 0.00 HOLD
78.541	>>> V 0.00 0.00
78.542	S 6227952 -13.18 30.50 0.00 0.00 HOLD
78.557	>>> V 0.00 0.00
78.559	S 6227972 -13.18 30.50 0.00 0.00 HOLD
78.577	>>> V 0.00 0.00
78.578	S 6227992 -13.18 30.50 0.00 0.00 HOLD
78.597	>>> V 0.00 0.00
78.601	S 6228012 -13.18 30.59 0.00 0.00 HOLD
78.617	>>> V 0.00 0.00
78.618	S 6228032 -13.18 30.50 0.00 0.00 HOLD
78.639	>>> V 0.00 0.00
78.639	S 6228052 -13.18 30.59 0.00 0.00 HOLD
78.658	>>> V 0.00 0.00
78.661	S 6228072 -13.18 30.50 0.00 0.00 HOLD
78.680	>>> V 0.00 0.00
78.680	S 6228092 -13.18 30.50 0.00 0.00 HOLD
78.699	>>> V 0.00 0.00
78.699	S 6228112 -13.18 30.50 0.00 0.00 HOLD
78.720	>>> V 0.00 0.00
78.721	S 6228132 -13.18 30.50 0.00 0.00 HOLD
78.738	>>> V 0.00 0.00
78.739	S 6228152 -13.18 30.50 0.00 0.00 HOLD
78.758	>>> V 0.00 0.00
78.759	S 6228172 -13.18 30.59 0.00 0.00 HOLD
78.779	>>> V 0.00 0.00
78.780	S 6228192 -13.18 30.50 0.00 0.00 HOLD
78.798	>>> V 0.00 0.00
78.798	S 6228212 -13.18 30.50 0.00 0.00 HOLD
78.818	>>> V 0.00 0.00
78.819	S 6228232 -13.18 30.50 0.00 0.00 HOLD
78.838	>>> V 0.00 0.00
78.840	S 6228252 -13.18 30.50 0.00 0.00 HOLD
78.858	>>> V 0.00 0.00
78.860	S 6228272 -13.18 30.50 0.00 0.00 HOLD
78.880	>>> V 0.00 0.00
78.883	S 6228292 -13.18 30.50 0.00 0.00 HOLD
78.900	>>> V 0.00 0.00
78.901	S 6228312 -13.18 30.50 0.00 0.00 HOLD
78.918	>>> V 0.00 0.00
78.919	S 6228332 -13.18 30.50 0.00 0.00 HOLD
78.939	>>> V 0.00 0.00
78.940	S 6228352 -13.18 30.50 0.00 0.00 HOLD
78.958	>>> V 0.00 0.00
78.960	S 6228372 -13.18 30.50 0.00 0.00 HOLD
78.978	>>> V 0.00 0.00
78.979	S 6228392 -13.18 30.50 0.00 0.00 HOLD
78.999	>>> V 0.00 0.00
79.000	S 6228412 -13.18 30.50 0.00 0.00 HOLD
79.018	>>> V 0.00 0.00
79.019	S 6228432 -13.18 30.50 0.00 0.00 HOLD
79.040	>>> V 0.00 0.00
79.040	S 6228452 -13.18 30.50 0.00 0.00 HOLD
79.059	>>> V 0.00 0.00
79.061	S 6228472 -13.18 30.50 0.00 0.00 HOLD
79.079	>>> V 0.00 0.00
79.079	S 6228492 -13.18 30.50 0.00 0.00 HOLD
79.100	>>> V 0.00 0.00
79.101	S 6228512 -13.18 30.50 0.00 0.00 HOLD
79.117	>>> V 0.00 0.00
79.119	S 6228532 -13.18 30.50 0.00 0.00 HOLD
79.139	>>> V 0.00 0.00
79.139	S 6228552 -13.27 30.50 0.00 0.00 HOLD
79.167	>>> V 0.00 0.00
79.168	S 6228572 -13.18 30.50 0.00 0.00 HOLD
79.185	>>> V 0.00 0.00
79.185	S 6228592 -13.18 30.50 0.00 0.00 HOLD
79.198	>>> V 0.00 0.00
79.199	S 6228612 -13.18 30.50 0.00 0.00 HOLD
79.218	>>> V 0.00 0.00
79.219	S 6228632 -13.18 30.50 0.00 0.00 HOLD
79.237	>>> V 0.00 0.00
79.240	S 6228652 -13.18 30.50 0.00 0.00 HOLD
79.259	>>> V 0.00 0.00
79.262	S 6228672 -13.18 30.50 0.00 0.00 HOLD
79.279	>>> V 0.00 0.00
79.279	S 6228692 -13.18 30.50 0.00 0.00 HOLD
79.298	>>> V 0.00 0.00
79.299	S 6228712 -13.18 30.50 0.00 0.00 HOLD
79.318	>>> V 0.00 0.00
79.325	S 6228732 -13.18 30.50 0.00 0.00 HOLD
79.340	>>> V 0.00 0.00
79.341	S 6228752 -13.27 30.59 0.00 0.00 HOLD
79.363	>>> V 0.00 0.00
79.364	S 6228772 -13.18 30.50 0.00 0.00 HOLD
79.386	>>> V 0.00 0.00
79.391	S 6228792 -13.18 30.50 0.00 0.00 HOLD
79.410	>>> V 0.00 0.00
79.413	S 6228812 -13.18 30.50 0.00 0.00 HOLD
79.421	>>> V 0.00 0.00
79.422	S 6228832 -13.18 30.50 0.00 0.00 HOLD
79.438	>>> V 0.00 0.00
79.438	S 6228852 -13.18 30.50 0.00 0.00 HOLD
79.459	>>> V 0.00 0.00
79.460	S 6228872 -13.18 30.50 0.00 0.00 HOLD
79.478	>>> V 0.00 0.00
79.480	S 6228892 -13.27 30.50 0.00 0.00 HOLD
79.497	>>> V 0.00 0.00
79.500	S 6228912 -13.18 30.50 0.00 0.00 HOLD
79.520	>>> V 0.00 0.00
79.521	S 6228932 -13.18 30.50 0.00 0.00 HOLD
79.538	>>> V 0.00 0.00
79.540	S 6228952 -13.18 30.50 0.00 0.00 HOLD
79.561	>>> V 0.00 0.00
79.563	S 6228972 -13.18 30.50 0.00 0.00 HOLD
79.580	>>> V 0.00 0.00
79.584	S 6228992 -13.18 30.50 0.00 0.00 HOLD
79.601	>>> V 0.00 0.00
79.602	S 6229012 -13.18 30.50 0.00 0.00 HOLD
79.625	>>> V 0.00 0.00
79.626	S 6229032 -13.18 30.50 0.00 0.00 HOLD
79.638	>>> V 0.00 0.00
79.640	S 6229052 -13.18 30.50 0.00 0.00 HOLD
79.657	>>> V 0.00 0.00
79.659	S 6229072 -13.18 30.50 0.00 0.00 HOLD
79.678	>>> V 0.00 0.00
79.679	S 6229092 -13.18 30.50 0.00 0.00 HOLD
79.698	>>> V 0.00 0.00
79.699	S 6229112 -13.18 30.50 0.00 0.00 HOLD
79.721	>>> V 0.00 0.00
79.723	S 6229132 -13.18 30.50 0.00 0.00 HOLD
79.742	>>> V 0.00 0.00
79.744	S 6229152 -13.18 30.50 0.00 0.00 HOLD
79.765	>>> V 0.00 0.00
79.766	S 6229172 -13.18 30.50 0.00 0.00 HOLD
79.782	>>> V 0.00 0.00
79.784	S 6229192 -13.18 30.50 0.00 0.00 HOLD
79.809	>>> V 0.00 0.00
79.810	S 6229212 -13.18 30.50 0.00 0.00 HOLD
79.818	>>> V 0.00 0.00
79.818	S 6229232 -13.18 30.50 0.00 0.00 HOLD
79.839	>>> V 0.00 0.00
79.839	S 6229252 -13.18 30.50 0.00 0.00 HOLD
79.858	>>> V 0.00 0.00
79.858	S 6229272 -13.18 30.50 0.00 0.00 HOLD
79.878	>>> V 0.00 0.00
79.880	S 6229292 -13.18 30.50 0.00 0.00 HOLD
79.899	>>> V 0.00 0.00
79.901	S 6229312 -13.18 30.50 0.00 0.00 HOLD
79.927	>>> V 0.00 0.00
79.927	S 6229332 -13.27 30.50 0.00 0.00 HOLD
79.939	>>> V 0.00 0.00
79.939	S 6229352 -13.18 30.50 0.00 0.00 HOLD
79.958	>>> V 0.00 0.00
79.959	S 6229372 -13.18 30.50 0.00 0.00 HOLD
79.985	>>> V 0.00 0.00
79.986	S 6229392 -13.18 30.50 0.00 0.00 HOLD
79.998	>>> V 0.00 0.00
79.999	S 6229412 -13.18 30.50 0.00 0.00 HOLD
80.018	>>> V 0.00 0.00
80.018	S 6229432 -13.18 30.50 0.00 0.00 HOLD
80.038	>>> V 0.00 0.00
80.038	S 6229452 -13.18 30.50 0.00 0.00 HOLD
80.058	>>> V 0.00 0.00
80.060	S 6229472 -13.18 30.50 0.00 0.00 HOLD
80.079	>>> V 0.00 0.00
80.082	S 6229492 -13.18 30.50 0.00 0.00 HOLD
80.097	>>> V 0.00 0.00
80.099	S 6229512 -13.18 30.59 0.00 0.00 HOLD
80.119	>>> V 0.00 0.00
80.119	S 6229532 -13.18 30.50 0.00 0.00 HOLD
80.137	>>> V 0.00 0.00
80.138	S 6229552 -13.18 30.50 0.00 0.00 HOLD
80.158	>>> V 0.00 0.00
80.158	S 6229572 -13.18 30.50 0.00 0.00 HOLD
80.178	>>> V 0.00 0.00
80.178	S 6229592 -13.18 30.59 0.00 0.00 HOLD
80.197	>>> V 0.00 0.00
80.199	S 6229612 -13.18 30.50 0.00 0.00 HOLD
80.219	>>> V 0.00 0.00
80.219	S 6229632 -13.18 30.50 0.00 0.00 HOLD
80.241	>>> V 0.00 0.00
80.242	S 6229652 -13.18 30.50 0.00 0.00 HOLD
80.258	>>> V 0.00 0.00
80.261	S 6229672 -13.18 30.50 0.00 0.00 HOLD
80.278	>>> V 0.00 0.00
80.279	S 6229692 -13.18 30.59 0.00 0.00 HOLD
80.298	>>> V 0.00 0.00
80.298	S 6229712 -13.18 30.50 0.00 0.00 HOLD
80.318	>>> V 0.00 0.00
80.319	S 6229732 -13.18 30.50 0.00 0.00 HOLD
80.338	>>> V 0.00 0.00
80.340	S 6229752 -13.18 30.50 0.00 0.00 HOLD
80.357	>>> V 0.00 0.00
80.361	S 6229772 -13.18 30.50 0.00 0.00 HOLD
80.379	>>> V 0.00 0.00
80.380	S 6229792 -13.18 30.50 0.00 0.00 HOLD
80.398	>>> V 0.00 0.00
80.399	S 6229812 -13.18 30.50 0.00 0.00 HOLD
80.419	>>> V 0.00 0.00
80.420	S 6229832 -13.18 30.50 0.00 0.00 HOLD
80.438	>>> V 0.00 0.00
80.440	S 6229852 -13.18 30.50 0.00 0.00 HOLD
80.459	>>> V 0.00 0.00
80.460	S 6229872 -13.18 30.50 0.00 0.00 HOLD
80.481	>>> V 0.00 0.00
80.482	S 6229892 -13.18 30.50 0.00 0.00 HOLD
80.499	>>> V 0.00 0.00
80.502	S 6229912 -13.18 30.50 0.00 0.00 HOLD
80.518	>>> V 0.00 0.00
80.519	S 6229932 -13.18 30.50 0.00 0.00 HOLD
80.537	>>> V 0.00 0.00
80.538	S 6229952 -13.18 30.50 0.00 0.00 HOLD
80.559	>>> V 0.00 0.00
80.560	S 6229972 -13.18 30.50 0.00 0.00 HOLD
80.578	>>> V 0.00 0.00
80.580	S 6229992 -13.18 30.50 0.00 0.00 HOLD
80.598	>>> V 0.00 0.00
80.599	S 6230012 -13.18 30.50 0.00 0.00 HOLD
80.618	>>> V 0.00 0.00
80.618	S 6230033 -13.18 30.50 0.00 0.00 HOLD
80.638	>>> V 0.00 0.00
80.639	S 6230053 -13.18 30.50 0.00 0.00 HOLD
80.659	>>> V 0.00 0.00
80.661	S 6230073 -13.18 30.50 0.00 0.00 HOLD
80.677	>>> V 0.00 0.00
80.680	S 6230093 -13.18 30.59 0.00 0.00 HOLD
80.699	>>> V 0.00 0.00
80.700	S 6230113 -13.18 30.50 0.00 0.00 HOLD
80.718	>>> V 0.00 0.00
80.719	S 6230133 -13.18 30.50 0.00 0.00 HOLD
80.738	>>> V 0.00 0.00
80.743	S 6230153 -13.18 30.50 0.00 0.00 HOLD
80.761	>>> V 0.00 0.00
80.762	S 6230173 -13.18 30.50 0.00 0.00 HOLD
80.778	>>> V 0.00 0.00
80.779	S 6230193 -13.18 30.50 0.00 0.00 HOLD
80.799	>>> V 0.00 0.00
80.803	S 6230213 -13.18 30.50 0.00 0.00 HOLD
80.821	>>> V 0.00 0.00
80.821	S 6230233 -13.18 30.50 0.00 0.00 HOLD
80.838	>>> V 0.00 0.00
80.841	S 6230253 -13.18 30.59 0.00 0.00 HOLD
80.858	>>> V 0.00 0.00
80.861	S 6230273 -13.18 30.50 0.00 0.00 HOLD
80.880	>>> V 0.00 0.00
80.881	S 6230293 -13.18 30.50 0.00 0.00 HOLD
80.898	>>> V 0.00 0.00
80.899	S 6230313 -13.18 30.50 0.00 0.00 HOLD
80.918	>>> V 0.00 0.00
80.922	S 6230333 -13.18 30.50 0.00 0.00 HOLD
80.939	>>> V 0.00 0.00
80.939	S 6230353 -13.18 30.50 0.00 0.00 HOLD
80.958	>>> V 0.00 0.00
80.961	S 6230373 -13.18 30.50 0.00 0.00 HOLD
80.978	>>> V 0.00 0.00
80.979	S 6230393 -13.18 30.50 0.00 0.00 HOLD
80.999	>>> V 0.00 0.00
80.999	S 6230413 -13.18 30.50 0.00 0.00 HOLD
81.017	>>> V 0.00 0.00
81.021	S 6230433 -13.18 30.50 0.00 0.00 HOLD
81.038	>>> V 0.00 0.00
81.039	S 6230453 -13.18 30.50 0.00 0.00 HOLD
81.057	>>> V 0.00 0.00
81.061	S 6230473 -13.18 30.50 0.00 0.00 HOLD
81.078	>>> V 0.00 0.00
81.079	S 6230493 -13.18 30.50 0.00 0.00 HOLD
81.098	>>> V 0.00 0.00
81.099	S 6230513 -13.18 30.50 0.00 0.00 HOLD
81.130	>>> V 0.00 0.00
81.130	S 6230533 -13.18 30.50 0.00 0.00 HOLD
81.149	>>> V 0.00 0.00
81.149	S 6230553 -13.18 30.50 0.00 0.00 HOLD
81.161	>>> V 0.00 0.00
81.161	S 6230573 -13.18 30.50 0.00 0.00 HOLD
81.178	>>> V 0.00 0.00
81.185	S 6230593 -13.18 30.50 0.00 0.00 HOLD
81.199	>>> V 0.00 0.00
81.199	S 6230613 -13.18 30.50 0.00 0.00 HOLD
81.225	>>> V 0.00 0.00
81.226	S 6230633 -13.18 30.50 0.00 0.00 HOLD
81.241	>>> V 0.00 0.00
81.241	S 6230653 -13.18 30.50 0.00 0.00 HOLD
81.258	>>> V 0.00 0.00
81.259	S 6230673 -13.18 30.50 0.00 0.00 HOLD
81.278	>>> V 0.00 0.00
81.279	S 6230693 -13.18 30.50 0.00 0.00 HOLD
81.298	>>> V 0.00 0.00
81.298	S 6230713 -13.18 30.50 0.00 0.00 HOLD
81.319	>>> V 0.00 0.00
81.319	S 6230733 -13.18 30.50 0.00 0.00 HOLD
81.338	>>> V 0.00 0.00
81.341	S 6230753 -13.27 30.50 0.00 0.00 HOLD
81.358	>>> V 0.00 0.00
81.359	S 6230773 -13.18 30.50 0.00 0.00 HOLD
81.378	>>> V 0.00 0.00
81.378	S 6230793 -13.18 30.50 0.00 0.00 HOLD
81.400	>>> V 0.00 0.00
81.401	S 6230813 -13.18 30.50 0.00 0.00 HOLD
81.418	>>> V 0.00 0.00
81.423	S 6230833 -13.18 30.50 0.00 0.00 HOLD
81.438	>>> V 0.00 0.00
81.442	S 6230853 -13.18 30.50 0.00 0.00 HOLD
81.458	>>> V 0.00 0.00
81.462	S 6230873 -13.18 30.50 0.00 0.00 HOLD
81.480	>>> V 0.00 0.00
81.481	S 6230893 -13.18 30.50 0.00 0.00 HOLD
81.497	>>> V 0.00 0.00
81.499	S 6230913 -13.27 30.50 0.00 0.00 HOLD
81.518	>>> V 0.00 0.00
81.519	S 6230933 -13.18 30.50 0.00 0.00 HOLD
81.539	>>> V 0.00 0.00
81.540	S 6230953 -13.18 30.50 0.00 0.00 HOLD
81.559	>>> V 0.00 0.00
81.564	S 6230973 -13.18 30.50 0.00 0.00 HOLD
81.581	>>> V 0.00 0.00
81.583	S 6230993 -13.18 30.50 0.00 0.00 HOLD
81.600	>>> V 0.00 0.00
81.600	S 6231013 -13.18 30.50 0.00 0.00 HOLD
81.618	>>> V 0.00 0.00
81.620	S 6231033 -13.18 30.50 0.00 0.00 HOLD
81.638	>>> V 0.00 0.00
81.640	S 6231053 -13.18 30.50 0.00 0.00 HOLD
81.660	>>> V 0.00 0.00
81.664	S 6231073 -13.18 30.50 0.00 0.00 HOLD
81.681	>>> V 0.00 0.00
81.682	S 6231093 -13.18 30.50 0.00 0.00 HOLD
81.700	>>> V 0.00 0.00
81.701	S 6231113 -13.18 30.59 0.00 0.00 HOLD
81.720	>>> V 0.00 0.00
81.720	S 6231133 -13.18 30.50 0.00 0.00 HOLD
81.746	>>> V 0.00 0.00
81.747	S 6231153 -13.18 30.50 0.00 0.00 HOLD
81.758	>>> V 0.00 0.00
81.759	S 6231173 -13.18 30.50 0.00 0.00 HOLD
81.778	>>> V 0.00 0.00
81.779	S 6231193 -13.18 30.50 0.00 0.00 HOLD
81.800	>>> V 0.00 0.00
81.803	S 6231213 -13.18 30.50 0.00 0.00 HOLD
81.818	>>> V 0.00 0.00
81.818	S 6231233 -13.18 30.50 0.00 0.00 HOLD
81.838	>>> V 0.00 0.00
81.838	S 6231253 -13.18 30.50 0.00 0.00 HOLD
81.858	>>> V 0.00 0.00
81.859	S 6231273 -13.18 30.50 0.00 0.00 HOLD
81.879	>>> V 0.00 0.00
81.882	S 6231293 -13.18 30.59 0.00 0.00 HOLD
81.899	>>> V 0.00 0.00
81.901	S 6231313 -13.18 30.50 0.00 0.00 HOLD
81.921	>>> V 0.00 0.00
81.924	S 6231333 -13.18 30.50 0.00 0.00 HOLD
81.938	>>> V 0.00 0.00
81.938	S 6231353 -13.18 30.59 0.00 0.00 HOLD
81.957	>>> V 0.00 0.00
81.958	S 6231373 -13.18 30.50 0.00 0.00 HOLD
81.979	>>> V 0.00 0.00
81.980	S 6231393 -13.18 30.50 0.00 0.00 HOLD
81.999	>>> V 0.00 0.00
81.999	S 6231413 -13.18 30.50 0.00 0.00 HOLD
82.019	>>> V 0.00 0.00
82.019	S 6231433 -13.18 30.50 0.00 0.00 HOLD
82.038	>>> V 0.00 0.00
82.038	S 6231453 -13.27 30.50 0.00 0.00 HOLD
82.058	>>> V 0.00 0.00
82.059	S 6231473 -13.18 30.50 0.00 0.00 HOLD
82.077	>>> V 0.00 0.00
82.079	S 6231493 -13.18 30.50 0.00 0.00 HOLD
82.098	>>> V 0.00 0.00
82.099	S 6231513 -13.18 30.50 0.00 0.00 HOLD
82.117	>>> V 0.00 0.00
82.119	S 6231533 -13.18 30.50 0.00 0.00 HOLD
82.140	>>> V 0.00 0.00
82.141	S 6231553 -13.18 30.50 0.00 0.00 HOLD
82.158	>>> V 0.00 0.00
82.158	S 6231573 -13.18 30.50 0.00 0.00 HOLD
82.177	>>> V 0.00 0.00
82.182	S 6231593 -13.18 30.50 0.00 0.00 HOLD
82.197	>>> V 0.00 0.00
82.198	S 6231613 -13.18 30.50 0.00 0.00 HOLD
82.218	>>> V 0.00 0.00
82.219	S 6231633 -13.18 30.50 0.00 0.00 HOLD
82.238	>>> V 0.00 0.00
82.238	S 6231653 -13.18 30.50 0.00 0.00 HOLD
82.258	>>> V 0.00 0.00
82.258	S 6231673 -13.18 30.50 0.00 0.00 HOLD
82.278	>>> V 0.00 0.00
82.278	S 6231693 -13.18 30.50 0.00 0.00 HOLD
82.299	>>> V 0.00 0.00
82.300	S 6231713 -13.18 30.50 0.00 0.00 HOLD
82.319	>>> V 0.00 0.00
82.319	S 6231733 -13.18 30.50 0.00 0.00 HOLD
82.338	>>> V 0.00 0.00
82.338	S 6231753 -13.18 30.50 0.00 0.00 HOLD
82.359	>>> V 0.00 0.00
82.365	S 6231773 -13.18 30.50 0.00 0.00 HOLD
82.380	>>> V 0.00 0.00
82.382	S 6231793 -13.18 30.50 0.00 0.00 HOLD
82.398	>>> V 0.00 0.00
82.401	S 6231813 -13.18 30.50 0.00 0.00 HOLD
82.420	>>> V 0.00 0.00
82.421	S 6231833 -13.18 30.50 0.00 0.00 HOLD
82.442	>>> V 0.00 0.00
82.442	S 6231853 -13.18 30.50 0.00 0.00 HOLD
82.459	>>> V 0.00 0.00
82.463	S 6231873 -13.18 30.50 0.00 0.00 HOLD
82.478	>>> V 0.00 0.00
82.479	S 6231893 -13.18 30.50 0.00 0.00 HOLD
82.498	>>> V 0.00 0.00
82.503	S 6231913 -13.18 30.50 0.00 0.00 HOLD
82.519	>>> V 0.00 0.00
82.519	S 6231933 -13.18 30.50 0.00 0.00 HOLD
82.538	>>> V 0.00 0.00
82.538	S 6231953 -13.18 30.50 0.00 0.00 HOLD
82.558	>>> V 0.00 0.00
82.558	S 6231973 -13.18 30.50 0.00 0.00 HOLD
82.578	>>> V 0.00 0.00
82.579	S 6231993 -13.18 30.50 0.00 0.00 HOLD
82.597	>>> V 0.00 0.00
82.599	S 6232013 -13.18 30.50 0.00 0.00 HOLD
82.618	>>> V 0.00 0.00
82.619	S 6232033 -13.18 30.50 0.00 0.00 HOLD
82.638	>>> V 0.00 0.00
82.639	S 6232053 -13.18 30.50 0.00 0.00 HOLD
82.659	>>> V 0.00 0.00
82.662	S 6232073 -13.18 30.50 0.00 0.00 HOLD
82.677	>>> V 0.00 0.00
82.679	S 6232093 -13.18 30.50 0.00 0.00 HOLD
82.698	>>> V 0.00 0.00
82.699	S 6232113 -13.18 30.50 0.00 0.00 HOLD
82.720	>>> V 0.00 0.00
82.721	S 6232133 -13.18 30.50 0.00 0.00 HOLD
82.738	>>> V 0.00 0.00
82.739	S 6232153 -13.18 30.50 0.00 0.00 HOLD
82.758	>>> V 0.00 0.00
82.758	S 6232173 -13.18 30.50 0.00 0.00 HOLD
82.779	>>> V 0.00 0.00
82.780	S 6232193 -13.18 30.50 0.00 0.00 HOLD
82.799	>>> V 0.00 0.00
82.800	S 6232213 -13.18 30.50 0.00 0.00 HOLD
82.818	>>> V 0.00 0.00
82.819	S 6232233 -13.18 30.50 0.00 0.00 HOLD
82.844	>>> V 0.00 0.00
82.845	S 6232253 -13.18 30.50 0.00 0.00 HOLD
82.860	>>> V 0.00 0.00
82.861	S 6232273 -13.18 30.50 0.00 0.00 HOLD
82.878	>>> V 0.00 0.00
82.879	S 6232293 -13.18 30.50 0.00 0.00 HOLD
82.898	>>> V 0.00 0.00
82.898	S 6232313 -13.18 30.50 0.00 0.00 HOLD
82.918	>>> V 0.00 0.00
82.921	S 6232333 -13.18 30.50 0.00 0.00 HOLD
82.943	>>> V 0.00 0.00
82.944	S 6232353 -13.18 30.50 0.00 0.00 HOLD
82.961	>>> V 0.00 0.00
82.967	S 6232373 -13.18 30.50 0.00 0.00 HOLD
82.982	>>> V 0.00 0.00
82.985	S 6232393 -13.18 30.50 0.00 0.00 HOLD
82.998	>>> V 0.00 0.00
83.000	S 6232413 -13.18 30.50 0.00 0.00 HOLD
83.021	>>> V 0.00 0.00
83.022	S 6232433 -13.18 30.50 0.00 0.00 HOLD
83.044	>>> V 0.00 0.00
83.045	S 6232453 -13.18 30.50 0.00 0.00 HOLD
83.063	>>> V 0.00 0.00
83.066	S 6232473 -13.18 30.50 0.00 0.00 HOLD
83.079	>>> V 0.00 0.00
83.079	S 6232493 -13.18 30.50 0.00 0.00 HOLD
83.097	>>> V 0.00 0.00
83.099	S 6232513 -13.18 30.50 0.00 0.00 HOLD
83.118	>>> V 0.00 0.00
83.121	S 6232533 -13.18 30.50 0.00 0.00 HOLD
83.138	>>> V 0.00 0.00
83.141	S 6232553 -13.18 30.50 0.00 0.00 HOLD
83.159	>>> V 0.00 0.00
83.160	S 6232573 -13.18 30.50 0.00 0.00 HOLD
83.178	>>> V 0.00 0.00
83.179	S 6232593 -13.18 30.50 0.00 0.00 HOLD
83.198	>>> V 0.00 0.00
83.198	S 6232613 -13.18 30.50 0.00 0.00 HOLD
83.218	>>> V 0.00 0.00
83.220	S 6232633 -13.18 30.50 0.00 0.00 HOLD
83.238	>>> V 0.00 0.00
83.239	S 6232653 -13.18 30.50 0.00 0.00 HOLD
83.262	>>> V 0.00 0.00
83.265	S 6232673 -13.18 30.50 0.00 0.00 HOLD
83.277	>>> V 0.00 0.00
83.278	S 6232693 -13.18 30.50 0.00 0.00 HOLD
83.299	>>> V 0.00 0.00
83.300	S 6232713 -13.18 30.50 0.00 0.00 HOLD
83.318	>>> V 0.00 0.00
83.319	S 6232733 -13.18 30.50 0.00 0.00 HOLD
83.338	>>> V 0.00 0.00
83.339	S 6232753 -13.18 30.50 0.00 0.00 HOLD
83.362	>>> V 0.00 0.00
83.365	S 6232773 -13.18 30.50 0.00 0.00 HOLD
83.378	>>> V 0.00 0.00
83.384	S 6232793 -13.18 30.50 0.00 0.00 HOLD
83.398	>>> V 0.00 0.00
83.399	S 6232813 -13.18 30.50 0.00 0.00 HOLD
83.417	>>> V 0.00 0.00
83.418	S 6232833 -13.18 30.50 0.00 0.00 HOLD
83.440	>>> V 0.00 0.00
83.442	S 6232853 -13.18 30.50 0.00 0.00 HOLD
83.458	>>> V 0.00 0.00
83.466	S 6232873 -13.18 30.50 0.00 0.00 HOLD
83.482	>>> V 0.00 0.00
83.482	S 6232893 -13.18 30.50 0.00 0.00 HOLD
83.498	>>> V 0.00 0.00
83.499	S 6232913 -13.18 30.50 0.00 0.00 HOLD
83.517	>>> V 0.00 0.00
83.518	S 6232933 -13.18 30.50 0.00 0.00 HOLD
83.541	>>> V 0.00 0.00
83.543	S 6232953 -13.18 30.50 0.00 0.00 HOLD
83.564	>>> V 0.00 0.00
83.567	S 6232973 -13.18 30.50 0.00 0.00 HOLD
83.579	>>> V 0.00 0.00
83.582	S 6232993 -13.18 30.50 0.00 0.00 HOLD
83.598	>>> V 0.00 0.00
83.603	S 6233013 -13.18 30.50 0.00 0.00 HOLD
83.621	>>> V 0.00 0.00
83.624	S 6233033 -13.18 30.50 0.00 0.00 HOLD
83.638	>>> V 0.00 0.00
83.641	S 6233053 -13.18 30.50 0.00 0.00 HOLD
83.659	>>> V 0.00 0.00
83.661	S 6233073 -13.18 30.50 0.00 0.00 HOLD
83.683	>>> V 0.00 0.00
83.687	S 6233093 -13.18 30.50 0.00 0.00 HOLD
83.705	>>> V 0.00 0.00
83.706	S 6233113 -13.18 30.50 0.00 0.00 HOLD
83.717	>>> V 0.00 0.00
83.720	S 6233133 -13.18 30.50 0.00 0.00 HOLD
83.739	>>> V 0.00 0.00
83.739	S 6233153 -13.18 30.50 0.00 0.00 HOLD
83.758	>>> V 0.00 0.00
83.758	S 6233173 -13.18 30.50 0.00 0.00 HOLD
83.779	>>> V 0.00 0.00
83.780	S 6233193 -13.18 30.50 0.00 0.00 HOLD
83.798	>>> V 0.00 0.00
83.798	S 6233213 -13.27 30.50 0.00 0.00 HOLD
83.819	>>> V 0.00 0.00
83.820	S 6233233 -13.18 30.50 0.00 0.00 HOLD
83.850	>>> V 0.00 0.00
83.852	S 6233253 -13.18 30.50 0.00 0.00 HOLD
83.857	>>> V 0.00 0.00
83.857	S 6233273 -13.18 30.59 0.00 0.00 HOLD
83.879	>>> V 0.00 0.00
83.879	S 6233293 -13.18 30.50 0.00 0.00 HOLD
83.899	>>> V 0.00 0.00
83.902	S 6233313 -13.27 30.50 0.00 0.00 HOLD
83.918	>>> V 0.00 0.00
83.918	S 6233333 -13.18 30.50 0.00 0.00 HOLD
83.938	>>> V 0.00 0.00
83.941	S 6233353 -13.18 30.50 0.00 0.00 HOLD
83.959	>>> V 0.00 0.00
83.964	S 6233373 -13.18 30.50 0.00 0.00 HOLD
83.978	>>> V 0.00 0.00
83.979	S 6233393 -13.18 30.50 0.00 0.00 HOLD
83.998	>>> V 0.00 0.00
83.999	S 6233413 -13.18 30.50 0.00 0.00 HOLD
84.018	>>> V 0.00 0.00
84.020	S 6233433 -13.18 30.50 0.00 0.00 HOLD
84.037	>>> V 0.00 0.00
84.039	S 6233453 -13.18 30.50 0.00 0.00 HOLD
84.058	>>> V 0.00 0.00
84.059	S 6233473 -13.27 30.50 0.00 0.00 HOLD
84.078	>>> V 0.00 0.00
84.079	S 6233493 -13.18 30.50 0.00 0.00 HOLD
84.098	>>> V 0.00 0.00
84.099	S 6233513 -13.18 30.50 0.00 0.00 HOLD
84.118	>>> V 0.00 0.00
84.123	S 6233533 -13.18 30.50 0.00 0.00 HOLD
84.148	>>> V 0.00 0.00
84.149	S 6233553 -13.18 30.50 0.00 0.00 HOLD
84.158	>>> V 0.00 0.00
84.161	S 6233573 -13.18 30.50 0.00 0.00 HOLD
84.180	>>> V 0.00 0.00
84.181	S 6233593 -13.18 30.50 0.00 0.00 HOLD
84.199	>>> V 0.00 0.00
84.199	S 6233613 -13.18 30.50 0.00 0.00 HOLD
84.218	>>> V 0.00 0.00
84.220	S 6233633 -13.18 30.50 0.00 0.00 HOLD
84.239	>>> V 0.00 0.00
84.243	S 6233653 -13.18 30.50 0.00 0.00 HOLD
84.262	>>> V 0.00 0.00
84.264	S 6233673 -13.18 30.50 0.00 0.00 HOLD
84.278	>>> V 0.00 0.00
84.278	S 6233693 -13.18 30.50 0.00 0.00 HOLD
84.297	>>> V 0.00 0.00
84.299	S 6233713 -13.18 30.50 0.00 0.00 HOLD
84.319	>>> V 0.00 0.00
84.319	S 6233733 -13.18 30.50 0.00 0.00 HOLD
84.338	>>> V 0.00 0.00
84.338	S 6233753 -13.18 30.50 0.00 0.00 HOLD
84.357	>>> V 0.00 0.00
84.360	S 6233773 -13.18 30.50 0.00 0.00 HOLD
84.379	>>> V 0.00 0.00
84.380	S 6233793 -13.18 30.50 0.00 0.00 HOLD
84.397	>>> V 0.00 0.00
84.400	S 6233813 -13.18 30.50 0.00 0.00 HOLD
84.417	>>> V 0.00 0.00
84.418	S 6233833 -13.18 30.50 0.00 0.00 HOLD
84.438	>>> V 0.00 0.00
84.438	S 6233853 -13.18 30.59 0.00 0.00 HOLD
84.458	>>> V 0.00 0.00
84.461	S 6233873 -13.18 30.50 0.00 0.00 HOLD
84.482	>>> V 0.00 0.00
84.483	S 6233893 -13.18 30.50 0.00 0.00 HOLD
84.499	>>> V 0.00 0.00
84.500	S 6233913 -13.18 30.50 0.00 0.00 HOLD
84.517	>>> V 0.00 0.00
84.518	S 6233933 -13.18 30.50 0.00 0.00 HOLD
84.540	>>> V 0.00 0.00
84.545	S 6233953 -13.18 30.50 0.00 0.00 HOLD
84.559	>>> V 0.00 0.00
84.559	S 6233973 -13.18 30.50 0.00 0.00 HOLD
84.579	>>> V 0.00 0.00
84.579	S 6233993 -13.18 30.50 0.00 0.00 HOLD
84.599	>>> V 0.00 0.00
84.599	S 6234013 -13.18 30.50 0.00 0.00 HOLD
84.618	>>> V 0.00 0.00
84.618	S 6234033 -13.18 30.50 0.00 0.00 HOLD
84.640	>>> V 0.00 0.00
84.641	S 6234053 -13.18 30.50 0.00 0.00 HOLD
84.658	>>> V 0.00 0.00
84.660	S 6234073 -13.18 30.50 0.00 0.00 HOLD
84.680	>>> V 0.00 0.00
84.682	S 6234093 -13.18 30.50 0.00 0.00 HOLD
84.704	>>> V 0.00 0.00
84.704	S 6234113 -13.18 30.50 0.00 0.00 HOLD
84.717	>>> V 0.00 0.00
84.721	S 6234133 -13.18 30.50 0.00 0.00 HOLD
84.739	>>> V 0.00 0.00
84.740	S 6234153 -13.18 30.50 0.00 0.00 HOLD
84.759	>>> V 0.00 0.00
84.762	S 6234173 -13.18 30.50 0.00 0.00 HOLD
84.778	>>> V 0.00 0.00
84.778	S 6234193 -13.18 30.50 0.00 0.00 HOLD
84.800	>>> V 0.00 0.00
84.801	S 6234213 -13.18 30.50 0.00 0.00 HOLD
84.817	>>> V 0.00 0.00
84.819	S 6234233 -13.18 30.50 0.00 0.00 HOLD
84.838	>>> V 0.00 0.00
84.839	S 6234253 -13.18 30.50 0.00 0.00 HOLD
84.857	>>> V 0.00 0.00
84.858	S 6234273 -13.18 30.50 0.00 0.00 HOLD
84.879	>>> V 0.00 0.00
84.879	S 6234293 -13.18 30.50 0.00 0.00 HOLD
84.902	>>> V 0.00 0.00
84.905	S 6234313 -13.18 30.50 0.00 0.00 HOLD
84.923	>>> V 0.00 0.00
84.923	S 6234333 -13.18 30.50 0.00 0.00 HOLD
84.939	>>> V 0.00 0.00
84.941	S 6234353 -13.18 30.50 0.00 0.00 HOLD
84.958	>>> V 0.00 0.00
84.960	S 6234373 -13.18 30.50 0.00 0.00 HOLD
84.978	>>> V 0.00 0.00
84.980	S 6234393 -13.18 30.50 0.00 0.00 HOLD
85.001	>>> V 0.00 0.00
85.002	S 6234413 -13.18 30.50 0.00 0.00 HOLD
85.020	>>> V 0.00 0.00
85.021	S 6234433 -13.18 30.50 0.00 0.00 HOLD
85.039	>>> V 0.00 0.00
85.039	S 6234453 -13.18 30.50 0.00 0.00 HOLD
85.058	>>> V 0.00 0.00
85.059	S 6234473 -13.18 30.50 0.00 0.00 HOLD
85.079	>>> V 0.00 0.00
85.080	S 6234493 -13.27 30.50 0.00 0.00 HOLD
85.106	>>> V 0.00 0.00
85.106	S 6234513 -13.18 30.50 0.00 0.00 HOLD
85.124	>>> V 0.00 0.00
85.125	S 6234533 -13.18 30.50 0.00 0.00 HOLD
85.139	>>> V 0.00 0.00
85.142	S 6234553 -13.18 30.50 0.00 0.00 HOLD
85.164	>>> V 0.00 0.00
85.172	S 6234573 -13.18 30.50 0.00 0.00 HOLD
85.190	>>> V 0.00 0.00
85.191	S 6234593 -13.18 30.50 0.00 0.00 HOLD
85.199	>>> V 0.00 0.00
85.200	S 6234613 -13.18 30.50 0.00 0.00 HOLD
85.218	>>> V 0.00 0.00
85.220	S 6234633 -13.18 30.50 0.00 0.00 HOLD
85.238	>>> V 0.00 0.00
85.239	S 6234653 -13.18 30.50 0.00 0.00 HOLD
85.260	>>> V 0.00 0.00
85.261	S 6234673 -13.18 30.50 0.00 0.00 HOLD
85.279	>>> V 0.00 0.00
85.279	S 6234693 -13.18 30.50 0.00 0.00 HOLD
85.298	>>> V 0.00 0.00
85.304	S 6234713 -13.18 30.50 0.00 0.00 HOLD
85.322	>>> V 0.00 0.00
85.323	S 6234733 -13.18 30.50 0.00 0.00 HOLD
85.354	>>> V 0.00 0.00
85.355	S 6234753 -13.18 30.50 0.00 0.00 HOLD
85.360	S 6234773 -13.18 30.50 0.00 0.00 HOLD
85.374	>>> V 0.00 0.00
85.378	>>> V 0.00 0.00
85.381	S 6234793 -13.18 30.50 0.00 0.00 HOLD
85.406	>>> V 0.00 0.00
85.406	S 6234813 -13.18 30.50 0.00 0.00 HOLD
85.418	>>> V 0.00 0.00
85.418	S 6234833 -13.18 30.50 0.00 0.00 HOLD
85.438	>>> V 0.00 0.00
85.441	S 6234853 -13.18 30.50 0.00 0.00 HOLD
85.461	>>> V 0.00 0.00
85.462	S 6234873 -13.18 30.50 0.00 0.00 HOLD
85.478	>>> V 0.00 0.00
85.478	S 6234893 -13.18 30.50 0.00 0.00 HOLD
85.498	>>> V 0.00 0.00
85.498	S 6234913 -13.18 30.50 0.00 0.00 HOLD
85.518	>>> V 0.00 0.00
85.521	S 6234933 -13.18 30.50 0.00 0.00 HOLD
85.540	>>> V 0.00 0.00
85.542	S 6234953 -13.18 30.50 0.00 0.00 HOLD
85.558	>>> V 0.00 0.00
85.563	S 6234973 -13.18 30.50 0.00 0.00 HOLD
85.578	>>> V 0.00 0.00
85.578	S 6234993 -13.18 30.50 0.00 0.00 HOLD
85.598	>>> V 0.00 0.00
85.598	S 6235013 -13.18 30.50 0.00 0.00 HOLD
85.618	>>> V 0.00 0.00
85.621	S 6235033 -13.18 30.50 0.00 0.00 HOLD
85.638	>>> V 0.00 0.00
85.640	S 6235053 -13.18 30.59 0.00 0.00 HOLD
85.658	>>> V 0.00 0.00
85.659	S 6235073 -13.18 30.50 0.00 0.00 HOLD
85.680	>>> V 0.00 0.00
85.681	S 6235093 -13.18 30.50 0.00 0.00 HOLD
85.699	>>> V 0.00 0.00
85.700	S 6235113 -13.18 30.50 0.00 0.00 HOLD
85.718	>>> V 0.00 0.00
85.721	S 6235133 -13.18 30.50 0.00 0.00 HOLD
85.738	>>> V 0.00 0.00
85.739	S 6235153 -13.18 30.50 0.00 0.00 HOLD
85.758	>>> V 0.00 0.00
85.758	S 6235173 -13.18 30.50 0.00 0.00 HOLD
85.777	>>> V 0.00 0.00
85.780	S 6235193 -13.18 30.50 0.00 0.00 HOLD
85.798	>>> V 0.00 0.00
85.799	S 6235213 -13.18 30.50 0.00 0.00 HOLD
85.818	>>> V 0.00 0.00
85.821	S 6235233 -13.18 30.50 0.00 0.00 HOLD
85.838	>>> V 0.00 0.00
85.838	S 6235253 -13.18 30.50 0.00 0.00 HOLD
85.858	>>> V 0.00 0.00
85.858	S 6235273 -13.18 30.50 0.00 0.00 HOLD
85.878	>>> V 0.00 0.00
85.879	S 6235293 -13.18 30.50 0.00 0.00 HOLD
85.898	>>> V 0.00 0.00
85.899	S 6235313 -13.18 30.50 0.00 0.00 HOLD
85.920	>>> V 0.00 0.00
85.920	S 6235333 -13.18 30.50 0.00 0.00 HOLD
85.938	>>> V 0.00 0.00
85.939	S 6235353 -13.18 30.50 0.00 0.00 HOLD
85.958	>>> V 0.00 0.00
85.959	S 6235373 -13.18 30.50 0.00 0.00 HOLD
85.977	>>> V 0.00 0.00
85.979	S 6235393 -13.18 30.50 0.00 0.00 HOLD
86.000	>>> V 0.00 0.00
86.000	S 6235413 -13.18 30.50 0.00 0.00 HOLD
86.018	>>> V 0.00 0.00
86.019	S 6235433 -13.18 30.50 0.00 0.00 HOLD
86.039	>>> V 0.00 0.00
86.039	S 6235453 -13.18 30.50 0.00 0.00 HOLD
86.058	>>> V 0.00 0.00
86.061	S 6235473 -13.18 30.50 0.00 0.00 HOLD
86.077	>>> V 0.00 0.00
86.078	S 6235493 -13.18 30.50 0.00 0.00 HOLD
86.099	>>> V 0.00 0.00
86.107	S 6235513 -13.18 30.50 0.00 0.00 HOLD
86.120	>>> V 0.00 0.00
86.121	S 6235533 -13.18 30.50 0.00 0.00 HOLD
86.139	>>> V 0.00 0.00
86.140	S 6235553 -13.18 30.50 0.00 0.00 HOLD
86.158	>>> V 0.00 0.00
86.158	S 6235573 -13.18 30.50 0.00 0.00 HOLD
86.179	>>> V 0.00 0.00
86.180	S 6235593 -13.18 30.50 0.00 0.00 HOLD
86.199	>>> V 0.00 0.00
86.199	S 6235613 -13.18 30.50 0.00 0.00 HOLD
86.219	>>> V 0.00 0.00
86.224	S 6235633 -13.18 30.50 0.00 0.00 HOLD
86.240	>>> V 0.00 0.00
86.246	S 6235653 -13.27 30.50 0.00 0.00 HOLD
86.260	>>> V 0.00 0.00
86.261	S 6235673 -13.18 30.50 0.00 0.00 HOLD
86.282	>>> V 0.00 0.00
86.284	S 6235693 -13.18 30.50 0.00 0.00 HOLD
86.304	>>> V 0.00 0.00
86.304	S 6235713 -13.18 30.50 0.00 0.00 HOLD
86.318	>>> V 0.00 0.00
86.318	S 6235733 -13.18 30.50 0.00 0.00 HOLD
86.340	>>> V 0.00 0.00
86.340	S 6235753 -13.18 30.50 0.00 0.00 HOLD
86.358	>>> V 0.00 0.00
86.358	S 6235773 -13.18 30.50 0.00 0.00 HOLD
86.378	>>> V 0.00 0.00
86.378	S 6235793 -13.18 30.50 0.00 0.00 HOLD
86.398	>>> V 0.00 0.00
86.399	S 6235813 -13.18 30.50 0.00 0.00 HOLD
86.417	>>> V 0.00 0.00
86.419	S 6235833 -13.18 30.50 0.00 0.00 HOLD
86.438	>>> V 0.00 0.00
86.444	S 6235853 -13.18 30.50 0.00 0.00 HOLD
86.457	>>> V 0.00 0.00
86.458	S 6235873 -13.18 30.50 0.00 0.00 HOLD
86.478	>>> V 0.00 0.00
86.479	S 6235893 -13.18 30.50 0.00 0.00 HOLD
86.497	>>> V 0.00 0.00
86.498	S 6235913 -13.18 30.50 0.00 0.00 HOLD
86.518	>>> V 0.00 0.00
86.519	S 6235933 -13.18 30.50 0.00 0.00 HOLD
86.537	>>> V 0.00 0.00
86.538	S 6235953 -13.18 30.50 0.00 0.00 HOLD
86.560	>>> V 0.00 0.00
86.561	S 6235973 -13.18 30.50 0.00 0.00 HOLD
86.578	>>> V 0.00 0.00
86.578	S 6235993 -13.18 30.59 0.00 0.00 HOLD
86.597	>>> V 0.00 0.00
86.599	S 6236013 -13.18 30.50 0.00 0.00 HOLD
86.618	>>> V 0.00 0.00
86.620	S 6236033 -13.18 30.59 0.00 0.00 HOLD
86.638	>>> V 0.00 0.00
86.639	S 6236053 -13.18 30.50 0.00 0.00 HOLD
86.659	>>> V 0.00 0.00
86.659	S 6236073 -13.18 30.50 0.00 0.00 HOLD
86.678	>>> V 0.00 0.00
86.678	S 6236093 -13.18 30.50 0.00 0.00 HOLD
86.698	>>> V 0.00 0.00
86.702	S 6236113 -13.18 30.50 0.00 0.00 HOLD
86.718	>>> V 0.00 0.00
86.722	S 6236133 -13.18 30.50 0.00 0.00 HOLD
86.738	>>> V 0.00 0.00
86.739	S 6236153 -13.18 30.50 0.00 0.00 HOLD
86.758	>>> V 0.00 0.00
86.761	S 6236173 -13.18 30.50 0.00 0.00 HOLD
86.778	>>> V 0.00 0.00
86.783	S 6236193 -13.18 30.50 0.00 0.00 HOLD
86.798	>>> V 0.00 0.00
86.800	S 6236213 -13.18 30.50 0.00 0.00 HOLD
86.832	>>> V 0.00 0.00
86.833	S 6236233 -13.18 30.50 0.00 0.00 HOLD
86.837	>>> V 0.00 0.00
86.838	S 6236253 -13.18 30.50 0.00 0.00 HOLD
86.860	>>> V 0.00 0.00
86.863	S 6236273 -13.18 30.50 0.00 0.00 HOLD
86.878	>>> V 0.00 0.00
86.880	S 6236293 -13.18 30.50 0.00 0.00 HOLD
86.899	>>> V 0.00 0.00
86.900	S 6236313 -13.18 30.50 0.00 0.00 HOLD
86.918	>>> V 0.00 0.00
86.919	S 6236333 -13.18 30.50 0.00 0.00 HOLD
86.939	>>> V 0.00 0.00
86.940	S 6236353 -13.18 30.50 0.00 0.00 HOLD
86.958	>>> V 0.00 0.00
86.958	S 6236373 -13.18 30.50 0.00 0.00 HOLD
86.978	>>> V 0.00 0.00
86.978	S 6236393 -13.18 30.50 0.00 0.00 HOLD
86.998	>>> V 0.00 0.00
86.998	S 6236413 -13.18 30.50 0.00 0.00 HOLD
87.019	>>> V 0.00 0.00
87.027	S 6236433 -13.18 30.50 0.00 0.00 HOLD
87.040	>>> V 0.00 0.00
87.041	S 6236453 -13.18 30.59 0.00 0.00 HOLD
87.069	>>> V 0.00 0.00
87.069	S 6236473 -13.18 30.50 0.00 0.00 HOLD
87.078	>>> V 0.00 0.00
87.079	S 6236493 -13.18 30.50 0.00 0.00 HOLD
87.098	>>> V 0.00 0.00
87.098	S 6236513 -13.18 30.50 0.00 0.00 HOLD
87.118	>>> V 0.00 0.00
87.119	S 6236533 -13.18 30.50 0.00 0.00 HOLD
87.138	>>> V 0.00 0.00
87.139	S 6236553 -13.18 30.50 0.00 0.00 HOLD
87.159	>>> V 0.00 0.00
87.160	S 6236573 -13.18 30.50 0.00 0.00 HOLD
87.178	>>> V 0.00 0.00
87.178	S 6236593 -13.18 30.50 0.00 0.00 HOLD
87.200	>>> V 0.00 0.00
87.203	S 6236613 -13.18 30.50 0.00 0.00 HOLD
87.218	>>> V 0.00 0.00
87.226	S 6236633 -13.18 30.50 0.00 0.00 HOLD
87.247	>>> V 0.00 0.00
87.248	S 6236653 -13.18 30.50 0.00 0.00 HOLD
87.259	>>> V 0.00 0.00
87.261	S 6236673 -13.18 30.50 0.00 0.00 HOLD
87.280	>>> V 0.00 0.00
87.281	S 6236693 -13.18 30.50 0.00 0.00 HOLD
87.297	>>> V 0.00 0.00
87.298	S 6236713 -13.18 30.50 0.00 0.00 HOLD
87.317	>>> V 0.00 0.00
87.318	S 6236733 -13.18 30.50 0.00 0.00 HOLD
87.338	>>> V 0.00 0.00
87.341	S 6236753 -13.18 30.59 0.00 0.00 HOLD
87.358	>>> V 0.00 0.00
87.359	S 6236773 -13.18 30.50 0.00 0.00 HOLD
87.378	>>> V 0.00 0.00
87.379	S 6236793 -13.18 30.50 0.00 0.00 HOLD
87.399	>>> V 0.00 0.00
87.400	S 6236813 -13.18 30.50 0.00 0.00 HOLD
87.419	>>> V 0.00 0.00
87.421	S 6236833 -13.18 30.50 0.00 0.00 HOLD
87.440	>>> V 0.00 0.00
87.441	S 6236853 -13.18 30.50 0.00 0.00 HOLD
87.458	>>> V 0.00 0.00
87.459	S 6236873 -13.18 30.50 0.00 0.00 HOLD
87.479	>>> V 0.00 0.00
87.479	S 6236893 -13.18 30.50 0.00 0.00 HOLD
87.500	>>> V 0.00 0.00
87.501	S 6236913 -13.18 30.50 0.00 0.00 HOLD
87.518	>>> V 0.00 0.00
87.525	S 6236933 -13.18 30.50 0.00 0.00 HOLD
87.547	>>> V 0.00 0.00
87.547	S 6236953 -13.18 30.50 0.00 0.00 HOLD
87.559	>>> V 0.00 0.00
87.561	S 6236973 -13.18 30.50 0.00 0.00 HOLD
87.588	>>> V 0.00 0.00
87.589	S 6236993 -13.18 30.50 0.00 0.00 HOLD
87.599	>>> V 0.00 0.00
87.600	S 6237013 -13.18 30.50 0.00 0.00 HOLD
87.627	>>> V 0.00 0.00
87.628	S 6237033 -13.18 30.50 0.00 0.00 HOLD
87.639	>>> V 0.00 0.00
87.644	S 6237053 -13.18 30.50 0.00 0.00 HOLD
87.668	>>> V 0.00 0.00
87.669	S 6237073 -13.18 30.50 0.00 0.00 HOLD
87.690	>>> V 0.00 0.00
87.691	S 6237093 -13.18 30.50 0.00 0.00 HOLD
87.718	>>> V 0.00 0.00
87.718	S 6237113 -13.27 30.50 0.00 0.00 HOLD
87.725	S 6237133 -13.18 30.50 0.00 0.00 HOLD
87.740	>>> V 0.00 0.00
87.740	S 6237153 -13.18 30.50 0.00 0.00 HOLD
87.760	>>> V 0.00 0.00
87.760	S 6237173 -13.18 30.50 0.00 0.00 HOLD
87.777	>>> V 0.00 0.00
87.778	S 6237193 -13.18 30.50 0.00 0.00 HOLD
87.799	>>> V 0.00 0.00
87.801	S 6237213 -13.18 30.50 0.00 0.00 HOLD
87.820	>>> V 0.00 0.00
87.821	S 6237233 -13.18 30.50 0.00 0.00 HOLD
87.840	>>> V 0.00 0.00
87.841	S 6237253 -13.18 30.50 0.00 0.00 HOLD
87.863	>>> V 0.00 0.00
87.864	S 6237273 -13.18 30.50 0.00 0.00 HOLD
87.880	>>> V 0.00 0.00
87.880	S 6237293 -13.18 30.50 0.00 0.00 HOLD
87.898	>>> V 0.00 0.00
87.900	S 6237313 -13.18 30.50 0.00 0.00 HOLD
87.926	>>> V 0.00 0.00
87.927	S 6237333 -13.18 30.50 0.00 0.00 HOLD
87.939	>>> V 0.00 0.00
87.941	S 6237353 -13.18 30.50 0.00 0.00 HOLD
87.959	>>> V 0.00 0.00
87.962	S 6237373 -13.18 30.50 0.00 0.00 HOLD
87.978	>>> V 0.00 0.00
87.978	S 6237393 -13.18 30.50 0.00 0.00 HOLD
88.002	>>> V 0.00 0.00
88.004	S 6237413 -13.18 30.50 0.00 0.00 HOLD
88.020	>>> V 0.00 0.00
88.021	S 6237433 -13.18 30.50 0.00 0.00 HOLD
88.039	>>> V 0.00 0.00
88.040	S 6237453 -13.18 30.50 0.00 0.00 HOLD
88.058	>>> V 0.00 0.00
88.061	S 6237473 -13.18 30.50 0.00 0.00 HOLD
88.078	>>> V 0.00 0.00
88.078	S 6237493 -13.18 30.50 0.00 0.00 HOLD
88.101	>>> V 0.00 0.00
88.105	S 6237513 -13.18 30.50 0.00 0.00 HOLD
88.123	>>> V 0.00 0.00
88.124	S 6237533 -13.18 30.50 0.00 0.00 HOLD
88.140	>>> V 0.00 0.00
88.143	S 6237554 -13.18 30.50 0.00 0.00 HOLD
88.164	>>> V 0.00 0.00
88.167	S 6237574 -13.18 30.50 0.00 0.00 HOLD
88.178	>>> V 0.00 0.00
88.186	S 6237594 -13.27 30.50 0.00 0.00 HOLD
88.203	>>> V 0.00 0.00
88.204	S 6237614 -13.18 30.50 0.00 0.00 HOLD
88.218	>>> V 0.00 0.00
88.221	S 6237634 -13.18 30.50 0.00 0.00 HOLD
88.238	>>> V 0.00 0.00
88.239	S 6237654 -13.18 30.50 0.00 0.00 HOLD
88.258	>>> V 0.00 0.00
88.261	S 6237674 -13.18 30.50 0.00 0.00 HOLD
88.281	>>> V 0.00 0.00
88.281	S 6237694 -13.18 30.50 0.00 0.00 HOLD
88.298	>>> V 0.00 0.00
88.299	S 6237714 -13.18 30.50 0.00 0.00 HOLD
88.321	>>> V 0.00 0.00
88.321	S 6237734 -13.18 30.50 0.00 0.00 HOLD
88.338	>>> V 0.00 0.00
88.338	S 6237754 -13.18 30.50 0.00 0.00 HOLD
88.358	>>> V 0.00 0.00
88.360	S 6237774 -13.18 30.50 0.00 0.00 HOLD
88.382	>>> V 0.00 0.00
88.383	S 6237794 -13.18 30.50 0.00 0.00 HOLD
88.398	>>> V 0.00 0.00
88.398	S 6237814 -13.18 30.50 0.00 0.00 HOLD
88.418	>>> V 0.00 0.00
88.420	S 6237834 -13.18 30.50 0.00 0.00 HOLD
88.438	>>> V 0.00 0.00
88.438	S 6237854 -13.18 30.50 0.00 0.00 HOLD
88.458	>>> V 0.00 0.00
88.461	S 6237874 -13.18 30.50 0.00 0.00 HOLD
88.479	>>> V 0.00 0.00
88.481	S 6237894 -13.18 30.59 0.00 0.00 HOLD
88.499	>>> V 0.00 0.00
88.502	S 6237914 -13.18 30.50 0.00 0.00 HOLD
88.520	>>> V 0.00 0.00
88.521	S 6237934 -13.18 30.50 0.00 0.00 HOLD
88.541	>>> V 0.00 0.00
88.541	S 6237954 -13.18 30.50 0.00 0.00 HOLD
88.558	>>> V 0.00 0.00
88.558	S 6237974 -13.18 30.50 0.00 0.00 HOLD
88.578	>>> V 0.00 0.00
88.579	S 6237994 -13.18 30.50 0.00 0.00 HOLD
88.600	>>> V 0.00 0.00
88.601	S 6238014 -13.18 30.50 0.00 0.00 HOLD
88.620	>>> V 0.00 0.00
88.621	S 6238034 -13.27 30.50 0.00 0.00 HOLD
88.638	>>> V 0.00 0.00
88.641	S 6238054 -13.18 30.50 0.00 0.00 HOLD
88.659	>>> V 0.00 0.00
88.659	S 6238074 -13.18 30.50 0.00 0.00 HOLD
88.677	>>> V 0.00 0.00
88.686	S 6238094 -13.18 30.50 0.00 0.00 HOLD
88.699	>>> V 0.00 0.00
88.703	S 6238114 -13.18 30.50 0.00 0.00 HOLD
88.722	>>> V 0.00 0.00
88.722	S 6238134 -13.18 30.50 0.00 0.00 HOLD
88.741	>>> V 0.00 0.00
88.747	S 6238154 -13.18 30.50 0.00 0.00 HOLD
88.759	>>> V 0.00 0.00
88.759	S 6238174 -13.18 30.50 0.00 0.00 HOLD
88.778	>>> V 0.00 0.00
88.782	S 6238194 -13.18 30.50 0.00 0.00 HOLD
88.805	>>> V 0.00 0.00
88.807	S 6238214 -13.18 30.50 0.00 0.00 HOLD
88.822	>>> V 0.00 0.00
88.822	S 6238234 -13.18 30.50 0.00 0.00 HOLD
88.840	>>> V 0.00 0.00
88.841	S 6238254 -13.18 30.50 0.00 0.00 HOLD
88.869	>>> V 0.00 0.00
88.870	S 6238274 -13.18 30.50 0.00 0.00 HOLD
88.882	>>> V 0.00 0.00
88.882	S 6238294 -13.18 30.50 0.00 0.00 HOLD
88.914	>>> V 0.00 0.00
88.915	S 6238314 -13.18 30.50 0.00 0.00 HOLD
88.917	S 6238334 -13.18 30.50 0.00 0.00 HOLD
88.924	>>> V 0.00 0.00
88.939	>>> V 0.00 0.00
88.939	S 6238354 -13.18 30.50 0.00 0.00 HOLD
88.958	>>> V 0.00 0.00
88.966	S 6238374 -13.18 30.50 0.00 0.00 HOLD
88.988	>>> V 0.00 0.00
88.989	S 6238394 -13.18 30.50 0.00 0.00 HOLD
89.000	>>> V 0.00 0.00
89.001	S 6238414 -13.18 30.50 0.00 0.00 HOLD
89.020	>>> V 0.00 0.00
89.021	S 6238434 -13.18 30.59 0.00 0.00 HOLD
89.039	>>> V 0.00 0.00
89.040	S 6238454 -13.18 30.50 0.00 0.00 HOLD
89.059	>>> V 0.00 0.00
89.059	S 6238474 -13.18 30.50 0.00 0.00 HOLD
89.081	>>> V 0.00 0.00
89.081	S 6238494 -13.18 30.50 0.00 0.00 HOLD
89.098	>>> V 0.00 0.00
89.099	S 6238514 -13.18 30.50 0.00 0.00 HOLD
89.119	>>> V 0.00 0.00
89.120	S 6238534 -13.18 30.50 0.00 0.00 HOLD
89.139	>>> V 0.00 0.00
89.140	S 6238554 -13.18 30.50 0.00 0.00 HOLD
89.159	>>> V 0.00 0.00
89.160	S 6238574 -13.18 30.59 0.00 0.00 HOLD
89.179	>>> V 0.00 0.00
89.180	S 6238594 -13.18 30.50 0.00 0.00 HOLD
89.199	>>> V 0.00 0.00
89.204	S 6238614 -13.27 30.50 0.00 0.00 HOLD
89.220	>>> V 0.00 0.00
89.221	S 6238634 -13.18 30.50 0.00 0.00 HOLD
89.240	>>> V 0.00 0.00
89.245	S 6238654 -13.18 30.50 0.00 0.00 HOLD
89.258	>>> V 0.00 0.00
89.260	S 6238674 -13.18 30.50 0.00 0.00 HOLD
89.277	>>> V 0.00 0.00
89.280	S 6238694 -13.18 30.50 0.00 0.00 HOLD
89.297	>>> V 0.00 0.00
89.298	S 6238714 -13.18 30.50 0.00 0.00 HOLD
89.320	>>> V 0.00 0.00
89.321	S 6238734 -13.27 30.50 0.00 0.00 HOLD
89.337	>>> V 0.00 0.00
89.338	S 6238754 -13.18 30.50 0.00 0.00 HOLD
89.360	>>> V 0.00 0.00
89.362	S 6238774 -13.18 30.50 0.00 0.00 HOLD
89.378	>>> V 0.00 0.00
89.379	S 6238794 -13.18 30.50 0.00 0.00 HOLD
89.398	>>> V 0.00 0.00
89.399	S 6238814 -13.18 30.50 0.00 0.00 HOLD
89.426	>>> V 0.00 0.00
89.426	S 6238834 -13.27 30.50 0.00 0.00 HOLD
89.439	>>> V 0.00 0.00
89.440	S 6238854 -13.18 30.50 0.00 0.00 HOLD
89.463	>>> V 0.00 0.00
89.463	S 6238874 -13.18 30.50 0.00 0.00 HOLD
89.478	>>> V 0.00 0.00
89.481	S 6238894 -13.18 30.50 0.00 0.00 HOLD
89.498	>>> V 0.00 0.00
89.498	S 6238914 -13.18 30.50 0.00 0.00 HOLD
89.520	>>> V 0.00 0.00
89.524	S 6238934 -13.18 30.50 0.00 0.00 HOLD
89.538	>>> V 0.00 0.00
89.538	S 6238954 -13.18 30.50 0.00 0.00 HOLD
89.558	>>> V 0.00 0.00
89.565	S 6238974 -13.18 30.50 0.00 0.00 HOLD
89.582	>>> V 0.00 0.00
89.587	S 6238994 -13.18 30.50 0.00 0.00 HOLD
89.598	>>> V 0.00 0.00
89.605	S 6239014 -13.18 30.50 0.00 0.00 HOLD
89.619	>>> V 0.00 0.00
89.619	S 6239034 -13.18 30.50 0.00 0.00 HOLD
89.638	>>> V 0.00 0.00
89.646	S 6239054 -13.18 30.50 0.00 0.00 HOLD
89.659	>>> V 0.00 0.00
89.660	S 6239074 -13.18 30.50 0.00 0.00 HOLD
89.678	>>> V 0.00 0.00
89.680	S 6239094 -13.18 30.50 0.00 0.00 HOLD
89.698	>>> V 0.00 0.00
89.698	S 6239114 -13.18 30.50 0.00 0.00 HOLD
89.718	>>> V 0.00 0.00
89.719	S 6239134 -13.18 30.50 0.00 0.00 HOLD
89.743	>>> V 0.00 0.00
89.746	S 6239154 -13.18 30.50 0.00 0.00 HOLD
89.758	>>> V 0.00 0.00
89.759	S 6239174 -13.18 30.50 0.00 0.00 HOLD
89.778	>>> V 0.00 0.00
89.781	S 6239194 -13.18 30.50 0.00 0.00 HOLD
89.799	>>> V 0.00 0.00
89.800	S 6239214 -13.18 30.50 0.00 0.00 HOLD
89.818	>>> V 0.00 0.00
89.819	S 6239234 -13.18 30.50 0.00 0.00 HOLD
89.837	>>> V 0.00 0.00
89.842	S 6239254 -13.27 30.50 0.00 0.00 HOLD
89.860	>>> V 0.00 0.00
89.861	S 6239274 -13.18 30.50 0.00 0.00 HOLD
89.880	>>> V 0.00 0.00
89.883	S 6239294 -13.18 30.50 0.00 0.00 HOLD
89.905	>>> V 0.00 0.00
89.906	S 6239314 -13.18 30.50 0.00 0.00 HOLD
89.919	>>> V 0.00 0.00
89.922	S 6239334 -13.18 30.50 0.00 0.00 HOLD
89.938	>>> V 0.00 0.00
89.940	S 6239354 -13.18 30.50 0.00 0.00 HOLD
89.960	>>> V 0.00 0.00
89.960	S 6239374 -13.18 30.50 0.00 0.00 HOLD
89.978	>>> V 0.00 0.00
89.980	S 6239394 -13.18 30.50 0.00 0.00 HOLD
89.998	>>> V 0.00 0.00
90.000	S 6239414 -13.18 30.50 0.00 0.00 HOLD
90.017	>>> V 0.00 0.00
90.021	S 6239434 -13.18 30.50 0.00 0.00 HOLD
90.040	>>> V 0.00 0.00
90.041	S 6239454 -13.18 30.50 0.00 0.00 HOLD
90.061	>>> V 0.00 0.00
90.064	S 6239474 -13.18 30.50 0.00 0.00 HOLD
90.078	>>> V 0.00 0.00
90.081	S 6239494 -13.18 30.50 0.00 0.00 HOLD
90.097	>>> V 0.00 0.00
90.098	S 6239514 -13.27 30.50 0.00 0.00 HOLD
90.118	>>> V 0.00 0.00
90.119	S 6239534 -13.18 30.50 0.00 0.00 HOLD
90.143	>>> V 0.00 0.00
90.144	S 6239554 -13.18 30.50 0.00 0.00 HOLD
90.158	>>> V 0.00 0.00
90.160	S 6239574 -13.18 30.50 0.00 0.00 HOLD
90.178	>>> V 0.00 0.00
90.180	S 6239594 -13.18 30.50 0.00 0.00 HOLD
90.198	>>> V 0.00 0.00
90.198	S 6239614 -13.18 30.50 0.00 0.00 HOLD
90.220	>>> V 0.00 0.00
90.221	S 6239634 -13.18 30.50 0.00 0.00 HOLD
90.237	>>> V 0.00 0.00
90.239	S 6239654 -13.18 30.59 0.00 0.00 HOLD
90.259	>>> V 0.00 0.00
90.259	S 6239674 -13.18 30.50 0.00 0.00 HOLD
90.278	>>> V 0.00 0.00
90.278	S 6239694 -13.18 30.50 0.00 0.00 HOLD
90.297	>>> V 0.00 0.00
90.298	S 6239714 -13.18 30.50 0.00 0.00 HOLD
90.318	>>> V 0.00 0.00
90.319	S 6239734 -13.18 30.50 0.00 0.00 HOLD
90.338	>>> V 0.00 0.00
90.339	S 6239754 -13.27 30.50 0.00 0.00 HOLD
90.358	>>> V 0.00 0.00
90.360	S 6239774 -13.18 30.50 0.00 0.00 HOLD
90.378	>>> V 0.00 0.00
90.380	S 6239794 -13.18 30.50 0.00 0.00 HOLD
90.399	>>> V 0.00 0.00
90.400	S 6239814 -13.18 30.50 0.00 0.00 HOLD
90.418	>>> V 0.00 0.00
90.419	S 6239834 -13.18 30.50 0.00 0.00 HOLD
90.438	>>> V 0.00 0.00
90.438	S 6239854 -13.18 30.50 0.00 0.00 HOLD
90.457	>>> V 0.00 0.00
90.459	S 6239874 -13.18 30.50 0.00 0.00 HOLD
90.479	>>> V 0.00 0.00
90.480	S 6239894 -13.18 30.50 0.00 0.00 HOLD
90.497	>>> V 0.00 0.00
90.498	S 6239914 -13.18 30.50 0.00 0.00 HOLD
90.520	>>> V 0.00 0.00
90.521	S 6239934 -13.27 30.50 0.00 0.00 HOLD
90.538	>>> V 0.00 0.00
90.539	S 6239954 -13.18 30.50 0.00 0.00 HOLD
90.557	>>> V 0.00 0.00
90.559	S 6239974 -13.18 30.50 0.00 0.00 HOLD
90.578	>>> V 0.00 0.00
90.581	S 6239994 -13.18 30.50 0.00 0.00 HOLD
90.598	>>> V 0.00 0.00
90.598	S 6240014 -13.18 30.50 0.00 0.00 HOLD
90.618	>>> V 0.00 0.00
90.618	S 6240034 -13.18 30.50 0.00 0.00 HOLD
90.639	>>> V 0.00 0.00
90.639	S 6240054 -13.18 30.50 0.00 0.00 HOLD
90.658	>>> V 0.00 0.00
90.659	S 6240074 -13.18 30.50 0.00 0.00 HOLD
90.679	>>> V 0.00 0.00
90.684	S 6240094 -13.18 30.50 0.00 0.00 HOLD
90.699	>>> V 0.00 0.00
90.699	S 6240114 -13.18 30.50 0.00 0.00 HOLD
90.725	>>> V 0.00 0.00
90.726	S 6240134 -13.18 30.50 0.00 0.00 HOLD
90.739	>>> V 0.00 0.00
90.739	S 6240154 -13.18 30.50 0.00 0.00 HOLD
90.758	>>> V 0.00 0.00
90.759	S 6240174 -13.18 30.50 0.00 0.00 HOLD
90.778	>>> V 0.00 0.00
90.779	S 6240194 -13.18 30.50 0.00 0.00 HOLD
90.800	>>> V 0.00 0.00
90.803	S 6240214 -13.18 30.50 0.00 0.00 HOLD
90.818	>>> V 0.00 0.00
90.819	S 6240234 -13.18 30.50 0.00 0.00 HOLD
90.849	>>> V 0.00 0.00
90.850	S 6240254 -13.18 30.50 0.00 0.00 HOLD
90.858	>>> V 0.00 0.00
90.858	S 6240274 -13.18 30.50 0.00 0.00 HOLD
90.879	>>> V 0.00 0.00
90.880	S 6240294 -13.18 30.50 0.00 0.00 HOLD
90.897	>>> V 0.00 0.00
90.899	S 6240314 -13.18 30.50 0.00 0.00 HOLD
90.918	>>> V 0.00 0.00
90.918	S 6240334 -13.18 30.50 0.00 0.00 HOLD
90.938	>>> V 0.00 0.00
90.940	S 6240354 -13.18 30.59 0.00 0.00 HOLD
90.958	>>> V 0.00 0.00
90.959	S 6240374 -13.18 30.50 0.00 0.00 HOLD
90.979	>>> V 0.00 0.00
90.981	S 6240394 -13.18 30.50 0.00 0.00 HOLD
90.999	>>> V 0.00 0.00
90.999	S 6240414 -13.18 30.50 0.00 0.00 HOLD
91.018	>>> V 0.00 0.00
91.021	S 6240434 -13.27 30.50 0.00 0.00 HOLD
91.038	>>> V 0.00 0.00
91.044	S 6240454 -13.18 30.50 0.00 0.00 HOLD
91.058	>>> V 0.00 0.00
91.059	S 6240474 -13.18 30.50 0.00 0.00 HOLD
91.079	>>> V 0.00 0.00
91.080	S 6240494 -13.18 30.50 0.00 0.00 HOLD
91.099	>>> V 0.00 0.00
91.099	S 6240514 -13.18 30.50 0.00 0.00 HOLD
91.119	>>> V 0.00 0.00
91.120	S 6240534 -13.18 30.50 0.00 0.00 HOLD
91.142	>>> V 0.00 0.00
91.143	S 6240554 -13.18 30.50 0.00 0.00 HOLD
91.158	>>> V 0.00 0.00
91.159	S 6240574 -13.18 30.50 0.00 0.00 HOLD
91.178	>>> V 0.00 0.00
91.181	S 6240594 -13.18 30.50 0.00 0.00 HOLD
91.200	>>> V 0.00 0.00
91.202	S 6240614 -13.18 30.50 0.00 0.00 HOLD
91.218	>>> V 0.00 0.00
91.221	S 6240634 -13.18 30.50 0.00 0.00 HOLD
91.237	>>> V 0.00 0.00
91.238	S 6240654 -13.18 30.50 0.00 0.00 HOLD
91.268	>>> V 0.00 0.00
91.268	S 6240674 -13.18 30.50 0.00 0.00 HOLD
91.278	>>> V 0.00 0.00
91.278	S 6240694 -13.18 30.50 0.00 0.00 HOLD
91.298	>>> V 0.00 0.00
91.299	S 6240714 -13.18 30.50 0.00 0.00 HOLD
91.317	>>> V 0.00 0.00
91.318	S 6240734 -13.18 30.50 0.00 0.00 HOLD
91.339	>>> V 0.00 0.00
91.343	S 6240754 -13.18 30.50 0.00 0.00 HOLD
91.358	>>> V 0.00 0.00
91.362	S 6240774 -13.18 30.59 0.00 0.00 HOLD
91.379	>>> V 0.00 0.00
91.379	S 6240794 -13.18 30.50 0.00 0.00 HOLD
91.400	>>> V 0.00 0.00
91.404	S 6240814 -13.18 30.50 0.00 0.00 HOLD
91.419	>>> V 0.00 0.00
91.420	S 6240834 -13.18 30.50 0.00 0.00 HOLD
91.438	>>> V 0.00 0.00
91.440	S 6240854 -13.18 30.50 0.00 0.00 HOLD
91.458	>>> V 0.00 0.00
91.460	S 6240874 -13.18 30.50 0.00 0.00 HOLD
91.482	>>> V 0.00 0.00
91.483	S 6240894 -13.18 30.50 0.00 0.00 HOLD
91.497	>>> V 0.00 0.00
91.498	S 6240914 -13.18 30.50 0.00 0.00 HOLD
91.518	>>> V 0.00 0.00
91.518	S 6240934 -13.18 30.59 0.00 0.00 HOLD
91.538	>>> V 0.00 0.00
91.539	S 6240954 -13.18 30.50 0.00 0.00 HOLD
91.559	>>> V 0.00 0.00
91.559	S 6240974 -13.18 30.50 0.00 0.00 HOLD
91.579	>>> V 0.00 0.00
91.580	S 6240994 -13.18 30.50 0.00 0.00 HOLD
91.599	>>> V 0.00 0.00
91.599	S 6241014 -13.18 30.50 0.00 0.00 HOLD
91.618	>>> V 0.00 0.00
91.618	S 6241034 -13.18 30.50 0.00 0.00 HOLD
91.640	>>> V 0.00 0.00
91.640	S 6241054 -13.18 30.50 0.00 0.00 HOLD
91.658	>>> V 0.00 0.00
91.658	S 6241074 -13.18 30.50 0.00 0.00 HOLD
91.678	>>> V 0.00 0.00
91.679	S 6241094 -13.18 30.50 0.00 0.00 HOLD
91.699	>>> V 0.00 0.00
91.703	S 6241114 -13.18 30.50 0.00 0.00 HOLD
91.720	>>> V 0.00 0.00
91.722	S 6241134 -13.18 30.50 0.00 0.00 HOLD
91.739	>>> V 0.00 0.00
91.739	S 6241154 -13.18 30.50 0.00 0.00 HOLD
91.758	>>> V 0.00 0.00
91.758	S 6241174 -13.18 30.50 0.00 0.00 HOLD
91.778	>>> V 0.00 0.00
91.778	S 6241194 -13.18 30.50 0.00 0.00 HOLD
91.797	>>> V 0.00 0.00
91.799	S 6241214 -13.18 30.50 0.00 0.00 HOLD
91.818	>>> V 0.00 0.00
91.819	S 6241234 -13.18 30.50 0.00 0.00 HOLD
91.838	>>> V 0.00 0.00
91.843	S 6241254 -13.18 30.50 0.00 0.00 HOLD
91.858	>>> V 0.00 0.00
91.858	S 6241274 -13.18 30.50 0.00 0.00 HOLD
91.877	>>> V 0.00 0.00
91.883	S 6241294 -13.18 30.50 0.00 0.00 HOLD
91.899	>>> V 0.00 0.00
91.899	S 6241314 -13.18 30.50 0.00 0.00 HOLD
91.921	>>> V 0.00 0.00
91.923	S 6241334 -13.18 30.50 0.00 0.00 HOLD
91.940	>>> V 0.00 0.00
91.941	S 6241354 -13.18 30.50 0.00 0.00 HOLD
91.958	>>> V 0.00 0.00
91.959	S 6241374 -13.18 30.50 0.00 0.00 HOLD
91.980	>>> V 0.00 0.00
91.981	S 6241394 -13.18 30.50 0.00 0.00 HOLD
91.999	>>> V 0.00 0.00
92.000	S 6241414 -13.18 30.50 0.00 0.00 HOLD
92.018	>>> V 0.00 0.00
92.018	S 6241434 -13.18 30.50 0.00 0.00 HOLD
92.039	>>> V 0.00 0.00
92.040	S 6241454 -13.18 30.50 0.00 0.00 HOLD
92.064	>>> V 0.00 0.00
92.065	S 6241474 -13.18 30.50 0.00 0.00 HOLD
92.080	>>> V 0.00 0.00
92.080	S 6241494 -13.18 30.50 0.00 0.00 HOLD
92.097	>>> V 0.00 0.00
92.099	S 6241514 -13.18 30.50 0.00 0.00 HOLD
92.118	>>> V 0.00 0.00
92.119	S 6241534 -13.18 30.50 0.00 0.00 HOLD
92.138	>>> V 0.00 0.00
92.141	S 6241554 -13.18 30.50 0.00 0.00 HOLD
92.159	>>> V 0.00 0.00
92.161	S 6241574 -13.18 30.50 0.00 0.00 HOLD
92.178	>>> V 0.00 0.00
92.178	S 6241594 -13.18 30.50 0.00 0.00 HOLD
92.200	>>> V 0.00 0.00
92.202	S 6241614 -13.18 30.50 0.00 0.00 HOLD
92.219	>>> V 0.00 0.00
92.220	S 6241634 -13.18 30.50 0.00 0.00 HOLD
92.239	>>> V 0.00 0.00
92.242	S 6241654 -13.18 30.50 0.00 0.00 HOLD
92.258	>>> V 0.00 0.00
92.260	S 6241674 -13.18 30.50 0.00 0.00 HOLD
92.278	>>> V 0.00 0.00
92.278	S 6241694 -13.18 30.50 0.00 0.00 HOLD
92.300	>>> V 0.00 0.00
92.301	S 6241714 -13.18 30.50 0.00 0.00 HOLD
92.317	>>> V 0.00 0.00
92.319	S 6241734 -13.18 30.50 0.00 0.00 HOLD
92.338	>>> V 0.00 0.00
92.339	S 6241754 -13.18 30.50 0.00 0.00 HOLD
92.361	>>> V 0.00 0.00
92.363	S 6241774 -13.18 30.50 0.00 0.00 HOLD
92.380	>>> V 0.00 0.00
92.382	S 6241794 -13.18 30.50 0.00 0.00 HOLD
92.398	>>> V 0.00 0.00
92.399	S 6241814 -13.27 30.50 0.00 0.00 HOLD
92.419	>>> V 0.00 0.00
92.425	S 6241834 -13.18 30.50 0.00 0.00 HOLD
92.439	>>> V 0.00 0.00
92.439	S 6241854 -13.18 30.50 0.00 0.00 HOLD
92.459	>>> V 0.00 0.00
92.459	S 6241874 -13.18 30.50 0.00 0.00 HOLD
92.478	>>> V 0.00 0.00
92.478	S 6241894 -13.18 30.50 0.00 0.00 HOLD
92.499	>>> V 0.00 0.00
92.499	S 6241914 -13.18 30.50 0.00 0.00 HOLD
92.518	>>> V 0.00 0.00
92.518	S 6241934 -13.18 30.50 0.00 0.00 HOLD
92.539	>>> V 0.00 0.00
92.542	S 6241954 -13.18 30.50 0.00 0.00 HOLD
92.558	>>> V 0.00 0.00
92.560	S 6241974 -13.18 30.50 0.00 0.00 HOLD
92.578	>>> V 0.00 0.00
92.579	S 6241994 -13.18 30.50 0.00 0.00 HOLD
92.598	>>> V 0.00 0.00
92.598	S 6242014 -13.18 30.50 0.00 0.00 HOLD
92.619	>>> V 0.00 0.00
92.620	S 6242034 -13.18 30.50 0.00 0.00 HOLD
92.638	>>> V 0.00 0.00
92.638	S 6242054 -13.18 30.50 0.00 0.00 HOLD
92.659	>>> V 0.00 0.00
92.661	S 6242074 -13.18 30.50 0.00 0.00 HOLD
92.678	>>> V 0.00 0.00
92.678	S 6242094 -13.18 30.50 0.00 0.00 HOLD
92.698	>>> V 0.00 0.00
92.701	S 6242114 -13.18 30.50 0.00 0.00 HOLD
92.718	>>> V 0.00 0.00
92.719	S 6242134 -13.18 30.50 0.00 0.00 HOLD
92.738	>>> V 0.00 0.00
92.738	S 6242154 -13.18 30.50 0.00 0.00 HOLD
92.758	>>> V 0.00 0.00
92.759	S 6242174 -13.18 30.50 0.00 0.00 HOLD
92.778	>>> V 0.00 0.00
92.781	S 6242194 -13.18 30.50 0.00 0.00 HOLD
92.799	>>> V 0.00 0.00
92.800	S 6242214 -13.18 30.50 0.00 0.00 HOLD
92.822	>>> V 0.00 0.00
92.825	S 6242234 -13.18 30.50 0.00 0.00 HOLD
92.840	>>> V 0.00 0.00
92.849	S 6242254 -13.18 30.50 0.00 0.00 HOLD
92.862	>>> V 0.00 0.00
92.865	S 6242274 -13.18 30.50 0.00 0.00 HOLD
92.881	>>> V 0.00 0.00
92.882	S 6242294 -13.18 30.50 0.00 0.00 HOLD
92.897	>>> V 0.00 0.00
92.898	S 6242314 -13.18 30.50 0.00 0.00 HOLD
92.921	>>> V 0.00 0.00
92.923	S 6242334 -13.18 30.50 0.00 0.00 HOLD
92.937	>>> V 0.00 0.00
92.938	S 6242354 -13.18 30.50 0.00 0.00 HOLD
92.960	>>> V 0.00 0.00
92.963	S 6242374 -13.18 30.50 0.00 0.00 HOLD
92.979	>>> V 0.00 0.00
92.980	S 6242394 -13.18 30.50 0.00 0.00 HOLD
93.000	>>> V 0.00 0.00
93.001	S 6242414 -13.18 30.50 0.00 0.00 HOLD
93.018	>>> V 0.00 0.00
93.018	S 6242434 -13.18 30.50 0.00 0.00 HOLD
93.039	>>> V 0.00 0.00
93.041	S 6242454 -13.18 30.50 0.00 0.00 HOLD
93.057	>>> V 0.00 0.00
93.058	S 6242474 -13.18 30.50 0.00 0.00 HOLD
93.079	>>> V 0.00 0.00
93.080	S 6242494 -13.18 30.50 0.00 0.00 HOLD
93.097	>>> V 0.00 0.00
93.098	S 6242514 -13.18 30.50 0.00 0.00 HOLD
93.120	>>> V 0.00 0.00
93.121	S 6242534 -13.18 30.50 0.00 0.00 HOLD
93.140	>>> V 0.00 0.00
93.143	S 6242554 -13.18 30.50 0.00 0.00 HOLD
93.158	>>> V 0.00 0.00
93.158	S 6242574 -13.18 30.50 0.00 0.00 HOLD
93.179	>>> V 0.00 0.00
93.180	S 6242594 -13.27 30.50 0.00 0.00 HOLD
93.198	>>> V 0.00 0.00
93.199	S 6242614 -13.18 30.50 0.00 0.00 HOLD
93.219	>>> V 0.00 0.00
93.220	S 6242634 -13.18 30.50 0.00 0.00 HOLD
93.238	>>> V 0.00 0.00
93.242	S 6242654 -13.18 30.50 0.00 0.00 HOLD
93.258	>>> V 0.00 0.00
93.258	S 6242674 -13.18 30.50 0.00 0.00 HOLD
93.279	>>> V 0.00 0.00
93.281	S 6242694 -13.18 30.50 0.00 0.00 HOLD
93.298	>>> V 0.00 0.00
93.299	S 6242714 -13.18 30.50 0.00 0.00 HOLD
93.319	>>> V 0.00 0.00
93.322	S 6242734 -13.18 30.50 0.00 0.00 HOLD
93.337	>>> V 0.00 0.00
93.343	S 6242754 -13.18 30.50 0.00 0.00 HOLD
93.360	>>> V 0.00 0.00
93.360	S 6242774 -13.18 30.50 0.00 0.00 HOLD
93.378	>>> V 0.00 0.00
93.382	S 6242794 -13.18 30.50 0.00 0.00 HOLD
93.398	>>> V 0.00 0.00
93.399	S 6242814 -13.18 30.50 0.00 0.00 HOLD
93.418	>>> V 0.00 0.00
93.423	S 6242834 -13.18 30.50 0.00 0.00 HOLD
93.438	>>> V 0.00 0.00
93.441	S 6242854 -13.18 30.50 0.00 0.00 HOLD
93.462	>>> V 0.00 0.00
93.465	S 6242874 -13.18 30.50 0.00 0.00 HOLD
93.484	>>> V 0.00 0.00
93.487	S 6242894 -13.18 30.50 0.00 0.00 HOLD
93.498	>>> V 0.00 0.00
93.498	S 6242914 -13.18 30.50 0.00 0.00 HOLD
93.519	>>> V 0.00 0.00
93.519	S 6242934 -13.18 30.50 0.00 0.00 HOLD
93.538	>>> V 0.00 0.00
93.541	S 6242954 -13.18 30.50 0.00 0.00 HOLD
93.558	>>> V 0.00 0.00
93.558	S 6242974 -13.18 30.50 0.00 0.00 HOLD
93.578	>>> V 0.00 0.00
93.578	S 6242994 -13.18 30.59 0.00 0.00 HOLD
93.598	>>> V 0.00 0.00
93.598	S 6243014 -13.18 30.50 0.00 0.00 HOLD
93.618	>>> V 0.00 0.00
93.620	S 6243034 -13.18 30.50 0.00 0.00 HOLD
93.638	>>> V 0.00 0.00
93.638	S 6243054 -13.18 30.50 0.00 0.00 HOLD
93.660	>>> V 0.00 0.00
93.660	S 6243074 -13.18 30.50 0.00 0.00 HOLD
93.678	>>> V 0.00 0.00
93.679	S 6243094 -13.18 30.50 0.00 0.00 HOLD
93.700	>>> V 0.00 0.00
93.701	S 6243114 -13.18 30.50 0.00 0.00 HOLD
93.718	>>> V 0.00 0.00
93.719	S 6243134 -13.18 30.50 0.00 0.00 HOLD
93.739	>>> V 0.00 0.00
93.742	S 6243154 -13.18 30.50 0.00 0.00 HOLD
93.758	>>> V 0.00 0.00
93.764	S 6243174 -13.18 30.50 0.00 0.00 HOLD
93.782	>>> V 0.00 0.00
93.782	S 6243194 -13.18 30.50 0.00 0.00 HOLD
93.798	>>> V 0.00 0.00
93.802	S 6243214 -13.18 30.50 0.00 0.00 HOLD
93.818	>>> V 0.00 0.00
93.824	S 6243234 -13.18 30.50 0.00 0.00 HOLD
93.842	>>> V 0.00 0.00
93.849	S 6243254 -13.18 30.50 0.00 0.00 HOLD
93.864	>>> V 0.00 0.00
93.864	S 6243274 -13.18 30.50 0.00 0.00 HOLD
93.878	>>> V 0.00 0.00
93.878	S 6243294 -13.18 30.50 0.00 0.00 HOLD
93.898	>>> V 0.00 0.00
93.898	S 6243314 -13.18 30.50 0.00 0.00 HOLD
93.919	>>> V 0.00 0.00
93.921	S 6243334 -13.18 30.50 0.00 0.00 HOLD
93.938	>>> V 0.00 0.00
93.939	S 6243354 -13.18 30.50 0.00 0.00 HOLD
93.958	>>> V 0.00 0.00
93.959	S 6243374 -13.18 30.50 0.00 0.00 HOLD
93.978	>>> V 0.00 0.00
93.979	S 6243394 -13.18 30.50 0.00 0.00 HOLD
93.997	>>> V 0.00 0.00
94.001	S 6243414 -13.18 30.50 0.00 0.00 HOLD
94.018	>>> V 0.00 0.00
94.021	S 6243434 -13.18 30.50 0.00 0.00 HOLD
94.037	>>> V 0.00 0.00
94.038	S 6243454 -13.18 30.50 0.00 0.00 HOLD
94.059	>>> V 0.00 0.00
94.060	S 6243474 -13.18 30.50 0.00 0.00 HOLD
94.078	>>> V 0.00 0.00
94.084	S 6243494 -13.18 30.50 0.00 0.00 HOLD
94.106	>>> V 0.00 0.00
94.108	S 6243514 -13.18 30.50 0.00 0.00 HOLD
94.118	>>> V 0.00 0.00
94.122	S 6243534 -13.18 30.50 0.00 0.00 HOLD
94.149	>>> V 0.00 0.00
94.150	S 6243554 -13.18 30.59 0.00 0.00 HOLD
94.165	>>> V 0.00 0.00
94.166	S 6243574 -13.18 30.50 0.00 0.00 HOLD
94.178	>>> V 0.00 0.00
94.184	S 6243594 -13.18 30.50 0.00 0.00 HOLD
94.208	>>> V 0.00 0.00
94.209	S 6243614 -13.18 30.50 0.00 0.00 HOLD
94.219	>>> V 0.00 0.00
94.222	S 6243634 -13.18 30.50 0.00 0.00 HOLD
94.247	>>> V 0.00 0.00
94.247	S 6243654 -13.18 30.50 0.00 0.00 HOLD
94.264	>>> V 0.00 0.00
94.265	S 6243674 -13.18 30.50 0.00 0.00 HOLD
94.282	>>> V 0.00 0.00
94.283	S 6243694 -13.18 30.50 0.00 0.00 HOLD
94.299	>>> V 0.00 0.00
94.301	S 6243714 -13.18 30.50 0.00 0.00 HOLD
94.319	>>> V 0.00 0.00
94.320	S 6243734 -13.18 30.50 0.00 0.00 HOLD
94.339	>>> V 0.00 0.00
94.340	S 6243754 -13.18 30.50 0.00 0.00 HOLD
94.358	>>> V 0.00 0.00
94.359	S 6243774 -13.18 30.50 0.00 0.00 HOLD
94.382	>>> V 0.00 0.00
94.383	S 6243794 -13.18 30.50 0.00 0.00 HOLD
94.398	>>> V 0.00 0.00
94.400	S 6243814 -13.18 30.50 0.00 0.00 HOLD
94.419	>>> V 0.00 0.00
94.420	S 6243834 -13.18 30.50 0.00 0.00 HOLD
94.437	>>> V 0.00 0.00
94.439	S 6243854 -13.18 30.50 0.00 0.00 HOLD
94.459	>>> V 0.00 0.00
94.460	S 6243874 -13.18 30.50 0.00 0.00 HOLD
94.478	>>> V 0.00 0.00
94.479	S 6243894 -13.18 30.50 0.00 0.00 HOLD
94.497	>>> V 0.00 0.00
94.498	S 6243914 -13.18 30.50 0.00 0.00 HOLD
94.518	>>> V 0.00 0.00
94.519	S 6243934 -13.18 30.50 0.00 0.00 HOLD
94.538	>>> V 0.00 0.00
94.541	S 6243954 -13.18 30.50 0.00 0.00 HOLD
94.560	>>> V 0.00 0.00
94.562	S 6243974 -13.18 30.50 0.00 0.00 HOLD
94.577	>>> V 0.00 0.00
94.580	S 6243994 -13.18 30.50 0.00 0.00 HOLD
94.597	>>> V 0.00 0.00
94.600	S 6244014 -13.18 30.50 0.00 0.00 HOLD
94.617	>>> V 0.00 0.00
94.618	S 6244034 -13.18 30.50 0.00 0.00 HOLD
94.638	>>> V 0.00 0.00
94.638	S 6244054 -13.18 30.50 0.00 0.00 HOLD
94.657	>>> V 0.00 0.00
94.658	S 6244074 -13.18 30.50 0.00 0.00 HOLD
94.678	>>> V 0.00 0.00
94.679	S 6244094 -13.18 30.50 0.00 0.00 HOLD
94.698	>>> V 0.00 0.00
94.698	S 6244114 -13.18 30.50 0.00 0.00 HOLD
94.719	>>> V 0.00 0.00
94.722	S 6244134 -13.18 30.50 0.00 0.00 HOLD
94.737	>>> V 0.00 0.00
94.738	S 6244154 -13.18 30.50 0.00 0.00 HOLD
94.758	>>> V 0.00 0.00
94.759	S 6244174 -13.18 30.50 0.00 0.00 HOLD
94.779	>>> V 0.00 0.00
94.779	S 6244194 -13.18 30.50 0.00 0.00 HOLD
94.799	>>> V 0.00 0.00
94.800	S 6244214 -13.27 30.50 0.00 0.00 HOLD
94.818	>>> V 0.00 0.00
94.819	S 6244234 -13.27 30.50 0.00 0.00 HOLD
94.839	>>> V 0.00 0.00
94.839	S 6244254 -13.18 30.50 0.00 0.00 HOLD
94.858	>>> V 0.00 0.00
94.868	S 6244274 -13.18 30.50 0.00 0.00 HOLD
94.879	>>> V 0.00 0.00
94.879	S 6244294 -13.18 30.50 0.00 0.00 HOLD
94.898	>>> V 0.00 0.00
94.899	S 6244314 -13.18 30.50 0.00 0.00 HOLD
94.918	>>> V 0.00 0.00
94.918	S 6244334 -13.18 30.50 0.00 0.00 HOLD
94.941	>>> V 0.00 0.00
94.942	S 6244354 -13.27 30.50 0.00 0.00 HOLD
94.957	>>> V 0.00 0.00
94.958	S 6244374 -13.18 30.50 0.00 0.00 HOLD
94.978	>>> V 0.00 0.00
94.978	S 6244394 -13.18 30.50 0.00 0.00 HOLD
94.997	>>> V 0.00 0.00
95.000	S 6244414 -13.27 30.50 0.00 0.00 HOLD
95.020	>>> V 0.00 0.00
95.023	S 6244434 -13.18 30.50 0.00 0.00 HOLD
95.037	>>> V 0.00 0.00
95.039	S 6244454 -13.18 30.50 0.00 0.00 HOLD
95.058	>>> V 0.00 0.00
95.059	S 6244474 -13.18 30.59 0.00 0.00 HOLD
95.078	>>> V 0.00 0.00
95.078	S 6244494 -13.18 30.50 0.00 0.00 HOLD
95.100	>>> V 0.00 0.00
95.101	S 6244514 -13.18 30.50 0.00 0.00 HOLD
95.119	>>> V 0.00 0.00
95.120	S 6244534 -13.18 30.50 0.00 0.00 HOLD
95.137	>>> V 0.00 0.00
95.138	S 6244554 -13.18 30.50 0.00 0.00 HOLD
95.157	>>> V 0.00 0.00
95.158	S 6244574 -13.18 30.50 0.00 0.00 HOLD
95.178	>>> V 0.00 0.00
95.178	S 6244594 -13.18 30.50 0.00 0.00 HOLD
95.197	>>> V 0.00 0.00
95.198	S 6244614 -13.18 30.59 0.00 0.00 HOLD
95.221	>>> V 0.00 0.00
95.222	S 6244634 -13.18 30.50 0.00 0.00 HOLD
95.238	>>> V 0.00 0.00
95.238	S 6244654 -13.18 30.50 0.00 0.00 HOLD
95.257	>>> V 0.00 0.00
95.258	S 6244674 -13.18 30.50 0.00 0.00 HOLD
95.277	>>> V 0.00 0.00
95.278	S 6244694 -13.18 30.50 0.00 0.00 HOLD
95.298	>>> V 0.00 0.00
95.301	S 6244714 -13.18 30.50 0.00 0.00 HOLD
95.317	>>> V 0.00 0.00
95.318	S 6244734 -13.18 30.50 0.00 0.00 HOLD
95.340	>>> V 0.00 0.00
95.343	S 6244754 -13.18 30.50 0.00 0.00 HOLD
95.360	>>> V 0.00 0.00
95.361	S 6244774 -13.18 30.50 0.00 0.00 HOLD
95.378	>>> V 0.00 0.00
95.379	S 6244794 -13.18 30.50 0.00 0.00 HOLD
95.398	>>> V 0.00 0.00
95.400	S 6244814 -13.18 30.50 0.00 0.00 HOLD
95.419	>>> V 0.00 0.00
95.420	S 6244834 -13.18 30.50 0.00 0.00 HOLD
95.438	>>> V 0.00 0.00
95.439	S 6244854 -13.18 30.59 0.00 0.00 HOLD
95.460	>>> V 0.00 0.00
95.460	S 6244874 -13.18 30.50 0.00 0.00 HOLD
95.478	>>> V 0.00 0.00
95.478	S 6244894 -13.18 30.50 0.00 0.00 HOLD
95.500	>>> V 0.00 0.00
95.503	S 6244914 -13.18 30.50 0.00 0.00 HOLD
95.518	>>> V 0.00 0.00
95.520	S 6244934 -13.18 30.50 0.00 0.00 HOLD
95.540	>>> V 0.00 0.00
95.543	S 6244954 -13.18 30.50 0.00 0.00 HOLD
95.558	>>> V 0.00 0.00
95.559	S 6244974 -13.18 30.59 0.00 0.00 HOLD
95.584	>>> V 0.00 0.00
95.586	S 6244994 -13.27 30.50 0.00 0.00 HOLD
95.598	>>> V 0.00 0.00
95.599	S 6245014 -13.18 30.50 0.00 0.00 HOLD
95.618	>>> V 0.00 0.00
95.622	S 6245034 -13.18 30.50 0.00 0.00 HOLD
95.643	>>> V 0.00 0.00
95.646	S 6245054 -13.27 30.50 0.00 0.00 HOLD
95.662	>>> V 0.00 0.00
95.664	S 6245074 -13.18 30.50 0.00 0.00 HOLD
95.685	>>> V 0.00 0.00
95.686	S 6245094 -13.18 30.50 0.00 0.00 HOLD
95.701	>>> V 0.00 0.00
95.702	S 6245115 -13.18 30.50 0.00 0.00 HOLD
95.719	>>> V 0.00 0.00
95.720	S 6245135 -13.18 30.50 0.00 0.00 HOLD
95.738	>>> V 0.00 0.00
95.741	S 6245155 -13.18 30.50 0.00 0.00 HOLD
95.759	>>> V 0.00 0.00
95.759	S 6245175 -13.18 30.50 0.00 0.00 HOLD
95.778	>>> V 0.00 0.00
95.781	S 6245195 -13.18 30.50 0.00 0.00 HOLD
95.798	>>> V 0.00 0.00
95.800	S 6245215 -13.18 30.50 0.00 0.00 HOLD
95.823	>>> V 0.00 0.00
95.823	S 6245235 -13.18 30.50 0.00 0.00 HOLD
95.837	>>> V 0.00 0.00
95.838	S 6245255 -13.18 30.50 0.00 0.00 HOLD
95.860	>>> V 0.00 0.00
95.861	S 6245275 -13.18 30.50 0.00 0.00 HOLD
95.879	>>> V 0.00 0.00
95.881	S 6245295 -13.18 30.50 0.00 0.00 HOLD
95.899	>>> V 0.00 0.00
95.900	S 6245315 -13.18 30.50 0.00 0.00 HOLD
95.922	>>> V 0.00 0.00
95.924	S 6245335 -13.18 30.50 0.00 0.00 HOLD
95.937	>>> V 0.00 0.00
95.938	S 6245355 -13.18 30.50 0.00 0.00 HOLD
95.959	>>> V 0.00 0.00
95.961	S 6245375 -13.18 30.50 0.00 0.00 HOLD
95.978	>>> V 0.00 0.00
95.979	S 6245395 -13.18 30.50 0.00 0.00 HOLD
95.999	>>> V 0.00 0.00
96.000	S 6245415 -13.27 30.50 0.00 0.00 HOLD
96.018	>>> V 0.00 0.00
96.019	S 6245435 -13.18 30.50 0.00 0.00 HOLD
96.040	>>> V 0.00 0.00
96.040	S 6245455 -13.18 30.50 0.00 0.00 HOLD
96.058	>>> V 0.00 0.00
96.061	S 6245475 -13.18 30.59 0.00 0.00 HOLD
96.078	>>> V 0.00 0.00
96.079	S 6245495 -13.18 30.50 0.00 0.00 HOLD
96.098	>>> V 0.00 0.00
96.100	S 6245515 -13.18 30.50 0.00 0.00 HOLD
96.118	>>> V 0.00 0.00
96.120	S 6245535 -13.18 30.50 0.00 0.00 HOLD
96.138	>>> V 0.00 0.00
96.138	S 6245555 -13.18 30.50 0.00 0.00 HOLD
96.158	>>> V 0.00 0.00
96.160	S 6245575 -13.18 30.50 0.00 0.00 HOLD
96.181	>>> V 0.00 0.00
96.181	S 6245595 -13.18 30.50 0.00 0.00 HOLD
96.201	>>> V 0.00 0.00
96.205	S 6245615 -13.18 30.50 0.00 0.00 HOLD
96.222	>>> V 0.00 0.00
96.225	S 6245635 -13.18 30.50 0.00 0.00 HOLD
96.251	>>> V 0.00 0.00
96.253	S 6245655 -13.18 30.50 0.00 0.00 HOLD
96.259	>>> V 0.00 0.00
96.263	S 6245675 -13.18 30.50 0.00 0.00 HOLD
96.288	>>> V 0.00 0.00
96.289	S 6245695 -13.18 30.50 0.00 0.00 HOLD
96.301	>>> V 0.00 0.00
96.303	S 6245715 -13.18 30.50 0.00 0.00 HOLD
96.320	>>> V 0.00 0.00
96.321	S 6245735 -13.18 30.50 0.00 0.00 HOLD
96.340	>>> V 0.00 0.00
96.341	S 6245755 -13.18 30.50 0.00 0.00 HOLD
96.357	>>> V 0.00 0.00
96.361	S 6245775 -13.18 30.50 0.00 0.00 HOLD
96.378	>>> V 0.00 0.00
96.379	S 6245795 -13.18 30.50 0.00 0.00 HOLD
96.397	>>> V 0.00 0.00
96.398	S 6245815 -13.18 30.50 0.00 0.00 HOLD
96.418	>>> V 0.00 0.00
96.418	S 6245835 -13.18 30.50 0.00 0.00 HOLD
96.438	>>> V 0.00 0.00
96.438	S 6245855 -13.18 30.50 0.00 0.00 HOLD
96.460	>>> V 0.00 0.00
96.461	S 6245875 -13.18 30.50 0.00 0.00 HOLD
96.478	>>> V 0.00 0.00
96.480	S 6245895 -13.18 30.50 0.00 0.00 HOLD
96.499	>>> V 0.00 0.00
96.503	S 6245915 -13.18 30.50 0.00 0.00 HOLD
96.518	>>> V 0.00 0.00
96.519	S 6245935 -13.18 30.50 0.00 0.00 HOLD
96.539	>>> V 0.00 0.00
96.541	S 6245955 -13.18 30.50 0.00 0.00 HOLD
96.558	>>> V 0.00 0.00
96.560	S 6245975 -13.18 30.50 0.00 0.00 HOLD
96.577	>>> V 0.00 0.00
96.579	S 6245995 -13.18 30.50 0.00 0.00 HOLD
96.598	>>> V 0.00 0.00
96.602	S 6246015 -13.27 30.50 0.00 0.00 HOLD
96.618	>>> V 0.00 0.00
96.618	S 6246035 -13.18 30.50 0.00 0.00 HOLD
96.639	>>> V 0.00 0.00
96.639	S 6246055 -13.18 30.50 0.00 0.00 HOLD
96.658	>>> V 0.00 0.00
96.660	S 6246075 -13.18 30.50 0.00 0.00 HOLD
96.678	>>> V 0.00 0.00
96.682	S 6246095 -13.18 30.50 0.00 0.00 HOLD
96.697	>>> V 0.00 0.00
96.698	S 6246115 -13.18 30.50 0.00 0.00 HOLD
96.718	>>> V 0.00 0.00
96.718	S 6246135 -13.18 30.50 0.00 0.00 HOLD
96.738	>>> V 0.00 0.00
96.738	S 6246155 -13.18 30.50 0.00 0.00 HOLD
96.761	>>> V 0.00 0.00
96.761	S 6246175 -13.18 30.50 0.00 0.00 HOLD
96.778	>>> V 0.00 0.00
96.780	S 6246195 -13.18 30.50 0.00 0.00 HOLD
96.800	>>> V 0.00 0.00
96.801	S 6246215 -13.18 30.50 0.00 0.00 HOLD
96.820	>>> V 0.00 0.00
96.821	S 6246235 -13.18 30.50 0.00 0.00 HOLD
96.837	>>> V 0.00 0.00
96.838	S 6246255 -13.18 30.50 0.00 0.00 HOLD
96.861	>>> V 0.00 0.00
96.864	S 6246275 -13.18 30.50 0.00 0.00 HOLD
96.879	>>> V 0.00 0.00
96.880	S 6246295 -13.18 30.50 0.00 0.00 HOLD
96.898	>>> V 0.00 0.00
96.902	S 6246315 -13.18 30.50 0.00 0.00 HOLD
96.920	>>> V 0.00 0.00
96.920	S 6246335 -13.18 30.50 0.00 0.00 HOLD
96.938	>>> V 0.00 0.00
96.939	S 6246355 -13.18 30.50 0.00 0.00 HOLD
96.958	>>> V 0.00 0.00
96.961	S 6246375 -13.18 30.50 0.00 0.00 HOLD
96.978	>>> V 0.00 0.00
96.979	S 6246395 -13.18 30.50 0.00 0.00 HOLD
96.997	>>> V 0.00 0.00
97.000	S 6246415 -13.18 30.50 0.00 0.00 HOLD
97.019	>>> V 0.00 0.00
97.019	S 6246435 -13.18 30.50 0.00 0.00 HOLD
97.038	>>> V 0.00 0.00
97.040	S 6246455 -13.18 30.50 0.00 0.00 HOLD
97.058	>>> V 0.00 0.00
97.062	S 6246475 -13.18 30.50 0.00 0.00 HOLD
97.078	>>> V 0.00 0.00
97.078	S 6246495 -13.18 30.50 0.00 0.00 HOLD
97.098	>>> V 0.00 0.00
97.101	S 6246515 -13.18 30.50 0.00 0.00 HOLD
97.118	>>> V 0.00 0.00
97.119	S 6246535 -13.18 30.50 0.00 0.00 HOLD
97.139	>>> V 0.00 0.00
97.142	S 6246555 -13.18 30.50 0.00 0.00 HOLD
97.159	>>> V 0.00 0.00
97.159	S 6246575 -13.18 30.50 0.00 0.00 HOLD
97.179	>>> V 0.00 0.00
97.179	S 6246595 -13.18 30.50 0.00 0.00 HOLD
97.199	>>> V 0.00 0.00
97.201	S 6246615 -13.18 30.50 0.00 0.00 HOLD
97.218	>>> V 0.00 0.00
97.219	S 6246635 -13.18 30.50 0.00 0.00 HOLD
97.238	>>> V 0.00 0.00
97.238	S 6246655 -13.18 30.50 0.00 0.00 HOLD
97.258	>>> V 0.00 0.00
97.258	S 6246675 -13.18 30.50 0.00 0.00 HOLD
97.282	>>> V 0.00 0.00
97.284	S 6246695 -13.18 30.50 0.00 0.00 HOLD
97.297	>>> V 0.00 0.00
97.298	S 6246715 -13.18 30.50 0.00 0.00 HOLD
97.317	>>> V 0.00 0.00
97.320	S 6246735 -13.27 30.50 0.00 0.00 HOLD
97.338	>>> V 0.00 0.00
97.339	S 6246755 -13.18 30.50 0.00 0.00 HOLD
97.359	>>> V 0.00 0.00
97.364	S 6246775 -13.18 30.50 0.00 0.00 HOLD
97.378	>>> V 0.00 0.00
97.379	S 6246795 -13.18 30.50 0.00 0.00 HOLD
97.398	>>> V 0.00 0.00
97.399	S 6246815 -13.18 30.50 0.00 0.00 HOLD
97.421	>>> V 0.00 0.00
97.422	S 6246835 -13.18 30.50 0.00 0.00 HOLD
97.438	>>> V 0.00 0.00
97.442	S 6246855 -13.18 30.50 0.00 0.00 HOLD
97.460	>>> V 0.00 0.00
97.461	S 6246875 -13.18 30.50 0.00 0.00 HOLD
97.478	>>> V 0.00 0.00
97.479	S 6246895 -13.18 30.50 0.00 0.00 HOLD
97.498	>>> V 0.00 0.00
97.503	S 6246915 -13.18 30.50 0.00 0.00 HOLD
97.518	>>> V 0.00 0.00
97.519	S 6246935 -13.18 30.50 0.00 0.00 HOLD
97.538	>>> V 0.00 0.00
97.538	S 6246955 -13.27 30.50 0.00 0.00 HOLD
97.558	>>> V 0.00 0.00
97.562	S 6246975 -13.18 30.50 0.00 0.00 HOLD
97.578	>>> V 0.00 0.00
97.578	S 6246995 -13.18 30.50 0.00 0.00 HOLD
97.600	>>> V 0.00 0.00
97.600	S 6247015 -13.18 30.50 0.00 0.00 HOLD
97.618	>>> V 0.00 0.00
97.621	S 6247035 -13.18 30.50 0.00 0.00 HOLD
97.638	>>> V 0.00 0.00
97.642	S 6247055 -13.18 30.50 0.00 0.00 HOLD
97.658	>>> V 0.00 0.00
97.659	S 6247075 -13.27 30.50 0.00 0.00 HOLD
97.677	>>> V 0.00 0.00
97.681	S 6247095 -13.18 30.50 0.00 0.00 HOLD
97.698	>>> V 0.00 0.00
97.698	S 6247115 -13.18 30.50 0.00 0.00 HOLD
97.717	>>> V 0.00 0.00
97.718	S 6247135 -13.18 30.59 0.00 0.00 HOLD
97.739	>>> V 0.00 0.00
97.739	S 6247155 -13.18 30.50 0.00 0.00 HOLD
97.758	>>> V 0.00 0.00
97.761	S 6247175 -13.18 30.50 0.00 0.00 HOLD
97.778	>>> V 0.00 0.00
97.780	S 6247195 -13.18 30.50 0.00 0.00 HOLD
97.798	>>> V 0.00 0.00
97.798	S 6247215 -13.18 30.50 0.00 0.00 HOLD
97.818	>>> V 0.00 0.00
97.818	S 6247235 -13.18 30.50 0.00 0.00 HOLD
97.841	>>> V 0.00 0.00
97.842	S 6247255 -13.18 30.50 0.00 0.00 HOLD
97.858	>>> V 0.00 0.00
97.858	S 6247275 -13.18 30.50 0.00 0.00 HOLD
97.880	>>> V 0.00 0.00
97.880	S 6247295 -13.27 30.50 0.00 0.00 HOLD
97.903	>>> V 0.00 0.00
97.903	S 6247315 -13.18 30.50 0.00 0.00 HOLD
97.918	>>> V 0.00 0.00
97.919	S 6247335 -13.18 30.50 0.00 0.00 HOLD
97.937	>>> V 0.00 0.00
97.939	S 6247355 -13.18 30.50 0.00 0.00 HOLD
97.958	>>> V 0.00 0.00
97.960	S 6247375 -13.18 30.50 0.00 0.00 HOLD
97.978	>>> V 0.00 0.00
97.983	S 6247395 -13.18 30.50 0.00 0.00 HOLD
98.006	>>> V 0.00 0.00
98.008	S 6247415 -13.18 30.50 0.00 0.00 HOLD
98.022	>>> V 0.00 0.00
98.023	S 6247435 -13.18 30.50 0.00 0.00 HOLD
98.037	>>> V 0.00 0.00
98.038	S 6247455 -13.18 30.50 0.00 0.00 HOLD
98.059	>>> V 0.00 0.00
98.060	S 6247475 -13.18 30.50 0.00 0.00 HOLD
98.077	>>> V 0.00 0.00
98.078	S 6247495 -13.18 30.50 0.00 0.00 HOLD
98.099	>>> V 0.00 0.00
98.099	S 6247515 -13.18 30.50 0.00 0.00 HOLD
98.119	>>> V 0.00 0.00
98.119	S 6247535 -13.18 30.50 0.00 0.00 HOLD
98.138	>>> V 0.00 0.00
98.143	S 6247555 -13.18 30.50 0.00 0.00 HOLD
98.158	>>> V 0.00 0.00
98.158	S 6247575 -13.18 30.50 0.00 0.00 HOLD
98.180	>>> V 0.00 0.00
98.181	S 6247595 -13.27 30.50 0.00 0.00 HOLD
98.198	>>> V 0.00 0.00
98.198	S 6247615 -13.18 30.50 0.00 0.00 HOLD
98.219	>>> V 0.00 0.00
98.219	S 6247635 -13.18 30.50 0.00 0.00 HOLD
98.237	>>> V 0.00 0.00
98.238	S 6247655 -13.18 30.50 0.00 0.00 HOLD
98.258	>>> V 0.00 0.00
98.261	S 6247675 -13.18 30.50 0.00 0.00 HOLD
98.277	>>> V 0.00 0.00
98.279	S 6247695 -13.18 30.50 0.00 0.00 HOLD
98.298	>>> V 0.00 0.00
98.299	S 6247715 -13.18 30.50 0.00 0.00 HOLD
98.326	>>> V 0.00 0.00
98.327	S 6247735 -13.18 30.50 0.00 0.00 HOLD
98.346	>>> V 0.00 0.00
98.349	S 6247755 -13.18 30.50 0.00 0.00 HOLD
98.363	>>> V 0.00 0.00
98.369	S 6247775 -13.18 30.50 0.00 0.00 HOLD
98.383	>>> V 0.00 0.00
98.383	S 6247795 -13.18 30.50 0.00 0.00 HOLD
98.398	>>> V 0.00 0.00
98.399	S 6247815 -13.18 30.50 0.00 0.00 HOLD
98.418	>>> V 0.00 0.00
98.421	S 6247835 -13.18 30.50 0.00 0.00 HOLD
98.438	>>> V 0.00 0.00
98.439	S 6247855 -13.18 30.50 0.00 0.00 HOLD
98.463	>>> V 0.00 0.00
98.464	S 6247875 -13.18 30.50 0.00 0.00 HOLD
98.479	>>> V 0.00 0.00
98.479	S 6247895 -13.18 30.50 0.00 0.00 HOLD
98.498	>>> V 0.00 0.00
98.498	S 6247915 -13.18 30.50 0.00 0.00 HOLD
98.518	>>> V 0.00 0.00
98.521	S 6247935 -13.18 30.50 0.00 0.00 HOLD
98.541	>>> V 0.00 0.00
98.541	S 6247955 -13.18 30.50 0.00 0.00 HOLD
98.559	>>> V 0.00 0.00
98.559	S 6247975 -13.18 30.50 0.00 0.00 HOLD
98.580	>>> V 0.00 0.00
98.580	S 6247995 -13.18 30.50 0.00 0.00 HOLD
98.599	>>> V 0.00 0.00
98.600	S 6248015 -13.18 30.50 0.00 0.00 HOLD
98.618	>>> V 0.00 0.00
98.619	S 6248035 -13.18 30.50 0.00 0.00 HOLD
98.638	>>> V 0.00 0.00
98.638	S 6248055 -13.18 30.50 0.00 0.00 HOLD
98.659	>>> V 0.00 0.00
98.659	S 6248075 -13.18 30.50 0.00 0.00 HOLD
98.678	>>> V 0.00 0.00
98.682	S 6248095 -13.18 30.50 0.00 0.00 HOLD
98.702	>>> V 0.00 0.00
98.705	S 6248115 -13.18 30.50 0.00 0.00 HOLD
98.718	>>> V 0.00 0.00
98.723	S 6248135 -13.18 30.50 0.00 0.00 HOLD
98.739	>>> V 0.00 0.00
98.739	S 6248155 -13.18 30.50 0.00 0.00 HOLD
98.758	>>> V 0.00 0.00
98.765	S 6248175 -13.18 30.50 0.00 0.00 HOLD
98.788	>>> V 0.00 0.00
98.788	S 6248195 -13.18 30.50 0.00 0.00 HOLD
98.807	>>> V 0.00 0.00
98.808	S 6248215 -13.18 30.50 0.00 0.00 HOLD
98.818	>>> V 0.00 0.00
98.818	S 6248235 -13.18 30.50 0.00 0.00 HOLD
98.839	>>> V 0.00 0.00
98.840	S 6248255 -13.18 30.50 0.00 0.00 HOLD
98.860	>>> V 0.00 0.00
98.863	S 6248275 -13.18 30.50 0.00 0.00 HOLD
98.878	>>> V 0.00 0.00
98.881	S 6248295 -13.18 30.50 0.00 0.00 HOLD
98.898	>>> V 0.00 0.00
98.900	S 6248315 -13.18 30.50 0.00 0.00 HOLD
98.917	>>> V 0.00 0.00
98.918	S 6248335 -13.18 30.50 0.00 0.00 HOLD
98.939	>>> V 0.00 0.00
98.939	S 6248355 -13.18 30.50 0.00 0.00 HOLD
98.964	>>> V 0.00 0.00
98.965	S 6248375 -13.18 30.50 0.00 0.00 HOLD
98.988	>>> V 0.00 0.00
98.989	S 6248395 -13.18 30.50 0.00 0.00 HOLD
99.002	>>> V 0.00 0.00
99.003	S 6248415 -13.18 30.50 0.00 0.00 HOLD
99.018	>>> V 0.00 0.00
99.021	S 6248435 -13.18 30.50 0.00 0.00 HOLD
99.038	>>> V 0.00 0.00
99.042	S 6248455 -13.18 30.50 0.00 0.00 HOLD
99.060	>>> V 0.00 0.00
99.061	S 6248475 -13.18 30.50 0.00 0.00 HOLD
99.078	>>> V 0.00 0.00
99.081	S 6248495 -13.18 30.50 0.00 0.00 HOLD
99.099	>>> V 0.00 0.00
99.101	S 6248515 -13.18 30.50 0.00 0.00 HOLD
99.118	>>> V 0.00 0.00
99.120	S 6248535 -13.18 30.50 0.00 0.00 HOLD
99.139	>>> V 0.00 0.00
99.141	S 6248555 -13.18 30.50 0.00 0.00 HOLD
99.158	>>> V 0.00 0.00
99.161	S 6248575 -13.18 30.50 0.00 0.00 HOLD
99.178	>>> V 0.00 0.00
99.179	S 6248595 -13.18 30.50 0.00 0.00 HOLD
99.202	>>> V 0.00 0.00
99.204	S 6248615 -13.18 30.50 0.00 0.00 HOLD
99.218	>>> V 0.00 0.00
99.219	S 6248635 -13.18 30.50 0.00 0.00 HOLD
99.240	>>> V 0.00 0.00
99.241	S 6248655 -13.18 30.50 0.00 0.00 HOLD
99.258	>>> V 0.00 0.00
99.260	S 6248675 -13.18 30.50 0.00 0.00 HOLD
99.278	>>> V 0.00 0.00
99.281	S 6248695 -13.27 30.50 0.00 0.00 HOLD
99.298	>>> V 0.00 0.00
99.302	S 6248715 -13.18 30.50 0.00 0.00 HOLD
99.319	>>> V 0.00 0.00
99.322	S 6248735 -13.18 30.50 0.00 0.00 HOLD
99.340	>>> V 0.00 0.00
99.340	S 6248755 -13.18 30.50 0.00 0.00 HOLD
99.358	>>> V 0.00 0.00
99.358	S 6248775 -13.18 30.50 0.00 0.00 HOLD
99.381	>>> V 0.00 0.00
99.383	S 6248795 -13.18 30.50 0.00 0.00 HOLD
99.399	>>> V 0.00 0.00
99.399	S 6248815 -13.18 30.50 0.00 0.00 HOLD
99.418	>>> V 0.00 0.00
99.418	S 6248835 -13.18 30.50 0.00 0.00 HOLD
99.441	>>> V 0.00 0.00
99.442	S 6248855 -13.18 30.50 0.00 0.00 HOLD
99.457	>>> V 0.00 0.00
99.458	S 6248875 -13.18 30.50 0.00 0.00 HOLD
99.480	>>> V 0.00 0.00
99.484	S 6248895 -13.18 30.50 0.00 0.00 HOLD
99.500	>>> V 0.00 0.00
99.500	S 6248915 -13.18 30.50 0.00 0.00 HOLD
99.518	>>> V 0.00 0.00
99.518	S 6248935 -13.27 30.50 0.00 0.00 HOLD
99.537	>>> V 0.00 0.00
99.538	S 6248955 -13.18 30.50 0.00 0.00 HOLD
99.560	>>> V 0.00 0.00
99.563	S 6248975 -13.18 30.50 0.00 0.00 HOLD
99.578	>>> V 0.00 0.00
99.578	S 6248995 -13.18 30.50 0.00 0.00 HOLD
99.599	>>> V 0.00 0.00
99.599	S 6249015 -13.18 30.50 0.00 0.00 HOLD
99.624	>>> V 0.00 0.00
99.624	S 6249035 -13.18 30.50 0.00 0.00 HOLD
99.638	>>> V 0.00 0.00
99.642	S 6249055 -13.18 30.50 0.00 0.00 HOLD
99.658	>>> V 0.00 0.00
99.659	S 6249075 -13.18 30.59 0.00 0.00 HOLD
99.679	>>> V 0.00 0.00
99.679	S 6249095 -13.18 30.50 0.00 0.00 HOLD
99.698	>>> V 0.00 0.00
99.705	S 6249115 -13.18 30.50 0.00 0.00 HOLD
99.718	>>> V 0.00 0.00
99.721	S 6249135 -13.18 30.50 0.00 0.00 HOLD
99.738	>>> V 0.00 0.00
99.739	S 6249155 -13.18 30.50 0.00 0.00 HOLD
99.758	>>> V 0.00 0.00
99.764	S 6249175 -13.18 30.50 0.00 0.00 HOLD
99.779	>>> V 0.00 0.00
99.782	S 6249195 -13.18 30.50 0.00 0.00 HOLD
99.799	>>> V 0.00 0.00
99.802	S 6249215 -13.18 30.50 0.00 0.00 HOLD
99.818	>>> V 0.00 0.00
99.820	S 6249235 -13.18 30.50 0.00 0.00 HOLD
99.838	>>> V 0.00 0.00
99.841	S 6249255 -13.18 30.50 0.00 0.00 HOLD
99.858	>>> V 0.00 0.00
99.858	S 6249275 -13.18 30.50 0.00 0.00 HOLD
99.878	>>> V 0.00 0.00
99.880	S 6249295 -13.18 30.50 0.00 0.00 HOLD
99.900	>>> V 0.00 0.00
99.903	S 6249315 -13.18 30.50 0.00 0.00 HOLD
99.930	>>> V 0.00 0.00
99.933	S 6249335 -13.18 30.50 0.00 0.00 HOLD
99.942	>>> V 0.00 0.00
99.943	S 6249355 -13.18 30.50 0.00 0.00 HOLD
99.959	>>> V 0.00 0.00
99.962	S 6249375 -13.18 30.50 0.00 0.00 HOLD
99.978	>>> V 0.00 0.00
99.980	S 6249395 -13.18 30.50 0.00 0.00 HOLD
99.998	>>> V 0.00 0.00
99.999	S 6249415 -13.18 30.50 0.00 0.00 HOLD
100.018	>>> V 0.00 0.00
100.018	S 6249435 -13.18 30.50 0.00 0.00 HOLD
100.038	>>> V 0.00 0.00
100.041	S 6249455 -13.18 30.50 0.00 0.00 HOLD
100.062	>>> V 0.00 0.00
100.065	S 6249475 -13.18 30.50 0.00 0.00 HOLD
100.078	>>> V 0.00 0.00
100.081	S 6249495 -13.18 30.50 0.00 0.00 HOLD
100.097	>>> V 0.00 0.00
100.099	S 6249515 -13.18 30.50 0.00 0.00 HOLD
100.119	>>> V 0.00 0.00
100.123	S 6249535 -13.18 30.50 0.00 0.00 HOLD
100.140	>>> V 0.00 0.00
100.140	S 6249555 -13.18 30.50 0.00 0.00 HOLD
100.158	>>> V 0.00 0.00
100.159	S 6249575 -13.18 30.50 0.00 0.00 HOLD
100.177	>>> V 0.00 0.00
100.178	S 6249595 -13.18 30.50 0.00 0.00 HOLD
100.198	>>> V 0.00 0.00
100.198	S 6249615 -13.18 30.50 0.00 0.00 HOLD
100.218	>>> V 0.00 0.00
100.219	S 6249635 -13.18 30.50 0.00 0.00 HOLD
100.238	>>> V 0.00 0.00
100.241	S 6249655 -13.18 30.50 0.00 0.00 HOLD
100.257	>>> V 0.00 0.00
100.258	S 6249675 -13.18 30.50 0.00 0.00 HOLD
100.277	>>> V 0.00 0.00
100.279	S 6249695 -13.18 30.50 0.00 0.00 HOLD
100.298	>>> V 0.00 0.00
100.300	S 6249715 -13.18 30.50 0.00 0.00 HOLD
100.319	>>> V 0.00 0.00
100.320	S 6249735 -13.18 30.50 0.00 0.00 HOLD
100.339	>>> V 0.00 0.00
100.339	S 6249755 -13.18 30.50 0.00 0.00 HOLD
100.358	>>> V 0.00 0.00
100.358	S 6249775 -13.18 30.50 0.00 0.00 HOLD
100.378	>>> V 0.00 0.00
100.380	S 6249795 -13.18 30.50 0.00 0.00 HOLD
100.399	>>> V 0.00 0.00
100.399	S 6249815 -13.18 30.50 0.00 0.00 HOLD
100.418	>>> V 0.00 0.00
100.420	S 6249835 -13.18 30.50 0.00 0.00 HOLD
100.439	>>> V 0.00 0.00
100.440	S 6249855 -13.18 30.50 0.00 0.00 HOLD
100.461	>>> V 0.00 0.00
100.464	S 6249875 -13.18 30.50 0.00 0.00 HOLD
100.480	>>> V 0.00 0.00
100.482	S 6249895 -13.18 30.50 0.00 0.00 HOLD
100.499	>>> V 0.00 0.00
100.500	S 6249915 -13.18 30.50 0.00 0.00 HOLD
100.519	>>> V 0.00 0.00
100.519	S 6249935 -13.18 30.50 0.00 0.00 HOLD
100.539	>>> V 0.00 0.00
100.541	S 6249955 -13.18 30.50 0.00 0.00 HOLD
100.559	>>> V 0.00 0.00
100.562	S 6249975 -13.18 30.50 0.00 0.00 HOLD
100.584	>>> V 0.00 0.00
100.584	S 6249995 -13.18 30.50 0.00 0.00 HOLD
100.599	>>> V 0.00 0.00
100.601	S 6250015 -13.18 30.50 0.00 0.00 HOLD
100.618	>>> V 0.00 0.00
100.621	S 6250035 -13.18 30.50 0.00 0.00 HOLD
100.641	>>> V 0.00 0.00
100.643	S 6250055 -13.27 30.50 0.00 0.00 HOLD
100.661	>>> V 0.00 0.00
100.661	S 6250075 -13.18 30.50 0.00 0.00 HOLD
100.678	>>> V 0.00 0.00
100.694	S 6250095 -13.18 30.50 0.00 0.00 HOLD
100.703	>>> V 0.00 0.00
100.703	S 6250115 -13.18 30.50 0.00 0.00 HOLD
100.719	>>> V 0.00 0.00
100.721	S 6250135 -13.18 30.50 0.00 0.00 HOLD
100.739	>>> V 0.00 0.00
100.741	S 6250155 -13.18 30.50 0.00 0.00 HOLD
100.764	>>> V 0.00 0.00
100.766	S 6250175 -13.18 30.50 0.00 0.00 HOLD
100.777	>>> V 0.00 0.00
100.778	S 6250195 -13.18 30.50 0.00 0.00 HOLD
100.798	>>> V 0.00 0.00
100.798	S 6250215 -13.18 30.50 0.00 0.00 HOLD
100.818	>>> V 0.00 0.00
100.820	S 6250235 -13.27 30.50 0.00 0.00 HOLD
100.842	>>> V 0.00 0.00
100.844	S 6250255 -13.18 30.50 0.00 0.00 HOLD
100.858	>>> V 0.00 0.00
100.859	S 6250275 -13.18 30.50 0.00 0.00 HOLD
100.881	>>> V 0.00 0.00
100.888	S 6250295 -13.18 30.50 0.00 0.00 HOLD
100.897	>>> V 0.00 0.00
100.898	S 6250315 -13.18 30.50 0.00 0.00 HOLD
100.918	>>> V 0.00 0.00
100.920	S 6250335 -13.18 30.50 0.00 0.00 HOLD
100.939	>>> V 0.00 0.00
100.945	S 6250355 -13.18 30.50 0.00 0.00 HOLD
100.960	>>> V 0.00 0.00
100.961	S 6250375 -13.18 30.50 0.00 0.00 HOLD
100.978	>>> V 0.00 0.00
100.981	S 6250395 -13.18 30.50 0.00 0.00 HOLD
100.998	>>> V 0.00 0.00
101.001	S 6250415 -13.18 30.50 0.00 0.00 HOLD
101.021	>>> V 0.00 0.00
101.024	S 6250435 -13.18 30.50 0.00 0.00 HOLD
101.038	>>> V 0.00 0.00
101.043	S 6250455 -13.18 30.50 0.00 0.00 HOLD
101.061	>>> V 0.00 0.00
101.063	S 6250475 -13.27 30.50 0.00 0.00 HOLD
101.081	>>> V 0.00 0.00
101.082	S 6250495 -13.18 30.50 0.00 0.00 HOLD
101.103	>>> V 0.00 0.00
101.106	S 6250515 -13.18 30.50 0.00 0.00 HOLD
101.122	>>> V 0.00 0.00
101.126	S 6250535 -13.18 30.50 0.00 0.00 HOLD
101.140	>>> V 0.00 0.00
101.142	S 6250555 -13.18 30.50 0.00 0.00 HOLD
101.162	>>> V 0.00 0.00
101.162	S 6250575 -13.18 30.50 0.00 0.00 HOLD
101.177	>>> V 0.00 0.00
101.179	S 6250595 -13.18 30.50 0.00 0.00 HOLD
101.198	>>> V 0.00 0.00
101.198	S 6250615 -13.27 30.50 0.00 0.00 HOLD
101.218	>>> V 0.00 0.00
101.221	S 6250635 -13.18 30.59 0.00 0.00 HOLD
101.238	>>> V 0.00 0.00
101.239	S 6250655 -13.18 30.50 0.00 0.00 HOLD
101.263	>>> V 0.00 0.00
101.264	S 6250675 -13.18 30.50 0.00 0.00 HOLD
101.278	>>> V 0.00 0.00
101.279	S 6250695 -13.18 30.50 0.00 0.00 HOLD
101.298	>>> V 0.00 0.00
101.299	S 6250715 -13.18 30.50 0.00 0.00 HOLD
101.318	>>> V 0.00 0.00
101.320	S 6250735 -13.18 30.50 0.00 0.00 HOLD
101.338	>>> V 0.00 0.00
101.341	S 6250755 -13.18 30.50 0.00 0.00 HOLD
101.357	>>> V 0.00 0.00
101.360	S 6250775 -13.18 30.50 0.00 0.00 HOLD
101.378	>>> V 0.00 0.00
101.378	S 6250795 -13.18 30.50 0.00 0.00 HOLD
101.398	>>> V 0.00 0.00
101.399	S 6250815 -13.18 30.50 0.00 0.00 HOLD
101.418	>>> V 0.00 0.00
101.419	S 6250835 -13.18 30.50 0.00 0.00 HOLD
101.440	>>> V 0.00 0.00
101.442	S 6250855 -13.18 30.50 0.00 0.00 HOLD
101.458	>>> V 0.00 0.00
101.458	S 6250875 -13.18 30.50 0.00 0.00 HOLD
101.480	>>> V 0.00 0.00
101.483	S 6250895 -13.18 30.50 0.00 0.00 HOLD
101.498	>>> V 0.00 0.00
101.499	S 6250915 -13.18 30.50 0.00 0.00 HOLD
101.518	>>> V 0.00 0.00
101.520	S 6250935 -13.18 30.50 0.00 0.00 HOLD
101.539	>>> V 0.00 0.00
101.543	S 6250955 -13.18 30.50 0.00 0.00 HOLD
101.558	>>> V 0.00 0.00
101.561	S 6250975 -13.27 30.50 0.00 0.00 HOLD
101.577	>>> V 0.00 0.00
101.578	S 6250995 -13.18 30.50 0.00 0.00 HOLD
101.600	>>> V 0.00 0.00
101.603	S 6251015 -13.18 30.50 0.00 0.00 HOLD
101.619	>>> V 0.00 0.00
101.620	S 6251035 -13.18 30.50 0.00 0.00 HOLD
101.640	>>> V 0.00 0.00
101.643	S 6251055 -13.18 30.50 0.00 0.00 HOLD
101.657	>>> V 0.00 0.00
101.660	S 6251075 -13.18 30.59 0.00 0.00 HOLD
101.679	>>> V 0.00 0.00
101.682	S 6251095 -13.18 30.50 0.00 0.00 HOLD
101.699	>>> V 0.00 0.00
101.700	S 6251115 -13.18 30.50 0.00 0.00 HOLD
101.718	>>> V 0.00 0.00
101.720	S 6251135 -13.18 30.50 0.00 0.00 HOLD
101.737	>>> V 0.00 0.00
101.737	S 6251155 -13.18 30.50 0.00 0.00 HOLD
101.759	>>> V 0.00 0.00
101.760	S 6251175 -13.18 30.50 0.00 0.00 HOLD
101.782	>>> V 0.00 0.00
101.782	S 6251195 -13.18 30.59 0.00 0.00 HOLD
101.799	>>> V 0.00 0.00
101.799	S 6251215 -13.18 30.50 0.00 0.00 HOLD
101.820	>>> V 0.00 0.00
101.820	S 6251235 -13.27 30.50 0.00 0.00 HOLD
101.838	>>> V 0.00 0.00
101.839	S 6251255 -13.18 30.59 0.00 0.00 HOLD
101.861	>>> V 0.00 0.00
101.862	S 6251275 -13.18 30.50 0.00 0.00 HOLD
101.877	>>> V 0.00 0.00
101.879	S 6251295 -13.18 30.50 0.00 0.00 HOLD
101.897	>>> V 0.00 0.00
101.898	S 6251315 -13.18 30.50 0.00 0.00 HOLD
101.918	>>> V 0.00 0.00
101.921	S 6251335 -13.18 30.50 0.00 0.00 HOLD
101.938	>>> V 0.00 0.00
101.940	S 6251355 -13.18 30.50 0.00 0.00 HOLD
101.958	>>> V 0.00 0.00
101.961	S 6251375 -13.18 30.50 0.00 0.00 HOLD
101.978	>>> V 0.00 0.00
101.980	S 6251395 -13.18 30.50 0.00 0.00 HOLD
102.002	>>> V 0.00 0.00
102.003	S 6251415 -13.18 30.50 0.00 0.00 HOLD
102.024	>>> V 0.00 0.00
102.028	S 6251435 -13.18 30.50 0.00 0.00 HOLD
102.038	>>> V 0.00 0.00
102.040	S 6251455 -13.18 30.50 0.00 0.00 HOLD
102.067	>>> V 0.00 0.00
102.070	S 6251475 -13.18 30.50 0.00 0.00 HOLD
102.083	>>> V 0.00 0.00
102.084	S 6251495 -13.18 30.50 0.00 0.00 HOLD
102.107	>>> V 0.00 0.00
102.108	S 6251515 -13.18 30.50 0.00 0.00 HOLD
102.118	>>> V 0.00 0.00
102.122	S 6251535 -13.18 30.50 0.00 0.00 HOLD
102.138	>>> V 0.00 0.00
102.138	S 6251555 -13.18 30.50 0.00 0.00 HOLD
102.158	>>> V 0.00 0.00
102.158	S 6251575 -13.18 30.59 0.00 0.00 HOLD
102.186	>>> V 0.00 0.00
102.187	S 6251595 -13.18 30.50 0.00 0.00 HOLD
102.197	>>> V 0.00 0.00
102.199	S 6251615 -13.18 30.50 0.00 0.00 HOLD
102.224	>>> V 0.00 0.00
102.225	S 6251635 -13.18 30.50 0.00 0.00 HOLD
102.238	>>> V 0.00 0.00
102.238	S 6251655 -13.18 30.50 0.00 0.00 HOLD
102.263	>>> V 0.00 0.00
102.263	S 6251675 -13.18 30.50 0.00 0.00 HOLD
102.279	>>> V 0.00 0.00
102.280	S 6251695 -13.18 30.50 0.00 0.00 HOLD
102.298	>>> V 0.00 0.00
102.300	S 6251715 -13.18 30.50 0.00 0.00 HOLD
102.319	>>> V 0.00 0.00
102.319	S 6251735 -13.18 30.50 0.00 0.00 HOLD
102.337	>>> V 0.00 0.00
102.338	S 6251755 -13.18 30.50 0.00 0.00 HOLD
102.357	>>> V 0.00 0.00
102.360	S 6251775 -13.18 30.50 0.00 0.00 HOLD
102.381	>>> V 0.00 0.00
102.382	S 6251795 -13.18 30.50 0.00 0.00 HOLD
102.399	>>> V 0.00 0.00
102.403	S 6251815 -13.18 30.50 0.00 0.00 HOLD
102.418	>>> V 0.00 0.00
102.420	S 6251835 -13.18 30.50 0.00 0.00 HOLD
102.441	>>> V 0.00 0.00
102.455	S 6251855 -13.18 30.50 0.00 0.00 HOLD
102.471	>>> V 0.00 0.00
102.472	S 6251875 -13.18 30.50 0.00 0.00 HOLD
102.481	>>> V 0.00 0.00
102.484	S 6251895 -13.18 30.50 0.00 0.00 HOLD
102.510	>>> V 0.00 0.00
102.513	S 6251915 -13.18 30.50 0.00 0.00 HOLD
102.545	>>> V 0.00 0.00
102.560	S 6251935 -13.18 30.50 0.00 0.00 HOLD
102.569	S 6251955 -13.18 30.50 0.00 0.00 HOLD
102.576	>>> V 0.00 0.00
102.577	S 6251975 -13.18 30.50 0.00 0.00 HOLD
102.590	>>> V 0.00 0.00
102.591	S 6251995 -13.18 30.50 0.00 0.00 HOLD
102.602	>>> V 0.00 0.00
102.603	S 6252015 -13.18 30.50 0.00 0.00 HOLD
102.625	>>> V 0.00 0.00
102.626	S 6252035 -13.18 30.50 0.00 0.00 HOLD
102.637	>>> V 0.00 0.00
102.639	S 6252055 -13.18 30.50 0.00 0.00 HOLD
102.658	>>> V 0.00 0.00
102.661	S 6252075 -13.18 30.50 0.00 0.00 HOLD
102.678	>>> V 0.00 0.00
102.679	S 6252095 -13.18 30.50 0.00 0.00 HOLD
102.700	>>> V 0.00 0.00
102.701	S 6252115 -13.18 30.50 0.00 0.00 HOLD
102.720	>>> V 0.00 0.00
102.722	S 6252135 -13.18 30.50 0.00 0.00 HOLD
102.740	>>> V 0.00 0.00
102.743	S 6252155 -13.18 30.50 0.00 0.00 HOLD
102.761	>>> V 0.00 0.00
102.762	S 6252175 -13.18 30.50 0.00 0.00 HOLD
102.779	>>> V 0.00 0.00
102.779	S 6252195 -13.18 30.50 0.00 0.00 HOLD
102.803	>>> V 0.00 0.00
102.804	S 6252215 -13.18 30.50 0.00 0.00 HOLD
102.821	>>> V 0.00 0.00
102.823	S 6252235 -13.18 30.50 0.00 0.00 HOLD
102.839	>>> V 0.00 0.00
102.839	S 6252255 -13.18 30.59 0.00 0.00 HOLD
102.858	>>> V 0.00 0.00
102.863	S 6252275 -13.18 30.50 0.00 0.00 HOLD
102.880	>>> V 0.00 0.00
102.882	S 6252295 -13.18 30.50 0.00 0.00 HOLD
102.898	>>> V 0.00 0.00
102.898	S 6252315 -13.18 30.50 0.00 0.00 HOLD
102.918	>>> V 0.00 0.00
102.928	S 6252335 -13.18 30.50 0.00 0.00 HOLD
102.950	>>> V 0.00 0.00
102.952	S 6252355 -13.18 30.50 0.00 0.00 HOLD
102.966	>>> V 0.00 0.00
102.967	S 6252375 -13.18 30.50 0.00 0.00 HOLD
102.978	>>> V 0.00 0.00
102.981	S 6252395 -13.18 30.50 0.00 0.00 HOLD
102.999	>>> V 0.00 0.00
102.999	S 6252415 -13.18 30.50 0.00 0.00 HOLD
103.018	>>> V 0.00 0.00
103.020	S 6252435 -13.18 30.50 0.00 0.00 HOLD
103.041	>>> V 0.00 0.00
103.041	S 6252455 -13.18 30.50 0.00 0.00 HOLD
103.058	>>> V 0.00 0.00
103.060	S 6252475 -13.18 30.50 0.00 0.00 HOLD
103.079	>>> V 0.00 0.00
103.082	S 6252495 -13.18 30.50 0.00 0.00 HOLD
103.098	>>> V 0.00 0.00
103.098	S 6252515 -13.18 30.50 0.00 0.00 HOLD
103.119	>>> V 0.00 0.00
103.122	S 6252535 -13.18 30.50 0.00 0.00 HOLD
103.140	>>> V 0.00 0.00
103.144	S 6252555 -13.18 30.50 0.00 0.00 HOLD
103.157	>>> V 0.00 0.00
103.158	S 6252575 -13.27 30.50 0.00 0.00 HOLD
103.189	>>> V 0.00 0.00
103.189	S 6252595 -13.18 30.50 0.00 0.00 HOLD
103.204	>>> V 0.00 0.00
103.204	S 6252615 -13.18 30.50 0.00 0.00 HOLD
103.221	>>> V 0.00 0.00
103.221	S 6252635 -13.18 30.50 0.00 0.00 HOLD
103.239	>>> V 0.00 0.00
103.241	S 6252656 -13.18 30.50 0.00 0.00 HOLD
103.258	>>> V 0.00 0.00
103.259	S 6252675 -13.18 30.50 0.00 0.00 HOLD
103.280	>>> V 0.00 0.00
103.283	S 6252696 -13.18 30.50 0.00 0.00 HOLD
103.298	>>> V 0.00 0.00
103.299	S 6252716 -13.18 30.50 0.00 0.00 HOLD
103.318	>>> V 0.00 0.00
103.328	S 6252736 -13.18 30.50 0.00 0.00 HOLD
103.338	>>> V 0.00 0.00
103.341	S 6252756 -13.27 30.50 0.00 0.00 HOLD
103.358	>>> V 0.00 0.00
103.365	S 6252776 -13.18 30.50 0.00 0.00 HOLD
103.381	>>> V 0.00 0.00
103.381	S 6252796 -13.18 30.50 0.00 0.00 HOLD
103.399	>>> V 0.00 0.00
103.400	S 6252816 -13.18 30.50 0.00 0.00 HOLD
103.421	>>> V 0.00 0.00
103.435	S 6252836 -13.18 30.50 0.00 0.00 HOLD
103.440	>>> V 0.00 0.00
103.440	S 6252856 -13.18 30.50 0.00 0.00 HOLD
103.480	>>> V 0.00 0.00
103.486	S 6252876 -13.18 30.50 0.00 0.00 HOLD
103.497	S 6252896 -13.18 30.50 0.00 0.00 HOLD
103.511	>>> V 0.00 0.00
103.512	S 6252916 -13.18 30.50 0.00 0.00 HOLD
103.536	>>> V 0.00 0.00
103.543	S 6252936 -13.18 30.50 0.00 0.00 HOLD
103.547	S 6252956 -13.18 30.50 0.00 0.00 HOLD
103.557	>>> V 0.00 0.00
103.558	S 6252976 -13.18 30.50 0.00 0.00 HOLD
103.585	>>> V 0.00 0.00
103.590	S 6252996 -13.18 30.50 0.00 0.00 HOLD
103.604	>>> V 0.00 0.00
103.606	S 6253016 -13.18 30.50 0.00 0.00 HOLD
103.618	>>> V 0.00 0.00
103.626	S 6253036 -13.18 30.50 0.00 0.00 HOLD
103.638	>>> V 0.00 0.00
103.638	S 6253056 -13.18 30.50 0.00 0.00 HOLD
103.670	>>> V 0.00 0.00
103.671	S 6253076 -13.18 30.50 0.00 0.00 HOLD
103.680	>>> V 0.00 0.00
103.682	S 6253096 -13.18 30.50 0.00 0.00 HOLD
103.703	>>> V 0.00 0.00
103.705	S 6253116 -13.18 30.50 0.00 0.00 HOLD
103.723	>>> V 0.00 0.00
103.724	S 6253136 -13.18 30.50 0.00 0.00 HOLD
103.740	>>> V 0.00 0.00
103.741	S 6253156 -13.18 30.50 0.00 0.00 HOLD
103.758	>>> V 0.00 0.00
103.759	S 6253176 -13.18 30.50 0.00 0.00 HOLD
103.779	>>> V 0.00 0.00
103.780	S 6253196 -13.18 30.50 0.00 0.00 HOLD
103.807	>>> V 0.00 0.00
103.811	S 6253216 -13.18 30.50 0.00 0.00 HOLD
103.823	>>> V 0.00 0.00
103.823	S 6253236 -13.18 30.50 0.00 0.00 HOLD
103.838	>>> V 0.00 0.00
103.843	S 6253256 -13.18 30.50 0.00 0.00 HOLD
103.858	>>> V 0.00 0.00
103.860	S 6253276 -13.18 30.50 0.00 0.00 HOLD
103.880	>>> V 0.00 0.00
103.883	S 6253296 -13.18 30.50 0.00 0.00 HOLD
103.899	>>> V 0.00 0.00
103.900	S 6253316 -13.18 30.50 0.00 0.00 HOLD
103.921	>>> V 0.00 0.00
103.922	S 6253336 -13.27 30.50 0.00 0.00 HOLD
103.938	>>> V 0.00 0.00
103.940	S 6253356 -13.18 30.50 0.00 0.00 HOLD
103.958	>>> V 0.00 0.00
103.960	S 6253376 -13.18 30.50 0.00 0.00 HOLD
103.979	>>> V 0.00 0.00
103.981	S 6253396 -13.27 30.50 0.00 0.00 HOLD
103.999	>>> V 0.00 0.00
104.001	S 6253416 -13.18 30.50 0.00 0.00 HOLD
104.025	>>> V 0.00 0.00
104.026	S 6253436 -13.18 30.50 0.00 0.00 HOLD
104.040	>>> V 0.00 0.00
104.040	S 6253456 -13.18 30.50 0.00 0.00 HOLD
104.060	>>> V 0.00 0.00
104.062	S 6253476 -13.18 30.50 0.00 0.00 HOLD
104.080	>>> V 0.00 0.00
104.081	S 6253496 -13.27 30.50 0.00 0.00 HOLD
104.102	>>> V 0.00 0.00
104.105	S 6253516 -13.18 30.50 0.00 0.00 HOLD
104.120	>>> V 0.00 0.00
104.122	S 6253536 -13.18 30.50 0.00 0.00 HOLD
104.140	>>> V 0.00 0.00
104.144	S 6253556 -13.18 30.59 0.00 0.00 HOLD
104.158	>>> V 0.00 0.00
104.161	S 6253576 -13.18 30.50 0.00 0.00 HOLD
104.178	>>> V 0.00 0.00
104.180	S 6253596 -13.18 30.50 0.00 0.00 HOLD
104.198	>>> V 0.00 0.00
104.198	S 6253616 -13.18 30.50 0.00 0.00 HOLD
104.218	>>> V 0.00 0.00
104.218	S 6253636 -13.18 30.50 0.00 0.00 HOLD
104.238	>>> V 0.00 0.00
104.240	S 6253656 -13.18 30.50 0.00 0.00 HOLD
104.261	>>> V 0.00 0.00
104.262	S 6253676 -13.18 30.50 0.00 0.00 HOLD
104.280	>>> V 0.00 0.00
104.282	S 6253696 -13.18 30.50 0.00 0.00 HOLD
104.300	>>> V 0.00 0.00
104.303	S 6253716 -13.18 30.50 0.00 0.00 HOLD
104.318	>>> V 0.00 0.00
104.321	S 6253736 -13.18 30.50 0.00 0.00 HOLD
104.340	>>> V 0.00 0.00
104.340	S 6253756 -13.18 30.50 0.00 0.00 HOLD
104.361	>>> V 0.00 0.00
104.364	S 6253776 -13.18 30.50 0.00 0.00 HOLD
104.380	>>> V 0.00 0.00
104.382	S 6253796 -13.18 30.50 0.00 0.00 HOLD
104.398	>>> V 0.00 0.00
104.398	S 6253816 -13.18 30.50 0.00 0.00 HOLD
104.421	>>> V 0.00 0.00
104.421	S 6253836 -13.18 30.50 0.00 0.00 HOLD
104.439	>>> V 0.00 0.00
104.440	S 6253856 -13.18 30.50 0.00 0.00 HOLD
104.458	>>> V 0.00 0.00
104.461	S 6253876 -13.18 30.50 0.00 0.00 HOLD
104.477	>>> V 0.00 0.00
104.478	S 6253896 -13.18 30.50 0.00 0.00 HOLD
104.500	>>> V 0.00 0.00
104.500	S 6253916 -13.18 30.50 0.00 0.00 HOLD
104.527	>>> V 0.00 0.00
104.534	S 6253936 -13.18 30.59 0.00 0.00 HOLD
104.539	>>> V 0.00 0.00
104.539	S 6253956 -13.18 30.50 0.00 0.00 HOLD
104.569	>>> V 0.00 0.00
104.574	S 6253976 -13.18 30.50 0.00 0.00 HOLD
104.610	>>> V 0.00 0.00
104.613	S 6253996 -13.18 30.50 0.00 0.00 HOLD
104.622	S 6254016 -13.18 30.50 0.00 0.00 HOLD
104.641	>>> V 0.00 0.00
104.645	S 6254036 -13.18 30.50 0.00 0.00 HOLD
104.649	S 6254056 -13.18 30.50 0.00 0.00 HOLD
104.662	>>> V 0.00 0.00
104.663	S 6254076 -13.18 30.50 0.00 0.00 HOLD
104.681	>>> V 0.00 0.00
104.681	S 6254096 -13.18 30.50 0.00 0.00 HOLD
104.705	>>> V 0.00 0.00
104.707	S 6254116 -13.18 30.50 0.00 0.00 HOLD
104.728	>>> V 0.00 0.00
104.728	S 6254136 -13.18 30.50 0.00 0.00 HOLD
104.738	>>> V 0.00 0.00
104.743	S 6254156 -13.18 30.50 0.00 0.00 HOLD
104.761	>>> V 0.00 0.00
104.761	S 6254176 -13.18 30.50 0.00 0.00 HOLD
104.780	>>> V 0.00 0.00
104.786	S 6254196 -13.18 30.50 0.00 0.00 HOLD
104.801	>>> V 0.00 0.00
104.801	S 6254216 -13.18 30.50 0.00 0.00 HOLD
104.819	>>> V 0.00 0.00
104.819	S 6254236 -13.18 30.50 0.00 0.00 HOLD
104.844	>>> V 0.00 0.00
104.847	S 6254256 -13.18 30.50 0.00 0.00 HOLD
104.864	>>> V 0.00 0.00
104.868	S 6254276 -13.18 30.50 0.00 0.00 HOLD
104.894	>>> V 0.00 0.00
104.895	S 6254296 -13.18 30.50 0.00 0.00 HOLD
104.900	>>> V 0.00 0.00
104.900	S 6254316 -13.18 30.50 0.00 0.00 HOLD
104.919	>>> V 0.00 0.00
104.923	S 6254336 -13.18 30.50 0.00 0.00 HOLD
104.952	>>> V 0.00 0.00
104.954	S 6254356 -13.18 30.50 0.00 0.00 HOLD
104.961	>>> V 0.00 0.00
104.963	S 6254376 -13.18 30.50 0.00 0.00 HOLD
104.979	>>> V 0.00 0.00
104.979	S 6254396 -13.18 30.50 0.00 0.00 HOLD
104.997	>>> V 0.00 0.00
104.999	S 6254416 -13.18 30.50 0.00 0.00 HOLD
105.024	>>> V 0.00 0.00
105.028	S 6254436 -13.18 30.50 0.00 0.00 HOLD
105.042	>>> V 0.00 0.00
105.044	S 6254456 -13.18 30.50 0.00 0.00 HOLD
105.059	>>> V 0.00 0.00
105.061	S 6254476 -13.18 30.50 0.00 0.00 HOLD
105.089	>>> V 0.00 0.00
105.090	S 6254496 -13.18 30.50 0.00 0.00 HOLD
105.100	>>> V 0.00 0.00
105.101	S 6254516 -13.18 30.50 0.00 0.00 HOLD
105.131	>>> V 0.00 0.00
105.133	S 6254536 -13.18 30.50 0.00 0.00 HOLD
105.139	>>> V 0.00 0.00
105.141	S 6254556 -13.18 30.50 0.00 0.00 HOLD
105.158	>>> V 0.00 0.00
105.161	S 6254576 -13.18 30.50 0.00 0.00 HOLD
105.179	>>> V 0.00 0.00
105.180	S 6254596 -13.18 30.50 0.00 0.00 HOLD
105.199	>>> V 0.00 0.00
105.200	S 6254616 -13.18 30.50 0.00 0.00 HOLD
105.223	>>> V 0.00 0.00
105.228	S 6254636 -13.18 30.50 0.00 0.00 HOLD
105.242	>>> V 0.00 0.00
105.244	S 6254656 -13.18 30.50 0.00 0.00 HOLD
105.259	>>> V 0.00 0.00
105.260	S 6254676 -13.18 30.50 0.00 0.00 HOLD
105.279	>>> V 0.00 0.00
105.280	S 6254696 -13.18 30.50 0.00 0.00 HOLD
105.303	>>> V 0.00 0.00
105.306	S 6254716 -13.18 30.50 0.00 0.00 HOLD
105.318	>>> V 0.00 0.00
105.318	S 6254736 -13.18 30.50 0.00 0.00 HOLD
105.347	>>> V 0.00 0.00
105.351	S 6254756 -13.18 30.50 0.00 0.00 HOLD
105.369	>>> V 0.00 0.00
105.372	S 6254776 -13.18 30.50 0.00 0.00 HOLD
105.401	>>> V 0.00 0.00
105.404	S 6254796 -13.18 30.50 0.00 0.00 HOLD
105.404	S 6254816 -13.18 30.50 0.00 0.00 HOLD
105.418	>>> V 0.00 0.00
105.419	S 6254836 -13.18 30.50 0.00 0.00 HOLD
105.446	>>> V 0.00 0.00
105.448	S 6254856 -13.18 30.50 0.00 0.00 HOLD
105.464	>>> V 0.00 0.00
105.464	S 6254876 -13.18 30.50 0.00 0.00 HOLD
105.480	>>> V 0.00 0.00
105.482	S 6254896 -13.18 30.50 0.00 0.00 HOLD
105.500	>>> V 0.00 0.00
105.502	S 6254916 -13.18 30.50 0.00 0.00 HOLD
105.519	>>> V 0.00 0.00
105.522	S 6254936 -13.18 30.50 0.00 0.00 HOLD
105.538	>>> V 0.00 0.00
105.540	S 6254956 -13.18 30.59 0.00 0.00 HOLD
105.558	>>> V 0.00 0.00
105.560	S 6254976 -13.18 30.50 0.00 0.00 HOLD
105.578	>>> V 0.00 0.00
105.580	S 6254996 -13.18 30.50 0.00 0.00 HOLD
105.598	>>> V 0.00 0.00
105.601	S 6255016 -13.18 30.59 0.00 0.00 HOLD
105.618	>>> V 0.00 0.00
105.638	>>> V 0.00 0.00
105.640	S 6255036 -13.18 30.50 0.00 0.00 HOLD
105.641	S 6255056 -13.18 30.50 0.00 0.00 HOLD
105.658	>>> V 0.00 0.00
105.659	S 6255076 -13.18 30.50 0.00 0.00 HOLD
105.678	>>> V 0.00 0.00
105.679	S 6255096 -13.18 30.50 0.00 0.00 HOLD
105.699	>>> V 0.00 0.00
105.704	S 6255116 -13.18 30.50 0.00 0.00 HOLD
105.720	>>> V 0.00 0.00
105.721	S 6255136 -13.18 30.50 0.00 0.00 HOLD
105.743	>>> V 0.00 0.00
105.746	S 6255156 -13.18 30.50 0.00 0.00 HOLD
105.758	>>> V 0.00 0.00
105.758	S 6255176 -13.18 30.50 0.00 0.00 HOLD
105.777	>>> V 0.00 0.00
105.779	S 6255196 -13.18 30.50 0.00 0.00 HOLD
105.801	>>> V 0.00 0.00
105.801	S 6255216 -13.18 30.50 0.00 0.00 HOLD
105.818	>>> V 0.00 0.00
105.821	S 6255236 -13.18 30.50 0.00 0.00 HOLD
105.846	>>> V 0.00 0.00
105.846	S 6255256 -13.18 30.50 0.00 0.00 HOLD
105.863	>>> V 0.00 0.00
105.863	S 6255276 -13.18 30.50 0.00 0.00 HOLD
105.888	>>> V 0.00 0.00
105.888	S 6255296 -13.18 30.50 0.00 0.00 HOLD
105.901	>>> V 0.00 0.00
105.901	S 6255316 -13.18 30.50 0.00 0.00 HOLD
105.919	>>> V 0.00 0.00
105.922	S 6255336 -13.18 30.50 0.00 0.00 HOLD
105.941	>>> V 0.00 0.00
105.942	S 6255356 -13.18 30.50 0.00 0.00 HOLD
105.957	>>> V 0.00 0.00
105.959	S 6255376 -13.18 30.50 0.00 0.00 HOLD
105.983	>>> V 0.00 0.00
105.986	S 6255396 -13.18 30.50 0.00 0.00 HOLD
105.997	>>> V 0.00 0.00
106.000	S 6255416 -13.18 30.50 0.00 0.00 HOLD
106.018	>>> V 0.00 0.00
106.019	S 6255436 -13.18 30.50 0.00 0.00 HOLD
106.040	>>> V 0.00 0.00
106.043	S 6255456 -13.18 30.50 0.00 0.00 HOLD
106.064	>>> V 0.00 0.00
106.064	S 6255476 -13.18 30.50 0.00 0.00 HOLD
106.086	>>> V 0.00 0.00
106.090	S 6255496 -13.18 30.50 0.00 0.00 HOLD
106.102	>>> V 0.00 0.00
106.110	S 6255516 -13.18 30.50 0.00 0.00 HOLD
106.118	>>> V 0.00 0.00
106.119	S 6255536 -13.18 30.50 0.00 0.00 HOLD
106.141	>>> V 0.00 0.00
106.144	S 6255556 -13.18 30.50 0.00 0.00 HOLD
106.159	>>> V 0.00 0.00
106.160	S 6255576 -13.18 30.50 0.00 0.00 HOLD
106.179	>>> V 0.00 0.00
106.182	S 6255596 -13.18 30.50 0.00 0.00 HOLD
106.209	>>> V 0.00 0.00
106.215	S 6255616 -13.18 30.50 0.00 0.00 HOLD
106.228	>>> V 0.00 0.00
106.234	S 6255636 -13.18 30.50 0.00 0.00 HOLD
106.249	>>> V 0.00 0.00
106.252	S 6255656 -13.18 30.50 0.00 0.00 HOLD
106.264	>>> V 0.00 0.00
106.264	S 6255676 -13.18 30.50 0.00 0.00 HOLD
106.280	>>> V 0.00 0.00
106.280	S 6255696 -13.18 30.50 0.00 0.00 HOLD
106.300	>>> V 0.00 0.00
106.301	S 6255716 -13.18 30.50 0.00 0.00 HOLD
106.339	>>> V 0.00 0.00
106.350	S 6255736 -13.18 30.50 0.00 0.00 HOLD
106.359	S 6255756 -13.18 30.50 0.00 0.00 HOLD
106.385	>>> V 0.00 0.00
106.388	S 6255776 -13.18 30.50 0.00 0.00 HOLD
106.389	S 6255796 -13.18 30.50 0.00 0.00 HOLD
106.415	>>> V 0.00 0.00
106.415	S 6255816 -13.18 30.50 0.00 0.00 HOLD
106.435	>>> V 0.00 0.00
106.446	S 6255836 -13.18 30.50 0.00 0.00 HOLD
106.447	S 6255856 -13.18 30.50 0.00 0.00 HOLD
106.465	>>> V 0.00 0.00
106.477	S 6255876 -13.18 30.50 0.00 0.00 HOLD
106.486	>>> V 0.00 0.00
106.493	S 6255896 -13.18 30.50 0.00 0.00 HOLD
106.515	>>> V 0.00 0.00
106.517	S 6255916 -13.18 30.50 0.00 0.00 HOLD
106.532	>>> V 0.00 0.00
106.533	S 6255936 -13.18 30.50 0.00 0.00 HOLD
106.550	>>> V 0.00 0.00
106.552	S 6255956 -13.18 30.50 0.00 0.00 HOLD
106.569	>>> V 0.00 0.00
106.573	S 6255976 -13.18 30.50 0.00 0.00 HOLD
106.584	>>> V 0.00 0.00
106.590	S 6255996 -13.18 30.50 0.00 0.00 HOLD
106.604	>>> V 0.00 0.00
106.605	S 6256016 -13.18 30.50 0.00 0.00 HOLD
106.625	>>> V 0.00 0.00
106.626	S 6256036 -13.18 30.50 0.00 0.00 HOLD
106.638	>>> V 0.00 0.00
106.641	S 6256056 -13.18 30.50 0.00 0.00 HOLD
106.669	>>> V 0.00 0.00
106.669	S 6256076 -13.18 30.50 0.00 0.00 HOLD
106.679	>>> V 0.00 0.00
106.679	S 6256096 -13.18 30.59 0.00 0.00 HOLD
106.700	>>> V 0.00 0.00
106.703	S 6256116 -13.18 30.50 0.00 0.00 HOLD
106.718	>>> V 0.00 0.00
106.720	S 6256136 -13.18 30.50 0.00 0.00 HOLD
106.744	>>> V 0.00 0.00
106.747	S 6256156 -13.18 30.50 0.00 0.00 HOLD
106.766	>>> V 0.00 0.00
106.768	S 6256176 -13.18 30.50 0.00 0.00 HOLD
106.787	>>> V 0.00 0.00
106.788	S 6256196 -13.18 30.50 0.00 0.00 HOLD
106.799	>>> V 0.00 0.00
106.801	S 6256216 -13.18 30.50 0.00 0.00 HOLD
106.822	>>> V 0.00 0.00
106.826	S 6256236 -13.18 30.50 0.00 0.00 HOLD
106.849	>>> V 0.00 0.00
106.850	S 6256256 -13.18 30.50 0.00 0.00 HOLD
106.866	>>> V 0.00 0.00
106.875	S 6256276 -13.18 30.50 0.00 0.00 HOLD
106.886	>>> V 0.00 0.00
106.900	S 6256296 -13.18 30.50 0.00 0.00 HOLD
106.902	S 6256316 -13.18 30.50 0.00 0.00 HOLD
106.918	>>> V 0.00 0.00
106.919	S 6256336 -13.18 30.50 0.00 0.00 HOLD
106.940	>>> V 0.00 0.00
106.941	S 6256356 -13.18 30.50 0.00 0.00 HOLD
106.958	>>> V 0.00 0.00
106.960	S 6256376 -13.18 30.50 0.00 0.00 HOLD
106.980	>>> V 0.00 0.00
106.981	S 6256396 -13.18 30.50 0.00 0.00 HOLD
107.001	>>> V 0.00 0.00
107.001	S 6256416 -13.18 30.50 0.00 0.00 HOLD
107.017	>>> V 0.00 0.00
107.020	S 6256436 -13.18 30.50 0.00 0.00 HOLD
107.038	>>> V 0.00 0.00
107.039	S 6256456 -13.18 30.50 0.00 0.00 HOLD
107.063	>>> V 0.00 0.00
107.065	S 6256476 -13.27 30.50 0.00 0.00 HOLD
107.083	>>> V 0.00 0.00
107.083	S 6256496 -13.18 30.50 0.00 0.00 HOLD
107.097	>>> V 0.00 0.00
107.098	S 6256516 -13.18 30.50 0.00 0.00 HOLD
107.134	>>> V 0.00 0.00
107.135	S 6256536 -13.18 30.50 0.00 0.00 HOLD
107.146	>>> V 0.00 0.00
107.147	S 6256556 -13.18 30.50 0.00 0.00 HOLD
107.167	>>> V 0.00 0.00
107.169	S 6256576 -13.18 30.50 0.00 0.00 HOLD
107.184	>>> V 0.00 0.00
107.187	S 6256596 -13.18 30.50 0.00 0.00 HOLD
107.209	>>> V 0.00 0.00
107.211	S 6256616 -13.27 30.50 0.00 0.00 HOLD
107.230	>>> V 0.00 0.00
107.231	S 6256636 -13.18 30.50 0.00 0.00 HOLD
107.240	>>> V 0.00 0.00
107.240	S 6256656 -13.18 30.50 0.00 0.00 HOLD
107.262	>>> V 0.00 0.00
107.262	S 6256676 -13.18 30.50 0.00 0.00 HOLD
107.279	>>> V 0.00 0.00
107.280	S 6256696 -13.18 30.50 0.00 0.00 HOLD
107.302	>>> V 0.00 0.00
107.303	S 6256716 -13.18 30.50 0.00 0.00 HOLD
107.327	>>> V 0.00 0.00
107.346	S 6256736 -13.18 30.50 0.00 0.00 HOLD
107.351	S 6256756 -13.18 30.50 0.00 0.00 HOLD
107.369	>>> V 0.00 0.00
107.371	S 6256776 -13.18 30.50 0.00 0.00 HOLD
107.378	>>> V 0.00 0.00
107.379	S 6256796 -13.18 30.50 0.00 0.00 HOLD
107.398	>>> V 0.00 0.00
107.399	S 6256816 -13.18 30.50 0.00 0.00 HOLD
107.418	>>> V 0.00 0.00
107.418	S 6256836 -13.18 30.50 0.00 0.00 HOLD
107.437	>>> V 0.00 0.00
107.438	S 6256856 -13.18 30.50 0.00 0.00 HOLD
107.458	>>> V 0.00 0.00
107.460	S 6256876 -13.18 30.59 0.00 0.00 HOLD
107.478	>>> V 0.00 0.00
107.478	S 6256896 -13.18 30.50 0.00 0.00 HOLD
107.500	>>> V 0.00 0.00
107.502	S 6256916 -13.18 30.50 0.00 0.00 HOLD
107.519	>>> V 0.00 0.00
107.521	S 6256936 -13.18 30.50 0.00 0.00 HOLD
107.552	>>> V 0.00 0.00
107.553	S 6256956 -13.18 30.50 0.00 0.00 HOLD
107.573	>>> V 0.00 0.00
107.574	S 6256976 -13.18 30.50 0.00 0.00 HOLD
107.582	>>> V 0.00 0.00
107.584	S 6256996 -13.18 30.50 0.00 0.00 HOLD
107.602	>>> V 0.00 0.00
107.603	S 6257016 -13.18 30.50 0.00 0.00 HOLD
107.620	>>> V 0.00 0.00
107.621	S 6257036 -13.18 30.50 0.00 0.00 HOLD
107.642	>>> V 0.00 0.00
107.643	S 6257056 -13.18 30.50 0.00 0.00 HOLD
107.660	>>> V 0.00 0.00
107.661	S 6257076 -13.18 30.50 0.00 0.00 HOLD
107.679	>>> V 0.00 0.00
107.682	S 6257096 -13.18 30.50 0.00 0.00 HOLD
107.699	>>> V 0.00 0.00
107.702	S 6257116 -13.18 30.50 0.00 0.00 HOLD
107.719	>>> V 0.00 0.00
107.719	S 6257136 -13.18 30.50 0.00 0.00 HOLD
107.741	>>> V 0.00 0.00
107.741	S 6257156 -13.18 30.50 0.00 0.00 HOLD
107.758	>>> V 0.00 0.00
107.758	S 6257176 -13.18 30.50 0.00 0.00 HOLD
107.780	>>> V 0.00 0.00
107.783	S 6257196 -13.18 30.50 0.00 0.00 HOLD
107.803	>>> V 0.00 0.00
107.805	S 6257216 -13.18 30.50 0.00 0.00 HOLD
107.822	>>> V 0.00 0.00
107.822	S 6257236 -13.27 30.50 0.00 0.00 HOLD
107.839	>>> V 0.00 0.00
107.842	S 6257256 -13.18 30.50 0.00 0.00 HOLD
107.860	>>> V 0.00 0.00
107.860	S 6257276 -13.18 30.50 0.00 0.00 HOLD
107.880	>>> V 0.00 0.00
107.882	S 6257296 -13.18 30.50 0.00 0.00 HOLD
107.901	>>> V 0.00 0.00
107.902	S 6257316 -13.18 30.50 0.00 0.00 HOLD
107.918	>>> V 0.00 0.00
107.919	S 6257336 -13.18 30.50 0.00 0.00 HOLD
107.941	>>> V 0.00 0.00
107.942	S 6257356 -13.18 30.50 0.00 0.00 HOLD
107.970	>>> V 0.00 0.00
107.971	S 6257376 -13.18 30.50 0.00 0.00 HOLD
107.977	>>> V 0.00 0.00
107.978	S 6257396 -13.18 30.50 0.00 0.00 HOLD
107.998	>>> V 0.00 0.00
107.998	S 6257416 -13.18 30.50 0.00 0.00 HOLD
108.025	>>> V 0.00 0.00
108.026	S 6257436 -13.18 30.50 0.00 0.00 HOLD
108.041	>>> V 0.00 0.00
108.044	S 6257456 -13.18 30.50 0.00 0.00 HOLD
108.060	>>> V 0.00 0.00
108.073	S 6257476 -13.18 30.50 0.00 0.00 HOLD
108.083	>>> V 0.00 0.00
108.085	S 6257496 -13.18 30.50 0.00 0.00 HOLD
108.102	>>> V 0.00 0.00
108.103	S 6257516 -13.18 30.50 0.00 0.00 HOLD
108.120	>>> V 0.00 0.00
108.122	S 6257536 -13.18 30.50 0.00 0.00 HOLD
108.143	>>> V 0.00 0.00
108.146	S 6257556 -13.18 30.50 0.00 0.00 HOLD
108.166	>>> V 0.00 0.00
108.168	S 6257576 -13.18 30.50 0.00 0.00 HOLD
108.181	>>> V 0.00 0.00
108.183	S 6257596 -13.18 30.50 0.00 0.00 HOLD
108.211	>>> V 0.00 0.00
108.216	S 6257616 -13.18 30.59 0.00 0.00 HOLD
108.224	>>> V 0.00 0.00
108.226	S 6257636 -13.18 30.50 0.00 0.00 HOLD
108.241	>>> V 0.00 0.00
108.249	S 6257656 -13.18 30.50 0.00 0.00 HOLD
108.267	>>> V 0.00 0.00
108.269	S 6257676 -13.18 30.50 0.00 0.00 HOLD
108.287	>>> V 0.00 0.00
108.296	S 6257696 -13.18 30.50 0.00 0.00 HOLD
108.355	>>> V 0.00 0.00
108.357	S 6257716 -13.18 30.59 0.00 0.00 HOLD
108.359	S 6257736 -13.18 30.50 0.00 0.00 HOLD
108.363	S 6257756 -13.18 30.50 0.00 0.00 HOLD
108.379	>>> V 0.00 0.00
108.381	S 6257776 -13.18 30.50 0.00 0.00 HOLD
108.382	S 6257796 -13.18 30.50 0.00 0.00 HOLD
108.403	>>> V 0.00 0.00
108.404	S 6257816 -13.18 30.50 0.00 0.00 HOLD
108.420	>>> V 0.00 0.00
108.421	S 6257836 -13.18 30.50 0.00 0.00 HOLD
108.441	>>> V 0.00 0.00
108.446	S 6257856 -13.18 30.50 0.00 0.00 HOLD
108.458	>>> V 0.00 0.00
108.461	S 6257876 -13.18 30.59 0.00 0.00 HOLD
108.492	>>> V 0.00 0.00
108.492	S 6257896 -13.18 30.59 0.00 0.00 HOLD
108.509	>>> V 0.00 0.00
108.509	S 6257916 -13.18 30.50 0.00 0.00 HOLD
108.519	>>> V 0.00 0.00
108.523	S 6257936 -13.18 30.50 0.00 0.00 HOLD
108.539	>>> V 0.00 0.00
108.539	S 6257956 -13.18 30.50 0.00 0.00 HOLD
108.560	>>> V 0.00 0.00
108.563	S 6257976 -13.18 30.50 0.00 0.00 HOLD
108.579	>>> V 0.00 0.00
108.581	S 6257996 -13.18 30.50 0.00 0.00 HOLD
108.611	>>> V 0.00 0.00
108.616	S 6258016 -13.18 30.50 0.00 0.00 HOLD
108.633	>>> V 0.00 0.00
108.634	S 6258036 -13.18 30.59 0.00 0.00 HOLD
108.664	>>> V 0.00 0.00
108.664	S 6258056 -13.18 30.50 0.00 0.00 HOLD
108.674	S 6258076 -13.18 30.50 0.00 0.00 HOLD
108.690	>>> V 0.00 0.00
108.691	S 6258096 -13.27 30.50 0.00 0.00 HOLD
108.712	>>> V 0.00 0.00
108.712	S 6258116 -13.18 30.50 0.00 0.00 HOLD
108.720	>>> V 0.00 0.00
108.720	S 6258136 -13.18 30.50 0.00 0.00 HOLD
108.740	>>> V 0.00 0.00
108.740	S 6258156 -13.18 30.50 0.00 0.00 HOLD
108.758	>>> V 0.00 0.00
108.760	S 6258176 -13.18 30.50 0.00 0.00 HOLD
108.777	>>> V 0.00 0.00
108.797	>>> V 0.00 0.00
108.798	S 6258196 -13.18 30.50 0.00 0.00 HOLD
108.821	>>> V 0.00 0.00
108.824	S 6258216 -13.18 30.50 0.00 0.00 HOLD
108.827	S 6258236 -13.18 30.50 0.00 0.00 HOLD
108.837	>>> V 0.00 0.00
108.838	S 6258256 -13.18 30.50 0.00 0.00 HOLD
108.862	>>> V 0.00 0.00
108.864	S 6258276 -13.27 30.50 0.00 0.00 HOLD
108.881	>>> V 0.00 0.00
108.882	S 6258296 -13.18 30.50 0.00 0.00 HOLD
108.900	>>> V 0.00 0.00
108.904	S 6258316 -13.18 30.50 0.00 0.00 HOLD
108.922	>>> V 0.00 0.00
108.923	S 6258336 -13.18 30.50 0.00 0.00 HOLD
108.949	>>> V 0.00 0.00
108.953	S 6258356 -13.18 30.50 0.00 0.00 HOLD
108.960	>>> V 0.00 0.00
108.961	S 6258376 -13.18 30.50 0.00 0.00 HOLD
108.983	>>> V 0.00 0.00
108.983	S 6258396 -13.27 30.50 0.00 0.00 HOLD
109.001	>>> V 0.00 0.00
109.003	S 6258416 -13.18 30.50 0.00 0.00 HOLD
109.021	>>> V 0.00 0.00
109.022	S 6258436 -13.18 30.50 0.00 0.00 HOLD
109.042	>>> V 0.00 0.00
109.046	S 6258456 -13.18 30.50 0.00 0.00 HOLD
109.059	>>> V 0.00 0.00
109.060	S 6258476 -13.18 30.50 0.00 0.00 HOLD
109.080	>>> V 0.00 0.00
109.084	S 6258496 -13.18 30.50 0.00 0.00 HOLD
109.103	>>> V 0.00 0.00
109.106	S 6258516 -13.18 30.50 0.00 0.00 HOLD
109.130	>>> V 0.00 0.00
109.130	S 6258536 -13.18 30.50 0.00 0.00 HOLD
109.141	>>> V 0.00 0.00
109.143	S 6258556 -13.18 30.50 0.00 0.00 HOLD
109.161	>>> V 0.00 0.00
109.165	S 6258576 -13.18 30.50 0.00 0.00 HOLD
109.183	>>> V 0.00 0.00
109.184	S 6258596 -13.18 30.50 0.00 0.00 HOLD
109.200	>>> V 0.00 0.00
109.204	S 6258616 -13.18 30.50 0.00 0.00 HOLD
109.221	>>> V 0.00 0.00
109.223	S 6258636 -13.18 30.50 0.00 0.00 HOLD
109.244	>>> V 0.00 0.00
109.249	S 6258656 -13.18 30.50 0.00 0.00 HOLD
109.259	>>> V 0.00 0.00
109.262	S 6258676 -13.18 30.50 0.00 0.00 HOLD
109.281	>>> V 0.00 0.00
109.284	S 6258696 -13.18 30.50 0.00 0.00 HOLD
109.302	>>> V 0.00 0.00
109.306	S 6258716 -13.18 30.50 0.00 0.00 HOLD
109.335	>>> V 0.00 0.00
109.338	S 6258736 -13.18 30.50 0.00 0.00 HOLD
109.339	S 6258756 -13.18 30.50 0.00 0.00 HOLD
109.345	>>> V 0.00 0.00
109.365	>>> V 0.00 0.00
109.368	S 6258776 -13.18 30.50 0.00 0.00 HOLD
109.389	>>> V 0.00 0.00
109.394	S 6258796 -13.18 30.50 0.00 0.00 HOLD
109.403	>>> V 0.00 0.00
109.405	S 6258816 -13.18 30.50 0.00 0.00 HOLD
109.431	>>> V 0.00 0.00
109.432	S 6258836 -13.18 30.50 0.00 0.00 HOLD
109.440	>>> V 0.00 0.00
109.441	S 6258856 -13.18 30.50 0.00 0.00 HOLD
109.461	>>> V 0.00 0.00
109.461	S 6258876 -13.18 30.50 0.00 0.00 HOLD
109.499	>>> V 0.00 0.00
109.500	S 6258896 -13.27 30.50 0.00 0.00 HOLD
109.502	S 6258916 -13.18 30.50 0.00 0.00 HOLD
109.516	>>> V 0.00 0.00
109.519	S 6258936 -13.18 30.50 0.00 0.00 HOLD
109.530	>>> V 0.00 0.00
109.541	>>> V 0.00 0.00
109.542	S 6258956 -13.18 30.50 0.00 0.00 HOLD
109.562	>>> V 0.00 0.00
109.565	S 6258976 -13.18 30.50 0.00 0.00 HOLD
109.581	>>> V 0.00 0.00
109.584	S 6258996 -13.18 30.50 0.00 0.00 HOLD
109.608	>>> V 0.00 0.00
109.610	S 6259016 -13.18 30.50 0.00 0.00 HOLD
109.618	>>> V 0.00 0.00
109.618	S 6259036 -13.18 30.50 0.00 0.00 HOLD
109.639	>>> V 0.00 0.00
109.639	S 6259056 -13.18 30.50 0.00 0.00 HOLD
109.658	>>> V 0.00 0.00
109.661	S 6259076 -13.18 30.50 0.00 0.00 HOLD
109.683	>>> V 0.00 0.00
109.685	S 6259096 -13.18 30.50 0.00 0.00 HOLD
109.709	>>> V 0.00 0.00
109.709	S 6259116 -13.18 30.50 0.00 0.00 HOLD
109.718	>>> V 0.00 0.00
109.719	S 6259136 -13.18 30.50 0.00 0.00 HOLD
109.746	>>> V 0.00 0.00
109.746	S 6259156 -13.18 30.50 0.00 0.00 HOLD
109.759	>>> V 0.00 0.00
109.759	S 6259176 -13.18 30.50 0.00 0.00 HOLD
109.777	>>> V 0.00 0.00
109.779	S 6259196 -13.18 30.50 0.00 0.00 HOLD
109.798	>>> V 0.00 0.00
109.801	S 6259216 -13.18 30.50 0.00 0.00 HOLD
109.818	>>> V 0.00 0.00
109.819	S 6259236 -13.18 30.50 0.00 0.00 HOLD
109.839	>>> V 0.00 0.00
109.840	S 6259256 -13.18 30.50 0.00 0.00 HOLD
109.858	>>> V 0.00 0.00
109.858	S 6259276 -13.18 30.50 0.00 0.00 HOLD
109.878	>>> V 0.00 0.00
109.878	S 6259296 -13.18 30.50 0.00 0.00 HOLD
109.901	>>> V 0.00 0.00
109.903	S 6259316 -13.18 30.50 0.00 0.00 HOLD
109.919	>>> V 0.00 0.00
109.919	S 6259336 -13.18 30.50 0.00 0.00 HOLD
109.939	>>> V 0.00 0.00
109.955	S 6259356 -13.18 30.50 0.00 0.00 HOLD
109.966	>>> V 0.00 0.00
109.966	S 6259376 -13.18 30.50 0.00 0.00 HOLD
110.012	>>> V 0.00 0.00
110.013	S 6259396 -13.18 30.50 0.00 0.00 HOLD
110.014	S 6259416 -13.18 30.50 0.00 0.00 HOLD
110.025	>>> V 0.00 0.00
110.028	S 6259436 -13.18 30.50 0.00 0.00 HOLD
110.038	>>> V 0.00 0.00
110.045	S 6259456 -13.18 30.50 0.00 0.00 HOLD
110.058	>>> V 0.00 0.00
110.058	S 6259476 -13.18 30.50 0.00 0.00 HOLD
110.087	>>> V 0.00 0.00
110.087	S 6259496 -13.18 30.50 0.00 0.00 HOLD
110.110	>>> V 0.00 0.00
110.112	S 6259516 -13.18 30.50 0.00 0.00 HOLD
110.122	>>> V 0.00 0.00
110.122	S 6259536 -13.18 30.50 0.00 0.00 HOLD
110.138	>>> V 0.00 0.00
110.145	S 6259556 -13.18 30.50 0.00 0.00 HOLD
110.159	>>> V 0.00 0.00
110.159	S 6259576 -13.18 30.50 0.00 0.00 HOLD
110.183	>>> V 0.00 0.00
110.183	S 6259596 -13.18 30.50 0.00 0.00 HOLD
110.203	>>> V 0.00 0.00
110.204	S 6259616 -13.18 30.50 0.00 0.00 HOLD
110.217	>>> V 0.00 0.00
110.218	S 6259636 -13.18 30.50 0.00 0.00 HOLD
110.238	>>> V 0.00 0.00
110.240	S 6259656 -13.18 30.50 0.00 0.00 HOLD
110.259	>>> V 0.00 0.00
110.259	S 6259676 -13.27 30.50 0.00 0.00 HOLD
110.278	>>> V 0.00 0.00
110.280	S 6259696 -13.18 30.50 0.00 0.00 HOLD
110.299	>>> V 0.00 0.00
110.300	S 6259716 -13.18 30.50 0.00 0.00 HOLD
110.319	>>> V 0.00 0.00
110.319	S 6259736 -13.18 30.50 0.00 0.00 HOLD
110.338	>>> V 0.00 0.00
110.360	>>> V 0.00 0.00
110.363	S 6259756 -13.18 30.50 0.00 0.00 HOLD
110.364	S 6259776 -13.27 30.50 0.00 0.00 HOLD
110.378	>>> V 0.00 0.00
110.384	S 6259796 -13.18 30.50 0.00 0.00 HOLD
110.401	>>> V 0.00 0.00
110.402	S 6259816 -13.18 30.50 0.00 0.00 HOLD
110.421	>>> V 0.00 0.00
110.422	S 6259836 -13.18 30.50 0.00 0.00 HOLD
110.452	>>> V 0.00 0.00
110.455	S 6259856 -13.18 30.50 0.00 0.00 HOLD
110.475	>>> V 0.00 0.00
110.476	S 6259876 -13.18 30.50 0.00 0.00 HOLD
110.483	>>> V 0.00 0.00
110.483	S 6259896 -13.18 30.50 0.00 0.00 HOLD
110.498	>>> V 0.00 0.00
110.502	S 6259916 -13.18 30.50 0.00 0.00 HOLD
110.519	>>> V 0.00 0.00
110.520	S 6259936 -13.18 30.50 0.00 0.00 HOLD
110.540	>>> V 0.00 0.00
110.541	S 6259956 -13.18 30.50 0.00 0.00 HOLD
110.559	>>> V 0.00 0.00
110.562	S 6259976 -13.18 30.50 0.00 0.00 HOLD
110.579	>>> V 0.00 0.00
110.579	S 6259996 -13.18 30.50 0.00 0.00 HOLD
110.598	>>> V 0.00 0.00
110.600	S 6260016 -13.18 30.50 0.00 0.00 HOLD
110.624	>>> V 0.00 0.00
110.624	S 6260036 -13.18 30.50 0.00 0.00 HOLD
110.644	>>> V 0.00 0.00
110.645	S 6260056 -13.18 30.50 0.00 0.00 HOLD
110.664	>>> V 0.00 0.00
110.665	S 6260076 -13.18 30.50 0.00 0.00 HOLD
110.684	>>> V 0.00 0.00
110.684	S 6260096 -13.18 30.50 0.00 0.00 HOLD
110.710	>>> V 0.00 0.00
110.711	S 6260116 -13.18 30.50 0.00 0.00 HOLD
110.728	>>> V 0.00 0.00
110.729	S 6260136 -13.18 30.50 0.00 0.00 HOLD
110.748	>>> V 0.00 0.00
110.749	S 6260156 -13.18 30.50 0.00 0.00 HOLD
110.758	>>> V 0.00 0.00
110.769	S 6260176 -13.18 30.50 0.00 0.00 HOLD
110.779	>>> V 0.00 0.00
110.780	S 6260196 -13.18 30.50 0.00 0.00 HOLD
110.798	>>> V 0.00 0.00
110.798	S 6260217 -13.18 30.50 0.00 0.00 HOLD
110.817	>>> V 0.00 0.00
110.838	>>> V 0.00 0.00
110.839	S 6260237 -13.18 30.50 0.00 0.00 HOLD
110.840	S 6260257 -13.18 30.50 0.00 0.00 HOLD
110.860	>>> V 0.00 0.00
110.861	S 6260277 -13.18 30.59 0.00 0.00 HOLD
110.882	>>> V 0.00 0.00
110.882	S 6260297 -13.18 30.50 0.00 0.00 HOLD
110.900	>>> V 0.00 0.00
110.900	S 6260317 -13.18 30.50 0.00 0.00 HOLD
110.919	>>> V 0.00 0.00
110.920	S 6260337 -13.18 30.50 0.00 0.00 HOLD
110.938	>>> V 0.00 0.00
110.942	S 6260357 -13.18 30.59 0.00 0.00 HOLD
110.958	>>> V 0.00 0.00
110.962	S 6260377 -13.18 30.50 0.00 0.00 HOLD
110.982	>>> V 0.00 0.00
110.983	S 6260397 -13.18 30.50 0.00 0.00 HOLD
111.008	>>> V 0.00 0.00
111.010	S 6260417 -13.18 30.50 0.00 0.00 HOLD
111.022	>>> V 0.00 0.00
111.022	S 6260437 -13.18 30.50 0.00 0.00 HOLD
111.040	>>> V 0.00 0.00
111.041	S 6260457 -13.18 30.50 0.00 0.00 HOLD
111.061	>>> V 0.00 0.00
111.061	S 6260477 -13.18 30.50 0.00 0.00 HOLD
111.077	>>> V 0.00 0.00
111.079	S 6260497 -13.18 30.50 0.00 0.00 HOLD
111.099	>>> V 0.00 0.00
111.099	S 6260517 -13.18 30.50 0.00 0.00 HOLD
111.118	>>> V 0.00 0.00
111.118	S 6260537 -13.18 30.50 0.00 0.00 HOLD
111.140	>>> V 0.00 0.00
111.143	S 6260557 -13.18 30.50 0.00 0.00 HOLD
111.158	>>> V 0.00 0.00
111.159	S 6260577 -13.18 30.50 0.00 0.00 HOLD
111.179	>>> V 0.00 0.00
111.180	S 6260597 -13.18 30.50 0.00 0.00 HOLD
111.198	>>> V 0.00 0.00
111.199	S 6260617 -13.18 30.50 0.00 0.00 HOLD
111.218	>>> V 0.00 0.00
111.221	S 6260637 -13.18 30.50 0.00 0.00 HOLD
111.240	>>> V 0.00 0.00
111.241	S 6260657 -13.18 30.50 0.00 0.00 HOLD
111.259	>>> V 0.00 0.00
111.260	S 6260677 -13.18 30.50 0.00 0.00 HOLD
111.281	>>> V 0.00 0.00
111.285	S 6260697 -13.18 30.50 0.00 0.00 HOLD
111.303	>>> V 0.00 0.00
111.311	S 6260717 -13.18 30.50 0.00 0.00 HOLD
111.324	>>> V 0.00 0.00
111.354	S 6260737 -13.18 30.50 0.00 0.00 HOLD
111.364	>>> V 0.00 0.00
111.366	S 6260757 -13.18 30.50 0.00 0.00 HOLD
111.369	S 6260777 -13.27 30.50 0.00 0.00 HOLD
111.379	>>> V 0.00 0.00
111.381	S 6260797 -13.18 30.50 0.00 0.00 HOLD
111.399	>>> V 0.00 0.00
111.402	S 6260817 -13.18 30.50 0.00 0.00 HOLD
111.419	>>> V 0.00 0.00
111.422	S 6260837 -13.18 30.50 0.00 0.00 HOLD
111.438	>>> V 0.00 0.00
111.439	S 6260857 -13.18 30.50 0.00 0.00 HOLD
111.459	>>> V 0.00 0.00
111.459	S 6260877 -13.18 30.50 0.00 0.00 HOLD
111.481	>>> V 0.00 0.00
111.483	S 6260897 -13.18 30.50 0.00 0.00 HOLD
111.513	>>> V 0.00 0.00
111.514	S 6260917 -13.18 30.50 0.00 0.00 HOLD
111.520	>>> V 0.00 0.00
111.520	S 6260937 -13.18 30.50 0.00 0.00 HOLD
111.542	>>> V 0.00 0.00
111.543	S 6260957 -13.18 30.50 0.00 0.00 HOLD
111.558	>>> V 0.00 0.00
111.559	S 6260977 -13.18 30.50 0.00 0.00 HOLD
111.592	>>> V 0.00 0.00
111.597	S 6260997 -13.18 30.50 0.00 0.00 HOLD
111.610	>>> V 0.00 0.00
111.633	S 6261017 -13.18 30.50 0.00 0.00 HOLD
111.635	S 6261037 -13.18 30.50 0.00 0.00 HOLD
111.640	>>> V 0.00 0.00
111.641	S 6261057 -13.18 30.50 0.00 0.00 HOLD
111.658	>>> V 0.00 0.00
111.660	S 6261077 -13.18 30.50 0.00 0.00 HOLD
111.678	>>> V 0.00 0.00
111.697	>>> V 0.00 0.00
111.699	S 6261097 -13.18 30.50 0.00 0.00 HOLD
111.701	S 6261117 -13.18 30.50 0.00 0.00 HOLD
111.720	>>> V 0.00 0.00
111.725	S 6261137 -13.18 30.50 0.00 0.00 HOLD
111.743	>>> V 0.00 0.00
111.744	S 6261157 -13.18 30.50 0.00 0.00 HOLD
111.775	>>> V 0.00 0.00
111.775	S 6261177 -13.18 30.50 0.00 0.00 HOLD
111.785	>>> V 0.00 0.00
111.789	S 6261197 -13.18 30.50 0.00 0.00 HOLD
111.800	>>> V 0.00 0.00
111.800	S 6261217 -13.18 30.50 0.00 0.00 HOLD
111.821	>>> V 0.00 0.00
111.822	S 6261237 -13.18 30.50 0.00 0.00 HOLD
111.838	>>> V 0.00 0.00
111.840	S 6261257 -13.18 30.50 0.00 0.00 HOLD
111.861	>>> V 0.00 0.00
111.862	S 6261277 -13.18 30.50 0.00 0.00 HOLD
111.879	>>> V 0.00 0.00
111.881	S 6261297 -13.18 30.50 0.00 0.00 HOLD
111.899	>>> V 0.00 0.00
111.900	S 6261317 -13.18 30.50 0.00 0.00 HOLD
111.920	>>> V 0.00 0.00
111.921	S 6261337 -13.18 30.50 0.00 0.00 HOLD
111.938	>>> V 0.00 0.00
111.939	S 6261357 -13.18 30.50 0.00 0.00 HOLD
111.959	>>> V 0.00 0.00
111.963	S 6261377 -13.18 30.50 0.00 0.00 HOLD
111.978	>>> V 0.00 0.00
111.982	S 6261397 -13.18 30.50 0.00 0.00 HOLD
112.001	>>> V 0.00 0.00
112.002	S 6261417 -13.18 30.50 0.00 0.00 HOLD
112.018	>>> V 0.00 0.00
112.019	S 6261437 -13.18 30.50 0.00 0.00 HOLD
112.042	>>> V 0.00 0.00
112.042	S 6261457 -13.18 30.50 0.00 0.00 HOLD
112.058	>>> V 0.00 0.00
112.063	S 6261477 -13.18 30.50 0.00 0.00 HOLD
112.079	>>> V 0.00 0.00
112.079	S 6261497 -13.18 30.50 0.00 0.00 HOLD
112.098	>>> V 0.00 0.00
112.102	S 6261517 -13.18 30.50 0.00 0.00 HOLD
112.122	>>> V 0.00 0.00
112.126	S 6261537 -13.18 30.50 0.00 0.00 HOLD
112.149	>>> V 0.00 0.00
112.156	S 6261557 -13.18 30.50 0.00 0.00 HOLD
112.188	>>> V 0.00 0.00
112.189	S 6261577 -13.18 30.50 0.00 0.00 HOLD
112.196	S 6261597 -13.18 30.50 0.00 0.00 HOLD
112.203	>>> V 0.00 0.00
112.204	S 6261617 -13.18 30.50 0.00 0.00 HOLD
112.219	>>> V 0.00 0.00
112.223	S 6261637 -13.18 30.50 0.00 0.00 HOLD
112.245	>>> V 0.00 0.00
112.248	S 6261657 -13.18 30.50 0.00 0.00 HOLD
112.257	>>> V 0.00 0.00
112.264	S 6261677 -13.18 30.50 0.00 0.00 HOLD
112.285	>>> V 0.00 0.00
112.288	S 6261697 -13.18 30.50 0.00 0.00 HOLD
112.301	>>> V 0.00 0.00
112.302	S 6261717 -13.18 30.50 0.00 0.00 HOLD
112.318	>>> V 0.00 0.00
112.338	>>> V 0.00 0.00
112.344	S 6261737 -13.18 30.50 0.00 0.00 HOLD
112.347	S 6261757 -13.18 30.50 0.00 0.00 HOLD
112.364	>>> V 0.00 0.00
112.364	S 6261777 -13.18 30.50 0.00 0.00 HOLD
112.380	>>> V 0.00 0.00
112.381	S 6261797 -13.18 30.50 0.00 0.00 HOLD
112.400	>>> V 0.00 0.00
112.403	S 6261817 -13.18 30.50 0.00 0.00 HOLD
112.418	>>> V 0.00 0.00
112.419	S 6261837 -13.18 30.59 0.00 0.00 HOLD
112.438	>>> V 0.00 0.00
112.441	S 6261857 -13.18 30.50 0.00 0.00 HOLD
112.459	>>> V 0.00 0.00
112.462	S 6261877 -13.18 30.59 0.00 0.00 HOLD
112.485	>>> V 0.00 0.00
112.489	S 6261897 -13.18 30.50 0.00 0.00 HOLD
112.510	>>> V 0.00 0.00
112.512	S 6261917 -13.18 30.50 0.00 0.00 HOLD
112.519	>>> V 0.00 0.00
112.523	S 6261937 -13.18 30.50 0.00 0.00 HOLD
112.591	>>> V 0.00 0.00
112.595	S 6261957 -13.18 30.50 0.00 0.00 HOLD
112.607	S 6261977 -13.18 30.50 0.00 0.00 HOLD
112.633	S 6261997 -13.18 30.50 0.00 0.00 HOLD
112.645	>>> V 0.00 0.00
112.651	S 6262017 -13.18 30.50 0.00 0.00 HOLD
112.673	S 6262037 -13.18 30.50 0.00 0.00 HOLD
112.677	S 6262057 -13.18 30.50 0.00 0.00 HOLD
112.689	>>> V 0.00 0.00
112.690	S 6262077 -13.18 30.50 0.00 0.00 HOLD
112.730	S 6262097 -13.18 30.50 0.00 0.00 HOLD
112.740	>>> V 0.00 0.00
112.741	S 6262117 -13.18 30.50 0.00 0.00 HOLD
112.785	S 6262137 -13.18 30.59 0.00 0.00 HOLD
112.792	S 6262157 -13.18 30.50 0.00 0.00 HOLD
112.827	>>> V 0.00 0.00
112.831	S 6262177 -13.18 30.59 0.00 0.00 HOLD
112.835	S 6262197 -13.18 30.50 0.00 0.00 HOLD
112.850	S 6262217 -13.18 30.50 0.00 0.00 HOLD
112.858	S 6262237 -13.18 30.50 0.00 0.00 HOLD
112.868	>>> V 0.00 0.00
112.872	S 6262257 -13.18 30.50 0.00 0.00 HOLD
112.875	S 6262277 -13.18 30.50 0.00 0.00 HOLD
112.886	>>> V 0.00 0.00
112.890	S 6262297 -13.18 30.50 0.00 0.00 HOLD
112.911	>>> V 0.00 0.00
112.915	S 6262317 -13.18 30.50 0.00 0.00 HOLD
112.918	>>> V 0.00 0.00
112.941	>>> V 0.00 0.00
112.944	S 6262337 -13.18 30.50 0.00 0.00 HOLD
112.951	S 6262357 -13.18 30.50 0.00 0.00 HOLD
112.961	>>> V 0.00 0.00
112.963	S 6262377 -13.18 30.50 0.00 0.00 HOLD
112.979	>>> V 0.00 0.00
112.982	S 6262397 -13.18 30.50 0.00 0.00 HOLD
113.004	>>> V 0.00 0.00
113.011	S 6262417 -13.18 30.50 0.00 0.00 HOLD
113.040	>>> V 0.00 0.00
113.041	S 6262437 -13.18 30.50 0.00 0.00 HOLD
113.043	S 6262457 -13.18 30.50 0.00 0.00 HOLD
113.048	>>> V 0.00 0.00
113.058	>>> V 0.00 0.00
113.060	S 6262477 -13.18 30.50 0.00 0.00 HOLD
113.079	>>> V 0.00 0.00
113.079	S 6262497 -13.18 30.50 0.00 0.00 HOLD
113.097	>>> V 0.00 0.00
113.099	S 6262517 -13.18 30.50 0.00 0.00 HOLD
113.119	>>> V 0.00 0.00
113.122	S 6262537 -13.18 30.50 0.00 0.00 HOLD
113.141	>>> V 0.00 0.00
113.144	S 6262557 -13.18 30.50 0.00 0.00 HOLD
113.159	>>> V 0.00 0.00
113.162	S 6262577 -13.18 30.50 0.00 0.00 HOLD
113.183	>>> V 0.00 0.00
113.183	S 6262597 -13.18 30.50 0.00 0.00 HOLD
113.197	>>> V 0.00 0.00
113.200	S 6262617 -13.18 30.50 0.00 0.00 HOLD
113.220	>>> V 0.00 0.00
113.223	S 6262637 -13.18 30.50 0.00 0.00 HOLD
113.243	>>> V 0.00 0.00
113.246	S 6262657 -13.18 30.50 0.00 0.00 HOLD
113.267	>>> V 0.00 0.00
113.270	S 6262677 -13.18 30.50 0.00 0.00 HOLD
113.283	>>> V 0.00 0.00
113.284	S 6262697 -13.18 30.50 0.00 0.00 HOLD
113.301	>>> V 0.00 0.00
113.303	S 6262717 -13.18 30.50 0.00 0.00 HOLD
113.323	>>> V 0.00 0.00
113.323	S 6262737 -13.18 30.50 0.00 0.00 HOLD
113.338	>>> V 0.00 0.00
113.339	S 6262757 -13.27 30.50 0.00 0.00 HOLD
113.358	>>> V 0.00 0.00
113.359	S 6262777 -13.18 30.50 0.00 0.00 HOLD
113.377	>>> V 0.00 0.00
113.398	>>> V 0.00 0.00
113.399	S 6262797 -13.18 30.50 0.00 0.00 HOLD
113.399	S 6262817 -13.18 30.50 0.00 0.00 HOLD
113.419	>>> V 0.00 0.00
113.424	S 6262837 -13.18 30.50 0.00 0.00 HOLD
113.438	>>> V 0.00 0.00
113.443	S 6262857 -13.18 30.50 0.00 0.00 HOLD
113.462	>>> V 0.00 0.00
113.463	S 6262877 -13.18 30.50 0.00 0.00 HOLD
113.477	>>> V 0.00 0.00
113.480	S 6262897 -13.18 30.50 0.00 0.00 HOLD
113.506	>>> V 0.00 0.00
113.507	S 6262917 -13.18 30.50 0.00 0.00 HOLD
113.517	>>> V 0.00 0.00
113.538	>>> V 0.00 0.00
113.540	S 6262937 -13.18 30.50 0.00 0.00 HOLD
113.545	S 6262957 -13.27 30.50 0.00 0.00 HOLD
113.559	>>> V 0.00 0.00
113.561	S 6262977 -13.18 30.50 0.00 0.00 HOLD
113.578	>>> V 0.00 0.00
113.579	S 6262997 -13.18 30.50 0.00 0.00 HOLD
113.598	>>> V 0.00 0.00
113.602	S 6263017 -13.18 30.50 0.00 0.00 HOLD
113.619	>>> V 0.00 0.00
113.619	S 6263037 -13.18 30.50 0.00 0.00 HOLD
113.641	>>> V 0.00 0.00
113.642	S 6263057 -13.18 30.50 0.00 0.00 HOLD
113.661	>>> V 0.00 0.00
113.662	S 6263077 -13.18 30.50 0.00 0.00 HOLD
113.678	>>> V 0.00 0.00
113.700	>>> V 0.00 0.00
113.701	S 6263097 -13.18 30.50 0.00 0.00 HOLD
113.703	S 6263117 -13.18 30.50 0.00 0.00 HOLD
113.718	>>> V 0.00 0.00
113.719	S 6263137 -13.27 30.50 0.00 0.00 HOLD
113.741	>>> V 0.00 0.00
113.744	S 6263157 -13.18 30.50 0.00 0.00 HOLD
113.762	>>> V 0.00 0.00
113.766	S 6263177 -13.18 30.50 0.00 0.00 HOLD
113.777	>>> V 0.00 0.00
113.798	>>> V 0.00 0.00
113.800	S 6263197 -13.18 30.50 0.00 0.00 HOLD
113.803	S 6263217 -13.18 30.50 0.00 0.00 HOLD
113.819	>>> V 0.00 0.00
113.822	S 6263237 -13.18 30.50 0.00 0.00 HOLD
113.840	>>> V 0.00 0.00
113.841	S 6263257 -13.18 30.50 0.00 0.00 HOLD
113.858	>>> V 0.00 0.00
113.859	S 6263277 -13.18 30.50 0.00 0.00 HOLD
113.877	>>> V 0.00 0.00
113.898	>>> V 0.00 0.00
113.899	S 6263297 -13.18 30.59 0.00 0.00 HOLD
113.901	S 6263317 -13.18 30.50 0.00 0.00 HOLD
113.921	>>> V 0.00 0.00
113.922	S 6263337 -13.18 30.59 0.00 0.00 HOLD
113.938	>>> V 0.00 0.00
113.939	S 6263357 -13.18 30.50 0.00 0.00 HOLD
113.962	>>> V 0.00 0.00
113.963	S 6263377 -13.18 30.50 0.00 0.00 HOLD
113.978	>>> V 0.00 0.00
113.980	S 6263397 -13.18 30.50 0.00 0.00 HOLD
113.998	>>> V 0.00 0.00
113.999	S 6263417 -13.18 30.50 0.00 0.00 HOLD
114.018	>>> V 0.00 0.00
114.020	S 6263437 -13.18 30.50 0.00 0.00 HOLD
114.040	>>> V 0.00 0.00
114.041	S 6263457 -13.18 30.50 0.00 0.00 HOLD
114.058	>>> V 0.00 0.00
114.061	S 6263477 -13.18 30.50 0.00 0.00 HOLD
114.084	>>> V 0.00 0.00
114.085	S 6263497 -13.18 30.50 0.00 0.00 HOLD
114.101	>>> V 0.00 0.00
114.105	S 6263517 -13.27 30.50 0.00 0.00 HOLD
114.118	>>> V 0.00 0.00
114.138	>>> V 0.00 0.00
114.138	S 6263537 -13.18 30.50 0.00 0.00 HOLD
114.158	>>> V 0.00 0.00
114.160	S 6263557 -13.18 30.50 0.00 0.00 HOLD
114.165	S 6263577 -13.18 30.50 0.00 0.00 HOLD
114.181	>>> V 0.00 0.00
114.184	S 6263597 -13.18 30.50 0.00 0.00 HOLD
114.200	>>> V 0.00 0.00
114.200	S 6263617 -13.18 30.50 0.00 0.00 HOLD
114.218	>>> V 0.00 0.00
114.221	S 6263637 -13.18 30.50 0.00 0.00 HOLD
114.240	>>> V 0.00 0.00
114.240	S 6263657 -13.18 30.50 0.00 0.00 HOLD
114.258	>>> V 0.00 0.00
114.259	S 6263677 -13.18 30.50 0.00 0.00 HOLD
114.281	>>> V 0.00 0.00
114.284	S 6263697 -13.18 30.50 0.00 0.00 HOLD
114.306	>>> V 0.00 0.00
114.311	S 6263717 -13.18 30.50 0.00 0.00 HOLD
114.324	>>> V 0.00 0.00
114.325	S 6263737 -13.18 30.50 0.00 0.00 HOLD
114.338	>>> V 0.00 0.00
114.341	S 6263757 -13.18 30.50 0.00 0.00 HOLD
114.368	>>> V 0.00 0.00
114.368	S 6263777 -13.18 30.50 0.00 0.00 HOLD
114.378	>>> V 0.00 0.00
114.398	>>> V 0.00 0.00
114.398	S 6263797 -13.18 30.50 0.00 0.00 HOLD
114.419	>>> V 0.00 0.00
114.420	S 6263817 -13.18 30.50 0.00 0.00 HOLD
114.421	S 6263837 -13.27 30.50 0.00 0.00 HOLD
114.439	>>> V 0.00 0.00
114.443	S 6263857 -13.18 30.50 0.00 0.00 HOLD
114.470	>>> V 0.00 0.00
114.470	S 6263877 -13.27 30.50 0.00 0.00 HOLD
114.480	>>> V 0.00 0.00
114.482	S 6263897 -13.18 30.50 0.00 0.00 HOLD
114.501	>>> V 0.00 0.00
114.502	S 6263917 -13.18 30.50 0.00 0.00 HOLD
114.523	>>> V 0.00 0.00
114.527	S 6263937 -13.18 30.50 0.00 0.00 HOLD
114.546	>>> V 0.00 0.00
114.547	S 6263957 -13.18 30.50 0.00 0.00 HOLD
114.558	>>> V 0.00 0.00
114.560	S 6263977 -13.18 30.50 0.00 0.00 HOLD
114.581	>>> V 0.00 0.00
114.587	S 6263997 -13.18 30.50 0.00 0.00 HOLD
114.598	>>> V 0.00 0.00
114.622	>>> V 0.00 0.00
114.628	S 6264017 -13.18 30.50 0.00 0.00 HOLD
114.630	S 6264037 -13.18 30.50 0.00 0.00 HOLD
114.643	>>> V 0.00 0.00
114.643	S 6264057 -13.18 30.50 0.00 0.00 HOLD
114.661	>>> V 0.00 0.00
114.661	S 6264077 -13.18 30.50 0.00 0.00 HOLD
114.679	>>> V 0.00 0.00
114.681	S 6264097 -13.18 30.50 0.00 0.00 HOLD
114.699	>>> V 0.00 0.00
114.700	S 6264117 -13.18 30.50 0.00 0.00 HOLD
114.726	>>> V 0.00 0.00
114.728	S 6264137 -13.18 30.50 0.00 0.00 HOLD
114.739	>>> V 0.00 0.00
114.740	S 6264157 -13.18 30.50 0.00 0.00 HOLD
114.763	>>> V 0.00 0.00
114.763	S 6264177 -13.18 30.50 0.00 0.00 HOLD
114.780	>>> V 0.00 0.00
114.781	S 6264197 -13.18 30.50 0.00 0.00 HOLD
114.819	>>> V 0.00 0.00
114.822	S 6264217 -13.18 30.50 0.00 0.00 HOLD
114.823	S 6264237 -13.18 30.50 0.00 0.00 HOLD
114.839	>>> V 0.00 0.00
114.842	S 6264257 -13.18 30.50 0.00 0.00 HOLD
114.859	>>> V 0.00 0.00
114.861	S 6264277 -13.18 30.50 0.00 0.00 HOLD
114.878	>>> V 0.00 0.00
114.899	>>> V 0.00 0.00
114.902	S 6264297 -13.18 30.50 0.00 0.00 HOLD
114.906	S 6264317 -13.18 30.50 0.00 0.00 HOLD
114.918	>>> V 0.00 0.00
114.919	S 6264337 -13.18 30.50 0.00 0.00 HOLD
114.939	>>> V 0.00 0.00
114.943	S 6264357 -13.27 30.50 0.00 0.00 HOLD
114.959	>>> V 0.00 0.00
114.962	S 6264377 -13.18 30.50 0.00 0.00 HOLD
114.978	>>> V 0.00 0.00
115.005	>>> V 0.00 0.00
115.007	S 6264397 -13.18 30.50 0.00 0.00 HOLD
115.008	S 6264417 -13.18 30.50 0.00 0.00 HOLD
115.035	>>> V 0.00 0.00
115.035	S 6264437 -13.18 30.50 0.00 0.00 HOLD
115.051	>>> V 0.00 0.00
115.052	S 6264457 -13.18 30.50 0.00 0.00 HOLD
115.069	>>> V 0.00 0.00
115.070	S 6264477 -13.18 30.50 0.00 0.00 HOLD
115.089	>>> V 0.00 0.00
115.089	S 6264497 -13.18 30.50 0.00 0.00 HOLD
115.097	>>> V 0.00 0.00
115.141	>>> V 0.00 0.00
115.143	S 6264517 -13.18 30.50 0.00 0.00 HOLD
115.145	S 6264537 -13.27 30.50 0.00 0.00 HOLD
115.147	S 6264557 -13.27 30.50 0.00 0.00 HOLD
115.163	>>> V 0.00 0.00
115.166	S 6264577 -13.18 30.50 0.00 0.00 HOLD
115.181	>>> V 0.00 0.00
115.184	S 6264597 -13.18 30.50 0.00 0.00 HOLD
115.198	>>> V 0.00 0.00
115.218	>>> V 0.00 0.00
115.221	S 6264617 -13.18 30.50 0.00 0.00 HOLD
115.226	S 6264637 -13.18 30.50 0.00 0.00 HOLD
115.238	>>> V 0.00 0.00
115.239	S 6264657 -13.18 30.50 0.00 0.00 HOLD
115.258	>>> V 0.00 0.00
115.259	S 6264677 -13.18 30.50 0.00 0.00 HOLD
115.277	>>> V 0.00 0.00
115.302	>>> V 0.00 0.00
115.311	S 6264697 -13.18 30.50 0.00 0.00 HOLD
115.318	S 6264717 -13.18 30.50 0.00 0.00 HOLD
115.349	>>> V 0.00 0.00
115.354	S 6264737 -13.18 30.50 0.00 0.00 HOLD
115.358	S 6264757 -13.18 30.50 0.00 0.00 HOLD
115.364	>>> V 0.00 0.00
115.367	S 6264777 -13.18 30.50 0.00 0.00 HOLD
115.380	>>> V 0.00 0.00
115.381	S 6264797 -13.18 30.50 0.00 0.00 HOLD
115.399	>>> V 0.00 0.00
115.402	S 6264817 -13.18 30.50 0.00 0.00 HOLD
115.418	>>> V 0.00 0.00
115.433	S 6264837 -13.18 30.50 0.00 0.00 HOLD
115.442	>>> V 0.00 0.00
115.443	S 6264857 -13.18 30.50 0.00 0.00 HOLD
115.461	>>> V 0.00 0.00
115.462	S 6264877 -13.18 30.50 0.00 0.00 HOLD
115.495	>>> V 0.00 0.00
115.496	S 6264897 -13.18 30.50 0.00 0.00 HOLD
115.511	>>> V 0.00 0.00
115.511	S 6264917 -13.18 30.50 0.00 0.00 HOLD
115.525	>>> V 0.00 0.00
115.525	S 6264937 -13.18 30.50 0.00 0.00 HOLD
115.540	>>> V 0.00 0.00
115.544	S 6264957 -13.18 30.50 0.00 0.00 HOLD
115.558	>>> V 0.00 0.00
115.560	S 6264977 -13.18 30.59 0.00 0.00 HOLD
115.578	>>> V 0.00 0.00
115.601	>>> V 0.00 0.00
115.602	S 6264997 -13.18 30.50 0.00 0.00 HOLD
115.608	S 6265017 -13.18 30.50 0.00 0.00 HOLD
115.617	>>> V 0.00 0.00
115.638	>>> V 0.00 0.00
115.640	S 6265037 -13.18 30.50 0.00 0.00 HOLD
115.641	S 6265057 -13.18 30.50 0.00 0.00 HOLD
115.678	>>> V 0.00 0.00
115.679	S 6265077 -13.18 30.50 0.00 0.00 HOLD
115.681	>>> V 0.00 0.00
115.684	S 6265097 -13.18 30.50 0.00 0.00 HOLD
115.700	>>> V 0.00 0.00
115.701	S 6265117 -13.18 30.50 0.00 0.00 HOLD
115.718	>>> V 0.00 0.00
115.719	S 6265137 -13.18 30.50 0.00 0.00 HOLD
115.739	>>> V 0.00 0.00
115.740	S 6265157 -13.18 30.50 0.00 0.00 HOLD
115.758	>>> V 0.00 0.00
115.784	>>> V 0.00 0.00
115.784	S 6265177 -13.18 30.50 0.00 0.00 HOLD
115.786	S 6265197 -13.18 30.50 0.00 0.00 HOLD
115.802	>>> V 0.00 0.00
115.804	S 6265217 -13.18 30.50 0.00 0.00 HOLD
115.818	>>> V 0.00 0.00
115.838	>>> V 0.00 0.00
115.838	S 6265237 -13.18 30.50 0.00 0.00 HOLD
115.858	>>> V 0.00 0.00
115.861	S 6265257 -13.18 30.50 0.00 0.00 HOLD
115.861	S 6265277 -13.18 30.50 0.00 0.00 HOLD
115.879	>>> V 0.00 0.00
115.882	S 6265297 -13.18 30.50 0.00 0.00 HOLD
115.901	>>> V 0.00 0.00
115.902	S 6265317 -13.18 30.50 0.00 0.00 HOLD
115.921	>>> V 0.00 0.00
115.922	S 6265337 -13.27 30.50 0.00 0.00 HOLD
115.943	>>> V 0.00 0.00
115.946	S 6265357 -13.18 30.50 0.00 0.00 HOLD
115.957	>>> V 0.00 0.00
115.981	>>> V 0.00 0.00
115.982	S 6265377 -13.18 30.59 0.00 0.00 HOLD
115.986	S 6265397 -13.18 30.50 0.00 0.00 HOLD
115.997	>>> V 0.00 0.00
116.018	>>> V 0.00 0.00
116.018	S 6265417 -13.18 30.50 0.00 0.00 HOLD
116.037	>>> V 0.00 0.00
116.042	S 6265437 -13.18 30.50 0.00 0.00 HOLD
116.048	S 6265457 -13.18 30.50 0.00 0.00 HOLD
116.058	>>> V 0.00 0.00
116.079	>>> V 0.00 0.00
116.080	S 6265477 -13.27 30.50 0.00 0.00 HOLD
116.085	S 6265497 -13.18 30.50 0.00 0.00 HOLD
116.100	>>> V 0.00 0.00
116.101	S 6265517 -13.18 30.50 0.00 0.00 HOLD
116.119	>>> V 0.00 0.00
116.120	S 6265537 -13.18 30.50 0.00 0.00 HOLD
116.138	>>> V 0.00 0.00
116.157	>>> V 0.00 0.00
116.160	S 6265557 -13.18 30.50 0.00 0.00 HOLD
116.164	S 6265577 -13.18 30.50 0.00 0.00 HOLD
116.184	>>> V 0.00 0.00
116.185	S 6265597 -13.18 30.50 0.00 0.00 HOLD
116.198	>>> V 0.00 0.00
116.246	>>> V 0.00 0.00
116.248	S 6265617 -13.18 30.50 0.00 0.00 HOLD
116.254	S 6265637 -13.18 30.50 0.00 0.00 HOLD
116.256	S 6265657 -13.18 30.50 0.00 0.00 HOLD
116.263	>>> V 0.00 0.00
116.268	S 6265677 -13.18 30.50 0.00 0.00 HOLD
116.282	>>> V 0.00 0.00
116.283	S 6265697 -13.18 30.50 0.00 0.00 HOLD
116.300	>>> V 0.00 0.00
116.300	S 6265717 -13.18 30.50 0.00 0.00 HOLD
116.319	>>> V 0.00 0.00
116.322	S 6265737 -13.27 30.50 0.00 0.00 HOLD
116.341	>>> V 0.00 0.00
116.342	S 6265757 -13.18 30.50 0.00 0.00 HOLD
116.357	>>> V 0.00 0.00
116.380	>>> V 0.00 0.00
116.380	S 6265777 -13.18 30.50 0.00 0.00 HOLD
116.382	S 6265797 -13.18 30.50 0.00 0.00 HOLD
116.401	>>> V 0.00 0.00
116.403	S 6265817 -13.18 30.50 0.00 0.00 HOLD
116.419	>>> V 0.00 0.00
116.424	S 6265837 -13.18 30.50 0.00 0.00 HOLD
116.439	>>> V 0.00 0.00
116.441	S 6265857 -13.18 30.59 0.00 0.00 HOLD
116.460	>>> V 0.00 0.00
116.460	S 6265877 -13.18 30.50 0.00 0.00 HOLD
116.479	>>> V 0.00 0.00
116.482	S 6265897 -13.18 30.50 0.00 0.00 HOLD
116.504	>>> V 0.00 0.00
116.506	S 6265917 -13.18 30.50 0.00 0.00 HOLD
116.519	>>> V 0.00 0.00
116.519	S 6265937 -13.18 30.50 0.00 0.00 HOLD
116.539	>>> V 0.00 0.00
116.540	S 6265957 -13.18 30.50 0.00 0.00 HOLD
116.558	>>> V 0.00 0.00
116.561	S 6265977 -13.18 30.50 0.00 0.00 HOLD
116.584	>>> V 0.00 0.00
116.586	S 6265997 -13.18 30.50 0.00 0.00 HOLD
116.601	>>> V 0.00 0.00
116.603	S 6266017 -13.18 30.50 0.00 0.00 HOLD
116.619	>>> V 0.00 0.00
116.620	S 6266037 -13.18 30.50 0.00 0.00 HOLD
116.638	>>> V 0.00 0.00
116.640	S 6266057 -13.18 30.50 0.00 0.00 HOLD
116.659	>>> V 0.00 0.00
116.659	S 6266077 -13.18 30.50 0.00 0.00 HOLD
116.683	>>> V 0.00 0.00
116.686	S 6266097 -13.18 30.50 0.00 0.00 HOLD
116.698	>>> V 0.00 0.00
116.706	S 6266117 -13.18 30.50 0.00 0.00 HOLD
116.736	>>> V 0.00 0.00
116.737	S 6266137 -13.27 30.50 0.00 0.00 HOLD
116.756	>>> V 0.00 0.00
116.757	S 6266157 -13.18 30.50 0.00 0.00 HOLD
116.785	>>> V 0.00 0.00
116.785	S 6266177 -13.18 30.50 0.00 0.00 HOLD
116.788	S 6266197 -13.18 30.50 0.00 0.00 HOLD
116.800	>>> V 0.00 0.00
116.801	S 6266217 -13.18 30.50 0.00 0.00 HOLD
116.819	>>> V 0.00 0.00
116.819	S 6266237 -13.27 30.50 0.00 0.00 HOLD
116.838	>>> V 0.00 0.00
116.859	>>> V 0.00 0.00
116.865	S 6266257 -13.18 30.50 0.00 0.00 HOLD
116.867	S 6266277 -13.18 30.59 0.00 0.00 HOLD
116.879	>>> V 0.00 0.00
116.882	S 6266297 -13.18 30.50 0.00 0.00 HOLD
116.899	>>> V 0.00 0.00
116.932	S 6266317 -13.18 30.50 0.00 0.00 HOLD
116.934	S 6266337 -13.18 30.50 0.00 0.00 HOLD
116.943	>>> V 0.00 0.00
116.962	S 6266357 -13.18 30.50 0.00 0.00 HOLD
116.979	>>> V 0.00 0.00
116.984	S 6266377 -13.18 30.50 0.00 0.00 HOLD
116.985	S 6266397 -13.18 30.50 0.00 0.00 HOLD
116.999	>>> V 0.00 0.00
117.002	S 6266417 -13.18 30.50 0.00 0.00 HOLD
117.019	>>> V 0.00 0.00
117.023	S 6266437 -13.18 30.50 0.00 0.00 HOLD
117.038	>>> V 0.00 0.00
117.040	S 6266457 -13.18 30.50 0.00 0.00 HOLD
117.061	>>> V 0.00 0.00
117.063	S 6266477 -13.18 30.50 0.00 0.00 HOLD
117.085	>>> V 0.00 0.00
117.090	S 6266497 -13.18 30.50 0.00 0.00 HOLD
117.103	>>> V 0.00 0.00
117.107	S 6266517 -13.18 30.50 0.00 0.00 HOLD
117.118	>>> V 0.00 0.00
117.122	S 6266537 -13.18 30.50 0.00 0.00 HOLD
117.139	>>> V 0.00 0.00
117.142	S 6266557 -13.18 30.50 0.00 0.00 HOLD
117.159	>>> V 0.00 0.00
117.164	S 6266577 -13.18 30.50 0.00 0.00 HOLD
117.179	>>> V 0.00 0.00
117.180	S 6266597 -13.18 30.50 0.00 0.00 HOLD
117.225	>>> V 0.00 0.00
117.225	S 6266617 -13.18 30.50 0.00 0.00 HOLD
117.226	S 6266637 -13.18 30.50 0.00 0.00 HOLD
117.238	>>> V 0.00 0.00
117.264	>>> V 0.00 0.00
117.265	S 6266657 -13.18 30.50 0.00 0.00 HOLD
117.273	S 6266677 -13.18 30.50 0.00 0.00 HOLD
117.296	>>> V 0.00 0.00
117.297	S 6266697 -13.18 30.50 0.00 0.00 HOLD
117.304	>>> V 0.00 0.00
117.304	S 6266717 -13.18 30.50 0.00 0.00 HOLD
117.318	>>> V 0.00 0.00
117.340	>>> V 0.00 0.00
117.341	S 6266737 -13.18 30.50 0.00 0.00 HOLD
117.346	S 6266757 -13.18 30.50 0.00 0.00 HOLD
117.358	>>> V 0.00 0.00
117.384	>>> V 0.00 0.00
117.385	S 6266777 -13.18 30.50 0.00 0.00 HOLD
117.388	S 6266797 -13.18 30.50 0.00 0.00 HOLD
117.399	>>> V 0.00 0.00
117.400	S 6266817 -13.18 30.50 0.00 0.00 HOLD
117.420	>>> V 0.00 0.00
117.420	S 6266837 -13.18 30.50 0.00 0.00 HOLD
117.441	>>> V 0.00 0.00
117.442	S 6266857 -13.18 30.50 0.00 0.00 HOLD
117.466	>>> V 0.00 0.00
117.467	S 6266877 -13.18 30.50 0.00 0.00 HOLD
117.485	>>> V 0.00 0.00
117.486	S 6266897 -13.18 30.50 0.00 0.00 HOLD
117.498	>>> V 0.00 0.00
117.519	>>> V 0.00 0.00
117.522	S 6266917 -13.18 30.50 0.00 0.00 HOLD
117.526	S 6266937 -13.18 30.50 0.00 0.00 HOLD
117.543	>>> V 0.00 0.00
117.543	S 6266957 -13.18 30.50 0.00 0.00 HOLD
117.564	>>> V 0.00 0.00
117.565	S 6266977 -13.18 30.50 0.00 0.00 HOLD
117.579	>>> V 0.00 0.00
117.580	S 6266997 -13.18 30.50 0.00 0.00 HOLD
117.610	>>> V 0.00 0.00
117.610	S 6267017 -13.18 30.50 0.00 0.00 HOLD
117.632	>>> V 0.00 0.00
117.634	S 6267037 -13.27 30.50 0.00 0.00 HOLD
117.651	>>> V 0.00 0.00
117.652	S 6267057 -13.18 30.50 0.00 0.00 HOLD
117.677	>>> V 0.00 0.00
117.681	S 6267077 -13.18 30.50 0.00 0.00 HOLD
117.682	S 6267097 -13.18 30.50 0.00 0.00 HOLD
117.690	>>> V 0.00 0.00
117.699	>>> V 0.00 0.00
117.701	S 6267117 -13.18 30.50 0.00 0.00 HOLD
117.721	>>> V 0.00 0.00
117.723	S 6267137 -13.18 30.50 0.00 0.00 HOLD
117.740	>>> V 0.00 0.00
117.741	S 6267157 -13.18 30.50 0.00 0.00 HOLD
117.774	>>> V 0.00 0.00
117.775	S 6267177 -13.18 30.50 0.00 0.00 HOLD
117.783	>>> V 0.00 0.00
117.787	S 6267197 -13.18 30.50 0.00 0.00 HOLD
117.797	>>> V 0.00 0.00
117.822	>>> V 0.00 0.00
117.824	S 6267217 -13.18 30.50 0.00 0.00 HOLD
117.825	S 6267237 -13.18 30.50 0.00 0.00 HOLD
117.839	>>> V 0.00 0.00
117.841	S 6267257 -13.18 30.50 0.00 0.00 HOLD
117.859	>>> V 0.00 0.00
117.861	S 6267277 -13.18 30.59 0.00 0.00 HOLD
117.879	>>> V 0.00 0.00
117.882	S 6267297 -13.18 30.50 0.00 0.00 HOLD
117.898	>>> V 0.00 0.00
117.922	>>> V 0.00 0.00
117.926	S 6267317 -13.18 30.50 0.00 0.00 HOLD
117.932	S 6267337 -13.18 30.50 0.00 0.00 HOLD
117.945	>>> V 0.00 0.00
117.945	S 6267357 -13.18 30.50 0.00 0.00 HOLD
117.958	>>> V 0.00 0.00
117.961	S 6267377 -13.18 30.50 0.00 0.00 HOLD
117.978	>>> V 0.00 0.00
117.986	S 6267397 -13.27 30.50 0.00 0.00 HOLD
118.006	>>> V 0.00 0.00
118.010	S 6267417 -13.18 30.50 0.00 0.00 HOLD
118.022	>>> V 0.00 0.00
118.034	S 6267437 -13.18 30.50 0.00 0.00 HOLD
118.043	>>> V 0.00 0.00
118.043	S 6267457 -13.18 30.50 0.00 0.00 HOLD
118.059	>>> V 0.00 0.00
118.064	S 6267477 -13.18 30.50 0.00 0.00 HOLD
118.079	>>> V 0.00 0.00
118.082	S 6267497 -13.18 30.50 0.00 0.00 HOLD
118.098	>>> V 0.00 0.00
118.103	S 6267517 -13.18 30.50 0.00 0.00 HOLD
118.122	>>> V 0.00 0.00
118.123	S 6267537 -13.18 30.50 0.00 0.00 HOLD
118.138	>>> V 0.00 0.00
118.143	S 6267557 -13.18 30.59 0.00 0.00 HOLD
118.159	>>> V 0.00 0.00
118.161	S 6267577 -13.18 30.50 0.00 0.00 HOLD
118.180	>>> V 0.00 0.00
118.181	S 6267597 -13.18 30.50 0.00 0.00 HOLD
118.202	>>> V 0.00 0.00
118.203	S 6267617 -13.18 30.50 0.00 0.00 HOLD
118.223	>>> V 0.00 0.00
118.224	S 6267637 -13.18 30.59 0.00 0.00 HOLD
118.240	>>> V 0.00 0.00
118.242	S 6267657 -13.18 30.50 0.00 0.00 HOLD
118.260	>>> V 0.00 0.00
118.262	S 6267677 -13.18 30.50 0.00 0.00 HOLD
118.286	>>> V 0.00 0.00
118.287	S 6267697 -13.18 30.50 0.00 0.00 HOLD
118.303	>>> V 0.00 0.00
118.307	S 6267717 -13.18 30.50 0.00 0.00 HOLD
118.321	>>> V 0.00 0.00
118.323	S 6267737 -13.27 30.50 0.00 0.00 HOLD
118.343	>>> V 0.00 0.00
118.346	S 6267758 -13.18 30.50 0.00 0.00 HOLD
118.359	>>> V 0.00 0.00
118.362	S 6267778 -13.18 30.50 0.00 0.00 HOLD
118.378	>>> V 0.00 0.00
118.380	S 6267798 -13.18 30.50 0.00 0.00 HOLD
118.400	>>> V 0.00 0.00
118.400	S 6267818 -13.18 30.50 0.00 0.00 HOLD
118.421	>>> V 0.00 0.00
118.422	S 6267838 -13.18 30.50 0.00 0.00 HOLD
118.439	>>> V 0.00 0.00
118.441	S 6267858 -13.18 30.50 0.00 0.00 HOLD
118.459	>>> V 0.00 0.00
118.482	>>> V 0.00 0.00
118.484	S 6267878 -13.18 30.50 0.00 0.00 HOLD
118.490	S 6267898 -13.18 30.50 0.00 0.00 HOLD
118.503	>>> V 0.00 0.00
118.503	S 6267918 -13.18 30.50 0.00 0.00 HOLD
118.518	>>> V 0.00 0.00
118.522	S 6267938 -13.18 30.50 0.00 0.00 HOLD
118.539	>>> V 0.00 0.00
118.542	S 6267958 -13.18 30.50 0.00 0.00 HOLD
118.559	>>> V 0.00 0.00
118.559	S 6267978 -13.18 30.50 0.00 0.00 HOLD
118.577	>>> V 0.00 0.00
118.580	S 6267998 -13.18 30.50 0.00 0.00 HOLD
118.601	>>> V 0.00 0.00
118.602	S 6268018 -13.18 30.50 0.00 0.00 HOLD
118.618	>>> V 0.00 0.00
118.638	>>> V 0.00 0.00
118.639	S 6268038 -13.18 30.50 0.00 0.00 HOLD
118.668	>>> V 0.00 0.00
118.669	S 6268058 -13.18 30.50 0.00 0.00 HOLD
118.674	S 6268078 -13.18 30.50 0.00 0.00 HOLD
118.678	>>> V 0.00 0.00
118.700	>>> V 0.00 0.00
118.705	S 6268098 -13.18 30.50 0.00 0.00 HOLD
118.706	S 6268118 -13.18 30.50 0.00 0.00 HOLD
118.719	>>> V 0.00 0.00
118.722	S 6268138 -13.18 30.50 0.00 0.00 HOLD
118.748	>>> V 0.00 0.00
118.750	S 6268158 -13.18 30.50 0.00 0.00 HOLD
118.776	>>> V 0.00 0.00
118.784	S 6268178 -13.18 30.50 0.00 0.00 HOLD
118.792	S 6268198 -13.18 30.50 0.00 0.00 HOLD
118.838	>>> V 0.00 0.00
118.848	S 6268218 -13.18 30.50 0.00 0.00 HOLD
118.894	S 6268238 -13.18 30.50 0.00 0.00 HOLD
118.937	S 6268258 -13.18 30.50 0.00 0.00 HOLD
118.960	>>> V 0.00 0.00
118.960	S 6268278 -13.18 30.50 0.00 0.00 HOLD
118.963	S 6268298 -13.18 30.50 0.00 0.00 HOLD
118.967	S 6268318 -13.18 30.50 0.00 0.00 HOLD
118.968	S 6268338 -13.27 30.50 0.00 0.00 HOLD
118.969	S 6268358 -13.27 30.59 0.00 0.00 HOLD
118.970	S 6268378 -13.18 30.50 0.00 0.00 HOLD
118.981	>>> V 0.00 0.00
118.983	S 6268398 -13.18 30.50 0.00 0.00 HOLD
119.000	>>> V 0.00 0.00
119.001	S 6268418 -13.18 30.50 0.00 0.00 HOLD
119.018	>>> V 0.00 0.00
119.045	>>> V 0.00 0.00
119.052	S 6268438 -13.18 30.50 0.00 0.00 HOLD
119.055	S 6268458 -13.18 30.50 0.00 0.00 HOLD
119.063	>>> V 0.00 0.00
119.063	S 6268478 -13.18 30.50 0.00 0.00 HOLD
119.084	>>> V 0.00 0.00
119.084	S 6268498 -13.18 30.50 0.00 0.00 HOLD
119.101	>>> V 0.00 0.00
119.104	S 6268518 -13.27 30.50 0.00 0.00 HOLD
119.122	>>> V 0.00 0.00
119.122	S 6268538 -13.18 30.50 0.00 0.00 HOLD
119.142	>>> V 0.00 0.00
119.145	S 6268558 -13.18 30.59 0.00 0.00 HOLD
119.159	>>> V 0.00 0.00
119.161	S 6268578 -13.18 30.50 0.00 0.00 HOLD
119.189	>>> V 0.00 0.00
119.189	S 6268598 -13.18 30.50 0.00 0.00 HOLD
119.198	>>> V 0.00 0.00
119.199	S 6268618 -13.18 30.50 0.00 0.00 HOLD
119.220	>>> V 0.00 0.00
119.220	S 6268638 -13.18 30.50 0.00 0.00 HOLD
119.237	>>> V 0.00 0.00
119.258	>>> V 0.00 0.00
119.258	S 6268658 -13.18 30.50 0.00 0.00 HOLD
119.277	>>> V 0.00 0.00
119.278	S 6268678 -13.18 30.50 0.00 0.00 HOLD
119.298	>>> V 0.00 0.00
119.299	S 6268698 -13.18 30.50 0.00 0.00 HOLD
119.301	S 6268718 -13.18 30.50 0.00 0.00 HOLD
119.320	>>> V 0.00 0.00
119.321	S 6268738 -13.18 30.50 0.00 0.00 HOLD
119.339	>>> V 0.00 0.00
119.340	S 6268758 -13.18 30.50 0.00 0.00 HOLD
119.361	>>> V 0.00 0.00
119.362	S 6268778 -13.18 30.50 0.00 0.00 HOLD
119.381	>>> V 0.00 0.00
119.382	S 6268798 -13.18 30.50 0.00 0.00 HOLD
119.406	>>> V 0.00 0.00
119.409	S 6268818 -13.18 30.50 0.00 0.00 HOLD
119.436	>>> V 0.00 0.00
119.438	S 6268838 -13.18 30.50 0.00 0.00 HOLD
119.452	>>> V 0.00 0.00
119.453	S 6268858 -13.18 30.50 0.00 0.00 HOLD
119.461	>>> V 0.00 0.00
119.465	S 6268878 -13.18 30.50 0.00 0.00 HOLD
119.480	>>> V 0.00 0.00
119.480	S 6268898 -13.18 30.50 0.00 0.00 HOLD
119.498	>>> V 0.00 0.00
119.520	>>> V 0.00 0.00
119.524	S 6268918 -13.18 30.50 0.00 0.00 HOLD
119.526	S 6268938 -13.18 30.50 0.00 0.00 HOLD
119.539	>>> V 0.00 0.00
119.558	>>> V 0.00 0.00
119.560	S 6268958 -13.18 30.50 0.00 0.00 HOLD
119.567	S 6268978 -13.18 30.50 0.00 0.00 HOLD
119.582	>>> V 0.00 0.00
119.605	S 6268998 -13.18 30.50 0.00 0.00 HOLD
119.619	S 6269018 -13.18 30.50 0.00 0.00 HOLD
119.627	>>> V 0.00 0.00
119.630	S 6269038 -13.18 30.50 0.00 0.00 HOLD
119.659	>>> V 0.00 0.00
119.677	S 6269058 -13.18 30.50 0.00 0.00 HOLD
119.687	S 6269078 -13.18 30.50 0.00 0.00 HOLD
119.696	>>> V 0.00 0.00
119.702	S 6269098 -13.18 30.50 0.00 0.00 HOLD
119.703	S 6269118 -13.18 30.50 0.00 0.00 HOLD
119.719	>>> V 0.00 0.00
119.721	S 6269138 -13.18 30.50 0.00 0.00 HOLD
119.740	>>> V 0.00 0.00
119.770	S 6269158 -13.18 30.50 0.00 0.00 HOLD
119.775	S 6269178 -13.27 30.50 0.00 0.00 HOLD
119.794	>>> V 0.00 0.00
119.795	S 6269198 -13.18 30.50 0.00 0.00 HOLD
119.812	>>> V 0.00 0.00
119.812	S 6269218 -13.18 30.50 0.00 0.00 HOLD
119.829	>>> V 0.00 0.00
119.847	S 6269238 -13.18 30.50 0.00 0.00 HOLD
119.848	S 6269258 -13.27 30.50 0.00 0.00 HOLD
119.861	>>> V 0.00 0.00
119.864	S 6269278 -13.18 30.50 0.00 0.00 HOLD
119.879	>>> V 0.00 0.00
119.880	S 6269298 -13.18 30.50 0.00 0.00 HOLD
119.898	>>> V 0.00 0.00
119.903	S 6269318 -13.18 30.50 0.00 0.00 HOLD
119.925	>>> V 0.00 0.00
119.925	S 6269338 -13.18 30.50 0.00 0.00 HOLD
119.939	>>> V 0.00 0.00
119.940	S 6269358 -13.18 30.50 0.00 0.00 HOLD
119.971	>>> V 0.00 0.00
119.972	S 6269378 -13.18 30.50 0.00 0.00 HOLD
119.980	>>> V 0.00 0.00
120.002	S 6269398 -13.18 30.50 0.00 0.00 HOLD
120.004	S 6269418 -13.18 30.50 0.00 0.00 HOLD
120.011	>>> V 0.00 0.00
120.021	>>> V 0.00 0.00
120.021	S 6269438 -13.27 30.50 0.00 0.00 HOLD
120.041	>>> V 0.00 0.00
120.041	S 6269458 -13.18 30.50 0.00 0.00 HOLD
120.058	>>> V 0.00 0.00
120.080	>>> V 0.00 0.00
120.080	S 6269478 -13.18 30.50 0.00 0.00 HOLD
120.084	S 6269498 -13.18 30.50 0.00 0.00 HOLD
120.102	>>> V 0.00 0.00
120.104	S 6269518 -13.18 30.50 0.00 0.00 HOLD
120.121	>>> V 0.00 0.00
120.122	S 6269538 -13.18 30.50 0.00 0.00 HOLD
120.138	>>> V 0.00 0.00
120.140	S 6269558 -13.18 30.50 0.00 0.00 HOLD
120.159	>>> V 0.00 0.00
120.180	>>> V 0.00 0.00
120.180	S 6269578 -13.27 30.50 0.00 0.00 HOLD
120.200	>>> V 0.00 0.00
120.201	S 6269598 -13.18 30.50 0.00 0.00 HOLD
120.202	S 6269618 -13.18 30.50 0.00 0.00 HOLD
120.218	>>> V 0.00 0.00
120.238	>>> V 0.00 0.00
120.240	S 6269638 -13.18 30.50 0.00 0.00 HOLD
120.241	S 6269658 -13.18 30.50 0.00 0.00 HOLD
120.262	>>> V 0.00 0.00
120.263	S 6269678 -13.18 30.50 0.00 0.00 HOLD
120.278	>>> V 0.00 0.00
120.280	S 6269698 -13.18 30.50 0.00 0.00 HOLD
120.302	>>> V 0.00 0.00
120.309	S 6269718 -13.18 30.50 0.00 0.00 HOLD
120.336	>>> V 0.00 0.00
120.338	S 6269738 -13.27 30.50 0.00 0.00 HOLD
120.347	>>> V 0.00 0.00
120.349	S 6269758 -13.27 30.50 0.00 0.00 HOLD
120.363	>>> V 0.00 0.00
120.364	S 6269778 -13.18 30.50 0.00 0.00 HOLD
120.378	>>> V 0.00 0.00
120.405	>>> V 0.00 0.00
120.406	S 6269798 -13.18 30.50 0.00 0.00 HOLD
120.407	S 6269818 -13.18 30.50 0.00 0.00 HOLD
120.421	>>> V 0.00 0.00
120.422	S 6269838 -13.18 30.50 0.00 0.00 HOLD
120.446	>>> V 0.00 0.00
120.447	S 6269858 -13.18 30.50 0.00 0.00 HOLD
120.459	>>> V 0.00 0.00
120.460	S 6269878 -13.18 30.50 0.00 0.00 HOLD
120.482	>>> V 0.00 0.00
120.482	S 6269898 -13.18 30.50 0.00 0.00 HOLD
120.503	>>> V 0.00 0.00
120.506	S 6269918 -13.18 30.50 0.00 0.00 HOLD
120.522	>>> V 0.00 0.00
120.524	S 6269938 -13.27 30.50 0.00 0.00 HOLD
120.539	>>> V 0.00 0.00
120.542	S 6269958 -13.18 30.50 0.00 0.00 HOLD
120.558	>>> V 0.00 0.00
120.563	S 6269978 -13.18 30.50 0.00 0.00 HOLD
120.581	>>> V 0.00 0.00
120.581	S 6269998 -13.18 30.50 0.00 0.00 HOLD
120.599	>>> V 0.00 0.00
120.600	S 6270018 -13.18 30.50 0.00 0.00 HOLD
120.625	>>> V 0.00 0.00
120.626	S 6270038 -13.18 30.50 0.00 0.00 HOLD
120.641	>>> V 0.00 0.00
120.641	S 6270058 -13.18 30.50 0.00 0.00 HOLD
120.660	>>> V 0.00 0.00
120.661	S 6270078 -13.18 30.50 0.00 0.00 HOLD
120.678	>>> V 0.00 0.00
120.683	S 6270098 -13.18 30.50 0.00 0.00 HOLD
120.702	>>> V 0.00 0.00
120.705	S 6270118 -13.18 30.50 0.00 0.00 HOLD
120.719	>>> V 0.00 0.00
120.720	S 6270138 -13.18 30.50 0.00 0.00 HOLD
120.741	>>> V 0.00 0.00
120.745	S 6270158 -13.18 30.50 0.00 0.00 HOLD
120.760	>>> V 0.00 0.00
120.763	S 6270178 -13.18 30.50 0.00 0.00 HOLD
120.777	>>> V 0.00 0.00
120.780	S 6270198 -13.18 30.50 0.00 0.00 HOLD
120.799	>>> V 0.00 0.00
120.805	S 6270218 -13.18 30.50 0.00 0.00 HOLD
120.819	>>> V 0.00 0.00
120.822	S 6270238 -13.18 30.50 0.00 0.00 HOLD
120.838	>>> V 0.00 0.00
120.858	>>> V 0.00 0.00
120.861	S 6270258 -13.18 30.50 0.00 0.00 HOLD
120.861	S 6270278 -13.18 30.50 0.00 0.00 HOLD
120.880	>>> V 0.00 0.00
120.881	S 6270298 -13.18 30.50 0.00 0.00 HOLD
120.901	>>> V 0.00 0.00
120.902	S 6270318 -13.18 30.50 0.00 0.00 HOLD
120.919	>>> V 0.00 0.00
120.920	S 6270338 -13.18 30.50 0.00 0.00 HOLD
120.938	>>> V 0.00 0.00
120.940	S 6270358 -13.18 30.50 0.00 0.00 HOLD
120.958	>>> V 0.00 0.00
120.965	S 6270378 -13.27 30.50 0.00 0.00 HOLD
120.978	>>> V 0.00 0.00
121.003	>>> V 0.00 0.00
121.004	S 6270398 -13.18 30.50 0.00 0.00 HOLD
121.004	S 6270418 -13.18 30.50 0.00 0.00 HOLD
121.018	>>> V 0.00 0.00
121.039	>>> V 0.00 0.00
121.040	S 6270438 -13.18 30.50 0.00 0.00 HOLD
121.041	S 6270458 -13.18 30.50 0.00 0.00 HOLD
121.058	>>> V 0.00 0.00
121.078	>>> V 0.00 0.00
121.080	S 6270478 -13.18 30.50 0.00 0.00 HOLD
121.082	S 6270498 -13.27 30.50 0.00 0.00 HOLD
121.102	>>> V 0.00 0.00
121.102	S 6270518 -13.18 30.50 0.00 0.00 HOLD
121.121	>>> V 0.00 0.00
121.123	S 6270538 -13.18 30.50 0.00 0.00 HOLD
121.142	>>> V 0.00 0.00
121.144	S 6270558 -13.18 30.50 0.00 0.00 HOLD
121.158	>>> V 0.00 0.00
121.178	>>> V 0.00 0.00
121.178	S 6270578 -13.18 30.50 0.00 0.00 HOLD
121.198	>>> V 0.00 0.00
121.202	S 6270598 -13.18 30.50 0.00 0.00 HOLD
121.210	S 6270618 -13.18 30.50 0.00 0.00 HOLD
121.222	>>> V 0.00 0.00
121.223	S 6270638 -13.18 30.50 0.00 0.00 HOLD
121.240	>>> V 0.00 0.00
121.244	S 6270658 -13.18 30.50 0.00 0.00 HOLD
121.258	>>> V 0.00 0.00
121.260	S 6270678 -13.18 30.50 0.00 0.00 HOLD
121.280	>>> V 0.00 0.00
121.281	S 6270698 -13.18 30.50 0.00 0.00 HOLD
121.308	>>> V 0.00 0.00
121.312	S 6270718 -13.27 30.50 0.00 0.00 HOLD
121.328	>>> V 0.00 0.00
121.329	S 6270738 -13.18 30.50 0.00 0.00 HOLD
121.344	>>> V 0.00 0.00
121.345	S 6270758 -13.18 30.50 0.00 0.00 HOLD
121.360	>>> V 0.00 0.00
121.361	S 6270778 -13.18 30.50 0.00 0.00 HOLD
121.378	>>> V 0.00 0.00
121.382	S 6270798 -13.18 30.50 0.00 0.00 HOLD
121.409	>>> V 0.00 0.00
121.410	S 6270818 -13.18 30.59 0.00 0.00 HOLD
121.420	>>> V 0.00 0.00
121.425	S 6270838 -13.18 30.50 0.00 0.00 HOLD
121.447	>>> V 0.00 0.00
121.448	S 6270858 -13.18 30.50 0.00 0.00 HOLD
121.459	>>> V 0.00 0.00
121.492	>>> V 0.00 0.00
121.492	S 6270878 -13.18 30.50 0.00 0.00 HOLD
121.494	S 6270898 -13.18 30.50 0.00 0.00 HOLD
121.500	>>> V 0.00 0.00
121.500	S 6270918 -13.18 30.50 0.00 0.00 HOLD
121.522	>>> V 0.00 0.00
121.524	S 6270938 -13.18 30.50 0.00 0.00 HOLD
121.551	>>> V 0.00 0.00
121.554	S 6270958 -13.18 30.50 0.00 0.00 HOLD
121.566	>>> V 0.00 0.00
121.567	S 6270978 -13.18 30.50 0.00 0.00 HOLD
121.582	>>> V 0.00 0.00
121.584	S 6270998 -13.18 30.50 0.00 0.00 HOLD
121.607	>>> V 0.00 0.00
121.608	S 6271018 -13.18 30.50 0.00 0.00 HOLD
121.624	>>> V 0.00 0.00
121.625	S 6271038 -13.18 30.50 0.00 0.00 HOLD
121.650	>>> V 0.00 0.00
121.654	S 6271058 -13.27 30.50 0.00 0.00 HOLD
121.735	>>> V 0.00 0.00
121.736	S 6271078 -13.18 30.50 0.00 0.00 HOLD
121.750	S 6271098 -13.18 30.50 0.00 0.00 HOLD
121.751	S 6271118 -13.18 30.50 0.00 0.00 HOLD
121.757	S 6271138 -13.18 30.50 0.00 0.00 HOLD
121.771	>>> V 0.00 0.00
121.772	S 6271158 -13.18 30.50 0.00 0.00 HOLD
121.776	S 6271178 -13.18 30.50 0.00 0.00 HOLD
121.787	>>> V 0.00 0.00
121.794	S 6271198 -13.18 30.50 0.00 0.00 HOLD
121.806	>>> V 0.00 0.00
121.806	S 6271218 -13.18 30.50 0.00 0.00 HOLD
121.822	>>> V 0.00 0.00
121.826	S 6271238 -13.18 30.50 0.00 0.00 HOLD
121.838	>>> V 0.00 0.00
121.864	>>> V 0.00 0.00
121.867	S 6271258 -13.18 30.50 0.00 0.00 HOLD
121.874	S 6271278 -13.18 30.50 0.00 0.00 HOLD
121.885	>>> V 0.00 0.00
121.886	S 6271298 -13.18 30.50 0.00 0.00 HOLD
121.900	>>> V 0.00 0.00
121.900	S 6271318 -13.18 30.50 0.00 0.00 HOLD
121.918	>>> V 0.00 0.00
121.947	>>> V 0.00 0.00
121.949	S 6271338 -13.18 30.50 0.00 0.00 HOLD
121.951	S 6271358 -13.18 30.50 0.00 0.00 HOLD
121.957	>>> V 0.00 0.00
121.978	>>> V 0.00 0.00
121.979	S 6271378 -13.18 30.50 0.00 0.00 HOLD
122.000	>>> V 0.00 0.00
122.001	S 6271398 -13.18 30.50 0.00 0.00 HOLD
122.002	S 6271418 -13.18 30.50 0.00 0.00 HOLD
122.018	>>> V 0.00 0.00
122.021	S 6271438 -13.18 30.50 0.00 0.00 HOLD
122.043	>>> V 0.00 0.00
122.044	S 6271458 -13.18 30.50 0.00 0.00 HOLD
122.058	>>> V 0.00 0.00
122.079	>>> V 0.00 0.00
122.080	S 6271478 -13.18 30.50 0.00 0.00 HOLD
122.081	S 6271498 -13.18 30.50 0.00 0.00 HOLD
122.103	>>> V 0.00 0.00
122.106	S 6271518 -13.18 30.50 0.00 0.00 HOLD
122.118	>>> V 0.00 0.00
122.138	>>> V 0.00 0.00
122.138	S 6271538 -13.18 30.50 0.00 0.00 HOLD
122.165	>>> V 0.00 0.00
122.167	S 6271558 -13.18 30.50 0.00 0.00 HOLD
122.178	S 6271578 -13.18 30.50 0.00 0.00 HOLD
122.181	>>> V 0.00 0.00
122.181	S 6271598 -13.18 30.50 0.00 0.00 HOLD
122.198	>>> V 0.00 0.00
122.203	S 6271618 -13.18 30.50 0.00 0.00 HOLD
122.220	>>> V 0.00 0.00
122.221	S 6271638 -13.18 30.59 0.00 0.00 HOLD
122.250	>>> V 0.00 0.00
122.251	S 6271658 -13.18 30.50 0.00 0.00 HOLD
122.265	>>> V 0.00 0.00
122.266	S 6271678 -13.18 30.50 0.00 0.00 HOLD
122.280	>>> V 0.00 0.00
122.280	S 6271698 -13.18 30.50 0.00 0.00 HOLD
122.299	>>> V 0.00 0.00
122.304	S 6271718 -13.18 30.50 0.00 0.00 HOLD
122.317	>>> V 0.00 0.00
122.341	>>> V 0.00 0.00
122.343	S 6271738 -13.18 30.50 0.00 0.00 HOLD
122.348	S 6271758 -13.18 30.50 0.00 0.00 HOLD
122.360	>>> V 0.00 0.00
122.363	S 6271778 -13.18 30.50 0.00 0.00 HOLD
122.378	>>> V 0.00 0.00
122.380	S 6271798 -13.18 30.50 0.00 0.00 HOLD
122.398	>>> V 0.00 0.00
122.401	S 6271818 -13.18 30.50 0.00 0.00 HOLD
122.419	>>> V 0.00 0.00
122.422	S 6271838 -13.18 30.50 0.00 0.00 HOLD
122.439	>>> V 0.00 0.00
122.458	>>> V 0.00 0.00
122.461	S 6271858 -13.18 30.50 0.00 0.00 HOLD
122.473	S 6271878 -13.27 30.50 0.00 0.00 HOLD
122.491	>>> V 0.00 0.00
122.495	S 6271898 -13.18 30.50 0.00 0.00 HOLD
122.530	>>> V 0.00 0.00
122.535	S 6271918 -13.18 30.50 0.00 0.00 HOLD
122.539	S 6271938 -13.18 30.50 0.00 0.00 HOLD
122.557	>>> V 0.00 0.00
122.566	S 6271958 -13.18 30.59 0.00 0.00 HOLD
122.578	S 6271978 -13.18 30.50 0.00 0.00 HOLD
122.594	>>> V 0.00 0.00
122.602	S 6271998 -13.18 30.59 0.00 0.00 HOLD
122.611	S 6272018 -13.18 30.50 0.00 0.00 HOLD
122.632	>>> V 0.00 0.00
122.680	S 6272038 -13.18 30.50 0.00 0.00 HOLD
122.686	S 6272058 -13.18 30.50 0.00 0.00 HOLD
122.687	S 6272078 -13.18 30.50 0.00 0.00 HOLD
122.703	>>> V 0.00 0.00
122.720	S 6272098 -13.18 30.50 0.00 0.00 HOLD
122.747	S 6272118 -13.18 30.50 0.00 0.00 HOLD
122.786	>>> V 0.00 0.00
122.787	S 6272138 -13.18 30.50 0.00 0.00 HOLD
122.793	S 6272158 -13.27 30.50 0.00 0.00 HOLD
122.797	S 6272178 -13.18 30.50 0.00 0.00 HOLD
122.798	S 6272198 -13.18 30.50 0.00 0.00 HOLD
122.806	>>> V 0.00 0.00
122.809	S 6272218 -13.18 30.50 0.00 0.00 HOLD
122.821	>>> V 0.00 0.00
122.822	S 6272238 -13.18 30.50 0.00 0.00 HOLD
122.839	>>> V 0.00 0.00
122.862	>>> V 0.00 0.00
122.864	S 6272258 -13.18 30.50 0.00 0.00 HOLD
122.865	S 6272278 -13.18 30.59 0.00 0.00 HOLD
122.886	>>> V 0.00 0.00
122.886	S 6272298 -13.18 30.50 0.00 0.00 HOLD
122.910	>>> V 0.00 0.00
122.910	S 6272318 -13.18 30.50 0.00 0.00 HOLD
122.918	>>> V 0.00 0.00
122.939	>>> V 0.00 0.00
122.943	S 6272338 -13.27 30.50 0.00 0.00 HOLD
122.944	S 6272358 -13.18 30.50 0.00 0.00 HOLD
122.958	>>> V 0.00 0.00
122.960	S 6272378 -13.18 30.50 0.00 0.00 HOLD
122.998	>>> V 0.00 0.00
123.005	S 6272398 -13.18 30.50 0.00 0.00 HOLD
123.006	S 6272418 -13.18 30.50 0.00 0.00 HOLD
123.026	>>> V 0.00 0.00
123.028	S 6272438 -13.18 30.50 0.00 0.00 HOLD
123.072	>>> V 0.00 0.00
123.074	S 6272458 -13.18 30.50 0.00 0.00 HOLD
123.109	S 6272478 -13.18 30.50 0.00 0.00 HOLD
123.147	>>> V 0.00 0.00
123.148	S 6272498 -13.18 30.50 0.00 0.00 HOLD
123.156	S 6272518 -13.18 30.50 0.00 0.00 HOLD
123.186	S 6272538 -13.18 30.50 0.00 0.00 HOLD
123.194	S 6272558 -13.27 30.50 0.00 0.00 HOLD
123.256	>>> V 0.00 0.00
123.257	S 6272578 -13.18 30.50 0.00 0.00 HOLD
123.268	S 6272598 -13.18 30.50 0.00 0.00 HOLD
123.277	S 6272618 -13.18 30.59 0.00 0.00 HOLD
123.294	S 6272638 -13.18 30.50 0.00 0.00 HOLD
123.300	S 6272658 -13.18 30.50 0.00 0.00 HOLD
123.336	>>> V 0.00 0.00
123.337	S 6272678 -13.18 30.50 0.00 0.00 HOLD
123.347	S 6272698 -13.18 30.50 0.00 0.00 HOLD
123.358	S 6272718 -13.18 30.50 0.00 0.00 HOLD
123.368	S 6272738 -13.18 30.50 0.00 0.00 HOLD
123.380	>>> V 0.00 0.00
123.381	S 6272758 -13.18 30.50 0.00 0.00 HOLD
123.389	S 6272778 -13.18 30.50 0.00 0.00 HOLD
123.411	S 6272798 -13.18 30.50 0.00 0.00 HOLD
123.422	>>> V 0.00 0.00
123.422	S 6272818 -13.27 30.50 0.00 0.00 HOLD
123.424	S 6272838 -13.18 30.50 0.00 0.00 HOLD
123.447	>>> V 0.00 0.00
123.448	S 6272858 -13.18 30.50 0.00 0.00 HOLD
123.459	>>> V 0.00 0.00
123.460	S 6272878 -13.18 30.50 0.00 0.00 HOLD
123.485	>>> V 0.00 0.00
123.486	S 6272898 -13.18 30.59 0.00 0.00 HOLD
123.500	>>> V 0.00 0.00
123.501	S 6272918 -13.18 30.50 0.00 0.00 HOLD
123.518	>>> V 0.00 0.00
123.540	>>> V 0.00 0.00
123.542	S 6272938 -13.18 30.50 0.00 0.00 HOLD
123.543	S 6272958 -13.18 30.50 0.00 0.00 HOLD
123.559	>>> V 0.00 0.00
123.560	S 6272978 -13.18 30.50 0.00 0.00 HOLD
123.580	>>> V 0.00 0.00
123.582	S 6272998 -13.18 30.50 0.00 0.00 HOLD
123.605	>>> V 0.00 0.00
123.605	S 6273018 -13.18 30.50 0.00 0.00 HOLD
123.621	>>> V 0.00 0.00
123.622	S 6273038 -13.18 30.59 0.00 0.00 HOLD
123.644	>>> V 0.00 0.00
123.648	S 6273058 -13.18 30.50 0.00 0.00 HOLD
123.660	>>> V 0.00 0.00
123.662	S 6273078 -13.18 30.50 0.00 0.00 HOLD
123.688	>>> V 0.00 0.00
123.689	S 6273098 -13.18 30.50 0.00 0.00 HOLD
123.708	>>> V 0.00 0.00
123.709	S 6273118 -13.18 30.50 0.00 0.00 HOLD
123.732	>>> V 0.00 0.00
123.748	S 6273138 -13.18 30.50 0.00 0.00 HOLD
123.749	S 6273158 -13.18 30.50 0.00 0.00 HOLD
123.761	>>> V 0.00 0.00
123.762	S 6273178 -13.18 30.50 0.00 0.00 HOLD
123.784	>>> V 0.00 0.00
123.784	S 6273198 -13.18 30.50 0.00 0.00 HOLD
123.817	>>> V 0.00 0.00
123.832	S 6273218 -13.18 30.50 0.00 0.00 HOLD
123.833	S 6273238 -13.18 30.59 0.00 0.00 HOLD
123.852	>>> V 0.00 0.00
123.857	S 6273258 -13.18 30.50 0.00 0.00 HOLD
123.889	>>> V 0.00 0.00
123.890	S 6273278 -13.18 30.50 0.00 0.00 HOLD
123.894	S 6273298 -13.18 30.50 0.00 0.00 HOLD
123.908	>>> V 0.00 0.00
123.909	S 6273318 -13.18 30.50 0.00 0.00 HOLD
123.919	>>> V 0.00 0.00
123.948	>>> V 0.00 0.00
123.950	S 6273338 -13.18 30.50 0.00 0.00 HOLD
123.953	S 6273358 -13.18 30.50 0.00 0.00 HOLD
123.958	>>> V 0.00 0.00
123.989	>>> V 0.00 0.00
123.997	S 6273378 -13.18 30.50 0.00 0.00 HOLD
124.001	S 6273398 -13.18 30.50 0.00 0.00 HOLD
124.015	>>> V 0.00 0.00
124.017	S 6273418 -13.18 30.50 0.00 0.00 HOLD
124.026	>>> V 0.00 0.00
124.026	S 6273438 -13.18 30.50 0.00 0.00 HOLD
124.043	>>> V 0.00 0.00
124.043	S 6273458 -13.18 30.50 0.00 0.00 HOLD
124.059	>>> V 0.00 0.00
124.060	S 6273478 -13.18 30.50 0.00 0.00 HOLD
124.080	>>> V 0.00 0.00
124.081	S 6273498 -13.18 30.50 0.00 0.00 HOLD
124.099	>>> V 0.00 0.00
124.102	S 6273518 -13.18 30.50 0.00 0.00 HOLD
124.118	>>> V 0.00 0.00
124.142	>>> V 0.00 0.00
124.143	S 6273538 -13.18 30.50 0.00 0.00 HOLD
124.145	S 6273558 -13.27 30.50 0.00 0.00 HOLD
124.159	>>> V 0.00 0.00
124.163	S 6273578 -13.18 30.50 0.00 0.00 HOLD
124.187	>>> V 0.00 0.00
124.188	S 6273598 -13.18 30.50 0.00 0.00 HOLD
124.199	>>> V 0.00 0.00
124.218	>>> V 0.00 0.00
124.220	S 6273618 -13.18 30.50 0.00 0.00 HOLD
124.226	S 6273638 -13.18 30.50 0.00 0.00 HOLD
124.241	>>> V 0.00 0.00
124.243	S 6273658 -13.18 30.50 0.00 0.00 HOLD
124.260	>>> V 0.00 0.00
124.261	S 6273678 -13.18 30.50 0.00 0.00 HOLD
124.278	>>> V 0.00 0.00
124.298	>>> V 0.00 0.00
124.299	S 6273698 -13.18 30.50 0.00 0.00 HOLD
124.327	>>> V 0.00 0.00
124.329	S 6273718 -13.18 30.50 0.00 0.00 HOLD
124.334	S 6273738 -13.18 30.50 0.00 0.00 HOLD
124.363	>>> V 0.00 0.00
124.364	S 6273758 -13.18 30.50 0.00 0.00 HOLD
124.373	S 6273778 -13.18 30.50 0.00 0.00 HOLD
124.380	>>> V 0.00 0.00
124.386	S 6273798 -13.18 30.50 0.00 0.00 HOLD
124.399	>>> V 0.00 0.00
124.402	S 6273818 -13.18 30.50 0.00 0.00 HOLD
124.428	>>> V 0.00 0.00
124.430	S 6273838 -13.18 30.50 0.00 0.00 HOLD
124.457	>>> V 0.00 0.00
124.461	S 6273858 -13.18 30.50 0.00 0.00 HOLD
124.472	>>> V 0.00 0.00
124.474	S 6273878 -13.18 30.50 0.00 0.00 HOLD
124.487	>>> V 0.00 0.00
124.497	S 6273898 -13.18 30.50 0.00 0.00 HOLD
124.533	>>> V 0.00 0.00
124.537	S 6273918 -13.27 30.50 0.00 0.00 HOLD
124.550	S 6273938 -13.18 30.50 0.00 0.00 HOLD
124.594	>>> V 0.00 0.00
124.595	S 6273958 -13.18 30.50 0.00 0.00 HOLD
124.596	S 6273978 -13.18 30.50 0.00 0.00 HOLD
124.599	S 6273998 -13.18 30.50 0.00 0.00 HOLD
124.612	>>> V 0.00 0.00
124.615	S 6274018 -13.18 30.50 0.00 0.00 HOLD
124.621	>>> V 0.00 0.00
124.622	S 6274038 -13.18 30.50 0.00 0.00 HOLD
124.640	>>> V 0.00 0.00
124.643	S 6274058 -13.18 30.50 0.00 0.00 HOLD
124.661	>>> V 0.00 0.00
124.664	S 6274078 -13.18 30.50 0.00 0.00 HOLD
124.707	>>> V 0.00 0.00
124.707	S 6274098 -13.18 30.50 0.00 0.00 HOLD
124.722	S 6274118 -13.18 30.50 0.00 0.00 HOLD
124.724	>>> V 0.00 0.00
124.725	S 6274138 -13.18 30.50 0.00 0.00 HOLD
124.743	>>> V 0.00 0.00
124.743	S 6274158 -13.18 30.50 0.00 0.00 HOLD
124.757	>>> V 0.00 0.00
124.778	>>> V 0.00 0.00
124.779	S 6274178 -13.18 30.50 0.00 0.00 HOLD
124.798	>>> V 0.00 0.00
124.798	S 6274198 -13.18 30.50 0.00 0.00 HOLD
124.818	>>> V 0.00 0.00
124.818	S 6274218 -13.18 30.50 0.00 0.00 HOLD
124.847	>>> V 0.00 0.00
124.848	S 6274238 -13.18 30.50 0.00 0.00 HOLD
124.851	S 6274258 -13.18 30.50 0.00 0.00 HOLD
124.870	>>> V 0.00 0.00
124.879	S 6274278 -13.18 30.50 0.00 0.00 HOLD
124.908	>>> V 0.00 0.00
124.910	S 6274298 -13.18 30.50 0.00 0.00 HOLD
124.911	S 6274318 -13.18 30.50 0.00 0.00 HOLD
124.919	>>> V 0.00 0.00
124.925	S 6274338 -13.27 30.50 0.00 0.00 HOLD
124.944	>>> V 0.00 0.00
124.947	S 6274358 -13.18 30.50 0.00 0.00 HOLD
124.962	>>> V 0.00 0.00
124.963	S 6274378 -13.27 30.50 0.00 0.00 HOLD
124.981	>>> V 0.00 0.00
124.984	S 6274398 -13.18 30.50 0.00 0.00 HOLD
125.004	>>> V 0.00 0.00
125.033	S 6274418 -13.18 30.50 0.00 0.00 HOLD
125.040	S 6274438 -13.18 30.50 0.00 0.00 HOLD
125.076	>>> V 0.00 0.00
125.077	S 6274458 -13.18 30.50 0.00 0.00 HOLD
125.104	S 6274478 -13.18 30.50 0.00 0.00 HOLD
125.108	>>> V 0.00 0.00
125.109	S 6274498 -13.18 30.50 0.00 0.00 HOLD
125.110	S 6274518 -13.18 30.50 0.00 0.00 HOLD
125.121	>>> V 0.00 0.00
125.122	S 6274538 -13.18 30.50 0.00 0.00 HOLD
125.142	>>> V 0.00 0.00
125.145	S 6274558 -13.18 30.50 0.00 0.00 HOLD
125.158	>>> V 0.00 0.00
125.165	S 6274578 -13.18 30.50 0.00 0.00 HOLD
125.189	>>> V 0.00 0.00
125.190	S 6274598 -13.18 30.50 0.00 0.00 HOLD
125.237	>>> V 0.00 0.00
125.238	S 6274618 -13.18 30.50 0.00 0.00 HOLD
125.267	S 6274638 -13.18 30.50 0.00 0.00 HOLD
125.292	>>> V 0.00 0.00
125.292	S 6274658 -13.18 30.50 0.00 0.00 HOLD
125.297	S 6274678 -13.18 30.50 0.00 0.00 HOLD
125.298	S 6274698 -13.18 30.50 0.00 0.00 HOLD
125.304	>>> V 0.00 0.00
125.304	S 6274718 -13.18 30.50 0.00 0.00 HOLD
125.327	>>> V 0.00 0.00
125.327	S 6274738 -13.18 30.50 0.00 0.00 HOLD
125.339	>>> V 0.00 0.00
125.358	>>> V 0.00 0.00
125.358	S 6274758 -13.18 30.50 0.00 0.00 HOLD
125.381	>>> V 0.00 0.00
125.382	S 6274778 -13.18 30.50 0.00 0.00 HOLD
125.383	S 6274798 -13.18 30.50 0.00 0.00 HOLD
125.408	>>> V 0.00 0.00
125.409	S 6274818 -13.18 30.50 0.00 0.00 HOLD
125.419	>>> V 0.00 0.00
125.439	>>> V 0.00 0.00
125.440	S 6274838 -13.18 30.50 0.00 0.00 HOLD
125.461	>>> V 0.00 0.00
125.462	S 6274858 -13.18 30.50 0.00 0.00 HOLD
125.464	S 6274878 -13.18 30.50 0.00 0.00 HOLD
125.478	>>> V 0.00 0.00
125.481	S 6274898 -13.18 30.50 0.00 0.00 HOLD
125.515	>>> V 0.00 0.00
125.516	S 6274918 -13.18 30.50 0.00 0.00 HOLD
125.535	>>> V 0.00 0.00
125.536	S 6274938 -13.18 30.50 0.00 0.00 HOLD
125.550	>>> V 0.00 0.00
125.550	S 6274958 -13.18 30.50 0.00 0.00 HOLD
125.558	>>> V 0.00 0.00
125.585	>>> V 0.00 0.00
125.587	S 6274978 -13.18 30.50 0.00 0.00 HOLD
125.591	S 6274998 -13.18 30.50 0.00 0.00 HOLD
125.615	>>> V 0.00 0.00
125.615	S 6275018 -13.18 30.50 0.00 0.00 HOLD
125.618	>>> V 0.00 0.00
125.641	>>> V 0.00 0.00
125.642	S 6275038 -13.18 30.50 0.00 0.00 HOLD
125.647	S 6275058 -13.18 30.50 0.00 0.00 HOLD
125.658	>>> V 0.00 0.00
125.678	>>> V 0.00 0.00
125.679	S 6275078 -13.18 30.50 0.00 0.00 HOLD
125.698	>>> V 0.00 0.00
125.699	S 6275098 -13.18 30.50 0.00 0.00 HOLD
125.717	>>> V 0.00 0.00
125.718	S 6275118 -13.18 30.50 0.00 0.00 HOLD
125.740	>>> V 0.00 0.00
125.745	S 6275138 -13.18 30.50 0.00 0.00 HOLD
125.745	S 6275158 -13.18 30.50 0.00 0.00 HOLD
125.758	>>> V 0.00 0.00
125.778	>>> V 0.00 0.00
125.778	S 6275178 -13.18 30.50 0.00 0.00 HOLD
125.803	>>> V 0.00 0.00
125.809	S 6275198 -13.27 30.50 0.00 0.00 HOLD
125.810	S 6275218 -13.18 30.50 0.00 0.00 HOLD
125.819	>>> V 0.00 0.00
125.826	S 6275238 -13.18 30.50 0.00 0.00 HOLD
125.846	>>> V 0.00 0.00
125.849	S 6275258 -13.18 30.50 0.00 0.00 HOLD
125.858	>>> V 0.00 0.00
125.863	S 6275279 -13.18 30.50 0.00 0.00 HOLD
125.878	>>> V 0.00 0.00
125.900	>>> V 0.00 0.00
125.900	S 6275299 -13.27 30.50 0.00 0.00 HOLD
125.901	S 6275318 -13.18 30.50 0.00 0.00 HOLD
125.918	>>> V 0.00 0.00
125.938	>>> V 0.00 0.00
125.938	S 6275339 -13.18 30.50 0.00 0.00 HOLD
125.958	>>> V 0.00 0.00
125.959	S 6275359 -13.18 30.50 0.00 0.00 HOLD
125.981	>>> V 0.00 0.00
125.981	S 6275379 -13.18 30.50 0.00 0.00 HOLD
125.983	S 6275399 -13.18 30.50 0.00 0.00 HOLD
126.013	>>> V 0.00 0.00
126.016	S 6275419 -13.18 30.50 0.00 0.00 HOLD
126.021	>>> V 0.00 0.00
126.023	S 6275439 -13.18 30.50 0.00 0.00 HOLD
126.041	>>> V 0.00 0.00
126.043	S 6275459 -13.18 30.50 0.00 0.00 HOLD
126.059	>>> V 0.00 0.00
126.079	>>> V 0.00 0.00
126.082	S 6275479 -13.18 30.50 0.00 0.00 HOLD
126.084	S 6275499 -13.18 30.50 0.00 0.00 HOLD
126.098	>>> V 0.00 0.00
126.118	>>> V 0.00 0.00
126.119	S 6275519 -13.18 30.50 0.00 0.00 HOLD
126.138	>>> V 0.00 0.00
126.139	S 6275539 -13.18 30.50 0.00 0.00 HOLD
126.158	>>> V 0.00 0.00
126.159	S 6275559 -13.18 30.50 0.00 0.00 HOLD
126.178	>>> V 0.00 0.00
126.181	S 6275579 -13.18 30.50 0.00 0.00 HOLD
126.186	S 6275599 -13.18 30.50 0.00 0.00 HOLD
126.198	>>> V 0.00 0.00
126.210	S 6275619 -13.18 30.50 0.00 0.00 HOLD
126.223	>>> V 0.00 0.00
126.226	S 6275639 -13.18 30.50 0.00 0.00 HOLD
126.238	>>> V 0.00 0.00
126.261	>>> V 0.00 0.00
126.262	S 6275659 -13.18 30.50 0.00 0.00 HOLD
126.263	S 6275679 -13.18 30.50 0.00 0.00 HOLD
126.278	>>> V 0.00 0.00
126.298	>>> V 0.00 0.00
126.298	S 6275699 -13.18 30.59 0.00 0.00 HOLD
126.318	>>> V 0.00 0.00
126.319	S 6275719 -13.18 30.50 0.00 0.00 HOLD
126.342	>>> V 0.00 0.00
126.346	S 6275739 -13.18 30.50 0.00 0.00 HOLD
126.350	S 6275759 -13.27 30.50 0.00 0.00 HOLD
126.364	>>> V 0.00 0.00
126.365	S 6275779 -13.18 30.50 0.00 0.00 HOLD
126.381	>>> V 0.00 0.00
126.381	S 6275799 -13.18 30.50 0.00 0.00 HOLD
126.397	>>> V 0.00 0.00
126.419	>>> V 0.00 0.00
126.419	S 6275819 -13.18 30.50 0.00 0.00 HOLD
126.438	>>> V 0.00 0.00
126.439	S 6275839 -13.18 30.50 0.00 0.00 HOLD
126.457	>>> V 0.00 0.00
126.459	S 6275859 -13.18 30.50 0.00 0.00 HOLD
126.478	>>> V 0.00 0.00
126.480	S 6275879 -13.18 30.50 0.00 0.00 HOLD
126.498	>>> V 0.00 0.00
126.498	S 6275899 -13.18 30.50 0.00 0.00 HOLD
126.518	>>> V 0.00 0.00
126.518	S 6275919 -13.18 30.50 0.00 0.00 HOLD
126.539	>>> V 0.00 0.00
126.540	S 6275939 -13.18 30.50 0.00 0.00 HOLD
126.564	>>> V 0.00 0.00
126.565	S 6275959 -13.18 30.50 0.00 0.00 HOLD
126.571	S 6275979 -13.18 30.50 0.00 0.00 HOLD
126.581	>>> V 0.00 0.00
126.584	S 6275999 -13.18 30.50 0.00 0.00 HOLD
126.600	>>> V 0.00 0.00
126.601	S 6276019 -13.18 30.50 0.00 0.00 HOLD
126.632	>>> V 0.00 0.00
126.633	S 6276039 -13.18 30.50 0.00 0.00 HOLD
126.647	>>> V 0.00 0.00
126.648	S 6276059 -13.18 30.50 0.00 0.00 HOLD
126.658	>>> V 0.00 0.00
126.678	>>> V 0.00 0.00
126.678	S 6276079 -13.18 30.50 0.00 0.00 HOLD
126.698	>>> V 0.00 0.00
126.699	S 6276099 -13.18 30.50 0.00 0.00 HOLD
126.717	>>> V 0.00 0.00
126.718	S 6276119 -13.18 30.50 0.00 0.00 HOLD
126.739	>>> V 0.00 0.00
126.739	S 6276139 -13.18 30.50 0.00 0.00 HOLD
126.757	>>> V 0.00 0.00
126.759	S 6276159 -13.18 30.50 0.00 0.00 HOLD
126.778	>>> V 0.00 0.00
126.779	S 6276179 -13.18 30.50 0.00 0.00 HOLD
126.797	>>> V 0.00 0.00
126.798	S 6276199 -13.18 30.50 0.00 0.00 HOLD
126.818	>>> V 0.00 0.00
126.818	S 6276219 -13.18 30.50 0.00 0.00 HOLD
126.840	>>> V 0.00 0.00
126.841	S 6276239 -13.18 30.50 0.00 0.00 HOLD
126.843	S 6276259 -13.18 30.50 0.00 0.00 HOLD
126.858	>>> V 0.00 0.00
126.883	>>> V 0.00 0.00
126.884	S 6276279 -13.18 30.50 0.00 0.00 HOLD
126.885	S 6276299 -13.18 30.50 0.00 0.00 HOLD
126.899	>>> V 0.00 0.00
126.918	>>> V 0.00 0.00
126.919	S 6276319 -13.18 30.50 0.00 0.00 HOLD
126.938	>>> V 0.00 0.00
126.940	S 6276339 -13.18 30.50 0.00 0.00 HOLD
126.958	>>> V 0.00 0.00
126.959	S 6276359 -13.18 30.50 0.00 0.00 HOLD
126.977	>>> V 0.00 0.00
126.978	S 6276379 -13.18 30.50 0.00 0.00 HOLD
126.998	>>> V 0.00 0.00
127.001	S 6276399 -13.18 30.50 0.00 0.00 HOLD
127.002	S 6276419 -13.18 30.50 0.00 0.00 HOLD
127.018	>>> V 0.00 0.00
127.038	>>> V 0.00 0.00
127.038	S 6276439 -13.18 30.50 0.00 0.00 HOLD
127.057	>>> V 0.00 0.00
127.058	S 6276459 -13.18 30.50 0.00 0.00 HOLD
127.079	>>> V 0.00 0.00
127.081	S 6276479 -13.18 30.50 0.00 0.00 HOLD
127.084	S 6276499 -13.18 30.50 0.00 0.00 HOLD
127.102	>>> V 0.00 0.00
127.104	S 6276519 -13.18 30.50 0.00 0.00 HOLD
127.119	>>> V 0.00 0.00
127.140	>>> V 0.00 0.00
127.141	S 6276539 -13.18 30.50 0.00 0.00 HOLD
127.158	>>> V 0.00 0.00
127.159	S 6276559 -13.18 30.50 0.00 0.00 HOLD
127.182	>>> V 0.00 0.00
127.184	S 6276579 -13.18 30.50 0.00 0.00 HOLD
127.190	S 6276599 -13.18 30.50 0.00 0.00 HOLD
127.198	>>> V 0.00 0.00
127.201	S 6276619 -13.18 30.50 0.00 0.00 HOLD
127.220	>>> V 0.00 0.00
127.223	S 6276639 -13.18 30.50 0.00 0.00 HOLD
127.238	>>> V 0.00 0.00
127.241	S 6276659 -13.18 30.50 0.00 0.00 HOLD
127.258	>>> V 0.00 0.00
127.279	>>> V 0.00 0.00
127.280	S 6276679 -13.18 30.50 0.00 0.00 HOLD
127.301	>>> V 0.00 0.00
127.302	S 6276699 -13.18 30.50 0.00 0.00 HOLD
127.306	S 6276719 -13.27 30.50 0.00 0.00 HOLD
127.318	>>> V 0.00 0.00
127.341	>>> V 0.00 0.00
127.342	S 6276739 -13.18 30.50 0.00 0.00 HOLD
127.347	S 6276759 -13.18 30.50 0.00 0.00 HOLD
127.357	>>> V 0.00 0.00
127.380	>>> V 0.00 0.00
127.381	S 6276779 -13.18 30.50 0.00 0.00 HOLD
127.384	S 6276799 -13.18 30.50 0.00 0.00 HOLD
127.398	>>> V 0.00 0.00
127.401	S 6276819 -13.18 30.50 0.00 0.00 HOLD
127.417	>>> V 0.00 0.00
127.440	>>> V 0.00 0.00
127.441	S 6276839 -13.18 30.50 0.00 0.00 HOLD
127.441	S 6276859 -13.18 30.50 0.00 0.00 HOLD
127.462	>>> V 0.00 0.00
127.464	S 6276879 -13.18 30.50 0.00 0.00 HOLD
127.480	>>> V 0.00 0.00
127.481	S 6276899 -13.18 30.50 0.00 0.00 HOLD
127.498	>>> V 0.00 0.00
127.524	>>> V 0.00 0.00
127.526	S 6276919 -13.18 30.50 0.00 0.00 HOLD
127.534	S 6276939 -13.18 30.50 0.00 0.00 HOLD
127.549	>>> V 0.00 0.00
127.550	S 6276959 -13.18 30.50 0.00 0.00 HOLD
127.561	>>> V 0.00 0.00
127.561	S 6276979 -13.18 30.50 0.00 0.00 HOLD
127.583	>>> V 0.00 0.00
127.589	S 6276999 -13.18 30.50 0.00 0.00 HOLD
127.599	>>> V 0.00 0.00
127.602	S 6277019 -13.18 30.50 0.00 0.00 HOLD
127.619	>>> V 0.00 0.00
127.639	>>> V 0.00 0.00
127.640	S 6277039 -13.18 30.50 0.00 0.00 HOLD
127.669	>>> V 0.00 0.00
127.672	S 6277059 -13.18 30.50 0.00 0.00 HOLD
127.675	S 6277079 -13.18 30.50 0.00 0.00 HOLD
127.679	>>> V 0.00 0.00
127.701	>>> V 0.00 0.00
127.701	S 6277099 -13.18 30.50 0.00 0.00 HOLD
127.704	S 6277119 -13.18 30.50 0.00 0.00 HOLD
127.721	>>> V 0.00 0.00
127.721	S 6277139 -13.18 30.50 0.00 0.00 HOLD
127.750	>>> V 0.00 0.00
127.753	S 6277159 -13.18 30.50 0.00 0.00 HOLD
127.766	>>> V 0.00 0.00
127.768	S 6277179 -13.18 30.50 0.00 0.00 HOLD
127.782	>>> V 0.00 0.00
127.784	S 6277199 -13.18 30.50 0.00 0.00 HOLD
127.800	>>> V 0.00 0.00
127.802	S 6277219 -13.18 30.50 0.00 0.00 HOLD
127.822	>>> V 0.00 0.00
127.823	S 6277239 -13.18 30.50 0.00 0.00 HOLD
127.839	>>> V 0.00 0.00
127.841	S 6277259 -13.18 30.50 0.00 0.00 HOLD
127.859	>>> V 0.00 0.00
127.883	>>> V 0.00 0.00
127.887	S 6277279 -13.18 30.50 0.00 0.00 HOLD
127.890	S 6277299 -13.18 30.50 0.00 0.00 HOLD
127.901	>>> V 0.00 0.00
127.904	S 6277319 -13.18 30.50 0.00 0.00 HOLD
127.918	>>> V 0.00 0.00
127.921	S 6277339 -13.18 30.50 0.00 0.00 HOLD
127.943	>>> V 0.00 0.00
127.946	S 6277359 -13.18 30.50 0.00 0.00 HOLD
127.965	>>> V 0.00 0.00
127.966	S 6277379 -13.18 30.50 0.00 0.00 HOLD
127.985	>>> V 0.00 0.00
127.986	S 6277399 -13.27 30.50 0.00 0.00 HOLD
127.998	>>> V 0.00 0.00
128.019	>>> V 0.00 0.00
128.020	S 6277419 -13.18 30.50 0.00 0.00 HOLD
128.038	>>> V 0.00 0.00
128.041	S 6277439 -13.18 30.50 0.00 0.00 HOLD
128.044	S 6277459 -13.18 30.59 0.00 0.00 HOLD
128.058	>>> V 0.00 0.00
128.077	>>> V 0.00 0.00
128.079	S 6277479 -13.18 30.50 0.00 0.00 HOLD
128.098	>>> V 0.00 0.00
128.100	S 6277499 -13.18 30.50 0.00 0.00 HOLD
128.117	>>> V 0.00 0.00
128.120	S 6277519 -13.18 30.50 0.00 0.00 HOLD
128.154	>>> V 0.00 0.00
128.155	S 6277539 -13.18 30.50 0.00 0.00 HOLD
128.167	S 6277559 -13.18 30.50 0.00 0.00 HOLD
128.217	>>> V 0.00 0.00
128.218	S 6277579 -13.18 30.50 0.00 0.00 HOLD
128.220	S 6277599 -13.18 30.50 0.00 0.00 HOLD
128.221	S 6277619 -13.18 30.50 0.00 0.00 HOLD
128.241	>>> V 0.00 0.00
128.242	S 6277639 -13.18 30.50 0.00 0.00 HOLD
128.243	S 6277659 -13.18 30.50 0.00 0.00 HOLD
128.258	>>> V 0.00 0.00
128.278	>>> V 0.00 0.00
128.280	S 6277679 -13.18 30.50 0.00 0.00 HOLD
128.298	>>> V 0.00 0.00
128.298	S 6277699 -13.18 30.50 0.00 0.00 HOLD
128.318	>>> V 0.00 0.00
128.321	S 6277719 -13.18 30.50 0.00 0.00 HOLD
128.323	S 6277739 -13.18 30.50 0.00 0.00 HOLD
128.345	>>> V 0.00 0.00
128.350	S 6277759 -13.18 30.50 0.00 0.00 HOLD
128.361	>>> V 0.00 0.00
128.362	S 6277779 -13.18 30.50 0.00 0.00 HOLD
128.382	>>> V 0.00 0.00
128.384	S 6277799 -13.18 30.50 0.00 0.00 HOLD
128.400	>>> V 0.00 0.00
128.420	>>> V 0.00 0.00
128.422	S 6277819 -13.18 30.50 0.00 0.00 HOLD
128.425	S 6277839 -13.18 30.50 0.00 0.00 HOLD
128.439	>>> V 0.00 0.00
128.462	>>> V 0.00 0.00
128.466	S 6277859 -13.27 30.50 0.00 0.00 HOLD
128.471	S 6277879 -13.18 30.50 0.00 0.00 HOLD
128.482	>>> V 0.00 0.00
128.483	S 6277899 -13.18 30.50 0.00 0.00 HOLD
128.500	>>> V 0.00 0.00
128.520	>>> V 0.00 0.00
128.523	S 6277919 -13.18 30.50 0.00 0.00 HOLD
128.525	S 6277939 -13.18 30.50 0.00 0.00 HOLD
128.540	>>> V 0.00 0.00
128.559	>>> V 0.00 0.00
128.560	S 6277959 -13.18 30.50 0.00 0.00 HOLD
128.582	>>> V 0.00 0.00
128.585	S 6277979 -13.18 30.50 0.00 0.00 HOLD
128.590	S 6277999 -13.18 30.50 0.00 0.00 HOLD
128.599	>>> V 0.00 0.00
128.624	>>> V 0.00 0.00
128.627	S 6278019 -13.18 30.50 0.00 0.00 HOLD
128.629	S 6278039 -13.18 30.50 0.00 0.00 HOLD
128.646	>>> V 0.00 0.00
128.647	S 6278059 -13.18 30.50 0.00 0.00 HOLD
128.662	>>> V 0.00 0.00
128.662	S 6278079 -13.18 30.50 0.00 0.00 HOLD
128.678	>>> V 0.00 0.00
128.699	>>> V 0.00 0.00
128.700	S 6278099 -13.18 30.50 0.00 0.00 HOLD
128.724	>>> V 0.00 0.00
128.726	S 6278119 -13.18 30.50 0.00 0.00 HOLD
128.727	S 6278139 -13.18 30.50 0.00 0.00 HOLD
128.741	>>> V 0.00 0.00
128.744	S 6278159 -13.18 30.50 0.00 0.00 HOLD
128.759	>>> V 0.00 0.00
128.780	>>> V 0.00 0.00
128.786	S 6278179 -13.18 30.50 0.00 0.00 HOLD
128.797	S 6278199 -13.18 30.50 0.00 0.00 HOLD
128.808	>>> V 0.00 0.00
128.809	S 6278219 -13.18 30.50 0.00 0.00 HOLD
128.823	>>> V 0.00 0.00
128.824	S 6278239 -13.18 30.50 0.00 0.00 HOLD
128.839	>>> V 0.00 0.00
128.843	S 6278259 -13.18 30.50 0.00 0.00 HOLD
128.859	>>> V 0.00 0.00
128.878	>>> V 0.00 0.00
128.880	S 6278279 -13.18 30.50 0.00 0.00 HOLD
128.900	>>> V 0.00 0.00
128.900	S 6278299 -13.18 30.50 0.00 0.00 HOLD
128.919	>>> V 0.00 0.00
128.919	S 6278319 -13.27 30.50 0.00 0.00 HOLD
128.938	>>> V 0.00 0.00
128.939	S 6278339 -13.18 30.50 0.00 0.00 HOLD
128.959	>>> V 0.00 0.00
128.960	S 6278359 -13.18 30.50 0.00 0.00 HOLD
128.979	>>> V 0.00 0.00
128.979	S 6278379 -13.18 30.50 0.00 0.00 HOLD
128.998	>>> V 0.00 0.00
128.999	S 6278399 -13.18 30.50 0.00 0.00 HOLD
129.017	>>> V 0.00 0.00
129.018	S 6278419 -13.18 30.50 0.00 0.00 HOLD
129.042	>>> V 0.00 0.00
129.046	S 6278439 -13.18 30.50 0.00 0.00 HOLD
129.053	S 6278459 -13.18 30.50 0.00 0.00 HOLD
129.058	>>> V 0.00 0.00
129.063	S 6278479 -13.18 30.50 0.00 0.00 HOLD
129.080	>>> V 0.00 0.00
129.081	S 6278499 -13.18 30.50 0.00 0.00 HOLD
129.099	>>> V 0.00 0.00
129.118	>>> V 0.00 0.00
129.122	S 6278519 -13.18 30.50 0.00 0.00 HOLD
129.128	S 6278539 -13.18 30.50 0.00 0.00 HOLD
129.144	>>> V 0.00 0.00
129.147	S 6278559 -13.18 30.50 0.00 0.00 HOLD
129.164	>>> V 0.00 0.00
129.165	S 6278579 -13.18 30.50 0.00 0.00 HOLD
129.184	>>> V 0.00 0.00
129.185	S 6278599 -13.18 30.50 0.00 0.00 HOLD
129.200	>>> V 0.00 0.00
129.218	>>> V 0.00 0.00
129.220	S 6278619 -13.18 30.50 0.00 0.00 HOLD
129.238	>>> V 0.00 0.00
129.239	S 6278639 -13.18 30.50 0.00 0.00 HOLD
129.259	>>> V 0.00 0.00
129.259	S 6278659 -13.18 30.50 0.00 0.00 HOLD
129.278	>>> V 0.00 0.00
129.279	S 6278679 -13.18 30.50 0.00 0.00 HOLD
129.300	>>> V 0.00 0.00
129.301	S 6278699 -13.18 30.50 0.00 0.00 HOLD
129.303	S 6278719 -13.18 30.50 0.00 0.00 HOLD
129.323	>>> V 0.00 0.00
129.324	S 6278739 -13.18 30.50 0.00 0.00 HOLD
129.340	>>> V 0.00 0.00
129.341	S 6278759 -13.18 30.50 0.00 0.00 HOLD
129.357	>>> V 0.00 0.00
129.380	>>> V 0.00 0.00
129.382	S 6278779 -13.18 30.50 0.00 0.00 HOLD
129.387	S 6278799 -13.18 30.50 0.00 0.00 HOLD
129.399	>>> V 0.00 0.00
129.418	>>> V 0.00 0.00
129.418	S 6278819 -13.18 30.50 0.00 0.00 HOLD
129.438	>>> V 0.00 0.00
129.440	S 6278839 -13.18 30.50 0.00 0.00 HOLD
129.458	>>> V 0.00 0.00
129.461	S 6278859 -13.18 30.50 0.00 0.00 HOLD
129.478	S 6278879 -13.18 30.50 0.00 0.00 HOLD
129.491	>>> V 0.00 0.00
129.495	S 6278899 -13.18 30.50 0.00 0.00 HOLD
129.507	>>> V 0.00 0.00
129.509	S 6278919 -13.18 30.50 0.00 0.00 HOLD
129.523	>>> V 0.00 0.00
129.525	S 6278939 -13.18 30.50 0.00 0.00 HOLD
129.541	>>> V 0.00 0.00
129.545	S 6278959 -13.18 30.50 0.00 0.00 HOLD
129.572	>>> V 0.00 0.00
129.572	S 6278979 -13.27 30.50 0.00 0.00 HOLD
129.585	>>> V 0.00 0.00
129.585	S 6278999 -13.18 30.50 0.00 0.00 HOLD
129.598	>>> V 0.00 0.00
129.619	>>> V 0.00 0.00
129.619	S 6279019 -13.18 30.50 0.00 0.00 HOLD
129.638	>>> V 0.00 0.00
129.639	S 6279039 -13.18 30.50 0.00 0.00 HOLD
129.659	>>> V 0.00 0.00
129.660	S 6279059 -13.18 30.50 0.00 0.00 HOLD
129.678	>>> V 0.00 0.00
129.682	S 6279079 -13.18 30.50 0.00 0.00 HOLD
129.691	S 6279099 -13.18 30.50 0.00 0.00 HOLD
129.712	>>> V 0.00 0.00
129.712	S 6279119 -13.18 30.50 0.00 0.00 HOLD
129.717	>>> V 0.00 0.00
129.739	>>> V 0.00 0.00
129.749	S 6279139 -13.18 30.50 0.00 0.00 HOLD
129.755	S 6279159 -13.18 30.50 0.00 0.00 HOLD
129.782	>>> V 0.00 0.00
129.784	S 6279179 -13.18 30.50 0.00 0.00 HOLD
129.786	S 6279199 -13.18 30.50 0.00 0.00 HOLD
129.818	>>> V 0.00 0.00
129.818	S 6279219 -13.18 30.50 0.00 0.00 HOLD
129.824	>>> V 0.00 0.00
129.825	S 6279239 -13.18 30.50 0.00 0.00 HOLD
129.838	>>> V 0.00 0.00
129.860	>>> V 0.00 0.00
129.862	S 6279259 -13.18 30.50 0.00 0.00 HOLD
129.864	S 6279279 -13.18 30.50 0.00 0.00 HOLD
129.878	>>> V 0.00 0.00
129.899	>>> V 0.00 0.00
129.901	S 6279299 -13.18 30.50 0.00 0.00 HOLD
129.919	>>> V 0.00 0.00
129.919	S 6279319 -13.18 30.50 0.00 0.00 HOLD
129.937	>>> V 0.00 0.00
129.938	S 6279339 -13.18 30.50 0.00 0.00 HOLD
129.958	>>> V 0.00 0.00
129.959	S 6279359 -13.18 30.50 0.00 0.00 HOLD
129.979	>>> V 0.00 0.00
129.979	S 6279379 -13.18 30.50 0.00 0.00 HOLD
129.999	>>> V 0.00 0.00
130.003	S 6279399 -13.18 30.50 0.00 0.00 HOLD
130.007	S 6279419 -13.18 30.59 0.00 0.00 HOLD
130.018	>>> V 0.00 0.00
130.039	>>> V 0.00 0.00
130.040	S 6279439 -13.18 30.50 0.00 0.00 HOLD
130.062	>>> V 0.00 0.00
130.065	S 6279459 -13.18 30.59 0.00 0.00 HOLD
130.068	S 6279479 -13.18 30.50 0.00 0.00 HOLD
130.089	>>> V 0.00 0.00
130.091	S 6279499 -13.18 30.50 0.00 0.00 HOLD
130.102	>>> V 0.00 0.00
130.102	S 6279519 -13.18 30.50 0.00 0.00 HOLD
130.126	>>> V 0.00 0.00
130.128	S 6279539 -13.18 30.50 0.00 0.00 HOLD
130.155	>>> V 0.00 0.00
130.156	S 6279559 -13.18 30.50 0.00 0.00 HOLD
130.163	>>> V 0.00 0.00
130.164	S 6279579 -13.18 30.50 0.00 0.00 HOLD
130.181	>>> V 0.00 0.00
130.182	S 6279599 -13.18 30.50 0.00 0.00 HOLD
130.199	>>> V 0.00 0.00
130.202	S 6279619 -13.18 30.50 0.00 0.00 HOLD
130.220	>>> V 0.00 0.00
130.222	S 6279639 -13.27 30.50 0.00 0.00 HOLD
130.242	>>> V 0.00 0.00
130.243	S 6279659 -13.18 30.50 0.00 0.00 HOLD
130.260	>>> V 0.00 0.00
130.262	S 6279679 -13.18 30.50 0.00 0.00 HOLD
130.280	>>> V 0.00 0.00
130.285	S 6279699 -13.18 30.50 0.00 0.00 HOLD
130.299	>>> V 0.00 0.00
130.322	>>> V 0.00 0.00
130.324	S 6279719 -13.18 30.50 0.00 0.00 HOLD
130.325	S 6279739 -13.18 30.50 0.00 0.00 HOLD
130.338	>>> V 0.00 0.00
130.368	>>> V 0.00 0.00
130.369	S 6279759 -13.18 30.50 0.00 0.00 HOLD
130.374	S 6279779 -13.18 30.50 0.00 0.00 HOLD
130.380	>>> V 0.00 0.00
130.382	S 6279799 -13.18 30.50 0.00 0.00 HOLD
130.400	>>> V 0.00 0.00
130.401	S 6279819 -13.18 30.50 0.00 0.00 HOLD
130.421	>>> V 0.00 0.00
130.424	S 6279839 -13.18 30.50 0.00 0.00 HOLD
130.452	>>> V 0.00 0.00
130.452	S 6279859 -13.18 30.50 0.00 0.00 HOLD
130.459	>>> V 0.00 0.00
130.478	>>> V 0.00 0.00
130.480	S 6279879 -13.18 30.50 0.00 0.00 HOLD
130.501	>>> V 0.00 0.00
130.506	S 6279899 -13.18 30.50 0.00 0.00 HOLD
130.507	S 6279919 -13.18 30.50 0.00 0.00 HOLD
130.518	>>> V 0.00 0.00
130.521	S 6279939 -13.18 30.50 0.00 0.00 HOLD
130.538	>>> V 0.00 0.00
130.558	>>> V 0.00 0.00
130.559	S 6279959 -13.18 30.50 0.00 0.00 HOLD
130.578	>>> V 0.00 0.00
130.579	S 6279979 -13.18 30.50 0.00 0.00 HOLD
130.598	>>> V 0.00 0.00
130.599	S 6279999 -13.18 30.50 0.00 0.00 HOLD
130.618	>>> V 0.00 0.00
130.619	S 6280019 -13.18 30.59 0.00 0.00 HOLD
130.638	>>> V 0.00 0.00
130.639	S 6280039 -13.18 30.50 0.00 0.00 HOLD
130.658	>>> V 0.00 0.00
130.662	S 6280059 -13.18 30.50 0.00 0.00 HOLD
130.667	S 6280079 -13.18 30.50 0.00 0.00 HOLD
130.679	>>> V 0.00 0.00
130.699	>>> V 0.00 0.00
130.702	S 6280099 -13.18 30.50 0.00 0.00 HOLD
130.703	S 6280119 -13.18 30.50 0.00 0.00 HOLD
130.719	>>> V 0.00 0.00
130.738	>>> V 0.00 0.00
130.741	S 6280139 -13.18 30.50 0.00 0.00 HOLD
130.746	S 6280159 -13.18 30.50 0.00 0.00 HOLD
130.759	>>> V 0.00 0.00
130.777	>>> V 0.00 0.00
130.778	S 6280179 -13.18 30.50 0.00 0.00 HOLD
130.800	>>> V 0.00 0.00
130.803	S 6280199 -13.18 30.50 0.00 0.00 HOLD
130.804	S 6280219 -13.18 30.50 0.00 0.00 HOLD
130.819	>>> V 0.00 0.00
130.821	S 6280239 -13.18 30.50 0.00 0.00 HOLD
130.839	>>> V 0.00 0.00
130.857	>>> V 0.00 0.00
130.858	S 6280259 -13.18 30.50 0.00 0.00 HOLD
130.879	>>> V 0.00 0.00
130.879	S 6280279 -13.18 30.50 0.00 0.00 HOLD
130.898	>>> V 0.00 0.00
130.898	S 6280299 -13.18 30.50 0.00 0.00 HOLD
130.919	>>> V 0.00 0.00
130.921	S 6280319 -13.18 30.50 0.00 0.00 HOLD
130.922	S 6280339 -13.27 30.50 0.00 0.00 HOLD
130.940	>>> V 0.00 0.00
130.941	S 6280359 -13.18 30.50 0.00 0.00 HOLD
130.958	>>> V 0.00 0.00
130.978	>>> V 0.00 0.00
130.981	S 6280379 -13.18 30.50 0.00 0.00 HOLD
130.984	S 6280399 -13.18 30.50 0.00 0.00 HOLD
130.998	>>> V 0.00 0.00
131.018	>>> V 0.00 0.00
131.019	S 6280419 -13.18 30.50 0.00 0.00 HOLD
131.040	>>> V 0.00 0.00
131.041	S 6280439 -13.18 30.50 0.00 0.00 HOLD
131.059	>>> V 0.00 0.00
131.061	S 6280459 -13.18 30.50 0.00 0.00 HOLD
131.078	>>> V 0.00 0.00
131.078	S 6280479 -13.18 30.50 0.00 0.00 HOLD
131.100	>>> V 0.00 0.00
131.107	S 6280499 -13.18 30.50 0.00 0.00 HOLD
131.111	S 6280519 -13.18 30.50 0.00 0.00 HOLD
131.120	>>> V 0.00 0.00
131.138	>>> V 0.00 0.00
131.140	S 6280539 -13.18 30.50 0.00 0.00 HOLD
131.162	>>> V 0.00 0.00
131.169	S 6280559 -13.18 30.50 0.00 0.00 HOLD
131.175	S 6280579 -13.18 30.50 0.00 0.00 HOLD
131.187	>>> V 0.00 0.00
131.187	S 6280599 -13.18 30.50 0.00 0.00 HOLD
131.200	>>> V 0.00 0.00
131.203	S 6280619 -13.18 30.50 0.00 0.00 HOLD
131.218	>>> V 0.00 0.00
131.239	>>> V 0.00 0.00
131.239	S 6280639 -13.18 30.50 0.00 0.00 HOLD
131.258	>>> V 0.00 0.00
131.261	S 6280659 -13.18 30.50 0.00 0.00 HOLD
131.266	S 6280679 -13.18 30.50 0.00 0.00 HOLD
131.280	>>> V 0.00 0.00
131.299	>>> V 0.00 0.00
131.301	S 6280699 -13.18 30.50 0.00 0.00 HOLD
131.307	S 6280719 -13.18 30.50 0.00 0.00 HOLD
131.324	>>> V 0.00 0.00
131.328	S 6280739 -13.18 30.50 0.00 0.00 HOLD
131.349	>>> V 0.00 0.00
131.352	S 6280759 -13.18 30.50 0.00 0.00 HOLD
131.361	>>> V 0.00 0.00
131.363	S 6280779 -13.18 30.50 0.00 0.00 HOLD
131.378	>>> V 0.00 0.00
131.402	>>> V 0.00 0.00
131.403	S 6280799 -13.18 30.50 0.00 0.00 HOLD
131.404	S 6280819 -13.27 30.50 0.00 0.00 HOLD
131.421	>>> V 0.00 0.00
131.422	S 6280839 -13.18 30.50 0.00 0.00 HOLD
131.437	>>> V 0.00 0.00
131.461	>>> V 0.00 0.00
131.462	S 6280859 -13.18 30.50 0.00 0.00 HOLD
131.467	S 6280879 -13.18 30.50 0.00 0.00 HOLD
131.484	>>> V 0.00 0.00
131.485	S 6280899 -13.18 30.50 0.00 0.00 HOLD
131.503	>>> V 0.00 0.00
131.504	S 6280919 -13.18 30.50 0.00 0.00 HOLD
131.519	>>> V 0.00 0.00
131.546	>>> V 0.00 0.00
131.548	S 6280939 -13.18 30.50 0.00 0.00 HOLD
131.549	S 6280959 -13.18 30.50 0.00 0.00 HOLD
131.567	>>> V 0.00 0.00
131.569	S 6280979 -13.18 30.59 0.00 0.00 HOLD
131.579	>>> V 0.00 0.00
131.597	>>> V 0.00 0.00
131.599	S 6280999 -13.18 30.50 0.00 0.00 HOLD
131.620	>>> V 0.00 0.00
131.621	S 6281019 -13.18 30.50 0.00 0.00 HOLD
131.641	>>> V 0.00 0.00
131.646	S 6281039 -13.18 30.50 0.00 0.00 HOLD
131.651	S 6281059 -13.18 30.50 0.00 0.00 HOLD
131.659	>>> V 0.00 0.00
131.680	>>> V 0.00 0.00
131.680	S 6281079 -13.27 30.50 0.00 0.00 HOLD
131.699	>>> V 0.00 0.00
131.702	S 6281099 -13.18 30.50 0.00 0.00 HOLD
131.703	S 6281119 -13.27 30.50 0.00 0.00 HOLD
131.719	>>> V 0.00 0.00
131.723	S 6281139 -13.18 30.50 0.00 0.00 HOLD
131.740	>>> V 0.00 0.00
131.743	S 6281159 -13.18 30.50 0.00 0.00 HOLD
131.758	>>> V 0.00 0.00
131.764	S 6281179 -13.18 30.50 0.00 0.00 HOLD
131.784	>>> V 0.00 0.00
131.785	S 6281199 -13.18 30.50 0.00 0.00 HOLD
131.797	>>> V 0.00 0.00
131.821	>>> V 0.00 0.00
131.825	S 6281219 -13.18 30.50 0.00 0.00 HOLD
131.828	S 6281239 -13.27 30.50 0.00 0.00 HOLD
131.844	>>> V 0.00 0.00
131.845	S 6281259 -13.27 30.50 0.00 0.00 HOLD
131.867	>>> V 0.00 0.00
131.870	S 6281279 -13.18 30.50 0.00 0.00 HOLD
131.881	>>> V 0.00 0.00
131.883	S 6281299 -13.18 30.50 0.00 0.00 HOLD
131.901	>>> V 0.00 0.00
131.903	S 6281319 -13.18 30.50 0.00 0.00 HOLD
131.921	>>> V 0.00 0.00
131.922	S 6281339 -13.18 30.50 0.00 0.00 HOLD
131.942	>>> V 0.00 0.00
131.942	S 6281359 -13.18 30.50 0.00 0.00 HOLD
131.959	>>> V 0.00 0.00
131.961	S 6281379 -13.18 30.50 0.00 0.00 HOLD
131.982	>>> V 0.00 0.00
131.985	S 6281399 -13.18 30.50 0.00 0.00 HOLD
131.998	>>> V 0.00 0.00
132.020	>>> V 0.00 0.00
132.026	S 6281419 -13.18 30.50 0.00 0.00 HOLD
132.029	S 6281439 -13.18 30.50 0.00 0.00 HOLD
132.038	>>> V 0.00 0.00
132.062	>>> V 0.00 0.00
132.064	S 6281459 -13.18 30.50 0.00 0.00 HOLD
132.067	S 6281479 -13.18 30.50 0.00 0.00 HOLD
132.080	>>> V 0.00 0.00
132.100	>>> V 0.00 0.00
132.101	S 6281499 -13.18 30.50 0.00 0.00 HOLD
132.102	S 6281519 -13.18 30.50 0.00 0.00 HOLD
132.120	>>> V 0.00 0.00
132.123	S 6281539 -13.18 30.50 0.00 0.00 HOLD
132.143	>>> V 0.00 0.00
132.147	S 6281559 -13.18 30.50 0.00 0.00 HOLD
132.164	>>> V 0.00 0.00
132.165	S 6281579 -13.18 30.59 0.00 0.00 HOLD
132.187	>>> V 0.00 0.00
132.188	S 6281599 -13.18 30.50 0.00 0.00 HOLD
132.203	>>> V 0.00 0.00
132.204	S 6281619 -13.18 30.50 0.00 0.00 HOLD
132.229	>>> V 0.00 0.00
132.231	S 6281639 -13.18 30.50 0.00 0.00 HOLD
132.257	>>> V 0.00 0.00
132.257	S 6281659 -13.18 30.50 0.00 0.00 HOLD
132.262	>>> V 0.00 0.00
132.262	S 6281679 -13.18 30.50 0.00 0.00 HOLD
132.281	>>> V 0.00 0.00
132.283	S 6281699 -13.18 30.50 0.00 0.00 HOLD
132.299	>>> V 0.00 0.00
132.332	>>> V 0.00 0.00
132.332	S 6281719 -13.18 30.50 0.00 0.00 HOLD
132.334	S 6281739 -13.18 30.50 0.00 0.00 HOLD
132.348	>>> V 0.00 0.00
132.349	S 6281759 -13.18 30.59 0.00 0.00 HOLD
132.360	>>> V 0.00 0.00
132.386	>>> V 0.00 0.00
132.390	S 6281779 -13.18 30.50 0.00 0.00 HOLD
132.391	S 6281799 -13.18 30.50 0.00 0.00 HOLD
132.400	>>> V 0.00 0.00
132.404	S 6281819 -13.18 30.50 0.00 0.00 HOLD
132.420	>>> V 0.00 0.00
132.422	S 6281839 -13.18 30.50 0.00 0.00 HOLD
132.438	>>> V 0.00 0.00
132.458	>>> V 0.00 0.00
132.463	S 6281859 -13.18 30.50 0.00 0.00 HOLD
132.467	S 6281879 -13.27 30.50 0.00 0.00 HOLD
132.480	>>> V 0.00 0.00
132.483	S 6281899 -13.18 30.50 0.00 0.00 HOLD
132.504	>>> V 0.00 0.00
132.508	S 6281919 -13.18 30.50 0.00 0.00 HOLD
132.522	>>> V 0.00 0.00
132.523	S 6281939 -13.18 30.50 0.00 0.00 HOLD
132.538	>>> V 0.00 0.00
132.560	>>> V 0.00 0.00
132.561	S 6281959 -13.18 30.50 0.00 0.00 HOLD
132.579	>>> V 0.00 0.00
132.580	S 6281979 -13.18 30.50 0.00 0.00 HOLD
132.601	>>> V 0.00 0.00
132.601	S 6281999 -13.18 30.50 0.00 0.00 HOLD
132.602	S 6282019 -13.18 30.50 0.00 0.00 HOLD
132.617	>>> V 0.00 0.00
132.640	>>> V 0.00 0.00
132.640	S 6282039 -13.18 30.50 0.00 0.00 HOLD
132.658	>>> V 0.00 0.00
132.660	S 6282059 -13.18 30.50 0.00 0.00 HOLD
132.678	>>> V 0.00 0.00
132.679	S 6282079 -13.18 30.50 0.00 0.00 HOLD
132.700	>>> V 0.00 0.00
132.701	S 6282099 -13.18 30.50 0.00 0.00 HOLD
132.704	S 6282119 -13.18 30.50 0.00 0.00 HOLD
132.719	>>> V 0.00 0.00
132.740	>>> V 0.00 0.00
132.741	S 6282139 -13.18 30.50 0.00 0.00 HOLD
132.746	S 6282159 -13.18 30.50 0.00 0.00 HOLD
132.757	>>> V 0.00 0.00
132.779	>>> V 0.00 0.00
132.780	S 6282179 -13.18 30.50 0.00 0.00 HOLD
132.797	>>> V 0.00 0.00
132.798	S 6282199 -13.18 30.50 0.00 0.00 HOLD
132.818	>>> V 0.00 0.00
132.818	S 6282219 -13.18 30.50 0.00 0.00 HOLD
132.839	>>> V 0.00 0.00
132.842	S 6282239 -13.18 30.50 0.00 0.00 HOLD
132.844	S 6282259 -13.18 30.50 0.00 0.00 HOLD
132.858	>>> V 0.00 0.00
132.861	S 6282279 -13.18 30.59 0.00 0.00 HOLD
132.896	>>> V 0.00 0.00
132.897	S 6282299 -13.18 30.50 0.00 0.00 HOLD
132.929	>>> V 0.00 0.00
132.931	S 6282319 -13.18 30.59 0.00 0.00 HOLD
132.937	S 6282339 -13.18 30.50 0.00 0.00 HOLD
132.970	>>> V 0.00 0.00
132.970	S 6282359 -13.18 30.59 0.00 0.00 HOLD
132.996	S 6282379 -13.18 30.50 0.00 0.00 HOLD
133.009	>>> V 0.00 0.00
133.009	S 6282399 -13.18 30.50 0.00 0.00 HOLD
133.034	S 6282419 -13.18 30.50 0.00 0.00 HOLD
133.046	>>> V 0.00 0.00
133.046	S 6282439 -13.18 30.50 0.00 0.00 HOLD
133.047	S 6282459 -13.18 30.50 0.00 0.00 HOLD
133.065	>>> V 0.00 0.00
133.066	S 6282479 -13.27 30.50 0.00 0.00 HOLD
133.083	>>> V 0.00 0.00
133.084	S 6282499 -13.18 30.50 0.00 0.00 HOLD
133.099	>>> V 0.00 0.00
133.122	>>> V 0.00 0.00
133.123	S 6282519 -13.27 30.50 0.00 0.00 HOLD
133.124	S 6282539 -13.18 30.50 0.00 0.00 HOLD
133.138	>>> V 0.00 0.00
133.161	>>> V 0.00 0.00
133.162	S 6282559 -13.18 30.59 0.00 0.00 HOLD
133.165	S 6282579 -13.18 30.50 0.00 0.00 HOLD
133.179	>>> V 0.00 0.00
133.201	>>> V 0.00 0.00
133.202	S 6282599 -13.18 30.50 0.00 0.00 HOLD
133.206	S 6282619 -13.18 30.50 0.00 0.00 HOLD
133.218	>>> V 0.00 0.00
133.249	>>> V 0.00 0.00
133.250	S 6282639 -13.18 30.50 0.00 0.00 HOLD
133.255	S 6282659 -13.18 30.50 0.00 0.00 HOLD
133.264	>>> V 0.00 0.00
133.269	S 6282679 -13.27 30.50 0.00 0.00 HOLD
133.284	>>> V 0.00 0.00
133.287	S 6282699 -13.18 30.50 0.00 0.00 HOLD
133.297	>>> V 0.00 0.00
133.323	>>> V 0.00 0.00
133.323	S 6282719 -13.18 30.50 0.00 0.00 HOLD
133.331	S 6282739 -13.18 30.50 0.00 0.00 HOLD
133.348	>>> V 0.00 0.00
133.349	S 6282759 -13.18 30.50 0.00 0.00 HOLD
133.375	>>> V 0.00 0.00
133.377	S 6282779 -13.18 30.50 0.00 0.00 HOLD
133.387	>>> V 0.00 0.00
133.389	S 6282799 -13.18 30.50 0.00 0.00 HOLD
133.404	>>> V 0.00 0.00
133.405	S 6282819 -13.18 30.50 0.00 0.00 HOLD
133.418	>>> V 0.00 0.00
133.447	>>> V 0.00 0.00
133.450	S 6282840 -13.27 30.50 0.00 0.00 HOLD
133.454	S 6282859 -13.18 30.50 0.00 0.00 HOLD
133.459	>>> V 0.00 0.00
133.487	>>> V 0.00 0.00
133.490	S 6282880 -13.18 30.50 0.00 0.00 HOLD
133.491	S 6282900 -13.18 30.50 0.00 0.00 HOLD
133.503	>>> V 0.00 0.00
133.504	S 6282920 -13.18 30.50 0.00 0.00 HOLD
133.528	>>> V 0.00 0.00
133.528	S 6282940 -13.18 30.50 0.00 0.00 HOLD
133.542	>>> V 0.00 0.00
133.543	S 6282960 -13.18 30.50 0.00 0.00 HOLD
133.558	>>> V 0.00 0.00
133.585	>>> V 0.00 0.00
133.586	S 6282980 -13.18 30.50 0.00 0.00 HOLD
133.587	S 6283000 -13.18 30.50 0.00 0.00 HOLD
133.598	>>> V 0.00 0.00
133.618	>>> V 0.00 0.00
133.620	S 6283020 -13.18 30.50 0.00 0.00 HOLD
133.639	>>> V 0.00 0.00
133.639	S 6283040 -13.18 30.50 0.00 0.00 HOLD
133.658	>>> V 0.00 0.00
133.661	S 6283060 -13.18 30.50 0.00 0.00 HOLD
133.678	>>> V 0.00 0.00
133.679	S 6283080 -13.18 30.50 0.00 0.00 HOLD
133.698	>>> V 0.00 0.00
133.700	S 6283100 -13.18 30.50 0.00 0.00 HOLD
133.721	>>> V 0.00 0.00
133.722	S 6283120 -13.18 30.50 0.00 0.00 HOLD
133.723	S 6283140 -13.18 30.50 0.00 0.00 HOLD
133.738	>>> V 0.00 0.00
133.761	>>> V 0.00 0.00
133.764	S 6283160 -13.18 30.50 0.00 0.00 HOLD
133.765	S 6283180 -13.18 30.50 0.00 0.00 HOLD
133.779	>>> V 0.00 0.00
133.800	>>> V 0.00 0.00
133.809	S 6283200 -13.18 30.50 0.00 0.00 HOLD
133.814	S 6283220 -13.18 30.50 0.00 0.00 HOLD
133.827	>>> V 0.00 0.00
133.827	S 6283240 -13.18 30.50 0.00 0.00 HOLD
133.838	>>> V 0.00 0.00
133.858	>>> V 0.00 0.00
133.858	S 6283260 -13.18 30.50 0.00 0.00 HOLD
133.879	>>> V 0.00 0.00
133.882	S 6283280 -13.18 30.50 0.00 0.00 HOLD
133.883	S 6283300 -13.18 30.50 0.00 0.00 HOLD
133.898	>>> V 0.00 0.00
133.918	>>> V 0.00 0.00
133.920	S 6283320 -13.18 30.59 0.00 0.00 HOLD
133.942	>>> V 0.00 0.00
133.942	S 6283340 -13.18 30.50 0.00 0.00 HOLD
133.943	S 6283360 -13.18 30.50 0.00 0.00 HOLD
133.958	>>> V 0.00 0.00
133.979	>>> V 0.00 0.00
133.981	S 6283380 -13.18 30.50 0.00 0.00 HOLD
133.999	>>> V 0.00 0.00
134.000	S 6283400 -13.18 30.50 0.00 0.00 HOLD
134.026	>>> V 0.00 0.00
134.029	S 6283420 -13.18 30.50 0.00 0.00 HOLD
134.030	S 6283440 -13.18 30.50 0.00 0.00 HOLD
134.041	>>> V 0.00 0.00
134.046	S 6283460 -13.18 30.50 0.00 0.00 HOLD
134.059	>>> V 0.00 0.00
134.084	>>> V 0.00 0.00
134.086	S 6283480 -13.18 30.50 0.00 0.00 HOLD
134.090	S 6283500 -13.18 30.50 0.00 0.00 HOLD
134.099	>>> V 0.00 0.00
134.118	>>> V 0.00 0.00
134.118	S 6283520 -13.18 30.50 0.00 0.00 HOLD
134.140	>>> V 0.00 0.00
134.140	S 6283540 -13.18 30.50 0.00 0.00 HOLD
134.158	>>> V 0.00 0.00
134.158	S 6283560 -13.18 30.50 0.00 0.00 HOLD
134.180	>>> V 0.00 0.00
134.182	S 6283580 -13.18 30.50 0.00 0.00 HOLD
134.199	>>> V 0.00 0.00
134.201	S 6283600 -13.18 30.50 0.00 0.00 HOLD
134.219	>>> V 0.00 0.00
134.220	S 6283620 -13.18 30.50 0.00 0.00 HOLD
134.239	>>> V 0.00 0.00
134.240	S 6283640 -13.18 30.50 0.00 0.00 HOLD
134.267	>>> V 0.00 0.00
134.270	S 6283660 -13.18 30.50 0.00 0.00 HOLD
134.273	S 6283680 -13.18 30.50 0.00 0.00 HOLD
134.279	>>> V 0.00 0.00
134.300	>>> V 0.00 0.00
134.300	S 6283700 -13.18 30.50 0.00 0.00 HOLD
134.318	>>> V 0.00 0.00
134.321	S 6283720 -13.18 30.50 0.00 0.00 HOLD
134.337	>>> V 0.00 0.00
134.339	S 6283740 -13.18 30.50 0.00 0.00 HOLD
134.358	>>> V 0.00 0.00
134.359	S 6283760 -13.18 30.50 0.00 0.00 HOLD
134.378	>>> V 0.00 0.00
134.380	S 6283780 -13.18 30.50 0.00 0.00 HOLD
134.398	>>> V 0.00 0.00
134.398	S 6283800 -13.18 30.50 0.00 0.00 HOLD
134.419	>>> V 0.00 0.00
134.421	S 6283820 -13.18 30.50 0.00 0.00 HOLD
134.438	>>> V 0.00 0.00
134.440	S 6283840 -13.18 30.50 0.00 0.00 HOLD
134.466	>>> V 0.00 0.00
134.467	S 6283860 -13.18 30.50 0.00 0.00 HOLD
134.470	S 6283880 -13.18 30.50 0.00 0.00 HOLD
134.482	>>> V 0.00 0.00
134.484	S 6283900 -13.18 30.50 0.00 0.00 HOLD
134.503	>>> V 0.00 0.00
134.504	S 6283920 -13.18 30.50 0.00 0.00 HOLD
134.520	>>> V 0.00 0.00
134.540	>>> V 0.00 0.00
134.540	S 6283940 -13.18 30.50 0.00 0.00 HOLD
134.562	>>> V 0.00 0.00
134.562	S 6283960 -13.18 30.50 0.00 0.00 HOLD
134.564	S 6283980 -13.18 30.50 0.00 0.00 HOLD
134.582	>>> V 0.00 0.00
134.585	S 6284000 -13.18 30.50 0.00 0.00 HOLD
134.598	>>> V 0.00 0.00
134.618	>>> V 0.00 0.00
134.619	S 6284020 -13.18 30.59 0.00 0.00 HOLD
134.639	>>> V 0.00 0.00
134.642	S 6284040 -13.18 30.50 0.00 0.00 HOLD
134.659	>>> V 0.00 0.00
134.660	S 6284060 -13.18 30.59 0.00 0.00 HOLD
134.679	>>> V 0.00 0.00
134.689	S 6284080 -13.18 30.50 0.00 0.00 HOLD
134.690	S 6284100 -13.18 30.50 0.00 0.00 HOLD
134.709	>>> V 0.00 0.00
134.709	S 6284120 -13.18 30.50 0.00 0.00 HOLD
134.719	>>> V 0.00 0.00
134.740	>>> V 0.00 0.00
134.741	S 6284140 -13.18 30.50 0.00 0.00 HOLD
134.757	>>> V 0.00 0.00
134.760	S 6284160 -13.18 30.50 0.00 0.00 HOLD
134.779	>>> V 0.00 0.00
134.779	S 6284180 -13.18 30.50 0.00 0.00 HOLD
134.799	>>> V 0.00 0.00
134.802	S 6284200 -13.18 30.50 0.00 0.00 HOLD
134.803	S 6284220 -13.18 30.50 0.00 0.00 HOLD
134.818	>>> V 0.00 0.00
134.839	>>> V 0.00 0.00
134.839	S 6284240 -13.18 30.50 0.00 0.00 HOLD
134.859	>>> V 0.00 0.00
134.860	S 6284260 -13.18 30.50 0.00 0.00 HOLD
134.879	>>> V 0.00 0.00
134.882	S 6284280 -13.27 30.50 0.00 0.00 HOLD
134.885	S 6284300 -13.18 30.50 0.00 0.00 HOLD
134.900	>>> V 0.00 0.00
134.902	S 6284320 -13.27 30.50 0.00 0.00 HOLD
134.918	>>> V 0.00 0.00
134.938	>>> V 0.00 0.00
134.940	S 6284340 -13.18 30.50 0.00 0.00 HOLD
134.960	>>> V 0.00 0.00
134.963	S 6284360 -13.18 30.50 0.00 0.00 HOLD
134.964	S 6284380 -13.18 30.50 0.00 0.00 HOLD
134.978	>>> V 0.00 0.00
134.998	>>> V 0.00 0.00
135.001	S 6284400 -13.18 30.50 0.00 0.00 HOLD
135.018	>>> V 0.00 0.00
135.019	S 6284420 -13.18 30.50 0.00 0.00 HOLD
135.038	>>> V 0.00 0.00
135.041	S 6284440 -13.18 30.50 0.00 0.00 HOLD
135.058	>>> V 0.00 0.00
135.059	S 6284460 -13.18 30.50 0.00 0.00 HOLD
135.085	>>> V 0.00 0.00
135.086	S 6284480 -13.18 30.50 0.00 0.00 HOLD
135.089	S 6284500 -13.27 30.50 0.00 0.00 HOLD
135.098	>>> V 0.00 0.00
135.121	>>> V 0.00 0.00
135.122	S 6284520 -13.18 30.50 0.00 0.00 HOLD
135.124	S 6284540 -13.18 30.50 0.00 0.00 HOLD
135.140	>>> V 0.00 0.00
135.142	S 6284560 -13.18 30.50 0.00 0.00 HOLD
135.159	>>> V 0.00 0.00
135.183	>>> V 0.00 0.00
135.185	S 6284580 -13.18 30.50 0.00 0.00 HOLD
135.188	S 6284600 -13.18 30.50 0.00 0.00 HOLD
135.204	>>> V 0.00 0.00
135.209	S 6284620 -13.18 30.50 0.00 0.00 HOLD
135.230	>>> V 0.00 0.00
135.231	S 6284640 -13.18 30.50 0.00 0.00 HOLD
135.248	>>> V 0.00 0.00
135.249	S 6284660 -13.18 30.50 0.00 0.00 HOLD
135.262	>>> V 0.00 0.00
135.264	S 6284680 -13.18 30.50 0.00 0.00 HOLD
135.278	>>> V 0.00 0.00
135.306	>>> V 0.00 0.00
135.307	S 6284700 -13.18 30.50 0.00 0.00 HOLD
135.311	S 6284720 -13.18 30.50 0.00 0.00 HOLD
135.319	>>> V 0.00 0.00
135.340	>>> V 0.00 0.00
135.341	S 6284740 -13.18 30.50 0.00 0.00 HOLD
135.358	>>> V 0.00 0.00
135.358	S 6284760 -13.18 30.50 0.00 0.00 HOLD
135.379	>>> V 0.00 0.00
135.379	S 6284780 -13.18 30.50 0.00 0.00 HOLD
135.398	>>> V 0.00 0.00
135.400	S 6284800 -13.18 30.50 0.00 0.00 HOLD
135.418	>>> V 0.00 0.00
135.419	S 6284820 -13.18 30.50 0.00 0.00 HOLD
135.438	>>> V 0.00 0.00
135.441	S 6284840 -13.18 30.50 0.00 0.00 HOLD
135.460	>>> V 0.00 0.00
135.463	S 6284860 -13.18 30.59 0.00 0.00 HOLD
135.467	S 6284880 -13.18 30.50 0.00 0.00 HOLD
135.478	>>> V 0.00 0.00
135.500	>>> V 0.00 0.00
135.503	S 6284900 -13.18 30.50 0.00 0.00 HOLD
135.514	S 6284920 -13.18 30.50 0.00 0.00 HOLD
135.524	>>> V 0.00 0.00
135.524	S 6284940 -13.18 30.50 0.00 0.00 HOLD
135.558	>>> V 0.00 0.00
135.559	S 6284960 -13.18 30.50 0.00 0.00 HOLD
135.563	>>> V 0.00 0.00
135.564	S 6284980 -13.18 30.50 0.00 0.00 HOLD
135.577	>>> V 0.00 0.00
135.600	>>> V 0.00 0.00
135.603	S 6285000 -13.18 30.50 0.00 0.00 HOLD
135.610	S 6285020 -13.18 30.50 0.00 0.00 HOLD
135.631	>>> V 0.00 0.00
135.631	S 6285040 -13.18 30.50 0.00 0.00 HOLD
135.637	>>> V 0.00 0.00
135.658	>>> V 0.00 0.00
135.668	S 6285060 -13.18 30.50 0.00 0.00 HOLD
135.673	S 6285080 -13.18 30.50 0.00 0.00 HOLD
135.702	>>> V 0.00 0.00
135.702	S 6285100 -13.18 30.50 0.00 0.00 HOLD
135.703	S 6285120 -13.18 30.50 0.00 0.00 HOLD
135.720	>>> V 0.00 0.00
135.726	S 6285140 -13.18 30.50 0.00 0.00 HOLD
135.749	>>> V 0.00 0.00
135.751	S 6285160 -13.18 30.50 0.00 0.00 HOLD
135.758	>>> V 0.00 0.00
135.781	>>> V 0.00 0.00
135.782	S 6285180 -13.18 30.50 0.00 0.00 HOLD
135.783	S 6285200 -13.18 30.50 0.00 0.00 HOLD
135.798	>>> V 0.00 0.00
135.820	>>> V 0.00 0.00
135.822	S 6285220 -13.18 30.50 0.00 0.00 HOLD
135.824	S 6285240 -13.18 30.50 0.00 0.00 HOLD
135.838	>>> V 0.00 0.00
135.858	>>> V 0.00 0.00
135.859	S 6285260 -13.18 30.50 0.00 0.00 HOLD
135.878	>>> V 0.00 0.00
135.882	S 6285280 -13.18 30.50 0.00 0.00 HOLD
135.893	S 6285300 -13.18 30.50 0.00 0.00 HOLD
135.898	>>> V 0.00 0.00
135.902	S 6285320 -13.18 30.50 0.00 0.00 HOLD
135.917	>>> V 0.00 0.00
135.938	>>> V 0.00 0.00
135.938	S 6285340 -13.18 30.50 0.00 0.00 HOLD
135.958	>>> V 0.00 0.00
135.961	S 6285360 -13.18 30.50 0.00 0.00 HOLD
135.978	>>> V 0.00 0.00
135.982	S 6285380 -13.18 30.50 0.00 0.00 HOLD
135.998	>>> V 0.00 0.00
135.999	S 6285400 -13.18 30.50 0.00 0.00 HOLD
136.021	>>> V 0.00 0.00
136.023	S 6285420 -13.18 30.59 0.00 0.00 HOLD
136.030	S 6285440 -13.18 30.50 0.00 0.00 HOLD
136.043	>>> V 0.00 0.00
136.053	S 6285460 -13.18 30.50 0.00 0.00 HOLD
136.078	>>> V 0.00 0.00
136.079	S 6285480 -13.18 30.50 0.00 0.00 HOLD
136.104	>>> V 0.00 0.00
136.104	S 6285500 -13.18 30.50 0.00 0.00 HOLD
136.105	S 6285520 -13.18 30.50 0.00 0.00 HOLD
136.140	>>> V 0.00 0.00
136.142	S 6285540 -13.18 30.50 0.00 0.00 HOLD
136.178	>>> V 0.00 0.00
136.179	S 6285560 -13.18 30.50 0.00 0.00 HOLD
136.180	S 6285580 -13.18 30.50 0.00 0.00 HOLD
136.214	>>> V 0.00 0.00
136.215	S 6285600 -13.18 30.50 0.00 0.00 HOLD
136.230	S 6285620 -13.18 30.50 0.00 0.00 HOLD
136.259	>>> V 0.00 0.00
136.266	S 6285640 -13.18 30.50 0.00 0.00 HOLD
136.272	S 6285660 -13.18 30.50 0.00 0.00 HOLD
136.278	S 6285680 -13.18 30.50 0.00 0.00 HOLD
136.290	>>> V 0.00 0.00
136.291	S 6285700 -13.18 30.50 0.00 0.00 HOLD
136.301	>>> V 0.00 0.00
136.318	>>> V 0.00 0.00
136.320	S 6285720 -13.18 30.50 0.00 0.00 HOLD
136.344	>>> V 0.00 0.00
136.346	S 6285740 -13.18 30.50 0.00 0.00 HOLD
136.354	S 6285760 -13.18 30.50 0.00 0.00 HOLD
136.373	>>> V 0.00 0.00
136.376	S 6285780 -13.18 30.50 0.00 0.00 HOLD
136.390	>>> V 0.00 0.00
136.392	S 6285800 -13.18 30.50 0.00 0.00 HOLD
136.401	>>> V 0.00 0.00
136.402	S 6285820 -13.18 30.59 0.00 0.00 HOLD
136.418	>>> V 0.00 0.00
136.439	>>> V 0.00 0.00
136.442	S 6285840 -13.18 30.50 0.00 0.00 HOLD
136.448	S 6285860 -13.18 30.50 0.00 0.00 HOLD
136.464	>>> V 0.00 0.00
136.466	S 6285880 -13.18 30.50 0.00 0.00 HOLD
136.487	>>> V 0.00 0.00
136.490	S 6285900 -13.18 30.50 0.00 0.00 HOLD
136.530	>>> V 0.00 0.00
136.531	S 6285920 -13.18 30.50 0.00 0.00 HOLD
136.534	S 6285940 -13.18 30.59 0.00 0.00 HOLD
136.548	>>> V 0.00 0.00
136.550	S 6285960 -13.18 30.50 0.00 0.00 HOLD
136.567	>>> V 0.00 0.00
136.570	S 6285980 -13.18 30.50 0.00 0.00 HOLD
136.578	>>> V 0.00 0.00
136.598	>>> V 0.00 0.00
136.602	S 6286000 -13.18 30.50 0.00 0.00 HOLD
136.608	S 6286020 -13.18 30.50 0.00 0.00 HOLD
136.618	>>> V 0.00 0.00
136.655	>>> V 0.00 0.00
136.658	S 6286040 -13.18 30.50 0.00 0.00 HOLD
136.672	S 6286060 -13.18 30.50 0.00 0.00 HOLD
136.699	>>> V 0.00 0.00
136.703	S 6286080 -13.18 30.50 0.00 0.00 HOLD
136.704	S 6286100 -13.18 30.50 0.00 0.00 HOLD
136.712	S 6286120 -13.18 30.50 0.00 0.00 HOLD
136.723	>>> V 0.00 0.00
136.724	S 6286140 -13.18 30.50 0.00 0.00 HOLD
136.738	>>> V 0.00 0.00
136.758	>>> V 0.00 0.00
136.759	S 6286160 -13.18 30.50 0.00 0.00 HOLD
136.778	>>> V 0.00 0.00
136.789	S 6286180 -13.18 30.50 0.00 0.00 HOLD
136.796	S 6286200 -13.18 30.50 0.00 0.00 HOLD
136.809	>>> V 0.00 0.00
136.809	S 6286220 -13.18 30.50 0.00 0.00 HOLD
136.828	>>> V 0.00 0.00
136.830	S 6286240 -13.18 30.50 0.00 0.00 HOLD
136.838	>>> V 0.00 0.00
136.862	>>> V 0.00 0.00
136.864	S 6286260 -13.18 30.50 0.00 0.00 HOLD
136.870	S 6286280 -13.18 30.50 0.00 0.00 HOLD
136.891	>>> V 0.00 0.00
136.892	S 6286300 -13.18 30.50 0.00 0.00 HOLD
136.921	>>> V 0.00 0.00
136.922	S 6286320 -13.18 30.50 0.00 0.00 HOLD
136.965	>>> V 0.00 0.00
136.966	S 6286340 -13.18 30.50 0.00 0.00 HOLD
136.970	S 6286360 -13.18 30.50 0.00 0.00 HOLD
136.973	S 6286380 -13.18 30.50 0.00 0.00 HOLD
136.993	>>> V 0.00 0.00
136.996	S 6286400 -13.18 30.50 0.00 0.00 HOLD
137.004	>>> V 0.00 0.00
137.006	S 6286420 -13.18 30.50 0.00 0.00 HOLD
137.024	>>> V 0.00 0.00
137.025	S 6286440 -13.18 30.50 0.00 0.00 HOLD
137.045	>>> V 0.00 0.00
137.046	S 6286460 -13.18 30.50 0.00 0.00 HOLD
137.061	>>> V 0.00 0.00
137.062	S 6286480 -13.18 30.50 0.00 0.00 HOLD
137.095	>>> V 0.00 0.00
137.096	S 6286500 -13.18 30.50 0.00 0.00 HOLD
137.103	>>> V 0.00 0.00
137.107	S 6286520 -13.18 30.50 0.00 0.00 HOLD
137.120	>>> V 0.00 0.00
137.122	S 6286540 -13.18 30.50 0.00 0.00 HOLD
137.140	>>> V 0.00 0.00
137.158	>>> V 0.00 0.00
137.159	S 6286560 -13.18 30.50 0.00 0.00 HOLD
137.179	>>> V 0.00 0.00
137.181	S 6286580 -13.18 30.50 0.00 0.00 HOLD
137.201	>>> V 0.00 0.00
137.203	S 6286600 -13.18 30.50 0.00 0.00 HOLD
137.206	S 6286620 -13.18 30.50 0.00 0.00 HOLD
137.218	>>> V 0.00 0.00
137.239	>>> V 0.00 0.00
137.242	S 6286640 -13.18 30.50 0.00 0.00 HOLD
137.258	>>> V 0.00 0.00
137.259	S 6286660 -13.18 30.50 0.00 0.00 HOLD
137.278	>>> V 0.00 0.00
137.278	S 6286680 -13.18 30.50 0.00 0.00 HOLD
137.298	>>> V 0.00 0.00
137.298	S 6286700 -13.18 30.50 0.00 0.00 HOLD
137.318	>>> V 0.00 0.00
137.324	S 6286720 -13.18 30.50 0.00 0.00 HOLD
137.332	S 6286740 -13.18 30.50 0.00 0.00 HOLD
137.348	>>> V 0.00 0.00
137.350	S 6286760 -13.18 30.50 0.00 0.00 HOLD
137.360	>>> V 0.00 0.00
137.369	S 6286780 -13.18 30.50 0.00 0.00 HOLD
137.379	>>> V 0.00 0.00
137.382	S 6286800 -13.18 30.50 0.00 0.00 HOLD
137.402	>>> V 0.00 0.00
137.406	S 6286820 -13.18 30.50 0.00 0.00 HOLD
137.419	>>> V 0.00 0.00
137.439	>>> V 0.00 0.00
137.446	S 6286840 -13.18 30.50 0.00 0.00 HOLD
137.451	S 6286860 -13.18 30.50 0.00 0.00 HOLD
137.463	>>> V 0.00 0.00
137.463	S 6286880 -13.18 30.50 0.00 0.00 HOLD
137.479	>>> V 0.00 0.00
137.499	>>> V 0.00 0.00
137.503	S 6286900 -13.18 30.50 0.00 0.00 HOLD
137.505	S 6286920 -13.18 30.50 0.00 0.00 HOLD
137.518	>>> V 0.00 0.00
137.540	>>> V 0.00 0.00
137.544	S 6286940 -13.18 30.50 0.00 0.00 HOLD
137.550	S 6286960 -13.18 30.50 0.00 0.00 HOLD
137.560	>>> V 0.00 0.00
137.579	>>> V 0.00 0.00
137.580	S 6286980 -13.18 30.50 0.00 0.00 HOLD
137.599	>>> V 0.00 0.00
137.600	S 6287000 -13.18 30.50 0.00 0.00 HOLD
137.619	>>> V 0.00 0.00
137.619	S 6287020 -13.18 30.50 0.00 0.00 HOLD
137.638	>>> V 0.00 0.00
137.638	S 6287040 -13.18 30.50 0.00 0.00 HOLD
137.658	>>> V 0.00 0.00
137.660	S 6287060 -13.18 30.50 0.00 0.00 HOLD
137.679	>>> V 0.00 0.00
137.680	S 6287080 -13.18 30.50 0.00 0.00 HOLD
137.698	>>> V 0.00 0.00
137.698	S 6287100 -13.18 30.50 0.00 0.00 HOLD
137.719	>>> V 0.00 0.00
137.720	S 6287120 -13.18 30.50 0.00 0.00 HOLD
137.738	>>> V 0.00 0.00
137.741	S 6287140 -13.18 30.50 0.00 0.00 HOLD
137.758	>>> V 0.00 0.00
137.759	S 6287160 -13.18 30.50 0.00 0.00 HOLD
137.778	>>> V 0.00 0.00
137.781	S 6287180 -13.18 30.50 0.00 0.00 HOLD
137.798	>>> V 0.00 0.00
137.801	S 6287200 -13.18 30.50 0.00 0.00 HOLD
137.818	>>> V 0.00 0.00
137.818	S 6287220 -13.18 30.50 0.00 0.00 HOLD
137.853	>>> V 0.00 0.00
137.854	S 6287240 -13.18 30.50 0.00 0.00 HOLD
137.856	S 6287260 -13.18 30.50 0.00 0.00 HOLD
137.860	>>> V 0.00 0.00
137.878	>>> V 0.00 0.00
137.881	S 6287280 -13.18 30.50 0.00 0.00 HOLD
137.901	>>> V 0.00 0.00
137.903	S 6287300 -13.27 30.50 0.00 0.00 HOLD
137.904	S 6287320 -13.18 30.50 0.00 0.00 HOLD
137.918	>>> V 0.00 0.00
137.939	>>> V 0.00 0.00
137.939	S 6287340 -13.18 30.50 0.00 0.00 HOLD
137.960	>>> V 0.00 0.00
137.963	S 6287360 -13.18 30.50 0.00 0.00 HOLD
137.968	S 6287380 -13.18 30.59 0.00 0.00 HOLD
137.984	>>> V 0.00 0.00
137.986	S 6287400 -13.18 30.50 0.00 0.00 HOLD
138.029	>>> V 0.00 0.00
138.030	S 6287420 -13.18 30.50 0.00 0.00 HOLD
138.045	S 6287440 -13.18 30.50 0.00 0.00 HOLD
138.051	>>> V 0.00 0.00
138.051	S 6287460 -13.18 30.50 0.00 0.00 HOLD
138.073	>>> V 0.00 0.00
138.074	S 6287480 -13.18 30.50 0.00 0.00 HOLD
138.089	>>> V 0.00 0.00
138.089	S 6287500 -13.18 30.50 0.00 0.00 HOLD
138.099	>>> V 0.00 0.00
138.119	>>> V 0.00 0.00
138.119	S 6287520 -13.18 30.50 0.00 0.00 HOLD
138.141	>>> V 0.00 0.00
138.144	S 6287540 -13.18 30.50 0.00 0.00 HOLD
138.146	S 6287560 -13.18 30.50 0.00 0.00 HOLD
138.158	>>> V 0.00 0.00
138.180	>>> V 0.00 0.00
138.181	S 6287580 -13.18 30.50 0.00 0.00 HOLD
138.199	>>> V 0.00 0.00
138.200	S 6287600 -13.18 30.50 0.00 0.00 HOLD
138.220	>>> V 0.00 0.00
138.222	S 6287620 -13.18 30.50 0.00 0.00 HOLD
138.240	>>> V 0.00 0.00
138.240	S 6287640 -13.18 30.50 0.00 0.00 HOLD
138.269	>>> V 0.00 0.00
138.269	S 6287660 -13.18 30.50 0.00 0.00 HOLD
138.284	S 6287680 -13.18 30.50 0.00 0.00 HOLD
138.309	>>> V 0.00 0.00
138.315	S 6287700 -13.18 30.50 0.00 0.00 HOLD
138.348	S 6287720 -13.18 30.50 0.00 0.00 HOLD
138.361	>>> V 0.00 0.00
138.378	S 6287740 -13.18 30.50 0.00 0.00 HOLD
138.392	S 6287760 -13.18 30.59 0.00 0.00 HOLD
138.398	S 6287780 -13.18 30.50 0.00 0.00 HOLD
138.433	>>> V 0.00 0.00
138.434	S 6287800 -13.18 30.50 0.00 0.00 HOLD
138.435	S 6287820 -13.18 30.50 0.00 0.00 HOLD
138.437	S 6287840 -13.18 30.50 0.00 0.00 HOLD
138.444	>>> V 0.00 0.00
138.444	S 6287860 -13.18 30.50 0.00 0.00 HOLD
138.458	>>> V 0.00 0.00
138.478	>>> V 0.00 0.00
138.481	S 6287880 -13.18 30.50 0.00 0.00 HOLD
138.497	>>> V 0.00 0.00
138.498	S 6287900 -13.18 30.50 0.00 0.00 HOLD
138.521	>>> V 0.00 0.00
138.523	S 6287920 -13.18 30.59 0.00 0.00 HOLD
138.529	S 6287940 -13.18 30.50 0.00 0.00 HOLD
138.538	>>> V 0.00 0.00
138.573	>>> V 0.00 0.00
138.576	S 6287960 -13.18 30.50 0.00 0.00 HOLD
138.577	S 6287980 -13.18 30.50 0.00 0.00 HOLD
138.583	>>> V 0.00 0.00
138.583	S 6288000 -13.18 30.50 0.00 0.00 HOLD
138.603	>>> V 0.00 0.00
138.604	S 6288020 -13.18 30.50 0.00 0.00 HOLD
138.637	>>> V 0.00 0.00
138.638	S 6288040 -13.18 30.50 0.00 0.00 HOLD
138.663	>>> V 0.00 0.00
138.663	S 6288060 -13.18 30.50 0.00 0.00 HOLD
138.668	S 6288080 -13.18 30.50 0.00 0.00 HOLD
138.681	>>> V 0.00 0.00
138.699	>>> V 0.00 0.00
138.700	S 6288100 -13.18 30.50 0.00 0.00 HOLD
138.718	>>> V 0.00 0.00
138.718	S 6288120 -13.18 30.50 0.00 0.00 HOLD
138.741	>>> V 0.00 0.00
138.745	S 6288140 -13.18 30.50 0.00 0.00 HOLD
138.747	S 6288160 -13.18 30.50 0.00 0.00 HOLD
138.763	>>> V 0.00 0.00
138.766	S 6288180 -13.27 30.50 0.00 0.00 HOLD
138.782	>>> V 0.00 0.00
138.783	S 6288200 -13.18 30.50 0.00 0.00 HOLD
138.800	>>> V 0.00 0.00
138.819	>>> V 0.00 0.00
138.819	S 6288220 -13.18 30.50 0.00 0.00 HOLD
138.839	>>> V 0.00 0.00
138.840	S 6288240 -13.18 30.50 0.00 0.00 HOLD
138.860	>>> V 0.00 0.00
138.863	S 6288260 -13.18 30.50 0.00 0.00 HOLD
138.864	S 6288280 -13.18 30.50 0.00 0.00 HOLD
138.880	>>> V 0.00 0.00
138.899	>>> V 0.00 0.00
138.900	S 6288300 -13.18 30.50 0.00 0.00 HOLD
138.918	>>> V 0.00 0.00
138.921	S 6288320 -13.18 30.50 0.00 0.00 HOLD
138.939	>>> V 0.00 0.00
138.940	S 6288340 -13.18 30.50 0.00 0.00 HOLD
138.959	>>> V 0.00 0.00
138.962	S 6288360 -13.18 30.50 0.00 0.00 HOLD
138.963	S 6288380 -13.18 30.50 0.00 0.00 HOLD
138.978	>>> V 0.00 0.00
138.998	>>> V 0.00 0.00
139.000	S 6288400 -13.18 30.50 0.00 0.00 HOLD
139.029	>>> V 0.00 0.00
139.029	S 6288420 -13.18 30.50 0.00 0.00 HOLD
139.033	S 6288440 -13.18 30.50 0.00 0.00 HOLD
139.048	>>> V 0.00 0.00
139.049	S 6288460 -13.18 30.50 0.00 0.00 HOLD
139.062	>>> V 0.00 0.00
139.065	S 6288480 -13.18 30.50 0.00 0.00 HOLD
139.079	>>> V 0.00 0.00
139.084	S 6288500 -13.18 30.50 0.00 0.00 HOLD
139.098	>>> V 0.00 0.00
139.103	S 6288520 -13.18 30.50 0.00 0.00 HOLD
139.120	>>> V 0.00 0.00
139.139	>>> V 0.00 0.00
139.140	S 6288540 -13.18 30.50 0.00 0.00 HOLD
139.159	>>> V 0.00 0.00
139.161	S 6288560 -13.18 30.50 0.00 0.00 HOLD
139.180	>>> V 0.00 0.00
139.181	S 6288580 -13.18 30.50 0.00 0.00 HOLD
139.199	>>> V 0.00 0.00
139.201	S 6288600 -13.18 30.59 0.00 0.00 HOLD
139.218	>>> V 0.00 0.00
139.221	S 6288620 -13.18 30.50 0.00 0.00 HOLD
139.246	>>> V 0.00 0.00
139.247	S 6288640 -13.18 30.50 0.00 0.00 HOLD
139.250	S 6288660 -13.18 30.50 0.00 0.00 HOLD
139.258	>>> V 0.00 0.00
139.279	>>> V 0.00 0.00
139.280	S 6288680 -13.18 30.50 0.00 0.00 HOLD
139.298	>>> V 0.00 0.00
139.299	S 6288700 -13.18 30.50 0.00 0.00 HOLD
139.318	>>> V 0.00 0.00
139.319	S 6288720 -13.18 30.50 0.00 0.00 HOLD
139.338	>>> V 0.00 0.00
139.343	S 6288740 -13.18 30.50 0.00 0.00 HOLD
139.351	S 6288760 -13.18 30.50 0.00 0.00 HOLD
139.367	>>> V 0.00 0.00
139.368	S 6288780 -13.18 30.50 0.00 0.00 HOLD
139.389	>>> V 0.00 0.00
139.390	S 6288800 -13.18 30.50 0.00 0.00 HOLD
139.404	>>> V 0.00 0.00
139.404	S 6288820 -13.18 30.50 0.00 0.00 HOLD
139.419	>>> V 0.00 0.00
139.443	>>> V 0.00 0.00
139.443	S 6288840 -13.18 30.50 0.00 0.00 HOLD
139.444	S 6288860 -13.18 30.50 0.00 0.00 HOLD
139.458	>>> V 0.00 0.00
139.479	>>> V 0.00 0.00
139.479	S 6288880 -13.18 30.50 0.00 0.00 HOLD
139.498	>>> V 0.00 0.00
139.498	S 6288900 -13.18 30.50 0.00 0.00 HOLD
139.518	>>> V 0.00 0.00
139.520	S 6288920 -13.18 30.50 0.00 0.00 HOLD
139.538	>>> V 0.00 0.00
139.538	S 6288940 -13.18 30.50 0.00 0.00 HOLD
139.559	>>> V 0.00 0.00
139.561	S 6288960 -13.18 30.50 0.00 0.00 HOLD
139.577	>>> V 0.00 0.00
139.578	S 6288980 -13.18 30.50 0.00 0.00 HOLD
139.601	>>> V 0.00 0.00
139.604	S 6289000 -13.18 30.50 0.00 0.00 HOLD
139.609	S 6289020 -13.18 30.50 0.00 0.00 HOLD
139.620	>>> V 0.00 0.00
139.638	>>> V 0.00 0.00
139.639	S 6289040 -13.18 30.50 0.00 0.00 HOLD
139.658	>>> V 0.00 0.00
139.659	S 6289060 -13.18 30.50 0.00 0.00 HOLD
139.678	>>> V 0.00 0.00
139.686	S 6289080 -13.18 30.50 0.00 0.00 HOLD
139.705	>>> V 0.00 0.00
139.706	S 6289100 -13.18 30.50 0.00 0.00 HOLD
139.709	S 6289120 -13.18 30.50 0.00 0.00 HOLD
139.718	>>> V 0.00 0.00
139.738	>>> V 0.00 0.00
139.740	S 6289140 -13.18 30.50 0.00 0.00 HOLD
139.759	>>> V 0.00 0.00
139.761	S 6289160 -13.27 30.50 0.00 0.00 HOLD
139.782	>>> V 0.00 0.00
139.783	S 6289180 -13.18 30.50 0.00 0.00 HOLD
139.785	S 6289200 -13.18 30.50 0.00 0.00 HOLD
139.799	>>> V 0.00 0.00
139.803	S 6289220 -13.18 30.50 0.00 0.00 HOLD
139.822	>>> V 0.00 0.00
139.830	S 6289240 -13.18 30.50 0.00 0.00 HOLD
139.844	>>> V 0.00 0.00
139.846	S 6289260 -13.18 30.50 0.00 0.00 HOLD
139.859	>>> V 0.00 0.00
139.880	>>> V 0.00 0.00
139.881	S 6289280 -13.18 30.50 0.00 0.00 HOLD
139.899	>>> V 0.00 0.00
139.900	S 6289300 -13.18 30.50 0.00 0.00 HOLD
139.920	>>> V 0.00 0.00
139.920	S 6289320 -13.18 30.50 0.00 0.00 HOLD
139.938	>>> V 0.00 0.00
139.939	S 6289340 -13.18 30.50 0.00 0.00 HOLD
139.960	>>> V 0.00 0.00
139.962	S 6289360 -13.18 30.50 0.00 0.00 HOLD
139.971	S 6289380 -13.18 30.50 0.00 0.00 HOLD
139.981	>>> V 0.00 0.00
140.008	>>> V 0.00 0.00
140.009	S 6289400 -13.18 30.50 0.00 0.00 HOLD
140.010	S 6289420 -13.18 30.50 0.00 0.00 HOLD
140.042	>>> V 0.00 0.00
140.042	S 6289440 -13.18 30.50 0.00 0.00 HOLD
140.056	S 6289460 -13.18 30.50 0.00 0.00 HOLD
140.058	>>> V 0.00 0.00
140.078	>>> V 0.00 0.00
140.088	S 6289480 -13.18 30.50 0.00 0.00 HOLD
140.089	S 6289500 -13.18 30.50 0.00 0.00 HOLD
140.131	>>> V 0.00 0.00
140.132	S 6289520 -13.18 30.50 0.00 0.00 HOLD
140.133	S 6289540 -13.18 30.50 0.00 0.00 HOLD
140.149	>>> V 0.00 0.00
140.149	S 6289560 -13.18 30.50 0.00 0.00 HOLD
140.158	>>> V 0.00 0.00
140.179	>>> V 0.00 0.00
140.182	S 6289580 -13.18 30.50 0.00 0.00 HOLD
140.199	>>> V 0.00 0.00
140.200	S 6289600 -13.18 30.50 0.00 0.00 HOLD
140.219	>>> V 0.00 0.00
140.222	S 6289620 -13.27 30.50 0.00 0.00 HOLD
140.224	S 6289640 -13.18 30.50 0.00 0.00 HOLD
140.238	>>> V 0.00 0.00
140.267	>>> V 0.00 0.00
140.270	S 6289660 -13.18 30.50 0.00 0.00 HOLD
140.271	S 6289680 -13.18 30.50 0.00 0.00 HOLD
140.283	>>> V 0.00 0.00
140.287	S 6289700 -13.18 30.50 0.00 0.00 HOLD
140.312	>>> V 0.00 0.00
140.312	S 6289720 -13.18 30.50 0.00 0.00 HOLD
140.330	>>> V 0.00 0.00
140.330	S 6289740 -13.18 30.50 0.00 0.00 HOLD
140.351	>>> V 0.00 0.00
140.353	S 6289760 -13.18 30.50 0.00 0.00 HOLD
140.364	>>> V 0.00 0.00
140.368	S 6289780 -13.18 30.50 0.00 0.00 HOLD
140.383	>>> V 0.00 0.00
140.386	S 6289800 -13.18 30.50 0.00 0.00 HOLD
140.398	>>> V 0.00 0.00
140.423	>>> V 0.00 0.00
140.424	S 6289820 -13.18 30.50 0.00 0.00 HOLD
140.426	S 6289840 -13.18 30.50 0.00 0.00 HOLD
140.441	>>> V 0.00 0.00
140.458	>>> V 0.00 0.00
140.459	S 6289860 -13.18 30.50 0.00 0.00 HOLD
140.478	>>> V 0.00 0.00
140.480	S 6289880 -13.18 30.50 0.00 0.00 HOLD
140.498	>>> V 0.00 0.00
140.500	S 6289900 -13.18 30.50 0.00 0.00 HOLD
140.522	>>> V 0.00 0.00
140.523	S 6289920 -13.18 30.50 0.00 0.00 HOLD
140.524	S 6289940 -13.18 30.50 0.00 0.00 HOLD
140.539	>>> V 0.00 0.00
140.543	S 6289960 -13.18 30.50 0.00 0.00 HOLD
140.559	>>> V 0.00 0.00
140.562	S 6289980 -13.18 30.50 0.00 0.00 HOLD
140.578	>>> V 0.00 0.00
140.601	>>> V 0.00 0.00
140.602	S 6290000 -13.27 30.50 0.00 0.00 HOLD
140.618	>>> V 0.00 0.00
140.618	S 6290020 -13.18 30.50 0.00 0.00 HOLD
140.639	>>> V 0.00 0.00
140.642	S 6290040 -13.18 30.50 0.00 0.00 HOLD
140.665	>>> V 0.00 0.00
140.670	S 6290060 -13.18 30.50 0.00 0.00 HOLD
140.672	S 6290080 -13.18 30.50 0.00 0.00 HOLD
140.682	>>> V 0.00 0.00
140.683	S 6290100 -13.18 30.50 0.00 0.00 HOLD
140.698	>>> V 0.00 0.00
140.718	>>> V 0.00 0.00
140.720	S 6290120 -13.18 30.50 0.00 0.00 HOLD
140.739	>>> V 0.00 0.00
140.741	S 6290140 -13.18 30.50 0.00 0.00 HOLD
140.759	>>> V 0.00 0.00
140.760	S 6290160 -13.18 30.50 0.00 0.00 HOLD
140.781	>>> V 0.00 0.00
140.781	S 6290180 -13.18 30.50 0.00 0.00 HOLD
140.798	>>> V 0.00 0.00
140.800	S 6290200 -13.18 30.50 0.00 0.00 HOLD
140.818	>>> V 0.00 0.00
140.818	S 6290220 -13.18 30.50 0.00 0.00 HOLD
140.841	>>> V 0.00 0.00
140.849	S 6290240 -13.18 30.50 0.00 0.00 HOLD
140.854	S 6290260 -13.18 30.50 0.00 0.00 HOLD
140.874	>>> V 0.00 0.00
140.896	S 6290280 -13.18 30.50 0.00 0.00 HOLD
140.899	>>> V 0.00 0.00
140.900	S 6290300 -13.18 30.50 0.00 0.00 HOLD
140.918	>>> V 0.00 0.00
140.921	S 6290320 -13.18 30.50 0.00 0.00 HOLD
140.937	>>> V 0.00 0.00
140.938	S 6290340 -13.18 30.50 0.00 0.00 HOLD
140.959	>>> V 0.00 0.00
140.960	S 6290360 -13.18 30.50 0.00 0.00 HOLD
140.978	>>> V 0.00 0.00
140.978	S 6290380 -13.18 30.50 0.00 0.00 HOLD
141.006	>>> V 0.00 0.00
141.008	S 6290400 -13.18 30.50 0.00 0.00 HOLD
141.009	S 6290421 -13.18 30.50 0.00 0.00 HOLD
141.027	>>> V 0.00 0.00
141.029	S 6290441 -13.18 30.50 0.00 0.00 HOLD
141.039	>>> V 0.00 0.00
141.060	>>> V 0.00 0.00
141.061	S 6290461 -13.18 30.50 0.00 0.00 HOLD
141.083	>>> V 0.00 0.00
141.083	S 6290481 -13.18 30.50 0.00 0.00 HOLD
141.086	S 6290501 -13.18 30.50 0.00 0.00 HOLD
141.099	>>> V 0.00 0.00
141.126	>>> V 0.00 0.00
141.126	S 6290521 -13.18 30.50 0.00 0.00 HOLD
141.128	S 6290541 -13.18 30.50 0.00 0.00 HOLD
141.143	>>> V 0.00 0.00
141.144	S 6290561 -13.18 30.50 0.00 0.00 HOLD
141.164	>>> V 0.00 0.00
141.165	S 6290581 -13.18 30.59 0.00 0.00 HOLD
141.177	>>> V 0.00 0.00
141.198	>>> V 0.00 0.00
141.198	S 6290601 -13.18 30.50 0.00 0.00 HOLD
141.222	>>> V 0.00 0.00
141.224	S 6290621 -13.18 30.50 0.00 0.00 HOLD
141.225	S 6290641 -13.18 30.50 0.00 0.00 HOLD
141.238	>>> V 0.00 0.00
141.260	>>> V 0.00 0.00
141.261	S 6290661 -13.18 30.50 0.00 0.00 HOLD
141.277	>>> V 0.00 0.00
141.278	S 6290681 -13.18 30.50 0.00 0.00 HOLD
141.298	>>> V 0.00 0.00
141.298	S 6290701 -13.18 30.50 0.00 0.00 HOLD
141.319	>>> V 0.00 0.00
141.319	S 6290721 -13.18 30.50 0.00 0.00 HOLD
141.339	>>> V 0.00 0.00
141.340	S 6290741 -13.18 30.50 0.00 0.00 HOLD
141.358	>>> V 0.00 0.00
141.361	S 6290761 -13.18 30.50 0.00 0.00 HOLD
141.378	>>> V 0.00 0.00
141.380	S 6290781 -13.18 30.50 0.00 0.00 HOLD
141.400	>>> V 0.00 0.00
141.403	S 6290801 -13.18 30.50 0.00 0.00 HOLD
141.409	S 6290821 -13.18 30.50 0.00 0.00 HOLD
141.419	>>> V 0.00 0.00
141.439	>>> V 0.00 0.00
141.443	S 6290841 -13.18 30.50 0.00 0.00 HOLD
141.445	S 6290861 -13.18 30.50 0.00 0.00 HOLD
141.458	>>> V 0.00 0.00
141.478	>>> V 0.00 0.00
141.480	S 6290881 -13.27 30.50 0.00 0.00 HOLD
141.499	>>> V 0.00 0.00
141.501	S 6290901 -13.18 30.50 0.00 0.00 HOLD
141.518	>>> V 0.00 0.00
141.521	S 6290921 -13.18 30.50 0.00 0.00 HOLD
141.540	>>> V 0.00 0.00
141.541	S 6290941 -13.18 30.50 0.00 0.00 HOLD
141.558	>>> V 0.00 0.00
141.562	S 6290961 -13.18 30.50 0.00 0.00 HOLD
141.578	>>> V 0.00 0.00
141.587	S 6290981 -13.18 30.50 0.00 0.00 HOLD
141.593	S 6291001 -13.18 30.50 0.00 0.00 HOLD
141.605	>>> V 0.00 0.00
141.606	S 6291021 -13.18 30.59 0.00 0.00 HOLD
141.619	>>> V 0.00 0.00
141.623	S 6291041 -13.18 30.50 0.00 0.00 HOLD
141.638	>>> V 0.00 0.00
141.659	>>> V 0.00 0.00
141.662	S 6291061 -13.18 30.50 0.00 0.00 HOLD
141.678	>>> V 0.00 0.00
141.679	S 6291081 -13.18 30.50 0.00 0.00 HOLD
141.698	>>> V 0.00 0.00
141.700	S 6291101 -13.18 30.50 0.00 0.00 HOLD
141.719	>>> V 0.00 0.00
141.720	S 6291121 -13.18 30.50 0.00 0.00 HOLD
141.740	>>> V 0.00 0.00
141.741	S 6291141 -13.18 30.50 0.00 0.00 HOLD
141.759	>>> V 0.00 0.00
141.760	S 6291161 -13.18 30.50 0.00 0.00 HOLD
141.778	>>> V 0.00 0.00
141.781	S 6291181 -13.18 30.50 0.00 0.00 HOLD
141.801	>>> V 0.00 0.00
141.804	S 6291201 -13.18 30.50 0.00 0.00 HOLD
141.810	S 6291221 -13.18 30.50 0.00 0.00 HOLD
141.819	>>> V 0.00 0.00
141.839	>>> V 0.00 0.00
141.843	S 6291241 -13.18 30.50 0.00 0.00 HOLD
141.846	S 6291261 -13.18 30.50 0.00 0.00 HOLD
141.861	>>> V 0.00 0.00
141.878	>>> V 0.00 0.00
141.880	S 6291281 -13.18 30.50 0.00 0.00 HOLD
141.899	>>> V 0.00 0.00
141.900	S 6291301 -13.18 30.50 0.00 0.00 HOLD
141.917	>>> V 0.00 0.00
141.919	S 6291321 -13.27 30.59 0.00 0.00 HOLD
141.941	>>> V 0.00 0.00
141.942	S 6291341 -13.18 30.50 0.00 0.00 HOLD
141.957	>>> V 0.00 0.00
141.959	S 6291361 -13.18 30.50 0.00 0.00 HOLD
141.980	>>> V 0.00 0.00
141.983	S 6291381 -13.18 30.50 0.00 0.00 HOLD
141.989	S 6291401 -13.18 30.50 0.00 0.00 HOLD
142.001	>>> V 0.00 0.00
142.019	>>> V 0.00 0.00
142.020	S 6291421 -13.18 30.50 0.00 0.00 HOLD
142.038	>>> V 0.00 0.00
142.040	S 6291441 -13.18 30.50 0.00 0.00 HOLD
142.062	>>> V 0.00 0.00
142.062	S 6291461 -13.18 30.50 0.00 0.00 HOLD
142.078	>>> V 0.00 0.00
142.078	S 6291481 -13.18 30.50 0.00 0.00 HOLD
142.100	>>> V 0.00 0.00
142.105	S 6291501 -13.18 30.50 0.00 0.00 HOLD
142.106	S 6291521 -13.18 30.50 0.00 0.00 HOLD
142.118	>>> V 0.00 0.00
142.138	>>> V 0.00 0.00
142.138	S 6291541 -13.18 30.50 0.00 0.00 HOLD
142.159	>>> V 0.00 0.00
142.162	S 6291561 -13.18 30.50 0.00 0.00 HOLD
142.182	>>> V 0.00 0.00
142.182	S 6291581 -13.18 30.50 0.00 0.00 HOLD
142.199	>>> V 0.00 0.00
142.200	S 6291601 -13.18 30.50 0.00 0.00 HOLD
142.218	>>> V 0.00 0.00
142.218	S 6291621 -13.18 30.50 0.00 0.00 HOLD
142.238	>>> V 0.00 0.00
142.239	S 6291641 -13.18 30.50 0.00 0.00 HOLD
142.258	>>> V 0.00 0.00
142.260	S 6291661 -13.18 30.50 0.00 0.00 HOLD
142.279	>>> V 0.00 0.00
142.280	S 6291681 -13.18 30.50 0.00 0.00 HOLD
142.302	>>> V 0.00 0.00
142.303	S 6291701 -13.18 30.50 0.00 0.00 HOLD
142.305	S 6291721 -13.18 30.50 0.00 0.00 HOLD
142.319	>>> V 0.00 0.00
142.339	>>> V 0.00 0.00
142.341	S 6291741 -13.18 30.50 0.00 0.00 HOLD
142.360	>>> V 0.00 0.00
142.362	S 6291761 -13.18 30.50 0.00 0.00 HOLD
142.379	>>> V 0.00 0.00
142.381	S 6291781 -13.27 30.50 0.00 0.00 HOLD
142.398	>>> V 0.00 0.00
142.401	S 6291801 -13.18 30.50 0.00 0.00 HOLD
142.418	>>> V 0.00 0.00
142.419	S 6291821 -13.18 30.50 0.00 0.00 HOLD
142.439	>>> V 0.00 0.00
142.442	S 6291841 -13.18 30.50 0.00 0.00 HOLD
142.460	>>> V 0.00 0.00
142.461	S 6291861 -13.18 30.50 0.00 0.00 HOLD
142.481	>>> V 0.00 0.00
142.484	S 6291881 -13.18 30.50 0.00 0.00 HOLD
142.491	S 6291901 -13.18 30.50 0.00 0.00 HOLD
142.498	>>> V 0.00 0.00
142.522	>>> V 0.00 0.00
142.523	S 6291921 -13.18 30.50 0.00 0.00 HOLD
142.529	S 6291941 -13.18 30.50 0.00 0.00 HOLD
142.538	>>> V 0.00 0.00
142.561	>>> V 0.00 0.00
142.564	S 6291961 -13.18 30.50 0.00 0.00 HOLD
142.566	S 6291981 -13.18 30.50 0.00 0.00 HOLD
142.579	>>> V 0.00 0.00
142.600	>>> V 0.00 0.00
142.600	S 6292001 -13.18 30.50 0.00 0.00 HOLD
142.618	>>> V 0.00 0.00
142.620	S 6292021 -13.18 30.50 0.00 0.00 HOLD
142.639	>>> V 0.00 0.00
142.639	S 6292041 -13.18 30.50 0.00 0.00 HOLD
142.658	>>> V 0.00 0.00
142.659	S 6292061 -13.18 30.50 0.00 0.00 HOLD
142.678	>>> V 0.00 0.00
142.678	S 6292081 -13.18 30.50 0.00 0.00 HOLD
142.697	>>> V 0.00 0.00
142.700	S 6292101 -13.18 30.50 0.00 0.00 HOLD
142.720	>>> V 0.00 0.00
142.723	S 6292121 -13.27 30.50 0.00 0.00 HOLD
142.742	>>> V 0.00 0.00
142.743	S 6292141 -13.18 30.50 0.00 0.00 HOLD
142.759	>>> V 0.00 0.00
142.762	S 6292161 -13.18 30.50 0.00 0.00 HOLD
142.778	>>> V 0.00 0.00
142.779	S 6292181 -13.18 30.50 0.00 0.00 HOLD
142.798	>>> V 0.00 0.00
142.799	S 6292201 -13.18 30.50 0.00 0.00 HOLD
142.825	>>> V 0.00 0.00
142.826	S 6292221 -13.27 30.59 0.00 0.00 HOLD
142.828	S 6292241 -13.18 30.50 0.00 0.00 HOLD
142.839	>>> V 0.00 0.00
142.859	>>> V 0.00 0.00
142.860	S 6292261 -13.27 30.50 0.00 0.00 HOLD
142.878	>>> V 0.00 0.00
142.880	S 6292281 -13.18 30.50 0.00 0.00 HOLD
142.901	>>> V 0.00 0.00
142.901	S 6292301 -13.18 30.50 0.00 0.00 HOLD
142.919	>>> V 0.00 0.00
142.921	S 6292321 -13.18 30.59 0.00 0.00 HOLD
142.947	>>> V 0.00 0.00
142.947	S 6292341 -13.18 30.50 0.00 0.00 HOLD
142.952	S 6292361 -13.27 30.50 0.00 0.00 HOLD
142.959	>>> V 0.00 0.00
142.963	S 6292381 -13.18 30.50 0.00 0.00 HOLD
142.981	>>> V 0.00 0.00
143.003	>>> V 0.00 0.00
143.004	S 6292401 -13.18 30.50 0.00 0.00 HOLD
143.006	S 6292421 -13.18 30.50 0.00 0.00 HOLD
143.018	>>> V 0.00 0.00
143.038	>>> V 0.00 0.00
143.047	S 6292441 -13.18 30.50 0.00 0.00 HOLD
143.048	S 6292461 -13.18 30.50 0.00 0.00 HOLD
143.061	>>> V 0.00 0.00
143.078	>>> V 0.00 0.00
143.078	S 6292481 -13.18 30.50 0.00 0.00 HOLD
143.098	>>> V 0.00 0.00
143.101	S 6292501 -13.18 30.59 0.00 0.00 HOLD
143.118	>>> V 0.00 0.00
143.120	S 6292521 -13.18 30.50 0.00 0.00 HOLD
143.138	>>> V 0.00 0.00
143.141	S 6292541 -13.18 30.50 0.00 0.00 HOLD
143.168	>>> V 0.00 0.00
143.170	S 6292561 -13.18 30.50 0.00 0.00 HOLD
143.173	S 6292581 -13.18 30.50 0.00 0.00 HOLD
143.185	>>> V 0.00 0.00
143.199	S 6292601 -13.18 30.50 0.00 0.00 HOLD
143.209	>>> V 0.00 0.00
143.209	S 6292621 -13.18 30.50 0.00 0.00 HOLD
143.220	>>> V 0.00 0.00
143.238	>>> V 0.00 0.00
143.239	S 6292641 -13.18 30.50 0.00 0.00 HOLD
143.260	>>> V 0.00 0.00
143.261	S 6292661 -13.27 30.50 0.00 0.00 HOLD
143.279	>>> V 0.00 0.00
143.283	S 6292681 -13.18 30.50 0.00 0.00 HOLD
143.298	>>> V 0.00 0.00
143.299	S 6292701 -13.18 30.59 0.00 0.00 HOLD
143.320	>>> V 0.00 0.00
143.321	S 6292721 -13.18 30.50 0.00 0.00 HOLD
143.338	>>> V 0.00 0.00
143.339	S 6292741 -13.18 30.50 0.00 0.00 HOLD
143.364	>>> V 0.00 0.00
143.369	S 6292761 -13.18 30.50 0.00 0.00 HOLD
143.372	S 6292781 -13.18 30.50 0.00 0.00 HOLD
143.377	>>> V 0.00 0.00
143.399	>>> V 0.00 0.00
143.401	S 6292801 -13.18 30.50 0.00 0.00 HOLD
143.419	>>> V 0.00 0.00
143.420	S 6292821 -13.18 30.50 0.00 0.00 HOLD
143.438	>>> V 0.00 0.00
143.438	S 6292841 -13.18 30.50 0.00 0.00 HOLD
143.458	>>> V 0.00 0.00
143.459	S 6292861 -13.18 30.50 0.00 0.00 HOLD
143.478	>>> V 0.00 0.00
143.478	S 6292881 -13.18 30.50 0.00 0.00 HOLD
143.503	>>> V 0.00 0.00
143.504	S 6292901 -13.18 30.50 0.00 0.00 HOLD
143.511	S 6292921 -13.18 30.50 0.00 0.00 HOLD
143.519	>>> V 0.00 0.00
143.538	>>> V 0.00 0.00
143.539	S 6292941 -13.18 30.50 0.00 0.00 HOLD
143.563	>>> V 0.00 0.00
143.563	S 6292961 -13.18 30.50 0.00 0.00 HOLD
143.564	S 6292981 -13.18 30.50 0.00 0.00 HOLD
143.586	>>> V 0.00 0.00
143.594	S 6293001 -13.18 30.50 0.00 0.00 HOLD
143.605	>>> V 0.00 0.00
143.606	S 6293021 -13.18 30.50 0.00 0.00 HOLD
143.618	>>> V 0.00 0.00
143.639	>>> V 0.00 0.00
143.640	S 6293041 -13.18 30.50 0.00 0.00 HOLD
143.661	>>> V 0.00 0.00
143.662	S 6293061 -13.18 30.50 0.00 0.00 HOLD
143.683	>>> V 0.00 0.00
143.683	S 6293081 -13.27 30.50 0.00 0.00 HOLD
143.684	S 6293101 -13.18 30.50 0.00 0.00 HOLD
143.700	>>> V 0.00 0.00
143.718	>>> V 0.00 0.00
143.720	S 6293121 -13.18 30.50 0.00 0.00 HOLD
143.738	>>> V 0.00 0.00
143.740	S 6293141 -13.18 30.50 0.00 0.00 HOLD
143.768	>>> V 0.00 0.00
143.770	S 6293161 -13.18 30.50 0.00 0.00 HOLD
143.771	S 6293181 -13.27 30.50 0.00 0.00 HOLD
143.779	>>> V 0.00 0.00
143.801	>>> V 0.00 0.00
143.803	S 6293201 -13.18 30.50 0.00 0.00 HOLD
143.805	S 6293221 -13.18 30.50 0.00 0.00 HOLD
143.821	>>> V 0.00 0.00
143.843	>>> V 0.00 0.00
143.848	S 6293241 -13.18 30.50 0.00 0.00 HOLD
143.849	S 6293261 -13.18 30.50 0.00 0.00 HOLD
143.859	>>> V 0.00 0.00
143.878	>>> V 0.00 0.00
143.879	S 6293281 -13.18 30.50 0.00 0.00 HOLD
143.898	>>> V 0.00 0.00
143.901	S 6293301 -13.18 30.50 0.00 0.00 HOLD
143.920	>>> V 0.00 0.00
143.923	S 6293321 -13.18 30.50 0.00 0.00 HOLD
143.943	>>> V 0.00 0.00
143.943	S 6293341 -13.18 30.50 0.00 0.00 HOLD
143.945	S 6293361 -13.18 30.50 0.00 0.00 HOLD
143.964	>>> V 0.00 0.00
143.965	S 6293381 -13.27 30.50 0.00 0.00 HOLD
143.978	>>> V 0.00 0.00
143.998	>>> V 0.00 0.00
144.009	S 6293401 -13.18 30.50 0.00 0.00 HOLD
144.011	S 6293421 -13.18 30.50 0.00 0.00 HOLD
144.023	>>> V 0.00 0.00
144.024	S 6293441 -13.18 30.50 0.00 0.00 HOLD
144.041	>>> V 0.00 0.00
144.057	>>> V 0.00 0.00
144.058	S 6293461 -13.18 30.50 0.00 0.00 HOLD
144.078	>>> V 0.00 0.00
144.079	S 6293481 -13.18 30.50 0.00 0.00 HOLD
144.098	>>> V 0.00 0.00
144.100	S 6293501 -13.18 30.50 0.00 0.00 HOLD
144.128	>>> V 0.00 0.00
144.131	S 6293521 -13.18 30.50 0.00 0.00 HOLD
144.134	S 6293541 -13.18 30.50 0.00 0.00 HOLD
144.137	>>> V 0.00 0.00
144.158	>>> V 0.00 0.00
144.160	S 6293561 -13.18 30.50 0.00 0.00 HOLD
144.179	>>> V 0.00 0.00
144.180	S 6293581 -13.18 30.50 0.00 0.00 HOLD
144.199	>>> V 0.00 0.00
144.201	S 6293601 -13.18 30.50 0.00 0.00 HOLD
144.218	>>> V 0.00 0.00
144.218	S 6293621 -13.18 30.50 0.00 0.00 HOLD
144.238	>>> V 0.00 0.00
144.240	S 6293641 -13.18 30.50 0.00 0.00 HOLD
144.257	>>> V 0.00 0.00
144.258	S 6293661 -13.18 30.59 0.00 0.00 HOLD
144.277	>>> V 0.00 0.00
144.280	S 6293681 -13.18 30.50 0.00 0.00 HOLD
144.299	>>> V 0.00 0.00
144.303	S 6293701 -13.18 30.50 0.00 0.00 HOLD
144.304	S 6293721 -13.18 30.50 0.00 0.00 HOLD
144.318	>>> V 0.00 0.00
144.338	>>> V 0.00 0.00
144.341	S 6293741 -13.18 30.50 0.00 0.00 HOLD
144.358	>>> V 0.00 0.00
144.360	S 6293761 -13.18 30.50 0.00 0.00 HOLD
144.384	>>> V 0.00 0.00
144.387	S 6293781 -13.18 30.50 0.00 0.00 HOLD
144.389	S 6293801 -13.18 30.50 0.00 0.00 HOLD
144.398	>>> V 0.00 0.00
144.411	S 6293821 -13.18 30.50 0.00 0.00 HOLD
144.426	>>> V 0.00 0.00
144.428	S 6293841 -13.18 30.50 0.00 0.00 HOLD
144.438	>>> V 0.00 0.00
144.459	>>> V 0.00 0.00
144.460	S 6293861 -13.18 30.50 0.00 0.00 HOLD
144.478	>>> V 0.00 0.00
144.479	S 6293881 -13.18 30.50 0.00 0.00 HOLD
144.498	>>> V 0.00 0.00
144.499	S 6293901 -13.18 30.50 0.00 0.00 HOLD
144.518	>>> V 0.00 0.00
144.519	S 6293921 -13.18 30.50 0.00 0.00 HOLD
144.539	>>> V 0.00 0.00
144.540	S 6293941 -13.18 30.50 0.00 0.00 HOLD
144.558	>>> V 0.00 0.00
144.560	S 6293961 -13.18 30.50 0.00 0.00 HOLD
144.578	>>> V 0.00 0.00
144.580	S 6293981 -13.18 30.50 0.00 0.00 HOLD
144.599	>>> V 0.00 0.00
144.599	S 6294001 -13.18 30.50 0.00 0.00 HOLD
144.621	>>> V 0.00 0.00
144.624	S 6294021 -13.18 30.50 0.00 0.00 HOLD
144.636	S 6294041 -13.18 30.50 0.00 0.00 HOLD
144.657	>>> V 0.00 0.00
144.660	S 6294061 -13.18 30.50 0.00 0.00 HOLD
144.669	>>> V 0.00 0.00
144.669	S 6294081 -13.18 30.50 0.00 0.00 HOLD
144.678	>>> V 0.00 0.00
144.683	S 6294101 -13.18 30.50 0.00 0.00 HOLD
144.703	>>> V 0.00 0.00
144.703	S 6294121 -13.18 30.50 0.00 0.00 HOLD
144.718	>>> V 0.00 0.00
144.739	>>> V 0.00 0.00
144.740	S 6294141 -13.18 30.50 0.00 0.00 HOLD
144.794	>>> V 0.00 0.00
144.795	S 6294161 -13.18 30.50 0.00 0.00 HOLD
144.819	S 6294181 -13.18 30.50 0.00 0.00 HOLD
144.835	S 6294201 -13.18 30.50 0.00 0.00 HOLD
144.840	>>> V 0.00 0.00
144.841	S 6294221 -13.18 30.50 0.00 0.00 HOLD
144.843	S 6294241 -13.18 30.50 0.00 0.00 HOLD
144.860	>>> V 0.00 0.00
144.862	S 6294261 -13.18 30.59 0.00 0.00 HOLD
144.877	>>> V 0.00 0.00
144.878	S 6294281 -13.18 30.50 0.00 0.00 HOLD
144.898	>>> V 0.00 0.00
144.901	S 6294301 -13.18 30.50 0.00 0.00 HOLD
144.918	>>> V 0.00 0.00
144.918	S 6294321 -13.18 30.50 0.00 0.00 HOLD
144.940	>>> V 0.00 0.00
144.940	S 6294341 -13.18 30.50 0.00 0.00 HOLD
144.961	>>> V 0.00 0.00
144.962	S 6294361 -13.18 30.50 0.00 0.00 HOLD
144.979	>>> V 0.00 0.00
144.980	S 6294381 -13.18 30.50 0.00 0.00 HOLD
145.000	>>> V 0.00 0.00
145.003	S 6294401 -13.18 30.50 0.00 0.00 HOLD
145.018	>>> V 0.00 0.00
145.021	S 6294421 -13.18 30.50 0.00 0.00 HOLD
145.041	>>> V 0.00 0.00
145.042	S 6294441 -13.18 30.50 0.00 0.00 HOLD
145.059	>>> V 0.00 0.00
145.059	S 6294461 -13.18 30.50 0.00 0.00 HOLD
145.079	>>> V 0.00 0.00
145.079	S 6294481 -13.18 30.50 0.00 0.00 HOLD
145.098	>>> V 0.00 0.00
145.098	S 6294501 -13.18 30.50 0.00 0.00 HOLD
145.118	>>> V 0.00 0.00
145.119	S 6294521 -13.18 30.50 0.00 0.00 HOLD
145.138	>>> V 0.00 0.00
145.141	S 6294541 -13.18 30.50 0.00 0.00 HOLD
145.160	>>> V 0.00 0.00
145.160	S 6294561 -13.18 30.50 0.00 0.00 HOLD
145.178	>>> V 0.00 0.00
145.179	S 6294581 -13.18 30.50 0.00 0.00 HOLD
145.199	>>> V 0.00 0.00
145.200	S 6294601 -13.18 30.50 0.00 0.00 HOLD
145.218	>>> V 0.00 0.00
145.219	S 6294621 -13.18 30.50 0.00 0.00 HOLD
145.241	>>> V 0.00 0.00
145.242	S 6294641 -13.18 30.50 0.00 0.00 HOLD
145.259	>>> V 0.00 0.00
145.259	S 6294661 -13.18 30.50 0.00 0.00 HOLD
145.279	>>> V 0.00 0.00
145.284	S 6294681 -13.18 30.50 0.00 0.00 HOLD
145.287	S 6294701 -13.18 30.50 0.00 0.00 HOLD
145.297	>>> V 0.00 0.00
145.320	>>> V 0.00 0.00
145.323	S 6294721 -13.18 30.50 0.00 0.00 HOLD
145.337	>>> V 0.00 0.00
145.338	S 6294741 -13.27 30.50 0.00 0.00 HOLD
145.361	>>> V 0.00 0.00
145.364	S 6294761 -13.18 30.50 0.00 0.00 HOLD
145.368	S 6294781 -13.18 30.50 0.00 0.00 HOLD
145.380	>>> V 0.00 0.00
145.399	>>> V 0.00 0.00
145.402	S 6294801 -13.18 30.50 0.00 0.00 HOLD
145.419	>>> V 0.00 0.00
145.420	S 6294821 -13.27 30.50 0.00 0.00 HOLD
145.438	>>> V 0.00 0.00
145.446	S 6294841 -13.18 30.50 0.00 0.00 HOLD
145.448	S 6294861 -13.18 30.50 0.00 0.00 HOLD
145.460	>>> V 0.00 0.00
145.479	>>> V 0.00 0.00
145.479	S 6294881 -13.18 30.50 0.00 0.00 HOLD
145.499	>>> V 0.00 0.00
145.499	S 6294901 -13.18 30.50 0.00 0.00 HOLD
145.520	>>> V 0.00 0.00
145.521	S 6294921 -13.18 30.50 0.00 0.00 HOLD
145.540	>>> V 0.00 0.00
145.544	S 6294941 -13.18 30.50 0.00 0.00 HOLD
145.551	S 6294961 -13.18 30.50 0.00 0.00 HOLD
145.558	>>> V 0.00 0.00
145.578	>>> V 0.00 0.00
145.584	S 6294981 -13.18 30.50 0.00 0.00 HOLD
145.588	S 6295001 -13.18 30.50 0.00 0.00 HOLD
145.599	>>> V 0.00 0.00
145.618	>>> V 0.00 0.00
145.618	S 6295021 -13.18 30.50 0.00 0.00 HOLD
145.638	>>> V 0.00 0.00
145.640	S 6295041 -13.18 30.50 0.00 0.00 HOLD
145.662	>>> V 0.00 0.00
145.666	S 6295061 -13.18 30.50 0.00 0.00 HOLD
145.671	S 6295081 -13.18 30.50 0.00 0.00 HOLD
145.681	>>> V 0.00 0.00
145.698	>>> V 0.00 0.00
145.698	S 6295101 -13.18 30.50 0.00 0.00 HOLD
145.718	>>> V 0.00 0.00
145.720	S 6295121 -13.18 30.50 0.00 0.00 HOLD
145.739	>>> V 0.00 0.00
145.742	S 6295141 -13.18 30.59 0.00 0.00 HOLD
145.762	>>> V 0.00 0.00
145.763	S 6295161 -13.18 30.50 0.00 0.00 HOLD
145.767	S 6295181 -13.18 30.50 0.00 0.00 HOLD
145.780	>>> V 0.00 0.00
145.801	>>> V 0.00 0.00
145.802	S 6295201 -13.18 30.50 0.00 0.00 HOLD
145.819	>>> V 0.00 0.00
145.826	S 6295221 -13.18 30.50 0.00 0.00 HOLD
145.829	S 6295241 -13.18 30.50 0.00 0.00 HOLD
145.847	>>> V 0.00 0.00
145.850	S 6295261 -13.18 30.50 0.00 0.00 HOLD
145.863	>>> V 0.00 0.00
145.865	S 6295281 -13.18 30.50 0.00 0.00 HOLD
145.879	>>> V 0.00 0.00
145.900	>>> V 0.00 0.00
145.903	S 6295301 -13.27 30.50 0.00 0.00 HOLD
145.918	>>> V 0.00 0.00
145.920	S 6295321 -13.18 30.50 0.00 0.00 HOLD
145.939	>>> V 0.00 0.00
145.939	S 6295341 -13.18 30.50 0.00 0.00 HOLD
145.957	>>> V 0.00 0.00
145.959	S 6295361 -13.18 30.50 0.00 0.00 HOLD
145.978	>>> V 0.00 0.00
145.979	S 6295381 -13.18 30.50 0.00 0.00 HOLD
145.998	>>> V 0.00 0.00
145.998	S 6295401 -13.18 30.50 0.00 0.00 HOLD
146.018	>>> V 0.00 0.00
146.020	S 6295421 -13.18 30.50 0.00 0.00 HOLD
146.037	>>> V 0.00 0.00
146.039	S 6295441 -13.18 30.50 0.00 0.00 HOLD
146.058	>>> V 0.00 0.00
146.060	S 6295461 -13.18 30.50 0.00 0.00 HOLD
146.078	>>> V 0.00 0.00
146.079	S 6295481 -13.18 30.50 0.00 0.00 HOLD
146.099	>>> V 0.00 0.00
146.100	S 6295501 -13.18 30.50 0.00 0.00 HOLD
146.121	>>> V 0.00 0.00
146.122	S 6295521 -13.18 30.50 0.00 0.00 HOLD
146.140	>>> V 0.00 0.00
146.141	S 6295541 -13.18 30.50 0.00 0.00 HOLD
146.159	>>> V 0.00 0.00
146.161	S 6295561 -13.18 30.50 0.00 0.00 HOLD
146.178	>>> V 0.00 0.00
146.178	S 6295581 -13.18 30.50 0.00 0.00 HOLD
146.200	>>> V 0.00 0.00
146.200	S 6295601 -13.18 30.50 0.00 0.00 HOLD
146.219	>>> V 0.00 0.00
146.220	S 6295621 -13.18 30.50 0.00 0.00 HOLD
146.237	>>> V 0.00 0.00
146.238	S 6295641 -13.18 30.50 0.00 0.00 HOLD
146.262	>>> V 0.00 0.00
146.263	S 6295661 -13.18 30.50 0.00 0.00 HOLD
146.279	>>> V 0.00 0.00
146.281	S 6295681 -13.18 30.50 0.00 0.00 HOLD
146.300	>>> V 0.00 0.00
146.307	S 6295701 -13.18 30.50 0.00 0.00 HOLD
146.309	S 6295721 -13.18 30.50 0.00 0.00 HOLD
146.318	>>> V 0.00 0.00
146.341	>>> V 0.00 0.00
146.341	S 6295741 -13.18 30.50 0.00 0.00 HOLD
146.361	>>> V 0.00 0.00
146.361	S 6295761 -13.27 30.50 0.00 0.00 HOLD
146.378	>>> V 0.00 0.00
146.379	S 6295781 -13.18 30.50 0.00 0.00 HOLD
146.399	>>> V 0.00 0.00
146.399	S 6295801 -13.18 30.50 0.00 0.00 HOLD
146.418	>>> V 0.00 0.00
146.418	S 6295821 -13.18 30.50 0.00 0.00 HOLD
146.439	>>> V 0.00 0.00
146.440	S 6295841 -13.18 30.50 0.00 0.00 HOLD
146.458	>>> V 0.00 0.00
146.460	S 6295861 -13.18 30.50 0.00 0.00 HOLD
146.479	>>> V 0.00 0.00
146.482	S 6295881 -13.18 30.59 0.00 0.00 HOLD
146.500	>>> V 0.00 0.00
146.501	S 6295901 -13.18 30.59 0.00 0.00 HOLD
146.520	>>> V 0.00 0.00
146.522	S 6295921 -13.18 30.50 0.00 0.00 HOLD
146.539	>>> V 0.00 0.00
146.542	S 6295941 -13.27 30.50 0.00 0.00 HOLD
146.558	>>> V 0.00 0.00
146.560	S 6295961 -13.18 30.50 0.00 0.00 HOLD
146.579	>>> V 0.00 0.00
146.579	S 6295981 -13.18 30.50 0.00 0.00 HOLD
146.598	>>> V 0.00 0.00
146.601	S 6296001 -13.18 30.50 0.00 0.00 HOLD
146.618	>>> V 0.00 0.00
146.621	S 6296021 -13.18 30.50 0.00 0.00 HOLD
146.639	>>> V 0.00 0.00
146.640	S 6296041 -13.18 30.50 0.00 0.00 HOLD
146.662	>>> V 0.00 0.00
146.662	S 6296061 -13.18 30.59 0.00 0.00 HOLD
146.686	>>> V 0.00 0.00
146.686	S 6296081 -13.18 30.50 0.00 0.00 HOLD
146.693	S 6296101 -13.18 30.50 0.00 0.00 HOLD
146.724	>>> V 0.00 0.00
146.725	S 6296121 -13.18 30.50 0.00 0.00 HOLD
146.733	S 6296141 -13.18 30.50 0.00 0.00 HOLD
146.739	>>> V 0.00 0.00
146.743	S 6296161 -13.18 30.50 0.00 0.00 HOLD
146.759	>>> V 0.00 0.00
146.780	>>> V 0.00 0.00
146.783	S 6296181 -13.27 30.50 0.00 0.00 HOLD
146.786	S 6296201 -13.18 30.50 0.00 0.00 HOLD
146.798	>>> V 0.00 0.00
146.818	>>> V 0.00 0.00
146.819	S 6296221 -13.27 30.50 0.00 0.00 HOLD
146.839	>>> V 0.00 0.00
146.843	S 6296241 -13.18 30.50 0.00 0.00 HOLD
146.860	>>> V 0.00 0.00
146.863	S 6296261 -13.18 30.50 0.00 0.00 HOLD
146.864	S 6296281 -13.18 30.50 0.00 0.00 HOLD
146.881	>>> V 0.00 0.00
146.885	S 6296301 -13.18 30.50 0.00 0.00 HOLD
146.899	>>> V 0.00 0.00
146.925	>>> V 0.00 0.00
146.930	S 6296321 -13.18 30.50 0.00 0.00 HOLD
146.936	S 6296341 -13.18 30.50 0.00 0.00 HOLD
146.951	>>> V 0.00 0.00
146.951	S 6296361 -13.18 30.50 0.00 0.00 HOLD
146.964	>>> V 0.00 0.00
146.964	S 6296381 -13.18 30.50 0.00 0.00 HOLD
146.979	>>> V 0.00 0.00
146.984	S 6296401 -13.18 30.50 0.00 0.00 HOLD
146.998	>>> V 0.00 0.00
147.019	>>> V 0.00 0.00
147.021	S 6296421 -13.18 30.50 0.00 0.00 HOLD
147.038	>>> V 0.00 0.00
147.039	S 6296441 -13.18 30.50 0.00 0.00 HOLD
147.059	>>> V 0.00 0.00
147.062	S 6296461 -13.18 30.50 0.00 0.00 HOLD
147.078	>>> V 0.00 0.00
147.078	S 6296481 -13.18 30.50 0.00 0.00 HOLD
147.098	>>> V 0.00 0.00
147.098	S 6296501 -13.18 30.50 0.00 0.00 HOLD
147.119	>>> V 0.00 0.00
147.120	S 6296521 -13.18 30.59 0.00 0.00 HOLD
147.138	>>> V 0.00 0.00
147.138	S 6296541 -13.18 30.50 0.00 0.00 HOLD
147.159	>>> V 0.00 0.00
147.160	S 6296561 -13.18 30.50 0.00 0.00 HOLD
147.189	>>> V 0.00 0.00
147.195	S 6296581 -13.18 30.50 0.00 0.00 HOLD
147.199	S 6296601 -13.18 30.50 0.00 0.00 HOLD
147.207	>>> V 0.00 0.00
147.215	S 6296621 -13.18 30.50 0.00 0.00 HOLD
147.246	>>> V 0.00 0.00
147.246	S 6296641 -13.18 30.50 0.00 0.00 HOLD
147.247	S 6296661 -13.27 30.50 0.00 0.00 HOLD
147.258	>>> V 0.00 0.00
147.277	>>> V 0.00 0.00
147.278	S 6296681 -13.18 30.50 0.00 0.00 HOLD
147.297	>>> V 0.00 0.00
147.300	S 6296701 -13.18 30.50 0.00 0.00 HOLD
147.319	>>> V 0.00 0.00
147.320	S 6296721 -13.18 30.50 0.00 0.00 HOLD
147.338	>>> V 0.00 0.00
147.340	S 6296741 -13.18 30.50 0.00 0.00 HOLD
147.357	>>> V 0.00 0.00
147.358	S 6296761 -13.18 30.50 0.00 0.00 HOLD
147.379	>>> V 0.00 0.00
147.379	S 6296781 -13.18 30.50 0.00 0.00 HOLD
147.398	>>> V 0.00 0.00
147.399	S 6296801 -13.18 30.50 0.00 0.00 HOLD
147.419	>>> V 0.00 0.00
147.420	S 6296821 -13.18 30.50 0.00 0.00 HOLD
147.438	>>> V 0.00 0.00
147.441	S 6296841 -13.18 30.50 0.00 0.00 HOLD
147.458	>>> V 0.00 0.00
147.459	S 6296861 -13.18 30.50 0.00 0.00 HOLD
147.478	>>> V 0.00 0.00
147.481	S 6296881 -13.18 30.50 0.00 0.00 HOLD
147.499	>>> V 0.00 0.00
147.500	S 6296901 -13.18 30.50 0.00 0.00 HOLD
147.518	>>> V 0.00 0.00
147.520	S 6296921 -13.18 30.50 0.00 0.00 HOLD
147.543	>>> V 0.00 0.00
147.544	S 6296941 -13.18 30.50 0.00 0.00 HOLD
147.550	S 6296961 -13.18 30.50 0.00 0.00 HOLD
147.559	>>> V 0.00 0.00
147.578	>>> V 0.00 0.00
147.580	S 6296981 -13.18 30.50 0.00 0.00 HOLD
147.598	>>> V 0.00 0.00
147.599	S 6297001 -13.18 30.50 0.00 0.00 HOLD
147.633	>>> V 0.00 0.00
147.634	S 6297021 -13.18 30.50 0.00 0.00 HOLD
147.639	S 6297041 -13.18 30.50 0.00 0.00 HOLD
147.646	>>> V 0.00 0.00
147.647	S 6297061 -13.18 30.50 0.00 0.00 HOLD
147.659	>>> V 0.00 0.00
147.664	S 6297081 -13.18 30.50 0.00 0.00 HOLD
147.678	>>> V 0.00 0.00
147.697	>>> V 0.00 0.00
147.699	S 6297101 -13.18 30.50 0.00 0.00 HOLD
147.718	>>> V 0.00 0.00
147.720	S 6297121 -13.18 30.50 0.00 0.00 HOLD
147.738	>>> V 0.00 0.00
147.741	S 6297141 -13.18 30.50 0.00 0.00 HOLD
147.759	>>> V 0.00 0.00
147.759	S 6297161 -13.18 30.50 0.00 0.00 HOLD
147.779	>>> V 0.00 0.00
147.780	S 6297181 -13.18 30.50 0.00 0.00 HOLD
147.799	>>> V 0.00 0.00
147.802	S 6297201 -13.18 30.50 0.00 0.00 HOLD
147.820	>>> V 0.00 0.00
147.820	S 6297221 -13.18 30.50 0.00 0.00 HOLD
147.838	>>> V 0.00 0.00
147.839	S 6297241 -13.18 30.50 0.00 0.00 HOLD
147.858	>>> V 0.00 0.00
147.860	S 6297261 -13.18 30.50 0.00 0.00 HOLD
147.879	>>> V 0.00 0.00
147.882	S 6297281 -13.18 30.50 0.00 0.00 HOLD
147.905	>>> V 0.00 0.00
147.907	S 6297301 -13.18 30.50 0.00 0.00 HOLD
147.910	S 6297321 -13.18 30.50 0.00 0.00 HOLD
147.919	>>> V 0.00 0.00
147.939	>>> V 0.00 0.00
147.940	S 6297341 -13.18 30.50 0.00 0.00 HOLD
147.960	>>> V 0.00 0.00
147.962	S 6297361 -13.18 30.50 0.00 0.00 HOLD
147.978	>>> V 0.00 0.00
147.979	S 6297381 -13.18 30.50 0.00 0.00 HOLD
147.997	>>> V 0.00 0.00
147.998	S 6297401 -13.18 30.50 0.00 0.00 HOLD
148.018	>>> V 0.00 0.00
148.020	S 6297421 -13.27 30.50 0.00 0.00 HOLD
148.041	>>> V 0.00 0.00
148.042	S 6297441 -13.18 30.50 0.00 0.00 HOLD
148.058	>>> V 0.00 0.00
148.058	S 6297461 -13.18 30.50 0.00 0.00 HOLD
148.078	>>> V 0.00 0.00
148.079	S 6297481 -13.18 30.50 0.00 0.00 HOLD
148.097	>>> V 0.00 0.00
148.098	S 6297501 -13.18 30.59 0.00 0.00 HOLD
148.118	>>> V 0.00 0.00
148.120	S 6297521 -13.18 30.50 0.00 0.00 HOLD
148.138	>>> V 0.00 0.00
148.138	S 6297541 -13.18 30.50 0.00 0.00 HOLD
148.158	>>> V 0.00 0.00
148.159	S 6297561 -13.18 30.50 0.00 0.00 HOLD
148.179	>>> V 0.00 0.00
148.179	S 6297581 -13.18 30.50 0.00 0.00 HOLD
148.199	>>> V 0.00 0.00
148.202	S 6297601 -13.18 30.50 0.00 0.00 HOLD
148.218	>>> V 0.00 0.00
148.222	S 6297621 -13.18 30.50 0.00 0.00 HOLD
148.240	>>> V 0.00 0.00
148.240	S 6297641 -13.18 30.50 0.00 0.00 HOLD
148.259	>>> V 0.00 0.00
148.261	S 6297661 -13.27 30.50 0.00 0.00 HOLD
148.278	>>> V 0.00 0.00
148.279	S 6297681 -13.18 30.50 0.00 0.00 HOLD
148.302	>>> V 0.00 0.00
148.303	S 6297701 -13.18 30.50 0.00 0.00 HOLD
148.318	>>> V 0.00 0.00
148.319	S 6297721 -13.18 30.50 0.00 0.00 HOLD
148.340	>>> V 0.00 0.00
148.342	S 6297741 -13.27 30.50 0.00 0.00 HOLD
148.361	>>> V 0.00 0.00
148.362	S 6297761 -13.18 30.50 0.00 0.00 HOLD
148.378	>>> V 0.00 0.00
148.379	S 6297781 -13.18 30.50 0.00 0.00 HOLD
148.400	>>> V 0.00 0.00
148.400	S 6297801 -13.18 30.50 0.00 0.00 HOLD
148.421	>>> V 0.00 0.00
148.421	S 6297821 -13.18 30.50 0.00 0.00 HOLD
148.442	>>> V 0.00 0.00
148.444	S 6297841 -13.18 30.50 0.00 0.00 HOLD
148.446	S 6297861 -13.18 30.50 0.00 0.00 HOLD
148.460	>>> V 0.00 0.00
148.485	>>> V 0.00 0.00
148.486	S 6297881 -13.18 30.50 0.00 0.00 HOLD
148.487	S 6297901 -13.18 30.50 0.00 0.00 HOLD
148.498	>>> V 0.00 0.00
148.519	>>> V 0.00 0.00
148.523	S 6297921 -13.18 30.50 0.00 0.00 HOLD
148.537	>>> V 0.00 0.00
148.539	S 6297941 -13.18 30.50 0.00 0.00 HOLD
148.558	>>> V 0.00 0.00
148.567	S 6297961 -13.18 30.50 0.00 0.00 HOLD
148.571	S 6297981 -13.18 30.59 0.00 0.00 HOLD
148.579	>>> V 0.00 0.00
148.602	>>> V 0.00 0.00
148.605	S 6298001 -13.18 30.50 0.00 0.00 HOLD
148.610	S 6298021 -13.18 30.50 0.00 0.00 HOLD
148.620	>>> V 0.00 0.00
148.639	>>> V 0.00 0.00
148.642	S 6298041 -13.18 30.50 0.00 0.00 HOLD
148.658	>>> V 0.00 0.00
148.661	S 6298061 -13.18 30.50 0.00 0.00 HOLD
148.678	>>> V 0.00 0.00
148.679	S 6298081 -13.18 30.50 0.00 0.00 HOLD
148.701	>>> V 0.00 0.00
148.703	S 6298101 -13.18 30.50 0.00 0.00 HOLD
148.718	>>> V 0.00 0.00
148.719	S 6298121 -13.18 30.50 0.00 0.00 HOLD
148.740	>>> V 0.00 0.00
148.743	S 6298142 -13.18 30.50 0.00 0.00 HOLD
148.757	>>> V 0.00 0.00
148.759	S 6298162 -13.18 30.50 0.00 0.00 HOLD
148.781	>>> V 0.00 0.00
148.784	S 6298182 -13.18 30.50 0.00 0.00 HOLD
148.785	S 6298202 -13.18 30.50 0.00 0.00 HOLD
148.798	>>> V 0.00 0.00
148.818	>>> V 0.00 0.00
148.822	S 6298222 -13.27 30.50 0.00 0.00 HOLD
148.838	>>> V 0.00 0.00
148.838	S 6298242 -13.18 30.50 0.00 0.00 HOLD
148.859	>>> V 0.00 0.00
148.859	S 6298262 -13.18 30.50 0.00 0.00 HOLD
148.879	>>> V 0.00 0.00
148.879	S 6298282 -13.18 30.50 0.00 0.00 HOLD
148.900	>>> V 0.00 0.00
148.900	S 6298302 -13.18 30.50 0.00 0.00 HOLD
148.926	>>> V 0.00 0.00
148.927	S 6298322 -13.18 30.50 0.00 0.00 HOLD
148.931	S 6298342 -13.18 30.50 0.00 0.00 HOLD
148.942	>>> V 0.00 0.00
148.963	>>> V 0.00 0.00
148.963	S 6298362 -13.18 30.50 0.00 0.00 HOLD
148.964	S 6298382 -13.18 30.50 0.00 0.00 HOLD
148.978	>>> V 0.00 0.00
148.999	>>> V 0.00 0.00
149.000	S 6298402 -13.18 30.50 0.00 0.00 HOLD
149.018	>>> V 0.00 0.00
149.022	S 6298422 -13.18 30.50 0.00 0.00 HOLD
149.038	>>> V 0.00 0.00
149.039	S 6298442 -13.18 30.50 0.00 0.00 HOLD
149.060	>>> V 0.00 0.00
149.060	S 6298462 -13.18 30.50 0.00 0.00 HOLD
149.080	>>> V 0.00 0.00
149.083	S 6298482 -13.18 30.50 0.00 0.00 HOLD
149.098	>>> V 0.00 0.00
149.099	S 6298502 -13.27 30.50 0.00 0.00 HOLD
149.119	>>> V 0.00 0.00
149.120	S 6298522 -13.18 30.50 0.00 0.00 HOLD
149.138	>>> V 0.00 0.00
149.138	S 6298542 -13.18 30.50 0.00 0.00 HOLD
149.160	>>> V 0.00 0.00
149.163	S 6298562 -13.18 30.50 0.00 0.00 HOLD
149.178	>>> V 0.00 0.00
149.179	S 6298582 -13.18 30.50 0.00 0.00 HOLD
149.199	>>> V 0.00 0.00
149.200	S 6298602 -13.18 30.50 0.00 0.00 HOLD
149.219	>>> V 0.00 0.00
149.219	S 6298622 -13.18 30.50 0.00 0.00 HOLD
149.239	>>> V 0.00 0.00
149.242	S 6298642 -13.18 30.50 0.00 0.00 HOLD
149.259	>>> V 0.00 0.00
149.259	S 6298662 -13.18 30.50 0.00 0.00 HOLD
149.279	>>> V 0.00 0.00
149.280	S 6298682 -13.18 30.50 0.00 0.00 HOLD
149.298	>>> V 0.00 0.00
149.300	S 6298702 -13.18 30.50 0.00 0.00 HOLD
149.321	>>> V 0.00 0.00
149.323	S 6298722 -13.18 30.50 0.00 0.00 HOLD
149.339	>>> V 0.00 0.00
149.340	S 6298742 -13.18 30.50 0.00 0.00 HOLD
149.361	>>> V 0.00 0.00
149.362	S 6298762 -13.18 30.50 0.00 0.00 HOLD
149.380	>>> V 0.00 0.00
149.382	S 6298782 -13.18 30.50 0.00 0.00 HOLD
149.399	>>> V 0.00 0.00
149.399	S 6298802 -13.18 30.50 0.00 0.00 HOLD
149.418	>>> V 0.00 0.00
149.418	S 6298822 -13.18 30.50 0.00 0.00 HOLD
149.440	>>> V 0.00 0.00
149.441	S 6298842 -13.18 30.50 0.00 0.00 HOLD
149.457	>>> V 0.00 0.00
149.458	S 6298862 -13.18 30.50 0.00 0.00 HOLD
149.478	>>> V 0.00 0.00
149.478	S 6298882 -13.18 30.50 0.00 0.00 HOLD
149.498	>>> V 0.00 0.00
149.499	S 6298902 -13.18 30.50 0.00 0.00 HOLD
149.520	>>> V 0.00 0.00
149.522	S 6298922 -13.18 30.50 0.00 0.00 HOLD
149.540	>>> V 0.00 0.00
149.542	S 6298942 -13.18 30.50 0.00 0.00 HOLD
149.560	>>> V 0.00 0.00
149.562	S 6298962 -13.18 30.50 0.00 0.00 HOLD
149.579	>>> V 0.00 0.00
149.580	S 6298982 -13.18 30.50 0.00 0.00 HOLD
149.608	>>> V 0.00 0.00
149.609	S 6299002 -13.18 30.50 0.00 0.00 HOLD
149.612	S 6299022 -13.27 30.50 0.00 0.00 HOLD
149.620	>>> V 0.00 0.00
149.624	S 6299042 -13.18 30.50 0.00 0.00 HOLD
149.638	>>> V 0.00 0.00
149.666	>>> V 0.00 0.00
149.666	S 6299062 -13.18 30.50 0.00 0.00 HOLD
149.667	S 6299082 -13.18 30.50 0.00 0.00 HOLD
149.687	>>> V 0.00 0.00
149.687	S 6299102 -13.18 30.50 0.00 0.00 HOLD
149.702	>>> V 0.00 0.00
149.718	>>> V 0.00 0.00
149.720	S 6299122 -13.18 30.50 0.00 0.00 HOLD
149.740	>>> V 0.00 0.00
149.744	S 6299142 -13.18 30.50 0.00 0.00 HOLD
149.758	>>> V 0.00 0.00
149.764	S 6299162 -13.18 30.50 0.00 0.00 HOLD
149.770	S 6299182 -13.18 30.50 0.00 0.00 HOLD
149.778	>>> V 0.00 0.00
149.800	>>> V 0.00 0.00
149.802	S 6299202 -13.18 30.50 0.00 0.00 HOLD
149.820	>>> V 0.00 0.00
149.823	S 6299222 -13.18 30.50 0.00 0.00 HOLD
149.837	>>> V 0.00 0.00
149.839	S 6299242 -13.18 30.50 0.00 0.00 HOLD
149.860	>>> V 0.00 0.00
149.861	S 6299262 -13.18 30.50 0.00 0.00 HOLD
149.881	>>> V 0.00 0.00
149.882	S 6299282 -13.18 30.50 0.00 0.00 HOLD
149.898	>>> V 0.00 0.00
149.899	S 6299302 -13.18 30.50 0.00 0.00 HOLD
149.918	>>> V 0.00 0.00
149.919	S 6299322 -13.18 30.50 0.00 0.00 HOLD
149.939	>>> V 0.00 0.00
149.940	S 6299342 -13.18 30.50 0.00 0.00 HOLD
149.959	>>> V 0.00 0.00
149.960	S 6299362 -13.18 30.50 0.00 0.00 HOLD
149.979	>>> V 0.00 0.00
149.981	S 6299382 -13.18 30.50 0.00 0.00 HOLD
150.001	>>> V 0.00 0.00
150.002	S 6299402 -13.18 30.50 0.00 0.00 HOLD
150.018	>>> V 0.00 0.00
150.019	S 6299422 -13.18 30.50 0.00 0.00 HOLD
150.039	>>> V 0.00 0.00
150.040	S 6299442 -13.18 30.50 0.00 0.00 HOLD
150.058	>>> V 0.00 0.00
150.059	S 6299462 -13.18 30.50 0.00 0.00 HOLD
150.078	>>> V 0.00 0.00
150.083	S 6299482 -13.18 30.50 0.00 0.00 HOLD
150.100	>>> V 0.00 0.00
150.101	S 6299502 -13.18 30.50 0.00 0.00 HOLD
150.120	>>> V 0.00 0.00
150.124	S 6299522 -13.18 30.50 0.00 0.00 HOLD
150.129	S 6299542 -13.18 30.50 0.00 0.00 HOLD
150.141	>>> V 0.00 0.00
150.158	>>> V 0.00 0.00
150.158	S 6299562 -13.18 30.50 0.00 0.00 HOLD
150.179	>>> V 0.00 0.00
150.181	S 6299582 -13.18 30.50 0.00 0.00 HOLD
150.198	>>> V 0.00 0.00
150.202	S 6299602 -13.18 30.50 0.00 0.00 HOLD
150.223	>>> V 0.00 0.00
150.225	S 6299622 -13.27 30.50 0.00 0.00 HOLD
150.229	S 6299642 -13.18 30.50 0.00 0.00 HOLD
150.241	>>> V 0.00 0.00
150.259	>>> V 0.00 0.00
150.259	S 6299662 -13.18 30.50 0.00 0.00 HOLD
150.278	>>> V 0.00 0.00
150.280	S 6299682 -13.18 30.50 0.00 0.00 HOLD
150.299	>>> V 0.00 0.00
150.299	S 6299702 -13.18 30.50 0.00 0.00 HOLD
150.319	>>> V 0.00 0.00
150.319	S 6299722 -13.18 30.50 0.00 0.00 HOLD
150.339	>>> V 0.00 0.00
150.341	S 6299742 -13.18 30.50 0.00 0.00 HOLD
150.362	>>> V 0.00 0.00
150.365	S 6299762 -13.18 30.50 0.00 0.00 HOLD
150.367	S 6299782 -13.27 30.50 0.00 0.00 HOLD
150.380	>>> V 0.00 0.00
150.404	>>> V 0.00 0.00
150.405	S 6299802 -13.18 30.50 0.00 0.00 HOLD
150.419	>>> V 0.00 0.00
150.422	S 6299822 -13.18 30.50 0.00 0.00 HOLD
150.441	>>> V 0.00 0.00
150.445	S 6299842 -13.18 30.50 0.00 0.00 HOLD
150.447	S 6299862 -13.18 30.50 0.00 0.00 HOLD
150.458	>>> V 0.00 0.00
150.478	>>> V 0.00 0.00
150.479	S 6299882 -13.18 30.50 0.00 0.00 HOLD
150.497	>>> V 0.00 0.00
150.499	S 6299902 -13.18 30.50 0.00 0.00 HOLD
150.518	>>> V 0.00 0.00
150.519	S 6299922 -13.18 30.50 0.00 0.00 HOLD
150.542	>>> V 0.00 0.00
150.542	S 6299942 -13.18 30.50 0.00 0.00 HOLD
150.559	>>> V 0.00 0.00
150.562	S 6299962 -13.18 30.50 0.00 0.00 HOLD
150.579	>>> V 0.00 0.00
150.580	S 6299982 -13.18 30.50 0.00 0.00 HOLD
150.601	>>> V 0.00 0.00
150.602	S 6300002 -13.18 30.50 0.00 0.00 HOLD
150.618	>>> V 0.00 0.00
150.619	S 6300022 -13.18 30.50 0.00 0.00 HOLD
150.639	>>> V 0.00 0.00
150.639	S 6300042 -13.18 30.50 0.00 0.00 HOLD
150.659	>>> V 0.00 0.00
150.659	S 6300062 -13.18 30.50 0.00 0.00 HOLD
150.679	>>> V 0.00 0.00
150.680	S 6300082 -13.18 30.50 0.00 0.00 HOLD
150.700	>>> V 0.00 0.00
150.701	S 6300102 -13.18 30.50 0.00 0.00 HOLD
150.719	>>> V 0.00 0.00
150.720	S 6300122 -13.18 30.50 0.00 0.00 HOLD
150.737	>>> V 0.00 0.00
150.740	S 6300142 -13.18 30.50 0.00 0.00 HOLD
150.758	>>> V 0.00 0.00
150.759	S 6300162 -13.18 30.50 0.00 0.00 HOLD
150.777	>>> V 0.00 0.00
150.778	S 6300182 -13.18 30.50 0.00 0.00 HOLD
150.801	>>> V 0.00 0.00
150.801	S 6300202 -13.18 30.50 0.00 0.00 HOLD
150.818	>>> V 0.00 0.00
150.818	S 6300222 -13.18 30.50 0.00 0.00 HOLD
150.838	>>> V 0.00 0.00
150.842	S 6300242 -13.18 30.50 0.00 0.00 HOLD
150.859	>>> V 0.00 0.00
150.860	S 6300262 -13.18 30.50 0.00 0.00 HOLD
150.882	>>> V 0.00 0.00
150.883	S 6300282 -13.18 30.50 0.00 0.00 HOLD
150.897	>>> V 0.00 0.00
150.908	S 6300302 -13.18 30.50 0.00 0.00 HOLD
150.921	S 6300322 -13.18 30.50 0.00 0.00 HOLD
150.940	>>> V 0.00 0.00
150.944	S 6300342 -13.27 30.50 0.00 0.00 HOLD
150.946	S 6300362 -13.18 30.50 0.00 0.00 HOLD
150.960	>>> V 0.00 0.00
150.984	>>> V 0.00 0.00
150.987	S 6300382 -13.18 30.50 0.00 0.00 HOLD
150.990	S 6300402 -13.18 30.50 0.00 0.00 HOLD
151.000	>>> V 0.00 0.00
151.020	>>> V 0.00 0.00
151.021	S 6300422 -13.18 30.50 0.00 0.00 HOLD
151.038	>>> V 0.00 0.00
151.039	S 6300442 -13.18 30.50 0.00 0.00 HOLD
151.059	>>> V 0.00 0.00
151.059	S 6300462 -13.18 30.50 0.00 0.00 HOLD
151.078	>>> V 0.00 0.00
151.078	S 6300482 -13.18 30.50 0.00 0.00 HOLD
151.107	>>> V 0.00 0.00
151.108	S 6300502 -13.18 30.50 0.00 0.00 HOLD
151.109	S 6300522 -13.18 30.50 0.00 0.00 HOLD
151.121	>>> V 0.00 0.00
151.139	>>> V 0.00 0.00
151.144	S 6300542 -13.18 30.50 0.00 0.00 HOLD
151.159	>>> V 0.00 0.00
151.160	S 6300562 -13.18 30.50 0.00 0.00 HOLD
151.183	>>> V 0.00 0.00
151.185	S 6300582 -13.18 30.50 0.00 0.00 HOLD
151.186	S 6300602 -13.18 30.50 0.00 0.00 HOLD
151.198	>>> V 0.00 0.00
151.206	S 6300622 -13.18 30.50 0.00 0.00 HOLD
151.225	>>> V 0.00 0.00
151.228	S 6300642 -13.27 30.50 0.00 0.00 HOLD
151.250	>>> V 0.00 0.00
151.251	S 6300662 -13.18 30.50 0.00 0.00 HOLD
151.269	>>> V 0.00 0.00
151.272	S 6300682 -13.18 30.50 0.00 0.00 HOLD
151.287	>>> V 0.00 0.00
151.288	S 6300702 -13.18 30.50 0.00 0.00 HOLD
151.299	>>> V 0.00 0.00
151.319	>>> V 0.00 0.00
151.319	S 6300722 -13.18 30.50 0.00 0.00 HOLD
151.351	>>> V 0.00 0.00
151.371	S 6300742 -13.18 30.50 0.00 0.00 HOLD
151.388	S 6300762 -13.18 30.50 0.00 0.00 HOLD
151.393	S 6300782 -13.18 30.50 0.00 0.00 HOLD
151.401	>>> V 0.00 0.00
151.401	S 6300802 -13.18 30.50 0.00 0.00 HOLD
151.422	>>> V 0.00 0.00
151.427	S 6300822 -13.18 30.50 0.00 0.00 HOLD
151.429	S 6300842 -13.18 30.50 0.00 0.00 HOLD
151.438	>>> V 0.00 0.00
151.458	>>> V 0.00 0.00
151.460	S 6300862 -13.18 30.50 0.00 0.00 HOLD
151.479	>>> V 0.00 0.00
151.480	S 6300882 -13.18 30.50 0.00 0.00 HOLD
151.502	>>> V 0.00 0.00
151.506	S 6300902 -13.18 30.50 0.00 0.00 HOLD
151.509	S 6300922 -13.18 30.50 0.00 0.00 HOLD
151.524	>>> V 0.00 0.00
151.525	S 6300942 -13.18 30.50 0.00 0.00 HOLD
151.552	>>> V 0.00 0.00
151.553	S 6300962 -13.18 30.50 0.00 0.00 HOLD
151.559	>>> V 0.00 0.00
151.580	>>> V 0.00 0.00
151.584	S 6300982 -13.18 30.50 0.00 0.00 HOLD
151.600	>>> V 0.00 0.00
151.601	S 6301002 -13.18 30.50 0.00 0.00 HOLD
151.630	>>> V 0.00 0.00
151.633	S 6301022 -13.18 30.50 0.00 0.00 HOLD
151.639	S 6301042 -13.18 30.50 0.00 0.00 HOLD
151.649	>>> V 0.00 0.00
151.650	S 6301062 -13.18 30.50 0.00 0.00 HOLD
151.667	>>> V 0.00 0.00
151.668	S 6301082 -13.18 30.50 0.00 0.00 HOLD
151.692	>>> V 0.00 0.00
151.692	S 6301102 -13.18 30.50 0.00 0.00 HOLD
151.700	>>> V 0.00 0.00
151.719	>>> V 0.00 0.00
151.721	S 6301122 -13.18 30.50 0.00 0.00 HOLD
151.745	>>> V 0.00 0.00
151.746	S 6301142 -13.18 30.50 0.00 0.00 HOLD
151.747	S 6301162 -13.18 30.50 0.00 0.00 HOLD
151.762	>>> V 0.00 0.00
151.764	S 6301182 -13.18 30.59 0.00 0.00 HOLD
151.778	>>> V 0.00 0.00
151.800	>>> V 0.00 0.00
151.801	S 6301202 -13.18 30.50 0.00 0.00 HOLD
151.818	>>> V 0.00 0.00
151.820	S 6301222 -13.18 30.50 0.00 0.00 HOLD
151.853	>>> V 0.00 0.00
151.853	S 6301242 -13.18 30.50 0.00 0.00 HOLD
151.854	S 6301262 -13.18 30.50 0.00 0.00 HOLD
151.859	>>> V 0.00 0.00
151.880	>>> V 0.00 0.00
151.881	S 6301282 -13.18 30.50 0.00 0.00 HOLD
151.903	>>> V 0.00 0.00
151.905	S 6301302 -13.18 30.50 0.00 0.00 HOLD
151.908	S 6301322 -13.18 30.50 0.00 0.00 HOLD
151.919	>>> V 0.00 0.00
151.938	>>> V 0.00 0.00
151.938	S 6301342 -13.18 30.50 0.00 0.00 HOLD
151.958	>>> V 0.00 0.00
151.959	S 6301362 -13.18 30.50 0.00 0.00 HOLD
151.979	>>> V 0.00 0.00
151.979	S 6301382 -13.18 30.50 0.00 0.00 HOLD
151.998	>>> V 0.00 0.00
151.999	S 6301402 -13.18 30.50 0.00 0.00 HOLD
152.020	>>> V 0.00 0.00
152.025	S 6301422 -13.18 30.50 0.00 0.00 HOLD
152.026	S 6301442 -13.18 30.50 0.00 0.00 HOLD
152.037	>>> V 0.00 0.00
152.062	>>> V 0.00 0.00
152.064	S 6301462 -13.18 30.50 0.00 0.00 HOLD
152.078	>>> V 0.00 0.00
152.082	S 6301482 -13.18 30.50 0.00 0.00 HOLD
152.098	>>> V 0.00 0.00
152.099	S 6301502 -13.18 30.50 0.00 0.00 HOLD
152.118	>>> V 0.00 0.00
152.120	S 6301522 -13.18 30.50 0.00 0.00 HOLD
152.143	>>> V 0.00 0.00
152.144	S 6301542 -13.18 30.50 0.00 0.00 HOLD
152.146	S 6301562 -13.18 30.50 0.00 0.00 HOLD
152.160	>>> V 0.00 0.00
152.183	>>> V 0.00 0.00
152.184	S 6301582 -13.18 30.50 0.00 0.00 HOLD
152.189	S 6301602 -13.18 30.59 0.00 0.00 HOLD
152.203	>>> V 0.00 0.00
152.206	S 6301622 -13.18 30.50 0.00 0.00 HOLD
152.222	>>> V 0.00 0.00
152.239	>>> V 0.00 0.00
152.241	S 6301642 -13.18 30.50 0.00 0.00 HOLD
152.260	>>> V 0.00 0.00
152.262	S 6301662 -13.18 30.50 0.00 0.00 HOLD
152.282	>>> V 0.00 0.00
152.283	S 6301682 -13.18 30.50 0.00 0.00 HOLD
152.307	>>> V 0.00 0.00
152.309	S 6301702 -13.18 30.50 0.00 0.00 HOLD
152.312	S 6301722 -13.18 30.50 0.00 0.00 HOLD
152.321	>>> V 0.00 0.00
152.325	S 6301742 -13.18 30.50 0.00 0.00 HOLD
152.342	>>> V 0.00 0.00
152.363	>>> V 0.00 0.00
152.366	S 6301762 -13.18 30.50 0.00 0.00 HOLD
152.375	S 6301782 -13.18 30.50 0.00 0.00 HOLD
152.388	>>> V 0.00 0.00
152.390	S 6301802 -13.18 30.50 0.00 0.00 HOLD
152.401	>>> V 0.00 0.00
152.417	>>> V 0.00 0.00
152.419	S 6301822 -13.18 30.50 0.00 0.00 HOLD
152.440	>>> V 0.00 0.00
152.442	S 6301842 -13.18 30.50 0.00 0.00 HOLD
152.461	>>> V 0.00 0.00
152.461	S 6301862 -13.18 30.50 0.00 0.00 HOLD
152.480	>>> V 0.00 0.00
152.482	S 6301882 -13.18 30.50 0.00 0.00 HOLD
152.498	>>> V 0.00 0.00
152.500	S 6301902 -13.18 30.50 0.00 0.00 HOLD
152.519	>>> V 0.00 0.00
152.520	S 6301922 -13.18 30.50 0.00 0.00 HOLD
152.539	>>> V 0.00 0.00
152.541	S 6301942 -13.18 30.50 0.00 0.00 HOLD
152.558	>>> V 0.00 0.00
152.559	S 6301962 -13.18 30.50 0.00 0.00 HOLD
152.578	>>> V 0.00 0.00
152.578	S 6301982 -13.18 30.50 0.00 0.00 HOLD
152.600	>>> V 0.00 0.00
152.600	S 6302002 -13.27 30.50 0.00 0.00 HOLD
152.618	>>> V 0.00 0.00
152.619	S 6302022 -13.18 30.50 0.00 0.00 HOLD
152.639	>>> V 0.00 0.00
152.641	S 6302042 -13.18 30.50 0.00 0.00 HOLD
152.658	>>> V 0.00 0.00
152.658	S 6302062 -13.18 30.50 0.00 0.00 HOLD
152.680	>>> V 0.00 0.00
152.681	S 6302082 -13.18 30.50 0.00 0.00 HOLD
152.698	>>> V 0.00 0.00
152.698	S 6302102 -13.27 30.50 0.00 0.00 HOLD
152.718	>>> V 0.00 0.00
152.720	S 6302122 -13.18 30.50 0.00 0.00 HOLD
152.737	>>> V 0.00 0.00
152.740	S 6302142 -13.18 30.50 0.00 0.00 HOLD
152.766	>>> V 0.00 0.00
152.769	S 6302162 -13.18 30.50 0.00 0.00 HOLD
152.773	S 6302182 -13.18 30.50 0.00 0.00 HOLD
152.778	>>> V 0.00 0.00
152.802	>>> V 0.00 0.00
152.803	S 6302202 -13.18 30.50 0.00 0.00 HOLD
152.818	>>> V 0.00 0.00
152.818	S 6302222 -13.18 30.50 0.00 0.00 HOLD
152.839	>>> V 0.00 0.00
152.842	S 6302242 -13.18 30.50 0.00 0.00 HOLD
152.861	>>> V 0.00 0.00
152.862	S 6302262 -13.18 30.50 0.00 0.00 HOLD
152.879	>>> V 0.00 0.00
152.882	S 6302282 -13.18 30.50 0.00 0.00 HOLD
152.899	>>> V 0.00 0.00
152.899	S 6302302 -13.18 30.50 0.00 0.00 HOLD
152.919	>>> V 0.00 0.00
152.935	S 6302322 -13.18 30.50 0.00 0.00 HOLD
152.938	S 6302342 -13.18 30.50 0.00 0.00 HOLD
152.950	>>> V 0.00 0.00
152.951	S 6302362 -13.27 30.50 0.00 0.00 HOLD
152.961	>>> V 0.00 0.00
152.981	>>> V 0.00 0.00
152.985	S 6302382 -13.18 30.50 0.00 0.00 HOLD
152.988	S 6302402 -13.18 30.50 0.00 0.00 HOLD
153.008	>>> V 0.00 0.00
153.009	S 6302422 -13.18 30.50 0.00 0.00 HOLD
153.018	>>> V 0.00 0.00
153.038	>>> V 0.00 0.00
153.041	S 6302442 -13.18 30.50 0.00 0.00 HOLD
153.059	>>> V 0.00 0.00
153.059	S 6302462 -13.18 30.50 0.00 0.00 HOLD
153.079	>>> V 0.00 0.00
153.079	S 6302482 -13.18 30.50 0.00 0.00 HOLD
153.106	>>> V 0.00 0.00
153.108	S 6302502 -13.18 30.50 0.00 0.00 HOLD
153.111	S 6302522 -13.18 30.50 0.00 0.00 HOLD
153.119	>>> V 0.00 0.00
153.140	>>> V 0.00 0.00
153.143	S 6302542 -13.27 30.50 0.00 0.00 HOLD
153.163	>>> V 0.00 0.00
153.163	S 6302562 -13.18 30.50 0.00 0.00 HOLD
153.179	>>> V 0.00 0.00
153.180	S 6302582 -13.18 30.50 0.00 0.00 HOLD
153.198	>>> V 0.00 0.00
153.200	S 6302602 -13.18 30.50 0.00 0.00 HOLD
153.218	>>> V 0.00 0.00
153.221	S 6302622 -13.18 30.50 0.00 0.00 HOLD
153.239	>>> V 0.00 0.00
153.240	S 6302642 -13.18 30.50 0.00 0.00 HOLD
153.258	>>> V 0.00 0.00
153.261	S 6302662 -13.18 30.50 0.00 0.00 HOLD
153.278	>>> V 0.00 0.00
153.281	S 6302682 -13.18 30.50 0.00 0.00 HOLD
153.310	>>> V 0.00 0.00
153.314	S 6302702 -13.18 30.50 0.00 0.00 HOLD
153.321	S 6302722 -13.18 30.50 0.00 0.00 HOLD
153.348	>>> V 0.00 0.00
153.349	S 6302742 -13.27 30.59 0.00 0.00 HOLD
153.351	S 6302762 -13.18 30.50 0.00 0.00 HOLD
153.357	>>> V 0.00 0.00
153.383	>>> V 0.00 0.00
153.385	S 6302782 -13.18 30.50 0.00 0.00 HOLD
153.387	S 6302802 -13.18 30.59 0.00 0.00 HOLD
153.399	>>> V 0.00 0.00
153.436	>>> V 0.00 0.00
153.437	S 6302822 -13.18 30.50 0.00 0.00 HOLD
153.438	S 6302842 -13.18 30.50 0.00 0.00 HOLD
153.441	>>> V 0.00 0.00
153.458	>>> V 0.00 0.00
153.459	S 6302862 -13.27 30.59 0.00 0.00 HOLD
153.480	>>> V 0.00 0.00
153.486	S 6302882 -13.18 30.50 0.00 0.00 HOLD
153.494	S 6302902 -13.18 30.59 0.00 0.00 HOLD
153.506	>>> V 0.00 0.00
153.506	S 6302922 -13.18 30.50 0.00 0.00 HOLD
153.521	>>> V 0.00 0.00
153.541	>>> V 0.00 0.00
153.542	S 6302942 -13.18 30.50 0.00 0.00 HOLD
153.558	>>> V 0.00 0.00
153.560	S 6302962 -13.18 30.50 0.00 0.00 HOLD
153.581	>>> V 0.00 0.00
153.584	S 6302982 -13.18 30.50 0.00 0.00 HOLD
153.598	>>> V 0.00 0.00
153.600	S 6303002 -13.18 30.50 0.00 0.00 HOLD
153.622	>>> V 0.00 0.00
153.623	S 6303022 -13.18 30.50 0.00 0.00 HOLD
153.637	>>> V 0.00 0.00
153.638	S 6303042 -13.18 30.50 0.00 0.00 HOLD
153.660	>>> V 0.00 0.00
153.664	S 6303062 -13.18 30.50 0.00 0.00 HOLD
153.685	>>> V 0.00 0.00
153.685	S 6303082 -13.18 30.50 0.00 0.00 HOLD
153.688	S 6303102 -13.27 30.50 0.00 0.00 HOLD
153.697	>>> V 0.00 0.00
153.718	>>> V 0.00 0.00
153.720	S 6303122 -13.18 30.50 0.00 0.00 HOLD
153.738	>>> V 0.00 0.00
153.739	S 6303142 -13.18 30.50 0.00 0.00 HOLD
153.759	>>> V 0.00 0.00
153.759	S 6303162 -13.18 30.50 0.00 0.00 HOLD
153.779	>>> V 0.00 0.00
153.781	S 6303182 -13.18 30.50 0.00 0.00 HOLD
153.799	>>> V 0.00 0.00
153.800	S 6303202 -13.18 30.50 0.00 0.00 HOLD
153.823	>>> V 0.00 0.00
153.824	S 6303222 -13.18 30.50 0.00 0.00 HOLD
153.845	>>> V 0.00 0.00
153.847	S 6303242 -13.27 30.50 0.00 0.00 HOLD
153.848	S 6303262 -13.18 30.50 0.00 0.00 HOLD
153.870	>>> V 0.00 0.00
153.894	S 6303282 -13.18 30.50 0.00 0.00 HOLD
153.909	S 6303302 -13.18 30.50 0.00 0.00 HOLD
153.915	>>> V 0.00 0.00
153.916	S 6303322 -13.18 30.50 0.00 0.00 HOLD
153.936	>>> V 0.00 0.00
153.937	S 6303342 -13.18 30.50 0.00 0.00 HOLD
153.964	>>> V 0.00 0.00
153.966	S 6303362 -13.18 30.50 0.00 0.00 HOLD
153.968	S 6303382 -13.18 30.50 0.00 0.00 HOLD
153.982	>>> V 0.00 0.00
153.998	>>> V 0.00 0.00
153.999	S 6303402 -13.18 30.50 0.00 0.00 HOLD
154.023	>>> V 0.00 0.00
154.024	S 6303422 -13.18 30.50 0.00 0.00 HOLD
154.025	S 6303442 -13.18 30.50 0.00 0.00 HOLD
154.037	>>> V 0.00 0.00
154.058	>>> V 0.00 0.00
154.059	S 6303462 -13.18 30.50 0.00 0.00 HOLD
154.078	>>> V 0.00 0.00
154.079	S 6303482 -13.18 30.50 0.00 0.00 HOLD
154.098	>>> V 0.00 0.00
154.103	S 6303502 -13.18 30.50 0.00 0.00 HOLD
154.118	>>> V 0.00 0.00
154.119	S 6303522 -13.18 30.50 0.00 0.00 HOLD
154.144	>>> V 0.00 0.00
154.145	S 6303542 -13.18 30.50 0.00 0.00 HOLD
154.148	S 6303562 -13.18 30.50 0.00 0.00 HOLD
154.161	>>> V 0.00 0.00
154.179	>>> V 0.00 0.00
154.180	S 6303582 -13.18 30.50 0.00 0.00 HOLD
154.200	>>> V 0.00 0.00
154.200	S 6303602 -13.27 30.50 0.00 0.00 HOLD
154.218	>>> V 0.00 0.00
154.219	S 6303622 -13.18 30.50 0.00 0.00 HOLD
154.239	>>> V 0.00 0.00
154.239	S 6303642 -13.18 30.50 0.00 0.00 HOLD
154.258	>>> V 0.00 0.00
154.260	S 6303662 -13.18 30.50 0.00 0.00 HOLD
154.282	>>> V 0.00 0.00
154.283	S 6303682 -13.27 30.59 0.00 0.00 HOLD
154.305	>>> V 0.00 0.00
154.305	S 6303702 -13.27 30.50 0.00 0.00 HOLD
154.306	S 6303722 -13.18 30.50 0.00 0.00 HOLD
154.321	>>> V 0.00 0.00
154.340	>>> V 0.00 0.00
154.343	S 6303742 -13.18 30.50 0.00 0.00 HOLD
154.359	>>> V 0.00 0.00
154.362	S 6303762 -13.18 30.50 0.00 0.00 HOLD
154.378	>>> V 0.00 0.00
154.383	S 6303782 -13.18 30.50 0.00 0.00 HOLD
154.403	>>> V 0.00 0.00
154.406	S 6303802 -13.18 30.59 0.00 0.00 HOLD
154.410	S 6303822 -13.18 30.50 0.00 0.00 HOLD
154.423	>>> V 0.00 0.00
154.445	>>> V 0.00 0.00
154.445	S 6303842 -13.18 30.50 0.00 0.00 HOLD
154.446	S 6303862 -13.18 30.50 0.00 0.00 HOLD
154.458	>>> V 0.00 0.00
154.479	>>> V 0.00 0.00
154.479	S 6303882 -13.27 30.50 0.00 0.00 HOLD
154.499	>>> V 0.00 0.00
154.502	S 6303902 -13.18 30.50 0.00 0.00 HOLD
154.518	>>> V 0.00 0.00
154.527	S 6303922 -13.18 30.50 0.00 0.00 HOLD
154.528	S 6303942 -13.18 30.50 0.00 0.00 HOLD
154.539	>>> V 0.00 0.00
154.560	>>> V 0.00 0.00
154.562	S 6303962 -13.18 30.50 0.00 0.00 HOLD
154.578	>>> V 0.00 0.00
154.579	S 6303982 -13.18 30.50 0.00 0.00 HOLD
154.605	>>> V 0.00 0.00
154.606	S 6304002 -13.18 30.50 0.00 0.00 HOLD
154.612	S 6304022 -13.18 30.50 0.00 0.00 HOLD
154.618	>>> V 0.00 0.00
154.659	>>> V 0.00 0.00
154.663	S 6304042 -13.18 30.50 0.00 0.00 HOLD
154.664	S 6304062 -13.18 30.50 0.00 0.00 HOLD
154.678	>>> V 0.00 0.00
154.680	S 6304082 -13.18 30.50 0.00 0.00 HOLD
154.701	>>> V 0.00 0.00
154.703	S 6304102 -13.18 30.50 0.00 0.00 HOLD
154.718	>>> V 0.00 0.00
154.721	S 6304122 -13.18 30.50 0.00 0.00 HOLD
154.742	>>> V 0.00 0.00
154.742	S 6304142 -13.18 30.50 0.00 0.00 HOLD
154.759	>>> V 0.00 0.00
154.760	S 6304162 -13.18 30.50 0.00 0.00 HOLD
154.779	>>> V 0.00 0.00
154.779	S 6304182 -13.18 30.50 0.00 0.00 HOLD
154.798	>>> V 0.00 0.00
154.800	S 6304202 -13.27 30.50 0.00 0.00 HOLD
154.819	>>> V 0.00 0.00
154.821	S 6304222 -13.18 30.50 0.00 0.00 HOLD
154.838	>>> V 0.00 0.00
154.838	S 6304242 -13.18 30.59 0.00 0.00 HOLD
154.875	>>> V 0.00 0.00
154.877	S 6304262 -13.18 30.50 0.00 0.00 HOLD
154.879	S 6304282 -13.18 30.50 0.00 0.00 HOLD
154.886	>>> V 0.00 0.00
154.887	S 6304302 -13.18 30.50 0.00 0.00 HOLD
154.902	>>> V 0.00 0.00
154.918	>>> V 0.00 0.00
154.918	S 6304322 -13.18 30.50 0.00 0.00 HOLD
154.941	>>> V 0.00 0.00
154.942	S 6304342 -13.18 30.50 0.00 0.00 HOLD
154.961	>>> V 0.00 0.00
154.961	S 6304362 -13.18 30.50 0.00 0.00 HOLD
154.979	>>> V 0.00 0.00
154.980	S 6304382 -13.18 30.50 0.00 0.00 HOLD
155.002	>>> V 0.00 0.00
155.003	S 6304402 -13.18 30.50 0.00 0.00 HOLD
155.019	>>> V 0.00 0.00
155.022	S 6304422 -13.18 30.50 0.00 0.00 HOLD
155.045	>>> V 0.00 0.00
155.046	S 6304442 -13.18 30.50 0.00 0.00 HOLD
155.048	S 6304462 -13.18 30.59 0.00 0.00 HOLD
155.067	>>> V 0.00 0.00
155.068	S 6304482 -13.18 30.50 0.00 0.00 HOLD
155.078	>>> V 0.00 0.00
155.101	>>> V 0.00 0.00
155.102	S 6304502 -13.18 30.50 0.00 0.00 HOLD
155.121	>>> V 0.00 0.00
155.122	S 6304522 -13.18 30.50 0.00 0.00 HOLD
155.146	>>> V 0.00 0.00
155.147	S 6304542 -13.18 30.50 0.00 0.00 HOLD
155.150	S 6304562 -13.18 30.50 0.00 0.00 HOLD
155.170	>>> V 0.00 0.00
155.172	S 6304582 -13.18 30.50 0.00 0.00 HOLD
155.183	>>> V 0.00 0.00
155.199	>>> V 0.00 0.00
155.200	S 6304602 -13.18 30.50 0.00 0.00 HOLD
155.221	>>> V 0.00 0.00
155.224	S 6304622 -13.18 30.50 0.00 0.00 HOLD
155.238	>>> V 0.00 0.00
155.244	S 6304642 -13.18 30.50 0.00 0.00 HOLD
155.259	>>> V 0.00 0.00
155.262	S 6304662 -13.18 30.50 0.00 0.00 HOLD
155.278	>>> V 0.00 0.00
155.278	S 6304682 -13.18 30.50 0.00 0.00 HOLD
155.300	>>> V 0.00 0.00
155.300	S 6304702 -13.18 30.50 0.00 0.00 HOLD
155.322	>>> V 0.00 0.00
155.322	S 6304722 -13.18 30.50 0.00 0.00 HOLD
155.338	>>> V 0.00 0.00
155.339	S 6304742 -13.18 30.50 0.00 0.00 HOLD
155.371	>>> V 0.00 0.00
155.371	S 6304762 -13.18 30.50 0.00 0.00 HOLD
155.372	S 6304782 -13.18 30.50 0.00 0.00 HOLD
155.394	>>> V 0.00 0.00
155.394	S 6304802 -13.18 30.50 0.00 0.00 HOLD
155.403	>>> V 0.00 0.00
155.406	S 6304822 -13.18 30.50 0.00 0.00 HOLD
155.418	>>> V 0.00 0.00
155.438	>>> V 0.00 0.00
155.441	S 6304842 -13.18 30.50 0.00 0.00 HOLD
155.458	>>> V 0.00 0.00
155.461	S 6304862 -13.18 30.50 0.00 0.00 HOLD
155.480	>>> V 0.00 0.00
155.480	S 6304882 -13.18 30.50 0.00 0.00 HOLD
155.498	>>> V 0.00 0.00
155.501	S 6304902 -13.27 30.50 0.00 0.00 HOLD
155.529	>>> V 0.00 0.00
155.530	S 6304922 -13.18 30.50 0.00 0.00 HOLD
155.534	S 6304942 -13.18 30.50 0.00 0.00 HOLD
155.540	>>> V 0.00 0.00
155.560	>>> V 0.00 0.00
155.563	S 6304962 -13.18 30.50 0.00 0.00 HOLD
155.578	>>> V 0.00 0.00
155.578	S 6304982 -13.18 30.50 0.00 0.00 HOLD
155.599	>>> V 0.00 0.00
155.604	S 6305002 -13.18 30.50 0.00 0.00 HOLD
155.608	S 6305022 -13.18 30.50 0.00 0.00 HOLD
155.618	>>> V 0.00 0.00
155.643	>>> V 0.00 0.00
155.644	S 6305042 -13.18 30.50 0.00 0.00 HOLD
155.660	>>> V 0.00 0.00
155.661	S 6305062 -13.18 30.50 0.00 0.00 HOLD
155.678	>>> V 0.00 0.00
155.678	S 6305082 -13.18 30.50 0.00 0.00 HOLD
155.700	>>> V 0.00 0.00
155.703	S 6305102 -13.18 30.50 0.00 0.00 HOLD
155.718	>>> V 0.00 0.00
155.721	S 6305122 -13.18 30.50 0.00 0.00 HOLD
155.738	>>> V 0.00 0.00
155.739	S 6305142 -13.18 30.50 0.00 0.00 HOLD
155.759	>>> V 0.00 0.00
155.760	S 6305162 -13.18 30.50 0.00 0.00 HOLD
155.778	>>> V 0.00 0.00
155.782	S 6305182 -13.18 30.59 0.00 0.00 HOLD
155.800	>>> V 0.00 0.00
155.802	S 6305202 -13.18 30.50 0.00 0.00 HOLD
155.818	>>> V 0.00 0.00
155.823	S 6305222 -13.18 30.50 0.00 0.00 HOLD
155.838	>>> V 0.00 0.00
155.838	S 6305242 -13.18 30.50 0.00 0.00 HOLD
155.858	>>> V 0.00 0.00
155.859	S 6305262 -13.18 30.50 0.00 0.00 HOLD
155.879	>>> V 0.00 0.00
155.880	S 6305282 -13.18 30.50 0.00 0.00 HOLD
155.897	>>> V 0.00 0.00
155.899	S 6305302 -13.18 30.50 0.00 0.00 HOLD
155.918	>>> V 0.00 0.00
155.927	S 6305322 -13.18 30.50 0.00 0.00 HOLD
155.934	S 6305342 -13.18 30.50 0.00 0.00 HOLD
155.970	>>> V 0.00 0.00
155.970	S 6305362 -13.18 30.50 0.00 0.00 HOLD
155.976	S 6305382 -13.18 30.50 0.00 0.00 HOLD
156.004	>>> V 0.00 0.00
156.005	S 6305402 -13.18 30.50 0.00 0.00 HOLD
156.007	S 6305422 -13.18 30.50 0.00 0.00 HOLD
156.019	>>> V 0.00 0.00
156.037	>>> V 0.00 0.00
156.038	S 6305442 -13.18 30.50 0.00 0.00 HOLD
156.058	>>> V 0.00 0.00
156.061	S 6305462 -13.18 30.50 0.00 0.00 HOLD
156.078	>>> V 0.00 0.00
156.081	S 6305482 -13.18 30.50 0.00 0.00 HOLD
156.099	>>> V 0.00 0.00
156.103	S 6305502 -13.18 30.50 0.00 0.00 HOLD
156.122	>>> V 0.00 0.00
156.123	S 6305522 -13.18 30.50 0.00 0.00 HOLD
156.147	>>> V 0.00 0.00
156.147	S 6305542 -13.18 30.50 0.00 0.00 HOLD
156.148	S 6305562 -13.18 30.50 0.00 0.00 HOLD
156.166	>>> V 0.00 0.00
156.174	S 6305582 -13.18 30.50 0.00 0.00 HOLD
156.192	>>> V 0.00 0.00
156.192	S 6305602 -13.18 30.50 0.00 0.00 HOLD
156.198	>>> V 0.00 0.00
156.217	>>> V 0.00 0.00
156.218	S 6305622 -13.18 30.50 0.00 0.00 HOLD
156.237	>>> V 0.00 0.00
156.240	S 6305642 -13.18 30.50 0.00 0.00 HOLD
156.258	>>> V 0.00 0.00
156.258	S 6305663 -13.18 30.50 0.00 0.00 HOLD
156.278	>>> V 0.00 0.00
156.280	S 6305683 -13.18 30.50 0.00 0.00 HOLD
156.297	>>> V 0.00 0.00
156.298	S 6305703 -13.18 30.50 0.00 0.00 HOLD
156.319	>>> V 0.00 0.00
156.322	S 6305723 -13.18 30.50 0.00 0.00 HOLD
156.340	>>> V 0.00 0.00
156.341	S 6305743 -13.27 30.50 0.00 0.00 HOLD
156.357	>>> V 0.00 0.00
156.358	S 6305763 -13.18 30.50 0.00 0.00 HOLD
156.379	>>> V 0.00 0.00
156.384	S 6305783 -13.18 30.50 0.00 0.00 HOLD
156.385	S 6305803 -13.18 30.59 0.00 0.00 HOLD
156.398	>>> V 0.00 0.00
156.418	>>> V 0.00 0.00
156.420	S 6305823 -13.18 30.50 0.00 0.00 HOLD
156.447	>>> V 0.00 0.00
156.448	S 6305843 -13.18 30.50 0.00 0.00 HOLD
156.449	S 6305863 -13.18 30.50 0.00 0.00 HOLD
156.460	>>> V 0.00 0.00
156.465	S 6305883 -13.18 30.50 0.00 0.00 HOLD
156.478	>>> V 0.00 0.00
156.498	>>> V 0.00 0.00
156.500	S 6305903 -13.27 30.50 0.00 0.00 HOLD
156.518	>>> V 0.00 0.00
156.521	S 6305923 -13.18 30.50 0.00 0.00 HOLD
156.538	>>> V 0.00 0.00
156.539	S 6305943 -13.18 30.50 0.00 0.00 HOLD
156.558	>>> V 0.00 0.00
156.561	S 6305963 -13.18 30.50 0.00 0.00 HOLD
156.578	>>> V 0.00 0.00
156.580	S 6305983 -13.18 30.50 0.00 0.00 HOLD
156.599	>>> V 0.00 0.00
156.606	S 6306003 -13.18 30.50 0.00 0.00 HOLD
156.609	S 6306023 -13.18 30.50 0.00 0.00 HOLD
156.618	>>> V 0.00 0.00
156.638	>>> V 0.00 0.00
156.639	S 6306043 -13.18 30.50 0.00 0.00 HOLD
156.658	>>> V 0.00 0.00
156.659	S 6306063 -13.18 30.50 0.00 0.00 HOLD
156.679	>>> V 0.00 0.00
156.681	S 6306083 -13.18 30.50 0.00 0.00 HOLD
156.700	>>> V 0.00 0.00
156.701	S 6306103 -13.18 30.50 0.00 0.00 HOLD
156.718	>>> V 0.00 0.00
156.719	S 6306123 -13.18 30.50 0.00 0.00 HOLD
156.740	>>> V 0.00 0.00
156.741	S 6306143 -13.18 30.50 0.00 0.00 HOLD
156.762	>>> V 0.00 0.00
156.763	S 6306163 -13.18 30.50 0.00 0.00 HOLD
156.781	>>> V 0.00 0.00
156.784	S 6306183 -13.27 30.50 0.00 0.00 HOLD
156.798	>>> V 0.00 0.00
156.799	S 6306203 -13.18 30.50 0.00 0.00 HOLD
156.819	>>> V 0.00 0.00
156.821	S 6306223 -13.18 30.50 0.00 0.00 HOLD
156.839	>>> V 0.00 0.00
156.840	S 6306243 -13.18 30.50 0.00 0.00 HOLD
156.868	>>> V 0.00 0.00
156.876	S 6306263 -13.18 30.59 0.00 0.00 HOLD
156.881	S 6306283 -13.18 30.50 0.00 0.00 HOLD
156.902	>>> V 0.00 0.00
156.902	S 6306303 -13.18 30.50 0.00 0.00 HOLD
156.918	>>> V 0.00 0.00
156.920	S 6306323 -13.18 30.50 0.00 0.00 HOLD
156.940	>>> V 0.00 0.00
156.941	S 6306343 -13.18 30.50 0.00 0.00 HOLD
156.962	>>> V 0.00 0.00
156.964	S 6306363 -13.18 30.50 0.00 0.00 HOLD
156.980	>>> V 0.00 0.00
156.988	S 6306383 -13.18 30.50 0.00 0.00 HOLD
156.991	S 6306403 -13.18 30.50 0.00 0.00 HOLD
157.022	>>> V 0.00 0.00
157.024	S 6306423 -13.18 30.50 0.00 0.00 HOLD
157.043	>>> V 0.00 0.00
157.044	S 6306443 -13.18 30.50 0.00 0.00 HOLD
157.062	>>> V 0.00 0.00
157.066	S 6306463 -13.18 30.50 0.00 0.00 HOLD
157.078	>>> V 0.00 0.00
157.078	S 6306483 -13.18 30.50 0.00 0.00 HOLD
157.101	>>> V 0.00 0.00
157.103	S 6306503 -13.18 30.50 0.00 0.00 HOLD
157.128	>>> V 0.00 0.00
157.137	S 6306523 -13.18 30.50 0.00 0.00 HOLD
157.147	S 6306543 -13.18 30.50 0.00 0.00 HOLD
157.166	>>> V 0.00 0.00
157.169	S 6306563 -13.18 30.50 0.00 0.00 HOLD
157.174	S 6306583 -13.18 30.50 0.00 0.00 HOLD
157.185	>>> V 0.00 0.00
157.188	S 6306603 -13.18 30.50 0.00 0.00 HOLD
157.206	>>> V 0.00 0.00
157.208	S 6306623 -13.18 30.50 0.00 0.00 HOLD
157.221	>>> V 0.00 0.00
157.239	>>> V 0.00 0.00
157.243	S 6306643 -13.18 30.50 0.00 0.00 HOLD
157.258	>>> V 0.00 0.00
157.258	S 6306663 -13.18 30.59 0.00 0.00 HOLD
157.283	>>> V 0.00 0.00
157.287	S 6306683 -13.18 30.50 0.00 0.00 HOLD
157.292	S 6306703 -13.18 30.50 0.00 0.00 HOLD
157.299	>>> V 0.00 0.00
157.319	>>> V 0.00 0.00
157.320	S 6306723 -13.18 30.50 0.00 0.00 HOLD
157.338	>>> V 0.00 0.00
157.338	S 6306743 -13.18 30.50 0.00 0.00 HOLD
157.368	>>> V 0.00 0.00
157.369	S 6306763 -13.18 30.50 0.00 0.00 HOLD
157.372	S 6306783 -13.18 30.50 0.00 0.00 HOLD
157.379	>>> V 0.00 0.00
157.398	>>> V 0.00 0.00
157.401	S 6306803 -13.18 30.50 0.00 0.00 HOLD
157.417	>>> V 0.00 0.00
157.418	S 6306823 -13.18 30.59 0.00 0.00 HOLD
157.439	>>> V 0.00 0.00
157.439	S 6306843 -13.18 30.50 0.00 0.00 HOLD
157.461	>>> V 0.00 0.00
157.462	S 6306863 -13.18 30.50 0.00 0.00 HOLD
157.477	>>> V 0.00 0.00
157.478	S 6306883 -13.18 30.50 0.00 0.00 HOLD
157.498	>>> V 0.00 0.00
157.501	S 6306903 -13.18 30.50 0.00 0.00 HOLD
157.518	>>> V 0.00 0.00
157.518	S 6306923 -13.18 30.50 0.00 0.00 HOLD
157.540	>>> V 0.00 0.00
157.542	S 6306943 -13.18 30.50 0.00 0.00 HOLD
157.558	>>> V 0.00 0.00
157.559	S 6306963 -13.18 30.50 0.00 0.00 HOLD
157.578	>>> V 0.00 0.00
157.578	S 6306983 -13.18 30.50 0.00 0.00 HOLD
157.599	>>> V 0.00 0.00
157.600	S 6307003 -13.18 30.50 0.00 0.00 HOLD
157.618	>>> V 0.00 0.00
157.618	S 6307023 -13.18 30.50 0.00 0.00 HOLD
157.639	>>> V 0.00 0.00
157.640	S 6307043 -13.27 30.50 0.00 0.00 HOLD
157.659	>>> V 0.00 0.00
157.663	S 6307063 -13.18 30.50 0.00 0.00 HOLD
157.679	>>> V 0.00 0.00
157.681	S 6307083 -13.18 30.50 0.00 0.00 HOLD
157.700	>>> V 0.00 0.00
157.700	S 6307103 -13.18 30.50 0.00 0.00 HOLD
157.719	>>> V 0.00 0.00
157.719	S 6307123 -13.18 30.50 0.00 0.00 HOLD
157.738	>>> V 0.00 0.00
157.739	S 6307143 -13.18 30.50 0.00 0.00 HOLD
157.761	>>> V 0.00 0.00
157.762	S 6307163 -13.18 30.50 0.00 0.00 HOLD
157.779	>>> V 0.00 0.00
157.781	S 6307183 -13.18 30.50 0.00 0.00 HOLD
157.798	>>> V 0.00 0.00
157.801	S 6307203 -13.18 30.50 0.00 0.00 HOLD
157.823	>>> V 0.00 0.00
157.825	S 6307223 -13.18 30.50 0.00 0.00 HOLD
157.829	S 6307243 -13.18 30.50 0.00 0.00 HOLD
157.843	>>> V 0.00 0.00
157.859	>>> V 0.00 0.00
157.859	S 6307263 -13.18 30.50 0.00 0.00 HOLD
157.880	>>> V 0.00 0.00
157.883	S 6307283 -13.18 30.50 0.00 0.00 HOLD
157.902	>>> V 0.00 0.00
157.905	S 6307303 -13.18 30.50 0.00 0.00 HOLD
157.906	S 6307323 -13.27 30.50 0.00 0.00 HOLD
157.919	>>> V 0.00 0.00
157.940	>>> V 0.00 0.00
157.941	S 6307343 -13.18 30.50 0.00 0.00 HOLD
157.959	>>> V 0.00 0.00
157.959	S 6307363 -13.18 30.50 0.00 0.00 HOLD
157.978	>>> V 0.00 0.00
157.981	S 6307383 -13.18 30.50 0.00 0.00 HOLD
157.999	>>> V 0.00 0.00
158.000	S 6307403 -13.18 30.50 0.00 0.00 HOLD
158.022	>>> V 0.00 0.00
158.024	S 6307423 -13.18 30.50 0.00 0.00 HOLD
158.048	>>> V 0.00 0.00
158.048	S 6307443 -13.18 30.50 0.00 0.00 HOLD
158.049	S 6307463 -13.18 30.50 0.00 0.00 HOLD
158.059	>>> V 0.00 0.00
158.078	>>> V 0.00 0.00
158.080	S 6307483 -13.18 30.50 0.00 0.00 HOLD
158.100	>>> V 0.00 0.00
158.101	S 6307503 -13.18 30.50 0.00 0.00 HOLD
158.118	>>> V 0.00 0.00
158.120	S 6307523 -13.18 30.50 0.00 0.00 HOLD
158.142	>>> V 0.00 0.00
158.146	S 6307543 -13.18 30.50 0.00 0.00 HOLD
158.158	>>> V 0.00 0.00
158.160	S 6307563 -13.18 30.50 0.00 0.00 HOLD
158.178	>>> V 0.00 0.00
158.180	S 6307583 -13.18 30.50 0.00 0.00 HOLD
158.200	>>> V 0.00 0.00
158.202	S 6307603 -13.18 30.50 0.00 0.00 HOLD
158.219	>>> V 0.00 0.00
158.219	S 6307623 -13.18 30.50 0.00 0.00 HOLD
158.239	>>> V 0.00 0.00
158.242	S 6307643 -13.18 30.50 0.00 0.00 HOLD
158.258	>>> V 0.00 0.00
158.259	S 6307663 -13.18 30.50 0.00 0.00 HOLD
158.280	>>> V 0.00 0.00
158.281	S 6307683 -13.18 30.50 0.00 0.00 HOLD
158.298	>>> V 0.00 0.00
158.299	S 6307703 -13.18 30.50 0.00 0.00 HOLD
158.320	>>> V 0.00 0.00
158.322	S 6307723 -13.18 30.50 0.00 0.00 HOLD
158.339	>>> V 0.00 0.00
158.341	S 6307743 -13.18 30.50 0.00 0.00 HOLD
158.360	>>> V 0.00 0.00
158.361	S 6307763 -13.18 30.59 0.00 0.00 HOLD
158.379	>>> V 0.00 0.00
158.382	S 6307783 -13.27 30.50 0.00 0.00 HOLD
158.398	>>> V 0.00 0.00
158.399	S 6307803 -13.18 30.59 0.00 0.00 HOLD
158.418	>>> V 0.00 0.00
158.419	S 6307823 -13.18 30.50 0.00 0.00 HOLD
158.440	>>> V 0.00 0.00
158.441	S 6307843 -13.18 30.50 0.00 0.00 HOLD
158.460	>>> V 0.00 0.00
158.461	S 6307863 -13.18 30.50 0.00 0.00 HOLD
158.478	>>> V 0.00 0.00
158.479	S 6307883 -13.18 30.50 0.00 0.00 HOLD
158.498	>>> V 0.00 0.00
158.498	S 6307903 -13.27 30.50 0.00 0.00 HOLD
158.519	>>> V 0.00 0.00
158.519	S 6307923 -13.18 30.50 0.00 0.00 HOLD
158.538	>>> V 0.00 0.00
158.547	S 6307943 -13.18 30.50 0.00 0.00 HOLD
158.551	S 6307963 -13.18 30.50 0.00 0.00 HOLD
158.576	>>> V 0.00 0.00
158.577	S 6307983 -13.18 30.50 0.00 0.00 HOLD
158.612	>>> V 0.00 0.00
158.616	S 6308003 -13.18 30.50 0.00 0.00 HOLD
158.621	S 6308023 -13.18 30.50 0.00 0.00 HOLD
158.636	>>> V 0.00 0.00
158.637	S 6308043 -13.18 30.50 0.00 0.00 HOLD
158.651	>>> V 0.00 0.00
158.652	S 6308063 -13.18 30.50 0.00 0.00 HOLD
158.670	>>> V 0.00 0.00
158.670	S 6308083 -13.18 30.50 0.00 0.00 HOLD
158.707	>>> V 0.00 0.00
158.707	S 6308103 -13.18 30.50 0.00 0.00 HOLD
158.711	S 6308123 -13.18 30.50 0.00 0.00 HOLD
158.720	>>> V 0.00 0.00
158.739	>>> V 0.00 0.00
158.740	S 6308143 -13.18 30.50 0.00 0.00 HOLD
158.758	>>> V 0.00 0.00
158.760	S 6308163 -13.18 30.50 0.00 0.00 HOLD
158.781	>>> V 0.00 0.00
158.785	S 6308183 -13.18 30.50 0.00 0.00 HOLD
158.798	>>> V 0.00 0.00
158.799	S 6308203 -13.18 30.50 0.00 0.00 HOLD
158.818	>>> V 0.00 0.00
158.818	S 6308223 -13.18 30.50 0.00 0.00 HOLD
158.838	>>> V 0.00 0.00
158.838	S 6308243 -13.27 30.50 0.00 0.00 HOLD
158.860	>>> V 0.00 0.00
158.862	S 6308263 -13.18 30.50 0.00 0.00 HOLD
158.881	>>> V 0.00 0.00
158.888	S 6308283 -13.27 30.50 0.00 0.00 HOLD
158.889	S 6308303 -13.18 30.50 0.00 0.00 HOLD
158.901	>>> V 0.00 0.00
158.921	>>> V 0.00 0.00
158.922	S 6308323 -13.18 30.50 0.00 0.00 HOLD
158.955	>>> V 0.00 0.00
158.955	S 6308343 -13.18 30.50 0.00 0.00 HOLD
158.957	S 6308363 -13.18 30.50 0.00 0.00 HOLD
158.972	>>> V 0.00 0.00
158.973	S 6308383 -13.18 30.50 0.00 0.00 HOLD
158.982	>>> V 0.00 0.00
159.000	>>> V 0.00 0.00
159.002	S 6308403 -13.18 30.50 0.00 0.00 HOLD
159.017	>>> V 0.00 0.00
159.018	S 6308423 -13.18 30.50 0.00 0.00 HOLD
159.038	>>> V 0.00 0.00
159.039	S 6308443 -13.18 30.50 0.00 0.00 HOLD
159.057	>>> V 0.00 0.00
159.059	S 6308463 -13.18 30.50 0.00 0.00 HOLD
159.079	>>> V 0.00 0.00
159.079	S 6308483 -13.18 30.50 0.00 0.00 HOLD
159.098	>>> V 0.00 0.00
159.105	S 6308503 -13.18 30.50 0.00 0.00 HOLD
159.108	S 6308523 -13.18 30.50 0.00 0.00 HOLD
159.121	>>> V 0.00 0.00
159.139	>>> V 0.00 0.00
159.143	S 6308543 -13.18 30.50 0.00 0.00 HOLD
159.164	>>> V 0.00 0.00
159.165	S 6308563 -13.18 30.50 0.00 0.00 HOLD
159.166	S 6308583 -13.18 30.50 0.00 0.00 HOLD
159.179	>>> V 0.00 0.00
159.204	>>> V 0.00 0.00
159.206	S 6308603 -13.18 30.50 0.00 0.00 HOLD
159.207	S 6308623 -13.18 30.50 0.00 0.00 HOLD
159.219	>>> V 0.00 0.00
159.240	>>> V 0.00 0.00
159.241	S 6308643 -13.18 30.50 0.00 0.00 HOLD
159.271	>>> V 0.00 0.00
159.272	S 6308663 -13.18 30.50 0.00 0.00 HOLD
159.276	S 6308683 -13.18 30.50 0.00 0.00 HOLD
159.282	>>> V 0.00 0.00
159.311	>>> V 0.00 0.00
159.312	S 6308703 -13.18 30.50 0.00 0.00 HOLD
159.313	S 6308723 -13.18 30.50 0.00 0.00 HOLD
159.317	>>> V 0.00 0.00
159.337	>>> V 0.00 0.00
159.338	S 6308743 -13.18 30.50 0.00 0.00 HOLD
159.358	>>> V 0.00 0.00
159.361	S 6308763 -13.18 30.50 0.00 0.00 HOLD
159.379	>>> V 0.00 0.00
159.382	S 6308783 -13.18 30.50 0.00 0.00 HOLD
159.399	>>> V 0.00 0.00
159.400	S 6308803 -13.18 30.50 0.00 0.00 HOLD
159.419	>>> V 0.00 0.00
159.421	S 6308823 -13.18 30.50 0.00 0.00 HOLD
159.443	>>> V 0.00 0.00
159.443	S 6308843 -13.18 30.50 0.00 0.00 HOLD
159.460	>>> V 0.00 0.00
159.463	S 6308863 -13.18 30.50 0.00 0.00 HOLD
159.477	>>> V 0.00 0.00
159.479	S 6308883 -13.18 30.50 0.00 0.00 HOLD
159.498	>>> V 0.00 0.00
159.505	S 6308903 -13.18 30.50 0.00 0.00 HOLD
159.508	S 6308923 -13.18 30.50 0.00 0.00 HOLD
159.518	>>> V 0.00 0.00
159.538	>>> V 0.00 0.00
159.538	S 6308943 -13.18 30.50 0.00 0.00 HOLD
159.561	>>> V 0.00 0.00
159.561	S 6308963 -13.18 30.50 0.00 0.00 HOLD
159.578	>>> V 0.00 0.00
159.580	S 6308983 -13.18 30.50 0.00 0.00 HOLD
159.601	>>> V 0.00 0.00
159.603	S 6309003 -13.18 30.50 0.00 0.00 HOLD
159.619	>>> V 0.00 0.00
159.619	S 6309023 -13.18 30.50 0.00 0.00 HOLD
159.640	>>> V 0.00 0.00
159.642	S 6309043 -13.18 30.50 0.00 0.00 HOLD
159.658	>>> V 0.00 0.00
159.659	S 6309063 -13.18 30.50 0.00 0.00 HOLD
159.687	>>> V 0.00 0.00
159.688	S 6309083 -13.18 30.50 0.00 0.00 HOLD
159.693	S 6309103 -13.18 30.50 0.00 0.00 HOLD
159.704	>>> V 0.00 0.00
159.718	>>> V 0.00 0.00
159.720	S 6309123 -13.18 30.50 0.00 0.00 HOLD
159.740	>>> V 0.00 0.00
159.742	S 6309143 -13.27 30.50 0.00 0.00 HOLD
159.758	>>> V 0.00 0.00
159.759	S 6309163 -13.18 30.50 0.00 0.00 HOLD
159.779	>>> V 0.00 0.00
159.782	S 6309183 -13.18 30.50 0.00 0.00 HOLD
159.798	>>> V 0.00 0.00
159.803	S 6309203 -13.18 30.50 0.00 0.00 HOLD
159.818	>>> V 0.00 0.00
159.824	S 6309223 -13.18 30.50 0.00 0.00 HOLD
159.838	>>> V 0.00 0.00
159.838	S 6309243 -13.18 30.50 0.00 0.00 HOLD
159.859	>>> V 0.00 0.00
159.860	S 6309263 -13.18 30.50 0.00 0.00 HOLD
159.878	>>> V 0.00 0.00
159.879	S 6309283 -13.18 30.50 0.00 0.00 HOLD
159.898	>>> V 0.00 0.00
159.900	S 6309303 -13.18 30.50 0.00 0.00 HOLD
159.919	>>> V 0.00 0.00
159.920	S 6309323 -13.18 30.50 0.00 0.00 HOLD
159.938	>>> V 0.00 0.00
159.938	S 6309343 -13.18 30.50 0.00 0.00 HOLD
159.959	>>> V 0.00 0.00
159.960	S 6309363 -13.18 30.50 0.00 0.00 HOLD
159.985	>>> V 0.00 0.00
159.985	S 6309383 -13.18 30.50 0.00 0.00 HOLD
159.986	S 6309403 -13.18 30.50 0.00 0.00 HOLD
159.999	>>> V 0.00 0.00
160.019	>>> V 0.00 0.00
160.019	S 6309423 -13.18 30.50 0.00 0.00 HOLD
160.038	>>> V 0.00 0.00
160.043	S 6309443 -13.18 30.50 0.00 0.00 HOLD
160.063	>>> V 0.00 0.00
160.065	S 6309463 -13.18 30.50 0.00 0.00 HOLD
160.066	S 6309483 -13.18 30.50 0.00 0.00 HOLD
160.087	>>> V 0.00 0.00
160.090	S 6309503 -13.18 30.50 0.00 0.00 HOLD
160.098	>>> V 0.00 0.00
160.125	>>> V 0.00 0.00
160.125	S 6309523 -13.18 30.50 0.00 0.00 HOLD
160.139	>>> V 0.00 0.00
160.144	S 6309543 -13.18 30.50 0.00 0.00 HOLD
160.160	>>> V 0.00 0.00
160.160	S 6309563 -13.18 30.59 0.00 0.00 HOLD
160.178	>>> V 0.00 0.00
160.182	S 6309583 -13.18 30.50 0.00 0.00 HOLD
160.199	>>> V 0.00 0.00
160.203	S 6309603 -13.18 30.50 0.00 0.00 HOLD
160.218	>>> V 0.00 0.00
160.222	S 6309623 -13.18 30.50 0.00 0.00 HOLD
160.240	>>> V 0.00 0.00
160.241	S 6309643 -13.18 30.50 0.00 0.00 HOLD
160.260	>>> V 0.00 0.00
160.263	S 6309663 -13.18 30.50 0.00 0.00 HOLD
160.279	>>> V 0.00 0.00
160.280	S 6309683 -13.18 30.50 0.00 0.00 HOLD
160.298	>>> V 0.00 0.00
160.311	S 6309703 -13.18 30.50 0.00 0.00 HOLD
160.320	>>> V 0.00 0.00
160.322	S 6309723 -13.18 30.50 0.00 0.00 HOLD
160.341	>>> V 0.00 0.00
160.342	S 6309743 -13.18 30.50 0.00 0.00 HOLD
160.358	>>> V 0.00 0.00
160.361	S 6309763 -13.18 30.50 0.00 0.00 HOLD
160.380	>>> V 0.00 0.00
160.381	S 6309783 -13.18 30.50 0.00 0.00 HOLD
160.399	>>> V 0.00 0.00
160.400	S 6309803 -13.18 30.50 0.00 0.00 HOLD
160.420	>>> V 0.00 0.00
160.421	S 6309823 -13.18 30.50 0.00 0.00 HOLD
160.441	>>> V 0.00 0.00
160.444	S 6309843 -13.18 30.50 0.00 0.00 HOLD
160.458	>>> V 0.00 0.00
160.461	S 6309863 -13.18 30.50 0.00 0.00 HOLD
160.479	>>> V 0.00 0.00
160.480	S 6309883 -13.18 30.50 0.00 0.00 HOLD
160.498	>>> V 0.00 0.00
160.499	S 6309903 -13.18 30.50 0.00 0.00 HOLD
160.519	>>> V 0.00 0.00
160.521	S 6309923 -13.18 30.50 0.00 0.00 HOLD
160.537	>>> V 0.00 0.00
160.539	S 6309943 -13.18 30.50 0.00 0.00 HOLD
160.558	>>> V 0.00 0.00
160.560	S 6309963 -13.18 30.50 0.00 0.00 HOLD
160.578	>>> V 0.00 0.00
160.579	S 6309983 -13.18 30.50 0.00 0.00 HOLD
160.605	>>> V 0.00 0.00
160.606	S 6310003 -13.18 30.50 0.00 0.00 HOLD
160.609	S 6310023 -13.18 30.50 0.00 0.00 HOLD
160.621	>>> V 0.00 0.00
160.638	>>> V 0.00 0.00
160.641	S 6310043 -13.18 30.50 0.00 0.00 HOLD
160.660	>>> V 0.00 0.00
160.661	S 6310063 -13.18 30.50 0.00 0.00 HOLD
160.680	>>> V 0.00 0.00
160.681	S 6310083 -13.18 30.50 0.00 0.00 HOLD
160.725	>>> V 0.00 0.00
160.726	S 6310103 -13.18 30.50 0.00 0.00 HOLD
160.729	S 6310123 -13.18 30.50 0.00 0.00 HOLD
160.730	S 6310143 -13.18 30.50 0.00 0.00 HOLD
160.738	>>> V 0.00 0.00
160.759	>>> V 0.00 0.00
160.766	S 6310163 -13.18 30.50 0.00 0.00 HOLD
160.782	>>> V 0.00 0.00
160.782	S 6310183 -13.18 30.50 0.00 0.00 HOLD
160.800	>>> V 0.00 0.00
160.800	S 6310203 -13.18 30.50 0.00 0.00 HOLD
160.818	>>> V 0.00 0.00
160.821	S 6310223 -13.18 30.50 0.00 0.00 HOLD
160.838	>>> V 0.00 0.00
160.839	S 6310243 -13.18 30.50 0.00 0.00 HOLD
160.858	>>> V 0.00 0.00
160.860	S 6310263 -13.18 30.50 0.00 0.00 HOLD
160.878	>>> V 0.00 0.00
160.879	S 6310283 -13.18 30.50 0.00 0.00 HOLD
160.903	>>> V 0.00 0.00
160.906	S 6310303 -13.18 30.59 0.00 0.00 HOLD
160.907	S 6310323 -13.18 30.50 0.00 0.00 HOLD
160.921	>>> V 0.00 0.00
160.944	>>> V 0.00 0.00
160.948	S 6310343 -13.18 30.50 0.00 0.00 HOLD
160.952	S 6310363 -13.18 30.50 0.00 0.00 HOLD
160.961	>>> V 0.00 0.00
160.983	>>> V 0.00 0.00
160.984	S 6310383 -13.18 30.50 0.00 0.00 HOLD
161.005	>>> V 0.00 0.00
161.006	S 6310403 -13.18 30.50 0.00 0.00 HOLD
161.014	S 6310423 -13.18 30.50 0.00 0.00 HOLD
161.029	>>> V 0.00 0.00
161.029	S 6310443 -13.18 30.50 0.00 0.00 HOLD
161.041	>>> V 0.00 0.00
161.059	>>> V 0.00 0.00
161.063	S 6310463 -13.18 30.59 0.00 0.00 HOLD
161.080	>>> V 0.00 0.00
161.080	S 6310483 -13.18 30.50 0.00 0.00 HOLD
161.099	>>> V 0.00 0.00
161.100	S 6310503 -13.18 30.50 0.00 0.00 HOLD
161.118	>>> V 0.00 0.00
161.120	S 6310523 -13.18 30.50 0.00 0.00 HOLD
161.138	>>> V 0.00 0.00
161.139	S 6310543 -13.18 30.50 0.00 0.00 HOLD
161.157	>>> V 0.00 0.00
161.158	S 6310563 -13.18 30.50 0.00 0.00 HOLD
161.178	>>> V 0.00 0.00
161.179	S 6310583 -13.18 30.50 0.00 0.00 HOLD
161.197	>>> V 0.00 0.00
161.200	S 6310603 -13.18 30.50 0.00 0.00 HOLD
161.218	>>> V 0.00 0.00
161.218	S 6310623 -13.18 30.50 0.00 0.00 HOLD
161.239	>>> V 0.00 0.00
161.240	S 6310643 -13.27 30.50 0.00 0.00 HOLD
161.260	>>> V 0.00 0.00
161.263	S 6310663 -13.18 30.50 0.00 0.00 HOLD
161.280	>>> V 0.00 0.00
161.281	S 6310683 -13.18 30.50 0.00 0.00 HOLD
161.298	>>> V 0.00 0.00
161.298	S 6310703 -13.18 30.50 0.00 0.00 HOLD
161.319	>>> V 0.00 0.00
161.320	S 6310723 -13.18 30.50 0.00 0.00 HOLD
161.341	>>> V 0.00 0.00
161.342	S 6310743 -13.18 30.50 0.00 0.00 HOLD
161.360	>>> V 0.00 0.00
161.361	S 6310763 -13.18 30.50 0.00 0.00 HOLD
161.383	>>> V 0.00 0.00
161.386	S 6310783 -13.18 30.50 0.00 0.00 HOLD
161.387	S 6310803 -13.18 30.50 0.00 0.00 HOLD
161.402	>>> V 0.00 0.00
161.407	S 6310823 -13.18 30.59 0.00 0.00 HOLD
161.426	>>> V 0.00 0.00
161.426	S 6310843 -13.18 30.50 0.00 0.00 HOLD
161.442	>>> V 0.00 0.00
161.464	>>> V 0.00 0.00
161.464	S 6310863 -13.18 30.50 0.00 0.00 HOLD
161.479	>>> V 0.00 0.00
161.480	S 6310883 -13.27 30.50 0.00 0.00 HOLD
161.502	>>> V 0.00 0.00
161.502	S 6310903 -13.18 30.50 0.00 0.00 HOLD
161.518	>>> V 0.00 0.00
161.520	S 6310923 -13.18 30.50 0.00 0.00 HOLD
161.544	>>> V 0.00 0.00
161.548	S 6310943 -13.18 30.50 0.00 0.00 HOLD
161.550	S 6310963 -13.18 30.50 0.00 0.00 HOLD
161.560	>>> V 0.00 0.00
161.578	>>> V 0.00 0.00
161.589	S 6310983 -13.18 30.50 0.00 0.00 HOLD
161.593	S 6311003 -13.18 30.50 0.00 0.00 HOLD
161.601	>>> V 0.00 0.00
161.629	>>> V 0.00 0.00
161.630	S 6311023 -13.18 30.50 0.00 0.00 HOLD
161.636	S 6311043 -13.18 30.50 0.00 0.00 HOLD
161.642	>>> V 0.00 0.00
161.658	>>> V 0.00 0.00
161.659	S 6311063 -13.18 30.50 0.00 0.00 HOLD
161.685	>>> V 0.00 0.00
161.686	S 6311083 -13.18 30.50 0.00 0.00 HOLD
161.695	S 6311103 -13.18 30.50 0.00 0.00 HOLD
161.727	>>> V 0.00 0.00
161.728	S 6311123 -13.18 30.50 0.00 0.00 HOLD
161.732	S 6311143 -13.18 30.50 0.00 0.00 HOLD
161.756	>>> V 0.00 0.00
161.758	S 6311163 -13.18 30.50 0.00 0.00 HOLD
161.776	>>> V 0.00 0.00
161.779	S 6311183 -13.18 30.50 0.00 0.00 HOLD
161.791	>>> V 0.00 0.00
161.792	S 6311203 -13.18 30.50 0.00 0.00 HOLD
161.800	>>> V 0.00 0.00
161.818	>>> V 0.00 0.00
161.819	S 6311223 -13.18 30.50 0.00 0.00 HOLD
161.838	>>> V 0.00 0.00
161.839	S 6311243 -13.18 30.59 0.00 0.00 HOLD
161.859	>>> V 0.00 0.00
161.862	S 6311263 -13.18 30.50 0.00 0.00 HOLD
161.878	>>> V 0.00 0.00
161.879	S 6311283 -13.18 30.50 0.00 0.00 HOLD
161.901	>>> V 0.00 0.00
161.902	S 6311303 -13.18 30.50 0.00 0.00 HOLD
161.925	>>> V 0.00 0.00
161.925	S 6311323 -13.18 30.50 0.00 0.00 HOLD
161.931	S 6311343 -13.18 30.50 0.00 0.00 HOLD
161.945	>>> V 0.00 0.00
161.945	S 6311363 -13.18 30.50 0.00 0.00 HOLD
161.959	>>> V 0.00 0.00
161.978	>>> V 0.00 0.00
161.980	S 6311383 -13.18 30.50 0.00 0.00 HOLD
162.001	>>> V 0.00 0.00
162.002	S 6311403 -13.18 30.50 0.00 0.00 HOLD
162.018	>>> V 0.00 0.00
162.019	S 6311423 -13.18 30.50 0.00 0.00 HOLD
162.039	>>> V 0.00 0.00
162.039	S 6311443 -13.18 30.50 0.00 0.00 HOLD
162.058	>>> V 0.00 0.00
162.058	S 6311463 -13.18 30.50 0.00 0.00 HOLD
162.091	>>> V 0.00 0.00
162.092	S 6311483 -13.18 30.50 0.00 0.00 HOLD
162.095	S 6311503 -13.18 30.50 0.00 0.00 HOLD
162.131	>>> V 0.00 0.00
162.132	S 6311523 -13.18 30.50 0.00 0.00 HOLD
162.135	S 6311543 -13.18 30.50 0.00 0.00 HOLD
162.153	>>> V 0.00 0.00
162.154	S 6311563 -13.27 30.50 0.00 0.00 HOLD
162.167	>>> V 0.00 0.00
162.169	S 6311583 -13.27 30.59 0.00 0.00 HOLD
162.179	>>> V 0.00 0.00
162.198	>>> V 0.00 0.00
162.199	S 6311603 -13.18 30.50 0.00 0.00 HOLD
162.221	>>> V 0.00 0.00
162.222	S 6311623 -13.18 30.50 0.00 0.00 HOLD
162.238	>>> V 0.00 0.00
162.239	S 6311643 -13.18 30.50 0.00 0.00 HOLD
162.260	>>> V 0.00 0.00
162.260	S 6311663 -13.18 30.50 0.00 0.00 HOLD
162.279	>>> V 0.00 0.00
162.279	S 6311683 -13.18 30.50 0.00 0.00 HOLD
162.301	>>> V 0.00 0.00
162.302	S 6311703 -13.18 30.50 0.00 0.00 HOLD
162.319	>>> V 0.00 0.00
162.320	S 6311723 -13.18 30.50 0.00 0.00 HOLD
162.344	>>> V 0.00 0.00
162.345	S 6311743 -13.18 30.50 0.00 0.00 HOLD
162.362	>>> V 0.00 0.00
162.363	S 6311763 -13.18 30.50 0.00 0.00 HOLD
162.381	>>> V 0.00 0.00
162.382	S 6311783 -13.18 30.50 0.00 0.00 HOLD
162.399	>>> V 0.00 0.00
162.400	S 6311803 -13.18 30.50 0.00 0.00 HOLD
162.423	>>> V 0.00 0.00
162.428	S 6311823 -13.18 30.50 0.00 0.00 HOLD
162.431	S 6311843 -13.18 30.50 0.00 0.00 HOLD
162.447	>>> V 0.00 0.00
162.447	S 6311863 -13.18 30.50 0.00 0.00 HOLD
162.462	>>> V 0.00 0.00
162.494	>>> V 0.00 0.00
162.495	S 6311883 -13.18 30.50 0.00 0.00 HOLD
162.497	S 6311903 -13.18 30.50 0.00 0.00 HOLD
162.502	>>> V 0.00 0.00
162.518	>>> V 0.00 0.00
162.521	S 6311923 -13.18 30.50 0.00 0.00 HOLD
162.542	>>> V 0.00 0.00
162.543	S 6311943 -13.18 30.50 0.00 0.00 HOLD
162.558	>>> V 0.00 0.00
162.561	S 6311963 -13.18 30.50 0.00 0.00 HOLD
162.580	>>> V 0.00 0.00
162.582	S 6311983 -13.18 30.50 0.00 0.00 HOLD
162.598	>>> V 0.00 0.00
162.599	S 6312003 -13.18 30.50 0.00 0.00 HOLD
162.618	>>> V 0.00 0.00
162.621	S 6312023 -13.18 30.50 0.00 0.00 HOLD
162.640	>>> V 0.00 0.00
162.640	S 6312043 -13.18 30.50 0.00 0.00 HOLD
162.658	>>> V 0.00 0.00
162.658	S 6312063 -13.18 30.50 0.00 0.00 HOLD
162.677	>>> V 0.00 0.00
162.679	S 6312083 -13.18 30.50 0.00 0.00 HOLD
162.700	>>> V 0.00 0.00
162.711	S 6312103 -13.18 30.50 0.00 0.00 HOLD
162.712	S 6312123 -13.18 30.50 0.00 0.00 HOLD
162.717	>>> V 0.00 0.00
162.742	>>> V 0.00 0.00
162.747	S 6312143 -13.18 30.50 0.00 0.00 HOLD
162.749	S 6312163 -13.18 30.50 0.00 0.00 HOLD
162.760	>>> V 0.00 0.00
162.785	>>> V 0.00 0.00
162.786	S 6312183 -13.18 30.50 0.00 0.00 HOLD
162.787	S 6312203 -13.18 30.50 0.00 0.00 HOLD
162.797	>>> V 0.00 0.00
162.821	>>> V 0.00 0.00
162.825	S 6312223 -13.18 30.50 0.00 0.00 HOLD
162.842	>>> V 0.00 0.00
162.846	S 6312243 -13.18 30.50 0.00 0.00 HOLD
162.847	S 6312263 -13.18 30.50 0.00 0.00 HOLD
162.860	>>> V 0.00 0.00
162.880	>>> V 0.00 0.00
162.881	S 6312283 -13.18 30.50 0.00 0.00 HOLD
162.898	>>> V 0.00 0.00
162.898	S 6312303 -13.18 30.50 0.00 0.00 HOLD
162.918	>>> V 0.00 0.00
162.918	S 6312323 -13.27 30.50 0.00 0.00 HOLD
162.939	>>> V 0.00 0.00
162.939	S 6312343 -13.18 30.50 0.00 0.00 HOLD
162.958	>>> V 0.00 0.00
162.959	S 6312363 -13.18 30.50 0.00 0.00 HOLD
162.985	>>> V 0.00 0.00
162.986	S 6312383 -13.18 30.50 0.00 0.00 HOLD
162.987	S 6312403 -13.18 30.50 0.00 0.00 HOLD
163.017	>>> V 0.00 0.00
163.017	S 6312423 -13.18 30.50 0.00 0.00 HOLD
163.033	>>> V 0.00 0.00
163.034	S 6312443 -13.18 30.50 0.00 0.00 HOLD
163.059	>>> V 0.00 0.00
163.060	S 6312463 -13.27 30.50 0.00 0.00 HOLD
163.068	>>> V 0.00 0.00
163.071	S 6312483 -13.18 30.50 0.00 0.00 HOLD
163.080	>>> V 0.00 0.00
163.101	>>> V 0.00 0.00
163.102	S 6312503 -13.18 30.50 0.00 0.00 HOLD
163.118	>>> V 0.00 0.00
163.118	S 6312523 -13.18 30.50 0.00 0.00 HOLD
163.142	>>> V 0.00 0.00
163.145	S 6312543 -13.18 30.50 0.00 0.00 HOLD
163.163	>>> V 0.00 0.00
163.164	S 6312563 -13.18 30.50 0.00 0.00 HOLD
163.180	>>> V 0.00 0.00
163.181	S 6312583 -13.18 30.50 0.00 0.00 HOLD
163.198	>>> V 0.00 0.00
163.199	S 6312603 -13.18 30.50 0.00 0.00 HOLD
163.225	>>> V 0.00 0.00
163.228	S 6312623 -13.18 30.50 0.00 0.00 HOLD
163.231	S 6312643 -13.18 30.59 0.00 0.00 HOLD
163.243	>>> V 0.00 0.00
163.258	>>> V 0.00 0.00
163.258	S 6312663 -13.18 30.50 0.00 0.00 HOLD
163.278	>>> V 0.00 0.00
163.283	S 6312683 -13.18 30.50 0.00 0.00 HOLD
163.303	>>> V 0.00 0.00
163.303	S 6312703 -13.18 30.50 0.00 0.00 HOLD
163.319	>>> V 0.00 0.00
163.324	S 6312723 -13.18 30.50 0.00 0.00 HOLD
163.342	>>> V 0.00 0.00
163.343	S 6312743 -13.18 30.50 0.00 0.00 HOLD
163.358	>>> V 0.00 0.00
163.360	S 6312763 -13.18 30.50 0.00 0.00 HOLD
163.379	>>> V 0.00 0.00
163.380	S 6312783 -13.18 30.50 0.00 0.00 HOLD
163.398	>>> V 0.00 0.00
163.399	S 6312803 -13.18 30.50 0.00 0.00 HOLD
163.423	>>> V 0.00 0.00
163.423	S 6312823 -13.18 30.50 0.00 0.00 HOLD
163.439	>>> V 0.00 0.00
163.441	S 6312843 -13.18 30.50 0.00 0.00 HOLD
163.460	>>> V 0.00 0.00
163.461	S 6312863 -13.18 30.50 0.00 0.00 HOLD
163.478	>>> V 0.00 0.00
163.478	S 6312883 -13.18 30.50 0.00 0.00 HOLD
163.503	>>> V 0.00 0.00
163.504	S 6312903 -13.18 30.50 0.00 0.00 HOLD
163.525	>>> V 0.00 0.00
163.526	S 6312923 -13.18 30.50 0.00 0.00 HOLD
163.526	S 6312943 -13.18 30.50 0.00 0.00 HOLD
163.542	>>> V 0.00 0.00
163.558	>>> V 0.00 0.00
163.564	S 6312963 -13.18 30.50 0.00 0.00 HOLD
163.580	>>> V 0.00 0.00
163.581	S 6312983 -13.18 30.50 0.00 0.00 HOLD
163.598	>>> V 0.00 0.00
163.599	S 6313004 -13.27 30.50 0.00 0.00 HOLD
163.619	>>> V 0.00 0.00
163.621	S 6313023 -13.27 30.59 0.00 0.00 HOLD
163.640	>>> V 0.00 0.00
163.641	S 6313043 -13.18 30.50 0.00 0.00 HOLD
163.669	>>> V 0.00 0.00
163.670	S 6313064 -13.18 30.50 0.00 0.00 HOLD
163.671	S 6313084 -13.18 30.50 0.00 0.00 HOLD
163.681	>>> V 0.00 0.00
163.700	>>> V 0.00 0.00
163.702	S 6313104 -13.18 30.50 0.00 0.00 HOLD
163.722	>>> V 0.00 0.00
163.723	S 6313124 -13.18 30.50 0.00 0.00 HOLD
163.738	>>> V 0.00 0.00
163.739	S 6313144 -13.18 30.50 0.00 0.00 HOLD
163.759	>>> V 0.00 0.00
163.762	S 6313164 -13.18 30.50 0.00 0.00 HOLD
163.779	>>> V 0.00 0.00
163.780	S 6313184 -13.18 30.50 0.00 0.00 HOLD
163.808	>>> V 0.00 0.00
163.808	S 6313204 -13.18 30.50 0.00 0.00 HOLD
163.815	S 6313224 -13.18 30.50 0.00 0.00 HOLD
163.820	>>> V 0.00 0.00
163.840	>>> V 0.00 0.00
163.846	S 6313244 -13.18 30.50 0.00 0.00 HOLD
163.854	S 6313264 -13.18 30.50 0.00 0.00 HOLD
163.866	>>> V 0.00 0.00
163.866	S 6313284 -13.18 30.50 0.00 0.00 HOLD
163.880	>>> V 0.00 0.00
163.898	>>> V 0.00 0.00
163.899	S 6313304 -13.18 30.50 0.00 0.00 HOLD
163.918	>>> V 0.00 0.00
163.921	S 6313324 -13.18 30.50 0.00 0.00 HOLD
163.938	>>> V 0.00 0.00
163.938	S 6313344 -13.18 30.50 0.00 0.00 HOLD
163.958	>>> V 0.00 0.00
163.960	S 6313364 -13.18 30.50 0.00 0.00 HOLD
163.978	>>> V 0.00 0.00
163.979	S 6313384 -13.18 30.50 0.00 0.00 HOLD
164.001	>>> V 0.00 0.00
164.003	S 6313404 -13.18 30.50 0.00 0.00 HOLD
164.017	>>> V 0.00 0.00
164.018	S 6313424 -13.18 30.50 0.00 0.00 HOLD
164.039	>>> V 0.00 0.00
164.040	S 6313444 -13.18 30.50 0.00 0.00 HOLD
164.062	>>> V 0.00 0.00
164.062	S 6313464 -13.18 30.50 0.00 0.00 HOLD
164.080	>>> V 0.00 0.00
164.080	S 6313484 -13.18 30.50 0.00 0.00 HOLD
164.098	>>> V 0.00 0.00
164.102	S 6313504 -13.27 30.50 0.00 0.00 HOLD
164.119	>>> V 0.00 0.00
164.119	S 6313524 -13.18 30.50 0.00 0.00 HOLD
164.142	>>> V 0.00 0.00
164.144	S 6313544 -13.18 30.50 0.00 0.00 HOLD
164.157	>>> V 0.00 0.00
164.158	S 6313564 -13.18 30.50 0.00 0.00 HOLD
164.179	>>> V 0.00 0.00
164.180	S 6313584 -13.18 30.50 0.00 0.00 HOLD
164.199	>>> V 0.00 0.00
164.199	S 6313604 -13.18 30.50 0.00 0.00 HOLD
164.262	>>> V 0.00 0.00
164.265	S 6313624 -13.18 30.50 0.00 0.00 HOLD
164.269	S 6313644 -13.27 30.50 0.00 0.00 HOLD
164.270	S 6313664 -13.18 30.50 0.00 0.00 HOLD
164.282	>>> V 0.00 0.00
164.282	S 6313684 -13.18 30.50 0.00 0.00 HOLD
164.301	>>> V 0.00 0.00
164.302	S 6313704 -13.18 30.50 0.00 0.00 HOLD
164.321	>>> V 0.00 0.00
164.322	S 6313724 -13.18 30.50 0.00 0.00 HOLD
164.348	>>> V 0.00 0.00
164.349	S 6313744 -13.18 30.50 0.00 0.00 HOLD
164.349	S 6313764 -13.27 30.50 0.00 0.00 HOLD
164.358	>>> V 0.00 0.00
164.379	>>> V 0.00 0.00
164.381	S 6313784 -13.18 30.50 0.00 0.00 HOLD
164.399	>>> V 0.00 0.00
164.400	S 6313804 -13.18 30.50 0.00 0.00 HOLD
164.421	>>> V 0.00 0.00
164.422	S 6313824 -13.18 30.50 0.00 0.00 HOLD
164.439	>>> V 0.00 0.00
164.440	S 6313844 -13.18 30.50 0.00 0.00 HOLD
164.459	>>> V 0.00 0.00
164.460	S 6313864 -13.18 30.50 0.00 0.00 HOLD
164.479	>>> V 0.00 0.00
164.487	S 6313884 -13.18 30.50 0.00 0.00 HOLD
164.501	>>> V 0.00 0.00
164.502	S 6313904 -13.18 30.50 0.00 0.00 HOLD
164.518	>>> V 0.00 0.00
164.519	S 6313924 -13.18 30.50 0.00 0.00 HOLD
164.539	>>> V 0.00 0.00
164.542	S 6313944 -13.18 30.50 0.00 0.00 HOLD
164.568	>>> V 0.00 0.00
164.584	S 6313964 -13.18 30.50 0.00 0.00 HOLD
164.589	S 6313984 -13.18 30.50 0.00 0.00 HOLD
164.598	>>> V 0.00 0.00
164.600	S 6314004 -13.18 30.50 0.00 0.00 HOLD
164.631	>>> V 0.00 0.00
164.632	S 6314024 -13.18 30.50 0.00 0.00 HOLD
164.634	S 6314044 -13.27 30.50 0.00 0.00 HOLD
164.665	>>> V 0.00 0.00
164.671	S 6314064 -13.18 30.50 0.00 0.00 HOLD
164.676	S 6314084 -13.18 30.50 0.00 0.00 HOLD
164.711	>>> V 0.00 0.00
164.712	S 6314104 -13.27 30.50 0.00 0.00 HOLD
164.714	S 6314124 -13.18 30.50 0.00 0.00 HOLD
164.751	>>> V 0.00 0.00
164.751	S 6314144 -13.18 30.50 0.00 0.00 HOLD
164.752	S 6314164 -13.18 30.50 0.00 0.00 HOLD
164.768	>>> V 0.00 0.00
164.770	S 6314184 -13.18 30.50 0.00 0.00 HOLD
164.789	>>> V 0.00 0.00
164.793	S 6314204 -13.18 30.50 0.00 0.00 HOLD
164.810	>>> V 0.00 0.00
164.816	S 6314224 -13.18 30.50 0.00 0.00 HOLD
164.830	>>> V 0.00 0.00
164.834	S 6314244 -13.18 30.50 0.00 0.00 HOLD
164.850	>>> V 0.00 0.00
164.852	S 6314264 -13.18 30.50 0.00 0.00 HOLD
164.873	>>> V 0.00 0.00
164.874	S 6314284 -13.18 30.50 0.00 0.00 HOLD
164.886	>>> V 0.00 0.00
164.887	S 6314304 -13.27 30.50 0.00 0.00 HOLD
164.911	>>> V 0.00 0.00
164.913	S 6314324 -13.18 30.50 0.00 0.00 HOLD
164.932	>>> V 0.00 0.00
164.933	S 6314344 -13.18 30.50 0.00 0.00 HOLD
164.956	>>> V 0.00 0.00
164.959	S 6314364 -13.27 30.50 0.00 0.00 HOLD
164.967	>>> V 0.00 0.00
164.970	S 6314384 -13.18 30.50 0.00 0.00 HOLD
164.986	>>> V 0.00 0.00
164.987	S 6314404 -13.18 30.50 0.00 0.00 HOLD
165.001	>>> V 0.00 0.00
165.023	>>> V 0.00 0.00
165.024	S 6314424 -13.18 30.50 0.00 0.00 HOLD
165.038	>>> V 0.00 0.00
165.038	S 6314444 -13.18 30.50 0.00 0.00 HOLD
165.061	>>> V 0.00 0.00
165.062	S 6314464 -13.18 30.50 0.00 0.00 HOLD
165.078	>>> V 0.00 0.00
165.079	S 6314484 -13.18 30.50 0.00 0.00 HOLD
165.099	>>> V 0.00 0.00
165.100	S 6314504 -13.18 30.50 0.00 0.00 HOLD
165.120	>>> V 0.00 0.00
165.121	S 6314524 -13.18 30.50 0.00 0.00 HOLD
165.137	>>> V 0.00 0.00
165.140	S 6314544 -13.18 30.50 0.00 0.00 HOLD
165.159	>>> V 0.00 0.00
165.160	S 6314564 -13.18 30.50 0.00 0.00 HOLD
165.180	>>> V 0.00 0.00
165.181	S 6314584 -13.18 30.50 0.00 0.00 HOLD
165.199	>>> V 0.00 0.00
165.199	S 6314604 -13.18 30.50 0.00 0.00 HOLD
165.218	>>> V 0.00 0.00
165.219	S 6314624 -13.18 30.50 0.00 0.00 HOLD
165.246	>>> V 0.00 0.00
165.252	S 6314644 -13.18 30.50 0.00 0.00 HOLD
165.258	S 6314664 -13.18 30.50 0.00 0.00 HOLD
165.268	>>> V 0.00 0.00
165.269	S 6314684 -13.18 30.50 0.00 0.00 HOLD
165.297	>>> V 0.00 0.00
165.298	S 6314704 -13.18 30.59 0.00 0.00 HOLD
165.317	>>> V 0.00 0.00
165.318	S 6314724 -13.18 30.50 0.00 0.00 HOLD
165.338	>>> V 0.00 0.00
165.339	S 6314744 -13.18 30.50 0.00 0.00 HOLD
165.373	>>> V 0.00 0.00
165.378	S 6314764 -13.18 30.50 0.00 0.00 HOLD
165.383	S 6314784 -13.18 30.50 0.00 0.00 HOLD
165.416	>>> V 0.00 0.00
165.417	S 6314804 -13.18 30.59 0.00 0.00 HOLD
165.424	S 6314824 -13.18 30.50 0.00 0.00 HOLD
165.436	>>> V 0.00 0.00
165.436	S 6314844 -13.18 30.50 0.00 0.00 HOLD
165.456	>>> V 0.00 0.00
165.457	S 6314864 -13.18 30.50 0.00 0.00 HOLD
165.463	>>> V 0.00 0.00
165.478	>>> V 0.00 0.00
165.479	S 6314884 -13.18 30.50 0.00 0.00 HOLD
165.506	>>> V 0.00 0.00
165.506	S 6314904 -13.27 30.50 0.00 0.00 HOLD
165.518	>>> V 0.00 0.00
165.518	S 6314924 -13.18 30.50 0.00 0.00 HOLD
165.542	>>> V 0.00 0.00
165.544	S 6314944 -13.18 30.50 0.00 0.00 HOLD
165.558	>>> V 0.00 0.00
165.558	S 6314964 -13.18 30.50 0.00 0.00 HOLD
165.579	>>> V 0.00 0.00
165.581	S 6314984 -13.27 30.50 0.00 0.00 HOLD
165.605	>>> V 0.00 0.00
165.606	S 6315004 -13.18 30.50 0.00 0.00 HOLD
165.607	S 6315024 -13.18 30.50 0.00 0.00 HOLD
165.642	>>> V 0.00 0.00
165.643	S 6315044 -13.18 30.50 0.00 0.00 HOLD
165.658	>>> V 0.00 0.00
165.659	S 6315064 -13.18 30.50 0.00 0.00 HOLD
165.680	>>> V 0.00 0.00
165.686	S 6315084 -13.18 30.50 0.00 0.00 HOLD
165.688	S 6315104 -13.18 30.50 0.00 0.00 HOLD
165.707	>>> V 0.00 0.00
165.710	S 6315124 -13.18 30.50 0.00 0.00 HOLD
165.725	>>> V 0.00 0.00
165.726	S 6315144 -13.18 30.50 0.00 0.00 HOLD
165.744	>>> V 0.00 0.00
165.750	S 6315164 -13.18 30.50 0.00 0.00 HOLD
165.771	>>> V 0.00 0.00
165.771	S 6315184 -13.27 30.50 0.00 0.00 HOLD
165.778	>>> V 0.00 0.00
165.799	>>> V 0.00 0.00
165.803	S 6315204 -13.18 30.50 0.00 0.00 HOLD
165.818	>>> V 0.00 0.00
165.820	S 6315224 -13.18 30.50 0.00 0.00 HOLD
165.838	>>> V 0.00 0.00
165.842	S 6315244 -13.18 30.50 0.00 0.00 HOLD
165.864	>>> V 0.00 0.00
165.865	S 6315264 -13.18 30.50 0.00 0.00 HOLD
165.884	>>> V 0.00 0.00
165.885	S 6315284 -13.18 30.50 0.00 0.00 HOLD
165.898	>>> V 0.00 0.00
165.899	S 6315304 -13.18 30.50 0.00 0.00 HOLD
165.918	>>> V 0.00 0.00
165.921	S 6315324 -13.18 30.50 0.00 0.00 HOLD
165.939	>>> V 0.00 0.00
165.940	S 6315344 -13.18 30.50 0.00 0.00 HOLD
165.958	>>> V 0.00 0.00
165.958	S 6315364 -13.18 30.50 0.00 0.00 HOLD
165.978	>>> V 0.00 0.00
165.979	S 6315384 -13.18 30.50 0.00 0.00 HOLD
165.999	>>> V 0.00 0.00
166.004	S 6315404 -13.18 30.50 0.00 0.00 HOLD
166.020	>>> V 0.00 0.00
166.021	S 6315424 -13.18 30.50 0.00 0.00 HOLD
166.039	>>> V 0.00 0.00
166.040	S 6315444 -13.18 30.50 0.00 0.00 HOLD
166.060	>>> V 0.00 0.00
166.062	S 6315464 -13.18 30.50 0.00 0.00 HOLD
166.078	>>> V 0.00 0.00
166.080	S 6315484 -13.18 30.50 0.00 0.00 HOLD
166.097	>>> V 0.00 0.00
166.098	S 6315504 -13.18 30.50 0.00 0.00 HOLD
166.121	>>> V 0.00 0.00
166.121	S 6315524 -13.18 30.50 0.00 0.00 HOLD
166.138	>>> V 0.00 0.00
166.138	S 6315544 -13.18 30.50 0.00 0.00 HOLD
166.158	>>> V 0.00 0.00
166.160	S 6315564 -13.18 30.50 0.00 0.00 HOLD
166.178	>>> V 0.00 0.00
166.181	S 6315584 -13.18 30.50 0.00 0.00 HOLD
166.198	>>> V 0.00 0.00
166.199	S 6315604 -13.18 30.50 0.00 0.00 HOLD
166.221	>>> V 0.00 0.00
166.222	S 6315624 -13.18 30.50 0.00 0.00 HOLD
166.241	>>> V 0.00 0.00
166.244	S 6315644 -13.18 30.50 0.00 0.00 HOLD
166.262	>>> V 0.00 0.00
166.265	S 6315664 -13.18 30.50 0.00 0.00 HOLD
166.280	>>> V 0.00 0.00
166.280	S 6315684 -13.18 30.50 0.00 0.00 HOLD
166.298	>>> V 0.00 0.00
166.298	S 6315704 -13.18 30.50 0.00 0.00 HOLD
166.318	>>> V 0.00 0.00
166.320	S 6315724 -13.18 30.50 0.00 0.00 HOLD
166.340	>>> V 0.00 0.00
166.343	S 6315744 -13.18 30.50 0.00 0.00 HOLD
166.357	>>> V 0.00 0.00
166.358	S 6315764 -13.18 30.50 0.00 0.00 HOLD
166.380	>>> V 0.00 0.00
166.382	S 6315784 -13.18 30.50 0.00 0.00 HOLD
166.398	>>> V 0.00 0.00
166.400	S 6315804 -13.18 30.50 0.00 0.00 HOLD
166.420	>>> V 0.00 0.00
166.423	S 6315824 -13.18 30.50 0.00 0.00 HOLD
166.438	>>> V 0.00 0.00
166.438	S 6315844 -13.18 30.50 0.00 0.00 HOLD
166.459	>>> V 0.00 0.00
166.460	S 6315864 -13.18 30.50 0.00 0.00 HOLD
166.478	>>> V 0.00 0.00
166.481	S 6315884 -13.18 30.50 0.00 0.00 HOLD
166.498	>>> V 0.00 0.00
166.499	S 6315904 -13.18 30.50 0.00 0.00 HOLD
166.520	>>> V 0.00 0.00
166.521	S 6315924 -13.18 30.50 0.00 0.00 HOLD
166.538	>>> V 0.00 0.00
166.542	S 6315944 -13.18 30.50 0.00 0.00 HOLD
166.561	>>> V 0.00 0.00
166.564	S 6315964 -13.18 30.50 0.00 0.00 HOLD
166.578	>>> V 0.00 0.00
166.581	S 6315984 -13.18 30.50 0.00 0.00 HOLD
166.599	>>> V 0.00 0.00
166.600	S 6316004 -13.18 30.50 0.00 0.00 HOLD
166.619	>>> V 0.00 0.00
166.619	S 6316024 -13.18 30.50 0.00 0.00 HOLD
166.641	>>> V 0.00 0.00
166.645	S 6316044 -13.18 30.50 0.00 0.00 HOLD
166.660	>>> V 0.00 0.00
166.661	S 6316064 -13.18 30.50 0.00 0.00 HOLD
166.679	>>> V 0.00 0.00
166.681	S 6316084 -13.18 30.50 0.00 0.00 HOLD
166.704	>>> V 0.00 0.00
166.705	S 6316104 -13.18 30.50 0.00 0.00 HOLD
166.718	>>> V 0.00 0.00
166.721	S 6316124 -13.18 30.50 0.00 0.00 HOLD
166.741	>>> V 0.00 0.00
166.745	S 6316144 -13.18 30.50 0.00 0.00 HOLD
166.758	>>> V 0.00 0.00
166.758	S 6316164 -13.18 30.50 0.00 0.00 HOLD
166.778	>>> V 0.00 0.00
166.779	S 6316184 -13.18 30.50 0.00 0.00 HOLD
166.812	>>> V 0.00 0.00
166.815	S 6316204 -13.18 30.50 0.00 0.00 HOLD
166.816	S 6316224 -13.18 30.50 0.00 0.00 HOLD
166.823	>>> V 0.00 0.00
166.837	>>> V 0.00 0.00
166.838	S 6316244 -13.18 30.50 0.00 0.00 HOLD
166.870	>>> V 0.00 0.00
166.872	S 6316264 -13.18 30.50 0.00 0.00 HOLD
166.879	S 6316284 -13.18 30.50 0.00 0.00 HOLD
166.895	>>> V 0.00 0.00
166.909	S 6316304 -13.18 30.50 0.00 0.00 HOLD
166.913	>>> V 0.00 0.00
166.913	S 6316324 -13.18 30.50 0.00 0.00 HOLD
166.918	>>> V 0.00 0.00
166.941	>>> V 0.00 0.00
166.942	S 6316344 -13.18 30.59 0.00 0.00 HOLD
166.959	>>> V 0.00 0.00
166.960	S 6316364 -13.18 30.50 0.00 0.00 HOLD
166.977	>>> V 0.00 0.00
166.980	S 6316384 -13.18 30.50 0.00 0.00 HOLD
166.998	>>> V 0.00 0.00
167.000	S 6316404 -13.18 30.50 0.00 0.00 HOLD
167.017	>>> V 0.00 0.00
167.020	S 6316424 -13.27 30.50 0.00 0.00 HOLD
167.038	>>> V 0.00 0.00
167.040	S 6316444 -13.18 30.50 0.00 0.00 HOLD
167.060	>>> V 0.00 0.00
167.061	S 6316464 -13.18 30.50 0.00 0.00 HOLD
167.080	>>> V 0.00 0.00
167.080	S 6316484 -13.18 30.50 0.00 0.00 HOLD
167.100	>>> V 0.00 0.00
167.100	S 6316504 -13.18 30.50 0.00 0.00 HOLD
167.118	>>> V 0.00 0.00
167.119	S 6316524 -13.18 30.50 0.00 0.00 HOLD
167.150	>>> V 0.00 0.00
167.150	S 6316544 -13.18 30.50 0.00 0.00 HOLD
167.155	S 6316564 -13.18 30.50 0.00 0.00 HOLD
167.171	>>> V 0.00 0.00
167.174	S 6316584 -13.18 30.50 0.00 0.00 HOLD
167.182	>>> V 0.00 0.00
167.198	>>> V 0.00 0.00
167.201	S 6316604 -13.18 30.50 0.00 0.00 HOLD
167.217	>>> V 0.00 0.00
167.219	S 6316624 -13.18 30.50 0.00 0.00 HOLD
167.239	>>> V 0.00 0.00
167.241	S 6316644 -13.18 30.50 0.00 0.00 HOLD
167.259	>>> V 0.00 0.00
167.260	S 6316664 -13.18 30.50 0.00 0.00 HOLD
167.279	>>> V 0.00 0.00
167.279	S 6316684 -13.18 30.59 0.00 0.00 HOLD
167.299	>>> V 0.00 0.00
167.301	S 6316704 -13.18 30.50 0.00 0.00 HOLD
167.318	>>> V 0.00 0.00
167.320	S 6316724 -13.18 30.50 0.00 0.00 HOLD
167.339	>>> V 0.00 0.00
167.339	S 6316744 -13.27 30.50 0.00 0.00 HOLD
167.358	>>> V 0.00 0.00
167.358	S 6316764 -13.18 30.50 0.00 0.00 HOLD
167.377	>>> V 0.00 0.00
167.379	S 6316784 -13.18 30.50 0.00 0.00 HOLD
167.399	>>> V 12.10 0.00
167.401	S 6316804 -13.18 30.50 0.00 0.00 HOLD
167.420	>>> V 12.10 0.00
167.422	S 6316824 -13.18 30.50 0.00 0.00 HOLD
167.440	>>> V 12.10 0.00
167.443	S 6316844 -13.18 30.50 0.00 0.00 TRACK
167.460	>>> V 12.10 0.00
167.461	S 6316864 -13.18 30.50 0.00 0.00 TRACK
167.479	>>> V 12.10 0.00
167.483	S 6316884 -13.18 30.50 0.00 0.00 TRACK
167.498	>>> V 12.10 0.00
167.505	S 6316904 -13.01 30.50 1.37 0.00 TRACK
167.535	>>> V 12.10 0.00
167.536	S 6316924 -12.74 30.50 4.12 0.00 TRACK
167.543	S 6316944 -12.48 30.50 8.24 0.00 TRACK
167.555	>>> V 12.10 0.00
167.557	S 6316964 -12.22 30.50 10.99 0.00 TRACK
167.564	>>> V 12.10 0.00
167.578	>>> V 12.10 0.00
167.579	S 6316984 -11.95 30.50 12.37 0.00 TRACK
167.598	>>> V 12.10 0.00
167.600	S 6317004 -11.69 30.50 12.37 0.00 TRACK
167.620	>>> V 12.10 0.00
167.623	S 6317024 -11.43 30.50 12.37 0.00 TRACK
167.641	>>> V 12.10 0.00
167.642	S 6317044 -11.16 30.50 12.37 0.00 TRACK
167.715	>>> V 12.10 0.00
167.717	S 6317064 -10.90 30.50 10.99 0.00 TRACK
167.729	S 6317084 -10.72 30.50 10.99 0.00 TRACK
167.734	S 6317104 -10.46 30.50 10.99 0.00 TRACK
167.735	S 6317124 -10.20 30.50 10.99 0.00 TRACK
167.766	>>> V 11.82 0.00
167.767	S 6317144 -9.93 30.50 12.37 0.00 TRACK
167.767	S 6317164 -9.67 30.50 12.37 0.00 TRACK
167.772	S 6317184 -9.40 30.50 12.37 0.00 TRACK
167.810	>>> V 11.82 0.00
167.810	S 6317204 -9.23 30.50 12.37 0.00 TRACK
167.811	S 6317224 -8.88 30.59 10.99 0.00 TRACK
167.833	>>> V 10.09 -2.86
167.853	S 6317244 -8.61 30.50 10.99 0.00 TRACK
167.853	S 6317264 -8.35 30.50 10.99 0.00 TRACK
167.857	>>> V 9.21 -2.96
167.878	>>> V 5.93 -3.15
167.878	S 6317284 -8.17 30.50 10.99 0.00 TRACK
167.898	>>> V 5.93 -3.15
167.899	S 6317304 -7.91 30.50 10.99 0.00 TRACK
167.918	>>> V 5.93 -3.15
167.919	S 6317324 -7.65 30.50 10.99 0.00 TRACK
167.939	>>> V 5.93 -3.15
167.939	S 6317344 -7.47 30.50 10.99 0.00 TRACK
167.958	>>> V 5.11 -3.18
167.960	S 6317364 -7.38 30.50 9.62 0.00 TRACK
167.979	>>> V 5.11 -3.18
167.986	S 6317384 -7.21 30.50 8.24 0.00 TRACK
167.992	S 6317404 -7.12 30.50 6.87 0.00 TRACK
167.998	>>> V 4.28 -3.21
168.019	>>> V 4.28 -3.21
168.020	S 6317424 -7.03 30.50 5.50 0.00 TRACK
168.038	>>> V 4.28 -3.21
168.039	S 6317444 -6.86 30.41 5.50 0.00 TRACK
168.058	>>> V 4.28 -3.21
168.059	S 6317464 -6.77 30.41 5.50 0.00 TRACK
168.089	>>> V 3.49 -3.21
168.093	S 6317484 -6.68 30.32 5.50 -1.37 TRACK
168.094	S 6317504 -6.50 30.23 5.50 -1.37 TRACK
168.104	>>> V 3.49 -3.21
168.123	>>> V 3.49 -3.21
168.123	S 6317524 -6.42 30.23 5.50 -1.37 TRACK
168.151	>>> V 0.00 -3.29
168.152	S 6317544 -6.33 30.15 4.12 -2.75 TRACK
168.154	S 6317564 -6.33 30.06 4.12 -2.75 TRACK
168.167	>>> V 0.00 -3.29
168.170	S 6317584 -6.06 30.06 4.12 -2.75 TRACK
168.179	>>> V 0.00 -2.99
168.198	>>> V 0.00 -2.99
168.199	S 6317604 -6.06 29.97 4.12 -1.37 TRACK
168.221	>>> V 0.00 0.00
168.222	S 6317624 -6.06 29.88 2.75 -1.37 TRACK
168.239	>>> V 0.00 0.00
168.240	S 6317644 -6.06 29.79 1.37 -1.37 TRACK
168.260	>>> V 0.00 0.00
168.263	S 6317664 -6.06 29.79 0.00 -1.37 TRACK
168.278	>>> V 0.00 0.00
168.281	S 6317684 -6.06 29.79 0.00 -1.37 TRACK
168.303	>>> V 0.00 0.00
168.304	S 6317704 -6.06 29.79 0.00 -1.37 TRACK
168.319	>>> V 0.00 0.00
168.321	S 6317724 -6.06 29.71 0.00 -1.37 TRACK
168.341	>>> V 0.00 0.00
168.344	S 6317744 -6.06 29.71 0.00 0.00 TRACK
168.359	>>> V 0.00 0.00
168.366	S 6317764 -6.06 29.79 0.00 0.00 TRACK
168.378	>>> V -1.82 0.00
168.379	S 6317784 -6.06 29.79 0.00 0.00 TRACK
168.398	>>> V -1.82 0.00
168.398	S 6317804 -6.06 29.79 0.00 0.00 TRACK
168.418	>>> V -1.82 0.00
168.420	S 6317824 -6.06 29.79 0.00 0.00 TRACK
168.452	>>> V -1.84 0.00
168.452	S 6317844 -6.06 29.79 0.00 0.00 TRACK
168.461	S 6317864 -6.06 29.79 0.00 0.00 TRACK
168.473	>>> V -1.84 0.00
168.473	S 6317884 -6.06 29.79 0.00 0.00 TRACK
168.480	>>> V -1.84 0.00
168.497	>>> V -1.84 0.00
168.498	S 6317904 -6.06 29.79 0.00 0.00 TRACK
168.519	>>> V -1.84 0.00
168.520	S 6317924 -6.06 29.79 0.00 0.00 TRACK
168.538	>>> V -1.84 0.00
168.542	S 6317944 -6.06 29.79 0.00 0.00 TRACK
168.572	>>> V -1.82 0.00
168.576	S 6317964 -6.24 29.79 0.00 0.00 TRACK
168.587	S 6317984 -6.24 29.79 0.00 0.00 TRACK
168.595	>>> V -1.82 0.00
168.602	S 6318004 -6.24 29.79 0.00 0.00 TRACK
168.618	>>> V -1.82 0.00
168.619	S 6318024 -6.33 29.79 -1.37 0.00 TRACK
168.649	>>> V -1.82 0.00
168.649	S 6318044 -6.33 29.79 -1.37 0.00 TRACK
168.650	S 6318064 -6.42 29.79 -1.37 0.00 TRACK
168.668	>>> V -1.82 0.00
168.669	S 6318084 -6.42 29.79 -1.37 0.00 TRACK
168.697	>>> V -1.82 0.00
168.699	S 6318104 -6.42 29.79 0.00 0.00 TRACK
168.706	>>> V -1.82 0.00
168.719	>>> V -1.82 0.00
168.722	S 6318124 -6.33 29.79 0.00 0.00 TRACK
168.744	>>> V 0.00 0.00
168.748	S 6318144 -6.50 29.79 0.00 0.00 TRACK
168.751	S 6318164 -6.50 29.79 0.00 0.00 TRACK
168.758	>>> V 0.00 0.00
168.784	>>> V 0.00 0.00
168.784	S 6318184 -6.50 29.79 0.00 0.00 TRACK
168.804	>>> V -1.82 0.00
168.805	S 6318204 -6.50 29.79 0.00 0.00 TRACK
168.818	>>> V -1.82 0.00
168.820	S 6318224 -6.50 29.79 0.00 0.00 TRACK
168.843	>>> V -1.82 0.00
168.847	S 6318244 -6.50 29.79 0.00 0.00 TRACK
168.849	S 6318264 -6.59 29.79 0.00 0.00 TRACK
168.875	>>> V -1.82 0.00
168.876	S 6318284 -6.59 29.79 0.00 0.00 TRACK
168.882	>>> V -1.82 0.00
168.898	>>> V 0.00 0.00
168.900	S 6318304 -6.68 29.79 0.00 0.00 TRACK
168.920	>>> V 0.00 0.00
168.921	S 6318324 -6.68 29.79 0.00 0.00 TRACK
168.941	>>> V 0.00 0.00
168.943	S 6318344 -6.68 29.79 0.00 0.00 TRACK
168.962	>>> V 0.00 0.00
168.962	S 6318364 -6.68 29.79 0.00 0.00 TRACK
168.980	>>> V 0.00 0.00
168.981	S 6318384 -6.68 29.79 0.00 0.00 TRACK
169.021	>>> V 0.00 0.00
169.022	S 6318404 -6.68 29.79 0.00 0.00 TRACK
169.023	S 6318424 -6.68 29.79 0.00 0.00 TRACK
169.039	>>> V 0.00 0.00
169.040	S 6318444 -6.68 29.79 0.00 0.00 TRACK
169.061	>>> V 0.00 0.00
169.062	S 6318464 -6.68 29.79 0.00 0.00 TRACK
169.080	>>> V 0.00 0.00
169.085	S 6318484 -6.68 29.79 0.00 0.00 TRACK
169.098	>>> V 0.00 0.00
169.098	S 6318504 -6.68 29.79 0.00 0.00 TRACK
169.124	>>> V 0.00 0.00
169.127	S 6318524 -6.68 29.79 0.00 0.00 TRACK
169.136	S 6318544 -6.68 29.79 0.00 0.00 TRACK
169.150	>>> V 0.00 0.00
169.152	S 6318564 -6.68 29.79 0.00 0.00 TRACK
169.159	>>> V 0.00 0.00
169.178	>>> V 0.00 0.00
169.179	S 6318584 -6.68 29.79 0.00 0.00 TRACK
169.198	>>> V 0.00 0.00
169.198	S 6318604 -6.68 29.79 0.00 0.00 TRACK
169.224	>>> V 0.00 0.00
169.225	S 6318624 -6.68 29.79 0.00 0.00 TRACK
169.239	>>> V 0.00 0.00
169.242	S 6318644 -6.68 29.79 0.00 0.00 TRACK
169.268	>>> V 0.00 0.00
169.284	S 6318664 -6.68 29.79 0.00 0.00 TRACK
169.285	S 6318684 -6.68 29.79 0.00 0.00 TRACK
169.328	>>> V 0.00 0.00
169.331	S 6318704 -6.68 29.79 0.00 0.00 TRACK
169.332	S 6318724 -6.68 29.79 0.00 0.00 TRACK
169.336	S 6318744 -6.68 29.79 0.00 0.00 TRACK
169.352	>>> V 0.00 0.00
169.353	S 6318764 -6.68 29.79 0.00 0.00 TRACK
169.362	>>> V 0.00 0.00
169.379	>>> V 0.00 0.00
169.383	S 6318784 -6.68 29.79 0.00 0.00 TRACK
169.408	>>> V 0.00 0.00
169.410	S 6318804 -6.68 29.79 0.00 0.00 TRACK
169.411	S 6318824 -6.68 29.79 0.00 0.00 TRACK
169.421	>>> V 0.00 0.00
169.445	>>> V 0.00 0.00
169.446	S 6318844 -6.68 29.79 0.00 0.00 TRACK
169.463	>>> V 0.00 0.00
169.465	S 6318864 -6.68 29.79 0.00 0.00 TRACK
169.478	>>> V 0.00 0.00
169.481	S 6318884 -6.68 29.79 0.00 0.00 TRACK
169.498	>>> V 0.00 0.00
169.499	S 6318904 -6.68 29.79 0.00 0.00 TRACK
169.519	>>> V 0.00 0.00
169.521	S 6318924 -6.68 29.79 0.00 0.00 TRACK
169.543	>>> V 0.00 0.00
169.544	S 6318944 -6.68 29.79 0.00 0.00 TRACK
169.557	>>> V 0.00 0.00
169.561	S 6318964 -6.68 29.79 0.00 0.00 TRACK
169.590	>>> V 0.00 0.00
169.592	S 6318984 -6.68 29.79 0.00 0.00 TRACK
169.593	S 6319004 -6.68 29.79 0.00 0.00 TRACK
169.607	>>> V 0.00 0.00
169.609	S 6319024 -6.68 29.79 0.00 0.00 TRACK
169.635	>>> V 0.00 0.00
169.637	S 6319044 -6.68 29.79 0.00 0.00 TRACK
169.652	>>> V 0.00 0.00
169.652	S 6319064 -6.68 29.79 0.00 0.00 TRACK
169.662	>>> V 0.00 0.00
169.669	S 6319084 -6.68 29.79 0.00 0.00 TRACK
169.680	>>> V 0.00 0.00
169.700	>>> V 0.00 0.00
169.703	S 6319104 -6.68 29.79 0.00 0.00 TRACK
169.718	>>> V 0.00 0.00
169.718	S 6319124 -6.68 29.71 0.00 0.00 TRACK
169.742	>>> V 0.00 0.00
169.751	S 6319144 -6.68 29.79 0.00 0.00 TRACK
169.773	S 6319164 -6.68 29.79 0.00 0.00 TRACK
169.809	>>> V 0.00 0.00
169.809	S 6319184 -6.68 29.79 0.00 0.00 TRACK
169.810	S 6319204 -6.68 29.79 0.00 0.00 TRACK
169.811	S 6319224 -6.68 29.79 0.00 0.00 TRACK
169.818	>>> V 0.00 0.00
169.841	>>> V 0.00 0.00
169.843	S 6319244 -6.68 29.79 0.00 0.00 TRACK
169.861	>>> V 0.00 0.00
169.861	S 6319264 -6.68 29.79 0.00 0.00 TRACK
169.884	>>> V 0.00 0.00
169.884	S 6319284 -6.68 29.79 0.00 0.00 TRACK
169.899	>>> V 0.00 0.00
169.899	S 6319304 -6.68 29.79 0.00 0.00 TRACK
169.918	>>> V 0.00 0.00
169.920	S 6319324 -6.68 29.79 0.00 0.00 TRACK
169.940	>>> V 0.00 0.00
169.941	S 6319344 -6.68 29.79 0.00 0.00 TRACK
169.959	>>> V 0.00 0.00
169.960	S 6319364 -6.68 29.79 0.00 0.00 TRACK
169.981	>>> V 0.00 0.00
169.982	S 6319384 -6.68 29.79 0.00 0.00 TRACK
170.000	>>> V 0.00 0.00
170.001	S 6319404 -6.68 29.79 0.00 0.00 TRACK
170.018	>>> V 0.00 0.00
170.020	S 6319424 -6.68 29.79 0.00 0.00 TRACK
170.038	>>> V 0.00 0.00
170.042	S 6319444 -6.68 29.79 0.00 0.00 TRACK
170.059	>>> V 0.00 0.00
170.060	S 6319464 -6.68 29.79 0.00 0.00 TRACK
170.078	>>> V 0.00 0.00
170.081	S 6319484 -6.68 29.79 0.00 0.00 TRACK
170.099	>>> V 0.00 0.00
170.099	S 6319504 -6.68 29.79 0.00 0.00 TRACK
170.119	>>> V 0.00 0.00
170.120	S 6319524 -6.68 29.79 0.00 0.00 TRACK
170.137	>>> V 0.00 0.00
170.138	S 6319544 -6.68 29.79 0.00 0.00 TRACK
170.160	>>> V 0.00 0.00
170.163	S 6319564 -6.68 29.79 0.00 0.00 TRACK
170.191	>>> V 0.00 0.00
170.193	S 6319584 -6.68 29.79 0.00 0.00 TRACK
170.196	S 6319604 -6.68 29.79 0.00 0.00 TRACK
170.211	>>> V 0.00 0.00
170.212	S 6319624 -6.68 29.79 0.00 0.00 TRACK
170.235	>>> V 0.00 0.00
170.240	S 6319644 -6.68 29.79 0.00 0.00 TRACK
170.280	>>> V 0.00 0.00
170.282	S 6319664 -6.59 29.79 0.00 0.00 TRACK
170.287	S 6319684 -6.68 29.79 0.00 0.00 TRACK
170.310	>>> V 0.00 0.00
170.315	S 6319704 -6.68 29.79 0.00 0.00 TRACK
170.325	S 6319724 -6.68 29.79 0.00 0.00 TRACK
170.333	>>> V 0.00 0.00
170.334	S 6319744 -6.68 29.79 0.00 0.00 TRACK
170.340	>>> V 0.00 0.00
170.358	>>> V 0.00 0.00
170.359	S 6319764 -6.68 29.79 0.00 0.00 TRACK
170.378	>>> V 0.00 0.00
170.381	S 6319784 -6.68 29.79 0.00 0.00 TRACK
170.399	>>> V 0.00 0.00
170.400	S 6319804 -6.68 29.79 0.00 0.00 TRACK
170.419	>>> V 0.00 0.00
170.420	S 6319824 -6.68 29.79 0.00 0.00 TRACK
170.442	>>> V 0.00 0.00
170.444	S 6319844 -6.68 29.79 0.00 0.00 TRACK
170.459	>>> V 0.00 0.00
170.461	S 6319864 -6.68 29.79 0.00 0.00 TRACK
170.479	>>> V 0.00 0.00
170.480	S 6319884 -6.68 29.79 0.00 0.00 TRACK
170.499	>>> V 0.00 0.00
170.499	S 6319904 -6.68 29.79 0.00 0.00 TRACK
170.518	>>> V 0.00 0.00
170.520	S 6319924 -6.68 29.79 0.00 0.00 TRACK
170.539	>>> V 0.00 0.00
170.540	S 6319944 -6.68 29.79 0.00 0.00 TRACK
170.559	>>> V 0.00 0.00
170.562	S 6319964 -6.68 29.79 0.00 0.00 TRACK
170.579	>>> V 0.00 0.00
170.580	S 6319984 -6.68 29.79 0.00 0.00 TRACK
170.599	>>> V 0.00 0.00
170.607	S 6320004 -6.68 29.79 0.00 0.00 TRACK
170.608	S 6320024 -6.68 29.79 0.00 0.00 TRACK
170.626	>>> V 0.00 0.00
170.630	S 6320044 -6.68 29.79 0.00 0.00 TRACK
170.639	>>> V 0.00 0.00
170.657	>>> V 0.00 0.00
170.671	S 6320064 -6.68 29.79 0.00 0.00 TRACK
170.680	>>> V 0.00 0.00
170.681	S 6320084 -6.68 29.79 0.00 0.00 TRACK
170.699	>>> V 0.00 0.00
170.708	S 6320104 -6.68 29.79 0.00 0.00 TRACK
170.709	S 6320124 -6.68 29.79 0.00 0.00 TRACK
170.739	>>> V 0.00 0.00
170.739	S 6320144 -6.68 29.79 0.00 0.00 TRACK
170.760	>>> V 0.00 0.00
170.760	S 6320164 -6.68 29.79 0.00 0.00 TRACK
170.802	>>> V 0.00 0.00
170.812	S 6320184 -6.68 29.79 0.00 0.00 TRACK
170.813	S 6320204 -6.68 29.79 0.00 0.00 TRACK
170.823	S 6320224 -6.68 29.79 0.00 0.00 TRACK
170.886	>>> V 0.00 0.00
170.893	S 6320244 -6.68 29.79 0.00 0.00 TRACK
170.894	S 6320264 -6.68 29.79 0.00 0.00 TRACK
170.918	S 6320284 -6.68 29.79 0.00 0.00 TRACK
170.929	S 6320304 -6.68 29.79 0.00 0.00 TRACK
170.937	>>> V 0.00 0.00
170.937	S 6320324 -6.68 29.79 0.00 0.00 TRACK
170.938	S 6320344 -6.68 29.79 0.00 0.00 TRACK
170.952	>>> V 0.00 0.00
170.953	S 6320364 -6.68 29.79 0.00 0.00 TRACK
170.965	>>> V 0.00 0.00
170.978	>>> V 0.00 0.00
170.981	S 6320384 -6.68 29.79 0.00 0.00 TRACK
170.998	>>> V 0.00 0.00
170.998	S 6320404 -6.68 29.79 0.00 0.00 TRACK
171.017	>>> V 0.00 0.00
171.020	S 6320424 -6.68 29.79 0.00 0.00 TRACK
171.042	>>> V 0.00 0.00
171.042	S 6320444 -6.59 29.79 0.00 0.00 TRACK
171.063	>>> V 0.00 0.00
171.064	S 6320464 -6.68 29.79 0.00 0.00 TRACK
171.087	>>> V 0.00 0.00
171.087	S 6320484 -6.68 29.79 0.00 0.00 TRACK
171.093	S 6320504 -6.68 29.79 0.00 0.00 TRACK
171.117	>>> V 0.00 0.00
171.119	S 6320525 -6.68 29.79 0.00 0.00 TRACK
171.148	>>> V 0.00 0.00
171.151	S 6320545 -6.68 29.79 0.00 0.00 TRACK
171.152	S 6320565 -6.68 29.79 0.00 0.00 TRACK
171.182	>>> V 0.00 0.00
171.184	S 6320585 -6.68 29.79 0.00 0.00 TRACK
171.217	>>> V 0.00 0.00
171.234	S 6320605 -6.68 29.79 0.00 0.00 TRACK
171.235	S 6320625 -6.68 29.79 0.00 0.00 TRACK
171.242	S 6320645 -6.68 29.79 0.00 0.00 TRACK
171.257	>>> V 0.00 0.00
171.260	S 6320665 -6.68 29.79 0.00 0.00 TRACK
171.286	>>> V 0.00 0.00
171.290	S 6320685 -6.68 29.79 0.00 0.00 TRACK
171.300	S 6320705 -6.68 29.79 0.00 0.00 TRACK
171.309	>>> V 0.00 0.00
171.314	S 6320725 -6.68 29.79 0.00 0.00 TRACK
171.328	>>> V 0.00 0.00
171.330	S 6320745 -6.68 29.79 0.00 0.00 TRACK
171.344	>>> V 0.00 0.00
171.358	>>> V 0.00 0.00
171.358	S 6320765 -6.68 29.79 0.00 0.00 TRACK
171.378	>>> V 0.00 0.00
171.378	S 6320785 -6.68 29.79 0.00 0.00 TRACK
171.399	>>> V 0.00 0.00
171.399	S 6320805 -6.68 29.79 0.00 0.00 TRACK
171.420	>>> V 0.00 0.00
171.420	S 6320825 -6.68 29.79 0.00 0.00 TRACK
171.439	>>> V 0.00 0.00
171.441	S 6320845 -6.68 29.79 0.00 0.00 TRACK
171.466	>>> V 0.00 0.00
171.469	S 6320865 -6.68 29.79 0.00 0.00 TRACK
171.470	S 6320885 -6.68 29.79 0.00 0.00 TRACK
171.480	>>> V 0.00 0.00
171.511	>>> V 0.00 0.00
171.514	S 6320905 -6.68 29.79 0.00 0.00 TRACK
171.515	S 6320925 -6.68 29.79 0.00 0.00 TRACK
171.531	>>> V 0.00 0.00
171.534	S 6320945 -6.68 29.79 0.00 0.00 TRACK
171.557	>>> V 0.00 0.00
171.558	S 6320965 -6.68 29.79 0.00 0.00 TRACK
171.567	>>> V 0.00 0.00
171.567	S 6320985 -6.68 29.79 0.00 0.00 TRACK
171.583	>>> V 0.00 0.00
171.600	>>> V 0.00 0.00
171.601	S 6321005 -6.68 29.79 0.00 0.00 TRACK
171.622	>>> V 0.00 0.00
171.623	S 6321025 -6.68 29.79 0.00 0.00 TRACK
171.642	>>> V 0.00 0.00
171.642	S 6321045 -6.68 29.79 0.00 0.00 TRACK
171.664	>>> V 0.00 0.00
171.665	S 6321065 -6.68 29.79 0.00 0.00 TRACK
171.678	>>> V 0.00 0.00
171.690	S 6321085 -6.68 29.79 0.00 0.00 TRACK
171.698	S 6321105 -6.68 29.79 0.00 0.00 TRACK
171.715	>>> V 0.00 0.00
171.716	S 6321125 -6.59 29.79 0.00 0.00 TRACK
171.740	>>> V 0.00 0.00
171.740	S 6321145 -6.68 29.79 0.00 0.00 TRACK
171.762	>>> V 0.00 0.00
171.769	S 6321165 -6.68 29.79 0.00 0.00 TRACK
171.770	S 6321185 -6.68 29.79 0.00 0.00 TRACK
171.788	>>> V 0.00 0.00
171.789	S 6321205 -6.68 29.79 0.00 0.00 TRACK
171.833	>>> V 0.00 0.00
171.834	S 6321225 -6.68 29.79 0.00 0.00 TRACK
171.845	S 6321245 -6.68 29.79 0.00 0.00 TRACK
171.859	>>> V 0.00 0.00
171.859	S 6321265 -6.68 29.79 0.00 0.00 TRACK
171.874	>>> V 0.00 0.00
171.876	S 6321285 -6.68 29.79 0.00 0.00 TRACK
171.888	>>> V 0.00 0.00
171.890	S 6321305 -6.68 29.79 0.00 0.00 TRACK
171.908	>>> V 0.00 0.00
171.910	S 6321325 -6.68 29.79 0.00 0.00 TRACK
171.923	>>> V 0.00 0.00
171.943	>>> V 0.00 0.00
171.947	S 6321345 -6.68 29.79 0.00 0.00 TRACK
171.948	S 6321365 -6.68 29.79 0.00 0.00 TRACK
171.962	>>> V 0.00 0.00
171.981	>>> V 0.00 0.00
171.981	S 6321385 -6.68 29.79 0.00 0.00 TRACK
171.999	>>> V 0.00 0.00
172.003	S 6321405 -6.68 29.79 0.00 0.00 TRACK
172.019	>>> V 0.00 0.00
172.020	S 6321425 -6.68 29.79 0.00 0.00 TRACK
172.045	>>> V 0.00 0.00
172.045	S 6321445 -6.68 29.79 0.00 0.00 TRACK
172.059	>>> V 0.00 0.00
172.061	S 6321465 -6.68 29.79 0.00 0.00 TRACK
172.079	>>> V 0.00 0.00
172.081	S 6321485 -6.68 29.79 0.00 0.00 TRACK
172.101	>>> V 0.00 0.00
172.104	S 6321505 -6.68 29.79 0.00 0.00 TRACK
172.119	>>> V 0.00 0.00
172.122	S 6321525 -6.59 29.79 0.00 0.00 TRACK
172.141	>>> V 0.00 0.00
172.144	S 6321545 -6.59 29.79 0.00 0.00 TRACK
172.158	>>> V 0.00 0.00
172.161	S 6321565 -6.68 29.79 0.00 0.00 TRACK
172.179	>>> V 0.00 0.00
172.180	S 6321585 -6.68 29.79 0.00 0.00 TRACK
172.198	>>> V 0.00 0.00
172.201	S 6321605 -6.68 29.79 0.00 0.00 TRACK
172.221	>>> V 0.00 0.00
172.222	S 6321625 -6.68 29.79 0.00 0.00 TRACK
172.239	>>> V 0.00 0.00
172.241	S 6321645 -6.68 29.79 0.00 0.00 TRACK
172.264	>>> V 0.00 0.00
172.265	S 6321665 -6.68 29.79 0.00 0.00 TRACK
172.280	>>> V 0.00 0.00
172.281	S 6321685 -6.68 29.79 0.00 0.00 TRACK
172.299	>>> V 0.00 0.00
172.300	S 6321705 -6.68 29.79 0.00 0.00 TRACK
172.318	>>> V 0.00 0.00
172.318	S 6321725 -6.68 29.79 0.00 0.00 TRACK
172.341	>>> V 0.00 0.00
172.344	S 6321745 -6.68 29.79 0.00 0.00 TRACK
172.362	>>> V 0.00 0.00
172.363	S 6321765 -6.68 29.79 0.00 0.00 TRACK
172.380	>>> V 0.00 0.00
172.380	S 6321785 -6.68 29.79 0.00 0.00 TRACK
172.400	>>> V 0.00 0.00
172.405	S 6321805 -6.68 29.79 0.00 0.00 TRACK
172.421	>>> V 0.00 0.00
172.421	S 6321825 -6.68 29.79 0.00 0.00 TRACK
172.440	>>> V 0.00 0.00
172.443	S 6321845 -6.68 29.79 0.00 0.00 TRACK
172.458	>>> V 0.00 0.00
172.460	S 6321865 -6.68 29.79 0.00 0.00 TRACK
172.482	>>> V 0.00 0.00
172.484	S 6321885 -6.68 29.79 0.00 0.00 TRACK
172.498	>>> V 0.00 0.00
172.499	S 6321905 -6.68 29.79 0.00 0.00 TRACK
172.518	>>> V 0.00 0.00
172.519	S 6321925 -6.68 29.79 0.00 0.00 TRACK
172.538	>>> V 0.00 0.00
172.541	S 6321945 -6.68 29.79 0.00 0.00 TRACK
172.570	>>> V 0.00 0.00
172.571	S 6321965 -6.68 29.79 0.00 0.00 TRACK
172.572	S 6321985 -6.68 29.79 0.00 0.00 TRACK
172.587	>>> V 0.00 0.00
172.587	S 6322005 -6.68 29.79 0.00 0.00 TRACK
172.598	>>> V 0.00 0.00
172.618	>>> V 0.00 0.00
172.622	S 6322025 -6.68 29.79 0.00 0.00 TRACK
172.643	>>> V 0.00 0.00
172.646	S 6322045 -6.68 29.79 0.00 0.00 TRACK
172.658	>>> V 0.00 0.00
172.663	S 6322065 -6.68 29.79 0.00 0.00 TRACK
172.679	>>> V 0.00 0.00
172.688	S 6322085 -6.68 29.79 0.00 0.00 TRACK
172.695	S 6322105 -6.68 29.79 0.00 0.00 TRACK
172.715	>>> V 0.00 0.00
172.716	S 6322125 -6.68 29.79 0.00 0.00 TRACK
172.753	>>> V 0.00 0.00
172.754	S 6322145 -6.68 29.79 0.00 0.00 TRACK
172.770	S 6322165 -6.68 29.79 0.00 0.00 TRACK
172.792	>>> V 0.00 0.00
172.793	S 6322185 -6.68 29.79 0.00 0.00 TRACK
172.818	S 6322205 -6.68 29.79 0.00 0.00 TRACK
172.856	>>> V 0.00 0.00
172.861	S 6322225 -6.68 29.79 0.00 0.00 TRACK
172.869	S 6322245 -6.68 29.79 0.00 0.00 TRACK
172.873	S 6322265 -6.68 29.79 0.00 0.00 TRACK
172.892	>>> V 0.00 0.00
172.894	S 6322285 -6.68 29.79 0.00 0.00 TRACK
172.903	S 6322305 -6.68 29.79 0.00 0.00 TRACK
172.914	>>> V 0.00 0.00
172.917	S 6322325 -6.68 29.79 0.00 0.00 TRACK
172.931	>>> V 0.00 0.00
172.933	S 6322345 -6.68 29.79 0.00 0.00 TRACK
172.941	>>> V 0.00 0.00
172.959	>>> V 0.00 0.00
172.959	S 6322365 -6.68 29.79 0.00 0.00 TRACK
172.980	>>> V 0.00 0.00
172.981	S 6322385 -6.68 29.79 0.00 0.00 TRACK
173.006	>>> V 0.00 0.00
173.012	S 6322405 -6.68 29.79 0.00 0.00 TRACK
173.017	S 6322425 -6.68 29.79 0.00 0.00 TRACK
173.046	>>> V 0.00 0.00
173.053	S 6322445 -6.68 29.79 0.00 0.00 TRACK
173.064	S 6322465 -6.68 29.79 0.00 0.00 TRACK
173.085	>>> V 0.00 0.00
173.094	S 6322485 -6.68 29.79 0.00 0.00 TRACK
173.095	S 6322505 -6.68 29.79 0.00 0.00 TRACK
173.134	>>> V 0.00 0.00
173.137	S 6322525 -6.68 29.79 0.00 0.00 TRACK
173.140	S 6322545 -6.68 29.79 0.00 0.00 TRACK
173.153	>>> V 0.00 0.00
173.172	S 6322565 -6.68 29.79 0.00 0.00 TRACK
173.180	S 6322585 -6.68 29.79 0.00 0.00 TRACK
173.218	>>> V 0.00 0.00
173.223	S 6322605 -6.68 29.79 0.00 0.00 TRACK
173.235	S 6322625 -6.68 29.79 0.00 0.00 TRACK
173.251	>>> V 0.00 0.00
173.252	S 6322645 -6.68 29.79 0.00 0.00 TRACK
173.254	S 6322665 -6.68 29.79 0.00 0.00 TRACK
173.257	>>> V 0.00 0.00
173.280	>>> V 0.00 0.00
173.284	S 6322685 -6.68 29.79 0.00 0.00 TRACK
173.299	>>> V 0.00 0.00
173.303	S 6322705 -6.68 29.79 0.00 0.00 TRACK
173.319	>>> V 0.00 0.00
173.321	S 6322725 -6.68 29.79 0.00 0.00 TRACK
173.341	>>> V 0.00 0.00
173.343	S 6322745 -6.68 29.79 0.00 0.00 TRACK
173.359	>>> V 0.00 0.00
173.362	S 6322765 -6.68 29.79 0.00 0.00 TRACK
173.378	>>> V 0.00 0.00
173.379	S 6322785 -6.68 29.79 0.00 0.00 TRACK
173.400	>>> V 0.00 0.00
173.403	S 6322805 -6.68 29.79 0.00 0.00 TRACK
173.420	>>> V 0.00 0.00
173.421	S 6322825 -6.68 29.79 0.00 0.00 TRACK
173.438	>>> V 0.00 0.00
173.440	S 6322845 -6.68 29.79 0.00 0.00 TRACK
173.462	>>> V 0.00 0.00
173.463	S 6322865 -6.68 29.79 0.00 0.00 TRACK
173.481	>>> V 0.00 0.00
173.481	S 6322885 -6.68 29.79 0.00 0.00 TRACK
173.506	>>> V 0.00 0.00
173.506	S 6322905 -6.68 29.79 0.00 0.00 TRACK
173.522	>>> V 0.00 0.00
173.527	S 6322925 -6.68 29.79 0.00 0.00 TRACK
173.529	S 6322945 -6.68 29.79 0.00 0.00 TRACK
173.540	>>> V 0.00 0.00
173.559	>>> V 0.00 0.00
173.560	S 6322965 -6.68 29.79 0.00 0.00 TRACK
173.584	>>> V 0.00 0.00
173.584	S 6322985 -6.68 29.79 0.00 0.00 TRACK
173.599	>>> V 0.00 0.00
173.601	S 6323005 -6.68 29.79 0.00 0.00 TRACK
173.620	>>> V 0.00 0.00
173.626	S 6323025 -6.68 29.79 0.00 0.00 TRACK
173.640	>>> V 0.00 0.00
173.643	S 6323045 -6.68 29.79 0.00 0.00 TRACK
173.658	>>> V 0.00 0.00
173.663	S 6323065 -6.68 29.79 0.00 0.00 TRACK
173.685	>>> V 0.00 0.00
173.688	S 6323085 -6.68 29.79 0.00 0.00 TRACK
173.689	S 6323105 -6.68 29.79 0.00 0.00 TRACK
173.701	>>> V 0.00 0.00
173.728	>>> V 0.00 0.00
173.728	S 6323125 -6.68 29.79 0.00 0.00 TRACK
173.735	S 6323145 -6.68 29.79 0.00 0.00 TRACK
173.767	>>> V 0.00 0.00
173.768	S 6323165 -6.68 29.79 0.00 0.00 TRACK
173.779	S 6323185 -6.68 29.79 0.00 0.00 TRACK
173.814	>>> V 0.00 0.00
173.815	S 6323205 -6.68 29.79 0.00 0.00 TRACK
173.823	S 6323225 -6.68 29.79 0.00 0.00 TRACK
173.859	>>> V 0.00 0.00
173.877	S 6323245 -6.68 29.79 0.00 0.00 TRACK
173.886	S 6323265 -6.68 29.79 0.00 0.00 TRACK
173.892	S 6323285 -6.59 29.79 0.00 0.00 TRACK
173.910	>>> V 0.00 0.00
173.910	S 6323305 -6.68 29.79 0.00 0.00 TRACK
173.913	S 6323325 -6.68 29.79 0.00 0.00 TRACK
173.924	>>> V 0.00 0.00
173.932	S 6323345 -6.68 29.79 0.00 0.00 TRACK
173.945	>>> V 0.00 0.00
173.952	S 6323365 -6.68 29.79 0.00 0.00 TRACK
173.997	>>> V 0.00 0.00
174.006	S 6323385 -6.68 29.79 0.00 0.00 TRACK
174.012	S 6323405 -6.68 29.79 0.00 0.00 TRACK
174.055	>>> V 0.00 0.00
174.057	S 6323425 -6.68 29.79 0.00 0.00 TRACK
174.091	S 6323445 -6.68 29.79 0.00 0.00 TRACK
174.115	S 6323465 -6.68 29.79 0.00 0.00 TRACK
174.130	>>> V 0.00 0.00
174.131	S 6323485 -6.68 29.79 0.00 0.00 TRACK
174.137	S 6323505 -6.68 29.79 0.00 0.00 TRACK
174.149	S 6323525 -6.68 29.79 0.00 0.00 TRACK
174.153	S 6323545 -6.68 29.79 0.00 0.00 TRACK
174.160	>>> V 0.00 0.00
174.163	S 6323565 -6.68 29.79 0.00 0.00 TRACK
174.188	>>> V 0.00 0.00
174.188	S 6323585 -6.68 29.71 0.00 0.00 TRACK
174.192	S 6323605 -6.68 29.79 0.00 0.00 TRACK
174.199	>>> V 0.00 0.00
174.218	>>> V 0.00 0.00
174.218	S 6323625 -6.68 29.79 0.00 0.00 TRACK
174.239	>>> V 0.00 0.00
174.240	S 6323645 -6.68 29.79 0.00 0.00 TRACK
174.261	>>> V 0.00 0.00
174.261	S 6323665 -6.68 29.79 0.00 0.00 TRACK
174.278	>>> V 0.00 0.00
174.279	S 6323685 -6.68 29.79 0.00 0.00 TRACK
174.301	>>> V 0.00 0.00
174.301	S 6323705 -6.68 29.79 0.00 0.00 TRACK
174.318	>>> V 0.00 0.00
174.319	S 6323725 -6.68 29.79 0.00 0.00 TRACK
174.337	>>> V 0.00 0.00
174.338	S 6323745 -6.68 29.79 0.00 0.00 TRACK
174.358	>>> V 0.00 0.00
174.361	S 6323765 -6.68 29.79 0.00 0.00 TRACK
174.378	>>> V 0.00 0.00
174.379	S 6323785 -6.68 29.79 0.00 0.00 TRACK
174.399	>>> V 0.00 0.00
174.402	S 6323805 -6.68 29.79 0.00 0.00 TRACK
174.421	>>> V 0.00 0.00
174.423	S 6323825 -6.59 29.79 0.00 0.00 TRACK
174.439	>>> V 0.00 0.00
174.442	S 6323845 -6.68 29.79 0.00 0.00 TRACK
174.460	>>> V 0.00 0.00
174.460	S 6323865 -6.68 29.79 0.00 0.00 TRACK
174.485	>>> V 0.00 0.00
174.486	S 6323885 -6.68 29.79 0.00 0.00 TRACK
174.504	>>> V 0.00 0.00
174.509	S 6323905 -6.68 29.79 0.00 0.00 TRACK
174.522	>>> V 0.00 0.00
174.523	S 6323925 -6.68 29.79 0.00 0.00 TRACK
174.547	>>> V 0.00 0.00
174.550	S 6323945 -6.68 29.79 0.00 0.00 TRACK
174.550	S 6323965 -6.68 29.79 0.00 0.00 TRACK
174.567	>>> V 0.00 0.00
174.569	S 6323985 -6.68 29.79 0.00 0.00 TRACK
174.584	>>> V 0.00 0.00
174.608	>>> V 0.00 0.00
174.608	S 6324005 -6.68 29.79 0.00 0.00 TRACK
174.614	S 6324025 -6.68 29.79 0.00 0.00 TRACK
174.621	>>> V 0.00 0.00
174.645	>>> V 0.00 0.00
174.646	S 6324045 -6.68 29.79 0.00 0.00 TRACK
174.659	>>> V 0.00 0.00
174.660	S 6324065 -6.68 29.79 0.00 0.00 TRACK
174.686	>>> V 0.00 0.00
174.689	S 6324085 -6.68 29.79 0.00 0.00 TRACK
174.690	S 6324105 -6.68 29.79 0.00 0.00 TRACK
174.703	>>> V 0.00 0.00
174.727	>>> V 0.00 0.00
174.728	S 6324125 -6.68 29.79 0.00 0.00 TRACK
174.728	S 6324145 -6.68 29.79 0.00 0.00 TRACK
174.739	>>> V 0.00 0.00
174.758	>>> V 0.00 0.00
174.759	S 6324165 -6.68 29.79 0.00 0.00 TRACK
174.778	>>> V 0.00 0.00
174.779	S 6324185 -6.68 29.79 0.00 0.00 TRACK
174.801	>>> V 0.00 0.00
174.802	S 6324205 -6.68 29.79 0.00 0.00 TRACK
174.818	>>> V 0.00 0.00
174.820	S 6324225 -6.68 29.79 0.00 0.00 TRACK
174.841	>>> V 0.00 0.00
174.841	S 6324245 -6.68 29.79 0.00 0.00 TRACK
174.858	>>> V 0.00 0.00
174.862	S 6324265 -6.68 29.79 0.00 0.00 TRACK
174.878	>>> V 0.00 0.00
174.879	S 6324285 -6.68 29.79 0.00 0.00 TRACK
174.900	>>> V 0.00 0.00
174.900	S 6324305 -6.68 29.79 0.00 0.00 TRACK
174.918	>>> V 0.00 0.00
174.921	S 6324325 -6.68 29.79 0.00 0.00 TRACK
174.938	>>> V 0.00 0.00
174.939	S 6324345 -6.68 29.79 0.00 0.00 TRACK
174.959	>>> V 0.00 0.00
174.960	S 6324365 -6.68 29.79 0.00 0.00 TRACK
174.978	>>> V 0.00 0.00
174.981	S 6324385 -6.59 29.79 0.00 0.00 TRACK
174.999	>>> V 0.00 0.00
175.001	S 6324405 -6.68 29.79 0.00 0.00 TRACK
175.021	>>> V 0.00 0.00
175.022	S 6324425 -6.68 29.79 0.00 0.00 TRACK
175.038	>>> V 0.00 0.00
175.040	S 6324445 -6.68 29.79 0.00 0.00 TRACK
175.060	>>> V 0.00 0.00
175.060	S 6324465 -6.68 29.79 0.00 0.00 TRACK
175.086	>>> V 0.00 0.00
175.086	S 6324485 -6.68 29.79 0.00 0.00 TRACK
175.098	>>> V 0.00 0.00
175.099	S 6324505 -6.68 29.79 0.00 0.00 TRACK
175.118	>>> V 0.00 0.00
175.119	S 6324525 -6.68 29.79 0.00 0.00 TRACK
175.153	>>> V 0.00 0.00
175.161	S 6324545 -6.68 29.79 0.00 0.00 TRACK
175.171	S 6324565 -6.68 29.79 0.00 0.00 TRACK
175.213	>>> V 0.00 0.00
175.228	S 6324585 -6.68 29.79 0.00 0.00 TRACK
175.233	S 6324605 -6.68 29.79 0.00 0.00 TRACK
175.239	S 6324625 -6.68 29.79 0.00 0.00 TRACK
175.267	S 6324645 -6.68 29.79 0.00 0.00 TRACK
175.273	>>> V 0.00 0.00
175.273	S 6324665 -6.68 29.79 0.00 0.00 TRACK
175.278	S 6324685 -6.68 29.79 0.00 0.00 TRACK
175.286	>>> V 0.00 0.00
175.288	S 6324705 -6.68 29.79 0.00 0.00 TRACK
175.302	>>> V 0.00 0.00
175.333	>>> V 0.00 0.00
175.335	S 6324725 -6.68 29.79 0.00 0.00 TRACK
175.342	S 6324745 -6.68 29.79 0.00 0.00 TRACK
175.363	>>> V 0.00 0.00
175.363	S 6324765 -6.68 29.79 0.00 0.00 TRACK
175.385	>>> V 0.00 0.00
175.389	S 6324785 -6.68 29.79 0.00 0.00 TRACK
175.391	S 6324805 -6.68 29.79 0.00 0.00 TRACK
175.404	>>> V 0.00 0.00
175.430	>>> V 0.00 0.00
175.435	S 6324825 -6.68 29.79 0.00 0.00 TRACK
175.437	S 6324845 -6.68 29.79 0.00 0.00 TRACK
175.449	>>> V 0.00 0.00
175.459	S 6324865 -6.68 29.79 0.00 0.00 TRACK
175.491	>>> V 0.00 0.00
175.492	S 6324885 -6.68 29.79 0.00 0.00 TRACK
175.507	S 6324905 -6.68 29.79 0.00 0.00 TRACK
175.554	>>> V 0.00 0.00
175.554	S 6324925 -6.68 29.79 0.00 0.00 TRACK
175.557	S 6324945 -6.68 29.79 0.00 0.00 TRACK
175.559	S 6324965 -6.68 29.79 0.00 0.00 TRACK
175.572	>>> V 0.00 0.00
175.580	S 6324985 -6.68 29.79 0.00 0.00 TRACK
175.591	>>> V 0.00 0.00
175.592	S 6325005 -6.68 29.79 0.00 0.00 TRACK
175.599	>>> V 0.00 0.00
175.619	>>> V 0.00 0.00
175.620	S 6325025 -6.68 29.79 0.00 0.00 TRACK
175.638	>>> V 0.00 0.00
175.640	S 6325045 -6.68 29.79 0.00 0.00 TRACK
175.658	>>> V 0.00 0.00
175.659	S 6325065 -6.68 29.79 0.00 0.00 TRACK
175.678	>>> V 0.00 0.00
175.680	S 6325085 -6.68 29.79 0.00 0.00 TRACK
175.701	>>> V 0.00 0.00
175.704	S 6325105 -6.68 29.79 0.00 0.00 TRACK
175.721	>>> V 0.00 0.00
175.723	S 6325125 -6.68 29.79 0.00 0.00 TRACK
175.749	>>> V 0.00 0.00
175.750	S 6325145 -6.68 29.79 0.00 0.00 TRACK
175.761	S 6325165 -6.68 29.79 0.00 0.00 TRACK
175.776	>>> V 0.00 0.00
175.777	S 6325185 -6.68 29.79 0.00 0.00 TRACK
175.803	>>> V 0.00 0.00
175.806	S 6325205 -6.68 29.79 0.00 0.00 TRACK
175.832	>>> V 0.00 0.00
175.836	S 6325225 -6.68 29.79 0.00 0.00 TRACK
175.837	S 6325245 -6.68 29.79 0.00 0.00 TRACK
175.846	>>> V 0.00 0.00
175.859	>>> V 0.00 0.00
175.860	S 6325265 -6.68 29.79 0.00 0.00 TRACK
175.888	>>> V 0.00 0.00
175.894	S 6325285 -6.68 29.79 0.00 0.00 TRACK
175.900	S 6325305 -6.68 29.79 0.00 0.00 TRACK
175.923	>>> V 0.00 0.00
175.929	S 6325325 -6.68 29.79 0.00 0.00 TRACK
175.941	S 6325345 -6.68 29.79 0.00 0.00 TRACK
175.968	>>> V 0.00 0.00
175.973	S 6325365 -6.68 29.79 0.00 0.00 TRACK
175.980	S 6325385 -6.68 29.79 0.00 0.00 TRACK
175.987	>>> V 0.00 0.00
175.987	S 6325405 -6.68 29.79 0.00 0.00 TRACK
176.004	>>> V 0.00 0.00
176.023	>>> V 0.00 0.00
176.025	S 6325425 -6.68 29.79 0.00 0.00 TRACK
176.041	>>> V 0.00 0.00
176.042	S 6325445 -6.68 29.79 0.00 0.00 TRACK
176.060	>>> V 0.00 0.00
176.062	S 6325465 -6.68 29.79 0.00 0.00 TRACK
176.081	>>> V 0.00 0.00
176.081	S 6325485 -6.68 29.79 0.00 0.00 TRACK
176.100	>>> V 0.00 0.00
176.100	S 6325505 -6.68 29.79 0.00 0.00 TRACK
176.126	>>> V 0.00 0.00
176.129	S 6325525 -6.68 29.79 0.00 0.00 TRACK
176.130	S 6325545 -6.68 29.79 0.00 0.00 TRACK
176.138	>>> V 0.00 0.00
176.158	>>> V 0.00 0.00
176.182	S 6325565 -6.68 29.79 0.00 0.00 TRACK
176.183	S 6325585 -6.68 29.79 0.00 0.00 TRACK
176.194	>>> V 0.00 0.00
176.197	S 6325605 -6.68 29.79 0.00 0.00 TRACK
176.205	>>> V 0.00 0.00
176.222	>>> V 0.00 0.00
176.223	S 6325625 -6.68 29.79 0.00 0.00 TRACK
176.240	>>> V 0.00 0.00
176.243	S 6325645 -6.68 29.79 0.00 0.00 TRACK
176.261	>>> V 0.00 0.00
176.261	S 6325665 -6.68 29.79 0.00 0.00 TRACK
176.278	>>> V 0.00 0.00
176.278	S 6325685 -6.68 29.79 0.00 0.00 TRACK
176.299	>>> V 0.00 0.00
176.300	S 6325705 -6.68 29.79 0.00 0.00 TRACK
176.318	>>> V 0.00 0.00
176.331	S 6325725 -6.68 29.79 0.00 0.00 TRACK
176.331	S 6325745 -6.68 29.79 0.00 0.00 TRACK
176.344	>>> V 0.00 0.00
176.361	>>> V 0.00 0.00
176.364	S 6325765 -6.68 29.79 0.00 0.00 TRACK
176.378	>>> V 0.00 0.00
176.383	S 6325785 -6.68 29.79 0.00 0.00 TRACK
176.411	>>> V 0.00 0.00
176.411	S 6325805 -6.68 29.79 0.00 0.00 TRACK
176.416	S 6325825 -6.68 29.79 0.00 0.00 TRACK
176.419	>>> V 0.00 0.00
176.438	>>> V 0.00 0.00
176.439	S 6325845 -6.68 29.79 0.00 0.00 TRACK
176.459	>>> V 0.00 0.00
176.463	S 6325865 -6.68 29.79 0.00 0.00 TRACK
176.480	>>> V 0.00 0.00
176.482	S 6325885 -6.68 29.79 0.00 0.00 TRACK
176.503	>>> V 0.00 0.00
176.505	S 6325905 -6.68 29.79 0.00 0.00 TRACK
176.519	>>> V 0.00 0.00
176.519	S 6325925 -6.68 29.79 0.00 0.00 TRACK
176.538	>>> V 0.00 0.00
176.543	S 6325945 -6.68 29.79 0.00 0.00 TRACK
176.570	>>> V 0.00 0.00
176.580	S 6325965 -6.68 29.79 0.00 0.00 TRACK
176.585	S 6325985 -6.68 29.79 0.00 0.00 TRACK
176.618	>>> V 0.00 0.00
176.621	S 6326005 -6.68 29.79 0.00 0.00 TRACK
176.625	S 6326025 -6.68 29.79 0.00 0.00 TRACK
176.651	>>> V 0.00 0.00
176.663	S 6326045 -6.68 29.79 0.00 0.00 TRACK
176.664	S 6326065 -6.59 29.79 0.00 0.00 TRACK
176.686	>>> V 0.00 0.00
176.692	S 6326085 -6.68 29.79 0.00 0.00 TRACK
176.692	S 6326105 -6.68 29.79 0.00 0.00 TRACK
176.710	>>> V 0.00 0.00
176.712	S 6326125 -6.68 29.79 0.00 0.00 TRACK
176.739	>>> V 0.00 0.00
176.742	S 6326145 -6.77 29.79 0.00 0.00 TRACK
176.766	>>> V 0.00 0.00
176.768	S 6326165 -6.68 29.79 0.00 0.00 TRACK
176.795	>>> V 0.00 0.00
176.799	S 6326185 -6.68 29.79 0.00 0.00 TRACK
176.800	S 6326205 -6.68 29.79 0.00 0.00 TRACK
176.806	>>> V 0.00 0.00
176.812	S 6326225 -6.68 29.79 0.00 0.00 TRACK
176.818	>>> V 0.00 0.00
176.839	>>> V 0.00 0.00
176.841	S 6326245 -6.68 29.79 0.00 0.00 TRACK
176.858	>>> V 0.00 0.00
176.861	S 6326265 -6.68 29.79 0.00 0.00 TRACK
176.878	>>> V 0.00 0.00
176.878	S 6326285 -6.68 29.79 0.00 0.00 TRACK
176.904	>>> V 0.00 0.00
176.906	S 6326305 -6.68 29.79 0.00 0.00 TRACK
176.925	>>> V 0.00 0.00
176.930	S 6326325 -6.68 29.79 0.00 0.00 TRACK
176.931	S 6326345 -6.68 29.79 0.00 0.00 TRACK
176.939	>>> V 0.00 0.00
176.963	>>> V 0.00 0.00
176.966	S 6326365 -6.59 29.79 0.00 0.00 TRACK
176.979	>>> V 0.00 0.00
176.987	S 6326385 -6.68 29.79 0.00 0.00 TRACK
176.989	S 6326405 -6.68 29.79 0.00 0.00 TRACK
176.998	>>> V 0.00 0.00
177.025	>>> V 0.00 0.00
177.029	S 6326425 -6.68 29.79 0.00 0.00 TRACK
177.031	S 6326445 -6.68 29.79 0.00 0.00 TRACK
177.056	>>> V 0.00 0.00
177.059	S 6326465 -6.68 29.79 0.00 0.00 TRACK
177.084	>>> V 0.00 0.00
177.088	S 6326485 -6.59 29.79 0.00 0.00 TRACK
177.094	S 6326505 -6.68 29.79 0.00 0.00 TRACK
177.109	>>> V 0.00 0.00
177.110	S 6326525 -6.68 29.79 0.00 0.00 TRACK
177.119	>>> V 0.00 0.00
177.139	>>> V 0.00 0.00
177.142	S 6326545 -6.68 29.79 0.00 0.00 TRACK
177.157	>>> V 0.00 0.00
177.158	S 6326565 -6.68 29.79 0.00 0.00 TRACK
177.178	>>> V 0.00 0.00
177.180	S 6326585 -6.68 29.79 0.00 0.00 TRACK
177.198	>>> V 0.00 0.00
177.203	S 6326605 -6.68 29.79 0.00 0.00 TRACK
177.220	>>> V 0.00 0.00
177.225	S 6326625 -6.68 29.79 0.00 0.00 TRACK
177.248	>>> V 0.00 0.00
177.256	S 6326645 -6.68 29.79 0.00 0.00 TRACK
177.257	S 6326665 -6.68 29.79 0.00 0.00 TRACK
177.270	>>> V 0.00 0.00
177.271	S 6326685 -6.68 29.79 0.00 0.00 TRACK
177.282	>>> V 0.00 0.00
177.302	>>> V 0.00 0.00
177.303	S 6326705 -6.68 29.79 0.00 0.00 TRACK
177.319	>>> V 0.00 0.00
177.319	S 6326725 -6.68 29.79 0.00 0.00 TRACK
177.338	>>> V 0.00 0.00
177.341	S 6326745 -6.68 29.79 0.00 0.00 TRACK
177.358	>>> V 0.00 0.00
177.359	S 6326765 -6.68 29.79 0.00 0.00 TRACK
177.377	>>> V 0.00 0.00
177.380	S 6326785 -6.68 29.79 0.00 0.00 TRACK
177.397	>>> V 0.00 0.00
177.399	S 6326805 -6.68 29.79 0.00 0.00 TRACK
177.423	>>> V 0.00 0.00
177.429	S 6326825 -6.68 29.79 0.00 0.00 TRACK
177.435	S 6326845 -6.68 29.79 0.00 0.00 TRACK
177.438	>>> V 0.00 0.00
177.458	>>> V 0.00 0.00
177.459	S 6326865 -6.68 29.79 0.00 0.00 TRACK
177.488	>>> V 0.00 0.00
177.491	S 6326885 -6.68 29.79 0.00 0.00 TRACK
177.492	S 6326905 -6.68 29.79 0.00 0.00 TRACK
177.523	>>> V 0.00 0.00
177.524	S 6326925 -6.68 29.79 0.00 0.00 TRACK
177.538	>>> V 0.00 0.00
177.541	S 6326945 -6.68 29.79 0.00 0.00 TRACK
177.559	>>> V 0.00 0.00
177.560	S 6326965 -6.68 29.79 0.00 0.00 TRACK
177.580	>>> V 0.00 0.00
177.580	S 6326985 -6.68 29.79 0.00 0.00 TRACK
177.604	>>> V 0.00 0.00
177.641	S 6327005 -6.68 29.79 0.00 0.00 TRACK
177.676	>>> V 0.00 0.00
177.676	S 6327025 -6.68 29.79 0.00 0.00 TRACK
177.678	S 6327045 -6.68 29.79 0.00 0.00 TRACK
177.696	S 6327065 -6.68 29.79 0.00 0.00 TRACK
177.723	S 6327085 -6.68 29.79 0.00 0.00 TRACK
177.747	>>> V 0.00 0.00
177.749	S 6327105 -6.68 29.79 0.00 0.00 TRACK
177.754	S 6327125 -6.68 29.79 0.00 0.00 TRACK
177.767	S 6327145 -6.68 29.79 0.00 0.00 TRACK
177.773	S 6327165 -6.68 29.79 0.00 0.00 TRACK
177.805	>>> V 0.00 0.00
177.806	S 6327185 -6.68 29.79 0.00 0.00 TRACK
177.808	S 6327205 -6.68 29.79 0.00 0.00 TRACK
177.837	>>> V 0.00 0.00
177.841	S 6327225 -6.68 29.79 0.00 0.00 TRACK
177.852	S 6327245 -6.68 29.79 0.00 0.00 TRACK
177.877	>>> V 0.00 0.00
177.884	S 6327265 -6.68 29.79 0.00 0.00 TRACK
177.886	S 6327285 -6.68 29.79 0.00 0.00 TRACK
177.902	>>> V 0.00 0.00
177.904	S 6327305 -6.68 29.79 0.00 0.00 TRACK
177.919	>>> V 0.00 0.00
177.920	S 6327325 -6.68 29.79 0.00 0.00 TRACK
177.938	>>> V 0.00 0.00
177.939	S 6327345 -6.68 29.79 0.00 0.00 TRACK
177.964	>>> V 0.00 0.00
177.965	S 6327365 -6.68 29.79 0.00 0.00 TRACK
177.985	>>> V 0.00 0.00
177.986	S 6327385 -6.68 29.79 0.00 0.00 TRACK
178.003	>>> V 0.00 0.00
178.004	S 6327405 -6.68 29.79 0.00 0.00 TRACK
178.028	>>> V 0.00 0.00
178.029	S 6327425 -6.68 29.79 0.00 0.00 TRACK
178.034	S 6327445 -6.68 29.79 0.00 0.00 TRACK
178.068	>>> V 0.00 0.00
178.069	S 6327465 -6.68 29.79 0.00 0.00 TRACK
178.083	>>> V 0.00 0.00
178.086	S 6327485 -6.68 29.79 0.00 0.00 TRACK
178.111	>>> V 0.00 0.00
178.117	S 6327505 -6.68 29.79 0.00 0.00 TRACK
178.127	S 6327525 -6.68 29.79 0.00 0.00 TRACK
178.136	>>> V 0.00 0.00
178.138	S 6327545 -6.68 29.79 0.00 0.00 TRACK
178.162	>>> V 0.00 0.00
178.168	S 6327565 -6.68 29.79 0.00 0.00 TRACK
178.176	S 6327585 -6.68 29.79 0.00 0.00 TRACK
178.220	>>> V 0.00 0.00
178.221	S 6327605 -6.68 29.79 0.00 0.00 TRACK
178.225	S 6327625 -6.68 29.79 0.00 0.00 TRACK
178.235	>>> V 0.00 0.00
178.238	S 6327645 -6.68 29.79 0.00 0.00 TRACK
178.244	>>> V 0.00 0.00
178.258	>>> V 0.00 0.00
178.259	S 6327665 -6.68 29.79 0.00 0.00 TRACK
178.283	>>> V 0.00 0.00
178.285	S 6327685 -6.68 29.79 0.00 0.00 TRACK
178.298	>>> V 0.00 0.00
178.306	S 6327705 -6.68 29.79 0.00 0.00 TRACK
178.321	>>> V 0.00 0.00
178.324	S 6327725 -6.68 29.79 0.00 0.00 TRACK
178.348	>>> V 0.00 0.00
178.350	S 6327745 -6.68 29.79 0.00 0.00 TRACK
178.352	S 6327765 -6.68 29.79 0.00 0.00 TRACK
178.365	>>> V 0.00 0.00
178.375	S 6327785 -6.68 29.79 0.00 0.00 TRACK
178.384	>>> V 0.00 0.00
178.399	>>> V 0.00 0.00
178.403	S 6327805 -6.68 29.79 0.00 0.00 TRACK
178.432	>>> V 0.00 0.00
178.440	S 6327825 -6.68 29.79 0.00 0.00 TRACK
178.452	S 6327845 -6.68 29.79 0.00 0.00 TRACK
178.462	>>> V 0.00 0.00
178.466	S 6327865 -6.68 29.79 0.00 0.00 TRACK
178.483	>>> V 0.00 0.00
178.484	S 6327885 -6.68 29.79 0.00 0.00 TRACK
178.507	>>> V 0.00 0.00
178.508	S 6327905 -6.68 29.79 0.00 0.00 TRACK
178.509	S 6327925 -6.68 29.79 0.00 0.00 TRACK
178.518	>>> V 0.00 0.00
178.542	>>> V 0.00 0.00
178.543	S 6327945 -6.68 29.79 0.00 0.00 TRACK
178.561	>>> V 0.00 0.00
178.562	S 6327965 -6.68 29.79 0.00 0.00 TRACK
178.579	>>> V 0.00 0.00
178.587	S 6327985 -6.68 29.79 0.00 0.00 TRACK
178.601	>>> V 0.00 0.00
178.604	S 6328005 -6.68 29.79 0.00 0.00 TRACK
178.620	>>> V 0.00 0.00
178.621	S 6328025 -6.68 29.79 0.00 0.00 TRACK
178.641	>>> V 0.00 0.00
178.642	S 6328045 -6.68 29.79 0.00 0.00 TRACK
178.658	>>> V 0.00 0.00
178.658	S 6328065 -6.68 29.79 0.00 0.00 TRACK
178.684	>>> V 0.00 0.00
178.686	S 6328085 -6.68 29.79 0.00 0.00 TRACK
178.702	>>> V 0.00 0.00
178.702	S 6328105 -6.68 29.79 0.00 0.00 TRACK
178.728	>>> V 0.00 0.00
178.729	S 6328125 -6.68 29.79 0.00 0.00 TRACK
178.731	S 6328145 -6.68 29.79 0.00 0.00 TRACK
178.755	>>> V 0.00 0.00
178.757	S 6328165 -6.68 29.79 0.00 0.00 TRACK
178.774	>>> V 0.00 0.00
178.778	S 6328185 -6.68 29.79 0.00 0.00 TRACK
178.806	>>> V 0.00 0.00
178.808	S 6328205 -6.68 29.79 0.00 0.00 TRACK
178.815	S 6328225 -6.68 29.79 0.00 0.00 TRACK
178.831	>>> V 0.00 0.00
178.832	S 6328246 -6.68 29.79 0.00 0.00 TRACK
178.859	>>> V 0.00 0.00
178.862	S 6328266 -6.68 29.79 0.00 0.00 TRACK
178.883	>>> V 0.00 0.00
178.887	S 6328286 -6.68 29.79 0.00 0.00 TRACK
178.903	>>> V 0.00 0.00
178.905	S 6328306 -6.68 29.79 0.00 0.00 TRACK
178.918	>>> V 0.00 0.00
178.926	S 6328326 -6.68 29.79 0.00 0.00 TRACK
178.940	>>> V 0.00 0.00
178.947	S 6328346 -6.68 29.79 0.00 0.00 TRACK
178.962	>>> V 0.00 0.00
178.963	S 6328366 -6.68 29.79 0.00 0.00 TRACK
178.978	>>> V 0.00 0.00
178.978	S 6328386 -6.68 29.79 0.00 0.00 TRACK
178.998	>>> V 0.00 0.00
178.999	S 6328406 -6.68 29.79 0.00 0.00 TRACK
179.019	>>> V 0.00 0.00
179.020	S 6328426 -6.68 29.79 0.00 0.00 TRACK
179.038	>>> V 0.00 0.00
179.039	S 6328446 -6.68 29.79 0.00 0.00 TRACK
179.071	>>> V 0.00 0.00
179.074	S 6328466 -6.68 29.79 0.00 0.00 TRACK
179.082	S 6328486 -6.68 29.79 0.00 0.00 TRACK
179.111	>>> V 0.00 0.00
179.117	S 6328506 -6.68 29.79 0.00 0.00 TRACK
179.121	S 6328526 -6.68 29.79 0.00 0.00 TRACK
179.139	>>> V 0.00 0.00
179.141	S 6328546 -6.68 29.79 0.00 0.00 TRACK
179.164	>>> V 0.00 0.00
179.167	S 6328566 -6.68 29.79 0.00 0.00 TRACK
179.184	>>> V 0.00 0.00
179.186	S 6328586 -6.68 29.79 0.00 0.00 TRACK
179.199	>>> V 0.00 0.00
179.199	S 6328606 -6.68 29.79 0.00 0.00 TRACK
179.218	>>> V 0.00 0.00
179.219	S 6328626 -6.68 29.79 0.00 0.00 TRACK
179.246	>>> V 0.00 0.00
179.248	S 6328646 -6.68 29.79 0.00 0.00 TRACK
179.269	>>> V 0.00 0.00
179.277	S 6328666 -6.68 29.79 0.00 0.00 TRACK
179.278	S 6328686 -6.68 29.79 0.00 0.00 TRACK
179.287	>>> V 0.00 0.00
179.290	S 6328706 -6.68 29.79 0.00 0.00 TRACK
179.298	>>> V 0.00 0.00
179.325	>>> V 0.00 0.00
179.328	S 6328726 -6.68 29.79 0.00 0.00 TRACK
179.342	>>> V 0.00 0.00
179.343	S 6328746 -6.68 29.79 0.00 0.00 TRACK
179.358	>>> V 0.00 0.00
179.368	S 6328766 -6.68 29.79 0.00 0.00 TRACK
179.387	>>> V 0.00 0.00
179.388	S 6328786 -6.68 29.79 0.00 0.00 TRACK
179.389	S 6328806 -6.68 29.79 0.00 0.00 TRACK
179.409	>>> V 0.00 0.00
179.410	S 6328826 -6.68 29.79 0.00 0.00 TRACK
179.422	>>> V 0.00 0.00
179.440	>>> V 0.00 0.00
179.442	S 6328846 -6.68 29.79 0.00 0.00 TRACK
179.460	>>> V 0.00 0.00
179.464	S 6328866 -6.68 29.79 0.00 0.00 TRACK
179.481	>>> V 0.00 0.00
179.484	S 6328886 -6.68 29.79 0.00 0.00 TRACK
179.515	>>> V 0.00 0.00
179.523	S 6328906 -6.68 29.79 0.00 0.00 TRACK
179.524	S 6328926 -6.68 29.79 0.00 0.00 TRACK
179.540	>>> V 0.00 0.00
179.543	S 6328946 -6.68 29.79 0.00 0.00 TRACK
179.564	>>> V 0.00 0.00
179.570	S 6328966 -6.68 29.79 0.00 0.00 TRACK
179.571	S 6328986 -6.68 29.71 0.00 0.00 TRACK
179.580	>>> V 0.00 0.00
179.599	>>> V 0.00 0.00
179.610	S 6329006 -6.68 29.79 0.00 0.00 TRACK
179.612	S 6329026 -6.68 29.79 0.00 0.00 TRACK
179.630	>>> V 0.00 0.00
179.630	S 6329046 -6.68 29.79 0.00 0.00 TRACK
179.645	>>> V 0.00 0.00
179.648	S 6329066 -6.68 29.79 0.00 0.00 TRACK
179.665	>>> V 0.00 0.00
179.670	S 6329086 -6.68 29.79 0.00 0.00 TRACK
179.682	>>> V 0.00 0.00
179.701	>>> V 0.00 0.00
179.702	S 6329106 -6.68 29.79 0.00 0.00 TRACK
179.720	>>> V 0.00 0.00
179.721	S 6329126 -6.68 29.79 0.00 0.00 TRACK
179.740	>>> V 0.00 0.00
179.741	S 6329146 -6.68 29.79 0.00 0.00 TRACK
179.758	>>> V 0.00 0.00
179.761	S 6329166 -6.68 29.79 0.00 0.00 TRACK
179.778	>>> V 0.00 0.00
179.779	S 6329186 -6.68 29.79 0.00 0.00 TRACK
179.797	>>> V 0.00 0.00
179.801	S 6329206 -6.68 29.79 0.00 0.00 TRACK
179.822	>>> V 0.00 0.00
179.826	S 6329226 -6.68 29.79 0.00 0.00 TRACK
179.842	>>> V 0.00 0.00
179.843	S 6329246 -6.68 29.79 0.00 0.00 TRACK
179.861	>>> V 0.00 0.00
179.861	S 6329266 -6.68 29.79 0.00 0.00 TRACK
179.885	>>> V 0.00 0.00
179.893	S 6329286 -6.59 29.79 0.00 0.00 TRACK
179.911	S 6329306 -6.68 29.79 0.00 0.00 TRACK
179.937	>>> V 0.00 0.00
179.938	S 6329326 -6.68 29.79 0.00 0.00 TRACK
179.947	S 6329346 -6.68 29.79 0.00 0.00 TRACK
179.972	>>> V 0.00 0.00
179.975	S 6329366 -6.68 29.79 0.00 0.00 TRACK
179.985	S 6329386 -6.68 29.79 0.00 0.00 TRACK
180.011	>>> V 0.00 0.00
180.014	S 6329406 -6.68 29.79 0.00 0.00 TRACK
180.025	S 6329426 -6.68 29.79 0.00 0.00 TRACK
180.045	>>> V 0.00 0.00
180.046	S 6329446 -6.68 29.79 0.00 0.00 TRACK
180.067	>>> V 0.00 0.00
180.068	S 6329466 -6.68 29.79 0.00 0.00 TRACK
180.069	S 6329486 -6.68 29.79 0.00 0.00 TRACK
180.086	>>> V 0.00 0.00
180.088	S 6329506 -6.68 29.79 0.00 0.00 TRACK
180.107	>>> V 0.00 0.00
180.109	S 6329526 -6.68 29.79 0.00 0.00 TRACK
180.122	>>> V 0.00 0.00
180.147	>>> V 0.00 0.00
180.147	S 6329546 -6.68 29.79 0.00 0.00 TRACK
180.167	>>> V 0.00 0.00
180.167	S 6329566 -6.68 29.79 0.00 0.00 TRACK
180.178	>>> V 0.00 0.00
180.182	S 6329586 -6.68 29.79 0.00 0.00 TRACK
180.211	>>> V 0.00 0.00
180.214	S 6329606 -6.68 29.79 0.00 0.00 TRACK
180.216	S 6329626 -6.68 29.79 0.00 0.00 TRACK
180.221	>>> V 0.00 0.00
180.248	>>> V 0.00 0.00
180.249	S 6329646 -6.68 29.79 0.00 0.00 TRACK
180.259	S 6329666 -6.68 29.79 0.00 0.00 TRACK
180.261	>>> V 0.00 0.00
180.272	S 6329686 -6.68 29.79 0.00 0.00 TRACK
180.294	>>> V 0.00 0.00
180.296	S 6329706 -6.68 29.79 0.00 0.00 TRACK
180.305	>>> V 0.00 0.00
180.310	S 6329726 -6.68 29.79 0.00 0.00 TRACK
180.323	>>> V 0.00 0.00
180.342	>>> V 0.00 0.00
180.343	S 6329746 -6.68 29.79 0.00 0.00 TRACK
180.359	>>> V 0.00 0.00
180.360	S 6329766 -6.68 29.79 0.00 0.00 TRACK
180.382	>>> V 0.00 0.00
180.382	S 6329786 -6.68 29.79 0.00 0.00 TRACK
180.401	>>> V 0.00 0.00
180.402	S 6329806 -6.68 29.79 0.00 0.00 TRACK
180.418	>>> V 0.00 0.00
180.421	S 6329826 -6.68 29.79 0.00 0.00 TRACK
180.439	>>> V 0.00 0.00
180.441	S 6329846 -6.68 29.79 0.00 0.00 TRACK
180.461	>>> V 0.00 0.00
180.461	S 6329866 -6.68 29.79 0.00 0.00 TRACK
180.480	>>> V 0.00 0.00
180.481	S 6329886 -6.68 29.79 0.00 0.00 TRACK
180.498	>>> V 0.00 0.00
180.500	S 6329906 -6.68 29.79 0.00 0.00 TRACK
180.528	>>> V 0.00 0.00
180.528	S 6329926 -6.68 29.79 0.00 0.00 TRACK
180.529	S 6329946 -6.68 29.79 0.00 0.00 TRACK
180.541	>>> V 0.00 0.00
180.566	>>> V 0.00 0.00
180.569	S 6329966 -6.68 29.79 0.00 0.00 TRACK
180.575	S 6329986 -6.68 29.79 0.00 0.00 TRACK
180.589	>>> V 0.00 0.00
180.592	S 6330006 -6.68 29.79 0.00 0.00 TRACK
180.616	>>> V 0.00 0.00
180.619	S 6330026 -6.68 29.79 0.00 0.00 TRACK
180.624	>>> V 0.00 0.00
180.641	>>> V 0.00 0.00
180.643	S 6330046 -6.68 29.79 0.00 0.00 TRACK
180.663	>>> V 0.00 0.00
180.664	S 6330066 -6.68 29.79 0.00 0.00 TRACK
180.680	>>> V 0.00 0.00
180.680	S 6330086 -6.68 29.79 0.00 0.00 TRACK
180.709	>>> V 0.00 0.00
180.709	S 6330106 -6.68 29.79 0.00 0.00 TRACK
180.722	S 6330126 -6.68 29.79 0.00 0.00 TRACK
180.743	>>> V 0.00 0.00
180.744	S 6330146 -6.68 29.79 0.00 0.00 TRACK
180.759	>>> V 0.00 0.00
180.764	S 6330166 -6.68 29.79 0.00 0.00 TRACK
180.779	>>> V 0.00 0.00
180.785	S 6330186 -6.68 29.79 0.00 0.00 TRACK
180.799	>>> V 0.00 0.00
180.802	S 6330206 -6.68 29.79 0.00 0.00 TRACK
180.817	>>> V 0.00 0.00
180.818	S 6330226 -6.68 29.79 0.00 0.00 TRACK
180.837	>>> V 0.00 0.00
180.839	S 6330246 -6.68 29.79 0.00 0.00 TRACK
180.859	>>> V 0.00 0.00
180.863	S 6330266 -6.59 29.79 0.00 0.00 TRACK
180.883	>>> V 0.00 0.00
180.886	S 6330286 -6.68 29.79 0.00 0.00 TRACK
180.899	>>> V 0.00 0.00
180.899	S 6330306 -6.68 29.79 0.00 0.00 TRACK
180.922	>>> V 0.00 0.00
180.923	S 6330326 -6.68 29.79 0.00 0.00 TRACK
180.937	>>> V 0.00 0.00
180.938	S 6330346 -6.68 29.79 0.00 0.00 TRACK
180.958	>>> V 0.00 0.00
180.959	S 6330366 -6.68 29.79 0.00 0.00 TRACK
180.989	>>> V 0.00 0.00
180.991	S 6330386 -6.68 29.79 0.00 0.00 TRACK
180.999	S 6330406 -6.68 29.79 0.00 0.00 TRACK
181.016	>>> V 0.00 0.00
181.017	S 6330426 -6.68 29.79 0.00 0.00 TRACK
181.032	>>> V 0.00 0.00
181.033	S 6330446 -6.68 29.79 0.00 0.00 TRACK
181.039	>>> V 0.00 0.00
181.063	>>> V 0.00 0.00
181.064	S 6330466 -6.68 29.79 0.00 0.00 TRACK
181.116	>>> V 0.00 0.00
181.130	S 6330486 -6.68 29.79 0.00 0.00 TRACK
181.134	S 6330506 -6.68 29.79 0.00 0.00 TRACK
181.135	S 6330526 -6.68 29.79 0.00 0.00 TRACK
181.135	S 6330546 -6.68 29.79 0.00 0.00 TRACK
181.144	>>> V 0.00 0.00
181.158	>>> V 0.00 0.00
181.159	S 6330566 -6.68 29.79 0.00 0.00 TRACK
181.180	>>> V 0.00 0.00
181.181	S 6330586 -6.68 29.79 0.00 0.00 TRACK
181.205	>>> V 0.00 0.00
181.207	S 6330606 -6.68 29.79 0.00 0.00 TRACK
181.220	>>> V 0.00 0.00
181.220	S 6330626 -6.68 29.79 0.00 0.00 TRACK
181.242	>>> V 0.00 0.00
181.247	S 6330646 -6.68 29.79 0.00 0.00 TRACK
181.268	>>> V 0.00 0.00
181.271	S 6330666 -6.68 29.79 0.00 0.00 TRACK
181.277	S 6330686 -6.68 29.79 0.00 0.00 TRACK
181.283	>>> V 0.00 0.00
181.328	>>> V 0.00 0.00
181.336	S 6330706 -6.68 29.79 0.00 0.00 TRACK
181.343	S 6330726 -6.68 29.79 0.00 0.00 TRACK
181.384	S 6330746 -6.68 29.79 0.00 0.00 TRACK
181.423	>>> V 0.00 0.00
181.428	S 6330766 -6.68 29.79 0.00 0.00 TRACK
181.439	S 6330786 -6.68 29.79 0.00 0.00 TRACK
181.440	S 6330806 -6.68 29.79 0.00 0.00 TRACK
181.472	S 6330826 -6.68 29.79 0.00 0.00 TRACK
181.496	S 6330846 -6.68 29.79 0.00 0.00 TRACK
181.571	>>> V 0.00 0.00
181.575	S 6330866 -6.68 29.79 0.00 0.00 TRACK
181.582	S 6330886 -6.68 29.79 0.00 0.00 TRACK
181.589	S 6330906 -6.68 29.79 0.00 0.00 TRACK
181.590	S 6330926 -6.68 29.79 0.00 0.00 TRACK
181.591	S 6330946 -6.68 29.79 0.00 0.00 TRACK
181.591	S 6330966 -6.68 29.79 0.00 0.00 TRACK
181.597	S 6330986 -6.68 29.79 0.00 0.00 TRACK
181.608	>>> V 0.00 0.00
181.609	S 6331006 -6.68 29.79 0.00 0.00 TRACK
181.610	S 6331026 -6.68 29.79 0.00 0.00 TRACK
181.617	>>> V 0.00 0.00
181.638	>>> V 0.00 0.00
181.644	S 6331046 -6.68 29.79 0.00 0.00 TRACK
181.658	>>> V 0.00 0.00
181.659	S 6331066 -6.68 29.79 0.00 0.00 TRACK
181.678	>>> V 0.00 0.00
181.679	S 6331086 -6.68 29.79 0.00 0.00 TRACK
181.697	>>> V 0.00 0.00
181.698	S 6331106 -6.68 29.79 0.00 0.00 TRACK
181.722	>>> V 0.00 0.00
181.723	S 6331126 -6.68 29.79 0.00 0.00 TRACK
181.738	>>> V 0.00 0.00
181.739	S 6331146 -6.68 29.79 0.00 0.00 TRACK
181.759	>>> V 0.00 0.00
181.760	S 6331166 -6.68 29.79 0.00 0.00 TRACK
181.781	>>> V 0.00 0.00
181.784	S 6331186 -6.68 29.79 0.00 0.00 TRACK
181.799	>>> V 0.00 0.00
181.801	S 6331206 -6.68 29.79 0.00 0.00 TRACK
181.820	>>> V 0.00 0.00
181.821	S 6331226 -6.68 29.79 0.00 0.00 TRACK
181.842	>>> V 0.00 0.00
181.844	S 6331246 -6.68 29.79 0.00 0.00 TRACK
181.859	>>> V 0.00 0.00
181.860	S 6331266 -6.68 29.79 0.00 0.00 TRACK
181.880	>>> V 0.00 0.00
181.881	S 6331286 -6.68 29.79 0.00 0.00 TRACK
181.904	>>> V 0.00 0.00
181.911	S 6331306 -6.68 29.79 0.00 0.00 TRACK
181.916	S 6331326 -6.68 29.79 0.00 0.00 TRACK
181.942	>>> V 0.00 0.00
181.943	S 6331346 -6.68 29.79 0.00 0.00 TRACK
181.959	>>> V 0.00 0.00
181.959	S 6331366 -6.68 29.79 0.00 0.00 TRACK
181.988	>>> V 0.00 0.00
181.995	S 6331386 -6.68 29.79 0.00 0.00 TRACK
181.999	S 6331406 -6.68 29.79 0.00 0.00 TRACK
182.008	>>> V 0.00 0.00
182.009	S 6331426 -6.68 29.79 0.00 0.00 TRACK
182.026	>>> V 0.00 0.00
182.055	>>> V 0.00 0.00
182.055	S 6331446 -6.68 29.79 0.00 0.00 TRACK
182.057	S 6331466 -6.68 29.79 0.00 0.00 TRACK
182.064	>>> V 0.00 0.00
182.070	S 6331486 -6.68 29.79 0.00 0.00 TRACK
182.093	>>> V 0.00 0.00
182.097	S 6331506 -6.68 29.79 0.00 0.00 TRACK
182.111	>>> V 0.00 0.00
182.111	S 6331526 -6.68 29.79 0.00 0.00 TRACK
182.134	>>> V 0.00 0.00
182.135	S 6331546 -6.68 29.79 0.00 0.00 TRACK
182.158	>>> V 0.00 0.00
182.158	S 6331566 -6.68 29.79 0.00 0.00 TRACK
182.179	>>> V 0.00 0.00
182.180	S 6331586 -6.68 29.79 0.00 0.00 TRACK
182.227	>>> V 0.00 0.00
182.233	S 6331606 -6.68 29.79 0.00 0.00 TRACK
182.237	S 6331626 -6.68 29.79 0.00 0.00 TRACK
182.248	S 6331646 -6.68 29.79 0.00 0.00 TRACK
182.277	>>> V 0.00 0.00
182.297	S 6331666 -6.68 29.79 0.00 0.00 TRACK
182.307	S 6331686 -6.68 29.79 0.00 0.00 TRACK
182.310	>>> V 0.00 0.00
182.311	S 6331706 -6.68 29.79 0.00 0.00 TRACK
182.312	S 6331726 -6.68 29.79 0.00 0.00 TRACK
182.319	>>> V 0.00 0.00
182.341	>>> V 0.00 0.00
182.342	S 6331746 -6.68 29.79 0.00 0.00 TRACK
182.358	>>> V 0.00 0.00
182.359	S 6331766 -6.68 29.79 0.00 0.00 TRACK
182.382	>>> V 0.00 0.00
182.382	S 6331786 -6.68 29.79 0.00 0.00 TRACK
182.402	>>> V 0.00 0.00
182.402	S 6331806 -6.68 29.79 0.00 0.00 TRACK
182.420	>>> V 0.00 0.00
182.421	S 6331826 -6.68 29.79 0.00 0.00 TRACK
182.452	>>> V 0.00 0.00
182.462	S 6331846 -6.68 29.79 0.00 0.00 TRACK
182.463	S 6331866 -6.59 29.79 0.00 0.00 TRACK
182.484	>>> V 0.00 0.00
182.484	S 6331886 -6.68 29.79 0.00 0.00 TRACK
185.138	>>> V 0.00 0.00
185.138	S 6331906 -6.68 29.79 0.00 0.00 TRACK
185.139	S 6331926 -6.68 29.79 0.00 0.00 TRACK
185.140	S 6331946 -6.68 29.79 0.00 0.00 TRACK
185.141	S 6331966 -6.68 29.79 0.00 0.00 TRACK
185.143	S 6331986 -6.68 29.79 0.00 0.00 TRACK
185.147	S 6332006 -6.68 29.79 0.00 0.00 TRACK
185.149	S 6332026 -6.68 29.79 0.00 0.00 TRACK
185.151	S 6332046 -6.68 29.79 0.00 0.00 TRACK
185.153	S 6332066 -6.68 29.79 0.00 0.00 TRACK
185.156	S 6332086 -6.68 29.79 0.00 0.00 TRACK
185.158	S 6332106 -6.68 29.79 0.00 0.00 TRACK
185.162	S 6332126 -6.68 29.79 0.00 0.00 TRACK
185.163	S 6332146 -6.68 29.79 0.00 0.00 TRACK
185.167	S 6332166 -6.68 29.79 0.00 0.00 TRACK
185.173	S 6332186 -6.68 29.79 0.00 0.00 TRACK
185.176	S 6332206 -6.68 29.79 0.00 0.00 TRACK
185.178	E 1 command timeout; stop
185.184	S 6332226 -6.68 29.79 0.00 0.00 HOLD
185.189	S 6332246 -6.68 29.79 0.00 0.00 HOLD
185.191	S 6332266 -6.68 29.79 0.00 0.00 HOLD
185.192	S 6332286 -6.68 29.79 0.00 0.00 HOLD
185.193	S 6332306 -6.68 29.79 0.00 0.00 HOLD
185.194	S 6332326 -6.68 29.79 0.00 0.00 HOLD
185.195	S 6332346 -6.68 29.79 0.00 0.00 HOLD
185.195	S 6332366 -6.68 29.79 0.00 0.00 HOLD
185.196	S 6332386 -6.68 29.79 0.00 0.00 HOLD
185.197	S 6332406 -6.68 29.79 0.00 0.00 HOLD
185.199	S 6332426 -6.68 29.79 0.00 0.00 HOLD
185.200	S 6332446 -6.68 29.79 0.00 0.00 HOLD
185.200	S 6332466 -6.68 29.79 0.00 0.00 HOLD
185.201	S 6332486 -6.68 29.79 0.00 0.00 HOLD
185.202	S 6332506 -6.68 29.79 0.00 0.00 HOLD
185.204	S 6332526 -6.68 29.79 0.00 0.00 HOLD
185.206	S 6332546 -6.68 29.79 0.00 0.00 HOLD
185.207	S 6332566 -6.68 29.79 0.00 0.00 HOLD
185.208	S 6332586 -6.68 29.79 0.00 0.00 HOLD
185.209	S 6332606 -6.68 29.79 0.00 0.00 HOLD
185.210	S 6332626 -6.68 29.79 0.00 0.00 HOLD
185.210	S 6332646 -6.68 29.79 0.00 0.00 HOLD
185.211	S 6332666 -6.68 29.79 0.00 0.00 HOLD
185.212	S 6332686 -6.68 29.79 0.00 0.00 HOLD
185.213	S 6332706 -6.68 29.79 0.00 0.00 HOLD
185.214	S 6332726 -6.68 29.79 0.00 0.00 HOLD
185.215	S 6332746 -6.68 29.79 0.00 0.00 HOLD
185.215	S 6332766 -6.68 29.79 0.00 0.00 HOLD
185.217	S 6332786 -6.68 29.79 0.00 0.00 HOLD
185.218	S 6332806 -6.68 29.79 0.00 0.00 HOLD
185.219	S 6332826 -6.68 29.79 0.00 0.00 HOLD
185.219	S 6332846 -6.68 29.79 0.00 0.00 HOLD
185.220	S 6332866 -6.68 29.79 0.00 0.00 HOLD
185.221	S 6332886 -6.68 29.79 0.00 0.00 HOLD
185.222	S 6332906 -6.68 29.79 0.00 0.00 HOLD
185.223	S 6332926 -6.68 29.79 0.00 0.00 HOLD
185.224	S 6332946 -6.68 29.79 0.00 0.00 HOLD
185.225	S 6332966 -6.68 29.79 0.00 0.00 HOLD
185.226	S 6332986 -6.68 29.79 0.00 0.00 HOLD
185.227	S 6333006 -6.68 29.79 0.00 0.00 HOLD
185.227	S 6333026 -6.68 29.79 0.00 0.00 HOLD
185.229	S 6333046 -6.68 29.79 0.00 0.00 HOLD
185.230	S 6333066 -6.68 29.79 0.00 0.00 HOLD
185.231	S 6333086 -6.68 29.79 0.00 0.00 HOLD
185.231	S 6333106 -6.68 29.79 0.00 0.00 HOLD
185.232	S 6333126 -6.68 29.79 0.00 0.00 HOLD
185.233	S 6333146 -6.68 29.79 0.00 0.00 HOLD
185.234	S 6333166 -6.68 29.79 0.00 0.00 HOLD
185.236	S 6333186 -6.68 29.79 0.00 0.00 HOLD
185.237	S 6333206 -6.68 29.79 0.00 0.00 HOLD
185.238	S 6333226 -6.68 29.79 0.00 0.00 HOLD
185.239	S 6333246 -6.68 29.79 0.00 0.00 HOLD
185.240	S 6333266 -6.68 29.79 0.00 0.00 HOLD
185.240	S 6333286 -6.68 29.79 0.00 0.00 HOLD
185.241	S 6333306 -6.68 29.79 0.00 0.00 HOLD
185.242	S 6333326 -6.68 29.79 0.00 0.00 HOLD
185.243	S 6333346 -6.68 29.79 0.00 0.00 HOLD
185.244	S 6333366 -6.68 29.79 0.00 0.00 HOLD
185.245	S 6333386 -6.68 29.79 0.00 0.00 HOLD
185.246	S 6333406 -6.68 29.79 0.00 0.00 HOLD
185.247	S 6333426 -6.68 29.79 0.00 0.00 HOLD
185.249	S 6333446 -6.68 29.79 0.00 0.00 HOLD
185.250	S 6333466 -6.68 29.79 0.00 0.00 HOLD
185.252	S 6333486 -6.68 29.79 0.00 0.00 HOLD
185.252	S 6333506 -6.68 29.79 0.00 0.00 HOLD
185.253	S 6333526 -6.68 29.79 0.00 0.00 HOLD
185.255	S 6333546 -6.68 29.79 0.00 0.00 HOLD
185.256	S 6333566 -6.68 29.79 0.00 0.00 HOLD
185.257	S 6333586 -6.68 29.79 0.00 0.00 HOLD
185.259	S 6333606 -6.68 29.79 0.00 0.00 HOLD
185.260	S 6333626 -6.68 29.79 0.00 0.00 HOLD
185.261	S 6333646 -6.68 29.79 0.00 0.00 HOLD
185.263	S 6333666 -6.68 29.79 0.00 0.00 HOLD
185.265	S 6333686 -6.68 29.79 0.00 0.00 HOLD
185.266	S 6333706 -6.68 29.79 0.00 0.00 HOLD
185.267	S 6333726 -6.68 29.79 0.00 0.00 HOLD
185.268	S 6333746 -6.68 29.79 0.00 0.00 HOLD
185.270	S 6333766 -6.68 29.79 0.00 0.00 HOLD
185.271	S 6333786 -6.68 29.79 0.00 0.00 HOLD
185.272	S 6333806 -6.68 29.79 0.00 0.00 HOLD
185.273	S 6333826 -6.68 29.79 0.00 0.00 HOLD
185.274	S 6333846 -6.68 29.79 0.00 0.00 HOLD
185.275	S 6333866 -6.68 29.79 0.00 0.00 HOLD
185.277	S 6333886 -6.68 29.79 0.00 0.00 HOLD
185.278	S 6333906 -6.68 29.79 0.00 0.00 HOLD
185.279	S 6333926 -6.68 29.79 0.00 0.00 HOLD
185.281	S 6333946 -6.68 29.79 0.00 0.00 HOLD
185.282	S 6333966 -6.68 29.79 0.00 0.00 HOLD
185.283	S 6333986 -6.68 29.79 0.00 0.00 HOLD
185.284	S 6334006 -6.68 29.79 0.00 0.00 HOLD
185.289	>>> V 0.00 0.00
185.290	S 6334026 -6.68 29.79 0.00 0.00 HOLD
185.292	S 6334046 -6.68 29.79 0.00 0.00 HOLD
185.293	S 6334066 -6.68 29.79 0.00 0.00 HOLD
185.294	S 6334086 -6.68 29.79 0.00 0.00 HOLD
185.295	S 6334106 -6.68 29.79 0.00 0.00 HOLD
185.297	S 6334126 -6.68 29.79 0.00 0.00 HOLD
185.298	S 6334146 -6.68 29.79 0.00 0.00 HOLD
185.303	S 6334166 -6.68 29.79 0.00 0.00 HOLD
185.305	S 6334186 -6.68 29.79 0.00 0.00 HOLD
185.308	S 6334206 -6.68 29.79 0.00 0.00 HOLD
185.310	S 6334226 -6.68 29.79 0.00 0.00 HOLD
185.311	S 6334246 -6.68 29.79 0.00 0.00 HOLD
185.313	S 6334266 -6.68 29.79 0.00 0.00 HOLD
185.315	S 6334286 -6.68 29.79 0.00 0.00 HOLD
185.317	S 6334306 -6.68 29.79 0.00 0.00 HOLD
185.319	S 6334326 -6.68 29.79 0.00 0.00 HOLD
185.322	S 6334346 -6.68 29.79 0.00 0.00 HOLD
185.324	S 6334366 -6.68 29.79 0.00 0.00 HOLD
185.326	S 6334386 -6.68 29.79 0.00 0.00 HOLD
185.327	S 6334406 -6.68 29.79 0.00 0.00 HOLD
185.330	S 6334426 -6.68 29.79 0.00 0.00 HOLD
185.331	S 6334446 -6.68 29.79 0.00 0.00 HOLD
185.334	S 6334466 -6.68 29.79 0.00 0.00 HOLD
185.335	S 6334486 -6.68 29.79 0.00 0.00 HOLD
185.339	S 6334506 -6.68 29.79 0.00 0.00 HOLD
185.342	S 6334526 -6.68 29.79 0.00 0.00 HOLD
185.344	S 6334546 -6.68 29.79 0.00 0.00 HOLD
185.346	S 6334566 -6.68 29.79 0.00 0.00 HOLD
185.348	S 6334586 -6.68 29.79 0.00 0.00 HOLD
185.350	S 6334606 -6.68 29.79 0.00 0.00 HOLD
185.351	S 6334626 -6.68 29.79 0.00 0.00 HOLD
185.352	S 6334646 -6.68 29.79 0.00 0.00 HOLD
185.353	S 6334666 -6.68 29.79 0.00 0.00 HOLD
185.355	S 6334686 -6.68 29.79 0.00 0.00 HOLD
185.356	S 6334706 -6.68 29.79 0.00 0.00 HOLD
185.362	>>> V 0.00 0.00
185.363	S 6334726 -6.68 29.79 0.00 0.00 HOLD
185.364	S 6334746 -6.68 29.79 0.00 0.00 HOLD
185.366	S 6334766 -6.68 29.79 0.00 0.00 HOLD
185.383	>>> V 0.00 0.00
185.388	S 6334786 -6.68 29.79 0.00 0.00 HOLD
185.412	>>> V 0.00 0.00
185.420	S 6334806 -6.68 29.79 0.00 0.00 HOLD
185.428	S 6334826 -6.68 29.79 0.00 0.00 HOLD
185.451	>>> V 0.00 0.00
185.451	S 6334846 -6.68 29.79 0.00 0.00 HOLD
185.453	S 6334866 -6.68 29.79 0.00 0.00 HOLD
185.472	>>> V 0.00 0.00
185.472	S 6334886 -6.68 29.79 0.00 0.00 HOLD
185.483	>>> V 0.00 0.00
185.509	>>> V 0.00 0.00
185.510	S 6334906 -6.68 29.79 0.00 0.00 HOLD
185.512	S 6334926 -6.68 29.79 0.00 0.00 HOLD
185.524	>>> V 0.00 0.00
185.545	>>> V 0.00 0.00
185.546	S 6334946 -6.68 29.79 0.00 0.00 HOLD
185.563	>>> V 0.00 0.00
185.566	S 6334966 -6.68 29.79 0.00 0.00 HOLD
185.582	>>> V 0.00 0.00
185.585	S 6334986 -6.68 29.79 0.00 0.00 HOLD
185.599	>>> V 0.00 0.00
185.602	S 6335006 -6.68 29.79 0.00 0.00 HOLD
185.622	>>> V 0.00 0.00
185.627	S 6335026 -6.68 29.79 0.00 0.00 HOLD
185.640	>>> V 0.00 0.00
185.643	S 6335046 -6.68 29.79 0.00 0.00 HOLD
185.662	>>> V 0.00 0.00
185.662	S 6335066 -6.68 29.79 0.00 0.00 HOLD
185.679	>>> V 0.00 0.00
185.680	S 6335086 -6.68 29.79 0.00 0.00 HOLD
185.699	>>> V 0.00 0.00
185.701	S 6335106 -6.68 29.79 0.00 0.00 HOLD
185.721	>>> V 0.00 0.00
185.725	S 6335126 -6.68 29.79 0.00 0.00 HOLD
185.743	>>> V 0.00 0.00
185.743	S 6335146 -6.68 29.79 0.00 0.00 HOLD
185.762	>>> V 0.00 0.00
185.762	S 6335166 -6.68 29.79 0.00 0.00 HOLD
185.780	>>> V 0.00 0.00
185.781	S 6335186 -6.68 29.79 0.00 0.00 HOLD
185.798	>>> V 0.00 0.00
185.800	S 6335206 -6.68 29.79 0.00 0.00 HOLD
185.821	>>> V 0.00 0.00
185.826	S 6335226 -6.68 29.79 0.00 0.00 HOLD
185.840	>>> V 0.00 0.00
185.841	S 6335246 -6.68 29.79 0.00 0.00 HOLD
185.860	>>> V 0.00 0.00
185.864	S 6335266 -6.68 29.79 0.00 0.00 HOLD
185.882	>>> V 0.00 0.00
185.886	S 6335286 -6.68 29.79 0.00 0.00 HOLD
185.897	>>> V 0.00 0.00
185.898	S 6335306 -6.59 29.79 0.00 0.00 HOLD
185.921	>>> V 0.00 0.00
185.922	S 6335326 -6.68 29.79 0.00 0.00 HOLD
185.939	>>> V 0.00 0.00
185.940	S 6335346 -6.68 29.79 0.00 0.00 HOLD
185.959	>>> V 0.00 0.00
185.959	S 6335366 -6.68 29.79 0.00 0.00 HOLD
185.982	>>> V 0.00 0.00
185.985	S 6335386 -6.68 29.79 0.00 0.00 HOLD
186.003	>>> V 0.00 0.00
186.009	S 6335406 -6.68 29.79 0.00 0.00 HOLD
186.014	S 6335426 -6.68 29.79 0.00 0.00 HOLD
186.022	>>> V 0.00 0.00
186.050	>>> V 0.00 0.00
186.057	S 6335446 -6.68 29.79 0.00 0.00 HOLD
186.068	S 6335466 -6.68 29.79 0.00 0.00 HOLD
186.095	>>> V 0.00 0.00
186.096	S 6335486 -6.68 29.79 0.00 0.00 HOLD
186.106	S 6335506 -6.68 29.79 0.00 0.00 HOLD
186.172	>>> V 0.00 0.00
186.186	S 6335526 -6.68 29.79 0.00 0.00 HOLD
186.196	S 6335546 -6.68 29.79 0.00 0.00 HOLD
186.197	S 6335566 -6.68 29.79 0.00 0.00 HOLD
186.198	S 6335586 -6.68 29.79 0.00 0.00 HOLD
186.230	>>> V 0.00 0.00
186.231	S 6335606 -6.68 29.79 0.00 0.00 HOLD
186.231	S 6335626 -6.68 29.79 0.00 0.00 HOLD
186.239	S 6335646 -6.68 29.79 0.00 0.00 HOLD
186.251	>>> V 0.00 0.00
186.253	S 6335666 -6.68 29.79 0.00 0.00 HOLD
186.285	>>> V 0.00 0.00
186.286	S 6335686 -6.68 29.79 0.00 0.00 HOLD
186.306	>>> V 0.00 0.00
186.309	S 6335706 -6.68 29.79 0.00 0.00 HOLD
186.317	S 6335726 -6.68 29.79 0.00 0.00 HOLD
186.337	>>> V 0.00 0.00
186.337	S 6335746 -6.68 29.79 0.00 0.00 HOLD
186.371	>>> V 0.00 0.00
186.375	S 6335766 -6.68 29.79 0.00 0.00 HOLD
186.377	S 6335786 -6.68 29.79 0.00 0.00 HOLD
186.383	>>> V 0.00 0.00
186.402	>>> V 0.00 0.00
186.405	S 6335807 -6.59 29.79 0.00 0.00 HOLD
186.430	>>> V 0.00 0.00
186.431	S 6335827 -6.68 29.79 0.00 0.00 HOLD
186.436	S 6335847 -6.68 29.79 0.00 0.00 HOLD
186.460	>>> V 0.00 0.00
186.461	S 6335867 -6.68 29.79 0.00 0.00 HOLD
186.498	>>> V 0.00 0.00
186.504	S 6335887 -6.68 29.79 0.00 0.00 HOLD
186.525	S 6335907 -6.68 29.79 0.00 0.00 HOLD
186.587	>>> V 0.00 0.00
186.589	S 6335927 -6.68 29.79 0.00 0.00 HOLD
186.599	S 6335947 -6.68 29.79 0.00 0.00 HOLD
186.632	S 6335967 -6.68 29.79 0.00 0.00 HOLD
186.637	S 6335987 -6.68 29.79 0.00 0.00 HOLD
186.689	>>> V 0.00 0.00
186.694	S 6336007 -6.68 29.79 0.00 0.00 HOLD
186.706	S 6336027 -6.68 29.79 0.00 0.00 HOLD
186.727	S 6336047 -6.68 29.79 0.00 0.00 HOLD
186.742	S 6336067 -6.68 29.79 0.00 0.00 HOLD
186.777	S 6336087 -6.68 29.79 0.00 0.00 HOLD
186.808	S 6336107 -6.68 29.79 0.00 0.00 HOLD
186.852	>>> V 0.00 0.00
186.853	S 6336127 -6.68 29.79 0.00 0.00 HOLD
186.856	S 6336147 -6.68 29.79 0.00 0.00 HOLD
186.859	S 6336167 -6.68 29.79 0.00 0.00 HOLD
186.860	S 6336187 -6.68 29.79 0.00 0.00 HOLD
186.861	S 6336207 -6.68 29.79 0.00 0.00 HOLD
186.863	S 6336227 -6.68 29.79 0.00 0.00 HOLD
186.864	S 6336247 -6.68 29.79 0.00 0.00 HOLD
186.865	S 6336267 -6.68 29.79 0.00 0.00 HOLD
186.874	>>> V 0.00 0.00
186.874	S 6336287 -6.68 29.79 0.00 0.00 HOLD
186.880	>>> V 0.00 0.00
186.900	>>> V 0.00 0.00
186.901	S 6336307 -6.68 29.79 0.00 0.00 HOLD
186.918	>>> V 0.00 0.00
186.919	S 6336327 -6.68 29.79 0.00 0.00 HOLD
186.939	>>> V 0.00 0.00
186.945	S 6336347 -6.68 29.79 0.00 0.00 HOLD
186.958	>>> V 0.00 0.00
186.959	S 6336367 -6.68 29.79 0.00 0.00 HOLD
186.978	>>> V 0.00 0.00
186.982	S 6336387 -6.68 29.79 0.00 0.00 HOLD
187.000	>>> V 0.00 0.00
187.004	S 6336407 -6.68 29.79 0.00 0.00 HOLD
187.019	>>> V 0.00 0.00
187.022	S 6336427 -6.68 29.79 0.00 0.00 HOLD
187.043	>>> V 0.00 0.00
187.047	S 6336447 -6.68 29.79 0.00 0.00 HOLD
187.061	>>> V 0.00 0.00
187.064	S 6336467 -6.68 29.79 0.00 0.00 HOLD
187.078	>>> V 0.00 0.00
187.080	S 6336487 -6.68 29.79 0.00 0.00 HOLD
187.101	>>> V 0.00 0.00
187.102	S 6336507 -6.68 29.79 0.00 0.00 HOLD
187.120	>>> V 0.00 0.00
187.122	S 6336527 -6.68 29.79 0.00 0.00 HOLD
187.140	>>> V 0.00 0.00
187.140	S 6336547 -6.68 29.79 0.00 0.00 HOLD
187.176	>>> V 0.00 0.00
187.177	S 6336567 -6.68 29.79 0.00 0.00 HOLD
187.227	S 6336587 -6.68 29.79 0.00 0.00 HOLD
187.290	>>> V 0.00 0.00
187.291	S 6336607 -6.68 29.79 0.00 0.00 HOLD
187.293	S 6336627 -6.68 29.79 0.00 0.00 HOLD
187.294	S 6336647 -6.68 29.79 0.00 0.00 HOLD
187.308	S 6336667 -6.68 29.79 0.00 0.00 HOLD
187.320	S 6336687 -6.68 29.79 0.00 0.00 HOLD
187.329	S 6336707 -6.68 29.79 0.00 0.00 HOLD
187.334	>>> V 0.00 0.00
187.335	S 6336727 -6.68 29.79 0.00 0.00 HOLD
187.337	S 6336747 -6.68 29.79 0.00 0.00 HOLD
187.343	>>> V 0.00 0.00
187.361	>>> V 0.00 0.00
187.364	S 6336767 -6.68 29.79 0.00 0.00 HOLD
187.379	>>> V 0.00 0.00
187.380	S 6336787 -6.68 29.79 0.00 0.00 HOLD
187.401	>>> V 0.00 0.00
187.401	S 6336807 -6.68 29.79 0.00 0.00 HOLD
187.418	>>> V 0.00 0.00
187.418	S 6336827 -6.68 29.79 0.00 0.00 HOLD
187.439	>>> V 0.00 0.00
187.443	S 6336847 -6.68 29.79 0.00 0.00 HOLD
187.457	>>> V 0.00 0.00
187.459	S 6336867 -6.68 29.79 0.00 0.00 HOLD
187.484	>>> V 0.00 0.00
187.486	S 6336887 -6.68 29.79 0.00 0.00 HOLD
187.683	>>> V 0.00 0.00
187.686	S 6336907 -6.68 29.79 0.00 0.00 HOLD
187.689	S 6336927 -6.68 29.79 0.00 0.00 HOLD
187.694	S 6336947 -6.68 29.79 0.00 0.00 HOLD
187.699	S 6336967 -6.68 29.79 0.00 0.00 HOLD
187.703	S 6336987 -6.68 29.79 0.00 0.00 HOLD
187.708	S 6337007 -6.68 29.79 0.00 0.00 HOLD
187.711	S 6337027 -6.68 29.79 0.00 0.00 HOLD
187.713	S 6337047 -6.68 29.79 0.00 0.00 HOLD
187.717	S 6337067 -6.68 29.79 0.00 0.00 HOLD
187.719	S 6337087 -6.68 29.79 0.00 0.00 HOLD
187.731	>>> V 0.00 0.00
187.732	S 6337107 -6.68 29.79 0.00 0.00 HOLD
187.736	S 6337127 -6.68 29.79 0.00 0.00 HOLD
187.737	S 6337147 -6.68 29.79 0.00 0.00 HOLD
187.750	>>> V 0.00 0.00
187.753	S 6337167 -6.68 29.79 0.00 0.00 HOLD
187.765	>>> V 0.00 0.00
187.782	>>> V 0.00 0.00
187.785	S 6337187 -6.68 29.79 0.00 0.00 HOLD
187.803	>>> V 0.00 0.00
187.804	S 6337207 -6.68 29.79 0.00 0.00 HOLD
187.819	>>> V 0.00 0.00
187.821	S 6337227 -6.68 29.79 0.00 0.00 HOLD
187.840	>>> V 0.00 0.00
187.842	S 6337247 -6.68 29.79 0.00 0.00 HOLD
187.863	>>> V 0.00 0.00
187.865	S 6337267 -6.68 29.79 0.00 0.00 HOLD
187.884	>>> V 0.00 0.00
187.885	S 6337287 -6.68 29.79 0.00 0.00 HOLD
187.900	>>> V 0.00 0.00
187.905	S 6337307 -6.68 29.79 0.00 0.00 HOLD
187.922	>>> V 0.00 0.00
187.926	S 6337327 -6.68 29.79 0.00 0.00 HOLD
187.938	>>> V 0.00 0.00
187.942	S 6337347 -6.68 29.79 0.00 0.00 HOLD
187.957	>>> V 0.00 0.00
187.961	S 6337367 -6.68 29.79 0.00 0.00 HOLD
187.978	>>> V 0.00 0.00
187.979	S 6337387 -6.68 29.79 0.00 0.00 HOLD
188.004	>>> V 0.00 0.00
188.005	S 6337407 -6.68 29.79 0.00 0.00 HOLD
188.018	>>> V 0.00 0.00
188.019	S 6337427 -6.68 29.79 0.00 0.00 HOLD
188.039	>>> V 0.00 0.00
188.040	S 6337447 -6.68 29.79 0.00 0.00 HOLD
188.058	>>> V 0.00 0.00
188.063	S 6337467 -6.68 29.79 0.00 0.00 HOLD
188.077	>>> V 0.00 0.00
188.082	S 6337487 -6.68 29.79 0.00 0.00 HOLD
188.097	>>> V 0.00 0.00
188.100	S 6337507 -6.68 29.79 0.00 0.00 HOLD
188.118	>>> V 0.00 0.00
188.119	S 6337527 -6.68 29.79 0.00 0.00 HOLD
188.141	>>> V 0.00 0.00
188.142	S 6337547 -6.68 29.79 0.00 0.00 HOLD
188.164	>>> V 0.00 0.00
188.169	S 6337567 -6.68 29.79 0.00 0.00 HOLD
188.180	S 6337587 -6.68 29.79 0.00 0.00 HOLD
188.202	>>> V 0.00 0.00
188.203	S 6337607 -6.68 29.79 0.00 0.00 HOLD
188.221	>>> V 0.00 0.00
188.221	S 6337627 -6.68 29.79 0.00 0.00 HOLD
188.239	>>> V 0.00 0.00
188.239	S 6337647 -6.68 29.79 0.00 0.00 HOLD
188.269	>>> V 0.00 0.00
188.271	S 6337667 -6.68 29.79 0.00 0.00 HOLD
188.278	S 6337687 -6.68 29.79 0.00 0.00 HOLD
188.288	>>> V 0.00 0.00
188.294	S 6337707 -6.68 29.79 0.00 0.00 HOLD
188.321	>>> V 0.00 0.00
188.324	S 6337727 -6.68 29.79 0.00 0.00 HOLD
188.342	>>> V 0.00 0.00
188.347	S 6337747 -6.68 29.79 0.00 0.00 HOLD
188.362	>>> V 0.00 0.00
188.366	S 6337767 -6.68 29.79 0.00 0.00 HOLD
188.378	>>> V 0.00 0.00
188.380	S 6337787 -6.68 29.79 0.00 0.00 HOLD
188.398	>>> V 0.00 0.00
188.399	S 6337807 -6.68 29.79 0.00 0.00 HOLD
188.418	>>> V 0.00 0.00
188.421	S 6337827 -6.68 29.79 0.00 0.00 HOLD
188.438	>>> V 0.00 0.00
188.438	S 6337847 -6.68 29.79 0.00 0.00 HOLD
188.457	>>> V 0.00 0.00
188.460	S 6337867 -6.68 29.79 0.00 0.00 HOLD
188.478	>>> V 0.00 0.00
188.481	S 6337887 -6.68 29.71 0.00 0.00 HOLD
188.500	>>> V 0.00 0.00
188.501	S 6337907 -6.68 29.79 0.00 0.00 HOLD
188.524	>>> V 0.00 0.00
188.527	S 6337927 -6.68 29.79 0.00 0.00 HOLD
188.542	>>> V 0.00 0.00
188.543	S 6337947 -6.68 29.79 0.00 0.00 HOLD
188.559	>>> V 0.00 0.00
188.560	S 6337967 -6.68 29.79 0.00 0.00 HOLD
188.578	>>> V 0.00 0.00
188.579	S 6337987 -6.68 29.79 0.00 0.00 HOLD
188.603	>>> V 0.00 0.00
188.604	S 6338007 -6.68 29.79 0.00 0.00 HOLD
188.624	>>> V 0.00 0.00
188.630	S 6338027 -6.68 29.79 0.00 0.00 HOLD
188.632	S 6338047 -6.68 29.79 0.00 0.00 HOLD
188.642	>>> V 0.00 0.00
188.663	>>> V 0.00 0.00
188.664	S 6338067 -6.68 29.79 0.00 0.00 HOLD
188.678	>>> V 0.00 0.00
188.679	S 6338087 -6.68 29.79 0.00 0.00 HOLD
188.700	>>> V 0.00 0.00
188.701	S 6338107 -6.68 29.79 0.00 0.00 HOLD
188.723	>>> V 0.00 0.00
188.725	S 6338127 -6.68 29.79 0.00 0.00 HOLD
188.742	>>> V 0.00 0.00
188.746	S 6338147 -6.68 29.79 0.00 0.00 HOLD
188.759	>>> V 0.00 0.00
188.760	S 6338167 -6.68 29.79 0.00 0.00 HOLD
188.781	>>> V 0.00 0.00
188.781	S 6338187 -6.68 29.79 0.00 0.00 HOLD
188.805	>>> V 0.00 0.00
188.806	S 6338207 -6.68 29.79 0.00 0.00 HOLD
188.822	>>> V 0.00 0.00
188.823	S 6338227 -6.68 29.79 0.00 0.00 HOLD
188.841	>>> V 0.00 0.00
188.843	S 6338247 -6.68 29.79 0.00 0.00 HOLD
188.858	>>> V 0.00 0.00
188.860	S 6338267 -6.68 29.79 0.00 0.00 HOLD
188.891	>>> V 0.00 0.00
188.895	S 6338287 -6.68 29.79 0.00 0.00 HOLD
188.896	S 6338307 -6.68 29.79 0.00 0.00 HOLD
188.899	>>> V 0.00 0.00
188.921	>>> V 0.00 0.00
188.926	S 6338327 -6.68 29.79 0.00 0.00 HOLD
188.941	>>> V 0.00 0.00
188.942	S 6338347 -6.68 29.79 0.00 0.00 HOLD
188.958	>>> V 0.00 0.00
188.958	S 6338367 -6.68 29.79 0.00 0.00 HOLD
188.983	>>> V 0.00 0.00
188.984	S 6338387 -6.68 29.79 0.00 0.00 HOLD
188.997	>>> V 0.00 0.00
188.998	S 6338407 -6.68 29.79 0.00 0.00 HOLD
189.021	>>> V 0.00 0.00
189.021	S 6338427 -6.68 29.79 0.00 0.00 HOLD
189.039	>>> V 0.00 0.00
189.043	S 6338447 -6.68 29.79 0.00 0.00 HOLD
189.060	>>> V 0.00 0.00
189.061	S 6338467 -6.68 29.79 0.00 0.00 HOLD
189.079	>>> V 0.00 0.00
189.079	S 6338487 -6.68 29.79 0.00 0.00 HOLD
189.100	>>> V 0.00 0.00
189.103	S 6338507 -6.68 29.79 0.00 0.00 HOLD
189.118	>>> V 0.00 0.00
189.119	S 6338527 -6.68 29.79 0.00 0.00 HOLD
189.143	>>> V 0.00 0.00
189.145	S 6338547 -6.68 29.79 0.00 0.00 HOLD
189.175	>>> V 0.00 0.00
189.178	S 6338567 -6.68 29.79 0.00 0.00 HOLD
189.180	S 6338587 -6.68 29.79 0.00 0.00 HOLD
189.208	>>> V 0.00 0.00
189.208	S 6338607 -6.68 29.79 0.00 0.00 HOLD
189.217	>>> V 0.00 0.00
189.218	S 6338627 -6.68 29.79 0.00 0.00 HOLD
189.241	>>> V 0.00 0.00
189.243	S 6338647 -6.68 29.79 0.00 0.00 HOLD
189.260	>>> V 0.00 0.00
189.263	S 6338667 -6.68 29.79 0.00 0.00 HOLD
189.279	>>> V 0.00 0.00
189.280	S 6338687 -6.68 29.79 0.00 0.00 HOLD
189.301	>>> V 0.00 0.00
189.303	S 6338707 -6.68 29.79 0.00 0.00 HOLD
189.318	>>> V 0.00 0.00
189.319	S 6338727 -6.68 29.79 0.00 0.00 HOLD
189.339	>>> V 0.00 0.00
189.340	S 6338747 -6.68 29.79 0.00 0.00 HOLD
189.359	>>> V 0.00 0.00
189.360	S 6338767 -6.68 29.79 0.00 0.00 HOLD
189.380	>>> V 0.00 0.00
189.382	S 6338787 -6.68 29.79 0.00 0.00 HOLD
189.418	>>> V 0.00 0.00
189.418	S 6338807 -6.68 29.79 0.00 0.00 HOLD
189.426	S 6338827 -6.68 29.79 0.00 0.00 HOLD
189.442	>>> V 0.00 0.00
189.444	S 6338847 -6.68 29.79 0.00 0.00 HOLD
189.458	>>> V 0.00 0.00
189.458	S 6338867 -6.68 29.79 0.00 0.00 HOLD
189.478	>>> V 0.00 0.00
189.479	S 6338887 -6.68 29.79 0.00 0.00 HOLD
189.505	>>> V 0.00 0.00
189.507	S 6338907 -6.68 29.79 0.00 0.00 HOLD
189.521	>>> V 0.00 0.00
189.525	S 6338927 -6.68 29.79 0.00 0.00 HOLD
189.546	>>> V 0.00 0.00
189.546	S 6338947 -6.68 29.79 0.00 0.00 HOLD
189.558	>>> V 0.00 0.00
189.558	S 6338967 -6.68 29.79 0.00 0.00 HOLD
189.582	>>> V 0.00 0.00
189.582	S 6338987 -6.68 29.79 0.00 0.00 HOLD
189.598	>>> V 0.00 0.00
189.601	S 6339007 -6.68 29.79 0.00 0.00 HOLD
189.618	>>> V 0.00 0.00
189.620	S 6339027 -6.68 29.79 0.00 0.00 HOLD
189.639	>>> V 0.00 0.00
189.640	S 6339047 -6.68 29.79 0.00 0.00 HOLD
189.665	>>> V 0.00 0.00
189.677	S 6339067 -6.68 29.79 0.00 0.00 HOLD
189.679	S 6339087 -6.68 29.79 0.00 0.00 HOLD
189.718	>>> V 0.00 0.00
189.723	S 6339107 -6.68 29.79 0.00 0.00 HOLD
189.724	S 6339127 -6.68 29.79 0.00 0.00 HOLD
189.742	>>> V 0.00 0.00
189.743	S 6339147 -6.68 29.79 0.00 0.00 HOLD
189.761	>>> V 0.00 0.00
189.762	S 6339167 -6.68 29.79 0.00 0.00 HOLD
189.779	>>> V 0.00 0.00
189.779	S 6339187 -6.68 29.79 0.00 0.00 HOLD
189.799	>>> V 0.00 0.00
189.799	S 6339207 -6.68 29.79 0.00 0.00 HOLD
189.819	>>> V 0.00 0.00
189.824	S 6339227 -6.68 29.79 0.00 0.00 HOLD
189.839	>>> V 0.00 0.00
189.841	S 6339247 -6.68 29.79 0.00 0.00 HOLD
189.864	>>> V 0.00 0.00
189.865	S 6339267 -6.68 29.79 0.00 0.00 HOLD
189.878	>>> V 0.00 0.00
189.878	S 6339287 -6.68 29.79 0.00 0.00 HOLD
189.898	>>> V 0.00 0.00
189.899	S 6339307 -6.68 29.79 0.00 0.00 HOLD
189.917	>>> V 0.00 0.00
189.919	S 6339327 -6.68 29.79 0.00 0.00 HOLD
189.938	>>> V 0.00 0.00
189.938	S 6339347 -6.68 29.79 0.00 0.00 HOLD
189.957	>>> V 0.00 0.00
189.958	S 6339367 -6.68 29.79 0.00 0.00 HOLD
189.979	>>> V 0.00 0.00
189.981	S 6339387 -6.68 29.79 0.00 0.00 HOLD
189.998	>>> V 0.00 0.00
190.003	S 6339407 -6.68 29.79 0.00 0.00 HOLD
190.025	>>> V 0.00 0.00
190.026	S 6339427 -6.68 29.79 0.00 0.00 HOLD
190.043	>>> V 0.00 0.00
190.046	S 6339447 -6.68 29.79 0.00 0.00 HOLD
190.067	>>> V 0.00 0.00
190.070	S 6339467 -6.68 29.79 0.00 0.00 HOLD
190.071	S 6339487 -6.68 29.79 0.00 0.00 HOLD
190.086	>>> V 0.00 0.00
190.092	S 6339507 -6.68 29.79 0.00 0.00 HOLD
190.109	>>> V 0.00 0.00
190.114	S 6339527 -6.68 29.79 0.00 0.00 HOLD
190.126	>>> V 0.00 0.00
190.131	S 6339547 -6.68 29.79 0.00 0.00 HOLD
190.140	>>> V 0.00 0.00
190.162	>>> V 0.00 0.00
190.164	S 6339567 -6.68 29.79 0.00 0.00 HOLD
190.179	>>> V 0.00 0.00
190.181	S 6339587 -6.68 29.79 0.00 0.00 HOLD
190.199	>>> V 0.00 0.00
190.202	S 6339607 -6.68 29.79 0.00 0.00 HOLD
190.221	>>> V 0.00 0.00
190.224	S 6339627 -6.68 29.79 0.00 0.00 HOLD
190.249	>>> V 0.00 0.00
190.250	S 6339647 -6.68 29.79 0.00 0.00 HOLD
190.251	S 6339667 -6.68 29.79 0.00 0.00 HOLD
190.259	>>> V 0.00 0.00
190.283	>>> V 0.00 0.00
190.287	S 6339687 -6.68 29.79 0.00 0.00 HOLD
190.309	>>> V 0.00 0.00
190.311	S 6339707 -6.68 29.79 0.00 0.00 HOLD
190.320	S 6339727 -6.68 29.79 0.00 0.00 HOLD
190.330	>>> V 0.00 0.00
190.334	S 6339747 -6.68 29.79 0.00 0.00 HOLD
190.361	>>> V 0.00 0.00
190.362	S 6339767 -6.68 29.79 0.00 0.00 HOLD
190.369	>>> V 0.00 0.00
190.373	S 6339787 -6.68 29.79 0.00 0.00 HOLD
190.381	>>> V 0.00 0.00
190.398	>>> V 0.00 0.00
190.399	S 6339807 -6.68 29.79 0.00 0.00 HOLD
190.420	>>> V 0.00 0.00
190.421	S 6339827 -6.68 29.79 0.00 0.00 HOLD
190.440	>>> V 0.00 0.00
190.442	S 6339847 -6.68 29.79 0.00 0.00 HOLD
190.462	>>> V 0.00 0.00
190.464	S 6339867 -6.68 29.79 0.00 0.00 HOLD
190.482	>>> V 0.00 0.00
190.485	S 6339887 -6.68 29.79 0.00 0.00 HOLD
190.505	>>> V 0.00 0.00
190.505	S 6339907 -6.68 29.79 0.00 0.00 HOLD
190.518	>>> V 0.00 0.00
190.521	S 6339927 -6.68 29.79 0.00 0.00 HOLD
190.547	>>> V 0.00 0.00
190.552	S 6339947 -6.68 29.79 0.00 0.00 HOLD
190.558	S 6339967 -6.68 29.79 0.00 0.00 HOLD
190.578	>>> V 0.00 0.00
190.580	S 6339987 -6.68 29.79 0.00 0.00 HOLD
190.599	>>> V 0.00 0.00
190.606	S 6340007 -6.68 29.79 0.00 0.00 HOLD
190.621	>>> V 0.00 0.00
190.623	S 6340027 -6.68 29.79 0.00 0.00 HOLD
190.637	>>> V 0.00 0.00
190.638	S 6340047 -6.68 29.79 0.00 0.00 HOLD
190.660	>>> V 0.00 0.00
190.660	S 6340067 -6.68 29.79 0.00 0.00 HOLD
190.678	>>> V 0.00 0.00
190.678	S 6340087 -6.68 29.79 0.00 0.00 HOLD
190.710	>>> V 0.00 0.00
190.710	S 6340107 -6.68 29.79 0.00 0.00 HOLD
190.722	S 6340127 -6.68 29.79 0.00 0.00 HOLD
190.729	>>> V 0.00 0.00
190.734	S 6340147 -6.68 29.79 0.00 0.00 HOLD
190.751	>>> V 0.00 0.00
190.755	S 6340167 -6.68 29.79 0.00 0.00 HOLD
190.761	>>> V 0.00 0.00
190.781	>>> V 0.00 0.00
190.783	S 6340187 -6.68 29.79 0.00 0.00 HOLD
190.798	>>> V 0.00 0.00
190.799	S 6340207 -6.68 29.79 0.00 0.00 HOLD
190.817	>>> V 0.00 0.00
190.818	S 6340227 -6.68 29.79 0.00 0.00 HOLD
190.839	>>> V 0.00 0.00
190.840	S 6340247 -6.68 29.79 0.00 0.00 HOLD
190.869	>>> V 0.00 0.00
190.870	S 6340267 -6.68 29.79 0.00 0.00 HOLD
190.887	>>> V 0.00 0.00
190.888	S 6340287 -6.68 29.79 0.00 0.00 HOLD
190.909	>>> V 0.00 0.00
190.914	S 6340307 -6.68 29.79 0.00 0.00 HOLD
190.922	S 6340327 -6.68 29.79 0.00 0.00 HOLD
190.937	>>> V 0.00 0.00
190.938	S 6340347 -6.68 29.79 0.00 0.00 HOLD
190.944	>>> V 0.00 0.00
190.958	>>> V 0.00 0.00
190.961	S 6340367 -6.68 29.79 0.00 0.00 HOLD
190.978	>>> V 0.00 0.00
190.981	S 6340387 -6.68 29.79 0.00 0.00 HOLD
191.003	>>> V 0.00 0.00
191.004	S 6340407 -6.68 29.79 0.00 0.00 HOLD
191.029	>>> V 0.00 0.00
191.029	S 6340427 -6.68 29.79 0.00 0.00 HOLD
191.041	>>> V 0.00 0.00
191.044	S 6340447 -6.68 29.79 0.00 0.00 HOLD
191.061	>>> V 0.00 0.00
191.063	S 6340467 -6.68 29.79 0.00 0.00 HOLD
191.078	>>> V 0.00 0.00
191.082	S 6340487 -6.68 29.79 0.00 0.00 HOLD
191.098	>>> V 0.00 0.00
191.105	S 6340507 -6.68 29.79 0.00 0.00 HOLD
191.127	>>> V 0.00 0.00
191.130	S 6340527 -6.68 29.79 0.00 0.00 HOLD
191.139	S 6340547 -6.68 29.79 0.00 0.00 HOLD
191.150	>>> V 0.00 0.00
191.151	S 6340567 -6.68 29.79 0.00 0.00 HOLD
191.167	>>> V 0.00 0.00
191.186	>>> V 0.00 0.00
191.188	S 6340587 -6.68 29.79 0.00 0.00 HOLD
191.234	>>> V 0.00 0.00
191.235	S 6340607 -6.68 29.79 0.00 0.00 HOLD
191.261	S 6340627 -6.68 29.79 0.00 0.00 HOLD
191.288	S 6340647 -6.68 29.79 0.00 0.00 HOLD
191.298	>>> V 0.00 0.00
191.301	S 6340667 -6.68 29.79 0.00 0.00 HOLD
191.304	S 6340687 -6.68 29.79 0.00 0.00 HOLD
191.306	S 6340707 -6.68 29.79 0.00 0.00 HOLD
191.326	>>> V 0.00 0.00
191.327	S 6340727 -6.68 29.79 0.00 0.00 HOLD
191.345	>>> V 0.00 0.00
191.346	S 6340747 -6.68 29.79 0.00 0.00 HOLD
191.362	>>> V 0.00 0.00
191.362	S 6340767 -6.68 29.79 0.00 0.00 HOLD
191.382	>>> V 0.00 0.00
191.383	S 6340787 -6.68 29.79 0.00 0.00 HOLD
191.399	>>> V 0.00 0.00
191.399	S 6340807 -6.68 29.79 0.00 0.00 HOLD
191.423	>>> V 0.00 0.00
191.424	S 6340827 -6.68 29.79 0.00 0.00 HOLD
191.441	>>> V 0.00 0.00
191.442	S 6340847 -6.68 29.79 0.00 0.00 HOLD
191.458	>>> V 0.00 0.00
191.460	S 6340867 -6.68 29.79 0.00 0.00 HOLD
191.489	>>> V 0.00 0.00
191.490	S 6340887 -6.68 29.79 0.00 0.00 HOLD
191.499	>>> V 0.00 0.00
191.499	S 6340907 -6.68 29.79 0.00 0.00 HOLD
191.520	>>> V 0.00 0.00
191.523	S 6340927 -6.68 29.79 0.00 0.00 HOLD
191.540	>>> V 0.00 0.00
191.545	S 6340947 -6.68 29.79 0.00 0.00 HOLD
191.559	>>> V 0.00 0.00
191.560	S 6340967 -6.68 29.79 0.00 0.00 HOLD
191.583	>>> V 0.00 0.00
191.584	S 6340987 -6.68 29.79 0.00 0.00 HOLD
191.602	>>> V 0.00 0.00
191.605	S 6341007 -6.68 29.79 0.00 0.00 HOLD
191.627	>>> V 0.00 0.00
191.630	S 6341027 -6.68 29.79 0.00 0.00 HOLD
191.639	S 6341047 -6.68 29.79 0.00 0.00 HOLD
191.650	>>> V 0.00 0.00
191.652	S 6341067 -6.68 29.79 0.00 0.00 HOLD
191.660	>>> V 0.00 0.00
191.709	>>> V 0.00 0.00
191.709	S 6341087 -6.68 29.79 0.00 0.00 HOLD
191.721	S 6341107 -6.68 29.79 0.00 0.00 HOLD
191.753	>>> V 0.00 0.00
191.753	S 6341127 -6.68 29.79 0.00 0.00 HOLD
191.755	S 6341147 -6.68 29.79 0.00 0.00 HOLD
191.774	S 6341167 -6.68 29.79 0.00 0.00 HOLD
191.812	>>> V 0.00 0.00
191.813	S 6341187 -6.68 29.79 0.00 0.00 HOLD
191.822	S 6341207 -6.68 29.79 0.00 0.00 HOLD
191.825	S 6341227 -6.68 29.79 0.00 0.00 HOLD
191.847	>>> V 0.00 0.00
191.848	S 6341247 -6.68 29.79 0.00 0.00 HOLD
191.861	>>> V 0.00 0.00
191.862	S 6341267 -6.68 29.79 0.00 0.00 HOLD
191.882	>>> V 0.00 0.00
191.883	S 6341287 -6.68 29.79 0.00 0.00 HOLD
191.899	>>> V 0.00 0.00
191.900	S 6341307 -6.68 29.79 0.00 0.00 HOLD
191.924	>>> V 0.00 0.00
191.924	S 6341327 -6.68 29.79 0.00 0.00 HOLD
191.944	>>> V 0.00 0.00
191.953	S 6341347 -6.68 29.79 0.00 0.00 HOLD
191.955	S 6341367 -6.68 29.79 0.00 0.00 HOLD
191.974	>>> V 0.00 0.00
191.981	S 6341387 -6.68 29.79 0.00 0.00 HOLD
191.990	>>> V 0.00 0.00
191.992	S 6341407 -6.68 29.79 0.00 0.00 HOLD
191.999	>>> V 0.00 0.00
192.018	>>> V 0.00 0.00
192.024	S 6341427 -6.68 29.79 0.00 0.00 HOLD
192.039	>>> V 0.00 0.00
192.040	S 6341447 -6.68 29.79 0.00 0.00 HOLD
192.060	>>> V 0.00 0.00
192.061	S 6341467 -6.68 29.79 0.00 0.00 HOLD
192.079	>>> V 0.00 0.00
192.081	S 6341487 -6.68 29.79 0.00 0.00 HOLD
192.098	>>> V 0.00 0.00
192.098	S 6341507 -6.68 29.79 0.00 0.00 HOLD
192.136	>>> V 0.00 0.00
192.141	S 6341527 -6.68 29.79 0.00 0.00 HOLD
192.152	S 6341547 -6.68 29.79 0.00 0.00 HOLD
192.159	>>> V 0.00 0.00
192.160	S 6341567 -6.68 29.79 0.00 0.00 HOLD
192.171	>>> V 0.00 0.00
192.173	S 6341587 -6.68 29.79 0.00 0.00 HOLD
192.184	>>> V 0.00 0.00
192.200	>>> V 0.00 0.00
192.203	S 6341607 -6.68 29.79 0.00 0.00 HOLD
192.218	>>> V 0.00 0.00
192.219	S 6341627 -6.68 29.79 0.00 0.00 HOLD
192.238	>>> V 0.00 0.00
192.241	S 6341647 -6.68 29.79 0.00 0.00 HOLD
192.258	>>> V 0.00 0.00
192.260	S 6341667 -6.68 29.79 0.00 0.00 HOLD
192.282	>>> V 0.00 0.00
192.287	S 6341687 -6.68 29.79 0.00 0.00 HOLD
192.310	>>> V 0.00 0.00
192.310	S 6341707 -6.68 29.79 0.00 0.00 HOLD
192.312	S 6341727 -6.68 29.79 0.00 0.00 HOLD
192.318	>>> V 0.00 0.00
192.343	>>> V 0.00 0.00
192.344	S 6341747 -6.68 29.79 0.00 0.00 HOLD
192.363	>>> V 0.00 0.00
192.364	S 6341767 -6.68 29.79 0.00 0.00 HOLD
192.385	>>> V 0.00 0.00
192.389	S 6341787 -6.68 29.79 0.00 0.00 HOLD
192.400	>>> V 0.00 0.00
192.403	S 6341807 -6.68 29.79 0.00 0.00 HOLD
192.418	>>> V 0.00 0.00
192.418	S 6341827 -6.68 29.79 0.00 0.00 HOLD
192.447	>>> V 0.00 0.00
192.454	S 6341847 -6.68 29.79 0.00 0.00 HOLD
192.467	S 6341867 -6.68 29.79 0.00 0.00 HOLD
192.477	>>> V 0.00 0.00
192.484	S 6341887 -6.68 29.79 0.00 0.00 HOLD
192.506	>>> V 0.00 0.00
192.508	S 6341907 -6.59 29.71 0.00 0.00 HOLD
199.837	>>> V 0.00 0.00
199.838	S 6341927 -6.68 29.79 0.00 0.00 HOLD
199.840	S 6341947 -6.68 29.79 0.00 0.00 HOLD
199.850	S 6341967 -6.68 29.79 0.00 0.00 HOLD
199.853	S 6341987 -6.68 29.79 0.00 0.00 HOLD
199.854	S 6342007 -6.68 29.79 0.00 0.00 HOLD
199.858	S 6342027 -6.68 29.79 0.00 0.00 HOLD
199.860	S 6342047 -6.68 29.79 0.00 0.00 HOLD
199.860	S 6342067 -6.68 29.79 0.00 0.00 HOLD
199.861	S 6342087 -6.68 29.79 0.00 0.00 HOLD
199.864	S 6342107 -6.68 29.79 0.00 0.00 HOLD
199.865	S 6342127 -6.68 29.79 0.00 0.00 HOLD
199.869	S 6342147 -6.68 29.79 0.00 0.00 HOLD
199.871	S 6342167 -6.68 29.79 0.00 0.00 HOLD
199.874	S 6342187 -6.68 29.79 0.00 0.00 HOLD
199.877	S 6342207 -6.68 29.79 0.00 0.00 HOLD
199.879	S 6342227 -6.68 29.79 0.00 0.00 HOLD
199.882	S 6342247 -6.68 29.79 0.00 0.00 HOLD
199.884	S 6342267 -6.68 29.79 0.00 0.00 HOLD
199.886	S 6342287 -6.68 29.79 0.00 0.00 HOLD
199.887	S 6342307 -6.68 29.79 0.00 0.00 HOLD
199.890	S 6342327 -6.68 29.79 0.00 0.00 HOLD
199.894	S 6342347 -6.68 29.79 0.00 0.00 HOLD
199.898	S 6342367 -6.68 29.79 0.00 0.00 HOLD
199.899	S 6342387 -6.68 29.79 0.00 0.00 HOLD
199.900	S 6342407 -6.68 29.79 0.00 0.00 HOLD
199.900	S 6342427 -6.68 29.79 0.00 0.00 HOLD
199.905	S 6342447 -6.68 29.79 0.00 0.00 HOLD
199.906	S 6342467 -6.68 29.79 0.00 0.00 HOLD
199.908	S 6342487 -6.68 29.79 0.00 0.00 HOLD
199.910	S 6342507 -6.68 29.79 0.00 0.00 HOLD
199.912	S 6342527 -6.68 29.79 0.00 0.00 HOLD
199.914	S 6342547 -6.68 29.79 0.00 0.00 HOLD
199.915	S 6342567 -6.68 29.79 0.00 0.00 HOLD
199.917	S 6342587 -6.68 29.79 0.00 0.00 HOLD
199.918	S 6342607 -6.68 29.79 0.00 0.00 HOLD
199.919	S 6342627 -6.68 29.79 0.00 0.00 HOLD
199.920	S 6342647 -6.68 29.79 0.00 0.00 HOLD
199.921	S 6342667 -6.68 29.79 0.00 0.00 HOLD
199.922	S 6342687 -6.68 29.79 0.00 0.00 HOLD
199.924	S 6342707 -6.68 29.79 0.00 0.00 HOLD
199.927	S 6342727 -6.68 29.79 0.00 0.00 HOLD
199.929	S 6342747 -6.68 29.79 0.00 0.00 HOLD
199.931	S 6342767 -6.68 29.79 0.00 0.00 HOLD
199.933	S 6342787 -6.68 29.79 0.00 0.00 HOLD
199.936	S 6342807 -6.68 29.79 0.00 0.00 HOLD
199.939	S 6342827 -6.68 29.79 0.00 0.00 HOLD
199.941	S 6342847 -6.68 29.79 0.00 0.00 HOLD
199.943	S 6342867 -6.68 29.79 0.00 0.00 HOLD
199.945	S 6342887 -6.68 29.79 0.00 0.00 HOLD
199.946	S 6342907 -6.68 29.79 0.00 0.00 HOLD
199.948	S 6342927 -6.68 29.79 0.00 0.00 HOLD
199.951	S 6342947 -6.68 29.79 0.00 0.00 HOLD
199.953	S 6342967 -6.68 29.79 0.00 0.00 HOLD
199.956	S 6342987 -6.68 29.79 0.00 0.00 HOLD
199.956	S 6343007 -6.68 29.79 0.00 0.00 HOLD
199.957	S 6343027 -6.68 29.79 0.00 0.00 HOLD
199.958	S 6343047 -6.68 29.79 0.00 0.00 HOLD
199.960	S 6343067 -6.68 29.79 0.00 0.00 HOLD
199.962	S 6343087 -6.68 29.79 0.00 0.00 HOLD
199.964	S 6343107 -6.68 29.79 0.00 0.00 HOLD
199.967	S 6343127 -6.59 29.79 0.00 0.00 HOLD
199.968	S 6343147 -6.68 29.79 0.00 0.00 HOLD
199.969	S 6343167 -6.68 29.79 0.00 0.00 HOLD
199.970	S 6343188 -6.68 29.79 0.00 0.00 HOLD
199.972	S 6343207 -6.68 29.79 0.00 0.00 HOLD
199.973	S 6343228 -6.68 29.79 0.00 0.00 HOLD
199.974	S 6343248 -6.68 29.79 0.00 0.00 HOLD
199.975	S 6343268 -6.68 29.79 0.00 0.00 HOLD
199.975	S 6343287 -6.68 29.79 0.00 0.00 HOLD
199.976	S 6343308 -6.68 29.79 0.00 0.00 HOLD
199.977	S 6343328 -6.68 29.79 0.00 0.00 HOLD
199.978	S 6343348 -6.68 29.79 0.00 0.00 HOLD
199.980	S 6343368 -6.68 29.79 0.00 0.00 HOLD
199.981	S 6343388 -6.68 29.79 0.00 0.00 HOLD
199.982	S 6343408 -6.68 29.79 0.00 0.00 HOLD
199.983	S 6343428 -6.68 29.79 0.00 0.00 HOLD
199.983	S 6343448 -6.68 29.79 0.00 0.00 HOLD
199.984	S 6343468 -6.68 29.79 0.00 0.00 HOLD
199.985	S 6343488 -6.68 29.79 0.00 0.00 HOLD
199.986	S 6343508 -6.68 29.79 0.00 0.00 HOLD
199.987	S 6343528 -6.68 29.79 0.00 0.00 HOLD
199.988	S 6343548 -6.68 29.79 0.00 0.00 HOLD
199.989	S 6343568 -6.68 29.79 0.00 0.00 HOLD
199.991	S 6343588 -6.68 29.79 0.00 0.00 HOLD
199.993	S 6343608 -6.68 29.79 0.00 0.00 HOLD
199.994	S 6343628 -6.68 29.79 0.00 0.00 HOLD
199.997	S 6343648 -6.68 29.79 0.00 0.00 HOLD
199.999	S 6343668 -6.68 29.79 0.00 0.00 HOLD
200.001	S 6343688 -6.68 29.79 0.00 0.00 HOLD
200.003	S 6343708 -6.68 29.79 0.00 0.00 HOLD
200.005	S 6343728 -6.68 29.79 0.00 0.00 HOLD
200.006	S 6343748 -6.68 29.79 0.00 0.00 HOLD
200.008	S 6343768 -6.68 29.79 0.00 0.00 HOLD
200.009	S 6343788 -6.68 29.79 0.00 0.00 HOLD
200.010	S 6343808 -6.68 29.79 0.00 0.00 HOLD
200.011	S 6343828 -6.68 29.79 0.00 0.00 HOLD
200.012	S 6343848 -6.68 29.79 0.00 0.00 HOLD
200.013	S 6343868 -6.68 29.79 0.00 0.00 HOLD
200.014	S 6343888 -6.68 29.79 0.00 0.00 HOLD
200.015	S 6343908 -6.68 29.79 0.00 0.00 HOLD
200.016	S 6343928 -6.68 29.79 0.00 0.00 HOLD
200.017	S 6343948 -6.68 29.79 0.00 0.00 HOLD
200.018	S 6343968 -6.68 29.79 0.00 0.00 HOLD
200.019	S 6343988 -6.68 29.79 0.00 0.00 HOLD
200.020	S 6344008 -6.68 29.79 0.00 0.00 HOLD
200.020	S 6344028 -6.68 29.79 0.00 0.00 HOLD
200.021	S 6344048 -6.68 29.79 0.00 0.00 HOLD
200.676	>>> V 0.00 0.00
200.678	S 6344068 -6.68 29.79 0.00 0.00 HOLD
200.681	S 6344088 -6.77 29.79 0.00 0.00 HOLD
200.682	S 6344108 -6.68 29.79 0.00 0.00 HOLD
200.684	S 6344128 -6.68 29.79 0.00 0.00 HOLD
200.685	S 6344148 -6.68 29.79 0.00 0.00 HOLD
200.687	S 6344168 -6.68 29.79 0.00 0.00 HOLD
200.689	S 6344188 -6.68 29.79 0.00 0.00 HOLD
200.691	S 6344208 -6.68 29.79 0.00 0.00 HOLD
200.694	S 6344228 -6.68 29.79 0.00 0.00 HOLD
200.695	S 6344248 -6.68 29.79 0.00 0.00 HOLD
200.697	S 6344268 -6.68 29.79 0.00 0.00 HOLD
200.699	S 6344288 -6.68 29.79 0.00 0.00 HOLD
200.701	S 6344308 -6.68 29.79 0.00 0.00 HOLD
200.701	S 6344328 -6.68 29.79 0.00 0.00 HOLD
200.702	S 6344348 -6.68 29.79 0.00 0.00 HOLD
200.703	S 6344368 -6.68 29.79 0.00 0.00 HOLD
200.704	S 6344388 -6.68 29.79 0.00 0.00 HOLD
200.704	S 6344408 -6.68 29.79 0.00 0.00 HOLD
200.705	S 6344428 -6.68 29.79 0.00 0.00 HOLD
200.707	S 6344448 -6.68 29.79 0.00 0.00 HOLD
200.708	S 6344468 -6.68 29.79 0.00 0.00 HOLD
200.709	S 6344488 -6.68 29.79 0.00 0.00 HOLD
200.710	S 6344508 -6.68 29.79 0.00 0.00 HOLD
200.711	S 6344528 -6.68 29.79 0.00 0.00 HOLD
200.712	S 6344548 -6.68 29.79 0.00 0.00 HOLD
200.714	S 6344568 -6.68 29.79 0.00 0.00 HOLD
200.715	S 6344588 -6.68 29.79 0.00 0.00 HOLD
200.718	S 6344608 -6.68 29.79 0.00 0.00 HOLD
200.720	S 6344628 -6.68 29.79 0.00 0.00 HOLD
200.721	S 6344648 -6.68 29.79 0.00 0.00 HOLD
200.721	S 6344668 -6.68 29.79 0.00 0.00 HOLD
200.723	S 6344688 -6.68 29.79 0.00 0.00 HOLD
200.725	S 6344708 -6.68 29.79 0.00 0.00 HOLD
200.728	S 6344728 -6.68 29.79 0.00 0.00 HOLD
200.730	S 6344748 -6.68 29.79 0.00 0.00 HOLD
200.731	S 6344768 -6.68 29.79 0.00 0.00 HOLD
200.732	S 6344788 -6.68 29.79 0.00 0.00 HOLD
200.734	S 6344808 -6.68 29.79 0.00 0.00 HOLD
200.735	S 6344828 -6.68 29.79 0.00 0.00 HOLD
200.735	S 6344848 -6.68 29.79 0.00 0.00 HOLD
200.736	S 6344868 -6.68 29.79 0.00 0.00 HOLD
200.737	S 6344888 -6.68 29.79 0.00 0.00 HOLD
200.737	S 6344908 -6.68 29.79 0.00 0.00 HOLD
200.738	S 6344928 -6.68 29.79 0.00 0.00 HOLD
200.739	S 6344948 -6.68 29.79 0.00 0.00 HOLD
200.740	S 6344968 -6.68 29.79 0.00 0.00 HOLD
200.741	S 6344988 -6.68 29.79 0.00 0.00 HOLD
200.743	S 6345008 -6.68 29.79 0.00 0.00 HOLD
200.744	S 6345028 -6.68 29.79 0.00 0.00 HOLD
200.745	S 6345048 -6.68 29.79 0.00 0.00 HOLD
200.746	S 6345068 -6.68 29.79 0.00 0.00 HOLD
200.747	S 6345088 -6.68 29.79 0.00 0.00 HOLD
200.749	S 6345108 -6.68 29.79 0.00 0.00 HOLD
200.750	S 6345128 -6.68 29.79 0.00 0.00 HOLD
200.751	S 6345148 -6.68 29.79 0.00 0.00 HOLD
200.752	S 6345168 -6.68 29.79 0.00 0.00 HOLD
200.754	S 6345188 -6.68 29.79 0.00 0.00 HOLD
200.756	S 6345208 -6.68 29.79 0.00 0.00 HOLD
200.757	S 6345228 -6.68 29.79 0.00 0.00 HOLD
200.757	S 6345248 -6.68 29.79 0.00 0.00 HOLD
200.758	S 6345268 -6.68 29.79 0.00 0.00 HOLD
200.759	S 6345288 -6.68 29.79 0.00 0.00 HOLD
200.761	S 6345308 -6.68 29.79 0.00 0.00 HOLD
200.762	S 6345328 -6.68 29.79 0.00 0.00 HOLD
200.763	S 6345348 -6.68 29.79 0.00 0.00 HOLD
200.766	S 6345368 -6.68 29.79 0.00 0.00 HOLD
200.768	S 6345388 -6.68 29.79 0.00 0.00 HOLD
200.769	S 6345408 -6.68 29.79 0.00 0.00 HOLD
200.770	S 6349268 -6.68 29.79 0.00 0.00 HOLD
200.771	S 6349288 -6.68 29.79 0.00 0.00 HOLD
200.772	S 6349308 -6.68 29.79 0.00 0.00 HOLD
200.773	S 6349328 -6.68 29.79 0.00 0.00 HOLD
200.774	S 6349348 -6.68 29.79 0.00 0.00 HOLD
200.776	S 6349368 -6.68 29.79 0.00 0.00 HOLD
200.777	S 6349388 -6.68 29.79 0.00 0.00 HOLD
200.779	S 6349408 -6.68 29.79 0.00 0.00 HOLD
200.780	S 6349428 -6.68 29.79 0.00 0.00 HOLD
200.782	S 6349448 -6.68 29.79 0.00 0.00 HOLD
200.783	S 6349468 -6.68 29.79 0.00 0.00 HOLD
200.785	S 6349488 -6.68 29.79 0.00 0.00 HOLD
200.786	S 6349508 -6.68 29.79 0.00 0.00 HOLD
200.787	S 6349528 -6.68 29.79 0.00 0.00 HOLD
200.789	S 6349548 -6.68 29.79 0.00 0.00 HOLD
200.790	S 6349568 -6.68 29.79 0.00 0.00 HOLD
200.793	S 6349588 -6.68 29.79 0.00 0.00 HOLD
200.795	S 6349608 -6.68 29.79 0.00 0.00 HOLD
200.798	S 6349628 -6.68 29.79 0.00 0.00 HOLD
200.800	S 6349648 -6.68 29.79 0.00 0.00 HOLD
200.802	S 6349668 -6.68 29.79 0.00 0.00 HOLD
200.803	S 6349688 -6.68 29.79 0.00 0.00 HOLD
200.805	S 6349708 -6.68 29.79 0.00 0.00 HOLD
200.806	S 6349728 -6.68 29.79 0.00 0.00 HOLD
200.807	S 6349748 -6.68 29.79 0.00 0.00 HOLD
200.808	S 6349768 -6.68 29.79 0.00 0.00 HOLD
200.810	S 6349788 -6.68 29.79 0.00 0.00 HOLD
200.812	S 6349808 -6.68 29.79 0.00 0.00 HOLD
200.813	S 6349828 -6.68 29.79 0.00 0.00 HOLD
200.815	S 6349848 -6.68 29.79 0.00 0.00 HOLD
200.816	S 6349868 -6.68 29.79 0.00 0.00 HOLD
200.818	S 6349888 -6.68 29.79 0.00 0.00 HOLD
200.819	S 6349908 -6.68 29.79 0.00 0.00 HOLD
200.820	S 6349928 -6.68 29.79 0.00 0.00 HOLD
200.821	S 6349948 -6.68 29.79 0.00 0.00 HOLD
200.823	S 6349968 -6.68 29.79 0.00 0.00 HOLD
200.824	S 6349988 -6.68 29.79 0.00 0.00 HOLD
200.825	S 6350008 -6.68 29.79 0.00 0.00 HOLD
200.826	S 6350028 -6.68 29.79 0.00 0.00 HOLD
200.828	S 6350048 -6.68 29.79 0.00 0.00 HOLD
200.834	>>> V 0.00 0.00
200.835	S 6350068 -6.68 29.79 0.00 0.00 HOLD
200.835	S 6350088 -6.68 29.79 0.00 0.00 HOLD
200.836	S 6350108 -6.68 29.79 0.00 0.00 HOLD
200.837	S 6350128 -6.68 29.79 0.00 0.00 HOLD
200.838	S 6350148 -6.68 29.79 0.00 0.00 HOLD
200.839	S 6350168 -6.68 29.79 0.00 0.00 HOLD
200.840	S 6350188 -6.68 29.79 0.00 0.00 HOLD
200.841	S 6350208 -6.68 29.79 0.00 0.00 HOLD
200.842	S 6350228 -6.68 29.79 0.00 0.00 HOLD
200.843	S 6350248 -6.68 29.79 0.00 0.00 HOLD
200.845	>>> V 0.00 0.00
200.858	>>> V 0.00 0.00
200.858	S 6350268 -6.68 29.79 0.00 0.00 HOLD
200.881	>>> V 0.00 0.00
200.882	S 6350288 -6.68 29.79 0.00 0.00 HOLD
200.917	>>> V 0.00 0.00
200.919	S 6350308 -6.68 29.79 0.00 0.00 HOLD
200.922	S 6350328 -6.68 29.79 0.00 0.00 HOLD
200.936	>>> V 0.00 0.00
200.936	S 6350348 -6.68 29.79 0.00 0.00 HOLD
200.947	>>> V 0.00 0.00
200.960	>>> V 0.00 0.00
200.962	S 6350368 -6.59 29.79 0.00 0.00 HOLD
200.984	>>> V 0.00 0.00
200.986	S 6350388 -6.68 29.79 0.00 0.00 HOLD
201.003	>>> V 0.00 0.00
201.006	S 6350408 -6.68 29.79 0.00 0.00 HOLD
201.023	>>> V 0.00 0.00
201.025	S 6350428 -6.68 29.79 0.00 0.00 HOLD
201.041	>>> V 0.00 0.00
201.045	S 6350448 -6.68 29.79 0.00 0.00 HOLD
201.067	>>> V 0.00 0.00
201.071	S 6350468 -6.68 29.79 0.00 0.00 HOLD
201.082	>>> V 0.00 0.00
201.085	S 6350488 -6.68 29.79 0.00 0.00 HOLD
201.114	>>> V 0.00 0.00
201.119	S 6350508 -6.68 29.79 0.00 0.00 HOLD
201.125	S 6350528 -6.59 29.79 0.00 0.00 HOLD
201.143	>>> V 0.00 0.00
201.147	S 6350548 -6.68 29.79 0.00 0.00 HOLD
201.186	>>> V 0.00 0.00
201.187	S 6350568 -6.68 29.79 0.00 0.00 HOLD
201.189	S 6350588 -6.68 29.79 0.00 0.00 HOLD
201.228	>>> V 0.00 0.00
201.234	S 6350608 -6.68 29.79 0.00 0.00 HOLD
201.243	S 6350628 -6.68 29.79 0.00 0.00 HOLD
201.252	S 6350648 -6.68 29.79 0.00 0.00 HOLD
201.280	>>> V 0.00 0.00
201.282	S 6350668 -6.68 29.79 0.00 0.00 HOLD
201.284	S 6350688 -6.68 29.79 0.00 0.00 HOLD
201.310	>>> V 0.00 0.00
201.311	S 6350708 -6.68 29.79 0.00 0.00 HOLD
201.312	S 6350728 -6.68 29.79 0.00 0.00 HOLD
201.317	>>> V 0.00 0.00
201.342	>>> V 0.00 0.00
201.343	S 6350748 -6.68 29.79 0.00 0.00 HOLD
201.358	>>> V 0.00 0.00
201.358	S 6350768 -6.68 29.79 0.00 0.00 HOLD
201.383	>>> V 0.00 0.00
201.388	S 6350788 -6.68 29.79 0.00 0.00 HOLD
201.400	>>> V 0.00 0.00
201.405	S 6350809 -6.68 29.79 0.00 0.00 HOLD
201.418	>>> V 0.00 0.00
201.424	S 6350829 -6.68 29.79 0.00 0.00 HOLD
201.453	>>> V 0.00 0.00
201.459	S 6350849 -6.68 29.79 0.00 0.00 HOLD
201.463	S 6350869 -6.68 29.79 0.00 0.00 HOLD
201.473	>>> V 0.00 0.00
201.476	S 6350889 -6.68 29.79 0.00 0.00 HOLD
201.484	>>> V 0.00 0.00
201.502	>>> V 0.00 0.00
201.503	S 6350909 -6.68 29.79 0.00 0.00 HOLD
201.519	>>> V 0.00 0.00
201.520	S 6350929 -6.68 29.79 0.00 0.00 HOLD
201.539	>>> V 0.00 0.00
201.542	S 6350949 -6.68 29.79 0.00 0.00 HOLD
201.563	>>> V 0.00 0.00
201.564	S 6350969 -6.68 29.79 0.00 0.00 HOLD
201.579	>>> V 0.00 0.00
201.580	S 6350989 -6.68 29.79 0.00 0.00 HOLD
201.619	>>> V 0.00 0.00
201.622	S 6351009 -6.68 29.79 0.00 0.00 HOLD
201.654	S 6351029 -6.68 29.79 0.00 0.00 HOLD
201.666	>>> V 0.00 0.00
201.666	S 6351049 -6.68 29.79 0.00 0.00 HOLD
201.669	S 6351069 -6.68 29.79 0.00 0.00 HOLD
201.679	>>> V 0.00 0.00
201.684	S 6351089 -6.68 29.79 0.00 0.00 HOLD
201.698	>>> V 0.00 0.00
201.701	S 6351109 -6.68 29.79 0.00 0.00 HOLD
201.717	>>> V 0.00 0.00
201.721	S 6351129 -6.68 29.79 0.00 0.00 HOLD
201.738	>>> V 0.00 0.00
201.738	S 6351149 -6.68 29.79 0.00 0.00 HOLD
201.758	>>> V 0.00 0.00
201.759	S 6351169 -6.68 29.79 0.00 0.00 HOLD
201.778	>>> V 0.00 0.00
201.780	S 6351189 -6.68 29.79 0.00 0.00 HOLD
201.797	>>> V 0.00 0.00
201.799	S 6351209 -6.68 29.79 0.00 0.00 HOLD
201.818	>>> V 0.00 0.00
201.821	S 6351229 -6.68 29.79 0.00 0.00 HOLD
201.839	>>> V 0.00 0.00
201.840	S 6351249 -6.68 29.79 0.00 0.00 HOLD
201.858	>>> V 0.00 0.00
201.858	S 6351269 -6.68 29.79 0.00 0.00 HOLD
201.877	>>> V 0.00 0.00
201.880	S 6351289 -6.68 29.79 0.00 0.00 HOLD
201.898	>>> V 0.00 0.00
201.900	S 6351309 -6.68 29.79 0.00 0.00 HOLD
201.918	>>> V 0.00 0.00
201.919	S 6351329 -6.68 29.79 0.00 0.00 HOLD
201.937	>>> V 0.00 0.00
201.939	S 6351349 -6.68 29.79 0.00 0.00 HOLD
201.959	>>> V 0.00 0.00
201.962	S 6351369 -6.68 29.79 0.00 0.00 HOLD
201.990	>>> V 0.00 0.00
201.991	S 6351389 -6.68 29.79 0.00 0.00 HOLD
202.000	>>> V 0.00 0.00
202.001	S 6351409 -6.68 29.79 0.00 0.00 HOLD
202.019	>>> V 0.00 0.00
202.020	S 6351429 -6.68 29.79 0.00 0.00 HOLD
202.039	>>> V 0.00 0.00
202.042	S 6351449 -6.68 29.79 0.00 0.00 HOLD
202.060	>>> V 0.00 0.00
202.069	S 6351469 -6.68 29.79 0.00 0.00 HOLD
202.078	>>> V 0.00 0.00
202.082	S 6351489 -6.68 29.79 0.00 0.00 HOLD
202.098	>>> V 0.00 0.00
202.107	S 6351509 -6.68 29.79 0.00 0.00 HOLD
202.118	>>> V 0.00 0.00
202.118	S 6351529 -6.68 29.79 0.00 0.00 HOLD
202.138	>>> V 0.00 0.00
202.138	S 6351549 -6.68 29.79 0.00 0.00 HOLD
202.171	>>> V 0.00 0.00
202.172	S 6351569 -6.68 29.79 0.00 0.00 HOLD
202.173	S 6351589 -6.68 29.79 0.00 0.00 HOLD
202.214	>>> V 0.00 0.00
202.224	S 6351609 -6.68 29.79 0.00 0.00 HOLD
202.227	S 6351629 -6.68 29.79 0.00 0.00 HOLD
202.245	>>> V 0.00 0.00
202.257	S 6351649 -6.68 29.79 0.00 0.00 HOLD
202.259	S 6351669 -6.68 29.79 0.00 0.00 HOLD
202.299	>>> V 0.00 0.00
202.308	S 6351689 -6.68 29.79 0.00 0.00 HOLD
202.314	S 6351709 -6.68 29.79 0.00 0.00 HOLD
202.348	>>> V 0.00 0.00
202.354	S 6351729 -6.68 29.79 0.00 0.00 HOLD
202.355	S 6351749 -6.68 29.79 0.00 0.00 HOLD
202.358	S 6351769 -6.68 29.79 0.00 0.00 HOLD
202.380	>>> V 0.00 0.00
202.398	S 6351789 -6.68 29.79 0.00 0.00 HOLD
202.402	S 6351809 -6.68 29.79 0.00 0.00 HOLD
202.431	>>> V 0.00 0.00
202.432	S 6351829 -6.68 29.79 0.00 0.00 HOLD
202.449	S 6351849 -6.68 29.79 0.00 0.00 HOLD
202.469	>>> V 0.00 0.00
202.471	S 6351869 -6.68 29.79 0.00 0.00 HOLD
202.472	S 6351889 -6.68 29.79 0.00 0.00 HOLD
202.479	>>> V 0.00 0.00
202.498	>>> V 0.00 0.00
202.499	S 6351909 -6.68 29.79 0.00 0.00 HOLD
202.518	>>> V 0.00 0.00
202.519	S 6351929 -6.68 29.79 0.00 0.00 HOLD
202.553	>>> V 0.00 0.00
202.556	S 6351949 -6.68 29.79 0.00 0.00 HOLD
202.560	S 6351969 -6.68 29.79 0.00 0.00 HOLD
202.570	>>> V 0.00 0.00
202.578	>>> V 0.00 0.00
202.579	S 6351989 -6.68 29.79 0.00 0.00 HOLD
202.598	>>> V 0.00 0.00
202.599	S 6352009 -6.68 29.79 0.00 0.00 HOLD
202.620	>>> V 0.00 0.00
202.621	S 6352029 -6.68 29.79 0.00 0.00 HOLD
202.642	>>> V 0.00 0.00
202.642	S 6352049 -6.68 29.79 0.00 0.00 HOLD
202.660	>>> V 0.00 0.00
202.661	S 6352069 -6.68 29.79 0.00 0.00 HOLD
202.680	>>> V 0.00 0.00
202.685	S 6352089 -6.68 29.79 0.00 0.00 HOLD
202.705	>>> V 0.00 0.00
202.708	S 6352109 -6.68 29.79 0.00 0.00 HOLD
202.721	>>> V 0.00 0.00
202.722	S 6352129 -6.68 29.79 0.00 0.00 HOLD
202.738	>>> V 0.00 0.00
202.740	S 6352149 -6.68 29.79 0.00 0.00 HOLD
202.761	>>> V 0.00 0.00
202.767	S 6352169 -6.68 29.79 0.00 0.00 HOLD
202.786	>>> V 0.00 0.00
202.793	S 6352189 -6.68 29.79 0.00 0.00 HOLD
202.813	S 6352209 -6.68 29.79 0.00 0.00 HOLD
202.822	>>> V 0.00 0.00
202.823	S 6352229 -6.68 29.79 0.00 0.00 HOLD
202.843	>>> V 0.00 0.00
202.849	S 6352249 -6.68 29.79 0.00 0.00 HOLD
202.910	>>> V 0.00 0.00
202.910	S 6352269 -6.68 29.79 0.00 0.00 HOLD
202.921	S 6352289 -6.68 29.79 0.00 0.00 HOLD
202.937	S 6352309 -6.68 29.79 0.00 0.00 HOLD
202.973	>>> V 0.00 0.00
202.973	S 6352329 -6.68 29.79 0.00 0.00 HOLD
202.990	S 6352349 -6.68 29.79 0.00 0.00 HOLD
202.994	S 6352369 -6.68 29.79 0.00 0.00 HOLD
202.996	S 6352389 -6.68 29.79 0.00 0.00 HOLD
203.036	>>> V 0.00 0.00
203.037	S 6352409 -6.68 29.79 0.00 0.00 HOLD
203.045	S 6352429 -6.68 29.79 0.00 0.00 HOLD
203.062	S 6352449 -6.68 29.79 0.00 0.00 HOLD
203.100	>>> V 0.00 0.00
203.101	S 6352469 -6.68 29.79 0.00 0.00 HOLD
203.111	S 6352489 -6.68 29.79 0.00 0.00 HOLD
203.116	S 6352509 -6.68 29.79 0.00 0.00 HOLD
203.124	>>> V 0.00 0.00
203.125	S 6352529 -6.68 29.79 0.00 0.00 HOLD
203.149	>>> V 0.00 0.00
203.149	S 6352549 -6.68 29.79 0.00 0.00 HOLD
203.159	>>> V 0.00 0.00
203.160	S 6352569 -6.68 29.79 0.00 0.00 HOLD
203.183	>>> V 0.00 0.00
203.193	S 6352589 -6.59 29.79 0.00 0.00 HOLD
203.195	S 6352609 -6.68 29.79 0.00 0.00 HOLD
203.199	>>> V 0.00 0.00
203.219	>>> V 0.00 0.00
203.220	S 6352629 -6.68 29.79 0.00 0.00 HOLD
203.239	>>> V 0.00 0.00
203.241	S 6352649 -6.68 29.79 0.00 0.00 HOLD
203.257	>>> V 0.00 0.00
203.261	S 6352669 -6.68 29.79 0.00 0.00 HOLD
203.281	>>> V 0.00 0.00
203.281	S 6352689 -6.68 29.79 0.00 0.00 HOLD
203.298	>>> V 0.00 0.00
203.300	S 6352709 -6.68 29.79 0.00 0.00 HOLD
203.323	>>> V 0.00 0.00
203.323	S 6352729 -6.68 29.79 0.00 0.00 HOLD
203.338	>>> V 0.00 0.00
203.338	S 6352749 -6.68 29.79 0.00 0.00 HOLD
203.360	>>> V 0.00 0.00
203.361	S 6352769 -6.68 29.79 0.00 0.00 HOLD
203.384	>>> V 0.00 0.00
203.385	S 6352789 -6.68 29.79 0.00 0.00 HOLD
203.398	>>> V 0.00 0.00
203.399	S 6352809 -6.68 29.79 0.00 0.00 HOLD
203.420	>>> V 0.00 0.00
203.422	S 6352829 -6.68 29.79 0.00 0.00 HOLD
203.438	>>> V 0.00 0.00
203.439	S 6352849 -6.68 29.79 0.00 0.00 HOLD
203.459	>>> V 0.00 0.00
203.460	S 6352869 -6.68 29.79 0.00 0.00 HOLD
203.479	>>> V 0.00 0.00
203.481	S 6352889 -6.68 29.79 0.00 0.00 HOLD
203.498	>>> V 0.00 0.00
203.500	S 6352909 -6.68 29.79 0.00 0.00 HOLD
203.518	>>> V 0.00 0.00
203.518	S 6352929 -6.68 29.79 0.00 0.00 HOLD
203.538	>>> V 0.00 0.00
203.539	S 6352949 -6.68 29.79 0.00 0.00 HOLD
203.559	>>> V 0.00 0.00
203.559	S 6352969 -6.68 29.79 0.00 0.00 HOLD
203.582	>>> V 0.00 0.00
203.583	S 6352989 -6.68 29.79 0.00 0.00 HOLD
203.598	>>> V 0.00 0.00
203.601	S 6353009 -6.68 29.79 0.00 0.00 HOLD
203.620	>>> V 0.00 0.00
203.621	S 6353029 -6.68 29.79 0.00 0.00 HOLD
203.638	>>> V 0.00 0.00
203.638	S 6353049 -6.59 29.79 0.00 0.00 HOLD
203.663	>>> V 0.00 0.00
203.663	S 6353069 -6.68 29.79 0.00 0.00 HOLD
203.684	>>> V 0.00 0.00
203.686	S 6353089 -6.68 29.79 0.00 0.00 HOLD
203.701	>>> V 0.00 0.00
203.704	S 6353109 -6.68 29.79 0.00 0.00 HOLD
203.719	>>> V 0.00 0.00
203.721	S 6353129 -6.68 29.79 0.00 0.00 HOLD
203.738	>>> V 0.00 0.00
203.741	S 6353149 -6.68 29.79 0.00 0.00 HOLD
203.762	>>> V 0.00 0.00
203.763	S 6353169 -6.59 29.79 0.00 0.00 HOLD
203.777	>>> V 0.00 0.00
203.778	S 6353189 -6.68 29.79 0.00 0.00 HOLD
203.799	>>> V 0.00 0.00
203.804	S 6353209 -6.68 29.79 0.00 0.00 HOLD
203.818	>>> V 0.00 0.00
203.820	S 6353229 -6.68 29.79 0.00 0.00 HOLD
203.842	>>> V 0.00 0.00
203.843	S 6353249 -6.68 29.79 0.00 0.00 HOLD
203.857	>>> V 0.00 0.00
203.859	S 6353269 -6.68 29.79 0.00 0.00 HOLD
203.883	>>> V 0.00 0.00
203.883	S 6353289 -6.68 29.79 0.00 0.00 HOLD
203.899	>>> V 0.00 0.00
203.901	S 6353309 -6.68 29.79 0.00 0.00 HOLD
203.918	>>> V 0.00 0.00
203.924	S 6353329 -6.68 29.79 0.00 0.00 HOLD
203.938	>>> V 0.00 0.00
203.938	S 6353349 -6.68 29.79 0.00 0.00 HOLD
203.958	>>> V 0.00 0.00
203.960	S 6353369 -6.68 29.79 0.00 0.00 HOLD
203.978	>>> V 0.00 0.00
203.980	S 6353389 -6.68 29.79 0.00 0.00 HOLD
204.001	>>> V 0.00 0.00
204.001	S 6353409 -6.68 29.79 0.00 0.00 HOLD
204.018	>>> V 0.00 0.00
204.018	S 6353429 -6.68 29.79 0.00 0.00 HOLD
204.039	>>> V 0.00 0.00
204.045	S 6353449 -6.68 29.79 0.00 0.00 HOLD
204.063	>>> V 0.00 0.00
204.066	S 6353469 -6.68 29.79 0.00 0.00 HOLD
204.078	>>> V 0.00 0.00
204.079	S 6353489 -6.68 29.79 0.00 0.00 HOLD
204.105	>>> V 0.00 0.00
204.105	S 6353509 -6.68 29.79 0.00 0.00 HOLD
204.120	>>> V 0.00 0.00
204.122	S 6353529 -6.68 29.79 0.00 0.00 HOLD
204.139	>>> V 0.00 0.00
204.140	S 6353549 -6.68 29.79 0.00 0.00 HOLD
204.158	>>> V 0.00 0.00
204.161	S 6353569 -6.68 29.79 0.00 0.00 HOLD
204.179	>>> V 0.00 0.00
204.182	S 6353589 -6.68 29.79 0.00 0.00 HOLD
204.201	>>> V 0.00 0.00
204.202	S 6353609 -6.68 29.79 0.00 0.00 HOLD
204.218	>>> V 0.00 0.00
204.218	S 6353629 -6.68 29.79 0.00 0.00 HOLD
204.238	>>> V 0.00 0.00
204.239	S 6353649 -6.68 29.79 0.00 0.00 HOLD
204.258	>>> V 0.00 0.00
204.258	S 6353669 -6.68 29.79 0.00 0.00 HOLD
204.285	>>> V 0.00 0.00
204.288	S 6353689 -6.68 29.79 0.00 0.00 HOLD
204.298	>>> V 0.00 0.00
204.301	S 6353709 -6.68 29.79 0.00 0.00 HOLD
204.320	>>> V 0.00 0.00
204.322	S 6353729 -6.68 29.79 0.00 0.00 HOLD
204.338	>>> V 0.00 0.00
204.341	S 6353749 -6.68 29.79 0.00 0.00 HOLD
204.358	>>> V 0.00 0.00
204.360	S 6353769 -6.68 29.79 0.00 0.00 HOLD
204.387	>>> V 0.00 0.00
204.387	S 6353789 -6.68 29.79 0.00 0.00 HOLD
204.399	>>> V 0.00 0.00
204.401	S 6353809 -6.68 29.79 0.00 0.00 HOLD
204.421	>>> V 0.00 0.00
204.421	S 6353829 -6.68 29.79 0.00 0.00 HOLD
204.437	>>> V 0.00 0.00
204.438	S 6353849 -6.68 29.79 0.00 0.00 HOLD
204.459	>>> V 0.00 0.00
204.462	S 6353869 -6.68 29.79 0.00 0.00 HOLD
204.480	>>> V 0.00 0.00
204.481	S 6353889 -6.68 29.79 0.00 0.00 HOLD
204.514	>>> V 0.00 0.00
204.514	S 6353909 -6.68 29.79 0.00 0.00 HOLD
204.521	S 6353929 -6.68 29.79 0.00 0.00 HOLD
204.548	>>> V 0.00 0.00
204.549	S 6353949 -6.68 29.79 0.00 0.00 HOLD
204.558	>>> V 0.00 0.00
204.560	S 6353969 -6.68 29.79 0.00 0.00 HOLD
204.578	>>> V 0.00 0.00
204.579	S 6353989 -6.68 29.79 0.00 0.00 HOLD
204.599	>>> V 0.00 0.00
204.599	S 6354009 -6.68 29.79 0.00 0.00 HOLD
204.619	>>> V 0.00 0.00
204.620	S 6354029 -6.68 29.79 0.00 0.00 HOLD
204.639	>>> V 0.00 0.00
204.639	S 6354049 -6.68 29.79 0.00 0.00 HOLD
204.660	>>> V 0.00 0.00
204.660	S 6354069 -6.68 29.79 0.00 0.00 HOLD
204.678	>>> V 0.00 0.00
204.679	S 6354089 -6.68 29.79 0.00 0.00 HOLD
204.700	>>> V 0.00 0.00
204.700	S 6354109 -6.68 29.79 0.00 0.00 HOLD
204.726	>>> X
