0.012	>>> 
0.013	>>> B 1654 2007
0.013	>>> I
0.119	>>> V 0.00 0.00
0.119	70241 -9.40 10.46 0.00 0.00 HOLD
0.119	S 20670261 -9.40 10.46 0.00 0.00 HOLD
0.123	S 20670281 -9.32 10.46 0.00 0.00 HOLD
0.124	S 20670301 -9.40 10.46 0.00 0.00 HOLD
0.125	S 20670321 -9.40 10.46 0.00 0.00 HOLD
0.125	S 20670341 -9.40 10.46 0.00 0.00 HOLD
0.126	S 20670361 -9.40 10.46 0.00 0.00 HOLD
0.126	S 20670381 -9.32 10.46 0.00 0.00 HOLD
0.126	S 20670401 -9.40 10.46 0.00 0.00 HOLD
0.127	S 20670421 -9.40 10.46 0.00 0.00 HOLD
0.127	S 20670441 -9.40 10.46 0.00 0.00 HOLD
0.128	S 20670461 -9.32 10.46 0.00 0.00 HOLD
0.129	S 20670481 -9.40 10.46 0.00 0.00 HOLD
0.129	S 20670501 -9.40 10.46 0.00 0.00 HOLD
0.130	S 20670521 -9.40 10.46 0.00 0.00 HOLD
0.130	S 20670541 -9.40 10.46 0.00 0.00 HOLD
0.130	S 20670561 -9.40 10.46 0.00 0.00 HOLD
0.132	S 20670581 -9.40 10.46 0.00 0.00 HOLD
0.133	S 20670601 -9.40 10.46 0.00 0.00 HOLD
0.134	S 20670621 -9.40 10.46 0.00 0.00 HOLD
0.135	S 20670641 -9.40 10.46 0.00 0.00 HOLD
0.138	S 20670661 -9.40 10.46 0.00 0.00 HOLD
0.141	S 20670681 -9.40 10.46 0.00 0.00 HOLD
0.146	S 20670701 -9.40 10.46 0.00 0.00 HOLD
0.148	S 20670721 -9.40 10.46 0.00 0.00 HOLD
0.149	S 20670741 -9.40 10.46 0.00 0.00 HOLD
0.150	S 20670761 -9.40 10.46 0.00 0.00 HOLD
0.152	S 20670781 -9.40 10.46 0.00 0.00 HOLD
0.153	S 20670801 -9.40 10.46 0.00 0.00 HOLD
0.155	S 20670821 -9.32 10.46 0.00 0.00 HOLD
0.157	S 20670841 -9.40 10.46 0.00 0.00 HOLD
0.158	S 20670861 -9.40 10.46 0.00 0.00 HOLD
0.158	S 20670881 -9.40 10.46 0.00 0.00 HOLD
0.159	S 20670901 -9.32 10.46 0.00 0.00 HOLD
0.161	S 20670921 -9.40 10.46 0.00 0.00 HOLD
0.162	S 20670941 -9.40 10.46 0.00 0.00 HOLD
0.163	S 20670961 -9.40 10.46 0.00 0.00 HOLD
0.164	S 20670981 -9.40 10.46 0.00 0.00 HOLD
0.165	S 20671001 -9.32 10.46 0.00 0.00 HOLD
0.168	B 1654 2007
0.172	S 20684502 -9.40 10.46 0.00 0.00 HOMING
0.181	S 20684522 -9.40 10.46 0.00 0.00 HOMING
0.182	S 20684542 -9.40 10.46 0.00 0.00 HOMING
0.186	S 20684562 -9.32 10.20 0.00 -1.37 HOMING
0.187	S 20684582 -9.05 9.84 1.37 -4.12 HOMING
0.190	>>> V 0.00 0.00
0.191	S 20684602 -8.61 9.49 5.50 -9.62 HOMING
0.192	S 20684622 -8.26 9.14 10.99 -13.74 HOMING
0.194	S 20684642 -7.82 8.79 15.11 -15.11 HOMING
0.195	S 20684662 -7.56 8.44 16.49 -17.86 HOMING
0.198	>>> V 0.00 0.00
0.213	>>> V 0.00 0.00
0.213	S 20684682 -7.12 8.09 17.86 -17.86 HOMING
0.232	>>> V 0.00 0.00
0.234	S 20684702 -6.86 7.73 16.49 -17.86 HOMING
0.253	>>> V 0.00 0.00
0.254	S 20684722 -6.50 7.38 16.49 -17.86 HOMING
0.274	>>> V 0.00 0.00
0.276	S 20684742 -6.24 7.03 15.11 -16.49 HOMING
0.293	>>> V 0.00 0.00
0.293	S 20684762 -5.89 6.68 15.11 -16.49 HOMING
0.313	>>> V 0.00 0.00
0.315	S 20684782 -5.62 6.42 13.74 -15.11 HOMING
0.332	>>> V 0.00 0.00
0.333	S 20684802 -5.36 6.15 13.74 -15.11 HOMING
0.353	>>> V 0.00 0.00
0.353	S 20684822 -5.10 5.80 12.37 -13.74 HOMING
0.374	>>> V 0.00 0.00
0.375	S 20684842 -4.92 5.54 12.37 -13.74 HOMING
0.392	>>> V 0.00 0.00
0.393	S 20684862 -4.66 5.36 10.99 -13.74 HOMING
0.413	>>> V 0.00 0.00
0.413	S 20684882 -4.48 5.10 10.99 -12.37 HOMING
0.432	>>> V 0.00 0.00
0.433	S 20684902 -4.31 4.83 9.62 -12.37 HOMING
0.452	>>> V 0.00 0.00
0.453	S 20684922 -4.13 4.66 9.62 -10.99 HOMING
0.474	>>> V 0.00 0.00
0.474	S 20684942 -3.87 4.48 9.62 -10.99 HOMING
0.492	>>> V 0.00 0.00
0.493	S 20684962 -3.69 4.22 8.24 -9.62 HOMING
0.513	>>> V 0.00 0.00
0.514	S 20684982 -3.60 4.04 8.24 -9.62 HOMING
0.532	>>> V 0.00 0.00
0.533	S 20685002 -3.43 3.87 8.24 -9.62 HOMING
0.552	>>> V 0.00 0.00
0.553	S 20685022 -3.25 3.69 6.87 -9.62 HOMING
0.574	>>> V 0.00 0.00
0.574	S 20685042 -3.16 3.43 6.87 -9.62 HOMING
0.592	>>> V 0.00 0.00
0.593	S 20685062 -3.08 3.34 5.50 -8.24 HOMING
0.614	>>> V 0.00 0.00
0.614	S 20685082 -2.90 3.25 5.50 -8.24 HOMING
0.632	>>> V 0.00 0.00
0.633	S 20685102 -2.81 3.08 5.50 -6.87 HOMING
0.652	>>> V 0.00 0.00
0.653	S 20685122 -2.64 2.99 5.50 -5.50 HOMING
0.673	>>> V 0.00 0.00
0.674	S 20685142 -2.55 2.90 5.50 -5.50 HOMING
0.692	>>> V 0.00 0.00
0.693	S 20685162 -2.46 2.72 5.50 -5.50 HOMING
0.715	>>> V 0.00 0.00
0.716	S 20685182 -2.37 2.64 5.50 -5.50 HOMING
0.732	>>> V 0.00 0.00
0.733	S 20685202 -2.20 2.46 5.50 -5.50 HOMING
0.752	>>> V 0.00 0.00
0.753	S 20685223 -2.11 2.37 5.50 -5.50 HOMING
0.774	>>> V 0.00 0.00
0.774	S 20685243 -2.02 2.29 5.50 -5.50 HOMING
0.792	>>> V 0.00 0.00
0.793	S 20685263 -1.93 2.20 4.12 -5.50 HOMING
0.815	>>> V 0.00 0.00
0.815	S 20685283 -1.85 2.02 4.12 -5.50 HOMING
0.833	>>> V 0.00 0.00
0.833	S 20685303 -1.76 1.93 4.12 -5.50 HOMING
0.853	>>> V 0.00 0.00
0.853	S 20685323 -1.58 1.85 4.12 -5.50 HOMING
0.874	>>> V 0.00 0.00
0.874	S 20685343 -1.58 1.76 4.12 -5.50 HOMING
0.892	>>> V 0.00 0.00
0.893	S 20685363 -1.58 1.67 2.75 -4.12 HOMING
0.913	>>> V 0.00 0.00
0.914	S 20685383 -1.58 1.58 1.37 -4.12 HOMING
0.932	>>> V 0.00 0.00
0.933	S 20685403 -1.58 1.58 0.00 -2.75 HOMING
0.952	>>> V 0.00 0.00
0.953	S 20685423 -1.41 1.58 0.00 -1.37 HOMING
0.974	>>> V 0.00 0.00
0.975	S 20685443 -1.41 1.49 1.37 -1.37 HOMING
0.992	>>> V 0.00 0.00
0.993	S 20685463 -1.23 1.41 2.75 -1.37 HOMING
1.014	>>> V 0.00 0.00
1.014	S 20685483 -1.23 1.23 4.12 -2.75 HOMING
1.033	>>> V 0.00 0.00
1.033	S 20685503 -1.14 1.23 2.75 -4.12 HOMING
1.053	>>> V 0.00 0.00
1.056	S 20685523 -1.14 1.32 2.75 -2.75 HOMING
1.073	>>> V 0.00 0.00
1.074	S 20685543 -1.05 1.32 2.75 -1.37 HOMING
1.092	>>> V 0.00 0.00
1.093	S 20685563 -0.97 1.23 2.75 0.00 HOMING
1.113	>>> V 0.00 0.00
1.113	S 20685583 -0.97 1.14 2.75 0.00 HOMING
1.132	>>> V 0.00 0.00
1.132	S 20685603 -0.97 1.05 1.37 -1.37 HOMING
1.152	>>> V 0.00 0.00
1.153	S 20685623 -0.97 0.97 0.00 -2.75 HOMING
1.172	>>> V 0.00 0.00
1.175	S 20685643 -0.97 0.88 0.00 -2.75 HOMING
1.192	>>> V 0.00 0.00
1.193	S 20685663 -0.88 0.88 0.00 -2.75 HOMING
1.213	>>> V 0.00 0.00
1.214	S 20685683 -0.79 0.88 0.00 -1.37 HOMING
1.232	>>> V 0.00 0.00
1.233	S 20685703 -0.79 0.97 1.37 0.00 HOMING
1.252	>>> V 0.00 0.00
1.253	S 20685723 -0.79 0.88 1.37 0.00 HOMING
1.275	>>> V 0.00 0.00
1.276	S 20685743 -0.79 0.88 1.37 0.00 HOMING
1.292	>>> V 0.00 0.00
1.293	S 20685763 -0.79 0.70 0.00 0.00 HOMING
1.313	>>> V 0.00 0.00
1.313	S 20685783 -0.79 0.62 0.00 -1.37 HOMING
1.332	>>> V 0.00 0.00
1.333	S 20685803 -0.79 0.62 0.00 -1.37 HOMING
1.352	>>> V 0.00 0.00
1.353	S 20685823 -0.62 0.62 1.37 -1.37 HOMING
1.374	>>> V 0.00 0.00
1.375	S 20685843 -0.62 0.62 1.37 -1.37 HOMING
1.392	>>> V 0.00 0.00
1.393	S 20685863 -0.62 0.62 1.37 0.00 HOMING
1.412	>>> V 0.00 0.00
1.414	S 20685883 -0.62 0.53 1.37 0.00 HOMING
1.432	>>> V 0.00 0.00
1.432	S 20685903 -0.53 0.53 0.00 0.00 HOMING
1.452	>>> V 0.00 0.00
1.457	S 20685923 -0.53 0.44 0.00 -1.37 HOMING
1.473	>>> V 0.00 0.00
1.474	S 20685943 -0.44 0.44 1.37 -1.37 HOLD
1.494	>>> V 0.00 0.00
1.496	S 20685963 -0.44 0.44 1.37 -1.37 HOLD
1.513	>>> V 0.00 0.00
1.514	S 20685983 -0.44 0.44 1.37 0.00 HOLD
1.532	>>> V 0.00 0.00
1.533	S 20686003 -0.53 0.44 0.00 0.00 HOLD
1.552	>>> V 0.00 0.00
1.553	S 20686023 -0.44 0.44 0.00 0.00 HOLD
1.574	>>> V 0.00 0.00
1.575	S 20686043 -0.44 0.44 0.00 0.00 HOLD
1.593	>>> V 0.00 0.00
1.594	S 20686063 -0.44 0.44 0.00 0.00 HOLD
1.615	>>> V 0.00 0.00
1.615	S 20686083 -0.44 0.44 0.00 0.00 HOLD
1.632	>>> V 0.00 0.00
1.633	S 20686103 -0.44 0.44 0.00 0.00 HOLD
1.652	>>> V 0.00 0.00
1.653	S 20686123 -0.44 0.44 0.00 0.00 HOLD
1.674	>>> V 0.00 0.00
1.675	S 20686143 -0.44 0.44 0.00 0.00 HOLD
1.692	>>> V 0.00 0.00
1.693	S 20686163 -0.53 0.44 0.00 0.00 HOLD
1.714	>>> V 0.00 0.00
1.714	S 20686183 -0.44 0.44 0.00 0.00 HOLD
1.732	>>> V 0.00 0.00
1.733	S 20686203 -0.44 0.44 0.00 0.00 HOLD
1.753	>>> V 0.00 0.00
1.753	S 20686223 -0.44 0.44 0.00 0.00 HOLD
1.775	>>> V 0.00 0.00
1.776	S 20686243 -0.44 0.44 0.00 0.00 HOLD
1.792	>>> V 0.00 0.00
1.793	S 20686263 -0.44 0.44 0.00 0.00 HOLD
1.813	>>> V 0.00 0.00
1.814	S 20686283 -0.44 0.44 0.00 0.00 HOLD
1.833	>>> V 0.00 0.00
1.833	S 20686303 -0.44 0.44 0.00 0.00 HOLD
1.854	>>> V 0.00 0.00
1.854	S 20686323 -0.44 0.44 0.00 0.00 HOLD
1.874	>>> V 0.00 0.00
1.874	S 20686343 -0.44 0.44 0.00 0.00 HOLD
1.893	>>> V 0.00 0.00
1.893	S 20686363 -0.44 0.44 0.00 0.00 HOLD
1.914	>>> V 0.00 0.00
1.915	S 20686383 -0.44 0.44 0.00 0.00 HOLD
1.933	>>> V 0.00 0.00
1.933	S 20686403 -0.53 0.44 0.00 0.00 HOLD
1.957	>>> V 0.00 0.00
1.958	S 20686423 -0.53 0.44 0.00 0.00 HOLD
1.973	>>> V 0.00 0.00
1.976	S 20686443 -0.44 0.44 0.00 0.00 HOLD
1.998	>>> V 0.00 0.00
2.000	S 20686463 -0.44 0.44 0.00 0.00 HOLD
2.015	>>> V 0.00 0.00
2.016	S 20686483 -0.44 0.44 0.00 0.00 HOLD
2.035	>>> V 0.00 0.00
2.038	S 20686503 -0.44 0.44 0.00 0.00 HOLD
2.054	>>> V 0.00 0.00
2.054	S 20686523 -0.44 0.44 0.00 0.00 HOLD
2.080	>>> V 0.00 0.00
2.080	S 20686543 -0.44 0.44 0.00 0.00 HOLD
2.095	>>> V 0.00 0.00
2.097	S 20686563 -0.53 0.44 0.00 0.00 HOLD
2.113	>>> V 0.00 0.00
2.114	S 20686583 -0.53 0.44 0.00 0.00 HOLD
2.133	>>> V 0.00 0.00
2.135	S 20686603 -0.44 0.44 0.00 0.00 HOLD
2.155	>>> V 0.00 0.00
2.156	S 20686623 -0.44 0.44 0.00 0.00 HOLD
2.173	>>> V 0.00 0.00
2.175	S 20686643 -0.53 0.44 0.00 0.00 HOLD
2.192	>>> V 0.00 0.00
2.193	S 20686663 -0.44 0.44 0.00 0.00 HOLD
2.214	>>> V 0.00 0.00
2.215	S 20686683 -0.53 0.44 0.00 0.00 HOLD
2.233	>>> V 0.00 0.00
2.235	S 20686703 -0.53 0.44 0.00 0.00 HOLD
2.256	>>> V 0.00 0.00
2.257	S 20686723 -0.44 0.44 0.00 0.00 HOLD
2.273	>>> V 0.00 0.00
2.273	S 20686743 -0.44 0.44 0.00 0.00 HOLD
2.293	>>> V 0.00 0.00
2.295	S 20686763 -0.44 0.44 0.00 0.00 HOLD
2.314	>>> V 0.00 0.00
2.317	S 20686783 -0.44 0.44 0.00 0.00 HOLD
2.333	>>> V 0.00 0.00
2.335	S 20686803 -0.44 0.44 0.00 0.00 HOLD
2.358	>>> V 0.00 0.00
2.359	S 20686823 -0.44 0.44 0.00 0.00 HOLD
2.372	>>> V 0.00 0.00
2.373	S 20686843 -0.53 0.44 0.00 0.00 HOLD
2.393	>>> V 0.00 0.00
2.394	S 20686863 -0.44 0.44 0.00 0.00 HOLD
2.417	>>> V 0.00 0.00
2.417	S 20686883 -0.44 0.44 0.00 0.00 HOLD
2.432	>>> V 0.00 0.00
2.433	S 20686903 -0.53 0.44 0.00 0.00 HOLD
2.458	>>> V 0.00 0.00
2.458	S 20686923 -0.53 0.44 0.00 0.00 HOLD
2.475	>>> V 0.00 0.00
2.476	S 20686943 -0.44 0.44 0.00 0.00 HOLD
2.493	>>> V 0.00 0.00
2.497	S 20686963 -0.44 0.44 0.00 0.00 HOLD
2.515	>>> V 0.00 0.00
2.517	S 20686983 -0.44 0.44 0.00 0.00 HOLD
2.537	>>> V 0.00 0.00
2.539	S 20687003 -0.53 0.44 0.00 0.00 HOLD
2.555	>>> V 0.00 0.00
2.555	S 20687023 -0.44 0.44 0.00 0.00 HOLD
2.577	>>> V 0.00 0.00
2.577	S 20687043 -0.44 0.44 0.00 0.00 HOLD
2.593	>>> V 0.00 0.00
2.594	S 20687063 -0.53 0.44 0.00 0.00 HOLD
2.615	>>> V 0.00 0.00
2.616	S 20687083 -0.44 0.44 0.00 0.00 HOLD
2.633	>>> V 0.00 0.00
2.633	S 20687103 -0.44 0.44 0.00 0.00 HOLD
2.654	>>> V 0.00 0.00
2.655	S 20687123 -0.44 0.44 0.00 0.00 HOLD
2.673	>>> V 0.00 0.00
2.674	S 20687143 -0.44 0.44 0.00 0.00 HOLD
2.693	>>> V 0.00 0.00
2.694	S 20687163 -0.53 0.44 0.00 0.00 HOLD
2.713	>>> V 0.00 0.00
2.713	S 20687183 -0.44 0.44 0.00 0.00 HOLD
2.733	>>> V 0.00 0.00
2.733	S 20687203 -0.44 0.44 0.00 0.00 HOLD
2.753	>>> V 0.00 0.00
2.754	S 20687223 -0.44 0.44 0.00 0.00 HOLD
2.773	>>> V 0.00 0.00
2.773	S 20687243 -0.44 0.44 0.00 0.00 HOLD
2.793	>>> V 0.00 0.00
2.794	S 20687263 -0.53 0.44 0.00 0.00 HOLD
2.813	>>> V 0.00 0.00
2.813	S 20687283 -0.44 0.44 0.00 0.00 HOLD
2.834	>>> V 0.00 0.00
2.835	S 20687303 -0.44 0.44 0.00 0.00 HOLD
2.852	>>> V 0.00 0.00
2.853	S 20687323 -0.44 0.44 0.00 0.00 HOLD
2.874	>>> V 0.00 0.00
2.875	S 20687343 -0.53 0.44 0.00 0.00 HOLD
2.893	>>> V 0.00 0.00
2.893	S 20687363 -0.44 0.44 0.00 0.00 HOLD
2.913	>>> V 0.00 0.00
2.914	S 20687383 -0.53 0.44 0.00 0.00 HOLD
2.933	>>> V 0.00 0.00
2.934	S 20687403 -0.44 0.44 0.00 0.00 HOLD
2.954	>>> V 0.00 0.00
2.955	S 20687423 -0.44 0.44 0.00 0.00 HOLD
2.973	>>> V 0.00 0.00
2.973	S 20687443 -0.44 0.44 0.00 0.00 HOLD
2.993	>>> V 0.00 0.00
2.993	S 20687463 -0.44 0.44 0.00 0.00 HOLD
3.013	>>> V 0.00 0.00
3.014	S 20687483 -0.44 0.44 0.00 0.00 HOLD
3.032	>>> V 0.00 0.00
3.033	S 20687503 -0.44 0.44 0.00 0.00 HOLD
3.053	>>> V 0.00 0.00
3.055	S 20687523 -0.44 0.44 0.00 0.00 HOLD
3.072	>>> V 0.00 0.00
3.073	S 20687543 -0.44 0.44 0.00 0.00 HOLD
3.094	>>> V 0.00 0.00
3.094	S 20687563 -0.44 0.44 0.00 0.00 HOLD
3.112	>>> V 0.00 0.00
3.113	S 20687583 -0.53 0.44 0.00 0.00 HOLD
3.133	>>> V 0.00 0.00
3.134	S 20687603 -0.53 0.44 0.00 0.00 HOLD
3.152	>>> V 0.00 0.00
3.153	S 20687623 -0.44 0.44 0.00 0.00 HOLD
3.175	>>> V 0.00 0.00
3.175	S 20687643 -0.44 0.44 0.00 0.00 HOLD
3.192	>>> V 0.00 0.00
3.193	S 20687663 -0.44 0.44 0.00 0.00 HOLD
3.214	>>> V 0.00 0.00
3.216	S 20687683 -0.44 0.44 0.00 0.00 HOLD
3.233	>>> V 0.00 0.00
3.233	S 20687703 -0.44 0.44 0.00 0.00 HOLD
3.255	>>> V 0.00 0.00
3.255	S 20687723 -0.44 0.44 0.00 0.00 HOLD
3.273	>>> V 0.00 0.00
3.273	S 20687743 -0.44 0.44 0.00 0.00 HOLD
3.293	>>> V 0.00 0.00
3.294	S 20687763 -0.44 0.44 0.00 0.00 HOLD
3.313	>>> V 0.00 0.00
3.313	S 20687783 -0.53 0.44 0.00 0.00 HOLD
3.333	>>> V 0.00 0.00
3.333	S 20687803 -0.44 0.44 0.00 0.00 HOLD
3.353	>>> V 0.00 0.00
3.354	S 20687823 -0.44 0.44 0.00 0.00 HOLD
3.372	>>> V 0.00 0.00
3.373	S 20687843 -0.44 0.44 0.00 0.00 HOLD
3.393	>>> V 0.00 0.00
3.394	S 20687863 -0.53 0.44 0.00 0.00 HOLD
3.413	>>> V 0.00 0.00
3.413	S 20687883 -0.44 0.44 0.00 0.00 HOLD
3.434	>>> V 0.00 0.00
3.434	S 20687903 -0.44 0.44 0.00 0.00 HOLD
3.452	>>> V 0.00 0.00
3.453	S 20687923 -0.44 0.44 0.00 0.00 HOLD
3.474	>>> V 0.00 0.00
3.474	S 20687943 -0.53 0.44 0.00 0.00 HOLD
3.493	>>> V 0.00 0.00
3.495	S 20687963 -0.44 0.44 0.00 0.00 HOLD
3.514	>>> V 0.00 0.00
3.514	S 20687983 -0.53 0.44 0.00 0.00 HOLD
3.533	>>> V 0.00 0.00
3.534	S 20688003 -0.44 0.44 0.00 0.00 HOLD
3.554	>>> V 0.00 0.00
3.555	S 20688023 -0.44 0.44 0.00 0.00 HOLD
3.573	>>> V 0.00 0.00
3.573	S 20688043 -0.44 0.44 0.00 0.00 HOLD
3.593	>>> V 0.00 0.00
3.593	S 20688063 -0.44 0.44 0.00 0.00 HOLD
3.613	>>> V 0.00 0.00
3.613	S 20688083 -0.44 0.44 0.00 0.00 HOLD
3.632	>>> V 0.00 0.00
3.633	S 20688103 -0.53 0.44 0.00 0.00 HOLD
3.653	>>> V 0.00 0.00
3.654	S 20688123 -0.53 0.44 0.00 0.00 HOLD
3.675	>>> V 0.00 0.00
3.675	S 20688143 -0.44 0.44 0.00 0.00 HOLD
3.693	>>> V 0.00 0.00
3.694	S 20688163 -0.53 0.44 0.00 0.00 HOLD
3.714	>>> V 0.00 0.00
3.714	S 20688183 -0.44 0.44 0.00 0.00 HOLD
3.732	>>> V 0.00 0.00
3.733	S 20688203 -0.53 0.44 0.00 0.00 HOLD
3.752	>>> V 0.00 0.00
3.753	S 20688223 -0.44 0.44 0.00 0.00 HOLD
3.773	>>> V 0.00 0.00
3.774	S 20688243 -0.44 0.44 0.00 0.00 HOLD
3.792	>>> V 0.00 0.00
3.793	S 20688263 -0.53 0.44 0.00 0.00 HOLD
3.815	>>> V 0.00 0.00
3.815	S 20688283 -0.53 0.44 0.00 0.00 HOLD
3.833	>>> V 0.00 0.00
3.834	S 20688303 -0.53 0.44 0.00 0.00 HOLD
3.853	>>> V 0.00 0.00
3.853	S 20688323 -0.53 0.44 0.00 0.00 HOLD
3.874	>>> V 0.00 0.00
3.874	S 20688343 -0.44 0.44 0.00 0.00 HOLD
3.892	>>> V 0.00 0.00
3.893	S 20688363 -0.44 0.44 0.00 0.00 HOLD
3.917	>>> V 0.00 0.00
3.917	S 20688383 -0.53 0.53 0.00 0.00 HOLD
3.933	>>> V 0.00 0.00
3.935	S 20688403 -0.44 0.44 0.00 0.00 HOLD
3.953	>>> V 0.00 0.00
3.953	S 20688423 -0.53 0.44 0.00 0.00 HOLD
3.973	>>> V 0.00 0.00
3.974	S 20688443 -0.44 0.44 0.00 0.00 HOLD
3.992	>>> V 0.00 0.00
3.993	S 20688463 -0.53 0.44 0.00 0.00 HOLD
4.013	>>> V 0.00 0.00
4.014	S 20688483 -0.44 0.44 0.00 0.00 HOLD
4.033	>>> V 0.00 0.00
4.033	S 20688503 -0.44 0.44 0.00 0.00 HOLD
4.056	>>> V 0.00 0.00
4.057	S 20688523 -0.44 0.44 0.00 0.00 HOLD
4.073	>>> V 0.00 0.00
4.073	S 20688543 -0.53 0.44 0.00 0.00 HOLD
4.096	>>> V 0.00 0.00
4.097	S 20688563 -0.53 0.44 0.00 0.00 HOLD
4.117	>>> V 0.00 0.00
4.118	S 20688583 -0.44 0.44 0.00 0.00 HOLD
4.136	>>> V 0.00 0.00
4.140	S 20688603 -0.44 0.44 0.00 0.00 HOLD
4.155	>>> V 0.00 0.00
4.158	S 20688623 -0.44 0.44 0.00 0.00 HOLD
4.178	>>> V 0.00 0.00
4.180	S 20688643 -0.53 0.44 0.00 0.00 HOLD
4.193	>>> V 0.00 0.00
4.193	S 20688663 -0.44 0.44 0.00 0.00 HOLD
4.215	>>> V 0.00 0.00
4.215	S 20688683 -0.44 0.44 0.00 0.00 HOLD
4.234	>>> V 0.00 0.00
4.235	S 20688703 -0.53 0.44 0.00 0.00 HOLD
4.253	>>> V 0.00 0.00
4.253	S 20688723 -0.44 0.44 0.00 0.00 HOLD
4.275	>>> V 0.00 0.00
4.275	S 20688743 -0.44 0.44 0.00 0.00 HOLD
4.292	>>> V 0.00 0.00
4.294	S 20688763 -0.44 0.44 0.00 0.00 HOLD
4.313	>>> V 0.00 0.00
4.314	S 20688783 -0.44 0.44 0.00 0.00 HOLD
4.333	>>> V 0.00 0.00
4.333	S 20688803 -0.44 0.44 0.00 0.00 HOLD
4.352	>>> V 0.00 0.00
4.353	S 20688823 -0.44 0.44 0.00 0.00 HOLD
4.374	>>> V 0.00 0.00
4.375	S 20688843 -0.44 0.44 0.00 0.00 HOLD
4.392	>>> V 0.00 0.00
4.393	S 20688863 -0.53 0.44 0.00 0.00 HOLD
4.413	>>> V 0.00 0.00
4.413	S 20688883 -0.53 0.44 0.00 0.00 HOLD
4.434	>>> V 0.00 0.00
4.435	S 20688903 -0.44 0.53 0.00 0.00 HOLD
4.452	>>> V 0.00 0.00
4.453	S 20688923 -0.44 0.44 0.00 0.00 HOLD
4.473	>>> V 0.00 0.00
4.474	S 20688943 -0.44 0.44 0.00 0.00 HOLD
4.494	>>> V 0.00 0.00
4.494	S 20688963 -0.53 0.44 0.00 0.00 HOLD
4.514	>>> V 0.00 0.00
4.515	S 20688983 -0.44 0.44 0.00 0.00 HOLD
4.533	>>> V 0.00 0.00
4.534	S 20689003 -0.44 0.44 0.00 0.00 HOLD
4.552	>>> V 0.00 0.00
4.553	S 20689023 -0.44 0.44 0.00 0.00 HOLD
4.574	>>> V 0.00 0.00
4.574	S 20689043 -0.44 0.44 0.00 0.00 HOLD
4.593	>>> V 0.00 0.00
4.594	S 20689063 -0.44 0.44 0.00 0.00 HOLD
4.613	>>> V 0.00 0.00
4.615	S 20689083 -0.44 0.44 0.00 0.00 HOLD
4.632	>>> V 0.00 0.00
4.634	S 20689103 -0.44 0.44 0.00 0.00 HOLD
4.652	>>> V 0.00 0.00
4.653	S 20689123 -0.44 0.44 0.00 0.00 HOLD
4.673	>>> V 0.00 0.00
4.674	S 20689143 -0.44 0.44 0.00 0.00 HOLD
4.693	>>> V 0.00 0.00
4.693	S 20689163 -0.44 0.44 0.00 0.00 HOLD
4.715	>>> V 0.00 0.00
4.716	S 20689183 -0.44 0.44 0.00 0.00 HOLD
4.734	>>> V 0.00 0.00
4.735	S 20689203 -0.44 0.44 0.00 0.00 HOLD
4.753	>>> V 0.00 0.00
4.753	S 20689223 -0.53 0.44 0.00 0.00 HOLD
4.774	>>> V 0.00 0.00
4.774	S 20689243 -0.44 0.44 0.00 0.00 HOLD
4.793	>>> V 0.00 0.00
4.794	S 20689263 -0.44 0.44 0.00 0.00 HOLD
4.814	>>> V 0.00 0.00
4.814	S 20689283 -0.53 0.44 0.00 0.00 HOLD
4.833	>>> V 0.00 0.00
4.834	S 20689303 -0.44 0.44 0.00 0.00 HOLD
4.852	>>> V 0.00 0.00
4.853	S 20689323 -0.53 0.44 0.00 0.00 HOLD
4.874	>>> V 0.00 0.00
4.874	S 20689343 -0.44 0.44 0.00 0.00 HOLD
4.893	>>> V 0.00 0.00
4.893	S 20689363 -0.44 0.44 0.00 0.00 HOLD
4.914	>>> V 0.00 0.00
4.915	S 20689383 -0.44 0.44 0.00 0.00 HOLD
4.933	>>> V 0.00 0.00
4.934	S 20689403 -0.44 0.44 0.00 0.00 HOLD
4.954	>>> V 0.00 0.00
4.955	S 20689423 -0.44 0.44 0.00 0.00 HOLD
4.974	>>> V 0.00 0.00
4.975	S 20689443 -0.44 0.44 0.00 0.00 HOLD
4.993	>>> V 0.00 0.00
4.994	S 20689463 -0.44 0.44 0.00 0.00 HOLD
5.020	>>> V 0.00 0.00
5.022	S 20689483 -0.44 0.44 0.00 0.00 HOLD
5.033	>>> V 0.00 0.00
5.037	S 20689503 -0.44 0.44 0.00 0.00 HOLD
5.055	>>> V 0.00 0.00
5.056	S 20689523 -0.44 0.44 0.00 0.00 HOLD
5.073	>>> V 0.00 0.00
5.074	S 20689543 -0.44 0.44 0.00 0.00 HOLD
5.093	>>> V 0.00 0.00
5.093	S 20689563 -0.44 0.44 0.00 0.00 HOLD
5.116	>>> V 0.00 0.00
5.118	S 20689583 -0.44 0.44 0.00 0.00 HOLD
5.133	>>> V 0.00 0.00
5.133	S 20689603 -0.53 0.44 0.00 0.00 HOLD
5.153	>>> V 0.00 0.00
5.154	S 20689623 -0.44 0.44 0.00 0.00 HOLD
5.173	>>> V 0.00 0.00
5.174	S 20689643 -0.44 0.44 0.00 0.00 HOLD
5.193	>>> V 0.00 0.00
5.194	S 20689663 -0.44 0.44 0.00 0.00 HOLD
5.214	>>> V 0.00 0.00
5.214	S 20689683 -0.44 0.44 0.00 0.00 HOLD
5.233	>>> V 0.00 0.00
5.235	S 20689703 -0.44 0.44 0.00 0.00 HOLD
5.252	>>> V 0.00 0.00
5.253	S 20689723 -0.44 0.44 0.00 0.00 HOLD
5.274	>>> V 0.00 0.00
5.276	S 20689743 -0.44 0.44 0.00 0.00 HOLD
5.293	>>> V 0.00 0.00
5.293	S 20689763 -0.44 0.44 0.00 0.00 HOLD
5.313	>>> V 0.00 0.00
5.313	S 20689783 -0.44 0.44 0.00 0.00 HOLD
5.332	>>> V 0.00 0.00
5.333	S 20689803 -0.53 0.44 0.00 0.00 HOLD
5.352	>>> V 0.00 0.00
5.353	S 20689823 -0.53 0.44 0.00 0.00 HOLD
5.376	>>> V 0.00 0.00
5.376	S 20689843 -0.44 0.44 0.00 0.00 HOLD
5.393	>>> V 0.00 0.00
5.394	S 20689863 -0.44 0.44 0.00 0.00 HOLD
5.414	>>> V 0.00 0.00
5.416	S 20689883 -0.44 0.44 0.00 0.00 HOLD
5.433	>>> V 0.00 0.00
5.433	S 20689903 -0.44 0.44 0.00 0.00 HOLD
5.453	>>> V 0.00 0.00
5.454	S 20689923 -0.44 0.44 0.00 0.00 HOLD
5.475	>>> V 0.00 0.00
5.478	S 20689943 -0.44 0.44 0.00 0.00 HOLD
5.493	>>> V 0.00 0.00
5.494	S 20689963 -0.44 0.44 0.00 0.00 HOLD
5.515	>>> V 0.00 0.00
5.517	S 20689983 -0.44 0.44 0.00 0.00 HOLD
5.534	>>> V 0.00 0.00
5.534	S 20690003 -0.44 0.53 0.00 0.00 HOLD
5.553	>>> V 0.00 0.00
5.554	S 20690023 -0.44 0.44 0.00 0.00 HOLD
5.576	>>> V 0.00 0.00
5.578	S 20690043 -0.44 0.44 0.00 0.00 HOLD
5.593	>>> V 0.00 0.00
5.593	S 20690063 -0.44 0.44 0.00 0.00 HOLD
5.615	>>> V 0.00 0.00
5.615	S 20690083 -0.44 0.44 0.00 0.00 HOLD
5.632	>>> V 0.00 0.00
5.634	S 20690103 -0.44 0.44 0.00 0.00 HOLD
5.654	>>> V 0.00 0.00
5.654	S 20690123 -0.44 0.44 0.00 0.00 HOLD
5.672	>>> V 0.00 0.00
5.674	S 20690143 -0.53 0.44 0.00 0.00 HOLD
5.692	>>> V 0.00 0.00
5.693	S 20690163 -0.44 0.44 0.00 0.00 HOLD
5.717	>>> V 0.00 0.00
5.717	S 20690183 -0.44 0.44 0.00 0.00 HOLD
5.733	>>> V 0.00 0.00
5.733	S 20690203 -0.44 0.44 0.00 0.00 HOLD
5.753	>>> V 0.00 0.00
5.754	S 20690223 -0.44 0.44 0.00 0.00 HOLD
5.773	>>> V 0.00 0.00
5.773	S 20690243 -0.44 0.44 0.00 0.00 HOLD
5.793	>>> V 0.00 0.00
5.793	S 20690263 -0.53 0.44 0.00 0.00 HOLD
5.814	>>> V 0.00 0.00
5.815	S 20690283 -0.44 0.44 0.00 0.00 HOLD
5.832	>>> V 0.00 0.00
5.834	S 20690303 -0.53 0.44 0.00 0.00 HOLD
5.853	>>> V 0.00 0.00
5.855	S 20690323 -0.44 0.44 0.00 0.00 HOLD
5.873	>>> V 0.00 0.00
5.874	S 20690343 -0.44 0.44 0.00 0.00 HOLD
5.892	>>> V 0.00 0.00
5.893	S 20690363 -0.44 0.44 0.00 0.00 HOLD
5.913	>>> V 0.00 0.00
5.916	S 20690383 -0.44 0.44 0.00 0.00 HOLD
5.933	>>> V 0.00 0.00
5.934	S 20690403 -0.53 0.44 0.00 0.00 HOLD
5.953	>>> V 0.00 0.00
5.955	S 20690423 -0.44 0.44 0.00 0.00 HOLD
5.974	>>> V 0.00 0.00
5.975	S 20690443 -0.44 0.44 0.00 0.00 HOLD
5.994	>>> V 0.00 0.00
5.995	S 20690463 -0.53 0.44 0.00 0.00 HOLD
6.014	>>> V 0.00 0.00
6.015	S 20690483 -0.44 0.44 0.00 0.00 HOLD
6.033	>>> V 0.00 0.00
6.033	S 20690503 -0.53 0.44 0.00 0.00 HOLD
6.053	>>> V 0.00 0.00
6.054	S 20690523 -0.44 0.44 0.00 0.00 HOLD
6.074	>>> V 0.00 0.00
6.075	S 20690543 -0.53 0.44 0.00 0.00 HOLD
6.094	>>> V 0.00 0.00
6.094	S 20690563 -0.44 0.44 0.00 0.00 HOLD
6.114	>>> V 0.00 0.00
6.115	S 20690583 -0.44 0.44 0.00 0.00 HOLD
6.134	>>> V 0.00 0.00
6.134	S 20690603 -0.53 0.44 0.00 0.00 HOLD
6.152	>>> V 0.00 0.00
6.153	S 20690623 -0.53 0.44 0.00 0.00 HOLD
6.173	>>> V 0.00 0.00
6.173	S 20690643 -0.53 0.44 0.00 0.00 HOLD
6.193	>>> V 0.00 0.00
6.193	S 20690663 -0.44 0.44 0.00 0.00 HOLD
6.216	>>> V 0.00 0.00
6.217	S 20690683 -0.53 0.44 0.00 0.00 HOLD
6.233	>>> V 0.00 0.00
6.234	S 20690703 -0.44 0.44 0.00 0.00 HOLD
6.253	>>> V 0.00 0.00
6.253	S 20690723 -0.44 0.44 0.00 0.00 HOLD
6.273	>>> V 0.00 0.00
6.274	S 20690743 -0.53 0.44 0.00 0.00 HOLD
6.293	>>> V 0.00 0.00
6.294	S 20690763 -0.53 0.44 0.00 0.00 HOLD
6.314	>>> V 0.00 0.00
6.316	S 20690783 -0.44 0.44 0.00 0.00 HOLD
6.332	>>> V 0.00 0.00
6.333	S 20690803 -0.44 0.44 0.00 0.00 HOLD
6.354	>>> V 0.00 0.00
6.354	S 20690823 -0.44 0.44 0.00 0.00 HOLD
6.373	>>> V 0.00 0.00
6.373	S 20690843 -0.44 0.44 0.00 0.00 HOLD
6.394	>>> V 0.00 0.00
6.394	S 20690863 -0.44 0.44 0.00 0.00 HOLD
6.414	>>> V 0.00 0.00
6.415	S 20690883 -0.44 0.44 0.00 0.00 HOLD
6.435	>>> V 0.00 0.00
6.435	S 20690903 -0.44 0.44 0.00 0.00 HOLD
6.453	>>> V 0.00 0.00
6.454	S 20690923 -0.44 0.44 0.00 0.00 HOLD
6.472	>>> V 0.00 0.00
6.473	S 20690943 -0.44 0.44 0.00 0.00 HOLD
6.493	>>> V 0.00 0.00
6.494	S 20690963 -0.53 0.44 0.00 0.00 HOLD
6.513	>>> V 0.00 0.00
6.513	S 20690983 -0.53 0.44 0.00 0.00 HOLD
6.533	>>> V 0.00 0.00
6.534	S 20691003 -0.44 0.44 0.00 0.00 HOLD
6.553	>>> V 0.00 0.00
6.554	S 20691023 -0.44 0.44 0.00 0.00 HOLD
6.574	>>> V 0.00 0.00
6.575	S 20691043 -0.53 0.44 0.00 0.00 HOLD
6.594	>>> V 0.00 0.00
6.595	S 20691063 -0.44 0.44 0.00 0.00 HOLD
6.613	>>> V 0.00 0.00
6.613	S 20691083 -0.44 0.44 0.00 0.00 HOLD
6.634	>>> V 0.00 0.00
6.635	S 20691103 -0.44 0.44 0.00 0.00 HOLD
6.654	>>> V 0.00 0.00
6.655	S 20691123 -0.44 0.44 0.00 0.00 HOLD
6.673	>>> V 0.00 0.00
6.674	S 20691143 -0.44 0.44 0.00 0.00 HOLD
6.694	>>> V 0.00 0.00
6.694	S 20691163 -0.44 0.44 0.00 0.00 HOLD
6.712	>>> V 0.00 0.00
6.713	S 20691183 -0.53 0.44 0.00 0.00 HOLD
6.734	>>> V 0.00 0.00
6.734	S 20691203 -0.53 0.44 0.00 0.00 HOLD
6.755	>>> V 0.00 0.00
6.757	S 20691223 -0.44 0.44 0.00 0.00 HOLD
6.774	>>> V 0.00 0.00
6.774	S 20691243 -0.44 0.44 0.00 0.00 HOLD
6.793	>>> V 0.00 0.00
6.793	S 20691263 -0.44 0.44 0.00 0.00 HOLD
6.812	>>> V 0.00 0.00
6.813	S 20691283 -0.44 0.44 0.00 0.00 HOLD
6.834	>>> V 0.00 0.00
6.834	S 20691303 -0.44 0.44 0.00 0.00 HOLD
6.853	>>> V 0.00 0.00
6.854	S 20691323 -0.53 0.44 0.00 0.00 HOLD
6.873	>>> V 0.00 0.00
6.874	S 20691343 -0.44 0.44 0.00 0.00 HOLD
6.893	>>> V 0.00 0.00
6.894	S 20691363 -0.44 0.44 0.00 0.00 HOLD
6.913	>>> V 0.00 0.00
6.913	S 20691383 -0.53 0.44 0.00 0.00 HOLD
6.934	>>> V 0.00 0.00
6.935	S 20691403 -0.44 0.44 0.00 0.00 HOLD
6.953	>>> V 0.00 0.00
6.954	S 20691423 -0.53 0.44 0.00 0.00 HOLD
6.973	>>> V 0.00 0.00
6.974	S 20691443 -0.44 0.44 0.00 0.00 HOLD
6.992	>>> V 0.00 0.00
6.994	S 20691463 -0.44 0.44 0.00 0.00 HOLD
7.013	>>> V 0.00 0.00
7.013	S 20691483 -0.44 0.44 0.00 0.00 HOLD
7.033	>>> V 0.00 0.00
7.034	S 20691503 -0.44 0.44 0.00 0.00 HOLD
7.054	>>> V 0.00 0.00
7.055	S 20691523 -0.53 0.44 0.00 0.00 HOLD
7.073	>>> V 0.00 0.00
7.073	S 20691543 -0.44 0.44 0.00 0.00 HOLD
7.093	>>> V 0.00 0.00
7.093	S 20691563 -0.44 0.44 0.00 0.00 HOLD
7.113	>>> V 0.00 0.00
7.113	S 20691583 -0.44 0.44 0.00 0.00 HOLD
7.138	>>> V 0.00 0.00
7.138	S 20691603 -0.44 0.44 0.00 0.00 HOLD
7.153	>>> V 0.00 0.00
7.153	S 20691623 -0.44 0.44 0.00 0.00 HOLD
7.173	>>> V 0.00 0.00
7.173	S 20691643 -0.44 0.44 0.00 0.00 HOLD
7.194	>>> V 0.00 0.00
7.194	S 20691663 -0.44 0.44 0.00 0.00 HOLD
7.214	>>> V 0.00 0.00
7.214	S 20691683 -0.44 0.44 0.00 0.00 HOLD
7.234	>>> V 0.00 0.00
7.234	S 20691703 -0.53 0.44 0.00 0.00 HOLD
7.252	>>> V 0.00 0.00
7.253	S 20691723 -0.44 0.44 0.00 0.00 HOLD
7.272	>>> V 0.00 0.00
7.273	S 20691743 -0.44 0.44 0.00 0.00 HOLD
7.294	>>> V 0.00 0.00
7.295	S 20691763 -0.44 0.44 0.00 0.00 HOLD
7.313	>>> V 0.00 0.00
7.314	S 20691783 -0.44 0.44 0.00 0.00 HOLD
7.334	>>> V 0.00 0.00
7.334	S 20691803 -0.53 0.44 0.00 0.00 HOLD
7.353	>>> V 0.00 0.00
7.354	S 20691823 -0.53 0.44 0.00 0.00 HOLD
7.372	>>> V 0.00 0.00
7.373	S 20691843 -0.44 0.44 0.00 0.00 HOLD
7.395	>>> V 0.00 0.00
7.396	S 20691863 -0.44 0.44 0.00 0.00 HOLD
7.412	>>> V 0.00 0.00
7.414	S 20691883 -0.44 0.44 0.00 0.00 HOLD
7.433	>>> V 0.00 0.00
7.434	S 20691903 -0.44 0.44 0.00 0.00 HOLD
7.452	>>> V 0.00 0.00
7.455	S 20691923 -0.44 0.44 0.00 0.00 HOLD
7.473	>>> V 0.00 0.00
7.473	S 20691943 -0.44 0.44 0.00 0.00 HOLD
7.494	>>> V 0.00 0.00
7.494	S 20691963 -0.53 0.44 0.00 0.00 HOLD
7.513	>>> V 0.00 0.00
7.515	S 20691983 -0.53 0.44 0.00 0.00 HOLD
7.533	>>> V 0.00 0.00
7.533	S 20692003 -0.44 0.44 0.00 0.00 HOLD
7.554	>>> V 0.00 0.00
7.554	S 20692023 -0.44 0.44 0.00 0.00 HOLD
7.573	>>> V 0.00 0.00
7.573	S 20692043 -0.44 0.44 0.00 0.00 HOLD
7.592	>>> V 0.00 0.00
7.593	S 20692063 -0.44 0.44 0.00 0.00 HOLD
7.614	>>> V 0.00 0.00
7.615	S 20692083 -0.44 0.44 0.00 0.00 HOLD
7.633	>>> V 0.00 0.00
7.634	S 20692103 -0.44 0.44 0.00 0.00 HOLD
7.653	>>> V 0.00 0.00
7.655	S 20692123 -0.53 0.44 0.00 0.00 HOLD
7.673	>>> V 0.00 0.00
7.674	S 20692143 -0.44 0.44 0.00 0.00 HOLD
7.693	>>> V 0.00 0.00
7.693	S 20692163 -0.44 0.44 0.00 0.00 HOLD
7.713	>>> V 0.00 0.00
7.714	S 20692183 -0.53 0.44 0.00 0.00 HOLD
7.733	>>> V 0.00 0.00
7.734	S 20692203 -0.44 0.44 0.00 0.00 HOLD
7.753	>>> V 0.00 0.00
7.754	S 20692223 -0.53 0.44 0.00 0.00 HOLD
7.773	>>> V 0.00 0.00
7.773	S 20692243 -0.44 0.44 0.00 0.00 HOLD
7.793	>>> V 0.00 0.00
7.795	S 20692263 -0.44 0.44 0.00 0.00 HOLD
7.815	>>> V 0.00 0.00
7.815	S 20692283 -0.53 0.44 0.00 0.00 HOLD
7.833	>>> V 0.00 0.00
7.833	S 20692303 -0.53 0.44 0.00 0.00 HOLD
7.854	>>> V 0.00 0.00
7.855	S 20692323 -0.44 0.44 0.00 0.00 HOLD
7.874	>>> V 0.00 0.00
7.875	S 20692343 -0.44 0.44 0.00 0.00 HOLD
7.892	>>> V 0.00 0.00
7.893	S 20692363 -0.44 0.44 0.00 0.00 HOLD
7.915	>>> V 0.00 0.00
7.916	S 20692383 -0.44 0.44 0.00 0.00 HOLD
7.933	>>> V 0.00 0.00
7.934	S 20692403 -0.44 0.44 0.00 0.00 HOLD
7.953	>>> V 0.00 0.00
7.954	S 20692423 -0.44 0.44 0.00 0.00 HOLD
7.972	>>> V 0.00 0.00
7.973	S 20692443 -0.44 0.44 0.00 0.00 HOLD
7.992	>>> V 0.00 0.00
7.993	S 20692463 -0.44 0.44 0.00 0.00 HOLD
8.014	>>> V 0.00 0.00
8.014	S 20692483 -0.53 0.44 0.00 0.00 HOLD
8.033	>>> V 0.00 0.00
8.034	S 20692503 -0.44 0.44 0.00 0.00 HOLD
8.054	>>> V 0.00 0.00
8.055	S 20692523 -0.44 0.44 0.00 0.00 HOLD
8.074	>>> V 0.00 0.00
8.074	S 20692543 -0.53 0.44 0.00 0.00 HOLD
8.093	>>> V 0.00 0.00
8.094	S 20692563 -0.44 0.44 0.00 0.00 HOLD
8.113	>>> V 0.00 0.00
8.113	S 20692583 -0.53 0.44 0.00 0.00 HOLD
8.132	>>> V 0.00 0.00
8.133	S 20692603 -0.44 0.44 0.00 0.00 HOLD
8.154	>>> V 0.00 0.00
8.155	S 20692623 -0.44 0.44 0.00 0.00 HOLD
8.173	>>> V 0.00 0.00
8.174	S 20692643 -0.53 0.44 0.00 0.00 HOLD
8.193	>>> V 0.00 0.00
8.194	S 20692663 -0.44 0.44 0.00 0.00 HOLD
8.217	>>> V 0.00 0.00
8.217	S 20692683 -0.44 0.44 0.00 0.00 HOLD
8.232	>>> V 0.00 0.00
8.235	S 20692703 -0.44 0.44 0.00 0.00 HOLD
8.254	>>> V 0.00 0.00
8.255	S 20692723 -0.44 0.44 0.00 0.00 HOLD
8.273	>>> V 0.00 0.00
8.275	S 20692743 -0.53 0.44 0.00 0.00 HOLD
8.295	>>> V 0.00 0.00
8.295	S 20692764 -0.44 0.44 0.00 0.00 HOLD
8.313	>>> V 0.00 0.00
8.313	S 20692784 -0.44 0.44 0.00 0.00 HOLD
8.332	>>> V 0.00 0.00
8.333	S 20692804 -0.44 0.44 0.00 0.00 HOLD
8.354	>>> V 0.00 0.00
8.354	S 20692824 -0.44 0.44 0.00 0.00 HOLD
8.372	>>> V 0.00 0.00
8.373	S 20692844 -0.44 0.44 0.00 0.00 HOLD
8.393	>>> V 0.00 0.00
8.395	S 20692864 -0.44 0.44 0.00 0.00 HOLD
8.413	>>> V 0.00 0.00
8.413	S 20692884 -0.44 0.44 0.00 0.00 HOLD
8.433	>>> V 0.00 0.00
8.434	S 20692904 -0.44 0.44 0.00 0.00 HOLD
8.453	>>> V 0.00 0.00
8.453	S 20692924 -0.53 0.44 0.00 0.00 HOLD
8.473	>>> V 0.00 0.00
8.473	S 20692944 -0.44 0.44 0.00 0.00 HOLD
8.494	>>> V 0.00 0.00
8.495	S 20692964 -0.44 0.44 0.00 0.00 HOLD
8.512	>>> V 0.00 0.00
8.513	S 20692984 -0.44 0.44 0.00 0.00 HOLD
8.534	>>> V 0.00 0.00
8.535	S 20693004 -0.53 0.44 0.00 0.00 HOLD
8.553	>>> V 0.00 0.00
8.554	S 20693024 -0.44 0.44 0.00 0.00 HOLD
8.573	>>> V 0.00 0.00
8.574	S 20693044 -0.44 0.44 0.00 0.00 HOLD
8.595	>>> V 0.00 0.00
8.596	S 20693064 -0.44 0.44 0.00 0.00 HOLD
8.613	>>> V 0.00 0.00
8.614	S 20693084 -0.44 0.44 0.00 0.00 HOLD
8.634	>>> V 0.00 0.00
8.635	S 20693104 -0.44 0.44 0.00 0.00 HOLD
8.653	>>> V 0.00 0.00
8.654	S 20693124 -0.53 0.44 0.00 0.00 HOLD
8.672	>>> V 0.00 0.00
8.674	S 20693144 -0.53 0.44 0.00 0.00 HOLD
8.696	>>> V 0.00 0.00
8.697	S 20693164 -0.44 0.44 0.00 0.00 HOLD
8.713	>>> V 0.00 0.00
8.715	S 20693184 -0.53 0.44 0.00 0.00 HOLD
8.734	>>> V 0.00 0.00
8.734	S 20693204 -0.44 0.44 0.00 0.00 HOLD
8.752	>>> V 0.00 0.00
8.755	S 20693224 -0.53 0.44 0.00 0.00 HOLD
8.773	>>> V 0.00 0.00
8.773	S 20693244 -0.53 0.44 0.00 0.00 HOLD
8.794	>>> V 0.00 0.00
8.795	S 20693264 -0.44 0.44 0.00 0.00 HOLD
8.813	>>> V 0.00 0.00
8.813	S 20693284 -0.44 0.44 0.00 0.00 HOLD
8.834	>>> V 0.00 0.00
8.835	S 20693304 -0.44 0.44 0.00 0.00 HOLD
8.855	>>> V 0.00 0.00
8.855	S 20693324 -0.44 0.44 0.00 0.00 HOLD
8.872	>>> V 0.00 0.00
8.873	S 20693344 -0.44 0.44 0.00 0.00 HOLD
8.895	>>> V 0.00 0.00
8.895	S 20693364 -0.44 0.44 0.00 0.00 HOLD
8.913	>>> V 0.00 0.00
8.914	S 20693384 -0.44 0.44 0.00 0.00 HOLD
8.934	>>> V 0.00 0.00
8.934	S 20693404 -0.44 0.44 0.00 0.00 HOLD
8.953	>>> V 0.00 0.00
8.954	S 20693424 -0.44 0.44 0.00 0.00 HOLD
8.973	>>> V 0.00 0.00
8.973	S 20693444 -0.44 0.44 0.00 0.00 HOLD
8.993	>>> V 0.00 0.00
8.994	S 20693464 -0.44 0.44 0.00 0.00 HOLD
9.013	>>> V 0.00 0.00
9.014	S 20693484 -0.44 0.44 0.00 0.00 HOLD
9.034	>>> V 0.00 0.00
9.034	S 20693504 -0.44 0.44 0.00 0.00 HOLD
9.052	>>> V 0.00 0.00
9.055	S 20693524 -0.44 0.44 0.00 0.00 HOLD
9.072	>>> V 0.00 0.00
9.073	S 20693544 -0.44 0.44 0.00 0.00 HOLD
9.093	>>> V 0.00 0.00
9.094	S 20693564 -0.44 0.44 0.00 0.00 HOLD
9.113	>>> V 0.00 0.00
9.114	S 20693584 -0.44 0.44 0.00 0.00 HOLD
9.132	>>> V 0.00 0.00
9.133	S 20693604 -0.44 0.44 0.00 0.00 HOLD
9.154	>>> V 0.00 0.00
9.155	S 20693624 -0.44 0.44 0.00 0.00 HOLD
9.173	>>> V 0.00 0.00
9.174	S 20693644 -0.44 0.44 0.00 0.00 HOLD
9.193	>>> V 0.00 0.00
9.194	S 20693664 -0.53 0.44 0.00 0.00 HOLD
9.213	>>> V 0.00 0.00
9.214	S 20693684 -0.44 0.44 0.00 0.00 HOLD
9.233	>>> V 0.00 0.00
9.234	S 20693704 -0.44 0.44 0.00 0.00 HOLD
9.253	>>> V 0.00 0.00
9.254	S 20693724 -0.44 0.44 0.00 0.00 HOLD
9.272	>>> V 0.00 0.00
9.273	S 20693744 -0.44 0.44 0.00 0.00 HOLD
9.292	>>> V 0.00 0.00
9.293	S 20693764 -0.53 0.53 0.00 0.00 HOLD
9.314	>>> V 0.00 0.00
9.315	S 20693784 -0.44 0.44 0.00 0.00 HOLD
9.333	>>> V 0.00 0.00
9.334	S 20693804 -0.53 0.44 0.00 0.00 HOLD
9.354	>>> V 0.00 0.00
9.354	S 20693824 -0.44 0.44 0.00 0.00 HOLD
9.372	>>> V 0.00 0.00
9.373	S 20693844 -0.53 0.44 0.00 0.00 HOLD
9.392	>>> V 0.00 0.00
9.393	S 20693864 -0.44 0.44 0.00 0.00 HOLD
9.413	>>> V 0.00 0.00
9.414	S 20693884 -0.44 0.44 0.00 0.00 HOLD
9.432	>>> V 0.00 0.00
9.433	S 20693904 -0.53 0.44 0.00 0.00 HOLD
9.453	>>> V 0.00 0.00
9.454	S 20693924 -0.44 0.44 0.00 0.00 HOLD
9.472	>>> V 0.00 0.00
9.474	S 20693944 -0.44 0.44 0.00 0.00 HOLD
9.492	>>> V 0.00 0.00
9.493	S 20693964 -0.44 0.44 0.00 0.00 HOLD
9.514	>>> V 0.00 0.00
9.514	S 20693984 -0.44 0.44 0.00 0.00 HOLD
9.534	>>> V 0.00 0.00
9.535	S 20694004 -0.44 0.44 0.00 0.00 HOLD
9.553	>>> V 0.00 0.00
9.554	S 20694024 -0.44 0.44 0.00 0.00 HOLD
9.572	>>> V 0.00 0.00
9.573	S 20694044 -0.44 0.44 0.00 0.00 HOLD
9.593	>>> V 0.00 0.00
9.593	S 20694064 -0.44 0.44 0.00 0.00 HOLD
9.612	>>> V 0.00 0.00
9.613	S 20694084 -0.53 0.44 0.00 0.00 HOLD
9.633	>>> V 0.00 0.00
9.634	S 20694104 -0.53 0.44 0.00 0.00 HOLD
9.652	>>> V 0.00 0.00
9.653	S 20694124 -0.53 0.44 0.00 0.00 HOLD
9.673	>>> V 0.00 0.00
9.673	S 20694144 -0.44 0.44 0.00 0.00 HOLD
9.692	>>> V 0.00 0.00
9.693	S 20694164 -0.44 0.44 0.00 0.00 HOLD
9.713	>>> V 0.00 0.00
9.716	S 20694184 -0.53 0.44 0.00 0.00 HOLD
9.733	>>> V 0.00 0.00
9.733	S 20694204 -0.44 0.44 0.00 0.00 HOLD
9.753	>>> V 0.00 0.00
9.754	S 20694224 -0.44 0.44 0.00 0.00 HOLD
9.773	>>> V 0.00 0.00
9.773	S 20694244 -0.53 0.44 0.00 0.00 HOLD
9.793	>>> V 0.00 0.00
9.793	S 20694264 -0.44 0.44 0.00 0.00 HOLD
9.815	>>> V 0.00 0.00
9.816	S 20694284 -0.44 0.44 0.00 0.00 HOLD
9.834	>>> V 0.00 0.00
9.836	S 20694304 -0.44 0.44 0.00 0.00 HOLD
9.854	>>> V 0.00 0.00
9.855	S 20694324 -0.44 0.44 0.00 0.00 HOLD
9.872	>>> V 0.00 0.00
9.873	S 20694344 -0.44 0.44 0.00 0.00 HOLD
9.893	>>> V 0.00 0.00
9.893	S 20694364 -0.44 0.44 0.00 0.00 HOLD
9.913	>>> V 0.00 0.00
9.914	S 20694384 -0.44 0.44 0.00 0.00 HOLD
9.933	>>> V 0.00 0.00
9.933	S 20694404 -0.53 0.44 0.00 0.00 HOLD
9.953	>>> V 0.00 0.00
9.954	S 20694424 -0.44 0.44 0.00 0.00 HOLD
9.972	>>> V 0.00 0.00
9.973	S 20694444 -0.44 0.44 0.00 0.00 HOLD
9.992	>>> V 0.00 0.00
9.993	S 20694464 -0.44 0.44 0.00 0.00 HOLD
10.014	>>> V 0.00 0.00
10.015	S 20694484 -0.44 0.44 0.00 0.00 HOLD
10.033	>>> V 0.00 0.00
10.034	S 20694504 -0.53 0.44 0.00 0.00 HOLD
10.053	>>> V 0.00 0.00
10.053	S 20694524 -0.44 0.44 0.00 0.00 HOLD
10.072	>>> V 0.00 0.00
10.073	S 20694544 -0.44 0.44 0.00 0.00 HOLD
10.092	>>> V 0.00 0.00
10.093	S 20694564 -0.44 0.44 0.00 0.00 HOLD
10.114	>>> V 0.00 0.00
10.114	S 20694584 -0.44 0.44 0.00 0.00 HOLD
10.133	>>> V 0.00 0.00
10.135	S 20694604 -0.44 0.44 0.00 0.00 HOLD
10.154	>>> V 0.00 0.00
10.155	S 20694624 -0.44 0.44 0.00 0.00 HOLD
10.173	>>> V 0.00 0.00
10.173	S 20694644 -0.44 0.44 0.00 0.00 HOLD
10.193	>>> V 0.00 0.00
10.193	S 20694664 -0.44 0.44 0.00 0.00 HOLD
10.214	>>> V 0.00 0.00
10.214	S 20694684 -0.44 0.44 0.00 0.00 HOLD
10.233	>>> V 0.00 0.00
10.234	S 20694704 -0.44 0.44 0.00 0.00 HOLD
10.254	>>> V 0.00 0.00
10.255	S 20694724 -0.44 0.44 0.00 0.00 HOLD
10.273	>>> V 0.00 0.00
10.274	S 20694744 -0.44 0.44 0.00 0.00 HOLD
10.293	>>> V 0.00 0.00
10.293	S 20694764 -0.44 0.44 0.00 0.00 HOLD
10.314	>>> V 0.00 0.00
10.315	S 20694784 -0.44 0.44 0.00 0.00 HOLD
10.333	>>> V 0.00 0.00
10.335	S 20694804 -0.44 0.53 0.00 0.00 HOLD
10.357	>>> V 0.00 0.00
10.357	S 20694824 -0.44 0.44 0.00 0.00 HOLD
10.374	>>> V 0.00 0.00
10.375	S 20694844 -0.53 0.44 0.00 0.00 HOLD
10.393	>>> V 0.00 0.00
10.393	S 20694864 -0.44 0.44 0.00 0.00 HOLD
10.421	>>> V 0.00 0.00
10.423	S 20694884 -0.53 0.44 0.00 0.00 HOLD
10.434	>>> V 0.00 0.00
10.434	S 20694904 -0.44 0.44 0.00 0.00 HOLD
10.455	>>> V 0.00 0.00
10.455	S 20694924 -0.53 0.44 0.00 0.00 HOLD
10.473	>>> V 0.00 0.00
10.473	S 20694944 -0.44 0.44 0.00 0.00 HOLD
10.492	>>> V 0.00 0.00
10.493	S 20694964 -0.44 0.44 0.00 0.00 HOLD
10.519	>>> V 0.00 0.00
10.520	S 20694984 -0.53 0.44 0.00 0.00 HOLD
10.533	>>> V 0.00 0.00
10.533	S 20695004 -0.44 0.44 0.00 0.00 HOLD
10.556	>>> V 0.00 0.00
10.557	S 20695024 -0.44 0.44 0.00 0.00 HOLD
10.576	>>> V 0.00 0.00
10.576	S 20695044 -0.44 0.44 0.00 0.00 HOLD
10.593	>>> V 0.00 0.00
10.593	S 20695064 -0.44 0.44 0.00 0.00 HOLD
10.619	>>> V 0.00 0.00
10.621	S 20695084 -0.53 0.44 0.00 0.00 HOLD
10.633	>>> V 0.00 0.00
10.634	S 20695104 -0.44 0.44 0.00 0.00 HOLD
10.655	>>> V 0.00 0.00
10.655	S 20695124 -0.44 0.44 0.00 0.00 HOLD
10.673	>>> V 0.00 0.00
10.674	S 20695144 -0.44 0.44 0.00 0.00 HOLD
10.693	>>> V 0.00 0.00
10.693	S 20695164 -0.44 0.44 0.00 0.00 HOLD
10.713	>>> V 0.00 0.00
10.714	S 20695184 -0.44 0.44 0.00 0.00 HOLD
10.732	>>> V 0.00 0.00
10.733	S 20695204 -0.44 0.44 0.00 0.00 HOLD
10.754	>>> V 0.00 0.00
10.756	S 20695224 -0.44 0.44 0.00 0.00 HOLD
10.773	>>> V 0.00 0.00
10.773	S 20695244 -0.44 0.44 0.00 0.00 HOLD
10.793	>>> V 0.00 0.00
10.793	S 20695264 -0.44 0.44 0.00 0.00 HOLD
10.813	>>> V 0.00 0.00
10.814	S 20695284 -0.44 0.44 0.00 0.00 HOLD
10.832	>>> V 0.00 0.00
10.833	S 20695304 -0.44 0.44 0.00 0.00 HOLD
10.854	>>> V 0.00 0.00
10.855	S 20695324 -0.53 0.44 0.00 0.00 HOLD
10.873	>>> V 0.00 0.00
10.873	S 20695344 -0.44 0.44 0.00 0.00 HOLD
10.894	>>> V 0.00 0.00
10.895	S 20695364 -0.44 0.44 0.00 0.00 HOLD
10.913	>>> V 0.00 0.00
10.914	S 20695384 -0.44 0.44 0.00 0.00 HOLD
10.933	>>> V 0.00 0.00
10.933	S 20695404 -0.53 0.44 0.00 0.00 HOLD
10.952	>>> V 0.00 0.00
10.953	S 20695424 -0.53 0.44 0.00 0.00 HOLD
10.973	>>> V 0.00 0.00
10.973	S 20695444 -0.53 0.44 0.00 0.00 HOLD
10.994	>>> V 0.00 0.00
10.995	S 20695464 -0.44 0.44 0.00 0.00 HOLD
11.013	>>> V 0.00 0.00
11.013	S 20695484 -0.44 0.44 0.00 0.00 HOLD
11.033	>>> V 0.00 0.00
11.033	S 20695504 -0.44 0.44 0.00 0.00 HOLD
11.053	>>> V 0.00 0.00
11.054	S 20695524 -0.44 0.44 0.00 0.00 HOLD
11.072	>>> V 0.00 0.00
11.073	S 20695544 -0.53 0.44 0.00 0.00 HOLD
11.094	>>> V 0.00 0.00
11.095	S 20695564 -0.44 0.44 0.00 0.00 HOLD
11.113	>>> V 0.00 0.00
11.114	S 20695584 -0.53 0.53 0.00 0.00 HOLD
11.132	>>> V 0.00 0.00
11.133	S 20695604 -0.53 0.44 0.00 0.00 HOLD
11.153	>>> V 0.00 0.00
11.154	S 20695624 -0.44 0.44 0.00 0.00 HOLD
11.173	>>> V 0.00 0.00
11.173	S 20695644 -0.53 0.44 0.00 0.00 HOLD
11.194	>>> V 0.00 0.00
11.195	S 20695664 -0.44 0.44 0.00 0.00 HOLD
11.213	>>> V 0.00 0.00
11.214	S 20695684 -0.44 0.44 0.00 0.00 HOLD
11.233	>>> V 0.00 0.00
11.234	S 20695704 -0.44 0.44 0.00 0.00 HOLD
11.253	>>> V 0.00 0.00
11.254	S 20695724 -0.53 0.44 0.00 0.00 HOLD
11.273	>>> V 0.00 0.00
11.273	S 20695744 -0.44 0.44 0.00 0.00 HOLD
11.294	>>> V 0.00 0.00
11.294	S 20695764 -0.44 0.44 0.00 0.00 HOLD
11.312	>>> V 0.00 0.00
11.313	S 20695784 -0.44 0.44 0.00 0.00 HOLD
11.334	>>> V 0.00 0.00
11.335	S 20695804 -0.44 0.44 0.00 0.00 HOLD
11.354	>>> V 0.00 0.00
11.354	S 20695824 -0.44 0.44 0.00 0.00 HOLD
11.373	>>> V 0.00 0.00
11.373	S 20695844 -0.44 0.44 0.00 0.00 HOLD
11.393	>>> V 0.00 0.00
11.394	S 20695864 -0.44 0.44 0.00 0.00 HOLD
11.412	>>> V 0.00 0.00
11.413	S 20695884 -0.53 0.44 0.00 0.00 HOLD
11.434	>>> V 0.00 0.00
11.435	S 20695904 -0.44 0.44 0.00 0.00 HOLD
11.452	>>> V 0.00 0.00
11.453	S 20695924 -0.44 0.44 0.00 0.00 HOLD
11.476	>>> V 0.00 0.00
11.476	S 20695944 -0.53 0.44 0.00 0.00 HOLD
11.493	>>> V 0.00 0.00
11.494	S 20695964 -0.44 0.44 0.00 0.00 HOLD
11.513	>>> V 0.00 0.00
11.513	S 20695984 -0.44 0.44 0.00 0.00 HOLD
11.534	>>> V 0.00 0.00
11.535	S 20696004 -0.44 0.44 0.00 0.00 HOLD
11.553	>>> V 0.00 0.00
11.554	S 20696024 -0.44 0.44 0.00 0.00 HOLD
11.574	>>> V 0.00 0.00
11.575	S 20696044 -0.44 0.44 0.00 0.00 HOLD
11.593	>>> V 0.00 0.00
11.594	S 20696064 -0.44 0.44 0.00 0.00 HOLD
11.613	>>> V 0.00 0.00
11.613	S 20696084 -0.44 0.44 0.00 0.00 HOLD
11.634	>>> V 0.00 0.00
11.635	S 20696104 -0.44 0.44 0.00 0.00 HOLD
11.654	>>> V 0.00 0.00
11.655	S 20696124 -0.53 0.44 0.00 0.00 HOLD
11.673	>>> V 0.00 0.00
11.673	S 20696144 -0.44 0.44 0.00 0.00 HOLD
11.693	>>> V 0.00 0.00
11.693	S 20696164 -0.44 0.44 0.00 0.00 HOLD
11.713	>>> V 0.00 0.00
11.713	S 20696184 -0.53 0.44 0.00 0.00 HOLD
11.734	>>> V 0.00 0.00
11.735	S 20696204 -0.44 0.44 0.00 0.00 HOLD
11.753	>>> V 0.00 0.00
11.755	S 20696224 -0.53 0.44 0.00 0.00 HOLD
11.773	>>> V 0.00 0.00
11.773	S 20696244 -0.53 0.44 0.00 0.00 HOLD
11.795	>>> V 0.00 0.00
11.795	S 20696264 -0.44 0.44 0.00 0.00 HOLD
11.813	>>> V 0.00 0.00
11.813	S 20696284 -0.53 0.44 0.00 0.00 HOLD
11.834	>>> V 0.00 0.00
11.836	S 20696304 -0.44 0.44 0.00 0.00 HOLD
11.853	>>> V 0.00 0.00
11.855	S 20696324 -0.44 0.44 0.00 0.00 HOLD
11.873	>>> V 0.00 0.00
11.873	S 20696344 -0.53 0.44 0.00 0.00 HOLD
11.894	>>> V 0.00 0.00
11.895	S 20696364 -0.44 0.44 0.00 0.00 HOLD
11.912	>>> V 0.00 0.00
11.916	S 20696384 -0.53 0.44 0.00 0.00 HOLD
11.934	>>> V 0.00 0.00
11.934	S 20696404 -0.44 0.44 0.00 0.00 HOLD
11.955	>>> V 0.00 0.00
11.956	S 20696424 -0.44 0.44 0.00 0.00 HOLD
11.973	>>> V 0.00 0.00
11.974	S 20696444 -0.44 0.44 0.00 0.00 HOLD
11.995	>>> V 0.00 0.00
11.995	S 20696464 -0.53 0.44 0.00 0.00 HOLD
12.013	>>> V 0.00 0.00
12.013	S 20696484 -0.44 0.44 0.00 0.00 HOLD
12.033	>>> V 0.00 0.00
12.035	S 20696504 -0.44 0.44 0.00 0.00 HOLD
12.053	>>> V 0.00 0.00
12.054	S 20696524 -0.53 0.44 0.00 0.00 HOLD
12.072	>>> V 0.00 0.00
12.073	S 20696544 -0.44 0.44 0.00 0.00 HOLD
12.095	>>> V 0.00 0.00
12.095	S 20696564 -0.53 0.44 0.00 0.00 HOLD
12.113	>>> V 0.00 0.00
12.114	S 20696584 -0.44 0.44 0.00 0.00 HOLD
12.133	>>> V 0.00 0.00
12.134	S 20696604 -0.44 0.44 0.00 0.00 HOLD
12.154	>>> V 0.00 0.00
12.155	S 20696624 -0.44 0.44 0.00 0.00 HOLD
12.173	>>> V 0.00 0.00
12.173	S 20696644 -0.44 0.44 0.00 0.00 HOLD
12.193	>>> V 0.00 0.00
12.193	S 20696664 -0.44 0.44 0.00 0.00 HOLD
12.212	>>> V 0.00 0.00
12.213	S 20696684 -0.53 0.44 0.00 0.00 HOLD
12.233	>>> V 0.00 0.00
12.234	S 20696704 -0.44 0.44 0.00 0.00 HOLD
12.252	>>> V 0.00 0.00
12.253	S 20696724 -0.44 0.44 0.00 0.00 HOLD
12.274	>>> V 0.00 0.00
12.275	S 20696744 -0.44 0.44 0.00 0.00 HOLD
12.294	>>> V 0.00 0.00
12.294	S 20696764 -0.53 0.44 0.00 0.00 HOLD
12.313	>>> V 0.00 0.00
12.313	S 20696784 -0.53 0.44 0.00 0.00 HOLD
12.333	>>> V 0.00 0.00
12.333	S 20696804 -0.44 0.44 0.00 0.00 HOLD
12.353	>>> V 0.00 0.00
12.353	S 20696824 -0.44 0.44 0.00 0.00 HOLD
12.374	>>> V 0.00 0.00
12.375	S 20696844 -0.44 0.44 0.00 0.00 HOLD
12.394	>>> V 0.00 0.00
12.394	S 20696864 -0.44 0.44 0.00 0.00 HOLD
12.415	>>> V 0.00 0.00
12.416	S 20696884 -0.53 0.44 0.00 0.00 HOLD
12.433	>>> V 0.00 0.00
12.434	S 20696904 -0.44 0.44 0.00 0.00 HOLD
12.453	>>> V 0.00 0.00
12.453	S 20696924 -0.44 0.44 0.00 0.00 HOLD
12.474	>>> V 0.00 0.00
12.474	S 20696944 -0.44 0.44 0.00 0.00 HOLD
12.494	>>> V 0.00 0.00
12.494	S 20696964 -0.44 0.44 0.00 0.00 HOLD
12.513	>>> V 0.00 0.00
12.515	S 20696984 -0.44 0.44 0.00 0.00 HOLD
12.533	>>> V 0.00 0.00
12.533	S 20697004 -0.44 0.44 0.00 0.00 HOLD
12.556	>>> V 0.00 0.00
12.556	S 20697024 -0.44 0.44 0.00 0.00 HOLD
12.573	>>> V 0.00 0.00
12.573	S 20697044 -0.44 0.44 0.00 0.00 HOLD
12.592	>>> V 0.00 0.00
12.593	S 20697064 -0.44 0.44 0.00 0.00 HOLD
12.614	>>> V 0.00 0.00
12.614	S 20697084 -0.44 0.44 0.00 0.00 HOLD
12.634	>>> V 0.00 0.00
12.635	S 20697104 -0.53 0.44 0.00 0.00 HOLD
12.654	>>> V 0.00 0.00
12.654	S 20697124 -0.44 0.44 0.00 0.00 HOLD
12.673	>>> V 0.00 0.00
12.674	S 20697144 -0.44 0.44 0.00 0.00 HOLD
12.692	>>> V 0.00 0.00
12.693	S 20697164 -0.53 0.44 0.00 0.00 HOLD
12.714	>>> V 0.00 0.00
12.715	S 20697184 -0.53 0.44 0.00 0.00 HOLD
12.733	>>> V 0.00 0.00
12.735	S 20697204 -0.44 0.44 0.00 0.00 HOLD
12.754	>>> V 0.00 0.00
12.755	S 20697224 -0.44 0.44 0.00 0.00 HOLD
12.773	>>> V 0.00 0.00
12.774	S 20697244 -0.44 0.44 0.00 0.00 HOLD
12.793	>>> V 0.00 0.00
12.793	S 20697264 -0.44 0.44 0.00 0.00 HOLD
12.813	>>> V 0.00 0.00
12.813	S 20697284 -0.44 0.44 0.00 0.00 HOLD
12.832	>>> V 0.00 0.00
12.833	S 20697304 -0.53 0.44 0.00 0.00 HOLD
12.853	>>> V 0.00 0.00
12.855	S 20697324 -0.44 0.44 0.00 0.00 HOLD
12.872	>>> V 0.00 0.00
12.873	S 20697344 -0.44 0.44 0.00 0.00 HOLD
12.895	>>> V 0.00 0.00
12.895	S 20697364 -0.44 0.44 0.00 0.00 HOLD
12.913	>>> V 0.00 0.00
12.914	S 20697384 -0.44 0.44 0.00 0.00 HOLD
12.933	>>> V 0.00 0.00
12.933	S 20697404 -0.44 0.44 0.00 0.00 HOLD
12.953	>>> V 0.00 0.00
12.954	S 20697424 -0.53 0.44 0.00 0.00 HOLD
12.972	>>> V 0.00 0.00
12.973	S 20697444 -0.44 0.44 0.00 0.00 HOLD
12.994	>>> V 0.00 0.00
12.995	S 20697464 -0.44 0.44 0.00 0.00 HOLD
13.012	>>> V 0.00 0.00
13.013	S 20697484 -0.53 0.44 0.00 0.00 HOLD
13.034	>>> V 0.00 0.00
13.034	S 20697504 -0.53 0.44 0.00 0.00 HOLD
13.055	>>> V 0.00 0.00
13.055	S 20697524 -0.44 0.44 0.00 0.00 HOLD
13.073	>>> V 0.00 0.00
13.073	S 20697544 -0.44 0.44 0.00 0.00 HOLD
13.094	>>> V 0.00 0.00
13.094	S 20697564 -0.44 0.44 0.00 0.00 HOLD
13.114	>>> V 0.00 0.00
13.114	S 20697584 -0.44 0.44 0.00 0.00 HOLD
13.133	>>> V 0.00 0.00
13.133	S 20697604 -0.53 0.44 0.00 0.00 HOLD
13.155	>>> V 0.00 0.00
13.155	S 20697624 -0.44 0.44 0.00 0.00 HOLD
13.172	>>> V 0.00 0.00
13.173	S 20697644 -0.44 0.44 0.00 0.00 HOLD
13.194	>>> V 0.00 0.00
13.195	S 20697664 -0.44 0.44 0.00 0.00 HOLD
13.213	>>> V 0.00 0.00
13.214	S 20697684 -0.53 0.44 0.00 0.00 HOLD
13.234	>>> V 0.00 0.00
13.234	S 20697704 -0.44 0.44 0.00 0.00 HOLD
13.253	>>> V 0.00 0.00
13.254	S 20697724 -0.44 0.44 0.00 0.00 HOLD
13.272	>>> V 0.00 0.00
13.273	S 20697744 -0.44 0.44 0.00 0.00 HOLD
13.294	>>> V 0.00 0.00
13.295	S 20697764 -0.44 0.44 0.00 0.00 HOLD
13.313	>>> V 0.00 0.00
13.314	S 20697784 -0.44 0.44 0.00 0.00 HOLD
13.333	>>> V 0.00 0.00
13.334	S 20697804 -0.44 0.44 0.00 0.00 HOLD
13.354	>>> V 0.00 0.00
13.355	S 20697824 -0.44 0.44 0.00 0.00 HOLD
13.373	>>> V 0.00 0.00
13.373	S 20697844 -0.53 0.44 0.00 0.00 HOLD
13.392	>>> V 0.00 0.00
13.393	S 20697864 -0.44 0.44 0.00 0.00 HOLD
13.420	>>> V 0.00 0.00
13.421	S 20697884 -0.44 0.44 0.00 0.00 HOLD
13.433	>>> V 0.00 0.00
13.433	S 20697904 -0.44 0.44 0.00 0.00 HOLD
13.455	>>> V 0.00 0.00
13.456	S 20697924 -0.44 0.44 0.00 0.00 HOLD
13.475	>>> V 0.00 0.00
13.475	S 20697944 -0.44 0.44 0.00 0.00 HOLD
13.493	>>> V 0.00 0.00
13.493	S 20697964 -0.44 0.44 0.00 0.00 HOLD
13.514	>>> V 0.00 0.00
13.516	S 20697984 -0.44 0.44 0.00 0.00 HOLD
13.533	>>> V 0.00 0.00
13.534	S 20698004 -0.53 0.44 0.00 0.00 HOLD
13.553	>>> V 0.00 0.00
13.554	S 20698024 -0.44 0.44 0.00 0.00 HOLD
13.573	>>> V 0.00 0.00
13.573	S 20698044 -0.44 0.44 0.00 0.00 HOLD
13.592	>>> V 0.00 0.00
13.594	S 20698064 -0.44 0.44 0.00 0.00 HOLD
13.613	>>> V 0.00 0.00
13.613	S 20698084 -0.44 0.44 0.00 0.00 HOLD
13.633	>>> V 0.00 0.00
13.634	S 20698104 -0.44 0.44 0.00 0.00 HOLD
13.653	>>> V 0.00 0.00
13.654	S 20698124 -0.53 0.44 0.00 0.00 HOLD
13.673	>>> V 0.00 0.00
13.675	S 20698144 -0.44 0.44 0.00 0.00 HOLD
13.693	>>> V 0.00 0.00
13.693	S 20698164 -0.44 0.44 0.00 0.00 HOLD
13.714	>>> V 0.00 0.00
13.715	S 20698184 -0.44 0.44 0.00 0.00 HOLD
13.733	>>> V 0.00 0.00
13.735	S 20698204 -0.44 0.44 0.00 0.00 HOLD
13.753	>>> V 0.00 0.00
13.753	S 20698224 -0.44 0.44 0.00 0.00 HOLD
13.772	>>> V 0.00 0.00
13.773	S 20698244 -0.44 0.44 0.00 0.00 HOLD
13.792	>>> V 0.00 0.00
13.793	S 20698264 -0.44 0.44 0.00 0.00 HOLD
13.820	>>> V 0.00 0.00
13.821	S 20698284 -0.44 0.44 0.00 0.00 HOLD
13.833	>>> V 0.00 0.00
13.833	S 20698304 -0.44 0.44 0.00 0.00 HOLD
13.856	>>> V 0.00 0.00
13.857	S 20698324 -0.44 0.44 0.00 0.00 HOLD
13.874	>>> V 0.00 0.00
13.875	S 20698344 -0.53 0.44 0.00 0.00 HOLD
13.893	>>> V 0.00 0.00
13.893	S 20698364 -0.44 0.44 0.00 0.00 HOLD
13.913	>>> V 0.00 0.00
13.914	S 20698384 -0.44 0.44 0.00 0.00 HOLD
13.933	>>> V 0.00 0.00
13.933	S 20698404 -0.44 0.44 0.00 0.00 HOLD
13.958	>>> V 0.00 0.00
13.959	S 20698424 -0.53 0.44 0.00 0.00 HOLD
13.974	>>> V 0.00 0.00
13.974	S 20698444 -0.44 0.44 0.00 0.00 HOLD
13.994	>>> V 0.00 0.00
13.994	S 20698464 -0.44 0.44 0.00 0.00 HOLD
14.013	>>> V 0.00 0.00
14.014	S 20698484 -0.53 0.44 0.00 0.00 HOLD
14.033	>>> V 0.00 0.00
14.033	S 20698504 -0.44 0.44 0.00 0.00 HOLD
14.054	>>> V 0.00 0.00
14.055	S 20698524 -0.53 0.44 0.00 0.00 HOLD
14.073	>>> V 0.00 0.00
14.075	S 20698544 -0.44 0.44 0.00 0.00 HOLD
14.094	>>> V 0.00 0.00
14.094	S 20698564 -0.44 0.44 0.00 0.00 HOLD
14.113	>>> V 0.00 0.00
14.114	S 20698584 -0.53 0.44 0.00 0.00 HOLD
14.132	>>> V 0.00 0.00
14.133	S 20698604 -0.53 0.44 0.00 0.00 HOLD
14.155	>>> V 0.00 0.00
14.156	S 20698624 -0.44 0.44 0.00 0.00 HOLD
14.172	>>> V 0.00 0.00
14.173	S 20698644 -0.44 0.44 0.00 0.00 HOLD
14.192	>>> V 0.00 0.00
14.195	S 20698664 -0.53 0.44 0.00 0.00 HOLD
14.213	>>> V 0.00 0.00
14.214	S 20698684 -0.44 0.44 0.00 0.00 HOLD
14.233	>>> V 0.00 0.00
14.234	S 20698704 -0.44 0.44 0.00 0.00 HOLD
14.253	>>> V 0.00 0.00
14.254	S 20698724 -0.44 0.44 0.00 0.00 HOLD
14.272	>>> V 0.00 0.00
14.273	S 20698744 -0.44 0.44 0.00 0.00 HOLD
14.294	>>> V 0.00 0.00
14.295	S 20698764 -0.44 0.44 0.00 0.00 HOLD
14.313	>>> V 0.00 0.00
14.313	S 20698784 -0.44 0.44 0.00 0.00 HOLD
14.334	>>> V 0.00 0.00
14.335	S 20698804 -0.44 0.44 0.00 0.00 HOLD
14.353	>>> V 0.00 0.00
14.354	S 20698824 -0.44 0.44 0.00 0.00 HOLD
14.374	>>> V 0.00 0.00
14.375	S 20698844 -0.53 0.44 0.00 0.00 HOLD
14.393	>>> V 0.00 0.00
14.395	S 20698864 -0.53 0.44 0.00 0.00 HOLD
14.412	>>> V 0.00 0.00
14.413	S 20698884 -0.44 0.44 0.00 0.00 HOLD
14.433	>>> V 0.00 0.00
14.434	S 20698904 -0.44 0.44 0.00 0.00 HOLD
14.453	>>> V 0.00 0.00
14.453	S 20698924 -0.44 0.44 0.00 0.00 HOLD
14.475	>>> V 0.00 0.00
14.476	S 20698944 -0.53 0.44 0.00 0.00 HOLD
14.493	>>> V 0.00 0.00
14.494	S 20698964 -0.44 0.44 0.00 0.00 HOLD
14.512	>>> V 0.00 0.00
14.513	S 20698984 -0.44 0.44 0.00 0.00 HOLD
14.534	>>> V 0.00 0.00
14.535	S 20699004 -0.44 0.44 0.00 0.00 HOLD
14.553	>>> V 0.00 0.00
14.554	S 20699024 -0.44 0.44 0.00 0.00 HOLD
14.574	>>> V 0.00 0.00
14.575	S 20699044 -0.44 0.44 0.00 0.00 HOLD
14.594	>>> V 0.00 0.00
14.594	S 20699064 -0.44 0.44 0.00 0.00 HOLD
14.613	>>> V 0.00 0.00
14.613	S 20699084 -0.44 0.44 0.00 0.00 HOLD
14.632	>>> V 0.00 0.00
14.634	S 20699104 -0.44 0.44 0.00 0.00 HOLD
14.653	>>> V 0.00 0.00
14.653	S 20699124 -0.44 0.44 0.00 0.00 HOLD
14.673	>>> V 0.00 0.00
14.674	S 20699144 -0.44 0.44 0.00 0.00 HOLD
14.692	>>> V 0.00 0.00
14.693	S 20699164 -0.44 0.44 0.00 0.00 HOLD
14.713	>>> V 0.00 0.00
14.714	S 20699184 -0.44 0.44 0.00 0.00 HOLD
14.733	>>> V 0.00 0.00
14.733	S 20699204 -0.44 0.44 0.00 0.00 HOLD
14.753	>>> V 0.00 0.00
14.753	S 20699224 -0.53 0.44 0.00 0.00 HOLD
14.774	>>> V 0.00 0.00
14.775	S 20699244 -0.44 0.44 0.00 0.00 HOLD
14.792	>>> V 0.00 0.00
14.793	S 20699264 -0.44 0.44 0.00 0.00 HOLD
14.813	>>> V 0.00 0.00
14.815	S 20699284 -0.44 0.44 0.00 0.00 HOLD
14.833	>>> V 0.00 0.00
14.834	S 20699304 -0.44 0.44 0.00 0.00 HOLD
14.854	>>> V 0.00 0.00
14.854	S 20699324 -0.44 0.44 0.00 0.00 HOLD
14.873	>>> V 0.00 0.00
14.873	S 20699344 -0.44 0.44 0.00 0.00 HOLD
14.892	>>> V 0.00 0.00
14.893	S 20699364 -0.44 0.44 0.00 0.00 HOLD
14.914	>>> V 0.00 0.00
14.914	S 20699384 -0.44 0.44 0.00 0.00 HOLD
14.932	>>> V 0.00 0.00
14.933	S 20699404 -0.53 0.44 0.00 0.00 HOLD
14.953	>>> V 0.00 0.00
14.953	S 20699424 -0.44 0.44 0.00 0.00 HOLD
14.973	>>> V 0.00 0.00
14.974	S 20699444 -0.53 0.44 0.00 0.00 HOLD
14.994	>>> V 0.00 0.00
14.994	S 20699464 -0.44 0.44 0.00 0.00 HOLD
15.013	>>> V 0.00 0.00
15.013	S 20699484 -0.53 0.44 0.00 0.00 HOLD
15.032	>>> V 0.00 0.00
15.033	S 20699504 -0.53 0.44 0.00 0.00 HOLD
15.054	>>> V 0.00 0.00
15.054	S 20699524 -0.53 0.44 0.00 0.00 HOLD
15.073	>>> V 0.00 0.00
15.073	S 20699544 -0.53 0.44 0.00 0.00 HOLD
15.094	>>> V 0.00 0.00
15.095	S 20699564 -0.53 0.44 0.00 0.00 HOLD
15.113	>>> V 0.00 0.00
15.114	S 20699584 -0.44 0.44 0.00 0.00 HOLD
15.134	>>> V 0.00 0.00
15.135	S 20699604 -0.44 0.44 0.00 0.00 HOLD
15.153	>>> V 0.00 0.00
15.153	S 20699624 -0.44 0.44 0.00 0.00 HOLD
15.172	>>> V 0.00 0.00
15.173	S 20699644 -0.44 0.44 0.00 0.00 HOLD
15.195	>>> V 0.00 0.00
15.196	S 20699664 -0.44 0.44 0.00 0.00 HOLD
15.214	>>> V 0.00 0.00
15.215	S 20699684 -0.53 0.44 0.00 0.00 HOLD
15.234	>>> V 0.00 0.00
15.235	S 20699704 -0.53 0.44 0.00 0.00 HOLD
15.258	>>> V 0.00 0.00
15.259	S 20699724 -0.44 0.44 0.00 0.00 HOLD
15.275	>>> V 0.00 0.00
15.275	S 20699744 -0.44 0.44 0.00 0.00 HOLD
15.295	>>> V 0.00 0.00
15.295	S 20699764 -0.44 0.44 0.00 0.00 HOLD
15.317	>>> V 0.00 0.00
15.322	S 20699784 -0.44 0.44 0.00 0.00 HOLD
15.333	>>> V 0.00 0.00
15.333	S 20699804 -0.44 0.44 0.00 0.00 HOLD
15.356	>>> V 0.00 0.00
15.356	S 20699824 -0.44 0.44 0.00 0.00 HOLD
15.376	>>> V 0.00 0.00
15.377	S 20699844 -0.53 0.44 0.00 0.00 HOLD
15.394	>>> V 0.00 0.00
15.394	S 20699864 -0.44 0.44 0.00 0.00 HOLD
15.418	>>> V 0.00 0.00
15.419	S 20699884 -0.53 0.44 0.00 0.00 HOLD
15.433	>>> V 0.00 0.00
15.433	S 20699904 -0.44 0.44 0.00 0.00 HOLD
15.455	>>> V 0.00 0.00
15.455	S 20699924 -0.44 0.44 0.00 0.00 HOLD
15.475	>>> V 0.00 0.00
15.476	S 20699944 -0.44 0.44 0.00 0.00 HOLD
15.493	>>> V 0.00 0.00
15.496	S 20699964 -0.44 0.44 0.00 0.00 HOLD
15.514	>>> V 0.00 0.00
15.514	S 20699984 -0.44 0.44 0.00 0.00 HOLD
15.534	>>> V 0.00 0.00
15.536	S 20700004 -0.44 0.44 0.00 0.00 HOLD
15.553	>>> V 0.00 0.00
15.555	S 20700024 -0.53 0.44 0.00 0.00 HOLD
15.573	>>> V 0.00 0.00
15.573	S 20700044 -0.53 0.44 0.00 0.00 HOLD
15.593	>>> V 0.00 0.00
15.593	S 20700064 -0.44 0.44 0.00 0.00 HOLD
15.613	>>> V 0.00 0.00
15.614	S 20700084 -0.44 0.44 0.00 0.00 HOLD
15.633	>>> V 0.00 0.00
15.634	S 20700104 -0.53 0.44 0.00 0.00 HOLD
15.655	>>> V 0.00 0.00
15.655	S 20700124 -0.44 0.44 0.00 0.00 HOLD
15.673	>>> V 0.00 0.00
15.673	S 20700144 -0.44 0.44 0.00 0.00 HOLD
15.693	>>> V 0.00 0.00
15.693	S 20700164 -0.44 0.44 0.00 0.00 HOLD
15.717	>>> V 0.00 0.00
15.718	S 20700184 -0.44 0.44 0.00 0.00 HOLD
15.734	>>> V 0.00 0.00
15.735	S 20700204 -0.44 0.44 0.00 0.00 HOLD
15.752	>>> V 0.00 0.00
15.753	S 20700224 -0.53 0.44 0.00 0.00 HOLD
15.772	>>> V 0.00 0.00
15.773	S 20700244 -0.44 0.44 0.00 0.00 HOLD
15.794	>>> V 0.00 0.00
15.795	S 20700264 -0.44 0.44 0.00 0.00 HOLD
15.813	>>> V 0.00 0.00
15.814	S 20700284 -0.44 0.44 0.00 0.00 HOLD
15.834	>>> V 0.00 0.00
15.834	S 20700304 -0.44 0.44 0.00 0.00 HOLD
15.854	>>> V 0.00 0.00
15.855	S 20700324 -0.44 0.44 0.00 0.00 HOLD
15.873	>>> V 0.00 0.00
15.874	S 20700344 -0.44 0.44 0.00 0.00 HOLD
15.893	>>> V 0.00 0.00
15.893	S 20700364 -0.53 0.44 0.00 0.00 HOLD
15.913	>>> V 0.00 0.00
15.914	S 20700384 -0.44 0.44 0.00 0.00 HOLD
15.933	>>> V 0.00 0.00
15.933	S 20700404 -0.53 0.44 0.00 0.00 HOLD
15.954	>>> V 0.00 0.00
15.954	S 20700424 -0.53 0.44 0.00 0.00 HOLD
15.973	>>> V 0.00 0.00
15.975	S 20700445 -0.44 0.44 0.00 0.00 HOLD
15.993	>>> V 0.00 0.00
15.993	S 20700465 -0.44 0.44 0.00 0.00 HOLD
16.013	>>> V 0.00 0.00
16.014	S 20700485 -0.44 0.44 0.00 0.00 HOLD
16.033	>>> V 0.00 0.00
16.033	S 20700505 -0.53 0.44 0.00 0.00 HOLD
16.053	>>> V 0.00 0.00
16.054	S 20700525 -0.44 0.44 0.00 0.00 HOLD
16.072	>>> V 0.00 0.00
16.074	S 20700545 -0.53 0.44 0.00 0.00 HOLD
16.093	>>> V 0.00 0.00
16.093	S 20700565 -0.53 0.44 0.00 0.00 HOLD
16.113	>>> V 0.00 0.00
16.114	S 20700585 -0.44 0.44 0.00 0.00 HOLD
16.133	>>> V 0.00 0.00
16.134	S 20700605 -0.44 0.44 0.00 0.00 HOLD
16.157	>>> V 0.00 0.00
16.157	S 20700625 -0.44 0.44 0.00 0.00 HOLD
16.173	>>> V 0.00 0.00
16.175	S 20700645 -0.44 0.44 0.00 0.00 HOLD
16.193	>>> V 0.00 0.00
16.193	S 20700665 -0.44 0.44 0.00 0.00 HOLD
16.213	>>> V 0.00 0.00
16.215	S 20700685 -0.44 0.44 0.00 0.00 HOLD
16.233	>>> V 0.00 0.00
16.233	S 20700705 -0.44 0.44 0.00 0.00 HOLD
16.254	>>> V 0.00 0.00
16.256	S 20700725 -0.44 0.44 0.00 0.00 HOLD
16.273	>>> V 0.00 0.00
16.274	S 20700745 -0.53 0.44 0.00 0.00 HOLD
16.294	>>> V 0.00 0.00
16.295	S 20700765 -0.44 0.44 0.00 0.00 HOLD
16.312	>>> V 0.00 0.00
16.315	S 20700785 -0.53 0.44 0.00 0.00 HOLD
16.332	>>> V 0.00 0.00
16.333	S 20700805 -0.44 0.44 0.00 0.00 HOLD
16.353	>>> V 0.00 0.00
16.353	S 20700825 -0.44 0.44 0.00 0.00 HOLD
16.373	>>> V 0.00 0.00
16.373	S 20700845 -0.44 0.44 0.00 0.00 HOLD
16.393	>>> V 0.00 0.00
16.393	S 20700865 -0.44 0.44 0.00 0.00 HOLD
16.413	>>> V 0.00 0.00
16.414	S 20700885 -0.44 0.44 0.00 0.00 HOLD
16.432	>>> V 0.00 0.00
16.433	S 20700905 -0.53 0.44 0.00 0.00 HOLD
16.454	>>> V 0.00 0.00
16.454	S 20700925 -0.44 0.44 0.00 0.00 HOLD
16.472	>>> V 0.00 0.00
16.473	S 20700945 -0.44 0.44 0.00 0.00 HOLD
16.495	>>> V 0.00 0.00
16.496	S 20700965 -0.44 0.44 0.00 0.00 HOLD
16.514	>>> V 0.00 0.00
16.514	S 20700985 -0.53 0.44 0.00 0.00 HOLD
16.534	>>> V 0.00 0.00
16.535	S 20701005 -0.44 0.44 0.00 0.00 HOLD
16.552	>>> V 0.00 0.00
16.553	S 20701025 -0.53 0.44 0.00 0.00 HOLD
16.573	>>> V 0.00 0.00
16.573	S 20701045 -0.53 0.44 0.00 0.00 HOLD
16.594	>>> V 0.00 0.00
16.595	S 20701065 -0.44 0.44 0.00 0.00 HOLD
16.613	>>> V 0.00 0.00
16.613	S 20701085 -0.44 0.44 0.00 0.00 HOLD
16.634	>>> V 0.00 0.00
16.635	S 20701105 -0.44 0.44 0.00 0.00 HOLD
16.653	>>> V 0.00 0.00
16.653	S 20701125 -0.44 0.44 0.00 0.00 HOLD
16.672	>>> V 0.00 0.00
16.673	S 20701145 -0.53 0.44 0.00 0.00 HOLD
16.693	>>> V 0.00 0.00
16.693	S 20701165 -0.44 0.44 0.00 0.00 HOLD
16.712	>>> V 0.00 0.00
16.713	S 20701185 -0.44 0.44 0.00 0.00 HOLD
16.733	>>> V 0.00 0.00
16.734	S 20701205 -0.53 0.44 0.00 0.00 HOLD
16.754	>>> V 0.00 0.00
16.755	S 20701225 -0.44 0.44 0.00 0.00 HOLD
16.773	>>> V 0.00 0.00
16.773	S 20701245 -0.44 0.44 0.00 0.00 HOLD
16.793	>>> V 0.00 0.00
16.793	S 20701265 -0.53 0.44 0.00 0.00 HOLD
16.812	>>> V 0.00 0.00
16.813	S 20701285 -0.53 0.44 0.00 0.00 HOLD
16.832	>>> V 0.00 0.00
16.833	S 20701305 -0.44 0.44 0.00 0.00 HOLD
16.854	>>> V 0.00 0.00
16.855	S 20701325 -0.44 0.44 0.00 0.00 HOLD
16.872	>>> V 0.00 0.00
16.872	S 20701345 -0.44 0.44 0.00 0.00 HOLD
16.895	>>> V 0.00 0.00
16.895	S 20701365 -0.44 0.44 0.00 0.00 HOLD
16.913	>>> V 0.00 0.00
16.914	S 20701385 -0.53 0.44 0.00 0.00 HOLD
16.932	>>> V 0.00 0.00
16.933	S 20701405 -0.44 0.44 0.00 0.00 HOLD
16.953	>>> V 0.00 0.00
16.953	S 20701425 -0.44 0.44 0.00 0.00 HOLD
16.973	>>> V 0.00 0.00
16.973	S 20701445 -0.44 0.44 0.00 0.00 HOLD
16.992	>>> V 0.00 0.00
16.993	S 20701465 -0.44 0.44 0.00 0.00 HOLD
17.014	>>> V 0.00 0.00
17.014	S 20701485 -0.44 0.44 0.00 0.00 HOLD
17.032	>>> V 0.00 0.00
17.033	S 20701505 -0.44 0.44 0.00 0.00 HOLD
17.054	>>> V 0.00 0.00
17.057	S 20701525 -0.44 0.44 0.00 0.00 HOLD
17.074	>>> V 0.00 0.00
17.074	S 20701545 -0.53 0.44 0.00 0.00 HOLD
17.094	>>> V 0.00 0.00
17.095	S 20701565 -0.44 0.44 0.00 0.00 HOLD
17.113	>>> V 0.00 0.00
17.114	S 20701585 -0.44 0.44 0.00 0.00 HOLD
17.132	>>> V 0.00 0.00
17.133	S 20701605 -0.53 0.44 0.00 0.00 HOLD
17.154	>>> V 0.00 0.00
17.156	S 20701625 -0.44 0.44 0.00 0.00 HOLD
17.174	>>> V 0.00 0.00
17.175	S 20701645 -0.53 0.44 0.00 0.00 HOLD
17.193	>>> V 0.00 0.00
17.193	S 20701665 -0.44 0.44 0.00 0.00 HOLD
17.213	>>> V 0.00 0.00
17.214	S 20701685 -0.53 0.44 0.00 0.00 HOLD
17.233	>>> V 0.00 0.00
17.233	S 20701705 -0.44 0.44 0.00 0.00 HOLD
17.254	>>> V 0.00 0.00
17.255	S 20701725 -0.44 0.44 0.00 0.00 HOLD
17.275	>>> V 0.00 0.00
17.275	S 20701745 -0.44 0.44 0.00 0.00 HOLD
17.293	>>> V 0.00 0.00
17.293	S 20701765 -0.44 0.44 0.00 0.00 HOLD
17.313	>>> V 0.00 0.00
17.314	S 20701785 -0.44 0.44 0.00 0.00 HOLD
17.333	>>> V 0.00 0.00
17.333	S 20701805 -0.44 0.44 0.00 0.00 HOLD
17.354	>>> V 0.00 0.00
17.355	S 20701825 -0.44 0.44 0.00 0.00 HOLD
17.373	>>> V 0.00 0.00
17.374	S 20701845 -0.44 0.44 0.00 0.00 HOLD
17.392	>>> V 0.00 0.00
17.394	S 20701865 -0.44 0.44 0.00 0.00 HOLD
17.413	>>> V 0.00 0.00
17.413	S 20701885 -0.53 0.44 0.00 0.00 HOLD
17.432	>>> V 0.00 0.00
17.433	S 20701905 -0.53 0.44 0.00 0.00 HOLD
17.453	>>> V 0.00 0.00
17.454	S 20701925 -0.44 0.44 0.00 0.00 HOLD
17.474	>>> V 0.00 0.00
17.474	S 20701945 -0.53 0.44 0.00 0.00 HOLD
17.494	>>> V 0.00 0.00
17.494	S 20701965 -0.53 0.44 0.00 0.00 HOLD
17.513	>>> V 0.00 0.00
17.513	S 20701985 -0.44 0.44 0.00 0.00 HOLD
17.532	>>> V 0.00 0.00
17.533	S 20702005 -0.44 0.44 0.00 0.00 HOLD
17.553	>>> V 0.00 0.00
17.553	S 20702025 -0.53 0.44 0.00 0.00 HOLD
17.573	>>> V 0.00 0.00
17.573	S 20702045 -0.44 0.44 0.00 0.00 HOLD
17.592	>>> V 0.00 0.00
17.593	S 20702065 -0.44 0.44 0.00 0.00 HOLD
17.613	>>> V 0.00 0.00
17.614	S 20702085 -0.44 0.44 0.00 0.00 HOLD
17.633	>>> V 0.00 0.00
17.633	S 20702105 -0.44 0.44 0.00 0.00 HOLD
17.652	>>> V 0.00 0.00
17.653	S 20702125 -0.44 0.44 0.00 0.00 HOLD
17.673	>>> V 0.00 0.00
17.673	S 20702145 -0.44 0.44 0.00 0.00 HOLD
17.692	>>> V 0.00 0.00
17.693	S 20702165 -0.44 0.44 0.00 0.00 HOLD
17.713	>>> V 0.00 0.00
17.714	S 20702185 -0.44 0.44 0.00 0.00 HOLD
17.732	>>> V 0.00 0.00
17.733	S 20702205 -0.44 0.44 0.00 0.00 HOLD
17.755	>>> V 0.00 0.00
17.755	S 20702225 -0.44 0.44 0.00 0.00 HOLD
17.773	>>> V 0.00 0.00
17.776	S 20702245 -0.44 0.44 0.00 0.00 HOLD
17.794	>>> V 0.00 0.00
17.795	S 20702265 -0.44 0.44 0.00 0.00 HOLD
17.813	>>> V 0.00 0.00
17.813	S 20702285 -0.44 0.44 0.00 0.00 HOLD
17.832	>>> V 0.00 0.00
17.833	S 20702305 -0.44 0.44 0.00 0.00 HOLD
17.856	>>> V 0.00 0.00
17.857	S 20702325 -0.53 0.44 0.00 0.00 HOLD
17.873	>>> V 0.00 0.00
17.875	S 20702345 -0.44 0.44 0.00 0.00 HOLD
17.893	>>> V 0.00 0.00
17.893	S 20702365 -0.53 0.44 0.00 0.00 HOLD
17.912	>>> V 0.00 0.00
17.913	S 20702385 -0.44 0.44 0.00 0.00 HOLD
17.933	>>> V 0.00 0.00
17.933	S 20702405 -0.44 0.44 0.00 0.00 HOLD
17.952	>>> V 0.00 0.00
17.955	S 20702425 -0.44 0.44 0.00 0.00 HOLD
17.972	>>> V 0.00 0.00
17.975	S 20702445 -0.44 0.44 0.00 0.00 HOLD
17.992	>>> V 0.00 0.00
17.993	S 20702465 -0.44 0.44 0.00 0.00 HOLD
18.013	>>> V 0.00 0.00
18.015	S 20702485 -0.44 0.44 0.00 0.00 HOLD
18.033	>>> V 0.00 0.00
18.033	S 20702505 -0.44 0.53 0.00 0.00 HOLD
18.054	>>> V 0.00 0.00
18.054	S 20702525 -0.53 0.44 0.00 0.00 HOLD
18.073	>>> V 0.00 0.00
18.075	S 20702545 -0.44 0.44 0.00 0.00 HOLD
18.093	>>> V 0.00 0.00
18.094	S 20702565 -0.44 0.44 0.00 0.00 HOLD
18.112	>>> V 0.00 0.00
18.113	S 20702585 -0.44 0.44 0.00 0.00 HOLD
18.133	>>> V 0.00 0.00
18.133	S 20702605 -0.44 0.44 0.00 0.00 HOLD
18.154	>>> V 0.00 0.00
18.155	S 20702625 -0.53 0.44 0.00 0.00 HOLD
18.173	>>> V 0.00 0.00
18.175	S 20702645 -0.44 0.44 0.00 0.00 HOLD
18.194	>>> V 0.00 0.00
18.194	S 20702665 -0.44 0.44 0.00 0.00 HOLD
18.212	>>> V 0.00 0.00
18.213	S 20702685 -0.44 0.44 0.00 0.00 HOLD
18.233	>>> V 0.00 0.00
18.233	S 20702705 -0.44 0.44 0.00 0.00 HOLD
18.258	>>> V 0.00 0.00
18.259	S 20702725 -0.44 0.44 0.00 0.00 HOLD
18.273	>>> V 0.00 0.00
18.273	S 20702745 -0.44 0.44 0.00 0.00 HOLD
18.295	>>> V 0.00 0.00
18.295	S 20702765 -0.44 0.44 0.00 0.00 HOLD
18.312	>>> V 0.00 0.00
18.313	S 20702785 -0.44 0.44 0.00 0.00 HOLD
18.332	>>> V 0.00 0.00
18.333	S 20702805 -0.44 0.44 0.00 0.00 HOLD
18.357	>>> V 0.00 0.00
18.359	S 20702825 -0.44 0.44 0.00 0.00 HOLD
18.374	>>> V 0.00 0.00
18.374	S 20702845 -0.44 0.44 0.00 0.00 HOLD
18.396	>>> V 0.00 0.00
18.396	S 20702865 -0.44 0.44 0.00 0.00 HOLD
18.412	>>> V 0.00 0.00
18.413	S 20702885 -0.44 0.44 0.00 0.00 HOLD
18.433	>>> V 0.00 0.00
18.433	S 20702905 -0.44 0.44 0.00 0.00 HOLD
18.458	>>> V 0.00 0.00
18.459	S 20702925 -0.44 0.44 0.00 0.00 HOLD
18.473	>>> V 0.00 0.00
18.473	S 20702945 -0.53 0.44 0.00 0.00 HOLD
18.494	>>> V 0.00 0.00
18.495	S 20702965 -0.44 0.44 0.00 0.00 HOLD
18.513	>>> V 0.00 0.00
18.513	S 20702985 -0.44 0.44 0.00 0.00 HOLD
18.534	>>> V 0.00 0.00
18.535	S 20703005 -0.44 0.44 0.00 0.00 HOLD
18.557	>>> V 0.00 0.00
18.558	S 20703025 -0.44 0.44 0.00 0.00 HOLD
18.573	>>> V 0.00 0.00
18.574	S 20703045 -0.44 0.44 0.00 0.00 HOLD
18.596	>>> V 0.00 0.00
18.597	S 20703065 -0.44 0.44 0.00 0.00 HOLD
18.612	>>> V 0.00 0.00
18.614	S 20703085 -0.53 0.44 0.00 0.00 HOLD
18.633	>>> V 0.00 0.00
18.633	S 20703105 -0.53 0.44 0.00 0.00 HOLD
18.659	>>> V 0.00 0.00
18.660	S 20703125 -0.53 0.44 0.00 0.00 HOLD
18.673	>>> V 0.00 0.00
18.673	S 20703145 -0.53 0.44 0.00 0.00 HOLD
18.696	>>> V 0.00 0.00
18.697	S 20703165 -0.53 0.44 0.00 0.00 HOLD
18.713	>>> V 0.00 0.00
18.714	S 20703185 -0.44 0.44 0.00 0.00 HOLD
18.732	>>> V 0.00 0.00
18.733	S 20703205 -0.44 0.44 0.00 0.00 HOLD
18.754	>>> V 0.00 0.00
18.754	S 20703225 -0.53 0.44 0.00 0.00 HOLD
18.772	>>> V 0.00 0.00
18.773	S 20703245 -0.44 0.44 0.00 0.00 HOLD
18.792	>>> V 0.00 0.00
18.792	S 20703265 -0.44 0.44 0.00 0.00 HOLD
18.812	>>> V 0.00 0.00
18.813	S 20703285 -0.44 0.44 0.00 0.00 HOLD
18.832	>>> V 0.00 0.00
18.833	S 20703305 -0.44 0.44 0.00 0.00 HOLD
18.855	>>> V 0.00 0.00
18.858	S 20703325 -0.44 0.44 0.00 0.00 HOLD
18.872	>>> V 0.00 0.00
18.873	S 20703345 -0.44 0.44 0.00 0.00 HOLD
18.896	>>> V 0.00 0.00
18.896	S 20703365 -0.44 0.44 0.00 0.00 HOLD
18.913	>>> V 0.00 0.00
18.913	S 20703385 -0.44 0.44 0.00 0.00 HOLD
18.934	>>> V 0.00 0.00
18.934	S 20703405 -0.44 0.44 0.00 0.00 HOLD
18.954	>>> V 0.00 0.00
18.955	S 20703425 -0.44 0.44 0.00 0.00 HOLD
18.974	>>> V 0.00 0.00
18.976	S 20703445 -0.44 0.44 0.00 0.00 HOLD
18.994	>>> V 0.00 0.00
18.995	S 20703465 -0.53 0.44 0.00 0.00 HOLD
19.012	>>> V 0.00 0.00
19.013	S 20703485 -0.44 0.44 0.00 0.00 HOLD
19.032	>>> V 0.00 0.00
19.033	S 20703505 -0.44 0.44 0.00 0.00 HOLD
19.054	>>> V 0.00 0.00
19.058	S 20703525 -0.44 0.44 0.00 0.00 HOLD
19.073	>>> V 0.00 0.00
19.074	S 20703545 -0.53 0.44 0.00 0.00 HOLD
19.094	>>> V 0.00 0.00
19.095	S 20703565 -0.44 0.44 0.00 0.00 HOLD
19.112	>>> V 0.00 0.00
19.113	S 20703585 -0.53 0.44 0.00 0.00 HOLD
19.132	>>> V 0.00 0.00
19.133	S 20703605 -0.44 0.44 0.00 0.00 HOLD
19.156	>>> V 0.00 0.00
19.156	S 20703625 -0.44 0.44 0.00 0.00 HOLD
19.173	>>> V 0.00 0.00
19.174	S 20703645 -0.44 0.44 0.00 0.00 HOLD
19.194	>>> V 0.00 0.00
19.195	S 20703665 -0.44 0.44 0.00 0.00 HOLD
19.212	>>> V 0.00 0.00
19.213	S 20703685 -0.44 0.44 0.00 0.00 HOLD
19.232	>>> V 0.00 0.00
19.233	S 20703705 -0.44 0.44 0.00 0.00 HOLD
19.258	>>> V 0.00 0.00
19.259	S 20703725 -0.44 0.44 0.00 0.00 HOLD
19.274	>>> V 0.00 0.00
19.274	S 20703745 -0.53 0.44 0.00 0.00 HOLD
19.294	>>> V 0.00 0.00
19.295	S 20703765 -0.44 0.44 0.00 0.00 HOLD
19.313	>>> V 0.00 0.00
19.314	S 20703785 -0.44 0.44 0.00 0.00 HOLD
19.333	>>> V 0.00 0.00
19.333	S 20703805 -0.53 0.44 0.00 0.00 HOLD
19.359	>>> V 0.00 0.00
19.360	S 20703825 -0.44 0.44 0.00 0.00 HOLD
19.374	>>> V 0.00 0.00
19.375	S 20703845 -0.53 0.44 0.00 0.00 HOLD
19.393	>>> V 0.00 0.00
19.394	S 20703865 -0.44 0.44 0.00 0.00 HOLD
19.412	>>> V 0.00 0.00
19.413	S 20703885 -0.44 0.44 0.00 0.00 HOLD
19.432	>>> V 0.00 0.00
19.433	S 20703905 -0.44 0.44 0.00 0.00 HOLD
19.453	>>> V 0.00 0.00
19.455	S 20703925 -0.44 0.44 0.00 0.00 HOLD
19.473	>>> V 0.00 0.00
19.474	S 20703945 -0.44 0.44 0.00 0.00 HOLD
19.494	>>> V 0.00 0.00
19.495	S 20703965 -0.53 0.44 0.00 0.00 HOLD
19.514	>>> V 0.00 0.00
19.514	S 20703985 -0.44 0.44 0.00 0.00 HOLD
19.533	>>> V 0.00 0.00
19.534	S 20704005 -0.44 0.44 0.00 0.00 HOLD
19.557	>>> V 0.00 0.00
19.558	S 20704025 -0.44 0.44 0.00 0.00 HOLD
19.572	>>> V 0.00 0.00
19.574	S 20704045 -0.44 0.44 0.00 0.00 HOLD
19.595	>>> V 0.00 0.00
19.597	S 20704065 -0.44 0.44 0.00 0.00 HOLD
19.613	>>> V 0.00 0.00
19.613	S 20704085 -0.44 0.44 0.00 0.00 HOLD
19.634	>>> V 0.00 0.00
19.635	S 20704105 -0.53 0.44 0.00 0.00 HOLD
19.653	>>> V 0.00 0.00
19.653	S 20704125 -0.44 0.44 0.00 0.00 HOLD
19.673	>>> V 0.00 0.00
19.673	S 20704145 -0.53 0.44 0.00 0.00 HOLD
19.693	>>> V 0.00 0.00
19.694	S 20704165 -0.44 0.44 0.00 0.00 HOLD
19.713	>>> V 0.00 0.00
19.713	S 20704185 -0.44 0.44 0.00 0.00 HOLD
19.735	>>> V 0.00 0.00
19.736	S 20704205 -0.44 0.44 0.00 0.00 HOLD
19.757	>>> V 0.00 0.00
19.757	S 20704225 -0.53 0.44 0.00 0.00 HOLD
19.773	>>> V 0.00 0.00
19.775	S 20704245 -0.44 0.44 0.00 0.00 HOLD
19.793	>>> V 0.00 0.00
19.793	S 20704265 -0.44 0.44 0.00 0.00 HOLD
19.813	>>> V 0.00 0.00
19.813	S 20704285 -0.53 0.44 0.00 0.00 HOLD
19.833	>>> V 0.00 0.00
19.835	S 20704305 -0.44 0.44 0.00 0.00 HOLD
19.854	>>> V 0.00 0.00
19.854	S 20704325 -0.44 0.44 0.00 0.00 HOLD
19.874	>>> V 0.00 0.00
19.874	S 20704345 -0.44 0.44 0.00 0.00 HOLD
19.892	>>> V 0.00 0.00
19.894	S 20704365 -0.53 0.44 0.00 0.00 HOLD
19.914	>>> V 0.00 0.00
19.914	S 20704385 -0.44 0.44 0.00 0.00 HOLD
19.933	>>> V 0.00 0.00
19.933	S 20704405 -0.44 0.44 0.00 0.00 HOLD
19.954	>>> V 0.00 0.00
19.954	S 20704425 -0.44 0.44 0.00 0.00 HOLD
19.974	>>> V 0.00 0.00
19.974	S 20704445 -0.44 0.44 0.00 0.00 HOLD
19.993	>>> V 0.00 0.00
19.993	S 20704465 -0.53 0.44 0.00 0.00 HOLD
20.013	>>> V 0.00 0.00
20.014	S 20704485 -0.44 0.44 0.00 0.00 HOLD
20.035	>>> V 0.00 0.00
20.036	S 20704505 -0.44 0.44 0.00 0.00 HOLD
20.054	>>> V 0.00 0.00
20.055	S 20704525 -0.53 0.44 0.00 0.00 HOLD
20.073	>>> V 0.00 0.00
20.074	S 20704545 -0.44 0.44 0.00 0.00 HOLD
20.093	>>> V 0.00 0.00
20.093	S 20704565 -0.44 0.44 0.00 0.00 HOLD
20.112	>>> V 0.00 0.00
20.113	S 20704585 -0.53 0.44 0.00 0.00 HOLD
20.133	>>> V 0.00 0.00
20.134	S 20704605 -0.44 0.44 0.00 0.00 HOLD
20.153	>>> V 0.00 0.00
20.153	S 20704625 -0.44 0.44 0.00 0.00 HOLD
20.174	>>> V 0.00 0.00
20.176	S 20704645 -0.44 0.44 0.00 0.00 HOLD
20.193	>>> V 0.00 0.00
20.193	S 20704665 -0.44 0.44 0.00 0.00 HOLD
20.214	>>> V 0.00 0.00
20.214	S 20704685 -0.44 0.44 0.00 0.00 HOLD
20.232	>>> V 0.00 0.00
20.233	S 20704705 -0.53 0.44 0.00 0.00 HOLD
20.253	>>> V 0.00 0.00
20.253	S 20704725 -0.44 0.44 0.00 0.00 HOLD
20.273	>>> V 0.00 0.00
20.274	S 20704745 -0.44 0.44 0.00 0.00 HOLD
20.292	>>> V 0.00 0.00
20.293	S 20704765 -0.53 0.44 0.00 0.00 HOLD
20.315	>>> V 0.00 0.00
20.316	S 20704785 -0.44 0.44 0.00 0.00 HOLD
20.334	>>> V 0.00 0.00
20.334	S 20704805 -0.44 0.44 0.00 0.00 HOLD
20.353	>>> V 0.00 0.00
20.354	S 20704825 -0.44 0.44 0.00 0.00 HOLD
20.374	>>> V 0.00 0.00
20.374	S 20704845 -0.44 0.44 0.00 0.00 HOLD
20.392	>>> V 0.00 0.00
20.393	S 20704865 -0.44 0.44 0.00 0.00 HOLD
20.413	>>> V 0.00 0.00
20.413	S 20704885 -0.44 0.44 0.00 0.00 HOLD
20.432	>>> V 0.00 0.00
20.433	S 20704905 -0.53 0.44 0.00 0.00 HOLD
20.453	>>> V 0.00 0.00
20.454	S 20704925 -0.44 0.44 0.00 0.00 HOLD
20.473	>>> V 0.00 0.00
20.474	S 20704945 -0.44 0.44 0.00 0.00 HOLD
20.494	>>> V 0.00 0.00
20.494	S 20704965 -0.44 0.44 0.00 0.00 HOLD
20.512	>>> V 0.00 0.00
20.513	S 20704985 -0.53 0.44 0.00 0.00 HOLD
20.533	>>> V 0.00 0.00
20.533	S 20705005 -0.53 0.44 0.00 0.00 HOLD
20.554	>>> V 0.00 0.00
20.554	S 20705025 -0.44 0.44 0.00 0.00 HOLD
20.573	>>> V 0.00 0.00
20.573	S 20705045 -0.44 0.44 0.00 0.00 HOLD
20.592	>>> V 0.00 0.00
20.593	S 20705065 -0.44 0.44 0.00 0.00 HOLD
20.614	>>> V 0.00 0.00
20.614	S 20705085 -0.44 0.44 0.00 0.00 HOLD
20.635	>>> V 0.00 0.00
20.637	S 20705105 -0.44 0.44 0.00 0.00 HOLD
20.653	>>> V 0.00 0.00
20.653	S 20705125 -0.44 0.44 0.00 0.00 HOLD
20.674	>>> V 0.00 0.00
20.675	S 20705145 -0.44 0.44 0.00 0.00 HOLD
20.695	>>> V 0.00 0.00
20.696	S 20705165 -0.44 0.44 0.00 0.00 HOLD
20.712	>>> V 0.00 0.00
20.713	S 20705185 -0.44 0.44 0.00 0.00 HOLD
20.737	>>> V 0.00 0.00
20.738	S 20705205 -0.53 0.44 0.00 0.00 HOLD
20.753	>>> V 0.00 0.00
20.755	S 20705225 -0.44 0.44 0.00 0.00 HOLD
20.773	>>> V 0.00 0.00
20.773	S 20705245 -0.44 0.44 0.00 0.00 HOLD
20.796	>>> V 0.00 0.00
20.797	S 20705265 -0.53 0.44 0.00 0.00 HOLD
20.814	>>> V 0.00 0.00
20.815	S 20705285 -0.53 0.44 0.00 0.00 HOLD
20.832	>>> V 0.00 0.00
20.833	S 20705305 -0.53 0.44 0.00 0.00 HOLD
20.852	>>> V 0.00 0.00
20.853	S 20705325 -0.53 0.44 0.00 0.00 HOLD
20.873	>>> V 0.00 0.00
20.873	S 20705345 -0.44 0.44 0.00 0.00 HOLD
20.894	>>> V 0.00 0.00
20.894	S 20705365 -0.44 0.44 0.00 0.00 HOLD
20.912	>>> V 0.00 0.00
20.912	S 20705385 -0.44 0.44 0.00 0.00 HOLD
20.932	>>> V 0.00 0.00
20.933	S 20705405 -0.44 0.44 0.00 0.00 HOLD
20.956	>>> V 0.00 0.00
20.956	S 20705425 -0.44 0.44 0.00 0.00 HOLD
20.972	>>> V 0.00 0.00
20.973	S 20705445 -0.53 0.44 0.00 0.00 HOLD
20.993	>>> V 0.00 0.00
20.995	S 20705465 -0.44 0.44 0.00 0.00 HOLD
21.012	>>> V 0.00 0.00
21.013	S 20705485 -0.44 0.44 0.00 0.00 HOLD
21.033	>>> V 0.00 0.00
21.033	S 20705505 -0.44 0.44 0.00 0.00 HOLD
21.052	>>> V 0.00 0.00
21.054	S 20705525 -0.44 0.44 0.00 0.00 HOLD
21.074	>>> V 0.00 0.00
21.074	S 20705545 -0.44 0.44 0.00 0.00 HOLD
21.092	>>> V 0.00 0.00
21.094	S 20705565 -0.44 0.44 0.00 0.00 HOLD
21.113	>>> V 0.00 0.00
21.115	S 20705585 -0.44 0.44 0.00 0.00 HOLD
21.133	>>> V 0.00 0.00
21.133	S 20705605 -0.44 0.44 0.00 0.00 HOLD
21.154	>>> V 0.00 0.00
21.155	S 20705625 -0.44 0.44 0.00 0.00 HOLD
21.172	>>> V 0.00 0.00
21.173	S 20705645 -0.44 0.44 0.00 0.00 HOLD
21.194	>>> V 0.00 0.00
21.195	S 20705665 -0.53 0.44 0.00 0.00 HOLD
21.213	>>> V 0.00 0.00
21.216	S 20705685 -0.44 0.44 0.00 0.00 HOLD
21.233	>>> V 0.00 0.00
21.233	S 20705705 -0.44 0.44 0.00 0.00 HOLD
21.253	>>> V 0.00 0.00
21.255	S 20705725 -0.53 0.44 0.00 0.00 HOLD
21.273	>>> V 0.00 0.00
21.275	S 20705745 -0.44 0.44 0.00 0.00 HOLD
21.294	>>> V 0.00 0.00
21.296	S 20705765 -0.53 0.44 0.00 0.00 HOLD
21.313	>>> V 0.00 0.00
21.314	S 20705785 -0.44 0.44 0.00 0.00 HOLD
21.333	>>> V 0.00 0.00
21.333	S 20705805 -0.44 0.44 0.00 0.00 HOLD
21.353	>>> V 0.00 0.00
21.353	S 20705825 -0.44 0.44 0.00 0.00 HOLD
21.372	>>> V 0.00 0.00
21.373	S 20705845 -0.44 0.44 0.00 0.00 HOLD
21.394	>>> V 0.00 0.00
21.394	S 20705865 -0.44 0.44 0.00 0.00 HOLD
21.412	>>> V 0.00 0.00
21.413	S 20705885 -0.44 0.44 0.00 0.00 HOLD
21.433	>>> V 0.00 0.00
21.433	S 20705905 -0.44 0.44 0.00 0.00 HOLD
21.454	>>> V 0.00 0.00
21.456	S 20705925 -0.44 0.44 0.00 0.00 HOLD
21.472	>>> V 0.00 0.00
21.473	S 20705945 -0.44 0.44 0.00 0.00 HOLD
21.493	>>> V 0.00 0.00
21.494	S 20705965 -0.44 0.44 0.00 0.00 HOLD
21.512	>>> V 0.00 0.00
21.513	S 20705985 -0.44 0.44 0.00 0.00 HOLD
21.532	>>> V 0.00 0.00
21.533	S 20706005 -0.44 0.44 0.00 0.00 HOLD
21.554	>>> V 0.00 0.00
21.555	S 20706025 -0.44 0.44 0.00 0.00 HOLD
21.572	>>> V 0.00 0.00
21.573	S 20706045 -0.44 0.44 0.00 0.00 HOLD
21.594	>>> V 0.00 0.00
21.595	S 20706065 -0.53 0.44 0.00 0.00 HOLD
21.612	>>> V 0.00 0.00
21.613	S 20706085 -0.44 0.44 0.00 0.00 HOLD
21.633	>>> V 0.00 0.00
21.633	S 20706105 -0.44 0.44 0.00 0.00 HOLD
21.653	>>> V 0.00 0.00
21.654	S 20706125 -0.44 0.44 0.00 0.00 HOLD
21.673	>>> V 0.00 0.00
21.673	S 20706145 -0.44 0.44 0.00 0.00 HOLD
21.694	>>> V 0.00 0.00
21.695	S 20706165 -0.44 0.44 0.00 0.00 HOLD
21.712	>>> V 0.00 0.00
21.713	S 20706185 -0.44 0.44 0.00 0.00 HOLD
21.733	>>> V 0.00 0.00
21.733	S 20706205 -0.44 0.44 0.00 0.00 HOLD
21.752	>>> V 0.00 0.00
21.755	S 20706225 -0.53 0.44 0.00 0.00 HOLD
21.772	>>> V 0.00 0.00
21.773	S 20706245 -0.44 0.44 0.00 0.00 HOLD
21.795	>>> V 0.00 0.00
21.796	S 20706265 -0.44 0.44 0.00 0.00 HOLD
21.813	>>> V 0.00 0.00
21.814	S 20706285 -0.44 0.44 0.00 0.00 HOLD
21.832	>>> V 0.00 0.00
21.834	S 20706305 -0.44 0.44 0.00 0.00 HOLD
21.853	>>> V 0.00 0.00
21.853	S 20706325 -0.44 0.44 0.00 0.00 HOLD
21.872	>>> V 0.00 0.00
21.873	S 20706345 -0.44 0.44 0.00 0.00 HOLD
21.893	>>> V 0.00 0.00
21.894	S 20706365 -0.44 0.44 0.00 0.00 HOLD
21.912	>>> V 0.00 0.00
21.913	S 20706385 -0.53 0.44 0.00 0.00 HOLD
21.933	>>> V 0.00 0.00
21.933	S 20706405 -0.44 0.44 0.00 0.00 HOLD
21.953	>>> V 0.00 0.00
21.955	S 20706425 -0.44 0.44 0.00 0.00 HOLD
21.972	>>> V 0.00 0.00
21.974	S 20706445 -0.44 0.44 0.00 0.00 HOLD
21.994	>>> V 0.00 0.00
21.994	S 20706465 -0.53 0.44 0.00 0.00 HOLD
22.013	>>> V 0.00 0.00
22.014	S 20706485 -0.44 0.44 0.00 0.00 HOLD
22.032	>>> V 0.00 0.00
22.033	S 20706505 -0.53 0.44 0.00 0.00 HOLD
22.053	>>> V 0.00 0.00
22.054	S 20706525 -0.44 0.44 0.00 0.00 HOLD
22.072	>>> V 0.00 0.00
22.072	S 20706545 -0.44 0.44 0.00 0.00 HOLD
22.093	>>> V 0.00 0.00
22.093	S 20706565 -0.44 0.44 0.00 0.00 HOLD
22.112	>>> V 0.00 0.00
22.113	S 20706585 -0.53 0.44 0.00 0.00 HOLD
22.132	>>> V 0.00 0.00
22.134	S 20706605 -0.44 0.44 0.00 0.00 HOLD
22.153	>>> V 0.00 0.00
22.154	S 20706625 -0.44 0.44 0.00 0.00 HOLD
22.172	>>> V 0.00 0.00
22.173	S 20706645 -0.44 0.44 0.00 0.00 HOLD
22.193	>>> V 0.00 0.00
22.196	S 20706665 -0.44 0.44 0.00 0.00 HOLD
22.213	>>> V 0.00 0.00
22.213	S 20706685 -0.44 0.44 0.00 0.00 HOLD
22.234	>>> V 0.00 0.00
22.235	S 20706705 -0.44 0.44 0.00 0.00 HOLD
22.253	>>> V 0.00 0.00
22.253	S 20706725 -0.53 0.44 0.00 0.00 HOLD
22.274	>>> V 0.00 0.00
22.274	S 20706745 -0.44 0.44 0.00 0.00 HOLD
22.294	>>> V 0.00 0.00
22.296	S 20706765 -0.44 0.44 0.00 0.00 HOLD
22.313	>>> V 0.00 0.00
22.313	S 20706785 -0.44 0.44 0.00 0.00 HOLD
22.337	>>> V 0.00 0.00
22.337	S 20706805 -0.44 0.44 0.00 0.00 HOLD
22.354	>>> V 0.00 0.00
22.354	S 20706825 -0.53 0.44 0.00 0.00 HOLD
22.373	>>> V 0.00 0.00
22.373	S 20706845 -0.44 0.44 0.00 0.00 HOLD
22.393	>>> V 0.00 0.00
22.394	S 20706865 -0.44 0.44 0.00 0.00 HOLD
22.413	>>> V 0.00 0.00
22.413	S 20706885 -0.44 0.44 0.00 0.00 HOLD
22.435	>>> V 0.00 0.00
22.436	S 20706905 -0.44 0.44 0.00 0.00 HOLD
22.456	>>> V 0.00 0.00
22.456	S 20706925 -0.44 0.44 0.00 0.00 HOLD
22.473	>>> V 0.00 0.00
22.473	S 20706945 -0.53 0.44 0.00 0.00 HOLD
22.497	>>> V 0.00 0.00
22.498	S 20706965 -0.44 0.44 0.00 0.00 HOLD
22.513	>>> V 0.00 0.00
22.513	S 20706985 -0.44 0.44 0.00 0.00 HOLD
22.534	>>> V 0.00 0.00
22.535	S 20707005 -0.44 0.44 0.00 0.00 HOLD
22.553	>>> V 0.00 0.00
22.553	S 20707025 -0.44 0.44 0.00 0.00 HOLD
22.574	>>> V 0.00 0.00
22.575	S 20707045 -0.44 0.44 0.00 0.00 HOLD
22.594	>>> V 0.00 0.00
22.594	S 20707065 -0.44 0.44 0.00 0.00 HOLD
22.614	>>> V 0.00 0.00
22.614	S 20707085 -0.44 0.44 0.00 0.00 HOLD
22.633	>>> V 0.00 0.00
22.634	S 20707105 -0.44 0.44 0.00 0.00 HOLD
22.653	>>> V 0.00 0.00
22.653	S 20707125 -0.53 0.44 0.00 0.00 HOLD
22.673	>>> V 0.00 0.00
22.674	S 20707145 -0.53 0.44 0.00 0.00 HOLD
22.693	>>> V 0.00 0.00
22.694	S 20707165 -0.53 0.44 0.00 0.00 HOLD
22.714	>>> V 0.00 0.00
22.715	S 20707185 -0.53 0.44 0.00 0.00 HOLD
22.733	>>> V 0.00 0.00
22.734	S 20707205 -0.44 0.44 0.00 0.00 HOLD
22.754	>>> V 0.00 0.00
22.754	S 20707225 -0.44 0.44 0.00 0.00 HOLD
22.773	>>> V 0.00 0.00
22.773	S 20707245 -0.53 0.44 0.00 0.00 HOLD
22.793	>>> V 0.00 0.00
22.793	S 20707265 -0.44 0.44 0.00 0.00 HOLD
22.814	>>> V 0.00 0.00
22.815	S 20707285 -0.44 0.44 0.00 0.00 HOLD
22.833	>>> V 0.00 0.00
22.834	S 20707305 -0.53 0.44 0.00 0.00 HOLD
22.854	>>> V 0.00 0.00
22.854	S 20707325 -0.44 0.44 0.00 0.00 HOLD
22.873	>>> V 0.00 0.00
22.874	S 20707345 -0.44 0.44 0.00 0.00 HOLD
22.895	>>> V 0.00 0.00
22.895	S 20707365 -0.44 0.44 0.00 0.00 HOLD
22.912	>>> V 0.00 0.00
22.913	S 20707385 -0.44 0.44 0.00 0.00 HOLD
22.933	>>> V 0.00 0.00
22.933	S 20707405 -0.44 0.44 0.00 0.00 HOLD
22.956	>>> V 0.00 0.00
22.956	S 20707425 -0.53 0.44 0.00 0.00 HOLD
22.974	>>> V 0.00 0.00
22.974	S 20707445 -0.44 0.53 0.00 0.00 HOLD
22.993	>>> V 0.00 0.00
22.993	S 20707465 -0.44 0.44 0.00 0.00 HOLD
23.014	>>> V 0.00 0.00
23.014	S 20707485 -0.44 0.44 0.00 0.00 HOLD
23.034	>>> V 0.00 0.00
23.034	S 20707505 -0.44 0.44 0.00 0.00 HOLD
23.054	>>> V 0.00 0.00
23.055	S 20707525 -0.53 0.44 0.00 0.00 HOLD
23.073	>>> V 0.00 0.00
23.074	S 20707545 -0.53 0.44 0.00 0.00 HOLD
23.093	>>> V 0.00 0.00
23.093	S 20707565 -0.53 0.44 0.00 0.00 HOLD
23.114	>>> V 0.00 0.00
23.115	S 20707585 -0.44 0.44 0.00 0.00 HOLD
23.133	>>> V 0.00 0.00
23.133	S 20707605 -0.44 0.44 0.00 0.00 HOLD
23.153	>>> V 0.00 0.00
23.153	S 20707625 -0.53 0.44 0.00 0.00 HOLD
23.172	>>> V 0.00 0.00
23.173	S 20707645 -0.44 0.44 0.00 0.00 HOLD
23.193	>>> V 0.00 0.00
23.194	S 20707665 -0.53 0.44 0.00 0.00 HOLD
23.214	>>> V 0.00 0.00
23.214	S 20707685 -0.44 0.44 0.00 0.00 HOLD
23.233	>>> V 0.00 0.00
23.233	S 20707705 -0.53 0.44 0.00 0.00 HOLD
23.255	>>> V 0.00 0.00
23.256	S 20707725 -0.44 0.44 0.00 0.00 HOLD
23.274	>>> V 0.00 0.00
23.274	S 20707745 -0.44 0.44 0.00 0.00 HOLD
23.294	>>> V 0.00 0.00
23.294	S 20707765 -0.44 0.44 0.00 0.00 HOLD
23.312	>>> V 0.00 0.00
23.313	S 20707785 -0.44 0.44 0.00 0.00 HOLD
23.333	>>> V 0.00 0.00
23.334	S 20707805 -0.44 0.44 0.00 0.00 HOLD
23.354	>>> V 0.00 0.00
23.354	S 20707826 -0.53 0.44 0.00 0.00 HOLD
23.373	>>> V 0.00 0.00
23.373	S 20707845 -0.53 0.44 0.00 0.00 HOLD
23.394	>>> V 0.00 0.00
23.394	S 20707866 -0.44 0.44 0.00 0.00 HOLD
23.413	>>> V 0.00 0.00
23.413	S 20707886 -0.53 0.44 0.00 0.00 HOLD
23.433	>>> V 0.00 0.00
23.434	S 20707906 -0.44 0.44 0.00 0.00 HOLD
23.453	>>> V 0.00 0.00
23.454	S 20707926 -0.53 0.44 0.00 0.00 HOLD
23.473	>>> V 0.00 0.00
23.473	S 20707946 -0.53 0.44 0.00 0.00 HOLD
23.493	>>> V 0.00 0.00
23.496	S 20707966 -0.53 0.44 0.00 0.00 HOLD
23.514	>>> V 0.00 0.00
23.514	S 20707986 -0.53 0.44 0.00 0.00 HOLD
23.533	>>> V 0.00 0.00
23.533	S 20708006 -0.44 0.44 0.00 0.00 HOLD
23.553	>>> V 0.00 0.00
23.554	S 20708026 -0.44 0.44 0.00 0.00 HOLD
23.573	>>> V 0.00 0.00
23.574	S 20708046 -0.44 0.44 0.00 0.00 HOLD
23.595	>>> V 0.00 0.00
23.596	S 20708066 -0.44 0.44 0.00 0.00 HOLD
23.612	>>> V 0.00 0.00
23.613	S 20708086 -0.53 0.44 0.00 0.00 HOLD
23.634	>>> V 0.00 0.00
23.635	S 20708106 -0.44 0.44 0.00 0.00 HOLD
23.652	>>> V 0.00 0.00
23.653	S 20708126 -0.53 0.44 0.00 0.00 HOLD
23.674	>>> V 0.00 0.00
23.675	S 20708146 -0.44 0.44 0.00 0.00 HOLD
23.693	>>> V 0.00 0.00
23.693	S 20708166 -0.44 0.44 0.00 0.00 HOLD
23.712	>>> V 0.00 0.00
23.713	S 20708186 -0.53 0.44 0.00 0.00 HOLD
23.732	>>> V 0.00 0.00
23.733	S 20708206 -0.44 0.44 0.00 0.00 HOLD
23.753	>>> V 0.00 0.00
23.753	S 20708226 -0.44 0.44 0.00 0.00 HOLD
23.773	>>> V 0.00 0.00
23.776	S 20708246 -0.44 0.44 0.00 0.00 HOLD
23.792	>>> V 0.00 0.00
23.794	S 20708266 -0.53 0.53 0.00 0.00 HOLD
23.814	>>> V 0.00 0.00
23.815	S 20708286 -0.53 0.44 0.00 0.00 HOLD
23.835	>>> V 0.00 0.00
23.836	S 20708306 -0.44 0.44 0.00 0.00 HOLD
23.853	>>> V 0.00 0.00
23.854	S 20708326 -0.44 0.44 0.00 0.00 HOLD
23.872	>>> V 0.00 0.00
23.873	S 20708346 -0.53 0.44 0.00 0.00 HOLD
23.893	>>> V 0.00 0.00
23.894	S 20708366 -0.53 0.44 0.00 0.00 HOLD
23.914	>>> V 0.00 0.00
23.914	S 20708386 -0.44 0.44 0.00 0.00 HOLD
23.933	>>> V 0.00 0.00
23.934	S 20708406 -0.44 0.44 0.00 0.00 HOLD
23.953	>>> V 0.00 0.00
23.954	S 20708426 -0.44 0.44 0.00 0.00 HOLD
23.973	>>> V 0.00 0.00
23.974	S 20708446 -0.44 0.44 0.00 0.00 HOLD
23.994	>>> V 0.00 0.00
23.995	S 20708466 -0.44 0.44 0.00 0.00 HOLD
24.013	>>> V 0.00 0.00
24.014	S 20708486 -0.53 0.44 0.00 0.00 HOLD
24.033	>>> V 0.00 0.00
24.033	S 20708506 -0.53 0.44 0.00 0.00 HOLD
24.054	>>> V 0.00 0.00
24.054	S 20708526 -0.44 0.44 0.00 0.00 HOLD
24.073	>>> V 0.00 0.00
24.074	S 20708546 -0.44 0.44 0.00 0.00 HOLD
24.095	>>> V 0.00 0.00
24.095	S 20708566 -0.44 0.44 0.00 0.00 HOLD
24.112	>>> V 0.00 0.00
24.113	S 20708586 -0.44 0.44 0.00 0.00 HOLD
24.134	>>> V 0.00 0.00
24.135	S 20708606 -0.44 0.44 0.00 0.00 HOLD
24.153	>>> V 0.00 0.00
24.153	S 20708626 -0.44 0.44 0.00 0.00 HOLD
24.173	>>> V 0.00 0.00
24.174	S 20708646 -0.53 0.44 0.00 0.00 HOLD
24.193	>>> V 0.00 0.00
24.194	S 20708666 -0.44 0.44 0.00 0.00 HOLD
24.213	>>> V 0.00 0.00
24.213	S 20708686 -0.53 0.44 0.00 0.00 HOLD
24.233	>>> V 0.00 0.00
24.234	S 20708706 -0.53 0.44 0.00 0.00 HOLD
24.253	>>> V 0.00 0.00
24.253	S 20708726 -0.44 0.44 0.00 0.00 HOLD
24.273	>>> V 0.00 0.00
24.273	S 20708746 -0.44 0.44 0.00 0.00 HOLD
24.292	>>> V 0.00 0.00
24.294	S 20708766 -0.44 0.44 0.00 0.00 HOLD
24.313	>>> V 0.00 0.00
24.313	S 20708786 -0.44 0.44 0.00 0.00 HOLD
24.334	>>> V 0.00 0.00
24.336	S 20708806 -0.44 0.44 0.00 0.00 HOLD
24.352	>>> V 0.00 0.00
24.353	S 20708826 -0.44 0.44 0.00 0.00 HOLD
24.374	>>> V 0.00 0.00
24.375	S 20708846 -0.44 0.44 0.00 0.00 HOLD
24.393	>>> V 0.00 0.00
24.394	S 20708866 -0.53 0.44 0.00 0.00 HOLD
24.413	>>> V 0.00 0.00
24.414	S 20708886 -0.44 0.44 0.00 0.00 HOLD
24.433	>>> V 0.00 0.00
24.433	S 20708906 -0.44 0.44 0.00 0.00 HOLD
24.452	>>> V 0.00 0.00
24.453	S 20708926 -0.53 0.44 0.00 0.00 HOLD
24.473	>>> V 0.00 0.00
24.474	S 20708946 -0.44 0.44 0.00 0.00 HOLD
24.493	>>> V 0.00 0.00
24.493	S 20708966 -0.44 0.44 0.00 0.00 HOLD
24.514	>>> V 0.00 0.00
24.515	S 20708986 -0.53 0.44 0.00 0.00 HOLD
24.533	>>> V 0.00 0.00
24.533	S 20709006 -0.44 0.44 0.00 0.00 HOLD
24.553	>>> V 0.00 0.00
24.553	S 20709026 -0.44 0.44 0.00 0.00 HOLD
24.574	>>> V 0.00 0.00
24.574	S 20709046 -0.53 0.44 0.00 0.00 HOLD
24.595	>>> V 0.00 0.00
24.596	S 20709066 -0.44 0.44 0.00 0.00 HOLD
24.615	>>> V 0.00 0.00
24.616	S 20709086 -0.44 0.44 0.00 0.00 HOLD
24.634	>>> V 0.00 0.00
24.634	S 20709106 -0.53 0.44 0.00 0.00 HOLD
24.653	>>> V 0.00 0.00
24.653	S 20709126 -0.44 0.44 0.00 0.00 HOLD
24.674	>>> V 0.00 0.00
24.674	S 20709146 -0.53 0.44 0.00 0.00 HOLD
24.693	>>> V 0.00 0.00
24.694	S 20709166 -0.44 0.44 0.00 0.00 HOLD
24.714	>>> V 0.00 0.00
24.715	S 20709186 -0.44 0.44 0.00 0.00 HOLD
24.733	>>> V 0.00 0.00
24.734	S 20709206 -0.44 0.44 0.00 0.00 HOLD
24.754	>>> V 0.00 0.00
24.754	S 20709226 -0.44 0.44 0.00 0.00 HOLD
24.772	>>> V 0.00 0.00
24.773	S 20709246 -0.44 0.44 0.00 0.00 HOLD
24.793	>>> V 0.00 0.00
24.794	S 20709266 -0.44 0.44 0.00 0.00 HOLD
24.813	>>> V 0.00 0.00
24.814	S 20709286 -0.53 0.44 0.00 0.00 HOLD
24.836	>>> V 0.00 0.00
24.836	S 20709306 -0.44 0.44 0.00 0.00 HOLD
24.853	>>> V 0.00 0.00
24.854	S 20709326 -0.53 0.44 0.00 0.00 HOLD
24.873	>>> V 0.00 0.00
24.873	S 20709346 -0.44 0.44 0.00 0.00 HOLD
24.893	>>> V 0.00 0.00
24.893	S 20709366 -0.44 0.44 0.00 0.00 HOLD
24.913	>>> V 0.00 0.00
24.914	S 20709386 -0.53 0.44 0.00 0.00 HOLD
24.934	>>> V 0.00 0.00
24.935	S 20709406 -0.44 0.44 0.00 0.00 HOLD
24.953	>>> V 0.00 0.00
24.955	S 20709426 -0.53 0.44 0.00 0.00 HOLD
24.976	>>> V 0.00 0.00
24.978	S 20709446 -0.44 0.44 0.00 0.00 HOLD
24.996	>>> V 0.00 0.00
24.999	S 20709466 -0.44 0.44 0.00 0.00 HOLD
25.020	>>> V 0.00 0.00
25.023	S 20709486 -0.44 0.44 0.00 0.00 HOLD
25.038	>>> V 0.00 0.00
25.039	S 20709506 -0.44 0.44 0.00 0.00 HOLD
25.055	>>> V 0.00 0.00
25.055	S 20709526 -0.44 0.44 0.00 0.00 HOLD
25.074	>>> V 0.00 0.00
25.074	S 20709546 -0.53 0.44 0.00 0.00 HOLD
25.103	>>> V 0.00 0.00
25.103	S 20709566 -0.44 0.44 0.00 0.00 HOLD
25.114	>>> V 0.00 0.00
25.116	S 20709586 -0.44 0.44 0.00 0.00 HOLD
25.135	>>> V -25.09 40.82
25.138	S 20709606 -0.53 0.44 0.00 0.00 HOLD
25.154	>>> V -25.09 40.79
25.154	S 20709626 -0.44 0.44 0.00 0.00 TRACK
25.178	>>> V -25.09 40.79
25.179	S 20709646 -0.53 0.44 0.00 0.00 TRACK
25.196	>>> V -25.08 40.84
25.198	S 20709666 -0.53 0.44 0.00 0.00 TRACK
25.215	>>> V -25.08 40.84
25.215	S 20709686 -0.79 0.53 -1.37 0.00 TRACK
25.238	>>> V -25.05 40.77
25.239	S 20709706 -1.05 0.97 -5.50 2.75 TRACK
25.252	>>> V -25.09 40.81
25.253	S 20709726 -1.41 1.49 -9.62 8.24 TRACK
25.272	>>> V -25.05 40.82
25.273	S 20709746 -1.67 2.11 -12.37 16.49 TRACK
25.296	>>> V -25.05 40.82
25.297	S 20709766 -2.11 2.81 -13.74 23.36 TRACK
25.312	>>> V -25.11 40.84
25.313	S 20709786 -2.64 3.60 -16.49 28.85 TRACK
25.335	>>> V -25.11 40.84
25.335	S 20709806 -3.16 4.39 -20.61 32.98 TRACK
25.353	>>> V -24.67 40.78
25.354	S 20709826 -3.69 5.27 -23.36 37.10 TRACK
25.373	>>> V -24.67 40.78
25.373	S 20709846 -4.13 6.06 -24.73 38.47 TRACK
25.393	>>> V -23.60 40.37
25.394	S 20709866 -4.66 6.86 -24.73 39.85 TRACK
25.413	>>> V -23.60 40.37
25.414	S 20709886 -5.19 7.73 -24.73 41.22 TRACK
25.433	>>> V -22.56 39.42
25.434	S 20709906 -5.71 8.61 -24.73 41.22 TRACK
25.452	>>> V -22.56 39.42
25.453	S 20709926 -6.24 9.40 -24.73 41.22 TRACK
25.472	>>> V -21.08 36.37
25.473	S 20709946 -6.77 10.28 -24.73 41.22 TRACK
25.494	>>> V -21.08 36.37
25.495	S 20709966 -7.21 11.16 -23.36 41.22 TRACK
25.512	>>> V -19.26 32.69
25.513	S 20709986 -7.73 12.13 -23.36 43.97 TRACK
25.534	>>> V -19.26 32.69
25.535	S 20710006 -8.17 12.83 -23.36 43.97 TRACK
25.553	>>> V -14.07 22.02
25.554	S 20710026 -8.61 13.54 -21.98 42.59 TRACK
25.573	>>> V -12.45 17.53
25.576	S 20710046 -9.05 13.97 -21.98 35.72 TRACK
25.592	>>> V -10.80 12.50
25.593	S 20710066 -9.40 14.59 -20.61 30.23 TRACK
25.614	>>> V -10.80 12.50
25.614	S 20710086 -9.76 15.38 -19.24 30.23 TRACK
25.632	>>> V -10.80 12.50
25.633	S 20710106 -10.11 16.00 -17.86 31.60 TRACK
25.655	>>> V -9.02 8.56
25.655	S 20710126 -10.37 16.44 -16.49 31.60 TRACK
25.674	>>> V -9.02 8.56
25.674	S 20710146 -10.63 16.79 -15.11 28.85 TRACK
25.693	>>> V -7.28 6.58
25.693	S 20710166 -10.90 17.05 -13.74 23.36 TRACK
25.713	>>> V -7.28 6.58
25.714	S 20710186 -11.07 17.31 -12.37 17.86 TRACK
25.735	>>> V -5.70 4.27
25.736	S 20710206 -11.34 17.40 -10.99 13.74 TRACK
25.754	>>> V -5.70 4.27
25.754	S 20710226 -11.51 17.58 -9.62 10.99 TRACK
25.775	>>> V -4.51 0.00
25.775	S 20710246 -11.60 17.84 -9.62 8.24 TRACK
25.794	>>> V -3.61 0.00
25.794	S 20710266 -11.69 17.93 -8.24 6.87 TRACK
25.814	>>> V -2.81 0.00
25.817	S 20710286 -11.95 18.02 -6.87 5.50 TRACK
25.837	>>> V -2.18 -2.98
25.838	S 20710306 -11.95 18.02 -5.50 4.12 TRACK
25.853	>>> V -2.18 -2.98
25.854	S 20710326 -12.13 18.02 -5.50 2.75 TRACK
25.872	>>> V 0.00 -3.69
25.873	S 20710346 -12.22 18.02 -5.50 0.00 TRACK
25.894	>>> V 0.00 -3.69
25.895	S 20710366 -12.22 18.02 -4.12 0.00 TRACK
25.915	>>> V 0.00 -4.03
25.915	S 20710386 -12.22 18.02 -4.12 0.00 TRACK
25.933	>>> V 0.00 -4.03
25.933	S 20710406 -12.22 17.93 -1.37 0.00 TRACK
25.955	>>> V 0.00 -4.25
25.956	S 20710426 -12.22 17.84 -1.37 0.00 TRACK
25.974	>>> V 0.00 -4.25
25.975	S 20710446 -12.30 17.84 0.00 -1.37 TRACK
25.996	>>> V 0.00 -4.50
25.998	S 20710466 -12.30 17.58 0.00 -2.75 TRACK
26.013	>>> V 0.00 -4.50
26.015	S 20710486 -12.30 17.49 0.00 -4.12 TRACK
26.033	>>> V 0.00 -4.52
26.034	S 20710506 -12.30 17.40 0.00 -4.12 TRACK
26.054	>>> V 0.00 -4.52
26.056	S 20710526 -12.30 17.40 0.00 -4.12 TRACK
26.074	>>> V 0.00 -4.52
26.075	S 20710546 -12.30 17.31 0.00 -4.12 TRACK
26.094	>>> V 0.00 -4.49
26.095	S 20710566 -12.30 17.23 0.00 -2.75 TRACK
26.112	>>> V 0.00 -4.49
26.113	S 20710586 -12.22 17.14 0.00 -2.75 TRACK
26.134	>>> V 0.00 -4.40
26.135	S 20710606 -12.30 17.05 0.00 -2.75 TRACK
26.155	>>> V 0.00 -4.40
26.155	S 20710626 -12.30 16.96 0.00 -2.75 TRACK
26.177	>>> V 0.00 -4.01
26.177	S 20710646 -12.22 16.87 0.00 -4.12 TRACK
26.192	>>> V 0.00 -4.01
26.193	S 20710666 -12.22 16.79 0.00 -4.12 TRACK
26.216	>>> V 0.00 -3.60
26.218	S 20710686 -12.22 16.70 0.00 -4.12 TRACK
26.233	>>> V 0.00 -3.60
26.233	S 20710706 -12.22 16.61 0.00 -4.12 TRACK
26.253	>>> V 0.00 -3.38
26.256	S 20710726 -12.30 16.52 0.00 -4.12 TRACK
26.273	>>> V 0.00 -3.38
26.274	S 20710746 -12.22 16.44 0.00 -2.75 TRACK
26.294	>>> V 0.00 -3.01
26.294	S 20710766 -12.30 16.35 0.00 -2.75 TRACK
26.312	>>> V 0.00 -3.01
26.314	S 20710786 -12.30 16.26 0.00 -2.75 TRACK
26.336	>>> V 0.00 0.00
26.337	S 20710806 -12.30 16.26 0.00 -2.75 TRACK
26.353	>>> V 0.00 0.00
26.354	S 20710826 -12.30 16.17 0.00 -2.75 TRACK
26.376	>>> V 0.00 0.00
26.377	S 20710846 -12.22 16.17 0.00 -2.75 TRACK
26.393	>>> V 0.00 0.00
26.394	S 20710866 -12.22 16.17 0.00 -1.37 TRACK
26.413	>>> V 0.00 0.00
26.414	S 20710886 -12.30 16.17 0.00 0.00 TRACK
26.435	>>> V 0.00 0.00
26.435	S 20710906 -12.22 16.17 0.00 0.00 TRACK
26.453	>>> V 0.00 0.00
26.454	S 20710926 -12.22 16.17 0.00 0.00 TRACK
26.473	>>> V 0.00 -2.96
26.473	S 20710946 -12.30 16.17 0.00 0.00 TRACK
26.494	>>> V 0.00 -2.96
26.494	S 20710966 -12.30 16.17 0.00 0.00 TRACK
26.513	>>> V 0.00 -2.96
26.514	S 20710986 -12.30 16.17 0.00 0.00 TRACK
26.534	>>> V 0.00 -2.96
26.537	S 20711006 -12.30 16.08 0.00 0.00 TRACK
26.553	>>> V 0.00 -3.39
26.554	S 20711026 -12.22 16.08 0.00 0.00 TRACK
26.576	>>> V 0.00 -3.65
26.579	S 20711046 -12.22 15.91 0.00 -1.37 TRACK
26.593	>>> V 0.00 -3.65
26.595	S 20711066 -12.30 15.91 0.00 -2.75 TRACK
26.613	>>> V 2.28 -3.99
26.613	S 20711086 -12.22 15.82 0.00 -2.75 TRACK
26.633	>>> V 2.28 -3.99
26.634	S 20711106 -12.22 15.73 0.00 -2.75 TRACK
26.654	>>> V 2.84 -4.25
26.656	S 20711126 -12.22 15.73 0.00 -2.75 TRACK
26.672	>>> V 3.48 -4.18
26.673	S 20711146 -12.22 15.56 0.00 -2.75 TRACK
26.695	>>> V 3.48 -4.18
26.697	S 20711166 -12.22 15.47 0.00 -2.75 TRACK
26.713	>>> V 4.17 -4.29
26.713	S 20711186 -12.22 15.47 0.00 -2.75 TRACK
26.735	>>> V 4.17 -4.29
26.735	S 20711206 -12.13 15.38 1.37 -2.75 TRACK
26.754	>>> V 4.81 -4.61
26.754	S 20711226 -11.95 15.29 2.75 -2.75 TRACK
26.773	>>> V 4.81 -4.61
26.773	S 20711246 -11.87 15.21 4.12 -2.75 TRACK
26.794	>>> V 4.81 -4.61
26.795	S 20711266 -11.69 15.12 4.12 -2.75 TRACK
26.812	>>> V 5.54 -4.89
26.813	S 20711286 -11.60 15.03 5.50 -2.75 TRACK
26.837	>>> V 6.29 -5.18
26.838	S 20711306 -11.51 14.94 5.50 -4.12 TRACK
26.855	>>> V 6.29 -5.18
26.855	S 20711326 -11.43 14.85 5.50 -4.12 TRACK
26.873	>>> V 6.67 -5.39
26.876	S 20711346 -11.34 14.77 4.12 -4.12 TRACK
26.892	>>> V 6.67 -5.39
26.893	S 20711366 -11.16 14.77 4.12 -2.75 TRACK
26.914	>>> V 7.00 -5.57
26.916	S 20711386 -11.07 14.59 4.12 -2.75 TRACK
26.935	>>> V 7.00 -5.57
26.935	S 20711406 -10.99 14.59 5.50 -2.75 TRACK
26.955	>>> V 7.29 -5.48
26.955	S 20711426 -10.81 14.41 5.50 -4.12 TRACK
26.974	>>> V 7.29 -5.48
26.975	S 20711446 -10.72 14.33 5.50 -4.12 TRACK
26.993	>>> V 7.46 -5.60
26.995	S 20711466 -10.55 14.24 5.50 -4.12 TRACK
27.016	>>> V 7.46 -5.60
27.017	S 20711486 -10.46 14.06 5.50 -4.12 TRACK
27.035	>>> V 7.72 -5.50
27.036	S 20711506 -10.37 13.97 5.50 -4.12 TRACK
27.053	>>> V 7.78 -5.30
27.054	S 20711526 -10.20 13.89 5.50 -4.12 TRACK
27.073	>>> V 7.78 -5.30
27.076	S 20711546 -10.11 13.80 5.50 -4.12 TRACK
27.094	>>> V 7.86 -5.09
27.094	S 20711566 -9.93 13.71 5.50 -4.12 TRACK
27.112	>>> V 7.86 -5.09
27.113	S 20711586 -9.67 13.54 6.87 -4.12 TRACK
27.133	>>> V 7.86 -4.81
27.134	S 20711606 -9.58 13.45 6.87 -4.12 TRACK
27.153	>>> V 7.86 -4.81
27.155	S 20711626 -9.40 13.36 6.87 -4.12 TRACK
27.176	>>> V 7.86 -4.81
27.177	S 20711646 -9.23 13.18 6.87 -4.12 TRACK
27.194	>>> V 7.85 -4.53
27.199	S 20711666 -9.14 13.10 6.87 -5.50 TRACK
27.216	>>> V 7.79 -4.23
27.216	S 20711686 -9.05 13.01 6.87 -5.50 TRACK
27.234	>>> V 7.79 -4.23
27.234	S 20711706 -8.79 12.92 5.50 -5.50 TRACK
27.263	>>> V 7.65 -4.09
27.267	S 20711726 -8.61 12.83 5.50 -4.12 TRACK
27.275	>>> V 7.65 -4.09
27.279	S 20711746 -8.35 12.74 6.87 -4.12 TRACK
27.293	>>> V 7.55 -3.79
27.294	S 20711766 -8.17 12.66 8.24 -4.12 TRACK
27.313	>>> V 7.31 -3.45
27.314	S 20711786 -8.00 12.57 9.62 -4.12 TRACK
27.333	>>> V 7.31 -3.45
27.334	S 20711806 -7.82 12.48 9.62 -4.12 TRACK
27.355	>>> V 7.22 -3.27
27.357	S 20711826 -7.73 12.39 8.24 -4.12 TRACK
27.374	>>> V 7.22 -3.27
27.376	S 20711846 -7.56 12.30 6.87 -4.12 TRACK
27.393	>>> V 7.21 -2.96
27.393	S 20711866 -7.38 12.22 6.87 -4.12 TRACK
27.415	>>> V 7.21 -2.96
27.417	S 20711886 -7.29 12.04 5.50 -4.12 TRACK
27.439	>>> V 7.19 0.00
27.442	S 20711906 -7.12 11.95 5.50 -4.12 TRACK
27.454	>>> V 6.91 0.00
27.459	S 20711926 -7.03 11.87 5.50 -4.12 TRACK
27.473	>>> V 6.91 0.00
27.474	S 20711946 -6.86 11.87 5.50 -4.12 TRACK
27.500	>>> V 6.73 0.00
27.500	S 20711966 -6.77 11.87 5.50 -2.75 TRACK
27.516	>>> V 6.63 0.00
27.517	S 20711986 -6.59 11.87 5.50 -1.37 TRACK
27.537	>>> V 6.63 0.00
27.538	S 20712006 -6.50 11.87 5.50 0.00 TRACK
27.558	>>> V 6.63 0.00
27.559	S 20712026 -6.33 11.87 5.50 0.00 TRACK
27.573	>>> V 6.71 0.00
27.576	S 20712046 -6.24 11.87 6.87 0.00 TRACK
27.601	>>> V 6.77 0.00
27.603	S 20712066 -5.98 11.87 6.87 0.00 TRACK
27.617	>>> V 6.83 0.00
27.621	S 20712086 -5.80 11.87 6.87 0.00 TRACK
27.636	>>> V 6.83 0.00
27.638	S 20712106 -5.71 11.87 5.50 0.00 TRACK
27.663	>>> V 6.88 0.00
27.664	S 20712126 -5.54 11.87 5.50 0.00 TRACK
27.674	>>> V 6.88 0.00
27.675	S 20712146 -5.36 11.87 5.50 0.00 TRACK
27.694	>>> V 6.88 0.00
27.695	S 20712166 -5.27 11.87 6.87 0.00 TRACK
27.716	>>> V 6.86 0.00
27.717	S 20712186 -5.10 11.87 6.87 0.00 TRACK
27.734	>>> V 6.86 0.00
27.735	S 20712206 -5.01 11.87 6.87 0.00 TRACK
27.753	>>> V 6.77 0.00
27.754	S 20712226 -4.83 11.87 5.50 0.00 TRACK
27.774	>>> V 6.77 0.00
27.775	S 20712246 -4.75 11.87 5.50 0.00 TRACK
27.793	>>> V 6.77 0.00
27.794	S 20712266 -4.57 11.87 5.50 0.00 TRACK
27.816	>>> V 6.66 -3.00
27.816	S 20712286 -4.48 11.87 5.50 0.00 TRACK
27.836	>>> V 6.50 -3.36
27.838	S 20712306 -4.31 11.87 5.50 0.00 TRACK
27.857	>>> V 6.50 -3.36
27.860	S 20712326 -4.22 11.87 5.50 0.00 TRACK
27.875	>>> V 6.38 -3.44
27.878	S 20712346 -4.04 11.87 5.50 0.00 TRACK
27.893	>>> V 6.38 -3.44
27.894	S 20712366 -3.87 11.78 5.50 0.00 TRACK
27.916	>>> V 6.22 -3.61
27.917	S 20712386 -3.78 11.69 5.50 -1.37 TRACK
27.933	>>> V 6.22 -3.61
27.933	S 20712406 -3.60 11.60 5.50 -2.75 TRACK
27.959	>>> V 5.86 -3.87
27.959	S 20712426 -3.52 11.51 5.50 -2.75 TRACK
27.975	>>> V 5.86 -3.87
27.977	S 20712446 -3.34 11.43 6.87 -2.75 TRACK
27.999	>>> V 5.67 -4.00
27.999	S 20712466 -3.25 11.34 6.87 -2.75 TRACK
28.013	>>> V 5.67 -4.00
28.013	S 20712486 -3.08 11.25 5.50 -4.12 TRACK
28.033	>>> V 5.45 -4.10
28.034	S 20712506 -2.99 11.16 5.50 -4.12 TRACK
28.052	>>> V 5.45 -4.10
28.053	S 20712526 -2.90 11.07 5.50 -4.12 TRACK
28.073	>>> V 5.24 -3.89
28.073	S 20712546 -2.72 11.07 5.50 -2.75 TRACK
28.093	>>> V 5.24 -3.89
28.094	S 20712566 -2.64 10.90 5.50 -2.75 TRACK
28.113	>>> V 5.01 -3.77
28.113	S 20712586 -2.55 10.81 5.50 -2.75 TRACK
28.133	>>> V 4.47 -3.18
28.134	S 20712606 -2.46 10.81 5.50 -2.75 TRACK
28.153	>>> V 3.98 0.00
28.154	S 20712626 -2.29 10.72 5.50 -2.75 TRACK
28.175	>>> V 3.98 0.00
28.177	S 20712646 -2.20 10.55 5.50 -4.12 TRACK
28.194	>>> V 3.75 0.00
28.195	S 20712666 -2.11 10.46 5.50 -4.12 TRACK
28.213	>>> V 3.75 0.00
28.213	S 20712686 -2.02 10.55 5.50 -2.75 TRACK
28.233	>>> V 3.75 0.00
28.235	S 20712706 -1.85 10.55 4.12 -1.37 TRACK
28.254	>>> V 3.47 0.00
28.254	S 20712726 -1.76 10.55 4.12 0.00 TRACK
28.274	>>> V 3.13 0.00
28.275	S 20712746 -1.67 10.55 4.12 0.00 TRACK
28.292	>>> V 3.13 0.00
28.294	S 20712766 -1.58 10.55 4.12 0.00 TRACK
28.312	>>> V 2.80 0.00
28.314	S 20712786 -1.58 10.55 4.12 0.00 TRACK
28.333	>>> V 2.37 0.00
28.334	S 20712806 -1.49 10.55 2.75 0.00 TRACK
28.353	>>> V 1.93 0.00
28.353	S 20712826 -1.41 10.55 2.75 0.00 TRACK
28.372	>>> V 1.93 0.00
28.375	S 20712846 -1.41 10.55 2.75 0.00 TRACK
28.393	>>> V 0.00 0.00
28.393	S 20712866 -1.41 10.55 1.37 0.00 TRACK
28.415	>>> V 0.00 0.00
28.416	S 20712886 -1.41 10.55 1.37 0.00 TRACK
28.433	>>> V 0.00 0.00
28.433	S 20712906 -1.41 10.46 0.00 0.00 TRACK
28.452	>>> V 0.00 0.00
28.453	S 20712926 -1.41 10.55 0.00 0.00 TRACK
28.472	>>> V 0.00 0.00
28.473	S 20712946 -1.41 10.55 0.00 0.00 TRACK
28.494	>>> V 0.00 0.00
28.495	S 20712966 -1.41 10.55 0.00 0.00 TRACK
28.516	>>> V 0.00 0.00
28.518	S 20712986 -1.41 10.55 0.00 0.00 TRACK
28.535	>>> V 0.00 0.00
28.538	S 20713006 -1.41 10.55 0.00 0.00 TRACK
28.557	>>> V 0.00 0.00
28.557	S 20713026 -1.41 10.55 0.00 0.00 TRACK
28.573	>>> V 0.00 0.00
28.575	S 20713046 -1.41 10.55 0.00 0.00 TRACK
28.592	>>> V 0.00 0.00
28.593	S 20713066 -1.41 10.55 0.00 0.00 TRACK
28.613	>>> V 0.00 0.00
28.613	S 20713086 -1.41 10.55 0.00 0.00 TRACK
28.633	>>> V 0.00 0.00
28.635	S 20713106 -1.41 10.55 0.00 0.00 TRACK
28.654	>>> V 0.00 0.00
28.655	S 20713126 -1.41 10.55 0.00 0.00 TRACK
28.674	>>> V 0.00 0.00
28.674	S 20713146 -1.41 10.55 0.00 0.00 TRACK
28.695	>>> V -2.17 0.00
28.696	S 20713166 -1.41 10.55 0.00 0.00 TRACK
28.713	>>> V -2.17 0.00
28.716	S 20713186 -1.41 10.55 0.00 0.00 TRACK
28.733	>>> V -2.58 0.00
28.734	S 20713206 -1.41 10.55 0.00 0.00 TRACK
28.755	>>> V -2.58 0.00
28.755	S 20713226 -1.41 10.55 0.00 0.00 TRACK
28.775	>>> V -3.02 0.00
28.776	S 20713246 -1.41 10.55 0.00 0.00 TRACK
28.793	>>> V -3.02 0.00
28.795	S 20713266 -1.41 10.55 0.00 0.00 TRACK
28.813	>>> V -4.01 0.00
28.814	S 20713286 -1.41 10.55 0.00 0.00 TRACK
28.832	>>> V -4.01 0.00
28.834	S 20713306 -1.49 10.55 0.00 0.00 TRACK
28.853	>>> V -4.61 0.00
28.854	S 20713326 -1.58 10.55 0.00 0.00 TRACK
28.873	>>> V -4.61 0.00
28.874	S 20713346 -1.67 10.55 -1.37 0.00 TRACK
28.895	>>> V -4.61 0.00
28.896	S 20713366 -1.76 10.55 -2.75 0.00 TRACK
28.917	>>> V -4.61 0.00
28.918	S 20713386 -1.93 10.55 -4.12 0.00 TRACK
28.939	>>> V -5.22 0.00
28.940	S 20713406 -1.93 10.55 -4.12 0.00 TRACK
28.956	>>> V -5.78 0.00
28.965	S 20713426 -2.02 10.55 -4.12 0.00 TRACK
28.973	>>> V -5.78 0.00
28.974	S 20713446 -2.11 10.55 -2.75 0.00 TRACK
28.998	>>> V -6.37 -2.90
29.000	S 20713466 -2.20 10.55 -2.75 0.00 TRACK
29.016	>>> V -6.71 -3.27
29.017	S 20713486 -2.29 10.55 -2.75 0.00 TRACK
29.035	>>> V -7.08 -3.44
29.036	S 20713506 -2.37 10.55 -4.12 0.00 TRACK
29.062	>>> V -7.51 -3.71
29.066	S 20713526 -2.46 10.55 -4.12 0.00 TRACK
29.074	>>> V -7.51 -3.71
29.075	S 20713546 -2.55 10.46 -2.75 0.00 TRACK
29.101	>>> V -8.00 -3.69
29.101	S 20713566 -2.64 10.46 -4.12 0.00 TRACK
29.114	>>> V -8.40 -3.81
29.115	S 20713586 -2.81 10.28 -4.12 -1.37 TRACK
29.133	>>> V -8.40 -3.81
29.136	S 20713606 -2.99 10.20 -5.50 -2.75 TRACK
29.154	>>> V -8.84 -3.99
29.154	S 20713626 -3.25 10.11 -6.87 -4.12 TRACK
29.174	>>> V -8.84 -3.99
29.174	S 20713646 -3.34 10.02 -8.24 -4.12 TRACK
29.196	>>> V -9.45 -3.78
29.197	S 20713666 -3.52 9.93 -8.24 -4.12 TRACK
29.212	>>> V -9.45 -3.78
29.214	S 20713686 -3.69 9.84 -8.24 -4.12 TRACK
29.234	>>> V -9.53 -3.57
29.234	S 20713706 -3.87 9.76 -8.24 -2.75 TRACK
29.255	>>> V -9.53 -3.57
29.256	S 20713726 -3.96 9.67 -8.24 -2.75 TRACK
29.276	>>> V -9.55 -3.19
29.277	S 20713746 -4.13 9.58 -6.87 -2.75 TRACK
29.293	>>> V -9.55 -3.19
29.294	S 20713766 -4.39 9.49 -6.87 -4.12 TRACK
29.317	>>> V -9.69 -3.10
29.318	S 20713786 -4.57 9.40 -8.24 -4.12 TRACK
29.334	>>> V -9.69 -3.10
29.335	S 20713806 -4.75 9.32 -8.24 -4.12 TRACK
29.354	>>> V -9.84 -2.86
29.355	S 20713826 -5.01 9.32 -9.62 -2.75 TRACK
29.376	>>> V -9.84 -2.86
29.376	S 20713846 -5.10 9.32 -9.62 -1.37 TRACK
29.393	>>> V -9.84 -2.86
29.394	S 20713866 -5.27 9.23 -9.62 -1.37 TRACK
29.415	>>> V -9.84 -2.86
29.416	S 20713886 -5.54 9.14 -9.62 -1.37 TRACK
29.433	>>> V -9.84 -2.86
29.433	S 20713906 -5.80 9.05 -9.62 -1.37 TRACK
29.454	>>> V -9.84 -2.86
29.454	S 20713926 -5.89 9.05 -9.62 -2.75 TRACK
29.473	>>> V -9.84 -2.86
29.474	S 20713946 -6.24 8.96 -9.62 -2.75 TRACK
29.492	>>> V -9.84 -2.86
29.493	S 20713966 -6.42 8.88 -9.62 -2.75 TRACK
29.515	>>> V -9.84 -2.86
29.515	S 20713986 -6.59 8.88 -9.62 -2.75 TRACK
29.534	>>> V -9.84 -2.86
29.534	S 20714006 -6.86 8.88 -9.62 -1.37 TRACK
29.553	>>> V -9.84 -2.86
29.553	S 20714026 -7.03 8.79 -9.62 -1.37 TRACK
29.574	>>> V 0.00 0.00
29.575	S 20714046 -7.21 8.70 -9.62 -1.37 TRACK
29.593	>>> V 0.00 0.00
29.593	S 20714066 -7.38 8.61 -9.62 -2.75 TRACK
29.613	>>> V 0.00 0.00
29.613	S 20714086 -7.65 8.61 -9.62 -2.75 TRACK
29.634	>>> V 0.00 0.00
29.635	S 20714106 -7.73 8.61 -8.24 -2.75 TRACK
29.654	>>> V 0.00 0.00
29.654	S 20714126 -7.82 8.61 -6.87 -1.37 TRACK
29.672	>>> V 0.00 0.00
29.674	S 20714146 -7.73 8.61 -5.50 0.00 TRACK
29.693	>>> V 0.00 0.00
29.694	S 20714166 -7.82 8.61 -2.75 0.00 TRACK
29.713	>>> V 0.00 0.00
29.715	S 20714186 -7.73 8.61 0.00 0.00 TRACK
29.733	>>> V 0.00 0.00
29.733	S 20714206 -7.82 8.61 0.00 0.00 TRACK
29.753	>>> V 0.00 0.00
29.754	S 20714226 -7.82 8.61 0.00 0.00 TRACK
29.773	>>> V 0.00 0.00
29.773	S 20714246 -7.73 8.61 0.00 0.00 TRACK
29.793	>>> V 0.00 0.00
29.794	S 20714266 -7.82 8.61 0.00 0.00 TRACK
29.814	>>> V 0.00 0.00
29.815	S 20714286 -7.82 8.61 0.00 0.00 TRACK
29.834	>>> V 0.00 0.00
29.834	S 20714306 -7.82 8.61 0.00 0.00 TRACK
29.853	>>> V 0.00 0.00
29.854	S 20714326 -7.82 8.61 0.00 0.00 TRACK
29.874	>>> V 0.00 0.00
29.874	S 20714346 -7.82 8.61 0.00 0.00 TRACK
29.893	>>> V 0.00 0.00
29.893	S 20714366 -7.82 8.61 0.00 0.00 TRACK
29.913	>>> V 0.00 0.00
29.913	S 20714386 -7.73 8.61 0.00 0.00 TRACK
29.934	>>> V 0.00 0.00
29.934	S 20714406 -7.73 8.61 0.00 0.00 TRACK
29.953	>>> V 0.00 0.00
29.953	S 20714426 -7.82 8.61 0.00 0.00 TRACK
29.972	>>> V 0.00 0.00
29.973	S 20714446 -7.73 8.61 0.00 0.00 TRACK
29.997	>>> V 0.00 0.00
29.998	S 20714466 -7.82 8.61 0.00 0.00 TRACK
30.013	>>> V 0.00 0.00
30.014	S 20714486 -7.82 8.61 0.00 0.00 TRACK
30.033	>>> V 0.00 0.00
30.034	S 20714506 -7.82 8.61 0.00 0.00 TRACK
30.053	>>> V 0.00 0.00
30.054	S 20714526 -7.73 8.61 0.00 0.00 TRACK
30.072	>>> V 0.00 0.00
30.073	S 20714546 -7.82 8.61 0.00 0.00 TRACK
30.094	>>> V 0.00 0.00
30.094	S 20714566 -7.73 8.61 0.00 0.00 TRACK
30.114	>>> V 0.00 0.00
30.114	S 20714586 -7.82 8.61 0.00 0.00 TRACK
30.133	>>> V 0.00 0.00
30.134	S 20714606 -7.82 8.61 0.00 0.00 TRACK
30.153	>>> V 0.00 0.00
30.153	S 20714626 -7.73 8.61 0.00 0.00 TRACK
30.172	>>> V 0.00 0.00
30.173	S 20714646 -7.82 8.61 0.00 0.00 TRACK
30.194	>>> V 0.00 0.00
30.194	S 20714666 -7.82 8.61 0.00 0.00 TRACK
30.213	>>> V 0.00 0.00
30.214	S 20714686 -7.82 8.61 0.00 0.00 TRACK
30.234	>>> V 0.00 0.00
30.234	S 20714706 -7.73 8.61 0.00 0.00 TRACK
30.253	>>> V 0.00 0.00
30.253	S 20714726 -7.73 8.61 0.00 0.00 TRACK
30.272	>>> V 0.00 0.00
30.273	S 20714746 -7.82 8.61 0.00 0.00 TRACK
30.295	>>> V 0.00 0.00
30.295	S 20714766 -7.73 8.61 0.00 0.00 TRACK
30.313	>>> V 0.00 0.00
30.313	S 20714786 -7.82 8.61 0.00 0.00 TRACK
30.333	>>> V 0.00 0.00
30.334	S 20714806 -7.73 8.61 0.00 0.00 TRACK
30.353	>>> V 0.00 0.00
30.353	S 20714826 -7.82 8.61 0.00 0.00 TRACK
30.372	>>> V 0.00 0.00
30.373	S 20714846 -7.73 8.61 0.00 0.00 TRACK
30.394	>>> V 0.00 0.00
30.395	S 20714866 -7.82 8.61 0.00 0.00 TRACK
30.413	>>> V 0.00 0.00
30.414	S 20714886 -7.82 8.61 0.00 0.00 TRACK
30.434	>>> V 0.00 0.00
30.434	S 20714906 -7.73 8.61 0.00 0.00 TRACK
30.452	>>> V 0.00 0.00
30.452	S 20714926 -7.73 8.61 0.00 0.00 TRACK
30.472	>>> V 0.00 0.00
30.473	S 20714946 -7.73 8.61 0.00 0.00 TRACK
30.494	>>> V 0.00 0.00
30.495	S 20714966 -7.82 8.61 0.00 0.00 TRACK
30.513	>>> V 0.00 0.00
30.513	S 20714986 -7.73 8.61 0.00 0.00 TRACK
30.533	>>> V 0.00 0.00
30.534	S 20715006 -7.82 8.61 0.00 0.00 TRACK
30.552	>>> V 0.00 0.00
30.552	S 20715026 -7.82 8.61 0.00 0.00 TRACK
30.572	>>> V 0.00 0.00
30.573	S 20715046 -7.82 8.61 0.00 0.00 TRACK
30.594	>>> V 0.00 0.00
30.595	S 20715066 -7.73 8.61 0.00 0.00 TRACK
30.614	>>> V 0.00 0.00
30.614	S 20715086 -7.73 8.61 0.00 0.00 TRACK
30.634	>>> V 0.00 0.00
30.634	S 20715106 -7.82 8.61 0.00 0.00 TRACK
30.653	>>> V 0.00 0.00
30.653	S 20715126 -7.73 8.61 0.00 0.00 TRACK
30.672	>>> V 0.00 0.00
30.673	S 20715146 -7.73 8.61 0.00 0.00 TRACK
30.694	>>> V 0.00 0.00
30.695	S 20715166 -7.82 8.61 0.00 0.00 TRACK
30.714	>>> V 0.00 0.00
30.715	S 20715186 -7.82 8.61 0.00 0.00 TRACK
30.734	>>> V 0.00 0.00
30.734	S 20715206 -7.82 8.61 0.00 0.00 TRACK
30.753	>>> V 0.00 0.00
30.754	S 20715226 -7.82 8.61 0.00 0.00 TRACK
30.772	>>> V 0.00 0.00
30.773	S 20715246 -7.82 8.61 0.00 0.00 TRACK
30.794	>>> V 0.00 0.00
30.795	S 20715267 -7.82 8.61 0.00 0.00 TRACK
30.814	>>> V 0.00 0.00
30.815	S 20715286 -7.73 8.61 0.00 0.00 TRACK
30.833	>>> V 0.00 0.00
30.834	S 20715307 -7.73 8.61 0.00 0.00 TRACK
30.853	>>> V 0.00 0.00
30.853	S 20715327 -7.73 8.61 0.00 0.00 TRACK
30.872	>>> V 0.00 0.00
30.873	S 20715347 -7.82 8.61 0.00 0.00 TRACK
30.894	>>> V 0.00 0.00
30.895	S 20715367 -7.73 8.61 0.00 0.00 TRACK
30.913	>>> V 0.00 0.00
30.914	S 20715387 -7.73 8.61 0.00 0.00 TRACK
30.933	>>> V 0.00 0.00
30.933	S 20715407 -7.73 8.61 0.00 0.00 TRACK
30.952	>>> V 0.00 0.00
30.952	S 20715427 -7.82 8.61 0.00 0.00 TRACK
30.972	>>> V 0.00 0.00
30.973	S 20715447 -7.82 8.61 0.00 0.00 TRACK
30.994	>>> V 0.00 0.00
30.995	S 20715467 -7.73 8.61 0.00 0.00 TRACK
31.012	>>> V 0.00 0.00
31.013	S 20715487 -7.82 8.61 0.00 0.00 TRACK
31.034	>>> V 0.00 0.00
31.035	S 20715507 -7.73 8.61 0.00 0.00 TRACK
31.053	>>> V 0.00 0.00
31.053	S 20715527 -7.73 8.61 0.00 0.00 TRACK
31.072	>>> V 0.00 0.00
31.073	S 20715547 -7.82 8.61 0.00 0.00 TRACK
31.094	>>> V 0.00 0.00
31.095	S 20715567 -7.82 8.61 0.00 0.00 TRACK
31.112	>>> V 0.00 0.00
31.115	S 20715587 -7.82 8.61 0.00 0.00 TRACK
31.133	>>> V 0.00 0.00
31.133	S 20715607 -7.73 8.61 0.00 0.00 TRACK
31.152	>>> V 0.00 0.00
31.152	S 20715627 -7.82 8.61 0.00 0.00 TRACK
31.172	>>> V 0.00 0.00
31.173	S 20715647 -7.82 8.61 0.00 0.00 TRACK
31.194	>>> V 0.00 0.00
31.195	S 20715667 -7.82 8.61 0.00 0.00 TRACK
31.213	>>> V 0.00 0.00
31.214	S 20715687 -7.73 8.61 0.00 0.00 TRACK
31.234	>>> V 0.00 0.00
31.235	S 20715707 -7.73 8.61 0.00 0.00 TRACK
31.252	>>> V 0.00 0.00
31.252	S 20715727 -7.73 8.61 0.00 0.00 TRACK
31.272	>>> V 0.00 0.00
31.273	S 20715747 -7.82 8.61 0.00 0.00 TRACK
31.294	>>> V 0.00 0.00
31.296	S 20715767 -7.82 8.61 0.00 0.00 TRACK
31.314	>>> V 0.00 0.00
31.314	S 20715787 -7.73 8.61 0.00 0.00 TRACK
31.334	>>> V 0.00 0.00
31.334	S 20715807 -7.73 8.61 0.00 0.00 TRACK
31.352	>>> V 0.00 0.00
31.353	S 20715827 -7.82 8.61 0.00 0.00 TRACK
31.373	>>> V 0.00 0.00
31.373	S 20715847 -7.73 8.61 0.00 0.00 TRACK
31.394	>>> V 0.00 0.00
31.395	S 20715867 -7.82 8.61 0.00 0.00 TRACK
31.413	>>> V 0.00 0.00
31.413	S 20715887 -7.73 8.61 0.00 0.00 TRACK
31.436	>>> V 0.00 0.00
31.437	S 20715907 -7.82 8.61 0.00 0.00 TRACK
31.453	>>> V 0.00 0.00
31.453	S 20715927 -7.73 8.61 0.00 0.00 TRACK
31.473	>>> V 0.00 0.00
31.473	S 20715947 -7.82 8.61 0.00 0.00 TRACK
31.494	>>> V 0.00 0.00
31.494	S 20715967 -7.82 8.61 0.00 0.00 TRACK
31.513	>>> V 0.00 0.00
31.514	S 20715987 -7.73 8.61 0.00 0.00 TRACK
31.534	>>> V 0.00 0.00
31.534	S 20716007 -7.73 8.61 0.00 0.00 TRACK
31.553	>>> V 0.00 0.00
31.553	S 20716027 -7.73 8.61 0.00 0.00 TRACK
31.572	>>> V 0.00 0.00
31.573	S 20716047 -7.82 8.61 0.00 0.00 TRACK
31.593	>>> V 0.00 0.00
31.594	S 20716067 -7.73 8.61 0.00 0.00 TRACK
31.613	>>> V 0.00 0.00
31.613	S 20716087 -7.73 8.61 0.00 0.00 TRACK
31.635	>>> V 0.00 0.00
31.635	S 20716107 -7.82 8.61 0.00 0.00 TRACK
31.653	>>> V 0.00 0.00
31.653	S 20716127 -7.73 8.61 0.00 0.00 TRACK
31.672	>>> V 0.00 0.00
31.673	S 20716147 -7.73 8.61 0.00 0.00 TRACK
31.693	>>> V 0.00 0.00
31.695	S 20716167 -7.73 8.61 0.00 0.00 TRACK
31.712	>>> V 0.00 0.00
31.713	S 20716187 -7.82 8.61 0.00 0.00 TRACK
31.734	>>> V 0.00 0.00
31.735	S 20716207 -7.82 8.61 0.00 0.00 TRACK
31.753	>>> V 0.00 0.00
31.753	S 20716227 -7.82 8.61 0.00 0.00 TRACK
31.772	>>> V 0.00 0.00
31.773	S 20716247 -7.73 8.61 0.00 0.00 TRACK
31.794	>>> V 0.00 0.00
31.795	S 20716267 -7.82 8.61 0.00 0.00 TRACK
31.813	>>> V 0.00 0.00
31.813	S 20716287 -7.82 8.61 0.00 0.00 TRACK
31.834	>>> V 0.00 0.00
31.835	S 20716307 -7.73 8.61 0.00 0.00 TRACK
31.853	>>> V 0.00 0.00
31.853	S 20716327 -7.82 8.61 0.00 0.00 TRACK
31.872	>>> V 0.00 0.00
31.873	S 20716347 -7.82 8.61 0.00 0.00 TRACK
31.896	>>> V 0.00 0.00
31.897	S 20716367 -7.82 8.61 0.00 0.00 TRACK
31.913	>>> V 0.00 0.00
31.913	S 20716387 -7.82 8.61 0.00 0.00 TRACK
31.934	>>> V 0.00 0.00
31.935	S 20716407 -7.73 8.61 0.00 0.00 TRACK
31.953	>>> V 0.00 0.00
31.953	S 20716427 -7.73 8.61 0.00 0.00 TRACK
31.972	>>> V 0.00 0.00
31.973	S 20716447 -7.73 8.61 0.00 0.00 TRACK
31.993	>>> V 0.00 0.00
31.994	S 20716467 -7.73 8.61 0.00 0.00 TRACK
32.012	>>> V 0.00 0.00
32.013	S 20716487 -7.73 8.61 0.00 0.00 TRACK
32.032	>>> V 0.00 0.00
32.033	S 20716507 -7.73 8.61 0.00 0.00 TRACK
32.052	>>> V 0.00 0.00
32.052	S 20716527 -7.73 8.61 0.00 0.00 TRACK
32.072	>>> V 0.00 0.00
32.073	S 20716547 -7.82 8.61 0.00 0.00 TRACK
32.095	>>> V 0.00 0.00
32.096	S 20716567 -7.82 8.61 0.00 0.00 TRACK
32.113	>>> V 0.00 0.00
32.114	S 20716587 -7.73 8.61 0.00 0.00 TRACK
32.134	>>> V 0.00 0.00
32.134	S 20716607 -7.73 8.61 0.00 0.00 TRACK
32.153	>>> V 0.00 0.00
32.153	S 20716627 -7.82 8.61 0.00 0.00 TRACK
32.172	>>> V 0.00 0.00
32.173	S 20716647 -7.82 8.61 0.00 0.00 TRACK
32.194	>>> V 0.00 0.00
32.195	S 20716667 -7.73 8.61 0.00 0.00 TRACK
32.213	>>> V 0.00 0.00
32.215	S 20716687 -7.82 8.61 0.00 0.00 TRACK
32.233	>>> V 0.00 0.00
32.234	S 20716707 -7.73 8.53 0.00 0.00 TRACK
32.253	>>> V 0.00 0.00
32.254	S 20716727 -7.73 8.61 0.00 0.00 TRACK
32.273	>>> V 0.00 0.00
32.273	S 20716747 -7.82 8.61 0.00 0.00 TRACK
32.295	>>> V 0.00 0.00
32.296	S 20716767 -7.82 8.61 0.00 0.00 TRACK
32.314	>>> V 0.00 0.00
32.314	S 20716787 -7.73 8.61 0.00 0.00 TRACK
32.332	>>> V 0.00 0.00
32.333	S 20716807 -7.73 8.61 0.00 0.00 TRACK
32.352	>>> V 0.00 0.00
32.352	S 20716827 -7.82 8.61 0.00 0.00 TRACK
32.372	>>> V 0.00 0.00
32.373	S 20716847 -7.82 8.61 0.00 0.00 TRACK
32.394	>>> V 0.00 0.00
32.394	S 20716867 -7.73 8.61 0.00 0.00 TRACK
32.413	>>> V 0.00 0.00
32.413	S 20716887 -7.73 8.61 0.00 0.00 TRACK
32.434	>>> V 0.00 0.00
32.434	S 20716907 -7.73 8.61 0.00 0.00 TRACK
32.453	>>> V 0.00 0.00
32.454	S 20716927 -7.82 8.61 0.00 0.00 TRACK
32.473	>>> V 0.00 0.00
32.473	>>> X
