run_id,time_s,ros_time_s,target_seq,stamp_s,frame_id,detected,ex,ey,area_ratio,target_age_s,depth_valid,state,reason,pan_cmd,tilt_cmd,command_unit,meas_source,pan_deg,tilt_deg,pan_dps,tilt_dps,base_x_m,base_y_m,base_z_m,pred_ex,pred_ey,desired_pan_deg,desired_tilt_deg,search_elapsed_s,joint_name
assignment_B_cancel_20261007_123855,0.087,1791344356.564664,0,,,0,,,,,0,LOST,input_timeout,0.000,0.000,deg/s,joint_states,,,,,,,,,,,,,
assignment_B_cancel_20261007_123855,0.097,1791344356.572437,0,,,0,,,,,0,LOST,input_timeout,0.000,0.000,deg/s,joint_states,0.000,0.000,0.000,0.000,,,,,,,,,pan_sim
assignment_B_cancel_20261007_123855,0.116,1791344356.591741,0,,,0,,,,,0,LOST,input_timeout,0.000,0.000,deg/s,joint_states,0.000,0.000,0.000,0.000,,,,,,,,,pan_sim
assignment_B_cancel_20261007_123855,0.136,1791344356.611865,0,,,0,,,,,0,LOST,input_timeout,0.000,0.000,deg/s,joint_states,0.000,0.000,0.000,0.000,,,,,,,,,pan_sim
assignment_B_cancel_20261007_123855,0.156,1791344356.631773,0,,,0,,,,,0,LOST,input_timeout,0.000,0.000,deg/s,joint_states,0.000,0.000,0.000,0.000,,,,,,,,,pan_sim
assignment_B_cancel_20261007_123855,0.176,1791344356.651817,0,,,0,,,,,0,LOST,input_timeout,0.000,0.000,deg/s,joint_states,0.000,0.000,0.000,0.000,,,,,,,,,pan_sim
assignment_B_cancel_20261007_123855,0.196,1791344356.671950,0,,,0,,,,,0,LOST,input_timeout,0.000,0.000,deg/s,joint_states,0.000,0.000,0.000,0.000,,,,,,,,,pan_sim
assignment_B_cancel_20261007_123855,0.216,1791344356.692034,0,,,0,,,,,0,LOST,input_timeout,0.000,0.000,deg/s,joint_states,0.000,0.000,0.000,0.000,,,,,,,,,pan_sim
assignment_B_cancel_20261007_123855,0.236,1791344356.711784,0,,,0,,,,,0,LOST,input_timeout,0.000,0.000,deg/s,joint_states,0.000,0.000,0.000,0.000,,,,,,,,,pan_sim
assignment_B_cancel_20261007_123855,0.256,1791344356.731792,0,,,0,,,,,0,LOST,input_timeout,0.000,0.000,deg/s,joint_states,0.000,0.000,0.000,0.000,,,,,,,,,pan_sim
assignment_B_cancel_20261007_123855,0.277,1791344356.753034,0,,,0,,,,,0,LOST,input_timeout,0.000,0.000,deg/s,joint_states,0.000,0.000,0.000,0.000,,,,,,,,,pan_sim
assignment_B_cancel_20261007_123855,0.296,1791344356.771868,0,,,0,,,,,0,LOST,input_timeout,0.000,0.000,deg/s,joint_states,0.000,0.000,0.000,0.000,,,,,,,,,pan_sim
assignment_B_cancel_20261007_123855,0.316,1791344356.791822,0,,,0,,,,,0,LOST,input_timeout,0.000,0.000,deg/s,joint_states,0.000,0.000,0.000,0.000,,,,,,,,,pan_sim
assignment_B_cancel_20261007_123855,0.336,1791344356.811779,0,,,0,,,,,0,LOST,input_timeout,0.000,0.000,deg/s,joint_states,0.000,0.000,0.000,0.000,,,,,,,,,pan_sim
assignment_B_cancel_20261007_123855,0.356,1791344356.831739,0,,,0,,,,,0,LOST,input_timeout,0.000,0.000,deg/s,joint_states,0.000,0.000,0.000,0.000,,,,,,,,,pan_sim
assignment_B_cancel_20261007_123855,0.376,1791344356.851740,0,,,0,,,,,0,LOST,input_timeout,0.000,0.000,deg/s,joint_states,0.000,0.000,0.000,0.000,,,,,,,,,pan_sim
assignment_B_cancel_20261007_123855,0.396,1791344356.871850,0,,,0,,,,,0,LOST,input_timeout,0.000,0.000,deg/s,joint_states,0.000,0.000,0.000,0.000,,,,,,,,,pan_sim
assignment_B_cancel_20261007_123855,0.416,1791344356.891781,0,,,0,,,,,0,LOST,input_timeout,0.000,0.000,deg/s,joint_states,0.000,0.000,0.000,0.000,,,,,,,,,pan_sim
assignment_B_cancel_20261007_123855,0.436,1791344356.911824,0,,,0,,,,,0,LOST,input_timeout,0.000,0.000,deg/s,joint_states,0.000,0.000,0.000,0.000,,,,,,,,,pan_sim
assignment_B_cancel_20261007_123855,0.457,1791344356.932178,0,,,0,,,,,0,LOST,input_timeout,0.000,0.000,deg/s,joint_states,0.000,0.000,0.000,0.000,,,,,,,,,pan_sim
assignment_B_cancel_20261007_123855,0.476,1791344356.952033,0,,,0,,,,,0,LOST,input_timeout,0.000,0.000,deg/s,joint_states,0.000,0.000,0.000,0.000,,,,,,,,,pan_sim
assignment_B_cancel_20261007_123855,0.496,1791344356.972044,0,,,0,,,,,0,LOST,input_timeout,0.000,0.000,deg/s,joint_states,0.000,0.000,0.000,0.000,,,,,,,,,pan_sim
assignment_B_cancel_20261007_123855,0.516,1791344356.991920,0,,,0,,,,,0,LOST,input_timeout,0.000,0.000,deg/s,joint_states,0.000,0.000,0.000,0.000,,,,,,,,,pan_sim
assignment_B_cancel_20261007_123855,0.536,1791344357.011879,0,,,0,,,,,0,LOST,input_timeout,0.000,0.000,deg/s,joint_states,0.000,0.000,0.000,0.000,,,,,,,,,pan_sim
assignment_B_cancel_20261007_123855,0.556,1791344357.031962,0,,,0,,,,,0,LOST,input_timeout,0.000,0.000,deg/s,joint_states,0.000,0.000,0.000,0.000,,,,,,,,,pan_sim
assignment_B_cancel_20261007_123855,0.576,1791344357.052073,0,,,0,,,,,0,LOST,input_timeout,0.000,0.000,deg/s,joint_states,0.000,0.000,0.000,0.000,,,,,,,,,pan_sim
assignment_B_cancel_20261007_123855,0.596,1791344357.072170,0,,,0,,,,,0,LOST,input_timeout,0.000,0.000,deg/s,joint_states,0.000,0.000,0.000,0.000,,,,,,,,,pan_sim
assignment_B_cancel_20261007_123855,0.616,1791344357.091831,0,,,0,,,,,0,LOST,input_timeout,0.000,0.000,deg/s,joint_states,0.000,0.000,0.000,0.000,,,,,,,,,pan_sim
assignment_B_cancel_20261007_123855,0.636,1791344357.111780,0,,,0,,,,,0,LOST,input_timeout,0.000,0.000,deg/s,joint_states,0.000,0.000,0.000,0.000,,,,,,,,,pan_sim
assignment_B_cancel_20261007_123855,0.656,1791344357.131849,0,,,0,,,,,0,LOST,input_timeout,0.000,0.000,deg/s,joint_states,0.000,0.000,0.000,0.000,,,,,,,,,pan_sim
assignment_B_cancel_20261007_123855,0.676,1791344357.151806,0,,,0,,,,,0,LOST,input_timeout,0.000,0.000,deg/s,joint_states,0.000,0.000,0.000,0.000,,,,,,,,,pan_sim
assignment_B_cancel_20261007_123855,0.696,1791344357.171896,0,,,0,,,,,0,LOST,input_timeout,0.000,0.000,deg/s,joint_states,0.000,0.000,0.000,0.000,,,,,,,,,pan_sim
assignment_B_cancel_20261007_123855,0.716,1791344357.192052,0,,,0,,,,,0,LOST,input_timeout,0.000,0.000,deg/s,joint_states,0.000,0.000,0.000,0.000,,,,,,,,,pan_sim
assignment_B_cancel_20261007_123855,0.736,1791344357.211884,0,,,0,,,,,0,LOST,input_timeout,0.000,0.000,deg/s,joint_states,0.000,0.000,0.000,0.000,,,,,,,,,pan_sim
assignment_B_cancel_20261007_123855,0.756,1791344357.232034,0,,,0,,,,,0,LOST,input_timeout,0.000,0.000,deg/s,joint_states,0.000,0.000,0.000,0.000,,,,,,,,,pan_sim
assignment_B_cancel_20261007_123855,0.776,1791344357.252017,0,,,0,,,,,0,LOST,input_timeout,0.000,0.000,deg/s,joint_states,0.000,0.000,0.000,0.000,,,,,,,,,pan_sim
assignment_B_cancel_20261007_123855,0.796,1791344357.272029,0,,,0,,,,,0,LOST,input_timeout,0.000,0.000,deg/s,joint_states,0.000,0.000,0.000,0.000,,,,,,,,,pan_sim
assignment_B_cancel_20261007_123855,0.816,1791344357.291848,0,,,0,,,,,0,LOST,input_timeout,0.000,0.000,deg/s,joint_states,0.000,0.000,0.000,0.000,,,,,,,,,pan_sim
assignment_B_cancel_20261007_123855,0.836,1791344357.312096,0,,,0,,,,,0,LOST,input_timeout,0.000,0.000,deg/s,joint_states,0.000,0.000,0.000,0.000,,,,,,,,,pan_sim
assignment_B_cancel_20261007_123855,0.856,1791344357.331898,0,,,0,,,,,0,LOST,input_timeout,0.000,0.000,deg/s,joint_states,0.000,0.000,0.000,0.000,,,,,,,,,pan_sim
assignment_B_cancel_20261007_123855,0.876,1791344357.351906,0,,,0,,,,,0,LOST,input_timeout,0.000,0.000,deg/s,joint_states,0.000,0.000,0.000,0.000,,,,,,,,,pan_sim
assignment_B_cancel_20261007_123855,0.896,1791344357.372047,0,,,0,,,,,0,LOST,input_timeout,0.000,0.000,deg/s,joint_states,0.000,0.000,0.000,0.000,,,,,,,,,pan_sim
assignment_B_cancel_20261007_123855,0.916,1791344357.391855,0,,,0,,,,,0,LOST,input_timeout,0.000,0.000,deg/s,joint_states,0.000,0.000,0.000,0.000,,,,,,,,,pan_sim
assignment_B_cancel_20261007_123855,0.936,1791344357.412245,0,,,0,,,,,0,LOST,input_timeout,0.000,0.000,deg/s,joint_states,0.000,0.000,0.000,0.000,,,,,,,,,pan_sim
assignment_B_cancel_20261007_123855,0.956,1791344357.432034,0,,,0,,,,,0,LOST,input_timeout,0.000,0.000,deg/s,joint_states,0.000,0.000,0.000,0.000,,,,,,,,,pan_sim
assignment_B_cancel_20261007_123855,0.976,1791344357.451986,0,,,0,,,,,0,LOST,input_timeout,0.000,0.000,deg/s,joint_states,0.000,0.000,0.000,0.000,,,,,,,,,pan_sim
assignment_B_cancel_20261007_123855,0.996,1791344357.471905,0,,,0,,,,,0,LOST,input_timeout,0.000,0.000,deg/s,joint_states,0.000,0.000,0.000,0.000,,,,,,,,,pan_sim
assignment_B_cancel_20261007_123855,1.016,1791344357.491854,0,,,0,,,,,0,LOST,input_timeout,0.000,0.000,deg/s,joint_states,0.000,0.000,0.000,0.000,,,,,,,,,pan_sim
assignment_B_cancel_20261007_123855,1.036,1791344357.512011,0,,,0,,,,,0,LOST,input_timeout,0.000,0.000,deg/s,joint_states,0.000,0.000,0.000,0.000,,,,,,,,,pan_sim
assignment_B_cancel_20261007_123855,1.056,1791344357.531941,0,,,0,,,,,0,LOST,input_timeout,0.000,0.000,deg/s,joint_states,0.000,0.000,0.000,0.000,,,,,,,,,pan_sim
assignment_B_cancel_20261007_123855,1.076,1791344357.551723,0,,,0,,,,,0,LOST,input_timeout,0.000,0.000,deg/s,joint_states,0.000,0.000,0.000,0.000,,,,,,,,,pan_sim
assignment_B_cancel_20261007_123855,1.096,1791344357.572025,0,,,0,,,,,0,LOST,input_timeout,0.000,0.000,deg/s,joint_states,0.000,0.000,0.000,0.000,,,,,,,,,pan_sim
assignment_B_cancel_20261007_123855,1.116,1791344357.592236,0,,,0,,,,,0,LOST,input_timeout,0.000,0.000,deg/s,joint_states,0.000,0.000,0.000,0.000,,,,,,,,,pan_sim
assignment_B_cancel_20261007_123855,1.136,1791344357.611911,0,,,0,,,,,0,LOST,input_timeout,0.000,0.000,deg/s,joint_states,0.000,0.000,0.000,0.000,,,,,,,,,pan_sim
assignment_B_cancel_20261007_123855,1.156,1791344357.633750,0,,,0,,,,,0,LOST,input_timeout,0.000,0.000,deg/s,joint_states,0.000,0.000,0.000,0.000,,,,,,,,,pan_sim
assignment_B_cancel_20261007_123855,1.176,1791344357.651677,0,,,0,,,,,0,LOST,input_timeout,0.000,0.000,deg/s,joint_states,0.000,0.000,0.000,0.000,,,,,,,,,pan_sim
assignment_B_cancel_20261007_123855,1.196,1791344357.671984,0,,,0,,,,,0,LOST,input_timeout,0.000,0.000,deg/s,joint_states,0.000,0.000,0.000,0.000,,,,,,,,,pan_sim
assignment_B_cancel_20261007_123855,1.216,1791344357.691809,0,,,0,,,,,0,LOST,input_timeout,0.000,0.000,deg/s,joint_states,0.000,0.000,0.000,0.000,,,,,,,,,pan_sim
assignment_B_cancel_20261007_123855,1.236,1791344357.711849,0,,,0,,,,,0,LOST,input_timeout,0.000,0.000,deg/s,joint_states,0.000,0.000,0.000,0.000,,,,,,,,,pan_sim
assignment_B_cancel_20261007_123855,1.256,1791344357.731775,0,,,0,,,,,0,LOST,input_timeout,0.000,0.000,deg/s,joint_states,0.000,0.000,0.000,0.000,,,,,,,,,pan_sim
assignment_B_cancel_20261007_123855,1.276,1791344357.751928,0,,,0,,,,,0,LOST,input_timeout,0.000,0.000,deg/s,joint_states,0.000,0.000,0.000,0.000,,,,,,,,,pan_sim
assignment_B_cancel_20261007_123855,1.296,1791344357.771864,0,,,0,,,,,0,LOST,input_timeout,0.000,0.000,deg/s,joint_states,0.000,0.000,0.000,0.000,,,,,,,,,pan_sim
assignment_B_cancel_20261007_123855,1.316,1791344357.791932,0,,,0,,,,,0,LOST,input_timeout,0.000,0.000,deg/s,joint_states,0.000,0.000,0.000,0.000,,,,,,,,,pan_sim
assignment_B_cancel_20261007_123855,1.336,1791344357.812090,0,,,0,,,,,0,LOST,input_timeout,0.000,0.000,deg/s,joint_states,0.000,0.000,0.000,0.000,,,,,,,,,pan_sim
assignment_B_cancel_20261007_123855,1.356,1791344357.831882,0,,,0,,,,,0,LOST,input_timeout,0.000,0.000,deg/s,joint_states,0.000,0.000,0.000,0.000,,,,,,,,,pan_sim
assignment_B_cancel_20261007_123855,1.376,1791344357.851920,0,,,0,,,,,0,LOST,input_timeout,0.000,0.000,deg/s,joint_states,0.000,0.000,0.000,0.000,,,,,,,,,pan_sim
assignment_B_cancel_20261007_123855,1.396,1791344357.871864,0,,,0,,,,,0,LOST,input_timeout,0.000,0.000,deg/s,joint_states,0.000,0.000,0.000,0.000,,,,,,,,,pan_sim
assignment_B_cancel_20261007_123855,1.416,1791344357.891950,0,,,0,,,,,0,LOST,input_timeout,0.000,0.000,deg/s,joint_states,0.000,0.000,0.000,0.000,,,,,,,,,pan_sim
assignment_B_cancel_20261007_123855,1.436,1791344357.911882,0,,,0,,,,,0,LOST,input_timeout,0.000,0.000,deg/s,joint_states,0.000,0.000,0.000,0.000,,,,,,,,,pan_sim
assignment_B_cancel_20261007_123855,1.456,1791344357.931535,0,,,0,,,,,0,LOST,input_timeout,0.000,0.000,deg/s,joint_states,0.000,0.000,0.000,0.000,,,,,,,,,pan_sim
assignment_B_cancel_20261007_123855,1.477,1791344357.952804,0,,,0,,,,,0,LOST,input_timeout,0.000,0.000,deg/s,joint_states,0.000,0.000,0.000,0.000,,,,,,,,,pan_sim
assignment_B_cancel_20261007_123855,1.496,1791344357.971841,1,1791344357.961951,camera_color_optical_frame,1,0.0098,-0.0000,0.02000,0.004,1,LOST,confirming_1/3,0.000,0.000,deg/s,joint_states,0.000,0.000,0.000,0.000,0.800,-0.004,0.000,0.010,-0.000,-0.297,-0.000,,pan_sim
assignment_B_cancel_20261007_123855,1.517,1791344357.993491,1,1791344357.961951,camera_color_optical_frame,1,0.0098,-0.0000,0.02000,0.025,1,LOST,confirming_1/3,0.000,0.000,deg/s,joint_states,0.000,0.000,0.000,0.000,0.800,-0.004,0.000,0.010,-0.000,-0.297,-0.000,,pan_sim
assignment_B_cancel_20261007_123855,1.536,1791344358.012062,2,1791344357.995901,camera_color_optical_frame,1,0.0194,-0.0000,0.02000,0.012,1,LOST,confirming_2/3,0.000,0.000,deg/s,joint_states,0.000,0.000,0.000,0.000,0.800,-0.008,0.000,0.019,-0.000,-0.589,-0.000,,pan_sim
assignment_B_cancel_20261007_123855,1.559,1791344358.037404,3,1791344358.029264,camera_color_optical_frame,1,0.0289,-0.0000,0.02000,0.002,1,TRACKING,reacquired_in_view,0.000,0.000,deg/s,joint_states,0.000,0.000,0.000,0.000,0.800,-0.008,0.000,0.019,-0.000,-0.589,-0.000,,pan_sim
assignment_B_cancel_20261007_123855,1.577,1791344358.053392,3,1791344358.029264,camera_color_optical_frame,1,0.0289,-0.0000,0.02000,0.020,1,TRACKING,ok,0.000,0.000,deg/s,joint_states,0.000,0.000,0.000,0.000,0.800,-0.015,0.000,0.035,-0.000,-1.067,-0.000,,pan_sim
assignment_B_cancel_20261007_123855,1.596,1791344358.071858,4,1791344358.061905,camera_color_optical_frame,1,0.0382,-0.0000,0.02000,0.008,1,TRACKING,ok,-2.312,0.000,deg/s,joint_states,0.000,0.000,0.000,0.000,0.800,-0.017,0.000,0.041,-0.000,-1.234,-0.000,,pan_sim
assignment_B_cancel_20261007_123855,1.617,1791344358.093082,4,1791344358.061905,camera_color_optical_frame,1,0.0382,-0.0000,0.02000,0.028,1,TRACKING,ok,-2.312,0.000,deg/s,joint_states,-0.043,0.000,-2.312,0.000,0.800,-0.020,0.000,0.045,-0.000,-1.410,-0.000,,pan_sim
assignment_B_cancel_20261007_123855,1.637,1791344358.113363,5,1791344358.095848,camera_color_optical_frame,1,0.0464,-0.0000,0.02000,0.011,1,TRACKING,ok,-2.808,0.000,deg/s,joint_states,-0.092,0.000,-2.312,0.000,0.800,-0.023,0.000,0.051,-0.000,-1.639,-0.000,,pan_sim
assignment_B_cancel_20261007_123855,1.656,1791344358.132727,5,1791344358.095848,camera_color_optical_frame,1,0.0464,-0.0000,0.02000,0.031,1,TRACKING,ok,-2.808,0.000,deg/s,joint_states,-0.149,0.000,-2.808,0.000,0.800,-0.025,0.000,0.055,-0.000,-1.818,-0.000,,pan_sim
assignment_B_cancel_20261007_123855,1.677,1791344358.153431,6,1791344358.129249,camera_color_optical_frame,1,0.0524,-0.0000,0.02000,0.018,1,TRACKING,ok,-3.171,0.000,deg/s,joint_states,-0.203,0.000,-2.808,0.000,0.800,-0.027,0.000,0.057,-0.000,-1.927,-0.000,,pan_sim
assignment_B_cancel_20261007_123855,1.696,1791344358.171714,7,1791344358.161911,camera_color_optical_frame,1,0.0577,-0.0000,0.02000,0.008,1,TRACKING,ok,-3.493,0.000,deg/s,joint_states,-0.268,0.000,-3.171,0.000,0.800,-0.029,0.000,0.060,-0.000,-2.092,-0.000,,pan_sim
assignment_B_cancel_20261007_123855,1.717,1791344358.193005,7,1791344358.161911,camera_color_optical_frame,1,0.0577,-0.0000,0.02000,0.028,1,TRACKING,ok,-3.493,0.000,deg/s,joint_states,-0.336,0.000,-3.493,0.000,0.800,-0.032,0.000,0.064,-0.000,-2.269,-0.000,,pan_sim
assignment_B_cancel_20261007_123855,1.736,1791344358.212405,8,1791344358.195661,camera_color_optical_frame,1,0.0650,-0.0000,0.02000,0.013,1,TRACKING,ok,-3.937,0.000,deg/s,joint_states,-0.407,0.000,-3.493,0.000,0.800,-0.035,0.000,0.070,-0.000,-2.512,-0.000,,pan_sim
assignment_B_cancel_20261007_123855,1.758,1791344358.233736,8,1791344358.195661,camera_color_optical_frame,1,0.0650,-0.0000,0.02000,0.034,1,TRACKING,ok,-3.937,0.000,deg/s,joint_states,-0.485,0.000,-3.937,0.000,0.800,-0.038,0.000,0.073,-0.000,-2.699,-0.000,,pan_sim
assignment_B_cancel_20261007_123855,1.777,1791344358.253567,9,1791344358.229076,camera_color_optical_frame,1,0.0696,-0.0000,0.02000,0.017,1,TRACKING,ok,-4.212,0.000,deg/s,joint_states,-0.565,0.000,-3.937,0.000,0.800,-0.039,0.000,0.073,-0.000,-2.784,-0.000,,pan_sim
assignment_B_cancel_20261007_123855,1.796,1791344358.271831,10,1791344358.261954,camera_color_optical_frame,1,0.0734,-0.0000,0.02000,0.008,1,TRACKING,ok,-4.445,0.000,deg/s,joint_states,-0.650,0.000,-4.212,0.000,0.800,-0.041,0.000,0.076,-0.000,-2.940,-0.000,,pan_sim
assignment_B_cancel_20261007_123855,1.817,1791344358.293417,10,1791344358.261954,camera_color_optical_frame,1,0.0734,-0.0000,0.02000,0.029,1,TRACKING,ok,-4.445,0.000,deg/s,joint_states,-0.734,0.000,-4.445,0.000,0.800,-0.043,0.000,0.078,-0.000,-3.096,-0.000,,pan_sim
assignment_B_cancel_20261007_123855,1.837,1791344358.312958,11,1791344358.295843,camera_color_optical_frame,1,0.0803,-0.0000,0.02000,0.014,1,TRACKING,ok,-4.858,0.000,deg/s,joint_states,-0.828,0.000,-4.445,0.000,0.800,-0.046,0.000,0.082,-0.000,-3.297,-0.000,,pan_sim
assignment_B_cancel_20261007_123855,1.857,1791344358.333610,11,1791344358.295843,camera_color_optical_frame,1,0.0803,-0.0000,0.02000,0.034,1,TRACKING,ok,-4.858,0.000,deg/s,joint_states,-0.923,0.000,-4.858,0.000,0.800,-0.049,0.000,0.084,-0.000,-3.471,-0.000,,pan_sim
assignment_B_cancel_20261007_123855,1.877,1791344358.353520,12,1791344358.329213,camera_color_optical_frame,1,0.0835,-0.0000,0.02000,0.017,1,TRACKING,ok,-5.052,0.000,deg/s,joint_states,-1.018,0.000,-4.858,0.000,0.800,-0.051,0.000,0.087,-0.000,-3.641,-0.000,,pan_sim
assignment_B_cancel_20261007_123855,1.896,1791344358.371648,13,1791344358.361890,camera_color_optical_frame,1,0.0861,-0.0000,0.02000,0.008,1,TRACKING,ok,-5.210,0.000,deg/s,joint_states,-1.124,0.000,-5.052,0.000,0.800,-0.053,0.000,0.089,-0.000,-3.805,-0.000,,pan_sim
assignment_B_cancel_20261007_123855,1.916,1791344358.391973,13,1791344358.361890,camera_color_optical_frame,1,0.0861,-0.0000,0.02000,0.028,1,TRACKING,ok,-5.210,0.000,deg/s,joint_states,-1.221,0.000,-5.210,0.000,0.800,-0.056,0.000,0.091,-0.000,-3.978,-0.000,,pan_sim
assignment_B_cancel_20261007_123855,1.937,1791344358.413319,14,1791344358.395562,camera_color_optical_frame,1,0.0924,-0.0000,0.02000,0.014,1,TRACKING,ok,-5.591,0.000,deg/s,joint_states,-1.326,0.000,-5.210,0.000,0.800,-0.060,0.000,0.098,-0.000,-4.276,-0.000,,pan_sim
assignment_B_cancel_20261007_123855,1.957,1791344358.432562,15,1791344358.428730,camera_color_optical_frame,1,0.0944,-0.0000,0.02000,0.002,1,TRACKING,ok,-5.713,0.000,deg/s,joint_states,-1.444,0.000,-5.591,0.000,0.800,-0.063,0.000,0.100,-0.000,-4.468,-0.000,,pan_sim
assignment_B_cancel_20261007_123855,1.976,1791344358.451894,15,1791344358.428730,camera_color_optical_frame,1,0.0944,-0.0000,0.02000,0.021,1,TRACKING,ok,-5.713,0.000,deg/s,joint_states,-1.553,0.000,-5.713,0.000,0.800,-0.063,0.000,0.097,-0.000,-4.491,-0.000,,pan_sim
assignment_B_cancel_20261007_123855,1.996,1791344358.471821,16,1791344358.461952,camera_color_optical_frame,1,0.0965,-0.0000,0.02000,0.008,1,TRACKING,ok,-5.836,0.000,deg/s,joint_states,-1.666,0.000,-5.713,0.000,0.800,-0.065,0.000,0.099,-0.000,-4.647,-0.000,,pan_sim
assignment_B_cancel_20261007_123855,2.016,1791344358.491886,16,1791344358.461952,camera_color_optical_frame,1,0.0965,-0.0000,0.02000,0.028,1,TRACKING,ok,-5.836,0.000,deg/s,joint_states,-1.791,0.000,-5.836,0.000,0.800,-0.067,0.000,0.099,-0.000,-4.787,-0.000,,pan_sim
assignment_B_cancel_20261007_123855,2.036,1791344358.512386,17,1791344358.495492,camera_color_optical_frame,1,0.1018,-0.0000,0.02000,0.012,1,TRACKING,ok,-6.158,0.000,deg/s,joint_states,-1.900,0.000,-5.836,0.000,0.800,-0.072,0.000,0.106,-0.000,-5.113,-0.000,,pan_sim
assignment_B_cancel_20261007_123855,2.057,1791344358.533413,18,1791344358.528836,camera_color_optical_frame,1,0.1034,-0.0000,0.02000,0.002,1,TRACKING,ok,-6.257,0.000,deg/s,joint_states,-2.027,0.000,-6.158,0.000,0.800,-0.074,0.000,0.108,-0.000,-5.295,-0.000,,pan_sim
assignment_B_cancel_20261007_123855,2.076,1791344358.552021,18,1791344358.528836,camera_color_optical_frame,1,0.1034,-0.0000,0.02000,0.021,1,TRACKING,ok,-6.257,0.000,deg/s,joint_states,-2.149,0.000,-6.257,0.000,0.800,-0.075,0.000,0.106,-0.000,-5.344,-0.000,,pan_sim
assignment_B_cancel_20261007_123855,2.096,1791344358.571985,19,1791344358.561925,camera_color_optical_frame,1,0.1043,-0.0000,0.02000,0.008,1,TRACKING,ok,-6.311,0.000,deg/s,joint_states,-2.281,0.000,-6.257,0.000,0.800,-0.077,0.000,0.107,-0.000,-5.515,-0.000,,pan_sim
assignment_B_cancel_20261007_123855,2.117,1791344358.592901,19,1791344358.561925,camera_color_optical_frame,1,0.1043,-0.0000,0.02000,0.029,1,TRACKING,ok,-6.311,0.000,deg/s,joint_states,-2.405,0.000,-6.311,0.000,0.800,-0.080,0.000,0.109,-0.000,-5.692,-0.000,,pan_sim
assignment_B_cancel_20261007_123855,2.137,1791344358.612814,20,1791344358.595495,camera_color_optical_frame,1,0.1097,-0.0000,0.02000,0.013,1,TRACKING,ok,-6.634,0.000,deg/s,joint_states,-2.528,0.000,-6.311,0.000,0.800,-0.084,0.000,0.114,-0.000,-5.983,-0.000,,pan_sim
assignment_B_cancel_20261007_123855,2.157,1791344358.632591,21,1791344358.628743,camera_color_optical_frame,1,0.1108,-0.0000,0.02000,0.001,1,TRACKING,ok,-6.701,0.000,deg/s,joint_states,-2.655,0.000,-6.311,0.000,0.800,-0.086,0.000,0.116,-0.000,-6.155,-0.000,,pan_sim
assignment_B_cancel_20261007_123855,2.176,1791344358.652251,21,1791344358.628743,camera_color_optical_frame,1,0.1108,-0.0000,0.02000,0.021,1,TRACKING,ok,-6.701,0.000,deg/s,joint_states,-2.789,0.000,-6.701,0.000,0.800,-0.087,0.000,0.113,-0.000,-6.196,-0.000,,pan_sim
assignment_B_cancel_20261007_123855,2.196,1791344358.672165,22,1791344358.662159,camera_color_optical_frame,1,0.1113,-0.0000,0.02000,0.006,1,TRACKING,ok,-6.732,0.000,deg/s,joint_states,-2.923,0.000,-6.701,0.000,0.800,-0.089,0.000,0.113,-0.000,-6.350,-0.000,,pan_sim
assignment_B_cancel_20261007_123855,2.217,1791344358.693056,22,1791344358.662159,camera_color_optical_frame,1,0.1113,-0.0000,0.02000,0.027,1,TRACKING,ok,-6.732,0.000,deg/s,joint_states,-3.056,0.000,-6.732,0.000,0.800,-0.091,0.000,0.113,-0.000,-6.486,-0.000,,pan_sim
assignment_B_cancel_20261007_123855,2.237,1791344358.713386,23,1791344358.695829,camera_color_optical_frame,1,0.1164,-0.0000,0.02000,0.013,1,TRACKING,ok,-7.038,0.000,deg/s,joint_states,-3.190,0.000,-6.732,0.000,0.800,-0.094,0.000,0.117,-0.000,-6.713,-0.000,,pan_sim
assignment_B_cancel_20261007_123855,2.257,1791344358.732889,23,1791344358.695829,camera_color_optical_frame,1,0.1164,-0.0000,0.02000,0.033,1,TRACKING,ok,-7.038,0.000,deg/s,joint_states,-3.331,0.000,-6.732,0.000,0.800,-0.097,0.000,0.117,-0.000,-6.881,-0.000,,pan_sim
assignment_B_cancel_20261007_123855,2.276,1791344358.752190,24,1791344358.728800,camera_color_optical_frame,1,0.1165,-0.0000,0.02000,0.017,1,TRACKING,ok,-7.048,0.000,deg/s,joint_states,-3.468,0.000,-7.038,0.000,0.800,-0.099,0.000,0.118,-0.000,-7.043,-0.000,,pan_sim
assignment_B_cancel_20261007_123855,2.296,1791344358.772020,25,1791344358.762002,camera_color_optical_frame,1,0.1168,-0.0000,0.02000,0.008,1,TRACKING,ok,-7.062,0.000,deg/s,joint_states,-3.605,0.000,-7.048,0.000,0.800,-0.101,0.000,0.119,-0.000,-7.212,-0.000,,pan_sim
assignment_B_cancel_20261007_123855,2.316,1791344358.792070,25,1791344358.762002,camera_color_optical_frame,1,0.1168,-0.0000,0.02000,0.028,1,TRACKING,ok,-7.062,0.000,deg/s,joint_states,-3.746,0.000,-7.062,0.000,0.800,-0.104,0.000,0.120,-0.000,-7.381,-0.000,,pan_sim
assignment_B_cancel_20261007_123855,2.337,1791344358.813460,26,1791344358.795505,camera_color_optical_frame,1,0.1215,-0.0000,0.02000,0.012,1,TRACKING,ok,-7.346,0.000,deg/s,joint_states,-3.887,0.000,-7.062,0.000,0.800,-0.108,0.000,0.127,-0.000,-7.718,-0.000,,pan_sim
assignment_B_cancel_20261007_123855,2.357,1791344358.832828,27,1791344358.828708,camera_color_optical_frame,1,0.1212,-0.0000,0.02000,0.002,1,TRACKING,ok,-7.328,0.000,deg/s,joint_states,-4.036,0.000,-7.062,0.000,0.800,-0.111,0.000,0.128,-0.000,-7.917,-0.000,,pan_sim
assignment_B_cancel_20261007_123855,2.376,1791344358.852146,27,1791344358.828708,camera_color_optical_frame,1,0.1212,-0.0000,0.02000,0.021,1,TRACKING,ok,-7.328,0.000,deg/s,joint_states,-4.184,0.000,-7.328,0.000,0.800,-0.111,0.000,0.123,-0.000,-7.888,-0.000,,pan_sim
assignment_B_cancel_20261007_123855,2.396,1791344358.872021,28,1791344358.862008,camera_color_optical_frame,1,0.1210,-0.0000,0.02000,0.007,1,TRACKING,ok,-7.318,0.000,deg/s,joint_states,-4.321,0.000,-7.328,0.000,0.800,-0.113,0.000,0.124,-0.000,-8.057,-0.000,,pan_sim
assignment_B_cancel_20261007_123855,2.416,1791344358.892010,28,1791344358.862008,camera_color_optical_frame,1,0.1210,-0.0000,0.02000,0.027,1,TRACKING,ok,-7.318,0.000,deg/s,joint_states,-4.475,0.000,-7.318,0.000,0.800,-0.116,0.000,0.124,-0.000,-8.225,-0.000,,pan_sim
assignment_B_cancel_20261007_123855,2.436,1791344358.912212,29,1791344358.895379,camera_color_optical_frame,1,0.1253,-0.0000,0.02000,0.013,1,TRACKING,ok,-7.572,0.000,deg/s,joint_states,-4.616,0.000,-7.318,0.000,0.800,-0.120,0.000,0.130,-0.000,-8.534,-0.000,,pan_sim
assignment_B_cancel_20261007_123855,2.457,1791344358.932980,30,1791344358.928712,camera_color_optical_frame,1,0.1249,-0.0000,0.02000,0.002,1,TRACKING,ok,-7.552,0.000,deg/s,joint_states,-4.766,0.000,-7.572,0.000,0.800,-0.122,0.000,0.130,-0.000,-8.708,-0.000,,pan_sim
assignment_B_cancel_20261007_123855,2.476,1791344358.952331,30,1791344358.928712,camera_color_optical_frame,1,0.1249,-0.0000,0.02000,0.021,1,TRACKING,ok,-7.552,0.000,deg/s,joint_states,-4.920,0.000,-7.552,0.000,0.800,-0.123,0.000,0.126,-0.000,-8.729,-0.000,,pan_sim
assignment_B_cancel_20261007_123855,2.497,1791344358.974186,31,1791344358.961990,camera_color_optical_frame,1,0.1242,-0.0000,0.02000,0.008,1,TRACKING,ok,-7.508,0.000,deg/s,joint_states,-5.067,0.000,-7.552,0.000,0.800,-0.125,0.000,0.127,-0.000,-8.904,-0.000,,pan_sim
assignment_B_cancel_20261007_123855,2.517,1791344358.994343,31,1791344358.961990,camera_color_optical_frame,1,0.1242,-0.0000,0.02000,0.028,1,TRACKING,ok,-7.508,0.000,deg/s,joint_states,-5.229,0.000,-7.552,0.000,0.800,-0.128,0.000,0.127,-0.000,-9.072,-0.000,,pan_sim
assignment_B_cancel_20261007_123855,2.537,1791344359.013456,32,1791344358.996303,camera_color_optical_frame,1,0.1284,-0.0000,0.02000,0.011,1,TRACKING,ok,-7.761,0.000,deg/s,joint_states,-5.406,0.000,-7.508,0.000,0.800,-0.130,0.000,0.127,-0.000,-9.236,-0.000,,pan_sim
assignment_B_cancel_20261007_123855,2.556,1791344359.033728,32,1791344358.996303,camera_color_optical_frame,1,0.1284,-0.0000,0.02000,0.031,1,TRACKING,ok,-7.761,0.000,deg/s,joint_states,-5.526,0.000,-7.761,0.000,0.800,-0.132,0.000,0.128,-0.000,-9.401,-0.000,,pan_sim
assignment_B_cancel_20261007_123855,2.576,1791344359.052900,33,1791344359.029449,camera_color_optical_frame,1,0.1277,-0.0000,0.02000,0.016,1,TRACKING,ok,-7.720,0.000,deg/s,joint_states,-5.691,0.000,-7.761,0.000,0.800,-0.135,0.000,0.128,-0.000,-9.569,-0.000,,pan_sim
assignment_B_cancel_20261007_123855,2.596,1791344359.072147,34,1791344359.062518,camera_color_optical_frame,1,0.1266,-0.0000,0.02000,0.007,1,TRACKING,ok,-7.651,0.000,deg/s,joint_states,-5.838,0.000,-7.720,0.000,0.800,-0.137,0.000,0.129,-0.000,-9.734,-0.000,,pan_sim
assignment_B_cancel_20261007_123855,2.616,1791344359.092507,34,1791344359.062518,camera_color_optical_frame,1,0.1266,-0.0000,0.02000,0.027,1,TRACKING,ok,-7.651,0.000,deg/s,joint_states,-5.988,0.000,-7.720,0.000,0.800,-0.140,0.000,0.130,-0.000,-9.903,-0.000,,pan_sim
assignment_B_cancel_20261007_123855,2.637,1791344359.112523,35,1791344359.097573,camera_color_optical_frame,1,0.1313,-0.0000,0.02000,0.010,1,TRACKING,ok,-7.936,0.000,deg/s,joint_states,-6.146,0.000,-7.651,0.000,0.800,-0.145,0.000,0.136,-0.000,-10.261,-0.000,,pan_sim
assignment_B_cancel_20261007_123855,2.657,1791344359.132808,35,1791344359.097573,camera_color_optical_frame,1,0.1313,-0.0000,0.02000,0.030,1,TRACKING,ok,-7.936,0.000,deg/s,joint_states,-6.300,0.000,-7.936,0.000,0.799,-0.148,0.000,0.138,-0.000,-10.473,-0.000,,pan_sim
assignment_B_cancel_20261007_123855,2.677,1791344359.153001,36,1791344359.128911,camera_color_optical_frame,1,0.1296,-0.0000,0.02000,0.018,1,TRACKING,ok,-7.833,0.000,deg/s,joint_states,-6.462,0.000,-7.936,0.000,0.800,-0.147,0.000,0.130,-0.000,-10.406,-0.000,,pan_sim
assignment_B_cancel_20261007_123855,2.696,1791344359.172214,37,1791344359.162278,camera_color_optical_frame,1,0.1280,-0.0000,0.02000,0.007,1,TRACKING,ok,-7.739,0.000,deg/s,joint_states,-6.624,0.000,-7.936,0.000,0.800,-0.149,0.000,0.130,-0.000,-10.568,-0.000,,pan_sim
assignment_B_cancel_20261007_123855,2.716,1791344359.192448,37,1791344359.162278,camera_color_optical_frame,1,0.1280,-0.0000,0.02000,0.027,1,TRACKING,ok,-7.739,0.000,deg/s,joint_states,-6.777,0.000,-7.833,0.000,0.800,-0.152,0.000,0.131,-0.000,-10.734,-0.000,,pan_sim
assignment_B_cancel_20261007_123855,2.736,1791344359.212485,38,1791344359.195876,camera_color_optical_frame,1,0.1322,-0.0000,0.02000,0.012,1,TRACKING,ok,-7.992,0.000,deg/s,joint_states,-6.933,0.000,-7.739,0.000,0.800,-0.154,0.000,0.130,-0.000,-10.876,-0.000,,pan_sim
assignment_B_cancel_20261007_123855,2.758,1791344359.234599,39,1791344359.228886,camera_color_optical_frame,1,0.1303,-0.0000,0.02000,0.002,1,TRACKING,ok,-7.878,0.000,deg/s,joint_states,-7.107,0.000,-7.992,0.000,0.800,-0.156,0.000,0.130,-0.000,-11.023,-0.000,,pan_sim
assignment_B_cancel_20261007_123855,2.776,1791344359.252338,39,1791344359.228886,camera_color_optical_frame,1,0.1303,-0.0000,0.02000,0.020,1,TRACKING,ok,-7.878,0.000,deg/s,joint_states,-7.248,0.000,-7.992,0.000,0.800,-0.159,0.000,0.132,-0.000,-11.232,-0.000,,pan_sim
assignment_B_cancel_20261007_123855,2.796,1791344359.272056,40,1791344359.261992,camera_color_optical_frame,1,0.1290,-0.0000,0.02000,0.008,1,TRACKING,ok,-7.797,0.000,deg/s,joint_states,-7.422,0.000,-7.878,0.000,0.800,-0.161,0.000,0.131,-0.000,-11.396,-0.000,,pan_sim
assignment_B_cancel_20261007_123855,2.816,1791344359.292288,40,1791344359.261992,camera_color_optical_frame,1,0.1290,-0.0000,0.02000,0.028,1,TRACKING,ok,-7.797,0.000,deg/s,joint_states,-7.561,0.000,-7.797,0.000,0.800,-0.164,0.000,0.132,-0.000,-11.562,-0.000,,pan_sim
assignment_B_cancel_20261007_123855,2.837,1791344359.313183,41,1791344359.295518,camera_color_optical_frame,1,0.1335,-0.0000,0.02000,0.014,1,TRACKING,ok,-8.072,0.000,deg/s,joint_states,-7.720,0.000,-7.797,0.000,0.800,-0.166,0.000,0.133,-0.000,-11.730,-0.000,,pan_sim
assignment_B_cancel_20261007_123855,2.857,1791344359.333987,42,1791344359.328749,camera_color_optical_frame,1,0.1318,-0.0000,0.02000,0.002,1,TRACKING,ok,-7.969,0.000,deg/s,joint_states,-7.886,0.000,-8.072,0.000,0.800,-0.169,0.000,0.133,-0.000,-11.899,-0.000,,pan_sim
assignment_B_cancel_20261007_123855,2.876,1791344359.352274,42,1791344359.328749,camera_color_optical_frame,1,0.1318,-0.0000,0.02000,0.021,1,TRACKING,ok,-7.969,0.000,deg/s,joint_states,-8.049,0.000,-8.072,0.000,0.800,-0.171,0.000,0.133,-0.000,-12.056,-0.000,,pan_sim
assignment_B_cancel_20261007_123855,2.896,1791344359.371693,43,1791344359.361930,camera_color_optical_frame,1,0.1302,-0.0000,0.02000,0.008,1,TRACKING,ok,-7.869,0.000,deg/s,joint_states,-8.209,0.000,-7.969,0.000,0.800,-0.173,0.000,0.133,-0.000,-12.218,-0.000,,pan_sim
assignment_B_cancel_20261007_123855,2.917,1791344359.393472,43,1791344359.361930,camera_color_optical_frame,1,0.1302,-0.0000,0.02000,0.029,1,TRACKING,ok,-7.869,0.000,deg/s,joint_states,-8.356,0.000,-7.869,0.000,0.800,-0.176,0.000,0.133,-0.000,-12.388,-0.000,,pan_sim
assignment_B_cancel_20261007_123855,2.936,1791344359.412579,44,1791344359.395872,camera_color_optical_frame,1,0.1346,-0.0000,0.02000,0.013,1,TRACKING,ok,-8.133,0.000,deg/s,joint_states,-8.523,0.000,-7.869,0.000,0.800,-0.178,0.000,0.133,-0.000,-12.549,-0.000,,pan_sim
assignment_B_cancel_20261007_123855,2.958,1791344359.434649,45,1791344359.428663,camera_color_optical_frame,1,0.1326,-0.0000,0.02000,0.003,1,TRACKING,ok,-8.017,0.000,deg/s,joint_states,-8.682,0.000,-8.133,0.000,0.800,-0.181,0.000,0.134,-0.000,-12.727,-0.000,,pan_sim
assignment_B_cancel_20261007_123855,2.976,1791344359.451766,45,1791344359.428663,camera_color_optical_frame,1,0.1326,-0.0000,0.02000,0.021,1,TRACKING,ok,-8.017,0.000,deg/s,joint_states,-8.840,0.000,-8.133,0.000,0.800,-0.183,0.000,0.133,-0.000,-12.873,-0.000,,pan_sim
assignment_B_cancel_20261007_123855,2.996,1791344359.471705,46,1791344359.461950,camera_color_optical_frame,1,0.1312,-0.0000,0.02000,0.008,1,TRACKING,ok,-7.929,0.000,deg/s,joint_states,-8.998,0.000,-8.017,0.000,0.800,-0.185,0.000,0.134,-0.000,-13.036,-0.000,,pan_sim
assignment_B_cancel_20261007_123855,3.016,1791344359.491803,46,1791344359.461950,camera_color_optical_frame,1,0.1312,-0.0000,0.02000,0.028,1,TRACKING,ok,-7.929,0.000,deg/s,joint_states,-9.160,0.000,-7.929,0.000,0.800,-0.188,0.000,0.134,-0.000,-13.199,-0.000,,pan_sim
assignment_B_cancel_20261007_123855,3.037,1791344359.513449,47,1791344359.495486,camera_color_optical_frame,1,0.1349,-0.0000,0.02000,0.015,1,TRACKING,ok,-8.152,0.000,deg/s,joint_states,-9.316,0.000,-7.929,0.000,0.800,-0.190,0.000,0.134,-0.000,-13.368,-0.000,,pan_sim
assignment_B_cancel_20261007_123855,3.059,1791344359.534365,48,1791344359.529044,camera_color_optical_frame,1,0.1331,-0.0000,0.02000,0.002,1,TRACKING,ok,-8.048,0.000,deg/s,joint_states,-9.485,0.000,-8.152,0.000,0.800,-0.193,0.000,0.134,-0.000,-13.546,-0.000,,pan_sim
assignment_B_cancel_20261007_123855,3.077,1791344359.553262,48,1791344359.529044,camera_color_optical_frame,1,0.1331,-0.0000,0.02000,0.020,1,TRACKING,ok,-8.048,0.000,deg/s,joint_states,-9.642,0.000,-8.152,0.000,0.800,-0.195,0.000,0.134,-0.000,-13.691,-0.000,,pan_sim
assignment_B_cancel_20261007_123855,3.096,1791344359.571772,49,1791344359.561905,camera_color_optical_frame,1,0.1313,-0.0000,0.02000,0.008,1,TRACKING,ok,-7.935,0.000,deg/s,joint_states,-9.808,0.000,-8.048,0.000,0.800,-0.197,0.000,0.134,-0.000,-13.849,-0.000,,pan_sim
assignment_B_cancel_20261007_123855,3.116,1791344359.592229,49,1791344359.561905,camera_color_optical_frame,1,0.1313,-0.0000,0.02000,0.028,1,TRACKING,ok,-7.935,0.000,deg/s,joint_states,-9.961,0.000,-7.935,0.000,0.800,-0.200,0.000,0.134,-0.000,-14.012,-0.000,,pan_sim
assignment_B_cancel_20261007_123855,3.137,1791344359.612945,50,1791344359.595629,camera_color_optical_frame,1,0.1353,-0.0000,0.02000,0.014,1,TRACKING,ok,-8.175,0.000,deg/s,joint_states,-10.121,0.000,-7.935,0.000,0.799,-0.205,0.000,0.141,-0.000,-14.375,-0.000,,pan_sim
assignment_B_cancel_20261007_123855,3.157,1791344359.632558,51,1791344359.628608,camera_color_optical_frame,1,0.1332,-0.0000,0.02000,0.002,1,TRACKING,ok,-8.051,0.000,deg/s,joint_states,-10.290,0.000,-8.175,0.000,0.799,-0.208,0.000,0.142,-0.000,-14.585,-0.000,,pan_sim
assignment_B_cancel_20261007_123855,3.176,1791344359.652722,51,1791344359.628608,camera_color_optical_frame,1,0.1332,-0.0000,0.02000,0.022,1,TRACKING,ok,-8.051,0.000,deg/s,joint_states,-10.447,0.000,-8.051,0.000,0.800,-0.207,0.000,0.134,-0.000,-14.499,-0.000,,pan_sim
assignment_B_cancel_20261007_123855,3.196,1791344359.671709,52,1791344359.661900,camera_color_optical_frame,1,0.1315,-0.0000,0.02000,0.006,1,TRACKING,ok,-7.949,0.000,deg/s,joint_states,-10.609,0.000,-8.051,0.000,0.800,-0.209,0.000,0.134,-0.000,-14.656,-0.000,,pan_sim
assignment_B_cancel_20261007_123855,3.216,1791344359.691776,52,1791344359.661900,camera_color_optical_frame,1,0.1315,-0.0000,0.02000,0.026,1,TRACKING,ok,-7.949,0.000,deg/s,joint_states,-10.767,0.000,-7.949,0.000,0.800,-0.212,0.000,0.134,-0.000,-14.817,-0.000,,pan_sim
assignment_B_cancel_20261007_123855,3.237,1791344359.713333,53,1791344359.695387,camera_color_optical_frame,1,0.1352,-0.0000,0.02000,0.014,1,TRACKING,ok,-8.172,0.000,deg/s,joint_states,-10.924,0.000,-7.949,0.000,0.799,-0.216,0.000,0.139,-0.000,-15.139,-0.000,,pan_sim
assignment_B_cancel_20261007_123855,3.256,1791344359.731894,54,1791344359.728574,camera_color_optical_frame,1,0.1332,-0.0000,0.02000,0.001,1,TRACKING,ok,-8.051,0.000,deg/s,joint_states,-11.094,0.000,-8.172,0.000,0.799,-0.219,0.000,0.139,-0.000,-15.294,-0.000,,pan_sim
assignment_B_cancel_20261007_123855,3.276,1791344359.752396,54,1791344359.728574,camera_color_optical_frame,1,0.1332,-0.0000,0.02000,0.021,1,TRACKING,ok,-8.051,0.000,deg/s,joint_states,-11.248,0.000,-8.051,0.000,0.800,-0.219,0.000,0.134,-0.000,-15.300,-0.000,,pan_sim
assignment_B_cancel_20261007_123855,3.296,1791344359.771680,55,1791344359.761900,camera_color_optical_frame,1,0.1314,-0.0000,0.02000,0.008,1,TRACKING,ok,-7.943,0.000,deg/s,joint_states,-11.414,0.000,-8.051,0.000,0.800,-0.221,0.000,0.133,-0.000,-15.436,-0.000,,pan_sim
assignment_B_cancel_20261007_123855,3.317,1791344359.792986,55,1791344359.761900,camera_color_optical_frame,1,0.1314,-0.0000,0.02000,0.028,1,TRACKING,ok,-7.943,0.000,deg/s,joint_states,-11.568,0.000,-7.943,0.000,0.800,-0.223,0.000,0.132,-0.000,-15.552,-0.000,,pan_sim
assignment_B_cancel_20261007_123855,3.336,1791344359.812415,56,1791344359.795584,camera_color_optical_frame,1,0.1352,-0.0000,0.02000,0.012,1,TRACKING,ok,-8.172,0.000,deg/s,joint_states,-11.734,0.000,-7.943,0.000,0.799,-0.229,0.000,0.141,-0.000,-15.982,-0.000,,pan_sim
assignment_B_cancel_20261007_123855,3.357,1791344359.833453,56,1791344359.795584,camera_color_optical_frame,1,0.1352,-0.0000,0.02000,0.032,1,TRACKING,ok,-8.172,0.000,deg/s,joint_states,-11.896,0.000,-8.172,0.000,0.799,-0.232,0.000,0.142,-0.000,-16.195,-0.000,,pan_sim
assignment_B_cancel_20261007_123855,3.376,1791344359.851671,57,1791344359.829213,camera_color_optical_frame,1,0.1332,-0.0000,0.02000,0.017,1,TRACKING,ok,-8.051,0.000,deg/s,joint_states,-12.056,0.000,-8.172,0.000,0.800,-0.231,0.000,0.134,-0.000,-16.094,-0.000,,pan_sim
assignment_B_cancel_20261007_123855,3.396,1791344359.871779,58,1791344359.862026,camera_color_optical_frame,1,0.1313,-0.0000,0.02000,0.007,1,TRACKING,ok,-7.936,0.000,deg/s,joint_states,-12.215,0.000,-8.051,0.000,0.800,-0.233,0.000,0.133,-0.000,-16.231,-0.000,,pan_sim
assignment_B_cancel_20261007_123855,3.416,1791344359.892006,58,1791344359.862026,camera_color_optical_frame,1,0.1313,-0.0000,0.02000,0.027,1,TRACKING,ok,-7.936,0.000,deg/s,joint_states,-12.373,0.000,-7.936,0.000,0.800,-0.235,0.000,0.131,-0.000,-16.340,-0.000,,pan_sim
assignment_B_cancel_20261007_123855,3.436,1791344359.912212,59,1791344359.895517,camera_color_optical_frame,1,0.1348,-0.0000,0.02000,0.013,1,TRACKING,ok,-8.148,0.000,deg/s,joint_states,-12.533,0.000,-7.936,0.000,0.799,-0.240,0.000,0.139,-0.000,-16.730,-0.000,,pan_sim
assignment_B_cancel_20261007_123855,3.456,1791344359.931905,60,1791344359.928584,camera_color_optical_frame,1,0.1327,-0.0000,0.02000,0.001,1,TRACKING,ok,-8.020,0.000,deg/s,joint_states,-12.698,0.000,-8.148,0.000,0.799,-0.243,0.000,0.139,-0.000,-16.886,-0.000,,pan_sim
assignment_B_cancel_20261007_123855,3.477,1791344359.953410,60,1791344359.928584,camera_color_optical_frame,1,0.1327,-0.0000,0.02000,0.022,1,TRACKING,ok,-8.020,0.000,deg/s,joint_states,-12.856,0.000,-8.020,0.000,0.800,-0.243,0.000,0.133,-0.000,-16.890,-0.000,,pan_sim
assignment_B_cancel_20261007_123855,3.496,1791344359.971666,61,1791344359.961858,camera_color_optical_frame,1,0.1305,-0.0000,0.02000,0.008,1,TRACKING,ok,-7.889,0.000,deg/s,joint_states,-13.026,0.000,-8.020,0.000,0.800,-0.245,0.000,0.133,-0.000,-17.041,-0.000,,pan_sim
assignment_B_cancel_20261007_123855,3.517,1791344359.993479,61,1791344359.961858,camera_color_optical_frame,1,0.1305,-0.0000,0.02000,0.028,1,TRACKING,ok,-7.889,0.000,deg/s,joint_states,-13.175,0.000,-7.889,0.000,0.800,-0.248,0.000,0.133,-0.000,-17.205,-0.000,,pan_sim
assignment_B_cancel_20261007_123855,3.537,1791344360.013489,62,1791344359.995835,camera_color_optical_frame,1,0.1344,-0.0000,0.02000,0.014,1,TRACKING,ok,-8.125,0.000,deg/s,joint_states,-13.342,0.000,-7.889,0.000,0.800,-0.250,0.000,0.133,-0.000,-17.362,-0.000,,pan_sim
assignment_B_cancel_20261007_123855,3.556,1791344360.032228,63,1791344360.028602,camera_color_optical_frame,1,0.1321,-0.0000,0.02000,0.002,1,TRACKING,ok,-7.985,0.000,deg/s,joint_states,-13.501,0.000,-8.125,0.000,0.800,-0.252,0.000,0.133,-0.000,-17.515,-0.000,,pan_sim
assignment_B_cancel_20261007_123855,3.576,1791344360.052533,63,1791344360.028602,camera_color_optical_frame,1,0.1321,-0.0000,0.02000,0.021,1,TRACKING,ok,-7.985,0.000,deg/s,joint_states,-13.654,0.000,-7.985,0.000,0.800,-0.255,0.000,0.133,-0.000,-17.671,-0.000,,pan_sim
assignment_B_cancel_20261007_123855,3.596,1791344360.071666,64,1791344360.061890,camera_color_optical_frame,1,0.1301,-0.0000,0.02000,0.007,1,TRACKING,ok,-7.867,0.000,deg/s,joint_states,-13.820,0.000,-7.985,0.000,0.800,-0.257,0.000,0.132,-0.000,-17.824,-0.000,,pan_sim
assignment_B_cancel_20261007_123855,3.616,1791344360.092091,64,1791344360.061890,camera_color_optical_frame,1,0.1301,-0.0000,0.02000,0.027,1,TRACKING,ok,-7.867,0.000,deg/s,joint_states,-13.971,0.000,-7.867,0.000,0.800,-0.260,0.000,0.133,-0.000,-17.981,-0.000,,pan_sim
assignment_B_cancel_20261007_123855,3.637,1791344360.113358,65,1791344360.095539,camera_color_optical_frame,1,0.1338,-0.0000,0.02000,0.013,1,TRACKING,ok,-8.090,0.000,deg/s,joint_states,-14.129,0.000,-7.867,0.000,0.799,-0.265,0.000,0.139,-0.000,-18.324,-0.000,,pan_sim
assignment_B_cancel_20261007_123855,3.659,1791344360.135528,66,1791344360.128783,camera_color_optical_frame,1,0.1316,-0.0000,0.02000,0.003,1,TRACKING,ok,-7.956,0.000,deg/s,joint_states,-14.296,0.000,-8.090,0.000,0.799,-0.268,0.000,0.140,-0.000,-18.532,-0.000,,pan_sim
assignment_B_cancel_20261007_123855,3.676,1791344360.151808,66,1791344360.128783,camera_color_optical_frame,1,0.1316,-0.0000,0.02000,0.020,1,TRACKING,ok,-7.956,0.000,deg/s,joint_states,-14.458,0.000,-8.090,0.000,0.800,-0.267,0.000,0.132,-0.000,-18.446,-0.000,,pan_sim
assignment_B_cancel_20261007_123855,3.696,1791344360.171669,67,1791344360.162312,camera_color_optical_frame,1,0.1297,-0.0000,0.02000,0.007,1,TRACKING,ok,-7.839,0.000,deg/s,joint_states,-14.614,0.000,-7.956,0.000,0.800,-0.269,0.000,0.131,-0.000,-18.579,-0.000,,pan_sim
assignment_B_cancel_20261007_123855,3.717,1791344360.193463,67,1791344360.162312,camera_color_optical_frame,1,0.1297,-0.0000,0.02000,0.028,1,TRACKING,ok,-7.839,0.000,deg/s,joint_states,-14.768,0.000,-7.839,0.000,0.800,-0.271,0.000,0.130,-0.000,-18.690,-0.000,,pan_sim
assignment_B_cancel_20261007_123855,3.737,1791344360.213317,68,1791344360.195841,camera_color_optical_frame,1,0.1331,-0.0000,0.02000,0.014,1,TRACKING,ok,-8.046,0.000,deg/s,joint_states,-14.935,0.000,-7.839,0.000,0.799,-0.277,0.000,0.138,-0.000,-19.116,-0.000,,pan_sim
assignment_B_cancel_20261007_123855,3.757,1791344360.233317,69,1791344360.228756,camera_color_optical_frame,1,0.1308,-0.0000,0.02000,0.002,1,TRACKING,ok,-7.905,0.000,deg/s,joint_states,-15.092,0.000,-8.046,0.000,0.799,-0.280,0.000,0.140,-0.000,-19.325,-0.000,,pan_sim
assignment_B_cancel_20261007_123855,3.776,1791344360.251711,69,1791344360.228756,camera_color_optical_frame,1,0.1308,-0.0000,0.02000,0.021,1,TRACKING,ok,-7.905,0.000,deg/s,joint_states,-15.243,0.000,-7.905,0.000,0.800,-0.279,0.000,0.131,-0.000,-19.215,-0.000,,pan_sim
assignment_B_cancel_20261007_123855,3.796,1791344360.271674,70,1791344360.261991,camera_color_optical_frame,1,0.1290,-0.0000,0.02000,0.007,1,TRACKING,ok,-7.796,0.000,deg/s,joint_states,-15.402,0.000,-7.905,0.000,0.800,-0.281,0.000,0.131,-0.000,-19.368,-0.000,,pan_sim
assignment_B_cancel_20261007_123855,3.816,1791344360.292519,70,1791344360.261991,camera_color_optical_frame,1,0.1290,-0.0000,0.02000,0.028,1,TRACKING,ok,-7.796,0.000,deg/s,joint_states,-15.563,0.000,-7.796,0.000,0.800,-0.284,0.000,0.131,-0.000,-19.523,-0.000,,pan_sim
assignment_B_cancel_20261007_123855,3.836,1791344360.312295,71,1791344360.295610,camera_color_optical_frame,1,0.1322,-0.0000,0.02000,0.014,1,TRACKING,ok,-7.988,0.000,deg/s,joint_states,-15.720,0.000,-7.796,0.000,0.799,-0.288,0.000,0.136,-0.000,-19.830,-0.000,,pan_sim
assignment_B_cancel_20261007_123855,3.857,1791344360.333038,72,1791344360.328747,camera_color_optical_frame,1,0.1301,-0.0000,0.02000,0.002,1,TRACKING,ok,-7.866,0.000,deg/s,joint_states,-15.876,0.000,-7.988,0.000,0.800,-0.289,0.000,0.131,-0.000,-19.835,-0.000,,pan_sim
assignment_B_cancel_20261007_123855,3.877,1791344360.353477,72,1791344360.328747,camera_color_optical_frame,1,0.1301,-0.0000,0.02000,0.022,1,TRACKING,ok,-7.866,0.000,deg/s,joint_states,-16.035,0.000,-7.866,0.000,0.800,-0.291,0.000,0.131,-0.000,-19.983,-0.000,,pan_sim
assignment_B_cancel_20261007_123855,3.896,1791344360.371891,73,1791344360.361939,camera_color_optical_frame,1,0.1278,-0.0000,0.02000,0.007,1,TRACKING,ok,-7.727,0.000,deg/s,joint_states,-16.198,0.000,-7.866,0.000,0.800,-0.293,0.000,0.130,-0.000,-20.131,-0.000,,pan_sim
assignment_B_cancel_20261007_123855,3.916,1791344360.392044,73,1791344360.361939,camera_color_optical_frame,1,0.1278,-0.0000,0.02000,0.027,1,TRACKING,ok,-7.727,0.000,deg/s,joint_states,-16.343,0.000,-7.727,0.000,0.800,-0.296,0.000,0.130,-0.000,-20.282,-0.000,,pan_sim
assignment_B_cancel_20261007_123855,3.936,1791344360.412571,74,1791344360.395575,camera_color_optical_frame,1,0.1314,-0.0000,0.02000,0.013,1,TRACKING,ok,-7.945,0.000,deg/s,joint_states,-16.498,0.000,-7.727,0.000,0.800,-0.298,0.000,0.129,-0.000,-20.408,-0.000,,pan_sim
assignment_B_cancel_20261007_123855,3.957,1791344360.433394,74,1791344360.395575,camera_color_optical_frame,1,0.1314,-0.0000,0.02000,0.034,1,TRACKING,ok,-7.945,0.000,deg/s,joint_states,-16.664,0.000,-7.945,0.000,0.800,-0.300,0.000,0.128,-0.000,-20.531,-0.000,,pan_sim
assignment_B_cancel_20261007_123855,3.976,1791344360.451722,75,1791344360.429226,camera_color_optical_frame,1,0.1292,-0.0000,0.02000,0.017,1,TRACKING,ok,-7.812,0.000,deg/s,joint_states,-16.817,0.000,-7.945,0.000,0.800,-0.303,0.000,0.130,-0.000,-20.733,-0.000,,pan_sim
assignment_B_cancel_20261007_123855,3.996,1791344360.471776,76,1791344360.461914,camera_color_optical_frame,1,0.1270,-0.0000,0.02000,0.008,1,TRACKING,ok,-7.679,0.000,deg/s,joint_states,-16.976,0.000,-7.812,0.000,0.800,-0.305,0.000,0.129,-0.000,-20.884,-0.000,,pan_sim
assignment_B_cancel_20261007_123855,4.016,1791344360.491872,76,1791344360.461914,camera_color_optical_frame,1,0.1270,-0.0000,0.02000,0.028,1,TRACKING,ok,-7.679,0.000,deg/s,joint_states,-17.125,0.000,-7.679,0.000,0.800,-0.308,0.000,0.129,-0.000,-21.034,-0.000,,pan_sim
assignment_B_cancel_20261007_123855,4.036,1791344360.511890,77,1791344360.495482,camera_color_optical_frame,1,0.1304,-0.0000,0.02000,0.013,1,TRACKING,ok,-7.885,0.000,deg/s,joint_states,-17.279,0.000,-7.679,0.000,0.799,-0.312,0.000,0.135,-0.000,-21.360,-0.000,,pan_sim
assignment_B_cancel_20261007_123855,4.056,1791344360.532330,77,1791344360.495482,camera_color_optical_frame,1,0.1304,-0.0000,0.02000,0.034,1,TRACKING,ok,-7.885,0.000,deg/s,joint_states,-17.451,0.000,-7.885,0.000,0.799,-0.315,0.000,0.135,-0.000,-21.543,-0.000,,pan_sim
assignment_B_cancel_20261007_123855,4.077,1791344360.553401,78,1791344360.529376,camera_color_optical_frame,1,0.1280,-0.0000,0.02000,0.018,1,TRACKING,ok,-7.740,0.000,deg/s,joint_states,-17.594,0.000,-7.885,0.000,0.800,-0.315,0.000,0.129,-0.000,-21.485,-0.000,,pan_sim
assignment_B_cancel_20261007_123855,4.096,1791344360.571786,79,1791344360.561893,camera_color_optical_frame,1,0.1258,-0.0000,0.02000,0.008,1,TRACKING,ok,-7.604,0.000,deg/s,joint_states,-17.761,0.000,-7.740,0.000,0.800,-0.317,0.000,0.127,-0.000,-21.609,-0.000,,pan_sim
assignment_B_cancel_20261007_123855,4.117,1791344360.593403,79,1791344360.561893,camera_color_optical_frame,1,0.1258,-0.0000,0.02000,0.029,1,TRACKING,ok,-7.604,0.000,deg/s,joint_states,-17.903,0.000,-7.604,0.000,0.800,-0.319,0.000,0.126,-0.000,-21.715,-0.000,,pan_sim
assignment_B_cancel_20261007_123855,4.136,1791344360.611881,80,1791344360.595799,camera_color_optical_frame,1,0.1294,-0.0000,0.02000,0.012,1,TRACKING,ok,-7.823,0.000,deg/s,joint_states,-18.062,0.000,-7.604,0.000,0.799,-0.325,0.000,0.134,-0.000,-22.120,-0.000,,pan_sim
assignment_B_cancel_20261007_123855,4.158,1791344360.634515,81,1791344360.628627,camera_color_optical_frame,1,0.1269,-0.0000,0.02000,0.003,1,TRACKING,ok,-7.669,0.000,deg/s,joint_states,-18.222,0.000,-7.823,0.000,0.799,-0.328,0.000,0.136,-0.000,-22.332,-0.000,,pan_sim
assignment_B_cancel_20261007_123855,4.177,1791344360.652963,81,1791344360.628627,camera_color_optical_frame,1,0.1269,-0.0000,0.02000,0.022,1,TRACKING,ok,-7.669,0.000,deg/s,joint_states,-18.370,0.000,-7.823,0.000,0.800,-0.327,0.000,0.128,-0.000,-22.225,-0.000,,pan_sim
assignment_B_cancel_20261007_123855,4.196,1791344360.671767,82,1791344360.661889,camera_color_optical_frame,1,0.1250,-0.0000,0.02000,0.007,1,TRACKING,ok,-7.555,0.000,deg/s,joint_states,-18.525,0.000,-7.669,0.000,0.800,-0.329,0.000,0.127,-0.000,-22.369,-0.000,,pan_sim
assignment_B_cancel_20261007_123855,4.216,1791344360.692384,82,1791344360.661889,camera_color_optical_frame,1,0.1250,-0.0000,0.02000,0.027,1,TRACKING,ok,-7.555,0.000,deg/s,joint_states,-18.671,0.000,-7.555,0.000,0.800,-0.332,0.000,0.127,-0.000,-22.518,-0.000,,pan_sim
assignment_B_cancel_20261007_123855,4.237,1791344360.713026,83,1791344360.696092,camera_color_optical_frame,1,0.1284,-0.0000,0.02000,0.012,1,TRACKING,ok,-7.764,0.000,deg/s,joint_states,-18.826,0.000,-7.555,0.000,0.799,-0.337,0.000,0.133,-0.000,-22.856,-0.000,,pan_sim
assignment_B_cancel_20261007_123855,4.257,1791344360.733437,83,1791344360.696092,camera_color_optical_frame,1,0.1284,-0.0000,0.02000,0.032,1,TRACKING,ok,-7.764,0.000,deg/s,joint_states,-18.980,0.000,-7.764,0.000,0.799,-0.340,0.000,0.135,-0.000,-23.050,-0.000,,pan_sim
assignment_B_cancel_20261007_123855,4.276,1791344360.752028,84,1791344360.729254,camera_color_optical_frame,1,0.1262,-0.0000,0.02000,0.016,1,TRACKING,ok,-7.632,0.000,deg/s,joint_states,-19.139,0.000,-7.764,0.000,0.800,-0.339,0.000,0.126,-0.000,-22.955,-0.000,,pan_sim
assignment_B_cancel_20261007_123855,4.296,1791344360.771714,85,1791344360.761950,camera_color_optical_frame,1,0.1240,-0.0000,0.02000,0.007,1,TRACKING,ok,-7.499,0.000,deg/s,joint_states,-19.285,0.000,-7.632,0.000,0.800,-0.341,0.000,0.126,-0.000,-23.079,-0.000,,pan_sim
assignment_B_cancel_20261007_123855,4.316,1791344360.791961,85,1791344360.761950,camera_color_optical_frame,1,0.1240,-0.0000,0.02000,0.027,1,TRACKING,ok,-7.499,0.000,deg/s,joint_states,-19.434,0.000,-7.499,0.000,0.800,-0.343,0.000,0.124,-0.000,-23.178,-0.000,,pan_sim
assignment_B_cancel_20261007_123855,4.336,1791344360.812694,86,1791344360.796017,camera_color_optical_frame,1,0.1273,-0.0000,0.02000,0.013,1,TRACKING,ok,-7.695,0.000,deg/s,joint_states,-19.595,0.000,-7.499,0.000,0.799,-0.348,0.000,0.131,-0.000,-23.552,-0.000,,pan_sim
assignment_B_cancel_20261007_123855,4.357,1791344360.834062,87,1791344360.828589,camera_color_optical_frame,1,0.1249,-0.0000,0.02000,0.003,1,TRACKING,ok,-7.549,0.000,deg/s,joint_states,-19.743,0.000,-7.695,0.000,0.799,-0.351,0.000,0.131,-0.000,-23.704,-0.000,,pan_sim
assignment_B_cancel_20261007_123855,4.376,1791344360.851847,87,1791344360.828589,camera_color_optical_frame,1,0.1249,-0.0000,0.02000,0.021,1,TRACKING,ok,-7.549,0.000,deg/s,joint_states,-19.897,0.000,-7.549,0.000,0.800,-0.351,0.000,0.125,-0.000,-23.679,-0.000,,pan_sim
assignment_B_cancel_20261007_123855,4.396,1791344360.871674,88,1791344360.861957,camera_color_optical_frame,1,0.1230,-0.0000,0.02000,0.008,1,TRACKING,ok,-7.436,0.000,deg/s,joint_states,-20.040,0.000,-7.549,0.000,0.800,-0.353,0.000,0.124,-0.000,-23.801,-0.000,,pan_sim
assignment_B_cancel_20261007_123855,4.416,1791344360.891799,88,1791344360.861957,camera_color_optical_frame,1,0.1230,-0.0000,0.02000,0.028,1,TRACKING,ok,-7.436,0.000,deg/s,joint_states,-20.191,0.000,-7.436,0.000,0.800,-0.355,0.000,0.123,-0.000,-23.897,-0.000,,pan_sim
assignment_B_cancel_20261007_123855,4.437,1791344360.913041,89,1791344360.895638,camera_color_optical_frame,1,0.1260,-0.0000,0.02000,0.013,1,TRACKING,ok,-7.619,0.000,deg/s,joint_states,-20.339,0.000,-7.436,0.000,0.799,-0.360,0.000,0.130,-0.000,-24.261,-0.000,,pan_sim
assignment_B_cancel_20261007_123855,4.458,1791344360.934870,90,1791344360.928679,camera_color_optical_frame,1,0.1238,-0.0000,0.02000,0.003,1,TRACKING,ok,-7.488,0.000,deg/s,joint_states,-20.493,0.000,-7.619,0.000,0.799,-0.363,0.000,0.130,-0.000,-24.413,-0.000,,pan_sim
assignment_B_cancel_20261007_123855,4.476,1791344360.952312,90,1791344360.928679,camera_color_optical_frame,1,0.1238,-0.0000,0.02000,0.021,1,TRACKING,ok,-7.488,0.000,deg/s,joint_states,-20.649,0.000,-7.619,0.000,0.800,-0.363,0.000,0.124,-0.000,-24.397,-0.000,,pan_sim
assignment_B_cancel_20261007_123855,4.496,1791344360.971716,91,1791344360.961950,camera_color_optical_frame,1,0.1217,-0.0000,0.02000,0.008,1,TRACKING,ok,-7.358,0.000,deg/s,joint_states,-20.795,0.000,-7.488,0.000,0.800,-0.365,0.000,0.124,-0.000,-24.538,-0.000,,pan_sim
assignment_B_cancel_20261007_123855,4.517,1791344360.992732,91,1791344360.961950,camera_color_optical_frame,1,0.1217,-0.0000,0.02000,0.028,1,TRACKING,ok,-7.358,0.000,deg/s,joint_states,-20.940,0.000,-7.358,0.000,0.800,-0.368,0.000,0.124,-0.000,-24.684,-0.000,,pan_sim
assignment_B_cancel_20261007_123855,4.537,1791344361.013234,92,1791344360.995766,camera_color_optical_frame,1,0.1248,-0.0000,0.02000,0.013,1,TRACKING,ok,-7.548,0.000,deg/s,joint_states,-21.089,0.000,-7.358,0.000,0.799,-0.373,0.000,0.130,-0.000,-25.009,-0.000,,pan_sim
assignment_B_cancel_20261007_123855,4.558,1791344361.033714,92,1791344360.995766,camera_color_optical_frame,1,0.1248,-0.0000,0.02000,0.033,1,TRACKING,ok,-7.548,0.000,deg/s,joint_states,-21.241,0.000,-7.548,0.000,0.799,-0.376,0.000,0.131,-0.000,-25.203,-0.000,,pan_sim
assignment_B_cancel_20261007_123855,4.576,1791344361.051749,93,1791344361.029028,camera_color_optical_frame,1,0.1227,-0.0000,0.02000,0.016,1,TRACKING,ok,-7.419,0.000,deg/s,joint_states,-21.394,0.000,-7.548,0.000,0.800,-0.375,0.000,0.123,-0.000,-25.104,-0.000,,pan_sim
assignment_B_cancel_20261007_123855,4.596,1791344361.071890,94,1791344361.061941,camera_color_optical_frame,1,0.1204,-0.0000,0.02000,0.008,1,TRACKING,ok,-7.281,0.000,deg/s,joint_states,-21.542,0.000,-7.419,0.000,0.800,-0.377,0.000,0.122,-0.000,-25.225,-0.000,,pan_sim
assignment_B_cancel_20261007_123855,4.616,1791344361.092169,94,1791344361.061941,camera_color_optical_frame,1,0.1204,-0.0000,0.02000,0.028,1,TRACKING,ok,-7.281,0.000,deg/s,joint_states,-21.691,0.000,-7.281,0.000,0.800,-0.379,0.000,0.120,-0.000,-25.322,-0.000,,pan_sim
assignment_B_cancel_20261007_123855,4.637,1791344361.113303,95,1791344361.095542,camera_color_optical_frame,1,0.1233,-0.0000,0.02000,0.013,1,TRACKING,ok,-7.453,0.000,deg/s,joint_states,-21.829,0.000,-7.281,0.000,0.799,-0.384,0.000,0.127,-0.000,-25.666,-0.000,,pan_sim
assignment_B_cancel_20261007_123855,4.658,1791344361.134068,96,1791344361.128862,camera_color_optical_frame,1,0.1213,-0.0000,0.02000,0.002,1,TRACKING,ok,-7.331,0.000,deg/s,joint_states,-21.986,0.000,-7.453,0.000,0.799,-0.387,0.000,0.127,-0.000,-25.813,-0.000,,pan_sim
assignment_B_cancel_20261007_123855,4.677,1791344361.153403,96,1791344361.128862,camera_color_optical_frame,1,0.1213,-0.0000,0.02000,0.021,1,TRACKING,ok,-7.331,0.000,deg/s,joint_states,-22.132,0.000,-7.331,0.000,0.800,-0.387,0.000,0.122,-0.000,-25.810,-0.000,,pan_sim
assignment_B_cancel_20261007_123855,4.696,1791344361.171832,97,1791344361.161903,camera_color_optical_frame,1,0.1191,-0.0000,0.02000,0.008,1,TRACKING,ok,-7.203,0.000,deg/s,joint_states,-22.280,0.000,-7.331,0.000,0.800,-0.389,0.000,0.121,-0.000,-25.945,-0.000,,pan_sim
assignment_B_cancel_20261007_123855,4.716,1791344361.191756,97,1791344361.161903,camera_color_optical_frame,1,0.1191,-0.0000,0.02000,0.028,1,TRACKING,ok,-7.203,0.000,deg/s,joint_states,-22.416,0.000,-7.203,0.000,0.800,-0.392,0.000,0.121,-0.000,-26.083,-0.000,,pan_sim
assignment_B_cancel_20261007_123855,4.736,1791344361.212414,98,1791344361.195755,camera_color_optical_frame,1,0.1224,-0.0000,0.02000,0.012,1,TRACKING,ok,-7.402,0.000,deg/s,joint_states,-22.559,0.000,-7.203,0.000,0.799,-0.397,0.000,0.127,-0.000,-26.400,-0.000,,pan_sim
assignment_B_cancel_20261007_123855,4.757,1791344361.233466,99,1791344361.228629,camera_color_optical_frame,1,0.1202,-0.0000,0.02000,0.002,1,TRACKING,ok,-7.266,0.000,deg/s,joint_states,-22.711,0.000,-7.402,0.000,0.798,-0.400,0.000,0.128,-0.000,-26.588,-0.000,,pan_sim
assignment_B_cancel_20261007_123855,4.777,1791344361.253509,99,1791344361.228629,camera_color_optical_frame,1,0.1202,-0.0000,0.02000,0.022,1,TRACKING,ok,-7.266,0.000,deg/s,joint_states,-22.855,0.000,-7.266,0.000,0.800,-0.399,0.000,0.121,-0.000,-26.502,-0.000,,pan_sim
assignment_B_cancel_20261007_123855,4.797,1791344361.273356,100,1791344361.261922,camera_color_optical_frame,1,0.1180,-0.0000,0.02000,0.008,1,TRACKING,ok,-7.135,0.000,deg/s,joint_states,-23.006,0.000,-7.266,0.000,0.800,-0.401,0.000,0.119,-0.000,-26.619,-0.000,,pan_sim
assignment_B_cancel_20261007_123855,4.817,1791344361.293390,100,1791344361.261922,camera_color_optical_frame,1,0.1180,-0.0000,0.02000,0.029,1,TRACKING,ok,-7.135,0.000,deg/s,joint_states,-23.147,0.000,-7.135,0.000,0.800,-0.403,0.000,0.118,-0.000,-26.713,-0.000,,pan_sim
assignment_B_cancel_20261007_123855,4.836,1791344361.311660,101,1791344361.295825,camera_color_optical_frame,1,0.1210,-0.0000,0.02000,0.012,1,TRACKING,ok,-7.318,0.000,deg/s,joint_states,-23.292,0.000,-7.135,0.000,0.799,-0.408,0.000,0.125,-0.000,-27.084,-0.000,,pan_sim
assignment_B_cancel_20261007_123855,4.857,1791344361.333217,101,1791344361.295825,camera_color_optical_frame,1,0.1210,-0.0000,0.02000,0.032,1,TRACKING,ok,-7.318,0.000,deg/s,joint_states,-23.436,0.000,-7.318,0.000,0.798,-0.412,0.000,0.127,-0.000,-27.270,-0.000,,pan_sim
assignment_B_cancel_20261007_123855,4.877,1791344361.353024,102,1791344361.329158,camera_color_optical_frame,1,0.1190,-0.0000,0.02000,0.018,1,TRACKING,ok,-7.195,0.000,deg/s,joint_states,-23.577,0.000,-7.318,0.000,0.800,-0.411,0.000,0.119,-0.000,-27.186,-0.000,,pan_sim
assignment_B_cancel_20261007_123855,4.896,1791344361.371727,103,1791344361.361992,camera_color_optical_frame,1,0.1168,-0.0000,0.02000,0.007,1,TRACKING,ok,-7.062,0.000,deg/s,joint_states,-23.726,0.000,-7.195,0.000,0.800,-0.413,0.000,0.118,-0.000,-27.298,-0.000,,pan_sim
assignment_B_cancel_20261007_123855,4.916,1791344361.392539,103,1791344361.361992,camera_color_optical_frame,1,0.1168,-0.0000,0.02000,0.028,1,TRACKING,ok,-7.062,0.000,deg/s,joint_states,-23.861,0.000,-7.062,0.000,0.800,-0.415,0.000,0.117,-0.000,-27.392,-0.000,,pan_sim
assignment_B_cancel_20261007_123855,4.936,1791344361.411660,104,1791344361.395621,camera_color_optical_frame,1,0.1199,-0.0000,0.02000,0.012,1,TRACKING,ok,-7.248,0.000,deg/s,joint_states,-24.009,0.000,-7.062,0.000,0.799,-0.420,0.000,0.123,-0.000,-27.736,-0.000,,pan_sim
assignment_B_cancel_20261007_123855,4.957,1791344361.433432,105,1791344361.428804,camera_color_optical_frame,1,0.1177,-0.0000,0.02000,0.002,1,TRACKING,ok,-7.115,0.000,deg/s,joint_states,-24.152,0.000,-7.248,0.000,0.799,-0.423,0.000,0.123,-0.000,-27.881,-0.000,,pan_sim
assignment_B_cancel_20261007_123855,4.976,1791344361.452325,105,1791344361.428804,camera_color_optical_frame,1,0.1177,-0.0000,0.02000,0.021,1,TRACKING,ok,-7.115,0.000,deg/s,joint_states,-24.291,0.000,-7.115,0.000,0.800,-0.423,0.000,0.118,-0.000,-27.860,-0.000,,pan_sim
assignment_B_cancel_20261007_123855,4.996,1791344361.471682,106,1791344361.461891,camera_color_optical_frame,1,0.1157,-0.0000,0.02000,0.007,1,TRACKING,ok,-6.996,0.000,deg/s,joint_states,-24.433,0.000,-7.115,0.000,0.800,-0.425,0.000,0.118,-0.000,-27.992,-0.000,,pan_sim
assignment_B_cancel_20261007_123855,5.016,1791344361.491759,106,1791344361.461891,camera_color_optical_frame,1,0.1157,-0.0000,0.02000,0.028,1,TRACKING,ok,-6.996,0.000,deg/s,joint_states,-24.572,0.000,-6.996,0.000,0.800,-0.428,0.000,0.118,-0.000,-28.126,-0.000,,pan_sim
assignment_B_cancel_20261007_123855,5.037,1791344361.513342,107,1791344361.496007,camera_color_optical_frame,1,0.1187,-0.0000,0.02000,0.012,1,TRACKING,ok,-7.175,0.000,deg/s,joint_states,-24.718,0.000,-6.996,0.000,0.799,-0.433,0.000,0.123,-0.000,-28.443,-0.000,,pan_sim
assignment_B_cancel_20261007_123855,5.058,1791344361.533795,108,1791344361.528853,camera_color_optical_frame,1,0.1163,-0.0000,0.02000,0.002,1,TRACKING,ok,-7.031,0.000,deg/s,joint_states,-24.863,0.000,-7.175,0.000,0.798,-0.436,0.000,0.125,-0.000,-28.631,-0.000,,pan_sim
assignment_B_cancel_20261007_123855,5.077,1791344361.553385,108,1791344361.528853,camera_color_optical_frame,1,0.1163,-0.0000,0.02000,0.021,1,TRACKING,ok,-7.031,0.000,deg/s,joint_states,-24.999,0.000,-7.031,0.000,0.800,-0.435,0.000,0.117,-0.000,-28.530,-0.000,,pan_sim
assignment_B_cancel_20261007_123855,5.096,1791344361.571654,109,1791344361.561950,camera_color_optical_frame,1,0.1142,-0.0000,0.02000,0.008,1,TRACKING,ok,-6.907,0.000,deg/s,joint_states,-25.145,0.000,-7.031,0.000,0.800,-0.437,0.000,0.116,-0.000,-28.659,-0.000,,pan_sim
assignment_B_cancel_20261007_123855,5.116,1791344361.591901,109,1791344361.561950,camera_color_optical_frame,1,0.1142,-0.0000,0.02000,0.028,1,TRACKING,ok,-6.907,0.000,deg/s,joint_states,-25.274,0.000,-6.907,0.000,0.800,-0.440,0.000,0.116,-0.000,-28.792,-0.000,,pan_sim
assignment_B_cancel_20261007_123855,5.136,1791344361.611828,110,1791344361.595494,camera_color_optical_frame,1,0.1173,-0.0000,0.02000,0.013,1,TRACKING,ok,-7.092,0.000,deg/s,joint_states,-25.413,0.000,-6.907,0.000,0.800,-0.442,0.000,0.115,-0.000,-28.900,-0.000,,pan_sim
assignment_B_cancel_20261007_123855,5.157,1791344361.633520,110,1791344361.595494,camera_color_optical_frame,1,0.1173,-0.0000,0.02000,0.034,1,TRACKING,ok,-7.092,0.000,deg/s,joint_states,-25.557,0.000,-7.092,0.000,0.800,-0.444,0.000,0.114,-0.000,-29.007,-0.000,,pan_sim
assignment_B_cancel_20261007_123855,5.177,1791344361.653324,111,1791344361.629206,camera_color_optical_frame,1,0.1153,-0.0000,0.02000,0.017,1,TRACKING,ok,-6.970,0.000,deg/s,joint_states,-25.698,0.000,-7.092,0.000,0.800,-0.447,0.000,0.115,-0.000,-29.188,-0.000,,pan_sim
assignment_B_cancel_20261007_123855,5.196,1791344361.672514,112,1791344361.661911,camera_color_optical_frame,1,0.1129,-0.0000,0.02000,0.008,1,TRACKING,ok,-6.825,0.000,deg/s,joint_states,-25.844,0.000,-6.970,0.000,0.800,-0.449,0.000,0.115,-0.000,-29.316,-0.000,,pan_sim
assignment_B_cancel_20261007_123855,5.216,1791344361.691730,112,1791344361.661911,camera_color_optical_frame,1,0.1129,-0.0000,0.02000,0.028,1,TRACKING,ok,-6.825,0.000,deg/s,joint_states,-25.977,0.000,-6.825,0.000,0.800,-0.452,0.000,0.115,-0.000,-29.446,-0.000,,pan_sim
assignment_B_cancel_20261007_123855,5.236,1791344361.712299,113,1791344361.695489,camera_color_optical_frame,1,0.1157,-0.0000,0.02000,0.014,1,TRACKING,ok,-6.997,0.000,deg/s,joint_states,-26.109,0.000,-6.825,0.000,0.799,-0.456,0.000,0.120,-0.000,-29.730,-0.000,,pan_sim
assignment_B_cancel_20261007_123855,5.257,1791344361.733348,113,1791344361.695489,camera_color_optical_frame,1,0.1157,-0.0000,0.02000,0.034,1,TRACKING,ok,-6.997,0.000,deg/s,joint_states,-26.250,0.000,-6.997,0.000,0.799,-0.459,0.000,0.120,-0.000,-29.889,-0.000,,pan_sim
assignment_B_cancel_20261007_123855,5.277,1791344361.753456,114,1791344361.729214,camera_color_optical_frame,1,0.1139,-0.0000,0.02000,0.018,1,TRACKING,ok,-6.890,0.000,deg/s,joint_states,-26.389,0.000,-6.997,0.000,0.800,-0.459,0.000,0.114,-0.000,-29.840,-0.000,,pan_sim
assignment_B_cancel_20261007_123855,5.296,1791344361.771784,115,1791344361.761955,camera_color_optical_frame,1,0.1116,-0.0000,0.02000,0.006,1,TRACKING,ok,-6.747,0.000,deg/s,joint_states,-26.533,0.000,-6.890,0.000,0.800,-0.461,0.000,0.113,-0.000,-29.947,-0.000,,pan_sim
assignment_B_cancel_20261007_123855,5.316,1791344361.792539,115,1791344361.761955,camera_color_optical_frame,1,0.1116,-0.0000,0.02000,0.026,1,TRACKING,ok,-6.747,0.000,deg/s,joint_states,-26.662,0.000,-6.747,0.000,0.800,-0.463,0.000,0.112,-0.000,-30.038,-0.000,,pan_sim
assignment_B_cancel_20261007_123855,5.337,1791344361.812979,116,1791344361.795664,camera_color_optical_frame,1,0.1145,-0.0000,0.02000,0.014,1,TRACKING,ok,-6.923,0.000,deg/s,joint_states,-26.803,0.000,-6.747,0.000,0.800,-0.466,0.000,0.113,-0.000,-30.226,-0.000,,pan_sim
assignment_B_cancel_20261007_123855,5.357,1791344361.833427,116,1791344361.795664,camera_color_optical_frame,1,0.1145,-0.0000,0.02000,0.035,1,TRACKING,ok,-6.923,0.000,deg/s,joint_states,-26.942,0.000,-6.923,0.000,0.800,-0.469,0.000,0.113,-0.000,-30.358,-0.000,,pan_sim
assignment_B_cancel_20261007_123855,5.377,1791344361.853428,117,1791344361.828601,camera_color_optical_frame,1,0.1122,-0.0000,0.02000,0.017,1,TRACKING,ok,-6.787,0.000,deg/s,joint_states,-27.076,0.000,-6.923,0.000,0.800,-0.471,0.000,0.113,-0.000,-30.483,-0.000,,pan_sim
assignment_B_cancel_20261007_123855,5.396,1791344361.871721,118,1791344361.861949,camera_color_optical_frame,1,0.1101,-0.0000,0.02000,0.008,1,TRACKING,ok,-6.661,0.000,deg/s,joint_states,-27.218,0.000,-6.787,0.000,0.800,-0.473,0.000,0.112,-0.000,-30.605,-0.000,,pan_sim
assignment_B_cancel_20261007_123855,5.416,1791344361.891924,118,1791344361.861949,camera_color_optical_frame,1,0.1101,-0.0000,0.02000,0.028,1,TRACKING,ok,-6.661,0.000,deg/s,joint_states,-27.343,0.000,-6.661,0.000,0.800,-0.476,0.000,0.112,-0.000,-30.733,-0.000,,pan_sim
assignment_B_cancel_20261007_123855,5.436,1791344361.912511,119,1791344361.895428,camera_color_optical_frame,1,0.1131,-0.0000,0.02000,0.014,1,TRACKING,ok,-6.837,0.000,deg/s,joint_states,-27.476,0.000,-6.661,0.000,0.799,-0.480,0.000,0.117,-0.000,-31.016,-0.000,,pan_sim
assignment_B_cancel_20261007_123855,5.457,1791344361.933434,119,1791344361.895428,camera_color_optical_frame,1,0.1131,-0.0000,0.02000,0.034,1,TRACKING,ok,-6.837,0.000,deg/s,joint_states,-27.619,0.000,-6.837,0.000,0.798,-0.483,0.000,0.118,-0.000,-31.172,-0.000,,pan_sim
assignment_B_cancel_20261007_123855,5.477,1791344361.957969,120,1791344361.929203,camera_color_optical_frame,0,0.0000,0.0000,0.00000,0.018,1,LOST,no_detection,0.000,0.000,deg/s,joint_states,-27.751,0.000,-6.837,0.000,0.798,-0.486,0.000,0.118,-0.000,-31.324,-0.000,,pan_sim
assignment_B_cancel_20261007_123855,5.496,1791344361.971875,121,1791344361.962034,camera_color_optical_frame,0,0.0000,0.0000,0.00000,0.008,1,LOST,no_detection,0.000,0.000,deg/s,joint_states,-27.891,0.000,-6.837,0.000,0.798,-0.488,0.000,0.118,-0.000,-31.471,-0.000,,pan_sim
assignment_B_cancel_20261007_123855,5.516,1791344361.992001,121,1791344361.962034,camera_color_optical_frame,0,0.0000,0.0000,0.00000,0.028,1,LOST,no_detection,0.000,0.000,deg/s,joint_states,-27.891,0.000,0.000,0.000,0.798,-0.491,0.000,0.123,-0.000,-31.624,-0.000,,pan_sim
assignment_B_cancel_20261007_123855,5.537,1791344362.013376,122,1791344361.995501,camera_color_optical_frame,0,0.0000,0.0000,0.00000,0.014,1,LOST,no_detection,0.000,0.000,deg/s,joint_states,-27.891,0.000,0.000,0.000,0.798,-0.494,0.000,0.129,-0.000,-31.779,-0.000,,pan_sim
assignment_B_cancel_20261007_123855,5.557,1791344362.033353,123,1791344362.028632,camera_color_optical_frame,0,0.0000,0.0000,0.00000,0.002,1,LOST,no_detection,0.000,0.000,deg/s,joint_states,-27.891,0.000,0.000,0.000,0.797,-0.497,0.000,0.134,-0.000,-31.933,-0.000,,pan_sim
assignment_B_cancel_20261007_123855,5.577,1791344362.053469,123,1791344362.028632,camera_color_optical_frame,0,0.0000,0.0000,0.00000,0.022,1,LOST,no_detection,0.000,0.000,deg/s,joint_states,-27.891,0.000,0.000,0.000,0.797,-0.500,0.000,0.139,-0.000,-32.081,-0.000,,pan_sim
assignment_B_cancel_20261007_123855,5.596,1791344362.071932,124,1791344362.061955,camera_color_optical_frame,0,0.0000,0.0000,0.00000,0.008,1,LOST,no_detection,0.000,0.000,deg/s,joint_states,-27.891,0.000,0.000,0.000,0.797,-0.502,0.000,0.143,-0.000,-32.226,-0.000,,pan_sim
assignment_B_cancel_20261007_123855,5.617,1791344362.093444,124,1791344362.061955,camera_color_optical_frame,0,0.0000,0.0000,0.00000,0.029,1,LOST,no_detection,0.000,0.000,deg/s,joint_states,-27.891,0.000,0.000,0.000,0.797,-0.505,0.000,0.149,-0.000,-32.380,-0.000,,pan_sim
assignment_B_cancel_20261007_123855,5.636,1791344362.112478,125,1791344362.095846,camera_color_optical_frame,0,0.0000,0.0000,0.00000,0.014,1,LOST,no_detection,0.000,0.000,deg/s,joint_states,-27.891,0.000,0.000,0.000,0.796,-0.508,0.000,0.153,-0.000,-32.527,-0.000,,pan_sim
assignment_B_cancel_20261007_123855,5.658,1791344362.133303,126,1791344362.128641,camera_color_optical_frame,0,0.0000,0.0000,0.00000,0.002,1,LOST,no_detection,0.000,0.000,deg/s,joint_states,-27.891,0.000,0.000,0.000,0.796,-0.511,0.000,0.159,-0.000,-32.685,-0.000,,pan_sim
assignment_B_cancel_20261007_123855,5.676,1791344362.151834,126,1791344362.128641,camera_color_optical_frame,0,0.0000,0.0000,0.00000,0.020,1,LOST,no_detection,0.000,0.000,deg/s,joint_states,-27.891,0.000,0.000,0.000,0.796,-0.513,0.000,0.163,-0.000,-32.822,-0.000,,pan_sim
assignment_B_cancel_20261007_123855,5.696,1791344362.171668,127,1791344362.161931,camera_color_optical_frame,0,0.0000,0.0000,0.00000,0.008,1,LOST,no_detection,0.000,0.000,deg/s,joint_states,-27.891,0.000,0.000,0.000,0.796,-0.516,0.000,0.168,-0.000,-32.969,-0.000,,pan_sim
assignment_B_cancel_20261007_123855,5.716,1791344362.192540,127,1791344362.161931,camera_color_optical_frame,0,0.0000,0.0000,0.00000,0.028,1,LOST,no_detection,0.000,0.000,deg/s,joint_states,-27.891,0.000,0.000,0.000,0.796,-0.519,0.000,0.173,-0.000,-33.120,-0.000,,pan_sim
assignment_B_cancel_20261007_123855,5.736,1791344362.211695,128,1791344362.195618,camera_color_optical_frame,0,0.0000,0.0000,0.00000,0.013,1,LOST,no_detection,0.000,0.000,deg/s,joint_states,-27.891,0.000,0.000,0.000,0.795,-0.522,0.000,0.178,-0.000,-33.264,-0.000,,pan_sim
assignment_B_cancel_20261007_123855,5.757,1791344362.232757,128,1791344362.195618,camera_color_optical_frame,0,0.0000,0.0000,0.00000,0.034,1,LOST,no_detection,0.000,0.000,deg/s,joint_states,-27.891,0.000,0.000,0.000,0.795,-0.525,0.000,0.183,-0.000,-33.418,-0.000,,pan_sim
assignment_B_cancel_20261007_123855,5.776,1791344362.255469,129,1791344362.228678,camera_color_optical_frame,0,0.0000,0.0000,0.00000,0.018,1,SEARCHING,predicted,-11.340,0.000,deg/s,joint_states,-27.891,0.000,0.000,0.000,0.795,-0.527,0.000,0.188,-0.000,-33.560,-0.000,0.000,pan_sim
assignment_B_cancel_20261007_123855,5.796,1791344362.271923,130,1791344362.261954,camera_color_optical_frame,0,0.0000,0.0000,0.00000,0.008,1,SEARCHING,predicted,-11.626,0.000,deg/s,joint_states,-27.891,0.000,0.000,0.000,0.795,-0.530,0.000,0.193,-0.000,-33.704,-0.000,0.020,pan_sim
assignment_B_cancel_20261007_123855,5.817,1791344362.293411,130,1791344362.261954,camera_color_optical_frame,0,0.0000,0.0000,0.00000,0.028,1,SEARCHING,predicted,-11.471,0.000,deg/s,joint_states,-28.119,0.000,-11.626,0.000,0.794,-0.533,0.000,0.190,-0.000,-33.854,-0.000,0.040,pan_sim
assignment_B_cancel_20261007_123855,5.837,1791344362.313345,131,1791344362.295841,camera_color_optical_frame,0,0.0000,0.0000,0.00000,0.012,1,SEARCHING,predicted,-11.274,0.000,deg/s,joint_states,-28.362,0.000,-11.471,0.000,0.794,-0.536,0.000,0.187,-0.000,-33.999,-0.000,0.060,pan_sim
assignment_B_cancel_20261007_123855,5.858,1791344362.333664,132,1791344362.328648,camera_color_optical_frame,0,0.0000,0.0000,0.00000,0.002,1,SEARCHING,predicted,-11.142,0.000,deg/s,joint_states,-28.580,0.000,-11.274,0.000,0.794,-0.539,0.000,0.185,-0.000,-34.151,-0.000,0.081,pan_sim
assignment_B_cancel_20261007_123855,5.876,1791344362.351832,132,1791344362.328648,camera_color_optical_frame,0,0.0000,0.0000,0.00000,0.020,1,SEARCHING,predicted,-10.958,0.000,deg/s,joint_states,-28.805,0.000,-11.142,0.000,0.794,-0.541,0.000,0.182,-0.000,-34.283,-0.000,0.100,pan_sim
assignment_B_cancel_20261007_123855,5.896,1791344362.371767,133,1791344362.361945,camera_color_optical_frame,0,0.0000,0.0000,0.00000,0.008,1,SEARCHING,predicted,-10.797,0.000,deg/s,joint_states,-29.029,0.000,-10.958,0.000,0.794,-0.544,0.000,0.179,-0.000,-34.427,-0.000,0.120,pan_sim
assignment_B_cancel_20261007_123855,5.917,1791344362.393057,133,1791344362.361945,camera_color_optical_frame,0,0.0000,0.0000,0.00000,0.028,1,SEARCHING,predicted,-10.677,0.000,deg/s,joint_states,-29.237,0.000,-10.797,0.000,0.793,-0.547,0.000,0.177,-0.000,-34.575,-0.000,0.140,pan_sim
assignment_B_cancel_20261007_123855,5.937,1791344362.413388,134,1791344362.395607,camera_color_optical_frame,0,0.0000,0.0000,0.00000,0.013,1,SEARCHING,predicted,-10.541,0.000,deg/s,joint_states,-29.448,0.000,-10.677,0.000,0.793,-0.550,0.000,0.175,-0.000,-34.718,-0.000,0.160,pan_sim
assignment_B_cancel_20261007_123855,5.957,1791344362.432853,135,1791344362.428596,camera_color_optical_frame,0,0.0000,0.0000,0.00000,0.002,1,SEARCHING,predicted,-10.386,0.000,deg/s,joint_states,-29.669,0.000,-10.541,0.000,0.793,-0.552,0.000,0.172,-0.000,-34.862,-0.000,0.180,pan_sim
assignment_B_cancel_20261007_123855,5.977,1791344362.453508,135,1791344362.428596,camera_color_optical_frame,0,0.0000,0.0000,0.00000,0.022,1,SEARCHING,predicted,-10.274,0.000,deg/s,joint_states,-29.866,0.000,-10.386,0.000,0.793,-0.555,0.000,0.170,-0.000,-35.003,-0.000,0.200,pan_sim
assignment_B_cancel_20261007_123855,5.996,1791344362.471730,136,1791344362.461939,camera_color_optical_frame,0,0.0000,0.0000,0.00000,0.008,1,SEARCHING,predicted,-10.112,0.000,deg/s,joint_states,-30.084,0.000,-10.274,0.000,0.792,-0.558,0.000,0.167,-0.000,-35.140,-0.000,0.220,pan_sim
assignment_B_cancel_20261007_123855,6.016,1791344362.491803,136,1791344362.461939,camera_color_optical_frame,0,0.0000,0.0000,0.00000,0.028,1,SEARCHING,predicted,-10.020,0.000,deg/s,joint_states,-30.272,0.000,-10.112,0.000,0.792,-0.561,0.000,0.166,-0.000,-35.282,-0.000,0.240,pan_sim
assignment_B_cancel_20261007_123855,6.037,1791344362.513478,137,1791344362.495394,camera_color_optical_frame,0,0.0000,0.0000,0.00000,0.014,1,SEARCHING,predicted,-9.909,0.000,deg/s,joint_states,-30.473,0.000,-10.020,0.000,0.792,-0.563,0.000,0.164,-0.000,-35.427,-0.000,0.260,pan_sim
assignment_B_cancel_20261007_123855,6.056,1791344362.532278,138,1791344362.528633,camera_color_optical_frame,0,0.0000,0.0000,0.00000,0.001,1,SEARCHING,predicted,-9.766,0.000,deg/s,joint_states,-30.683,0.000,-9.909,0.000,0.792,-0.566,0.000,0.162,-0.000,-35.566,-0.000,0.280,pan_sim
assignment_B_cancel_20261007_123855,6.076,1791344362.551764,138,1791344362.528633,camera_color_optical_frame,0,0.0000,0.0000,0.00000,0.021,1,SEARCHING,predicted,-9.676,0.000,deg/s,joint_states,-30.866,0.000,-9.766,0.000,0.792,-0.569,0.000,0.160,-0.000,-35.704,-0.000,0.300,pan_sim
assignment_B_cancel_20261007_123855,6.096,1791344362.572247,139,1791344362.561895,camera_color_optical_frame,0,0.0000,0.0000,0.00000,0.007,1,SEARCHING,predicted,-9.556,0.000,deg/s,joint_states,-31.066,0.000,-9.676,0.000,0.791,-0.572,0.000,0.158,-0.000,-35.844,-0.000,0.320,pan_sim
assignment_B_cancel_20261007_123855,6.116,1791344362.592302,139,1791344362.561895,camera_color_optical_frame,0,0.0000,0.0000,0.00000,0.027,1,SEARCHING,predicted,-9.443,0.000,deg/s,joint_states,-31.263,0.000,-9.556,0.000,0.791,-0.574,0.000,0.156,-0.000,-35.984,-0.000,0.340,pan_sim
assignment_B_cancel_20261007_123855,6.137,1791344362.613459,140,1791344362.595600,camera_color_optical_frame,0,0.0000,0.0000,0.00000,0.013,1,SEARCHING,predicted,-9.369,0.000,deg/s,joint_states,-31.442,0.000,-9.443,0.000,0.791,-0.577,0.000,0.155,-0.000,-36.126,-0.000,0.360,pan_sim
assignment_B_cancel_20261007_123855,6.157,1791344362.632846,140,1791344362.595600,camera_color_optical_frame,0,0.0000,0.0000,0.00000,0.033,1,SEARCHING,predicted,-9.248,0.000,deg/s,joint_states,-31.642,0.000,-9.369,0.000,0.791,-0.580,0.000,0.153,-0.000,-36.266,-0.000,0.381,pan_sim
assignment_B_cancel_20261007_123855,6.176,1791344362.651744,141,1791344362.628721,camera_color_optical_frame,0,0.0000,0.0000,0.00000,0.017,1,SEARCHING,predicted,-9.167,0.000,deg/s,joint_states,-31.815,0.000,-9.248,0.000,0.790,-0.583,0.000,0.152,-0.000,-36.398,-0.000,0.400,pan_sim
assignment_B_cancel_20261007_123855,6.196,1791344362.671926,142,1791344362.661954,camera_color_optical_frame,0,0.0000,0.0000,0.00000,0.008,1,SEARCHING,predicted,-9.073,0.000,deg/s,joint_states,-31.999,0.000,-9.167,0.000,0.790,-0.586,0.000,0.150,-0.000,-36.536,-0.000,0.420,pan_sim
assignment_B_cancel_20261007_123855,6.216,1791344362.692400,142,1791344362.661954,camera_color_optical_frame,0,0.0000,0.0000,0.00000,0.028,1,SEARCHING,predicted,-8.991,0.000,deg/s,joint_states,-32.180,0.000,-9.073,0.000,0.790,-0.588,0.000,0.149,-0.000,-36.675,-0.000,0.440,pan_sim
assignment_B_cancel_20261007_123855,6.236,1791344362.711737,143,1791344362.695619,camera_color_optical_frame,0,0.0000,0.0000,0.00000,0.012,1,SEARCHING,predicted,-8.896,0.000,deg/s,joint_states,-32.362,0.000,-8.991,0.000,0.790,-0.591,0.000,0.147,-0.000,-36.810,-0.000,0.460,pan_sim
assignment_B_cancel_20261007_123855,6.259,1791344362.734259,144,1791344362.729004,camera_color_optical_frame,0,0.0000,0.0000,0.00000,0.002,1,SEARCHING,predicted,-8.843,0.000,deg/s,joint_states,-32.542,0.000,-8.896,0.000,0.790,-0.594,0.000,0.146,-0.000,-36.963,-0.000,0.482,pan_sim
assignment_B_cancel_20261007_123855,6.277,1791344362.752988,144,1791344362.729004,camera_color_optical_frame,0,0.0000,0.0000,0.00000,0.020,1,SEARCHING,predicted,-8.732,0.000,deg/s,joint_states,-32.720,0.000,-8.843,0.000,0.789,-0.597,0.000,0.145,-0.000,-37.086,-0.000,0.500,pan_sim
assignment_B_cancel_20261007_123855,6.296,1791344362.772999,145,1791344362.761952,camera_color_optical_frame,0,0.0000,0.0000,0.00000,0.008,1,IDLE,disabled,0.000,0.000,deg/s,joint_states,-32.897,0.000,-8.732,0.000,,,,,,,,,pan_sim
assignment_B_cancel_20261007_123855,6.317,1791344362.792383,145,1791344362.761952,camera_color_optical_frame,0,0.0000,0.0000,0.00000,0.028,1,IDLE,disabled,0.000,0.000,deg/s,joint_states,-32.897,0.000,0.000,0.000,,,,,,,,,pan_sim
assignment_B_cancel_20261007_123855,6.337,1791344362.812513,146,1791344362.796076,camera_color_optical_frame,0,0.0000,0.0000,0.00000,0.012,1,IDLE,disabled,0.000,0.000,deg/s,joint_states,-32.897,0.000,0.000,0.000,,,,,,,,,pan_sim
assignment_B_cancel_20261007_123855,6.356,1791344362.831847,147,1791344362.828615,camera_color_optical_frame,0,0.0000,0.0000,0.00000,0.001,1,IDLE,disabled,0.000,0.000,deg/s,joint_states,-32.897,0.000,0.000,0.000,,,,,,,,,pan_sim
assignment_B_cancel_20261007_123855,6.376,1791344362.851555,147,1791344362.828615,camera_color_optical_frame,0,0.0000,0.0000,0.00000,0.021,1,IDLE,disabled,0.000,0.000,deg/s,joint_states,-32.897,0.000,0.000,0.000,,,,,,,,,pan_sim
assignment_B_cancel_20261007_123855,6.396,1791344362.871512,148,1791344362.861950,camera_color_optical_frame,0,0.0000,0.0000,0.00000,0.008,1,IDLE,disabled,0.000,0.000,deg/s,joint_states,-32.897,0.000,0.000,0.000,,,,,,,,,pan_sim
assignment_B_cancel_20261007_123855,6.416,1791344362.891762,148,1791344362.861950,camera_color_optical_frame,0,0.0000,0.0000,0.00000,0.028,1,IDLE,disabled,0.000,0.000,deg/s,joint_states,-32.897,0.000,0.000,0.000,,,,,,,,,pan_sim
assignment_B_cancel_20261007_123855,6.436,1791344362.911745,149,1791344362.895589,camera_color_optical_frame,0,0.0000,0.0000,0.00000,0.012,1,IDLE,disabled,0.000,0.000,deg/s,joint_states,-32.897,0.000,0.000,0.000,,,,,,,,,pan_sim
assignment_B_cancel_20261007_123855,6.459,1791344362.934246,150,1791344362.929056,camera_color_optical_frame,0,0.0000,0.0000,0.00000,0.002,1,IDLE,disabled,0.000,0.000,deg/s,joint_states,-32.897,0.000,0.000,0.000,,,,,,,,,pan_sim
assignment_B_cancel_20261007_123855,6.477,1791344362.952795,150,1791344362.929056,camera_color_optical_frame,0,0.0000,0.0000,0.00000,0.020,1,IDLE,disabled,0.000,0.000,deg/s,joint_states,-32.897,0.000,0.000,0.000,,,,,,,,,pan_sim
assignment_B_cancel_20261007_123855,6.496,1791344362.971424,151,1791344362.961989,camera_color_optical_frame,0,0.0000,0.0000,0.00000,0.007,1,IDLE,disabled,0.000,0.000,deg/s,joint_states,-32.897,0.000,0.000,0.000,,,,,,,,,pan_sim
assignment_B_cancel_20261007_123855,6.516,1791344362.991543,151,1791344362.961989,camera_color_optical_frame,0,0.0000,0.0000,0.00000,0.027,1,IDLE,disabled,0.000,0.000,deg/s,joint_states,-32.897,0.000,0.000,0.000,,,,,,,,,pan_sim
assignment_B_cancel_20261007_123855,6.537,1791344363.012736,152,1791344362.995433,camera_color_optical_frame,0,0.0000,0.0000,0.00000,0.014,1,IDLE,disabled,0.000,0.000,deg/s,joint_states,-32.897,0.000,0.000,0.000,,,,,,,,,pan_sim
assignment_B_cancel_20261007_123855,6.558,1791344363.033748,153,1791344363.029173,camera_color_optical_frame,0,0.0000,0.0000,0.00000,0.002,1,IDLE,disabled,0.000,0.000,deg/s,joint_states,-32.897,0.000,0.000,0.000,,,,,,,,,pan_sim
assignment_B_cancel_20261007_123855,6.577,1791344363.052753,153,1791344363.029173,camera_color_optical_frame,0,0.0000,0.0000,0.00000,0.020,1,IDLE,disabled,0.000,0.000,deg/s,joint_states,-32.897,0.000,0.000,0.000,,,,,,,,,pan_sim
assignment_B_cancel_20261007_123855,6.596,1791344363.071517,154,1791344363.061944,camera_color_optical_frame,0,0.0000,0.0000,0.00000,0.008,1,IDLE,disabled,0.000,0.000,deg/s,joint_states,-32.897,0.000,0.000,0.000,,,,,,,,,pan_sim
assignment_B_cancel_20261007_123855,6.616,1791344363.091846,154,1791344363.061944,camera_color_optical_frame,0,0.0000,0.0000,0.00000,0.028,1,IDLE,disabled,0.000,0.000,deg/s,joint_states,-32.897,0.000,0.000,0.000,,,,,,,,,pan_sim
assignment_B_cancel_20261007_123855,6.637,1791344363.112487,155,1791344363.095557,camera_color_optical_frame,0,0.0000,0.0000,0.00000,0.013,1,IDLE,disabled,0.000,0.000,deg/s,joint_states,-32.897,0.000,0.000,0.000,,,,,,,,,pan_sim
assignment_B_cancel_20261007_123855,6.657,1791344363.132987,155,1791344363.095557,camera_color_optical_frame,0,0.0000,0.0000,0.00000,0.033,1,IDLE,disabled,0.000,0.000,deg/s,joint_states,-32.897,0.000,0.000,0.000,,,,,,,,,pan_sim
assignment_B_cancel_20261007_123855,6.676,1791344363.151468,156,1791344363.129193,camera_color_optical_frame,0,0.0000,0.0000,0.00000,0.017,1,IDLE,disabled,0.000,0.000,deg/s,joint_states,-32.897,0.000,0.000,0.000,,,,,,,,,pan_sim
assignment_B_cancel_20261007_123855,6.696,1791344363.171565,157,1791344363.161915,camera_color_optical_frame,0,0.0000,0.0000,0.00000,0.007,1,IDLE,disabled,0.000,0.000,deg/s,joint_states,-32.897,0.000,0.000,0.000,,,,,,,,,pan_sim
assignment_B_cancel_20261007_123855,6.717,1791344363.192969,157,1791344363.161915,camera_color_optical_frame,0,0.0000,0.0000,0.00000,0.028,1,IDLE,disabled,0.000,0.000,deg/s,joint_states,-32.897,0.000,0.000,0.000,,,,,,,,,pan_sim
assignment_B_cancel_20261007_123855,6.737,1791344363.212729,158,1791344363.195655,camera_color_optical_frame,0,0.0000,0.0000,0.00000,0.015,1,IDLE,disabled,0.000,0.000,deg/s,joint_states,-32.897,0.000,0.000,0.000,,,,,,,,,pan_sim
assignment_B_cancel_20261007_123855,6.758,1791344363.233784,159,1791344363.228592,camera_color_optical_frame,0,0.0000,0.0000,0.00000,0.003,1,IDLE,disabled,0.000,0.000,deg/s,joint_states,-32.897,0.000,0.000,0.000,,,,,,,,,pan_sim
assignment_B_cancel_20261007_123855,6.776,1791344363.251493,159,1791344363.228592,camera_color_optical_frame,0,0.0000,0.0000,0.00000,0.021,1,IDLE,disabled,0.000,0.000,deg/s,joint_states,-32.897,0.000,0.000,0.000,,,,,,,,,pan_sim
assignment_B_cancel_20261007_123855,6.796,1791344363.271520,160,1791344363.262471,camera_color_optical_frame,0,0.0000,0.0000,0.00000,0.006,1,IDLE,disabled,0.000,0.000,deg/s,joint_states,-32.897,0.000,0.000,0.000,,,,,,,,,pan_sim
assignment_B_cancel_20261007_123855,6.816,1791344363.291812,160,1791344363.262471,camera_color_optical_frame,0,0.0000,0.0000,0.00000,0.026,1,IDLE,disabled,0.000,0.000,deg/s,joint_states,-32.897,0.000,0.000,0.000,,,,,,,,,pan_sim
assignment_B_cancel_20261007_123855,6.836,1791344363.311733,161,1791344363.296186,camera_color_optical_frame,0,0.0000,0.0000,0.00000,0.013,1,IDLE,disabled,0.000,0.000,deg/s,joint_states,-32.897,0.000,0.000,0.000,,,,,,,,,pan_sim
assignment_B_cancel_20261007_123855,6.858,1791344363.333183,162,1791344363.328786,camera_color_optical_frame,0,0.0000,0.0000,0.00000,0.002,1,IDLE,disabled,0.000,0.000,deg/s,joint_states,-32.897,0.000,0.000,0.000,,,,,,,,,pan_sim
assignment_B_cancel_20261007_123855,6.876,1791344363.351487,162,1791344363.328786,camera_color_optical_frame,0,0.0000,0.0000,0.00000,0.020,1,IDLE,disabled,0.000,0.000,deg/s,joint_states,-32.897,0.000,0.000,0.000,,,,,,,,,pan_sim
assignment_B_cancel_20261007_123855,6.896,1791344363.371554,163,1791344363.361916,camera_color_optical_frame,0,0.0000,0.0000,0.00000,0.008,1,IDLE,disabled,0.000,0.000,deg/s,joint_states,-32.897,0.000,0.000,0.000,,,,,,,,,pan_sim
assignment_B_cancel_20261007_123855,6.916,1791344363.392018,163,1791344363.361916,camera_color_optical_frame,0,0.0000,0.0000,0.00000,0.028,1,IDLE,disabled,0.000,0.000,deg/s,joint_states,-32.897,0.000,0.000,0.000,,,,,,,,,pan_sim
assignment_B_cancel_20261007_123855,6.936,1791344363.411571,164,1791344363.395587,camera_color_optical_frame,0,0.0000,0.0000,0.00000,0.014,1,IDLE,disabled,0.000,0.000,deg/s,joint_states,-32.897,0.000,0.000,0.000,,,,,,,,,pan_sim
assignment_B_cancel_20261007_123855,6.960,1791344363.435541,165,1791344363.429054,camera_color_optical_frame,0,0.0000,0.0000,0.00000,0.003,1,IDLE,disabled,0.000,0.000,deg/s,joint_states,-32.897,0.000,0.000,0.000,,,,,,,,,pan_sim
assignment_B_cancel_20261007_123855,6.977,1791344363.452781,165,1791344363.429054,camera_color_optical_frame,0,0.0000,0.0000,0.00000,0.020,1,IDLE,disabled,0.000,0.000,deg/s,joint_states,-32.897,0.000,0.000,0.000,,,,,,,,,pan_sim
assignment_B_cancel_20261007_123855,6.996,1791344363.471421,166,1791344363.461955,camera_color_optical_frame,0,0.0000,0.0000,0.00000,0.008,1,IDLE,disabled,0.000,0.000,deg/s,joint_states,-32.897,0.000,0.000,0.000,,,,,,,,,pan_sim
assignment_B_cancel_20261007_123855,7.017,1791344363.492810,166,1791344363.461955,camera_color_optical_frame,0,0.0000,0.0000,0.00000,0.029,1,IDLE,disabled,0.000,0.000,deg/s,joint_states,-32.897,0.000,0.000,0.000,,,,,,,,,pan_sim
assignment_B_cancel_20261007_123855,7.036,1791344363.511475,167,1791344363.495899,camera_color_optical_frame,0,0.0000,0.0000,0.00000,0.013,1,IDLE,disabled,0.000,0.000,deg/s,joint_states,-32.897,0.000,0.000,0.000,,,,,,,,,pan_sim
assignment_B_cancel_20261007_123855,7.059,1791344363.534004,168,1791344363.528999,camera_color_optical_frame,0,0.0000,0.0000,0.00000,0.002,1,IDLE,disabled,0.000,0.000,deg/s,joint_states,-32.897,0.000,0.000,0.000,,,,,,,,,pan_sim
assignment_B_cancel_20261007_123855,7.076,1791344363.551499,168,1791344363.528999,camera_color_optical_frame,0,0.0000,0.0000,0.00000,0.020,1,IDLE,disabled,0.000,0.000,deg/s,joint_states,-32.897,0.000,0.000,0.000,,,,,,,,,pan_sim
assignment_B_cancel_20261007_123855,7.097,1791344363.572673,169,1791344363.561933,camera_color_optical_frame,0,0.0000,0.0000,0.00000,0.008,1,IDLE,disabled,0.000,0.000,deg/s,joint_states,-32.897,0.000,0.000,0.000,,,,,,,,,pan_sim
assignment_B_cancel_20261007_123855,7.116,1791344363.591455,169,1791344363.561933,camera_color_optical_frame,0,0.0000,0.0000,0.00000,0.028,1,IDLE,disabled,0.000,0.000,deg/s,joint_states,-32.897,0.000,0.000,0.000,,,,,,,,,pan_sim
assignment_B_cancel_20261007_123855,7.136,1791344363.611492,170,1791344363.595387,camera_color_optical_frame,0,0.0000,0.0000,0.00000,0.013,1,IDLE,disabled,0.000,0.000,deg/s,joint_states,-32.897,0.000,0.000,0.000,,,,,,,,,pan_sim
assignment_B_cancel_20261007_123855,7.159,1791344363.634457,171,1791344363.629144,camera_color_optical_frame,0,0.0000,0.0000,0.00000,0.002,1,IDLE,disabled,0.000,0.000,deg/s,joint_states,-32.897,0.000,0.000,0.000,,,,,,,,,pan_sim
assignment_B_cancel_20261007_123855,7.177,1791344363.652632,171,1791344363.629144,camera_color_optical_frame,0,0.0000,0.0000,0.00000,0.020,1,IDLE,disabled,0.000,0.000,deg/s,joint_states,-32.897,0.000,0.000,0.000,,,,,,,,,pan_sim
assignment_B_cancel_20261007_123855,7.196,1791344363.671596,172,1791344363.661954,camera_color_optical_frame,0,0.0000,0.0000,0.00000,0.008,1,IDLE,disabled,0.000,0.000,deg/s,joint_states,-32.897,0.000,0.000,0.000,,,,,,,,,pan_sim
assignment_B_cancel_20261007_123855,7.217,1791344363.692507,172,1791344363.661954,camera_color_optical_frame,0,0.0000,0.0000,0.00000,0.028,1,IDLE,disabled,0.000,0.000,deg/s,joint_states,-32.897,0.000,0.000,0.000,,,,,,,,,pan_sim
assignment_B_cancel_20261007_123855,7.237,1791344363.712562,173,1791344363.695698,camera_color_optical_frame,0,0.0000,0.0000,0.00000,0.013,1,IDLE,disabled,0.000,0.000,deg/s,joint_states,-32.897,0.000,0.000,0.000,,,,,,,,,pan_sim
assignment_B_cancel_20261007_123855,7.257,1791344363.732390,173,1791344363.695698,camera_color_optical_frame,0,0.0000,0.0000,0.00000,0.033,1,IDLE,disabled,0.000,0.000,deg/s,joint_states,-32.897,0.000,0.000,0.000,,,,,,,,,pan_sim
assignment_B_cancel_20261007_123855,7.277,1791344363.752530,174,1791344363.729048,camera_color_optical_frame,0,0.0000,0.0000,0.00000,0.018,1,IDLE,disabled,0.000,0.000,deg/s,joint_states,-32.897,0.000,0.000,0.000,,,,,,,,,pan_sim
assignment_B_cancel_20261007_123855,7.296,1791344363.771543,175,1791344363.761910,camera_color_optical_frame,0,0.0000,0.0000,0.00000,0.006,1,IDLE,disabled,0.000,0.000,deg/s,joint_states,-32.897,0.000,0.000,0.000,,,,,,,,,pan_sim
assignment_B_cancel_20261007_123855,7.317,1791344363.793339,175,1791344363.761910,camera_color_optical_frame,0,0.0000,0.0000,0.00000,0.027,1,IDLE,disabled,0.000,0.000,deg/s,joint_states,-32.897,0.000,0.000,0.000,,,,,,,,,pan_sim
assignment_B_cancel_20261007_123855,7.336,1791344363.812066,176,1791344363.795927,camera_color_optical_frame,0,0.0000,0.0000,0.00000,0.013,1,IDLE,disabled,0.000,0.000,deg/s,joint_states,-32.897,0.000,0.000,0.000,,,,,,,,,pan_sim
assignment_B_cancel_20261007_123855,7.357,1791344363.833285,177,1791344363.828608,camera_color_optical_frame,0,0.0000,0.0000,0.00000,0.002,1,IDLE,disabled,0.000,0.000,deg/s,joint_states,-32.897,0.000,0.000,0.000,,,,,,,,,pan_sim
assignment_B_cancel_20261007_123855,7.376,1791344363.851854,177,1791344363.828608,camera_color_optical_frame,0,0.0000,0.0000,0.00000,0.021,1,IDLE,disabled,0.000,0.000,deg/s,joint_states,-32.897,0.000,0.000,0.000,,,,,,,,,pan_sim
assignment_B_cancel_20261007_123855,7.396,1791344363.871575,178,1791344363.861949,camera_color_optical_frame,0,0.0000,0.0000,0.00000,0.008,1,IDLE,disabled,0.000,0.000,deg/s,joint_states,-32.897,0.000,0.000,0.000,,,,,,,,,pan_sim
assignment_B_cancel_20261007_123855,7.417,1791344363.892536,178,1791344363.861949,camera_color_optical_frame,0,0.0000,0.0000,0.00000,0.028,1,IDLE,disabled,0.000,0.000,deg/s,joint_states,-32.897,0.000,0.000,0.000,,,,,,,,,pan_sim
assignment_B_cancel_20261007_123855,7.437,1791344363.912434,179,1791344363.895653,camera_color_optical_frame,0,0.0000,0.0000,0.00000,0.013,1,IDLE,disabled,0.000,0.000,deg/s,joint_states,-32.897,0.000,0.000,0.000,,,,,,,,,pan_sim
assignment_B_cancel_20261007_123855,7.460,1791344363.935569,180,1791344363.929064,camera_color_optical_frame,0,0.0000,0.0000,0.00000,0.003,1,IDLE,disabled,0.000,0.000,deg/s,joint_states,-32.897,0.000,0.000,0.000,,,,,,,,,pan_sim
assignment_B_cancel_20261007_123855,7.476,1791344363.951699,180,1791344363.929064,camera_color_optical_frame,0,0.0000,0.0000,0.00000,0.020,1,IDLE,disabled,0.000,0.000,deg/s,joint_states,-32.897,0.000,0.000,0.000,,,,,,,,,pan_sim
assignment_B_cancel_20261007_123855,7.496,1791344363.971477,181,1791344363.961899,camera_color_optical_frame,0,0.0000,0.0000,0.00000,0.006,1,IDLE,disabled,0.000,0.000,deg/s,joint_states,-32.897,0.000,0.000,0.000,,,,,,,,,pan_sim
assignment_B_cancel_20261007_123855,7.517,1791344363.992758,181,1791344363.961899,camera_color_optical_frame,0,0.0000,0.0000,0.00000,0.027,1,IDLE,disabled,0.000,0.000,deg/s,joint_states,-32.897,0.000,0.000,0.000,,,,,,,,,pan_sim
assignment_B_cancel_20261007_123855,7.536,1791344364.011945,182,1791344363.995852,camera_color_optical_frame,0,0.0000,0.0000,0.00000,0.013,1,IDLE,disabled,0.000,0.000,deg/s,joint_states,-32.897,0.000,0.000,0.000,,,,,,,,,pan_sim
assignment_B_cancel_20261007_123855,7.556,1791344364.031858,183,1791344364.028628,camera_color_optical_frame,0,0.0000,0.0000,0.00000,0.001,1,IDLE,disabled,0.000,0.000,deg/s,joint_states,-32.897,0.000,0.000,0.000,,,,,,,,,pan_sim
assignment_B_cancel_20261007_123855,7.576,1791344364.051644,183,1791344364.028628,camera_color_optical_frame,0,0.0000,0.0000,0.00000,0.021,1,IDLE,disabled,0.000,0.000,deg/s,joint_states,-32.897,0.000,0.000,0.000,,,,,,,,,pan_sim
assignment_B_cancel_20261007_123855,7.596,1791344364.071573,184,1791344364.061892,camera_color_optical_frame,0,0.0000,0.0000,0.00000,0.008,1,IDLE,disabled,0.000,0.000,deg/s,joint_states,-32.897,0.000,0.000,0.000,,,,,,,,,pan_sim
assignment_B_cancel_20261007_123855,7.617,1791344364.092819,184,1791344364.061892,camera_color_optical_frame,0,0.0000,0.0000,0.00000,0.028,1,IDLE,disabled,0.000,0.000,deg/s,joint_states,-32.897,0.000,0.000,0.000,,,,,,,,,pan_sim
assignment_B_cancel_20261007_123855,7.637,1791344364.112719,185,1791344364.096005,camera_color_optical_frame,0,0.0000,0.0000,0.00000,0.013,1,IDLE,disabled,0.000,0.000,deg/s,joint_states,-32.897,0.000,0.000,0.000,,,,,,,,,pan_sim
assignment_B_cancel_20261007_123855,7.656,1791344364.131804,185,1791344364.096005,camera_color_optical_frame,0,0.0000,0.0000,0.00000,0.032,1,IDLE,disabled,0.000,0.000,deg/s,joint_states,-32.897,0.000,0.000,0.000,,,,,,,,,pan_sim
assignment_B_cancel_20261007_123855,7.676,1791344364.151629,186,1791344364.128642,camera_color_optical_frame,0,0.0000,0.0000,0.00000,0.018,1,IDLE,disabled,0.000,0.000,deg/s,joint_states,-32.897,0.000,0.000,0.000,,,,,,,,,pan_sim
assignment_B_cancel_20261007_123855,7.696,1791344364.171458,187,1791344364.161943,camera_color_optical_frame,0,0.0000,0.0000,0.00000,0.007,1,IDLE,disabled,0.000,0.000,deg/s,joint_states,-32.897,0.000,0.000,0.000,,,,,,,,,pan_sim
assignment_B_cancel_20261007_123855,7.716,1791344364.191720,187,1791344364.161943,camera_color_optical_frame,0,0.0000,0.0000,0.00000,0.027,1,IDLE,disabled,0.000,0.000,deg/s,joint_states,-32.897,0.000,0.000,0.000,,,,,,,,,pan_sim
assignment_B_cancel_20261007_123855,7.737,1791344364.212734,188,1791344364.195694,camera_color_optical_frame,0,0.0000,0.0000,0.00000,0.014,1,IDLE,disabled,0.000,0.000,deg/s,joint_states,-32.897,0.000,0.000,0.000,,,,,,,,,pan_sim
assignment_B_cancel_20261007_123855,7.758,1791344364.233816,189,1791344364.228633,camera_color_optical_frame,0,0.0000,0.0000,0.00000,0.003,1,IDLE,disabled,0.000,0.000,deg/s,joint_states,-32.897,0.000,0.000,0.000,,,,,,,,,pan_sim
assignment_B_cancel_20261007_123855,7.776,1791344364.251500,189,1791344364.228633,camera_color_optical_frame,0,0.0000,0.0000,0.00000,0.021,1,IDLE,disabled,0.000,0.000,deg/s,joint_states,-32.897,0.000,0.000,0.000,,,,,,,,,pan_sim
assignment_B_cancel_20261007_123855,7.796,1791344364.271465,190,1791344364.261933,camera_color_optical_frame,0,0.0000,0.0000,0.00000,0.008,1,IDLE,disabled,0.000,0.000,deg/s,joint_states,-32.897,0.000,0.000,0.000,,,,,,,,,pan_sim
assignment_B_cancel_20261007_123855,7.817,1791344364.292600,190,1791344364.261933,camera_color_optical_frame,0,0.0000,0.0000,0.00000,0.028,1,IDLE,disabled,0.000,0.000,deg/s,joint_states,-32.897,0.000,0.000,0.000,,,,,,,,,pan_sim
assignment_B_cancel_20261007_123855,7.836,1791344364.312230,191,1791344364.295670,camera_color_optical_frame,0,0.0000,0.0000,0.00000,0.013,1,IDLE,disabled,0.000,0.000,deg/s,joint_states,-32.897,0.000,0.000,0.000,,,,,,,,,pan_sim
assignment_B_cancel_20261007_123855,7.859,1791344364.334000,192,1791344364.329016,camera_color_optical_frame,0,0.0000,0.0000,0.00000,0.002,1,IDLE,disabled,0.000,0.000,deg/s,joint_states,-32.897,0.000,0.000,0.000,,,,,,,,,pan_sim
assignment_B_cancel_20261007_123855,7.877,1791344364.352775,192,1791344364.329016,camera_color_optical_frame,0,0.0000,0.0000,0.00000,0.020,1,IDLE,disabled,0.000,0.000,deg/s,joint_states,-32.897,0.000,0.000,0.000,,,,,,,,,pan_sim
assignment_B_cancel_20261007_123855,7.896,1791344364.371451,193,1791344364.361900,camera_color_optical_frame,0,0.0000,0.0000,0.00000,0.007,1,IDLE,disabled,0.000,0.000,deg/s,joint_states,-32.897,0.000,0.000,0.000,,,,,,,,,pan_sim
assignment_B_cancel_20261007_123855,7.916,1791344364.391752,193,1791344364.361900,camera_color_optical_frame,0,0.0000,0.0000,0.00000,0.027,1,IDLE,disabled,0.000,0.000,deg/s,joint_states,-32.897,0.000,0.000,0.000,,,,,,,,,pan_sim
assignment_B_cancel_20261007_123855,7.937,1791344364.412710,194,1791344364.395530,camera_color_optical_frame,0,0.0000,0.0000,0.00000,0.014,1,IDLE,disabled,0.000,0.000,deg/s,joint_states,-32.897,0.000,0.000,0.000,,,,,,,,,pan_sim
assignment_B_cancel_20261007_123855,7.960,1791344364.435981,195,1791344364.429014,camera_color_optical_frame,0,0.0000,0.0000,0.00000,0.003,1,IDLE,disabled,0.000,0.000,deg/s,joint_states,-32.897,0.000,0.000,0.000,,,,,,,,,pan_sim
assignment_B_cancel_20261007_123855,7.977,1791344364.452752,195,1791344364.429014,camera_color_optical_frame,0,0.0000,0.0000,0.00000,0.020,1,IDLE,disabled,0.000,0.000,deg/s,joint_states,-32.897,0.000,0.000,0.000,,,,,,,,,pan_sim
assignment_B_cancel_20261007_123855,7.996,1791344364.471519,196,1791344364.461925,camera_color_optical_frame,0,0.0000,0.0000,0.00000,0.008,1,IDLE,disabled,0.000,0.000,deg/s,joint_states,-32.897,0.000,0.000,0.000,,,,,,,,,pan_sim
assignment_B_cancel_20261007_123855,8.017,1791344364.492598,196,1791344364.461925,camera_color_optical_frame,0,0.0000,0.0000,0.00000,0.028,1,IDLE,disabled,0.000,0.000,deg/s,joint_states,-32.897,0.000,0.000,0.000,,,,,,,,,pan_sim
assignment_B_cancel_20261007_123855,8.037,1791344364.512731,197,1791344364.496033,camera_color_optical_frame,0,0.0000,0.0000,0.00000,0.014,1,IDLE,disabled,0.000,0.000,deg/s,joint_states,-32.897,0.000,0.000,0.000,,,,,,,,,pan_sim
assignment_B_cancel_20261007_123855,8.057,1791344364.533022,197,1791344364.496033,camera_color_optical_frame,0,0.0000,0.0000,0.00000,0.034,1,IDLE,disabled,0.000,0.000,deg/s,joint_states,-32.897,0.000,0.000,0.000,,,,,,,,,pan_sim
assignment_B_cancel_20261007_123855,8.076,1791344364.552246,198,1791344364.529191,camera_color_optical_frame,0,0.0000,0.0000,0.00000,0.018,1,IDLE,disabled,0.000,0.000,deg/s,joint_states,-32.897,0.000,0.000,0.000,,,,,,,,,pan_sim
assignment_B_cancel_20261007_123855,8.096,1791344364.571435,199,1791344364.561906,camera_color_optical_frame,0,0.0000,0.0000,0.00000,0.006,1,IDLE,disabled,0.000,0.000,deg/s,joint_states,-32.897,0.000,0.000,0.000,,,,,,,,,pan_sim
assignment_B_cancel_20261007_123855,8.116,1791344364.592060,199,1791344364.561906,camera_color_optical_frame,0,0.0000,0.0000,0.00000,0.027,1,IDLE,disabled,0.000,0.000,deg/s,joint_states,-32.897,0.000,0.000,0.000,,,,,,,,,pan_sim
assignment_B_cancel_20261007_123855,8.137,1791344364.612731,200,1791344364.595595,camera_color_optical_frame,0,0.0000,0.0000,0.00000,0.015,1,IDLE,disabled,0.000,0.000,deg/s,joint_states,-32.897,0.000,0.000,0.000,,,,,,,,,pan_sim
assignment_B_cancel_20261007_123855,8.157,1791344364.632495,201,1791344364.628806,camera_color_optical_frame,0,0.0000,0.0000,0.00000,0.002,1,IDLE,disabled,0.000,0.000,deg/s,joint_states,-32.897,0.000,0.000,0.000,,,,,,,,,pan_sim
assignment_B_cancel_20261007_123855,8.177,1791344364.652547,201,1791344364.628806,camera_color_optical_frame,0,0.0000,0.0000,0.00000,0.021,1,IDLE,disabled,0.000,0.000,deg/s,joint_states,-32.897,0.000,0.000,0.000,,,,,,,,,pan_sim
assignment_B_cancel_20261007_123855,8.196,1791344364.671486,202,1791344364.661942,camera_color_optical_frame,0,0.0000,0.0000,0.00000,0.008,1,IDLE,disabled,0.000,0.000,deg/s,joint_states,-32.897,0.000,0.000,0.000,,,,,,,,,pan_sim
assignment_B_cancel_20261007_123855,8.216,1791344364.691872,202,1791344364.661942,camera_color_optical_frame,0,0.0000,0.0000,0.00000,0.028,1,IDLE,disabled,0.000,0.000,deg/s,joint_states,-32.897,0.000,0.000,0.000,,,,,,,,,pan_sim
assignment_B_cancel_20261007_123855,8.236,1791344364.711586,203,1791344364.695578,camera_color_optical_frame,0,0.0000,0.0000,0.00000,0.013,1,IDLE,disabled,0.000,0.000,deg/s,joint_states,-32.897,0.000,0.000,0.000,,,,,,,,,pan_sim
assignment_B_cancel_20261007_123855,8.258,1791344364.733795,204,1791344364.728627,camera_color_optical_frame,0,0.0000,0.0000,0.00000,0.003,1,IDLE,disabled,0.000,0.000,deg/s,joint_states,-32.897,0.000,0.000,0.000,,,,,,,,,pan_sim
assignment_B_cancel_20261007_123855,8.277,1791344364.752095,204,1791344364.728627,camera_color_optical_frame,0,0.0000,0.0000,0.00000,0.022,1,IDLE,disabled,0.000,0.000,deg/s,joint_states,-32.897,0.000,0.000,0.000,,,,,,,,,pan_sim
assignment_B_cancel_20261007_123855,8.296,1791344364.771435,205,1791344364.762181,camera_color_optical_frame,0,0.0000,0.0000,0.00000,0.007,1,IDLE,disabled,0.000,0.000,deg/s,joint_states,-32.897,0.000,0.000,0.000,,,,,,,,,pan_sim
assignment_B_cancel_20261007_123855,8.317,1791344364.792258,205,1791344364.762181,camera_color_optical_frame,0,0.0000,0.0000,0.00000,0.028,1,IDLE,disabled,0.000,0.000,deg/s,joint_states,-32.897,0.000,0.000,0.000,,,,,,,,,pan_sim
assignment_B_cancel_20261007_123855,8.337,1791344364.812253,206,1791344364.795534,camera_color_optical_frame,0,0.0000,0.0000,0.00000,0.014,1,IDLE,disabled,0.000,0.000,deg/s,joint_states,-32.897,0.000,0.000,0.000,,,,,,,,,pan_sim
assignment_B_cancel_20261007_123855,8.357,1791344364.832621,206,1791344364.795534,camera_color_optical_frame,0,0.0000,0.0000,0.00000,0.034,1,IDLE,disabled,0.000,0.000,deg/s,joint_states,-32.897,0.000,0.000,0.000,,,,,,,,,pan_sim
assignment_B_cancel_20261007_123855,8.377,1791344364.852442,207,1791344364.829306,camera_color_optical_frame,0,0.0000,0.0000,0.00000,0.018,1,IDLE,disabled,0.000,0.000,deg/s,joint_states,-32.897,0.000,0.000,0.000,,,,,,,,,pan_sim
assignment_B_cancel_20261007_123855,8.396,1791344364.871385,208,1791344364.861975,camera_color_optical_frame,0,0.0000,0.0000,0.00000,0.007,1,IDLE,disabled,0.000,0.000,deg/s,joint_states,-32.897,0.000,0.000,0.000,,,,,,,,,pan_sim
assignment_B_cancel_20261007_123855,8.417,1791344364.892528,208,1791344364.861975,camera_color_optical_frame,0,0.0000,0.0000,0.00000,0.028,1,IDLE,disabled,0.000,0.000,deg/s,joint_states,-32.897,0.000,0.000,0.000,,,,,,,,,pan_sim
assignment_B_cancel_20261007_123855,8.436,1791344364.911347,209,1791344364.895720,camera_color_optical_frame,0,0.0000,0.0000,0.00000,0.013,1,IDLE,disabled,0.000,0.000,deg/s,joint_states,-32.897,0.000,0.000,0.000,,,,,,,,,pan_sim
assignment_B_cancel_20261007_123855,8.457,1791344364.932260,209,1791344364.895720,camera_color_optical_frame,0,0.0000,0.0000,0.00000,0.033,1,IDLE,disabled,0.000,0.000,deg/s,joint_states,-32.897,0.000,0.000,0.000,,,,,,,,,pan_sim
assignment_B_cancel_20261007_123855,8.477,1791344364.952070,210,1791344364.929275,camera_color_optical_frame,0,0.0000,0.0000,0.00000,0.018,1,IDLE,disabled,0.000,0.000,deg/s,joint_states,-32.897,0.000,0.000,0.000,,,,,,,,,pan_sim
assignment_B_cancel_20261007_123855,8.497,1791344364.972069,210,1791344364.929275,camera_color_optical_frame,0,0.0000,0.0000,0.00000,0.038,1,IDLE,disabled,0.000,0.000,deg/s,joint_states,-32.897,0.000,0.000,0.000,,,,,,,,,pan_sim
assignment_B_cancel_20261007_123855,8.517,1791344364.992508,210,1791344364.929275,camera_color_optical_frame,0,0.0000,0.0000,0.00000,0.058,1,IDLE,disabled,0.000,0.000,deg/s,joint_states,-32.897,0.000,0.000,0.000,,,,,,,,,pan_sim
assignment_B_cancel_20261007_123855,8.536,1791344365.011479,210,1791344364.929275,camera_color_optical_frame,0,0.0000,0.0000,0.00000,0.078,1,IDLE,disabled,0.000,0.000,deg/s,joint_states,-32.897,0.000,0.000,0.000,,,,,,,,,pan_sim
assignment_B_cancel_20261007_123855,8.557,1791344365.032552,210,1791344364.929275,camera_color_optical_frame,0,0.0000,0.0000,0.00000,0.098,1,IDLE,disabled,0.000,0.000,deg/s,joint_states,-32.897,0.000,0.000,0.000,,,,,,,,,pan_sim
assignment_B_cancel_20261007_123855,8.576,1791344365.051392,210,1791344364.929275,camera_color_optical_frame,0,0.0000,0.0000,0.00000,0.118,1,IDLE,disabled,0.000,0.000,deg/s,joint_states,-32.897,0.000,0.000,0.000,,,,,,,,,pan_sim
assignment_B_cancel_20261007_123855,8.597,1791344365.072510,210,1791344364.929275,camera_color_optical_frame,0,0.0000,0.0000,0.00000,0.138,1,IDLE,disabled,0.000,0.000,deg/s,joint_states,-32.897,0.000,0.000,0.000,,,,,,,,,pan_sim
assignment_B_cancel_20261007_123855,8.617,1791344365.092225,210,1791344364.929275,camera_color_optical_frame,0,0.0000,0.0000,0.00000,0.158,1,IDLE,disabled,0.000,0.000,deg/s,joint_states,-32.897,0.000,0.000,0.000,,,,,,,,,pan_sim
assignment_B_cancel_20261007_123855,8.637,1791344365.112470,210,1791344364.929275,camera_color_optical_frame,0,0.0000,0.0000,0.00000,0.178,1,IDLE,disabled,0.000,0.000,deg/s,joint_states,-32.897,0.000,0.000,0.000,,,,,,,,,pan_sim
assignment_B_cancel_20261007_123855,8.657,1791344365.132478,210,1791344364.929275,camera_color_optical_frame,0,0.0000,0.0000,0.00000,0.198,1,IDLE,disabled,0.000,0.000,deg/s,joint_states,-32.897,0.000,0.000,0.000,,,,,,,,,pan_sim
assignment_B_cancel_20261007_123855,8.677,1791344365.152912,210,1791344364.929275,camera_color_optical_frame,0,0.0000,0.0000,0.00000,0.219,1,IDLE,disabled,0.000,0.000,deg/s,joint_states,-32.897,0.000,0.000,0.000,,,,,,,,,pan_sim
assignment_B_cancel_20261007_123855,8.697,1791344365.172419,210,1791344364.929275,camera_color_optical_frame,0,0.0000,0.0000,0.00000,0.238,1,IDLE,disabled,0.000,0.000,deg/s,joint_states,-32.897,0.000,0.000,0.000,,,,,,,,,pan_sim
assignment_B_cancel_20261007_123855,8.717,1791344365.192438,210,1791344364.929275,camera_color_optical_frame,0,0.0000,0.0000,0.00000,0.258,1,IDLE,disabled,0.000,0.000,deg/s,joint_states,-32.897,0.000,0.000,0.000,,,,,,,,,pan_sim
assignment_B_cancel_20261007_123855,8.737,1791344365.212168,210,1791344364.929275,camera_color_optical_frame,0,0.0000,0.0000,0.00000,0.278,1,IDLE,disabled,0.000,0.000,deg/s,joint_states,-32.897,0.000,0.000,0.000,,,,,,,,,pan_sim
assignment_B_cancel_20261007_123855,8.757,1791344365.232619,210,1791344364.929275,camera_color_optical_frame,0,0.0000,0.0000,0.00000,0.298,1,IDLE,disabled,0.000,0.000,deg/s,joint_states,-32.897,0.000,0.000,0.000,,,,,,,,,pan_sim
assignment_B_cancel_20261007_123855,8.777,1791344365.252828,210,1791344364.929275,camera_color_optical_frame,0,0.0000,0.0000,0.00000,0.319,1,IDLE,disabled,0.000,0.000,deg/s,joint_states,-32.897,0.000,0.000,0.000,,,,,,,,,pan_sim
assignment_B_cancel_20261007_123855,8.796,1791344365.271964,210,1791344364.929275,camera_color_optical_frame,0,0.0000,0.0000,0.00000,0.338,1,IDLE,disabled,0.000,0.000,deg/s,joint_states,-32.897,0.000,0.000,0.000,,,,,,,,,pan_sim
assignment_B_cancel_20261007_123855,8.816,1791344365.291912,210,1791344364.929275,camera_color_optical_frame,0,0.0000,0.0000,0.00000,0.358,1,IDLE,disabled,0.000,0.000,deg/s,joint_states,-32.897,0.000,0.000,0.000,,,,,,,,,pan_sim
assignment_B_cancel_20261007_123855,8.837,1791344365.312978,210,1791344364.929275,camera_color_optical_frame,0,0.0000,0.0000,0.00000,0.379,1,IDLE,disabled,0.000,0.000,deg/s,joint_states,-32.897,0.000,0.000,0.000,,,,,,,,,pan_sim
assignment_B_cancel_20261007_123855,8.857,1791344365.332354,210,1791344364.929275,camera_color_optical_frame,0,0.0000,0.0000,0.00000,0.398,1,IDLE,disabled,0.000,0.000,deg/s,joint_states,-32.897,0.000,0.000,0.000,,,,,,,,,pan_sim
assignment_B_cancel_20261007_123855,8.877,1791344365.352061,210,1791344364.929275,camera_color_optical_frame,0,0.0000,0.0000,0.00000,0.418,1,IDLE,disabled,0.000,0.000,deg/s,joint_states,-32.897,0.000,0.000,0.000,,,,,,,,,pan_sim
assignment_B_cancel_20261007_123855,8.896,1791344365.371856,210,1791344364.929275,camera_color_optical_frame,0,0.0000,0.0000,0.00000,0.438,1,IDLE,disabled,0.000,0.000,deg/s,joint_states,-32.897,0.000,0.000,0.000,,,,,,,,,pan_sim
assignment_B_cancel_20261007_123855,8.917,1791344365.392887,210,1791344364.929275,camera_color_optical_frame,0,0.0000,0.0000,0.00000,0.458,1,IDLE,disabled,0.000,0.000,deg/s,joint_states,-32.897,0.000,0.000,0.000,,,,,,,,,pan_sim
assignment_B_cancel_20261007_123855,8.937,1791344365.412261,210,1791344364.929275,camera_color_optical_frame,0,0.0000,0.0000,0.00000,0.478,1,IDLE,disabled,0.000,0.000,deg/s,joint_states,-32.897,0.000,0.000,0.000,,,,,,,,,pan_sim
assignment_B_cancel_20261007_123855,8.957,1791344365.432271,210,1791344364.929275,camera_color_optical_frame,0,0.0000,0.0000,0.00000,0.498,1,IDLE,disabled,0.000,0.000,deg/s,joint_states,-32.897,0.000,0.000,0.000,,,,,,,,,pan_sim
assignment_B_cancel_20261007_123855,8.976,1791344365.451983,210,1791344364.929275,camera_color_optical_frame,0,0.0000,0.0000,0.00000,0.518,1,IDLE,disabled,0.000,0.000,deg/s,joint_states,-32.897,0.000,0.000,0.000,,,,,,,,,pan_sim
