run_id,time_s,ros_time_s,target_seq,stamp_s,frame_id,detected,ex,ey,area_ratio,target_age_s,depth_valid,state,reason,pan_cmd,tilt_cmd,command_unit,meas_source,pan_deg,tilt_deg,pan_dps,tilt_dps,base_x_m,base_y_m,base_z_m,pred_ex,pred_ey,desired_pan_deg,desired_tilt_deg,search_elapsed_s,joint_name
assignment_B_notfound_20261007_123855,0.099,1791344370.676414,0,,,0,,,,,0,LOST,input_timeout,0.000,0.000,deg/s,joint_states,,,,,,,,,,,,,
assignment_B_notfound_20261007_123855,0.104,1791344370.680595,0,,,0,,,,,0,LOST,input_timeout,0.000,0.000,deg/s,joint_states,0.000,0.000,0.000,0.000,,,,,,,,,pan_sim
assignment_B_notfound_20261007_123855,0.120,1791344370.696180,0,,,0,,,,,0,LOST,input_timeout,0.000,0.000,deg/s,joint_states,0.000,0.000,0.000,0.000,,,,,,,,,pan_sim
assignment_B_notfound_20261007_123855,0.140,1791344370.715995,0,,,0,,,,,0,LOST,input_timeout,0.000,0.000,deg/s,joint_states,0.000,0.000,0.000,0.000,,,,,,,,,pan_sim
assignment_B_notfound_20261007_123855,0.160,1791344370.735950,0,,,0,,,,,0,LOST,input_timeout,0.000,0.000,deg/s,joint_states,0.000,0.000,0.000,0.000,,,,,,,,,pan_sim
assignment_B_notfound_20261007_123855,0.180,1791344370.756021,0,,,0,,,,,0,LOST,input_timeout,0.000,0.000,deg/s,joint_states,0.000,0.000,0.000,0.000,,,,,,,,,pan_sim
assignment_B_notfound_20261007_123855,0.200,1791344370.776077,0,,,0,,,,,0,LOST,input_timeout,0.000,0.000,deg/s,joint_states,0.000,0.000,0.000,0.000,,,,,,,,,pan_sim
assignment_B_notfound_20261007_123855,0.220,1791344370.795910,0,,,0,,,,,0,LOST,input_timeout,0.000,0.000,deg/s,joint_states,0.000,0.000,0.000,0.000,,,,,,,,,pan_sim
assignment_B_notfound_20261007_123855,0.241,1791344370.816261,0,,,0,,,,,0,LOST,input_timeout,0.000,0.000,deg/s,joint_states,0.000,0.000,0.000,0.000,,,,,,,,,pan_sim
assignment_B_notfound_20261007_123855,0.260,1791344370.836007,0,,,0,,,,,0,LOST,input_timeout,0.000,0.000,deg/s,joint_states,0.000,0.000,0.000,0.000,,,,,,,,,pan_sim
assignment_B_notfound_20261007_123855,0.280,1791344370.855893,0,,,0,,,,,0,LOST,input_timeout,0.000,0.000,deg/s,joint_states,0.000,0.000,0.000,0.000,,,,,,,,,pan_sim
assignment_B_notfound_20261007_123855,0.300,1791344370.876057,0,,,0,,,,,0,LOST,input_timeout,0.000,0.000,deg/s,joint_states,0.000,0.000,0.000,0.000,,,,,,,,,pan_sim
assignment_B_notfound_20261007_123855,0.320,1791344370.896177,0,,,0,,,,,0,LOST,input_timeout,0.000,0.000,deg/s,joint_states,0.000,0.000,0.000,0.000,,,,,,,,,pan_sim
assignment_B_notfound_20261007_123855,0.340,1791344370.916150,0,,,0,,,,,0,LOST,input_timeout,0.000,0.000,deg/s,joint_states,0.000,0.000,0.000,0.000,,,,,,,,,pan_sim
assignment_B_notfound_20261007_123855,0.360,1791344370.936095,0,,,0,,,,,0,LOST,input_timeout,0.000,0.000,deg/s,joint_states,0.000,0.000,0.000,0.000,,,,,,,,,pan_sim
assignment_B_notfound_20261007_123855,0.380,1791344370.956159,0,,,0,,,,,0,LOST,input_timeout,0.000,0.000,deg/s,joint_states,0.000,0.000,0.000,0.000,,,,,,,,,pan_sim
assignment_B_notfound_20261007_123855,0.400,1791344370.976490,0,,,0,,,,,0,LOST,input_timeout,0.000,0.000,deg/s,joint_states,0.000,0.000,0.000,0.000,,,,,,,,,pan_sim
assignment_B_notfound_20261007_123855,0.420,1791344370.996079,0,,,0,,,,,0,LOST,input_timeout,0.000,0.000,deg/s,joint_states,0.000,0.000,0.000,0.000,,,,,,,,,pan_sim
assignment_B_notfound_20261007_123855,0.440,1791344371.016217,0,,,0,,,,,0,LOST,input_timeout,0.000,0.000,deg/s,joint_states,0.000,0.000,0.000,0.000,,,,,,,,,pan_sim
assignment_B_notfound_20261007_123855,0.460,1791344371.036066,0,,,0,,,,,0,LOST,input_timeout,0.000,0.000,deg/s,joint_states,0.000,0.000,0.000,0.000,,,,,,,,,pan_sim
assignment_B_notfound_20261007_123855,0.480,1791344371.056067,0,,,0,,,,,0,LOST,input_timeout,0.000,0.000,deg/s,joint_states,0.000,0.000,0.000,0.000,,,,,,,,,pan_sim
assignment_B_notfound_20261007_123855,0.500,1791344371.076158,0,,,0,,,,,0,LOST,input_timeout,0.000,0.000,deg/s,joint_states,0.000,0.000,0.000,0.000,,,,,,,,,pan_sim
assignment_B_notfound_20261007_123855,0.520,1791344371.096284,0,,,0,,,,,0,LOST,input_timeout,0.000,0.000,deg/s,joint_states,0.000,0.000,0.000,0.000,,,,,,,,,pan_sim
assignment_B_notfound_20261007_123855,0.540,1791344371.116198,0,,,0,,,,,0,LOST,input_timeout,0.000,0.000,deg/s,joint_states,0.000,0.000,0.000,0.000,,,,,,,,,pan_sim
assignment_B_notfound_20261007_123855,0.560,1791344371.136323,0,,,0,,,,,0,LOST,input_timeout,0.000,0.000,deg/s,joint_states,0.000,0.000,0.000,0.000,,,,,,,,,pan_sim
assignment_B_notfound_20261007_123855,0.580,1791344371.156151,0,,,0,,,,,0,LOST,input_timeout,0.000,0.000,deg/s,joint_states,0.000,0.000,0.000,0.000,,,,,,,,,pan_sim
assignment_B_notfound_20261007_123855,0.600,1791344371.176003,0,,,0,,,,,0,LOST,input_timeout,0.000,0.000,deg/s,joint_states,0.000,0.000,0.000,0.000,,,,,,,,,pan_sim
assignment_B_notfound_20261007_123855,0.620,1791344371.196187,0,,,0,,,,,0,LOST,input_timeout,0.000,0.000,deg/s,joint_states,0.000,0.000,0.000,0.000,,,,,,,,,pan_sim
assignment_B_notfound_20261007_123855,0.640,1791344371.216189,0,,,0,,,,,0,LOST,input_timeout,0.000,0.000,deg/s,joint_states,0.000,0.000,0.000,0.000,,,,,,,,,pan_sim
assignment_B_notfound_20261007_123855,0.660,1791344371.236162,0,,,0,,,,,0,LOST,input_timeout,0.000,0.000,deg/s,joint_states,0.000,0.000,0.000,0.000,,,,,,,,,pan_sim
assignment_B_notfound_20261007_123855,0.681,1791344371.256776,0,,,0,,,,,0,LOST,input_timeout,0.000,0.000,deg/s,joint_states,0.000,0.000,0.000,0.000,,,,,,,,,pan_sim
assignment_B_notfound_20261007_123855,0.700,1791344371.276184,0,,,0,,,,,0,LOST,input_timeout,0.000,0.000,deg/s,joint_states,0.000,0.000,0.000,0.000,,,,,,,,,pan_sim
assignment_B_notfound_20261007_123855,0.720,1791344371.295982,0,,,0,,,,,0,LOST,input_timeout,0.000,0.000,deg/s,joint_states,0.000,0.000,0.000,0.000,,,,,,,,,pan_sim
assignment_B_notfound_20261007_123855,0.740,1791344371.316185,0,,,0,,,,,0,LOST,input_timeout,0.000,0.000,deg/s,joint_states,0.000,0.000,0.000,0.000,,,,,,,,,pan_sim
assignment_B_notfound_20261007_123855,0.760,1791344371.336205,0,,,0,,,,,0,LOST,input_timeout,0.000,0.000,deg/s,joint_states,0.000,0.000,0.000,0.000,,,,,,,,,pan_sim
assignment_B_notfound_20261007_123855,0.780,1791344371.356097,0,,,0,,,,,0,LOST,input_timeout,0.000,0.000,deg/s,joint_states,0.000,0.000,0.000,0.000,,,,,,,,,pan_sim
assignment_B_notfound_20261007_123855,0.800,1791344371.376075,0,,,0,,,,,0,LOST,input_timeout,0.000,0.000,deg/s,joint_states,0.000,0.000,0.000,0.000,,,,,,,,,pan_sim
assignment_B_notfound_20261007_123855,0.820,1791344371.396320,0,,,0,,,,,0,LOST,input_timeout,0.000,0.000,deg/s,joint_states,0.000,0.000,0.000,0.000,,,,,,,,,pan_sim
assignment_B_notfound_20261007_123855,0.840,1791344371.416153,0,,,0,,,,,0,LOST,input_timeout,0.000,0.000,deg/s,joint_states,0.000,0.000,0.000,0.000,,,,,,,,,pan_sim
assignment_B_notfound_20261007_123855,0.860,1791344371.436212,0,,,0,,,,,0,LOST,input_timeout,0.000,0.000,deg/s,joint_states,0.000,0.000,0.000,0.000,,,,,,,,,pan_sim
assignment_B_notfound_20261007_123855,0.880,1791344371.456089,0,,,0,,,,,0,LOST,input_timeout,0.000,0.000,deg/s,joint_states,0.000,0.000,0.000,0.000,,,,,,,,,pan_sim
assignment_B_notfound_20261007_123855,0.900,1791344371.476156,0,,,0,,,,,0,LOST,input_timeout,0.000,0.000,deg/s,joint_states,0.000,0.000,0.000,0.000,,,,,,,,,pan_sim
assignment_B_notfound_20261007_123855,0.920,1791344371.496723,0,,,0,,,,,0,LOST,input_timeout,0.000,0.000,deg/s,joint_states,0.000,0.000,0.000,0.000,,,,,,,,,pan_sim
assignment_B_notfound_20261007_123855,0.941,1791344371.516747,0,,,0,,,,,0,LOST,input_timeout,0.000,0.000,deg/s,joint_states,0.000,0.000,0.000,0.000,,,,,,,,,pan_sim
assignment_B_notfound_20261007_123855,0.960,1791344371.535980,0,,,0,,,,,0,LOST,input_timeout,0.000,0.000,deg/s,joint_states,0.000,0.000,0.000,0.000,,,,,,,,,pan_sim
assignment_B_notfound_20261007_123855,0.980,1791344371.556010,0,,,0,,,,,0,LOST,input_timeout,0.000,0.000,deg/s,joint_states,0.000,0.000,0.000,0.000,,,,,,,,,pan_sim
assignment_B_notfound_20261007_123855,1.000,1791344371.576678,0,,,0,,,,,0,LOST,input_timeout,0.000,0.000,deg/s,joint_states,0.000,0.000,0.000,0.000,,,,,,,,,pan_sim
assignment_B_notfound_20261007_123855,1.020,1791344371.595921,0,,,0,,,,,0,LOST,input_timeout,0.000,0.000,deg/s,joint_states,0.000,0.000,0.000,0.000,,,,,,,,,pan_sim
assignment_B_notfound_20261007_123855,1.040,1791344371.615936,0,,,0,,,,,0,LOST,input_timeout,0.000,0.000,deg/s,joint_states,0.000,0.000,0.000,0.000,,,,,,,,,pan_sim
assignment_B_notfound_20261007_123855,1.060,1791344371.635787,0,,,0,,,,,0,LOST,input_timeout,0.000,0.000,deg/s,joint_states,0.000,0.000,0.000,0.000,,,,,,,,,pan_sim
assignment_B_notfound_20261007_123855,1.080,1791344371.656039,0,,,0,,,,,0,LOST,input_timeout,0.000,0.000,deg/s,joint_states,0.000,0.000,0.000,0.000,,,,,,,,,pan_sim
assignment_B_notfound_20261007_123855,1.100,1791344371.676045,0,,,0,,,,,0,LOST,input_timeout,0.000,0.000,deg/s,joint_states,0.000,0.000,0.000,0.000,,,,,,,,,pan_sim
assignment_B_notfound_20261007_123855,1.120,1791344371.696029,0,,,0,,,,,0,LOST,input_timeout,0.000,0.000,deg/s,joint_states,0.000,0.000,0.000,0.000,,,,,,,,,pan_sim
assignment_B_notfound_20261007_123855,1.140,1791344371.716077,0,,,0,,,,,0,LOST,input_timeout,0.000,0.000,deg/s,joint_states,0.000,0.000,0.000,0.000,,,,,,,,,pan_sim
assignment_B_notfound_20261007_123855,1.160,1791344371.736211,0,,,0,,,,,0,LOST,input_timeout,0.000,0.000,deg/s,joint_states,0.000,0.000,0.000,0.000,,,,,,,,,pan_sim
assignment_B_notfound_20261007_123855,1.180,1791344371.756184,0,,,0,,,,,0,LOST,input_timeout,0.000,0.000,deg/s,joint_states,0.000,0.000,0.000,0.000,,,,,,,,,pan_sim
assignment_B_notfound_20261007_123855,1.200,1791344371.776345,0,,,0,,,,,0,LOST,input_timeout,0.000,0.000,deg/s,joint_states,0.000,0.000,0.000,0.000,,,,,,,,,pan_sim
assignment_B_notfound_20261007_123855,1.220,1791344371.795985,0,,,0,,,,,0,LOST,input_timeout,0.000,0.000,deg/s,joint_states,0.000,0.000,0.000,0.000,,,,,,,,,pan_sim
assignment_B_notfound_20261007_123855,1.240,1791344371.816080,0,,,0,,,,,0,LOST,input_timeout,0.000,0.000,deg/s,joint_states,0.000,0.000,0.000,0.000,,,,,,,,,pan_sim
assignment_B_notfound_20261007_123855,1.260,1791344371.836015,0,,,0,,,,,0,LOST,input_timeout,0.000,0.000,deg/s,joint_states,0.000,0.000,0.000,0.000,,,,,,,,,pan_sim
assignment_B_notfound_20261007_123855,1.281,1791344371.856930,0,,,0,,,,,0,LOST,input_timeout,0.000,0.000,deg/s,joint_states,0.000,0.000,0.000,0.000,,,,,,,,,pan_sim
assignment_B_notfound_20261007_123855,1.301,1791344371.877331,1,1791344371.863474,camera_color_optical_frame,1,0.0098,-0.0000,0.02000,0.011,1,LOST,confirming_1/3,0.000,0.000,deg/s,joint_states,0.000,0.000,0.000,0.000,0.800,-0.004,0.000,0.010,-0.000,-0.298,-0.000,,pan_sim
assignment_B_notfound_20261007_123855,1.321,1791344371.897688,1,1791344371.863474,camera_color_optical_frame,1,0.0098,-0.0000,0.02000,0.031,1,LOST,confirming_1/3,0.000,0.000,deg/s,joint_states,0.000,0.000,0.000,0.000,0.800,-0.004,0.000,0.010,-0.000,-0.298,-0.000,,pan_sim
assignment_B_notfound_20261007_123855,1.341,1791344371.917576,2,1791344371.897605,camera_color_optical_frame,1,0.0195,-0.0000,0.02000,0.014,1,LOST,confirming_2/3,0.000,0.000,deg/s,joint_states,0.000,0.000,0.000,0.000,0.800,-0.008,0.000,0.020,-0.000,-0.591,-0.000,,pan_sim
assignment_B_notfound_20261007_123855,1.360,1791344371.937813,3,1791344371.930243,camera_color_optical_frame,1,0.0288,-0.0000,0.02000,0.003,1,TRACKING,reacquired_in_view,0.000,0.000,deg/s,joint_states,0.000,0.000,0.000,0.000,0.800,-0.013,0.000,0.030,-0.000,-0.915,-0.000,,pan_sim
assignment_B_notfound_20261007_123855,1.380,1791344371.955962,3,1791344371.930243,camera_color_optical_frame,1,0.0288,-0.0000,0.02000,0.023,1,TRACKING,ok,0.000,0.000,deg/s,joint_states,0.000,0.000,0.000,0.000,0.800,-0.015,0.000,0.036,-0.000,-1.085,-0.000,,pan_sim
assignment_B_notfound_20261007_123855,1.400,1791344371.976298,4,1791344371.963609,camera_color_optical_frame,1,0.0383,-0.0000,0.02000,0.010,1,TRACKING,ok,-2.316,0.000,deg/s,joint_states,0.000,0.000,0.000,0.000,0.800,-0.018,0.000,0.042,-0.000,-1.257,-0.000,,pan_sim
assignment_B_notfound_20261007_123855,1.421,1791344371.997880,4,1791344371.963609,camera_color_optical_frame,1,0.0383,-0.0000,0.02000,0.031,1,TRACKING,ok,-2.316,0.000,deg/s,joint_states,-0.046,0.000,-2.316,0.000,0.800,-0.020,0.000,0.046,-0.000,-1.434,-0.000,,pan_sim
assignment_B_notfound_20261007_123855,1.440,1791344372.016544,5,1791344371.997688,camera_color_optical_frame,1,0.0464,-0.0000,0.02000,0.015,1,TRACKING,ok,-2.810,0.000,deg/s,joint_states,-0.092,0.000,-2.316,0.000,0.800,-0.022,0.000,0.050,-0.000,-1.603,-0.000,,pan_sim
assignment_B_notfound_20261007_123855,1.462,1791344372.037459,6,1791344372.030505,camera_color_optical_frame,1,0.0523,-0.0000,0.02000,0.004,1,TRACKING,ok,-3.168,0.000,deg/s,joint_states,-0.149,0.000,-2.810,0.000,0.800,-0.025,0.000,0.054,-0.000,-1.785,-0.000,,pan_sim
assignment_B_notfound_20261007_123855,1.480,1791344372.056095,6,1791344372.030505,camera_color_optical_frame,1,0.0523,-0.0000,0.02000,0.023,1,TRACKING,ok,-3.168,0.000,deg/s,joint_states,-0.212,0.000,-3.168,0.000,0.800,-0.027,0.000,0.057,-0.000,-1.945,-0.000,,pan_sim
assignment_B_notfound_20261007_123855,1.500,1791344372.076026,7,1791344372.063586,camera_color_optical_frame,1,0.0576,-0.0000,0.02000,0.010,1,TRACKING,ok,-3.484,0.000,deg/s,joint_states,-0.275,0.000,-3.168,0.000,0.800,-0.030,0.000,0.061,-0.000,-2.116,-0.000,,pan_sim
assignment_B_notfound_20261007_123855,1.520,1791344372.096619,7,1791344372.063586,camera_color_optical_frame,1,0.0576,-0.0000,0.02000,0.030,1,TRACKING,ok,-3.484,0.000,deg/s,joint_states,-0.345,0.000,-3.484,0.000,0.800,-0.032,0.000,0.064,-0.000,-2.290,-0.000,,pan_sim
assignment_B_notfound_20261007_123855,1.540,1791344372.116427,8,1791344372.097224,camera_color_optical_frame,1,0.0648,-0.0000,0.02000,0.015,1,TRACKING,ok,-3.922,0.000,deg/s,joint_states,-0.416,0.000,-3.484,0.000,0.800,-0.034,0.000,0.068,-0.000,-2.461,-0.000,,pan_sim
assignment_B_notfound_20261007_123855,1.560,1791344372.136369,9,1791344372.130770,camera_color_optical_frame,1,0.0694,-0.0000,0.02000,0.002,1,TRACKING,ok,-4.200,0.000,deg/s,joint_states,-0.493,0.000,-3.922,0.000,0.800,-0.037,0.000,0.071,-0.000,-2.632,-0.000,,pan_sim
assignment_B_notfound_20261007_123855,1.581,1791344372.157321,9,1791344372.130770,camera_color_optical_frame,1,0.0694,-0.0000,0.02000,0.022,1,TRACKING,ok,-4.200,0.000,deg/s,joint_states,-0.576,0.000,-4.200,0.000,0.800,-0.039,0.000,0.074,-0.000,-2.808,-0.000,,pan_sim
assignment_B_notfound_20261007_123855,1.600,1791344372.176050,10,1791344372.163466,camera_color_optical_frame,1,0.0730,-0.0000,0.02000,0.010,1,TRACKING,ok,-4.420,0.000,deg/s,joint_states,-0.663,0.000,-4.200,0.000,0.800,-0.042,0.000,0.076,-0.000,-2.974,-0.000,,pan_sim
assignment_B_notfound_20261007_123855,1.620,1791344372.196748,10,1791344372.163466,camera_color_optical_frame,1,0.0730,-0.0000,0.02000,0.031,1,TRACKING,ok,-4.420,0.000,deg/s,joint_states,-0.752,0.000,-4.420,0.000,0.800,-0.044,0.000,0.079,-0.000,-3.148,-0.000,,pan_sim
assignment_B_notfound_20261007_123855,1.641,1791344372.217545,11,1791344372.197337,camera_color_optical_frame,1,0.0797,-0.0000,0.02000,0.015,1,TRACKING,ok,-4.825,0.000,deg/s,joint_states,-0.839,0.000,-4.420,0.000,0.800,-0.046,0.000,0.082,-0.000,-3.322,-0.000,,pan_sim
assignment_B_notfound_20261007_123855,1.662,1791344372.237433,12,1791344372.230176,camera_color_optical_frame,1,0.0830,-0.0000,0.02000,0.005,1,TRACKING,ok,-5.020,0.000,deg/s,joint_states,-0.935,0.000,-4.825,0.000,0.800,-0.049,0.000,0.085,-0.000,-3.500,-0.000,,pan_sim
assignment_B_notfound_20261007_123855,1.681,1791344372.257622,12,1791344372.230176,camera_color_optical_frame,1,0.0830,-0.0000,0.02000,0.024,1,TRACKING,ok,-5.020,0.000,deg/s,joint_states,-1.034,0.000,-5.020,0.000,0.800,-0.051,0.000,0.087,-0.000,-3.664,-0.000,,pan_sim
assignment_B_notfound_20261007_123855,1.700,1791344372.275976,13,1791344372.263454,camera_color_optical_frame,1,0.0857,-0.0000,0.02000,0.010,1,TRACKING,ok,-5.186,0.000,deg/s,joint_states,-1.137,0.000,-5.020,0.000,0.800,-0.054,0.000,0.089,-0.000,-3.830,-0.000,,pan_sim
assignment_B_notfound_20261007_123855,1.721,1791344372.297885,13,1791344372.263454,camera_color_optical_frame,1,0.0857,-0.0000,0.02000,0.031,1,TRACKING,ok,-5.186,0.000,deg/s,joint_states,-1.238,0.000,-5.186,0.000,0.800,-0.056,0.000,0.092,-0.000,-4.007,-0.000,,pan_sim
assignment_B_notfound_20261007_123855,1.741,1791344372.316907,14,1791344372.297553,camera_color_optical_frame,1,0.0920,-0.0000,0.02000,0.014,1,TRACKING,ok,-5.567,0.000,deg/s,joint_states,-1.345,0.000,-5.186,0.000,0.800,-0.058,0.000,0.094,-0.000,-4.175,-0.000,,pan_sim
assignment_B_notfound_20261007_123855,1.761,1791344372.337145,15,1791344372.330348,camera_color_optical_frame,1,0.0941,-0.0000,0.02000,0.004,1,TRACKING,ok,-5.695,0.000,deg/s,joint_states,-1.454,0.000,-5.567,0.000,0.800,-0.061,0.000,0.096,-0.000,-4.353,-0.000,,pan_sim
assignment_B_notfound_20261007_123855,1.781,1791344372.357578,15,1791344372.330348,camera_color_optical_frame,1,0.0941,-0.0000,0.02000,0.023,1,TRACKING,ok,-5.695,0.000,deg/s,joint_states,-1.566,0.000,-5.695,0.000,0.800,-0.063,0.000,0.098,-0.000,-4.520,-0.000,,pan_sim
assignment_B_notfound_20261007_123855,1.801,1791344372.377488,16,1791344372.363440,camera_color_optical_frame,1,0.0959,-0.0000,0.02000,0.011,1,TRACKING,ok,-5.804,0.000,deg/s,joint_states,-1.683,0.000,-5.695,0.000,0.800,-0.066,0.000,0.099,-0.000,-4.689,-0.000,,pan_sim
assignment_B_notfound_20261007_123855,1.820,1791344372.395994,16,1791344372.363440,camera_color_optical_frame,1,0.0959,-0.0000,0.02000,0.031,1,TRACKING,ok,-5.804,0.000,deg/s,joint_states,-1.798,0.000,-5.804,0.000,0.800,-0.068,0.000,0.101,-0.000,-4.856,-0.000,,pan_sim
assignment_B_notfound_20261007_123855,1.841,1791344372.417382,17,1791344372.397338,camera_color_optical_frame,1,0.1017,-0.0000,0.02000,0.014,1,TRACKING,ok,-6.153,0.000,deg/s,joint_states,-1.917,0.000,-5.804,0.000,0.800,-0.070,0.000,0.103,-0.000,-5.031,-0.000,,pan_sim
assignment_B_notfound_20261007_123855,1.862,1791344372.437652,18,1791344372.430783,camera_color_optical_frame,1,0.1032,-0.0000,0.02000,0.002,1,TRACKING,ok,-6.243,0.000,deg/s,joint_states,-2.038,0.000,-6.153,0.000,0.800,-0.073,0.000,0.105,-0.000,-5.210,-0.000,,pan_sim
assignment_B_notfound_20261007_123855,1.881,1791344372.457599,18,1791344372.430783,camera_color_optical_frame,1,0.1032,-0.0000,0.02000,0.021,1,TRACKING,ok,-6.243,0.000,deg/s,joint_states,-2.160,0.000,-6.243,0.000,0.800,-0.075,0.000,0.106,-0.000,-5.373,-0.000,,pan_sim
assignment_B_notfound_20261007_123855,1.901,1791344372.477625,19,1791344372.463446,camera_color_optical_frame,1,0.1042,-0.0000,0.02000,0.011,1,TRACKING,ok,-6.300,0.000,deg/s,joint_states,-2.288,0.000,-6.243,0.000,0.800,-0.078,0.000,0.108,-0.000,-5.542,-0.000,,pan_sim
assignment_B_notfound_20261007_123855,1.921,1791344372.497658,19,1791344372.463446,camera_color_optical_frame,1,0.1042,-0.0000,0.02000,0.031,1,TRACKING,ok,-6.300,0.000,deg/s,joint_states,-2.413,0.000,-6.300,0.000,0.800,-0.080,0.000,0.109,-0.000,-5.713,-0.000,,pan_sim
assignment_B_notfound_20261007_123855,1.941,1791344372.517277,20,1791344372.497570,camera_color_optical_frame,1,0.1096,-0.0000,0.02000,0.015,1,TRACKING,ok,-6.630,0.000,deg/s,joint_states,-2.545,0.000,-6.300,0.000,0.800,-0.082,0.000,0.110,-0.000,-5.883,-0.000,,pan_sim
assignment_B_notfound_20261007_123855,1.962,1791344372.538717,21,1791344372.530509,camera_color_optical_frame,1,0.1103,-0.0000,0.02000,0.002,1,TRACKING,ok,-6.672,0.000,deg/s,joint_states,-2.672,0.000,-6.630,0.000,0.800,-0.085,0.000,0.112,-0.000,-6.061,-0.000,,pan_sim
assignment_B_notfound_20261007_123855,1.980,1791344372.556726,21,1791344372.530509,camera_color_optical_frame,1,0.1103,-0.0000,0.02000,0.020,1,TRACKING,ok,-6.672,0.000,deg/s,joint_states,-2.805,0.000,-6.672,0.000,0.800,-0.087,0.000,0.113,-0.000,-6.221,-0.000,,pan_sim
assignment_B_notfound_20261007_123855,2.000,1791344372.575872,22,1791344372.563629,camera_color_optical_frame,1,0.1109,-0.0000,0.02000,0.009,1,TRACKING,ok,-6.704,0.000,deg/s,joint_states,-2.938,0.000,-6.672,0.000,0.800,-0.090,0.000,0.114,-0.000,-6.386,-0.000,,pan_sim
assignment_B_notfound_20261007_123855,2.020,1791344372.595939,22,1791344372.563629,camera_color_optical_frame,1,0.1109,-0.0000,0.02000,0.029,1,TRACKING,ok,-6.704,0.000,deg/s,joint_states,-3.071,0.000,-6.704,0.000,0.800,-0.092,0.000,0.115,-0.000,-6.557,-0.000,,pan_sim
assignment_B_notfound_20261007_123855,2.041,1791344372.617189,23,1791344372.597068,camera_color_optical_frame,1,0.1158,-0.0000,0.02000,0.015,1,TRACKING,ok,-7.005,0.000,deg/s,joint_states,-3.206,0.000,-6.704,0.000,0.800,-0.094,0.000,0.117,-0.000,-6.731,-0.000,,pan_sim
assignment_B_notfound_20261007_123855,2.060,1791344372.636829,24,1791344372.630684,camera_color_optical_frame,1,0.1162,-0.0000,0.02000,0.002,1,TRACKING,ok,-7.028,0.000,deg/s,joint_states,-3.345,0.000,-7.005,0.000,0.800,-0.097,0.000,0.118,-0.000,-6.899,-0.000,,pan_sim
assignment_B_notfound_20261007_123855,2.081,1791344372.657590,24,1791344372.630684,camera_color_optical_frame,1,0.1162,-0.0000,0.02000,0.023,1,TRACKING,ok,-7.028,0.000,deg/s,joint_states,-3.484,0.000,-7.028,0.000,0.800,-0.099,0.000,0.119,-0.000,-7.071,-0.000,,pan_sim
assignment_B_notfound_20261007_123855,2.101,1791344372.677546,25,1791344372.663404,camera_color_optical_frame,1,0.1160,-0.0000,0.02000,0.011,1,TRACKING,ok,-7.015,0.000,deg/s,joint_states,-3.628,0.000,-7.028,0.000,0.800,-0.102,0.000,0.119,-0.000,-7.240,-0.000,,pan_sim
assignment_B_notfound_20261007_123855,2.120,1791344372.696735,25,1791344372.663404,camera_color_optical_frame,1,0.1160,-0.0000,0.02000,0.031,1,TRACKING,ok,-7.015,0.000,deg/s,joint_states,-3.770,0.000,-7.015,0.000,0.800,-0.104,0.000,0.120,-0.000,-7.406,-0.000,,pan_sim
assignment_B_notfound_20261007_123855,2.141,1791344372.717536,26,1791344372.697309,camera_color_optical_frame,1,0.1208,-0.0000,0.02000,0.015,1,TRACKING,ok,-7.304,0.000,deg/s,joint_states,-3.910,0.000,-7.015,0.000,0.800,-0.106,0.000,0.121,-0.000,-7.578,-0.000,,pan_sim
assignment_B_notfound_20261007_123855,2.161,1791344372.736419,27,1791344372.730261,camera_color_optical_frame,1,0.1206,-0.0000,0.02000,0.004,1,TRACKING,ok,-7.291,0.000,deg/s,joint_states,-4.055,0.000,-7.304,0.000,0.800,-0.109,0.000,0.122,-0.000,-7.746,-0.000,,pan_sim
assignment_B_notfound_20261007_123855,2.180,1791344372.756308,27,1791344372.730261,camera_color_optical_frame,1,0.1206,-0.0000,0.02000,0.024,1,TRACKING,ok,-7.291,0.000,deg/s,joint_states,-4.197,0.000,-7.291,0.000,0.800,-0.111,0.000,0.123,-0.000,-7.911,-0.000,,pan_sim
assignment_B_notfound_20261007_123855,2.200,1791344372.776454,28,1791344372.763454,camera_color_optical_frame,1,0.1203,-0.0000,0.02000,0.011,1,TRACKING,ok,-7.273,0.000,deg/s,joint_states,-4.344,0.000,-7.291,0.000,0.800,-0.114,0.000,0.124,-0.000,-8.081,-0.000,,pan_sim
assignment_B_notfound_20261007_123855,2.220,1791344372.796453,28,1791344372.763454,camera_color_optical_frame,1,0.1203,-0.0000,0.02000,0.031,1,TRACKING,ok,-7.273,0.000,deg/s,joint_states,-4.490,0.000,-7.273,0.000,0.800,-0.116,0.000,0.124,-0.000,-8.249,-0.000,,pan_sim
assignment_B_notfound_20261007_123855,2.241,1791344372.817921,29,1791344372.797175,camera_color_optical_frame,1,0.1249,-0.0000,0.02000,0.016,1,TRACKING,ok,-7.549,0.000,deg/s,joint_states,-4.636,0.000,-7.273,0.000,0.800,-0.118,0.000,0.125,-0.000,-8.422,-0.000,,pan_sim
assignment_B_notfound_20261007_123855,2.262,1791344372.837417,30,1791344372.830189,camera_color_optical_frame,1,0.1242,-0.0000,0.02000,0.005,1,TRACKING,ok,-7.509,0.000,deg/s,joint_states,-4.788,0.000,-7.549,0.000,0.800,-0.121,0.000,0.126,-0.000,-8.596,-0.000,,pan_sim
assignment_B_notfound_20261007_123855,2.281,1791344372.857612,30,1791344372.830189,camera_color_optical_frame,1,0.1242,-0.0000,0.02000,0.024,1,TRACKING,ok,-7.509,0.000,deg/s,joint_states,-4.936,0.000,-7.509,0.000,0.800,-0.123,0.000,0.126,-0.000,-8.757,-0.000,,pan_sim
assignment_B_notfound_20261007_123855,2.300,1791344372.876705,31,1791344372.863631,camera_color_optical_frame,1,0.1235,-0.0000,0.02000,0.011,1,TRACKING,ok,-7.468,0.000,deg/s,joint_states,-5.089,0.000,-7.509,0.000,0.800,-0.126,0.000,0.127,-0.000,-8.921,-0.000,,pan_sim
assignment_B_notfound_20261007_123855,2.320,1791344372.896152,31,1791344372.863631,camera_color_optical_frame,1,0.1235,-0.0000,0.02000,0.030,1,TRACKING,ok,-7.468,0.000,deg/s,joint_states,-5.241,0.000,-7.468,0.000,0.800,-0.128,0.000,0.127,-0.000,-9.088,-0.000,,pan_sim
assignment_B_notfound_20261007_123855,2.341,1791344372.917244,32,1791344372.897010,camera_color_optical_frame,1,0.1278,-0.0000,0.02000,0.015,1,TRACKING,ok,-7.725,0.000,deg/s,joint_states,-5.385,0.000,-7.468,0.000,0.800,-0.130,0.000,0.128,-0.000,-9.259,-0.000,,pan_sim
assignment_B_notfound_20261007_123855,2.362,1791344372.937490,33,1791344372.930205,camera_color_optical_frame,1,0.1269,-0.0000,0.02000,0.005,1,TRACKING,ok,-7.674,0.000,deg/s,joint_states,-5.544,0.000,-7.725,0.000,0.800,-0.133,0.000,0.129,-0.000,-9.435,-0.000,,pan_sim
assignment_B_notfound_20261007_123855,2.380,1791344372.956649,33,1791344372.930205,camera_color_optical_frame,1,0.1269,-0.0000,0.02000,0.024,1,TRACKING,ok,-7.674,0.000,deg/s,joint_states,-5.692,0.000,-7.674,0.000,0.800,-0.135,0.000,0.129,-0.000,-9.592,-0.000,,pan_sim
assignment_B_notfound_20261007_123855,2.400,1791344372.976861,34,1791344372.964256,camera_color_optical_frame,1,0.1260,-0.0000,0.02000,0.010,1,TRACKING,ok,-7.620,0.000,deg/s,joint_states,-5.855,0.000,-7.674,0.000,0.800,-0.138,0.000,0.129,-0.000,-9.756,-0.000,,pan_sim
assignment_B_notfound_20261007_123855,2.420,1791344372.995952,34,1791344372.964256,camera_color_optical_frame,1,0.1260,-0.0000,0.02000,0.030,1,TRACKING,ok,-7.620,0.000,deg/s,joint_states,-6.000,0.000,-7.620,0.000,0.800,-0.140,0.000,0.130,-0.000,-9.923,-0.000,,pan_sim
assignment_B_notfound_20261007_123855,2.440,1791344373.015933,35,1791344372.997266,camera_color_optical_frame,1,0.1304,-0.0000,0.02000,0.014,1,TRACKING,ok,-7.882,0.000,deg/s,joint_states,-6.156,0.000,-7.620,0.000,0.800,-0.142,0.000,0.130,-0.000,-10.090,-0.000,,pan_sim
assignment_B_notfound_20261007_123855,2.461,1791344373.037442,36,1791344373.030246,camera_color_optical_frame,1,0.1292,-0.0000,0.02000,0.004,1,TRACKING,ok,-7.809,0.000,deg/s,joint_states,-6.311,0.000,-7.882,0.000,0.800,-0.145,0.000,0.131,-0.000,-10.267,-0.000,,pan_sim
assignment_B_notfound_20261007_123855,2.481,1791344373.057070,36,1791344373.030246,camera_color_optical_frame,1,0.1292,-0.0000,0.02000,0.023,1,TRACKING,ok,-7.809,0.000,deg/s,joint_states,-6.465,0.000,-7.809,0.000,0.800,-0.147,0.000,0.131,-0.000,-10.427,-0.000,,pan_sim
assignment_B_notfound_20261007_123855,2.501,1791344373.077679,37,1791344373.063524,camera_color_optical_frame,1,0.1277,-0.0000,0.02000,0.011,1,TRACKING,ok,-7.719,0.000,deg/s,joint_states,-6.633,0.000,-7.809,0.000,0.800,-0.150,0.000,0.131,-0.000,-10.594,-0.000,,pan_sim
assignment_B_notfound_20261007_123855,2.520,1791344373.095977,37,1791344373.063524,camera_color_optical_frame,1,0.1277,-0.0000,0.02000,0.030,1,TRACKING,ok,-7.719,0.000,deg/s,joint_states,-6.778,0.000,-7.719,0.000,0.800,-0.152,0.000,0.132,-0.000,-10.755,-0.000,,pan_sim
assignment_B_notfound_20261007_123855,2.541,1791344373.117526,38,1791344373.097328,camera_color_optical_frame,1,0.1322,-0.0000,0.02000,0.014,1,TRACKING,ok,-7.990,0.000,deg/s,joint_states,-6.935,0.000,-7.719,0.000,0.800,-0.154,0.000,0.132,-0.000,-10.926,-0.000,,pan_sim
assignment_B_notfound_20261007_123855,2.561,1791344373.136717,39,1791344373.130261,camera_color_optical_frame,1,0.1309,-0.0000,0.02000,0.004,1,TRACKING,ok,-7.911,0.000,deg/s,joint_states,-7.090,0.000,-7.990,0.000,0.800,-0.157,0.000,0.132,-0.000,-11.092,-0.000,,pan_sim
assignment_B_notfound_20261007_123855,2.580,1791344373.156222,39,1791344373.130261,camera_color_optical_frame,1,0.1309,-0.0000,0.02000,0.024,1,TRACKING,ok,-7.911,0.000,deg/s,joint_states,-7.247,0.000,-7.911,0.000,0.800,-0.159,0.000,0.133,-0.000,-11.253,-0.000,,pan_sim
assignment_B_notfound_20261007_123855,2.600,1791344373.176770,40,1791344373.163511,camera_color_optical_frame,1,0.1295,-0.0000,0.02000,0.011,1,TRACKING,ok,-7.831,0.000,deg/s,joint_states,-7.406,0.000,-7.911,0.000,0.800,-0.162,0.000,0.133,-0.000,-11.420,-0.000,,pan_sim
assignment_B_notfound_20261007_123855,2.620,1791344373.195939,40,1791344373.163511,camera_color_optical_frame,1,0.1295,-0.0000,0.02000,0.030,1,TRACKING,ok,-7.831,0.000,deg/s,joint_states,-7.574,0.000,-7.831,0.000,0.800,-0.164,0.000,0.133,-0.000,-11.582,-0.000,,pan_sim
assignment_B_notfound_20261007_123855,2.641,1791344373.217660,41,1791344373.197326,camera_color_optical_frame,1,0.1332,-0.0000,0.02000,0.014,1,TRACKING,ok,-8.053,0.000,deg/s,joint_states,-7.724,0.000,-7.831,0.000,0.800,-0.166,0.000,0.133,-0.000,-11.752,-0.000,,pan_sim
assignment_B_notfound_20261007_123855,2.660,1791344373.235879,42,1791344373.230273,camera_color_optical_frame,1,0.1320,-0.0000,0.02000,0.004,1,TRACKING,ok,-7.978,0.000,deg/s,joint_states,-7.883,0.000,-8.053,0.000,0.800,-0.169,0.000,0.133,-0.000,-11.911,-0.000,,pan_sim
assignment_B_notfound_20261007_123855,2.681,1791344373.257241,42,1791344373.230273,camera_color_optical_frame,1,0.1320,-0.0000,0.02000,0.024,1,TRACKING,ok,-7.978,0.000,deg/s,joint_states,-8.039,0.000,-7.978,0.000,0.800,-0.171,0.000,0.134,-0.000,-12.080,-0.000,,pan_sim
assignment_B_notfound_20261007_123855,2.701,1791344373.277522,43,1791344373.263461,camera_color_optical_frame,1,0.1304,-0.0000,0.02000,0.011,1,TRACKING,ok,-7.881,0.000,deg/s,joint_states,-8.204,0.000,-7.978,0.000,0.800,-0.174,0.000,0.134,-0.000,-12.245,-0.000,,pan_sim
assignment_B_notfound_20261007_123855,2.721,1791344373.297745,43,1791344373.263461,camera_color_optical_frame,1,0.1304,-0.0000,0.02000,0.031,1,TRACKING,ok,-7.881,0.000,deg/s,joint_states,-8.360,0.000,-7.881,0.000,0.800,-0.176,0.000,0.134,-0.000,-12.410,-0.000,,pan_sim
assignment_B_notfound_20261007_123855,2.740,1791344373.316557,44,1791344373.297558,camera_color_optical_frame,1,0.1345,-0.0000,0.02000,0.015,1,TRACKING,ok,-8.130,0.000,deg/s,joint_states,-8.521,0.000,-7.881,0.000,0.800,-0.178,0.000,0.134,-0.000,-12.570,-0.000,,pan_sim
assignment_B_notfound_20261007_123855,2.762,1791344373.337462,45,1791344373.330203,camera_color_optical_frame,1,0.1326,-0.0000,0.02000,0.005,1,TRACKING,ok,-8.014,0.000,deg/s,joint_states,-8.685,0.000,-8.130,0.000,0.800,-0.181,0.000,0.134,-0.000,-12.744,-0.000,,pan_sim
assignment_B_notfound_20261007_123855,2.781,1791344373.357527,45,1791344373.330203,camera_color_optical_frame,1,0.1326,-0.0000,0.02000,0.024,1,TRACKING,ok,-8.014,0.000,deg/s,joint_states,-8.837,0.000,-8.014,0.000,0.800,-0.183,0.000,0.134,-0.000,-12.900,-0.000,,pan_sim
assignment_B_notfound_20261007_123855,2.801,1791344373.377212,46,1791344373.363644,camera_color_optical_frame,1,0.1312,-0.0000,0.02000,0.011,1,TRACKING,ok,-7.929,0.000,deg/s,joint_states,-9.000,0.000,-8.014,0.000,0.800,-0.186,0.000,0.134,-0.000,-13.063,-0.000,,pan_sim
assignment_B_notfound_20261007_123855,2.820,1791344373.396881,46,1791344373.363644,camera_color_optical_frame,1,0.1312,-0.0000,0.02000,0.031,1,TRACKING,ok,-7.929,0.000,deg/s,joint_states,-9.161,0.000,-7.929,0.000,0.800,-0.188,0.000,0.134,-0.000,-13.224,-0.000,,pan_sim
assignment_B_notfound_20261007_123855,2.841,1791344373.417502,47,1791344373.397608,camera_color_optical_frame,1,0.1350,-0.0000,0.02000,0.013,1,TRACKING,ok,-8.162,0.000,deg/s,joint_states,-9.329,0.000,-7.929,0.000,0.800,-0.190,0.000,0.134,-0.000,-13.389,-0.000,,pan_sim
assignment_B_notfound_20261007_123855,2.861,1791344373.436819,48,1791344373.430606,camera_color_optical_frame,1,0.1333,-0.0000,0.02000,0.003,1,TRACKING,ok,-8.060,0.000,deg/s,joint_states,-9.480,0.000,-8.162,0.000,0.800,-0.193,0.000,0.135,-0.000,-13.554,-0.000,,pan_sim
assignment_B_notfound_20261007_123855,2.881,1791344373.457588,48,1791344373.430606,camera_color_optical_frame,1,0.1333,-0.0000,0.02000,0.023,1,TRACKING,ok,-8.060,0.000,deg/s,joint_states,-9.638,0.000,-8.060,0.000,0.800,-0.195,0.000,0.135,-0.000,-13.715,-0.000,,pan_sim
assignment_B_notfound_20261007_123855,2.900,1791344373.476161,49,1791344373.463462,camera_color_optical_frame,1,0.1315,-0.0000,0.02000,0.011,1,TRACKING,ok,-7.947,0.000,deg/s,joint_states,-9.803,0.000,-8.060,0.000,0.800,-0.198,0.000,0.135,-0.000,-13.872,-0.000,,pan_sim
assignment_B_notfound_20261007_123855,2.920,1791344373.496583,49,1791344373.463462,camera_color_optical_frame,1,0.1315,-0.0000,0.02000,0.031,1,TRACKING,ok,-7.947,0.000,deg/s,joint_states,-9.959,0.000,-7.947,0.000,0.800,-0.200,0.000,0.135,-0.000,-14.035,-0.000,,pan_sim
assignment_B_notfound_20261007_123855,2.941,1791344373.517591,50,1791344373.497183,camera_color_optical_frame,1,0.1354,-0.0000,0.02000,0.016,1,TRACKING,ok,-8.182,0.000,deg/s,joint_states,-10.120,0.000,-7.947,0.000,0.800,-0.202,0.000,0.135,-0.000,-14.201,-0.000,,pan_sim
assignment_B_notfound_20261007_123855,2.960,1791344373.535973,51,1791344373.530141,camera_color_optical_frame,1,0.1333,-0.0000,0.02000,0.004,1,TRACKING,ok,-8.058,0.000,deg/s,joint_states,-10.287,0.000,-8.182,0.000,0.800,-0.205,0.000,0.135,-0.000,-14.356,-0.000,,pan_sim
assignment_B_notfound_20261007_123855,2.980,1791344373.555957,51,1791344373.530141,camera_color_optical_frame,1,0.1333,-0.0000,0.02000,0.024,1,TRACKING,ok,-8.058,0.000,deg/s,joint_states,-10.442,0.000,-8.058,0.000,0.800,-0.207,0.000,0.135,-0.000,-14.517,-0.000,,pan_sim
assignment_B_notfound_20261007_123855,3.000,1791344373.575889,52,1791344373.563733,camera_color_optical_frame,1,0.1316,-0.0000,0.02000,0.010,1,TRACKING,ok,-7.957,0.000,deg/s,joint_states,-10.608,0.000,-8.058,0.000,0.800,-0.210,0.000,0.135,-0.000,-14.678,-0.000,,pan_sim
assignment_B_notfound_20261007_123855,3.021,1791344373.597647,52,1791344373.563733,camera_color_optical_frame,1,0.1316,-0.0000,0.02000,0.031,1,TRACKING,ok,-7.957,0.000,deg/s,joint_states,-10.763,0.000,-7.957,0.000,0.800,-0.212,0.000,0.135,-0.000,-14.843,-0.000,,pan_sim
assignment_B_notfound_20261007_123855,3.041,1791344373.617561,53,1791344373.597483,camera_color_optical_frame,1,0.1355,-0.0000,0.02000,0.015,1,TRACKING,ok,-8.190,0.000,deg/s,joint_states,-10.925,0.000,-7.957,0.000,0.800,-0.214,0.000,0.135,-0.000,-15.005,-0.000,,pan_sim
assignment_B_notfound_20261007_123855,3.062,1791344373.637687,54,1791344373.630201,camera_color_optical_frame,1,0.1334,-0.0000,0.02000,0.005,1,TRACKING,ok,-8.064,0.000,deg/s,joint_states,-11.089,0.000,-8.190,0.000,0.800,-0.217,0.000,0.135,-0.000,-15.173,-0.000,,pan_sim
assignment_B_notfound_20261007_123855,3.080,1791344373.655880,54,1791344373.630201,camera_color_optical_frame,1,0.1334,-0.0000,0.02000,0.024,1,TRACKING,ok,-8.064,0.000,deg/s,joint_states,-11.247,0.000,-8.064,0.000,0.800,-0.219,0.000,0.135,-0.000,-15.320,-0.000,,pan_sim
assignment_B_notfound_20261007_123855,3.100,1791344373.675968,55,1791344373.663471,camera_color_optical_frame,1,0.1315,-0.0000,0.02000,0.010,1,TRACKING,ok,-7.947,0.000,deg/s,joint_states,-11.413,0.000,-8.064,0.000,0.800,-0.222,0.000,0.135,-0.000,-15.480,-0.000,,pan_sim
assignment_B_notfound_20261007_123855,3.120,1791344373.696769,55,1791344373.663471,camera_color_optical_frame,1,0.1315,-0.0000,0.02000,0.031,1,TRACKING,ok,-7.947,0.000,deg/s,joint_states,-11.567,0.000,-7.947,0.000,0.800,-0.224,0.000,0.135,-0.000,-15.642,-0.000,,pan_sim
assignment_B_notfound_20261007_123855,3.140,1791344373.716016,56,1791344373.697145,camera_color_optical_frame,1,0.1353,-0.0000,0.02000,0.014,1,TRACKING,ok,-8.177,0.000,deg/s,joint_states,-11.729,0.000,-7.947,0.000,0.800,-0.226,0.000,0.135,-0.000,-15.799,-0.000,,pan_sim
assignment_B_notfound_20261007_123855,3.161,1791344373.736397,57,1791344373.730369,camera_color_optical_frame,1,0.1332,-0.0000,0.02000,0.004,1,TRACKING,ok,-8.051,0.000,deg/s,joint_states,-11.894,0.000,-8.177,0.000,0.800,-0.229,0.000,0.135,-0.000,-15.961,-0.000,,pan_sim
assignment_B_notfound_20261007_123855,3.180,1791344373.756438,57,1791344373.730369,camera_color_optical_frame,1,0.1332,-0.0000,0.02000,0.023,1,TRACKING,ok,-8.051,0.000,deg/s,joint_states,-12.050,0.000,-8.051,0.000,0.800,-0.231,0.000,0.135,-0.000,-16.118,-0.000,,pan_sim
assignment_B_notfound_20261007_123855,3.201,1791344373.777536,58,1791344373.763495,camera_color_optical_frame,1,0.1313,-0.0000,0.02000,0.011,1,TRACKING,ok,-7.940,0.000,deg/s,joint_states,-12.213,0.000,-8.051,0.000,0.800,-0.234,0.000,0.135,-0.000,-16.280,-0.000,,pan_sim
assignment_B_notfound_20261007_123855,3.221,1791344373.797425,58,1791344373.763495,camera_color_optical_frame,1,0.1313,-0.0000,0.02000,0.031,1,TRACKING,ok,-7.940,0.000,deg/s,joint_states,-12.374,0.000,-7.940,0.000,0.800,-0.236,0.000,0.134,-0.000,-16.438,-0.000,,pan_sim
assignment_B_notfound_20261007_123855,3.240,1791344373.816242,59,1791344373.797480,camera_color_optical_frame,1,0.1349,-0.0000,0.02000,0.015,1,TRACKING,ok,-8.156,0.000,deg/s,joint_states,-12.536,0.000,-7.940,0.000,0.800,-0.238,0.000,0.134,-0.000,-16.592,-0.000,,pan_sim
assignment_B_notfound_20261007_123855,3.260,1791344373.835852,60,1791344373.830170,camera_color_optical_frame,1,0.1328,-0.0000,0.02000,0.004,1,TRACKING,ok,-8.026,0.000,deg/s,joint_states,-12.697,0.000,-8.156,0.000,0.800,-0.241,0.000,0.134,-0.000,-16.748,-0.000,,pan_sim
assignment_B_notfound_20261007_123855,3.280,1791344373.856442,60,1791344373.830170,camera_color_optical_frame,1,0.1328,-0.0000,0.02000,0.024,1,TRACKING,ok,-8.026,0.000,deg/s,joint_states,-12.853,0.000,-8.026,0.000,0.800,-0.243,0.000,0.134,-0.000,-16.908,-0.000,,pan_sim
assignment_B_notfound_20261007_123855,3.300,1791344373.875839,61,1791344373.863458,camera_color_optical_frame,1,0.1309,-0.0000,0.02000,0.010,1,TRACKING,ok,-7.915,0.000,deg/s,joint_states,-13.014,0.000,-8.026,0.000,0.800,-0.246,0.000,0.134,-0.000,-17.063,-0.000,,pan_sim
assignment_B_notfound_20261007_123855,3.321,1791344373.897728,61,1791344373.863458,camera_color_optical_frame,1,0.1309,-0.0000,0.02000,0.031,1,TRACKING,ok,-7.915,0.000,deg/s,joint_states,-13.172,0.000,-7.915,0.000,0.800,-0.248,0.000,0.134,-0.000,-17.226,-0.000,,pan_sim
assignment_B_notfound_20261007_123855,3.341,1791344373.917540,62,1791344373.897548,camera_color_optical_frame,1,0.1346,-0.0000,0.02000,0.015,1,TRACKING,ok,-8.136,0.000,deg/s,joint_states,-13.333,0.000,-7.915,0.000,0.800,-0.250,0.000,0.134,-0.000,-17.382,-0.000,,pan_sim
assignment_B_notfound_20261007_123855,3.361,1791344373.937216,63,1791344373.930528,camera_color_optical_frame,1,0.1324,-0.0000,0.02000,0.004,1,TRACKING,ok,-8.004,0.000,deg/s,joint_states,-13.496,0.000,-8.136,0.000,0.800,-0.253,0.000,0.134,-0.000,-17.543,-0.000,,pan_sim
assignment_B_notfound_20261007_123855,3.380,1791344373.956171,63,1791344373.930528,camera_color_optical_frame,1,0.1324,-0.0000,0.02000,0.023,1,TRACKING,ok,-8.004,0.000,deg/s,joint_states,-13.653,0.000,-8.004,0.000,0.800,-0.255,0.000,0.134,-0.000,-17.691,-0.000,,pan_sim
assignment_B_notfound_20261007_123855,3.400,1791344373.975863,64,1791344373.964480,camera_color_optical_frame,1,0.1307,-0.0000,0.02000,0.009,1,TRACKING,ok,-7.899,0.000,deg/s,joint_states,-13.813,0.000,-8.004,0.000,0.800,-0.258,0.000,0.133,-0.000,-17.845,-0.000,,pan_sim
assignment_B_notfound_20261007_123855,3.420,1791344373.996619,64,1791344373.964480,camera_color_optical_frame,1,0.1307,-0.0000,0.02000,0.030,1,TRACKING,ok,-7.899,0.000,deg/s,joint_states,-13.972,0.000,-7.899,0.000,0.800,-0.260,0.000,0.133,-0.000,-18.004,-0.000,,pan_sim
assignment_B_notfound_20261007_123855,3.441,1791344374.017571,65,1791344373.997097,camera_color_optical_frame,1,0.1338,-0.0000,0.02000,0.015,1,TRACKING,ok,-8.090,0.000,deg/s,joint_states,-14.131,0.000,-7.899,0.000,0.800,-0.262,0.000,0.133,-0.000,-18.162,-0.000,,pan_sim
assignment_B_notfound_20261007_123855,3.461,1791344374.036778,66,1791344374.030406,camera_color_optical_frame,1,0.1317,-0.0000,0.02000,0.004,1,TRACKING,ok,-7.962,0.000,deg/s,joint_states,-14.294,0.000,-8.090,0.000,0.800,-0.265,0.000,0.133,-0.000,-18.318,-0.000,,pan_sim
assignment_B_notfound_20261007_123855,3.481,1791344374.057656,66,1791344374.030406,camera_color_optical_frame,1,0.1317,-0.0000,0.02000,0.024,1,TRACKING,ok,-7.962,0.000,deg/s,joint_states,-14.449,0.000,-7.962,0.000,0.800,-0.267,0.000,0.133,-0.000,-18.472,-0.000,,pan_sim
assignment_B_notfound_20261007_123855,3.500,1791344374.075862,67,1791344374.063658,camera_color_optical_frame,1,0.1297,-0.0000,0.02000,0.010,1,TRACKING,ok,-7.838,0.000,deg/s,joint_states,-14.614,0.000,-7.962,0.000,0.800,-0.270,0.000,0.133,-0.000,-18.620,-0.000,,pan_sim
assignment_B_notfound_20261007_123855,3.520,1791344374.096178,67,1791344374.063658,camera_color_optical_frame,1,0.1297,-0.0000,0.02000,0.030,1,TRACKING,ok,-7.838,0.000,deg/s,joint_states,-14.765,0.000,-7.838,0.000,0.800,-0.272,0.000,0.133,-0.000,-18.776,-0.000,,pan_sim
assignment_B_notfound_20261007_123855,3.541,1791344374.117579,68,1791344374.096974,camera_color_optical_frame,1,0.1331,-0.0000,0.02000,0.017,1,TRACKING,ok,-8.048,0.000,deg/s,joint_states,-14.924,0.000,-7.838,0.000,0.800,-0.274,0.000,0.133,-0.000,-18.934,-0.000,,pan_sim
assignment_B_notfound_20261007_123855,3.561,1791344374.136455,69,1791344374.130240,camera_color_optical_frame,1,0.1310,-0.0000,0.02000,0.004,1,TRACKING,ok,-7.916,0.000,deg/s,joint_states,-15.087,0.000,-8.048,0.000,0.800,-0.277,0.000,0.132,-0.000,-19.087,-0.000,,pan_sim
assignment_B_notfound_20261007_123855,3.580,1791344374.156166,69,1791344374.130240,camera_color_optical_frame,1,0.1310,-0.0000,0.02000,0.024,1,TRACKING,ok,-7.916,0.000,deg/s,joint_states,-15.241,0.000,-7.916,0.000,0.800,-0.279,0.000,0.132,-0.000,-19.237,-0.000,,pan_sim
assignment_B_notfound_20261007_123855,3.600,1791344374.175923,70,1791344374.163462,camera_color_optical_frame,1,0.1290,-0.0000,0.02000,0.010,1,TRACKING,ok,-7.799,0.000,deg/s,joint_states,-15.401,0.000,-7.916,0.000,0.800,-0.282,0.000,0.132,-0.000,-19.389,-0.000,,pan_sim
assignment_B_notfound_20261007_123855,3.620,1791344374.196612,70,1791344374.163462,camera_color_optical_frame,1,0.1290,-0.0000,0.02000,0.031,1,TRACKING,ok,-7.799,0.000,deg/s,joint_states,-15.556,0.000,-7.799,0.000,0.800,-0.284,0.000,0.132,-0.000,-19.544,-0.000,,pan_sim
assignment_B_notfound_20261007_123855,3.641,1791344374.217540,71,1791344374.197088,camera_color_optical_frame,1,0.1324,-0.0000,0.02000,0.015,1,TRACKING,ok,-8.002,0.000,deg/s,joint_states,-15.714,0.000,-7.799,0.000,0.800,-0.286,0.000,0.132,-0.000,-19.699,-0.000,,pan_sim
assignment_B_notfound_20261007_123855,3.660,1791344374.236448,72,1791344374.230699,camera_color_optical_frame,1,0.1303,-0.0000,0.02000,0.002,1,TRACKING,ok,-7.875,0.000,deg/s,joint_states,-15.875,0.000,-8.002,0.000,0.800,-0.289,0.000,0.131,-0.000,-19.848,-0.000,,pan_sim
assignment_B_notfound_20261007_123855,3.681,1791344374.257620,72,1791344374.230699,camera_color_optical_frame,1,0.1303,-0.0000,0.02000,0.023,1,TRACKING,ok,-7.875,0.000,deg/s,joint_states,-16.030,0.000,-7.875,0.000,0.800,-0.291,0.000,0.131,-0.000,-20.004,-0.000,,pan_sim
assignment_B_notfound_20261007_123855,3.700,1791344374.276290,73,1791344374.263526,camera_color_optical_frame,1,0.1281,-0.0000,0.02000,0.010,1,TRACKING,ok,-7.743,0.000,deg/s,joint_states,-16.191,0.000,-7.875,0.000,0.800,-0.294,0.000,0.131,-0.000,-20.151,-0.000,,pan_sim
assignment_B_notfound_20261007_123855,3.721,1791344374.297705,73,1791344374.263526,camera_color_optical_frame,1,0.1281,-0.0000,0.02000,0.031,1,TRACKING,ok,-7.743,0.000,deg/s,joint_states,-16.343,0.000,-7.743,0.000,0.800,-0.296,0.000,0.131,-0.000,-20.307,-0.000,,pan_sim
assignment_B_notfound_20261007_123855,3.740,1791344374.316427,74,1791344374.297543,camera_color_optical_frame,1,0.1316,-0.0000,0.02000,0.015,1,TRACKING,ok,-7.954,0.000,deg/s,joint_states,-16.503,0.000,-7.743,0.000,0.800,-0.298,0.000,0.131,-0.000,-20.454,-0.000,,pan_sim
assignment_B_notfound_20261007_123855,3.760,1791344374.335946,75,1791344374.330303,camera_color_optical_frame,1,0.1294,-0.0000,0.02000,0.003,1,TRACKING,ok,-7.820,0.000,deg/s,joint_states,-16.657,0.000,-7.954,0.000,0.800,-0.301,0.000,0.131,-0.000,-20.604,-0.000,,pan_sim
assignment_B_notfound_20261007_123855,3.780,1791344374.356268,75,1791344374.330303,camera_color_optical_frame,1,0.1294,-0.0000,0.02000,0.023,1,TRACKING,ok,-7.820,0.000,deg/s,joint_states,-16.812,0.000,-7.820,0.000,0.800,-0.303,0.000,0.130,-0.000,-20.755,-0.000,,pan_sim
assignment_B_notfound_20261007_123855,3.800,1791344374.376518,76,1791344374.363497,camera_color_optical_frame,1,0.1273,-0.0000,0.02000,0.011,1,TRACKING,ok,-7.695,0.000,deg/s,joint_states,-16.969,0.000,-7.820,0.000,0.800,-0.306,0.000,0.130,-0.000,-20.906,-0.000,,pan_sim
assignment_B_notfound_20261007_123855,3.820,1791344374.396629,76,1791344374.363497,camera_color_optical_frame,1,0.1273,-0.0000,0.02000,0.031,1,TRACKING,ok,-7.695,0.000,deg/s,joint_states,-17.124,0.000,-7.695,0.000,0.800,-0.308,0.000,0.130,-0.000,-21.056,-0.000,,pan_sim
assignment_B_notfound_20261007_123855,3.840,1791344374.416682,77,1791344374.399485,camera_color_optical_frame,1,0.1311,-0.0000,0.02000,0.014,1,TRACKING,ok,-7.925,0.000,deg/s,joint_states,-17.293,0.000,-7.695,0.000,0.800,-0.310,0.000,0.129,-0.000,-21.207,-0.000,,pan_sim
assignment_B_notfound_20261007_123855,3.861,1791344374.437522,78,1791344374.430353,camera_color_optical_frame,1,0.1284,-0.0000,0.02000,0.003,1,TRACKING,ok,-7.761,0.000,deg/s,joint_states,-17.437,0.000,-7.925,0.000,0.800,-0.313,0.000,0.130,-0.000,-21.359,-0.000,,pan_sim
assignment_B_notfound_20261007_123855,3.880,1791344374.456341,78,1791344374.430353,camera_color_optical_frame,1,0.1284,-0.0000,0.02000,0.023,1,TRACKING,ok,-7.761,0.000,deg/s,joint_states,-17.591,0.000,-7.761,0.000,0.800,-0.315,0.000,0.129,-0.000,-21.504,-0.000,,pan_sim
assignment_B_notfound_20261007_123855,3.901,1791344374.477549,79,1791344374.463475,camera_color_optical_frame,1,0.1262,-0.0000,0.02000,0.011,1,TRACKING,ok,-7.631,0.000,deg/s,joint_states,-17.748,0.000,-7.761,0.000,0.800,-0.318,0.000,0.129,-0.000,-21.655,-0.000,,pan_sim
assignment_B_notfound_20261007_123855,3.920,1791344374.495920,79,1791344374.463475,camera_color_optical_frame,1,0.1262,-0.0000,0.02000,0.030,1,TRACKING,ok,-7.631,0.000,deg/s,joint_states,-17.901,0.000,-7.631,0.000,0.800,-0.320,0.000,0.129,-0.000,-21.798,-0.000,,pan_sim
assignment_B_notfound_20261007_123855,3.941,1791344374.517504,80,1791344374.496937,camera_color_optical_frame,1,0.1294,-0.0000,0.02000,0.017,1,TRACKING,ok,-7.822,0.000,deg/s,joint_states,-18.051,0.000,-7.631,0.000,0.800,-0.322,0.000,0.129,-0.000,-21.951,-0.000,,pan_sim
assignment_B_notfound_20261007_123855,3.961,1791344374.536670,81,1791344374.530161,camera_color_optical_frame,1,0.1273,-0.0000,0.02000,0.004,1,TRACKING,ok,-7.693,0.000,deg/s,joint_states,-18.211,0.000,-7.822,0.000,0.800,-0.325,0.000,0.129,-0.000,-22.098,-0.000,,pan_sim
assignment_B_notfound_20261007_123855,3.980,1791344374.555962,81,1791344374.530161,camera_color_optical_frame,1,0.1273,-0.0000,0.02000,0.024,1,TRACKING,ok,-7.693,0.000,deg/s,joint_states,-18.361,0.000,-7.693,0.000,0.800,-0.327,0.000,0.128,-0.000,-22.242,-0.000,,pan_sim
assignment_B_notfound_20261007_123855,4.000,1791344374.576025,82,1791344374.563679,camera_color_optical_frame,1,0.1252,-0.0000,0.02000,0.010,1,TRACKING,ok,-7.571,0.000,deg/s,joint_states,-18.519,0.000,-7.693,0.000,0.800,-0.330,0.000,0.128,-0.000,-22.389,-0.000,,pan_sim
assignment_B_notfound_20261007_123855,4.020,1791344374.596730,82,1791344374.563679,camera_color_optical_frame,1,0.1252,-0.0000,0.02000,0.031,1,TRACKING,ok,-7.571,0.000,deg/s,joint_states,-18.666,0.000,-7.571,0.000,0.800,-0.332,0.000,0.128,-0.000,-22.538,-0.000,,pan_sim
assignment_B_notfound_20261007_123855,4.041,1791344374.617699,83,1791344374.599906,camera_color_optical_frame,1,0.1292,-0.0000,0.02000,0.014,1,TRACKING,ok,-7.809,0.000,deg/s,joint_states,-18.820,0.000,-7.571,0.000,0.800,-0.334,0.000,0.128,-0.000,-22.687,-0.000,,pan_sim
assignment_B_notfound_20261007_123855,4.063,1791344374.639599,84,1791344374.630307,camera_color_optical_frame,1,0.1260,-0.0000,0.02000,0.003,1,TRACKING,ok,-7.618,0.000,deg/s,joint_states,-18.984,0.000,-7.809,0.000,0.800,-0.337,0.000,0.128,-0.000,-22.849,-0.000,,pan_sim
assignment_B_notfound_20261007_123855,4.081,1791344374.657437,84,1791344374.630307,camera_color_optical_frame,1,0.1260,-0.0000,0.02000,0.021,1,TRACKING,ok,-7.618,0.000,deg/s,joint_states,-19.130,0.000,-7.809,0.000,0.800,-0.339,0.000,0.127,-0.000,-22.980,-0.000,,pan_sim
assignment_B_notfound_20261007_123855,4.100,1791344374.675855,85,1791344374.663455,camera_color_optical_frame,1,0.1240,-0.0000,0.02000,0.010,1,TRACKING,ok,-7.496,0.000,deg/s,joint_states,-19.287,0.000,-7.618,0.000,0.800,-0.342,0.000,0.127,-0.000,-23.119,-0.000,,pan_sim
assignment_B_notfound_20261007_123855,4.120,1791344374.695860,85,1791344374.663455,camera_color_optical_frame,1,0.1240,-0.0000,0.02000,0.030,1,TRACKING,ok,-7.496,0.000,deg/s,joint_states,-19.432,0.000,-7.496,0.000,0.800,-0.344,0.000,0.127,-0.000,-23.265,-0.000,,pan_sim
assignment_B_notfound_20261007_123855,4.141,1791344374.717511,86,1791344374.696920,camera_color_optical_frame,1,0.1272,-0.0000,0.02000,0.017,1,TRACKING,ok,-7.692,0.000,deg/s,joint_states,-19.582,0.000,-7.496,0.000,0.800,-0.346,0.000,0.127,-0.000,-23.414,-0.000,,pan_sim
assignment_B_notfound_20261007_123855,4.162,1791344374.737461,87,1791344374.730196,camera_color_optical_frame,1,0.1251,-0.0000,0.02000,0.005,1,TRACKING,ok,-7.562,0.000,deg/s,joint_states,-19.738,0.000,-7.692,0.000,0.800,-0.349,0.000,0.127,-0.000,-23.565,-0.000,,pan_sim
assignment_B_notfound_20261007_123855,4.181,1791344374.757601,87,1791344374.730196,camera_color_optical_frame,1,0.1251,-0.0000,0.02000,0.024,1,TRACKING,ok,-7.562,0.000,deg/s,joint_states,-19.887,0.000,-7.562,0.000,0.800,-0.351,0.000,0.126,-0.000,-23.704,-0.000,,pan_sim
assignment_B_notfound_20261007_123855,4.201,1791344374.777531,88,1791344374.763448,camera_color_optical_frame,1,0.1230,-0.0000,0.02000,0.011,1,TRACKING,ok,-7.434,0.000,deg/s,joint_states,-20.042,0.000,-7.562,0.000,0.800,-0.354,0.000,0.126,-0.000,-23.847,-0.000,,pan_sim
assignment_B_notfound_20261007_123855,4.220,1791344374.796008,88,1791344374.763448,camera_color_optical_frame,1,0.1230,-0.0000,0.02000,0.030,1,TRACKING,ok,-7.434,0.000,deg/s,joint_states,-20.190,0.000,-7.434,0.000,0.800,-0.356,0.000,0.126,-0.000,-23.986,-0.000,,pan_sim
assignment_B_notfound_20261007_123855,4.241,1791344374.817538,89,1791344374.796945,camera_color_optical_frame,1,0.1260,-0.0000,0.02000,0.017,1,TRACKING,ok,-7.619,0.000,deg/s,joint_states,-20.337,0.000,-7.434,0.000,0.800,-0.358,0.000,0.126,-0.000,-24.134,-0.000,,pan_sim
assignment_B_notfound_20261007_123855,4.261,1791344374.836354,90,1791344374.830343,camera_color_optical_frame,1,0.1239,-0.0000,0.02000,0.004,1,TRACKING,ok,-7.494,0.000,deg/s,joint_states,-20.492,0.000,-7.619,0.000,0.800,-0.361,0.000,0.125,-0.000,-24.276,-0.000,,pan_sim
assignment_B_notfound_20261007_123855,4.280,1791344374.855966,90,1791344374.830343,camera_color_optical_frame,1,0.1239,-0.0000,0.02000,0.023,1,TRACKING,ok,-7.494,0.000,deg/s,joint_states,-20.638,0.000,-7.494,0.000,0.800,-0.363,0.000,0.125,-0.000,-24.415,-0.000,,pan_sim
assignment_B_notfound_20261007_123855,4.301,1791344374.877180,91,1791344374.863500,camera_color_optical_frame,1,0.1220,-0.0000,0.02000,0.011,1,TRACKING,ok,-7.375,0.000,deg/s,joint_states,-20.788,0.000,-7.494,0.000,0.800,-0.366,0.000,0.125,-0.000,-24.561,-0.000,,pan_sim
assignment_B_notfound_20261007_123855,4.321,1791344374.897703,91,1791344374.863500,camera_color_optical_frame,1,0.1220,-0.0000,0.02000,0.031,1,TRACKING,ok,-7.375,0.000,deg/s,joint_states,-20.941,0.000,-7.375,0.000,0.800,-0.368,0.000,0.125,-0.000,-24.705,-0.000,,pan_sim
assignment_B_notfound_20261007_123855,4.340,1791344374.916464,92,1791344374.897560,camera_color_optical_frame,1,0.1249,-0.0000,0.02000,0.015,1,TRACKING,ok,-7.553,0.000,deg/s,joint_states,-21.091,0.000,-7.375,0.000,0.800,-0.370,0.000,0.124,-0.000,-24.843,-0.000,,pan_sim
assignment_B_notfound_20261007_123855,4.362,1791344374.938070,93,1791344374.930455,camera_color_optical_frame,1,0.1227,-0.0000,0.02000,0.005,1,TRACKING,ok,-7.416,0.000,deg/s,joint_states,-21.242,0.000,-7.553,0.000,0.800,-0.373,0.000,0.124,-0.000,-24.999,-0.000,,pan_sim
assignment_B_notfound_20261007_123855,4.380,1791344374.956473,93,1791344374.930455,camera_color_optical_frame,1,0.1227,-0.0000,0.02000,0.023,1,TRACKING,ok,-7.416,0.000,deg/s,joint_states,-21.385,0.000,-7.416,0.000,0.800,-0.375,0.000,0.124,-0.000,-25.126,-0.000,,pan_sim
assignment_B_notfound_20261007_123855,4.400,1791344374.975976,94,1791344374.963614,camera_color_optical_frame,1,0.1207,-0.0000,0.02000,0.010,1,TRACKING,ok,-7.299,0.000,deg/s,joint_states,-21.534,0.000,-7.416,0.000,0.800,-0.378,0.000,0.123,-0.000,-25.265,-0.000,,pan_sim
assignment_B_notfound_20261007_123855,4.420,1791344374.996041,94,1791344374.963614,camera_color_optical_frame,1,0.1207,-0.0000,0.02000,0.030,1,TRACKING,ok,-7.299,0.000,deg/s,joint_states,-21.677,0.000,-7.299,0.000,0.800,-0.380,0.000,0.123,-0.000,-25.405,-0.000,,pan_sim
assignment_B_notfound_20261007_123855,4.441,1791344375.017558,95,1791344374.996970,camera_color_optical_frame,1,0.1238,-0.0000,0.02000,0.017,1,TRACKING,ok,-7.483,0.000,deg/s,joint_states,-21.824,0.000,-7.299,0.000,0.800,-0.382,0.000,0.123,-0.000,-25.550,-0.000,,pan_sim
assignment_B_notfound_20261007_123855,4.461,1791344375.036364,96,1791344375.030719,camera_color_optical_frame,1,0.1217,-0.0000,0.02000,0.002,1,TRACKING,ok,-7.358,0.000,deg/s,joint_states,-21.975,0.000,-7.483,0.000,0.800,-0.385,0.000,0.123,-0.000,-25.688,-0.000,,pan_sim
assignment_B_notfound_20261007_123855,4.480,1791344375.056052,96,1791344375.030719,camera_color_optical_frame,1,0.1217,-0.0000,0.02000,0.022,1,TRACKING,ok,-7.358,0.000,deg/s,joint_states,-22.119,0.000,-7.358,0.000,0.800,-0.387,0.000,0.123,-0.000,-25.825,-0.000,,pan_sim
assignment_B_notfound_20261007_123855,4.500,1791344375.076871,97,1791344375.063468,camera_color_optical_frame,1,0.1195,-0.0000,0.02000,0.011,1,TRACKING,ok,-7.223,0.000,deg/s,joint_states,-22.271,0.000,-7.358,0.000,0.800,-0.390,0.000,0.122,-0.000,-25.966,-0.000,,pan_sim
assignment_B_notfound_20261007_123855,4.521,1791344375.097687,97,1791344375.063468,camera_color_optical_frame,1,0.1195,-0.0000,0.02000,0.031,1,TRACKING,ok,-7.223,0.000,deg/s,joint_states,-22.412,0.000,-7.223,0.000,0.800,-0.392,0.000,0.122,-0.000,-26.107,-0.000,,pan_sim
assignment_B_notfound_20261007_123855,4.540,1791344375.115959,98,1791344375.097573,camera_color_optical_frame,1,0.1226,-0.0000,0.02000,0.014,1,TRACKING,ok,-7.414,0.000,deg/s,joint_states,-22.563,0.000,-7.223,0.000,0.800,-0.394,0.000,0.122,-0.000,-26.240,-0.000,,pan_sim
assignment_B_notfound_20261007_123855,4.560,1791344375.136055,99,1791344375.130199,camera_color_optical_frame,1,0.1203,-0.0000,0.02000,0.002,1,TRACKING,ok,-7.273,0.000,deg/s,joint_states,-22.708,0.000,-7.414,0.000,0.800,-0.397,0.000,0.121,-0.000,-26.380,-0.000,,pan_sim
assignment_B_notfound_20261007_123855,4.580,1791344375.156251,99,1791344375.130199,camera_color_optical_frame,1,0.1203,-0.0000,0.02000,0.022,1,TRACKING,ok,-7.273,0.000,deg/s,joint_states,-22.849,0.000,-7.273,0.000,0.800,-0.399,0.000,0.121,-0.000,-26.518,-0.000,,pan_sim
assignment_B_notfound_20261007_123855,4.600,1791344375.175810,100,1791344375.163455,camera_color_optical_frame,1,0.1182,-0.0000,0.02000,0.010,1,TRACKING,ok,-7.149,0.000,deg/s,joint_states,-22.999,0.000,-7.273,0.000,0.800,-0.402,0.000,0.121,-0.000,-26.653,-0.000,,pan_sim
assignment_B_notfound_20261007_123855,4.621,1791344375.197698,100,1791344375.163455,camera_color_optical_frame,1,0.1182,-0.0000,0.02000,0.031,1,TRACKING,ok,-7.149,0.000,deg/s,joint_states,-23.137,0.000,-7.149,0.000,0.800,-0.404,0.000,0.121,-0.000,-26.796,-0.000,,pan_sim
assignment_B_notfound_20261007_123855,4.641,1791344375.217558,101,1791344375.197545,camera_color_optical_frame,1,0.1214,-0.0000,0.02000,0.015,1,TRACKING,ok,-7.341,0.000,deg/s,joint_states,-23.284,0.000,-7.149,0.000,0.800,-0.406,0.000,0.121,-0.000,-26.933,-0.000,,pan_sim
assignment_B_notfound_20261007_123855,4.661,1791344375.236351,102,1791344375.230703,camera_color_optical_frame,1,0.1192,-0.0000,0.02000,0.002,1,TRACKING,ok,-7.208,0.000,deg/s,joint_states,-23.431,0.000,-7.341,0.000,0.800,-0.409,0.000,0.120,-0.000,-27.067,-0.000,,pan_sim
assignment_B_notfound_20261007_123855,4.681,1791344375.257596,102,1791344375.230703,camera_color_optical_frame,1,0.1192,-0.0000,0.02000,0.023,1,TRACKING,ok,-7.208,0.000,deg/s,joint_states,-23.571,0.000,-7.208,0.000,0.800,-0.411,0.000,0.120,-0.000,-27.206,-0.000,,pan_sim
assignment_B_notfound_20261007_123855,4.700,1791344375.276063,103,1791344375.263522,camera_color_optical_frame,1,0.1170,-0.0000,0.02000,0.010,1,TRACKING,ok,-7.077,0.000,deg/s,joint_states,-23.719,0.000,-7.208,0.000,0.800,-0.414,0.000,0.120,-0.000,-27.337,-0.000,,pan_sim
assignment_B_notfound_20261007_123855,4.721,1791344375.297566,103,1791344375.263522,camera_color_optical_frame,1,0.1170,-0.0000,0.02000,0.031,1,TRACKING,ok,-7.077,0.000,deg/s,joint_states,-23.862,0.000,-7.077,0.000,0.800,-0.416,0.000,0.120,-0.000,-27.476,-0.000,,pan_sim
assignment_B_notfound_20261007_123855,4.740,1791344375.316404,104,1791344375.297576,camera_color_optical_frame,1,0.1200,-0.0000,0.02000,0.013,1,TRACKING,ok,-7.253,0.000,deg/s,joint_states,-24.017,0.000,-7.077,0.000,0.800,-0.418,0.000,0.119,-0.000,-27.608,-0.000,,pan_sim
assignment_B_notfound_20261007_123855,4.761,1791344375.336728,105,1791344375.330233,camera_color_optical_frame,1,0.1179,-0.0000,0.02000,0.004,1,TRACKING,ok,-7.128,0.000,deg/s,joint_states,-24.145,0.000,-7.253,0.000,0.800,-0.421,0.000,0.119,-0.000,-27.747,-0.000,,pan_sim
assignment_B_notfound_20261007_123855,4.781,1791344375.357667,105,1791344375.330233,camera_color_optical_frame,1,0.1179,-0.0000,0.02000,0.024,1,TRACKING,ok,-7.128,0.000,deg/s,joint_states,-24.286,0.000,-7.128,0.000,0.800,-0.423,0.000,0.119,-0.000,-27.881,-0.000,,pan_sim
assignment_B_notfound_20261007_123855,4.801,1791344375.377549,106,1791344375.363798,camera_color_optical_frame,1,0.1159,-0.0000,0.02000,0.011,1,TRACKING,ok,-7.006,0.000,deg/s,joint_states,-24.432,0.000,-7.128,0.000,0.800,-0.426,0.000,0.119,-0.000,-28.015,-0.000,,pan_sim
assignment_B_notfound_20261007_123855,4.820,1791344375.396591,106,1791344375.363798,camera_color_optical_frame,1,0.1159,-0.0000,0.02000,0.030,1,TRACKING,ok,-7.006,0.000,deg/s,joint_states,-24.572,0.000,-7.006,0.000,0.800,-0.428,0.000,0.118,-0.000,-28.146,-0.000,,pan_sim
assignment_B_notfound_20261007_123855,4.840,1791344375.416341,107,1791344375.397209,camera_color_optical_frame,1,0.1186,-0.0000,0.02000,0.015,1,TRACKING,ok,-7.173,0.000,deg/s,joint_states,-24.710,0.000,-7.006,0.000,0.800,-0.430,0.000,0.118,-0.000,-28.279,-0.000,,pan_sim
assignment_B_notfound_20261007_123855,4.861,1791344375.436959,108,1791344375.430278,camera_color_optical_frame,1,0.1165,-0.0000,0.02000,0.002,1,TRACKING,ok,-7.042,0.000,deg/s,joint_states,-24.858,0.000,-7.173,0.000,0.800,-0.433,0.000,0.118,-0.000,-28.418,-0.000,,pan_sim
assignment_B_notfound_20261007_123855,4.880,1791344375.455909,108,1791344375.430278,camera_color_optical_frame,1,0.1165,-0.0000,0.02000,0.021,1,TRACKING,ok,-7.042,0.000,deg/s,joint_states,-24.993,0.000,-7.042,0.000,0.800,-0.435,0.000,0.117,-0.000,-28.544,-0.000,,pan_sim
assignment_B_notfound_20261007_123855,4.900,1791344375.475932,109,1791344375.463460,camera_color_optical_frame,1,0.1145,-0.0000,0.02000,0.009,1,TRACKING,ok,-6.927,0.000,deg/s,joint_states,-25.136,0.000,-7.042,0.000,0.800,-0.438,0.000,0.117,-0.000,-28.676,-0.000,,pan_sim
assignment_B_notfound_20261007_123855,4.920,1791344375.496761,109,1791344375.463460,camera_color_optical_frame,1,0.1145,-0.0000,0.02000,0.029,1,TRACKING,ok,-6.927,0.000,deg/s,joint_states,-25.273,0.000,-6.927,0.000,0.800,-0.440,0.000,0.117,-0.000,-28.810,-0.000,,pan_sim
assignment_B_notfound_20261007_123855,4.941,1791344375.517538,110,1791344375.497320,camera_color_optical_frame,1,0.1174,-0.0000,0.02000,0.015,1,TRACKING,ok,-7.101,0.000,deg/s,joint_states,-25.414,0.000,-6.927,0.000,0.800,-0.442,0.000,0.117,-0.000,-28.944,-0.000,,pan_sim
assignment_B_notfound_20261007_123855,4.961,1791344375.536818,111,1791344375.530421,camera_color_optical_frame,1,0.1152,-0.0000,0.02000,0.004,1,TRACKING,ok,-6.969,0.000,deg/s,joint_states,-25.556,0.000,-7.101,0.000,0.800,-0.445,0.000,0.117,-0.000,-29.079,-0.000,,pan_sim
assignment_B_notfound_20261007_123855,4.980,1791344375.556023,111,1791344375.530421,camera_color_optical_frame,1,0.1152,-0.0000,0.02000,0.023,1,TRACKING,ok,-6.969,0.000,deg/s,joint_states,-25.692,0.000,-6.969,0.000,0.800,-0.447,0.000,0.116,-0.000,-29.206,-0.000,,pan_sim
assignment_B_notfound_20261007_123855,5.000,1791344375.575862,112,1791344375.563684,camera_color_optical_frame,1,0.1133,-0.0000,0.02000,0.010,1,TRACKING,ok,-6.853,0.000,deg/s,joint_states,-25.832,0.000,-6.969,0.000,0.800,-0.450,0.000,0.116,-0.000,-29.333,-0.000,,pan_sim
assignment_B_notfound_20261007_123855,5.020,1791344375.596663,112,1791344375.563684,camera_color_optical_frame,1,0.1133,-0.0000,0.02000,0.031,1,TRACKING,ok,-6.853,0.000,deg/s,joint_states,-25.969,0.000,-6.853,0.000,0.800,-0.452,0.000,0.116,-0.000,-29.466,-0.000,,pan_sim
assignment_B_notfound_20261007_123855,5.041,1791344375.617483,113,1791344375.597205,camera_color_optical_frame,1,0.1160,-0.0000,0.02000,0.015,1,TRACKING,ok,-7.017,0.000,deg/s,joint_states,-26.108,0.000,-6.853,0.000,0.800,-0.454,0.000,0.115,-0.000,-29.598,-0.000,,pan_sim
assignment_B_notfound_20261007_123855,5.061,1791344375.636384,114,1791344375.630255,camera_color_optical_frame,1,0.1139,-0.0000,0.02000,0.004,1,TRACKING,ok,-6.885,0.000,deg/s,joint_states,-26.250,0.000,-7.017,0.000,0.800,-0.457,0.000,0.115,-0.000,-29.726,-0.000,,pan_sim
assignment_B_notfound_20261007_123855,5.081,1791344375.657611,114,1791344375.630255,camera_color_optical_frame,1,0.1139,-0.0000,0.02000,0.024,1,TRACKING,ok,-6.885,0.000,deg/s,joint_states,-26.384,0.000,-6.885,0.000,0.800,-0.459,0.000,0.115,-0.000,-29.858,-0.000,,pan_sim
assignment_B_notfound_20261007_123855,5.101,1791344375.677829,115,1791344375.663463,camera_color_optical_frame,1,0.1119,-0.0000,0.02000,0.011,1,TRACKING,ok,-6.765,0.000,deg/s,joint_states,-26.525,0.000,-6.885,0.000,0.800,-0.462,0.000,0.114,-0.000,-29.986,-0.000,,pan_sim
assignment_B_notfound_20261007_123855,5.121,1791344375.697700,115,1791344375.663463,camera_color_optical_frame,1,0.1119,-0.0000,0.02000,0.031,1,TRACKING,ok,-6.765,0.000,deg/s,joint_states,-26.663,0.000,-6.765,0.000,0.800,-0.464,0.000,0.114,-0.000,-30.116,-0.000,,pan_sim
assignment_B_notfound_20261007_123855,5.141,1791344375.717555,116,1791344375.697514,camera_color_optical_frame,1,0.1146,-0.0000,0.02000,0.015,1,TRACKING,ok,-6.928,0.000,deg/s,joint_states,-26.803,0.000,-6.765,0.000,0.800,-0.466,0.000,0.114,-0.000,-30.244,-0.000,,pan_sim
assignment_B_notfound_20261007_123855,5.161,1791344375.736807,117,1791344375.730745,camera_color_optical_frame,1,0.1126,-0.0000,0.02000,0.003,1,TRACKING,ok,-6.812,0.000,deg/s,joint_states,-26.934,0.000,-6.928,0.000,0.800,-0.469,0.000,0.114,-0.000,-30.374,-0.000,,pan_sim
assignment_B_notfound_20261007_123855,5.181,1791344375.757565,117,1791344375.730745,camera_color_optical_frame,1,0.1126,-0.0000,0.02000,0.022,1,TRACKING,ok,-6.812,0.000,deg/s,joint_states,-27.067,0.000,-6.812,0.000,0.800,-0.471,0.000,0.114,-0.000,-30.500,-0.000,,pan_sim
assignment_B_notfound_20261007_123855,5.201,1791344375.777531,118,1791344375.763466,camera_color_optical_frame,1,0.1105,-0.0000,0.02000,0.011,1,TRACKING,ok,-6.685,0.000,deg/s,joint_states,-27.206,0.000,-6.812,0.000,0.800,-0.474,0.000,0.113,-0.000,-30.627,-0.000,,pan_sim
assignment_B_notfound_20261007_123855,5.220,1791344375.796742,118,1791344375.763466,camera_color_optical_frame,1,0.1105,-0.0000,0.02000,0.031,1,TRACKING,ok,-6.685,0.000,deg/s,joint_states,-27.340,0.000,-6.685,0.000,0.800,-0.476,0.000,0.113,-0.000,-30.752,-0.000,,pan_sim
assignment_B_notfound_20261007_123855,5.241,1791344375.817521,119,1791344375.797360,camera_color_optical_frame,1,0.1133,-0.0000,0.02000,0.016,1,TRACKING,ok,-6.849,0.000,deg/s,joint_states,-27.477,0.000,-6.685,0.000,0.800,-0.478,0.000,0.113,-0.000,-30.881,-0.000,,pan_sim
assignment_B_notfound_20261007_123855,5.261,1791344375.837885,120,1791344375.830736,camera_color_optical_frame,0,0.0000,0.0000,0.00000,0.002,1,LOST,no_detection,0.000,0.000,deg/s,joint_states,-27.611,0.000,-6.849,0.000,0.800,-0.481,0.000,0.112,-0.000,-31.006,-0.000,,pan_sim
assignment_B_notfound_20261007_123855,5.281,1791344375.857586,120,1791344375.830736,camera_color_optical_frame,0,0.0000,0.0000,0.00000,0.022,1,LOST,no_detection,0.000,0.000,deg/s,joint_states,-27.611,0.000,0.000,0.000,0.800,-0.483,0.000,0.117,-0.000,-31.134,-0.000,,pan_sim
assignment_B_notfound_20261007_123855,5.300,1791344375.876071,121,1791344375.863448,camera_color_optical_frame,0,0.0000,0.0000,0.00000,0.009,1,LOST,no_detection,0.000,0.000,deg/s,joint_states,-27.611,0.000,0.000,0.000,0.800,-0.486,0.000,0.121,-0.000,-31.256,-0.000,,pan_sim
assignment_B_notfound_20261007_123855,5.320,1791344375.896674,121,1791344375.863448,camera_color_optical_frame,0,0.0000,0.0000,0.00000,0.029,1,LOST,no_detection,0.000,0.000,deg/s,joint_states,-27.611,0.000,0.000,0.000,0.800,-0.488,0.000,0.125,-0.000,-31.383,-0.000,,pan_sim
assignment_B_notfound_20261007_123855,5.340,1791344375.916722,122,1791344375.897184,camera_color_optical_frame,0,0.0000,0.0000,0.00000,0.016,1,LOST,no_detection,0.000,0.000,deg/s,joint_states,-27.611,0.000,0.000,0.000,0.800,-0.490,0.000,0.129,-0.000,-31.508,-0.000,,pan_sim
assignment_B_notfound_20261007_123855,5.361,1791344375.937423,123,1791344375.930193,camera_color_optical_frame,0,0.0000,0.0000,0.00000,0.005,1,LOST,no_detection,0.000,0.000,deg/s,joint_states,-27.611,0.000,0.000,0.000,0.800,-0.493,0.000,0.133,-0.000,-31.638,-0.000,,pan_sim
assignment_B_notfound_20261007_123855,5.380,1791344375.956194,123,1791344375.930193,camera_color_optical_frame,0,0.0000,0.0000,0.00000,0.024,1,LOST,no_detection,0.000,0.000,deg/s,joint_states,-27.611,0.000,0.000,0.000,0.800,-0.495,0.000,0.137,-0.000,-31.756,-0.000,,pan_sim
assignment_B_notfound_20261007_123855,5.400,1791344375.975906,124,1791344375.963424,camera_color_optical_frame,0,0.0000,0.0000,0.00000,0.010,1,LOST,no_detection,0.000,0.000,deg/s,joint_states,-27.611,0.000,0.000,0.000,0.800,-0.498,0.000,0.141,-0.000,-31.879,-0.000,,pan_sim
assignment_B_notfound_20261007_123855,5.420,1791344375.996433,124,1791344375.963424,camera_color_optical_frame,0,0.0000,0.0000,0.00000,0.031,1,LOST,no_detection,0.000,0.000,deg/s,joint_states,-27.611,0.000,0.000,0.000,0.800,-0.500,0.000,0.145,-0.000,-32.005,-0.000,,pan_sim
assignment_B_notfound_20261007_123855,5.441,1791344376.017561,125,1791344375.997353,camera_color_optical_frame,0,0.0000,0.0000,0.00000,0.015,1,LOST,no_detection,0.000,0.000,deg/s,joint_states,-27.611,0.000,0.000,0.000,0.800,-0.502,0.000,0.150,-0.000,-32.131,-0.000,,pan_sim
assignment_B_notfound_20261007_123855,5.460,1791344376.035854,126,1791344376.030205,camera_color_optical_frame,0,0.0000,0.0000,0.00000,0.004,1,LOST,no_detection,0.000,0.000,deg/s,joint_states,-27.611,0.000,0.000,0.000,0.800,-0.505,0.000,0.154,-0.000,-32.250,-0.000,,pan_sim
assignment_B_notfound_20261007_123855,5.481,1791344376.057576,126,1791344376.030205,camera_color_optical_frame,0,0.0000,0.0000,0.00000,0.024,1,LOST,no_detection,0.000,0.000,deg/s,joint_states,-27.611,0.000,0.000,0.000,0.800,-0.507,0.000,0.158,-0.000,-32.377,-0.000,,pan_sim
assignment_B_notfound_20261007_123855,5.500,1791344376.075928,127,1791344376.063467,camera_color_optical_frame,0,0.0000,0.0000,0.00000,0.010,1,LOST,no_detection,0.000,0.000,deg/s,joint_states,-27.611,0.000,0.000,0.000,0.800,-0.510,0.000,0.162,-0.000,-32.495,-0.000,,pan_sim
assignment_B_notfound_20261007_123855,5.521,1791344376.097676,127,1791344376.063467,camera_color_optical_frame,0,0.0000,0.0000,0.00000,0.031,1,LOST,no_detection,0.000,0.000,deg/s,joint_states,-27.611,0.000,0.000,0.000,0.800,-0.512,0.000,0.166,-0.000,-32.622,-0.000,,pan_sim
assignment_B_notfound_20261007_123855,5.541,1791344376.117494,128,1791344376.097536,camera_color_optical_frame,0,0.0000,0.0000,0.00000,0.015,1,LOST,no_detection,0.000,0.000,deg/s,joint_states,-27.611,0.000,0.000,0.000,0.800,-0.514,0.000,0.170,-0.000,-32.743,-0.000,,pan_sim
assignment_B_notfound_20261007_123855,5.563,1791344376.140066,129,1791344376.130464,camera_color_optical_frame,0,0.0000,0.0000,0.00000,0.005,1,SEARCHING,predicted,-10.531,0.000,deg/s,joint_states,-27.611,0.000,0.000,0.000,0.800,-0.517,0.000,0.174,-0.000,-32.876,-0.000,0.000,pan_sim
assignment_B_notfound_20261007_123855,5.580,1791344376.155962,129,1791344376.130464,camera_color_optical_frame,0,0.0000,0.0000,0.00000,0.023,1,SEARCHING,predicted,-10.743,0.000,deg/s,joint_states,-27.611,0.000,0.000,0.000,0.800,-0.519,0.000,0.178,-0.000,-32.982,-0.000,0.017,pan_sim
assignment_B_notfound_20261007_123855,5.600,1791344376.176568,130,1791344376.163629,camera_color_optical_frame,0,0.0000,0.0000,0.00000,0.011,1,SEARCHING,predicted,-10.553,0.000,deg/s,joint_states,-27.827,0.000,-10.743,0.000,0.800,-0.522,0.000,0.175,-0.000,-33.104,-0.000,0.038,pan_sim
assignment_B_notfound_20261007_123855,5.620,1791344376.196381,130,1791344376.163629,camera_color_optical_frame,0,0.0000,0.0000,0.00000,0.030,1,SEARCHING,predicted,-10.372,0.000,deg/s,joint_states,-28.037,0.000,-10.553,0.000,0.800,-0.524,0.000,0.172,-0.000,-33.223,-0.000,0.057,pan_sim
assignment_B_notfound_20261007_123855,5.641,1791344376.217715,131,1791344376.198020,camera_color_optical_frame,0,0.0000,0.0000,0.00000,0.016,1,SEARCHING,predicted,-10.204,0.000,deg/s,joint_states,-28.245,0.000,-10.372,0.000,0.800,-0.526,0.000,0.169,-0.000,-33.347,-0.000,0.078,pan_sim
assignment_B_notfound_20261007_123855,5.662,1791344376.237573,132,1791344376.230476,camera_color_optical_frame,0,0.0000,0.0000,0.00000,0.002,1,SEARCHING,predicted,-10.034,0.000,deg/s,joint_states,-28.454,0.000,-10.204,0.000,0.800,-0.529,0.000,0.166,-0.000,-33.471,-0.000,0.099,pan_sim
assignment_B_notfound_20261007_123855,5.680,1791344376.256450,132,1791344376.230476,camera_color_optical_frame,0,0.0000,0.0000,0.00000,0.021,1,SEARCHING,predicted,-9.865,0.000,deg/s,joint_states,-28.652,0.000,-10.204,0.000,0.800,-0.531,0.000,0.163,-0.000,-33.585,-0.000,0.118,pan_sim
assignment_B_notfound_20261007_123855,5.701,1791344376.277085,133,1791344376.263635,camera_color_optical_frame,0,0.0000,0.0000,0.00000,0.011,1,SEARCHING,predicted,-9.712,0.000,deg/s,joint_states,-28.848,0.000,-9.865,0.000,0.800,-0.534,0.000,0.161,-0.000,-33.705,-0.000,0.138,pan_sim
assignment_B_notfound_20261007_123855,5.720,1791344376.295987,133,1791344376.263635,camera_color_optical_frame,0,0.0000,0.0000,0.00000,0.030,1,SEARCHING,predicted,-9.539,0.000,deg/s,joint_states,-29.051,0.000,-9.712,0.000,0.800,-0.536,0.000,0.158,-0.000,-33.821,-0.000,0.157,pan_sim
assignment_B_notfound_20261007_123855,5.740,1791344376.316153,134,1791344376.296958,camera_color_optical_frame,0,0.0000,0.0000,0.00000,0.016,1,SEARCHING,predicted,-9.411,0.000,deg/s,joint_states,-29.234,0.000,-9.539,0.000,0.800,-0.538,0.000,0.156,-0.000,-33.940,-0.000,0.178,pan_sim
assignment_B_notfound_20261007_123855,5.762,1791344376.337430,135,1791344376.330716,camera_color_optical_frame,0,0.0000,0.0000,0.00000,0.004,1,SEARCHING,predicted,-9.289,0.000,deg/s,joint_states,-29.422,0.000,-9.411,0.000,0.800,-0.541,0.000,0.154,-0.000,-34.066,-0.000,0.199,pan_sim
assignment_B_notfound_20261007_123855,5.780,1791344376.356579,135,1791344376.330716,camera_color_optical_frame,0,0.0000,0.0000,0.00000,0.022,1,SEARCHING,predicted,-9.139,0.000,deg/s,joint_states,-29.607,0.000,-9.289,0.000,0.800,-0.543,0.000,0.151,-0.000,-34.177,-0.000,0.218,pan_sim
assignment_B_notfound_20261007_123855,5.801,1791344376.377691,136,1791344376.363513,camera_color_optical_frame,0,0.0000,0.0000,0.00000,0.011,1,SEARCHING,predicted,-9.012,0.000,deg/s,joint_states,-29.791,0.000,-9.139,0.000,0.800,-0.546,0.000,0.149,-0.000,-34.297,-0.000,0.238,pan_sim
assignment_B_notfound_20261007_123855,5.820,1791344376.396500,136,1791344376.363513,camera_color_optical_frame,0,0.0000,0.0000,0.00000,0.031,1,SEARCHING,predicted,-8.879,0.000,deg/s,joint_states,-29.972,0.000,-9.012,0.000,0.800,-0.548,0.000,0.147,-0.000,-34.411,-0.000,0.258,pan_sim
assignment_B_notfound_20261007_123855,5.841,1791344376.417534,137,1791344376.396998,camera_color_optical_frame,0,0.0000,0.0000,0.00000,0.017,1,SEARCHING,predicted,-8.765,0.000,deg/s,joint_states,-30.149,0.000,-8.879,0.000,0.800,-0.550,0.000,0.145,-0.000,-34.532,-0.000,0.278,pan_sim
assignment_B_notfound_20261007_123855,5.860,1791344376.436334,138,1791344376.430415,camera_color_optical_frame,0,0.0000,0.0000,0.00000,0.003,1,SEARCHING,predicted,-8.625,0.000,deg/s,joint_states,-30.331,0.000,-8.765,0.000,0.800,-0.553,0.000,0.143,-0.000,-34.644,-0.000,0.298,pan_sim
assignment_B_notfound_20261007_123855,5.881,1791344376.456866,138,1791344376.430415,camera_color_optical_frame,0,0.0000,0.0000,0.00000,0.024,1,SEARCHING,predicted,-8.531,0.000,deg/s,joint_states,-30.497,0.000,-8.625,0.000,0.800,-0.555,0.000,0.141,-0.000,-34.762,-0.000,0.318,pan_sim
assignment_B_notfound_20261007_123855,5.901,1791344376.477051,139,1791344376.463505,camera_color_optical_frame,0,0.0000,0.0000,0.00000,0.011,1,SEARCHING,predicted,-8.422,0.000,deg/s,joint_states,-30.668,0.000,-8.531,0.000,0.800,-0.558,0.000,0.139,-0.000,-34.879,-0.000,0.338,pan_sim
assignment_B_notfound_20261007_123855,5.920,1791344376.498787,139,1791344376.463505,camera_color_optical_frame,0,0.0000,0.0000,0.00000,0.031,1,SEARCHING,predicted,-8.278,0.000,deg/s,joint_states,-30.854,0.000,-8.422,0.000,0.800,-0.560,0.000,0.137,-0.000,-34.993,-0.000,0.358,pan_sim
assignment_B_notfound_20261007_123855,5.940,1791344376.516530,140,1791344376.497246,camera_color_optical_frame,0,0.0000,0.0000,0.00000,0.015,1,SEARCHING,predicted,-8.177,0.000,deg/s,joint_states,-31.019,0.000,-8.278,0.000,0.800,-0.562,0.000,0.135,-0.000,-35.108,-0.000,0.378,pan_sim
assignment_B_notfound_20261007_123855,5.962,1791344376.537945,141,1791344376.532459,camera_color_optical_frame,0,0.0000,0.0000,0.00000,0.002,1,SEARCHING,predicted,-8.130,0.000,deg/s,joint_states,-31.166,0.000,-8.177,0.000,0.800,-0.565,0.000,0.135,-0.000,-35.231,-0.000,0.399,pan_sim
assignment_B_notfound_20261007_123855,5.980,1791344376.556404,141,1791344376.532459,camera_color_optical_frame,0,0.0000,0.0000,0.00000,0.020,1,SEARCHING,predicted,-8.011,0.000,deg/s,joint_states,-31.331,0.000,-8.130,0.000,0.800,-0.567,0.000,0.133,-0.000,-35.337,-0.000,0.418,pan_sim
assignment_B_notfound_20261007_123855,6.000,1791344376.578162,142,1791344376.563556,camera_color_optical_frame,0,0.0000,0.0000,0.00000,0.009,1,SEARCHING,predicted,-7.922,0.000,deg/s,joint_states,-31.490,0.000,-8.011,0.000,0.800,-0.570,0.000,0.131,-0.000,-35.451,-0.000,0.438,pan_sim
assignment_B_notfound_20261007_123855,6.020,1791344376.596458,142,1791344376.563556,camera_color_optical_frame,0,0.0000,0.0000,0.00000,0.029,1,SEARCHING,predicted,-7.835,0.000,deg/s,joint_states,-31.647,0.000,-7.922,0.000,0.800,-0.572,0.000,0.130,-0.000,-35.565,-0.000,0.458,pan_sim
assignment_B_notfound_20261007_123855,6.040,1791344376.616329,143,1791344376.598743,camera_color_optical_frame,0,0.0000,0.0000,0.00000,0.013,1,SEARCHING,predicted,-7.749,0.000,deg/s,joint_states,-31.804,0.000,-7.835,0.000,0.800,-0.574,0.000,0.128,-0.000,-35.678,-0.000,0.478,pan_sim
assignment_B_notfound_20261007_123855,6.062,1791344376.638558,144,1791344376.630347,camera_color_optical_frame,0,0.0000,0.0000,0.00000,0.005,1,SEARCHING,predicted,-7.685,0.000,deg/s,joint_states,-31.958,0.000,-7.749,0.000,0.800,-0.577,0.000,0.127,-0.000,-35.800,-0.000,0.499,pan_sim
assignment_B_notfound_20261007_123855,6.080,1791344376.656396,144,1791344376.630347,camera_color_optical_frame,0,0.0000,0.0000,0.00000,0.024,1,SEARCHING,predicted,-7.580,0.000,deg/s,joint_states,-32.115,0.000,-7.685,0.000,0.800,-0.579,0.000,0.125,-0.000,-35.905,-0.000,0.518,pan_sim
assignment_B_notfound_20261007_123855,6.100,1791344376.676414,145,1791344376.664138,camera_color_optical_frame,0,0.0000,0.0000,0.00000,0.010,1,SEARCHING,predicted,-7.501,0.000,deg/s,joint_states,-32.266,0.000,-7.580,0.000,0.800,-0.582,0.000,0.124,-0.000,-36.017,-0.000,0.538,pan_sim
assignment_B_notfound_20261007_123855,6.120,1791344376.696326,145,1791344376.664138,camera_color_optical_frame,0,0.0000,0.0000,0.00000,0.030,1,SEARCHING,predicted,-7.432,0.000,deg/s,joint_states,-32.413,0.000,-7.501,0.000,0.800,-0.584,0.000,0.123,-0.000,-36.129,-0.000,0.558,pan_sim
assignment_B_notfound_20261007_123855,6.140,1791344376.716308,146,1791344376.698674,camera_color_optical_frame,0,0.0000,0.0000,0.00000,0.015,1,SEARCHING,predicted,-7.357,0.000,deg/s,joint_states,-32.563,0.000,-7.432,0.000,0.800,-0.586,0.000,0.122,-0.000,-36.241,-0.000,0.578,pan_sim
assignment_B_notfound_20261007_123855,6.161,1791344376.736727,147,1791344376.730711,camera_color_optical_frame,0,0.0000,0.0000,0.00000,0.003,1,SEARCHING,predicted,-7.292,0.000,deg/s,joint_states,-32.709,0.000,-7.357,0.000,0.800,-0.589,0.000,0.121,-0.000,-36.355,-0.000,0.598,pan_sim
assignment_B_notfound_20261007_123855,6.180,1791344376.756335,147,1791344376.730711,camera_color_optical_frame,0,0.0000,0.0000,0.00000,0.022,1,SEARCHING,predicted,-7.219,0.000,deg/s,joint_states,-32.855,0.000,-7.292,0.000,0.800,-0.591,0.000,0.119,-0.000,-36.465,-0.000,0.618,pan_sim
assignment_B_notfound_20261007_123855,6.200,1791344376.776375,148,1791344376.763597,camera_color_optical_frame,0,0.0000,0.0000,0.00000,0.009,1,SEARCHING,predicted,-7.152,0.000,deg/s,joint_states,-33.000,0.000,-7.219,0.000,0.800,-0.594,0.000,0.118,-0.000,-36.576,-0.000,0.638,pan_sim
assignment_B_notfound_20261007_123855,6.221,1791344376.797795,148,1791344376.763597,camera_color_optical_frame,0,0.0000,0.0000,0.00000,0.029,1,SEARCHING,predicted,-7.093,0.000,deg/s,joint_states,-33.143,0.000,-7.152,0.000,0.800,-0.596,0.000,0.117,-0.000,-36.689,-0.000,0.658,pan_sim
assignment_B_notfound_20261007_123855,6.241,1791344376.818242,149,1791344376.797434,camera_color_optical_frame,0,0.0000,0.0000,0.00000,0.012,1,SEARCHING,predicted,-6.811,0.000,deg/s,joint_states,-33.292,0.000,-7.093,0.000,0.800,-0.596,0.000,0.113,-0.000,-36.698,-0.000,0.678,pan_sim
assignment_B_notfound_20261007_123855,6.262,1791344376.838435,150,1791344376.830840,camera_color_optical_frame,0,0.0000,0.0000,0.00000,0.004,1,SEARCHING,predicted,-6.537,0.000,deg/s,joint_states,-33.429,0.000,-6.811,0.000,0.800,-0.596,0.000,0.108,-0.000,-36.698,-0.000,0.699,pan_sim
assignment_B_notfound_20261007_123855,6.281,1791344376.858136,150,1791344376.830840,camera_color_optical_frame,0,0.0000,0.0000,0.00000,0.023,1,SEARCHING,predicted,-6.282,0.000,deg/s,joint_states,-33.557,0.000,-6.537,0.000,0.800,-0.596,0.000,0.104,-0.000,-36.698,-0.000,0.718,pan_sim
assignment_B_notfound_20261007_123855,6.301,1791344376.877176,151,1791344376.865708,camera_color_optical_frame,0,0.0000,0.0000,0.00000,0.009,1,SEARCHING,predicted,-6.035,0.000,deg/s,joint_states,-33.680,0.000,-6.282,0.000,0.800,-0.596,0.000,0.100,-0.000,-36.698,-0.000,0.738,pan_sim
assignment_B_notfound_20261007_123855,6.320,1791344376.896399,151,1791344376.865708,camera_color_optical_frame,0,0.0000,0.0000,0.00000,0.028,1,SEARCHING,predicted,-5.797,0.000,deg/s,joint_states,-33.799,0.000,-6.035,0.000,0.800,-0.596,0.000,0.096,-0.000,-36.698,-0.000,0.758,pan_sim
assignment_B_notfound_20261007_123855,6.341,1791344376.917365,152,1791344376.896949,camera_color_optical_frame,0,0.0000,0.0000,0.00000,0.016,1,SEARCHING,predicted,-5.555,0.000,deg/s,joint_states,-33.920,0.000,-5.797,0.000,0.800,-0.596,0.000,0.092,-0.000,-36.698,-0.000,0.778,pan_sim
assignment_B_notfound_20261007_123855,6.360,1791344376.936240,153,1791344376.930491,camera_color_optical_frame,0,0.0000,0.0000,0.00000,0.003,1,SEARCHING,predicted,-5.317,0.000,deg/s,joint_states,-34.039,0.000,-5.555,0.000,0.800,-0.596,0.000,0.088,-0.000,-36.698,-0.000,0.797,pan_sim
assignment_B_notfound_20261007_123855,6.380,1791344376.956791,153,1791344376.930491,camera_color_optical_frame,0,0.0000,0.0000,0.00000,0.024,1,SEARCHING,predicted,-5.121,0.000,deg/s,joint_states,-34.137,0.000,-5.317,0.000,0.800,-0.596,0.000,0.085,-0.000,-36.698,-0.000,0.818,pan_sim
assignment_B_notfound_20261007_123855,6.400,1791344376.976599,154,1791344376.963737,camera_color_optical_frame,0,0.0000,0.0000,0.00000,0.010,1,SEARCHING,predicted,-4.924,0.000,deg/s,joint_states,-34.235,0.000,-5.121,0.000,0.800,-0.596,0.000,0.081,-0.000,-36.698,-0.000,0.838,pan_sim
assignment_B_notfound_20261007_123855,6.421,1791344376.996970,154,1791344376.963737,camera_color_optical_frame,0,0.0000,0.0000,0.00000,0.030,1,SEARCHING,predicted,-4.727,0.000,deg/s,joint_states,-34.334,0.000,-4.924,0.000,0.800,-0.596,0.000,0.078,-0.000,-36.698,-0.000,0.858,pan_sim
assignment_B_notfound_20261007_123855,6.440,1791344377.016766,155,1791344376.997428,camera_color_optical_frame,0,0.0000,0.0000,0.00000,0.014,1,SEARCHING,predicted,-4.530,0.000,deg/s,joint_states,-34.433,0.000,-4.727,0.000,0.800,-0.596,0.000,0.075,-0.000,-36.698,-0.000,0.878,pan_sim
assignment_B_notfound_20261007_123855,6.461,1791344377.036350,156,1791344377.030804,camera_color_optical_frame,0,0.0000,0.0000,0.00000,0.002,1,SEARCHING,predicted,-4.353,0.000,deg/s,joint_states,-34.521,0.000,-4.530,0.000,0.800,-0.596,0.000,0.072,-0.000,-36.698,-0.000,0.898,pan_sim
assignment_B_notfound_20261007_123855,6.481,1791344377.056822,156,1791344377.030804,camera_color_optical_frame,0,0.0000,0.0000,0.00000,0.022,1,SEARCHING,predicted,-4.182,0.000,deg/s,joint_states,-34.607,0.000,-4.353,0.000,0.800,-0.596,0.000,0.069,-0.000,-36.698,-0.000,0.918,pan_sim
assignment_B_notfound_20261007_123855,6.500,1791344377.076624,157,1791344377.063640,camera_color_optical_frame,0,0.0000,0.0000,0.00000,0.009,1,SEARCHING,predicted,-4.008,0.000,deg/s,joint_states,-34.694,0.000,-4.353,0.000,0.800,-0.596,0.000,0.066,-0.000,-36.698,-0.000,0.938,pan_sim
assignment_B_notfound_20261007_123855,6.520,1791344377.096413,157,1791344377.063640,camera_color_optical_frame,0,0.0000,0.0000,0.00000,0.029,1,SEARCHING,predicted,-3.845,0.000,deg/s,joint_states,-34.775,0.000,-4.008,0.000,0.800,-0.596,0.000,0.064,-0.000,-36.698,-0.000,0.958,pan_sim
assignment_B_notfound_20261007_123855,6.540,1791344377.116503,158,1791344377.096952,camera_color_optical_frame,0,0.0000,0.0000,0.00000,0.016,1,SEARCHING,predicted,-3.688,0.000,deg/s,joint_states,-34.854,0.000,-3.845,0.000,0.800,-0.596,0.000,0.061,-0.000,-36.698,-0.000,0.978,pan_sim
assignment_B_notfound_20261007_123855,6.561,1791344377.137207,159,1791344377.130311,camera_color_optical_frame,0,0.0000,0.0000,0.00000,0.005,1,SEARCHING,predicted,-3.545,0.000,deg/s,joint_states,-34.925,0.000,-3.688,0.000,0.800,-0.596,0.000,0.059,-0.000,-36.698,-0.000,0.998,pan_sim
assignment_B_notfound_20261007_123855,6.580,1791344377.155994,159,1791344377.130311,camera_color_optical_frame,0,0.0000,0.0000,0.00000,0.024,1,SEARCHING,predicted,-3.405,0.000,deg/s,joint_states,-34.995,0.000,-3.545,0.000,0.800,-0.596,0.000,0.056,-0.000,-36.698,-0.000,1.018,pan_sim
assignment_B_notfound_20261007_123855,6.601,1791344377.177711,160,1791344377.163463,camera_color_optical_frame,0,0.0000,0.0000,0.00000,0.011,1,SEARCHING,predicted,-3.264,0.000,deg/s,joint_states,-35.065,0.000,-3.405,0.000,0.800,-0.596,0.000,0.054,-0.000,-36.698,-0.000,1.038,pan_sim
assignment_B_notfound_20261007_123855,6.621,1791344377.197865,160,1791344377.163463,camera_color_optical_frame,0,0.0000,0.0000,0.00000,0.031,1,SEARCHING,predicted,-3.133,0.000,deg/s,joint_states,-35.131,0.000,-3.264,0.000,0.800,-0.596,0.000,0.052,-0.000,-36.698,-0.000,1.058,pan_sim
assignment_B_notfound_20261007_123855,6.641,1791344377.217474,161,1791344377.197626,camera_color_optical_frame,0,0.0000,0.0000,0.00000,0.015,1,SEARCHING,predicted,-3.006,0.000,deg/s,joint_states,-35.195,0.000,-3.133,0.000,0.800,-0.596,0.000,0.050,-0.000,-36.698,-0.000,1.078,pan_sim
assignment_B_notfound_20261007_123855,6.660,1791344377.236375,162,1791344377.230444,camera_color_optical_frame,0,0.0000,0.0000,0.00000,0.003,1,SEARCHING,predicted,-2.884,0.000,deg/s,joint_states,-35.256,0.000,-3.006,0.000,0.800,-0.596,0.000,0.048,-0.000,-36.698,-0.000,1.098,pan_sim
assignment_B_notfound_20261007_123855,6.680,1791344377.256513,162,1791344377.230444,camera_color_optical_frame,0,0.0000,0.0000,0.00000,0.024,1,SEARCHING,predicted,-2.775,0.000,deg/s,joint_states,-35.310,0.000,-2.884,0.000,0.800,-0.596,0.000,0.046,-0.000,-36.698,-0.000,1.118,pan_sim
assignment_B_notfound_20261007_123855,6.701,1791344377.277751,163,1791344377.263390,camera_color_optical_frame,0,0.0000,0.0000,0.00000,0.011,1,SEARCHING,predicted,-2.663,0.000,deg/s,joint_states,-35.366,0.000,-2.775,0.000,0.800,-0.596,0.000,0.044,-0.000,-36.698,-0.000,1.138,pan_sim
assignment_B_notfound_20261007_123855,6.721,1791344377.297458,163,1791344377.263390,camera_color_optical_frame,0,0.0000,0.0000,0.00000,0.031,1,SEARCHING,predicted,-2.556,0.000,deg/s,joint_states,-35.420,0.000,-2.663,0.000,0.800,-0.596,0.000,0.042,-0.000,-36.698,-0.000,1.158,pan_sim
assignment_B_notfound_20261007_123855,6.741,1791344377.317348,164,1791344377.297531,camera_color_optical_frame,0,0.0000,0.0000,0.00000,0.015,1,SEARCHING,predicted,-2.448,0.000,deg/s,joint_states,-35.473,0.000,-2.663,0.000,0.800,-0.596,0.000,0.040,-0.000,-36.698,-0.000,1.178,pan_sim
assignment_B_notfound_20261007_123855,6.760,1791344377.336396,165,1791344377.330228,camera_color_optical_frame,0,0.0000,0.0000,0.00000,0.004,1,SEARCHING,predicted,-2.353,0.000,deg/s,joint_states,-35.521,0.000,-2.448,0.000,0.800,-0.596,0.000,0.039,-0.000,-36.698,-0.000,1.198,pan_sim
assignment_B_notfound_20261007_123855,6.780,1791344377.356743,165,1791344377.330228,camera_color_optical_frame,0,0.0000,0.0000,0.00000,0.024,1,SEARCHING,predicted,-2.260,0.000,deg/s,joint_states,-35.568,0.000,-2.353,0.000,0.800,-0.596,0.000,0.037,-0.000,-36.698,-0.000,1.218,pan_sim
assignment_B_notfound_20261007_123855,6.801,1791344377.377569,166,1791344377.363443,camera_color_optical_frame,0,0.0000,0.0000,0.00000,0.011,1,SEARCHING,predicted,-2.168,0.000,deg/s,joint_states,-35.614,0.000,-2.260,0.000,0.800,-0.596,0.000,0.036,-0.000,-36.698,-0.000,1.238,pan_sim
assignment_B_notfound_20261007_123855,6.820,1791344377.396933,166,1791344377.363443,camera_color_optical_frame,0,0.0000,0.0000,0.00000,0.031,1,SEARCHING,predicted,-2.080,0.000,deg/s,joint_states,-35.657,0.000,-2.168,0.000,0.800,-0.596,0.000,0.034,-0.000,-36.698,-0.000,1.258,pan_sim
assignment_B_notfound_20261007_123855,6.841,1791344377.417701,167,1791344377.397366,camera_color_optical_frame,0,0.0000,0.0000,0.00000,0.016,1,SEARCHING,predicted,0.000,0.000,deg/s,joint_states,-35.700,0.000,-2.168,0.000,0.800,-0.596,0.000,0.033,-0.000,-36.698,-0.000,1.278,pan_sim
assignment_B_notfound_20261007_123855,6.860,1791344377.436167,168,1791344377.430188,camera_color_optical_frame,0,0.0000,0.0000,0.00000,0.004,1,SEARCHING,predicted,0.000,0.000,deg/s,joint_states,-35.700,0.000,0.000,0.000,0.800,-0.596,0.000,0.033,-0.000,-36.698,-0.000,1.297,pan_sim
assignment_B_notfound_20261007_123855,6.880,1791344377.455966,168,1791344377.430188,camera_color_optical_frame,0,0.0000,0.0000,0.00000,0.024,1,SEARCHING,predicted,0.000,0.000,deg/s,joint_states,-35.700,0.000,0.000,0.000,0.800,-0.596,0.000,0.033,-0.000,-36.698,-0.000,1.317,pan_sim
assignment_B_notfound_20261007_123855,6.900,1791344377.476000,169,1791344377.463609,camera_color_optical_frame,0,0.0000,0.0000,0.00000,0.010,1,SEARCHING,predicted,0.000,0.000,deg/s,joint_states,-35.700,0.000,0.000,0.000,0.800,-0.596,0.000,0.033,-0.000,-36.698,-0.000,1.337,pan_sim
assignment_B_notfound_20261007_123855,6.920,1791344377.496725,169,1791344377.463609,camera_color_optical_frame,0,0.0000,0.0000,0.00000,0.030,1,SEARCHING,predicted,0.000,0.000,deg/s,joint_states,-35.700,0.000,0.000,0.000,0.800,-0.596,0.000,0.033,-0.000,-36.698,-0.000,1.358,pan_sim
assignment_B_notfound_20261007_123855,6.941,1791344377.517587,170,1791344377.499890,camera_color_optical_frame,0,0.0000,0.0000,0.00000,0.012,1,SEARCHING,predicted,0.000,0.000,deg/s,joint_states,-35.700,0.000,0.000,0.000,0.800,-0.596,0.000,0.033,-0.000,-36.698,-0.000,1.378,pan_sim
assignment_B_notfound_20261007_123855,6.962,1791344377.537641,171,1791344377.530648,camera_color_optical_frame,0,0.0000,0.0000,0.00000,0.004,1,SEARCHING,predicted,0.000,0.000,deg/s,joint_states,-35.700,0.000,0.000,0.000,0.800,-0.596,0.000,0.033,-0.000,-36.698,-0.000,1.399,pan_sim
assignment_B_notfound_20261007_123855,6.981,1791344377.557068,171,1791344377.530648,camera_color_optical_frame,0,0.0000,0.0000,0.00000,0.023,1,SEARCHING,predicted,0.000,0.000,deg/s,joint_states,-35.700,0.000,0.000,0.000,0.800,-0.596,0.000,0.033,-0.000,-36.698,-0.000,1.418,pan_sim
assignment_B_notfound_20261007_123855,7.000,1791344377.576324,172,1791344377.563668,camera_color_optical_frame,0,0.0000,0.0000,0.00000,0.010,1,SEARCHING,predicted,0.000,0.000,deg/s,joint_states,-35.700,0.000,0.000,0.000,0.800,-0.596,0.000,0.033,-0.000,-36.698,-0.000,1.438,pan_sim
assignment_B_notfound_20261007_123855,7.020,1791344377.596196,172,1791344377.563668,camera_color_optical_frame,0,0.0000,0.0000,0.00000,0.030,1,SEARCHING,predicted,0.000,0.000,deg/s,joint_states,-35.700,0.000,0.000,0.000,0.800,-0.596,0.000,0.033,-0.000,-36.698,-0.000,1.458,pan_sim
assignment_B_notfound_20261007_123855,7.041,1791344377.617245,173,1791344377.597418,camera_color_optical_frame,0,0.0000,0.0000,0.00000,0.014,1,SEARCHING,predicted,0.000,0.000,deg/s,joint_states,-35.700,0.000,0.000,0.000,0.800,-0.596,0.000,0.033,-0.000,-36.698,-0.000,1.478,pan_sim
assignment_B_notfound_20261007_123855,7.061,1791344377.637474,174,1791344377.630491,camera_color_optical_frame,0,0.0000,0.0000,0.00000,0.004,1,SEARCHING,predicted,0.000,0.000,deg/s,joint_states,-35.700,0.000,0.000,0.000,0.800,-0.596,0.000,0.033,-0.000,-36.698,-0.000,1.499,pan_sim
assignment_B_notfound_20261007_123855,7.081,1791344377.657619,174,1791344377.630491,camera_color_optical_frame,0,0.0000,0.0000,0.00000,0.024,1,SEARCHING,predicted,0.000,0.000,deg/s,joint_states,-35.700,0.000,0.000,0.000,0.800,-0.596,0.000,0.033,-0.000,-36.698,-0.000,1.518,pan_sim
assignment_B_notfound_20261007_123855,7.100,1791344377.675891,175,1791344377.663436,camera_color_optical_frame,0,0.0000,0.0000,0.00000,0.010,1,SEARCHING,predicted,0.000,0.000,deg/s,joint_states,-35.700,0.000,0.000,0.000,0.800,-0.596,0.000,0.033,-0.000,-36.698,-0.000,1.537,pan_sim
assignment_B_notfound_20261007_123855,7.120,1791344377.695923,175,1791344377.663436,camera_color_optical_frame,0,0.0000,0.0000,0.00000,0.030,1,SEARCHING,predicted,0.000,0.000,deg/s,joint_states,-35.700,0.000,0.000,0.000,0.800,-0.596,0.000,0.033,-0.000,-36.698,-0.000,1.557,pan_sim
assignment_B_notfound_20261007_123855,7.141,1791344377.717082,176,1791344377.697322,camera_color_optical_frame,0,0.0000,0.0000,0.00000,0.014,1,SEARCHING,predicted,0.000,0.000,deg/s,joint_states,-35.700,0.000,0.000,0.000,0.800,-0.596,0.000,0.033,-0.000,-36.698,-0.000,1.578,pan_sim
assignment_B_notfound_20261007_123855,7.161,1791344377.736840,177,1791344377.730305,camera_color_optical_frame,0,0.0000,0.0000,0.00000,0.003,1,SEARCHING,predicted,0.000,0.000,deg/s,joint_states,-35.700,0.000,0.000,0.000,0.800,-0.596,0.000,0.033,-0.000,-36.698,-0.000,1.598,pan_sim
assignment_B_notfound_20261007_123855,7.180,1791344377.756413,177,1791344377.730305,camera_color_optical_frame,0,0.0000,0.0000,0.00000,0.023,1,SEARCHING,predicted,0.000,0.000,deg/s,joint_states,-35.700,0.000,0.000,0.000,0.800,-0.596,0.000,0.033,-0.000,-36.698,-0.000,1.618,pan_sim
assignment_B_notfound_20261007_123855,7.201,1791344377.777567,178,1791344377.763502,camera_color_optical_frame,0,0.0000,0.0000,0.00000,0.011,1,SEARCHING,predicted,0.000,0.000,deg/s,joint_states,-35.700,0.000,0.000,0.000,0.800,-0.596,0.000,0.033,-0.000,-36.698,-0.000,1.638,pan_sim
assignment_B_notfound_20261007_123855,7.221,1791344377.797629,178,1791344377.763502,camera_color_optical_frame,0,0.0000,0.0000,0.00000,0.031,1,SEARCHING,predicted,0.000,0.000,deg/s,joint_states,-35.700,0.000,0.000,0.000,0.800,-0.596,0.000,0.033,-0.000,-36.698,-0.000,1.658,pan_sim
assignment_B_notfound_20261007_123855,7.241,1791344377.817482,179,1791344377.797498,camera_color_optical_frame,0,0.0000,0.0000,0.00000,0.014,1,SEARCHING,predicted,0.000,0.000,deg/s,joint_states,-35.700,0.000,0.000,0.000,0.800,-0.596,0.000,0.033,-0.000,-36.698,-0.000,1.678,pan_sim
assignment_B_notfound_20261007_123855,7.261,1791344377.837174,180,1791344377.830345,camera_color_optical_frame,0,0.0000,0.0000,0.00000,0.004,1,SEARCHING,predicted,0.000,0.000,deg/s,joint_states,-35.700,0.000,0.000,0.000,0.800,-0.596,0.000,0.033,-0.000,-36.698,-0.000,1.699,pan_sim
assignment_B_notfound_20261007_123855,7.281,1791344377.857247,180,1791344377.830345,camera_color_optical_frame,0,0.0000,0.0000,0.00000,0.023,1,SEARCHING,predicted,0.000,0.000,deg/s,joint_states,-35.700,0.000,0.000,0.000,0.800,-0.596,0.000,0.033,-0.000,-36.698,-0.000,1.718,pan_sim
assignment_B_notfound_20261007_123855,7.300,1791344377.875938,181,1791344377.863455,camera_color_optical_frame,0,0.0000,0.0000,0.00000,0.010,1,SEARCHING,predicted,0.000,0.000,deg/s,joint_states,-35.700,0.000,0.000,0.000,0.800,-0.596,0.000,0.033,-0.000,-36.698,-0.000,1.737,pan_sim
assignment_B_notfound_20261007_123855,7.320,1791344377.896760,181,1791344377.863455,camera_color_optical_frame,0,0.0000,0.0000,0.00000,0.031,1,SEARCHING,predicted,0.000,0.000,deg/s,joint_states,-35.700,0.000,0.000,0.000,0.800,-0.596,0.000,0.033,-0.000,-36.698,-0.000,1.758,pan_sim
assignment_B_notfound_20261007_123855,7.341,1791344377.917599,182,1791344377.897336,camera_color_optical_frame,0,0.0000,0.0000,0.00000,0.016,1,SEARCHING,predicted,0.000,0.000,deg/s,joint_states,-35.700,0.000,0.000,0.000,0.800,-0.596,0.000,0.033,-0.000,-36.698,-0.000,1.778,pan_sim
assignment_B_notfound_20261007_123855,7.362,1791344377.937841,183,1791344377.930424,camera_color_optical_frame,0,0.0000,0.0000,0.00000,0.005,1,SEARCHING,predicted,0.000,0.000,deg/s,joint_states,-35.700,0.000,0.000,0.000,0.800,-0.596,0.000,0.033,-0.000,-36.698,-0.000,1.799,pan_sim
assignment_B_notfound_20261007_123855,7.381,1791344377.957565,183,1791344377.930424,camera_color_optical_frame,0,0.0000,0.0000,0.00000,0.023,1,SEARCHING,predicted,0.000,0.000,deg/s,joint_states,-35.700,0.000,0.000,0.000,0.800,-0.596,0.000,0.033,-0.000,-36.698,-0.000,1.818,pan_sim
assignment_B_notfound_20261007_123855,7.401,1791344377.977539,184,1791344377.963528,camera_color_optical_frame,0,0.0000,0.0000,0.00000,0.011,1,SEARCHING,predicted,0.000,0.000,deg/s,joint_states,-35.700,0.000,0.000,0.000,0.800,-0.596,0.000,0.033,-0.000,-36.698,-0.000,1.838,pan_sim
assignment_B_notfound_20261007_123855,7.421,1791344377.996979,184,1791344377.963528,camera_color_optical_frame,0,0.0000,0.0000,0.00000,0.031,1,SEARCHING,predicted,0.000,0.000,deg/s,joint_states,-35.700,0.000,0.000,0.000,0.800,-0.596,0.000,0.033,-0.000,-36.698,-0.000,1.858,pan_sim
assignment_B_notfound_20261007_123855,7.441,1791344378.017264,185,1791344377.997283,camera_color_optical_frame,0,0.0000,0.0000,0.00000,0.014,1,SEARCHING,predicted,0.000,0.000,deg/s,joint_states,-35.700,0.000,0.000,0.000,0.800,-0.596,0.000,0.033,-0.000,-36.698,-0.000,1.878,pan_sim
assignment_B_notfound_20261007_123855,7.462,1791344378.038011,186,1791344378.030598,camera_color_optical_frame,0,0.0000,0.0000,0.00000,0.002,1,SEARCHING,predicted,0.000,0.000,deg/s,joint_states,-35.700,0.000,0.000,0.000,0.800,-0.596,0.000,0.033,-0.000,-36.698,-0.000,1.900,pan_sim
assignment_B_notfound_20261007_123855,7.481,1791344378.057575,186,1791344378.030598,camera_color_optical_frame,0,0.0000,0.0000,0.00000,0.021,1,SEARCHING,predicted,0.000,0.000,deg/s,joint_states,-35.700,0.000,0.000,0.000,0.800,-0.596,0.000,0.033,-0.000,-36.698,-0.000,1.918,pan_sim
assignment_B_notfound_20261007_123855,7.501,1791344378.077557,187,1791344378.063462,camera_color_optical_frame,0,0.0000,0.0000,0.00000,0.011,1,SEARCHING,predicted,0.000,0.000,deg/s,joint_states,-35.700,0.000,0.000,0.000,0.800,-0.596,0.000,0.033,-0.000,-36.698,-0.000,1.938,pan_sim
assignment_B_notfound_20261007_123855,7.521,1791344378.097669,187,1791344378.063462,camera_color_optical_frame,0,0.0000,0.0000,0.00000,0.031,1,SEARCHING,predicted,0.000,0.000,deg/s,joint_states,-35.700,0.000,0.000,0.000,0.800,-0.596,0.000,0.033,-0.000,-36.698,-0.000,1.958,pan_sim
assignment_B_notfound_20261007_123855,7.541,1791344378.117610,188,1791344378.097552,camera_color_optical_frame,0,0.0000,0.0000,0.00000,0.015,1,SEARCHING,predicted,0.000,0.000,deg/s,joint_states,-35.700,0.000,0.000,0.000,0.800,-0.596,0.000,0.033,-0.000,-36.698,-0.000,1.978,pan_sim
assignment_B_notfound_20261007_123855,7.562,1791344378.137609,189,1791344378.130734,camera_color_optical_frame,0,0.0000,0.0000,0.00000,0.001,1,SEARCHING,predicted,0.000,0.000,deg/s,joint_states,-35.700,0.000,0.000,0.000,0.800,-0.596,0.000,0.033,-0.000,-36.698,-0.000,1.999,pan_sim
assignment_B_notfound_20261007_123855,7.580,1791344378.156160,189,1791344378.130734,camera_color_optical_frame,0,0.0000,0.0000,0.00000,0.020,1,SEARCHING,predicted,0.000,0.000,deg/s,joint_states,-35.700,0.000,0.000,0.000,0.800,-0.596,0.000,0.033,-0.000,-36.698,-0.000,2.018,pan_sim
assignment_B_notfound_20261007_123855,7.600,1791344378.176013,190,1791344378.163900,camera_color_optical_frame,0,0.0000,0.0000,0.00000,0.010,1,SEARCHING,predicted,0.000,0.000,deg/s,joint_states,-35.700,0.000,0.000,0.000,0.800,-0.596,0.000,0.033,-0.000,-36.698,-0.000,2.037,pan_sim
assignment_B_notfound_20261007_123855,7.621,1791344378.197650,190,1791344378.163900,camera_color_optical_frame,0,0.0000,0.0000,0.00000,0.031,1,SEARCHING,predicted,0.000,0.000,deg/s,joint_states,-35.700,0.000,0.000,0.000,0.800,-0.596,0.000,0.033,-0.000,-36.698,-0.000,2.058,pan_sim
assignment_B_notfound_20261007_123855,7.641,1791344378.217465,191,1791344378.197606,camera_color_optical_frame,0,0.0000,0.0000,0.00000,0.014,1,SEARCHING,predicted,0.000,0.000,deg/s,joint_states,-35.700,0.000,0.000,0.000,0.800,-0.596,0.000,0.033,-0.000,-36.698,-0.000,2.078,pan_sim
assignment_B_notfound_20261007_123855,7.660,1791344378.236030,192,1791344378.230137,camera_color_optical_frame,0,0.0000,0.0000,0.00000,0.004,1,SEARCHING,predicted,0.000,0.000,deg/s,joint_states,-35.700,0.000,0.000,0.000,0.800,-0.596,0.000,0.033,-0.000,-36.698,-0.000,2.097,pan_sim
assignment_B_notfound_20261007_123855,7.681,1791344378.257753,192,1791344378.230137,camera_color_optical_frame,0,0.0000,0.0000,0.00000,0.024,1,SEARCHING,predicted,0.000,0.000,deg/s,joint_states,-35.700,0.000,0.000,0.000,0.800,-0.596,0.000,0.033,-0.000,-36.698,-0.000,2.118,pan_sim
assignment_B_notfound_20261007_123855,7.700,1791344378.276038,193,1791344378.263522,camera_color_optical_frame,0,0.0000,0.0000,0.00000,0.010,1,SEARCHING,predicted,0.000,0.000,deg/s,joint_states,-35.700,0.000,0.000,0.000,0.800,-0.596,0.000,0.033,-0.000,-36.698,-0.000,2.137,pan_sim
assignment_B_notfound_20261007_123855,7.720,1791344378.296258,193,1791344378.263522,camera_color_optical_frame,0,0.0000,0.0000,0.00000,0.031,1,SEARCHING,predicted,0.000,0.000,deg/s,joint_states,-35.700,0.000,0.000,0.000,0.800,-0.596,0.000,0.033,-0.000,-36.698,-0.000,2.158,pan_sim
assignment_B_notfound_20261007_123855,7.741,1791344378.317564,194,1791344378.297008,camera_color_optical_frame,0,0.0000,0.0000,0.00000,0.016,1,SEARCHING,predicted,0.000,0.000,deg/s,joint_states,-35.700,0.000,0.000,0.000,0.800,-0.596,0.000,0.033,-0.000,-36.698,-0.000,2.178,pan_sim
assignment_B_notfound_20261007_123855,7.761,1791344378.337223,195,1791344378.330290,camera_color_optical_frame,0,0.0000,0.0000,0.00000,0.004,1,SEARCHING,predicted,0.000,0.000,deg/s,joint_states,-35.700,0.000,0.000,0.000,0.800,-0.596,0.000,0.033,-0.000,-36.698,-0.000,2.199,pan_sim
assignment_B_notfound_20261007_123855,7.780,1791344378.356167,195,1791344378.330290,camera_color_optical_frame,0,0.0000,0.0000,0.00000,0.023,1,SEARCHING,predicted,0.000,0.000,deg/s,joint_states,-35.700,0.000,0.000,0.000,0.800,-0.596,0.000,0.033,-0.000,-36.698,-0.000,2.218,pan_sim
assignment_B_notfound_20261007_123855,7.800,1791344378.375867,196,1791344378.363503,camera_color_optical_frame,0,0.0000,0.0000,0.00000,0.010,1,SEARCHING,predicted,0.000,0.000,deg/s,joint_states,-35.700,0.000,0.000,0.000,0.800,-0.596,0.000,0.033,-0.000,-36.698,-0.000,2.237,pan_sim
assignment_B_notfound_20261007_123855,7.820,1791344378.396539,196,1791344378.363503,camera_color_optical_frame,0,0.0000,0.0000,0.00000,0.031,1,SEARCHING,predicted,0.000,0.000,deg/s,joint_states,-35.700,0.000,0.000,0.000,0.800,-0.596,0.000,0.033,-0.000,-36.698,-0.000,2.258,pan_sim
assignment_B_notfound_20261007_123855,7.841,1791344378.417720,197,1791344378.397499,camera_color_optical_frame,0,0.0000,0.0000,0.00000,0.014,1,SEARCHING,predicted,0.000,0.000,deg/s,joint_states,-35.700,0.000,0.000,0.000,0.800,-0.596,0.000,0.033,-0.000,-36.698,-0.000,2.278,pan_sim
assignment_B_notfound_20261007_123855,7.860,1791344378.436032,198,1791344378.430228,camera_color_optical_frame,0,0.0000,0.0000,0.00000,0.004,1,SEARCHING,predicted,0.000,0.000,deg/s,joint_states,-35.700,0.000,0.000,0.000,0.800,-0.596,0.000,0.033,-0.000,-36.698,-0.000,2.297,pan_sim
assignment_B_notfound_20261007_123855,7.881,1791344378.457768,198,1791344378.430228,camera_color_optical_frame,0,0.0000,0.0000,0.00000,0.024,1,SEARCHING,predicted,0.000,0.000,deg/s,joint_states,-35.700,0.000,0.000,0.000,0.800,-0.596,0.000,0.033,-0.000,-36.698,-0.000,2.318,pan_sim
assignment_B_notfound_20261007_123855,7.901,1791344378.477003,199,1791344378.464020,camera_color_optical_frame,0,0.0000,0.0000,0.00000,0.010,1,SEARCHING,predicted,0.000,0.000,deg/s,joint_states,-35.700,0.000,0.000,0.000,0.800,-0.596,0.000,0.033,-0.000,-36.698,-0.000,2.338,pan_sim
assignment_B_notfound_20261007_123855,7.920,1791344378.496170,199,1791344378.464020,camera_color_optical_frame,0,0.0000,0.0000,0.00000,0.030,1,SEARCHING,predicted,0.000,0.000,deg/s,joint_states,-35.700,0.000,0.000,0.000,0.800,-0.596,0.000,0.033,-0.000,-36.698,-0.000,2.358,pan_sim
assignment_B_notfound_20261007_123855,7.940,1791344378.516452,200,1791344378.496966,camera_color_optical_frame,0,0.0000,0.0000,0.00000,0.015,1,SEARCHING,predicted,0.000,0.000,deg/s,joint_states,-35.700,0.000,0.000,0.000,0.800,-0.596,0.000,0.033,-0.000,-36.698,-0.000,2.377,pan_sim
assignment_B_notfound_20261007_123855,7.961,1791344378.537023,201,1791344378.530438,camera_color_optical_frame,0,0.0000,0.0000,0.00000,0.004,1,SEARCHING,predicted,0.000,0.000,deg/s,joint_states,-35.700,0.000,0.000,0.000,0.800,-0.596,0.000,0.033,-0.000,-36.698,-0.000,2.398,pan_sim
assignment_B_notfound_20261007_123855,7.980,1791344378.556182,201,1791344378.530438,camera_color_optical_frame,0,0.0000,0.0000,0.00000,0.023,1,SEARCHING,predicted,0.000,0.000,deg/s,joint_states,-35.700,0.000,0.000,0.000,0.800,-0.596,0.000,0.033,-0.000,-36.698,-0.000,2.418,pan_sim
assignment_B_notfound_20261007_123855,8.000,1791344378.576023,202,1791344378.563503,camera_color_optical_frame,0,0.0000,0.0000,0.00000,0.010,1,SEARCHING,predicted,0.000,0.000,deg/s,joint_states,-35.700,0.000,0.000,0.000,0.800,-0.596,0.000,0.033,-0.000,-36.698,-0.000,2.437,pan_sim
assignment_B_notfound_20261007_123855,8.020,1791344378.597021,202,1791344378.563503,camera_color_optical_frame,0,0.0000,0.0000,0.00000,0.031,1,SEARCHING,predicted,0.000,0.000,deg/s,joint_states,-35.700,0.000,0.000,0.000,0.800,-0.596,0.000,0.033,-0.000,-36.698,-0.000,2.458,pan_sim
assignment_B_notfound_20261007_123855,8.041,1791344378.617445,203,1791344378.597344,camera_color_optical_frame,0,0.0000,0.0000,0.00000,0.015,1,SEARCHING,predicted,0.000,0.000,deg/s,joint_states,-35.700,0.000,0.000,0.000,0.800,-0.596,0.000,0.033,-0.000,-36.698,-0.000,2.478,pan_sim
assignment_B_notfound_20261007_123855,8.060,1791344378.635906,204,1791344378.630232,camera_color_optical_frame,0,0.0000,0.0000,0.00000,0.004,1,SEARCHING,predicted,0.000,0.000,deg/s,joint_states,-35.700,0.000,0.000,0.000,0.800,-0.596,0.000,0.033,-0.000,-36.698,-0.000,2.497,pan_sim
assignment_B_notfound_20261007_123855,8.081,1791344378.657649,204,1791344378.630232,camera_color_optical_frame,0,0.0000,0.0000,0.00000,0.024,1,SEARCHING,predicted,0.000,0.000,deg/s,joint_states,-35.700,0.000,0.000,0.000,0.800,-0.596,0.000,0.033,-0.000,-36.698,-0.000,2.518,pan_sim
assignment_B_notfound_20261007_123855,8.101,1791344378.677581,205,1791344378.663472,camera_color_optical_frame,0,0.0000,0.0000,0.00000,0.011,1,SEARCHING,predicted,0.000,0.000,deg/s,joint_states,-35.700,0.000,0.000,0.000,0.800,-0.596,0.000,0.033,-0.000,-36.698,-0.000,2.538,pan_sim
assignment_B_notfound_20261007_123855,8.120,1791344378.695958,205,1791344378.663472,camera_color_optical_frame,0,0.0000,0.0000,0.00000,0.030,1,SEARCHING,predicted,0.000,0.000,deg/s,joint_states,-35.700,0.000,0.000,0.000,0.800,-0.596,0.000,0.033,-0.000,-36.698,-0.000,2.557,pan_sim
assignment_B_notfound_20261007_123855,8.141,1791344378.717330,206,1791344378.697047,camera_color_optical_frame,0,0.0000,0.0000,0.00000,0.015,1,SEARCHING,predicted,0.000,0.000,deg/s,joint_states,-35.700,0.000,0.000,0.000,0.800,-0.596,0.000,0.033,-0.000,-36.698,-0.000,2.578,pan_sim
assignment_B_notfound_20261007_123855,8.161,1791344378.736479,207,1791344378.730205,camera_color_optical_frame,0,0.0000,0.0000,0.00000,0.004,1,SEARCHING,predicted,0.000,0.000,deg/s,joint_states,-35.700,0.000,0.000,0.000,0.800,-0.596,0.000,0.033,-0.000,-36.698,-0.000,2.598,pan_sim
assignment_B_notfound_20261007_123855,8.181,1791344378.757584,207,1791344378.730205,camera_color_optical_frame,0,0.0000,0.0000,0.00000,0.024,1,SEARCHING,predicted,0.000,0.000,deg/s,joint_states,-35.700,0.000,0.000,0.000,0.800,-0.596,0.000,0.033,-0.000,-36.698,-0.000,2.618,pan_sim
assignment_B_notfound_20261007_123855,8.200,1791344378.776345,208,1791344378.763527,camera_color_optical_frame,0,0.0000,0.0000,0.00000,0.011,1,SEARCHING,predicted,0.000,0.000,deg/s,joint_states,-35.700,0.000,0.000,0.000,0.800,-0.596,0.000,0.033,-0.000,-36.698,-0.000,2.638,pan_sim
assignment_B_notfound_20261007_123855,8.221,1791344378.797457,208,1791344378.763527,camera_color_optical_frame,0,0.0000,0.0000,0.00000,0.031,1,SEARCHING,predicted,0.000,0.000,deg/s,joint_states,-35.700,0.000,0.000,0.000,0.800,-0.596,0.000,0.033,-0.000,-36.698,-0.000,2.658,pan_sim
assignment_B_notfound_20261007_123855,8.240,1791344378.815913,209,1791344378.797611,camera_color_optical_frame,0,0.0000,0.0000,0.00000,0.014,1,SEARCHING,predicted,0.000,0.000,deg/s,joint_states,-35.700,0.000,0.000,0.000,0.800,-0.596,0.000,0.033,-0.000,-36.698,-0.000,2.677,pan_sim
assignment_B_notfound_20261007_123855,8.260,1791344378.835891,210,1791344378.830208,camera_color_optical_frame,0,0.0000,0.0000,0.00000,0.004,1,SEARCHING,predicted,0.000,0.000,deg/s,joint_states,-35.700,0.000,0.000,0.000,0.800,-0.596,0.000,0.033,-0.000,-36.698,-0.000,2.697,pan_sim
assignment_B_notfound_20261007_123855,8.280,1791344378.856475,210,1791344378.830208,camera_color_optical_frame,0,0.0000,0.0000,0.00000,0.024,1,SEARCHING,predicted,0.000,0.000,deg/s,joint_states,-35.700,0.000,0.000,0.000,0.800,-0.596,0.000,0.033,-0.000,-36.698,-0.000,2.718,pan_sim
assignment_B_notfound_20261007_123855,8.300,1791344378.876409,211,1791344378.864283,camera_color_optical_frame,0,0.0000,0.0000,0.00000,0.010,1,SEARCHING,predicted,0.000,0.000,deg/s,joint_states,-35.700,0.000,0.000,0.000,0.800,-0.596,0.000,0.033,-0.000,-36.698,-0.000,2.738,pan_sim
assignment_B_notfound_20261007_123855,8.320,1791344378.896275,211,1791344378.864283,camera_color_optical_frame,0,0.0000,0.0000,0.00000,0.030,1,SEARCHING,predicted,0.000,0.000,deg/s,joint_states,-35.700,0.000,0.000,0.000,0.800,-0.596,0.000,0.033,-0.000,-36.698,-0.000,2.758,pan_sim
assignment_B_notfound_20261007_123855,8.341,1791344378.917433,212,1791344378.897000,camera_color_optical_frame,0,0.0000,0.0000,0.00000,0.016,1,SEARCHING,predicted,0.000,0.000,deg/s,joint_states,-35.700,0.000,0.000,0.000,0.800,-0.596,0.000,0.033,-0.000,-36.698,-0.000,2.778,pan_sim
assignment_B_notfound_20261007_123855,8.360,1791344378.935841,213,1791344378.930181,camera_color_optical_frame,0,0.0000,0.0000,0.00000,0.004,1,SEARCHING,predicted,0.000,0.000,deg/s,joint_states,-35.700,0.000,0.000,0.000,0.800,-0.596,0.000,0.033,-0.000,-36.698,-0.000,2.797,pan_sim
assignment_B_notfound_20261007_123855,8.381,1791344378.957654,213,1791344378.930181,camera_color_optical_frame,0,0.0000,0.0000,0.00000,0.024,1,SEARCHING,predicted,0.000,0.000,deg/s,joint_states,-35.700,0.000,0.000,0.000,0.800,-0.596,0.000,0.033,-0.000,-36.698,-0.000,2.818,pan_sim
assignment_B_notfound_20261007_123855,8.400,1791344378.975975,214,1791344378.963602,camera_color_optical_frame,0,0.0000,0.0000,0.00000,0.010,1,SEARCHING,predicted,0.000,0.000,deg/s,joint_states,-35.700,0.000,0.000,0.000,0.800,-0.596,0.000,0.033,-0.000,-36.698,-0.000,2.837,pan_sim
assignment_B_notfound_20261007_123855,8.421,1791344378.997690,214,1791344378.963602,camera_color_optical_frame,0,0.0000,0.0000,0.00000,0.031,1,SEARCHING,predicted,0.000,0.000,deg/s,joint_states,-35.700,0.000,0.000,0.000,0.800,-0.596,0.000,0.033,-0.000,-36.698,-0.000,2.858,pan_sim
assignment_B_notfound_20261007_123855,8.441,1791344379.017558,215,1791344378.997429,camera_color_optical_frame,0,0.0000,0.0000,0.00000,0.015,1,SEARCHING,predicted,0.000,0.000,deg/s,joint_states,-35.700,0.000,0.000,0.000,0.800,-0.596,0.000,0.033,-0.000,-36.698,-0.000,2.878,pan_sim
assignment_B_notfound_20261007_123855,8.460,1791344379.036374,216,1791344379.030334,camera_color_optical_frame,0,0.0000,0.0000,0.00000,0.003,1,SEARCHING,predicted,0.000,0.000,deg/s,joint_states,-35.700,0.000,0.000,0.000,0.800,-0.596,0.000,0.033,-0.000,-36.698,-0.000,2.898,pan_sim
assignment_B_notfound_20261007_123855,8.480,1791344379.056577,216,1791344379.030334,camera_color_optical_frame,0,0.0000,0.0000,0.00000,0.023,1,SEARCHING,predicted,0.000,0.000,deg/s,joint_states,-35.700,0.000,0.000,0.000,0.800,-0.596,0.000,0.033,-0.000,-36.698,-0.000,2.918,pan_sim
assignment_B_notfound_20261007_123855,8.501,1791344379.077704,217,1791344379.063449,camera_color_optical_frame,0,0.0000,0.0000,0.00000,0.011,1,SEARCHING,predicted,0.000,0.000,deg/s,joint_states,-35.700,0.000,0.000,0.000,0.800,-0.596,0.000,0.033,-0.000,-36.698,-0.000,2.938,pan_sim
assignment_B_notfound_20261007_123855,8.520,1791344379.095955,217,1791344379.063449,camera_color_optical_frame,0,0.0000,0.0000,0.00000,0.030,1,SEARCHING,predicted,0.000,0.000,deg/s,joint_states,-35.700,0.000,0.000,0.000,0.800,-0.596,0.000,0.033,-0.000,-36.698,-0.000,2.957,pan_sim
assignment_B_notfound_20261007_123855,8.540,1791344379.116952,218,1791344379.096941,camera_color_optical_frame,0,0.0000,0.0000,0.00000,0.016,1,SEARCHING,predicted,0.000,0.000,deg/s,joint_states,-35.700,0.000,0.000,0.000,0.800,-0.596,0.000,0.033,-0.000,-36.698,-0.000,2.978,pan_sim
assignment_B_notfound_20261007_123855,8.561,1791344379.137323,219,1791344379.130583,camera_color_optical_frame,0,0.0000,0.0000,0.00000,0.004,1,SEARCHING,predicted,0.000,0.000,deg/s,joint_states,-35.700,0.000,0.000,0.000,0.800,-0.596,0.000,0.033,-0.000,-36.698,-0.000,2.999,pan_sim
assignment_B_notfound_20261007_123855,8.581,1791344379.160912,219,1791344379.130583,camera_color_optical_frame,0,0.0000,0.0000,0.00000,0.023,1,LOST,search_failed,0.000,0.000,deg/s,joint_states,-35.700,0.000,0.000,0.000,0.800,-0.596,0.000,0.033,-0.000,-36.698,-0.000,,pan_sim
assignment_B_notfound_20261007_123855,8.601,1791344379.177596,220,1791344379.163562,camera_color_optical_frame,0,0.0000,0.0000,0.00000,0.011,1,LOST,search_failed,0.000,0.000,deg/s,joint_states,-35.700,0.000,0.000,0.000,0.800,-0.596,0.000,0.033,-0.000,-36.698,-0.000,,pan_sim
assignment_B_notfound_20261007_123855,8.620,1791344379.196296,220,1791344379.163562,camera_color_optical_frame,0,0.0000,0.0000,0.00000,0.030,1,LOST,search_failed,0.000,0.000,deg/s,joint_states,-35.700,0.000,0.000,0.000,0.800,-0.596,0.000,0.033,-0.000,-36.698,-0.000,,pan_sim
assignment_B_notfound_20261007_123855,8.640,1791344379.216519,221,1791344379.196994,camera_color_optical_frame,0,0.0000,0.0000,0.00000,0.016,1,LOST,search_failed,0.000,0.000,deg/s,joint_states,-35.700,0.000,0.000,0.000,0.800,-0.596,0.000,0.033,-0.000,-36.698,-0.000,,pan_sim
assignment_B_notfound_20261007_123855,8.662,1791344379.237345,222,1791344379.230355,camera_color_optical_frame,0,0.0000,0.0000,0.00000,0.005,1,LOST,search_failed,0.000,0.000,deg/s,joint_states,-35.700,0.000,0.000,0.000,0.800,-0.596,0.000,0.033,-0.000,-36.698,-0.000,,pan_sim
assignment_B_notfound_20261007_123855,8.681,1791344379.257616,222,1791344379.230355,camera_color_optical_frame,0,0.0000,0.0000,0.00000,0.024,1,LOST,search_failed,0.000,0.000,deg/s,joint_states,-35.700,0.000,0.000,0.000,0.800,-0.596,0.000,0.033,-0.000,-36.698,-0.000,,pan_sim
assignment_B_notfound_20261007_123855,8.701,1791344379.277558,223,1791344379.263557,camera_color_optical_frame,0,0.0000,0.0000,0.00000,0.010,1,LOST,search_failed,0.000,0.000,deg/s,joint_states,-35.700,0.000,0.000,0.000,0.800,-0.596,0.000,0.033,-0.000,-36.698,-0.000,,pan_sim
assignment_B_notfound_20261007_123855,8.720,1791344379.296489,223,1791344379.263557,camera_color_optical_frame,0,0.0000,0.0000,0.00000,0.029,1,LOST,search_failed,0.000,0.000,deg/s,joint_states,-35.700,0.000,0.000,0.000,0.800,-0.596,0.000,0.033,-0.000,-36.698,-0.000,,pan_sim
assignment_B_notfound_20261007_123855,8.740,1791344379.316572,224,1791344379.297437,camera_color_optical_frame,0,0.0000,0.0000,0.00000,0.013,1,LOST,search_failed,0.000,0.000,deg/s,joint_states,-35.700,0.000,0.000,0.000,0.800,-0.596,0.000,0.033,-0.000,-36.698,-0.000,,pan_sim
assignment_B_notfound_20261007_123855,8.762,1791344379.338154,225,1791344379.330365,camera_color_optical_frame,0,0.0000,0.0000,0.00000,0.005,1,LOST,search_failed,0.000,0.000,deg/s,joint_states,-35.700,0.000,0.000,0.000,0.800,-0.596,0.000,0.033,-0.000,-36.698,-0.000,,pan_sim
assignment_B_notfound_20261007_123855,8.780,1791344379.356587,225,1791344379.330365,camera_color_optical_frame,0,0.0000,0.0000,0.00000,0.023,1,LOST,search_failed,0.000,0.000,deg/s,joint_states,-35.700,0.000,0.000,0.000,0.800,-0.596,0.000,0.033,-0.000,-36.698,-0.000,,pan_sim
assignment_B_notfound_20261007_123855,8.800,1791344379.375944,226,1791344379.363453,camera_color_optical_frame,0,0.0000,0.0000,0.00000,0.010,1,LOST,search_failed,0.000,0.000,deg/s,joint_states,-35.700,0.000,0.000,0.000,0.800,-0.596,0.000,0.033,-0.000,-36.698,-0.000,,pan_sim
assignment_B_notfound_20261007_123855,8.820,1791344379.395948,226,1791344379.363453,camera_color_optical_frame,0,0.0000,0.0000,0.00000,0.030,1,LOST,search_failed,0.000,0.000,deg/s,joint_states,-35.700,0.000,0.000,0.000,0.800,-0.596,0.000,0.033,-0.000,-36.698,-0.000,,pan_sim
assignment_B_notfound_20261007_123855,8.841,1791344379.417574,227,1791344379.397031,camera_color_optical_frame,0,0.0000,0.0000,0.00000,0.017,1,LOST,search_failed,0.000,0.000,deg/s,joint_states,-35.700,0.000,0.000,0.000,0.800,-0.596,0.000,0.033,-0.000,-36.698,-0.000,,pan_sim
assignment_B_notfound_20261007_123855,8.860,1791344379.436306,228,1791344379.430766,camera_color_optical_frame,0,0.0000,0.0000,0.00000,0.002,1,LOST,search_failed,0.000,0.000,deg/s,joint_states,-35.700,0.000,0.000,0.000,0.800,-0.596,0.000,0.033,-0.000,-36.698,-0.000,,pan_sim
assignment_B_notfound_20261007_123855,8.880,1791344379.456393,228,1791344379.430766,camera_color_optical_frame,0,0.0000,0.0000,0.00000,0.022,1,LOST,search_failed,0.000,0.000,deg/s,joint_states,-35.700,0.000,0.000,0.000,0.800,-0.596,0.000,0.033,-0.000,-36.698,-0.000,,pan_sim
assignment_B_notfound_20261007_123855,8.901,1791344379.477505,229,1791344379.463637,camera_color_optical_frame,0,0.0000,0.0000,0.00000,0.011,1,LOST,search_failed,0.000,0.000,deg/s,joint_states,-35.700,0.000,0.000,0.000,0.800,-0.596,0.000,0.033,-0.000,-36.698,-0.000,,pan_sim
assignment_B_notfound_20261007_123855,8.920,1791344379.495943,229,1791344379.463637,camera_color_optical_frame,0,0.0000,0.0000,0.00000,0.030,1,LOST,search_failed,0.000,0.000,deg/s,joint_states,-35.700,0.000,0.000,0.000,0.800,-0.596,0.000,0.033,-0.000,-36.698,-0.000,,pan_sim
assignment_B_notfound_20261007_123855,8.941,1791344379.517573,230,1791344379.497277,camera_color_optical_frame,0,0.0000,0.0000,0.00000,0.015,1,LOST,search_failed,0.000,0.000,deg/s,joint_states,-35.700,0.000,0.000,0.000,0.800,-0.596,0.000,0.033,-0.000,-36.698,-0.000,,pan_sim
assignment_B_notfound_20261007_123855,8.962,1791344379.537492,231,1791344379.530157,camera_color_optical_frame,0,0.0000,0.0000,0.00000,0.005,1,LOST,search_failed,0.000,0.000,deg/s,joint_states,-35.700,0.000,0.000,0.000,0.800,-0.596,0.000,0.033,-0.000,-36.698,-0.000,,pan_sim
assignment_B_notfound_20261007_123855,8.980,1791344379.556183,231,1791344379.530157,camera_color_optical_frame,0,0.0000,0.0000,0.00000,0.024,1,LOST,search_failed,0.000,0.000,deg/s,joint_states,-35.700,0.000,0.000,0.000,0.800,-0.596,0.000,0.033,-0.000,-36.698,-0.000,,pan_sim
assignment_B_notfound_20261007_123855,9.000,1791344379.576066,232,1791344379.564520,camera_color_optical_frame,0,0.0000,0.0000,0.00000,0.009,1,LOST,search_failed,0.000,0.000,deg/s,joint_states,-35.700,0.000,0.000,0.000,0.800,-0.596,0.000,0.033,-0.000,-36.698,-0.000,,pan_sim
assignment_B_notfound_20261007_123855,9.021,1791344379.597328,232,1791344379.564520,camera_color_optical_frame,0,0.0000,0.0000,0.00000,0.030,1,LOST,search_failed,0.000,0.000,deg/s,joint_states,-35.700,0.000,0.000,0.000,0.800,-0.596,0.000,0.033,-0.000,-36.698,-0.000,,pan_sim
assignment_B_notfound_20261007_123855,9.041,1791344379.617596,233,1791344379.597409,camera_color_optical_frame,0,0.0000,0.0000,0.00000,0.016,1,LOST,search_failed,0.000,0.000,deg/s,joint_states,-35.700,0.000,0.000,0.000,0.800,-0.596,0.000,0.033,-0.000,-36.698,-0.000,,pan_sim
assignment_B_notfound_20261007_123855,9.060,1791344379.636316,234,1791344379.630747,camera_color_optical_frame,0,0.0000,0.0000,0.00000,0.002,1,LOST,search_failed,0.000,0.000,deg/s,joint_states,-35.700,0.000,0.000,0.000,0.800,-0.596,0.000,0.033,-0.000,-36.698,-0.000,,pan_sim
assignment_B_notfound_20261007_123855,9.080,1791344379.656393,234,1791344379.630747,camera_color_optical_frame,0,0.0000,0.0000,0.00000,0.022,1,LOST,search_failed,0.000,0.000,deg/s,joint_states,-35.700,0.000,0.000,0.000,0.800,-0.596,0.000,0.033,-0.000,-36.698,-0.000,,pan_sim
assignment_B_notfound_20261007_123855,9.100,1791344379.676250,235,1791344379.663498,camera_color_optical_frame,0,0.0000,0.0000,0.00000,0.010,1,LOST,search_failed,0.000,0.000,deg/s,joint_states,-35.700,0.000,0.000,0.000,0.800,-0.596,0.000,0.033,-0.000,-36.698,-0.000,,pan_sim
assignment_B_notfound_20261007_123855,9.120,1791344379.696072,235,1791344379.663498,camera_color_optical_frame,0,0.0000,0.0000,0.00000,0.030,1,LOST,search_failed,0.000,0.000,deg/s,joint_states,-35.700,0.000,0.000,0.000,0.800,-0.596,0.000,0.033,-0.000,-36.698,-0.000,,pan_sim
assignment_B_notfound_20261007_123855,9.141,1791344379.717525,236,1791344379.697057,camera_color_optical_frame,0,0.0000,0.0000,0.00000,0.017,1,LOST,search_failed,0.000,0.000,deg/s,joint_states,-35.700,0.000,0.000,0.000,0.800,-0.596,0.000,0.033,-0.000,-36.698,-0.000,,pan_sim
assignment_B_notfound_20261007_123855,9.160,1791344379.735866,237,1791344379.730204,camera_color_optical_frame,0,0.0000,0.0000,0.00000,0.004,1,LOST,search_failed,0.000,0.000,deg/s,joint_states,-35.700,0.000,0.000,0.000,0.800,-0.596,0.000,0.033,-0.000,-36.698,-0.000,,pan_sim
assignment_B_notfound_20261007_123855,9.180,1791344379.755860,237,1791344379.730204,camera_color_optical_frame,0,0.0000,0.0000,0.00000,0.024,1,LOST,search_failed,0.000,0.000,deg/s,joint_states,-35.700,0.000,0.000,0.000,0.800,-0.596,0.000,0.033,-0.000,-36.698,-0.000,,pan_sim
assignment_B_notfound_20261007_123855,9.200,1791344379.776252,238,1791344379.763458,camera_color_optical_frame,0,0.0000,0.0000,0.00000,0.010,1,LOST,search_failed,0.000,0.000,deg/s,joint_states,-35.700,0.000,0.000,0.000,0.800,-0.596,0.000,0.033,-0.000,-36.698,-0.000,,pan_sim
assignment_B_notfound_20261007_123855,9.220,1791344379.796089,238,1791344379.763458,camera_color_optical_frame,0,0.0000,0.0000,0.00000,0.030,1,LOST,search_failed,0.000,0.000,deg/s,joint_states,-35.700,0.000,0.000,0.000,0.800,-0.596,0.000,0.033,-0.000,-36.698,-0.000,,pan_sim
assignment_B_notfound_20261007_123855,9.241,1791344379.816970,239,1791344379.796946,camera_color_optical_frame,0,0.0000,0.0000,0.00000,0.017,1,LOST,search_failed,0.000,0.000,deg/s,joint_states,-35.700,0.000,0.000,0.000,,,,,,,,,pan_sim
assignment_B_notfound_20261007_123855,9.260,1791344379.835793,240,1791344379.830351,camera_color_optical_frame,0,0.0000,0.0000,0.00000,0.003,1,LOST,search_failed,0.000,0.000,deg/s,joint_states,-35.700,0.000,0.000,0.000,,,,,,,,,pan_sim
assignment_B_notfound_20261007_123855,9.281,1791344379.856941,240,1791344379.830351,camera_color_optical_frame,0,0.0000,0.0000,0.00000,0.024,1,LOST,search_failed,0.000,0.000,deg/s,joint_states,-35.700,0.000,0.000,0.000,,,,,,,,,pan_sim
assignment_B_notfound_20261007_123855,9.300,1791344379.875783,241,1791344379.863456,camera_color_optical_frame,0,0.0000,0.0000,0.00000,0.010,1,LOST,search_failed,0.000,0.000,deg/s,joint_states,-35.700,0.000,0.000,0.000,,,,,,,,,pan_sim
assignment_B_notfound_20261007_123855,9.321,1791344379.896960,241,1791344379.863456,camera_color_optical_frame,0,0.0000,0.0000,0.00000,0.031,1,LOST,search_failed,0.000,0.000,deg/s,joint_states,-35.700,0.000,0.000,0.000,,,,,,,,,pan_sim
assignment_B_notfound_20261007_123855,9.341,1791344379.916903,242,1791344379.897513,camera_color_optical_frame,0,0.0000,0.0000,0.00000,0.015,1,LOST,search_failed,0.000,0.000,deg/s,joint_states,-35.700,0.000,0.000,0.000,,,,,,,,,pan_sim
assignment_B_notfound_20261007_123855,9.360,1791344379.935551,243,1791344379.930157,camera_color_optical_frame,0,0.0000,0.0000,0.00000,0.004,1,LOST,search_failed,0.000,0.000,deg/s,joint_states,-35.700,0.000,0.000,0.000,,,,,,,,,pan_sim
assignment_B_notfound_20261007_123855,9.381,1791344379.956931,243,1791344379.930157,camera_color_optical_frame,0,0.0000,0.0000,0.00000,0.024,1,LOST,search_failed,0.000,0.000,deg/s,joint_states,-35.700,0.000,0.000,0.000,,,,,,,,,pan_sim
assignment_B_notfound_20261007_123855,9.400,1791344379.975672,244,1791344379.963456,camera_color_optical_frame,0,0.0000,0.0000,0.00000,0.010,1,LOST,search_failed,0.000,0.000,deg/s,joint_states,-35.700,0.000,0.000,0.000,,,,,,,,,pan_sim
assignment_B_notfound_20261007_123855,9.421,1791344379.997004,244,1791344379.963456,camera_color_optical_frame,0,0.0000,0.0000,0.00000,0.031,1,LOST,search_failed,0.000,0.000,deg/s,joint_states,-35.700,0.000,0.000,0.000,,,,,,,,,pan_sim
assignment_B_notfound_20261007_123855,9.440,1791344380.016025,245,1791344379.997552,camera_color_optical_frame,0,0.0000,0.0000,0.00000,0.015,1,LOST,search_failed,0.000,0.000,deg/s,joint_states,-35.700,0.000,0.000,0.000,,,,,,,,,pan_sim
assignment_B_notfound_20261007_123855,9.461,1791344380.036984,246,1791344380.030200,camera_color_optical_frame,0,0.0000,0.0000,0.00000,0.005,1,LOST,search_failed,0.000,0.000,deg/s,joint_states,-35.700,0.000,0.000,0.000,,,,,,,,,pan_sim
assignment_B_notfound_20261007_123855,9.480,1791344380.055845,246,1791344380.030200,camera_color_optical_frame,0,0.0000,0.0000,0.00000,0.024,1,LOST,search_failed,0.000,0.000,deg/s,joint_states,-35.700,0.000,0.000,0.000,,,,,,,,,pan_sim
assignment_B_notfound_20261007_123855,9.500,1791344380.076000,247,1791344380.063534,camera_color_optical_frame,0,0.0000,0.0000,0.00000,0.010,1,LOST,search_failed,0.000,0.000,deg/s,joint_states,-35.700,0.000,0.000,0.000,,,,,,,,,pan_sim
assignment_B_notfound_20261007_123855,9.521,1791344380.096752,247,1791344380.063534,camera_color_optical_frame,0,0.0000,0.0000,0.00000,0.031,1,LOST,search_failed,0.000,0.000,deg/s,joint_states,-35.700,0.000,0.000,0.000,,,,,,,,,pan_sim
assignment_B_notfound_20261007_123855,9.540,1791344380.115675,248,1791344380.097465,camera_color_optical_frame,0,0.0000,0.0000,0.00000,0.015,1,LOST,search_failed,0.000,0.000,deg/s,joint_states,-35.700,0.000,0.000,0.000,,,,,,,,,pan_sim
assignment_B_notfound_20261007_123855,9.562,1791344380.137649,249,1791344380.130451,camera_color_optical_frame,0,0.0000,0.0000,0.00000,0.005,1,LOST,search_failed,0.000,0.000,deg/s,joint_states,-35.700,0.000,0.000,0.000,,,,,,,,,pan_sim
assignment_B_notfound_20261007_123855,9.581,1791344380.156942,249,1791344380.130451,camera_color_optical_frame,0,0.0000,0.0000,0.00000,0.023,1,LOST,search_failed,0.000,0.000,deg/s,joint_states,-35.700,0.000,0.000,0.000,,,,,,,,,pan_sim
assignment_B_notfound_20261007_123855,9.601,1791344380.176649,250,1791344380.163470,camera_color_optical_frame,0,0.0000,0.0000,0.00000,0.011,1,LOST,search_failed,0.000,0.000,deg/s,joint_states,-35.700,0.000,0.000,0.000,,,,,,,,,pan_sim
assignment_B_notfound_20261007_123855,9.621,1791344380.197001,250,1791344380.163470,camera_color_optical_frame,0,0.0000,0.0000,0.00000,0.031,1,LOST,search_failed,0.000,0.000,deg/s,joint_states,-35.700,0.000,0.000,0.000,,,,,,,,,pan_sim
assignment_B_notfound_20261007_123855,9.640,1791344380.215921,251,1791344380.197518,camera_color_optical_frame,0,0.0000,0.0000,0.00000,0.015,1,LOST,search_failed,0.000,0.000,deg/s,joint_states,-35.700,0.000,0.000,0.000,,,,,,,,,pan_sim
assignment_B_notfound_20261007_123855,9.661,1791344380.236631,252,1791344380.230692,camera_color_optical_frame,0,0.0000,0.0000,0.00000,0.003,1,LOST,search_failed,0.000,0.000,deg/s,joint_states,-35.700,0.000,0.000,0.000,,,,,,,,,pan_sim
assignment_B_notfound_20261007_123855,9.680,1791344380.255702,252,1791344380.230692,camera_color_optical_frame,0,0.0000,0.0000,0.00000,0.022,1,LOST,search_failed,0.000,0.000,deg/s,joint_states,-35.700,0.000,0.000,0.000,,,,,,,,,pan_sim
assignment_B_notfound_20261007_123855,9.700,1791344380.275676,253,1791344380.263459,camera_color_optical_frame,0,0.0000,0.0000,0.00000,0.010,1,LOST,search_failed,0.000,0.000,deg/s,joint_states,-35.700,0.000,0.000,0.000,,,,,,,,,pan_sim
assignment_B_notfound_20261007_123855,9.720,1791344380.295923,253,1791344380.263459,camera_color_optical_frame,0,0.0000,0.0000,0.00000,0.031,1,LOST,search_failed,0.000,0.000,deg/s,joint_states,-35.700,0.000,0.000,0.000,,,,,,,,,pan_sim
assignment_B_notfound_20261007_123855,9.741,1791344380.316960,254,1791344380.297071,camera_color_optical_frame,0,0.0000,0.0000,0.00000,0.017,1,LOST,search_failed,0.000,0.000,deg/s,joint_states,-35.700,0.000,0.000,0.000,,,,,,,,,pan_sim
assignment_B_notfound_20261007_123855,9.760,1791344380.335858,255,1791344380.330235,camera_color_optical_frame,0,0.0000,0.0000,0.00000,0.004,1,LOST,search_failed,0.000,0.000,deg/s,joint_states,-35.700,0.000,0.000,0.000,,,,,,,,,pan_sim
assignment_B_notfound_20261007_123855,9.781,1791344380.356444,255,1791344380.330235,camera_color_optical_frame,0,0.0000,0.0000,0.00000,0.024,1,LOST,search_failed,0.000,0.000,deg/s,joint_states,-35.700,0.000,0.000,0.000,,,,,,,,,pan_sim
assignment_B_notfound_20261007_123855,9.800,1791344380.375666,256,1791344380.363715,camera_color_optical_frame,0,0.0000,0.0000,0.00000,0.010,1,LOST,search_failed,0.000,0.000,deg/s,joint_states,-35.700,0.000,0.000,0.000,,,,,,,,,pan_sim
assignment_B_notfound_20261007_123855,9.821,1791344380.397357,256,1791344380.363715,camera_color_optical_frame,0,0.0000,0.0000,0.00000,0.031,1,LOST,search_failed,0.000,0.000,deg/s,joint_states,-35.700,0.000,0.000,0.000,,,,,,,,,pan_sim
assignment_B_notfound_20261007_123855,9.840,1791344380.416533,257,1791344380.397581,camera_color_optical_frame,0,0.0000,0.0000,0.00000,0.013,1,LOST,search_failed,0.000,0.000,deg/s,joint_states,-35.700,0.000,0.000,0.000,,,,,,,,,pan_sim
assignment_B_notfound_20261007_123855,9.860,1791344380.435896,258,1791344380.430655,camera_color_optical_frame,0,0.0000,0.0000,0.00000,0.002,1,LOST,search_failed,0.000,0.000,deg/s,joint_states,-35.700,0.000,0.000,0.000,,,,,,,,,pan_sim
assignment_B_notfound_20261007_123855,9.880,1791344380.455862,258,1791344380.430655,camera_color_optical_frame,0,0.0000,0.0000,0.00000,0.022,1,LOST,search_failed,0.000,0.000,deg/s,joint_states,-35.700,0.000,0.000,0.000,,,,,,,,,pan_sim
assignment_B_notfound_20261007_123855,9.900,1791344380.475770,259,1791344380.463500,camera_color_optical_frame,0,0.0000,0.0000,0.00000,0.011,1,LOST,search_failed,0.000,0.000,deg/s,joint_states,-35.700,0.000,0.000,0.000,,,,,,,,,pan_sim
assignment_B_notfound_20261007_123855,9.920,1791344380.496232,259,1791344380.463500,camera_color_optical_frame,0,0.0000,0.0000,0.00000,0.031,1,LOST,search_failed,0.000,0.000,deg/s,joint_states,-35.700,0.000,0.000,0.000,,,,,,,,,pan_sim
assignment_B_notfound_20261007_123855,9.940,1791344380.515923,260,1791344380.497424,camera_color_optical_frame,0,0.0000,0.0000,0.00000,0.014,1,LOST,search_failed,0.000,0.000,deg/s,joint_states,-35.700,0.000,0.000,0.000,,,,,,,,,pan_sim
assignment_B_notfound_20261007_123855,9.961,1791344380.536027,261,1791344380.530294,camera_color_optical_frame,0,0.0000,0.0000,0.00000,0.004,1,LOST,search_failed,0.000,0.000,deg/s,joint_states,-35.700,0.000,0.000,0.000,,,,,,,,,pan_sim
assignment_B_notfound_20261007_123855,9.980,1791344380.555794,261,1791344380.530294,camera_color_optical_frame,0,0.0000,0.0000,0.00000,0.024,1,LOST,search_failed,0.000,0.000,deg/s,joint_states,-35.700,0.000,0.000,0.000,,,,,,,,,pan_sim
assignment_B_notfound_20261007_123855,10.000,1791344380.575699,262,1791344380.563490,camera_color_optical_frame,0,0.0000,0.0000,0.00000,0.010,1,LOST,search_failed,0.000,0.000,deg/s,joint_states,-35.700,0.000,0.000,0.000,,,,,,,,,pan_sim
assignment_B_notfound_20261007_123855,10.021,1791344380.596971,262,1791344380.563490,camera_color_optical_frame,0,0.0000,0.0000,0.00000,0.031,1,LOST,search_failed,0.000,0.000,deg/s,joint_states,-35.700,0.000,0.000,0.000,,,,,,,,,pan_sim
assignment_B_notfound_20261007_123855,10.040,1791344380.616378,263,1791344380.597571,camera_color_optical_frame,0,0.0000,0.0000,0.00000,0.015,1,LOST,search_failed,0.000,0.000,deg/s,joint_states,-35.700,0.000,0.000,0.000,,,,,,,,,pan_sim
assignment_B_notfound_20261007_123855,10.062,1791344380.637602,264,1791344380.630199,camera_color_optical_frame,0,0.0000,0.0000,0.00000,0.005,1,LOST,search_failed,0.000,0.000,deg/s,joint_states,-35.700,0.000,0.000,0.000,,,,,,,,,pan_sim
assignment_B_notfound_20261007_123855,10.081,1791344380.656893,264,1791344380.630199,camera_color_optical_frame,0,0.0000,0.0000,0.00000,0.024,1,LOST,search_failed,0.000,0.000,deg/s,joint_states,-35.700,0.000,0.000,0.000,,,,,,,,,pan_sim
assignment_B_notfound_20261007_123855,10.100,1791344380.676171,265,1791344380.663481,camera_color_optical_frame,0,0.0000,0.0000,0.00000,0.011,1,LOST,search_failed,0.000,0.000,deg/s,joint_states,-35.700,0.000,0.000,0.000,,,,,,,,,pan_sim
assignment_B_notfound_20261007_123855,10.120,1791344380.695896,265,1791344380.663481,camera_color_optical_frame,0,0.0000,0.0000,0.00000,0.030,1,LOST,search_failed,0.000,0.000,deg/s,joint_states,-35.700,0.000,0.000,0.000,,,,,,,,,pan_sim
assignment_B_notfound_20261007_123855,10.141,1791344380.716543,266,1791344380.697006,camera_color_optical_frame,0,0.0000,0.0000,0.00000,0.016,1,LOST,search_failed,0.000,0.000,deg/s,joint_states,-35.700,0.000,0.000,0.000,,,,,,,,,pan_sim
assignment_B_notfound_20261007_123855,10.161,1791344380.736710,267,1791344380.730212,camera_color_optical_frame,0,0.0000,0.0000,0.00000,0.003,1,LOST,search_failed,0.000,0.000,deg/s,joint_states,-35.700,0.000,0.000,0.000,,,,,,,,,pan_sim
assignment_B_notfound_20261007_123855,10.181,1791344380.756961,267,1791344380.730212,camera_color_optical_frame,0,0.0000,0.0000,0.00000,0.023,1,LOST,search_failed,0.000,0.000,deg/s,joint_states,-35.700,0.000,0.000,0.000,,,,,,,,,pan_sim
assignment_B_notfound_20261007_123855,10.200,1791344380.776156,268,1791344380.763460,camera_color_optical_frame,0,0.0000,0.0000,0.00000,0.011,1,LOST,search_failed,0.000,0.000,deg/s,joint_states,-35.700,0.000,0.000,0.000,,,,,,,,,pan_sim
assignment_B_notfound_20261007_123855,10.220,1791344380.795778,268,1791344380.763460,camera_color_optical_frame,0,0.0000,0.0000,0.00000,0.031,1,LOST,search_failed,0.000,0.000,deg/s,joint_states,-35.700,0.000,0.000,0.000,,,,,,,,,pan_sim
assignment_B_notfound_20261007_123855,10.241,1791344380.816943,269,1791344380.797005,camera_color_optical_frame,0,0.0000,0.0000,0.00000,0.017,1,LOST,search_failed,0.000,0.000,deg/s,joint_states,-35.700,0.000,0.000,0.000,,,,,,,,,pan_sim
assignment_B_notfound_20261007_123855,10.260,1791344380.835917,270,1791344380.830381,camera_color_optical_frame,0,0.0000,0.0000,0.00000,0.002,1,LOST,search_failed,0.000,0.000,deg/s,joint_states,-35.700,0.000,0.000,0.000,,,,,,,,,pan_sim
assignment_B_notfound_20261007_123855,10.280,1791344380.856302,270,1791344380.830381,camera_color_optical_frame,0,0.0000,0.0000,0.00000,0.022,1,LOST,search_failed,0.000,0.000,deg/s,joint_states,-35.700,0.000,0.000,0.000,,,,,,,,,pan_sim
assignment_B_notfound_20261007_123855,10.300,1791344380.875596,271,1791344380.863448,camera_color_optical_frame,0,0.0000,0.0000,0.00000,0.010,1,LOST,search_failed,0.000,0.000,deg/s,joint_states,-35.700,0.000,0.000,0.000,,,,,,,,,pan_sim
assignment_B_notfound_20261007_123855,10.321,1791344380.896991,271,1791344380.863448,camera_color_optical_frame,0,0.0000,0.0000,0.00000,0.031,1,LOST,search_failed,0.000,0.000,deg/s,joint_states,-35.700,0.000,0.000,0.000,,,,,,,,,pan_sim
assignment_B_notfound_20261007_123855,10.340,1791344380.915735,272,1791344380.897547,camera_color_optical_frame,0,0.0000,0.0000,0.00000,0.014,1,LOST,search_failed,0.000,0.000,deg/s,joint_states,-35.700,0.000,0.000,0.000,,,,,,,,,pan_sim
assignment_B_notfound_20261007_123855,10.361,1791344380.936275,273,1791344380.930450,camera_color_optical_frame,0,0.0000,0.0000,0.00000,0.004,1,LOST,search_failed,0.000,0.000,deg/s,joint_states,-35.700,0.000,0.000,0.000,,,,,,,,,pan_sim
assignment_B_notfound_20261007_123855,10.380,1791344380.955696,273,1791344380.930450,camera_color_optical_frame,0,0.0000,0.0000,0.00000,0.023,1,LOST,search_failed,0.000,0.000,deg/s,joint_states,-35.700,0.000,0.000,0.000,,,,,,,,,pan_sim
assignment_B_notfound_20261007_123855,10.400,1791344380.975631,274,1791344380.963924,camera_color_optical_frame,0,0.0000,0.0000,0.00000,0.010,1,LOST,search_failed,0.000,0.000,deg/s,joint_states,-35.700,0.000,0.000,0.000,,,,,,,,,pan_sim
assignment_B_notfound_20261007_123855,10.420,1791344380.996308,274,1791344380.963924,camera_color_optical_frame,0,0.0000,0.0000,0.00000,0.030,1,LOST,search_failed,0.000,0.000,deg/s,joint_states,-35.700,0.000,0.000,0.000,,,,,,,,,pan_sim
assignment_B_notfound_20261007_123855,10.440,1791344381.015934,275,1791344380.998078,camera_color_optical_frame,0,0.0000,0.0000,0.00000,0.015,1,LOST,search_failed,0.000,0.000,deg/s,joint_states,-35.700,0.000,0.000,0.000,,,,,,,,,pan_sim
assignment_B_notfound_20261007_123855,10.462,1791344381.037950,276,1791344381.030288,camera_color_optical_frame,0,0.0000,0.0000,0.00000,0.005,1,LOST,search_failed,0.000,0.000,deg/s,joint_states,-35.700,0.000,0.000,0.000,,,,,,,,,pan_sim
assignment_B_notfound_20261007_123855,10.481,1791344381.056931,276,1791344381.030288,camera_color_optical_frame,0,0.0000,0.0000,0.00000,0.024,1,LOST,search_failed,0.000,0.000,deg/s,joint_states,-35.700,0.000,0.000,0.000,,,,,,,,,pan_sim
assignment_B_notfound_20261007_123855,10.500,1791344381.075767,277,1791344381.063458,camera_color_optical_frame,0,0.0000,0.0000,0.00000,0.010,1,LOST,search_failed,0.000,0.000,deg/s,joint_states,-35.700,0.000,0.000,0.000,,,,,,,,,pan_sim
assignment_B_notfound_20261007_123855,10.520,1791344381.095947,277,1791344381.063458,camera_color_optical_frame,0,0.0000,0.0000,0.00000,0.031,1,LOST,search_failed,0.000,0.000,deg/s,joint_states,-35.700,0.000,0.000,0.000,,,,,,,,,pan_sim
assignment_B_notfound_20261007_123855,10.541,1791344381.116867,278,1791344381.097044,camera_color_optical_frame,0,0.0000,0.0000,0.00000,0.016,1,LOST,search_failed,0.000,0.000,deg/s,joint_states,-35.700,0.000,0.000,0.000,,,,,,,,,pan_sim
assignment_B_notfound_20261007_123855,10.560,1791344381.135873,279,1791344381.130187,camera_color_optical_frame,0,0.0000,0.0000,0.00000,0.004,1,LOST,search_failed,0.000,0.000,deg/s,joint_states,-35.700,0.000,0.000,0.000,,,,,,,,,pan_sim
assignment_B_notfound_20261007_123855,10.580,1791344381.155973,279,1791344381.130187,camera_color_optical_frame,0,0.0000,0.0000,0.00000,0.024,1,LOST,search_failed,0.000,0.000,deg/s,joint_states,-35.700,0.000,0.000,0.000,,,,,,,,,pan_sim
assignment_B_notfound_20261007_123855,10.600,1791344381.176244,280,1791344381.163454,camera_color_optical_frame,0,0.0000,0.0000,0.00000,0.011,1,LOST,search_failed,0.000,0.000,deg/s,joint_states,-35.700,0.000,0.000,0.000,,,,,,,,,pan_sim
assignment_B_notfound_20261007_123855,10.621,1791344381.196496,280,1791344381.163454,camera_color_optical_frame,0,0.0000,0.0000,0.00000,0.031,1,LOST,search_failed,0.000,0.000,deg/s,joint_states,-35.700,0.000,0.000,0.000,,,,,,,,,pan_sim
assignment_B_notfound_20261007_123855,10.641,1791344381.216898,281,1791344381.197245,camera_color_optical_frame,0,0.0000,0.0000,0.00000,0.015,1,LOST,search_failed,0.000,0.000,deg/s,joint_states,-35.700,0.000,0.000,0.000,,,,,,,,,pan_sim
assignment_B_notfound_20261007_123855,10.660,1791344381.236024,282,1791344381.230719,camera_color_optical_frame,0,0.0000,0.0000,0.00000,0.002,1,LOST,search_failed,0.000,0.000,deg/s,joint_states,-35.700,0.000,0.000,0.000,,,,,,,,,pan_sim
assignment_B_notfound_20261007_123855,10.680,1791344381.256232,282,1791344381.230719,camera_color_optical_frame,0,0.0000,0.0000,0.00000,0.022,1,LOST,search_failed,0.000,0.000,deg/s,joint_states,-35.700,0.000,0.000,0.000,,,,,,,,,pan_sim
assignment_B_notfound_20261007_123855,10.700,1791344381.275622,283,1791344381.263446,camera_color_optical_frame,0,0.0000,0.0000,0.00000,0.010,1,LOST,search_failed,0.000,0.000,deg/s,joint_states,-35.700,0.000,0.000,0.000,,,,,,,,,pan_sim
assignment_B_notfound_20261007_123855,10.720,1791344381.295843,283,1791344381.263446,camera_color_optical_frame,0,0.0000,0.0000,0.00000,0.031,1,LOST,search_failed,0.000,0.000,deg/s,joint_states,-35.700,0.000,0.000,0.000,,,,,,,,,pan_sim
assignment_B_notfound_20261007_123855,10.741,1791344381.316939,284,1791344381.296976,camera_color_optical_frame,0,0.0000,0.0000,0.00000,0.017,1,LOST,search_failed,0.000,0.000,deg/s,joint_states,-35.700,0.000,0.000,0.000,,,,,,,,,pan_sim
assignment_B_notfound_20261007_123855,10.761,1791344381.336061,285,1791344381.330403,camera_color_optical_frame,0,0.0000,0.0000,0.00000,0.004,1,LOST,search_failed,0.000,0.000,deg/s,joint_states,-35.700,0.000,0.000,0.000,,,,,,,,,pan_sim
assignment_B_notfound_20261007_123855,10.780,1791344381.355903,285,1791344381.330403,camera_color_optical_frame,0,0.0000,0.0000,0.00000,0.023,1,LOST,search_failed,0.000,0.000,deg/s,joint_states,-35.700,0.000,0.000,0.000,,,,,,,,,pan_sim
assignment_B_notfound_20261007_123855,10.800,1791344381.376086,286,1791344381.363464,camera_color_optical_frame,0,0.0000,0.0000,0.00000,0.011,1,LOST,search_failed,0.000,0.000,deg/s,joint_states,-35.700,0.000,0.000,0.000,,,,,,,,,pan_sim
assignment_B_notfound_20261007_123855,10.820,1791344381.396296,286,1791344381.363464,camera_color_optical_frame,0,0.0000,0.0000,0.00000,0.031,1,LOST,search_failed,0.000,0.000,deg/s,joint_states,-35.700,0.000,0.000,0.000,,,,,,,,,pan_sim
assignment_B_notfound_20261007_123855,10.841,1791344381.416947,287,1791344381.397243,camera_color_optical_frame,0,0.0000,0.0000,0.00000,0.015,1,LOST,search_failed,0.000,0.000,deg/s,joint_states,-35.700,0.000,0.000,0.000,,,,,,,,,pan_sim
assignment_B_notfound_20261007_123855,10.860,1791344381.435634,288,1791344381.430158,camera_color_optical_frame,0,0.0000,0.0000,0.00000,0.004,1,LOST,search_failed,0.000,0.000,deg/s,joint_states,-35.700,0.000,0.000,0.000,,,,,,,,,pan_sim
assignment_B_notfound_20261007_123855,10.881,1791344381.456930,288,1791344381.430158,camera_color_optical_frame,0,0.0000,0.0000,0.00000,0.024,1,LOST,search_failed,0.000,0.000,deg/s,joint_states,-35.700,0.000,0.000,0.000,,,,,,,,,pan_sim
assignment_B_notfound_20261007_123855,10.900,1791344381.475788,289,1791344381.463470,camera_color_optical_frame,0,0.0000,0.0000,0.00000,0.010,1,LOST,search_failed,0.000,0.000,deg/s,joint_states,-35.700,0.000,0.000,0.000,,,,,,,,,pan_sim
assignment_B_notfound_20261007_123855,10.921,1791344381.497259,289,1791344381.463470,camera_color_optical_frame,0,0.0000,0.0000,0.00000,0.031,1,LOST,search_failed,0.000,0.000,deg/s,joint_states,-35.700,0.000,0.000,0.000,,,,,,,,,pan_sim
assignment_B_notfound_20261007_123855,10.941,1791344381.516696,290,1791344381.497630,camera_color_optical_frame,0,0.0000,0.0000,0.00000,0.015,1,LOST,search_failed,0.000,0.000,deg/s,joint_states,-35.700,0.000,0.000,0.000,,,,,,,,,pan_sim
assignment_B_notfound_20261007_123855,10.961,1791344381.536887,291,1791344381.530542,camera_color_optical_frame,0,0.0000,0.0000,0.00000,0.003,1,LOST,search_failed,0.000,0.000,deg/s,joint_states,-35.700,0.000,0.000,0.000,,,,,,,,,pan_sim
assignment_B_notfound_20261007_123855,10.981,1791344381.556911,291,1791344381.530542,camera_color_optical_frame,0,0.0000,0.0000,0.00000,0.023,1,LOST,search_failed,0.000,0.000,deg/s,joint_states,-35.700,0.000,0.000,0.000,,,,,,,,,pan_sim
assignment_B_notfound_20261007_123855,11.000,1791344381.576221,292,1791344381.563489,camera_color_optical_frame,0,0.0000,0.0000,0.00000,0.010,1,LOST,search_failed,0.000,0.000,deg/s,joint_states,-35.700,0.000,0.000,0.000,,,,,,,,,pan_sim
assignment_B_notfound_20261007_123855,11.021,1791344381.596566,292,1791344381.563489,camera_color_optical_frame,0,0.0000,0.0000,0.00000,0.031,1,LOST,search_failed,0.000,0.000,deg/s,joint_states,-35.700,0.000,0.000,0.000,,,,,,,,,pan_sim
assignment_B_notfound_20261007_123855,11.041,1791344381.616515,293,1791344381.597183,camera_color_optical_frame,0,0.0000,0.0000,0.00000,0.017,1,LOST,search_failed,0.000,0.000,deg/s,joint_states,-35.700,0.000,0.000,0.000,,,,,,,,,pan_sim
assignment_B_notfound_20261007_123855,11.062,1791344381.637514,294,1791344381.630238,camera_color_optical_frame,0,0.0000,0.0000,0.00000,0.005,1,LOST,search_failed,0.000,0.000,deg/s,joint_states,-35.700,0.000,0.000,0.000,,,,,,,,,pan_sim
assignment_B_notfound_20261007_123855,11.080,1791344381.656081,294,1791344381.630238,camera_color_optical_frame,0,0.0000,0.0000,0.00000,0.023,1,LOST,search_failed,0.000,0.000,deg/s,joint_states,-35.700,0.000,0.000,0.000,,,,,,,,,pan_sim
assignment_B_notfound_20261007_123855,11.101,1791344381.676781,295,1791344381.663460,camera_color_optical_frame,0,0.0000,0.0000,0.00000,0.011,1,LOST,search_failed,0.000,0.000,deg/s,joint_states,-35.700,0.000,0.000,0.000,,,,,,,,,pan_sim
assignment_B_notfound_20261007_123855,11.120,1791344381.695890,295,1791344381.663460,camera_color_optical_frame,0,0.0000,0.0000,0.00000,0.031,1,LOST,search_failed,0.000,0.000,deg/s,joint_states,-35.700,0.000,0.000,0.000,,,,,,,,,pan_sim
assignment_B_notfound_20261007_123855,11.141,1791344381.716679,296,1791344381.697486,camera_color_optical_frame,0,0.0000,0.0000,0.00000,0.015,1,LOST,search_failed,0.000,0.000,deg/s,joint_states,-35.700,0.000,0.000,0.000,,,,,,,,,pan_sim
assignment_B_notfound_20261007_123855,11.160,1791344381.735831,297,1791344381.730741,camera_color_optical_frame,0,0.0000,0.0000,0.00000,0.002,1,LOST,search_failed,0.000,0.000,deg/s,joint_states,-35.700,0.000,0.000,0.000,,,,,,,,,pan_sim
assignment_B_notfound_20261007_123855,11.181,1791344381.756427,297,1791344381.730741,camera_color_optical_frame,0,0.0000,0.0000,0.00000,0.022,1,LOST,search_failed,0.000,0.000,deg/s,joint_states,-35.700,0.000,0.000,0.000,,,,,,,,,pan_sim
assignment_B_notfound_20261007_123855,11.200,1791344381.775715,298,1791344381.763484,camera_color_optical_frame,0,0.0000,0.0000,0.00000,0.010,1,LOST,search_failed,0.000,0.000,deg/s,joint_states,-35.700,0.000,0.000,0.000,,,,,,,,,pan_sim
assignment_B_notfound_20261007_123855,11.221,1791344381.796433,298,1791344381.763484,camera_color_optical_frame,0,0.0000,0.0000,0.00000,0.031,1,LOST,search_failed,0.000,0.000,deg/s,joint_states,-35.700,0.000,0.000,0.000,,,,,,,,,pan_sim
assignment_B_notfound_20261007_123855,11.240,1791344381.815950,298,1791344381.763484,camera_color_optical_frame,0,0.0000,0.0000,0.00000,0.051,1,LOST,search_failed,0.000,0.000,deg/s,joint_states,-35.700,0.000,0.000,0.000,,,,,,,,,pan_sim
assignment_B_notfound_20261007_123855,11.261,1791344381.836695,298,1791344381.763484,camera_color_optical_frame,0,0.0000,0.0000,0.00000,0.071,1,LOST,search_failed,0.000,0.000,deg/s,joint_states,-35.700,0.000,0.000,0.000,,,,,,,,,pan_sim
assignment_B_notfound_20261007_123855,11.281,1791344381.856677,298,1791344381.763484,camera_color_optical_frame,0,0.0000,0.0000,0.00000,0.091,1,LOST,search_failed,0.000,0.000,deg/s,joint_states,-35.700,0.000,0.000,0.000,,,,,,,,,pan_sim
assignment_B_notfound_20261007_123855,11.301,1791344381.876678,298,1791344381.763484,camera_color_optical_frame,0,0.0000,0.0000,0.00000,0.111,1,LOST,search_failed,0.000,0.000,deg/s,joint_states,-35.700,0.000,0.000,0.000,,,,,,,,,pan_sim
assignment_B_notfound_20261007_123855,11.321,1791344381.896774,298,1791344381.763484,camera_color_optical_frame,0,0.0000,0.0000,0.00000,0.131,1,LOST,search_failed,0.000,0.000,deg/s,joint_states,-35.700,0.000,0.000,0.000,,,,,,,,,pan_sim
assignment_B_notfound_20261007_123855,11.341,1791344381.916698,298,1791344381.763484,camera_color_optical_frame,0,0.0000,0.0000,0.00000,0.151,1,LOST,search_failed,0.000,0.000,deg/s,joint_states,-35.700,0.000,0.000,0.000,,,,,,,,,pan_sim
assignment_B_notfound_20261007_123855,11.361,1791344381.936694,298,1791344381.763484,camera_color_optical_frame,0,0.0000,0.0000,0.00000,0.171,1,LOST,search_failed,0.000,0.000,deg/s,joint_states,-35.700,0.000,0.000,0.000,,,,,,,,,pan_sim
assignment_B_notfound_20261007_123855,11.381,1791344381.956691,298,1791344381.763484,camera_color_optical_frame,0,0.0000,0.0000,0.00000,0.191,1,LOST,search_failed,0.000,0.000,deg/s,joint_states,-35.700,0.000,0.000,0.000,,,,,,,,,pan_sim
assignment_B_notfound_20261007_123855,11.400,1791344381.975530,298,1791344381.763484,camera_color_optical_frame,0,0.0000,0.0000,0.00000,0.210,1,LOST,search_failed,0.000,0.000,deg/s,joint_states,-35.700,0.000,0.000,0.000,,,,,,,,,pan_sim
assignment_B_notfound_20261007_123855,11.421,1791344381.997295,298,1791344381.763484,camera_color_optical_frame,0,0.0000,0.0000,0.00000,0.231,1,LOST,search_failed,0.000,0.000,deg/s,joint_states,-35.700,0.000,0.000,0.000,,,,,,,,,pan_sim
assignment_B_notfound_20261007_123855,11.441,1791344382.017203,298,1791344381.763484,camera_color_optical_frame,0,0.0000,0.0000,0.00000,0.251,1,LOST,search_failed,0.000,0.000,deg/s,joint_states,-35.700,0.000,0.000,0.000,,,,,,,,,pan_sim
assignment_B_notfound_20261007_123855,11.461,1791344382.036708,298,1791344381.763484,camera_color_optical_frame,0,0.0000,0.0000,0.00000,0.271,1,LOST,search_failed,0.000,0.000,deg/s,joint_states,-35.700,0.000,0.000,0.000,,,,,,,,,pan_sim
assignment_B_notfound_20261007_123855,11.480,1791344382.056151,298,1791344381.763484,camera_color_optical_frame,0,0.0000,0.0000,0.00000,0.291,1,LOST,search_failed,0.000,0.000,deg/s,joint_states,-35.700,0.000,0.000,0.000,,,,,,,,,pan_sim
assignment_B_notfound_20261007_123855,11.501,1791344382.076608,298,1791344381.763484,camera_color_optical_frame,0,0.0000,0.0000,0.00000,0.311,1,LOST,search_failed,0.000,0.000,deg/s,joint_states,-35.700,0.000,0.000,0.000,,,,,,,,,pan_sim
assignment_B_notfound_20261007_123855,11.521,1791344382.096613,298,1791344381.763484,camera_color_optical_frame,0,0.0000,0.0000,0.00000,0.331,1,LOST,search_failed,0.000,0.000,deg/s,joint_states,-35.700,0.000,0.000,0.000,,,,,,,,,pan_sim
assignment_B_notfound_20261007_123855,11.541,1791344382.116318,298,1791344381.763484,camera_color_optical_frame,0,0.0000,0.0000,0.00000,0.351,1,LOST,search_failed,0.000,0.000,deg/s,joint_states,-35.700,0.000,0.000,0.000,,,,,,,,,pan_sim
assignment_B_notfound_20261007_123855,11.560,1791344382.136041,298,1791344381.763484,camera_color_optical_frame,0,0.0000,0.0000,0.00000,0.371,1,LOST,search_failed,0.000,0.000,deg/s,joint_states,-35.700,0.000,0.000,0.000,,,,,,,,,pan_sim
assignment_B_notfound_20261007_123855,11.581,1791344382.156546,298,1791344381.763484,camera_color_optical_frame,0,0.0000,0.0000,0.00000,0.391,1,LOST,search_failed,0.000,0.000,deg/s,joint_states,-35.700,0.000,0.000,0.000,,,,,,,,,pan_sim
assignment_B_notfound_20261007_123855,11.601,1791344382.176333,298,1791344381.763484,camera_color_optical_frame,0,0.0000,0.0000,0.00000,0.411,1,LOST,search_failed,0.000,0.000,deg/s,joint_states,-35.700,0.000,0.000,0.000,,,,,,,,,pan_sim
assignment_B_notfound_20261007_123855,11.621,1791344382.196410,298,1791344381.763484,camera_color_optical_frame,0,0.0000,0.0000,0.00000,0.431,1,LOST,search_failed,0.000,0.000,deg/s,joint_states,-35.700,0.000,0.000,0.000,,,,,,,,,pan_sim
assignment_B_notfound_20261007_123855,11.641,1791344382.216208,298,1791344381.763484,camera_color_optical_frame,0,0.0000,0.0000,0.00000,0.451,1,LOST,search_failed,0.000,0.000,deg/s,joint_states,-35.700,0.000,0.000,0.000,,,,,,,,,pan_sim
assignment_B_notfound_20261007_123855,11.661,1791344382.236258,298,1791344381.763484,camera_color_optical_frame,0,0.0000,0.0000,0.00000,0.471,1,LOST,search_failed,0.000,0.000,deg/s,joint_states,-35.700,0.000,0.000,0.000,,,,,,,,,pan_sim
assignment_B_notfound_20261007_123855,11.680,1791344382.255895,298,1791344381.763484,camera_color_optical_frame,0,0.0000,0.0000,0.00000,0.491,1,LOST,search_failed,0.000,0.000,deg/s,joint_states,-35.700,0.000,0.000,0.000,,,,,,,,,pan_sim
