run_id,time_s,ros_time_s,target_seq,stamp_s,frame_id,detected,ex,ey,area_ratio,target_age_s,depth_valid,state,reason,pan_cmd,tilt_cmd,command_unit,meas_source,pan_deg,tilt_deg,pan_dps,tilt_dps,base_x_m,base_y_m,base_z_m,pred_ex,pred_ey,desired_pan_deg,desired_tilt_deg,search_elapsed_s,joint_name
assignment3_kp2_t1,0.129,1791455894.060257,0,,,0,,,,,0,IDLE,disabled,0.000,0.000,deg/s,joint_states,,,,,,,,,,,,,
assignment3_kp2_t1,0.148,1791455894.078119,0,,,0,,,,,0,IDLE,disabled,0.000,0.000,deg/s,joint_states,-0.090,0.260,0.000,0.000,,,,,,,,,pan
assignment3_kp2_t1,0.160,1791455894.089102,0,,,0,,,,,0,IDLE,disabled,0.000,0.000,deg/s,joint_states,-0.090,0.260,0.000,0.000,,,,,,,,,pan
assignment3_kp2_t1,0.180,1791455894.109540,0,,,0,,,,,0,IDLE,disabled,0.000,0.000,deg/s,joint_states,-0.180,0.260,0.000,0.000,,,,,,,,,pan
assignment3_kp2_t1,0.200,1791455894.131061,0,,,0,,,,,0,IDLE,disabled,0.000,0.000,deg/s,joint_states,-0.090,0.260,0.000,0.000,,,,,,,,,pan
assignment3_kp2_t1,0.220,1791455894.151174,0,,,0,,,,,0,IDLE,disabled,0.000,0.000,deg/s,joint_states,-0.090,0.260,0.000,0.000,,,,,,,,,pan
assignment3_kp2_t1,0.242,1791455894.173030,0,,,0,,,,,0,IDLE,disabled,0.000,0.000,deg/s,joint_states,-0.090,0.260,0.000,0.000,,,,,,,,,pan
assignment3_kp2_t1,0.260,1791455894.189473,0,,,0,,,,,0,IDLE,disabled,0.000,0.000,deg/s,joint_states,-0.090,0.260,0.000,0.000,,,,,,,,,pan
assignment3_kp2_t1,0.280,1791455894.209210,0,,,0,,,,,0,IDLE,disabled,0.000,0.000,deg/s,joint_states,-0.090,0.260,0.000,0.000,,,,,,,,,pan
assignment3_kp2_t1,0.300,1791455894.228790,0,,,0,,,,,0,IDLE,disabled,0.000,0.000,deg/s,joint_states,-0.090,0.260,0.000,0.000,,,,,,,,,pan
assignment3_kp2_t1,0.320,1791455894.249032,0,,,0,,,,,0,IDLE,disabled,0.000,0.000,deg/s,joint_states,-0.090,0.260,0.000,0.000,,,,,,,,,pan
assignment3_kp2_t1,0.340,1791455894.269044,0,,,0,,,,,0,IDLE,disabled,0.000,0.000,deg/s,joint_states,-0.090,0.260,0.000,0.000,,,,,,,,,pan
assignment3_kp2_t1,0.360,1791455894.289318,0,,,0,,,,,0,IDLE,disabled,0.000,0.000,deg/s,joint_states,-0.090,0.260,0.000,0.000,,,,,,,,,pan
assignment3_kp2_t1,0.380,1791455894.309004,0,,,0,,,,,0,IDLE,disabled,0.000,0.000,deg/s,joint_states,-0.090,0.260,0.000,0.000,,,,,,,,,pan
assignment3_kp2_t1,0.400,1791455894.328877,0,,,0,,,,,0,IDLE,disabled,0.000,0.000,deg/s,joint_states,-0.180,0.260,0.000,0.000,,,,,,,,,pan
assignment3_kp2_t1,0.420,1791455894.348941,0,,,0,,,,,0,IDLE,disabled,0.000,0.000,deg/s,joint_states,-0.090,0.260,0.000,0.000,,,,,,,,,pan
assignment3_kp2_t1,0.443,1791455894.373227,0,,,0,,,,,0,IDLE,disabled,0.000,0.000,deg/s,joint_states,-0.180,0.180,0.000,0.000,,,,,,,,,pan
assignment3_kp2_t1,0.460,1791455894.388776,0,,,0,,,,,0,IDLE,disabled,0.000,0.000,deg/s,joint_states,-0.180,0.260,0.000,0.000,,,,,,,,,pan
assignment3_kp2_t1,0.480,1791455894.409448,0,,,0,,,,,0,IDLE,disabled,0.000,0.000,deg/s,joint_states,-0.180,0.260,0.000,0.000,,,,,,,,,pan
assignment3_kp2_t1,0.500,1791455894.431293,0,,,0,,,,,0,IDLE,disabled,0.000,0.000,deg/s,joint_states,-0.180,0.260,0.000,0.000,,,,,,,,,pan
assignment3_kp2_t1,0.520,1791455894.449277,0,,,0,,,,,0,IDLE,disabled,0.000,0.000,deg/s,joint_states,-0.090,0.260,0.000,0.000,,,,,,,,,pan
assignment3_kp2_t1,0.542,1791455894.474305,0,,,0,,,,,0,IDLE,disabled,0.000,0.000,deg/s,joint_states,-0.090,0.260,0.000,0.000,,,,,,,,,pan
assignment3_kp2_t1,0.560,1791455894.489377,0,,,0,,,,,0,IDLE,disabled,0.000,0.000,deg/s,joint_states,-0.180,0.260,0.000,0.000,,,,,,,,,pan
assignment3_kp2_t1,0.582,1791455894.511742,0,,,0,,,,,0,IDLE,disabled,0.000,0.000,deg/s,joint_states,-0.090,0.260,0.000,0.000,,,,,,,,,pan
assignment3_kp2_t1,0.600,1791455894.528878,0,,,0,,,,,0,IDLE,disabled,0.000,0.000,deg/s,joint_states,-0.090,0.260,0.000,0.000,,,,,,,,,pan
assignment3_kp2_t1,0.620,1791455894.549009,0,,,0,,,,,0,IDLE,disabled,0.000,0.000,deg/s,joint_states,-0.180,0.260,0.000,0.000,,,,,,,,,pan
assignment3_kp2_t1,0.646,1791455894.575212,0,,,0,,,,,0,IDLE,disabled,0.000,0.000,deg/s,joint_states,-0.180,0.260,0.000,0.000,,,,,,,,,pan
assignment3_kp2_t1,0.660,1791455894.588888,0,,,0,,,,,0,IDLE,disabled,0.000,0.000,deg/s,joint_states,-0.090,0.260,0.000,0.000,,,,,,,,,pan
assignment3_kp2_t1,0.680,1791455894.609195,0,,,0,,,,,0,IDLE,disabled,0.000,0.000,deg/s,joint_states,-0.090,0.260,0.000,0.000,,,,,,,,,pan
assignment3_kp2_t1,0.700,1791455894.628857,0,,,0,,,,,0,IDLE,disabled,0.000,0.000,deg/s,joint_states,-0.090,0.260,0.000,0.000,,,,,,,,,pan
assignment3_kp2_t1,0.720,1791455894.649068,0,,,0,,,,,0,IDLE,disabled,0.000,0.000,deg/s,joint_states,-0.180,0.260,0.000,0.000,,,,,,,,,pan
assignment3_kp2_t1,0.741,1791455894.671150,0,,,0,,,,,0,IDLE,disabled,0.000,0.000,deg/s,joint_states,-0.090,0.260,0.000,0.000,,,,,,,,,pan
assignment3_kp2_t1,0.760,1791455894.688703,0,,,0,,,,,0,IDLE,disabled,0.000,0.000,deg/s,joint_states,-0.180,0.260,0.000,0.000,,,,,,,,,pan
assignment3_kp2_t1,0.781,1791455894.709775,0,,,0,,,,,0,IDLE,disabled,0.000,0.000,deg/s,joint_states,-0.090,0.260,0.000,0.000,,,,,,,,,pan
assignment3_kp2_t1,0.800,1791455894.728903,0,,,0,,,,,0,IDLE,disabled,0.000,0.000,deg/s,joint_states,-0.090,0.260,0.000,0.000,,,,,,,,,pan
assignment3_kp2_t1,0.820,1791455894.748990,0,,,0,,,,,0,IDLE,disabled,0.000,0.000,deg/s,joint_states,-0.090,0.260,0.000,0.000,,,,,,,,,pan
assignment3_kp2_t1,0.841,1791455894.773618,0,,,0,,,,,0,IDLE,disabled,0.000,0.000,deg/s,joint_states,-0.090,0.260,0.000,0.000,,,,,,,,,pan
assignment3_kp2_t1,0.860,1791455894.788705,0,,,0,,,,,0,IDLE,disabled,0.000,0.000,deg/s,joint_states,-0.090,0.260,0.000,0.000,,,,,,,,,pan
assignment3_kp2_t1,0.880,1791455894.809500,0,,,0,,,,,0,IDLE,disabled,0.000,0.000,deg/s,joint_states,-0.180,0.260,0.000,0.000,,,,,,,,,pan
assignment3_kp2_t1,0.900,1791455894.828779,0,,,0,,,,,0,IDLE,disabled,0.000,0.000,deg/s,joint_states,-0.090,0.260,0.000,0.000,,,,,,,,,pan
assignment3_kp2_t1,0.920,1791455894.849083,0,,,0,,,,,0,IDLE,disabled,0.000,0.000,deg/s,joint_states,-0.090,0.260,0.000,0.000,,,,,,,,,pan
assignment3_kp2_t1,0.940,1791455894.870505,0,,,0,,,,,0,IDLE,disabled,0.000,0.000,deg/s,joint_states,-0.090,0.260,0.000,0.000,,,,,,,,,pan
assignment3_kp2_t1,0.960,1791455894.888671,0,,,0,,,,,0,IDLE,disabled,0.000,0.000,deg/s,joint_states,-0.090,0.260,0.000,0.000,,,,,,,,,pan
assignment3_kp2_t1,0.981,1791455894.911146,0,,,0,,,,,0,IDLE,disabled,0.000,0.000,deg/s,joint_states,-0.090,0.260,0.000,0.000,,,,,,,,,pan
assignment3_kp2_t1,1.000,1791455894.928958,0,,,0,,,,,0,IDLE,disabled,0.000,0.000,deg/s,joint_states,-0.090,0.260,0.000,0.000,,,,,,,,,pan
assignment3_kp2_t1,1.020,1791455894.949507,0,,,0,,,,,0,IDLE,disabled,0.000,0.000,deg/s,joint_states,-0.090,0.260,0.000,0.000,,,,,,,,,pan
assignment3_kp2_t1,1.041,1791455894.971424,0,,,0,,,,,0,IDLE,disabled,0.000,0.000,deg/s,joint_states,-0.180,0.260,0.000,0.000,,,,,,,,,pan
assignment3_kp2_t1,1.060,1791455894.989050,0,,,0,,,,,0,IDLE,disabled,0.000,0.000,deg/s,joint_states,-0.090,0.260,0.000,0.000,,,,,,,,,pan
assignment3_kp2_t1,1.080,1791455895.009220,0,,,0,,,,,0,IDLE,disabled,0.000,0.000,deg/s,joint_states,-0.090,0.260,0.000,0.000,,,,,,,,,pan
assignment3_kp2_t1,1.100,1791455895.029011,0,,,0,,,,,0,IDLE,disabled,0.000,0.000,deg/s,joint_states,-0.180,0.260,0.000,0.000,,,,,,,,,pan
assignment3_kp2_t1,1.120,1791455895.049131,0,,,0,,,,,0,IDLE,disabled,0.000,0.000,deg/s,joint_states,-0.090,0.260,0.000,0.000,,,,,,,,,pan
assignment3_kp2_t1,1.141,1791455895.072783,0,,,0,,,,,0,IDLE,disabled,0.000,0.000,deg/s,joint_states,-0.090,0.260,0.000,0.000,,,,,,,,,pan
assignment3_kp2_t1,1.160,1791455895.090972,0,,,0,,,,,0,IDLE,disabled,0.000,0.000,deg/s,joint_states,-0.090,0.260,0.000,0.000,,,,,,,,,pan
assignment3_kp2_t1,1.180,1791455895.108932,0,,,0,,,,,0,IDLE,disabled,0.000,0.000,deg/s,joint_states,-0.180,0.260,0.000,0.000,,,,,,,,,pan
assignment3_kp2_t1,1.200,1791455895.128854,0,,,0,,,,,0,IDLE,disabled,0.000,0.000,deg/s,joint_states,-0.090,0.260,0.000,0.000,,,,,,,,,pan
assignment3_kp2_t1,1.220,1791455895.148724,0,,,0,,,,,0,IDLE,disabled,0.000,0.000,deg/s,joint_states,-0.090,0.260,0.000,0.000,,,,,,,,,pan
assignment3_kp2_t1,1.247,1791455895.176871,0,,,0,,,,,0,IDLE,disabled,0.000,0.000,deg/s,joint_states,-0.090,0.260,0.000,0.000,,,,,,,,,pan
assignment3_kp2_t1,1.260,1791455895.189525,0,,,0,,,,,0,IDLE,disabled,0.000,0.000,deg/s,joint_states,-0.180,0.260,0.000,0.000,,,,,,,,,pan
assignment3_kp2_t1,1.280,1791455895.209410,0,,,0,,,,,0,IDLE,disabled,0.000,0.000,deg/s,joint_states,-0.180,0.260,0.000,0.000,,,,,,,,,pan
assignment3_kp2_t1,1.300,1791455895.229681,0,,,0,,,,,0,IDLE,disabled,0.000,0.000,deg/s,joint_states,-0.090,0.260,0.000,0.000,,,,,,,,,pan
assignment3_kp2_t1,1.321,1791455895.254556,0,,,0,,,,,0,IDLE,disabled,0.000,0.000,deg/s,joint_states,-0.090,0.260,0.000,0.000,,,,,,,,,pan
assignment3_kp2_t1,1.344,1791455895.277235,0,,,0,,,,,0,IDLE,disabled,0.000,0.000,deg/s,joint_states,-0.090,0.260,0.000,0.000,,,,,,,,,pan
assignment3_kp2_t1,1.360,1791455895.292228,0,,,0,,,,,0,IDLE,disabled,0.000,0.000,deg/s,joint_states,-0.090,0.260,0.000,0.000,,,,,,,,,pan
assignment3_kp2_t1,1.380,1791455895.311239,0,,,0,,,,,0,IDLE,disabled,0.000,0.000,deg/s,joint_states,-0.090,0.260,0.000,0.000,,,,,,,,,pan
assignment3_kp2_t1,1.400,1791455895.330558,0,,,0,,,,,0,IDLE,disabled,0.000,0.000,deg/s,joint_states,-0.180,0.260,0.000,0.000,,,,,,,,,pan
assignment3_kp2_t1,1.420,1791455895.349172,0,,,0,,,,,0,IDLE,disabled,0.000,0.000,deg/s,joint_states,-0.090,0.260,0.000,0.000,,,,,,,,,pan
assignment3_kp2_t1,1.440,1791455895.372065,0,,,0,,,,,0,IDLE,disabled,0.000,0.000,deg/s,joint_states,-0.180,0.260,0.000,0.000,,,,,,,,,pan
assignment3_kp2_t1,1.460,1791455895.389507,0,,,0,,,,,0,IDLE,disabled,0.000,0.000,deg/s,joint_states,-0.090,0.260,0.000,0.000,,,,,,,,,pan
assignment3_kp2_t1,1.480,1791455895.410206,1,1791455895.264189,camera_color_optical_frame,0,0.0000,0.0000,0.00000,0.011,0,IDLE,disabled,0.000,0.000,deg/s,joint_states,-0.090,0.260,0.000,0.000,,,,,,,,,pan
assignment3_kp2_t1,1.500,1791455895.429978,2,1791455895.297546,camera_color_optical_frame,0,0.0000,0.0000,0.00000,0.002,0,IDLE,disabled,0.000,0.000,deg/s,joint_states,-0.090,0.260,0.000,0.000,,,,,,,,,pan
assignment3_kp2_t1,1.520,1791455895.450865,2,1791455895.297546,camera_color_optical_frame,0,0.0000,0.0000,0.00000,0.023,0,IDLE,disabled,0.000,0.000,deg/s,joint_states,-0.180,0.260,0.000,0.000,,,,,,,,,pan
assignment3_kp2_t1,1.540,1791455895.469676,3,1791455895.330903,camera_color_optical_frame,0,0.0000,0.0000,0.00000,0.009,0,IDLE,disabled,0.000,0.000,deg/s,joint_states,-0.090,0.260,0.000,0.000,,,,,,,,,pan
assignment3_kp2_t1,1.560,1791455895.489613,3,1791455895.330903,camera_color_optical_frame,0,0.0000,0.0000,0.00000,0.029,0,IDLE,disabled,0.000,0.000,deg/s,joint_states,-0.090,0.260,0.000,0.000,,,,,,,,,pan
assignment3_kp2_t1,1.581,1791455895.512592,4,1791455895.364259,camera_color_optical_frame,0,0.0000,0.0000,0.00000,0.018,0,IDLE,disabled,0.000,0.000,deg/s,joint_states,-0.090,0.260,0.000,0.000,,,,,,,,,pan
assignment3_kp2_t1,1.600,1791455895.530139,4,1791455895.364259,camera_color_optical_frame,0,0.0000,0.0000,0.00000,0.037,0,IDLE,disabled,0.000,0.000,deg/s,joint_states,-0.090,0.260,0.000,0.000,,,,,,,,,pan
assignment3_kp2_t1,1.621,1791455895.552733,5,1791455895.397616,camera_color_optical_frame,0,0.0000,0.0000,0.00000,0.016,0,IDLE,disabled,0.000,0.000,deg/s,joint_states,-0.180,0.260,0.000,0.000,,,,,,,,,pan
assignment3_kp2_t1,1.640,1791455895.570240,6,1791455895.430973,camera_color_optical_frame,0,0.0000,0.0000,0.00000,0.004,0,IDLE,disabled,0.000,0.000,deg/s,joint_states,-0.090,0.260,0.000,0.000,,,,,,,,,pan
assignment3_kp2_t1,1.661,1791455895.590623,6,1791455895.430973,camera_color_optical_frame,0,0.0000,0.0000,0.00000,0.025,0,IDLE,disabled,0.000,0.000,deg/s,joint_states,-0.090,0.260,0.000,0.000,,,,,,,,,pan
assignment3_kp2_t1,1.681,1791455895.609775,7,1791455895.464329,camera_color_optical_frame,0,0.0000,0.0000,0.00000,0.010,0,IDLE,disabled,0.000,0.000,deg/s,joint_states,-0.090,0.260,0.000,0.000,,,,,,,,,pan
assignment3_kp2_t1,1.700,1791455895.629742,7,1791455895.464329,camera_color_optical_frame,0,0.0000,0.0000,0.00000,0.029,0,IDLE,disabled,0.000,0.000,deg/s,joint_states,-0.090,0.260,0.000,0.000,,,,,,,,,pan
assignment3_kp2_t1,1.720,1791455895.649319,8,1791455895.497686,camera_color_optical_frame,0,0.0000,0.0000,0.00000,0.014,0,IDLE,disabled,0.000,0.000,deg/s,joint_states,-0.090,0.260,0.000,0.000,,,,,,,,,pan
assignment3_kp2_t1,1.741,1791455895.670346,8,1791455895.497686,camera_color_optical_frame,0,0.0000,0.0000,0.00000,0.034,0,IDLE,disabled,0.000,0.000,deg/s,joint_states,-0.090,0.260,0.000,0.000,,,,,,,,,pan
assignment3_kp2_t1,1.761,1791455895.693068,9,1791455895.531042,camera_color_optical_frame,0,0.0000,0.0000,0.00000,0.015,0,IDLE,disabled,0.000,0.000,deg/s,joint_states,-0.090,0.260,0.000,0.000,,,,,,,,,pan
assignment3_kp2_t1,1.779,1791455895.708445,9,1791455895.531042,camera_color_optical_frame,0,0.0000,0.0000,0.00000,0.034,0,IDLE,disabled,0.000,0.000,deg/s,joint_states,-0.090,0.260,0.000,0.000,,,,,,,,,pan
assignment3_kp2_t1,1.800,1791455895.729358,10,1791455895.564399,camera_color_optical_frame,0,0.0000,0.0000,0.00000,0.019,0,IDLE,disabled,0.000,0.000,deg/s,joint_states,-0.090,0.260,0.000,0.000,,,,,,,,,pan
assignment3_kp2_t1,1.820,1791455895.749324,11,1791455895.597755,camera_color_optical_frame,0,0.0000,0.0000,0.00000,0.002,0,IDLE,disabled,0.000,0.000,deg/s,joint_states,-0.090,0.260,0.000,0.000,,,,,,,,,pan
assignment3_kp2_t1,1.841,1791455895.773031,11,1791455895.597755,camera_color_optical_frame,0,0.0000,0.0000,0.00000,0.023,0,IDLE,disabled,0.000,0.000,deg/s,joint_states,-0.090,0.260,0.000,0.000,,,,,,,,,pan
assignment3_kp2_t1,1.860,1791455895.788574,12,1791455895.631111,camera_color_optical_frame,0,0.0000,0.0000,0.00000,0.006,0,IDLE,disabled,0.000,0.000,deg/s,joint_states,-0.090,0.260,0.000,0.000,,,,,,,,,pan
assignment3_kp2_t1,1.881,1791455895.811979,12,1791455895.631111,camera_color_optical_frame,0,0.0000,0.0000,0.00000,0.027,0,IDLE,disabled,0.000,0.000,deg/s,joint_states,-0.090,0.260,0.000,0.000,,,,,,,,,pan
assignment3_kp2_t1,1.900,1791455895.828976,13,1791455895.664468,camera_color_optical_frame,0,0.0000,0.0000,0.00000,0.005,0,IDLE,disabled,0.000,0.000,deg/s,joint_states,-0.180,0.260,0.000,0.000,,,,,,,,,pan
assignment3_kp2_t1,1.921,1791455895.853942,13,1791455895.664468,camera_color_optical_frame,0,0.0000,0.0000,0.00000,0.027,0,IDLE,disabled,0.000,0.000,deg/s,joint_states,-0.090,0.260,0.000,0.000,,,,,,,,,pan
assignment3_kp2_t1,1.943,1791455895.872700,14,1791455895.697824,camera_color_optical_frame,0,0.0000,0.0000,0.00000,0.008,0,IDLE,disabled,0.000,0.000,deg/s,joint_states,-0.090,0.260,0.000,0.000,,,,,,,,,pan
assignment3_kp2_t1,1.961,1791455895.890385,14,1791455895.697824,camera_color_optical_frame,0,0.0000,0.0000,0.00000,0.026,0,IDLE,disabled,0.000,0.000,deg/s,joint_states,-0.090,0.260,0.000,0.000,,,,,,,,,pan
assignment3_kp2_t1,1.980,1791455895.909528,15,1791455895.731180,camera_color_optical_frame,0,0.0000,0.0000,0.00000,0.014,0,IDLE,disabled,0.000,0.000,deg/s,joint_states,-0.090,0.260,0.000,0.000,,,,,,,,,pan
assignment3_kp2_t1,2.000,1791455895.929703,15,1791455895.731180,camera_color_optical_frame,0,0.0000,0.0000,0.00000,0.034,0,IDLE,disabled,0.000,0.000,deg/s,joint_states,-0.090,0.260,0.000,0.000,,,,,,,,,pan
assignment3_kp2_t1,2.021,1791455895.950959,16,1791455895.764536,camera_color_optical_frame,0,0.0000,0.0000,0.00000,0.015,0,IDLE,disabled,0.000,0.000,deg/s,joint_states,-0.090,0.260,0.000,0.000,,,,,,,,,pan
assignment3_kp2_t1,2.040,1791455895.969451,16,1791455895.764536,camera_color_optical_frame,0,0.0000,0.0000,0.00000,0.034,0,IDLE,disabled,0.000,0.000,deg/s,joint_states,-0.090,0.260,0.000,0.000,,,,,,,,,pan
assignment3_kp2_t1,2.062,1791455895.993225,17,1791455895.797893,camera_color_optical_frame,0,0.0000,0.0000,0.00000,0.019,0,IDLE,disabled,0.000,0.000,deg/s,joint_states,-0.090,0.260,0.000,0.000,,,,,,,,,pan
assignment3_kp2_t1,2.080,1791455896.009153,18,1791455895.831249,camera_color_optical_frame,0,0.0000,0.0000,0.00000,0.005,0,IDLE,disabled,0.000,0.000,deg/s,joint_states,-0.090,0.260,0.000,0.000,,,,,,,,,pan
assignment3_kp2_t1,2.102,1791455896.033666,18,1791455895.831249,camera_color_optical_frame,0,0.0000,0.0000,0.00000,0.028,0,IDLE,disabled,0.000,0.000,deg/s,joint_states,-0.090,0.260,0.000,0.000,,,,,,,,,pan
assignment3_kp2_t1,2.121,1791455896.050937,19,1791455895.864605,camera_color_optical_frame,0,0.0000,0.0000,0.00000,0.011,0,IDLE,disabled,0.000,0.000,deg/s,joint_states,-0.090,0.260,0.000,0.000,,,,,,,,,pan
assignment3_kp2_t1,2.141,1791455896.071453,19,1791455895.864605,camera_color_optical_frame,0,0.0000,0.0000,0.00000,0.032,0,IDLE,disabled,0.000,0.000,deg/s,joint_states,-0.090,0.260,0.000,0.000,,,,,,,,,pan
assignment3_kp2_t1,2.160,1791455896.089554,20,1791455895.897961,camera_color_optical_frame,0,0.0000,0.0000,0.00000,0.013,0,IDLE,disabled,0.000,0.000,deg/s,joint_states,-0.090,0.260,0.000,0.000,,,,,,,,,pan
assignment3_kp2_t1,2.181,1791455896.111516,20,1791455895.897961,camera_color_optical_frame,0,0.0000,0.0000,0.00000,0.034,0,IDLE,disabled,0.000,0.000,deg/s,joint_states,-0.090,0.260,0.000,0.000,,,,,,,,,pan
assignment3_kp2_t1,2.200,1791455896.129400,21,1791455895.931317,camera_color_optical_frame,0,0.0000,0.0000,0.00000,0.011,0,IDLE,disabled,0.000,0.000,deg/s,joint_states,-0.090,0.260,0.000,0.000,,,,,,,,,pan
assignment3_kp2_t1,2.220,1791455896.149308,21,1791455895.931317,camera_color_optical_frame,0,0.0000,0.0000,0.00000,0.031,0,IDLE,disabled,0.000,0.000,deg/s,joint_states,-0.090,0.260,0.000,0.000,,,,,,,,,pan
assignment3_kp2_t1,2.240,1791455896.169276,22,1791455895.964673,camera_color_optical_frame,0,0.0000,0.0000,0.00000,0.017,0,IDLE,disabled,0.000,0.000,deg/s,joint_states,-0.090,0.260,0.000,0.000,,,,,,,,,pan
assignment3_kp2_t1,2.260,1791455896.189550,22,1791455895.964673,camera_color_optical_frame,0,0.0000,0.0000,0.00000,0.037,0,IDLE,disabled,0.000,0.000,deg/s,joint_states,-0.090,0.260,0.000,0.000,,,,,,,,,pan
assignment3_kp2_t1,2.283,1791455896.213982,23,1791455895.998029,camera_color_optical_frame,0,0.0000,0.0000,0.00000,0.021,0,IDLE,disabled,0.000,0.000,deg/s,joint_states,-0.180,0.260,0.000,0.000,,,,,,,,,pan
assignment3_kp2_t1,2.301,1791455896.230063,24,1791455896.031385,camera_color_optical_frame,0,0.0000,0.0000,0.00000,0.001,0,IDLE,disabled,0.000,0.000,deg/s,joint_states,-0.090,0.260,0.000,0.000,,,,,,,,,pan
assignment3_kp2_t1,2.321,1791455896.251251,24,1791455896.031385,camera_color_optical_frame,0,0.0000,0.0000,0.00000,0.022,0,IDLE,disabled,0.000,0.000,deg/s,joint_states,-0.180,0.260,0.000,0.000,,,,,,,,,pan
assignment3_kp2_t1,2.340,1791455896.269310,25,1791455896.064736,camera_color_optical_frame,0,0.0000,0.0000,0.00000,0.004,0,IDLE,disabled,0.000,0.000,deg/s,joint_states,-0.090,0.260,0.000,0.000,,,,,,,,,pan
assignment3_kp2_t1,2.362,1791455896.292960,25,1791455896.064736,camera_color_optical_frame,0,0.0000,0.0000,0.00000,0.026,0,IDLE,disabled,0.000,0.000,deg/s,joint_states,-0.090,0.260,0.000,0.000,,,,,,,,,pan
assignment3_kp2_t1,2.381,1791455896.310538,26,1791455896.098093,camera_color_optical_frame,0,0.0000,0.0000,0.00000,0.005,0,IDLE,disabled,0.000,0.000,deg/s,joint_states,-0.180,0.260,0.000,0.000,,,,,,,,,pan
assignment3_kp2_t1,2.402,1791455896.334713,26,1791455896.098093,camera_color_optical_frame,0,0.0000,0.0000,0.00000,0.026,0,IDLE,disabled,0.000,0.000,deg/s,joint_states,-0.090,0.260,0.000,0.000,,,,,,,,,pan
assignment3_kp2_t1,2.420,1791455896.349354,27,1791455896.131451,camera_color_optical_frame,0,0.0000,0.0000,0.00000,0.008,0,IDLE,disabled,0.000,0.000,deg/s,joint_states,-0.090,0.260,0.000,0.000,,,,,,,,,pan
assignment3_kp2_t1,2.442,1791455896.372154,27,1791455896.131451,camera_color_optical_frame,0,0.0000,0.0000,0.00000,0.030,0,IDLE,disabled,0.000,0.000,deg/s,joint_states,-0.090,0.260,0.000,0.000,,,,,,,,,pan
assignment3_kp2_t1,2.460,1791455896.389348,28,1791455896.198166,camera_color_optical_frame,0,0.0000,0.0000,0.00000,0.012,0,IDLE,disabled,0.000,0.000,deg/s,joint_states,-0.090,0.260,0.000,0.000,,,,,,,,,pan
assignment3_kp2_t1,2.482,1791455896.411292,28,1791455896.198166,camera_color_optical_frame,0,0.0000,0.0000,0.00000,0.034,0,IDLE,disabled,0.000,0.000,deg/s,joint_states,-0.090,0.260,0.000,0.000,,,,,,,,,pan
assignment3_kp2_t1,2.500,1791455896.429269,29,1791455896.231523,camera_color_optical_frame,0,0.0000,0.0000,0.00000,0.015,0,IDLE,disabled,0.000,0.000,deg/s,joint_states,-0.090,0.260,0.000,0.000,,,,,,,,,pan
assignment3_kp2_t1,2.521,1791455896.449908,29,1791455896.231523,camera_color_optical_frame,0,0.0000,0.0000,0.00000,0.036,0,IDLE,disabled,0.000,0.000,deg/s,joint_states,-0.090,0.260,0.000,0.000,,,,,,,,,pan
assignment3_kp2_t1,2.541,1791455896.471043,30,1791455896.264881,camera_color_optical_frame,0,0.0000,0.0000,0.00000,0.017,0,IDLE,disabled,0.000,0.000,deg/s,joint_states,-0.090,0.260,0.000,0.000,,,,,,,,,pan
assignment3_kp2_t1,2.560,1791455896.489683,31,1791455896.298238,camera_color_optical_frame,0,0.0000,0.0000,0.00000,0.002,0,IDLE,disabled,0.000,0.000,deg/s,joint_states,-0.090,0.260,0.000,0.000,,,,,,,,,pan
assignment3_kp2_t1,2.582,1791455896.514248,31,1791455896.298238,camera_color_optical_frame,0,0.0000,0.0000,0.00000,0.023,0,IDLE,disabled,0.000,0.000,deg/s,joint_states,-0.180,0.260,0.000,0.000,,,,,,,,,pan
assignment3_kp2_t1,2.601,1791455896.530540,32,1791455896.331596,camera_color_optical_frame,0,0.0000,0.0000,0.00000,0.005,0,IDLE,disabled,0.000,0.000,deg/s,joint_states,-0.180,0.260,0.000,0.000,,,,,,,,,pan
assignment3_kp2_t1,2.624,1791455896.553442,32,1791455896.331596,camera_color_optical_frame,0,0.0000,0.0000,0.00000,0.028,0,IDLE,disabled,0.000,0.000,deg/s,joint_states,-0.090,0.260,0.000,0.000,,,,,,,,,pan
assignment3_kp2_t1,2.641,1791455896.570554,33,1791455896.364954,camera_color_optical_frame,0,0.0000,0.0000,0.00000,0.012,0,IDLE,disabled,0.000,0.000,deg/s,joint_states,-0.090,0.260,0.000,0.000,,,,,,,,,pan
assignment3_kp2_t1,2.661,1791455896.590374,33,1791455896.364954,camera_color_optical_frame,0,0.0000,0.0000,0.00000,0.032,0,IDLE,disabled,0.000,0.000,deg/s,joint_states,-0.180,0.260,0.000,0.000,,,,,,,,,pan
assignment3_kp2_t1,2.680,1791455896.608963,34,1791455896.398311,camera_color_optical_frame,0,0.0000,0.0000,0.00000,0.016,0,IDLE,disabled,0.000,0.000,deg/s,joint_states,-0.090,0.260,0.000,0.000,,,,,,,,,pan
assignment3_kp2_t1,2.701,1791455896.630511,35,1791455896.431669,camera_color_optical_frame,0,0.0000,0.0000,0.00000,0.003,0,IDLE,disabled,0.000,0.000,deg/s,joint_states,-0.090,0.260,0.000,0.000,,,,,,,,,pan
assignment3_kp2_t1,2.721,1791455896.651067,36,1791455896.498384,camera_color_optical_frame,0,0.0000,0.0000,0.00000,0.005,0,IDLE,disabled,0.000,0.000,deg/s,joint_states,-0.090,0.260,0.000,0.000,,,,,,,,,pan
assignment3_kp2_t1,2.742,1791455896.673928,37,1791455896.531741,camera_color_optical_frame,0,0.0000,0.0000,0.00000,0.008,0,IDLE,disabled,0.000,0.000,deg/s,joint_states,-0.090,0.260,0.000,0.000,,,,,,,,,pan
assignment3_kp2_t1,2.760,1791455896.688999,38,1791455896.565099,camera_color_optical_frame,0,0.0000,0.0000,0.00000,0.012,0,IDLE,disabled,0.000,0.000,deg/s,joint_states,-0.090,0.260,0.000,0.000,,,,,,,,,pan
assignment3_kp2_t1,2.782,1791455896.710710,40,1791455896.631814,camera_color_optical_frame,0,0.0000,0.0000,0.00000,0.003,0,IDLE,disabled,0.000,0.000,deg/s,joint_states,-0.090,0.260,0.000,0.000,,,,,,,,,pan
assignment3_kp2_t1,2.800,1791455896.730316,40,1791455896.631814,camera_color_optical_frame,0,0.0000,0.0000,0.00000,0.022,0,IDLE,disabled,0.000,0.000,deg/s,joint_states,-0.180,0.260,0.000,0.000,,,,,,,,,pan
assignment3_kp2_t1,2.820,1791455896.748711,41,1791455896.665171,camera_color_optical_frame,0,0.0000,0.0000,0.00000,0.002,0,IDLE,disabled,0.000,0.000,deg/s,joint_states,-0.090,0.260,0.000,0.000,,,,,,,,,pan
assignment3_kp2_t1,2.844,1791455896.779020,41,1791455896.665171,camera_color_optical_frame,0,0.0000,0.0000,0.00000,0.027,0,IDLE,disabled,0.000,0.000,deg/s,joint_states,-0.180,0.260,0.000,0.000,,,,,,,,,pan
assignment3_kp2_t1,2.860,1791455896.789428,42,1791455896.698529,camera_color_optical_frame,0,0.0000,0.0000,0.00000,0.005,0,IDLE,disabled,0.000,0.000,deg/s,joint_states,-0.180,0.260,0.000,0.000,,,,,,,,,pan
assignment3_kp2_t1,2.883,1791455896.813141,42,1791455896.698529,camera_color_optical_frame,0,0.0000,0.0000,0.00000,0.028,0,IDLE,disabled,0.000,0.000,deg/s,joint_states,-0.090,0.260,0.000,0.000,,,,,,,,,pan
assignment3_kp2_t1,2.901,1791455896.830311,43,1791455896.731886,camera_color_optical_frame,0,0.0000,0.0000,0.00000,0.014,0,IDLE,disabled,0.000,0.000,deg/s,joint_states,-0.090,0.260,0.000,0.000,,,,,,,,,pan
assignment3_kp2_t1,2.921,1791455896.850216,43,1791455896.731886,camera_color_optical_frame,0,0.0000,0.0000,0.00000,0.034,0,IDLE,disabled,0.000,0.000,deg/s,joint_states,-0.090,0.260,0.000,0.000,,,,,,,,,pan
assignment3_kp2_t1,2.941,1791455896.872970,44,1791455896.765244,camera_color_optical_frame,0,0.0000,0.0000,0.00000,0.014,0,IDLE,disabled,0.000,0.000,deg/s,joint_states,-0.090,0.260,0.000,0.000,,,,,,,,,pan
assignment3_kp2_t1,2.960,1791455896.889699,45,1791455896.798601,camera_color_optical_frame,0,0.0000,0.0000,0.00000,0.002,0,IDLE,disabled,0.000,0.000,deg/s,joint_states,-0.180,0.260,0.000,0.000,,,,,,,,,pan
assignment3_kp2_t1,2.983,1791455896.913656,45,1791455896.798601,camera_color_optical_frame,0,0.0000,0.0000,0.00000,0.025,0,IDLE,disabled,0.000,0.000,deg/s,joint_states,-0.180,0.260,0.000,0.000,,,,,,,,,pan
assignment3_kp2_t1,3.000,1791455896.929349,46,1791455896.831959,camera_color_optical_frame,0,0.0000,0.0000,0.00000,0.006,0,IDLE,disabled,0.000,0.000,deg/s,joint_states,-0.090,0.260,0.000,0.000,,,,,,,,,pan
assignment3_kp2_t1,3.022,1791455896.953287,46,1791455896.831959,camera_color_optical_frame,0,0.0000,0.0000,0.00000,0.028,0,IDLE,disabled,0.000,0.000,deg/s,joint_states,-0.180,0.260,0.000,0.000,,,,,,,,,pan
assignment3_kp2_t1,3.041,1791455896.970021,47,1791455896.865316,camera_color_optical_frame,0,0.0000,0.0000,0.00000,0.007,0,IDLE,disabled,0.000,0.000,deg/s,joint_states,-0.090,0.180,0.000,0.000,,,,,,,,,pan
assignment3_kp2_t1,3.060,1791455896.989499,47,1791455896.865316,camera_color_optical_frame,0,0.0000,0.0000,0.00000,0.027,0,IDLE,disabled,0.000,0.000,deg/s,joint_states,-0.180,0.260,0.000,0.000,,,,,,,,,pan
assignment3_kp2_t1,3.082,1791455897.011388,49,1791455896.932032,camera_color_optical_frame,0,0.0000,0.0000,0.00000,0.005,0,IDLE,disabled,0.000,0.000,deg/s,joint_states,-0.090,0.260,0.000,0.000,,,,,,,,,pan
assignment3_kp2_t1,3.100,1791455897.029515,49,1791455896.932032,camera_color_optical_frame,0,0.0000,0.0000,0.00000,0.023,0,IDLE,disabled,0.000,0.000,deg/s,joint_states,-0.090,0.260,0.000,0.000,,,,,,,,,pan
assignment3_kp2_t1,3.120,1791455897.049215,50,1791455896.965389,camera_color_optical_frame,0,0.0000,0.0000,0.00000,0.002,0,IDLE,disabled,0.000,0.000,deg/s,joint_states,-0.090,0.260,0.000,0.000,,,,,,,,,pan
assignment3_kp2_t1,3.141,1791455897.074978,50,1791455896.965389,camera_color_optical_frame,0,0.0000,0.0000,0.00000,0.023,0,IDLE,disabled,0.000,0.000,deg/s,joint_states,-0.090,0.260,0.000,0.000,,,,,,,,,pan
assignment3_kp2_t1,3.160,1791455897.088781,51,1791455896.998747,camera_color_optical_frame,0,0.0000,0.0000,0.00000,0.004,0,IDLE,disabled,0.000,0.000,deg/s,joint_states,-0.090,0.260,0.000,0.000,,,,,,,,,pan
assignment3_kp2_t1,3.181,1791455897.113351,51,1791455896.998747,camera_color_optical_frame,0,0.0000,0.0000,0.00000,0.025,0,IDLE,disabled,0.000,0.000,deg/s,joint_states,-0.090,0.260,0.000,0.000,,,,,,,,,pan
assignment3_kp2_t1,3.201,1791455897.131079,52,1791455897.032104,camera_color_optical_frame,0,0.0000,0.0000,0.00000,0.009,0,IDLE,disabled,0.000,0.000,deg/s,joint_states,-0.090,0.260,0.000,0.000,,,,,,,,,pan
assignment3_kp2_t1,3.222,1791455897.152092,52,1791455897.032104,camera_color_optical_frame,0,0.0000,0.0000,0.00000,0.029,0,IDLE,disabled,0.000,0.000,deg/s,joint_states,-0.090,0.260,0.000,0.000,,,,,,,,,pan
assignment3_kp2_t1,3.240,1791455897.169188,53,1791455897.065462,camera_color_optical_frame,0,0.0000,0.0000,0.00000,0.014,0,IDLE,disabled,0.000,0.000,deg/s,joint_states,-0.090,0.260,0.000,0.000,,,,,,,,,pan
assignment3_kp2_t1,3.261,1791455897.190064,53,1791455897.065462,camera_color_optical_frame,0,0.0000,0.0000,0.00000,0.035,0,IDLE,disabled,0.000,0.000,deg/s,joint_states,-0.090,0.260,0.000,0.000,,,,,,,,,pan
assignment3_kp2_t1,3.281,1791455897.213038,54,1791455897.098819,camera_color_optical_frame,0,0.0000,0.0000,0.00000,0.019,0,IDLE,disabled,0.000,0.000,deg/s,joint_states,-0.090,0.260,0.000,0.000,,,,,,,,,pan
assignment3_kp2_t1,3.300,1791455897.229065,55,1791455897.132177,camera_color_optical_frame,0,0.0000,0.0000,0.00000,0.005,0,IDLE,disabled,0.000,0.000,deg/s,joint_states,-0.090,0.260,0.000,0.000,,,,,,,,,pan
assignment3_kp2_t1,3.322,1791455897.252535,55,1791455897.132177,camera_color_optical_frame,0,0.0000,0.0000,0.00000,0.027,0,IDLE,disabled,0.000,0.000,deg/s,joint_states,-0.090,0.260,0.000,0.000,,,,,,,,,pan
assignment3_kp2_t1,3.341,1791455897.269940,56,1791455897.165534,camera_color_optical_frame,0,0.0000,0.0000,0.00000,0.008,0,IDLE,disabled,0.000,0.000,deg/s,joint_states,-0.090,0.260,0.000,0.000,,,,,,,,,pan
assignment3_kp2_t1,3.361,1791455897.290452,56,1791455897.165534,camera_color_optical_frame,0,0.0000,0.0000,0.00000,0.028,0,IDLE,disabled,0.000,0.000,deg/s,joint_states,-0.090,0.260,0.000,0.000,,,,,,,,,pan
assignment3_kp2_t1,3.381,1791455897.312238,57,1791455897.198891,camera_color_optical_frame,0,0.0000,0.0000,0.00000,0.013,0,IDLE,disabled,0.000,0.000,deg/s,joint_states,-0.180,0.260,0.000,0.000,,,,,,,,,pan
assignment3_kp2_t1,3.402,1791455897.332310,58,1791455897.232248,camera_color_optical_frame,0,0.0000,0.0000,0.00000,0.005,0,IDLE,disabled,0.000,0.000,deg/s,joint_states,-0.090,0.260,0.000,0.000,,,,,,,,,pan
assignment3_kp2_t1,3.422,1791455897.351746,58,1791455897.232248,camera_color_optical_frame,0,0.0000,0.0000,0.00000,0.024,0,IDLE,disabled,0.000,0.000,deg/s,joint_states,-0.180,0.260,0.000,0.000,,,,,,,,,pan
assignment3_kp2_t1,3.440,1791455897.369727,59,1791455897.265604,camera_color_optical_frame,0,0.0000,0.0000,0.00000,0.009,0,IDLE,disabled,0.000,0.000,deg/s,joint_states,-0.090,0.260,0.000,0.000,,,,,,,,,pan
assignment3_kp2_t1,3.460,1791455897.389048,59,1791455897.265604,camera_color_optical_frame,0,0.0000,0.0000,0.00000,0.029,0,IDLE,disabled,0.000,0.000,deg/s,joint_states,-0.090,0.260,0.000,0.000,,,,,,,,,pan
assignment3_kp2_t1,3.481,1791455897.412702,60,1791455897.298961,camera_color_optical_frame,0,0.0000,0.0000,0.00000,0.019,0,IDLE,disabled,0.000,0.000,deg/s,joint_states,-0.090,0.260,0.000,0.000,,,,,,,,,pan
assignment3_kp2_t1,3.500,1791455897.429201,61,1791455897.332318,camera_color_optical_frame,0,0.0000,0.0000,0.00000,0.005,0,IDLE,disabled,0.000,0.000,deg/s,joint_states,-0.090,0.260,0.000,0.000,,,,,,,,,pan
assignment3_kp2_t1,3.522,1791455897.450959,61,1791455897.332318,camera_color_optical_frame,0,0.0000,0.0000,0.00000,0.026,0,IDLE,disabled,0.000,0.000,deg/s,joint_states,-0.090,0.260,0.000,0.000,,,,,,,,,pan
assignment3_kp2_t1,3.540,1791455897.469918,62,1791455897.365674,camera_color_optical_frame,0,0.0000,0.0000,0.00000,0.007,0,IDLE,disabled,0.000,0.000,deg/s,joint_states,-0.090,0.260,0.000,0.000,,,,,,,,,pan
assignment3_kp2_t1,3.559,1791455897.488587,62,1791455897.365674,camera_color_optical_frame,0,0.0000,0.0000,0.00000,0.027,0,IDLE,disabled,0.000,0.000,deg/s,joint_states,-0.090,0.260,0.000,0.000,,,,,,,,,pan
assignment3_kp2_t1,3.580,1791455897.510903,63,1791455897.399031,camera_color_optical_frame,0,0.0000,0.0000,0.00000,0.020,0,IDLE,disabled,0.000,0.000,deg/s,joint_states,-0.180,0.260,0.000,0.000,,,,,,,,,pan
assignment3_kp2_t1,3.600,1791455897.528640,64,1791455897.432387,camera_color_optical_frame,0,0.0000,0.0000,0.00000,0.004,0,IDLE,disabled,0.000,0.000,deg/s,joint_states,-0.090,0.260,0.000,0.000,,,,,,,,,pan
assignment3_kp2_t1,3.621,1791455897.552289,64,1791455897.432387,camera_color_optical_frame,0,0.0000,0.0000,0.00000,0.025,0,IDLE,disabled,0.000,0.000,deg/s,joint_states,-0.090,0.260,0.000,0.000,,,,,,,,,pan
assignment3_kp2_t1,3.640,1791455897.570782,65,1791455897.465744,camera_color_optical_frame,0,0.0000,0.0000,0.00000,0.009,0,IDLE,disabled,0.000,0.000,deg/s,joint_states,-0.180,0.260,0.000,0.000,,,,,,,,,pan
assignment3_kp2_t1,3.661,1791455897.590617,65,1791455897.465744,camera_color_optical_frame,0,0.0000,0.0000,0.00000,0.030,0,IDLE,disabled,0.000,0.000,deg/s,joint_states,-0.090,0.260,0.000,0.000,,,,,,,,,pan
assignment3_kp2_t1,3.681,1791455897.611017,66,1791455897.499101,camera_color_optical_frame,0,0.0000,0.0000,0.00000,0.015,0,IDLE,disabled,0.000,0.000,deg/s,joint_states,-0.090,0.260,0.000,0.000,,,,,,,,,pan
assignment3_kp2_t1,3.700,1791455897.629497,67,1791455897.532457,camera_color_optical_frame,0,0.0000,0.0000,0.00000,0.002,0,IDLE,disabled,0.000,0.000,deg/s,joint_states,-0.180,0.260,0.000,0.000,,,,,,,,,pan
assignment3_kp2_t1,3.722,1791455897.652539,67,1791455897.532457,camera_color_optical_frame,0,0.0000,0.0000,0.00000,0.023,0,IDLE,disabled,0.000,0.000,deg/s,joint_states,-0.090,0.260,0.000,0.000,,,,,,,,,pan
assignment3_kp2_t1,3.741,1791455897.670903,68,1791455897.565814,camera_color_optical_frame,0,0.0000,0.0000,0.00000,0.007,0,IDLE,disabled,0.000,0.000,deg/s,joint_states,-0.090,0.260,0.000,0.000,,,,,,,,,pan
assignment3_kp2_t1,3.761,1791455897.689835,68,1791455897.565814,camera_color_optical_frame,0,0.0000,0.0000,0.00000,0.027,0,IDLE,disabled,0.000,0.000,deg/s,joint_states,-0.180,0.260,0.000,0.000,,,,,,,,,pan
assignment3_kp2_t1,3.780,1791455897.711085,69,1791455897.599170,camera_color_optical_frame,0,0.0000,0.0000,0.00000,0.010,0,IDLE,disabled,0.000,0.000,deg/s,joint_states,-0.090,0.260,0.000,0.000,,,,,,,,,pan
assignment3_kp2_t1,3.801,1791455897.730399,70,1791455897.632527,camera_color_optical_frame,0,0.0000,0.0000,0.00000,0.002,0,IDLE,disabled,0.000,0.000,deg/s,joint_states,-0.180,0.260,0.000,0.000,,,,,,,,,pan
assignment3_kp2_t1,3.822,1791455897.753543,70,1791455897.632527,camera_color_optical_frame,0,0.0000,0.0000,0.00000,0.023,0,IDLE,disabled,0.000,0.000,deg/s,joint_states,-0.090,0.260,0.000,0.000,,,,,,,,,pan
assignment3_kp2_t1,3.840,1791455897.769083,71,1791455897.665883,camera_color_optical_frame,0,0.0000,0.0000,0.00000,0.004,0,IDLE,disabled,0.000,0.000,deg/s,joint_states,-0.180,0.260,0.000,0.000,,,,,,,,,pan
assignment3_kp2_t1,3.862,1791455897.791916,71,1791455897.665883,camera_color_optical_frame,0,0.0000,0.0000,0.00000,0.026,0,IDLE,disabled,0.000,0.000,deg/s,joint_states,-0.090,0.260,0.000,0.000,,,,,,,,,pan
assignment3_kp2_t1,3.881,1791455897.810745,72,1791455897.699240,camera_color_optical_frame,0,0.0000,0.0000,0.00000,0.013,0,IDLE,disabled,0.000,0.000,deg/s,joint_states,-0.090,0.260,0.000,0.000,,,,,,,,,pan
assignment3_kp2_t1,3.900,1791455897.829152,72,1791455897.699240,camera_color_optical_frame,0,0.0000,0.0000,0.00000,0.032,0,IDLE,disabled,0.000,0.000,deg/s,joint_states,-0.090,0.260,0.000,0.000,,,,,,,,,pan
assignment3_kp2_t1,3.922,1791455897.853631,73,1791455897.732596,camera_color_optical_frame,0,0.0000,0.0000,0.00000,0.020,0,IDLE,disabled,0.000,0.000,deg/s,joint_states,-0.090,0.260,0.000,0.000,,,,,,,,,pan
assignment3_kp2_t1,3.941,1791455897.870907,74,1791455897.765953,camera_color_optical_frame,0,0.0000,0.0000,0.00000,0.006,0,IDLE,disabled,0.000,0.000,deg/s,joint_states,-0.090,0.260,0.000,0.000,,,,,,,,,pan
assignment3_kp2_t1,3.961,1791455897.890074,74,1791455897.765953,camera_color_optical_frame,0,0.0000,0.0000,0.00000,0.026,0,IDLE,disabled,0.000,0.000,deg/s,joint_states,-0.180,0.260,0.000,0.000,,,,,,,,,pan
assignment3_kp2_t1,3.982,1791455897.914022,75,1791455897.799309,camera_color_optical_frame,0,0.0000,0.0000,0.00000,0.015,0,IDLE,disabled,0.000,0.000,deg/s,joint_states,-0.180,0.260,0.000,0.000,,,,,,,,,pan
assignment3_kp2_t1,4.000,1791455897.928938,76,1791455897.832666,camera_color_optical_frame,0,0.0000,0.0000,0.00000,0.004,0,IDLE,disabled,0.000,0.000,deg/s,joint_states,-0.090,0.260,0.000,0.000,,,,,,,,,pan
assignment3_kp2_t1,4.021,1791455897.953935,76,1791455897.832666,camera_color_optical_frame,0,0.0000,0.0000,0.00000,0.025,0,IDLE,disabled,0.000,0.000,deg/s,joint_states,-0.090,0.260,0.000,0.000,,,,,,,,,pan
assignment3_kp2_t1,4.040,1791455897.969409,77,1791455897.866022,camera_color_optical_frame,0,0.0000,0.0000,0.00000,0.007,0,IDLE,disabled,0.000,0.000,deg/s,joint_states,-0.090,0.260,0.000,0.000,,,,,,,,,pan
assignment3_kp2_t1,4.061,1791455897.991543,77,1791455897.866022,camera_color_optical_frame,0,0.0000,0.0000,0.00000,0.028,0,IDLE,disabled,0.000,0.000,deg/s,joint_states,-0.090,0.260,0.000,0.000,,,,,,,,,pan
assignment3_kp2_t1,4.081,1791455898.010953,78,1791455897.899379,camera_color_optical_frame,0,0.0000,0.0000,0.00000,0.009,0,IDLE,disabled,0.000,0.000,deg/s,joint_states,-0.090,0.260,0.000,0.000,,,,,,,,,pan
assignment3_kp2_t1,4.100,1791455898.029956,78,1791455897.899379,camera_color_optical_frame,0,0.0000,0.0000,0.00000,0.028,0,IDLE,disabled,0.000,0.000,deg/s,joint_states,-0.180,0.260,0.000,0.000,,,,,,,,,pan
assignment3_kp2_t1,4.120,1791455898.051744,79,1791455897.932735,camera_color_optical_frame,0,0.0000,0.0000,0.00000,0.017,0,IDLE,disabled,0.000,0.000,deg/s,joint_states,-0.180,0.260,0.000,0.000,,,,,,,,,pan
assignment3_kp2_t1,4.140,1791455898.069216,80,1791455897.966091,camera_color_optical_frame,0,0.0000,0.0000,0.00000,0.002,0,IDLE,disabled,0.000,0.000,deg/s,joint_states,-0.090,0.260,0.000,0.000,,,,,,,,,pan
assignment3_kp2_t1,4.161,1791455898.094521,80,1791455897.966091,camera_color_optical_frame,0,0.0000,0.0000,0.00000,0.023,0,IDLE,disabled,0.000,0.000,deg/s,joint_states,-0.090,0.260,0.000,0.000,,,,,,,,,pan
assignment3_kp2_t1,4.180,1791455898.112641,81,1791455897.999448,camera_color_optical_frame,0,0.0000,0.0000,0.00000,0.009,0,IDLE,disabled,0.000,0.000,deg/s,joint_states,-0.090,0.260,0.000,0.000,,,,,,,,,pan
assignment3_kp2_t1,4.201,1791455898.131035,81,1791455897.999448,camera_color_optical_frame,0,0.0000,0.0000,0.00000,0.031,0,IDLE,disabled,0.000,0.000,deg/s,joint_states,-0.090,0.260,0.000,0.000,,,,,,,,,pan
assignment3_kp2_t1,4.220,1791455898.149723,82,1791455898.032804,camera_color_optical_frame,0,0.0000,0.0000,0.00000,0.013,0,IDLE,disabled,0.000,0.000,deg/s,joint_states,-0.090,0.260,0.000,0.000,,,,,,,,,pan
assignment3_kp2_t1,4.240,1791455898.169180,83,1791455898.066160,camera_color_optical_frame,0,0.0000,0.0000,0.00000,0.003,0,IDLE,disabled,0.000,0.000,deg/s,joint_states,-0.090,0.260,0.000,0.000,,,,,,,,,pan
assignment3_kp2_t1,4.261,1791455898.192368,83,1791455898.066160,camera_color_optical_frame,0,0.0000,0.0000,0.00000,0.024,0,IDLE,disabled,0.000,0.000,deg/s,joint_states,-0.090,0.260,0.000,0.000,,,,,,,,,pan
assignment3_kp2_t1,4.280,1791455898.209156,84,1791455898.099517,camera_color_optical_frame,0,0.0000,0.0000,0.00000,0.005,0,IDLE,disabled,0.000,0.000,deg/s,joint_states,-0.090,0.260,0.000,0.000,,,,,,,,,pan
assignment3_kp2_t1,4.301,1791455898.231850,84,1791455898.099517,camera_color_optical_frame,0,0.0000,0.0000,0.00000,0.027,0,IDLE,disabled,0.000,0.000,deg/s,joint_states,-0.090,0.260,0.000,0.000,,,,,,,,,pan
assignment3_kp2_t1,4.321,1791455898.252903,85,1791455898.132873,camera_color_optical_frame,0,0.0000,0.0000,0.00000,0.008,0,IDLE,disabled,0.000,0.000,deg/s,joint_states,-0.180,0.260,0.000,0.000,,,,,,,,,pan
assignment3_kp2_t1,4.340,1791455898.269612,85,1791455898.132873,camera_color_optical_frame,0,0.0000,0.0000,0.00000,0.028,0,IDLE,disabled,0.000,0.000,deg/s,joint_states,-0.090,0.260,0.000,0.000,,,,,,,,,pan
assignment3_kp2_t1,4.360,1791455898.290881,86,1791455898.166231,camera_color_optical_frame,0,0.0000,0.0000,0.00000,0.018,0,IDLE,disabled,0.000,0.000,deg/s,joint_states,-0.180,0.260,0.000,0.000,,,,,,,,,pan
assignment3_kp2_t1,4.381,1791455898.309784,87,1791455898.199588,camera_color_optical_frame,0,0.0000,0.0000,0.00000,0.003,0,IDLE,disabled,0.000,0.000,deg/s,joint_states,-0.180,0.260,0.000,0.000,,,,,,,,,pan
assignment3_kp2_t1,4.402,1791455898.333242,87,1791455898.199588,camera_color_optical_frame,0,0.0000,0.0000,0.00000,0.024,0,IDLE,disabled,0.000,0.000,deg/s,joint_states,-0.090,0.260,0.000,0.000,,,,,,,,,pan
assignment3_kp2_t1,4.420,1791455898.350498,88,1791455898.232945,camera_color_optical_frame,0,0.0000,0.0000,0.00000,0.010,0,IDLE,disabled,0.000,0.000,deg/s,joint_states,-0.090,0.260,0.000,0.000,,,,,,,,,pan
assignment3_kp2_t1,4.443,1791455898.372650,88,1791455898.232945,camera_color_optical_frame,0,0.0000,0.0000,0.00000,0.033,0,IDLE,disabled,0.000,0.000,deg/s,joint_states,-0.090,0.260,0.000,0.000,,,,,,,,,pan
assignment3_kp2_t1,4.460,1791455898.391493,89,1791455898.266302,camera_color_optical_frame,0,0.0000,0.0000,0.00000,0.014,0,IDLE,disabled,0.000,0.000,deg/s,joint_states,-0.090,0.260,0.000,0.000,,,,,,,,,pan
assignment3_kp2_t1,4.481,1791455898.410573,90,1791455898.299660,camera_color_optical_frame,0,0.0000,0.0000,0.00000,0.002,0,IDLE,disabled,0.000,0.000,deg/s,joint_states,-0.090,0.260,0.000,0.000,,,,,,,,,pan
assignment3_kp2_t1,4.501,1791455898.433982,90,1791455898.299660,camera_color_optical_frame,0,0.0000,0.0000,0.00000,0.022,0,IDLE,disabled,0.000,0.000,deg/s,joint_states,-0.180,0.260,0.000,0.000,,,,,,,,,pan
assignment3_kp2_t1,4.520,1791455898.449353,91,1791455898.333017,camera_color_optical_frame,0,0.0000,0.0000,0.00000,0.005,0,IDLE,disabled,0.000,0.000,deg/s,joint_states,-0.180,0.260,0.000,0.000,,,,,,,,,pan
assignment3_kp2_t1,4.541,1791455898.472096,91,1791455898.333017,camera_color_optical_frame,0,0.0000,0.0000,0.00000,0.026,0,IDLE,disabled,0.000,0.000,deg/s,joint_states,-0.090,0.260,0.000,0.000,,,,,,,,,pan
assignment3_kp2_t1,4.561,1791455898.490619,92,1791455898.366374,camera_color_optical_frame,0,0.0000,0.0000,0.00000,0.015,0,IDLE,disabled,0.000,0.000,deg/s,joint_states,-0.090,0.260,0.000,0.000,,,,,,,,,pan
assignment3_kp2_t1,4.582,1791455898.513881,92,1791455898.366374,camera_color_optical_frame,0,0.0000,0.0000,0.00000,0.036,0,IDLE,disabled,0.000,0.000,deg/s,joint_states,-0.090,0.260,0.000,0.000,,,,,,,,,pan
assignment3_kp2_t1,4.600,1791455898.530964,93,1791455898.399731,camera_color_optical_frame,0,0.0000,0.0000,0.00000,0.010,0,IDLE,disabled,0.000,0.000,deg/s,joint_states,-0.180,0.260,0.000,0.000,,,,,,,,,pan
assignment3_kp2_t1,4.621,1791455898.551514,94,1791455898.433088,camera_color_optical_frame,0,0.0000,0.0000,0.00000,0.016,0,IDLE,disabled,0.000,0.000,deg/s,joint_states,-0.180,0.260,0.000,0.000,,,,,,,,,pan
assignment3_kp2_t1,4.642,1791455898.572715,95,1791455898.466446,camera_color_optical_frame,0,0.0000,0.0000,0.00000,0.006,0,IDLE,disabled,0.000,0.000,deg/s,joint_states,-0.090,0.260,0.000,0.000,,,,,,,,,pan
assignment3_kp2_t1,4.660,1791455898.589990,95,1791455898.466446,camera_color_optical_frame,0,0.0000,0.0000,0.00000,0.025,0,IDLE,disabled,0.000,0.000,deg/s,joint_states,-0.090,0.260,0.000,0.000,,,,,,,,,pan
assignment3_kp2_t1,4.681,1791455898.612750,96,1791455898.499803,camera_color_optical_frame,0,0.0000,0.0000,0.00000,0.018,0,IDLE,disabled,0.000,0.000,deg/s,joint_states,-0.180,0.260,0.000,0.000,,,,,,,,,pan
assignment3_kp2_t1,4.700,1791455898.629566,97,1791455898.533160,camera_color_optical_frame,0,0.0000,0.0000,0.00000,0.009,0,IDLE,disabled,0.000,0.000,deg/s,joint_states,-0.090,0.260,0.000,0.000,,,,,,,,,pan
assignment3_kp2_t1,4.723,1791455898.653516,97,1791455898.533160,camera_color_optical_frame,0,0.0000,0.0000,0.00000,0.032,0,IDLE,disabled,0.000,0.000,deg/s,joint_states,-0.090,0.260,0.000,0.000,,,,,,,,,pan
assignment3_kp2_t1,4.740,1791455898.671109,98,1791455898.566517,camera_color_optical_frame,0,0.0000,0.0000,0.00000,0.011,0,IDLE,disabled,0.000,0.000,deg/s,joint_states,-0.090,0.260,0.000,0.000,,,,,,,,,pan
assignment3_kp2_t1,4.761,1791455898.690147,99,1791455898.599875,camera_color_optical_frame,0,0.0000,0.0000,0.00000,0.003,0,IDLE,disabled,0.000,0.000,deg/s,joint_states,-0.090,0.260,0.000,0.000,,,,,,,,,pan
assignment3_kp2_t1,4.781,1791455898.712769,99,1791455898.599875,camera_color_optical_frame,0,0.0000,0.0000,0.00000,0.023,0,IDLE,disabled,0.000,0.000,deg/s,joint_states,-0.090,0.260,0.000,0.000,,,,,,,,,pan
assignment3_kp2_t1,4.803,1791455898.732543,100,1791455898.633232,camera_color_optical_frame,0,0.0000,0.0000,0.00000,0.006,0,IDLE,disabled,0.000,0.000,deg/s,joint_states,-0.090,0.260,0.000,0.000,,,,,,,,,pan
assignment3_kp2_t1,4.820,1791455898.749629,100,1791455898.633232,camera_color_optical_frame,0,0.0000,0.0000,0.00000,0.023,0,IDLE,disabled,0.000,0.000,deg/s,joint_states,-0.090,0.260,0.000,0.000,,,,,,,,,pan
assignment3_kp2_t1,4.841,1791455898.773000,101,1791455898.666589,camera_color_optical_frame,0,0.0000,0.0000,0.00000,0.015,0,IDLE,disabled,0.000,0.000,deg/s,joint_states,-0.180,0.260,0.000,0.000,,,,,,,,,pan
assignment3_kp2_t1,4.860,1791455898.789060,102,1791455898.699946,camera_color_optical_frame,0,0.0000,0.0000,0.00000,0.004,0,IDLE,disabled,0.000,0.000,deg/s,joint_states,-0.180,0.260,0.000,0.000,,,,,,,,,pan
assignment3_kp2_t1,4.882,1791455898.813627,102,1791455898.699946,camera_color_optical_frame,0,0.0000,0.0000,0.00000,0.026,0,IDLE,disabled,0.000,0.000,deg/s,joint_states,-0.090,0.260,0.000,0.000,,,,,,,,,pan
assignment3_kp2_t1,4.901,1791455898.830783,103,1791455898.733304,camera_color_optical_frame,0,0.0000,0.0000,0.00000,0.009,0,IDLE,disabled,0.000,0.000,deg/s,joint_states,-0.090,0.260,0.000,0.000,,,,,,,,,pan
assignment3_kp2_t1,4.921,1791455898.850218,103,1791455898.733304,camera_color_optical_frame,0,0.0000,0.0000,0.00000,0.029,0,IDLE,disabled,0.000,0.000,deg/s,joint_states,-0.090,0.260,0.000,0.000,,,,,,,,,pan
assignment3_kp2_t1,4.940,1791455898.870687,104,1791455898.766661,camera_color_optical_frame,0,0.0000,0.0000,0.00000,0.017,0,IDLE,disabled,0.000,0.000,deg/s,joint_states,-0.090,0.260,0.000,0.000,,,,,,,,,pan
assignment3_kp2_t1,4.962,1791455898.891895,105,1791455898.800018,camera_color_optical_frame,0,0.0000,0.0000,0.00000,0.003,0,IDLE,disabled,0.000,0.000,deg/s,joint_states,-0.180,0.260,0.000,0.000,,,,,,,,,pan
assignment3_kp2_t1,4.985,1791455898.914490,105,1791455898.800018,camera_color_optical_frame,0,0.0000,0.0000,0.00000,0.025,0,IDLE,disabled,0.000,0.000,deg/s,joint_states,-0.180,0.260,0.000,0.000,,,,,,,,,pan
assignment3_kp2_t1,5.001,1791455898.930198,106,1791455898.833375,camera_color_optical_frame,0,0.0000,0.0000,0.00000,0.012,0,IDLE,disabled,0.000,0.000,deg/s,joint_states,-0.180,0.260,0.000,0.000,,,,,,,,,pan
assignment3_kp2_t1,5.022,1791455898.951082,107,1791455898.866732,camera_color_optical_frame,0,0.0000,0.0000,0.00000,0.003,0,IDLE,disabled,0.000,0.000,deg/s,joint_states,-0.090,0.260,0.000,0.000,,,,,,,,,pan
assignment3_kp2_t1,5.040,1791455898.970122,108,1791455898.900090,camera_color_optical_frame,0,0.0000,0.0000,0.00000,0.006,0,IDLE,disabled,0.000,0.000,deg/s,joint_states,-0.180,0.260,0.000,0.000,,,,,,,,,pan
assignment3_kp2_t1,5.060,1791455898.990942,108,1791455898.900090,camera_color_optical_frame,0,0.0000,0.0000,0.00000,0.026,0,IDLE,disabled,0.000,0.000,deg/s,joint_states,-0.090,0.260,0.000,0.000,,,,,,,,,pan
assignment3_kp2_t1,5.082,1791455899.012076,108,1791455898.900090,camera_color_optical_frame,0,0.0000,0.0000,0.00000,0.047,0,IDLE,disabled,0.000,0.000,deg/s,joint_states,-0.090,0.260,0.000,0.000,,,,,,,,,pan
assignment3_kp2_t1,5.100,1791455899.029466,109,1791455898.933447,camera_color_optical_frame,0,0.0000,0.0000,0.00000,0.015,0,IDLE,disabled,0.000,0.000,deg/s,joint_states,-0.180,0.260,0.000,0.000,,,,,,,,,pan
assignment3_kp2_t1,5.120,1791455899.049722,109,1791455898.933447,camera_color_optical_frame,0,0.0000,0.0000,0.00000,0.035,0,IDLE,disabled,0.000,0.000,deg/s,joint_states,-0.090,0.260,0.000,0.000,,,,,,,,,pan
assignment3_kp2_t1,5.140,1791455899.070673,110,1791455898.966804,camera_color_optical_frame,0,0.0000,0.0000,0.00000,0.015,0,IDLE,disabled,0.000,0.000,deg/s,joint_states,-0.090,0.260,0.000,0.000,,,,,,,,,pan
assignment3_kp2_t1,5.161,1791455899.090377,111,1791455899.000161,camera_color_optical_frame,0,0.0000,0.0000,0.00000,0.002,0,IDLE,disabled,0.000,0.000,deg/s,joint_states,-0.090,0.260,0.000,0.000,,,,,,,,,pan
assignment3_kp2_t1,5.183,1791455899.113436,111,1791455899.000161,camera_color_optical_frame,0,0.0000,0.0000,0.00000,0.024,0,IDLE,disabled,0.000,0.000,deg/s,joint_states,-0.090,0.260,0.000,0.000,,,,,,,,,pan
assignment3_kp2_t1,5.201,1791455899.130266,112,1791455899.033518,camera_color_optical_frame,0,0.0000,0.0000,0.00000,0.006,0,IDLE,disabled,0.000,0.000,deg/s,joint_states,-0.090,0.260,0.000,0.000,,,,,,,,,pan
assignment3_kp2_t1,5.220,1791455899.148912,112,1791455899.033518,camera_color_optical_frame,0,0.0000,0.0000,0.00000,0.025,0,IDLE,disabled,0.000,0.000,deg/s,joint_states,-0.090,0.260,0.000,0.000,,,,,,,,,pan
assignment3_kp2_t1,5.240,1791455899.171309,113,1791455899.066875,camera_color_optical_frame,0,0.0000,0.0000,0.00000,0.018,0,IDLE,disabled,0.000,0.000,deg/s,joint_states,-0.090,0.260,0.000,0.000,,,,,,,,,pan
assignment3_kp2_t1,5.260,1791455899.189321,114,1791455899.100233,camera_color_optical_frame,0,0.0000,0.0000,0.00000,0.005,0,IDLE,disabled,0.000,0.000,deg/s,joint_states,-0.180,0.260,0.000,0.000,,,,,,,,,pan
assignment3_kp2_t1,5.281,1791455899.214065,114,1791455899.100233,camera_color_optical_frame,0,0.0000,0.0000,0.00000,0.026,0,IDLE,disabled,0.000,0.000,deg/s,joint_states,-0.180,0.260,0.000,0.000,,,,,,,,,pan
assignment3_kp2_t1,5.300,1791455899.228667,115,1791455899.133590,camera_color_optical_frame,0,0.0000,0.0000,0.00000,0.011,0,IDLE,disabled,0.000,0.000,deg/s,joint_states,-0.090,0.260,0.000,0.000,,,,,,,,,pan
assignment3_kp2_t1,5.321,1791455899.252343,115,1791455899.133590,camera_color_optical_frame,0,0.0000,0.0000,0.00000,0.032,0,IDLE,disabled,0.000,0.000,deg/s,joint_states,-0.090,0.260,0.000,0.000,,,,,,,,,pan
assignment3_kp2_t1,5.340,1791455899.269843,116,1791455899.166947,camera_color_optical_frame,0,0.0000,0.0000,0.00000,0.009,0,IDLE,disabled,0.000,0.000,deg/s,joint_states,-0.090,0.260,0.000,0.000,,,,,,,,,pan
assignment3_kp2_t1,5.361,1791455899.290658,116,1791455899.166947,camera_color_optical_frame,0,0.0000,0.0000,0.00000,0.030,0,IDLE,disabled,0.000,0.000,deg/s,joint_states,-0.090,0.260,0.000,0.000,,,,,,,,,pan
assignment3_kp2_t1,5.380,1791455899.310455,117,1791455899.200305,camera_color_optical_frame,0,0.0000,0.0000,0.00000,0.011,0,IDLE,disabled,0.000,0.000,deg/s,joint_states,-0.090,0.260,0.000,0.000,,,,,,,,,pan
assignment3_kp2_t1,5.400,1791455899.329381,117,1791455899.200305,camera_color_optical_frame,0,0.0000,0.0000,0.00000,0.031,0,IDLE,disabled,0.000,0.000,deg/s,joint_states,-0.090,0.260,0.000,0.000,,,,,,,,,pan
assignment3_kp2_t1,5.421,1791455899.351187,118,1791455899.233662,camera_color_optical_frame,0,0.0000,0.0000,0.00000,0.018,0,IDLE,disabled,0.000,0.000,deg/s,joint_states,-0.090,0.260,0.000,0.000,,,,,,,,,pan
assignment3_kp2_t1,5.440,1791455899.368686,119,1791455899.267020,camera_color_optical_frame,0,0.0000,0.0000,0.00000,0.007,0,IDLE,disabled,0.000,0.000,deg/s,joint_states,-0.090,0.260,0.000,0.000,,,,,,,,,pan
assignment3_kp2_t1,5.462,1791455899.393741,119,1791455899.267020,camera_color_optical_frame,0,0.0000,0.0000,0.00000,0.029,0,IDLE,disabled,0.000,0.000,deg/s,joint_states,-0.180,0.260,0.000,0.000,,,,,,,,,pan
assignment3_kp2_t1,5.480,1791455899.411447,120,1791455899.300377,camera_color_optical_frame,0,0.0000,0.0000,0.00000,0.006,0,IDLE,disabled,0.000,0.000,deg/s,joint_states,-0.090,0.180,0.000,0.000,,,,,,,,,pan
assignment3_kp2_t1,5.502,1791455899.431335,120,1791455899.300377,camera_color_optical_frame,0,0.0000,0.0000,0.00000,0.028,0,IDLE,disabled,0.000,0.000,deg/s,joint_states,-0.090,0.260,0.000,0.000,,,,,,,,,pan
assignment3_kp2_t1,5.520,1791455899.449305,121,1791455899.333735,camera_color_optical_frame,0,0.0000,0.0000,0.00000,0.015,0,IDLE,disabled,0.000,0.000,deg/s,joint_states,-0.090,0.260,0.000,0.000,,,,,,,,,pan
assignment3_kp2_t1,5.540,1791455899.469291,121,1791455899.333735,camera_color_optical_frame,0,0.0000,0.0000,0.00000,0.035,0,IDLE,disabled,0.000,0.000,deg/s,joint_states,-0.090,0.260,0.000,0.000,,,,,,,,,pan
assignment3_kp2_t1,5.562,1791455899.493037,122,1791455899.367092,camera_color_optical_frame,0,0.0000,0.0000,0.00000,0.019,0,IDLE,disabled,0.000,0.000,deg/s,joint_states,-0.090,0.260,0.000,0.000,,,,,,,,,pan
assignment3_kp2_t1,5.580,1791455899.509137,123,1791455899.400450,camera_color_optical_frame,0,0.0000,0.0000,0.00000,0.006,0,IDLE,disabled,0.000,0.000,deg/s,joint_states,-0.090,0.260,0.000,0.000,,,,,,,,,pan
assignment3_kp2_t1,5.600,1791455899.530491,123,1791455899.400450,camera_color_optical_frame,0,0.0000,0.0000,0.00000,0.026,0,IDLE,disabled,0.000,0.000,deg/s,joint_states,-0.090,0.260,0.000,0.000,,,,,,,,,pan
assignment3_kp2_t1,5.621,1791455899.550430,124,1791455899.433807,camera_color_optical_frame,0,0.0000,0.0000,0.00000,0.012,0,IDLE,disabled,0.000,0.000,deg/s,joint_states,-0.090,0.260,0.000,0.000,,,,,,,,,pan
assignment3_kp2_t1,5.640,1791455899.569236,124,1791455899.433807,camera_color_optical_frame,0,0.0000,0.0000,0.00000,0.031,0,IDLE,disabled,0.000,0.000,deg/s,joint_states,-0.090,0.260,0.000,0.000,,,,,,,,,pan
assignment3_kp2_t1,5.661,1791455899.592394,125,1791455899.467165,camera_color_optical_frame,0,0.0000,0.0000,0.00000,0.019,0,IDLE,disabled,0.000,0.000,deg/s,joint_states,-0.090,0.260,0.000,0.000,,,,,,,,,pan
assignment3_kp2_t1,5.681,1791455899.610904,126,1791455899.500522,camera_color_optical_frame,0,0.0000,0.0000,0.00000,0.007,0,IDLE,disabled,0.000,0.000,deg/s,joint_states,-0.090,0.260,0.000,0.000,,,,,,,,,pan
assignment3_kp2_t1,5.701,1791455899.629835,126,1791455899.500522,camera_color_optical_frame,0,0.0000,0.0000,0.00000,0.027,0,IDLE,disabled,0.000,0.000,deg/s,joint_states,-0.090,0.260,0.000,0.000,,,,,,,,,pan
assignment3_kp2_t1,5.720,1791455899.649956,127,1791455899.533880,camera_color_optical_frame,0,0.0000,0.0000,0.00000,0.017,0,IDLE,disabled,0.000,0.000,deg/s,joint_states,-0.090,0.260,0.000,0.000,,,,,,,,,pan
assignment3_kp2_t1,5.740,1791455899.669623,128,1791455899.567237,camera_color_optical_frame,0,0.0000,0.0000,0.00000,0.002,0,IDLE,disabled,0.000,0.000,deg/s,joint_states,-0.090,0.260,0.000,0.000,,,,,,,,,pan
assignment3_kp2_t1,5.761,1791455899.692202,128,1791455899.567237,camera_color_optical_frame,0,0.0000,0.0000,0.00000,0.023,0,IDLE,disabled,0.000,0.000,deg/s,joint_states,-0.090,0.260,0.000,0.000,,,,,,,,,pan
assignment3_kp2_t1,5.781,1791455899.710683,129,1791455899.600595,camera_color_optical_frame,0,0.0000,0.0000,0.00000,0.009,0,IDLE,disabled,0.000,0.000,deg/s,joint_states,-0.180,0.260,0.000,0.000,,,,,,,,,pan
assignment3_kp2_t1,5.800,1791455899.729965,129,1791455899.600595,camera_color_optical_frame,0,0.0000,0.0000,0.00000,0.028,0,IDLE,disabled,0.000,0.000,deg/s,joint_states,-0.090,0.180,0.000,0.000,,,,,,,,,pan
assignment3_kp2_t1,5.821,1791455899.752048,130,1791455899.633953,camera_color_optical_frame,0,0.0000,0.0000,0.00000,0.015,0,IDLE,disabled,0.000,0.000,deg/s,joint_states,-0.180,0.260,0.000,0.000,,,,,,,,,pan
assignment3_kp2_t1,5.840,1791455899.768961,131,1791455899.667310,camera_color_optical_frame,0,0.0000,0.0000,0.00000,0.003,0,IDLE,disabled,0.000,0.000,deg/s,joint_states,-0.090,0.260,0.000,0.000,,,,,,,,,pan
assignment3_kp2_t1,5.862,1791455899.793226,131,1791455899.667310,camera_color_optical_frame,0,0.0000,0.0000,0.00000,0.025,0,IDLE,disabled,0.000,0.000,deg/s,joint_states,-0.090,0.260,0.000,0.000,,,,,,,,,pan
assignment3_kp2_t1,5.881,1791455899.811582,132,1791455899.700668,camera_color_optical_frame,0,0.0000,0.0000,0.00000,0.008,0,IDLE,disabled,0.000,0.000,deg/s,joint_states,-0.090,0.260,0.000,0.000,,,,,,,,,pan
assignment3_kp2_t1,5.900,1791455899.830099,132,1791455899.700668,camera_color_optical_frame,0,0.0000,0.0000,0.00000,0.027,0,IDLE,disabled,0.000,0.000,deg/s,joint_states,-0.090,0.260,0.000,0.000,,,,,,,,,pan
assignment3_kp2_t1,5.921,1791455899.852432,133,1791455899.734025,camera_color_optical_frame,0,0.0000,0.0000,0.00000,0.017,0,IDLE,disabled,0.000,0.000,deg/s,joint_states,-0.180,0.260,0.000,0.000,,,,,,,,,pan
assignment3_kp2_t1,5.940,1791455899.869437,134,1791455899.767383,camera_color_optical_frame,0,0.0000,0.0000,0.00000,0.004,0,IDLE,disabled,0.000,0.000,deg/s,joint_states,-0.090,0.260,0.000,0.000,,,,,,,,,pan
assignment3_kp2_t1,5.962,1791455899.893769,134,1791455899.767383,camera_color_optical_frame,0,0.0000,0.0000,0.00000,0.026,0,IDLE,disabled,0.000,0.000,deg/s,joint_states,-0.090,0.260,0.000,0.000,,,,,,,,,pan
assignment3_kp2_t1,5.981,1791455899.910719,135,1791455899.800740,camera_color_optical_frame,0,0.0000,0.0000,0.00000,0.009,0,IDLE,disabled,0.000,0.000,deg/s,joint_states,-0.090,0.260,0.000,0.000,,,,,,,,,pan
assignment3_kp2_t1,6.000,1791455899.929352,135,1791455899.800740,camera_color_optical_frame,0,0.0000,0.0000,0.00000,0.028,0,IDLE,disabled,0.000,0.000,deg/s,joint_states,-0.180,0.260,0.000,0.000,,,,,,,,,pan
assignment3_kp2_t1,6.021,1791455899.951966,136,1791455899.834098,camera_color_optical_frame,0,0.0000,0.0000,0.00000,0.017,0,IDLE,disabled,0.000,0.000,deg/s,joint_states,-0.090,0.260,0.000,0.000,,,,,,,,,pan
assignment3_kp2_t1,6.040,1791455899.969704,137,1791455899.867455,camera_color_optical_frame,0,0.0000,0.0000,0.00000,0.003,0,IDLE,disabled,0.000,0.000,deg/s,joint_states,-0.090,0.260,0.000,0.000,,,,,,,,,pan
assignment3_kp2_t1,6.061,1791455899.991456,137,1791455899.867455,camera_color_optical_frame,0,0.0000,0.0000,0.00000,0.024,0,IDLE,disabled,0.000,0.000,deg/s,joint_states,-0.090,0.260,0.000,0.000,,,,,,,,,pan
assignment3_kp2_t1,6.086,1791455900.015999,138,1791455899.900813,camera_color_optical_frame,0,0.0000,0.0000,0.00000,0.008,0,IDLE,disabled,0.000,0.000,deg/s,joint_states,-0.090,0.260,0.000,0.000,,,,,,,,,pan
assignment3_kp2_t1,6.100,1791455900.029548,138,1791455899.900813,camera_color_optical_frame,0,0.0000,0.0000,0.00000,0.022,0,IDLE,disabled,0.000,0.000,deg/s,joint_states,-0.180,0.260,0.000,0.000,,,,,,,,,pan
assignment3_kp2_t1,6.120,1791455900.052557,139,1791455899.934170,camera_color_optical_frame,0,0.0000,0.0000,0.00000,0.017,0,IDLE,disabled,0.000,0.000,deg/s,joint_states,-0.090,0.180,0.000,0.000,,,,,,,,,pan
assignment3_kp2_t1,6.140,1791455900.068894,140,1791455899.967528,camera_color_optical_frame,0,0.0000,0.0000,0.00000,0.004,0,IDLE,disabled,0.000,0.000,deg/s,joint_states,-0.090,0.260,0.000,0.000,,,,,,,,,pan
assignment3_kp2_t1,6.161,1791455900.092534,140,1791455899.967528,camera_color_optical_frame,0,0.0000,0.0000,0.00000,0.025,0,IDLE,disabled,0.000,0.000,deg/s,joint_states,-0.090,0.260,0.000,0.000,,,,,,,,,pan
assignment3_kp2_t1,6.180,1791455900.109725,141,1791455900.000886,camera_color_optical_frame,0,0.0000,0.0000,0.00000,0.008,0,IDLE,disabled,0.000,0.000,deg/s,joint_states,-0.090,0.260,0.000,0.000,,,,,,,,,pan
assignment3_kp2_t1,6.201,1791455900.129923,142,1791455900.034243,camera_color_optical_frame,0,0.0000,0.0000,0.00000,0.001,0,IDLE,disabled,0.000,0.000,deg/s,joint_states,-0.090,0.260,0.000,0.000,,,,,,,,,pan
assignment3_kp2_t1,6.220,1791455900.149451,143,1791455900.067601,camera_color_optical_frame,0,0.0000,0.0000,0.00000,0.006,0,IDLE,disabled,0.000,0.000,deg/s,joint_states,-0.090,0.260,0.000,0.000,,,,,,,,,pan
assignment3_kp2_t1,6.241,1791455900.171244,143,1791455900.067601,camera_color_optical_frame,0,0.0000,0.0000,0.00000,0.027,0,IDLE,disabled,0.000,0.000,deg/s,joint_states,-0.090,0.260,0.000,0.000,,,,,,,,,pan
assignment3_kp2_t1,6.260,1791455900.188786,144,1791455900.100958,camera_color_optical_frame,0,0.0000,0.0000,0.00000,0.005,0,IDLE,disabled,0.000,0.000,deg/s,joint_states,-0.090,0.260,0.000,0.000,,,,,,,,,pan
assignment3_kp2_t1,6.281,1791455900.212539,144,1791455900.100958,camera_color_optical_frame,0,0.0000,0.0000,0.00000,0.027,0,IDLE,disabled,0.000,0.000,deg/s,joint_states,-0.090,0.260,0.000,0.000,,,,,,,,,pan
assignment3_kp2_t1,6.301,1791455900.230746,145,1791455900.134316,camera_color_optical_frame,0,0.0000,0.0000,0.00000,0.005,0,IDLE,disabled,0.000,0.000,deg/s,joint_states,-0.090,0.260,0.000,0.000,,,,,,,,,pan
assignment3_kp2_t1,6.321,1791455900.250763,145,1791455900.134316,camera_color_optical_frame,0,0.0000,0.0000,0.00000,0.025,0,IDLE,disabled,0.000,0.000,deg/s,joint_states,-0.090,0.260,0.000,0.000,,,,,,,,,pan
assignment3_kp2_t1,6.341,1791455900.270675,146,1791455900.167673,camera_color_optical_frame,0,0.0000,0.0000,0.00000,0.015,0,IDLE,disabled,0.000,0.000,deg/s,joint_states,-0.090,0.260,0.000,0.000,,,,,,,,,pan
assignment3_kp2_t1,6.360,1791455900.289232,147,1791455900.201032,camera_color_optical_frame,0,0.0000,0.0000,0.00000,0.002,0,IDLE,disabled,0.000,0.000,deg/s,joint_states,-0.180,0.260,0.000,0.000,,,,,,,,,pan
assignment3_kp2_t1,6.381,1791455900.312696,147,1791455900.201032,camera_color_optical_frame,0,0.0000,0.0000,0.00000,0.023,0,IDLE,disabled,0.000,0.000,deg/s,joint_states,-0.180,0.260,0.000,0.000,,,,,,,,,pan
assignment3_kp2_t1,6.400,1791455900.330023,148,1791455900.234391,camera_color_optical_frame,0,0.0000,0.0000,0.00000,0.008,0,IDLE,disabled,0.000,0.000,deg/s,joint_states,-0.180,0.260,0.000,0.000,,,,,,,,,pan
assignment3_kp2_t1,6.422,1791455900.351953,148,1791455900.234391,camera_color_optical_frame,0,0.0000,0.0000,0.00000,0.030,0,IDLE,disabled,0.000,0.000,deg/s,joint_states,-0.090,0.260,0.000,0.000,,,,,,,,,pan
assignment3_kp2_t1,6.440,1791455900.369142,149,1791455900.267750,camera_color_optical_frame,0,0.0000,0.0000,0.00000,0.014,0,IDLE,disabled,0.000,0.000,deg/s,joint_states,-0.090,0.260,0.000,0.000,,,,,,,,,pan
assignment3_kp2_t1,6.460,1791455900.389568,149,1791455900.267750,camera_color_optical_frame,0,0.0000,0.0000,0.00000,0.035,0,IDLE,disabled,0.000,0.000,deg/s,joint_states,-0.090,0.260,0.000,0.000,,,,,,,,,pan
assignment3_kp2_t1,6.482,1791455900.413341,150,1791455900.301109,camera_color_optical_frame,0,0.0000,0.0000,0.00000,0.018,0,IDLE,disabled,0.000,0.000,deg/s,joint_states,-0.090,0.260,0.000,0.000,,,,,,,,,pan
assignment3_kp2_t1,6.500,1791455900.429430,151,1791455900.334468,camera_color_optical_frame,0,0.0000,0.0000,0.00000,0.005,0,IDLE,disabled,0.000,0.000,deg/s,joint_states,-0.180,0.260,0.000,0.000,,,,,,,,,pan
assignment3_kp2_t1,6.521,1791455900.451150,151,1791455900.334468,camera_color_optical_frame,0,0.0000,0.0000,0.00000,0.025,0,IDLE,disabled,0.000,0.000,deg/s,joint_states,-0.090,0.260,0.000,0.000,,,,,,,,,pan
assignment3_kp2_t1,6.540,1791455900.470743,152,1791455900.367826,camera_color_optical_frame,0,0.0000,0.0000,0.00000,0.012,0,IDLE,disabled,0.000,0.000,deg/s,joint_states,-0.090,0.260,0.000,0.000,,,,,,,,,pan
assignment3_kp2_t1,6.561,1791455900.489912,153,1791455900.401185,camera_color_optical_frame,0,0.0000,0.0000,0.00000,0.002,0,IDLE,disabled,0.000,0.000,deg/s,joint_states,-0.090,0.260,0.000,0.000,,,,,,,,,pan
assignment3_kp2_t1,6.580,1791455900.513053,153,1791455900.401185,camera_color_optical_frame,0,0.0000,0.0000,0.00000,0.021,0,IDLE,disabled,0.000,0.000,deg/s,joint_states,-0.180,0.260,0.000,0.000,,,,,,,,,pan
assignment3_kp2_t1,6.600,1791455900.529399,154,1791455900.434544,camera_color_optical_frame,0,0.0000,0.0000,0.00000,0.010,0,IDLE,disabled,0.000,0.000,deg/s,joint_states,-0.090,0.260,0.000,0.000,,,,,,,,,pan
assignment3_kp2_t1,6.620,1791455900.549097,155,1791455900.467903,camera_color_optical_frame,0,0.0000,0.0000,0.00000,0.015,0,IDLE,disabled,0.000,0.000,deg/s,joint_states,-0.090,0.260,0.000,0.000,,,,,,,,,pan
assignment3_kp2_t1,6.641,1791455900.571165,155,1791455900.467903,camera_color_optical_frame,0,0.0000,0.0000,0.00000,0.037,0,IDLE,disabled,0.000,0.000,deg/s,joint_states,-0.090,0.260,0.000,0.000,,,,,,,,,pan
assignment3_kp2_t1,6.660,1791455900.589028,156,1791455900.501262,camera_color_optical_frame,0,0.0000,0.0000,0.00000,0.008,0,IDLE,disabled,0.000,0.000,deg/s,joint_states,-0.090,0.260,0.000,0.000,,,,,,,,,pan
assignment3_kp2_t1,6.682,1791455900.613916,156,1791455900.501262,camera_color_optical_frame,0,0.0000,0.0000,0.00000,0.030,0,IDLE,disabled,0.000,0.000,deg/s,joint_states,-0.090,0.260,0.000,0.000,,,,,,,,,pan
assignment3_kp2_t1,6.701,1791455900.631095,157,1791455900.534621,camera_color_optical_frame,0,0.0000,0.0000,0.00000,0.006,0,IDLE,disabled,0.000,0.000,deg/s,joint_states,-0.090,0.260,0.000,0.000,,,,,,,,,pan
assignment3_kp2_t1,6.720,1791455900.649718,157,1791455900.534621,camera_color_optical_frame,0,0.0000,0.0000,0.00000,0.024,0,IDLE,disabled,0.000,0.000,deg/s,joint_states,-0.090,0.260,0.000,0.000,,,,,,,,,pan
assignment3_kp2_t1,6.741,1791455900.672720,158,1791455900.567980,camera_color_optical_frame,0,0.0000,0.0000,0.00000,0.017,0,IDLE,disabled,0.000,0.000,deg/s,joint_states,-0.090,0.260,0.000,0.000,,,,,,,,,pan
assignment3_kp2_t1,6.760,1791455900.689483,159,1791455900.601339,camera_color_optical_frame,0,0.0000,0.0000,0.00000,0.004,0,IDLE,disabled,0.000,0.000,deg/s,joint_states,-0.090,0.260,0.000,0.000,,,,,,,,,pan
assignment3_kp2_t1,6.781,1791455900.714098,159,1791455900.601339,camera_color_optical_frame,0,0.0000,0.0000,0.00000,0.025,0,IDLE,disabled,0.000,0.000,deg/s,joint_states,-0.180,0.260,0.000,0.000,,,,,,,,,pan
assignment3_kp2_t1,6.801,1791455900.730688,160,1791455900.634698,camera_color_optical_frame,0,0.0000,0.0000,0.00000,0.010,0,IDLE,disabled,0.000,0.000,deg/s,joint_states,-0.180,0.260,0.000,0.000,,,,,,,,,pan
assignment3_kp2_t1,6.821,1791455900.750296,160,1791455900.634698,camera_color_optical_frame,0,0.0000,0.0000,0.00000,0.029,0,IDLE,disabled,0.000,0.000,deg/s,joint_states,-0.090,0.260,0.000,0.000,,,,,,,,,pan
assignment3_kp2_t1,6.840,1791455900.771441,161,1791455900.668057,camera_color_optical_frame,0,0.0000,0.0000,0.00000,0.018,0,IDLE,disabled,0.000,0.000,deg/s,joint_states,-0.090,0.260,0.000,0.000,,,,,,,,,pan
assignment3_kp2_t1,6.861,1791455900.790047,162,1791455900.701416,camera_color_optical_frame,0,0.0000,0.0000,0.00000,0.002,0,IDLE,disabled,0.000,0.000,deg/s,joint_states,-0.090,0.260,0.000,0.000,,,,,,,,,pan
assignment3_kp2_t1,6.881,1791455900.814272,162,1791455900.701416,camera_color_optical_frame,0,0.0000,0.0000,0.00000,0.022,0,IDLE,disabled,0.000,0.000,deg/s,joint_states,-0.180,0.260,0.000,0.000,,,,,,,,,pan
assignment3_kp2_t1,6.900,1791455900.829031,163,1791455900.734775,camera_color_optical_frame,0,0.0000,0.0000,0.00000,0.005,0,IDLE,disabled,0.000,0.000,deg/s,joint_states,-0.090,0.260,0.000,0.000,,,,,,,,,pan
assignment3_kp2_t1,6.921,1791455900.853736,163,1791455900.734775,camera_color_optical_frame,0,0.0000,0.0000,0.00000,0.027,0,IDLE,disabled,0.000,0.000,deg/s,joint_states,-0.090,0.260,0.000,0.000,,,,,,,,,pan
assignment3_kp2_t1,6.940,1791455900.871217,164,1791455900.768135,camera_color_optical_frame,0,0.0000,0.0000,0.00000,0.006,0,IDLE,disabled,0.000,0.000,deg/s,joint_states,-0.090,0.260,0.000,0.000,,,,,,,,,pan
assignment3_kp2_t1,6.961,1791455900.891671,164,1791455900.768135,camera_color_optical_frame,0,0.0000,0.0000,0.00000,0.027,0,IDLE,disabled,0.000,0.000,deg/s,joint_states,-0.090,0.260,0.000,0.000,,,,,,,,,pan
assignment3_kp2_t1,6.980,1791455900.909636,165,1791455900.801494,camera_color_optical_frame,0,0.0000,0.0000,0.00000,0.013,0,IDLE,disabled,0.000,0.000,deg/s,joint_states,-0.090,0.260,0.000,0.000,,,,,,,,,pan
assignment3_kp2_t1,7.000,1791455900.929447,165,1791455900.801494,camera_color_optical_frame,0,0.0000,0.0000,0.00000,0.033,0,IDLE,disabled,0.000,0.000,deg/s,joint_states,-0.090,0.260,0.000,0.000,,,,,,,,,pan
assignment3_kp2_t1,7.020,1791455900.952124,166,1791455900.834853,camera_color_optical_frame,0,0.0000,0.0000,0.00000,0.019,0,IDLE,disabled,0.000,0.000,deg/s,joint_states,-0.090,0.260,0.000,0.000,,,,,,,,,pan
assignment3_kp2_t1,7.040,1791455900.968886,167,1791455900.868212,camera_color_optical_frame,0,0.0000,0.0000,0.00000,0.004,0,IDLE,disabled,0.000,0.000,deg/s,joint_states,-0.180,0.260,0.000,0.000,,,,,,,,,pan
assignment3_kp2_t1,7.061,1791455900.993350,167,1791455900.868212,camera_color_optical_frame,0,0.0000,0.0000,0.00000,0.025,0,IDLE,disabled,0.000,0.000,deg/s,joint_states,-0.090,0.260,0.000,0.000,,,,,,,,,pan
assignment3_kp2_t1,7.080,1791455901.009106,168,1791455900.901571,camera_color_optical_frame,0,0.0000,0.0000,0.00000,0.008,0,IDLE,disabled,0.000,0.000,deg/s,joint_states,-0.090,0.260,0.000,0.000,,,,,,,,,pan
assignment3_kp2_t1,7.102,1791455901.031868,168,1791455900.901571,camera_color_optical_frame,0,0.0000,0.0000,0.00000,0.030,0,IDLE,disabled,0.000,0.000,deg/s,joint_states,-0.180,0.260,0.000,0.000,,,,,,,,,pan
assignment3_kp2_t1,7.120,1791455901.049739,169,1791455900.934930,camera_color_optical_frame,0,0.0000,0.0000,0.00000,0.013,0,IDLE,disabled,0.000,0.000,deg/s,joint_states,-0.090,0.260,0.000,0.000,,,,,,,,,pan
assignment3_kp2_t1,7.140,1791455901.069424,169,1791455900.934930,camera_color_optical_frame,0,0.0000,0.0000,0.00000,0.033,0,IDLE,disabled,0.000,0.000,deg/s,joint_states,-0.090,0.260,0.000,0.000,,,,,,,,,pan
assignment3_kp2_t1,7.161,1791455901.092601,170,1791455900.968290,camera_color_optical_frame,0,0.0000,0.0000,0.00000,0.018,0,IDLE,disabled,0.000,0.000,deg/s,joint_states,-0.090,0.260,0.000,0.000,,,,,,,,,pan
assignment3_kp2_t1,7.180,1791455901.109985,171,1791455901.001649,camera_color_optical_frame,0,0.0000,0.0000,0.00000,0.005,0,IDLE,disabled,0.000,0.000,deg/s,joint_states,-0.090,0.260,0.000,0.000,,,,,,,,,pan
assignment3_kp2_t1,7.203,1791455901.133037,171,1791455901.001649,camera_color_optical_frame,0,0.0000,0.0000,0.00000,0.028,0,IDLE,disabled,0.000,0.000,deg/s,joint_states,-0.180,0.260,0.000,0.000,,,,,,,,,pan
assignment3_kp2_t1,7.220,1791455901.150164,172,1791455901.035008,camera_color_optical_frame,0,0.0000,0.0000,0.00000,0.009,0,IDLE,disabled,0.000,0.000,deg/s,joint_states,-0.090,0.260,0.000,0.000,,,,,,,,,pan
assignment3_kp2_t1,7.240,1791455901.169053,172,1791455901.035008,camera_color_optical_frame,0,0.0000,0.0000,0.00000,0.029,0,IDLE,disabled,0.000,0.000,deg/s,joint_states,-0.090,0.260,0.000,0.000,,,,,,,,,pan
assignment3_kp2_t1,7.261,1791455901.192719,173,1791455901.068367,camera_color_optical_frame,0,0.0000,0.0000,0.00000,0.018,0,IDLE,disabled,0.000,0.000,deg/s,joint_states,-0.090,0.260,0.000,0.000,,,,,,,,,pan
assignment3_kp2_t1,7.280,1791455901.208915,174,1791455901.101727,camera_color_optical_frame,0,0.0000,0.0000,0.00000,0.004,0,IDLE,disabled,0.000,0.000,deg/s,joint_states,-0.180,0.260,0.000,0.000,,,,,,,,,pan
assignment3_kp2_t1,7.302,1791455901.233862,174,1791455901.101727,camera_color_optical_frame,0,0.0000,0.0000,0.00000,0.027,0,IDLE,disabled,0.000,0.000,deg/s,joint_states,-0.090,0.260,0.000,0.000,,,,,,,,,pan
assignment3_kp2_t1,7.321,1791455901.251241,175,1791455901.135086,camera_color_optical_frame,0,0.0000,0.0000,0.00000,0.012,0,IDLE,disabled,0.000,0.000,deg/s,joint_states,-0.090,0.260,0.000,0.000,,,,,,,,,pan
assignment3_kp2_t1,7.341,1791455901.270351,175,1791455901.135086,camera_color_optical_frame,0,0.0000,0.0000,0.00000,0.032,0,IDLE,disabled,0.000,0.000,deg/s,joint_states,-0.090,0.260,0.000,0.000,,,,,,,,,pan
assignment3_kp2_t1,7.360,1791455901.290301,176,1791455901.168443,camera_color_optical_frame,0,0.0000,0.0000,0.00000,0.015,0,IDLE,disabled,0.000,0.000,deg/s,joint_states,-0.180,0.260,0.000,0.000,,,,,,,,,pan
assignment3_kp2_t1,7.380,1791455901.309600,177,1791455901.201800,camera_color_optical_frame,0,0.0000,0.0000,0.00000,0.003,0,IDLE,disabled,0.000,0.000,deg/s,joint_states,-0.090,0.260,0.000,0.000,,,,,,,,,pan
assignment3_kp2_t1,7.401,1791455901.332220,177,1791455901.201800,camera_color_optical_frame,0,0.0000,0.0000,0.00000,0.024,0,IDLE,disabled,0.000,0.000,deg/s,joint_states,-0.090,0.260,0.000,0.000,,,,,,,,,pan
assignment3_kp2_t1,7.420,1791455901.348974,177,1791455901.201800,camera_color_optical_frame,0,0.0000,0.0000,0.00000,0.042,0,IDLE,disabled,0.000,0.000,deg/s,joint_states,-0.090,0.260,0.000,0.000,,,,,,,,,pan
assignment3_kp2_t1,7.445,1791455901.375916,178,1791455901.235157,camera_color_optical_frame,1,0.9430,0.5889,0.00218,0.006,1,IDLE,disabled,0.000,0.000,deg/s,joint_states,-0.180,0.260,0.000,0.000,0.418,-0.206,-0.096,0.925,0.567,-26.259,11.645,,pan
assignment3_kp2_t1,7.460,1791455901.391041,179,1791455901.268514,camera_color_optical_frame,1,0.8536,0.5925,0.00195,0.003,1,IDLE,disabled,0.000,0.000,deg/s,joint_states,-0.090,0.260,0.000,0.000,0.418,-0.206,-0.096,0.929,0.568,-26.259,11.645,,pan
assignment3_kp2_t1,7.482,1791455901.412757,179,1791455901.268514,camera_color_optical_frame,1,0.8536,0.5925,0.00195,0.025,1,IDLE,disabled,0.000,0.000,deg/s,joint_states,-0.090,0.260,0.000,0.000,0.441,-0.197,-0.102,0.842,0.572,-24.104,11.924,,pan
assignment3_kp2_t1,7.500,1791455901.430259,180,1791455901.301871,camera_color_optical_frame,1,0.7869,0.6085,0.00185,0.010,1,IDLE,disabled,0.000,0.000,deg/s,joint_states,-0.090,0.260,0.000,0.000,0.525,-0.175,-0.129,0.625,0.606,-18.390,13.082,,pan
assignment3_kp2_t1,7.520,1791455901.449538,180,1791455901.301871,camera_color_optical_frame,1,0.7869,0.6085,0.00185,0.030,1,IDLE,disabled,0.000,0.000,deg/s,joint_states,-0.090,0.260,0.000,0.000,0.535,-0.172,-0.131,0.605,0.609,-17.825,13.176,,pan
assignment3_kp2_t1,7.541,1791455901.473561,181,1791455901.335228,camera_color_optical_frame,1,0.7353,0.6391,0.00173,0.018,0,IDLE,disabled,0.000,0.000,deg/s,joint_states,-0.090,0.260,0.000,0.000,0.661,-0.249,-0.175,0.707,0.657,-20.605,13.934,,pan
assignment3_kp2_t1,7.562,1791455901.493214,182,1791455901.368585,camera_color_optical_frame,1,0.7008,0.6674,0.00137,0.004,1,IDLE,disabled,0.000,0.000,deg/s,joint_states,-0.090,0.260,0.000,0.000,0.564,-0.180,-0.161,0.600,0.708,-17.687,15.210,,pan
assignment3_kp2_t1,7.581,1791455901.513107,182,1791455901.368585,camera_color_optical_frame,1,0.7008,0.6674,0.00137,0.024,1,IDLE,disabled,0.000,0.000,deg/s,joint_states,-0.090,0.260,0.000,0.000,0.572,-0.179,-0.165,0.587,0.717,-17.345,15.411,,pan
assignment3_kp2_t1,7.600,1791455901.529626,183,1791455901.401942,camera_color_optical_frame,1,0.6669,0.6910,0.00141,0.010,1,IDLE,disabled,0.000,0.000,deg/s,joint_states,-0.090,0.260,0.000,0.000,0.479,-0.147,-0.135,0.577,0.699,-17.067,15.069,,pan
assignment3_kp2_t1,7.620,1791455901.549851,183,1791455901.401942,camera_color_optical_frame,1,0.6669,0.6910,0.00141,0.030,1,IDLE,disabled,0.000,0.000,deg/s,joint_states,-0.090,0.260,0.000,0.000,0.471,-0.141,-0.134,0.564,0.704,-16.695,15.199,,pan
assignment3_kp2_t1,7.641,1791455901.574245,184,1791455901.435298,camera_color_optical_frame,1,0.6451,0.7165,0.00153,0.016,1,IDLE,disabled,0.000,0.000,deg/s,joint_states,-0.090,0.260,0.000,0.000,0.608,-0.181,-0.186,0.559,0.758,-16.567,16.307,,pan
assignment3_kp2_t1,7.660,1791455901.590225,185,1791455901.468656,camera_color_optical_frame,1,0.6263,0.7333,0.00145,0.002,1,IDLE,disabled,0.000,0.000,deg/s,joint_states,-0.090,0.260,0.000,0.000,0.618,-0.184,-0.191,0.560,0.767,-16.597,16.488,,pan
assignment3_kp2_t1,7.682,1791455901.614385,185,1791455901.468656,camera_color_optical_frame,1,0.6263,0.7333,0.00145,0.025,1,IDLE,disabled,0.000,0.000,deg/s,joint_states,-0.090,0.260,0.000,0.000,0.627,-0.184,-0.196,0.551,0.776,-16.353,16.691,,pan
assignment3_kp2_t1,7.700,1791455901.630612,186,1791455901.502012,camera_color_optical_frame,1,0.6163,0.7571,0.00152,0.009,1,IDLE,disabled,0.000,0.000,deg/s,joint_states,-0.090,0.260,0.000,0.000,0.627,-0.185,-0.203,0.555,0.804,-16.448,17.233,,pan
assignment3_kp2_t1,7.720,1791455901.649920,186,1791455901.502012,camera_color_optical_frame,1,0.6163,0.7571,0.00152,0.029,1,IDLE,disabled,0.000,0.000,deg/s,joint_states,-0.090,0.260,0.000,0.000,0.635,-0.185,-0.208,0.548,0.814,-16.257,17.441,,pan
assignment3_kp2_t1,7.742,1791455901.674085,187,1791455901.535369,camera_color_optical_frame,1,0.6088,0.8027,0.00137,0.018,1,IDLE,disabled,0.000,0.000,deg/s,joint_states,-0.180,0.260,0.000,0.000,0.645,-0.195,-0.230,0.565,0.889,-16.815,18.886,,pan
assignment3_kp2_t1,7.763,1791455901.693125,188,1791455901.568726,camera_color_optical_frame,1,0.6061,0.8360,0.00141,0.003,1,IDLE,disabled,0.000,0.000,deg/s,joint_states,-0.090,0.260,0.000,0.000,0.653,-0.196,-0.237,0.564,0.905,-16.707,19.195,,pan
assignment3_kp2_t1,7.781,1791455901.711561,188,1791455901.568726,camera_color_optical_frame,1,0.6061,0.8360,0.00141,0.021,1,IDLE,disabled,0.000,0.000,deg/s,joint_states,-0.090,0.260,0.000,0.000,0.655,-0.201,-0.246,0.577,0.936,-17.060,19.772,,pan
assignment3_kp2_t1,7.800,1791455901.730364,189,1791455901.602083,camera_color_optical_frame,1,0.5977,0.8539,0.00123,0.006,1,IDLE,disabled,0.000,0.000,deg/s,joint_states,-0.090,0.260,0.000,0.000,0.660,-0.199,-0.244,0.565,0.920,-16.740,19.496,,pan
assignment3_kp2_t1,7.820,1791455901.749285,189,1791455901.602083,camera_color_optical_frame,1,0.5977,0.8539,0.00123,0.026,1,IDLE,disabled,0.000,0.000,deg/s,joint_states,-0.180,0.260,0.000,0.000,0.667,-0.200,-0.250,0.559,0.933,-16.664,19.748,,pan
assignment3_kp2_t1,7.841,1791455901.771976,190,1791455901.635440,camera_color_optical_frame,1,0.5871,0.8620,0.00115,0.018,1,IDLE,disabled,0.000,0.000,deg/s,joint_states,-0.090,0.260,0.000,0.000,0.693,-0.200,-0.247,0.541,0.886,-16.080,18.881,,pan
assignment3_kp2_t1,7.861,1791455901.791100,190,1791455901.635440,camera_color_optical_frame,1,0.5871,0.8620,0.00115,0.038,1,IDLE,disabled,0.000,0.000,deg/s,joint_states,-0.180,0.260,0.000,0.000,0.702,-0.201,-0.252,0.534,0.891,-15.959,19.010,,pan
assignment3_kp2_t1,7.884,1791455901.814329,192,1791455901.702153,camera_color_optical_frame,1,0.5522,0.8859,0.00104,0.007,0,IDLE,disabled,0.000,0.000,deg/s,joint_states,-0.090,0.260,0.000,0.000,0.579,-0.159,-0.220,0.515,0.948,-15.337,20.153,,pan
assignment3_kp2_t1,7.900,1791455901.830160,192,1791455901.702153,camera_color_optical_frame,1,0.5522,0.8859,0.00104,0.024,0,IDLE,disabled,0.000,0.000,deg/s,joint_states,-0.090,0.260,0.000,0.000,0.576,-0.156,-0.221,0.509,0.957,-15.174,20.354,,pan
assignment3_kp2_t1,7.920,1791455901.852113,193,1791455901.735510,camera_color_optical_frame,1,0.5344,0.8888,0.00121,0.014,1,IDLE,disabled,0.000,0.000,deg/s,joint_states,-0.090,0.260,0.000,0.000,0.711,-0.177,-0.256,0.467,0.896,-13.970,19.263,,pan
assignment3_kp2_t1,7.941,1791455901.870579,194,1791455901.768867,camera_color_optical_frame,1,0.5119,0.8911,0.00109,0.003,1,IDLE,disabled,0.000,0.000,deg/s,joint_states,-0.090,0.260,0.000,0.000,0.730,-0.185,-0.254,0.476,0.864,-14.235,18.596,,pan
assignment3_kp2_t1,7.961,1791455901.892552,194,1791455901.768867,camera_color_optical_frame,1,0.5119,0.8911,0.00109,0.023,1,IDLE,disabled,0.000,0.000,deg/s,joint_states,-0.090,0.260,0.000,0.000,0.740,-0.186,-0.256,0.472,0.862,-14.107,18.579,,pan
assignment3_kp2_t1,7.980,1791455901.909724,195,1791455901.802224,camera_color_optical_frame,1,0.4870,0.8939,0.00113,0.009,1,IDLE,disabled,0.000,0.000,deg/s,joint_states,-0.180,0.260,0.000,0.000,0.733,-0.156,-0.259,0.397,0.880,-12.042,19.083,,pan
assignment3_kp2_t1,8.000,1791455901.930130,195,1791455901.802224,camera_color_optical_frame,1,0.4870,0.8939,0.00113,0.029,1,IDLE,disabled,0.000,0.000,deg/s,joint_states,-0.090,0.260,0.000,0.000,0.740,-0.153,-0.262,0.387,0.881,-11.668,19.131,,pan
assignment3_kp2_t1,8.021,1791455901.952895,196,1791455901.835581,camera_color_optical_frame,1,0.4625,0.8955,0.00118,0.016,1,IDLE,disabled,0.000,0.000,deg/s,joint_states,-0.180,0.260,0.000,0.000,0.745,-0.146,-0.264,0.365,0.881,-11.111,19.159,,pan
assignment3_kp2_t1,8.039,1791455901.969520,197,1791455901.868938,camera_color_optical_frame,1,0.4425,0.9009,0.00127,0.002,1,IDLE,disabled,0.000,0.000,deg/s,joint_states,-0.090,0.260,0.000,0.000,0.744,-0.146,-0.266,0.367,0.890,-11.089,19.336,,pan
assignment3_kp2_t1,8.061,1791455901.993213,197,1791455901.868938,camera_color_optical_frame,1,0.4425,0.9009,0.00127,0.024,1,IDLE,disabled,0.000,0.000,deg/s,joint_states,-0.180,0.260,0.000,0.000,0.751,-0.142,-0.269,0.351,0.892,-10.706,19.400,,pan
assignment3_kp2_t1,8.080,1791455902.011615,198,1791455901.902295,camera_color_optical_frame,1,0.4285,0.9018,0.00103,0.007,1,IDLE,disabled,0.000,0.000,deg/s,joint_states,-0.180,0.260,0.000,0.000,0.739,-0.145,-0.265,0.364,0.891,-11.096,19.361,,pan
assignment3_kp2_t1,8.100,1791455902.030469,198,1791455901.902295,camera_color_optical_frame,1,0.4285,0.9018,0.00103,0.028,1,IDLE,disabled,0.000,0.000,deg/s,joint_states,-0.180,0.260,0.000,0.000,0.743,-0.142,-0.267,0.355,0.893,-10.833,19.413,,pan
assignment3_kp2_t1,8.120,1791455902.051555,199,1791455901.935652,camera_color_optical_frame,1,0.4089,0.8943,0.00093,0.012,1,IDLE,disabled,0.000,0.000,deg/s,joint_states,-0.090,0.260,0.000,0.000,0.746,-0.139,-0.259,0.348,0.864,-10.515,18.842,,pan
assignment3_kp2_t1,8.142,1791455902.071406,200,1791455901.969008,camera_color_optical_frame,1,0.3890,0.8881,0.00089,0.002,1,IDLE,disabled,0.000,0.000,deg/s,joint_states,-0.180,0.260,0.000,0.000,0.750,-0.136,-0.260,0.335,0.861,-10.247,18.819,,pan
assignment3_kp2_t1,8.161,1791455902.093223,200,1791455901.969008,camera_color_optical_frame,1,0.3890,0.8881,0.00089,0.022,1,IDLE,disabled,0.000,0.000,deg/s,joint_states,-0.090,0.260,0.000,0.000,0.772,-0.129,-0.262,0.312,0.845,-9.463,18.517,,pan
assignment3_kp2_t1,8.181,1791455902.110168,201,1791455902.002365,camera_color_optical_frame,1,0.3713,0.8802,0.00091,0.008,1,IDLE,disabled,0.000,0.000,deg/s,joint_states,-0.090,0.260,0.000,0.000,0.765,-0.124,-0.258,0.304,0.838,-9.233,18.403,,pan
assignment3_kp2_t1,8.200,1791455902.130210,201,1791455902.002365,camera_color_optical_frame,1,0.3713,0.8802,0.00091,0.028,1,IDLE,disabled,0.000,0.000,deg/s,joint_states,-0.090,0.260,0.000,0.000,0.770,-0.121,-0.258,0.294,0.835,-8.938,18.341,,pan
assignment3_kp2_t1,8.220,1791455902.152403,202,1791455902.035722,camera_color_optical_frame,1,0.3626,0.8727,0.00100,0.013,1,IDLE,disabled,0.000,0.000,deg/s,joint_states,-0.090,0.260,0.000,0.000,0.759,-0.123,-0.252,0.303,0.826,-9.186,18.160,,pan
assignment3_kp2_t1,8.241,1791455902.171367,203,1791455902.069079,camera_color_optical_frame,1,0.3548,0.8731,0.00082,0.004,1,IDLE,disabled,0.000,0.000,deg/s,joint_states,-0.180,0.260,0.000,0.000,0.763,-0.128,-0.258,0.311,0.842,-9.526,18.456,,pan
assignment3_kp2_t1,8.261,1791455902.192333,203,1791455902.069079,camera_color_optical_frame,1,0.3548,0.8731,0.00082,0.024,1,IDLE,disabled,0.000,0.000,deg/s,joint_states,-0.180,0.260,0.000,0.000,0.766,-0.126,-0.259,0.306,0.839,-9.367,18.421,,pan
assignment3_kp2_t1,8.281,1791455902.210423,204,1791455902.102436,camera_color_optical_frame,1,0.3479,0.8655,0.00085,0.004,1,IDLE,disabled,0.000,0.000,deg/s,joint_states,-0.090,0.260,0.000,0.000,0.777,-0.129,-0.260,0.311,0.834,-9.436,18.295,,pan
assignment3_kp2_t1,8.300,1791455902.229344,204,1791455902.102436,camera_color_optical_frame,1,0.3479,0.8655,0.00085,0.023,1,IDLE,disabled,0.000,0.000,deg/s,joint_states,-0.090,0.260,0.000,0.000,0.780,-0.128,-0.261,0.307,0.832,-9.319,18.262,,pan
assignment3_kp2_t1,8.320,1791455902.252298,205,1791455902.135792,camera_color_optical_frame,1,0.3420,0.8638,0.00081,0.017,1,IDLE,disabled,0.000,0.000,deg/s,joint_states,-0.090,0.260,0.000,0.000,0.782,-0.129,-0.260,0.307,0.828,-9.328,18.186,,pan
assignment3_kp2_t1,8.341,1791455902.270703,206,1791455902.169151,camera_color_optical_frame,1,0.3370,0.8523,0.00101,0.004,1,IDLE,disabled,0.000,0.000,deg/s,joint_states,-0.090,0.260,0.000,0.000,0.791,-0.133,-0.259,0.315,0.813,-9.554,17.875,,pan
assignment3_kp2_t1,8.361,1791455902.293552,206,1791455902.169151,camera_color_optical_frame,1,0.3370,0.8523,0.00101,0.024,1,IDLE,disabled,0.000,0.000,deg/s,joint_states,-0.180,0.260,0.000,0.000,0.795,-0.133,-0.259,0.310,0.809,-9.489,17.804,,pan
assignment3_kp2_t1,8.381,1791455902.310423,207,1791455902.202508,camera_color_optical_frame,1,0.3395,0.8389,0.00130,0.008,1,IDLE,disabled,0.000,0.000,deg/s,joint_states,-0.180,0.260,0.000,0.000,0.802,-0.138,-0.252,0.318,0.780,-9.737,17.196,,pan
assignment3_kp2_t1,8.401,1791455902.331295,207,1791455902.202508,camera_color_optical_frame,1,0.3395,0.8389,0.00130,0.029,1,IDLE,disabled,0.000,0.000,deg/s,joint_states,-0.090,0.180,0.000,0.000,0.807,-0.138,-0.251,0.321,0.777,-9.713,17.054,,pan
assignment3_kp2_t1,8.421,1791455902.351355,208,1791455902.235866,camera_color_optical_frame,1,0.3362,0.8283,0.00167,0.014,1,IDLE,disabled,0.000,0.000,deg/s,joint_states,-0.180,0.260,0.000,0.000,0.797,-0.135,-0.246,0.313,0.768,-9.586,16.949,,pan
assignment3_kp2_t1,8.439,1791455902.369167,209,1791455902.269224,camera_color_optical_frame,1,0.3325,0.8073,0.00208,0.002,1,IDLE,disabled,0.000,0.000,deg/s,joint_states,-0.090,0.260,0.000,0.000,0.800,-0.135,-0.245,0.315,0.761,-9.556,16.816,,pan
assignment3_kp2_t1,8.462,1791455902.395066,209,1791455902.269224,camera_color_optical_frame,1,0.3325,0.8073,0.00208,0.024,1,IDLE,disabled,0.000,0.000,deg/s,joint_states,-0.090,0.260,0.000,0.000,0.811,-0.136,-0.239,0.313,0.732,-9.501,16.215,,pan
assignment3_kp2_t1,8.481,1791455902.411311,210,1791455902.302582,camera_color_optical_frame,1,0.3328,0.7903,0.00255,0.005,1,IDLE,disabled,0.000,0.000,deg/s,joint_states,-0.090,0.260,0.000,0.000,0.802,-0.136,-0.228,0.318,0.706,-9.634,15.674,,pan
assignment3_kp2_t1,8.500,1791455902.430293,210,1791455902.302582,camera_color_optical_frame,1,0.3328,0.7903,0.00255,0.025,1,IDLE,disabled,0.000,0.000,deg/s,joint_states,-0.090,0.260,0.000,0.000,0.804,-0.136,-0.225,0.317,0.695,-9.618,15.441,,pan
assignment3_kp2_t1,8.520,1791455902.451942,211,1791455902.335940,camera_color_optical_frame,1,0.3359,0.7806,0.00297,0.013,1,IDLE,disabled,0.000,0.000,deg/s,joint_states,-0.090,0.260,0.000,0.000,0.781,-0.138,-0.225,0.331,0.714,-10.020,15.823,,pan
assignment3_kp2_t1,8.540,1791455902.469398,212,1791455902.369298,camera_color_optical_frame,1,0.3358,0.7799,0.00294,0.002,1,IDLE,disabled,0.000,0.000,deg/s,joint_states,-0.090,0.260,0.000,0.000,0.781,-0.138,-0.222,0.332,0.706,-10.052,15.657,,pan
assignment3_kp2_t1,8.562,1791455902.493595,212,1791455902.369298,camera_color_optical_frame,1,0.3358,0.7799,0.00294,0.024,1,IDLE,disabled,0.000,0.000,deg/s,joint_states,-0.180,0.260,0.000,0.000,0.800,-0.139,-0.239,0.321,0.743,-9.831,16.429,,pan
assignment3_kp2_t1,8.580,1791455902.510488,213,1791455902.402656,camera_color_optical_frame,1,0.3357,0.7799,0.00295,0.006,1,IDLE,disabled,0.000,0.000,deg/s,joint_states,-0.180,0.260,0.000,0.000,0.800,-0.136,-0.244,0.315,0.758,-9.629,16.740,,pan
assignment3_kp2_t1,8.600,1791455902.530112,213,1791455902.402656,camera_color_optical_frame,1,0.3357,0.7799,0.00295,0.026,1,IDLE,disabled,0.000,0.000,deg/s,joint_states,-0.090,0.260,0.000,0.000,0.801,-0.136,-0.244,0.317,0.758,-9.605,16.736,,pan
assignment3_kp2_t1,8.620,1791455902.551937,214,1791455902.436013,camera_color_optical_frame,1,0.3359,0.7805,0.00297,0.010,1,IDLE,disabled,0.000,0.000,deg/s,joint_states,-0.090,0.260,0.000,0.000,0.793,-0.135,-0.242,0.319,0.759,-9.675,16.770,,pan
assignment3_kp2_t1,8.642,1791455902.572244,215,1791455902.469372,camera_color_optical_frame,1,0.3358,0.7801,0.00295,0.004,1,IDLE,disabled,0.000,0.000,deg/s,joint_states,-0.090,0.260,0.000,0.000,0.784,-0.137,-0.240,0.328,0.760,-9.943,16.770,,pan
assignment3_kp2_t1,8.662,1791455902.592652,215,1791455902.469372,camera_color_optical_frame,1,0.3358,0.7801,0.00295,0.024,1,IDLE,disabled,0.000,0.000,deg/s,joint_states,-0.090,0.260,0.000,0.000,0.783,-0.138,-0.240,0.329,0.760,-9.966,16.771,,pan
assignment3_kp2_t1,8.680,1791455902.610120,216,1791455902.502729,camera_color_optical_frame,1,0.3358,0.7792,0.00293,0.009,1,IDLE,disabled,0.000,0.000,deg/s,joint_states,-0.180,0.260,0.000,0.000,0.795,-0.138,-0.242,0.323,0.757,-9.884,16.706,,pan
assignment3_kp2_t1,8.700,1791455902.629582,216,1791455902.502729,camera_color_optical_frame,1,0.3358,0.7792,0.00293,0.029,1,IDLE,disabled,0.000,0.000,deg/s,joint_states,-0.090,0.180,0.000,0.000,0.795,-0.139,-0.242,0.327,0.760,-9.897,16.698,,pan
assignment3_kp2_t1,8.721,1791455902.652395,217,1791455902.536087,camera_color_optical_frame,1,0.3356,0.7792,0.00292,0.016,1,IDLE,disabled,0.000,0.000,deg/s,joint_states,-0.180,0.260,0.000,0.000,0.792,-0.134,-0.241,0.314,0.756,-9.621,16.715,,pan
assignment3_kp2_t1,8.740,1791455902.670209,218,1791455902.569445,camera_color_optical_frame,1,0.3359,0.7797,0.00294,0.003,1,IDLE,disabled,0.000,0.000,deg/s,joint_states,-0.090,0.260,0.000,0.000,0.794,-0.136,-0.243,0.320,0.760,-9.691,16.772,,pan
assignment3_kp2_t1,8.762,1791455902.694017,218,1791455902.569445,camera_color_optical_frame,1,0.3359,0.7797,0.00294,0.025,1,IDLE,disabled,0.000,0.000,deg/s,joint_states,-0.180,0.260,0.000,0.000,0.795,-0.135,-0.243,0.316,0.759,-9.675,16.775,,pan
assignment3_kp2_t1,8.782,1791455902.711909,219,1791455902.602803,camera_color_optical_frame,1,0.3356,0.7788,0.00289,0.006,1,IDLE,disabled,0.000,0.000,deg/s,joint_states,-0.180,0.180,0.000,0.000,0.803,-0.140,-0.243,0.323,0.757,-9.877,16.632,,pan
assignment3_kp2_t1,8.800,1791455902.730227,219,1791455902.602803,camera_color_optical_frame,1,0.3356,0.7788,0.00289,0.024,1,IDLE,disabled,0.000,0.000,deg/s,joint_states,-0.090,0.260,0.000,0.000,0.804,-0.140,-0.244,0.326,0.753,-9.890,16.620,,pan
assignment3_kp2_t1,8.820,1791455902.751865,220,1791455902.636161,camera_color_optical_frame,1,0.3356,0.7795,0.00293,0.011,1,IDLE,disabled,0.000,0.000,deg/s,joint_states,-0.090,0.260,0.000,0.000,0.790,-0.139,-0.241,0.329,0.759,-9.952,16.747,,pan
assignment3_kp2_t1,8.841,1791455902.770771,221,1791455902.669519,camera_color_optical_frame,1,0.3358,0.7794,0.00293,0.002,1,IDLE,disabled,0.000,0.000,deg/s,joint_states,-0.180,0.260,0.000,0.000,0.789,-0.139,-0.241,0.326,0.759,-9.974,16.746,,pan
assignment3_kp2_t1,8.861,1791455902.792930,221,1791455902.669519,camera_color_optical_frame,1,0.3358,0.7794,0.00293,0.022,1,IDLE,disabled,0.000,0.000,deg/s,joint_states,-0.090,0.260,0.000,0.000,0.783,-0.136,-0.241,0.326,0.763,-9.881,16.837,,pan
assignment3_kp2_t1,8.881,1791455902.810967,222,1791455902.702877,camera_color_optical_frame,1,0.3359,0.7807,0.00296,0.006,1,IDLE,disabled,0.000,0.000,deg/s,joint_states,-0.090,0.260,0.000,0.000,0.777,-0.134,-0.236,0.322,0.756,-9.772,16.705,,pan
assignment3_kp2_t1,8.900,1791455902.829126,222,1791455902.702877,camera_color_optical_frame,1,0.3359,0.7807,0.00296,0.025,1,IDLE,disabled,0.000,0.000,deg/s,joint_states,-0.180,0.260,0.000,0.000,0.775,-0.133,-0.236,0.319,0.756,-9.766,16.699,,pan
assignment3_kp2_t1,8.922,1791455902.851192,224,1791455902.769593,camera_color_optical_frame,1,0.3359,0.7806,0.00297,0.006,0,IDLE,disabled,0.000,0.000,deg/s,joint_states,-0.090,0.260,0.000,0.000,0.561,-0.102,-0.177,0.340,0.787,-10.284,17.302,,pan
assignment3_kp2_t1,8.940,1791455902.871315,224,1791455902.769593,camera_color_optical_frame,1,0.3359,0.7806,0.00297,0.024,0,IDLE,disabled,0.000,0.000,deg/s,joint_states,-0.090,0.260,0.000,0.000,0.552,-0.100,-0.175,0.341,0.788,-10.309,17.332,,pan
assignment3_kp2_t1,8.960,1791455902.889610,225,1791455902.802951,camera_color_optical_frame,1,0.3359,0.7795,0.00293,0.002,1,IDLE,disabled,0.000,0.000,deg/s,joint_states,-0.090,0.260,0.000,0.000,0.790,-0.137,-0.241,0.325,0.758,-9.848,16.739,,pan
assignment3_kp2_t1,8.980,1791455902.910465,225,1791455902.802951,camera_color_optical_frame,1,0.3359,0.7795,0.00293,0.022,1,IDLE,disabled,0.000,0.000,deg/s,joint_states,-0.090,0.260,0.000,0.000,0.789,-0.137,-0.241,0.325,0.758,-9.859,16.736,,pan
assignment3_kp2_t1,9.000,1791455902.929775,226,1791455902.836308,camera_color_optical_frame,1,0.3360,0.7798,0.00294,0.009,1,IDLE,disabled,0.000,0.000,deg/s,joint_states,-0.090,0.260,0.000,0.000,0.834,-0.142,-0.254,0.320,0.755,-9.696,16.687,,pan
assignment3_kp2_t1,9.020,1791455902.949017,227,1791455902.869667,camera_color_optical_frame,1,0.3358,0.7793,0.00293,0.013,0,IDLE,disabled,0.000,0.000,deg/s,joint_states,-0.090,0.260,0.000,0.000,0.562,-0.102,-0.177,0.339,0.785,-10.265,17.264,,pan
assignment3_kp2_t1,9.040,1791455902.971984,227,1791455902.869667,camera_color_optical_frame,1,0.3358,0.7793,0.00293,0.034,0,IDLE,disabled,0.000,0.000,deg/s,joint_states,-0.090,0.260,0.000,0.000,0.552,-0.100,-0.175,0.340,0.787,-10.293,17.296,,pan
assignment3_kp2_t1,9.060,1791455902.989435,228,1791455902.903024,camera_color_optical_frame,1,0.3360,0.7808,0.00298,0.004,1,IDLE,disabled,0.000,0.000,deg/s,joint_states,-0.090,0.260,0.000,0.000,0.794,-0.137,-0.243,0.322,0.761,-9.764,16.806,,pan
assignment3_kp2_t1,9.082,1791455903.015494,228,1791455902.903024,camera_color_optical_frame,1,0.3360,0.7808,0.00298,0.026,1,IDLE,disabled,0.000,0.000,deg/s,joint_states,-0.090,0.260,0.000,0.000,0.795,-0.137,-0.244,0.322,0.762,-9.763,16.813,,pan
assignment3_kp2_t1,9.100,1791455903.031275,229,1791455902.936382,camera_color_optical_frame,1,0.3357,0.7798,0.00296,0.005,1,IDLE,disabled,0.000,0.000,deg/s,joint_states,-0.090,0.260,0.000,0.000,0.837,-0.143,-0.255,0.320,0.756,-9.692,16.694,,pan
assignment3_kp2_t1,9.122,1791455903.052114,229,1791455902.936382,camera_color_optical_frame,1,0.3357,0.7798,0.00296,0.027,1,IDLE,disabled,0.000,0.000,deg/s,joint_states,-0.180,0.260,0.000,0.000,0.847,-0.144,-0.257,0.316,0.755,-9.677,16.680,,pan
assignment3_kp2_t1,9.140,1791455903.069602,230,1791455902.969740,camera_color_optical_frame,1,0.3359,0.7807,0.00297,0.012,1,IDLE,disabled,0.000,0.000,deg/s,joint_states,-0.090,0.260,0.000,0.000,0.789,-0.136,-0.241,0.322,0.760,-9.759,16.771,,pan
assignment3_kp2_t1,9.160,1791455903.089180,230,1791455902.969740,camera_color_optical_frame,1,0.3359,0.7807,0.00297,0.032,1,IDLE,disabled,0.000,0.000,deg/s,joint_states,-0.180,0.260,0.000,0.000,0.789,-0.136,-0.241,0.319,0.759,-9.758,16.770,,pan
assignment3_kp2_t1,9.180,1791455903.109695,231,1791455903.003098,camera_color_optical_frame,1,0.3360,0.7801,0.00295,0.017,1,IDLE,disabled,0.000,0.000,deg/s,joint_states,-0.180,0.260,0.000,0.000,0.777,-0.134,-0.238,0.320,0.759,-9.777,16.772,,pan
assignment3_kp2_t1,9.200,1791455903.129662,232,1791455903.036456,camera_color_optical_frame,1,0.3360,0.7806,0.00297,0.006,1,IDLE,disabled,0.000,0.000,deg/s,joint_states,-0.090,0.260,0.000,0.000,0.805,-0.141,-0.246,0.328,0.760,-9.946,16.775,,pan
assignment3_kp2_t1,9.220,1791455903.148964,233,1791455903.069814,camera_color_optical_frame,1,0.3359,0.7804,0.00296,0.014,0,IDLE,disabled,0.000,0.000,deg/s,joint_states,-0.090,0.260,0.000,0.000,0.562,-0.103,-0.178,0.343,0.787,-10.371,17.293,,pan
assignment3_kp2_t1,9.240,1791455903.171633,233,1791455903.069814,camera_color_optical_frame,1,0.3359,0.7804,0.00296,0.034,0,IDLE,disabled,0.000,0.000,deg/s,joint_states,-0.180,0.260,0.000,0.000,0.552,-0.101,-0.175,0.341,0.788,-10.408,17.325,,pan
assignment3_kp2_t1,9.259,1791455903.188716,234,1791455903.103172,camera_color_optical_frame,1,0.3360,0.7807,0.00297,0.002,1,IDLE,disabled,0.000,0.000,deg/s,joint_states,-0.180,0.260,0.000,0.000,0.788,-0.136,-0.241,0.320,0.760,-9.778,16.779,,pan
assignment3_kp2_t1,9.281,1791455903.215089,234,1791455903.103172,camera_color_optical_frame,1,0.3360,0.7807,0.00297,0.024,1,IDLE,disabled,0.000,0.000,deg/s,joint_states,-0.090,0.260,0.000,0.000,0.786,-0.135,-0.241,0.322,0.760,-9.769,16.779,,pan
assignment3_kp2_t1,9.300,1791455903.231230,235,1791455903.136530,camera_color_optical_frame,1,0.3359,0.7808,0.00297,0.005,1,IDLE,disabled,0.000,0.000,deg/s,joint_states,-0.090,0.260,0.000,0.000,0.836,-0.143,-0.255,0.320,0.757,-9.701,16.712,,pan
assignment3_kp2_t1,9.321,1791455903.250960,235,1791455903.136530,camera_color_optical_frame,1,0.3359,0.7808,0.00297,0.026,1,IDLE,disabled,0.000,0.000,deg/s,joint_states,-0.180,0.260,0.000,0.000,0.845,-0.144,-0.257,0.316,0.756,-9.686,16.699,,pan
assignment3_kp2_t1,9.340,1791455903.269405,236,1791455903.169888,camera_color_optical_frame,1,0.3359,0.7806,0.00297,0.004,1,IDLE,disabled,0.000,0.000,deg/s,joint_states,-0.090,0.260,0.000,0.000,0.790,-0.138,-0.242,0.327,0.760,-9.909,16.772,,pan
assignment3_kp2_t1,9.360,1791455903.289097,236,1791455903.169888,camera_color_optical_frame,1,0.3359,0.7806,0.00297,0.024,1,IDLE,disabled,0.000,0.000,deg/s,joint_states,-0.090,0.260,0.000,0.000,0.790,-0.138,-0.242,0.328,0.760,-9.921,16.771,,pan
assignment3_kp2_t1,9.382,1791455903.314302,237,1791455903.203246,camera_color_optical_frame,1,0.3360,0.7795,0.00294,0.020,1,IDLE,disabled,0.000,0.000,deg/s,joint_states,-0.090,0.260,0.000,0.000,0.789,-0.136,-0.240,0.322,0.757,-9.746,16.710,,pan
assignment3_kp2_t1,9.400,1791455903.330053,237,1791455903.203246,camera_color_optical_frame,1,0.3360,0.7795,0.00294,0.038,1,IDLE,disabled,0.000,0.000,deg/s,joint_states,-0.090,0.260,0.000,0.000,0.789,-0.135,-0.240,0.321,0.756,-9.743,16.703,,pan
assignment3_kp2_t1,9.422,1791455903.351541,238,1791455903.236605,camera_color_optical_frame,1,0.3359,0.7805,0.00297,0.017,1,IDLE,disabled,0.000,0.000,deg/s,joint_states,-0.090,0.260,0.000,0.000,0.800,-0.138,-0.245,0.324,0.760,-9.813,16.771,,pan
assignment3_kp2_t1,9.440,1791455903.369010,239,1791455903.269964,camera_color_optical_frame,1,0.3359,0.7805,0.00297,0.013,1,IDLE,disabled,0.000,0.000,deg/s,joint_states,-0.180,0.260,0.000,0.000,0.793,-0.136,-0.243,0.319,0.761,-9.762,16.803,,pan
assignment3_kp2_t1,9.460,1791455903.389221,239,1791455903.269964,camera_color_optical_frame,1,0.3359,0.7805,0.00297,0.033,1,IDLE,disabled,0.000,0.000,deg/s,joint_states,-0.090,0.260,0.000,0.000,0.793,-0.137,-0.243,0.322,0.761,-9.762,16.809,,pan
assignment3_kp2_t1,9.483,1791455903.415290,240,1791455903.303323,camera_color_optical_frame,1,0.3360,0.7804,0.00296,0.020,1,IDLE,disabled,0.000,0.000,deg/s,joint_states,-0.180,0.260,0.000,0.000,0.782,-0.133,-0.239,0.315,0.759,-9.644,16.765,,pan
assignment3_kp2_t1,9.503,1791455903.432667,241,1791455903.336681,camera_color_optical_frame,1,0.3359,0.7800,0.00296,0.006,1,IDLE,disabled,0.000,0.000,deg/s,joint_states,-0.090,0.260,0.000,0.000,0.783,-0.134,-0.239,0.321,0.759,-9.722,16.753,,pan
assignment3_kp2_t1,9.521,1791455903.451159,241,1791455903.336681,camera_color_optical_frame,1,0.3359,0.7800,0.00296,0.024,1,IDLE,disabled,0.000,0.000,deg/s,joint_states,-0.180,0.260,0.000,0.000,0.782,-0.134,-0.239,0.317,0.758,-9.710,16.751,,pan
assignment3_kp2_t1,9.540,1791455903.469334,242,1791455903.370040,camera_color_optical_frame,1,0.3359,0.7803,0.00298,0.011,1,IDLE,disabled,0.000,0.000,deg/s,joint_states,-0.090,0.260,0.000,0.000,0.795,-0.137,-0.243,0.324,0.760,-9.812,16.767,,pan
assignment3_kp2_t1,9.560,1791455903.489643,242,1791455903.370040,camera_color_optical_frame,1,0.3359,0.7803,0.00298,0.031,1,IDLE,disabled,0.000,0.000,deg/s,joint_states,-0.090,0.260,0.000,0.000,0.795,-0.138,-0.243,0.324,0.760,-9.818,16.767,,pan
assignment3_kp2_t1,9.582,1791455903.513895,243,1791455903.403398,camera_color_optical_frame,1,0.3359,0.7806,0.00297,0.016,1,IDLE,disabled,0.000,0.000,deg/s,joint_states,-0.090,0.260,0.000,0.000,0.799,-0.139,-0.245,0.325,0.761,-9.852,16.794,,pan
assignment3_kp2_t1,9.600,1791455903.530558,244,1791455903.436757,camera_color_optical_frame,1,0.3359,0.7800,0.00296,0.002,1,IDLE,disabled,0.000,0.000,deg/s,joint_states,-0.180,0.260,0.000,0.000,0.800,-0.139,-0.245,0.322,0.761,-9.860,16.797,,pan
assignment3_kp2_t1,9.621,1791455903.551950,244,1791455903.436757,camera_color_optical_frame,1,0.3359,0.7800,0.00296,0.023,1,IDLE,disabled,0.000,0.000,deg/s,joint_states,-0.090,0.260,0.000,0.000,0.791,-0.139,-0.242,0.328,0.759,-9.930,16.748,,pan
assignment3_kp2_t1,9.639,1791455903.568840,245,1791455903.470116,camera_color_optical_frame,1,0.3360,0.7806,0.00297,0.005,1,IDLE,disabled,0.000,0.000,deg/s,joint_states,-0.090,0.260,0.000,0.000,0.793,-0.136,-0.242,0.320,0.760,-9.709,16.772,,pan
assignment3_kp2_t1,9.660,1791455903.589010,245,1791455903.470116,camera_color_optical_frame,1,0.3360,0.7806,0.00297,0.025,1,IDLE,disabled,0.000,0.000,deg/s,joint_states,-0.090,0.260,0.000,0.000,0.793,-0.135,-0.242,0.320,0.759,-9.697,16.771,,pan
assignment3_kp2_t1,9.682,1791455903.613988,246,1791455903.503474,camera_color_optical_frame,1,0.3360,0.7802,0.00298,0.020,1,IDLE,disabled,0.000,0.000,deg/s,joint_states,-0.090,0.260,0.000,0.000,0.799,-0.138,-0.245,0.322,0.760,-9.764,16.776,,pan
assignment3_kp2_t1,9.701,1791455903.631628,247,1791455903.536833,camera_color_optical_frame,1,0.3358,0.7807,0.00297,0.006,1,IDLE,disabled,0.000,0.000,deg/s,joint_states,-0.090,0.260,0.000,0.000,0.788,-0.135,-0.241,0.322,0.760,-9.753,16.782,,pan
assignment3_kp2_t1,9.721,1791455903.651661,247,1791455903.536833,camera_color_optical_frame,1,0.3358,0.7807,0.00297,0.025,1,IDLE,disabled,0.000,0.000,deg/s,joint_states,-0.090,0.260,0.000,0.000,0.787,-0.135,-0.241,0.322,0.760,-9.751,16.783,,pan
assignment3_kp2_t1,9.740,1791455903.669555,248,1791455903.570191,camera_color_optical_frame,1,0.3359,0.7809,0.00298,0.014,1,IDLE,disabled,0.000,0.000,deg/s,joint_states,-0.090,0.260,0.000,0.000,0.783,-0.134,-0.240,0.320,0.761,-9.695,16.800,,pan
assignment3_kp2_t1,9.760,1791455903.689574,248,1791455903.570191,camera_color_optical_frame,1,0.3359,0.7809,0.00298,0.034,1,IDLE,disabled,0.000,0.000,deg/s,joint_states,-0.180,0.260,0.000,0.000,0.781,-0.133,-0.239,0.316,0.761,-9.681,16.804,,pan
assignment3_kp2_t1,9.780,1791455903.710903,249,1791455903.603550,camera_color_optical_frame,1,0.3359,0.7804,0.00296,0.016,1,IDLE,disabled,0.000,0.000,deg/s,joint_states,-0.090,0.260,0.000,0.000,0.791,-0.136,-0.242,0.322,0.759,-9.765,16.762,,pan
assignment3_kp2_t1,9.800,1791455903.729221,250,1791455903.636909,camera_color_optical_frame,1,0.3359,0.7808,0.00298,0.001,1,IDLE,disabled,0.000,0.000,deg/s,joint_states,-0.090,0.260,0.000,0.000,0.791,-0.136,-0.242,0.322,0.759,-9.766,16.760,,pan
assignment3_kp2_t1,9.821,1791455903.754182,250,1791455903.636909,camera_color_optical_frame,1,0.3359,0.7808,0.00298,0.023,1,IDLE,disabled,0.000,0.000,deg/s,joint_states,-0.090,0.260,0.000,0.000,0.806,-0.139,-0.246,0.322,0.760,-9.763,16.774,,pan
assignment3_kp2_t1,9.839,1791455903.768858,251,1791455903.670268,camera_color_optical_frame,1,0.3361,0.7799,0.00297,0.003,1,IDLE,disabled,0.000,0.000,deg/s,joint_states,-0.090,0.260,0.000,0.000,0.791,-0.139,-0.242,0.329,0.759,-9.958,16.744,,pan
assignment3_kp2_t1,9.861,1791455903.793180,251,1791455903.670268,camera_color_optical_frame,1,0.3361,0.7799,0.00297,0.025,1,IDLE,disabled,0.000,0.000,deg/s,joint_states,-0.090,0.260,0.000,0.000,0.792,-0.139,-0.242,0.330,0.759,-9.984,16.741,,pan
assignment3_kp2_t1,9.880,1791455903.810603,252,1791455903.703626,camera_color_optical_frame,1,0.3360,0.7803,0.00297,0.008,1,IDLE,disabled,0.000,0.000,deg/s,joint_states,-0.180,0.260,0.000,0.000,0.803,-0.138,-0.245,0.319,0.759,-9.768,16.753,,pan
assignment3_kp2_t1,9.901,1791455903.831301,252,1791455903.703626,camera_color_optical_frame,1,0.3360,0.7803,0.00297,0.029,1,IDLE,disabled,0.000,0.000,deg/s,joint_states,-0.090,0.260,0.000,0.000,0.804,-0.138,-0.246,0.322,0.759,-9.768,16.750,,pan
assignment3_kp2_t1,9.921,1791455903.850109,253,1791455903.736985,camera_color_optical_frame,1,0.3360,0.7809,0.00298,0.012,1,IDLE,disabled,0.000,0.000,deg/s,joint_states,-0.090,0.260,0.000,0.000,0.793,-0.135,-0.243,0.318,0.761,-9.639,16.813,,pan
assignment3_kp2_t1,9.940,1791455903.869677,253,1791455903.736985,camera_color_optical_frame,1,0.3360,0.7809,0.00298,0.031,1,IDLE,disabled,0.000,0.000,deg/s,joint_states,-0.090,0.260,0.000,0.000,0.793,-0.134,-0.243,0.317,0.762,-9.616,16.819,,pan
assignment3_kp2_t1,9.961,1791455903.891258,254,1791455903.770344,camera_color_optical_frame,1,0.3361,0.7807,0.00297,0.017,1,IDLE,disabled,0.000,0.000,deg/s,joint_states,-0.090,0.260,0.000,0.000,0.776,-0.134,-0.238,0.322,0.761,-9.773,16.790,,pan
assignment3_kp2_t1,9.980,1791455903.909289,255,1791455903.803702,camera_color_optical_frame,1,0.3359,0.7809,0.00298,0.002,1,IDLE,disabled,0.000,0.000,deg/s,joint_states,-0.090,0.260,0.000,0.000,0.774,-0.133,-0.237,0.323,0.761,-9.774,16.793,,pan
assignment3_kp2_t1,10.001,1791455903.933904,255,1791455903.803702,camera_color_optical_frame,1,0.3359,0.7809,0.00298,0.023,1,IDLE,disabled,0.000,0.000,deg/s,joint_states,-0.180,0.260,0.000,0.000,0.783,-0.137,-0.240,0.324,0.760,-9.896,16.780,,pan
assignment3_kp2_t1,10.020,1791455903.949778,256,1791455903.837061,camera_color_optical_frame,1,0.3359,0.7803,0.00298,0.005,1,IDLE,disabled,0.000,0.000,deg/s,joint_states,-0.180,0.260,0.000,0.000,0.791,-0.136,-0.242,0.319,0.759,-9.752,16.757,,pan
assignment3_kp2_t1,10.041,1791455903.971518,256,1791455903.837061,camera_color_optical_frame,1,0.3359,0.7803,0.00298,0.026,1,IDLE,disabled,0.000,0.000,deg/s,joint_states,-0.090,0.260,0.000,0.000,0.791,-0.136,-0.242,0.322,0.759,-9.751,16.755,,pan
assignment3_kp2_t1,10.060,1791455903.989639,257,1791455903.870420,camera_color_optical_frame,1,0.3359,0.7810,0.00298,0.009,1,IDLE,disabled,0.000,0.000,deg/s,joint_states,-0.090,0.260,0.000,0.000,0.791,-0.136,-0.242,0.322,0.761,-9.758,16.790,,pan
assignment3_kp2_t1,10.080,1791455904.009681,257,1791455903.870420,camera_color_optical_frame,1,0.3359,0.7810,0.00298,0.029,1,IDLE,disabled,0.000,0.000,deg/s,joint_states,-0.090,0.260,0.000,0.000,0.791,-0.136,-0.242,0.322,0.761,-9.757,16.792,,pan
assignment3_kp2_t1,10.101,1791455904.033005,258,1791455903.903778,camera_color_optical_frame,1,0.3359,0.7795,0.00295,0.018,1,IDLE,disabled,0.000,0.000,deg/s,joint_states,-0.090,0.260,0.000,0.000,0.793,-0.138,-0.242,0.327,0.757,-9.891,16.718,,pan
assignment3_kp2_t1,10.120,1791455904.049255,259,1791455903.937137,camera_color_optical_frame,1,0.3359,0.7812,0.00298,0.004,1,IDLE,disabled,0.000,0.000,deg/s,joint_states,-0.090,0.260,0.000,0.000,0.782,-0.137,-0.240,0.329,0.761,-9.955,16.794,,pan
assignment3_kp2_t1,10.144,1791455904.074344,259,1791455903.937137,camera_color_optical_frame,1,0.3359,0.7812,0.00298,0.028,1,IDLE,disabled,0.000,0.000,deg/s,joint_states,-0.090,0.260,0.000,0.000,0.781,-0.137,-0.239,0.330,0.761,-9.982,16.796,,pan
assignment3_kp2_t1,10.161,1791455904.090369,260,1791455903.970496,camera_color_optical_frame,1,0.3359,0.7809,0.00298,0.010,1,IDLE,disabled,0.000,0.000,deg/s,joint_states,-0.090,0.260,0.000,0.000,0.800,-0.137,-0.246,0.320,0.762,-9.688,16.831,,pan
assignment3_kp2_t1,10.180,1791455904.110276,260,1791455903.970496,camera_color_optical_frame,1,0.3359,0.7809,0.00298,0.030,1,IDLE,disabled,0.000,0.000,deg/s,joint_states,-0.090,0.260,0.000,0.000,0.801,-0.137,-0.246,0.319,0.763,-9.676,16.839,,pan
assignment3_kp2_t1,10.200,1791455904.133284,261,1791455904.003855,camera_color_optical_frame,1,0.3360,0.7809,0.00297,0.014,1,IDLE,disabled,0.000,0.000,deg/s,joint_states,-0.090,0.260,0.000,0.000,0.794,-0.135,-0.243,0.318,0.759,-9.634,16.770,,pan
assignment3_kp2_t1,10.220,1791455904.149556,262,1791455904.037213,camera_color_optical_frame,1,0.3361,0.7807,0.00298,0.003,1,IDLE,disabled,0.000,0.000,deg/s,joint_states,-0.090,0.260,0.000,0.000,0.792,-0.136,-0.242,0.323,0.760,-9.774,16.768,,pan
assignment3_kp2_t1,10.241,1791455904.173651,262,1791455904.037213,camera_color_optical_frame,1,0.3361,0.7807,0.00298,0.025,1,IDLE,disabled,0.000,0.000,deg/s,joint_states,-0.090,0.260,0.000,0.000,0.792,-0.136,-0.242,0.323,0.759,-9.775,16.767,,pan
assignment3_kp2_t1,10.262,1791455904.193535,263,1791455904.070572,camera_color_optical_frame,1,0.3359,0.7803,0.00296,0.008,1,IDLE,disabled,0.000,0.000,deg/s,joint_states,-0.090,0.260,0.000,0.000,0.806,-0.139,-0.246,0.322,0.758,-9.762,16.745,,pan
assignment3_kp2_t1,10.281,1791455904.211418,263,1791455904.070572,camera_color_optical_frame,1,0.3359,0.7803,0.00296,0.027,1,IDLE,disabled,0.000,0.000,deg/s,joint_states,-0.090,0.260,0.000,0.000,0.808,-0.139,-0.247,0.322,0.758,-9.761,16.741,,pan
assignment3_kp2_t1,10.300,1791455904.231391,264,1791455904.103930,camera_color_optical_frame,1,0.3359,0.7811,0.00299,0.014,1,IDLE,disabled,0.000,0.000,deg/s,joint_states,-0.180,0.260,0.000,0.000,0.788,-0.135,-0.241,0.319,0.761,-9.756,16.804,,pan
assignment3_kp2_t1,10.321,1791455904.250767,264,1791455904.103930,camera_color_optical_frame,1,0.3359,0.7811,0.00299,0.034,1,IDLE,disabled,0.000,0.000,deg/s,joint_states,-0.090,0.260,0.000,0.000,0.787,-0.135,-0.241,0.322,0.761,-9.755,16.807,,pan
assignment3_kp2_t1,10.342,1791455904.274927,265,1791455904.137289,camera_color_optical_frame,1,0.3359,0.7808,0.00297,0.011,1,IDLE,disabled,0.000,0.000,deg/s,joint_states,-0.090,0.260,0.000,0.000,0.796,-0.137,-0.244,0.322,0.761,-9.764,16.798,,pan
assignment3_kp2_t1,10.361,1791455904.292728,266,1791455904.170648,camera_color_optical_frame,1,0.3361,0.7806,0.00297,0.004,1,IDLE,disabled,0.000,0.000,deg/s,joint_states,-0.090,0.260,0.000,0.000,0.786,-0.135,-0.240,0.323,0.759,-9.774,16.752,,pan
assignment3_kp2_t1,10.382,1791455904.312443,266,1791455904.170648,camera_color_optical_frame,1,0.3361,0.7806,0.00297,0.025,1,IDLE,disabled,0.000,0.000,deg/s,joint_states,-0.090,0.260,0.000,0.000,0.786,-0.135,-0.240,0.323,0.759,-9.775,16.748,,pan
assignment3_kp2_t1,10.400,1791455904.329472,267,1791455904.204007,camera_color_optical_frame,1,0.3359,0.7808,0.00297,0.012,1,IDLE,disabled,0.000,0.000,deg/s,joint_states,-0.180,0.260,0.000,0.000,0.784,-0.137,-0.240,0.324,0.760,-9.901,16.778,,pan
assignment3_kp2_t1,10.420,1791455904.349611,267,1791455904.204007,camera_color_optical_frame,1,0.3359,0.7808,0.00297,0.032,1,IDLE,disabled,0.000,0.000,deg/s,joint_states,-0.090,0.260,0.000,0.000,0.783,-0.137,-0.240,0.327,0.760,-9.916,16.778,,pan
assignment3_kp2_t1,10.441,1791455904.374079,268,1791455904.237366,camera_color_optical_frame,1,0.3360,0.7810,0.00298,0.018,1,IDLE,disabled,0.000,0.000,deg/s,joint_states,-0.090,0.260,0.000,0.000,0.808,-0.139,-0.247,0.322,0.761,-9.760,16.803,,pan
assignment3_kp2_t1,10.460,1791455904.391859,269,1791455904.270725,camera_color_optical_frame,1,0.3360,0.7809,0.00298,0.006,1,IDLE,disabled,0.000,0.000,deg/s,joint_states,-0.090,0.260,0.000,0.000,0.795,-0.136,-0.243,0.320,0.760,-9.688,16.785,,pan
assignment3_kp2_t1,10.483,1791455904.412590,269,1791455904.270725,camera_color_optical_frame,1,0.3360,0.7809,0.00298,0.029,1,IDLE,disabled,0.000,0.000,deg/s,joint_states,-0.090,0.260,0.000,0.000,0.795,-0.136,-0.243,0.319,0.760,-9.672,16.786,,pan
assignment3_kp2_t1,10.500,1791455904.429607,270,1791455904.304085,camera_color_optical_frame,1,0.3360,0.7806,0.00298,0.012,1,IDLE,disabled,0.000,0.000,deg/s,joint_states,-0.090,0.260,0.000,0.000,0.787,-0.137,-0.241,0.327,0.759,-9.899,16.758,,pan
assignment3_kp2_t1,10.520,1791455904.449352,270,1791455904.304085,camera_color_optical_frame,1,0.3360,0.7806,0.00298,0.032,1,IDLE,disabled,0.000,0.000,deg/s,joint_states,-0.090,0.260,0.000,0.000,0.786,-0.137,-0.240,0.327,0.759,-9.913,16.756,,pan
assignment3_kp2_t1,10.541,1791455904.473588,271,1791455904.337444,camera_color_optical_frame,1,0.3359,0.7812,0.00299,0.018,1,IDLE,disabled,0.000,0.000,deg/s,joint_states,-0.180,0.260,0.000,0.000,0.790,-0.136,-0.242,0.319,0.761,-9.759,16.803,,pan
assignment3_kp2_t1,10.560,1791455904.488995,272,1791455904.370803,camera_color_optical_frame,1,0.3359,0.7804,0.00296,0.005,1,IDLE,disabled,0.000,0.000,deg/s,joint_states,-0.180,0.260,0.000,0.000,0.812,-0.138,-0.248,0.316,0.759,-9.677,16.766,,pan
assignment3_kp2_t1,10.582,1791455904.513683,272,1791455904.370803,camera_color_optical_frame,1,0.3359,0.7804,0.00296,0.027,1,IDLE,disabled,0.000,0.000,deg/s,joint_states,-0.090,0.180,0.000,0.000,0.815,-0.139,-0.249,0.319,0.763,-9.661,16.765,,pan
assignment3_kp2_t1,10.600,1791455904.530014,273,1791455904.404162,camera_color_optical_frame,1,0.3359,0.7809,0.00298,0.007,1,IDLE,disabled,0.000,0.000,deg/s,joint_states,-0.090,0.260,0.000,0.000,0.792,-0.136,-0.242,0.322,0.759,-9.763,16.766,,pan
assignment3_kp2_t1,10.620,1791455904.549639,273,1791455904.404162,camera_color_optical_frame,1,0.3359,0.7809,0.00298,0.027,1,IDLE,disabled,0.000,0.000,deg/s,joint_states,-0.090,0.260,0.000,0.000,0.792,-0.136,-0.242,0.322,0.759,-9.763,16.763,,pan
assignment3_kp2_t1,10.640,1791455904.572082,274,1791455904.437521,camera_color_optical_frame,1,0.3360,0.7810,0.00298,0.017,1,IDLE,disabled,0.000,0.000,deg/s,joint_states,-0.180,0.260,0.000,0.000,0.773,-0.134,-0.237,0.321,0.761,-9.824,16.808,,pan
assignment3_kp2_t1,10.661,1791455904.590548,275,1791455904.470880,camera_color_optical_frame,1,0.3360,0.7810,0.00298,0.002,1,IDLE,disabled,0.000,0.000,deg/s,joint_states,-0.090,0.260,0.000,0.000,0.794,-0.140,-0.243,0.331,0.761,-10.017,16.789,,pan
assignment3_kp2_t1,10.681,1791455904.615327,275,1791455904.470880,camera_color_optical_frame,1,0.3360,0.7810,0.00298,0.022,1,IDLE,disabled,0.000,0.000,deg/s,joint_states,-0.180,0.260,0.000,0.000,0.794,-0.141,-0.243,0.329,0.761,-10.043,16.790,,pan
assignment3_kp2_t1,10.700,1791455904.629451,276,1791455904.504240,camera_color_optical_frame,1,0.3360,0.7810,0.00298,0.004,1,IDLE,disabled,0.000,0.000,deg/s,joint_states,-0.090,0.180,0.000,0.000,0.805,-0.138,-0.245,0.321,0.759,-9.728,16.678,,pan
assignment3_kp2_t1,10.721,1791455904.655139,276,1791455904.504240,camera_color_optical_frame,1,0.3360,0.7810,0.00298,0.026,1,IDLE,disabled,0.000,0.000,deg/s,joint_states,-0.090,0.260,0.000,0.000,0.807,-0.138,-0.245,0.321,0.754,-9.722,16.666,,pan
assignment3_kp2_t1,10.740,1791455904.671609,277,1791455904.537599,camera_color_optical_frame,1,0.3360,0.7803,0.00296,0.009,1,IDLE,disabled,0.000,0.000,deg/s,joint_states,-0.090,0.260,0.000,0.000,0.793,-0.135,-0.242,0.318,0.758,-9.640,16.738,,pan
assignment3_kp2_t1,10.761,1791455904.691203,277,1791455904.537599,camera_color_optical_frame,1,0.3360,0.7803,0.00296,0.029,1,IDLE,disabled,0.000,0.000,deg/s,joint_states,-0.090,0.260,0.000,0.000,0.793,-0.134,-0.242,0.317,0.757,-9.618,16.733,,pan
assignment3_kp2_t1,10.780,1791455904.712557,278,1791455904.570958,camera_color_optical_frame,1,0.3360,0.7811,0.00299,0.010,1,IDLE,disabled,0.000,0.000,deg/s,joint_states,-0.090,0.260,0.000,0.000,0.786,-0.136,-0.242,0.324,0.764,-9.811,16.868,,pan
assignment3_kp2_t1,10.802,1791455904.731469,279,1791455904.604318,camera_color_optical_frame,1,0.3360,0.7810,0.00298,0.002,1,IDLE,disabled,0.000,0.000,deg/s,joint_states,-0.180,0.260,0.000,0.000,0.785,-0.136,-0.242,0.321,0.765,-9.816,16.881,,pan
assignment3_kp2_t1,10.822,1791455904.752236,279,1791455904.604318,camera_color_optical_frame,1,0.3360,0.7810,0.00298,0.022,1,IDLE,disabled,0.000,0.000,deg/s,joint_states,-0.090,0.260,0.000,0.000,0.790,-0.137,-0.240,0.325,0.756,-9.858,16.686,,pan
assignment3_kp2_t1,10.843,1791455904.775544,280,1791455904.637677,camera_color_optical_frame,1,0.3359,0.7810,0.00298,0.006,1,IDLE,disabled,0.000,0.000,deg/s,joint_states,-0.180,0.260,0.000,0.000,0.799,-0.137,-0.244,0.318,0.760,-9.733,16.776,,pan
assignment3_kp2_t1,10.860,1791455904.789363,280,1791455904.637677,camera_color_optical_frame,1,0.3359,0.7810,0.00298,0.023,1,IDLE,disabled,0.000,0.000,deg/s,joint_states,-0.180,0.260,0.000,0.000,0.799,-0.137,-0.244,0.318,0.760,-9.729,16.775,,pan
assignment3_kp2_t1,10.881,1791455904.811408,281,1791455904.671036,camera_color_optical_frame,1,0.3360,0.7808,0.00298,0.018,1,IDLE,disabled,0.000,0.000,deg/s,joint_states,-0.090,0.260,0.000,0.000,0.792,-0.135,-0.243,0.319,0.763,-9.680,16.854,,pan
assignment3_kp2_t1,10.900,1791455904.829582,282,1791455904.704396,camera_color_optical_frame,1,0.3360,0.7810,0.00298,0.003,1,IDLE,disabled,0.000,0.000,deg/s,joint_states,-0.090,0.260,0.000,0.000,0.783,-0.137,-0.240,0.327,0.761,-9.903,16.785,,pan
assignment3_kp2_t1,10.920,1791455904.853643,282,1791455904.704396,camera_color_optical_frame,1,0.3360,0.7810,0.00298,0.023,1,IDLE,disabled,0.000,0.000,deg/s,joint_states,-0.090,0.260,0.000,0.000,0.782,-0.137,-0.239,0.327,0.761,-9.918,16.786,,pan
assignment3_kp2_t1,10.940,1791455904.868951,283,1791455904.737755,camera_color_optical_frame,1,0.3360,0.7810,0.00298,0.004,1,IDLE,disabled,0.000,0.000,deg/s,joint_states,-0.090,0.260,0.000,0.000,0.792,-0.137,-0.242,0.324,0.761,-9.818,16.792,,pan
assignment3_kp2_t1,10.962,1791455904.895321,283,1791455904.737755,camera_color_optical_frame,1,0.3360,0.7810,0.00298,0.026,1,IDLE,disabled,0.000,0.000,deg/s,joint_states,-0.180,0.260,0.000,0.000,0.792,-0.137,-0.242,0.321,0.761,-9.823,16.794,,pan
assignment3_kp2_t1,10.980,1791455904.909434,284,1791455904.771114,camera_color_optical_frame,1,0.3360,0.7810,0.00298,0.007,1,IDLE,disabled,0.000,0.000,deg/s,joint_states,-0.180,0.260,0.000,0.000,0.784,-0.137,-0.240,0.325,0.760,-9.945,16.783,,pan
assignment3_kp2_t1,11.002,1791455904.933203,284,1791455904.771114,camera_color_optical_frame,1,0.3360,0.7810,0.00298,0.029,1,IDLE,disabled,0.000,0.000,deg/s,joint_states,-0.180,0.260,0.000,0.000,0.783,-0.138,-0.240,0.326,0.760,-9.959,16.783,,pan
assignment3_kp2_t1,11.021,1791455904.950900,285,1791455904.804474,camera_color_optical_frame,1,0.3360,0.7809,0.00298,0.013,1,IDLE,disabled,0.000,0.000,deg/s,joint_states,-0.090,0.260,0.000,0.000,0.804,-0.138,-0.246,0.321,0.760,-9.727,16.776,,pan
assignment3_kp2_t1,11.040,1791455904.972304,285,1791455904.804474,camera_color_optical_frame,1,0.3360,0.7809,0.00298,0.032,1,IDLE,disabled,0.000,0.000,deg/s,joint_states,-0.090,0.260,0.000,0.000,0.806,-0.138,-0.246,0.321,0.760,-9.723,16.776,,pan
assignment3_kp2_t1,11.060,1791455904.991210,286,1791455904.837833,camera_color_optical_frame,1,0.3359,0.7813,0.00299,0.015,1,IDLE,disabled,0.000,0.000,deg/s,joint_states,-0.090,0.260,0.000,0.000,0.809,-0.136,-0.248,0.315,0.761,-9.562,16.801,,pan
assignment3_kp2_t1,11.080,1791455905.010014,287,1791455904.871192,camera_color_optical_frame,1,0.3360,0.7809,0.00298,0.002,1,IDLE,disabled,0.000,0.000,deg/s,joint_states,-0.090,0.260,0.000,0.000,0.811,-0.136,-0.248,0.314,0.761,-9.535,16.803,,pan
assignment3_kp2_t1,11.100,1791455905.032229,287,1791455904.871192,camera_color_optical_frame,1,0.3360,0.7809,0.00298,0.021,1,IDLE,disabled,0.000,0.000,deg/s,joint_states,-0.180,0.260,0.000,0.000,0.778,-0.138,-0.238,0.328,0.761,-10.035,16.781,,pan
assignment3_kp2_t1,11.120,1791455905.049396,288,1791455904.904552,camera_color_optical_frame,1,0.3361,0.7807,0.00297,0.004,1,IDLE,disabled,0.000,0.000,deg/s,joint_states,-0.090,0.260,0.000,0.000,0.781,-0.139,-0.239,0.332,0.759,-10.064,16.747,,pan
assignment3_kp2_t1,11.141,1791455905.073249,288,1791455904.904552,camera_color_optical_frame,1,0.3361,0.7807,0.00297,0.025,1,IDLE,disabled,0.000,0.000,deg/s,joint_states,-0.090,0.260,0.000,0.000,0.780,-0.139,-0.238,0.333,0.759,-10.094,16.743,,pan
assignment3_kp2_t1,11.160,1791455905.089748,289,1791455904.937912,camera_color_optical_frame,1,0.3359,0.7807,0.00298,0.006,1,IDLE,disabled,0.000,0.000,deg/s,joint_states,-0.180,0.260,0.000,0.000,0.791,-0.133,-0.242,0.313,0.759,-9.575,16.763,,pan
assignment3_kp2_t1,11.181,1791455905.115093,289,1791455904.937912,camera_color_optical_frame,1,0.3359,0.7807,0.00298,0.027,1,IDLE,disabled,0.000,0.000,deg/s,joint_states,-0.090,0.260,0.000,0.000,0.791,-0.133,-0.242,0.315,0.759,-9.549,16.762,,pan
assignment3_kp2_t1,11.200,1791455905.130164,290,1791455904.971271,camera_color_optical_frame,1,0.3360,0.7810,0.00298,0.009,1,IDLE,disabled,0.000,0.000,deg/s,joint_states,-0.090,0.260,0.000,0.000,0.791,-0.133,-0.242,0.315,0.761,-9.546,16.801,,pan
assignment3_kp2_t1,11.220,1791455905.150054,290,1791455904.971271,camera_color_optical_frame,1,0.3360,0.7810,0.00298,0.029,1,IDLE,disabled,0.000,0.000,deg/s,joint_states,-0.090,0.260,0.000,0.000,0.791,-0.133,-0.242,0.314,0.761,-9.518,16.803,,pan
assignment3_kp2_t1,11.240,1791455905.174357,291,1791455905.004630,camera_color_optical_frame,1,0.3360,0.7810,0.00298,0.016,1,IDLE,disabled,0.000,0.000,deg/s,joint_states,-0.090,0.260,0.000,0.000,0.794,-0.139,-0.243,0.328,0.762,-9.941,16.802,,pan
assignment3_kp2_t1,11.261,1791455905.192073,292,1791455905.037990,camera_color_optical_frame,1,0.3360,0.7810,0.00298,0.003,1,IDLE,disabled,0.000,0.000,deg/s,joint_states,-0.180,0.260,0.000,0.000,0.791,-0.136,-0.242,0.319,0.760,-9.765,16.783,,pan
assignment3_kp2_t1,11.284,1791455905.215281,292,1791455905.037990,camera_color_optical_frame,1,0.3360,0.7810,0.00298,0.025,1,IDLE,disabled,0.000,0.000,deg/s,joint_states,-0.180,0.260,0.000,0.000,0.791,-0.136,-0.242,0.319,0.760,-9.765,16.783,,pan
assignment3_kp2_t1,11.300,1791455905.232161,293,1791455905.071349,camera_color_optical_frame,1,0.3360,0.7809,0.00298,0.008,1,IDLE,disabled,0.000,0.000,deg/s,joint_states,-0.090,0.260,0.000,0.000,0.803,-0.141,-0.246,0.329,0.760,-9.969,16.775,,pan
assignment3_kp2_t1,11.321,1791455905.252184,293,1791455905.071349,camera_color_optical_frame,1,0.3360,0.7809,0.00298,0.028,1,IDLE,disabled,0.000,0.000,deg/s,joint_states,-0.090,0.260,0.000,0.000,0.804,-0.142,-0.246,0.330,0.760,-9.985,16.774,,pan
assignment3_kp2_t1,11.343,1791455905.275203,294,1791455905.104709,camera_color_optical_frame,1,0.3361,0.7807,0.00297,0.014,1,IDLE,disabled,0.000,0.000,deg/s,joint_states,-0.090,0.260,0.000,0.000,0.794,-0.137,-0.243,0.323,0.759,-9.774,16.757,,pan
assignment3_kp2_t1,11.360,1791455905.290955,294,1791455905.104709,camera_color_optical_frame,1,0.3361,0.7807,0.00297,0.031,1,IDLE,disabled,0.000,0.000,deg/s,joint_states,-0.090,0.260,0.000,0.000,0.794,-0.137,-0.243,0.323,0.759,-9.775,16.755,,pan
assignment3_kp2_t1,11.381,1791455905.313512,296,1791455905.171429,camera_color_optical_frame,1,0.3360,0.7810,0.00298,0.009,0,IDLE,disabled,0.000,0.000,deg/s,joint_states,-0.090,0.260,0.000,0.000,0.533,-0.099,-0.170,0.347,0.792,-10.493,17.399,,pan
assignment3_kp2_t1,11.400,1791455905.330124,297,1791455905.238150,camera_color_optical_frame,1,0.3360,0.7811,0.00299,0.010,0,IDLE,disabled,0.000,0.000,deg/s,joint_states,-0.090,0.260,0.000,0.000,0.599,-0.106,-0.188,0.332,0.781,-10.062,17.195,,pan
assignment3_kp2_t1,11.420,1791455905.351309,297,1791455905.238150,camera_color_optical_frame,1,0.3360,0.7811,0.00299,0.030,0,IDLE,disabled,0.000,0.000,deg/s,joint_states,-0.090,0.260,0.000,0.000,0.599,-0.106,-0.188,0.331,0.781,-10.038,17.196,,pan
assignment3_kp2_t1,11.441,1791455905.370543,298,1791455905.271510,camera_color_optical_frame,1,0.3359,0.7809,0.00298,0.005,1,IDLE,disabled,0.000,0.000,deg/s,joint_states,-0.090,0.260,0.000,0.000,0.793,-0.136,-0.243,0.322,0.760,-9.764,16.780,,pan
assignment3_kp2_t1,11.461,1791455905.390228,298,1791455905.271510,camera_color_optical_frame,1,0.3359,0.7809,0.00298,0.024,1,IDLE,disabled,0.000,0.000,deg/s,joint_states,-0.090,0.260,0.000,0.000,0.793,-0.136,-0.243,0.322,0.760,-9.764,16.780,,pan
assignment3_kp2_t1,11.480,1791455905.411156,299,1791455905.304871,camera_color_optical_frame,1,0.3359,0.7804,0.00296,0.016,1,IDLE,disabled,0.000,0.000,deg/s,joint_states,-0.090,0.260,0.000,0.000,0.841,-0.144,-0.256,0.320,0.756,-9.687,16.694,,pan
assignment3_kp2_t1,11.500,1791455905.429471,300,1791455905.338231,camera_color_optical_frame,1,0.3361,0.7805,0.00298,0.008,1,IDLE,disabled,0.000,0.000,deg/s,joint_states,-0.090,0.260,0.000,0.000,0.786,-0.135,-0.240,0.323,0.759,-9.777,16.760,,pan
assignment3_kp2_t1,11.520,1791455905.449102,301,1791455905.371592,camera_color_optical_frame,1,0.3360,0.7810,0.00298,0.015,0,IDLE,disabled,0.000,0.000,deg/s,joint_states,-0.090,0.260,0.000,0.000,0.562,-0.102,-0.178,0.340,0.787,-10.278,17.301,,pan
assignment3_kp2_t1,11.540,1791455905.471461,301,1791455905.371592,camera_color_optical_frame,1,0.3360,0.7810,0.00298,0.036,0,IDLE,disabled,0.000,0.000,deg/s,joint_states,-0.090,0.260,0.000,0.000,0.553,-0.101,-0.175,0.341,0.788,-10.310,17.333,,pan
assignment3_kp2_t1,11.560,1791455905.489211,302,1791455905.404952,camera_color_optical_frame,1,0.3359,0.7810,0.00298,0.002,1,IDLE,disabled,0.000,0.000,deg/s,joint_states,-0.090,0.260,0.000,0.000,0.792,-0.136,-0.243,0.322,0.761,-9.756,16.796,,pan
assignment3_kp2_t1,11.584,1791455905.517262,302,1791455905.404952,camera_color_optical_frame,1,0.3359,0.7810,0.00298,0.027,1,IDLE,disabled,0.000,0.000,deg/s,joint_states,-0.090,0.260,0.000,0.000,0.792,-0.136,-0.243,0.322,0.761,-9.754,16.800,,pan
assignment3_kp2_t1,11.600,1791455905.531965,303,1791455905.438312,camera_color_optical_frame,1,0.3360,0.7810,0.00298,0.008,1,IDLE,disabled,0.000,0.000,deg/s,joint_states,-0.090,0.260,0.000,0.000,0.840,-0.144,-0.256,0.320,0.757,-9.702,16.720,,pan
assignment3_kp2_t1,11.623,1791455905.552948,303,1791455905.438312,camera_color_optical_frame,1,0.3360,0.7810,0.00298,0.031,1,IDLE,disabled,0.000,0.000,deg/s,joint_states,-0.090,0.260,0.000,0.000,0.851,-0.145,-0.259,0.320,0.756,-9.687,16.705,,pan
assignment3_kp2_t1,11.640,1791455905.569743,304,1791455905.471673,camera_color_optical_frame,1,0.3359,0.7808,0.00297,0.013,1,IDLE,disabled,0.000,0.000,deg/s,joint_states,-0.090,0.260,0.000,0.000,0.781,-0.134,-0.239,0.322,0.760,-9.760,16.772,,pan
assignment3_kp2_t1,11.660,1791455905.589225,304,1791455905.471673,camera_color_optical_frame,1,0.3359,0.7808,0.00297,0.033,1,IDLE,disabled,0.000,0.000,deg/s,joint_states,-0.090,0.260,0.000,0.000,0.780,-0.134,-0.238,0.322,0.760,-9.759,16.770,,pan
assignment3_kp2_t1,11.681,1791455905.613351,305,1791455905.505033,camera_color_optical_frame,1,0.3360,0.7810,0.00298,0.017,1,IDLE,disabled,0.000,0.000,deg/s,joint_states,-0.090,0.260,0.000,0.000,0.799,-0.138,-0.245,0.322,0.760,-9.765,16.783,,pan
assignment3_kp2_t1,11.700,1791455905.630035,306,1791455905.538394,camera_color_optical_frame,1,0.3360,0.7803,0.00296,0.003,1,IDLE,disabled,0.000,0.000,deg/s,joint_states,-0.090,0.260,0.000,0.000,0.794,-0.137,-0.242,0.322,0.759,-9.769,16.755,,pan
assignment3_kp2_t1,11.721,1791455905.654205,306,1791455905.538394,camera_color_optical_frame,1,0.3360,0.7803,0.00296,0.025,1,IDLE,disabled,0.000,0.000,deg/s,joint_states,-0.090,0.260,0.000,0.000,0.795,-0.137,-0.243,0.322,0.759,-9.770,16.752,,pan
assignment3_kp2_t1,11.741,1791455905.670919,307,1791455905.571754,camera_color_optical_frame,1,0.3359,0.7809,0.00297,0.007,1,IDLE,disabled,0.000,0.000,deg/s,joint_states,-0.090,0.260,0.000,0.000,0.793,-0.136,-0.243,0.322,0.760,-9.761,16.778,,pan
assignment3_kp2_t1,11.760,1791455905.689057,308,1791455905.605115,camera_color_optical_frame,1,0.3360,0.7810,0.00298,0.004,1,IDLE,disabled,0.000,0.000,deg/s,joint_states,-0.180,0.260,0.000,0.000,0.794,-0.137,-0.243,0.319,0.761,-9.765,16.802,,pan
assignment3_kp2_t1,11.780,1791455905.710049,308,1791455905.605115,camera_color_optical_frame,1,0.3360,0.7810,0.00298,0.024,1,IDLE,disabled,0.000,0.000,deg/s,joint_states,-0.180,0.260,0.000,0.000,0.795,-0.137,-0.244,0.319,0.761,-9.765,16.807,,pan
assignment3_kp2_t1,11.800,1791455905.730171,308,1791455905.605115,camera_color_optical_frame,1,0.3360,0.7810,0.00298,0.044,1,IDLE,disabled,0.000,0.000,deg/s,joint_states,-0.090,0.260,0.000,0.000,0.795,-0.137,-0.244,0.322,0.762,-9.765,16.812,,pan
assignment3_kp2_t1,11.822,1791455905.753511,309,1791455905.638475,camera_color_optical_frame,1,0.3360,0.7810,0.00298,0.014,0,IDLE,disabled,0.000,0.000,deg/s,joint_states,-0.090,0.260,0.000,0.000,0.546,-0.099,-0.173,0.341,0.789,-10.331,17.351,,pan
assignment3_kp2_t1,11.840,1791455905.770596,310,1791455905.671835,camera_color_optical_frame,1,0.3359,0.7809,0.00299,0.013,0,IDLE,disabled,0.000,0.000,deg/s,joint_states,-0.180,0.260,0.000,0.000,0.553,-0.102,-0.175,0.341,0.788,-10.412,17.324,,pan
assignment3_kp2_t1,11.862,1791455905.791776,310,1791455905.671835,camera_color_optical_frame,1,0.3359,0.7809,0.00299,0.035,0,IDLE,disabled,0.000,0.000,deg/s,joint_states,-0.090,0.260,0.000,0.000,0.542,-0.100,-0.172,0.346,0.790,-10.453,17.358,,pan
assignment3_kp2_t1,11.881,1791455905.812582,311,1791455905.705196,camera_color_optical_frame,1,0.3359,0.7812,0.00299,0.015,1,IDLE,disabled,0.000,0.000,deg/s,joint_states,-0.090,0.260,0.000,0.000,0.840,-0.144,-0.256,0.321,0.757,-9.731,16.713,,pan
assignment3_kp2_t1,11.899,1791455905.828930,312,1791455905.738557,camera_color_optical_frame,1,0.3359,0.7807,0.00298,0.002,1,IDLE,disabled,0.000,0.000,deg/s,joint_states,-0.090,0.260,0.000,0.000,0.849,-0.145,-0.258,0.321,0.756,-9.720,16.701,,pan
assignment3_kp2_t1,11.921,1791455905.853642,312,1791455905.738557,camera_color_optical_frame,1,0.3359,0.7807,0.00298,0.023,1,IDLE,disabled,0.000,0.000,deg/s,joint_states,-0.090,0.260,0.000,0.000,0.848,-0.145,-0.258,0.320,0.756,-9.697,16.697,,pan
assignment3_kp2_t1,11.940,1791455905.871234,313,1791455905.771917,camera_color_optical_frame,1,0.3359,0.7812,0.00299,0.006,1,IDLE,disabled,0.000,0.000,deg/s,joint_states,-0.090,0.260,0.000,0.000,0.805,-0.138,-0.247,0.321,0.760,-9.728,16.788,,pan
assignment3_kp2_t1,11.960,1791455905.890328,313,1791455905.771917,camera_color_optical_frame,1,0.3359,0.7812,0.00299,0.025,1,IDLE,disabled,0.000,0.000,deg/s,joint_states,-0.090,0.260,0.000,0.000,0.807,-0.138,-0.247,0.321,0.760,-9.719,16.788,,pan
assignment3_kp2_t1,11.981,1791455905.910534,314,1791455905.805278,camera_color_optical_frame,1,0.3360,0.7808,0.00299,0.014,1,IDLE,disabled,0.000,0.000,deg/s,joint_states,-0.180,0.260,0.000,0.000,0.787,-0.135,-0.241,0.318,0.760,-9.732,16.784,,pan
assignment3_kp2_t1,12.000,1791455905.930935,315,1791455905.838638,camera_color_optical_frame,1,0.3361,0.7807,0.00297,0.005,1,IDLE,disabled,0.000,0.000,deg/s,joint_states,-0.090,0.260,0.000,0.000,0.783,-0.135,-0.239,0.322,0.759,-9.764,16.759,,pan
assignment3_kp2_t1,12.020,1791455905.949784,316,1791455905.871999,camera_color_optical_frame,1,0.3359,0.7812,0.00299,0.012,0,IDLE,disabled,0.000,0.000,deg/s,joint_states,-0.090,0.260,0.000,0.000,0.562,-0.102,-0.178,0.340,0.787,-10.277,17.305,,pan
assignment3_kp2_t1,12.040,1791455905.969106,316,1791455905.871999,camera_color_optical_frame,1,0.3359,0.7812,0.00299,0.031,0,IDLE,disabled,0.000,0.000,deg/s,joint_states,-0.180,0.260,0.000,0.000,0.553,-0.101,-0.176,0.338,0.788,-10.306,17.335,,pan
assignment3_kp2_t1,12.060,1791455905.989383,317,1791455905.905360,camera_color_optical_frame,1,0.3360,0.7810,0.00298,0.002,0,IDLE,disabled,0.000,0.000,deg/s,joint_states,-0.090,0.260,0.000,0.000,0.544,-0.099,-0.173,0.342,0.790,-10.338,17.367,,pan
assignment3_kp2_t1,12.080,1791455906.011291,317,1791455905.905360,camera_color_optical_frame,1,0.3360,0.7810,0.00298,0.022,1,IDLE,disabled,0.000,0.000,deg/s,joint_states,-0.180,0.260,0.000,0.000,0.801,-0.139,-0.245,0.322,0.761,-9.853,16.795,,pan
assignment3_kp2_t1,12.101,1791455906.030371,318,1791455905.938720,camera_color_optical_frame,1,0.3359,0.7808,0.00297,0.003,1,IDLE,disabled,0.000,0.000,deg/s,joint_states,-0.090,0.260,0.000,0.000,0.838,-0.144,-0.255,0.321,0.757,-9.729,16.712,,pan
assignment3_kp2_t1,12.121,1791455906.054292,318,1791455905.938720,camera_color_optical_frame,1,0.3359,0.7808,0.00297,0.024,1,IDLE,disabled,0.000,0.000,deg/s,joint_states,-0.180,0.260,0.000,0.000,0.848,-0.145,-0.258,0.318,0.756,-9.716,16.698,,pan
assignment3_kp2_t1,12.141,1791455906.071190,319,1791455905.972081,camera_color_optical_frame,1,0.3361,0.7807,0.00297,0.007,1,IDLE,disabled,0.000,0.000,deg/s,joint_states,-0.180,0.260,0.000,0.000,0.787,-0.135,-0.241,0.318,0.759,-9.734,16.765,,pan
assignment3_kp2_t1,12.162,1791455906.091612,319,1791455905.972081,camera_color_optical_frame,1,0.3361,0.7807,0.00297,0.028,1,IDLE,disabled,0.000,0.000,deg/s,joint_states,-0.180,0.260,0.000,0.000,0.787,-0.135,-0.240,0.318,0.759,-9.725,16.762,,pan
assignment3_kp2_t1,12.180,1791455906.111014,320,1791455906.005441,camera_color_optical_frame,1,0.3360,0.7810,0.00298,0.014,1,IDLE,disabled,0.000,0.000,deg/s,joint_states,-0.180,0.260,0.000,0.000,0.802,-0.139,-0.246,0.321,0.761,-9.825,16.792,,pan
assignment3_kp2_t1,12.201,1791455906.130502,321,1791455906.038802,camera_color_optical_frame,1,0.3360,0.7809,0.00298,0.002,1,IDLE,disabled,0.000,0.000,deg/s,joint_states,-0.090,0.260,0.000,0.000,0.789,-0.139,-0.242,0.329,0.761,-9.969,16.786,,pan
assignment3_kp2_t1,12.223,1791455906.155004,321,1791455906.038802,camera_color_optical_frame,1,0.3360,0.7809,0.00298,0.024,1,IDLE,disabled,0.000,0.000,deg/s,joint_states,-0.090,0.260,0.000,0.000,0.788,-0.139,-0.242,0.330,0.761,-9.996,16.788,,pan
assignment3_kp2_t1,12.241,1791455906.170186,322,1791455906.072163,camera_color_optical_frame,1,0.3358,0.7801,0.00297,0.005,1,IDLE,disabled,0.000,0.000,deg/s,joint_states,-0.090,0.260,0.000,0.000,0.785,-0.137,-0.240,0.328,0.758,-9.921,16.736,,pan
assignment3_kp2_t1,12.261,1791455906.192985,322,1791455906.072163,camera_color_optical_frame,1,0.3358,0.7801,0.00297,0.026,1,IDLE,disabled,0.000,0.000,deg/s,joint_states,-0.090,0.260,0.000,0.000,0.783,-0.137,-0.239,0.328,0.758,-9.936,16.730,,pan
assignment3_kp2_t1,12.281,1791455906.210195,323,1791455906.105523,camera_color_optical_frame,1,0.3360,0.7809,0.00299,0.009,1,IDLE,disabled,0.000,0.000,deg/s,joint_states,-0.090,0.260,0.000,0.000,0.783,-0.134,-0.240,0.321,0.760,-9.717,16.782,,pan
assignment3_kp2_t1,12.300,1791455906.230378,323,1791455906.105523,camera_color_optical_frame,1,0.3360,0.7809,0.00299,0.029,1,IDLE,disabled,0.000,0.000,deg/s,joint_states,-0.090,0.260,0.000,0.000,0.782,-0.134,-0.239,0.320,0.760,-9.701,16.783,,pan
assignment3_kp2_t1,12.322,1791455906.258703,324,1791455906.138881,camera_color_optical_frame,1,0.3360,0.7811,0.00299,0.011,1,IDLE,disabled,0.000,0.000,deg/s,joint_states,-0.090,0.180,0.000,0.000,0.793,-0.134,-0.243,0.317,0.766,-9.621,16.821,,pan
assignment3_kp2_t1,12.340,1791455906.270319,325,1791455906.172240,camera_color_optical_frame,1,0.3360,0.7803,0.00296,0.003,1,IDLE,disabled,0.000,0.000,deg/s,joint_states,-0.180,0.260,0.000,0.000,0.798,-0.137,-0.244,0.317,0.758,-9.712,16.750,,pan
assignment3_kp2_t1,12.361,1791455906.292844,325,1791455906.172240,camera_color_optical_frame,1,0.3360,0.7803,0.00296,0.025,1,IDLE,disabled,0.000,0.000,deg/s,joint_states,-0.090,0.260,0.000,0.000,0.799,-0.137,-0.244,0.320,0.758,-9.701,16.746,,pan
assignment3_kp2_t1,12.381,1791455906.310725,326,1791455906.205628,camera_color_optical_frame,1,0.3360,0.7812,0.00299,0.009,1,IDLE,disabled,0.000,0.000,deg/s,joint_states,-0.090,0.260,0.000,0.000,0.798,-0.137,-0.244,0.322,0.760,-9.764,16.789,,pan
assignment3_kp2_t1,12.400,1791455906.330366,326,1791455906.205628,camera_color_optical_frame,1,0.3360,0.7812,0.00299,0.028,1,IDLE,disabled,0.000,0.000,deg/s,joint_states,-0.180,0.260,0.000,0.000,0.798,-0.137,-0.244,0.319,0.760,-9.764,16.789,,pan
assignment3_kp2_t1,12.422,1791455906.353153,327,1791455906.239017,camera_color_optical_frame,1,0.3360,0.7809,0.00298,0.016,1,IDLE,disabled,0.000,0.000,deg/s,joint_states,-0.180,0.260,0.000,0.000,0.795,-0.138,-0.241,0.321,0.753,-9.823,16.646,,pan
assignment3_kp2_t1,12.440,1791455906.369401,328,1791455906.272406,camera_color_optical_frame,1,0.3359,0.7803,0.00299,0.002,1,IDLE,disabled,0.000,0.000,deg/s,joint_states,-0.090,0.260,0.000,0.000,0.795,-0.138,-0.241,0.324,0.753,-9.829,16.633,,pan
assignment3_kp2_t1,12.461,1791455906.393419,328,1791455906.272406,camera_color_optical_frame,1,0.3359,0.7803,0.00299,0.023,1,IDLE,disabled,0.000,0.000,deg/s,joint_states,-0.090,0.260,0.000,0.000,0.781,-0.135,-0.238,0.323,0.758,-9.782,16.736,,pan
assignment3_kp2_t1,12.482,1791455906.411519,329,1791455906.305795,camera_color_optical_frame,1,0.3360,0.7803,0.00296,0.007,1,IDLE,disabled,0.000,0.000,deg/s,joint_states,-0.180,0.260,0.000,0.000,0.784,-0.136,-0.241,0.323,0.763,-9.869,16.841,,pan
assignment3_kp2_t1,12.502,1791455906.432065,329,1791455906.305795,camera_color_optical_frame,1,0.3360,0.7803,0.00296,0.027,1,IDLE,disabled,0.000,0.000,deg/s,joint_states,-0.180,0.260,0.000,0.000,0.783,-0.136,-0.241,0.323,0.764,-9.879,16.855,,pan
assignment3_kp2_t1,12.521,1791455906.450502,330,1791455906.339184,camera_color_optical_frame,1,0.3360,0.7811,0.00299,0.014,1,IDLE,disabled,0.000,0.000,deg/s,joint_states,-0.090,0.260,0.000,0.000,0.787,-0.138,-0.241,0.328,0.762,-9.927,16.814,,pan
assignment3_kp2_t1,12.540,1791455906.469916,330,1791455906.339184,camera_color_optical_frame,1,0.3360,0.7811,0.00299,0.033,1,IDLE,disabled,0.000,0.000,deg/s,joint_states,-0.090,0.260,0.000,0.000,0.786,-0.138,-0.241,0.328,0.762,-9.944,16.818,,pan
assignment3_kp2_t1,12.560,1791455906.491114,331,1791455906.372573,camera_color_optical_frame,1,0.3361,0.7807,0.00297,0.014,1,IDLE,disabled,0.000,0.000,deg/s,joint_states,-0.090,0.260,0.000,0.000,0.804,-0.137,-0.246,0.319,0.760,-9.680,16.789,,pan
assignment3_kp2_t1,12.581,1791455906.510204,332,1791455906.405963,camera_color_optical_frame,1,0.3358,0.7802,0.00296,0.002,1,IDLE,disabled,0.000,0.000,deg/s,joint_states,-0.090,0.260,0.000,0.000,0.804,-0.140,-0.245,0.326,0.758,-9.884,16.738,,pan
assignment3_kp2_t1,12.602,1791455906.535353,332,1791455906.405963,camera_color_optical_frame,1,0.3358,0.7802,0.00296,0.023,1,IDLE,disabled,0.000,0.000,deg/s,joint_states,-0.090,0.260,0.000,0.000,0.805,-0.140,-0.246,0.326,0.758,-9.890,16.732,,pan
assignment3_kp2_t1,12.621,1791455906.550548,333,1791455906.439353,camera_color_optical_frame,1,0.3359,0.7808,0.00299,0.005,1,IDLE,disabled,0.000,0.000,deg/s,joint_states,-0.090,0.260,0.000,0.000,0.789,-0.136,-0.242,0.322,0.760,-9.759,16.784,,pan
assignment3_kp2_t1,12.641,1791455906.571355,333,1791455906.439353,camera_color_optical_frame,1,0.3359,0.7808,0.00299,0.025,1,IDLE,disabled,0.000,0.000,deg/s,joint_states,-0.090,0.260,0.000,0.000,0.789,-0.136,-0.241,0.322,0.760,-9.758,16.785,,pan
assignment3_kp2_t1,12.660,1791455906.590455,334,1791455906.472743,camera_color_optical_frame,1,0.3360,0.7809,0.00298,0.009,1,IDLE,disabled,0.000,0.000,deg/s,joint_states,-0.090,0.260,0.000,0.000,0.779,-0.132,-0.239,0.317,0.761,-9.616,16.804,,pan
assignment3_kp2_t1,12.680,1791455906.609611,334,1791455906.472743,camera_color_optical_frame,1,0.3360,0.7809,0.00298,0.029,1,IDLE,disabled,0.000,0.000,deg/s,joint_states,-0.090,0.260,0.000,0.000,0.777,-0.131,-0.238,0.316,0.761,-9.590,16.808,,pan
assignment3_kp2_t1,12.702,1791455906.633775,335,1791455906.506132,camera_color_optical_frame,1,0.3358,0.7805,0.00298,0.016,1,IDLE,disabled,0.000,0.000,deg/s,joint_states,-0.090,0.260,0.000,0.000,0.790,-0.136,-0.241,0.322,0.759,-9.754,16.763,,pan
assignment3_kp2_t1,12.720,1791455906.650881,336,1791455906.539523,camera_color_optical_frame,1,0.3359,0.7805,0.00299,0.005,1,IDLE,disabled,0.000,0.000,deg/s,joint_states,-0.090,0.260,0.000,0.000,0.797,-0.137,-0.243,0.322,0.759,-9.758,16.762,,pan
assignment3_kp2_t1,12.740,1791455906.670379,336,1791455906.539523,camera_color_optical_frame,1,0.3359,0.7805,0.00299,0.025,1,IDLE,disabled,0.000,0.000,deg/s,joint_states,-0.090,0.260,0.000,0.000,0.797,-0.137,-0.244,0.322,0.759,-9.757,16.760,,pan
assignment3_kp2_t1,12.760,1791455906.690633,337,1791455906.572913,camera_color_optical_frame,1,0.3360,0.7812,0.00298,0.008,1,IDLE,disabled,0.000,0.000,deg/s,joint_states,-0.090,0.260,0.000,0.000,0.797,-0.137,-0.244,0.322,0.761,-9.764,16.793,,pan
assignment3_kp2_t1,12.780,1791455906.709363,337,1791455906.572913,camera_color_optical_frame,1,0.3360,0.7812,0.00298,0.027,1,IDLE,disabled,0.000,0.000,deg/s,joint_states,-0.090,0.260,0.000,0.000,0.798,-0.137,-0.244,0.322,0.761,-9.764,16.794,,pan
assignment3_kp2_t1,12.802,1791455906.733921,338,1791455906.606304,camera_color_optical_frame,1,0.3360,0.7810,0.00298,0.018,1,IDLE,disabled,0.000,0.000,deg/s,joint_states,-0.090,0.260,0.000,0.000,0.789,-0.136,-0.242,0.322,0.761,-9.769,16.802,,pan
assignment3_kp2_t1,12.821,1791455906.751300,339,1791455906.639694,camera_color_optical_frame,1,0.3359,0.7811,0.00298,0.008,1,IDLE,disabled,0.000,0.000,deg/s,joint_states,-0.090,0.260,0.000,0.000,0.782,-0.135,-0.239,0.322,0.760,-9.759,16.783,,pan
assignment3_kp2_t1,12.840,1791455906.769548,339,1791455906.639694,camera_color_optical_frame,1,0.3359,0.7811,0.00298,0.027,1,IDLE,disabled,0.000,0.000,deg/s,joint_states,-0.090,0.260,0.000,0.000,0.781,-0.134,-0.239,0.322,0.760,-9.758,16.782,,pan
assignment3_kp2_t1,12.860,1791455906.789957,340,1791455906.673085,camera_color_optical_frame,1,0.3360,0.7800,0.00297,0.015,1,IDLE,disabled,0.000,0.000,deg/s,joint_states,-0.090,0.260,0.000,0.000,0.796,-0.137,-0.243,0.322,0.757,-9.768,16.724,,pan
assignment3_kp2_t1,12.880,1791455906.811389,341,1791455906.706476,camera_color_optical_frame,1,0.3360,0.7808,0.00300,0.017,0,IDLE,disabled,0.000,0.000,deg/s,joint_states,-0.090,0.260,0.000,0.000,0.550,-0.100,-0.175,0.341,0.788,-10.323,17.331,,pan
assignment3_kp2_t1,12.900,1791455906.829758,342,1791455906.739867,camera_color_optical_frame,1,0.3360,0.7810,0.00298,0.004,1,IDLE,disabled,0.000,0.000,deg/s,joint_states,-0.090,0.260,0.000,0.000,0.788,-0.136,-0.242,0.322,0.762,-9.764,16.813,,pan
assignment3_kp2_t1,12.926,1791455906.856190,342,1791455906.739867,camera_color_optical_frame,1,0.3360,0.7810,0.00298,0.030,1,IDLE,disabled,0.000,0.000,deg/s,joint_states,-0.090,0.260,0.000,0.000,0.787,-0.135,-0.242,0.322,0.762,-9.763,16.821,,pan
assignment3_kp2_t1,12.941,1791455906.870747,343,1791455906.773258,camera_color_optical_frame,1,0.3360,0.7808,0.00299,0.007,1,IDLE,disabled,0.000,0.000,deg/s,joint_states,-0.090,0.260,0.000,0.000,0.837,-0.143,-0.255,0.320,0.757,-9.698,16.710,,pan
assignment3_kp2_t1,12.960,1791455906.889775,343,1791455906.773258,camera_color_optical_frame,1,0.3360,0.7808,0.00299,0.026,1,IDLE,disabled,0.000,0.000,deg/s,joint_states,-0.180,0.260,0.000,0.000,0.847,-0.144,-0.258,0.316,0.756,-9.685,16.697,,pan
assignment3_kp2_t1,12.981,1791455906.912704,344,1791455906.806650,camera_color_optical_frame,1,0.3359,0.7802,0.00298,0.012,1,IDLE,disabled,0.000,0.000,deg/s,joint_states,-0.180,0.260,0.000,0.000,0.796,-0.137,-0.243,0.319,0.758,-9.760,16.741,,pan
assignment3_kp2_t1,13.000,1791455906.930085,345,1791455906.840041,camera_color_optical_frame,1,0.3359,0.7810,0.00299,0.002,1,IDLE,disabled,0.000,0.000,deg/s,joint_states,-0.090,0.260,0.000,0.000,0.796,-0.137,-0.243,0.322,0.758,-9.759,16.737,,pan
assignment3_kp2_t1,13.025,1791455906.955192,345,1791455906.840041,camera_color_optical_frame,1,0.3359,0.7810,0.00299,0.027,1,IDLE,disabled,0.000,0.000,deg/s,joint_states,-0.090,0.260,0.000,0.000,0.802,-0.138,-0.246,0.322,0.761,-9.760,16.791,,pan
assignment3_kp2_t1,13.041,1791455906.973770,346,1791455906.873433,camera_color_optical_frame,1,0.3360,0.7807,0.00299,0.009,1,IDLE,disabled,0.000,0.000,deg/s,joint_states,-0.090,0.260,0.000,0.000,0.792,-0.139,-0.243,0.330,0.761,-9.985,16.791,,pan
assignment3_kp2_t1,13.061,1791455906.990250,346,1791455906.873433,camera_color_optical_frame,1,0.3360,0.7807,0.00299,0.029,1,IDLE,disabled,0.000,0.000,deg/s,joint_states,-0.090,0.260,0.000,0.000,0.792,-0.140,-0.243,0.331,0.761,-10.012,16.794,,pan
assignment3_kp2_t1,13.081,1791455907.013446,347,1791455906.906825,camera_color_optical_frame,1,0.3361,0.7805,0.00298,0.016,1,IDLE,disabled,0.000,0.000,deg/s,joint_states,-0.180,0.260,0.000,0.000,0.785,-0.136,-0.240,0.322,0.759,-9.854,16.753,,pan
assignment3_kp2_t1,13.100,1791455907.029646,347,1791455906.906825,camera_color_optical_frame,1,0.3361,0.7805,0.00298,0.035,1,IDLE,disabled,0.000,0.000,deg/s,joint_states,-0.180,0.260,0.000,0.000,0.784,-0.136,-0.240,0.323,0.759,-9.865,16.749,,pan
assignment3_kp2_t1,13.124,1791455907.055593,348,1791455906.940217,camera_color_optical_frame,1,0.3360,0.7805,0.00299,0.018,1,IDLE,disabled,0.000,0.000,deg/s,joint_states,-0.180,0.260,0.000,0.000,0.782,-0.133,-0.239,0.314,0.759,-9.613,16.768,,pan
assignment3_kp2_t1,13.140,1791455907.069055,349,1791455906.973609,camera_color_optical_frame,1,0.3359,0.7805,0.00301,0.009,1,IDLE,disabled,0.000,0.000,deg/s,joint_states,-0.090,0.260,0.000,0.000,0.799,-0.137,-0.244,0.321,0.760,-9.715,16.773,,pan
assignment3_kp2_t1,13.162,1791455907.096363,349,1791455906.973609,camera_color_optical_frame,1,0.3359,0.7805,0.00301,0.032,1,IDLE,disabled,0.000,0.000,deg/s,joint_states,-0.180,0.260,0.000,0.000,0.800,-0.137,-0.245,0.317,0.759,-9.703,16.773,,pan
assignment3_kp2_t1,13.185,1791455907.115988,350,1791455907.007001,camera_color_optical_frame,1,0.3360,0.7809,0.00299,0.012,1,IDLE,disabled,0.000,0.000,deg/s,joint_states,-0.090,0.260,0.000,0.000,0.793,-0.140,-0.243,0.330,0.761,-9.998,16.794,,pan
assignment3_kp2_t1,13.201,1791455907.131845,350,1791455907.007001,camera_color_optical_frame,1,0.3360,0.7809,0.00299,0.028,1,IDLE,disabled,0.000,0.000,deg/s,joint_states,-0.180,0.260,0.000,0.000,0.794,-0.140,-0.243,0.328,0.761,-10.019,16.795,,pan
assignment3_kp2_t1,13.229,1791455907.160494,351,1791455907.040394,camera_color_optical_frame,1,0.3360,0.7811,0.00299,0.011,1,IDLE,disabled,0.000,0.000,deg/s,joint_states,-0.180,0.260,0.000,0.000,0.797,-0.139,-0.244,0.323,0.761,-9.890,16.800,,pan
assignment3_kp2_t1,13.240,1791455907.170173,351,1791455907.040394,camera_color_optical_frame,1,0.3360,0.7811,0.00299,0.022,1,IDLE,disabled,0.000,0.000,deg/s,joint_states,-0.180,0.260,0.000,0.000,0.798,-0.139,-0.244,0.324,0.761,-9.896,16.801,,pan
assignment3_kp2_t1,13.261,1791455907.190637,352,1791455907.073787,camera_color_optical_frame,1,0.3359,0.7808,0.00299,0.018,1,IDLE,disabled,0.000,0.000,deg/s,joint_states,-0.090,0.260,0.000,0.000,0.786,-0.138,-0.241,0.329,0.761,-9.953,16.787,,pan
assignment3_kp2_t1,13.281,1791455907.217361,353,1791455907.107180,camera_color_optical_frame,1,0.3360,0.7808,0.00299,0.017,1,IDLE,disabled,0.000,0.000,deg/s,joint_states,-0.090,0.260,0.000,0.000,0.788,-0.136,-0.241,0.324,0.760,-9.821,16.769,,pan
assignment3_kp2_t1,13.300,1791455907.231988,354,1791455907.140573,camera_color_optical_frame,1,0.3361,0.7805,0.00298,0.004,1,IDLE,disabled,0.000,0.000,deg/s,joint_states,-0.090,0.260,0.000,0.000,0.795,-0.138,-0.243,0.326,0.759,-9.870,16.762,,pan
assignment3_kp2_t1,13.320,1791455907.250722,354,1791455907.140573,camera_color_optical_frame,1,0.3361,0.7805,0.00298,0.025,1,IDLE,disabled,0.000,0.000,deg/s,joint_states,-0.090,0.260,0.000,0.000,0.796,-0.138,-0.243,0.326,0.759,-9.872,16.759,,pan
assignment3_kp2_t1,13.340,1791455907.269122,355,1791455907.173965,camera_color_optical_frame,1,0.3360,0.7807,0.00299,0.013,1,IDLE,disabled,0.000,0.000,deg/s,joint_states,-0.180,0.260,0.000,0.000,0.801,-0.137,-0.245,0.317,0.759,-9.692,16.773,,pan
assignment3_kp2_t1,13.360,1791455907.289159,356,1791455907.207330,camera_color_optical_frame,1,0.3360,0.7804,0.00298,0.017,0,IDLE,disabled,0.000,0.000,deg/s,joint_states,-0.090,0.260,0.000,0.000,0.561,-0.101,-0.177,0.339,0.786,-10.260,17.292,,pan
assignment3_kp2_t1,13.382,1791455907.315918,356,1791455907.207330,camera_color_optical_frame,1,0.3360,0.7804,0.00298,0.039,0,IDLE,disabled,0.000,0.000,deg/s,joint_states,-0.180,0.260,0.000,0.000,0.550,-0.100,-0.174,0.337,0.788,-10.286,17.325,,pan
assignment3_kp2_t1,13.401,1791455907.331305,357,1791455907.240695,camera_color_optical_frame,1,0.3360,0.7800,0.00297,0.011,1,IDLE,disabled,0.000,0.000,deg/s,joint_states,-0.090,0.260,0.000,0.000,0.788,-0.136,-0.240,0.324,0.758,-9.830,16.743,,pan
assignment3_kp2_t1,13.422,1791455907.351197,357,1791455907.240695,camera_color_optical_frame,1,0.3360,0.7800,0.00297,0.032,1,IDLE,disabled,0.000,0.000,deg/s,joint_states,-0.180,0.260,0.000,0.000,0.787,-0.136,-0.240,0.322,0.758,-9.838,16.738,,pan
assignment3_kp2_t1,13.440,1791455907.369197,358,1791455907.274059,camera_color_optical_frame,1,0.3332,0.7794,0.00320,0.015,1,IDLE,disabled,0.000,0.000,deg/s,joint_states,-0.180,0.260,0.000,0.000,0.836,-0.141,-0.254,0.314,0.755,-9.601,16.682,,pan
assignment3_kp2_t1,13.460,1791455907.389283,358,1791455907.274059,camera_color_optical_frame,1,0.3332,0.7794,0.00320,0.035,1,IDLE,disabled,0.000,0.000,deg/s,joint_states,-0.090,0.260,0.000,0.000,0.845,-0.143,-0.257,0.316,0.754,-9.585,16.668,,pan
assignment3_kp2_t1,13.488,1791455907.419613,359,1791455907.307424,camera_color_optical_frame,1,0.3296,0.7805,0.00297,0.027,1,IDLE,disabled,0.000,0.000,deg/s,joint_states,-0.090,0.260,0.000,0.000,0.810,-0.133,-0.248,0.307,0.761,-9.308,16.814,,pan
assignment3_kp2_t1,13.500,1791455907.431922,360,1791455907.340789,camera_color_optical_frame,1,0.3235,0.7810,0.00298,0.006,1,IDLE,disabled,0.000,0.000,deg/s,joint_states,-0.090,0.260,0.000,0.000,0.797,-0.129,-0.244,0.304,0.761,-9.217,16.834,,pan
assignment3_kp2_t1,13.524,1791455907.453774,360,1791455907.340789,camera_color_optical_frame,1,0.3235,0.7810,0.00298,0.030,1,IDLE,disabled,0.000,0.000,deg/s,joint_states,-0.090,0.260,0.000,0.000,0.798,-0.128,-0.245,0.301,0.762,-9.145,16.842,,pan
assignment3_kp2_t1,13.540,1791455907.469405,361,1791455907.374154,camera_color_optical_frame,1,0.3175,0.7807,0.00295,0.012,1,IDLE,disabled,0.000,0.000,deg/s,joint_states,-0.180,0.260,0.000,0.000,0.796,-0.122,-0.244,0.282,0.760,-8.676,16.827,,pan
assignment3_kp2_t1,13.560,1791455907.489538,362,1791455907.407519,camera_color_optical_frame,1,0.3144,0.7797,0.00275,0.002,1,IDLE,disabled,0.000,0.000,deg/s,joint_states,-0.090,0.260,0.000,0.000,0.796,-0.120,-0.244,0.281,0.760,-8.559,16.833,,pan
assignment3_kp2_t1,13.581,1791455907.511472,362,1791455907.407519,camera_color_optical_frame,1,0.3144,0.7797,0.00275,0.023,1,IDLE,disabled,0.000,0.000,deg/s,joint_states,-0.090,0.260,0.000,0.000,0.808,-0.122,-0.246,0.283,0.757,-8.594,16.763,,pan
assignment3_kp2_t1,13.600,1791455907.528964,363,1791455907.440884,camera_color_optical_frame,1,0.3086,0.7775,0.00276,0.003,1,IDLE,disabled,0.000,0.000,deg/s,joint_states,-0.090,0.260,0.000,0.000,0.802,-0.123,-0.243,0.286,0.753,-8.685,16.674,,pan
assignment3_kp2_t1,13.621,1791455907.554108,363,1791455907.440884,camera_color_optical_frame,1,0.3086,0.7775,0.00276,0.025,1,IDLE,disabled,0.000,0.000,deg/s,joint_states,-0.180,0.260,0.000,0.000,0.803,-0.122,-0.243,0.280,0.751,-8.610,16.656,,pan
assignment3_kp2_t1,13.641,1791455907.571563,364,1791455907.474249,camera_color_optical_frame,1,0.3018,0.7739,0.00278,0.006,1,IDLE,disabled,0.000,0.000,deg/s,joint_states,-0.090,0.260,0.000,0.000,0.807,-0.117,-0.242,0.270,0.745,-8.226,16.533,,pan
assignment3_kp2_t1,13.661,1791455907.591656,364,1791455907.474249,camera_color_optical_frame,1,0.3018,0.7739,0.00278,0.027,1,IDLE,disabled,0.000,0.000,deg/s,joint_states,-0.180,0.260,0.000,0.000,0.808,-0.115,-0.242,0.263,0.743,-8.111,16.501,,pan
assignment3_kp2_t1,13.680,1791455907.610379,365,1791455907.507614,camera_color_optical_frame,1,0.2927,0.7714,0.00287,0.013,1,IDLE,disabled,0.000,0.000,deg/s,joint_states,-0.090,0.260,0.000,0.000,0.810,-0.110,-0.242,0.254,0.741,-7.730,16.481,,pan
assignment3_kp2_t1,13.700,1791455907.629191,365,1791455907.507614,camera_color_optical_frame,1,0.2927,0.7714,0.00287,0.033,1,IDLE,disabled,0.000,0.000,deg/s,joint_states,-0.090,0.260,0.000,0.000,0.811,-0.108,-0.242,0.249,0.740,-7.585,16.450,,pan
assignment3_kp2_t1,13.720,1791455907.652651,366,1791455907.540979,camera_color_optical_frame,1,0.2860,0.7714,0.00289,0.019,1,IDLE,disabled,0.000,0.000,deg/s,joint_states,-0.090,0.260,0.000,0.000,0.808,-0.109,-0.243,0.252,0.747,-7.691,16.594,,pan
assignment3_kp2_t1,13.740,1791455907.669657,367,1791455907.574344,camera_color_optical_frame,1,0.2797,0.7682,0.00289,0.006,1,IDLE,disabled,0.000,0.000,deg/s,joint_states,-0.180,0.260,0.000,0.000,0.813,-0.111,-0.243,0.252,0.743,-7.765,16.516,,pan
assignment3_kp2_t1,13.761,1791455907.693848,367,1791455907.574344,camera_color_optical_frame,1,0.2797,0.7682,0.00289,0.027,1,IDLE,disabled,0.000,0.000,deg/s,joint_states,-0.180,0.260,0.000,0.000,0.814,-0.110,-0.243,0.249,0.742,-7.671,16.500,,pan
assignment3_kp2_t1,13.781,1791455907.710136,368,1791455907.607709,camera_color_optical_frame,1,0.2729,0.7624,0.00283,0.008,1,IDLE,disabled,0.000,0.000,deg/s,joint_states,-0.180,0.260,0.000,0.000,0.813,-0.103,-0.238,0.233,0.728,-7.218,16.216,,pan
assignment3_kp2_t1,13.801,1791455907.730627,368,1791455907.607709,camera_color_optical_frame,1,0.2729,0.7624,0.00283,0.028,1,IDLE,disabled,0.000,0.000,deg/s,joint_states,-0.180,0.260,0.000,0.000,0.813,-0.101,-0.238,0.229,0.725,-7.082,16.163,,pan
assignment3_kp2_t1,13.820,1791455907.751153,369,1791455907.641074,camera_color_optical_frame,1,0.2641,0.7604,0.00257,0.015,1,IDLE,disabled,0.000,0.000,deg/s,joint_states,-0.180,0.260,0.000,0.000,0.829,-0.100,-0.243,0.221,0.727,-6.854,16.217,,pan
assignment3_kp2_t1,13.840,1791455907.769509,369,1791455907.641074,camera_color_optical_frame,1,0.2641,0.7604,0.00257,0.035,1,IDLE,disabled,0.000,0.000,deg/s,joint_states,-0.090,0.260,0.000,0.000,0.831,-0.098,-0.243,0.219,0.725,-6.705,16.175,,pan
assignment3_kp2_t1,13.861,1791455907.793509,370,1791455907.674439,camera_color_optical_frame,1,0.2532,0.7634,0.00265,0.018,1,IDLE,disabled,0.000,0.000,deg/s,joint_states,-0.180,0.260,0.000,0.000,0.840,-0.097,-0.252,0.212,0.744,-6.576,16.586,,pan
assignment3_kp2_t1,13.880,1791455907.809331,371,1791455907.707805,camera_color_optical_frame,1,0.2487,0.7546,0.00283,0.005,1,IDLE,disabled,0.000,0.000,deg/s,joint_states,-0.090,0.260,0.000,0.000,0.850,-0.100,-0.249,0.219,0.726,-6.688,16.187,,pan
assignment3_kp2_t1,13.902,1791455907.833696,371,1791455907.707805,camera_color_optical_frame,1,0.2487,0.7546,0.00283,0.028,1,IDLE,disabled,0.000,0.000,deg/s,joint_states,-0.180,0.260,0.000,0.000,0.855,-0.098,-0.249,0.211,0.724,-6.562,16.153,,pan
assignment3_kp2_t1,13.920,1791455907.850209,372,1791455907.741170,camera_color_optical_frame,1,0.2484,0.7486,0.00282,0.011,1,IDLE,disabled,0.000,0.000,deg/s,joint_states,-0.180,0.260,0.000,0.000,0.851,-0.104,-0.242,0.224,0.705,-6.948,15.744,,pan
assignment3_kp2_t1,13.940,1791455907.870061,372,1791455907.741170,camera_color_optical_frame,1,0.2484,0.7486,0.00282,0.031,1,IDLE,disabled,0.000,0.000,deg/s,joint_states,-0.180,0.260,0.000,0.000,0.855,-0.103,-0.241,0.223,0.701,-6.898,15.659,,pan
assignment3_kp2_t1,13.960,1791455907.891526,373,1791455907.774535,camera_color_optical_frame,1,0.2491,0.7527,0.00277,0.016,1,IDLE,disabled,0.000,0.000,deg/s,joint_states,-0.090,0.260,0.000,0.000,0.832,-0.106,-0.244,0.238,0.729,-7.281,16.236,,pan
assignment3_kp2_t1,13.981,1791455907.910239,374,1791455907.807900,camera_color_optical_frame,1,0.2487,0.7508,0.00279,0.002,1,IDLE,disabled,0.000,0.000,deg/s,joint_states,-0.090,0.260,0.000,0.000,0.834,-0.106,-0.246,0.237,0.734,-7.251,16.333,,pan
assignment3_kp2_t1,14.001,1791455907.935165,374,1791455907.807900,camera_color_optical_frame,1,0.2487,0.7508,0.00279,0.023,1,IDLE,disabled,0.000,0.000,deg/s,joint_states,-0.180,0.260,0.000,0.000,0.834,-0.106,-0.247,0.235,0.734,-7.254,16.347,,pan
assignment3_kp2_t1,14.020,1791455907.952496,375,1791455907.841266,camera_color_optical_frame,1,0.2515,0.7463,0.00251,0.006,1,IDLE,disabled,0.000,0.000,deg/s,joint_states,-0.090,0.260,0.000,0.000,0.859,-0.113,-0.248,0.245,0.716,-7.468,15.951,,pan
assignment3_kp2_t1,14.042,1791455907.972278,375,1791455907.841266,camera_color_optical_frame,1,0.2515,0.7463,0.00251,0.027,1,IDLE,disabled,0.000,0.000,deg/s,joint_states,-0.090,0.260,0.000,0.000,0.863,-0.113,-0.248,0.246,0.714,-7.492,15.908,,pan
assignment3_kp2_t1,14.060,1791455907.991549,376,1791455907.874631,camera_color_optical_frame,1,0.2489,0.7403,0.00273,0.013,1,IDLE,disabled,0.000,0.000,deg/s,joint_states,-0.180,0.180,0.000,0.000,0.865,-0.108,-0.245,0.229,0.706,-7.099,15.678,,pan
assignment3_kp2_t1,14.079,1791455908.009439,376,1791455907.874631,camera_color_optical_frame,1,0.2489,0.7403,0.00273,0.032,1,IDLE,disabled,0.000,0.000,deg/s,joint_states,-0.090,0.260,0.000,0.000,0.869,-0.108,-0.245,0.232,0.699,-7.085,15.619,,pan
assignment3_kp2_t1,14.101,1791455908.034285,377,1791455907.907997,camera_color_optical_frame,1,0.2516,0.7417,0.00250,0.020,1,IDLE,disabled,0.000,0.000,deg/s,joint_states,-0.090,0.260,0.000,0.000,0.853,-0.109,-0.245,0.239,0.713,-7.284,15.896,,pan
assignment3_kp2_t1,14.121,1791455908.053393,378,1791455907.941362,camera_color_optical_frame,1,0.2515,0.7436,0.00247,0.008,1,IDLE,disabled,0.000,0.000,deg/s,joint_states,-0.090,0.260,0.000,0.000,0.837,-0.108,-0.245,0.242,0.728,-7.387,16.216,,pan
assignment3_kp2_t1,14.140,1791455908.069066,378,1791455907.941362,camera_color_optical_frame,1,0.2515,0.7436,0.00247,0.027,1,IDLE,disabled,0.000,0.000,deg/s,joint_states,-0.180,0.260,0.000,0.000,0.836,-0.109,-0.245,0.240,0.729,-7.409,16.235,,pan
assignment3_kp2_t1,14.160,1791455908.089747,379,1791455907.974727,camera_color_optical_frame,1,0.2515,0.7400,0.00246,0.018,1,IDLE,disabled,0.000,0.000,deg/s,joint_states,-0.180,0.260,0.000,0.000,0.849,-0.110,-0.242,0.238,0.707,-7.365,15.774,,pan
assignment3_kp2_t1,14.180,1791455908.112210,380,1791455908.008093,camera_color_optical_frame,1,0.2515,0.7359,0.00245,0.017,0,IDLE,disabled,0.000,0.000,deg/s,joint_states,-0.090,0.260,0.000,0.000,0.551,-0.075,-0.164,0.256,0.740,-7.794,16.446,,pan
assignment3_kp2_t1,14.200,1791455908.129870,381,1791455908.041459,camera_color_optical_frame,1,0.2515,0.7327,0.00247,0.002,0,IDLE,disabled,0.000,0.000,deg/s,joint_states,-0.090,0.260,0.000,0.000,0.542,-0.074,-0.162,0.257,0.741,-7.820,16.463,,pan
assignment3_kp2_t1,14.221,1791455908.153593,381,1791455908.041459,camera_color_optical_frame,1,0.2515,0.7327,0.00247,0.023,1,IDLE,disabled,0.000,0.000,deg/s,joint_states,-0.180,0.260,0.000,0.000,0.862,-0.109,-0.245,0.234,0.706,-7.222,15.755,,pan
assignment3_kp2_t1,14.241,1791455908.171948,382,1791455908.074824,camera_color_optical_frame,1,0.2453,0.7388,0.00243,0.009,1,IDLE,disabled,0.000,0.000,deg/s,joint_states,-0.180,0.260,0.000,0.000,0.905,-0.113,-0.261,0.229,0.716,-7.101,15.974,,pan
assignment3_kp2_t1,14.261,1791455908.191197,382,1791455908.074824,camera_color_optical_frame,1,0.2453,0.7388,0.00243,0.028,1,IDLE,disabled,0.000,0.000,deg/s,joint_states,-0.180,0.260,0.000,0.000,0.914,-0.114,-0.264,0.229,0.716,-7.090,15.966,,pan
assignment3_kp2_t1,14.280,1791455908.212706,383,1791455908.108190,camera_color_optical_frame,1,0.2308,0.7411,0.00221,0.014,1,IDLE,disabled,0.000,0.000,deg/s,joint_states,-0.090,0.260,0.000,0.000,0.880,-0.088,-0.260,0.185,0.732,-5.687,16.358,,pan
assignment3_kp2_t1,14.301,1791455908.230350,384,1791455908.141555,camera_color_optical_frame,1,0.2153,0.7342,0.00226,0.002,1,IDLE,disabled,0.000,0.000,deg/s,joint_states,-0.090,0.260,0.000,0.000,0.884,-0.085,-0.262,0.179,0.735,-5.492,16.415,,pan
assignment3_kp2_t1,14.325,1791455908.255719,384,1791455908.141555,camera_color_optical_frame,1,0.2153,0.7342,0.00226,0.026,1,IDLE,disabled,0.000,0.000,deg/s,joint_states,-0.180,0.260,0.000,0.000,0.876,-0.073,-0.249,0.153,0.706,-4.795,15.824,,pan
assignment3_kp2_t1,14.341,1791455908.270219,385,1791455908.174921,camera_color_optical_frame,1,0.1987,0.7292,0.00213,0.010,1,IDLE,disabled,0.000,0.000,deg/s,joint_states,-0.180,0.260,0.000,0.000,0.868,-0.069,-0.242,0.144,0.692,-4.531,15.537,,pan
assignment3_kp2_t1,14.360,1791455908.291384,385,1791455908.174921,camera_color_optical_frame,1,0.1987,0.7292,0.00213,0.030,1,IDLE,disabled,0.000,0.000,deg/s,joint_states,-0.180,0.260,0.000,0.000,0.869,-0.065,-0.241,0.135,0.688,-4.272,15.469,,pan
assignment3_kp2_t1,14.381,1791455908.314756,386,1791455908.208282,camera_color_optical_frame,1,0.1846,0.7289,0.00225,0.016,1,IDLE,disabled,0.000,0.000,deg/s,joint_states,-0.180,0.260,0.000,0.000,0.864,-0.056,-0.244,0.117,0.700,-3.713,15.719,,pan
assignment3_kp2_t1,14.400,1791455908.332839,387,1791455908.241649,camera_color_optical_frame,1,0.1767,0.7325,0.00241,0.004,1,IDLE,disabled,0.000,0.000,deg/s,joint_states,-0.180,0.260,0.000,0.000,0.877,-0.063,-0.251,0.130,0.710,-4.108,15.931,,pan
assignment3_kp2_t1,14.421,1791455908.353445,387,1791455908.241649,camera_color_optical_frame,1,0.1767,0.7325,0.00241,0.025,1,IDLE,disabled,0.000,0.000,deg/s,joint_states,-0.090,0.260,0.000,0.000,0.878,-0.059,-0.251,0.125,0.710,-3.868,15.928,,pan
assignment3_kp2_t1,14.441,1791455908.371738,388,1791455908.275017,camera_color_optical_frame,1,0.1708,0.7326,0.00243,0.008,1,IDLE,disabled,0.000,0.000,deg/s,joint_states,-0.090,0.260,0.000,0.000,0.869,-0.068,-0.251,0.145,0.717,-4.477,16.068,,pan
assignment3_kp2_t1,14.461,1791455908.390522,388,1791455908.275017,camera_color_optical_frame,1,0.1708,0.7326,0.00243,0.028,1,IDLE,disabled,0.000,0.000,deg/s,joint_states,-0.180,0.260,0.000,0.000,0.870,-0.067,-0.252,0.139,0.718,-4.380,16.094,,pan
assignment3_kp2_t1,14.486,1791455908.419432,389,1791455908.308385,camera_color_optical_frame,1,0.1702,0.7350,0.00243,0.022,1,IDLE,disabled,0.000,0.000,deg/s,joint_states,-0.180,0.260,0.000,0.000,0.859,-0.069,-0.248,0.146,0.718,-4.600,16.087,,pan
assignment3_kp2_t1,14.500,1791455908.431706,389,1791455908.308385,camera_color_optical_frame,1,0.1702,0.7350,0.00243,0.036,1,IDLE,disabled,0.000,0.000,deg/s,joint_states,-0.180,0.260,0.000,0.000,0.858,-0.068,-0.248,0.145,0.719,-4.559,16.098,,pan
assignment3_kp2_t1,14.524,1791455908.453936,390,1791455908.341753,camera_color_optical_frame,1,0.1675,0.7339,0.00262,0.018,1,IDLE,disabled,0.000,0.000,deg/s,joint_states,-0.090,0.260,0.000,0.000,0.880,-0.068,-0.254,0.143,0.715,-4.426,16.021,,pan
assignment3_kp2_t1,14.541,1791455908.470894,391,1791455908.375122,camera_color_optical_frame,1,0.1641,0.7361,0.00243,0.013,1,IDLE,disabled,0.000,0.000,deg/s,joint_states,-0.090,0.260,0.000,0.000,0.867,-0.068,-0.250,0.145,0.717,-4.471,16.061,,pan
assignment3_kp2_t1,14.561,1791455908.493114,391,1791455908.375122,camera_color_optical_frame,1,0.1641,0.7361,0.00243,0.034,1,IDLE,disabled,0.000,0.000,deg/s,joint_states,-0.180,0.260,0.000,0.000,0.867,-0.067,-0.250,0.140,0.717,-4.416,16.069,,pan
assignment3_kp2_t1,14.580,1791455908.513356,392,1791455908.408489,camera_color_optical_frame,1,0.1642,0.7358,0.00244,0.013,1,IDLE,disabled,0.000,0.000,deg/s,joint_states,-0.090,0.260,0.000,0.000,0.871,-0.072,-0.252,0.153,0.718,-4.718,16.083,,pan
assignment3_kp2_t1,14.601,1791455908.530657,393,1791455908.441858,camera_color_optical_frame,1,0.1640,0.7354,0.00243,0.002,1,IDLE,disabled,0.000,0.000,deg/s,joint_states,-0.180,0.180,0.000,0.000,0.871,-0.072,-0.252,0.150,0.723,-4.715,16.096,,pan
assignment3_kp2_t1,14.621,1791455908.554646,393,1791455908.441858,camera_color_optical_frame,1,0.1640,0.7354,0.00243,0.022,1,IDLE,disabled,0.000,0.000,deg/s,joint_states,-0.090,0.260,0.000,0.000,0.872,-0.068,-0.251,0.145,0.713,-4.487,15.984,,pan
assignment3_kp2_t1,14.641,1791455908.572971,394,1791455908.475226,camera_color_optical_frame,1,0.1642,0.7329,0.00240,0.007,1,IDLE,disabled,0.000,0.000,deg/s,joint_states,-0.180,0.260,0.000,0.000,0.864,-0.071,-0.247,0.150,0.708,-4.713,15.870,,pan
assignment3_kp2_t1,14.660,1791455908.589893,394,1791455908.475226,camera_color_optical_frame,1,0.1642,0.7329,0.00240,0.026,1,IDLE,disabled,0.000,0.000,deg/s,joint_states,-0.180,0.260,0.000,0.000,0.864,-0.071,-0.246,0.150,0.707,-4.711,15.852,,pan
assignment3_kp2_t1,14.681,1791455908.613312,395,1791455908.508594,camera_color_optical_frame,1,0.1642,0.7324,0.00242,0.018,1,IDLE,disabled,0.000,0.000,deg/s,joint_states,-0.180,0.260,0.000,0.000,0.864,-0.073,-0.244,0.153,0.700,-4.807,15.706,,pan
assignment3_kp2_t1,14.700,1791455908.631961,396,1791455908.541963,camera_color_optical_frame,1,0.1640,0.7301,0.00241,0.007,1,IDLE,disabled,0.000,0.000,deg/s,joint_states,-0.090,0.260,0.000,0.000,0.864,-0.070,-0.246,0.149,0.706,-4.606,15.820,,pan
assignment3_kp2_t1,14.720,1791455908.650937,397,1791455908.575331,camera_color_optical_frame,1,0.1642,0.7260,0.00241,0.012,0,IDLE,disabled,0.000,0.000,deg/s,joint_states,-0.090,0.260,0.000,0.000,0.564,-0.052,-0.166,0.170,0.730,-5.235,16.311,,pan
assignment3_kp2_t1,14.740,1791455908.670312,397,1791455908.575331,camera_color_optical_frame,1,0.1642,0.7260,0.00241,0.031,0,IDLE,disabled,0.000,0.000,deg/s,joint_states,-0.090,0.260,0.000,0.000,0.554,-0.051,-0.163,0.171,0.731,-5.260,16.331,,pan
assignment3_kp2_t1,14.761,1791455908.690255,398,1791455908.608700,camera_color_optical_frame,1,0.1642,0.7243,0.00240,0.002,1,IDLE,disabled,0.000,0.000,deg/s,joint_states,-0.180,0.260,0.000,0.000,0.862,-0.070,-0.242,0.148,0.696,-4.653,15.630,,pan
assignment3_kp2_t1,14.781,1791455908.716788,398,1791455908.608700,camera_color_optical_frame,1,0.1642,0.7243,0.00240,0.022,1,IDLE,disabled,0.000,0.000,deg/s,joint_states,-0.180,0.260,0.000,0.000,0.862,-0.070,-0.241,0.148,0.695,-4.651,15.594,,pan
assignment3_kp2_t1,14.805,1791455908.735466,399,1791455908.642068,camera_color_optical_frame,1,0.1641,0.7218,0.00244,0.008,1,IDLE,disabled,0.000,0.000,deg/s,joint_states,-0.090,0.260,0.000,0.000,0.911,-0.073,-0.256,0.149,0.698,-4.584,15.668,,pan
assignment3_kp2_t1,14.822,1791455908.753462,399,1791455908.642068,camera_color_optical_frame,1,0.1641,0.7218,0.00244,0.025,1,IDLE,disabled,0.000,0.000,deg/s,joint_states,-0.090,0.260,0.000,0.000,0.919,-0.074,-0.258,0.148,0.698,-4.575,15.658,,pan
assignment3_kp2_t1,14.841,1791455908.773528,400,1791455908.675436,camera_color_optical_frame,1,0.1643,0.7224,0.00243,0.012,1,IDLE,disabled,0.000,0.000,deg/s,joint_states,-0.090,0.260,0.000,0.000,0.865,-0.073,-0.244,0.157,0.699,-4.839,15.681,,pan
assignment3_kp2_t1,14.862,1791455908.791377,400,1791455908.675436,camera_color_optical_frame,1,0.1643,0.7224,0.00243,0.033,1,IDLE,disabled,0.000,0.000,deg/s,joint_states,-0.090,0.260,0.000,0.000,0.865,-0.074,-0.243,0.158,0.699,-4.862,15.669,,pan
assignment3_kp2_t1,14.880,1791455908.811542,401,1791455908.708805,camera_color_optical_frame,1,0.1641,0.7222,0.00242,0.016,1,IDLE,disabled,0.000,0.000,deg/s,joint_states,-0.180,0.260,0.000,0.000,0.864,-0.071,-0.244,0.149,0.702,-4.693,15.743,,pan
assignment3_kp2_t1,14.900,1791455908.829451,401,1791455908.708805,camera_color_optical_frame,1,0.1641,0.7222,0.00242,0.035,1,IDLE,disabled,0.000,0.000,deg/s,joint_states,-0.090,0.260,0.000,0.000,0.864,-0.071,-0.244,0.152,0.702,-4.699,15.745,,pan
assignment3_kp2_t1,14.922,1791455908.853999,402,1791455908.742174,camera_color_optical_frame,1,0.1639,0.7221,0.00243,0.019,1,IDLE,disabled,0.000,0.000,deg/s,joint_states,-0.180,0.180,0.000,0.000,0.865,-0.068,-0.244,0.142,0.704,-4.470,15.717,,pan
assignment3_kp2_t1,14.940,1791455908.871698,403,1791455908.775542,camera_color_optical_frame,1,0.1583,0.7216,0.00245,0.006,1,IDLE,disabled,0.000,0.000,deg/s,joint_states,-0.090,0.260,0.000,0.000,0.868,-0.064,-0.245,0.136,0.700,-4.216,15.709,,pan
assignment3_kp2_t1,14.960,1791455908.892197,403,1791455908.775542,camera_color_optical_frame,1,0.1583,0.7216,0.00245,0.026,1,IDLE,disabled,0.000,0.000,deg/s,joint_states,-0.090,0.260,0.000,0.000,0.869,-0.063,-0.245,0.135,0.700,-4.161,15.706,,pan
assignment3_kp2_t1,14.981,1791455908.916336,404,1791455908.808911,camera_color_optical_frame,1,0.1549,0.7218,0.00250,0.015,1,IDLE,disabled,0.000,0.000,deg/s,joint_states,-0.090,0.260,0.000,0.000,0.868,-0.062,-0.245,0.133,0.701,-4.109,15.727,,pan
assignment3_kp2_t1,15.001,1791455908.931525,405,1791455908.842279,camera_color_optical_frame,1,0.1510,0.7240,0.00236,0.011,0,IDLE,disabled,0.000,0.000,deg/s,joint_states,-0.180,0.260,0.000,0.000,0.557,-0.046,-0.163,0.152,0.727,-4.766,16.267,,pan
assignment3_kp2_t1,15.020,1791455908.949129,405,1791455908.842279,camera_color_optical_frame,1,0.1510,0.7240,0.00236,0.029,0,IDLE,disabled,0.000,0.000,deg/s,joint_states,-0.180,0.260,0.000,0.000,0.548,-0.046,-0.161,0.152,0.728,-4.779,16.291,,pan
assignment3_kp2_t1,15.040,1791455908.969088,406,1791455908.875649,camera_color_optical_frame,1,0.1443,0.7231,0.00232,0.018,1,IDLE,disabled,0.000,0.000,deg/s,joint_states,-0.180,0.260,0.000,0.000,0.860,-0.054,-0.244,0.112,0.704,-3.563,15.808,,pan
assignment3_kp2_t1,15.060,1791455908.989078,407,1791455908.909017,camera_color_optical_frame,1,0.1331,0.7290,0.00240,0.017,0,IDLE,disabled,0.000,0.000,deg/s,joint_states,-0.180,0.260,0.000,0.000,0.599,-0.037,-0.178,0.112,0.738,-3.570,16.512,,pan
assignment3_kp2_t1,15.081,1791455909.010983,407,1791455908.909017,camera_color_optical_frame,1,0.1331,0.7290,0.00240,0.038,0,IDLE,disabled,0.000,0.000,deg/s,joint_states,-0.180,0.260,0.000,0.000,0.599,-0.036,-0.178,0.107,0.740,-3.406,16.562,,pan
assignment3_kp2_t1,15.101,1791455909.030642,408,1791455908.942386,camera_color_optical_frame,1,0.1265,0.7274,0.00241,0.004,1,IDLE,disabled,0.000,0.000,deg/s,joint_states,-0.180,0.260,0.000,0.000,0.875,-0.046,-0.251,0.094,0.712,-3.024,15.989,,pan
assignment3_kp2_t1,15.122,1791455909.054161,408,1791455908.942386,camera_color_optical_frame,1,0.1265,0.7274,0.00241,0.025,1,IDLE,disabled,0.000,0.000,deg/s,joint_states,-0.090,0.260,0.000,0.000,0.877,-0.044,-0.252,0.092,0.714,-2.880,16.020,,pan
assignment3_kp2_t1,15.140,1791455909.071390,409,1791455908.975755,camera_color_optical_frame,1,0.1158,0.7279,0.00223,0.006,1,IDLE,disabled,0.000,0.000,deg/s,joint_states,-0.180,0.260,0.000,0.000,0.911,-0.050,-0.259,0.099,0.705,-3.172,15.827,,pan
assignment3_kp2_t1,15.161,1791455909.092146,409,1791455908.975755,camera_color_optical_frame,1,0.1158,0.7279,0.00223,0.026,1,IDLE,disabled,0.000,0.000,deg/s,joint_states,-0.090,0.350,0.000,0.000,0.921,-0.051,-0.261,0.101,0.700,-3.151,15.816,,pan
assignment3_kp2_t1,15.180,1791455909.112439,410,1791455909.009124,camera_color_optical_frame,1,0.1026,0.7240,0.00225,0.007,1,IDLE,disabled,0.000,0.000,deg/s,joint_states,-0.090,0.350,0.000,0.000,0.881,-0.028,-0.248,0.057,0.694,-1.810,15.704,,pan
assignment3_kp2_t1,15.201,1791455909.131168,410,1791455909.009124,camera_color_optical_frame,1,0.1026,0.7240,0.00225,0.028,1,IDLE,disabled,0.000,0.000,deg/s,joint_states,-0.090,0.350,0.000,0.000,0.883,-0.025,-0.248,0.049,0.693,-1.590,15.684,,pan
assignment3_kp2_t1,15.221,1791455909.152654,411,1791455909.042493,camera_color_optical_frame,1,0.0883,0.7052,0.00227,0.013,1,IDLE,disabled,0.000,0.000,deg/s,joint_states,-0.090,0.350,0.000,0.000,0.887,-0.016,-0.232,0.030,0.644,-1.009,14.662,,pan
assignment3_kp2_t1,15.241,1791455909.170411,412,1791455909.075862,camera_color_optical_frame,1,0.0707,0.7083,0.00221,0.002,1,IDLE,disabled,0.000,0.000,deg/s,joint_states,-0.180,0.350,0.000,0.000,0.889,-0.012,-0.230,0.019,0.638,-0.761,14.527,,pan
assignment3_kp2_t1,15.260,1791455909.190389,412,1791455909.075862,camera_color_optical_frame,1,0.0707,0.7083,0.00221,0.022,1,IDLE,disabled,0.000,0.000,deg/s,joint_states,-0.090,0.350,0.000,0.000,0.884,-0.001,-0.240,-0.001,0.668,-0.051,15.170,,pan
assignment3_kp2_t1,15.281,1791455909.215039,413,1791455909.109231,camera_color_optical_frame,1,0.0504,0.7073,0.00198,0.016,1,IDLE,disabled,0.000,0.000,deg/s,joint_states,-0.090,0.350,0.000,0.000,0.880,0.009,-0.248,-0.022,0.696,0.566,15.755,,pan
assignment3_kp2_t1,15.300,1791455909.233381,413,1791455909.109231,camera_color_optical_frame,1,0.0504,0.7073,0.00198,0.035,1,IDLE,disabled,0.000,0.000,deg/s,joint_states,-0.090,0.350,0.000,0.000,0.881,0.014,-0.249,-0.033,0.698,0.905,15.792,,pan
assignment3_kp2_t1,15.322,1791455909.254472,414,1791455909.142600,camera_color_optical_frame,1,0.0289,0.7022,0.00202,0.013,1,IDLE,disabled,0.000,0.000,deg/s,joint_states,-0.090,0.350,0.000,0.000,0.875,0.021,-0.238,-0.049,0.671,1.394,15.232,,pan
assignment3_kp2_t1,15.341,1791455909.270709,415,1791455909.175970,camera_color_optical_frame,1,0.0058,0.7047,0.00202,0.009,1,IDLE,disabled,0.000,0.000,deg/s,joint_states,-0.090,0.350,0.000,0.000,0.869,0.031,-0.240,-0.071,0.680,2.055,15.412,,pan
assignment3_kp2_t1,15.361,1791455909.291165,415,1791455909.175970,camera_color_optical_frame,1,0.0058,0.7047,0.00202,0.029,1,IDLE,disabled,0.000,0.000,deg/s,joint_states,-0.090,0.350,0.000,0.000,0.869,0.037,-0.239,-0.084,0.679,2.463,15.391,,pan
assignment3_kp2_t1,15.381,1791455909.313346,416,1791455909.209338,camera_color_optical_frame,1,-0.0184,0.7023,0.00184,0.011,1,IDLE,disabled,0.000,0.000,deg/s,joint_states,-0.090,0.350,0.000,0.000,0.877,0.045,-0.240,-0.101,0.676,2.958,15.321,,pan
assignment3_kp2_t1,15.400,1791455909.330301,417,1791455909.242688,camera_color_optical_frame,1,-0.0488,0.7009,0.00173,0.002,1,IDLE,disabled,0.000,0.000,deg/s,joint_states,-0.090,0.350,0.000,0.000,0.877,0.051,-0.240,-0.114,0.675,3.361,15.295,,pan
assignment3_kp2_t1,15.420,1791455909.352640,417,1791455909.242688,camera_color_optical_frame,1,-0.0488,0.7009,0.00173,0.022,1,IDLE,disabled,0.000,0.000,deg/s,joint_states,-0.180,0.350,0.000,0.000,0.899,0.068,-0.246,-0.150,0.674,4.345,15.252,,pan
assignment3_kp2_t1,15.440,1791455909.369596,418,1791455909.276038,camera_color_optical_frame,1,-0.0872,0.7006,0.00158,0.012,1,IDLE,disabled,0.000,0.000,deg/s,joint_states,-0.090,0.350,0.000,0.000,0.893,0.090,-0.245,-0.194,0.677,5.777,15.287,,pan
assignment3_kp2_t1,15.460,1791455909.389152,419,1791455909.309387,camera_color_optical_frame,1,-0.1331,0.7011,0.00134,0.016,0,IDLE,disabled,0.000,0.000,deg/s,joint_states,-0.090,0.260,0.000,0.000,0.561,0.043,-0.160,-0.148,0.710,4.390,15.911,,pan
assignment3_kp2_t1,15.482,1791455909.417586,419,1791455909.309387,camera_color_optical_frame,1,-0.1331,0.7011,0.00134,0.038,0,IDLE,disabled,0.000,0.000,deg/s,joint_states,-0.090,0.260,0.000,0.000,0.550,0.044,-0.158,-0.153,0.711,4.527,15.936,,pan
assignment3_kp2_t1,15.500,1791455909.429609,420,1791455909.342737,camera_color_optical_frame,1,-0.1883,0.7050,0.00128,0.003,1,IDLE,disabled,0.000,0.000,deg/s,joint_states,-0.090,0.260,0.000,0.000,0.893,0.135,-0.249,-0.289,0.692,8.616,15.416,,pan
assignment3_kp2_t1,15.522,1791455909.454745,420,1791455909.342737,camera_color_optical_frame,1,-0.1883,0.7050,0.00128,0.025,1,IDLE,disabled,0.000,0.000,deg/s,joint_states,-0.180,0.260,0.000,0.000,0.895,0.146,-0.250,-0.315,0.693,9.285,15.409,,pan
assignment3_kp2_t1,15.542,1791455909.472751,421,1791455909.376086,camera_color_optical_frame,1,-0.2416,0.7060,0.00138,0.007,1,IDLE,disabled,0.000,0.000,deg/s,joint_states,-0.180,0.260,0.000,0.000,0.868,0.163,-0.240,-0.362,0.686,10.650,15.196,,pan
assignment3_kp2_t1,15.562,1791455909.492185,421,1791455909.376086,camera_color_optical_frame,1,-0.2416,0.7060,0.00138,0.027,1,IDLE,disabled,0.000,0.000,deg/s,joint_states,-0.180,0.260,0.000,0.000,0.866,0.173,-0.240,-0.385,0.686,11.322,15.167,,pan
assignment3_kp2_t1,15.581,1791455909.514128,422,1791455909.409436,camera_color_optical_frame,1,-0.2969,0.7116,0.00139,0.015,1,IDLE,disabled,0.000,0.000,deg/s,joint_states,-0.180,0.260,0.000,0.000,0.843,0.185,-0.235,-0.422,0.693,12.401,15.256,,pan
assignment3_kp2_t1,15.599,1791455909.529230,423,1791455909.442785,camera_color_optical_frame,1,-0.3532,0.7131,0.00144,0.002,1,IDLE,disabled,0.000,0.000,deg/s,joint_states,-0.180,0.260,0.000,0.000,0.839,0.194,-0.234,-0.442,0.694,12.987,15.231,,pan
assignment3_kp2_t1,15.626,1791455909.556634,423,1791455909.442785,camera_color_optical_frame,1,-0.3532,0.7131,0.00144,0.028,1,IDLE,disabled,0.000,0.000,deg/s,joint_states,-0.180,0.260,0.000,0.000,0.843,0.217,-0.238,-0.493,0.700,14.446,15.272,,pan
assignment3_kp2_t1,15.641,1791455909.571351,424,1791455909.476134,camera_color_optical_frame,1,-0.4060,0.7112,0.00162,0.008,1,IDLE,disabled,0.000,0.000,deg/s,joint_states,-0.180,0.260,0.000,0.000,0.854,0.234,-0.237,-0.525,0.690,15.341,14.994,,pan
assignment3_kp2_t1,15.661,1791455909.590862,424,1791455909.476134,camera_color_optical_frame,1,-0.4060,0.7112,0.00162,0.029,1,IDLE,disabled,0.000,0.000,deg/s,joint_states,-0.180,0.260,0.000,0.000,0.853,0.244,-0.237,-0.548,0.690,15.983,14.946,,pan
assignment3_kp2_t1,15.681,1791455909.614617,425,1791455909.509483,camera_color_optical_frame,1,-0.4568,0.7194,0.00179,0.016,1,IDLE,disabled,0.000,0.000,deg/s,joint_states,-0.180,0.260,0.000,0.000,0.835,0.256,-0.237,-0.587,0.706,17.077,15.188,,pan
assignment3_kp2_t1,15.700,1791455909.630542,425,1791455909.509483,camera_color_optical_frame,1,-0.4568,0.7194,0.00179,0.034,1,IDLE,disabled,0.000,0.000,deg/s,joint_states,-0.180,0.260,0.000,0.000,0.832,0.266,-0.237,-0.610,0.707,17.697,15.166,,pan
assignment3_kp2_t1,15.726,1791455909.656497,426,1791455909.542832,camera_color_optical_frame,1,-0.5060,0.7239,0.00178,0.021,1,IDLE,disabled,0.000,0.000,deg/s,joint_states,-0.180,0.260,0.000,0.000,0.825,0.282,-0.236,-0.653,0.712,18.866,15.178,,pan
assignment3_kp2_t1,15.741,1791455909.670484,427,1791455909.576181,camera_color_optical_frame,1,-0.5560,0.7265,0.00178,0.008,1,IDLE,disabled,0.000,0.000,deg/s,joint_states,-0.180,0.260,0.000,0.000,0.819,0.292,-0.235,-0.681,0.714,19.645,15.131,,pan
assignment3_kp2_t1,15.762,1791455909.691495,427,1791455909.576181,camera_color_optical_frame,1,-0.5560,0.7265,0.00178,0.029,1,IDLE,disabled,0.000,0.000,deg/s,joint_states,-0.180,0.260,0.000,0.000,0.815,0.302,-0.235,-0.707,0.715,20.337,15.104,,pan
assignment3_kp2_t1,15.781,1791455909.717660,428,1791455909.609530,camera_color_optical_frame,1,-0.6047,0.7283,0.00191,0.015,1,IDLE,disabled,0.000,0.000,deg/s,joint_states,-0.180,0.260,0.000,0.000,0.823,0.318,-0.236,-0.738,0.713,21.146,14.975,,pan
assignment3_kp2_t1,15.800,1791455909.729880,429,1791455909.642879,camera_color_optical_frame,1,-0.6547,0.7358,0.00194,0.002,1,IDLE,disabled,0.000,0.000,deg/s,joint_states,-0.180,0.260,0.000,0.000,0.822,0.328,-0.236,-0.761,0.714,21.744,14.936,,pan
assignment3_kp2_t1,15.820,1791455909.749636,429,1791455909.642879,camera_color_optical_frame,1,-0.6547,0.7358,0.00194,0.022,1,IDLE,disabled,0.000,0.000,deg/s,joint_states,-0.180,0.260,0.000,0.000,0.795,0.334,-0.233,-0.800,0.728,22.771,15.099,,pan
assignment3_kp2_t1,15.840,1791455909.769405,430,1791455909.676228,camera_color_optical_frame,1,-0.7034,0.7390,0.00205,0.014,1,IDLE,disabled,0.000,0.000,deg/s,joint_states,-0.090,0.260,0.000,0.000,0.783,0.342,-0.230,-0.828,0.730,23.572,15.073,,pan
assignment3_kp2_t1,15.860,1791455909.789026,431,1791455909.709577,camera_color_optical_frame,1,-0.7499,0.7409,0.00215,0.015,0,IDLE,disabled,0.000,0.000,deg/s,joint_states,-0.090,0.260,0.000,0.000,0.563,0.227,-0.169,-0.767,0.747,21.991,15.568,,pan
assignment3_kp2_t1,15.881,1791455909.812026,431,1791455909.709577,camera_color_optical_frame,1,-0.7499,0.7409,0.00215,0.036,0,IDLE,disabled,0.000,0.000,deg/s,joint_states,-0.180,0.180,0.000,0.000,0.553,0.225,-0.166,-0.777,0.753,22.147,15.589,,pan
assignment3_kp2_t1,15.900,1791455909.829371,432,1791455909.742925,camera_color_optical_frame,1,-0.7977,0.7534,0.00222,0.003,1,IDLE,disabled,0.000,0.000,deg/s,joint_states,-0.090,0.260,0.000,0.000,0.783,0.380,-0.236,-0.921,0.749,25.893,15.168,,pan
assignment3_kp2_t1,15.927,1791455909.857335,432,1791455909.742925,camera_color_optical_frame,1,-0.7977,0.7534,0.00222,0.030,1,IDLE,disabled,0.000,0.000,deg/s,joint_states,-0.090,0.260,0.000,0.000,0.779,0.393,-0.236,-0.957,0.755,26.770,15.162,,pan
assignment3_kp2_t1,15.943,1791455909.872694,433,1791455909.776274,camera_color_optical_frame,1,-0.8431,0.7604,0.00233,0.007,1,IDLE,disabled,0.000,0.000,deg/s,joint_states,-0.090,0.260,0.000,0.000,0.824,0.379,-0.245,-0.873,0.739,24.695,15.111,,pan
assignment3_kp2_t1,15.962,1791455909.891249,433,1791455909.776274,camera_color_optical_frame,1,-0.8431,0.7604,0.00233,0.025,1,IDLE,disabled,0.000,0.000,deg/s,joint_states,-0.090,0.260,0.000,0.000,0.831,0.384,-0.247,-0.876,0.739,24.771,15.101,,pan
assignment3_kp2_t1,15.981,1791455909.921157,434,1791455909.809622,camera_color_optical_frame,1,-0.8878,0.7605,0.00254,0.015,1,IDLE,disabled,0.000,0.000,deg/s,joint_states,-0.090,0.260,0.000,0.000,0.755,0.413,-0.227,-1.038,0.749,28.696,14.799,,pan
assignment3_kp2_t1,16.000,1791455909.929841,434,1791455909.809622,camera_color_optical_frame,1,-0.8878,0.7605,0.00254,0.034,1,IDLE,disabled,0.000,0.000,deg/s,joint_states,-0.090,0.260,0.000,0.000,0.751,0.421,-0.227,-1.065,0.751,29.307,14.751,,pan
assignment3_kp2_t1,16.022,1791455909.954684,435,1791455909.842971,camera_color_optical_frame,1,-0.9328,0.7664,0.00256,0.017,1,IDLE,disabled,0.000,0.000,deg/s,joint_states,-0.090,0.260,0.000,0.000,0.735,0.426,-0.225,-1.099,0.760,30.080,14.820,,pan
assignment3_kp2_t1,16.040,1791455909.969541,436,1791455909.876319,camera_color_optical_frame,1,-0.9743,0.7799,0.00265,0.007,1,IDLE,disabled,0.000,0.000,deg/s,joint_states,-0.090,0.260,0.000,0.000,0.729,0.429,-0.231,-1.116,0.789,30.480,15.285,,pan
assignment3_kp2_t1,16.061,1791455909.993257,436,1791455909.876319,camera_color_optical_frame,1,-0.9743,0.7799,0.00265,0.028,1,IDLE,disabled,0.000,0.000,deg/s,joint_states,-0.090,0.260,0.000,0.000,0.723,0.437,-0.231,-1.147,0.796,31.174,15.310,,pan
assignment3_kp2_t1,16.080,1791455910.009682,437,1791455909.909668,camera_color_optical_frame,1,-0.9945,0.7614,0.00046,0.010,1,IDLE,disabled,0.000,0.000,deg/s,joint_states,-0.090,0.180,0.000,0.000,0.727,0.423,-0.214,-1.104,0.737,30.197,14.295,,pan
assignment3_kp2_t1,16.100,1791455910.029794,437,1791455909.909668,camera_color_optical_frame,1,-0.9945,0.7614,0.00046,0.030,1,IDLE,disabled,0.000,0.000,deg/s,joint_states,-0.090,0.260,0.000,0.000,0.722,0.428,-0.212,-1.124,0.731,30.652,14.201,,pan
assignment3_kp2_t1,16.120,1791455910.053549,438,1791455909.943016,camera_color_optical_frame,0,0.0000,0.0000,0.00000,0.018,1,IDLE,disabled,0.000,0.000,deg/s,joint_states,-0.090,0.260,0.000,0.000,0.717,0.433,-0.211,-1.145,0.729,31.119,14.103,,pan
assignment3_kp2_t1,16.140,1791455910.069717,439,1791455909.976364,camera_color_optical_frame,0,0.0000,0.0000,0.00000,0.004,1,IDLE,disabled,0.000,0.000,deg/s,joint_states,-0.090,0.350,0.000,0.000,0.713,0.438,-0.209,-1.165,0.724,31.563,14.009,,pan
assignment3_kp2_t1,16.161,1791455910.091496,439,1791455909.976364,camera_color_optical_frame,0,0.0000,0.0000,0.00000,0.025,1,IDLE,disabled,0.000,0.000,deg/s,joint_states,-0.090,0.350,0.000,0.000,0.708,0.443,-0.207,-1.187,0.722,32.053,13.905,,pan
assignment3_kp2_t1,16.182,1791455910.112769,441,1791455910.043061,camera_color_optical_frame,0,0.0000,0.0000,0.00000,0.003,1,IDLE,disabled,0.000,0.000,deg/s,joint_states,-0.090,0.260,0.000,0.000,0.703,0.448,-0.205,-1.210,0.724,32.543,13.799,,pan
assignment3_kp2_t1,16.200,1791455910.129211,441,1791455910.043061,camera_color_optical_frame,0,0.0000,0.0000,0.00000,0.020,1,IDLE,disabled,0.000,0.000,deg/s,joint_states,-0.090,0.260,0.000,0.000,0.699,0.453,-0.203,-1.229,0.723,32.947,13.712,,pan
assignment3_kp2_t1,16.223,1791455910.154279,441,1791455910.043061,camera_color_optical_frame,0,0.0000,0.0000,0.00000,0.043,1,IDLE,disabled,0.000,0.000,deg/s,joint_states,-0.090,0.350,0.000,0.000,0.693,0.458,-0.201,-1.254,0.716,33.480,13.595,,pan
assignment3_kp2_t1,16.241,1791455910.171319,442,1791455910.076408,camera_color_optical_frame,0,0.0000,0.0000,0.00000,0.006,1,IDLE,disabled,0.000,0.000,deg/s,joint_states,-0.090,0.260,0.000,0.000,0.689,0.463,-0.199,-1.275,0.719,33.910,13.500,,pan
assignment3_kp2_t1,16.260,1791455910.190601,442,1791455910.076408,camera_color_optical_frame,0,0.0000,0.0000,0.00000,0.025,1,IDLE,disabled,0.000,0.000,deg/s,joint_states,-0.090,0.180,0.000,0.000,0.684,0.468,-0.197,-1.297,0.721,34.361,13.399,,pan
assignment3_kp2_t1,16.281,1791455910.211797,443,1791455910.109757,camera_color_optical_frame,0,0.0000,0.0000,0.00000,0.016,1,IDLE,disabled,0.000,0.000,deg/s,joint_states,-0.090,0.260,0.000,0.000,0.679,0.473,-0.195,-1.321,0.715,34.852,13.288,,pan
assignment3_kp2_t1,16.301,1791455910.230466,444,1791455910.143105,camera_color_optical_frame,0,0.0000,0.0000,0.00000,0.003,1,IDLE,disabled,0.000,0.000,deg/s,joint_states,-0.090,0.260,0.000,0.000,0.674,0.478,-0.194,-1.343,0.713,35.314,13.183,,pan
assignment3_kp2_t1,16.321,1791455910.253359,444,1791455910.143105,camera_color_optical_frame,0,0.0000,0.0000,0.00000,0.023,1,IDLE,disabled,0.000,0.000,deg/s,joint_states,-0.090,0.180,0.000,0.000,0.670,0.483,-0.192,-1.368,0.715,35.791,13.074,,pan
assignment3_kp2_t1,16.340,1791455910.269255,445,1791455910.176452,camera_color_optical_frame,0,0.0000,0.0000,0.00000,0.008,1,IDLE,disabled,0.000,0.000,deg/s,joint_states,-0.090,0.260,0.000,0.000,0.665,0.487,-0.190,-1.389,0.710,36.229,12.972,,pan
assignment3_kp2_t1,16.361,1791455910.293261,445,1791455910.176452,camera_color_optical_frame,0,0.0000,0.0000,0.00000,0.029,1,IDLE,disabled,0.000,0.000,deg/s,joint_states,-0.180,0.260,0.000,0.000,0.660,0.493,-0.188,-1.420,0.708,36.730,12.855,,pan
assignment3_kp2_t1,16.380,1791455910.310362,446,1791455910.209800,camera_color_optical_frame,0,0.0000,0.0000,0.00000,0.007,1,IDLE,disabled,0.000,0.000,deg/s,joint_states,-0.090,0.180,0.000,0.000,0.656,0.497,-0.186,-1.439,0.710,37.181,12.749,,pan
assignment3_kp2_t1,16.401,1791455910.332403,446,1791455910.209800,camera_color_optical_frame,0,0.0000,0.0000,0.00000,0.028,1,IDLE,disabled,0.000,0.000,deg/s,joint_states,-0.090,0.180,0.000,0.000,0.651,0.503,-0.184,-1.466,0.707,37.686,12.629,,pan
assignment3_kp2_t1,16.420,1791455910.349754,447,1791455910.243142,camera_color_optical_frame,0,0.0000,0.0000,0.00000,0.010,1,IDLE,disabled,0.000,0.000,deg/s,joint_states,-0.090,0.350,0.000,0.000,0.646,0.507,-0.182,-1.489,0.697,38.141,12.520,,pan
assignment3_kp2_t1,16.440,1791455910.369720,447,1791455910.243142,camera_color_optical_frame,0,0.0000,0.0000,0.00000,0.029,1,IDLE,disabled,0.000,0.000,deg/s,joint_states,-0.090,0.350,0.000,1.370,0.641,0.512,-0.181,-1.514,0.695,38.612,12.406,,pan
assignment3_kp2_t1,16.461,1791455910.391392,448,1791455910.276483,camera_color_optical_frame,0,0.0000,0.0000,0.00000,0.015,1,IDLE,disabled,0.000,0.000,deg/s,joint_states,-0.090,0.260,0.000,1.370,0.636,0.517,-0.179,-1.542,0.697,39.112,12.285,,pan
assignment3_kp2_t1,16.479,1791455910.408871,449,1791455910.309825,camera_color_optical_frame,0,0.0000,0.0000,0.00000,0.002,1,IDLE,disabled,0.000,0.000,deg/s,joint_states,-0.090,0.180,0.000,0.000,0.632,0.522,-0.177,-1.567,0.699,39.560,12.175,,pan
assignment3_kp2_t1,16.501,1791455910.434889,449,1791455910.309825,camera_color_optical_frame,0,0.0000,0.0000,0.00000,0.024,1,IDLE,disabled,0.000,0.000,deg/s,joint_states,-0.090,0.180,0.000,-1.370,0.627,0.527,-0.175,-1.596,0.697,40.082,12.046,,pan
assignment3_kp2_t1,16.523,1791455910.454306,450,1791455910.343165,camera_color_optical_frame,0,0.0000,0.0000,0.00000,0.009,1,IDLE,disabled,0.000,0.000,deg/s,joint_states,-0.090,0.260,0.000,-1.370,0.621,0.533,-0.173,-1.626,0.691,40.612,11.914,,pan
assignment3_kp2_t1,16.540,1791455910.470489,450,1791455910.343165,camera_color_optical_frame,0,0.0000,0.0000,0.00000,0.026,1,IDLE,disabled,0.000,0.000,deg/s,joint_states,-0.180,0.260,0.000,0.000,0.617,0.537,-0.171,-1.655,0.690,41.019,11.811,,pan
assignment3_kp2_t1,16.560,1791455910.490396,451,1791455910.376506,camera_color_optical_frame,0,0.0000,0.0000,0.00000,0.011,1,IDLE,disabled,0.000,0.000,deg/s,joint_states,-0.090,0.180,0.000,0.000,0.613,0.542,-0.169,-1.678,0.690,41.499,11.690,,pan
assignment3_kp2_t1,16.581,1791455910.510270,452,1791455910.409847,camera_color_optical_frame,0,0.0000,0.0000,0.00000,0.002,1,IDLE,disabled,0.000,0.000,deg/s,joint_states,-0.090,0.260,0.000,0.000,0.608,0.547,-0.167,-1.707,0.684,41.985,11.566,,pan
assignment3_kp2_t1,16.601,1791455910.533614,452,1791455910.409847,camera_color_optical_frame,0,0.0000,0.0000,0.00000,0.023,1,IDLE,disabled,0.000,0.000,deg/s,joint_states,-0.090,0.180,0.000,0.000,0.603,0.552,-0.165,-1.738,0.685,42.490,11.436,,pan
assignment3_kp2_t1,16.620,1791455910.550625,453,1791455910.443187,camera_color_optical_frame,0,0.0000,0.0000,0.00000,0.004,1,IDLE,disabled,0.000,0.000,deg/s,joint_states,-0.090,0.180,0.000,0.000,0.598,0.557,-0.164,-1.765,0.683,42.938,11.320,,pan
assignment3_kp2_t1,16.642,1791455910.572524,453,1791455910.443187,camera_color_optical_frame,0,0.0000,0.0000,0.00000,0.026,1,IDLE,disabled,0.000,0.000,deg/s,joint_states,-0.180,0.180,0.000,0.000,0.593,0.562,-0.162,-1.804,0.681,43.467,11.182,,pan
assignment3_kp2_t1,16.660,1791455910.589775,454,1791455910.476527,camera_color_optical_frame,0,0.0000,0.0000,0.00000,0.011,1,IDLE,disabled,0.000,0.000,deg/s,joint_states,-0.090,0.180,0.000,0.000,0.589,0.567,-0.160,-1.826,0.678,43.901,11.068,,pan
assignment3_kp2_t1,16.680,1791455910.610601,455,1791455910.509868,camera_color_optical_frame,1,0.1679,0.2742,0.00072,0.004,1,IDLE,disabled,0.000,0.000,deg/s,joint_states,-0.090,0.180,0.000,0.000,1.818,-0.151,-0.188,0.154,0.254,-4.749,5.898,,pan
assignment3_kp2_t1,16.700,1791455910.629076,456,1791455910.543207,camera_color_optical_frame,1,0.1296,0.3252,0.00261,0.006,0,IDLE,disabled,0.000,0.000,deg/s,joint_states,-0.090,0.180,0.000,0.000,0.600,-0.042,-0.079,0.131,0.325,-4.051,7.498,,pan
assignment3_kp2_t1,16.721,1791455910.654098,456,1791455910.543207,camera_color_optical_frame,1,0.1296,0.3252,0.00261,0.027,0,IDLE,disabled,0.000,0.000,deg/s,joint_states,-0.090,0.260,0.000,0.000,0.600,-0.042,-0.079,0.131,0.322,-4.051,7.498,,pan
assignment3_kp2_t1,16.740,1791455910.671093,457,1791455910.576547,camera_color_optical_frame,0,0.0000,0.0000,0.00000,0.007,0,IDLE,disabled,0.000,0.000,deg/s,joint_states,-0.180,0.260,0.000,0.000,0.600,-0.042,-0.079,0.128,0.322,-4.051,7.498,,pan
assignment3_kp2_t1,16.760,1791455910.690464,457,1791455910.576547,camera_color_optical_frame,0,0.0000,0.0000,0.00000,0.027,0,IDLE,disabled,0.000,0.000,deg/s,joint_states,-0.180,0.260,0.000,0.000,0.600,-0.042,-0.079,0.128,0.322,-4.051,7.498,,pan
assignment3_kp2_t1,16.780,1791455910.710894,458,1791455910.609887,camera_color_optical_frame,0,0.0000,0.0000,0.00000,0.009,0,IDLE,disabled,0.000,0.000,deg/s,joint_states,-0.180,0.260,0.000,0.000,0.600,-0.042,-0.079,0.128,0.322,-4.051,7.498,,pan
assignment3_kp2_t1,16.801,1791455910.731431,458,1791455910.609887,camera_color_optical_frame,0,0.0000,0.0000,0.00000,0.030,0,IDLE,disabled,0.000,0.000,deg/s,joint_states,-0.180,0.260,0.000,0.000,0.600,-0.042,-0.079,0.128,0.322,-4.051,7.498,,pan
assignment3_kp2_t1,16.821,1791455910.755491,459,1791455910.643226,camera_color_optical_frame,0,0.0000,0.0000,0.00000,0.017,0,IDLE,disabled,0.000,0.000,deg/s,joint_states,-0.180,0.260,0.000,0.000,0.600,-0.042,-0.079,0.128,0.322,-4.051,7.498,,pan
assignment3_kp2_t1,16.841,1791455910.769878,460,1791455910.676565,camera_color_optical_frame,0,0.0000,0.0000,0.00000,0.004,0,IDLE,disabled,0.000,0.000,deg/s,joint_states,-0.180,0.260,0.000,0.000,0.600,-0.042,-0.079,0.128,0.322,-4.051,7.498,,pan
assignment3_kp2_t1,16.862,1791455910.791859,460,1791455910.676565,camera_color_optical_frame,0,0.0000,0.0000,0.00000,0.025,0,IDLE,disabled,0.000,0.000,deg/s,joint_states,-0.180,0.260,0.000,0.000,0.600,-0.042,-0.079,0.128,0.322,-4.051,7.498,,pan
assignment3_kp2_t1,16.882,1791455910.814353,461,1791455910.709904,camera_color_optical_frame,0,0.0000,0.0000,0.00000,0.005,0,IDLE,disabled,0.000,0.000,deg/s,joint_states,-0.260,0.180,0.000,0.000,0.600,-0.042,-0.079,0.125,0.325,-4.051,7.498,,pan
assignment3_kp2_t1,16.900,1791455910.830752,461,1791455910.709904,camera_color_optical_frame,0,0.0000,0.0000,0.00000,0.023,0,IDLE,disabled,0.000,0.000,deg/s,joint_states,-0.260,0.180,0.000,0.000,0.600,-0.042,-0.079,0.125,0.325,-4.051,7.498,,pan
assignment3_kp2_t1,16.923,1791455910.857139,462,1791455910.743243,camera_color_optical_frame,0,0.0000,0.0000,0.00000,0.016,0,IDLE,disabled,0.000,0.000,deg/s,joint_states,-0.260,0.180,0.000,0.000,0.600,-0.042,-0.079,0.125,0.325,-4.051,7.498,,pan
assignment3_kp2_t1,16.942,1791455910.872474,463,1791455910.776582,camera_color_optical_frame,0,0.0000,0.0000,0.00000,0.005,0,IDLE,disabled,0.000,0.000,deg/s,joint_states,-0.180,0.180,0.000,0.000,0.600,-0.042,-0.079,0.128,0.325,-4.051,7.498,,pan
assignment3_kp2_t1,16.960,1791455910.890210,463,1791455910.776582,camera_color_optical_frame,0,0.0000,0.0000,0.00000,0.023,0,IDLE,disabled,0.000,0.000,deg/s,joint_states,-0.260,0.180,0.000,0.000,0.600,-0.042,-0.079,0.125,0.325,-4.051,7.498,,pan
assignment3_kp2_t1,16.981,1791455910.918429,464,1791455910.809920,camera_color_optical_frame,1,0.2325,0.3698,0.00036,0.012,0,IDLE,disabled,0.000,0.000,deg/s,joint_states,-0.260,0.180,0.000,0.000,0.599,-0.076,-0.090,0.233,0.370,-7.267,8.448,,pan
assignment3_kp2_t1,17.000,1791455910.929944,464,1791455910.809920,camera_color_optical_frame,1,0.2325,0.3698,0.00036,0.030,0,IDLE,disabled,0.000,0.000,deg/s,joint_states,-0.260,0.180,0.000,0.000,0.599,-0.076,-0.090,0.233,0.370,-7.267,8.448,,pan
assignment3_kp2_t1,17.020,1791455910.952014,465,1791455910.843258,camera_color_optical_frame,0,0.0000,0.0000,0.00000,0.014,0,IDLE,disabled,0.000,0.000,deg/s,joint_states,-0.260,0.180,0.000,0.000,0.599,-0.076,-0.090,0.233,0.370,-7.267,8.448,,pan
assignment3_kp2_t1,17.040,1791455910.970456,466,1791455910.876597,camera_color_optical_frame,0,0.0000,0.0000,0.00000,0.005,0,IDLE,disabled,0.000,0.000,deg/s,joint_states,-0.180,0.350,0.000,0.000,0.599,-0.076,-0.090,0.235,0.362,-7.267,8.448,,pan
assignment3_kp2_t1,17.061,1791455910.992683,466,1791455910.876597,camera_color_optical_frame,0,0.0000,0.0000,0.00000,0.027,0,IDLE,disabled,0.000,0.000,deg/s,joint_states,-0.180,0.350,0.000,1.370,0.599,-0.076,-0.090,0.235,0.362,-7.267,8.448,,pan
assignment3_kp2_t1,17.080,1791455911.010443,467,1791455910.909935,camera_color_optical_frame,0,0.0000,0.0000,0.00000,0.012,0,IDLE,disabled,0.000,0.000,deg/s,joint_states,-0.180,0.350,0.000,1.370,0.599,-0.076,-0.090,0.235,0.362,-7.267,8.448,,pan
assignment3_kp2_t1,17.100,1791455911.029590,467,1791455910.909935,camera_color_optical_frame,0,0.0000,0.0000,0.00000,0.032,0,IDLE,disabled,0.000,0.000,deg/s,joint_states,-0.180,0.350,0.000,1.370,0.599,-0.076,-0.090,0.235,0.362,-7.267,8.448,,pan
assignment3_kp2_t1,17.120,1791455911.052972,468,1791455910.943272,camera_color_optical_frame,0,0.0000,0.0000,0.00000,0.017,0,IDLE,disabled,0.000,0.000,deg/s,joint_states,-0.180,0.350,0.000,0.000,0.599,-0.076,-0.090,0.235,0.362,-7.267,8.448,,pan
assignment3_kp2_t1,17.140,1791455911.068965,469,1791455910.976610,camera_color_optical_frame,0,0.0000,0.0000,0.00000,0.004,0,IDLE,disabled,0.000,0.000,deg/s,joint_states,-0.180,0.350,0.000,0.000,0.599,-0.076,-0.090,0.235,0.362,-7.267,8.448,,pan
assignment3_kp2_t1,17.161,1791455911.091279,469,1791455910.976610,camera_color_optical_frame,0,0.0000,0.0000,0.00000,0.026,0,IDLE,disabled,0.000,0.000,deg/s,joint_states,-0.180,0.350,0.000,0.000,0.599,-0.076,-0.090,0.235,0.362,-7.267,8.448,,pan
assignment3_kp2_t1,17.180,1791455911.110959,470,1791455911.009947,camera_color_optical_frame,0,0.0000,0.0000,0.00000,0.010,0,IDLE,disabled,0.000,0.000,deg/s,joint_states,-0.180,0.350,0.000,0.000,0.599,-0.076,-0.090,0.235,0.362,-7.267,8.448,,pan
assignment3_kp2_t1,17.200,1791455911.128980,471,1791455911.043284,camera_color_optical_frame,0,0.0000,0.0000,0.00000,0.012,0,IDLE,disabled,0.000,0.000,deg/s,joint_states,-0.180,0.350,0.000,0.000,0.599,-0.076,-0.090,0.235,0.362,-7.267,8.448,,pan
assignment3_kp2_t1,17.220,1791455911.152032,471,1791455911.043284,camera_color_optical_frame,0,0.0000,0.0000,0.00000,0.033,0,IDLE,disabled,0.000,0.000,deg/s,joint_states,-0.180,0.440,0.000,0.000,0.599,-0.076,-0.090,0.235,0.358,-7.267,8.448,,pan
assignment3_kp2_t1,17.240,1791455911.169405,472,1791455911.076621,camera_color_optical_frame,0,0.0000,0.0000,0.00000,0.003,0,IDLE,disabled,0.000,0.000,deg/s,joint_states,-0.180,0.350,0.000,0.000,0.599,-0.076,-0.090,0.235,0.362,-7.267,8.448,,pan
assignment3_kp2_t1,17.261,1791455911.193372,472,1791455911.076621,camera_color_optical_frame,0,0.0000,0.0000,0.00000,0.024,0,IDLE,disabled,0.000,0.000,deg/s,joint_states,-0.180,0.350,0.000,0.000,0.599,-0.076,-0.090,0.235,0.362,-7.267,8.448,,pan
assignment3_kp2_t1,17.281,1791455911.210922,473,1791455911.109958,camera_color_optical_frame,0,0.0000,0.0000,0.00000,0.009,0,IDLE,disabled,0.000,0.000,deg/s,joint_states,-0.180,0.350,0.000,0.000,0.599,-0.076,-0.090,0.235,0.362,-7.267,8.448,,pan
assignment3_kp2_t1,17.300,1791455911.230166,473,1791455911.109958,camera_color_optical_frame,0,0.0000,0.0000,0.00000,0.028,0,IDLE,disabled,0.000,0.000,deg/s,joint_states,-0.180,0.350,0.000,0.000,0.599,-0.076,-0.090,0.235,0.362,-7.267,8.448,,pan
assignment3_kp2_t1,17.320,1791455911.250257,474,1791455911.143295,camera_color_optical_frame,0,0.0000,0.0000,0.00000,0.011,0,IDLE,disabled,0.000,0.000,deg/s,joint_states,-0.180,0.350,0.000,0.000,0.599,-0.076,-0.090,0.235,0.362,-7.267,8.448,,pan
assignment3_kp2_t1,17.340,1791455911.268964,474,1791455911.143295,camera_color_optical_frame,0,0.0000,0.0000,0.00000,0.030,0,IDLE,disabled,0.000,0.000,deg/s,joint_states,-0.180,0.260,0.000,0.000,0.599,-0.076,-0.090,0.235,0.366,-7.267,8.448,,pan
assignment3_kp2_t1,17.362,1791455911.293520,475,1791455911.176631,camera_color_optical_frame,0,0.0000,0.0000,0.00000,0.019,0,IDLE,disabled,0.000,0.000,deg/s,joint_states,-0.260,0.180,0.000,-1.370,0.599,-0.076,-0.090,0.233,0.370,-7.267,8.448,,pan
assignment3_kp2_t1,17.381,1791455911.310863,476,1791455911.209968,camera_color_optical_frame,0,0.0000,0.0000,0.00000,0.007,0,IDLE,disabled,0.000,0.000,deg/s,joint_states,-0.180,0.180,0.000,-1.370,0.599,-0.076,-0.090,0.235,0.370,-7.267,8.448,,pan
assignment3_kp2_t1,17.400,1791455911.330221,476,1791455911.209968,camera_color_optical_frame,0,0.0000,0.0000,0.00000,0.026,0,IDLE,disabled,0.000,0.000,deg/s,joint_states,-0.180,0.180,0.000,-1.370,0.599,-0.076,-0.090,0.235,0.370,-7.267,8.448,,pan
assignment3_kp2_t1,17.420,1791455911.351792,477,1791455911.243321,camera_color_optical_frame,0,0.0000,0.0000,0.00000,0.010,0,IDLE,disabled,0.000,0.000,deg/s,joint_states,-0.260,0.180,0.000,0.000,0.599,-0.076,-0.090,0.233,0.370,-7.267,8.448,,pan
assignment3_kp2_t1,17.441,1791455911.371036,478,1791455911.276675,camera_color_optical_frame,0,0.0000,0.0000,0.00000,0.003,0,IDLE,disabled,0.000,0.000,deg/s,joint_states,-0.260,0.350,0.000,0.000,0.599,-0.076,-0.090,0.232,0.362,-7.267,8.448,,pan
assignment3_kp2_t1,17.462,1791455911.393627,478,1791455911.276675,camera_color_optical_frame,0,0.0000,0.0000,0.00000,0.024,0,IDLE,disabled,0.000,0.000,deg/s,joint_states,-0.180,0.350,0.000,1.370,0.599,-0.076,-0.090,0.235,0.362,-7.267,8.448,,pan
assignment3_kp2_t1,17.481,1791455911.410853,479,1791455911.310027,camera_color_optical_frame,1,-0.1020,0.2108,0.00068,0.008,1,IDLE,disabled,0.000,0.000,deg/s,joint_states,-0.260,0.260,0.000,1.370,1.897,0.110,-0.148,-0.118,0.186,3.317,4.464,,pan
assignment3_kp2_t1,17.500,1791455911.429763,479,1791455911.310027,camera_color_optical_frame,1,-0.1020,0.2108,0.00068,0.028,1,IDLE,disabled,0.000,0.000,deg/s,joint_states,-0.180,0.260,0.000,0.000,1.897,0.110,-0.148,-0.116,0.186,3.317,4.464,,pan
assignment3_kp2_t1,17.520,1791455911.450939,481,1791455911.376734,camera_color_optical_frame,1,-0.1487,0.1894,0.00075,0.003,1,IDLE,disabled,0.000,0.000,deg/s,joint_states,-0.180,0.350,0.000,0.000,1.840,0.122,-0.128,-0.131,0.160,3.784,3.964,,pan
assignment3_kp2_t1,17.541,1791455911.471178,481,1791455911.376734,camera_color_optical_frame,1,-0.1487,0.1894,0.00075,0.024,0,IDLE,disabled,0.000,0.000,deg/s,joint_states,-0.180,0.350,0.000,0.000,0.554,0.043,-0.045,-0.153,0.190,4.432,4.638,,pan
assignment3_kp2_t1,17.561,1791455911.491455,481,1791455911.376734,camera_color_optical_frame,1,-0.1487,0.1894,0.00075,0.043,0,IDLE,disabled,0.000,0.000,deg/s,joint_states,-0.180,0.180,0.000,0.000,0.544,0.042,-0.044,-0.154,0.198,4.460,4.642,,pan
assignment3_kp2_t1,17.580,1791455911.509522,482,1791455911.410086,camera_color_optical_frame,0,0.0000,0.0000,0.00000,0.015,0,IDLE,disabled,0.000,0.000,deg/s,joint_states,-0.180,0.180,0.000,0.000,0.534,0.042,-0.044,-0.155,0.198,4.489,4.646,,pan
assignment3_kp2_t1,17.600,1791455911.530170,482,1791455911.410086,camera_color_optical_frame,0,0.0000,0.0000,0.00000,0.035,0,IDLE,disabled,0.000,0.000,deg/s,joint_states,-0.180,0.180,0.000,-1.370,0.524,0.041,-0.043,-0.156,0.198,4.520,4.651,,pan
assignment3_kp2_t1,17.620,1791455911.550462,483,1791455911.443439,camera_color_optical_frame,0,0.0000,0.0000,0.00000,0.012,0,IDLE,disabled,0.000,0.000,deg/s,joint_states,-0.260,0.180,0.000,-1.370,0.514,0.041,-0.042,-0.159,0.198,4.552,4.656,,pan
assignment3_kp2_t1,17.641,1791455911.570044,484,1791455911.476792,camera_color_optical_frame,0,0.0000,0.0000,0.00000,0.002,0,IDLE,disabled,0.000,0.000,deg/s,joint_states,-0.260,0.180,0.000,0.000,0.504,0.040,-0.041,-0.160,0.199,4.586,4.661,,pan
assignment3_kp2_t1,17.661,1791455911.594327,484,1791455911.476792,camera_color_optical_frame,0,0.0000,0.0000,0.00000,0.023,0,IDLE,disabled,0.000,0.000,deg/s,joint_states,-0.260,0.180,0.000,0.000,0.494,0.040,-0.040,-0.162,0.199,4.622,4.667,,pan
assignment3_kp2_t1,17.682,1791455911.612410,485,1791455911.510145,camera_color_optical_frame,0,0.0000,0.0000,0.00000,0.005,0,IDLE,disabled,0.000,0.000,deg/s,joint_states,-0.260,0.180,0.000,0.000,0.483,0.039,-0.040,-0.163,0.199,4.660,4.673,,pan
assignment3_kp2_t1,17.701,1791455911.631518,485,1791455911.510145,camera_color_optical_frame,0,0.0000,0.0000,0.00000,0.024,0,IDLE,disabled,0.000,0.000,deg/s,joint_states,-0.260,0.180,0.000,0.000,0.474,0.039,-0.039,-0.164,0.199,4.697,4.678,,pan
assignment3_kp2_t1,17.721,1791455911.651514,486,1791455911.543498,camera_color_optical_frame,0,0.0000,0.0000,0.00000,0.013,0,IDLE,disabled,0.000,0.000,deg/s,joint_states,-0.260,0.180,0.000,0.000,0.464,0.038,-0.038,-0.165,0.200,4.734,4.684,,pan
assignment3_kp2_t1,17.740,1791455911.669688,487,1791455911.576851,camera_color_optical_frame,0,0.0000,0.0000,0.00000,0.001,0,IDLE,disabled,0.000,0.000,deg/s,joint_states,-0.260,0.180,0.000,0.000,0.454,0.038,-0.037,-0.167,0.200,4.774,4.690,,pan
assignment3_kp2_t1,17.761,1791455911.691856,487,1791455911.576851,camera_color_optical_frame,0,0.0000,0.0000,0.00000,0.022,0,IDLE,disabled,0.000,0.000,deg/s,joint_states,-0.180,0.180,0.000,0.000,0.444,0.037,-0.037,-0.166,0.200,4.819,4.697,,pan
assignment3_kp2_t1,17.780,1791455911.711076,488,1791455911.610204,camera_color_optical_frame,0,0.0000,0.0000,0.00000,0.006,0,IDLE,disabled,0.000,0.000,deg/s,joint_states,-0.180,0.180,0.000,0.000,0.435,0.037,-0.036,-0.167,0.201,4.861,4.704,,pan
assignment3_kp2_t1,17.800,1791455911.728973,489,1791455911.643556,camera_color_optical_frame,0,0.0000,0.0000,0.00000,0.011,0,IDLE,disabled,0.000,0.000,deg/s,joint_states,-0.180,0.180,0.000,0.000,0.425,0.036,-0.035,-0.168,0.201,4.908,4.711,,pan
assignment3_kp2_t1,17.822,1791455911.756499,489,1791455911.643556,camera_color_optical_frame,0,0.0000,0.0000,0.00000,0.033,0,IDLE,disabled,0.000,0.000,deg/s,joint_states,-0.260,0.180,0.000,0.000,0.414,0.036,-0.034,-0.173,0.201,4.962,4.719,,pan
assignment3_kp2_t1,17.840,1791455911.771089,490,1791455911.676909,camera_color_optical_frame,0,0.0000,0.0000,0.00000,0.002,0,IDLE,disabled,0.000,0.000,deg/s,joint_states,-0.180,0.180,0.000,0.000,0.405,0.035,-0.034,-0.172,0.202,5.009,4.727,,pan
assignment3_kp2_t1,17.862,1791455911.792406,490,1791455911.676909,camera_color_optical_frame,0,0.0000,0.0000,0.00000,0.024,0,IDLE,disabled,0.000,0.000,deg/s,joint_states,-0.260,0.180,0.000,0.000,0.394,0.035,-0.033,-0.177,0.202,5.070,4.736,,pan
assignment3_kp2_t1,17.880,1791455911.809348,491,1791455911.710262,camera_color_optical_frame,0,0.0000,0.0000,0.00000,0.009,0,IDLE,disabled,0.000,0.000,deg/s,joint_states,-0.260,0.180,0.000,0.000,0.385,0.034,-0.032,-0.178,0.203,5.119,4.743,,pan
assignment3_kp2_t1,17.900,1791455911.829619,491,1791455911.710262,camera_color_optical_frame,0,0.0000,0.0000,0.00000,0.030,0,IDLE,disabled,0.000,0.000,deg/s,joint_states,-0.260,0.180,0.000,0.000,0.375,0.034,-0.031,-0.180,0.203,5.180,4.753,,pan
assignment3_kp2_t1,17.927,1791455911.859129,492,1791455911.743614,camera_color_optical_frame,0,0.0000,0.0000,0.00000,0.022,0,IDLE,disabled,0.000,0.000,deg/s,joint_states,-0.260,0.180,0.000,0.000,0.362,0.033,-0.030,-0.183,0.204,5.266,4.766,,pan
assignment3_kp2_t1,17.942,1791455911.872021,493,1791455911.776967,camera_color_optical_frame,0,0.0000,0.0000,0.00000,0.007,0,IDLE,disabled,0.000,0.000,deg/s,joint_states,-0.260,0.180,0.000,0.000,0.354,0.033,-0.030,-0.185,0.204,5.315,4.774,,pan
assignment3_kp2_t1,17.960,1791455911.889911,493,1791455911.776967,camera_color_optical_frame,0,0.0000,0.0000,0.00000,0.025,0,IDLE,disabled,0.000,0.000,deg/s,joint_states,-0.260,0.180,0.000,0.000,0.345,0.032,-0.029,-0.187,0.204,5.381,4.784,,pan
assignment3_kp2_t1,17.980,1791455911.910564,495,1791455911.843672,camera_color_optical_frame,0,0.0000,0.0000,0.00000,0.003,0,IDLE,disabled,0.000,0.000,deg/s,joint_states,-0.260,0.180,0.000,0.000,0.335,0.032,-0.028,-0.189,0.205,5.456,4.795,,pan
assignment3_kp2_t1,18.000,1791455911.929733,495,1791455911.843672,camera_color_optical_frame,0,0.0000,0.0000,0.00000,0.022,0,IDLE,disabled,0.000,0.000,deg/s,joint_states,-0.260,0.180,0.000,0.000,0.325,0.032,-0.027,-0.192,0.206,5.533,4.807,,pan
assignment3_kp2_t1,18.021,1791455911.953894,495,1791455911.843672,camera_color_optical_frame,0,0.0000,0.0000,0.00000,0.044,0,IDLE,disabled,0.000,0.000,deg/s,joint_states,-0.260,0.180,0.000,0.000,0.315,0.031,-0.027,-0.195,0.206,5.624,4.821,,pan
assignment3_kp2_t1,18.041,1791455911.971059,496,1791455911.877024,camera_color_optical_frame,0,0.0000,0.0000,0.00000,0.007,0,IDLE,disabled,0.000,0.000,deg/s,joint_states,-0.180,0.180,0.000,0.000,0.305,0.030,-0.026,-0.195,0.207,5.711,4.834,,pan
assignment3_kp2_t1,18.060,1791455911.989768,496,1791455911.877024,camera_color_optical_frame,0,0.0000,0.0000,0.00000,0.027,0,IDLE,disabled,0.000,0.000,deg/s,joint_states,-0.180,0.180,0.000,0.000,0.295,0.030,-0.025,-0.198,0.207,5.804,4.848,,pan
assignment3_kp2_t1,18.080,1791455912.010420,497,1791455911.910377,camera_color_optical_frame,0,0.0000,0.0000,0.00000,0.011,0,IDLE,disabled,0.000,0.000,deg/s,joint_states,-0.180,0.180,0.000,0.000,0.285,0.030,-0.024,-0.202,0.208,5.905,4.864,,pan
assignment3_kp2_t1,18.100,1791455912.029166,497,1791455911.910377,camera_color_optical_frame,0,0.0000,0.0000,0.00000,0.031,0,IDLE,disabled,0.000,0.000,deg/s,joint_states,-0.180,0.180,0.000,0.000,0.276,0.029,-0.024,-0.205,0.209,6.014,4.880,,pan
assignment3_kp2_t1,18.121,1791455912.054531,498,1791455911.943729,camera_color_optical_frame,1,0.7536,0.4934,0.00193,0.017,0,IDLE,disabled,0.000,0.000,deg/s,joint_states,-0.180,0.180,0.000,0.000,0.599,-0.241,-0.119,0.755,0.494,-21.943,10.454,,pan
assignment3_kp2_t1,18.141,1791455912.071428,499,1791455911.977081,camera_color_optical_frame,1,0.8611,0.5088,0.00203,0.005,0,IDLE,disabled,0.000,0.000,deg/s,joint_states,-0.180,0.180,0.000,0.000,0.599,-0.275,-0.123,0.861,0.509,-24.657,10.555,,pan
assignment3_kp2_t1,18.160,1791455912.089713,499,1791455911.977081,camera_color_optical_frame,1,0.8611,0.5088,0.00203,0.024,0,IDLE,disabled,0.000,0.000,deg/s,joint_states,-0.180,0.180,0.000,0.000,0.599,-0.275,-0.123,0.861,0.509,-24.657,10.555,,pan
assignment3_kp2_t1,18.179,1791455912.108739,501,1791455912.043786,camera_color_optical_frame,0,0.0000,0.0000,0.00000,0.003,0,IDLE,disabled,0.000,0.000,deg/s,joint_states,-0.180,0.180,0.000,0.000,0.599,-0.356,-0.133,1.117,0.551,-30.735,10.798,,pan
assignment3_kp2_t1,18.200,1791455912.129689,501,1791455912.043786,camera_color_optical_frame,0,0.0000,0.0000,0.00000,0.023,0,IDLE,disabled,0.000,0.000,deg/s,joint_states,-0.180,0.180,0.000,0.000,0.599,-0.366,-0.134,1.149,0.556,-31.456,10.816,,pan
assignment3_kp2_t1,18.221,1791455912.153702,501,1791455912.043786,camera_color_optical_frame,0,0.0000,0.0000,0.00000,0.044,0,IDLE,disabled,0.000,0.000,deg/s,joint_states,-0.180,0.180,0.000,0.000,0.599,-0.377,-0.135,1.182,0.561,-32.176,10.831,,pan
assignment3_kp2_t1,18.241,1791455912.170710,502,1791455912.077138,camera_color_optical_frame,0,0.0000,0.0000,0.00000,0.010,0,IDLE,disabled,0.000,0.000,deg/s,joint_states,-0.180,0.180,0.000,0.000,0.599,-0.386,-0.136,1.213,0.566,-32.844,10.844,,pan
assignment3_kp2_t1,18.260,1791455912.190763,502,1791455912.077138,camera_color_optical_frame,0,0.0000,0.0000,0.00000,0.029,0,IDLE,disabled,0.000,0.000,deg/s,joint_states,-0.180,0.180,0.000,0.000,0.599,-0.396,-0.138,1.243,0.571,-33.492,10.856,,pan
assignment3_kp2_t1,18.280,1791455912.209068,503,1791455912.110490,camera_color_optical_frame,0,0.0000,0.0000,0.00000,0.009,0,IDLE,disabled,0.000,0.000,deg/s,joint_states,-0.180,0.180,0.000,0.000,0.599,-0.406,-0.139,1.273,0.576,-34.130,10.865,,pan
assignment3_kp2_t1,18.300,1791455912.229923,503,1791455912.110490,camera_color_optical_frame,0,0.0000,0.0000,0.00000,0.029,0,IDLE,disabled,0.000,0.000,deg/s,joint_states,-0.180,0.180,0.000,0.000,0.599,-0.416,-0.140,1.305,0.581,-34.780,10.874,,pan
assignment3_kp2_t1,18.321,1791455912.254272,504,1791455912.143842,camera_color_optical_frame,0,0.0000,0.0000,0.00000,0.016,0,IDLE,disabled,0.000,0.000,deg/s,joint_states,-0.180,0.180,0.000,0.000,0.599,-0.426,-0.141,1.338,0.586,-35.448,10.881,,pan
assignment3_kp2_t1,18.342,1791455912.272516,505,1791455912.177194,camera_color_optical_frame,0,0.0000,0.0000,0.00000,0.004,0,IDLE,disabled,0.000,0.000,deg/s,joint_states,-0.180,0.180,0.000,0.000,0.599,-0.437,-0.142,1.371,0.592,-36.114,10.887,,pan
assignment3_kp2_t1,18.361,1791455912.290583,505,1791455912.177194,camera_color_optical_frame,0,0.0000,0.0000,0.00000,0.022,0,IDLE,disabled,0.000,0.000,deg/s,joint_states,-0.180,0.180,0.000,0.000,0.598,-0.446,-0.144,1.400,0.596,-36.688,10.891,,pan
assignment3_kp2_t1,18.380,1791455912.308913,506,1791455912.210546,camera_color_optical_frame,0,0.0000,0.0000,0.00000,0.015,0,IDLE,disabled,0.000,0.000,deg/s,joint_states,-0.180,0.180,0.000,0.000,0.598,-0.455,-0.145,1.429,0.601,-37.258,10.894,,pan
assignment3_kp2_t1,18.400,1791455912.329123,507,1791455912.243888,camera_color_optical_frame,0,0.0000,0.0000,0.00000,0.018,0,IDLE,disabled,0.000,0.000,deg/s,joint_states,-0.180,0.180,0.000,0.000,0.598,-0.465,-0.146,1.461,0.606,-37.859,10.896,,pan
assignment3_kp2_t1,18.421,1791455912.354534,507,1791455912.243888,camera_color_optical_frame,0,0.0000,0.0000,0.00000,0.039,0,IDLE,disabled,0.000,0.000,deg/s,joint_states,-0.180,0.180,0.000,0.000,0.598,-0.476,-0.147,1.494,0.611,-38.483,10.896,,pan
assignment3_kp2_t1,18.440,1791455912.370400,508,1791455912.277230,camera_color_optical_frame,0,0.0000,0.0000,0.00000,0.006,0,IDLE,disabled,0.000,0.000,deg/s,joint_states,-0.180,0.180,0.000,0.000,0.598,-0.485,-0.148,1.523,0.616,-39.033,10.896,,pan
assignment3_kp2_t1,18.462,1791455912.391544,508,1791455912.277230,camera_color_optical_frame,0,0.0000,0.0000,0.00000,0.028,0,IDLE,disabled,0.000,0.000,deg/s,joint_states,-0.180,0.180,0.000,0.000,0.598,-0.496,-0.150,1.557,0.621,-39.651,10.894,,pan
assignment3_kp2_t1,18.481,1791455912.411057,509,1791455912.310571,camera_color_optical_frame,0,0.0000,0.0000,0.00000,0.010,0,IDLE,disabled,0.000,0.000,deg/s,joint_states,-0.180,0.180,0.000,0.000,0.598,-0.505,-0.151,1.587,0.626,-40.182,10.892,,pan
assignment3_kp2_t1,18.501,1791455912.430652,509,1791455912.310571,camera_color_optical_frame,0,0.0000,0.0000,0.00000,0.031,0,IDLE,disabled,0.000,0.000,deg/s,joint_states,-0.180,0.180,0.000,0.000,0.598,-0.516,-0.152,1.619,0.631,-40.749,10.888,,pan
assignment3_kp2_t1,18.522,1791455912.454593,510,1791455912.343913,camera_color_optical_frame,0,0.0000,0.0000,0.00000,0.016,0,IDLE,disabled,0.000,0.000,deg/s,joint_states,-0.180,0.180,0.000,0.000,0.598,-0.526,-0.153,1.651,0.636,-41.309,10.884,,pan
assignment3_kp2_t1,18.544,1791455912.473699,511,1791455912.377255,camera_color_optical_frame,0,0.0000,0.0000,0.00000,0.004,0,IDLE,disabled,0.000,0.000,deg/s,joint_states,-0.180,0.180,0.000,0.000,0.598,-0.537,-0.154,1.685,0.642,-41.887,10.878,,pan
assignment3_kp2_t1,18.561,1791455912.490911,511,1791455912.377255,camera_color_optical_frame,0,0.0000,0.0000,0.00000,0.021,0,IDLE,disabled,0.000,0.000,deg/s,joint_states,-0.180,0.180,0.000,0.000,0.598,-0.545,-0.155,1.712,0.646,-42.331,10.873,,pan
assignment3_kp2_t1,18.580,1791455912.511962,512,1791455912.410596,camera_color_optical_frame,0,0.0000,0.0000,0.00000,0.014,0,IDLE,disabled,0.000,0.000,deg/s,joint_states,-0.180,0.180,0.000,0.000,0.598,-0.555,-0.157,1.742,0.651,-42.835,10.866,,pan
assignment3_kp2_t1,18.601,1791455912.531646,513,1791455912.443938,camera_color_optical_frame,0,0.0000,0.0000,0.00000,0.002,0,IDLE,disabled,0.000,0.000,deg/s,joint_states,-0.180,0.180,0.000,0.000,0.598,-0.565,-0.158,1.775,0.656,-43.365,10.858,,pan
assignment3_kp2_t1,18.620,1791455912.549669,513,1791455912.443938,camera_color_optical_frame,0,0.0000,0.0000,0.00000,0.021,0,IDLE,disabled,0.000,0.000,deg/s,joint_states,-0.180,0.180,0.000,0.000,0.598,-0.575,-0.159,1.805,0.661,-43.838,10.851,,pan
assignment3_kp2_t1,18.640,1791455912.569482,514,1791455912.477280,camera_color_optical_frame,0,0.0000,0.0000,0.00000,0.008,0,IDLE,disabled,0.000,0.000,deg/s,joint_states,-0.180,0.180,0.000,0.000,0.598,-0.584,-0.160,1.836,0.666,-44.327,10.842,,pan
assignment3_kp2_t1,18.660,1791455912.589072,515,1791455912.510622,camera_color_optical_frame,1,0.0162,0.6969,0.00185,0.015,0,IDLE,disabled,0.000,0.000,deg/s,joint_states,-0.180,0.180,0.000,0.000,0.599,-0.007,-0.167,0.016,0.697,-0.672,15.606,,pan
assignment3_kp2_t1,18.680,1791455912.610166,515,1791455912.510622,camera_color_optical_frame,1,0.0162,0.6969,0.00185,0.035,0,IDLE,disabled,0.000,0.000,deg/s,joint_states,-0.180,0.180,0.000,0.000,0.599,-0.007,-0.167,0.016,0.697,-0.672,15.606,,pan
assignment3_kp2_t1,18.700,1791455912.629907,516,1791455912.543964,camera_color_optical_frame,1,0.0377,0.6898,0.00172,0.003,1,IDLE,disabled,0.000,0.000,deg/s,joint_states,-0.180,0.180,0.000,0.000,0.949,-0.015,-0.255,0.024,0.669,-0.910,15.012,,pan
assignment3_kp2_t1,18.722,1791455912.655318,516,1791455912.543964,camera_color_optical_frame,1,0.0377,0.6898,0.00172,0.025,1,IDLE,disabled,0.000,0.000,deg/s,joint_states,-0.180,0.180,0.000,0.000,0.949,-0.015,-0.255,0.024,0.669,-0.910,15.012,,pan
assignment3_kp2_t1,18.741,1791455912.670521,517,1791455912.577306,camera_color_optical_frame,1,0.0485,0.6864,0.00191,0.009,1,IDLE,disabled,0.000,0.000,deg/s,joint_states,-0.180,0.180,0.000,0.000,0.993,-0.022,-0.264,0.036,0.663,-1.278,14.888,,pan
assignment3_kp2_t1,18.763,1791455912.694381,517,1791455912.577306,camera_color_optical_frame,1,0.0485,0.6864,0.00191,0.031,1,IDLE,disabled,0.000,0.000,deg/s,joint_states,-0.090,0.180,0.000,0.000,1.004,-0.023,-0.267,0.040,0.663,-1.288,14.876,,pan
assignment3_kp2_t1,18.780,1791455912.713931,518,1791455912.610647,camera_color_optical_frame,1,0.0594,0.6829,0.00176,0.012,1,IDLE,disabled,0.000,0.000,deg/s,joint_states,-0.180,0.180,0.000,0.000,1.000,-0.029,-0.264,0.048,0.659,-1.637,14.804,,pan
assignment3_kp2_t1,18.801,1791455912.731185,518,1791455912.610647,camera_color_optical_frame,1,0.0594,0.6829,0.00176,0.032,1,IDLE,disabled,0.000,0.000,deg/s,joint_states,-0.180,0.180,0.000,0.000,1.010,-0.029,-0.267,0.049,0.659,-1.651,14.792,,pan
assignment3_kp2_t1,18.825,1791455912.757085,519,1791455912.643989,camera_color_optical_frame,1,0.0734,0.6780,0.00190,0.020,1,IDLE,disabled,0.000,0.000,deg/s,joint_states,-0.090,0.180,0.000,0.000,0.969,-0.054,-0.250,0.103,0.644,-3.200,14.454,,pan
assignment3_kp2_t1,18.841,1791455912.770652,519,1791455912.643989,camera_color_optical_frame,1,0.0734,0.6780,0.00190,0.035,1,IDLE,disabled,0.000,0.000,deg/s,joint_states,-0.090,0.180,0.000,0.000,0.971,-0.057,-0.250,0.108,0.642,-3.367,14.412,,pan
assignment3_kp2_t1,18.862,1791455912.792317,520,1791455912.677331,camera_color_optical_frame,1,0.0797,0.6776,0.00190,0.016,1,IDLE,disabled,0.000,0.000,deg/s,joint_states,-0.180,0.180,0.000,0.000,0.968,-0.051,-0.252,0.093,0.648,-3.006,14.547,,pan
assignment3_kp2_t1,18.880,1791455912.809681,521,1791455912.710673,camera_color_optical_frame,1,0.0858,0.6763,0.00188,0.012,1,IDLE,disabled,0.000,0.000,deg/s,joint_states,-0.090,0.180,0.000,0.000,0.968,-0.049,-0.254,0.093,0.653,-2.909,14.662,,pan
assignment3_kp2_t1,18.900,1791455912.829093,521,1791455912.710673,camera_color_optical_frame,1,0.0858,0.6763,0.00188,0.032,1,IDLE,disabled,0.000,0.000,deg/s,joint_states,-0.180,0.180,0.000,0.000,0.970,-0.051,-0.254,0.094,0.653,-3.019,14.650,,pan
assignment3_kp2_t1,18.921,1791455912.852465,522,1791455912.744015,camera_color_optical_frame,1,0.0923,0.6759,0.00190,0.018,1,IDLE,disabled,0.000,0.000,deg/s,joint_states,-0.090,0.180,0.000,0.000,0.974,-0.052,-0.255,0.097,0.652,-3.033,14.643,,pan
assignment3_kp2_t1,18.940,1791455912.869847,523,1791455912.777357,camera_color_optical_frame,1,0.1032,0.6767,0.00176,0.003,1,IDLE,disabled,0.000,0.000,deg/s,joint_states,-0.180,0.180,0.000,0.000,0.963,-0.060,-0.254,0.112,0.656,-3.564,14.721,,pan
assignment3_kp2_t1,18.961,1791455912.893969,523,1791455912.777357,camera_color_optical_frame,1,0.1032,0.6767,0.00176,0.024,1,IDLE,disabled,0.000,0.000,deg/s,joint_states,-0.090,0.180,0.000,0.000,0.964,-0.063,-0.254,0.120,0.656,-3.725,14.721,,pan
assignment3_kp2_t1,18.982,1791455912.912976,524,1791455912.810699,camera_color_optical_frame,1,0.1172,0.6772,0.00184,0.006,1,IDLE,disabled,0.000,0.000,deg/s,joint_states,-0.090,0.180,0.000,0.000,0.956,-0.076,-0.253,0.148,0.658,-4.550,14.746,,pan
assignment3_kp2_t1,19.000,1791455912.930395,524,1791455912.810699,camera_color_optical_frame,1,0.1172,0.6772,0.00184,0.024,1,IDLE,disabled,0.000,0.000,deg/s,joint_states,-0.090,0.180,0.000,0.000,0.956,-0.080,-0.252,0.155,0.659,-4.779,14.750,,pan
assignment3_kp2_t1,19.021,1791455912.954701,525,1791455912.844041,camera_color_optical_frame,1,0.1322,0.6710,0.00167,0.014,1,IDLE,disabled,0.000,0.000,deg/s,joint_states,-0.180,0.180,0.000,0.000,0.967,-0.086,-0.249,0.161,0.641,-5.054,14.375,,pan
assignment3_kp2_t1,19.040,1791455912.970162,526,1791455912.877383,camera_color_optical_frame,1,0.1411,0.6677,0.00181,0.002,1,IDLE,disabled,0.000,0.000,deg/s,joint_states,-0.090,0.180,0.000,0.000,0.968,-0.090,-0.248,0.172,0.640,-5.294,14.335,,pan
assignment3_kp2_t1,19.063,1791455912.993630,526,1791455912.877383,camera_color_optical_frame,1,0.1411,0.6677,0.00181,0.025,1,IDLE,disabled,0.000,0.000,deg/s,joint_states,-0.090,0.180,0.000,0.000,0.994,-0.087,-0.252,0.163,0.631,-5.001,14.158,,pan
assignment3_kp2_t1,19.080,1791455913.011018,527,1791455912.910724,camera_color_optical_frame,1,0.1420,0.6690,0.00187,0.009,1,IDLE,disabled,0.000,0.000,deg/s,joint_states,-0.180,0.180,0.000,0.000,0.989,-0.080,-0.254,0.146,0.640,-4.609,14.364,,pan
assignment3_kp2_t1,19.100,1791455913.029362,527,1791455912.910724,camera_color_optical_frame,1,0.1420,0.6690,0.00187,0.028,1,IDLE,disabled,0.000,0.000,deg/s,joint_states,-0.090,0.180,0.000,0.000,0.992,-0.082,-0.254,0.154,0.639,-4.733,14.329,,pan
assignment3_kp2_t1,19.120,1791455913.050253,528,1791455912.944067,camera_color_optical_frame,1,0.1365,0.6673,0.00188,0.017,1,IDLE,disabled,0.000,0.000,deg/s,joint_states,-0.180,0.180,0.000,0.000,0.968,-0.063,-0.251,0.116,0.646,-3.700,14.496,,pan
assignment3_kp2_t1,19.140,1791455913.069751,529,1791455912.977408,camera_color_optical_frame,1,0.1359,0.6655,0.00186,0.009,1,IDLE,disabled,0.000,0.000,deg/s,joint_states,-0.090,0.180,0.000,0.000,0.982,-0.061,-0.252,0.115,0.640,-3.583,14.372,,pan
assignment3_kp2_t1,19.160,1791455913.089040,530,1791455913.010750,camera_color_optical_frame,1,0.1424,0.6635,0.00186,0.015,0,IDLE,disabled,0.000,0.000,deg/s,joint_states,-0.090,0.180,0.000,0.000,0.562,-0.044,-0.150,0.146,0.666,-4.510,14.920,,pan
assignment3_kp2_t1,19.180,1791455913.111767,530,1791455913.010750,camera_color_optical_frame,1,0.1424,0.6635,0.00186,0.035,0,IDLE,disabled,0.000,0.000,deg/s,joint_states,-0.180,0.180,0.000,0.000,0.552,-0.044,-0.148,0.144,0.667,-4.538,14.937,,pan
assignment3_kp2_t1,19.200,1791455913.129169,531,1791455913.044092,camera_color_optical_frame,1,0.1563,0.6616,0.00172,0.004,1,IDLE,disabled,0.000,0.000,deg/s,joint_states,-0.090,0.180,0.000,0.000,0.985,-0.090,-0.251,0.171,0.636,-5.246,14.254,,pan
assignment3_kp2_t1,19.220,1791455913.153394,531,1791455913.044092,camera_color_optical_frame,1,0.1563,0.6616,0.00172,0.024,1,IDLE,disabled,0.000,0.000,deg/s,joint_states,-0.090,0.180,0.000,0.000,0.986,-0.094,-0.251,0.177,0.635,-5.441,14.224,,pan
assignment3_kp2_t1,19.240,1791455913.171586,532,1791455913.077435,camera_color_optical_frame,1,0.1742,0.6611,0.00151,0.005,1,IDLE,disabled,0.000,0.000,deg/s,joint_states,-0.090,0.180,0.000,0.000,1.017,-0.089,-0.261,0.162,0.639,-4.998,14.320,,pan
assignment3_kp2_t1,19.262,1791455913.192852,532,1791455913.077435,camera_color_optical_frame,1,0.1742,0.6611,0.00151,0.027,1,IDLE,disabled,0.000,0.000,deg/s,joint_states,-0.090,0.180,0.000,0.000,1.028,-0.090,-0.263,0.163,0.638,-5.007,14.312,,pan
assignment3_kp2_t1,19.280,1791455913.209168,533,1791455913.110776,camera_color_optical_frame,1,0.1970,0.6632,0.00148,0.011,1,IDLE,disabled,0.000,0.000,deg/s,joint_states,-0.180,0.180,0.000,0.000,0.996,-0.128,-0.258,0.238,0.644,-7.349,14.385,,pan
assignment3_kp2_t1,19.302,1791455913.232696,534,1791455913.144119,camera_color_optical_frame,1,0.2223,0.6635,0.00145,0.003,1,IDLE,disabled,0.000,0.000,deg/s,joint_states,-0.090,0.180,0.000,0.000,0.998,-0.136,-0.258,0.254,0.645,-7.743,14.384,,pan
assignment3_kp2_t1,19.320,1791455913.250263,535,1791455913.177461,camera_color_optical_frame,1,0.2480,0.6619,0.00137,0.008,0,IDLE,disabled,0.000,0.000,deg/s,joint_states,-0.090,0.180,0.000,0.000,0.565,-0.078,-0.151,0.259,0.665,-7.875,14.798,,pan
assignment3_kp2_t1,19.341,1791455913.270417,535,1791455913.177461,camera_color_optical_frame,1,0.2480,0.6619,0.00137,0.028,0,IDLE,disabled,0.000,0.000,deg/s,joint_states,-0.090,0.180,0.000,0.000,0.555,-0.078,-0.148,0.262,0.666,-7.969,14.815,,pan
assignment3_kp2_t1,19.361,1791455913.291007,535,1791455913.177461,camera_color_optical_frame,1,0.2480,0.6619,0.00137,0.049,0,IDLE,disabled,0.000,0.000,deg/s,joint_states,-0.090,0.180,0.000,0.000,0.545,-0.077,-0.146,0.265,0.667,-8.064,14.832,,pan
assignment3_kp2_t1,19.380,1791455913.308934,536,1791455913.210803,camera_color_optical_frame,1,0.2746,0.6664,0.00146,0.015,1,IDLE,disabled,0.000,0.000,deg/s,joint_states,-0.090,0.180,0.000,0.000,1.009,-0.180,-0.262,0.335,0.649,-10.144,14.368,,pan
assignment3_kp2_t1,19.400,1791455913.329714,536,1791455913.210803,camera_color_optical_frame,1,0.2746,0.6664,0.00146,0.036,1,IDLE,disabled,0.000,0.000,deg/s,joint_states,-0.090,0.180,0.000,0.000,1.011,-0.189,-0.263,0.351,0.649,-10.596,14.362,,pan
assignment3_kp2_t1,19.422,1791455913.353559,537,1791455913.244161,camera_color_optical_frame,1,0.3019,0.6656,0.00155,0.018,1,IDLE,disabled,0.000,0.000,deg/s,joint_states,-0.180,0.180,0.000,0.000,1.052,-0.163,-0.271,0.288,0.643,-8.837,14.311,,pan
assignment3_kp2_t1,19.441,1791455913.371759,538,1791455913.277519,camera_color_optical_frame,1,0.3269,0.6655,0.00155,0.005,1,IDLE,disabled,0.000,0.000,deg/s,joint_states,-0.090,0.180,0.000,0.000,0.998,-0.204,-0.258,0.384,0.643,-11.578,14.191,,pan
assignment3_kp2_t1,19.462,1791455913.392235,538,1791455913.277519,camera_color_optical_frame,1,0.3269,0.6655,0.00155,0.026,1,IDLE,disabled,0.000,0.000,deg/s,joint_states,-0.090,0.180,0.000,0.000,0.998,-0.213,-0.257,0.400,0.643,-12.042,14.162,,pan
assignment3_kp2_t1,19.480,1791455913.409197,539,1791455913.310877,camera_color_optical_frame,1,0.3509,0.6701,0.00154,0.013,1,IDLE,disabled,0.000,0.000,deg/s,joint_states,-0.090,0.180,0.000,0.000,0.981,-0.214,-0.258,0.410,0.656,-12.322,14.417,,pan
assignment3_kp2_t1,19.501,1791455913.431147,539,1791455913.310877,camera_color_optical_frame,1,0.3509,0.6701,0.00154,0.035,1,IDLE,disabled,0.000,0.000,deg/s,joint_states,-0.090,0.180,0.000,0.000,0.979,-0.222,-0.258,0.426,0.657,-12.799,14.423,,pan
assignment3_kp2_t1,19.521,1791455913.452607,540,1791455913.344235,camera_color_optical_frame,1,0.3675,0.6699,0.00179,0.016,1,IDLE,disabled,0.000,0.000,deg/s,joint_states,-0.090,0.180,0.000,0.000,1.005,-0.226,-0.265,0.421,0.656,-12.647,14.404,,pan
assignment3_kp2_t1,19.539,1791455913.469621,540,1791455913.344235,camera_color_optical_frame,1,0.3675,0.6699,0.00179,0.035,1,IDLE,disabled,0.000,0.000,deg/s,joint_states,-0.090,0.180,0.000,0.000,1.006,-0.232,-0.265,0.433,0.657,-12.983,14.412,,pan
assignment3_kp2_t1,19.561,1791455913.492199,541,1791455913.377593,camera_color_optical_frame,1,0.3797,0.6698,0.00181,0.019,1,IDLE,disabled,0.000,0.000,deg/s,joint_states,-0.090,0.180,0.000,0.000,1.006,-0.222,-0.262,0.414,0.648,-12.432,14.255,,pan
assignment3_kp2_t1,19.582,1791455913.513253,542,1791455913.410950,camera_color_optical_frame,1,0.3858,0.6671,0.00182,0.005,1,IDLE,disabled,0.000,0.000,deg/s,joint_states,-0.090,0.180,0.000,0.000,0.979,-0.207,-0.252,0.398,0.642,-11.960,14.144,,pan
assignment3_kp2_t1,19.600,1791455913.530385,542,1791455913.410950,camera_color_optical_frame,1,0.3858,0.6671,0.00182,0.023,1,IDLE,disabled,0.000,0.000,deg/s,joint_states,-0.090,0.180,0.000,0.000,0.976,-0.209,-0.251,0.402,0.641,-12.102,14.120,,pan
assignment3_kp2_t1,19.620,1791455913.550101,543,1791455913.444308,camera_color_optical_frame,1,0.3813,0.6655,0.00181,0.015,1,IDLE,disabled,0.000,0.000,deg/s,joint_states,-0.180,0.180,0.000,0.000,0.983,-0.194,-0.251,0.367,0.637,-11.157,14.094,,pan
assignment3_kp2_t1,19.640,1791455913.569544,544,1791455913.477666,camera_color_optical_frame,1,0.3729,0.6623,0.00176,0.010,1,IDLE,disabled,0.000,0.000,deg/s,joint_states,-0.090,0.180,0.000,0.000,1.011,-0.184,-0.258,0.342,0.635,-10.335,14.074,,pan
assignment3_kp2_t1,19.660,1791455913.589136,545,1791455913.511024,camera_color_optical_frame,1,0.3581,0.6596,0.00157,0.015,0,IDLE,disabled,0.000,0.000,deg/s,joint_states,-0.180,0.090,0.000,0.000,0.563,-0.107,-0.149,0.354,0.666,-10.768,14.621,,pan
assignment3_kp2_t1,19.680,1791455913.610870,545,1791455913.511024,camera_color_optical_frame,1,0.3581,0.6596,0.00157,0.035,0,IDLE,disabled,0.000,0.000,deg/s,joint_states,-0.090,0.180,0.000,0.000,0.553,-0.105,-0.147,0.356,0.663,-10.755,14.637,,pan
assignment3_kp2_t1,19.700,1791455913.629245,546,1791455913.544382,camera_color_optical_frame,1,0.3415,0.6573,0.00163,0.003,1,IDLE,disabled,0.000,0.000,deg/s,joint_states,-0.090,0.180,0.000,0.000,1.006,-0.157,-0.255,0.292,0.630,-8.860,14.032,,pan
assignment3_kp2_t1,19.721,1791455913.651975,546,1791455913.544382,camera_color_optical_frame,1,0.3415,0.6573,0.00163,0.024,1,IDLE,disabled,0.000,0.000,deg/s,joint_states,-0.090,0.180,0.000,0.000,1.007,-0.152,-0.254,0.282,0.629,-8.580,14.009,,pan
assignment3_kp2_t1,19.740,1791455913.669425,547,1791455913.577739,camera_color_optical_frame,1,0.3249,0.6539,0.00158,0.004,1,IDLE,disabled,0.000,0.000,deg/s,joint_states,-0.180,0.180,0.000,0.000,1.047,-0.174,-0.264,0.308,0.628,-9.417,13.963,,pan
assignment3_kp2_t1,19.761,1791455913.693221,547,1791455913.577739,camera_color_optical_frame,1,0.3249,0.6539,0.00158,0.025,1,IDLE,disabled,0.000,0.000,deg/s,joint_states,-0.090,0.180,0.000,0.000,1.057,-0.175,-0.266,0.310,0.628,-9.399,13.955,,pan
assignment3_kp2_t1,19.780,1791455913.711621,548,1791455913.611097,camera_color_optical_frame,1,0.3078,0.6545,0.00157,0.007,1,IDLE,disabled,0.000,0.000,deg/s,joint_states,-0.180,0.180,0.000,0.000,0.988,-0.128,-0.250,0.239,0.629,-7.379,14.061,,pan
assignment3_kp2_t1,19.801,1791455913.732748,548,1791455913.611097,camera_color_optical_frame,1,0.3078,0.6545,0.00157,0.027,1,IDLE,disabled,0.000,0.000,deg/s,joint_states,-0.090,0.180,0.000,0.000,0.987,-0.122,-0.249,0.231,0.628,-7.048,14.051,,pan
assignment3_kp2_t1,19.820,1791455913.751964,549,1791455913.644454,camera_color_optical_frame,1,0.2952,0.6528,0.00158,0.012,1,IDLE,disabled,0.000,0.000,deg/s,joint_states,-0.090,0.180,0.000,0.000,1.003,-0.126,-0.252,0.235,0.627,-7.170,14.023,,pan
assignment3_kp2_t1,19.840,1791455913.769972,549,1791455913.644454,camera_color_optical_frame,1,0.2952,0.6528,0.00158,0.031,1,IDLE,disabled,0.000,0.000,deg/s,joint_states,-0.180,0.180,0.000,0.000,1.003,-0.121,-0.252,0.223,0.626,-6.896,14.012,,pan
assignment3_kp2_t1,19.864,1791455913.795572,550,1791455913.677812,camera_color_optical_frame,1,0.2851,0.6496,0.00173,0.017,1,IDLE,disabled,0.000,0.000,deg/s,joint_states,-0.180,0.180,0.000,0.000,1.027,-0.129,-0.256,0.232,0.620,-7.182,13.881,,pan
assignment3_kp2_t1,19.880,1791455913.810131,551,1791455913.711170,camera_color_optical_frame,1,0.2773,0.6487,0.00163,0.008,1,IDLE,disabled,0.000,0.000,deg/s,joint_states,-0.090,0.180,0.000,0.000,1.005,-0.126,-0.251,0.235,0.622,-7.171,13.918,,pan
assignment3_kp2_t1,19.900,1791455913.829895,551,1791455913.711170,camera_color_optical_frame,1,0.2773,0.6487,0.00163,0.028,1,IDLE,disabled,0.000,0.000,deg/s,joint_states,-0.090,0.180,0.000,0.000,1.006,-0.123,-0.251,0.229,0.621,-6.992,13.898,,pan
assignment3_kp2_t1,19.921,1791455913.852351,552,1791455913.744528,camera_color_optical_frame,1,0.2718,0.6469,0.00166,0.017,1,IDLE,disabled,0.000,0.000,deg/s,joint_states,-0.090,0.180,0.000,0.000,1.008,-0.130,-0.252,0.240,0.622,-7.337,13.903,,pan
assignment3_kp2_t1,19.941,1791455913.871401,552,1791455913.744528,camera_color_optical_frame,1,0.2718,0.6469,0.00166,0.037,1,IDLE,disabled,0.000,0.000,deg/s,joint_states,-0.090,0.180,0.000,0.000,1.008,-0.128,-0.251,0.237,0.621,-7.228,13.889,,pan
assignment3_kp2_t1,19.963,1791455913.893762,553,1791455913.777885,camera_color_optical_frame,1,0.2671,0.6474,0.00178,0.016,1,IDLE,disabled,0.000,0.000,deg/s,joint_states,-0.090,0.180,0.000,0.000,1.025,-0.133,-0.257,0.242,0.625,-7.382,13.963,,pan
assignment3_kp2_t1,19.981,1791455913.910366,554,1791455913.811243,camera_color_optical_frame,1,0.2666,0.6470,0.00174,0.005,1,IDLE,disabled,0.000,0.000,deg/s,joint_states,-0.090,0.180,0.000,0.000,1.008,-0.131,-0.253,0.243,0.626,-7.409,13.994,,pan
assignment3_kp2_t1,20.000,1791455913.929704,555,1791455913.844600,camera_color_optical_frame,1,0.2670,0.6470,0.00176,0.002,1,IDLE,disabled,0.000,0.000,deg/s,joint_states,-0.090,0.180,0.000,0.000,1.008,-0.130,-0.253,0.241,0.626,-7.349,13.996,,pan
assignment3_kp2_t1,20.021,1791455913.951461,556,1791455913.877958,camera_color_optical_frame,1,0.2670,0.6479,0.00176,0.008,0,IDLE,disabled,0.000,0.000,deg/s,joint_states,-0.090,0.180,0.000,0.000,0.565,-0.081,-0.148,0.269,0.651,-8.187,14.498,,pan
assignment3_kp2_t1,20.040,1791455913.970501,556,1791455913.877958,camera_color_optical_frame,1,0.2670,0.6479,0.00176,0.028,0,IDLE,disabled,0.000,0.000,deg/s,joint_states,-0.180,0.180,0.000,0.000,0.556,-0.080,-0.145,0.267,0.652,-8.206,14.518,,pan
assignment3_kp2_t1,20.061,1791455913.989772,556,1791455913.877958,camera_color_optical_frame,1,0.2670,0.6479,0.00176,0.048,0,IDLE,disabled,0.000,0.000,deg/s,joint_states,-0.090,0.180,0.000,0.000,0.546,-0.079,-0.143,0.270,0.653,-8.226,14.539,,pan
assignment3_kp2_t1,20.080,1791455914.009945,557,1791455913.911315,camera_color_optical_frame,1,0.2670,0.6476,0.00177,0.016,1,IDLE,disabled,0.000,0.000,deg/s,joint_states,-0.090,0.180,0.000,0.000,0.999,-0.135,-0.252,0.253,0.628,-7.716,14.013,,pan
assignment3_kp2_t1,20.100,1791455914.029289,558,1791455913.944672,camera_color_optical_frame,1,0.2673,0.6472,0.00177,0.008,1,IDLE,disabled,0.000,0.000,deg/s,joint_states,-0.090,0.180,0.000,0.000,1.050,-0.143,-0.264,0.255,0.625,-7.757,13.962,,pan
assignment3_kp2_t1,20.121,1791455914.051582,558,1791455913.944672,camera_color_optical_frame,1,0.2673,0.6472,0.00177,0.029,1,IDLE,disabled,0.000,0.000,deg/s,joint_states,-0.180,0.180,0.000,0.000,1.060,-0.144,-0.266,0.251,0.625,-7.752,13.956,,pan
assignment3_kp2_t1,20.141,1791455914.070504,558,1791455913.944672,camera_color_optical_frame,1,0.2673,0.6472,0.00177,0.049,1,IDLE,disabled,0.000,0.000,deg/s,joint_states,-0.090,0.180,0.000,0.000,1.070,-0.146,-0.268,0.254,0.625,-7.748,13.951,,pan
assignment3_kp2_t1,20.161,1791455914.090383,559,1791455913.978030,camera_color_optical_frame,1,0.2704,0.6478,0.00158,0.016,1,IDLE,disabled,0.000,0.000,deg/s,joint_states,-0.090,0.180,0.000,0.000,1.022,-0.143,-0.257,0.262,0.627,-7.981,13.996,,pan
assignment3_kp2_t1,20.180,1791455914.109186,559,1791455913.978030,camera_color_optical_frame,1,0.2704,0.6478,0.00158,0.035,1,IDLE,disabled,0.000,0.000,deg/s,joint_states,-0.090,0.180,0.000,0.000,1.024,-0.144,-0.258,0.263,0.627,-8.009,13.996,,pan
assignment3_kp2_t1,20.200,1791455914.130693,560,1791455914.011387,camera_color_optical_frame,1,0.2732,0.6484,0.00177,0.017,1,IDLE,disabled,0.000,0.000,deg/s,joint_states,-0.090,0.180,0.000,0.000,1.029,-0.147,-0.260,0.267,0.628,-8.113,14.019,,pan
assignment3_kp2_t1,20.222,1791455914.154768,561,1791455914.044745,camera_color_optical_frame,1,0.2736,0.6482,0.00178,0.010,1,IDLE,disabled,0.000,0.000,deg/s,joint_states,-0.090,0.090,0.000,0.000,1.016,-0.145,-0.256,0.268,0.633,-8.146,14.018,,pan
assignment3_kp2_t1,20.240,1791455914.171418,562,1791455914.078102,camera_color_optical_frame,1,0.2766,0.6500,0.00166,0.002,1,IDLE,disabled,0.000,0.000,deg/s,joint_states,-0.090,0.180,0.000,0.000,1.017,-0.146,-0.256,0.269,0.629,-8.179,14.021,,pan
assignment3_kp2_t1,20.261,1791455914.192441,562,1791455914.078102,camera_color_optical_frame,1,0.2766,0.6500,0.00166,0.023,1,IDLE,disabled,0.000,0.000,deg/s,joint_states,-0.090,0.180,0.000,0.000,0.991,-0.142,-0.251,0.269,0.632,-8.172,14.087,,pan
assignment3_kp2_t1,20.280,1791455914.209517,563,1791455914.111459,camera_color_optical_frame,1,0.2769,0.6502,0.00162,0.007,1,IDLE,disabled,0.000,0.000,deg/s,joint_states,-0.090,0.180,0.000,0.000,1.006,-0.143,-0.255,0.266,0.632,-8.098,14.095,,pan
assignment3_kp2_t1,20.300,1791455914.230279,563,1791455914.111459,camera_color_optical_frame,1,0.2769,0.6502,0.00162,0.028,1,IDLE,disabled,0.000,0.000,deg/s,joint_states,-0.180,0.180,0.000,0.000,1.005,-0.143,-0.255,0.264,0.632,-8.115,14.107,,pan
assignment3_kp2_t1,20.321,1791455914.252922,564,1791455914.144817,camera_color_optical_frame,1,0.2785,0.6496,0.00167,0.009,1,IDLE,disabled,0.000,0.000,deg/s,joint_states,-0.180,0.180,0.000,0.000,1.004,-0.144,-0.251,0.265,0.623,-8.149,13.907,,pan
assignment3_kp2_t1,20.340,1791455914.269266,564,1791455914.144817,camera_color_optical_frame,1,0.2785,0.6496,0.00167,0.028,1,IDLE,disabled,0.000,0.000,deg/s,joint_states,-0.090,0.180,0.000,0.000,1.004,-0.144,-0.251,0.268,0.623,-8.165,13.893,,pan
assignment3_kp2_t1,20.362,1791455914.293737,565,1791455914.178174,camera_color_optical_frame,1,0.2761,0.6515,0.00159,0.017,1,IDLE,disabled,0.000,0.000,deg/s,joint_states,-0.090,0.180,0.000,0.000,1.010,-0.141,-0.257,0.261,0.633,-7.943,14.119,,pan
assignment3_kp2_t1,20.381,1791455914.311155,566,1791455914.211531,camera_color_optical_frame,1,0.2754,0.6510,0.00163,0.006,1,IDLE,disabled,0.000,0.000,deg/s,joint_states,-0.090,0.180,0.000,0.000,1.010,-0.143,-0.256,0.266,0.631,-8.083,14.079,,pan
assignment3_kp2_t1,20.401,1791455914.331797,566,1791455914.211531,camera_color_optical_frame,1,0.2754,0.6510,0.00163,0.026,1,IDLE,disabled,0.000,0.000,deg/s,joint_states,-0.090,0.180,0.000,0.000,1.010,-0.143,-0.256,0.266,0.631,-8.090,14.083,,pan
assignment3_kp2_t1,20.421,1791455914.354374,567,1791455914.244896,camera_color_optical_frame,1,0.2748,0.6498,0.00173,0.012,1,IDLE,disabled,0.000,0.000,deg/s,joint_states,-0.090,0.180,0.000,0.000,1.017,-0.143,-0.256,0.262,0.626,-7.990,13.980,,pan
assignment3_kp2_t1,20.442,1791455914.372212,568,1791455914.278261,camera_color_optical_frame,1,0.2754,0.6507,0.00165,0.004,1,IDLE,disabled,0.000,0.000,deg/s,joint_states,-0.090,0.180,0.000,0.000,1.018,-0.143,-0.256,0.262,0.626,-7.991,13.969,,pan
assignment3_kp2_t1,20.463,1791455914.393329,568,1791455914.278261,camera_color_optical_frame,1,0.2754,0.6507,0.00165,0.025,1,IDLE,disabled,0.000,0.000,deg/s,joint_states,-0.090,0.090,0.000,0.000,1.010,-0.139,-0.255,0.257,0.633,-7.833,14.040,,pan
assignment3_kp2_t1,20.480,1791455914.409191,569,1791455914.311626,camera_color_optical_frame,1,0.2745,0.6513,0.00170,0.009,1,IDLE,disabled,0.000,0.000,deg/s,joint_states,-0.090,0.180,0.000,0.000,0.996,-0.138,-0.253,0.258,0.633,-7.870,14.114,,pan
assignment3_kp2_t1,20.501,1791455914.431106,569,1791455914.311626,camera_color_optical_frame,1,0.2745,0.6513,0.00170,0.031,1,IDLE,disabled,0.000,0.000,deg/s,joint_states,-0.090,0.180,0.000,0.000,0.994,-0.137,-0.252,0.258,0.633,-7.854,14.125,,pan
assignment3_kp2_t1,20.520,1791455914.451938,570,1791455914.344991,camera_color_optical_frame,1,0.2748,0.6509,0.00171,0.014,1,IDLE,disabled,0.000,0.000,deg/s,joint_states,-0.180,0.180,0.000,0.000,1.010,-0.141,-0.255,0.257,0.630,-7.920,14.066,,pan
assignment3_kp2_t1,20.540,1791455914.469391,570,1791455914.344991,camera_color_optical_frame,1,0.2748,0.6509,0.00171,0.034,1,IDLE,disabled,0.000,0.000,deg/s,joint_states,-0.090,0.180,0.000,0.000,1.010,-0.140,-0.256,0.260,0.630,-7.914,14.067,,pan
assignment3_kp2_t1,20.560,1791455914.490399,571,1791455914.378356,camera_color_optical_frame,1,0.2752,0.6503,0.00170,0.018,1,IDLE,disabled,0.000,0.000,deg/s,joint_states,-0.090,0.180,0.000,0.000,1.031,-0.145,-0.256,0.262,0.619,-7.990,13.830,,pan
assignment3_kp2_t1,20.580,1791455914.509910,572,1791455914.411721,camera_color_optical_frame,1,0.2746,0.6503,0.00173,0.004,1,IDLE,disabled,0.000,0.000,deg/s,joint_states,-0.090,0.180,0.000,0.000,1.012,-0.141,-0.255,0.261,0.629,-7.938,14.028,,pan
assignment3_kp2_t1,20.600,1791455914.529080,573,1791455914.445086,camera_color_optical_frame,1,0.2755,0.6510,0.00164,0.006,0,IDLE,disabled,0.000,0.000,deg/s,joint_states,-0.090,0.090,0.000,0.000,0.559,-0.084,-0.147,0.280,0.659,-8.500,14.563,,pan
assignment3_kp2_t1,20.620,1791455914.551403,573,1791455914.445086,camera_color_optical_frame,1,0.2755,0.6510,0.00164,0.026,0,IDLE,disabled,0.000,0.000,deg/s,joint_states,-0.090,0.180,0.000,0.000,0.549,-0.082,-0.145,0.280,0.656,-8.522,14.584,,pan
assignment3_kp2_t1,20.640,1791455914.569697,574,1791455914.478451,camera_color_optical_frame,1,0.2746,0.6513,0.00170,0.006,1,IDLE,disabled,0.000,0.000,deg/s,joint_states,-0.090,0.180,0.000,0.000,1.020,-0.142,-0.259,0.261,0.632,-7.945,14.095,,pan
assignment3_kp2_t1,20.660,1791455914.589295,575,1791455914.511816,camera_color_optical_frame,1,0.2742,0.6505,0.00174,0.014,0,IDLE,disabled,0.000,0.000,deg/s,joint_states,-0.180,0.180,0.000,0.000,0.600,-0.087,-0.154,0.268,0.641,-8.244,14.292,,pan
assignment3_kp2_t1,20.680,1791455914.610497,575,1791455914.511816,camera_color_optical_frame,1,0.2742,0.6505,0.00174,0.034,0,IDLE,disabled,0.000,0.000,deg/s,joint_states,-0.180,0.180,0.000,0.000,0.600,-0.087,-0.154,0.267,0.640,-8.220,14.265,,pan
assignment3_kp2_t1,20.700,1791455914.629317,576,1791455914.545181,camera_color_optical_frame,1,0.2748,0.6502,0.00176,0.003,1,IDLE,disabled,0.000,0.000,deg/s,joint_states,-0.090,0.180,0.000,0.000,0.995,-0.139,-0.251,0.261,0.628,-7.957,14.011,,pan
assignment3_kp2_t1,20.721,1791455914.654571,576,1791455914.545181,camera_color_optical_frame,1,0.2748,0.6502,0.00176,0.024,1,IDLE,disabled,0.000,0.000,deg/s,joint_states,-0.180,0.180,0.000,0.000,0.992,-0.139,-0.250,0.258,0.627,-7.958,14.003,,pan
assignment3_kp2_t1,20.740,1791455914.669506,577,1791455914.578546,camera_color_optical_frame,1,0.2748,0.6498,0.00166,0.004,1,IDLE,disabled,0.000,0.000,deg/s,joint_states,-0.090,0.180,0.000,0.000,1.053,-0.148,-0.265,0.264,0.628,-8.023,14.012,,pan
assignment3_kp2_t1,20.763,1791455914.695063,577,1791455914.578546,camera_color_optical_frame,1,0.2748,0.6498,0.00166,0.027,1,IDLE,disabled,0.000,0.000,deg/s,joint_states,-0.090,0.180,0.000,0.000,1.064,-0.150,-0.268,0.263,0.628,-8.019,14.006,,pan
assignment3_kp2_t1,20.780,1791455914.710958,578,1791455914.611910,camera_color_optical_frame,1,0.2744,0.6502,0.00170,0.006,1,IDLE,disabled,0.000,0.000,deg/s,joint_states,-0.090,0.180,0.000,0.000,1.053,-0.146,-0.265,0.260,0.628,-7.921,14.021,,pan
assignment3_kp2_t1,20.802,1791455914.732898,578,1791455914.611910,camera_color_optical_frame,1,0.2744,0.6502,0.00170,0.028,1,IDLE,disabled,0.000,0.000,deg/s,joint_states,-0.180,0.180,0.000,0.000,1.063,-0.148,-0.268,0.257,0.628,-7.915,14.016,,pan
assignment3_kp2_t1,20.820,1791455914.749749,579,1791455914.645275,camera_color_optical_frame,1,0.2743,0.6504,0.00172,0.007,1,IDLE,disabled,0.000,0.000,deg/s,joint_states,-0.090,0.180,0.000,0.000,1.005,-0.139,-0.254,0.258,0.631,-7.869,14.071,,pan
assignment3_kp2_t1,20.840,1791455914.770437,579,1791455914.645275,camera_color_optical_frame,1,0.2743,0.6504,0.00172,0.027,1,IDLE,disabled,0.000,0.000,deg/s,joint_states,-0.180,0.180,0.000,0.000,1.004,-0.138,-0.254,0.255,0.631,-7.849,14.076,,pan
assignment3_kp2_t1,20.863,1791455914.798429,580,1791455914.678640,camera_color_optical_frame,1,0.2745,0.6504,0.00169,0.017,1,IDLE,disabled,0.000,0.000,deg/s,joint_states,-0.090,0.180,0.000,0.000,1.017,-0.142,-0.257,0.261,0.630,-7.933,14.051,,pan
assignment3_kp2_t1,20.882,1791455914.814070,581,1791455914.712004,camera_color_optical_frame,1,0.2751,0.6516,0.00165,0.002,1,IDLE,disabled,0.000,0.000,deg/s,joint_states,-0.180,0.180,0.000,0.000,1.018,-0.142,-0.257,0.257,0.630,-7.932,14.052,,pan
assignment3_kp2_t1,20.902,1791455914.836385,581,1791455914.712004,camera_color_optical_frame,1,0.2751,0.6516,0.00165,0.022,1,IDLE,disabled,0.000,0.000,deg/s,joint_states,-0.090,0.180,0.000,0.000,1.013,-0.145,-0.257,0.268,0.633,-8.151,14.117,,pan
assignment3_kp2_t1,20.920,1791455914.852597,582,1791455914.745369,camera_color_optical_frame,1,0.2763,0.6498,0.00167,0.006,1,IDLE,disabled,0.000,0.000,deg/s,joint_states,-0.090,0.180,0.000,0.000,1.010,-0.146,-0.255,0.270,0.628,-8.203,14.011,,pan
assignment3_kp2_t1,20.940,1791455914.872503,582,1791455914.745369,camera_color_optical_frame,1,0.2763,0.6498,0.00167,0.026,1,IDLE,disabled,0.000,0.000,deg/s,joint_states,-0.090,0.180,0.000,0.000,1.010,-0.146,-0.254,0.271,0.628,-8.234,14.006,,pan
assignment3_kp2_t1,20.962,1791455914.891319,583,1791455914.778733,camera_color_optical_frame,1,0.2748,0.6521,0.00167,0.011,1,IDLE,disabled,0.000,0.000,deg/s,joint_states,-0.090,0.180,0.000,0.000,1.010,-0.139,-0.256,0.258,0.632,-7.861,14.099,,pan
assignment3_kp2_t1,20.981,1791455914.911147,583,1791455914.778733,camera_color_optical_frame,1,0.2748,0.6521,0.00167,0.030,1,IDLE,disabled,0.000,0.000,deg/s,joint_states,-0.090,0.180,0.000,0.000,1.010,-0.139,-0.256,0.257,0.632,-7.842,14.102,,pan
assignment3_kp2_t1,21.001,1791455914.933285,584,1791455914.812098,camera_color_optical_frame,1,0.2744,0.6493,0.00170,0.008,1,IDLE,disabled,0.000,0.000,deg/s,joint_states,-0.090,0.180,0.000,0.000,1.010,-0.138,-0.254,0.255,0.627,-7.773,14.009,,pan
assignment3_kp2_t1,21.020,1791455914.950083,584,1791455914.812098,camera_color_optical_frame,1,0.2744,0.6493,0.00170,0.027,1,IDLE,disabled,0.000,0.000,deg/s,joint_states,-0.180,0.090,0.000,0.000,1.010,-0.137,-0.254,0.251,0.631,-7.745,14.006,,pan
assignment3_kp2_t1,21.042,1791455914.973084,585,1791455914.845463,camera_color_optical_frame,1,0.2745,0.6509,0.00171,0.019,1,IDLE,disabled,0.000,0.000,deg/s,joint_states,-0.180,0.180,0.000,0.000,1.004,-0.139,-0.253,0.256,0.628,-7.884,14.012,,pan
assignment3_kp2_t1,21.062,1791455914.993496,585,1791455914.845463,camera_color_optical_frame,1,0.2745,0.6509,0.00171,0.039,1,IDLE,disabled,0.000,0.000,deg/s,joint_states,-0.090,0.180,0.000,0.000,1.004,-0.139,-0.253,0.259,0.627,-7.874,14.004,,pan
assignment3_kp2_t1,21.082,1791455915.012101,586,1791455914.878827,camera_color_optical_frame,1,0.2764,0.6511,0.00167,0.009,1,IDLE,disabled,0.000,0.000,deg/s,joint_states,-0.090,0.090,0.000,0.000,1.025,-0.146,-0.261,0.266,0.638,-8.098,14.132,,pan
assignment3_kp2_t1,21.106,1791455915.036229,587,1791455914.912192,camera_color_optical_frame,1,0.2745,0.6505,0.00170,0.016,1,IDLE,disabled,0.000,0.000,deg/s,joint_states,-0.180,0.090,0.000,0.000,1.001,-0.140,-0.254,0.258,0.635,-7.935,14.082,,pan
assignment3_kp2_t1,21.121,1791455915.056688,587,1791455914.912192,camera_color_optical_frame,1,0.2745,0.6505,0.00170,0.031,1,IDLE,disabled,0.000,0.000,deg/s,joint_states,-0.090,0.180,0.000,0.000,1.001,-0.139,-0.253,0.261,0.631,-7.934,14.086,,pan
assignment3_kp2_t1,21.141,1791455915.072419,588,1791455914.945556,camera_color_optical_frame,1,0.2747,0.6500,0.00169,0.009,1,IDLE,disabled,0.000,0.000,deg/s,joint_states,-0.090,0.180,0.000,0.000,1.015,-0.145,-0.254,0.268,0.624,-8.155,13.926,,pan
assignment3_kp2_t1,21.164,1791455915.094728,589,1791455914.978920,camera_color_optical_frame,1,0.2745,0.6508,0.00169,0.014,1,IDLE,disabled,0.000,0.000,deg/s,joint_states,-0.090,0.180,0.000,0.000,1.012,-0.141,-0.255,0.261,0.627,-7.942,14.003,,pan
assignment3_kp2_t1,21.182,1791455915.112658,590,1791455915.012285,camera_color_optical_frame,1,0.2743,0.6504,0.00168,0.002,1,IDLE,disabled,0.000,0.000,deg/s,joint_states,-0.090,0.180,0.000,0.000,1.012,-0.141,-0.255,0.261,0.627,-7.942,13.998,,pan
assignment3_kp2_t1,21.202,1791455915.131552,590,1791455915.012285,camera_color_optical_frame,1,0.2743,0.6504,0.00168,0.022,1,IDLE,disabled,0.000,0.000,deg/s,joint_states,-0.090,0.180,0.000,0.000,1.017,-0.142,-0.254,0.262,0.622,-7.969,13.887,,pan
assignment3_kp2_t1,21.225,1791455915.158472,591,1791455915.045649,camera_color_optical_frame,1,0.2743,0.6513,0.00171,0.017,1,IDLE,disabled,0.000,0.000,deg/s,joint_states,-0.090,0.180,0.000,0.000,1.021,-0.142,-0.259,0.260,0.633,-7.923,14.123,,pan
assignment3_kp2_t1,21.241,1791455915.175035,592,1791455915.079013,camera_color_optical_frame,1,0.2744,0.6509,0.00170,0.004,1,IDLE,disabled,0.000,0.000,deg/s,joint_states,-0.090,0.180,0.000,0.000,1.006,-0.138,-0.257,0.257,0.636,-7.838,14.193,,pan
assignment3_kp2_t1,21.261,1791455915.194348,592,1791455915.079013,camera_color_optical_frame,1,0.2744,0.6509,0.00170,0.024,1,IDLE,disabled,0.000,0.000,deg/s,joint_states,-0.090,0.180,0.000,0.000,1.005,-0.138,-0.257,0.257,0.638,-7.816,14.224,,pan
assignment3_kp2_t1,21.281,1791455915.211657,593,1791455915.112377,camera_color_optical_frame,1,0.2750,0.6503,0.00165,0.008,1,IDLE,disabled,0.000,0.000,deg/s,joint_states,-0.090,0.180,0.000,0.000,1.013,-0.142,-0.255,0.262,0.628,-7.990,14.013,,pan
assignment3_kp2_t1,21.302,1791455915.232312,593,1791455915.112377,camera_color_optical_frame,1,0.2750,0.6503,0.00165,0.029,1,IDLE,disabled,0.000,0.000,deg/s,joint_states,-0.090,0.090,0.000,0.000,1.013,-0.142,-0.255,0.263,0.632,-7.997,14.006,,pan
assignment3_kp2_t1,21.322,1791455915.253926,594,1791455915.145742,camera_color_optical_frame,1,0.2746,0.6505,0.00168,0.006,1,IDLE,disabled,0.000,0.000,deg/s,joint_states,-0.090,0.180,0.000,0.000,1.010,-0.141,-0.255,0.261,0.629,-7.950,14.036,,pan
assignment3_kp2_t1,21.340,1791455915.269364,594,1791455915.145742,camera_color_optical_frame,1,0.2746,0.6505,0.00168,0.024,1,IDLE,disabled,0.000,0.000,deg/s,joint_states,-0.180,0.180,0.000,0.000,1.010,-0.141,-0.255,0.258,0.629,-7.951,14.033,,pan
assignment3_kp2_t1,21.360,1791455915.291323,595,1791455915.179106,camera_color_optical_frame,1,0.2748,0.6512,0.00167,0.015,1,IDLE,disabled,0.000,0.000,deg/s,joint_states,-0.180,0.180,0.000,0.000,1.008,-0.140,-0.255,0.258,0.632,-7.936,14.094,,pan
assignment3_kp2_t1,21.380,1791455915.309534,596,1791455915.212470,camera_color_optical_frame,1,0.2744,0.6505,0.00171,0.009,1,IDLE,disabled,0.000,0.000,deg/s,joint_states,-0.090,0.180,0.000,0.000,1.013,-0.141,-0.252,0.260,0.620,-7.927,13.855,,pan
assignment3_kp2_t1,21.400,1791455915.329197,597,1791455915.245847,camera_color_optical_frame,1,0.2745,0.6509,0.00170,0.015,0,IDLE,disabled,0.000,0.000,deg/s,joint_states,-0.090,0.180,0.000,0.000,0.560,-0.083,-0.147,0.279,0.655,-8.483,14.559,,pan
assignment3_kp2_t1,21.420,1791455915.351477,597,1791455915.245847,camera_color_optical_frame,1,0.2745,0.6509,0.00170,0.035,0,IDLE,disabled,0.000,0.000,deg/s,joint_states,-0.090,0.180,0.000,0.000,0.550,-0.082,-0.145,0.280,0.656,-8.505,14.579,,pan
assignment3_kp2_t1,21.440,1791455915.369520,598,1791455915.279224,camera_color_optical_frame,1,0.2743,0.6509,0.00171,0.004,1,IDLE,disabled,0.000,0.000,deg/s,joint_states,-0.090,0.180,0.000,0.000,1.003,-0.142,-0.256,0.265,0.636,-8.081,14.179,,pan
assignment3_kp2_t1,21.461,1791455915.392679,598,1791455915.279224,camera_color_optical_frame,1,0.2743,0.6509,0.00171,0.025,1,IDLE,disabled,0.000,0.000,deg/s,joint_states,-0.090,0.180,0.000,0.000,1.002,-0.143,-0.256,0.266,0.637,-8.101,14.207,,pan
assignment3_kp2_t1,21.480,1791455915.409684,599,1791455915.312602,camera_color_optical_frame,1,0.2742,0.6521,0.00171,0.005,1,IDLE,disabled,0.000,0.000,deg/s,joint_states,-0.090,0.180,0.000,0.000,1.056,-0.147,-0.267,0.259,0.630,-7.901,14.058,,pan
assignment3_kp2_t1,21.502,1791455915.434061,599,1791455915.312602,camera_color_optical_frame,1,0.2742,0.6521,0.00171,0.027,1,IDLE,disabled,0.000,0.000,deg/s,joint_states,-0.090,0.180,0.000,0.000,1.067,-0.148,-0.270,0.259,0.630,-7.894,14.052,,pan
assignment3_kp2_t1,21.521,1791455915.451530,600,1791455915.345979,camera_color_optical_frame,1,0.2740,0.6521,0.00174,0.006,1,IDLE,disabled,0.000,0.000,deg/s,joint_states,-0.090,0.180,0.000,0.000,1.058,-0.147,-0.267,0.259,0.630,-7.892,14.056,,pan
assignment3_kp2_t1,21.542,1791455915.474582,600,1791455915.345979,camera_color_optical_frame,1,0.2740,0.6521,0.00174,0.027,1,IDLE,disabled,0.000,0.000,deg/s,joint_states,-0.090,0.180,0.000,0.000,1.068,-0.148,-0.270,0.259,0.630,-7.886,14.050,,pan
assignment3_kp2_t1,21.565,1791455915.497118,601,1791455915.379357,camera_color_optical_frame,1,0.2742,0.6507,0.00174,0.005,1,IDLE,disabled,0.000,0.000,deg/s,joint_states,-0.090,0.180,0.000,0.000,1.079,-0.149,-0.273,0.259,0.629,-7.879,14.045,,pan
assignment3_kp2_t1,21.581,1791455915.512171,601,1791455915.379357,camera_color_optical_frame,1,0.2742,0.6507,0.00174,0.020,1,IDLE,disabled,0.000,0.000,deg/s,joint_states,-0.090,0.180,0.000,0.000,1.013,-0.141,-0.255,0.261,0.627,-7.937,14.000,,pan
assignment3_kp2_t1,21.603,1791455915.535267,602,1791455915.412735,camera_color_optical_frame,1,0.2745,0.6519,0.00169,0.008,1,IDLE,disabled,0.000,0.000,deg/s,joint_states,-0.180,0.180,0.000,0.000,1.016,-0.142,-0.257,0.259,0.630,-7.969,14.070,,pan
assignment3_kp2_t1,21.629,1791455915.560507,603,1791455915.446113,camera_color_optical_frame,1,0.2742,0.6519,0.00172,0.015,1,IDLE,disabled,0.000,0.000,deg/s,joint_states,-0.090,0.180,0.000,0.000,1.011,-0.141,-0.257,0.260,0.633,-7.930,14.122,,pan
assignment3_kp2_t1,21.640,1791455915.571230,603,1791455915.446113,camera_color_optical_frame,1,0.2742,0.6519,0.00172,0.026,1,IDLE,disabled,0.000,0.000,deg/s,joint_states,-0.090,0.180,0.000,0.000,1.011,-0.141,-0.257,0.260,0.633,-7.930,14.126,,pan
assignment3_kp2_t1,21.663,1791455915.593595,604,1791455915.479491,camera_color_optical_frame,1,0.2750,0.6512,0.00165,0.018,1,IDLE,disabled,0.000,0.000,deg/s,joint_states,-0.090,0.180,0.000,0.000,1.011,-0.142,-0.256,0.262,0.631,-7.981,14.073,,pan
assignment3_kp2_t1,21.680,1791455915.609183,605,1791455915.512869,camera_color_optical_frame,1,0.2749,0.6526,0.00166,0.008,1,IDLE,disabled,0.000,0.000,deg/s,joint_states,-0.180,0.180,0.000,0.000,0.998,-0.144,-0.254,0.266,0.633,-8.194,14.112,,pan
assignment3_kp2_t1,21.701,1791455915.631475,605,1791455915.512869,camera_color_optical_frame,1,0.2749,0.6526,0.00166,0.029,1,IDLE,disabled,0.000,0.000,deg/s,joint_states,-0.180,0.090,0.000,0.000,0.997,-0.144,-0.253,0.268,0.637,-8.230,14.116,,pan
assignment3_kp2_t1,21.722,1791455915.655521,606,1791455915.546247,camera_color_optical_frame,1,0.2755,0.6513,0.00160,0.014,1,IDLE,disabled,0.000,0.000,deg/s,joint_states,-0.180,0.180,0.000,0.000,1.011,-0.142,-0.256,0.260,0.630,-7.995,14.068,,pan
assignment3_kp2_t1,21.742,1791455915.671343,607,1791455915.579626,camera_color_optical_frame,1,0.2753,0.6521,0.00157,0.002,1,IDLE,disabled,0.000,0.000,deg/s,joint_states,-0.090,0.180,0.000,0.000,1.004,-0.140,-0.254,0.260,0.631,-7.928,14.070,,pan
assignment3_kp2_t1,21.761,1791455915.695178,607,1791455915.579626,camera_color_optical_frame,1,0.2753,0.6521,0.00157,0.022,1,IDLE,disabled,0.000,0.000,deg/s,joint_states,-0.180,0.180,0.000,0.000,1.004,-0.140,-0.254,0.257,0.630,-7.914,14.067,,pan
assignment3_kp2_t1,21.781,1791455915.712269,608,1791455915.613004,camera_color_optical_frame,1,0.2757,0.6511,0.00155,0.003,1,IDLE,disabled,0.000,0.000,deg/s,joint_states,-0.090,0.180,0.000,0.000,1.003,-0.139,-0.254,0.259,0.630,-7.900,14.064,,pan
assignment3_kp2_t1,21.802,1791455915.734708,608,1791455915.613004,camera_color_optical_frame,1,0.2757,0.6511,0.00155,0.024,1,IDLE,disabled,0.000,0.000,deg/s,joint_states,-0.090,0.180,0.000,0.000,1.009,-0.146,-0.251,0.271,0.619,-8.231,13.818,,pan
assignment3_kp2_t1,21.821,1791455915.753229,609,1791455915.646382,camera_color_optical_frame,1,0.2746,0.6518,0.00163,0.009,1,IDLE,disabled,0.000,0.000,deg/s,joint_states,-0.090,0.180,0.000,0.000,1.018,-0.142,-0.257,0.261,0.631,-7.957,14.068,,pan
assignment3_kp2_t1,21.841,1791455915.770888,609,1791455915.646382,camera_color_optical_frame,1,0.2746,0.6518,0.00163,0.028,1,IDLE,disabled,0.000,0.000,deg/s,joint_states,-0.090,0.180,0.000,0.000,1.019,-0.142,-0.258,0.261,0.630,-7.953,14.067,,pan
assignment3_kp2_t1,21.862,1791455915.795665,610,1791455915.679761,camera_color_optical_frame,1,0.2759,0.6527,0.00153,0.015,1,IDLE,disabled,0.000,0.000,deg/s,joint_states,-0.180,0.180,0.000,0.000,1.009,-0.142,-0.260,0.260,0.641,-8.008,14.291,,pan
assignment3_kp2_t1,21.883,1791455915.813235,611,1791455915.713140,camera_color_optical_frame,1,0.2765,0.6539,0.00150,0.006,1,IDLE,disabled,0.000,0.000,deg/s,joint_states,-0.090,0.090,0.000,0.000,1.005,-0.142,-0.257,0.264,0.640,-8.034,14.184,,pan
assignment3_kp2_t1,21.902,1791455915.832029,611,1791455915.713140,camera_color_optical_frame,1,0.2765,0.6539,0.00150,0.025,1,IDLE,disabled,0.000,0.000,deg/s,joint_states,-0.090,0.180,0.000,0.000,1.005,-0.142,-0.257,0.264,0.637,-8.040,14.196,,pan
assignment3_kp2_t1,21.920,1791455915.855327,612,1791455915.746519,camera_color_optical_frame,1,0.2785,0.6528,0.00162,0.007,1,IDLE,disabled,0.000,0.000,deg/s,joint_states,-0.090,0.180,0.000,0.000,0.998,-0.142,-0.253,0.266,0.632,-8.088,14.096,,pan
assignment3_kp2_t1,21.940,1791455915.871220,612,1791455915.746519,camera_color_optical_frame,1,0.2785,0.6528,0.00162,0.027,1,IDLE,disabled,0.000,0.000,deg/s,joint_states,-0.090,0.180,0.000,0.000,0.996,-0.142,-0.253,0.266,0.632,-8.093,14.097,,pan
assignment3_kp2_t1,21.961,1791455915.893581,613,1791455915.779898,camera_color_optical_frame,1,0.2842,0.6560,0.00158,0.015,1,IDLE,disabled,0.000,0.000,deg/s,joint_states,-0.180,0.180,0.000,0.000,1.000,-0.154,-0.255,0.285,0.635,-8.762,14.137,,pan
assignment3_kp2_t1,21.980,1791455915.910126,614,1791455915.813277,camera_color_optical_frame,1,0.2902,0.6584,0.00159,0.005,1,IDLE,disabled,0.000,0.000,deg/s,joint_states,-0.180,0.180,0.000,0.000,0.993,-0.156,-0.257,0.290,0.645,-8.905,14.351,,pan
assignment3_kp2_t1,22.000,1791455915.929910,615,1791455915.846656,camera_color_optical_frame,1,0.2904,0.6587,0.00160,0.002,0,IDLE,disabled,0.000,0.000,deg/s,joint_states,-0.090,0.180,0.000,0.000,0.560,-0.088,-0.149,0.294,0.663,-8.913,14.722,,pan
assignment3_kp2_t1,22.021,1791455915.954269,615,1791455915.846656,camera_color_optical_frame,1,0.2904,0.6587,0.00160,0.022,0,IDLE,disabled,0.000,0.000,deg/s,joint_states,-0.180,0.180,0.000,0.000,0.550,-0.086,-0.147,0.291,0.664,-8.938,14.746,,pan
assignment3_kp2_t1,22.042,1791455915.972235,616,1791455915.880036,camera_color_optical_frame,1,0.2860,0.6616,0.00165,0.005,1,IDLE,disabled,0.000,0.000,deg/s,joint_states,-0.090,0.180,0.000,0.000,0.992,-0.145,-0.257,0.274,0.646,-8.326,14.374,,pan
assignment3_kp2_t1,22.061,1791455915.993451,616,1791455915.880036,camera_color_optical_frame,1,0.2860,0.6616,0.00165,0.025,1,IDLE,disabled,0.000,0.000,deg/s,joint_states,-0.180,0.180,0.000,0.000,0.991,-0.145,-0.257,0.270,0.646,-8.316,14.396,,pan
assignment3_kp2_t1,22.080,1791455916.010089,617,1791455915.913415,camera_color_optical_frame,1,0.2844,0.6620,0.00164,0.010,1,IDLE,disabled,0.000,0.000,deg/s,joint_states,-0.090,0.180,0.000,0.000,1.039,-0.150,-0.267,0.270,0.640,-8.201,14.259,,pan
assignment3_kp2_t1,22.101,1791455916.032037,617,1791455915.913415,camera_color_optical_frame,1,0.2844,0.6620,0.00164,0.031,1,IDLE,disabled,0.000,0.000,deg/s,joint_states,-0.180,0.180,0.000,0.000,1.049,-0.151,-0.269,0.266,0.639,-8.193,14.254,,pan
assignment3_kp2_t1,22.120,1791455916.049879,618,1791455915.946795,camera_color_optical_frame,1,0.2833,0.6643,0.00154,0.013,1,IDLE,disabled,0.000,0.000,deg/s,joint_states,-0.090,0.180,0.000,0.000,0.992,-0.140,-0.258,0.264,0.647,-8.022,14.421,,pan
assignment3_kp2_t1,22.141,1791455916.071142,618,1791455915.946795,camera_color_optical_frame,1,0.2833,0.6643,0.00154,0.034,1,IDLE,disabled,0.000,0.000,deg/s,joint_states,-0.090,0.180,0.000,0.000,0.991,-0.139,-0.258,0.262,0.648,-7.978,14.439,,pan
assignment3_kp2_t1,22.160,1791455916.091898,619,1791455915.980175,camera_color_optical_frame,1,0.2834,0.6647,0.00152,0.014,1,IDLE,disabled,0.000,0.000,deg/s,joint_states,-0.090,0.180,0.000,0.000,0.993,-0.145,-0.258,0.273,0.649,-8.302,14.438,,pan
assignment3_kp2_t1,22.180,1791455916.110335,619,1791455915.980175,camera_color_optical_frame,1,0.2834,0.6647,0.00152,0.034,1,IDLE,disabled,0.000,0.000,deg/s,joint_states,-0.090,0.180,0.000,0.000,0.993,-0.145,-0.259,0.273,0.649,-8.309,14.456,,pan
assignment3_kp2_t1,22.203,1791455916.133954,620,1791455916.013555,camera_color_optical_frame,1,0.2829,0.6651,0.00153,0.019,1,IDLE,disabled,0.000,0.000,deg/s,joint_states,-0.090,0.180,0.000,0.000,1.000,-0.147,-0.259,0.275,0.646,-8.359,14.381,,pan
assignment3_kp2_t1,22.222,1791455916.153720,621,1791455916.046934,camera_color_optical_frame,1,0.2829,0.6682,0.00150,0.003,1,IDLE,disabled,0.000,0.000,deg/s,joint_states,-0.090,0.180,0.000,0.000,1.001,-0.147,-0.259,0.275,0.646,-8.371,14.385,,pan
assignment3_kp2_t1,22.240,1791455916.171064,621,1791455916.046934,camera_color_optical_frame,1,0.2829,0.6682,0.00150,0.021,1,IDLE,disabled,0.000,0.000,deg/s,joint_states,-0.180,0.180,0.000,0.000,0.976,-0.138,-0.256,0.261,0.653,-8.052,14.553,,pan
assignment3_kp2_t1,22.261,1791455916.192080,622,1791455916.080314,camera_color_optical_frame,1,0.2866,0.6768,0.00130,0.012,1,IDLE,disabled,0.000,0.000,deg/s,joint_states,-0.180,0.180,0.000,0.000,0.950,-0.139,-0.257,0.271,0.676,-8.340,15.010,,pan
assignment3_kp2_t1,22.282,1791455916.211852,623,1791455916.113695,camera_color_optical_frame,1,0.2926,0.6865,0.00121,0.003,1,IDLE,disabled,0.000,0.000,deg/s,joint_states,-0.090,0.180,0.000,0.000,0.944,-0.139,-0.257,0.274,0.680,-8.348,15.095,,pan
assignment3_kp2_t1,22.301,1791455916.231122,623,1791455916.113695,camera_color_optical_frame,1,0.2926,0.6865,0.00121,0.021,1,IDLE,disabled,0.000,0.000,deg/s,joint_states,-0.090,0.180,0.000,0.000,0.943,-0.149,-0.264,0.297,0.699,-9.004,15.466,,pan
assignment3_kp2_t1,22.321,1791455916.258477,624,1791455916.147075,camera_color_optical_frame,1,0.2897,0.6851,0.00130,0.014,1,IDLE,disabled,0.000,0.000,deg/s,joint_states,-0.090,0.180,0.000,0.000,0.951,-0.145,-0.258,0.286,0.678,-8.687,15.036,,pan
assignment3_kp2_t1,22.341,1791455916.270989,624,1791455916.147075,camera_color_optical_frame,1,0.2897,0.6851,0.00130,0.035,1,IDLE,disabled,0.000,0.000,deg/s,joint_states,-0.090,0.180,0.000,0.000,0.947,-0.146,-0.258,0.287,0.680,-8.734,15.091,,pan
assignment3_kp2_t1,22.361,1791455916.291194,625,1791455916.180455,camera_color_optical_frame,1,0.2891,0.6859,0.00135,0.014,1,IDLE,disabled,0.000,0.000,deg/s,joint_states,-0.090,0.180,0.000,0.000,0.965,-0.142,-0.257,0.275,0.664,-8.365,14.765,,pan
assignment3_kp2_t1,22.380,1791455916.309682,625,1791455916.180455,camera_color_optical_frame,1,0.2891,0.6859,0.00135,0.033,1,IDLE,disabled,0.000,0.000,deg/s,joint_states,-0.090,0.180,0.000,0.000,0.965,-0.142,-0.257,0.275,0.664,-8.353,14.762,,pan
assignment3_kp2_t1,22.401,1791455916.330550,626,1791455916.213836,camera_color_optical_frame,1,0.2927,0.6883,0.00124,0.016,1,IDLE,disabled,0.000,0.000,deg/s,joint_states,-0.090,0.180,0.000,0.000,0.965,-0.145,-0.260,0.281,0.673,-8.537,14.936,,pan
assignment3_kp2_t1,22.425,1791455916.356563,627,1791455916.247199,camera_color_optical_frame,1,0.2972,0.6849,0.00135,0.016,0,IDLE,disabled,0.000,0.000,deg/s,joint_states,-0.090,0.180,0.000,0.000,0.548,-0.088,-0.152,0.302,0.690,-9.164,15.271,,pan
assignment3_kp2_t1,22.441,1791455916.371219,627,1791455916.247199,camera_color_optical_frame,1,0.2972,0.6849,0.00135,0.031,0,IDLE,disabled,0.000,0.000,deg/s,joint_states,-0.090,0.180,0.000,0.000,0.541,-0.087,-0.150,0.303,0.691,-9.187,15.286,,pan
assignment3_kp2_t1,22.462,1791455916.392871,627,1791455916.247199,camera_color_optical_frame,1,0.2972,0.6849,0.00135,0.052,0,IDLE,disabled,0.000,0.000,deg/s,joint_states,-0.180,0.180,0.000,0.000,0.531,-0.086,-0.147,0.301,0.691,-9.219,15.308,,pan
assignment3_kp2_t1,22.480,1791455916.412131,628,1791455916.280562,camera_color_optical_frame,1,0.3043,0.6913,0.00124,0.014,1,IDLE,disabled,0.000,0.000,deg/s,joint_states,-0.090,0.180,0.000,0.000,0.941,-0.157,-0.255,0.313,0.676,-9.495,14.978,,pan
assignment3_kp2_t1,22.503,1791455916.434545,629,1791455916.313926,camera_color_optical_frame,1,0.3122,0.6905,0.00131,0.013,1,IDLE,disabled,0.000,0.000,deg/s,joint_states,-0.090,0.180,0.000,0.000,1.015,-0.162,-0.272,0.299,0.668,-9.062,14.824,,pan
assignment3_kp2_t1,22.531,1791455916.463073,630,1791455916.347289,camera_color_optical_frame,1,0.3244,0.6911,0.00123,0.011,1,IDLE,disabled,0.000,0.000,deg/s,joint_states,-0.090,0.180,0.000,0.000,0.958,-0.177,-0.256,0.347,0.666,-10.488,14.723,,pan
assignment3_kp2_t1,22.541,1791455916.471038,630,1791455916.347289,camera_color_optical_frame,1,0.3244,0.6911,0.00123,0.022,1,IDLE,disabled,0.000,0.000,deg/s,joint_states,-0.090,0.180,0.000,0.000,0.958,-0.179,-0.256,0.350,0.666,-10.585,14.714,,pan
assignment3_kp2_t1,22.563,1791455916.497291,631,1791455916.380652,camera_color_optical_frame,1,0.3397,0.6954,0.00124,0.018,1,IDLE,disabled,0.000,0.000,deg/s,joint_states,-0.090,0.180,0.000,0.000,0.950,-0.191,-0.260,0.377,0.683,-11.377,15.029,,pan
assignment3_kp2_t1,22.583,1791455916.513271,632,1791455916.414015,camera_color_optical_frame,1,0.3540,0.6996,0.00131,0.008,1,IDLE,disabled,0.000,0.000,deg/s,joint_states,-0.180,0.180,0.000,0.000,0.950,-0.194,-0.264,0.379,0.693,-11.524,15.236,,pan
assignment3_kp2_t1,22.602,1791455916.531774,632,1791455916.414015,camera_color_optical_frame,1,0.3540,0.6996,0.00131,0.027,1,IDLE,disabled,0.000,0.000,deg/s,joint_states,-0.090,0.090,0.000,0.000,0.950,-0.198,-0.265,0.391,0.700,-11.764,15.282,,pan
assignment3_kp2_t1,22.627,1791455916.561374,633,1791455916.447378,camera_color_optical_frame,1,0.3654,0.7003,0.00142,0.017,1,IDLE,disabled,0.000,0.000,deg/s,joint_states,-0.090,0.180,0.000,0.000,0.914,-0.191,-0.252,0.392,0.687,-11.792,15.101,,pan
assignment3_kp2_t1,22.641,1791455916.570693,634,1791455916.480742,camera_color_optical_frame,1,0.3742,0.7043,0.00135,0.003,1,IDLE,disabled,0.000,0.000,deg/s,joint_states,-0.090,0.180,0.000,0.000,0.908,-0.189,-0.251,0.391,0.690,-11.780,15.158,,pan
assignment3_kp2_t1,22.663,1791455916.596332,634,1791455916.480742,camera_color_optical_frame,1,0.3742,0.7043,0.00135,0.025,1,IDLE,disabled,0.000,0.000,deg/s,joint_states,-0.090,0.180,0.000,0.000,0.902,-0.192,-0.250,0.399,0.692,-11.997,15.181,,pan
assignment3_kp2_t1,22.682,1791455916.611991,635,1791455916.514105,camera_color_optical_frame,1,0.3817,0.7033,0.00150,0.007,1,IDLE,disabled,0.000,0.000,deg/s,joint_states,-0.180,0.180,0.000,0.000,0.929,-0.194,-0.252,0.388,0.676,-11.777,14.871,,pan
assignment3_kp2_t1,22.703,1791455916.632703,635,1791455916.514105,camera_color_optical_frame,1,0.3817,0.7033,0.00150,0.028,1,IDLE,disabled,0.000,0.000,deg/s,joint_states,-0.090,0.180,0.000,0.000,0.927,-0.196,-0.251,0.396,0.676,-11.930,14.855,,pan
assignment3_kp2_t1,22.721,1791455916.653704,636,1791455916.547468,camera_color_optical_frame,1,0.3866,0.7033,0.00143,0.014,1,IDLE,disabled,0.000,0.000,deg/s,joint_states,-0.090,0.180,0.000,0.000,0.926,-0.195,-0.254,0.395,0.686,-11.879,15.057,,pan
assignment3_kp2_t1,22.743,1791455916.675169,637,1791455916.580831,camera_color_optical_frame,1,0.3875,0.7056,0.00143,0.003,1,IDLE,disabled,0.000,0.000,deg/s,joint_states,-0.090,0.180,0.000,0.000,0.924,-0.197,-0.254,0.400,0.686,-12.020,15.064,,pan
assignment3_kp2_t1,22.760,1791455916.689780,637,1791455916.580831,camera_color_optical_frame,1,0.3875,0.7056,0.00143,0.020,1,IDLE,disabled,0.000,0.000,deg/s,joint_states,-0.090,0.180,0.000,0.000,0.934,-0.192,-0.260,0.386,0.696,-11.640,15.275,,pan
assignment3_kp2_t1,22.780,1791455916.709862,638,1791455916.614195,camera_color_optical_frame,1,0.3868,0.7042,0.00139,0.009,1,IDLE,disabled,0.000,0.000,deg/s,joint_states,-0.090,0.180,0.000,0.000,0.931,-0.188,-0.257,0.378,0.688,-11.395,15.139,,pan
assignment3_kp2_t1,22.800,1791455916.729230,639,1791455916.647557,camera_color_optical_frame,1,0.3827,0.7063,0.00147,0.014,0,IDLE,disabled,0.000,0.000,deg/s,joint_states,-0.180,0.180,0.000,0.000,0.561,-0.115,-0.160,0.381,0.710,-11.575,15.587,,pan
assignment3_kp2_t1,22.822,1791455916.754508,639,1791455916.647557,camera_color_optical_frame,1,0.3827,0.7063,0.00147,0.036,0,IDLE,disabled,0.000,0.000,deg/s,joint_states,-0.090,0.180,0.000,0.000,0.550,-0.113,-0.157,0.385,0.712,-11.588,15.611,,pan
assignment3_kp2_t1,22.840,1791455916.770847,640,1791455916.680921,camera_color_optical_frame,1,0.3777,0.7037,0.00151,0.003,1,IDLE,disabled,0.000,0.000,deg/s,joint_states,-0.180,0.180,0.000,0.000,0.938,-0.176,-0.256,0.349,0.682,-10.638,15.050,,pan
assignment3_kp2_t1,22.861,1791455916.796603,640,1791455916.680921,camera_color_optical_frame,1,0.3777,0.7037,0.00151,0.024,1,IDLE,disabled,0.000,0.000,deg/s,joint_states,-0.090,0.180,0.000,0.000,0.938,-0.175,-0.257,0.349,0.682,-10.556,15.050,,pan
assignment3_kp2_t1,22.880,1791455916.811586,641,1791455916.714284,camera_color_optical_frame,1,0.3731,0.6998,0.00141,0.006,1,IDLE,disabled,0.000,0.000,deg/s,joint_states,-0.090,0.180,0.000,0.000,0.972,-0.187,-0.264,0.361,0.677,-10.884,14.924,,pan
assignment3_kp2_t1,22.903,1791455916.832785,641,1791455916.714284,camera_color_optical_frame,1,0.3731,0.6998,0.00141,0.029,1,IDLE,disabled,0.000,0.000,deg/s,joint_states,-0.180,0.180,0.000,0.000,0.983,-0.189,-0.267,0.357,0.676,-10.872,14.914,,pan
assignment3_kp2_t1,22.920,1791455916.851153,642,1791455916.747647,camera_color_optical_frame,1,0.3681,0.7009,0.00137,0.014,1,IDLE,disabled,0.000,0.000,deg/s,joint_states,-0.090,0.180,0.000,0.000,0.937,-0.173,-0.254,0.345,0.676,-10.438,14.931,,pan
assignment3_kp2_t1,22.939,1791455916.868928,642,1791455916.747647,camera_color_optical_frame,1,0.3681,0.7009,0.00137,0.033,1,IDLE,disabled,0.000,0.000,deg/s,joint_states,-0.090,0.180,0.000,0.000,0.937,-0.172,-0.254,0.343,0.675,-10.374,14.918,,pan
assignment3_kp2_t1,22.960,1791455916.893410,643,1791455916.781010,camera_color_optical_frame,1,0.3622,0.6983,0.00138,0.019,1,IDLE,disabled,0.000,0.000,deg/s,joint_states,-0.090,0.180,0.000,0.000,0.977,-0.171,-0.264,0.327,0.675,-9.912,14.929,,pan
assignment3_kp2_t1,22.980,1791455916.909289,644,1791455916.814373,camera_color_optical_frame,1,0.3569,0.6964,0.00141,0.007,1,IDLE,disabled,0.000,0.000,deg/s,joint_states,-0.090,0.180,0.000,0.000,0.950,-0.168,-0.255,0.332,0.670,-10.041,14.811,,pan
assignment3_kp2_t1,23.000,1791455916.929101,645,1791455916.847737,camera_color_optical_frame,1,0.3552,0.6968,0.00130,0.015,0,IDLE,disabled,0.000,0.000,deg/s,joint_states,-0.090,0.180,0.000,0.000,0.561,-0.106,-0.157,0.355,0.700,-10.722,15.413,,pan
assignment3_kp2_t1,23.020,1791455916.950291,645,1791455916.847737,camera_color_optical_frame,1,0.3552,0.6968,0.00130,0.035,0,IDLE,disabled,0.000,0.000,deg/s,joint_states,-0.090,0.180,0.000,0.000,0.551,-0.104,-0.155,0.355,0.701,-10.720,15.431,,pan
assignment3_kp2_t1,23.040,1791455916.970239,646,1791455916.881100,camera_color_optical_frame,1,0.3551,0.6954,0.00129,0.006,1,IDLE,disabled,0.000,0.000,deg/s,joint_states,-0.090,0.180,0.000,0.000,0.968,-0.173,-0.261,0.335,0.673,-10.143,14.880,,pan
assignment3_kp2_t1,23.060,1791455916.989922,647,1791455916.914463,camera_color_optical_frame,1,0.3555,0.6928,0.00135,0.011,0,IDLE,disabled,0.000,0.000,deg/s,joint_states,-0.090,0.090,0.000,0.000,0.599,-0.114,-0.165,0.356,0.693,-10.746,15.172,,pan
assignment3_kp2_t1,23.080,1791455917.010143,647,1791455916.914463,camera_color_optical_frame,1,0.3555,0.6928,0.00135,0.030,0,IDLE,disabled,0.000,0.000,deg/s,joint_states,-0.090,0.180,0.000,0.000,0.599,-0.114,-0.165,0.356,0.687,-10.749,15.148,,pan
assignment3_kp2_t1,23.100,1791455917.029459,648,1791455916.947826,camera_color_optical_frame,1,0.3562,0.6909,0.00143,0.002,0,IDLE,disabled,0.000,0.000,deg/s,joint_states,-0.090,0.180,0.000,0.000,0.599,-0.114,-0.165,0.356,0.686,-10.751,15.123,,pan
assignment3_kp2_t1,23.121,1791455917.054109,648,1791455916.947826,camera_color_optical_frame,1,0.3562,0.6909,0.00143,0.022,1,IDLE,disabled,0.000,0.000,deg/s,joint_states,-0.090,0.180,0.000,0.000,0.935,-0.172,-0.249,0.344,0.663,-10.406,14.658,,pan
assignment3_kp2_t1,23.141,1791455917.072347,649,1791455916.981189,camera_color_optical_frame,1,0.3564,0.6906,0.00146,0.003,1,IDLE,disabled,0.000,0.000,deg/s,joint_states,-0.090,0.090,0.000,0.000,0.988,-0.180,-0.263,0.342,0.669,-10.330,14.708,,pan
assignment3_kp2_t1,23.161,1791455917.098546,649,1791455916.981189,camera_color_optical_frame,1,0.3564,0.6906,0.00146,0.023,1,IDLE,disabled,0.000,0.000,deg/s,joint_states,-0.090,0.180,0.000,0.000,0.997,-0.182,-0.266,0.341,0.665,-10.324,14.700,,pan
assignment3_kp2_t1,23.181,1791455917.110137,650,1791455917.014552,camera_color_optical_frame,1,0.3557,0.6944,0.00138,0.007,1,IDLE,disabled,0.000,0.000,deg/s,joint_states,-0.090,0.180,0.000,0.000,0.946,-0.172,-0.257,0.341,0.678,-10.318,14.984,,pan
assignment3_kp2_t1,23.200,1791455917.129421,650,1791455917.014552,camera_color_optical_frame,1,0.3557,0.6944,0.00138,0.027,1,IDLE,disabled,0.000,0.000,deg/s,joint_states,-0.180,0.180,0.000,0.000,0.946,-0.172,-0.258,0.338,0.679,-10.314,15.006,,pan
assignment3_kp2_t1,23.220,1791455917.153355,651,1791455917.047915,camera_color_optical_frame,1,0.3558,0.6940,0.00140,0.016,1,IDLE,disabled,0.000,0.000,deg/s,joint_states,-0.090,0.180,0.000,0.000,0.955,-0.174,-0.258,0.341,0.674,-10.310,14.903,,pan
assignment3_kp2_t1,23.243,1791455917.172993,652,1791455917.081278,camera_color_optical_frame,1,0.3566,0.6929,0.00143,0.003,1,IDLE,disabled,0.000,0.000,deg/s,joint_states,-0.090,0.180,0.000,0.000,0.957,-0.174,-0.259,0.341,0.675,-10.304,14.923,,pan
assignment3_kp2_t1,23.262,1791455917.194616,652,1791455917.081278,camera_color_optical_frame,1,0.3566,0.6929,0.00143,0.022,1,IDLE,disabled,0.000,0.000,deg/s,joint_states,-0.090,0.180,0.000,0.000,0.962,-0.177,-0.258,0.344,0.670,-10.405,14.799,,pan
assignment3_kp2_t1,23.280,1791455917.210469,653,1791455917.114641,camera_color_optical_frame,1,0.3572,0.6902,0.00150,0.008,1,IDLE,disabled,0.000,0.000,deg/s,joint_states,-0.090,0.090,0.000,0.000,0.948,-0.178,-0.254,0.353,0.673,-10.654,14.766,,pan
assignment3_kp2_t1,23.300,1791455917.230424,653,1791455917.114641,camera_color_optical_frame,1,0.3572,0.6902,0.00150,0.028,1,IDLE,disabled,0.000,0.000,deg/s,joint_states,-0.180,0.180,0.000,0.000,0.948,-0.179,-0.254,0.351,0.668,-10.693,14.761,,pan
assignment3_kp2_t1,23.320,1791455917.251962,654,1791455917.148005,camera_color_optical_frame,1,0.3579,0.6865,0.00157,0.007,1,IDLE,disabled,0.000,0.000,deg/s,joint_states,-0.090,0.180,0.000,0.000,0.954,-0.176,-0.251,0.346,0.656,-10.465,14.507,,pan
assignment3_kp2_t1,23.341,1791455917.271655,654,1791455917.148005,camera_color_optical_frame,1,0.3579,0.6865,0.00157,0.027,1,IDLE,disabled,0.000,0.000,deg/s,joint_states,-0.180,0.180,0.000,0.000,0.955,-0.177,-0.250,0.344,0.654,-10.478,14.464,,pan
assignment3_kp2_t1,23.362,1791455917.292691,655,1791455917.181368,camera_color_optical_frame,1,0.3578,0.6856,0.00160,0.014,1,IDLE,disabled,0.000,0.000,deg/s,joint_states,-0.090,0.180,0.000,0.000,0.958,-0.174,-0.251,0.340,0.653,-10.289,14.444,,pan
assignment3_kp2_t1,23.382,1791455917.311249,656,1791455917.214731,camera_color_optical_frame,1,0.3577,0.6863,0.00161,0.006,1,IDLE,disabled,0.000,0.000,deg/s,joint_states,-0.090,0.180,0.000,0.000,0.952,-0.178,-0.254,0.351,0.666,-10.599,14.704,,pan
assignment3_kp2_t1,23.400,1791455917.330317,656,1791455917.214731,camera_color_optical_frame,1,0.3577,0.6863,0.00161,0.024,1,IDLE,disabled,0.000,0.000,deg/s,joint_states,-0.090,0.180,0.000,0.000,0.952,-0.179,-0.254,0.352,0.666,-10.621,14.703,,pan
assignment3_kp2_t1,23.420,1791455917.352942,657,1791455917.248077,camera_color_optical_frame,1,0.3578,0.6854,0.00161,0.009,1,IDLE,disabled,0.000,0.000,deg/s,joint_states,-0.090,0.180,0.000,0.000,0.946,-0.177,-0.253,0.350,0.667,-10.570,14.739,,pan
assignment3_kp2_t1,23.440,1791455917.369433,657,1791455917.248077,camera_color_optical_frame,1,0.3578,0.6854,0.00161,0.029,1,IDLE,disabled,0.000,0.000,deg/s,joint_states,-0.180,0.180,0.000,0.000,0.945,-0.177,-0.253,0.347,0.668,-10.590,14.749,,pan
assignment3_kp2_t1,23.462,1791455917.397588,658,1791455917.281425,camera_color_optical_frame,1,0.3583,0.6836,0.00164,0.019,1,IDLE,disabled,0.000,0.000,deg/s,joint_states,-0.180,0.180,0.000,0.000,0.951,-0.173,-0.251,0.338,0.658,-10.303,14.561,,pan
assignment3_kp2_t1,23.481,1791455917.412297,659,1791455917.314771,camera_color_optical_frame,1,0.3579,0.6850,0.00162,0.005,1,IDLE,disabled,0.000,0.000,deg/s,joint_states,-0.090,0.090,0.000,0.000,0.955,-0.174,-0.254,0.341,0.668,-10.313,14.671,,pan
assignment3_kp2_t1,23.501,1791455917.431622,659,1791455917.314771,camera_color_optical_frame,1,0.3579,0.6850,0.00162,0.025,1,IDLE,disabled,0.000,0.000,deg/s,joint_states,-0.090,0.180,0.000,0.000,0.956,-0.174,-0.254,0.340,0.663,-10.295,14.668,,pan
assignment3_kp2_t1,23.522,1791455917.451582,660,1791455917.348118,camera_color_optical_frame,1,0.3586,0.6839,0.00167,0.006,1,IDLE,disabled,0.000,0.000,deg/s,joint_states,-0.090,0.180,0.000,0.000,0.946,-0.177,-0.252,0.351,0.664,-10.605,14.665,,pan
assignment3_kp2_t1,23.540,1791455917.469215,660,1791455917.348118,camera_color_optical_frame,1,0.3586,0.6839,0.00167,0.024,1,IDLE,disabled,0.000,0.000,deg/s,joint_states,-0.090,0.180,0.000,0.000,0.946,-0.177,-0.252,0.352,0.664,-10.625,14.666,,pan
assignment3_kp2_t1,23.562,1791455917.491437,662,1791455917.414812,camera_color_optical_frame,1,0.3591,0.6838,0.00171,0.007,0,IDLE,disabled,0.000,0.000,deg/s,joint_states,-0.090,0.090,0.000,0.000,0.563,-0.109,-0.155,0.362,0.691,-10.918,15.139,,pan
assignment3_kp2_t1,23.580,1791455917.510279,662,1791455917.414812,camera_color_optical_frame,1,0.3591,0.6838,0.00171,0.026,0,IDLE,disabled,0.000,0.000,deg/s,joint_states,-0.090,0.180,0.000,0.000,0.554,-0.107,-0.153,0.362,0.688,-10.938,15.156,,pan
assignment3_kp2_t1,23.600,1791455917.529129,662,1791455917.414812,camera_color_optical_frame,1,0.3591,0.6838,0.00171,0.045,0,IDLE,disabled,0.000,0.000,deg/s,joint_states,-0.090,0.180,0.000,0.000,0.545,-0.106,-0.151,0.363,0.689,-10.959,15.175,,pan
assignment3_kp2_t1,23.620,1791455917.551438,663,1791455917.448158,camera_color_optical_frame,1,0.3589,0.6842,0.00168,0.019,1,IDLE,disabled,0.000,0.000,deg/s,joint_states,-0.090,0.180,0.000,0.000,0.952,-0.174,-0.254,0.343,0.664,-10.377,14.682,,pan
assignment3_kp2_t1,23.641,1791455917.570683,664,1791455917.481505,camera_color_optical_frame,1,0.3587,0.6839,0.00167,0.003,1,IDLE,disabled,0.000,0.000,deg/s,joint_states,-0.090,0.180,0.000,0.000,0.953,-0.175,-0.252,0.344,0.658,-10.385,14.560,,pan
assignment3_kp2_t1,23.660,1791455917.591131,664,1791455917.481505,camera_color_optical_frame,1,0.3587,0.6839,0.00167,0.021,1,IDLE,disabled,0.000,0.000,deg/s,joint_states,-0.090,0.180,0.000,0.000,0.953,-0.175,-0.252,0.343,0.658,-10.377,14.551,,pan
assignment3_kp2_t1,23.680,1791455917.610016,665,1791455917.514851,camera_color_optical_frame,1,0.3584,0.6850,0.00166,0.008,1,IDLE,disabled,0.000,0.000,deg/s,joint_states,-0.090,0.180,0.000,0.000,0.954,-0.175,-0.255,0.344,0.665,-10.397,14.703,,pan
assignment3_kp2_t1,23.700,1791455917.629156,666,1791455917.548198,camera_color_optical_frame,1,0.3585,0.6841,0.00169,0.009,0,IDLE,disabled,0.000,0.000,deg/s,joint_states,-0.090,0.180,0.000,0.000,0.561,-0.108,-0.155,0.361,0.688,-10.899,15.167,,pan
assignment3_kp2_t1,23.720,1791455917.652654,666,1791455917.548198,camera_color_optical_frame,1,0.3585,0.6841,0.00169,0.030,0,IDLE,disabled,0.000,0.000,deg/s,joint_states,-0.090,0.180,0.000,0.000,0.551,-0.106,-0.152,0.362,0.690,-10.920,15.191,,pan
assignment3_kp2_t1,23.740,1791455917.670161,667,1791455917.581544,camera_color_optical_frame,1,0.3588,0.6828,0.00167,0.002,0,IDLE,disabled,0.000,0.000,deg/s,joint_states,-0.090,0.180,0.000,0.000,0.542,-0.105,-0.150,0.362,0.691,-10.940,15.215,,pan
assignment3_kp2_t1,23.761,1791455917.692491,667,1791455917.581544,camera_color_optical_frame,1,0.3588,0.6828,0.00167,0.023,1,IDLE,disabled,0.000,0.000,deg/s,joint_states,-0.090,0.180,0.000,0.000,0.953,-0.176,-0.252,0.346,0.658,-10.449,14.561,,pan
assignment3_kp2_t1,23.780,1791455917.709584,668,1791455917.614890,camera_color_optical_frame,1,0.3587,0.6830,0.00166,0.004,1,IDLE,disabled,0.000,0.000,deg/s,joint_states,-0.180,0.180,0.000,0.000,0.998,-0.183,-0.264,0.341,0.660,-10.398,14.606,,pan
assignment3_kp2_t1,23.801,1791455917.733229,668,1791455917.614890,camera_color_optical_frame,1,0.3587,0.6830,0.00166,0.025,1,IDLE,disabled,0.000,0.000,deg/s,joint_states,-0.090,0.180,0.000,0.000,1.008,-0.185,-0.267,0.344,0.660,-10.392,14.598,,pan
assignment3_kp2_t1,23.820,1791455917.751281,669,1791455917.648236,camera_color_optical_frame,1,0.3585,0.6855,0.00166,0.007,1,IDLE,disabled,0.000,0.000,deg/s,joint_states,-0.180,0.180,0.000,0.000,0.950,-0.175,-0.255,0.341,0.669,-10.409,14.780,,pan
assignment3_kp2_t1,23.840,1791455917.769286,669,1791455917.648236,camera_color_optical_frame,1,0.3585,0.6855,0.00166,0.026,1,IDLE,disabled,0.000,0.000,deg/s,joint_states,-0.090,0.180,0.000,0.000,0.950,-0.175,-0.255,0.344,0.670,-10.407,14.797,,pan
assignment3_kp2_t1,23.864,1791455917.794129,671,1791455917.714928,camera_color_optical_frame,1,0.3586,0.6839,0.00167,0.003,1,IDLE,disabled,0.000,0.000,deg/s,joint_states,-0.090,0.180,0.000,0.000,0.950,-0.177,-0.254,0.349,0.667,-10.553,14.726,,pan
assignment3_kp2_t1,23.881,1791455917.810407,671,1791455917.714928,camera_color_optical_frame,1,0.3586,0.6839,0.00167,0.019,0,IDLE,disabled,0.000,0.000,deg/s,joint_states,-0.090,0.180,0.000,0.000,0.554,-0.107,-0.153,0.362,0.688,-10.924,15.159,,pan
assignment3_kp2_t1,23.902,1791455917.831330,672,1791455917.748274,camera_color_optical_frame,1,0.3595,0.6839,0.00174,0.002,1,IDLE,disabled,0.000,0.000,deg/s,joint_states,-0.090,0.180,0.000,0.000,0.959,-0.177,-0.255,0.347,0.662,-10.476,14.637,,pan
assignment3_kp2_t1,23.921,1791455917.857971,672,1791455917.748274,camera_color_optical_frame,1,0.3595,0.6839,0.00174,0.021,1,IDLE,disabled,0.000,0.000,deg/s,joint_states,-0.090,0.180,0.000,0.000,0.959,-0.177,-0.255,0.347,0.662,-10.476,14.633,,pan
assignment3_kp2_t1,23.941,1791455917.870956,673,1791455917.781620,camera_color_optical_frame,1,0.3592,0.6852,0.00172,0.003,1,IDLE,disabled,0.000,0.000,deg/s,joint_states,-0.090,0.090,0.000,0.000,0.994,-0.183,-0.264,0.345,0.667,-10.415,14.655,,pan
assignment3_kp2_t1,23.962,1791455917.895171,673,1791455917.781620,camera_color_optical_frame,1,0.3592,0.6852,0.00172,0.024,1,IDLE,disabled,0.000,0.000,deg/s,joint_states,-0.090,0.180,0.000,0.000,1.004,-0.184,-0.267,0.344,0.663,-10.409,14.649,,pan
assignment3_kp2_t1,23.981,1791455917.911422,674,1791455917.814966,camera_color_optical_frame,1,0.3595,0.6849,0.00174,0.007,1,IDLE,disabled,0.000,0.000,deg/s,joint_states,-0.090,0.090,0.000,0.000,0.950,-0.175,-0.254,0.345,0.670,-10.414,14.710,,pan
assignment3_kp2_t1,24.001,1791455917.931450,674,1791455917.814966,camera_color_optical_frame,1,0.3595,0.6849,0.00174,0.027,1,IDLE,disabled,0.000,0.000,deg/s,joint_states,-0.090,0.180,0.000,0.000,0.950,-0.174,-0.254,0.344,0.666,-10.407,14.717,,pan
assignment3_kp2_t1,24.020,1791455917.949214,675,1791455917.848312,camera_color_optical_frame,1,0.3592,0.6849,0.00174,0.013,1,IDLE,disabled,0.000,0.000,deg/s,joint_states,-0.090,0.180,0.000,0.000,0.948,-0.175,-0.249,0.345,0.656,-10.437,14.511,,pan
assignment3_kp2_t1,24.040,1791455917.970275,675,1791455917.848312,camera_color_optical_frame,1,0.3592,0.6849,0.00174,0.034,1,IDLE,disabled,0.000,0.000,deg/s,joint_states,-0.090,0.180,0.000,0.000,0.947,-0.174,-0.249,0.345,0.655,-10.436,14.490,,pan
assignment3_kp2_t1,24.060,1791455917.991041,676,1791455917.881657,camera_color_optical_frame,1,0.3597,0.6853,0.00178,0.016,1,IDLE,disabled,0.000,0.000,deg/s,joint_states,-0.090,0.180,0.000,0.000,0.951,-0.176,-0.252,0.346,0.660,-10.459,14.599,,pan
assignment3_kp2_t1,24.080,1791455918.009479,676,1791455917.881657,camera_color_optical_frame,1,0.3597,0.6853,0.00178,0.035,1,IDLE,disabled,0.000,0.000,deg/s,joint_states,-0.090,0.180,0.000,0.000,0.951,-0.175,-0.252,0.346,0.660,-10.460,14.590,,pan
assignment3_kp2_t1,24.101,1791455918.033048,677,1791455917.915003,camera_color_optical_frame,1,0.3600,0.6836,0.00178,0.018,1,IDLE,disabled,0.000,0.000,deg/s,joint_states,-0.180,0.180,0.000,0.000,0.947,-0.176,-0.253,0.345,0.666,-10.510,14.713,,pan
assignment3_kp2_t1,24.120,1791455918.049612,678,1791455917.948349,camera_color_optical_frame,1,0.3600,0.6858,0.00180,0.004,1,IDLE,disabled,0.000,0.000,deg/s,joint_states,-0.090,0.180,0.000,0.000,0.954,-0.177,-0.256,0.347,0.668,-10.480,14.768,,pan
assignment3_kp2_t1,24.143,1791455918.073339,678,1791455917.948349,camera_color_optical_frame,1,0.3600,0.6858,0.00180,0.027,1,IDLE,disabled,0.000,0.000,deg/s,joint_states,-0.090,0.180,0.000,0.000,0.954,-0.177,-0.256,0.347,0.669,-10.484,14.784,,pan
assignment3_kp2_t1,24.160,1791455918.090708,679,1791455917.981694,camera_color_optical_frame,1,0.3603,0.6857,0.00181,0.009,1,IDLE,disabled,0.000,0.000,deg/s,joint_states,-0.090,0.090,0.000,0.000,0.957,-0.177,-0.256,0.347,0.672,-10.484,14.759,,pan
assignment3_kp2_t1,24.180,1791455918.110191,679,1791455917.981694,camera_color_optical_frame,1,0.3603,0.6857,0.00181,0.029,1,IDLE,disabled,0.000,0.000,deg/s,joint_states,-0.090,0.180,0.000,0.000,0.958,-0.177,-0.257,0.347,0.669,-10.486,14.771,,pan
assignment3_kp2_t1,24.200,1791455918.133734,680,1791455918.015039,camera_color_optical_frame,1,0.3601,0.6850,0.00181,0.016,1,IDLE,disabled,0.000,0.000,deg/s,joint_states,-0.090,0.180,0.000,0.000,0.944,-0.179,-0.251,0.355,0.663,-10.712,14.646,,pan
assignment3_kp2_t1,24.221,1791455918.150859,681,1791455918.048384,camera_color_optical_frame,1,0.3592,0.6836,0.00176,0.004,1,IDLE,disabled,0.000,0.000,deg/s,joint_states,-0.090,0.180,0.000,0.000,0.942,-0.173,-0.249,0.344,0.660,-10.395,14.589,,pan
assignment3_kp2_t1,24.240,1791455918.172742,681,1791455918.048384,camera_color_optical_frame,1,0.3592,0.6836,0.00176,0.024,1,IDLE,disabled,0.000,0.000,deg/s,joint_states,-0.090,0.180,0.000,0.000,0.941,-0.172,-0.249,0.344,0.659,-10.386,14.577,,pan
assignment3_kp2_t1,24.260,1791455918.190145,682,1791455918.081730,camera_color_optical_frame,1,0.3604,0.6847,0.00182,0.009,1,IDLE,disabled,0.000,0.000,deg/s,joint_states,-0.180,0.180,0.000,0.000,0.951,-0.174,-0.250,0.339,0.656,-10.348,14.521,,pan
assignment3_kp2_t1,24.280,1791455918.209043,682,1791455918.081730,camera_color_optical_frame,1,0.3604,0.6847,0.00182,0.028,1,IDLE,disabled,0.000,0.000,deg/s,joint_states,-0.090,0.180,0.000,0.000,0.951,-0.173,-0.250,0.341,0.655,-10.325,14.503,,pan
assignment3_kp2_t1,24.301,1791455918.230013,684,1791455918.148420,camera_color_optical_frame,1,0.3601,0.6853,0.00179,0.002,1,IDLE,disabled,0.000,0.000,deg/s,joint_states,-0.180,0.090,0.000,0.000,0.951,-0.177,-0.255,0.346,0.672,-10.530,14.752,,pan
assignment3_kp2_t1,24.321,1791455918.252297,684,1791455918.148420,camera_color_optical_frame,1,0.3601,0.6853,0.00179,0.023,0,IDLE,disabled,0.000,0.000,deg/s,joint_states,-0.090,0.180,0.000,0.000,0.551,-0.107,-0.153,0.364,0.691,-10.973,15.210,,pan
assignment3_kp2_t1,24.342,1791455918.271108,685,1791455918.181765,camera_color_optical_frame,1,0.3607,0.6847,0.00185,0.003,1,IDLE,disabled,0.000,0.000,deg/s,joint_states,-0.090,0.180,0.000,0.000,0.956,-0.179,-0.254,0.352,0.663,-10.621,14.649,,pan
assignment3_kp2_t1,24.362,1791455918.294532,685,1791455918.181765,camera_color_optical_frame,1,0.3607,0.6847,0.00185,0.024,1,IDLE,disabled,0.000,0.000,deg/s,joint_states,-0.090,0.180,0.000,0.000,0.956,-0.180,-0.254,0.352,0.663,-10.641,14.643,,pan
assignment3_kp2_t1,24.382,1791455918.310941,686,1791455918.215110,camera_color_optical_frame,1,0.3607,0.6849,0.00184,0.007,1,IDLE,disabled,0.000,0.000,deg/s,joint_states,-0.180,0.180,0.000,0.000,0.951,-0.179,-0.250,0.350,0.656,-10.656,14.498,,pan
assignment3_kp2_t1,24.401,1791455918.330738,686,1791455918.215110,camera_color_optical_frame,1,0.3607,0.6849,0.00184,0.026,1,IDLE,disabled,0.000,0.000,deg/s,joint_states,-0.090,0.180,0.000,0.000,0.951,-0.179,-0.250,0.353,0.655,-10.674,14.478,,pan
assignment3_kp2_t1,24.421,1791455918.351428,687,1791455918.248440,camera_color_optical_frame,1,0.3602,0.6833,0.00182,0.013,1,IDLE,disabled,0.000,0.000,deg/s,joint_states,-0.090,0.180,0.000,0.000,0.942,-0.172,-0.249,0.343,0.660,-10.367,14.599,,pan
assignment3_kp2_t1,24.441,1791455918.370244,687,1791455918.248440,camera_color_optical_frame,1,0.3602,0.6833,0.00182,0.033,1,IDLE,disabled,0.000,0.000,deg/s,joint_states,-0.180,0.180,0.000,0.000,0.941,-0.172,-0.249,0.339,0.659,-10.346,14.590,,pan
assignment3_kp2_t1,24.462,1791455918.392798,688,1791455918.281770,camera_color_optical_frame,1,0.3602,0.6851,0.00184,0.017,1,IDLE,disabled,0.000,0.000,deg/s,joint_states,-0.090,0.180,0.000,0.000,0.952,-0.176,-0.254,0.347,0.665,-10.476,14.691,,pan
assignment3_kp2_t1,24.482,1791455918.413536,689,1791455918.315099,camera_color_optical_frame,1,0.3604,0.6844,0.00186,0.005,1,IDLE,disabled,0.000,0.000,deg/s,joint_states,-0.090,0.180,0.000,0.000,0.950,-0.174,-0.254,0.344,0.667,-10.393,14.737,,pan
assignment3_kp2_t1,24.501,1791455918.430521,689,1791455918.315099,camera_color_optical_frame,1,0.3604,0.6844,0.00186,0.024,1,IDLE,disabled,0.000,0.000,deg/s,joint_states,-0.090,0.180,0.000,0.000,0.950,-0.174,-0.254,0.343,0.667,-10.376,14.751,,pan
assignment3_kp2_t1,24.520,1791455918.451444,690,1791455918.348429,camera_color_optical_frame,1,0.3604,0.6838,0.00188,0.009,1,IDLE,disabled,0.000,0.000,deg/s,joint_states,-0.090,0.180,0.000,0.000,0.950,-0.178,-0.253,0.351,0.664,-10.609,14.664,,pan
assignment3_kp2_t1,24.540,1791455918.470305,690,1791455918.348429,camera_color_optical_frame,1,0.3604,0.6838,0.00188,0.029,1,IDLE,disabled,0.000,0.000,deg/s,joint_states,-0.180,0.180,0.000,0.000,0.950,-0.178,-0.253,0.349,0.664,-10.623,14.666,,pan
assignment3_kp2_t1,24.561,1791455918.494275,691,1791455918.381758,camera_color_optical_frame,1,0.3607,0.6838,0.00190,0.018,1,IDLE,disabled,0.000,0.000,deg/s,joint_states,-0.090,0.180,0.000,0.000,0.952,-0.176,-0.253,0.346,0.661,-10.461,14.624,,pan
assignment3_kp2_t1,24.581,1791455918.511620,692,1791455918.415087,camera_color_optical_frame,1,0.3606,0.6849,0.00183,0.007,1,IDLE,disabled,0.000,0.000,deg/s,joint_states,-0.090,0.180,0.000,0.000,0.956,-0.176,-0.255,0.344,0.665,-10.403,14.706,,pan
assignment3_kp2_t1,24.602,1791455918.532144,692,1791455918.415087,camera_color_optical_frame,1,0.3606,0.6849,0.00183,0.028,1,IDLE,disabled,0.000,0.000,deg/s,joint_states,-0.090,0.180,0.000,0.000,0.957,-0.175,-0.256,0.344,0.666,-10.386,14.713,,pan
assignment3_kp2_t1,24.621,1791455918.554666,693,1791455918.448416,camera_color_optical_frame,1,0.3605,0.6850,0.00187,0.006,1,IDLE,disabled,0.000,0.000,deg/s,joint_states,-0.180,0.090,0.000,0.000,0.954,-0.179,-0.255,0.349,0.670,-10.638,14.717,,pan
assignment3_kp2_t1,24.640,1791455918.570754,693,1791455918.448416,camera_color_optical_frame,1,0.3605,0.6850,0.00187,0.025,1,IDLE,disabled,0.000,0.000,deg/s,joint_states,-0.090,0.180,0.000,0.000,0.954,-0.180,-0.255,0.353,0.667,-10.656,14.724,,pan
assignment3_kp2_t1,24.661,1791455918.593167,694,1791455918.481745,camera_color_optical_frame,1,0.3607,0.6845,0.00189,0.016,1,IDLE,disabled,0.000,0.000,deg/s,joint_states,-0.090,0.180,0.000,0.000,0.946,-0.175,-0.252,0.347,0.664,-10.488,14.681,,pan
assignment3_kp2_t1,24.680,1791455918.611511,695,1791455918.515074,camera_color_optical_frame,1,0.3606,0.6848,0.00187,0.006,1,IDLE,disabled,0.000,0.000,deg/s,joint_states,-0.090,0.180,0.000,0.000,0.948,-0.176,-0.252,0.347,0.663,-10.497,14.658,,pan
assignment3_kp2_t1,24.701,1791455918.631242,695,1791455918.515074,camera_color_optical_frame,1,0.3606,0.6848,0.00187,0.027,1,IDLE,disabled,0.000,0.000,deg/s,joint_states,-0.090,0.180,0.000,0.000,0.948,-0.176,-0.252,0.347,0.663,-10.498,14.657,,pan
assignment3_kp2_t1,24.720,1791455918.650374,696,1791455918.548403,camera_color_optical_frame,1,0.3606,0.6844,0.00185,0.011,1,IDLE,disabled,0.000,0.000,deg/s,joint_states,-0.180,0.180,0.000,0.000,0.945,-0.175,-0.250,0.343,0.660,-10.467,14.604,,pan
assignment3_kp2_t1,24.739,1791455918.668625,697,1791455918.581731,camera_color_optical_frame,1,0.3609,0.6851,0.00188,0.006,1,IDLE,disabled,0.000,0.000,deg/s,joint_states,-0.090,0.180,0.000,0.000,0.961,-0.178,-0.256,0.347,0.665,-10.496,14.698,,pan
assignment3_kp2_t1,24.760,1791455918.689884,697,1791455918.581731,camera_color_optical_frame,1,0.3609,0.6851,0.00188,0.027,1,IDLE,disabled,0.000,0.000,deg/s,joint_states,-0.180,0.180,0.000,0.000,0.963,-0.178,-0.257,0.344,0.665,-10.497,14.702,,pan
assignment3_kp2_t1,24.780,1791455918.710673,697,1791455918.581731,camera_color_optical_frame,1,0.3609,0.6851,0.00188,0.047,1,IDLE,disabled,0.000,0.000,deg/s,joint_states,-0.260,0.180,-1.370,0.000,0.964,-0.179,-0.257,0.342,0.665,-10.497,14.707,,pan
assignment3_kp2_t1,24.801,1791455918.731097,698,1791455918.615059,camera_color_optical_frame,1,0.3607,0.6838,0.00188,0.014,0,IDLE,disabled,0.000,0.000,deg/s,joint_states,-0.260,0.180,-1.370,0.000,0.545,-0.106,-0.151,0.359,0.689,-10.999,15.178,,pan
assignment3_kp2_t1,24.821,1791455918.752685,699,1791455918.648387,camera_color_optical_frame,1,0.3551,0.6839,0.00184,0.014,0,IDLE,disabled,0.000,0.000,deg/s,joint_states,-0.260,0.180,-1.370,0.000,0.551,-0.105,-0.152,0.352,0.689,-10.805,15.183,,pan
assignment3_kp2_t1,24.841,1791455918.770566,699,1791455918.648387,camera_color_optical_frame,1,0.3551,0.6839,0.00184,0.033,0,IDLE,disabled,0.000,0.000,deg/s,joint_states,-0.260,0.090,0.000,0.000,0.542,-0.103,-0.150,0.353,0.694,-10.817,15.205,,pan
assignment3_kp2_t1,24.861,1791455918.792437,700,1791455918.681715,camera_color_optical_frame,1,0.3515,0.6830,0.00208,0.018,1,IDLE,disabled,0.000,0.000,deg/s,joint_states,-0.180,0.180,0.000,0.000,0.954,-0.171,-0.253,0.333,0.660,-10.177,14.612,,pan
assignment3_kp2_t1,24.880,1791455918.810688,701,1791455918.715044,camera_color_optical_frame,1,0.3544,0.6842,0.00188,0.006,1,IDLE,disabled,0.000,0.000,deg/s,joint_states,-0.180,0.180,0.000,0.000,0.994,-0.183,-0.264,0.343,0.662,-10.451,14.639,,pan
assignment3_kp2_t1,24.902,1791455918.832485,701,1791455918.715044,camera_color_optical_frame,1,0.3544,0.6842,0.00188,0.028,1,IDLE,disabled,0.000,0.000,deg/s,joint_states,-0.180,0.180,0.000,0.000,1.005,-0.185,-0.267,0.343,0.662,-10.446,14.632,,pan
assignment3_kp2_t1,24.920,1791455918.849946,702,1791455918.748371,camera_color_optical_frame,1,0.3573,0.6846,0.00205,0.007,1,IDLE,disabled,0.000,0.000,deg/s,joint_states,-0.180,0.090,0.000,0.000,0.930,-0.179,-0.246,0.357,0.663,-10.880,14.547,,pan
assignment3_kp2_t1,24.941,1791455918.871009,702,1791455918.748371,camera_color_optical_frame,1,0.3573,0.6846,0.00205,0.028,1,IDLE,disabled,0.000,0.000,deg/s,joint_states,-0.180,0.180,0.000,0.000,0.927,-0.179,-0.245,0.360,0.658,-10.950,14.534,,pan
assignment3_kp2_t1,24.960,1791455918.889035,703,1791455918.781699,camera_color_optical_frame,1,0.3574,0.6832,0.00205,0.014,1,IDLE,disabled,0.000,0.000,deg/s,joint_states,-0.180,0.180,0.000,0.000,0.940,-0.176,-0.250,0.349,0.662,-10.629,14.639,,pan
assignment3_kp2_t1,24.980,1791455918.909578,703,1791455918.781699,camera_color_optical_frame,1,0.3574,0.6832,0.00205,0.034,1,IDLE,disabled,0.000,0.000,deg/s,joint_states,-0.180,0.090,0.000,0.000,0.939,-0.177,-0.250,0.350,0.667,-10.658,14.638,,pan
assignment3_kp2_t1,25.000,1791455918.932049,704,1791455918.815026,camera_color_optical_frame,1,0.3577,0.6845,0.00205,0.016,1,IDLE,disabled,0.000,0.000,deg/s,joint_states,-0.180,0.180,0.000,0.000,0.954,-0.177,-0.254,0.344,0.663,-10.504,14.658,,pan
assignment3_kp2_t1,25.020,1791455918.950126,705,1791455918.848353,camera_color_optical_frame,1,0.3569,0.6846,0.00202,0.002,1,IDLE,disabled,0.000,0.000,deg/s,joint_states,-0.180,0.180,0.000,0.000,0.955,-0.177,-0.254,0.345,0.663,-10.507,14.656,,pan
assignment3_kp2_t1,25.043,1791455918.973624,705,1791455918.848353,camera_color_optical_frame,1,0.3569,0.6846,0.00202,0.025,1,IDLE,disabled,0.000,0.000,deg/s,joint_states,-0.180,0.180,0.000,0.000,0.954,-0.174,-0.254,0.339,0.665,-10.356,14.697,,pan
assignment3_kp2_t1,25.062,1791455918.996231,706,1791455918.881680,camera_color_optical_frame,1,0.3576,0.6834,0.00209,0.009,1,IDLE,disabled,0.000,0.000,deg/s,joint_states,-0.180,0.180,0.000,0.000,0.950,-0.176,-0.251,0.344,0.659,-10.486,14.583,,pan
assignment3_kp2_t1,25.080,1791455919.009798,706,1791455918.881680,camera_color_optical_frame,1,0.3576,0.6834,0.00209,0.027,1,IDLE,disabled,0.000,0.000,deg/s,joint_states,-0.180,0.180,0.000,0.000,0.950,-0.176,-0.251,0.344,0.659,-10.486,14.578,,pan
assignment3_kp2_t1,25.100,1791455919.032848,707,1791455918.915007,camera_color_optical_frame,1,0.3579,0.6847,0.00207,0.015,1,IDLE,disabled,0.000,0.000,deg/s,joint_states,-0.180,0.180,0.000,0.000,0.947,-0.176,-0.253,0.344,0.664,-10.502,14.688,,pan
assignment3_kp2_t1,25.121,1791455919.050291,708,1791455918.948334,camera_color_optical_frame,1,0.3573,0.6832,0.00207,0.002,1,IDLE,disabled,0.000,0.000,deg/s,joint_states,-0.180,0.180,0.000,0.000,0.947,-0.176,-0.252,0.344,0.665,-10.503,14.691,,pan
assignment3_kp2_t1,25.142,1791455919.072917,708,1791455918.948334,camera_color_optical_frame,1,0.3573,0.6832,0.00207,0.022,1,IDLE,disabled,0.000,0.000,deg/s,joint_states,-0.180,0.180,0.000,0.000,0.949,-0.176,-0.252,0.344,0.662,-10.488,14.639,,pan
assignment3_kp2_t1,25.160,1791455919.091553,709,1791455918.981661,camera_color_optical_frame,1,0.3571,0.6823,0.00204,0.008,1,IDLE,disabled,0.000,0.000,deg/s,joint_states,-0.180,0.180,0.000,0.000,0.939,-0.173,-0.248,0.342,0.657,-10.432,14.544,,pan
assignment3_kp2_t1,25.180,1791455919.108931,709,1791455918.981661,camera_color_optical_frame,1,0.3571,0.6823,0.00204,0.027,1,IDLE,disabled,0.000,0.000,deg/s,joint_states,-0.180,0.180,0.000,0.000,0.938,-0.173,-0.247,0.342,0.657,-10.425,14.529,,pan
assignment3_kp2_t1,25.201,1791455919.130585,711,1791455919.048314,camera_color_optical_frame,1,0.3566,0.6849,0.00201,0.002,1,IDLE,disabled,0.000,0.000,deg/s,joint_states,-0.180,0.180,0.000,0.000,0.948,-0.175,-0.252,0.343,0.664,-10.471,14.679,,pan
assignment3_kp2_t1,25.221,1791455919.152231,711,1791455919.048314,camera_color_optical_frame,1,0.3566,0.6849,0.00201,0.022,0,IDLE,disabled,0.000,0.000,deg/s,joint_states,-0.180,0.180,0.000,0.000,0.551,-0.107,-0.152,0.360,0.690,-10.949,15.206,,pan
assignment3_kp2_t1,25.241,1791455919.171199,712,1791455919.081640,camera_color_optical_frame,1,0.3562,0.6822,0.00190,0.002,1,IDLE,disabled,0.000,0.000,deg/s,joint_states,-0.180,0.180,0.000,0.000,0.951,-0.175,-0.252,0.342,0.661,-10.423,14.626,,pan
assignment3_kp2_t1,25.260,1791455919.192888,712,1791455919.081640,camera_color_optical_frame,1,0.3562,0.6822,0.00190,0.021,1,IDLE,disabled,0.000,0.000,deg/s,joint_states,-0.180,0.180,0.000,0.000,0.952,-0.175,-0.253,0.342,0.661,-10.418,14.626,,pan
assignment3_kp2_t1,25.280,1791455919.209484,713,1791455919.114966,camera_color_optical_frame,1,0.3564,0.6833,0.00198,0.004,1,IDLE,disabled,0.000,0.000,deg/s,joint_states,-0.180,0.180,0.000,0.000,0.951,-0.175,-0.252,0.342,0.661,-10.418,14.623,,pan
assignment3_kp2_t1,25.301,1791455919.231766,713,1791455919.114966,camera_color_optical_frame,1,0.3564,0.6833,0.00198,0.025,1,IDLE,disabled,0.000,0.000,deg/s,joint_states,-0.180,0.090,0.000,0.000,0.951,-0.175,-0.252,0.341,0.665,-10.411,14.617,,pan
assignment3_kp2_t1,25.320,1791455919.251368,714,1791455919.148293,camera_color_optical_frame,1,0.3568,0.6818,0.00204,0.006,1,IDLE,disabled,0.000,0.000,deg/s,joint_states,-0.180,0.180,0.000,0.000,0.996,-0.183,-0.263,0.342,0.659,-10.429,14.577,,pan
assignment3_kp2_t1,25.341,1791455919.272044,714,1791455919.148293,camera_color_optical_frame,1,0.3568,0.6818,0.00204,0.027,1,IDLE,disabled,0.000,0.000,deg/s,joint_states,-0.180,0.180,0.000,0.000,1.006,-0.185,-0.266,0.342,0.659,-10.422,14.569,,pan
assignment3_kp2_t1,25.361,1791455919.293198,715,1791455919.181618,camera_color_optical_frame,1,0.3572,0.6813,0.00204,0.009,1,IDLE,disabled,0.000,0.000,deg/s,joint_states,-0.180,0.180,0.000,0.000,0.940,-0.174,-0.249,0.344,0.659,-10.504,14.583,,pan
assignment3_kp2_t1,25.380,1791455919.309315,715,1791455919.181618,camera_color_optical_frame,1,0.3572,0.6813,0.00204,0.028,1,IDLE,disabled,0.000,0.000,deg/s,joint_states,-0.180,0.180,0.000,0.000,0.940,-0.174,-0.249,0.345,0.659,-10.510,14.580,,pan
assignment3_kp2_t1,25.401,1791455919.334294,716,1791455919.214945,camera_color_optical_frame,1,0.3576,0.6820,0.00206,0.018,1,IDLE,disabled,0.000,0.000,deg/s,joint_states,-0.180,0.180,0.000,0.000,0.940,-0.174,-0.246,0.345,0.651,-10.520,14.407,,pan
assignment3_kp2_t1,25.420,1791455919.349961,716,1791455919.214945,camera_color_optical_frame,1,0.3576,0.6820,0.00206,0.037,1,IDLE,disabled,0.000,0.000,deg/s,joint_states,-0.180,0.180,0.000,0.000,0.939,-0.174,-0.245,0.345,0.650,-10.526,14.386,,pan
assignment3_kp2_t1,25.441,1791455919.370792,717,1791455919.248300,camera_color_optical_frame,1,0.3580,0.6830,0.00209,0.016,1,IDLE,disabled,0.000,0.000,deg/s,joint_states,-0.180,0.180,0.000,0.000,0.950,-0.177,-0.253,0.346,0.664,-10.540,14.669,,pan
assignment3_kp2_t1,25.461,1791455919.393563,718,1791455919.281655,camera_color_optical_frame,1,0.3577,0.6844,0.00205,0.009,1,IDLE,disabled,0.000,0.000,deg/s,joint_states,-0.180,0.180,0.000,0.000,0.952,-0.176,-0.257,0.344,0.674,-10.497,14.880,,pan
assignment3_kp2_t1,25.480,1791455919.409924,718,1791455919.281655,camera_color_optical_frame,1,0.3577,0.6844,0.00205,0.028,1,IDLE,disabled,0.000,0.000,deg/s,joint_states,-0.180,0.180,0.000,0.000,0.953,-0.177,-0.258,0.344,0.675,-10.499,14.918,,pan
assignment3_kp2_t1,25.502,1791455919.434018,719,1791455919.315010,camera_color_optical_frame,1,0.3566,0.6846,0.00199,0.018,1,IDLE,disabled,0.000,0.000,deg/s,joint_states,-0.180,0.180,0.000,0.000,0.951,-0.174,-0.254,0.340,0.666,-10.384,14.733,,pan
assignment3_kp2_t1,25.521,1791455919.452752,720,1791455919.348365,camera_color_optical_frame,1,0.3568,0.6824,0.00200,0.002,1,IDLE,disabled,0.000,0.000,deg/s,joint_states,-0.180,0.180,0.000,0.000,0.952,-0.174,-0.255,0.340,0.667,-10.372,14.742,,pan
assignment3_kp2_t1,25.540,1791455919.470119,720,1791455919.348365,camera_color_optical_frame,1,0.3568,0.6824,0.00200,0.021,1,IDLE,disabled,0.000,0.000,deg/s,joint_states,-0.180,0.180,0.000,0.000,0.953,-0.175,-0.252,0.341,0.658,-10.412,14.557,,pan
assignment3_kp2_t1,25.561,1791455919.492413,721,1791455919.381720,camera_color_optical_frame,1,0.3564,0.6825,0.00201,0.009,1,IDLE,disabled,0.000,0.000,deg/s,joint_states,-0.180,0.180,0.000,0.000,0.944,-0.174,-0.250,0.342,0.658,-10.444,14.563,,pan
assignment3_kp2_t1,25.580,1791455919.509796,722,1791455919.415075,camera_color_optical_frame,1,0.3573,0.6818,0.00208,0.002,1,IDLE,disabled,0.000,0.000,deg/s,joint_states,-0.180,0.180,0.000,0.000,0.944,-0.174,-0.249,0.342,0.658,-10.443,14.551,,pan
assignment3_kp2_t1,25.601,1791455919.536664,722,1791455919.415075,camera_color_optical_frame,1,0.3573,0.6818,0.00208,0.023,1,IDLE,disabled,0.000,0.000,deg/s,joint_states,-0.180,0.180,0.000,0.000,0.950,-0.176,-0.251,0.344,0.660,-10.500,14.595,,pan
assignment3_kp2_t1,25.624,1791455919.554795,723,1791455919.448430,camera_color_optical_frame,1,0.3566,0.6850,0.00203,0.005,1,IDLE,disabled,0.000,0.000,deg/s,joint_states,-0.180,0.180,0.000,0.000,0.943,-0.174,-0.253,0.343,0.668,-10.462,14.765,,pan
assignment3_kp2_t1,25.642,1791455919.573043,723,1791455919.448430,camera_color_optical_frame,1,0.3566,0.6850,0.00203,0.022,1,IDLE,disabled,0.000,0.000,deg/s,joint_states,-0.180,0.180,0.000,0.000,0.942,-0.174,-0.253,0.343,0.669,-10.463,14.779,,pan
assignment3_kp2_t1,25.661,1791455919.590293,724,1791455919.481785,camera_color_optical_frame,1,0.3570,0.6827,0.00203,0.008,1,IDLE,disabled,0.000,0.000,deg/s,joint_states,-0.180,0.180,0.000,0.000,0.962,-0.178,-0.256,0.344,0.662,-10.483,14.639,,pan
assignment3_kp2_t1,25.680,1791455919.611002,724,1791455919.481785,camera_color_optical_frame,1,0.3570,0.6827,0.00203,0.028,1,IDLE,disabled,0.000,0.000,deg/s,joint_states,-0.180,0.180,0.000,0.000,0.964,-0.178,-0.256,0.344,0.662,-10.486,14.639,,pan
assignment3_kp2_t1,25.700,1791455919.629589,725,1791455919.515140,camera_color_optical_frame,1,0.3566,0.6821,0.00201,0.007,1,IDLE,disabled,0.000,0.000,deg/s,joint_states,-0.180,0.090,0.000,0.000,0.956,-0.176,-0.252,0.343,0.661,-10.454,14.522,,pan
assignment3_kp2_t1,25.721,1791455919.650408,725,1791455919.515140,camera_color_optical_frame,1,0.3566,0.6821,0.00201,0.028,1,IDLE,disabled,0.000,0.000,deg/s,joint_states,-0.180,0.180,0.000,0.000,0.958,-0.177,-0.252,0.343,0.656,-10.454,14.504,,pan
assignment3_kp2_t1,25.740,1791455919.671703,726,1791455919.548495,camera_color_optical_frame,1,0.3572,0.6821,0.00210,0.015,1,IDLE,disabled,0.000,0.000,deg/s,joint_states,-0.180,0.180,0.000,0.000,0.941,-0.174,-0.249,0.344,0.660,-10.485,14.600,,pan
assignment3_kp2_t1,25.760,1791455919.689270,726,1791455919.548495,camera_color_optical_frame,1,0.3572,0.6821,0.00210,0.034,1,IDLE,disabled,0.000,0.000,deg/s,joint_states,-0.180,0.180,0.000,0.000,0.939,-0.174,-0.249,0.344,0.660,-10.486,14.597,,pan
assignment3_kp2_t1,25.781,1791455919.714543,727,1791455919.581850,camera_color_optical_frame,1,0.3569,0.6829,0.00202,0.017,1,IDLE,disabled,0.000,0.000,deg/s,joint_states,-0.180,0.180,0.000,0.000,0.955,-0.177,-0.254,0.344,0.664,-10.482,14.670,,pan
assignment3_kp2_t1,25.801,1791455919.729966,728,1791455919.615205,camera_color_optical_frame,1,0.3565,0.6814,0.00201,0.002,1,IDLE,disabled,0.000,0.000,deg/s,joint_states,-0.180,0.180,0.000,0.000,0.956,-0.177,-0.255,0.344,0.664,-10.484,14.675,,pan
assignment3_kp2_t1,25.822,1791455919.752727,728,1791455919.615205,camera_color_optical_frame,1,0.3565,0.6814,0.00201,0.023,1,IDLE,disabled,0.000,0.000,deg/s,joint_states,-0.180,0.180,0.000,0.000,0.948,-0.174,-0.246,0.341,0.647,-10.402,14.333,,pan
assignment3_kp2_t1,25.841,1791455919.770598,729,1791455919.648561,camera_color_optical_frame,1,0.3563,0.6834,0.00200,0.005,1,IDLE,disabled,0.000,0.000,deg/s,joint_states,-0.180,0.180,0.000,0.000,0.946,-0.174,-0.252,0.341,0.663,-10.413,14.671,,pan
assignment3_kp2_t1,25.860,1791455919.790221,729,1791455919.648561,camera_color_optical_frame,1,0.3563,0.6834,0.00200,0.024,1,IDLE,disabled,0.000,0.000,deg/s,joint_states,-0.180,0.180,0.000,0.000,0.945,-0.174,-0.252,0.341,0.664,-10.408,14.675,,pan
assignment3_kp2_t1,25.880,1791455919.811627,730,1791455919.681916,camera_color_optical_frame,1,0.3571,0.6821,0.00210,0.009,1,IDLE,disabled,0.000,0.000,deg/s,joint_states,-0.180,0.180,0.000,0.000,0.951,-0.176,-0.256,0.345,0.670,-10.514,14.804,,pan
assignment3_kp2_t1,25.900,1791455919.830182,730,1791455919.681916,camera_color_optical_frame,1,0.3571,0.6821,0.00210,0.029,1,IDLE,disabled,0.000,0.000,deg/s,joint_states,-0.180,0.180,0.000,0.000,0.951,-0.177,-0.256,0.345,0.671,-10.521,14.832,,pan
assignment3_kp2_t1,25.921,1791455919.854297,731,1791455919.715271,camera_color_optical_frame,1,0.3563,0.6825,0.00199,0.017,1,IDLE,disabled,0.000,0.000,deg/s,joint_states,-0.180,0.180,0.000,0.000,0.956,-0.176,-0.253,0.343,0.660,-10.450,14.592,,pan
assignment3_kp2_t1,25.940,1791455919.870398,731,1791455919.715271,camera_color_optical_frame,1,0.3563,0.6825,0.00199,0.036,1,IDLE,disabled,0.000,0.000,deg/s,joint_states,-0.180,0.180,0.000,0.000,0.956,-0.176,-0.253,0.343,0.660,-10.450,14.587,,pan
assignment3_kp2_t1,25.961,1791455919.890750,732,1791455919.748626,camera_color_optical_frame,1,0.3568,0.6832,0.00201,0.016,1,IDLE,disabled,0.000,0.000,deg/s,joint_states,-0.180,0.180,0.000,0.000,0.943,-0.174,-0.252,0.342,0.664,-10.438,14.691,,pan
assignment3_kp2_t1,25.980,1791455919.909539,733,1791455919.781981,camera_color_optical_frame,1,0.3562,0.6827,0.00200,0.006,1,IDLE,disabled,0.000,0.000,deg/s,joint_states,-0.180,0.180,0.000,0.000,0.943,-0.174,-0.251,0.342,0.662,-10.439,14.642,,pan
assignment3_kp2_t1,26.000,1791455919.929738,733,1791455919.781981,camera_color_optical_frame,1,0.3562,0.6827,0.00200,0.026,1,IDLE,disabled,0.000,0.000,deg/s,joint_states,-0.180,0.180,0.000,0.000,0.942,-0.174,-0.250,0.342,0.662,-10.438,14.643,,pan
assignment3_kp2_t1,26.020,1791455919.951059,734,1791455919.815336,camera_color_optical_frame,1,0.3562,0.6831,0.00196,0.011,1,IDLE,disabled,0.000,0.000,deg/s,joint_states,-0.180,0.180,0.000,0.000,0.969,-0.178,-0.257,0.341,0.662,-10.412,14.645,,pan
assignment3_kp2_t1,26.040,1791455919.969657,734,1791455919.815336,camera_color_optical_frame,1,0.3562,0.6831,0.00196,0.031,1,IDLE,disabled,0.000,0.000,deg/s,joint_states,-0.180,0.180,0.000,0.000,0.971,-0.178,-0.258,0.341,0.662,-10.408,14.645,,pan
assignment3_kp2_t1,26.062,1791455919.995919,735,1791455919.848691,camera_color_optical_frame,1,0.3571,0.6829,0.00208,0.017,1,IDLE,disabled,0.000,0.000,deg/s,joint_states,-0.180,0.180,0.000,0.000,0.952,-0.177,-0.253,0.345,0.663,-10.521,14.649,,pan
assignment3_kp2_t1,26.081,1791455920.011097,736,1791455919.882046,camera_color_optical_frame,1,0.3566,0.6844,0.00201,0.002,1,IDLE,disabled,0.000,0.000,deg/s,joint_states,-0.180,0.180,0.000,0.000,0.952,-0.177,-0.253,0.345,0.663,-10.528,14.651,,pan
assignment3_kp2_t1,26.100,1791455920.030116,736,1791455919.882046,camera_color_optical_frame,1,0.3566,0.6844,0.00201,0.021,1,IDLE,disabled,0.000,0.000,deg/s,joint_states,-0.180,0.180,0.000,0.000,0.939,-0.174,-0.251,0.344,0.666,-10.476,14.726,,pan
assignment3_kp2_t1,26.120,1791455920.049642,737,1791455919.915402,camera_color_optical_frame,1,0.3572,0.6823,0.00205,0.006,1,IDLE,disabled,0.000,0.000,deg/s,joint_states,-0.180,0.180,0.000,0.000,0.926,-0.171,-0.245,0.344,0.660,-10.485,14.601,,pan
assignment3_kp2_t1,26.143,1791455920.073565,737,1791455919.915402,camera_color_optical_frame,1,0.3572,0.6823,0.00205,0.030,1,IDLE,disabled,0.000,0.000,deg/s,joint_states,-0.180,0.180,0.000,0.000,0.923,-0.171,-0.244,0.344,0.660,-10.487,14.596,,pan
assignment3_kp2_t1,26.161,1791455920.090464,738,1791455919.948757,camera_color_optical_frame,1,0.3574,0.6846,0.00208,0.005,1,IDLE,disabled,0.000,0.000,deg/s,joint_states,-0.180,0.180,0.000,0.000,0.947,-0.175,-0.253,0.344,0.666,-10.493,14.721,,pan
assignment3_kp2_t1,26.180,1791455920.109730,738,1791455919.948757,camera_color_optical_frame,1,0.3574,0.6846,0.00208,0.024,1,IDLE,disabled,0.000,0.000,deg/s,joint_states,-0.180,0.180,0.000,0.000,0.947,-0.175,-0.253,0.344,0.666,-10.494,14.728,,pan
assignment3_kp2_t1,26.201,1791455920.131700,739,1791455919.982112,camera_color_optical_frame,1,0.3563,0.6836,0.00199,0.011,1,IDLE,disabled,0.000,0.000,deg/s,joint_states,-0.180,0.180,0.000,0.000,0.951,-0.174,-0.254,0.340,0.665,-10.384,14.715,,pan
assignment3_kp2_t1,26.220,1791455920.149127,739,1791455919.982112,camera_color_optical_frame,1,0.3563,0.6836,0.00199,0.030,1,IDLE,disabled,0.000,0.000,deg/s,joint_states,-0.180,0.180,0.000,0.000,0.952,-0.174,-0.254,0.340,0.666,-10.376,14.723,,pan
assignment3_kp2_t1,26.241,1791455920.174018,740,1791455920.015467,camera_color_optical_frame,1,0.3565,0.6858,0.00201,0.018,1,IDLE,disabled,0.000,0.000,deg/s,joint_states,-0.180,0.180,0.000,0.000,0.952,-0.175,-0.255,0.341,0.668,-10.391,14.764,,pan
assignment3_kp2_t1,26.261,1791455920.195350,741,1791455920.048823,camera_color_optical_frame,1,0.3573,0.6822,0.00209,0.003,1,IDLE,disabled,0.000,0.000,deg/s,joint_states,-0.180,0.180,0.000,0.000,0.952,-0.174,-0.255,0.340,0.668,-10.383,14.773,,pan
assignment3_kp2_t1,26.280,1791455920.209900,741,1791455920.048823,camera_color_optical_frame,1,0.3573,0.6822,0.00209,0.022,1,IDLE,disabled,0.000,0.000,deg/s,joint_states,-0.180,0.180,0.000,0.000,0.946,-0.175,-0.250,0.343,0.657,-10.469,14.543,,pan
assignment3_kp2_t1,26.306,1791455920.238541,742,1791455920.082178,camera_color_optical_frame,1,0.3569,0.6819,0.00203,0.011,1,IDLE,disabled,0.000,0.000,deg/s,joint_states,-0.180,0.180,0.000,0.000,0.962,-0.178,-0.254,0.344,0.659,-10.495,14.565,,pan
assignment3_kp2_t1,26.325,1791455920.256627,742,1791455920.082178,camera_color_optical_frame,1,0.3569,0.6819,0.00203,0.031,1,IDLE,disabled,0.000,0.000,deg/s,joint_states,-0.180,0.180,0.000,0.000,0.964,-0.179,-0.255,0.344,0.658,-10.499,14.558,,pan
assignment3_kp2_t1,26.340,1791455920.271286,743,1791455920.115533,camera_color_optical_frame,1,0.3566,0.6846,0.00199,0.010,1,IDLE,disabled,0.000,0.000,deg/s,joint_states,-0.180,0.180,0.000,0.000,0.947,-0.175,-0.251,0.343,0.662,-10.464,14.634,,pan
assignment3_kp2_t1,26.364,1791455920.293416,743,1791455920.115533,camera_color_optical_frame,1,0.3566,0.6846,0.00199,0.033,1,IDLE,disabled,0.000,0.000,deg/s,joint_states,-0.180,0.180,0.000,0.000,0.947,-0.175,-0.251,0.343,0.661,-10.465,14.628,,pan
assignment3_kp2_t1,26.381,1791455920.316339,744,1791455920.148888,camera_color_optical_frame,1,0.3566,0.6827,0.00201,0.012,1,IDLE,disabled,0.000,0.000,deg/s,joint_states,-0.180,0.180,0.000,0.000,0.945,-0.174,-0.252,0.342,0.664,-10.436,14.677,,pan
assignment3_kp2_t1,26.400,1791455920.329994,745,1791455920.182248,camera_color_optical_frame,1,0.3571,0.6835,0.00206,0.002,1,IDLE,disabled,0.000,0.000,deg/s,joint_states,-0.180,0.180,0.000,0.000,0.944,-0.174,-0.252,0.342,0.664,-10.433,14.682,,pan
assignment3_kp2_t1,26.423,1791455920.354727,745,1791455920.182248,camera_color_optical_frame,1,0.3571,0.6835,0.00206,0.025,1,IDLE,disabled,0.000,0.000,deg/s,joint_states,-0.180,0.180,0.000,0.000,0.952,-0.177,-0.252,0.345,0.660,-10.505,14.590,,pan
assignment3_kp2_t1,26.441,1791455920.375248,746,1791455920.215599,camera_color_optical_frame,1,0.3570,0.6836,0.00207,0.009,1,IDLE,disabled,0.000,0.000,deg/s,joint_states,-0.180,0.180,0.000,0.000,0.946,-0.175,-0.252,0.344,0.665,-10.494,14.694,,pan
assignment3_kp2_t1,26.462,1791455920.392116,746,1791455920.215599,camera_color_optical_frame,1,0.3570,0.6836,0.00207,0.030,1,IDLE,disabled,0.000,0.000,deg/s,joint_states,-0.180,0.180,0.000,0.000,0.946,-0.175,-0.252,0.344,0.665,-10.497,14.699,,pan
assignment3_kp2_t1,26.482,1791455920.415144,747,1791455920.248951,camera_color_optical_frame,1,0.3568,0.6827,0.00203,0.017,1,IDLE,disabled,0.000,0.000,deg/s,joint_states,-0.180,0.180,0.000,0.000,0.944,-0.175,-0.251,0.343,0.662,-10.473,14.631,,pan
assignment3_kp2_t1,26.501,1791455920.430336,748,1791455920.282302,camera_color_optical_frame,1,0.3568,0.6817,0.00203,0.006,1,IDLE,disabled,0.000,0.000,deg/s,joint_states,-0.180,0.180,0.000,0.000,0.952,-0.175,-0.251,0.342,0.657,-10.444,14.527,,pan
assignment3_kp2_t1,26.521,1791455920.451196,748,1791455920.282302,camera_color_optical_frame,1,0.3568,0.6817,0.00203,0.027,1,IDLE,disabled,0.000,0.000,deg/s,joint_states,-0.180,0.180,0.000,0.000,0.952,-0.175,-0.251,0.342,0.656,-10.442,14.515,,pan
assignment3_kp2_t1,26.540,1791455920.470621,749,1791455920.315654,camera_color_optical_frame,1,0.3568,0.6823,0.00203,0.016,1,IDLE,disabled,0.000,0.000,deg/s,joint_states,-0.180,0.180,0.000,0.000,0.954,-0.176,-0.253,0.343,0.660,-10.455,14.607,,pan
assignment3_kp2_t1,26.560,1791455920.490548,750,1791455920.349006,camera_color_optical_frame,1,0.3567,0.6814,0.00201,0.010,1,IDLE,disabled,0.000,0.000,deg/s,joint_states,-0.180,0.180,0.000,0.000,0.947,-0.175,-0.251,0.343,0.660,-10.452,14.594,,pan
assignment3_kp2_t1,26.583,1791455920.514230,751,1791455920.382357,camera_color_optical_frame,1,0.3555,0.6846,0.00195,0.004,1,IDLE,disabled,0.000,0.000,deg/s,joint_states,-0.180,0.180,0.000,0.000,0.946,-0.175,-0.250,0.343,0.660,-10.451,14.591,,pan
assignment3_kp2_t1,26.601,1791455920.531465,751,1791455920.382357,camera_color_optical_frame,1,0.3555,0.6846,0.00195,0.022,1,IDLE,disabled,0.000,0.000,deg/s,joint_states,-0.180,0.180,0.000,0.000,0.937,-0.171,-0.251,0.340,0.668,-10.368,14.771,,pan
assignment3_kp2_t1,26.621,1791455920.550684,752,1791455920.415709,camera_color_optical_frame,1,0.3578,0.6826,0.00211,0.011,1,IDLE,disabled,0.000,0.000,deg/s,joint_states,-0.180,0.180,0.000,0.000,0.952,-0.177,-0.254,0.346,0.664,-10.553,14.681,,pan
assignment3_kp2_t1,26.643,1791455920.574687,753,1791455920.449061,camera_color_optical_frame,1,0.3570,0.6824,0.00208,0.004,1,IDLE,disabled,0.000,0.000,deg/s,joint_states,-0.180,0.180,0.000,0.000,0.952,-0.178,-0.254,0.347,0.665,-10.564,14.689,,pan
assignment3_kp2_t1,26.660,1791455920.591863,753,1791455920.449061,camera_color_optical_frame,1,0.3570,0.6824,0.00208,0.021,1,IDLE,disabled,0.000,0.000,deg/s,joint_states,-0.180,0.180,0.000,0.000,0.951,-0.176,-0.253,0.344,0.663,-10.481,14.658,,pan
assignment3_kp2_t1,26.681,1791455920.611737,754,1791455920.482412,camera_color_optical_frame,1,0.3575,0.6840,0.00210,0.011,1,IDLE,disabled,0.000,0.000,deg/s,joint_states,-0.180,0.180,0.000,0.000,0.955,-0.177,-0.255,0.343,0.666,-10.469,14.717,,pan
assignment3_kp2_t1,26.700,1791455920.630131,754,1791455920.482412,camera_color_optical_frame,1,0.3575,0.6840,0.00210,0.030,1,IDLE,disabled,0.000,0.000,deg/s,joint_states,-0.180,0.180,0.000,0.000,0.956,-0.177,-0.256,0.343,0.666,-10.467,14.725,,pan
assignment3_kp2_t1,26.721,1791455920.651396,755,1791455920.515764,camera_color_optical_frame,1,0.3573,0.6819,0.00209,0.015,1,IDLE,disabled,0.000,0.000,deg/s,joint_states,-0.180,0.180,0.000,0.000,0.947,-0.175,-0.251,0.344,0.660,-10.491,14.596,,pan
assignment3_kp2_t1,26.741,1791455920.671502,756,1791455920.549115,camera_color_optical_frame,1,0.3559,0.6824,0.00195,0.006,1,IDLE,disabled,0.000,0.000,deg/s,joint_states,-0.180,0.180,0.000,0.000,0.954,-0.174,-0.252,0.339,0.659,-10.349,14.573,,pan
assignment3_kp2_t1,26.761,1791455920.691350,756,1791455920.549115,camera_color_optical_frame,1,0.3559,0.6824,0.00195,0.026,1,IDLE,disabled,0.000,0.000,deg/s,joint_states,-0.180,0.180,0.000,0.000,0.955,-0.174,-0.252,0.339,0.658,-10.334,14.564,,pan
assignment3_kp2_t1,26.780,1791455920.711478,757,1791455920.582467,camera_color_optical_frame,1,0.3571,0.6833,0.00204,0.014,1,IDLE,disabled,0.000,0.000,deg/s,joint_states,-0.180,0.180,0.000,0.000,0.936,-0.173,-0.248,0.343,0.662,-10.454,14.631,,pan
assignment3_kp2_t1,26.801,1791455920.734344,758,1791455920.615819,camera_color_optical_frame,1,0.3567,0.6837,0.00202,0.007,1,IDLE,disabled,0.000,0.000,deg/s,joint_states,-0.180,0.180,0.000,0.000,0.934,-0.172,-0.248,0.343,0.661,-10.452,14.628,,pan
assignment3_kp2_t1,26.820,1791455920.750106,758,1791455920.615819,camera_color_optical_frame,1,0.3567,0.6837,0.00202,0.026,1,IDLE,disabled,0.000,0.000,deg/s,joint_states,-0.180,0.180,0.000,0.000,0.929,-0.172,-0.248,0.344,0.665,-10.504,14.707,,pan
assignment3_kp2_t1,26.840,1791455920.771499,759,1791455920.649171,camera_color_optical_frame,1,0.3558,0.6834,0.00194,0.015,1,IDLE,disabled,0.000,0.000,deg/s,joint_states,-0.180,0.180,0.000,0.000,0.959,-0.175,-0.255,0.340,0.663,-10.365,14.656,,pan
assignment3_kp2_t1,26.860,1791455920.790030,760,1791455920.682522,camera_color_optical_frame,1,0.3563,0.6829,0.00201,0.009,1,IDLE,disabled,0.000,0.000,deg/s,joint_states,-0.180,0.180,0.000,0.000,0.952,-0.175,-0.253,0.342,0.661,-10.434,14.614,,pan
assignment3_kp2_t1,26.880,1791455920.810433,760,1791455920.682522,camera_color_optical_frame,1,0.3563,0.6829,0.00201,0.028,1,IDLE,disabled,0.000,0.000,deg/s,joint_states,-0.180,0.180,0.000,0.000,0.953,-0.176,-0.253,0.342,0.661,-10.431,14.609,,pan
assignment3_kp2_t1,26.900,1791455920.831092,761,1791455920.715874,camera_color_optical_frame,1,0.3564,0.6812,0.00200,0.015,1,IDLE,disabled,0.000,0.000,deg/s,joint_states,-0.180,0.180,0.000,0.000,0.947,-0.175,-0.250,0.344,0.657,-10.482,14.526,,pan
assignment3_kp2_t1,26.920,1791455920.849781,761,1791455920.715874,camera_color_optical_frame,1,0.3564,0.6812,0.00200,0.034,1,IDLE,disabled,0.000,0.000,deg/s,joint_states,-0.180,0.180,0.000,0.000,0.947,-0.175,-0.249,0.344,0.656,-10.488,14.513,,pan
assignment3_kp2_t1,26.941,1791455920.874691,762,1791455920.749225,camera_color_optical_frame,1,0.3566,0.6841,0.00204,0.017,1,IDLE,disabled,0.000,0.000,deg/s,joint_states,-0.180,0.180,0.000,0.000,0.953,-0.176,-0.254,0.343,0.665,-10.472,14.709,,pan
assignment3_kp2_t1,26.961,1791455920.891142,763,1791455920.782577,camera_color_optical_frame,1,0.3567,0.6828,0.00204,0.003,1,IDLE,disabled,0.000,0.000,deg/s,joint_states,-0.180,0.180,0.000,0.000,0.954,-0.176,-0.255,0.343,0.666,-10.475,14.717,,pan
assignment3_kp2_t1,26.981,1791455920.911913,763,1791455920.782577,camera_color_optical_frame,1,0.3567,0.6828,0.00204,0.023,1,IDLE,disabled,0.000,0.000,deg/s,joint_states,-0.180,0.180,0.000,0.000,0.949,-0.175,-0.253,0.344,0.665,-10.475,14.699,,pan
assignment3_kp2_t1,27.000,1791455920.929145,764,1791455920.815928,camera_color_optical_frame,1,0.3574,0.6838,0.00210,0.008,1,IDLE,disabled,0.000,0.000,deg/s,joint_states,-0.180,0.180,0.000,0.000,0.947,-0.176,-0.252,0.345,0.663,-10.518,14.648,,pan
assignment3_kp2_t1,27.020,1791455920.949324,764,1791455920.815928,camera_color_optical_frame,1,0.3574,0.6838,0.00210,0.028,1,IDLE,disabled,0.000,0.000,deg/s,joint_states,-0.180,0.180,0.000,0.000,0.947,-0.176,-0.252,0.345,0.663,-10.525,14.646,,pan
assignment3_kp2_t1,27.040,1791455920.970951,765,1791455920.849280,camera_color_optical_frame,1,0.3573,0.6829,0.00208,0.017,1,IDLE,disabled,0.000,0.000,deg/s,joint_states,-0.180,0.180,0.000,0.000,0.951,-0.176,-0.253,0.345,0.662,-10.506,14.640,,pan
assignment3_kp2_t1,27.061,1791455920.991168,766,1791455920.882632,camera_color_optical_frame,1,0.3575,0.6833,0.00208,0.002,1,IDLE,disabled,0.000,0.000,deg/s,joint_states,-0.180,0.180,0.000,0.000,0.952,-0.177,-0.253,0.345,0.662,-10.511,14.641,,pan
assignment3_kp2_t1,27.081,1791455921.014948,766,1791455920.882632,camera_color_optical_frame,1,0.3575,0.6833,0.00208,0.022,1,IDLE,disabled,0.000,0.000,deg/s,joint_states,-0.180,0.180,0.000,0.000,0.946,-0.175,-0.251,0.344,0.661,-10.488,14.624,,pan
assignment3_kp2_t1,27.100,1791455921.029442,767,1791455920.915983,camera_color_optical_frame,1,0.3556,0.6842,0.00194,0.002,1,IDLE,disabled,0.000,0.000,deg/s,joint_states,-0.180,0.180,0.000,0.000,0.945,-0.175,-0.251,0.344,0.661,-10.489,14.620,,pan
assignment3_kp2_t1,27.122,1791455921.053318,767,1791455920.915983,camera_color_optical_frame,1,0.3556,0.6842,0.00194,0.024,1,IDLE,disabled,0.000,0.000,deg/s,joint_states,-0.180,0.180,0.000,0.000,0.963,-0.176,-0.256,0.339,0.664,-10.354,14.680,,pan
assignment3_kp2_t1,27.140,1791455921.071017,768,1791455920.949335,camera_color_optical_frame,1,0.3565,0.6810,0.00200,0.006,1,IDLE,disabled,0.000,0.000,deg/s,joint_states,-0.180,0.180,0.000,0.000,0.950,-0.174,-0.250,0.341,0.656,-10.400,14.515,,pan
assignment3_kp2_t1,27.160,1791455921.090547,768,1791455920.949335,camera_color_optical_frame,1,0.3565,0.6810,0.00200,0.026,1,IDLE,disabled,0.000,0.000,deg/s,joint_states,-0.180,0.180,0.000,0.000,0.951,-0.174,-0.250,0.341,0.655,-10.391,14.501,,pan
assignment3_kp2_t1,27.182,1791455921.111924,769,1791455920.982686,camera_color_optical_frame,1,0.3561,0.6818,0.00199,0.014,1,IDLE,disabled,0.000,0.000,deg/s,joint_states,-0.180,0.180,0.000,0.000,0.926,-0.171,-0.244,0.343,0.656,-10.470,14.516,,pan
assignment3_kp2_t1,27.200,1791455921.129717,769,1791455920.982686,camera_color_optical_frame,1,0.3561,0.6818,0.00199,0.032,1,IDLE,disabled,0.000,0.000,deg/s,joint_states,-0.180,0.180,0.000,0.000,0.923,-0.171,-0.243,0.343,0.655,-10.474,14.501,,pan
assignment3_kp2_t1,27.221,1791455921.156154,770,1791455921.016038,camera_color_optical_frame,1,0.3563,0.6833,0.00199,0.016,1,IDLE,disabled,0.000,0.000,deg/s,joint_states,-0.180,0.180,0.000,0.000,0.946,-0.174,-0.253,0.342,0.667,-10.438,14.749,,pan
assignment3_kp2_t1,27.241,1791455921.170756,771,1791455921.049389,camera_color_optical_frame,1,0.3573,0.6820,0.00207,0.002,1,IDLE,disabled,0.000,0.000,deg/s,joint_states,-0.180,0.180,0.000,0.000,0.945,-0.174,-0.253,0.342,0.668,-10.436,14.764,,pan
assignment3_kp2_t1,27.260,1791455921.189945,771,1791455921.049389,camera_color_optical_frame,1,0.3573,0.6820,0.00207,0.021,1,IDLE,disabled,0.000,0.000,deg/s,joint_states,-0.180,0.180,0.000,0.000,0.966,-0.180,-0.257,0.346,0.662,-10.552,14.627,,pan
assignment3_kp2_t1,27.281,1791455921.211797,772,1791455921.082741,camera_color_optical_frame,1,0.3565,0.6818,0.00199,0.007,1,IDLE,disabled,0.000,0.000,deg/s,joint_states,-0.180,0.180,0.000,0.000,0.951,-0.176,-0.252,0.343,0.661,-10.470,14.615,,pan
assignment3_kp2_t1,27.300,1791455921.231664,773,1791455921.116092,camera_color_optical_frame,1,0.3573,0.6831,0.00208,0.009,0,IDLE,disabled,0.000,0.000,deg/s,joint_states,-0.180,0.180,0.000,0.000,0.545,-0.106,-0.151,0.361,0.689,-10.985,15.178,,pan
assignment3_kp2_t1,27.320,1791455921.249233,773,1791455921.116092,camera_color_optical_frame,1,0.3573,0.6831,0.00208,0.029,0,IDLE,disabled,0.000,0.000,deg/s,joint_states,-0.180,0.180,0.000,0.000,0.536,-0.104,-0.148,0.362,0.690,-11.006,15.201,,pan
assignment3_kp2_t1,27.342,1791455921.274361,774,1791455921.149444,camera_color_optical_frame,1,0.3573,0.6833,0.00208,0.018,1,IDLE,disabled,0.000,0.000,deg/s,joint_states,-0.180,0.180,0.000,0.000,0.936,-0.173,-0.249,0.344,0.664,-10.476,14.680,,pan
assignment3_kp2_t1,27.361,1791455921.295218,774,1791455921.149444,camera_color_optical_frame,1,0.3573,0.6833,0.00208,0.037,1,IDLE,disabled,0.000,0.000,deg/s,joint_states,-0.180,0.180,0.000,0.000,0.935,-0.173,-0.249,0.344,0.664,-10.475,14.685,,pan
assignment3_kp2_t1,27.380,1791455921.314553,775,1791455921.182795,camera_color_optical_frame,1,0.3568,0.6823,0.00206,0.011,1,IDLE,disabled,0.000,0.000,deg/s,joint_states,-0.180,0.180,0.000,0.000,0.952,-0.176,-0.253,0.343,0.662,-10.471,14.641,,pan
assignment3_kp2_t1,27.401,1791455921.330843,776,1791455921.216148,camera_color_optical_frame,1,0.3567,0.6830,0.00201,0.003,1,IDLE,disabled,0.000,0.000,deg/s,joint_states,-0.180,0.090,0.000,0.000,0.953,-0.176,-0.253,0.344,0.666,-10.472,14.643,,pan
assignment3_kp2_t1,27.420,1791455921.353925,776,1791455921.216148,camera_color_optical_frame,1,0.3567,0.6830,0.00201,0.022,1,IDLE,disabled,0.000,0.000,deg/s,joint_states,-0.180,0.180,0.000,0.000,1.013,-0.186,-0.268,0.341,0.660,-10.413,14.595,,pan
assignment3_kp2_t1,27.440,1791455921.371751,777,1791455921.249501,camera_color_optical_frame,1,0.3564,0.6847,0.00198,0.008,1,IDLE,disabled,0.000,0.000,deg/s,joint_states,-0.180,0.180,0.000,0.000,0.947,-0.174,-0.254,0.342,0.668,-10.430,14.767,,pan
assignment3_kp2_t1,27.462,1791455921.394787,778,1791455921.282854,camera_color_optical_frame,1,0.3572,0.6822,0.00205,0.007,1,IDLE,disabled,0.000,0.000,deg/s,joint_states,-0.180,0.180,0.000,0.000,0.957,-0.177,-0.254,0.344,0.660,-10.499,14.597,,pan
assignment3_kp2_t1,27.480,1791455921.411854,778,1791455921.282854,camera_color_optical_frame,1,0.3572,0.6822,0.00205,0.025,1,IDLE,disabled,0.000,0.000,deg/s,joint_states,-0.180,0.180,0.000,0.000,0.958,-0.178,-0.254,0.344,0.660,-10.503,14.592,,pan
assignment3_kp2_t1,27.501,1791455921.431375,779,1791455921.316206,camera_color_optical_frame,1,0.3560,0.6828,0.00197,0.016,1,IDLE,disabled,0.000,0.000,deg/s,joint_states,-0.180,0.180,0.000,0.000,0.958,-0.176,-0.249,0.341,0.649,-10.411,14.368,,pan
assignment3_kp2_t1,27.520,1791455921.449618,780,1791455921.349559,camera_color_optical_frame,1,0.3567,0.6828,0.00201,0.011,1,IDLE,disabled,0.000,0.000,deg/s,joint_states,-0.180,0.180,0.000,0.000,0.945,-0.174,-0.251,0.342,0.663,-10.438,14.658,,pan
assignment3_kp2_t1,27.541,1791455921.471395,780,1791455921.349559,camera_color_optical_frame,1,0.3567,0.6828,0.00201,0.032,1,IDLE,disabled,0.000,0.000,deg/s,joint_states,-0.180,0.090,0.000,0.000,0.944,-0.174,-0.251,0.342,0.667,-10.434,14.662,,pan
assignment3_kp2_t1,27.560,1791455921.493448,781,1791455921.382912,camera_color_optical_frame,1,0.3565,0.6823,0.00199,0.013,1,IDLE,disabled,0.000,0.000,deg/s,joint_states,-0.180,0.180,0.000,0.000,0.936,-0.173,-0.250,0.344,0.667,-10.481,14.733,,pan
assignment3_kp2_t1,27.580,1791455921.511405,781,1791455921.382912,camera_color_optical_frame,1,0.3565,0.6823,0.00199,0.033,1,IDLE,disabled,0.000,0.000,deg/s,joint_states,-0.180,0.180,0.000,0.000,0.934,-0.173,-0.250,0.344,0.668,-10.486,14.753,,pan
assignment3_kp2_t1,27.602,1791455921.533388,782,1791455921.416265,camera_color_optical_frame,1,0.3572,0.6824,0.00209,0.017,1,IDLE,disabled,0.000,0.000,deg/s,joint_states,-0.180,0.180,0.000,0.000,0.939,-0.174,-0.249,0.344,0.661,-10.500,14.614,,pan
assignment3_kp2_t1,27.623,1791455921.557211,783,1791455921.449618,camera_color_optical_frame,1,0.3566,0.6845,0.00201,0.006,1,IDLE,disabled,0.000,0.000,deg/s,joint_states,-0.180,0.180,0.000,0.000,0.957,-0.176,-0.253,0.343,0.659,-10.449,14.568,,pan
assignment3_kp2_t1,27.640,1791455921.569493,783,1791455921.449618,camera_color_optical_frame,1,0.3566,0.6845,0.00201,0.023,1,IDLE,disabled,0.000,0.000,deg/s,joint_states,-0.180,0.180,0.000,0.000,0.958,-0.177,-0.253,0.343,0.658,-10.448,14.562,,pan
assignment3_kp2_t1,27.663,1791455921.596111,784,1791455921.482971,camera_color_optical_frame,1,0.3575,0.6842,0.00209,0.019,1,IDLE,disabled,0.000,0.000,deg/s,joint_states,-0.180,0.180,0.000,0.000,0.946,-0.175,-0.253,0.344,0.666,-10.494,14.722,,pan
assignment3_kp2_t1,27.683,1791455921.614349,785,1791455921.516324,camera_color_optical_frame,1,0.3567,0.6830,0.00203,0.002,1,IDLE,disabled,0.000,0.000,deg/s,joint_states,-0.180,0.180,0.000,0.000,0.946,-0.175,-0.253,0.344,0.667,-10.496,14.733,,pan
assignment3_kp2_t1,27.702,1791455921.631603,785,1791455921.516324,camera_color_optical_frame,1,0.3567,0.6830,0.00203,0.021,1,IDLE,disabled,0.000,0.000,deg/s,joint_states,-0.180,0.180,0.000,0.000,0.938,-0.173,-0.250,0.343,0.665,-10.471,14.705,,pan
assignment3_kp2_t1,27.720,1791455921.652721,786,1791455921.549677,camera_color_optical_frame,1,0.3572,0.6827,0.00205,0.015,1,IDLE,disabled,0.000,0.000,deg/s,joint_states,-0.180,0.180,0.000,0.000,0.945,-0.175,-0.252,0.344,0.663,-10.494,14.664,,pan
assignment3_kp2_t1,27.740,1791455921.669861,786,1791455921.549677,camera_color_optical_frame,1,0.3572,0.6827,0.00205,0.035,1,IDLE,disabled,0.000,0.000,deg/s,joint_states,-0.180,0.180,0.000,0.000,0.945,-0.175,-0.252,0.344,0.664,-10.498,14.670,,pan
assignment3_kp2_t1,27.765,1791455921.698391,787,1791455921.583030,camera_color_optical_frame,1,0.3563,0.6843,0.00199,0.021,1,IDLE,disabled,0.000,0.000,deg/s,joint_states,-0.180,0.180,0.000,0.000,0.954,-0.176,-0.255,0.342,0.666,-10.429,14.715,,pan
assignment3_kp2_t1,27.782,1791455921.713617,788,1791455921.616383,camera_color_optical_frame,1,0.3567,0.6837,0.00201,0.006,1,IDLE,disabled,0.000,0.000,deg/s,joint_states,-0.180,0.180,0.000,0.000,0.940,-0.173,-0.251,0.342,0.664,-10.441,14.687,,pan
assignment3_kp2_t1,27.803,1791455921.734261,788,1791455921.616383,camera_color_optical_frame,1,0.3567,0.6837,0.00201,0.026,1,IDLE,disabled,0.000,0.000,deg/s,joint_states,-0.180,0.180,0.000,0.000,0.940,-0.173,-0.251,0.342,0.665,-10.437,14.694,,pan
assignment3_kp2_t1,27.820,1791455921.749238,789,1791455921.649737,camera_color_optical_frame,1,0.3564,0.6814,0.00199,0.008,1,IDLE,disabled,0.000,0.000,deg/s,joint_states,-0.180,0.180,0.000,0.000,0.949,-0.175,-0.250,0.343,0.656,-10.457,14.519,,pan
assignment3_kp2_t1,27.840,1791455921.770087,789,1791455921.649737,camera_color_optical_frame,1,0.3564,0.6814,0.00199,0.028,1,IDLE,disabled,0.000,0.000,deg/s,joint_states,-0.180,0.090,0.000,0.000,0.949,-0.175,-0.249,0.343,0.660,-10.458,14.500,,pan
assignment3_kp2_t1,27.861,1791455921.791250,790,1791455921.683089,camera_color_optical_frame,1,0.3572,0.6831,0.00206,0.016,1,IDLE,disabled,0.000,0.000,deg/s,joint_states,-0.180,0.180,0.000,0.000,0.945,-0.175,-0.251,0.344,0.661,-10.498,14.622,,pan
assignment3_kp2_t1,27.880,1791455921.810206,791,1791455921.716443,camera_color_optical_frame,1,0.3567,0.6830,0.00200,0.006,1,IDLE,disabled,0.000,0.000,deg/s,joint_states,-0.180,0.090,0.000,0.000,0.946,-0.175,-0.252,0.343,0.669,-10.466,14.687,,pan
assignment3_kp2_t1,27.900,1791455921.829051,792,1791455921.749796,camera_color_optical_frame,1,0.3564,0.6851,0.00199,0.010,0,IDLE,disabled,0.000,0.000,deg/s,joint_states,-0.180,0.180,0.000,0.000,0.562,-0.108,-0.154,0.359,0.685,-10.918,15.102,,pan
assignment3_kp2_t1,27.920,1791455921.851202,792,1791455921.749796,camera_color_optical_frame,1,0.3564,0.6851,0.00199,0.030,0,IDLE,disabled,0.000,0.000,deg/s,joint_states,-0.180,0.090,0.000,0.000,0.552,-0.107,-0.152,0.359,0.690,-10.938,15.122,,pan
assignment3_kp2_t1,27.942,1791455921.871676,793,1791455921.783149,camera_color_optical_frame,1,0.3571,0.6826,0.00207,0.003,1,IDLE,disabled,0.000,0.000,deg/s,joint_states,-0.180,0.180,0.000,0.000,0.943,-0.175,-0.249,0.344,0.657,-10.480,14.527,,pan
assignment3_kp2_t1,27.968,1791455921.898341,793,1791455921.783149,camera_color_optical_frame,1,0.3571,0.6826,0.00207,0.029,1,IDLE,disabled,0.000,0.000,deg/s,joint_states,-0.180,0.180,0.000,0.000,0.943,-0.174,-0.248,0.344,0.656,-10.484,14.507,,pan
assignment3_kp2_t1,27.980,1791455921.912277,794,1791455921.816503,camera_color_optical_frame,1,0.3564,0.6844,0.00198,0.005,1,IDLE,disabled,0.000,0.000,deg/s,joint_states,-0.180,0.180,0.000,0.000,0.990,-0.182,-0.263,0.342,0.661,-10.418,14.629,,pan
assignment3_kp2_t1,28.001,1791455921.932549,794,1791455921.816503,camera_color_optical_frame,1,0.3564,0.6844,0.00198,0.026,1,IDLE,disabled,0.000,0.000,deg/s,joint_states,-0.180,0.180,0.000,0.000,1.000,-0.184,-0.265,0.341,0.661,-10.412,14.623,,pan
assignment3_kp2_t1,28.020,1791455921.950986,795,1791455921.849856,camera_color_optical_frame,1,0.3566,0.6845,0.00201,0.004,1,IDLE,disabled,0.000,0.000,deg/s,joint_states,-0.180,0.180,0.000,0.000,0.951,-0.175,-0.255,0.342,0.667,-10.434,14.753,,pan
assignment3_kp2_t1,28.040,1791455921.970725,795,1791455921.849856,camera_color_optical_frame,1,0.3566,0.6845,0.00201,0.024,1,IDLE,disabled,0.000,0.000,deg/s,joint_states,-0.180,0.180,0.000,0.000,0.951,-0.175,-0.255,0.342,0.668,-10.430,14.772,,pan
assignment3_kp2_t1,28.061,1791455921.993568,796,1791455921.883210,camera_color_optical_frame,1,0.3560,0.6829,0.00199,0.010,1,IDLE,disabled,0.000,0.000,deg/s,joint_states,-0.180,0.180,0.000,0.000,0.951,-0.175,-0.252,0.342,0.661,-10.424,14.613,,pan
assignment3_kp2_t1,28.081,1791455922.010556,796,1791455921.883210,camera_color_optical_frame,1,0.3560,0.6829,0.00199,0.029,1,IDLE,disabled,0.000,0.000,deg/s,joint_states,-0.180,0.180,0.000,0.000,0.951,-0.175,-0.252,0.342,0.660,-10.421,14.608,,pan
assignment3_kp2_t1,28.100,1791455922.030615,797,1791455921.916563,camera_color_optical_frame,1,0.3570,0.6835,0.00207,0.015,1,IDLE,disabled,0.000,0.000,deg/s,joint_states,-0.180,0.180,0.000,0.000,0.950,-0.176,-0.252,0.344,0.662,-10.491,14.645,,pan
assignment3_kp2_t1,28.120,1791455922.049154,798,1791455921.949917,camera_color_optical_frame,1,0.3567,0.6833,0.00204,0.007,1,IDLE,disabled,0.000,0.000,deg/s,joint_states,-0.180,0.180,0.000,0.000,0.958,-0.177,-0.255,0.344,0.663,-10.484,14.659,,pan
assignment3_kp2_t1,28.140,1791455922.070227,798,1791455921.949917,camera_color_optical_frame,1,0.3567,0.6833,0.00204,0.028,1,IDLE,disabled,0.000,0.000,deg/s,joint_states,-0.180,0.180,0.000,0.000,0.959,-0.178,-0.255,0.344,0.663,-10.489,14.661,,pan
assignment3_kp2_t1,28.161,1791455922.093717,799,1791455921.983270,camera_color_optical_frame,1,0.3561,0.6841,0.00200,0.013,1,IDLE,disabled,0.000,0.000,deg/s,joint_states,-0.180,0.090,0.000,0.000,0.943,-0.173,-0.251,0.341,0.668,-10.400,14.685,,pan
assignment3_kp2_t1,28.180,1791455922.111223,799,1791455921.983270,camera_color_optical_frame,1,0.3561,0.6841,0.00200,0.033,1,IDLE,disabled,0.000,0.000,deg/s,joint_states,-0.180,0.090,0.000,0.000,0.942,-0.173,-0.251,0.341,0.668,-10.392,14.689,,pan
assignment3_kp2_t1,28.201,1791455922.131418,800,1791455922.016624,camera_color_optical_frame,1,0.3569,0.6825,0.00206,0.017,1,IDLE,disabled,0.000,0.000,deg/s,joint_states,-0.180,0.090,0.000,0.000,0.954,-0.176,-0.253,0.344,0.664,-10.478,14.599,,pan
assignment3_kp2_t1,28.220,1791455922.148939,801,1791455922.049978,camera_color_optical_frame,1,0.3561,0.6842,0.00198,0.008,1,IDLE,disabled,0.000,0.000,deg/s,joint_states,-0.180,0.180,0.000,0.000,0.963,-0.177,-0.256,0.342,0.663,-10.443,14.670,,pan
assignment3_kp2_t1,28.240,1791455922.169051,802,1791455922.083331,camera_color_optical_frame,1,0.3570,0.6827,0.00208,0.017,0,IDLE,disabled,0.000,0.000,deg/s,joint_states,-0.180,0.180,0.000,0.000,0.559,-0.108,-0.153,0.360,0.682,-10.946,15.028,,pan
assignment3_kp2_t1,28.261,1791455922.192137,802,1791455922.083331,camera_color_optical_frame,1,0.3570,0.6827,0.00208,0.038,0,IDLE,disabled,0.000,0.000,deg/s,joint_states,-0.180,0.180,0.000,0.000,0.549,-0.106,-0.150,0.360,0.683,-10.967,15.045,,pan
assignment3_kp2_t1,28.280,1791455922.209070,803,1791455922.116685,camera_color_optical_frame,1,0.3570,0.6834,0.00205,0.003,1,IDLE,disabled,0.000,0.000,deg/s,joint_states,-0.180,0.180,0.000,0.000,0.953,-0.177,-0.250,0.344,0.653,-10.491,14.440,,pan
assignment3_kp2_t1,28.301,1791455922.234518,803,1791455922.116685,camera_color_optical_frame,1,0.3570,0.6834,0.00205,0.025,1,IDLE,disabled,0.000,0.000,deg/s,joint_states,-0.180,0.180,0.000,0.000,0.954,-0.177,-0.249,0.344,0.651,-10.498,14.409,,pan
assignment3_kp2_t1,28.320,1791455922.251195,804,1791455922.150039,camera_color_optical_frame,1,0.3566,0.6819,0.00201,0.008,1,IDLE,disabled,0.000,0.000,deg/s,joint_states,-0.180,0.180,0.000,0.000,0.996,-0.183,-0.264,0.342,0.660,-10.422,14.590,,pan
assignment3_kp2_t1,28.342,1791455922.271847,804,1791455922.150039,camera_color_optical_frame,1,0.3566,0.6819,0.00201,0.029,1,IDLE,disabled,0.000,0.000,deg/s,joint_states,-0.180,0.180,0.000,0.000,1.006,-0.185,-0.266,0.341,0.659,-10.415,14.584,,pan
assignment3_kp2_t1,28.360,1791455922.290709,805,1791455922.183393,camera_color_optical_frame,1,0.3570,0.6831,0.00206,0.008,1,IDLE,disabled,0.000,0.000,deg/s,joint_states,-0.180,0.180,0.000,0.000,1.003,-0.185,-0.266,0.342,0.661,-10.433,14.617,,pan
assignment3_kp2_t1,28.380,1791455922.309688,805,1791455922.183393,camera_color_optical_frame,1,0.3570,0.6831,0.00206,0.028,1,IDLE,disabled,0.000,0.000,deg/s,joint_states,-0.180,0.180,0.000,0.000,1.012,-0.186,-0.268,0.342,0.661,-10.427,14.612,,pan
assignment3_kp2_t1,28.401,1791455922.331620,806,1791455922.216749,camera_color_optical_frame,1,0.3563,0.6816,0.00201,0.017,1,IDLE,disabled,0.000,0.000,deg/s,joint_states,-0.180,0.180,0.000,0.000,0.951,-0.175,-0.252,0.342,0.660,-10.429,14.602,,pan
assignment3_kp2_t1,28.420,1791455922.348968,807,1791455922.250105,camera_color_optical_frame,1,0.3563,0.6841,0.00201,0.010,1,IDLE,disabled,0.000,0.000,deg/s,joint_states,-0.180,0.180,0.000,0.000,0.940,-0.173,-0.251,0.342,0.665,-10.419,14.695,,pan
assignment3_kp2_t1,28.440,1791455922.368993,808,1791455922.283462,camera_color_optical_frame,1,0.3568,0.6809,0.00203,0.016,0,IDLE,disabled,0.000,0.000,deg/s,joint_states,-0.180,0.180,0.000,0.000,0.559,-0.108,-0.153,0.360,0.685,-10.945,15.094,,pan
assignment3_kp2_t1,28.460,1791455922.389567,808,1791455922.283462,camera_color_optical_frame,1,0.3568,0.6809,0.00203,0.037,0,IDLE,disabled,0.000,0.000,deg/s,joint_states,-0.180,0.180,0.000,0.000,0.549,-0.106,-0.151,0.360,0.686,-10.967,15.114,,pan
assignment3_kp2_t1,28.480,1791455922.409431,809,1791455922.316818,camera_color_optical_frame,1,0.3558,0.6824,0.00196,0.009,1,IDLE,disabled,0.000,0.000,deg/s,joint_states,-0.180,0.180,0.000,0.000,0.948,-0.174,-0.251,0.341,0.659,-10.408,14.585,,pan
assignment3_kp2_t1,28.500,1791455922.429059,810,1791455922.350175,camera_color_optical_frame,1,0.3569,0.6818,0.00199,0.014,0,IDLE,disabled,0.000,0.000,deg/s,joint_states,-0.180,0.180,0.000,0.000,0.599,-0.115,-0.164,0.357,0.683,-10.870,15.056,,pan
assignment3_kp2_t1,28.520,1791455922.450852,810,1791455922.350175,camera_color_optical_frame,1,0.3569,0.6818,0.00199,0.035,0,IDLE,disabled,0.000,0.000,deg/s,joint_states,-0.180,0.180,0.000,0.000,0.599,-0.115,-0.164,0.357,0.683,-10.871,15.062,,pan
assignment3_kp2_t1,28.540,1791455922.469162,811,1791455922.383531,camera_color_optical_frame,1,0.3573,0.6825,0.00207,0.003,1,IDLE,disabled,0.000,0.000,deg/s,joint_states,-0.180,0.180,0.000,0.000,0.948,-0.176,-0.252,0.346,0.662,-10.534,14.631,,pan
assignment3_kp2_t1,28.560,1791455922.489630,811,1791455922.383531,camera_color_optical_frame,1,0.3573,0.6825,0.00207,0.023,1,IDLE,disabled,0.000,0.000,deg/s,joint_states,-0.180,0.180,0.000,0.000,0.948,-0.176,-0.252,0.346,0.662,-10.548,14.631,,pan
assignment3_kp2_t1,28.580,1791455922.509310,812,1791455922.416888,camera_color_optical_frame,1,0.3559,0.6847,0.00197,0.013,1,IDLE,disabled,0.000,0.000,deg/s,joint_states,-0.180,0.180,0.000,0.000,0.992,-0.182,-0.264,0.341,0.663,-10.404,14.652,,pan
assignment3_kp2_t1,28.600,1791455922.529110,813,1791455922.450245,camera_color_optical_frame,1,0.3568,0.6813,0.00200,0.016,0,IDLE,disabled,0.000,0.000,deg/s,joint_states,-0.180,0.180,0.000,0.000,0.562,-0.109,-0.154,0.359,0.685,-10.933,15.094,,pan
assignment3_kp2_t1,28.620,1791455922.551170,813,1791455922.450245,camera_color_optical_frame,1,0.3568,0.6813,0.00200,0.036,0,IDLE,disabled,0.000,0.000,deg/s,joint_states,-0.180,0.180,0.000,0.000,0.552,-0.107,-0.152,0.360,0.686,-10.953,15.114,,pan
assignment3_kp2_t1,28.640,1791455922.569659,814,1791455922.483601,camera_color_optical_frame,1,0.3561,0.6840,0.00197,0.003,1,IDLE,disabled,0.000,0.000,deg/s,joint_states,-0.180,0.180,0.000,0.000,0.949,-0.175,-0.252,0.343,0.662,-10.449,14.644,,pan
assignment3_kp2_t1,28.662,1791455922.594374,814,1791455922.483601,camera_color_optical_frame,1,0.3561,0.6840,0.00197,0.025,1,IDLE,disabled,0.000,0.000,deg/s,joint_states,-0.180,0.180,0.000,0.000,0.949,-0.175,-0.252,0.343,0.662,-10.451,14.639,,pan
assignment3_kp2_t1,28.680,1791455922.610588,815,1791455922.516958,camera_color_optical_frame,1,0.3566,0.6862,0.00202,0.008,1,IDLE,disabled,0.000,0.000,deg/s,joint_states,-0.180,0.180,0.000,0.000,0.993,-0.183,-0.265,0.342,0.664,-10.426,14.684,,pan
assignment3_kp2_t1,28.701,1791455922.632176,815,1791455922.516958,camera_color_optical_frame,1,0.3566,0.6862,0.00202,0.029,1,IDLE,disabled,0.000,0.000,deg/s,joint_states,-0.180,0.180,0.000,0.000,1.003,-0.184,-0.267,0.342,0.664,-10.419,14.679,,pan
assignment3_kp2_t1,28.720,1791455922.649439,816,1791455922.550315,camera_color_optical_frame,1,0.3565,0.6832,0.00197,0.007,1,IDLE,disabled,0.000,0.000,deg/s,joint_states,-0.180,0.180,0.000,0.000,0.951,-0.176,-0.252,0.343,0.661,-10.466,14.622,,pan
assignment3_kp2_t1,28.740,1791455922.669168,816,1791455922.550315,camera_color_optical_frame,1,0.3565,0.6832,0.00197,0.027,1,IDLE,disabled,0.000,0.000,deg/s,joint_states,-0.180,0.180,0.000,0.000,0.951,-0.176,-0.252,0.343,0.661,-10.468,14.617,,pan
assignment3_kp2_t1,28.761,1791455922.693496,817,1791455922.583671,camera_color_optical_frame,1,0.3567,0.6816,0.00202,0.020,1,IDLE,disabled,0.000,0.000,deg/s,joint_states,-0.180,0.180,0.000,0.000,0.945,-0.174,-0.248,0.343,0.653,-10.461,14.459,,pan
assignment3_kp2_t1,28.781,1791455922.710331,818,1791455922.617028,camera_color_optical_frame,1,0.3574,0.6824,0.00209,0.003,1,IDLE,disabled,0.000,0.000,deg/s,joint_states,-0.180,0.180,0.000,0.000,0.945,-0.175,-0.250,0.345,0.660,-10.515,14.603,,pan
assignment3_kp2_t1,28.801,1791455922.731861,818,1791455922.617028,camera_color_optical_frame,1,0.3574,0.6824,0.00209,0.023,1,IDLE,disabled,0.000,0.000,deg/s,joint_states,-0.180,0.180,0.000,0.000,0.944,-0.175,-0.250,0.345,0.660,-10.523,14.597,,pan
assignment3_kp2_t1,28.820,1791455922.750797,819,1791455922.650385,camera_color_optical_frame,1,0.3565,0.6849,0.00202,0.006,1,IDLE,disabled,0.000,0.000,deg/s,joint_states,-0.180,0.180,0.000,0.000,0.953,-0.176,-0.256,0.342,0.669,-10.445,14.785,,pan
assignment3_kp2_t1,28.841,1791455922.771145,819,1791455922.650385,camera_color_optical_frame,1,0.3565,0.6849,0.00202,0.027,1,IDLE,disabled,0.000,0.000,deg/s,joint_states,-0.180,0.180,0.000,0.000,0.953,-0.176,-0.256,0.342,0.670,-10.444,14.807,,pan
assignment3_kp2_t1,28.860,1791455922.791389,820,1791455922.683742,camera_color_optical_frame,1,0.3560,0.6830,0.00198,0.013,1,IDLE,disabled,0.000,0.000,deg/s,joint_states,-0.180,0.180,0.000,0.000,0.953,-0.174,-0.254,0.340,0.663,-10.376,14.666,,pan
assignment3_kp2_t1,28.881,1791455922.810995,821,1791455922.717099,camera_color_optical_frame,1,0.3570,0.6830,0.00203,0.004,1,IDLE,disabled,0.000,0.000,deg/s,joint_states,-0.180,0.180,0.000,0.000,0.957,-0.177,-0.253,0.344,0.660,-10.489,14.585,,pan
assignment3_kp2_t1,28.902,1791455922.832746,821,1791455922.717099,camera_color_optical_frame,1,0.3570,0.6830,0.00203,0.025,1,IDLE,disabled,0.000,0.000,deg/s,joint_states,-0.180,0.180,0.000,0.000,0.958,-0.177,-0.253,0.344,0.659,-10.494,14.573,,pan
assignment3_kp2_t1,28.920,1791455922.849563,822,1791455922.750455,camera_color_optical_frame,1,0.3566,0.6824,0.00202,0.006,1,IDLE,disabled,0.000,0.000,deg/s,joint_states,-0.180,0.180,0.000,0.000,0.947,-0.175,-0.251,0.344,0.661,-10.480,14.611,,pan
assignment3_kp2_t1,28.941,1791455922.870311,822,1791455922.750455,camera_color_optical_frame,1,0.3566,0.6824,0.00202,0.026,1,IDLE,disabled,0.000,0.000,deg/s,joint_states,-0.180,0.180,0.000,0.000,0.947,-0.175,-0.251,0.344,0.661,-10.485,14.607,,pan
assignment3_kp2_t1,28.961,1791455922.890740,823,1791455922.783812,camera_color_optical_frame,1,0.3570,0.6832,0.00207,0.016,1,IDLE,disabled,0.000,0.000,deg/s,joint_states,-0.180,0.180,0.000,0.000,0.945,-0.175,-0.251,0.343,0.663,-10.466,14.654,,pan
assignment3_kp2_t1,28.980,1791455922.910878,824,1791455922.817169,camera_color_optical_frame,1,0.3558,0.6835,0.00197,0.004,1,IDLE,disabled,0.000,0.000,deg/s,joint_states,-0.180,0.180,0.000,0.000,0.958,-0.176,-0.255,0.341,0.664,-10.403,14.682,,pan
assignment3_kp2_t1,29.000,1791455922.929573,825,1791455922.850526,camera_color_optical_frame,1,0.3565,0.6826,0.00201,0.011,0,IDLE,disabled,0.000,0.000,deg/s,joint_states,-0.180,0.180,0.000,0.000,0.562,-0.108,-0.155,0.359,0.686,-10.926,15.123,,pan
assignment3_kp2_t1,29.020,1791455922.949987,825,1791455922.850526,camera_color_optical_frame,1,0.3565,0.6826,0.00201,0.031,0,IDLE,disabled,0.000,0.000,deg/s,joint_states,-0.180,0.180,0.000,0.000,0.552,-0.107,-0.152,0.360,0.687,-10.945,15.143,,pan
assignment3_kp2_t1,29.040,1791455922.969887,826,1791455922.883883,camera_color_optical_frame,1,0.3561,0.6820,0.00199,0.002,1,IDLE,disabled,0.000,0.000,deg/s,joint_states,-0.180,0.180,0.000,0.000,0.946,-0.175,-0.250,0.343,0.659,-10.454,14.583,,pan
assignment3_kp2_t1,29.063,1791455922.994534,826,1791455922.883883,camera_color_optical_frame,1,0.3561,0.6820,0.00199,0.024,1,IDLE,disabled,0.000,0.000,deg/s,joint_states,-0.180,0.180,0.000,0.000,0.945,-0.174,-0.250,0.343,0.659,-10.457,14.573,,pan
assignment3_kp2_t1,29.081,1791455923.010921,827,1791455922.917240,camera_color_optical_frame,1,0.3558,0.6833,0.00194,0.002,1,IDLE,disabled,0.000,0.000,deg/s,joint_states,-0.180,0.180,0.000,0.000,0.944,-0.174,-0.249,0.343,0.658,-10.460,14.564,,pan
assignment3_kp2_t1,29.102,1791455923.034308,827,1791455922.917240,camera_color_optical_frame,1,0.3558,0.6833,0.00194,0.023,1,IDLE,disabled,0.000,0.000,deg/s,joint_states,-0.180,0.180,0.000,0.000,1.003,-0.184,-0.266,0.341,0.661,-10.392,14.613,,pan
assignment3_kp2_t1,29.120,1791455923.051781,828,1791455922.950597,camera_color_optical_frame,1,0.3553,0.6835,0.00190,0.005,1,IDLE,disabled,0.000,0.000,deg/s,joint_states,-0.180,0.180,0.000,0.000,0.945,-0.173,-0.252,0.340,0.665,-10.384,14.701,,pan
assignment3_kp2_t1,29.140,1791455923.071210,828,1791455922.950597,camera_color_optical_frame,1,0.3553,0.6835,0.00190,0.026,1,IDLE,disabled,0.000,0.000,deg/s,joint_states,-0.180,0.180,0.000,0.000,0.944,-0.173,-0.252,0.340,0.665,-10.376,14.711,,pan
assignment3_kp2_t1,29.164,1791455923.095624,829,1791455922.983954,camera_color_optical_frame,1,0.3566,0.6835,0.00201,0.006,1,IDLE,disabled,0.000,0.000,deg/s,joint_states,-0.180,0.180,0.000,0.000,0.951,-0.176,-0.253,0.344,0.663,-10.495,14.654,,pan
assignment3_kp2_t1,29.181,1791455923.114505,829,1791455922.983954,camera_color_optical_frame,1,0.3566,0.6835,0.00201,0.023,1,IDLE,disabled,0.000,0.000,deg/s,joint_states,-0.180,0.180,0.000,0.000,0.952,-0.176,-0.253,0.344,0.663,-10.501,14.654,,pan
assignment3_kp2_t1,29.200,1791455923.130211,830,1791455923.017311,camera_color_optical_frame,1,0.3576,0.6833,0.00211,0.012,1,IDLE,disabled,0.000,0.000,deg/s,joint_states,-0.180,0.180,0.000,0.000,0.950,-0.178,-0.252,0.347,0.662,-10.592,14.634,,pan
assignment3_kp2_t1,29.222,1791455923.151418,831,1791455923.050668,camera_color_optical_frame,1,0.3566,0.6820,0.00203,0.005,1,IDLE,disabled,0.000,0.000,deg/s,joint_states,-0.180,0.180,0.000,0.000,0.956,-0.177,-0.253,0.344,0.660,-10.493,14.587,,pan
assignment3_kp2_t1,29.241,1791455923.171059,831,1791455923.050668,camera_color_optical_frame,1,0.3566,0.6820,0.00203,0.024,1,IDLE,disabled,0.000,0.000,deg/s,joint_states,-0.180,0.180,0.000,0.000,0.956,-0.177,-0.253,0.344,0.659,-10.500,14.581,,pan
assignment3_kp2_t1,29.260,1791455923.192010,832,1791455923.084025,camera_color_optical_frame,1,0.3572,0.6836,0.00209,0.009,1,IDLE,disabled,0.000,0.000,deg/s,joint_states,-0.180,0.180,0.000,0.000,0.941,-0.174,-0.250,0.343,0.663,-10.459,14.664,,pan
assignment3_kp2_t1,29.282,1791455923.212577,832,1791455923.084025,camera_color_optical_frame,1,0.3572,0.6836,0.00209,0.031,1,IDLE,disabled,0.000,0.000,deg/s,joint_states,-0.180,0.180,0.000,0.000,0.940,-0.173,-0.250,0.343,0.663,-10.456,14.667,,pan
assignment3_kp2_t1,29.301,1791455923.231206,833,1791455923.117382,camera_color_optical_frame,1,0.3567,0.6835,0.00204,0.015,1,IDLE,disabled,0.000,0.000,deg/s,joint_states,-0.180,0.180,0.000,0.000,0.951,-0.175,-0.253,0.342,0.663,-10.434,14.657,,pan
assignment3_kp2_t1,29.320,1791455923.249362,834,1791455923.150739,camera_color_optical_frame,1,0.3570,0.6834,0.00203,0.008,1,IDLE,disabled,0.000,0.000,deg/s,joint_states,-0.180,0.180,0.000,0.000,0.955,-0.176,-0.254,0.343,0.662,-10.455,14.641,,pan
assignment3_kp2_t1,29.340,1791455923.269030,835,1791455923.184096,camera_color_optical_frame,1,0.3569,0.6827,0.00206,0.014,0,IDLE,disabled,0.000,0.000,deg/s,joint_states,-0.180,0.180,0.000,0.000,0.559,-0.108,-0.154,0.360,0.687,-10.948,15.129,,pan
assignment3_kp2_t1,29.362,1791455923.294212,835,1791455923.184096,camera_color_optical_frame,1,0.3569,0.6827,0.00206,0.037,0,IDLE,disabled,0.000,0.000,deg/s,joint_states,-0.180,0.180,0.000,0.000,0.548,-0.106,-0.151,0.360,0.688,-10.971,15.152,,pan
assignment3_kp2_t1,29.380,1791455923.310354,836,1791455923.217453,camera_color_optical_frame,1,0.3559,0.6826,0.00196,0.005,1,IDLE,disabled,0.000,0.000,deg/s,joint_states,-0.180,0.180,0.000,0.000,0.954,-0.175,-0.253,0.341,0.661,-10.390,14.615,,pan
assignment3_kp2_t1,29.400,1791455923.331055,836,1791455923.217453,camera_color_optical_frame,1,0.3559,0.6826,0.00196,0.025,1,IDLE,disabled,0.000,0.000,deg/s,joint_states,-0.180,0.180,0.000,0.000,0.955,-0.175,-0.253,0.340,0.661,-10.380,14.611,,pan
assignment3_kp2_t1,29.420,1791455923.349095,837,1791455923.250811,camera_color_optical_frame,1,0.3570,0.6837,0.00203,0.012,1,IDLE,disabled,0.000,0.000,deg/s,joint_states,-0.180,0.180,0.000,0.000,0.996,-0.183,-0.264,0.342,0.661,-10.437,14.624,,pan
assignment3_kp2_t1,29.440,1791455923.369332,838,1791455923.284168,camera_color_optical_frame,1,0.3568,0.6812,0.00204,0.017,0,IDLE,disabled,0.000,0.000,deg/s,joint_states,-0.180,0.180,0.000,0.000,0.559,-0.108,-0.154,0.360,0.685,-10.947,15.095,,pan
assignment3_kp2_t1,29.461,1791455923.393087,838,1791455923.284168,camera_color_optical_frame,1,0.3568,0.6812,0.00204,0.038,0,IDLE,disabled,0.000,0.000,deg/s,joint_states,-0.180,0.180,0.000,0.000,0.549,-0.106,-0.151,0.360,0.686,-10.970,15.116,,pan
assignment3_kp2_t1,29.480,1791455923.410364,839,1791455923.317526,camera_color_optical_frame,1,0.3570,0.6824,0.00204,0.002,0,IDLE,disabled,0.000,0.000,deg/s,joint_states,-0.180,0.180,0.000,0.000,0.540,-0.105,-0.149,0.361,0.687,-10.991,15.135,,pan
assignment3_kp2_t1,29.503,1791455923.436425,839,1791455923.317526,camera_color_optical_frame,1,0.3570,0.6824,0.00204,0.025,1,IDLE,disabled,0.000,0.000,deg/s,joint_states,-0.180,0.180,0.000,0.000,0.950,-0.175,-0.251,0.343,0.659,-10.462,14.584,,pan
assignment3_kp2_t1,29.521,1791455923.451176,840,1791455923.350883,camera_color_optical_frame,1,0.3564,0.6835,0.00201,0.007,1,IDLE,disabled,0.000,0.000,deg/s,joint_states,-0.180,0.180,0.000,0.000,0.950,-0.175,-0.252,0.342,0.662,-10.431,14.650,,pan
assignment3_kp2_t1,29.541,1791455923.471078,840,1791455923.350883,camera_color_optical_frame,1,0.3564,0.6835,0.00201,0.027,1,IDLE,disabled,0.000,0.000,deg/s,joint_states,-0.180,0.180,0.000,0.000,0.950,-0.175,-0.252,0.342,0.662,-10.428,14.650,,pan
assignment3_kp2_t1,29.561,1791455923.493372,841,1791455923.384240,camera_color_optical_frame,1,0.3555,0.6824,0.00191,0.008,1,IDLE,disabled,0.000,0.000,deg/s,joint_states,-0.180,0.090,0.000,0.000,0.937,-0.171,-0.249,0.339,0.666,-10.351,14.631,,pan
assignment3_kp2_t1,29.581,1791455923.512225,842,1791455923.417598,camera_color_optical_frame,1,0.3567,0.6846,0.00201,0.002,1,IDLE,disabled,0.000,0.000,deg/s,joint_states,-0.180,0.180,0.000,0.000,0.935,-0.171,-0.248,0.339,0.661,-10.337,14.631,,pan
assignment3_kp2_t1,29.602,1791455923.533648,842,1791455923.417598,camera_color_optical_frame,1,0.3567,0.6846,0.00201,0.023,1,IDLE,disabled,0.000,0.000,deg/s,joint_states,-0.180,0.180,0.000,0.000,0.947,-0.175,-0.253,0.343,0.665,-10.471,14.709,,pan
assignment3_kp2_t1,29.620,1791455923.551292,843,1791455923.450956,camera_color_optical_frame,1,0.3574,0.6831,0.00206,0.010,1,IDLE,disabled,0.000,0.000,deg/s,joint_states,-0.180,0.180,0.000,0.000,0.964,-0.180,-0.257,0.346,0.663,-10.560,14.658,,pan
assignment3_kp2_t1,29.641,1791455923.574154,843,1791455923.450956,camera_color_optical_frame,1,0.3574,0.6831,0.00206,0.031,1,IDLE,disabled,0.000,0.000,deg/s,joint_states,-0.180,0.180,0.000,0.000,0.967,-0.181,-0.257,0.347,0.663,-10.577,14.662,,pan
assignment3_kp2_t1,29.661,1791455923.591775,844,1791455923.484313,camera_color_optical_frame,1,0.3558,0.6834,0.00194,0.008,1,IDLE,disabled,0.000,0.000,deg/s,joint_states,-0.180,0.090,0.000,0.000,0.949,-0.174,-0.250,0.341,0.660,-10.384,14.504,,pan
assignment3_kp2_t1,29.681,1791455923.611139,844,1791455923.484313,camera_color_optical_frame,1,0.3558,0.6834,0.00194,0.028,1,IDLE,disabled,0.000,0.000,deg/s,joint_states,-0.180,0.180,0.000,0.000,0.949,-0.174,-0.249,0.340,0.654,-10.375,14.484,,pan
assignment3_kp2_t1,29.700,1791455923.630574,845,1791455923.517671,camera_color_optical_frame,1,0.3572,0.6837,0.00207,0.012,1,IDLE,disabled,0.000,0.000,deg/s,joint_states,-0.180,0.180,0.000,0.000,0.934,-0.172,-0.249,0.343,0.664,-10.461,14.677,,pan
assignment3_kp2_t1,29.720,1791455923.649652,845,1791455923.517671,camera_color_optical_frame,1,0.3572,0.6837,0.00207,0.031,1,IDLE,disabled,0.000,0.000,deg/s,joint_states,-0.180,0.180,0.000,0.000,0.932,-0.172,-0.248,0.343,0.664,-10.459,14.681,,pan
assignment3_kp2_t1,29.741,1791455923.674309,846,1791455923.551028,camera_color_optical_frame,1,0.3578,0.6845,0.00211,0.017,1,IDLE,disabled,0.000,0.000,deg/s,joint_states,-0.180,0.180,0.000,0.000,0.937,-0.174,-0.250,0.344,0.665,-10.503,14.705,,pan
assignment3_kp2_t1,29.761,1791455923.696105,847,1791455923.584386,camera_color_optical_frame,1,0.3569,0.6825,0.00207,0.003,1,IDLE,disabled,0.000,0.000,deg/s,joint_states,-0.180,0.180,0.000,0.000,0.962,-0.177,-0.253,0.343,0.655,-10.450,14.487,,pan
assignment3_kp2_t1,29.782,1791455923.712874,847,1791455923.584386,camera_color_optical_frame,1,0.3569,0.6825,0.00207,0.023,1,IDLE,disabled,0.000,0.000,deg/s,joint_states,-0.180,0.180,0.000,0.000,0.963,-0.178,-0.253,0.343,0.654,-10.448,14.468,,pan
assignment3_kp2_t1,29.801,1791455923.731280,848,1791455923.617744,camera_color_optical_frame,1,0.3561,0.6820,0.00198,0.008,1,IDLE,disabled,0.000,0.000,deg/s,joint_states,-0.180,0.180,0.000,0.000,0.956,-0.175,-0.252,0.340,0.657,-10.360,14.537,,pan
assignment3_kp2_t1,29.820,1791455923.750416,848,1791455923.617744,camera_color_optical_frame,1,0.3561,0.6820,0.00198,0.027,1,IDLE,disabled,0.000,0.000,deg/s,joint_states,-0.180,0.180,0.000,0.000,0.958,-0.175,-0.252,0.339,0.656,-10.347,14.523,,pan
assignment3_kp2_t1,29.841,1791455923.772019,849,1791455923.651102,camera_color_optical_frame,1,0.3567,0.6853,0.00202,0.015,1,IDLE,disabled,0.000,0.000,deg/s,joint_states,-0.180,0.090,0.000,0.000,0.946,-0.174,-0.255,0.343,0.677,-10.450,14.869,,pan
assignment3_kp2_t1,29.860,1791455923.789194,849,1791455923.651102,camera_color_optical_frame,1,0.3567,0.6853,0.00202,0.034,1,IDLE,disabled,0.000,0.000,deg/s,joint_states,-0.180,0.180,0.000,0.000,0.945,-0.174,-0.256,0.343,0.674,-10.449,14.898,,pan
assignment3_kp2_t1,29.881,1791455923.815398,850,1791455923.684460,camera_color_optical_frame,1,0.3570,0.6823,0.00206,0.018,1,IDLE,disabled,0.000,0.000,deg/s,joint_states,-0.180,0.090,0.000,0.000,0.947,-0.176,-0.252,0.345,0.666,-10.517,14.638,,pan
assignment3_kp2_t1,29.900,1791455923.829223,850,1791455923.684460,camera_color_optical_frame,1,0.3570,0.6823,0.00206,0.037,1,IDLE,disabled,0.000,0.000,deg/s,joint_states,-0.180,0.180,0.000,0.000,0.947,-0.176,-0.251,0.345,0.662,-10.525,14.639,,pan
assignment3_kp2_t1,29.920,1791455923.850359,851,1791455923.717818,camera_color_optical_frame,1,0.3569,0.6828,0.00205,0.018,1,IDLE,disabled,0.000,0.000,deg/s,joint_states,-0.180,0.180,0.000,0.000,0.944,-0.175,-0.249,0.344,0.657,-10.477,14.534,,pan
assignment3_kp2_t1,29.941,1791455923.871421,852,1791455923.751176,camera_color_optical_frame,1,0.3557,0.6830,0.00197,0.007,1,IDLE,disabled,0.000,0.000,deg/s,joint_states,-0.180,0.180,0.000,0.000,0.952,-0.174,-0.250,0.339,0.653,-10.350,14.451,,pan
assignment3_kp2_t1,29.960,1791455923.889133,853,1791455923.784534,camera_color_optical_frame,1,0.3558,0.6839,0.00196,0.009,0,IDLE,disabled,0.000,0.000,deg/s,joint_states,-0.180,0.180,0.000,0.000,0.550,-0.106,-0.151,0.359,0.686,-10.924,15.127,,pan
assignment3_kp2_t1,29.981,1791455923.910422,853,1791455923.784534,camera_color_optical_frame,1,0.3558,0.6839,0.00196,0.030,0,IDLE,disabled,0.000,0.000,deg/s,joint_states,-0.180,0.180,0.000,0.000,0.540,-0.104,-0.149,0.360,0.688,-10.944,15.149,,pan
assignment3_kp2_t1,30.001,1791455923.932939,854,1791455923.817892,camera_color_optical_frame,1,0.3571,0.6829,0.00207,0.017,1,IDLE,disabled,0.000,0.000,deg/s,joint_states,-0.180,0.180,0.000,0.000,0.944,-0.176,-0.253,0.346,0.668,-10.543,14.766,,pan
assignment3_kp2_t1,30.022,1791455923.951355,855,1791455923.851250,camera_color_optical_frame,1,0.3554,0.6830,0.00194,0.002,1,IDLE,disabled,0.000,0.000,deg/s,joint_states,-0.180,0.180,0.000,0.000,0.943,-0.176,-0.253,0.346,0.669,-10.556,14.789,,pan
assignment3_kp2_t1,30.043,1791455923.972924,855,1791455923.851250,camera_color_optical_frame,1,0.3554,0.6830,0.00194,0.023,1,IDLE,disabled,0.000,0.000,deg/s,joint_states,-0.180,0.180,0.000,0.000,1.005,-0.184,-0.266,0.340,0.660,-10.381,14.606,,pan
assignment3_kp2_t1,30.060,1791455923.989842,856,1791455923.884609,camera_color_optical_frame,1,0.3565,0.6828,0.00200,0.002,1,IDLE,disabled,0.000,0.000,deg/s,joint_states,-0.180,0.180,0.000,0.000,1.013,-0.186,-0.268,0.340,0.660,-10.375,14.600,,pan
assignment3_kp2_t1,30.081,1791455924.010764,856,1791455923.884609,camera_color_optical_frame,1,0.3565,0.6828,0.00200,0.023,1,IDLE,disabled,0.000,0.000,deg/s,joint_states,-0.180,0.180,0.000,0.000,0.933,-0.172,-0.248,0.342,0.662,-10.426,14.635,,pan
assignment3_kp2_t1,30.101,1791455924.031122,857,1791455923.917967,camera_color_optical_frame,1,0.3568,0.6829,0.00205,0.015,1,IDLE,disabled,0.000,0.000,deg/s,joint_states,-0.180,0.180,0.000,0.000,0.940,-0.175,-0.250,0.345,0.662,-10.530,14.633,,pan
assignment3_kp2_t1,30.120,1791455924.049340,858,1791455923.951325,camera_color_optical_frame,1,0.3568,0.6819,0.00202,0.002,1,IDLE,disabled,0.000,0.000,deg/s,joint_states,-0.180,0.180,0.000,0.000,0.939,-0.175,-0.249,0.346,0.662,-10.541,14.632,,pan
assignment3_kp2_t1,30.141,1791455924.072629,858,1791455923.951325,camera_color_optical_frame,1,0.3568,0.6819,0.00202,0.023,1,IDLE,disabled,0.000,0.000,deg/s,joint_states,-0.180,0.180,0.000,0.000,0.968,-0.179,-0.256,0.344,0.660,-10.475,14.587,,pan
assignment3_kp2_t1,30.161,1791455924.090021,859,1791455923.984683,camera_color_optical_frame,1,0.3570,0.6845,0.00205,0.005,1,IDLE,disabled,0.000,0.000,deg/s,joint_states,-0.180,0.180,0.000,0.000,0.952,-0.176,-0.254,0.344,0.666,-10.480,14.722,,pan
assignment3_kp2_t1,30.181,1791455924.112343,859,1791455923.984683,camera_color_optical_frame,1,0.3570,0.6845,0.00205,0.025,1,IDLE,disabled,0.000,0.000,deg/s,joint_states,-0.180,0.180,0.000,0.000,0.953,-0.176,-0.255,0.344,0.667,-10.482,14.732,,pan
assignment3_kp2_t1,30.200,1791455924.129936,860,1791455924.018042,camera_color_optical_frame,1,0.3569,0.6829,0.00205,0.008,1,IDLE,disabled,0.000,0.000,deg/s,joint_states,-0.180,0.180,0.000,0.000,0.936,-0.173,-0.249,0.343,0.664,-10.465,14.672,,pan
assignment3_kp2_t1,30.220,1791455924.149722,860,1791455924.018042,camera_color_optical_frame,1,0.3569,0.6829,0.00205,0.028,1,IDLE,disabled,0.000,0.000,deg/s,joint_states,-0.180,0.180,0.000,0.000,0.934,-0.173,-0.249,0.343,0.664,-10.466,14.677,,pan
assignment3_kp2_t1,30.240,1791455924.170277,861,1791455924.051400,camera_color_optical_frame,1,0.3570,0.6848,0.00207,0.016,1,IDLE,disabled,0.000,0.000,deg/s,joint_states,-0.180,0.180,0.000,0.000,0.950,-0.176,-0.253,0.343,0.664,-10.463,14.689,,pan
assignment3_kp2_t1,30.261,1791455924.190789,862,1791455924.084759,camera_color_optical_frame,1,0.3561,0.6839,0.00197,0.002,1,IDLE,disabled,0.000,0.000,deg/s,joint_states,-0.180,0.180,0.000,0.000,0.951,-0.176,-0.253,0.343,0.665,-10.462,14.691,,pan
assignment3_kp2_t1,30.281,1791455924.215387,862,1791455924.084759,camera_color_optical_frame,1,0.3561,0.6839,0.00197,0.023,1,IDLE,disabled,0.000,0.000,deg/s,joint_states,-0.180,0.180,0.000,0.000,0.946,-0.174,-0.252,0.341,0.665,-10.398,14.702,,pan
assignment3_kp2_t1,30.302,1791455924.232727,863,1791455924.118117,camera_color_optical_frame,1,0.3560,0.6833,0.00195,0.006,1,IDLE,disabled,0.000,0.000,deg/s,joint_states,-0.180,0.180,0.000,0.000,0.965,-0.177,-0.255,0.341,0.660,-10.392,14.599,,pan
assignment3_kp2_t1,30.320,1791455924.250478,863,1791455924.118117,camera_color_optical_frame,1,0.3560,0.6833,0.00195,0.023,1,IDLE,disabled,0.000,0.000,deg/s,joint_states,-0.180,0.180,0.000,0.000,0.966,-0.177,-0.256,0.340,0.660,-10.385,14.591,,pan
assignment3_kp2_t1,30.340,1791455924.272201,864,1791455924.151476,camera_color_optical_frame,1,0.3568,0.6820,0.00202,0.014,1,IDLE,disabled,0.000,0.000,deg/s,joint_states,-0.180,0.180,0.000,0.000,0.943,-0.175,-0.249,0.344,0.658,-10.502,14.548,,pan
assignment3_kp2_t1,30.362,1791455924.293576,865,1791455924.184835,camera_color_optical_frame,1,0.3563,0.6844,0.00199,0.006,1,IDLE,disabled,0.000,0.000,deg/s,joint_states,-0.180,0.090,0.000,0.000,0.929,-0.172,-0.248,0.343,0.670,-10.462,14.709,,pan
assignment3_kp2_t1,30.380,1791455924.310076,866,1791455924.218194,camera_color_optical_frame,1,0.3565,0.6848,0.00202,0.005,0,IDLE,disabled,0.000,0.000,deg/s,joint_states,-0.180,0.180,0.000,0.000,0.556,-0.107,-0.154,0.359,0.690,-10.938,15.198,,pan
assignment3_kp2_t1,30.401,1791455924.333457,866,1791455924.218194,camera_color_optical_frame,1,0.3565,0.6848,0.00202,0.027,0,IDLE,disabled,0.000,0.000,deg/s,joint_states,-0.180,0.180,0.000,0.000,0.546,-0.106,-0.151,0.360,0.691,-10.960,15.224,,pan
assignment3_kp2_t1,30.420,1791455924.350070,867,1791455924.251553,camera_color_optical_frame,1,0.3569,0.6823,0.00203,0.005,1,IDLE,disabled,0.000,0.000,deg/s,joint_states,-0.180,0.180,0.000,0.000,0.954,-0.177,-0.252,0.344,0.659,-10.490,14.564,,pan
assignment3_kp2_t1,30.441,1791455924.372666,867,1791455924.251553,camera_color_optical_frame,1,0.3569,0.6823,0.00203,0.026,1,IDLE,disabled,0.000,0.000,deg/s,joint_states,-0.180,0.180,0.000,0.000,0.956,-0.177,-0.252,0.344,0.658,-10.495,14.550,,pan
assignment3_kp2_t1,30.462,1791455924.393498,868,1791455924.284913,camera_color_optical_frame,1,0.3560,0.6838,0.00197,0.004,1,IDLE,disabled,0.000,0.000,deg/s,joint_states,-0.180,0.180,0.000,0.000,1.000,-0.183,-0.264,0.341,0.659,-10.399,14.577,,pan
assignment3_kp2_t1,30.480,1791455924.409234,868,1791455924.284913,camera_color_optical_frame,1,0.3560,0.6838,0.00197,0.022,1,IDLE,disabled,0.000,0.000,deg/s,joint_states,-0.180,0.180,0.000,0.000,1.008,-0.185,-0.266,0.341,0.659,-10.393,14.571,,pan
assignment3_kp2_t1,30.501,1791455924.431230,870,1791455924.351632,camera_color_optical_frame,1,0.3557,0.6830,0.00195,0.004,1,IDLE,disabled,0.000,0.000,deg/s,joint_states,-0.180,0.180,0.000,0.000,0.951,-0.176,-0.253,0.344,0.664,-10.499,14.676,,pan
assignment3_kp2_t1,30.520,1791455924.449120,870,1791455924.351632,camera_color_optical_frame,1,0.3557,0.6830,0.00195,0.022,0,IDLE,disabled,0.000,0.000,deg/s,joint_states,-0.180,0.180,0.000,0.000,0.553,-0.107,-0.153,0.359,0.688,-10.922,15.161,,pan
assignment3_kp2_t1,30.540,1791455924.469506,870,1791455924.351632,camera_color_optical_frame,1,0.3557,0.6830,0.00195,0.043,0,IDLE,disabled,0.000,0.000,deg/s,joint_states,-0.180,0.180,0.000,0.000,0.543,-0.105,-0.150,0.359,0.689,-10.943,15.184,,pan
assignment3_kp2_t1,30.560,1791455924.489427,871,1791455924.384992,camera_color_optical_frame,1,0.3563,0.6844,0.00201,0.015,1,IDLE,disabled,0.000,0.000,deg/s,joint_states,-0.180,0.180,0.000,0.000,0.950,-0.174,-0.254,0.341,0.665,-10.399,14.713,,pan
assignment3_kp2_t1,30.580,1791455924.509301,871,1791455924.384992,camera_color_optical_frame,1,0.3563,0.6844,0.00201,0.035,1,IDLE,disabled,0.000,0.000,deg/s,joint_states,-0.180,0.180,0.000,0.000,0.950,-0.174,-0.254,0.341,0.666,-10.390,14.721,,pan
assignment3_kp2_t1,30.603,1791455924.536376,872,1791455924.418351,camera_color_optical_frame,1,0.3568,0.6815,0.00201,0.019,1,IDLE,disabled,0.000,0.000,deg/s,joint_states,-0.180,0.180,0.000,0.000,0.948,-0.175,-0.250,0.342,0.659,-10.441,14.569,,pan
assignment3_kp2_t1,30.621,1791455924.552707,873,1791455924.451711,camera_color_optical_frame,1,0.3566,0.6827,0.00199,0.003,1,IDLE,disabled,0.000,0.000,deg/s,joint_states,-0.180,0.180,0.000,0.000,0.947,-0.175,-0.250,0.342,0.658,-10.438,14.562,,pan
assignment3_kp2_t1,30.643,1791455924.573637,873,1791455924.451711,camera_color_optical_frame,1,0.3566,0.6827,0.00199,0.025,1,IDLE,disabled,0.000,0.000,deg/s,joint_states,-0.180,0.180,0.000,0.000,0.947,-0.175,-0.250,0.343,0.659,-10.472,14.568,,pan
assignment3_kp2_t1,30.660,1791455924.591910,874,1791455924.485071,camera_color_optical_frame,1,0.3558,0.6822,0.00198,0.012,1,IDLE,disabled,0.000,0.000,deg/s,joint_states,-0.180,0.180,0.000,0.000,0.956,-0.175,-0.254,0.341,0.662,-10.389,14.652,,pan
assignment3_kp2_t1,30.680,1791455924.609121,874,1791455924.485071,camera_color_optical_frame,1,0.3558,0.6822,0.00198,0.032,1,IDLE,disabled,0.000,0.000,deg/s,joint_states,-0.180,0.180,0.000,0.000,0.957,-0.175,-0.255,0.340,0.663,-10.381,14.657,,pan
assignment3_kp2_t1,30.701,1791455924.633736,875,1791455924.518430,camera_color_optical_frame,1,0.3568,0.6837,0.00206,0.018,1,IDLE,disabled,0.000,0.000,deg/s,joint_states,-0.180,0.180,0.000,0.000,0.946,-0.175,-0.252,0.343,0.664,-10.472,14.689,,pan
assignment3_kp2_t1,30.720,1791455924.650144,876,1791455924.551790,camera_color_optical_frame,1,0.3562,0.6830,0.00198,0.006,1,IDLE,disabled,0.000,0.000,deg/s,joint_states,-0.180,0.180,0.000,0.000,0.937,-0.173,-0.249,0.343,0.663,-10.465,14.664,,pan
assignment3_kp2_t1,30.743,1791455924.673378,876,1791455924.551790,camera_color_optical_frame,1,0.3562,0.6830,0.00198,0.029,1,IDLE,disabled,0.000,0.000,deg/s,joint_states,-0.180,0.180,0.000,0.000,0.935,-0.173,-0.249,0.343,0.664,-10.470,14.670,,pan
assignment3_kp2_t1,30.760,1791455924.690325,877,1791455924.585150,camera_color_optical_frame,1,0.3570,0.6840,0.00207,0.009,1,IDLE,disabled,0.000,0.000,deg/s,joint_states,-0.180,0.090,0.000,0.000,0.958,-0.178,-0.255,0.345,0.669,-10.507,14.697,,pan
assignment3_kp2_t1,30.780,1791455924.709449,877,1791455924.585150,camera_color_optical_frame,1,0.3570,0.6840,0.00207,0.029,1,IDLE,disabled,0.000,0.000,deg/s,joint_states,-0.180,0.180,0.000,0.000,0.958,-0.178,-0.256,0.345,0.665,-10.514,14.704,,pan
assignment3_kp2_t1,30.801,1791455924.736146,878,1791455924.618510,camera_color_optical_frame,1,0.3564,0.6844,0.00200,0.018,1,IDLE,disabled,0.000,0.000,deg/s,joint_states,-0.180,0.180,0.000,0.000,0.946,-0.175,-0.253,0.343,0.666,-10.461,14.719,,pan
assignment3_kp2_t1,30.820,1791455924.749733,879,1791455924.651870,camera_color_optical_frame,1,0.3571,0.6842,0.00206,0.005,1,IDLE,disabled,0.000,0.000,deg/s,joint_states,-0.180,0.180,0.000,0.000,0.938,-0.173,-0.250,0.343,0.664,-10.471,14.673,,pan
assignment3_kp2_t1,30.843,1791455924.773500,879,1791455924.651870,camera_color_optical_frame,1,0.3571,0.6842,0.00206,0.028,1,IDLE,disabled,0.000,0.000,deg/s,joint_states,-0.180,0.180,0.000,0.000,0.935,-0.173,-0.249,0.343,0.664,-10.471,14.675,,pan
assignment3_kp2_t1,30.861,1791455924.791655,880,1791455924.685230,camera_color_optical_frame,1,0.3566,0.6828,0.00203,0.009,1,IDLE,disabled,0.000,0.000,deg/s,joint_states,-0.180,0.180,0.000,0.000,0.946,-0.175,-0.249,0.343,0.655,-10.455,14.486,,pan
assignment3_kp2_t1,30.880,1791455924.810089,880,1791455924.685230,camera_color_optical_frame,1,0.3566,0.6828,0.00203,0.028,1,IDLE,disabled,0.000,0.000,deg/s,joint_states,-0.180,0.180,0.000,0.000,0.946,-0.175,-0.248,0.343,0.654,-10.455,14.465,,pan
assignment3_kp2_t1,30.902,1791455924.834449,881,1791455924.718589,camera_color_optical_frame,1,0.3579,0.6825,0.00208,0.018,1,IDLE,disabled,0.000,0.000,deg/s,joint_states,-0.180,0.180,0.000,0.000,0.932,-0.173,-0.246,0.346,0.659,-10.534,14.569,,pan
assignment3_kp2_t1,30.922,1791455924.852931,882,1791455924.751949,camera_color_optical_frame,1,0.3565,0.6829,0.00203,0.005,1,IDLE,disabled,0.000,0.000,deg/s,joint_states,-0.180,0.180,0.000,0.000,0.938,-0.173,-0.250,0.343,0.665,-10.452,14.703,,pan
assignment3_kp2_t1,30.942,1791455924.872082,882,1791455924.751949,camera_color_optical_frame,1,0.3565,0.6829,0.00203,0.025,1,IDLE,disabled,0.000,0.000,deg/s,joint_states,-0.180,0.180,0.000,0.000,0.937,-0.173,-0.250,0.343,0.666,-10.452,14.715,,pan
assignment3_kp2_t1,30.960,1791455924.890703,883,1791455924.785309,camera_color_optical_frame,1,0.3567,0.6829,0.00202,0.011,1,IDLE,disabled,0.000,0.000,deg/s,joint_states,-0.180,0.090,0.000,0.000,0.952,-0.175,-0.253,0.341,0.667,-10.403,14.654,,pan
assignment3_kp2_t1,30.980,1791455924.909436,883,1791455924.785309,camera_color_optical_frame,1,0.3567,0.6829,0.00202,0.030,1,IDLE,disabled,0.000,0.000,deg/s,joint_states,-0.180,0.180,0.000,0.000,0.953,-0.175,-0.253,0.341,0.663,-10.393,14.656,,pan
assignment3_kp2_t1,31.002,1791455924.936493,884,1791455924.818669,camera_color_optical_frame,1,0.3571,0.6816,0.00205,0.019,1,IDLE,disabled,0.000,0.000,deg/s,joint_states,-0.180,0.180,0.000,0.000,0.956,-0.177,-0.253,0.344,0.659,-10.501,14.564,,pan
assignment3_kp2_t1,31.024,1791455924.953438,885,1791455924.852029,camera_color_optical_frame,1,0.3570,0.6824,0.00206,0.006,1,IDLE,disabled,0.000,0.000,deg/s,joint_states,-0.180,0.180,0.000,0.000,0.943,-0.174,-0.250,0.344,0.661,-10.481,14.610,,pan
assignment3_kp2_t1,31.042,1791455924.971644,885,1791455924.852029,camera_color_optical_frame,1,0.3570,0.6824,0.00206,0.025,1,IDLE,disabled,0.000,0.000,deg/s,joint_states,-0.180,0.180,0.000,0.000,0.943,-0.174,-0.250,0.344,0.661,-10.484,14.607,,pan
assignment3_kp2_t1,31.060,1791455924.991668,886,1791455924.885389,camera_color_optical_frame,1,0.3566,0.6841,0.00200,0.014,1,IDLE,disabled,0.000,0.000,deg/s,joint_states,-0.180,0.180,0.000,0.000,0.944,-0.174,-0.250,0.343,0.661,-10.449,14.616,,pan
assignment3_kp2_t1,31.080,1791455925.009503,886,1791455924.885389,camera_color_optical_frame,1,0.3566,0.6841,0.00200,0.034,1,IDLE,disabled,0.000,0.000,deg/s,joint_states,-0.180,0.180,0.000,0.000,0.944,-0.174,-0.250,0.343,0.661,-10.448,14.614,,pan
assignment3_kp2_t1,31.101,1791455925.033128,887,1791455924.918749,camera_color_optical_frame,1,0.3566,0.6831,0.00200,0.018,1,IDLE,disabled,0.000,0.000,deg/s,joint_states,-0.180,0.090,0.000,0.000,0.947,-0.174,-0.252,0.342,0.668,-10.436,14.671,,pan
assignment3_kp2_t1,31.120,1791455925.049687,888,1791455924.952109,camera_color_optical_frame,1,0.3568,0.6821,0.00204,0.004,1,IDLE,disabled,0.000,0.000,deg/s,joint_states,-0.180,0.180,0.000,0.000,0.952,-0.176,-0.252,0.343,0.661,-10.474,14.613,,pan
assignment3_kp2_t1,31.143,1791455925.072890,888,1791455924.952109,camera_color_optical_frame,1,0.3568,0.6821,0.00204,0.027,1,IDLE,disabled,0.000,0.000,deg/s,joint_states,-0.180,0.180,0.000,0.000,0.953,-0.176,-0.253,0.344,0.661,-10.477,14.611,,pan
assignment3_kp2_t1,31.160,1791455925.089926,889,1791455924.985470,camera_color_optical_frame,1,0.3567,0.6819,0.00200,0.008,1,IDLE,disabled,0.000,0.000,deg/s,joint_states,-0.180,0.180,0.000,0.000,0.943,-0.174,-0.249,0.343,0.659,-10.460,14.580,,pan
assignment3_kp2_t1,31.180,1791455925.109937,889,1791455924.985470,camera_color_optical_frame,1,0.3567,0.6819,0.00200,0.028,1,IDLE,disabled,0.000,0.000,deg/s,joint_states,-0.180,0.180,0.000,0.000,0.943,-0.174,-0.249,0.343,0.659,-10.461,14.573,,pan
assignment3_kp2_t1,31.201,1791455925.134315,890,1791455925.018830,camera_color_optical_frame,1,0.3562,0.6815,0.00197,0.018,1,IDLE,disabled,0.000,0.000,deg/s,joint_states,-0.180,0.090,0.000,0.000,0.948,-0.174,-0.248,0.341,0.655,-10.408,14.412,,pan
assignment3_kp2_t1,31.220,1791455925.149179,891,1791455925.052190,camera_color_optical_frame,1,0.3567,0.6835,0.00201,0.002,1,IDLE,disabled,0.000,0.000,deg/s,joint_states,-0.180,0.180,0.000,0.000,0.949,-0.174,-0.247,0.341,0.650,-10.403,14.390,,pan
assignment3_kp2_t1,31.241,1791455925.172170,891,1791455925.052190,camera_color_optical_frame,1,0.3567,0.6835,0.00201,0.024,1,IDLE,disabled,0.000,0.000,deg/s,joint_states,-0.180,0.180,0.000,0.000,0.958,-0.177,-0.256,0.343,0.665,-10.463,14.707,,pan
assignment3_kp2_t1,31.260,1791455925.190731,892,1791455925.085551,camera_color_optical_frame,1,0.3563,0.6823,0.00199,0.006,1,IDLE,disabled,0.000,0.000,deg/s,joint_states,-0.180,0.180,0.000,0.000,0.951,-0.175,-0.252,0.342,0.662,-10.437,14.636,,pan
assignment3_kp2_t1,31.280,1791455925.209405,892,1791455925.085551,camera_color_optical_frame,1,0.3563,0.6823,0.00199,0.025,1,IDLE,disabled,0.000,0.000,deg/s,joint_states,-0.180,0.180,0.000,0.000,0.951,-0.175,-0.253,0.342,0.662,-10.435,14.638,,pan
assignment3_kp2_t1,31.301,1791455925.233075,893,1791455925.118911,camera_color_optical_frame,1,0.3574,0.6833,0.00210,0.016,1,IDLE,disabled,0.000,0.000,deg/s,joint_states,-0.180,0.180,0.000,0.000,0.950,-0.176,-0.249,0.344,0.654,-10.502,14.465,,pan
assignment3_kp2_t1,31.321,1791455925.252204,894,1791455925.152271,camera_color_optical_frame,1,0.3563,0.6826,0.00201,0.005,1,IDLE,disabled,0.000,0.000,deg/s,joint_states,-0.180,0.180,0.000,0.000,0.958,-0.177,-0.254,0.343,0.662,-10.447,14.644,,pan
assignment3_kp2_t1,31.340,1791455925.269531,894,1791455925.152271,camera_color_optical_frame,1,0.3563,0.6826,0.00201,0.024,1,IDLE,disabled,0.000,0.000,deg/s,joint_states,-0.180,0.180,0.000,0.000,0.959,-0.177,-0.255,0.343,0.662,-10.447,14.646,,pan
assignment3_kp2_t1,31.360,1791455925.290389,896,1791455925.218987,camera_color_optical_frame,1,0.3566,0.6828,0.00203,0.002,1,IDLE,disabled,0.000,0.000,deg/s,joint_states,-0.180,0.090,0.000,0.000,0.947,-0.175,-0.255,0.344,0.676,-10.486,14.833,,pan
assignment3_kp2_t1,31.380,1791455925.309017,896,1791455925.218987,camera_color_optical_frame,1,0.3566,0.6828,0.00203,0.023,0,IDLE,disabled,0.000,0.000,deg/s,joint_states,-0.180,0.180,0.000,0.000,0.556,-0.108,-0.153,0.360,0.687,-10.945,15.141,,pan
assignment3_kp2_t1,31.401,1791455925.333600,896,1791455925.218987,camera_color_optical_frame,1,0.3566,0.6828,0.00203,0.044,0,IDLE,disabled,0.000,0.000,deg/s,joint_states,-0.180,0.180,0.000,0.000,0.546,-0.106,-0.151,0.360,0.688,-10.968,15.164,,pan
assignment3_kp2_t1,31.421,1791455925.351544,897,1791455925.252343,camera_color_optical_frame,1,0.3567,0.6820,0.00203,0.009,1,IDLE,disabled,0.000,0.000,deg/s,joint_states,-0.180,0.180,0.000,0.000,0.956,-0.176,-0.252,0.342,0.657,-10.432,14.534,,pan
assignment3_kp2_t1,31.441,1791455925.370204,897,1791455925.252343,camera_color_optical_frame,1,0.3567,0.6820,0.00203,0.029,1,IDLE,disabled,0.000,0.000,deg/s,joint_states,-0.180,0.180,0.000,0.000,0.957,-0.176,-0.252,0.342,0.656,-10.426,14.516,,pan
assignment3_kp2_t1,31.460,1791455925.391505,898,1791455925.285698,camera_color_optical_frame,1,0.3559,0.6831,0.00199,0.016,1,IDLE,disabled,0.000,0.000,deg/s,joint_states,-0.180,0.180,0.000,0.000,0.995,-0.183,-0.263,0.341,0.658,-10.396,14.568,,pan
assignment3_kp2_t1,31.481,1791455925.410131,899,1791455925.319054,camera_color_optical_frame,1,0.3563,0.6846,0.00199,0.002,1,IDLE,disabled,0.000,0.000,deg/s,joint_states,-0.180,0.180,0.000,0.000,1.005,-0.184,-0.265,0.341,0.658,-10.390,14.561,,pan
assignment3_kp2_t1,31.502,1791455925.435057,899,1791455925.319054,camera_color_optical_frame,1,0.3563,0.6846,0.00199,0.023,1,IDLE,disabled,0.000,0.000,deg/s,joint_states,-0.180,0.180,0.000,0.000,0.933,-0.172,-0.250,0.342,0.668,-10.426,14.769,,pan
assignment3_kp2_t1,31.520,1791455925.451641,900,1791455925.352409,camera_color_optical_frame,1,0.3568,0.6824,0.00204,0.006,1,IDLE,disabled,0.000,0.000,deg/s,joint_states,-0.180,0.180,0.000,0.000,0.940,-0.174,-0.250,0.343,0.662,-10.461,14.637,,pan
assignment3_kp2_t1,31.541,1791455925.472090,900,1791455925.352409,camera_color_optical_frame,1,0.3568,0.6824,0.00204,0.027,1,IDLE,disabled,0.000,0.000,deg/s,joint_states,-0.180,0.180,0.000,0.000,0.939,-0.173,-0.249,0.343,0.662,-10.461,14.638,,pan
assignment3_kp2_t1,31.560,1791455925.490109,901,1791455925.385765,camera_color_optical_frame,1,0.3565,0.6825,0.00201,0.013,1,IDLE,disabled,0.000,0.000,deg/s,joint_states,-0.180,0.090,0.000,0.000,0.945,-0.174,-0.250,0.343,0.663,-10.460,14.564,,pan
assignment3_kp2_t1,31.580,1791455925.509259,901,1791455925.385765,camera_color_optical_frame,1,0.3565,0.6825,0.00201,0.032,1,IDLE,disabled,0.000,0.000,deg/s,joint_states,-0.180,0.180,0.000,0.000,0.945,-0.174,-0.249,0.343,0.658,-10.462,14.551,,pan
assignment3_kp2_t1,31.601,1791455925.534016,902,1791455925.419121,camera_color_optical_frame,1,0.3564,0.6817,0.00204,0.019,1,IDLE,disabled,0.000,0.000,deg/s,joint_states,-0.180,0.180,0.000,0.000,0.970,-0.179,-0.257,0.342,0.660,-10.433,14.591,,pan
assignment3_kp2_t1,31.622,1791455925.551222,903,1791455925.452477,camera_color_optical_frame,1,0.3558,0.6818,0.00197,0.004,1,IDLE,disabled,0.000,0.000,deg/s,joint_states,-0.180,0.180,0.000,0.000,0.969,-0.178,-0.257,0.341,0.660,-10.402,14.598,,pan
assignment3_kp2_t1,31.642,1791455925.573385,903,1791455925.452477,camera_color_optical_frame,1,0.3558,0.6818,0.00197,0.024,1,IDLE,disabled,0.000,0.000,deg/s,joint_states,-0.180,0.180,0.000,0.000,0.972,-0.178,-0.257,0.341,0.660,-10.396,14.594,,pan
assignment3_kp2_t1,31.661,1791455925.590838,904,1791455925.485832,camera_color_optical_frame,1,0.3559,0.6836,0.00199,0.005,1,IDLE,disabled,0.000,0.000,deg/s,joint_states,-0.180,0.180,0.000,0.000,0.932,-0.171,-0.247,0.341,0.662,-10.408,14.634,,pan
assignment3_kp2_t1,31.680,1791455925.610091,904,1791455925.485832,camera_color_optical_frame,1,0.3559,0.6836,0.00199,0.025,1,IDLE,disabled,0.000,0.000,deg/s,joint_states,-0.180,0.180,0.000,0.000,0.930,-0.171,-0.247,0.341,0.662,-10.403,14.637,,pan
assignment3_kp2_t1,31.701,1791455925.632723,905,1791455925.519187,camera_color_optical_frame,1,0.3567,0.6842,0.00202,0.014,1,IDLE,disabled,0.000,0.000,deg/s,joint_states,-0.180,0.180,0.000,0.000,0.942,-0.174,-0.252,0.343,0.666,-10.472,14.723,,pan
assignment3_kp2_t1,31.720,1791455925.650083,906,1791455925.552543,camera_color_optical_frame,1,0.3565,0.6827,0.00201,0.002,1,IDLE,disabled,0.000,0.000,deg/s,joint_states,-0.180,0.180,0.000,0.000,0.941,-0.174,-0.252,0.343,0.667,-10.474,14.733,,pan
assignment3_kp2_t1,31.741,1791455925.672395,906,1791455925.552543,camera_color_optical_frame,1,0.3565,0.6827,0.00201,0.023,1,IDLE,disabled,0.000,0.000,deg/s,joint_states,-0.180,0.180,0.000,0.000,0.962,-0.178,-0.256,0.344,0.663,-10.486,14.656,,pan
assignment3_kp2_t1,31.761,1791455925.691339,907,1791455925.585899,camera_color_optical_frame,1,0.3566,0.6831,0.00199,0.006,1,IDLE,disabled,0.000,0.000,deg/s,joint_states,-0.180,0.180,0.000,0.000,0.964,-0.178,-0.256,0.343,0.661,-10.450,14.612,,pan
assignment3_kp2_t1,31.781,1791455925.710533,907,1791455925.585899,camera_color_optical_frame,1,0.3566,0.6831,0.00199,0.026,1,IDLE,disabled,0.000,0.000,deg/s,joint_states,-0.180,0.180,0.000,0.000,0.966,-0.178,-0.256,0.343,0.660,-10.449,14.605,,pan
assignment3_kp2_t1,31.801,1791455925.733495,908,1791455925.619254,camera_color_optical_frame,1,0.3561,0.6830,0.00198,0.015,1,IDLE,disabled,0.000,0.000,deg/s,joint_states,-0.180,0.180,0.000,0.000,0.933,-0.172,-0.248,0.342,0.663,-10.419,14.653,,pan
assignment3_kp2_t1,31.821,1791455925.752527,909,1791455925.652610,camera_color_optical_frame,1,0.3564,0.6822,0.00204,0.004,1,IDLE,disabled,0.000,0.000,deg/s,joint_states,-0.180,0.180,0.000,0.000,0.930,-0.171,-0.246,0.342,0.660,-10.438,14.594,,pan
assignment3_kp2_t1,31.842,1791455925.772190,909,1791455925.652610,camera_color_optical_frame,1,0.3564,0.6822,0.00204,0.024,1,IDLE,disabled,0.000,0.000,deg/s,joint_states,-0.180,0.180,0.000,0.000,0.927,-0.171,-0.245,0.342,0.659,-10.435,14.587,,pan
assignment3_kp2_t1,31.861,1791455925.791267,910,1791455925.685966,camera_color_optical_frame,1,0.3569,0.6840,0.00201,0.008,1,IDLE,disabled,0.000,0.000,deg/s,joint_states,-0.180,0.180,0.000,0.000,0.957,-0.177,-0.255,0.344,0.665,-10.498,14.693,,pan
assignment3_kp2_t1,31.880,1791455925.809897,910,1791455925.685966,camera_color_optical_frame,1,0.3569,0.6840,0.00201,0.028,1,IDLE,disabled,0.000,0.000,deg/s,joint_states,-0.180,0.180,0.000,0.000,0.959,-0.178,-0.256,0.345,0.665,-10.505,14.699,,pan
assignment3_kp2_t1,31.901,1791455925.836148,911,1791455925.719321,camera_color_optical_frame,1,0.3558,0.6827,0.00196,0.017,1,IDLE,disabled,0.000,0.000,deg/s,joint_states,-0.180,0.090,0.000,0.000,0.953,-0.175,-0.253,0.341,0.667,-10.404,14.655,,pan
assignment3_kp2_t1,31.923,1791455925.853313,912,1791455925.752676,camera_color_optical_frame,1,0.3568,0.6824,0.00201,0.006,1,IDLE,disabled,0.000,0.000,deg/s,joint_states,-0.180,0.180,0.000,0.000,0.947,-0.175,-0.251,0.343,0.659,-10.459,14.580,,pan
assignment3_kp2_t1,31.942,1791455925.872325,912,1791455925.752676,camera_color_optical_frame,1,0.3568,0.6824,0.00201,0.025,1,IDLE,disabled,0.000,0.000,deg/s,joint_states,-0.180,0.180,0.000,0.000,0.947,-0.175,-0.250,0.343,0.659,-10.459,14.571,,pan
assignment3_kp2_t1,31.960,1791455925.890657,913,1791455925.786032,camera_color_optical_frame,1,0.3567,0.6841,0.00203,0.008,1,IDLE,disabled,0.000,0.000,deg/s,joint_states,-0.180,0.180,0.000,0.000,0.943,-0.175,-0.252,0.344,0.665,-10.501,14.709,,pan
assignment3_kp2_t1,31.980,1791455925.909272,913,1791455925.786032,camera_color_optical_frame,1,0.3567,0.6841,0.00203,0.028,1,IDLE,disabled,0.000,0.000,deg/s,joint_states,-0.180,0.180,0.000,0.000,0.942,-0.175,-0.252,0.345,0.666,-10.509,14.717,,pan
assignment3_kp2_t1,32.000,1791455925.933054,914,1791455925.819387,camera_color_optical_frame,1,0.3567,0.6823,0.00203,0.015,1,IDLE,disabled,0.000,0.000,deg/s,joint_states,-0.180,0.180,0.000,0.000,0.957,-0.177,-0.251,0.343,0.653,-10.448,14.457,,pan
assignment3_kp2_t1,32.020,1791455925.949428,915,1791455925.852743,camera_color_optical_frame,1,0.3572,0.6830,0.00208,0.006,1,IDLE,disabled,0.000,0.000,deg/s,joint_states,-0.180,0.090,0.000,0.000,0.946,-0.175,-0.251,0.344,0.665,-10.494,14.608,,pan
assignment3_kp2_t1,32.040,1791455925.969070,916,1791455925.886098,camera_color_optical_frame,1,0.3565,0.6823,0.00198,0.012,0,IDLE,disabled,0.000,0.000,deg/s,joint_states,-0.180,0.180,0.000,0.000,0.560,-0.108,-0.154,0.359,0.686,-10.932,15.117,,pan
assignment3_kp2_t1,32.060,1791455925.992679,916,1791455925.886098,camera_color_optical_frame,1,0.3565,0.6823,0.00198,0.033,0,IDLE,disabled,0.000,0.000,deg/s,joint_states,-0.180,0.180,0.000,0.000,0.550,-0.106,-0.152,0.360,0.687,-10.953,15.137,,pan
assignment3_kp2_t1,32.080,1791455926.009669,917,1791455925.919454,camera_color_optical_frame,1,0.3571,0.6845,0.00203,0.005,1,IDLE,disabled,0.000,0.000,deg/s,joint_states,-0.180,0.180,0.000,0.000,0.951,-0.176,-0.253,0.343,0.663,-10.464,14.655,,pan
assignment3_kp2_t1,32.102,1791455926.033457,917,1791455925.919454,camera_color_optical_frame,1,0.3571,0.6845,0.00203,0.027,1,IDLE,disabled,0.000,0.000,deg/s,joint_states,-0.180,0.090,0.000,0.000,0.951,-0.176,-0.253,0.343,0.667,-10.462,14.657,,pan
assignment3_kp2_t1,32.120,1791455926.050259,918,1791455925.952809,camera_color_optical_frame,1,0.3568,0.6835,0.00203,0.010,1,IDLE,disabled,0.000,0.000,deg/s,joint_states,-0.180,0.180,0.000,0.000,0.998,-0.184,-0.265,0.342,0.661,-10.431,14.617,,pan
assignment3_kp2_t1,32.140,1791455926.070554,918,1791455925.952809,camera_color_optical_frame,1,0.3568,0.6835,0.00203,0.030,1,IDLE,disabled,0.000,0.000,deg/s,joint_states,-0.180,0.180,0.000,0.000,1.007,-0.185,-0.267,0.342,0.661,-10.425,14.611,,pan
assignment3_kp2_t1,32.161,1791455926.091927,919,1791455925.986165,camera_color_optical_frame,1,0.3559,0.6826,0.00198,0.014,1,IDLE,disabled,0.000,0.000,deg/s,joint_states,-0.180,0.180,0.000,0.000,0.958,-0.175,-0.254,0.340,0.661,-10.382,14.615,,pan
assignment3_kp2_t1,32.180,1791455926.111920,919,1791455925.986165,camera_color_optical_frame,1,0.3559,0.6826,0.00198,0.033,1,IDLE,disabled,0.000,0.000,deg/s,joint_states,-0.180,0.180,0.000,0.000,0.959,-0.175,-0.254,0.340,0.661,-10.372,14.612,,pan
assignment3_kp2_t1,32.200,1791455926.131971,920,1791455926.019520,camera_color_optical_frame,1,0.3564,0.6847,0.00201,0.008,1,IDLE,disabled,0.000,0.000,deg/s,joint_states,-0.180,0.180,0.000,0.000,0.947,-0.174,-0.250,0.342,0.658,-10.423,14.558,,pan
assignment3_kp2_t1,32.220,1791455926.149450,920,1791455926.019520,camera_color_optical_frame,1,0.3564,0.6847,0.00201,0.028,1,IDLE,disabled,0.000,0.000,deg/s,joint_states,-0.180,0.180,0.000,0.000,0.947,-0.174,-0.250,0.342,0.658,-10.418,14.548,,pan
assignment3_kp2_t1,32.241,1791455926.171232,921,1791455926.052875,camera_color_optical_frame,1,0.3564,0.6826,0.00203,0.017,1,IDLE,disabled,0.000,0.000,deg/s,joint_states,-0.180,0.180,0.000,0.000,0.946,-0.175,-0.251,0.344,0.662,-10.476,14.633,,pan
assignment3_kp2_t1,32.261,1791455926.193020,922,1791455926.086231,camera_color_optical_frame,1,0.3560,0.6835,0.00199,0.003,1,IDLE,disabled,0.000,0.000,deg/s,joint_states,-0.180,0.180,0.000,0.000,0.946,-0.175,-0.251,0.344,0.662,-10.481,14.633,,pan
assignment3_kp2_t1,32.280,1791455926.210995,922,1791455926.086231,camera_color_optical_frame,1,0.3560,0.6835,0.00199,0.023,1,IDLE,disabled,0.000,0.000,deg/s,joint_states,-0.180,0.180,0.000,0.000,0.949,-0.175,-0.254,0.342,0.666,-10.425,14.726,,pan
assignment3_kp2_t1,32.302,1791455926.234542,923,1791455926.119586,camera_color_optical_frame,1,0.3576,0.6826,0.00205,0.007,1,IDLE,disabled,0.000,0.000,deg/s,joint_states,-0.180,0.090,0.000,0.000,0.939,-0.175,-0.249,0.346,0.666,-10.546,14.631,,pan
assignment3_kp2_t1,32.322,1791455926.253000,924,1791455926.152941,camera_color_optical_frame,1,0.3572,0.6823,0.00206,0.004,1,IDLE,disabled,0.000,0.000,deg/s,joint_states,-0.180,0.090,0.000,0.000,0.954,-0.177,-0.253,0.344,0.665,-10.498,14.618,,pan
assignment3_kp2_t1,32.342,1791455926.271172,924,1791455926.152941,camera_color_optical_frame,1,0.3572,0.6823,0.00206,0.024,1,IDLE,disabled,0.000,0.000,deg/s,joint_states,-0.180,0.090,0.000,0.000,0.954,-0.177,-0.253,0.345,0.665,-10.503,14.616,,pan
assignment3_kp2_t1,32.364,1791455926.301247,925,1791455926.186297,camera_color_optical_frame,1,0.3566,0.6829,0.00203,0.014,1,IDLE,disabled,0.000,0.000,deg/s,joint_states,-0.180,0.180,0.000,0.000,0.953,-0.175,-0.253,0.341,0.662,-10.410,14.649,,pan
assignment3_kp2_t1,32.380,1791455926.309985,926,1791455926.219654,camera_color_optical_frame,1,0.3567,0.6833,0.00204,0.004,1,IDLE,disabled,0.000,0.000,deg/s,joint_states,-0.180,0.180,0.000,0.000,0.948,-0.174,-0.249,0.342,0.654,-10.428,14.471,,pan
assignment3_kp2_t1,32.402,1791455926.333766,926,1791455926.219654,camera_color_optical_frame,1,0.3567,0.6833,0.00204,0.026,1,IDLE,disabled,0.000,0.000,deg/s,joint_states,-0.180,0.180,0.000,0.000,0.947,-0.174,-0.248,0.342,0.653,-10.422,14.449,,pan
assignment3_kp2_t1,32.422,1791455926.351786,927,1791455926.253011,camera_color_optical_frame,1,0.3559,0.6838,0.00198,0.006,1,IDLE,disabled,0.000,0.000,deg/s,joint_states,-0.180,0.180,0.000,0.000,0.940,-0.172,-0.247,0.341,0.654,-10.395,14.472,,pan
assignment3_kp2_t1,32.440,1791455926.369527,927,1791455926.253011,camera_color_optical_frame,1,0.3559,0.6838,0.00198,0.024,1,IDLE,disabled,0.000,0.000,deg/s,joint_states,-0.180,0.180,0.000,0.000,0.939,-0.172,-0.246,0.341,0.653,-10.388,14.453,,pan
assignment3_kp2_t1,32.461,1791455926.394658,928,1791455926.286367,camera_color_optical_frame,1,0.3569,0.6828,0.00205,0.018,1,IDLE,disabled,0.000,0.000,deg/s,joint_states,-0.180,0.180,0.000,0.000,0.947,-0.175,-0.254,0.344,0.668,-10.483,14.759,,pan
assignment3_kp2_t1,32.480,1791455926.410238,929,1791455926.319724,camera_color_optical_frame,1,0.3562,0.6849,0.00196,0.003,1,IDLE,disabled,0.000,0.000,deg/s,joint_states,-0.180,0.180,0.000,0.000,0.963,-0.178,-0.259,0.343,0.671,-10.459,14.826,,pan
assignment3_kp2_t1,32.506,1791455926.435697,929,1791455926.319724,camera_color_optical_frame,1,0.3562,0.6849,0.00196,0.028,1,IDLE,disabled,0.000,0.000,deg/s,joint_states,-0.180,0.180,0.000,0.000,0.966,-0.178,-0.261,0.343,0.673,-10.464,14.866,,pan
assignment3_kp2_t1,32.521,1791455926.450476,930,1791455926.353081,camera_color_optical_frame,1,0.3557,0.6831,0.00195,0.011,1,IDLE,disabled,0.000,0.000,deg/s,joint_states,-0.180,0.090,0.000,0.000,0.951,-0.174,-0.253,0.340,0.667,-10.375,14.657,,pan
assignment3_kp2_t1,32.540,1791455926.469852,930,1791455926.353081,camera_color_optical_frame,1,0.3557,0.6831,0.00195,0.031,1,IDLE,disabled,0.000,0.000,deg/s,joint_states,-0.180,0.090,0.000,0.000,0.951,-0.174,-0.253,0.340,0.667,-10.364,14.659,,pan
assignment3_kp2_t1,32.563,1791455926.498165,931,1791455926.386437,camera_color_optical_frame,1,0.3569,0.6816,0.00198,0.018,1,IDLE,disabled,0.000,0.000,deg/s,joint_states,-0.180,0.180,0.000,0.000,0.940,-0.174,-0.247,0.344,0.655,-10.495,14.501,,pan
assignment3_kp2_t1,32.580,1791455926.510113,932,1791455926.419795,camera_color_optical_frame,1,0.3557,0.6837,0.00195,0.005,1,IDLE,disabled,0.000,0.000,deg/s,joint_states,-0.180,0.180,0.000,0.000,0.957,-0.176,-0.254,0.342,0.660,-10.431,14.609,,pan
assignment3_kp2_t1,32.600,1791455926.532568,932,1791455926.419795,camera_color_optical_frame,1,0.3557,0.6837,0.00195,0.025,1,IDLE,disabled,0.000,0.000,deg/s,joint_states,-0.180,0.180,0.000,0.000,0.958,-0.176,-0.254,0.342,0.660,-10.431,14.604,,pan
assignment3_kp2_t1,32.620,1791455926.549722,933,1791455926.453151,camera_color_optical_frame,1,0.3556,0.6839,0.00192,0.013,1,IDLE,disabled,0.000,0.000,deg/s,joint_states,-0.180,0.180,0.000,0.000,0.953,-0.174,-0.255,0.340,0.666,-10.373,14.728,,pan
assignment3_kp2_t1,32.640,1791455926.568954,934,1791455926.486508,camera_color_optical_frame,1,0.3567,0.6832,0.00205,0.013,0,IDLE,disabled,0.000,0.000,deg/s,joint_states,-0.180,0.180,0.000,0.000,0.560,-0.108,-0.154,0.359,0.687,-10.943,15.144,,pan
assignment3_kp2_t1,32.668,1791455926.599062,934,1791455926.486508,camera_color_optical_frame,1,0.3567,0.6832,0.00205,0.042,0,IDLE,disabled,0.000,0.000,deg/s,joint_states,-0.180,0.180,0.000,0.000,0.547,-0.106,-0.151,0.361,0.689,-10.974,15.174,,pan
assignment3_kp2_t1,32.680,1791455926.611961,935,1791455926.519865,camera_color_optical_frame,1,0.3566,0.6828,0.00201,0.007,1,IDLE,disabled,0.000,0.000,deg/s,joint_states,-0.180,0.180,0.000,0.000,0.961,-0.178,-0.255,0.344,0.661,-10.496,14.609,,pan
assignment3_kp2_t1,32.704,1791455926.633325,935,1791455926.519865,camera_color_optical_frame,1,0.3566,0.6828,0.00201,0.031,1,IDLE,disabled,0.000,0.000,deg/s,joint_states,-0.180,0.180,0.000,0.000,0.963,-0.179,-0.255,0.345,0.660,-10.507,14.601,,pan
assignment3_kp2_t1,32.720,1791455926.650924,936,1791455926.553221,camera_color_optical_frame,1,0.3567,0.6807,0.00203,0.013,1,IDLE,disabled,0.000,0.000,deg/s,joint_states,-0.180,0.090,0.000,0.000,0.997,-0.184,-0.263,0.342,0.662,-10.426,14.557,,pan
assignment3_kp2_t1,32.741,1791455926.670590,937,1791455926.586578,camera_color_optical_frame,1,0.3566,0.6824,0.00203,0.002,1,IDLE,disabled,0.000,0.000,deg/s,joint_states,-0.180,0.180,0.000,0.000,1.007,-0.185,-0.266,0.342,0.658,-10.420,14.550,,pan
assignment3_kp2_t1,32.760,1791455926.692076,937,1791455926.586578,camera_color_optical_frame,1,0.3566,0.6824,0.00203,0.021,1,IDLE,disabled,0.000,0.000,deg/s,joint_states,-0.180,0.180,0.000,0.000,0.955,-0.176,-0.253,0.343,0.661,-10.454,14.617,,pan
assignment3_kp2_t1,32.780,1791455926.709292,937,1791455926.586578,camera_color_optical_frame,1,0.3566,0.6824,0.00203,0.041,1,IDLE,disabled,0.000,0.000,deg/s,joint_states,-0.180,0.180,0.000,0.000,0.955,-0.176,-0.253,0.343,0.661,-10.454,14.615,,pan
assignment3_kp2_t1,32.801,1791455926.734233,938,1791455926.619935,camera_color_optical_frame,1,0.3560,0.6846,0.00197,0.019,1,IDLE,disabled,0.000,0.000,deg/s,joint_states,-0.180,0.180,0.000,0.000,0.960,-0.176,-0.257,0.341,0.666,-10.401,14.731,,pan
assignment3_kp2_t1,32.821,1791455926.751914,939,1791455926.653292,camera_color_optical_frame,1,0.3563,0.6830,0.00201,0.005,1,IDLE,disabled,0.000,0.000,deg/s,joint_states,-0.180,0.180,0.000,0.000,0.942,-0.174,-0.251,0.342,0.663,-10.432,14.657,,pan
assignment3_kp2_t1,32.840,1791455926.770418,939,1791455926.653292,camera_color_optical_frame,1,0.3563,0.6830,0.00201,0.024,1,IDLE,disabled,0.000,0.000,deg/s,joint_states,-0.180,0.180,0.000,0.000,0.941,-0.173,-0.250,0.342,0.663,-10.429,14.660,,pan
assignment3_kp2_t1,32.860,1791455926.792005,940,1791455926.686648,camera_color_optical_frame,1,0.3567,0.6824,0.00205,0.011,1,IDLE,disabled,0.000,0.000,deg/s,joint_states,-0.180,0.180,0.000,0.000,0.949,-0.176,-0.252,0.344,0.660,-10.493,14.602,,pan
assignment3_kp2_t1,32.881,1791455926.811308,941,1791455926.720005,camera_color_optical_frame,1,0.3562,0.6833,0.00200,0.002,1,IDLE,disabled,0.000,0.000,deg/s,joint_states,-0.180,0.180,0.000,0.000,0.949,-0.176,-0.251,0.344,0.660,-10.500,14.596,,pan
assignment3_kp2_t1,32.901,1791455926.834538,941,1791455926.720005,camera_color_optical_frame,1,0.3562,0.6833,0.00200,0.022,1,IDLE,disabled,0.000,0.000,deg/s,joint_states,-0.180,0.180,0.000,0.000,0.947,-0.174,-0.252,0.342,0.663,-10.439,14.660,,pan
assignment3_kp2_t1,32.922,1791455926.853677,942,1791455926.753362,camera_color_optical_frame,1,0.3571,0.6821,0.00205,0.008,1,IDLE,disabled,0.000,0.000,deg/s,joint_states,-0.180,0.180,0.000,0.000,0.953,-0.176,-0.253,0.344,0.661,-10.487,14.612,,pan
assignment3_kp2_t1,32.942,1791455926.871893,942,1791455926.753362,camera_color_optical_frame,1,0.3571,0.6821,0.00205,0.028,1,IDLE,disabled,0.000,0.000,deg/s,joint_states,-0.090,0.180,0.000,0.000,0.953,-0.176,-0.253,0.347,0.661,-10.491,14.610,,pan
assignment3_kp2_t1,32.960,1791455926.890849,943,1791455926.786719,camera_color_optical_frame,1,0.3575,0.6832,0.00207,0.014,1,IDLE,disabled,0.000,0.000,deg/s,joint_states,-0.180,0.180,0.000,0.000,0.939,-0.175,-0.249,0.346,0.662,-10.541,14.639,,pan
assignment3_kp2_t1,32.980,1791455926.909555,943,1791455926.786719,camera_color_optical_frame,1,0.3575,0.6832,0.00207,0.034,1,IDLE,disabled,0.000,0.000,deg/s,joint_states,-0.180,0.180,0.000,0.000,0.937,-0.175,-0.249,0.346,0.662,-10.553,14.638,,pan
assignment3_kp2_t1,33.000,1791455926.932079,944,1791455926.820076,camera_color_optical_frame,1,0.3567,0.6839,0.00205,0.016,1,IDLE,disabled,0.000,0.000,deg/s,joint_states,-0.180,0.180,0.000,0.000,0.945,-0.174,-0.252,0.342,0.666,-10.443,14.726,,pan
assignment3_kp2_t1,33.021,1791455926.950970,945,1791455926.853432,camera_color_optical_frame,1,0.3563,0.6824,0.00200,0.004,1,IDLE,disabled,0.000,0.000,deg/s,joint_states,-0.180,0.090,0.000,0.000,0.955,-0.171,-0.253,0.333,0.664,-10.176,14.608,,pan
assignment3_kp2_t1,33.041,1791455926.974097,945,1791455926.853432,camera_color_optical_frame,1,0.3563,0.6824,0.00200,0.024,1,IDLE,disabled,0.000,0.000,deg/s,joint_states,-0.180,0.180,0.000,0.000,0.956,-0.171,-0.253,0.332,0.660,-10.139,14.603,,pan
assignment3_kp2_t1,33.061,1791455926.990993,946,1791455926.886789,camera_color_optical_frame,1,0.3564,0.6839,0.00200,0.008,1,IDLE,disabled,0.000,0.000,deg/s,joint_states,-0.180,0.180,0.000,0.000,0.950,-0.175,-0.253,0.342,0.663,-10.431,14.659,,pan
assignment3_kp2_t1,33.081,1791455927.011516,946,1791455926.886789,camera_color_optical_frame,1,0.3564,0.6839,0.00200,0.029,1,IDLE,disabled,0.000,0.000,deg/s,joint_states,-0.180,0.180,0.000,0.000,0.950,-0.175,-0.253,0.342,0.663,-10.428,14.659,,pan
assignment3_kp2_t1,33.100,1791455927.037866,947,1791455926.920146,camera_color_optical_frame,1,0.3555,0.6828,0.00195,0.012,1,IDLE,disabled,0.000,0.000,deg/s,joint_states,-0.180,0.180,0.000,0.000,0.946,-0.176,-0.250,0.345,0.659,-10.532,14.581,,pan
assignment3_kp2_t1,33.120,1791455927.049122,947,1791455926.920146,camera_color_optical_frame,1,0.3555,0.6828,0.00195,0.032,1,IDLE,disabled,0.000,0.000,deg/s,joint_states,-0.180,0.180,0.000,0.000,0.946,-0.176,-0.250,0.346,0.659,-10.551,14.576,,pan
assignment3_kp2_t1,33.142,1791455927.074870,948,1791455926.953502,camera_color_optical_frame,1,0.3557,0.6819,0.00196,0.019,1,IDLE,disabled,0.000,0.000,deg/s,joint_states,-0.180,0.180,0.000,0.000,0.947,-0.174,-0.250,0.341,0.657,-10.393,14.546,,pan
assignment3_kp2_t1,33.161,1791455927.091697,949,1791455926.986859,camera_color_optical_frame,1,0.3570,0.6831,0.00206,0.003,1,IDLE,disabled,0.000,0.000,deg/s,joint_states,-0.180,0.180,0.000,0.000,0.947,-0.174,-0.250,0.341,0.657,-10.387,14.534,,pan
assignment3_kp2_t1,33.181,1791455927.111517,949,1791455926.986859,camera_color_optical_frame,1,0.3570,0.6831,0.00206,0.023,1,IDLE,disabled,0.000,0.000,deg/s,joint_states,-0.180,0.180,0.000,0.000,0.939,-0.175,-0.251,0.346,0.665,-10.555,14.701,,pan
assignment3_kp2_t1,33.201,1791455927.131258,950,1791455927.020216,camera_color_optical_frame,1,0.3564,0.6815,0.00201,0.011,1,IDLE,disabled,0.000,0.000,deg/s,joint_states,-0.180,0.180,0.000,0.000,0.950,-0.176,-0.252,0.344,0.661,-10.481,14.609,,pan
assignment3_kp2_t1,33.222,1791455927.152157,951,1791455927.053572,camera_color_optical_frame,1,0.3562,0.6829,0.00197,0.003,1,IDLE,disabled,0.000,0.000,deg/s,joint_states,-0.180,0.180,0.000,0.000,0.962,-0.177,-0.255,0.341,0.662,-10.412,14.637,,pan
assignment3_kp2_t1,33.242,1791455927.175338,951,1791455927.053572,camera_color_optical_frame,1,0.3562,0.6829,0.00197,0.023,1,IDLE,disabled,0.000,0.000,deg/s,joint_states,-0.180,0.180,0.000,0.000,0.964,-0.177,-0.256,0.341,0.662,-10.405,14.636,,pan
assignment3_kp2_t1,33.260,1791455927.191474,952,1791455927.086929,camera_color_optical_frame,1,0.3565,0.6841,0.00200,0.005,1,IDLE,disabled,0.000,0.000,deg/s,joint_states,-0.180,0.180,0.000,0.000,0.934,-0.172,-0.250,0.343,0.667,-10.457,14.749,,pan
assignment3_kp2_t1,33.280,1791455927.210535,952,1791455927.086929,camera_color_optical_frame,1,0.3565,0.6841,0.00200,0.025,1,IDLE,disabled,0.000,0.000,deg/s,joint_states,-0.180,0.180,0.000,0.000,0.932,-0.172,-0.250,0.343,0.668,-10.458,14.766,,pan
assignment3_kp2_t1,33.300,1791455927.231577,953,1791455927.120286,camera_color_optical_frame,1,0.3569,0.6828,0.00203,0.007,1,IDLE,disabled,0.000,0.000,deg/s,joint_states,-0.180,0.180,0.000,0.000,0.954,-0.177,-0.253,0.344,0.662,-10.496,14.634,,pan
assignment3_kp2_t1,33.322,1791455927.251892,953,1791455927.120286,camera_color_optical_frame,1,0.3569,0.6828,0.00203,0.029,1,IDLE,disabled,0.000,0.000,deg/s,joint_states,-0.180,0.180,0.000,0.000,0.955,-0.177,-0.253,0.344,0.662,-10.503,14.633,,pan
assignment3_kp2_t1,33.341,1791455927.272120,954,1791455927.153642,camera_color_optical_frame,1,0.3572,0.6837,0.00206,0.016,1,IDLE,disabled,0.000,0.000,deg/s,joint_states,-0.180,0.180,0.000,0.000,0.945,-0.175,-0.252,0.344,0.664,-10.504,14.675,,pan
assignment3_kp2_t1,33.361,1791455927.291538,955,1791455927.186999,camera_color_optical_frame,1,0.3568,0.6817,0.00202,0.004,1,IDLE,disabled,0.000,0.000,deg/s,joint_states,-0.180,0.090,0.000,0.000,0.955,-0.176,-0.252,0.343,0.663,-10.471,14.561,,pan
assignment3_kp2_t1,33.380,1791455927.310116,955,1791455927.186999,camera_color_optical_frame,1,0.3568,0.6817,0.00202,0.023,1,IDLE,disabled,0.000,0.000,deg/s,joint_states,-0.180,0.180,0.000,0.000,0.956,-0.177,-0.252,0.343,0.658,-10.472,14.551,,pan
assignment3_kp2_t1,33.401,1791455927.333911,956,1791455927.220356,camera_color_optical_frame,1,0.3560,0.6826,0.00196,0.016,1,IDLE,disabled,0.000,0.000,deg/s,joint_states,-0.180,0.180,0.000,0.000,0.957,-0.175,-0.253,0.340,0.660,-10.386,14.600,,pan
assignment3_kp2_t1,33.421,1791455927.350785,957,1791455927.253713,camera_color_optical_frame,1,0.3572,0.6850,0.00208,0.004,1,IDLE,disabled,0.000,0.000,deg/s,joint_states,-0.180,0.180,0.000,0.000,0.939,-0.174,-0.252,0.344,0.669,-10.487,14.779,,pan
assignment3_kp2_t1,33.442,1791455927.372048,957,1791455927.253713,camera_color_optical_frame,1,0.3572,0.6850,0.00208,0.025,1,IDLE,disabled,0.000,0.000,deg/s,joint_states,-0.180,0.180,0.000,0.000,0.938,-0.174,-0.252,0.344,0.670,-10.490,14.801,,pan
assignment3_kp2_t1,33.460,1791455927.390772,958,1791455927.287070,camera_color_optical_frame,1,0.3558,0.6833,0.00194,0.010,1,IDLE,disabled,0.000,0.000,deg/s,joint_states,-0.180,0.180,0.000,0.000,0.952,-0.175,-0.252,0.342,0.659,-10.419,14.586,,pan
assignment3_kp2_t1,33.480,1791455927.410287,959,1791455927.320426,camera_color_optical_frame,1,0.3564,0.6825,0.00199,0.004,1,IDLE,disabled,0.000,0.000,deg/s,joint_states,-0.180,0.180,0.000,0.000,0.956,-0.176,-0.253,0.342,0.658,-10.422,14.564,,pan
assignment3_kp2_t1,33.500,1791455927.431438,960,1791455927.353783,camera_color_optical_frame,1,0.3559,0.6833,0.00193,0.011,0,IDLE,disabled,0.000,0.000,deg/s,joint_states,-0.180,0.180,0.000,0.000,0.563,-0.109,-0.155,0.358,0.687,-10.908,15.142,,pan
assignment3_kp2_t1,33.520,1791455927.449962,960,1791455927.353783,camera_color_optical_frame,1,0.3559,0.6833,0.00193,0.031,0,IDLE,disabled,0.000,0.000,deg/s,joint_states,-0.180,0.180,0.000,0.000,0.554,-0.107,-0.153,0.359,0.688,-10.927,15.164,,pan
assignment3_kp2_t1,33.541,1791455927.470454,960,1791455927.353783,camera_color_optical_frame,1,0.3559,0.6833,0.00193,0.052,0,IDLE,disabled,0.000,0.000,deg/s,joint_states,-0.180,0.180,0.000,0.000,0.544,-0.105,-0.150,0.360,0.689,-10.949,15.188,,pan
assignment3_kp2_t1,33.560,1791455927.490237,961,1791455927.387140,camera_color_optical_frame,1,0.3563,0.6834,0.00201,0.016,1,IDLE,disabled,0.000,0.000,deg/s,joint_states,-0.180,0.180,0.000,0.000,0.955,-0.176,-0.254,0.342,0.664,-10.439,14.683,,pan
assignment3_kp2_t1,33.581,1791455927.510134,962,1791455927.420497,camera_color_optical_frame,1,0.3567,0.6811,0.00199,0.002,1,IDLE,disabled,0.000,0.000,deg/s,joint_states,-0.180,0.180,0.000,0.000,0.955,-0.176,-0.255,0.342,0.664,-10.438,14.689,,pan
assignment3_kp2_t1,33.601,1791455927.534382,962,1791455927.420497,camera_color_optical_frame,1,0.3567,0.6811,0.00199,0.022,1,IDLE,disabled,0.000,0.000,deg/s,joint_states,-0.180,0.180,0.000,0.000,1.005,-0.185,-0.265,0.342,0.658,-10.424,14.561,,pan
assignment3_kp2_t1,33.620,1791455927.549280,963,1791455927.453854,camera_color_optical_frame,1,0.3565,0.6832,0.00202,0.004,1,IDLE,disabled,0.000,0.000,deg/s,joint_states,-0.180,0.180,0.000,0.000,0.947,-0.175,-0.251,0.343,0.662,-10.462,14.638,,pan
assignment3_kp2_t1,33.641,1791455927.574940,963,1791455927.453854,camera_color_optical_frame,1,0.3565,0.6832,0.00202,0.026,1,IDLE,disabled,0.000,0.000,deg/s,joint_states,-0.180,0.180,0.000,0.000,0.946,-0.175,-0.251,0.343,0.662,-10.464,14.636,,pan
assignment3_kp2_t1,33.661,1791455927.590554,964,1791455927.487210,camera_color_optical_frame,1,0.3568,0.6832,0.00202,0.007,1,IDLE,disabled,0.000,0.000,deg/s,joint_states,-0.180,0.180,0.000,0.000,0.945,-0.175,-0.252,0.343,0.666,-10.466,14.715,,pan
assignment3_kp2_t1,33.681,1791455927.610758,964,1791455927.487210,camera_color_optical_frame,1,0.3568,0.6832,0.00202,0.028,1,IDLE,disabled,0.000,0.000,deg/s,joint_states,-0.180,0.180,0.000,0.000,0.944,-0.174,-0.252,0.343,0.666,-10.467,14.729,,pan
assignment3_kp2_t1,33.701,1791455927.630944,965,1791455927.520567,camera_color_optical_frame,1,0.3562,0.6840,0.00198,0.015,1,IDLE,disabled,0.000,0.000,deg/s,joint_states,-0.180,0.180,0.000,0.000,0.963,-0.177,-0.257,0.342,0.664,-10.428,14.692,,pan
assignment3_kp2_t1,33.720,1791455927.649698,965,1791455927.520567,camera_color_optical_frame,1,0.3562,0.6840,0.00198,0.035,1,IDLE,disabled,0.000,0.000,deg/s,joint_states,-0.180,0.180,0.000,0.000,0.964,-0.177,-0.257,0.342,0.665,-10.426,14.697,,pan
assignment3_kp2_t1,33.741,1791455927.672516,966,1791455927.553924,camera_color_optical_frame,1,0.3565,0.6838,0.00200,0.015,1,IDLE,disabled,0.000,0.000,deg/s,joint_states,-0.180,0.180,0.000,0.000,0.954,-0.176,-0.254,0.343,0.664,-10.455,14.673,,pan
assignment3_kp2_t1,33.762,1791455927.695601,967,1791455927.587281,camera_color_optical_frame,1,0.3565,0.6817,0.00201,0.002,1,IDLE,disabled,0.000,0.000,deg/s,joint_states,-0.180,0.180,0.000,0.000,0.954,-0.176,-0.254,0.343,0.664,-10.455,14.676,,pan
assignment3_kp2_t1,33.781,1791455927.711035,967,1791455927.587281,camera_color_optical_frame,1,0.3565,0.6817,0.00201,0.022,1,IDLE,disabled,0.000,0.000,deg/s,joint_states,-0.180,0.180,0.000,0.000,0.929,-0.172,-0.245,0.343,0.656,-10.469,14.521,,pan
assignment3_kp2_t1,33.801,1791455927.733688,968,1791455927.620637,camera_color_optical_frame,1,0.3555,0.6834,0.00193,0.014,1,IDLE,disabled,0.000,0.000,deg/s,joint_states,-0.180,0.180,0.000,0.000,0.952,-0.174,-0.253,0.340,0.662,-10.372,14.641,,pan
assignment3_kp2_t1,33.820,1791455927.752706,969,1791455927.653994,camera_color_optical_frame,1,0.3564,0.6820,0.00201,0.003,1,IDLE,disabled,0.000,0.000,deg/s,joint_states,-0.180,0.180,0.000,0.000,0.951,-0.175,-0.252,0.342,0.662,-10.444,14.630,,pan
assignment3_kp2_t1,33.842,1791455927.772856,969,1791455927.653994,camera_color_optical_frame,1,0.3564,0.6820,0.00201,0.025,1,IDLE,disabled,0.000,0.000,deg/s,joint_states,-0.180,0.180,0.000,0.000,0.951,-0.175,-0.253,0.342,0.662,-10.443,14.632,,pan
assignment3_kp2_t1,33.860,1791455927.791258,970,1791455927.687350,camera_color_optical_frame,1,0.3568,0.6841,0.00205,0.007,1,IDLE,disabled,0.000,0.000,deg/s,joint_states,-0.180,0.180,0.000,0.000,0.947,-0.176,-0.252,0.345,0.664,-10.520,14.684,,pan
assignment3_kp2_t1,33.880,1791455927.810993,970,1791455927.687350,camera_color_optical_frame,1,0.3568,0.6841,0.00205,0.027,1,IDLE,disabled,0.000,0.000,deg/s,joint_states,-0.180,0.180,0.000,0.000,0.946,-0.176,-0.252,0.345,0.665,-10.532,14.688,,pan
assignment3_kp2_t1,33.901,1791455927.834134,971,1791455927.720707,camera_color_optical_frame,1,0.3565,0.6821,0.00205,0.014,1,IDLE,disabled,0.000,0.000,deg/s,joint_states,-0.180,0.180,0.000,0.000,0.953,-0.176,-0.253,0.343,0.661,-10.458,14.628,,pan
assignment3_kp2_t1,33.921,1791455927.851492,972,1791455927.754063,camera_color_optical_frame,1,0.3562,0.6829,0.00201,0.002,1,IDLE,disabled,0.000,0.000,deg/s,joint_states,-0.180,0.180,0.000,0.000,0.954,-0.176,-0.253,0.343,0.662,-10.459,14.629,,pan
assignment3_kp2_t1,33.940,1791455927.870632,972,1791455927.754063,camera_color_optical_frame,1,0.3562,0.6829,0.00201,0.022,1,IDLE,disabled,0.000,0.000,deg/s,joint_states,-0.180,0.180,0.000,0.000,0.950,-0.175,-0.252,0.341,0.660,-10.413,14.600,,pan
assignment3_kp2_t1,33.961,1791455927.893072,973,1791455927.787420,camera_color_optical_frame,1,0.3561,0.6845,0.00199,0.011,1,IDLE,disabled,0.000,0.000,deg/s,joint_states,-0.180,0.180,0.000,0.000,0.950,-0.175,-0.254,0.342,0.667,-10.424,14.750,,pan
assignment3_kp2_t1,33.981,1791455927.911067,974,1791455927.820777,camera_color_optical_frame,1,0.3572,0.6844,0.00208,0.003,1,IDLE,disabled,0.000,0.000,deg/s,joint_states,-0.180,0.180,0.000,0.000,0.954,-0.177,-0.255,0.345,0.665,-10.511,14.709,,pan
assignment3_kp2_t1,34.001,1791455927.933134,974,1791455927.820777,camera_color_optical_frame,1,0.3572,0.6844,0.00208,0.023,1,IDLE,disabled,0.000,0.000,deg/s,joint_states,-0.180,0.180,0.000,0.000,0.955,-0.177,-0.255,0.345,0.666,-10.520,14.718,,pan
assignment3_kp2_t1,34.020,1791455927.951532,975,1791455927.854133,camera_color_optical_frame,1,0.3568,0.6845,0.00203,0.009,1,IDLE,disabled,0.000,0.000,deg/s,joint_states,-0.180,0.180,0.000,0.000,0.947,-0.175,-0.252,0.344,0.664,-10.491,14.669,,pan
assignment3_kp2_t1,34.043,1791455927.973501,975,1791455927.854133,camera_color_optical_frame,1,0.3568,0.6845,0.00203,0.031,1,IDLE,disabled,0.000,0.000,deg/s,joint_states,-0.180,0.180,0.000,0.000,0.947,-0.175,-0.252,0.344,0.664,-10.498,14.668,,pan
assignment3_kp2_t1,34.060,1791455927.989977,976,1791455927.887490,camera_color_optical_frame,1,0.3551,0.6838,0.00191,0.012,1,IDLE,disabled,0.000,0.000,deg/s,joint_states,-0.180,0.180,0.000,0.000,0.944,-0.172,-0.251,0.338,0.662,-10.322,14.646,,pan
assignment3_kp2_t1,34.080,1791455928.009027,976,1791455927.887490,camera_color_optical_frame,1,0.3551,0.6838,0.00191,0.032,1,IDLE,disabled,0.000,0.000,deg/s,joint_states,-0.180,0.090,0.000,0.000,0.943,-0.171,-0.250,0.338,0.666,-10.304,14.643,,pan
assignment3_kp2_t1,34.101,1791455928.031652,977,1791455927.920846,camera_color_optical_frame,1,0.3574,0.6826,0.00208,0.018,1,IDLE,disabled,0.000,0.000,deg/s,joint_states,-0.180,0.180,0.000,0.000,0.949,-0.176,-0.251,0.345,0.659,-10.505,14.565,,pan
assignment3_kp2_t1,34.120,1791455928.049837,978,1791455927.954203,camera_color_optical_frame,1,0.3570,0.6819,0.00205,0.003,1,IDLE,disabled,0.000,0.000,deg/s,joint_states,-0.180,0.180,0.000,0.000,0.946,-0.176,-0.250,0.346,0.658,-10.546,14.557,,pan
assignment3_kp2_t1,34.141,1791455928.073668,978,1791455927.954203,camera_color_optical_frame,1,0.3570,0.6819,0.00205,0.024,1,IDLE,disabled,0.000,0.000,deg/s,joint_states,-0.180,0.180,0.000,0.000,0.946,-0.176,-0.250,0.347,0.658,-10.564,14.543,,pan
assignment3_kp2_t1,34.161,1791455928.091262,979,1791455927.987559,camera_color_optical_frame,1,0.3560,0.6841,0.00198,0.005,1,IDLE,disabled,0.000,0.000,deg/s,joint_states,-0.180,0.090,0.000,0.000,0.942,-0.172,-0.249,0.340,0.663,-10.368,14.565,,pan
assignment3_kp2_t1,34.182,1791455928.113310,979,1791455927.987559,camera_color_optical_frame,1,0.3560,0.6841,0.00198,0.027,1,IDLE,disabled,0.000,0.000,deg/s,joint_states,-0.180,0.180,0.000,0.000,0.941,-0.172,-0.248,0.339,0.658,-10.354,14.557,,pan
assignment3_kp2_t1,34.200,1791455928.130755,980,1791455928.020915,camera_color_optical_frame,1,0.3557,0.6838,0.00193,0.011,1,IDLE,disabled,0.000,0.000,deg/s,joint_states,-0.180,0.180,0.000,0.000,0.947,-0.173,-0.252,0.340,0.664,-10.374,14.692,,pan
assignment3_kp2_t1,34.220,1791455928.149117,980,1791455928.020915,camera_color_optical_frame,1,0.3557,0.6838,0.00193,0.031,1,IDLE,disabled,0.000,0.000,deg/s,joint_states,-0.180,0.180,0.000,0.000,0.946,-0.173,-0.252,0.340,0.665,-10.364,14.697,,pan
assignment3_kp2_t1,34.241,1791455928.173092,981,1791455928.054272,camera_color_optical_frame,1,0.3569,0.6841,0.00204,0.018,1,IDLE,disabled,0.000,0.000,deg/s,joint_states,-0.180,0.090,0.000,0.000,0.953,-0.177,-0.256,0.345,0.672,-10.514,14.765,,pan
assignment3_kp2_t1,34.263,1791455928.193542,982,1791455928.087628,camera_color_optical_frame,1,0.3558,0.6824,0.00197,0.006,1,IDLE,disabled,0.000,0.000,deg/s,joint_states,-0.180,0.180,0.000,0.000,0.966,-0.178,-0.254,0.342,0.656,-10.438,14.517,,pan
assignment3_kp2_t1,34.280,1791455928.209797,982,1791455928.087628,camera_color_optical_frame,1,0.3558,0.6824,0.00197,0.023,1,IDLE,disabled,0.000,0.000,deg/s,joint_states,-0.180,0.180,0.000,0.000,0.968,-0.178,-0.255,0.342,0.656,-10.439,14.504,,pan
assignment3_kp2_t1,34.301,1791455928.233090,983,1791455928.120984,camera_color_optical_frame,1,0.3565,0.6822,0.00199,0.007,1,IDLE,disabled,0.000,0.000,deg/s,joint_states,-0.180,0.180,0.000,0.000,0.957,-0.176,-0.253,0.342,0.658,-10.435,14.560,,pan
assignment3_kp2_t1,34.320,1791455928.249433,983,1791455928.120984,camera_color_optical_frame,1,0.3565,0.6822,0.00199,0.026,1,IDLE,disabled,0.000,0.000,deg/s,joint_states,-0.180,0.180,0.000,0.000,0.957,-0.176,-0.253,0.342,0.658,-10.432,14.549,,pan
assignment3_kp2_t1,34.342,1791455928.273523,984,1791455928.154341,camera_color_optical_frame,1,0.3559,0.6829,0.00196,0.018,1,IDLE,disabled,0.000,0.000,deg/s,joint_states,-0.090,0.180,0.000,0.000,0.942,-0.173,-0.247,0.345,0.654,-10.432,14.468,,pan
assignment3_kp2_t1,34.360,1791455928.290524,985,1791455928.187697,camera_color_optical_frame,1,0.3568,0.6816,0.00201,0.005,1,IDLE,disabled,0.000,0.000,deg/s,joint_states,-0.180,0.180,0.000,0.000,0.954,-0.176,-0.253,0.343,0.660,-10.474,14.592,,pan
assignment3_kp2_t1,34.382,1791455928.311670,985,1791455928.187697,camera_color_optical_frame,1,0.3568,0.6816,0.00201,0.027,1,IDLE,disabled,0.000,0.000,deg/s,joint_states,-0.180,0.180,0.000,0.000,0.954,-0.177,-0.253,0.344,0.660,-10.477,14.588,,pan
assignment3_kp2_t1,34.400,1791455928.330997,986,1791455928.221054,camera_color_optical_frame,1,0.3566,0.6825,0.00201,0.010,1,IDLE,disabled,0.000,0.000,deg/s,joint_states,-0.180,0.180,0.000,0.000,0.949,-0.176,-0.254,0.344,0.668,-10.490,14.753,,pan
assignment3_kp2_t1,34.420,1791455928.349689,986,1791455928.221054,camera_color_optical_frame,1,0.3566,0.6825,0.00201,0.030,1,IDLE,disabled,0.000,0.000,deg/s,joint_states,-0.180,0.180,0.000,0.000,0.949,-0.176,-0.255,0.344,0.669,-10.497,14.776,,pan
assignment3_kp2_t1,34.441,1791455928.373311,987,1791455928.254410,camera_color_optical_frame,1,0.3564,0.6829,0.00199,0.016,1,IDLE,disabled,0.000,0.000,deg/s,joint_states,-0.180,0.180,0.000,0.000,0.959,-0.172,-0.255,0.334,0.664,-10.186,14.686,,pan
assignment3_kp2_t1,34.460,1791455928.389527,988,1791455928.287767,camera_color_optical_frame,1,0.3566,0.6850,0.00202,0.004,1,IDLE,disabled,0.000,0.000,deg/s,joint_states,-0.180,0.090,0.000,0.000,0.950,-0.175,-0.254,0.343,0.672,-10.454,14.763,,pan
assignment3_kp2_t1,34.482,1791455928.413977,988,1791455928.287767,camera_color_optical_frame,1,0.3566,0.6850,0.00202,0.026,1,IDLE,disabled,0.000,0.000,deg/s,joint_states,-0.180,0.180,0.000,0.000,0.950,-0.175,-0.255,0.343,0.669,-10.454,14.780,,pan
assignment3_kp2_t1,34.501,1791455928.431384,989,1791455928.321124,camera_color_optical_frame,1,0.3556,0.6833,0.00195,0.012,1,IDLE,disabled,0.000,0.000,deg/s,joint_states,-0.180,0.180,0.000,0.000,0.931,-0.173,-0.248,0.346,0.664,-10.536,14.669,,pan
assignment3_kp2_t1,34.521,1791455928.450495,989,1791455928.321124,camera_color_optical_frame,1,0.3556,0.6833,0.00195,0.032,1,IDLE,disabled,0.000,0.000,deg/s,joint_states,-0.180,0.180,0.000,0.000,0.928,-0.173,-0.247,0.346,0.664,-10.557,14.672,,pan
assignment3_kp2_t1,34.541,1791455928.471866,990,1791455928.354480,camera_color_optical_frame,1,0.3577,0.6838,0.00210,0.015,1,IDLE,disabled,0.000,0.000,deg/s,joint_states,-0.180,0.180,0.000,0.000,0.944,-0.176,-0.250,0.346,0.660,-10.542,14.602,,pan
assignment3_kp2_t1,34.560,1791455928.489191,991,1791455928.387837,camera_color_optical_frame,1,0.3570,0.6816,0.00203,0.002,1,IDLE,disabled,0.000,0.000,deg/s,joint_states,-0.180,0.180,0.000,0.000,0.944,-0.176,-0.250,0.346,0.660,-10.551,14.593,,pan
assignment3_kp2_t1,34.581,1791455928.514467,991,1791455928.387837,camera_color_optical_frame,1,0.3570,0.6816,0.00203,0.023,1,IDLE,disabled,0.000,0.000,deg/s,joint_states,-0.180,0.090,0.000,0.000,0.943,-0.175,-0.247,0.346,0.657,-10.535,14.440,,pan
assignment3_kp2_t1,34.601,1791455928.533247,992,1791455928.421194,camera_color_optical_frame,1,0.3569,0.6846,0.00204,0.007,1,IDLE,disabled,0.000,0.000,deg/s,joint_states,-0.180,0.180,0.000,0.000,0.942,-0.173,-0.252,0.342,0.665,-10.431,14.708,,pan
assignment3_kp2_t1,34.620,1791455928.549342,992,1791455928.421194,camera_color_optical_frame,1,0.3569,0.6846,0.00204,0.027,1,IDLE,disabled,0.000,0.000,deg/s,joint_states,-0.180,0.180,0.000,0.000,0.942,-0.173,-0.251,0.342,0.666,-10.425,14.714,,pan
assignment3_kp2_t1,34.640,1791455928.571322,993,1791455928.454550,camera_color_optical_frame,1,0.3566,0.6849,0.00200,0.017,1,IDLE,disabled,0.000,0.000,deg/s,joint_states,-0.180,0.180,0.000,0.000,0.944,-0.174,-0.255,0.342,0.673,-10.443,14.863,,pan
assignment3_kp2_t1,34.661,1791455928.594407,994,1791455928.487907,camera_color_optical_frame,1,0.3571,0.6831,0.00206,0.016,0,IDLE,disabled,0.000,0.000,deg/s,joint_states,-0.180,0.090,0.000,0.000,0.551,-0.107,-0.151,0.360,0.688,-10.968,15.079,,pan
assignment3_kp2_t1,34.680,1791455928.609685,994,1791455928.487907,camera_color_optical_frame,1,0.3571,0.6831,0.00206,0.035,0,IDLE,disabled,0.000,0.000,deg/s,joint_states,-0.180,0.180,0.000,0.000,0.542,-0.105,-0.149,0.361,0.685,-10.988,15.095,,pan
assignment3_kp2_t1,34.702,1791455928.633682,995,1791455928.521263,camera_color_optical_frame,1,0.3567,0.6832,0.00202,0.018,1,IDLE,disabled,0.000,0.000,deg/s,joint_states,-0.180,0.180,0.000,0.000,0.952,-0.176,-0.252,0.343,0.661,-10.450,14.614,,pan
assignment3_kp2_t1,34.720,1791455928.649053,996,1791455928.554620,camera_color_optical_frame,1,0.3567,0.6823,0.00202,0.006,1,IDLE,disabled,0.000,0.000,deg/s,joint_states,-0.180,0.180,0.000,0.000,0.994,-0.183,-0.263,0.342,0.660,-10.427,14.593,,pan
assignment3_kp2_t1,34.741,1791455928.673224,996,1791455928.554620,camera_color_optical_frame,1,0.3567,0.6823,0.00202,0.027,1,IDLE,disabled,0.000,0.000,deg/s,joint_states,-0.180,0.180,0.000,0.000,1.005,-0.185,-0.266,0.342,0.659,-10.420,14.587,,pan
assignment3_kp2_t1,34.761,1791455928.690876,997,1791455928.587976,camera_color_optical_frame,1,0.3579,0.6840,0.00209,0.009,1,IDLE,disabled,0.000,0.000,deg/s,joint_states,-0.180,0.180,0.000,0.000,0.949,-0.177,-0.252,0.346,0.661,-10.543,14.611,,pan
assignment3_kp2_t1,34.781,1791455928.710677,997,1791455928.587976,camera_color_optical_frame,1,0.3579,0.6840,0.00209,0.028,1,IDLE,disabled,0.000,0.000,deg/s,joint_states,-0.180,0.180,0.000,0.000,0.949,-0.177,-0.252,0.346,0.661,-10.553,14.606,,pan
assignment3_kp2_t1,34.801,1791455928.733170,998,1791455928.621333,camera_color_optical_frame,1,0.3566,0.6832,0.00199,0.012,1,IDLE,disabled,0.000,0.000,deg/s,joint_states,-0.180,0.180,0.000,0.000,0.923,-0.170,-0.246,0.343,0.664,-10.453,14.682,,pan
assignment3_kp2_t1,34.821,1791455928.750508,998,1791455928.621333,camera_color_optical_frame,1,0.3566,0.6832,0.00199,0.032,1,IDLE,disabled,0.000,0.000,deg/s,joint_states,-0.180,0.180,0.000,0.000,0.920,-0.170,-0.245,0.343,0.664,-10.452,14.689,,pan
assignment3_kp2_t1,34.842,1791455928.772281,999,1791455928.654690,camera_color_optical_frame,1,0.3558,0.6839,0.00195,0.017,1,IDLE,disabled,0.000,0.000,deg/s,joint_states,-0.180,0.180,0.000,0.000,0.957,-0.174,-0.255,0.339,0.665,-10.334,14.711,,pan
assignment3_kp2_t1,34.859,1791455928.789958,1000,1791455928.688046,camera_color_optical_frame,1,0.3565,0.6831,0.00202,0.004,1,IDLE,disabled,0.000,0.000,deg/s,joint_states,-0.180,0.090,0.000,0.000,0.970,-0.179,-0.258,0.343,0.666,-10.446,14.641,,pan
assignment3_kp2_t1,34.880,1791455928.810258,1000,1791455928.688046,camera_color_optical_frame,1,0.3565,0.6831,0.00202,0.024,1,IDLE,disabled,0.000,0.000,deg/s,joint_states,-0.180,0.180,0.000,0.000,0.973,-0.179,-0.259,0.342,0.662,-10.445,14.640,,pan
assignment3_kp2_t1,34.900,1791455928.829673,1001,1791455928.721403,camera_color_optical_frame,1,0.3569,0.6835,0.00206,0.015,1,IDLE,disabled,0.000,0.000,deg/s,joint_states,-0.180,0.180,0.000,0.000,0.941,-0.175,-0.250,0.345,0.662,-10.514,14.638,,pan
assignment3_kp2_t1,34.920,1791455928.849772,1002,1791455928.754759,camera_color_optical_frame,1,0.3566,0.6809,0.00199,0.009,1,IDLE,disabled,0.000,0.000,deg/s,joint_states,-0.180,0.180,0.000,0.000,0.949,-0.175,-0.250,0.343,0.657,-10.460,14.526,,pan
assignment3_kp2_t1,34.940,1791455928.869178,1003,1791455928.788116,camera_color_optical_frame,1,0.3566,0.6831,0.00203,0.012,0,IDLE,disabled,0.000,0.000,deg/s,joint_states,-0.180,0.180,0.000,0.000,0.561,-0.108,-0.154,0.359,0.685,-10.931,15.103,,pan
assignment3_kp2_t1,34.960,1791455928.891011,1003,1791455928.788116,camera_color_optical_frame,1,0.3566,0.6831,0.00203,0.033,0,IDLE,disabled,0.000,0.000,deg/s,joint_states,-0.180,0.180,0.000,0.000,0.551,-0.107,-0.152,0.360,0.686,-10.952,15.123,,pan
assignment3_kp2_t1,34.980,1791455928.910681,1004,1791455928.821472,camera_color_optical_frame,1,0.3562,0.6824,0.00200,0.008,1,IDLE,disabled,0.000,0.000,deg/s,joint_states,-0.180,0.180,0.000,0.000,0.948,-0.175,-0.253,0.342,0.664,-10.432,14.675,,pan
assignment3_kp2_t1,35.000,1791455928.931583,1005,1791455928.854829,camera_color_optical_frame,1,0.3572,0.6828,0.00207,0.011,0,IDLE,disabled,0.000,0.000,deg/s,joint_states,-0.180,0.180,0.000,0.000,0.599,-0.115,-0.164,0.358,0.684,-10.897,15.079,,pan
assignment3_kp2_t1,35.020,1791455928.950163,1005,1791455928.854829,camera_color_optical_frame,1,0.3572,0.6828,0.00207,0.030,0,IDLE,disabled,0.000,0.000,deg/s,joint_states,-0.180,0.180,0.000,0.000,0.599,-0.115,-0.164,0.358,0.684,-10.903,15.085,,pan
assignment3_kp2_t1,35.040,1791455928.970176,1005,1791455928.854829,camera_color_optical_frame,1,0.3572,0.6828,0.00207,0.051,0,IDLE,disabled,0.000,0.000,deg/s,joint_states,-0.180,0.180,0.000,0.000,0.599,-0.115,-0.165,0.358,0.685,-10.909,15.092,,pan
assignment3_kp2_t1,35.060,1791455928.990468,1006,1791455928.888185,camera_color_optical_frame,1,0.3574,0.6839,0.00208,0.015,1,IDLE,disabled,0.000,0.000,deg/s,joint_states,-0.180,0.180,0.000,0.000,0.945,-0.176,-0.252,0.345,0.665,-10.532,14.702,,pan
assignment3_kp2_t1,35.081,1791455929.010540,1007,1791455928.921542,camera_color_optical_frame,1,0.3559,0.6815,0.00199,0.002,1,IDLE,disabled,0.000,0.000,deg/s,joint_states,-0.180,0.180,0.000,0.000,0.988,-0.181,-0.261,0.341,0.659,-10.404,14.578,,pan
assignment3_kp2_t1,35.102,1791455929.034388,1007,1791455928.921542,camera_color_optical_frame,1,0.3559,0.6815,0.00199,0.023,1,IDLE,disabled,0.000,0.000,deg/s,joint_states,-0.180,0.180,0.000,0.000,0.998,-0.183,-0.264,0.341,0.659,-10.396,14.571,,pan
assignment3_kp2_t1,35.121,1791455929.051580,1008,1791455928.954898,camera_color_optical_frame,1,0.3563,0.6822,0.00200,0.002,1,IDLE,disabled,0.000,0.000,deg/s,joint_states,-0.180,0.180,0.000,0.000,1.007,-0.185,-0.266,0.341,0.658,-10.390,14.564,,pan
assignment3_kp2_t1,35.140,1791455929.070410,1008,1791455928.954898,camera_color_optical_frame,1,0.3563,0.6822,0.00200,0.022,1,IDLE,disabled,0.000,0.000,deg/s,joint_states,-0.180,0.180,0.000,0.000,1.003,-0.184,-0.265,0.341,0.659,-10.407,14.585,,pan
assignment3_kp2_t1,35.161,1791455929.091781,1009,1791455928.988255,camera_color_optical_frame,1,0.3567,0.6840,0.00201,0.014,1,IDLE,disabled,0.000,0.000,deg/s,joint_states,-0.180,0.180,0.000,0.000,0.961,-0.178,-0.257,0.344,0.667,-10.490,14.737,,pan
assignment3_kp2_t1,35.181,1791455929.110486,1009,1791455928.988255,camera_color_optical_frame,1,0.3567,0.6840,0.00201,0.034,1,IDLE,disabled,0.000,0.000,deg/s,joint_states,-0.180,0.180,0.000,0.000,0.963,-0.178,-0.258,0.344,0.667,-10.496,14.752,,pan
assignment3_kp2_t1,35.202,1791455929.134292,1010,1791455929.021611,camera_color_optical_frame,1,0.3563,0.6840,0.00196,0.019,1,IDLE,disabled,0.000,0.000,deg/s,joint_states,-0.180,0.180,0.000,0.000,0.951,-0.175,-0.254,0.342,0.666,-10.443,14.723,,pan
assignment3_kp2_t1,35.223,1791455929.153380,1011,1791455929.054967,camera_color_optical_frame,1,0.3573,0.6843,0.00207,0.006,1,IDLE,disabled,0.000,0.000,deg/s,joint_states,-0.180,0.180,0.000,0.000,0.942,-0.175,-0.251,0.344,0.664,-10.500,14.676,,pan
assignment3_kp2_t1,35.241,1791455929.171435,1011,1791455929.054967,camera_color_optical_frame,1,0.3573,0.6843,0.00207,0.024,1,IDLE,disabled,0.000,0.000,deg/s,joint_states,-0.180,0.180,0.000,0.000,0.941,-0.174,-0.251,0.345,0.664,-10.505,14.678,,pan
assignment3_kp2_t1,35.260,1791455929.192127,1012,1791455929.088324,camera_color_optical_frame,1,0.3565,0.6825,0.00201,0.009,1,IDLE,disabled,0.000,0.000,deg/s,joint_states,-0.180,0.180,0.000,0.000,0.950,-0.175,-0.251,0.343,0.659,-10.465,14.585,,pan
assignment3_kp2_t1,35.279,1791455929.209315,1012,1791455929.088324,camera_color_optical_frame,1,0.3565,0.6825,0.00201,0.029,1,IDLE,disabled,0.000,0.000,deg/s,joint_states,-0.180,0.180,0.000,0.000,0.950,-0.175,-0.251,0.343,0.659,-10.467,14.576,,pan
assignment3_kp2_t1,35.304,1791455929.236244,1013,1791455929.121680,camera_color_optical_frame,1,0.3556,0.6833,0.00197,0.022,1,IDLE,disabled,0.000,0.000,deg/s,joint_states,-0.180,0.180,0.000,0.000,0.958,-0.175,-0.254,0.339,0.661,-10.349,14.618,,pan
assignment3_kp2_t1,35.321,1791455929.253595,1014,1791455929.155036,camera_color_optical_frame,1,0.3563,0.6818,0.00198,0.008,1,IDLE,disabled,0.000,0.000,deg/s,joint_states,-0.180,0.180,0.000,0.000,0.950,-0.175,-0.251,0.342,0.660,-10.442,14.597,,pan
assignment3_kp2_t1,35.341,1791455929.272337,1014,1791455929.155036,camera_color_optical_frame,1,0.3563,0.6818,0.00198,0.028,1,IDLE,disabled,0.000,0.000,deg/s,joint_states,-0.180,0.180,0.000,0.000,0.950,-0.175,-0.251,0.342,0.660,-10.440,14.593,,pan
assignment3_kp2_t1,35.360,1791455929.290270,1015,1791455929.188393,camera_color_optical_frame,1,0.3574,0.6838,0.00209,0.013,1,IDLE,disabled,0.000,0.000,deg/s,joint_states,-0.180,0.180,0.000,0.000,0.947,-0.176,-0.252,0.346,0.664,-10.560,14.670,,pan
assignment3_kp2_t1,35.380,1791455929.309705,1015,1791455929.188393,camera_color_optical_frame,1,0.3574,0.6838,0.00209,0.033,1,IDLE,disabled,0.000,0.000,deg/s,joint_states,-0.180,0.090,0.000,0.000,0.946,-0.177,-0.252,0.347,0.668,-10.576,14.672,,pan
assignment3_kp2_t1,35.400,1791455929.333405,1016,1791455929.221749,camera_color_optical_frame,1,0.3567,0.6815,0.00203,0.017,1,IDLE,disabled,0.000,0.000,deg/s,joint_states,-0.180,0.090,0.000,0.000,0.939,-0.174,-0.249,0.344,0.664,-10.473,14.598,,pan
assignment3_kp2_t1,35.420,1791455929.349554,1017,1791455929.255107,camera_color_optical_frame,1,0.3574,0.6833,0.00211,0.003,1,IDLE,disabled,0.000,0.000,deg/s,joint_states,-0.180,0.180,0.000,0.000,0.945,-0.175,-0.251,0.344,0.662,-10.476,14.632,,pan
assignment3_kp2_t1,35.442,1791455929.373428,1017,1791455929.255107,camera_color_optical_frame,1,0.3574,0.6833,0.00211,0.025,1,IDLE,disabled,0.000,0.000,deg/s,joint_states,-0.180,0.180,0.000,0.000,0.944,-0.175,-0.251,0.344,0.662,-10.475,14.629,,pan
assignment3_kp2_t1,35.463,1791455929.396659,1018,1791455929.288466,camera_color_optical_frame,1,0.3562,0.6832,0.00197,0.005,1,IDLE,disabled,0.000,0.000,deg/s,joint_states,-0.180,0.090,0.000,0.000,0.944,-0.174,-0.250,0.344,0.666,-10.475,14.625,,pan
assignment3_kp2_t1,35.480,1791455929.411175,1018,1791455929.288466,camera_color_optical_frame,1,0.3562,0.6832,0.00197,0.022,1,IDLE,disabled,0.000,0.000,deg/s,joint_states,-0.180,0.090,0.000,0.000,0.963,-0.177,-0.254,0.341,0.661,-10.412,14.528,,pan
assignment3_kp2_t1,35.505,1791455929.435402,1019,1791455929.321824,camera_color_optical_frame,1,0.3571,0.6822,0.00206,0.010,1,IDLE,disabled,0.000,0.000,deg/s,joint_states,-0.180,0.180,0.000,0.000,0.940,-0.173,-0.246,0.343,0.653,-10.447,14.443,,pan
assignment3_kp2_t1,35.520,1791455929.450356,1019,1791455929.321824,camera_color_optical_frame,1,0.3571,0.6822,0.00206,0.025,1,IDLE,disabled,0.000,0.000,deg/s,joint_states,-0.180,0.180,0.000,0.000,0.940,-0.173,-0.246,0.342,0.652,-10.444,14.426,,pan
assignment3_kp2_t1,35.540,1791455929.470945,1020,1791455929.355182,camera_color_optical_frame,1,0.3572,0.6820,0.00206,0.015,1,IDLE,disabled,0.000,0.000,deg/s,joint_states,-0.180,0.180,0.000,0.000,0.946,-0.176,-0.252,0.345,0.663,-10.527,14.664,,pan
assignment3_kp2_t1,35.560,1791455929.489106,1021,1791455929.388541,camera_color_optical_frame,1,0.3567,0.6823,0.00201,0.008,1,IDLE,disabled,0.000,0.000,deg/s,joint_states,-0.180,0.180,0.000,0.000,0.953,-0.175,-0.250,0.342,0.655,-10.436,14.488,,pan
assignment3_kp2_t1,35.580,1791455929.511018,1021,1791455929.388541,camera_color_optical_frame,1,0.3567,0.6823,0.00201,0.029,1,IDLE,disabled,0.000,0.000,deg/s,joint_states,-0.180,0.180,0.000,0.000,0.954,-0.176,-0.250,0.342,0.654,-10.432,14.478,,pan
assignment3_kp2_t1,35.603,1791455929.538413,1022,1791455929.421900,camera_color_optical_frame,1,0.3568,0.6838,0.00203,0.015,1,IDLE,disabled,0.000,0.000,deg/s,joint_states,-0.180,0.180,0.000,0.000,0.958,-0.176,-0.256,0.342,0.667,-10.444,14.736,,pan
assignment3_kp2_t1,35.620,1791455929.549752,1023,1791455929.455258,camera_color_optical_frame,1,0.3572,0.6841,0.00205,0.002,1,IDLE,disabled,0.000,0.000,deg/s,joint_states,-0.180,0.180,0.000,0.000,0.942,-0.175,-0.254,0.344,0.672,-10.501,14.840,,pan
assignment3_kp2_t1,35.641,1791455929.573719,1023,1791455929.455258,camera_color_optical_frame,1,0.3572,0.6841,0.00205,0.023,1,IDLE,disabled,0.000,0.000,deg/s,joint_states,-0.180,0.180,0.000,0.000,0.942,-0.175,-0.254,0.345,0.674,-10.508,14.880,,pan
assignment3_kp2_t1,35.661,1791455929.591691,1024,1791455929.488616,camera_color_optical_frame,1,0.3573,0.6825,0.00208,0.004,1,IDLE,disabled,0.000,0.000,deg/s,joint_states,-0.180,0.180,0.000,0.000,0.940,-0.174,-0.249,0.344,0.660,-10.501,14.589,,pan
assignment3_kp2_t1,35.682,1791455929.616941,1024,1791455929.488616,camera_color_optical_frame,1,0.3573,0.6825,0.00208,0.025,1,IDLE,disabled,0.000,0.000,deg/s,joint_states,-0.180,0.180,0.000,0.000,0.939,-0.174,-0.248,0.345,0.659,-10.506,14.580,,pan
assignment3_kp2_t1,35.704,1791455929.638392,1025,1791455929.521975,camera_color_optical_frame,1,0.3574,0.6828,0.00206,0.009,1,IDLE,disabled,0.000,0.000,deg/s,joint_states,-0.180,0.180,0.000,0.000,0.937,-0.174,-0.248,0.345,0.659,-10.512,14.570,,pan
assignment3_kp2_t1,35.721,1791455929.651121,1025,1791455929.521975,camera_color_optical_frame,1,0.3574,0.6828,0.00206,0.026,1,IDLE,disabled,0.000,0.000,deg/s,joint_states,-0.180,0.180,0.000,0.000,0.946,-0.175,-0.250,0.344,0.659,-10.490,14.582,,pan
assignment3_kp2_t1,35.742,1791455929.675269,1025,1791455929.521975,camera_color_optical_frame,1,0.3574,0.6828,0.00206,0.047,1,IDLE,disabled,0.000,0.000,deg/s,joint_states,-0.180,0.180,0.000,0.000,0.946,-0.175,-0.250,0.344,0.659,-10.492,14.573,,pan
assignment3_kp2_t1,35.762,1791455929.694958,1026,1791455929.555334,camera_color_optical_frame,1,0.3572,0.6822,0.00208,0.012,1,IDLE,disabled,0.000,0.000,deg/s,joint_states,-0.180,0.180,0.000,0.000,0.951,-0.176,-0.252,0.343,0.661,-10.463,14.608,,pan
assignment3_kp2_t1,35.780,1791455929.712310,1027,1791455929.588693,camera_color_optical_frame,1,0.3567,0.6823,0.00200,0.006,1,IDLE,disabled,0.000,0.000,deg/s,joint_states,-0.180,0.180,0.000,0.000,0.957,-0.176,-0.254,0.342,0.661,-10.424,14.614,,pan
assignment3_kp2_t1,35.807,1791455929.737226,1027,1791455929.588693,camera_color_optical_frame,1,0.3567,0.6823,0.00200,0.032,1,IDLE,disabled,0.000,0.000,deg/s,joint_states,-0.180,0.090,0.000,0.000,0.958,-0.176,-0.254,0.342,0.665,-10.416,14.611,,pan
assignment3_kp2_t1,35.820,1791455929.750732,1028,1791455929.622051,camera_color_optical_frame,1,0.3564,0.6830,0.00202,0.010,1,IDLE,disabled,0.000,0.000,deg/s,joint_states,-0.180,0.180,0.000,0.000,0.949,-0.174,-0.253,0.341,0.664,-10.411,14.676,,pan
assignment3_kp2_t1,35.841,1791455929.771259,1029,1791455929.655410,camera_color_optical_frame,1,0.3562,0.6823,0.00195,0.016,1,IDLE,disabled,0.000,0.000,deg/s,joint_states,-0.180,0.180,0.000,0.000,0.955,-0.176,-0.253,0.342,0.661,-10.422,14.627,,pan
assignment3_kp2_t1,35.861,1791455929.791117,1030,1791455929.688768,camera_color_optical_frame,1,0.3573,0.6827,0.00207,0.005,1,IDLE,disabled,0.000,0.000,deg/s,joint_states,-0.180,0.180,0.000,0.000,0.949,-0.176,-0.252,0.345,0.661,-10.514,14.625,,pan
assignment3_kp2_t1,35.881,1791455929.810889,1030,1791455929.688768,camera_color_optical_frame,1,0.3573,0.6827,0.00207,0.025,1,IDLE,disabled,0.000,0.000,deg/s,joint_states,-0.180,0.180,0.000,0.000,0.949,-0.176,-0.252,0.345,0.661,-10.521,14.623,,pan
assignment3_kp2_t1,35.902,1791455929.834987,1031,1791455929.722127,camera_color_optical_frame,1,0.3570,0.6832,0.00207,0.018,1,IDLE,disabled,0.000,0.000,deg/s,joint_states,-0.180,0.180,0.000,0.000,0.935,-0.173,-0.247,0.344,0.657,-10.500,14.536,,pan
assignment3_kp2_t1,35.920,1791455929.849045,1032,1791455929.755486,camera_color_optical_frame,1,0.3564,0.6821,0.00200,0.005,1,IDLE,disabled,0.000,0.000,deg/s,joint_states,-0.180,0.180,0.000,0.000,0.946,-0.174,-0.251,0.341,0.660,-10.415,14.608,,pan
assignment3_kp2_t1,35.942,1791455929.873366,1032,1791455929.755486,camera_color_optical_frame,1,0.3564,0.6821,0.00200,0.027,1,IDLE,disabled,0.000,0.000,deg/s,joint_states,-0.180,0.180,0.000,0.000,0.946,-0.174,-0.251,0.341,0.660,-10.407,14.604,,pan
assignment3_kp2_t1,35.960,1791455929.890174,1033,1791455929.788845,camera_color_optical_frame,1,0.3574,0.6832,0.00212,0.010,1,IDLE,disabled,0.000,0.000,deg/s,joint_states,-0.180,0.180,0.000,0.000,0.956,-0.177,-0.255,0.344,0.666,-10.502,14.721,,pan
assignment3_kp2_t1,35.980,1791455929.909187,1034,1791455929.822203,camera_color_optical_frame,1,0.3562,0.6841,0.00197,0.016,0,IDLE,disabled,0.000,0.000,deg/s,joint_states,-0.180,0.180,0.000,0.000,0.558,-0.108,-0.154,0.359,0.689,-10.925,15.174,,pan
assignment3_kp2_t1,36.001,1791455929.936090,1034,1791455929.822203,camera_color_optical_frame,1,0.3562,0.6841,0.00197,0.038,0,IDLE,disabled,0.000,0.000,deg/s,joint_states,-0.180,0.180,0.000,0.000,0.548,-0.106,-0.152,0.360,0.690,-10.947,15.199,,pan
assignment3_kp2_t1,36.020,1791455929.951639,1035,1791455929.855562,camera_color_optical_frame,1,0.3562,0.6840,0.00199,0.009,1,IDLE,disabled,0.000,0.000,deg/s,joint_states,-0.180,0.180,0.000,0.000,0.947,-0.174,-0.252,0.341,0.664,-10.391,14.688,,pan
assignment3_kp2_t1,36.042,1791455929.972467,1035,1791455929.855562,camera_color_optical_frame,1,0.3562,0.6840,0.00199,0.031,1,IDLE,disabled,0.000,0.000,deg/s,joint_states,-0.180,0.180,0.000,0.000,0.947,-0.173,-0.252,0.340,0.664,-10.379,14.694,,pan
assignment3_kp2_t1,36.060,1791455929.989710,1036,1791455929.888921,camera_color_optical_frame,1,0.3558,0.6833,0.00194,0.011,1,IDLE,disabled,0.000,0.000,deg/s,joint_states,-0.180,0.180,0.000,0.000,0.996,-0.183,-0.264,0.341,0.661,-10.399,14.613,,pan
assignment3_kp2_t1,36.081,1791455930.010937,1036,1791455929.888921,camera_color_optical_frame,1,0.3558,0.6833,0.00194,0.032,1,IDLE,disabled,0.000,0.000,deg/s,joint_states,-0.180,0.180,0.000,0.000,1.006,-0.185,-0.267,0.341,0.660,-10.392,14.606,,pan
assignment3_kp2_t1,36.101,1791455930.034408,1037,1791455929.922280,camera_color_optical_frame,1,0.3561,0.6825,0.00199,0.009,1,IDLE,disabled,0.000,0.000,deg/s,joint_states,-0.180,0.180,0.000,0.000,0.946,-0.174,-0.250,0.342,0.659,-10.438,14.581,,pan
assignment3_kp2_t1,36.121,1791455930.050797,1038,1791455929.955639,camera_color_optical_frame,1,0.3557,0.6844,0.00193,0.002,1,IDLE,disabled,0.000,0.000,deg/s,joint_states,-0.180,0.180,0.000,0.000,0.946,-0.174,-0.253,0.342,0.665,-10.424,14.706,,pan
assignment3_kp2_t1,36.141,1791455930.072447,1038,1791455929.955639,camera_color_optical_frame,1,0.3557,0.6844,0.00193,0.022,1,IDLE,disabled,0.000,0.000,deg/s,joint_states,-0.180,0.180,0.000,0.000,0.946,-0.174,-0.253,0.342,0.665,-10.423,14.713,,pan
assignment3_kp2_t1,36.161,1791455930.100652,1039,1791455929.988998,camera_color_optical_frame,1,0.3555,0.6851,0.00195,0.006,1,IDLE,disabled,0.000,0.000,deg/s,joint_states,-0.180,0.180,0.000,0.000,0.953,-0.175,-0.255,0.341,0.668,-10.400,14.768,,pan
assignment3_kp2_t1,36.181,1791455930.110753,1039,1791455929.988998,camera_color_optical_frame,1,0.3555,0.6851,0.00195,0.026,1,IDLE,disabled,0.000,0.000,deg/s,joint_states,-0.180,0.180,0.000,0.000,0.953,-0.175,-0.256,0.341,0.669,-10.395,14.784,,pan
assignment3_kp2_t1,36.202,1791455930.138025,1040,1791455930.022357,camera_color_optical_frame,1,0.3568,0.6832,0.00205,0.017,1,IDLE,disabled,0.000,0.000,deg/s,joint_states,-0.180,0.180,0.000,0.000,0.958,-0.178,-0.254,0.345,0.660,-10.517,14.601,,pan
assignment3_kp2_t1,36.222,1791455930.152646,1041,1791455930.055716,camera_color_optical_frame,1,0.3566,0.6828,0.00200,0.004,1,IDLE,disabled,0.000,0.000,deg/s,joint_states,-0.180,0.180,0.000,0.000,0.959,-0.178,-0.254,0.345,0.660,-10.527,14.594,,pan
assignment3_kp2_t1,36.243,1791455930.173960,1041,1791455930.055716,camera_color_optical_frame,1,0.3566,0.6828,0.00200,0.025,1,IDLE,disabled,0.000,0.000,deg/s,joint_states,-0.180,0.180,0.000,0.000,0.944,-0.175,-0.249,0.345,0.658,-10.512,14.553,,pan
assignment3_kp2_t1,36.260,1791455930.190095,1042,1791455930.089075,camera_color_optical_frame,1,0.3567,0.6831,0.00202,0.009,1,IDLE,disabled,0.000,0.000,deg/s,joint_states,-0.180,0.180,0.000,0.000,0.937,-0.173,-0.249,0.343,0.662,-10.453,14.640,,pan
assignment3_kp2_t1,36.280,1791455930.209333,1042,1791455930.089075,camera_color_optical_frame,1,0.3567,0.6831,0.00202,0.029,1,IDLE,disabled,0.000,0.000,deg/s,joint_states,-0.180,0.180,0.000,0.000,0.935,-0.172,-0.248,0.343,0.662,-10.452,14.639,,pan
assignment3_kp2_t1,36.301,1791455930.232740,1043,1791455930.122434,camera_color_optical_frame,1,0.3565,0.6816,0.00203,0.017,1,IDLE,disabled,0.000,0.000,deg/s,joint_states,-0.180,0.180,0.000,0.000,0.948,-0.175,-0.251,0.343,0.659,-10.446,14.572,,pan
assignment3_kp2_t1,36.320,1791455930.249367,1044,1791455930.155793,camera_color_optical_frame,1,0.3565,0.6827,0.00202,0.002,1,IDLE,disabled,0.000,0.000,deg/s,joint_states,-0.180,0.180,0.000,0.000,0.948,-0.175,-0.250,0.342,0.658,-10.445,14.565,,pan
assignment3_kp2_t1,36.342,1791455930.273681,1044,1791455930.155793,camera_color_optical_frame,1,0.3565,0.6827,0.00202,0.024,1,IDLE,disabled,0.000,0.000,deg/s,joint_states,-0.180,0.180,0.000,0.000,0.951,-0.175,-0.252,0.342,0.661,-10.446,14.620,,pan
assignment3_kp2_t1,36.361,1791455930.293581,1045,1791455930.189152,camera_color_optical_frame,1,0.3560,0.6818,0.00194,0.007,1,IDLE,disabled,0.000,0.000,deg/s,joint_states,-0.180,0.180,0.000,0.000,0.953,-0.175,-0.253,0.342,0.661,-10.417,14.625,,pan
assignment3_kp2_t1,36.380,1791455930.310848,1045,1791455930.189152,camera_color_optical_frame,1,0.3560,0.6818,0.00194,0.026,1,IDLE,disabled,0.000,0.000,deg/s,joint_states,-0.180,0.180,0.000,0.000,0.953,-0.175,-0.253,0.341,0.661,-10.413,14.626,,pan
assignment3_kp2_t1,36.400,1791455930.330510,1046,1791455930.222512,camera_color_optical_frame,1,0.3567,0.6817,0.00202,0.014,1,IDLE,disabled,0.000,0.000,deg/s,joint_states,-0.180,0.180,0.000,0.000,0.948,-0.175,-0.251,0.343,0.659,-10.465,14.580,,pan
assignment3_kp2_t1,36.420,1791455930.350296,1047,1791455930.255869,camera_color_optical_frame,1,0.3565,0.6850,0.00201,0.006,1,IDLE,disabled,0.000,0.000,deg/s,joint_states,-0.180,0.180,0.000,0.000,0.938,-0.173,-0.252,0.343,0.669,-10.471,14.779,,pan
assignment3_kp2_t1,36.440,1791455930.369274,1048,1791455930.289227,camera_color_optical_frame,1,0.3570,0.6843,0.00203,0.007,0,IDLE,disabled,0.000,0.000,deg/s,joint_states,-0.180,0.180,0.000,0.000,0.561,-0.109,-0.155,0.360,0.689,-10.946,15.172,,pan
assignment3_kp2_t1,36.460,1791455930.398975,1048,1791455930.289227,camera_color_optical_frame,1,0.3570,0.6843,0.00203,0.027,0,IDLE,disabled,0.000,0.000,deg/s,joint_states,-0.180,0.180,0.000,0.000,0.552,-0.107,-0.153,0.360,0.690,-10.966,15.196,,pan
assignment3_kp2_t1,36.480,1791455930.409226,1048,1791455930.289227,camera_color_optical_frame,1,0.3570,0.6843,0.00203,0.047,0,IDLE,disabled,0.000,0.000,deg/s,joint_states,-0.180,0.180,0.000,0.000,0.542,-0.105,-0.150,0.361,0.691,-10.988,15.220,,pan
assignment3_kp2_t1,36.506,1791455930.436392,1049,1791455930.322585,camera_color_optical_frame,1,0.3558,0.6836,0.00195,0.023,1,IDLE,disabled,0.000,0.000,deg/s,joint_states,-0.180,0.180,0.000,0.000,0.953,-0.175,-0.252,0.341,0.660,-10.399,14.608,,pan
assignment3_kp2_t1,36.522,1791455930.451447,1050,1791455930.355942,camera_color_optical_frame,1,0.3565,0.6839,0.00199,0.007,1,IDLE,disabled,0.000,0.000,deg/s,joint_states,-0.180,0.180,0.000,0.000,0.994,-0.183,-0.264,0.342,0.661,-10.419,14.626,,pan
assignment3_kp2_t1,36.541,1791455930.471283,1050,1791455930.355942,camera_color_optical_frame,1,0.3565,0.6839,0.00199,0.027,1,IDLE,disabled,0.000,0.000,deg/s,joint_states,-0.180,0.180,0.000,0.000,1.003,-0.184,-0.266,0.341,0.661,-10.413,14.620,,pan
assignment3_kp2_t1,36.560,1791455930.490228,1051,1791455930.389300,camera_color_optical_frame,1,0.3558,0.6823,0.00198,0.011,1,IDLE,disabled,0.000,0.000,deg/s,joint_states,-0.180,0.180,0.000,0.000,0.950,-0.175,-0.251,0.342,0.659,-10.433,14.585,,pan
assignment3_kp2_t1,36.580,1791455930.509432,1051,1791455930.389300,camera_color_optical_frame,1,0.3558,0.6823,0.00198,0.032,1,IDLE,disabled,0.000,0.000,deg/s,joint_states,-0.180,0.180,0.000,0.000,0.950,-0.175,-0.251,0.342,0.659,-10.434,14.576,,pan
assignment3_kp2_t1,36.602,1791455930.534049,1052,1791455930.422658,camera_color_optical_frame,1,0.3576,0.6840,0.00210,0.020,1,IDLE,disabled,0.000,0.000,deg/s,joint_states,-0.180,0.180,0.000,0.000,0.959,-0.178,-0.255,0.346,0.663,-10.541,14.662,,pan
assignment3_kp2_t1,36.619,1791455930.549030,1053,1791455930.456016,camera_color_optical_frame,1,0.3565,0.6827,0.00201,0.002,1,IDLE,disabled,0.000,0.000,deg/s,joint_states,-0.180,0.180,0.000,0.000,0.960,-0.179,-0.256,0.346,0.663,-10.550,14.662,,pan
assignment3_kp2_t1,36.642,1791455930.573576,1053,1791455930.456016,camera_color_optical_frame,1,0.3565,0.6827,0.00201,0.024,1,IDLE,disabled,0.000,0.000,deg/s,joint_states,-0.180,0.180,0.000,0.000,0.946,-0.175,-0.251,0.344,0.663,-10.488,14.649,,pan
assignment3_kp2_t1,36.661,1791455930.590774,1054,1791455930.489373,camera_color_optical_frame,1,0.3568,0.6818,0.00204,0.005,1,IDLE,disabled,0.000,0.000,deg/s,joint_states,-0.180,0.180,0.000,0.000,0.943,-0.173,-0.249,0.342,0.658,-10.422,14.550,,pan
assignment3_kp2_t1,36.681,1791455930.611554,1054,1791455930.489373,camera_color_optical_frame,1,0.3568,0.6818,0.00204,0.026,1,IDLE,disabled,0.000,0.000,deg/s,joint_states,-0.180,0.180,0.000,0.000,0.941,-0.173,-0.248,0.341,0.657,-10.414,14.536,,pan
assignment3_kp2_t1,36.700,1791455930.629241,1055,1791455930.522732,camera_color_optical_frame,1,0.3566,0.6828,0.00201,0.014,1,IDLE,disabled,0.000,0.000,deg/s,joint_states,-0.180,0.180,0.000,0.000,0.950,-0.175,-0.252,0.343,0.662,-10.461,14.641,,pan
assignment3_kp2_t1,36.720,1791455930.649477,1055,1791455930.522732,camera_color_optical_frame,1,0.3566,0.6828,0.00201,0.034,1,IDLE,disabled,0.000,0.000,deg/s,joint_states,-0.180,0.180,0.000,0.000,0.951,-0.176,-0.253,0.343,0.662,-10.461,14.642,,pan
assignment3_kp2_t1,36.741,1791455930.672931,1056,1791455930.556089,camera_color_optical_frame,1,0.3569,0.6826,0.00205,0.017,1,IDLE,disabled,0.000,0.000,deg/s,joint_states,-0.180,0.180,0.000,0.000,0.957,-0.177,-0.255,0.343,0.663,-10.474,14.663,,pan
assignment3_kp2_t1,36.760,1791455930.689879,1057,1791455930.589447,camera_color_optical_frame,1,0.3568,0.6821,0.00202,0.002,1,IDLE,disabled,0.000,0.000,deg/s,joint_states,-0.180,0.180,0.000,0.000,0.958,-0.177,-0.255,0.344,0.663,-10.476,14.668,,pan
assignment3_kp2_t1,36.781,1791455930.715193,1057,1791455930.589447,camera_color_optical_frame,1,0.3568,0.6821,0.00202,0.023,1,IDLE,disabled,0.000,0.000,deg/s,joint_states,-0.180,0.180,0.000,0.000,0.949,-0.175,-0.251,0.343,0.660,-10.469,14.593,,pan
assignment3_kp2_t1,36.801,1791455930.730992,1058,1791455930.622805,camera_color_optical_frame,1,0.3568,0.6839,0.00200,0.008,1,IDLE,disabled,0.000,0.000,deg/s,joint_states,-0.180,0.180,0.000,0.000,0.936,-0.173,-0.250,0.343,0.665,-10.451,14.705,,pan
assignment3_kp2_t1,36.820,1791455930.750410,1058,1791455930.622805,camera_color_optical_frame,1,0.3568,0.6839,0.00200,0.027,1,IDLE,disabled,0.000,0.000,deg/s,joint_states,-0.180,0.180,0.000,0.000,0.934,-0.172,-0.249,0.343,0.666,-10.449,14.713,,pan
assignment3_kp2_t1,36.841,1791455930.772007,1059,1791455930.656163,camera_color_optical_frame,1,0.3559,0.6834,0.00197,0.011,1,IDLE,disabled,0.000,0.000,deg/s,joint_states,-0.180,0.180,0.000,0.000,0.954,-0.175,-0.254,0.341,0.663,-10.399,14.672,,pan
assignment3_kp2_t1,36.859,1791455930.788842,1060,1791455930.689521,camera_color_optical_frame,1,0.3559,0.6851,0.00199,0.001,1,IDLE,disabled,0.000,0.000,deg/s,joint_states,-0.180,0.180,0.000,0.000,0.954,-0.175,-0.254,0.341,0.664,-10.393,14.676,,pan
assignment3_kp2_t1,36.881,1791455930.814233,1060,1791455930.689521,camera_color_optical_frame,1,0.3559,0.6851,0.00199,0.024,1,IDLE,disabled,0.000,0.000,deg/s,joint_states,-0.180,0.180,0.000,0.000,0.954,-0.175,-0.255,0.341,0.666,-10.387,14.734,,pan
assignment3_kp2_t1,36.901,1791455930.831181,1061,1791455930.722879,camera_color_optical_frame,1,0.3565,0.6834,0.00201,0.007,1,IDLE,disabled,0.000,0.000,deg/s,joint_states,-0.180,0.180,0.000,0.000,0.935,-0.173,-0.248,0.344,0.662,-10.479,14.647,,pan
assignment3_kp2_t1,36.920,1791455930.849185,1061,1791455930.722879,camera_color_optical_frame,1,0.3565,0.6834,0.00201,0.026,1,IDLE,disabled,0.000,0.000,deg/s,joint_states,-0.180,0.180,0.000,0.000,0.933,-0.173,-0.248,0.344,0.662,-10.484,14.646,,pan
assignment3_kp2_t1,36.942,1791455930.871628,1063,1791455930.789594,camera_color_optical_frame,1,0.3557,0.6820,0.00193,0.003,1,IDLE,disabled,0.000,0.000,deg/s,joint_states,-0.180,0.090,0.000,0.000,0.957,-0.177,-0.252,0.344,0.661,-10.486,14.525,,pan
assignment3_kp2_t1,36.960,1791455930.890191,1063,1791455930.789594,camera_color_optical_frame,1,0.3557,0.6820,0.00193,0.021,0,IDLE,disabled,0.000,0.000,deg/s,joint_states,-0.180,0.180,0.000,0.000,0.552,-0.107,-0.152,0.359,0.686,-10.924,15.122,,pan
assignment3_kp2_t1,36.981,1791455930.910543,1064,1791455930.822953,camera_color_optical_frame,1,0.3571,0.6823,0.00207,0.002,1,IDLE,disabled,0.000,0.000,deg/s,joint_states,-0.180,0.180,0.000,0.000,0.931,-0.172,-0.247,0.344,0.661,-10.496,14.624,,pan
assignment3_kp2_t1,37.000,1791455930.931609,1064,1791455930.822953,camera_color_optical_frame,1,0.3571,0.6823,0.00207,0.021,1,IDLE,disabled,0.000,0.000,deg/s,joint_states,-0.180,0.180,0.000,0.000,0.928,-0.172,-0.246,0.344,0.661,-10.502,14.624,,pan
assignment3_kp2_t1,37.020,1791455930.949153,1065,1791455930.856310,camera_color_optical_frame,1,0.3555,0.6835,0.00194,0.005,1,IDLE,disabled,0.000,0.000,deg/s,joint_states,-0.180,0.180,0.000,0.000,0.996,-0.183,-0.263,0.341,0.657,-10.389,14.542,,pan
assignment3_kp2_t1,37.042,1791455930.974139,1065,1791455930.856310,camera_color_optical_frame,1,0.3555,0.6835,0.00194,0.027,1,IDLE,disabled,0.000,0.000,deg/s,joint_states,-0.180,0.180,0.000,0.000,1.006,-0.184,-0.265,0.340,0.657,-10.382,14.534,,pan
assignment3_kp2_t1,37.061,1791455930.991133,1066,1791455930.889668,camera_color_optical_frame,1,0.3566,0.6832,0.00202,0.007,1,IDLE,disabled,0.000,0.000,deg/s,joint_states,-0.180,0.180,0.000,0.000,0.955,-0.176,-0.254,0.342,0.664,-10.434,14.674,,pan
assignment3_kp2_t1,37.081,1791455931.011001,1066,1791455930.889668,camera_color_optical_frame,1,0.3566,0.6832,0.00202,0.027,1,IDLE,disabled,0.000,0.000,deg/s,joint_states,-0.180,0.180,0.000,0.000,0.957,-0.176,-0.255,0.342,0.664,-10.430,14.680,,pan
assignment3_kp2_t1,37.100,1791455931.031308,1067,1791455930.923027,camera_color_optical_frame,1,0.3565,0.6830,0.00199,0.009,1,IDLE,disabled,0.000,0.000,deg/s,joint_states,-0.180,0.090,0.000,0.000,0.955,-0.176,-0.254,0.342,0.667,-10.431,14.658,,pan
assignment3_kp2_t1,37.120,1791455931.049251,1067,1791455930.923027,camera_color_optical_frame,1,0.3565,0.6830,0.00199,0.028,1,IDLE,disabled,0.000,0.000,deg/s,joint_states,-0.180,0.180,0.000,0.000,0.956,-0.176,-0.254,0.342,0.663,-10.427,14.661,,pan
assignment3_kp2_t1,37.140,1791455931.072417,1068,1791455930.956384,camera_color_optical_frame,1,0.3561,0.6837,0.00198,0.018,1,IDLE,disabled,0.000,0.000,deg/s,joint_states,-0.180,0.180,0.000,0.000,0.966,-0.178,-0.257,0.342,0.664,-10.416,14.676,,pan
assignment3_kp2_t1,37.159,1791455931.088985,1069,1791455930.989742,camera_color_optical_frame,1,0.3552,0.6837,0.00190,0.003,1,IDLE,disabled,0.000,0.000,deg/s,joint_states,-0.180,0.180,0.000,0.000,0.946,-0.173,-0.252,0.339,0.664,-10.357,14.681,,pan
assignment3_kp2_t1,37.182,1791455931.114279,1069,1791455930.989742,camera_color_optical_frame,1,0.3552,0.6837,0.00190,0.025,1,IDLE,disabled,0.000,0.000,deg/s,joint_states,-0.180,0.180,0.000,0.000,0.946,-0.173,-0.252,0.339,0.664,-10.344,14.686,,pan
assignment3_kp2_t1,37.200,1791455931.130612,1070,1791455931.023101,camera_color_optical_frame,1,0.3558,0.6843,0.00196,0.007,1,IDLE,disabled,0.000,0.000,deg/s,joint_states,-0.180,0.180,0.000,0.000,0.937,-0.172,-0.248,0.341,0.659,-10.413,14.569,,pan
assignment3_kp2_t1,37.221,1791455931.151267,1070,1791455931.023101,camera_color_optical_frame,1,0.3558,0.6843,0.00196,0.028,1,IDLE,disabled,0.000,0.000,deg/s,joint_states,-0.180,0.180,0.000,0.000,0.935,-0.172,-0.247,0.341,0.658,-10.410,14.558,,pan
assignment3_kp2_t1,37.240,1791455931.169605,1071,1791455931.056459,camera_color_optical_frame,1,0.3572,0.6832,0.00208,0.010,1,IDLE,disabled,0.000,0.000,deg/s,joint_states,-0.180,0.180,0.000,0.000,0.948,-0.177,-0.252,0.347,0.662,-10.573,14.626,,pan
assignment3_kp2_t1,37.260,1791455931.189391,1071,1791455931.056459,camera_color_optical_frame,1,0.3572,0.6832,0.00208,0.030,1,IDLE,disabled,0.000,0.000,deg/s,joint_states,-0.180,0.180,0.000,0.000,0.948,-0.177,-0.252,0.347,0.661,-10.591,14.622,,pan
assignment3_kp2_t1,37.281,1791455931.212256,1072,1791455931.089816,camera_color_optical_frame,1,0.3566,0.6831,0.00197,0.017,1,IDLE,disabled,0.000,0.000,deg/s,joint_states,-0.180,0.180,0.000,0.000,0.947,-0.176,-0.252,0.344,0.664,-10.497,14.680,,pan
assignment3_kp2_t1,37.301,1791455931.230449,1073,1791455931.123175,camera_color_optical_frame,1,0.3573,0.6830,0.00207,0.003,1,IDLE,disabled,0.000,0.000,deg/s,joint_states,-0.180,0.180,0.000,0.000,0.942,-0.174,-0.250,0.344,0.662,-10.483,14.630,,pan
assignment3_kp2_t1,37.321,1791455931.252927,1073,1791455931.123175,camera_color_optical_frame,1,0.3573,0.6830,0.00207,0.023,1,IDLE,disabled,0.000,0.000,deg/s,joint_states,-0.180,0.180,0.000,0.000,0.942,-0.174,-0.250,0.344,0.662,-10.484,14.628,,pan
assignment3_kp2_t1,37.340,1791455931.270469,1074,1791455931.156533,camera_color_optical_frame,1,0.3567,0.6831,0.00205,0.005,1,IDLE,disabled,0.000,0.000,deg/s,joint_states,-0.180,0.180,0.000,0.000,0.950,-0.176,-0.253,0.343,0.662,-10.469,14.646,,pan
assignment3_kp2_t1,37.361,1791455931.292116,1074,1791455931.156533,camera_color_optical_frame,1,0.3567,0.6831,0.00205,0.026,1,IDLE,disabled,0.000,0.000,deg/s,joint_states,-0.180,0.180,0.000,0.000,0.951,-0.176,-0.253,0.343,0.662,-10.470,14.646,,pan
assignment3_kp2_t1,37.381,1791455931.310760,1075,1791455931.189891,camera_color_optical_frame,1,0.3559,0.6823,0.00194,0.004,1,IDLE,disabled,0.000,0.000,deg/s,joint_states,-0.180,0.180,0.000,0.000,0.951,-0.176,-0.253,0.343,0.662,-10.472,14.646,,pan
assignment3_kp2_t1,37.400,1791455931.330231,1075,1791455931.189891,camera_color_optical_frame,1,0.3559,0.6823,0.00194,0.023,1,IDLE,disabled,0.000,0.000,deg/s,joint_states,-0.180,0.180,0.000,0.000,0.958,-0.175,-0.254,0.339,0.660,-10.353,14.605,,pan
assignment3_kp2_t1,37.420,1791455931.351063,1076,1791455931.223252,camera_color_optical_frame,1,0.3556,0.6830,0.00195,0.014,1,IDLE,disabled,0.000,0.000,deg/s,joint_states,-0.180,0.180,0.000,0.000,0.946,-0.173,-0.251,0.340,0.662,-10.361,14.643,,pan
assignment3_kp2_t1,37.440,1791455931.369916,1077,1791455931.256613,camera_color_optical_frame,1,0.3569,0.6826,0.00205,0.002,1,IDLE,disabled,0.000,0.000,deg/s,joint_states,-0.180,0.180,0.000,0.000,0.945,-0.173,-0.251,0.339,0.662,-10.350,14.643,,pan
assignment3_kp2_t1,37.461,1791455931.392550,1077,1791455931.256613,camera_color_optical_frame,1,0.3569,0.6826,0.00205,0.023,1,IDLE,disabled,0.000,0.000,deg/s,joint_states,-0.180,0.180,0.000,0.000,0.965,-0.179,-0.256,0.345,0.662,-10.519,14.642,,pan
assignment3_kp2_t1,37.481,1791455931.412316,1078,1791455931.289974,camera_color_optical_frame,1,0.3570,0.6837,0.00203,0.004,1,IDLE,disabled,0.000,0.000,deg/s,joint_states,-0.180,0.180,0.000,0.000,0.934,-0.174,-0.249,0.346,0.664,-10.542,14.674,,pan
assignment3_kp2_t1,37.503,1791455931.434564,1078,1791455931.289974,camera_color_optical_frame,1,0.3570,0.6837,0.00203,0.026,1,IDLE,disabled,0.000,0.000,deg/s,joint_states,-0.180,0.180,0.000,0.000,0.932,-0.174,-0.248,0.346,0.664,-10.556,14.678,,pan
assignment3_kp2_t1,37.520,1791455931.451056,1079,1791455931.323336,camera_color_optical_frame,1,0.3561,0.6835,0.00197,0.008,1,IDLE,disabled,0.000,0.000,deg/s,joint_states,-0.180,0.180,0.000,0.000,0.940,-0.173,-0.251,0.341,0.664,-10.398,14.689,,pan
assignment3_kp2_t1,37.540,1791455931.469741,1079,1791455931.323336,camera_color_optical_frame,1,0.3561,0.6835,0.00197,0.028,1,IDLE,disabled,0.000,0.000,deg/s,joint_states,-0.180,0.180,0.000,0.000,0.939,-0.172,-0.250,0.341,0.665,-10.391,14.695,,pan
assignment3_kp2_t1,37.562,1791455931.492895,1080,1791455931.356697,camera_color_optical_frame,1,0.3567,0.6837,0.00203,0.017,1,IDLE,disabled,0.000,0.000,deg/s,joint_states,-0.180,0.180,0.000,0.000,0.964,-0.178,-0.256,0.342,0.663,-10.441,14.659,,pan
assignment3_kp2_t1,37.580,1791455931.509643,1081,1791455931.390058,camera_color_optical_frame,1,0.3572,0.6831,0.00205,0.004,1,IDLE,disabled,0.000,0.000,deg/s,joint_states,-0.180,0.180,0.000,0.000,0.950,-0.177,-0.252,0.345,0.662,-10.531,14.628,,pan
assignment3_kp2_t1,37.601,1791455931.532973,1081,1791455931.390058,camera_color_optical_frame,1,0.3572,0.6831,0.00205,0.025,1,IDLE,disabled,0.000,0.000,deg/s,joint_states,-0.180,0.180,0.000,0.000,0.950,-0.177,-0.252,0.346,0.662,-10.542,14.625,,pan
assignment3_kp2_t1,37.621,1791455931.550275,1082,1791455931.423420,camera_color_optical_frame,1,0.3568,0.6827,0.00203,0.006,1,IDLE,disabled,0.000,0.000,deg/s,joint_states,-0.180,0.180,0.000,0.000,0.950,-0.175,-0.251,0.343,0.660,-10.465,14.592,,pan
assignment3_kp2_t1,37.640,1791455931.569950,1082,1791455931.423420,camera_color_optical_frame,1,0.3568,0.6827,0.00203,0.026,1,IDLE,disabled,0.000,0.000,deg/s,joint_states,-0.180,0.180,0.000,0.000,0.950,-0.175,-0.251,0.343,0.659,-10.465,14.586,,pan
assignment3_kp2_t1,37.660,1791455931.591666,1083,1791455931.456781,camera_color_optical_frame,1,0.3568,0.6838,0.00205,0.010,1,IDLE,disabled,0.000,0.000,deg/s,joint_states,-0.180,0.180,0.000,0.000,0.929,-0.171,-0.248,0.342,0.664,-10.441,14.688,,pan
assignment3_kp2_t1,37.681,1791455931.610217,1084,1791455931.490142,camera_color_optical_frame,1,0.3573,0.6835,0.00205,0.002,1,IDLE,disabled,0.000,0.000,deg/s,joint_states,-0.180,0.180,0.000,0.000,0.939,-0.174,-0.250,0.344,0.663,-10.479,14.659,,pan
assignment3_kp2_t1,37.701,1791455931.634595,1084,1791455931.490142,camera_color_optical_frame,1,0.3573,0.6835,0.00205,0.023,1,IDLE,disabled,0.000,0.000,deg/s,joint_states,-0.180,0.180,0.000,0.000,0.938,-0.173,-0.249,0.344,0.663,-10.480,14.661,,pan
assignment3_kp2_t1,37.720,1791455931.649632,1085,1791455931.523504,camera_color_optical_frame,1,0.3562,0.6835,0.00199,0.004,1,IDLE,disabled,0.000,0.000,deg/s,joint_states,-0.180,0.180,0.000,0.000,0.951,-0.175,-0.253,0.341,0.662,-10.413,14.643,,pan
assignment3_kp2_t1,37.743,1791455931.674371,1085,1791455931.523504,camera_color_optical_frame,1,0.3562,0.6835,0.00199,0.028,1,IDLE,disabled,0.000,0.000,deg/s,joint_states,-0.180,0.180,0.000,0.000,0.952,-0.175,-0.253,0.341,0.662,-10.407,14.641,,pan
assignment3_kp2_t1,37.761,1791455931.690347,1086,1791455931.556865,camera_color_optical_frame,1,0.3571,0.6820,0.00202,0.011,1,IDLE,disabled,0.000,0.000,deg/s,joint_states,-0.180,0.180,0.000,0.000,0.958,-0.177,-0.253,0.343,0.658,-10.459,14.562,,pan
assignment3_kp2_t1,37.781,1791455931.710419,1086,1791455931.556865,camera_color_optical_frame,1,0.3571,0.6820,0.00202,0.031,1,IDLE,disabled,0.000,0.000,deg/s,joint_states,-0.180,0.180,0.000,0.000,0.959,-0.177,-0.253,0.343,0.658,-10.457,14.553,,pan
assignment3_kp2_t1,37.800,1791455931.731774,1087,1791455931.590227,camera_color_optical_frame,1,0.3570,0.6831,0.00202,0.015,1,IDLE,disabled,0.000,0.000,deg/s,joint_states,-0.180,0.090,0.000,0.000,0.964,-0.179,-0.256,0.345,0.666,-10.513,14.626,,pan
assignment3_kp2_t1,37.820,1791455931.749259,1087,1791455931.590227,camera_color_optical_frame,1,0.3570,0.6831,0.00202,0.035,1,IDLE,disabled,0.000,0.000,deg/s,joint_states,-0.180,0.180,0.000,0.000,0.966,-0.179,-0.256,0.345,0.661,-10.519,14.623,,pan
assignment3_kp2_t1,37.841,1791455931.772893,1088,1791455931.623589,camera_color_optical_frame,1,0.3555,0.6827,0.00195,0.019,1,IDLE,disabled,0.000,0.000,deg/s,joint_states,-0.180,0.180,0.000,0.000,0.948,-0.173,-0.252,0.338,0.663,-10.326,14.670,,pan
assignment3_kp2_t1,37.860,1791455931.789667,1089,1791455931.656950,camera_color_optical_frame,1,0.3559,0.6845,0.00197,0.004,1,IDLE,disabled,0.000,0.000,deg/s,joint_states,-0.180,0.180,0.000,0.000,0.934,-0.171,-0.250,0.340,0.666,-10.371,14.735,,pan
assignment3_kp2_t1,37.882,1791455931.812927,1089,1791455931.656950,camera_color_optical_frame,1,0.3559,0.6845,0.00197,0.026,1,IDLE,disabled,0.000,0.000,deg/s,joint_states,-0.180,0.180,0.000,0.000,0.932,-0.170,-0.249,0.340,0.667,-10.360,14.745,,pan
assignment3_kp2_t1,37.900,1791455931.830069,1090,1791455931.690311,camera_color_optical_frame,1,0.3576,0.6836,0.00209,0.009,1,IDLE,disabled,0.000,0.000,deg/s,joint_states,-0.180,0.180,0.000,0.000,0.946,-0.177,-0.252,0.348,0.665,-10.609,14.689,,pan
assignment3_kp2_t1,37.920,1791455931.849771,1090,1791455931.690311,camera_color_optical_frame,1,0.3576,0.6836,0.00209,0.029,1,IDLE,disabled,0.000,0.000,deg/s,joint_states,-0.180,0.180,0.000,0.000,0.945,-0.177,-0.252,0.349,0.665,-10.627,14.694,,pan
assignment3_kp2_t1,37.941,1791455931.870789,1091,1791455931.723673,camera_color_optical_frame,1,0.3554,0.6833,0.00193,0.017,1,IDLE,disabled,0.000,0.000,deg/s,joint_states,-0.180,0.180,0.000,0.000,0.956,-0.175,-0.251,0.340,0.653,-10.379,14.458,,pan
assignment3_kp2_t1,37.960,1791455931.890029,1091,1791455931.723673,camera_color_optical_frame,1,0.3554,0.6833,0.00193,0.035,1,IDLE,disabled,0.000,0.000,deg/s,joint_states,-0.180,0.180,0.000,0.000,0.957,-0.175,-0.250,0.340,0.652,-10.374,14.439,,pan
assignment3_kp2_t1,37.982,1791455931.915495,1092,1791455931.757035,camera_color_optical_frame,1,0.3557,0.6832,0.00194,0.020,1,IDLE,disabled,0.000,0.000,deg/s,joint_states,-0.180,0.090,0.000,0.000,0.961,-0.175,-0.255,0.338,0.666,-10.303,14.631,,pan
assignment3_kp2_t1,38.000,1791455931.931703,1093,1791455931.790396,camera_color_optical_frame,1,0.3569,0.6836,0.00205,0.005,1,IDLE,disabled,0.000,0.000,deg/s,joint_states,-0.180,0.180,0.000,0.000,0.945,-0.176,-0.253,0.346,0.668,-10.561,14.752,,pan
assignment3_kp2_t1,38.022,1791455931.952401,1093,1791455931.790396,camera_color_optical_frame,1,0.3569,0.6836,0.00205,0.027,1,IDLE,disabled,0.000,0.000,deg/s,joint_states,-0.180,0.180,0.000,0.000,0.945,-0.176,-0.253,0.347,0.668,-10.576,14.768,,pan
assignment3_kp2_t1,38.040,1791455931.971443,1094,1791455931.823758,camera_color_optical_frame,1,0.3570,0.6838,0.00207,0.010,1,IDLE,disabled,0.000,0.000,deg/s,joint_states,-0.180,0.180,0.000,0.000,0.942,-0.176,-0.251,0.346,0.664,-10.554,14.683,,pan
assignment3_kp2_t1,38.060,1791455931.989340,1094,1791455931.823758,camera_color_optical_frame,1,0.3570,0.6838,0.00207,0.030,1,IDLE,disabled,0.000,0.000,deg/s,joint_states,-0.180,0.180,0.000,0.000,0.941,-0.176,-0.251,0.347,0.665,-10.566,14.687,,pan
assignment3_kp2_t1,38.082,1791455932.014199,1095,1791455931.857120,camera_color_optical_frame,1,0.3573,0.6838,0.00207,0.018,1,IDLE,disabled,0.000,0.000,deg/s,joint_states,-0.180,0.090,0.000,0.000,0.951,-0.176,-0.253,0.345,0.668,-10.508,14.663,,pan
assignment3_kp2_t1,38.100,1791455932.031868,1096,1791455931.890481,camera_color_optical_frame,1,0.3572,0.6824,0.00205,0.004,1,IDLE,disabled,0.000,0.000,deg/s,joint_states,-0.180,0.180,0.000,0.000,0.947,-0.175,-0.246,0.344,0.649,-10.475,14.356,,pan
assignment3_kp2_t1,38.122,1791455932.052337,1096,1791455931.890481,camera_color_optical_frame,1,0.3572,0.6824,0.00205,0.026,1,IDLE,disabled,0.000,0.000,deg/s,joint_states,-0.180,0.180,0.000,0.000,0.946,-0.175,-0.246,0.344,0.647,-10.476,14.323,,pan
assignment3_kp2_t1,38.140,1791455932.070995,1097,1791455931.923843,camera_color_optical_frame,1,0.3557,0.6823,0.00194,0.013,1,IDLE,disabled,0.000,0.000,deg/s,joint_states,-0.180,0.180,0.000,0.000,0.952,-0.173,-0.251,0.339,0.658,-10.329,14.564,,pan
assignment3_kp2_t1,38.160,1791455932.089319,1097,1791455931.923843,camera_color_optical_frame,1,0.3557,0.6823,0.00194,0.033,1,IDLE,disabled,0.000,0.000,deg/s,joint_states,-0.180,0.180,0.000,0.000,0.952,-0.173,-0.251,0.338,0.658,-10.315,14.555,,pan
assignment3_kp2_t1,38.181,1791455932.114450,1098,1791455931.957205,camera_color_optical_frame,1,0.3564,0.6827,0.00201,0.019,1,IDLE,disabled,0.000,0.000,deg/s,joint_states,-0.180,0.180,0.000,0.000,0.954,-0.175,-0.256,0.341,0.670,-10.405,14.807,,pan
assignment3_kp2_t1,38.201,1791455932.132867,1099,1791455931.990567,camera_color_optical_frame,1,0.3561,0.6826,0.00195,0.004,1,IDLE,disabled,0.000,0.000,deg/s,joint_states,-0.180,0.180,0.000,0.000,0.945,-0.174,-0.247,0.343,0.651,-10.456,14.418,,pan
assignment3_kp2_t1,38.222,1791455932.152403,1099,1791455931.990567,camera_color_optical_frame,1,0.3561,0.6826,0.00195,0.025,1,IDLE,disabled,0.000,0.000,deg/s,joint_states,-0.180,0.180,0.000,0.000,0.944,-0.174,-0.246,0.343,0.650,-10.458,14.396,,pan
assignment3_kp2_t1,38.240,1791455932.170186,1100,1791455932.023929,camera_color_optical_frame,1,0.3565,0.6847,0.00200,0.008,1,IDLE,disabled,0.000,0.000,deg/s,joint_states,-0.180,0.090,0.000,0.000,0.950,-0.175,-0.255,0.343,0.673,-10.454,14.770,,pan
assignment3_kp2_t1,38.260,1791455932.189677,1100,1791455932.023929,camera_color_optical_frame,1,0.3565,0.6847,0.00200,0.028,1,IDLE,disabled,0.000,0.000,deg/s,joint_states,-0.180,0.180,0.000,0.000,0.950,-0.175,-0.255,0.343,0.669,-10.454,14.783,,pan
assignment3_kp2_t1,38.281,1791455932.213222,1101,1791455932.057291,camera_color_optical_frame,1,0.3564,0.6845,0.00199,0.016,1,IDLE,disabled,0.000,0.000,deg/s,joint_states,-0.180,0.180,0.000,0.000,0.931,-0.172,-0.252,0.344,0.676,-10.481,14.935,,pan
assignment3_kp2_t1,38.303,1791455932.233046,1102,1791455932.090652,camera_color_optical_frame,1,0.3570,0.6842,0.00205,0.005,1,IDLE,disabled,0.000,0.000,deg/s,joint_states,-0.180,0.180,0.000,0.000,0.947,-0.175,-0.251,0.344,0.662,-10.500,14.640,,pan
assignment3_kp2_t1,38.322,1791455932.251749,1102,1791455932.090652,camera_color_optical_frame,1,0.3570,0.6842,0.00205,0.024,1,IDLE,disabled,0.000,0.000,deg/s,joint_states,-0.180,0.180,0.000,0.000,0.946,-0.175,-0.251,0.344,0.662,-10.504,14.636,,pan
assignment3_kp2_t1,38.340,1791455932.272579,1103,1791455932.124014,camera_color_optical_frame,1,0.3550,0.6836,0.00191,0.010,1,IDLE,disabled,0.000,0.000,deg/s,joint_states,-0.180,0.180,0.000,0.000,0.952,-0.173,-0.252,0.338,0.661,-10.322,14.621,,pan
assignment3_kp2_t1,38.361,1791455932.290062,1103,1791455932.124014,camera_color_optical_frame,1,0.3550,0.6836,0.00191,0.030,1,IDLE,disabled,0.000,0.000,deg/s,joint_states,-0.180,0.180,0.000,0.000,0.953,-0.173,-0.253,0.338,0.661,-10.310,14.617,,pan
assignment3_kp2_t1,38.380,1791455932.311612,1104,1791455932.157376,camera_color_optical_frame,1,0.3563,0.6830,0.00200,0.017,1,IDLE,disabled,0.000,0.000,deg/s,joint_states,-0.180,0.180,0.000,0.000,0.960,-0.176,-0.250,0.341,0.648,-10.387,14.350,,pan
assignment3_kp2_t1,38.400,1791455932.329213,1105,1791455932.190733,camera_color_optical_frame,1,0.3564,0.6835,0.00201,0.002,1,IDLE,disabled,0.000,0.000,deg/s,joint_states,-0.180,0.180,0.000,0.000,0.961,-0.176,-0.249,0.340,0.647,-10.380,14.322,,pan
assignment3_kp2_t1,38.422,1791455932.355171,1105,1791455932.190733,camera_color_optical_frame,1,0.3564,0.6835,0.00201,0.024,1,IDLE,disabled,0.000,0.000,deg/s,joint_states,-0.180,0.180,0.000,0.000,0.976,-0.182,-0.259,0.346,0.662,-10.543,14.641,,pan
assignment3_kp2_t1,38.441,1791455932.371496,1106,1791455932.224090,camera_color_optical_frame,1,0.3568,0.6812,0.00204,0.006,1,IDLE,disabled,0.000,0.000,deg/s,joint_states,-0.180,0.180,0.000,0.000,0.953,-0.177,-0.251,0.346,0.657,-10.539,14.528,,pan
assignment3_kp2_t1,38.460,1791455932.390699,1106,1791455932.224090,camera_color_optical_frame,1,0.3568,0.6812,0.00204,0.026,1,IDLE,disabled,0.000,0.000,deg/s,joint_states,-0.180,0.180,0.000,0.000,0.954,-0.178,-0.251,0.346,0.656,-10.549,14.518,,pan
assignment3_kp2_t1,38.481,1791455932.412441,1107,1791455932.257447,camera_color_optical_frame,1,0.3564,0.6830,0.00199,0.015,1,IDLE,disabled,0.000,0.000,deg/s,joint_states,-0.180,0.180,0.000,0.000,0.935,-0.172,-0.248,0.343,0.661,-10.446,14.622,,pan
assignment3_kp2_t1,38.500,1791455932.429608,1107,1791455932.257447,camera_color_optical_frame,1,0.3564,0.6830,0.00199,0.034,1,IDLE,disabled,0.000,0.000,deg/s,joint_states,-0.180,0.180,0.000,0.000,0.933,-0.172,-0.248,0.342,0.661,-10.445,14.620,,pan
assignment3_kp2_t1,38.521,1791455932.454765,1108,1791455932.290804,camera_color_optical_frame,1,0.3566,0.6827,0.00203,0.018,1,IDLE,disabled,0.000,0.000,deg/s,joint_states,-0.180,0.180,0.000,0.000,0.969,-0.179,-0.259,0.342,0.665,-10.443,14.707,,pan
assignment3_kp2_t1,38.541,1791455932.472617,1109,1791455932.324161,camera_color_optical_frame,1,0.3565,0.6846,0.00201,0.006,1,IDLE,disabled,0.000,0.000,deg/s,joint_states,-0.180,0.180,0.000,0.000,0.936,-0.173,-0.250,0.343,0.667,-10.466,14.744,,pan
assignment3_kp2_t1,38.560,1791455932.491353,1109,1791455932.324161,camera_color_optical_frame,1,0.3565,0.6846,0.00201,0.025,1,IDLE,disabled,0.000,0.000,deg/s,joint_states,-0.180,0.180,0.000,0.000,0.935,-0.173,-0.250,0.343,0.668,-10.468,14.753,,pan
assignment3_kp2_t1,38.581,1791455932.512423,1110,1791455932.357518,camera_color_optical_frame,1,0.3566,0.6819,0.00199,0.006,1,IDLE,disabled,0.000,0.000,deg/s,joint_states,-0.180,0.090,0.000,0.000,0.932,-0.172,-0.246,0.343,0.663,-10.449,14.580,,pan
assignment3_kp2_t1,38.601,1791455932.530420,1110,1791455932.357518,camera_color_optical_frame,1,0.3566,0.6819,0.00199,0.026,1,IDLE,disabled,0.000,0.000,deg/s,joint_states,-0.180,0.090,0.000,0.000,0.930,-0.171,-0.246,0.343,0.663,-10.448,14.575,,pan
assignment3_kp2_t1,38.621,1791455932.553783,1111,1791455932.390875,camera_color_optical_frame,1,0.3571,0.6831,0.00206,0.015,1,IDLE,disabled,0.000,0.000,deg/s,joint_states,-0.180,0.180,0.000,0.000,0.948,-0.176,-0.251,0.345,0.659,-10.512,14.567,,pan
assignment3_kp2_t1,38.641,1791455932.571443,1112,1791455932.424232,camera_color_optical_frame,1,0.3568,0.6820,0.00203,0.008,1,IDLE,disabled,0.000,0.000,deg/s,joint_states,-0.180,0.180,0.000,0.000,0.960,-0.178,-0.255,0.344,0.661,-10.480,14.627,,pan
assignment3_kp2_t1,38.661,1791455932.591432,1112,1791455932.424232,camera_color_optical_frame,1,0.3568,0.6820,0.00203,0.027,1,IDLE,disabled,0.000,0.000,deg/s,joint_states,-0.180,0.180,0.000,0.000,0.962,-0.178,-0.255,0.344,0.662,-10.483,14.628,,pan
assignment3_kp2_t1,38.680,1791455932.613261,1113,1791455932.457589,camera_color_optical_frame,1,0.3559,0.6833,0.00197,0.013,1,IDLE,disabled,0.000,0.000,deg/s,joint_states,-0.180,0.180,0.000,0.000,0.946,-0.173,-0.252,0.339,0.663,-10.353,14.665,,pan
assignment3_kp2_t1,38.701,1791455932.631883,1114,1791455932.490946,camera_color_optical_frame,1,0.3568,0.6821,0.00199,0.003,1,IDLE,disabled,0.000,0.000,deg/s,joint_states,-0.180,0.180,0.000,0.000,0.943,-0.174,-0.246,0.342,0.650,-10.445,14.385,,pan
assignment3_kp2_t1,38.721,1791455932.654016,1114,1791455932.490946,camera_color_optical_frame,1,0.3568,0.6821,0.00199,0.023,1,IDLE,disabled,0.000,0.000,deg/s,joint_states,-0.180,0.180,0.000,0.000,0.943,-0.174,-0.245,0.342,0.649,-10.443,14.362,,pan
assignment3_kp2_t1,38.741,1791455932.672327,1115,1791455932.524303,camera_color_optical_frame,1,0.3573,0.6817,0.00205,0.007,1,IDLE,disabled,0.000,0.000,deg/s,joint_states,-0.180,0.180,0.000,0.000,0.946,-0.176,-0.247,0.346,0.650,-10.557,14.391,,pan
assignment3_kp2_t1,38.760,1791455932.691185,1115,1791455932.524303,camera_color_optical_frame,1,0.3573,0.6817,0.00205,0.026,1,IDLE,disabled,0.000,0.000,deg/s,joint_states,-0.180,0.180,0.000,0.000,0.946,-0.177,-0.247,0.347,0.649,-10.568,14.368,,pan
assignment3_kp2_t1,38.781,1791455932.712081,1116,1791455932.557660,camera_color_optical_frame,1,0.3564,0.6822,0.00200,0.014,1,IDLE,disabled,0.000,0.000,deg/s,joint_states,-0.180,0.180,0.000,0.000,0.948,-0.175,-0.255,0.342,0.670,-10.436,14.807,,pan
assignment3_kp2_t1,38.801,1791455932.731149,1117,1791455932.591017,camera_color_optical_frame,1,0.3553,0.6833,0.00192,0.002,1,IDLE,disabled,0.000,0.000,deg/s,joint_states,-0.180,0.090,0.000,0.000,0.958,-0.174,-0.257,0.338,0.674,-10.307,14.818,,pan
assignment3_kp2_t1,38.821,1791455932.754426,1117,1791455932.591017,camera_color_optical_frame,1,0.3553,0.6833,0.00192,0.022,1,IDLE,disabled,0.000,0.000,deg/s,joint_states,-0.180,0.180,0.000,0.000,0.959,-0.174,-0.258,0.337,0.671,-10.291,14.841,,pan
assignment3_kp2_t1,38.840,1791455932.769696,1118,1791455932.624374,camera_color_optical_frame,1,0.3568,0.6827,0.00204,0.005,1,IDLE,disabled,0.000,0.000,deg/s,joint_states,-0.180,0.180,0.000,0.000,0.947,-0.175,-0.252,0.344,0.663,-10.481,14.660,,pan
assignment3_kp2_t1,38.862,1791455932.792076,1118,1791455932.624374,camera_color_optical_frame,1,0.3568,0.6827,0.00204,0.027,1,IDLE,disabled,0.000,0.000,deg/s,joint_states,-0.180,0.180,0.000,0.000,0.947,-0.175,-0.252,0.344,0.663,-10.484,14.663,,pan
assignment3_kp2_t1,38.880,1791455932.810185,1119,1791455932.657731,camera_color_optical_frame,1,0.3571,0.6827,0.00204,0.007,1,IDLE,disabled,0.000,0.000,deg/s,joint_states,-0.180,0.180,0.000,0.000,0.950,-0.177,-0.252,0.347,0.660,-10.584,14.599,,pan
assignment3_kp2_t1,38.900,1791455932.829970,1119,1791455932.657731,camera_color_optical_frame,1,0.3571,0.6827,0.00204,0.027,1,IDLE,disabled,0.000,0.000,deg/s,joint_states,-0.180,0.180,0.000,0.000,0.950,-0.178,-0.252,0.348,0.660,-10.599,14.595,,pan
assignment3_kp2_t1,38.923,1791455932.854768,1120,1791455932.691088,camera_color_optical_frame,1,0.3568,0.6857,0.00203,0.018,1,IDLE,disabled,0.000,0.000,deg/s,joint_states,-0.180,0.180,0.000,0.000,0.957,-0.178,-0.257,0.345,0.669,-10.533,14.773,,pan
assignment3_kp2_t1,38.941,1791455932.870404,1120,1791455932.691088,camera_color_optical_frame,1,0.3568,0.6857,0.00203,0.035,1,IDLE,disabled,0.000,0.000,deg/s,joint_states,-0.180,0.180,0.000,0.000,0.958,-0.178,-0.257,0.346,0.669,-10.541,14.781,,pan
assignment3_kp2_t1,38.962,1791455932.893685,1121,1791455932.724445,camera_color_optical_frame,1,0.3562,0.6832,0.00195,0.016,1,IDLE,disabled,0.000,0.000,deg/s,joint_states,-0.180,0.180,0.000,0.000,0.942,-0.173,-0.249,0.341,0.658,-10.411,14.550,,pan
assignment3_kp2_t1,38.986,1791455932.916517,1122,1791455932.757802,camera_color_optical_frame,1,0.3575,0.6840,0.00210,0.010,1,IDLE,disabled,0.000,0.000,deg/s,joint_states,-0.180,0.180,0.000,0.000,0.939,-0.175,-0.248,0.345,0.659,-10.529,14.575,,pan
assignment3_kp2_t1,39.004,1791455932.939135,1122,1791455932.757802,camera_color_optical_frame,1,0.3575,0.6840,0.00210,0.028,1,IDLE,disabled,0.000,0.000,deg/s,joint_states,-0.180,0.180,0.000,0.000,0.938,-0.174,-0.248,0.346,0.659,-10.535,14.565,,pan
assignment3_kp2_t1,39.022,1791455932.953558,1123,1791455932.791159,camera_color_optical_frame,1,0.3562,0.6832,0.00196,0.006,1,IDLE,disabled,0.000,0.000,deg/s,joint_states,-0.180,0.180,0.000,0.000,0.942,-0.174,-0.252,0.343,0.667,-10.452,14.747,,pan
assignment3_kp2_t1,39.048,1791455932.979376,1124,1791455932.824516,camera_color_optical_frame,1,0.3567,0.6827,0.00203,0.007,1,IDLE,disabled,0.000,0.000,deg/s,joint_states,-0.180,0.180,0.000,0.000,0.936,-0.172,-0.247,0.341,0.659,-10.401,14.576,,pan
assignment3_kp2_t1,39.061,1791455932.992649,1124,1791455932.824516,camera_color_optical_frame,1,0.3567,0.6827,0.00203,0.020,1,IDLE,disabled,0.000,0.000,deg/s,joint_states,-0.180,0.180,0.000,0.000,0.935,-0.172,-0.247,0.341,0.659,-10.396,14.571,,pan
assignment3_kp2_t1,39.084,1791455933.014477,1125,1791455932.857873,camera_color_optical_frame,1,0.3564,0.6849,0.00196,0.008,1,IDLE,disabled,0.000,0.000,deg/s,joint_states,-0.180,0.180,0.000,0.000,0.968,-0.179,-0.259,0.343,0.668,-10.465,14.762,,pan
assignment3_kp2_t1,39.107,1791455933.037400,1126,1791455932.891230,camera_color_optical_frame,1,0.3563,0.6832,0.00198,0.017,1,IDLE,disabled,0.000,0.000,deg/s,joint_states,-0.180,0.180,0.000,0.000,0.960,-0.177,-0.256,0.342,0.663,-10.422,14.669,,pan
assignment3_kp2_t1,39.120,1791455933.050328,1126,1791455932.891230,camera_color_optical_frame,1,0.3563,0.6832,0.00198,0.031,1,IDLE,disabled,0.000,0.000,deg/s,joint_states,-0.180,0.180,0.000,0.000,0.961,-0.177,-0.256,0.342,0.663,-10.420,14.671,,pan
assignment3_kp2_t1,39.142,1791455933.073243,1127,1791455932.924587,camera_color_optical_frame,1,0.3564,0.6835,0.00202,0.017,1,IDLE,disabled,0.000,0.000,deg/s,joint_states,-0.180,0.090,0.000,0.000,0.929,-0.171,-0.246,0.343,0.664,-10.452,14.586,,pan
assignment3_kp2_t1,39.162,1791455933.091943,1128,1791455932.957944,camera_color_optical_frame,1,0.3570,0.6821,0.00206,0.004,1,IDLE,disabled,0.000,0.000,deg/s,joint_states,-0.180,0.180,0.000,0.000,0.927,-0.171,-0.245,0.343,0.659,-10.452,14.577,,pan
assignment3_kp2_t1,39.183,1791455933.116156,1128,1791455932.957944,camera_color_optical_frame,1,0.3570,0.6821,0.00206,0.025,1,IDLE,disabled,0.000,0.000,deg/s,joint_states,-0.180,0.180,0.000,0.000,0.946,-0.176,-0.250,0.345,0.659,-10.517,14.565,,pan
assignment3_kp2_t1,39.203,1791455933.134486,1129,1791455932.991301,camera_color_optical_frame,1,0.3564,0.6838,0.00202,0.008,1,IDLE,disabled,0.000,0.000,deg/s,joint_states,-0.180,0.180,0.000,0.000,0.954,-0.176,-0.254,0.342,0.664,-10.445,14.671,,pan
assignment3_kp2_t1,39.223,1791455933.152601,1129,1791455932.991301,camera_color_optical_frame,1,0.3564,0.6838,0.00202,0.028,1,IDLE,disabled,0.000,0.000,deg/s,joint_states,-0.180,0.180,0.000,0.000,0.955,-0.176,-0.254,0.342,0.664,-10.445,14.673,,pan
assignment3_kp2_t1,39.241,1791455933.173156,1130,1791455933.024658,camera_color_optical_frame,1,0.3568,0.6823,0.00205,0.016,1,IDLE,disabled,0.000,0.000,deg/s,joint_states,-0.180,0.180,0.000,0.000,0.946,-0.174,-0.251,0.343,0.662,-10.446,14.638,,pan
assignment3_kp2_t1,39.261,1791455933.192211,1131,1791455933.058015,camera_color_optical_frame,1,0.3573,0.6842,0.00205,0.005,1,IDLE,disabled,0.000,0.000,deg/s,joint_states,-0.180,0.180,0.000,0.000,0.949,-0.176,-0.249,0.345,0.654,-10.517,14.474,,pan
assignment3_kp2_t1,39.285,1791455933.214314,1131,1791455933.058015,camera_color_optical_frame,1,0.3573,0.6842,0.00205,0.029,1,IDLE,disabled,0.000,0.000,deg/s,joint_states,-0.180,0.180,0.000,0.000,0.949,-0.176,-0.249,0.345,0.653,-10.525,14.452,,pan
assignment3_kp2_t1,39.302,1791455933.233137,1132,1791455933.091372,camera_color_optical_frame,1,0.3562,0.6830,0.00199,0.015,1,IDLE,disabled,0.000,0.000,deg/s,joint_states,-0.180,0.180,0.000,0.000,0.960,-0.176,-0.256,0.341,0.664,-10.407,14.673,,pan
assignment3_kp2_t1,39.321,1791455933.251666,1133,1791455933.124729,camera_color_optical_frame,1,0.3567,0.6834,0.00202,0.006,1,IDLE,disabled,0.000,0.000,deg/s,joint_states,-0.180,0.180,0.000,0.000,0.959,-0.176,-0.257,0.342,0.667,-10.430,14.751,,pan
assignment3_kp2_t1,39.345,1791455933.275753,1133,1791455933.124729,camera_color_optical_frame,1,0.3567,0.6834,0.00202,0.030,1,IDLE,disabled,0.000,0.000,deg/s,joint_states,-0.180,0.180,0.000,0.000,0.960,-0.177,-0.257,0.342,0.668,-10.425,14.771,,pan
assignment3_kp2_t1,39.362,1791455933.292185,1134,1791455933.158086,camera_color_optical_frame,1,0.3571,0.6812,0.00203,0.014,1,IDLE,disabled,0.000,0.000,deg/s,joint_states,-0.180,0.090,0.000,0.000,0.947,-0.175,-0.251,0.343,0.665,-10.466,14.611,,pan
assignment3_kp2_t1,39.382,1791455933.313494,1135,1791455933.191443,camera_color_optical_frame,1,0.3574,0.6817,0.00207,0.012,1,IDLE,disabled,0.000,0.000,deg/s,joint_states,-0.180,0.180,0.000,0.000,0.952,-0.177,-0.252,0.345,0.659,-10.521,14.578,,pan
assignment3_kp2_t1,39.404,1791455933.337667,1136,1791455933.224800,camera_color_optical_frame,1,0.3561,0.6832,0.00197,0.006,1,IDLE,disabled,0.000,0.000,deg/s,joint_states,-0.180,0.180,0.000,0.000,0.948,-0.174,-0.253,0.341,0.666,-10.393,14.716,,pan
assignment3_kp2_t1,39.420,1791455933.349959,1136,1791455933.224800,camera_color_optical_frame,1,0.3561,0.6832,0.00197,0.022,1,IDLE,disabled,0.000,0.000,deg/s,joint_states,-0.180,0.180,0.000,0.000,0.948,-0.174,-0.253,0.340,0.666,-10.387,14.726,,pan
assignment3_kp2_t1,39.441,1791455933.372258,1137,1791455933.258161,camera_color_optical_frame,1,0.3572,0.6824,0.00206,0.015,1,IDLE,disabled,0.000,0.000,deg/s,joint_states,-0.180,0.180,0.000,0.000,0.944,-0.174,-0.250,0.343,0.661,-10.466,14.610,,pan
assignment3_kp2_t1,39.460,1791455933.390400,1138,1791455933.291522,camera_color_optical_frame,1,0.3570,0.6818,0.00201,0.007,1,IDLE,disabled,0.000,0.000,deg/s,joint_states,-0.180,0.180,0.000,0.000,0.948,-0.176,-0.250,0.345,0.657,-10.506,14.542,,pan
assignment3_kp2_t1,39.482,1791455933.412404,1138,1791455933.291522,camera_color_optical_frame,1,0.3570,0.6818,0.00201,0.029,1,IDLE,disabled,0.000,0.000,deg/s,joint_states,-0.180,0.180,0.000,0.000,0.948,-0.176,-0.250,0.345,0.657,-10.515,14.528,,pan
assignment3_kp2_t1,39.501,1791455933.430599,1139,1791455933.324882,camera_color_optical_frame,1,0.3569,0.6819,0.00203,0.010,1,IDLE,disabled,0.000,0.000,deg/s,joint_states,-0.180,0.180,0.000,0.000,0.959,-0.177,-0.254,0.343,0.661,-10.453,14.626,,pan
assignment3_kp2_t1,39.522,1791455933.452142,1139,1791455933.324882,camera_color_optical_frame,1,0.3569,0.6819,0.00203,0.031,1,IDLE,disabled,0.000,0.000,deg/s,joint_states,-0.180,0.180,0.000,0.000,0.960,-0.177,-0.255,0.343,0.661,-10.451,14.628,,pan
assignment3_kp2_t1,39.541,1791455933.470620,1140,1791455933.358243,camera_color_optical_frame,1,0.3567,0.6841,0.00204,0.009,1,IDLE,disabled,0.000,0.000,deg/s,joint_states,-0.180,0.180,0.000,0.000,0.948,-0.175,-0.254,0.343,0.668,-10.447,14.764,,pan
assignment3_kp2_t1,39.561,1791455933.492058,1140,1791455933.358243,camera_color_optical_frame,1,0.3567,0.6841,0.00204,0.030,1,IDLE,disabled,0.000,0.000,deg/s,joint_states,-0.180,0.180,0.000,0.000,0.948,-0.175,-0.254,0.342,0.669,-10.445,14.782,,pan
assignment3_kp2_t1,39.580,1791455933.510901,1141,1791455933.391603,camera_color_optical_frame,1,0.3565,0.6829,0.00200,0.013,1,IDLE,disabled,0.000,0.000,deg/s,joint_states,-0.180,0.180,0.000,0.000,0.933,-0.172,-0.249,0.342,0.664,-10.429,14.681,,pan
assignment3_kp2_t1,39.601,1791455933.531512,1141,1791455933.391603,camera_color_optical_frame,1,0.3565,0.6829,0.00200,0.034,1,IDLE,disabled,0.000,0.000,deg/s,joint_states,-0.180,0.180,0.000,0.000,0.931,-0.171,-0.248,0.342,0.664,-10.425,14.689,,pan
assignment3_kp2_t1,39.621,1791455933.551668,1142,1791455933.424964,camera_color_optical_frame,1,0.3564,0.6838,0.00197,0.014,1,IDLE,disabled,0.000,0.000,deg/s,joint_states,-0.180,0.180,0.000,0.000,0.953,-0.175,-0.253,0.342,0.662,-10.428,14.646,,pan
assignment3_kp2_t1,39.641,1791455933.570765,1142,1791455933.424964,camera_color_optical_frame,1,0.3564,0.6838,0.00197,0.034,1,IDLE,disabled,0.000,0.000,deg/s,joint_states,-0.180,0.180,0.000,0.000,0.954,-0.176,-0.253,0.342,0.662,-10.425,14.645,,pan
assignment3_kp2_t1,39.660,1791455933.590918,1143,1791455933.458324,camera_color_optical_frame,1,0.3567,0.6828,0.00202,0.014,1,IDLE,disabled,0.000,0.000,deg/s,joint_states,-0.180,0.180,0.000,0.000,0.940,-0.174,-0.249,0.343,0.662,-10.474,14.631,,pan
assignment3_kp2_t1,39.680,1791455933.609498,1143,1791455933.458324,camera_color_optical_frame,1,0.3567,0.6828,0.00202,0.034,1,IDLE,disabled,0.000,0.000,deg/s,joint_states,-0.180,0.180,0.000,0.000,0.939,-0.174,-0.249,0.344,0.662,-10.476,14.630,,pan
assignment3_kp2_t1,39.702,1791455933.632907,1144,1791455933.491685,camera_color_optical_frame,1,0.3569,0.6836,0.00202,0.018,1,IDLE,disabled,0.000,0.000,deg/s,joint_states,-0.180,0.180,0.000,0.000,0.947,-0.175,-0.252,0.344,0.663,-10.498,14.648,,pan
assignment3_kp2_t1,39.720,1791455933.650438,1145,1791455933.525046,camera_color_optical_frame,1,0.3554,0.6841,0.00194,0.003,1,IDLE,disabled,0.000,0.000,deg/s,joint_states,-0.180,0.180,0.000,0.000,0.946,-0.175,-0.252,0.344,0.663,-10.503,14.648,,pan
assignment3_kp2_t1,39.743,1791455933.672487,1145,1791455933.525046,camera_color_optical_frame,1,0.3554,0.6841,0.00194,0.025,1,IDLE,disabled,0.000,0.000,deg/s,joint_states,-0.180,0.180,0.000,0.000,0.963,-0.176,-0.257,0.339,0.666,-10.334,14.726,,pan
assignment3_kp2_t1,39.760,1791455933.692283,1146,1791455933.558406,camera_color_optical_frame,1,0.3565,0.6831,0.00201,0.012,1,IDLE,disabled,0.000,0.000,deg/s,joint_states,-0.180,0.180,0.000,0.000,0.946,-0.174,-0.251,0.342,0.661,-10.428,14.622,,pan
assignment3_kp2_t1,39.781,1791455933.710747,1146,1791455933.558406,camera_color_optical_frame,1,0.3565,0.6831,0.00201,0.033,1,IDLE,disabled,0.000,0.000,deg/s,joint_states,-0.180,0.180,0.000,0.000,0.945,-0.174,-0.251,0.342,0.661,-10.424,14.618,,pan
assignment3_kp2_t1,39.801,1791455933.735368,1147,1791455933.591767,camera_color_optical_frame,1,0.3554,0.6845,0.00195,0.018,1,IDLE,disabled,0.000,0.000,deg/s,joint_states,-0.180,0.180,0.000,0.000,0.947,-0.174,-0.252,0.342,0.665,-10.421,14.695,,pan
assignment3_kp2_t1,39.821,1791455933.752304,1148,1791455933.625128,camera_color_optical_frame,1,0.3571,0.6831,0.00206,0.004,1,IDLE,disabled,0.000,0.000,deg/s,joint_states,-0.180,0.180,0.000,0.000,0.951,-0.176,-0.253,0.345,0.662,-10.505,14.644,,pan
assignment3_kp2_t1,39.841,1791455933.773108,1148,1791455933.625128,camera_color_optical_frame,1,0.3571,0.6831,0.00206,0.025,1,IDLE,disabled,0.000,0.000,deg/s,joint_states,-0.180,0.180,0.000,0.000,0.951,-0.176,-0.253,0.345,0.662,-10.511,14.644,,pan
assignment3_kp2_t1,39.860,1791455933.791316,1149,1791455933.658488,camera_color_optical_frame,1,0.3572,0.6814,0.00203,0.010,1,IDLE,disabled,0.000,0.000,deg/s,joint_states,-0.180,0.180,0.000,0.000,0.937,-0.175,-0.246,0.347,0.654,-10.574,14.474,,pan
assignment3_kp2_t1,39.880,1791455933.809496,1149,1791455933.658488,camera_color_optical_frame,1,0.3572,0.6814,0.00203,0.030,1,IDLE,disabled,0.000,0.000,deg/s,joint_states,-0.180,0.180,0.000,0.000,0.936,-0.175,-0.245,0.347,0.653,-10.590,14.453,,pan
assignment3_kp2_t1,39.901,1791455933.833768,1150,1791455933.691849,camera_color_optical_frame,1,0.3576,0.6836,0.00210,0.018,1,IDLE,disabled,0.000,0.000,deg/s,joint_states,-0.180,0.180,0.000,0.000,0.946,-0.175,-0.252,0.345,0.664,-10.512,14.670,,pan
assignment3_kp2_t1,39.920,1791455933.849221,1151,1791455933.725210,camera_color_optical_frame,1,0.3563,0.6818,0.00200,0.003,1,IDLE,disabled,0.000,0.000,deg/s,joint_states,-0.180,0.180,0.000,0.000,0.948,-0.174,-0.252,0.341,0.662,-10.404,14.634,,pan
assignment3_kp2_t1,39.942,1791455933.874938,1151,1791455933.725210,camera_color_optical_frame,1,0.3563,0.6818,0.00200,0.026,1,IDLE,disabled,0.000,0.000,deg/s,joint_states,-0.180,0.180,0.000,0.000,0.948,-0.174,-0.252,0.341,0.662,-10.396,14.637,,pan
assignment3_kp2_t1,39.960,1791455933.891608,1152,1791455933.758570,camera_color_optical_frame,1,0.3555,0.6830,0.00194,0.008,1,IDLE,disabled,0.000,0.000,deg/s,joint_states,-0.180,0.180,0.000,0.000,0.948,-0.172,-0.251,0.338,0.661,-10.305,14.625,,pan
assignment3_kp2_t1,39.980,1791455933.910623,1152,1791455933.758570,camera_color_optical_frame,1,0.3555,0.6830,0.00194,0.028,1,IDLE,disabled,0.000,0.000,deg/s,joint_states,-0.180,0.090,0.000,0.000,0.948,-0.172,-0.251,0.337,0.665,-10.287,14.622,,pan
assignment3_kp2_t1,40.001,1791455933.932316,1153,1791455933.791931,camera_color_optical_frame,1,0.3562,0.6819,0.00195,0.016,1,IDLE,disabled,0.000,0.000,deg/s,joint_states,-0.180,0.180,0.000,0.000,0.941,-0.172,-0.249,0.340,0.659,-10.385,14.571,,pan
assignment3_kp2_t1,40.021,1791455933.950444,1154,1791455933.825292,camera_color_optical_frame,1,0.3554,0.6831,0.00191,0.002,1,IDLE,disabled,0.000,0.000,deg/s,joint_states,-0.180,0.180,0.000,0.000,0.951,-0.175,-0.253,0.341,0.662,-10.414,14.651,,pan
assignment3_kp2_t1,40.041,1791455933.973029,1154,1791455933.825292,camera_color_optical_frame,1,0.3554,0.6831,0.00191,0.022,1,IDLE,disabled,0.000,0.000,deg/s,joint_states,-0.180,0.180,0.000,0.000,0.951,-0.175,-0.253,0.341,0.663,-10.413,14.651,,pan
assignment3_kp2_t1,40.060,1791455933.989577,1155,1791455933.858653,camera_color_optical_frame,1,0.3573,0.6826,0.00209,0.004,1,IDLE,disabled,0.000,0.000,deg/s,joint_states,-0.180,0.180,0.000,0.000,0.965,-0.180,-0.257,0.346,0.663,-10.540,14.661,,pan
assignment3_kp2_t1,40.081,1791455934.013264,1155,1791455933.858653,camera_color_optical_frame,1,0.3573,0.6826,0.00209,0.025,1,IDLE,disabled,0.000,0.000,deg/s,joint_states,-0.180,0.180,0.000,0.000,0.967,-0.180,-0.258,0.346,0.663,-10.550,14.666,,pan
assignment3_kp2_t1,40.101,1791455934.030594,1156,1791455933.892013,camera_color_optical_frame,1,0.3570,0.6834,0.00206,0.009,1,IDLE,disabled,0.000,0.000,deg/s,joint_states,-0.180,0.180,0.000,0.000,0.950,-0.177,-0.248,0.346,0.651,-10.549,14.415,,pan
assignment3_kp2_t1,40.121,1791455934.050971,1156,1791455933.892013,camera_color_optical_frame,1,0.3570,0.6834,0.00206,0.029,1,IDLE,disabled,0.000,0.000,deg/s,joint_states,-0.180,0.180,0.000,0.000,0.950,-0.177,-0.248,0.346,0.650,-10.562,14.392,,pan
assignment3_kp2_t1,40.142,1791455934.072084,1157,1791455933.925374,camera_color_optical_frame,1,0.3570,0.6813,0.00206,0.016,1,IDLE,disabled,0.000,0.000,deg/s,joint_states,-0.180,0.180,0.000,0.000,0.939,-0.173,-0.248,0.342,0.658,-10.446,14.547,,pan
assignment3_kp2_t1,40.159,1791455934.089010,1157,1791455933.925374,camera_color_optical_frame,1,0.3570,0.6813,0.00206,0.033,1,IDLE,disabled,0.000,0.000,deg/s,joint_states,-0.180,0.180,0.000,0.000,0.938,-0.173,-0.247,0.342,0.657,-10.443,14.539,,pan
assignment3_kp2_t1,40.181,1791455934.112659,1158,1791455933.958735,camera_color_optical_frame,1,0.3567,0.6824,0.00204,0.020,1,IDLE,disabled,0.000,0.000,deg/s,joint_states,-0.180,0.180,0.000,0.000,0.938,-0.173,-0.251,0.343,0.668,-10.448,14.763,,pan
assignment3_kp2_t1,40.201,1791455934.131740,1159,1791455933.992096,camera_color_optical_frame,1,0.3548,0.6840,0.00188,0.006,1,IDLE,disabled,0.000,0.000,deg/s,joint_states,-0.180,0.180,0.000,0.000,0.948,-0.172,-0.254,0.337,0.669,-10.271,14.787,,pan
assignment3_kp2_t1,40.221,1791455934.151532,1159,1791455933.992096,camera_color_optical_frame,1,0.3548,0.6840,0.00188,0.026,1,IDLE,disabled,0.000,0.000,deg/s,joint_states,-0.180,0.180,0.000,0.000,0.948,-0.171,-0.255,0.336,0.670,-10.252,14.806,,pan
assignment3_kp2_t1,40.240,1791455934.169689,1160,1791455934.025457,camera_color_optical_frame,1,0.3557,0.6840,0.00195,0.009,1,IDLE,disabled,0.000,0.000,deg/s,joint_states,-0.180,0.090,0.000,0.000,0.958,-0.175,-0.256,0.340,0.671,-10.365,14.740,,pan
assignment3_kp2_t1,40.260,1791455934.189561,1160,1791455934.025457,camera_color_optical_frame,1,0.3557,0.6840,0.00195,0.029,1,IDLE,disabled,0.000,0.000,deg/s,joint_states,-0.180,0.180,0.000,0.000,0.959,-0.175,-0.257,0.339,0.667,-10.356,14.750,,pan
assignment3_kp2_t1,40.280,1791455934.211901,1161,1791455934.058817,camera_color_optical_frame,1,0.3566,0.6824,0.00203,0.016,1,IDLE,disabled,0.000,0.000,deg/s,joint_states,-0.180,0.180,0.000,0.000,0.948,-0.177,-0.250,0.347,0.658,-10.573,14.549,,pan
assignment3_kp2_t1,40.300,1791455934.230041,1162,1791455934.092178,camera_color_optical_frame,1,0.3568,0.6824,0.00205,0.003,1,IDLE,disabled,0.000,0.000,deg/s,joint_states,-0.180,0.180,0.000,0.000,0.947,-0.176,-0.250,0.345,0.658,-10.532,14.557,,pan
assignment3_kp2_t1,40.322,1791455934.254340,1162,1791455934.092178,camera_color_optical_frame,1,0.3568,0.6824,0.00205,0.025,1,IDLE,disabled,0.000,0.000,deg/s,joint_states,-0.180,0.180,0.000,0.000,0.946,-0.176,-0.250,0.346,0.658,-10.543,14.545,,pan
assignment3_kp2_t1,40.341,1791455934.271949,1163,1791455934.125540,camera_color_optical_frame,1,0.3561,0.6827,0.00199,0.008,1,IDLE,disabled,0.000,0.000,deg/s,joint_states,-0.180,0.180,0.000,0.000,0.948,-0.174,-0.252,0.341,0.663,-10.410,14.652,,pan
assignment3_kp2_t1,40.360,1791455934.290745,1163,1791455934.125540,camera_color_optical_frame,1,0.3561,0.6827,0.00199,0.027,1,IDLE,disabled,0.000,0.000,deg/s,joint_states,-0.180,0.090,0.000,0.000,0.948,-0.174,-0.252,0.341,0.667,-10.406,14.654,,pan
assignment3_kp2_t1,40.380,1791455934.312560,1164,1791455934.158900,camera_color_optical_frame,1,0.3560,0.6832,0.00195,0.012,1,IDLE,disabled,0.000,0.000,deg/s,joint_states,-0.180,0.180,0.000,0.000,0.951,-0.175,-0.250,0.341,0.656,-10.407,14.506,,pan
assignment3_kp2_t1,40.400,1791455934.330003,1164,1791455934.158900,camera_color_optical_frame,1,0.3560,0.6832,0.00195,0.032,1,IDLE,disabled,0.000,0.000,deg/s,joint_states,-0.180,0.180,0.000,0.000,0.951,-0.175,-0.250,0.341,0.655,-10.403,14.497,,pan
assignment3_kp2_t1,40.422,1791455934.354730,1165,1791455934.192255,camera_color_optical_frame,1,0.3553,0.6830,0.00192,0.018,1,IDLE,disabled,0.000,0.000,deg/s,joint_states,-0.180,0.180,0.000,0.000,0.948,-0.173,-0.252,0.340,0.663,-10.366,14.656,,pan
assignment3_kp2_t1,40.440,1791455934.372076,1166,1791455934.225610,camera_color_optical_frame,1,0.3559,0.6824,0.00193,0.006,1,IDLE,disabled,0.000,0.000,deg/s,joint_states,-0.180,0.180,0.000,0.000,0.939,-0.173,-0.251,0.342,0.667,-10.430,14.735,,pan
assignment3_kp2_t1,40.462,1791455934.392169,1166,1791455934.225610,camera_color_optical_frame,1,0.3559,0.6824,0.00193,0.028,1,IDLE,disabled,0.000,0.000,deg/s,joint_states,-0.180,0.180,0.000,0.000,0.938,-0.173,-0.251,0.342,0.667,-10.429,14.751,,pan
assignment3_kp2_t1,40.480,1791455934.411552,1167,1791455934.258965,camera_color_optical_frame,1,0.3573,0.6833,0.00205,0.010,1,IDLE,disabled,0.000,0.000,deg/s,joint_states,-0.180,0.180,0.000,0.000,0.954,-0.179,-0.253,0.348,0.660,-10.597,14.585,,pan
assignment3_kp2_t1,40.500,1791455934.430178,1167,1791455934.258965,camera_color_optical_frame,1,0.3573,0.6833,0.00205,0.030,1,IDLE,disabled,0.000,0.000,deg/s,joint_states,-0.180,0.180,0.000,0.000,0.955,-0.179,-0.253,0.348,0.660,-10.613,14.580,,pan
assignment3_kp2_t1,40.521,1791455934.453673,1168,1791455934.292320,camera_color_optical_frame,1,0.3572,0.6840,0.00208,0.018,1,IDLE,disabled,0.000,0.000,deg/s,joint_states,-0.180,0.180,0.000,0.000,0.956,-0.178,-0.255,0.347,0.666,-10.568,14.714,,pan
assignment3_kp2_t1,40.542,1791455934.474174,1169,1791455934.325675,camera_color_optical_frame,1,0.3572,0.6833,0.00208,0.003,1,IDLE,disabled,0.000,0.000,deg/s,joint_states,-0.180,0.180,0.000,0.000,0.957,-0.179,-0.256,0.347,0.666,-10.581,14.722,,pan
assignment3_kp2_t1,40.560,1791455934.490495,1169,1791455934.325675,camera_color_optical_frame,1,0.3572,0.6833,0.00208,0.021,1,IDLE,disabled,0.000,0.000,deg/s,joint_states,-0.180,0.180,0.000,0.000,0.936,-0.173,-0.250,0.343,0.665,-10.468,14.701,,pan
assignment3_kp2_t1,40.580,1791455934.511495,1170,1791455934.359030,camera_color_optical_frame,1,0.3568,0.6813,0.00205,0.014,1,IDLE,disabled,0.000,0.000,deg/s,joint_states,-0.180,0.180,0.000,0.000,0.949,-0.175,-0.249,0.342,0.655,-10.435,14.494,,pan
assignment3_kp2_t1,40.600,1791455934.529767,1171,1791455934.392385,camera_color_optical_frame,1,0.3569,0.6820,0.00202,0.002,1,IDLE,disabled,0.000,0.000,deg/s,joint_states,-0.180,0.180,0.000,0.000,0.949,-0.175,-0.249,0.342,0.654,-10.431,14.480,,pan
assignment3_kp2_t1,40.622,1791455934.553472,1171,1791455934.392385,camera_color_optical_frame,1,0.3569,0.6820,0.00202,0.024,1,IDLE,disabled,0.000,0.000,deg/s,joint_states,-0.180,0.180,0.000,0.000,0.956,-0.176,-0.252,0.342,0.658,-10.443,14.559,,pan
assignment3_kp2_t1,40.641,1791455934.572132,1172,1791455934.425740,camera_color_optical_frame,1,0.3568,0.6819,0.00203,0.009,1,IDLE,disabled,0.000,0.000,deg/s,joint_states,-0.180,0.180,0.000,0.000,0.946,-0.174,-0.251,0.343,0.662,-10.456,14.649,,pan
assignment3_kp2_t1,40.661,1791455934.590932,1172,1791455934.425740,camera_color_optical_frame,1,0.3568,0.6819,0.00203,0.028,1,IDLE,disabled,0.000,0.000,deg/s,joint_states,-0.180,0.180,0.000,0.000,0.945,-0.174,-0.251,0.343,0.663,-10.456,14.653,,pan
assignment3_kp2_t1,40.680,1791455934.611349,1173,1791455934.459094,camera_color_optical_frame,1,0.3569,0.6842,0.00205,0.012,1,IDLE,disabled,0.000,0.000,deg/s,joint_states,-0.180,0.180,0.000,0.000,0.939,-0.173,-0.251,0.343,0.668,-10.466,14.761,,pan
assignment3_kp2_t1,40.700,1791455934.629051,1174,1791455934.492449,camera_color_optical_frame,1,0.3559,0.6821,0.00200,0.002,1,IDLE,disabled,0.000,0.000,deg/s,joint_states,-0.180,0.180,0.000,0.000,0.938,-0.173,-0.252,0.343,0.668,-10.467,14.773,,pan
assignment3_kp2_t1,40.722,1791455934.654672,1174,1791455934.492449,camera_color_optical_frame,1,0.3559,0.6821,0.00200,0.024,1,IDLE,disabled,0.000,0.000,deg/s,joint_states,-0.180,0.180,0.000,0.000,0.954,-0.175,-0.253,0.340,0.662,-10.381,14.634,,pan
assignment3_kp2_t1,40.741,1791455934.670894,1175,1791455934.525804,camera_color_optical_frame,1,0.3563,0.6822,0.00202,0.007,1,IDLE,disabled,0.000,0.000,deg/s,joint_states,-0.180,0.180,0.000,0.000,0.945,-0.174,-0.249,0.341,0.657,-10.413,14.535,,pan
assignment3_kp2_t1,40.761,1791455934.690899,1175,1791455934.525804,camera_color_optical_frame,1,0.3563,0.6822,0.00202,0.027,1,IDLE,disabled,0.000,0.000,deg/s,joint_states,-0.180,0.180,0.000,0.000,0.945,-0.174,-0.249,0.341,0.656,-10.409,14.522,,pan
assignment3_kp2_t1,40.779,1791455934.710105,1176,1791455934.559159,camera_color_optical_frame,1,0.3561,0.6821,0.00198,0.003,1,IDLE,disabled,0.000,0.000,deg/s,joint_states,-0.180,0.180,0.000,0.000,0.959,-0.177,-0.255,0.343,0.661,-10.456,14.622,,pan
assignment3_kp2_t1,40.800,1791455934.731390,1177,1791455934.659223,camera_color_optical_frame,1,0.3571,0.6830,0.00205,0.013,0,IDLE,disabled,0.000,0.000,deg/s,joint_states,-0.180,0.180,0.000,0.000,0.599,-0.115,-0.164,0.357,0.683,-10.873,15.059,,pan
assignment3_kp2_t1,40.820,1791455934.751340,1177,1791455934.659223,camera_color_optical_frame,1,0.3571,0.6830,0.00205,0.032,0,IDLE,disabled,0.000,0.000,deg/s,joint_states,-0.180,0.180,0.000,0.000,0.599,-0.115,-0.164,0.357,0.683,-10.873,15.059,,pan
assignment3_kp2_t1,40.842,1791455934.772559,1177,1791455934.659223,camera_color_optical_frame,1,0.3571,0.6830,0.00205,0.054,0,IDLE,disabled,0.000,0.000,deg/s,joint_states,-0.180,0.180,0.000,0.000,0.599,-0.115,-0.164,0.357,0.683,-10.873,15.059,,pan
assignment3_kp2_t1,40.860,1791455934.790205,1178,1791455934.692578,camera_color_optical_frame,1,0.3574,0.6839,0.00209,0.013,1,IDLE,disabled,0.000,0.000,deg/s,joint_states,-0.180,0.180,0.000,0.000,0.950,-0.176,-0.253,0.344,0.663,-10.479,14.659,,pan
assignment3_kp2_t1,40.881,1791455934.810665,1178,1791455934.692578,camera_color_optical_frame,1,0.3574,0.6839,0.00209,0.034,1,IDLE,disabled,0.000,0.000,deg/s,joint_states,-0.180,0.180,0.000,0.000,0.950,-0.176,-0.253,0.344,0.663,-10.479,14.659,,pan
assignment3_kp2_t1,40.900,1791455934.832384,1179,1791455934.725933,camera_color_optical_frame,1,0.3568,0.6830,0.00204,0.016,1,IDLE,disabled,0.000,0.000,deg/s,joint_states,-0.180,0.180,0.000,0.000,0.994,-0.183,-0.263,0.342,0.660,-10.428,14.604,,pan
assignment3_kp2_t1,40.920,1791455934.850132,1180,1791455934.759288,camera_color_optical_frame,1,0.3560,0.6839,0.00197,0.002,1,IDLE,disabled,0.000,0.000,deg/s,joint_states,-0.180,0.180,0.000,0.000,1.003,-0.185,-0.266,0.342,0.660,-10.421,14.598,,pan
assignment3_kp2_t1,40.946,1791455934.876190,1180,1791455934.759288,camera_color_optical_frame,1,0.3560,0.6839,0.00197,0.028,1,IDLE,disabled,0.000,0.000,deg/s,joint_states,-0.180,0.180,0.000,0.000,0.950,-0.174,-0.253,0.340,0.663,-10.371,14.664,,pan
assignment3_kp2_t1,40.961,1791455934.891646,1181,1791455934.792643,camera_color_optical_frame,1,0.3574,0.6836,0.00208,0.009,1,IDLE,disabled,0.000,0.000,deg/s,joint_states,-0.180,0.180,0.000,0.000,0.947,-0.176,-0.252,0.344,0.664,-10.502,14.672,,pan
assignment3_kp2_t1,40.981,1791455934.910797,1181,1791455934.792643,camera_color_optical_frame,1,0.3574,0.6836,0.00208,0.028,1,IDLE,disabled,0.000,0.000,deg/s,joint_states,-0.180,0.180,0.000,0.000,0.947,-0.176,-0.252,0.345,0.664,-10.506,14.675,,pan
assignment3_kp2_t1,41.005,1791455934.938782,1182,1791455934.825997,camera_color_optical_frame,1,0.3565,0.6833,0.00201,0.019,1,IDLE,disabled,0.000,0.000,deg/s,joint_states,-0.180,0.180,0.000,0.000,0.950,-0.176,-0.252,0.344,0.661,-10.476,14.628,,pan
assignment3_kp2_t1,41.023,1791455934.954758,1183,1791455934.859352,camera_color_optical_frame,1,0.3565,0.6821,0.00201,0.006,1,IDLE,disabled,0.000,0.000,deg/s,joint_states,-0.180,0.180,0.000,0.000,0.955,-0.176,-0.253,0.342,0.659,-10.417,14.581,,pan
assignment3_kp2_t1,41.043,1791455934.974260,1183,1791455934.859352,camera_color_optical_frame,1,0.3565,0.6821,0.00201,0.025,1,IDLE,disabled,0.000,0.000,deg/s,joint_states,-0.180,0.180,0.000,0.000,0.956,-0.176,-0.253,0.341,0.659,-10.410,14.572,,pan
assignment3_kp2_t1,41.060,1791455934.990293,1184,1791455934.892707,camera_color_optical_frame,1,0.3561,0.6838,0.00196,0.010,1,IDLE,disabled,0.000,0.000,deg/s,joint_states,-0.180,0.180,0.000,0.000,0.947,-0.174,-0.252,0.342,0.664,-10.423,14.676,,pan
assignment3_kp2_t1,41.080,1791455935.009614,1184,1791455934.892707,camera_color_optical_frame,1,0.3561,0.6838,0.00196,0.030,1,IDLE,disabled,0.000,0.000,deg/s,joint_states,-0.180,0.180,0.000,0.000,0.947,-0.174,-0.252,0.342,0.664,-10.419,14.679,,pan
assignment3_kp2_t1,41.103,1791455935.037880,1185,1791455934.926062,camera_color_optical_frame,1,0.3571,0.6832,0.00206,0.019,1,IDLE,disabled,0.000,0.000,deg/s,joint_states,-0.180,0.180,0.000,0.000,0.932,-0.173,-0.248,0.344,0.664,-10.495,14.681,,pan
assignment3_kp2_t1,41.120,1791455935.049748,1186,1791455934.959417,camera_color_optical_frame,1,0.3569,0.6833,0.00206,0.005,1,IDLE,disabled,0.000,0.000,deg/s,joint_states,-0.180,0.180,0.000,0.000,0.948,-0.176,-0.252,0.344,0.662,-10.497,14.632,,pan
assignment3_kp2_t1,41.143,1791455935.073536,1186,1791455934.959417,camera_color_optical_frame,1,0.3569,0.6833,0.00206,0.028,1,IDLE,disabled,0.000,0.000,deg/s,joint_states,-0.180,0.180,0.000,0.000,0.947,-0.176,-0.251,0.345,0.662,-10.506,14.628,,pan
assignment3_kp2_t1,41.161,1791455935.089931,1187,1791455934.992771,camera_color_optical_frame,1,0.3566,0.6847,0.00202,0.007,1,IDLE,disabled,0.000,0.000,deg/s,joint_states,-0.180,0.180,0.000,0.000,0.965,-0.178,-0.258,0.342,0.666,-10.435,14.722,,pan
assignment3_kp2_t1,41.181,1791455935.110262,1187,1791455934.992771,camera_color_optical_frame,1,0.3566,0.6847,0.00202,0.027,1,IDLE,disabled,0.000,0.000,deg/s,joint_states,-0.180,0.180,0.000,0.000,0.967,-0.178,-0.259,0.342,0.666,-10.431,14.731,,pan
assignment3_kp2_t1,41.208,1791455935.139328,1188,1791455935.026126,camera_color_optical_frame,1,0.3564,0.6839,0.00200,0.024,1,IDLE,disabled,0.000,0.000,deg/s,joint_states,-0.180,0.180,0.000,0.000,0.949,-0.175,-0.253,0.342,0.664,-10.422,14.682,,pan
assignment3_kp2_t1,41.223,1791455935.153699,1189,1791455935.059481,camera_color_optical_frame,1,0.3560,0.6821,0.00197,0.005,1,IDLE,disabled,0.000,0.000,deg/s,joint_states,-0.180,0.180,0.000,0.000,0.947,-0.174,-0.250,0.341,0.658,-10.413,14.550,,pan
assignment3_kp2_t1,41.244,1791455935.174160,1189,1791455935.059481,camera_color_optical_frame,1,0.3560,0.6821,0.00197,0.027,1,IDLE,disabled,0.000,0.000,deg/s,joint_states,-0.180,0.180,0.000,0.000,0.946,-0.174,-0.249,0.341,0.657,-10.407,14.533,,pan
assignment3_kp2_t1,41.260,1791455935.190941,1190,1791455935.092835,camera_color_optical_frame,1,0.3565,0.6840,0.00201,0.010,1,IDLE,disabled,0.000,0.000,deg/s,joint_states,-0.180,0.180,0.000,0.000,0.940,-0.173,-0.250,0.343,0.662,-10.450,14.648,,pan
assignment3_kp2_t1,41.281,1791455935.210320,1190,1791455935.092835,camera_color_optical_frame,1,0.3565,0.6840,0.00201,0.031,1,IDLE,disabled,0.000,0.000,deg/s,joint_states,-0.180,0.180,0.000,0.000,0.939,-0.173,-0.249,0.343,0.662,-10.450,14.644,,pan
assignment3_kp2_t1,41.307,1791455935.239963,1191,1791455935.126190,camera_color_optical_frame,1,0.3560,0.6849,0.00197,0.024,1,IDLE,disabled,0.000,0.000,deg/s,joint_states,-0.180,0.180,0.000,0.000,0.944,-0.174,-0.253,0.342,0.669,-10.442,14.780,,pan
assignment3_kp2_t1,41.320,1791455935.251242,1192,1791455935.159545,camera_color_optical_frame,1,0.3565,0.6823,0.00200,0.005,1,IDLE,disabled,0.000,0.000,deg/s,joint_states,-0.180,0.180,0.000,0.000,0.946,-0.175,-0.250,0.343,0.659,-10.456,14.580,,pan
assignment3_kp2_t1,41.345,1791455935.275085,1192,1791455935.159545,camera_color_optical_frame,1,0.3565,0.6823,0.00200,0.029,1,IDLE,disabled,0.000,0.000,deg/s,joint_states,-0.180,0.180,0.000,0.000,0.946,-0.175,-0.250,0.343,0.659,-10.457,14.567,,pan
assignment3_kp2_t1,41.360,1791455935.289684,1193,1791455935.192903,camera_color_optical_frame,1,0.3567,0.6833,0.00201,0.011,1,IDLE,disabled,0.000,0.000,deg/s,joint_states,-0.180,0.180,0.000,0.000,0.936,-0.173,-0.248,0.344,0.660,-10.486,14.597,,pan
assignment3_kp2_t1,41.380,1791455935.310051,1193,1791455935.192903,camera_color_optical_frame,1,0.3567,0.6833,0.00201,0.032,1,IDLE,disabled,0.000,0.000,deg/s,joint_states,-0.180,0.180,0.000,0.000,0.934,-0.173,-0.247,0.344,0.660,-10.492,14.586,,pan
assignment3_kp2_t1,41.400,1791455935.337692,1194,1791455935.226260,camera_color_optical_frame,1,0.3550,0.6832,0.00192,0.015,1,IDLE,disabled,0.000,0.000,deg/s,joint_states,-0.180,0.180,0.000,0.000,0.956,-0.174,-0.255,0.339,0.664,-10.337,14.679,,pan
assignment3_kp2_t1,41.422,1791455935.354436,1194,1791455935.226260,camera_color_optical_frame,1,0.3550,0.6832,0.00192,0.038,1,IDLE,disabled,0.000,0.000,deg/s,joint_states,-0.180,0.180,0.000,0.000,0.957,-0.174,-0.255,0.338,0.664,-10.322,14.686,,pan
assignment3_kp2_t1,41.444,1791455935.373409,1195,1791455935.259619,camera_color_optical_frame,1,0.3568,0.6833,0.00205,0.016,1,IDLE,disabled,0.000,0.000,deg/s,joint_states,-0.180,0.180,0.000,0.000,0.961,-0.177,-0.256,0.343,0.663,-10.468,14.669,,pan
assignment3_kp2_t1,41.461,1791455935.390116,1196,1791455935.292979,camera_color_optical_frame,1,0.3563,0.6825,0.00198,0.006,1,IDLE,disabled,0.000,0.000,deg/s,joint_states,-0.180,0.180,0.000,0.000,0.950,-0.176,-0.252,0.344,0.661,-10.503,14.608,,pan
assignment3_kp2_t1,41.481,1791455935.410547,1196,1791455935.292979,camera_color_optical_frame,1,0.3563,0.6825,0.00198,0.026,1,IDLE,disabled,0.000,0.000,deg/s,joint_states,-0.180,0.180,0.000,0.000,0.950,-0.176,-0.252,0.345,0.660,-10.515,14.604,,pan
assignment3_kp2_t1,41.508,1791455935.439513,1197,1791455935.326339,camera_color_optical_frame,1,0.3568,0.6830,0.00202,0.023,1,IDLE,disabled,0.000,0.000,deg/s,joint_states,-0.180,0.180,0.000,0.000,0.942,-0.174,-0.250,0.343,0.662,-10.465,14.632,,pan
assignment3_kp2_t1,41.521,1791455935.450769,1198,1791455935.359699,camera_color_optical_frame,1,0.3553,0.6841,0.00192,0.003,1,IDLE,disabled,0.000,0.000,deg/s,joint_states,-0.180,0.180,0.000,0.000,0.941,-0.174,-0.250,0.343,0.662,-10.466,14.631,,pan
assignment3_kp2_t1,41.543,1791455935.473923,1198,1791455935.359699,camera_color_optical_frame,1,0.3553,0.6841,0.00192,0.024,1,IDLE,disabled,0.000,0.000,deg/s,joint_states,-0.180,0.180,0.000,0.000,0.947,-0.173,-0.253,0.340,0.666,-10.371,14.723,,pan
assignment3_kp2_t1,41.561,1791455935.491670,1199,1791455935.393059,camera_color_optical_frame,1,0.3563,0.6824,0.00199,0.007,1,IDLE,disabled,0.000,0.000,deg/s,joint_states,-0.180,0.180,0.000,0.000,0.949,-0.175,-0.251,0.342,0.661,-10.423,14.613,,pan
assignment3_kp2_t1,41.582,1791455935.511524,1199,1791455935.393059,camera_color_optical_frame,1,0.3563,0.6824,0.00199,0.028,1,IDLE,disabled,0.000,0.000,deg/s,joint_states,-0.180,0.180,0.000,0.000,0.949,-0.174,-0.251,0.342,0.661,-10.418,14.610,,pan
assignment3_kp2_t1,41.601,1791455935.535334,1200,1791455935.426419,camera_color_optical_frame,1,0.3559,0.6824,0.00198,0.014,1,IDLE,disabled,0.000,0.000,deg/s,joint_states,-0.180,0.180,0.000,0.000,0.949,-0.175,-0.251,0.343,0.659,-10.458,14.572,,pan
assignment3_kp2_t1,41.620,1791455935.549252,1200,1791455935.426419,camera_color_optical_frame,1,0.3559,0.6824,0.00198,0.032,1,IDLE,disabled,0.000,0.000,deg/s,joint_states,-0.180,0.180,0.000,0.000,0.949,-0.175,-0.251,0.343,0.658,-10.462,14.562,,pan
assignment3_kp2_t1,41.641,1791455935.574631,1201,1791455935.459778,camera_color_optical_frame,1,0.3571,0.6830,0.00208,0.019,1,IDLE,disabled,0.000,0.000,deg/s,joint_states,-0.180,0.180,0.000,0.000,0.951,-0.177,-0.253,0.345,0.663,-10.512,14.656,,pan
assignment3_kp2_t1,41.661,1791455935.590180,1202,1791455935.493138,camera_color_optical_frame,1,0.3559,0.6842,0.00198,0.003,1,IDLE,disabled,0.000,0.000,deg/s,joint_states,-0.180,0.090,0.000,0.000,0.956,-0.176,-0.255,0.342,0.670,-10.437,14.722,,pan
assignment3_kp2_t1,41.682,1791455935.613290,1202,1791455935.493138,camera_color_optical_frame,1,0.3559,0.6842,0.00198,0.024,1,IDLE,disabled,0.000,0.000,deg/s,joint_states,-0.180,0.180,0.000,0.000,0.957,-0.176,-0.256,0.342,0.667,-10.438,14.734,,pan
assignment3_kp2_t1,41.703,1791455935.633717,1203,1791455935.526498,camera_color_optical_frame,1,0.3566,0.6826,0.00204,0.008,1,IDLE,disabled,0.000,0.000,deg/s,joint_states,-0.180,0.180,0.000,0.000,0.945,-0.174,-0.251,0.342,0.661,-10.434,14.624,,pan
assignment3_kp2_t1,41.721,1791455935.651453,1203,1791455935.526498,camera_color_optical_frame,1,0.3566,0.6826,0.00204,0.026,1,IDLE,disabled,0.000,0.000,deg/s,joint_states,-0.180,0.180,0.000,0.000,0.944,-0.174,-0.250,0.342,0.661,-10.430,14.622,,pan
assignment3_kp2_t1,41.740,1791455935.670141,1204,1791455935.559858,camera_color_optical_frame,1,0.3562,0.6823,0.00199,0.008,1,IDLE,disabled,0.000,0.000,deg/s,joint_states,-0.180,0.180,0.000,0.000,0.947,-0.175,-0.249,0.343,0.655,-10.453,14.488,,pan
assignment3_kp2_t1,41.760,1791455935.689783,1204,1791455935.559858,camera_color_optical_frame,1,0.3562,0.6823,0.00199,0.028,1,IDLE,disabled,0.000,0.000,deg/s,joint_states,-0.180,0.180,0.000,0.000,0.946,-0.175,-0.248,0.343,0.654,-10.455,14.468,,pan
assignment3_kp2_t1,41.781,1791455935.710778,1205,1791455935.593218,camera_color_optical_frame,1,0.3567,0.6839,0.00202,0.016,1,IDLE,disabled,0.000,0.000,deg/s,joint_states,-0.180,0.180,0.000,0.000,0.934,-0.172,-0.249,0.343,0.665,-10.462,14.699,,pan
assignment3_kp2_t1,41.800,1791455935.729429,1206,1791455935.626578,camera_color_optical_frame,1,0.3558,0.6838,0.00196,0.002,1,IDLE,disabled,0.000,0.000,deg/s,joint_states,-0.180,0.180,0.000,0.000,0.933,-0.172,-0.249,0.343,0.665,-10.462,14.706,,pan
assignment3_kp2_t1,41.821,1791455935.755067,1206,1791455935.626578,camera_color_optical_frame,1,0.3558,0.6838,0.00196,0.023,1,IDLE,disabled,0.000,0.000,deg/s,joint_states,-0.180,0.180,0.000,0.000,0.949,-0.174,-0.255,0.341,0.668,-10.411,14.771,,pan
assignment3_kp2_t1,41.843,1791455935.772354,1207,1791455935.659938,camera_color_optical_frame,1,0.3559,0.6818,0.00198,0.009,1,IDLE,disabled,0.000,0.000,deg/s,joint_states,-0.180,0.090,0.000,0.000,0.967,-0.177,-0.255,0.341,0.662,-10.395,14.553,,pan
assignment3_kp2_t1,41.860,1791455935.789475,1207,1791455935.659938,camera_color_optical_frame,1,0.3559,0.6818,0.00198,0.026,1,IDLE,disabled,0.000,0.000,deg/s,joint_states,-0.180,0.180,0.000,0.000,0.969,-0.178,-0.256,0.341,0.657,-10.389,14.544,,pan
assignment3_kp2_t1,41.880,1791455935.809769,1208,1791455935.693298,camera_color_optical_frame,1,0.3562,0.6841,0.00200,0.017,1,IDLE,disabled,0.000,0.000,deg/s,joint_states,-0.180,0.180,0.000,0.000,0.944,-0.174,-0.251,0.343,0.664,-10.464,14.677,,pan
assignment3_kp2_t1,41.900,1791455935.832888,1209,1791455935.726658,camera_color_optical_frame,1,0.3564,0.6843,0.00200,0.017,0,IDLE,disabled,0.000,0.000,deg/s,joint_states,-0.180,0.090,0.000,0.000,0.550,-0.106,-0.152,0.360,0.694,-10.953,15.197,,pan
assignment3_kp2_t1,41.922,1791455935.851134,1210,1791455935.760018,camera_color_optical_frame,1,0.3566,0.6837,0.00204,0.004,1,IDLE,disabled,0.000,0.000,deg/s,joint_states,-0.180,0.180,0.000,0.000,0.944,-0.174,-0.248,0.343,0.655,-10.466,14.501,,pan
assignment3_kp2_t1,41.940,1791455935.870364,1210,1791455935.760018,camera_color_optical_frame,1,0.3566,0.6837,0.00204,0.022,1,IDLE,disabled,0.000,0.000,deg/s,joint_states,-0.180,0.180,0.000,0.000,0.943,-0.174,-0.248,0.343,0.655,-10.469,14.482,,pan
assignment3_kp2_t1,41.960,1791455935.889584,1211,1791455935.793378,camera_color_optical_frame,1,0.3566,0.6829,0.00203,0.009,1,IDLE,disabled,0.000,0.000,deg/s,joint_states,-0.180,0.180,0.000,0.000,0.993,-0.183,-0.263,0.342,0.660,-10.423,14.605,,pan
assignment3_kp2_t1,41.980,1791455935.909011,1212,1791455935.826737,camera_color_optical_frame,1,0.3574,0.6826,0.00206,0.012,0,IDLE,disabled,0.000,0.000,deg/s,joint_states,-0.180,0.180,0.000,0.000,0.560,-0.109,-0.154,0.360,0.685,-10.961,15.096,,pan
assignment3_kp2_t1,42.000,1791455935.932269,1212,1791455935.826737,camera_color_optical_frame,1,0.3574,0.6826,0.00206,0.033,0,IDLE,disabled,0.000,0.000,deg/s,joint_states,-0.180,0.180,0.000,0.000,0.550,-0.107,-0.151,0.361,0.686,-10.983,15.118,,pan
assignment3_kp2_t1,42.020,1791455935.949659,1213,1791455935.860098,camera_color_optical_frame,1,0.3573,0.6837,0.00206,0.005,1,IDLE,disabled,0.000,0.000,deg/s,joint_states,-0.180,0.180,0.000,0.000,0.952,-0.177,-0.254,0.344,0.664,-10.504,14.676,,pan
assignment3_kp2_t1,42.040,1791455935.970154,1213,1791455935.860098,camera_color_optical_frame,1,0.3573,0.6837,0.00206,0.025,1,IDLE,disabled,0.000,0.000,deg/s,joint_states,-0.180,0.180,0.000,0.000,0.953,-0.177,-0.254,0.345,0.664,-10.510,14.680,,pan
assignment3_kp2_t1,42.061,1791455935.990226,1215,1791455935.926817,camera_color_optical_frame,1,0.3567,0.6816,0.00199,0.001,1,IDLE,disabled,0.000,0.000,deg/s,joint_states,-0.180,0.180,0.000,0.000,0.991,-0.182,-0.263,0.341,0.662,-10.394,14.643,,pan
assignment3_kp2_t1,42.080,1791455936.008952,1215,1791455935.926817,camera_color_optical_frame,1,0.3567,0.6816,0.00199,0.020,0,IDLE,disabled,0.000,0.000,deg/s,joint_states,-0.180,0.180,0.000,0.000,0.560,-0.108,-0.154,0.359,0.685,-10.933,15.100,,pan
assignment3_kp2_t1,42.102,1791455936.034948,1215,1791455935.926817,camera_color_optical_frame,1,0.3567,0.6816,0.00199,0.043,0,IDLE,disabled,0.000,0.000,deg/s,joint_states,-0.180,0.180,0.000,0.000,0.550,-0.106,-0.151,0.360,0.686,-10.955,15.121,,pan
assignment3_kp2_t1,42.120,1791455936.049057,1216,1791455935.960177,camera_color_optical_frame,1,0.3564,0.6833,0.00202,0.007,1,IDLE,disabled,0.000,0.000,deg/s,joint_states,-0.180,0.180,0.000,0.000,0.950,-0.176,-0.252,0.344,0.661,-10.477,14.618,,pan
assignment3_kp2_t1,42.141,1791455936.073704,1216,1791455935.960177,camera_color_optical_frame,1,0.3564,0.6833,0.00202,0.029,1,IDLE,disabled,0.000,0.000,deg/s,joint_states,-0.180,0.180,0.000,0.000,0.951,-0.176,-0.252,0.344,0.661,-10.484,14.610,,pan
assignment3_kp2_t1,42.163,1791455936.093542,1217,1791455935.993537,camera_color_optical_frame,1,0.3562,0.6837,0.00198,0.008,1,IDLE,disabled,0.000,0.000,deg/s,joint_states,-0.180,0.180,0.000,0.000,0.991,-0.182,-0.263,0.341,0.661,-10.411,14.627,,pan
assignment3_kp2_t1,42.180,1791455936.110417,1217,1791455935.993537,camera_color_optical_frame,1,0.3562,0.6837,0.00198,0.025,1,IDLE,disabled,0.000,0.000,deg/s,joint_states,-0.180,0.180,0.000,0.000,1.000,-0.184,-0.265,0.341,0.661,-10.405,14.622,,pan
assignment3_kp2_t1,42.200,1791455936.133607,1218,1791455936.026897,camera_color_optical_frame,1,0.3565,0.6820,0.00199,0.011,1,IDLE,disabled,0.000,0.000,deg/s,joint_states,-0.180,0.180,0.000,0.000,0.943,-0.174,-0.249,0.343,0.659,-10.458,14.581,,pan
assignment3_kp2_t1,42.221,1791455936.150765,1219,1791455936.060258,camera_color_optical_frame,1,0.3558,0.6818,0.00198,0.003,1,IDLE,disabled,0.000,0.000,deg/s,joint_states,-0.180,0.180,0.000,0.000,0.952,-0.175,-0.251,0.341,0.658,-10.416,14.562,,pan
assignment3_kp2_t1,42.242,1791455936.176490,1219,1791455936.060258,camera_color_optical_frame,1,0.3558,0.6818,0.00198,0.025,1,IDLE,disabled,0.000,0.000,deg/s,joint_states,-0.180,0.180,0.000,0.000,0.953,-0.175,-0.251,0.341,0.658,-10.412,14.549,,pan
assignment3_kp2_t1,42.261,1791455936.191376,1220,1791455936.093618,camera_color_optical_frame,1,0.3571,0.6853,0.00205,0.007,1,IDLE,disabled,0.000,0.000,deg/s,joint_states,-0.180,0.180,0.000,0.000,0.946,-0.175,-0.254,0.344,0.669,-10.494,14.788,,pan
assignment3_kp2_t1,42.281,1791455936.211172,1220,1791455936.093618,camera_color_optical_frame,1,0.3571,0.6853,0.00205,0.028,1,IDLE,disabled,0.000,0.000,deg/s,joint_states,-0.180,0.180,0.000,0.000,0.946,-0.175,-0.254,0.344,0.670,-10.499,14.809,,pan
assignment3_kp2_t1,42.302,1791455936.235307,1221,1791455936.126978,camera_color_optical_frame,1,0.3558,0.6847,0.00194,0.009,1,IDLE,disabled,0.000,0.000,deg/s,joint_states,-0.180,0.180,0.000,0.000,0.943,-0.174,-0.253,0.342,0.668,-10.434,14.772,,pan
assignment3_kp2_t1,42.320,1791455936.250122,1221,1791455936.126978,camera_color_optical_frame,1,0.3558,0.6847,0.00194,0.027,1,IDLE,disabled,0.000,0.000,deg/s,joint_states,-0.180,0.180,0.000,0.000,0.942,-0.173,-0.253,0.342,0.669,-10.434,14.789,,pan
assignment3_kp2_t1,42.341,1791455936.275038,1222,1791455936.160338,camera_color_optical_frame,1,0.3575,0.6840,0.00210,0.017,1,IDLE,disabled,0.000,0.000,deg/s,joint_states,-0.180,0.180,0.000,0.000,0.956,-0.177,-0.254,0.344,0.661,-10.504,14.617,,pan
assignment3_kp2_t1,42.360,1791455936.291455,1223,1791455936.193698,camera_color_optical_frame,1,0.3553,0.6846,0.00191,0.010,1,IDLE,disabled,0.000,0.000,deg/s,joint_states,-0.180,0.090,0.000,0.000,0.951,-0.174,-0.253,0.341,0.668,-10.398,14.674,,pan
assignment3_kp2_t1,42.381,1791455936.312373,1223,1791455936.193698,camera_color_optical_frame,1,0.3553,0.6846,0.00191,0.031,1,IDLE,disabled,0.000,0.000,deg/s,joint_states,-0.180,0.180,0.000,0.000,0.951,-0.174,-0.253,0.341,0.663,-10.393,14.673,,pan
assignment3_kp2_t1,42.400,1791455936.329963,1224,1791455936.227058,camera_color_optical_frame,1,0.3565,0.6828,0.00200,0.013,1,IDLE,disabled,0.000,0.000,deg/s,joint_states,-0.180,0.180,0.000,0.000,0.940,-0.173,-0.249,0.341,0.660,-10.407,14.599,,pan
assignment3_kp2_t1,42.420,1791455936.349794,1224,1791455936.227058,camera_color_optical_frame,1,0.3565,0.6828,0.00200,0.033,1,IDLE,disabled,0.000,0.000,deg/s,joint_states,-0.180,0.180,0.000,0.000,0.938,-0.172,-0.248,0.341,0.660,-10.398,14.591,,pan
assignment3_kp2_t1,42.440,1791455936.373105,1225,1791455936.260419,camera_color_optical_frame,1,0.3575,0.6834,0.00210,0.016,1,IDLE,disabled,0.000,0.000,deg/s,joint_states,-0.180,0.180,0.000,0.000,0.943,-0.176,-0.248,0.347,0.657,-10.581,14.525,,pan
assignment3_kp2_t1,42.460,1791455936.389337,1226,1791455936.293779,camera_color_optical_frame,1,0.3562,0.6853,0.00198,0.002,1,IDLE,disabled,0.000,0.000,deg/s,joint_states,-0.180,0.090,0.000,0.000,0.942,-0.176,-0.248,0.348,0.660,-10.599,14.508,,pan
assignment3_kp2_t1,42.481,1791455936.413271,1226,1791455936.293779,camera_color_optical_frame,1,0.3562,0.6853,0.00198,0.023,1,IDLE,disabled,0.000,0.000,deg/s,joint_states,-0.180,0.180,0.000,0.000,0.957,-0.176,-0.257,0.342,0.669,-10.428,14.784,,pan
assignment3_kp2_t1,42.500,1791455936.429583,1227,1791455936.327140,camera_color_optical_frame,1,0.3562,0.6846,0.00198,0.005,1,IDLE,disabled,0.000,0.000,deg/s,joint_states,-0.180,0.180,0.000,0.000,0.953,-0.175,-0.255,0.341,0.668,-10.393,14.761,,pan
assignment3_kp2_t1,42.521,1791455936.452607,1227,1791455936.327140,camera_color_optical_frame,1,0.3562,0.6846,0.00198,0.026,1,IDLE,disabled,0.000,0.000,deg/s,joint_states,-0.180,0.180,0.000,0.000,0.954,-0.175,-0.256,0.340,0.669,-10.382,14.778,,pan
assignment3_kp2_t1,42.541,1791455936.471181,1228,1791455936.360501,camera_color_optical_frame,1,0.3565,0.6836,0.00201,0.010,1,IDLE,disabled,0.000,0.000,deg/s,joint_states,-0.180,0.180,0.000,0.000,0.940,-0.174,-0.247,0.343,0.656,-10.465,14.511,,pan
assignment3_kp2_t1,42.560,1791455936.489956,1228,1791455936.360501,camera_color_optical_frame,1,0.3565,0.6836,0.00201,0.029,1,IDLE,disabled,0.000,0.000,deg/s,joint_states,-0.180,0.180,0.000,0.000,0.938,-0.173,-0.247,0.343,0.655,-10.467,14.491,,pan
assignment3_kp2_t1,42.581,1791455936.511244,1229,1791455936.393861,camera_color_optical_frame,1,0.3572,0.6837,0.00207,0.016,1,IDLE,disabled,0.000,0.000,deg/s,joint_states,-0.180,0.180,0.000,0.000,0.951,-0.177,-0.252,0.345,0.661,-10.526,14.621,,pan
assignment3_kp2_t1,42.600,1791455936.529239,1229,1791455936.393861,camera_color_optical_frame,1,0.3572,0.6837,0.00207,0.035,1,IDLE,disabled,0.000,0.000,deg/s,joint_states,-0.180,0.180,0.000,0.000,0.952,-0.177,-0.252,0.346,0.661,-10.534,14.615,,pan
assignment3_kp2_t1,42.622,1791455936.554543,1230,1791455936.427222,camera_color_optical_frame,1,0.3574,0.6831,0.00208,0.020,1,IDLE,disabled,0.000,0.000,deg/s,joint_states,-0.180,0.180,0.000,0.000,0.954,-0.177,-0.254,0.345,0.664,-10.532,14.678,,pan
assignment3_kp2_t1,42.640,1791455936.569655,1231,1791455936.460582,camera_color_optical_frame,1,0.3562,0.6826,0.00199,0.002,1,IDLE,disabled,0.000,0.000,deg/s,joint_states,-0.180,0.180,0.000,0.000,0.955,-0.178,-0.254,0.346,0.664,-10.540,14.683,,pan
assignment3_kp2_t1,42.662,1791455936.591699,1231,1791455936.460582,camera_color_optical_frame,1,0.3562,0.6826,0.00199,0.024,1,IDLE,disabled,0.000,0.000,deg/s,joint_states,-0.180,0.180,0.000,0.000,0.944,-0.173,-0.250,0.340,0.660,-10.383,14.590,,pan
assignment3_kp2_t1,42.682,1791455936.612904,1232,1791455936.493943,camera_color_optical_frame,1,0.3558,0.6841,0.00196,0.010,1,IDLE,disabled,0.000,0.000,deg/s,joint_states,-0.180,0.180,0.000,0.000,0.965,-0.176,-0.257,0.339,0.665,-10.347,14.703,,pan
assignment3_kp2_t1,42.700,1791455936.630113,1232,1791455936.493943,camera_color_optical_frame,1,0.3558,0.6841,0.00196,0.029,1,IDLE,disabled,0.000,0.000,deg/s,joint_states,-0.180,0.180,0.000,0.000,0.967,-0.176,-0.258,0.339,0.665,-10.334,14.709,,pan
assignment3_kp2_t1,42.721,1791455936.653477,1233,1791455936.527304,camera_color_optical_frame,1,0.3558,0.6844,0.00195,0.017,1,IDLE,disabled,0.000,0.000,deg/s,joint_states,-0.180,0.180,0.000,0.000,0.942,-0.173,-0.252,0.341,0.667,-10.415,14.741,,pan
assignment3_kp2_t1,42.740,1791455936.669785,1234,1791455936.560665,camera_color_optical_frame,1,0.3569,0.6824,0.00203,0.004,1,IDLE,disabled,0.000,0.000,deg/s,joint_states,-0.180,0.180,0.000,0.000,0.929,-0.172,-0.245,0.345,0.659,-10.519,14.567,,pan
assignment3_kp2_t1,42.763,1791455936.693270,1234,1791455936.560665,camera_color_optical_frame,1,0.3569,0.6824,0.00203,0.027,1,IDLE,disabled,0.000,0.000,deg/s,joint_states,-0.180,0.090,0.000,0.000,0.925,-0.172,-0.244,0.346,0.662,-10.532,14.554,,pan
assignment3_kp2_t1,42.780,1791455936.711210,1235,1791455936.594026,camera_color_optical_frame,1,0.3547,0.6834,0.00190,0.009,1,IDLE,disabled,0.000,0.000,deg/s,joint_states,-0.180,0.180,0.000,0.000,0.954,-0.174,-0.253,0.339,0.661,-10.343,14.621,,pan
assignment3_kp2_t1,42.800,1791455936.731359,1235,1791455936.594026,camera_color_optical_frame,1,0.3547,0.6834,0.00190,0.028,1,IDLE,disabled,0.000,0.000,deg/s,joint_states,-0.180,0.090,0.000,0.000,0.955,-0.174,-0.253,0.339,0.665,-10.333,14.615,,pan
assignment3_kp2_t1,42.820,1791455936.751923,1236,1791455936.627387,camera_color_optical_frame,1,0.3566,0.6852,0.00201,0.014,1,IDLE,disabled,0.000,0.000,deg/s,joint_states,-0.180,0.180,0.000,0.000,0.959,-0.177,-0.257,0.342,0.669,-10.441,14.793,,pan
assignment3_kp2_t1,42.840,1791455936.769230,1237,1791455936.660747,camera_color_optical_frame,1,0.3572,0.6827,0.00206,0.002,1,IDLE,disabled,0.000,0.000,deg/s,joint_states,-0.180,0.180,0.000,0.000,0.960,-0.177,-0.258,0.342,0.670,-10.439,14.810,,pan
assignment3_kp2_t1,42.861,1791455936.794170,1237,1791455936.660747,camera_color_optical_frame,1,0.3572,0.6827,0.00206,0.023,1,IDLE,disabled,0.000,0.000,deg/s,joint_states,-0.180,0.090,0.000,0.000,0.946,-0.177,-0.249,0.348,0.661,-10.613,14.514,,pan
assignment3_kp2_t1,42.880,1791455936.810067,1238,1791455936.694108,camera_color_optical_frame,1,0.3556,0.6855,0.00193,0.006,1,IDLE,disabled,0.000,0.000,deg/s,joint_states,-0.180,0.180,0.000,0.000,0.944,-0.173,-0.252,0.340,0.665,-10.378,14.704,,pan
assignment3_kp2_t1,42.901,1791455936.830976,1238,1791455936.694108,camera_color_optical_frame,1,0.3556,0.6855,0.00193,0.027,1,IDLE,disabled,0.000,0.000,deg/s,joint_states,-0.180,0.180,0.000,0.000,0.944,-0.173,-0.252,0.340,0.665,-10.369,14.706,,pan
assignment3_kp2_t1,42.920,1791455936.850587,1239,1791455936.727469,camera_color_optical_frame,1,0.3569,0.6816,0.00204,0.010,1,IDLE,disabled,0.000,0.000,deg/s,joint_states,-0.180,0.180,0.000,0.000,0.951,-0.175,-0.251,0.343,0.658,-10.449,14.546,,pan
assignment3_kp2_t1,42.940,1791455936.869162,1239,1791455936.727469,camera_color_optical_frame,1,0.3569,0.6816,0.00204,0.030,1,IDLE,disabled,0.000,0.000,deg/s,joint_states,-0.180,0.180,0.000,0.000,0.951,-0.175,-0.251,0.343,0.657,-10.446,14.539,,pan
assignment3_kp2_t1,42.962,1791455936.894536,1240,1791455936.760830,camera_color_optical_frame,1,0.3568,0.6844,0.00201,0.019,1,IDLE,disabled,0.000,0.000,deg/s,joint_states,-0.180,0.180,0.000,0.000,0.951,-0.177,-0.251,0.345,0.657,-10.519,14.536,,pan
assignment3_kp2_t1,42.981,1791455936.912170,1241,1791455936.794191,camera_color_optical_frame,1,0.3563,0.6828,0.00197,0.004,1,IDLE,disabled,0.000,0.000,deg/s,joint_states,-0.180,0.180,0.000,0.000,0.951,-0.175,-0.254,0.341,0.666,-10.414,14.732,,pan
assignment3_kp2_t1,43.002,1791455936.932244,1241,1791455936.794191,camera_color_optical_frame,1,0.3563,0.6828,0.00197,0.025,1,IDLE,disabled,0.000,0.000,deg/s,joint_states,-0.180,0.180,0.000,0.000,0.951,-0.175,-0.255,0.341,0.667,-10.408,14.749,,pan
assignment3_kp2_t1,43.020,1791455936.950755,1242,1791455936.827552,camera_color_optical_frame,1,0.3567,0.6824,0.00203,0.007,1,IDLE,disabled,0.000,0.000,deg/s,joint_states,-0.180,0.180,0.000,0.000,0.951,-0.176,-0.252,0.343,0.661,-10.463,14.608,,pan
assignment3_kp2_t1,43.040,1791455936.969672,1242,1791455936.827552,camera_color_optical_frame,1,0.3567,0.6824,0.00203,0.027,1,IDLE,disabled,0.000,0.000,deg/s,joint_states,-0.180,0.180,0.000,0.000,0.951,-0.176,-0.252,0.343,0.660,-10.463,14.605,,pan
assignment3_kp2_t1,43.062,1791455936.994316,1243,1791455936.860913,camera_color_optical_frame,1,0.3573,0.6827,0.00206,0.016,1,IDLE,disabled,0.000,0.000,deg/s,joint_states,-0.180,0.180,0.000,0.000,0.950,-0.177,-0.252,0.346,0.661,-10.537,14.624,,pan
assignment3_kp2_t1,43.081,1791455937.011589,1244,1791455936.894274,camera_color_optical_frame,1,0.3564,0.6828,0.00202,0.007,1,IDLE,disabled,0.000,0.000,deg/s,joint_states,-0.180,0.180,0.000,0.000,0.947,-0.174,-0.252,0.342,0.663,-10.431,14.655,,pan
assignment3_kp2_t1,43.101,1791455937.031688,1244,1791455936.894274,camera_color_optical_frame,1,0.3564,0.6828,0.00202,0.027,1,IDLE,disabled,0.000,0.000,deg/s,joint_states,-0.180,0.180,0.000,0.000,0.947,-0.174,-0.252,0.342,0.663,-10.428,14.657,,pan
assignment3_kp2_t1,43.121,1791455937.054227,1245,1791455936.927635,camera_color_optical_frame,1,0.3562,0.6836,0.00197,0.009,1,IDLE,disabled,0.000,0.000,deg/s,joint_states,-0.180,0.090,0.000,0.000,0.950,-0.175,-0.253,0.342,0.668,-10.423,14.687,,pan
assignment3_kp2_t1,43.140,1791455937.071328,1245,1791455936.927635,camera_color_optical_frame,1,0.3562,0.6836,0.00197,0.028,1,IDLE,disabled,0.000,0.000,deg/s,joint_states,-0.180,0.180,0.000,0.000,0.950,-0.175,-0.253,0.342,0.664,-10.420,14.692,,pan
assignment3_kp2_t1,43.162,1791455937.092341,1246,1791455936.960996,camera_color_optical_frame,1,0.3565,0.6843,0.00201,0.016,1,IDLE,disabled,0.000,0.000,deg/s,joint_states,-0.180,0.180,0.000,0.000,0.952,-0.176,-0.254,0.343,0.666,-10.459,14.730,,pan
assignment3_kp2_t1,43.180,1791455937.111873,1247,1791455936.994357,camera_color_optical_frame,1,0.3577,0.6839,0.00210,0.008,1,IDLE,disabled,0.000,0.000,deg/s,joint_states,-0.180,0.180,0.000,0.000,0.939,-0.175,-0.250,0.347,0.663,-10.566,14.665,,pan
assignment3_kp2_t1,43.200,1791455937.129480,1247,1791455936.994357,camera_color_optical_frame,1,0.3577,0.6839,0.00210,0.027,1,IDLE,disabled,0.000,0.000,deg/s,joint_states,-0.180,0.180,0.000,0.000,0.938,-0.175,-0.250,0.347,0.664,-10.579,14.666,,pan
assignment3_kp2_t1,43.221,1791455937.154563,1248,1791455937.027718,camera_color_optical_frame,1,0.3558,0.6836,0.00195,0.018,1,IDLE,disabled,0.000,0.000,deg/s,joint_states,-0.180,0.180,0.000,0.000,0.931,-0.171,-0.244,0.340,0.653,-10.384,14.456,,pan
assignment3_kp2_t1,43.242,1791455937.173098,1249,1791455937.061079,camera_color_optical_frame,1,0.3569,0.6824,0.00204,0.005,1,IDLE,disabled,0.000,0.000,deg/s,joint_states,-0.180,0.180,0.000,0.000,0.954,-0.175,-0.252,0.342,0.659,-10.423,14.577,,pan
assignment3_kp2_t1,43.260,1791455937.190550,1249,1791455937.061079,camera_color_optical_frame,1,0.3569,0.6824,0.00204,0.023,1,IDLE,disabled,0.000,0.000,deg/s,joint_states,-0.180,0.180,0.000,0.000,0.954,-0.175,-0.252,0.341,0.659,-10.416,14.568,,pan
assignment3_kp2_t1,43.280,1791455937.210741,1250,1791455937.094440,camera_color_optical_frame,1,0.3566,0.6834,0.00200,0.007,1,IDLE,disabled,0.000,0.000,deg/s,joint_states,-0.180,0.180,0.000,0.000,0.950,-0.176,-0.254,0.344,0.667,-10.500,14.745,,pan
assignment3_kp2_t1,43.300,1791455937.229161,1250,1791455937.094440,camera_color_optical_frame,1,0.3566,0.6834,0.00200,0.026,1,IDLE,disabled,0.000,0.000,deg/s,joint_states,-0.180,0.180,0.000,0.000,0.951,-0.176,-0.255,0.345,0.668,-10.507,14.761,,pan
assignment3_kp2_t1,43.321,1791455937.253917,1251,1791455937.127801,camera_color_optical_frame,1,0.3569,0.6819,0.00204,0.018,1,IDLE,disabled,0.000,0.000,deg/s,joint_states,-0.180,0.180,0.000,0.000,0.937,-0.173,-0.248,0.343,0.660,-10.471,14.598,,pan
assignment3_kp2_t1,43.341,1791455937.272033,1252,1791455937.161162,camera_color_optical_frame,1,0.3571,0.6823,0.00204,0.003,1,IDLE,disabled,0.000,0.000,deg/s,joint_states,-0.180,0.180,0.000,0.000,0.936,-0.173,-0.248,0.343,0.660,-10.471,14.594,,pan
assignment3_kp2_t1,43.361,1791455937.291652,1252,1791455937.161162,camera_color_optical_frame,1,0.3571,0.6823,0.00204,0.023,1,IDLE,disabled,0.000,0.000,deg/s,joint_states,-0.180,0.180,0.000,0.000,0.937,-0.174,-0.248,0.344,0.659,-10.497,14.576,,pan
assignment3_kp2_t1,43.380,1791455937.312323,1253,1791455937.194524,camera_color_optical_frame,1,0.3563,0.6823,0.00197,0.010,1,IDLE,disabled,0.000,0.000,deg/s,joint_states,-0.180,0.180,0.000,0.000,0.955,-0.176,-0.254,0.341,0.662,-10.412,14.645,,pan
assignment3_kp2_t1,43.401,1791455937.331913,1254,1791455937.227879,camera_color_optical_frame,1,0.3551,0.6834,0.00192,0.002,1,IDLE,disabled,0.000,0.000,deg/s,joint_states,-0.180,0.180,0.000,0.000,0.957,-0.176,-0.254,0.341,0.662,-10.406,14.648,,pan
assignment3_kp2_t1,43.422,1791455937.354172,1254,1791455937.227879,camera_color_optical_frame,1,0.3551,0.6834,0.00192,0.023,1,IDLE,disabled,0.000,0.000,deg/s,joint_states,-0.180,0.180,0.000,0.000,0.960,-0.175,-0.256,0.338,0.665,-10.311,14.698,,pan
assignment3_kp2_t1,43.441,1791455937.371088,1255,1791455937.261234,camera_color_optical_frame,1,0.3566,0.6823,0.00203,0.007,1,IDLE,disabled,0.000,0.000,deg/s,joint_states,-0.180,0.180,0.000,0.000,0.938,-0.173,-0.249,0.343,0.661,-10.472,14.624,,pan
assignment3_kp2_t1,43.460,1791455937.389964,1255,1791455937.261234,camera_color_optical_frame,1,0.3566,0.6823,0.00203,0.026,1,IDLE,disabled,0.000,0.000,deg/s,joint_states,-0.180,0.180,0.000,0.000,0.937,-0.173,-0.249,0.343,0.661,-10.475,14.623,,pan
assignment3_kp2_t1,43.480,1791455937.409925,1256,1791455937.294588,camera_color_optical_frame,1,0.3568,0.6816,0.00206,0.011,1,IDLE,disabled,0.000,0.000,deg/s,joint_states,-0.180,0.180,0.000,0.000,0.951,-0.177,-0.251,0.346,0.658,-10.544,14.546,,pan
assignment3_kp2_t1,43.500,1791455937.429070,1256,1791455937.294588,camera_color_optical_frame,1,0.3568,0.6816,0.00206,0.031,1,IDLE,disabled,0.000,0.000,deg/s,joint_states,-0.180,0.180,0.000,0.000,0.952,-0.177,-0.251,0.346,0.657,-10.558,14.534,,pan
assignment3_kp2_t1,43.522,1791455937.453685,1257,1791455937.327943,camera_color_optical_frame,1,0.3565,0.6823,0.00203,0.019,1,IDLE,disabled,0.000,0.000,deg/s,joint_states,-0.180,0.180,0.000,0.000,0.956,-0.176,-0.254,0.343,0.662,-10.451,14.631,,pan
assignment3_kp2_t1,43.540,1791455937.470532,1258,1791455937.361298,camera_color_optical_frame,1,0.3565,0.6824,0.00202,0.003,1,IDLE,disabled,0.000,0.000,deg/s,joint_states,-0.180,0.180,0.000,0.000,0.944,-0.174,-0.251,0.342,0.663,-10.437,14.656,,pan
assignment3_kp2_t1,43.562,1791455937.491448,1258,1791455937.361298,camera_color_optical_frame,1,0.3565,0.6824,0.00202,0.025,1,IDLE,disabled,0.000,0.000,deg/s,joint_states,-0.180,0.180,0.000,0.000,0.944,-0.174,-0.251,0.342,0.663,-10.434,14.661,,pan
assignment3_kp2_t1,43.582,1791455937.515358,1259,1791455937.394653,camera_color_optical_frame,1,0.3562,0.6828,0.00199,0.003,1,IDLE,disabled,0.000,0.000,deg/s,joint_states,-0.180,0.180,0.000,0.000,0.943,-0.174,-0.251,0.342,0.663,-10.432,14.666,,pan
assignment3_kp2_t1,43.600,1791455937.530469,1259,1791455937.394653,camera_color_optical_frame,1,0.3562,0.6828,0.00199,0.021,1,IDLE,disabled,0.000,0.000,deg/s,joint_states,-0.180,0.180,0.000,0.000,0.940,-0.173,-0.250,0.342,0.663,-10.428,14.660,,pan
assignment3_kp2_t1,43.622,1791455937.555713,1260,1791455937.428007,camera_color_optical_frame,1,0.3563,0.6847,0.00196,0.013,1,IDLE,disabled,0.000,0.000,deg/s,joint_states,-0.180,0.180,0.000,0.000,0.934,-0.172,-0.250,0.342,0.668,-10.435,14.768,,pan
assignment3_kp2_t1,43.641,1791455937.573343,1261,1791455937.461362,camera_color_optical_frame,1,0.3565,0.6821,0.00199,0.005,1,IDLE,disabled,0.000,0.000,deg/s,joint_states,-0.180,0.180,0.000,0.000,0.954,-0.176,-0.253,0.343,0.660,-10.464,14.597,,pan
assignment3_kp2_t1,43.661,1791455937.592632,1261,1791455937.461362,camera_color_optical_frame,1,0.3565,0.6821,0.00199,0.025,1,IDLE,disabled,0.000,0.000,deg/s,joint_states,-0.180,0.180,0.000,0.000,0.954,-0.176,-0.253,0.343,0.660,-10.466,14.592,,pan
assignment3_kp2_t1,43.680,1791455937.609446,1262,1791455937.494717,camera_color_optical_frame,1,0.3558,0.6823,0.00197,0.009,1,IDLE,disabled,0.000,0.000,deg/s,joint_states,-0.180,0.180,0.000,0.000,0.962,-0.177,-0.254,0.341,0.657,-10.410,14.546,,pan
assignment3_kp2_t1,43.700,1791455937.629334,1262,1791455937.494717,camera_color_optical_frame,1,0.3558,0.6823,0.00197,0.029,1,IDLE,disabled,0.000,0.000,deg/s,joint_states,-0.180,0.180,0.000,0.000,0.964,-0.177,-0.254,0.341,0.657,-10.406,14.532,,pan
assignment3_kp2_t1,43.721,1791455937.656657,1263,1791455937.528071,camera_color_optical_frame,1,0.3562,0.6835,0.00200,0.015,1,IDLE,disabled,0.000,0.000,deg/s,joint_states,-0.180,0.180,0.000,0.000,0.951,-0.175,-0.254,0.342,0.665,-10.428,14.705,,pan
assignment3_kp2_t1,43.746,1791455937.677006,1264,1791455937.561426,camera_color_optical_frame,1,0.3558,0.6837,0.00195,0.007,1,IDLE,disabled,0.000,0.000,deg/s,joint_states,-0.180,0.180,0.000,0.000,0.957,-0.176,-0.255,0.341,0.665,-10.407,14.696,,pan
assignment3_kp2_t1,43.763,1791455937.693258,1264,1791455937.561426,camera_color_optical_frame,1,0.3558,0.6837,0.00195,0.023,1,IDLE,disabled,0.000,0.000,deg/s,joint_states,-0.180,0.180,0.000,0.000,0.958,-0.176,-0.256,0.341,0.665,-10.403,14.702,,pan
assignment3_kp2_t1,43.781,1791455937.716252,1265,1791455937.594780,camera_color_optical_frame,1,0.3574,0.6826,0.00205,0.005,1,IDLE,disabled,0.000,0.000,deg/s,joint_states,-0.180,0.180,0.000,0.000,0.959,-0.176,-0.256,0.341,0.665,-10.399,14.708,,pan
assignment3_kp2_t1,43.801,1791455937.734491,1265,1791455937.594780,camera_color_optical_frame,1,0.3574,0.6826,0.00205,0.025,1,IDLE,disabled,0.000,0.000,deg/s,joint_states,-0.180,0.180,0.000,0.000,0.935,-0.174,-0.247,0.346,0.660,-10.548,14.590,,pan
assignment3_kp2_t1,43.822,1791455937.753205,1266,1791455937.628135,camera_color_optical_frame,1,0.3559,0.6833,0.00195,0.003,1,IDLE,disabled,0.000,0.000,deg/s,joint_states,-0.180,0.180,0.000,0.000,0.944,-0.174,-0.251,0.342,0.662,-10.442,14.632,,pan
assignment3_kp2_t1,43.843,1791455937.776718,1266,1791455937.628135,camera_color_optical_frame,1,0.3559,0.6833,0.00195,0.024,1,IDLE,disabled,0.000,0.000,deg/s,joint_states,-0.180,0.180,0.000,0.000,0.943,-0.174,-0.250,0.342,0.661,-10.443,14.629,,pan
assignment3_kp2_t1,43.861,1791455937.793198,1267,1791455937.661489,camera_color_optical_frame,1,0.3571,0.6828,0.00208,0.010,1,IDLE,disabled,0.000,0.000,deg/s,joint_states,-0.180,0.180,0.000,0.000,0.939,-0.173,-0.250,0.343,0.662,-10.455,14.648,,pan
assignment3_kp2_t1,43.882,1791455937.812485,1268,1791455937.694844,camera_color_optical_frame,1,0.3565,0.6831,0.00200,0.003,1,IDLE,disabled,0.000,0.000,deg/s,joint_states,-0.180,0.090,0.000,0.000,0.938,-0.173,-0.249,0.343,0.667,-10.453,14.650,,pan
assignment3_kp2_t1,43.903,1791455937.837739,1268,1791455937.694844,camera_color_optical_frame,1,0.3565,0.6831,0.00200,0.024,1,IDLE,disabled,0.000,0.000,deg/s,joint_states,-0.180,0.180,0.000,0.000,0.957,-0.176,-0.254,0.342,0.663,-10.416,14.661,,pan
assignment3_kp2_t1,43.922,1791455937.852872,1269,1791455937.728199,camera_color_optical_frame,1,0.3558,0.6839,0.00197,0.009,1,IDLE,disabled,0.000,0.000,deg/s,joint_states,-0.180,0.180,0.000,0.000,0.962,-0.176,-0.257,0.340,0.665,-10.367,14.703,,pan
assignment3_kp2_t1,43.944,1791455937.876274,1270,1791455937.761553,camera_color_optical_frame,1,0.3559,0.6831,0.00199,0.010,1,IDLE,disabled,0.000,0.000,deg/s,joint_states,-0.180,0.180,0.000,0.000,0.947,-0.174,-0.252,0.341,0.662,-10.407,14.647,,pan
assignment3_kp2_t1,43.962,1791455937.892420,1271,1791455937.794908,camera_color_optical_frame,1,0.3565,0.6845,0.00200,0.005,1,IDLE,disabled,0.000,0.000,deg/s,joint_states,-0.180,0.180,0.000,0.000,0.951,-0.176,-0.250,0.343,0.654,-10.472,14.477,,pan
assignment3_kp2_t1,43.981,1791455937.911869,1271,1791455937.794908,camera_color_optical_frame,1,0.3565,0.6845,0.00200,0.025,1,IDLE,disabled,0.000,0.000,deg/s,joint_states,-0.180,0.180,0.000,0.000,0.951,-0.176,-0.249,0.344,0.653,-10.476,14.455,,pan
assignment3_kp2_t1,44.001,1791455937.931693,1272,1791455937.828262,camera_color_optical_frame,1,0.3560,0.6833,0.00198,0.010,1,IDLE,disabled,0.000,0.000,deg/s,joint_states,-0.180,0.180,0.000,0.000,0.951,-0.175,-0.253,0.342,0.663,-10.440,14.653,,pan
assignment3_kp2_t1,44.020,1791455937.950224,1272,1791455937.828262,camera_color_optical_frame,1,0.3560,0.6833,0.00198,0.029,1,IDLE,disabled,0.000,0.000,deg/s,joint_states,-0.180,0.180,0.000,0.000,0.951,-0.175,-0.253,0.342,0.663,-10.440,14.654,,pan
assignment3_kp2_t1,44.041,1791455937.974849,1273,1791455937.861616,camera_color_optical_frame,1,0.3558,0.6842,0.00196,0.015,1,IDLE,disabled,0.000,0.000,deg/s,joint_states,-0.180,0.180,0.000,0.000,0.939,-0.172,-0.252,0.341,0.670,-10.408,14.804,,pan
assignment3_kp2_t1,44.060,1791455937.990992,1274,1791455937.894971,camera_color_optical_frame,1,0.3553,0.6836,0.00193,0.006,1,IDLE,disabled,0.000,0.000,deg/s,joint_states,-0.180,0.180,0.000,0.000,0.947,-0.174,-0.252,0.341,0.663,-10.393,14.666,,pan
assignment3_kp2_t1,44.083,1791455938.013648,1274,1791455937.894971,camera_color_optical_frame,1,0.3553,0.6836,0.00193,0.028,1,IDLE,disabled,0.000,0.000,deg/s,joint_states,-0.180,0.180,0.000,0.000,0.947,-0.174,-0.252,0.340,0.663,-10.386,14.668,,pan
assignment3_kp2_t1,44.100,1791455938.029495,1275,1791455937.928325,camera_color_optical_frame,1,0.3554,0.6845,0.00193,0.009,1,IDLE,disabled,0.000,0.000,deg/s,joint_states,-0.180,0.180,0.000,0.000,0.956,-0.175,-0.255,0.341,0.664,-10.401,14.683,,pan
assignment3_kp2_t1,44.121,1791455938.050445,1275,1791455937.928325,camera_color_optical_frame,1,0.3554,0.6845,0.00193,0.030,1,IDLE,disabled,0.000,0.000,deg/s,joint_states,-0.180,0.180,0.000,0.000,0.957,-0.176,-0.255,0.341,0.664,-10.397,14.685,,pan
assignment3_kp2_t1,44.141,1791455938.073104,1276,1791455937.961679,camera_color_optical_frame,1,0.3555,0.6840,0.00190,0.017,1,IDLE,disabled,0.000,0.000,deg/s,joint_states,-0.180,0.180,0.000,0.000,0.949,-0.175,-0.253,0.342,0.664,-10.432,14.677,,pan
assignment3_kp2_t1,44.160,1791455938.089704,1277,1791455937.995034,camera_color_optical_frame,1,0.3551,0.6839,0.00193,0.003,1,IDLE,disabled,0.000,0.000,deg/s,joint_states,-0.180,0.180,0.000,0.000,0.950,-0.174,-0.252,0.341,0.662,-10.401,14.645,,pan
assignment3_kp2_t1,44.181,1791455938.114940,1277,1791455937.995034,camera_color_optical_frame,1,0.3551,0.6839,0.00193,0.025,1,IDLE,disabled,0.000,0.000,deg/s,joint_states,-0.180,0.180,0.000,0.000,0.950,-0.174,-0.252,0.341,0.662,-10.399,14.641,,pan
assignment3_kp2_t1,44.201,1791455938.132696,1278,1791455938.028388,camera_color_optical_frame,1,0.3566,0.6842,0.00201,0.007,1,IDLE,disabled,0.000,0.000,deg/s,joint_states,-0.180,0.180,0.000,0.000,0.941,-0.174,-0.251,0.344,0.664,-10.501,14.673,,pan
assignment3_kp2_t1,44.220,1791455938.150279,1278,1791455938.028388,camera_color_optical_frame,1,0.3566,0.6842,0.00201,0.027,1,IDLE,disabled,0.000,0.000,deg/s,joint_states,-0.180,0.180,0.000,0.000,0.940,-0.174,-0.250,0.345,0.664,-10.510,14.674,,pan
assignment3_kp2_t1,44.241,1791455938.174284,1279,1791455938.061742,camera_color_optical_frame,1,0.3559,0.6829,0.00197,0.006,1,IDLE,disabled,0.000,0.000,deg/s,joint_states,-0.180,0.090,0.000,0.000,0.947,-0.175,-0.251,0.343,0.665,-10.469,14.604,,pan
assignment3_kp2_t1,44.261,1791455938.190782,1280,1791455938.095096,camera_color_optical_frame,1,0.3562,0.6835,0.00198,0.002,1,IDLE,disabled,0.000,0.000,deg/s,joint_states,-0.180,0.180,0.000,0.000,0.947,-0.175,-0.251,0.344,0.660,-10.475,14.597,,pan
assignment3_kp2_t1,44.281,1791455938.214259,1280,1791455938.095096,camera_color_optical_frame,1,0.3562,0.6835,0.00198,0.022,1,IDLE,disabled,0.000,0.000,deg/s,joint_states,-0.180,0.180,0.000,0.000,0.957,-0.176,-0.254,0.342,0.661,-10.423,14.627,,pan
assignment3_kp2_t1,44.303,1791455938.232702,1281,1791455938.128451,camera_color_optical_frame,1,0.3557,0.6828,0.00195,0.004,1,IDLE,disabled,0.000,0.000,deg/s,joint_states,-0.180,0.180,0.000,0.000,0.949,-0.175,-0.252,0.342,0.662,-10.423,14.637,,pan
assignment3_kp2_t1,44.322,1791455938.252066,1281,1791455938.128451,camera_color_optical_frame,1,0.3557,0.6828,0.00195,0.023,1,IDLE,disabled,0.000,0.000,deg/s,joint_states,-0.180,0.180,0.000,0.000,0.949,-0.174,-0.252,0.342,0.662,-10.422,14.636,,pan
assignment3_kp2_t1,44.340,1791455938.270662,1282,1791455938.161805,camera_color_optical_frame,1,0.3548,0.6841,0.00187,0.009,1,IDLE,disabled,0.000,0.000,deg/s,joint_states,-0.180,0.180,0.000,0.000,0.945,-0.172,-0.249,0.339,0.657,-10.336,14.548,,pan
assignment3_kp2_t1,44.360,1791455938.289240,1282,1791455938.161805,camera_color_optical_frame,1,0.3548,0.6841,0.00187,0.029,1,IDLE,disabled,0.000,0.000,deg/s,joint_states,-0.180,0.180,0.000,0.000,0.945,-0.172,-0.249,0.338,0.657,-10.323,14.536,,pan
assignment3_kp2_t1,44.381,1791455938.312288,1283,1791455938.195159,camera_color_optical_frame,1,0.3551,0.6845,0.00191,0.018,1,IDLE,disabled,0.000,0.000,deg/s,joint_states,-0.180,0.090,0.000,0.000,0.949,-0.174,-0.254,0.340,0.671,-10.380,14.735,,pan
assignment3_kp2_t1,44.403,1791455938.332612,1284,1791455938.228517,camera_color_optical_frame,1,0.3548,0.6838,0.00188,0.004,1,IDLE,disabled,0.000,0.000,deg/s,joint_states,-0.180,0.180,0.000,0.000,0.949,-0.174,-0.254,0.340,0.667,-10.374,14.747,,pan
assignment3_kp2_t1,44.420,1791455938.350693,1284,1791455938.228517,camera_color_optical_frame,1,0.3548,0.6838,0.00188,0.021,1,IDLE,disabled,0.000,0.000,deg/s,joint_states,-0.180,0.180,0.000,0.000,0.953,-0.175,-0.255,0.341,0.667,-10.408,14.744,,pan
assignment3_kp2_t1,44.441,1791455938.371933,1285,1791455938.261872,camera_color_optical_frame,1,0.3552,0.6827,0.00189,0.009,1,IDLE,disabled,0.000,0.000,deg/s,joint_states,-0.180,0.180,0.000,0.000,0.949,-0.175,-0.253,0.342,0.663,-10.430,14.664,,pan
assignment3_kp2_t1,44.460,1791455938.389114,1285,1791455938.261872,camera_color_optical_frame,1,0.3552,0.6827,0.00189,0.028,1,IDLE,disabled,0.000,0.000,deg/s,joint_states,-0.180,0.180,0.000,0.000,0.950,-0.175,-0.253,0.342,0.663,-10.433,14.669,,pan
assignment3_kp2_t1,44.481,1791455938.414282,1286,1791455938.295227,camera_color_optical_frame,1,0.3548,0.6839,0.00189,0.018,1,IDLE,disabled,0.000,0.000,deg/s,joint_states,-0.180,0.180,0.000,0.000,0.948,-0.174,-0.248,0.341,0.652,-10.392,14.435,,pan
assignment3_kp2_t1,44.501,1791455938.430894,1287,1791455938.328582,camera_color_optical_frame,1,0.3552,0.6846,0.00191,0.004,1,IDLE,disabled,0.000,0.000,deg/s,joint_states,-0.180,0.180,0.000,0.000,0.948,-0.174,-0.248,0.341,0.651,-10.391,14.411,,pan
assignment3_kp2_t1,44.521,1791455938.450734,1287,1791455938.328582,camera_color_optical_frame,1,0.3552,0.6846,0.00191,0.024,1,IDLE,disabled,0.000,0.000,deg/s,joint_states,-0.180,0.180,0.000,0.000,0.946,-0.174,-0.253,0.341,0.667,-10.414,14.748,,pan
assignment3_kp2_t1,44.543,1791455938.473735,1288,1791455938.361937,camera_color_optical_frame,1,0.3551,0.6849,0.00192,0.010,1,IDLE,disabled,0.000,0.000,deg/s,joint_states,-0.180,0.180,0.000,0.000,0.947,-0.174,-0.253,0.341,0.666,-10.411,14.734,,pan
assignment3_kp2_t1,44.561,1791455938.493990,1288,1791455938.361937,camera_color_optical_frame,1,0.3551,0.6849,0.00192,0.028,1,IDLE,disabled,0.000,0.000,deg/s,joint_states,-0.180,0.180,0.000,0.000,0.946,-0.174,-0.253,0.341,0.667,-10.410,14.743,,pan
assignment3_kp2_t1,44.583,1791455938.514205,1289,1791455938.395292,camera_color_optical_frame,1,0.3554,0.6841,0.00194,0.013,1,IDLE,disabled,0.000,0.000,deg/s,joint_states,-0.180,0.180,0.000,0.000,0.957,-0.176,-0.256,0.343,0.668,-10.446,14.767,,pan
assignment3_kp2_t1,44.601,1791455938.534444,1290,1791455938.428648,camera_color_optical_frame,1,0.3561,0.6840,0.00198,0.006,1,IDLE,disabled,0.000,0.000,deg/s,joint_states,-0.180,0.180,0.000,0.000,0.943,-0.174,-0.250,0.344,0.662,-10.480,14.636,,pan
assignment3_kp2_t1,44.621,1791455938.550635,1290,1791455938.428648,camera_color_optical_frame,1,0.3561,0.6840,0.00198,0.026,1,IDLE,disabled,0.000,0.000,deg/s,joint_states,-0.180,0.180,0.000,0.000,0.942,-0.174,-0.250,0.344,0.662,-10.487,14.630,,pan
assignment3_kp2_t1,44.642,1791455938.575272,1291,1791455938.462003,camera_color_optical_frame,1,0.3548,0.6840,0.00189,0.015,1,IDLE,disabled,0.000,0.000,deg/s,joint_states,-0.180,0.180,0.000,0.000,0.934,-0.171,-0.249,0.340,0.663,-10.374,14.662,,pan
assignment3_kp2_t1,44.661,1791455938.593453,1292,1791455938.495358,camera_color_optical_frame,1,0.3548,0.6841,0.00189,0.008,1,IDLE,disabled,0.000,0.000,deg/s,joint_states,-0.180,0.180,0.000,0.000,0.946,-0.173,-0.252,0.339,0.663,-10.348,14.671,,pan
assignment3_kp2_t1,44.681,1791455938.611442,1292,1791455938.495358,camera_color_optical_frame,1,0.3548,0.6841,0.00189,0.028,1,IDLE,disabled,0.000,0.000,deg/s,joint_states,-0.180,0.090,0.000,0.000,0.946,-0.172,-0.252,0.339,0.668,-10.336,14.672,,pan
assignment3_kp2_t1,44.701,1791455938.634262,1293,1791455938.528713,camera_color_optical_frame,1,0.3555,0.6834,0.00196,0.014,1,IDLE,disabled,0.000,0.000,deg/s,joint_states,-0.180,0.180,0.000,0.000,0.961,-0.177,-0.255,0.343,0.662,-10.457,14.633,,pan
assignment3_kp2_t1,44.721,1791455938.650609,1294,1791455938.562068,camera_color_optical_frame,1,0.3552,0.6842,0.00190,0.003,1,IDLE,disabled,0.000,0.000,deg/s,joint_states,-0.180,0.180,0.000,0.000,0.953,-0.175,-0.254,0.342,0.663,-10.431,14.668,,pan
assignment3_kp2_t1,44.741,1791455938.675081,1294,1791455938.562068,camera_color_optical_frame,1,0.3552,0.6842,0.00190,0.024,1,IDLE,disabled,0.000,0.000,deg/s,joint_states,-0.180,0.090,0.000,0.000,0.954,-0.176,-0.254,0.342,0.668,-10.435,14.669,,pan
assignment3_kp2_t1,44.761,1791455938.692009,1295,1791455938.595423,camera_color_optical_frame,1,0.3552,0.6836,0.00191,0.006,1,IDLE,disabled,0.000,0.000,deg/s,joint_states,-0.180,0.180,0.000,0.000,0.936,-0.172,-0.245,0.341,0.654,-10.392,14.465,,pan
assignment3_kp2_t1,44.781,1791455938.713071,1295,1791455938.595423,camera_color_optical_frame,1,0.3552,0.6836,0.00191,0.025,1,IDLE,disabled,0.000,0.000,deg/s,joint_states,-0.180,0.180,0.000,0.000,0.934,-0.171,-0.244,0.341,0.652,-10.388,14.442,,pan
assignment3_kp2_t1,44.800,1791455938.729885,1296,1791455938.628778,camera_color_optical_frame,1,0.3557,0.6840,0.00195,0.009,1,IDLE,disabled,0.000,0.000,deg/s,joint_states,-0.180,0.180,0.000,0.000,0.949,-0.175,-0.252,0.343,0.663,-10.448,14.661,,pan
assignment3_kp2_t1,44.821,1791455938.751211,1296,1791455938.628778,camera_color_optical_frame,1,0.3557,0.6840,0.00195,0.029,1,IDLE,disabled,0.000,0.000,deg/s,joint_states,-0.180,0.180,0.000,0.000,0.949,-0.175,-0.252,0.343,0.663,-10.452,14.660,,pan
assignment3_kp2_t1,44.841,1791455938.775481,1297,1791455938.662132,camera_color_optical_frame,1,0.3552,0.6840,0.00190,0.012,1,IDLE,disabled,0.000,0.000,deg/s,joint_states,-0.180,0.180,0.000,0.000,0.963,-0.177,-0.256,0.341,0.663,-10.414,14.670,,pan
assignment3_kp2_t1,44.861,1791455938.791155,1297,1791455938.662132,camera_color_optical_frame,1,0.3552,0.6840,0.00190,0.032,1,IDLE,disabled,0.000,0.000,deg/s,joint_states,-0.180,0.180,0.000,0.000,0.965,-0.177,-0.257,0.341,0.664,-10.414,14.681,,pan
assignment3_kp2_t1,44.880,1791455938.811868,1298,1791455938.695487,camera_color_optical_frame,1,0.3556,0.6833,0.00192,0.016,1,IDLE,disabled,0.000,0.000,deg/s,joint_states,-0.180,0.180,0.000,0.000,0.949,-0.175,-0.252,0.342,0.661,-10.426,14.622,,pan
assignment3_kp2_t1,44.900,1791455938.831631,1299,1791455938.728842,camera_color_optical_frame,1,0.3552,0.6844,0.00190,0.007,1,IDLE,disabled,0.000,0.000,deg/s,joint_states,-0.180,0.180,0.000,0.000,0.946,-0.174,-0.254,0.341,0.668,-10.415,14.764,,pan
assignment3_kp2_t1,44.920,1791455938.849467,1299,1791455938.728842,camera_color_optical_frame,1,0.3552,0.6844,0.00190,0.027,1,IDLE,disabled,0.000,0.000,deg/s,joint_states,-0.180,0.090,0.000,0.000,0.946,-0.174,-0.254,0.342,0.673,-10.415,14.783,,pan
assignment3_kp2_t1,44.940,1791455938.870325,1300,1791455938.762197,camera_color_optical_frame,1,0.3553,0.6833,0.00192,0.016,1,IDLE,disabled,0.000,0.000,deg/s,joint_states,-0.180,0.090,0.000,0.000,0.951,-0.175,-0.253,0.341,0.667,-10.405,14.648,,pan
assignment3_kp2_t1,44.960,1791455938.890312,1301,1791455938.795552,camera_color_optical_frame,1,0.3555,0.6845,0.00193,0.005,1,IDLE,disabled,0.000,0.000,deg/s,joint_states,-0.180,0.180,0.000,0.000,0.950,-0.175,-0.253,0.342,0.664,-10.435,14.677,,pan
assignment3_kp2_t1,44.980,1791455938.909715,1302,1791455938.828907,camera_color_optical_frame,1,0.3550,0.6844,0.00191,0.008,0,IDLE,disabled,0.000,0.000,deg/s,joint_states,-0.180,0.180,0.000,0.000,0.561,-0.108,-0.154,0.357,0.685,-10.881,15.090,,pan
assignment3_kp2_t1,45.001,1791455938.934437,1302,1791455938.828907,camera_color_optical_frame,1,0.3550,0.6844,0.00191,0.029,0,IDLE,disabled,0.000,0.000,deg/s,joint_states,-0.180,0.180,0.000,0.000,0.551,-0.106,-0.152,0.358,0.685,-10.902,15.108,,pan
assignment3_kp2_t1,45.020,1791455938.950218,1303,1791455938.862262,camera_color_optical_frame,1,0.3550,0.6843,0.00190,0.002,1,IDLE,disabled,0.000,0.000,deg/s,joint_states,-0.180,0.180,0.000,0.000,0.941,-0.172,-0.248,0.340,0.658,-10.383,14.548,,pan
assignment3_kp2_t1,45.041,1791455938.973724,1303,1791455938.862262,camera_color_optical_frame,1,0.3550,0.6843,0.00190,0.023,1,IDLE,disabled,0.000,0.000,deg/s,joint_states,-0.180,0.180,0.000,0.000,0.940,-0.172,-0.248,0.340,0.657,-10.377,14.531,,pan
assignment3_kp2_t1,45.061,1791455938.993285,1304,1791455938.895617,camera_color_optical_frame,1,0.3552,0.6841,0.00192,0.008,1,IDLE,disabled,0.000,0.000,deg/s,joint_states,-0.180,0.180,0.000,0.000,0.994,-0.182,-0.264,0.340,0.662,-10.384,14.640,,pan
assignment3_kp2_t1,45.081,1791455939.010757,1304,1791455938.895617,camera_color_optical_frame,1,0.3552,0.6841,0.00192,0.028,1,IDLE,disabled,0.000,0.000,deg/s,joint_states,-0.180,0.180,0.000,0.000,1.003,-0.184,-0.266,0.340,0.662,-10.378,14.634,,pan
assignment3_kp2_t1,45.100,1791455939.028960,1305,1791455938.928971,camera_color_optical_frame,1,0.3553,0.6827,0.00194,0.013,1,IDLE,disabled,0.000,0.000,deg/s,joint_states,-0.180,0.180,0.000,0.000,0.953,-0.175,-0.253,0.342,0.663,-10.435,14.661,,pan
assignment3_kp2_t1,45.121,1791455939.050254,1305,1791455938.928971,camera_color_optical_frame,1,0.3553,0.6827,0.00194,0.035,1,IDLE,disabled,0.000,0.000,deg/s,joint_states,-0.180,0.180,0.000,0.000,0.954,-0.176,-0.254,0.342,0.663,-10.438,14.667,,pan
assignment3_kp2_t1,45.141,1791455939.074401,1306,1791455938.962326,camera_color_optical_frame,1,0.3553,0.6838,0.00190,0.017,1,IDLE,disabled,0.000,0.000,deg/s,joint_states,-0.180,0.180,0.000,0.000,0.949,-0.174,-0.252,0.342,0.662,-10.422,14.648,,pan
assignment3_kp2_t1,45.160,1791455939.090067,1306,1791455938.962326,camera_color_optical_frame,1,0.3553,0.6838,0.00190,0.036,1,IDLE,disabled,0.000,0.000,deg/s,joint_states,-0.180,0.180,0.000,0.000,0.949,-0.175,-0.252,0.342,0.662,-10.423,14.646,,pan
assignment3_kp2_t1,45.183,1791455939.113296,1307,1791455938.995681,camera_color_optical_frame,1,0.3547,0.6831,0.00189,0.019,1,IDLE,disabled,0.000,0.000,deg/s,joint_states,-0.180,0.180,0.000,0.000,0.949,-0.174,-0.252,0.340,0.663,-10.373,14.665,,pan
assignment3_kp2_t1,45.203,1791455939.135223,1308,1791455939.029036,camera_color_optical_frame,1,0.3551,0.6848,0.00189,0.006,1,IDLE,disabled,0.000,0.000,deg/s,joint_states,-0.180,0.180,0.000,0.000,0.949,-0.174,-0.254,0.341,0.666,-10.405,14.727,,pan
assignment3_kp2_t1,45.220,1791455939.149978,1308,1791455939.029036,camera_color_optical_frame,1,0.3551,0.6848,0.00189,0.023,1,IDLE,disabled,0.000,0.000,deg/s,joint_states,-0.180,0.090,0.000,0.000,0.949,-0.174,-0.254,0.341,0.671,-10.404,14.734,,pan
assignment3_kp2_t1,45.242,1791455939.176146,1309,1791455939.062390,camera_color_optical_frame,1,0.3548,0.6848,0.00188,0.018,1,IDLE,disabled,0.000,0.000,deg/s,joint_states,-0.180,0.180,0.000,0.000,0.947,-0.174,-0.253,0.341,0.667,-10.405,14.738,,pan
assignment3_kp2_t1,45.260,1791455939.190720,1310,1791455939.095745,camera_color_optical_frame,1,0.3548,0.6846,0.00188,0.005,1,IDLE,disabled,0.000,0.000,deg/s,joint_states,-0.180,0.180,0.000,0.000,0.939,-0.172,-0.250,0.341,0.663,-10.391,14.673,,pan
assignment3_kp2_t1,45.282,1791455939.212299,1310,1791455939.095745,camera_color_optical_frame,1,0.3548,0.6846,0.00188,0.027,1,IDLE,disabled,0.000,0.000,deg/s,joint_states,-0.180,0.180,0.000,0.000,0.938,-0.172,-0.250,0.341,0.663,-10.388,14.672,,pan
assignment3_kp2_t1,45.300,1791455939.229014,1311,1791455939.129100,camera_color_optical_frame,1,0.3548,0.6849,0.00187,0.008,1,IDLE,disabled,0.000,0.000,deg/s,joint_states,-0.180,0.180,0.000,0.000,0.950,-0.174,-0.250,0.341,0.656,-10.396,14.523,,pan
assignment3_kp2_t1,45.321,1791455939.250636,1311,1791455939.129100,camera_color_optical_frame,1,0.3548,0.6849,0.00187,0.029,1,IDLE,disabled,0.000,0.000,deg/s,joint_states,-0.180,0.180,0.000,0.000,0.950,-0.174,-0.250,0.341,0.655,-10.395,14.503,,pan
assignment3_kp2_t1,45.341,1791455939.273427,1312,1791455939.162455,camera_color_optical_frame,1,0.3546,0.6846,0.00188,0.016,1,IDLE,disabled,0.000,0.000,deg/s,joint_states,-0.180,0.180,0.000,0.000,0.958,-0.176,-0.255,0.341,0.664,-10.388,14.676,,pan
assignment3_kp2_t1,45.360,1791455939.290008,1312,1791455939.162455,camera_color_optical_frame,1,0.3546,0.6846,0.00188,0.036,1,IDLE,disabled,0.000,0.000,deg/s,joint_states,-0.180,0.180,0.000,0.000,0.959,-0.176,-0.255,0.340,0.664,-10.386,14.676,,pan
assignment3_kp2_t1,45.381,1791455939.311730,1313,1791455939.195809,camera_color_optical_frame,1,0.3547,0.6858,0.00185,0.016,1,IDLE,disabled,0.000,0.000,deg/s,joint_states,-0.180,0.180,0.000,0.000,0.951,-0.175,-0.256,0.341,0.672,-10.403,14.844,,pan
assignment3_kp2_t1,45.400,1791455939.330427,1314,1791455939.229164,camera_color_optical_frame,1,0.3547,0.6860,0.00186,0.010,1,IDLE,disabled,0.000,0.000,deg/s,joint_states,-0.180,0.180,0.000,0.000,0.950,-0.174,-0.254,0.341,0.667,-10.406,14.752,,pan
assignment3_kp2_t1,45.420,1791455939.348996,1315,1791455939.262524,camera_color_optical_frame,1,0.3548,0.6868,0.00187,0.015,0,IDLE,disabled,0.000,0.000,deg/s,joint_states,-0.180,0.180,0.000,0.000,0.558,-0.107,-0.155,0.358,0.691,-10.886,15.226,,pan
assignment3_kp2_t1,45.440,1791455939.370794,1315,1791455939.262524,camera_color_optical_frame,1,0.3548,0.6868,0.00187,0.036,0,IDLE,disabled,0.000,0.000,deg/s,joint_states,-0.180,0.180,0.000,0.000,0.548,-0.106,-0.152,0.358,0.692,-10.907,15.249,,pan
assignment3_kp2_t1,45.460,1791455939.389438,1316,1791455939.295884,camera_color_optical_frame,1,0.3536,0.6949,0.00164,0.006,1,IDLE,disabled,0.000,0.000,deg/s,joint_states,-0.180,0.180,0.000,0.000,0.954,-0.174,-0.263,0.338,0.686,-10.323,15.153,,pan
assignment3_kp2_t1,45.482,1791455939.413120,1316,1791455939.295884,camera_color_optical_frame,1,0.3536,0.6949,0.00164,0.028,1,IDLE,disabled,0.000,0.000,deg/s,joint_states,-0.180,0.180,0.000,0.000,0.955,-0.174,-0.264,0.338,0.689,-10.312,15.215,,pan
assignment3_kp2_t1,45.501,1791455939.431719,1317,1791455939.329244,camera_color_optical_frame,1,0.3521,0.7055,0.00132,0.014,1,IDLE,disabled,0.000,0.000,deg/s,joint_states,-0.180,0.180,0.000,0.000,0.997,-0.181,-0.274,0.337,0.684,-10.284,15.116,,pan
assignment3_kp2_t1,45.520,1791455939.449611,1317,1791455939.329244,camera_color_optical_frame,1,0.3521,0.7055,0.00132,0.033,1,IDLE,disabled,0.000,0.000,deg/s,joint_states,-0.180,0.180,0.000,0.000,1.006,-0.182,-0.276,0.337,0.684,-10.276,15.116,,pan
assignment3_kp2_t1,45.540,1791455939.471021,1318,1791455939.362604,camera_color_optical_frame,1,0.3538,0.7281,0.00086,0.015,1,IDLE,disabled,0.000,0.000,deg/s,joint_states,-0.180,0.180,0.000,0.000,0.952,-0.174,-0.290,0.340,0.760,-10.384,16.677,,pan
assignment3_kp2_t1,45.560,1791455939.489335,1319,1791455939.395964,camera_color_optical_frame,1,0.3533,0.7393,0.00059,0.008,1,IDLE,disabled,0.000,0.000,deg/s,joint_states,-0.180,0.180,0.000,0.000,0.950,-0.174,-0.291,0.341,0.765,-10.411,16.779,,pan
assignment3_kp2_t1,45.580,1791455939.509468,1320,1791455939.429324,camera_color_optical_frame,1,0.3534,0.7475,0.00046,0.015,0,IDLE,disabled,0.000,0.000,deg/s,joint_states,-0.180,0.180,0.000,0.000,0.561,-0.107,-0.170,0.356,0.755,-10.836,16.545,,pan
assignment3_kp2_t1,45.601,1791455939.532297,1320,1791455939.429324,camera_color_optical_frame,1,0.3534,0.7475,0.00046,0.035,0,IDLE,disabled,0.000,0.000,deg/s,joint_states,-0.180,0.180,0.000,0.000,0.551,-0.106,-0.167,0.356,0.757,-10.856,16.586,,pan
assignment3_kp2_t1,45.620,1791455939.549311,1321,1791455939.462684,camera_color_optical_frame,1,0.3522,0.7555,0.00043,0.003,1,IDLE,disabled,0.000,0.000,deg/s,joint_states,-0.180,0.180,0.000,0.000,0.927,-0.168,-0.281,0.337,0.756,-10.286,16.599,,pan
assignment3_kp2_t1,45.644,1791455939.577684,1321,1791455939.462684,camera_color_optical_frame,1,0.3522,0.7555,0.00043,0.027,1,IDLE,disabled,0.000,0.000,deg/s,joint_states,-0.180,0.180,0.000,0.000,0.923,-0.167,-0.282,0.337,0.762,-10.274,16.725,,pan
assignment3_kp2_t1,45.661,1791455939.592874,1322,1791455939.496044,camera_color_optical_frame,1,0.3504,0.7633,0.00043,0.007,1,IDLE,disabled,0.000,0.000,deg/s,joint_states,-0.180,0.180,0.000,0.000,0.967,-0.175,-0.288,0.335,0.742,-10.232,16.312,,pan
assignment3_kp2_t1,45.681,1791455939.610736,1322,1791455939.496044,camera_color_optical_frame,1,0.3504,0.7633,0.00043,0.027,1,IDLE,disabled,0.000,0.000,deg/s,joint_states,-0.180,0.180,0.000,0.000,0.976,-0.176,-0.290,0.335,0.742,-10.223,16.310,,pan
assignment3_kp2_t1,45.700,1791455939.631553,1323,1791455939.529404,camera_color_optical_frame,1,0.3482,0.7698,0.00045,0.014,1,IDLE,disabled,0.000,0.000,deg/s,joint_states,-0.180,0.180,0.000,0.000,0.875,-0.155,-0.271,0.328,0.772,-10.019,16.934,,pan
assignment3_kp2_t1,45.720,1791455939.650083,1324,1791455939.562764,camera_color_optical_frame,1,0.3392,0.7749,0.00042,0.006,1,IDLE,disabled,0.000,0.000,deg/s,joint_states,-0.180,0.180,0.000,0.000,0.884,-0.148,-0.273,0.311,0.770,-9.506,16.916,,pan
assignment3_kp2_t1,45.741,1791455939.672466,1325,1791455939.596124,camera_color_optical_frame,1,0.3331,0.7819,0.00049,0.009,0,IDLE,disabled,0.000,0.000,deg/s,joint_states,-0.180,0.180,0.000,0.000,0.564,-0.101,-0.178,0.333,0.788,-10.163,17.255,,pan
assignment3_kp2_t1,45.760,1791455939.690658,1325,1791455939.596124,camera_color_optical_frame,1,0.3331,0.7819,0.00049,0.028,0,IDLE,disabled,0.000,0.000,deg/s,joint_states,-0.180,0.180,0.000,0.000,0.555,-0.100,-0.176,0.333,0.789,-10.161,17.289,,pan
assignment3_kp2_t1,45.781,1791455939.710776,1326,1791455939.629484,camera_color_optical_frame,1,0.3255,0.7880,0.00052,0.002,0,IDLE,disabled,0.000,0.000,deg/s,joint_states,-0.180,0.180,0.000,0.000,0.545,-0.098,-0.173,0.333,0.791,-10.158,17.327,,pan
assignment3_kp2_t1,45.800,1791455939.731667,1326,1791455939.629484,camera_color_optical_frame,1,0.3255,0.7880,0.00052,0.021,1,IDLE,disabled,0.000,0.000,deg/s,joint_states,-0.180,0.180,0.000,0.000,0.844,-0.132,-0.266,0.290,0.788,-8.897,17.319,,pan
assignment3_kp2_t1,45.821,1791455939.751319,1327,1791455939.662844,camera_color_optical_frame,1,0.3177,0.7941,0.00053,0.003,1,IDLE,disabled,0.000,0.000,deg/s,joint_states,-0.180,0.090,0.000,0.000,0.916,-0.149,-0.283,0.301,0.777,-9.230,16.983,,pan
assignment3_kp2_t1,45.842,1791455939.776655,1327,1791455939.662844,camera_color_optical_frame,1,0.3177,0.7941,0.00053,0.024,1,IDLE,disabled,0.000,0.000,deg/s,joint_states,-0.180,0.180,0.000,0.000,0.926,-0.150,-0.286,0.301,0.772,-9.211,16.980,,pan
assignment3_kp2_t1,45.861,1791455939.791663,1328,1791455939.696204,camera_color_optical_frame,1,0.3115,0.8000,0.00052,0.007,1,IDLE,disabled,0.000,0.000,deg/s,joint_states,-0.180,0.180,0.000,0.000,0.850,-0.127,-0.271,0.278,0.797,-8.533,17.509,,pan
assignment3_kp2_t1,45.881,1791455939.812121,1328,1791455939.696204,camera_color_optical_frame,1,0.3115,0.8000,0.00052,0.027,1,IDLE,disabled,0.000,0.000,deg/s,joint_states,-0.180,0.180,0.000,0.000,0.846,-0.125,-0.271,0.273,0.800,-8.399,17.594,,pan
assignment3_kp2_t1,45.900,1791455939.831490,1329,1791455939.729564,camera_color_optical_frame,1,0.3056,0.8044,0.00049,0.010,1,IDLE,disabled,0.000,0.000,deg/s,joint_states,-0.180,0.180,0.000,0.000,0.836,-0.123,-0.265,0.273,0.791,-8.385,17.396,,pan
assignment3_kp2_t1,45.921,1791455939.851723,1329,1791455939.729564,camera_color_optical_frame,1,0.3056,0.8044,0.00049,0.031,1,IDLE,disabled,0.000,0.000,deg/s,joint_states,-0.180,0.180,0.000,0.000,0.831,-0.121,-0.264,0.268,0.793,-8.259,17.450,,pan
assignment3_kp2_t1,45.941,1791455939.875207,1330,1791455939.762924,camera_color_optical_frame,1,0.3030,0.8119,0.00042,0.016,1,IDLE,disabled,0.000,0.000,deg/s,joint_states,-0.180,0.180,0.000,0.000,0.816,-0.121,-0.265,0.275,0.811,-8.447,17.813,,pan
assignment3_kp2_t1,45.962,1791455939.892187,1331,1791455939.796284,camera_color_optical_frame,1,0.2963,0.8151,0.00045,0.003,1,IDLE,disabled,0.000,0.000,deg/s,joint_states,-0.180,0.180,0.000,0.000,0.810,-0.119,-0.264,0.272,0.815,-8.360,17.900,,pan
assignment3_kp2_t1,45.981,1791455939.912374,1331,1791455939.796284,camera_color_optical_frame,1,0.2963,0.8151,0.00045,0.022,1,IDLE,disabled,0.000,0.000,deg/s,joint_states,-0.180,0.180,0.000,0.000,0.818,-0.118,-0.268,0.266,0.820,-8.191,17.995,,pan
assignment3_kp2_t1,46.000,1791455939.929163,1332,1791455939.829644,camera_color_optical_frame,1,0.2945,0.8202,0.00039,0.009,1,IDLE,disabled,0.000,0.000,deg/s,joint_states,-0.180,0.180,0.000,0.000,0.817,-0.119,-0.268,0.269,0.819,-8.291,17.984,,pan
assignment3_kp2_t1,46.020,1791455939.950136,1332,1791455939.829644,camera_color_optical_frame,1,0.2945,0.8202,0.00039,0.030,1,IDLE,disabled,0.000,0.000,deg/s,joint_states,-0.180,0.180,0.000,0.000,0.812,-0.117,-0.268,0.267,0.824,-8.219,18.075,,pan
assignment3_kp2_t1,46.041,1791455939.975051,1333,1791455939.863004,camera_color_optical_frame,1,0.2899,0.8194,0.00043,0.016,1,IDLE,disabled,0.000,0.000,deg/s,joint_states,-0.180,0.180,0.000,0.000,0.826,-0.119,-0.266,0.266,0.806,-8.179,17.711,,pan
assignment3_kp2_t1,46.061,1791455939.991635,1334,1791455939.896364,camera_color_optical_frame,1,0.2897,0.8209,0.00035,0.002,1,IDLE,disabled,0.000,0.000,deg/s,joint_states,-0.180,0.180,0.000,0.000,0.824,-0.117,-0.266,0.264,0.807,-8.120,17.741,,pan
assignment3_kp2_t1,46.080,1791455940.009876,1334,1791455939.896364,camera_color_optical_frame,1,0.2897,0.8209,0.00035,0.021,1,IDLE,disabled,0.000,0.000,deg/s,joint_states,-0.180,0.180,0.000,0.000,0.832,-0.121,-0.267,0.268,0.801,-8.241,17.620,,pan
assignment3_kp2_t1,46.100,1791455940.029252,1335,1791455939.929724,camera_color_optical_frame,0,0.0000,0.0000,0.00000,0.014,1,IDLE,disabled,0.000,0.000,deg/s,joint_states,-0.180,0.180,0.000,0.000,0.832,-0.120,-0.267,0.266,0.802,-8.198,17.626,,pan
assignment3_kp2_t1,46.120,1791455940.049214,1336,1791455939.963084,camera_color_optical_frame,0,0.0000,0.0000,0.00000,0.016,1,IDLE,disabled,0.000,0.000,deg/s,joint_states,-0.180,0.180,0.000,0.000,0.831,-0.119,-0.267,0.265,0.802,-8.155,17.632,,pan
assignment3_kp2_t1,46.141,1791455940.074394,1336,1791455939.963084,camera_color_optical_frame,0,0.0000,0.0000,0.00000,0.037,1,IDLE,disabled,0.000,0.000,deg/s,joint_states,-0.180,0.180,0.000,0.000,0.831,-0.118,-0.267,0.263,0.802,-8.108,17.639,,pan
assignment3_kp2_t1,46.160,1791455940.089224,1337,1791455939.996444,camera_color_optical_frame,0,0.0000,0.0000,0.00000,0.005,1,IDLE,disabled,0.000,0.000,deg/s,joint_states,-0.180,0.180,0.000,0.000,0.830,-0.118,-0.267,0.262,0.802,-8.067,17.645,,pan
assignment3_kp2_t1,46.181,1791455940.113627,1337,1791455939.996444,camera_color_optical_frame,0,0.0000,0.0000,0.00000,0.026,1,IDLE,disabled,0.000,0.000,deg/s,joint_states,-0.180,0.180,0.000,0.000,0.829,-0.117,-0.267,0.260,0.803,-8.020,17.652,,pan
assignment3_kp2_t1,46.201,1791455940.131061,1338,1791455940.029804,camera_color_optical_frame,0,0.0000,0.0000,0.00000,0.009,1,IDLE,disabled,0.000,0.000,deg/s,joint_states,-0.180,0.180,0.000,0.000,0.829,-0.116,-0.266,0.259,0.803,-7.977,17.658,,pan
assignment3_kp2_t1,46.220,1791455940.151066,1338,1791455940.029804,camera_color_optical_frame,0,0.0000,0.0000,0.00000,0.028,1,IDLE,disabled,0.000,0.000,deg/s,joint_states,-0.180,0.180,0.000,0.000,0.828,-0.115,-0.266,0.257,0.803,-7.935,17.665,,pan
assignment3_kp2_t1,46.241,1791455940.174990,1339,1791455940.063164,camera_color_optical_frame,0,0.0000,0.0000,0.00000,0.011,1,IDLE,disabled,0.000,0.000,deg/s,joint_states,-0.180,0.180,0.000,0.000,0.828,-0.115,-0.266,0.256,0.803,-7.888,17.671,,pan
assignment3_kp2_t1,46.260,1791455940.189469,1339,1791455940.063164,camera_color_optical_frame,0,0.0000,0.0000,0.00000,0.030,1,IDLE,disabled,0.000,0.000,deg/s,joint_states,-0.180,0.180,0.000,0.000,0.827,-0.114,-0.266,0.255,0.803,-7.847,17.677,,pan
assignment3_kp2_t1,46.281,1791455940.216094,1340,1791455940.096524,camera_color_optical_frame,0,0.0000,0.0000,0.00000,0.018,1,IDLE,disabled,0.000,0.000,deg/s,joint_states,-0.180,0.180,0.000,0.000,0.826,-0.113,-0.266,0.253,0.804,-7.800,17.684,,pan
assignment3_kp2_t1,46.301,1791455940.231933,1341,1791455940.129884,camera_color_optical_frame,0,0.0000,0.0000,0.00000,0.008,1,IDLE,disabled,0.000,0.000,deg/s,joint_states,-0.180,0.180,0.000,0.000,0.826,-0.112,-0.266,0.251,0.804,-7.756,17.691,,pan
assignment3_kp2_t1,46.322,1791455940.252538,1341,1791455940.129884,camera_color_optical_frame,0,0.0000,0.0000,0.00000,0.029,1,IDLE,disabled,0.000,0.000,deg/s,joint_states,-0.180,0.180,0.000,0.000,0.825,-0.112,-0.266,0.250,0.804,-7.710,17.697,,pan
assignment3_kp2_t1,46.340,1791455940.272355,1342,1791455940.163244,camera_color_optical_frame,0,0.0000,0.0000,0.00000,0.012,1,IDLE,disabled,0.000,0.000,deg/s,joint_states,-0.180,0.180,0.000,0.000,0.825,-0.111,-0.266,0.249,0.804,-7.670,17.703,,pan
assignment3_kp2_t1,46.361,1791455940.290763,1343,1791455940.196604,camera_color_optical_frame,0,0.0000,0.0000,0.00000,0.002,1,IDLE,disabled,0.000,0.000,deg/s,joint_states,-0.180,0.180,0.000,0.000,0.824,-0.110,-0.265,0.247,0.805,-7.623,17.710,,pan
assignment3_kp2_t1,46.382,1791455940.315756,1343,1791455940.196604,camera_color_optical_frame,0,0.0000,0.0000,0.00000,0.023,1,IDLE,disabled,0.000,0.000,deg/s,joint_states,-0.180,0.180,0.000,0.000,0.823,-0.110,-0.265,0.245,0.805,-7.576,17.716,,pan
assignment3_kp2_t1,46.401,1791455940.331424,1344,1791455940.229964,camera_color_optical_frame,0,0.0000,0.0000,0.00000,0.005,1,IDLE,disabled,0.000,0.000,deg/s,joint_states,-0.180,0.180,0.000,0.000,0.823,-0.109,-0.265,0.244,0.805,-7.535,17.722,,pan
assignment3_kp2_t1,46.422,1791455940.352768,1344,1791455940.229964,camera_color_optical_frame,0,0.0000,0.0000,0.00000,0.027,1,IDLE,disabled,0.000,0.000,deg/s,joint_states,-0.180,0.180,0.000,0.000,0.822,-0.108,-0.265,0.242,0.805,-7.487,17.729,,pan
assignment3_kp2_t1,46.442,1791455940.376144,1345,1791455940.263321,camera_color_optical_frame,0,0.0000,0.0000,0.00000,0.013,1,IDLE,disabled,0.000,0.000,deg/s,joint_states,-0.180,0.180,0.000,0.000,0.822,-0.107,-0.265,0.241,0.806,-7.443,17.736,,pan
assignment3_kp2_t1,46.462,1791455940.393386,1346,1791455940.296685,camera_color_optical_frame,0,0.0000,0.0000,0.00000,0.003,1,IDLE,disabled,0.000,0.000,deg/s,joint_states,-0.180,0.180,0.000,0.000,0.821,-0.107,-0.265,0.239,0.806,-7.397,17.742,,pan
assignment3_kp2_t1,46.481,1791455940.412124,1346,1791455940.296685,camera_color_optical_frame,0,0.0000,0.0000,0.00000,0.022,1,IDLE,disabled,0.000,0.000,deg/s,joint_states,-0.180,0.180,0.000,0.000,0.820,-0.106,-0.265,0.238,0.806,-7.355,17.748,,pan
assignment3_kp2_t1,46.500,1791455940.430123,1347,1791455940.330050,camera_color_optical_frame,0,0.0000,0.0000,0.00000,0.011,1,IDLE,disabled,0.000,0.000,deg/s,joint_states,-0.180,0.180,0.000,0.000,0.820,-0.105,-0.265,0.237,0.806,-7.312,17.754,,pan
assignment3_kp2_t1,46.520,1791455940.450046,1347,1791455940.330050,camera_color_optical_frame,0,0.0000,0.0000,0.00000,0.031,1,IDLE,disabled,0.000,0.000,deg/s,joint_states,-0.180,0.090,0.000,0.000,0.819,-0.104,-0.265,0.235,0.811,-7.267,17.761,,pan
assignment3_kp2_t1,46.542,1791455940.477082,1348,1791455940.363414,camera_color_optical_frame,0,0.0000,0.0000,0.00000,0.018,1,IDLE,disabled,0.000,0.000,deg/s,joint_states,-0.180,0.180,0.000,0.000,0.819,-0.104,-0.264,0.233,0.807,-7.218,17.768,,pan
assignment3_kp2_t1,46.561,1791455940.490309,1349,1791455940.396778,camera_color_optical_frame,1,0.2971,0.7395,0.00220,0.004,1,IDLE,disabled,0.000,0.000,deg/s,joint_states,-0.180,0.180,0.000,0.000,0.844,-0.129,-0.243,0.283,0.719,-8.704,15.894,,pan
assignment3_kp2_t1,46.581,1791455940.513721,1349,1791455940.396778,camera_color_optical_frame,1,0.2971,0.7395,0.00220,0.025,1,IDLE,disabled,0.000,0.000,deg/s,joint_states,-0.180,0.090,0.000,0.000,0.844,-0.129,-0.243,0.284,0.723,-8.704,15.894,,pan
assignment3_kp2_t1,46.601,1791455940.531705,1350,1791455940.430143,camera_color_optical_frame,1,0.2979,0.7400,0.00224,0.006,1,IDLE,disabled,0.000,0.000,deg/s,joint_states,-0.180,0.180,0.000,0.000,0.844,-0.130,-0.242,0.284,0.716,-8.722,15.831,,pan
assignment3_kp2_t1,46.620,1791455940.550117,1350,1791455940.430143,camera_color_optical_frame,1,0.2979,0.7400,0.00224,0.025,1,IDLE,disabled,0.000,0.000,deg/s,joint_states,-0.180,0.180,0.000,0.000,0.844,-0.130,-0.242,0.284,0.716,-8.722,15.831,,pan
assignment3_kp2_t1,46.640,1791455940.571004,1351,1791455940.463507,camera_color_optical_frame,1,0.2979,0.7403,0.00218,0.015,1,IDLE,disabled,0.000,0.000,deg/s,joint_states,-0.180,0.180,0.000,0.000,0.844,-0.130,-0.244,0.285,0.721,-8.761,15.936,,pan
assignment3_kp2_t1,46.660,1791455940.590772,1352,1791455940.496871,camera_color_optical_frame,1,0.2979,0.7403,0.00217,0.007,1,IDLE,disabled,0.000,0.000,deg/s,joint_states,-0.180,0.180,0.000,0.000,0.847,-0.130,-0.243,0.284,0.716,-8.721,15.842,,pan
assignment3_kp2_t1,46.680,1791455940.609362,1353,1791455940.530236,camera_color_optical_frame,1,0.2986,0.7405,0.00220,0.011,0,IDLE,disabled,0.000,0.000,deg/s,joint_states,-0.180,0.180,0.000,0.000,0.562,-0.092,-0.168,0.302,0.745,-9.253,16.423,,pan
assignment3_kp2_t1,46.700,1791455940.632195,1353,1791455940.530236,camera_color_optical_frame,1,0.2986,0.7405,0.00220,0.031,0,IDLE,disabled,0.000,0.000,deg/s,joint_states,-0.180,0.180,0.000,0.000,0.552,-0.090,-0.165,0.303,0.747,-9.280,16.450,,pan
assignment3_kp2_t1,46.720,1791455940.650002,1354,1791455940.563601,camera_color_optical_frame,1,0.2971,0.7393,0.00222,0.003,1,IDLE,disabled,0.000,0.000,deg/s,joint_states,-0.180,0.180,0.000,0.000,0.838,-0.128,-0.242,0.283,0.722,-8.679,15.961,,pan
assignment3_kp2_t1,46.741,1791455940.675660,1354,1791455940.563601,camera_color_optical_frame,1,0.2971,0.7393,0.00222,0.024,1,IDLE,disabled,0.000,0.000,deg/s,joint_states,-0.180,0.180,0.000,0.000,0.837,-0.128,-0.242,0.282,0.723,-8.674,15.979,,pan
assignment3_kp2_t1,46.760,1791455940.694312,1355,1791455940.596965,camera_color_optical_frame,1,0.2975,0.7384,0.00233,0.005,1,IDLE,disabled,0.000,0.000,deg/s,joint_states,-0.180,0.180,0.000,0.000,0.889,-0.135,-0.255,0.282,0.715,-8.662,15.815,,pan
assignment3_kp2_t1,46.781,1791455940.711695,1355,1791455940.596965,camera_color_optical_frame,1,0.2975,0.7384,0.00233,0.026,1,IDLE,disabled,0.000,0.000,deg/s,joint_states,-0.180,0.180,0.000,0.000,0.899,-0.137,-0.257,0.282,0.714,-8.651,15.804,,pan
assignment3_kp2_t1,46.800,1791455940.729960,1356,1791455940.630330,camera_color_optical_frame,1,0.2977,0.7406,0.00227,0.013,1,IDLE,disabled,0.000,0.000,deg/s,joint_states,-0.180,0.180,0.000,0.000,0.852,-0.131,-0.246,0.285,0.722,-8.742,15.954,,pan
assignment3_kp2_t1,46.820,1791455940.749344,1357,1791455940.663695,camera_color_optical_frame,1,0.2984,0.7412,0.00228,0.016,0,IDLE,disabled,0.000,0.000,deg/s,joint_states,-0.180,0.180,0.000,0.000,0.559,-0.091,-0.167,0.302,0.747,-9.256,16.460,,pan
assignment3_kp2_t1,46.842,1791455940.774919,1357,1791455940.663695,camera_color_optical_frame,1,0.2984,0.7412,0.00228,0.038,0,IDLE,disabled,0.000,0.000,deg/s,joint_states,-0.180,0.180,0.000,0.000,0.548,-0.090,-0.164,0.303,0.749,-9.287,16.493,,pan
assignment3_kp2_t1,46.861,1791455940.791240,1357,1791455940.663695,camera_color_optical_frame,1,0.2984,0.7412,0.00228,0.057,0,IDLE,disabled,0.000,0.000,deg/s,joint_states,-0.180,0.180,0.000,0.000,0.539,-0.088,-0.162,0.304,0.750,-9.314,16.523,,pan
assignment3_kp2_t1,46.880,1791455940.811550,1358,1791455940.697059,camera_color_optical_frame,1,0.2973,0.7405,0.00233,0.015,1,IDLE,disabled,0.000,0.000,deg/s,joint_states,-0.180,0.180,0.000,0.000,0.830,-0.127,-0.239,0.283,0.719,-8.690,15.911,,pan
assignment3_kp2_t1,46.900,1791455940.829456,1359,1791455940.730424,camera_color_optical_frame,1,0.2970,0.7392,0.00233,0.008,1,IDLE,disabled,0.000,0.000,deg/s,joint_states,-0.180,0.180,0.000,0.000,0.888,-0.135,-0.255,0.281,0.715,-8.641,15.828,,pan
assignment3_kp2_t1,46.920,1791455940.850468,1359,1791455940.730424,camera_color_optical_frame,1,0.2970,0.7392,0.00233,0.028,1,IDLE,disabled,0.000,0.000,deg/s,joint_states,-0.180,0.180,0.000,0.000,0.897,-0.136,-0.257,0.281,0.715,-8.629,15.817,,pan
assignment3_kp2_t1,46.941,1791455940.876433,1360,1791455940.763789,camera_color_optical_frame,1,0.2977,0.7396,0.00238,0.015,1,IDLE,disabled,0.000,0.000,deg/s,joint_states,-0.180,0.180,0.000,0.000,0.850,-0.131,-0.245,0.285,0.718,-8.742,15.869,,pan
assignment3_kp2_t1,46.960,1791455940.891122,1360,1791455940.763789,camera_color_optical_frame,1,0.2977,0.7396,0.00238,0.034,1,IDLE,disabled,0.000,0.000,deg/s,joint_states,-0.180,0.180,0.000,0.000,0.851,-0.131,-0.245,0.285,0.717,-8.745,15.864,,pan
assignment3_kp2_t1,46.980,1791455940.911151,1361,1791455940.797154,camera_color_optical_frame,1,0.2983,0.7393,0.00230,0.015,1,IDLE,disabled,0.000,0.000,deg/s,joint_states,-0.180,0.180,0.000,0.000,0.841,-0.130,-0.242,0.287,0.719,-8.806,15.893,,pan
assignment3_kp2_t1,47.000,1791455940.929462,1362,1791455940.830519,camera_color_optical_frame,1,0.2973,0.7390,0.00237,0.004,1,IDLE,disabled,0.000,0.000,deg/s,joint_states,-0.180,0.180,0.000,0.000,0.851,-0.130,-0.245,0.283,0.717,-8.691,15.868,,pan
assignment3_kp2_t1,47.020,1791455940.950209,1362,1791455940.830519,camera_color_optical_frame,1,0.2973,0.7390,0.00237,0.025,1,IDLE,disabled,0.000,0.000,deg/s,joint_states,-0.180,0.180,0.000,0.000,0.852,-0.130,-0.245,0.283,0.717,-8.687,15.865,,pan
assignment3_kp2_t1,47.040,1791455940.970228,1363,1791455940.863884,camera_color_optical_frame,1,0.2976,0.7401,0.00239,0.014,1,IDLE,disabled,0.000,0.000,deg/s,joint_states,-0.180,0.180,0.000,0.000,0.841,-0.128,-0.243,0.283,0.721,-8.683,15.934,,pan
assignment3_kp2_t1,47.059,1791455940.988639,1364,1791455940.897249,camera_color_optical_frame,1,0.2977,0.7413,0.00228,0.005,1,IDLE,disabled,0.000,0.000,deg/s,joint_states,-0.180,0.090,0.000,0.000,0.844,-0.130,-0.245,0.285,0.728,-8.738,15.995,,pan
assignment3_kp2_t1,47.081,1791455941.010705,1364,1791455940.897249,camera_color_optical_frame,1,0.2977,0.7413,0.00228,0.026,1,IDLE,disabled,0.000,0.000,deg/s,joint_states,-0.180,0.180,0.000,0.000,0.844,-0.130,-0.245,0.285,0.724,-8.741,16.009,,pan
assignment3_kp2_t1,47.100,1791455941.028978,1364,1791455940.897249,camera_color_optical_frame,1,0.2977,0.7413,0.00228,0.046,1,IDLE,disabled,0.000,0.000,deg/s,joint_states,-0.180,0.180,0.000,0.000,0.844,-0.130,-0.245,0.285,0.725,-8.745,16.023,,pan
assignment3_kp2_t1,47.120,1791455941.049337,1365,1791455940.930614,camera_color_optical_frame,1,0.2981,0.7377,0.00239,0.018,0,IDLE,disabled,0.000,0.000,deg/s,joint_states,-0.180,0.090,0.000,0.000,0.543,-0.089,-0.162,0.303,0.749,-9.290,16.404,,pan
assignment3_kp2_t1,47.141,1791455941.071570,1366,1791455940.963979,camera_color_optical_frame,1,0.2983,0.7392,0.00237,0.018,0,IDLE,disabled,0.000,0.000,deg/s,joint_states,-0.180,0.180,0.000,0.000,0.549,-0.090,-0.163,0.303,0.742,-9.277,16.357,,pan
assignment3_kp2_t1,47.160,1791455941.089008,1367,1791455940.997344,camera_color_optical_frame,1,0.2979,0.7407,0.00244,0.002,1,IDLE,disabled,0.000,0.000,deg/s,joint_states,-0.180,0.090,0.000,0.000,0.881,-0.134,-0.253,0.283,0.722,-8.675,15.874,,pan
assignment3_kp2_t1,47.182,1791455941.113922,1367,1791455940.997344,camera_color_optical_frame,1,0.2979,0.7407,0.00244,0.025,1,IDLE,disabled,0.000,0.000,deg/s,joint_states,-0.180,0.180,0.000,0.000,0.892,-0.136,-0.256,0.282,0.717,-8.663,15.864,,pan
assignment3_kp2_t1,47.201,1791455941.131526,1368,1791455941.030710,camera_color_optical_frame,1,0.2979,0.7391,0.00257,0.005,1,IDLE,disabled,0.000,0.000,deg/s,joint_states,-0.180,0.180,0.000,0.000,0.892,-0.136,-0.255,0.282,0.712,-8.670,15.751,,pan
assignment3_kp2_t1,47.223,1791455941.152725,1368,1791455941.030710,camera_color_optical_frame,1,0.2979,0.7391,0.00257,0.028,1,IDLE,disabled,0.000,0.000,deg/s,joint_states,-0.180,0.180,0.000,0.000,0.903,-0.138,-0.257,0.282,0.711,-8.659,15.739,,pan
assignment3_kp2_t1,47.241,1791455941.173440,1369,1791455941.064075,camera_color_optical_frame,1,0.2977,0.7383,0.00244,0.013,1,IDLE,disabled,0.000,0.000,deg/s,joint_states,-0.180,0.180,0.000,0.000,0.846,-0.130,-0.240,0.284,0.708,-8.709,15.677,,pan
assignment3_kp2_t1,47.260,1791455941.190541,1369,1791455941.064075,camera_color_optical_frame,1,0.2977,0.7383,0.00244,0.032,1,IDLE,disabled,0.000,0.000,deg/s,joint_states,-0.180,0.180,0.000,0.000,0.847,-0.130,-0.240,0.284,0.707,-8.707,15.650,,pan
assignment3_kp2_t1,47.282,1791455941.214277,1370,1791455941.097440,camera_color_optical_frame,1,0.2988,0.7418,0.00248,0.019,1,IDLE,disabled,0.000,0.000,deg/s,joint_states,-0.180,0.180,0.000,0.000,0.836,-0.130,-0.245,0.287,0.732,-8.804,16.168,,pan
assignment3_kp2_t1,47.301,1791455941.231286,1371,1791455941.130806,camera_color_optical_frame,1,0.2976,0.7401,0.00248,0.004,1,IDLE,disabled,0.000,0.000,deg/s,joint_states,-0.180,0.180,0.000,0.000,0.843,-0.129,-0.245,0.284,0.725,-8.715,16.030,,pan
assignment3_kp2_t1,47.322,1791455941.252438,1371,1791455941.130806,camera_color_optical_frame,1,0.2976,0.7401,0.00248,0.025,1,IDLE,disabled,0.000,0.000,deg/s,joint_states,-0.180,0.180,0.000,0.000,0.843,-0.129,-0.246,0.284,0.726,-8.715,16.057,,pan
assignment3_kp2_t1,47.340,1791455941.269780,1372,1791455941.164171,camera_color_optical_frame,1,0.2985,0.7392,0.00251,0.013,1,IDLE,disabled,0.000,0.000,deg/s,joint_states,-0.180,0.180,0.000,0.000,0.852,-0.131,-0.244,0.284,0.714,-8.728,15.803,,pan
assignment3_kp2_t1,47.360,1791455941.290064,1372,1791455941.164171,camera_color_optical_frame,1,0.2985,0.7392,0.00251,0.033,1,IDLE,disabled,0.000,0.000,deg/s,joint_states,-0.180,0.180,0.000,0.000,0.853,-0.131,-0.244,0.284,0.714,-8.726,15.788,,pan
assignment3_kp2_t1,47.380,1791455941.311869,1373,1791455941.197537,camera_color_optical_frame,1,0.2973,0.7386,0.00250,0.016,1,IDLE,disabled,0.000,0.000,deg/s,joint_states,-0.180,0.180,0.000,0.000,0.845,-0.129,-0.242,0.283,0.715,-8.693,15.822,,pan
assignment3_kp2_t1,47.401,1791455941.332694,1374,1791455941.230902,camera_color_optical_frame,1,0.2992,0.7386,0.00252,0.004,1,IDLE,disabled,0.000,0.000,deg/s,joint_states,-0.180,0.180,0.000,0.000,0.833,-0.129,-0.239,0.287,0.717,-8.799,15.850,,pan
assignment3_kp2_t1,47.420,1791455941.349004,1375,1791455941.264268,camera_color_optical_frame,1,0.2985,0.7407,0.00256,0.005,0,IDLE,disabled,0.000,0.000,deg/s,joint_states,-0.180,0.180,0.000,0.000,0.559,-0.091,-0.167,0.302,0.746,-9.250,16.441,,pan
assignment3_kp2_t1,47.441,1791455941.372752,1375,1791455941.264268,camera_color_optical_frame,1,0.2985,0.7407,0.00256,0.026,0,IDLE,disabled,0.000,0.000,deg/s,joint_states,-0.180,0.180,0.000,0.000,0.549,-0.090,-0.164,0.303,0.748,-9.278,16.472,,pan
assignment3_kp2_t1,47.461,1791455941.392561,1376,1791455941.297633,camera_color_optical_frame,1,0.2979,0.7375,0.00253,0.005,1,IDLE,disabled,0.000,0.000,deg/s,joint_states,-0.180,0.090,0.000,0.000,0.843,-0.129,-0.242,0.282,0.719,-8.672,15.822,,pan
assignment3_kp2_t1,47.481,1791455941.412734,1376,1791455941.297633,camera_color_optical_frame,1,0.2979,0.7375,0.00253,0.025,1,IDLE,disabled,0.000,0.000,deg/s,joint_states,-0.180,0.090,0.000,0.000,0.844,-0.128,-0.242,0.282,0.719,-8.660,15.816,,pan
assignment3_kp2_t1,47.500,1791455941.430193,1377,1791455941.330999,camera_color_optical_frame,1,0.2982,0.7380,0.00244,0.008,1,IDLE,disabled,0.000,0.000,deg/s,joint_states,-0.180,0.180,0.000,0.000,0.886,-0.135,-0.254,0.283,0.714,-8.679,15.800,,pan
assignment3_kp2_t1,47.521,1791455941.451185,1377,1791455941.330999,camera_color_optical_frame,1,0.2982,0.7380,0.00244,0.029,1,IDLE,disabled,0.000,0.000,deg/s,joint_states,-0.180,0.090,0.000,0.000,0.896,-0.137,-0.256,0.282,0.718,-8.668,15.788,,pan
assignment3_kp2_t1,47.541,1791455941.471992,1378,1791455941.364364,camera_color_optical_frame,1,0.2985,0.7382,0.00261,0.012,1,IDLE,disabled,0.000,0.000,deg/s,joint_states,-0.180,0.180,0.000,0.000,0.842,-0.130,-0.241,0.285,0.713,-8.764,15.769,,pan
assignment3_kp2_t1,47.560,1791455941.490336,1378,1791455941.364364,camera_color_optical_frame,1,0.2985,0.7382,0.00261,0.032,1,IDLE,disabled,0.000,0.000,deg/s,joint_states,-0.180,0.180,0.000,0.000,0.842,-0.130,-0.241,0.286,0.712,-8.768,15.759,,pan
assignment3_kp2_t1,47.584,1791455941.515656,1379,1791455941.397730,camera_color_optical_frame,1,0.2980,0.7387,0.00250,0.019,1,IDLE,disabled,0.000,0.000,deg/s,joint_states,-0.180,0.180,0.000,0.000,0.847,-0.130,-0.242,0.284,0.712,-8.726,15.755,,pan
assignment3_kp2_t1,47.606,1791455941.537732,1380,1791455941.431096,camera_color_optical_frame,1,0.2980,0.7412,0.00256,0.006,1,IDLE,disabled,0.000,0.000,deg/s,joint_states,-0.180,0.180,0.000,0.000,0.840,-0.129,-0.242,0.283,0.719,-8.701,15.900,,pan
assignment3_kp2_t1,47.620,1791455941.550874,1380,1791455941.431096,camera_color_optical_frame,1,0.2980,0.7412,0.00256,0.020,1,IDLE,disabled,0.000,0.000,deg/s,joint_states,-0.180,0.180,0.000,0.000,0.840,-0.128,-0.242,0.283,0.719,-8.698,15.907,,pan
assignment3_kp2_t1,47.641,1791455941.575604,1381,1791455941.464461,camera_color_optical_frame,1,0.2983,0.7395,0.00256,0.007,1,IDLE,disabled,0.000,0.000,deg/s,joint_states,-0.180,0.180,0.000,0.000,0.831,-0.128,-0.241,0.285,0.725,-8.760,16.033,,pan
assignment3_kp2_t1,47.663,1791455941.595388,1382,1791455941.497827,camera_color_optical_frame,1,0.2968,0.7412,0.00246,0.007,1,IDLE,disabled,0.000,0.000,deg/s,joint_states,-0.180,0.180,0.000,0.000,0.843,-0.128,-0.245,0.281,0.726,-8.647,16.042,,pan
assignment3_kp2_t1,47.681,1791455941.612178,1382,1791455941.497827,camera_color_optical_frame,1,0.2968,0.7412,0.00246,0.025,1,IDLE,disabled,0.000,0.000,deg/s,joint_states,-0.180,0.180,0.000,0.000,0.843,-0.128,-0.246,0.281,0.727,-8.638,16.063,,pan
assignment3_kp2_t1,47.700,1791455941.630972,1383,1791455941.531193,camera_color_optical_frame,1,0.2984,0.7379,0.00252,0.011,1,IDLE,disabled,0.000,0.000,deg/s,joint_states,-0.180,0.180,0.000,0.000,0.851,-0.131,-0.244,0.285,0.715,-8.745,15.812,,pan
assignment3_kp2_t1,47.721,1791455941.651517,1383,1791455941.531193,camera_color_optical_frame,1,0.2984,0.7379,0.00252,0.033,1,IDLE,disabled,0.000,0.000,deg/s,joint_states,-0.180,0.180,0.000,0.000,0.853,-0.131,-0.244,0.285,0.714,-8.746,15.801,,pan
assignment3_kp2_t1,47.743,1791455941.676731,1384,1791455941.564559,camera_color_optical_frame,1,0.2977,0.7394,0.00253,0.012,1,IDLE,disabled,0.000,0.000,deg/s,joint_states,-0.180,0.180,0.000,0.000,0.845,-0.129,-0.243,0.283,0.718,-8.697,15.890,,pan
assignment3_kp2_t1,47.760,1791455941.690195,1384,1791455941.564559,camera_color_optical_frame,1,0.2977,0.7394,0.00253,0.028,1,IDLE,disabled,0.000,0.000,deg/s,joint_states,-0.180,0.180,0.000,0.000,0.846,-0.129,-0.244,0.283,0.718,-8.693,15.890,,pan
assignment3_kp2_t1,47.783,1791455941.713567,1385,1791455941.597924,camera_color_optical_frame,1,0.2975,0.7395,0.00241,0.015,1,IDLE,disabled,0.000,0.000,deg/s,joint_states,-0.180,0.180,0.000,0.000,0.836,-0.127,-0.242,0.282,0.722,-8.667,15.955,,pan
assignment3_kp2_t1,47.801,1791455941.732115,1386,1791455941.631290,camera_color_optical_frame,1,0.2980,0.7398,0.00256,0.006,1,IDLE,disabled,0.000,0.000,deg/s,joint_states,-0.180,0.180,0.000,0.000,0.856,-0.132,-0.247,0.285,0.720,-8.742,15.912,,pan
assignment3_kp2_t1,47.822,1791455941.751059,1386,1791455941.631290,camera_color_optical_frame,1,0.2980,0.7398,0.00256,0.027,1,IDLE,disabled,0.000,0.000,deg/s,joint_states,-0.180,0.180,0.000,0.000,0.858,-0.132,-0.248,0.285,0.720,-8.744,15.914,,pan
assignment3_kp2_t1,47.840,1791455941.770053,1387,1791455941.664656,camera_color_optical_frame,1,0.2984,0.7397,0.00250,0.013,1,IDLE,disabled,0.000,0.000,deg/s,joint_states,-0.180,0.180,0.000,0.000,0.854,-0.132,-0.246,0.286,0.719,-8.781,15.903,,pan
assignment3_kp2_t1,47.860,1791455941.789430,1387,1791455941.664656,camera_color_optical_frame,1,0.2984,0.7397,0.00250,0.033,1,IDLE,disabled,0.000,0.000,deg/s,joint_states,-0.180,0.090,0.000,0.000,0.855,-0.132,-0.247,0.286,0.724,-8.788,15.904,,pan
assignment3_kp2_t1,47.882,1791455941.813242,1388,1791455941.698022,camera_color_optical_frame,1,0.2986,0.7377,0.00249,0.016,1,IDLE,disabled,0.000,0.000,deg/s,joint_states,-0.180,0.180,0.000,0.000,0.829,-0.128,-0.237,0.286,0.713,-8.775,15.780,,pan
assignment3_kp2_t1,47.900,1791455941.831419,1389,1791455941.731388,camera_color_optical_frame,1,0.2984,0.7378,0.00248,0.006,1,IDLE,disabled,0.000,0.000,deg/s,joint_states,-0.180,0.180,0.000,0.000,0.841,-0.129,-0.241,0.285,0.714,-8.744,15.796,,pan
assignment3_kp2_t1,47.922,1791455941.852198,1389,1791455941.731388,camera_color_optical_frame,1,0.2984,0.7378,0.00248,0.028,1,IDLE,disabled,0.000,0.000,deg/s,joint_states,-0.180,0.180,0.000,0.000,0.840,-0.129,-0.240,0.285,0.713,-8.744,15.783,,pan
assignment3_kp2_t1,47.940,1791455941.869782,1390,1791455941.764754,camera_color_optical_frame,1,0.2980,0.7383,0.00255,0.010,1,IDLE,disabled,0.000,0.000,deg/s,joint_states,-0.180,0.180,0.000,0.000,0.852,-0.130,-0.243,0.283,0.713,-8.697,15.767,,pan
assignment3_kp2_t1,47.960,1791455941.889559,1390,1791455941.764754,camera_color_optical_frame,1,0.2980,0.7383,0.00255,0.030,1,IDLE,disabled,0.000,0.000,deg/s,joint_states,-0.180,0.180,0.000,0.000,0.853,-0.130,-0.243,0.283,0.712,-8.691,15.757,,pan
assignment3_kp2_t1,47.980,1791455941.912302,1391,1791455941.798120,camera_color_optical_frame,1,0.2983,0.7385,0.00257,0.016,1,IDLE,disabled,0.000,0.000,deg/s,joint_states,-0.180,0.090,0.000,0.000,0.849,-0.130,-0.245,0.285,0.723,-8.735,15.899,,pan
assignment3_kp2_t1,48.002,1791455941.932546,1392,1791455941.831486,camera_color_optical_frame,1,0.2983,0.7372,0.00255,0.002,1,IDLE,disabled,0.000,0.000,deg/s,joint_states,-0.180,0.180,0.000,0.000,0.850,-0.131,-0.245,0.284,0.719,-8.734,15.904,,pan
assignment3_kp2_t1,48.021,1791455941.953452,1392,1791455941.831486,camera_color_optical_frame,1,0.2983,0.7372,0.00255,0.022,1,IDLE,disabled,0.000,0.000,deg/s,joint_states,-0.180,0.180,0.000,0.000,0.836,-0.129,-0.241,0.285,0.718,-8.758,15.888,,pan
assignment3_kp2_t1,48.040,1791455941.970175,1393,1791455941.864852,camera_color_optical_frame,1,0.2981,0.7389,0.00256,0.007,1,IDLE,disabled,0.000,0.000,deg/s,joint_states,-0.180,0.180,0.000,0.000,0.836,-0.128,-0.241,0.284,0.719,-8.717,15.893,,pan
assignment3_kp2_t1,48.061,1791455941.990708,1393,1791455941.864852,camera_color_optical_frame,1,0.2981,0.7389,0.00256,0.027,1,IDLE,disabled,0.000,0.000,deg/s,joint_states,-0.180,0.180,0.000,0.000,0.834,-0.128,-0.240,0.284,0.719,-8.715,15.895,,pan
assignment3_kp2_t1,48.080,1791455942.009069,1394,1791455941.898219,camera_color_optical_frame,1,0.2986,0.7400,0.00260,0.013,1,IDLE,disabled,0.000,0.000,deg/s,joint_states,-0.180,0.180,0.000,0.000,0.843,-0.130,-0.242,0.285,0.715,-8.757,15.818,,pan
assignment3_kp2_t1,48.100,1791455942.030305,1394,1791455941.898219,camera_color_optical_frame,1,0.2986,0.7400,0.00260,0.034,1,IDLE,disabled,0.000,0.000,deg/s,joint_states,-0.180,0.180,0.000,0.000,0.843,-0.130,-0.242,0.285,0.715,-8.759,15.815,,pan
assignment3_kp2_t1,48.121,1791455942.051369,1395,1791455941.931585,camera_color_optical_frame,1,0.2987,0.7381,0.00258,0.011,1,IDLE,disabled,0.000,0.000,deg/s,joint_states,-0.180,0.180,0.000,0.000,0.842,-0.130,-0.242,0.286,0.716,-8.783,15.833,,pan
assignment3_kp2_t1,48.140,1791455942.069383,1395,1791455941.931585,camera_color_optical_frame,1,0.2987,0.7381,0.00258,0.030,1,IDLE,disabled,0.000,0.000,deg/s,joint_states,-0.180,0.180,0.000,0.000,0.842,-0.130,-0.241,0.286,0.716,-8.788,15.828,,pan
assignment3_kp2_t1,48.161,1791455942.093544,1396,1791455941.964951,camera_color_optical_frame,1,0.2985,0.7388,0.00259,0.018,1,IDLE,disabled,0.000,0.000,deg/s,joint_states,-0.180,0.180,0.000,0.000,0.847,-0.130,-0.245,0.285,0.722,-8.741,15.963,,pan
assignment3_kp2_t1,48.181,1791455942.110670,1397,1791455941.998317,camera_color_optical_frame,1,0.2985,0.7376,0.00258,0.004,1,IDLE,disabled,0.000,0.000,deg/s,joint_states,-0.180,0.180,0.000,0.000,0.852,-0.131,-0.245,0.284,0.716,-8.733,15.839,,pan
assignment3_kp2_t1,48.201,1791455942.133028,1397,1791455941.998317,camera_color_optical_frame,1,0.2985,0.7376,0.00258,0.024,1,IDLE,disabled,0.000,0.000,deg/s,joint_states,-0.180,0.180,0.000,0.000,0.854,-0.131,-0.245,0.284,0.716,-8.732,15.836,,pan
assignment3_kp2_t1,48.221,1791455942.150398,1398,1791455942.031683,camera_color_optical_frame,1,0.2990,0.7373,0.00258,0.005,1,IDLE,disabled,0.000,0.000,deg/s,joint_states,-0.180,0.180,0.000,0.000,0.836,-0.129,-0.239,0.286,0.714,-8.783,15.792,,pan
assignment3_kp2_t1,48.241,1791455942.173444,1398,1791455942.031683,camera_color_optical_frame,1,0.2990,0.7373,0.00258,0.025,1,IDLE,disabled,0.000,0.000,deg/s,joint_states,-0.180,0.180,0.000,0.000,0.835,-0.129,-0.239,0.286,0.713,-8.787,15.782,,pan
assignment3_kp2_t1,48.261,1791455942.191169,1399,1791455942.065050,camera_color_optical_frame,1,0.2987,0.7382,0.00259,0.008,1,IDLE,disabled,0.000,0.000,deg/s,joint_states,-0.180,0.180,0.000,0.000,0.832,-0.128,-0.239,0.285,0.718,-8.766,15.885,,pan
assignment3_kp2_t1,48.282,1791455942.212093,1399,1791455942.065050,camera_color_optical_frame,1,0.2987,0.7382,0.00259,0.029,1,IDLE,disabled,0.000,0.000,deg/s,joint_states,-0.180,0.180,0.000,0.000,0.830,-0.128,-0.239,0.286,0.718,-8.768,15.889,,pan
assignment3_kp2_t1,48.300,1791455942.231237,1400,1791455942.098417,camera_color_optical_frame,1,0.2984,0.7382,0.00254,0.009,1,IDLE,disabled,0.000,0.000,deg/s,joint_states,-0.180,0.180,0.000,0.000,0.850,-0.130,-0.245,0.284,0.719,-8.712,15.903,,pan
assignment3_kp2_t1,48.320,1791455942.249517,1400,1791455942.098417,camera_color_optical_frame,1,0.2984,0.7382,0.00254,0.029,1,IDLE,disabled,0.000,0.000,deg/s,joint_states,-0.180,0.180,0.000,0.000,0.851,-0.130,-0.245,0.284,0.719,-8.707,15.909,,pan
assignment3_kp2_t1,48.340,1791455942.271378,1401,1791455942.131783,camera_color_optical_frame,1,0.2985,0.7384,0.00253,0.017,1,IDLE,disabled,0.000,0.000,deg/s,joint_states,-0.180,0.180,0.000,0.000,0.838,-0.129,-0.241,0.284,0.718,-8.726,15.881,,pan
assignment3_kp2_t1,48.360,1791455942.290272,1402,1791455942.165149,camera_color_optical_frame,1,0.2987,0.7374,0.00251,0.002,1,IDLE,disabled,0.000,0.000,deg/s,joint_states,-0.180,0.180,0.000,0.000,0.844,-0.130,-0.242,0.285,0.715,-8.763,15.820,,pan
assignment3_kp2_t1,48.382,1791455942.315255,1402,1791455942.165149,camera_color_optical_frame,1,0.2987,0.7374,0.00251,0.024,1,IDLE,disabled,0.000,0.000,deg/s,joint_states,-0.180,0.180,0.000,0.000,0.844,-0.130,-0.242,0.285,0.715,-8.765,15.815,,pan
assignment3_kp2_t1,48.401,1791455942.331785,1403,1791455942.198516,camera_color_optical_frame,1,0.2989,0.7388,0.00259,0.008,1,IDLE,disabled,0.000,0.000,deg/s,joint_states,-0.180,0.180,0.000,0.000,0.855,-0.132,-0.246,0.286,0.719,-8.781,15.893,,pan
assignment3_kp2_t1,48.422,1791455942.352169,1403,1791455942.198516,camera_color_optical_frame,1,0.2989,0.7388,0.00259,0.029,1,IDLE,disabled,0.000,0.000,deg/s,joint_states,-0.180,0.180,0.000,0.000,0.856,-0.132,-0.247,0.286,0.719,-8.785,15.895,,pan
assignment3_kp2_t1,48.442,1791455942.372627,1404,1791455942.231876,camera_color_optical_frame,1,0.2984,0.7377,0.00255,0.015,1,IDLE,disabled,0.000,0.000,deg/s,joint_states,-0.180,0.180,0.000,0.000,0.828,-0.127,-0.238,0.284,0.718,-8.724,15.871,,pan
assignment3_kp2_t1,48.462,1791455942.392383,1404,1791455942.231876,camera_color_optical_frame,1,0.2984,0.7377,0.00255,0.035,1,IDLE,disabled,0.000,0.000,deg/s,joint_states,-0.180,0.090,0.000,0.000,0.827,-0.127,-0.238,0.284,0.722,-8.722,15.873,,pan
assignment3_kp2_t1,48.480,1791455942.412273,1405,1791455942.265241,camera_color_optical_frame,1,0.2992,0.7385,0.00263,0.010,1,IDLE,disabled,0.000,0.000,deg/s,joint_states,-0.180,0.180,0.000,0.000,0.845,-0.131,-0.243,0.286,0.717,-8.785,15.858,,pan
assignment3_kp2_t1,48.500,1791455942.430383,1406,1791455942.298605,camera_color_optical_frame,1,0.2987,0.7399,0.00253,0.005,0,IDLE,disabled,0.000,0.000,deg/s,joint_states,-0.180,0.180,0.000,0.000,0.537,-0.088,-0.161,0.304,0.749,-9.326,16.502,,pan
assignment3_kp2_t1,48.523,1791455942.452463,1406,1791455942.298605,camera_color_optical_frame,1,0.2987,0.7399,0.00253,0.027,0,IDLE,disabled,0.000,0.000,deg/s,joint_states,-0.180,0.180,0.000,0.000,0.526,-0.087,-0.158,0.306,0.751,-9.359,16.538,,pan
assignment3_kp2_t1,48.543,1791455942.475660,1408,1791455942.398697,camera_color_optical_frame,1,0.2982,0.7389,0.00247,0.004,1,IDLE,disabled,0.000,0.000,deg/s,joint_states,-0.180,0.180,0.000,0.000,0.832,-0.129,-0.240,0.286,0.718,-8.788,15.883,,pan
assignment3_kp2_t1,48.561,1791455942.490395,1408,1791455942.398697,camera_color_optical_frame,1,0.2982,0.7389,0.00247,0.021,0,IDLE,disabled,0.000,0.000,deg/s,joint_states,-0.180,0.180,0.000,0.000,0.556,-0.090,-0.166,0.302,0.745,-9.242,16.409,,pan
assignment3_kp2_t1,48.582,1791455942.511673,1408,1791455942.398697,camera_color_optical_frame,1,0.2982,0.7389,0.00247,0.043,0,IDLE,disabled,0.000,0.000,deg/s,joint_states,-0.180,0.180,0.000,0.000,0.546,-0.089,-0.163,0.302,0.746,-9.269,16.438,,pan
assignment3_kp2_t1,48.600,1791455942.530310,1409,1791455942.432061,camera_color_optical_frame,1,0.2985,0.7381,0.00249,0.015,1,IDLE,disabled,0.000,0.000,deg/s,joint_states,-0.180,0.180,0.000,0.000,0.845,-0.130,-0.243,0.285,0.717,-8.744,15.864,,pan
assignment3_kp2_t1,48.621,1791455942.550607,1410,1791455942.465426,camera_color_optical_frame,1,0.2985,0.7383,0.00256,0.003,1,IDLE,disabled,0.000,0.000,deg/s,joint_states,-0.180,0.180,0.000,0.000,0.882,-0.135,-0.253,0.283,0.715,-8.698,15.820,,pan
assignment3_kp2_t1,48.643,1791455942.576261,1410,1791455942.465426,camera_color_optical_frame,1,0.2985,0.7383,0.00256,0.025,1,IDLE,disabled,0.000,0.000,deg/s,joint_states,-0.180,0.180,0.000,0.000,0.893,-0.136,-0.256,0.283,0.714,-8.687,15.808,,pan
assignment3_kp2_t1,48.660,1791455942.589906,1411,1791455942.498791,camera_color_optical_frame,1,0.2984,0.7380,0.00246,0.007,1,IDLE,disabled,0.000,0.000,deg/s,joint_states,-0.180,0.180,0.000,0.000,0.842,-0.129,-0.242,0.284,0.717,-8.735,15.861,,pan
assignment3_kp2_t1,48.684,1791455942.614658,1411,1791455942.498791,camera_color_optical_frame,1,0.2984,0.7380,0.00246,0.031,1,IDLE,disabled,0.000,0.000,deg/s,joint_states,-0.180,0.180,0.000,0.000,0.842,-0.129,-0.242,0.284,0.717,-8.733,15.860,,pan
assignment3_kp2_t1,48.701,1791455942.631556,1412,1791455942.532155,camera_color_optical_frame,1,0.2986,0.7378,0.00256,0.006,1,IDLE,disabled,0.000,0.000,deg/s,joint_states,-0.180,0.180,0.000,0.000,0.842,-0.130,-0.242,0.285,0.716,-8.751,15.841,,pan
assignment3_kp2_t1,48.720,1791455942.650107,1412,1791455942.532155,camera_color_optical_frame,1,0.2986,0.7378,0.00256,0.025,1,IDLE,disabled,0.000,0.000,deg/s,joint_states,-0.180,0.180,0.000,0.000,0.842,-0.130,-0.242,0.285,0.716,-8.752,15.838,,pan
assignment3_kp2_t1,48.747,1791455942.679952,1413,1791455942.565519,camera_color_optical_frame,1,0.2990,0.7387,0.00260,0.023,1,IDLE,disabled,0.000,0.000,deg/s,joint_states,-0.180,0.180,0.000,0.000,0.846,-0.131,-0.244,0.286,0.719,-8.786,15.899,,pan
assignment3_kp2_t1,48.761,1791455942.693510,1414,1791455942.598884,camera_color_optical_frame,1,0.2989,0.7379,0.00255,0.005,1,IDLE,disabled,0.000,0.000,deg/s,joint_states,-0.180,0.180,0.000,0.000,0.849,-0.131,-0.244,0.286,0.717,-8.769,15.862,,pan
assignment3_kp2_t1,48.783,1791455942.714361,1414,1791455942.598884,camera_color_optical_frame,1,0.2989,0.7379,0.00255,0.027,1,IDLE,disabled,0.000,0.000,deg/s,joint_states,-0.180,0.180,0.000,0.000,0.850,-0.131,-0.244,0.286,0.717,-8.772,15.863,,pan
assignment3_kp2_t1,48.800,1791455942.730189,1415,1791455942.632248,camera_color_optical_frame,1,0.2983,0.7383,0.00258,0.008,1,IDLE,disabled,0.000,0.000,deg/s,joint_states,-0.180,0.180,0.000,0.000,0.845,-0.129,-0.243,0.284,0.717,-8.713,15.858,,pan
assignment3_kp2_t1,48.820,1791455942.753299,1415,1791455942.632248,camera_color_optical_frame,1,0.2983,0.7383,0.00258,0.028,1,IDLE,disabled,0.000,0.000,deg/s,joint_states,-0.180,0.090,0.000,0.000,0.845,-0.129,-0.243,0.284,0.721,-8.707,15.855,,pan
assignment3_kp2_t1,48.842,1791455942.773160,1416,1791455942.665613,camera_color_optical_frame,1,0.2985,0.7386,0.00249,0.012,1,IDLE,disabled,0.000,0.000,deg/s,joint_states,-0.180,0.180,0.000,0.000,0.847,-0.130,-0.244,0.284,0.719,-8.722,15.900,,pan
assignment3_kp2_t1,48.860,1791455942.790043,1417,1791455942.698977,camera_color_optical_frame,1,0.2983,0.7375,0.00255,0.006,1,IDLE,disabled,0.000,0.000,deg/s,joint_states,-0.180,0.180,0.000,0.000,0.845,-0.130,-0.242,0.284,0.716,-8.733,15.828,,pan
assignment3_kp2_t1,48.882,1791455942.812789,1417,1791455942.698977,camera_color_optical_frame,1,0.2983,0.7375,0.00255,0.029,1,IDLE,disabled,0.000,0.000,deg/s,joint_states,-0.180,0.180,0.000,0.000,0.845,-0.130,-0.242,0.284,0.715,-8.732,15.822,,pan
assignment3_kp2_t1,48.900,1791455942.829689,1418,1791455942.732342,camera_color_optical_frame,1,0.2979,0.7392,0.00245,0.009,1,IDLE,disabled,0.000,0.000,deg/s,joint_states,-0.180,0.180,0.000,0.000,0.834,-0.128,-0.237,0.283,0.710,-8.696,15.708,,pan
assignment3_kp2_t1,48.921,1791455942.851317,1418,1791455942.732342,camera_color_optical_frame,1,0.2979,0.7392,0.00245,0.030,1,IDLE,disabled,0.000,0.000,deg/s,joint_states,-0.180,0.180,0.000,0.000,0.833,-0.127,-0.237,0.283,0.709,-8.690,15.687,,pan
assignment3_kp2_t1,48.940,1791455942.871159,1419,1791455942.765706,camera_color_optical_frame,1,0.2984,0.7374,0.00258,0.012,1,IDLE,disabled,0.000,0.000,deg/s,joint_states,-0.180,0.090,0.000,0.000,0.837,-0.129,-0.240,0.285,0.721,-8.744,15.848,,pan
assignment3_kp2_t1,48.960,1791455942.889339,1419,1791455942.765706,camera_color_optical_frame,1,0.2984,0.7374,0.00258,0.032,1,IDLE,disabled,0.000,0.000,deg/s,joint_states,-0.180,0.180,0.000,0.000,0.836,-0.129,-0.240,0.285,0.716,-8.745,15.847,,pan
assignment3_kp2_t1,48.983,1791455942.917213,1420,1791455942.799071,camera_color_optical_frame,1,0.2983,0.7385,0.00256,0.017,1,IDLE,disabled,0.000,0.000,deg/s,joint_states,-0.180,0.090,0.000,0.000,0.847,-0.130,-0.244,0.285,0.723,-8.737,15.897,,pan
assignment3_kp2_t1,49.000,1791455942.929579,1421,1791455942.832436,camera_color_optical_frame,1,0.2981,0.7384,0.00255,0.005,1,IDLE,disabled,0.000,0.000,deg/s,joint_states,-0.180,0.180,0.000,0.000,0.837,-0.128,-0.241,0.284,0.719,-8.720,15.903,,pan
assignment3_kp2_t1,49.021,1791455942.954202,1421,1791455942.832436,camera_color_optical_frame,1,0.2981,0.7384,0.00255,0.026,1,IDLE,disabled,0.000,0.000,deg/s,joint_states,-0.180,0.180,0.000,0.000,0.836,-0.128,-0.241,0.284,0.719,-8.717,15.910,,pan
assignment3_kp2_t1,49.040,1791455942.970865,1422,1791455942.865801,camera_color_optical_frame,1,0.2983,0.7379,0.00249,0.006,1,IDLE,disabled,0.000,0.000,deg/s,joint_states,-0.180,0.180,0.000,0.000,0.844,-0.130,-0.241,0.285,0.712,-8.737,15.750,,pan
assignment3_kp2_t1,49.062,1791455942.993276,1422,1791455942.865801,camera_color_optical_frame,1,0.2983,0.7379,0.00249,0.028,1,IDLE,disabled,0.000,0.000,deg/s,joint_states,-0.180,0.180,0.000,0.000,0.843,-0.130,-0.240,0.285,0.711,-8.737,15.734,,pan
assignment3_kp2_t1,49.081,1791455943.010689,1423,1791455942.899165,camera_color_optical_frame,1,0.2987,0.7385,0.00260,0.009,1,IDLE,disabled,0.000,0.000,deg/s,joint_states,-0.180,0.180,0.000,0.000,0.862,-0.133,-0.245,0.286,0.710,-8.770,15.702,,pan
assignment3_kp2_t1,49.101,1791455943.030702,1423,1791455942.899165,camera_color_optical_frame,1,0.2987,0.7385,0.00260,0.029,1,IDLE,disabled,0.000,0.000,deg/s,joint_states,-0.180,0.180,0.000,0.000,0.864,-0.133,-0.246,0.286,0.709,-8.774,15.684,,pan
assignment3_kp2_t1,49.120,1791455943.050734,1424,1791455942.932530,camera_color_optical_frame,1,0.2981,0.7383,0.00253,0.011,1,IDLE,disabled,0.000,0.000,deg/s,joint_states,-0.180,0.180,0.000,0.000,0.850,-0.130,-0.246,0.284,0.721,-8.725,15.947,,pan
assignment3_kp2_t1,49.140,1791455943.069471,1424,1791455942.932530,camera_color_optical_frame,1,0.2981,0.7383,0.00253,0.031,1,IDLE,disabled,0.000,0.000,deg/s,joint_states,-0.180,0.180,0.000,0.000,0.851,-0.131,-0.246,0.284,0.722,-8.724,15.960,,pan
assignment3_kp2_t1,49.161,1791455943.092773,1425,1791455942.965895,camera_color_optical_frame,1,0.2985,0.7388,0.00253,0.019,1,IDLE,disabled,0.000,0.000,deg/s,joint_states,-0.180,0.180,0.000,0.000,0.836,-0.128,-0.243,0.285,0.724,-8.737,16.011,,pan
assignment3_kp2_t1,49.179,1791455943.109372,1426,1791455942.999260,camera_color_optical_frame,1,0.2982,0.7374,0.00252,0.002,1,IDLE,disabled,0.000,0.000,deg/s,joint_states,-0.180,0.180,0.000,0.000,0.835,-0.128,-0.243,0.284,0.725,-8.736,16.031,,pan
assignment3_kp2_t1,49.201,1791455943.134934,1426,1791455942.999260,camera_color_optical_frame,1,0.2982,0.7374,0.00252,0.023,1,IDLE,disabled,0.000,0.000,deg/s,joint_states,-0.180,0.180,0.000,0.000,0.838,-0.129,-0.240,0.285,0.715,-8.743,15.810,,pan
assignment3_kp2_t1,49.220,1791455943.150902,1427,1791455943.032625,camera_color_optical_frame,1,0.2990,0.7378,0.00258,0.002,1,IDLE,disabled,0.000,0.000,deg/s,joint_states,-0.180,0.180,0.000,0.000,0.837,-0.129,-0.240,0.285,0.714,-8.744,15.804,,pan
assignment3_kp2_t1,49.242,1791455943.172544,1427,1791455943.032625,camera_color_optical_frame,1,0.2990,0.7378,0.00258,0.024,1,IDLE,disabled,0.000,0.000,deg/s,joint_states,-0.180,0.180,0.000,0.000,0.838,-0.130,-0.240,0.286,0.715,-8.790,15.816,,pan
assignment3_kp2_t1,49.263,1791455943.202200,1428,1791455943.065990,camera_color_optical_frame,1,0.2978,0.7385,0.00250,0.009,1,LOST,confirming_0/3,0.000,0.000,deg/s,joint_states,-0.180,0.180,0.000,0.000,,,,,,,,,pan
assignment3_kp2_t1,49.282,1791455943.212510,1428,1791455943.065990,camera_color_optical_frame,1,0.2978,0.7385,0.00250,0.028,1,LOST,confirming_0/3,0.000,0.000,deg/s,joint_states,-0.180,0.180,0.000,0.000,,,,,,,,,pan
assignment3_kp2_t1,49.300,1791455943.229560,1429,1791455943.099355,camera_color_optical_frame,1,0.2979,0.7382,0.00256,0.010,1,LOST,confirming_1/3,0.000,0.000,deg/s,joint_states,-0.180,0.090,0.000,0.000,0.844,-0.129,-0.243,0.284,0.722,-8.725,15.867,,pan
assignment3_kp2_t1,49.320,1791455943.250605,1429,1791455943.099355,camera_color_optical_frame,1,0.2979,0.7382,0.00256,0.030,1,LOST,confirming_1/3,0.000,0.000,deg/s,joint_states,-0.180,0.090,0.000,0.000,0.844,-0.129,-0.243,0.284,0.722,-8.725,15.867,,pan
assignment3_kp2_t1,49.340,1791455943.270114,1430,1791455943.132720,camera_color_optical_frame,1,0.2983,0.7387,0.00245,0.012,1,LOST,confirming_2/3,0.000,0.000,deg/s,joint_states,-0.180,0.180,0.000,0.000,0.845,-0.130,-0.243,0.285,0.718,-8.738,15.877,,pan
assignment3_kp2_t1,49.363,1791455943.295635,1430,1791455943.132720,camera_color_optical_frame,1,0.2983,0.7387,0.00245,0.034,1,LOST,confirming_2/3,0.000,0.000,deg/s,joint_states,-0.180,0.180,0.000,0.000,0.845,-0.130,-0.243,0.285,0.718,-8.738,15.877,,pan
assignment3_kp2_t1,49.380,1791455943.322514,1431,1791455943.166085,camera_color_optical_frame,1,0.2976,0.7377,0.00242,0.011,1,TRACKING,reacquired_in_view,-17.874,40.707,deg/s,joint_states,-0.180,0.180,0.000,0.000,0.834,-0.128,-0.239,0.283,0.716,-8.704,15.838,,pan
assignment3_kp2_t1,49.401,1791455943.331499,1431,1791455943.166085,camera_color_optical_frame,1,0.2976,0.7377,0.00242,0.032,1,TRACKING,ok,-17.874,40.707,deg/s,joint_states,-0.180,0.180,0.000,0.000,0.834,-0.128,-0.239,0.283,0.716,-8.702,15.836,,pan
assignment3_kp2_t1,49.423,1791455943.356996,1432,1791455943.199450,camera_color_optical_frame,1,0.2980,0.7376,0.00256,0.019,1,TRACKING,ok,-17.896,40.698,deg/s,joint_states,-0.180,0.180,0.000,0.000,0.839,-0.129,-0.240,0.284,0.714,-8.735,15.805,,pan
assignment3_kp2_t1,49.441,1791455943.373273,1432,1791455943.199450,camera_color_optical_frame,1,0.2980,0.7376,0.00256,0.037,1,TRACKING,ok,-17.896,40.698,deg/s,joint_states,-0.180,0.180,0.000,0.000,0.839,-0.129,-0.240,0.285,0.714,-8.736,15.801,,pan
assignment3_kp2_t1,49.462,1791455943.392385,1433,1791455943.232810,camera_color_optical_frame,1,0.2986,0.7381,0.00252,0.002,1,TRACKING,ok,-17.932,40.727,deg/s,joint_states,-0.180,0.180,0.000,0.000,0.838,-0.129,-0.240,0.285,0.714,-8.737,15.796,,pan
assignment3_kp2_t1,49.482,1791455943.412216,1433,1791455943.232810,camera_color_optical_frame,1,0.2986,0.7381,0.00252,0.022,1,TRACKING,ok,-17.932,40.727,deg/s,joint_states,-0.260,0.350,0.000,0.000,0.845,-0.130,-0.242,0.282,0.707,-8.761,15.815,,pan
assignment3_kp2_t1,49.501,1791455943.432106,1434,1791455943.266180,camera_color_optical_frame,1,0.2979,0.7381,0.00254,0.014,1,TRACKING,ok,-17.887,40.724,deg/s,joint_states,-0.620,0.700,-2.750,2.750,0.832,-0.127,-0.240,0.268,0.694,-8.715,15.917,,pan
assignment3_kp2_t1,49.521,1791455943.451751,1435,1791455943.299550,camera_color_optical_frame,1,0.2986,0.7389,0.00250,0.009,1,TRACKING,ok,-17.929,40.767,deg/s,joint_states,-0.790,1.230,-5.500,8.240,0.845,-0.130,-0.244,0.263,0.670,-8.744,15.938,,pan
assignment3_kp2_t1,49.546,1791455943.476379,1435,1791455943.299550,camera_color_optical_frame,1,0.2986,0.7389,0.00250,0.034,1,TRACKING,ok,-17.929,40.767,deg/s,joint_states,-0.790,1.230,-5.500,8.240,0.845,-0.130,-0.244,0.263,0.670,-8.744,15.947,,pan
assignment3_kp2_t1,49.568,1791455943.499443,1436,1791455943.332920,camera_color_optical_frame,1,0.2977,0.7387,0.00246,0.010,1,TRACKING,ok,-17.878,40.757,deg/s,joint_states,-1.490,2.550,-12.370,21.980,0.849,-0.130,-0.245,0.237,0.605,-8.709,15.909,,pan
assignment3_kp2_t1,49.581,1791455943.513396,1436,1791455943.332920,camera_color_optical_frame,1,0.2977,0.7387,0.00246,0.023,1,TRACKING,ok,-17.878,40.757,deg/s,joint_states,-1.850,3.250,-15.110,27.480,0.850,-0.130,-0.245,0.224,0.572,-8.708,15.912,,pan
assignment3_kp2_t1,49.603,1791455943.533901,1437,1791455943.366291,camera_color_optical_frame,1,0.2953,0.7392,0.00241,0.011,1,TRACKING,ok,-17.733,40.782,deg/s,joint_states,-1.850,3.250,-15.110,27.480,0.855,-0.128,-0.247,0.218,0.573,-8.522,15.932,,pan
assignment3_kp2_t1,49.627,1791455943.559285,1438,1791455943.399661,camera_color_optical_frame,1,0.2800,0.7350,0.00215,0.016,1,TRACKING,ok,-16.832,40.564,deg/s,joint_states,-2.550,4.830,-16.490,35.720,0.843,-0.113,-0.254,0.165,0.529,-7.642,16.598,,pan
assignment3_kp2_t1,49.642,1791455943.571177,1438,1791455943.399661,camera_color_optical_frame,1,0.2800,0.7350,0.00215,0.031,1,TRACKING,ok,-16.832,40.564,deg/s,joint_states,-2.900,5.620,-16.490,37.100,0.843,-0.112,-0.254,0.151,0.495,-7.571,16.645,,pan
assignment3_kp2_t1,49.662,1791455943.593751,1439,1791455943.433032,camera_color_optical_frame,1,0.2610,0.7149,0.00184,0.017,1,TRACKING,ok,-15.704,39.511,deg/s,joint_states,-3.250,6.420,-16.490,38.470,0.826,-0.107,-0.267,0.133,0.510,-7.379,17.791,,pan
assignment3_kp2_t1,49.680,1791455943.611001,1439,1791455943.433032,camera_color_optical_frame,1,0.2610,0.7149,0.00184,0.035,1,TRACKING,ok,-15.704,39.511,deg/s,joint_states,-3.690,7.290,-16.490,39.850,0.825,-0.105,-0.269,0.115,0.477,-7.272,17.950,,pan
assignment3_kp2_t1,49.701,1791455943.635391,1440,1791455943.466402,camera_color_optical_frame,1,0.2422,0.6578,0.00161,0.015,1,TRACKING,ok,-14.584,36.494,deg/s,joint_states,-3.690,7.290,-16.490,39.850,0.835,-0.119,-0.256,0.143,0.431,-8.130,16.916,,pan
assignment3_kp2_t1,49.720,1791455943.649249,1440,1791455943.466402,camera_color_optical_frame,1,0.2422,0.6578,0.00161,0.034,1,TRACKING,ok,-14.584,36.494,deg/s,joint_states,-4.310,9.050,-16.490,41.220,0.834,-0.119,-0.257,0.121,0.354,-8.108,16.983,,pan
assignment3_kp2_t1,49.741,1791455943.672240,1441,1791455943.499773,camera_color_optical_frame,1,0.2230,0.5937,0.00163,0.017,1,TRACKING,ok,-13.439,33.071,deg/s,joint_states,-4.660,9.840,-16.490,41.220,0.827,-0.125,-0.232,0.126,0.250,-8.607,15.465,,pan
assignment3_kp2_t1,49.761,1791455943.693351,1442,1791455943.533144,camera_color_optical_frame,1,0.2037,0.5360,0.00158,0.010,1,TRACKING,ok,-12.286,29.953,deg/s,joint_states,-4.660,9.840,-16.490,41.220,0.836,-0.125,-0.242,0.123,0.272,-8.512,15.957,,pan
assignment3_kp2_t1,49.783,1791455943.716042,1442,1791455943.533144,camera_color_optical_frame,1,0.2037,0.5360,0.00158,0.031,1,TRACKING,ok,-12.286,29.953,deg/s,joint_states,-5.010,10.990,-16.490,42.590,0.835,-0.125,-0.241,0.112,0.219,-8.531,15.920,,pan
assignment3_kp2_t1,49.806,1791455943.736298,1443,1791455943.566514,camera_color_optical_frame,1,0.1851,0.4734,0.00148,0.006,1,TRACKING,ok,-11.169,26.538,deg/s,joint_states,-5.270,11.690,-16.490,45.340,0.827,-0.125,-0.240,0.106,0.191,-8.597,15.991,,pan
assignment3_kp2_t1,49.833,1791455943.764260,1444,1791455943.599885,camera_color_optical_frame,1,0.1668,0.4053,0.00147,0.013,1,TRACKING,ok,-10.075,22.792,deg/s,joint_states,-5.890,12.920,-15.110,39.850,0.839,-0.131,-0.241,0.096,0.132,-8.900,15.880,,pan
assignment3_kp2_t1,49.842,1791455943.777324,1444,1791455943.599885,camera_color_optical_frame,1,0.1668,0.4053,0.00147,0.021,1,TRACKING,ok,-10.075,22.792,deg/s,joint_states,-5.890,12.920,-15.110,39.850,0.839,-0.132,-0.241,0.096,0.131,-8.920,15.867,,pan
assignment3_kp2_t1,49.864,1791455943.795569,1444,1791455943.599885,camera_color_optical_frame,1,0.1668,0.4053,0.00147,0.043,1,TRACKING,ok,-10.075,22.792,deg/s,joint_states,-6.330,13.540,-15.110,34.350,0.839,-0.132,-0.241,0.084,0.102,-8.970,15.834,,pan
assignment3_kp2_t1,49.882,1791455943.815565,1445,1791455943.633255,camera_color_optical_frame,1,0.1485,0.3224,0.00128,0.014,1,TRACKING,ok,-8.975,18.187,deg/s,joint_states,-6.860,15.210,-13.740,32.980,0.856,-0.131,-0.227,0.059,-0.023,-8.717,14.673,,pan
assignment3_kp2_t1,49.903,1791455943.836473,1446,1791455943.666626,camera_color_optical_frame,1,0.1341,0.2352,0.00144,0.014,1,TRACKING,ok,-8.105,13.299,deg/s,joint_states,-7.120,15.820,-13.740,35.720,0.832,-0.131,-0.202,0.058,-0.103,-8.916,13.470,,pan
assignment3_kp2_t1,49.921,1791455943.850380,1447,1791455943.699997,camera_color_optical_frame,1,0.1174,0.1799,0.00180,0.008,1,TRACKING,ok,-7.099,10.187,deg/s,joint_states,-7.290,16.350,-12.370,35.720,0.837,-0.131,-0.224,0.052,-0.068,-8.903,14.796,,pan
assignment3_kp2_t1,49.941,1791455943.870731,1447,1791455943.699997,camera_color_optical_frame,1,0.1174,0.1799,0.00180,0.028,1,TRACKING,ok,-7.099,10.187,deg/s,joint_states,-7.290,16.350,-12.370,35.720,0.836,-0.132,-0.222,0.053,-0.072,-8.941,14.701,,pan
assignment3_kp2_t1,49.960,1791455943.889363,1448,1791455943.733368,camera_color_optical_frame,1,0.1012,0.1394,0.00173,0.014,1,TRACKING,ok,-6.121,7.896,deg/s,joint_states,-7.730,17.310,-10.990,27.480,0.832,-0.125,-0.239,0.025,-0.063,-8.526,15.877,,pan
assignment3_kp2_t1,49.981,1791455943.910262,1448,1791455943.733368,camera_color_optical_frame,1,0.1012,0.1394,0.00173,0.035,1,TRACKING,ok,-6.121,7.896,deg/s,joint_states,-8.000,17.840,-10.990,24.730,0.831,-0.124,-0.240,0.016,-0.084,-8.515,15.925,,pan
assignment3_kp2_t1,50.000,1791455943.931430,1449,1791455943.766739,camera_color_optical_frame,1,0.0864,0.0841,0.00162,0.013,1,TRACKING,ok,-5.225,4.767,deg/s,joint_states,-8.090,18.110,-9.620,21.980,0.826,-0.130,-0.229,0.027,-0.124,-8.926,15.301,,pan
assignment3_kp2_t1,50.020,1791455943.950006,1449,1791455943.766739,camera_color_optical_frame,1,0.0864,0.0841,0.00162,0.033,1,TRACKING,ok,-5.225,4.767,deg/s,joint_states,-8.260,18.460,-8.240,19.240,0.825,-0.130,-0.228,0.022,-0.140,-8.953,15.285,,pan
assignment3_kp2_t1,50.040,1791455943.971342,1450,1791455943.800110,camera_color_optical_frame,1,0.0729,0.0304,0.00182,0.018,1,TRACKING,ok,-4.413,0.000,deg/s,joint_states,-8.350,18.630,-8.240,16.490,0.821,-0.135,-0.235,0.030,-0.125,-9.308,15.786,,pan
assignment3_kp2_t1,50.060,1791455943.991486,1450,1791455943.800110,camera_color_optical_frame,1,0.0729,0.0304,0.00182,0.037,1,TRACKING,ok,-4.413,0.000,deg/s,joint_states,-8.530,18.900,-5.500,13.740,0.820,-0.135,-0.235,0.027,-0.136,-9.367,15.808,,pan
assignment3_kp2_t1,50.080,1791455944.013634,1451,1791455943.833481,camera_color_optical_frame,1,0.0613,-0.0086,0.00193,0.011,1,TRACKING,ok,-3.708,0.000,deg/s,joint_states,-8.610,19.070,-5.500,10.990,0.826,-0.131,-0.245,0.012,-0.122,-8.985,16.301,,pan
assignment3_kp2_t1,50.105,1791455944.038548,1452,1791455943.866852,camera_color_optical_frame,1,0.0506,-0.0443,0.00197,0.006,1,TRACKING,ok,-3.065,0.000,deg/s,joint_states,-8.790,19.160,-4.120,9.620,0.825,-0.131,-0.246,0.007,-0.122,-9.013,16.391,,pan
assignment3_kp2_t1,50.123,1791455944.053323,1453,1791455943.900223,camera_color_optical_frame,1,0.0393,-0.0721,0.00210,0.005,0,TRACKING,ok,-2.381,-4.089,deg/s,joint_states,-8.790,19.250,-5.500,6.870,0.496,-0.083,-0.150,0.022,-0.118,-9.493,16.578,,pan
assignment3_kp2_t1,50.140,1791455944.070638,1454,1791455943.933594,camera_color_optical_frame,1,0.0329,-0.0949,0.00220,0.007,0,TRACKING,ok,-1.994,-5.380,deg/s,joint_states,-9.050,19.250,-5.500,4.120,0.504,-0.084,-0.152,0.014,-0.119,-9.482,16.556,,pan
assignment3_kp2_t1,50.162,1791455944.094146,1455,1791455943.966966,camera_color_optical_frame,1,0.0270,-0.1110,0.00226,0.012,0,TRACKING,ok,0.000,-6.293,deg/s,joint_states,-9.050,19.160,-5.500,1.370,0.569,-0.094,-0.168,0.011,-0.127,-9.408,16.276,,pan
assignment3_kp2_t1,50.181,1791455944.113355,1456,1791455944.000337,camera_color_optical_frame,1,0.0209,-0.1238,0.00227,0.014,0,TRACKING,ok,0.000,-7.014,deg/s,joint_states,-9.230,19.160,-4.120,0.000,0.569,-0.094,-0.169,0.005,-0.127,-9.385,16.286,,pan
assignment3_kp2_t1,50.200,1791455944.131105,1457,1791455944.033708,camera_color_optical_frame,1,0.0151,-0.1355,0.00231,0.013,0,TRACKING,ok,0.000,-7.675,deg/s,joint_states,-9.320,19.250,-4.120,0.000,0.570,-0.092,-0.166,-0.004,-0.142,-9.193,16.027,,pan
assignment3_kp2_t1,50.221,1791455944.152632,1457,1791455944.033708,camera_color_optical_frame,1,0.0151,-0.1355,0.00231,0.034,0,TRACKING,ok,0.000,-7.675,deg/s,joint_states,-9.320,19.160,-4.120,0.000,0.571,-0.092,-0.166,-0.005,-0.140,-9.177,15.994,,pan
assignment3_kp2_t1,50.241,1791455944.170419,1458,1791455944.067080,camera_color_optical_frame,1,0.0089,-0.1430,0.00236,0.004,1,TRACKING,ok,0.000,-8.102,deg/s,joint_states,-9.230,19.160,-2.750,0.000,0.876,-0.136,-0.243,-0.012,-0.168,-8.851,15.358,,pan
assignment3_kp2_t1,50.260,1791455944.189923,1458,1791455944.067080,camera_color_optical_frame,1,0.0089,-0.1430,0.00236,0.024,1,TRACKING,ok,0.000,-8.102,deg/s,joint_states,-9.320,18.980,-1.370,-1.370,0.885,-0.138,-0.246,-0.015,-0.161,-8.842,15.340,,pan
assignment3_kp2_t1,50.280,1791455944.209755,1459,1791455944.100451,camera_color_optical_frame,1,0.0043,-0.1466,0.00251,0.008,1,TRACKING,ok,0.000,-8.304,deg/s,joint_states,-9.320,18.900,0.000,-2.750,0.882,-0.139,-0.244,-0.013,-0.160,-8.922,15.266,,pan
assignment3_kp2_t1,50.300,1791455944.230177,1459,1791455944.100451,camera_color_optical_frame,1,0.0043,-0.1466,0.00251,0.028,1,TRACKING,ok,0.000,-8.304,deg/s,joint_states,-9.320,18.720,0.000,-4.120,0.892,-0.140,-0.246,-0.013,-0.153,-8.914,15.245,,pan
assignment3_kp2_t1,50.320,1791455944.250448,1460,1791455944.133823,camera_color_optical_frame,1,0.0038,-0.1483,0.00252,0.016,1,TRACKING,ok,0.000,-8.398,deg/s,joint_states,-9.320,18.540,0.000,-5.500,0.833,-0.135,-0.227,-0.004,-0.153,-9.198,15.063,,pan
assignment3_kp2_t1,50.341,1791455944.270554,1460,1791455944.133823,camera_color_optical_frame,1,0.0038,-0.1483,0.00252,0.037,1,TRACKING,ok,0.000,-8.398,deg/s,joint_states,-9.320,18.370,0.000,-6.870,0.834,-0.135,-0.227,-0.003,-0.148,-9.232,15.018,,pan
assignment3_kp2_t1,50.361,1791455944.294887,1461,1791455944.167194,camera_color_optical_frame,1,0.0040,-0.1451,0.00251,0.016,1,TRACKING,ok,0.000,-8.222,deg/s,joint_states,-9.230,18.280,0.000,-6.870,0.834,-0.132,-0.227,-0.007,-0.142,-9.020,15.060,,pan
assignment3_kp2_t1,50.382,1791455944.312163,1462,1791455944.200566,camera_color_optical_frame,1,0.0041,-0.1347,0.00248,0.003,1,TRACKING,ok,0.000,-7.632,deg/s,joint_states,-9.320,18.020,0.000,-6.870,0.835,-0.133,-0.227,-0.009,-0.132,-9.026,15.024,,pan
assignment3_kp2_t1,50.401,1791455944.333835,1462,1791455944.200566,camera_color_optical_frame,1,0.0041,-0.1347,0.00248,0.022,1,TRACKING,ok,0.000,-7.632,deg/s,joint_states,-9.320,17.930,0.000,-8.240,0.824,-0.132,-0.226,-0.007,-0.121,-9.093,15.184,,pan
assignment3_kp2_t1,50.419,1791455944.349173,1462,1791455944.200566,camera_color_optical_frame,1,0.0041,-0.1347,0.00248,0.040,1,TRACKING,ok,0.000,-7.632,deg/s,joint_states,-9.320,17.750,0.000,-8.240,0.823,-0.132,-0.226,-0.007,-0.114,-9.103,15.168,,pan
assignment3_kp2_t1,50.440,1791455944.378454,1463,1791455944.233937,camera_color_optical_frame,1,0.0041,-0.1228,0.00248,0.019,1,TRACKING,ok,0.000,-6.957,deg/s,joint_states,-9.320,17.400,0.000,-8.240,0.827,-0.132,-0.229,-0.007,-0.094,-9.091,15.259,,pan
assignment3_kp2_t1,50.463,1791455944.392766,1463,1791455944.233937,camera_color_optical_frame,1,0.0041,-0.1228,0.00248,0.041,1,TRACKING,ok,0.000,-6.957,deg/s,joint_states,-9.230,17.230,0.000,-8.240,0.827,-0.132,-0.228,-0.004,-0.087,-9.103,15.258,,pan
assignment3_kp2_t1,50.485,1791455944.417000,1464,1791455944.267276,camera_color_optical_frame,1,0.0039,-0.1099,0.00245,0.014,1,TRACKING,ok,0.000,-6.228,deg/s,joint_states,-9.320,17.140,0.000,-8.240,0.827,-0.130,-0.231,-0.013,-0.076,-8.901,15.418,,pan
assignment3_kp2_t1,50.501,1791455944.430963,1464,1791455944.267276,camera_color_optical_frame,1,0.0039,-0.1099,0.00245,0.030,1,TRACKING,ok,0.000,-6.228,deg/s,joint_states,-9.320,16.960,0.000,-8.240,0.827,-0.129,-0.231,-0.014,-0.068,-8.896,15.428,,pan
assignment3_kp2_t1,50.523,1791455944.454043,1465,1791455944.300614,camera_color_optical_frame,1,0.0037,-0.0971,0.00244,0.005,1,TRACKING,ok,0.000,-5.503,deg/s,joint_states,-9.230,16.790,0.000,-6.870,0.814,-0.129,-0.227,-0.008,-0.062,-8.983,15.377,,pan
assignment3_kp2_t1,50.540,1791455944.473954,1465,1791455944.300614,camera_color_optical_frame,1,0.0037,-0.0971,0.00244,0.022,1,TRACKING,ok,0.000,-5.503,deg/s,joint_states,-9.320,16.610,0.000,-8.240,0.813,-0.129,-0.227,-0.011,-0.054,-8.980,15.386,,pan
assignment3_kp2_t1,50.561,1791455944.490619,1466,1791455944.367291,camera_color_optical_frame,1,0.0038,-0.0720,0.00245,0.015,0,TRACKING,ok,0.000,-4.083,deg/s,joint_states,-9.320,16.520,0.000,-6.870,0.512,-0.086,-0.147,0.006,-0.033,-9.513,15.780,,pan
assignment3_kp2_t1,50.580,1791455944.512884,1467,1791455944.400629,camera_color_optical_frame,1,0.0035,-0.0595,0.00245,0.015,1,TRACKING,ok,0.000,-3.372,deg/s,joint_states,-9.230,16.350,0.000,-6.870,0.831,-0.132,-0.229,-0.007,-0.049,-9.002,15.241,,pan
assignment3_kp2_t1,50.600,1791455944.529529,1467,1791455944.400629,camera_color_optical_frame,1,0.0035,-0.0595,0.00245,0.035,1,TRACKING,ok,0.000,-3.372,deg/s,joint_states,-9.230,16.350,0.000,-6.870,0.831,-0.132,-0.229,-0.007,-0.049,-9.002,15.241,,pan
assignment3_kp2_t1,50.621,1791455944.558700,1468,1791455944.433967,camera_color_optical_frame,1,0.0035,-0.0470,0.00243,0.014,1,TRACKING,ok,0.000,0.000,deg/s,joint_states,-9.230,16.170,0.000,-5.500,0.886,-0.138,-0.243,-0.012,-0.043,-8.852,15.185,,pan
assignment3_kp2_t1,50.645,1791455944.585315,1468,1791455944.433967,camera_color_optical_frame,1,0.0035,-0.0470,0.00243,0.038,1,TRACKING,ok,0.000,0.000,deg/s,joint_states,-9.320,16.000,0.000,-5.500,0.897,-0.140,-0.246,-0.015,-0.036,-8.839,15.174,,pan
assignment3_kp2_t1,50.664,1791455944.593737,1469,1791455944.467305,camera_color_optical_frame,1,0.0033,-0.0372,0.00247,0.005,1,TRACKING,ok,0.000,0.000,deg/s,joint_states,-9.320,16.000,0.000,-5.500,0.889,-0.140,-0.244,-0.012,-0.037,-8.938,15.151,,pan
assignment3_kp2_t1,50.682,1791455944.613148,1469,1791455944.467305,camera_color_optical_frame,1,0.0033,-0.0372,0.00247,0.023,1,TRACKING,ok,0.000,0.000,deg/s,joint_states,-9.320,15.910,0.000,-4.120,0.898,-0.141,-0.246,-0.012,-0.034,-8.931,15.143,,pan
assignment3_kp2_t1,50.702,1791455944.634268,1470,1791455944.500643,camera_color_optical_frame,1,0.0033,-0.0284,0.00245,0.013,1,TRACKING,ok,0.000,0.000,deg/s,joint_states,-9.320,15.910,0.000,-4.120,0.840,-0.131,-0.230,-0.015,-0.035,-8.855,15.118,,pan
assignment3_kp2_t1,50.721,1791455944.650742,1470,1791455944.500643,camera_color_optical_frame,1,0.0033,-0.0284,0.00245,0.032,1,TRACKING,ok,0.000,0.000,deg/s,joint_states,-9.230,15.820,0.000,-2.750,0.841,-0.131,-0.230,-0.012,-0.031,-8.843,15.108,,pan
assignment3_kp2_t1,50.744,1791455944.676042,1471,1791455944.533980,camera_color_optical_frame,1,0.0030,-0.0206,0.00244,0.020,1,TRACKING,ok,0.000,0.000,deg/s,joint_states,-9.320,15.820,0.000,-1.370,0.844,-0.129,-0.232,-0.020,-0.027,-8.698,15.207,,pan
assignment3_kp2_t1,50.760,1791455944.690492,1471,1791455944.533980,camera_color_optical_frame,1,0.0030,-0.0206,0.00244,0.035,1,TRACKING,ok,0.000,0.000,deg/s,joint_states,-9.230,15.820,0.000,0.000,0.846,-0.129,-0.233,-0.018,-0.027,-8.675,15.206,,pan
assignment3_kp2_t1,50.782,1791455944.713504,1472,1791455944.567318,camera_color_optical_frame,1,0.0029,-0.0134,0.00243,0.015,1,TRACKING,ok,0.000,0.000,deg/s,joint_states,-9.230,15.820,0.000,0.000,0.836,-0.132,-0.230,-0.008,-0.027,-8.969,15.199,,pan
assignment3_kp2_t1,50.804,1791455944.744634,1473,1791455944.600655,camera_color_optical_frame,1,0.0029,-0.0074,0.00242,0.009,1,TRACKING,ok,0.000,0.000,deg/s,joint_states,-9.320,15.820,0.000,0.000,0.836,-0.135,-0.232,-0.005,-0.021,-9.152,15.337,,pan
assignment3_kp2_t1,50.821,1791455944.753118,1473,1791455944.600655,camera_color_optical_frame,1,0.0029,-0.0074,0.00242,0.026,1,TRACKING,ok,0.000,0.000,deg/s,joint_states,-9.320,15.820,0.000,0.000,0.836,-0.135,-0.232,-0.005,-0.021,-9.174,15.348,,pan
assignment3_kp2_t1,50.841,1791455944.771225,1474,1791455944.633993,camera_color_optical_frame,1,0.0029,-0.0075,0.00243,0.012,1,TRACKING,ok,0.000,0.000,deg/s,joint_states,-9.320,15.910,0.000,0.000,0.830,-0.130,-0.227,-0.014,-0.036,-8.889,15.099,,pan
assignment3_kp2_t1,50.860,1791455944.791169,1475,1791455944.667330,camera_color_optical_frame,1,0.0029,-0.0075,0.00243,0.003,1,TRACKING,ok,0.000,0.000,deg/s,joint_states,-9.320,15.820,0.000,0.000,0.830,-0.130,-0.226,-0.014,-0.032,-8.889,15.090,,pan
assignment3_kp2_t1,50.880,1791455944.812030,1475,1791455944.667330,camera_color_optical_frame,1,0.0029,-0.0075,0.00243,0.023,1,TRACKING,ok,0.000,0.000,deg/s,joint_states,-9.320,15.820,0.000,0.000,0.839,-0.130,-0.227,-0.017,-0.037,-8.798,14.970,,pan
assignment3_kp2_t1,50.901,1791455944.835195,1476,1791455944.700667,camera_color_optical_frame,1,0.0028,-0.0076,0.00242,0.010,1,TRACKING,ok,0.000,0.000,deg/s,joint_states,-9.230,15.820,0.000,0.000,0.830,-0.131,-0.227,-0.008,-0.029,-8.977,15.153,,pan
assignment3_kp2_t1,50.923,1791455944.853730,1476,1791455944.700667,camera_color_optical_frame,1,0.0028,-0.0076,0.00242,0.033,1,TRACKING,ok,0.000,0.000,deg/s,joint_states,-9.320,15.820,0.000,0.000,0.829,-0.131,-0.227,-0.011,-0.029,-8.987,15.152,,pan
assignment3_kp2_t1,50.941,1791455944.870872,1477,1791455944.734004,camera_color_optical_frame,1,0.0027,-0.0080,0.00243,0.011,1,TRACKING,ok,0.000,0.000,deg/s,joint_states,-9.320,15.820,0.000,0.000,0.833,-0.133,-0.228,-0.007,-0.031,-9.086,15.128,,pan
assignment3_kp2_t1,50.962,1791455944.892049,1478,1791455944.767340,camera_color_optical_frame,1,0.0028,-0.0077,0.00242,0.011,1,TRACKING,ok,0.000,0.000,deg/s,joint_states,-9.230,15.820,0.000,0.000,0.827,-0.132,-0.228,-0.006,-0.026,-9.049,15.228,,pan
assignment3_kp2_t1,50.981,1791455944.911222,1479,1791455944.800677,camera_color_optical_frame,1,0.0026,-0.0081,0.00243,0.002,1,TRACKING,ok,0.000,0.000,deg/s,joint_states,-9.320,15.820,0.000,0.000,0.826,-0.132,-0.228,-0.008,-0.026,-9.060,15.234,,pan
assignment3_kp2_t1,51.002,1791455944.932129,1479,1791455944.800677,camera_color_optical_frame,1,0.0026,-0.0081,0.00243,0.023,1,TRACKING,ok,0.000,0.000,deg/s,joint_states,-9.320,15.910,0.000,0.000,0.838,-0.131,-0.230,-0.013,-0.034,-8.898,15.145,,pan
assignment3_kp2_t1,51.020,1791455944.950074,1480,1791455944.834014,camera_color_optical_frame,1,0.0028,-0.0076,0.00242,0.009,1,TRACKING,ok,0.000,0.000,deg/s,joint_states,-9.230,15.910,0.000,0.000,0.840,-0.133,-0.230,-0.008,-0.035,-8.976,15.107,,pan
assignment3_kp2_t1,51.041,1791455944.971437,1480,1791455944.834014,camera_color_optical_frame,1,0.0028,-0.0076,0.00242,0.029,1,TRACKING,ok,0.000,0.000,deg/s,joint_states,-9.230,15.820,0.000,0.000,0.841,-0.133,-0.230,-0.008,-0.032,-8.975,15.098,,pan
assignment3_kp2_t1,51.060,1791455944.990300,1481,1791455944.867350,camera_color_optical_frame,1,0.0028,-0.0076,0.00242,0.006,1,TRACKING,ok,0.000,0.000,deg/s,joint_states,-9.320,15.820,0.000,0.000,0.839,-0.131,-0.230,-0.014,-0.028,-8.871,15.181,,pan
assignment3_kp2_t1,51.081,1791455945.011755,1481,1791455944.867350,camera_color_optical_frame,1,0.0028,-0.0076,0.00242,0.028,1,TRACKING,ok,0.000,0.000,deg/s,joint_states,-9.230,15.820,0.000,0.000,0.839,-0.131,-0.231,-0.012,-0.028,-8.862,15.185,,pan
assignment3_kp2_t1,51.100,1791455945.029656,1482,1791455944.900687,camera_color_optical_frame,1,0.0029,-0.0076,0.00242,0.009,1,TRACKING,ok,0.000,0.000,deg/s,joint_states,-9.230,15.820,0.000,0.000,0.840,-0.133,-0.231,-0.007,-0.027,-9.022,15.215,,pan
assignment3_kp2_t1,51.120,1791455945.050233,1482,1791455944.900687,camera_color_optical_frame,1,0.0029,-0.0076,0.00242,0.028,1,TRACKING,ok,0.000,0.000,deg/s,joint_states,-9.320,15.820,0.000,0.000,0.841,-0.134,-0.232,-0.009,-0.026,-9.028,15.221,,pan
assignment3_kp2_t1,51.140,1791455945.070891,1483,1791455944.934023,camera_color_optical_frame,1,0.0029,-0.0076,0.00242,0.009,1,TRACKING,ok,0.000,0.000,deg/s,joint_states,-9.320,15.820,0.000,0.000,0.822,-0.128,-0.230,-0.016,-0.017,-8.832,15.440,,pan
assignment3_kp2_t1,51.160,1791455945.090258,1483,1791455944.934023,camera_color_optical_frame,1,0.0029,-0.0076,0.00242,0.029,1,TRACKING,ok,0.000,0.000,deg/s,joint_states,-9.320,15.820,0.000,0.000,0.820,-0.127,-0.230,-0.016,-0.015,-8.823,15.468,,pan
assignment3_kp2_t1,51.180,1791455945.110405,1484,1791455944.967359,camera_color_optical_frame,1,0.0028,-0.0070,0.00239,0.007,1,TRACKING,ok,0.000,0.000,deg/s,joint_states,-9.320,15.820,0.000,0.000,0.838,-0.131,-0.230,-0.014,-0.029,-8.879,15.166,,pan
assignment3_kp2_t1,51.200,1791455945.129527,1484,1791455944.967359,camera_color_optical_frame,1,0.0028,-0.0070,0.00239,0.027,1,TRACKING,ok,0.000,0.000,deg/s,joint_states,-9.230,15.820,0.000,0.000,0.838,-0.131,-0.230,-0.012,-0.029,-8.869,15.165,,pan
assignment3_kp2_t1,51.221,1791455945.152434,1485,1791455945.000695,camera_color_optical_frame,1,0.0027,-0.0073,0.00240,0.015,1,TRACKING,ok,0.000,0.000,deg/s,joint_states,-9.320,15.820,0.000,0.000,0.839,-0.131,-0.227,-0.014,-0.037,-8.871,14.983,,pan
assignment3_kp2_t1,51.240,1791455945.169552,1485,1791455945.000695,camera_color_optical_frame,1,0.0027,-0.0073,0.00240,0.034,1,TRACKING,ok,0.000,0.000,deg/s,joint_states,-9.320,15.910,0.000,0.000,0.840,-0.131,-0.227,-0.014,-0.042,-8.869,14.959,,pan
assignment3_kp2_t1,51.260,1791455945.190403,1486,1791455945.034031,camera_color_optical_frame,1,0.0026,-0.0074,0.00239,0.017,1,TRACKING,ok,0.000,0.000,deg/s,joint_states,-9.230,15.820,0.000,0.000,0.838,-0.133,-0.230,-0.006,-0.030,-9.031,15.144,,pan
assignment3_kp2_t1,51.280,1791455945.210046,1486,1791455945.034031,camera_color_optical_frame,1,0.0026,-0.0074,0.00239,0.037,1,TRACKING,ok,0.000,0.000,deg/s,joint_states,-9.320,15.820,0.000,0.000,0.838,-0.133,-0.230,-0.009,-0.030,-9.039,15.141,,pan
assignment3_kp2_t1,51.302,1791455945.238927,1487,1791455945.067367,camera_color_optical_frame,1,0.0026,-0.0064,0.00238,0.019,1,TRACKING,ok,0.000,0.000,deg/s,joint_states,-9.230,15.820,0.000,0.000,0.824,-0.133,-0.227,-0.001,-0.026,-9.195,15.239,,pan
assignment3_kp2_t1,51.320,1791455945.250137,1488,1791455945.100703,camera_color_optical_frame,1,0.0026,-0.0064,0.00238,0.003,1,TRACKING,ok,0.000,0.000,deg/s,joint_states,-9.320,15.820,0.000,0.000,0.826,-0.129,-0.228,-0.014,-0.026,-8.874,15.237,,pan
assignment3_kp2_t1,51.341,1791455945.275512,1488,1791455945.100703,camera_color_optical_frame,1,0.0026,-0.0064,0.00238,0.024,1,TRACKING,ok,0.000,0.000,deg/s,joint_states,-9.320,15.820,0.000,0.000,0.825,-0.129,-0.227,-0.015,-0.025,-8.864,15.244,,pan
assignment3_kp2_t1,51.361,1791455945.291656,1489,1791455945.134038,camera_color_optical_frame,1,0.0027,-0.0069,0.00238,0.002,1,TRACKING,ok,0.000,0.000,deg/s,joint_states,-9.230,15.820,0.000,0.000,0.841,-0.133,-0.231,-0.008,-0.029,-8.984,15.159,,pan
assignment3_kp2_t1,51.380,1791455945.316434,1489,1791455945.134038,camera_color_optical_frame,1,0.0027,-0.0069,0.00238,0.021,1,TRACKING,ok,0.000,0.000,deg/s,joint_states,-9.230,15.820,0.000,0.000,0.842,-0.133,-0.231,-0.008,-0.029,-8.985,15.156,,pan
assignment3_kp2_t1,51.401,1791455945.330486,1489,1791455945.134038,camera_color_optical_frame,1,0.0027,-0.0069,0.00238,0.042,1,TRACKING,ok,0.000,0.000,deg/s,joint_states,-9.230,15.820,0.000,0.000,0.843,-0.133,-0.231,-0.008,-0.029,-8.985,15.154,,pan
assignment3_kp2_t1,51.425,1791455945.358917,1490,1791455945.167374,camera_color_optical_frame,1,0.0025,-0.0053,0.00235,0.021,1,TRACKING,ok,0.000,0.000,deg/s,joint_states,-9.320,15.820,0.000,0.000,0.845,-0.131,-0.234,-0.017,-0.021,-8.795,15.339,,pan
assignment3_kp2_t1,51.442,1791455945.376638,1490,1791455945.167374,camera_color_optical_frame,1,0.0025,-0.0053,0.00235,0.037,1,TRACKING,ok,0.000,0.000,deg/s,joint_states,-9.230,15.820,0.000,0.000,0.846,-0.131,-0.235,-0.014,-0.021,-8.785,15.348,,pan
assignment3_kp2_t1,51.461,1791455945.396290,1491,1791455945.200692,camera_color_optical_frame,1,0.0025,-0.0048,0.00233,0.009,1,TRACKING,ok,0.000,0.000,deg/s,joint_states,-9.320,15.820,0.000,0.000,0.839,-0.132,-0.232,-0.012,-0.023,-8.945,15.297,,pan
assignment3_kp2_t1,51.480,1791455945.413237,1491,1791455945.200692,camera_color_optical_frame,1,0.0025,-0.0048,0.00233,0.028,1,TRACKING,ok,0.000,0.000,deg/s,joint_states,-9.230,15.820,0.000,0.000,0.840,-0.132,-0.233,-0.009,-0.023,-8.945,15.304,,pan
assignment3_kp2_t1,51.502,1791455945.436034,1492,1791455945.234048,camera_color_optical_frame,1,0.0027,-0.0040,0.00231,0.016,1,TRACKING,ok,0.000,0.000,deg/s,joint_states,-9.230,15.820,0.000,0.000,0.828,-0.134,-0.229,-0.002,-0.025,-9.164,15.245,,pan
assignment3_kp2_t1,51.522,1791455945.451715,1493,1791455945.267403,camera_color_optical_frame,1,0.0026,-0.0044,0.00230,0.002,1,TRACKING,ok,0.000,0.000,deg/s,joint_states,-9.320,15.910,0.000,0.000,0.833,-0.129,-0.230,-0.015,-0.029,-8.837,15.255,,pan
assignment3_kp2_t1,51.541,1791455945.471561,1493,1791455945.267403,camera_color_optical_frame,1,0.0026,-0.0044,0.00230,0.022,1,TRACKING,ok,0.000,0.000,deg/s,joint_states,-9.230,15.820,0.000,0.000,0.832,-0.129,-0.230,-0.013,-0.025,-8.828,15.258,,pan
assignment3_kp2_t1,51.561,1791455945.492688,1493,1791455945.267403,camera_color_optical_frame,1,0.0026,-0.0044,0.00230,0.042,1,TRACKING,ok,0.000,0.000,deg/s,joint_states,-9.320,15.820,0.000,0.000,0.832,-0.129,-0.230,-0.016,-0.025,-8.820,15.260,,pan
assignment3_kp2_t1,51.580,1791455945.510390,1494,1791455945.300759,camera_color_optical_frame,1,0.0026,-0.0046,0.00230,0.013,1,TRACKING,ok,0.000,0.000,deg/s,joint_states,-9.230,15.820,0.000,0.000,0.859,-0.130,-0.236,-0.020,-0.028,-8.612,15.186,,pan
assignment3_kp2_t1,51.600,1791455945.529010,1494,1791455945.300759,camera_color_optical_frame,1,0.0026,-0.0046,0.00230,0.033,1,TRACKING,ok,0.000,0.000,deg/s,joint_states,-9.320,15.820,0.000,0.000,0.860,-0.130,-0.236,-0.023,-0.028,-8.587,15.182,,pan
assignment3_kp2_t1,51.621,1791455945.559635,1495,1791455945.334114,camera_color_optical_frame,1,0.0028,-0.0041,0.00232,0.016,1,TRACKING,ok,0.000,0.000,deg/s,joint_states,-9.230,15.820,0.000,0.000,0.818,-0.132,-0.226,-0.002,-0.025,-9.175,15.262,,pan
assignment3_kp2_t1,51.642,1791455945.576240,1495,1791455945.334114,camera_color_optical_frame,1,0.0028,-0.0041,0.00232,0.037,1,TRACKING,ok,0.000,0.000,deg/s,joint_states,-9.320,15.820,0.000,0.000,0.817,-0.132,-0.226,-0.004,-0.024,-9.195,15.265,,pan
assignment3_kp2_t1,51.662,1791455945.598578,1496,1791455945.367470,camera_color_optical_frame,1,0.0028,-0.0045,0.00233,0.013,1,TRACKING,ok,0.000,0.000,deg/s,joint_states,-9.320,15.820,0.000,0.000,0.814,-0.131,-0.225,-0.005,-0.025,-9.168,15.243,,pan
assignment3_kp2_t1,51.682,1791455945.611148,1496,1791455945.367470,camera_color_optical_frame,1,0.0028,-0.0045,0.00233,0.033,1,TRACKING,ok,0.000,0.000,deg/s,joint_states,-9.320,15.820,0.000,0.000,0.813,-0.131,-0.224,-0.004,-0.025,-9.188,15.244,,pan
assignment3_kp2_t1,51.701,1791455945.640864,1497,1791455945.400825,camera_color_optical_frame,1,0.0029,-0.0047,0.00234,0.015,1,TRACKING,ok,0.000,0.000,deg/s,joint_states,-9.320,15.820,0.000,0.000,0.845,-0.128,-0.232,-0.022,-0.028,-8.616,15.182,,pan
assignment3_kp2_t1,51.722,1791455945.652591,1497,1791455945.400825,camera_color_optical_frame,1,0.0029,-0.0047,0.00234,0.035,1,TRACKING,ok,0.000,0.000,deg/s,joint_states,-9.320,15.820,0.000,0.000,0.846,-0.128,-0.232,-0.023,-0.028,-8.591,15.178,,pan
assignment3_kp2_t1,51.746,1791455945.675704,1498,1791455945.434180,camera_color_optical_frame,1,0.0027,-0.0043,0.00231,0.017,1,TRACKING,ok,0.000,0.000,deg/s,joint_states,-9.230,15.820,0.000,0.000,0.841,-0.134,-0.238,-0.005,-0.008,-9.059,15.645,,pan
assignment3_kp2_t1,51.764,1791455945.696703,1498,1791455945.434180,camera_color_optical_frame,1,0.0027,-0.0043,0.00231,0.034,1,TRACKING,ok,0.000,0.000,deg/s,joint_states,-9.230,15.820,0.000,0.000,0.841,-0.134,-0.239,-0.005,-0.007,-9.065,15.669,,pan
assignment3_kp2_t1,51.782,1791455945.712127,1500,1791455945.500891,camera_color_optical_frame,1,0.0028,-0.0041,0.00230,0.005,0,TRACKING,ok,0.000,0.000,deg/s,joint_states,-9.320,15.820,0.000,0.000,0.469,-0.079,-0.137,0.009,0.008,-9.607,15.998,,pan
assignment3_kp2_t1,51.802,1791455945.732407,1500,1791455945.500891,camera_color_optical_frame,1,0.0028,-0.0041,0.00230,0.025,0,TRACKING,ok,0.000,0.000,deg/s,joint_states,-9.320,15.820,0.000,0.000,0.460,-0.078,-0.134,0.010,0.009,-9.638,16.030,,pan
assignment3_kp2_t1,51.820,1791455945.750859,1501,1791455945.534247,camera_color_optical_frame,1,0.0028,-0.0040,0.00231,0.003,0,TRACKING,ok,0.000,0.000,deg/s,joint_states,-9.230,15.910,0.000,0.000,0.451,-0.077,-0.132,0.014,0.007,-9.666,16.060,,pan
assignment3_kp2_t1,51.845,1791455945.776195,1501,1791455945.534247,camera_color_optical_frame,1,0.0028,-0.0040,0.00231,0.027,1,TRACKING,ok,0.000,0.000,deg/s,joint_states,-9.320,15.820,0.000,0.000,0.834,-0.131,-0.230,-0.014,-0.025,-8.892,15.243,,pan
assignment3_kp2_t1,51.860,1791455945.790451,1502,1791455945.567602,camera_color_optical_frame,1,0.0031,-0.0044,0.00233,0.006,1,TRACKING,ok,0.000,0.000,deg/s,joint_states,-9.230,15.820,0.000,0.000,0.941,-0.147,-0.257,-0.011,-0.031,-8.900,15.113,,pan
assignment3_kp2_t1,51.882,1791455945.812402,1502,1791455945.567602,camera_color_optical_frame,1,0.0031,-0.0044,0.00233,0.028,1,TRACKING,ok,0.000,0.000,deg/s,joint_states,-9.320,15.820,0.000,0.000,0.951,-0.149,-0.260,-0.014,-0.032,-8.892,15.103,,pan
assignment3_kp2_t1,51.902,1791455945.837931,1503,1791455945.600958,camera_color_optical_frame,1,0.0007,-0.0014,0.00229,0.010,1,TRACKING,ok,0.000,0.000,deg/s,joint_states,-9.320,15.820,0.000,0.000,0.837,-0.132,-0.235,-0.010,-0.014,-8.991,15.509,,pan
assignment3_kp2_t1,51.920,1791455945.850407,1503,1791455945.600958,camera_color_optical_frame,1,0.0007,-0.0014,0.00229,0.028,0,TRACKING,ok,0.000,0.000,deg/s,joint_states,-9.230,15.820,0.000,0.000,0.570,-0.094,-0.163,0.005,-0.004,-9.372,15.728,,pan
assignment3_kp2_t1,51.947,1791455945.878684,1504,1791455945.634313,camera_color_optical_frame,1,-0.0024,-0.0030,0.00237,0.021,1,TRACKING,ok,0.000,0.000,deg/s,joint_states,-9.320,15.820,0.000,0.000,0.841,-0.115,-0.234,-0.048,-0.019,-7.806,15.379,,pan
assignment3_kp2_t1,51.960,1791455945.889956,1504,1791455945.634313,camera_color_optical_frame,1,-0.0024,-0.0030,0.00237,0.034,1,TRACKING,ok,0.000,0.000,deg/s,joint_states,-9.230,15.910,0.000,0.000,0.842,-0.115,-0.234,-0.047,-0.023,-7.756,15.385,,pan
assignment3_kp2_t1,51.985,1791455945.916980,1505,1791455945.667669,camera_color_optical_frame,1,-0.0045,-0.0024,0.00226,0.016,1,TRACKING,ok,0.000,0.000,deg/s,joint_states,-9.230,15.910,0.000,0.000,0.820,-0.111,-0.225,-0.049,-0.032,-7.709,15.187,,pan
assignment3_kp2_t1,52.000,1791455945.930007,1505,1791455945.667669,camera_color_optical_frame,1,-0.0045,-0.0024,0.00226,0.032,1,TRACKING,ok,0.000,0.000,deg/s,joint_states,-9.320,15.820,0.000,0.000,0.819,-0.110,-0.224,-0.053,-0.028,-7.647,15.181,,pan
assignment3_kp2_t1,52.020,1791455945.950243,1506,1791455945.734380,camera_color_optical_frame,1,-0.0087,-0.0024,0.00236,0.006,1,TRACKING,ok,0.000,0.000,deg/s,joint_states,-9.320,15.820,0.000,0.000,0.818,-0.109,-0.224,-0.056,-0.028,-7.568,15.173,,pan
assignment3_kp2_t1,52.041,1791455945.970549,1506,1791455945.734380,camera_color_optical_frame,1,-0.0087,-0.0024,0.00236,0.027,1,TRACKING,ok,0.000,0.000,deg/s,joint_states,-9.230,15.820,0.000,0.000,0.824,-0.117,-0.232,-0.037,-0.009,-8.053,15.606,,pan
assignment3_kp2_t1,52.060,1791455945.990641,1507,1791455945.767735,camera_color_optical_frame,1,-0.0088,-0.0024,0.00235,0.014,1,TRACKING,ok,0.000,0.000,deg/s,joint_states,-9.320,15.820,0.000,0.000,0.833,-0.125,-0.230,-0.024,-0.024,-8.553,15.278,,pan
assignment3_kp2_t1,52.081,1791455946.014261,1507,1791455945.767735,camera_color_optical_frame,1,-0.0088,-0.0024,0.00235,0.035,1,TRACKING,ok,0.000,0.000,deg/s,joint_states,-9.320,15.820,0.000,0.000,0.833,-0.125,-0.230,-0.024,-0.024,-8.553,15.278,,pan
assignment3_kp2_t1,52.101,1791455946.031069,1508,1791455945.801090,camera_color_optical_frame,1,-0.0089,-0.0024,0.00232,0.013,1,TRACKING,ok,0.000,0.000,deg/s,joint_states,-9.320,15.820,0.000,0.000,0.833,-0.130,-0.226,-0.014,-0.037,-8.891,14.977,,pan
assignment3_kp2_t1,52.126,1791455946.059393,1509,1791455945.834446,camera_color_optical_frame,1,-0.0084,-0.0012,0.00232,0.009,1,TRACKING,ok,0.000,0.000,deg/s,joint_states,-9.320,15.820,0.000,0.000,0.833,-0.124,-0.232,-0.026,-0.019,-8.499,15.392,,pan
assignment3_kp2_t1,52.143,1791455946.072773,1509,1791455945.834446,camera_color_optical_frame,1,-0.0084,-0.0012,0.00232,0.026,1,TRACKING,ok,0.000,0.000,deg/s,joint_states,-9.320,15.820,0.000,0.000,0.832,-0.124,-0.232,-0.026,-0.018,-8.496,15.399,,pan
assignment3_kp2_t1,52.160,1791455946.092219,1510,1791455945.867801,camera_color_optical_frame,1,-0.0086,-0.0027,0.00234,0.009,1,TRACKING,ok,0.000,0.000,deg/s,joint_states,-9.320,15.910,0.000,0.000,0.832,-0.122,-0.234,-0.030,-0.017,-8.367,15.532,,pan
assignment3_kp2_t1,52.182,1791455946.112343,1510,1791455945.867801,camera_color_optical_frame,1,-0.0086,-0.0027,0.00234,0.031,1,TRACKING,ok,0.000,0.000,deg/s,joint_states,-9.230,15.820,0.000,0.000,0.832,-0.122,-0.234,-0.028,-0.012,-8.348,15.551,,pan
assignment3_kp2_t1,52.202,1791455946.132682,1512,1791455945.934512,camera_color_optical_frame,1,-0.0084,-0.0022,0.00239,0.004,1,TRACKING,ok,0.000,0.000,deg/s,joint_states,-9.230,15.820,0.000,0.000,0.845,-0.128,-0.235,-0.020,-0.019,-8.602,15.394,,pan
assignment3_kp2_t1,52.226,1791455946.155705,1512,1791455945.934512,camera_color_optical_frame,1,-0.0084,-0.0022,0.00239,0.027,0,TRACKING,ok,0.000,0.000,deg/s,joint_states,-9.230,15.820,0.000,0.000,0.465,-0.077,-0.136,0.006,0.011,-9.411,16.080,,pan
assignment3_kp2_t1,52.244,1791455946.173645,1513,1791455945.967867,camera_color_optical_frame,1,-0.0037,-0.0036,0.00233,0.010,1,TRACKING,ok,0.000,0.000,deg/s,joint_states,-9.230,15.820,0.000,0.000,0.819,-0.135,-0.223,0.004,-0.035,-9.362,15.019,,pan
assignment3_kp2_t1,52.262,1791455946.192191,1513,1791455945.967867,camera_color_optical_frame,1,-0.0037,-0.0036,0.00233,0.029,1,TRACKING,ok,0.000,0.000,deg/s,joint_states,-9.230,15.820,0.000,0.000,0.818,-0.136,-0.222,0.006,-0.036,-9.417,14.998,,pan
assignment3_kp2_t1,52.282,1791455946.212493,1514,1791455946.001223,camera_color_optical_frame,1,-0.0023,-0.0030,0.00242,0.007,1,TRACKING,ok,0.000,0.000,deg/s,joint_states,-9.230,15.820,0.000,0.000,0.932,-0.144,-0.255,-0.015,-0.030,-8.767,15.146,,pan
assignment3_kp2_t1,52.300,1791455946.233520,1514,1791455946.001223,camera_color_optical_frame,1,-0.0023,-0.0030,0.00242,0.026,1,TRACKING,ok,0.000,0.000,deg/s,joint_states,-9.320,15.820,0.000,0.000,0.941,-0.145,-0.258,-0.018,-0.030,-8.763,15.136,,pan
assignment3_kp2_t1,52.322,1791455946.251945,1515,1791455946.034578,camera_color_optical_frame,1,-0.0009,-0.0020,0.00241,0.005,1,TRACKING,ok,0.000,0.000,deg/s,joint_states,-9.230,15.820,0.000,0.000,0.937,-0.145,-0.257,-0.013,-0.029,-8.817,15.172,,pan
assignment3_kp2_t1,52.340,1791455946.273273,1515,1791455946.034578,camera_color_optical_frame,1,-0.0009,-0.0020,0.00241,0.023,1,TRACKING,ok,0.000,0.000,deg/s,joint_states,-9.230,15.910,0.000,0.000,0.946,-0.147,-0.259,-0.013,-0.033,-8.814,15.164,,pan
assignment3_kp2_t1,52.360,1791455946.289299,1516,1791455946.067934,camera_color_optical_frame,1,0.0013,-0.0027,0.00243,0.011,1,TRACKING,ok,0.000,0.000,deg/s,joint_states,-9.320,15.820,0.000,0.000,0.846,-0.139,-0.239,-0.001,-0.011,-9.295,15.575,,pan
assignment3_kp2_t1,52.381,1791455946.314387,1516,1791455946.067934,camera_color_optical_frame,1,0.0013,-0.0027,0.00243,0.032,1,TRACKING,ok,0.000,0.000,deg/s,joint_states,-9.320,15.820,0.000,0.000,0.847,-0.139,-0.240,0.000,-0.010,-9.330,15.598,,pan
assignment3_kp2_t1,52.401,1791455946.331135,1517,1791455946.101289,camera_color_optical_frame,1,0.0031,-0.0050,0.00239,0.008,1,TRACKING,ok,0.000,0.000,deg/s,joint_states,-9.320,15.820,0.000,0.000,0.832,-0.133,-0.228,-0.008,-0.031,-9.080,15.120,,pan
assignment3_kp2_t1,52.420,1791455946.354590,1518,1791455946.134644,camera_color_optical_frame,1,0.0043,-0.0049,0.00244,0.009,0,TRACKING,ok,0.000,0.000,deg/s,joint_states,-9.320,15.820,0.000,0.000,0.467,-0.080,-0.136,0.011,0.006,-9.661,15.963,,pan
assignment3_kp2_t1,52.442,1791455946.371876,1518,1791455946.134644,camera_color_optical_frame,1,0.0043,-0.0049,0.00244,0.030,0,TRACKING,ok,0.000,0.000,deg/s,joint_states,-9.230,15.820,0.000,0.000,0.457,-0.078,-0.133,0.015,0.008,-9.697,15.994,,pan
assignment3_kp2_t1,52.462,1791455946.394882,1519,1791455946.168000,camera_color_optical_frame,1,0.0071,-0.0058,0.00246,0.015,1,TRACKING,ok,0.000,0.000,deg/s,joint_states,-9.230,15.820,0.000,0.000,0.840,-0.140,-0.230,0.007,-0.030,-9.442,15.139,,pan
assignment3_kp2_t1,52.481,1791455946.410679,1520,1791455946.201355,camera_color_optical_frame,1,0.0090,-0.0096,0.00240,0.003,1,TRACKING,ok,0.000,0.000,deg/s,joint_states,-9.320,15.820,0.000,0.000,0.931,-0.149,-0.252,-0.008,-0.037,-9.064,14.976,,pan
assignment3_kp2_t1,52.500,1791455946.433553,1520,1791455946.201355,camera_color_optical_frame,1,0.0090,-0.0096,0.00240,0.022,1,TRACKING,ok,0.000,0.000,deg/s,joint_states,-9.230,15.820,0.000,0.000,0.940,-0.150,-0.254,-0.005,-0.038,-9.060,14.964,,pan
assignment3_kp2_t1,52.521,1791455946.450538,1520,1791455946.201355,camera_color_optical_frame,1,0.0090,-0.0096,0.00240,0.043,1,TRACKING,ok,0.000,0.000,deg/s,joint_states,-9.230,15.820,0.000,0.000,0.950,-0.151,-0.257,-0.006,-0.038,-9.055,14.952,,pan
assignment3_kp2_t1,52.541,1791455946.471396,1521,1791455946.234711,camera_color_optical_frame,1,0.0109,-0.0146,0.00239,0.017,1,TRACKING,ok,0.000,0.000,deg/s,joint_states,-9.230,15.910,0.000,0.000,0.806,-0.136,-0.208,0.011,-0.071,-9.573,14.304,,pan
assignment3_kp2_t1,52.560,1791455946.489496,1521,1791455946.234711,camera_color_optical_frame,1,0.0109,-0.0146,0.00239,0.036,1,TRACKING,ok,0.000,0.000,deg/s,joint_states,-9.320,15.820,0.000,0.000,0.804,-0.136,-0.207,0.009,-0.069,-9.609,14.246,,pan
assignment3_kp2_t1,52.580,1791455946.510113,1522,1791455946.268057,camera_color_optical_frame,1,0.0147,-0.0207,0.00231,0.012,1,TRACKING,ok,0.000,0.000,deg/s,joint_states,-9.230,15.820,0.000,0.000,0.833,-0.148,-0.212,0.027,-0.077,-10.076,14.072,,pan
assignment3_kp2_t1,52.607,1791455946.543415,1523,1791455946.301404,camera_color_optical_frame,1,0.0163,-0.0257,0.00236,0.007,1,TRACKING,ok,0.000,0.000,deg/s,joint_states,-9.320,15.820,0.000,0.000,0.833,-0.149,-0.211,0.027,-0.081,-10.157,13.982,,pan
assignment3_kp2_t1,52.622,1791455946.552091,1523,1791455946.301404,camera_color_optical_frame,1,0.0163,-0.0257,0.00236,0.022,1,TRACKING,ok,0.000,0.000,deg/s,joint_states,-9.320,15.820,0.000,0.000,0.811,-0.145,-0.203,0.026,-0.088,-10.125,13.818,,pan
assignment3_kp2_t1,52.650,1791455946.580680,1524,1791455946.334752,camera_color_optical_frame,1,0.0171,-0.0304,0.00242,0.026,0,TRACKING,ok,0.000,0.000,deg/s,joint_states,-9.320,15.820,0.000,0.000,0.454,-0.082,-0.126,0.031,-0.022,-10.280,15.324,,pan
assignment3_kp2_t1,52.660,1791455946.589241,1524,1791455946.334752,camera_color_optical_frame,1,0.0171,-0.0304,0.00242,0.035,0,TRACKING,ok,0.000,0.000,deg/s,joint_states,-9.320,15.820,0.000,0.000,0.449,-0.082,-0.125,0.031,-0.021,-10.301,15.334,,pan
assignment3_kp2_t1,52.685,1791455946.619014,1525,1791455946.368098,camera_color_optical_frame,1,0.0206,-0.0390,0.00228,0.023,1,TRACKING,ok,0.000,0.000,deg/s,joint_states,-9.320,15.910,0.000,0.000,0.808,-0.137,-0.194,0.009,-0.115,-9.606,13.305,,pan
assignment3_kp2_t1,52.701,1791455946.632669,1526,1791455946.401445,camera_color_optical_frame,1,0.0228,-0.0447,0.00240,0.005,1,TRACKING,ok,0.000,0.000,deg/s,joint_states,-9.320,15.820,0.000,0.000,0.935,-0.156,-0.238,0.006,-0.076,-9.501,14.105,,pan
assignment3_kp2_t1,52.720,1791455946.651426,1526,1791455946.401445,camera_color_optical_frame,1,0.0228,-0.0447,0.00240,0.024,1,TRACKING,ok,0.000,0.000,deg/s,joint_states,-9.230,15.820,0.000,0.000,0.944,-0.158,-0.240,0.009,-0.076,-9.496,14.089,,pan
assignment3_kp2_t1,52.745,1791455946.676421,1527,1791455946.434792,camera_color_optical_frame,1,0.0250,-0.0510,0.00235,0.010,1,TRACKING,ok,0.000,-2.893,deg/s,joint_states,-9.320,15.820,0.000,0.000,0.795,-0.141,-0.189,0.025,-0.116,-10.092,13.186,,pan
assignment3_kp2_t1,52.760,1791455946.690770,1528,1791455946.468139,camera_color_optical_frame,1,0.0255,-0.0605,0.00233,0.010,0,TRACKING,ok,0.000,-3.433,deg/s,joint_states,-9.320,15.820,0.000,0.000,0.467,-0.086,-0.123,0.037,-0.055,-10.475,14.579,,pan
assignment3_kp2_t1,52.780,1791455946.712630,1528,1791455946.468139,camera_color_optical_frame,1,0.0255,-0.0605,0.00233,0.030,0,TRACKING,ok,0.000,-3.433,deg/s,joint_states,-9.320,15.820,0.000,0.000,0.457,-0.085,-0.121,0.038,-0.054,-10.519,14.592,,pan
assignment3_kp2_t1,52.800,1791455946.731321,1529,1791455946.501486,camera_color_optical_frame,1,0.0234,-0.0687,0.00248,0.012,1,TRACKING,ok,0.000,-3.895,deg/s,joint_states,-9.230,15.820,0.000,0.000,0.810,-0.136,-0.180,0.010,-0.152,-9.526,12.374,,pan
assignment3_kp2_t1,52.820,1791455946.750162,1529,1791455946.501486,camera_color_optical_frame,1,0.0234,-0.0687,0.00248,0.032,1,TRACKING,ok,0.000,-3.895,deg/s,joint_states,-9.230,15.820,0.000,0.000,0.810,-0.136,-0.178,0.009,-0.158,-9.522,12.251,,pan
assignment3_kp2_t1,52.842,1791455946.778283,1530,1791455946.534833,camera_color_optical_frame,1,0.0210,-0.0813,0.00233,0.019,1,TRACKING,ok,0.000,-4.606,deg/s,joint_states,-9.230,15.820,0.000,0.000,0.923,-0.153,-0.219,0.005,-0.116,-9.387,13.195,,pan
assignment3_kp2_t1,52.860,1791455946.789922,1530,1791455946.534833,camera_color_optical_frame,1,0.0210,-0.0813,0.00233,0.038,1,TRACKING,ok,0.000,-4.606,deg/s,joint_states,-9.230,15.730,0.000,0.000,0.932,-0.154,-0.221,0.005,-0.113,-9.375,13.175,,pan
assignment3_kp2_t1,52.880,1791455946.809674,1531,1791455946.568180,camera_color_optical_frame,1,0.0161,-0.0925,0.00239,0.018,1,TRACKING,ok,0.000,-5.244,deg/s,joint_states,-9.230,15.640,0.000,-1.370,0.795,-0.122,-0.160,-0.016,-0.195,-8.751,11.217,,pan
assignment3_kp2_t1,52.900,1791455946.838846,1531,1791455946.568180,camera_color_optical_frame,1,0.0161,-0.0925,0.00239,0.037,1,TRACKING,ok,0.000,-5.244,deg/s,joint_states,-9.320,15.560,0.000,-2.750,0.794,-0.121,-0.157,-0.020,-0.199,-8.697,11.047,,pan
assignment3_kp2_t1,52.924,1791455946.854035,1532,1791455946.601526,camera_color_optical_frame,1,0.0113,-0.1016,0.00253,0.009,1,TRACKING,ok,0.000,-5.758,deg/s,joint_states,-9.230,15.470,0.000,-2.750,0.816,-0.116,-0.169,-0.036,-0.172,-8.112,11.580,,pan
assignment3_kp2_t1,52.948,1791455946.882092,1533,1791455946.634873,camera_color_optical_frame,1,0.0059,-0.1071,0.00261,0.022,0,TRACKING,ok,0.000,-6.073,deg/s,joint_states,-9.320,15.380,0.000,-2.750,0.460,-0.076,-0.112,0.004,-0.082,-9.440,13.527,,pan
assignment3_kp2_t1,52.960,1791455946.891005,1534,1791455946.668220,camera_color_optical_frame,1,-0.0018,-0.1131,0.00251,0.002,0,TRACKING,ok,0.000,-6.411,deg/s,joint_states,-9.320,15.380,0.000,-2.750,0.454,-0.076,-0.111,0.004,-0.081,-9.442,13.535,,pan
assignment3_kp2_t1,52.982,1791455946.914784,1534,1791455946.668220,camera_color_optical_frame,1,-0.0018,-0.1131,0.00251,0.024,1,TRACKING,ok,0.000,-6.411,deg/s,joint_states,-9.230,15.210,0.000,-2.750,0.780,-0.100,-0.160,-0.063,-0.162,-7.299,11.530,,pan
assignment3_kp2_t1,53.000,1791455946.929464,1535,1791455946.701566,camera_color_optical_frame,1,-0.0157,-0.1178,0.00237,0.002,1,TRACKING,ok,0.000,-6.673,deg/s,joint_states,-9.320,15.210,0.000,-2.750,0.912,-0.129,-0.203,-0.041,-0.122,-8.053,12.433,,pan
assignment3_kp2_t1,53.020,1791455946.951193,1535,1791455946.701566,camera_color_optical_frame,1,-0.0157,-0.1178,0.00237,0.023,1,TRACKING,ok,0.000,-6.673,deg/s,joint_states,-9.320,15.030,0.000,-4.120,0.922,-0.130,-0.205,-0.042,-0.115,-8.028,12.415,,pan
assignment3_kp2_t1,53.041,1791455946.972456,1536,1791455946.734913,camera_color_optical_frame,1,-0.0338,-0.1231,0.00241,0.007,1,TRACKING,ok,2.048,-6.974,deg/s,joint_states,-9.230,14.940,0.000,-4.120,0.919,-0.117,-0.203,-0.065,-0.113,-7.230,12.375,,pan
assignment3_kp2_t1,53.061,1791455946.990903,1536,1791455946.734913,camera_color_optical_frame,1,-0.0338,-0.1231,0.00241,0.027,1,TRACKING,ok,2.048,-6.974,deg/s,joint_states,-9.320,14.850,0.000,-4.120,0.929,-0.117,-0.205,-0.069,-0.110,-7.191,12.356,,pan
assignment3_kp2_t1,53.080,1791455947.012001,1537,1791455946.768259,camera_color_optical_frame,1,-0.0546,-0.1219,0.00233,0.010,0,TRACKING,ok,3.303,-6.907,deg/s,joint_states,-9.230,14.680,0.000,-4.120,0.465,-0.055,-0.110,-0.079,-0.061,-6.776,13.275,,pan
assignment3_kp2_t1,53.102,1791455947.031797,1538,1791455946.801605,camera_color_optical_frame,1,-0.0776,-0.1187,0.00239,0.004,0,TRACKING,ok,4.698,-6.728,deg/s,joint_states,-9.320,14.500,0.000,-5.500,0.454,-0.053,-0.108,-0.085,-0.052,-6.688,13.309,,pan
assignment3_kp2_t1,53.121,1791455947.054600,1538,1791455946.801605,camera_color_optical_frame,1,-0.0776,-0.1187,0.00239,0.023,1,TRACKING,ok,4.698,-6.728,deg/s,joint_states,-9.320,14.330,0.000,-5.500,0.743,-0.015,-0.151,-0.267,-0.119,-1.128,11.506,,pan
assignment3_kp2_t1,53.141,1791455947.070200,1539,1791455946.834952,camera_color_optical_frame,1,-0.1016,-0.1143,0.00242,0.006,1,TRACKING,ok,6.143,-6.476,deg/s,joint_states,-9.320,14.240,0.000,-6.870,0.907,-0.080,-0.196,-0.139,-0.091,-5.024,12.143,,pan
assignment3_kp2_t1,53.161,1791455947.093654,1539,1791455946.834952,camera_color_optical_frame,1,-0.1016,-0.1143,0.00242,0.026,1,TRACKING,ok,6.143,-6.476,deg/s,joint_states,-9.320,14.150,0.000,-6.870,0.917,-0.080,-0.198,-0.141,-0.088,-4.975,12.127,,pan
assignment3_kp2_t1,53.180,1791455947.110992,1539,1791455946.834952,camera_color_optical_frame,1,-0.1016,-0.1143,0.00242,0.045,1,TRACKING,ok,6.143,-6.476,deg/s,joint_states,-9.230,13.970,0.000,-6.870,0.926,-0.080,-0.200,-0.139,-0.081,-4.930,12.111,,pan
assignment3_kp2_t1,53.203,1791455947.139265,1540,1791455946.868298,camera_color_optical_frame,1,-0.1247,-0.1087,0.00238,0.020,1,TRACKING,ok,7.540,-6.159,deg/s,joint_states,-9.050,13.800,0.000,-6.870,0.796,0.007,-0.173,-0.310,-0.061,0.482,12.250,,pan
assignment3_kp2_t1,53.226,1791455947.163647,1541,1791455946.901645,camera_color_optical_frame,1,-0.1487,-0.1039,0.00238,0.009,0,TRACKING,ok,8.983,-5.891,deg/s,joint_states,-9.050,13.710,1.370,-5.500,0.464,-0.023,-0.109,-0.200,-0.019,-2.852,13.204,,pan
assignment3_kp2_t1,53.243,1791455947.175996,1542,1791455946.934991,camera_color_optical_frame,1,-0.1718,-0.0991,0.00247,0.005,1,TRACKING,ok,10.374,-5.617,deg/s,joint_states,-8.790,13.540,4.120,-5.500,0.795,0.021,-0.163,-0.338,-0.078,1.544,11.585,,pan
assignment3_kp2_t1,53.261,1791455947.195225,1543,1791455946.968337,camera_color_optical_frame,1,-0.1950,-0.0925,0.00251,0.002,1,TRACKING,ok,11.765,-5.243,deg/s,joint_states,-8.700,13.450,4.120,-5.500,0.795,0.027,-0.162,-0.349,-0.076,1.951,11.529,,pan
assignment3_kp2_t1,53.280,1791455947.210085,1543,1791455946.968337,camera_color_optical_frame,1,-0.1950,-0.0925,0.00251,0.020,1,TRACKING,ok,11.765,-5.243,deg/s,joint_states,-8.530,13.360,4.120,-5.500,0.909,-0.035,-0.193,-0.206,-0.057,-2.193,12.002,,pan
assignment3_kp2_t1,53.301,1791455947.235279,1544,1791455947.001683,camera_color_optical_frame,1,-0.2140,-0.0804,0.00254,0.017,0,TRACKING,ok,12.899,-4.557,deg/s,joint_states,-8.440,13.180,5.500,-5.500,0.477,-0.015,-0.111,-0.214,0.002,-1.804,13.132,,pan
assignment3_kp2_t1,53.320,1791455947.249441,1544,1791455947.001683,camera_color_optical_frame,1,-0.2140,-0.0804,0.00254,0.036,0,TRACKING,ok,12.899,-4.557,deg/s,joint_states,-8.350,13.100,5.500,-5.500,0.468,-0.014,-0.110,-0.214,0.007,-1.714,13.177,,pan
assignment3_kp2_t1,53.342,1791455947.278674,1545,1791455947.035030,camera_color_optical_frame,1,-0.2309,-0.0692,0.00266,0.013,1,TRACKING,ok,13.911,-3.923,deg/s,joint_states,-8.090,13.010,5.500,-5.500,0.799,0.034,-0.169,-0.343,-0.037,2.420,11.965,,pan
assignment3_kp2_t1,53.360,1791455947.289745,1545,1791455947.035030,camera_color_optical_frame,1,-0.2309,-0.0692,0.00266,0.031,1,TRACKING,ok,13.911,-3.923,deg/s,joint_states,-7.910,12.920,6.870,-5.500,0.799,0.038,-0.169,-0.348,-0.034,2.747,11.947,,pan
assignment3_kp2_t1,53.381,1791455947.316516,1546,1791455947.068376,camera_color_optical_frame,1,-0.2456,-0.0575,0.00261,0.015,1,TRACKING,ok,14.789,-3.258,deg/s,joint_states,-7.650,12.830,8.240,-4.120,0.911,-0.013,-0.195,-0.221,-0.028,-0.848,12.102,,pan
assignment3_kp2_t1,53.400,1791455947.330481,1546,1791455947.068376,camera_color_optical_frame,1,-0.2456,-0.0575,0.00261,0.034,1,TRACKING,ok,14.789,-3.258,deg/s,joint_states,-7.470,12.740,9.620,-4.120,0.920,-0.013,-0.197,-0.216,-0.025,-0.816,12.091,,pan
assignment3_kp2_t1,53.420,1791455947.350501,1547,1791455947.101722,camera_color_optical_frame,1,-0.2573,-0.0469,0.00270,0.017,1,TRACKING,ok,15.483,0.000,deg/s,joint_states,-7.210,12.570,10.990,-4.120,0.764,0.039,-0.169,-0.329,0.002,2.903,12.425,,pan
assignment3_kp2_t1,53.445,1791455947.376286,1548,1791455947.135068,camera_color_optical_frame,1,-0.2675,-0.0374,0.00276,0.005,1,TRACKING,ok,16.089,0.000,deg/s,joint_states,-6.940,12.570,10.990,-4.120,0.771,0.041,-0.169,-0.325,-0.001,3.048,12.363,,pan
assignment3_kp2_t1,53.460,1791455947.389370,1548,1791455947.135068,camera_color_optical_frame,1,-0.2675,-0.0374,0.00276,0.020,1,TRACKING,ok,16.089,0.000,deg/s,joint_states,-6.680,12.390,10.990,-4.120,0.770,0.044,-0.169,-0.324,0.007,3.260,12.370,,pan
assignment3_kp2_t1,53.483,1791455947.412582,1549,1791455947.168414,camera_color_optical_frame,1,-0.2761,-0.0259,0.00273,0.021,0,TRACKING,ok,16.601,0.000,deg/s,joint_states,-6.500,12.300,10.990,-4.120,0.473,0.007,-0.111,-0.239,0.045,0.908,13.221,,pan
assignment3_kp2_t1,53.500,1791455947.430048,1550,1791455947.201760,camera_color_optical_frame,1,-0.2859,-0.0163,0.00278,0.004,1,TRACKING,ok,17.182,0.000,deg/s,joint_states,-6.240,12.300,10.990,-4.120,0.735,0.060,-0.163,-0.357,0.016,4.704,12.444,,pan
assignment3_kp2_t1,53.520,1791455947.450409,1550,1791455947.201760,camera_color_optical_frame,1,-0.2859,-0.0163,0.00278,0.024,1,TRACKING,ok,17.182,0.000,deg/s,joint_states,-5.800,12.300,10.990,-2.750,0.731,0.065,-0.162,-0.355,0.017,5.072,12.456,,pan
assignment3_kp2_t1,53.541,1791455947.470783,1551,1791455947.235106,camera_color_optical_frame,1,-0.2911,-0.0069,0.00285,0.004,1,TRACKING,ok,17.485,0.000,deg/s,joint_states,-5.540,12.300,12.370,-1.370,0.900,0.023,-0.193,-0.228,-0.004,1.483,12.121,,pan
assignment3_kp2_t1,53.560,1791455947.494438,1551,1791455947.235106,camera_color_optical_frame,1,-0.2911,-0.0069,0.00285,0.023,1,TRACKING,ok,17.485,0.000,deg/s,joint_states,-5.100,12.300,13.740,0.000,0.909,0.024,-0.195,-0.215,-0.005,1.516,12.108,,pan
assignment3_kp2_t1,53.585,1791455947.514641,1552,1791455947.268461,camera_color_optical_frame,1,-0.2913,-0.0001,0.00285,0.006,1,TRACKING,ok,17.501,0.000,deg/s,joint_states,-4.830,12.300,15.110,0.000,0.818,0.055,-0.179,-0.282,0.007,3.845,12.320,,pan
assignment3_kp2_t1,53.601,1791455947.532576,1553,1791455947.301815,camera_color_optical_frame,1,-0.2908,0.0068,0.00290,0.014,0,TRACKING,ok,17.467,0.000,deg/s,joint_states,-4.480,12.300,16.490,0.000,0.480,0.015,-0.113,-0.200,0.046,1.731,13.263,,pan
assignment3_kp2_t1,53.623,1791455947.553174,1553,1791455947.301815,camera_color_optical_frame,1,-0.2908,0.0068,0.00290,0.036,0,TRACKING,ok,17.467,0.000,deg/s,joint_states,-4.130,12.300,16.490,0.000,0.469,0.015,-0.111,-0.190,0.048,1.774,13.320,,pan
assignment3_kp2_t1,53.643,1791455947.574638,1554,1791455947.335169,camera_color_optical_frame,1,-0.2877,0.0134,0.00279,0.015,1,TRACKING,ok,17.287,0.000,deg/s,joint_states,-3.780,12.300,16.490,0.000,0.765,0.059,-0.163,-0.265,-0.009,4.383,11.983,,pan
assignment3_kp2_t1,53.662,1791455947.593874,1555,1791455947.368523,camera_color_optical_frame,1,-0.2837,0.0200,0.00288,0.014,0,TRACKING,ok,17.050,0.000,deg/s,joint_states,-3.430,12.300,16.490,0.000,0.590,0.041,-0.133,-0.240,0.019,3.967,12.627,,pan
assignment3_kp2_t1,53.681,1791455947.611604,1556,1791455947.401877,camera_color_optical_frame,1,-0.2792,0.0252,0.00282,0.005,1,TRACKING,ok,16.782,0.000,deg/s,joint_states,-3.080,12.300,16.490,0.000,0.781,0.059,-0.170,-0.240,0.002,4.309,12.250,,pan
assignment3_kp2_t1,53.701,1791455947.634002,1556,1791455947.401877,camera_color_optical_frame,1,-0.2792,0.0252,0.00282,0.025,1,TRACKING,ok,16.782,0.000,deg/s,joint_states,-2.640,12.300,16.490,0.000,0.781,0.061,-0.170,-0.231,0.002,4.473,12.250,,pan
assignment3_kp2_t1,53.724,1791455947.655080,1557,1791455947.435231,camera_color_optical_frame,1,-0.2690,0.0267,0.00270,0.006,1,TRACKING,ok,16.178,0.000,deg/s,joint_states,-2.290,12.300,17.860,0.000,0.884,0.050,-0.190,-0.179,-0.007,3.247,12.097,,pan
assignment3_kp2_t1,53.741,1791455947.672244,1558,1791455947.468585,camera_color_optical_frame,1,-0.2555,0.0257,0.00272,0.008,0,TRACKING,ok,15.376,0.000,deg/s,joint_states,-1.930,12.300,17.860,0.000,0.491,0.023,-0.115,-0.150,0.041,2.726,13.197,,pan
assignment3_kp2_t1,53.762,1791455947.691629,1558,1791455947.468585,camera_color_optical_frame,1,-0.2555,0.0257,0.00272,0.028,0,TRACKING,ok,15.376,0.000,deg/s,joint_states,-1.580,12.300,17.860,0.000,0.481,0.023,-0.113,-0.139,0.044,2.733,13.251,,pan
assignment3_kp2_t1,53.784,1791455947.721529,1558,1791455947.468585,camera_color_optical_frame,1,-0.2555,0.0257,0.00272,0.050,0,TRACKING,ok,15.376,0.000,deg/s,joint_states,-1.320,12.300,17.860,0.000,0.470,0.023,-0.111,-0.131,0.046,2.741,13.312,,pan
assignment3_kp2_t1,53.801,1791455947.734974,1559,1791455947.501939,camera_color_optical_frame,1,-0.2404,0.0253,0.00267,0.007,1,TRACKING,ok,14.478,0.000,deg/s,joint_states,-1.320,12.300,17.860,0.000,0.770,0.053,-0.168,-0.170,0.000,3.942,12.257,,pan
assignment3_kp2_t1,53.826,1791455947.759708,1560,1791455947.535293,camera_color_optical_frame,1,-0.2270,0.0243,0.00269,0.008,1,TRACKING,ok,13.679,0.000,deg/s,joint_states,-0.700,12.300,16.490,0.000,0.887,0.055,-0.190,-0.138,-0.008,3.553,12.076,,pan
assignment3_kp2_t1,53.845,1791455947.784677,1560,1791455947.535293,camera_color_optical_frame,1,-0.2270,0.0243,0.00269,0.026,1,TRACKING,ok,13.679,0.000,deg/s,joint_states,-0.350,12.300,15.110,0.000,0.896,0.056,-0.192,-0.127,-0.009,3.571,12.061,,pan
assignment3_kp2_t1,53.872,1791455947.806517,1561,1791455947.568647,camera_color_optical_frame,1,-0.2119,0.0252,0.00269,0.013,1,TRACKING,ok,12.774,0.000,deg/s,joint_states,0.000,12.300,15.110,0.000,0.777,0.060,-0.171,-0.143,0.005,4.437,12.373,,pan
assignment3_kp2_t1,53.888,1791455947.824039,1561,1791455947.568647,camera_color_optical_frame,1,-0.2119,0.0252,0.00269,0.029,1,TRACKING,ok,12.774,0.000,deg/s,joint_states,0.000,12.300,15.110,0.000,0.777,0.061,-0.171,-0.146,0.005,4.508,12.378,,pan
assignment3_kp2_t1,53.906,1791455947.839226,1562,1791455947.602001,camera_color_optical_frame,1,-0.1953,0.0269,0.00261,0.007,1,TRACKING,ok,11.783,0.000,deg/s,joint_states,0.260,12.220,15.110,0.000,0.753,0.058,-0.170,-0.135,0.020,4.432,12.647,,pan
assignment3_kp2_t1,53.932,1791455947.863876,1562,1791455947.602001,camera_color_optical_frame,1,-0.1953,0.0269,0.00261,0.033,1,TRACKING,ok,11.783,0.000,deg/s,joint_states,0.880,12.300,15.110,0.000,0.751,0.060,-0.170,-0.118,0.018,4.534,12.682,,pan
assignment3_kp2_t1,53.946,1791455947.879574,1563,1791455947.635355,camera_color_optical_frame,1,-0.1792,0.0278,0.00265,0.007,1,TRACKING,ok,10.819,0.000,deg/s,joint_states,0.880,12.300,15.110,0.000,0.760,0.062,-0.171,-0.122,0.017,4.645,12.662,,pan
assignment3_kp2_t1,53.960,1791455947.892379,1564,1791455947.702063,camera_color_optical_frame,1,-0.1513,0.0355,0.00270,0.006,1,TRACKING,ok,9.139,0.000,deg/s,joint_states,1.410,12.300,13.740,0.000,0.771,0.061,-0.180,-0.101,0.036,4.547,13.107,,pan
assignment3_kp2_t1,53.980,1791455947.914299,1564,1791455947.702063,camera_color_optical_frame,1,-0.1513,0.0355,0.00270,0.026,1,TRACKING,ok,9.139,0.000,deg/s,joint_states,1.670,12.300,13.740,0.000,0.771,0.062,-0.181,-0.095,0.039,4.614,13.165,,pan
assignment3_kp2_t1,54.001,1791455947.937308,1565,1791455947.735417,camera_color_optical_frame,1,-0.1373,0.0375,0.00273,0.011,1,TRACKING,ok,8.300,0.000,deg/s,joint_states,1.930,12.300,13.740,0.000,0.771,0.054,-0.173,-0.067,0.015,4.002,12.623,,pan
assignment3_kp2_t1,54.020,1791455947.951879,1565,1791455947.735417,camera_color_optical_frame,1,-0.1373,0.0375,0.00273,0.030,1,TRACKING,ok,8.300,0.000,deg/s,joint_states,2.200,12.300,12.370,0.000,0.771,0.054,-0.173,-0.058,0.015,4.002,12.623,,pan
assignment3_kp2_t1,54.041,1791455947.972783,1566,1791455947.768771,camera_color_optical_frame,1,-0.1231,0.0405,0.00268,0.015,1,TRACKING,ok,7.440,0.000,deg/s,joint_states,2.370,12.300,12.370,0.000,0.791,0.066,-0.184,-0.078,0.035,4.788,13.076,,pan
assignment3_kp2_t1,54.062,1791455947.993721,1567,1791455947.802125,camera_color_optical_frame,1,-0.1096,0.0428,0.00272,0.002,1,TRACKING,ok,6.627,0.000,deg/s,joint_states,2.640,12.300,10.990,0.000,0.792,0.067,-0.185,-0.071,0.036,4.853,13.114,,pan
assignment3_kp2_t1,54.081,1791455948.017920,1567,1791455947.802125,camera_color_optical_frame,1,-0.1096,0.0428,0.00272,0.021,1,TRACKING,ok,6.627,0.000,deg/s,joint_states,2.810,12.300,10.990,0.000,0.770,0.064,-0.178,-0.063,0.030,4.769,12.979,,pan
assignment3_kp2_t1,54.101,1791455948.030071,1568,1791455947.835478,camera_color_optical_frame,1,-0.0978,0.0437,0.00271,0.002,1,TRACKING,ok,5.916,0.000,deg/s,joint_states,2.990,12.300,9.620,0.000,0.772,0.068,-0.180,-0.066,0.035,5.043,13.091,,pan
assignment3_kp2_t1,54.121,1791455948.052431,1568,1791455947.835478,camera_color_optical_frame,1,-0.0978,0.0437,0.00271,0.022,1,TRACKING,ok,5.916,0.000,deg/s,joint_states,3.160,12.300,9.620,0.000,0.772,0.069,-0.181,-0.063,0.037,5.114,13.123,,pan
assignment3_kp2_t1,54.143,1791455948.072723,1568,1791455947.835478,camera_color_optical_frame,1,-0.0978,0.0437,0.00271,0.045,1,TRACKING,ok,5.916,0.000,deg/s,joint_states,3.340,12.300,8.240,0.000,0.772,0.070,-0.181,-0.060,0.038,5.193,13.158,,pan
assignment3_kp2_t1,54.164,1791455948.097126,1569,1791455947.868832,camera_color_optical_frame,1,-0.0858,0.0434,0.00274,0.019,1,TRACKING,ok,5.190,0.000,deg/s,joint_states,3.430,12.300,6.870,0.000,0.779,0.071,-0.181,-0.057,0.032,5.200,13.015,,pan
assignment3_kp2_t1,54.180,1791455948.111459,1569,1791455947.868832,camera_color_optical_frame,1,-0.0858,0.0434,0.00274,0.035,1,TRACKING,ok,5.190,0.000,deg/s,joint_states,3.600,12.300,6.870,0.000,0.780,0.072,-0.181,-0.053,0.033,5.258,13.033,,pan
assignment3_kp2_t1,54.201,1791455948.132572,1570,1791455947.902186,camera_color_optical_frame,1,-0.0747,0.0422,0.00277,0.015,1,TRACKING,ok,4.521,0.000,deg/s,joint_states,3.690,12.300,5.500,0.000,0.773,0.068,-0.175,-0.044,0.017,5.057,12.672,,pan
assignment3_kp2_t1,54.221,1791455948.150881,1570,1791455947.902186,camera_color_optical_frame,1,-0.0747,0.0422,0.00277,0.035,1,TRACKING,ok,4.521,0.000,deg/s,joint_states,3.780,12.300,5.500,0.000,0.773,0.069,-0.174,-0.043,0.016,5.104,12.664,,pan
assignment3_kp2_t1,54.242,1791455948.172161,1571,1791455947.935539,camera_color_optical_frame,1,-0.0652,0.0395,0.00280,0.018,1,TRACKING,ok,3.944,0.000,deg/s,joint_states,3.960,12.300,5.500,0.000,0.780,0.075,-0.172,-0.049,0.005,5.481,12.409,,pan
assignment3_kp2_t1,54.261,1791455948.192670,1572,1791455947.968893,camera_color_optical_frame,1,-0.0573,0.0395,0.00279,0.013,1,TRACKING,ok,3.470,0.000,deg/s,joint_states,4.040,12.300,5.500,0.000,0.787,0.076,-0.176,-0.048,0.010,5.530,12.529,,pan
assignment3_kp2_t1,54.283,1791455948.214118,1573,1791455948.002247,camera_color_optical_frame,1,-0.0502,0.0358,0.00281,0.014,0,TRACKING,ok,3.039,0.000,deg/s,joint_states,4.130,12.300,5.500,0.000,0.481,0.036,-0.115,-0.003,0.051,4.236,13.457,,pan
assignment3_kp2_t1,54.301,1791455948.230748,1574,1791455948.035600,camera_color_optical_frame,1,-0.0443,0.0345,0.00279,0.011,0,TRACKING,ok,2.682,0.000,deg/s,joint_states,4.220,12.300,5.500,0.000,0.488,0.037,-0.116,-0.005,0.047,4.385,13.369,,pan
assignment3_kp2_t1,54.322,1791455948.253555,1574,1791455948.035600,camera_color_optical_frame,1,-0.0443,0.0345,0.00279,0.032,0,TRACKING,ok,2.682,0.000,deg/s,joint_states,4.310,12.300,5.500,0.000,0.478,0.036,-0.114,-0.002,0.049,4.362,13.408,,pan
assignment3_kp2_t1,54.342,1791455948.272216,1575,1791455948.068954,camera_color_optical_frame,1,-0.0400,0.0311,0.00279,0.006,1,TRACKING,ok,2.419,0.000,deg/s,joint_states,4.480,12.300,4.120,0.000,0.875,0.081,-0.192,-0.026,0.001,5.287,12.314,,pan
assignment3_kp2_t1,54.362,1791455948.291884,1575,1791455948.068954,camera_color_optical_frame,1,-0.0400,0.0311,0.00279,0.025,1,TRACKING,ok,2.419,0.000,deg/s,joint_states,4.480,12.300,4.120,0.000,0.884,0.082,-0.194,-0.027,-0.000,5.305,12.297,,pan
assignment3_kp2_t1,54.380,1791455948.310028,1576,1791455948.102308,camera_color_optical_frame,1,-0.0361,0.0296,0.00281,0.014,1,TRACKING,ok,2.184,0.000,deg/s,joint_states,4.570,12.300,4.120,0.000,0.876,0.083,-0.191,-0.027,-0.001,5.396,12.274,,pan
assignment3_kp2_t1,54.401,1791455948.330840,1576,1791455948.102308,camera_color_optical_frame,1,-0.0361,0.0296,0.00281,0.034,1,TRACKING,ok,2.184,0.000,deg/s,joint_states,4.570,12.300,2.750,0.000,0.886,0.084,-0.193,-0.027,-0.002,5.415,12.256,,pan
assignment3_kp2_t1,54.420,1791455948.349245,1577,1791455948.135661,camera_color_optical_frame,1,-0.0326,0.0267,0.00284,0.015,1,TRACKING,ok,1.971,0.000,deg/s,joint_states,4.570,12.300,1.370,0.000,0.772,0.077,-0.166,-0.037,-0.009,5.729,12.093,,pan
assignment3_kp2_t1,54.441,1791455948.372760,1577,1791455948.135661,camera_color_optical_frame,1,-0.0326,0.0267,0.00284,0.036,1,TRACKING,ok,1.971,0.000,deg/s,joint_states,4.660,12.300,1.370,0.000,0.772,0.078,-0.166,-0.036,-0.010,5.780,12.060,,pan
assignment3_kp2_t1,54.460,1791455948.390491,1578,1791455948.169015,camera_color_optical_frame,1,-0.0288,0.0240,0.00278,0.010,1,TRACKING,ok,0.000,0.000,deg/s,joint_states,4.830,12.300,1.370,0.000,0.774,0.079,-0.164,-0.033,-0.016,5.843,11.943,,pan
assignment3_kp2_t1,54.482,1791455948.414896,1578,1791455948.169015,camera_color_optical_frame,1,-0.0288,0.0240,0.00278,0.032,1,TRACKING,ok,0.000,0.000,deg/s,joint_states,4.830,12.300,2.750,0.000,0.773,0.080,-0.164,-0.034,-0.018,5.895,11.901,,pan
assignment3_kp2_t1,54.500,1791455948.431687,1579,1791455948.202368,camera_color_optical_frame,1,-0.0255,0.0209,0.00276,0.011,1,TRACKING,ok,0.000,0.000,deg/s,joint_states,4.830,12.300,2.750,0.000,0.763,0.079,-0.161,-0.035,-0.020,5.917,11.843,,pan
assignment3_kp2_t1,54.524,1791455948.455292,1579,1791455948.202368,camera_color_optical_frame,1,-0.0255,0.0209,0.00276,0.034,1,TRACKING,ok,0.000,0.000,deg/s,joint_states,4.830,12.300,2.750,0.000,0.762,0.080,-0.160,-0.037,-0.022,5.972,11.796,,pan
assignment3_kp2_t1,54.540,1791455948.477902,1580,1791455948.235722,camera_color_optical_frame,1,-0.0220,0.0183,0.00280,0.012,1,TRACKING,ok,0.000,0.000,deg/s,joint_states,4.830,12.300,1.370,0.000,0.774,0.077,-0.162,-0.027,-0.023,5.669,11.773,,pan
assignment3_kp2_t1,54.566,1791455948.496419,1581,1791455948.269061,camera_color_optical_frame,1,-0.0200,0.0176,0.00276,0.009,0,TRACKING,ok,0.000,0.000,deg/s,joint_states,4.830,12.300,0.000,0.000,0.473,0.041,-0.110,-0.006,0.032,5.002,13.020,,pan
assignment3_kp2_t1,54.580,1791455948.511850,1582,1791455948.302411,camera_color_optical_frame,1,-0.0227,0.0145,0.00283,0.002,0,TRACKING,ok,0.000,0.000,deg/s,joint_states,4.830,12.300,0.000,0.000,0.466,0.041,-0.108,-0.005,0.033,4.990,13.045,,pan
assignment3_kp2_t1,54.601,1791455948.532724,1582,1791455948.302411,camera_color_optical_frame,1,-0.0227,0.0145,0.00283,0.023,1,TRACKING,ok,0.000,0.000,deg/s,joint_states,4.830,12.300,0.000,0.000,0.778,0.091,-0.164,-0.059,-0.020,6.668,11.848,,pan
assignment3_kp2_t1,54.624,1791455948.554175,1583,1791455948.335761,camera_color_optical_frame,1,-0.0233,0.0136,0.00278,0.005,1,TRACKING,ok,0.000,0.000,deg/s,joint_states,4.830,12.300,0.000,0.000,0.878,0.091,-0.186,-0.036,-0.017,5.931,11.905,,pan
assignment3_kp2_t1,54.644,1791455948.576612,1583,1791455948.335761,camera_color_optical_frame,1,-0.0233,0.0136,0.00278,0.025,1,TRACKING,ok,0.000,0.000,deg/s,joint_states,4.830,12.300,0.000,0.000,0.888,0.093,-0.188,-0.036,-0.018,5.948,11.887,,pan
assignment3_kp2_t1,54.661,1791455948.591670,1584,1791455948.369111,camera_color_optical_frame,1,-0.0227,0.0140,0.00282,0.006,1,TRACKING,ok,0.000,0.000,deg/s,joint_states,4.830,12.300,0.000,0.000,0.770,0.090,-0.166,-0.059,-0.009,6.645,12.093,,pan
assignment3_kp2_t1,54.682,1791455948.612607,1584,1791455948.369111,camera_color_optical_frame,1,-0.0227,0.0140,0.00282,0.027,1,TRACKING,ok,0.000,0.000,deg/s,joint_states,4.830,12.300,0.000,0.000,0.770,0.091,-0.166,-0.061,-0.009,6.715,12.089,,pan
assignment3_kp2_t1,54.702,1791455948.637568,1585,1791455948.402461,camera_color_optical_frame,1,-0.0265,0.0162,0.00278,0.003,1,TRACKING,ok,0.000,0.000,deg/s,joint_states,4.830,12.300,0.000,0.000,0.769,0.091,-0.166,-0.063,-0.009,6.782,12.086,,pan
assignment3_kp2_t1,54.722,1791455948.652325,1585,1791455948.402461,camera_color_optical_frame,1,-0.0265,0.0162,0.00278,0.023,1,TRACKING,ok,0.000,0.000,deg/s,joint_states,4.830,12.300,0.000,0.000,0.793,0.102,-0.176,-0.081,0.005,7.332,12.391,,pan
assignment3_kp2_t1,54.748,1791455948.680696,1586,1791455948.469160,camera_color_optical_frame,1,-0.0378,0.0178,0.00285,0.012,0,TRACKING,ok,2.286,0.000,deg/s,joint_states,4.830,12.300,0.000,0.000,0.481,0.050,-0.113,-0.036,0.037,5.943,13.141,,pan
assignment3_kp2_t1,54.761,1791455948.692219,1586,1791455948.469160,camera_color_optical_frame,1,-0.0378,0.0178,0.00285,0.025,0,TRACKING,ok,2.286,0.000,deg/s,joint_states,4.830,12.300,0.000,0.000,0.475,0.049,-0.112,-0.036,0.039,5.938,13.174,,pan
assignment3_kp2_t1,54.781,1791455948.714175,1587,1791455948.502510,camera_color_optical_frame,1,-0.0437,0.0196,0.00288,0.011,1,TRACKING,ok,2.643,0.000,deg/s,joint_states,4.830,12.300,0.000,0.000,0.753,0.102,-0.167,-0.094,0.005,7.747,12.407,,pan
assignment3_kp2_t1,54.804,1791455948.733305,1587,1791455948.502510,camera_color_optical_frame,1,-0.0437,0.0196,0.00288,0.033,1,TRACKING,ok,2.643,0.000,deg/s,joint_states,4.830,12.300,0.000,0.000,0.752,0.104,-0.167,-0.098,0.006,7.871,12.423,,pan
assignment3_kp2_t1,54.822,1791455948.752680,1588,1791455948.535859,camera_color_optical_frame,1,-0.0487,0.0215,0.00288,0.009,1,TRACKING,ok,2.949,0.000,deg/s,joint_states,4.830,12.300,0.000,0.000,0.872,0.108,-0.189,-0.072,-0.007,7.045,12.142,,pan
assignment3_kp2_t1,54.840,1791455948.771610,1588,1791455948.535859,camera_color_optical_frame,1,-0.0487,0.0215,0.00288,0.026,1,TRACKING,ok,2.949,0.000,deg/s,joint_states,4.830,12.300,0.000,0.000,0.881,0.109,-0.191,-0.072,-0.007,7.065,12.131,,pan
assignment3_kp2_t1,54.861,1791455948.792687,1589,1791455948.569209,camera_color_optical_frame,1,-0.0544,0.0219,0.00293,0.011,1,TRACKING,ok,3.293,0.000,deg/s,joint_states,4.830,12.300,0.000,0.000,0.759,0.107,-0.169,-0.104,0.008,8.040,12.462,,pan
assignment3_kp2_t1,54.880,1791455948.812145,1589,1791455948.569209,camera_color_optical_frame,1,-0.0544,0.0219,0.00293,0.030,1,TRACKING,ok,3.293,0.000,deg/s,joint_states,4.920,12.300,0.000,0.000,0.758,0.108,-0.169,-0.104,0.009,8.134,12.475,,pan
assignment3_kp2_t1,54.902,1791455948.832274,1590,1791455948.602559,camera_color_optical_frame,1,-0.0588,0.0232,0.00287,0.017,1,TRACKING,ok,3.559,0.000,deg/s,joint_states,4.920,12.300,0.000,0.000,0.753,0.108,-0.168,-0.104,0.008,8.155,12.451,,pan
assignment3_kp2_t1,54.921,1791455948.851545,1591,1791455948.635908,camera_color_optical_frame,1,-0.0625,0.0224,0.00291,0.008,1,TRACKING,ok,3.780,0.000,deg/s,joint_states,5.100,12.300,1.370,0.000,0.753,0.106,-0.166,-0.093,0.003,7.993,12.347,,pan
assignment3_kp2_t1,54.945,1791455948.874722,1591,1791455948.635908,camera_color_optical_frame,1,-0.0625,0.0224,0.00291,0.032,1,TRACKING,ok,3.780,0.000,deg/s,joint_states,5.100,12.300,2.750,0.000,0.752,0.107,-0.166,-0.096,0.003,8.086,12.351,,pan
assignment3_kp2_t1,54.962,1791455948.891664,1592,1791455948.669258,camera_color_optical_frame,1,-0.0656,0.0226,0.00288,0.013,0,TRACKING,ok,3.969,0.000,deg/s,joint_states,5.270,12.300,4.120,0.000,0.474,0.055,-0.112,-0.045,0.042,6.668,13.254,,pan
assignment3_kp2_t1,54.980,1791455948.910052,1592,1791455948.669258,camera_color_optical_frame,1,-0.0656,0.0226,0.00288,0.032,0,TRACKING,ok,3.969,0.000,deg/s,joint_states,5.360,12.300,4.120,0.000,0.465,0.054,-0.111,-0.041,0.044,6.647,13.302,,pan
assignment3_kp2_t1,55.001,1791455948.935351,1593,1791455948.735956,camera_color_optical_frame,1,-0.0711,0.0243,0.00286,0.017,0,TRACKING,ok,4.301,0.000,deg/s,joint_states,5.360,12.300,4.120,0.000,0.580,0.077,-0.135,-0.070,0.029,7.531,12.945,,pan
assignment3_kp2_t1,55.020,1791455948.951345,1593,1791455948.735956,camera_color_optical_frame,1,-0.0711,0.0243,0.00286,0.036,0,TRACKING,ok,4.301,0.000,deg/s,joint_states,5.450,12.300,2.750,0.000,0.580,0.077,-0.135,-0.069,0.029,7.579,12.955,,pan
assignment3_kp2_t1,55.042,1791455948.973399,1594,1791455948.769306,camera_color_optical_frame,1,-0.0714,0.0248,0.00285,0.014,1,TRACKING,ok,4.324,0.000,deg/s,joint_states,5.540,12.300,2.750,0.000,0.765,0.100,-0.169,-0.062,0.003,7.464,12.364,,pan
assignment3_kp2_t1,55.060,1791455948.990348,1594,1791455948.769306,camera_color_optical_frame,1,-0.0714,0.0248,0.00285,0.032,1,TRACKING,ok,4.324,0.000,deg/s,joint_states,5.620,12.300,2.750,0.000,0.765,0.100,-0.169,-0.060,0.003,7.464,12.364,,pan
assignment3_kp2_t1,55.081,1791455949.012331,1595,1791455948.836004,camera_color_optical_frame,1,-0.0622,0.0256,0.00287,0.016,0,TRACKING,ok,3.766,0.000,deg/s,joint_states,5.710,12.300,2.750,0.000,0.497,0.059,-0.118,-0.033,0.041,6.726,13.233,,pan
assignment3_kp2_t1,55.101,1791455949.030152,1596,1791455948.869354,camera_color_optical_frame,1,-0.0591,0.0261,0.00291,0.004,1,TRACKING,ok,3.576,0.000,deg/s,joint_states,5.800,12.300,4.120,0.000,0.762,0.100,-0.169,-0.054,0.005,7.482,12.398,,pan
assignment3_kp2_t1,55.123,1791455949.058328,1596,1791455948.869354,camera_color_optical_frame,1,-0.0591,0.0261,0.00291,0.026,1,TRACKING,ok,3.576,0.000,deg/s,joint_states,5.800,12.300,4.120,0.000,0.762,0.100,-0.169,-0.054,0.005,7.482,12.398,,pan
assignment3_kp2_t1,55.140,1791455949.075541,1596,1791455948.869354,camera_color_optical_frame,1,-0.0591,0.0261,0.00291,0.043,1,TRACKING,ok,3.576,0.000,deg/s,joint_states,5.980,12.300,4.120,0.000,0.762,0.100,-0.169,-0.048,0.004,7.482,12.398,,pan
assignment3_kp2_t1,55.164,1791455949.096601,1597,1791455948.902703,camera_color_optical_frame,1,-0.0573,0.0268,0.00287,0.016,1,TRACKING,ok,3.471,0.000,deg/s,joint_states,6.060,12.300,4.120,0.000,0.856,0.116,-0.188,-0.054,-0.002,7.738,12.256,,pan
assignment3_kp2_t1,55.180,1791455949.113419,1598,1791455948.936052,camera_color_optical_frame,1,-0.0548,0.0237,0.00290,0.005,1,TRACKING,ok,3.319,0.000,deg/s,joint_states,6.150,12.300,2.750,0.000,0.768,0.106,-0.168,-0.054,-0.004,7.827,12.206,,pan
assignment3_kp2_t1,55.201,1791455949.131051,1598,1791455948.936052,camera_color_optical_frame,1,-0.0548,0.0237,0.00290,0.026,1,TRACKING,ok,3.319,0.000,deg/s,joint_states,6.240,12.300,4.120,0.000,0.769,0.106,-0.168,-0.052,-0.005,7.857,12.189,,pan
assignment3_kp2_t1,55.221,1791455949.152304,1599,1791455948.969401,camera_color_optical_frame,1,-0.0516,0.0239,0.00291,0.004,1,TRACKING,ok,3.125,0.000,deg/s,joint_states,6.330,12.300,2.750,0.000,0.768,0.105,-0.167,-0.048,-0.005,7.803,12.179,,pan
assignment3_kp2_t1,55.241,1791455949.172123,1599,1791455948.969401,camera_color_optical_frame,1,-0.0516,0.0239,0.00291,0.024,1,TRACKING,ok,3.125,0.000,deg/s,joint_states,6.330,12.300,2.750,0.000,0.768,0.106,-0.167,-0.048,-0.006,7.821,12.161,,pan
assignment3_kp2_t1,55.260,1791455949.189669,1600,1791455949.002751,camera_color_optical_frame,1,-0.0487,0.0237,0.00283,0.006,1,TRACKING,ok,2.950,0.000,deg/s,joint_states,6.330,12.300,1.370,0.000,0.788,0.110,-0.174,-0.052,0.002,7.944,12.346,,pan
assignment3_kp2_t1,55.280,1791455949.210245,1600,1791455949.002751,camera_color_optical_frame,1,-0.0487,0.0237,0.00283,0.027,1,TRACKING,ok,2.950,0.000,deg/s,joint_states,6.420,12.300,1.370,0.000,0.790,0.111,-0.175,-0.050,0.002,7.973,12.346,,pan
assignment3_kp2_t1,55.300,1791455949.229218,1600,1791455949.002751,camera_color_optical_frame,1,-0.0487,0.0237,0.00283,0.046,1,TRACKING,ok,2.950,0.000,deg/s,joint_states,6.420,12.300,1.370,0.000,0.792,0.111,-0.175,-0.051,0.002,8.000,12.346,,pan
assignment3_kp2_t1,55.320,1791455949.252310,1601,1791455949.036099,camera_color_optical_frame,1,-0.0456,0.0225,0.00289,0.019,1,TRACKING,ok,2.763,0.000,deg/s,joint_states,6.590,12.300,2.750,0.000,0.773,0.109,-0.169,-0.047,-0.003,8.057,12.218,,pan
assignment3_kp2_t1,55.340,1791455949.271225,1601,1791455949.036099,camera_color_optical_frame,1,-0.0456,0.0225,0.00289,0.038,1,TRACKING,ok,2.763,0.000,deg/s,joint_states,6.680,12.300,4.120,0.000,0.773,0.110,-0.169,-0.045,-0.004,8.087,12.209,,pan
assignment3_kp2_t1,55.360,1791455949.290126,1602,1791455949.069448,camera_color_optical_frame,1,-0.0428,0.0210,0.00289,0.015,1,TRACKING,ok,2.589,0.000,deg/s,joint_states,6.680,12.300,4.120,0.000,0.765,0.110,-0.166,-0.048,-0.009,8.161,12.085,,pan
assignment3_kp2_t1,55.380,1791455949.309499,1602,1791455949.069448,camera_color_optical_frame,1,-0.0428,0.0210,0.00289,0.035,1,TRACKING,ok,2.589,0.000,deg/s,joint_states,6.680,12.300,4.120,0.000,0.765,0.110,-0.165,-0.049,-0.010,8.194,12.066,,pan
assignment3_kp2_t1,55.400,1791455949.330488,1603,1791455949.102798,camera_color_optical_frame,1,-0.0400,0.0200,0.00286,0.014,1,TRACKING,ok,2.422,0.000,deg/s,joint_states,6.680,12.300,1.370,0.000,0.771,0.112,-0.167,-0.051,-0.010,8.268,12.077,,pan
assignment3_kp2_t1,55.420,1791455949.349263,1603,1791455949.102798,camera_color_optical_frame,1,-0.0400,0.0200,0.00286,0.034,1,TRACKING,ok,2.422,0.000,deg/s,joint_states,6.770,12.300,0.000,0.000,0.771,0.113,-0.166,-0.050,-0.010,8.304,12.060,,pan
assignment3_kp2_t1,55.441,1791455949.371282,1604,1791455949.136147,camera_color_optical_frame,1,-0.0376,0.0194,0.00294,0.018,1,TRACKING,ok,2.275,0.000,deg/s,joint_states,6.860,12.300,1.370,0.000,0.764,0.112,-0.166,-0.048,-0.007,8.357,12.130,,pan
assignment3_kp2_t1,55.461,1791455949.392060,1604,1791455949.136147,camera_color_optical_frame,1,-0.0376,0.0194,0.00294,0.038,1,TRACKING,ok,2.275,0.000,deg/s,joint_states,6.940,12.300,2.750,0.000,0.763,0.113,-0.166,-0.047,-0.008,8.395,12.119,,pan
assignment3_kp2_t1,55.480,1791455949.409857,1605,1791455949.169503,camera_color_optical_frame,1,-0.0370,0.0186,0.00293,0.014,1,TRACKING,ok,2.241,0.000,deg/s,joint_states,7.030,12.300,4.120,0.000,0.772,0.109,-0.168,-0.033,-0.008,8.063,12.123,,pan
assignment3_kp2_t1,55.501,1791455949.432771,1606,1791455949.202860,camera_color_optical_frame,1,-0.0318,0.0183,0.00291,0.015,0,TRACKING,ok,1.928,0.000,deg/s,joint_states,7.030,12.300,4.120,0.000,0.471,0.057,-0.111,0.003,0.038,6.923,13.154,,pan
assignment3_kp2_t1,55.520,1791455949.450413,1606,1791455949.202860,camera_color_optical_frame,1,-0.0318,0.0183,0.00291,0.035,0,TRACKING,ok,1.928,0.000,deg/s,joint_states,7.030,12.300,1.370,0.000,0.461,0.056,-0.109,0.005,0.040,6.870,13.202,,pan
assignment3_kp2_t1,55.541,1791455949.471654,1607,1791455949.236217,camera_color_optical_frame,1,-0.0265,0.0175,0.00287,0.007,1,TRACKING,ok,0.000,0.000,deg/s,joint_states,7.120,12.300,1.370,0.000,0.765,0.103,-0.166,-0.017,-0.008,7.655,12.119,,pan
assignment3_kp2_t1,55.564,1791455949.495596,1608,1791455949.269565,camera_color_optical_frame,1,-0.0240,0.0165,0.00290,0.009,1,TRACKING,ok,0.000,0.000,deg/s,joint_states,7.120,12.300,1.370,0.000,0.874,0.123,-0.187,-0.029,-0.014,8.015,11.981,,pan
assignment3_kp2_t1,55.580,1791455949.510435,1608,1791455949.269565,camera_color_optical_frame,1,-0.0240,0.0165,0.00290,0.025,1,TRACKING,ok,0.000,0.000,deg/s,joint_states,7.290,12.300,2.750,0.000,0.882,0.124,-0.189,-0.024,-0.015,8.026,11.968,,pan
assignment3_kp2_t1,55.602,1791455949.533895,1609,1791455949.302920,camera_color_optical_frame,1,-0.0214,0.0157,0.00292,0.018,0,TRACKING,ok,0.000,0.000,deg/s,joint_states,7.290,12.300,2.750,0.000,0.471,0.056,-0.110,0.017,0.035,6.755,13.082,,pan
assignment3_kp2_t1,55.621,1791455949.551049,1609,1791455949.302920,camera_color_optical_frame,1,-0.0214,0.0157,0.00292,0.037,0,TRACKING,ok,0.000,0.000,deg/s,joint_states,7.290,12.300,2.750,0.000,0.461,0.054,-0.108,0.019,0.037,6.698,13.128,,pan
assignment3_kp2_t1,55.644,1791455949.578669,1610,1791455949.336275,camera_color_optical_frame,1,-0.0147,0.0155,0.00286,0.020,1,TRACKING,ok,0.000,0.000,deg/s,joint_states,7.290,12.300,1.370,0.000,0.781,0.095,-0.169,0.011,-0.009,6.956,12.093,,pan
assignment3_kp2_t1,55.664,1791455949.596510,1610,1791455949.336275,camera_color_optical_frame,1,-0.0147,0.0155,0.00286,0.040,1,TRACKING,ok,0.000,0.000,deg/s,joint_states,7.290,12.300,0.000,0.000,0.782,0.095,-0.169,0.013,-0.009,6.898,12.087,,pan
assignment3_kp2_t1,55.688,1791455949.619659,1611,1791455949.369629,camera_color_optical_frame,1,-0.0047,0.0143,0.00292,0.017,1,TRACKING,ok,0.000,0.000,deg/s,joint_states,7.290,12.300,0.000,0.000,0.789,0.092,-0.169,0.022,-0.012,6.620,12.019,,pan
assignment3_kp2_t1,55.702,1791455949.638194,1611,1791455949.369629,camera_color_optical_frame,1,-0.0047,0.0143,0.00292,0.031,1,TRACKING,ok,0.000,0.000,deg/s,joint_states,7.290,12.300,0.000,0.000,0.790,0.091,-0.169,0.023,-0.013,6.571,12.013,,pan
assignment3_kp2_t1,55.722,1791455949.654543,1612,1791455949.436338,camera_color_optical_frame,1,0.0039,0.0122,0.00288,0.009,1,TRACKING,ok,0.000,0.000,deg/s,joint_states,7.290,12.300,0.000,0.000,0.774,0.093,-0.165,0.015,-0.016,6.837,11.944,,pan
assignment3_kp2_t1,55.741,1791455949.672286,1612,1791455949.436338,camera_color_optical_frame,1,0.0039,0.0122,0.00288,0.027,1,TRACKING,ok,0.000,0.000,deg/s,joint_states,7.290,12.300,0.000,0.000,0.774,0.092,-0.165,0.016,-0.016,6.795,11.931,,pan
assignment3_kp2_t1,55.760,1791455949.693976,1613,1791455949.469693,camera_color_optical_frame,1,0.0116,0.0116,0.00290,0.011,1,TRACKING,ok,0.000,0.000,deg/s,joint_states,7.290,12.300,0.000,0.000,0.765,0.096,-0.165,0.003,-0.010,7.183,12.076,,pan
assignment3_kp2_t1,55.780,1791455949.710048,1613,1791455949.469693,camera_color_optical_frame,1,0.0116,0.0116,0.00290,0.030,1,TRACKING,ok,0.000,0.000,deg/s,joint_states,7.290,12.300,0.000,0.000,0.765,0.096,-0.165,0.003,-0.010,7.183,12.076,,pan
assignment3_kp2_t1,55.800,1791455949.733728,1614,1791455949.503048,camera_color_optical_frame,1,0.0154,0.0091,0.00288,0.011,1,TRACKING,ok,0.000,0.000,deg/s,joint_states,7.290,12.300,0.000,0.000,0.757,0.092,-0.159,0.013,-0.023,6.897,11.769,,pan
assignment3_kp2_t1,55.829,1791455949.759732,1615,1791455949.536402,camera_color_optical_frame,1,0.0174,0.0073,0.00296,0.009,1,TRACKING,ok,0.000,0.000,deg/s,joint_states,7.290,12.300,0.000,0.000,0.788,0.099,-0.164,0.005,-0.028,7.143,11.670,,pan
assignment3_kp2_t1,55.844,1791455949.778104,1615,1791455949.536402,camera_color_optical_frame,1,0.0174,0.0073,0.00296,0.024,1,TRACKING,ok,0.000,0.000,deg/s,joint_states,7.290,12.300,0.000,0.000,0.789,0.099,-0.164,0.005,-0.029,7.141,11.649,,pan
assignment3_kp2_t1,55.862,1791455949.793671,1616,1791455949.569757,camera_color_optical_frame,1,0.0178,0.0071,0.00297,0.011,1,TRACKING,ok,0.000,0.000,deg/s,joint_states,7.290,12.300,0.000,0.000,0.775,0.094,-0.163,0.012,-0.021,6.922,11.832,,pan
assignment3_kp2_t1,55.884,1791455949.819881,1617,1791455949.603112,camera_color_optical_frame,1,0.0183,0.0062,0.00295,0.005,1,TRACKING,ok,0.000,0.000,deg/s,joint_states,7.290,12.300,0.000,0.000,0.775,0.094,-0.163,0.013,-0.021,6.898,11.818,,pan
assignment3_kp2_t1,55.903,1791455949.834123,1617,1791455949.603112,camera_color_optical_frame,1,0.0183,0.0062,0.00295,0.024,1,TRACKING,ok,0.000,0.000,deg/s,joint_states,7.290,12.300,0.000,0.000,0.767,0.095,-0.162,0.008,-0.019,7.049,11.871,,pan
assignment3_kp2_t1,55.925,1791455949.855953,1618,1791455949.636466,camera_color_optical_frame,1,0.0182,0.0041,0.00296,0.014,1,TRACKING,ok,0.000,0.000,deg/s,joint_states,7.290,12.300,0.000,0.000,0.762,0.095,-0.160,0.006,-0.024,7.092,11.744,,pan
assignment3_kp2_t1,55.943,1791455949.882454,1619,1791455949.669821,camera_color_optical_frame,1,0.0183,0.0035,0.00296,0.008,1,TRACKING,ok,0.000,0.000,deg/s,joint_states,7.290,12.300,0.000,0.000,0.759,0.095,-0.158,0.005,-0.026,7.150,11.703,,pan
assignment3_kp2_t1,55.967,1791455949.902136,1619,1791455949.669821,camera_color_optical_frame,1,0.0183,0.0035,0.00296,0.032,1,TRACKING,ok,0.000,0.000,deg/s,joint_states,7.290,12.300,0.000,0.000,0.758,0.095,-0.158,0.005,-0.027,7.150,11.680,,pan
assignment3_kp2_t1,55.985,1791455949.915923,1620,1791455949.703175,camera_color_optical_frame,1,0.0187,0.0031,0.00299,0.007,1,TRACKING,ok,0.000,0.000,deg/s,joint_states,7.290,12.300,0.000,0.000,0.757,0.095,-0.158,0.005,-0.028,7.150,11.662,,pan
assignment3_kp2_t1,56.000,1791455949.929896,1620,1791455949.703175,camera_color_optical_frame,1,0.0187,0.0031,0.00299,0.022,1,TRACKING,ok,0.000,0.000,deg/s,joint_states,7.290,12.300,0.000,0.000,0.767,0.096,-0.160,0.006,-0.026,7.108,11.718,,pan
assignment3_kp2_t1,56.022,1791455949.956267,1621,1791455949.736530,camera_color_optical_frame,1,0.0194,0.0035,0.00295,0.018,1,TRACKING,ok,0.000,0.000,deg/s,joint_states,7.290,12.300,0.000,0.000,0.775,0.095,-0.165,0.009,-0.018,7.009,11.894,,pan
assignment3_kp2_t1,56.042,1791455949.974266,1622,1791455949.769885,camera_color_optical_frame,1,0.0204,0.0031,0.00293,0.006,1,TRACKING,ok,0.000,0.000,deg/s,joint_states,7.290,12.300,0.000,0.000,0.766,0.093,-0.162,0.012,-0.018,6.932,11.882,,pan
assignment3_kp2_t1,56.061,1791455949.991140,1622,1791455949.769885,camera_color_optical_frame,1,0.0204,0.0031,0.00293,0.026,1,TRACKING,ok,0.000,0.000,deg/s,joint_states,7.290,12.300,0.000,0.000,0.765,0.093,-0.162,0.012,-0.018,6.917,11.881,,pan
assignment3_kp2_t1,56.080,1791455950.010669,1623,1791455949.803239,camera_color_optical_frame,1,0.0218,0.0031,0.00293,0.013,1,TRACKING,ok,0.000,0.000,deg/s,joint_states,7.290,12.300,0.000,0.000,0.789,0.094,-0.167,0.016,-0.020,6.805,11.857,,pan
assignment3_kp2_t1,56.100,1791455950.030114,1623,1791455949.803239,camera_color_optical_frame,1,0.0218,0.0031,0.00293,0.034,1,TRACKING,ok,0.000,0.000,deg/s,joint_states,7.290,12.300,0.000,0.000,0.791,0.094,-0.167,0.016,-0.020,6.783,11.854,,pan
assignment3_kp2_t1,56.120,1791455950.050132,1624,1791455949.836594,camera_color_optical_frame,1,0.0221,0.0034,0.00293,0.014,1,TRACKING,ok,0.000,0.000,deg/s,joint_states,7.290,12.300,0.000,0.000,0.777,0.093,-0.165,0.014,-0.017,6.854,11.918,,pan
assignment3_kp2_t1,56.140,1791455950.070327,1624,1791455949.836594,camera_color_optical_frame,1,0.0221,0.0034,0.00293,0.034,1,TRACKING,ok,0.000,0.000,deg/s,joint_states,7.290,12.300,0.000,0.000,0.777,0.093,-0.165,0.015,-0.017,6.838,11.921,,pan
assignment3_kp2_t1,56.162,1791455950.092996,1625,1791455949.869949,camera_color_optical_frame,1,0.0227,0.0035,0.00297,0.010,1,TRACKING,ok,0.000,0.000,deg/s,joint_states,7.290,12.300,0.000,0.000,0.757,0.092,-0.161,0.012,-0.016,6.922,11.926,,pan
assignment3_kp2_t1,56.180,1791455950.110778,1625,1791455949.869949,camera_color_optical_frame,1,0.0227,0.0035,0.00297,0.028,1,TRACKING,ok,0.000,0.000,deg/s,joint_states,7.290,12.300,0.000,0.000,0.756,0.092,-0.161,0.012,-0.016,6.914,11.929,,pan
assignment3_kp2_t1,56.202,1791455950.131591,1626,1791455949.903303,camera_color_optical_frame,1,0.0235,0.0026,0.00292,0.013,1,TRACKING,ok,0.000,0.000,deg/s,joint_states,7.290,12.300,0.000,0.000,0.771,0.093,-0.162,0.014,-0.022,6.846,11.804,,pan
assignment3_kp2_t1,56.222,1791455950.152137,1627,1791455949.936658,camera_color_optical_frame,1,0.0252,0.0030,0.00296,0.004,1,TRACKING,ok,0.000,0.000,deg/s,joint_states,7.290,12.300,0.000,0.000,0.767,0.090,-0.162,0.020,-0.020,6.684,11.840,,pan
assignment3_kp2_t1,56.240,1791455950.172055,1627,1791455949.936658,camera_color_optical_frame,1,0.0252,0.0030,0.00296,0.022,1,TRACKING,ok,0.000,0.000,deg/s,joint_states,7.290,12.300,0.000,0.000,0.767,0.090,-0.162,0.020,-0.020,6.663,11.837,,pan
assignment3_kp2_t1,56.263,1791455950.194027,1628,1791455949.970012,camera_color_optical_frame,1,0.0267,0.0024,0.00292,0.008,1,TRACKING,ok,0.000,0.000,deg/s,joint_states,7.290,12.300,0.000,0.000,0.775,0.089,-0.164,0.024,-0.019,6.561,11.857,,pan
assignment3_kp2_t1,56.283,1791455950.222341,1629,1791455950.003367,camera_color_optical_frame,1,0.0293,0.0026,0.00295,0.007,0,TRACKING,ok,0.000,0.000,deg/s,joint_states,7.290,12.300,0.000,0.000,0.480,0.049,-0.109,0.046,0.021,5.854,12.780,,pan
assignment3_kp2_t1,56.301,1791455950.233354,1629,1791455950.003367,camera_color_optical_frame,1,0.0293,0.0026,0.00295,0.025,0,TRACKING,ok,0.000,0.000,deg/s,joint_states,7.290,12.300,0.000,0.000,0.472,0.048,-0.108,0.048,0.023,5.799,12.823,,pan
assignment3_kp2_t1,56.320,1791455950.250516,1630,1791455950.036722,camera_color_optical_frame,1,0.0322,0.0016,0.00294,0.010,1,TRACKING,ok,-1.947,0.000,deg/s,joint_states,7.290,12.300,0.000,0.000,0.784,0.086,-0.165,0.033,-0.023,6.269,11.784,,pan
assignment3_kp2_t1,56.344,1791455950.274436,1630,1791455950.036722,camera_color_optical_frame,1,0.0322,0.0016,0.00294,0.034,1,TRACKING,ok,-1.947,0.000,deg/s,joint_states,7.210,12.300,0.000,0.000,0.786,0.086,-0.165,0.032,-0.023,6.219,11.777,,pan
assignment3_kp2_t1,56.360,1791455950.290681,1631,1791455950.070076,camera_color_optical_frame,1,0.0363,0.0009,0.00295,0.013,1,TRACKING,ok,-2.199,0.000,deg/s,joint_states,7.290,12.300,0.000,0.000,0.878,0.103,-0.182,0.020,-0.029,6.666,11.636,,pan
assignment3_kp2_t1,56.384,1791455950.313425,1631,1791455950.070076,camera_color_optical_frame,1,0.0363,0.0009,0.00295,0.036,1,TRACKING,ok,-2.199,0.000,deg/s,joint_states,7.290,12.300,0.000,0.000,0.889,0.104,-0.184,0.020,-0.030,6.674,11.617,,pan
assignment3_kp2_t1,56.400,1791455950.332663,1632,1791455950.103431,camera_color_optical_frame,1,0.0395,0.0010,0.00293,0.014,1,TRACKING,ok,-2.388,0.000,deg/s,joint_states,7.290,12.300,0.000,0.000,0.761,0.076,-0.160,0.051,-0.022,5.718,11.788,,pan
assignment3_kp2_t1,56.420,1791455950.350404,1632,1791455950.103431,camera_color_optical_frame,1,0.0395,0.0010,0.00293,0.034,1,TRACKING,ok,-2.388,0.000,deg/s,joint_states,7.290,12.300,0.000,0.000,0.760,0.075,-0.159,0.053,-0.023,5.648,11.783,,pan
assignment3_kp2_t1,56.440,1791455950.372405,1633,1791455950.136786,camera_color_optical_frame,1,0.0437,0.0005,0.00294,0.009,1,TRACKING,ok,-2.644,0.000,deg/s,joint_states,7.290,12.300,0.000,0.000,0.777,0.076,-0.163,0.055,-0.022,5.578,11.791,,pan
assignment3_kp2_t1,56.461,1791455950.393728,1633,1791455950.136786,camera_color_optical_frame,1,0.0437,0.0005,0.00294,0.030,1,TRACKING,ok,-2.644,0.000,deg/s,joint_states,7.210,12.300,0.000,0.000,0.778,0.075,-0.163,0.055,-0.022,5.507,11.788,,pan
assignment3_kp2_t1,56.481,1791455950.412591,1634,1791455950.170142,camera_color_optical_frame,1,0.0466,0.0000,0.00285,0.013,1,TRACKING,ok,-2.823,0.000,deg/s,joint_states,7.210,12.300,0.000,0.000,0.776,0.075,-0.162,0.055,-0.023,5.509,11.762,,pan
assignment3_kp2_t1,56.501,1791455950.433300,1635,1791455950.203499,camera_color_optical_frame,1,0.0497,-0.0012,0.00293,0.014,0,TRACKING,ok,-3.011,0.000,deg/s,joint_states,7.120,12.300,-1.370,0.000,0.474,0.043,-0.107,0.063,0.017,5.167,12.688,,pan
assignment3_kp2_t1,56.520,1791455950.450746,1636,1791455950.236856,camera_color_optical_frame,1,0.0543,-0.0023,0.00289,0.003,1,TRACKING,ok,-3.285,0.000,deg/s,joint_states,7.030,12.300,-2.750,0.000,0.767,0.070,-0.158,0.059,-0.031,5.221,11.584,,pan
assignment3_kp2_t1,56.542,1791455950.473767,1636,1791455950.236856,camera_color_optical_frame,1,0.0543,-0.0023,0.00289,0.024,1,TRACKING,ok,-3.285,0.000,deg/s,joint_states,6.940,12.300,-2.750,0.000,0.767,0.069,-0.158,0.058,-0.032,5.139,11.566,,pan
assignment3_kp2_t1,56.560,1791455950.490977,1637,1791455950.270221,camera_color_optical_frame,1,0.0599,-0.0028,0.00288,0.003,1,TRACKING,ok,-3.627,0.000,deg/s,joint_states,7.030,12.300,-2.750,0.000,0.880,0.091,-0.181,0.037,-0.033,5.883,11.553,,pan
assignment3_kp2_t1,56.582,1791455950.511606,1637,1791455950.270221,camera_color_optical_frame,1,0.0599,-0.0028,0.00288,0.025,1,TRACKING,ok,-3.627,0.000,deg/s,joint_states,6.940,12.300,-1.370,0.000,0.891,0.092,-0.183,0.034,-0.034,5.886,11.537,,pan
assignment3_kp2_t1,56.603,1791455950.536016,1637,1791455950.270221,camera_color_optical_frame,1,0.0599,-0.0028,0.00288,0.047,1,TRACKING,ok,-3.627,0.000,deg/s,joint_states,6.860,12.300,-1.370,0.000,0.902,0.093,-0.185,0.031,-0.034,5.889,11.520,,pan
assignment3_kp2_t1,56.621,1791455950.554062,1638,1791455950.303580,camera_color_optical_frame,1,0.0676,-0.0019,0.00286,0.012,1,TRACKING,ok,-4.092,0.000,deg/s,joint_states,6.770,12.300,-1.370,0.000,0.761,0.052,-0.159,0.092,-0.022,3.938,11.792,,pan
assignment3_kp2_t1,56.647,1791455950.580289,1639,1791455950.336938,camera_color_optical_frame,1,0.0763,-0.0003,0.00288,0.010,1,TRACKING,ok,-4.619,0.000,deg/s,joint_states,6.680,12.300,-2.750,0.000,0.763,0.047,-0.162,0.101,-0.013,3.554,11.991,,pan
assignment3_kp2_t1,56.661,1791455950.592565,1639,1791455950.336938,camera_color_optical_frame,1,0.0763,-0.0003,0.00288,0.023,1,TRACKING,ok,-4.619,0.000,deg/s,joint_states,6.590,12.300,-4.120,0.000,0.763,0.046,-0.162,0.102,-0.012,3.448,12.001,,pan
assignment3_kp2_t1,56.686,1791455950.616428,1640,1791455950.370297,camera_color_optical_frame,1,0.0873,0.0031,0.00290,0.016,1,TRACKING,ok,-5.280,0.000,deg/s,joint_states,6.500,12.300,-4.120,0.000,0.773,0.035,-0.168,0.125,-0.001,2.622,12.255,,pan
assignment3_kp2_t1,56.700,1791455950.630792,1640,1791455950.370297,camera_color_optical_frame,1,0.0873,0.0031,0.00290,0.030,1,TRACKING,ok,-5.280,0.000,deg/s,joint_states,6.330,12.300,-4.120,0.000,0.773,0.034,-0.168,0.124,0.000,2.489,12.276,,pan
assignment3_kp2_t1,56.721,1791455950.651675,1641,1791455950.437015,camera_color_optical_frame,1,0.1060,0.0085,0.00285,0.013,1,TRACKING,ok,-6.410,0.000,deg/s,joint_states,6.330,12.300,-4.120,0.000,0.772,0.022,-0.170,0.152,0.005,1.618,12.384,,pan
assignment3_kp2_t1,56.743,1791455950.675574,1641,1791455950.437015,camera_color_optical_frame,1,0.1060,0.0085,0.00285,0.035,1,TRACKING,ok,-6.410,0.000,deg/s,joint_states,6.330,12.300,-2.750,0.000,0.772,0.018,-0.170,0.161,0.007,1.349,12.424,,pan
assignment3_kp2_t1,56.764,1791455950.694952,1642,1791455950.470373,camera_color_optical_frame,1,0.1184,0.0114,0.00279,0.016,1,TRACKING,ok,-7.160,0.000,deg/s,joint_states,6.240,12.300,-2.750,0.000,0.774,0.016,-0.171,0.164,0.008,1.177,12.438,,pan
assignment3_kp2_t1,56.783,1791455950.713159,1643,1791455950.503732,camera_color_optical_frame,1,0.1268,0.0123,0.00290,0.004,1,TRACKING,ok,-7.668,0.000,deg/s,joint_states,6.060,12.300,-2.750,0.000,0.783,0.015,-0.171,0.162,0.002,1.064,12.300,,pan
assignment3_kp2_t1,56.802,1791455950.731792,1643,1791455950.503732,camera_color_optical_frame,1,0.1268,0.0123,0.00290,0.022,1,TRACKING,ok,-7.668,0.000,deg/s,joint_states,5.980,12.300,-4.120,0.000,0.784,0.012,-0.171,0.166,0.003,0.859,12.319,,pan
assignment3_kp2_t1,56.821,1791455950.751283,1644,1791455950.537090,camera_color_optical_frame,1,0.1327,0.0155,0.00292,0.012,1,TRACKING,ok,-8.022,0.000,deg/s,joint_states,5.980,12.300,-4.120,0.000,0.753,0.010,-0.166,0.168,0.007,0.774,12.413,,pan
assignment3_kp2_t1,56.842,1791455950.776494,1644,1791455950.537090,camera_color_optical_frame,1,0.1327,0.0155,0.00292,0.033,1,TRACKING,ok,-8.022,0.000,deg/s,joint_states,5.710,12.300,-4.120,0.000,0.752,0.007,-0.166,0.167,0.008,0.548,12.438,,pan
assignment3_kp2_t1,56.861,1791455950.791974,1645,1791455950.570449,camera_color_optical_frame,1,0.1395,0.0199,0.00291,0.007,1,TRACKING,ok,-8.428,0.000,deg/s,joint_states,5.620,12.300,-5.500,0.000,0.742,0.005,-0.169,0.170,0.024,0.366,12.795,,pan
assignment3_kp2_t1,56.884,1791455950.817644,1645,1791455950.570449,camera_color_optical_frame,1,0.1395,0.0199,0.00291,0.029,1,TRACKING,ok,-8.428,0.000,deg/s,joint_states,5.620,12.300,-5.500,0.000,0.740,0.001,-0.169,0.178,0.027,0.114,12.854,,pan
assignment3_kp2_t1,56.903,1791455950.834890,1646,1791455950.603808,camera_color_optical_frame,1,0.1473,0.0238,0.00290,0.011,1,TRACKING,ok,-8.902,0.000,deg/s,joint_states,5.450,12.300,-5.500,0.000,0.760,-0.006,-0.174,0.191,0.031,-0.463,12.925,,pan
assignment3_kp2_t1,56.922,1791455950.853102,1647,1791455950.637166,camera_color_optical_frame,1,0.1588,0.0283,0.00286,0.009,1,TRACKING,ok,-9.593,0.000,deg/s,joint_states,5.270,12.300,-5.500,0.000,0.744,-0.014,-0.172,0.204,0.034,-1.058,12.998,,pan
assignment3_kp2_t1,56.944,1791455950.876945,1647,1791455950.637166,camera_color_optical_frame,1,0.1588,0.0283,0.00286,0.032,1,TRACKING,ok,-9.593,0.000,deg/s,joint_states,5.010,12.300,-5.500,0.000,0.743,-0.018,-0.172,0.206,0.037,-1.367,13.057,,pan
assignment3_kp2_t1,56.961,1791455950.892612,1648,1791455950.670525,camera_color_optical_frame,1,0.1688,0.0351,0.00286,0.010,1,TRACKING,ok,-10.193,0.000,deg/s,joint_states,4.830,12.300,-8.240,0.000,0.759,-0.018,-0.179,0.199,0.046,-1.346,13.275,,pan
assignment3_kp2_t1,56.985,1791455950.917430,1649,1791455950.703883,camera_color_optical_frame,1,0.1805,0.0430,0.00286,0.009,1,TRACKING,ok,-10.897,0.000,deg/s,joint_states,4.660,12.300,-8.240,0.000,0.766,-0.030,-0.187,0.221,0.067,-2.207,13.713,,pan
assignment3_kp2_t1,57.001,1791455950.932535,1649,1791455950.703883,camera_color_optical_frame,1,0.1805,0.0430,0.00286,0.026,1,TRACKING,ok,-10.897,0.000,deg/s,joint_states,4.390,12.300,-9.620,0.000,0.766,-0.033,-0.188,0.220,0.070,-2.443,13.786,,pan
assignment3_kp2_t1,57.026,1791455950.958047,1650,1791455950.737242,camera_color_optical_frame,1,0.1928,0.0507,0.00287,0.011,1,TRACKING,ok,-11.633,2.874,deg/s,joint_states,4.220,12.300,-9.620,0.000,0.761,-0.045,-0.190,0.246,0.079,-3.417,13.968,,pan
assignment3_kp2_t1,57.040,1791455950.972289,1650,1791455950.737242,camera_color_optical_frame,1,0.1928,0.0507,0.00287,0.025,1,TRACKING,ok,-11.633,2.874,deg/s,joint_states,4.040,12.300,-9.620,0.000,0.761,-0.049,-0.191,0.248,0.082,-3.654,14.034,,pan
assignment3_kp2_t1,57.062,1791455950.993586,1651,1791455950.770600,camera_color_optical_frame,1,0.2056,0.0574,0.00286,0.016,1,TRACKING,ok,-12.398,3.257,deg/s,joint_states,3.960,12.300,-8.240,0.000,0.738,-0.055,-0.185,0.265,0.084,-4.255,14.055,,pan
assignment3_kp2_t1,57.082,1791455951.014658,1651,1791455950.770600,camera_color_optical_frame,1,0.2056,0.0574,0.00286,0.036,1,TRACKING,ok,-12.398,3.257,deg/s,joint_states,3.780,12.300,-6.870,0.000,0.736,-0.060,-0.186,0.271,0.088,-4.627,14.146,,pan
assignment3_kp2_t1,57.102,1791455951.036340,1652,1791455950.803959,camera_color_optical_frame,1,0.2188,0.0627,0.00290,0.011,1,TRACKING,ok,-13.189,3.553,deg/s,joint_states,3.520,12.300,-8.240,0.000,0.739,-0.064,-0.185,0.273,0.081,-4.927,13.992,,pan
assignment3_kp2_t1,57.120,1791455951.050008,1652,1791455950.803959,camera_color_optical_frame,1,0.2188,0.0627,0.00290,0.029,1,TRACKING,ok,-13.189,3.553,deg/s,joint_states,3.340,12.300,-8.240,0.000,0.738,-0.068,-0.185,0.278,0.084,-5.266,14.058,,pan
assignment3_kp2_t1,57.140,1791455951.073881,1653,1791455950.837317,camera_color_optical_frame,1,0.2287,0.0664,0.00296,0.018,1,TRACKING,ok,-13.780,3.765,deg/s,joint_states,3.080,12.300,-9.620,0.000,0.767,-0.071,-0.190,0.269,0.074,-5.256,13.827,,pan
assignment3_kp2_t1,57.161,1791455951.092415,1653,1791455950.837317,camera_color_optical_frame,1,0.2287,0.0664,0.00296,0.039,1,TRACKING,ok,-13.780,3.765,deg/s,joint_states,2.900,12.300,-9.620,0.000,0.767,-0.075,-0.190,0.274,0.076,-5.597,13.876,,pan
assignment3_kp2_t1,57.181,1791455951.111621,1654,1791455950.870675,camera_color_optical_frame,1,0.2378,0.0697,0.00293,0.016,1,TRACKING,ok,-14.323,3.954,deg/s,joint_states,2.640,12.300,-9.620,0.000,0.745,-0.083,-0.184,0.292,0.072,-6.378,13.778,,pan
assignment3_kp2_t1,57.201,1791455951.136447,1655,1791455950.904034,camera_color_optical_frame,1,0.2476,0.0701,0.00296,0.015,0,TRACKING,ok,-14.905,3.974,deg/s,joint_states,2.290,12.390,-10.990,0.000,0.477,-0.046,-0.123,0.250,0.093,-5.482,14.369,,pan
assignment3_kp2_t1,57.221,1791455951.150662,1656,1791455950.937392,camera_color_optical_frame,1,0.2570,0.0704,0.00293,0.003,1,TRACKING,ok,-15.465,3.993,deg/s,joint_states,2.020,12.570,-12.370,1.370,0.744,-0.098,-0.177,0.308,0.038,-7.473,13.254,,pan
assignment3_kp2_t1,57.242,1791455951.173771,1656,1791455950.937392,camera_color_optical_frame,1,0.2570,0.0704,0.00293,0.024,1,TRACKING,ok,-15.465,3.993,deg/s,joint_states,1.760,12.660,-12.370,4.120,0.743,-0.103,-0.176,0.313,0.034,-7.882,13.246,,pan
assignment3_kp2_t1,57.260,1791455951.189540,1657,1791455950.970751,camera_color_optical_frame,1,0.2679,0.0694,0.00301,0.002,1,TRACKING,ok,-16.111,3.933,deg/s,joint_states,1.490,12.830,-12.370,4.120,0.742,-0.107,-0.176,0.316,0.026,-8.245,13.238,,pan
assignment3_kp2_t1,57.280,1791455951.212464,1657,1791455950.970751,camera_color_optical_frame,1,0.2679,0.0694,0.00301,0.022,1,TRACKING,ok,-16.111,3.933,deg/s,joint_states,1.230,12.920,-12.370,5.500,0.868,-0.064,-0.202,0.176,0.007,-4.235,13.029,,pan
assignment3_kp2_t1,57.301,1791455951.231085,1658,1791455951.004109,camera_color_optical_frame,1,0.2733,0.0682,0.00306,0.004,1,TRACKING,ok,-16.433,3.869,deg/s,joint_states,0.970,12.920,-13.740,4.120,0.766,-0.105,-0.178,0.284,0.010,-7.784,12.994,,pan
assignment3_kp2_t1,57.320,1791455951.252210,1658,1791455951.004109,camera_color_optical_frame,1,0.2733,0.0682,0.00306,0.023,1,TRACKING,ok,-16.433,3.869,deg/s,joint_states,0.620,13.010,-13.740,2.750,0.767,-0.109,-0.178,0.282,0.005,-8.070,12.971,,pan
assignment3_kp2_t1,57.340,1791455951.269393,1659,1791455951.037467,camera_color_optical_frame,1,0.2772,0.0665,0.00306,0.002,1,TRACKING,ok,-16.662,3.772,deg/s,joint_states,0.350,13.100,-13.740,2.750,0.768,-0.113,-0.178,0.282,-0.000,-8.358,12.948,,pan
assignment3_kp2_t1,57.361,1791455951.291392,1659,1791455951.037467,camera_color_optical_frame,1,0.2772,0.0665,0.00306,0.023,1,TRACKING,ok,-16.662,3.772,deg/s,joint_states,0.000,13.180,-13.740,2.750,0.761,-0.113,-0.176,0.273,-0.007,-8.414,12.893,,pan
assignment3_kp2_t1,57.383,1791455951.313132,1659,1791455951.037467,camera_color_optical_frame,1,0.2772,0.0665,0.00306,0.045,1,TRACKING,ok,-16.662,3.772,deg/s,joint_states,-0.260,13.270,-15.110,4.120,0.761,-0.117,-0.176,0.274,-0.012,-8.725,12.864,,pan
assignment3_kp2_t1,57.400,1791455951.331008,1660,1791455951.070826,camera_color_optical_frame,1,0.2781,0.0646,0.00306,0.012,1,TRACKING,ok,-16.720,3.665,deg/s,joint_states,-0.620,13.360,-15.110,4.120,0.748,-0.113,-0.172,0.258,-0.020,-8.590,12.793,,pan
assignment3_kp2_t1,57.421,1791455951.351369,1661,1791455951.104184,camera_color_optical_frame,1,0.2749,0.0612,0.00301,0.015,0,TRACKING,ok,-16.531,3.472,deg/s,joint_states,-0.620,13.360,-15.110,4.120,0.466,-0.061,-0.118,0.219,0.034,-7.425,14.037,,pan
assignment3_kp2_t1,57.443,1791455951.374143,1662,1791455951.137542,camera_color_optical_frame,1,0.2699,0.0585,0.00300,0.003,0,TRACKING,ok,-16.233,3.319,deg/s,joint_states,-1.320,13.540,-15.110,4.120,0.456,-0.061,-0.115,0.201,0.028,-7.580,14.087,,pan
assignment3_kp2_t1,57.461,1791455951.393965,1662,1791455951.137542,camera_color_optical_frame,1,0.2699,0.0585,0.00300,0.021,1,TRACKING,ok,-16.233,3.319,deg/s,joint_states,-1.580,13.620,-15.110,2.750,0.741,-0.113,-0.185,0.228,0.016,-8.644,13.872,,pan
assignment3_kp2_t1,57.480,1791455951.409281,1662,1791455951.137542,camera_color_optical_frame,1,0.2699,0.0585,0.00300,0.040,1,TRACKING,ok,-16.233,3.319,deg/s,joint_states,-1.930,13.710,-15.110,2.750,0.740,-0.115,-0.185,0.223,0.013,-8.845,13.913,,pan
assignment3_kp2_t1,57.501,1791455951.432848,1663,1791455951.170898,camera_color_optical_frame,1,0.2642,0.0547,0.00302,0.017,1,TRACKING,ok,-15.892,3.100,deg/s,joint_states,-2.290,13.800,-15.110,4.120,0.876,-0.097,-0.209,0.129,-0.018,-6.303,13.360,,pan
assignment3_kp2_t1,57.520,1791455951.450415,1664,1791455951.204255,camera_color_optical_frame,1,0.2566,0.0495,0.00294,0.013,0,TRACKING,ok,-15.443,0.000,deg/s,joint_states,-2.640,13.800,-16.490,4.120,0.464,-0.064,-0.122,0.168,0.038,-7.874,14.608,,pan
assignment3_kp2_t1,57.541,1791455951.475846,1665,1791455951.237611,camera_color_optical_frame,1,0.2471,0.0401,0.00294,0.008,1,TRACKING,ok,-14.878,0.000,deg/s,joint_states,-2.900,13.800,-16.490,2.750,0.741,-0.107,-0.173,0.172,-0.031,-8.220,13.033,,pan
assignment3_kp2_t1,57.560,1791455951.489696,1665,1791455951.237611,camera_color_optical_frame,1,0.2471,0.0401,0.00294,0.027,1,TRACKING,ok,-14.878,0.000,deg/s,joint_states,-3.250,13.890,-16.490,1.370,0.740,-0.109,-0.173,0.165,-0.037,-8.349,13.006,,pan
assignment3_kp2_t1,57.580,1791455951.510878,1666,1791455951.270960,camera_color_optical_frame,1,0.2354,0.0291,0.00289,0.016,1,TRACKING,ok,-14.177,0.000,deg/s,joint_states,-3.600,13.890,-15.110,1.370,0.867,-0.104,-0.201,0.103,-0.041,-6.807,12.942,,pan
assignment3_kp2_t1,57.600,1791455951.529483,1666,1791455951.270960,camera_color_optical_frame,1,0.2354,0.0291,0.00289,0.035,1,TRACKING,ok,-14.177,0.000,deg/s,joint_states,-3.870,13.970,-15.110,1.370,0.877,-0.105,-0.203,0.095,-0.046,-6.806,12.920,,pan
assignment3_kp2_t1,57.621,1791455951.552431,1667,1791455951.304314,camera_color_optical_frame,1,0.2221,0.0224,0.00294,0.013,1,TRACKING,ok,-13.389,0.000,deg/s,joint_states,-4.220,13.970,-15.110,1.370,0.871,-0.106,-0.202,0.087,-0.045,-6.911,12.936,,pan
assignment3_kp2_t1,57.640,1791455951.576996,1668,1791455951.337669,camera_color_optical_frame,1,0.2088,0.0161,0.00288,0.011,0,TRACKING,ok,-12.591,0.000,deg/s,joint_states,-4.570,13.970,-15.110,1.370,0.468,-0.068,-0.120,0.119,0.014,-8.267,14.269,,pan
assignment3_kp2_t1,57.662,1791455951.593662,1669,1791455951.371023,camera_color_optical_frame,1,0.1945,0.0082,0.00286,0.005,1,TRACKING,ok,-11.733,0.000,deg/s,joint_states,-4.830,13.970,-15.110,0.000,0.725,-0.101,-0.171,0.099,-0.033,-7.918,13.193,,pan
assignment3_kp2_t1,57.682,1791455951.615051,1669,1791455951.371023,camera_color_optical_frame,1,0.1945,0.0082,0.00286,0.025,1,TRACKING,ok,-11.733,0.000,deg/s,joint_states,-5.100,13.970,-15.110,0.000,0.723,-0.101,-0.171,0.093,-0.034,-7.992,13.189,,pan
assignment3_kp2_t1,57.701,1791455951.630669,1670,1791455951.404377,camera_color_optical_frame,1,0.1807,-0.0021,0.00292,0.007,1,TRACKING,ok,-10.907,0.000,deg/s,joint_states,-5.450,13.970,-13.740,0.000,0.855,-0.108,-0.198,0.056,-0.046,-7.201,12.910,,pan
assignment3_kp2_t1,57.722,1791455951.651703,1670,1791455951.404377,camera_color_optical_frame,1,0.1807,-0.0021,0.00292,0.028,1,TRACKING,ok,-10.907,0.000,deg/s,joint_states,-5.710,13.970,-13.740,0.000,0.866,-0.109,-0.200,0.048,-0.047,-7.193,12.889,,pan
assignment3_kp2_t1,57.740,1791455951.671590,1671,1791455951.437732,camera_color_optical_frame,1,0.1669,-0.0053,0.00295,0.008,1,TRACKING,ok,-10.081,0.000,deg/s,joint_states,-5.980,13.970,-13.740,0.000,0.736,-0.110,-0.169,0.081,-0.050,-8.507,12.830,,pan
assignment3_kp2_t1,57.763,1791455951.692662,1671,1791455951.437732,camera_color_optical_frame,1,0.1669,-0.0053,0.00295,0.031,1,TRACKING,ok,-10.081,0.000,deg/s,joint_states,-5.980,13.970,-13.740,0.000,0.735,-0.111,-0.169,0.085,-0.051,-8.612,12.798,,pan
assignment3_kp2_t1,57.789,1791455951.727318,1673,1791455951.504440,camera_color_optical_frame,1,0.1383,-0.0134,0.00295,0.006,1,TRACKING,ok,-8.358,0.000,deg/s,joint_states,-6.590,13.970,-12.370,0.000,0.730,-0.106,-0.175,0.054,-0.026,-8.265,13.373,,pan
assignment3_kp2_t1,57.804,1791455951.733890,1673,1791455951.504440,camera_color_optical_frame,1,0.1383,-0.0134,0.00295,0.021,0,TRACKING,ok,-8.358,0.000,deg/s,joint_states,-6.590,13.970,-12.370,0.000,0.468,-0.072,-0.119,0.068,0.005,-8.701,14.063,,pan
assignment3_kp2_t1,57.823,1791455951.755711,1674,1791455951.537794,camera_color_optical_frame,1,0.1252,-0.0141,0.00294,0.011,1,TRACKING,ok,-7.567,0.000,deg/s,joint_states,-7.030,13.970,-10.990,0.000,0.744,-0.110,-0.175,0.045,-0.037,-8.438,13.121,,pan
assignment3_kp2_t1,57.841,1791455951.772002,1674,1791455951.537794,camera_color_optical_frame,1,0.1252,-0.0141,0.00294,0.029,1,TRACKING,ok,-7.567,0.000,deg/s,joint_states,-7.210,13.970,-10.990,0.000,0.744,-0.111,-0.175,0.041,-0.037,-8.495,13.119,,pan
assignment3_kp2_t1,57.860,1791455951.790237,1675,1791455951.571148,camera_color_optical_frame,1,0.1133,-0.0152,0.00295,0.011,1,TRACKING,ok,-6.851,0.000,deg/s,joint_states,-7.380,13.970,-10.990,0.000,0.845,-0.116,-0.195,0.014,-0.047,-7.818,12.906,,pan
assignment3_kp2_t1,57.881,1791455951.814571,1675,1791455951.571148,camera_color_optical_frame,1,0.1133,-0.0152,0.00295,0.032,1,TRACKING,ok,-6.851,0.000,deg/s,joint_states,-7.560,13.970,-9.620,0.000,0.855,-0.117,-0.197,0.008,-0.048,-7.812,12.888,,pan
assignment3_kp2_t1,57.901,1791455951.833104,1676,1791455951.604502,camera_color_optical_frame,1,0.1032,-0.0169,0.00302,0.010,1,TRACKING,ok,-6.241,0.000,deg/s,joint_states,-7.820,13.970,-9.620,0.000,0.727,-0.116,-0.169,0.041,-0.047,-9.098,12.892,,pan
assignment3_kp2_t1,57.920,1791455951.849678,1676,1791455951.604502,camera_color_optical_frame,1,0.1032,-0.0169,0.00302,0.029,1,TRACKING,ok,-6.241,0.000,deg/s,joint_states,-8.000,13.970,-9.620,0.000,0.726,-0.117,-0.168,0.038,-0.048,-9.187,12.875,,pan
assignment3_kp2_t1,57.940,1791455951.870953,1677,1791455951.637856,camera_color_optical_frame,1,0.0939,-0.0165,0.00302,0.017,1,TRACKING,ok,-5.681,0.000,deg/s,joint_states,-8.090,13.970,-8.240,0.000,0.748,-0.125,-0.175,0.046,-0.042,-9.516,13.017,,pan
assignment3_kp2_t1,57.961,1791455951.890795,1677,1791455951.637856,camera_color_optical_frame,1,0.0939,-0.0165,0.00302,0.037,1,TRACKING,ok,-5.681,0.000,deg/s,joint_states,-8.260,13.970,-8.240,0.000,0.748,-0.127,-0.175,0.044,-0.042,-9.626,13.009,,pan
assignment3_kp2_t1,57.982,1791455951.911925,1678,1791455951.671210,camera_color_optical_frame,1,0.0870,-0.0166,0.00305,0.017,1,TRACKING,ok,-5.266,0.000,deg/s,joint_states,-8.350,14.060,-6.870,0.000,0.737,-0.135,-0.180,0.065,-0.025,-10.361,13.486,,pan
assignment3_kp2_t1,58.001,1791455951.931324,1679,1791455951.704564,camera_color_optical_frame,1,0.0818,-0.0158,0.00307,0.015,0,TRACKING,ok,-4.949,0.000,deg/s,joint_states,-8.440,14.060,-5.500,0.000,0.466,-0.084,-0.119,0.058,0.003,-10.265,14.121,,pan
assignment3_kp2_t1,58.021,1791455951.950755,1680,1791455951.737918,camera_color_optical_frame,1,0.0770,-0.0137,0.00305,0.006,1,TRACKING,ok,-4.659,0.000,deg/s,joint_states,-8.610,13.970,-5.500,0.000,0.735,-0.137,-0.174,0.062,-0.037,-10.525,13.131,,pan
assignment3_kp2_t1,58.041,1791455951.971459,1680,1791455951.737918,camera_color_optical_frame,1,0.0770,-0.0137,0.00305,0.026,1,TRACKING,ok,-4.659,0.000,deg/s,joint_states,-8.700,13.970,-5.500,0.000,0.734,-0.138,-0.174,0.063,-0.037,-10.670,13.127,,pan
assignment3_kp2_t1,58.060,1791455951.990424,1681,1791455951.771272,camera_color_optical_frame,1,0.0740,-0.0141,0.00309,0.005,1,TRACKING,ok,-4.479,0.000,deg/s,joint_states,-8.880,13.970,-5.500,0.000,0.841,-0.137,-0.196,0.011,-0.045,-9.231,12.957,,pan
assignment3_kp2_t1,58.082,1791455952.012395,1681,1791455951.771272,camera_color_optical_frame,1,0.0740,-0.0141,0.00309,0.027,1,TRACKING,ok,-4.479,0.000,deg/s,joint_states,-9.050,13.970,-5.500,0.000,0.851,-0.138,-0.198,0.006,-0.045,-9.230,12.940,,pan
assignment3_kp2_t1,58.100,1791455952.029540,1681,1791455951.771272,camera_color_optical_frame,1,0.0740,-0.0141,0.00309,0.045,1,TRACKING,ok,-4.479,0.000,deg/s,joint_states,-9.140,14.060,-5.500,0.000,0.860,-0.140,-0.200,0.003,-0.050,-9.230,12.925,,pan
assignment3_kp2_t1,58.121,1791455952.050853,1682,1791455951.804626,camera_color_optical_frame,1,0.0704,-0.0108,0.00308,0.017,1,TRACKING,ok,-4.260,0.000,deg/s,joint_states,-9.230,13.970,-5.500,0.000,0.724,-0.141,-0.177,0.059,-0.021,-11.056,13.479,,pan
assignment3_kp2_t1,58.144,1791455952.077226,1683,1791455951.837980,camera_color_optical_frame,1,0.0681,-0.0113,0.00310,0.005,1,TRACKING,ok,-4.119,0.000,deg/s,joint_states,-9.320,13.970,-4.120,0.000,0.734,-0.148,-0.179,0.066,-0.023,-11.376,13.442,,pan
assignment3_kp2_t1,58.160,1791455952.089741,1683,1791455951.837980,camera_color_optical_frame,1,0.0681,-0.0113,0.00310,0.020,1,TRACKING,ok,-4.119,0.000,deg/s,joint_states,-9.490,13.970,-4.120,0.000,0.734,-0.149,-0.179,0.064,-0.022,-11.487,13.456,,pan
assignment3_kp2_t1,58.180,1791455952.109872,1684,1791455951.871334,camera_color_optical_frame,1,0.0665,-0.0101,0.00312,0.017,1,TRACKING,ok,-4.023,0.000,deg/s,joint_states,-9.580,13.970,-4.120,0.000,0.726,-0.146,-0.175,0.059,-0.029,-11.400,13.299,,pan
assignment3_kp2_t1,58.200,1791455952.130377,1685,1791455951.904687,camera_color_optical_frame,1,0.0647,-0.0082,0.00309,0.018,0,TRACKING,ok,-3.916,0.000,deg/s,joint_states,-9.670,13.970,-4.120,0.000,0.464,-0.092,-0.123,0.048,0.025,-11.160,14.542,,pan
assignment3_kp2_t1,58.221,1791455952.151091,1685,1791455951.904687,camera_color_optical_frame,1,0.0647,-0.0082,0.00309,0.039,0,TRACKING,ok,-3.916,0.000,deg/s,joint_states,-9.760,13.970,-4.120,0.000,0.454,-0.090,-0.121,0.048,0.029,-11.246,14.619,,pan
assignment3_kp2_t1,58.241,1791455952.172696,1686,1791455951.938041,camera_color_optical_frame,1,0.0625,-0.0100,0.00310,0.013,1,TRACKING,ok,-3.782,0.000,deg/s,joint_states,-9.840,14.060,-4.120,0.000,0.722,-0.143,-0.174,0.043,-0.032,-11.182,13.324,,pan
assignment3_kp2_t1,58.261,1791455952.192448,1687,1791455951.971394,camera_color_optical_frame,1,0.0586,-0.0098,0.00312,0.014,0,TRACKING,ok,-3.547,0.000,deg/s,joint_states,-9.840,14.060,-4.120,0.000,0.572,-0.117,-0.138,0.056,-0.032,-11.578,13.328,,pan
assignment3_kp2_t1,58.280,1791455952.209965,1688,1791455952.004748,camera_color_optical_frame,1,0.0546,-0.0117,0.00311,0.005,1,TRACKING,ok,-3.304,0.000,deg/s,joint_states,-10.020,13.970,-4.120,0.000,0.733,-0.143,-0.176,0.033,-0.030,-11.047,13.295,,pan
assignment3_kp2_t1,58.301,1791455952.231762,1688,1791455952.004748,camera_color_optical_frame,1,0.0546,-0.0117,0.00311,0.027,1,TRACKING,ok,-3.304,0.000,deg/s,joint_states,-10.110,13.970,-4.120,0.000,0.733,-0.144,-0.177,0.032,-0.030,-11.119,13.298,,pan
assignment3_kp2_t1,58.321,1791455952.252306,1689,1791455952.038101,camera_color_optical_frame,1,0.0493,-0.0148,0.00305,0.005,1,TRACKING,ok,-2.985,0.000,deg/s,joint_states,-10.200,13.970,-4.120,0.000,0.733,-0.145,-0.177,0.032,-0.029,-11.184,13.301,,pan
assignment3_kp2_t1,58.341,1791455952.274374,1689,1791455952.038101,camera_color_optical_frame,1,0.0493,-0.0148,0.00305,0.025,1,TRACKING,ok,-2.985,0.000,deg/s,joint_states,-10.200,13.970,-4.120,0.000,0.844,-0.152,-0.196,-0.000,-0.049,-10.199,12.859,,pan
assignment3_kp2_t1,58.361,1791455952.291431,1690,1791455952.071455,camera_color_optical_frame,1,0.0435,-0.0166,0.00305,0.009,1,TRACKING,ok,-2.636,0.000,deg/s,joint_states,-10.280,13.970,-2.750,0.000,0.733,-0.136,-0.166,0.007,-0.061,-10.482,12.584,,pan
assignment3_kp2_t1,58.387,1791455952.320287,1691,1791455952.104809,camera_color_optical_frame,1,0.0378,-0.0192,0.00307,0.020,0,TRACKING,ok,-2.287,0.000,deg/s,joint_states,-10.280,13.970,-2.750,0.000,0.471,-0.094,-0.119,0.031,-0.002,-11.254,13.914,,pan
assignment3_kp2_t1,58.401,1791455952.330749,1692,1791455952.138162,camera_color_optical_frame,1,0.0331,-0.0206,0.00309,0.003,1,TRACKING,ok,-2.002,0.000,deg/s,joint_states,-10.280,14.060,-1.370,0.000,0.737,-0.134,-0.171,0.002,-0.054,-10.338,12.838,,pan
assignment3_kp2_t1,58.421,1791455952.353013,1692,1791455952.138162,camera_color_optical_frame,1,0.0331,-0.0206,0.00309,0.024,1,TRACKING,ok,-2.002,0.000,deg/s,joint_states,-10.370,13.970,0.000,0.000,0.737,-0.134,-0.170,-0.001,-0.051,-10.333,12.818,,pan
assignment3_kp2_t1,58.440,1791455952.369630,1692,1791455952.138162,camera_color_optical_frame,1,0.0331,-0.0206,0.00309,0.042,1,TRACKING,ok,-2.002,0.000,deg/s,joint_states,-10.460,14.060,-1.370,0.000,0.737,-0.134,-0.170,-0.004,-0.056,-10.329,12.798,,pan
assignment3_kp2_t1,58.462,1791455952.396551,1693,1791455952.171518,camera_color_optical_frame,1,0.0285,-0.0210,0.00311,0.016,1,TRACKING,ok,0.000,0.000,deg/s,joint_states,-10.550,13.970,-2.750,0.000,0.739,-0.135,-0.171,-0.007,-0.050,-10.338,12.835,,pan
assignment3_kp2_t1,58.481,1791455952.410882,1694,1791455952.204873,camera_color_optical_frame,1,0.0233,-0.0233,0.00312,0.002,1,TRACKING,ok,0.000,0.000,deg/s,joint_states,-10.630,13.970,-2.750,0.000,0.739,-0.135,-0.171,-0.010,-0.051,-10.334,12.819,,pan
assignment3_kp2_t1,58.502,1791455952.436451,1694,1791455952.204873,camera_color_optical_frame,1,0.0233,-0.0233,0.00312,0.023,1,TRACKING,ok,0.000,0.000,deg/s,joint_states,-10.550,13.970,-2.750,0.000,0.730,-0.133,-0.167,-0.007,-0.057,-10.327,12.680,,pan
assignment3_kp2_t1,58.521,1791455952.453021,1695,1791455952.238229,camera_color_optical_frame,1,0.0184,-0.0225,0.00307,0.003,1,TRACKING,ok,0.000,0.000,deg/s,joint_states,-10.550,13.970,-1.370,0.000,0.743,-0.134,-0.172,-0.010,-0.050,-10.249,12.829,,pan
assignment3_kp2_t1,58.541,1791455952.473235,1695,1791455952.238229,camera_color_optical_frame,1,0.0184,-0.0225,0.00307,0.022,1,TRACKING,ok,0.000,0.000,deg/s,joint_states,-10.550,13.970,0.000,0.000,0.744,-0.134,-0.172,-0.010,-0.051,-10.240,12.815,,pan
assignment3_kp2_t1,58.562,1791455952.491475,1696,1791455952.271585,camera_color_optical_frame,1,0.0151,-0.0216,0.00312,0.006,1,TRACKING,ok,0.000,0.000,deg/s,joint_states,-10.550,13.970,0.000,0.000,0.737,-0.131,-0.174,-0.014,-0.038,-10.105,13.118,,pan
assignment3_kp2_t1,58.582,1791455952.516505,1696,1791455952.271585,camera_color_optical_frame,1,0.0151,-0.0216,0.00312,0.026,1,TRACKING,ok,0.000,0.000,deg/s,joint_states,-10.630,13.970,0.000,0.000,0.737,-0.131,-0.175,-0.017,-0.037,-10.087,13.130,,pan
assignment3_kp2_t1,58.601,1791455952.537298,1697,1791455952.304941,camera_color_optical_frame,1,0.0118,-0.0207,0.00307,0.006,1,TRACKING,ok,0.000,0.000,deg/s,joint_states,-10.550,13.970,0.000,0.000,0.728,-0.126,-0.175,-0.024,-0.028,-9.802,13.333,,pan
assignment3_kp2_t1,58.630,1791455952.563209,1698,1791455952.338296,camera_color_optical_frame,1,0.0047,-0.0199,0.00307,0.012,0,TRACKING,ok,0.000,0.000,deg/s,joint_states,-10.550,13.970,0.000,0.000,0.467,-0.089,-0.119,0.007,0.006,-10.771,14.098,,pan
assignment3_kp2_t1,58.640,1791455952.570911,1698,1791455952.338296,camera_color_optical_frame,1,0.0047,-0.0199,0.00307,0.022,0,TRACKING,ok,0.000,0.000,deg/s,joint_states,-10.550,13.970,0.000,0.000,0.462,-0.088,-0.118,0.008,0.007,-10.785,14.131,,pan
assignment3_kp2_t1,58.662,1791455952.594686,1699,1791455952.371652,camera_color_optical_frame,1,-0.0023,-0.0172,0.00309,0.013,1,TRACKING,ok,0.000,0.000,deg/s,joint_states,-10.550,13.970,0.000,0.000,0.740,-0.123,-0.177,-0.036,-0.030,-9.438,13.279,,pan
assignment3_kp2_t1,58.680,1791455952.611048,1699,1791455952.371652,camera_color_optical_frame,1,-0.0023,-0.0172,0.00309,0.031,1,TRACKING,ok,0.000,0.000,deg/s,joint_states,-10.550,13.970,0.000,0.000,0.740,-0.122,-0.177,-0.037,-0.030,-9.390,13.293,,pan
assignment3_kp2_t1,58.703,1791455952.634853,1700,1791455952.405007,camera_color_optical_frame,1,-0.0047,-0.0163,0.00313,0.018,1,TRACKING,ok,0.000,0.000,deg/s,joint_states,-10.550,13.970,0.000,0.000,0.846,-0.146,-0.197,-0.025,-0.046,-9.784,12.919,,pan
assignment3_kp2_t1,58.723,1791455952.653391,1701,1791455952.438363,camera_color_optical_frame,1,-0.0071,-0.0141,0.00310,0.004,1,TRACKING,ok,0.000,0.000,deg/s,joint_states,-10.550,13.970,0.000,0.000,0.732,-0.122,-0.176,-0.035,-0.028,-9.474,13.335,,pan
assignment3_kp2_t1,58.742,1791455952.674353,1701,1791455952.438363,camera_color_optical_frame,1,-0.0071,-0.0141,0.00310,0.022,1,TRACKING,ok,0.000,0.000,deg/s,joint_states,-10.550,13.970,0.000,0.000,0.732,-0.122,-0.176,-0.036,-0.027,-9.435,13.350,,pan
assignment3_kp2_t1,58.760,1791455952.690402,1701,1791455952.438363,camera_color_optical_frame,1,-0.0071,-0.0141,0.00310,0.041,1,TRACKING,ok,0.000,0.000,deg/s,joint_states,-10.550,13.970,0.000,0.000,0.732,-0.121,-0.176,-0.037,-0.027,-9.397,13.365,,pan
assignment3_kp2_t1,58.781,1791455952.711003,1702,1791455952.471719,camera_color_optical_frame,1,-0.0086,-0.0122,0.00312,0.016,1,TRACKING,ok,0.000,0.000,deg/s,joint_states,-10.550,13.970,0.000,0.000,0.733,-0.120,-0.179,-0.041,-0.019,-9.284,13.540,,pan
assignment3_kp2_t1,58.800,1791455952.730031,1703,1791455952.505074,camera_color_optical_frame,1,-0.0095,-0.0121,0.00312,0.003,1,TRACKING,ok,0.000,0.000,deg/s,joint_states,-10.550,13.970,0.000,0.000,0.735,-0.126,-0.177,-0.026,-0.027,-9.745,13.361,,pan
assignment3_kp2_t1,58.820,1791455952.749626,1703,1791455952.505074,camera_color_optical_frame,1,-0.0095,-0.0121,0.00312,0.023,1,TRACKING,ok,0.000,0.000,deg/s,joint_states,-10.550,13.970,0.000,0.000,0.735,-0.126,-0.177,-0.026,-0.026,-9.734,13.374,,pan
assignment3_kp2_t1,58.840,1791455952.769654,1704,1791455952.538430,camera_color_optical_frame,1,-0.0106,-0.0119,0.00312,0.017,0,TRACKING,ok,0.000,0.000,deg/s,joint_states,-10.550,13.970,0.000,0.000,0.462,-0.087,-0.119,0.002,0.012,-10.614,14.236,,pan
assignment3_kp2_t1,58.862,1791455952.793304,1705,1791455952.571785,camera_color_optical_frame,1,-0.0123,-0.0092,0.00306,0.006,1,TRACKING,ok,0.000,0.000,deg/s,joint_states,-10.550,14.060,0.000,0.000,0.739,-0.121,-0.180,-0.039,-0.025,-9.329,13.485,,pan
assignment3_kp2_t1,58.881,1791455952.811514,1705,1791455952.571785,camera_color_optical_frame,1,-0.0123,-0.0092,0.00306,0.024,1,TRACKING,ok,0.000,0.000,deg/s,joint_states,-10.550,13.970,0.000,0.000,0.740,-0.121,-0.180,-0.040,-0.020,-9.294,13.503,,pan
assignment3_kp2_t1,58.902,1791455952.836771,1706,1791455952.605141,camera_color_optical_frame,1,-0.0129,-0.0077,0.00309,0.011,1,TRACKING,ok,0.000,0.000,deg/s,joint_states,-10.550,13.970,0.000,0.000,0.846,-0.142,-0.200,-0.034,-0.037,-9.497,13.129,,pan
assignment3_kp2_t1,58.920,1791455952.848894,1706,1791455952.605141,camera_color_optical_frame,1,-0.0129,-0.0077,0.00309,0.028,1,TRACKING,ok,0.000,0.000,deg/s,joint_states,-10.550,13.970,0.000,0.000,0.854,-0.143,-0.202,-0.034,-0.038,-9.482,13.117,,pan
assignment3_kp2_t1,58.941,1791455952.873734,1707,1791455952.638496,camera_color_optical_frame,1,-0.0137,-0.0066,0.00310,0.017,1,TRACKING,ok,0.000,0.000,deg/s,joint_states,-10.550,13.970,0.000,0.000,0.735,-0.124,-0.180,-0.032,-0.019,-9.558,13.537,,pan
assignment3_kp2_t1,58.960,1791455952.889714,1707,1791455952.638496,camera_color_optical_frame,1,-0.0137,-0.0066,0.00310,0.035,1,TRACKING,ok,0.000,0.000,deg/s,joint_states,-10.550,13.970,0.000,0.000,0.735,-0.124,-0.180,-0.032,-0.018,-9.546,13.553,,pan
assignment3_kp2_t1,58.983,1791455952.918549,1708,1791455952.671851,camera_color_optical_frame,1,-0.0144,-0.0055,0.00306,0.015,1,TRACKING,ok,0.000,0.000,deg/s,joint_states,-10.550,13.970,0.000,0.000,0.741,-0.124,-0.181,-0.033,-0.019,-9.514,13.531,,pan
assignment3_kp2_t1,59.001,1791455952.936632,1708,1791455952.671851,camera_color_optical_frame,1,-0.0144,-0.0055,0.00306,0.034,1,TRACKING,ok,0.000,0.000,deg/s,joint_states,-10.550,13.970,0.000,0.000,0.741,-0.124,-0.181,-0.034,-0.019,-9.501,13.545,,pan
assignment3_kp2_t1,59.026,1791455952.956624,1710,1791455952.738562,camera_color_optical_frame,1,-0.0185,-0.0034,0.00306,0.004,0,TRACKING,ok,0.000,0.000,deg/s,joint_states,-10.550,14.060,0.000,0.000,0.469,-0.085,-0.123,-0.009,0.016,-10.269,14.425,,pan
assignment3_kp2_t1,59.041,1791455952.971905,1710,1791455952.738562,camera_color_optical_frame,1,-0.0185,-0.0034,0.00306,0.020,0,TRACKING,ok,0.000,0.000,deg/s,joint_states,-10.550,13.970,0.000,0.000,0.462,-0.084,-0.121,-0.008,0.022,-10.295,14.472,,pan
assignment3_kp2_t1,59.061,1791455952.991261,1711,1791455952.771917,camera_color_optical_frame,1,-0.0209,-0.0031,0.00311,0.013,1,TRACKING,ok,0.000,0.000,deg/s,joint_states,-10.550,13.970,0.000,0.000,0.742,-0.117,-0.185,-0.051,-0.005,-8.949,13.851,,pan
assignment3_kp2_t1,59.080,1791455953.011141,1711,1791455952.771917,camera_color_optical_frame,1,-0.0209,-0.0031,0.00311,0.033,1,TRACKING,ok,0.000,0.000,deg/s,joint_states,-10.550,14.060,0.000,0.000,0.742,-0.116,-0.186,-0.053,-0.008,-8.902,13.883,,pan
assignment3_kp2_t1,59.100,1791455953.029549,1712,1791455952.805273,camera_color_optical_frame,1,-0.0220,-0.0032,0.00310,0.007,1,TRACKING,ok,0.000,0.000,deg/s,joint_states,-10.550,14.060,0.000,0.000,0.846,-0.137,-0.201,-0.043,-0.038,-9.203,13.192,,pan
assignment3_kp2_t1,59.122,1791455953.051559,1712,1791455952.805273,camera_color_optical_frame,1,-0.0220,-0.0032,0.00310,0.030,1,TRACKING,ok,0.000,0.000,deg/s,joint_states,-10.550,14.060,0.000,0.000,0.857,-0.139,-0.203,-0.044,-0.039,-9.183,13.173,,pan
assignment3_kp2_t1,59.140,1791455953.069871,1713,1791455952.838628,camera_color_optical_frame,1,-0.0224,-0.0024,0.00308,0.011,1,TRACKING,ok,0.000,0.000,deg/s,joint_states,-10.550,13.970,0.000,0.000,0.749,-0.122,-0.178,-0.041,-0.033,-9.268,13.212,,pan
assignment3_kp2_t1,59.161,1791455953.090176,1713,1791455952.838628,camera_color_optical_frame,1,-0.0224,-0.0024,0.00308,0.032,1,TRACKING,ok,0.000,0.000,deg/s,joint_states,-10.550,13.970,0.000,0.000,0.749,-0.122,-0.178,-0.042,-0.034,-9.254,13.192,,pan
assignment3_kp2_t1,59.180,1791455953.113868,1714,1791455952.871983,camera_color_optical_frame,1,-0.0211,-0.0002,0.00310,0.014,1,TRACKING,ok,0.000,0.000,deg/s,joint_states,-10.550,13.970,0.000,0.000,0.741,-0.125,-0.184,-0.031,-0.011,-9.573,13.722,,pan
assignment3_kp2_t1,59.202,1791455953.135096,1714,1791455952.871983,camera_color_optical_frame,1,-0.0211,-0.0002,0.00310,0.035,1,TRACKING,ok,0.000,0.000,deg/s,joint_states,-10.550,13.970,0.000,0.000,0.741,-0.125,-0.184,-0.031,-0.010,-9.582,13.743,,pan
assignment3_kp2_t1,59.220,1791455953.153385,1715,1791455952.905338,camera_color_optical_frame,1,-0.0185,0.0028,0.00301,0.008,1,TRACKING,ok,0.000,0.000,deg/s,joint_states,-10.550,13.970,0.000,0.000,0.738,-0.130,-0.186,-0.018,0.000,-10.001,13.972,,pan
assignment3_kp2_t1,59.241,1791455953.172511,1716,1791455952.938693,camera_color_optical_frame,1,-0.0144,0.0044,0.00305,0.011,0,TRACKING,ok,0.000,0.000,deg/s,joint_states,-10.550,13.970,0.000,0.000,0.460,-0.088,-0.124,0.007,0.039,-10.783,14.854,,pan
assignment3_kp2_t1,59.261,1791455953.191474,1717,1791455952.972049,camera_color_optical_frame,1,-0.0084,0.0067,0.00300,0.007,1,TRACKING,ok,0.000,0.000,deg/s,joint_states,-10.550,13.970,0.000,0.000,0.744,-0.143,-0.188,0.010,-0.002,-10.872,13.928,,pan
assignment3_kp2_t1,59.283,1791455953.213202,1717,1791455952.972049,camera_color_optical_frame,1,-0.0084,0.0067,0.00300,0.029,1,TRACKING,ok,0.000,0.000,deg/s,joint_states,-10.550,13.970,0.000,0.000,0.744,-0.144,-0.188,0.014,-0.001,-10.973,13.957,,pan
assignment3_kp2_t1,59.300,1791455953.229545,1718,1791455953.005404,camera_color_optical_frame,1,-0.0007,0.0095,0.00298,0.008,1,TRACKING,ok,0.000,0.000,deg/s,joint_states,-10.550,13.970,0.000,0.000,0.848,-0.151,-0.209,-0.014,-0.015,-10.106,13.637,,pan
assignment3_kp2_t1,59.321,1791455953.250757,1718,1791455953.005404,camera_color_optical_frame,1,-0.0007,0.0095,0.00298,0.029,1,TRACKING,ok,0.000,0.000,deg/s,joint_states,-10.550,13.970,0.000,0.000,0.858,-0.153,-0.211,-0.014,-0.015,-10.106,13.624,,pan
assignment3_kp2_t1,59.340,1791455953.270155,1719,1791455953.038759,camera_color_optical_frame,1,0.0093,0.0123,0.00294,0.014,1,TRACKING,ok,0.000,0.000,deg/s,joint_states,-10.550,13.970,0.000,0.000,0.738,-0.161,-0.191,0.056,0.010,-12.312,14.187,,pan
assignment3_kp2_t1,59.362,1791455953.293951,1719,1791455953.038759,camera_color_optical_frame,1,0.0093,0.0123,0.00294,0.036,1,TRACKING,ok,0.000,0.000,deg/s,joint_states,-10.550,13.970,0.000,0.000,0.737,-0.163,-0.192,0.062,0.012,-12.495,14.227,,pan
assignment3_kp2_t1,59.381,1791455953.312424,1720,1791455953.072114,camera_color_optical_frame,1,0.0234,0.0139,0.00284,0.011,1,TRACKING,ok,0.000,0.000,deg/s,joint_states,-10.550,13.970,0.000,0.000,0.728,-0.175,-0.184,0.096,-0.006,-13.540,13.813,,pan
assignment3_kp2_t1,59.401,1791455953.333525,1721,1791455953.105468,camera_color_optical_frame,1,0.0405,0.0183,0.00269,0.014,0,TRACKING,ok,-2.450,0.000,deg/s,joint_states,-10.550,13.970,0.000,0.000,0.460,-0.108,-0.127,0.086,0.046,-13.235,14.997,,pan
assignment3_kp2_t1,59.420,1791455953.349573,1721,1791455953.105468,camera_color_optical_frame,1,0.0405,0.0183,0.00269,0.032,0,TRACKING,ok,-2.450,0.000,deg/s,joint_states,-10.550,13.970,0.000,0.000,0.451,-0.107,-0.125,0.090,0.049,-13.384,15.061,,pan
assignment3_kp2_t1,59.440,1791455953.371293,1722,1791455953.138823,camera_color_optical_frame,1,0.0600,0.0188,0.00266,0.017,1,TRACKING,ok,-3.629,0.000,deg/s,joint_states,-10.550,14.060,0.000,0.000,0.733,-0.208,-0.195,0.171,0.014,-15.872,14.329,,pan
assignment3_kp2_t1,59.460,1791455953.389786,1722,1791455953.138823,camera_color_optical_frame,1,0.0600,0.0188,0.00266,0.037,1,TRACKING,ok,-3.629,0.000,deg/s,joint_states,-10.550,13.970,0.000,0.000,0.732,-0.213,-0.195,0.181,0.020,-16.201,14.360,,pan
assignment3_kp2_t1,59.480,1791455953.409433,1723,1791455953.172178,camera_color_optical_frame,1,0.0841,0.0205,0.00257,0.018,1,TRACKING,ok,-5.088,0.000,deg/s,joint_states,-10.630,13.970,0.000,0.000,0.850,-0.199,-0.214,0.081,-0.009,-13.151,13.758,,pan
assignment3_kp2_t1,59.500,1791455953.430051,1723,1791455953.172178,camera_color_optical_frame,1,0.0841,0.0205,0.00257,0.038,1,TRACKING,ok,-5.088,0.000,deg/s,joint_states,-10.720,13.970,-1.370,0.000,0.859,-0.201,-0.216,0.079,-0.009,-13.181,13.743,,pan
assignment3_kp2_t1,59.520,1791455953.453369,1724,1791455953.205533,camera_color_optical_frame,1,0.1085,0.0193,0.00255,0.012,1,TRACKING,ok,-6.560,0.000,deg/s,joint_states,-10.810,13.970,-2.750,0.000,0.760,-0.257,-0.196,0.254,-0.004,-18.674,13.751,,pan
assignment3_kp2_t1,59.541,1791455953.472562,1724,1791455953.205533,camera_color_optical_frame,1,0.1085,0.0193,0.00255,0.033,1,TRACKING,ok,-6.560,0.000,deg/s,joint_states,-10.900,13.970,-4.120,0.000,0.761,-0.264,-0.197,0.265,-0.004,-19.096,13.734,,pan
assignment3_kp2_t1,59.564,1791455953.495592,1725,1791455953.238888,camera_color_optical_frame,1,0.1338,0.0177,0.00252,0.010,1,TRACKING,ok,-8.085,0.000,deg/s,joint_states,-10.990,13.970,-4.120,0.000,0.754,-0.272,-0.192,0.286,-0.016,-19.835,13.453,,pan
assignment3_kp2_t1,59.582,1791455953.514271,1726,1791455953.272251,camera_color_optical_frame,1,0.1605,0.0171,0.00247,0.014,0,TRACKING,ok,-9.696,0.000,deg/s,joint_states,-11.160,13.970,-4.120,0.000,0.447,-0.143,-0.123,0.210,0.036,-17.699,14.704,,pan
assignment3_kp2_t1,59.603,1791455953.533796,1727,1791455953.305608,camera_color_optical_frame,1,0.1876,0.0181,0.00242,0.007,1,TRACKING,ok,-11.323,0.000,deg/s,joint_states,-11.250,13.970,-4.120,0.000,0.720,-0.284,-0.188,0.334,-0.003,-21.554,13.680,,pan
assignment3_kp2_t1,59.621,1791455953.551970,1727,1791455953.305608,camera_color_optical_frame,1,0.1876,0.0181,0.00242,0.025,1,TRACKING,ok,-11.323,0.000,deg/s,joint_states,-11.340,13.970,-4.120,0.000,0.718,-0.290,-0.188,0.346,-0.003,-22.007,13.662,,pan
assignment3_kp2_t1,59.641,1791455953.574710,1728,1791455953.338964,camera_color_optical_frame,1,0.2157,0.0178,0.00243,0.007,1,TRACKING,ok,-13.006,0.000,deg/s,joint_states,-11.430,13.970,-4.120,0.000,0.845,-0.263,-0.214,0.190,-0.012,-17.323,13.629,,pan
assignment3_kp2_t1,59.663,1791455953.595542,1728,1791455953.338964,camera_color_optical_frame,1,0.2157,0.0178,0.00243,0.030,1,TRACKING,ok,-13.006,0.000,deg/s,joint_states,-11.510,14.060,-4.120,0.000,0.855,-0.267,-0.217,0.189,-0.017,-17.365,13.613,,pan
assignment3_kp2_t1,59.685,1791455953.619623,1729,1791455953.372320,camera_color_optical_frame,1,0.2423,0.0189,0.00251,0.014,1,TRACKING,ok,-14.589,0.000,deg/s,joint_states,-11.780,13.970,-5.500,0.000,0.735,-0.319,-0.195,0.380,-0.001,-23.473,13.677,,pan
assignment3_kp2_t1,59.708,1791455953.639220,1730,1791455953.405677,camera_color_optical_frame,1,0.2640,0.0205,0.00261,0.009,0,TRACKING,ok,-15.880,0.000,deg/s,joint_states,-11.950,13.970,-6.870,0.000,0.443,-0.177,-0.125,0.317,0.042,-21.773,14.713,,pan
assignment3_kp2_t1,59.724,1791455953.655334,1730,1791455953.405677,camera_color_optical_frame,1,0.2640,0.0205,0.00261,0.024,0,TRACKING,ok,-15.880,0.000,deg/s,joint_states,-12.220,14.060,-8.240,0.000,0.436,-0.176,-0.124,0.316,0.039,-22.017,14.747,,pan
assignment3_kp2_t1,59.743,1791455953.676514,1731,1791455953.439033,camera_color_optical_frame,1,0.2855,0.0205,0.00283,0.014,1,TRACKING,ok,-17.159,0.000,deg/s,joint_states,-12.390,13.970,-9.620,0.000,0.702,-0.325,-0.188,0.407,0.001,-24.876,13.677,,pan
assignment3_kp2_t1,59.763,1791455953.699787,1731,1791455953.439033,camera_color_optical_frame,1,0.2855,0.0205,0.00283,0.034,1,TRACKING,ok,-17.159,0.000,deg/s,joint_states,-12.660,13.970,-9.620,0.000,0.699,-0.331,-0.188,0.414,0.001,-25.355,13.660,,pan
assignment3_kp2_t1,59.788,1791455953.717879,1732,1791455953.472389,camera_color_optical_frame,1,0.3029,0.0222,0.00290,0.015,1,TRACKING,ok,-18.188,0.000,deg/s,joint_states,-12.920,14.060,-10.990,0.000,0.836,-0.310,-0.216,0.240,-0.014,-20.368,13.626,,pan
assignment3_kp2_t1,59.805,1791455953.741089,1733,1791455953.505744,camera_color_optical_frame,1,0.3167,0.0239,0.00302,0.009,1,TRACKING,ok,-18.998,0.000,deg/s,joint_states,-13.180,13.970,-12.370,0.000,0.733,-0.340,-0.200,0.381,0.011,-24.923,13.934,,pan
assignment3_kp2_t1,59.823,1791455953.754049,1733,1791455953.505744,camera_color_optical_frame,1,0.3167,0.0239,0.00302,0.027,1,TRACKING,ok,-18.998,0.000,deg/s,joint_states,-13.450,13.970,-12.370,0.000,0.733,-0.346,-0.201,0.383,0.011,-25.253,13.937,,pan
assignment3_kp2_t1,59.842,1791455953.772312,1734,1791455953.539100,camera_color_optical_frame,1,0.3275,0.0245,0.00311,0.005,1,TRACKING,ok,-19.636,0.000,deg/s,joint_states,-13.800,13.970,-13.740,0.000,0.733,-0.351,-0.202,0.383,0.011,-25.592,13.941,,pan
assignment3_kp2_t1,59.861,1791455953.792231,1734,1791455953.539100,camera_color_optical_frame,1,0.3275,0.0245,0.00311,0.024,1,TRACKING,ok,-19.636,0.000,deg/s,joint_states,-14.150,13.970,-13.740,0.000,0.738,-0.346,-0.202,0.355,0.007,-25.112,13.884,,pan
assignment3_kp2_t1,59.885,1791455953.817764,1735,1791455953.605811,camera_color_optical_frame,1,0.3349,0.0225,0.00311,0.006,1,TRACKING,ok,-20.069,0.000,deg/s,joint_states,-14.500,14.060,-15.110,0.000,0.732,-0.326,-0.194,0.309,-0.011,-24.040,13.617,,pan
assignment3_kp2_t1,59.903,1791455953.835207,1735,1791455953.605811,camera_color_optical_frame,1,0.3349,0.0225,0.00311,0.025,1,TRACKING,ok,-20.069,0.000,deg/s,joint_states,-14.850,13.970,-16.490,0.000,0.732,-0.329,-0.194,0.304,-0.008,-24.233,13.601,,pan
assignment3_kp2_t1,59.920,1791455953.851589,1736,1791455953.639167,camera_color_optical_frame,1,0.3339,0.0192,0.00296,0.009,1,TRACKING,ok,-20.010,0.000,deg/s,joint_states,-15.210,13.970,-16.490,0.000,0.729,-0.297,-0.193,0.224,-0.004,-22.147,13.789,,pan
assignment3_kp2_t1,59.946,1791455953.876581,1736,1791455953.639167,camera_color_optical_frame,1,0.3339,0.0192,0.00296,0.035,1,TRACKING,ok,-20.010,0.000,deg/s,joint_states,-15.560,13.970,-16.490,0.000,0.729,-0.297,-0.193,0.212,-0.004,-22.147,13.789,,pan
assignment3_kp2_t1,59.961,1791455953.892679,1737,1791455953.672522,camera_color_optical_frame,1,0.3297,0.0146,0.00295,0.007,1,TRACKING,ok,-19.764,0.000,deg/s,joint_states,-15.910,13.970,-17.860,0.000,0.722,-0.326,-0.184,0.272,-0.034,-24.300,13.057,,pan
assignment3_kp2_t1,59.983,1791455953.915604,1737,1791455953.672522,camera_color_optical_frame,1,0.3297,0.0146,0.00295,0.029,1,TRACKING,ok,-19.764,0.000,deg/s,joint_states,-16.350,13.970,-17.860,0.000,0.721,-0.328,-0.183,0.264,-0.037,-24.487,13.001,,pan
assignment3_kp2_t1,60.000,1791455953.930778,1738,1791455953.705877,camera_color_optical_frame,1,0.3235,0.0132,0.00284,0.013,1,TRACKING,ok,-19.398,0.000,deg/s,joint_states,-16.700,13.970,-17.860,0.000,0.725,-0.327,-0.185,0.245,-0.033,-24.266,13.121,,pan
assignment3_kp2_t1,60.021,1791455953.950931,1739,1791455953.739232,camera_color_optical_frame,1,0.3155,0.0115,0.00279,0.010,1,TRACKING,ok,-18.928,0.000,deg/s,joint_states,-16.700,13.970,-17.860,0.000,0.719,-0.325,-0.183,0.247,-0.034,-24.331,13.080,,pan
assignment3_kp2_t1,60.047,1791455953.981579,1740,1791455953.772587,camera_color_optical_frame,1,0.3055,0.0092,0.00283,0.007,1,TRACKING,ok,-18.340,0.000,deg/s,joint_states,-17.580,13.970,-19.240,0.000,0.714,-0.328,-0.184,0.228,-0.029,-24.651,13.204,,pan
assignment3_kp2_t1,60.061,1791455953.992349,1740,1791455953.772587,camera_color_optical_frame,1,0.3055,0.0092,0.00283,0.022,1,TRACKING,ok,-18.340,0.000,deg/s,joint_states,-17.930,14.060,-19.240,0.000,0.714,-0.329,-0.184,0.221,-0.035,-24.758,13.180,,pan
assignment3_kp2_t1,60.087,1791455954.017224,1741,1791455953.805941,camera_color_optical_frame,1,0.2929,0.0075,0.00275,0.007,1,TRACKING,ok,-17.595,0.000,deg/s,joint_states,-18.280,13.970,-19.240,0.000,0.712,-0.331,-0.183,0.216,-0.033,-24.954,13.137,,pan
assignment3_kp2_t1,60.100,1791455954.030431,1741,1791455953.805941,camera_color_optical_frame,1,0.2929,0.0075,0.00275,0.020,1,TRACKING,ok,-17.595,0.000,deg/s,joint_states,-18.720,13.970,-19.240,0.000,0.708,-0.328,-0.185,0.199,-0.025,-24.878,13.331,,pan
assignment3_kp2_t1,60.124,1791455954.054768,1742,1791455953.839296,camera_color_optical_frame,1,0.2801,0.0035,0.00283,0.011,1,TRACKING,ok,-16.836,0.000,deg/s,joint_states,-19.070,13.970,-19.240,0.000,0.715,-0.331,-0.183,0.186,-0.036,-24.845,13.099,,pan
assignment3_kp2_t1,60.140,1791455954.070337,1742,1791455953.839296,camera_color_optical_frame,1,0.2801,0.0035,0.00283,0.028,1,TRACKING,ok,-16.836,0.000,deg/s,joint_states,-19.510,13.970,-19.240,0.000,0.714,-0.332,-0.183,0.175,-0.037,-24.945,13.073,,pan
assignment3_kp2_t1,60.162,1791455954.092233,1743,1791455953.872651,camera_color_optical_frame,1,0.2653,0.0018,0.00269,0.017,1,TRACKING,ok,-15.959,0.000,deg/s,joint_states,-19.860,13.970,-19.240,0.000,0.717,-0.331,-0.182,0.160,-0.043,-24.806,12.942,,pan
assignment3_kp2_t1,60.184,1791455954.115207,1744,1791455953.906005,camera_color_optical_frame,1,0.2502,-0.0028,0.00269,0.003,1,TRACKING,ok,-15.062,0.000,deg/s,joint_states,-20.210,13.970,-17.860,0.000,0.692,-0.322,-0.175,0.153,-0.043,-24.950,12.943,,pan
assignment3_kp2_t1,60.200,1791455954.133580,1744,1791455953.906005,camera_color_optical_frame,1,0.2502,-0.0028,0.00269,0.019,1,TRACKING,ok,-15.062,0.000,deg/s,joint_states,-20.570,13.970,-17.860,0.000,0.690,-0.322,-0.175,0.144,-0.045,-25.032,12.914,,pan
assignment3_kp2_t1,60.220,1791455954.149755,1745,1791455953.939359,camera_color_optical_frame,1,0.2346,-0.0044,0.00262,0.005,1,TRACKING,ok,-14.132,0.000,deg/s,joint_states,-20.920,13.970,-17.860,0.000,0.692,-0.329,-0.176,0.146,-0.044,-25.442,12.931,,pan
assignment3_kp2_t1,60.240,1791455954.169968,1745,1791455953.939359,camera_color_optical_frame,1,0.2346,-0.0044,0.00262,0.024,1,TRACKING,ok,-14.132,0.000,deg/s,joint_states,-21.270,13.970,-16.490,0.000,0.690,-0.330,-0.175,0.139,-0.046,-25.571,12.896,,pan
assignment3_kp2_t1,60.260,1791455954.189733,1746,1791455953.972713,camera_color_optical_frame,1,0.2199,-0.0077,0.00268,0.009,1,TRACKING,ok,-13.252,0.000,deg/s,joint_states,-21.620,13.970,-16.490,0.000,0.705,-0.335,-0.184,0.123,-0.030,-25.436,13.256,,pan
assignment3_kp2_t1,60.282,1791455954.217231,1746,1791455953.972713,camera_color_optical_frame,1,0.2199,-0.0077,0.00268,0.030,1,TRACKING,ok,-13.252,0.000,deg/s,joint_states,-21.970,13.970,-16.490,0.000,0.704,-0.337,-0.184,0.115,-0.031,-25.556,13.251,,pan
assignment3_kp2_t1,60.302,1791455954.232518,1747,1791455954.006067,camera_color_optical_frame,1,0.2055,-0.0123,0.00267,0.008,1,TRACKING,ok,-12.396,0.000,deg/s,joint_states,-22.240,13.970,-16.490,0.000,0.732,-0.354,-0.182,0.114,-0.058,-25.775,12.629,,pan
assignment3_kp2_t1,60.327,1791455954.258446,1748,1791455954.039421,camera_color_optical_frame,1,0.1914,-0.0147,0.00270,0.014,0,TRACKING,ok,-11.548,0.000,deg/s,joint_states,-22.500,13.970,-16.490,0.000,0.433,-0.210,-0.118,0.109,-0.007,-25.909,13.796,,pan
assignment3_kp2_t1,60.344,1791455954.276073,1748,1791455954.039421,camera_color_optical_frame,1,0.1914,-0.0147,0.00270,0.030,0,TRACKING,ok,-11.548,0.000,deg/s,joint_states,-22.760,13.970,-15.110,0.000,0.425,-0.207,-0.116,0.104,-0.006,-25.984,13.818,,pan
assignment3_kp2_t1,60.361,1791455954.292523,1749,1791455954.072774,camera_color_optical_frame,1,0.1767,-0.0170,0.00251,0.009,1,TRACKING,ok,-10.666,0.000,deg/s,joint_states,-23.120,13.970,-15.110,0.000,0.705,-0.347,-0.178,0.098,-0.053,-26.169,12.760,,pan
assignment3_kp2_t1,60.380,1791455954.310096,1749,1791455954.072774,camera_color_optical_frame,1,0.1767,-0.0170,0.00251,0.027,1,TRACKING,ok,-10.666,0.000,deg/s,joint_states,-23.380,13.970,-13.740,0.000,0.704,-0.348,-0.178,0.094,-0.054,-26.280,12.735,,pan
assignment3_kp2_t1,60.402,1791455954.332233,1750,1791455954.106128,camera_color_optical_frame,1,0.1640,-0.0201,0.00263,0.016,1,TRACKING,ok,-9.906,0.000,deg/s,joint_states,-23.380,13.970,-13.740,0.000,0.813,-0.381,-0.204,0.055,-0.052,-25.071,12.778,,pan
assignment3_kp2_t1,60.420,1791455954.349606,1750,1791455954.106128,camera_color_optical_frame,1,0.1640,-0.0201,0.00263,0.034,1,TRACKING,ok,-9.906,0.000,deg/s,joint_states,-23.910,13.970,-12.370,0.000,0.821,-0.384,-0.205,0.037,-0.053,-25.070,12.763,,pan
assignment3_kp2_t1,60.441,1791455954.370734,1751,1791455954.139481,camera_color_optical_frame,1,0.1514,-0.0211,0.00256,0.017,1,TRACKING,ok,-9.149,0.000,deg/s,joint_states,-24.080,13.970,-12.370,0.000,0.702,-0.353,-0.177,0.084,-0.056,-26.675,12.692,,pan
assignment3_kp2_t1,60.460,1791455954.391207,1752,1791455954.172835,camera_color_optical_frame,1,0.1384,-0.0211,0.00264,0.008,1,TRACKING,ok,-8.365,0.000,deg/s,joint_states,-24.260,13.970,-10.990,0.000,0.701,-0.353,-0.180,0.079,-0.045,-26.697,12.944,,pan
assignment3_kp2_t1,60.481,1791455954.411259,1752,1791455954.172835,camera_color_optical_frame,1,0.1384,-0.0211,0.00264,0.029,1,TRACKING,ok,-8.365,0.000,deg/s,joint_states,-24.520,13.970,-10.990,0.000,0.701,-0.354,-0.180,0.074,-0.045,-26.813,12.940,,pan
assignment3_kp2_t1,60.500,1791455954.430695,1753,1791455954.206188,camera_color_optical_frame,1,0.1272,-0.0223,0.00261,0.004,1,TRACKING,ok,-7.690,0.000,deg/s,joint_states,-24.700,13.970,-9.620,0.000,0.719,-0.364,-0.185,0.070,-0.047,-26.864,12.893,,pan
assignment3_kp2_t1,60.522,1791455954.454094,1754,1791455954.239542,camera_color_optical_frame,1,0.1194,-0.0204,0.00256,0.007,0,TRACKING,ok,-7.221,0.000,deg/s,joint_states,-24.870,13.970,-9.620,0.000,0.429,-0.218,-0.119,0.067,-0.003,-26.964,13.893,,pan
assignment3_kp2_t1,60.541,1791455954.471500,1754,1791455954.239542,camera_color_optical_frame,1,0.1194,-0.0204,0.00256,0.026,0,TRACKING,ok,-7.221,0.000,deg/s,joint_states,-25.140,13.970,-9.620,0.000,0.421,-0.215,-0.117,0.061,-0.001,-27.040,13.940,,pan
assignment3_kp2_t1,60.568,1791455954.499858,1755,1791455954.272911,camera_color_optical_frame,1,0.1116,-0.0225,0.00253,0.009,1,TRACKING,ok,-6.752,0.000,deg/s,joint_states,-25.220,13.970,-9.620,0.000,0.725,-0.378,-0.187,0.076,-0.047,-27.570,12.904,,pan
assignment3_kp2_t1,60.580,1791455954.511111,1755,1791455954.272911,camera_color_optical_frame,1,0.1116,-0.0225,0.00253,0.021,1,TRACKING,ok,-6.752,0.000,deg/s,joint_states,-25.400,13.970,-8.240,0.000,0.725,-0.380,-0.187,0.072,-0.047,-27.644,12.901,,pan
assignment3_kp2_t1,60.601,1791455954.532273,1756,1791455954.306268,camera_color_optical_frame,1,0.1071,-0.0232,0.00266,0.015,1,TRACKING,ok,-6.479,0.000,deg/s,joint_states,-25.660,13.970,-8.240,0.000,0.809,-0.402,-0.204,0.024,-0.053,-26.417,12.759,,pan
assignment3_kp2_t1,60.621,1791455954.554456,1757,1791455954.339626,camera_color_optical_frame,1,0.1033,-0.0230,0.00261,0.003,1,TRACKING,ok,-6.247,0.000,deg/s,joint_states,-25.750,13.970,-8.240,0.000,0.817,-0.406,-0.206,0.022,-0.054,-26.420,12.745,,pan
assignment3_kp2_t1,60.641,1791455954.571658,1757,1791455954.339626,camera_color_optical_frame,1,0.1033,-0.0230,0.00261,0.022,1,TRACKING,ok,-6.247,0.000,deg/s,joint_states,-25.930,14.060,-6.870,0.000,0.675,-0.372,-0.177,0.095,-0.050,-28.892,12.903,,pan
assignment3_kp2_t1,60.661,1791455954.590679,1757,1791455954.339626,camera_color_optical_frame,1,0.1033,-0.0230,0.00261,0.043,1,TRACKING,ok,-6.247,0.000,deg/s,joint_states,-26.020,13.970,-6.870,0.000,0.672,-0.374,-0.176,0.099,-0.046,-29.087,12.898,,pan
assignment3_kp2_t1,60.682,1791455954.613674,1758,1791455954.372983,camera_color_optical_frame,1,0.1035,-0.0233,0.00260,0.015,1,TRACKING,ok,-6.258,0.000,deg/s,joint_states,-26.020,13.970,-6.870,0.000,0.672,-0.379,-0.177,0.110,-0.045,-29.433,12.919,,pan
assignment3_kp2_t1,60.702,1791455954.635667,1759,1791455954.406340,camera_color_optical_frame,1,0.1049,-0.0272,0.00256,0.005,1,TRACKING,ok,-6.343,0.000,deg/s,joint_states,-26.280,13.970,-5.500,0.000,0.680,-0.391,-0.174,0.117,-0.063,-29.905,12.512,,pan
assignment3_kp2_t1,60.722,1791455954.651748,1759,1791455954.406340,camera_color_optical_frame,1,0.1049,-0.0272,0.00256,0.025,1,TRACKING,ok,-6.343,0.000,deg/s,joint_states,-26.280,13.970,-5.500,0.000,0.678,-0.393,-0.174,0.124,-0.064,-30.123,12.481,,pan
assignment3_kp2_t1,60.740,1791455954.670445,1760,1791455954.439697,camera_color_optical_frame,1,0.1090,-0.0248,0.00265,0.011,0,TRACKING,ok,-6.591,0.000,deg/s,joint_states,-26.540,13.970,-5.500,0.000,0.411,-0.235,-0.116,0.104,-0.008,-29.786,13.773,,pan
assignment3_kp2_t1,60.762,1791455954.695605,1761,1791455954.473055,camera_color_optical_frame,1,0.1149,-0.0239,0.00266,0.016,1,TRACKING,ok,-6.947,0.000,deg/s,joint_states,-26.720,13.970,-5.500,0.000,0.704,-0.426,-0.192,0.143,-0.036,-31.162,13.124,,pan
assignment3_kp2_t1,60.789,1791455954.719885,1762,1791455954.506412,camera_color_optical_frame,1,0.1211,-0.0260,0.00264,0.008,1,TRACKING,ok,-7.323,0.000,deg/s,joint_states,-26.810,13.970,-5.500,0.000,0.709,-0.438,-0.191,0.157,-0.046,-31.684,12.891,,pan
assignment3_kp2_t1,60.800,1791455954.730699,1762,1791455954.506412,camera_color_optical_frame,1,0.1211,-0.0260,0.00264,0.020,1,TRACKING,ok,-7.323,0.000,deg/s,joint_states,-26.810,13.970,-5.500,0.000,0.710,-0.441,-0.191,0.162,-0.045,-31.833,12.891,,pan
assignment3_kp2_t1,60.823,1791455954.752126,1763,1791455954.539769,camera_color_optical_frame,1,0.1298,-0.0282,0.00275,0.003,1,TRACKING,ok,-7.845,0.000,deg/s,joint_states,-27.070,13.970,-5.500,0.000,0.685,-0.438,-0.181,0.179,-0.060,-32.599,12.560,,pan
assignment3_kp2_t1,60.840,1791455954.770725,1763,1791455954.539769,camera_color_optical_frame,1,0.1298,-0.0282,0.00275,0.021,1,TRACKING,ok,-7.845,0.000,deg/s,joint_states,-27.250,13.970,-5.500,0.000,0.684,-0.442,-0.181,0.182,-0.061,-32.864,12.535,,pan
assignment3_kp2_t1,60.862,1791455954.793907,1764,1791455954.573127,camera_color_optical_frame,1,0.1382,-0.0285,0.00280,0.005,1,TRACKING,ok,-8.355,0.000,deg/s,joint_states,-27.420,13.970,-5.500,0.000,0.640,-0.421,-0.171,0.191,-0.059,-33.320,12.577,,pan
assignment3_kp2_t1,60.882,1791455954.812706,1764,1791455954.573127,camera_color_optical_frame,1,0.1382,-0.0285,0.00280,0.024,1,TRACKING,ok,-8.355,0.000,deg/s,joint_states,-27.600,13.970,-5.500,0.000,0.635,-0.423,-0.170,0.196,-0.060,-33.643,12.552,,pan
assignment3_kp2_t1,60.901,1791455954.831585,1765,1791455954.606484,camera_color_optical_frame,1,0.1451,-0.0295,0.00273,0.010,1,TRACKING,ok,-8.770,0.000,deg/s,joint_states,-27.690,13.970,-6.870,0.000,0.664,-0.439,-0.177,0.186,-0.059,-33.450,12.571,,pan
assignment3_kp2_t1,60.922,1791455954.853043,1765,1791455954.606484,camera_color_optical_frame,1,0.1451,-0.0295,0.00273,0.031,1,TRACKING,ok,-8.770,0.000,deg/s,joint_states,-27.860,13.970,-6.870,0.000,0.662,-0.442,-0.177,0.190,-0.060,-33.738,12.550,,pan
assignment3_kp2_t1,60.941,1791455954.875514,1766,1791455954.639841,camera_color_optical_frame,1,0.1527,-0.0294,0.00273,0.010,1,TRACKING,ok,-9.223,0.000,deg/s,joint_states,-27.860,13.970,-6.870,0.000,0.683,-0.451,-0.184,0.181,-0.055,-33.452,12.663,,pan
assignment3_kp2_t1,60.961,1791455954.891233,1766,1791455954.639841,camera_color_optical_frame,1,0.1527,-0.0294,0.00273,0.031,1,TRACKING,ok,-9.223,0.000,deg/s,joint_states,-28.210,13.970,-8.240,0.000,0.683,-0.455,-0.184,0.177,-0.056,-33.690,12.651,,pan
assignment3_kp2_t1,60.982,1791455954.912486,1767,1791455954.673199,camera_color_optical_frame,1,0.1581,-0.0306,0.00270,0.016,0,TRACKING,ok,-9.552,0.000,deg/s,joint_states,-28.390,14.060,-8.240,0.000,0.395,-0.255,-0.114,0.142,-0.017,-32.815,13.635,,pan
assignment3_kp2_t1,61.000,1791455954.930174,1767,1791455954.673199,camera_color_optical_frame,1,0.1581,-0.0306,0.00270,0.034,0,TRACKING,ok,-9.552,0.000,deg/s,joint_states,-28.560,13.970,-8.240,0.000,0.388,-0.251,-0.112,0.141,-0.011,-32.931,13.674,,pan
assignment3_kp2_t1,61.022,1791455954.953057,1768,1791455954.706556,camera_color_optical_frame,1,0.1632,-0.0286,0.00269,0.017,1,TRACKING,ok,-9.857,0.000,deg/s,joint_states,-28.740,13.970,-8.240,0.000,0.679,-0.468,-0.188,0.188,-0.048,-34.545,12.815,,pan
assignment3_kp2_t1,61.041,1791455954.970774,1769,1791455954.773270,camera_color_optical_frame,1,0.1692,-0.0336,0.00271,0.004,1,TRACKING,ok,-10.219,0.000,deg/s,joint_states,-28.920,13.970,-8.240,0.000,0.679,-0.471,-0.188,0.189,-0.048,-34.774,12.815,,pan
assignment3_kp2_t1,61.061,1791455954.994950,1769,1791455954.773270,camera_color_optical_frame,1,0.1692,-0.0336,0.00271,0.024,1,TRACKING,ok,-10.219,0.000,deg/s,joint_states,-28.920,13.970,-8.240,0.000,0.663,-0.454,-0.175,0.178,-0.072,-34.425,12.291,,pan
assignment3_kp2_t1,61.086,1791455955.017236,1770,1791455954.806628,camera_color_optical_frame,1,0.1692,-0.0320,0.00271,0.007,1,TRACKING,ok,-10.215,0.000,deg/s,joint_states,-29.270,13.970,-8.240,0.000,0.680,-0.433,-0.182,0.103,-0.055,-32.469,12.715,,pan
assignment3_kp2_t1,61.101,1791455955.031751,1770,1791455954.806628,camera_color_optical_frame,1,0.1692,-0.0320,0.00271,0.022,1,TRACKING,ok,-10.215,0.000,deg/s,joint_states,-29.440,13.970,-8.240,0.000,0.680,-0.433,-0.182,0.098,-0.055,-32.469,12.715,,pan
assignment3_kp2_t1,61.125,1791455955.056935,1771,1791455954.839985,camera_color_optical_frame,1,0.1690,-0.0322,0.00268,0.014,1,TRACKING,ok,-10.203,0.000,deg/s,joint_states,-29.620,13.970,-8.240,0.000,0.660,-0.451,-0.183,0.151,-0.045,-34.308,12.909,,pan
assignment3_kp2_t1,61.141,1791455955.070533,1771,1791455954.839985,camera_color_optical_frame,1,0.1690,-0.0322,0.00268,0.030,1,TRACKING,ok,-10.203,0.000,deg/s,joint_states,-29.880,13.970,-8.240,0.000,0.659,-0.452,-0.183,0.147,-0.045,-34.421,12.921,,pan
assignment3_kp2_t1,61.161,1791455955.090591,1771,1791455954.839985,camera_color_optical_frame,1,0.1690,-0.0322,0.00268,0.050,1,TRACKING,ok,-10.203,0.000,deg/s,joint_states,-30.060,13.970,-8.240,0.000,0.658,-0.453,-0.183,0.146,-0.044,-34.572,12.937,,pan
assignment3_kp2_t1,61.183,1791455955.114239,1772,1791455954.873342,camera_color_optical_frame,1,0.1687,-0.0341,0.00270,0.020,1,TRACKING,ok,-10.189,0.000,deg/s,joint_states,-30.150,13.970,-8.240,0.000,0.654,-0.457,-0.177,0.154,-0.063,-34.928,12.493,,pan
assignment3_kp2_t1,61.205,1791455955.136412,1773,1791455954.906699,camera_color_optical_frame,1,0.1688,-0.0336,0.00270,0.004,1,TRACKING,ok,-10.191,0.000,deg/s,joint_states,-30.320,13.970,-8.240,0.000,0.656,-0.464,-0.180,0.159,-0.057,-35.243,12.637,,pan
assignment3_kp2_t1,61.226,1791455955.158704,1773,1791455954.906699,camera_color_optical_frame,1,0.1688,-0.0336,0.00270,0.025,1,TRACKING,ok,-10.191,0.000,deg/s,joint_states,-30.500,13.970,-8.240,0.000,0.655,-0.466,-0.180,0.159,-0.057,-35.420,12.629,,pan
assignment3_kp2_t1,61.242,1791455955.174745,1774,1791455954.973414,camera_color_optical_frame,1,0.1685,-0.0309,0.00269,0.006,0,TRACKING,ok,-10.176,0.000,deg/s,joint_states,-30.760,13.970,-9.620,0.000,0.400,-0.283,-0.119,0.145,-0.014,-35.252,13.608,,pan
assignment3_kp2_t1,61.263,1791455955.196117,1774,1791455954.973414,camera_color_optical_frame,1,0.1685,-0.0309,0.00269,0.027,0,TRACKING,ok,-10.176,0.000,deg/s,joint_states,-31.030,14.060,-9.620,0.000,0.392,-0.278,-0.117,0.140,-0.016,-35.373,13.657,,pan
assignment3_kp2_t1,61.283,1791455955.217955,1775,1791455955.006771,camera_color_optical_frame,1,0.1683,-0.0287,0.00268,0.012,1,TRACKING,ok,-10.164,0.000,deg/s,joint_states,-31.110,13.970,-9.620,0.000,0.661,-0.448,-0.181,0.098,-0.051,-34.145,12.788,,pan
assignment3_kp2_t1,61.308,1791455955.243772,1776,1791455955.040128,camera_color_optical_frame,1,0.1682,-0.0280,0.00273,0.008,1,TRACKING,ok,-10.155,0.000,deg/s,joint_states,-31.380,13.970,-9.620,0.000,0.737,-0.507,-0.201,0.102,-0.056,-34.538,12.682,,pan
assignment3_kp2_t1,61.328,1791455955.259543,1776,1791455955.040128,camera_color_optical_frame,1,0.1682,-0.0280,0.00273,0.028,1,TRACKING,ok,-10.155,0.000,deg/s,joint_states,-31.550,13.970,-9.620,0.000,0.745,-0.513,-0.203,0.097,-0.057,-34.543,12.671,,pan
assignment3_kp2_t1,61.341,1791455955.271574,1777,1791455955.073485,camera_color_optical_frame,1,0.1689,-0.0261,0.00273,0.004,1,TRACKING,ok,-10.198,0.000,deg/s,joint_states,-31.730,13.970,-9.620,0.000,0.622,-0.469,-0.180,0.171,-0.040,-37.020,13.017,,pan
assignment3_kp2_t1,61.360,1791455955.296887,1777,1791455955.073485,camera_color_optical_frame,1,0.1689,-0.0261,0.00273,0.023,1,TRACKING,ok,-10.198,0.000,deg/s,joint_states,-31.730,13.970,-9.620,0.000,0.619,-0.471,-0.180,0.178,-0.039,-37.232,13.033,,pan
assignment3_kp2_t1,61.382,1791455955.315190,1778,1791455955.106843,camera_color_optical_frame,1,0.1695,-0.0228,0.00274,0.007,1,TRACKING,ok,-10.232,0.000,deg/s,joint_states,-32.080,13.970,-9.620,0.000,0.621,-0.468,-0.184,0.158,-0.028,-36.972,13.284,,pan
assignment3_kp2_t1,61.405,1791455955.336182,1779,1791455955.140200,camera_color_optical_frame,1,0.1703,-0.0215,0.00277,0.007,1,TRACKING,ok,-10.281,0.000,deg/s,joint_states,-32.340,13.970,-9.620,0.000,0.625,-0.477,-0.185,0.161,-0.030,-37.321,13.230,,pan
assignment3_kp2_t1,61.421,1791455955.350728,1779,1791455955.140200,camera_color_optical_frame,1,0.1703,-0.0215,0.00277,0.023,1,TRACKING,ok,-10.281,0.000,deg/s,joint_states,-32.520,13.970,-8.240,0.000,0.623,-0.478,-0.185,0.160,-0.030,-37.476,13.253,,pan
assignment3_kp2_t1,61.440,1791455955.371485,1780,1791455955.173553,camera_color_optical_frame,1,0.1712,-0.0179,0.00273,0.008,1,TRACKING,ok,-10.336,0.000,deg/s,joint_states,-32.700,13.970,-8.240,0.000,0.622,-0.490,-0.192,0.179,-0.011,-38.253,13.655,,pan
assignment3_kp2_t1,61.461,1791455955.391772,1780,1791455955.173553,camera_color_optical_frame,1,0.1712,-0.0179,0.00273,0.029,1,TRACKING,ok,-10.336,0.000,deg/s,joint_states,-32.870,13.970,-8.240,0.000,0.620,-0.493,-0.193,0.182,-0.009,-38.509,13.712,,pan
assignment3_kp2_t1,61.486,1791455955.416427,1781,1791455955.206907,camera_color_optical_frame,1,0.1720,-0.0145,0.00275,0.009,1,TRACKING,ok,-10.384,0.000,deg/s,joint_states,-33.050,13.970,-8.240,0.000,0.611,-0.486,-0.189,0.176,-0.015,-38.511,13.580,,pan
assignment3_kp2_t1,61.502,1791455955.432531,1781,1791455955.206907,camera_color_optical_frame,1,0.1720,-0.0145,0.00275,0.025,1,TRACKING,ok,-10.384,0.000,deg/s,joint_states,-33.220,13.970,-8.240,0.000,0.609,-0.488,-0.189,0.176,-0.013,-38.690,13.616,,pan
assignment3_kp2_t1,61.529,1791455955.464380,1782,1791455955.240260,camera_color_optical_frame,1,0.1731,-0.0112,0.00275,0.011,1,TRACKING,ok,-10.451,0.000,deg/s,joint_states,-33.400,13.970,-8.240,0.000,0.609,-0.488,-0.186,0.172,-0.023,-38.736,13.397,,pan
assignment3_kp2_t1,61.545,1791455955.483377,1782,1791455955.240260,camera_color_optical_frame,1,0.1731,-0.0112,0.00275,0.026,1,TRACKING,ok,-10.451,0.000,deg/s,joint_states,-33.400,13.970,-8.240,0.000,0.607,-0.489,-0.186,0.177,-0.022,-38.896,13.412,,pan
assignment3_kp2_t1,61.563,1791455955.493506,1783,1791455955.273632,camera_color_optical_frame,1,0.1752,-0.0074,0.00279,0.004,1,TRACKING,ok,-10.576,0.000,deg/s,joint_states,-33.660,13.970,-9.620,0.000,0.608,-0.498,-0.193,0.181,-0.006,-39.297,13.774,,pan
assignment3_kp2_t1,61.583,1791455955.515533,1783,1791455955.273632,camera_color_optical_frame,1,0.1752,-0.0074,0.00279,0.024,1,TRACKING,ok,-10.576,0.000,deg/s,joint_states,-34.100,13.970,-9.620,0.000,0.606,-0.500,-0.193,0.174,-0.004,-39.520,13.820,,pan
assignment3_kp2_t1,61.601,1791455955.533209,1784,1791455955.306992,camera_color_optical_frame,1,0.1786,-0.0032,0.00276,0.012,1,TRACKING,ok,-10.779,0.000,deg/s,joint_states,-34.280,13.970,-9.620,0.000,0.587,-0.494,-0.191,0.187,0.002,-40.082,13.950,,pan
assignment3_kp2_t1,61.629,1791455955.561520,1785,1791455955.340352,camera_color_optical_frame,1,0.1806,0.0006,0.00278,0.011,1,TRACKING,ok,-10.904,0.000,deg/s,joint_states,-34.450,14.060,-9.620,0.000,0.588,-0.502,-0.193,0.193,0.001,-40.454,14.010,,pan
assignment3_kp2_t1,61.640,1791455955.571105,1785,1791455955.340352,camera_color_optical_frame,1,0.1806,0.0006,0.00278,0.022,1,TRACKING,ok,-10.904,0.000,deg/s,joint_states,-34.450,14.060,-9.620,0.000,0.587,-0.503,-0.193,0.197,0.002,-40.588,14.037,,pan
assignment3_kp2_t1,61.666,1791455955.598233,1786,1791455955.373713,camera_color_optical_frame,1,0.1846,0.0033,0.00279,0.014,1,TRACKING,ok,-11.143,0.000,deg/s,joint_states,-34.720,14.060,-9.620,0.000,0.597,-0.515,-0.196,0.196,-0.001,-40.817,13.956,,pan
assignment3_kp2_t1,61.683,1791455955.617109,1787,1791455955.407073,camera_color_optical_frame,1,0.1893,0.0071,0.00279,0.003,1,TRACKING,ok,-11.424,0.000,deg/s,joint_states,-35.070,13.970,-9.620,0.000,0.595,-0.518,-0.197,0.191,0.004,-41.018,13.989,,pan
assignment3_kp2_t1,61.704,1791455955.634015,1787,1791455955.407073,camera_color_optical_frame,1,0.1893,0.0071,0.00279,0.024,0,TRACKING,ok,-11.424,0.000,deg/s,joint_states,-35.070,13.970,-9.620,0.000,0.361,-0.309,-0.125,0.177,0.034,-40.592,14.681,,pan
assignment3_kp2_t1,61.724,1791455955.655607,1788,1791455955.440434,camera_color_optical_frame,1,0.1923,0.0099,0.00277,0.014,1,TRACKING,ok,-11.602,0.000,deg/s,joint_states,-35.510,13.970,-9.620,0.000,0.592,-0.528,-0.199,0.200,0.008,-41.722,14.077,,pan
assignment3_kp2_t1,61.742,1791455955.672849,1788,1791455955.440434,camera_color_optical_frame,1,0.1923,0.0099,0.00277,0.033,1,TRACKING,ok,-11.602,0.000,deg/s,joint_states,-35.680,14.060,-9.620,0.000,0.591,-0.531,-0.200,0.202,0.006,-41.955,14.112,,pan
assignment3_kp2_t1,61.760,1791455955.692134,1789,1791455955.473794,camera_color_optical_frame,1,0.1940,0.0105,0.00280,0.015,1,TRACKING,ok,-11.704,0.000,deg/s,joint_states,-35.950,14.060,-9.620,0.000,0.686,-0.567,-0.214,0.117,-0.023,-39.574,13.523,,pan
assignment3_kp2_t1,61.787,1791455955.718053,1790,1791455955.507155,camera_color_optical_frame,1,0.1955,0.0100,0.00283,0.017,1,TRACKING,ok,-11.793,0.000,deg/s,joint_states,-36.120,13.970,-9.620,0.000,0.572,-0.525,-0.188,0.206,-0.011,-42.513,13.631,,pan
assignment3_kp2_t1,61.800,1791455955.730119,1790,1791455955.507155,camera_color_optical_frame,1,0.1955,0.0100,0.00283,0.029,1,TRACKING,ok,-11.793,0.000,deg/s,joint_states,-36.300,14.060,-9.620,0.000,0.570,-0.526,-0.188,0.206,-0.015,-42.678,13.629,,pan
assignment3_kp2_t1,61.822,1791455955.752556,1791,1791455955.540516,camera_color_optical_frame,1,0.1949,0.0099,0.00279,0.017,1,TRACKING,ok,-11.759,0.000,deg/s,joint_states,-36.560,13.970,-9.620,0.000,0.578,-0.530,-0.194,0.191,0.000,-42.483,13.906,,pan
assignment3_kp2_t1,61.849,1791455955.780665,1792,1791455955.573877,camera_color_optical_frame,1,0.1930,0.0095,0.00275,0.009,1,TRACKING,ok,-11.645,0.000,deg/s,joint_states,-36.740,13.970,-9.620,0.000,0.575,-0.533,-0.194,0.195,0.001,-42.788,13.927,,pan
assignment3_kp2_t1,61.862,1791455955.795742,1792,1791455955.573877,camera_color_optical_frame,1,0.1930,0.0095,0.00275,0.023,1,TRACKING,ok,-11.645,0.000,deg/s,joint_states,-37.000,13.970,-9.620,0.000,0.585,-0.534,-0.192,0.174,-0.014,-42.406,13.593,,pan
assignment3_kp2_t1,61.882,1791455955.816637,1793,1791455955.607239,camera_color_optical_frame,1,0.1889,0.0070,0.00278,0.008,1,TRACKING,ok,-11.399,0.000,deg/s,joint_states,-37.000,13.970,-9.620,0.000,0.595,-0.539,-0.187,0.166,-0.035,-42.159,13.124,,pan
assignment3_kp2_t1,61.903,1791455955.836329,1793,1791455955.607239,camera_color_optical_frame,1,0.1889,0.0070,0.00278,0.029,1,TRACKING,ok,-11.399,0.000,deg/s,joint_states,-37.530,14.060,-10.990,0.000,0.595,-0.541,-0.187,0.154,-0.041,-42.310,13.077,,pan
assignment3_kp2_t1,61.925,1791455955.855499,1794,1791455955.640600,camera_color_optical_frame,1,0.1823,0.0043,0.00273,0.005,1,TRACKING,ok,-11.006,0.000,deg/s,joint_states,-37.530,14.060,-10.990,0.000,0.597,-0.535,-0.189,0.140,-0.032,-41.863,13.294,,pan
assignment3_kp2_t1,61.944,1791455955.877677,1794,1791455955.640600,camera_color_optical_frame,1,0.1823,0.0043,0.00273,0.024,1,TRACKING,ok,-11.006,0.000,deg/s,joint_states,-38.060,13.970,-12.370,0.000,0.597,-0.537,-0.189,0.125,-0.029,-41.956,13.271,,pan
assignment3_kp2_t1,61.961,1791455955.891736,1795,1791455955.673961,camera_color_optical_frame,1,0.1738,0.0025,0.00273,0.008,1,TRACKING,ok,-10.495,0.000,deg/s,joint_states,-38.230,13.970,-12.370,0.000,0.589,-0.523,-0.190,0.109,-0.017,-41.633,13.570,,pan
assignment3_kp2_t1,61.983,1791455955.918002,1795,1791455955.673961,camera_color_optical_frame,1,0.1738,0.0025,0.00273,0.030,1,TRACKING,ok,-10.495,0.000,deg/s,joint_states,-38.500,13.970,-10.990,0.000,0.588,-0.524,-0.190,0.103,-0.017,-41.710,13.569,,pan
assignment3_kp2_t1,62.000,1791455955.930273,1796,1791455955.707323,camera_color_optical_frame,1,0.1636,-0.0008,0.00272,0.009,1,TRACKING,ok,-9.881,0.000,deg/s,joint_states,-38.670,13.970,-10.990,0.000,0.599,-0.525,-0.187,0.082,-0.031,-41.221,13.246,,pan
assignment3_kp2_t1,62.020,1791455955.953675,1797,1791455955.740685,camera_color_optical_frame,1,0.1494,-0.0032,0.00264,0.014,1,TRACKING,ok,-9.028,0.000,deg/s,joint_states,-38.940,13.970,-10.990,0.000,0.604,-0.520,-0.180,0.057,-0.054,-40.707,12.746,,pan
assignment3_kp2_t1,62.042,1791455955.974105,1797,1791455955.740685,camera_color_optical_frame,1,0.1494,-0.0032,0.00264,0.037,1,TRACKING,ok,-9.028,0.000,deg/s,joint_states,-39.110,13.970,-9.620,0.000,0.605,-0.520,-0.179,0.051,-0.057,-40.694,12.679,,pan
assignment3_kp2_t1,62.062,1791455955.995193,1798,1791455955.774047,camera_color_optical_frame,1,0.1326,-0.0049,0.00260,0.013,1,TRACKING,ok,-8.014,0.000,deg/s,joint_states,-39.290,14.060,-9.620,0.000,0.602,-0.504,-0.180,0.021,-0.051,-39.931,12.895,,pan
assignment3_kp2_t1,62.082,1791455956.014226,1798,1791455955.774047,camera_color_optical_frame,1,0.1326,-0.0049,0.00260,0.034,1,TRACKING,ok,-8.014,0.000,deg/s,joint_states,-39.460,13.970,-9.620,0.000,0.602,-0.503,-0.179,0.013,-0.049,-39.861,12.853,,pan
assignment3_kp2_t1,62.102,1791455956.034064,1799,1791455955.807409,camera_color_optical_frame,1,0.1139,-0.0101,0.00262,0.010,1,TRACKING,ok,-6.888,0.000,deg/s,joint_states,-39.460,13.970,-9.620,0.000,0.624,-0.516,-0.187,0.005,-0.042,-39.608,13.008,,pan
assignment3_kp2_t1,62.128,1791455956.064948,1800,1791455955.840771,camera_color_optical_frame,1,0.0939,-0.0153,0.00259,0.009,1,TRACKING,ok,-5.679,0.000,deg/s,joint_states,-39.900,13.970,-9.620,0.000,0.608,-0.498,-0.173,-0.018,-0.069,-39.329,12.397,,pan
assignment3_kp2_t1,62.142,1791455956.073721,1800,1791455955.840771,camera_color_optical_frame,1,0.0939,-0.0153,0.00259,0.023,1,TRACKING,ok,-5.679,0.000,deg/s,joint_states,-39.900,13.970,-9.620,0.000,0.608,-0.497,-0.172,-0.021,-0.071,-39.263,12.351,,pan
assignment3_kp2_t1,62.164,1791455956.094533,1801,1791455955.874133,camera_color_optical_frame,1,0.0710,-0.0174,0.00257,0.006,1,TRACKING,ok,-4.295,0.000,deg/s,joint_states,-40.250,13.970,-9.620,0.000,0.613,-0.481,-0.171,-0.069,-0.070,-38.116,12.378,,pan
assignment3_kp2_t1,62.185,1791455956.115992,1801,1791455955.874133,camera_color_optical_frame,1,0.0710,-0.0174,0.00257,0.027,1,TRACKING,ok,-4.295,0.000,deg/s,joint_states,-40.520,13.970,-9.620,0.000,0.614,-0.478,-0.170,-0.084,-0.073,-37.927,12.307,,pan
assignment3_kp2_t1,62.202,1791455956.133300,1802,1791455955.907496,camera_color_optical_frame,1,0.0455,-0.0224,0.00252,0.013,1,TRACKING,ok,-2.756,0.000,deg/s,joint_states,-40.690,13.970,-9.620,0.000,0.630,-0.476,-0.174,-0.116,-0.066,-37.088,12.452,,pan
assignment3_kp2_t1,62.225,1791455956.155652,1803,1791455955.940859,camera_color_optical_frame,1,0.0183,-0.0273,0.00252,0.016,0,TRACKING,ok,0.000,0.000,deg/s,joint_states,-40.690,13.970,-9.620,0.000,0.374,-0.302,-0.116,-0.057,-0.019,-38.914,13.535,,pan
assignment3_kp2_t1,62.242,1791455956.174004,1804,1791455955.974221,camera_color_optical_frame,1,-0.0112,-0.0317,0.00256,0.002,0,TRACKING,ok,0.000,0.000,deg/s,joint_states,-40.870,13.970,-6.870,0.000,0.367,-0.296,-0.114,-0.065,-0.018,-38.848,13.553,,pan
assignment3_kp2_t1,62.261,1791455956.192413,1804,1791455955.974221,camera_color_optical_frame,1,-0.0112,-0.0317,0.00256,0.022,1,TRACKING,ok,0.000,0.000,deg/s,joint_states,-40.870,13.970,-6.870,0.000,0.639,-0.446,-0.172,-0.193,-0.066,-34.923,12.408,,pan
assignment3_kp2_t1,62.285,1791455956.219658,1805,1791455956.007584,camera_color_optical_frame,1,-0.0385,-0.0354,0.00255,0.009,1,TRACKING,ok,2.328,0.000,deg/s,joint_states,-41.040,13.970,-5.500,0.000,0.705,-0.541,-0.196,-0.114,-0.066,-37.498,12.455,,pan
assignment3_kp2_t1,62.300,1791455956.230144,1805,1791455956.007584,camera_color_optical_frame,1,-0.0385,-0.0354,0.00255,0.024,1,TRACKING,ok,2.328,0.000,deg/s,joint_states,-41.130,13.970,-4.120,0.000,0.711,-0.545,-0.198,-0.118,-0.066,-37.465,12.441,,pan
assignment3_kp2_t1,62.320,1791455956.250768,1806,1791455956.040947,camera_color_optical_frame,1,-0.0661,-0.0374,0.00252,0.014,1,TRACKING,ok,4.003,0.000,deg/s,joint_states,-41.130,13.970,-2.750,0.000,0.655,-0.447,-0.167,-0.221,-0.087,-34.318,11.905,,pan
assignment3_kp2_t1,62.340,1791455956.270249,1806,1791455956.040947,camera_color_optical_frame,1,-0.0661,-0.0374,0.00252,0.033,1,TRACKING,ok,4.003,0.000,deg/s,joint_states,-41.130,13.970,-2.750,0.000,0.658,-0.444,-0.166,-0.231,-0.090,-34.022,11.836,,pan
assignment3_kp2_t1,62.366,1791455956.298373,1807,1791455956.074311,camera_color_optical_frame,1,-0.0942,-0.0446,0.00258,0.011,1,TRACKING,ok,5.698,0.000,deg/s,joint_states,-41.130,13.970,0.000,0.000,0.652,-0.428,-0.161,-0.256,-0.097,-33.281,11.670,,pan
assignment3_kp2_t1,62.380,1791455956.311021,1807,1791455956.074311,camera_color_optical_frame,1,-0.0942,-0.0446,0.00258,0.025,1,TRACKING,ok,5.698,0.000,deg/s,joint_states,-41.130,13.970,0.000,0.000,0.654,-0.426,-0.160,-0.263,-0.099,-33.048,11.618,,pan
assignment3_kp2_t1,62.400,1791455956.333521,1808,1791455956.107674,camera_color_optical_frame,1,-0.1228,-0.0502,0.00257,0.015,1,TRACKING,ok,7.423,-2.846,deg/s,joint_states,-41.130,13.970,0.000,0.000,0.654,-0.422,-0.155,-0.270,-0.116,-32.859,11.236,,pan
assignment3_kp2_t1,62.422,1791455956.351676,1808,1791455956.107674,camera_color_optical_frame,1,-0.1228,-0.0502,0.00257,0.037,1,TRACKING,ok,7.423,-2.846,deg/s,joint_states,-41.130,13.970,0.000,0.000,0.656,-0.418,-0.153,-0.282,-0.120,-32.500,11.124,,pan
assignment3_kp2_t1,62.440,1791455956.370024,1809,1791455956.141037,camera_color_optical_frame,1,-0.1488,-0.0582,0.00264,0.013,1,TRACKING,ok,8.989,-3.301,deg/s,joint_states,-40.870,14.060,1.370,0.000,0.668,-0.416,-0.152,-0.292,-0.132,-31.948,10.938,,pan
assignment3_kp2_t1,62.461,1791455956.391628,1809,1791455956.141037,camera_color_optical_frame,1,-0.1488,-0.0582,0.00264,0.034,1,TRACKING,ok,8.989,-3.301,deg/s,joint_states,-40.870,14.060,1.370,0.000,0.671,-0.413,-0.151,-0.304,-0.136,-31.599,10.828,,pan
assignment3_kp2_t1,62.489,1791455956.420514,1810,1791455956.174401,camera_color_optical_frame,1,-0.1736,-0.0637,0.00261,0.017,1,TRACKING,ok,10.481,-3.610,deg/s,joint_states,-40.610,13.970,5.500,0.000,0.681,-0.405,-0.150,-0.324,-0.136,-30.736,10.725,,pan
assignment3_kp2_t1,62.501,1791455956.432492,1811,1791455956.207756,camera_color_optical_frame,1,-0.1988,-0.0696,0.00275,0.005,0,TRACKING,ok,11.992,-3.945,deg/s,joint_states,-40.520,13.970,5.500,0.000,0.398,-0.270,-0.107,-0.205,-0.061,-34.203,12.507,,pan
assignment3_kp2_t1,62.523,1791455956.455528,1811,1791455956.207756,camera_color_optical_frame,1,-0.1988,-0.0696,0.00275,0.027,0,TRACKING,ok,11.992,-3.945,deg/s,joint_states,-40.340,13.970,5.500,0.000,0.389,-0.264,-0.105,-0.202,-0.060,-34.110,12.530,,pan
assignment3_kp2_t1,62.541,1791455956.473320,1812,1791455956.241112,camera_color_optical_frame,1,-0.2211,-0.0719,0.00268,0.011,1,TRACKING,ok,13.324,-4.078,deg/s,joint_states,-40.250,13.970,5.500,0.000,0.681,-0.387,-0.151,-0.349,-0.128,-29.615,10.892,,pan
assignment3_kp2_t1,62.563,1791455956.492862,1812,1791455956.241112,camera_color_optical_frame,1,-0.2211,-0.0719,0.00268,0.033,1,TRACKING,ok,13.324,-4.078,deg/s,joint_states,-40.080,13.890,6.870,0.000,0.684,-0.382,-0.150,-0.357,-0.128,-29.202,10.805,,pan
assignment3_kp2_t1,62.583,1791455956.513384,1813,1791455956.274485,camera_color_optical_frame,1,-0.2443,-0.0750,0.00268,0.018,1,TRACKING,ok,14.711,-4.250,deg/s,joint_states,-39.900,13.890,6.870,0.000,0.755,-0.481,-0.181,-0.241,-0.105,-32.510,11.409,,pan
assignment3_kp2_t1,62.602,1791455956.533263,1814,1791455956.307847,camera_color_optical_frame,1,-0.2695,-0.0786,0.00278,0.003,1,TRACKING,ok,16.208,-4.459,deg/s,joint_states,-39.640,13.710,8.240,-1.370,0.663,-0.343,-0.143,-0.405,-0.116,-27.348,10.842,,pan
assignment3_kp2_t1,62.623,1791455956.554544,1814,1791455956.307847,camera_color_optical_frame,1,-0.2695,-0.0786,0.00278,0.025,1,TRACKING,ok,16.208,-4.459,deg/s,joint_states,-39.380,13.620,9.620,-4.120,0.664,-0.336,-0.141,-0.414,-0.115,-26.834,10.764,,pan
assignment3_kp2_t1,62.640,1791455956.571845,1815,1791455956.341209,camera_color_optical_frame,1,-0.2907,-0.0760,0.00292,0.007,1,TRACKING,ok,17.466,-4.307,deg/s,joint_states,-39.200,13.540,9.620,-4.120,0.675,-0.332,-0.152,-0.428,-0.079,-26.203,11.448,,pan
assignment3_kp2_t1,62.667,1791455956.604105,1815,1791455956.341209,camera_color_optical_frame,1,-0.2907,-0.0760,0.00292,0.034,1,TRACKING,ok,17.466,-4.307,deg/s,joint_states,-38.850,13.450,10.990,-4.120,0.678,-0.324,-0.152,-0.439,-0.076,-25.540,11.418,,pan
assignment3_kp2_t1,62.687,1791455956.617375,1816,1791455956.374571,camera_color_optical_frame,1,-0.3106,-0.0763,0.00314,0.007,1,TRACKING,ok,18.638,-4.324,deg/s,joint_states,-38.850,13.450,10.990,-4.120,0.696,-0.325,-0.157,-0.455,-0.069,-25.052,11.558,,pan
assignment3_kp2_t1,62.701,1791455956.631943,1817,1791455956.407933,camera_color_optical_frame,1,-0.3292,-0.0764,0.00308,0.005,1,TRACKING,ok,19.731,-4.332,deg/s,joint_states,-38.230,13.270,12.370,-2.750,0.697,-0.322,-0.152,-0.443,-0.076,-24.786,11.234,,pan
assignment3_kp2_t1,62.723,1791455956.656682,1818,1791455956.441296,camera_color_optical_frame,1,-0.3485,-0.0750,0.00327,0.006,0,TRACKING,ok,20.866,-4.254,deg/s,joint_states,-37.970,13.180,13.740,-2.750,0.438,-0.231,-0.109,-0.332,-0.024,-27.789,12.437,,pan
assignment3_kp2_t1,62.740,1791455956.669399,1819,1791455956.474658,camera_color_optical_frame,1,-0.3645,-0.0750,0.00340,0.003,0,TRACKING,ok,21.799,-4.254,deg/s,joint_states,-37.620,13.180,15.110,-2.750,0.431,-0.226,-0.108,-0.326,-0.023,-27.613,12.471,,pan
assignment3_kp2_t1,62.760,1791455956.689030,1819,1791455956.474658,camera_color_optical_frame,1,-0.3645,-0.0750,0.00340,0.023,1,TRACKING,ok,21.799,-4.254,deg/s,joint_states,-37.270,13.100,15.110,-2.750,0.689,-0.302,-0.148,-0.450,-0.072,-23.652,11.163,,pan
assignment3_kp2_t1,62.782,1791455956.717289,1819,1791455956.474658,camera_color_optical_frame,1,-0.3645,-0.0750,0.00340,0.045,1,TRACKING,ok,21.799,-4.254,deg/s,joint_states,-36.830,13.010,16.490,-2.750,0.691,-0.295,-0.148,-0.453,-0.069,-23.118,11.123,,pan
assignment3_kp2_t1,62.805,1791455956.741932,1820,1791455956.508021,camera_color_optical_frame,1,-0.3799,-0.0727,0.00336,0.010,1,TRACKING,ok,22.701,-4.124,deg/s,joint_states,-36.470,12.920,16.490,-2.750,0.780,-0.395,-0.171,-0.313,-0.075,-26.890,11.070,,pan
assignment3_kp2_t1,62.823,1791455956.754578,1820,1791455956.508021,camera_color_optical_frame,1,-0.3799,-0.0727,0.00336,0.028,1,TRACKING,ok,22.701,-4.124,deg/s,joint_states,-36.120,12.830,17.860,-2.750,0.788,-0.399,-0.172,-0.304,-0.072,-26.831,11.049,,pan
assignment3_kp2_t1,62.846,1791455956.778655,1821,1791455956.541384,camera_color_optical_frame,1,-0.3930,-0.0704,0.00346,0.011,1,TRACKING,ok,23.460,-3.990,deg/s,joint_states,-35.680,12.830,17.860,-2.750,0.729,-0.286,-0.144,-0.473,-0.093,-21.430,10.391,,pan
assignment3_kp2_t1,62.860,1791455956.791529,1822,1791455956.574746,camera_color_optical_frame,1,-0.4026,-0.0625,0.00338,0.003,1,TRACKING,ok,24.020,-3.544,deg/s,joint_states,-35.420,12.660,19.240,-2.750,0.708,-0.274,-0.145,-0.471,-0.065,-21.190,10.843,,pan
assignment3_kp2_t1,62.883,1791455956.818581,1822,1791455956.574746,camera_color_optical_frame,1,-0.4026,-0.0625,0.00338,0.026,1,TRACKING,ok,24.020,-3.544,deg/s,joint_states,-34.980,12.570,19.240,-2.750,0.710,-0.268,-0.145,-0.475,-0.063,-20.651,10.792,,pan
assignment3_kp2_t1,62.901,1791455956.831615,1823,1791455956.608109,camera_color_optical_frame,1,-0.4115,-0.0532,0.00331,0.005,1,TRACKING,ok,24.531,-3.014,deg/s,joint_states,-34.540,12.480,20.610,-4.120,0.712,-0.263,-0.144,-0.474,-0.061,-20.230,10.752,,pan
assignment3_kp2_t1,62.925,1791455956.858051,1823,1791455956.608109,camera_color_optical_frame,1,-0.4115,-0.0532,0.00331,0.029,1,TRACKING,ok,24.531,-3.014,deg/s,joint_states,-34.010,12.390,20.610,-4.120,0.706,-0.253,-0.153,-0.473,-0.022,-19.699,11.524,,pan
assignment3_kp2_t1,62.941,1791455956.871319,1824,1791455956.641472,camera_color_optical_frame,1,-0.4168,-0.0443,0.00333,0.010,0,TRACKING,ok,24.836,0.000,deg/s,joint_states,-33.570,12.390,20.610,-4.120,0.447,-0.199,-0.109,-0.311,0.015,-23.996,12.549,,pan
assignment3_kp2_t1,62.960,1791455956.890832,1825,1791455956.674835,camera_color_optical_frame,1,-0.4213,-0.0336,0.00328,0.012,1,TRACKING,ok,25.097,0.000,deg/s,joint_states,-33.130,12.300,21.980,-4.120,0.726,-0.259,-0.167,-0.444,0.010,-19.615,12.197,,pan
assignment3_kp2_t1,62.982,1791455956.915701,1825,1791455956.674835,camera_color_optical_frame,1,-0.4213,-0.0336,0.00328,0.034,1,TRACKING,ok,25.097,0.000,deg/s,joint_states,-32.610,12.220,21.980,-2.750,0.729,-0.253,-0.168,-0.442,0.017,-19.159,12.260,,pan
assignment3_kp2_t1,63.003,1791455956.939174,1826,1791455956.708198,camera_color_optical_frame,1,-0.4234,-0.0216,0.00320,0.010,1,TRACKING,ok,25.222,0.000,deg/s,joint_states,-32.170,12.130,21.980,-2.750,0.806,-0.333,-0.178,-0.317,-0.018,-22.472,11.557,,pan
assignment3_kp2_t1,63.024,1791455956.954370,1826,1791455956.708198,camera_color_optical_frame,1,-0.4234,-0.0216,0.00320,0.031,1,TRACKING,ok,25.222,0.000,deg/s,joint_states,-31.640,12.130,23.360,-2.750,0.816,-0.336,-0.180,-0.301,-0.019,-22.404,11.549,,pan
assignment3_kp2_t1,63.041,1791455956.971639,1827,1791455956.741561,camera_color_optical_frame,1,-0.4246,-0.0102,0.00322,0.014,1,TRACKING,ok,25.290,0.000,deg/s,joint_states,-31.200,12.130,23.360,-1.370,0.712,-0.228,-0.167,-0.441,0.037,-17.758,12.627,,pan
assignment3_kp2_t1,63.062,1791455956.991369,1827,1791455956.741561,camera_color_optical_frame,1,-0.4246,-0.0102,0.00322,0.035,1,TRACKING,ok,25.290,0.000,deg/s,joint_states,-30.670,12.130,23.360,0.000,0.713,-0.222,-0.168,-0.438,0.040,-17.320,12.697,,pan
assignment3_kp2_t1,63.084,1791455957.016000,1829,1791455956.841652,camera_color_optical_frame,1,-0.4146,0.0361,0.00348,0.005,1,TRACKING,ok,24.711,0.000,deg/s,joint_states,-30.150,12.130,23.360,0.000,0.718,-0.235,-0.174,-0.392,0.050,-18.126,12.990,,pan
assignment3_kp2_t1,63.103,1791455957.033738,1829,1791455956.841652,camera_color_optical_frame,1,-0.4146,0.0361,0.00348,0.024,0,TRACKING,ok,24.711,0.000,deg/s,joint_states,-29.790,12.220,23.360,0.000,0.475,-0.172,-0.125,-0.319,0.081,-19.929,13.846,,pan
assignment3_kp2_t1,63.121,1791455957.052840,1830,1791455956.875015,camera_color_optical_frame,1,-0.4081,0.0452,0.00339,0.004,1,TRACKING,ok,24.335,0.000,deg/s,joint_states,-29.360,12.130,23.360,0.000,0.723,-0.218,-0.181,-0.411,0.073,-16.771,13.472,,pan
assignment3_kp2_t1,63.142,1791455957.073512,1830,1791455956.875015,camera_color_optical_frame,1,-0.4081,0.0452,0.00339,0.025,1,TRACKING,ok,24.335,0.000,deg/s,joint_states,-28.830,12.130,23.360,0.000,0.725,-0.213,-0.182,-0.407,0.078,-16.359,13.582,,pan
assignment3_kp2_t1,63.161,1791455957.092895,1831,1791455956.908379,camera_color_optical_frame,1,-0.4012,0.0469,0.00324,0.004,1,TRACKING,ok,23.937,0.000,deg/s,joint_states,-28.300,12.130,23.360,0.000,0.798,-0.275,-0.183,-0.303,0.012,-19.003,12.244,,pan
assignment3_kp2_t1,63.186,1791455957.117992,1831,1791455956.908379,camera_color_optical_frame,1,-0.4012,0.0469,0.00324,0.029,1,TRACKING,ok,23.937,0.000,deg/s,joint_states,-27.860,12.130,23.360,0.000,0.810,-0.278,-0.186,-0.291,0.010,-18.927,12.221,,pan
assignment3_kp2_t1,63.205,1791455957.135642,1832,1791455956.941743,camera_color_optical_frame,1,-0.3924,0.0477,0.00320,0.005,1,TRACKING,ok,23.429,0.000,deg/s,joint_states,-27.420,12.130,23.360,0.000,0.731,-0.206,-0.164,-0.383,0.013,-15.719,12.167,,pan
assignment3_kp2_t1,63.225,1791455957.155121,1832,1791455956.941743,camera_color_optical_frame,1,-0.3924,0.0477,0.00320,0.025,1,TRACKING,ok,23.429,0.000,deg/s,joint_states,-26.890,12.220,23.360,0.000,0.733,-0.202,-0.163,-0.377,0.007,-15.377,12.137,,pan
assignment3_kp2_t1,63.240,1791455957.170301,1833,1791455956.975107,camera_color_optical_frame,1,-0.3820,0.0481,0.00303,0.010,1,TRACKING,ok,22.823,0.000,deg/s,joint_states,-26.370,12.220,23.360,0.000,0.746,-0.207,-0.172,-0.355,0.023,-15.495,12.527,,pan
assignment3_kp2_t1,63.262,1791455957.192089,1833,1791455956.975107,camera_color_optical_frame,1,-0.3820,0.0481,0.00303,0.031,1,TRACKING,ok,22.823,0.000,deg/s,joint_states,-26.370,12.220,23.360,0.000,0.749,-0.203,-0.172,-0.366,0.024,-15.162,12.532,,pan
assignment3_kp2_t1,63.280,1791455957.212404,1834,1791455957.008471,camera_color_optical_frame,1,-0.3722,0.0477,0.00295,0.010,1,TRACKING,ok,22.252,0.000,deg/s,joint_states,-25.490,12.130,23.360,0.000,0.729,-0.198,-0.171,-0.334,0.037,-15.218,12.767,,pan
assignment3_kp2_t1,63.301,1791455957.231862,1834,1791455957.008471,camera_color_optical_frame,1,-0.3722,0.0477,0.00295,0.031,1,TRACKING,ok,22.252,0.000,deg/s,joint_states,-25.490,12.130,23.360,0.000,0.730,-0.195,-0.172,-0.344,0.039,-14.914,12.791,,pan
assignment3_kp2_t1,63.324,1791455957.254556,1835,1791455957.041835,camera_color_optical_frame,1,-0.3622,0.0484,0.00290,0.014,1,TRACKING,ok,21.667,0.000,deg/s,joint_states,-24.520,12.130,23.360,0.000,0.749,-0.200,-0.173,-0.312,0.027,-14.924,12.570,,pan
assignment3_kp2_t1,63.342,1791455957.272058,1835,1791455957.041835,camera_color_optical_frame,1,-0.3622,0.0484,0.00290,0.032,1,TRACKING,ok,21.667,0.000,deg/s,joint_states,-23.990,12.130,23.360,0.000,0.751,-0.197,-0.173,-0.302,0.027,-14.685,12.575,,pan
assignment3_kp2_t1,63.360,1791455957.289907,1836,1791455957.075199,camera_color_optical_frame,1,-0.3526,0.0499,0.00287,0.011,1,TRACKING,ok,21.105,0.000,deg/s,joint_states,-23.550,12.220,23.360,0.000,0.766,-0.192,-0.176,-0.307,0.023,-14.096,12.566,,pan
assignment3_kp2_t1,63.382,1791455957.313024,1836,1791455957.075199,camera_color_optical_frame,1,-0.3526,0.0499,0.00287,0.034,1,TRACKING,ok,21.105,0.000,deg/s,joint_states,-23.120,12.130,21.980,0.000,0.770,-0.189,-0.177,-0.303,0.026,-13.793,12.567,,pan
assignment3_kp2_t1,63.400,1791455957.329621,1837,1791455957.108563,camera_color_optical_frame,1,-0.3419,0.0510,0.00282,0.010,1,TRACKING,ok,20.482,2.894,deg/s,joint_states,-22.680,12.130,21.980,0.000,0.746,-0.176,-0.175,-0.306,0.038,-13.262,12.831,,pan
assignment3_kp2_t1,63.422,1791455957.353069,1837,1791455957.108563,camera_color_optical_frame,1,-0.3419,0.0510,0.00282,0.032,1,TRACKING,ok,20.482,2.894,deg/s,joint_states,-22.240,12.130,21.980,0.000,0.747,-0.172,-0.175,-0.302,0.039,-12.933,12.853,,pan
assignment3_kp2_t1,63.440,1791455957.371005,1838,1791455957.141927,camera_color_optical_frame,1,-0.3297,0.0528,0.00278,0.009,1,TRACKING,ok,19.762,2.994,deg/s,joint_states,-21.800,12.130,21.980,0.000,0.742,-0.169,-0.180,-0.292,0.059,-12.799,13.308,,pan
assignment3_kp2_t1,63.461,1791455957.393068,1839,1791455957.175284,camera_color_optical_frame,1,-0.3178,0.0555,0.00279,0.007,0,TRACKING,ok,19.063,3.146,deg/s,joint_states,-21.360,12.130,21.980,0.000,0.469,-0.132,-0.121,-0.181,0.084,-15.720,13.969,,pan
assignment3_kp2_t1,63.484,1791455957.414703,1839,1791455957.175284,camera_color_optical_frame,1,-0.3178,0.0555,0.00279,0.030,0,TRACKING,ok,19.063,3.146,deg/s,joint_states,-20.920,12.220,20.610,0.000,0.458,-0.128,-0.119,-0.169,0.084,-15.660,14.060,,pan
assignment3_kp2_t1,63.500,1791455957.433928,1840,1791455957.208641,camera_color_optical_frame,1,-0.3070,0.0583,0.00275,0.007,1,TRACKING,ok,18.428,3.307,deg/s,joint_states,-20.570,12.130,20.610,0.000,0.756,-0.167,-0.178,-0.263,0.042,-12.459,12.962,,pan
assignment3_kp2_t1,63.521,1791455957.452169,1840,1791455957.208641,camera_color_optical_frame,1,-0.3070,0.0583,0.00275,0.027,1,TRACKING,ok,18.428,3.307,deg/s,joint_states,-20.130,12.130,20.610,0.000,0.758,-0.164,-0.179,-0.257,0.043,-12.204,12.977,,pan
assignment3_kp2_t1,63.542,1791455957.473907,1841,1791455957.241997,camera_color_optical_frame,1,-0.2952,0.0610,0.00276,0.013,1,TRACKING,ok,17.732,3.460,deg/s,joint_states,-19.860,12.220,19.240,0.000,0.850,-0.216,-0.197,-0.181,0.022,-14.257,12.666,,pan
assignment3_kp2_t1,63.560,1791455957.491478,1841,1791455957.241997,camera_color_optical_frame,1,-0.2952,0.0610,0.00276,0.031,1,TRACKING,ok,17.732,3.460,deg/s,joint_states,-19.510,12.300,17.860,1.370,0.859,-0.218,-0.199,-0.171,0.018,-14.217,12.653,,pan
assignment3_kp2_t1,63.581,1791455957.513527,1842,1791455957.275364,camera_color_optical_frame,1,-0.2843,0.0657,0.00271,0.015,1,TRACKING,ok,17.087,3.722,deg/s,joint_states,-19.160,12.480,16.490,2.750,0.756,-0.148,-0.192,-0.261,0.072,-11.078,13.971,,pan
assignment3_kp2_t1,63.602,1791455957.531647,1843,1791455957.308723,camera_color_optical_frame,1,-0.2731,0.0693,0.00264,0.005,1,TRACKING,ok,16.423,3.932,deg/s,joint_states,-18.810,12.480,16.490,2.750,0.757,-0.144,-0.193,-0.259,0.075,-10.781,14.052,,pan
assignment3_kp2_t1,63.620,1791455957.554754,1843,1791455957.308723,camera_color_optical_frame,1,-0.2731,0.0693,0.00264,0.023,1,TRACKING,ok,16.423,3.932,deg/s,joint_states,-18.370,12.480,17.860,2.750,0.750,-0.143,-0.187,-0.245,0.060,-10.780,13.719,,pan
assignment3_kp2_t1,63.640,1791455957.570288,1844,1791455957.342083,camera_color_optical_frame,1,-0.2606,0.0721,0.00274,0.002,1,TRACKING,ok,15.680,4.086,deg/s,joint_states,-18.020,12.570,17.860,2.750,0.751,-0.139,-0.187,-0.242,0.058,-10.512,13.772,,pan
assignment3_kp2_t1,63.661,1791455957.591323,1844,1791455957.342083,camera_color_optical_frame,1,-0.2606,0.0721,0.00274,0.023,1,TRACKING,ok,15.680,4.086,deg/s,joint_states,-17.580,12.740,17.860,2.750,0.751,-0.144,-0.183,-0.217,0.035,-10.851,13.438,,pan
assignment3_kp2_t1,63.680,1791455957.612531,1845,1791455957.375442,camera_color_optical_frame,1,-0.2492,0.0764,0.00270,0.015,0,TRACKING,ok,15.004,4.329,deg/s,joint_states,-17.230,12.830,17.860,2.750,0.462,-0.105,-0.122,-0.141,0.074,-12.846,14.460,,pan
assignment3_kp2_t1,63.700,1791455957.629760,1846,1791455957.408801,camera_color_optical_frame,1,-0.2387,0.0809,0.00274,0.012,1,TRACKING,ok,14.373,4.588,deg/s,joint_states,-16.870,12.920,17.860,4.120,0.750,-0.138,-0.193,-0.207,0.059,-10.444,14.179,,pan
assignment3_kp2_t1,63.722,1791455957.652225,1846,1791455957.408801,camera_color_optical_frame,1,-0.2387,0.0809,0.00274,0.034,1,TRACKING,ok,14.373,4.588,deg/s,joint_states,-16.520,12.920,17.860,4.120,0.750,-0.135,-0.194,-0.203,0.063,-10.202,14.256,,pan
assignment3_kp2_t1,63.740,1791455957.671136,1847,1791455957.442161,camera_color_optical_frame,1,-0.2295,0.0839,0.00275,0.012,1,TRACKING,ok,13.828,4.755,deg/s,joint_states,-16.260,13.010,16.490,4.120,0.857,-0.183,-0.208,-0.136,0.017,-12.046,13.351,,pan
assignment3_kp2_t1,63.761,1791455957.690938,1847,1791455957.442161,camera_color_optical_frame,1,-0.2295,0.0839,0.00275,0.033,1,TRACKING,ok,13.828,4.755,deg/s,joint_states,-16.260,13.010,16.490,4.120,0.867,-0.184,-0.210,-0.137,0.016,-12.010,13.342,,pan
assignment3_kp2_t1,63.781,1791455957.712062,1848,1791455957.475520,camera_color_optical_frame,1,-0.2212,0.0875,0.00271,0.013,1,IDLE,disabled,0.000,0.000,deg/s,joint_states,-15.640,13.270,15.110,4.120,,,,,,,,,pan
assignment3_kp2_t1,63.801,1791455957.730687,1848,1791455957.475520,camera_color_optical_frame,1,-0.2212,0.0875,0.00271,0.033,1,IDLE,disabled,0.000,0.000,deg/s,joint_states,-15.380,13.270,15.110,4.120,,,,,,,,,pan
assignment3_kp2_t1,63.820,1791455957.750281,1849,1791455957.508880,camera_color_optical_frame,1,-0.2084,0.0884,0.00264,0.014,1,IDLE,disabled,0.000,0.000,deg/s,joint_states,-15.030,13.360,15.110,4.120,0.757,-0.161,-0.192,-0.097,0.025,-12.005,13.904,,pan
assignment3_kp2_t1,63.840,1791455957.771507,1849,1791455957.508880,camera_color_optical_frame,1,-0.2084,0.0884,0.00264,0.034,1,IDLE,disabled,0.000,0.000,deg/s,joint_states,-14.770,13.450,13.740,4.120,0.757,-0.161,-0.192,-0.089,0.021,-12.005,13.904,,pan
assignment3_kp2_t1,63.862,1791455957.792350,1850,1791455957.542239,camera_color_optical_frame,1,-0.1948,0.0906,0.00260,0.014,1,IDLE,disabled,0.000,0.000,deg/s,joint_states,-14.500,13.450,13.740,2.750,0.756,-0.157,-0.192,-0.088,0.025,-11.747,14.002,,pan
assignment3_kp2_t1,63.884,1791455957.816237,1851,1791455957.575599,camera_color_optical_frame,1,-0.1813,0.0920,0.00258,0.015,0,IDLE,disabled,0.000,0.000,deg/s,joint_states,-14.330,13.450,12.370,1.370,0.457,-0.095,-0.131,-0.082,0.097,-11.770,15.629,,pan
assignment3_kp2_t1,63.902,1791455957.833324,1851,1791455957.575599,camera_color_optical_frame,1,-0.1813,0.0920,0.00258,0.034,0,IDLE,disabled,0.000,0.000,deg/s,joint_states,-14.240,13.450,10.990,0.000,0.448,-0.093,-0.129,-0.079,0.100,-11.758,15.713,,pan
assignment3_kp2_t1,63.923,1791455957.854211,1852,1791455957.608959,camera_color_optical_frame,1,-0.1692,0.0868,0.00261,0.013,1,IDLE,disabled,0.000,0.000,deg/s,joint_states,-14.240,13.450,6.870,0.000,0.763,-0.128,-0.214,-0.151,0.090,-9.501,15.432,,pan
assignment3_kp2_t1,63.942,1791455957.873173,1853,1791455957.642318,camera_color_optical_frame,1,-0.1590,0.0830,0.00263,0.003,1,IDLE,disabled,0.000,0.000,deg/s,joint_states,-14.240,13.450,4.120,0.000,0.764,-0.126,-0.215,-0.156,0.094,-9.361,15.520,,pan
assignment3_kp2_t1,63.965,1791455957.899087,1853,1791455957.642318,camera_color_optical_frame,1,-0.1590,0.0830,0.00263,0.026,1,IDLE,disabled,0.000,0.000,deg/s,joint_states,-14.240,13.450,1.370,0.000,0.881,-0.166,-0.225,-0.114,0.030,-10.686,14.096,,pan
assignment3_kp2_t1,63.992,1791455957.924562,1854,1791455957.675678,camera_color_optical_frame,1,-0.1497,0.0764,0.00265,0.012,1,IDLE,disabled,0.000,0.000,deg/s,joint_states,-14.240,13.450,0.000,0.000,0.879,-0.162,-0.225,-0.121,0.031,-10.468,14.122,,pan
assignment3_kp2_t1,64.010,1791455957.944298,1855,1791455957.709038,camera_color_optical_frame,1,-0.1412,0.0737,0.00262,0.011,0,IDLE,disabled,0.000,0.000,deg/s,joint_states,-14.240,13.450,0.000,0.000,0.461,-0.090,-0.130,-0.102,0.090,-11.029,15.476,,pan
assignment3_kp2_t1,64.022,1791455957.952837,1855,1791455957.709038,camera_color_optical_frame,1,-0.1412,0.0737,0.00262,0.022,0,IDLE,disabled,0.000,0.000,deg/s,joint_states,-14.240,13.450,0.000,0.000,0.455,-0.089,-0.129,-0.102,0.092,-11.029,15.512,,pan
assignment3_kp2_t1,64.045,1791455957.979169,1856,1791455957.742398,camera_color_optical_frame,1,-0.1313,0.0683,0.00263,0.012,1,IDLE,disabled,0.000,0.000,deg/s,joint_states,-14.240,13.450,0.000,0.000,0.774,-0.119,-0.207,-0.176,0.062,-8.756,14.787,,pan
assignment3_kp2_t1,64.064,1791455957.994309,1856,1791455957.742398,camera_color_optical_frame,1,-0.1313,0.0683,0.00263,0.031,1,IDLE,disabled,0.000,0.000,deg/s,joint_states,-14.240,13.450,0.000,0.000,0.775,-0.118,-0.207,-0.180,0.063,-8.624,14.816,,pan
assignment3_kp2_t1,64.081,1791455958.012702,1857,1791455957.775758,camera_color_optical_frame,1,-0.1265,0.0688,0.00273,0.013,1,IDLE,disabled,0.000,0.000,deg/s,joint_states,-14.240,13.450,0.000,0.000,0.878,-0.151,-0.227,-0.144,0.041,-9.761,14.328,,pan
assignment3_kp2_t1,64.101,1791455958.030941,1858,1791455957.809118,camera_color_optical_frame,1,-0.1279,0.0707,0.00266,0.002,1,IDLE,disabled,0.000,0.000,deg/s,joint_states,-14.330,13.540,0.000,0.000,0.887,-0.152,-0.230,-0.147,0.036,-9.735,14.316,,pan
assignment3_kp2_t1,64.121,1791455958.054042,1858,1791455957.809118,camera_color_optical_frame,1,-0.1279,0.0707,0.00266,0.022,1,IDLE,disabled,0.000,0.000,deg/s,joint_states,-14.240,13.450,0.000,0.000,0.772,-0.107,-0.207,-0.204,0.068,-7.869,14.905,,pan
assignment3_kp2_t1,64.143,1791455958.073703,1859,1791455957.842478,camera_color_optical_frame,1,-0.1335,0.0727,0.00269,0.003,1,IDLE,disabled,0.000,0.000,deg/s,joint_states,-14.240,13.450,0.000,0.000,0.769,-0.109,-0.206,-0.198,0.065,-8.067,14.845,,pan
assignment3_kp2_t1,64.161,1791455958.092510,1859,1791455957.842478,camera_color_optical_frame,1,-0.1335,0.0727,0.00269,0.022,1,IDLE,disabled,0.000,0.000,deg/s,joint_states,-14.240,13.450,0.000,0.000,0.770,-0.107,-0.206,-0.202,0.066,-7.941,14.867,,pan
assignment3_kp2_t1,64.181,1791455958.112198,1860,1791455957.875838,camera_color_optical_frame,1,-0.1383,0.0742,0.00269,0.013,1,IDLE,disabled,0.000,0.000,deg/s,joint_states,-14.240,13.450,0.000,0.000,0.774,-0.113,-0.207,-0.190,0.065,-8.296,14.847,,pan
assignment3_kp2_t1,64.201,1791455958.133220,1861,1791455957.909199,camera_color_optical_frame,1,-0.1426,0.0748,0.00264,0.013,0,IDLE,disabled,0.000,0.000,deg/s,joint_states,-14.240,13.450,0.000,0.000,0.467,-0.081,-0.132,-0.139,0.096,-9.895,15.580,,pan
assignment3_kp2_t1,64.220,1791455958.151339,1862,1791455957.942559,camera_color_optical_frame,1,-0.1453,0.0737,0.00270,0.002,0,IDLE,disabled,0.000,0.000,deg/s,joint_states,-14.240,13.450,0.000,0.000,0.457,-0.080,-0.130,-0.138,0.098,-9.908,15.632,,pan
assignment3_kp2_t1,64.241,1791455958.172222,1862,1791455957.942559,camera_color_optical_frame,1,-0.1453,0.0737,0.00270,0.022,1,IDLE,disabled,0.000,0.000,deg/s,joint_states,-14.240,13.450,0.000,0.000,0.783,-0.118,-0.205,-0.182,0.051,-8.553,14.527,,pan
assignment3_kp2_t1,64.262,1791455958.191930,1863,1791455957.975919,camera_color_optical_frame,1,-0.1480,0.0733,0.00267,0.004,1,IDLE,disabled,0.000,0.000,deg/s,joint_states,-14.240,13.540,0.000,0.000,0.872,-0.138,-0.226,-0.168,0.040,-8.995,14.388,,pan
assignment3_kp2_t1,64.280,1791455958.210963,1863,1791455957.975919,camera_color_optical_frame,1,-0.1480,0.0733,0.00267,0.023,1,IDLE,disabled,0.000,0.000,deg/s,joint_states,-14.240,13.450,0.000,0.000,0.881,-0.139,-0.228,-0.169,0.043,-8.980,14.374,,pan
assignment3_kp2_t1,64.300,1791455958.230101,1864,1791455958.009279,camera_color_optical_frame,1,-0.1499,0.0720,0.00266,0.011,1,IDLE,disabled,0.000,0.000,deg/s,joint_states,-14.240,13.450,0.000,0.000,0.772,-0.122,-0.205,-0.169,0.058,-8.976,14.712,,pan
assignment3_kp2_t1,64.322,1791455958.251735,1864,1791455958.009279,camera_color_optical_frame,1,-0.1499,0.0720,0.00266,0.032,1,IDLE,disabled,0.000,0.000,deg/s,joint_states,-14.240,13.450,0.000,0.000,0.772,-0.122,-0.205,-0.169,0.059,-8.954,14.721,,pan
assignment3_kp2_t1,64.340,1791455958.269893,1865,1791455958.042639,camera_color_optical_frame,1,-0.1527,0.0720,0.00262,0.007,1,IDLE,disabled,0.000,0.000,deg/s,joint_states,-14.240,13.450,0.000,0.000,0.783,-0.118,-0.204,-0.182,0.046,-8.579,14.431,,pan
assignment3_kp2_t1,64.365,1791455958.294288,1865,1791455958.042639,camera_color_optical_frame,1,-0.1527,0.0720,0.00262,0.032,1,IDLE,disabled,0.000,0.000,deg/s,joint_states,-14.240,13.450,0.000,0.000,0.785,-0.118,-0.204,-0.183,0.046,-8.528,14.419,,pan
assignment3_kp2_t1,64.382,1791455958.314874,1866,1791455958.076000,camera_color_optical_frame,1,-0.1556,0.0729,0.00262,0.013,1,IDLE,disabled,0.000,0.000,deg/s,joint_states,-14.240,13.450,0.000,0.000,0.788,-0.112,-0.204,-0.197,0.044,-8.117,14.367,,pan
assignment3_kp2_t1,64.401,1791455958.332002,1867,1791455958.109360,camera_color_optical_frame,1,-0.1578,0.0731,0.00267,0.012,0,IDLE,disabled,0.000,0.000,deg/s,joint_states,-14.240,13.450,0.000,0.000,0.468,-0.079,-0.132,-0.150,0.093,-9.529,15.505,,pan
assignment3_kp2_t1,64.421,1791455958.354038,1867,1791455958.109360,camera_color_optical_frame,1,-0.1578,0.0731,0.00267,0.032,0,IDLE,disabled,0.000,0.000,deg/s,joint_states,-14.240,13.450,0.000,0.000,0.458,-0.077,-0.129,-0.150,0.095,-9.554,15.557,,pan
assignment3_kp2_t1,64.441,1791455958.371495,1868,1791455958.142721,camera_color_optical_frame,1,-0.1610,0.0762,0.00265,0.014,1,IDLE,disabled,0.000,0.000,deg/s,joint_states,-14.240,13.450,0.000,0.000,0.780,-0.113,-0.209,-0.193,0.066,-8.222,14.870,,pan
assignment3_kp2_t1,64.461,1791455958.392126,1869,1791455958.176078,camera_color_optical_frame,1,-0.1636,0.0796,0.00264,0.005,1,IDLE,disabled,0.000,0.000,deg/s,joint_states,-14.330,13.450,0.000,0.000,0.781,-0.112,-0.210,-0.197,0.067,-8.170,14.891,,pan
assignment3_kp2_t1,64.481,1791455958.414599,1869,1791455958.176078,camera_color_optical_frame,1,-0.1636,0.0796,0.00264,0.024,1,IDLE,disabled,0.000,0.000,deg/s,joint_states,-14.240,13.450,0.000,0.000,0.887,-0.133,-0.235,-0.184,0.058,-8.495,14.688,,pan
assignment3_kp2_t1,64.501,1791455958.433675,1870,1791455958.209436,camera_color_optical_frame,1,-0.1673,0.0844,0.00264,0.003,1,IDLE,disabled,0.000,0.000,deg/s,joint_states,-14.240,13.450,0.000,0.000,0.776,-0.108,-0.216,-0.202,0.090,-7.928,15.407,,pan
assignment3_kp2_t1,64.522,1791455958.452246,1870,1791455958.209436,camera_color_optical_frame,1,-0.1673,0.0844,0.00264,0.024,1,IDLE,disabled,0.000,0.000,deg/s,joint_states,-14.240,13.450,0.000,0.000,0.776,-0.107,-0.217,-0.204,0.093,-7.867,15.462,,pan
assignment3_kp2_t1,64.542,1791455958.474704,1871,1791455958.242793,camera_color_optical_frame,1,-0.1713,0.0879,0.00261,0.016,1,IDLE,disabled,0.000,0.000,deg/s,joint_states,-14.240,13.450,0.000,0.000,0.769,-0.103,-0.211,-0.212,0.083,-7.632,15.233,,pan
assignment3_kp2_t1,64.567,1791455958.497921,1872,1791455958.276149,camera_color_optical_frame,1,-0.1755,0.0916,0.00264,0.008,1,IDLE,disabled,0.000,0.000,deg/s,joint_states,-14.240,13.450,0.000,0.000,0.783,-0.103,-0.217,-0.215,0.089,-7.514,15.360,,pan
assignment3_kp2_t1,64.580,1791455958.509442,1873,1791455958.309505,camera_color_optical_frame,1,-0.1810,0.0973,0.00262,0.005,0,IDLE,disabled,0.000,0.000,deg/s,joint_states,-14.240,13.450,0.000,0.000,0.479,-0.073,-0.140,-0.178,0.121,-8.653,16.121,,pan
assignment3_kp2_t1,64.602,1791455958.533948,1873,1791455958.309505,camera_color_optical_frame,1,-0.1810,0.0973,0.00262,0.027,0,IDLE,disabled,0.000,0.000,deg/s,joint_states,-14.240,13.450,0.000,0.000,0.468,-0.071,-0.138,-0.178,0.124,-8.664,16.193,,pan
assignment3_kp2_t1,64.621,1791455958.554188,1873,1791455958.309505,camera_color_optical_frame,1,-0.1810,0.0973,0.00262,0.046,0,IDLE,disabled,0.000,0.000,deg/s,joint_states,-14.240,13.450,0.000,0.000,0.459,-0.070,-0.135,-0.177,0.127,-8.674,16.260,,pan
assignment3_kp2_t1,64.640,1791455958.573411,1874,1791455958.342861,camera_color_optical_frame,1,-0.1860,0.1032,0.00263,0.007,1,IDLE,disabled,0.000,0.000,deg/s,joint_states,-14.240,13.450,0.000,0.000,0.787,-0.096,-0.227,-0.232,0.116,-6.971,15.952,,pan
assignment3_kp2_t1,64.661,1791455958.592120,1874,1791455958.342861,camera_color_optical_frame,1,-0.1860,0.1032,0.00263,0.028,1,IDLE,disabled,0.000,0.000,deg/s,joint_states,-14.240,13.450,0.000,0.000,0.788,-0.095,-0.228,-0.235,0.119,-6.876,16.019,,pan
assignment3_kp2_t1,64.683,1791455958.617151,1875,1791455958.376217,camera_color_optical_frame,1,-0.1913,0.1073,0.00260,0.019,1,IDLE,disabled,0.000,0.000,deg/s,joint_states,-14.240,13.450,0.000,0.000,0.892,-0.120,-0.245,-0.210,0.082,-7.683,15.209,,pan
assignment3_kp2_t1,64.710,1791455958.645573,1876,1791455958.409573,camera_color_optical_frame,1,-0.1973,0.1118,0.00259,0.010,1,IDLE,disabled,0.000,0.000,deg/s,joint_states,-14.240,13.450,0.000,0.000,0.890,-0.115,-0.246,-0.221,0.088,-7.329,15.340,,pan
assignment3_kp2_t1,64.727,1791455958.659379,1876,1791455958.409573,camera_color_optical_frame,1,-0.1973,0.1118,0.00259,0.027,1,IDLE,disabled,0.000,0.000,deg/s,joint_states,-14.240,13.450,0.000,0.000,0.898,-0.115,-0.248,-0.222,0.088,-7.309,15.336,,pan
assignment3_kp2_t1,64.742,1791455958.673670,1877,1791455958.442929,camera_color_optical_frame,1,-0.2027,0.1164,0.00255,0.010,1,IDLE,disabled,0.000,0.000,deg/s,joint_states,-14.240,13.540,0.000,0.000,0.787,-0.086,-0.229,-0.255,0.122,-6.271,16.146,,pan
assignment3_kp2_t1,64.766,1791455958.697734,1878,1791455958.476285,camera_color_optical_frame,1,-0.2078,0.1207,0.00258,0.007,1,IDLE,disabled,0.000,0.000,deg/s,joint_states,-14.240,13.450,0.000,0.000,0.803,-0.088,-0.235,-0.255,0.128,-6.267,16.197,,pan
assignment3_kp2_t1,64.791,1791455958.723545,1879,1791455958.509640,camera_color_optical_frame,1,-0.2127,0.1243,0.00262,0.015,0,IDLE,disabled,0.000,0.000,deg/s,joint_states,-14.330,13.450,0.000,0.000,0.474,-0.064,-0.144,-0.213,0.148,-7.646,16.698,,pan
assignment3_kp2_t1,64.800,1791455958.733862,1879,1791455958.509640,camera_color_optical_frame,1,-0.2127,0.1243,0.00262,0.025,0,IDLE,disabled,0.000,0.000,deg/s,joint_states,-14.330,13.450,0.000,0.000,0.470,-0.063,-0.142,-0.213,0.149,-7.650,16.727,,pan
assignment3_kp2_t1,64.821,1791455958.759360,1880,1791455958.542996,camera_color_optical_frame,1,-0.2177,0.1280,0.00263,0.008,1,IDLE,disabled,0.000,0.000,deg/s,joint_states,-14.240,13.450,0.000,0.000,0.792,-0.084,-0.231,-0.262,0.129,-6.052,16.216,,pan
assignment3_kp2_t1,64.840,1791455958.772501,1880,1791455958.542996,camera_color_optical_frame,1,-0.2177,0.1280,0.00263,0.027,1,IDLE,disabled,0.000,0.000,deg/s,joint_states,-14.240,13.450,0.000,0.000,0.792,-0.083,-0.232,-0.264,0.131,-5.962,16.260,,pan
assignment3_kp2_t1,64.861,1791455958.793451,1881,1791455958.576352,camera_color_optical_frame,1,-0.2223,0.1304,0.00260,0.016,1,IDLE,disabled,0.000,0.000,deg/s,joint_states,-14.240,13.450,0.000,0.000,0.892,-0.104,-0.252,-0.243,0.104,-6.642,15.682,,pan
assignment3_kp2_t1,64.881,1791455958.813876,1882,1791455958.609708,camera_color_optical_frame,1,-0.2262,0.1352,0.00264,0.002,1,IDLE,disabled,0.000,0.000,deg/s,joint_states,-14.240,13.450,0.000,0.000,0.901,-0.105,-0.255,-0.244,0.104,-6.624,15.672,,pan
assignment3_kp2_t1,64.901,1791455958.834464,1882,1791455958.609708,camera_color_optical_frame,1,-0.2262,0.1352,0.00264,0.023,1,IDLE,disabled,0.000,0.000,deg/s,joint_states,-14.240,13.450,0.000,0.000,0.797,-0.082,-0.236,-0.267,0.138,-5.866,16.401,,pan
assignment3_kp2_t1,64.921,1791455958.851210,1882,1791455958.609708,camera_color_optical_frame,1,-0.2262,0.1352,0.00264,0.042,1,IDLE,disabled,0.000,0.000,deg/s,joint_states,-14.240,13.450,0.000,0.000,0.798,-0.081,-0.237,-0.270,0.140,-5.790,16.445,,pan
assignment3_kp2_t1,64.940,1791455958.871089,1883,1791455958.643064,camera_color_optical_frame,1,-0.2295,0.1407,0.00270,0.017,1,IDLE,disabled,0.000,0.000,deg/s,joint_states,-14.240,13.450,0.000,0.000,0.803,-0.082,-0.247,-0.267,0.164,-5.864,16.990,,pan
assignment3_kp2_t1,64.963,1791455958.895553,1884,1791455958.676420,camera_color_optical_frame,1,-0.2320,0.1452,0.00275,0.007,1,IDLE,disabled,0.000,0.000,deg/s,joint_states,-14.330,13.450,0.000,0.000,0.797,-0.083,-0.242,-0.267,0.156,-5.948,16.812,,pan
assignment3_kp2_t1,64.980,1791455958.912106,1884,1791455958.676420,camera_color_optical_frame,1,-0.2320,0.1452,0.00275,0.024,1,IDLE,disabled,0.000,0.000,deg/s,joint_states,-14.240,13.450,0.000,0.000,0.797,-0.082,-0.243,-0.266,0.158,-5.900,16.867,,pan
assignment3_kp2_t1,65.002,1791455958.933690,1885,1791455958.743132,camera_color_optical_frame,1,-0.2375,0.1482,0.00266,0.015,0,IDLE,disabled,0.000,0.000,deg/s,joint_states,-14.240,13.450,0.000,0.000,0.486,-0.059,-0.150,-0.234,0.166,-6.891,17.080,,pan
assignment3_kp2_t1,65.020,1791455958.950129,1885,1791455958.743132,camera_color_optical_frame,1,-0.2375,0.1482,0.00266,0.033,0,IDLE,disabled,0.000,0.000,deg/s,joint_states,-14.240,13.450,0.000,0.000,0.477,-0.058,-0.148,-0.233,0.168,-6.903,17.126,,pan
assignment3_kp2_t1,65.040,1791455958.970618,1886,1791455958.776488,camera_color_optical_frame,1,-0.2410,0.1489,0.00258,0.016,1,IDLE,disabled,0.000,0.000,deg/s,joint_states,-14.240,13.450,0.000,0.000,0.799,-0.088,-0.233,-0.255,0.128,-6.271,16.193,,pan
assignment3_kp2_t1,65.062,1791455958.993260,1887,1791455958.809844,camera_color_optical_frame,1,-0.2423,0.1511,0.00244,0.002,1,IDLE,disabled,0.000,0.000,deg/s,joint_states,-14.330,13.450,0.000,0.000,0.799,-0.088,-0.233,-0.257,0.128,-6.271,16.193,,pan
assignment3_kp2_t1,65.080,1791455959.012560,1887,1791455958.809844,camera_color_optical_frame,1,-0.2423,0.1511,0.00244,0.020,1,IDLE,disabled,0.000,0.000,deg/s,joint_states,-14.330,13.450,0.000,0.000,0.894,-0.095,-0.260,-0.264,0.125,-6.077,16.120,,pan
assignment3_kp2_t1,65.100,1791455959.030652,1888,1791455958.843200,camera_color_optical_frame,1,-0.2454,0.1510,0.00260,0.006,1,IDLE,disabled,0.000,0.000,deg/s,joint_states,-14.240,13.450,0.000,0.000,0.800,-0.081,-0.236,-0.271,0.136,-5.754,16.351,,pan
assignment3_kp2_t1,65.121,1791455959.051287,1888,1791455958.843200,camera_color_optical_frame,1,-0.2454,0.1510,0.00260,0.026,1,IDLE,disabled,0.000,0.000,deg/s,joint_states,-14.240,13.450,0.000,0.000,0.800,-0.080,-0.236,-0.272,0.136,-5.712,16.364,,pan
assignment3_kp2_t1,65.144,1791455959.075133,1889,1791455958.876556,camera_color_optical_frame,1,-0.2458,0.1506,0.00258,0.013,1,IDLE,disabled,0.000,0.000,deg/s,joint_states,-14.240,13.450,0.000,0.000,0.800,-0.086,-0.233,-0.259,0.127,-6.119,16.182,,pan
assignment3_kp2_t1,65.160,1791455959.091068,1889,1791455958.876556,camera_color_optical_frame,1,-0.2458,0.1506,0.00258,0.030,1,IDLE,disabled,0.000,0.000,deg/s,joint_states,-14.240,13.450,0.000,0.000,0.800,-0.086,-0.233,-0.260,0.127,-6.112,16.178,,pan
assignment3_kp2_t1,65.181,1791455959.117213,1890,1791455958.909912,camera_color_optical_frame,1,-0.2461,0.1517,0.00253,0.013,1,IDLE,disabled,0.000,0.000,deg/s,joint_states,-14.240,13.450,0.000,0.000,0.799,-0.085,-0.235,-0.262,0.133,-6.050,16.296,,pan
assignment3_kp2_t1,65.206,1791455959.140593,1890,1791455958.909912,camera_color_optical_frame,1,-0.2461,0.1517,0.00253,0.038,1,IDLE,disabled,0.000,0.000,deg/s,joint_states,-14.240,13.450,0.000,0.000,0.799,-0.085,-0.235,-0.262,0.133,-6.043,16.302,,pan
assignment3_kp2_t1,65.223,1791455959.152556,1891,1791455958.943268,camera_color_optical_frame,1,-0.2462,0.1515,0.00253,0.009,1,IDLE,disabled,0.000,0.000,deg/s,joint_states,-14.240,13.450,0.000,0.000,0.799,-0.085,-0.234,-0.262,0.131,-6.053,16.265,,pan
assignment3_kp2_t1,65.240,1791455959.170222,1891,1791455958.943268,camera_color_optical_frame,1,-0.2462,0.1515,0.00253,0.026,1,IDLE,disabled,0.000,0.000,deg/s,joint_states,-14.240,13.450,0.000,0.000,0.799,-0.085,-0.234,-0.262,0.131,-6.048,16.266,,pan
assignment3_kp2_t1,65.261,1791455959.191943,1892,1791455958.976624,camera_color_optical_frame,1,-0.2464,0.1514,0.00257,0.017,1,IDLE,disabled,0.000,0.000,deg/s,joint_states,-14.240,13.450,0.000,0.000,0.803,-0.091,-0.235,-0.249,0.128,-6.447,16.218,,pan
assignment3_kp2_t1,65.281,1791455959.214075,1893,1791455959.009980,camera_color_optical_frame,1,-0.2460,0.1509,0.00260,0.004,1,IDLE,disabled,0.000,0.000,deg/s,joint_states,-14.240,13.450,0.000,0.000,0.814,-0.089,-0.238,-0.256,0.128,-6.216,16.189,,pan
assignment3_kp2_t1,65.301,1791455959.231765,1893,1791455959.009980,camera_color_optical_frame,1,-0.2460,0.1509,0.00260,0.024,1,IDLE,disabled,0.000,0.000,deg/s,joint_states,-14.240,13.450,0.000,0.000,0.815,-0.089,-0.238,-0.256,0.127,-6.224,16.185,,pan
assignment3_kp2_t1,65.322,1791455959.255528,1894,1791455959.043336,camera_color_optical_frame,1,-0.2455,0.1492,0.00266,0.009,1,IDLE,disabled,0.000,0.000,deg/s,joint_states,-14.240,13.450,0.000,0.000,0.805,-0.084,-0.233,-0.266,0.122,-5.938,16.044,,pan
assignment3_kp2_t1,65.341,1791455959.275005,1894,1791455959.043336,camera_color_optical_frame,1,-0.2455,0.1492,0.00266,0.028,1,IDLE,disabled,0.000,0.000,deg/s,joint_states,-14.240,13.450,0.000,0.000,0.805,-0.083,-0.232,-0.266,0.121,-5.920,16.030,,pan
assignment3_kp2_t1,65.364,1791455959.294677,1895,1791455959.076692,camera_color_optical_frame,1,-0.2461,0.1481,0.00265,0.012,1,IDLE,disabled,0.000,0.000,deg/s,joint_states,-14.240,13.450,0.000,0.000,0.801,-0.083,-0.231,-0.266,0.120,-5.938,16.007,,pan
assignment3_kp2_t1,65.382,1791455959.318085,1896,1791455959.110048,camera_color_optical_frame,1,-0.2459,0.1492,0.00263,0.003,1,IDLE,disabled,0.000,0.000,deg/s,joint_states,-14.240,13.450,0.000,0.000,0.801,-0.083,-0.231,-0.266,0.119,-5.924,15.994,,pan
assignment3_kp2_t1,65.401,1791455959.330756,1896,1791455959.110048,camera_color_optical_frame,1,-0.2459,0.1492,0.00263,0.021,1,IDLE,disabled,0.000,0.000,deg/s,joint_states,-14.240,13.450,0.000,0.000,0.801,-0.085,-0.234,-0.261,0.128,-6.082,16.189,,pan
assignment3_kp2_t1,65.420,1791455959.356426,1897,1791455959.143404,camera_color_optical_frame,1,-0.2453,0.1494,0.00264,0.002,1,IDLE,disabled,0.000,0.000,deg/s,joint_states,-14.330,13.450,0.000,0.000,0.801,-0.085,-0.234,-0.264,0.128,-6.079,16.189,,pan
assignment3_kp2_t1,65.442,1791455959.372897,1897,1791455959.143404,camera_color_optical_frame,1,-0.2453,0.1494,0.00264,0.023,1,IDLE,disabled,0.000,0.000,deg/s,joint_states,-14.330,13.450,0.000,0.000,0.803,-0.088,-0.236,-0.259,0.132,-6.227,16.294,,pan
assignment3_kp2_t1,65.462,1791455959.392202,1898,1791455959.176760,camera_color_optical_frame,1,-0.2454,0.1479,0.00271,0.011,1,IDLE,disabled,0.000,0.000,deg/s,joint_states,-14.240,13.450,0.000,0.000,0.785,-0.085,-0.227,-0.257,0.122,-6.197,16.074,,pan
assignment3_kp2_t1,65.482,1791455959.416471,1898,1791455959.176760,camera_color_optical_frame,1,-0.2454,0.1479,0.00271,0.031,1,IDLE,disabled,0.000,0.000,deg/s,joint_states,-14.240,13.450,0.000,0.000,0.784,-0.085,-0.227,-0.257,0.122,-6.203,16.065,,pan
assignment3_kp2_t1,65.501,1791455959.435528,1899,1791455959.210116,camera_color_optical_frame,1,-0.2452,0.1464,0.00274,0.011,1,IDLE,disabled,0.000,0.000,deg/s,joint_states,-14.240,13.450,0.000,0.000,0.798,-0.086,-0.229,-0.259,0.115,-6.151,15.914,,pan
assignment3_kp2_t1,65.525,1791455959.455926,1900,1791455959.243472,camera_color_optical_frame,1,-0.2453,0.1464,0.00274,0.009,0,IDLE,disabled,0.000,0.000,deg/s,joint_states,-14.240,13.450,0.000,0.000,0.476,-0.057,-0.146,-0.235,0.162,-6.858,16.978,,pan
assignment3_kp2_t1,65.544,1791455959.476630,1900,1791455959.243472,camera_color_optical_frame,1,-0.2453,0.1464,0.00274,0.028,0,IDLE,disabled,0.000,0.000,deg/s,joint_states,-14.240,13.450,0.000,0.000,0.467,-0.056,-0.144,-0.234,0.163,-6.893,17.016,,pan
assignment3_kp2_t1,65.561,1791455959.490517,1901,1791455959.276835,camera_color_optical_frame,1,-0.2453,0.1461,0.00274,0.005,1,IDLE,disabled,0.000,0.000,deg/s,joint_states,-14.330,13.450,0.000,0.000,0.796,-0.086,-0.231,-0.262,0.124,-6.136,16.105,,pan
assignment3_kp2_t1,65.582,1791455959.513541,1901,1791455959.276835,camera_color_optical_frame,1,-0.2453,0.1461,0.00274,0.026,1,IDLE,disabled,0.000,0.000,deg/s,joint_states,-14.240,13.450,0.000,0.000,0.796,-0.086,-0.231,-0.259,0.124,-6.135,16.103,,pan
assignment3_kp2_t1,65.601,1791455959.530781,1902,1791455959.310193,camera_color_optical_frame,1,-0.2454,0.1457,0.00276,0.007,1,IDLE,disabled,0.000,0.000,deg/s,joint_states,-14.240,13.450,0.000,0.000,0.905,-0.095,-0.260,-0.263,0.118,-6.015,15.960,,pan
assignment3_kp2_t1,65.623,1791455959.552571,1903,1791455959.343551,camera_color_optical_frame,1,-0.2454,0.1458,0.00275,0.006,1,IDLE,disabled,0.000,0.000,deg/s,joint_states,-14.240,13.540,0.000,0.000,0.807,-0.092,-0.234,-0.247,0.119,-6.496,16.093,,pan
assignment3_kp2_t1,65.642,1791455959.574086,1903,1791455959.343551,camera_color_optical_frame,1,-0.2454,0.1458,0.00275,0.025,1,IDLE,disabled,0.000,0.000,deg/s,joint_states,-14.240,13.450,0.000,0.000,0.807,-0.092,-0.234,-0.247,0.123,-6.521,16.091,,pan
assignment3_kp2_t1,65.661,1791455959.590362,1904,1791455959.376909,camera_color_optical_frame,1,-0.2453,0.1455,0.00275,0.005,1,IDLE,disabled,0.000,0.000,deg/s,joint_states,-14.240,13.450,0.000,0.000,0.799,-0.086,-0.232,-0.259,0.123,-6.148,16.095,,pan
assignment3_kp2_t1,65.682,1791455959.614951,1904,1791455959.376909,camera_color_optical_frame,1,-0.2453,0.1455,0.00275,0.026,1,IDLE,disabled,0.000,0.000,deg/s,joint_states,-14.330,13.540,0.000,0.000,0.799,-0.086,-0.232,-0.262,0.120,-6.148,16.093,,pan
assignment3_kp2_t1,65.700,1791455959.630125,1905,1791455959.410267,camera_color_optical_frame,1,-0.2453,0.1459,0.00275,0.007,1,IDLE,disabled,0.000,0.000,deg/s,joint_states,-14.240,13.450,0.000,0.000,0.781,-0.080,-0.227,-0.268,0.126,-5.853,16.132,,pan
assignment3_kp2_t1,65.721,1791455959.651410,1905,1791455959.410267,camera_color_optical_frame,1,-0.2453,0.1459,0.00275,0.028,1,IDLE,disabled,0.000,0.000,deg/s,joint_states,-14.240,13.450,0.000,0.000,0.779,-0.080,-0.227,-0.269,0.126,-5.825,16.133,,pan
assignment3_kp2_t1,65.742,1791455959.675716,1906,1791455959.443625,camera_color_optical_frame,1,-0.2452,0.1459,0.00275,0.016,1,IDLE,disabled,0.000,0.000,deg/s,joint_states,-14.330,13.450,0.000,0.000,0.791,-0.085,-0.230,-0.261,0.126,-6.154,16.152,,pan
assignment3_kp2_t1,65.763,1791455959.694250,1907,1791455959.476983,camera_color_optical_frame,1,-0.2453,0.1457,0.00274,0.003,1,IDLE,disabled,0.000,0.000,deg/s,joint_states,-14.240,13.450,0.000,0.000,0.799,-0.089,-0.232,-0.251,0.125,-6.383,16.129,,pan
assignment3_kp2_t1,65.781,1791455959.718088,1907,1791455959.476983,camera_color_optical_frame,1,-0.2453,0.1457,0.00274,0.021,1,IDLE,disabled,0.000,0.000,deg/s,joint_states,-14.240,13.450,0.000,0.000,0.799,-0.090,-0.232,-0.251,0.125,-6.397,16.130,,pan
assignment3_kp2_t1,65.800,1791455959.731520,1908,1791455959.510341,camera_color_optical_frame,1,-0.2453,0.1457,0.00274,0.007,1,IDLE,disabled,0.000,0.000,deg/s,joint_states,-14.240,13.450,0.000,0.000,0.806,-0.087,-0.234,-0.259,0.124,-6.134,16.105,,pan
