0.009	>>> 
0.010	>>> B 1654 2007
0.011	>>> I
0.133	>>> V 0.00 0.00
0.133	12 -0.26 0.44 0.00 0.00 HOLD
0.133	S 13771232 -0.26 0.44 0.00 0.00 HOLD
0.136	S 13771252 -0.26 0.44 0.00 0.00 HOLD
0.137	S 13771272 -0.26 0.44 0.00 0.00 HOLD
0.137	S 13771292 -0.26 0.44 0.00 0.00 HOLD
0.138	S 13771312 -0.35 0.44 0.00 0.00 HOLD
0.139	S 13771332 -0.26 0.44 0.00 0.00 HOLD
0.139	S 13771352 -0.26 0.44 0.00 0.00 HOLD
0.140	S 13771372 -0.26 0.44 0.00 0.00 HOLD
0.140	S 13771392 -0.26 0.44 0.00 0.00 HOLD
0.142	S 13771412 -0.26 0.44 0.00 0.00 HOLD
0.143	S 13771432 -0.26 0.44 0.00 0.00 HOLD
0.144	S 13771452 -0.26 0.44 0.00 0.00 HOLD
0.144	S 13771472 -0.35 0.44 0.00 0.00 HOLD
0.145	S 13771492 -0.26 0.44 0.00 0.00 HOLD
0.145	S 13771512 -0.26 0.44 0.00 0.00 HOLD
0.146	S 13771532 -0.26 0.44 0.00 0.00 HOLD
0.147	S 13771552 -0.26 0.44 0.00 0.00 HOLD
0.149	S 13771572 -0.26 0.44 0.00 0.00 HOLD
0.149	S 13771592 -0.26 0.44 0.00 0.00 HOLD
0.150	S 13771612 -0.26 0.44 0.00 0.00 HOLD
0.151	S 13771632 -0.26 0.44 0.00 0.00 HOLD
0.153	S 13771652 -0.26 0.44 0.00 0.00 HOLD
0.155	S 13771672 -0.26 0.44 0.00 0.00 HOLD
0.156	S 13771692 -0.26 0.44 0.00 0.00 HOLD
0.157	S 13771712 -0.26 0.44 0.00 0.00 HOLD
0.157	S 13771732 -0.26 0.44 0.00 0.00 HOLD
0.158	S 13771752 -0.26 0.44 0.00 0.00 HOLD
0.158	S 13771772 -0.26 0.44 0.00 0.00 HOLD
0.159	S 13771792 -0.26 0.44 0.00 0.00 HOLD
0.159	S 13771812 -0.26 0.44 0.00 0.00 HOLD
0.160	S 13771832 -0.26 0.44 0.00 0.00 HOLD
0.161	S 13771852 -0.26 0.44 0.00 0.00 HOLD
0.161	B 1654 2007
0.164	S 20196237 -0.18 0.26 0.00 0.00 HOLD
0.164	S 20196257 -0.09 0.26 0.00 0.00 HOLD
0.165	S 20196277 -0.09 0.26 0.00 0.00 HOLD
0.165	S 20196297 -0.09 0.26 0.00 0.00 HOLD
0.167	S 20196317 -0.09 0.26 0.00 0.00 HOLD
0.168	S 20196337 -0.18 0.26 0.00 0.00 HOLD
0.170	>>> V 0.00 0.00
0.171	S 20196357 -0.09 0.26 0.00 0.00 HOLD
0.171	S 20196377 -0.09 0.26 0.00 0.00 HOLD
0.173	>>> V 0.00 0.00
0.191	>>> V 0.00 0.00
0.191	S 20196397 -0.09 0.26 0.00 0.00 HOLD
0.213	>>> V 0.00 0.00
0.213	S 20196417 -0.09 0.26 0.00 0.00 HOLD
0.231	>>> V 0.00 0.00
0.232	S 20196437 -0.09 0.26 0.00 0.00 HOLD
0.252	>>> V 0.00 0.00
0.253	S 20196457 -0.09 0.26 0.00 0.00 HOLD
0.271	>>> V 0.00 0.00
0.271	S 20196477 -0.09 0.26 0.00 0.00 HOLD
0.291	>>> V 0.00 0.00
0.291	S 20196497 -0.09 0.26 0.00 0.00 HOLD
0.312	>>> V 0.00 0.00
0.313	S 20196517 -0.09 0.26 0.00 0.00 HOLD
0.331	>>> V 0.00 0.00
0.331	S 20196537 -0.18 0.26 0.00 0.00 HOLD
0.352	>>> V 0.00 0.00
0.353	S 20196557 -0.18 0.26 0.00 0.00 HOLD
0.371	>>> V 0.00 0.00
0.371	S 20196577 -0.09 0.26 0.00 0.00 HOLD
0.391	>>> V 0.00 0.00
0.391	S 20196597 -0.09 0.26 0.00 0.00 HOLD
0.413	>>> V 0.00 0.00
0.414	S 20196617 -0.09 0.26 0.00 0.00 HOLD
0.431	>>> V 0.00 0.00
0.431	S 20196637 -0.09 0.26 0.00 0.00 HOLD
0.451	>>> V 0.00 0.00
0.453	S 20196657 -0.09 0.26 0.00 0.00 HOLD
0.471	>>> V 0.00 0.00
0.471	S 20196677 -0.18 0.26 0.00 0.00 HOLD
0.491	>>> V 0.00 0.00
0.491	S 20196697 -0.09 0.26 0.00 0.00 HOLD
0.511	>>> V 0.00 0.00
0.512	S 20196717 -0.09 0.26 0.00 0.00 HOLD
0.532	>>> V 0.00 0.00
0.532	S 20196737 -0.09 0.26 0.00 0.00 HOLD
0.551	>>> V 0.00 0.00
0.551	S 20196757 -0.09 0.26 0.00 0.00 HOLD
0.571	>>> V 0.00 0.00
0.571	S 20196777 -0.09 0.26 0.00 0.00 HOLD
0.591	>>> V 0.00 0.00
0.591	S 20196797 -0.09 0.26 0.00 0.00 HOLD
0.614	>>> V 0.00 0.00
0.615	S 20196817 -0.09 0.26 0.00 0.00 HOLD
0.630	>>> V 0.00 0.00
0.631	S 20196837 -0.09 0.26 0.00 0.00 HOLD
0.651	>>> V 0.00 0.00
0.652	S 20196857 -0.09 0.26 0.00 0.00 HOLD
0.670	>>> V 0.00 0.00
0.671	S 20196877 -0.09 0.26 0.00 0.00 HOLD
0.691	>>> V 0.00 0.00
0.694	S 20196897 -0.18 0.26 0.00 0.00 HOLD
0.712	>>> V 0.00 0.00
0.713	S 20196917 -0.09 0.26 0.00 0.00 HOLD
0.732	>>> V 0.00 0.00
0.732	S 20196937 -0.18 0.18 0.00 0.00 HOLD
0.751	>>> V 0.00 0.00
0.753	S 20196957 -0.18 0.26 0.00 0.00 HOLD
0.771	>>> V 0.00 0.00
0.771	S 20196977 -0.18 0.26 0.00 0.00 HOLD
0.791	>>> V 0.00 0.00
0.794	S 20196997 -0.18 0.26 0.00 0.00 HOLD
0.814	>>> V 0.00 0.00
0.815	S 20197017 -0.09 0.26 0.00 0.00 HOLD
0.832	>>> V 0.00 0.00
0.832	S 20197037 -0.09 0.26 0.00 0.00 HOLD
0.853	>>> V 0.00 0.00
0.854	S 20197057 -0.18 0.26 0.00 0.00 HOLD
0.871	>>> V 0.00 0.00
0.871	S 20197077 -0.09 0.26 0.00 0.00 HOLD
0.891	>>> V 0.00 0.00
0.891	S 20197097 -0.09 0.26 0.00 0.00 HOLD
0.911	>>> V 0.00 0.00
0.912	S 20197117 -0.18 0.26 0.00 0.00 HOLD
0.931	>>> V 0.00 0.00
0.931	S 20197137 -0.18 0.26 0.00 0.00 HOLD
0.951	>>> V 0.00 0.00
0.952	S 20197157 -0.09 0.26 0.00 0.00 HOLD
0.971	>>> V 0.00 0.00
0.971	S 20197177 -0.09 0.26 0.00 0.00 HOLD
0.992	>>> V 0.00 0.00
0.992	S 20197197 -0.09 0.26 0.00 0.00 HOLD
1.011	>>> V 0.00 0.00
1.012	S 20197217 -0.18 0.26 0.00 0.00 HOLD
1.031	>>> V 0.00 0.00
1.032	S 20197237 -0.09 0.26 0.00 0.00 HOLD
1.054	>>> V 0.00 0.00
1.055	S 20197257 -0.18 0.26 0.00 0.00 HOLD
1.071	>>> V 0.00 0.00
1.073	S 20197277 -0.09 0.26 0.00 0.00 HOLD
1.092	>>> V 0.00 0.00
1.092	S 20197297 -0.09 0.26 0.00 0.00 HOLD
1.114	>>> V 0.00 0.00
1.116	S 20197317 -0.09 0.26 0.00 0.00 HOLD
1.131	>>> V 0.00 0.00
1.131	S 20197337 -0.09 0.26 0.00 0.00 HOLD
1.152	>>> V 0.00 0.00
1.153	S 20197357 -0.09 0.26 0.00 0.00 HOLD
1.171	>>> V 0.00 0.00
1.171	S 20197377 -0.18 0.26 0.00 0.00 HOLD
1.191	>>> V 0.00 0.00
1.191	S 20197397 -0.09 0.26 0.00 0.00 HOLD
1.210	>>> V 0.00 0.00
1.211	S 20197417 -0.09 0.26 0.00 0.00 HOLD
1.232	>>> V 0.00 0.00
1.234	S 20197437 -0.09 0.26 0.00 0.00 HOLD
1.254	>>> V 0.00 0.00
1.255	S 20197457 -0.09 0.26 0.00 0.00 HOLD
1.271	>>> V 0.00 0.00
1.271	S 20197477 -0.09 0.26 0.00 0.00 HOLD
1.291	>>> V 0.00 0.00
1.292	S 20197497 -0.09 0.26 0.00 0.00 HOLD
1.313	>>> V 0.00 0.00
1.314	S 20197517 -0.09 0.26 0.00 0.00 HOLD
1.332	>>> V 0.00 0.00
1.333	S 20197537 -0.18 0.26 0.00 0.00 HOLD
1.353	>>> V 0.00 0.00
1.355	S 20197557 -0.09 0.26 0.00 0.00 HOLD
1.370	>>> V 0.00 0.00
1.371	S 20197577 -0.09 0.26 0.00 0.00 HOLD
1.391	>>> V 0.00 0.00
1.392	S 20197597 -0.18 0.26 0.00 0.00 HOLD
1.412	>>> V 0.00 0.00
1.412	S 20197617 -0.09 0.26 0.00 0.00 HOLD
1.432	>>> V 0.00 0.00
1.432	S 20197637 -0.09 0.26 0.00 0.00 HOLD
1.452	>>> V 0.00 0.00
1.453	S 20197657 -0.09 0.26 0.00 0.00 HOLD
1.472	>>> V 0.00 0.00
1.472	S 20197677 -0.18 0.26 0.00 0.00 HOLD
1.491	>>> V 0.00 0.00
1.491	S 20197697 -0.09 0.26 0.00 0.00 HOLD
1.515	>>> V 0.00 0.00
1.518	S 20197717 -0.09 0.26 0.00 0.00 HOLD
1.531	>>> V 0.00 0.00
1.532	S 20197737 -0.09 0.26 0.00 0.00 HOLD
1.552	>>> V 0.00 0.00
1.553	S 20197757 -0.18 0.26 0.00 0.00 HOLD
1.571	>>> V 0.00 0.00
1.571	S 20197777 -0.18 0.26 0.00 0.00 HOLD
1.592	>>> V 0.00 0.00
1.594	S 20197797 -0.09 0.26 0.00 0.00 HOLD
1.614	>>> V 0.00 0.00
1.615	S 20197817 -0.09 0.26 0.00 0.00 HOLD
1.632	>>> V 0.00 0.00
1.632	S 20197837 -0.09 0.26 0.00 0.00 HOLD
1.653	>>> V 0.00 0.00
1.656	S 20197857 -0.09 0.26 0.00 0.00 HOLD
1.672	>>> V 0.00 0.00
1.672	S 20197877 -0.09 0.26 0.00 0.00 HOLD
1.692	>>> V 0.00 0.00
1.692	S 20197897 -0.18 0.26 0.00 0.00 HOLD
1.713	>>> V 0.00 0.00
1.714	S 20197917 -0.09 0.26 0.00 0.00 HOLD
1.732	>>> V 0.00 0.00
1.734	S 20197937 -0.18 0.26 0.00 0.00 HOLD
1.751	>>> V 0.00 0.00
1.751	S 20197957 -0.09 0.26 0.00 0.00 HOLD
1.774	>>> V 0.00 0.00
1.777	S 20197977 -0.09 0.26 0.00 0.00 HOLD
1.791	>>> V 0.00 0.00
1.792	S 20197997 -0.09 0.26 0.00 0.00 HOLD
1.813	>>> V 0.00 0.00
1.814	S 20198017 -0.18 0.26 0.00 0.00 HOLD
1.831	>>> V 0.00 0.00
1.832	S 20198037 -0.09 0.26 0.00 0.00 HOLD
1.851	>>> V 0.00 0.00
1.853	S 20198057 -0.09 0.26 0.00 0.00 HOLD
1.871	>>> V 0.00 0.00
1.871	S 20198077 -0.09 0.26 0.00 0.00 HOLD
1.892	>>> V 0.00 0.00
1.893	S 20198097 -0.09 0.26 0.00 0.00 HOLD
1.915	>>> V 0.00 0.00
1.915	S 20198117 -0.18 0.26 0.00 0.00 HOLD
1.931	>>> V 0.00 0.00
1.932	S 20198137 -0.09 0.26 0.00 0.00 HOLD
1.951	>>> V 0.00 0.00
1.952	S 20198157 -0.09 0.26 0.00 0.00 HOLD
1.971	>>> V 0.00 0.00
1.971	S 20198177 -0.09 0.26 0.00 0.00 HOLD
1.992	>>> V 0.00 0.00
1.992	S 20198197 -0.09 0.26 0.00 0.00 HOLD
2.015	>>> V 0.00 0.00
2.015	S 20198217 -0.09 0.26 0.00 0.00 HOLD
2.032	>>> V 0.00 0.00
2.032	S 20198237 -0.09 0.26 0.00 0.00 HOLD
2.051	>>> V 0.00 0.00
2.052	S 20198257 -0.09 0.26 0.00 0.00 HOLD
2.072	>>> V 0.00 0.00
2.078	S 20198277 -0.09 0.26 0.00 0.00 HOLD
2.091	>>> V 0.00 0.00
2.091	S 20198297 -0.09 0.26 0.00 0.00 HOLD
2.114	>>> V 0.00 0.00
2.114	S 20198317 -0.09 0.26 0.00 0.00 HOLD
2.131	>>> V 0.00 0.00
2.131	S 20198337 -0.09 0.26 0.00 0.00 HOLD
2.153	>>> V 0.00 0.00
2.155	S 20198357 -0.09 0.26 0.00 0.00 HOLD
2.171	>>> V 0.00 0.00
2.171	S 20198377 -0.09 0.26 0.00 0.00 HOLD
2.191	>>> V 0.00 0.00
2.193	S 20198397 -0.18 0.26 0.00 0.00 HOLD
2.211	>>> V 0.00 0.00
2.213	S 20198417 -0.09 0.26 0.00 0.00 HOLD
2.232	>>> V 0.00 0.00
2.232	S 20198437 -0.09 0.26 0.00 0.00 HOLD
2.251	>>> V 0.00 0.00
2.254	S 20198457 -0.09 0.26 0.00 0.00 HOLD
2.271	>>> V 0.00 0.00
2.271	S 20198477 -0.09 0.26 0.00 0.00 HOLD
2.292	>>> V 0.00 0.00
2.293	S 20198497 -0.09 0.26 0.00 0.00 HOLD
2.311	>>> V 0.00 0.00
2.312	S 20198517 -0.09 0.26 0.00 0.00 HOLD
2.336	>>> V 0.00 0.00
2.338	S 20198537 -0.09 0.26 0.00 0.00 HOLD
2.351	>>> V 0.00 0.00
2.351	S 20198557 -0.09 0.26 0.00 0.00 HOLD
2.372	>>> V 0.00 0.00
2.374	S 20198577 -0.09 0.26 0.00 0.00 HOLD
2.391	>>> V 0.00 0.00
2.392	S 20198597 -0.09 0.26 0.00 0.00 HOLD
2.411	>>> V 0.00 0.00
2.412	S 20198617 -0.09 0.26 0.00 0.00 HOLD
2.431	>>> V 0.00 0.00
2.431	S 20198637 -0.09 0.26 0.00 0.00 HOLD
2.451	>>> V 0.00 0.00
2.453	S 20198657 -0.09 0.26 0.00 0.00 HOLD
2.472	>>> V 0.00 0.00
2.472	S 20198677 -0.09 0.26 0.00 0.00 HOLD
2.492	>>> V 0.00 0.00
2.494	S 20198697 -0.09 0.26 0.00 0.00 HOLD
2.518	>>> V 0.00 0.00
2.519	S 20198717 -0.09 0.26 0.00 0.00 HOLD
2.531	>>> V 0.00 0.00
2.532	S 20198737 -0.09 0.26 0.00 0.00 HOLD
2.552	>>> V 0.00 0.00
2.553	S 20198757 -0.09 0.26 0.00 0.00 HOLD
2.571	>>> V 0.00 0.00
2.571	S 20198777 -0.18 0.26 0.00 0.00 HOLD
2.592	>>> V 0.00 0.00
2.593	S 20198797 -0.09 0.26 0.00 0.00 HOLD
2.612	>>> V 0.00 0.00
2.612	S 20198817 -0.18 0.26 0.00 0.00 HOLD
2.635	>>> V 0.00 0.00
2.636	S 20198837 -0.09 0.26 0.00 0.00 HOLD
2.651	>>> V 0.00 0.00
2.651	S 20198857 -0.09 0.26 0.00 0.00 HOLD
2.674	>>> V 0.00 0.00
2.675	S 20198877 -0.18 0.26 0.00 0.00 HOLD
2.691	>>> V 0.00 0.00
2.691	S 20198897 -0.09 0.26 0.00 0.00 HOLD
2.713	>>> V 0.00 0.00
2.714	S 20198917 -0.09 0.26 0.00 0.00 HOLD
2.733	>>> V 0.00 0.00
2.734	S 20198937 -0.09 0.26 0.00 0.00 HOLD
2.751	>>> V 0.00 0.00
2.752	S 20198957 -0.09 0.26 0.00 0.00 HOLD
2.771	>>> V 0.00 0.00
2.771	S 20198977 -0.09 0.26 0.00 0.00 HOLD
2.792	>>> V 0.00 0.00
2.792	S 20198997 -0.09 0.26 0.00 0.00 HOLD
2.813	>>> V 0.00 0.00
2.814	S 20199017 -0.09 0.26 0.00 0.00 HOLD
2.831	>>> V 0.00 0.00
2.831	S 20199037 -0.09 0.26 0.00 0.00 HOLD
2.856	>>> V 0.00 0.00
2.858	S 20199057 -0.09 0.26 0.00 0.00 HOLD
2.871	>>> V 0.00 0.00
2.872	S 20199077 -0.18 0.26 0.00 0.00 HOLD
2.894	>>> V 0.00 0.00
2.894	S 20199097 -0.18 0.26 0.00 0.00 HOLD
2.913	>>> V 0.00 0.00
2.914	S 20199117 -0.09 0.26 0.00 0.00 HOLD
2.931	>>> V 0.00 0.00
2.932	S 20199137 -0.09 0.26 0.00 0.00 HOLD
2.954	>>> V 0.00 0.00
2.955	S 20199157 -0.18 0.26 0.00 0.00 HOLD
2.971	>>> V 0.00 0.00
2.972	S 20199177 -0.09 0.26 0.00 0.00 HOLD
2.991	>>> V 0.00 0.00
2.992	S 20199197 -0.09 0.26 0.00 0.00 HOLD
3.012	>>> V 0.00 0.00
3.012	S 20199217 -0.09 0.26 0.00 0.00 HOLD
3.032	>>> V 0.00 0.00
3.033	S 20199237 -0.09 0.26 0.00 0.00 HOLD
3.053	>>> V 0.00 0.00
3.054	S 20199257 -0.09 0.26 0.00 0.00 HOLD
3.071	>>> V 0.00 0.00
3.071	S 20199277 -0.09 0.26 0.00 0.00 HOLD
3.091	>>> V 0.00 0.00
3.091	S 20199297 -0.18 0.26 0.00 0.00 HOLD
3.112	>>> V 0.00 0.00
3.113	S 20199317 -0.09 0.26 0.00 0.00 HOLD
3.131	>>> V 0.00 0.00
3.131	S 20199337 -0.18 0.26 0.00 0.00 HOLD
3.153	>>> V 0.00 0.00
3.154	S 20199357 -0.18 0.26 0.00 0.00 HOLD
3.174	>>> V 0.00 0.00
3.175	S 20199377 -0.09 0.26 0.00 0.00 HOLD
3.191	>>> V 0.00 0.00
3.192	S 20199397 -0.09 0.26 0.00 0.00 HOLD
3.211	>>> V 0.00 0.00
3.211	S 20199417 -0.09 0.26 0.00 0.00 HOLD
3.231	>>> V 0.00 0.00
3.232	S 20199437 -0.09 0.26 0.00 0.00 HOLD
3.257	>>> V 0.00 0.00
3.258	S 20199457 -0.18 0.26 0.00 0.00 HOLD
3.271	>>> V 0.00 0.00
3.271	S 20199477 -0.18 0.26 0.00 0.00 HOLD
3.291	>>> V 0.00 0.00
3.292	S 20199497 -0.09 0.26 0.00 0.00 HOLD
3.312	>>> V 0.00 0.00
3.312	S 20199517 -0.18 0.26 0.00 0.00 HOLD
3.332	>>> V 0.00 0.00
3.332	S 20199537 -0.09 0.18 0.00 0.00 HOLD
3.351	>>> V 0.00 0.00
3.353	S 20199557 -0.18 0.26 0.00 0.00 HOLD
3.371	>>> V 0.00 0.00
3.371	S 20199577 -0.09 0.26 0.00 0.00 HOLD
3.391	>>> V 0.00 0.00
3.392	S 20199597 -0.09 0.26 0.00 0.00 HOLD
3.413	>>> V 0.00 0.00
3.413	S 20199617 -0.09 0.26 0.00 0.00 HOLD
3.431	>>> V 0.00 0.00
3.431	S 20199637 -0.09 0.26 0.00 0.00 HOLD
3.452	>>> V 0.00 0.00
3.455	S 20199657 -0.09 0.26 0.00 0.00 HOLD
3.471	>>> V 0.00 0.00
3.471	S 20199677 -0.09 0.26 0.00 0.00 HOLD
3.492	>>> V 0.00 0.00
3.493	S 20199697 -0.09 0.26 0.00 0.00 HOLD
3.511	>>> V 0.00 0.00
3.511	S 20199717 -0.09 0.26 0.00 0.00 HOLD
3.532	>>> V 0.00 0.00
3.532	S 20199737 -0.09 0.26 0.00 0.00 HOLD
3.552	>>> V 0.00 0.00
3.555	S 20199757 -0.09 0.26 0.00 0.00 HOLD
3.571	>>> V 0.00 0.00
3.571	S 20199777 -0.09 0.26 0.00 0.00 HOLD
3.593	>>> V 0.00 0.00
3.594	S 20199797 -0.09 0.26 0.00 0.00 HOLD
3.612	>>> V 0.00 0.00
3.613	S 20199817 -0.09 0.26 0.00 0.00 HOLD
3.631	>>> V 0.00 0.00
3.632	S 20199837 -0.09 0.26 0.00 0.00 HOLD
3.652	>>> V 0.00 0.00
3.652	S 20199857 -0.09 0.26 0.00 0.00 HOLD
3.671	>>> V 0.00 0.00
3.673	S 20199877 -0.18 0.26 0.00 0.00 HOLD
3.691	>>> V 0.00 0.00
3.692	S 20199897 -0.09 0.26 0.00 0.00 HOLD
3.711	>>> V 0.00 0.00
3.715	S 20199917 -0.18 0.26 0.00 0.00 HOLD
3.732	>>> V 0.00 0.00
3.733	S 20199937 -0.09 0.26 0.00 0.00 HOLD
3.754	>>> V 0.00 0.00
3.755	S 20199957 -0.09 0.26 0.00 0.00 HOLD
3.771	>>> V 0.00 0.00
3.771	S 20199977 -0.09 0.26 0.00 0.00 HOLD
3.793	>>> V 0.00 0.00
3.795	S 20199997 -0.09 0.26 0.00 0.00 HOLD
3.814	>>> V 0.00 0.00
3.815	S 20200017 -0.09 0.26 0.00 0.00 HOLD
3.831	>>> V 0.00 0.00
3.832	S 20200037 -0.09 0.26 0.00 0.00 HOLD
3.851	>>> V 0.00 0.00
3.852	S 20200057 -0.09 0.26 0.00 0.00 HOLD
3.871	>>> V 0.00 0.00
3.871	S 20200077 -0.18 0.26 0.00 0.00 HOLD
3.895	>>> V 0.00 0.00
3.897	S 20200097 -0.09 0.26 0.00 0.00 HOLD
3.912	>>> V 0.00 0.00
3.913	S 20200117 -0.09 0.26 0.00 0.00 HOLD
3.932	>>> V 0.00 0.00
3.933	S 20200137 -0.18 0.26 0.00 0.00 HOLD
3.954	>>> V 0.00 0.00
3.954	S 20200157 -0.09 0.26 0.00 0.00 HOLD
3.971	>>> V 0.00 0.00
3.971	S 20200177 -0.09 0.26 0.00 0.00 HOLD
3.996	>>> V 0.00 0.00
3.997	S 20200197 -0.18 0.26 0.00 0.00 HOLD
4.012	>>> V 0.00 0.00
4.013	S 20200217 -0.09 0.26 0.00 0.00 HOLD
4.032	>>> V 0.00 0.00
4.033	S 20200237 -0.09 0.26 0.00 0.00 HOLD
4.054	>>> V 0.00 0.00
4.054	S 20200257 -0.18 0.26 0.00 0.00 HOLD
4.071	>>> V 0.00 0.00
4.071	S 20200277 -0.09 0.26 0.00 0.00 HOLD
4.095	>>> V 0.00 0.00
4.095	S 20200297 -0.18 0.26 0.00 0.00 HOLD
4.111	>>> V 0.00 0.00
4.112	S 20200317 -0.09 0.26 0.00 0.00 HOLD
4.133	>>> V 0.00 0.00
4.134	S 20200337 -0.18 0.26 0.00 0.00 HOLD
4.155	>>> V 0.00 0.00
4.156	S 20200357 -0.09 0.26 0.00 0.00 HOLD
4.172	>>> V 0.00 0.00
4.173	S 20200377 -0.09 0.26 0.00 0.00 HOLD
4.194	>>> V 0.00 0.00
4.195	S 20200397 -0.09 0.26 0.00 0.00 HOLD
4.211	>>> V 0.00 0.00
4.213	S 20200417 -0.09 0.26 0.00 0.00 HOLD
4.232	>>> V 0.00 0.00
4.234	S 20200437 -0.09 0.26 0.00 0.00 HOLD
4.251	>>> V 0.00 0.00
4.252	S 20200457 -0.18 0.26 0.00 0.00 HOLD
4.271	>>> V 0.00 0.00
4.271	S 20200477 -0.18 0.26 0.00 0.00 HOLD
4.292	>>> V 0.00 0.00
4.294	S 20200497 -0.09 0.26 0.00 0.00 HOLD
4.312	>>> V 0.00 0.00
4.313	S 20200517 -0.09 0.26 0.00 0.00 HOLD
4.332	>>> V 0.00 0.00
4.333	S 20200537 -0.09 0.26 0.00 0.00 HOLD
4.352	>>> V 0.00 0.00
4.353	S 20200557 -0.09 0.26 0.00 0.00 HOLD
4.372	>>> V 0.00 0.00
4.372	S 20200577 -0.09 0.26 0.00 0.00 HOLD
4.391	>>> V 0.00 0.00
4.394	S 20200597 -0.18 0.26 0.00 0.00 HOLD
4.411	>>> V 0.00 0.00
4.411	S 20200617 -0.18 0.26 0.00 0.00 HOLD
4.436	>>> V 0.00 0.00
4.437	S 20200637 -0.09 0.26 0.00 0.00 HOLD
4.451	>>> V 0.00 0.00
4.451	S 20200657 -0.09 0.26 0.00 0.00 HOLD
4.472	>>> V 0.00 0.00
4.473	S 20200677 -0.09 0.26 0.00 0.00 HOLD
4.492	>>> V 0.00 0.00
4.494	S 20200697 -0.09 0.26 0.00 0.00 HOLD
4.512	>>> V 0.00 0.00
4.513	S 20200717 -0.09 0.26 0.00 0.00 HOLD
4.532	>>> V 0.00 0.00
4.533	S 20200737 -0.09 0.26 0.00 0.00 HOLD
4.551	>>> V 0.00 0.00
4.551	S 20200757 -0.09 0.26 0.00 0.00 HOLD
4.573	>>> V 0.00 0.00
4.574	S 20200777 -0.09 0.26 0.00 0.00 HOLD
4.591	>>> V 0.00 0.00
4.591	S 20200797 -0.09 0.26 0.00 0.00 HOLD
4.611	>>> V 0.00 0.00
4.612	S 20200817 -0.18 0.26 0.00 0.00 HOLD
4.634	>>> V 0.00 0.00
4.635	S 20200837 -0.09 0.26 0.00 0.00 HOLD
4.650	>>> V 0.00 0.00
4.651	S 20200857 -0.18 0.26 0.00 0.00 HOLD
4.675	>>> V 0.00 0.00
4.675	S 20200877 -0.18 0.26 0.00 0.00 HOLD
4.691	>>> V 0.00 0.00
4.691	S 20200897 -0.09 0.26 0.00 0.00 HOLD
4.713	>>> V 0.00 0.00
4.714	S 20200917 -0.09 0.26 0.00 0.00 HOLD
4.732	>>> V 0.00 0.00
4.733	S 20200937 -0.09 0.26 0.00 0.00 HOLD
4.751	>>> V 0.00 0.00
4.751	S 20200957 -0.09 0.26 0.00 0.00 HOLD
4.777	>>> V 0.00 0.00
4.778	S 20200977 -0.09 0.26 0.00 0.00 HOLD
4.792	>>> V 0.00 0.00
4.792	S 20200997 -0.18 0.26 0.00 0.00 HOLD
4.813	>>> V 0.00 0.00
4.814	S 20201017 -0.18 0.26 0.00 0.00 HOLD
4.834	>>> V 0.00 0.00
4.835	S 20201037 -0.09 0.26 0.00 0.00 HOLD
4.851	>>> V 0.00 0.00
4.851	S 20201057 -0.09 0.26 0.00 0.00 HOLD
4.871	>>> V 0.00 0.00
4.872	S 20201077 -0.09 0.26 0.00 0.00 HOLD
4.893	>>> V 0.00 0.00
4.894	S 20201097 -0.18 0.26 0.00 0.00 HOLD
4.918	>>> V 0.00 0.00
4.920	S 20201117 -0.09 0.26 0.00 0.00 HOLD
4.932	>>> V 0.00 0.00
4.933	S 20201137 -0.09 0.26 0.00 0.00 HOLD
4.957	>>> V 0.00 0.00
4.958	S 20201157 -0.09 0.26 0.00 0.00 HOLD
4.974	>>> V 0.00 0.00
4.975	S 20201177 -0.18 0.26 0.00 0.00 HOLD
4.991	>>> V 0.00 0.00
4.992	S 20201197 -0.09 0.26 0.00 0.00 HOLD
5.015	>>> V 0.00 0.00
5.018	S 20201217 -0.09 0.26 0.00 0.00 HOLD
5.031	>>> V 0.00 0.00
5.032	S 20201237 -0.09 0.26 0.00 0.00 HOLD
5.060	>>> V 0.00 0.00
5.061	S 20201257 -0.09 0.26 0.00 0.00 HOLD
5.071	>>> V 0.00 0.00
5.072	S 20201277 -0.09 0.26 0.00 0.00 HOLD
5.092	>>> V 0.00 0.00
5.092	S 20201297 -0.09 0.26 0.00 0.00 HOLD
5.111	>>> V 0.00 0.00
5.111	S 20201317 -0.09 0.26 0.00 0.00 HOLD
5.132	>>> V 0.00 0.00
5.133	S 20201337 -0.18 0.26 0.00 0.00 HOLD
5.158	>>> V 0.00 0.00
5.158	S 20201357 -0.18 0.26 0.00 0.00 HOLD
5.173	>>> V 0.00 0.00
5.173	S 20201377 -0.09 0.26 0.00 0.00 HOLD
5.191	>>> V 0.00 0.00
5.192	S 20201397 -0.09 0.26 0.00 0.00 HOLD
5.211	>>> V 0.00 0.00
5.213	S 20201417 -0.09 0.26 0.00 0.00 HOLD
5.231	>>> V 0.00 0.00
5.231	S 20201437 -0.09 0.26 0.00 0.00 HOLD
5.257	>>> V 0.00 0.00
5.257	S 20201457 -0.18 0.26 0.00 0.00 HOLD
5.277	>>> V 0.00 0.00
5.277	S 20201477 -0.09 0.26 0.00 0.00 HOLD
5.291	>>> V 0.00 0.00
5.292	S 20201497 -0.18 0.26 0.00 0.00 HOLD
5.311	>>> V 0.00 0.00
5.312	S 20201517 -0.09 0.26 0.00 0.00 HOLD
5.331	>>> V 0.00 0.00
5.331	S 20201537 -0.18 0.26 0.00 0.00 HOLD
5.352	>>> V 0.00 0.00
5.353	S 20201557 -0.09 0.26 0.00 0.00 HOLD
5.371	>>> V 0.00 0.00
5.371	S 20201577 -0.09 0.26 0.00 0.00 HOLD
5.391	>>> V 0.00 0.00
5.391	S 20201597 -0.18 0.26 0.00 0.00 HOLD
5.412	>>> V 0.00 0.00
5.413	S 20201617 -0.09 0.26 0.00 0.00 HOLD
5.431	>>> V 0.00 0.00
5.431	S 20201637 -0.09 0.26 0.00 0.00 HOLD
5.456	>>> V 0.00 0.00
5.457	S 20201657 -0.09 0.26 0.00 0.00 HOLD
5.472	>>> V 0.00 0.00
5.472	S 20201677 -0.09 0.26 0.00 0.00 HOLD
5.492	>>> V 0.00 0.00
5.493	S 20201697 -0.09 0.26 0.00 0.00 HOLD
5.511	>>> V 0.00 0.00
5.512	S 20201717 -0.09 0.26 0.00 0.00 HOLD
5.531	>>> V 0.00 0.00
5.531	S 20201737 -0.09 0.26 0.00 0.00 HOLD
5.555	>>> V 0.00 0.00
5.556	S 20201757 -0.18 0.26 0.00 0.00 HOLD
5.572	>>> V 0.00 0.00
5.572	S 20201777 -0.18 0.26 0.00 0.00 HOLD
5.592	>>> V 0.00 0.00
5.593	S 20201797 -0.09 0.26 0.00 0.00 HOLD
5.612	>>> V 0.00 0.00
5.612	S 20201817 -0.09 0.26 0.00 0.00 HOLD
5.632	>>> V 0.00 0.00
5.633	S 20201837 -0.09 0.26 0.00 0.00 HOLD
5.651	>>> V 0.00 0.00
5.652	S 20201857 -0.09 0.26 0.00 0.00 HOLD
5.671	>>> V 0.00 0.00
5.671	S 20201877 -0.09 0.26 0.00 0.00 HOLD
5.692	>>> V 0.00 0.00
5.693	S 20201897 -0.09 0.26 0.00 0.00 HOLD
5.711	>>> V 0.00 0.00
5.711	S 20201917 -0.09 0.26 0.00 0.00 HOLD
5.736	>>> V 0.00 0.00
5.737	S 20201937 -0.09 0.26 0.00 0.00 HOLD
5.751	>>> V 0.00 0.00
5.752	S 20201957 -0.18 0.26 0.00 0.00 HOLD
5.772	>>> V 0.00 0.00
5.772	S 20201977 -0.09 0.18 0.00 0.00 HOLD
5.793	>>> V 0.00 0.00
5.793	S 20201997 -0.09 0.26 0.00 0.00 HOLD
5.811	>>> V 0.00 0.00
5.811	S 20202017 -0.09 0.26 0.00 0.00 HOLD
5.833	>>> V 0.00 0.00
5.834	S 20202037 -0.09 0.26 0.00 0.00 HOLD
5.851	>>> V 0.00 0.00
5.851	S 20202057 -0.09 0.26 0.00 0.00 HOLD
5.873	>>> V 0.00 0.00
5.874	S 20202077 -0.09 0.26 0.00 0.00 HOLD
5.893	>>> V 0.00 0.00
5.894	S 20202097 -0.09 0.26 0.00 0.00 HOLD
5.911	>>> V 0.00 0.00
5.911	S 20202117 -0.09 0.26 0.00 0.00 HOLD
5.934	>>> V 0.00 0.00
5.934	S 20202137 -0.09 0.26 0.00 0.00 HOLD
5.953	>>> V 0.00 0.00
5.954	S 20202157 -0.09 0.26 0.00 0.00 HOLD
5.971	>>> V 0.00 0.00
5.972	S 20202177 -0.09 0.26 0.00 0.00 HOLD
5.994	>>> V 0.00 0.00
5.995	S 20202197 -0.09 0.26 0.00 0.00 HOLD
6.011	>>> V 0.00 0.00
6.011	S 20202217 -0.09 0.26 0.00 0.00 HOLD
6.035	>>> V 0.00 0.00
6.036	S 20202237 -0.09 0.26 0.00 0.00 HOLD
6.051	>>> V 0.00 0.00
6.052	S 20202257 -0.09 0.26 0.00 0.00 HOLD
6.072	>>> V 0.00 0.00
6.073	S 20202277 -0.18 0.26 0.00 0.00 HOLD
6.093	>>> V 0.00 0.00
6.093	S 20202297 -0.09 0.18 0.00 0.00 HOLD
6.111	>>> V 0.00 0.00
6.112	S 20202317 -0.18 0.26 0.00 0.00 HOLD
6.131	>>> V 0.00 0.00
6.134	S 20202338 -0.09 0.26 0.00 0.00 HOLD
6.151	>>> V 0.00 0.00
6.153	S 20202357 -0.09 0.26 0.00 0.00 HOLD
6.171	>>> V 0.00 0.00
6.173	S 20202378 -0.09 0.26 0.00 0.00 HOLD
6.193	>>> V 0.00 0.00
6.194	S 20202398 -0.09 0.26 0.00 0.00 HOLD
6.211	>>> V 0.00 0.00
6.211	S 20202418 -0.18 0.26 0.00 0.00 HOLD
6.232	>>> V 0.00 0.00
6.234	S 20202438 -0.09 0.26 0.00 0.00 HOLD
6.252	>>> V 0.00 0.00
6.253	S 20202458 -0.09 0.26 0.00 0.00 HOLD
6.271	>>> V 0.00 0.00
6.272	S 20202478 -0.09 0.26 0.00 0.00 HOLD
6.292	>>> V 0.00 0.00
6.292	S 20202498 -0.18 0.26 0.00 0.00 HOLD
6.311	>>> V 0.00 0.00
6.311	S 20202518 -0.09 0.26 0.00 0.00 HOLD
6.332	>>> V 0.00 0.00
6.334	S 20202538 -0.09 0.26 0.00 0.00 HOLD
6.353	>>> V 0.00 0.00
6.355	S 20202558 -0.09 0.26 0.00 0.00 HOLD
6.372	>>> V 0.00 0.00
6.374	S 20202578 -0.09 0.26 0.00 0.00 HOLD
6.392	>>> V 0.00 0.00
6.392	S 20202598 -0.18 0.26 0.00 0.00 HOLD
6.411	>>> V 0.00 0.00
6.411	S 20202618 -0.09 0.18 0.00 0.00 HOLD
6.433	>>> V 0.00 0.00
6.434	S 20202638 -0.09 0.26 0.00 0.00 HOLD
6.453	>>> V 0.00 0.00
6.454	S 20202658 -0.09 0.26 0.00 0.00 HOLD
6.471	>>> V 0.00 0.00
6.473	S 20202678 -0.09 0.26 0.00 0.00 HOLD
6.493	>>> V 0.00 0.00
6.493	S 20202698 -0.09 0.26 0.00 0.00 HOLD
6.510	>>> V 0.00 0.00
6.512	S 20202718 -0.09 0.26 0.00 0.00 HOLD
6.531	>>> V 0.00 0.00
6.531	S 20202738 -0.09 0.26 0.00 0.00 HOLD
6.554	>>> V 0.00 0.00
6.555	S 20202758 -0.09 0.26 0.00 0.00 HOLD
6.572	>>> V 0.00 0.00
6.572	S 20202778 -0.09 0.26 0.00 0.00 HOLD
6.592	>>> V 0.00 0.00
6.592	S 20202798 -0.09 0.26 0.00 0.00 HOLD
6.615	>>> V 0.00 0.00
6.616	S 20202818 -0.09 0.26 0.00 0.00 HOLD
6.631	>>> V 0.00 0.00
6.631	S 20202838 -0.09 0.26 0.00 0.00 HOLD
6.656	>>> V 0.00 0.00
6.657	S 20202858 -0.18 0.26 0.00 0.00 HOLD
6.673	>>> V 0.00 0.00
6.674	S 20202878 -0.18 0.26 0.00 0.00 HOLD
6.692	>>> V 0.00 0.00
6.693	S 20202898 -0.18 0.26 0.00 0.00 HOLD
6.713	>>> V 0.00 0.00
6.713	S 20202918 -0.09 0.26 0.00 0.00 HOLD
6.732	>>> V 0.00 0.00
6.732	S 20202938 -0.09 0.26 0.00 0.00 HOLD
6.751	>>> V 0.00 0.00
6.751	S 20202958 -0.09 0.26 0.00 0.00 HOLD
6.771	>>> V 0.00 0.00
6.771	S 20202978 -0.09 0.26 0.00 0.00 HOLD
6.792	>>> V 0.00 0.00
6.794	S 20202998 -0.18 0.26 0.00 0.00 HOLD
6.811	>>> V 0.00 0.00
6.812	S 20203018 -0.09 0.26 0.00 0.00 HOLD
6.831	>>> V 0.00 0.00
6.832	S 20203038 -0.09 0.26 0.00 0.00 HOLD
6.852	>>> V 0.00 0.00
6.852	S 20203058 -0.09 0.26 0.00 0.00 HOLD
6.871	>>> V 0.00 0.00
6.871	S 20203078 -0.18 0.26 0.00 0.00 HOLD
6.891	>>> V 0.00 0.00
6.893	S 20203098 -0.09 0.26 0.00 0.00 HOLD
6.911	>>> V 0.00 0.00
6.911	S 20203118 -0.09 0.26 0.00 0.00 HOLD
6.931	>>> V 0.00 0.00
6.931	S 20203138 -0.09 0.26 0.00 0.00 HOLD
6.956	>>> V 0.00 0.00
6.957	S 20203158 -0.09 0.26 0.00 0.00 HOLD
6.971	>>> V 0.00 0.00
6.973	S 20203178 -0.09 0.26 0.00 0.00 HOLD
6.992	>>> V 0.00 0.00
6.993	S 20203198 -0.09 0.26 0.00 0.00 HOLD
7.012	>>> V 0.00 0.00
7.012	S 20203218 -0.09 0.26 0.00 0.00 HOLD
7.031	>>> V 0.00 0.00
7.031	S 20203238 -0.09 0.26 0.00 0.00 HOLD
7.058	>>> V 0.00 0.00
7.059	S 20203258 -0.09 0.26 0.00 0.00 HOLD
7.073	>>> V 0.00 0.00
7.074	S 20203278 -0.18 0.26 0.00 0.00 HOLD
7.092	>>> V 0.00 0.00
7.093	S 20203298 -0.18 0.26 0.00 0.00 HOLD
7.112	>>> V 0.00 0.00
7.113	S 20203318 -0.09 0.26 0.00 0.00 HOLD
7.131	>>> V 0.00 0.00
7.131	S 20203338 -0.09 0.26 0.00 0.00 HOLD
7.153	>>> V 0.00 0.00
7.154	S 20203358 -0.09 0.26 0.00 0.00 HOLD
7.170	>>> V 0.00 0.00
7.171	S 20203378 -0.18 0.26 0.00 0.00 HOLD
7.192	>>> V 0.00 0.00
7.193	S 20203398 -0.09 0.26 0.00 0.00 HOLD
7.211	>>> V 0.00 0.00
7.212	S 20203418 -0.09 0.26 0.00 0.00 HOLD
7.232	>>> V 0.00 0.00
7.233	S 20203438 -0.09 0.26 0.00 0.00 HOLD
7.251	>>> V 0.00 0.00
7.251	S 20203458 -0.09 0.26 0.00 0.00 HOLD
7.271	>>> V 0.00 0.00
7.273	S 20203478 -0.09 0.26 0.00 0.00 HOLD
7.292	>>> V 0.00 0.00
7.292	S 20203498 -0.09 0.26 0.00 0.00 HOLD
7.311	>>> V 0.00 0.00
7.311	S 20203518 -0.09 0.26 0.00 0.00 HOLD
7.333	>>> V 0.00 0.00
7.334	S 20203538 -0.18 0.26 0.00 0.00 HOLD
7.351	>>> V 0.00 0.00
7.352	S 20203558 -0.09 0.26 0.00 0.00 HOLD
7.373	>>> V 0.00 0.00
7.374	S 20203578 -0.09 0.26 0.00 0.00 HOLD
7.395	>>> V 0.00 0.00
7.395	S 20203598 -0.18 0.26 0.00 0.00 HOLD
7.412	>>> V 0.00 0.00
7.413	S 20203618 -0.09 0.26 0.00 0.00 HOLD
7.431	>>> V 0.00 0.00
7.432	S 20203638 -0.09 0.26 0.00 0.00 HOLD
7.451	>>> V 0.00 0.00
7.451	S 20203658 -0.09 0.26 0.00 0.00 HOLD
7.473	>>> V 0.00 0.00
7.478	S 20203678 -0.09 0.26 0.00 0.00 HOLD
7.494	>>> V 0.00 0.00
7.495	S 20203698 -0.18 0.26 0.00 0.00 HOLD
7.512	>>> V 0.00 0.00
7.512	S 20203718 -0.09 0.26 0.00 0.00 HOLD
7.534	>>> V 0.00 0.00
7.534	S 20203738 -0.09 0.26 0.00 0.00 HOLD
7.551	>>> V 0.00 0.00
7.551	S 20203758 -0.09 0.26 0.00 0.00 HOLD
7.572	>>> V 0.00 0.00
7.574	S 20203778 -0.18 0.26 0.00 0.00 HOLD
7.593	>>> V 0.00 0.00
7.594	S 20203798 -0.09 0.26 0.00 0.00 HOLD
7.612	>>> V 0.00 0.00
7.613	S 20203818 -0.09 0.26 0.00 0.00 HOLD
7.633	>>> V 0.00 0.00
7.634	S 20203838 -0.09 0.26 0.00 0.00 HOLD
7.651	>>> V 0.00 0.00
7.651	S 20203858 -0.18 0.26 0.00 0.00 HOLD
7.672	>>> V 0.00 0.00
7.673	S 20203878 -0.09 0.26 0.00 0.00 HOLD
7.691	>>> V 0.00 0.00
7.691	S 20203898 -0.09 0.26 0.00 0.00 HOLD
7.712	>>> V 0.00 0.00
7.713	S 20203918 -0.09 0.26 0.00 0.00 HOLD
7.731	>>> V 0.00 0.00
7.731	S 20203938 -0.18 0.26 0.00 0.00 HOLD
7.751	>>> V 0.00 0.00
7.752	S 20203958 -0.09 0.26 0.00 0.00 HOLD
7.776	>>> V 0.00 0.00
7.776	S 20203978 -0.09 0.26 0.00 0.00 HOLD
7.791	>>> V 0.00 0.00
7.792	S 20203998 -0.09 0.26 0.00 0.00 HOLD
7.813	>>> V 0.00 0.00
7.814	S 20204018 -0.09 0.26 0.00 0.00 HOLD
7.831	>>> V 0.00 0.00
7.831	S 20204038 -0.09 0.26 0.00 0.00 HOLD
7.852	>>> V 0.00 0.00
7.854	S 20204058 -0.09 0.26 0.00 0.00 HOLD
7.872	>>> V 0.00 0.00
7.873	S 20204078 -0.09 0.26 0.00 0.00 HOLD
7.892	>>> V 0.00 0.00
7.892	S 20204098 -0.09 0.26 0.00 0.00 HOLD
7.915	>>> V 0.00 0.00
7.915	S 20204118 -0.09 0.26 0.00 0.00 HOLD
7.931	>>> V 0.00 0.00
7.932	S 20204138 -0.09 0.26 0.00 0.00 HOLD
7.953	>>> V 0.00 0.00
7.955	S 20204158 -0.09 0.26 0.00 0.00 HOLD
7.972	>>> V 0.00 0.00
7.973	S 20204178 -0.09 0.26 0.00 0.00 HOLD
7.991	>>> V 0.00 0.00
7.992	S 20204198 -0.09 0.26 0.00 0.00 HOLD
8.013	>>> V 0.00 0.00
8.014	S 20204218 -0.09 0.26 0.00 0.00 HOLD
8.031	>>> V 0.00 0.00
8.031	S 20204238 -0.18 0.26 0.00 0.00 HOLD
8.054	>>> V 0.00 0.00
8.056	S 20204258 -0.09 0.26 0.00 0.00 HOLD
8.071	>>> V 0.00 0.00
8.073	S 20204278 -0.09 0.26 0.00 0.00 HOLD
8.092	>>> V 0.00 0.00
8.092	S 20204298 -0.09 0.26 0.00 0.00 HOLD
8.115	>>> V 0.00 0.00
8.115	S 20204318 -0.18 0.26 0.00 0.00 HOLD
8.131	>>> V 0.00 0.00
8.131	S 20204338 -0.09 0.26 0.00 0.00 HOLD
8.152	>>> V 0.00 0.00
8.155	S 20204358 -0.18 0.26 0.00 0.00 HOLD
8.170	>>> V 0.00 0.00
8.171	S 20204378 -0.09 0.26 0.00 0.00 HOLD
8.192	>>> V 0.00 0.00
8.193	S 20204398 -0.09 0.26 0.00 0.00 HOLD
8.211	>>> V 0.00 0.00
8.211	S 20204418 -0.09 0.26 0.00 0.00 HOLD
8.237	>>> V 0.00 0.00
8.237	S 20204438 -0.09 0.26 0.00 0.00 HOLD
8.253	>>> V 0.00 0.00
8.254	S 20204458 -0.09 0.26 0.00 0.00 HOLD
8.271	>>> V 0.00 0.00
8.271	S 20204478 -0.18 0.26 0.00 0.00 HOLD
8.292	>>> V 0.00 0.00
8.293	S 20204498 -0.09 0.26 0.00 0.00 HOLD
8.311	>>> V 0.00 0.00
8.311	S 20204518 -0.18 0.26 0.00 0.00 HOLD
8.333	>>> V 0.00 0.00
8.334	S 20204538 -0.09 0.26 0.00 0.00 HOLD
8.351	>>> V 0.00 0.00
8.352	S 20204558 -0.18 0.26 0.00 0.00 HOLD
8.371	>>> V 0.00 0.00
8.372	S 20204578 -0.18 0.26 0.00 0.00 HOLD
8.393	>>> V 0.00 0.00
8.393	S 20204598 -0.18 0.26 0.00 0.00 HOLD
8.411	>>> V 0.00 0.00
8.411	S 20204618 -0.09 0.26 0.00 0.00 HOLD
8.435	>>> V 0.00 0.00
8.435	S 20204638 -0.18 0.26 0.00 0.00 HOLD
8.451	>>> V 0.00 0.00
8.451	S 20204658 -0.09 0.26 0.00 0.00 HOLD
8.471	>>> V 0.00 0.00
8.472	S 20204678 -0.09 0.26 0.00 0.00 HOLD
8.493	>>> V 0.00 0.00
8.493	S 20204698 -0.09 0.26 0.00 0.00 HOLD
8.511	>>> V 0.00 0.00
8.512	S 20204718 -0.09 0.26 0.00 0.00 HOLD
8.534	>>> V 0.00 0.00
8.536	S 20204738 -0.18 0.26 0.00 0.00 HOLD
8.552	>>> V 0.00 0.00
8.553	S 20204758 -0.18 0.26 0.00 0.00 HOLD
8.573	>>> V 0.00 0.00
8.574	S 20204778 -0.09 0.26 0.00 0.00 HOLD
8.592	>>> V 0.00 0.00
8.592	S 20204798 -0.09 0.26 0.00 0.00 HOLD
8.611	>>> V 0.00 0.00
8.611	S 20204818 -0.09 0.26 0.00 0.00 HOLD
8.635	>>> V 0.00 0.00
8.636	S 20204838 -0.09 0.26 0.00 0.00 HOLD
8.653	>>> V 0.00 0.00
8.654	S 20204858 -0.18 0.26 0.00 0.00 HOLD
8.672	>>> V 0.00 0.00
8.672	S 20204878 -0.18 0.26 0.00 0.00 HOLD
8.694	>>> V 0.00 0.00
8.694	S 20204898 -0.09 0.18 0.00 0.00 HOLD
8.711	>>> V 0.00 0.00
8.711	S 20204918 -0.18 0.26 0.00 0.00 HOLD
8.733	>>> V 0.00 0.00
8.734	S 20204938 -0.09 0.26 0.00 0.00 HOLD
8.751	>>> V 0.00 0.00
8.753	S 20204958 -0.09 0.26 0.00 0.00 HOLD
8.773	>>> V 0.00 0.00
8.773	S 20204978 -0.09 0.26 0.00 0.00 HOLD
8.794	>>> V 0.00 0.00
8.794	S 20204998 -0.09 0.26 0.00 0.00 HOLD
8.811	>>> V 0.00 0.00
8.811	S 20205018 -0.09 0.26 0.00 0.00 HOLD
8.836	>>> V 0.00 0.00
8.836	S 20205038 -0.09 0.26 0.00 0.00 HOLD
8.851	>>> V 0.00 0.00
8.851	S 20205058 -0.18 0.26 0.00 0.00 HOLD
8.872	>>> V 0.00 0.00
8.872	S 20205078 -0.18 0.26 0.00 0.00 HOLD
8.894	>>> V 0.00 0.00
8.894	S 20205098 -0.09 0.26 0.00 0.00 HOLD
8.911	>>> V 0.00 0.00
8.911	S 20205118 -0.09 0.26 0.00 0.00 HOLD
8.936	>>> V 0.00 0.00
8.937	S 20205138 -0.09 0.26 0.00 0.00 HOLD
8.955	>>> V 0.00 0.00
8.956	S 20205158 -0.09 0.26 0.00 0.00 HOLD
8.971	>>> V 0.00 0.00
8.971	S 20205178 -0.18 0.26 0.00 0.00 HOLD
8.992	>>> V 0.00 0.00
8.993	S 20205198 -0.09 0.18 0.00 0.00 HOLD
9.011	>>> V 0.00 0.00
9.011	S 20205218 -0.18 0.26 0.00 0.00 HOLD
9.035	>>> V 0.00 0.00
9.036	S 20205238 -0.09 0.26 0.00 0.00 HOLD
9.053	>>> V 0.00 0.00
9.054	S 20205258 -0.18 0.26 0.00 0.00 HOLD
9.071	>>> V 0.00 0.00
9.072	S 20205278 -0.18 0.18 0.00 0.00 HOLD
9.091	>>> V 0.00 0.00
9.092	S 20205298 -0.09 0.26 0.00 0.00 HOLD
9.111	>>> V 0.00 0.00
9.112	S 20205318 -0.09 0.26 0.00 0.00 HOLD
9.135	>>> V 0.00 0.00
9.137	S 20205338 -0.18 0.26 0.00 0.00 HOLD
9.152	>>> V 0.00 0.00
9.153	S 20205358 -0.09 0.26 0.00 0.00 HOLD
9.171	>>> V 0.00 0.00
9.173	S 20205378 -0.09 0.26 0.00 0.00 HOLD
9.193	>>> V 0.00 0.00
9.193	S 20205398 -0.18 0.26 0.00 0.00 HOLD
9.211	>>> V 0.00 0.00
9.211	S 20205418 -0.09 0.26 0.00 0.00 HOLD
9.230	>>> V 0.00 0.00
9.231	S 20205438 -0.09 0.26 0.00 0.00 HOLD
9.254	>>> V 0.00 0.00
9.255	S 20205458 -0.09 0.26 0.00 0.00 HOLD
9.271	>>> V 0.00 0.00
9.271	S 20205478 -0.09 0.26 0.00 0.00 HOLD
9.292	>>> V 0.00 0.00
9.293	S 20205498 -0.09 0.26 0.00 0.00 HOLD
9.311	>>> V 0.00 0.00
9.311	S 20205518 -0.09 0.26 0.00 0.00 HOLD
9.331	>>> V 0.00 0.00
9.331	S 20205538 -0.09 0.26 0.00 0.00 HOLD
9.359	>>> V 0.00 0.00
9.360	S 20205558 -0.09 0.26 0.00 0.00 HOLD
9.371	>>> V 0.00 0.00
9.373	S 20205578 -0.09 0.26 0.00 0.00 HOLD
9.392	>>> V 0.00 0.00
9.393	S 20205598 -0.09 0.26 0.00 0.00 HOLD
9.412	>>> V 0.00 0.00
9.413	S 20205618 -0.18 0.26 0.00 0.00 HOLD
9.432	>>> V 0.00 0.00
9.432	S 20205638 -0.09 0.26 0.00 0.00 HOLD
9.455	>>> V 0.00 0.00
9.456	S 20205658 -0.18 0.26 0.00 0.00 HOLD
9.471	>>> V 0.00 0.00
9.472	S 20205678 -0.18 0.26 0.00 0.00 HOLD
9.492	>>> V 0.00 0.00
9.492	S 20205698 -0.09 0.26 0.00 0.00 HOLD
9.511	>>> V 0.00 0.00
9.511	S 20205718 -0.09 0.26 0.00 0.00 HOLD
9.531	>>> V 0.00 0.00
9.531	S 20205738 -0.18 0.26 0.00 0.00 HOLD
9.554	>>> V 0.00 0.00
9.554	S 20205758 -0.18 0.26 0.00 0.00 HOLD
9.571	>>> V 0.00 0.00
9.573	S 20205778 -0.09 0.26 0.00 0.00 HOLD
9.593	>>> V 0.00 0.00
9.594	S 20205798 -0.09 0.26 0.00 0.00 HOLD
9.612	>>> V 0.00 0.00
9.612	S 20205818 -0.18 0.26 0.00 0.00 HOLD
9.631	>>> V 0.00 0.00
9.632	S 20205838 -0.09 0.26 0.00 0.00 HOLD
9.652	>>> V 0.00 0.00
9.653	S 20205858 -0.09 0.26 0.00 0.00 HOLD
9.671	>>> V 0.00 0.00
9.672	S 20205878 -0.09 0.26 0.00 0.00 HOLD
9.693	>>> V 0.00 0.00
9.694	S 20205898 -0.09 0.26 0.00 0.00 HOLD
9.712	>>> V 0.00 0.00
9.712	S 20205918 -0.09 0.26 0.00 0.00 HOLD
9.731	>>> V 0.00 0.00
9.731	S 20205938 -0.18 0.26 0.00 0.00 HOLD
9.752	>>> V 0.00 0.00
9.753	S 20205958 -0.09 0.26 0.00 0.00 HOLD
9.771	>>> V 0.00 0.00
9.771	S 20205978 -0.18 0.26 0.00 0.00 HOLD
9.792	>>> V 0.00 0.00
9.793	S 20205998 -0.09 0.26 0.00 0.00 HOLD
9.811	>>> V 0.00 0.00
9.813	S 20206018 -0.18 0.26 0.00 0.00 HOLD
9.831	>>> V 0.00 0.00
9.831	S 20206038 -0.09 0.26 0.00 0.00 HOLD
9.854	>>> V 0.00 0.00
9.855	S 20206058 -0.09 0.26 0.00 0.00 HOLD
9.871	>>> V 0.00 0.00
9.874	S 20206078 -0.09 0.26 0.00 0.00 HOLD
9.893	>>> V 0.00 0.00
9.895	S 20206098 -0.18 0.26 0.00 0.00 HOLD
9.911	>>> V 0.00 0.00
9.911	S 20206118 -0.09 0.26 0.00 0.00 HOLD
9.932	>>> V 0.00 0.00
9.932	S 20206138 -0.09 0.26 0.00 0.00 HOLD
9.953	>>> V 0.00 0.00
9.954	S 20206158 -0.09 0.26 0.00 0.00 HOLD
9.971	>>> V 0.00 0.00
9.972	S 20206178 -0.09 0.26 0.00 0.00 HOLD
9.994	>>> V 0.00 0.00
9.994	S 20206198 -0.09 0.26 0.00 0.00 HOLD
10.012	>>> V 0.00 0.00
10.012	S 20206218 -0.09 0.26 0.00 0.00 HOLD
10.032	>>> V 0.00 0.00
10.032	S 20206238 -0.09 0.26 0.00 0.00 HOLD
10.051	>>> V 0.00 0.00
10.052	S 20206258 -0.18 0.26 0.00 0.00 HOLD
10.071	>>> V 0.00 0.00
10.071	S 20206278 -0.09 0.26 0.00 0.00 HOLD
10.094	>>> V 0.00 0.00
10.094	S 20206298 -0.09 0.26 0.00 0.00 HOLD
10.110	>>> V 0.00 0.00
10.111	S 20206318 -0.09 0.26 0.00 0.00 HOLD
10.132	>>> V 0.00 0.00
10.133	S 20206338 -0.09 0.26 0.00 0.00 HOLD
10.152	>>> V 0.00 0.00
10.153	S 20206358 -0.09 0.26 0.00 0.00 HOLD
10.172	>>> V 0.00 0.00
10.173	S 20206378 -0.18 0.26 0.00 0.00 HOLD
10.192	>>> V 0.00 0.00
10.194	S 20206398 -0.09 0.26 0.00 0.00 HOLD
10.211	>>> V 0.00 0.00
10.212	S 20206418 -0.09 0.26 0.00 0.00 HOLD
10.232	>>> V 0.00 0.00
10.232	S 20206438 -0.09 0.26 0.00 0.00 HOLD
10.251	>>> V 0.00 0.00
10.251	S 20206458 -0.09 0.26 0.00 0.00 HOLD
10.274	>>> V 0.00 0.00
10.275	S 20206478 -0.09 0.26 0.00 0.00 HOLD
10.291	>>> V 0.00 0.00
10.291	S 20206498 -0.18 0.26 0.00 0.00 HOLD
10.314	>>> V 0.00 0.00
10.314	S 20206518 -0.18 0.26 0.00 0.00 HOLD
10.332	>>> V 0.00 0.00
10.332	S 20206538 -0.09 0.26 0.00 0.00 HOLD
10.351	>>> V 0.00 0.00
10.352	S 20206558 -0.09 0.26 0.00 0.00 HOLD
10.371	>>> V 0.00 0.00
10.372	S 20206578 -0.09 0.26 0.00 0.00 HOLD
10.391	>>> V 0.00 0.00
10.392	S 20206598 -0.09 0.26 0.00 0.00 HOLD
10.413	>>> V 0.00 0.00
10.414	S 20206618 -0.09 0.26 0.00 0.00 HOLD
10.434	>>> V 0.00 0.00
10.434	S 20206638 -0.09 0.26 0.00 0.00 HOLD
10.451	>>> V 0.00 0.00
10.452	S 20206658 -0.09 0.26 0.00 0.00 HOLD
10.473	>>> V 0.00 0.00
10.474	S 20206678 -0.09 0.26 0.00 0.00 HOLD
10.491	>>> V 0.00 0.00
10.492	S 20206698 -0.09 0.26 0.00 0.00 HOLD
10.517	>>> V 0.00 0.00
10.517	S 20206718 -0.09 0.26 0.00 0.00 HOLD
10.531	>>> V 0.00 0.00
10.531	S 20206738 -0.09 0.26 0.00 0.00 HOLD
10.552	>>> V 0.00 0.00
10.553	S 20206758 -0.09 0.26 0.00 0.00 HOLD
10.571	>>> V 0.00 0.00
10.571	S 20206778 -0.09 0.26 0.00 0.00 HOLD
10.593	>>> V 0.00 0.00
10.593	S 20206798 -0.18 0.26 0.00 0.00 HOLD
10.612	>>> V 0.00 0.00
10.613	S 20206818 -0.09 0.26 0.00 0.00 HOLD
10.631	>>> V 0.00 0.00
10.631	S 20206838 -0.09 0.26 0.00 0.00 HOLD
10.653	>>> V 0.00 0.00
10.653	S 20206858 -0.09 0.26 0.00 0.00 HOLD
10.677	>>> V 0.00 0.00
10.678	S 20206878 -0.09 0.26 0.00 0.00 HOLD
10.691	>>> V 0.00 0.00
10.692	S 20206898 -0.18 0.26 0.00 0.00 HOLD
10.711	>>> V 0.00 0.00
10.712	S 20206918 -0.09 0.26 0.00 0.00 HOLD
10.731	>>> V 0.00 0.00
10.731	S 20206938 -0.09 0.26 0.00 0.00 HOLD
10.755	>>> V 0.00 0.00
10.756	S 20206958 -0.09 0.26 0.00 0.00 HOLD
10.775	>>> V 0.00 0.00
10.776	S 20206978 -0.09 0.26 0.00 0.00 HOLD
10.792	>>> V 0.00 0.00
10.792	S 20206998 -0.09 0.26 0.00 0.00 HOLD
10.810	>>> V 0.00 0.00
10.811	S 20207018 -0.09 0.26 0.00 0.00 HOLD
10.831	>>> V 0.00 0.00
10.831	S 20207038 -0.18 0.26 0.00 0.00 HOLD
10.853	>>> V 0.00 0.00
10.853	S 20207058 -0.18 0.26 0.00 0.00 HOLD
10.871	>>> V 0.00 0.00
10.872	S 20207078 -0.09 0.18 0.00 0.00 HOLD
10.893	>>> V 0.00 0.00
10.893	S 20207098 -0.09 0.26 0.00 0.00 HOLD
10.912	>>> V 0.00 0.00
10.912	S 20207118 -0.09 0.26 0.00 0.00 HOLD
10.931	>>> V 0.00 0.00
10.931	S 20207138 -0.18 0.26 0.00 0.00 HOLD
10.955	>>> V 0.00 0.00
10.956	S 20207158 -0.09 0.26 0.00 0.00 HOLD
10.971	>>> V 0.00 0.00
10.971	S 20207178 -0.18 0.26 0.00 0.00 HOLD
10.995	>>> V 0.00 0.00
10.996	S 20207198 -0.09 0.18 0.00 0.00 HOLD
11.013	>>> V 0.00 0.00
11.014	S 20207218 -0.09 0.26 0.00 0.00 HOLD
11.033	>>> V 0.00 0.00
11.033	S 20207238 -0.09 0.26 0.00 0.00 HOLD
11.057	>>> V 0.00 0.00
11.059	S 20207258 -0.09 0.26 0.00 0.00 HOLD
11.072	>>> V 0.00 0.00
11.072	S 20207278 -0.09 0.26 0.00 0.00 HOLD
11.094	>>> V 0.00 0.00
11.095	S 20207298 -0.18 0.26 0.00 0.00 HOLD
11.113	>>> V 0.00 0.00
11.114	S 20207318 -0.09 0.26 0.00 0.00 HOLD
11.133	>>> V 0.00 0.00
11.134	S 20207338 -0.18 0.26 0.00 0.00 HOLD
11.153	>>> V 0.00 0.00
11.153	S 20207358 -0.18 0.26 0.00 0.00 HOLD
11.171	>>> V 0.00 0.00
11.171	S 20207378 -0.09 0.26 0.00 0.00 HOLD
11.193	>>> V 0.00 0.00
11.194	S 20207398 -0.09 0.26 0.00 0.00 HOLD
11.211	>>> V 0.00 0.00
11.211	S 20207418 -0.09 0.26 0.00 0.00 HOLD
11.235	>>> V 0.00 0.00
11.235	S 20207438 -0.09 0.26 0.00 0.00 HOLD
11.251	>>> V 0.00 0.00
11.251	S 20207458 -0.18 0.26 0.00 0.00 HOLD
11.273	>>> V 0.00 0.00
11.274	S 20207478 -0.18 0.26 0.00 0.00 HOLD
11.292	>>> V 0.00 0.00
11.293	S 20207498 -0.18 0.26 0.00 0.00 HOLD
11.311	>>> V 0.00 0.00
11.311	S 20207518 -0.09 0.26 0.00 0.00 HOLD
11.333	>>> V 0.00 0.00
11.333	S 20207538 -0.09 0.26 0.00 0.00 HOLD
11.353	>>> V 0.00 0.00
11.354	S 20207558 -0.09 0.26 0.00 0.00 HOLD
11.373	>>> V 0.00 0.00
11.375	S 20207578 -0.09 0.26 0.00 0.00 HOLD
11.390	>>> V 0.00 0.00
11.391	S 20207598 -0.18 0.26 0.00 0.00 HOLD
11.416	>>> V 0.00 0.00
11.417	S 20207618 -0.09 0.26 0.00 0.00 HOLD
11.431	>>> V 0.00 0.00
11.433	S 20207638 -0.09 0.26 0.00 0.00 HOLD
11.452	>>> V 0.00 0.00
11.452	S 20207658 -0.18 0.26 0.00 0.00 HOLD
11.472	>>> V 0.00 0.00
11.473	S 20207678 -0.09 0.26 0.00 0.00 HOLD
11.491	>>> V 0.00 0.00
11.495	S 20207698 -0.09 0.26 0.00 0.00 HOLD
11.511	>>> V 0.00 0.00
11.511	S 20207718 -0.09 0.26 0.00 0.00 HOLD
11.531	>>> V 0.00 0.00
11.531	S 20207738 -0.09 0.26 0.00 0.00 HOLD
11.555	>>> V 0.00 0.00
11.556	S 20207758 -0.18 0.26 0.00 0.00 HOLD
11.575	>>> V 0.00 0.00
11.576	S 20207778 -0.09 0.26 0.00 0.00 HOLD
11.591	>>> V 0.00 0.00
11.593	S 20207798 -0.09 0.26 0.00 0.00 HOLD
11.614	>>> V 0.00 0.00
11.615	S 20207818 -0.09 0.26 0.00 0.00 HOLD
11.638	>>> V 0.00 0.00
11.639	S 20207838 -0.09 0.26 0.00 0.00 HOLD
11.658	>>> V 0.00 0.00
11.659	S 20207858 -0.09 0.26 0.00 0.00 HOLD
11.673	>>> V 0.00 0.00
11.673	S 20207878 -0.09 0.26 0.00 0.00 HOLD
11.691	>>> V 0.00 0.00
11.691	S 20207898 -0.09 0.26 0.00 0.00 HOLD
11.712	>>> V 0.00 0.00
11.712	S 20207918 -0.09 0.26 0.00 0.00 HOLD
11.734	>>> V 0.00 0.00
11.735	S 20207938 -0.09 0.26 0.00 0.00 HOLD
11.752	>>> V 0.00 0.00
11.753	S 20207958 -0.09 0.26 0.00 0.00 HOLD
11.771	>>> V 0.00 0.00
11.771	S 20207978 -0.09 0.26 0.00 0.00 HOLD
11.791	>>> V 0.00 0.00
11.791	S 20207998 -0.09 0.26 0.00 0.00 HOLD
11.811	>>> V 0.00 0.00
11.813	S 20208018 -0.09 0.26 0.00 0.00 HOLD
11.831	>>> V 0.00 0.00
11.831	S 20208038 -0.09 0.26 0.00 0.00 HOLD
11.854	>>> V 0.00 0.00
11.855	S 20208058 -0.09 0.26 0.00 0.00 HOLD
11.871	>>> V 0.00 0.00
11.873	S 20208078 -0.09 0.26 0.00 0.00 HOLD
11.894	>>> V 0.00 0.00
11.895	S 20208098 -0.09 0.26 0.00 0.00 HOLD
11.913	>>> V 0.00 0.00
11.914	S 20208118 -0.09 0.26 0.00 0.00 HOLD
11.931	>>> V 0.00 0.00
11.931	S 20208138 -0.09 0.26 0.00 0.00 HOLD
11.952	>>> V 0.00 0.00
11.952	S 20208158 -0.09 0.26 0.00 0.00 HOLD
11.971	>>> V 0.00 0.00
11.971	S 20208178 -0.09 0.26 0.00 0.00 HOLD
11.995	>>> V 0.00 0.00
11.997	S 20208198 -0.09 0.26 0.00 0.00 HOLD
12.014	>>> V 0.00 0.00
12.015	S 20208218 -0.09 0.26 0.00 0.00 HOLD
12.031	>>> V 0.00 0.00
12.033	S 20208238 -0.09 0.26 0.00 0.00 HOLD
12.052	>>> V 0.00 0.00
12.052	S 20208258 -0.18 0.26 0.00 0.00 HOLD
12.070	>>> V 0.00 0.00
12.071	S 20208278 -0.18 0.26 0.00 0.00 HOLD
12.090	>>> V 0.00 0.00
12.091	S 20208298 -0.09 0.26 0.00 0.00 HOLD
12.111	>>> V 0.00 0.00
12.112	S 20208318 -0.09 0.26 0.00 0.00 HOLD
12.131	>>> V 0.00 0.00
12.131	S 20208338 -0.18 0.26 0.00 0.00 HOLD
12.159	>>> V 0.00 0.00
12.161	S 20208358 -0.09 0.26 0.00 0.00 HOLD
12.172	>>> V 0.00 0.00
12.172	S 20208378 -0.09 0.26 0.00 0.00 HOLD
12.193	>>> V 0.00 0.00
12.194	S 20208398 -0.09 0.26 0.00 0.00 HOLD
12.211	>>> V 0.00 0.00
12.212	S 20208418 -0.09 0.26 0.00 0.00 HOLD
12.233	>>> V 0.00 0.00
12.234	S 20208438 -0.09 0.26 0.00 0.00 HOLD
12.251	>>> V 0.00 0.00
12.253	S 20208458 -0.09 0.26 0.00 0.00 HOLD
12.271	>>> V 0.00 0.00
12.271	S 20208478 -0.18 0.26 0.00 0.00 HOLD
12.291	>>> V 0.00 0.00
12.292	S 20208498 -0.09 0.26 0.00 0.00 HOLD
12.311	>>> V 0.00 0.00
12.312	S 20208518 -0.09 0.26 0.00 0.00 HOLD
12.331	>>> V 0.00 0.00
12.331	S 20208538 -0.18 0.26 0.00 0.00 HOLD
12.352	>>> V 0.00 0.00
12.352	S 20208558 -0.09 0.26 0.00 0.00 HOLD
12.371	>>> V 0.00 0.00
12.371	S 20208578 -0.18 0.26 0.00 0.00 HOLD
12.395	>>> V 0.00 0.00
12.396	S 20208598 -0.09 0.26 0.00 0.00 HOLD
12.414	>>> V 0.00 0.00
12.414	S 20208618 -0.18 0.26 0.00 0.00 HOLD
12.432	>>> V 0.00 0.00
12.433	S 20208638 -0.18 0.26 0.00 0.00 HOLD
12.451	>>> V 0.00 0.00
12.453	S 20208658 -0.18 0.26 0.00 0.00 HOLD
12.472	>>> V 0.00 0.00
12.472	S 20208678 -0.18 0.26 0.00 0.00 HOLD
12.493	>>> V 0.00 0.00
12.494	S 20208698 -0.09 0.26 0.00 0.00 HOLD
12.510	>>> V 0.00 0.00
12.511	S 20208718 -0.09 0.26 0.00 0.00 HOLD
12.533	>>> V 0.00 0.00
12.535	S 20208738 -0.09 0.26 0.00 0.00 HOLD
12.554	>>> V 0.00 0.00
12.554	S 20208758 -0.09 0.26 0.00 0.00 HOLD
12.571	>>> V 0.00 0.00
12.572	S 20208778 -0.09 0.26 0.00 0.00 HOLD
12.593	>>> V 0.00 0.00
12.593	S 20208798 -0.09 0.26 0.00 0.00 HOLD
12.611	>>> V 0.00 0.00
12.612	S 20208818 -0.09 0.18 0.00 0.00 HOLD
12.636	>>> V 0.00 0.00
12.636	S 20208838 -0.18 0.26 0.00 0.00 HOLD
12.652	>>> V 0.00 0.00
12.654	S 20208858 -0.09 0.26 0.00 0.00 HOLD
12.671	>>> V 0.00 0.00
12.672	S 20208878 -0.09 0.26 0.00 0.00 HOLD
12.692	>>> V 0.00 0.00
12.692	S 20208898 -0.18 0.26 0.00 0.00 HOLD
12.711	>>> V 0.00 0.00
12.711	S 20208918 -0.18 0.26 0.00 0.00 HOLD
12.732	>>> V 0.00 0.00
12.734	S 20208938 -0.09 0.26 0.00 0.00 HOLD
12.751	>>> V 0.00 0.00
12.751	S 20208958 -0.09 0.26 0.00 0.00 HOLD
12.773	>>> V 0.00 0.00
12.773	S 20208978 -0.18 0.26 0.00 0.00 HOLD
12.791	>>> V 0.00 0.00
12.791	S 20208998 -0.18 0.26 0.00 0.00 HOLD
12.812	>>> V 0.00 0.00
12.812	S 20209018 -0.09 0.26 0.00 0.00 HOLD
12.832	>>> V 0.00 0.00
12.832	S 20209038 -0.09 0.26 0.00 0.00 HOLD
12.851	>>> V 0.00 0.00
12.851	S 20209058 -0.09 0.26 0.00 0.00 HOLD
12.873	>>> V 0.00 0.00
12.875	S 20209078 -0.09 0.26 0.00 0.00 HOLD
12.891	>>> V 0.00 0.00
12.891	S 20209098 -0.09 0.26 0.00 0.00 HOLD
12.914	>>> V 0.00 0.00
12.914	S 20209118 -0.09 0.26 0.00 0.00 HOLD
12.933	>>> V 0.00 0.00
12.934	S 20209138 -0.09 0.26 0.00 0.00 HOLD
12.951	>>> V 0.00 0.00
12.952	S 20209158 -0.09 0.26 0.00 0.00 HOLD
12.973	>>> V 0.00 0.00
12.973	S 20209178 -0.09 0.26 0.00 0.00 HOLD
12.991	>>> V 0.00 0.00
12.992	S 20209198 -0.09 0.26 0.00 0.00 HOLD
13.013	>>> V 0.00 0.00
13.014	S 20209218 -0.09 0.26 0.00 0.00 HOLD
13.031	>>> V 0.00 0.00
13.032	S 20209238 -0.09 0.26 0.00 0.00 HOLD
13.051	>>> V 0.00 0.00
13.052	S 20209258 -0.09 0.26 0.00 0.00 HOLD
13.075	>>> V 0.00 0.00
13.076	S 20209278 -0.09 0.26 0.00 0.00 HOLD
13.092	>>> V 0.00 0.00
13.093	S 20209298 -0.09 0.26 0.00 0.00 HOLD
13.112	>>> V 0.00 0.00
13.112	S 20209318 -0.09 0.26 0.00 0.00 HOLD
13.134	>>> V 0.00 0.00
13.134	S 20209338 -0.09 0.26 0.00 0.00 HOLD
13.151	>>> V 0.00 0.00
13.152	S 20209358 -0.09 0.26 0.00 0.00 HOLD
13.171	>>> V 0.00 0.00
13.171	S 20209378 -0.09 0.26 0.00 0.00 HOLD
13.199	>>> V 0.00 0.00
13.199	S 20209398 -0.09 0.26 0.00 0.00 HOLD
13.211	>>> V 0.00 0.00
13.212	S 20209418 -0.09 0.26 0.00 0.00 HOLD
13.232	>>> V 0.00 0.00
13.232	S 20209438 -0.09 0.26 0.00 0.00 HOLD
13.251	>>> V 0.00 0.00
13.252	S 20209458 -0.18 0.26 0.00 0.00 HOLD
13.271	>>> V 0.00 0.00
13.271	S 20209478 -0.18 0.26 0.00 0.00 HOLD
13.299	>>> V 0.00 0.00
13.299	S 20209498 -0.09 0.26 0.00 0.00 HOLD
13.313	>>> V 0.00 0.00
13.315	S 20209518 -0.09 0.26 0.00 0.00 HOLD
13.332	>>> V 0.00 0.00
13.332	S 20209538 -0.09 0.26 0.00 0.00 HOLD
13.353	>>> V 0.00 0.00
13.354	S 20209558 -0.09 0.26 0.00 0.00 HOLD
13.371	>>> V 0.00 0.00
13.371	S 20209578 -0.18 0.26 0.00 0.00 HOLD
13.393	>>> V 0.00 0.00
13.395	S 20209598 -0.18 0.26 0.00 0.00 HOLD
13.416	>>> V 0.00 0.00
13.416	S 20209618 -0.18 0.26 0.00 0.00 HOLD
13.432	>>> V 0.00 0.00
13.433	S 20209638 -0.09 0.26 0.00 0.00 HOLD
13.451	>>> V 0.00 0.00
13.451	S 20209658 -0.18 0.26 0.00 0.00 HOLD
13.472	>>> V 0.00 0.00
13.473	S 20209678 -0.09 0.26 0.00 0.00 HOLD
13.491	>>> V 0.00 0.00
13.492	S 20209698 -0.18 0.26 0.00 0.00 HOLD
13.513	>>> V 0.00 0.00
13.514	S 20209718 -0.18 0.26 0.00 0.00 HOLD
13.532	>>> V 0.00 0.00
13.532	S 20209738 -0.18 0.26 0.00 0.00 HOLD
13.553	>>> V 0.00 0.00
13.553	S 20209758 -0.09 0.26 0.00 0.00 HOLD
13.571	>>> V 0.00 0.00
13.571	S 20209779 -0.09 0.26 0.00 0.00 HOLD
13.595	>>> V 0.00 0.00
13.596	S 20209799 -0.09 0.26 0.00 0.00 HOLD
13.614	>>> V 0.00 0.00
13.614	S 20209819 -0.09 0.26 0.00 0.00 HOLD
13.631	>>> V 0.00 0.00
13.631	S 20209839 -0.18 0.26 0.00 0.00 HOLD
13.651	>>> V 0.00 0.00
13.651	S 20209859 -0.09 0.26 0.00 0.00 HOLD
13.673	>>> V 0.00 0.00
13.674	S 20209879 -0.18 0.26 0.00 0.00 HOLD
13.695	>>> V 0.00 0.00
13.695	S 20209899 -0.09 0.26 0.00 0.00 HOLD
13.711	>>> V 0.00 0.00
13.712	S 20209919 -0.18 0.26 0.00 0.00 HOLD
13.731	>>> V 0.00 0.00
13.731	S 20209939 -0.18 0.26 0.00 0.00 HOLD
13.752	>>> V 0.00 0.00
13.753	S 20209959 -0.09 0.26 0.00 0.00 HOLD
13.771	>>> V 0.00 0.00
13.772	S 20209979 -0.09 0.26 0.00 0.00 HOLD
13.792	>>> V 0.00 0.00
13.794	S 20209999 -0.09 0.26 0.00 0.00 HOLD
13.813	>>> V 0.00 0.00
13.813	S 20210019 -0.09 0.26 0.00 0.00 HOLD
13.831	>>> V 0.00 0.00
13.831	S 20210039 -0.18 0.26 0.00 0.00 HOLD
13.851	>>> V 0.00 0.00
13.853	S 20210059 -0.09 0.26 0.00 0.00 HOLD
13.870	>>> V 0.00 0.00
13.871	S 20210079 -0.09 0.26 0.00 0.00 HOLD
13.891	>>> V 0.00 0.00
13.892	S 20210099 -0.09 0.26 0.00 0.00 HOLD
13.911	>>> V 0.00 0.00
13.912	S 20210119 -0.18 0.26 0.00 0.00 HOLD
13.934	>>> V 0.00 0.00
13.935	S 20210139 -0.09 0.26 0.00 0.00 HOLD
13.953	>>> V 0.00 0.00
13.954	S 20210159 -0.18 0.26 0.00 0.00 HOLD
13.971	>>> V 0.00 0.00
13.972	S 20210179 -0.09 0.26 0.00 0.00 HOLD
13.993	>>> V 0.00 0.00
13.994	S 20210199 -0.09 0.26 0.00 0.00 HOLD
14.011	>>> V 0.00 0.00
14.011	S 20210219 -0.09 0.26 0.00 0.00 HOLD
14.032	>>> V 0.00 0.00
14.033	S 20210239 -0.18 0.26 0.00 0.00 HOLD
14.053	>>> V 0.00 0.00
14.053	S 20210259 -0.18 0.26 0.00 0.00 HOLD
14.072	>>> V 0.00 0.00
14.073	S 20210279 -0.18 0.26 0.00 0.00 HOLD
14.091	>>> V 0.00 0.00
14.092	S 20210299 -0.18 0.26 0.00 0.00 HOLD
14.111	>>> V 0.00 0.00
14.111	S 20210319 -0.18 0.26 0.00 0.00 HOLD
14.133	>>> V 0.00 0.00
14.134	S 20210339 -0.09 0.26 0.00 0.00 HOLD
14.151	>>> V 0.00 0.00
14.151	S 20210359 -0.18 0.26 0.00 0.00 HOLD
14.173	>>> V 0.00 0.00
14.174	S 20210379 -0.09 0.26 0.00 0.00 HOLD
14.192	>>> V 0.00 0.00
14.194	S 20210399 -0.18 0.26 0.00 0.00 HOLD
14.211	>>> V 0.00 0.00
14.212	S 20210419 -0.18 0.26 0.00 0.00 HOLD
14.232	>>> V 0.00 0.00
14.233	S 20210439 -0.18 0.26 0.00 0.00 HOLD
14.251	>>> V 0.00 0.00
14.251	S 20210459 -0.09 0.26 0.00 0.00 HOLD
14.275	>>> V 0.00 0.00
14.275	S 20210479 -0.09 0.26 0.00 0.00 HOLD
14.291	>>> V 0.00 0.00
14.292	S 20210499 -0.18 0.26 0.00 0.00 HOLD
14.312	>>> V 0.00 0.00
14.314	S 20210519 -0.09 0.26 0.00 0.00 HOLD
14.332	>>> V 0.00 0.00
14.332	S 20210539 -0.09 0.26 0.00 0.00 HOLD
14.352	>>> V 0.00 0.00
14.352	S 20210559 -0.18 0.18 0.00 0.00 HOLD
14.376	>>> V 0.00 0.00
14.377	S 20210579 -0.09 0.26 0.00 0.00 HOLD
14.391	>>> V 0.00 0.00
14.392	S 20210599 -0.09 0.26 0.00 0.00 HOLD
14.412	>>> V 0.00 0.00
14.413	S 20210619 -0.09 0.26 0.00 0.00 HOLD
14.432	>>> V 0.00 0.00
14.433	S 20210639 -0.18 0.26 0.00 0.00 HOLD
14.451	>>> V 0.00 0.00
14.452	S 20210659 -0.18 0.26 0.00 0.00 HOLD
14.471	>>> V 0.00 0.00
14.471	S 20210679 -0.09 0.26 0.00 0.00 HOLD
14.494	>>> V 0.00 0.00
14.495	S 20210699 -0.09 0.26 0.00 0.00 HOLD
14.512	>>> V 0.00 0.00
14.513	S 20210719 -0.18 0.26 0.00 0.00 HOLD
14.532	>>> V 0.00 0.00
14.533	S 20210739 -0.18 0.26 0.00 0.00 HOLD
14.551	>>> V 0.00 0.00
14.552	S 20210759 -0.18 0.26 0.00 0.00 HOLD
14.571	>>> V 0.00 0.00
14.571	S 20210779 -0.09 0.26 0.00 0.00 HOLD
14.593	>>> V 0.00 0.00
14.594	S 20210799 -0.09 0.26 0.00 0.00 HOLD
14.614	>>> V 0.00 0.00
14.615	S 20210819 -0.18 0.26 0.00 0.00 HOLD
14.632	>>> V 0.00 0.00
14.633	S 20210839 -0.18 0.26 0.00 0.00 HOLD
14.651	>>> V 0.00 0.00
14.652	S 20210859 -0.18 0.26 0.00 0.00 HOLD
14.671	>>> V 0.00 0.00
14.671	S 20210879 -0.18 0.26 0.00 0.00 HOLD
14.694	>>> V 0.00 0.00
14.695	S 20210899 -0.18 0.26 0.00 0.00 HOLD
14.714	>>> V 0.00 0.00
14.714	S 20210919 -0.09 0.26 0.00 0.00 HOLD
14.732	>>> V 0.00 0.00
14.732	S 20210939 -0.09 0.26 0.00 0.00 HOLD
14.751	>>> V 0.00 0.00
14.752	S 20210959 -0.18 0.26 0.00 0.00 HOLD
14.772	>>> V 0.00 0.00
14.772	S 20210979 -0.18 0.26 0.00 0.00 HOLD
14.793	>>> V 0.00 0.00
14.798	S 20210999 -0.18 0.26 0.00 0.00 HOLD
14.813	>>> V 0.00 0.00
14.814	S 20211019 -0.09 0.26 0.00 0.00 HOLD
14.832	>>> V 0.00 0.00
14.833	S 20211039 -0.09 0.26 0.00 0.00 HOLD
14.852	>>> V 0.00 0.00
14.853	S 20211059 -0.18 0.26 0.00 0.00 HOLD
14.873	>>> V 0.00 0.00
14.875	S 20211079 -0.09 0.26 0.00 0.00 HOLD
14.893	>>> V 0.00 0.00
14.894	S 20211099 -0.18 0.18 0.00 0.00 HOLD
14.912	>>> V 0.00 0.00
14.913	S 20211119 -0.09 0.26 0.00 0.00 HOLD
14.932	>>> V 0.00 0.00
14.933	S 20211139 -0.18 0.26 0.00 0.00 HOLD
14.951	>>> V 0.00 0.00
14.951	S 20211159 -0.18 0.26 0.00 0.00 HOLD
14.971	>>> V 0.00 0.00
14.971	S 20211179 -0.18 0.26 0.00 0.00 HOLD
14.993	>>> V 0.00 0.00
14.993	S 20211199 -0.09 0.26 0.00 0.00 HOLD
15.011	>>> V 0.00 0.00
15.012	S 20211219 -0.09 0.26 0.00 0.00 HOLD
15.031	>>> V 0.00 0.00
15.031	S 20211239 -0.09 0.26 0.00 0.00 HOLD
15.052	>>> V 0.00 0.00
15.052	S 20211259 -0.18 0.26 0.00 0.00 HOLD
15.071	>>> V 0.00 0.00
15.071	S 20211279 -0.18 0.26 0.00 0.00 HOLD
15.097	>>> V 0.00 0.00
15.097	S 20211299 -0.09 0.26 0.00 0.00 HOLD
15.112	>>> V 0.00 0.00
15.114	S 20211319 -0.09 0.26 0.00 0.00 HOLD
15.131	>>> V 0.00 0.00
15.134	S 20211339 -0.09 0.26 0.00 0.00 HOLD
15.151	>>> V 0.00 0.00
15.151	S 20211359 -0.09 0.26 0.00 0.00 HOLD
15.171	>>> V 0.00 0.00
15.171	S 20211379 -0.18 0.26 0.00 0.00 HOLD
15.197	>>> V 0.00 0.00
15.197	S 20211399 -0.09 0.26 0.00 0.00 HOLD
15.211	>>> V 0.00 0.00
15.211	S 20211419 -0.18 0.18 0.00 0.00 HOLD
15.232	>>> V 0.00 0.00
15.233	S 20211439 -0.09 0.26 0.00 0.00 HOLD
15.254	>>> V 0.00 0.00
15.254	S 20211459 -0.09 0.26 0.00 0.00 HOLD
15.273	>>> V 0.00 0.00
15.274	S 20211479 -0.09 0.26 0.00 0.00 HOLD
15.292	>>> V 0.00 0.00
15.294	S 20211499 -0.18 0.26 0.00 0.00 HOLD
15.312	>>> V 0.00 0.00
15.313	S 20211519 -0.18 0.26 0.00 0.00 HOLD
15.331	>>> V 0.00 0.00
15.333	S 20211539 -0.18 0.26 0.00 0.00 HOLD
15.350	>>> V 0.00 0.00
15.351	S 20211559 -0.18 0.26 0.00 0.00 HOLD
15.371	>>> V 0.00 0.00
15.371	S 20211579 -0.18 0.26 0.00 0.00 HOLD
15.393	>>> V 0.00 0.00
15.394	S 20211599 -0.18 0.26 0.00 0.00 HOLD
15.413	>>> V 0.00 0.00
15.413	S 20211619 -0.09 0.26 0.00 0.00 HOLD
15.431	>>> V 0.00 0.00
15.432	S 20211639 -0.18 0.26 0.00 0.00 HOLD
15.451	>>> V 0.00 0.00
15.451	S 20211659 -0.09 0.35 0.00 0.00 HOLD
15.471	>>> V 0.00 0.00
15.471	S 20211679 -0.09 0.35 0.00 0.00 HOLD
15.498	>>> V 0.00 0.00
15.499	S 20211699 -0.09 0.35 0.00 0.00 HOLD
15.511	>>> V 0.00 0.00
15.512	S 20211719 -0.09 0.35 0.00 0.00 HOLD
15.531	>>> V 0.00 0.00
15.532	S 20211739 -0.18 0.35 0.00 0.00 HOLD
15.551	>>> V 0.00 0.00
15.552	S 20211759 -0.09 0.35 0.00 0.00 HOLD
15.572	>>> V 0.00 0.00
15.572	S 20211779 -0.09 0.35 0.00 0.00 HOLD
15.592	>>> V 0.00 0.00
15.593	S 20211799 -0.09 0.35 0.00 0.00 HOLD
15.611	>>> V 0.00 0.00
15.615	S 20211819 -0.09 0.35 0.00 0.00 HOLD
15.632	>>> V 0.00 0.00
15.632	S 20211839 -0.09 0.35 0.00 0.00 HOLD
15.651	>>> V 0.00 0.00
15.651	S 20211859 -0.09 0.35 0.00 0.00 HOLD
15.671	>>> V 0.00 0.00
15.671	S 20211879 -0.09 0.35 0.00 0.00 HOLD
15.698	>>> V 0.00 0.00
15.699	S 20211899 -0.09 0.35 0.00 0.00 HOLD
15.714	>>> V 0.00 0.00
15.715	S 20211919 -0.18 0.35 0.00 0.00 HOLD
15.732	>>> V 0.00 0.00
15.732	S 20211939 -0.09 0.35 0.00 0.00 HOLD
15.751	>>> V 0.00 0.00
15.751	S 20211959 -0.09 0.26 0.00 0.00 HOLD
15.771	>>> V 0.00 0.00
15.772	S 20211979 -0.09 0.26 0.00 0.00 HOLD
15.793	>>> V 0.00 0.00
15.794	S 20211999 -0.09 0.26 0.00 0.00 HOLD
15.814	>>> V 0.00 0.00
15.816	S 20212019 -0.18 0.26 0.00 0.00 HOLD
15.833	>>> V 0.00 0.00
15.834	S 20212039 -0.18 0.26 0.00 0.00 HOLD
15.854	>>> V 0.00 0.00
15.855	S 20212059 -0.18 0.26 0.00 0.00 HOLD
15.871	>>> V 0.00 0.00
15.872	S 20212079 -0.18 0.26 0.00 0.00 HOLD
15.891	>>> V 0.00 0.00
15.892	S 20212099 -0.18 0.26 0.00 0.00 HOLD
15.911	>>> V 0.00 0.00
15.913	S 20212119 -0.18 0.26 0.00 0.00 HOLD
15.932	>>> V 0.00 0.00
15.933	S 20212139 -0.18 0.26 0.00 0.00 HOLD
15.951	>>> V 0.00 0.00
15.951	S 20212159 -0.18 0.26 0.00 0.00 HOLD
15.972	>>> V 0.00 0.00
15.974	S 20212179 -0.18 0.26 0.00 0.00 HOLD
15.994	>>> V 0.00 0.00
15.995	S 20212199 -0.18 0.26 0.00 0.00 HOLD
16.014	>>> V 0.00 0.00
16.016	S 20212219 -0.18 0.26 0.00 0.00 HOLD
16.032	>>> V 0.00 0.00
16.032	S 20212239 -0.18 0.26 0.00 0.00 HOLD
16.052	>>> V 0.00 0.00
16.052	S 20212259 -0.18 0.26 0.00 0.00 HOLD
16.070	>>> V 0.00 0.00
16.071	S 20212279 -0.18 0.26 0.00 0.00 HOLD
16.092	>>> V 0.00 0.00
16.094	S 20212299 -0.18 0.26 0.00 0.00 HOLD
16.113	>>> V 0.00 0.00
16.113	S 20212319 -0.18 0.26 0.00 0.00 HOLD
16.131	>>> V 0.00 0.00
16.131	S 20212339 -0.09 0.26 0.00 0.00 HOLD
16.151	>>> V 0.00 0.00
16.151	S 20212359 -0.09 0.26 0.00 0.00 HOLD
16.171	>>> V 0.00 0.00
16.171	S 20212379 -0.18 0.18 0.00 0.00 HOLD
16.196	>>> V 0.00 0.00
16.196	S 20212399 -0.09 0.26 0.00 0.00 HOLD
16.213	>>> V 0.00 0.00
16.214	S 20212419 -0.09 0.26 0.00 0.00 HOLD
16.231	>>> V 0.00 0.00
16.232	S 20212439 -0.09 0.26 0.00 0.00 HOLD
16.251	>>> V 0.00 0.00
16.251	S 20212459 -0.09 0.26 0.00 0.00 HOLD
16.271	>>> V 0.00 0.00
16.271	S 20212479 -0.09 0.26 0.00 0.00 HOLD
16.296	>>> V 0.00 0.00
16.297	S 20212499 -0.09 0.26 0.00 0.00 HOLD
16.318	>>> V 0.00 0.00
16.318	S 20212519 -0.09 0.26 0.00 0.00 HOLD
16.332	>>> V 0.00 0.00
16.334	S 20212539 -0.09 0.26 0.00 0.00 HOLD
16.353	>>> V 0.00 0.00
16.355	S 20212559 -0.09 0.26 0.00 0.00 HOLD
16.371	>>> V 0.00 0.00
16.371	S 20212579 -0.09 0.18 0.00 0.00 HOLD
16.392	>>> V 0.00 0.00
16.394	S 20212599 -0.09 0.26 0.00 0.00 HOLD
16.410	>>> V 0.00 0.00
16.411	S 20212619 -0.09 0.26 0.00 0.00 HOLD
16.434	>>> V 0.00 0.00
16.435	S 20212639 -0.09 0.35 0.00 0.00 HOLD
16.452	>>> V 0.00 0.00
16.452	S 20212659 -0.09 0.35 0.00 0.00 HOLD
16.471	>>> V 0.00 0.00
16.472	S 20212679 -0.09 0.26 0.00 0.00 HOLD
16.491	>>> V 0.00 0.00
16.492	S 20212699 -0.09 0.26 0.00 0.00 HOLD
16.511	>>> V 0.00 0.00
16.511	S 20212719 -0.09 0.35 0.00 0.00 HOLD
16.534	>>> V 0.00 0.00
16.534	S 20212739 -0.09 0.26 0.00 0.00 HOLD
16.552	>>> V 0.00 0.00
16.552	S 20212759 -0.09 0.18 0.00 0.00 HOLD
16.571	>>> V 0.00 0.00
16.572	S 20212779 -0.09 0.26 0.00 0.00 HOLD
16.600	>>> V 0.00 0.00
16.601	S 20212799 -0.09 0.26 0.00 0.00 HOLD
16.612	>>> V 0.00 0.00
16.613	S 20212819 -0.09 0.18 0.00 0.00 HOLD
16.631	>>> V 0.00 0.00
16.634	S 20212839 -0.09 0.26 0.00 0.00 HOLD
16.653	>>> V 0.00 0.00
16.654	S 20212859 -0.18 0.26 0.00 0.00 HOLD
16.672	>>> V 0.00 0.00
16.672	S 20212879 -0.09 0.18 0.00 0.00 HOLD
16.691	>>> V 0.00 0.00
16.692	S 20212899 -0.09 0.18 0.00 0.00 HOLD
16.712	>>> V 0.00 0.00
16.713	S 20212919 -0.09 0.35 0.00 0.00 HOLD
16.731	>>> V 0.00 0.00
16.732	S 20212939 -0.09 0.35 0.00 1.37 HOLD
16.751	>>> V 0.00 0.00
16.751	S 20212959 -0.09 0.26 0.00 1.37 HOLD
16.775	>>> V 0.00 0.00
16.776	S 20212979 -0.09 0.18 0.00 0.00 HOLD
16.791	>>> V 0.00 0.00
16.791	S 20212999 -0.09 0.18 0.00 -1.37 HOLD
16.812	>>> V 0.00 0.00
16.813	S 20213019 -0.09 0.26 0.00 -1.37 HOLD
16.831	>>> V 0.00 0.00
16.832	S 20213039 -0.18 0.26 0.00 0.00 HOLD
16.852	>>> V 0.00 0.00
16.852	S 20213059 -0.09 0.18 0.00 0.00 HOLD
16.875	>>> V 0.00 0.00
16.876	S 20213079 -0.09 0.26 0.00 0.00 HOLD
16.893	>>> V 0.00 0.00
16.894	S 20213099 -0.09 0.18 0.00 0.00 HOLD
16.912	>>> V 0.00 0.00
16.913	S 20213119 -0.09 0.18 0.00 0.00 HOLD
16.937	>>> V 0.00 0.00
16.938	S 20213139 -0.18 0.18 0.00 0.00 HOLD
16.951	>>> V 0.00 0.00
16.953	S 20213159 -0.09 0.18 0.00 0.00 HOLD
16.971	>>> V 0.00 0.00
16.972	S 20213179 -0.09 0.18 0.00 0.00 HOLD
17.000	>>> V 0.00 0.00
17.001	S 20213199 -0.09 0.18 0.00 0.00 HOLD
17.013	>>> V 0.00 0.00
17.014	S 20213219 -0.09 0.26 0.00 0.00 HOLD
17.033	>>> V 0.00 0.00
17.034	S 20213239 -0.18 0.26 0.00 0.00 HOLD
17.051	>>> V 0.00 0.00
17.051	S 20213259 -0.18 0.26 0.00 0.00 HOLD
17.073	>>> V 0.00 0.00
17.073	S 20213279 -0.18 0.26 0.00 0.00 HOLD
17.100	>>> V 0.00 0.00
17.101	S 20213299 -0.18 0.26 0.00 0.00 HOLD
17.111	>>> V 0.00 0.00
17.112	S 20213319 -0.18 0.26 0.00 0.00 HOLD
17.135	>>> V 0.00 0.00
17.136	S 20213339 -0.18 0.26 0.00 0.00 HOLD
17.152	>>> V 0.00 0.00
17.153	S 20213359 -0.18 0.26 0.00 0.00 HOLD
17.173	>>> V 0.00 0.00
17.174	S 20213379 -0.26 0.18 0.00 0.00 HOLD
17.199	>>> V 0.00 0.00
17.200	S 20213399 -0.26 0.18 0.00 0.00 HOLD
17.215	>>> V 0.00 0.00
17.215	S 20213419 -0.26 0.18 0.00 0.00 HOLD
17.233	>>> V 0.00 0.00
17.234	S 20213439 -0.18 0.18 0.00 0.00 HOLD
17.251	>>> V 0.00 0.00
17.251	S 20213459 -0.26 0.18 0.00 0.00 HOLD
17.271	>>> V 0.00 0.00
17.271	S 20213479 -0.26 0.18 0.00 0.00 HOLD
17.298	>>> V 0.00 0.00
17.299	S 20213499 -0.26 0.18 0.00 0.00 HOLD
17.314	>>> V 0.00 0.00
17.315	S 20213519 -0.26 0.18 0.00 0.00 HOLD
17.332	>>> V 0.00 0.00
17.333	S 20213539 -0.18 0.35 0.00 0.00 HOLD
17.353	>>> V 0.00 0.00
17.354	S 20213559 -0.18 0.35 0.00 1.37 HOLD
17.371	>>> V 0.00 0.00
17.371	S 20213579 -0.18 0.35 0.00 1.37 HOLD
17.392	>>> V 0.00 0.00
17.393	S 20213599 -0.18 0.35 0.00 1.37 HOLD
17.411	>>> V 0.00 0.00
17.411	S 20213619 -0.18 0.35 0.00 0.00 HOLD
17.432	>>> V 0.00 0.00
17.433	S 20213639 -0.18 0.35 0.00 0.00 HOLD
17.452	>>> V 0.00 0.00
17.452	S 20213659 -0.18 0.35 0.00 0.00 HOLD
17.471	>>> V 0.00 0.00
17.472	S 20213679 -0.18 0.35 0.00 0.00 HOLD
17.492	>>> V 0.00 0.00
17.492	S 20213699 -0.18 0.35 0.00 0.00 HOLD
17.511	>>> V 0.00 0.00
17.511	S 20213719 -0.18 0.44 0.00 0.00 HOLD
17.537	>>> V 0.00 0.00
17.538	S 20213739 -0.18 0.35 0.00 0.00 HOLD
17.552	>>> V 0.00 0.00
17.552	S 20213759 -0.18 0.35 0.00 0.00 HOLD
17.572	>>> V 0.00 0.00
17.572	S 20213779 -0.18 0.35 0.00 0.00 HOLD
17.593	>>> V 0.00 0.00
17.594	S 20213799 -0.18 0.35 0.00 0.00 HOLD
17.610	>>> V 0.00 0.00
17.611	S 20213819 -0.18 0.35 0.00 0.00 HOLD
17.637	>>> V 0.00 0.00
17.639	S 20213839 -0.18 0.26 0.00 0.00 HOLD
17.653	>>> V 0.00 0.00
17.654	S 20213859 -0.26 0.18 0.00 -1.37 HOLD
17.671	>>> V 0.00 0.00
17.672	S 20213879 -0.18 0.18 0.00 -1.37 HOLD
17.694	>>> V 0.00 0.00
17.694	S 20213899 -0.18 0.18 0.00 -1.37 HOLD
17.710	>>> V 0.00 0.00
17.711	S 20213919 -0.26 0.18 0.00 0.00 HOLD
17.738	>>> V 0.00 0.00
17.738	S 20213939 -0.26 0.35 0.00 0.00 HOLD
17.755	>>> V 0.00 0.00
17.755	S 20213959 -0.18 0.35 0.00 1.37 HOLD
17.771	>>> V 0.00 0.00
17.772	S 20213979 -0.26 0.26 0.00 1.37 HOLD
17.794	>>> V 0.00 0.00
17.794	S 20213999 -0.18 0.26 0.00 0.00 HOLD
17.811	>>> V 0.00 0.00
17.811	S 20214019 -0.18 0.35 0.00 0.00 HOLD
17.833	>>> V 0.00 0.00
17.833	S 20214039 -0.18 0.35 0.00 0.00 HOLD
17.851	>>> V 0.00 0.00
17.852	S 20214059 -0.18 0.18 0.00 0.00 HOLD
17.871	>>> V 0.00 0.00
17.871	S 20214079 -0.18 0.18 0.00 0.00 HOLD
17.891	>>> V 0.00 0.00
17.891	S 20214099 -0.18 0.18 0.00 -1.37 HOLD
17.911	>>> V 0.00 0.00
17.911	S 20214119 -0.26 0.18 0.00 -1.37 HOLD
17.933	>>> V 0.00 0.00
17.934	S 20214139 -0.26 0.18 0.00 0.00 HOLD
17.952	>>> V 0.00 0.00
17.952	S 20214159 -0.26 0.18 0.00 0.00 HOLD
17.972	>>> V 0.00 0.00
17.973	S 20214179 -0.26 0.18 0.00 0.00 HOLD
17.992	>>> V 0.00 0.00
17.993	S 20214199 -0.26 0.18 0.00 0.00 HOLD
18.012	>>> V 0.00 0.00
18.013	S 20214219 -0.26 0.18 0.00 0.00 HOLD
18.035	>>> V 0.00 0.00
18.036	S 20214239 -0.26 0.18 0.00 0.00 HOLD
18.052	>>> V 0.00 0.00
18.053	S 20214259 -0.18 0.18 0.00 0.00 HOLD
18.075	>>> V 0.00 0.00
18.075	S 20214279 -0.18 0.18 0.00 0.00 HOLD
18.094	>>> V 0.00 0.00
18.095	S 20214299 -0.18 0.18 0.00 0.00 HOLD
18.111	>>> V 0.00 0.00
18.111	S 20214319 -0.26 0.18 0.00 0.00 HOLD
18.133	>>> V 0.00 0.00
18.134	S 20214339 -0.18 0.18 0.00 0.00 HOLD
18.154	>>> V 0.00 0.00
18.154	S 20214359 -0.26 0.18 0.00 0.00 HOLD
18.171	>>> V 0.00 0.00
18.172	S 20214379 -0.26 0.18 0.00 0.00 HOLD
18.199	>>> V 0.00 0.00
18.200	S 20214399 -0.26 0.18 0.00 0.00 HOLD
18.213	>>> V 0.00 0.00
18.213	S 20214419 -0.26 0.18 0.00 0.00 HOLD
18.233	>>> V 0.00 0.00
18.235	S 20214439 -0.26 0.18 0.00 0.00 HOLD
18.251	>>> V 0.00 0.00
18.252	S 20214459 -0.26 0.18 0.00 0.00 HOLD
18.272	>>> V 0.00 0.00
18.272	S 20214479 -0.26 0.18 0.00 0.00 HOLD
18.293	>>> V 0.00 0.00
18.293	S 20214499 -0.26 0.18 0.00 0.00 HOLD
18.312	>>> V 0.00 0.00
18.312	S 20214519 -0.26 0.18 0.00 0.00 HOLD
18.333	>>> V 0.00 0.00
18.333	S 20214539 -0.18 0.18 0.00 0.00 HOLD
18.351	>>> V 0.00 0.00
18.352	S 20214559 -0.18 0.18 0.00 0.00 HOLD
18.371	>>> V 0.00 0.00
18.371	S 20214579 -0.18 0.18 0.00 0.00 HOLD
18.392	>>> V 0.00 0.00
18.393	S 20214599 -0.18 0.18 0.00 0.00 HOLD
18.411	>>> V 0.00 0.00
18.411	S 20214619 -0.18 0.18 0.00 0.00 HOLD
18.432	>>> V 0.00 0.00
18.433	S 20214639 -0.18 0.18 0.00 0.00 HOLD
18.451	>>> V 0.00 0.00
18.451	S 20214659 -0.18 0.18 0.00 0.00 HOLD
18.473	>>> V 0.00 0.00
18.475	S 20214679 -0.18 0.18 0.00 0.00 HOLD
18.491	>>> V 0.00 0.00
18.492	S 20214699 -0.18 0.18 0.00 0.00 HOLD
18.512	>>> V 0.00 0.00
18.513	S 20214719 -0.18 0.18 0.00 0.00 HOLD
18.532	>>> V 0.00 0.00
18.533	S 20214739 -0.18 0.18 0.00 0.00 HOLD
18.551	>>> V 0.00 0.00
18.551	S 20214759 -0.18 0.18 0.00 0.00 HOLD
18.571	>>> V 0.00 0.00
18.572	S 20214779 -0.18 0.18 0.00 0.00 HOLD
18.591	>>> V 0.00 0.00
18.592	S 20214799 -0.18 0.18 0.00 0.00 HOLD
18.611	>>> V 0.00 0.00
18.612	S 20214819 -0.18 0.18 0.00 0.00 HOLD
18.632	>>> V 0.00 0.00
18.633	S 20214839 -0.18 0.18 0.00 0.00 HOLD
18.651	>>> V 0.00 0.00
18.653	S 20214859 -0.18 0.18 0.00 0.00 HOLD
18.672	>>> V 0.00 0.00
18.673	S 20214879 -0.18 0.18 0.00 0.00 HOLD
18.691	>>> V 0.00 0.00
18.692	S 20214899 -0.18 0.18 0.00 0.00 HOLD
18.711	>>> V 0.00 0.00
18.711	S 20214919 -0.18 0.18 0.00 0.00 HOLD
18.735	>>> V 0.00 0.00
18.735	S 20214939 -0.18 0.18 0.00 0.00 HOLD
18.751	>>> V 0.00 0.00
18.752	S 20214959 -0.18 0.18 0.00 0.00 HOLD
18.772	>>> V 0.00 0.00
18.772	S 20214979 -0.18 0.18 0.00 0.00 HOLD
18.798	>>> V 0.00 0.00
18.799	S 20214999 -0.18 0.18 0.00 0.00 HOLD
18.811	>>> V 0.00 0.00
18.812	S 20215019 -0.18 0.18 0.00 0.00 HOLD
18.833	>>> V 0.00 0.00
18.834	S 20215039 -0.18 0.18 0.00 0.00 HOLD
18.851	>>> V 0.00 0.00
18.852	S 20215059 -0.18 0.18 0.00 0.00 HOLD
18.871	>>> V 0.00 0.00
18.871	S 20215079 -0.18 0.18 0.00 0.00 HOLD
18.896	>>> V 0.00 0.00
18.897	S 20215099 -0.18 0.18 0.00 0.00 HOLD
18.912	>>> V 0.00 0.00
18.913	S 20215119 -0.18 0.18 0.00 0.00 HOLD
18.931	>>> V 0.00 0.00
18.932	S 20215139 -0.18 0.18 0.00 0.00 HOLD
18.951	>>> V 0.00 0.00
18.951	S 20215159 -0.18 0.18 0.00 0.00 HOLD
18.971	>>> V 0.00 0.00
18.971	S 20215179 -0.18 0.18 0.00 0.00 HOLD
18.995	>>> V 0.00 0.00
18.996	S 20215199 -0.18 0.18 0.00 0.00 HOLD
19.013	>>> V 0.00 0.00
19.014	S 20215219 -0.18 0.18 0.00 0.00 HOLD
19.034	>>> V 0.00 0.00
19.034	S 20215239 -0.18 0.18 0.00 0.00 HOLD
19.051	>>> V 0.00 0.00
19.051	S 20215259 -0.09 0.18 0.00 0.00 HOLD
19.071	>>> V 0.00 0.00
19.071	S 20215279 -0.18 0.18 0.00 0.00 HOLD
19.094	>>> V 0.00 0.00
19.095	S 20215299 -0.18 0.18 0.00 0.00 HOLD
19.112	>>> V 0.00 0.00
19.112	S 20215319 -0.09 0.18 0.00 0.00 HOLD
19.132	>>> V 0.00 0.00
19.134	S 20215339 -0.09 0.18 0.00 0.00 HOLD
19.152	>>> V 0.00 0.00
19.152	S 20215359 -0.18 0.18 0.00 0.00 HOLD
19.171	>>> V 0.00 0.00
19.171	S 20215379 -0.09 0.18 0.00 0.00 HOLD
19.193	>>> V 0.00 0.00
19.193	S 20215399 -0.18 0.18 0.00 0.00 HOLD
19.211	>>> V 0.00 0.00
19.211	S 20215419 -0.09 0.18 0.00 0.00 HOLD
19.232	>>> V 0.00 0.00
19.235	S 20215439 -0.18 0.18 0.00 0.00 HOLD
19.253	>>> V 0.00 0.00
19.254	S 20215459 -0.09 0.18 0.00 0.00 HOLD
19.272	>>> V 0.00 0.00
19.272	S 20215479 -0.09 0.18 0.00 0.00 HOLD
19.291	>>> V 0.00 0.00
19.292	S 20215499 -0.09 0.18 0.00 0.00 HOLD
19.311	>>> V 0.00 0.00
19.311	S 20215519 -0.18 0.18 0.00 0.00 HOLD
19.333	>>> V 0.00 0.00
19.334	S 20215539 -0.09 0.18 0.00 0.00 HOLD
19.354	>>> V 0.00 0.00
19.355	S 20215559 -0.09 0.18 0.00 0.00 HOLD
19.371	>>> V 0.00 0.00
19.372	S 20215579 -0.18 0.18 0.00 0.00 HOLD
19.394	>>> V 0.00 0.00
19.395	S 20215599 -0.09 0.18 0.00 0.00 HOLD
19.411	>>> V 0.00 0.00
19.414	S 20215619 -0.18 0.18 0.00 0.00 HOLD
19.432	>>> V 0.00 0.00
19.433	S 20215639 -0.09 0.18 0.00 0.00 HOLD
19.451	>>> V 0.00 0.00
19.451	S 20215659 -0.09 0.18 0.00 0.00 HOLD
19.471	>>> V 0.00 0.00
19.471	S 20215679 -0.18 0.18 0.00 0.00 HOLD
19.492	>>> V 0.00 0.00
19.493	S 20215699 -0.09 0.18 0.00 0.00 HOLD
19.511	>>> V 0.00 0.00
19.511	S 20215719 -0.09 0.18 0.00 0.00 HOLD
19.534	>>> V 0.00 0.00
19.536	S 20215739 -0.09 0.18 0.00 0.00 HOLD
19.554	>>> V 0.00 0.00
19.555	S 20215759 -0.09 0.18 0.00 0.00 HOLD
19.571	>>> V 0.00 0.00
19.571	S 20215779 -0.18 0.18 0.00 0.00 HOLD
19.593	>>> V 0.00 0.00
19.593	S 20215799 -0.09 0.18 0.00 0.00 HOLD
19.611	>>> V 0.00 0.00
19.612	S 20215819 -0.09 0.18 0.00 0.00 HOLD
19.633	>>> V 0.00 0.00
19.634	S 20215839 -0.09 0.18 0.00 0.00 HOLD
19.652	>>> V 0.00 0.00
19.653	S 20215859 -0.09 0.18 0.00 0.00 HOLD
19.671	>>> V 0.00 0.00
19.671	S 20215879 -0.09 0.18 0.00 0.00 HOLD
19.694	>>> V 0.00 0.00
19.695	S 20215899 -0.09 0.18 0.00 0.00 HOLD
19.711	>>> V 0.00 0.00
19.712	S 20215919 -0.18 0.18 0.00 0.00 HOLD
19.732	>>> V 0.00 0.00
19.733	S 20215939 -0.09 0.18 0.00 0.00 HOLD
19.752	>>> V 0.00 0.00
19.752	S 20215959 -0.09 0.18 0.00 0.00 HOLD
19.772	>>> V 0.00 0.00
19.772	S 20215979 -0.09 0.18 0.00 0.00 HOLD
19.791	>>> V 0.00 0.00
19.792	S 20215999 -0.09 0.18 0.00 0.00 HOLD
19.812	>>> V 0.00 0.00
19.812	S 20216019 -0.09 0.18 0.00 0.00 HOLD
19.840	>>> V 0.00 0.00
19.840	S 20216039 -0.09 0.18 0.00 0.00 HOLD
19.852	>>> V 0.00 0.00
19.854	S 20216059 -0.09 0.18 0.00 0.00 HOLD
19.872	>>> V 0.00 0.00
19.873	S 20216079 -0.09 0.18 0.00 0.00 HOLD
19.892	>>> V 0.00 0.00
19.894	S 20216099 -0.09 0.18 0.00 0.00 HOLD
19.913	>>> V 0.00 0.00
19.914	S 20216119 -0.18 0.18 0.00 0.00 HOLD
19.934	>>> V 0.00 0.00
19.934	S 20216139 -0.09 0.18 0.00 0.00 HOLD
19.951	>>> V 0.00 0.00
19.951	S 20216159 -0.18 0.09 0.00 0.00 HOLD
19.971	>>> V 0.00 0.00
19.971	S 20216179 -0.09 0.18 0.00 0.00 HOLD
19.992	>>> V 0.00 0.00
19.992	S 20216199 -0.09 0.18 0.00 0.00 HOLD
20.011	>>> V 0.00 0.00
20.013	S 20216219 -0.09 0.18 0.00 0.00 HOLD
20.034	>>> V 0.00 0.00
20.035	S 20216239 -0.18 0.18 0.00 0.00 HOLD
20.052	>>> V 0.00 0.00
20.052	S 20216259 -0.09 0.18 0.00 0.00 HOLD
20.072	>>> V 0.00 0.00
20.073	S 20216279 -0.18 0.18 0.00 0.00 HOLD
20.092	>>> V 0.00 0.00
20.093	S 20216299 -0.09 0.18 0.00 0.00 HOLD
20.114	>>> V 0.00 0.00
20.115	S 20216319 -0.09 0.18 0.00 0.00 HOLD
20.136	>>> V 0.00 0.00
20.137	S 20216339 -0.18 0.18 0.00 0.00 HOLD
20.156	>>> V 0.00 0.00
20.157	S 20216359 -0.18 0.18 0.00 0.00 HOLD
20.172	>>> V 0.00 0.00
20.174	S 20216379 -0.09 0.18 0.00 0.00 HOLD
20.193	>>> V 0.00 0.00
20.193	S 20216399 -0.09 0.18 0.00 0.00 HOLD
20.211	>>> V 0.00 0.00
20.211	S 20216419 -0.09 0.18 0.00 0.00 HOLD
20.233	>>> V 0.00 0.00
20.234	S 20216439 -0.09 0.18 0.00 0.00 HOLD
20.254	>>> V 0.00 0.00
20.256	S 20216459 -0.09 0.18 0.00 0.00 HOLD
20.271	>>> V 0.00 0.00
20.272	S 20216479 -0.09 0.18 0.00 0.00 HOLD
20.292	>>> V 0.00 0.00
20.292	S 20216499 -0.09 0.18 0.00 0.00 HOLD
20.311	>>> V 0.00 0.00
20.312	S 20216519 -0.09 0.18 0.00 0.00 HOLD
20.333	>>> V 0.00 0.00
20.333	S 20216539 -0.18 0.18 0.00 0.00 HOLD
20.352	>>> V 0.00 0.00
20.353	S 20216559 -0.09 0.18 0.00 0.00 HOLD
20.371	>>> V 0.00 0.00
20.371	S 20216579 -0.09 0.18 0.00 0.00 HOLD
20.397	>>> V 0.00 0.00
20.397	S 20216599 -0.09 0.18 0.00 0.00 HOLD
20.411	>>> V 0.00 0.00
20.411	S 20216619 -0.18 0.18 0.00 0.00 HOLD
20.438	>>> V 0.00 0.00
20.438	S 20216639 -0.09 0.18 0.00 0.00 HOLD
20.456	>>> V 0.00 0.00
20.457	S 20216659 -0.09 0.18 0.00 0.00 HOLD
20.472	>>> V 0.00 0.00
20.473	S 20216679 -0.09 0.18 0.00 0.00 HOLD
20.491	>>> V 0.00 0.00
20.492	S 20216699 -0.09 0.18 0.00 0.00 HOLD
20.515	>>> V 0.00 0.00
20.516	S 20216719 -0.09 0.09 0.00 0.00 HOLD
20.533	>>> V 0.00 0.00
20.534	S 20216739 -0.09 0.18 0.00 0.00 HOLD
20.553	>>> V 0.00 0.00
20.554	S 20216759 -0.09 0.18 0.00 0.00 HOLD
20.572	>>> V 0.00 0.00
20.573	S 20216779 -0.09 0.18 0.00 0.00 HOLD
20.592	>>> V 0.00 0.00
20.592	S 20216799 -0.18 0.18 0.00 0.00 HOLD
20.612	>>> V 0.00 0.00
20.612	S 20216819 -0.18 0.18 0.00 0.00 HOLD
20.631	>>> V 0.00 0.00
20.633	S 20216839 -0.09 0.18 0.00 0.00 HOLD
20.651	>>> V 0.00 0.00
20.651	S 20216859 -0.09 0.18 0.00 0.00 HOLD
20.671	>>> V 0.00 0.00
20.672	S 20216879 -0.09 0.18 0.00 0.00 HOLD
20.694	>>> V 0.00 0.00
20.696	S 20216899 -0.09 0.18 0.00 0.00 HOLD
20.714	>>> V 0.00 0.00
20.715	S 20216919 -0.09 0.18 0.00 0.00 HOLD
20.734	>>> V 0.00 0.00
20.734	S 20216939 -0.09 0.18 0.00 0.00 HOLD
20.754	>>> V 0.00 0.00
20.755	S 20216959 -0.09 0.09 0.00 0.00 HOLD
20.771	>>> V 0.00 0.00
20.771	S 20216979 -0.09 0.18 0.00 0.00 HOLD
20.791	>>> V 0.00 0.00
20.793	S 20216999 -0.09 0.18 0.00 0.00 HOLD
20.810	>>> V 0.00 0.00
20.811	S 20217020 -0.18 0.18 0.00 0.00 HOLD
20.832	>>> V 0.00 0.00
20.833	S 20217040 -0.09 0.18 0.00 0.00 HOLD
20.851	>>> V 0.00 0.00
20.852	S 20217060 -0.09 0.18 0.00 0.00 HOLD
20.872	>>> V 0.00 0.00
20.874	S 20217080 -0.09 0.18 0.00 0.00 HOLD
20.894	>>> V 0.00 0.00
20.895	S 20217100 -0.09 0.09 0.00 0.00 HOLD
20.911	>>> V 0.00 0.00
20.911	S 20217120 -0.09 0.18 0.00 0.00 HOLD
20.932	>>> V 0.00 0.00
20.932	S 20217140 -0.09 0.18 0.00 0.00 HOLD
20.950	>>> V 0.00 0.00
20.951	S 20217160 -0.18 0.18 0.00 0.00 HOLD
20.970	>>> V 0.00 0.00
20.971	S 20217180 -0.18 0.18 0.00 0.00 HOLD
20.993	>>> V 0.00 0.00
20.993	S 20217200 -0.09 0.18 0.00 0.00 HOLD
21.012	>>> V 0.00 0.00
21.013	S 20217220 -0.18 0.18 0.00 0.00 HOLD
21.033	>>> V 0.00 0.00
21.034	S 20217240 -0.09 0.18 0.00 0.00 HOLD
21.051	>>> V 0.00 0.00
21.052	S 20217260 -0.09 0.18 0.00 0.00 HOLD
21.071	>>> V 0.00 0.00
21.073	S 20217280 -0.09 0.18 0.00 0.00 HOLD
21.094	>>> V 0.00 0.00
21.095	S 20217300 -0.18 0.18 0.00 0.00 HOLD
21.111	>>> V 0.00 0.00
21.112	S 20217320 -0.09 0.18 0.00 0.00 HOLD
21.131	>>> V 0.00 0.00
21.131	S 20217340 -0.18 0.18 0.00 0.00 HOLD
21.151	>>> V 0.00 0.00
21.152	S 20217360 -0.09 0.18 0.00 0.00 HOLD
21.172	>>> V 0.00 0.00
21.173	S 20217380 -0.18 0.18 0.00 0.00 HOLD
21.192	>>> V 0.00 0.00
21.193	S 20217400 -0.09 0.18 0.00 0.00 HOLD
21.212	>>> V 0.00 0.00
21.213	S 20217420 -0.09 0.18 0.00 0.00 HOLD
21.231	>>> V 0.00 0.00
21.232	S 20217440 -0.09 0.18 0.00 0.00 HOLD
21.253	>>> V 0.00 0.00
21.253	S 20217460 -0.09 0.18 0.00 0.00 HOLD
21.271	>>> V 0.00 0.00
21.271	S 20217480 -0.09 0.18 0.00 0.00 HOLD
21.292	>>> V 0.00 0.00
21.292	S 20217500 -0.09 0.18 0.00 0.00 HOLD
21.312	>>> V 0.00 0.00
21.313	S 20217520 -0.18 0.09 0.00 0.00 HOLD
21.333	>>> V 0.00 0.00
21.336	S 20217540 -0.18 0.18 0.00 0.00 HOLD
21.351	>>> V 0.00 0.00
21.353	S 20217560 -0.09 0.18 0.00 0.00 HOLD
21.375	>>> V 0.00 0.00
21.376	S 20217580 -0.09 0.09 0.00 0.00 HOLD
21.395	>>> V 0.00 0.00
21.398	S 20217600 -0.18 0.09 0.00 0.00 HOLD
21.412	>>> V 0.00 0.00
21.412	S 20217620 -0.09 0.18 0.00 0.00 HOLD
21.432	>>> V 0.00 0.00
21.432	S 20217640 -0.09 0.18 0.00 0.00 HOLD
21.451	>>> V 0.00 0.00
21.453	S 20217660 -0.09 0.18 0.00 0.00 HOLD
21.471	>>> V 0.00 0.00
21.472	S 20217680 -0.09 0.18 0.00 0.00 HOLD
21.494	>>> V 0.00 0.00
21.495	S 20217700 -0.09 0.18 0.00 0.00 HOLD
21.514	>>> V 0.00 0.00
21.516	S 20217720 -0.09 0.18 0.00 0.00 HOLD
21.532	>>> V 0.00 0.00
21.532	S 20217740 -0.09 0.18 0.00 0.00 HOLD
21.552	>>> V 0.00 0.00
21.553	S 20217760 -0.09 0.18 0.00 0.00 HOLD
21.571	>>> V 0.00 0.00
21.574	S 20217780 -0.09 0.18 0.00 0.00 HOLD
21.593	>>> V 0.00 0.00
21.595	S 20217800 -0.09 0.09 0.00 0.00 HOLD
21.614	>>> V 0.00 0.00
21.614	S 20217820 -0.09 0.18 0.00 0.00 HOLD
21.632	>>> V 0.00 0.00
21.633	S 20217840 -0.18 0.18 0.00 0.00 HOLD
21.651	>>> V 0.00 0.00
21.652	S 20217860 -0.18 0.18 0.00 0.00 HOLD
21.672	>>> V 0.00 0.00
21.672	S 20217880 -0.09 0.18 0.00 0.00 HOLD
21.691	>>> V 0.00 0.00
21.691	S 20217900 -0.09 0.18 0.00 0.00 HOLD
21.711	>>> V 0.00 0.00
21.711	S 20217920 -0.09 0.18 0.00 0.00 HOLD
21.735	>>> V 0.00 0.00
21.736	S 20217940 -0.09 0.18 0.00 0.00 HOLD
21.751	>>> V 0.00 0.00
21.751	S 20217960 -0.09 0.18 0.00 0.00 HOLD
21.772	>>> V 0.00 0.00
21.773	S 20217980 -0.09 0.18 0.00 0.00 HOLD
21.791	>>> V 0.00 0.00
21.791	S 20218000 -0.09 0.18 0.00 0.00 HOLD
21.812	>>> V 0.00 0.00
21.814	S 20218020 -0.09 0.18 0.00 0.00 HOLD
21.833	>>> V 0.00 0.00
21.834	S 20218040 -0.09 0.18 0.00 0.00 HOLD
21.852	>>> V 0.00 0.00
21.853	S 20218060 -0.09 0.18 0.00 0.00 HOLD
21.871	>>> V 0.00 0.00
21.872	S 20218080 -0.09 0.18 0.00 0.00 HOLD
21.893	>>> V 0.00 0.00
21.894	S 20218100 -0.18 0.18 0.00 0.00 HOLD
21.912	>>> V 0.00 0.00
21.913	S 20218120 -0.09 0.18 0.00 0.00 HOLD
21.932	>>> V 0.00 0.00
21.935	S 20218140 -0.09 0.18 0.00 0.00 HOLD
21.952	>>> V 0.00 0.00
21.953	S 20218160 -0.09 0.18 0.00 0.00 HOLD
21.971	>>> V 0.00 0.00
21.972	S 20218180 -0.18 0.18 0.00 0.00 HOLD
21.991	>>> V 0.00 0.00
21.992	S 20218200 -0.18 0.09 0.00 0.00 HOLD
22.011	>>> V 0.00 0.00
22.011	S 20218220 -0.18 0.18 0.00 0.00 HOLD
22.035	>>> V 0.00 0.00
22.036	S 20218240 -0.09 0.18 0.00 0.00 HOLD
22.051	>>> V 0.00 0.00
22.052	S 20218260 -0.18 0.18 0.00 0.00 HOLD
22.072	>>> V 0.00 0.00
22.075	S 20218280 -0.09 0.18 0.00 0.00 HOLD
22.093	>>> V 0.00 0.00
22.093	S 20218300 -0.09 0.18 0.00 0.00 HOLD
22.112	>>> V 0.00 0.00
22.113	S 20218320 -0.09 0.18 0.00 0.00 HOLD
22.131	>>> V 0.00 0.00
22.132	S 20218340 -0.09 0.18 0.00 0.00 HOLD
22.151	>>> V 0.00 0.00
22.152	S 20218360 -0.18 0.18 0.00 0.00 HOLD
22.174	>>> V 0.00 0.00
22.175	S 20218380 -0.09 0.09 0.00 0.00 HOLD
22.191	>>> V 0.00 0.00
22.191	S 20218400 -0.09 0.18 0.00 0.00 HOLD
22.212	>>> V 0.00 0.00
22.213	S 20218420 -0.09 0.18 0.00 0.00 HOLD
22.236	>>> V 0.00 0.00
22.237	S 20218440 -0.09 0.18 0.00 0.00 HOLD
22.251	>>> V 0.00 0.00
22.251	S 20218460 -0.18 0.18 0.00 0.00 HOLD
22.272	>>> V 0.00 0.00
22.273	S 20218480 -0.18 0.18 0.00 0.00 HOLD
22.292	>>> V 0.00 0.00
22.293	S 20218500 -0.09 0.18 0.00 0.00 HOLD
22.311	>>> V 0.00 0.00
22.311	S 20218520 -0.18 0.18 0.00 0.00 HOLD
22.333	>>> V 0.00 0.00
22.335	S 20218540 -0.09 0.18 0.00 0.00 HOLD
22.353	>>> V 0.00 0.00
22.353	S 20218560 -0.18 0.18 0.00 0.00 HOLD
22.371	>>> V 0.00 0.00
22.371	S 20218580 -0.09 0.18 0.00 0.00 HOLD
22.391	>>> V 0.00 0.00
22.391	S 20218600 -0.18 0.18 0.00 0.00 HOLD
22.411	>>> V 0.00 0.00
22.411	S 20218620 -0.09 0.18 0.00 0.00 HOLD
22.431	>>> V 0.00 0.00
22.431	S 20218640 -0.09 0.18 0.00 0.00 HOLD
22.450	>>> V 0.00 0.00
22.451	S 20218660 -0.09 0.18 0.00 0.00 HOLD
22.476	>>> V 0.00 0.00
22.477	S 20218680 -0.09 0.18 0.00 0.00 HOLD
22.501	>>> V 0.00 0.00
22.502	S 20218700 -0.09 0.18 0.00 0.00 HOLD
22.512	>>> V 0.00 0.00
22.513	S 20218720 -0.09 0.18 0.00 0.00 HOLD
22.536	>>> V 0.00 0.00
22.538	S 20218740 -0.18 0.18 0.00 0.00 HOLD
22.551	>>> V 0.00 0.00
22.554	S 20218760 -0.18 0.18 0.00 0.00 HOLD
22.572	>>> V 0.00 0.00
22.572	S 20218780 -0.09 0.18 0.00 0.00 HOLD
22.595	>>> V 0.00 0.00
22.595	S 20218800 -0.09 0.18 0.00 0.00 HOLD
22.610	>>> V 0.00 0.00
22.611	S 20218820 -0.09 0.18 0.00 0.00 HOLD
22.632	>>> V 0.00 0.00
22.633	S 20218840 -0.09 0.18 0.00 0.00 HOLD
22.651	>>> V 0.00 0.00
22.653	S 20218860 -0.09 0.18 0.00 0.00 HOLD
22.671	>>> V 0.00 0.00
22.672	S 20218880 -0.09 0.18 0.00 0.00 HOLD
22.695	>>> V 0.00 0.00
22.698	S 20218900 -0.09 0.18 0.00 0.00 HOLD
22.714	>>> V 0.00 0.00
22.714	S 20218920 -0.18 0.09 0.00 0.00 HOLD
22.735	>>> V 0.00 0.00
22.735	S 20218940 -0.09 0.18 0.00 0.00 HOLD
22.755	>>> V 0.00 0.00
22.755	S 20218960 -0.18 0.18 0.00 0.00 HOLD
22.771	>>> V 0.00 0.00
22.774	S 20218980 -0.09 0.18 0.00 0.00 HOLD
22.794	>>> V 0.00 0.00
22.798	S 20219000 -0.09 0.18 0.00 0.00 HOLD
22.814	>>> V 0.00 0.00
22.816	S 20219020 -0.09 0.18 0.00 0.00 HOLD
22.832	>>> V 0.00 0.00
22.835	S 20219040 -0.09 0.18 0.00 0.00 HOLD
22.851	>>> V 0.00 0.00
22.852	S 20219060 -0.09 0.18 0.00 0.00 HOLD
22.874	>>> V 0.00 0.00
22.875	S 20219080 -0.18 0.18 0.00 0.00 HOLD
22.893	>>> V 0.00 0.00
22.894	S 20219100 -0.09 0.09 0.00 0.00 HOLD
22.911	>>> V 0.00 0.00
22.912	S 20219120 -0.09 0.18 0.00 0.00 HOLD
22.934	>>> V 0.00 0.00
22.937	S 20219140 -0.09 0.18 0.00 0.00 HOLD
22.951	>>> V 0.00 0.00
22.951	S 20219160 -0.09 0.18 0.00 0.00 HOLD
22.974	>>> V 0.00 0.00
22.974	S 20219180 -0.18 0.18 0.00 0.00 HOLD
22.991	>>> V 0.00 0.00
22.992	S 20219200 -0.09 0.18 0.00 0.00 HOLD
23.011	>>> V 0.00 0.00
23.012	S 20219220 -0.09 0.18 0.00 0.00 HOLD
23.034	>>> V 0.00 0.00
23.035	S 20219240 -0.09 0.18 0.00 0.00 HOLD
23.052	>>> V 0.00 0.00
23.052	S 20219260 -0.09 0.18 0.00 0.00 HOLD
23.072	>>> V 0.00 0.00
23.072	S 20219280 -0.09 0.18 0.00 0.00 HOLD
23.091	>>> V 0.00 0.00
23.092	S 20219300 -0.18 0.18 0.00 0.00 HOLD
23.111	>>> V 0.00 0.00
23.111	S 20219320 -0.09 0.18 0.00 0.00 HOLD
23.132	>>> V 0.00 0.00
23.133	S 20219340 -0.18 0.18 0.00 0.00 HOLD
23.152	>>> V 0.00 0.00
23.153	S 20219360 -0.09 0.18 0.00 0.00 HOLD
23.172	>>> V 0.00 0.00
23.173	S 20219380 -0.09 0.18 0.00 0.00 HOLD
23.196	>>> V 0.00 0.00
23.197	S 20219400 -0.18 0.18 0.00 0.00 HOLD
23.211	>>> V 0.00 0.00
23.211	S 20219420 -0.09 0.18 0.00 0.00 HOLD
23.235	>>> V 0.00 0.00
23.236	S 20219440 -0.09 0.18 0.00 0.00 HOLD
23.251	>>> V 0.00 0.00
23.253	S 20219460 -0.09 0.18 0.00 0.00 HOLD
23.273	>>> V 0.00 0.00
23.275	S 20219480 -0.09 0.18 0.00 0.00 HOLD
23.291	>>> V 0.00 0.00
23.292	S 20219500 -0.09 0.18 0.00 0.00 HOLD
23.311	>>> V 0.00 0.00
23.311	S 20219520 -0.09 0.18 0.00 0.00 HOLD
23.331	>>> V 0.00 0.00
23.331	S 20219540 -0.09 0.18 0.00 0.00 HOLD
23.351	>>> V 0.00 0.00
23.351	S 20219560 -0.09 0.09 0.00 0.00 HOLD
23.370	>>> V 0.00 0.00
23.371	S 20219580 -0.09 0.18 0.00 0.00 HOLD
23.391	>>> V 0.00 0.00
23.393	S 20219600 -0.09 0.18 0.00 0.00 HOLD
23.410	>>> V 0.00 0.00
23.411	S 20219620 -0.09 0.18 0.00 0.00 HOLD
23.437	>>> V 0.00 0.00
23.437	S 20219640 -0.09 0.09 0.00 0.00 HOLD
23.454	>>> V 0.00 0.00
23.455	S 20219660 -0.09 0.18 0.00 0.00 HOLD
23.471	>>> V 0.00 0.00
23.472	S 20219680 -0.09 0.18 0.00 0.00 HOLD
23.491	>>> V 0.00 0.00
23.492	S 20219700 -0.18 0.18 0.00 0.00 HOLD
23.511	>>> V 0.00 0.00
23.511	S 20219720 -0.09 0.18 0.00 0.00 HOLD
23.536	>>> V 0.00 0.00
23.537	S 20219740 -0.09 0.18 0.00 0.00 HOLD
23.551	>>> V 0.00 0.00
23.552	S 20219760 -0.09 0.18 0.00 0.00 HOLD
23.572	>>> V 0.00 0.00
23.573	S 20219780 -0.09 0.09 0.00 0.00 HOLD
23.591	>>> V 0.00 0.00
23.591	S 20219800 -0.18 0.18 0.00 0.00 HOLD
23.611	>>> V 0.00 0.00
23.612	S 20219820 -0.09 0.18 0.00 0.00 HOLD
23.634	>>> V 0.00 0.00
23.635	S 20219840 -0.18 0.18 0.00 0.00 HOLD
23.653	>>> V 0.00 0.00
23.654	S 20219860 -0.09 0.18 0.00 0.00 HOLD
23.671	>>> V 0.00 0.00
23.672	S 20219880 -0.09 0.18 0.00 0.00 HOLD
23.691	>>> V 0.00 0.00
23.692	S 20219900 -0.09 0.18 0.00 0.00 HOLD
23.711	>>> V 0.00 0.00
23.712	S 20219920 -0.09 0.18 0.00 0.00 HOLD
23.736	>>> V 0.00 0.00
23.737	S 20219940 -0.18 0.18 0.00 0.00 HOLD
23.752	>>> V 0.00 0.00
23.753	S 20219960 -0.18 0.18 0.00 0.00 HOLD
23.772	>>> V 0.00 0.00
23.773	S 20219980 -0.09 0.09 0.00 0.00 HOLD
23.792	>>> V 0.00 0.00
23.792	S 20220000 -0.09 0.18 0.00 0.00 HOLD
23.811	>>> V 0.00 0.00
23.812	S 20220020 -0.09 0.18 0.00 0.00 HOLD
23.831	>>> V 0.00 0.00
23.832	S 20220040 -0.09 0.18 0.00 0.00 HOLD
23.851	>>> V 0.00 0.00
23.852	S 20220060 -0.09 0.09 0.00 0.00 HOLD
23.872	>>> V 0.00 0.00
23.872	S 20220080 -0.09 0.18 0.00 0.00 HOLD
23.892	>>> V 0.00 0.00
23.893	S 20220100 -0.09 0.18 0.00 0.00 HOLD
23.911	>>> V 0.00 0.00
23.912	S 20220120 -0.09 0.18 0.00 0.00 HOLD
23.936	>>> V 0.00 0.00
23.936	S 20220140 -0.09 0.18 0.00 0.00 HOLD
23.951	>>> V 0.00 0.00
23.954	S 20220160 -0.09 0.18 0.00 0.00 HOLD
23.971	>>> V 0.00 0.00
23.972	S 20220180 -0.09 0.18 0.00 0.00 HOLD
23.991	>>> V 0.00 0.00
23.991	S 20220200 -0.09 0.18 0.00 0.00 HOLD
24.011	>>> V 0.00 0.00
24.011	S 20220220 -0.09 0.18 0.00 0.00 HOLD
24.033	>>> V 0.00 0.00
24.034	S 20220240 -0.09 0.18 0.00 0.00 HOLD
24.050	>>> V 0.00 0.00
24.051	S 20220260 -0.09 0.18 0.00 0.00 HOLD
24.071	>>> V 0.00 0.00
24.074	S 20220280 -0.18 0.18 0.00 0.00 HOLD
24.092	>>> V 0.00 0.00
24.092	S 20220300 -0.09 0.18 0.00 0.00 HOLD
24.111	>>> V 0.00 0.00
24.112	S 20220320 -0.18 0.18 0.00 0.00 HOLD
24.131	>>> V 0.00 0.00
24.132	S 20220340 -0.09 0.18 0.00 0.00 HOLD
24.151	>>> V 0.00 0.00
24.153	S 20220360 -0.09 0.18 0.00 0.00 HOLD
24.171	>>> V 0.00 0.00
24.171	S 20220380 -0.09 0.18 0.00 0.00 HOLD
24.192	>>> V 0.00 0.00
24.192	S 20220400 -0.09 0.18 0.00 0.00 HOLD
24.211	>>> V 0.00 0.00
24.211	S 20220420 -0.09 0.18 0.00 0.00 HOLD
24.233	>>> V 0.00 0.00
24.234	S 20220440 -0.09 0.09 0.00 0.00 HOLD
24.251	>>> V 0.00 0.00
24.251	S 20220460 -0.09 0.18 0.00 0.00 HOLD
24.273	>>> V 0.00 0.00
24.274	S 20220480 -0.09 0.09 0.00 0.00 HOLD
24.291	>>> V 0.00 0.00
24.292	S 20220500 -0.09 0.18 0.00 0.00 HOLD
24.311	>>> V 0.00 0.00
24.311	S 20220520 -0.09 0.18 0.00 0.00 HOLD
24.331	>>> V 0.00 0.00
24.331	S 20220540 -0.09 0.18 0.00 0.00 HOLD
24.351	>>> V 0.00 0.00
24.351	S 20220560 -0.09 0.18 0.00 0.00 HOLD
24.373	>>> V 0.00 0.00
24.374	S 20220580 -0.09 0.18 0.00 0.00 HOLD
24.391	>>> V 0.00 0.00
24.392	S 20220600 -0.18 0.18 0.00 0.00 HOLD
24.414	>>> V 0.00 0.00
24.414	S 20220620 -0.09 0.18 0.00 0.00 HOLD
24.432	>>> V 0.00 0.00
24.433	S 20220640 -0.09 0.18 0.00 0.00 HOLD
24.451	>>> V 0.00 0.00
24.452	S 20220660 -0.09 0.09 0.00 0.00 HOLD
24.472	>>> V 0.00 0.00
24.472	S 20220680 -0.09 0.18 0.00 0.00 HOLD
24.491	>>> V 0.00 0.00
24.491	S 20220700 -0.09 0.18 0.00 0.00 HOLD
24.513	>>> V 0.00 0.00
24.514	S 20220720 -0.09 0.18 0.00 0.00 HOLD
24.536	>>> V 0.00 0.00
24.536	S 20220740 -0.09 0.18 0.00 0.00 HOLD
24.551	>>> V 0.00 0.00
24.551	S 20220760 -0.18 0.18 0.00 0.00 HOLD
24.575	>>> V 0.00 0.00
24.575	S 20220780 -0.09 0.18 0.00 0.00 HOLD
24.591	>>> V 0.00 0.00
24.592	S 20220800 -0.18 0.09 0.00 0.00 HOLD
24.611	>>> V 0.00 0.00
24.611	S 20220820 -0.09 0.18 0.00 0.00 HOLD
24.638	>>> V 0.00 0.00
24.638	S 20220840 -0.09 0.18 0.00 0.00 HOLD
24.652	>>> V 0.00 0.00
24.652	S 20220860 -0.09 0.18 0.00 0.00 HOLD
24.672	>>> V 0.00 0.00
24.673	S 20220880 -0.18 0.18 0.00 0.00 HOLD
24.691	>>> V 0.00 0.00
24.692	S 20220900 -0.09 0.18 0.00 0.00 HOLD
24.711	>>> V 0.00 0.00
24.712	S 20220920 -0.09 0.18 0.00 0.00 HOLD
24.735	>>> V 0.00 0.00
24.736	S 20220940 -0.18 0.18 0.00 0.00 HOLD
24.755	>>> V 0.00 0.00
24.756	S 20220960 -0.09 0.18 0.00 0.00 HOLD
24.771	>>> V 0.00 0.00
24.772	S 20220980 -0.09 0.18 0.00 0.00 HOLD
24.791	>>> V 0.00 0.00
24.793	S 20221000 -0.09 0.18 0.00 0.00 HOLD
24.812	>>> V 0.00 0.00
24.812	S 20221020 -0.09 0.18 0.00 0.00 HOLD
24.834	>>> V 0.00 0.00
24.834	S 20221040 -0.18 0.18 0.00 0.00 HOLD
24.856	>>> V 0.00 0.00
24.856	S 20221060 -0.09 0.18 0.00 0.00 HOLD
24.873	>>> V 0.00 0.00
24.873	S 20221080 -0.09 0.18 0.00 0.00 HOLD
24.893	>>> V 0.00 0.00
24.894	S 20221100 -0.09 0.18 0.00 0.00 HOLD
24.913	>>> V 0.00 0.00
24.914	S 20221120 -0.18 0.09 0.00 0.00 HOLD
24.933	>>> V 0.00 0.00
24.936	S 20221140 -0.09 0.18 0.00 0.00 HOLD
24.953	>>> V 0.00 0.00
24.955	S 20221160 -0.09 0.18 0.00 0.00 HOLD
24.972	>>> V 0.00 0.00
24.974	S 20221180 -0.09 0.18 0.00 0.00 HOLD
24.991	>>> V 0.00 0.00
24.992	S 20221200 -0.09 0.18 0.00 0.00 HOLD
25.011	>>> V 0.00 0.00
25.012	S 20221220 -0.18 0.18 0.00 0.00 HOLD
25.032	>>> V 0.00 0.00
25.032	S 20221240 -0.09 0.18 0.00 0.00 HOLD
25.051	>>> V 0.00 0.00
25.051	S 20221260 -0.18 0.18 0.00 0.00 HOLD
25.072	>>> V 0.00 0.00
25.073	S 20221280 -0.26 0.18 -1.37 0.00 HOLD
25.091	>>> V 0.00 0.00
25.091	S 20221300 -0.26 0.18 -1.37 0.00 HOLD
25.112	>>> V 0.00 0.00
25.113	S 20221320 -0.26 0.18 -1.37 0.00 HOLD
25.139	>>> V 0.00 0.00
25.139	S 20221340 -0.26 0.09 0.00 0.00 HOLD
25.155	>>> V 0.00 0.00
25.155	S 20221360 -0.18 0.18 0.00 0.00 HOLD
25.171	>>> V 0.00 0.00
25.172	S 20221380 -0.18 0.18 0.00 0.00 HOLD
25.192	>>> V 0.00 0.00
25.192	S 20221400 -0.18 0.18 0.00 0.00 HOLD
25.211	>>> V 0.00 0.00
25.212	S 20221420 -0.18 0.09 0.00 0.00 HOLD
25.231	>>> V 0.00 0.00
25.232	S 20221440 -0.18 0.18 0.00 0.00 HOLD
25.251	>>> V 0.00 0.00
25.251	S 20221460 -0.18 0.18 0.00 0.00 HOLD
25.271	>>> V 0.00 0.00
25.272	S 20221480 -0.18 0.09 0.00 0.00 HOLD
25.291	>>> V 0.00 0.00
25.291	S 20221500 -0.18 0.18 0.00 0.00 HOLD
25.317	>>> V 0.00 0.00
25.317	S 20221520 -0.18 0.18 0.00 0.00 HOLD
25.338	>>> V 0.00 0.00
25.339	S 20221540 -0.18 0.18 0.00 0.00 HOLD
25.352	>>> V 0.00 0.00
25.352	S 20221560 -0.18 0.18 0.00 0.00 HOLD
25.374	>>> V 0.00 0.00
25.375	S 20221580 -0.18 0.18 0.00 0.00 HOLD
25.391	>>> V 0.00 0.00
25.392	S 20221600 -0.18 0.18 0.00 0.00 HOLD
25.413	>>> V 0.00 0.00
25.414	S 20221620 -0.18 0.18 0.00 0.00 HOLD
25.433	>>> V 0.00 0.00
25.434	S 20221640 -0.18 0.18 0.00 0.00 HOLD
25.451	>>> V 0.00 0.00
25.452	S 20221660 -0.18 0.18 0.00 0.00 HOLD
25.473	>>> V 0.00 0.00
25.474	S 20221680 -0.18 0.18 0.00 0.00 HOLD
25.492	>>> V 0.00 0.00
25.493	S 20221700 -0.18 0.18 0.00 0.00 HOLD
25.511	>>> V 0.00 0.00
25.511	S 20221720 -0.18 0.18 0.00 0.00 HOLD
25.537	>>> V 0.00 0.00
25.538	S 20221740 -0.18 0.18 0.00 0.00 HOLD
25.551	>>> V 0.00 0.00
25.551	S 20221760 -0.18 0.18 0.00 0.00 HOLD
25.577	>>> V 0.00 0.00
25.578	S 20221780 -0.18 0.18 0.00 0.00 HOLD
25.592	>>> V 0.00 0.00
25.593	S 20221800 -0.18 0.09 0.00 0.00 HOLD
25.613	>>> V 0.00 0.00
25.614	S 20221820 -0.18 0.18 0.00 0.00 HOLD
25.633	>>> V 0.00 0.00
25.633	S 20221840 -0.18 0.18 0.00 0.00 HOLD
25.653	>>> V 0.00 0.00
25.653	S 20221860 -0.18 0.18 0.00 0.00 HOLD
25.672	>>> V 0.00 0.00
25.674	S 20221880 -0.18 0.18 0.00 0.00 HOLD
25.691	>>> V 0.00 0.00
25.692	S 20221900 -0.18 0.18 0.00 0.00 HOLD
25.712	>>> V 0.00 0.00
25.713	S 20221920 -0.18 0.18 0.00 0.00 HOLD
25.733	>>> V 0.00 0.00
25.734	S 20221940 -0.18 0.18 0.00 0.00 HOLD
25.752	>>> V 0.00 0.00
25.753	S 20221960 -0.18 0.18 0.00 0.00 HOLD
25.777	>>> V 0.00 0.00
25.778	S 20221980 -0.18 0.18 0.00 0.00 HOLD
25.791	>>> V 0.00 0.00
25.791	S 20222000 -0.18 0.18 0.00 0.00 HOLD
25.812	>>> V 0.00 0.00
25.812	S 20222020 -0.18 0.18 0.00 0.00 HOLD
25.832	>>> V 0.00 0.00
25.833	S 20222040 -0.18 0.18 0.00 0.00 HOLD
25.852	>>> V 0.00 0.00
25.852	S 20222060 -0.18 0.18 0.00 0.00 HOLD
25.875	>>> V 0.00 0.00
25.876	S 20222080 -0.18 0.18 0.00 0.00 HOLD
25.891	>>> V 0.00 0.00
25.891	S 20222100 -0.18 0.18 0.00 0.00 HOLD
25.912	>>> V 0.00 0.00
25.917	S 20222120 -0.18 0.18 0.00 0.00 HOLD
25.931	>>> V 0.00 0.00
25.933	S 20222140 -0.18 0.18 0.00 0.00 HOLD
25.951	>>> V 0.00 0.00
25.951	S 20222160 -0.18 0.18 0.00 0.00 HOLD
25.971	>>> V 0.00 0.00
25.971	S 20222180 -0.18 0.18 0.00 0.00 HOLD
25.992	>>> V 0.00 0.00
25.992	S 20222200 -0.18 0.09 0.00 0.00 HOLD
26.011	>>> V 0.00 0.00
26.012	S 20222220 -0.18 0.18 0.00 0.00 HOLD
26.031	>>> V 0.00 0.00
26.031	S 20222240 -0.18 0.18 0.00 0.00 HOLD
26.055	>>> V 0.00 0.00
26.057	S 20222260 -0.18 0.18 0.00 0.00 HOLD
26.071	>>> V 0.00 0.00
26.071	S 20222280 -0.18 0.18 0.00 0.00 HOLD
26.093	>>> V 0.00 0.00
26.096	S 20222300 -0.18 0.18 0.00 0.00 HOLD
26.112	>>> V 0.00 0.00
26.113	S 20222320 -0.18 0.18 0.00 0.00 HOLD
26.132	>>> V 0.00 0.00
26.133	S 20222340 -0.18 0.18 0.00 0.00 HOLD
26.151	>>> V 0.00 0.00
26.151	S 20222360 -0.18 0.18 0.00 0.00 HOLD
26.172	>>> V 0.00 0.00
26.172	S 20222380 -0.18 0.18 0.00 0.00 HOLD
26.196	>>> V 0.00 0.00
26.196	S 20222400 -0.18 0.18 0.00 0.00 HOLD
26.211	>>> V 0.00 0.00
26.211	S 20222420 -0.18 0.18 0.00 0.00 HOLD
26.231	>>> V 0.00 0.00
26.232	S 20222440 -0.18 0.18 0.00 0.00 HOLD
26.251	>>> V 0.00 0.00
26.252	S 20222460 -0.18 0.18 0.00 0.00 HOLD
26.273	>>> V 0.00 0.00
26.273	S 20222480 -0.18 0.18 0.00 0.00 HOLD
26.291	>>> V 0.00 0.00
26.293	S 20222500 -0.18 0.18 0.00 0.00 HOLD
26.311	>>> V 0.00 0.00
26.311	S 20222520 -0.18 0.18 0.00 0.00 HOLD
26.336	>>> V 0.00 0.00
26.339	S 20222540 -0.18 0.18 0.00 0.00 HOLD
26.351	>>> V 0.00 0.00
26.351	S 20222560 -0.18 0.18 0.00 0.00 HOLD
26.374	>>> V 0.00 0.00
26.374	S 20222580 -0.18 0.18 0.00 0.00 HOLD
26.392	>>> V 0.00 0.00
26.393	S 20222600 -0.18 0.18 0.00 0.00 HOLD
26.414	>>> V 0.00 0.00
26.414	S 20222620 -0.18 0.18 0.00 0.00 HOLD
26.431	>>> V 0.00 0.00
26.431	S 20222640 -0.18 0.18 0.00 0.00 HOLD
26.452	>>> V 0.00 0.00
26.452	S 20222660 -0.18 0.18 0.00 0.00 HOLD
26.471	>>> V 0.00 0.00
26.472	S 20222680 -0.18 0.18 0.00 0.00 HOLD
26.491	>>> V 0.00 0.00
26.491	S 20222700 -0.18 0.18 0.00 0.00 HOLD
26.512	>>> V 0.00 0.00
26.513	S 20222720 -0.18 0.18 0.00 0.00 HOLD
26.531	>>> V 0.00 0.00
26.531	S 20222740 -0.18 0.18 0.00 0.00 HOLD
26.552	>>> V 0.00 0.00
26.553	S 20222760 -0.18 0.18 0.00 0.00 HOLD
26.572	>>> V 0.00 0.00
26.574	S 20222780 -0.18 0.18 0.00 0.00 HOLD
26.592	>>> V 0.00 0.00
26.592	S 20222800 -0.18 0.18 0.00 0.00 HOLD
26.611	>>> V 0.00 0.00
26.614	S 20222820 -0.18 0.18 0.00 0.00 HOLD
26.631	>>> V 0.00 0.00
26.632	S 20222840 -0.18 0.18 0.00 0.00 HOLD
26.657	>>> V 0.00 0.00
26.657	S 20222860 -0.18 0.18 0.00 0.00 HOLD
26.671	>>> V 0.00 0.00
26.671	S 20222880 -0.18 0.18 0.00 0.00 HOLD
26.692	>>> V 0.00 0.00
26.693	S 20222900 -0.18 0.18 0.00 0.00 HOLD
26.711	>>> V 0.00 0.00
26.712	S 20222920 -0.18 0.18 0.00 0.00 HOLD
26.732	>>> V 0.00 0.00
26.732	S 20222940 -0.18 0.18 0.00 0.00 HOLD
26.752	>>> V 0.00 0.00
26.757	S 20222960 -0.18 0.18 0.00 0.00 HOLD
26.773	>>> V 0.00 0.00
26.774	S 20222980 -0.18 0.18 0.00 0.00 HOLD
26.794	>>> V 0.00 0.00
26.794	S 20223000 -0.18 0.18 0.00 0.00 HOLD
26.814	>>> V 0.00 0.00
26.814	S 20223020 -0.18 0.18 0.00 0.00 HOLD
26.831	>>> V 0.00 0.00
26.832	S 20223040 -0.18 0.18 0.00 0.00 HOLD
26.853	>>> V 0.00 0.00
26.854	S 20223060 -0.18 0.18 0.00 0.00 HOLD
26.872	>>> V 0.00 0.00
26.873	S 20223080 -0.18 0.18 0.00 0.00 HOLD
26.893	>>> V 0.00 0.00
26.893	S 20223100 -0.18 0.18 0.00 0.00 HOLD
26.914	>>> V 0.00 0.00
26.915	S 20223120 -0.18 0.18 0.00 0.00 HOLD
26.932	>>> V 0.00 0.00
26.932	S 20223140 -0.18 0.18 0.00 0.00 HOLD
26.952	>>> V 0.00 0.00
26.953	S 20223160 -0.18 0.18 0.00 0.00 HOLD
26.974	>>> V 0.00 0.00
26.975	S 20223180 -0.18 0.18 0.00 0.00 HOLD
26.992	>>> V 0.00 0.00
26.993	S 20223200 -0.18 0.18 0.00 0.00 HOLD
27.012	>>> V 0.00 0.00
27.013	S 20223220 -0.18 0.18 0.00 0.00 HOLD
27.035	>>> V 0.00 0.00
27.036	S 20223240 -0.18 0.18 0.00 0.00 HOLD
27.052	>>> V 0.00 0.00
27.052	S 20223260 -0.18 0.18 0.00 0.00 HOLD
27.073	>>> V 0.00 0.00
27.074	S 20223280 -0.18 0.18 0.00 0.00 HOLD
27.095	>>> V 0.00 0.00
27.095	S 20223300 -0.18 0.18 0.00 0.00 HOLD
27.116	>>> V 0.00 0.00
27.117	S 20223320 -0.18 0.18 0.00 0.00 HOLD
27.131	>>> V 0.00 0.00
27.132	S 20223340 -0.18 0.18 0.00 0.00 HOLD
27.151	>>> V 0.00 0.00
27.152	S 20223360 -0.18 0.18 0.00 0.00 HOLD
27.172	>>> V 0.00 0.00
27.172	S 20223380 -0.18 0.18 0.00 0.00 HOLD
27.191	>>> V 0.00 0.00
27.191	S 20223400 -0.18 0.18 0.00 0.00 HOLD
27.213	>>> V 0.00 0.00
27.214	S 20223420 -0.18 0.18 0.00 0.00 HOLD
27.231	>>> V 0.00 0.00
27.231	S 20223440 -0.18 0.18 0.00 0.00 HOLD
27.252	>>> V 0.00 0.00
27.253	S 20223460 -0.18 0.18 0.00 0.00 HOLD
27.274	>>> V 0.00 0.00
27.274	S 20223480 -0.18 0.18 0.00 0.00 HOLD
27.292	>>> V 0.00 0.00
27.293	S 20223500 -0.18 0.18 0.00 0.00 HOLD
27.311	>>> V 0.00 0.00
27.312	S 20223520 -0.18 0.18 0.00 0.00 HOLD
27.331	>>> V 0.00 0.00
27.332	S 20223540 -0.18 0.18 0.00 0.00 HOLD
27.355	>>> V 0.00 0.00
27.356	S 20223560 -0.18 0.18 0.00 0.00 HOLD
27.372	>>> V 0.00 0.00
27.372	S 20223580 -0.18 0.18 0.00 0.00 HOLD
27.393	>>> V 0.00 0.00
27.394	S 20223600 -0.18 0.18 0.00 0.00 HOLD
27.412	>>> V 0.00 0.00
27.413	S 20223620 -0.18 0.18 0.00 0.00 HOLD
27.431	>>> V 0.00 0.00
27.432	S 20223640 -0.18 0.18 0.00 0.00 HOLD
27.451	>>> V 0.00 0.00
27.452	S 20223660 -0.18 0.18 0.00 0.00 HOLD
27.471	>>> V 0.00 0.00
27.471	S 20223680 -0.18 0.18 0.00 0.00 HOLD
27.494	>>> V 0.00 0.00
27.495	S 20223700 -0.18 0.18 0.00 0.00 HOLD
27.510	>>> V 0.00 0.00
27.511	S 20223720 -0.18 0.18 0.00 0.00 HOLD
27.533	>>> V 0.00 0.00
27.534	S 20223740 -0.18 0.18 0.00 0.00 HOLD
27.552	>>> V 0.00 0.00
27.553	S 20223760 -0.18 0.18 0.00 0.00 HOLD
27.572	>>> V 0.00 0.00
27.573	S 20223780 -0.18 0.18 0.00 0.00 HOLD
27.592	>>> V 0.00 0.00
27.593	S 20223800 -0.18 0.18 0.00 0.00 HOLD
27.615	>>> V 0.00 0.00
27.618	S 20223820 -0.18 0.18 0.00 0.00 HOLD
27.635	>>> V 0.00 0.00
27.636	S 20223840 -0.18 0.18 0.00 0.00 HOLD
27.651	>>> V 0.00 0.00
27.653	S 20223860 -0.18 0.18 0.00 0.00 HOLD
27.672	>>> V 0.00 0.00
27.673	S 20223880 -0.18 0.18 0.00 0.00 HOLD
27.692	>>> V 0.00 0.00
27.693	S 20223900 -0.18 0.09 0.00 0.00 HOLD
27.711	>>> V 0.00 0.00
27.712	S 20223920 -0.18 0.18 0.00 0.00 HOLD
27.738	>>> V 0.00 0.00
27.738	S 20223940 -0.18 0.18 0.00 0.00 HOLD
27.754	>>> V 0.00 0.00
27.755	S 20223960 -0.18 0.18 0.00 0.00 HOLD
27.771	>>> V 0.00 0.00
27.772	S 20223980 -0.18 0.18 0.00 0.00 HOLD
27.791	>>> V 0.00 0.00
27.792	S 20224000 -0.18 0.18 0.00 0.00 HOLD
27.811	>>> V 0.00 0.00
27.812	S 20224020 -0.18 0.18 0.00 0.00 HOLD
27.832	>>> V 0.00 0.00
27.832	S 20224040 -0.18 0.09 0.00 0.00 HOLD
27.851	>>> V 0.00 0.00
27.852	S 20224060 -0.18 0.18 0.00 0.00 HOLD
27.874	>>> V 0.00 0.00
27.874	S 20224080 -0.18 0.18 0.00 0.00 HOLD
27.896	>>> V 0.00 0.00
27.897	S 20224100 -0.18 0.18 0.00 0.00 HOLD
27.911	>>> V 0.00 0.00
27.912	S 20224120 -0.18 0.18 0.00 0.00 HOLD
27.933	>>> V 0.00 0.00
27.934	S 20224140 -0.18 0.18 0.00 0.00 HOLD
27.953	>>> V 0.00 0.00
27.954	S 20224160 -0.18 0.18 0.00 0.00 HOLD
27.972	>>> V 0.00 0.00
27.973	S 20224180 -0.18 0.18 0.00 0.00 HOLD
27.991	>>> V 0.00 0.00
27.992	S 20224200 -0.18 0.18 0.00 0.00 HOLD
28.012	>>> V 0.00 0.00
28.012	S 20224220 -0.18 0.18 0.00 0.00 HOLD
28.035	>>> V 0.00 0.00
28.039	S 20224240 -0.18 0.18 0.00 0.00 HOLD
28.051	>>> V 0.00 0.00
28.051	S 20224260 -0.18 0.18 0.00 0.00 HOLD
28.078	>>> V 0.00 0.00
28.078	S 20224280 -0.18 0.18 0.00 0.00 HOLD
28.092	>>> V 0.00 0.00
28.093	S 20224300 -0.18 0.18 0.00 0.00 HOLD
28.111	>>> V 0.00 0.00
28.112	S 20224320 -0.18 0.18 0.00 0.00 HOLD
28.131	>>> V 0.00 0.00
28.131	S 20224340 -0.18 0.09 0.00 0.00 HOLD
28.151	>>> V 0.00 0.00
28.152	S 20224360 -0.18 0.18 0.00 0.00 HOLD
28.171	>>> V 0.00 0.00
28.172	S 20224380 -0.18 0.09 0.00 0.00 HOLD
28.191	>>> V 0.00 0.00
28.191	S 20224400 -0.18 0.18 0.00 0.00 HOLD
28.211	>>> V 0.00 0.00
28.211	S 20224420 -0.18 0.09 0.00 0.00 HOLD
28.241	>>> V 0.00 0.00
28.241	S 20224440 -0.18 0.18 0.00 0.00 HOLD
28.254	>>> V 0.00 0.00
28.254	S 20224460 -0.18 0.18 0.00 0.00 HOLD
28.272	>>> V 0.00 0.00
28.273	S 20224480 -0.18 0.18 0.00 0.00 HOLD
28.292	>>> V 0.00 0.00
28.292	S 20224500 -0.18 0.18 0.00 0.00 HOLD
28.312	>>> V 0.00 0.00
28.314	S 20224520 -0.18 0.18 0.00 0.00 HOLD
28.332	>>> V 0.00 0.00
28.333	S 20224540 -0.18 0.18 0.00 0.00 HOLD
28.351	>>> V 0.00 0.00
28.351	S 20224560 -0.18 0.18 0.00 0.00 HOLD
28.372	>>> V 0.00 0.00
28.374	S 20224580 -0.18 0.18 0.00 0.00 HOLD
28.392	>>> V 0.00 0.00
28.393	S 20224600 -0.18 0.18 0.00 0.00 HOLD
28.411	>>> V 0.00 0.00
28.412	S 20224620 -0.18 0.18 0.00 0.00 HOLD
28.431	>>> V 0.00 0.00
28.432	S 20224640 -0.18 0.18 0.00 0.00 HOLD
28.452	>>> V 0.00 0.00
28.454	S 20224660 -0.18 0.09 0.00 0.00 HOLD
28.473	>>> V 0.00 0.00
28.474	S 20224680 -0.18 0.09 0.00 0.00 HOLD
28.494	>>> V 0.00 0.00
28.495	S 20224700 -0.18 0.09 0.00 0.00 HOLD
28.511	>>> V 0.00 0.00
28.512	S 20224720 -0.18 0.18 0.00 0.00 HOLD
28.531	>>> V 0.00 0.00
28.531	S 20224741 -0.18 0.18 0.00 0.00 HOLD
28.551	>>> V 0.00 0.00
28.551	S 20224761 -0.18 0.18 0.00 0.00 HOLD
28.578	>>> V 0.00 0.00
28.579	S 20224781 -0.18 0.18 0.00 0.00 HOLD
28.592	>>> V 0.00 0.00
28.593	S 20224801 -0.18 0.18 0.00 0.00 HOLD
28.612	>>> V 0.00 0.00
28.612	S 20224821 -0.18 0.18 0.00 0.00 HOLD
28.633	>>> V 0.00 0.00
28.634	S 20224841 -0.18 0.18 0.00 0.00 HOLD
28.652	>>> V 0.00 0.00
28.653	S 20224861 -0.18 0.18 0.00 0.00 HOLD
28.675	>>> V 0.00 0.00
28.676	S 20224881 -0.18 0.18 0.00 0.00 HOLD
28.693	>>> V 0.00 0.00
28.695	S 20224901 -0.18 0.18 0.00 0.00 HOLD
28.712	>>> V 0.00 0.00
28.715	S 20224921 -0.18 0.18 0.00 0.00 HOLD
28.731	>>> V 0.00 0.00
28.732	S 20224941 -0.18 0.18 0.00 0.00 HOLD
28.751	>>> V 0.00 0.00
28.751	S 20224961 -0.18 0.18 0.00 0.00 HOLD
28.771	>>> V 0.00 0.00
28.771	S 20224981 -0.18 0.18 0.00 0.00 HOLD
28.791	>>> V 0.00 0.00
28.792	S 20225001 -0.18 0.18 0.00 0.00 HOLD
28.811	>>> V 0.00 0.00
28.811	S 20225021 -0.18 0.18 0.00 0.00 HOLD
28.833	>>> V 0.00 0.00
28.834	S 20225041 -0.18 0.18 0.00 0.00 HOLD
28.851	>>> V 0.00 0.00
28.852	S 20225061 -0.18 0.18 0.00 0.00 HOLD
28.871	>>> V 0.00 0.00
28.871	S 20225081 -0.18 0.18 0.00 0.00 HOLD
28.890	>>> V 0.00 0.00
28.891	S 20225101 -0.18 0.18 0.00 0.00 HOLD
28.911	>>> V 0.00 0.00
28.911	S 20225121 -0.18 0.18 0.00 0.00 HOLD
28.939	>>> V 0.00 0.00
28.940	S 20225141 -0.18 0.18 0.00 0.00 HOLD
28.953	>>> V 0.00 0.00
28.954	S 20225161 -0.18 0.18 0.00 0.00 HOLD
28.974	>>> V 0.00 0.00
28.975	S 20225181 -0.18 0.18 0.00 0.00 HOLD
28.992	>>> V 0.00 0.00
28.992	S 20225201 -0.18 0.18 0.00 0.00 HOLD
29.013	>>> V 0.00 0.00
29.013	S 20225221 -0.18 0.18 0.00 0.00 HOLD
29.033	>>> V 0.00 0.00
29.035	S 20225241 -0.18 0.18 0.00 0.00 HOLD
29.050	>>> V 0.00 0.00
29.051	S 20225261 -0.18 0.18 0.00 0.00 HOLD
29.075	>>> V 0.00 0.00
29.076	S 20225281 -0.18 0.18 0.00 0.00 HOLD
29.092	>>> V 0.00 0.00
29.092	S 20225301 -0.18 0.18 0.00 0.00 HOLD
29.113	>>> V 0.00 0.00
29.113	S 20225321 -0.18 0.18 0.00 0.00 HOLD
29.135	>>> V 0.00 0.00
29.136	S 20225341 -0.18 0.18 0.00 0.00 HOLD
29.152	>>> V 0.00 0.00
29.152	S 20225361 -0.18 0.18 0.00 0.00 HOLD
29.179	>>> V 0.00 0.00
29.180	S 20225381 -0.18 0.18 0.00 0.00 HOLD
29.192	>>> V 0.00 0.00
29.192	S 20225401 -0.18 0.18 0.00 0.00 HOLD
29.211	>>> V 0.00 0.00
29.212	S 20225421 -0.18 0.18 0.00 0.00 HOLD
29.231	>>> V 0.00 0.00
29.231	S 20225441 -0.18 0.18 0.00 0.00 HOLD
29.251	>>> V 0.00 0.00
29.252	S 20225461 -0.18 0.18 0.00 0.00 HOLD
29.275	>>> V 0.00 0.00
29.275	S 20225481 -0.18 0.18 0.00 0.00 HOLD
29.291	>>> V 0.00 0.00
29.292	S 20225501 -0.18 0.18 0.00 0.00 HOLD
29.311	>>> V 0.00 0.00
29.311	S 20225521 -0.18 0.18 0.00 0.00 HOLD
29.333	>>> V 0.00 0.00
29.333	S 20225541 -0.18 0.18 0.00 0.00 HOLD
29.351	>>> V 0.00 0.00
29.351	S 20225561 -0.18 0.18 0.00 0.00 HOLD
29.372	>>> V 0.00 0.00
29.373	S 20225581 -0.18 0.18 0.00 0.00 HOLD
29.393	>>> V 0.00 0.00
29.393	S 20225601 -0.18 0.18 0.00 0.00 HOLD
29.412	>>> V 0.00 0.00
29.414	S 20225621 -0.18 0.18 0.00 0.00 HOLD
29.436	>>> V 0.00 0.00
29.437	S 20225641 -0.18 0.18 0.00 0.00 HOLD
29.451	>>> V 0.00 0.00
29.452	S 20225661 -0.18 0.18 0.00 0.00 HOLD
29.472	>>> V 0.00 0.00
29.474	S 20225681 -0.18 0.18 0.00 0.00 HOLD
29.491	>>> V 0.00 0.00
29.492	S 20225701 -0.18 0.18 0.00 0.00 HOLD
29.511	>>> V 0.00 0.00
29.513	S 20225721 -0.18 0.18 0.00 0.00 HOLD
29.532	>>> V 0.00 0.00
29.533	S 20225741 -0.18 0.18 0.00 0.00 HOLD
29.552	>>> V 0.00 0.00
29.553	S 20225761 -0.18 0.18 0.00 0.00 HOLD
29.576	>>> V 0.00 0.00
29.577	S 20225781 -0.18 0.18 0.00 0.00 HOLD
29.592	>>> V 0.00 0.00
29.593	S 20225801 -0.18 0.18 0.00 0.00 HOLD
29.612	>>> V 0.00 0.00
29.612	S 20225821 -0.18 0.18 0.00 0.00 HOLD
29.632	>>> V 0.00 0.00
29.633	S 20225841 -0.18 0.18 0.00 0.00 HOLD
29.651	>>> V 0.00 0.00
29.651	S 20225861 -0.18 0.18 0.00 0.00 HOLD
29.672	>>> V 0.00 0.00
29.673	S 20225881 -0.18 0.18 0.00 0.00 HOLD
29.693	>>> V 0.00 0.00
29.695	S 20225901 -0.18 0.18 0.00 0.00 HOLD
29.712	>>> V 0.00 0.00
29.713	S 20225921 -0.18 0.18 0.00 0.00 HOLD
29.731	>>> V 0.00 0.00
29.732	S 20225941 -0.18 0.18 0.00 0.00 HOLD
29.751	>>> V 0.00 0.00
29.751	S 20225961 -0.18 0.18 0.00 0.00 HOLD
29.775	>>> V 0.00 0.00
29.776	S 20225981 -0.18 0.18 0.00 0.00 HOLD
29.792	>>> V 0.00 0.00
29.792	S 20226001 -0.18 0.18 0.00 0.00 HOLD
29.812	>>> V 0.00 0.00
29.813	S 20226021 -0.18 0.18 0.00 0.00 HOLD
29.833	>>> V 0.00 0.00
29.834	S 20226041 -0.18 0.18 0.00 0.00 HOLD
29.852	>>> V 0.00 0.00
29.853	S 20226061 -0.18 0.09 0.00 0.00 HOLD
29.875	>>> V 0.00 0.00
29.875	S 20226081 -0.18 0.18 0.00 0.00 HOLD
29.891	>>> V 0.00 0.00
29.893	S 20226101 -0.18 0.18 0.00 0.00 HOLD
29.911	>>> V 0.00 0.00
29.912	S 20226121 -0.18 0.18 0.00 0.00 HOLD
29.931	>>> V 0.00 0.00
29.931	S 20226141 -0.18 0.18 0.00 0.00 HOLD
29.952	>>> V 0.00 0.00
29.952	S 20226161 -0.18 0.09 0.00 0.00 HOLD
29.972	>>> V 0.00 0.00
29.972	S 20226181 -0.18 0.18 0.00 0.00 HOLD
29.991	>>> V 0.00 0.00
29.991	S 20226201 -0.18 0.18 0.00 0.00 HOLD
30.013	>>> V 0.00 0.00
30.013	S 20226221 -0.18 0.18 0.00 0.00 HOLD
30.032	>>> V 0.00 0.00
30.032	S 20226241 -0.18 0.18 0.00 0.00 HOLD
30.053	>>> V 0.00 0.00
30.054	S 20226261 -0.18 0.18 0.00 0.00 HOLD
30.073	>>> V 0.00 0.00
30.074	S 20226281 -0.18 0.18 0.00 0.00 HOLD
30.092	>>> V 0.00 0.00
30.092	S 20226301 -0.18 0.18 0.00 0.00 HOLD
30.113	>>> V 0.00 0.00
30.113	S 20226321 -0.18 0.18 0.00 0.00 HOLD
30.131	>>> V 0.00 0.00
30.131	S 20226341 -0.18 0.09 0.00 0.00 HOLD
30.157	>>> V 0.00 0.00
30.158	S 20226361 -0.18 0.18 0.00 0.00 HOLD
30.171	>>> V 0.00 0.00
30.171	S 20226381 -0.18 0.09 0.00 0.00 HOLD
30.194	>>> V 0.00 0.00
30.195	S 20226401 -0.18 0.18 0.00 0.00 HOLD
30.212	>>> V 0.00 0.00
30.213	S 20226421 -0.18 0.18 0.00 0.00 HOLD
30.233	>>> V 0.00 0.00
30.233	S 20226441 -0.18 0.18 0.00 0.00 HOLD
30.253	>>> V 0.00 0.00
30.253	S 20226461 -0.18 0.18 0.00 0.00 HOLD
30.273	>>> V 0.00 0.00
30.274	S 20226481 -0.18 0.18 0.00 0.00 HOLD
30.291	>>> V 0.00 0.00
30.291	S 20226501 -0.18 0.18 0.00 0.00 HOLD
30.313	>>> V 0.00 0.00
30.316	S 20226521 -0.18 0.18 0.00 0.00 HOLD
30.340	>>> V 0.00 0.00
30.341	S 20226541 -0.18 0.18 0.00 0.00 HOLD
30.352	>>> V 0.00 0.00
30.352	S 20226561 -0.18 0.18 0.00 0.00 HOLD
30.371	>>> V 0.00 0.00
30.372	S 20226581 -0.18 0.18 0.00 0.00 HOLD
30.391	>>> V 0.00 0.00
30.392	S 20226601 -0.18 0.18 0.00 0.00 HOLD
30.413	>>> V 0.00 0.00
30.414	S 20226621 -0.18 0.18 0.00 0.00 HOLD
30.431	>>> V 0.00 0.00
30.431	S 20226641 -0.18 0.18 0.00 0.00 HOLD
30.452	>>> V 0.00 0.00
30.452	S 20226661 -0.18 0.18 0.00 0.00 HOLD
30.472	>>> V 0.00 0.00
30.473	S 20226681 -0.18 0.18 0.00 0.00 HOLD
30.492	>>> V 0.00 0.00
30.493	S 20226701 -0.18 0.18 0.00 0.00 HOLD
30.512	>>> V 0.00 0.00
30.512	S 20226721 -0.18 0.18 0.00 0.00 HOLD
30.531	>>> V 0.00 0.00
30.531	S 20226741 -0.18 0.18 0.00 0.00 HOLD
30.554	>>> V 0.00 0.00
30.555	S 20226761 -0.18 0.18 0.00 0.00 HOLD
30.571	>>> V 0.00 0.00
30.571	S 20226781 -0.18 0.18 0.00 0.00 HOLD
30.592	>>> V 0.00 0.00
30.595	S 20226801 -0.18 0.18 0.00 0.00 HOLD
30.612	>>> V 0.00 0.00
30.612	S 20226821 -0.18 0.18 0.00 0.00 HOLD
30.631	>>> V 0.00 0.00
30.631	S 20226841 -0.18 0.18 0.00 0.00 HOLD
30.655	>>> V 0.00 0.00
30.655	S 20226861 -0.18 0.09 0.00 0.00 HOLD
30.671	>>> V 0.00 0.00
30.672	S 20226881 -0.18 0.18 0.00 0.00 HOLD
30.691	>>> V 0.00 0.00
30.691	S 20226901 -0.18 0.18 0.00 0.00 HOLD
30.711	>>> V 0.00 0.00
30.714	S 20226921 -0.18 0.18 0.00 0.00 HOLD
30.732	>>> V 0.00 0.00
30.733	S 20226941 -0.18 0.18 0.00 0.00 HOLD
30.753	>>> V 0.00 0.00
30.754	S 20226961 -0.18 0.18 0.00 0.00 HOLD
30.771	>>> V 0.00 0.00
30.772	S 20226981 -0.18 0.18 0.00 0.00 HOLD
30.791	>>> V 0.00 0.00
30.791	S 20227001 -0.18 0.18 0.00 0.00 HOLD
30.811	>>> V 0.00 0.00
30.811	S 20227021 -0.18 0.18 0.00 0.00 HOLD
30.831	>>> V 0.00 0.00
30.832	S 20227041 -0.18 0.18 0.00 0.00 HOLD
30.851	>>> V 0.00 0.00
30.851	S 20227061 -0.18 0.18 0.00 0.00 HOLD
30.874	>>> V 0.00 0.00
30.875	S 20227081 -0.18 0.18 0.00 0.00 HOLD
30.892	>>> V 0.00 0.00
30.893	S 20227101 -0.18 0.18 0.00 0.00 HOLD
30.913	>>> V 0.00 0.00
30.913	S 20227121 -0.18 0.18 0.00 0.00 HOLD
30.936	>>> V 0.00 0.00
30.936	S 20227141 -0.18 0.18 0.00 0.00 HOLD
30.951	>>> V 0.00 0.00
30.951	S 20227161 -0.18 0.18 0.00 0.00 HOLD
30.976	>>> V 0.00 0.00
30.977	S 20227181 -0.18 0.18 0.00 0.00 HOLD
30.991	>>> V 0.00 0.00
30.991	S 20227201 -0.18 0.18 0.00 0.00 HOLD
31.013	>>> V 0.00 0.00
31.014	S 20227221 -0.18 0.18 0.00 0.00 HOLD
31.036	>>> V 0.00 0.00
31.036	S 20227241 -0.18 0.18 0.00 0.00 HOLD
31.051	>>> V 0.00 0.00
31.052	S 20227261 -0.18 0.09 0.00 0.00 HOLD
31.076	>>> V 0.00 0.00
31.077	S 20227281 -0.18 0.18 0.00 0.00 HOLD
31.091	>>> V 0.00 0.00
31.091	S 20227301 -0.18 0.18 0.00 0.00 HOLD
31.114	>>> V 0.00 0.00
31.115	S 20227321 -0.18 0.18 0.00 0.00 HOLD
31.134	>>> V 0.00 0.00
31.135	S 20227341 -0.18 0.18 0.00 0.00 HOLD
31.151	>>> V 0.00 0.00
31.152	S 20227361 -0.18 0.18 0.00 0.00 HOLD
31.175	>>> V 0.00 0.00
31.176	S 20227381 -0.18 0.18 0.00 0.00 HOLD
31.191	>>> V 0.00 0.00
31.191	S 20227401 -0.18 0.18 0.00 0.00 HOLD
31.212	>>> V 0.00 0.00
31.214	S 20227421 -0.18 0.18 0.00 0.00 HOLD
31.231	>>> V 0.00 0.00
31.233	S 20227441 -0.18 0.18 0.00 0.00 HOLD
31.252	>>> V 0.00 0.00
31.252	S 20227461 -0.18 0.09 0.00 0.00 HOLD
31.274	>>> V 0.00 0.00
31.275	S 20227481 -0.18 0.18 0.00 0.00 HOLD
31.291	>>> V 0.00 0.00
31.292	S 20227501 -0.18 0.18 0.00 0.00 HOLD
31.313	>>> V 0.00 0.00
31.315	S 20227521 -0.18 0.18 0.00 0.00 HOLD
31.333	>>> V 0.00 0.00
31.333	S 20227541 -0.18 0.18 0.00 0.00 HOLD
31.351	>>> V 0.00 0.00
31.352	S 20227561 -0.18 0.18 0.00 0.00 HOLD
31.377	>>> V 0.00 0.00
31.377	S 20227581 -0.18 0.18 0.00 0.00 HOLD
31.391	>>> V 0.00 0.00
31.391	S 20227601 -0.18 0.09 0.00 0.00 HOLD
31.412	>>> V 0.00 0.00
31.414	S 20227621 -0.18 0.18 0.00 0.00 HOLD
31.433	>>> V 0.00 0.00
31.434	S 20227641 -0.18 0.18 0.00 0.00 HOLD
31.451	>>> V 0.00 0.00
31.452	S 20227661 -0.18 0.18 0.00 0.00 HOLD
31.475	>>> V 0.00 0.00
31.475	S 20227681 -0.18 0.18 0.00 0.00 HOLD
31.491	>>> V 0.00 0.00
31.491	S 20227701 -0.18 0.09 0.00 0.00 HOLD
31.513	>>> V 0.00 0.00
31.515	S 20227721 -0.18 0.18 0.00 0.00 HOLD
31.531	>>> V 0.00 0.00
31.533	S 20227741 -0.18 0.18 0.00 0.00 HOLD
31.552	>>> V 0.00 0.00
31.553	S 20227761 -0.18 0.18 0.00 0.00 HOLD
31.573	>>> V 0.00 0.00
31.574	S 20227781 -0.18 0.18 0.00 0.00 HOLD
31.591	>>> V 0.00 0.00
31.591	S 20227801 -0.18 0.18 0.00 0.00 HOLD
31.613	>>> V 0.00 0.00
31.614	S 20227821 -0.18 0.18 0.00 0.00 HOLD
31.633	>>> V 0.00 0.00
31.633	S 20227841 -0.18 0.18 0.00 0.00 HOLD
31.651	>>> V 0.00 0.00
31.652	S 20227861 -0.18 0.09 0.00 0.00 HOLD
31.671	>>> V 0.00 0.00
31.672	S 20227881 -0.18 0.18 0.00 0.00 HOLD
31.692	>>> V 0.00 0.00
31.693	S 20227901 -0.18 0.18 0.00 0.00 HOLD
31.712	>>> V 0.00 0.00
31.712	S 20227921 -0.18 0.18 0.00 0.00 HOLD
31.733	>>> V 0.00 0.00
31.733	S 20227941 -0.18 0.18 0.00 0.00 HOLD
31.751	>>> V 0.00 0.00
31.751	S 20227961 -0.18 0.18 0.00 0.00 HOLD
31.779	>>> V 0.00 0.00
31.780	S 20227981 -0.18 0.18 0.00 0.00 HOLD
31.791	>>> V 0.00 0.00
31.792	S 20228001 -0.18 0.18 0.00 0.00 HOLD
31.814	>>> V 0.00 0.00
31.814	S 20228021 -0.18 0.18 0.00 0.00 HOLD
31.831	>>> V 0.00 0.00
31.833	S 20228041 -0.18 0.18 0.00 0.00 HOLD
31.852	>>> V 0.00 0.00
31.852	S 20228061 -0.18 0.09 0.00 0.00 HOLD
31.872	>>> V 0.00 0.00
31.872	S 20228081 -0.18 0.18 0.00 0.00 HOLD
31.891	>>> V 0.00 0.00
31.891	S 20228101 -0.18 0.18 0.00 0.00 HOLD
31.912	>>> V 0.00 0.00
31.914	S 20228121 -0.18 0.18 0.00 0.00 HOLD
31.932	>>> V 0.00 0.00
31.933	S 20228141 -0.18 0.18 0.00 0.00 HOLD
31.951	>>> V 0.00 0.00
31.952	S 20228161 -0.18 0.18 0.00 0.00 HOLD
31.976	>>> V 0.00 0.00
31.976	S 20228181 -0.18 0.18 0.00 0.00 HOLD
31.991	>>> V 0.00 0.00
31.991	S 20228201 -0.18 0.18 0.00 0.00 HOLD
32.012	>>> V 0.00 0.00
32.014	S 20228221 -0.18 0.18 0.00 0.00 HOLD
32.032	>>> V 0.00 0.00
32.032	S 20228241 -0.18 0.18 0.00 0.00 HOLD
32.053	>>> V 0.00 0.00
32.053	S 20228261 -0.18 0.18 0.00 0.00 HOLD
32.076	>>> V 0.00 0.00
32.077	S 20228281 -0.18 0.18 0.00 0.00 HOLD
32.092	>>> V 0.00 0.00
32.092	S 20228301 -0.18 0.18 0.00 0.00 HOLD
32.112	>>> V 0.00 0.00
32.114	S 20228321 -0.18 0.18 0.00 0.00 HOLD
32.132	>>> V 0.00 0.00
32.133	S 20228341 -0.18 0.18 0.00 0.00 HOLD
32.153	>>> V 0.00 0.00
32.153	S 20228361 -0.18 0.18 0.00 0.00 HOLD
32.176	>>> V 0.00 0.00
32.177	S 20228381 -0.18 0.18 0.00 0.00 HOLD
32.191	>>> V 0.00 0.00
32.194	S 20228401 -0.18 0.09 0.00 0.00 HOLD
32.212	>>> V 0.00 0.00
32.214	S 20228421 -0.18 0.18 0.00 0.00 HOLD
32.231	>>> V 0.00 0.00
32.232	S 20228441 -0.18 0.18 0.00 0.00 HOLD
32.253	>>> V 0.00 0.00
32.253	S 20228461 -0.18 0.18 0.00 0.00 HOLD
32.275	>>> V 0.00 0.00
32.276	S 20228481 -0.18 0.18 0.00 0.00 HOLD
32.292	>>> V 0.00 0.00
32.293	S 20228501 -0.18 0.18 0.00 0.00 HOLD
32.311	>>> V 0.00 0.00
32.311	S 20228521 -0.18 0.09 0.00 0.00 HOLD
32.331	>>> V 0.00 0.00
32.332	S 20228541 -0.18 0.18 0.00 0.00 HOLD
32.351	>>> V 0.00 0.00
32.352	S 20228561 -0.18 0.18 0.00 0.00 HOLD
32.376	>>> V 0.00 0.00
32.377	S 20228581 -0.18 0.18 0.00 0.00 HOLD
32.392	>>> V 0.00 0.00
32.394	S 20228601 -0.18 0.09 0.00 0.00 HOLD
32.412	>>> V 0.00 0.00
32.412	S 20228621 -0.18 0.18 0.00 0.00 HOLD
32.431	>>> V 0.00 0.00
32.431	S 20228641 -0.18 0.18 0.00 0.00 HOLD
32.451	>>> V 0.00 0.00
32.451	S 20228661 -0.18 0.18 0.00 0.00 HOLD
32.474	>>> V 0.00 0.00
32.475	S 20228681 -0.18 0.18 0.00 0.00 HOLD
32.491	>>> V 0.00 0.00
32.492	S 20228701 -0.18 0.18 0.00 0.00 HOLD
32.512	>>> V 0.00 0.00
32.513	S 20228721 -0.18 0.18 0.00 0.00 HOLD
32.530	>>> V 0.00 0.00
32.531	S 20228741 -0.18 0.18 0.00 0.00 HOLD
32.552	>>> V 0.00 0.00
32.553	S 20228761 -0.18 0.18 0.00 0.00 HOLD
32.572	>>> V 0.00 0.00
32.574	S 20228781 -0.18 0.18 0.00 0.00 HOLD
32.592	>>> V 0.00 0.00
32.592	S 20228801 -0.18 0.09 0.00 0.00 HOLD
32.612	>>> V 0.00 0.00
32.613	S 20228821 -0.18 0.09 0.00 0.00 HOLD
32.632	>>> V 0.00 0.00
32.633	S 20228841 -0.18 0.09 0.00 0.00 HOLD
32.651	>>> V 0.00 0.00
32.652	S 20228861 -0.18 0.18 0.00 0.00 HOLD
32.673	>>> V 0.00 0.00
32.677	S 20228881 -0.18 0.18 0.00 0.00 HOLD
32.692	>>> V 0.00 0.00
32.692	S 20228901 -0.18 0.18 0.00 0.00 HOLD
32.712	>>> V 0.00 0.00
32.713	S 20228921 -0.18 0.18 0.00 0.00 HOLD
32.744	>>> V 0.00 0.00
32.744	S 20228941 -0.18 0.18 0.00 0.00 HOLD
32.751	>>> V 0.00 0.00
32.752	S 20228961 -0.18 0.18 0.00 0.00 HOLD
32.779	>>> V 0.00 0.00
32.779	S 20228981 -0.18 0.18 0.00 0.00 HOLD
32.791	>>> V 0.00 0.00
32.793	S 20229001 -0.18 0.18 0.00 0.00 HOLD
32.813	>>> V 0.00 0.00
32.816	S 20229021 -0.18 0.09 0.00 0.00 HOLD
32.832	>>> V 0.00 0.00
32.833	S 20229041 -0.18 0.18 0.00 0.00 HOLD
32.851	>>> V 0.00 0.00
32.851	S 20229061 -0.18 0.18 0.00 0.00 HOLD
32.872	>>> V 0.00 0.00
32.874	S 20229081 -0.18 0.18 0.00 0.00 HOLD
32.894	>>> V 0.00 0.00
32.895	S 20229101 -0.18 0.18 0.00 0.00 HOLD
32.911	>>> V 0.00 0.00
32.911	S 20229121 -0.18 0.18 0.00 0.00 HOLD
32.931	>>> V 0.00 0.00
32.932	S 20229141 -0.18 0.18 0.00 0.00 HOLD
32.953	>>> V 0.00 0.00
32.954	S 20229161 -0.18 0.18 0.00 0.00 HOLD
32.972	>>> V 0.00 0.00
32.973	S 20229181 -0.18 0.18 0.00 0.00 HOLD
32.994	>>> V 0.00 0.00
32.995	S 20229201 -0.18 0.18 0.00 0.00 HOLD
33.011	>>> V 0.00 0.00
33.011	S 20229221 -0.18 0.09 0.00 0.00 HOLD
33.031	>>> V 0.00 0.00
33.032	S 20229241 -0.18 0.18 0.00 0.00 HOLD
33.051	>>> V 0.00 0.00
33.051	S 20229261 -0.18 0.18 0.00 0.00 HOLD
33.074	>>> V 0.00 0.00
33.074	S 20229281 -0.18 0.18 0.00 0.00 HOLD
33.091	>>> V 0.00 0.00
33.091	S 20229301 -0.18 0.18 0.00 0.00 HOLD
33.112	>>> V 0.00 0.00
33.113	S 20229321 -0.18 0.18 0.00 0.00 HOLD
33.132	>>> V 0.00 0.00
33.133	S 20229341 -0.18 0.18 0.00 0.00 HOLD
33.151	>>> V 0.00 0.00
33.151	S 20229361 -0.18 0.18 0.00 0.00 HOLD
33.176	>>> V 0.00 0.00
33.177	S 20229381 -0.18 0.18 0.00 0.00 HOLD
33.193	>>> V 0.00 0.00
33.194	S 20229401 -0.18 0.18 0.00 0.00 HOLD
33.213	>>> V 0.00 0.00
33.213	S 20229421 -0.18 0.18 0.00 0.00 HOLD
33.231	>>> V 0.00 0.00
33.231	S 20229441 -0.09 0.18 0.00 0.00 HOLD
33.251	>>> V 0.00 0.00
33.252	S 20229461 -0.18 0.18 0.00 0.00 HOLD
33.273	>>> V 0.00 0.00
33.275	S 20229481 -0.18 0.18 0.00 0.00 HOLD
33.291	>>> V 0.00 0.00
33.291	S 20229501 -0.18 0.18 0.00 0.00 HOLD
33.312	>>> V 0.00 0.00
33.313	S 20229521 -0.18 0.09 0.00 0.00 HOLD
33.332	>>> V 0.00 0.00
33.333	S 20229541 -0.18 0.18 0.00 0.00 HOLD
33.352	>>> V 0.00 0.00
33.352	S 20229561 -0.18 0.18 0.00 0.00 HOLD
33.371	>>> V 0.00 0.00
33.372	S 20229581 -0.18 0.18 0.00 0.00 HOLD
33.391	>>> V 0.00 0.00
33.391	S 20229601 -0.18 0.18 0.00 0.00 HOLD
33.411	>>> V 0.00 0.00
33.412	S 20229621 -0.18 0.18 0.00 0.00 HOLD
33.431	>>> V 0.00 0.00
33.432	S 20229641 -0.18 0.18 0.00 0.00 HOLD
33.453	>>> V 0.00 0.00
33.453	S 20229661 -0.18 0.18 0.00 0.00 HOLD
33.475	>>> V 0.00 0.00
33.476	S 20229681 -0.18 0.18 0.00 0.00 HOLD
33.491	>>> V 0.00 0.00
33.492	S 20229701 -0.18 0.18 0.00 0.00 HOLD
33.515	>>> V 0.00 0.00
33.516	S 20229721 -0.18 0.18 0.00 0.00 HOLD
33.532	>>> V 0.00 0.00
33.533	S 20229741 -0.18 0.18 0.00 0.00 HOLD
33.553	>>> V 0.00 0.00
33.554	S 20229761 -0.18 0.18 0.00 0.00 HOLD
33.573	>>> V 0.00 0.00
33.574	S 20229781 -0.18 0.18 0.00 0.00 HOLD
33.592	>>> V 0.00 0.00
33.592	S 20229801 -0.18 0.18 0.00 0.00 HOLD
33.616	>>> V 0.00 0.00
33.616	S 20229821 -0.18 0.18 0.00 0.00 HOLD
33.632	>>> V 0.00 0.00
33.632	S 20229841 -0.18 0.18 0.00 0.00 HOLD
33.654	>>> V 0.00 0.00
33.654	S 20229861 -0.18 0.09 0.00 0.00 HOLD
33.673	>>> V 0.00 0.00
33.674	S 20229881 -0.18 0.18 0.00 0.00 HOLD
33.691	>>> V 0.00 0.00
33.691	S 20229901 -0.18 0.18 0.00 0.00 HOLD
33.714	>>> V 0.00 0.00
33.714	S 20229921 -0.18 0.18 0.00 0.00 HOLD
33.731	>>> V 0.00 0.00
33.735	S 20229941 -0.18 0.18 0.00 0.00 HOLD
33.753	>>> V 0.00 0.00
33.753	S 20229961 -0.18 0.18 0.00 0.00 HOLD
33.771	>>> V 0.00 0.00
33.772	S 20229981 -0.18 0.18 0.00 0.00 HOLD
33.791	>>> V 0.00 0.00
33.791	S 20230001 -0.18 0.18 0.00 0.00 HOLD
33.811	>>> V 0.00 0.00
33.811	S 20230021 -0.18 0.18 0.00 0.00 HOLD
33.832	>>> V 0.00 0.00
33.832	S 20230041 -0.18 0.18 0.00 0.00 HOLD
33.851	>>> V 0.00 0.00
33.851	S 20230061 -0.18 0.18 0.00 0.00 HOLD
33.872	>>> V 0.00 0.00
33.872	S 20230081 -0.18 0.18 0.00 0.00 HOLD
33.891	>>> V 0.00 0.00
33.891	S 20230101 -0.18 0.18 0.00 0.00 HOLD
33.912	>>> V 0.00 0.00
33.914	S 20230121 -0.18 0.18 0.00 0.00 HOLD
33.934	>>> V 0.00 0.00
33.934	S 20230141 -0.18 0.18 0.00 0.00 HOLD
33.952	>>> V 0.00 0.00
33.953	S 20230161 -0.18 0.18 0.00 0.00 HOLD
33.972	>>> V 0.00 0.00
33.972	S 20230181 -0.18 0.18 0.00 0.00 HOLD
33.991	>>> V 0.00 0.00
33.992	S 20230201 -0.18 0.18 0.00 0.00 HOLD
34.014	>>> V 0.00 0.00
34.015	S 20230221 -0.18 0.18 0.00 0.00 HOLD
34.033	>>> V 0.00 0.00
34.033	S 20230241 -0.18 0.18 0.00 0.00 HOLD
34.051	>>> V 0.00 0.00
34.052	S 20230261 -0.18 0.18 0.00 0.00 HOLD
34.071	>>> V 0.00 0.00
34.072	S 20230281 -0.18 0.18 0.00 0.00 HOLD
34.091	>>> V 0.00 0.00
34.092	S 20230301 -0.18 0.18 0.00 0.00 HOLD
34.113	>>> V 0.00 0.00
34.114	S 20230321 -0.18 0.18 0.00 0.00 HOLD
34.132	>>> V 0.00 0.00
34.134	S 20230341 -0.18 0.18 0.00 0.00 HOLD
34.151	>>> V 0.00 0.00
34.151	S 20230361 -0.18 0.18 0.00 0.00 HOLD
34.176	>>> V 0.00 0.00
34.177	S 20230381 -0.18 0.18 0.00 0.00 HOLD
34.192	>>> V 0.00 0.00
34.194	S 20230401 -0.18 0.18 0.00 0.00 HOLD
34.211	>>> V 0.00 0.00
34.212	S 20230421 -0.18 0.18 0.00 0.00 HOLD
34.233	>>> V 0.00 0.00
34.233	S 20230441 -0.18 0.18 0.00 0.00 HOLD
34.252	>>> V 0.00 0.00
34.252	S 20230461 -0.18 0.18 0.00 0.00 HOLD
34.277	>>> V 0.00 0.00
34.277	S 20230481 -0.18 0.18 0.00 0.00 HOLD
34.295	>>> V 0.00 0.00
34.296	S 20230501 -0.18 0.18 0.00 0.00 HOLD
34.312	>>> V 0.00 0.00
34.313	S 20230521 -0.18 0.18 0.00 0.00 HOLD
34.331	>>> V 0.00 0.00
34.333	S 20230541 -0.18 0.18 0.00 0.00 HOLD
34.351	>>> V 0.00 0.00
34.352	S 20230561 -0.18 0.18 0.00 0.00 HOLD
34.372	>>> V 0.00 0.00
34.372	S 20230581 -0.18 0.09 0.00 0.00 HOLD
34.391	>>> V 0.00 0.00
34.391	S 20230601 -0.18 0.18 0.00 0.00 HOLD
34.413	>>> V 0.00 0.00
34.414	S 20230621 -0.18 0.18 0.00 0.00 HOLD
34.431	>>> V 0.00 0.00
34.434	S 20230641 -0.18 0.18 0.00 0.00 HOLD
34.452	>>> V 0.00 0.00
34.453	S 20230661 -0.18 0.09 0.00 0.00 HOLD
34.474	>>> V 0.00 0.00
34.474	S 20230681 -0.18 0.18 0.00 0.00 HOLD
34.491	>>> V 0.00 0.00
34.492	S 20230701 -0.18 0.18 0.00 0.00 HOLD
34.513	>>> V 0.00 0.00
34.514	S 20230721 -0.18 0.18 0.00 0.00 HOLD
34.534	>>> V 0.00 0.00
34.534	S 20230741 -0.18 0.09 0.00 0.00 HOLD
34.551	>>> V 0.00 0.00
34.553	S 20230761 -0.18 0.18 0.00 0.00 HOLD
34.571	>>> V 0.00 0.00
34.572	S 20230781 -0.18 0.18 0.00 0.00 HOLD
34.592	>>> V 0.00 0.00
34.592	S 20230801 -0.18 0.18 0.00 0.00 HOLD
34.612	>>> V 0.00 0.00
34.613	S 20230821 -0.18 0.18 0.00 0.00 HOLD
34.633	>>> V 0.00 0.00
34.634	S 20230841 -0.09 0.18 0.00 0.00 HOLD
34.652	>>> V 0.00 0.00
34.653	S 20230861 -0.18 0.18 0.00 0.00 HOLD
34.672	>>> V 0.00 0.00
34.673	S 20230881 -0.18 0.18 0.00 0.00 HOLD
34.692	>>> V 0.00 0.00
34.692	S 20230901 -0.18 0.18 0.00 0.00 HOLD
34.711	>>> V 0.00 0.00
34.712	S 20230921 -0.18 0.18 0.00 0.00 HOLD
34.731	>>> V 0.00 0.00
34.732	S 20230941 -0.18 0.18 0.00 0.00 HOLD
34.751	>>> V 0.00 0.00
34.753	S 20230961 -0.18 0.09 0.00 0.00 HOLD
34.772	>>> V 0.00 0.00
34.773	S 20230981 -0.18 0.18 0.00 0.00 HOLD
34.791	>>> V 0.00 0.00
34.792	S 20231001 -0.18 0.18 0.00 0.00 HOLD
34.812	>>> V 0.00 0.00
34.812	S 20231021 -0.18 0.18 0.00 0.00 HOLD
34.831	>>> V 0.00 0.00
34.831	S 20231041 -0.18 0.18 0.00 0.00 HOLD
34.853	>>> V 0.00 0.00
34.855	S 20231061 -0.18 0.18 0.00 0.00 HOLD
34.871	>>> V 0.00 0.00
34.871	S 20231081 -0.18 0.09 0.00 0.00 HOLD
34.892	>>> V 0.00 0.00
34.893	S 20231101 -0.18 0.18 0.00 0.00 HOLD
34.912	>>> V 0.00 0.00
34.912	S 20231121 -0.18 0.18 0.00 0.00 HOLD
34.931	>>> V 0.00 0.00
34.931	S 20231141 -0.18 0.18 0.00 0.00 HOLD
34.951	>>> V 0.00 0.00
34.951	S 20231161 -0.18 0.09 0.00 0.00 HOLD
34.976	>>> V 0.00 0.00
34.976	S 20231181 -0.18 0.18 0.00 0.00 HOLD
34.992	>>> V 0.00 0.00
34.993	S 20231201 -0.18 0.18 0.00 0.00 HOLD
35.012	>>> V 0.00 0.00
35.014	S 20231221 -0.18 0.18 0.00 0.00 HOLD
35.031	>>> V 0.00 0.00
35.032	S 20231241 -0.18 0.18 0.00 0.00 HOLD
35.052	>>> V 0.00 0.00
35.052	S 20231261 -0.18 0.18 0.00 0.00 HOLD
35.072	>>> V 0.00 0.00
35.073	S 20231281 -0.18 0.18 0.00 0.00 HOLD
35.091	>>> V 0.00 0.00
35.092	S 20231301 -0.18 0.18 0.00 0.00 HOLD
35.111	>>> V 0.00 0.00
35.112	S 20231321 -0.18 0.18 0.00 0.00 HOLD
35.136	>>> V 0.00 0.00
35.137	S 20231341 -0.18 0.18 0.00 0.00 HOLD
35.153	>>> V 0.00 0.00
35.153	S 20231361 -0.18 0.09 0.00 0.00 HOLD
35.175	>>> V 0.00 0.00
35.175	S 20231381 -0.18 0.18 0.00 0.00 HOLD
35.195	>>> V 0.00 0.00
35.197	S 20231401 -0.18 0.18 0.00 0.00 HOLD
35.211	>>> V 0.00 0.00
35.211	S 20231421 -0.18 0.18 0.00 0.00 HOLD
35.231	>>> V 0.00 0.00
35.231	S 20231441 -0.18 0.18 0.00 0.00 HOLD
35.251	>>> V 0.00 0.00
35.251	S 20231461 -0.18 0.18 0.00 0.00 HOLD
35.271	>>> V 0.00 0.00
35.272	S 20231481 -0.18 0.18 0.00 0.00 HOLD
35.291	>>> V 0.00 0.00
35.291	S 20231501 -0.18 0.18 0.00 0.00 HOLD
35.311	>>> V 0.00 0.00
35.311	S 20231521 -0.18 0.18 0.00 0.00 HOLD
35.331	>>> V 0.00 0.00
35.332	S 20231541 -0.18 0.18 0.00 0.00 HOLD
35.351	>>> V 0.00 0.00
35.351	S 20231561 -0.18 0.18 0.00 0.00 HOLD
35.373	>>> V 0.00 0.00
35.374	S 20231581 -0.18 0.18 0.00 0.00 HOLD
35.391	>>> V 0.00 0.00
35.393	S 20231601 -0.18 0.18 0.00 0.00 HOLD
35.412	>>> V 0.00 0.00
35.413	S 20231621 -0.18 0.18 0.00 0.00 HOLD
35.432	>>> V 0.00 0.00
35.432	S 20231641 -0.18 0.18 0.00 0.00 HOLD
35.452	>>> V 0.00 0.00
35.452	S 20231661 -0.18 0.18 0.00 0.00 HOLD
35.481	>>> V 0.00 0.00
35.482	S 20231681 -0.18 0.18 0.00 0.00 HOLD
35.491	>>> V 0.00 0.00
35.494	S 20231701 -0.18 0.18 0.00 0.00 HOLD
35.512	>>> V 0.00 0.00
35.514	S 20231721 -0.18 0.18 0.00 0.00 HOLD
35.531	>>> V 0.00 0.00
35.532	S 20231741 -0.18 0.18 0.00 0.00 HOLD
35.551	>>> V 0.00 0.00
35.551	S 20231761 -0.18 0.18 0.00 0.00 HOLD
35.580	>>> V 0.00 0.00
35.580	S 20231781 -0.18 0.18 0.00 0.00 HOLD
35.596	>>> V 0.00 0.00
35.598	S 20231801 -0.18 0.18 0.00 0.00 HOLD
35.614	>>> V 0.00 0.00
35.614	S 20231821 -0.18 0.18 0.00 0.00 HOLD
35.632	>>> V 0.00 0.00
35.633	S 20231841 -0.18 0.18 0.00 0.00 HOLD
35.652	>>> V 0.00 0.00
35.652	S 20231861 -0.18 0.18 0.00 0.00 HOLD
35.672	>>> V 0.00 0.00
35.672	S 20231881 -0.18 0.09 0.00 0.00 HOLD
35.691	>>> V 0.00 0.00
35.691	S 20231901 -0.18 0.09 0.00 0.00 HOLD
35.716	>>> V 0.00 0.00
35.717	S 20231921 -0.18 0.18 0.00 0.00 HOLD
35.731	>>> V 0.00 0.00
35.731	S 20231941 -0.18 0.18 0.00 0.00 HOLD
35.751	>>> V 0.00 0.00
35.752	S 20231961 -0.18 0.09 0.00 0.00 HOLD
35.774	>>> V 0.00 0.00
35.775	S 20231981 -0.18 0.09 0.00 0.00 HOLD
35.792	>>> V 0.00 0.00
35.792	S 20232001 -0.18 0.18 0.00 0.00 HOLD
35.811	>>> V 0.00 0.00
35.812	S 20232021 -0.18 0.18 0.00 0.00 HOLD
35.830	>>> V 0.00 0.00
35.831	S 20232041 -0.18 0.18 0.00 0.00 HOLD
35.851	>>> V 0.00 0.00
35.851	S 20232061 -0.18 0.18 0.00 0.00 HOLD
35.874	>>> V 0.00 0.00
35.875	S 20232081 -0.18 0.18 0.00 0.00 HOLD
35.892	>>> V 0.00 0.00
35.893	S 20232101 -0.18 0.18 0.00 0.00 HOLD
35.912	>>> V 0.00 0.00
35.913	S 20232121 -0.18 0.18 0.00 0.00 HOLD
35.931	>>> V 0.00 0.00
35.931	S 20232141 -0.18 0.18 0.00 0.00 HOLD
35.951	>>> V 0.00 0.00
35.952	S 20232161 -0.18 0.18 0.00 0.00 HOLD
35.971	>>> V 0.00 0.00
35.971	S 20232181 -0.18 0.18 0.00 0.00 HOLD
35.993	>>> V 0.00 0.00
35.994	S 20232201 -0.18 0.18 0.00 0.00 HOLD
36.014	>>> V 0.00 0.00
36.014	S 20232221 -0.18 0.18 0.00 0.00 HOLD
36.032	>>> V 0.00 0.00
36.033	S 20232241 -0.18 0.18 0.00 0.00 HOLD
36.051	>>> V 0.00 0.00
36.052	S 20232261 -0.18 0.18 0.00 0.00 HOLD
36.073	>>> V 0.00 0.00
36.076	S 20232281 -0.18 0.18 0.00 0.00 HOLD
36.094	>>> V 0.00 0.00
36.096	S 20232301 -0.18 0.09 0.00 0.00 HOLD
36.112	>>> V 0.00 0.00
36.115	S 20232321 -0.18 0.18 0.00 0.00 HOLD
36.137	>>> V 0.00 0.00
36.139	S 20232341 -0.18 0.18 0.00 0.00 HOLD
36.151	>>> V 0.00 0.00
36.152	S 20232361 -0.18 0.18 0.00 0.00 HOLD
36.179	>>> V 0.00 0.00
36.181	S 20232381 -0.18 0.18 0.00 0.00 HOLD
36.191	>>> V 0.00 0.00
36.191	S 20232401 -0.18 0.18 0.00 0.00 HOLD
36.213	>>> V 0.00 0.00
36.215	S 20232421 -0.18 0.18 0.00 0.00 HOLD
36.232	>>> V 0.00 0.00
36.233	S 20232442 -0.18 0.18 0.00 0.00 HOLD
36.251	>>> V 0.00 0.00
36.252	S 20232462 -0.18 0.18 0.00 0.00 HOLD
36.272	>>> V 0.00 0.00
36.273	S 20232482 -0.18 0.18 0.00 0.00 HOLD
36.294	>>> V 0.00 0.00
36.295	S 20232502 -0.18 0.18 0.00 0.00 HOLD
36.313	>>> V 0.00 0.00
36.314	S 20232522 -0.18 0.18 0.00 0.00 HOLD
36.332	>>> V 0.00 0.00
36.332	S 20232542 -0.18 0.18 0.00 0.00 HOLD
36.351	>>> V 0.00 0.00
36.351	S 20232562 -0.18 0.18 0.00 0.00 HOLD
36.378	>>> V 0.00 0.00
36.380	S 20232582 -0.18 0.18 0.00 0.00 HOLD
36.392	>>> V 0.00 0.00
36.392	S 20232602 -0.18 0.18 0.00 0.00 HOLD
36.416	>>> V 0.00 0.00
36.417	S 20232622 -0.18 0.18 0.00 0.00 HOLD
36.433	>>> V 0.00 0.00
36.433	S 20232642 -0.18 0.18 0.00 0.00 HOLD
36.452	>>> V 0.00 0.00
36.453	S 20232662 -0.18 0.18 0.00 0.00 HOLD
36.473	>>> V 0.00 0.00
36.475	S 20232682 -0.18 0.18 0.00 0.00 HOLD
36.491	>>> V 0.00 0.00
36.492	S 20232702 -0.18 0.18 0.00 0.00 HOLD
36.515	>>> V 0.00 0.00
36.515	S 20232722 -0.18 0.18 0.00 0.00 HOLD
36.532	>>> V 0.00 0.00
36.533	S 20232742 -0.18 0.18 0.00 0.00 HOLD
36.552	>>> V 0.00 0.00
36.552	S 20232762 -0.18 0.18 0.00 0.00 HOLD
36.571	>>> V 0.00 0.00
36.571	S 20232782 -0.18 0.18 0.00 0.00 HOLD
36.591	>>> V 0.00 0.00
36.591	S 20232802 -0.18 0.18 0.00 0.00 HOLD
36.618	>>> V 0.00 0.00
36.619	S 20232822 -0.18 0.18 0.00 0.00 HOLD
36.631	>>> V 0.00 0.00
36.632	S 20232842 -0.18 0.18 0.00 0.00 HOLD
36.651	>>> V 0.00 0.00
36.652	S 20232862 -0.18 0.18 0.00 0.00 HOLD
36.674	>>> V 0.00 0.00
36.675	S 20232882 -0.18 0.18 0.00 0.00 HOLD
36.691	>>> V 0.00 0.00
36.691	S 20232902 -0.18 0.18 0.00 0.00 HOLD
36.712	>>> V 0.00 0.00
36.712	S 20232922 -0.18 0.18 0.00 0.00 HOLD
36.731	>>> V 0.00 0.00
36.732	S 20232942 -0.18 0.18 0.00 0.00 HOLD
36.751	>>> V 0.00 0.00
36.751	S 20232962 -0.18 0.18 0.00 0.00 HOLD
36.776	>>> V 0.00 0.00
36.776	S 20232982 -0.18 0.18 0.00 0.00 HOLD
36.791	>>> V 0.00 0.00
36.791	S 20233002 -0.18 0.18 0.00 0.00 HOLD
36.813	>>> V 0.00 0.00
36.814	S 20233022 -0.18 0.18 0.00 0.00 HOLD
36.831	>>> V 0.00 0.00
36.831	S 20233042 -0.18 0.18 0.00 0.00 HOLD
36.851	>>> V 0.00 0.00
36.851	S 20233062 -0.18 0.18 0.00 0.00 HOLD
36.873	>>> V 0.00 0.00
36.874	S 20233082 -0.18 0.18 0.00 0.00 HOLD
36.891	>>> V 0.00 0.00
36.891	S 20233102 -0.18 0.18 0.00 0.00 HOLD
36.913	>>> V 0.00 0.00
36.914	S 20233122 -0.18 0.18 0.00 0.00 HOLD
36.931	>>> V 0.00 0.00
36.931	S 20233142 -0.18 0.18 0.00 0.00 HOLD
36.951	>>> V 0.00 0.00
36.952	S 20233162 -0.18 0.18 0.00 0.00 HOLD
36.972	>>> V 0.00 0.00
36.974	S 20233182 -0.18 0.18 0.00 0.00 HOLD
36.991	>>> V 0.00 0.00
36.991	S 20233202 -0.18 0.18 0.00 0.00 HOLD
37.013	>>> V 0.00 0.00
37.014	S 20233222 -0.18 0.18 0.00 0.00 HOLD
37.031	>>> V 0.00 0.00
37.031	S 20233242 -0.18 0.18 0.00 0.00 HOLD
37.056	>>> V 0.00 0.00
37.057	S 20233262 -0.18 0.18 0.00 0.00 HOLD
37.072	>>> V 0.00 0.00
37.073	S 20233282 -0.18 0.18 0.00 0.00 HOLD
37.091	>>> V 0.00 0.00
37.092	S 20233302 -0.18 0.18 0.00 0.00 HOLD
37.113	>>> V 0.00 0.00
37.114	S 20233322 -0.18 0.18 0.00 0.00 HOLD
37.131	>>> V 0.00 0.00
37.132	S 20233342 -0.18 0.18 0.00 0.00 HOLD
37.156	>>> V 0.00 0.00
37.156	S 20233362 -0.18 0.18 0.00 0.00 HOLD
37.171	>>> V 0.00 0.00
37.171	S 20233382 -0.18 0.18 0.00 0.00 HOLD
37.192	>>> V 0.00 0.00
37.193	S 20233402 -0.18 0.18 0.00 0.00 HOLD
37.212	>>> V 0.00 0.00
37.213	S 20233422 -0.18 0.18 0.00 0.00 HOLD
37.231	>>> V 0.00 0.00
37.231	S 20233442 -0.18 0.09 0.00 0.00 HOLD
37.250	>>> V 0.00 0.00
37.251	S 20233462 -0.18 0.18 0.00 0.00 HOLD
37.274	>>> V 0.00 0.00
37.276	S 20233482 -0.18 0.18 0.00 0.00 HOLD
37.291	>>> V 0.00 0.00
37.291	S 20233502 -0.18 0.18 0.00 0.00 HOLD
37.313	>>> V 0.00 0.00
37.314	S 20233522 -0.18 0.18 0.00 0.00 HOLD
37.334	>>> V 0.00 0.00
37.335	S 20233542 -0.18 0.18 0.00 0.00 HOLD
37.353	>>> V 0.00 0.00
37.353	S 20233562 -0.18 0.18 0.00 0.00 HOLD
37.374	>>> V 0.00 0.00
37.374	S 20233582 -0.18 0.18 0.00 0.00 HOLD
37.391	>>> V 0.00 0.00
37.391	S 20233602 -0.18 0.09 0.00 0.00 HOLD
37.414	>>> V 0.00 0.00
37.415	S 20233622 -0.18 0.18 0.00 0.00 HOLD
37.431	>>> V 0.00 0.00
37.431	S 20233642 -0.18 0.18 0.00 0.00 HOLD
37.453	>>> V 0.00 0.00
37.453	S 20233662 -0.18 0.18 0.00 0.00 HOLD
37.471	>>> V 0.00 0.00
37.472	S 20233682 -0.18 0.18 0.00 0.00 HOLD
37.492	>>> V 0.00 0.00
37.493	S 20233702 -0.18 0.18 0.00 0.00 HOLD
37.512	>>> V 0.00 0.00
37.514	S 20233722 -0.18 0.18 0.00 0.00 HOLD
37.531	>>> V 0.00 0.00
37.532	S 20233742 -0.18 0.18 0.00 0.00 HOLD
37.551	>>> V 0.00 0.00
37.552	S 20233762 -0.18 0.18 0.00 0.00 HOLD
37.571	>>> V 0.00 0.00
37.571	S 20233782 -0.18 0.18 0.00 0.00 HOLD
37.595	>>> V 0.00 0.00
37.596	S 20233802 -0.18 0.18 0.00 0.00 HOLD
37.612	>>> V 0.00 0.00
37.612	S 20233822 -0.18 0.18 0.00 0.00 HOLD
37.632	>>> V 0.00 0.00
37.633	S 20233842 -0.18 0.18 0.00 0.00 HOLD
37.653	>>> V 0.00 0.00
37.653	S 20233862 -0.18 0.18 0.00 0.00 HOLD
37.673	>>> V 0.00 0.00
37.673	S 20233882 -0.18 0.18 0.00 0.00 HOLD
37.691	>>> V 0.00 0.00
37.692	S 20233902 -0.18 0.18 0.00 0.00 HOLD
37.711	>>> V 0.00 0.00
37.711	S 20233922 -0.18 0.18 0.00 0.00 HOLD
37.733	>>> V 0.00 0.00
37.734	S 20233942 -0.18 0.18 0.00 0.00 HOLD
37.751	>>> V 0.00 0.00
37.751	S 20233962 -0.18 0.18 0.00 0.00 HOLD
37.773	>>> V 0.00 0.00
37.774	S 20233982 -0.18 0.18 0.00 0.00 HOLD
37.795	>>> V 0.00 0.00
37.796	S 20234002 -0.18 0.18 0.00 0.00 HOLD
37.812	>>> V 0.00 0.00
37.812	S 20234022 -0.18 0.18 0.00 0.00 HOLD
37.833	>>> V 0.00 0.00
37.834	S 20234042 -0.18 0.18 0.00 0.00 HOLD
37.851	>>> V 0.00 0.00
37.852	S 20234062 -0.18 0.18 0.00 0.00 HOLD
37.873	>>> V 0.00 0.00
37.874	S 20234082 -0.18 0.18 0.00 0.00 HOLD
37.894	>>> V 0.00 0.00
37.894	S 20234102 -0.18 0.18 0.00 0.00 HOLD
37.912	>>> V 0.00 0.00
37.914	S 20234122 -0.18 0.18 0.00 0.00 HOLD
37.932	>>> V 0.00 0.00
37.933	S 20234142 -0.18 0.18 0.00 0.00 HOLD
37.951	>>> V 0.00 0.00
37.952	S 20234162 -0.18 0.18 0.00 0.00 HOLD
37.974	>>> V 0.00 0.00
37.974	S 20234182 -0.18 0.18 0.00 0.00 HOLD
37.991	>>> V 0.00 0.00
37.991	S 20234202 -0.18 0.18 0.00 0.00 HOLD
38.012	>>> V 0.00 0.00
38.013	S 20234222 -0.18 0.18 0.00 0.00 HOLD
38.033	>>> V 0.00 0.00
38.036	S 20234242 -0.18 0.18 0.00 0.00 HOLD
38.052	>>> V 0.00 0.00
38.052	S 20234262 -0.18 0.18 0.00 0.00 HOLD
38.072	>>> V 0.00 0.00
38.072	S 20234282 -0.18 0.18 0.00 0.00 HOLD
38.091	>>> V 0.00 0.00
38.091	S 20234302 -0.18 0.09 0.00 0.00 HOLD
38.113	>>> V 0.00 0.00
38.115	S 20234322 -0.18 0.18 0.00 0.00 HOLD
38.131	>>> V 0.00 0.00
38.131	S 20234342 -0.18 0.18 0.00 0.00 HOLD
38.154	>>> V 0.00 0.00
38.154	S 20234362 -0.18 0.18 0.00 0.00 HOLD
38.172	>>> V 0.00 0.00
38.172	S 20234382 -0.18 0.18 0.00 0.00 HOLD
38.191	>>> V 0.00 0.00
38.192	S 20234402 -0.18 0.18 0.00 0.00 HOLD
38.212	>>> V 0.00 0.00
38.212	S 20234422 -0.18 0.18 0.00 0.00 HOLD
38.231	>>> V 0.00 0.00
38.231	S 20234442 -0.18 0.18 0.00 0.00 HOLD
38.255	>>> V 0.00 0.00
38.256	S 20234462 -0.18 0.18 0.00 0.00 HOLD
38.273	>>> V 0.00 0.00
38.273	S 20234482 -0.18 0.09 0.00 0.00 HOLD
38.292	>>> V 0.00 0.00
38.293	S 20234502 -0.18 0.18 0.00 0.00 HOLD
38.312	>>> V 0.00 0.00
38.313	S 20234522 -0.18 0.18 0.00 0.00 HOLD
38.332	>>> V 0.00 0.00
38.333	S 20234542 -0.18 0.18 0.00 0.00 HOLD
38.352	>>> V 0.00 0.00
38.353	S 20234562 -0.18 0.18 0.00 0.00 HOLD
38.371	>>> V 0.00 0.00
38.371	S 20234582 -0.18 0.09 0.00 0.00 HOLD
38.392	>>> V 0.00 0.00
38.393	S 20234602 -0.18 0.18 0.00 0.00 HOLD
38.415	>>> V 0.00 0.00
38.416	S 20234622 -0.18 0.18 0.00 0.00 HOLD
38.432	>>> V 0.00 0.00
38.432	S 20234642 -0.18 0.18 0.00 0.00 HOLD
38.452	>>> V 0.00 0.00
38.453	S 20234662 -0.18 0.18 0.00 0.00 HOLD
38.471	>>> V 0.00 0.00
38.471	S 20234682 -0.18 0.18 0.00 0.00 HOLD
38.493	>>> V 0.00 0.00
38.494	S 20234702 -0.18 0.18 0.00 0.00 HOLD
38.512	>>> V 0.00 0.00
38.515	S 20234722 -0.18 0.18 0.00 0.00 HOLD
38.531	>>> V 0.00 0.00
38.531	S 20234742 -0.18 0.09 0.00 0.00 HOLD
38.553	>>> V 0.00 0.00
38.553	S 20234762 -0.18 0.18 0.00 0.00 HOLD
38.571	>>> V 0.00 0.00
38.572	S 20234782 -0.18 0.18 0.00 0.00 HOLD
38.593	>>> V 0.00 0.00
38.593	S 20234802 -0.18 0.18 0.00 0.00 HOLD
38.611	>>> V 0.00 0.00
38.614	S 20234822 -0.18 0.18 0.00 0.00 HOLD
38.632	>>> V 0.00 0.00
38.632	S 20234842 -0.18 0.18 0.00 0.00 HOLD
38.652	>>> V 0.00 0.00
38.653	S 20234862 -0.18 0.18 0.00 0.00 HOLD
38.671	>>> V 0.00 0.00
38.672	S 20234882 -0.18 0.18 0.00 0.00 HOLD
38.694	>>> V 0.00 0.00
38.695	S 20234902 -0.18 0.18 0.00 0.00 HOLD
38.711	>>> V 0.00 0.00
38.712	S 20234922 -0.18 0.18 0.00 0.00 HOLD
38.732	>>> V 0.00 0.00
38.733	S 20234942 -0.18 0.18 0.00 0.00 HOLD
38.751	>>> V 0.00 0.00
38.752	S 20234962 -0.18 0.18 0.00 0.00 HOLD
38.771	>>> V 0.00 0.00
38.771	S 20234982 -0.18 0.18 0.00 0.00 HOLD
38.795	>>> V 0.00 0.00
38.795	S 20235002 -0.18 0.18 0.00 0.00 HOLD
38.812	>>> V 0.00 0.00
38.812	S 20235022 -0.18 0.18 0.00 0.00 HOLD
38.833	>>> V 0.00 0.00
38.833	S 20235042 -0.18 0.18 0.00 0.00 HOLD
38.851	>>> V 0.00 0.00
38.851	S 20235062 -0.18 0.18 0.00 0.00 HOLD
38.871	>>> V 0.00 0.00
38.872	S 20235082 -0.18 0.09 0.00 0.00 HOLD
38.896	>>> V 0.00 0.00
38.896	S 20235102 -0.18 0.09 0.00 0.00 HOLD
38.912	>>> V 0.00 0.00
38.912	S 20235122 -0.18 0.18 0.00 0.00 HOLD
38.931	>>> V 0.00 0.00
38.932	S 20235142 -0.18 0.18 0.00 0.00 HOLD
38.953	>>> V 0.00 0.00
38.954	S 20235162 -0.18 0.18 0.00 0.00 HOLD
38.971	>>> V 0.00 0.00
38.971	S 20235182 -0.18 0.18 0.00 0.00 HOLD
38.997	>>> V 0.00 0.00
38.997	S 20235202 -0.18 0.18 0.00 0.00 HOLD
39.014	>>> V 0.00 0.00
39.014	S 20235222 -0.18 0.18 0.00 0.00 HOLD
39.032	>>> V 0.00 0.00
39.033	S 20235242 -0.18 0.18 0.00 0.00 HOLD
39.052	>>> V 0.00 0.00
39.052	S 20235262 -0.18 0.18 0.00 0.00 HOLD
39.071	>>> V 0.00 0.00
39.071	S 20235282 -0.18 0.18 0.00 0.00 HOLD
39.097	>>> V 0.00 0.00
39.097	S 20235302 -0.18 0.09 0.00 0.00 HOLD
39.111	>>> V 0.00 0.00
39.111	S 20235322 -0.18 0.18 0.00 0.00 HOLD
39.132	>>> V 0.00 0.00
39.133	S 20235342 -0.18 0.18 0.00 0.00 HOLD
39.155	>>> V 0.00 0.00
39.156	S 20235362 -0.18 0.18 0.00 0.00 HOLD
39.173	>>> V 0.00 0.00
39.173	S 20235382 -0.18 0.18 0.00 0.00 HOLD
39.193	>>> V 0.00 0.00
39.194	S 20235402 -0.18 0.18 0.00 0.00 HOLD
39.215	>>> V 0.00 0.00
39.215	S 20235422 -0.18 0.18 0.00 0.00 HOLD
39.232	>>> V 0.00 0.00
39.232	S 20235442 -0.18 0.18 0.00 0.00 HOLD
39.256	>>> V 0.00 0.00
39.257	S 20235462 -0.18 0.18 0.00 0.00 HOLD
39.277	>>> V 0.00 0.00
39.280	S 20235482 -0.18 0.18 0.00 0.00 HOLD
39.292	>>> V 0.00 0.00
39.292	S 20235502 -0.18 0.18 0.00 0.00 HOLD
39.311	>>> V 0.00 0.00
39.312	S 20235522 -0.18 0.18 0.00 0.00 HOLD
39.332	>>> V 0.00 0.00
39.333	S 20235542 -0.18 0.18 0.00 0.00 HOLD
39.351	>>> V 0.00 0.00
39.352	S 20235562 -0.18 0.18 0.00 0.00 HOLD
39.373	>>> V 0.00 0.00
39.374	S 20235582 -0.18 0.18 0.00 0.00 HOLD
39.391	>>> V 0.00 0.00
39.392	S 20235602 -0.18 0.18 0.00 0.00 HOLD
39.412	>>> V 0.00 0.00
39.414	S 20235622 -0.18 0.18 0.00 0.00 HOLD
39.437	>>> V 0.00 0.00
39.438	S 20235642 -0.18 0.09 0.00 0.00 HOLD
39.452	>>> V 0.00 0.00
39.453	S 20235662 -0.18 0.18 0.00 0.00 HOLD
39.473	>>> V 0.00 0.00
39.474	S 20235682 -0.18 0.18 0.00 0.00 HOLD
39.492	>>> V 0.00 0.00
39.493	S 20235702 -0.18 0.18 0.00 0.00 HOLD
39.516	>>> V 0.00 0.00
39.517	S 20235722 -0.18 0.18 0.00 0.00 HOLD
39.531	>>> V 0.00 0.00
39.531	S 20235742 -0.18 0.18 0.00 0.00 HOLD
39.552	>>> V 0.00 0.00
39.553	S 20235762 -0.18 0.18 0.00 0.00 HOLD
39.574	>>> V 0.00 0.00
39.575	S 20235782 -0.18 0.18 0.00 0.00 HOLD
39.592	>>> V 0.00 0.00
39.594	S 20235802 -0.18 0.18 0.00 0.00 HOLD
39.620	>>> V 0.00 0.00
39.621	S 20235822 -0.18 0.18 0.00 0.00 HOLD
39.633	>>> V 0.00 0.00
39.637	S 20235842 -0.18 0.18 0.00 0.00 HOLD
39.654	>>> V 0.00 0.00
39.654	S 20235862 -0.18 0.09 0.00 0.00 HOLD
39.677	>>> V 0.00 0.00
39.681	S 20235882 -0.18 0.18 0.00 0.00 HOLD
39.692	>>> V 0.00 0.00
39.693	S 20235902 -0.18 0.18 0.00 0.00 HOLD
39.716	>>> V 0.00 0.00
39.717	S 20235922 -0.18 0.18 0.00 0.00 HOLD
39.734	>>> V 0.00 0.00
39.734	S 20235942 -0.18 0.18 0.00 0.00 HOLD
39.753	>>> V 0.00 0.00
39.753	S 20235962 -0.18 0.18 0.00 0.00 HOLD
39.771	>>> V 0.00 0.00
39.772	S 20235982 -0.18 0.18 0.00 0.00 HOLD
39.791	>>> V 0.00 0.00
39.793	S 20236002 -0.18 0.18 0.00 0.00 HOLD
39.811	>>> V 0.00 0.00
39.811	S 20236022 -0.18 0.18 0.00 0.00 HOLD
39.832	>>> V 0.00 0.00
39.833	S 20236042 -0.18 0.18 0.00 0.00 HOLD
39.851	>>> V 0.00 0.00
39.851	S 20236062 -0.18 0.18 0.00 0.00 HOLD
39.872	>>> V 0.00 0.00
39.872	S 20236082 -0.18 0.18 0.00 0.00 HOLD
39.891	>>> V 0.00 0.00
39.891	S 20236102 -0.18 0.18 0.00 0.00 HOLD
39.912	>>> V 0.00 0.00
39.912	S 20236122 -0.18 0.18 0.00 0.00 HOLD
39.932	>>> V 0.00 0.00
39.932	S 20236142 -0.18 0.18 0.00 0.00 HOLD
39.951	>>> V 0.00 0.00
39.951	S 20236162 -0.18 0.18 0.00 0.00 HOLD
39.977	>>> V 0.00 0.00
39.979	S 20236182 -0.18 0.18 0.00 0.00 HOLD
39.992	>>> V 0.00 0.00
39.992	S 20236202 -0.18 0.18 0.00 0.00 HOLD
40.014	>>> V 0.00 0.00
40.015	S 20236222 -0.18 0.18 0.00 0.00 HOLD
40.034	>>> V 0.00 0.00
40.035	S 20236242 -0.18 0.18 0.00 0.00 HOLD
40.051	>>> V 0.00 0.00
40.051	S 20236262 -0.18 0.18 0.00 0.00 HOLD
40.074	>>> V 0.00 0.00
40.076	S 20236282 -0.18 0.18 0.00 0.00 HOLD
40.091	>>> V 0.00 0.00
40.091	S 20236302 -0.18 0.18 0.00 0.00 HOLD
40.112	>>> V 0.00 0.00
40.116	S 20236322 -0.18 0.18 0.00 0.00 HOLD
40.134	>>> V 0.00 0.00
40.135	S 20236342 -0.18 0.18 0.00 0.00 HOLD
40.152	>>> V 0.00 0.00
40.153	S 20236362 -0.18 0.18 0.00 0.00 HOLD
40.173	>>> V 0.00 0.00
40.174	S 20236382 -0.18 0.18 0.00 0.00 HOLD
40.191	>>> V 0.00 0.00
40.191	S 20236402 -0.18 0.18 0.00 0.00 HOLD
40.212	>>> V 0.00 0.00
40.213	S 20236422 -0.18 0.18 0.00 0.00 HOLD
40.233	>>> V 0.00 0.00
40.234	S 20236442 -0.18 0.18 0.00 0.00 HOLD
40.252	>>> V 0.00 0.00
40.253	S 20236462 -0.18 0.18 0.00 0.00 HOLD
40.272	>>> V 0.00 0.00
40.273	S 20236482 -0.18 0.09 0.00 0.00 HOLD
40.291	>>> V 0.00 0.00
40.291	S 20236502 -0.18 0.18 0.00 0.00 HOLD
40.316	>>> V 0.00 0.00
40.317	S 20236522 -0.18 0.18 0.00 0.00 HOLD
40.331	>>> V 0.00 0.00
40.332	S 20236542 -0.18 0.18 0.00 0.00 HOLD
40.352	>>> V 0.00 0.00
40.352	S 20236562 -0.18 0.18 0.00 0.00 HOLD
40.373	>>> V 0.00 0.00
40.374	S 20236582 -0.18 0.18 0.00 0.00 HOLD
40.392	>>> V 0.00 0.00
40.392	S 20236602 -0.18 0.18 0.00 0.00 HOLD
40.415	>>> V 0.00 0.00
40.415	S 20236622 -0.18 0.18 0.00 0.00 HOLD
40.430	>>> V 0.00 0.00
40.431	S 20236642 -0.18 0.18 0.00 0.00 HOLD
40.456	>>> V 0.00 0.00
40.457	S 20236662 -0.18 0.18 0.00 0.00 HOLD
40.471	>>> V 0.00 0.00
40.473	S 20236682 -0.18 0.18 0.00 0.00 HOLD
40.495	>>> V 0.00 0.00
40.495	S 20236702 -0.18 0.18 0.00 0.00 HOLD
40.513	>>> V 0.00 0.00
40.513	S 20236722 -0.18 0.18 0.00 0.00 HOLD
40.532	>>> V 0.00 0.00
40.532	S 20236742 -0.18 0.09 0.00 0.00 HOLD
40.552	>>> V 0.00 0.00
40.552	S 20236762 -0.18 0.18 0.00 0.00 HOLD
40.571	>>> V 0.00 0.00
40.571	S 20236782 -0.18 0.18 0.00 0.00 HOLD
40.597	>>> V 0.00 0.00
40.598	S 20236802 -0.18 0.18 0.00 0.00 HOLD
40.614	>>> V 0.00 0.00
40.615	S 20236822 -0.18 0.18 0.00 0.00 HOLD
40.631	>>> V 0.00 0.00
40.632	S 20236842 -0.18 0.18 0.00 0.00 HOLD
40.652	>>> V 0.00 0.00
40.653	S 20236862 -0.18 0.09 0.00 0.00 HOLD
40.671	>>> V 0.00 0.00
40.671	S 20236882 -0.18 0.18 0.00 0.00 HOLD
40.696	>>> V 0.00 0.00
40.698	S 20236902 -0.18 0.18 0.00 0.00 HOLD
40.715	>>> V 0.00 0.00
40.717	S 20236922 -0.18 0.18 0.00 0.00 HOLD
40.732	>>> V 0.00 0.00
40.733	S 20236942 -0.18 0.18 0.00 0.00 HOLD
40.755	>>> V 0.00 0.00
40.755	S 20236962 -0.18 0.18 0.00 0.00 HOLD
40.772	>>> V 0.00 0.00
40.773	S 20236982 -0.18 0.18 0.00 0.00 HOLD
40.796	>>> V 0.00 0.00
40.798	S 20237002 -0.18 0.18 0.00 0.00 HOLD
40.811	>>> V 0.00 0.00
40.812	S 20237022 -0.18 0.18 0.00 0.00 HOLD
40.831	>>> V 0.00 0.00
40.832	S 20237042 -0.18 0.18 0.00 0.00 HOLD
40.852	>>> V 0.00 0.00
40.853	S 20237062 -0.18 0.18 0.00 0.00 HOLD
40.871	>>> V 0.00 0.00
40.871	S 20237082 -0.18 0.18 0.00 0.00 HOLD
40.894	>>> V 0.00 0.00
40.896	S 20237102 -0.18 0.18 0.00 0.00 HOLD
40.914	>>> V 0.00 0.00
40.915	S 20237122 -0.18 0.18 0.00 0.00 HOLD
40.931	>>> V 0.00 0.00
40.932	S 20237142 -0.18 0.18 0.00 0.00 HOLD
40.953	>>> V 0.00 0.00
40.953	S 20237162 -0.18 0.18 0.00 0.00 HOLD
40.971	>>> V 0.00 0.00
40.971	S 20237182 -0.18 0.18 0.00 0.00 HOLD
40.994	>>> V 0.00 0.00
40.995	S 20237202 -0.18 0.18 0.00 0.00 HOLD
41.011	>>> V 0.00 0.00
41.011	S 20237222 -0.18 0.18 0.00 0.00 HOLD
41.032	>>> V 0.00 0.00
41.032	S 20237242 -0.18 0.18 0.00 0.00 HOLD
41.050	>>> V 0.00 0.00
41.051	S 20237262 -0.18 0.18 0.00 0.00 HOLD
41.071	>>> V 0.00 0.00
41.073	S 20237282 -0.18 0.18 0.00 0.00 HOLD
41.091	>>> V 0.00 0.00
41.093	S 20237302 -0.18 0.18 0.00 0.00 HOLD
41.114	>>> V 0.00 0.00
41.115	S 20237322 -0.18 0.18 0.00 0.00 HOLD
41.133	>>> V 0.00 0.00
41.133	S 20237342 -0.18 0.18 0.00 0.00 HOLD
41.151	>>> V 0.00 0.00
41.152	S 20237362 -0.18 0.18 0.00 0.00 HOLD
41.171	>>> V 0.00 0.00
41.173	S 20237382 -0.18 0.18 0.00 0.00 HOLD
41.190	>>> V 0.00 0.00
41.191	S 20237402 -0.18 0.18 0.00 0.00 HOLD
41.215	>>> V 0.00 0.00
41.216	S 20237422 -0.18 0.18 0.00 0.00 HOLD
41.236	>>> V 0.00 0.00
41.238	S 20237442 -0.18 0.18 0.00 0.00 HOLD
41.251	>>> V 0.00 0.00
41.252	S 20237462 -0.18 0.18 0.00 0.00 HOLD
41.273	>>> V 0.00 0.00
41.273	S 20237482 -0.18 0.18 0.00 0.00 HOLD
41.291	>>> V 0.00 0.00
41.291	S 20237502 -0.18 0.18 0.00 0.00 HOLD
41.314	>>> V 0.00 0.00
41.315	S 20237522 -0.18 0.18 0.00 0.00 HOLD
41.332	>>> V 0.00 0.00
41.334	S 20237542 -0.18 0.18 0.00 0.00 HOLD
41.351	>>> V 0.00 0.00
41.352	S 20237562 -0.18 0.18 0.00 0.00 HOLD
41.372	>>> V 0.00 0.00
41.373	S 20237582 -0.18 0.18 0.00 0.00 HOLD
41.391	>>> V 0.00 0.00
41.391	S 20237602 -0.18 0.18 0.00 0.00 HOLD
41.414	>>> V 0.00 0.00
41.415	S 20237622 -0.18 0.18 0.00 0.00 HOLD
41.433	>>> V 0.00 0.00
41.434	S 20237642 -0.18 0.18 0.00 0.00 HOLD
41.451	>>> V 0.00 0.00
41.452	S 20237662 -0.18 0.18 0.00 0.00 HOLD
41.472	>>> V 0.00 0.00
41.472	S 20237682 -0.18 0.18 0.00 0.00 HOLD
41.491	>>> V 0.00 0.00
41.491	S 20237702 -0.18 0.18 0.00 0.00 HOLD
41.512	>>> V 0.00 0.00
41.516	S 20237722 -0.18 0.18 0.00 0.00 HOLD
41.532	>>> V 0.00 0.00
41.534	S 20237742 -0.18 0.18 0.00 0.00 HOLD
41.551	>>> V 0.00 0.00
41.551	S 20237762 -0.18 0.18 0.00 0.00 HOLD
41.573	>>> V 0.00 0.00
41.573	S 20237782 -0.18 0.18 0.00 0.00 HOLD
41.591	>>> V 0.00 0.00
41.591	S 20237802 -0.18 0.18 0.00 0.00 HOLD
41.612	>>> V 0.00 0.00
41.613	S 20237822 -0.18 0.18 0.00 0.00 HOLD
41.634	>>> V 0.00 0.00
41.634	S 20237842 -0.18 0.18 0.00 0.00 HOLD
41.651	>>> V 0.00 0.00
41.651	S 20237862 -0.18 0.18 0.00 0.00 HOLD
41.671	>>> V 0.00 0.00
41.672	S 20237882 -0.18 0.18 0.00 0.00 HOLD
41.691	>>> V 0.00 0.00
41.691	S 20237902 -0.18 0.18 0.00 0.00 HOLD
41.713	>>> V 0.00 0.00
41.714	S 20237922 -0.18 0.18 0.00 0.00 HOLD
41.731	>>> V 0.00 0.00
41.732	S 20237942 -0.18 0.18 0.00 0.00 HOLD
41.752	>>> V 0.00 0.00
41.753	S 20237962 -0.18 0.18 0.00 0.00 HOLD
41.773	>>> V 0.00 0.00
41.774	S 20237982 -0.18 0.18 0.00 0.00 HOLD
41.791	>>> V 0.00 0.00
41.791	S 20238002 -0.18 0.18 0.00 0.00 HOLD
41.812	>>> V 0.00 0.00
41.815	S 20238022 -0.18 0.18 0.00 0.00 HOLD
41.832	>>> V 0.00 0.00
41.832	S 20238042 -0.18 0.18 0.00 0.00 HOLD
41.851	>>> V 0.00 0.00
41.852	S 20238062 -0.18 0.18 0.00 0.00 HOLD
41.872	>>> V 0.00 0.00
41.873	S 20238082 -0.18 0.18 0.00 0.00 HOLD
41.891	>>> V 0.00 0.00
41.892	S 20238102 -0.18 0.18 0.00 0.00 HOLD
41.916	>>> V 0.00 0.00
41.917	S 20238122 -0.18 0.18 0.00 0.00 HOLD
41.931	>>> V 0.00 0.00
41.931	S 20238142 -0.18 0.18 0.00 0.00 HOLD
41.952	>>> V 0.00 0.00
41.954	S 20238162 -0.18 0.09 0.00 0.00 HOLD
41.971	>>> V 0.00 0.00
41.972	S 20238182 -0.18 0.18 0.00 0.00 HOLD
41.991	>>> V 0.00 0.00
41.993	S 20238202 -0.18 0.18 0.00 0.00 HOLD
42.011	>>> V 0.00 0.00
42.011	S 20238222 -0.18 0.18 0.00 0.00 HOLD
42.031	>>> V 0.00 0.00
42.031	S 20238242 -0.18 0.18 0.00 0.00 HOLD
42.051	>>> V 0.00 0.00
42.052	S 20238262 -0.18 0.18 0.00 0.00 HOLD
42.071	>>> V 0.00 0.00
42.071	S 20238282 -0.18 0.18 0.00 0.00 HOLD
42.092	>>> V 0.00 0.00
42.093	S 20238302 -0.18 0.18 0.00 0.00 HOLD
42.112	>>> V 0.00 0.00
42.112	S 20238322 -0.18 0.18 0.00 0.00 HOLD
42.132	>>> V 0.00 0.00
42.135	S 20238342 -0.18 0.09 0.00 0.00 HOLD
42.151	>>> V 0.00 0.00
42.152	S 20238362 -0.18 0.18 0.00 0.00 HOLD
42.171	>>> V 0.00 0.00
42.172	S 20238382 -0.18 0.18 0.00 0.00 HOLD
42.191	>>> V 0.00 0.00
42.191	S 20238402 -0.18 0.09 0.00 0.00 HOLD
42.211	>>> V 0.00 0.00
42.212	S 20238422 -0.18 0.18 0.00 0.00 HOLD
42.231	>>> V 0.00 0.00
42.233	S 20238442 -0.18 0.18 0.00 0.00 HOLD
42.252	>>> V 0.00 0.00
42.253	S 20238462 -0.18 0.18 0.00 0.00 HOLD
42.271	>>> V 0.00 0.00
42.271	S 20238482 -0.18 0.18 0.00 0.00 HOLD
42.291	>>> V 0.00 0.00
42.292	S 20238502 -0.18 0.18 0.00 0.00 HOLD
42.312	>>> V 0.00 0.00
42.314	S 20238522 -0.18 0.18 0.00 0.00 HOLD
42.332	>>> V 0.00 0.00
42.332	S 20238542 -0.18 0.18 0.00 0.00 HOLD
42.352	>>> V 0.00 0.00
42.353	S 20238562 -0.18 0.18 0.00 0.00 HOLD
42.371	>>> V 0.00 0.00
42.371	S 20238582 -0.18 0.18 0.00 0.00 HOLD
42.391	>>> V 0.00 0.00
42.392	S 20238602 -0.18 0.18 0.00 0.00 HOLD
42.411	>>> V 0.00 0.00
42.411	S 20238622 -0.18 0.18 0.00 0.00 HOLD
42.431	>>> V 0.00 0.00
42.431	S 20238642 -0.18 0.18 0.00 0.00 HOLD
42.453	>>> V 0.00 0.00
42.453	S 20238662 -0.18 0.18 0.00 0.00 HOLD
42.471	>>> V 0.00 0.00
42.472	S 20238682 -0.18 0.18 0.00 0.00 HOLD
42.491	>>> V 0.00 0.00
42.492	S 20238702 -0.18 0.18 0.00 0.00 HOLD
42.511	>>> V 0.00 0.00
42.513	S 20238722 -0.18 0.18 0.00 0.00 HOLD
42.535	>>> V 0.00 0.00
42.536	S 20238742 -0.18 0.18 0.00 0.00 HOLD
42.555	>>> V 0.00 0.00
42.556	S 20238762 -0.18 0.18 0.00 0.00 HOLD
42.571	>>> V 0.00 0.00
42.574	S 20238782 -0.18 0.18 0.00 0.00 HOLD
42.594	>>> V 0.00 0.00
42.594	S 20238802 -0.18 0.18 0.00 0.00 HOLD
42.616	>>> V 0.00 0.00
42.616	S 20238822 -0.18 0.18 0.00 0.00 HOLD
42.635	>>> V 0.00 0.00
42.636	S 20238842 -0.18 0.18 0.00 0.00 HOLD
42.653	>>> V 0.00 0.00
42.653	S 20238862 -0.18 0.09 0.00 0.00 HOLD
42.671	>>> V 0.00 0.00
42.674	S 20238882 -0.18 0.18 0.00 0.00 HOLD
42.691	>>> V 0.00 0.00
42.691	S 20238902 -0.18 0.18 0.00 0.00 HOLD
42.712	>>> V 0.00 0.00
42.712	S 20238922 -0.18 0.18 0.00 0.00 HOLD
42.731	>>> V 0.00 0.00
42.731	S 20238942 -0.18 0.18 0.00 0.00 HOLD
42.753	>>> V 0.00 0.00
42.754	S 20238962 -0.18 0.09 0.00 0.00 HOLD
42.771	>>> V 0.00 0.00
42.772	S 20238982 -0.18 0.18 0.00 0.00 HOLD
42.794	>>> V 0.00 0.00
42.794	S 20239002 -0.18 0.18 0.00 0.00 HOLD
42.812	>>> V 0.00 0.00
42.813	S 20239022 -0.18 0.18 0.00 0.00 HOLD
42.831	>>> V 0.00 0.00
42.831	S 20239042 -0.18 0.18 0.00 0.00 HOLD
42.852	>>> V 0.00 0.00
42.852	S 20239062 -0.18 0.18 0.00 0.00 HOLD
42.871	>>> V 0.00 0.00
42.871	S 20239082 -0.18 0.18 0.00 0.00 HOLD
42.894	>>> V 0.00 0.00
42.896	S 20239102 -0.18 0.18 0.00 0.00 HOLD
42.911	>>> V 0.00 0.00
42.911	S 20239122 -0.18 0.18 0.00 0.00 HOLD
42.933	>>> V 0.00 0.00
42.936	S 20239142 -0.18 0.18 0.00 0.00 HOLD
42.952	>>> V 0.00 0.00
42.952	S 20239162 -0.18 0.18 0.00 0.00 HOLD
42.972	>>> V 0.00 0.00
42.972	S 20239182 -0.18 0.18 0.00 0.00 HOLD
42.993	>>> V 0.00 0.00
42.994	S 20239202 -0.18 0.18 0.00 0.00 HOLD
43.011	>>> V 0.00 0.00
43.011	S 20239222 -0.18 0.18 0.00 0.00 HOLD
43.033	>>> V 0.00 0.00
43.034	S 20239242 -0.18 0.18 0.00 0.00 HOLD
43.054	>>> V 0.00 0.00
43.055	S 20239262 -0.18 0.09 0.00 0.00 HOLD
43.071	>>> V 0.00 0.00
43.072	S 20239282 -0.18 0.18 0.00 0.00 HOLD
43.091	>>> V 0.00 0.00
43.092	S 20239302 -0.18 0.09 0.00 0.00 HOLD
43.111	>>> V 0.00 0.00
43.111	S 20239322 -0.18 0.18 0.00 0.00 HOLD
43.135	>>> V 0.00 0.00
43.135	S 20239342 -0.18 0.18 0.00 0.00 HOLD
43.151	>>> V 0.00 0.00
43.153	S 20239362 -0.18 0.09 0.00 0.00 HOLD
43.172	>>> V 0.00 0.00
43.173	S 20239382 -0.18 0.18 0.00 0.00 HOLD
43.195	>>> V 0.00 0.00
43.196	S 20239402 -0.18 0.18 0.00 0.00 HOLD
43.211	>>> V 0.00 0.00
43.211	S 20239422 -0.18 0.18 0.00 0.00 HOLD
43.232	>>> V 0.00 0.00
43.233	S 20239442 -0.18 0.18 0.00 0.00 HOLD
43.251	>>> V 0.00 0.00
43.251	S 20239462 -0.18 0.18 0.00 0.00 HOLD
43.273	>>> V 0.00 0.00
43.275	S 20239482 -0.18 0.18 0.00 0.00 HOLD
43.295	>>> V 0.00 0.00
43.296	S 20239502 -0.18 0.18 0.00 0.00 HOLD
43.313	>>> V 0.00 0.00
43.313	S 20239522 -0.18 0.18 0.00 0.00 HOLD
43.333	>>> V 0.00 0.00
43.334	S 20239542 -0.18 0.18 0.00 0.00 HOLD
43.354	>>> V 0.00 0.00
43.355	S 20239562 -0.18 0.18 0.00 0.00 HOLD
43.372	>>> V 0.00 0.00
43.373	S 20239582 -0.18 0.18 0.00 0.00 HOLD
43.395	>>> V 0.00 0.00
43.396	S 20239602 -0.18 0.18 0.00 0.00 HOLD
43.412	>>> V 0.00 0.00
43.412	S 20239622 -0.18 0.09 0.00 0.00 HOLD
43.432	>>> V 0.00 0.00
43.434	S 20239642 -0.18 0.18 0.00 0.00 HOLD
43.454	>>> V 0.00 0.00
43.456	S 20239662 -0.18 0.18 0.00 0.00 HOLD
43.471	>>> V 0.00 0.00
43.471	S 20239682 -0.18 0.18 0.00 0.00 HOLD
43.493	>>> V 0.00 0.00
43.494	S 20239702 -0.18 0.18 0.00 0.00 HOLD
43.511	>>> V 0.00 0.00
43.512	S 20239722 -0.18 0.18 0.00 0.00 HOLD
43.532	>>> V 0.00 0.00
43.534	S 20239742 -0.18 0.18 0.00 0.00 HOLD
43.551	>>> V 0.00 0.00
43.553	S 20239762 -0.18 0.18 0.00 0.00 HOLD
43.572	>>> V 0.00 0.00
43.572	S 20239782 -0.18 0.18 0.00 0.00 HOLD
43.594	>>> V 0.00 0.00
43.595	S 20239802 -0.18 0.18 0.00 0.00 HOLD
43.611	>>> V 0.00 0.00
43.612	S 20239822 -0.18 0.18 0.00 0.00 HOLD
43.633	>>> V 0.00 0.00
43.633	S 20239842 -0.18 0.18 0.00 0.00 HOLD
43.653	>>> V 0.00 0.00
43.654	S 20239862 -0.18 0.18 0.00 0.00 HOLD
43.671	>>> V 0.00 0.00
43.672	S 20239882 -0.18 0.18 0.00 0.00 HOLD
43.697	>>> V 0.00 0.00
43.698	S 20239902 -0.18 0.18 0.00 0.00 HOLD
43.713	>>> V 0.00 0.00
43.717	S 20239922 -0.18 0.18 0.00 0.00 HOLD
43.732	>>> V 0.00 0.00
43.732	S 20239942 -0.18 0.18 0.00 0.00 HOLD
43.751	>>> V 0.00 0.00
43.752	S 20239962 -0.18 0.18 0.00 0.00 HOLD
43.771	>>> V 0.00 0.00
43.771	S 20239982 -0.18 0.18 0.00 0.00 HOLD
43.793	>>> V 0.00 0.00
43.794	S 20240002 -0.18 0.18 0.00 0.00 HOLD
43.811	>>> V 0.00 0.00
43.811	S 20240023 -0.18 0.18 0.00 0.00 HOLD
43.834	>>> V 0.00 0.00
43.834	S 20240043 -0.18 0.18 0.00 0.00 HOLD
43.853	>>> V 0.00 0.00
43.853	S 20240063 -0.18 0.18 0.00 0.00 HOLD
43.871	>>> V 0.00 0.00
43.872	S 20240083 -0.18 0.18 0.00 0.00 HOLD
43.892	>>> V 0.00 0.00
43.893	S 20240103 -0.18 0.18 0.00 0.00 HOLD
43.912	>>> V 0.00 0.00
43.912	S 20240123 -0.18 0.18 0.00 0.00 HOLD
43.934	>>> V 0.00 0.00
43.934	S 20240143 -0.18 0.18 0.00 0.00 HOLD
43.952	>>> V 0.00 0.00
43.953	S 20240163 -0.18 0.18 0.00 0.00 HOLD
43.971	>>> V 0.00 0.00
43.971	S 20240183 -0.18 0.18 0.00 0.00 HOLD
43.991	>>> V 0.00 0.00
43.992	S 20240203 -0.18 0.18 0.00 0.00 HOLD
44.011	>>> V 0.00 0.00
44.011	S 20240223 -0.18 0.18 0.00 0.00 HOLD
44.034	>>> V 0.00 0.00
44.036	S 20240243 -0.18 0.18 0.00 0.00 HOLD
44.051	>>> V 0.00 0.00
44.054	S 20240263 -0.18 0.18 0.00 0.00 HOLD
44.071	>>> V 0.00 0.00
44.071	S 20240283 -0.18 0.18 0.00 0.00 HOLD
44.092	>>> V 0.00 0.00
44.096	S 20240303 -0.18 0.18 0.00 0.00 HOLD
44.112	>>> V 0.00 0.00
44.112	S 20240323 -0.18 0.18 0.00 0.00 HOLD
44.131	>>> V 0.00 0.00
44.132	S 20240343 -0.18 0.18 0.00 0.00 HOLD
44.154	>>> V 0.00 0.00
44.155	S 20240363 -0.18 0.18 0.00 0.00 HOLD
44.174	>>> V 0.00 0.00
44.175	S 20240383 -0.18 0.09 0.00 0.00 HOLD
44.193	>>> V 0.00 0.00
44.194	S 20240403 -0.18 0.18 0.00 0.00 HOLD
44.213	>>> V 0.00 0.00
44.214	S 20240423 -0.18 0.18 0.00 0.00 HOLD
44.231	>>> V 0.00 0.00
44.234	S 20240443 -0.18 0.18 0.00 0.00 HOLD
44.252	>>> V 0.00 0.00
44.252	S 20240463 -0.18 0.18 0.00 0.00 HOLD
44.271	>>> V 0.00 0.00
44.272	S 20240483 -0.18 0.18 0.00 0.00 HOLD
44.292	>>> V 0.00 0.00
44.293	S 20240503 -0.18 0.18 0.00 0.00 HOLD
44.311	>>> V 0.00 0.00
44.313	S 20240523 -0.18 0.18 0.00 0.00 HOLD
44.331	>>> V 0.00 0.00
44.332	S 20240543 -0.18 0.18 0.00 0.00 HOLD
44.353	>>> V 0.00 0.00
44.354	S 20240563 -0.18 0.18 0.00 0.00 HOLD
44.373	>>> V 0.00 0.00
44.377	S 20240583 -0.18 0.18 0.00 0.00 HOLD
44.391	>>> V 0.00 0.00
44.391	S 20240603 -0.18 0.18 0.00 0.00 HOLD
44.411	>>> V 0.00 0.00
44.412	S 20240623 -0.18 0.18 0.00 0.00 HOLD
44.431	>>> V 0.00 0.00
44.431	S 20240643 -0.18 0.18 0.00 0.00 HOLD
44.453	>>> V 0.00 0.00
44.453	S 20240663 -0.18 0.18 0.00 0.00 HOLD
44.471	>>> V 0.00 0.00
44.472	S 20240683 -0.18 0.18 0.00 0.00 HOLD
44.492	>>> V 0.00 0.00
44.493	S 20240703 -0.18 0.18 0.00 0.00 HOLD
44.512	>>> V 0.00 0.00
44.512	S 20240723 -0.18 0.18 0.00 0.00 HOLD
44.531	>>> V 0.00 0.00
44.532	S 20240743 -0.18 0.09 0.00 0.00 HOLD
44.553	>>> V 0.00 0.00
44.554	S 20240763 -0.18 0.18 0.00 0.00 HOLD
44.571	>>> V 0.00 0.00
44.571	S 20240783 -0.18 0.18 0.00 0.00 HOLD
44.592	>>> V 0.00 0.00
44.595	S 20240803 -0.18 0.18 0.00 0.00 HOLD
44.612	>>> V 0.00 0.00
44.614	S 20240823 -0.18 0.18 0.00 0.00 HOLD
44.632	>>> V 0.00 0.00
44.633	S 20240843 -0.18 0.18 0.00 0.00 HOLD
44.652	>>> V 0.00 0.00
44.652	S 20240863 -0.18 0.18 0.00 0.00 HOLD
44.671	>>> V 0.00 0.00
44.672	S 20240883 -0.18 0.09 0.00 0.00 HOLD
44.692	>>> V 0.00 0.00
44.693	S 20240903 -0.18 0.18 0.00 0.00 HOLD
44.711	>>> V 0.00 0.00
44.712	S 20240923 -0.18 0.18 0.00 0.00 HOLD
44.731	>>> V 0.00 0.00
44.732	S 20240943 -0.18 0.18 0.00 0.00 HOLD
44.754	>>> V 0.00 0.00
44.755	S 20240963 -0.18 0.18 0.00 0.00 HOLD
44.773	>>> V 0.00 0.00
44.773	S 20240983 -0.18 0.18 0.00 0.00 HOLD
44.792	>>> V 0.00 0.00
44.794	S 20241003 -0.18 0.18 0.00 0.00 HOLD
44.817	>>> V 0.00 0.00
44.818	S 20241023 -0.18 0.18 0.00 0.00 HOLD
44.832	>>> V 0.00 0.00
44.833	S 20241043 -0.18 0.18 0.00 0.00 HOLD
44.851	>>> V 0.00 0.00
44.852	S 20241063 -0.18 0.18 0.00 0.00 HOLD
44.871	>>> V 0.00 0.00
44.872	S 20241083 -0.18 0.18 0.00 0.00 HOLD
44.891	>>> V 0.00 0.00
44.892	S 20241103 -0.18 0.18 0.00 0.00 HOLD
44.914	>>> V 0.00 0.00
44.915	S 20241123 -0.18 0.18 0.00 0.00 HOLD
44.935	>>> V 0.00 0.00
44.935	S 20241143 -0.18 0.18 0.00 0.00 HOLD
44.954	>>> V 0.00 0.00
44.954	S 20241163 -0.18 0.18 0.00 0.00 HOLD
44.971	>>> V 0.00 0.00
44.972	S 20241183 -0.18 0.09 0.00 0.00 HOLD
44.991	>>> V 0.00 0.00
44.992	S 20241203 -0.18 0.18 0.00 0.00 HOLD
45.012	>>> V 0.00 0.00
45.013	S 20241223 -0.18 0.18 0.00 0.00 HOLD
45.033	>>> V 0.00 0.00
45.034	S 20241243 -0.18 0.09 0.00 0.00 HOLD
45.052	>>> V 0.00 0.00
45.055	S 20241263 -0.18 0.18 0.00 0.00 HOLD
45.071	>>> V 0.00 0.00
45.072	S 20241283 -0.18 0.18 0.00 0.00 HOLD
45.091	>>> V 0.00 0.00
45.092	S 20241303 -0.18 0.18 0.00 0.00 HOLD
45.112	>>> V 0.00 0.00
45.113	S 20241323 -0.18 0.18 0.00 0.00 HOLD
45.131	>>> V 0.00 0.00
45.131	S 20241343 -0.18 0.18 0.00 0.00 HOLD
45.152	>>> V 0.00 0.00
45.153	S 20241363 -0.18 0.18 0.00 0.00 HOLD
45.171	>>> V 0.00 0.00
45.171	S 20241383 -0.18 0.18 0.00 0.00 HOLD
45.191	>>> V 0.00 0.00
45.193	S 20241403 -0.18 0.18 0.00 0.00 HOLD
45.212	>>> V 0.00 0.00
45.213	S 20241423 -0.18 0.09 0.00 0.00 HOLD
45.231	>>> V 0.00 0.00
45.234	S 20241443 -0.18 0.09 0.00 0.00 HOLD
45.253	>>> V 0.00 0.00
45.254	S 20241463 -0.18 0.18 0.00 0.00 HOLD
45.271	>>> V 0.00 0.00
45.271	S 20241483 -0.18 0.18 0.00 0.00 HOLD
45.291	>>> V 0.00 0.00
45.291	S 20241503 -0.18 0.18 0.00 0.00 HOLD
45.313	>>> V 0.00 0.00
45.314	S 20241523 -0.18 0.18 0.00 0.00 HOLD
45.334	>>> V 0.00 0.00
45.334	S 20241543 -0.18 0.18 0.00 0.00 HOLD
45.353	>>> V 0.00 0.00
45.354	S 20241563 -0.18 0.18 0.00 0.00 HOLD
45.373	>>> V 0.00 0.00
45.374	S 20241583 -0.18 0.18 0.00 0.00 HOLD
45.391	>>> V 0.00 0.00
45.392	S 20241603 -0.18 0.18 0.00 0.00 HOLD
45.416	>>> V 0.00 0.00
45.417	S 20241623 -0.18 0.18 0.00 0.00 HOLD
45.431	>>> V 0.00 0.00
45.432	S 20241643 -0.18 0.18 0.00 0.00 HOLD
45.453	>>> V 0.00 0.00
45.454	S 20241663 -0.18 0.18 0.00 0.00 HOLD
45.476	>>> V 0.00 0.00
45.479	S 20241683 -0.18 0.18 0.00 0.00 HOLD
45.492	>>> V 0.00 0.00
45.493	S 20241703 -0.18 0.18 0.00 0.00 HOLD
45.519	>>> V 0.00 0.00
45.520	S 20241723 -0.18 0.09 0.00 0.00 HOLD
45.534	>>> V 0.00 0.00
45.535	S 20241743 -0.18 0.18 0.00 0.00 HOLD
45.554	>>> V 0.00 0.00
45.554	S 20241763 -0.18 0.18 0.00 0.00 HOLD
45.571	>>> V 0.00 0.00
45.572	S 20241783 -0.18 0.18 0.00 0.00 HOLD
45.592	>>> V 0.00 0.00
45.593	S 20241803 -0.18 0.18 0.00 0.00 HOLD
45.614	>>> V 0.00 0.00
45.614	S 20241823 -0.18 0.18 0.00 0.00 HOLD
45.631	>>> V 0.00 0.00
45.631	S 20241843 -0.18 0.18 0.00 0.00 HOLD
45.658	>>> V 0.00 0.00
45.660	S 20241863 -0.18 0.18 0.00 0.00 HOLD
45.678	>>> V 0.00 0.00
45.678	S 20241883 -0.18 0.18 0.00 0.00 HOLD
45.692	>>> V 0.00 0.00
45.692	S 20241903 -0.18 0.18 0.00 0.00 HOLD
45.712	>>> V 0.00 0.00
45.712	S 20241923 -0.18 0.18 0.00 0.00 HOLD
45.731	>>> V 0.00 0.00
45.731	S 20241943 -0.18 0.18 0.00 0.00 HOLD
45.755	>>> V 0.00 0.00
45.756	S 20241963 -0.18 0.18 0.00 0.00 HOLD
45.772	>>> V 0.00 0.00
45.773	S 20241983 -0.18 0.18 0.00 0.00 HOLD
45.791	>>> V 0.00 0.00
45.792	S 20242003 -0.18 0.18 0.00 0.00 HOLD
45.814	>>> V 0.00 0.00
45.815	S 20242023 -0.18 0.18 0.00 0.00 HOLD
45.832	>>> V 0.00 0.00
45.832	S 20242043 -0.18 0.18 0.00 0.00 HOLD
45.851	>>> V 0.00 0.00
45.853	S 20242063 -0.18 0.18 0.00 0.00 HOLD
45.870	>>> V 0.00 0.00
45.871	S 20242083 -0.18 0.18 0.00 0.00 HOLD
45.891	>>> V 0.00 0.00
45.891	S 20242103 -0.18 0.18 0.00 0.00 HOLD
45.918	>>> V 0.00 0.00
45.920	S 20242123 -0.18 0.18 0.00 0.00 HOLD
45.931	>>> V 0.00 0.00
45.931	S 20242143 -0.18 0.18 0.00 0.00 HOLD
45.953	>>> V 0.00 0.00
45.954	S 20242163 -0.18 0.18 0.00 0.00 HOLD
45.971	>>> V 0.00 0.00
45.972	S 20242183 -0.18 0.18 0.00 0.00 HOLD
45.991	>>> V 0.00 0.00
45.991	S 20242203 -0.18 0.18 0.00 0.00 HOLD
46.013	>>> V 0.00 0.00
46.014	S 20242223 -0.18 0.18 0.00 0.00 HOLD
46.032	>>> V 0.00 0.00
46.032	S 20242243 -0.18 0.18 0.00 0.00 HOLD
46.051	>>> V 0.00 0.00
46.051	S 20242263 -0.18 0.18 0.00 0.00 HOLD
46.072	>>> V 0.00 0.00
46.072	S 20242283 -0.18 0.18 0.00 0.00 HOLD
46.091	>>> V 0.00 0.00
46.091	S 20242303 -0.18 0.18 0.00 0.00 HOLD
46.120	>>> V 0.00 0.00
46.120	S 20242323 -0.18 0.09 0.00 0.00 HOLD
46.133	>>> V 0.00 0.00
46.135	S 20242343 -0.18 0.18 0.00 0.00 HOLD
46.154	>>> V 0.00 0.00
46.155	S 20242363 -0.18 0.18 0.00 0.00 HOLD
46.171	>>> V 0.00 0.00
46.173	S 20242383 -0.18 0.18 0.00 0.00 HOLD
46.192	>>> V 0.00 0.00
46.193	S 20242403 -0.18 0.18 0.00 0.00 HOLD
46.220	>>> V 0.00 0.00
46.221	S 20242423 -0.18 0.18 0.00 0.00 HOLD
46.232	>>> V 0.00 0.00
46.232	S 20242443 -0.18 0.18 0.00 0.00 HOLD
46.255	>>> V 0.00 0.00
46.256	S 20242463 -0.18 0.18 0.00 0.00 HOLD
46.275	>>> V 0.00 0.00
46.276	S 20242483 -0.18 0.18 0.00 0.00 HOLD
46.291	>>> V 0.00 0.00
46.291	S 20242503 -0.18 0.18 0.00 0.00 HOLD
46.313	>>> V 0.00 0.00
46.313	S 20242523 -0.18 0.18 0.00 0.00 HOLD
46.331	>>> V 0.00 0.00
46.331	S 20242543 -0.18 0.18 0.00 0.00 HOLD
46.354	>>> V 0.00 0.00
46.355	S 20242563 -0.18 0.18 0.00 0.00 HOLD
46.373	>>> V 0.00 0.00
46.373	S 20242583 -0.18 0.18 0.00 0.00 HOLD
46.391	>>> V 0.00 0.00
46.391	S 20242603 -0.18 0.18 0.00 0.00 HOLD
46.416	>>> V 0.00 0.00
46.417	S 20242623 -0.18 0.18 0.00 0.00 HOLD
46.431	>>> V 0.00 0.00
46.431	S 20242643 -0.18 0.18 0.00 0.00 HOLD
46.456	>>> V 0.00 0.00
46.457	S 20242663 -0.18 0.18 0.00 0.00 HOLD
46.472	>>> V 0.00 0.00
46.473	S 20242683 -0.18 0.18 0.00 0.00 HOLD
46.493	>>> V 0.00 0.00
46.494	S 20242703 -0.18 0.18 0.00 0.00 HOLD
46.511	>>> V 0.00 0.00
46.511	S 20242723 -0.18 0.18 0.00 0.00 HOLD
46.531	>>> V 0.00 0.00
46.532	S 20242743 -0.18 0.18 0.00 0.00 HOLD
46.552	>>> V 0.00 0.00
46.553	S 20242763 -0.18 0.18 0.00 0.00 HOLD
46.571	>>> V 0.00 0.00
46.571	S 20242783 -0.18 0.18 0.00 0.00 HOLD
46.592	>>> V 0.00 0.00
46.594	S 20242803 -0.18 0.18 0.00 0.00 HOLD
46.615	>>> V 0.00 0.00
46.617	S 20242823 -0.18 0.18 0.00 0.00 HOLD
46.632	>>> V 0.00 0.00
46.633	S 20242843 -0.18 0.18 0.00 0.00 HOLD
46.653	>>> V 0.00 0.00
46.656	S 20242863 -0.18 0.18 0.00 0.00 HOLD
46.671	>>> V 0.00 0.00
46.672	S 20242883 -0.18 0.18 0.00 0.00 HOLD
46.692	>>> V 0.00 0.00
46.694	S 20242903 -0.18 0.18 0.00 0.00 HOLD
46.717	>>> V 0.00 0.00
46.718	S 20242923 -0.18 0.18 0.00 0.00 HOLD
46.733	>>> V 0.00 0.00
46.734	S 20242943 -0.18 0.18 0.00 0.00 HOLD
46.754	>>> V 0.00 0.00
46.755	S 20242963 -0.18 0.18 0.00 0.00 HOLD
46.772	>>> V 0.00 0.00
46.772	S 20242983 -0.18 0.18 0.00 0.00 HOLD
46.792	>>> V 0.00 0.00
46.794	S 20243003 -0.18 0.18 0.00 0.00 HOLD
46.811	>>> V 0.00 0.00
46.812	S 20243023 -0.18 0.09 0.00 0.00 HOLD
46.831	>>> V 0.00 0.00
46.831	S 20243043 -0.18 0.18 0.00 0.00 HOLD
46.854	>>> V 0.00 0.00
46.855	S 20243063 -0.18 0.18 0.00 0.00 HOLD
46.871	>>> V 0.00 0.00
46.872	S 20243083 -0.18 0.09 0.00 0.00 HOLD
46.892	>>> V 0.00 0.00
46.892	S 20243103 -0.18 0.18 0.00 0.00 HOLD
46.911	>>> V 0.00 0.00
46.912	S 20243123 -0.18 0.18 0.00 0.00 HOLD
46.931	>>> V 0.00 0.00
46.931	S 20243143 -0.18 0.18 0.00 0.00 HOLD
46.953	>>> V 0.00 0.00
46.953	S 20243163 -0.18 0.18 0.00 0.00 HOLD
46.971	>>> V 0.00 0.00
46.971	S 20243183 -0.18 0.18 0.00 0.00 HOLD
46.991	>>> V 0.00 0.00
46.991	S 20243203 -0.18 0.18 0.00 0.00 HOLD
47.013	>>> V 0.00 0.00
47.014	S 20243223 -0.18 0.18 0.00 0.00 HOLD
47.031	>>> V 0.00 0.00
47.031	S 20243243 -0.18 0.18 0.00 0.00 HOLD
47.053	>>> V 0.00 0.00
47.054	S 20243263 -0.18 0.18 0.00 0.00 HOLD
47.072	>>> V 0.00 0.00
47.072	S 20243283 -0.18 0.18 0.00 0.00 HOLD
47.091	>>> V 0.00 0.00
47.091	S 20243303 -0.18 0.18 0.00 0.00 HOLD
47.111	>>> V 0.00 0.00
47.112	S 20243323 -0.18 0.18 0.00 0.00 HOLD
47.131	>>> V 0.00 0.00
47.131	S 20243343 -0.18 0.18 0.00 0.00 HOLD
47.154	>>> V 0.00 0.00
47.155	S 20243363 -0.18 0.18 0.00 0.00 HOLD
47.171	>>> V 0.00 0.00
47.171	S 20243383 -0.18 0.18 0.00 0.00 HOLD
47.191	>>> V 0.00 0.00
47.192	S 20243403 -0.18 0.18 0.00 0.00 HOLD
47.212	>>> V 0.00 0.00
47.212	S 20243423 -0.18 0.18 0.00 0.00 HOLD
47.232	>>> V 0.00 0.00
47.232	S 20243443 -0.18 0.18 0.00 0.00 HOLD
47.252	>>> V 0.00 0.00
47.254	S 20243463 -0.18 0.18 0.00 0.00 HOLD
47.271	>>> V 0.00 0.00
47.272	S 20243483 -0.18 0.18 0.00 0.00 HOLD
47.292	>>> V 0.00 0.00
47.292	S 20243503 -0.18 0.18 0.00 0.00 HOLD
47.311	>>> V 0.00 0.00
47.312	S 20243523 -0.18 0.18 0.00 0.00 HOLD
47.331	>>> V 0.00 0.00
47.331	S 20243543 -0.18 0.18 0.00 0.00 HOLD
47.352	>>> V 0.00 0.00
47.353	S 20243563 -0.18 0.09 0.00 0.00 HOLD
47.371	>>> V 0.00 0.00
47.371	S 20243583 -0.18 0.18 0.00 0.00 HOLD
47.391	>>> V 0.00 0.00
47.391	S 20243603 -0.18 0.18 0.00 0.00 HOLD
47.412	>>> V 0.00 0.00
47.412	S 20243623 -0.18 0.09 0.00 0.00 HOLD
47.431	>>> V 0.00 0.00
47.431	S 20243643 -0.18 0.18 0.00 0.00 HOLD
47.454	>>> V 0.00 0.00
47.454	S 20243663 -0.18 0.09 0.00 0.00 HOLD
47.471	>>> V 0.00 0.00
47.473	S 20243683 -0.18 0.18 0.00 0.00 HOLD
47.493	>>> V 0.00 0.00
47.494	S 20243703 -0.18 0.18 0.00 0.00 HOLD
47.514	>>> V 0.00 0.00
47.514	S 20243723 -0.18 0.18 0.00 0.00 HOLD
47.531	>>> V 0.00 0.00
47.531	S 20243743 -0.18 0.18 0.00 0.00 HOLD
47.557	>>> V 0.00 0.00
47.558	S 20243763 -0.18 0.18 0.00 0.00 HOLD
47.571	>>> V 0.00 0.00
47.571	S 20243783 -0.18 0.18 0.00 0.00 HOLD
47.593	>>> V 0.00 0.00
47.594	S 20243803 -0.18 0.18 0.00 0.00 HOLD
47.611	>>> V 0.00 0.00
47.613	S 20243823 -0.18 0.18 0.00 0.00 HOLD
47.631	>>> V 0.00 0.00
47.634	S 20243843 -0.18 0.18 0.00 0.00 HOLD
47.652	>>> V 0.00 0.00
47.652	S 20243863 -0.18 0.18 0.00 0.00 HOLD
47.671	>>> V 0.00 0.00
47.671	S 20243883 -0.18 0.18 0.00 0.00 HOLD
47.696	>>> V 0.00 0.00
47.696	S 20243903 -0.18 0.18 0.00 0.00 HOLD
47.711	>>> V 0.00 0.00
47.712	S 20243923 -0.18 0.18 0.00 0.00 HOLD
47.731	>>> V 0.00 0.00
47.731	S 20243943 -0.18 0.18 0.00 0.00 HOLD
47.753	>>> V 0.00 0.00
47.754	S 20243963 -0.18 0.09 0.00 0.00 HOLD
47.771	>>> V 0.00 0.00
47.772	S 20243983 -0.18 0.09 0.00 0.00 HOLD
47.791	>>> V 0.00 0.00
47.791	S 20244003 -0.18 0.18 0.00 0.00 HOLD
47.811	>>> V 0.00 0.00
47.811	S 20244023 -0.18 0.09 0.00 0.00 HOLD
47.831	>>> V 0.00 0.00
47.831	S 20244043 -0.18 0.18 0.00 0.00 HOLD
47.859	>>> V 0.00 0.00
47.860	S 20244063 -0.18 0.18 0.00 0.00 HOLD
47.879	>>> V 0.00 0.00
47.880	S 20244083 -0.18 0.18 0.00 0.00 HOLD
47.890	>>> V 0.00 0.00
47.892	S 20244103 -0.18 0.18 0.00 0.00 HOLD
47.919	>>> V 0.00 0.00
47.920	S 20244123 -0.18 0.18 0.00 0.00 HOLD
47.931	>>> V 0.00 0.00
47.931	S 20244143 -0.18 0.18 0.00 0.00 HOLD
47.955	>>> V 0.00 0.00
47.955	S 20244163 -0.18 0.18 0.00 0.00 HOLD
47.971	>>> V 0.00 0.00
47.972	S 20244183 -0.18 0.18 0.00 0.00 HOLD
47.992	>>> V 0.00 0.00
47.992	S 20244203 -0.18 0.18 0.00 0.00 HOLD
48.019	>>> V 0.00 0.00
48.020	S 20244223 -0.18 0.18 0.00 0.00 HOLD
48.032	>>> V 0.00 0.00
48.032	S 20244243 -0.18 0.18 0.00 0.00 HOLD
48.052	>>> V 0.00 0.00
48.054	S 20244263 -0.18 0.18 0.00 0.00 HOLD
48.072	>>> V 0.00 0.00
48.072	S 20244283 -0.18 0.18 0.00 0.00 HOLD
48.092	>>> V 0.00 0.00
48.093	S 20244303 -0.18 0.18 0.00 0.00 HOLD
48.120	>>> V 0.00 0.00
48.120	S 20244323 -0.18 0.18 0.00 0.00 HOLD
48.131	>>> V 0.00 0.00
48.134	S 20244343 -0.18 0.18 0.00 0.00 HOLD
48.155	>>> V 0.00 0.00
48.156	S 20244363 -0.18 0.09 0.00 0.00 HOLD
48.171	>>> V 0.00 0.00
48.172	S 20244383 -0.18 0.18 0.00 0.00 HOLD
48.192	>>> V 0.00 0.00
48.193	S 20244403 -0.18 0.18 0.00 0.00 HOLD
48.211	>>> V 0.00 0.00
48.211	S 20244423 -0.18 0.18 0.00 0.00 HOLD
48.232	>>> V 0.00 0.00
48.233	S 20244443 -0.18 0.18 0.00 0.00 HOLD
48.254	>>> V 0.00 0.00
48.255	S 20244463 -0.18 0.18 0.00 0.00 HOLD
48.271	>>> V 0.00 0.00
48.272	S 20244483 -0.18 0.09 0.00 0.00 HOLD
48.296	>>> V 0.00 0.00
48.296	S 20244503 -0.18 0.18 0.00 0.00 HOLD
48.315	>>> V 0.00 0.00
48.316	S 20244523 -0.18 0.18 0.00 0.00 HOLD
48.331	>>> V 0.00 0.00
48.332	S 20244543 -0.18 0.18 0.00 0.00 HOLD
48.351	>>> V 0.00 0.00
48.351	S 20244563 -0.18 0.18 0.00 0.00 HOLD
48.371	>>> V 0.00 0.00
48.371	S 20244583 -0.18 0.18 0.00 0.00 HOLD
48.392	>>> V 0.00 0.00
48.393	S 20244603 -0.18 0.18 0.00 0.00 HOLD
48.411	>>> V 0.00 0.00
48.411	S 20244623 -0.18 0.18 0.00 0.00 HOLD
48.433	>>> V 0.00 0.00
48.434	S 20244643 -0.18 0.18 0.00 0.00 HOLD
48.451	>>> V 0.00 0.00
48.451	S 20244663 -0.18 0.18 0.00 0.00 HOLD
48.472	>>> V 0.00 0.00
48.474	S 20244683 -0.18 0.18 0.00 0.00 HOLD
48.491	>>> V 0.00 0.00
48.492	S 20244703 -0.18 0.18 0.00 0.00 HOLD
48.511	>>> V 0.00 0.00
48.514	S 20244723 -0.18 0.18 0.00 0.00 HOLD
48.532	>>> V 0.00 0.00
48.533	S 20244743 -0.18 0.18 0.00 0.00 HOLD
48.551	>>> V 0.00 0.00
48.552	S 20244763 -0.18 0.18 0.00 0.00 HOLD
48.571	>>> V 0.00 0.00
48.571	S 20244783 -0.18 0.18 0.00 0.00 HOLD
48.592	>>> V 0.00 0.00
48.592	S 20244803 -0.18 0.18 0.00 0.00 HOLD
48.612	>>> V 0.00 0.00
48.612	S 20244823 -0.18 0.18 0.00 0.00 HOLD
48.631	>>> V 0.00 0.00
48.631	S 20244843 -0.18 0.18 0.00 0.00 HOLD
48.658	>>> V 0.00 0.00
48.658	S 20244863 -0.18 0.18 0.00 0.00 HOLD
48.671	>>> V 0.00 0.00
48.671	S 20244883 -0.18 0.18 0.00 0.00 HOLD
48.693	>>> V 0.00 0.00
48.694	S 20244903 -0.18 0.18 0.00 0.00 HOLD
48.714	>>> V 0.00 0.00
48.714	S 20244923 -0.18 0.18 0.00 0.00 HOLD
48.731	>>> V 0.00 0.00
48.732	S 20244943 -0.18 0.18 0.00 0.00 HOLD
48.751	>>> V 0.00 0.00
48.753	S 20244963 -0.18 0.09 0.00 0.00 HOLD
48.772	>>> V 0.00 0.00
48.772	S 20244983 -0.18 0.18 0.00 0.00 HOLD
48.793	>>> V 0.00 0.00
48.795	S 20245003 -0.18 0.18 0.00 0.00 HOLD
48.812	>>> V 0.00 0.00
48.813	S 20245023 -0.18 0.18 0.00 0.00 HOLD
48.831	>>> V 0.00 0.00
48.831	S 20245043 -0.18 0.18 0.00 0.00 HOLD
48.852	>>> V 0.00 0.00
48.853	S 20245063 -0.18 0.18 0.00 0.00 HOLD
48.872	>>> V 0.00 0.00
48.872	S 20245083 -0.18 0.18 0.00 0.00 HOLD
48.891	>>> V 0.00 0.00
48.892	S 20245103 -0.18 0.18 0.00 0.00 HOLD
48.913	>>> V 0.00 0.00
48.915	S 20245123 -0.18 0.18 0.00 0.00 HOLD
48.931	>>> V 0.00 0.00
48.933	S 20245143 -0.18 0.18 0.00 0.00 HOLD
48.951	>>> V 0.00 0.00
48.954	S 20245163 -0.18 0.18 0.00 0.00 HOLD
48.976	>>> V 0.00 0.00
48.977	S 20245183 -0.18 0.18 0.00 0.00 HOLD
48.991	>>> V 0.00 0.00
48.991	S 20245203 -0.18 0.18 0.00 0.00 HOLD
49.013	>>> V 0.00 0.00
49.016	S 20245223 -0.18 0.18 0.00 0.00 HOLD
49.031	>>> V 0.00 0.00
49.031	S 20245243 -0.18 0.18 0.00 0.00 HOLD
49.052	>>> V 0.00 0.00
49.055	S 20245263 -0.18 0.18 0.00 0.00 HOLD
49.072	>>> V 0.00 0.00
49.074	S 20245283 -0.18 0.18 0.00 0.00 HOLD
49.091	>>> V 0.00 0.00
49.092	S 20245303 -0.18 0.18 0.00 0.00 HOLD
49.113	>>> V 0.00 0.00
49.114	S 20245323 -0.18 0.09 0.00 0.00 HOLD
49.135	>>> V 0.00 0.00
49.137	S 20245343 -0.18 0.18 0.00 0.00 HOLD
49.151	>>> V 0.00 0.00
49.154	S 20245363 -0.18 0.18 0.00 0.00 HOLD
49.172	>>> V 0.00 0.00
49.172	S 20245383 -0.18 0.18 0.00 0.00 HOLD
49.191	>>> V 0.00 0.00
49.191	S 20245403 -0.18 0.18 0.00 0.00 HOLD
49.211	>>> V 0.00 0.00
49.211	S 20245423 -0.18 0.18 0.00 0.00 HOLD
49.231	>>> V 0.00 0.00
49.231	S 20245443 -0.18 0.09 0.00 0.00 HOLD
49.257	>>> V 0.00 0.00
49.258	S 20245463 -0.18 0.18 0.00 0.00 HOLD
49.272	>>> V 0.00 0.00
49.273	S 20245483 -0.18 0.09 0.00 0.00 HOLD
49.294	>>> V 0.00 0.00
49.295	S 20245503 -0.18 0.18 0.00 0.00 HOLD
49.312	>>> V 0.00 0.00
49.312	S 20245523 -0.18 0.18 0.00 0.00 HOLD
49.333	>>> V 0.00 0.00
49.333	S 20245543 -0.18 0.18 0.00 0.00 HOLD
49.351	>>> V 0.00 0.00
49.351	S 20245563 -0.18 0.18 0.00 0.00 HOLD
49.371	>>> V 0.00 0.00
49.371	S 20245583 -0.18 0.18 0.00 0.00 HOLD
49.391	>>> V 0.00 0.00
49.391	S 20245603 -0.18 0.18 0.00 0.00 HOLD
49.412	>>> V 0.00 0.00
49.412	S 20245623 -0.18 0.18 0.00 0.00 HOLD
49.431	>>> V 0.00 0.00
49.432	S 20245643 -0.18 0.18 0.00 0.00 HOLD
49.451	>>> V 0.00 0.00
49.451	S 20245663 -0.18 0.18 0.00 0.00 HOLD
49.473	>>> V 0.00 0.00
49.474	S 20245683 -0.18 0.18 0.00 0.00 HOLD
49.491	>>> V 0.00 0.00
49.491	S 20245703 -0.18 0.18 0.00 0.00 HOLD
49.516	>>> V 0.00 0.00
49.516	S 20245723 -0.18 0.18 0.00 0.00 HOLD
49.536	>>> V 0.00 0.00
49.537	S 20245743 -0.18 0.18 0.00 0.00 HOLD
49.554	>>> V 0.00 0.00
49.555	S 20245763 -0.18 0.18 0.00 0.00 HOLD
49.572	>>> V 0.00 0.00
49.574	S 20245783 -0.18 0.18 0.00 0.00 HOLD
49.597	>>> V 0.00 0.00
49.597	S 20245803 -0.18 0.09 0.00 0.00 HOLD
49.615	>>> V 0.00 0.00
49.617	S 20245823 -0.18 0.18 0.00 0.00 HOLD
49.636	>>> V 0.00 0.00
49.637	S 20245843 -0.18 0.18 0.00 0.00 HOLD
49.659	>>> V 0.00 0.00
49.661	S 20245863 -0.18 0.18 0.00 0.00 HOLD
49.673	>>> V 0.00 0.00
49.674	S 20245883 -0.18 0.18 0.00 0.00 HOLD
49.692	>>> V 0.00 0.00
49.694	S 20245903 -0.18 0.18 0.00 0.00 HOLD
49.712	>>> V -17.87 40.71
49.712	S 20245923 -0.18 0.18 0.00 0.00 HOLD
49.735	>>> V -17.87 40.71
49.736	S 20245943 -0.18 0.18 0.00 0.00 TRACK
49.751	>>> V -17.90 40.70
49.753	S 20245963 -0.18 0.18 0.00 0.00 TRACK
49.772	>>> V -17.90 40.70
49.773	S 20245983 -0.26 0.35 0.00 0.00 TRACK
49.791	>>> V -17.93 40.73
49.792	S 20246003 -0.62 0.70 -2.75 2.75 TRACK
49.813	>>> V -17.93 40.73
49.814	S 20246023 -0.79 1.23 -5.50 8.24 TRACK
49.832	>>> V -17.93 40.77
49.836	S 20246043 -1.14 1.85 -9.62 15.11 TRACK
49.851	>>> V -17.93 40.77
49.851	S 20246063 -1.49 2.55 -12.37 21.98 TRACK
49.875	>>> V -17.93 40.77
49.875	S 20246083 -1.85 3.25 -15.11 27.48 TRACK
49.894	>>> V -17.88 40.76
49.898	S 20246103 -2.20 4.04 -16.49 31.60 TRACK
49.914	>>> V -17.88 40.76
49.916	S 20246123 -2.55 4.83 -16.49 35.72 TRACK
49.933	>>> V -17.73 40.78
49.935	S 20246143 -2.90 5.62 -16.49 37.10 TRACK
49.952	>>> V -16.83 40.56
49.954	S 20246163 -3.25 6.42 -16.49 38.47 TRACK
49.976	>>> V -16.83 40.56
49.978	S 20246183 -3.69 7.29 -16.49 39.85 TRACK
50.001	>>> V -15.70 39.51
50.003	S 20246203 -3.96 8.09 -16.49 39.85 TRACK
50.011	>>> V -15.70 39.51
50.012	S 20246223 -4.31 9.05 -16.49 41.22 TRACK
50.033	>>> V -14.58 36.49
50.034	S 20246243 -4.66 9.84 -16.49 41.22 TRACK
50.064	>>> V -13.44 33.07
50.068	S 20246263 -5.01 10.99 -16.49 42.59 TRACK
50.081	>>> V -13.44 33.07
50.084	S 20246283 -5.27 11.69 -16.49 45.34 TRACK
50.098	>>> V -12.29 29.95
50.102	S 20246303 -5.62 12.39 -15.11 43.97 TRACK
50.112	>>> V -12.29 29.95
50.112	S 20246323 -5.89 12.92 -15.11 39.85 TRACK
50.133	>>> V -11.17 26.54
50.134	S 20246343 -6.33 13.54 -15.11 34.35 TRACK
50.156	>>> V -10.07 22.79
50.157	S 20246363 -6.50 14.33 -13.74 31.60 TRACK
50.175	>>> V -10.07 22.79
50.176	S 20246383 -6.86 15.21 -13.74 32.98 TRACK
50.199	>>> V -10.07 22.79
50.201	S 20246403 -7.12 15.82 -13.74 35.72 TRACK
50.214	>>> V -8.97 18.19
50.218	S 20246423 -7.29 16.35 -12.37 35.72 TRACK
50.236	>>> V -7.10 10.19
50.239	S 20246443 -7.56 16.87 -12.37 31.60 TRACK
50.251	>>> V -7.10 10.19
50.255	S 20246463 -7.73 17.31 -10.99 27.48 TRACK
50.272	>>> V -6.12 7.90
50.274	S 20246483 -8.00 17.84 -10.99 24.73 TRACK
50.291	>>> V -6.12 7.90
50.291	S 20246503 -8.09 18.11 -9.62 21.98 TRACK
50.312	>>> V -6.12 7.90
50.316	S 20246523 -8.26 18.46 -8.24 19.24 TRACK
50.332	>>> V -5.23 4.77
50.333	S 20246543 -8.35 18.63 -8.24 16.49 TRACK
50.353	>>> V -4.41 0.00
50.354	S 20246563 -8.53 18.90 -5.50 13.74 TRACK
50.373	>>> V -4.41 0.00
50.373	S 20246583 -8.61 19.07 -5.50 10.99 TRACK
50.391	>>> V -4.41 0.00
50.392	S 20246603 -8.79 19.16 -4.12 9.62 TRACK
50.411	>>> V -3.71 0.00
50.413	S 20246623 -8.79 19.25 -5.50 6.87 TRACK
50.435	>>> V -3.07 0.00
50.435	S 20246643 -9.05 19.25 -5.50 4.12 TRACK
50.455	>>> V -1.99 -5.38
50.458	S 20246663 -9.05 19.16 -5.50 1.37 TRACK
50.471	>>> V -1.99 -5.38
50.471	S 20246683 -9.23 19.16 -4.12 0.00 TRACK
50.491	>>> V 0.00 -6.29
50.492	S 20246703 -9.32 19.25 -4.12 0.00 TRACK
50.511	>>> V 0.00 -7.68
50.512	S 20246723 -9.32 19.16 -4.12 0.00 TRACK
50.531	>>> V 0.00 -7.68
50.531	S 20246743 -9.23 19.16 -2.75 0.00 TRACK
50.552	>>> V 0.00 -8.10
50.556	S 20246763 -9.32 18.98 -1.37 -1.37 TRACK
50.571	>>> V 0.00 -8.10
50.572	S 20246783 -9.32 18.90 0.00 -2.75 TRACK
50.591	>>> V 0.00 -8.30
50.592	S 20246803 -9.32 18.72 0.00 -4.12 TRACK
50.611	>>> V 0.00 -8.30
50.613	S 20246823 -9.32 18.54 0.00 -5.50 TRACK
50.631	>>> V 0.00 -8.40
50.635	S 20246843 -9.32 18.37 0.00 -6.87 TRACK
50.653	>>> V 0.00 -8.40
50.654	S 20246863 -9.23 18.28 0.00 -6.87 TRACK
50.672	>>> V 0.00 -8.40
50.673	S 20246883 -9.32 18.02 0.00 -6.87 TRACK
50.691	>>> V 0.00 -8.22
50.691	S 20246903 -9.32 17.93 0.00 -8.24 TRACK
50.713	>>> V 0.00 -7.63
50.714	S 20246923 -9.32 17.75 0.00 -8.24 TRACK
50.731	>>> V 0.00 -7.63
50.731	S 20246943 -9.32 17.40 0.00 -8.24 TRACK
50.752	>>> V 0.00 -7.63
50.755	S 20246963 -9.23 17.23 0.00 -8.24 TRACK
50.771	>>> V 0.00 -6.96
50.773	S 20246983 -9.32 17.14 0.00 -8.24 TRACK
50.792	>>> V 0.00 -6.96
50.793	S 20247003 -9.32 16.96 0.00 -8.24 TRACK
50.811	>>> V 0.00 -6.23
50.812	S 20247023 -9.23 16.79 0.00 -6.87 TRACK
50.831	>>> V 0.00 -6.23
50.833	S 20247043 -9.32 16.61 0.00 -8.24 TRACK
50.852	>>> V 0.00 -5.50
50.855	S 20247063 -9.32 16.52 0.00 -6.87 TRACK
50.871	>>> V 0.00 -4.08
50.871	S 20247083 -9.23 16.35 0.00 -6.87 TRACK
50.901	>>> V 0.00 -3.37
50.902	S 20247103 -9.32 16.26 0.00 -5.50 TRACK
50.912	>>> V 0.00 -3.37
50.913	S 20247123 -9.23 16.17 0.00 -5.50 TRACK
50.934	>>> V 0.00 -3.37
50.934	S 20247143 -9.32 16.00 0.00 -5.50 TRACK
50.951	>>> V 0.00 0.00
50.952	S 20247163 -9.32 16.00 0.00 -4.12 TRACK
50.971	>>> V 0.00 0.00
50.972	S 20247183 -9.32 15.91 0.00 -4.12 TRACK
50.992	>>> V 0.00 0.00
50.994	S 20247203 -9.32 15.91 0.00 -4.12 TRACK
51.012	>>> V 0.00 0.00
51.013	S 20247223 -9.23 15.82 0.00 -2.75 TRACK
51.033	>>> V 0.00 0.00
51.035	S 20247243 -9.32 15.82 0.00 -1.37 TRACK
51.052	>>> V 0.00 0.00
51.056	S 20247263 -9.23 15.82 0.00 0.00 TRACK
51.079	>>> V 0.00 0.00
51.080	S 20247283 -9.23 15.82 0.00 0.00 TRACK
51.094	>>> V 0.00 0.00
51.097	S 20247303 -9.32 15.82 0.00 0.00 TRACK
51.112	>>> V 0.00 0.00
51.113	S 20247324 -9.32 15.82 0.00 0.00 TRACK
51.131	>>> V 0.00 0.00
51.132	S 20247344 -9.32 15.91 0.00 0.00 TRACK
51.151	>>> V 0.00 0.00
51.152	S 20247364 -9.32 15.82 0.00 0.00 TRACK
51.173	>>> V 0.00 0.00
51.174	S 20247384 -9.32 15.82 0.00 0.00 TRACK
51.193	>>> V 0.00 0.00
51.197	S 20247404 -9.23 15.82 0.00 0.00 TRACK
51.212	>>> V 0.00 0.00
51.212	S 20247424 -9.32 15.82 0.00 0.00 TRACK
51.231	>>> V 0.00 0.00
51.234	S 20247444 -9.32 15.82 0.00 0.00 TRACK
51.251	>>> V 0.00 0.00
51.252	S 20247464 -9.23 15.82 0.00 0.00 TRACK
51.271	>>> V 0.00 0.00
51.273	S 20247484 -9.32 15.82 0.00 0.00 TRACK
51.291	>>> V 0.00 0.00
51.294	S 20247504 -9.32 15.91 0.00 0.00 TRACK
51.316	>>> V 0.00 0.00
51.317	S 20247524 -9.23 15.91 0.00 0.00 TRACK
51.335	>>> V 0.00 0.00
51.335	S 20247544 -9.23 15.82 0.00 0.00 TRACK
51.355	>>> V 0.00 0.00
51.355	S 20247564 -9.32 15.82 0.00 0.00 TRACK
51.379	>>> V 0.00 0.00
51.380	S 20247584 -9.23 15.82 0.00 0.00 TRACK
51.393	>>> V 0.00 0.00
51.395	S 20247604 -9.23 15.82 0.00 0.00 TRACK
51.411	>>> V 0.00 0.00
51.412	S 20247624 -9.32 15.82 0.00 0.00 TRACK
51.431	>>> V 0.00 0.00
51.431	S 20247644 -9.32 15.82 0.00 0.00 TRACK
51.451	>>> V 0.00 0.00
51.452	S 20247664 -9.32 15.82 0.00 0.00 TRACK
51.471	>>> V 0.00 0.00
51.472	S 20247684 -9.32 15.82 0.00 0.00 TRACK
51.492	>>> V 0.00 0.00
51.493	S 20247704 -9.23 15.82 0.00 0.00 TRACK
51.513	>>> V 0.00 0.00
51.514	S 20247724 -9.32 15.82 0.00 0.00 TRACK
51.531	>>> V 0.00 0.00
51.532	S 20247744 -9.32 15.91 0.00 0.00 TRACK
51.552	>>> V 0.00 0.00
51.554	S 20247764 -9.23 15.82 0.00 0.00 TRACK
51.575	>>> V 0.00 0.00
51.578	S 20247784 -9.32 15.82 0.00 0.00 TRACK
51.591	>>> V 0.00 0.00
51.591	S 20247804 -9.23 15.82 0.00 0.00 TRACK
51.613	>>> V 0.00 0.00
51.613	S 20247824 -9.32 15.82 0.00 0.00 TRACK
51.630	>>> V 0.00 0.00
51.632	S 20247844 -9.32 15.82 0.00 0.00 TRACK
51.653	>>> V 0.00 0.00
51.653	S 20247864 -9.23 15.82 0.00 0.00 TRACK
51.672	>>> V 0.00 0.00
51.673	S 20247884 -9.23 15.82 0.00 0.00 TRACK
51.694	>>> V 0.00 0.00
51.698	S 20247904 -9.23 15.82 0.00 0.00 TRACK
51.711	>>> V 0.00 0.00
51.716	S 20247924 -9.32 15.82 0.00 0.00 TRACK
51.731	>>> V 0.00 0.00
51.732	S 20247944 -9.23 15.82 0.00 0.00 TRACK
51.751	>>> V 0.00 0.00
51.753	S 20247964 -9.32 15.82 0.00 0.00 TRACK
51.771	>>> V 0.00 0.00
51.774	S 20247984 -9.23 15.82 0.00 0.00 TRACK
51.792	>>> V 0.00 0.00
51.792	S 20248004 -9.23 15.82 0.00 0.00 TRACK
51.813	>>> V 0.00 0.00
51.819	S 20248024 -9.32 15.91 0.00 0.00 TRACK
51.832	>>> V 0.00 0.00
51.832	S 20248044 -9.23 15.82 0.00 0.00 TRACK
51.855	>>> V 0.00 0.00
51.856	S 20248064 -9.32 15.82 0.00 0.00 TRACK
51.873	>>> V 0.00 0.00
51.874	S 20248084 -9.23 15.82 0.00 0.00 TRACK
51.893	>>> V 0.00 0.00
51.893	S 20248104 -9.32 15.82 0.00 0.00 TRACK
51.911	>>> V 0.00 0.00
51.911	S 20248124 -9.23 15.82 0.00 0.00 TRACK
51.932	>>> V 0.00 0.00
51.933	S 20248144 -9.32 15.82 0.00 0.00 TRACK
51.952	>>> V 0.00 0.00
51.952	S 20248164 -9.32 15.82 0.00 0.00 TRACK
51.972	>>> V 0.00 0.00
51.973	S 20248184 -9.32 15.82 0.00 0.00 TRACK
51.991	>>> V 0.00 0.00
51.993	S 20248204 -9.32 15.82 0.00 0.00 TRACK
52.020	>>> V 0.00 0.00
52.022	S 20248224 -9.23 15.82 0.00 0.00 TRACK
52.031	>>> V 0.00 0.00
52.032	S 20248244 -9.23 15.82 0.00 0.00 TRACK
52.056	>>> V 0.00 0.00
52.056	S 20248264 -9.23 15.82 0.00 0.00 TRACK
52.072	>>> V 0.00 0.00
52.072	S 20248284 -9.32 15.82 0.00 0.00 TRACK
52.093	>>> V 0.00 0.00
52.093	S 20248304 -9.32 15.82 0.00 0.00 TRACK
52.112	>>> V 0.00 0.00
52.113	S 20248324 -9.23 15.91 0.00 0.00 TRACK
52.131	>>> V 0.00 0.00
52.133	S 20248344 -9.32 15.82 0.00 0.00 TRACK
52.151	>>> V 0.00 0.00
52.152	S 20248364 -9.23 15.82 0.00 0.00 TRACK
52.173	>>> V 0.00 0.00
52.173	S 20248384 -9.32 15.82 0.00 0.00 TRACK
52.191	>>> V 0.00 0.00
52.191	S 20248404 -9.32 15.82 0.00 0.00 TRACK
52.213	>>> V 0.00 0.00
52.214	S 20248424 -9.23 15.82 0.00 0.00 TRACK
52.232	>>> V 0.00 0.00
52.233	S 20248444 -9.32 15.82 0.00 0.00 TRACK
52.255	>>> V 0.00 0.00
52.256	S 20248464 -9.23 15.91 0.00 0.00 TRACK
52.273	>>> V 0.00 0.00
52.275	S 20248484 -9.23 15.91 0.00 0.00 TRACK
52.293	>>> V 0.00 0.00
52.293	S 20248504 -9.32 15.82 0.00 0.00 TRACK
52.311	>>> V 0.00 0.00
52.311	S 20248524 -9.32 15.82 0.00 0.00 TRACK
52.331	>>> V 0.00 0.00
52.331	S 20248544 -9.23 15.82 0.00 0.00 TRACK
52.351	>>> V 0.00 0.00
52.351	S 20248564 -9.32 15.82 0.00 0.00 TRACK
52.371	>>> V 0.00 0.00
52.371	S 20248584 -9.32 15.82 0.00 0.00 TRACK
52.392	>>> V 0.00 0.00
52.396	S 20248604 -9.32 15.82 0.00 0.00 TRACK
52.411	>>> V 0.00 0.00
52.411	S 20248624 -9.32 15.82 0.00 0.00 TRACK
52.432	>>> V 0.00 0.00
52.433	S 20248644 -9.32 15.82 0.00 0.00 TRACK
52.451	>>> V 0.00 0.00
52.451	S 20248664 -9.32 15.91 0.00 0.00 TRACK
52.471	>>> V 0.00 0.00
52.472	S 20248684 -9.23 15.82 0.00 0.00 TRACK
52.491	>>> V 0.00 0.00
52.493	S 20248704 -9.23 15.82 0.00 0.00 TRACK
52.516	>>> V 0.00 0.00
52.517	S 20248724 -9.23 15.82 0.00 0.00 TRACK
52.531	>>> V 0.00 0.00
52.531	S 20248744 -9.23 15.82 0.00 0.00 TRACK
52.552	>>> V 0.00 0.00
52.554	S 20248764 -9.23 15.82 0.00 0.00 TRACK
52.572	>>> V 0.00 0.00
52.572	S 20248784 -9.23 15.82 0.00 0.00 TRACK
52.591	>>> V 0.00 0.00
52.593	S 20248804 -9.32 15.82 0.00 0.00 TRACK
52.611	>>> V 0.00 0.00
52.612	S 20248824 -9.23 15.82 0.00 0.00 TRACK
52.631	>>> V 0.00 0.00
52.632	S 20248844 -9.23 15.91 0.00 0.00 TRACK
52.656	>>> V 0.00 0.00
52.656	S 20248864 -9.32 15.82 0.00 0.00 TRACK
52.671	>>> V 0.00 0.00
52.672	S 20248884 -9.32 15.82 0.00 0.00 TRACK
52.692	>>> V 0.00 0.00
52.694	S 20248904 -9.32 15.82 0.00 0.00 TRACK
52.716	>>> V 0.00 0.00
52.717	S 20248924 -9.32 15.82 0.00 0.00 TRACK
52.732	>>> V 0.00 0.00
52.734	S 20248944 -9.23 15.82 0.00 0.00 TRACK
52.752	>>> V 0.00 0.00
52.752	S 20248964 -9.23 15.82 0.00 0.00 TRACK
52.775	>>> V 0.00 0.00
52.775	S 20248984 -9.32 15.82 0.00 0.00 TRACK
52.793	>>> V 0.00 0.00
52.793	S 20249004 -9.23 15.82 0.00 0.00 TRACK
52.811	>>> V 0.00 0.00
52.813	S 20249024 -9.23 15.82 0.00 0.00 TRACK
52.831	>>> V 0.00 0.00
52.831	S 20249044 -9.23 15.91 0.00 0.00 TRACK
52.860	>>> V 0.00 0.00
52.860	S 20249064 -9.32 15.82 0.00 0.00 TRACK
52.873	>>> V 0.00 0.00
52.875	S 20249084 -9.23 15.82 0.00 0.00 TRACK
52.895	>>> V 0.00 0.00
52.895	S 20249104 -9.32 15.82 0.00 0.00 TRACK
52.912	>>> V 0.00 0.00
52.913	S 20249124 -9.32 15.82 0.00 0.00 TRACK
52.934	>>> V 0.00 0.00
52.936	S 20249144 -9.32 15.82 0.00 0.00 TRACK
52.952	>>> V 0.00 0.00
52.953	S 20249164 -9.32 15.82 0.00 0.00 TRACK
52.974	>>> V 0.00 0.00
52.974	S 20249184 -9.32 15.91 0.00 0.00 TRACK
52.991	>>> V 0.00 0.00
52.992	S 20249204 -9.32 15.82 0.00 0.00 TRACK
53.011	>>> V 0.00 0.00
53.011	S 20249224 -9.23 15.82 0.00 0.00 TRACK
53.033	>>> V 0.00 0.00
53.034	S 20249244 -9.32 15.82 0.00 0.00 TRACK
53.053	>>> V 0.00 0.00
53.053	S 20249264 -9.32 15.82 0.00 0.00 TRACK
53.074	>>> V 0.00 -2.89
53.075	S 20249284 -9.32 15.82 0.00 0.00 TRACK
53.092	>>> V 0.00 -3.43
53.093	S 20249304 -9.23 15.82 0.00 0.00 TRACK
53.118	>>> V 0.00 -3.43
53.121	S 20249324 -9.23 15.91 0.00 0.00 TRACK
53.133	>>> V 0.00 -3.89
53.133	S 20249344 -9.23 15.82 0.00 0.00 TRACK
53.156	>>> V 0.00 -3.89
53.159	S 20249364 -9.23 15.73 0.00 0.00 TRACK
53.171	>>> V 0.00 -4.61
53.172	S 20249384 -9.23 15.64 0.00 -1.37 TRACK
53.191	>>> V 0.00 -4.61
53.191	S 20249404 -9.32 15.56 0.00 -2.75 TRACK
53.215	>>> V 0.00 -5.24
53.216	S 20249424 -9.23 15.47 0.00 -2.75 TRACK
53.231	>>> V 0.00 -5.24
53.234	S 20249444 -9.32 15.38 0.00 -2.75 TRACK
53.251	>>> V 0.00 -5.76
53.252	S 20249464 -9.32 15.38 0.00 -2.75 TRACK
53.271	>>> V 0.00 -6.41
53.271	S 20249484 -9.23 15.21 0.00 -2.75 TRACK
53.295	>>> V 0.00 -6.41
53.296	S 20249504 -9.32 15.21 0.00 -2.75 TRACK
53.312	>>> V 0.00 -6.67
53.312	S 20249524 -9.32 15.03 0.00 -4.12 TRACK
53.331	>>> V 0.00 -6.67
53.331	S 20249544 -9.23 14.94 0.00 -4.12 TRACK
53.354	>>> V 0.00 -6.67
53.356	S 20249564 -9.32 14.85 0.00 -4.12 TRACK
53.372	>>> V 2.05 -6.97
53.374	S 20249584 -9.23 14.68 0.00 -4.12 TRACK
53.393	>>> V 2.05 -6.97
53.394	S 20249604 -9.32 14.50 0.00 -5.50 TRACK
53.411	>>> V 3.30 -6.91
53.415	S 20249624 -9.32 14.33 0.00 -5.50 TRACK
53.433	>>> V 4.70 -6.73
53.434	S 20249644 -9.32 14.24 0.00 -6.87 TRACK
53.451	>>> V 6.14 -6.48
53.452	S 20249664 -9.32 14.15 0.00 -6.87 TRACK
53.471	>>> V 6.14 -6.48
53.471	S 20249684 -9.23 13.97 0.00 -6.87 TRACK
53.491	>>> V 6.14 -6.48
53.493	S 20249704 -9.05 13.80 0.00 -6.87 TRACK
53.512	>>> V 6.14 -6.48
53.513	S 20249724 -9.05 13.71 1.37 -5.50 TRACK
53.531	>>> V 7.54 -6.16
53.532	S 20249744 -8.79 13.54 4.12 -5.50 TRACK
53.554	>>> V 8.98 -5.89
53.555	S 20249764 -8.70 13.45 4.12 -5.50 TRACK
53.575	>>> V 10.37 -5.62
53.577	S 20249784 -8.53 13.36 4.12 -5.50 TRACK
53.595	>>> V 11.77 -5.24
53.595	S 20249804 -8.44 13.18 5.50 -5.50 TRACK
53.613	>>> V 11.77 -5.24
53.615	S 20249824 -8.35 13.10 5.50 -5.50 TRACK
53.631	>>> V 12.90 -4.56
53.632	S 20249844 -8.09 13.01 5.50 -5.50 TRACK
53.652	>>> V 12.90 -4.56
53.652	S 20249864 -7.91 12.92 6.87 -5.50 TRACK
53.671	>>> V 13.91 -3.92
53.673	S 20249884 -7.65 12.83 8.24 -4.12 TRACK
53.692	>>> V 13.91 -3.92
53.694	S 20249904 -7.47 12.74 9.62 -4.12 TRACK
53.714	>>> V 14.79 -3.26
53.715	S 20249924 -7.21 12.57 10.99 -4.12 TRACK
53.737	>>> V 15.48 0.00
53.737	S 20249944 -6.94 12.57 10.99 -4.12 TRACK
53.751	>>> V 15.48 0.00
53.751	S 20249964 -6.68 12.39 10.99 -4.12 TRACK
53.776	>>> V 16.09 0.00
53.777	S 20249984 -6.50 12.30 10.99 -4.12 TRACK
53.791	>>> V 16.09 0.00
53.791	S 20250004 -6.24 12.30 10.99 -4.12 TRACK
53.813	>>> V 17.18 0.00
53.814	S 20250024 -5.80 12.30 10.99 -2.75 TRACK
53.831	>>> V 17.18 0.00
53.831	S 20250044 -5.54 12.30 12.37 -1.37 TRACK
53.852	>>> V 17.48 0.00
53.852	S 20250064 -5.10 12.30 13.74 0.00 TRACK
53.872	>>> V 17.48 0.00
53.873	S 20250084 -4.83 12.30 15.11 0.00 TRACK
53.891	>>> V 17.48 0.00
53.893	S 20250104 -4.48 12.30 16.49 0.00 TRACK
53.912	>>> V 17.50 0.00
53.915	S 20250124 -4.13 12.30 16.49 0.00 TRACK
53.938	>>> V 17.47 0.00
53.939	S 20250144 -3.78 12.30 16.49 0.00 TRACK
53.951	>>> V 17.47 0.00
53.951	S 20250164 -3.43 12.30 16.49 0.00 TRACK
53.975	>>> V 17.29 0.00
53.976	S 20250184 -3.08 12.30 16.49 0.00 TRACK
53.996	>>> V 16.78 0.00
53.996	S 20250204 -2.64 12.30 16.49 0.00 TRACK
54.012	>>> V 16.78 0.00
54.016	S 20250224 -2.29 12.30 17.86 0.00 TRACK
54.031	>>> V 16.78 0.00
54.034	S 20250244 -1.93 12.30 17.86 0.00 TRACK
54.055	>>> V 15.38 0.00
54.055	S 20250264 -1.58 12.30 17.86 0.00 TRACK
54.071	>>> V 15.38 0.00
54.072	S 20250284 -1.32 12.30 17.86 0.00 TRACK
54.092	>>> V 15.38 0.00
54.093	S 20250304 -0.97 12.30 16.49 0.00 TRACK
54.111	>>> V 15.38 0.00
54.113	S 20250324 -0.70 12.30 16.49 0.00 TRACK
54.131	>>> V 14.48 0.00
54.132	S 20250344 -0.35 12.30 15.11 0.00 TRACK
54.151	>>> V 13.68 0.00
54.152	S 20250364 0.00 12.30 15.11 0.00 TRACK
54.172	>>> V 13.68 0.00
54.173	S 20250384 0.26 12.22 15.11 0.00 TRACK
54.192	>>> V 12.77 0.00
54.193	S 20250404 0.53 12.30 15.11 0.00 TRACK
54.211	>>> V 12.77 0.00
54.211	S 20250424 0.88 12.30 15.11 0.00 TRACK
54.232	>>> V 11.78 0.00
54.233	S 20250444 1.14 12.30 13.74 0.00 TRACK
54.251	>>> V 11.78 0.00
54.252	S 20250464 1.41 12.30 13.74 0.00 TRACK
54.272	>>> V 10.82 0.00
54.275	S 20250484 1.67 12.30 13.74 0.00 TRACK
54.291	>>> V 9.14 0.00
54.293	S 20250504 1.93 12.30 13.74 0.00 TRACK
54.312	>>> V 9.14 0.00
54.314	S 20250524 2.20 12.30 12.37 0.00 TRACK
54.333	>>> V 8.30 0.00
54.333	S 20250544 2.37 12.30 12.37 0.00 TRACK
54.354	>>> V 8.30 0.00
54.355	S 20250564 2.64 12.30 10.99 0.00 TRACK
54.371	>>> V 6.63 0.00
54.373	S 20250584 2.81 12.30 10.99 0.00 TRACK
54.394	>>> V 6.63 0.00
54.395	S 20250604 2.99 12.30 9.62 0.00 TRACK
54.411	>>> V 5.92 0.00
54.411	S 20250624 3.16 12.30 9.62 0.00 TRACK
54.434	>>> V 5.92 0.00
54.435	S 20250644 3.34 12.30 8.24 0.00 TRACK
54.454	>>> V 5.92 0.00
54.457	S 20250664 3.43 12.30 6.87 0.00 TRACK
54.471	>>> V 5.92 0.00
54.472	S 20250684 3.60 12.30 6.87 0.00 TRACK
54.492	>>> V 5.19 0.00
54.493	S 20250704 3.69 12.30 5.50 0.00 TRACK
54.512	>>> V 5.19 0.00
54.515	S 20250724 3.78 12.30 5.50 0.00 TRACK
54.533	>>> V 4.52 0.00
54.535	S 20250744 3.96 12.30 5.50 0.00 TRACK
54.551	>>> V 3.94 0.00
54.555	S 20250764 4.04 12.30 5.50 0.00 TRACK
54.571	>>> V 3.94 0.00
54.574	S 20250784 4.13 12.30 5.50 0.00 TRACK
54.593	>>> V 3.47 0.00
54.593	S 20250804 4.22 12.30 5.50 0.00 TRACK
54.613	>>> V 2.68 0.00
54.616	S 20250824 4.31 12.30 5.50 0.00 TRACK
54.631	>>> V 2.68 0.00
54.632	S 20250844 4.48 12.30 4.12 0.00 TRACK
54.654	>>> V 2.42 0.00
54.657	S 20250864 4.57 12.30 4.12 0.00 TRACK
54.672	>>> V 2.42 0.00
54.673	S 20250884 4.57 12.30 4.12 0.00 TRACK
54.693	>>> V 2.18 0.00
54.694	S 20250904 4.57 12.30 2.75 0.00 TRACK
54.714	>>> V 2.18 0.00
54.715	S 20250924 4.57 12.30 1.37 0.00 TRACK
54.731	>>> V 1.97 0.00
54.731	S 20250944 4.66 12.30 1.37 0.00 TRACK
54.751	>>> V 1.97 0.00
54.752	S 20250964 4.83 12.30 1.37 0.00 TRACK
54.773	>>> V 0.00 0.00
54.773	S 20250984 4.83 12.30 2.75 0.00 TRACK
54.791	>>> V 0.00 0.00
54.792	S 20251004 4.83 12.30 2.75 0.00 TRACK
54.814	>>> V 0.00 0.00
54.819	S 20251024 4.83 12.30 1.37 0.00 TRACK
54.833	>>> V 0.00 0.00
54.834	S 20251044 4.83 12.30 0.00 0.00 TRACK
54.852	>>> V 0.00 0.00
54.853	S 20251064 4.83 12.30 0.00 0.00 TRACK
54.871	>>> V 0.00 0.00
54.871	S 20251084 4.83 12.30 0.00 0.00 TRACK
54.893	>>> V 0.00 0.00
54.893	S 20251104 4.83 12.30 0.00 0.00 TRACK
54.912	>>> V 0.00 0.00
54.914	S 20251124 4.83 12.30 0.00 0.00 TRACK
54.931	>>> V 0.00 0.00
54.931	S 20251144 4.83 12.30 0.00 0.00 TRACK
54.952	>>> V 0.00 0.00
54.954	S 20251164 4.83 12.30 0.00 0.00 TRACK
54.971	>>> V 0.00 0.00
54.973	S 20251184 4.83 12.30 0.00 0.00 TRACK
54.991	>>> V 0.00 0.00
54.992	S 20251204 4.83 12.30 0.00 0.00 TRACK
55.011	>>> V 0.00 0.00
55.015	S 20251224 4.83 12.30 0.00 0.00 TRACK
55.034	>>> V 0.00 0.00
55.035	S 20251244 4.83 12.30 0.00 0.00 TRACK
55.054	>>> V 0.00 0.00
55.055	S 20251264 4.83 12.30 0.00 0.00 TRACK
55.073	>>> V 0.00 0.00
55.074	S 20251284 4.83 12.30 0.00 0.00 TRACK
55.098	>>> V 2.29 0.00
55.100	S 20251304 4.83 12.30 0.00 0.00 TRACK
55.112	>>> V 2.64 0.00
55.113	S 20251324 4.83 12.30 0.00 0.00 TRACK
55.131	>>> V 2.64 0.00
55.131	S 20251344 4.83 12.30 0.00 0.00 TRACK
55.156	>>> V 2.95 0.00
55.157	S 20251364 4.83 12.30 0.00 0.00 TRACK
55.174	>>> V 2.95 0.00
55.175	S 20251384 4.92 12.30 0.00 0.00 TRACK
55.195	>>> V 3.29 0.00
55.197	S 20251404 4.92 12.30 0.00 0.00 TRACK
55.212	>>> V 3.56 0.00
55.212	S 20251424 5.10 12.30 1.37 0.00 TRACK
55.233	>>> V 3.78 0.00
55.234	S 20251444 5.10 12.30 2.75 0.00 TRACK
55.251	>>> V 3.78 0.00
55.251	S 20251464 5.27 12.30 4.12 0.00 TRACK
55.272	>>> V 3.78 0.00
55.274	S 20251484 5.36 12.30 4.12 0.00 TRACK
55.291	>>> V 3.97 0.00
55.291	S 20251504 5.36 12.30 4.12 0.00 TRACK
55.312	>>> V 3.97 0.00
55.313	S 20251524 5.45 12.30 2.75 0.00 TRACK
55.332	>>> V 4.30 0.00
55.337	S 20251544 5.54 12.30 2.75 0.00 TRACK
55.351	>>> V 4.30 0.00
55.351	S 20251564 5.62 12.30 2.75 0.00 TRACK
55.372	>>> V 4.32 0.00
55.374	S 20251584 5.71 12.30 2.75 0.00 TRACK
55.394	>>> V 4.32 0.00
55.394	S 20251604 5.80 12.30 4.12 0.00 TRACK
55.416	>>> V 3.58 0.00
55.418	S 20251624 5.89 12.30 4.12 0.00 TRACK
55.432	>>> V 3.58 0.00
55.433	S 20251644 5.98 12.30 4.12 0.00 TRACK
55.451	>>> V 3.58 0.00
55.455	S 20251664 6.06 12.30 4.12 0.00 TRACK
55.471	>>> V 3.58 0.00
55.472	S 20251684 6.15 12.30 2.75 0.00 TRACK
55.493	>>> V 3.32 0.00
55.493	S 20251704 6.24 12.30 4.12 0.00 TRACK
55.511	>>> V 3.32 0.00
55.511	S 20251724 6.33 12.30 2.75 0.00 TRACK
55.532	>>> V 3.32 0.00
55.533	S 20251744 6.33 12.30 2.75 0.00 TRACK
55.553	>>> V 3.12 0.00
55.553	S 20251764 6.33 12.30 1.37 0.00 TRACK
55.571	>>> V 2.95 0.00
55.571	S 20251784 6.42 12.30 1.37 0.00 TRACK
55.598	>>> V 2.95 0.00
55.598	S 20251804 6.42 12.30 1.37 0.00 TRACK
55.612	>>> V 2.95 0.00
55.612	S 20251824 6.59 12.30 2.75 0.00 TRACK
55.632	>>> V 2.76 0.00
55.632	S 20251844 6.68 12.30 4.12 0.00 TRACK
55.651	>>> V 2.76 0.00
55.654	S 20251864 6.68 12.30 4.12 0.00 TRACK
55.675	>>> V 2.59 0.00
55.676	S 20251884 6.59 12.30 2.75 0.00 TRACK
55.691	>>> V 2.59 0.00
55.691	S 20251904 6.68 12.30 1.37 0.00 TRACK
55.712	>>> V 2.59 0.00
55.712	S 20251924 6.77 12.30 0.00 0.00 TRACK
55.731	>>> V 2.42 0.00
55.731	S 20251944 6.86 12.30 1.37 0.00 TRACK
55.751	>>> V 2.42 0.00
55.752	S 20251964 6.94 12.30 2.75 0.00 TRACK
55.773	>>> V 2.27 0.00
55.773	S 20251984 7.03 12.30 4.12 0.00 TRACK
55.791	>>> V 2.24 0.00
55.791	S 20252004 7.03 12.30 4.12 0.00 TRACK
55.814	>>> V 2.24 0.00
55.816	S 20252024 7.03 12.30 1.37 0.00 TRACK
55.834	>>> V 1.93 0.00
55.834	S 20252044 7.12 12.30 1.37 0.00 TRACK
55.853	>>> V 1.93 0.00
55.854	S 20252064 7.12 12.30 1.37 0.00 TRACK
55.872	>>> V 0.00 0.00
55.873	S 20252084 7.29 12.30 2.75 0.00 TRACK
55.893	>>> V 0.00 0.00
55.894	S 20252104 7.29 12.30 2.75 0.00 TRACK
55.912	>>> V 0.00 0.00
55.914	S 20252124 7.29 12.30 2.75 0.00 TRACK
55.939	>>> V 0.00 0.00
55.939	S 20252144 7.29 12.30 1.37 0.00 TRACK
55.958	>>> V 0.00 0.00
55.961	S 20252164 7.29 12.30 0.00 0.00 TRACK
55.971	>>> V 0.00 0.00
55.974	S 20252184 7.29 12.30 0.00 0.00 TRACK
55.991	>>> V 0.00 0.00
55.992	S 20252204 7.29 12.30 0.00 0.00 TRACK
56.012	>>> V 0.00 0.00
56.016	S 20252224 7.29 12.30 0.00 0.00 TRACK
56.031	>>> V 0.00 0.00
56.033	S 20252244 7.29 12.30 0.00 0.00 TRACK
56.052	>>> V 0.00 0.00
56.052	S 20252264 7.29 12.30 0.00 0.00 TRACK
56.072	>>> V 0.00 0.00
56.074	S 20252284 7.29 12.30 0.00 0.00 TRACK
56.093	>>> V 0.00 0.00
56.095	S 20252304 7.29 12.30 0.00 0.00 TRACK
56.114	>>> V 0.00 0.00
56.115	S 20252324 7.29 12.30 0.00 0.00 TRACK
56.131	>>> V 0.00 0.00
56.134	S 20252344 7.29 12.30 0.00 0.00 TRACK
56.154	>>> V 0.00 0.00
56.154	S 20252364 7.29 12.30 0.00 0.00 TRACK
56.177	>>> V 0.00 0.00
56.178	S 20252384 7.29 12.30 0.00 0.00 TRACK
56.191	>>> V 0.00 0.00
56.193	S 20252404 7.29 12.30 0.00 0.00 TRACK
56.215	>>> V 0.00 0.00
56.216	S 20252424 7.29 12.30 0.00 0.00 TRACK
56.231	>>> V 0.00 0.00
56.233	S 20252444 7.29 12.30 0.00 0.00 TRACK
56.252	>>> V 0.00 0.00
56.253	S 20252464 7.29 12.30 0.00 0.00 TRACK
56.272	>>> V 0.00 0.00
56.275	S 20252484 7.29 12.30 0.00 0.00 TRACK
56.292	>>> V 0.00 0.00
56.293	S 20252504 7.29 12.30 0.00 0.00 TRACK
56.323	>>> V 0.00 0.00
56.323	S 20252524 7.29 12.30 0.00 0.00 TRACK
56.333	>>> V 0.00 0.00
56.333	S 20252544 7.29 12.30 0.00 0.00 TRACK
56.361	>>> V 0.00 0.00
56.362	S 20252564 7.29 12.30 0.00 0.00 TRACK
56.373	>>> V 0.00 0.00
56.373	S 20252584 7.29 12.30 0.00 0.00 TRACK
56.398	>>> V 0.00 0.00
56.399	S 20252604 7.29 12.30 0.00 0.00 TRACK
56.411	>>> V 0.00 0.00
56.417	S 20252624 7.29 12.30 0.00 0.00 TRACK
56.438	>>> V 0.00 0.00
56.439	S 20252644 7.29 12.30 0.00 0.00 TRACK
56.452	>>> V 0.00 0.00
56.453	S 20252664 7.29 12.30 0.00 0.00 TRACK
56.471	>>> V 0.00 0.00
56.474	S 20252684 7.29 12.30 0.00 0.00 TRACK
56.491	>>> V 0.00 0.00
56.491	S 20252704 7.29 12.30 0.00 0.00 TRACK
56.514	>>> V 0.00 0.00
56.514	S 20252724 7.29 12.30 0.00 0.00 TRACK
56.533	>>> V 0.00 0.00
56.534	S 20252744 7.29 12.30 0.00 0.00 TRACK
56.558	>>> V 0.00 0.00
56.558	S 20252764 7.29 12.30 0.00 0.00 TRACK
56.571	>>> V 0.00 0.00
56.571	S 20252784 7.29 12.30 0.00 0.00 TRACK
56.593	>>> V 0.00 0.00
56.594	S 20252804 7.29 12.30 0.00 0.00 TRACK
56.611	>>> V 0.00 0.00
56.611	S 20252824 7.29 12.30 0.00 0.00 TRACK
56.639	>>> V -1.95 0.00
56.640	S 20252844 7.21 12.30 0.00 0.00 TRACK
56.651	>>> V -1.95 0.00
56.652	S 20252864 7.29 12.30 0.00 0.00 TRACK
56.677	>>> V -2.20 0.00
56.681	S 20252884 7.21 12.30 0.00 0.00 TRACK
56.693	>>> V -2.20 0.00
56.693	S 20252904 7.29 12.30 0.00 0.00 TRACK
56.714	>>> V -2.20 0.00
56.715	S 20252924 7.29 12.30 0.00 0.00 TRACK
56.731	>>> V -2.39 0.00
56.731	S 20252944 7.29 12.30 0.00 0.00 TRACK
56.755	>>> V -2.64 0.00
56.755	S 20252964 7.21 12.30 0.00 0.00 TRACK
56.771	>>> V -2.64 0.00
56.771	S 20252984 7.21 12.30 0.00 0.00 TRACK
56.792	>>> V -2.64 0.00
56.796	S 20253004 7.12 12.30 -1.37 0.00 TRACK
56.812	>>> V -2.82 0.00
56.816	S 20253024 7.03 12.30 -2.75 0.00 TRACK
56.833	>>> V -3.29 0.00
56.833	S 20253044 6.94 12.30 -2.75 0.00 TRACK
56.852	>>> V -3.29 0.00
56.854	S 20253064 7.03 12.30 -2.75 0.00 TRACK
56.875	>>> V -3.63 0.00
56.876	S 20253084 6.94 12.30 -1.37 0.00 TRACK
56.894	>>> V -3.63 0.00
56.895	S 20253104 6.86 12.30 -1.37 0.00 TRACK
56.916	>>> V -3.63 0.00
56.918	S 20253124 6.77 12.30 -1.37 0.00 TRACK
56.934	>>> V -3.63 0.00
56.936	S 20253144 6.68 12.30 -2.75 0.00 TRACK
56.954	>>> V -4.09 0.00
56.955	S 20253164 6.59 12.30 -4.12 0.00 TRACK
56.972	>>> V -4.62 0.00
56.975	S 20253184 6.50 12.30 -4.12 0.00 TRACK
56.991	>>> V -4.62 0.00
56.992	S 20253204 6.33 12.30 -4.12 0.00 TRACK
57.023	>>> V -5.28 0.00
57.024	S 20253224 6.33 12.30 -4.12 0.00 TRACK
57.032	>>> V -5.28 0.00
57.033	S 20253244 6.33 12.30 -2.75 0.00 TRACK
57.054	>>> V -6.41 0.00
57.055	S 20253264 6.24 12.30 -2.75 0.00 TRACK
57.072	>>> V -6.41 0.00
57.075	S 20253284 6.06 12.30 -2.75 0.00 TRACK
57.093	>>> V -7.16 0.00
57.094	S 20253304 5.98 12.30 -4.12 0.00 TRACK
57.121	>>> V -7.67 0.00
57.124	S 20253324 5.89 12.30 -4.12 0.00 TRACK
57.135	>>> V -7.67 0.00
57.138	S 20253344 5.71 12.30 -4.12 0.00 TRACK
57.152	>>> V -8.02 0.00
57.153	S 20253364 5.62 12.30 -5.50 0.00 TRACK
57.177	>>> V -8.43 0.00
57.178	S 20253384 5.54 12.30 -5.50 0.00 TRACK
57.192	>>> V -8.43 0.00
57.193	S 20253404 5.45 12.30 -5.50 0.00 TRACK
57.211	>>> V -8.43 0.00
57.212	S 20253424 5.27 12.30 -5.50 0.00 TRACK
57.231	>>> V -8.90 0.00
57.233	S 20253444 5.01 12.30 -5.50 0.00 TRACK
57.252	>>> V -9.59 0.00
57.253	S 20253464 4.83 12.30 -8.24 0.00 TRACK
57.272	>>> V -9.59 0.00
57.274	S 20253484 4.66 12.30 -8.24 0.00 TRACK
57.296	>>> V -10.19 0.00
57.298	S 20253504 4.39 12.30 -9.62 0.00 TRACK
57.312	>>> V -10.90 0.00
57.315	S 20253524 4.22 12.30 -9.62 0.00 TRACK
57.332	>>> V -10.90 0.00
57.333	S 20253544 4.04 12.30 -9.62 0.00 TRACK
57.353	>>> V -11.63 2.87
57.355	S 20253564 3.96 12.30 -8.24 0.00 TRACK
57.372	>>> V -11.63 2.87
57.375	S 20253584 3.78 12.30 -6.87 0.00 TRACK
57.391	>>> V -12.40 3.26
57.393	S 20253604 3.52 12.30 -8.24 0.00 TRACK
57.411	>>> V -12.40 3.26
57.414	S 20253624 3.34 12.30 -8.24 0.00 TRACK
57.432	>>> V -13.19 3.55
57.432	S 20253644 3.08 12.30 -9.62 0.00 TRACK
57.452	>>> V -13.19 3.55
57.453	S 20253664 2.90 12.30 -9.62 0.00 TRACK
57.472	>>> V -13.78 3.77
57.473	S 20253684 2.64 12.30 -9.62 0.00 TRACK
57.493	>>> V -13.78 3.77
57.494	S 20253704 2.29 12.39 -10.99 0.00 TRACK
57.513	>>> V -14.32 3.95
57.513	S 20253724 2.02 12.57 -12.37 1.37 TRACK
57.531	>>> V -15.47 3.99
57.533	S 20253744 1.76 12.66 -12.37 4.12 TRACK
57.552	>>> V -15.47 3.99
57.555	S 20253764 1.49 12.83 -12.37 4.12 TRACK
57.571	>>> V -16.11 3.93
57.571	S 20253784 1.23 12.92 -12.37 5.50 TRACK
57.592	>>> V -16.11 3.93
57.593	S 20253804 0.97 12.92 -13.74 4.12 TRACK
57.611	>>> V -16.43 3.87
57.614	S 20253824 0.62 13.01 -13.74 2.75 TRACK
57.631	>>> V -16.43 3.87
57.633	S 20253844 0.35 13.10 -13.74 2.75 TRACK
57.652	>>> V -16.66 3.77
57.654	S 20253864 0.00 13.18 -13.74 2.75 TRACK
57.674	>>> V -16.66 3.77
57.675	S 20253884 -0.26 13.27 -15.11 4.12 TRACK
57.693	>>> V -16.66 3.77
57.694	S 20253904 -0.62 13.36 -15.11 4.12 TRACK
57.717	>>> V -16.72 3.66
57.720	S 20253924 -0.97 13.45 -15.11 4.12 TRACK
57.732	>>> V -16.72 3.66
57.734	S 20253944 -1.32 13.54 -15.11 4.12 TRACK
57.754	>>> V -16.53 3.47
57.755	S 20253964 -1.58 13.62 -15.11 2.75 TRACK
57.776	>>> V -16.23 3.32
57.777	S 20253984 -1.93 13.71 -15.11 2.75 TRACK
57.794	>>> V -16.23 3.32
57.797	S 20254004 -2.29 13.80 -15.11 4.12 TRACK
57.812	>>> V -16.23 3.32
57.815	S 20254024 -2.64 13.80 -16.49 4.12 TRACK
57.832	>>> V -15.89 3.10
57.834	S 20254044 -2.90 13.80 -16.49 2.75 TRACK
57.856	>>> V -15.44 0.00
57.857	S 20254064 -3.25 13.89 -16.49 1.37 TRACK
57.877	>>> V -14.88 0.00
57.877	S 20254084 -3.60 13.89 -15.11 1.37 TRACK
57.892	>>> V -14.88 0.00
57.892	S 20254104 -3.87 13.97 -15.11 1.37 TRACK
57.911	>>> V -14.18 0.00
57.911	S 20254124 -4.22 13.97 -15.11 1.37 TRACK
57.932	>>> V -14.18 0.00
57.934	S 20254144 -4.57 13.97 -15.11 1.37 TRACK
57.953	>>> V -12.59 0.00
57.955	S 20254164 -4.83 13.97 -15.11 0.00 TRACK
57.972	>>> V -12.59 0.00
57.973	S 20254184 -5.10 13.97 -15.11 0.00 TRACK
57.993	>>> V -11.73 0.00
57.993	S 20254204 -5.45 13.97 -13.74 0.00 TRACK
58.020	>>> V -10.91 0.00
58.020	S 20254224 -5.71 13.97 -13.74 0.00 TRACK
58.032	>>> V -10.91 0.00
58.035	S 20254244 -5.98 13.97 -13.74 0.00 TRACK
58.058	>>> V -10.08 0.00
58.059	S 20254264 -6.33 14.06 -13.74 0.00 TRACK
58.076	>>> V -10.08 0.00
58.079	S 20254284 -6.59 13.97 -12.37 0.00 TRACK
58.092	>>> V -10.08 0.00
58.093	S 20254304 -6.77 13.97 -12.37 0.00 TRACK
58.112	>>> V -8.36 0.00
58.115	S 20254324 -7.03 13.97 -10.99 0.00 TRACK
58.131	>>> V -8.36 0.00
58.134	S 20254344 -7.21 13.97 -10.99 0.00 TRACK
58.155	>>> V -7.57 0.00
58.156	S 20254364 -7.38 13.97 -10.99 0.00 TRACK
58.173	>>> V -7.57 0.00
58.174	S 20254384 -7.56 13.97 -9.62 0.00 TRACK
58.191	>>> V -6.85 0.00
58.191	S 20254404 -7.82 13.97 -9.62 0.00 TRACK
58.212	>>> V -6.85 0.00
58.213	S 20254424 -8.00 13.97 -9.62 0.00 TRACK
58.231	>>> V -6.24 0.00
58.235	S 20254444 -8.09 13.97 -8.24 0.00 TRACK
58.252	>>> V -6.24 0.00
58.253	S 20254464 -8.26 13.97 -8.24 0.00 TRACK
58.276	>>> V -5.68 0.00
58.277	S 20254484 -8.35 14.06 -6.87 0.00 TRACK
58.291	>>> V -5.68 0.00
58.292	S 20254504 -8.44 14.06 -5.50 0.00 TRACK
58.312	>>> V -5.27 0.00
58.314	S 20254524 -8.61 13.97 -5.50 0.00 TRACK
58.332	>>> V -4.66 0.00
58.332	S 20254544 -8.70 13.97 -5.50 0.00 TRACK
58.352	>>> V -4.66 0.00
58.352	S 20254564 -8.88 13.97 -5.50 0.00 TRACK
58.372	>>> V -4.48 0.00
58.373	S 20254584 -9.05 13.97 -5.50 0.00 TRACK
58.391	>>> V -4.48 0.00
58.392	S 20254604 -9.14 14.06 -5.50 0.00 TRACK
58.412	>>> V -4.48 0.00
58.413	S 20254624 -9.23 13.97 -5.50 0.00 TRACK
58.435	>>> V -4.26 0.00
58.436	S 20254644 -9.32 13.97 -4.12 0.00 TRACK
58.451	>>> V -4.26 0.00
58.452	S 20254664 -9.49 13.97 -4.12 0.00 TRACK
58.472	>>> V -4.12 0.00
58.473	S 20254684 -9.58 13.97 -4.12 0.00 TRACK
58.491	>>> V -4.02 0.00
58.491	S 20254704 -9.67 13.97 -4.12 0.00 TRACK
58.514	>>> V -3.92 0.00
58.515	S 20254724 -9.76 13.97 -4.12 0.00 TRACK
58.532	>>> V -3.92 0.00
58.535	S 20254744 -9.84 14.06 -4.12 0.00 TRACK
58.559	>>> V -3.78 0.00
58.562	S 20254764 -9.93 13.97 -4.12 0.00 TRACK
58.573	>>> V -3.78 0.00
58.574	S 20254784 -10.02 13.97 -4.12 0.00 TRACK
58.591	>>> V -3.55 0.00
58.592	S 20254804 -10.11 13.97 -4.12 0.00 TRACK
58.611	>>> V -3.30 0.00
58.614	S 20254824 -10.20 13.97 -4.12 0.00 TRACK
58.634	>>> V -3.30 0.00
58.636	S 20254844 -10.20 13.97 -4.12 0.00 TRACK
58.653	>>> V -2.99 0.00
58.655	S 20254864 -10.28 13.97 -2.75 0.00 TRACK
58.679	>>> V -2.64 0.00
58.682	S 20254885 -10.28 13.97 -2.75 0.00 TRACK
58.692	>>> V -2.64 0.00
58.692	S 20254905 -10.28 14.06 -1.37 0.00 TRACK
58.711	>>> V -2.29 0.00
58.712	S 20254925 -10.37 13.97 0.00 0.00 TRACK
58.731	>>> V -2.00 0.00
58.733	S 20254945 -10.46 14.06 -1.37 0.00 TRACK
58.751	>>> V -2.00 0.00
58.752	S 20254965 -10.55 13.97 -2.75 0.00 TRACK
58.772	>>> V -2.00 0.00
58.773	S 20254985 -10.63 13.97 -2.75 0.00 TRACK
58.794	>>> V 0.00 0.00
58.794	S 20255005 -10.55 13.97 -2.75 0.00 TRACK
58.812	>>> V 0.00 0.00
58.813	S 20255025 -10.55 13.97 -1.37 0.00 TRACK
58.831	>>> V 0.00 0.00
58.832	S 20255045 -10.55 13.97 0.00 0.00 TRACK
58.852	>>> V 0.00 0.00
58.852	S 20255065 -10.55 13.97 0.00 0.00 TRACK
58.872	>>> V 0.00 0.00
58.873	S 20255085 -10.63 13.97 0.00 0.00 TRACK
58.893	>>> V 0.00 0.00
58.893	S 20255105 -10.55 13.97 0.00 0.00 TRACK
58.912	>>> V 0.00 0.00
58.912	S 20255125 -10.55 13.97 0.00 0.00 TRACK
58.933	>>> V 0.00 0.00
58.934	S 20255145 -10.55 13.97 0.00 0.00 TRACK
58.957	>>> V 0.00 0.00
58.959	S 20255165 -10.55 13.97 0.00 0.00 TRACK
58.974	>>> V 0.00 0.00
58.977	S 20255185 -10.55 13.97 0.00 0.00 TRACK
58.997	>>> V 0.00 0.00
58.998	S 20255205 -10.55 13.97 0.00 0.00 TRACK
59.015	>>> V 0.00 0.00
59.015	S 20255225 -10.55 13.97 0.00 0.00 TRACK
59.034	>>> V 0.00 0.00
59.034	S 20255245 -10.55 13.97 0.00 0.00 TRACK
59.052	>>> V 0.00 0.00
59.052	S 20255265 -10.55 13.97 0.00 0.00 TRACK
59.072	>>> V 0.00 0.00
59.075	S 20255285 -10.55 13.97 0.00 0.00 TRACK
59.093	>>> V 0.00 0.00
59.094	S 20255305 -10.55 13.97 0.00 0.00 TRACK
59.113	>>> V 0.00 0.00
59.115	S 20255325 -10.55 13.97 0.00 0.00 TRACK
59.133	>>> V 0.00 0.00
59.136	S 20255345 -10.55 13.97 0.00 0.00 TRACK
59.154	>>> V 0.00 0.00
59.154	S 20255365 -10.55 14.06 0.00 0.00 TRACK
59.172	>>> V 0.00 0.00
59.174	S 20255385 -10.55 13.97 0.00 0.00 TRACK
59.192	>>> V 0.00 0.00
59.193	S 20255405 -10.55 13.97 0.00 0.00 TRACK
59.213	>>> V 0.00 0.00
59.215	S 20255425 -10.55 13.97 0.00 0.00 TRACK
59.231	>>> V 0.00 0.00
59.232	S 20255445 -10.55 13.97 0.00 0.00 TRACK
59.253	>>> V 0.00 0.00
59.254	S 20255465 -10.55 13.97 0.00 0.00 TRACK
59.273	>>> V 0.00 0.00
59.274	S 20255485 -10.55 13.97 0.00 0.00 TRACK
59.292	>>> V 0.00 0.00
59.294	S 20255505 -10.55 13.97 0.00 0.00 TRACK
59.311	>>> V 0.00 0.00
59.312	S 20255525 -10.55 14.06 0.00 0.00 TRACK
59.331	>>> V 0.00 0.00
59.336	S 20255545 -10.55 13.97 0.00 0.00 TRACK
59.354	>>> V 0.00 0.00
59.357	S 20255565 -10.55 13.97 0.00 0.00 TRACK
59.371	>>> V 0.00 0.00
59.373	S 20255585 -10.55 14.06 0.00 0.00 TRACK
59.391	>>> V 0.00 0.00
59.413	>>> V 0.00 0.00
59.414	S 20255605 -10.55 14.06 0.00 0.00 TRACK
59.420	S 20255625 -10.55 13.97 0.00 0.00 TRACK
59.432	>>> V 0.00 0.00
59.432	S 20255645 -10.55 13.97 0.00 0.00 TRACK
59.455	>>> V 0.00 0.00
59.456	S 20255665 -10.55 13.97 0.00 0.00 TRACK
59.471	>>> V 0.00 0.00
59.473	S 20255685 -10.55 13.97 0.00 0.00 TRACK
59.491	>>> V 0.00 0.00
59.492	S 20255705 -10.55 13.97 0.00 0.00 TRACK
59.511	>>> V 0.00 0.00
59.511	S 20255725 -10.55 13.97 0.00 0.00 TRACK
59.531	>>> V 0.00 0.00
59.532	S 20255745 -10.55 14.06 0.00 0.00 TRACK
59.555	>>> V 0.00 0.00
59.556	S 20255765 -10.55 13.97 0.00 0.00 TRACK
59.574	>>> V 0.00 0.00
59.574	S 20255785 -10.55 13.97 0.00 0.00 TRACK
59.591	>>> V 0.00 0.00
59.592	S 20255805 -10.55 13.97 0.00 0.00 TRACK
59.614	>>> V 0.00 0.00
59.615	S 20255825 -10.55 13.97 0.00 0.00 TRACK
59.632	>>> V 0.00 0.00
59.633	S 20255845 -10.55 13.97 0.00 0.00 TRACK
59.655	>>> V 0.00 0.00
59.656	S 20255865 -10.55 13.97 0.00 0.00 TRACK
59.674	>>> V 0.00 0.00
59.675	S 20255885 -10.55 13.97 0.00 0.00 TRACK
59.691	>>> V 0.00 0.00
59.693	S 20255905 -10.55 13.97 0.00 0.00 TRACK
59.712	>>> V 0.00 0.00
59.713	S 20255925 -10.55 13.97 0.00 0.00 TRACK
59.730	>>> V -2.45 0.00
59.732	S 20255945 -10.55 14.06 0.00 0.00 TRACK
59.760	>>> V -3.63 0.00
59.761	S 20255965 -10.55 13.97 0.00 0.00 TRACK
59.771	>>> V -3.63 0.00
59.771	S 20255985 -10.63 13.97 0.00 0.00 TRACK
59.793	>>> V -5.09 0.00
59.794	S 20256005 -10.72 13.97 -1.37 0.00 TRACK
59.811	>>> V -5.09 0.00
59.811	S 20256025 -10.81 13.97 -2.75 0.00 TRACK
59.831	>>> V -5.09 0.00
59.832	S 20256045 -10.90 13.97 -4.12 0.00 TRACK
59.855	>>> V -6.56 0.00
59.856	S 20256065 -10.99 13.97 -4.12 0.00 TRACK
59.871	>>> V -6.56 0.00
59.874	S 20256085 -11.16 13.97 -4.12 0.00 TRACK
59.896	>>> V -8.08 0.00
59.896	S 20256105 -11.25 13.97 -4.12 0.00 TRACK
59.912	>>> V -9.70 0.00
59.913	S 20256125 -11.34 13.97 -4.12 0.00 TRACK
59.932	>>> V -11.32 0.00
59.933	S 20256145 -11.43 13.97 -4.12 0.00 TRACK
59.956	>>> V -13.01 0.00
59.957	S 20256165 -11.51 14.06 -4.12 0.00 TRACK
59.972	>>> V -13.01 0.00
59.974	S 20256185 -11.78 13.97 -5.50 0.00 TRACK
59.993	>>> V -13.01 0.00
59.994	S 20256205 -11.95 13.97 -6.87 0.00 TRACK
60.011	>>> V -14.59 0.00
60.012	S 20256225 -12.22 14.06 -8.24 0.00 TRACK
60.035	>>> V -15.88 0.00
60.039	S 20256245 -12.39 13.97 -9.62 0.00 TRACK
60.052	>>> V -15.88 0.00
60.052	S 20256265 -12.66 13.97 -9.62 0.00 TRACK
60.072	>>> V -17.16 0.00
60.073	S 20256285 -12.92 14.06 -10.99 0.00 TRACK
60.091	>>> V -17.16 0.00
60.092	S 20256305 -13.18 13.97 -12.37 0.00 TRACK
60.112	>>> V -18.19 0.00
60.115	S 20256325 -13.45 13.97 -12.37 0.00 TRACK
60.131	>>> V -19.00 0.00
60.132	S 20256345 -13.80 13.97 -13.74 0.00 TRACK
60.151	>>> V -19.00 0.00
60.153	S 20256365 -14.15 13.97 -13.74 0.00 TRACK
60.175	>>> V -19.64 0.00
60.176	S 20256385 -14.50 14.06 -15.11 0.00 TRACK
60.193	>>> V -19.64 0.00
60.194	S 20256405 -14.85 13.97 -16.49 0.00 TRACK
60.213	>>> V -20.07 0.00
60.219	S 20256425 -15.21 13.97 -16.49 0.00 TRACK
60.235	>>> V -20.07 0.00
60.236	S 20256445 -15.56 13.97 -16.49 0.00 TRACK
60.251	>>> V -20.01 0.00
60.254	S 20256465 -15.91 13.97 -17.86 0.00 TRACK
60.273	>>> V -20.01 0.00
60.277	S 20256485 -16.35 13.97 -17.86 0.00 TRACK
60.292	>>> V -19.76 0.00
60.293	S 20256505 -16.70 13.97 -17.86 0.00 TRACK
60.314	>>> V -19.40 0.00
60.315	S 20256525 -17.14 13.97 -19.24 0.00 TRACK
60.335	>>> V -18.93 0.00
60.335	S 20256545 -17.58 13.97 -19.24 0.00 TRACK
60.352	>>> V -18.93 0.00
60.353	S 20256565 -17.93 14.06 -19.24 0.00 TRACK
60.374	>>> V -18.34 0.00
60.377	S 20256585 -18.28 13.97 -19.24 0.00 TRACK
60.393	>>> V -18.34 0.00
60.393	S 20256605 -18.72 13.97 -19.24 0.00 TRACK
60.411	>>> V -17.60 0.00
60.413	S 20256625 -19.07 13.97 -19.24 0.00 TRACK
60.431	>>> V -17.60 0.00
60.432	S 20256645 -19.51 13.97 -19.24 0.00 TRACK
60.461	>>> V -16.84 0.00
60.462	S 20256665 -19.86 13.97 -19.24 0.00 TRACK
60.472	>>> V -15.96 0.00
60.473	S 20256685 -20.21 13.97 -17.86 0.00 TRACK
60.492	>>> V -15.96 0.00
60.492	S 20256705 -20.57 13.97 -17.86 0.00 TRACK
60.511	>>> V -15.06 0.00
60.512	S 20256725 -20.92 13.97 -17.86 0.00 TRACK
60.530	>>> V -14.13 0.00
60.532	S 20256745 -21.27 13.97 -16.49 0.00 TRACK
60.553	>>> V -14.13 0.00
60.554	S 20256765 -21.62 13.97 -16.49 0.00 TRACK
60.572	>>> V -13.25 0.00
60.572	S 20256785 -21.97 13.97 -16.49 0.00 TRACK
60.594	>>> V -13.25 0.00
60.594	S 20256805 -22.24 13.97 -16.49 0.00 TRACK
60.616	>>> V -13.25 0.00
60.617	S 20256825 -22.50 13.97 -16.49 0.00 TRACK
60.634	>>> V -12.40 0.00
60.635	S 20256845 -22.76 13.97 -15.11 0.00 TRACK
60.651	>>> V -11.55 0.00
60.654	S 20256865 -23.12 13.97 -15.11 0.00 TRACK
60.673	>>> V -11.55 0.00
60.674	S 20256885 -23.38 13.97 -13.74 0.00 TRACK
60.695	>>> V -10.67 0.00
60.698	S 20256905 -23.55 13.97 -12.37 0.00 TRACK
60.712	>>> V -9.91 0.00
60.713	S 20256925 -23.91 13.97 -12.37 0.00 TRACK
60.733	>>> V -9.91 0.00
60.734	S 20256945 -24.08 13.97 -12.37 0.00 TRACK
60.751	>>> V -9.15 0.00
60.752	S 20256965 -24.26 13.97 -10.99 0.00 TRACK
60.771	>>> V -8.36 0.00
60.771	S 20256985 -24.52 13.97 -10.99 0.00 TRACK
60.792	>>> V -8.36 0.00
60.794	S 20257005 -24.70 13.97 -9.62 0.00 TRACK
60.811	>>> V -8.36 0.00
60.814	S 20257025 -24.87 13.97 -9.62 0.00 TRACK
60.835	>>> V -7.69 0.00
60.836	S 20257045 -25.14 13.97 -9.62 0.00 TRACK
60.860	>>> V -7.22 0.00
60.861	S 20257065 -25.22 13.97 -9.62 0.00 TRACK
60.872	>>> V -7.22 0.00
60.872	S 20257085 -25.40 13.97 -8.24 0.00 TRACK
60.892	>>> V -6.75 0.00
60.894	S 20257105 -25.66 13.97 -8.24 0.00 TRACK
60.912	>>> V -6.75 0.00
60.913	S 20257125 -25.75 13.97 -8.24 0.00 TRACK
60.932	>>> V -6.25 0.00
60.933	S 20257145 -25.93 14.06 -6.87 0.00 TRACK
60.955	>>> V -6.25 0.00
60.957	S 20257165 -26.02 13.97 -6.87 0.00 TRACK
60.973	>>> V -6.25 0.00
60.974	S 20257185 -26.19 13.97 -6.87 0.00 TRACK
60.996	>>> V -6.26 0.00
60.999	S 20257205 -26.28 13.97 -5.50 0.00 TRACK
61.012	>>> V -6.34 0.00
61.017	S 20257225 -26.37 13.97 -5.50 0.00 TRACK
61.032	>>> V -6.34 0.00
61.032	S 20257245 -26.54 13.97 -5.50 0.00 TRACK
61.051	>>> V -6.34 0.00
61.051	S 20257265 -26.72 13.97 -5.50 0.00 TRACK
61.073	>>> V -6.59 0.00
61.073	S 20257285 -26.81 13.97 -5.50 0.00 TRACK
61.092	>>> V -6.95 0.00
61.095	S 20257305 -26.98 13.97 -5.50 0.00 TRACK
61.114	>>> V -7.32 0.00
61.117	S 20257325 -27.07 13.97 -5.50 0.00 TRACK
61.132	>>> V -7.85 0.00
61.135	S 20257345 -27.25 13.97 -5.50 0.00 TRACK
61.156	>>> V -7.85 0.00
61.156	S 20257365 -27.42 13.97 -5.50 0.00 TRACK
61.178	>>> V -7.85 0.00
61.179	S 20257385 -27.60 13.97 -5.50 0.00 TRACK
61.196	>>> V -8.35 0.00
61.197	S 20257405 -27.69 13.97 -6.87 0.00 TRACK
61.216	>>> V -8.77 0.00
61.218	S 20257425 -27.86 13.97 -6.87 0.00 TRACK
61.239	>>> V -8.77 0.00
61.240	S 20257445 -28.04 14.06 -6.87 0.00 TRACK
61.259	>>> V -8.77 0.00
61.261	S 20257465 -28.21 13.97 -8.24 0.00 TRACK
61.272	>>> V -9.22 0.00
61.274	S 20257485 -28.39 14.06 -8.24 0.00 TRACK
61.291	>>> V -9.22 0.00
61.292	S 20257505 -28.56 13.97 -8.24 0.00 TRACK
61.313	>>> V -9.55 0.00
61.313	S 20257525 -28.74 13.97 -8.24 0.00 TRACK
61.332	>>> V -9.55 0.00
61.334	S 20257545 -28.92 13.97 -8.24 0.00 TRACK
61.358	>>> V -10.22 0.00
61.359	S 20257565 -29.09 13.97 -8.24 0.00 TRACK
61.371	>>> V -10.22 0.00
61.372	S 20257585 -29.27 13.97 -8.24 0.00 TRACK
61.391	>>> V -10.22 0.00
61.393	S 20257605 -29.44 13.97 -8.24 0.00 TRACK
61.415	>>> V -10.22 0.00
61.417	S 20257625 -29.62 13.97 -8.24 0.00 TRACK
61.432	>>> V -10.22 0.00
61.433	S 20257645 -29.88 13.97 -8.24 0.00 TRACK
61.455	>>> V -10.20 0.00
61.456	S 20257665 -30.06 13.97 -8.24 0.00 TRACK
61.473	>>> V -10.20 0.00
61.475	S 20257685 -30.15 13.97 -8.24 0.00 TRACK
61.493	>>> V -10.20 0.00
61.494	S 20257705 -30.32 13.97 -8.24 0.00 TRACK
61.513	>>> V -10.19 0.00
61.516	S 20257725 -30.50 13.97 -8.24 0.00 TRACK
61.531	>>> V -10.19 0.00
61.531	S 20257745 -30.76 13.97 -9.62 0.00 TRACK
61.552	>>> V -10.19 0.00
61.554	S 20257765 -31.03 14.06 -9.62 0.00 TRACK
61.574	>>> V -10.18 0.00
61.575	S 20257785 -31.11 13.97 -9.62 0.00 TRACK
61.596	>>> V -10.18 0.00
61.597	S 20257805 -31.38 13.97 -9.62 0.00 TRACK
61.611	>>> V -10.16 0.00
61.611	S 20257825 -31.55 13.97 -9.62 0.00 TRACK
61.631	>>> V -10.15 0.00
61.633	S 20257845 -31.73 13.97 -9.62 0.00 TRACK
61.655	>>> V -10.20 0.00
61.657	S 20257865 -31.90 13.97 -9.62 0.00 TRACK
61.672	>>> V -10.20 0.00
61.672	S 20257885 -32.08 13.97 -9.62 0.00 TRACK
61.693	>>> V -10.20 0.00
61.695	S 20257905 -32.34 13.97 -9.62 0.00 TRACK
61.712	>>> V -10.23 0.00
61.714	S 20257925 -32.52 13.97 -8.24 0.00 TRACK
61.731	>>> V -10.28 0.00
61.733	S 20257945 -32.70 13.97 -8.24 0.00 TRACK
61.757	>>> V -10.34 0.00
61.759	S 20257965 -32.87 13.97 -8.24 0.00 TRACK
61.774	>>> V -10.34 0.00
61.775	S 20257985 -33.05 13.97 -8.24 0.00 TRACK
61.792	>>> V -10.34 0.00
61.793	S 20258005 -33.22 13.97 -8.24 0.00 TRACK
61.813	>>> V -10.38 0.00
61.815	S 20258025 -33.40 13.97 -8.24 0.00 TRACK
61.832	>>> V -10.38 0.00
61.832	S 20258045 -33.66 13.97 -9.62 0.00 TRACK
61.859	>>> V -10.45 0.00
61.860	S 20258065 -33.84 13.97 -9.62 0.00 TRACK
61.872	>>> V -10.45 0.00
61.874	S 20258085 -34.10 13.97 -9.62 0.00 TRACK
61.892	>>> V -10.58 0.00
61.892	S 20258105 -34.28 13.97 -9.62 0.00 TRACK
61.913	>>> V -10.58 0.00
61.916	S 20258125 -34.45 14.06 -9.62 0.00 TRACK
61.938	>>> V -10.78 0.00
61.941	S 20258145 -34.72 14.06 -9.62 0.00 TRACK
61.957	>>> V -10.90 0.00
61.960	S 20258165 -34.89 13.97 -9.62 0.00 TRACK
61.974	>>> V -10.90 0.00
61.978	S 20258185 -35.07 13.97 -9.62 0.00 TRACK
61.992	>>> V -11.14 0.00
61.994	S 20258205 -35.33 13.97 -9.62 0.00 TRACK
62.015	>>> V -11.42 0.00
62.016	S 20258225 -35.51 13.97 -9.62 0.00 TRACK
62.035	>>> V -11.42 0.00
62.035	S 20258245 -35.68 14.06 -9.62 0.00 TRACK
62.054	>>> V -11.60 0.00
62.054	S 20258265 -35.95 14.06 -9.62 0.00 TRACK
62.074	>>> V -11.60 0.00
62.076	S 20258285 -36.12 13.97 -9.62 0.00 TRACK
62.092	>>> V -11.70 0.00
62.092	S 20258305 -36.30 14.06 -9.62 0.00 TRACK
62.111	>>> V -11.79 0.00
62.114	S 20258325 -36.56 13.97 -9.62 0.00 TRACK
62.131	>>> V -11.79 0.00
62.133	S 20258345 -36.74 13.97 -9.62 0.00 TRACK
62.156	>>> V -11.76 0.00
62.157	S 20258365 -37.00 13.97 -9.62 0.00 TRACK
62.174	>>> V -11.65 0.00
62.176	S 20258385 -37.27 13.97 -10.99 0.00 TRACK
62.194	>>> V -11.65 0.00
62.197	S 20258405 -37.53 14.06 -10.99 0.00 TRACK
62.212	>>> V -11.40 0.00
62.217	S 20258425 -37.79 13.97 -12.37 0.00 TRACK
62.231	>>> V -11.40 0.00
62.231	S 20258445 -38.06 13.97 -12.37 0.00 TRACK
62.256	>>> V -11.01 0.00
62.257	S 20258465 -38.23 13.97 -12.37 0.00 TRACK
62.273	>>> V -11.01 0.00
62.275	S 20258485 -38.50 13.97 -10.99 0.00 TRACK
62.296	>>> V -10.50 0.00
62.296	S 20258505 -38.67 13.97 -10.99 0.00 TRACK
62.311	>>> V -9.88 0.00
62.312	S 20258525 -38.94 13.97 -10.99 0.00 TRACK
62.339	>>> V -9.03 0.00
62.341	S 20258545 -39.11 13.97 -9.62 0.00 TRACK
62.352	>>> V -9.03 0.00
62.353	S 20258565 -39.29 14.06 -9.62 0.00 TRACK
62.378	>>> V -9.03 0.00
62.379	S 20258585 -39.46 13.97 -9.62 0.00 TRACK
62.396	>>> V -8.01 0.00
62.398	S 20258605 -39.73 13.97 -9.62 0.00 TRACK
62.414	>>> V -8.01 0.00
62.417	S 20258625 -39.90 13.97 -9.62 0.00 TRACK
62.435	>>> V -6.89 0.00
62.437	S 20258645 -40.08 13.97 -9.62 0.00 TRACK
62.452	>>> V -5.68 0.00
62.453	S 20258665 -40.25 13.97 -9.62 0.00 TRACK
62.475	>>> V -5.68 0.00
62.477	S 20258685 -40.52 13.97 -9.62 0.00 TRACK
62.492	>>> V -4.29 0.00
62.496	S 20258705 -40.69 13.97 -9.62 0.00 TRACK
62.515	>>> V -4.29 0.00
62.517	S 20258725 -40.78 13.97 -8.24 0.00 TRACK
62.532	>>> V -2.76 0.00
62.533	S 20258745 -40.87 13.97 -6.87 0.00 TRACK
62.557	>>> V 0.00 0.00
62.561	S 20258765 -40.96 13.97 -5.50 0.00 TRACK
62.571	>>> V 0.00 0.00
62.573	S 20258785 -41.04 13.97 -5.50 0.00 TRACK
62.591	>>> V 0.00 0.00
62.592	S 20258805 -41.13 13.97 -4.12 0.00 TRACK
62.611	>>> V 2.33 0.00
62.612	S 20258825 -41.13 13.97 -2.75 0.00 TRACK
62.642	>>> V 4.00 0.00
62.642	S 20258845 -41.13 13.97 -1.37 0.00 TRACK
62.655	>>> V 4.00 0.00
62.657	S 20258865 -41.13 13.97 0.00 0.00 TRACK
62.672	>>> V 4.00 0.00
62.673	S 20258885 -41.13 13.97 0.00 0.00 TRACK
62.690	>>> V 5.70 0.00
62.691	S 20258905 -41.13 13.97 0.00 0.00 TRACK
62.713	>>> V 5.70 0.00
62.716	S 20258925 -41.04 13.97 0.00 0.00 TRACK
62.737	>>> V 7.42 -2.85
62.737	S 20258945 -40.87 14.06 1.37 0.00 TRACK
62.763	>>> V 8.99 -3.30
62.763	S 20258965 -40.78 13.97 2.75 0.00 TRACK
62.771	>>> V 8.99 -3.30
62.773	S 20258985 -40.61 13.97 5.50 0.00 TRACK
62.792	>>> V 8.99 -3.30
62.793	S 20259005 -40.52 13.97 5.50 0.00 TRACK
62.813	>>> V 10.48 -3.61
62.814	S 20259025 -40.34 13.97 5.50 0.00 TRACK
62.832	>>> V 11.99 -3.94
62.835	S 20259045 -40.25 13.97 5.50 0.00 TRACK
62.853	>>> V 11.99 -3.94
62.856	S 20259065 -40.08 13.89 6.87 0.00 TRACK
62.871	>>> V 13.32 -4.08
62.873	S 20259085 -39.90 13.89 6.87 0.00 TRACK
62.895	>>> V 13.32 -4.08
62.897	S 20259105 -39.64 13.71 8.24 -1.37 TRACK
62.913	>>> V 14.71 -4.25
62.913	S 20259125 -39.38 13.62 9.62 -4.12 TRACK
62.932	>>> V 16.21 -4.46
62.933	S 20259145 -39.20 13.54 9.62 -4.12 TRACK
62.961	>>> V 17.47 -4.31
62.961	S 20259165 -38.85 13.45 10.99 -4.12 TRACK
62.972	>>> V 17.47 -4.31
62.974	S 20259185 -38.58 13.36 10.99 -4.12 TRACK
62.995	>>> V 17.47 -4.31
62.995	S 20259205 -38.23 13.27 12.37 -2.75 TRACK
63.012	>>> V 18.64 -4.32
63.014	S 20259225 -37.97 13.18 13.74 -2.75 TRACK
63.033	>>> V 19.73 -4.33
63.035	S 20259245 -37.62 13.18 15.11 -2.75 TRACK
63.052	>>> V 21.80 -4.25
63.054	S 20259265 -37.27 13.10 15.11 -2.75 TRACK
63.074	>>> V 21.80 -4.25
63.075	S 20259285 -36.83 13.01 16.49 -2.75 TRACK
63.091	>>> V 21.80 -4.25
63.092	S 20259305 -36.47 12.92 16.49 -2.75 TRACK
63.112	>>> V 21.80 -4.25
63.113	S 20259325 -36.12 12.83 17.86 -2.75 TRACK
63.131	>>> V 22.70 -4.12
63.133	S 20259345 -35.68 12.83 17.86 -2.75 TRACK
63.153	>>> V 22.70 -4.12
63.153	S 20259365 -35.42 12.66 19.24 -2.75 TRACK
63.177	>>> V 24.02 -3.54
63.178	S 20259385 -34.98 12.57 19.24 -2.75 TRACK
63.194	>>> V 24.02 -3.54
63.195	S 20259405 -34.54 12.48 20.61 -4.12 TRACK
63.213	>>> V 24.02 -3.54
63.216	S 20259425 -34.01 12.39 20.61 -4.12 TRACK
63.232	>>> V 24.53 -3.01
63.232	S 20259445 -33.57 12.39 20.61 -4.12 TRACK
63.251	>>> V 24.84 0.00
63.256	S 20259465 -33.13 12.30 21.98 -4.12 TRACK
63.275	>>> V 25.10 0.00
63.275	S 20259485 -32.61 12.22 21.98 -2.75 TRACK
63.292	>>> V 25.10 0.00
63.293	S 20259505 -32.17 12.13 21.98 -2.75 TRACK
63.312	>>> V 25.10 0.00
63.314	S 20259525 -31.64 12.13 23.36 -2.75 TRACK
63.333	>>> V 25.22 0.00
63.335	S 20259545 -31.20 12.13 23.36 -1.37 TRACK
63.351	>>> V 25.22 0.00
63.352	S 20259565 -30.67 12.13 23.36 0.00 TRACK
63.372	>>> V 25.29 0.00
63.373	S 20259585 -30.15 12.13 23.36 0.00 TRACK
63.391	>>> V 25.29 0.00
63.392	S 20259605 -29.79 12.22 23.36 0.00 TRACK
63.415	>>> V 24.71 0.00
63.416	S 20259625 -29.36 12.13 23.36 0.00 TRACK
63.433	>>> V 24.71 0.00
63.434	S 20259645 -28.83 12.13 23.36 0.00 TRACK
63.454	>>> V 24.34 0.00
63.454	S 20259665 -28.30 12.13 23.36 0.00 TRACK
63.472	>>> V 24.34 0.00
63.473	S 20259685 -27.86 12.13 23.36 0.00 TRACK
63.491	>>> V 23.94 0.00
63.492	S 20259705 -27.42 12.13 23.36 0.00 TRACK
63.511	>>> V 23.94 0.00
63.511	S 20259725 -26.89 12.22 23.36 0.00 TRACK
63.531	>>> V 23.43 0.00
63.535	S 20259745 -26.37 12.22 23.36 0.00 TRACK
63.551	>>> V 22.82 0.00
63.553	S 20259765 -25.93 12.22 23.36 0.00 TRACK
63.572	>>> V 22.82 0.00
63.576	S 20259785 -25.49 12.13 23.36 0.00 TRACK
63.596	>>> V 22.25 0.00
63.599	S 20259805 -24.96 12.13 23.36 0.00 TRACK
63.612	>>> V 22.25 0.00
63.615	S 20259825 -24.52 12.13 23.36 0.00 TRACK
63.631	>>> V 22.25 0.00
63.635	S 20259845 -23.99 12.13 23.36 0.00 TRACK
63.652	>>> V 21.67 0.00
63.656	S 20259865 -23.55 12.22 23.36 0.00 TRACK
63.671	>>> V 21.11 0.00
63.672	S 20259885 -23.12 12.13 21.98 0.00 TRACK
63.693	>>> V 21.11 0.00
63.694	S 20259905 -22.68 12.13 21.98 0.00 TRACK
63.711	>>> V 20.48 2.89
63.712	S 20259925 -22.24 12.13 21.98 0.00 TRACK
63.735	>>> V 20.48 2.89
63.735	S 20259945 -21.80 12.13 21.98 0.00 TRACK
63.751	>>> V 19.76 2.99
63.751	S 20259965 -21.36 12.13 21.98 0.00 TRACK
63.773	>>> V 19.76 2.99
63.775	S 20259985 -20.92 12.22 20.61 0.00 TRACK
63.792	>>> V 19.06 3.15
63.793	S 20260005 -20.57 12.13 20.61 0.00 TRACK
63.813	>>> V 19.06 3.15
63.814	S 20260025 -20.13 12.13 20.61 0.00 TRACK
63.832	>>> V 18.43 3.31
63.834	S 20260045 -19.86 12.22 19.24 0.00 TRACK
63.851	>>> V 18.43 3.31
63.853	S 20260065 -19.51 12.30 17.86 1.37 TRACK
63.873	>>> V 17.73 3.46
63.874	S 20260085 -19.16 12.48 16.49 2.75 TRACK
63.891	>>> V 17.73 3.46
63.895	S 20260105 -18.81 12.48 16.49 2.75 TRACK
63.912	>>> V 16.42 3.93
63.912	S 20260125 -18.37 12.48 17.86 2.75 TRACK
63.933	>>> V 16.42 3.93
63.936	S 20260145 -18.02 12.57 17.86 2.75 TRACK
63.953	>>> V 15.68 4.09
63.953	S 20260165 -17.58 12.74 17.86 2.75 TRACK
63.975	>>> V 15.68 4.09
63.975	S 20260185 -17.23 12.83 17.86 2.75 TRACK
63.996	>>> V 15.00 4.33
63.997	S 20260205 -16.87 12.92 17.86 4.12 TRACK
64.014	>>> V 14.37 4.59
64.015	S 20260225 -16.52 12.92 17.86 4.12 TRACK
64.035	>>> V 14.37 4.59
64.037	S 20260245 -16.26 13.01 16.49 4.12 TRACK
64.062	>>> V 13.83 4.76
64.063	S 20260265 -16.00 13.10 16.49 2.75 TRACK
64.073	>>> V 13.83 4.76
64.077	S 20260285 -15.64 13.27 15.11 4.12 TRACK
64.092	>>> V 13.83 4.76
64.094	S 20260305 -15.38 13.27 15.11 4.12 TRACK
64.111	>>> V 0.00 0.00
64.114	S 20260325 -15.03 13.36 15.11 4.12 TRACK
64.132	>>> V 0.00 0.00
64.133	S 20260345 -14.77 13.45 13.74 4.12 TRACK
64.159	>>> V 0.00 0.00
64.159	S 20260365 -14.50 13.45 13.74 2.75 TRACK
64.173	>>> V 0.00 0.00
64.176	S 20260385 -14.33 13.45 12.37 1.37 TRACK
64.192	>>> V 0.00 0.00
64.195	S 20260405 -14.24 13.45 10.99 0.00 TRACK
64.213	>>> V 0.00 0.00
64.215	S 20260425 -14.24 13.45 6.87 0.00 TRACK
64.232	>>> V 0.00 0.00
64.233	S 20260445 -14.24 13.45 4.12 0.00 TRACK
64.254	>>> V 0.00 0.00
64.256	S 20260465 -14.24 13.45 1.37 0.00 TRACK
64.272	>>> V 0.00 0.00
64.273	S 20260485 -14.24 13.45 0.00 0.00 TRACK
64.291	>>> V 0.00 0.00
64.292	S 20260505 -14.24 13.45 0.00 0.00 TRACK
64.313	>>> V 0.00 0.00
64.314	S 20260525 -14.24 13.45 0.00 0.00 TRACK
64.332	>>> V 0.00 0.00
64.333	S 20260545 -14.24 13.45 0.00 0.00 TRACK
64.352	>>> V 0.00 0.00
64.353	S 20260565 -14.24 13.45 0.00 0.00 TRACK
64.372	>>> V 0.00 0.00
64.373	S 20260585 -14.24 13.45 0.00 0.00 TRACK
64.394	>>> V 0.00 0.00
64.395	S 20260605 -14.33 13.54 0.00 0.00 TRACK
64.415	>>> V 0.00 0.00
64.416	S 20260625 -14.24 13.45 0.00 0.00 TRACK
64.431	>>> V 0.00 0.00
64.432	S 20260645 -14.24 13.45 0.00 0.00 TRACK
64.453	>>> V 0.00 0.00
64.456	S 20260665 -14.24 13.45 0.00 0.00 TRACK
64.473	>>> V 0.00 0.00
64.475	S 20260685 -14.24 13.45 0.00 0.00 TRACK
64.492	>>> V 0.00 0.00
64.492	S 20260705 -14.24 13.45 0.00 0.00 TRACK
64.511	>>> V 0.00 0.00
64.512	S 20260725 -14.24 13.45 0.00 0.00 TRACK
64.531	>>> V 0.00 0.00
64.532	S 20260745 -14.24 13.45 0.00 0.00 TRACK
64.553	>>> V 0.00 0.00
64.553	S 20260765 -14.24 13.54 0.00 0.00 TRACK
64.571	>>> V 0.00 0.00
64.573	S 20260785 -14.24 13.45 0.00 0.00 TRACK
64.592	>>> V 0.00 0.00
64.595	S 20260805 -14.24 13.45 0.00 0.00 TRACK
64.617	>>> V 0.00 0.00
64.617	S 20260825 -14.24 13.45 0.00 0.00 TRACK
64.632	>>> V 0.00 0.00
64.632	S 20260845 -14.24 13.45 0.00 0.00 TRACK
64.654	>>> V 0.00 0.00
64.656	S 20260865 -14.24 13.45 0.00 0.00 TRACK
64.671	>>> V 0.00 0.00
64.674	S 20260885 -14.24 13.45 0.00 0.00 TRACK
64.694	>>> V 0.00 0.00
64.694	S 20260905 -14.24 13.45 0.00 0.00 TRACK
64.712	>>> V 0.00 0.00
64.714	S 20260925 -14.24 13.45 0.00 0.00 TRACK
64.731	>>> V 0.00 0.00
64.734	S 20260945 -14.24 13.45 0.00 0.00 TRACK
64.751	>>> V 0.00 0.00
64.752	S 20260965 -14.33 13.45 0.00 0.00 TRACK
64.774	>>> V 0.00 0.00
64.776	S 20260985 -14.24 13.45 0.00 0.00 TRACK
64.791	>>> V 0.00 0.00
64.792	S 20261005 -14.24 13.45 0.00 0.00 TRACK
64.814	>>> V 0.00 0.00
64.817	S 20261025 -14.24 13.45 0.00 0.00 TRACK
64.831	>>> V 0.00 0.00
64.833	S 20261045 -14.24 13.45 0.00 0.00 TRACK
64.852	>>> V 0.00 0.00
64.855	S 20261065 -14.24 13.45 0.00 0.00 TRACK
64.871	>>> V 0.00 0.00
64.873	S 20261085 -14.24 13.45 0.00 0.00 TRACK
64.891	>>> V 0.00 0.00
64.891	S 20261105 -14.24 13.45 0.00 0.00 TRACK
64.912	>>> V 0.00 0.00
64.914	S 20261125 -14.24 13.45 0.00 0.00 TRACK
64.935	>>> V 0.00 0.00
64.935	S 20261145 -14.24 13.45 0.00 0.00 TRACK
64.951	>>> V 0.00 0.00
64.952	S 20261165 -14.24 13.45 0.00 0.00 TRACK
64.976	>>> V 0.00 0.00
64.978	S 20261185 -14.24 13.45 0.00 0.00 TRACK
64.995	>>> V 0.00 0.00
64.996	S 20261205 -14.24 13.45 0.00 0.00 TRACK
65.014	>>> V 0.00 0.00
65.014	S 20261225 -14.24 13.54 0.00 0.00 TRACK
65.033	>>> V 0.00 0.00
65.033	S 20261245 -14.24 13.45 0.00 0.00 TRACK
65.055	>>> V 0.00 0.00
65.059	S 20261265 -14.24 13.45 0.00 0.00 TRACK
65.072	>>> V 0.00 0.00
65.076	S 20261285 -14.33 13.45 0.00 0.00 TRACK
65.094	>>> V 0.00 0.00
65.096	S 20261305 -14.24 13.45 0.00 0.00 TRACK
65.117	>>> V 0.00 0.00
65.118	S 20261325 -14.24 13.45 0.00 0.00 TRACK
65.132	>>> V 0.00 0.00
65.134	S 20261345 -14.24 13.45 0.00 0.00 TRACK
65.152	>>> V 0.00 0.00
65.152	S 20261365 -14.24 13.45 0.00 0.00 TRACK
65.173	>>> V 0.00 0.00
65.174	S 20261385 -14.24 13.45 0.00 0.00 TRACK
65.191	>>> V 0.00 0.00
65.193	S 20261405 -14.24 13.45 0.00 0.00 TRACK
65.216	>>> V 0.00 0.00
65.216	S 20261425 -14.24 13.45 0.00 0.00 TRACK
65.233	>>> V 0.00 0.00
65.234	S 20261445 -14.24 13.45 0.00 0.00 TRACK
65.253	>>> V 0.00 0.00
65.253	S 20261465 -14.33 13.45 0.00 0.00 TRACK
65.273	>>> V 0.00 0.00
65.274	S 20261485 -14.24 13.45 0.00 0.00 TRACK
65.295	>>> V 0.00 0.00
65.296	S 20261505 -14.24 13.45 0.00 0.00 TRACK
65.311	>>> V 0.00 0.00
65.312	S 20261525 -14.24 13.45 0.00 0.00 TRACK
65.331	>>> V 0.00 0.00
65.332	S 20261545 -14.24 13.45 0.00 0.00 TRACK
65.351	>>> V 0.00 0.00
65.353	S 20261565 -14.33 13.45 0.00 0.00 TRACK
65.371	>>> V 0.00 0.00
65.375	S 20261585 -14.33 13.45 0.00 0.00 TRACK
65.393	>>> V 0.00 0.00
65.395	S 20261605 -14.24 13.45 0.00 0.00 TRACK
65.412	>>> V 0.00 0.00
65.413	S 20261625 -14.24 13.45 0.00 0.00 TRACK
65.435	>>> V 0.00 0.00
65.438	S 20261645 -14.24 13.45 0.00 0.00 TRACK
65.453	>>> V 0.00 0.00
65.453	S 20261665 -14.24 13.45 0.00 0.00 TRACK
65.471	>>> V 0.00 0.00
65.493	>>> V 0.00 0.00
65.497	S 20261685 -14.24 13.45 0.00 0.00 TRACK
65.499	S 20261705 -14.24 13.45 0.00 0.00 TRACK
65.512	>>> V 0.00 0.00
65.512	S 20261725 -14.24 13.45 0.00 0.00 TRACK
65.531	>>> V 0.00 0.00
65.533	S 20261745 -14.24 13.45 0.00 0.00 TRACK
65.559	>>> V 0.00 0.00
65.560	S 20261765 -14.24 13.45 0.00 0.00 TRACK
65.573	>>> V 0.00 0.00
65.576	S 20261785 -14.24 13.45 0.00 0.00 TRACK
65.597	>>> V 0.00 0.00
65.599	S 20261805 -14.24 13.45 0.00 0.00 TRACK
65.620	>>> V 0.00 0.00
65.620	S 20261825 -14.24 13.45 0.00 0.00 TRACK
65.633	>>> V 0.00 0.00
65.633	S 20261845 -14.24 13.45 0.00 0.00 TRACK
65.659	>>> V 0.00 0.00
65.659	S 20261865 -14.24 13.45 0.00 0.00 TRACK
65.671	>>> V 0.00 0.00
65.675	S 20261885 -14.24 13.45 0.00 0.00 TRACK
65.692	>>> V 0.00 0.00
65.693	S 20261905 -14.24 13.45 0.00 0.00 TRACK
65.713	>>> V 0.00 0.00
65.714	S 20261925 -14.33 13.45 0.00 0.00 TRACK
65.737	>>> V 0.00 0.00
65.738	S 20261945 -14.33 13.45 0.00 0.00 TRACK
65.753	>>> V 0.00 0.00
65.756	S 20261965 -14.24 13.45 0.00 0.00 TRACK
65.774	>>> V 0.00 0.00
65.777	S 20261985 -14.24 13.45 0.00 0.00 TRACK
65.791	>>> V 0.00 0.00
65.792	S 20262005 -14.24 13.45 0.00 0.00 TRACK
65.812	>>> V 0.00 0.00
65.816	S 20262025 -14.24 13.45 0.00 0.00 TRACK
65.832	>>> V 0.00 0.00
65.832	S 20262045 -14.24 13.45 0.00 0.00 TRACK
65.853	>>> V 0.00 0.00
65.853	S 20262065 -14.33 13.45 0.00 0.00 TRACK
65.874	>>> V 0.00 0.00
65.877	S 20262085 -14.24 13.45 0.00 0.00 TRACK
65.891	>>> V 0.00 0.00
65.894	S 20262105 -14.24 13.45 0.00 0.00 TRACK
65.911	>>> V 0.00 0.00
65.912	S 20262125 -14.24 13.54 0.00 0.00 TRACK
65.932	>>> V 0.00 0.00
65.933	S 20262145 -14.24 13.45 0.00 0.00 TRACK
65.952	>>> V 0.00 0.00
65.953	S 20262165 -14.24 13.45 0.00 0.00 TRACK
65.974	>>> V 0.00 0.00
65.976	S 20262185 -14.33 13.54 0.00 0.00 TRACK
65.992	>>> V 0.00 0.00
65.993	S 20262205 -14.24 13.45 0.00 0.00 TRACK
66.012	>>> V 0.00 0.00
66.013	S 20262225 -14.24 13.45 0.00 0.00 TRACK
66.031	>>> V 0.00 0.00
66.032	S 20262245 -14.33 13.45 0.00 0.00 TRACK
66.052	>>> V 0.00 0.00
66.053	S 20262265 -14.24 13.45 0.00 0.00 TRACK
66.072	>>> V 0.00 0.00
66.072	S 20262285 -14.24 13.45 0.00 0.00 TRACK
66.092	>>> V 0.00 0.00
66.092	S 20262305 -14.24 13.45 0.00 0.00 TRACK
66.116	>>> V 0.00 0.00
66.116	S 20262325 -14.24 13.45 0.00 0.00 TRACK
66.132	>>> X
