run_id,stamp_s,frame_id,frame_seq,width,height,detected,cx_px,cy_px,ex,ey,area_ratio,n_candidates,depth_valid,depth_valid_ratio,z_m,x_m,y_m,proc_ms,depth_dt_ms,pub_time_s,target_id,n_rejected,rot_speed_deg_s
assignment3_kp2_t1,1791455895.264189,camera_color_optical_frame,1,640,480,0,,,0.0000,0.0000,0.00000,0,0,,,,,26.59,100.07,1791455895.389181,,0,0.0
assignment3_kp2_t1,1791455895.297546,camera_color_optical_frame,2,640,480,0,,,0.0000,0.0000,0.00000,0,0,,,,,10.72,66.71,1791455895.425961,,0,0.0
assignment3_kp2_t1,1791455895.330903,camera_color_optical_frame,3,640,480,0,,,0.0000,0.0000,0.00000,0,0,,,,,10.01,33.36,1791455895.458466,,0,0.0
assignment3_kp2_t1,1791455895.364259,camera_color_optical_frame,4,640,480,0,,,0.0000,0.0000,0.00000,0,0,,,,,10.23,0.00,1791455895.491346,,0,0.0
assignment3_kp2_t1,1791455895.397616,camera_color_optical_frame,5,640,480,0,,,0.0000,0.0000,0.00000,0,0,,,,,9.36,0.00,1791455895.530429,,0,0.0
assignment3_kp2_t1,1791455895.430973,camera_color_optical_frame,6,640,480,0,,,0.0000,0.0000,0.00000,0,0,,,,,8.48,0.00,1791455895.564361,,0,0.0
assignment3_kp2_t1,1791455895.464329,camera_color_optical_frame,7,640,480,0,,,0.0000,0.0000,0.00000,0,0,,,,,9.52,0.00,1791455895.599097,,0,0.0
assignment3_kp2_t1,1791455895.497686,camera_color_optical_frame,8,640,480,0,,,0.0000,0.0000,0.00000,0,0,,,,,9.57,0.00,1791455895.634692,,0,0.0
assignment3_kp2_t1,1791455895.531042,camera_color_optical_frame,9,640,480,0,,,0.0000,0.0000,0.00000,0,0,,,,,7.64,0.00,1791455895.670330,,0,0.0
assignment3_kp2_t1,1791455895.564399,camera_color_optical_frame,10,640,480,0,,,0.0000,0.0000,0.00000,0,0,,,,,9.55,0.00,1791455895.704571,,0,0.0
assignment3_kp2_t1,1791455895.597755,camera_color_optical_frame,11,640,480,0,,,0.0000,0.0000,0.00000,0,0,,,,,11.60,0.00,1791455895.745334,,0,0.0
assignment3_kp2_t1,1791455895.631111,camera_color_optical_frame,12,640,480,0,,,0.0000,0.0000,0.00000,0,0,,,,,11.92,0.00,1791455895.781496,,0,0.0
assignment3_kp2_t1,1791455895.664468,camera_color_optical_frame,13,640,480,0,,,0.0000,0.0000,0.00000,0,0,,,,,13.32,0.00,1791455895.822181,,0,0.0
assignment3_kp2_t1,1791455895.697824,camera_color_optical_frame,14,640,480,0,,,0.0000,0.0000,0.00000,0,0,,,,,8.07,0.00,1791455895.861719,,0,0.0
assignment3_kp2_t1,1791455895.731180,camera_color_optical_frame,15,640,480,0,,,0.0000,0.0000,0.00000,0,0,,,,,9.88,0.00,1791455895.893048,,0,0.0
assignment3_kp2_t1,1791455895.764536,camera_color_optical_frame,16,640,480,0,,,0.0000,0.0000,0.00000,0,0,,,,,7.86,0.00,1791455895.932853,,0,0.0
assignment3_kp2_t1,1791455895.797893,camera_color_optical_frame,17,640,480,0,,,0.0000,0.0000,0.00000,0,0,,,,,10.86,0.00,1791455895.967783,,0,0.0
assignment3_kp2_t1,1791455895.831249,camera_color_optical_frame,18,640,480,0,,,0.0000,0.0000,0.00000,0,0,,,,,9.90,0.00,1791455896.001674,,0,0.0
assignment3_kp2_t1,1791455895.864605,camera_color_optical_frame,19,640,480,0,,,0.0000,0.0000,0.00000,0,0,,,,,11.13,0.00,1791455896.034590,,0,0.0
assignment3_kp2_t1,1791455895.897961,camera_color_optical_frame,20,640,480,0,,,0.0000,0.0000,0.00000,0,0,,,,,9.75,0.00,1791455896.072048,,0,0.0
assignment3_kp2_t1,1791455895.931317,camera_color_optical_frame,21,640,480,0,,,0.0000,0.0000,0.00000,0,0,,,,,10.25,0.00,1791455896.110386,,0,0.0
assignment3_kp2_t1,1791455895.964673,camera_color_optical_frame,22,640,480,0,,,0.0000,0.0000,0.00000,0,0,,,,,10.73,0.00,1791455896.148667,,0,0.0
assignment3_kp2_t1,1791455895.998029,camera_color_optical_frame,23,640,480,0,,,0.0000,0.0000,0.00000,0,0,,,,,10.64,0.00,1791455896.188513,,0,0.0
assignment3_kp2_t1,1791455896.031385,camera_color_optical_frame,24,640,480,0,,,0.0000,0.0000,0.00000,0,0,,,,,10.99,0.00,1791455896.225116,,0,0.0
assignment3_kp2_t1,1791455896.064736,camera_color_optical_frame,25,640,480,0,,,0.0000,0.0000,0.00000,0,0,,,,,10.11,0.00,1791455896.262611,,0,0.0
assignment3_kp2_t1,1791455896.098093,camera_color_optical_frame,26,640,480,0,,,0.0000,0.0000,0.00000,0,0,,,,,10.27,0.00,1791455896.301134,,0,0.0
assignment3_kp2_t1,1791455896.131451,camera_color_optical_frame,27,640,480,0,,,0.0000,0.0000,0.00000,0,0,,,,,9.78,0.00,1791455896.339754,,0,0.0
assignment3_kp2_t1,1791455896.198166,camera_color_optical_frame,28,640,480,0,,,0.0000,0.0000,0.00000,0,0,,,,,8.38,0.00,1791455896.375949,,0,0.0
assignment3_kp2_t1,1791455896.231523,camera_color_optical_frame,29,640,480,0,,,0.0000,0.0000,0.00000,0,0,,,,,9.95,0.00,1791455896.411460,,0,0.0
assignment3_kp2_t1,1791455896.264881,camera_color_optical_frame,30,640,480,0,,,0.0000,0.0000,0.00000,0,0,,,,,9.37,0.00,1791455896.449881,,0,0.0
assignment3_kp2_t1,1791455896.298238,camera_color_optical_frame,31,640,480,0,,,0.0000,0.0000,0.00000,0,0,,,,,8.74,0.00,1791455896.486526,,0,0.0
assignment3_kp2_t1,1791455896.331596,camera_color_optical_frame,32,640,480,0,,,0.0000,0.0000,0.00000,0,0,,,,,8.89,0.00,1791455896.523840,,0,0.0
assignment3_kp2_t1,1791455896.364954,camera_color_optical_frame,33,640,480,0,,,0.0000,0.0000,0.00000,0,0,,,,,8.94,0.00,1791455896.556765,,0,0.0
assignment3_kp2_t1,1791455896.398311,camera_color_optical_frame,34,640,480,0,,,0.0000,0.0000,0.00000,0,0,,,,,10.24,0.00,1791455896.590411,,0,0.0
assignment3_kp2_t1,1791455896.431669,camera_color_optical_frame,35,640,480,0,,,0.0000,0.0000,0.00000,0,0,,,,,9.24,0.00,1791455896.626030,,0,0.0
assignment3_kp2_t1,1791455896.498384,camera_color_optical_frame,36,640,480,0,,,0.0000,0.0000,0.00000,0,0,,,,,9.67,66.72,1791455896.642535,,0,0.0
assignment3_kp2_t1,1791455896.531741,camera_color_optical_frame,37,640,480,0,,,0.0000,0.0000,0.00000,0,0,,,,,10.80,100.07,1791455896.660168,,0,0.0
assignment3_kp2_t1,1791455896.565099,camera_color_optical_frame,38,640,480,0,,,0.0000,0.0000,0.00000,0,0,,,,,9.37,133.43,1791455896.675305,,0,0.0
assignment3_kp2_t1,1791455896.598456,camera_color_optical_frame,39,640,480,0,,,0.0000,0.0000,0.00000,0,0,,,,,6.99,166.79,1791455896.689220,,0,0.0
assignment3_kp2_t1,1791455896.631814,camera_color_optical_frame,40,640,480,0,,,0.0000,0.0000,0.00000,0,0,,,,,9.72,200.15,1791455896.704055,,0,0.0
assignment3_kp2_t1,1791455896.665171,camera_color_optical_frame,41,640,480,0,,,0.0000,0.0000,0.00000,0,0,,,,,12.40,0.00,1791455896.745395,,0,0.0
assignment3_kp2_t1,1791455896.698529,camera_color_optical_frame,42,640,480,0,,,0.0000,0.0000,0.00000,0,0,,,,,9.83,0.00,1791455896.779974,,0,0.0
assignment3_kp2_t1,1791455896.731886,camera_color_optical_frame,43,640,480,0,,,0.0000,0.0000,0.00000,0,0,,,,,11.46,0.00,1791455896.813255,,0,0.0
assignment3_kp2_t1,1791455896.765244,camera_color_optical_frame,44,640,480,0,,,0.0000,0.0000,0.00000,0,0,,,,,8.58,0.00,1791455896.853295,,0,0.0
assignment3_kp2_t1,1791455896.798601,camera_color_optical_frame,45,640,480,0,,,0.0000,0.0000,0.00000,0,0,,,,,11.79,0.00,1791455896.884285,,0,0.0
assignment3_kp2_t1,1791455896.831959,camera_color_optical_frame,46,640,480,0,,,0.0000,0.0000,0.00000,0,0,,,,,9.03,0.00,1791455896.920418,,0,0.0
assignment3_kp2_t1,1791455896.865316,camera_color_optical_frame,47,640,480,0,,,0.0000,0.0000,0.00000,0,0,,,,,8.02,0.00,1791455896.959757,,0,0.0
assignment3_kp2_t1,1791455896.898674,camera_color_optical_frame,48,640,480,0,,,0.0000,0.0000,0.00000,0,0,,,,,8.02,0.00,1791455896.988604,,0,0.0
assignment3_kp2_t1,1791455896.932032,camera_color_optical_frame,49,640,480,0,,,0.0000,0.0000,0.00000,0,0,,,,,7.60,33.36,1791455897.002160,,0,0.0
assignment3_kp2_t1,1791455896.965389,camera_color_optical_frame,50,640,480,0,,,0.0000,0.0000,0.00000,0,0,,,,,10.35,0.00,1791455897.042598,,0,0.0
assignment3_kp2_t1,1791455896.998747,camera_color_optical_frame,51,640,480,0,,,0.0000,0.0000,0.00000,0,0,,,,,10.65,0.00,1791455897.082696,,0,0.0
assignment3_kp2_t1,1791455897.032104,camera_color_optical_frame,52,640,480,0,,,0.0000,0.0000,0.00000,0,0,,,,,9.78,0.00,1791455897.119336,,0,0.0
assignment3_kp2_t1,1791455897.065462,camera_color_optical_frame,53,640,480,0,,,0.0000,0.0000,0.00000,0,0,,,,,9.45,0.00,1791455897.152717,,0,0.0
assignment3_kp2_t1,1791455897.098819,camera_color_optical_frame,54,640,480,0,,,0.0000,0.0000,0.00000,0,0,,,,,10.46,0.00,1791455897.188386,,0,0.0
assignment3_kp2_t1,1791455897.132177,camera_color_optical_frame,55,640,480,0,,,0.0000,0.0000,0.00000,0,0,,,,,10.76,0.00,1791455897.221771,,0,0.0
assignment3_kp2_t1,1791455897.165534,camera_color_optical_frame,56,640,480,0,,,0.0000,0.0000,0.00000,0,0,,,,,7.52,0.00,1791455897.259588,,0,0.0
assignment3_kp2_t1,1791455897.198891,camera_color_optical_frame,57,640,480,0,,,0.0000,0.0000,0.00000,0,0,,,,,7.32,0.00,1791455897.291921,,0,0.0
assignment3_kp2_t1,1791455897.232248,camera_color_optical_frame,58,640,480,0,,,0.0000,0.0000,0.00000,0,0,,,,,7.73,0.00,1791455897.325453,,0,0.0
assignment3_kp2_t1,1791455897.265604,camera_color_optical_frame,59,640,480,0,,,0.0000,0.0000,0.00000,0,0,,,,,7.27,0.00,1791455897.357271,,0,0.0
assignment3_kp2_t1,1791455897.298961,camera_color_optical_frame,60,640,480,0,,,0.0000,0.0000,0.00000,0,0,,,,,8.47,0.00,1791455897.388448,,0,0.0
assignment3_kp2_t1,1791455897.332318,camera_color_optical_frame,61,640,480,0,,,0.0000,0.0000,0.00000,0,0,,,,,8.13,0.00,1791455897.422438,,0,0.0
assignment3_kp2_t1,1791455897.365674,camera_color_optical_frame,62,640,480,0,,,0.0000,0.0000,0.00000,0,0,,,,,8.57,0.00,1791455897.458571,,0,0.0
assignment3_kp2_t1,1791455897.399031,camera_color_optical_frame,63,640,480,0,,,0.0000,0.0000,0.00000,0,0,,,,,9.38,0.00,1791455897.487213,,0,0.0
assignment3_kp2_t1,1791455897.432387,camera_color_optical_frame,64,640,480,0,,,0.0000,0.0000,0.00000,0,0,,,,,10.84,0.00,1791455897.522194,,0,0.0
assignment3_kp2_t1,1791455897.465744,camera_color_optical_frame,65,640,480,0,,,0.0000,0.0000,0.00000,0,0,,,,,9.59,0.00,1791455897.558299,,0,0.0
assignment3_kp2_t1,1791455897.499101,camera_color_optical_frame,66,640,480,0,,,0.0000,0.0000,0.00000,0,0,,,,,8.97,0.00,1791455897.593392,,0,0.0
assignment3_kp2_t1,1791455897.532457,camera_color_optical_frame,67,640,480,0,,,0.0000,0.0000,0.00000,0,0,,,,,10.01,0.00,1791455897.624893,,0,0.0
assignment3_kp2_t1,1791455897.565814,camera_color_optical_frame,68,640,480,0,,,0.0000,0.0000,0.00000,0,0,,,,,9.57,0.00,1791455897.660303,,0,0.0
assignment3_kp2_t1,1791455897.599170,camera_color_optical_frame,69,640,480,0,,,0.0000,0.0000,0.00000,0,0,,,,,9.50,0.00,1791455897.695412,,0,0.0
assignment3_kp2_t1,1791455897.632527,camera_color_optical_frame,70,640,480,0,,,0.0000,0.0000,0.00000,0,0,,,,,9.00,0.00,1791455897.726063,,0,0.0
assignment3_kp2_t1,1791455897.665883,camera_color_optical_frame,71,640,480,0,,,0.0000,0.0000,0.00000,0,0,,,,,8.35,0.00,1791455897.763874,,0,0.0
assignment3_kp2_t1,1791455897.699240,camera_color_optical_frame,72,640,480,0,,,0.0000,0.0000,0.00000,0,0,,,,,7.10,0.00,1791455897.795865,,0,0.0
assignment3_kp2_t1,1791455897.732596,camera_color_optical_frame,73,640,480,0,,,0.0000,0.0000,0.00000,0,0,,,,,7.20,0.00,1791455897.827667,,0,0.0
assignment3_kp2_t1,1791455897.765953,camera_color_optical_frame,74,640,480,0,,,0.0000,0.0000,0.00000,0,0,,,,,7.49,0.00,1791455897.861316,,0,0.0
assignment3_kp2_t1,1791455897.799309,camera_color_optical_frame,75,640,480,0,,,0.0000,0.0000,0.00000,0,0,,,,,8.20,0.00,1791455897.893757,,0,0.0
assignment3_kp2_t1,1791455897.832666,camera_color_optical_frame,76,640,480,0,,,0.0000,0.0000,0.00000,0,0,,,,,10.53,0.00,1791455897.923623,,0,0.0
assignment3_kp2_t1,1791455897.866022,camera_color_optical_frame,77,640,480,0,,,0.0000,0.0000,0.00000,0,0,,,,,10.61,0.00,1791455897.959128,,0,0.0
assignment3_kp2_t1,1791455897.899379,camera_color_optical_frame,78,640,480,0,,,0.0000,0.0000,0.00000,0,0,,,,,10.84,0.00,1791455897.999106,,0,0.0
assignment3_kp2_t1,1791455897.932735,camera_color_optical_frame,79,640,480,0,,,0.0000,0.0000,0.00000,0,0,,,,,9.54,0.00,1791455898.029858,,0,0.0
assignment3_kp2_t1,1791455897.966091,camera_color_optical_frame,80,640,480,0,,,0.0000,0.0000,0.00000,0,0,,,,,9.21,0.00,1791455898.063476,,0,0.0
assignment3_kp2_t1,1791455897.999448,camera_color_optical_frame,81,640,480,0,,,0.0000,0.0000,0.00000,0,0,,,,,9.44,0.00,1791455898.098422,,0,0.0
assignment3_kp2_t1,1791455898.032804,camera_color_optical_frame,82,640,480,0,,,0.0000,0.0000,0.00000,0,0,,,,,8.48,0.00,1791455898.135317,,0,0.0
assignment3_kp2_t1,1791455898.066160,camera_color_optical_frame,83,640,480,0,,,0.0000,0.0000,0.00000,0,0,,,,,11.36,0.00,1791455898.164530,,0,0.0
assignment3_kp2_t1,1791455898.099517,camera_color_optical_frame,84,640,480,0,,,0.0000,0.0000,0.00000,0,0,,,,,10.46,0.00,1791455898.201866,,0,0.0
assignment3_kp2_t1,1791455898.132873,camera_color_optical_frame,85,640,480,0,,,0.0000,0.0000,0.00000,0,0,,,,,7.92,0.00,1791455898.239221,,0,0.0
assignment3_kp2_t1,1791455898.166231,camera_color_optical_frame,86,640,480,0,,,0.0000,0.0000,0.00000,0,0,,,,,10.98,0.00,1791455898.267611,,0,0.0
assignment3_kp2_t1,1791455898.199588,camera_color_optical_frame,87,640,480,0,,,0.0000,0.0000,0.00000,0,0,,,,,10.07,0.00,1791455898.303618,,0,0.0
assignment3_kp2_t1,1791455898.232945,camera_color_optical_frame,88,640,480,0,,,0.0000,0.0000,0.00000,0,0,,,,,9.97,0.00,1791455898.336928,,0,0.0
assignment3_kp2_t1,1791455898.266302,camera_color_optical_frame,89,640,480,0,,,0.0000,0.0000,0.00000,0,0,,,,,9.38,0.00,1791455898.371567,,0,0.0
assignment3_kp2_t1,1791455898.299660,camera_color_optical_frame,90,640,480,0,,,0.0000,0.0000,0.00000,0,0,,,,,9.79,0.00,1791455898.404213,,0,0.0
assignment3_kp2_t1,1791455898.333017,camera_color_optical_frame,91,640,480,0,,,0.0000,0.0000,0.00000,0,0,,,,,9.30,0.00,1791455898.441673,,0,0.0
assignment3_kp2_t1,1791455898.366374,camera_color_optical_frame,92,640,480,0,,,0.0000,0.0000,0.00000,0,0,,,,,9.80,0.00,1791455898.472527,,0,0.0
assignment3_kp2_t1,1791455898.399731,camera_color_optical_frame,93,640,480,0,,,0.0000,0.0000,0.00000,0,0,,,,,11.44,0.00,1791455898.517101,,0,0.0
assignment3_kp2_t1,1791455898.433088,camera_color_optical_frame,94,640,480,0,,,0.0000,0.0000,0.00000,0,0,,,,,9.33,33.36,1791455898.532043,,0,0.0
assignment3_kp2_t1,1791455898.466446,camera_color_optical_frame,95,640,480,0,,,0.0000,0.0000,0.00000,0,0,,,,,9.87,0.00,1791455898.561740,,0,0.0
assignment3_kp2_t1,1791455898.499803,camera_color_optical_frame,96,640,480,0,,,0.0000,0.0000,0.00000,0,0,,,,,7.64,0.00,1791455898.588296,,0,0.0
assignment3_kp2_t1,1791455898.533160,camera_color_optical_frame,97,640,480,0,,,0.0000,0.0000,0.00000,0,0,,,,,11.22,0.00,1791455898.617180,,0,0.0
assignment3_kp2_t1,1791455898.566517,camera_color_optical_frame,98,640,480,0,,,0.0000,0.0000,0.00000,0,0,,,,,7.63,0.00,1791455898.657027,,0,0.0
assignment3_kp2_t1,1791455898.599875,camera_color_optical_frame,99,640,480,0,,,0.0000,0.0000,0.00000,0,0,,,,,8.63,0.00,1791455898.684656,,0,0.0
assignment3_kp2_t1,1791455898.633232,camera_color_optical_frame,100,640,480,0,,,0.0000,0.0000,0.00000,0,0,,,,,8.65,0.00,1791455898.724650,,0,0.0
assignment3_kp2_t1,1791455898.666589,camera_color_optical_frame,101,640,480,0,,,0.0000,0.0000,0.00000,0,0,,,,,6.88,0.00,1791455898.753035,,0,0.0
assignment3_kp2_t1,1791455898.699946,camera_color_optical_frame,102,640,480,0,,,0.0000,0.0000,0.00000,0,0,,,,,9.76,0.00,1791455898.782792,,0,0.0
assignment3_kp2_t1,1791455898.733304,camera_color_optical_frame,103,640,480,0,,,0.0000,0.0000,0.00000,0,0,,,,,10.32,0.00,1791455898.817972,,0,0.0
assignment3_kp2_t1,1791455898.766661,camera_color_optical_frame,104,640,480,0,,,0.0000,0.0000,0.00000,0,0,,,,,11.10,0.00,1791455898.849257,,0,0.0
assignment3_kp2_t1,1791455898.800018,camera_color_optical_frame,105,640,480,0,,,0.0000,0.0000,0.00000,0,0,,,,,8.38,0.00,1791455898.886351,,0,0.0
assignment3_kp2_t1,1791455898.833375,camera_color_optical_frame,106,640,480,0,,,0.0000,0.0000,0.00000,0,0,,,,,11.11,0.00,1791455898.913594,,0,0.0
assignment3_kp2_t1,1791455898.866732,camera_color_optical_frame,107,640,480,0,,,0.0000,0.0000,0.00000,0,0,,,,,7.67,0.00,1791455898.945363,,0,0.0
assignment3_kp2_t1,1791455898.900090,camera_color_optical_frame,108,640,480,0,,,0.0000,0.0000,0.00000,0,0,,,,,5.99,33.36,1791455898.962204,,0,0.0
assignment3_kp2_t1,1791455898.933447,camera_color_optical_frame,109,640,480,0,,,0.0000,0.0000,0.00000,0,0,,,,,13.78,0.00,1791455899.012563,,0,0.0
assignment3_kp2_t1,1791455898.966804,camera_color_optical_frame,110,640,480,0,,,0.0000,0.0000,0.00000,0,0,,,,,10.50,0.00,1791455899.052789,,0,0.0
assignment3_kp2_t1,1791455899.000161,camera_color_optical_frame,111,640,480,0,,,0.0000,0.0000,0.00000,0,0,,,,,8.12,0.00,1791455899.086654,,0,0.0
assignment3_kp2_t1,1791455899.033518,camera_color_optical_frame,112,640,480,0,,,0.0000,0.0000,0.00000,0,0,,,,,7.82,0.00,1791455899.119493,,0,0.0
assignment3_kp2_t1,1791455899.066875,camera_color_optical_frame,113,640,480,0,,,0.0000,0.0000,0.00000,0,0,,,,,12.37,0.00,1791455899.148733,,0,0.0
assignment3_kp2_t1,1791455899.100233,camera_color_optical_frame,114,640,480,0,,,0.0000,0.0000,0.00000,0,0,,,,,12.97,0.00,1791455899.181218,,0,0.0
assignment3_kp2_t1,1791455899.133590,camera_color_optical_frame,115,640,480,0,,,0.0000,0.0000,0.00000,0,0,,,,,10.31,0.00,1791455899.214855,,0,0.0
assignment3_kp2_t1,1791455899.166947,camera_color_optical_frame,116,640,480,0,,,0.0000,0.0000,0.00000,0,0,,,,,9.13,0.00,1791455899.257292,,0,0.0
assignment3_kp2_t1,1791455899.200305,camera_color_optical_frame,117,640,480,0,,,0.0000,0.0000,0.00000,0,0,,,,,7.52,0.00,1791455899.295726,,0,0.0
assignment3_kp2_t1,1791455899.233662,camera_color_optical_frame,118,640,480,0,,,0.0000,0.0000,0.00000,0,0,,,,,9.12,0.00,1791455899.327993,,0,0.0
assignment3_kp2_t1,1791455899.267020,camera_color_optical_frame,119,640,480,0,,,0.0000,0.0000,0.00000,0,0,,,,,10.03,0.00,1791455899.360473,,0,0.0
assignment3_kp2_t1,1791455899.300377,camera_color_optical_frame,120,640,480,0,,,0.0000,0.0000,0.00000,0,0,,,,,8.05,0.00,1791455899.401577,,0,0.0
assignment3_kp2_t1,1791455899.333735,camera_color_optical_frame,121,640,480,0,,,0.0000,0.0000,0.00000,0,0,,,,,9.71,0.00,1791455899.431223,,0,0.0
assignment3_kp2_t1,1791455899.367092,camera_color_optical_frame,122,640,480,0,,,0.0000,0.0000,0.00000,0,0,,,,,8.81,0.00,1791455899.468101,,0,0.0
assignment3_kp2_t1,1791455899.400450,camera_color_optical_frame,123,640,480,0,,,0.0000,0.0000,0.00000,0,0,,,,,10.56,0.00,1791455899.500682,,0,0.0
assignment3_kp2_t1,1791455899.433807,camera_color_optical_frame,124,640,480,0,,,0.0000,0.0000,0.00000,0,0,,,,,7.01,0.00,1791455899.535398,,0,0.0
assignment3_kp2_t1,1791455899.467165,camera_color_optical_frame,125,640,480,0,,,0.0000,0.0000,0.00000,0,0,,,,,7.70,0.00,1791455899.567593,,0,0.0
assignment3_kp2_t1,1791455899.500522,camera_color_optical_frame,126,640,480,0,,,0.0000,0.0000,0.00000,0,0,,,,,8.55,0.00,1791455899.600405,,0,0.0
assignment3_kp2_t1,1791455899.533880,camera_color_optical_frame,127,640,480,0,,,0.0000,0.0000,0.00000,0,0,,,,,9.91,0.00,1791455899.630412,,0,0.0
assignment3_kp2_t1,1791455899.567237,camera_color_optical_frame,128,640,480,0,,,0.0000,0.0000,0.00000,0,0,,,,,8.01,0.00,1791455899.665250,,0,0.0
assignment3_kp2_t1,1791455899.600595,camera_color_optical_frame,129,640,480,0,,,0.0000,0.0000,0.00000,0,0,,,,,8.88,0.00,1791455899.699208,,0,0.0
assignment3_kp2_t1,1791455899.633953,camera_color_optical_frame,130,640,480,0,,,0.0000,0.0000,0.00000,0,0,,,,,7.87,0.00,1791455899.732281,,0,0.0
assignment3_kp2_t1,1791455899.667310,camera_color_optical_frame,131,640,480,0,,,0.0000,0.0000,0.00000,0,0,,,,,10.68,0.00,1791455899.763556,,0,0.0
assignment3_kp2_t1,1791455899.700668,camera_color_optical_frame,132,640,480,0,,,0.0000,0.0000,0.00000,0,0,,,,,8.23,0.00,1791455899.800739,,0,0.0
assignment3_kp2_t1,1791455899.734025,camera_color_optical_frame,133,640,480,0,,,0.0000,0.0000,0.00000,0,0,,,,,9.38,0.00,1791455899.831007,,0,0.0
assignment3_kp2_t1,1791455899.767383,camera_color_optical_frame,134,640,480,0,,,0.0000,0.0000,0.00000,0,0,,,,,10.75,0.00,1791455899.863894,,0,0.0
assignment3_kp2_t1,1791455899.800740,camera_color_optical_frame,135,640,480,0,,,0.0000,0.0000,0.00000,0,0,,,,,8.83,0.00,1791455899.899054,,0,0.0
assignment3_kp2_t1,1791455899.834098,camera_color_optical_frame,136,640,480,0,,,0.0000,0.0000,0.00000,0,0,,,,,8.81,0.00,1791455899.931483,,0,0.0
assignment3_kp2_t1,1791455899.867455,camera_color_optical_frame,137,640,480,0,,,0.0000,0.0000,0.00000,0,0,,,,,11.33,0.00,1791455899.964560,,0,0.0
assignment3_kp2_t1,1791455899.900813,camera_color_optical_frame,138,640,480,0,,,0.0000,0.0000,0.00000,0,0,,,,,8.10,0.00,1791455900.002216,,0,0.0
assignment3_kp2_t1,1791455899.934170,camera_color_optical_frame,139,640,480,0,,,0.0000,0.0000,0.00000,0,0,,,,,8.44,0.00,1791455900.030251,,0,0.0
assignment3_kp2_t1,1791455899.967528,camera_color_optical_frame,140,640,480,0,,,0.0000,0.0000,0.00000,0,0,,,,,10.98,0.00,1791455900.063146,,0,0.0
assignment3_kp2_t1,1791455900.000886,camera_color_optical_frame,141,640,480,0,,,0.0000,0.0000,0.00000,0,0,,,,,9.47,0.00,1791455900.097574,,0,0.0
assignment3_kp2_t1,1791455900.034243,camera_color_optical_frame,142,640,480,0,,,0.0000,0.0000,0.00000,0,0,,,,,6.25,0.00,1791455900.127283,,0,0.0
assignment3_kp2_t1,1791455900.067601,camera_color_optical_frame,143,640,480,0,,,0.0000,0.0000,0.00000,0,0,,,,,9.09,33.36,1791455900.141391,,0,0.0
assignment3_kp2_t1,1791455900.100958,camera_color_optical_frame,144,640,480,0,,,0.0000,0.0000,0.00000,0,0,,,,,11.52,0.00,1791455900.181935,,0,0.0
assignment3_kp2_t1,1791455900.134316,camera_color_optical_frame,145,640,480,0,,,0.0000,0.0000,0.00000,0,0,,,,,8.78,0.00,1791455900.221569,,0,0.0
assignment3_kp2_t1,1791455900.167673,camera_color_optical_frame,146,640,480,0,,,0.0000,0.0000,0.00000,0,0,,,,,11.34,0.00,1791455900.253073,,0,0.0
assignment3_kp2_t1,1791455900.201032,camera_color_optical_frame,147,640,480,0,,,0.0000,0.0000,0.00000,0,0,,,,,11.95,0.00,1791455900.285486,,0,0.0
assignment3_kp2_t1,1791455900.234391,camera_color_optical_frame,148,640,480,0,,,0.0000,0.0000,0.00000,0,0,,,,,11.89,0.00,1791455900.318978,,0,0.0
assignment3_kp2_t1,1791455900.267750,camera_color_optical_frame,149,640,480,0,,,0.0000,0.0000,0.00000,0,0,,,,,10.37,0.00,1791455900.353194,,0,0.0
assignment3_kp2_t1,1791455900.301109,camera_color_optical_frame,150,640,480,0,,,0.0000,0.0000,0.00000,0,0,,,,,8.72,0.00,1791455900.390127,,0,0.0
assignment3_kp2_t1,1791455900.334468,camera_color_optical_frame,151,640,480,0,,,0.0000,0.0000,0.00000,0,0,,,,,10.14,0.00,1791455900.422638,,0,0.0
assignment3_kp2_t1,1791455900.367826,camera_color_optical_frame,152,640,480,0,,,0.0000,0.0000,0.00000,0,0,,,,,8.53,0.00,1791455900.456101,,0,0.0
assignment3_kp2_t1,1791455900.401185,camera_color_optical_frame,153,640,480,0,,,0.0000,0.0000,0.00000,0,0,,,,,10.09,0.00,1791455900.484486,,0,0.0
assignment3_kp2_t1,1791455900.434544,camera_color_optical_frame,154,640,480,0,,,0.0000,0.0000,0.00000,0,0,,,,,9.24,0.00,1791455900.517370,,0,0.0
assignment3_kp2_t1,1791455900.467903,camera_color_optical_frame,155,640,480,0,,,0.0000,0.0000,0.00000,0,0,,,,,6.94,33.36,1791455900.532599,,0,0.0
assignment3_kp2_t1,1791455900.501262,camera_color_optical_frame,156,640,480,0,,,0.0000,0.0000,0.00000,0,0,,,,,12.61,0.00,1791455900.579058,,0,0.0
assignment3_kp2_t1,1791455900.534621,camera_color_optical_frame,157,640,480,0,,,0.0000,0.0000,0.00000,0,0,,,,,7.33,0.00,1791455900.621118,,0,0.0
assignment3_kp2_t1,1791455900.567980,camera_color_optical_frame,158,640,480,0,,,0.0000,0.0000,0.00000,0,0,,,,,12.27,0.00,1791455900.649935,,0,0.0
assignment3_kp2_t1,1791455900.601339,camera_color_optical_frame,159,640,480,0,,,0.0000,0.0000,0.00000,0,0,,,,,10.86,0.00,1791455900.683131,,0,0.0
assignment3_kp2_t1,1791455900.634698,camera_color_optical_frame,160,640,480,0,,,0.0000,0.0000,0.00000,0,0,,,,,9.48,0.00,1791455900.717775,,0,0.0
assignment3_kp2_t1,1791455900.668057,camera_color_optical_frame,161,640,480,0,,,0.0000,0.0000,0.00000,0,0,,,,,11.21,0.00,1791455900.747257,,0,0.0
assignment3_kp2_t1,1791455900.701416,camera_color_optical_frame,162,640,480,0,,,0.0000,0.0000,0.00000,0,0,,,,,11.67,0.00,1791455900.785035,,0,0.0
assignment3_kp2_t1,1791455900.734775,camera_color_optical_frame,163,640,480,0,,,0.0000,0.0000,0.00000,0,0,,,,,11.05,0.00,1791455900.820674,,0,0.0
assignment3_kp2_t1,1791455900.768135,camera_color_optical_frame,164,640,480,0,,,0.0000,0.0000,0.00000,0,0,,,,,9.40,0.00,1791455900.860534,,0,0.0
assignment3_kp2_t1,1791455900.801494,camera_color_optical_frame,165,640,480,0,,,0.0000,0.0000,0.00000,0,0,,,,,8.48,0.00,1791455900.893553,,0,0.0
assignment3_kp2_t1,1791455900.834853,camera_color_optical_frame,166,640,480,0,,,0.0000,0.0000,0.00000,0,0,,,,,9.99,0.00,1791455900.927659,,0,0.0
assignment3_kp2_t1,1791455900.868212,camera_color_optical_frame,167,640,480,0,,,0.0000,0.0000,0.00000,0,0,,,,,9.90,0.00,1791455900.962481,,0,0.0
assignment3_kp2_t1,1791455900.901571,camera_color_optical_frame,168,640,480,0,,,0.0000,0.0000,0.00000,0,0,,,,,9.22,0.00,1791455900.999468,,0,0.0
assignment3_kp2_t1,1791455900.934930,camera_color_optical_frame,169,640,480,0,,,0.0000,0.0000,0.00000,0,0,,,,,7.93,0.00,1791455901.035126,,0,0.0
assignment3_kp2_t1,1791455900.968290,camera_color_optical_frame,170,640,480,0,,,0.0000,0.0000,0.00000,0,0,,,,,7.46,0.00,1791455901.067682,,0,0.0
assignment3_kp2_t1,1791455901.001649,camera_color_optical_frame,171,640,480,0,,,0.0000,0.0000,0.00000,0,0,,,,,9.46,0.00,1791455901.101134,,0,0.0
assignment3_kp2_t1,1791455901.035008,camera_color_optical_frame,172,640,480,0,,,0.0000,0.0000,0.00000,0,0,,,,,8.12,0.00,1791455901.135995,,0,0.0
assignment3_kp2_t1,1791455901.068367,camera_color_optical_frame,173,640,480,0,,,0.0000,0.0000,0.00000,0,0,,,,,8.76,0.00,1791455901.168370,,0,0.0
assignment3_kp2_t1,1791455901.101727,camera_color_optical_frame,174,640,480,0,,,0.0000,0.0000,0.00000,0,0,,,,,9.31,0.00,1791455901.202135,,0,0.0
assignment3_kp2_t1,1791455901.135086,camera_color_optical_frame,175,640,480,0,,,0.0000,0.0000,0.00000,0,0,,,,,10.22,0.00,1791455901.235481,,0,0.0
assignment3_kp2_t1,1791455901.168443,camera_color_optical_frame,176,640,480,0,,,0.0000,0.0000,0.00000,0,0,,,,,8.70,0.00,1791455901.271351,,0,0.0
assignment3_kp2_t1,1791455901.201800,camera_color_optical_frame,177,640,480,0,,,0.0000,0.0000,0.00000,0,0,,,,,10.51,0.00,1791455901.305177,,0,0.0
assignment3_kp2_t1,1791455901.235157,camera_color_optical_frame,178,640,480,1,621.8,381.3,0.9430,0.5889,0.00218,1,1,0.643,0.4190,0.2057,0.0942,35.01,0.00,1791455901.364465,1,0,0.0
assignment3_kp2_t1,1791455901.268514,camera_color_optical_frame,179,640,480,1,593.1,382.2,0.8536,0.5925,0.00195,1,1,0.611,0.4420,0.1961,0.1000,9.44,0.00,1791455901.385219,1,0,0.0
assignment3_kp2_t1,1791455901.301871,camera_color_optical_frame,180,640,480,1,571.8,386.0,0.7869,0.6085,0.00185,1,1,0.470,0.4680,0.1911,0.1089,11.23,0.00,1791455901.417208,1,0,0.0
assignment3_kp2_t1,1791455901.335228,camera_color_optical_frame,181,640,480,1,555.3,393.4,0.7353,0.6391,0.00173,1,0,0.294,,,,10.46,0.00,1791455901.448448,1,0,0.0
assignment3_kp2_t1,1791455901.368585,camera_color_optical_frame,182,640,480,1,544.3,400.2,0.7008,0.6674,0.00137,1,1,0.949,0.5110,0.1855,0.1308,14.45,0.00,1791455901.485214,1,0,0.0
assignment3_kp2_t1,1791455901.401942,camera_color_optical_frame,183,640,480,1,533.4,405.8,0.6669,0.6910,0.00141,1,1,1.000,0.5310,0.1832,0.1409,11.91,0.00,1791455901.516517,1,0,0.0
assignment3_kp2_t1,1791455901.435298,camera_color_optical_frame,184,640,480,1,526.4,412.0,0.6451,0.7165,0.00153,1,1,1.000,0.5500,0.1834,0.1515,10.56,0.00,1791455901.552664,1,0,0.0
assignment3_kp2_t1,1791455901.468656,camera_color_optical_frame,185,640,480,1,520.4,416.0,0.6263,0.7333,0.00145,1,1,1.000,0.5660,0.1832,0.1597,9.88,0.00,1791455901.584287,1,0,0.0
assignment3_kp2_t1,1791455901.502012,camera_color_optical_frame,186,640,480,1,517.2,421.7,0.6163,0.7571,0.00152,1,1,1.000,0.5770,0.1837,0.1682,10.75,0.00,1791455901.617307,1,0,0.0
assignment3_kp2_t1,1791455901.535369,camera_color_optical_frame,187,640,480,1,514.8,432.7,0.6088,0.8027,0.00137,1,1,1.000,0.5950,0.1870,0.1842,13.01,0.00,1791455901.649113,1,0,0.0
assignment3_kp2_t1,1791455901.568726,camera_color_optical_frame,188,640,480,1,513.9,440.6,0.6061,0.8360,0.00141,1,1,1.000,0.6060,0.1896,0.1956,15.35,0.00,1791455901.687439,1,0,0.0
assignment3_kp2_t1,1791455901.602083,camera_color_optical_frame,189,640,480,1,511.3,444.9,0.5977,0.8539,0.00123,1,1,1.000,0.6180,0.1906,0.2039,11.70,0.00,1791455901.720569,1,0,0.0
assignment3_kp2_t1,1791455901.635440,camera_color_optical_frame,190,640,480,1,507.9,446.9,0.5871,0.8620,0.00115,1,1,1.000,0.6360,0.1926,0.2118,11.33,0.00,1791455901.748507,1,0,0.0
assignment3_kp2_t1,1791455901.668797,camera_color_optical_frame,191,640,480,1,503.4,449.0,0.5732,0.8709,0.00106,1,1,1.000,0.6480,0.1915,0.2181,16.01,0.00,1791455901.790257,1,0,0.0
assignment3_kp2_t1,1791455901.702153,camera_color_optical_frame,192,640,480,1,496.7,452.6,0.5522,0.8859,0.00104,1,0,,,,,7.91,33.36,1791455901.804182,1,0,0.0
assignment3_kp2_t1,1791455901.735510,camera_color_optical_frame,193,640,480,1,491.0,453.3,0.5344,0.8888,0.00121,1,1,1.000,0.6720,0.1848,0.2310,10.10,0.00,1791455901.834042,1,0,0.0
assignment3_kp2_t1,1791455901.768867,camera_color_optical_frame,194,640,480,1,483.8,453.9,0.5119,0.8911,0.00109,1,1,1.000,0.6840,0.1800,0.2357,10.44,0.00,1791455901.865634,1,0,0.0
assignment3_kp2_t1,1791455901.802224,camera_color_optical_frame,195,640,480,1,475.8,454.5,0.4870,0.8939,0.00113,1,1,1.000,0.6960,0.1740,0.2406,10.55,0.00,1791455901.898357,1,0,0.0
assignment3_kp2_t1,1791455901.835581,camera_color_optical_frame,196,640,480,1,468.0,454.9,0.4625,0.8955,0.00118,1,1,1.000,0.7070,0.1676,0.2449,9.74,0.00,1791455901.932362,1,0,0.0
assignment3_kp2_t1,1791455901.868938,camera_color_optical_frame,197,640,480,1,461.6,456.2,0.4425,0.9009,0.00127,1,1,1.000,0.7160,0.1622,0.2495,11.77,0.00,1791455901.964364,1,0,0.0
assignment3_kp2_t1,1791455901.902295,camera_color_optical_frame,198,640,480,1,457.1,456.4,0.4285,0.9018,0.00103,1,1,1.000,0.7200,0.1578,0.2512,12.04,0.00,1791455901.998471,1,0,0.0
assignment3_kp2_t1,1791455901.935652,camera_color_optical_frame,199,640,480,1,450.8,454.6,0.4089,0.8943,0.00093,1,1,1.000,0.7280,0.1520,0.2518,10.31,0.00,1791455902.034523,1,0,0.0
assignment3_kp2_t1,1791455901.969008,camera_color_optical_frame,200,640,480,1,444.5,453.2,0.3890,0.8881,0.00089,1,1,1.000,0.7390,0.1465,0.2538,9.97,0.00,1791455902.067391,1,0,0.0
assignment3_kp2_t1,1791455902.002365,camera_color_optical_frame,201,640,480,1,438.8,451.3,0.3713,0.8802,0.00091,1,1,1.000,0.7430,0.1404,0.2529,10.35,0.00,1791455902.099909,1,0,0.0
assignment3_kp2_t1,1791455902.035722,camera_color_optical_frame,202,640,480,1,436.0,449.4,0.3626,0.8727,0.00100,1,1,1.000,0.7470,0.1377,0.2520,10.33,0.00,1791455902.134489,1,0,0.0
assignment3_kp2_t1,1791455902.069079,camera_color_optical_frame,203,640,480,1,433.5,449.6,0.3548,0.8731,0.00082,1,1,1.000,0.7515,0.1354,0.2536,10.28,0.00,1791455902.165144,1,0,0.0
assignment3_kp2_t1,1791455902.102436,camera_color_optical_frame,204,640,480,1,431.3,447.7,0.3479,0.8655,0.00085,1,1,1.000,0.7590,0.1340,0.2538,12.03,0.00,1791455902.203983,1,0,0.0
assignment3_kp2_t1,1791455902.135792,camera_color_optical_frame,205,640,480,1,429.5,447.3,0.3420,0.8638,0.00081,1,1,1.000,0.7635,0.1324,0.2549,11.74,0.00,1791455902.229611,1,0,0.0
assignment3_kp2_t1,1791455902.169151,camera_color_optical_frame,206,640,480,1,427.8,444.5,0.3370,0.8523,0.00101,1,1,1.000,0.7725,0.1319,0.2543,12.91,0.00,1791455902.264759,1,0,0.0
assignment3_kp2_t1,1791455902.202508,camera_color_optical_frame,207,640,480,1,428.6,441.3,0.3395,0.8389,0.00130,1,1,1.000,0.7790,0.1341,0.2523,11.40,0.00,1791455902.300251,1,0,0.0
assignment3_kp2_t1,1791455902.235866,camera_color_optical_frame,208,640,480,1,427.6,438.8,0.3362,0.8283,0.00167,1,1,1.000,0.7820,0.1332,0.2500,10.45,0.00,1791455902.334553,1,0,0.0
assignment3_kp2_t1,1791455902.269224,camera_color_optical_frame,209,640,480,1,426.4,433.8,0.3325,0.8073,0.00208,1,1,1.000,0.7910,0.1332,0.2463,13.18,0.00,1791455902.366058,1,0,0.0
assignment3_kp2_t1,1791455902.302582,camera_color_optical_frame,210,640,480,1,426.5,429.7,0.3328,0.7903,0.00255,1,1,1.000,0.7900,0.1332,0.2407,10.30,0.00,1791455902.402648,1,0,0.0
assignment3_kp2_t1,1791455902.335940,camera_color_optical_frame,211,640,480,1,427.5,427.3,0.3359,0.7806,0.00297,1,1,1.000,0.7880,0.1341,0.2371,11.14,0.00,1791455902.434491,1,0,0.0
assignment3_kp2_t1,1791455902.369298,camera_color_optical_frame,212,640,480,1,427.4,427.2,0.3358,0.7799,0.00294,1,1,1.000,0.7940,0.1351,0.2386,11.98,0.00,1791455902.466144,1,0,0.0
assignment3_kp2_t1,1791455902.402656,camera_color_optical_frame,213,640,480,1,427.4,427.2,0.3357,0.7799,0.00295,1,1,1.000,0.7930,0.1349,0.2383,10.75,0.00,1791455902.501830,1,0,0.0
assignment3_kp2_t1,1791455902.436013,camera_color_optical_frame,214,640,480,1,427.5,427.3,0.3359,0.7805,0.00297,1,1,1.000,0.7910,0.1346,0.2379,11.88,0.00,1791455902.536501,1,0,0.0
assignment3_kp2_t1,1791455902.469372,camera_color_optical_frame,215,640,480,1,427.5,427.2,0.3358,0.7801,0.00295,1,1,1.000,0.7900,0.1344,0.2375,10.33,0.00,1791455902.565895,1,0,0.0
assignment3_kp2_t1,1791455902.502729,camera_color_optical_frame,216,640,480,1,427.4,427.0,0.3358,0.7792,0.00293,1,1,1.000,0.7930,0.1349,0.2381,12.50,0.00,1791455902.598733,1,0,0.0
assignment3_kp2_t1,1791455902.536087,camera_color_optical_frame,217,640,480,1,427.4,427.0,0.3356,0.7792,0.00292,1,1,1.000,0.7910,0.1345,0.2375,11.62,0.00,1791455902.631921,1,0,0.0
assignment3_kp2_t1,1791455902.569445,camera_color_optical_frame,218,640,480,1,427.5,427.1,0.3359,0.7797,0.00294,1,1,1.000,0.7940,0.1351,0.2386,12.37,0.00,1791455902.665066,1,0,0.0
assignment3_kp2_t1,1791455902.602803,camera_color_optical_frame,219,640,480,1,427.4,426.9,0.3356,0.7788,0.00289,1,1,1.000,0.7960,0.1354,0.2389,10.61,0.00,1791455902.704170,1,0,0.0
assignment3_kp2_t1,1791455902.636161,camera_color_optical_frame,220,640,480,1,427.4,427.1,0.3356,0.7795,0.00293,1,1,1.000,0.7930,0.1349,0.2382,10.96,0.00,1791455902.737226,1,0,0.0
assignment3_kp2_t1,1791455902.669519,camera_color_optical_frame,221,640,480,1,427.5,427.1,0.3358,0.7794,0.00293,1,1,1.000,0.7920,0.1348,0.2379,10.07,0.00,1791455902.767005,1,0,0.0
assignment3_kp2_t1,1791455902.702877,camera_color_optical_frame,222,640,480,1,427.5,427.4,0.3359,0.7807,0.00296,1,1,1.000,0.7870,0.1340,0.2368,13.47,0.00,1791455902.802531,1,0,0.0
assignment3_kp2_t1,1791455902.736235,camera_color_optical_frame,223,640,480,1,427.4,427.2,0.3357,0.7799,0.00295,1,1,1.000,0.7910,0.1346,0.2377,9.62,0.00,1791455902.827869,1,0,0.0
assignment3_kp2_t1,1791455902.769593,camera_color_optical_frame,224,640,480,1,427.5,427.3,0.3359,0.7806,0.00297,1,0,,,,,11.25,33.36,1791455902.844110,1,0,0.0
assignment3_kp2_t1,1791455902.802951,camera_color_optical_frame,225,640,480,1,427.5,427.1,0.3359,0.7795,0.00293,1,1,1.000,0.7910,0.1346,0.2376,15.02,0.00,1791455902.885461,1,0,0.0
assignment3_kp2_t1,1791455902.836308,camera_color_optical_frame,226,640,480,1,427.5,427.1,0.3360,0.7798,0.00294,1,1,1.000,0.7910,0.1347,0.2377,10.50,0.00,1791455902.918142,1,0,0.0
assignment3_kp2_t1,1791455902.869667,camera_color_optical_frame,227,640,480,1,427.5,427.0,0.3358,0.7793,0.00293,1,0,,,,,6.61,33.36,1791455902.933434,1,0,0.0
assignment3_kp2_t1,1791455902.903024,camera_color_optical_frame,228,640,480,1,427.5,427.4,0.3360,0.7808,0.00298,1,1,1.000,0.7930,0.1350,0.2386,15.05,0.00,1791455902.983433,1,0,0.0
assignment3_kp2_t1,1791455902.936382,camera_color_optical_frame,229,640,480,1,427.4,427.2,0.3357,0.7798,0.00296,1,1,1.000,0.7940,0.1351,0.2386,11.66,0.00,1791455903.022501,1,0,0.0
assignment3_kp2_t1,1791455902.969740,camera_color_optical_frame,230,640,480,1,427.5,427.4,0.3359,0.7807,0.00297,1,1,1.000,0.7920,0.1348,0.2383,12.02,0.00,1791455903.055635,1,0,0.0
assignment3_kp2_t1,1791455903.003098,camera_color_optical_frame,231,640,480,1,427.5,427.2,0.3360,0.7801,0.00295,1,1,1.000,0.7880,0.1342,0.2369,10.49,0.00,1791455903.089183,1,0,0.0
assignment3_kp2_t1,1791455903.036456,camera_color_optical_frame,232,640,480,1,427.5,427.4,0.3360,0.7806,0.00297,1,1,1.000,0.7980,0.1358,0.2401,13.93,0.00,1791455903.121421,1,0,0.0
assignment3_kp2_t1,1791455903.069814,camera_color_optical_frame,233,640,480,1,427.5,427.3,0.3359,0.7804,0.00296,1,0,,,,,6.81,33.36,1791455903.133481,1,0,0.0
assignment3_kp2_t1,1791455903.103172,camera_color_optical_frame,234,640,480,1,427.5,427.4,0.3360,0.7807,0.00297,1,1,1.000,0.7940,0.1352,0.2389,16.97,0.00,1791455903.184373,1,0,0.0
assignment3_kp2_t1,1791455903.136530,camera_color_optical_frame,235,640,480,1,427.5,427.4,0.3359,0.7808,0.00297,1,1,1.000,0.7930,0.1350,0.2386,15.21,0.00,1791455903.221529,1,0,0.0
assignment3_kp2_t1,1791455903.169888,camera_color_optical_frame,236,640,480,1,427.5,427.3,0.3359,0.7806,0.00297,1,1,1.000,0.7930,0.1350,0.2386,13.28,0.00,1791455903.262209,1,0,0.0
assignment3_kp2_t1,1791455903.203246,camera_color_optical_frame,237,640,480,1,427.5,427.1,0.3360,0.7795,0.00294,1,1,1.000,0.7920,0.1348,0.2379,14.43,0.00,1791455903.288528,1,0,0.0
assignment3_kp2_t1,1791455903.236605,camera_color_optical_frame,238,640,480,1,427.5,427.3,0.3359,0.7805,0.00297,1,1,1.000,0.7960,0.1355,0.2394,12.70,0.00,1791455903.328653,1,0,0.0
assignment3_kp2_t1,1791455903.269964,camera_color_optical_frame,239,640,480,1,427.5,427.3,0.3359,0.7805,0.00297,1,1,1.000,0.7930,0.1350,0.2385,13.14,0.00,1791455903.353536,1,0,0.0
assignment3_kp2_t1,1791455903.303323,camera_color_optical_frame,240,640,480,1,427.5,427.3,0.3360,0.7804,0.00296,1,1,1.000,0.7910,0.1347,0.2379,13.72,0.00,1791455903.387925,1,0,0.0
assignment3_kp2_t1,1791455903.336681,camera_color_optical_frame,241,640,480,1,427.5,427.2,0.3359,0.7800,0.00296,1,1,1.000,0.7900,0.1345,0.2375,10.25,0.00,1791455903.424595,1,0,0.0
assignment3_kp2_t1,1791455903.370040,camera_color_optical_frame,242,640,480,1,427.5,427.3,0.3359,0.7803,0.00298,1,1,1.000,0.7930,0.1350,0.2385,13.65,0.00,1791455903.455569,1,0,0.0
assignment3_kp2_t1,1791455903.403398,camera_color_optical_frame,243,640,480,1,427.5,427.3,0.3359,0.7806,0.00297,1,1,1.000,0.7940,0.1351,0.2389,11.58,0.00,1791455903.492491,1,0,0.0
assignment3_kp2_t1,1791455903.436757,camera_color_optical_frame,244,640,480,1,427.5,427.2,0.3359,0.7800,0.00296,1,1,1.000,0.7930,0.1350,0.2384,10.33,0.00,1791455903.525457,1,0,0.0
assignment3_kp2_t1,1791455903.470116,camera_color_optical_frame,245,640,480,1,427.5,427.3,0.3360,0.7806,0.00297,1,1,1.000,0.7940,0.1352,0.2388,10.47,0.00,1791455903.559772,1,0,0.0
assignment3_kp2_t1,1791455903.503474,camera_color_optical_frame,246,640,480,1,427.5,427.3,0.3360,0.7802,0.00298,1,1,1.000,0.7960,0.1355,0.2393,14.65,0.00,1791455903.587428,1,0,0.0
assignment3_kp2_t1,1791455903.536833,camera_color_optical_frame,247,640,480,1,427.5,427.4,0.3358,0.7807,0.00297,1,1,1.000,0.7920,0.1348,0.2383,12.47,0.00,1791455903.623584,1,0,0.0
assignment3_kp2_t1,1791455903.570191,camera_color_optical_frame,248,640,480,1,427.5,427.4,0.3359,0.7809,0.00298,1,1,1.000,0.7910,0.1346,0.2380,14.89,0.00,1791455903.653423,1,0,0.0
assignment3_kp2_t1,1791455903.603550,camera_color_optical_frame,249,640,480,1,427.5,427.3,0.3359,0.7804,0.00296,1,1,1.000,0.7920,0.1348,0.2382,13.11,0.00,1791455903.690516,1,0,0.0
assignment3_kp2_t1,1791455903.636909,camera_color_optical_frame,250,640,480,1,427.5,427.4,0.3359,0.7808,0.00298,1,1,1.000,0.7970,0.1357,0.2398,13.71,0.00,1791455903.726237,1,0,0.0
assignment3_kp2_t1,1791455903.670268,camera_color_optical_frame,251,640,480,1,427.5,427.2,0.3361,0.7799,0.00297,1,1,1.000,0.7925,0.1350,0.2382,12.61,0.00,1791455903.763686,1,0,0.0
assignment3_kp2_t1,1791455903.703626,camera_color_optical_frame,252,640,480,1,427.5,427.3,0.3360,0.7803,0.00297,1,1,1.000,0.8000,0.1362,0.2406,12.15,0.00,1791455903.799925,1,0,0.0
assignment3_kp2_t1,1791455903.736985,camera_color_optical_frame,253,640,480,1,427.5,427.4,0.3360,0.7809,0.00298,1,1,1.000,0.7930,0.1350,0.2386,11.30,0.00,1791455903.835390,1,0,0.0
assignment3_kp2_t1,1791455903.770344,camera_color_optical_frame,254,640,480,1,427.5,427.4,0.3361,0.7807,0.00297,1,1,1.000,0.7920,0.1349,0.2383,11.34,0.00,1791455903.872131,1,0,0.0
assignment3_kp2_t1,1791455903.803702,camera_color_optical_frame,255,640,480,1,427.5,427.4,0.3359,0.7809,0.00298,1,1,1.000,0.7900,0.1345,0.2377,11.59,0.00,1791455903.906177,1,0,0.0
assignment3_kp2_t1,1791455903.837061,camera_color_optical_frame,256,640,480,1,427.5,427.3,0.3359,0.7803,0.00298,1,1,1.000,0.7920,0.1348,0.2382,11.94,0.00,1791455903.942410,1,0,0.0
assignment3_kp2_t1,1791455903.870420,camera_color_optical_frame,257,640,480,1,427.5,427.4,0.3359,0.7810,0.00298,1,1,1.000,0.7920,0.1348,0.2384,10.12,0.00,1791455903.978184,1,0,0.0
assignment3_kp2_t1,1791455903.903778,camera_color_optical_frame,258,640,480,1,427.5,427.1,0.3359,0.7795,0.00295,1,1,1.000,0.7930,0.1350,0.2382,9.66,0.00,1791455904.011298,1,0,0.0
assignment3_kp2_t1,1791455903.937137,camera_color_optical_frame,259,640,480,1,427.5,427.5,0.3359,0.7812,0.00298,1,1,1.000,0.7890,0.1343,0.2375,11.45,0.00,1791455904.043398,1,0,0.0
assignment3_kp2_t1,1791455903.970496,camera_color_optical_frame,260,640,480,1,427.5,427.4,0.3359,0.7809,0.00298,1,1,1.000,0.7960,0.1355,0.2395,12.33,0.00,1791455904.076953,1,0,0.0
assignment3_kp2_t1,1791455904.003855,camera_color_optical_frame,261,640,480,1,427.5,427.4,0.3360,0.7809,0.00297,1,1,1.000,0.7910,0.1347,0.2381,9.95,0.00,1791455904.114094,1,0,0.0
assignment3_kp2_t1,1791455904.037213,camera_color_optical_frame,262,640,480,1,427.5,427.4,0.3361,0.7807,0.00298,1,1,1.000,0.7950,0.1354,0.2392,11.31,0.00,1791455904.144505,1,0,0.0
assignment3_kp2_t1,1791455904.070572,camera_color_optical_frame,263,640,480,1,427.5,427.3,0.3359,0.7803,0.00296,1,1,1.000,0.7970,0.1357,0.2397,11.13,0.00,1791455904.181729,1,0,0.0
assignment3_kp2_t1,1791455904.103930,camera_color_optical_frame,264,640,480,1,427.5,427.5,0.3359,0.7811,0.00299,1,1,1.000,0.7930,0.1350,0.2387,10.61,0.00,1791455904.213326,1,0,0.0
assignment3_kp2_t1,1791455904.137289,camera_color_optical_frame,265,640,480,1,427.5,427.4,0.3359,0.7808,0.00297,1,1,1.000,0.7970,0.1357,0.2398,12.99,0.00,1791455904.255849,1,0,0.0
assignment3_kp2_t1,1791455904.170648,camera_color_optical_frame,266,640,480,1,427.5,427.3,0.3361,0.7806,0.00297,1,1,1.000,0.7910,0.1347,0.2379,13.45,0.00,1791455904.284678,1,0,0.0
assignment3_kp2_t1,1791455904.204007,camera_color_optical_frame,267,640,480,1,427.5,427.4,0.3359,0.7808,0.00297,1,1,1.000,0.7930,0.1350,0.2386,13.17,0.00,1791455904.315725,1,0,0.0
assignment3_kp2_t1,1791455904.237366,camera_color_optical_frame,268,640,480,1,427.5,427.4,0.3360,0.7810,0.00298,1,1,1.000,0.7970,0.1357,0.2399,10.72,0.00,1791455904.350617,1,0,0.0
assignment3_kp2_t1,1791455904.270725,camera_color_optical_frame,269,640,480,1,427.5,427.4,0.3360,0.7809,0.00298,1,1,1.000,0.7940,0.1352,0.2389,11.88,0.00,1791455904.381022,1,0,0.0
assignment3_kp2_t1,1791455904.304085,camera_color_optical_frame,270,640,480,1,427.5,427.3,0.3360,0.7806,0.00298,1,1,1.000,0.7940,0.1352,0.2389,11.72,0.00,1791455904.414649,1,0,0.0
assignment3_kp2_t1,1791455904.337444,camera_color_optical_frame,271,640,480,1,427.5,427.5,0.3359,0.7812,0.00299,1,1,1.000,0.7930,0.1350,0.2388,10.96,0.00,1791455904.450121,1,0,0.0
assignment3_kp2_t1,1791455904.370803,camera_color_optical_frame,272,640,480,1,427.5,427.3,0.3359,0.7804,0.00296,1,1,1.000,0.8010,0.1363,0.2409,12.61,0.00,1791455904.482157,1,0,0.0
assignment3_kp2_t1,1791455904.404162,camera_color_optical_frame,273,640,480,1,427.5,427.4,0.3359,0.7809,0.00298,1,1,1.000,0.7930,0.1350,0.2386,10.85,0.00,1791455904.520363,1,0,0.0
assignment3_kp2_t1,1791455904.437521,camera_color_optical_frame,274,640,480,1,427.5,427.4,0.3360,0.7810,0.00298,1,1,1.000,0.7920,0.1348,0.2384,11.26,0.00,1791455904.550958,1,0,0.0
assignment3_kp2_t1,1791455904.470880,camera_color_optical_frame,275,640,480,1,427.5,427.4,0.3360,0.7810,0.00298,1,1,1.000,0.7940,0.1352,0.2390,12.88,0.00,1791455904.584731,1,0,0.0
assignment3_kp2_t1,1791455904.504240,camera_color_optical_frame,276,640,480,1,427.5,427.4,0.3360,0.7810,0.00298,1,1,1.000,0.7970,0.1357,0.2399,12.21,0.00,1791455904.621509,1,0,0.0
assignment3_kp2_t1,1791455904.537599,camera_color_optical_frame,277,640,480,1,427.5,427.3,0.3360,0.7803,0.00296,1,1,1.000,0.7940,0.1352,0.2388,12.11,0.00,1791455904.659238,1,0,0.0
assignment3_kp2_t1,1791455904.570958,camera_color_optical_frame,278,640,480,1,427.5,427.5,0.3360,0.7811,0.00299,1,1,1.000,0.7940,0.1352,0.2390,10.03,0.00,1791455904.695394,1,0,0.0
assignment3_kp2_t1,1791455904.604318,camera_color_optical_frame,279,640,480,1,427.5,427.4,0.3360,0.7810,0.00298,1,1,1.000,0.7930,0.1350,0.2387,10.61,0.00,1791455904.726400,1,0,0.0
assignment3_kp2_t1,1791455904.637677,camera_color_optical_frame,280,640,480,1,427.5,427.4,0.3359,0.7810,0.00298,1,1,1.000,0.7960,0.1355,0.2396,13.41,0.00,1791455904.764861,1,0,0.0
assignment3_kp2_t1,1791455904.671036,camera_color_optical_frame,281,640,480,1,427.5,427.4,0.3360,0.7808,0.00298,1,1,1.000,0.7930,0.1350,0.2386,12.43,0.00,1791455904.787999,1,0,0.0
assignment3_kp2_t1,1791455904.704396,camera_color_optical_frame,282,640,480,1,427.5,427.4,0.3360,0.7810,0.00298,1,1,1.000,0.7920,0.1348,0.2384,13.77,0.00,1791455904.824052,1,0,0.0
assignment3_kp2_t1,1791455904.737755,camera_color_optical_frame,283,640,480,1,427.5,427.4,0.3360,0.7810,0.00298,1,1,1.000,0.7930,0.1350,0.2387,13.32,0.00,1791455904.861478,1,0,0.0
assignment3_kp2_t1,1791455904.771114,camera_color_optical_frame,284,640,480,1,427.5,427.4,0.3360,0.7810,0.00298,1,1,1.000,0.7900,0.1345,0.2378,12.03,0.00,1791455904.898416,1,0,0.0
assignment3_kp2_t1,1791455904.804474,camera_color_optical_frame,285,640,480,1,427.5,427.4,0.3360,0.7809,0.00298,1,1,1.000,0.7970,0.1357,0.2399,11.72,0.00,1791455904.935109,1,0,0.0
assignment3_kp2_t1,1791455904.837833,camera_color_optical_frame,286,640,480,1,427.5,427.5,0.3359,0.7813,0.00299,1,1,1.000,0.7960,0.1355,0.2397,10.45,0.00,1791455904.971660,1,0,0.0
assignment3_kp2_t1,1791455904.871192,camera_color_optical_frame,287,640,480,1,427.5,427.4,0.3360,0.7809,0.00298,1,1,1.000,0.7920,0.1348,0.2384,12.10,0.00,1791455905.006370,1,0,0.0
assignment3_kp2_t1,1791455904.904552,camera_color_optical_frame,288,640,480,1,427.5,427.4,0.3361,0.7807,0.00297,1,1,1.000,0.7920,0.1349,0.2383,12.44,0.00,1791455905.042936,1,0,0.0
assignment3_kp2_t1,1791455904.937912,camera_color_optical_frame,289,640,480,1,427.5,427.4,0.3359,0.7807,0.00298,1,1,1.000,0.7920,0.1348,0.2383,11.85,0.00,1791455905.079486,1,0,0.0
assignment3_kp2_t1,1791455904.971271,camera_color_optical_frame,290,640,480,1,427.5,427.4,0.3360,0.7810,0.00298,1,1,1.000,0.7920,0.1348,0.2384,9.45,0.00,1791455905.117846,1,0,0.0
assignment3_kp2_t1,1791455905.004630,camera_color_optical_frame,291,640,480,1,427.5,427.4,0.3360,0.7810,0.00298,1,1,1.000,0.7930,0.1350,0.2387,10.61,0.00,1791455905.150266,1,0,0.0
assignment3_kp2_t1,1791455905.037990,camera_color_optical_frame,292,640,480,1,427.5,427.4,0.3360,0.7810,0.00298,1,1,1.000,0.7920,0.1348,0.2384,11.95,0.00,1791455905.185452,1,0,0.0
assignment3_kp2_t1,1791455905.071349,camera_color_optical_frame,293,640,480,1,427.5,427.4,0.3360,0.7809,0.00298,1,1,1.000,0.7970,0.1357,0.2398,11.69,0.00,1791455905.217716,1,0,0.0
assignment3_kp2_t1,1791455905.104709,camera_color_optical_frame,294,640,480,1,427.5,427.4,0.3361,0.7807,0.00297,1,1,1.000,0.7930,0.1350,0.2386,12.61,0.00,1791455905.256086,1,0,0.0
assignment3_kp2_t1,1791455905.138069,camera_color_optical_frame,295,640,480,1,427.5,427.4,0.3360,0.7809,0.00298,1,1,1.000,0.7970,0.1357,0.2399,14.64,0.00,1791455905.285337,1,0,0.0
assignment3_kp2_t1,1791455905.171429,camera_color_optical_frame,296,640,480,1,427.5,427.4,0.3360,0.7810,0.00298,1,0,,,,,7.47,33.36,1791455905.299213,1,0,0.0
assignment3_kp2_t1,1791455905.238150,camera_color_optical_frame,297,640,480,1,427.5,427.5,0.3360,0.7811,0.00299,1,0,,,,,10.14,100.08,1791455905.314682,1,0,0.0
assignment3_kp2_t1,1791455905.271510,camera_color_optical_frame,298,640,480,1,427.5,427.4,0.3359,0.7809,0.00298,1,1,1.000,0.7940,0.1352,0.2389,12.36,0.00,1791455905.363333,1,0,0.0
assignment3_kp2_t1,1791455905.304871,camera_color_optical_frame,299,640,480,1,427.5,427.3,0.3359,0.7804,0.00296,1,1,1.000,0.7930,0.1350,0.2385,9.83,0.00,1791455905.390298,1,0,0.0
assignment3_kp2_t1,1791455905.338231,camera_color_optical_frame,300,640,480,1,427.6,427.3,0.3361,0.7805,0.00298,1,1,1.000,0.7910,0.1347,0.2379,10.44,0.00,1791455905.418676,1,0,0.0
assignment3_kp2_t1,1791455905.371592,camera_color_optical_frame,301,640,480,1,427.5,427.4,0.3360,0.7810,0.00298,1,0,,,,,6.52,33.36,1791455905.432253,1,0,0.0
assignment3_kp2_t1,1791455905.404952,camera_color_optical_frame,302,640,480,1,427.5,427.4,0.3359,0.7810,0.00298,1,1,1.000,0.7920,0.1348,0.2384,14.55,0.00,1791455905.482906,1,0,0.0
assignment3_kp2_t1,1791455905.438312,camera_color_optical_frame,303,640,480,1,427.5,427.4,0.3360,0.7810,0.00298,1,1,1.000,0.7980,0.1359,0.2402,14.03,0.00,1791455905.518518,1,0,0.0
assignment3_kp2_t1,1791455905.471673,camera_color_optical_frame,304,640,480,1,427.5,427.4,0.3359,0.7808,0.00297,1,1,1.000,0.7880,0.1341,0.2371,14.24,0.00,1791455905.553187,1,0,0.0
assignment3_kp2_t1,1791455905.505033,camera_color_optical_frame,305,640,480,1,427.5,427.4,0.3360,0.7810,0.00298,1,1,1.000,0.7990,0.1360,0.2405,12.06,0.00,1791455905.589030,1,0,0.0
assignment3_kp2_t1,1791455905.538394,camera_color_optical_frame,306,640,480,1,427.5,427.3,0.3360,0.7803,0.00296,1,1,1.000,0.7910,0.1347,0.2379,11.83,0.00,1791455905.624321,1,0,0.0
assignment3_kp2_t1,1791455905.571754,camera_color_optical_frame,307,640,480,1,427.5,427.4,0.3359,0.7809,0.00297,1,1,1.000,0.7970,0.1357,0.2399,9.54,0.00,1791455905.659470,1,0,0.0
assignment3_kp2_t1,1791455905.605115,camera_color_optical_frame,308,640,480,1,427.5,427.4,0.3360,0.7810,0.00298,1,1,1.000,0.7930,0.1350,0.2387,8.35,0.00,1791455905.684154,1,0,0.0
assignment3_kp2_t1,1791455905.638475,camera_color_optical_frame,309,640,480,1,427.5,427.4,0.3360,0.7810,0.00298,1,0,,,,,8.88,33.36,1791455905.734884,1,0,0.0
assignment3_kp2_t1,1791455905.671835,camera_color_optical_frame,310,640,480,1,427.5,427.4,0.3359,0.7809,0.00299,1,0,,,,,11.20,66.72,1791455905.752219,1,0,0.0
assignment3_kp2_t1,1791455905.705196,camera_color_optical_frame,311,640,480,1,427.5,427.5,0.3359,0.7812,0.00299,1,1,1.000,0.7920,0.1348,0.2385,8.60,0.00,1791455905.791539,1,0,0.0
assignment3_kp2_t1,1791455905.738557,camera_color_optical_frame,312,640,480,1,427.5,427.4,0.3359,0.7807,0.00298,1,1,1.000,0.7960,0.1355,0.2395,13.68,0.00,1791455905.825645,1,0,0.0
assignment3_kp2_t1,1791455905.771917,camera_color_optical_frame,313,640,480,1,427.5,427.5,0.3359,0.7812,0.00299,1,1,1.000,0.7980,0.1358,0.2403,11.94,0.00,1791455905.861471,1,0,0.0
assignment3_kp2_t1,1791455905.805278,camera_color_optical_frame,314,640,480,1,427.5,427.4,0.3360,0.7808,0.00299,1,1,1.000,0.7930,0.1350,0.2386,10.22,0.00,1791455905.894393,1,0,0.0
assignment3_kp2_t1,1791455905.838638,camera_color_optical_frame,315,640,480,1,427.5,427.4,0.3361,0.7807,0.00297,1,1,1.000,0.7920,0.1349,0.2383,10.69,0.00,1791455905.922383,1,0,0.0
assignment3_kp2_t1,1791455905.871999,camera_color_optical_frame,316,640,480,1,427.5,427.5,0.3359,0.7812,0.00299,1,0,,,,,6.75,33.36,1791455905.934776,1,0,0.0
assignment3_kp2_t1,1791455905.905360,camera_color_optical_frame,317,640,480,1,427.5,427.4,0.3360,0.7810,0.00298,1,1,1.000,0.7960,0.1355,0.2396,14.98,0.00,1791455905.986256,1,0,0.0
assignment3_kp2_t1,1791455905.938720,camera_color_optical_frame,318,640,480,1,427.5,427.4,0.3359,0.7808,0.00297,1,1,1.000,0.7960,0.1355,0.2395,13.34,0.00,1791455906.025551,1,0,0.0
assignment3_kp2_t1,1791455905.972081,camera_color_optical_frame,319,640,480,1,427.5,427.4,0.3361,0.7807,0.00297,1,1,1.000,0.7930,0.1350,0.2386,10.71,0.00,1791455906.061030,1,0,0.0
assignment3_kp2_t1,1791455906.005441,camera_color_optical_frame,320,640,480,1,427.5,427.4,0.3360,0.7810,0.00298,1,1,1.000,0.7990,0.1360,0.2405,11.59,0.00,1791455906.094036,1,0,0.0
assignment3_kp2_t1,1791455906.038802,camera_color_optical_frame,321,640,480,1,427.5,427.4,0.3360,0.7809,0.00298,1,1,1.000,0.7920,0.1349,0.2383,13.41,0.00,1791455906.126337,1,0,0.0
assignment3_kp2_t1,1791455906.072163,camera_color_optical_frame,322,640,480,1,427.5,427.2,0.3358,0.7801,0.00297,1,1,1.000,0.7940,0.1351,0.2387,12.17,0.00,1791455906.163197,1,0,0.0
assignment3_kp2_t1,1791455906.105523,camera_color_optical_frame,323,640,480,1,427.5,427.4,0.3360,0.7809,0.00299,1,1,1.000,0.7890,0.1343,0.2375,11.41,0.00,1791455906.197902,1,0,0.0
assignment3_kp2_t1,1791455906.138881,camera_color_optical_frame,324,640,480,1,427.5,427.5,0.3360,0.7811,0.00299,1,1,1.000,0.7940,0.1352,0.2390,9.96,0.00,1791455906.235869,1,0,0.0
assignment3_kp2_t1,1791455906.172240,camera_color_optical_frame,325,640,480,1,427.5,427.3,0.3360,0.7803,0.00296,1,1,1.000,0.7930,0.1350,0.2385,12.29,0.00,1791455906.263571,1,0,0.0
assignment3_kp2_t1,1791455906.205628,camera_color_optical_frame,326,640,480,1,427.5,427.5,0.3360,0.7812,0.00299,1,1,1.000,0.7960,0.1355,0.2396,11.50,0.00,1791455906.299498,1,0,0.0
assignment3_kp2_t1,1791455906.239017,camera_color_optical_frame,327,640,480,1,427.5,427.4,0.3360,0.7809,0.00298,1,1,1.000,0.7940,0.1352,0.2389,10.07,0.00,1791455906.333699,1,0,0.0
assignment3_kp2_t1,1791455906.272406,camera_color_optical_frame,328,640,480,1,427.5,427.3,0.3359,0.7803,0.00299,1,1,1.000,0.7910,0.1346,0.2379,12.09,0.00,1791455906.366191,1,0,0.0
assignment3_kp2_t1,1791455906.305795,camera_color_optical_frame,329,640,480,1,427.5,427.3,0.3360,0.7803,0.00296,1,1,1.000,0.7910,0.1347,0.2379,9.84,0.00,1791455906.402730,1,0,0.0
assignment3_kp2_t1,1791455906.339184,camera_color_optical_frame,330,640,480,1,427.5,427.5,0.3360,0.7811,0.00299,1,1,1.000,0.7900,0.1345,0.2378,10.97,0.00,1791455906.435208,1,0,0.0
assignment3_kp2_t1,1791455906.372573,camera_color_optical_frame,331,640,480,1,427.5,427.4,0.3361,0.7807,0.00297,1,1,1.000,0.7960,0.1356,0.2395,10.87,0.00,1791455906.473968,1,0,0.0
assignment3_kp2_t1,1791455906.405963,camera_color_optical_frame,332,640,480,1,427.5,427.3,0.3358,0.7802,0.00296,1,1,1.000,0.7960,0.1355,0.2393,11.92,0.00,1791455906.505917,1,0,0.0
assignment3_kp2_t1,1791455906.439353,camera_color_optical_frame,333,640,480,1,427.5,427.4,0.3359,0.7808,0.00299,1,1,1.000,0.7940,0.1352,0.2389,11.92,0.00,1791455906.542395,1,0,0.0
assignment3_kp2_t1,1791455906.472743,camera_color_optical_frame,334,640,480,1,427.5,427.4,0.3360,0.7809,0.00298,1,1,1.000,0.7900,0.1345,0.2377,9.24,0.00,1791455906.577769,1,0,0.0
assignment3_kp2_t1,1791455906.506132,camera_color_optical_frame,335,640,480,1,427.5,427.3,0.3358,0.7805,0.00298,1,1,1.000,0.7930,0.1349,0.2385,10.57,0.00,1791455906.612096,1,0,0.0
assignment3_kp2_t1,1791455906.539523,camera_color_optical_frame,336,640,480,1,427.5,427.3,0.3359,0.7805,0.00299,1,1,1.000,0.7930,0.1350,0.2385,11.50,0.00,1791455906.641353,1,0,0.0
assignment3_kp2_t1,1791455906.572913,camera_color_optical_frame,337,640,480,1,427.5,427.5,0.3360,0.7812,0.00298,1,1,1.000,0.7940,0.1352,0.2390,10.69,0.00,1791455906.678080,1,0,0.0
assignment3_kp2_t1,1791455906.606304,camera_color_optical_frame,338,640,480,1,427.5,427.4,0.3360,0.7810,0.00298,1,1,1.000,0.7920,0.1348,0.2384,10.08,0.00,1791455906.708278,1,0,0.0
assignment3_kp2_t1,1791455906.639694,camera_color_optical_frame,339,640,480,1,427.5,427.5,0.3359,0.7811,0.00298,1,1,1.000,0.7900,0.1345,0.2378,11.14,0.00,1791455906.740495,1,0,0.0
assignment3_kp2_t1,1791455906.673085,camera_color_optical_frame,340,640,480,1,427.5,427.2,0.3360,0.7800,0.00297,1,1,1.000,0.7940,0.1352,0.2387,8.85,0.00,1791455906.771997,1,0,0.0
assignment3_kp2_t1,1791455906.706476,camera_color_optical_frame,341,640,480,1,427.5,427.4,0.3360,0.7808,0.00300,1,0,,,,,9.04,33.39,1791455906.790442,1,0,0.0
assignment3_kp2_t1,1791455906.739867,camera_color_optical_frame,342,640,480,1,427.5,427.4,0.3360,0.7810,0.00298,1,1,1.000,0.7920,0.1348,0.2384,13.90,0.00,1791455906.824228,1,0,0.0
assignment3_kp2_t1,1791455906.773258,camera_color_optical_frame,343,640,480,1,427.5,427.4,0.3360,0.7808,0.00299,1,1,1.000,0.7930,0.1350,0.2386,12.07,0.00,1791455906.860268,1,0,0.0
assignment3_kp2_t1,1791455906.806650,camera_color_optical_frame,344,640,480,1,427.5,427.3,0.3359,0.7802,0.00298,1,1,1.000,0.7940,0.1351,0.2387,10.17,0.00,1791455906.895157,1,0,0.0
assignment3_kp2_t1,1791455906.840041,camera_color_optical_frame,345,640,480,1,427.5,427.4,0.3359,0.7810,0.00299,1,1,1.000,0.7970,0.1357,0.2399,13.10,0.00,1791455906.925322,1,0,0.0
assignment3_kp2_t1,1791455906.873433,camera_color_optical_frame,346,640,480,1,427.5,427.4,0.3360,0.7807,0.00299,1,1,1.000,0.7940,0.1352,0.2389,12.45,0.00,1791455906.957286,1,0,0.0
assignment3_kp2_t1,1791455906.906825,camera_color_optical_frame,347,640,480,1,427.6,427.3,0.3361,0.7805,0.00298,1,1,1.000,0.7930,0.1351,0.2385,12.13,0.00,1791455906.991304,1,0,0.0
assignment3_kp2_t1,1791455906.940217,camera_color_optical_frame,348,640,480,1,427.5,427.3,0.3360,0.7805,0.00299,1,1,1.000,0.7900,0.1345,0.2376,15.74,0.00,1791455907.028611,1,0,0.0
assignment3_kp2_t1,1791455906.973609,camera_color_optical_frame,349,640,480,1,427.5,427.3,0.3359,0.7805,0.00301,1,1,1.000,0.7960,0.1355,0.2394,12.46,0.00,1791455907.057893,1,0,0.0
assignment3_kp2_t1,1791455907.007001,camera_color_optical_frame,350,640,480,1,427.5,427.4,0.3360,0.7809,0.00299,1,1,1.000,0.7920,0.1348,0.2384,11.34,0.00,1791455907.099362,1,0,0.0
assignment3_kp2_t1,1791455907.040394,camera_color_optical_frame,351,640,480,1,427.5,427.5,0.3360,0.7811,0.00299,1,1,1.000,0.7940,0.1352,0.2390,11.51,0.00,1791455907.136674,1,0,0.0
assignment3_kp2_t1,1791455907.073787,camera_color_optical_frame,352,640,480,1,427.5,427.4,0.3359,0.7808,0.00299,1,1,1.000,0.7920,0.1348,0.2383,12.53,0.00,1791455907.167025,1,0,0.0
assignment3_kp2_t1,1791455907.107180,camera_color_optical_frame,353,640,480,1,427.5,427.4,0.3360,0.7808,0.00299,1,1,1.000,0.7920,0.1348,0.2383,12.40,0.00,1791455907.189660,1,0,0.0
assignment3_kp2_t1,1791455907.140573,camera_color_optical_frame,354,640,480,1,427.6,427.3,0.3361,0.7805,0.00298,1,1,1.000,0.7940,0.1352,0.2388,12.98,0.00,1791455907.221644,1,0,0.0
assignment3_kp2_t1,1791455907.173965,camera_color_optical_frame,355,640,480,1,427.5,427.4,0.3360,0.7807,0.00299,1,1,1.000,0.7960,0.1355,0.2395,9.22,0.00,1791455907.251690,1,0,0.0
assignment3_kp2_t1,1791455907.207330,camera_color_optical_frame,356,640,480,1,427.5,427.3,0.3360,0.7804,0.00298,1,0,,,,,5.89,33.36,1791455907.268214,1,0,0.0
assignment3_kp2_t1,1791455907.240695,camera_color_optical_frame,357,640,480,1,427.5,427.2,0.3360,0.7800,0.00297,1,1,1.000,0.7930,0.1350,0.2384,14.47,0.00,1791455907.317054,1,0,0.0
assignment3_kp2_t1,1791455907.274059,camera_color_optical_frame,358,640,480,1,426.6,427.1,0.3332,0.7794,0.00320,1,1,1.000,0.7920,0.1337,0.2379,14.20,0.00,1791455907.351066,1,0,0.0
assignment3_kp2_t1,1791455907.307424,camera_color_optical_frame,359,640,480,1,425.5,427.3,0.3296,0.7805,0.00297,1,1,1.000,0.8000,0.1335,0.2406,15.11,0.00,1791455907.385768,1,0,0.0
assignment3_kp2_t1,1791455907.340789,camera_color_optical_frame,360,640,480,1,423.5,427.4,0.3235,0.7810,0.00298,1,1,1.000,0.7960,0.1303,0.2396,13.74,0.00,1791455907.420974,1,0,0.0
assignment3_kp2_t1,1791455907.374154,camera_color_optical_frame,361,640,480,1,421.6,427.4,0.3175,0.7807,0.00295,1,1,1.000,0.7990,0.1282,0.2404,13.72,0.00,1791455907.453349,1,0,0.0
assignment3_kp2_t1,1791455907.407519,camera_color_optical_frame,362,640,480,1,420.6,427.1,0.3144,0.7797,0.00275,1,1,1.000,0.8010,0.1273,0.2407,13.08,0.00,1791455907.485908,1,0,0.0
assignment3_kp2_t1,1791455907.440884,camera_color_optical_frame,363,640,480,1,418.8,426.6,0.3086,0.7775,0.00276,1,1,1.000,0.8010,0.1248,0.2400,13.86,0.00,1791455907.523383,1,0,0.0
assignment3_kp2_t1,1791455907.474249,camera_color_optical_frame,364,640,480,1,416.6,425.7,0.3018,0.7739,0.00278,1,1,1.000,0.8040,0.1224,0.2397,11.14,0.00,1791455907.560623,1,0,0.0
assignment3_kp2_t1,1791455907.507614,camera_color_optical_frame,365,640,480,1,413.7,425.1,0.2927,0.7714,0.00287,1,1,1.000,0.8050,0.1186,0.2392,12.66,0.00,1791455907.593193,1,0,0.0
assignment3_kp2_t1,1791455907.540979,camera_color_optical_frame,366,640,480,1,411.5,425.1,0.2860,0.7714,0.00289,1,1,1.000,0.8060,0.1159,0.2395,13.14,0.00,1791455907.626385,1,0,0.0
assignment3_kp2_t1,1791455907.574344,camera_color_optical_frame,367,640,480,1,409.5,424.4,0.2797,0.7682,0.00289,1,1,1.000,0.8090,0.1137,0.2394,13.47,0.00,1791455907.661346,1,0,0.0
assignment3_kp2_t1,1791455907.607709,camera_color_optical_frame,368,640,480,1,407.3,423.0,0.2729,0.7624,0.00283,1,1,1.000,0.8090,0.1108,0.2375,11.30,0.00,1791455907.698543,1,0,0.0
assignment3_kp2_t1,1791455907.641074,camera_color_optical_frame,369,640,480,1,404.5,422.5,0.2641,0.7604,0.00257,1,1,1.000,0.8170,0.1081,0.2392,11.95,0.00,1791455907.731963,1,0,0.0
assignment3_kp2_t1,1791455907.674439,camera_color_optical_frame,370,640,480,1,401.0,423.2,0.2532,0.7634,0.00265,1,1,1.000,0.8210,0.1039,0.2414,11.19,0.00,1791455907.767984,1,0,0.0
assignment3_kp2_t1,1791455907.707805,camera_color_optical_frame,371,640,480,1,399.6,421.1,0.2487,0.7546,0.00283,1,1,1.000,0.8310,0.1032,0.2414,11.71,0.00,1791455907.801437,1,0,0.0
assignment3_kp2_t1,1791455907.741170,camera_color_optical_frame,372,640,480,1,399.5,419.7,0.2484,0.7486,0.00282,1,1,1.000,0.8330,0.1033,0.2400,11.67,0.00,1791455907.836277,1,0,0.0
assignment3_kp2_t1,1791455907.774535,camera_color_optical_frame,373,640,480,1,399.7,420.7,0.2491,0.7527,0.00277,1,1,1.000,0.8320,0.1035,0.2411,10.32,0.00,1791455907.872397,1,0,0.0
assignment3_kp2_t1,1791455907.807900,camera_color_optical_frame,374,640,480,1,399.6,420.2,0.2487,0.7508,0.00279,1,1,1.000,0.8340,0.1035,0.2411,12.42,0.00,1791455907.905386,1,0,0.0
assignment3_kp2_t1,1791455907.841266,camera_color_optical_frame,375,640,480,1,400.5,419.1,0.2515,0.7463,0.00251,1,1,1.000,0.8430,0.1059,0.2421,11.43,0.00,1791455907.941240,1,0,0.0
assignment3_kp2_t1,1791455907.874631,camera_color_optical_frame,376,640,480,1,399.7,417.7,0.2489,0.7403,0.00273,1,1,1.000,0.8460,0.1051,0.2410,10.88,0.00,1791455907.974449,1,0,0.0
assignment3_kp2_t1,1791455907.907997,camera_color_optical_frame,377,640,480,1,400.5,418.0,0.2516,0.7417,0.00250,1,1,1.000,0.8470,0.1064,0.2417,11.89,0.00,1791455908.006613,1,0,0.0
assignment3_kp2_t1,1791455907.941362,camera_color_optical_frame,378,640,480,1,400.5,418.5,0.2515,0.7436,0.00247,1,1,1.000,0.8430,0.1059,0.2412,10.70,0.00,1791455908.040658,1,0,0.0
assignment3_kp2_t1,1791455907.974727,camera_color_optical_frame,379,640,480,1,400.5,417.6,0.2515,0.7400,0.00246,1,1,1.000,0.8480,0.1065,0.2415,8.97,0.00,1791455908.070169,1,0,0.0
assignment3_kp2_t1,1791455908.008093,camera_color_optical_frame,380,640,480,1,400.5,416.6,0.2515,0.7359,0.00245,1,0,,,,,12.85,33.37,1791455908.089550,1,0,0.0
assignment3_kp2_t1,1791455908.041459,camera_color_optical_frame,381,640,480,1,400.5,415.8,0.2515,0.7327,0.00247,1,1,1.000,0.8540,0.1073,0.2407,13.10,0.00,1791455908.126321,1,0,0.0
assignment3_kp2_t1,1791455908.074824,camera_color_optical_frame,382,640,480,1,398.5,417.3,0.2453,0.7388,0.00243,1,1,1.000,0.8610,0.1053,0.2447,13.06,0.00,1791455908.159990,1,0,0.0
assignment3_kp2_t1,1791455908.108190,camera_color_optical_frame,383,640,480,1,393.9,417.9,0.2308,0.7411,0.00221,1,1,1.000,0.8650,0.0992,0.2467,11.41,0.00,1791455908.193713,1,0,0.0
assignment3_kp2_t1,1791455908.141555,camera_color_optical_frame,384,640,480,1,388.9,416.2,0.2153,0.7342,0.00226,1,1,1.000,0.8670,0.0923,0.2449,12.33,0.00,1791455908.226654,1,0,0.0
assignment3_kp2_t1,1791455908.174921,camera_color_optical_frame,385,640,480,1,383.6,415.0,0.1987,0.7292,0.00213,1,1,1.000,0.8670,0.0847,0.2432,13.20,0.00,1791455908.257277,1,0,0.0
assignment3_kp2_t1,1791455908.208282,camera_color_optical_frame,386,640,480,1,379.1,414.9,0.1846,0.7289,0.00225,1,1,1.000,0.8660,0.0782,0.2428,12.83,0.00,1791455908.292004,1,0,0.0
assignment3_kp2_t1,1791455908.241649,camera_color_optical_frame,387,640,480,1,376.5,415.8,0.1767,0.7325,0.00241,1,1,1.000,0.8730,0.0752,0.2460,13.78,0.00,1791455908.323966,1,0,0.0
assignment3_kp2_t1,1791455908.275017,camera_color_optical_frame,388,640,480,1,374.7,415.8,0.1708,0.7326,0.00243,1,1,1.000,0.8680,0.0721,0.2446,12.80,0.00,1791455908.359977,1,0,0.0
assignment3_kp2_t1,1791455908.308385,camera_color_optical_frame,389,640,480,1,374.5,416.4,0.1702,0.7350,0.00243,1,1,1.000,0.8680,0.0718,0.2454,13.45,0.00,1791455908.390984,1,0,0.0
assignment3_kp2_t1,1791455908.341753,camera_color_optical_frame,390,640,480,1,373.6,416.1,0.1675,0.7339,0.00262,1,1,1.000,0.8730,0.0709,0.2465,16.65,0.00,1791455908.428520,1,0,0.0
assignment3_kp2_t1,1791455908.375122,camera_color_optical_frame,391,640,480,1,372.5,416.7,0.1641,0.7361,0.00243,1,1,1.000,0.8680,0.0690,0.2458,13.53,0.00,1791455908.455084,1,0,0.0
assignment3_kp2_t1,1791455908.408489,camera_color_optical_frame,392,640,480,1,372.5,416.6,0.1642,0.7358,0.00244,1,1,1.000,0.8730,0.0694,0.2471,12.56,0.00,1791455908.492007,1,0,0.0
assignment3_kp2_t1,1791455908.441858,camera_color_optical_frame,393,640,480,1,372.5,416.5,0.1640,0.7354,0.00243,1,1,1.000,0.8700,0.0691,0.2461,12.27,0.00,1791455908.527120,1,0,0.0
assignment3_kp2_t1,1791455908.475226,camera_color_optical_frame,394,640,480,1,372.5,415.9,0.1642,0.7329,0.00240,1,1,1.000,0.8700,0.0692,0.2453,12.82,0.00,1791455908.561132,1,0,0.0
assignment3_kp2_t1,1791455908.508594,camera_color_optical_frame,395,640,480,1,372.5,415.8,0.1642,0.7324,0.00242,1,1,1.000,0.8680,0.0690,0.2445,12.72,0.00,1791455908.590079,1,0,0.0
assignment3_kp2_t1,1791455908.541963,camera_color_optical_frame,396,640,480,1,372.5,415.2,0.1640,0.7301,0.00241,1,1,1.000,0.8680,0.0689,0.2437,9.98,0.00,1791455908.619943,1,0,0.0
assignment3_kp2_t1,1791455908.575331,camera_color_optical_frame,397,640,480,1,372.5,414.3,0.1642,0.7260,0.00241,1,0,,,,,6.92,33.37,1791455908.635467,1,0,0.0
assignment3_kp2_t1,1791455908.608700,camera_color_optical_frame,398,640,480,1,372.5,413.8,0.1642,0.7243,0.00240,1,1,1.000,0.8660,0.0689,0.2412,15.92,0.00,1791455908.686096,1,0,0.0
assignment3_kp2_t1,1791455908.642068,camera_color_optical_frame,399,640,480,1,372.5,413.2,0.1641,0.7218,0.00244,1,1,1.000,0.8680,0.0690,0.2409,14.68,0.00,1791455908.723157,1,0,0.0
assignment3_kp2_t1,1791455908.675436,camera_color_optical_frame,400,640,480,1,372.6,413.4,0.1643,0.7224,0.00243,1,1,1.000,0.8660,0.0689,0.2406,11.97,0.00,1791455908.756535,1,0,0.0
assignment3_kp2_t1,1791455908.708805,camera_color_optical_frame,401,640,480,1,372.5,413.3,0.1641,0.7222,0.00242,1,1,1.000,0.8670,0.0689,0.2407,13.25,0.00,1791455908.790909,1,0,0.0
assignment3_kp2_t1,1791455908.742174,camera_color_optical_frame,402,640,480,1,372.5,413.3,0.1639,0.7221,0.00243,1,1,1.000,0.8660,0.0687,0.2404,13.23,0.00,1791455908.827160,1,0,0.0
assignment3_kp2_t1,1791455908.775542,camera_color_optical_frame,403,640,480,1,370.7,413.2,0.1583,0.7216,0.00245,1,1,1.000,0.8680,0.0663,0.2408,12.14,0.00,1791455908.862325,1,0,0.0
assignment3_kp2_t1,1791455908.808911,camera_color_optical_frame,404,640,480,1,369.6,413.2,0.1549,0.7218,0.00250,1,1,1.000,0.8680,0.0647,0.2409,9.97,0.00,1791455908.892038,1,0,0.0
assignment3_kp2_t1,1791455908.842279,camera_color_optical_frame,405,640,480,1,368.3,413.8,0.1510,0.7240,0.00236,1,0,,,,,7.46,33.37,1791455908.908859,1,0,0.0
assignment3_kp2_t1,1791455908.875649,camera_color_optical_frame,406,640,480,1,366.2,413.5,0.1443,0.7231,0.00232,1,1,1.000,0.8650,0.0597,0.2405,8.27,0.00,1791455908.947533,1,0,0.0
assignment3_kp2_t1,1791455908.909017,camera_color_optical_frame,407,640,480,1,362.6,415.0,0.1331,0.7290,0.00240,1,0,,,,,6.29,33.37,1791455908.968689,1,0,0.0
assignment3_kp2_t1,1791455908.942386,camera_color_optical_frame,408,640,480,1,360.5,414.6,0.1265,0.7274,0.00241,1,1,1.000,0.8700,0.0519,0.2434,16.40,0.00,1791455909.024312,1,0,0.0
assignment3_kp2_t1,1791455908.975755,camera_color_optical_frame,409,640,480,1,357.1,414.7,0.1158,0.7279,0.00223,1,1,1.000,0.8670,0.0468,0.2427,11.43,0.00,1791455909.062872,1,0,0.0
assignment3_kp2_t1,1791455909.009124,camera_color_optical_frame,410,640,480,1,352.8,413.8,0.1026,0.7240,0.00225,1,1,1.000,0.8750,0.0411,0.2436,11.57,0.00,1791455909.099024,1,0,0.0
assignment3_kp2_t1,1791455909.042493,camera_color_optical_frame,411,640,480,1,348.3,409.2,0.0883,0.7052,0.00227,1,1,1.000,0.8750,0.0345,0.2371,13.50,0.00,1791455909.134602,1,0,0.0
assignment3_kp2_t1,1791455909.075862,camera_color_optical_frame,412,640,480,1,342.6,410.0,0.0707,0.7083,0.00221,1,1,1.000,0.8790,0.0265,0.2392,12.33,0.00,1791455909.166149,1,0,0.0
assignment3_kp2_t1,1791455909.109231,camera_color_optical_frame,413,640,480,1,336.1,409.8,0.0504,0.7073,0.00198,1,1,1.000,0.8780,0.0171,0.2386,15.13,0.00,1791455909.191749,1,0,0.0
assignment3_kp2_t1,1791455909.142600,camera_color_optical_frame,414,640,480,1,329.2,408.5,0.0289,0.7022,0.00202,1,1,1.000,0.8780,0.0071,0.2368,14.47,0.00,1791455909.227357,1,0,0.0
assignment3_kp2_t1,1791455909.175970,camera_color_optical_frame,415,640,480,1,321.9,409.1,0.0058,0.7047,0.00202,1,1,1.000,0.8750,-0.0036,0.2369,13.90,0.00,1791455909.259017,1,0,0.0
assignment3_kp2_t1,1791455909.209338,camera_color_optical_frame,416,640,480,1,314.1,408.5,-0.0184,0.7023,0.00184,1,1,1.000,0.8780,-0.0149,0.2369,11.48,0.00,1791455909.294973,1,0,0.0
assignment3_kp2_t1,1791455909.242688,camera_color_optical_frame,417,640,480,1,304.4,408.2,-0.0488,0.7009,0.00173,1,1,1.000,0.8850,-0.0292,0.2383,11.38,0.00,1791455909.326228,1,0,0.0
assignment3_kp2_t1,1791455909.276038,camera_color_optical_frame,418,640,480,1,292.1,408.1,-0.0872,0.7006,0.00158,1,1,1.000,0.8850,-0.0471,0.2382,9.69,0.00,1791455909.355089,1,0,0.0
assignment3_kp2_t1,1791455909.309387,camera_color_optical_frame,419,640,480,1,277.4,408.3,-0.1331,0.7011,0.00134,1,0,,,,,6.49,33.35,1791455909.372093,1,0,0.0
assignment3_kp2_t1,1791455909.342737,camera_color_optical_frame,420,640,480,1,259.8,409.2,-0.1883,0.7050,0.00128,1,1,1.000,0.8900,-0.0949,0.2411,15.65,0.00,1791455909.423939,1,0,0.0
assignment3_kp2_t1,1791455909.376086,camera_color_optical_frame,421,640,480,1,242.7,409.4,-0.2416,0.7060,0.00138,1,1,1.000,0.8750,-0.1180,0.2374,11.46,0.00,1791455909.462314,1,0,0.0
assignment3_kp2_t1,1791455909.409436,camera_color_optical_frame,422,640,480,1,225.0,410.8,-0.2969,0.7116,0.00139,1,1,1.000,0.8660,-0.1421,0.2369,13.54,0.00,1791455909.493264,1,0,0.0
assignment3_kp2_t1,1791455909.442785,camera_color_optical_frame,423,640,480,1,207.0,411.1,-0.3532,0.7131,0.00144,1,1,1.000,0.8600,-0.1666,0.2357,13.90,0.00,1791455909.525839,1,0,0.0
assignment3_kp2_t1,1791455909.476134,camera_color_optical_frame,424,640,480,1,190.1,410.7,-0.4060,0.7112,0.00162,1,1,1.000,0.8600,-0.1906,0.2351,12.68,0.00,1791455909.560065,1,0,0.0
assignment3_kp2_t1,1791455909.509483,camera_color_optical_frame,425,640,480,1,173.8,412.7,-0.4568,0.7194,0.00179,1,1,1.000,0.8480,-0.2107,0.2345,13.14,0.00,1791455909.590777,1,0,0.0
assignment3_kp2_t1,1791455909.542832,camera_color_optical_frame,426,640,480,1,158.1,413.7,-0.5060,0.7239,0.00178,1,1,1.000,0.8410,-0.2308,0.2341,14.96,0.00,1791455909.628090,1,0,0.0
assignment3_kp2_t1,1791455909.576181,camera_color_optical_frame,427,640,480,1,142.1,414.3,-0.5560,0.7265,0.00178,1,1,1.000,0.8340,-0.2509,0.2330,13.31,0.00,1791455909.659230,1,0,0.0
assignment3_kp2_t1,1791455909.609530,camera_color_optical_frame,428,640,480,1,126.5,414.8,-0.6047,0.7283,0.00191,1,1,1.000,0.8330,-0.2721,0.2333,17.42,0.00,1791455909.693791,1,0,0.0
assignment3_kp2_t1,1791455909.642879,camera_color_optical_frame,429,640,480,1,110.5,416.6,-0.6547,0.7358,0.00194,1,1,1.000,0.8170,-0.2884,0.2313,13.88,0.00,1791455909.725996,1,0,0.0
assignment3_kp2_t1,1791455909.676228,camera_color_optical_frame,430,640,480,1,94.9,417.4,-0.7034,0.7390,0.00205,2,1,1.000,0.8090,-0.3064,0.2300,9.81,0.00,1791455909.754091,1,0,0.0
assignment3_kp2_t1,1791455909.709577,camera_color_optical_frame,431,640,480,1,80.0,417.8,-0.7499,0.7409,0.00215,3,0,,,,,7.15,33.35,1791455909.773144,1,0,0.0
assignment3_kp2_t1,1791455909.742925,camera_color_optical_frame,432,640,480,1,64.7,420.8,-0.7977,0.7534,0.00222,3,1,1.000,0.7970,-0.3415,0.2312,14.83,0.00,1791455909.824385,1,0,0.0
assignment3_kp2_t1,1791455909.776274,camera_color_optical_frame,433,640,480,1,50.2,422.5,-0.8431,0.7604,0.00233,3,1,1.000,0.7850,-0.3552,0.2299,11.27,0.00,1791455909.864214,1,0,0.0
assignment3_kp2_t1,1791455909.809622,camera_color_optical_frame,434,640,480,1,35.9,422.5,-0.8878,0.7605,0.00254,3,1,1.000,0.7800,-0.3714,0.2284,15.20,0.00,1791455909.893270,1,0,0.0
assignment3_kp2_t1,1791455909.842971,camera_color_optical_frame,435,640,480,1,21.5,423.9,-0.9328,0.7664,0.00256,3,1,1.000,0.7670,-0.3834,0.2264,13.43,0.00,1791455909.927916,1,0,0.0
assignment3_kp2_t1,1791455909.876319,camera_color_optical_frame,436,640,480,1,8.2,427.2,-0.9743,0.7799,0.00265,3,1,1.000,0.7590,-0.3960,0.2281,14.53,0.00,1791455909.960710,1,0,0.0
assignment3_kp2_t1,1791455909.909668,camera_color_optical_frame,437,640,480,1,1.7,422.7,-0.9945,0.7614,0.00046,3,1,1.000,0.7510,-0.3999,0.2202,13.01,0.00,1791455909.996702,1,0,0.0
assignment3_kp2_t1,1791455909.943016,camera_color_optical_frame,438,640,480,0,,,0.0000,0.0000,0.00000,2,0,,,,,12.80,0.00,1791455910.027193,,0,0.0
assignment3_kp2_t1,1791455909.976364,camera_color_optical_frame,439,640,480,0,,,0.0000,0.0000,0.00000,2,0,,,,,11.55,0.00,1791455910.062371,,0,0.0
assignment3_kp2_t1,1791455910.009712,camera_color_optical_frame,440,640,480,0,,,0.0000,0.0000,0.00000,2,0,,,,,9.97,0.00,1791455910.096111,,0,0.0
assignment3_kp2_t1,1791455910.043061,camera_color_optical_frame,441,640,480,0,,,0.0000,0.0000,0.00000,2,0,,,,,6.10,33.35,1791455910.107163,,0,0.0
assignment3_kp2_t1,1791455910.076408,camera_color_optical_frame,442,640,480,0,,,0.0000,0.0000,0.00000,2,0,,,,,10.64,0.00,1791455910.160507,,0,0.0
assignment3_kp2_t1,1791455910.109757,camera_color_optical_frame,443,640,480,0,,,0.0000,0.0000,0.00000,0,0,,,,,10.48,0.00,1791455910.193222,,1,0.0
assignment3_kp2_t1,1791455910.143105,camera_color_optical_frame,444,640,480,0,,,0.0000,0.0000,0.00000,1,0,,,,,12.78,0.00,1791455910.224360,,1,0.0
assignment3_kp2_t1,1791455910.176452,camera_color_optical_frame,445,640,480,0,,,0.0000,0.0000,0.00000,0,0,,,,,9.55,0.00,1791455910.258882,,1,0.0
assignment3_kp2_t1,1791455910.209800,camera_color_optical_frame,446,640,480,0,,,0.0000,0.0000,0.00000,0,0,,,,,10.84,0.00,1791455910.299310,,1,0.0
assignment3_kp2_t1,1791455910.243142,camera_color_optical_frame,447,640,480,0,,,0.0000,0.0000,0.00000,1,0,,,,,10.70,0.00,1791455910.337890,,1,0.0
assignment3_kp2_t1,1791455910.276483,camera_color_optical_frame,448,640,480,0,,,0.0000,0.0000,0.00000,1,0,,,,,9.50,0.00,1791455910.374057,,1,0.0
assignment3_kp2_t1,1791455910.309825,camera_color_optical_frame,449,640,480,0,,,0.0000,0.0000,0.00000,1,0,,,,,13.10,0.00,1791455910.404912,,1,1.4
assignment3_kp2_t1,1791455910.343165,camera_color_optical_frame,450,640,480,0,,,0.0000,0.0000,0.00000,1,0,,,,,10.45,0.00,1791455910.442637,,1,1.4
assignment3_kp2_t1,1791455910.376506,camera_color_optical_frame,451,640,480,0,,,0.0000,0.0000,0.00000,0,0,,,,,8.22,0.00,1791455910.475179,,1,1.4
assignment3_kp2_t1,1791455910.409847,camera_color_optical_frame,452,640,480,0,,,0.0000,0.0000,0.00000,0,0,,,,,9.74,0.00,1791455910.507085,,1,0.0
assignment3_kp2_t1,1791455910.443187,camera_color_optical_frame,453,640,480,0,,,0.0000,0.0000,0.00000,0,0,,,,,9.65,0.00,1791455910.542982,,1,0.0
assignment3_kp2_t1,1791455910.476527,camera_color_optical_frame,454,640,480,0,,,0.0000,0.0000,0.00000,0,0,,,,,9.80,0.00,1791455910.574367,,1,0.0
assignment3_kp2_t1,1791455910.509868,camera_color_optical_frame,455,640,480,1,373.7,305.8,0.1679,0.2742,0.00072,1,1,0.879,1.8190,0.1482,0.1822,9.94,0.00,1791455910.603940,8,1,0.0
assignment3_kp2_t1,1791455910.543207,camera_color_optical_frame,456,640,480,1,361.5,318.0,0.1296,0.3252,0.00261,1,0,,,,,11.85,33.34,1791455910.621938,8,0,0.0
assignment3_kp2_t1,1791455910.576547,camera_color_optical_frame,457,640,480,0,,,0.0000,0.0000,0.00000,1,0,,,,,11.86,0.00,1791455910.660692,,1,0.0
assignment3_kp2_t1,1791455910.609887,camera_color_optical_frame,458,640,480,0,,,0.0000,0.0000,0.00000,0,0,,,,,9.60,0.00,1791455910.697679,,1,0.0
assignment3_kp2_t1,1791455910.643226,camera_color_optical_frame,459,640,480,0,,,0.0000,0.0000,0.00000,1,0,,,,,11.41,0.00,1791455910.727712,,1,0.0
assignment3_kp2_t1,1791455910.676565,camera_color_optical_frame,460,640,480,0,,,0.0000,0.0000,0.00000,1,0,,,,,13.37,0.00,1791455910.763306,,1,0.0
assignment3_kp2_t1,1791455910.709904,camera_color_optical_frame,461,640,480,0,,,0.0000,0.0000,0.00000,1,0,,,,,11.97,0.00,1791455910.803724,,1,0.0
assignment3_kp2_t1,1791455910.743243,camera_color_optical_frame,462,640,480,0,,,0.0000,0.0000,0.00000,1,0,,,,,12.21,0.00,1791455910.835556,,1,0.0
assignment3_kp2_t1,1791455910.776582,camera_color_optical_frame,463,640,480,0,,,0.0000,0.0000,0.00000,1,0,,,,,10.18,0.00,1791455910.864646,,1,0.0
assignment3_kp2_t1,1791455910.809920,camera_color_optical_frame,464,640,480,1,394.4,328.8,0.2325,0.3698,0.00036,2,0,0.000,,,,13.23,0.00,1791455910.896317,8,1,0.0
assignment3_kp2_t1,1791455910.843258,camera_color_optical_frame,465,640,480,0,,,0.0000,0.0000,0.00000,2,0,,,,,13.29,0.00,1791455910.929429,,1,0.0
assignment3_kp2_t1,1791455910.876597,camera_color_optical_frame,466,640,480,0,,,0.0000,0.0000,0.00000,2,0,,,,,14.49,0.00,1791455910.961947,,1,0.0
assignment3_kp2_t1,1791455910.909935,camera_color_optical_frame,467,640,480,0,,,0.0000,0.0000,0.00000,0,0,,,,,12.23,0.00,1791455910.993950,,1,0.0
assignment3_kp2_t1,1791455910.943272,camera_color_optical_frame,468,640,480,0,,,0.0000,0.0000,0.00000,1,0,,,,,13.33,0.00,1791455911.028721,,1,1.4
assignment3_kp2_t1,1791455910.976610,camera_color_optical_frame,469,640,480,0,,,0.0000,0.0000,0.00000,0,0,,,,,12.42,0.00,1791455911.062474,,1,0.0
assignment3_kp2_t1,1791455911.009947,camera_color_optical_frame,470,640,480,0,,,0.0000,0.0000,0.00000,1,0,,,,,9.84,0.00,1791455911.095861,,1,0.0
assignment3_kp2_t1,1791455911.043284,camera_color_optical_frame,471,640,480,0,,,0.0000,0.0000,0.00000,2,0,,,,,9.64,33.34,1791455911.112973,,0,0.0
assignment3_kp2_t1,1791455911.076621,camera_color_optical_frame,472,640,480,0,,,0.0000,0.0000,0.00000,1,0,,,,,14.14,0.00,1791455911.163784,,1,0.0
assignment3_kp2_t1,1791455911.109958,camera_color_optical_frame,473,640,480,0,,,0.0000,0.0000,0.00000,1,0,,,,,11.99,0.00,1791455911.200502,,1,0.0
assignment3_kp2_t1,1791455911.143295,camera_color_optical_frame,474,640,480,0,,,0.0000,0.0000,0.00000,0,0,,,,,13.38,0.00,1791455911.237545,,2,0.0
assignment3_kp2_t1,1791455911.176631,camera_color_optical_frame,475,640,480,0,,,0.0000,0.0000,0.00000,1,0,,,,,10.63,0.00,1791455911.268963,,2,0.0
assignment3_kp2_t1,1791455911.209968,camera_color_optical_frame,476,640,480,0,,,0.0000,0.0000,0.00000,0,0,,,,,10.33,0.00,1791455911.301931,,1,1.4
assignment3_kp2_t1,1791455911.243321,camera_color_optical_frame,477,640,480,0,,,0.0000,0.0000,0.00000,1,0,,,,,11.16,0.00,1791455911.334587,,1,1.4
assignment3_kp2_t1,1791455911.276675,camera_color_optical_frame,478,640,480,0,,,0.0000,0.0000,0.00000,0,0,,,,,9.81,0.00,1791455911.365881,,1,0.0
assignment3_kp2_t1,1791455911.310027,camera_color_optical_frame,479,640,480,1,287.4,290.6,-0.1020,0.2108,0.00068,1,1,1.000,1.8975,-0.1159,0.1424,13.88,0.00,1791455911.400387,20,1,0.0
assignment3_kp2_t1,1791455911.343381,camera_color_optical_frame,480,640,480,1,281.5,284.4,-0.1202,0.1850,0.00070,2,1,0.800,1.8400,-0.1301,0.1193,12.40,0.00,1791455911.430622,20,1,1.4
assignment3_kp2_t1,1791455911.376734,camera_color_optical_frame,481,640,480,1,272.4,285.5,-0.1487,0.1894,0.00075,2,0,,,,,8.46,33.35,1791455911.444981,20,0,1.4
assignment3_kp2_t1,1791455911.410086,camera_color_optical_frame,482,640,480,0,,,0.0000,0.0000,0.00000,1,0,,,,,13.67,0.00,1791455911.491787,,1,0.0
assignment3_kp2_t1,1791455911.443439,camera_color_optical_frame,483,640,480,0,,,0.0000,0.0000,0.00000,0,0,,,,,8.61,0.00,1791455911.534036,,1,0.0
assignment3_kp2_t1,1791455911.476792,camera_color_optical_frame,484,640,480,0,,,0.0000,0.0000,0.00000,1,0,,,,,12.03,0.00,1791455911.565718,,1,1.4
assignment3_kp2_t1,1791455911.510145,camera_color_optical_frame,485,640,480,0,,,0.0000,0.0000,0.00000,1,0,,,,,9.95,0.00,1791455911.604568,,1,0.0
assignment3_kp2_t1,1791455911.543498,camera_color_optical_frame,486,640,480,0,,,0.0000,0.0000,0.00000,0,0,,,,,8.53,0.00,1791455911.635433,,1,0.0
assignment3_kp2_t1,1791455911.576851,camera_color_optical_frame,487,640,480,0,,,0.0000,0.0000,0.00000,1,0,,,,,12.38,0.00,1791455911.666573,,1,0.0
assignment3_kp2_t1,1791455911.610204,camera_color_optical_frame,488,640,480,0,,,0.0000,0.0000,0.00000,1,0,,,,,10.04,0.00,1791455911.699691,,1,0.0
assignment3_kp2_t1,1791455911.643556,camera_color_optical_frame,489,640,480,0,,,0.0000,0.0000,0.00000,2,0,,,,,11.01,33.35,1791455911.715414,,0,0.0
assignment3_kp2_t1,1791455911.676909,camera_color_optical_frame,490,640,480,0,,,0.0000,0.0000,0.00000,1,0,,,,,11.54,0.00,1791455911.765446,,1,0.0
assignment3_kp2_t1,1791455911.710262,camera_color_optical_frame,491,640,480,0,,,0.0000,0.0000,0.00000,0,0,,,,,9.87,0.00,1791455911.796528,,1,0.0
assignment3_kp2_t1,1791455911.743614,camera_color_optical_frame,492,640,480,0,,,0.0000,0.0000,0.00000,1,0,,,,,11.78,0.00,1791455911.829149,,1,0.0
assignment3_kp2_t1,1791455911.776967,camera_color_optical_frame,493,640,480,0,,,0.0000,0.0000,0.00000,0,0,,,,,10.57,0.00,1791455911.859278,,2,0.0
assignment3_kp2_t1,1791455911.810319,camera_color_optical_frame,494,640,480,0,,,0.0000,0.0000,0.00000,0,0,,,,,11.67,0.00,1791455911.890388,,2,0.0
assignment3_kp2_t1,1791455911.843672,camera_color_optical_frame,495,640,480,0,,,0.0000,0.0000,0.00000,2,0,,,,,7.02,33.35,1791455911.905392,,0,0.0
assignment3_kp2_t1,1791455911.877024,camera_color_optical_frame,496,640,480,0,,,0.0000,0.0000,0.00000,0,0,,,,,15.04,0.00,1791455911.961125,,2,0.0
assignment3_kp2_t1,1791455911.910377,camera_color_optical_frame,497,640,480,0,,,0.0000,0.0000,0.00000,0,0,,,,,11.60,0.00,1791455911.995722,,2,0.0
assignment3_kp2_t1,1791455911.943729,camera_color_optical_frame,498,640,480,1,561.2,358.4,0.7536,0.4934,0.00193,2,0,0.000,,,,11.77,0.00,1791455912.030142,22,0,0.0
assignment3_kp2_t1,1791455911.977081,camera_color_optical_frame,499,640,480,1,595.5,362.1,0.8611,0.5088,0.00203,2,0,0.000,,,,14.75,0.00,1791455912.063335,22,0,0.0
assignment3_kp2_t1,1791455912.010433,camera_color_optical_frame,500,640,480,1,628.5,366.4,0.9640,0.5268,0.00139,2,0,0.000,,,,9.75,0.00,1791455912.088547,22,0,0.0
assignment3_kp2_t1,1791455912.043786,camera_color_optical_frame,501,640,480,0,,,0.0000,0.0000,0.00000,1,0,,,,,7.35,33.35,1791455912.104743,,0,0.0
assignment3_kp2_t1,1791455912.077138,camera_color_optical_frame,502,640,480,0,,,0.0000,0.0000,0.00000,1,0,,,,,16.04,0.00,1791455912.157040,,0,0.0
assignment3_kp2_t1,1791455912.110490,camera_color_optical_frame,503,640,480,0,,,0.0000,0.0000,0.00000,1,0,,,,,10.33,0.00,1791455912.198072,,0,0.0
assignment3_kp2_t1,1791455912.143842,camera_color_optical_frame,504,640,480,0,,,0.0000,0.0000,0.00000,1,0,,,,,11.14,0.00,1791455912.233228,,0,0.0
assignment3_kp2_t1,1791455912.177194,camera_color_optical_frame,505,640,480,0,,,0.0000,0.0000,0.00000,1,0,,,,,9.88,0.00,1791455912.266574,,0,0.0
assignment3_kp2_t1,1791455912.210546,camera_color_optical_frame,506,640,480,0,,,0.0000,0.0000,0.00000,1,0,,,,,12.88,0.00,1791455912.294306,,0,0.0
assignment3_kp2_t1,1791455912.243888,camera_color_optical_frame,507,640,480,0,,,0.0000,0.0000,0.00000,1,0,,,,,6.95,33.34,1791455912.307371,,0,0.0
assignment3_kp2_t1,1791455912.277230,camera_color_optical_frame,508,640,480,0,,,0.0000,0.0000,0.00000,1,0,,,,,11.60,0.00,1791455912.359859,,0,0.0
assignment3_kp2_t1,1791455912.310571,camera_color_optical_frame,509,640,480,0,,,0.0000,0.0000,0.00000,1,0,,,,,10.71,0.00,1791455912.395703,,0,0.0
assignment3_kp2_t1,1791455912.343913,camera_color_optical_frame,510,640,480,0,,,0.0000,0.0000,0.00000,1,0,,,,,9.98,0.00,1791455912.428782,,0,0.0
assignment3_kp2_t1,1791455912.377255,camera_color_optical_frame,511,640,480,0,,,0.0000,0.0000,0.00000,1,0,,,,,10.67,0.00,1791455912.464489,,0,0.0
assignment3_kp2_t1,1791455912.410596,camera_color_optical_frame,512,640,480,0,,,0.0000,0.0000,0.00000,1,0,,,,,15.18,0.00,1791455912.493512,,0,0.0
assignment3_kp2_t1,1791455912.443938,camera_color_optical_frame,513,640,480,0,,,0.0000,0.0000,0.00000,1,0,,,,,13.59,0.00,1791455912.526013,,0,0.0
assignment3_kp2_t1,1791455912.477280,camera_color_optical_frame,514,640,480,0,,,0.0000,0.0000,0.00000,1,0,,,,,13.02,0.00,1791455912.559138,,0,0.0
assignment3_kp2_t1,1791455912.510622,camera_color_optical_frame,515,640,480,1,325.2,407.3,0.0162,0.6969,0.00185,1,0,,,,,7.69,33.34,1791455912.573276,27,0,0.0
assignment3_kp2_t1,1791455912.543964,camera_color_optical_frame,516,640,480,1,332.1,405.5,0.0377,0.6898,0.00172,1,1,1.000,0.9500,0.0121,0.2516,17.48,0.00,1791455912.624355,27,0,0.0
assignment3_kp2_t1,1791455912.577306,camera_color_optical_frame,517,640,480,1,335.5,404.7,0.0485,0.6864,0.00191,1,1,1.000,0.9490,0.0174,0.2501,15.40,0.00,1791455912.658101,27,0,0.0
assignment3_kp2_t1,1791455912.610647,camera_color_optical_frame,518,640,480,1,339.0,403.9,0.0594,0.6829,0.00176,1,1,1.000,0.9530,0.0230,0.2498,13.34,0.00,1791455912.695374,27,0,0.0
assignment3_kp2_t1,1791455912.643989,camera_color_optical_frame,519,640,480,1,343.5,402.7,0.0734,0.6780,0.00190,1,1,1.000,0.9570,0.0302,0.2490,10.51,0.00,1791455912.730648,27,0,0.0
assignment3_kp2_t1,1791455912.677331,camera_color_optical_frame,520,640,480,1,345.5,402.6,0.0797,0.6776,0.00190,1,1,1.000,0.9590,0.0334,0.2494,12.95,0.00,1791455912.769258,27,0,0.0
assignment3_kp2_t1,1791455912.710673,camera_color_optical_frame,521,640,480,1,347.5,402.3,0.0858,0.6763,0.00188,1,1,1.000,0.9620,0.0367,0.2496,13.66,0.00,1791455912.794230,27,0,0.0
assignment3_kp2_t1,1791455912.744015,camera_color_optical_frame,522,640,480,1,349.5,402.2,0.0923,0.6759,0.00190,1,1,1.000,0.9650,0.0401,0.2503,13.52,0.00,1791455912.829086,27,0,0.0
assignment3_kp2_t1,1791455912.777357,camera_color_optical_frame,523,640,480,1,353.0,402.4,0.1032,0.6767,0.00176,1,1,1.000,0.9630,0.0456,0.2500,13.99,0.00,1791455912.863563,27,0,0.0
assignment3_kp2_t1,1791455912.810699,camera_color_optical_frame,524,640,480,1,357.5,402.5,0.1172,0.6772,0.00184,1,1,1.000,0.9620,0.0526,0.2500,11.92,0.00,1791455912.904111,27,0,0.0
assignment3_kp2_t1,1791455912.844041,camera_color_optical_frame,525,640,480,1,362.3,401.1,0.1322,0.6710,0.00167,1,1,1.000,0.9650,0.0604,0.2484,12.20,0.00,1791455912.934402,27,0,0.0
assignment3_kp2_t1,1791455912.877383,camera_color_optical_frame,526,640,480,1,365.1,400.2,0.1411,0.6677,0.00181,1,1,1.000,0.9740,0.0655,0.2494,13.55,0.00,1791455912.965905,27,0,0.0
assignment3_kp2_t1,1791455912.910724,camera_color_optical_frame,527,640,480,1,365.4,400.6,0.1420,0.6690,0.00187,1,1,1.000,0.9760,0.0662,0.2505,13.08,0.00,1791455912.998568,27,0,0.0
assignment3_kp2_t1,1791455912.944067,camera_color_optical_frame,528,640,480,1,363.7,400.1,0.1365,0.6673,0.00188,1,1,1.000,0.9720,0.0631,0.2488,12.79,0.00,1791455913.028680,27,0,0.0
assignment3_kp2_t1,1791455912.977408,camera_color_optical_frame,529,640,480,1,363.5,399.7,0.1359,0.6655,0.00186,1,1,1.000,0.9790,0.0632,0.2499,11.51,0.00,1791455913.058945,27,0,0.0
assignment3_kp2_t1,1791455913.010750,camera_color_optical_frame,530,640,480,1,365.6,399.2,0.1424,0.6635,0.00186,1,0,,,,,7.49,33.34,1791455913.072783,27,0,0.0
assignment3_kp2_t1,1791455913.044092,camera_color_optical_frame,531,640,480,1,370.0,398.8,0.1563,0.6616,0.00172,1,1,1.000,0.9820,0.0740,0.2491,15.43,0.00,1791455913.123351,27,0,0.0
assignment3_kp2_t1,1791455913.077435,camera_color_optical_frame,532,640,480,1,375.7,398.7,0.1742,0.6611,0.00151,1,1,1.000,0.9740,0.0826,0.2469,14.11,0.00,1791455913.162308,27,0,0.0
assignment3_kp2_t1,1791455913.110776,camera_color_optical_frame,533,640,480,1,383.1,399.2,0.1970,0.6632,0.00148,1,1,1.000,0.9880,0.0957,0.2512,13.03,0.00,1791455913.195586,27,0,0.0
assignment3_kp2_t1,1791455913.144119,camera_color_optical_frame,534,640,480,1,391.1,399.2,0.2223,0.6635,0.00145,1,1,1.000,0.9910,0.1092,0.2521,10.42,0.00,1791455913.227180,27,0,0.0
assignment3_kp2_t1,1791455913.177461,camera_color_optical_frame,535,640,480,1,399.4,398.9,0.2480,0.6619,0.00137,1,0,,,,,7.30,33.34,1791455913.240261,27,0,0.0
assignment3_kp2_t1,1791455913.210803,camera_color_optical_frame,536,640,480,1,407.9,399.9,0.2746,0.6664,0.00146,1,1,1.000,0.9990,0.1377,0.2553,15.07,0.00,1791455913.290651,27,0,0.0
assignment3_kp2_t1,1791455913.244161,camera_color_optical_frame,537,640,480,1,416.6,399.7,0.3019,0.6656,0.00155,1,1,1.000,1.0020,0.1525,0.2558,11.51,0.00,1791455913.329930,27,0,0.0
assignment3_kp2_t1,1791455913.277519,camera_color_optical_frame,538,640,480,1,424.6,399.7,0.3269,0.6655,0.00155,1,1,1.000,0.9990,0.1653,0.2550,13.45,0.00,1791455913.363634,27,0,0.0
assignment3_kp2_t1,1791455913.310877,camera_color_optical_frame,539,640,480,1,432.3,400.8,0.3509,0.6701,0.00154,1,1,1.000,0.9940,0.1771,0.2555,14.34,0.00,1791455913.394601,27,0,0.0
assignment3_kp2_t1,1791455913.344235,camera_color_optical_frame,540,640,480,1,437.6,400.8,0.3675,0.6699,0.00179,1,1,1.000,1.0020,0.1873,0.2575,13.59,0.00,1791455913.431505,27,0,0.0
assignment3_kp2_t1,1791455913.377593,camera_color_optical_frame,541,640,480,1,441.5,400.7,0.3797,0.6698,0.00181,1,1,1.000,0.9990,0.1932,0.2567,12.64,0.00,1791455913.465756,27,0,0.0
assignment3_kp2_t1,1791455913.410950,camera_color_optical_frame,542,640,480,1,443.5,400.1,0.3858,0.6671,0.00182,1,1,1.000,0.9930,0.1952,0.2541,14.38,0.00,1791455913.504795,27,0,0.0
assignment3_kp2_t1,1791455913.444308,camera_color_optical_frame,543,640,480,1,442.0,399.7,0.3813,0.6655,0.00181,1,1,1.000,0.9930,0.1928,0.2534,12.52,0.00,1791455913.530917,27,0,0.0
assignment3_kp2_t1,1791455913.477666,camera_color_optical_frame,544,640,480,1,439.3,399.0,0.3729,0.6623,0.00176,1,1,1.000,1.0010,0.1899,0.2542,9.81,0.00,1791455913.556650,27,0,0.0
assignment3_kp2_t1,1791455913.511024,camera_color_optical_frame,545,640,480,1,434.6,398.3,0.3581,0.6596,0.00157,1,0,,,,,7.01,33.36,1791455913.572986,27,0,0.0
assignment3_kp2_t1,1791455913.544382,camera_color_optical_frame,546,640,480,1,429.3,397.7,0.3415,0.6573,0.00163,1,1,1.000,1.0040,0.1739,0.2530,13.37,0.00,1791455913.620779,27,0,0.0
assignment3_kp2_t1,1791455913.577739,camera_color_optical_frame,547,640,480,1,424.0,396.9,0.3249,0.6539,0.00158,1,1,1.000,1.0040,0.1650,0.2516,13.73,0.00,1791455913.662951,27,0,0.0
assignment3_kp2_t1,1791455913.611097,camera_color_optical_frame,548,640,480,1,418.5,397.1,0.3078,0.6545,0.00157,1,1,1.000,0.9980,0.1550,0.2503,14.08,0.00,1791455913.700378,27,0,0.0
assignment3_kp2_t1,1791455913.644454,camera_color_optical_frame,549,640,480,1,414.5,396.7,0.2952,0.6528,0.00158,1,1,1.000,1.0040,0.1493,0.2512,11.37,0.00,1791455913.736239,27,0,0.0
assignment3_kp2_t1,1791455913.677812,camera_color_optical_frame,550,640,480,1,411.2,395.9,0.2851,0.6496,0.00173,1,1,1.000,1.0090,0.1447,0.2511,12.35,0.00,1791455913.773042,27,0,0.0
assignment3_kp2_t1,1791455913.711170,camera_color_optical_frame,551,640,480,1,408.7,395.7,0.2773,0.6487,0.00163,1,1,1.000,1.0020,0.1395,0.2491,10.52,0.00,1791455913.799996,27,0,0.0
assignment3_kp2_t1,1791455913.744528,camera_color_optical_frame,552,640,480,1,407.0,395.2,0.2718,0.6469,0.00166,1,1,1.000,1.0090,0.1376,0.2501,13.76,0.00,1791455913.828443,27,0,0.0
assignment3_kp2_t1,1791455913.777885,camera_color_optical_frame,553,640,480,1,405.5,395.4,0.2671,0.6474,0.00178,1,1,1.000,1.0110,0.1353,0.2508,16.86,0.00,1791455913.876424,27,0,0.0
assignment3_kp2_t1,1791455913.811243,camera_color_optical_frame,554,640,480,1,405.3,395.3,0.2666,0.6470,0.00174,1,1,1.000,1.0090,0.1348,0.2501,13.37,0.00,1791455913.903406,27,0,0.0
assignment3_kp2_t1,1791455913.844600,camera_color_optical_frame,555,640,480,1,405.5,395.3,0.2670,0.6470,0.00176,1,1,1.000,1.0070,0.1348,0.2496,10.67,0.00,1791455913.926360,27,0,0.0
assignment3_kp2_t1,1791455913.877958,camera_color_optical_frame,556,640,480,1,405.4,395.5,0.2670,0.6479,0.00176,1,0,,,,,7.22,33.36,1791455913.940559,27,0,0.0
assignment3_kp2_t1,1791455913.911315,camera_color_optical_frame,557,640,480,1,405.4,395.4,0.2670,0.6476,0.00177,1,1,1.000,1.0040,0.1344,0.2491,15.83,0.00,1791455913.989694,27,0,0.0
assignment3_kp2_t1,1791455913.944672,camera_color_optical_frame,558,640,480,1,405.5,395.3,0.2673,0.6472,0.00177,1,1,1.000,1.0110,0.1354,0.2507,9.85,0.00,1791455914.019382,27,0,0.0
assignment3_kp2_t1,1791455913.978030,camera_color_optical_frame,559,640,480,1,406.5,395.5,0.2704,0.6478,0.00158,1,1,1.000,1.0110,0.1371,0.2509,13.04,0.00,1791455914.073137,27,0,0.0
assignment3_kp2_t1,1791455914.011387,camera_color_optical_frame,560,640,480,1,407.4,395.6,0.2732,0.6484,0.00177,1,1,1.000,1.0160,0.1393,0.2524,13.32,0.00,1791455914.108322,27,0,0.0
assignment3_kp2_t1,1791455914.044745,camera_color_optical_frame,561,640,480,1,407.6,395.6,0.2736,0.6482,0.00178,1,1,1.000,1.0140,0.1393,0.2519,13.01,0.00,1791455914.139190,27,0,0.0
assignment3_kp2_t1,1791455914.078102,camera_color_optical_frame,562,640,480,1,408.5,396.0,0.2766,0.6500,0.00166,1,1,1.000,1.0070,0.1398,0.2508,11.34,0.00,1791455914.166166,27,0,0.0
assignment3_kp2_t1,1791455914.111459,camera_color_optical_frame,563,640,480,1,408.6,396.0,0.2769,0.6502,0.00162,1,1,1.000,1.0110,0.1406,0.2519,12.44,0.00,1791455914.197748,27,0,0.0
assignment3_kp2_t1,1791455914.144817,camera_color_optical_frame,564,640,480,1,409.1,395.9,0.2785,0.6496,0.00167,1,1,1.000,1.0060,0.1407,0.2504,13.81,0.00,1791455914.238226,27,0,0.0
assignment3_kp2_t1,1791455914.178174,camera_color_optical_frame,565,640,480,1,408.3,396.4,0.2761,0.6515,0.00159,1,1,1.000,1.0110,0.1401,0.2524,11.18,0.00,1791455914.270747,27,0,0.0
assignment3_kp2_t1,1791455914.211531,camera_color_optical_frame,566,640,480,1,408.1,396.2,0.2754,0.6510,0.00163,1,1,1.000,1.0110,0.1398,0.2522,12.05,0.00,1791455914.301984,27,0,0.0
assignment3_kp2_t1,1791455914.244896,camera_color_optical_frame,567,640,480,1,407.9,396.0,0.2748,0.6498,0.00173,1,1,1.000,1.0140,0.1399,0.2525,14.97,0.00,1791455914.338120,27,0,0.0
assignment3_kp2_t1,1791455914.278261,camera_color_optical_frame,568,640,480,1,408.1,396.2,0.2754,0.6507,0.00165,1,1,1.000,1.0110,0.1398,0.2521,12.26,0.00,1791455914.365892,27,0,0.0
assignment3_kp2_t1,1791455914.311626,camera_color_optical_frame,569,640,480,1,407.8,396.3,0.2745,0.6513,0.00170,1,1,1.000,1.0070,0.1387,0.2513,15.04,0.00,1791455914.396048,27,0,0.0
assignment3_kp2_t1,1791455914.344991,camera_color_optical_frame,570,640,480,1,407.9,396.2,0.2748,0.6509,0.00171,1,1,1.000,1.0110,0.1394,0.2522,12.76,0.00,1791455914.432683,27,0,0.0
assignment3_kp2_t1,1791455914.378356,camera_color_optical_frame,571,640,480,1,408.1,396.1,0.2752,0.6503,0.00170,1,1,1.000,1.0160,0.1404,0.2532,13.96,0.00,1791455914.467504,27,0,0.0
assignment3_kp2_t1,1791455914.411721,camera_color_optical_frame,572,640,480,1,407.9,396.1,0.2746,0.6503,0.00173,1,1,1.000,1.0120,0.1395,0.2522,9.58,0.00,1791455914.503273,27,0,0.0
assignment3_kp2_t1,1791455914.445086,camera_color_optical_frame,573,640,480,1,408.2,396.2,0.2755,0.6510,0.00164,1,0,,,,,10.87,33.36,1791455914.519302,27,0,0.0
assignment3_kp2_t1,1791455914.478451,camera_color_optical_frame,574,640,480,1,407.9,396.3,0.2746,0.6513,0.00170,1,1,1.000,1.0160,0.1401,0.2536,10.32,0.00,1791455914.558741,27,0,0.0
assignment3_kp2_t1,1791455914.511816,camera_color_optical_frame,575,640,480,1,407.7,396.1,0.2742,0.6505,0.00174,1,0,,,,,7.02,33.36,1791455914.573318,27,0,0.0
assignment3_kp2_t1,1791455914.545181,camera_color_optical_frame,576,640,480,1,407.9,396.0,0.2748,0.6502,0.00176,1,1,1.000,1.0070,0.1389,0.2509,14.27,0.00,1791455914.622163,27,0,0.0
assignment3_kp2_t1,1791455914.578546,camera_color_optical_frame,577,640,480,1,407.9,395.9,0.2748,0.6498,0.00166,1,1,1.000,1.0110,0.1395,0.2517,13.47,0.00,1791455914.663061,27,0,0.0
assignment3_kp2_t1,1791455914.611910,camera_color_optical_frame,578,640,480,1,407.8,396.1,0.2744,0.6502,0.00170,1,1,1.000,1.0070,0.1387,0.2509,13.01,0.00,1791455914.702212,27,0,0.0
assignment3_kp2_t1,1791455914.645275,camera_color_optical_frame,579,640,480,1,407.8,396.1,0.2743,0.6504,0.00172,1,1,1.000,1.0090,0.1389,0.2515,10.89,0.00,1791455914.739515,27,0,0.0
assignment3_kp2_t1,1791455914.678640,camera_color_optical_frame,580,640,480,1,407.8,396.1,0.2745,0.6504,0.00169,1,1,1.000,1.0110,0.1393,0.2520,11.58,0.00,1791455914.772890,27,0,0.0
assignment3_kp2_t1,1791455914.712004,camera_color_optical_frame,581,640,480,1,408.0,396.4,0.2751,0.6516,0.00165,1,1,1.000,1.0110,0.1396,0.2525,10.35,0.00,1791455914.807348,27,0,0.0
assignment3_kp2_t1,1791455914.745369,camera_color_optical_frame,582,640,480,1,408.4,395.9,0.2763,0.6498,0.00167,1,1,1.000,1.0110,0.1402,0.2517,12.52,0.00,1791455914.839347,27,0,0.0
assignment3_kp2_t1,1791455914.778733,camera_color_optical_frame,583,640,480,1,407.9,396.5,0.2748,0.6521,0.00167,1,1,1.000,1.0110,0.1394,0.2527,11.56,0.00,1791455914.876868,27,0,0.0
assignment3_kp2_t1,1791455914.812098,camera_color_optical_frame,584,640,480,1,407.8,395.8,0.2744,0.6493,0.00170,1,1,1.000,1.0110,0.1392,0.2515,10.61,0.00,1791455914.917890,27,0,0.0
assignment3_kp2_t1,1791455914.845463,camera_color_optical_frame,585,640,480,1,407.8,396.2,0.2745,0.6509,0.00171,1,1,1.000,1.0090,0.1390,0.2517,11.89,0.00,1791455914.947542,27,0,0.0
assignment3_kp2_t1,1791455914.878827,camera_color_optical_frame,586,640,480,1,408.4,396.3,0.2764,0.6511,0.00167,1,1,1.000,1.0160,0.1410,0.2535,16.91,0.00,1791455914.988340,27,0,0.0
assignment3_kp2_t1,1791455914.912192,camera_color_optical_frame,587,640,480,1,407.8,396.1,0.2745,0.6505,0.00170,1,1,1.000,1.0070,0.1387,0.2510,12.51,0.00,1791455915.016455,27,0,0.0
assignment3_kp2_t1,1791455914.945556,camera_color_optical_frame,588,640,480,1,407.9,396.0,0.2747,0.6500,0.00169,1,1,1.000,1.0120,0.1396,0.2521,13.86,0.00,1791455915.047894,27,0,0.0
assignment3_kp2_t1,1791455914.978920,camera_color_optical_frame,589,640,480,1,407.9,396.2,0.2745,0.6508,0.00169,1,1,1.000,1.0090,0.1390,0.2516,12.71,0.00,1791455915.077015,27,0,0.0
assignment3_kp2_t1,1791455915.012285,camera_color_optical_frame,590,640,480,1,407.8,396.1,0.2743,0.6504,0.00168,1,1,1.000,1.0140,0.1396,0.2527,12.94,0.00,1791455915.107238,27,0,0.0
assignment3_kp2_t1,1791455915.045649,camera_color_optical_frame,591,640,480,1,407.8,396.3,0.2743,0.6513,0.00171,1,1,1.000,1.0140,0.1396,0.2531,10.75,0.00,1791455915.134703,27,0,0.0
assignment3_kp2_t1,1791455915.079013,camera_color_optical_frame,592,640,480,1,407.8,396.2,0.2744,0.6509,0.00170,1,1,1.000,1.0110,0.1393,0.2522,11.79,0.00,1791455915.165097,27,0,0.0
assignment3_kp2_t1,1791455915.112377,camera_color_optical_frame,593,640,480,1,408.0,396.1,0.2750,0.6503,0.00165,1,1,1.000,1.0140,0.1400,0.2527,11.33,0.00,1791455915.200778,27,0,0.0
assignment3_kp2_t1,1791455915.145742,camera_color_optical_frame,594,640,480,1,407.9,396.1,0.2746,0.6505,0.00168,1,1,1.000,1.0110,0.1393,0.2520,16.03,0.00,1791455915.243735,27,0,0.0
assignment3_kp2_t1,1791455915.179106,camera_color_optical_frame,595,640,480,1,407.9,396.3,0.2748,0.6512,0.00167,1,1,1.000,1.0120,0.1396,0.2525,10.84,0.00,1791455915.272204,27,0,0.0
assignment3_kp2_t1,1791455915.212470,camera_color_optical_frame,596,640,480,1,407.8,396.1,0.2744,0.6505,0.00171,1,1,1.000,1.0120,0.1394,0.2523,10.63,0.00,1791455915.296437,27,0,0.0
assignment3_kp2_t1,1791455915.245847,camera_color_optical_frame,597,640,480,1,407.9,396.2,0.2745,0.6509,0.00170,1,0,,,,,7.92,33.38,1791455915.312109,27,0,0.0
assignment3_kp2_t1,1791455915.279224,camera_color_optical_frame,598,640,480,1,407.8,396.2,0.2743,0.6509,0.00171,1,1,1.000,1.0090,0.1389,0.2517,14.06,0.00,1791455915.362444,27,0,0.0
assignment3_kp2_t1,1791455915.312602,camera_color_optical_frame,599,640,480,1,407.7,396.5,0.2742,0.6521,0.00171,1,1,1.000,1.0110,0.1391,0.2527,13.28,0.00,1791455915.403134,27,0,0.0
assignment3_kp2_t1,1791455915.345979,camera_color_optical_frame,600,640,480,1,407.7,396.5,0.2740,0.6521,0.00174,1,1,1.000,1.0090,0.1387,0.2522,11.93,0.00,1791455915.443178,27,0,0.0
assignment3_kp2_t1,1791455915.379357,camera_color_optical_frame,601,640,480,1,407.8,396.2,0.2742,0.6507,0.00174,1,1,1.000,1.0120,0.1393,0.2524,18.26,0.00,1791455915.485897,27,0,0.0
assignment3_kp2_t1,1791455915.412735,camera_color_optical_frame,602,640,480,1,407.8,396.4,0.2745,0.6519,0.00169,1,1,1.000,1.0120,0.1394,0.2528,13.07,0.00,1791455915.512041,27,0,0.0
assignment3_kp2_t1,1791455915.446113,camera_color_optical_frame,603,640,480,1,407.7,396.5,0.2742,0.6519,0.00172,1,1,1.000,1.0120,0.1393,0.2528,13.27,0.00,1791455915.541228,27,0,0.0
assignment3_kp2_t1,1791455915.479491,camera_color_optical_frame,604,640,480,1,408.0,396.3,0.2750,0.6512,0.00165,1,1,1.000,1.0120,0.1397,0.2525,11.69,0.00,1791455915.567859,27,0,0.0
assignment3_kp2_t1,1791455915.512869,camera_color_optical_frame,605,640,480,1,408.0,396.6,0.2749,0.6526,0.00166,1,1,1.000,1.0070,0.1390,0.2519,11.71,0.00,1791455915.597539,27,0,0.0
assignment3_kp2_t1,1791455915.546247,camera_color_optical_frame,606,640,480,1,408.2,396.3,0.2755,0.6513,0.00160,1,1,1.000,1.0120,0.1400,0.2526,10.50,0.00,1791455915.634485,27,0,0.0
assignment3_kp2_t1,1791455915.579626,camera_color_optical_frame,607,640,480,1,408.1,396.5,0.2753,0.6521,0.00157,1,1,1.000,1.0060,0.1390,0.2514,13.30,0.00,1791455915.666082,27,0,0.0
assignment3_kp2_t1,1791455915.613004,camera_color_optical_frame,608,640,480,1,408.2,396.3,0.2757,0.6511,0.00155,1,1,1.000,1.0110,0.1400,0.2523,12.28,0.00,1791455915.705753,27,0,0.0
assignment3_kp2_t1,1791455915.646382,camera_color_optical_frame,609,640,480,1,407.9,396.4,0.2746,0.6518,0.00163,1,1,1.000,1.0110,0.1394,0.2525,12.79,0.00,1791455915.739573,27,0,0.0
assignment3_kp2_t1,1791455915.679761,camera_color_optical_frame,610,640,480,1,408.3,396.6,0.2759,0.6527,0.00153,1,1,1.000,1.0110,0.1400,0.2529,11.29,0.00,1791455915.772493,27,0,0.0
assignment3_kp2_t1,1791455915.713140,camera_color_optical_frame,611,640,480,1,408.5,396.9,0.2765,0.6539,0.00150,1,1,1.000,1.0090,0.1401,0.2529,12.43,0.00,1791455915.804167,27,0,0.0
assignment3_kp2_t1,1791455915.746519,camera_color_optical_frame,612,640,480,1,409.1,396.7,0.2785,0.6528,0.00162,1,1,1.000,1.0060,0.1408,0.2517,11.68,0.00,1791455915.839796,27,0,0.0
assignment3_kp2_t1,1791455915.779898,camera_color_optical_frame,613,640,480,1,410.9,397.4,0.2842,0.6560,0.00158,1,1,1.000,1.0060,0.1437,0.2529,11.76,0.00,1791455915.874263,27,0,0.0
assignment3_kp2_t1,1791455915.813277,camera_color_optical_frame,614,640,480,1,412.9,398.0,0.2902,0.6584,0.00159,1,1,1.000,1.0010,0.1462,0.2527,11.26,0.00,1791455915.902721,27,0,0.0
assignment3_kp2_t1,1791455915.846656,camera_color_optical_frame,615,640,480,1,412.9,398.1,0.2904,0.6587,0.00160,1,0,,,,,11.73,33.38,1791455915.920126,27,0,0.0
assignment3_kp2_t1,1791455915.880036,camera_color_optical_frame,616,640,480,1,411.5,398.8,0.2860,0.6616,0.00165,1,1,1.000,0.9980,0.1436,0.2532,15.78,0.00,1791455915.964308,27,0,0.0
assignment3_kp2_t1,1791455915.913415,camera_color_optical_frame,617,640,480,1,411.0,398.9,0.2844,0.6620,0.00164,1,1,1.000,0.9940,0.1422,0.2523,13.96,0.00,1791455915.995775,27,0,0.0
assignment3_kp2_t1,1791455915.946795,camera_color_optical_frame,618,640,480,1,410.7,399.4,0.2833,0.6643,0.00154,1,1,1.000,0.9960,0.1419,0.2537,12.19,0.00,1791455916.033853,27,0,0.0
assignment3_kp2_t1,1791455915.980175,camera_color_optical_frame,619,640,480,1,410.7,399.5,0.2834,0.6647,0.00152,1,1,1.000,0.9940,0.1416,0.2534,11.63,0.00,1791455916.072450,27,0,0.0
assignment3_kp2_t1,1791455916.013555,camera_color_optical_frame,620,640,480,1,410.5,399.6,0.2829,0.6651,0.00153,1,1,1.000,0.9980,0.1419,0.2545,10.64,0.00,1791455916.112163,27,0,0.0
assignment3_kp2_t1,1791455916.046934,camera_color_optical_frame,621,640,480,1,410.5,400.4,0.2829,0.6682,0.00150,1,1,1.000,0.9880,0.1405,0.2532,12.36,0.00,1791455916.146036,27,0,0.0
assignment3_kp2_t1,1791455916.080314,camera_color_optical_frame,622,640,480,1,411.7,402.4,0.2866,0.6768,0.00130,1,1,1.000,0.9800,0.1413,0.2545,11.58,0.00,1791455916.176473,27,0,0.0
assignment3_kp2_t1,1791455916.113695,camera_color_optical_frame,623,640,480,1,413.6,404.8,0.2926,0.6865,0.00121,1,1,1.000,0.9720,0.1432,0.2562,12.03,0.00,1791455916.206780,27,0,0.0
assignment3_kp2_t1,1791455916.147075,camera_color_optical_frame,624,640,480,1,412.7,404.4,0.2897,0.6851,0.00130,1,1,1.000,0.9690,0.1413,0.2549,12.57,0.00,1791455916.233499,27,0,0.0
assignment3_kp2_t1,1791455916.180455,camera_color_optical_frame,625,640,480,1,412.5,404.6,0.2891,0.6859,0.00135,1,1,1.000,0.9700,0.1411,0.2554,18.59,0.00,1791455916.271732,27,0,0.0
assignment3_kp2_t1,1791455916.213836,camera_color_optical_frame,626,640,480,1,413.7,405.2,0.2927,0.6883,0.00124,1,1,1.000,0.9680,0.1427,0.2558,8.26,0.00,1791455916.311964,27,0,0.0
assignment3_kp2_t1,1791455916.247199,camera_color_optical_frame,627,640,480,1,415.1,404.4,0.2972,0.6849,0.00135,1,0,,,,,9.11,33.36,1791455916.335282,27,0,0.0
assignment3_kp2_t1,1791455916.280562,camera_color_optical_frame,628,640,480,1,417.4,405.9,0.3043,0.6913,0.00124,1,1,1.000,0.9590,0.1472,0.2546,16.45,0.00,1791455916.393581,27,0,0.0
assignment3_kp2_t1,1791455916.313926,camera_color_optical_frame,629,640,480,1,419.9,405.7,0.3122,0.6905,0.00131,1,1,1.000,0.9600,0.1514,0.2545,12.53,0.00,1791455916.415079,27,0,0.0
assignment3_kp2_t1,1791455916.347289,camera_color_optical_frame,630,640,480,1,423.8,405.9,0.3244,0.6911,0.00123,1,1,1.000,0.9590,0.1574,0.2545,11.42,0.00,1791455916.442976,27,0,0.0
assignment3_kp2_t1,1791455916.380652,camera_color_optical_frame,631,640,480,1,428.7,406.9,0.3397,0.6954,0.00124,1,1,1.000,0.9570,0.1648,0.2556,10.17,0.00,1791455916.470388,27,0,0.0
assignment3_kp2_t1,1791455916.414015,camera_color_optical_frame,632,640,480,1,433.3,407.9,0.3540,0.6996,0.00131,1,1,1.000,0.9560,0.1719,0.2569,11.38,0.00,1791455916.502368,27,0,0.0
assignment3_kp2_t1,1791455916.447378,camera_color_optical_frame,633,640,480,1,436.9,408.1,0.3654,0.7003,0.00142,1,1,1.000,0.9410,0.1748,0.2531,11.21,0.00,1791455916.533420,27,0,0.0
assignment3_kp2_t1,1791455916.480742,camera_color_optical_frame,634,640,480,1,439.7,409.0,0.3742,0.7043,0.00135,1,1,1.000,0.9360,0.1782,0.2533,12.79,0.00,1791455916.564508,27,0,0.0
assignment3_kp2_t1,1791455916.514105,camera_color_optical_frame,635,640,480,1,442.1,408.8,0.3817,0.7033,0.00150,1,1,1.000,0.9360,0.1820,0.2529,11.79,0.00,1791455916.601295,27,0,0.0
assignment3_kp2_t1,1791455916.547468,camera_color_optical_frame,636,640,480,1,443.7,408.8,0.3866,0.7033,0.00143,1,1,1.000,0.9340,0.1840,0.2524,11.83,0.00,1791455916.634220,27,0,0.0
assignment3_kp2_t1,1791455916.580831,camera_color_optical_frame,637,640,480,1,444.0,409.3,0.3875,0.7056,0.00143,1,1,1.000,0.9360,0.1848,0.2537,11.33,0.00,1791455916.667289,27,0,0.0
assignment3_kp2_t1,1791455916.614195,camera_color_optical_frame,638,640,480,1,443.8,409.0,0.3868,0.7042,0.00139,1,1,1.000,0.9340,0.1841,0.2527,10.88,0.00,1791455916.696901,27,0,0.0
assignment3_kp2_t1,1791455916.647557,camera_color_optical_frame,639,640,480,1,442.5,409.5,0.3827,0.7063,0.00147,1,0,,,,,8.00,33.36,1791455916.713002,27,0,0.0
assignment3_kp2_t1,1791455916.680921,camera_color_optical_frame,640,640,480,1,440.9,408.9,0.3777,0.7037,0.00151,1,1,1.000,0.9360,0.1800,0.2531,14.73,0.00,1791455916.764309,27,0,0.0
assignment3_kp2_t1,1791455916.714284,camera_color_optical_frame,641,640,480,1,439.4,407.9,0.3731,0.6998,0.00141,1,1,1.000,0.9280,0.1762,0.2494,13.40,0.00,1791455916.800467,27,0,0.0
assignment3_kp2_t1,1791455916.747647,camera_color_optical_frame,642,640,480,1,437.8,408.2,0.3681,0.7009,0.00137,1,1,1.000,0.9370,0.1754,0.2523,13.44,0.00,1791455916.833581,27,0,0.0
assignment3_kp2_t1,1791455916.781010,camera_color_optical_frame,643,640,480,1,435.9,407.6,0.3622,0.6983,0.00138,1,1,0.995,0.9470,0.1744,0.2540,10.81,0.00,1791455916.867176,27,0,0.0
assignment3_kp2_t1,1791455916.814373,camera_color_optical_frame,644,640,480,1,434.2,407.1,0.3569,0.6964,0.00141,1,1,1.000,0.9430,0.1709,0.2522,11.96,0.00,1791455916.900173,27,0,0.0
assignment3_kp2_t1,1791455916.847737,camera_color_optical_frame,645,640,480,1,433.7,407.2,0.3552,0.6968,0.00130,1,0,,,,,9.20,33.36,1791455916.914443,27,0,0.0
assignment3_kp2_t1,1791455916.881100,camera_color_optical_frame,646,640,480,1,433.6,406.9,0.3551,0.6954,0.00129,1,1,1.000,0.9540,0.1721,0.2548,11.20,0.00,1791455916.961051,27,0,0.0
assignment3_kp2_t1,1791455916.914463,camera_color_optical_frame,647,640,480,1,433.8,406.3,0.3555,0.6928,0.00135,1,0,,,,,7.31,33.36,1791455916.976353,27,0,0.0
assignment3_kp2_t1,1791455916.947826,camera_color_optical_frame,648,640,480,1,434.0,405.8,0.3562,0.6909,0.00143,1,1,1.000,0.9470,0.1714,0.2512,16.49,0.00,1791455917.026252,27,0,0.0
assignment3_kp2_t1,1791455916.981189,camera_color_optical_frame,649,640,480,1,434.1,405.7,0.3564,0.6906,0.00146,1,1,1.000,0.9460,0.1713,0.2508,15.91,0.00,1791455917.065388,27,0,0.0
assignment3_kp2_t1,1791455917.014552,camera_color_optical_frame,650,640,480,1,433.8,406.6,0.3557,0.6944,0.00138,1,1,1.000,0.9470,0.1711,0.2525,13.89,0.00,1791455917.100070,27,0,0.0
assignment3_kp2_t1,1791455917.047915,camera_color_optical_frame,651,640,480,1,433.9,406.6,0.3558,0.6940,0.00140,1,1,1.000,0.9500,0.1717,0.2532,15.56,0.00,1791455917.130628,27,0,0.0
assignment3_kp2_t1,1791455917.081278,camera_color_optical_frame,652,640,480,1,434.1,406.3,0.3566,0.6929,0.00143,1,1,1.000,0.9530,0.1726,0.2536,15.04,0.00,1791455917.167943,27,0,0.0
assignment3_kp2_t1,1791455917.114641,camera_color_optical_frame,653,640,480,1,434.3,405.6,0.3572,0.6902,0.00150,1,1,1.000,0.9500,0.1724,0.2518,14.45,0.00,1791455917.198148,27,0,0.0
assignment3_kp2_t1,1791455917.148005,camera_color_optical_frame,654,640,480,1,434.5,404.8,0.3579,0.6865,0.00157,1,1,1.000,0.9540,0.1735,0.2514,13.71,0.00,1791455917.239904,27,0,0.0
assignment3_kp2_t1,1791455917.181368,camera_color_optical_frame,655,640,480,1,434.5,404.5,0.3578,0.6856,0.00160,1,1,1.000,0.9530,0.1733,0.2508,14.02,0.00,1791455917.275429,27,0,0.0
assignment3_kp2_t1,1791455917.214731,camera_color_optical_frame,656,640,480,1,434.5,404.7,0.3577,0.6863,0.00161,1,1,1.000,0.9540,0.1734,0.2513,11.78,0.00,1791455917.303590,27,0,0.0
assignment3_kp2_t1,1791455917.248077,camera_color_optical_frame,657,640,480,1,434.5,404.5,0.3578,0.6854,0.00161,1,1,1.000,0.9510,0.1729,0.2502,13.21,0.00,1791455917.335605,27,0,0.0
assignment3_kp2_t1,1791455917.281425,camera_color_optical_frame,658,640,480,1,434.7,404.1,0.3583,0.6836,0.00164,1,1,1.000,0.9530,0.1735,0.2501,12.14,0.00,1791455917.368328,27,0,0.0
assignment3_kp2_t1,1791455917.314771,camera_color_optical_frame,659,640,480,1,434.5,404.4,0.3579,0.6850,0.00162,1,1,1.000,0.9530,0.1733,0.2506,11.62,0.00,1791455917.403278,27,0,0.0
assignment3_kp2_t1,1791455917.348118,camera_color_optical_frame,660,640,480,1,434.8,404.1,0.3586,0.6839,0.00167,1,1,1.000,0.9510,0.1733,0.2496,14.80,0.00,1791455917.443928,27,0,0.0
assignment3_kp2_t1,1791455917.381465,camera_color_optical_frame,661,640,480,1,434.7,404.5,0.3583,0.6852,0.00164,1,1,1.000,0.9530,0.1735,0.2507,11.02,0.00,1791455917.468011,27,0,0.0
assignment3_kp2_t1,1791455917.414812,camera_color_optical_frame,662,640,480,1,434.9,404.1,0.3591,0.6838,0.00171,1,0,,,,,9.03,33.35,1791455917.482221,27,0,0.0
assignment3_kp2_t1,1791455917.448158,camera_color_optical_frame,663,640,480,1,434.8,404.2,0.3589,0.6842,0.00168,1,1,1.000,0.9530,0.1738,0.2503,17.81,0.00,1791455917.527963,27,0,0.0
assignment3_kp2_t1,1791455917.481505,camera_color_optical_frame,664,640,480,1,434.8,404.1,0.3587,0.6839,0.00167,1,1,1.000,0.9535,0.1738,0.2503,15.00,0.00,1791455917.566108,27,0,0.0
assignment3_kp2_t1,1791455917.514851,camera_color_optical_frame,665,640,480,1,434.7,404.4,0.3584,0.6850,0.00166,1,1,1.000,0.9540,0.1737,0.2508,13.42,0.00,1791455917.599587,27,0,0.0
assignment3_kp2_t1,1791455917.548198,camera_color_optical_frame,666,640,480,1,434.7,404.2,0.3585,0.6841,0.00169,1,0,,,,,10.37,33.35,1791455917.617455,27,0,0.0
assignment3_kp2_t1,1791455917.581544,camera_color_optical_frame,667,640,480,1,434.8,403.9,0.3588,0.6828,0.00167,1,1,1.000,0.9540,0.1739,0.2500,12.43,0.00,1791455917.666119,27,0,0.0
assignment3_kp2_t1,1791455917.614890,camera_color_optical_frame,668,640,480,1,434.8,403.9,0.3587,0.6830,0.00166,1,1,1.000,0.9540,0.1739,0.2501,11.73,0.00,1791455917.703905,27,0,0.0
assignment3_kp2_t1,1791455917.648236,camera_color_optical_frame,669,640,480,1,434.7,404.5,0.3585,0.6855,0.00166,1,1,1.000,0.9530,0.1736,0.2508,12.77,0.00,1791455917.741745,27,0,0.0
assignment3_kp2_t1,1791455917.681582,camera_color_optical_frame,670,640,480,1,434.9,404.3,0.3591,0.6846,0.00171,1,1,1.000,0.9530,0.1739,0.2504,10.65,0.00,1791455917.770330,27,0,0.0
assignment3_kp2_t1,1791455917.714928,camera_color_optical_frame,671,640,480,1,434.8,404.1,0.3586,0.6839,0.00167,1,0,,,,,12.09,33.35,1791455917.787305,27,0,0.0
assignment3_kp2_t1,1791455917.748274,camera_color_optical_frame,672,640,480,1,435.0,404.1,0.3595,0.6839,0.00174,1,1,1.000,0.9560,0.1746,0.2510,15.26,0.00,1791455917.826336,27,0,0.0
assignment3_kp2_t1,1791455917.781620,camera_color_optical_frame,673,640,480,1,435.0,404.4,0.3592,0.6852,0.00172,1,1,1.000,0.9530,0.1740,0.2506,14.64,0.00,1791455917.863633,27,0,0.0
assignment3_kp2_t1,1791455917.814966,camera_color_optical_frame,674,640,480,1,435.0,404.4,0.3595,0.6849,0.00174,1,1,1.000,0.9540,0.1743,0.2508,12.77,0.00,1791455917.901899,27,0,0.0
assignment3_kp2_t1,1791455917.848312,camera_color_optical_frame,675,640,480,1,435.0,404.4,0.3592,0.6849,0.00174,1,1,1.000,0.9510,0.1736,0.2500,12.26,0.00,1791455917.933771,27,0,0.0
assignment3_kp2_t1,1791455917.881657,camera_color_optical_frame,676,640,480,1,435.1,404.5,0.3597,0.6853,0.00178,1,1,1.000,0.9530,0.1742,0.2507,12.94,0.00,1791455917.972001,27,0,0.0
assignment3_kp2_t1,1791455917.915003,camera_color_optical_frame,677,640,480,1,435.2,404.1,0.3600,0.6836,0.00178,1,1,1.000,0.9500,0.1738,0.2493,11.92,0.00,1791455918.008218,27,0,0.0
assignment3_kp2_t1,1791455917.948349,camera_color_optical_frame,678,640,480,1,435.2,404.6,0.3600,0.6858,0.00180,1,1,1.000,0.9540,0.1745,0.2512,11.42,0.00,1791455918.043663,27,0,0.0
assignment3_kp2_t1,1791455917.981694,camera_color_optical_frame,679,640,480,1,435.3,404.6,0.3603,0.6857,0.00181,1,1,1.000,0.9530,0.1745,0.2508,11.47,0.00,1791455918.078981,27,0,0.0
assignment3_kp2_t1,1791455918.015039,camera_color_optical_frame,680,640,480,1,435.2,404.4,0.3601,0.6850,0.00181,1,1,1.000,0.9510,0.1740,0.2500,10.83,0.00,1791455918.111546,27,0,0.0
assignment3_kp2_t1,1791455918.048384,camera_color_optical_frame,681,640,480,1,434.9,404.1,0.3592,0.6836,0.00176,1,1,1.000,0.9490,0.1732,0.2490,12.32,0.00,1791455918.144457,27,0,0.0
assignment3_kp2_t1,1791455918.081730,camera_color_optical_frame,682,640,480,1,435.3,404.3,0.3604,0.6847,0.00182,1,1,1.000,0.9510,0.1742,0.2499,10.42,0.00,1791455918.178694,27,0,0.0
assignment3_kp2_t1,1791455918.115075,camera_color_optical_frame,683,640,480,1,435.3,404.5,0.3603,0.6855,0.00181,1,1,1.000,0.9500,0.1740,0.2500,9.43,0.00,1791455918.207700,27,0,0.0
assignment3_kp2_t1,1791455918.148420,camera_color_optical_frame,684,640,480,1,435.2,404.5,0.3601,0.6853,0.00179,1,0,,,,,12.47,33.35,1791455918.225098,27,0,0.0
assignment3_kp2_t1,1791455918.181765,camera_color_optical_frame,685,640,480,1,435.4,404.3,0.3607,0.6847,0.00185,1,1,1.000,0.9530,0.1747,0.2505,14.21,0.00,1791455918.263883,27,0,0.0
assignment3_kp2_t1,1791455918.215110,camera_color_optical_frame,686,640,480,1,435.4,404.4,0.3607,0.6849,0.00184,1,1,1.000,0.9510,0.1743,0.2500,11.46,0.00,1791455918.300889,27,0,0.0
assignment3_kp2_t1,1791455918.248440,camera_color_optical_frame,687,640,480,1,435.3,404.0,0.3602,0.6833,0.00182,1,1,1.000,0.9490,0.1737,0.2489,15.94,0.00,1791455918.331118,27,0,0.0
assignment3_kp2_t1,1791455918.281770,camera_color_optical_frame,688,640,480,1,435.3,404.4,0.3602,0.6851,0.00184,1,1,1.000,0.9530,0.1744,0.2506,14.47,0.00,1791455918.368277,27,0,0.0
assignment3_kp2_t1,1791455918.315099,camera_color_optical_frame,689,640,480,1,435.3,404.3,0.3604,0.6844,0.00186,1,1,1.000,0.9510,0.1742,0.2498,12.28,0.00,1791455918.404493,27,0,0.0
assignment3_kp2_t1,1791455918.348429,camera_color_optical_frame,690,640,480,1,435.3,404.1,0.3604,0.6838,0.00188,1,1,1.000,0.9500,0.1740,0.2493,12.80,0.00,1791455918.437068,27,0,0.0
assignment3_kp2_t1,1791455918.381758,camera_color_optical_frame,691,640,480,1,435.4,404.1,0.3607,0.6838,0.00190,1,1,1.000,0.9530,0.1747,0.2501,10.42,0.00,1791455918.467963,27,0,0.0
assignment3_kp2_t1,1791455918.415087,camera_color_optical_frame,692,640,480,1,435.4,404.4,0.3606,0.6849,0.00183,1,1,1.000,0.9530,0.1746,0.2505,13.11,0.00,1791455918.501469,27,0,0.0
assignment3_kp2_t1,1791455918.448416,camera_color_optical_frame,693,640,480,1,435.4,404.4,0.3605,0.6850,0.00187,1,1,1.000,0.9540,0.1748,0.2509,15.55,0.00,1791455918.542970,27,0,0.0
assignment3_kp2_t1,1791455918.481745,camera_color_optical_frame,694,640,480,1,435.4,404.3,0.3607,0.6845,0.00189,1,1,1.000,0.9500,0.1742,0.2496,14.37,0.00,1791455918.568681,27,0,0.0
assignment3_kp2_t1,1791455918.515074,camera_color_optical_frame,695,640,480,1,435.4,404.3,0.3606,0.6848,0.00187,1,1,1.000,0.9510,0.1743,0.2500,10.77,0.00,1791455918.601506,27,0,0.0
assignment3_kp2_t1,1791455918.548403,camera_color_optical_frame,696,640,480,1,435.4,404.3,0.3606,0.6844,0.00185,1,1,1.000,0.9500,0.1741,0.2496,11.85,0.00,1791455918.636251,27,0,0.0
assignment3_kp2_t1,1791455918.581731,camera_color_optical_frame,697,640,480,1,435.5,404.4,0.3609,0.6851,0.00188,1,1,1.000,0.9560,0.1754,0.2514,9.52,0.00,1791455918.661395,27,0,0.0
assignment3_kp2_t1,1791455918.615059,camera_color_optical_frame,698,640,480,1,435.4,404.1,0.3607,0.6838,0.00188,1,0,,,,,8.86,33.33,1791455918.714041,27,0,1.4
assignment3_kp2_t1,1791455918.648387,camera_color_optical_frame,699,640,480,1,433.6,404.1,0.3551,0.6839,0.00184,1,0,,,,,8.02,66.66,1791455918.734260,27,0,1.4
assignment3_kp2_t1,1791455918.681715,camera_color_optical_frame,700,640,480,1,432.5,403.9,0.3515,0.6830,0.00208,1,1,1.000,0.9560,0.1706,0.2506,13.46,0.00,1791455918.767462,27,0,1.4
assignment3_kp2_t1,1791455918.715044,camera_color_optical_frame,701,640,480,1,433.4,404.2,0.3544,0.6842,0.00188,1,1,1.000,0.9510,0.1712,0.2498,12.12,0.00,1791455918.801609,27,0,0.0
assignment3_kp2_t1,1791455918.748371,camera_color_optical_frame,702,640,480,1,434.3,404.3,0.3573,0.6846,0.00205,1,1,1.000,0.9460,0.1717,0.2486,10.32,0.00,1791455918.840888,27,0,0.0
assignment3_kp2_t1,1791455918.781699,camera_color_optical_frame,703,640,480,1,434.4,404.0,0.3574,0.6832,0.00205,1,1,1.000,0.9490,0.1723,0.2488,12.56,0.00,1791455918.873848,27,0,0.0
assignment3_kp2_t1,1791455918.815026,camera_color_optical_frame,704,640,480,1,434.5,404.3,0.3577,0.6845,0.00205,1,1,1.000,0.9530,0.1732,0.2504,11.85,0.00,1791455918.911950,27,0,0.0
assignment3_kp2_t1,1791455918.848353,camera_color_optical_frame,705,640,480,1,434.2,404.3,0.3569,0.6846,0.00202,1,1,1.000,0.9500,0.1723,0.2496,10.65,0.00,1791455918.946034,27,0,0.0
assignment3_kp2_t1,1791455918.881680,camera_color_optical_frame,706,640,480,1,434.4,404.0,0.3576,0.6834,0.00209,1,1,1.000,0.9500,0.1726,0.2492,10.53,0.00,1791455918.981428,27,0,0.0
assignment3_kp2_t1,1791455918.915007,camera_color_optical_frame,707,640,480,1,434.5,404.3,0.3579,0.6847,0.00207,1,1,1.000,0.9510,0.1729,0.2499,11.00,0.00,1791455919.012537,27,0,0.0
assignment3_kp2_t1,1791455918.948334,camera_color_optical_frame,708,640,480,1,434.3,404.0,0.3573,0.6832,0.00207,1,1,1.000,0.9500,0.1724,0.2491,9.73,0.00,1791455919.046408,27,0,0.0
assignment3_kp2_t1,1791455918.981661,camera_color_optical_frame,709,640,480,1,434.3,403.7,0.3571,0.6823,0.00204,1,1,1.000,0.9470,0.1718,0.2480,11.43,0.00,1791455919.080720,27,0,0.0
assignment3_kp2_t1,1791455919.014988,camera_color_optical_frame,710,640,480,1,434.4,404.3,0.3575,0.6847,0.00205,1,1,1.000,0.9500,0.1726,0.2497,7.65,0.00,1791455919.108721,27,0,0.0
assignment3_kp2_t1,1791455919.048314,camera_color_optical_frame,711,640,480,1,434.1,404.4,0.3566,0.6849,0.00201,1,0,,,,,13.28,33.33,1791455919.126869,27,0,0.0
assignment3_kp2_t1,1791455919.081640,camera_color_optical_frame,712,640,480,1,434.0,403.7,0.3562,0.6822,0.00190,1,1,1.000,0.9500,0.1719,0.2488,13.91,0.00,1791455919.165305,27,0,0.0
assignment3_kp2_t1,1791455919.114966,camera_color_optical_frame,713,640,480,1,434.0,404.0,0.3564,0.6833,0.00198,1,1,1.000,0.9510,0.1722,0.2494,14.81,0.00,1791455919.203042,27,0,0.0
assignment3_kp2_t1,1791455919.148293,camera_color_optical_frame,714,640,480,1,434.2,403.6,0.3568,0.6818,0.00204,1,1,1.000,0.9490,0.1720,0.2483,11.22,0.00,1791455919.240621,27,0,0.0
assignment3_kp2_t1,1791455919.181618,camera_color_optical_frame,715,640,480,1,434.3,403.5,0.3572,0.6813,0.00204,1,1,1.000,0.9460,0.1717,0.2474,10.67,0.00,1791455919.279302,27,0,0.0
assignment3_kp2_t1,1791455919.214945,camera_color_optical_frame,716,640,480,1,434.4,403.7,0.3576,0.6820,0.00206,1,1,1.000,0.9460,0.1719,0.2476,12.90,0.00,1791455919.308415,27,0,0.0
assignment3_kp2_t1,1791455919.248300,camera_color_optical_frame,717,640,480,1,434.6,403.9,0.3580,0.6830,0.00209,1,1,1.000,0.9500,0.1728,0.2491,13.24,0.00,1791455919.348659,27,0,0.0
assignment3_kp2_t1,1791455919.281655,camera_color_optical_frame,718,640,480,1,434.5,404.3,0.3577,0.6844,0.00205,1,1,1.000,0.9490,0.1725,0.2493,11.04,0.00,1791455919.378350,27,0,0.0
assignment3_kp2_t1,1791455919.315010,camera_color_optical_frame,719,640,480,1,434.1,404.3,0.3566,0.6846,0.00199,1,1,1.000,0.9510,0.1723,0.2499,11.16,0.00,1791455919.411477,27,0,0.0
assignment3_kp2_t1,1791455919.348365,camera_color_optical_frame,720,640,480,1,434.2,403.8,0.3568,0.6824,0.00200,1,1,1.000,0.9510,0.1724,0.2491,12.84,0.00,1791455919.446348,27,0,0.0
assignment3_kp2_t1,1791455919.381720,camera_color_optical_frame,721,640,480,1,434.1,403.8,0.3564,0.6825,0.00201,1,1,1.000,0.9490,0.1718,0.2486,11.19,0.00,1791455919.477419,27,0,0.0
assignment3_kp2_t1,1791455919.415075,camera_color_optical_frame,722,640,480,1,434.3,403.6,0.3573,0.6818,0.00208,1,1,1.000,0.9510,0.1726,0.2489,13.24,0.00,1791455919.506496,27,0,0.0
assignment3_kp2_t1,1791455919.448430,camera_color_optical_frame,723,640,480,1,434.1,404.4,0.3566,0.6850,0.00203,1,1,1.000,0.9470,0.1715,0.2490,12.48,0.00,1791455919.543795,27,0,0.0
assignment3_kp2_t1,1791455919.481785,camera_color_optical_frame,724,640,480,1,434.2,403.9,0.3570,0.6827,0.00203,1,1,1.000,0.9560,0.1734,0.2505,12.14,0.00,1791455919.579798,27,0,0.0
assignment3_kp2_t1,1791455919.515140,camera_color_optical_frame,725,640,480,1,434.1,403.7,0.3566,0.6821,0.00201,1,1,1.000,0.9510,0.1723,0.2490,12.40,0.00,1791455919.620672,27,0,0.0
assignment3_kp2_t1,1791455919.548495,camera_color_optical_frame,726,640,480,1,434.3,403.7,0.3572,0.6821,0.00210,1,1,1.000,0.9510,0.1726,0.2490,13.44,0.00,1791455919.652046,27,0,0.0
assignment3_kp2_t1,1791455919.581850,camera_color_optical_frame,727,640,480,1,434.2,403.9,0.3569,0.6829,0.00202,1,1,1.000,0.9530,0.1728,0.2498,13.24,0.00,1791455919.689547,27,0,0.0
assignment3_kp2_t1,1791455919.615205,camera_color_optical_frame,728,640,480,1,434.1,403.5,0.3565,0.6814,0.00201,1,1,1.000,0.9500,0.1720,0.2485,11.66,0.00,1791455919.723596,27,0,0.0
assignment3_kp2_t1,1791455919.648561,camera_color_optical_frame,729,640,480,1,434.0,404.0,0.3563,0.6834,0.00200,1,1,1.000,0.9510,0.1721,0.2495,11.69,0.00,1791455919.762746,27,0,0.0
assignment3_kp2_t1,1791455919.681916,camera_color_optical_frame,730,640,480,1,434.3,403.7,0.3571,0.6821,0.00210,1,1,1.000,0.9510,0.1725,0.2490,12.89,0.00,1791455919.797622,27,0,0.0
assignment3_kp2_t1,1791455919.715271,camera_color_optical_frame,731,640,480,1,434.0,403.8,0.3563,0.6825,0.00199,1,1,1.000,0.9530,0.1725,0.2496,12.55,0.00,1791455919.831745,27,0,0.0
assignment3_kp2_t1,1791455919.748626,camera_color_optical_frame,732,640,480,1,434.2,404.0,0.3568,0.6832,0.00201,1,1,1.000,0.9490,0.1720,0.2488,14.01,0.00,1791455919.869659,27,0,0.0
assignment3_kp2_t1,1791455919.781981,camera_color_optical_frame,733,640,480,1,434.0,403.8,0.3562,0.6827,0.00200,1,1,1.000,0.9500,0.1719,0.2489,10.83,0.00,1791455919.901129,27,0,0.0
assignment3_kp2_t1,1791455919.815336,camera_color_optical_frame,734,640,480,1,434.0,404.0,0.3562,0.6831,0.00196,1,1,1.000,0.9560,0.1730,0.2507,11.58,0.00,1791455919.935707,27,0,0.0
assignment3_kp2_t1,1791455919.848691,camera_color_optical_frame,735,640,480,1,434.3,403.9,0.3571,0.6829,0.00208,1,1,1.000,0.9510,0.1725,0.2493,12.42,0.00,1791455919.970036,27,0,0.0
assignment3_kp2_t1,1791455919.882046,camera_color_optical_frame,736,640,480,1,434.1,404.2,0.3566,0.6844,0.00201,1,1,1.000,0.9510,0.1722,0.2498,10.71,0.00,1791455920.007227,27,0,0.0
assignment3_kp2_t1,1791455919.915402,camera_color_optical_frame,737,640,480,1,434.3,403.8,0.3572,0.6823,0.00205,1,1,1.000,0.9430,0.1711,0.2470,12.48,0.00,1791455920.040374,27,0,0.0
assignment3_kp2_t1,1791455919.948757,camera_color_optical_frame,738,640,480,1,434.4,404.3,0.3574,0.6846,0.00208,1,1,1.000,0.9500,0.1725,0.2496,12.77,0.00,1791455920.084141,27,0,0.0
assignment3_kp2_t1,1791455919.982112,camera_color_optical_frame,739,640,480,1,434.0,404.1,0.3563,0.6836,0.00199,1,1,1.000,0.9460,0.1712,0.2482,12.12,0.00,1791455920.114171,27,0,0.0
assignment3_kp2_t1,1791455920.015467,camera_color_optical_frame,740,640,480,1,434.1,404.6,0.3565,0.6858,0.00201,1,1,1.000,0.9510,0.1722,0.2504,12.43,0.00,1791455920.148843,27,0,0.0
assignment3_kp2_t1,1791455920.048823,camera_color_optical_frame,741,640,480,1,434.3,403.7,0.3573,0.6822,0.00209,1,1,1.000,0.9490,0.1722,0.2485,11.01,0.00,1791455920.184683,27,0,0.0
assignment3_kp2_t1,1791455920.082178,camera_color_optical_frame,742,640,480,1,434.2,403.7,0.3569,0.6819,0.00203,1,1,1.000,0.9530,0.1728,0.2494,16.38,0.00,1791455920.220552,27,0,0.0
assignment3_kp2_t1,1791455920.115533,camera_color_optical_frame,743,640,480,1,434.1,404.3,0.3566,0.6846,0.00199,1,1,1.000,0.9500,0.1721,0.2496,15.34,0.00,1791455920.251649,27,0,0.0
assignment3_kp2_t1,1791455920.148888,camera_color_optical_frame,744,640,480,1,434.1,403.9,0.3566,0.6827,0.00201,1,1,1.000,0.9510,0.1723,0.2492,19.84,0.00,1791455920.295400,27,0,0.0
assignment3_kp2_t1,1791455920.182248,camera_color_optical_frame,745,640,480,1,434.3,404.0,0.3571,0.6835,0.00206,1,1,1.000,0.9510,0.1725,0.2495,20.46,0.00,1791455920.326420,27,0,0.0
assignment3_kp2_t1,1791455920.215599,camera_color_optical_frame,746,640,480,1,434.2,404.1,0.3570,0.6836,0.00207,1,1,1.000,0.9500,0.1723,0.2493,19.94,0.00,1791455920.359126,27,0,0.0
assignment3_kp2_t1,1791455920.248951,camera_color_optical_frame,747,640,480,1,434.2,403.8,0.3568,0.6827,0.00203,1,1,1.000,0.9490,0.1720,0.2487,15.59,0.00,1791455920.389021,27,0,0.0
assignment3_kp2_t1,1791455920.282302,camera_color_optical_frame,748,640,480,1,434.2,403.6,0.3568,0.6817,0.00203,1,1,1.000,0.9510,0.1723,0.2488,18.37,0.00,1791455920.421626,27,0,0.0
assignment3_kp2_t1,1791455920.315654,camera_color_optical_frame,749,640,480,1,434.2,403.7,0.3568,0.6823,0.00203,1,1,1.000,0.9510,0.1724,0.2490,17.72,0.00,1791455920.449441,27,0,0.0
assignment3_kp2_t1,1791455920.349006,camera_color_optical_frame,750,640,480,1,434.1,403.5,0.3567,0.6814,0.00201,1,1,1.000,0.9500,0.1721,0.2484,16.28,0.00,1791455920.477734,27,0,0.0
assignment3_kp2_t1,1791455920.382357,camera_color_optical_frame,751,640,480,1,433.8,404.3,0.3555,0.6846,0.00195,1,1,1.000,0.9460,0.1708,0.2486,14.82,0.00,1791455920.505927,27,0,0.0
assignment3_kp2_t1,1791455920.415709,camera_color_optical_frame,752,640,480,1,434.5,403.8,0.3578,0.6826,0.00211,1,1,1.000,0.9510,0.1728,0.2492,15.61,0.00,1791455920.537041,27,0,0.0
assignment3_kp2_t1,1791455920.449061,camera_color_optical_frame,753,640,480,1,434.2,403.8,0.3570,0.6824,0.00208,1,1,1.000,0.9510,0.1725,0.2491,16.69,0.00,1791455920.567166,27,0,0.0
assignment3_kp2_t1,1791455920.482412,camera_color_optical_frame,754,640,480,1,434.4,404.2,0.3575,0.6840,0.00210,1,1,1.000,0.9530,0.1731,0.2502,16.42,0.00,1791455920.597869,27,0,0.0
assignment3_kp2_t1,1791455920.515764,camera_color_optical_frame,755,640,480,1,434.3,403.7,0.3573,0.6819,0.00209,1,1,1.000,0.9500,0.1724,0.2486,17.02,0.00,1791455920.629135,27,0,0.0
assignment3_kp2_t1,1791455920.549115,camera_color_optical_frame,756,640,480,1,433.9,403.8,0.3559,0.6824,0.00195,1,1,1.000,0.9540,0.1725,0.2499,17.26,0.00,1791455920.660952,27,0,0.0
assignment3_kp2_t1,1791455920.582467,camera_color_optical_frame,757,640,480,1,434.3,404.0,0.3571,0.6833,0.00204,1,1,1.000,0.9460,0.1716,0.2481,17.22,0.00,1791455920.691738,27,0,0.0
assignment3_kp2_t1,1791455920.615819,camera_color_optical_frame,758,640,480,1,434.1,404.1,0.3567,0.6837,0.00202,1,1,1.000,0.9460,0.1714,0.2482,14.41,0.00,1791455920.720474,27,0,0.0
assignment3_kp2_t1,1791455920.649171,camera_color_optical_frame,759,640,480,1,433.9,404.0,0.3558,0.6834,0.00194,1,1,1.000,0.9510,0.1719,0.2495,11.98,0.00,1791455920.748362,27,0,0.0
assignment3_kp2_t1,1791455920.682522,camera_color_optical_frame,760,640,480,1,434.0,403.9,0.3563,0.6829,0.00201,1,1,1.000,0.9490,0.1718,0.2487,10.70,0.00,1791455920.779129,27,0,0.0
assignment3_kp2_t1,1791455920.715874,camera_color_optical_frame,761,640,480,1,434.1,403.5,0.3564,0.6812,0.00200,1,1,1.000,0.9500,0.1720,0.2484,11.80,0.00,1791455920.813007,27,0,0.0
assignment3_kp2_t1,1791455920.749225,camera_color_optical_frame,762,640,480,1,434.1,404.2,0.3566,0.6841,0.00204,1,1,1.000,0.9510,0.1723,0.2497,12.17,0.00,1791455920.851742,27,0,0.0
assignment3_kp2_t1,1791455920.782577,camera_color_optical_frame,763,640,480,1,434.2,403.9,0.3567,0.6828,0.00204,1,1,1.000,0.9500,0.1721,0.2490,11.59,0.00,1791455920.885700,27,0,0.0
assignment3_kp2_t1,1791455920.815928,camera_color_optical_frame,764,640,480,1,434.4,404.1,0.3574,0.6838,0.00210,1,1,1.000,0.9500,0.1725,0.2494,11.12,0.00,1791455920.918441,27,0,0.0
assignment3_kp2_t1,1791455920.849280,camera_color_optical_frame,765,640,480,1,434.3,403.9,0.3573,0.6829,0.00208,1,1,1.000,0.9510,0.1726,0.2493,12.73,0.00,1791455920.950768,27,0,0.0
assignment3_kp2_t1,1791455920.882632,camera_color_optical_frame,766,640,480,1,434.4,404.0,0.3575,0.6833,0.00208,1,1,1.000,0.9490,0.1724,0.2489,13.52,0.00,1791455920.986948,27,0,0.0
assignment3_kp2_t1,1791455920.915983,camera_color_optical_frame,767,640,480,1,433.8,404.2,0.3556,0.6842,0.00194,1,1,1.000,0.9560,0.1727,0.2511,15.92,0.00,1791455921.025734,27,0,0.0
assignment3_kp2_t1,1791455920.949335,camera_color_optical_frame,768,640,480,1,434.1,403.4,0.3565,0.6810,0.00200,1,1,1.000,0.9500,0.1720,0.2483,16.05,0.00,1791455921.062059,27,0,0.0
assignment3_kp2_t1,1791455920.982686,camera_color_optical_frame,769,640,480,1,433.9,403.6,0.3561,0.6818,0.00199,1,1,1.000,0.9460,0.1711,0.2475,13.33,0.00,1791455921.095557,27,0,0.0
assignment3_kp2_t1,1791455921.016038,camera_color_optical_frame,770,640,480,1,434.0,404.0,0.3563,0.6833,0.00199,1,1,1.000,0.9490,0.1718,0.2489,10.98,0.00,1791455921.131961,27,0,0.0
assignment3_kp2_t1,1791455921.049389,camera_color_optical_frame,771,640,480,1,434.3,403.7,0.3573,0.6820,0.00207,1,1,1.000,0.9530,0.1730,0.2495,13.94,0.00,1791455921.167171,27,0,0.0
assignment3_kp2_t1,1791455921.082741,camera_color_optical_frame,772,640,480,1,434.1,403.6,0.3565,0.6818,0.00199,1,1,1.000,0.9490,0.1719,0.2483,14.12,0.00,1791455921.199953,27,0,0.0
assignment3_kp2_t1,1791455921.116092,camera_color_optical_frame,773,640,480,1,434.3,404.0,0.3573,0.6831,0.00208,1,0,,,,,9.13,33.35,1791455921.217981,27,0,0.0
assignment3_kp2_t1,1791455921.149444,camera_color_optical_frame,774,640,480,1,434.3,404.0,0.3573,0.6833,0.00208,1,1,1.000,0.9460,0.1717,0.2481,12.23,0.00,1791455921.249435,27,0,0.0
assignment3_kp2_t1,1791455921.182795,camera_color_optical_frame,775,640,480,1,434.2,403.8,0.3568,0.6823,0.00206,1,1,1.000,0.9510,0.1724,0.2490,16.10,0.00,1791455921.290475,27,0,0.0
assignment3_kp2_t1,1791455921.216148,camera_color_optical_frame,776,640,480,1,434.1,403.9,0.3567,0.6830,0.00201,1,1,1.000,0.9510,0.1723,0.2493,20.92,0.00,1791455921.326244,27,0,0.0
assignment3_kp2_t1,1791455921.249501,camera_color_optical_frame,777,640,480,1,434.0,404.3,0.3564,0.6847,0.00198,1,1,1.000,0.9500,0.1720,0.2497,15.87,0.00,1791455921.352648,27,0,0.0
assignment3_kp2_t1,1791455921.282854,camera_color_optical_frame,778,640,480,1,434.3,403.7,0.3572,0.6822,0.00205,1,1,1.000,0.9540,0.1731,0.2498,13.67,0.00,1791455921.381212,27,0,0.0
assignment3_kp2_t1,1791455921.316206,camera_color_optical_frame,779,640,480,1,433.9,403.9,0.3560,0.6828,0.00197,1,1,1.000,0.9530,0.1723,0.2498,11.94,0.00,1791455921.409384,27,0,0.0
assignment3_kp2_t1,1791455921.349559,camera_color_optical_frame,780,640,480,1,434.2,403.9,0.3567,0.6828,0.00201,1,1,1.000,0.9510,0.1723,0.2492,15.19,0.00,1791455921.435449,27,0,0.0
assignment3_kp2_t1,1791455921.382912,camera_color_optical_frame,781,640,480,1,434.1,403.8,0.3565,0.6823,0.00199,1,1,1.000,0.9470,0.1715,0.2480,11.66,0.00,1791455921.474880,27,0,0.0
assignment3_kp2_t1,1791455921.416265,camera_color_optical_frame,782,640,480,1,434.3,403.8,0.3572,0.6824,0.00209,1,1,1.000,0.9470,0.1719,0.2480,13.12,0.00,1791455921.512450,27,0,0.0
assignment3_kp2_t1,1791455921.449618,camera_color_optical_frame,783,640,480,1,434.1,404.3,0.3566,0.6845,0.00201,1,1,1.000,0.9510,0.1722,0.2499,13.15,0.00,1791455921.543863,27,0,0.0
assignment3_kp2_t1,1791455921.482971,camera_color_optical_frame,784,640,480,1,434.4,404.2,0.3575,0.6842,0.00209,1,1,1.000,0.9470,0.1720,0.2487,12.53,0.00,1791455921.570179,27,0,0.0
assignment3_kp2_t1,1791455921.516324,camera_color_optical_frame,785,640,480,1,434.1,403.9,0.3567,0.6830,0.00203,1,1,1.000,0.9470,0.1716,0.2483,12.88,0.00,1791455921.607397,27,0,0.0
assignment3_kp2_t1,1791455921.549677,camera_color_optical_frame,786,640,480,1,434.3,403.8,0.3572,0.6827,0.00205,1,1,1.000,0.9490,0.1722,0.2487,13.98,0.00,1791455921.632147,27,0,0.0
assignment3_kp2_t1,1791455921.583030,camera_color_optical_frame,787,640,480,1,434.0,404.2,0.3563,0.6843,0.00199,1,1,1.000,0.9500,0.1719,0.2495,12.87,0.00,1791455921.668569,27,0,0.0
assignment3_kp2_t1,1791455921.616383,camera_color_optical_frame,788,640,480,1,434.2,404.1,0.3567,0.6837,0.00201,1,1,1.000,0.9460,0.1714,0.2483,12.65,0.00,1791455921.704122,27,0,0.0
assignment3_kp2_t1,1791455921.649737,camera_color_optical_frame,789,640,480,1,434.1,403.5,0.3564,0.6814,0.00199,1,1,1.000,0.9500,0.1720,0.2484,12.32,0.00,1791455921.737448,27,0,0.0
assignment3_kp2_t1,1791455921.683089,camera_color_optical_frame,790,640,480,1,434.3,403.9,0.3572,0.6831,0.00206,1,1,1.000,0.9460,0.1717,0.2480,13.10,0.00,1791455921.771536,27,0,0.0
assignment3_kp2_t1,1791455921.716443,camera_color_optical_frame,791,640,480,1,434.1,403.9,0.3567,0.6830,0.00200,1,1,1.000,0.9490,0.1719,0.2488,10.83,0.00,1791455921.801409,27,0,0.0
assignment3_kp2_t1,1791455921.749796,camera_color_optical_frame,792,640,480,1,434.1,404.4,0.3564,0.6851,0.00199,1,0,,,,,7.08,33.35,1791455921.815074,27,0,0.0
assignment3_kp2_t1,1791455921.783149,camera_color_optical_frame,793,640,480,1,434.3,403.8,0.3571,0.6826,0.00207,1,1,1.000,0.9470,0.1718,0.2481,14.89,0.00,1791455921.865628,27,0,0.0
assignment3_kp2_t1,1791455921.816503,camera_color_optical_frame,794,640,480,1,434.0,404.3,0.3564,0.6844,0.00198,1,1,1.000,0.9470,0.1714,0.2488,12.20,0.00,1791455921.901771,27,0,0.0
assignment3_kp2_t1,1791455921.849856,camera_color_optical_frame,795,640,480,1,434.1,404.3,0.3566,0.6845,0.00201,1,1,1.000,0.9490,0.1719,0.2493,15.23,0.00,1791455921.943590,27,0,0.0
assignment3_kp2_t1,1791455921.883210,camera_color_optical_frame,796,640,480,1,433.9,403.9,0.3560,0.6829,0.00199,1,1,1.000,0.9490,0.1716,0.2488,11.14,0.00,1791455921.974296,27,0,0.0
assignment3_kp2_t1,1791455921.916563,camera_color_optical_frame,797,640,480,1,434.3,404.0,0.3570,0.6835,0.00207,1,1,1.000,0.9490,0.1721,0.2490,13.45,0.00,1791455922.009590,27,0,0.0
assignment3_kp2_t1,1791455921.949917,camera_color_optical_frame,798,640,480,1,434.1,404.0,0.3567,0.6833,0.00204,1,1,1.000,0.9530,0.1727,0.2499,10.94,0.00,1791455922.038775,27,0,0.0
assignment3_kp2_t1,1791455921.983270,camera_color_optical_frame,799,640,480,1,434.0,404.2,0.3561,0.6841,0.00200,1,1,1.000,0.9470,0.1713,0.2487,12.65,0.00,1791455922.075306,27,0,0.0
assignment3_kp2_t1,1791455922.016624,camera_color_optical_frame,800,640,480,1,434.2,403.8,0.3569,0.6825,0.00206,1,1,1.000,0.9540,0.1730,0.2499,11.00,0.00,1791455922.107594,27,0,0.0
assignment3_kp2_t1,1791455922.049978,camera_color_optical_frame,801,640,480,1,434.0,404.2,0.3561,0.6842,0.00198,1,1,1.000,0.9540,0.1726,0.2505,12.63,0.00,1791455922.137073,27,0,0.0
assignment3_kp2_t1,1791455922.083331,camera_color_optical_frame,802,640,480,1,434.2,403.8,0.3570,0.6827,0.00208,1,0,,,,,6.69,33.35,1791455922.148688,27,0,0.0
assignment3_kp2_t1,1791455922.116685,camera_color_optical_frame,803,640,480,1,434.2,404.0,0.3570,0.6834,0.00205,1,1,1.000,0.9540,0.1730,0.2503,14.05,0.00,1791455922.203059,27,0,0.0
assignment3_kp2_t1,1791455922.150039,camera_color_optical_frame,804,640,480,1,434.1,403.6,0.3566,0.6819,0.00201,1,1,1.000,0.9500,0.1721,0.2486,10.94,0.00,1791455922.240427,27,0,0.0
assignment3_kp2_t1,1791455922.183393,camera_color_optical_frame,805,640,480,1,434.2,404.0,0.3570,0.6831,0.00206,1,1,1.000,0.9540,0.1730,0.2501,11.25,0.00,1791455922.278474,27,0,0.0
assignment3_kp2_t1,1791455922.216749,camera_color_optical_frame,806,640,480,1,434.0,403.6,0.3563,0.6816,0.00201,1,1,1.000,0.9510,0.1721,0.2488,11.13,0.00,1791455922.311159,27,0,0.0
assignment3_kp2_t1,1791455922.250105,camera_color_optical_frame,807,640,480,1,434.0,404.2,0.3563,0.6841,0.00201,1,1,1.000,0.9490,0.1718,0.2492,10.64,0.00,1791455922.335985,27,0,0.0
assignment3_kp2_t1,1791455922.283462,camera_color_optical_frame,808,640,480,1,434.2,403.4,0.3568,0.6809,0.00203,1,0,,,,,6.55,33.36,1791455922.348948,27,0,0.0
assignment3_kp2_t1,1791455922.316818,camera_color_optical_frame,809,640,480,1,433.8,403.8,0.3558,0.6824,0.00196,1,1,1.000,0.9490,0.1715,0.2486,12.56,0.00,1791455922.397630,27,0,0.0
assignment3_kp2_t1,1791455922.350175,camera_color_optical_frame,810,640,480,1,434.2,403.6,0.3569,0.6818,0.00199,1,0,,,,,7.07,33.36,1791455922.413109,27,0,0.0
assignment3_kp2_t1,1791455922.383531,camera_color_optical_frame,811,640,480,1,434.3,403.8,0.3573,0.6825,0.00207,1,1,1.000,0.9490,0.1723,0.2486,15.98,0.00,1791455922.463786,27,0,0.0
assignment3_kp2_t1,1791455922.416888,camera_color_optical_frame,812,640,480,1,433.9,404.3,0.3559,0.6847,0.00197,1,1,1.000,0.9500,0.1718,0.2497,9.67,0.00,1791455922.494474,27,0,0.0
assignment3_kp2_t1,1791455922.450245,camera_color_optical_frame,813,640,480,1,434.2,403.5,0.3568,0.6813,0.00200,1,0,,,,,7.00,33.36,1791455922.512026,27,0,0.0
assignment3_kp2_t1,1791455922.483601,camera_color_optical_frame,814,640,480,1,434.0,404.2,0.3561,0.6840,0.00197,1,1,1.000,0.9500,0.1719,0.2494,15.46,0.00,1791455922.562958,27,0,0.0
assignment3_kp2_t1,1791455922.516958,camera_color_optical_frame,815,640,480,1,434.1,404.7,0.3566,0.6862,0.00202,1,1,1.000,0.9510,0.1723,0.2505,15.39,0.00,1791455922.598417,27,0,0.0
assignment3_kp2_t1,1791455922.550315,camera_color_optical_frame,816,640,480,1,434.1,404.0,0.3565,0.6832,0.00197,1,1,1.000,0.9510,0.1722,0.2494,12.41,0.00,1791455922.640022,27,0,0.0
assignment3_kp2_t1,1791455922.583671,camera_color_optical_frame,817,640,480,1,434.1,403.6,0.3567,0.6816,0.00202,1,1,1.000,0.9490,0.1719,0.2483,14.38,0.00,1791455922.667551,27,0,0.0
assignment3_kp2_t1,1791455922.617028,camera_color_optical_frame,818,640,480,1,434.4,403.8,0.3574,0.6824,0.00209,1,1,1.000,0.9490,0.1723,0.2486,12.28,0.00,1791455922.704444,27,0,0.0
assignment3_kp2_t1,1791455922.650385,camera_color_optical_frame,819,640,480,1,434.1,404.4,0.3565,0.6849,0.00202,1,1,1.000,0.9510,0.1722,0.2500,10.39,0.00,1791455922.739506,27,0,0.0
assignment3_kp2_t1,1791455922.683742,camera_color_optical_frame,820,640,480,1,433.9,403.9,0.3560,0.6830,0.00198,1,1,1.000,0.9510,0.1720,0.2493,10.14,0.00,1791455922.774298,27,0,0.0
assignment3_kp2_t1,1791455922.717099,camera_color_optical_frame,821,640,480,1,434.2,403.9,0.3570,0.6830,0.00203,1,1,1.000,0.9540,0.1730,0.2501,13.25,0.00,1791455922.804278,27,0,0.0
assignment3_kp2_t1,1791455922.750455,camera_color_optical_frame,822,640,480,1,434.1,403.8,0.3566,0.6824,0.00202,1,1,1.000,0.9500,0.1721,0.2488,10.53,0.00,1791455922.841383,27,0,0.0
assignment3_kp2_t1,1791455922.783812,camera_color_optical_frame,823,640,480,1,434.2,404.0,0.3570,0.6832,0.00207,1,1,1.000,0.9510,0.1725,0.2494,11.79,0.00,1791455922.872229,27,0,0.0
assignment3_kp2_t1,1791455922.817169,camera_color_optical_frame,824,640,480,1,433.9,404.0,0.3558,0.6835,0.00197,1,1,1.000,0.9540,0.1724,0.2503,10.52,0.00,1791455922.901156,27,0,0.0
assignment3_kp2_t1,1791455922.850526,camera_color_optical_frame,825,640,480,1,434.1,403.8,0.3565,0.6826,0.00201,1,0,,,,,7.15,33.36,1791455922.915598,27,0,0.0
assignment3_kp2_t1,1791455922.883883,camera_color_optical_frame,826,640,480,1,434.0,403.7,0.3561,0.6820,0.00199,1,1,1.000,0.9510,0.1720,0.2489,13.95,0.00,1791455922.964403,27,0,0.0
assignment3_kp2_t1,1791455922.917240,camera_color_optical_frame,827,640,480,1,433.8,404.0,0.3558,0.6833,0.00194,1,1,1.000,0.9500,0.1717,0.2492,11.89,0.00,1791455923.006867,27,0,0.0
assignment3_kp2_t1,1791455922.950597,camera_color_optical_frame,828,640,480,1,433.7,404.0,0.3553,0.6835,0.00190,1,1,1.000,0.9490,0.1713,0.2490,12.05,0.00,1791455923.041979,27,0,0.0
assignment3_kp2_t1,1791455922.983954,camera_color_optical_frame,829,640,480,1,434.1,404.0,0.3566,0.6835,0.00201,1,1,1.000,0.9510,0.1723,0.2495,13.74,0.00,1791455923.081613,27,0,0.0
assignment3_kp2_t1,1791455923.017311,camera_color_optical_frame,830,640,480,1,434.4,404.0,0.3576,0.6833,0.00211,1,1,1.000,0.9500,0.1726,0.2492,13.39,0.00,1791455923.115224,27,0,0.0
assignment3_kp2_t1,1791455923.050668,camera_color_optical_frame,831,640,480,1,434.1,403.7,0.3566,0.6820,0.00203,1,1,1.000,0.9530,0.1726,0.2494,11.27,0.00,1791455923.144401,27,0,0.0
assignment3_kp2_t1,1791455923.084025,camera_color_optical_frame,832,640,480,1,434.3,404.1,0.3572,0.6836,0.00209,1,1,1.000,0.9470,0.1719,0.2485,10.56,0.00,1791455923.177416,27,0,0.0
assignment3_kp2_t1,1791455923.117382,camera_color_optical_frame,833,640,480,1,434.2,404.0,0.3567,0.6835,0.00204,1,1,1.000,0.9510,0.1723,0.2495,12.58,0.00,1791455923.211676,27,0,0.0
assignment3_kp2_t1,1791455923.150739,camera_color_optical_frame,834,640,480,1,434.2,404.0,0.3570,0.6834,0.00203,1,1,1.000,0.9510,0.1725,0.2494,12.14,0.00,1791455923.237278,27,0,0.0
assignment3_kp2_t1,1791455923.184096,camera_color_optical_frame,835,640,480,1,434.2,403.8,0.3569,0.6827,0.00206,1,0,,,,,8.90,33.36,1791455923.253853,27,0,0.0
assignment3_kp2_t1,1791455923.217453,camera_color_optical_frame,836,640,480,1,433.9,403.8,0.3559,0.6826,0.00196,1,1,1.000,0.9530,0.1723,0.2497,12.27,0.00,1791455923.303142,27,0,0.0
assignment3_kp2_t1,1791455923.250811,camera_color_optical_frame,837,640,480,1,434.3,404.1,0.3570,0.6837,0.00203,1,1,1.000,0.9510,0.1725,0.2496,13.27,0.00,1791455923.335518,27,0,0.0
assignment3_kp2_t1,1791455923.284168,camera_color_optical_frame,838,640,480,1,434.2,403.5,0.3568,0.6812,0.00204,1,0,,,,,6.55,33.36,1791455923.347566,27,0,0.0
assignment3_kp2_t1,1791455923.317526,camera_color_optical_frame,839,640,480,1,434.2,403.8,0.3570,0.6824,0.00204,1,1,1.000,0.9510,0.1725,0.2491,16.60,0.00,1791455923.405531,27,0,0.0
assignment3_kp2_t1,1791455923.350883,camera_color_optical_frame,840,640,480,1,434.1,404.0,0.3564,0.6835,0.00201,1,1,1.000,0.9510,0.1722,0.2495,10.77,0.00,1791455923.438393,27,0,0.0
assignment3_kp2_t1,1791455923.384240,camera_color_optical_frame,841,640,480,1,433.7,403.8,0.3555,0.6824,0.00191,1,1,1.000,0.9460,0.1708,0.2478,13.62,0.00,1791455923.479680,27,0,0.0
assignment3_kp2_t1,1791455923.417598,camera_color_optical_frame,842,640,480,1,434.1,404.3,0.3567,0.6846,0.00201,1,1,1.000,0.9500,0.1721,0.2496,10.12,0.00,1791455923.507175,27,0,0.0
assignment3_kp2_t1,1791455923.450956,camera_color_optical_frame,843,640,480,1,434.4,403.9,0.3574,0.6831,0.00206,1,1,1.000,0.9540,0.1732,0.2501,13.65,0.00,1791455923.536529,27,0,0.0
assignment3_kp2_t1,1791455923.484313,camera_color_optical_frame,844,640,480,1,433.8,404.0,0.3558,0.6834,0.00194,1,1,1.000,0.9500,0.1717,0.2492,11.12,0.00,1791455923.579783,27,0,0.0
assignment3_kp2_t1,1791455923.517671,camera_color_optical_frame,845,640,480,1,434.3,404.1,0.3572,0.6837,0.00207,1,1,1.000,0.9470,0.1718,0.2485,10.96,0.00,1791455923.615941,27,0,0.0
assignment3_kp2_t1,1791455923.551028,camera_color_optical_frame,846,640,480,1,434.5,404.3,0.3578,0.6845,0.00211,1,1,1.000,0.9470,0.1721,0.2488,9.48,0.00,1791455923.651883,27,0,0.0
assignment3_kp2_t1,1791455923.584386,camera_color_optical_frame,847,640,480,1,434.2,403.8,0.3569,0.6825,0.00207,1,1,1.000,0.9530,0.1728,0.2496,11.39,0.00,1791455923.685481,27,0,0.0
assignment3_kp2_t1,1791455923.617744,camera_color_optical_frame,848,640,480,1,434.0,403.7,0.3561,0.6820,0.00198,1,1,1.000,0.9510,0.1720,0.2489,9.50,0.00,1791455923.720720,27,0,0.0
assignment3_kp2_t1,1791455923.651102,camera_color_optical_frame,849,640,480,1,434.1,404.5,0.3567,0.6853,0.00202,1,1,1.000,0.9510,0.1723,0.2502,11.29,0.00,1791455923.753615,27,0,0.0
assignment3_kp2_t1,1791455923.684460,camera_color_optical_frame,850,640,480,1,434.2,403.8,0.3570,0.6823,0.00206,1,1,1.000,0.9500,0.1723,0.2488,11.65,0.00,1791455923.787588,27,0,0.0
assignment3_kp2_t1,1791455923.717818,camera_color_optical_frame,851,640,480,1,434.2,403.9,0.3569,0.6828,0.00205,1,1,1.000,0.9490,0.1721,0.2487,13.12,0.00,1791455923.828237,27,0,0.0
assignment3_kp2_t1,1791455923.751176,camera_color_optical_frame,852,640,480,1,433.8,403.9,0.3557,0.6830,0.00197,1,1,1.000,0.9510,0.1718,0.2493,13.38,0.00,1791455923.859794,27,0,0.0
assignment3_kp2_t1,1791455923.784534,camera_color_optical_frame,853,640,480,1,433.9,404.1,0.3558,0.6839,0.00196,1,0,,,,,9.36,33.36,1791455923.878168,27,0,0.0
assignment3_kp2_t1,1791455923.817892,camera_color_optical_frame,854,640,480,1,434.3,403.9,0.3571,0.6829,0.00207,1,1,1.000,0.9490,0.1721,0.2487,12.87,0.00,1791455923.912187,27,0,0.0
assignment3_kp2_t1,1791455923.851250,camera_color_optical_frame,855,640,480,1,433.7,403.9,0.3554,0.6830,0.00194,1,1,1.000,0.9490,0.1713,0.2488,12.67,0.00,1791455923.947348,27,0,0.0
assignment3_kp2_t1,1791455923.884609,camera_color_optical_frame,856,640,480,1,434.1,403.9,0.3565,0.6828,0.00200,1,1,1.000,0.9440,0.1710,0.2474,12.48,0.00,1791455923.986041,27,0,0.0
assignment3_kp2_t1,1791455923.917967,camera_color_optical_frame,857,640,480,1,434.2,403.9,0.3568,0.6829,0.00205,1,1,1.000,0.9460,0.1715,0.2480,11.71,0.00,1791455924.014260,27,0,0.0
assignment3_kp2_t1,1791455923.951325,camera_color_optical_frame,858,640,480,1,434.2,403.7,0.3568,0.6819,0.00202,1,1,1.000,0.9530,0.1727,0.2494,13.68,0.00,1791455924.046084,27,0,0.0
assignment3_kp2_t1,1791455923.984683,camera_color_optical_frame,859,640,480,1,434.3,404.3,0.3570,0.6845,0.00205,1,1,1.000,0.9490,0.1721,0.2493,12.25,0.00,1791455924.083919,27,0,0.0
assignment3_kp2_t1,1791455924.018042,camera_color_optical_frame,860,640,480,1,434.2,403.9,0.3569,0.6829,0.00205,1,1,1.000,0.9470,0.1717,0.2482,10.06,0.00,1791455924.118480,27,0,0.0
assignment3_kp2_t1,1791455924.051400,camera_color_optical_frame,861,640,480,1,434.2,404.3,0.3570,0.6848,0.00207,1,1,1.000,0.9500,0.1723,0.2497,11.16,0.00,1791455924.152166,27,0,0.0
assignment3_kp2_t1,1791455924.084759,camera_color_optical_frame,862,640,480,1,433.9,404.1,0.3561,0.6839,0.00197,1,1,1.000,0.9470,0.1713,0.2486,10.17,0.00,1791455924.186882,27,0,0.0
assignment3_kp2_t1,1791455924.118117,camera_color_optical_frame,863,640,480,1,433.9,404.0,0.3560,0.6833,0.00195,1,1,1.000,0.9560,0.1729,0.2507,10.77,0.00,1791455924.221747,27,0,0.0
assignment3_kp2_t1,1791455924.151476,camera_color_optical_frame,864,640,480,1,434.2,403.7,0.3568,0.6820,0.00202,1,1,1.000,0.9460,0.1715,0.2476,9.77,0.00,1791455924.254563,27,0,0.0
assignment3_kp2_t1,1791455924.184835,camera_color_optical_frame,865,640,480,1,434.0,404.3,0.3563,0.6844,0.00199,1,1,1.000,0.9460,0.1712,0.2485,10.28,0.00,1791455924.282362,27,0,0.0
assignment3_kp2_t1,1791455924.218194,camera_color_optical_frame,866,640,480,1,434.1,404.4,0.3565,0.6848,0.00202,1,0,,,,,11.24,33.36,1791455924.301312,27,0,0.0
assignment3_kp2_t1,1791455924.251553,camera_color_optical_frame,867,640,480,1,434.2,403.8,0.3569,0.6823,0.00203,1,1,1.000,0.9500,0.1722,0.2488,12.93,0.00,1791455924.341195,27,0,0.0
assignment3_kp2_t1,1791455924.284913,camera_color_optical_frame,868,640,480,1,433.9,404.1,0.3560,0.6838,0.00197,1,1,1.000,0.9500,0.1718,0.2494,12.77,0.00,1791455924.383853,27,0,0.0
assignment3_kp2_t1,1791455924.318273,camera_color_optical_frame,869,640,480,1,434.4,404.0,0.3573,0.6833,0.00208,1,1,1.000,0.9510,0.1726,0.2494,9.93,0.00,1791455924.409919,27,0,0.0
assignment3_kp2_t1,1791455924.351632,camera_color_optical_frame,870,640,480,1,433.8,403.9,0.3557,0.6830,0.00195,1,0,,,,,10.06,33.36,1791455924.424832,27,0,0.0
assignment3_kp2_t1,1791455924.384992,camera_color_optical_frame,871,640,480,1,434.0,404.3,0.3563,0.6844,0.00201,1,1,1.000,0.9510,0.1721,0.2499,15.58,0.00,1791455924.472279,27,0,0.0
assignment3_kp2_t1,1791455924.418351,camera_color_optical_frame,872,640,480,1,434.2,403.6,0.3568,0.6815,0.00201,1,1,1.000,0.9500,0.1722,0.2485,13.06,0.00,1791455924.510597,27,0,0.0
assignment3_kp2_t1,1791455924.451711,camera_color_optical_frame,873,640,480,1,434.1,403.8,0.3566,0.6827,0.00199,1,1,1.000,0.9500,0.1721,0.2489,9.81,0.00,1791455924.545632,27,0,0.0
assignment3_kp2_t1,1791455924.485071,camera_color_optical_frame,874,640,480,1,433.9,403.7,0.3558,0.6822,0.00198,1,1,1.000,0.9530,0.1722,0.2495,11.51,0.00,1791455924.575411,27,0,0.0
assignment3_kp2_t1,1791455924.518430,camera_color_optical_frame,875,640,480,1,434.2,404.1,0.3568,0.6837,0.00206,1,1,1.000,0.9490,0.1720,0.2490,11.37,0.00,1791455924.607660,27,0,0.0
assignment3_kp2_t1,1791455924.551790,camera_color_optical_frame,876,640,480,1,434.0,403.9,0.3562,0.6830,0.00198,1,1,1.000,0.9470,0.1714,0.2483,13.19,0.00,1791455924.640520,27,0,0.0
assignment3_kp2_t1,1791455924.585150,camera_color_optical_frame,877,640,480,1,434.3,404.2,0.3570,0.6840,0.00207,1,1,1.000,0.9560,0.1734,0.2510,11.14,0.00,1791455924.678243,27,0,0.0
assignment3_kp2_t1,1791455924.618510,camera_color_optical_frame,878,640,480,1,434.1,404.3,0.3564,0.6844,0.00200,1,1,1.000,0.9470,0.1715,0.2488,11.24,0.00,1791455924.709005,27,0,0.0
assignment3_kp2_t1,1791455924.651870,camera_color_optical_frame,879,640,480,1,434.3,404.2,0.3571,0.6842,0.00206,1,1,1.000,0.9490,0.1721,0.2492,12.10,0.00,1791455924.742020,27,0,0.0
assignment3_kp2_t1,1791455924.685230,camera_color_optical_frame,880,640,480,1,434.1,403.9,0.3566,0.6828,0.00203,1,1,1.000,0.9470,0.1715,0.2482,10.79,0.00,1791455924.778321,27,0,0.0
assignment3_kp2_t1,1791455924.718589,camera_color_optical_frame,881,640,480,1,434.5,403.8,0.3579,0.6825,0.00208,1,1,1.000,0.9430,0.1715,0.2470,11.35,0.00,1791455924.809713,27,0,0.0
assignment3_kp2_t1,1791455924.751949,camera_color_optical_frame,882,640,480,1,434.1,403.9,0.3565,0.6829,0.00203,1,1,1.000,0.9440,0.1709,0.2474,10.61,0.00,1791455924.844530,27,0,0.0
assignment3_kp2_t1,1791455924.785309,camera_color_optical_frame,883,640,480,1,434.1,403.9,0.3567,0.6829,0.00202,1,1,1.000,0.9470,0.1716,0.2482,10.58,0.00,1791455924.876472,27,0,0.0
assignment3_kp2_t1,1791455924.818669,camera_color_optical_frame,884,640,480,1,434.3,403.6,0.3571,0.6816,0.00205,1,1,1.000,0.9490,0.1722,0.2483,11.09,0.00,1791455924.908699,27,0,0.0
assignment3_kp2_t1,1791455924.852029,camera_color_optical_frame,885,640,480,1,434.2,403.8,0.3570,0.6824,0.00206,1,1,1.000,0.9460,0.1716,0.2478,10.11,0.00,1791455924.944672,27,0,0.0
assignment3_kp2_t1,1791455924.885389,camera_color_optical_frame,886,640,480,1,434.1,404.2,0.3566,0.6841,0.00200,1,1,1.000,0.9460,0.1714,0.2484,12.89,0.00,1791455924.973889,27,0,0.0
assignment3_kp2_t1,1791455924.918749,camera_color_optical_frame,887,640,480,1,434.1,403.9,0.3566,0.6831,0.00200,1,1,1.000,0.9470,0.1715,0.2483,13.35,0.00,1791455925.007352,27,0,0.0
assignment3_kp2_t1,1791455924.952109,camera_color_optical_frame,888,640,480,1,434.2,403.7,0.3568,0.6821,0.00204,1,1,1.000,0.9490,0.1720,0.2484,13.78,0.00,1791455925.042359,27,0,0.0
assignment3_kp2_t1,1791455924.985470,camera_color_optical_frame,889,640,480,1,434.1,403.7,0.3567,0.6819,0.00200,1,1,1.000,0.9460,0.1714,0.2476,11.41,0.00,1791455925.078493,27,0,0.0
assignment3_kp2_t1,1791455925.018830,camera_color_optical_frame,890,640,480,1,434.0,403.6,0.3562,0.6815,0.00197,1,1,1.000,0.9490,0.1717,0.2482,12.51,0.00,1791455925.108059,27,0,0.0
assignment3_kp2_t1,1791455925.052190,camera_color_optical_frame,891,640,480,1,434.1,404.0,0.3567,0.6835,0.00201,1,1,1.000,0.9510,0.1723,0.2495,10.63,0.00,1791455925.145035,27,0,0.0
assignment3_kp2_t1,1791455925.085551,camera_color_optical_frame,892,640,480,1,434.0,403.8,0.3563,0.6823,0.00199,1,1,1.000,0.9490,0.1718,0.2485,11.22,0.00,1791455925.181131,27,0,0.0
assignment3_kp2_t1,1791455925.118911,camera_color_optical_frame,893,640,480,1,434.4,404.0,0.3574,0.6833,0.00210,1,1,1.000,0.9510,0.1727,0.2494,12.58,0.00,1791455925.213044,27,0,0.0
assignment3_kp2_t1,1791455925.152271,camera_color_optical_frame,894,640,480,1,434.0,403.8,0.3563,0.6826,0.00201,1,1,1.000,0.9530,0.1725,0.2497,10.97,0.00,1791455925.244411,27,0,0.0
assignment3_kp2_t1,1791455925.185631,camera_color_optical_frame,895,640,480,1,434.4,404.4,0.3574,0.6849,0.00206,1,1,1.000,0.9500,0.1725,0.2498,10.31,0.00,1791455925.269518,27,0,0.0
assignment3_kp2_t1,1791455925.218987,camera_color_optical_frame,896,640,480,1,434.1,403.9,0.3566,0.6828,0.00203,1,0,,,,,6.85,33.36,1791455925.285194,27,0,0.0
assignment3_kp2_t1,1791455925.252343,camera_color_optical_frame,897,640,480,1,434.2,403.7,0.3567,0.6820,0.00203,1,1,1.000,0.9530,0.1727,0.2495,13.06,0.00,1791455925.339504,27,0,0.0
assignment3_kp2_t1,1791455925.285698,camera_color_optical_frame,898,640,480,1,433.9,403.9,0.3559,0.6831,0.00199,1,1,1.000,0.9470,0.1712,0.2483,13.92,0.00,1791455925.372245,27,0,0.0
assignment3_kp2_t1,1791455925.319054,camera_color_optical_frame,899,640,480,1,434.0,404.3,0.3563,0.6846,0.00199,1,1,1.000,0.9460,0.1712,0.2486,15.55,0.00,1791455925.407023,27,0,0.0
assignment3_kp2_t1,1791455925.352409,camera_color_optical_frame,900,640,480,1,434.2,403.8,0.3568,0.6824,0.00204,1,1,1.000,0.9470,0.1716,0.2480,12.27,0.00,1791455925.442218,27,0,0.0
assignment3_kp2_t1,1791455925.385765,camera_color_optical_frame,901,640,480,1,434.1,403.8,0.3565,0.6825,0.00201,1,1,1.000,0.9460,0.1713,0.2478,13.27,0.00,1791455925.475179,27,0,0.0
assignment3_kp2_t1,1791455925.419121,camera_color_optical_frame,902,640,480,1,434.0,403.6,0.3564,0.6817,0.00204,1,1,1.000,0.9560,0.1731,0.2501,13.95,0.00,1791455925.508468,27,0,0.0
assignment3_kp2_t1,1791455925.452477,camera_color_optical_frame,903,640,480,1,433.8,403.6,0.3558,0.6818,0.00197,1,1,1.000,0.9560,0.1728,0.2502,12.18,0.00,1791455925.545542,27,0,0.0
assignment3_kp2_t1,1791455925.485832,camera_color_optical_frame,904,640,480,1,433.9,404.1,0.3559,0.6836,0.00199,1,1,1.000,0.9470,0.1712,0.2485,11.24,0.00,1791455925.583192,27,0,0.0
assignment3_kp2_t1,1791455925.519187,camera_color_optical_frame,905,640,480,1,434.2,404.2,0.3567,0.6842,0.00202,1,1,1.000,0.9500,0.1722,0.2495,10.83,0.00,1791455925.614334,27,0,0.0
assignment3_kp2_t1,1791455925.552543,camera_color_optical_frame,906,640,480,1,434.1,403.8,0.3565,0.6827,0.00201,1,1,1.000,0.9530,0.1726,0.2497,11.91,0.00,1791455925.645091,27,0,0.0
assignment3_kp2_t1,1791455925.585899,camera_color_optical_frame,907,640,480,1,434.1,404.0,0.3566,0.6831,0.00199,1,1,1.000,0.9560,0.1732,0.2507,13.32,0.00,1791455925.682109,27,0,0.0
assignment3_kp2_t1,1791455925.619254,camera_color_optical_frame,908,640,480,1,433.9,403.9,0.3561,0.6830,0.00198,1,1,1.000,0.9460,0.1711,0.2480,11.87,0.00,1791455925.712508,27,0,0.0
assignment3_kp2_t1,1791455925.652610,camera_color_optical_frame,909,640,480,1,434.0,403.7,0.3564,0.6822,0.00204,1,1,1.000,0.9460,0.1712,0.2477,11.74,0.00,1791455925.745017,27,0,0.0
assignment3_kp2_t1,1791455925.685966,camera_color_optical_frame,910,640,480,1,434.2,404.2,0.3569,0.6840,0.00201,1,1,1.000,0.9510,0.1724,0.2497,12.07,0.00,1791455925.779196,27,0,0.0
assignment3_kp2_t1,1791455925.719321,camera_color_optical_frame,911,640,480,1,433.9,403.8,0.3558,0.6827,0.00196,1,1,1.000,0.9490,0.1715,0.2487,11.41,0.00,1791455925.811453,27,0,0.0
assignment3_kp2_t1,1791455925.752676,camera_color_optical_frame,912,640,480,1,434.2,403.8,0.3568,0.6824,0.00201,1,1,1.000,0.9500,0.1722,0.2488,11.53,0.00,1791455925.844591,27,0,0.0
assignment3_kp2_t1,1791455925.786032,camera_color_optical_frame,913,640,480,1,434.1,404.2,0.3567,0.6841,0.00203,1,1,1.000,0.9470,0.1716,0.2487,10.79,0.00,1791455925.879483,27,0,0.0
assignment3_kp2_t1,1791455925.819387,camera_color_optical_frame,914,640,480,1,434.2,403.8,0.3567,0.6823,0.00203,1,1,1.000,0.9530,0.1727,0.2496,11.20,0.00,1791455925.911598,27,0,0.0
assignment3_kp2_t1,1791455925.852743,camera_color_optical_frame,915,640,480,1,434.3,403.9,0.3572,0.6830,0.00208,1,1,1.000,0.9470,0.1718,0.2483,11.55,0.00,1791455925.940961,27,0,0.0
assignment3_kp2_t1,1791455925.886098,camera_color_optical_frame,916,640,480,1,434.1,403.8,0.3565,0.6823,0.00198,1,0,,,,,8.97,33.36,1791455925.954512,27,0,0.0
assignment3_kp2_t1,1791455925.919454,camera_color_optical_frame,917,640,480,1,434.3,404.3,0.3571,0.6845,0.00203,1,1,1.000,0.9490,0.1722,0.2494,14.88,0.00,1791455926.002374,27,0,0.0
assignment3_kp2_t1,1791455925.952809,camera_color_optical_frame,918,640,480,1,434.2,404.0,0.3568,0.6835,0.00203,1,1,1.000,0.9530,0.1727,0.2500,12.39,0.00,1791455926.037640,27,0,0.0
assignment3_kp2_t1,1791455925.986165,camera_color_optical_frame,919,640,480,1,433.9,403.8,0.3559,0.6826,0.00198,1,1,1.000,0.9530,0.1723,0.2497,11.37,0.00,1791455926.074508,27,0,0.0
assignment3_kp2_t1,1791455926.019520,camera_color_optical_frame,920,640,480,1,434.1,404.3,0.3564,0.6847,0.00201,1,1,1.000,0.9510,0.1722,0.2499,17.15,0.00,1791455926.118772,27,0,0.0
assignment3_kp2_t1,1791455926.052875,camera_color_optical_frame,921,640,480,1,434.0,403.8,0.3564,0.6826,0.00203,1,1,1.000,0.9510,0.1722,0.2492,16.18,0.00,1791455926.151739,27,0,0.0
assignment3_kp2_t1,1791455926.086231,camera_color_optical_frame,922,640,480,1,433.9,404.0,0.3560,0.6835,0.00199,1,1,1.000,0.9510,0.1720,0.2495,16.32,0.00,1791455926.185148,27,0,0.0
assignment3_kp2_t1,1791455926.119586,camera_color_optical_frame,923,640,480,1,434.4,403.8,0.3576,0.6826,0.00205,1,1,1.000,0.9470,0.1721,0.2481,15.88,0.00,1791455926.217413,27,0,0.0
assignment3_kp2_t1,1791455926.152941,camera_color_optical_frame,924,640,480,1,434.3,403.7,0.3572,0.6823,0.00206,1,1,1.000,0.9530,0.1729,0.2496,11.11,0.00,1791455926.241591,27,0,0.0
assignment3_kp2_t1,1791455926.186297,camera_color_optical_frame,925,640,480,1,434.1,403.9,0.3566,0.6829,0.00203,1,1,1.000,0.9500,0.1721,0.2490,11.44,0.00,1791455926.272689,27,0,0.0
assignment3_kp2_t1,1791455926.219654,camera_color_optical_frame,926,640,480,1,434.1,404.0,0.3567,0.6833,0.00204,1,1,1.000,0.9510,0.1723,0.2494,13.78,0.00,1791455926.302463,27,0,0.0
assignment3_kp2_t1,1791455926.253011,camera_color_optical_frame,927,640,480,1,433.9,404.1,0.3559,0.6838,0.00198,1,1,1.000,0.9460,0.1710,0.2483,13.51,0.00,1791455926.343857,27,0,0.0
assignment3_kp2_t1,1791455926.286367,camera_color_optical_frame,928,640,480,1,434.2,403.9,0.3569,0.6828,0.00205,1,1,1.000,0.9500,0.1723,0.2490,13.41,0.00,1791455926.370600,27,0,0.0
assignment3_kp2_t1,1791455926.319724,camera_color_optical_frame,929,640,480,1,434.0,404.4,0.3562,0.6849,0.00196,1,1,1.000,0.9540,0.1726,0.2508,14.69,0.00,1791455926.404648,27,0,0.0
assignment3_kp2_t1,1791455926.353081,camera_color_optical_frame,930,640,480,1,433.8,404.0,0.3557,0.6831,0.00195,1,1,1.000,0.9510,0.1718,0.2494,13.43,0.00,1791455926.437279,27,0,0.0
assignment3_kp2_t1,1791455926.386437,camera_color_optical_frame,931,640,480,1,434.2,403.6,0.3569,0.6816,0.00198,1,1,1.000,0.9490,0.1720,0.2483,13.71,0.00,1791455926.469736,27,0,0.0
assignment3_kp2_t1,1791455926.419795,camera_color_optical_frame,932,640,480,1,433.8,404.1,0.3557,0.6837,0.00195,1,1,1.000,0.9540,0.1724,0.2503,13.52,0.00,1791455926.503429,27,0,0.0
assignment3_kp2_t1,1791455926.453151,camera_color_optical_frame,933,640,480,1,433.8,404.1,0.3556,0.6839,0.00192,1,1,1.000,0.9510,0.1718,0.2497,9.79,0.00,1791455926.532461,27,0,0.0
assignment3_kp2_t1,1791455926.486508,camera_color_optical_frame,934,640,480,1,434.1,404.0,0.3567,0.6832,0.00205,1,0,,,,,8.75,33.36,1791455926.554061,27,0,0.0
assignment3_kp2_t1,1791455926.519865,camera_color_optical_frame,935,640,480,1,434.1,403.9,0.3566,0.6828,0.00201,1,1,1.000,0.9560,0.1732,0.2506,15.43,0.00,1791455926.600588,27,0,0.0
assignment3_kp2_t1,1791455926.553221,camera_color_optical_frame,936,640,480,1,434.1,403.4,0.3567,0.6807,0.00203,1,1,1.000,0.9530,0.1727,0.2490,15.38,0.00,1791455926.635080,27,0,0.0
assignment3_kp2_t1,1791455926.586578,camera_color_optical_frame,937,640,480,1,434.1,403.8,0.3566,0.6824,0.00203,1,1,1.000,0.9560,0.1732,0.2504,14.91,0.00,1791455926.667223,27,0,0.0
assignment3_kp2_t1,1791455926.619935,camera_color_optical_frame,938,640,480,1,433.9,404.3,0.3560,0.6846,0.00197,1,1,1.000,0.9560,0.1729,0.2512,11.91,0.00,1791455926.707721,27,0,0.0
assignment3_kp2_t1,1791455926.653292,camera_color_optical_frame,939,640,480,1,434.0,403.9,0.3563,0.6830,0.00201,1,1,1.000,0.9510,0.1721,0.2493,11.99,0.00,1791455926.744061,27,0,0.0
assignment3_kp2_t1,1791455926.686648,camera_color_optical_frame,940,640,480,1,434.1,403.8,0.3567,0.6824,0.00205,1,1,1.000,0.9540,0.1729,0.2499,10.64,0.00,1791455926.774455,27,0,0.0
assignment3_kp2_t1,1791455926.720005,camera_color_optical_frame,941,640,480,1,434.0,404.0,0.3562,0.6833,0.00200,1,1,1.000,0.9500,0.1719,0.2492,12.28,0.00,1791455926.807322,27,0,0.0
assignment3_kp2_t1,1791455926.753362,camera_color_optical_frame,942,640,480,1,434.3,403.7,0.3571,0.6821,0.00205,1,1,1.000,0.9540,0.1731,0.2497,11.58,0.00,1791455926.842257,27,0,0.0
assignment3_kp2_t1,1791455926.786719,camera_color_optical_frame,943,640,480,1,434.4,404.0,0.3575,0.6832,0.00207,1,1,1.000,0.9460,0.1718,0.2481,13.51,0.00,1791455926.873975,27,0,0.0
assignment3_kp2_t1,1791455926.820076,camera_color_optical_frame,944,640,480,1,434.2,404.1,0.3567,0.6839,0.00205,1,1,1.000,0.9510,0.1723,0.2497,15.82,0.00,1791455926.911318,27,0,0.0
assignment3_kp2_t1,1791455926.853432,camera_color_optical_frame,945,640,480,1,434.0,403.8,0.3563,0.6824,0.00200,1,1,1.000,0.9500,0.1719,0.2488,13.99,0.00,1791455926.945227,27,0,0.0
assignment3_kp2_t1,1791455926.886789,camera_color_optical_frame,946,640,480,1,434.0,404.1,0.3564,0.6839,0.00200,1,1,1.000,0.9510,0.1721,0.2496,13.81,0.00,1791455926.979874,27,0,0.0
assignment3_kp2_t1,1791455926.920146,camera_color_optical_frame,947,640,480,1,433.8,403.9,0.3555,0.6828,0.00195,1,1,1.000,0.9490,0.1714,0.2487,12.40,0.00,1791455927.014937,27,0,0.0
assignment3_kp2_t1,1791455926.953502,camera_color_optical_frame,948,640,480,1,433.8,403.6,0.3557,0.6819,0.00196,1,1,1.000,0.9500,0.1716,0.2486,13.05,0.00,1791455927.048286,27,0,0.0
assignment3_kp2_t1,1791455926.986859,camera_color_optical_frame,949,640,480,1,434.3,403.9,0.3570,0.6831,0.00206,1,1,1.000,0.9460,0.1716,0.2480,10.76,0.00,1791455927.085546,27,0,0.0
assignment3_kp2_t1,1791455927.020216,camera_color_optical_frame,950,640,480,1,434.1,403.6,0.3564,0.6815,0.00201,1,1,1.000,0.9500,0.1720,0.2485,11.04,0.00,1791455927.116494,27,0,0.0
assignment3_kp2_t1,1791455927.053572,camera_color_optical_frame,951,640,480,1,434.0,403.9,0.3562,0.6829,0.00197,1,1,1.000,0.9530,0.1725,0.2498,12.12,0.00,1791455927.146506,27,0,0.0
assignment3_kp2_t1,1791455927.086929,camera_color_optical_frame,952,640,480,1,434.1,404.2,0.3565,0.6841,0.00200,1,1,1.000,0.9440,0.1710,0.2479,10.69,0.00,1791455927.182837,27,0,0.0
assignment3_kp2_t1,1791455927.120286,camera_color_optical_frame,953,640,480,1,434.2,403.9,0.3569,0.6828,0.00203,1,1,1.000,0.9540,0.1730,0.2500,13.24,0.00,1791455927.220714,27,0,0.0
assignment3_kp2_t1,1791455927.153642,camera_color_optical_frame,954,640,480,1,434.3,404.1,0.3572,0.6837,0.00206,1,1,1.000,0.9500,0.1724,0.2493,10.28,0.00,1791455927.248792,27,0,0.0
assignment3_kp2_t1,1791455927.186999,camera_color_optical_frame,955,640,480,1,434.2,403.6,0.3568,0.6817,0.00202,1,1,1.000,0.9500,0.1722,0.2485,10.08,0.00,1791455927.283253,27,0,0.0
assignment3_kp2_t1,1791455927.220356,camera_color_optical_frame,956,640,480,1,433.9,403.8,0.3560,0.6826,0.00196,1,1,1.000,0.9530,0.1723,0.2497,11.45,0.00,1791455927.312363,27,0,0.0
assignment3_kp2_t1,1791455927.253713,camera_color_optical_frame,957,640,480,1,434.3,404.4,0.3572,0.6850,0.00208,1,1,1.000,0.9460,0.1716,0.2488,12.34,0.00,1791455927.344560,27,0,0.0
assignment3_kp2_t1,1791455927.287070,camera_color_optical_frame,958,640,480,1,433.9,404.0,0.3558,0.6833,0.00194,1,1,1.000,0.9530,0.1722,0.2499,10.48,0.00,1791455927.377602,27,0,0.0
assignment3_kp2_t1,1791455927.320426,camera_color_optical_frame,959,640,480,1,434.1,403.8,0.3564,0.6825,0.00199,1,1,1.000,0.9510,0.1722,0.2491,10.64,0.00,1791455927.403353,27,0,0.0
assignment3_kp2_t1,1791455927.353783,camera_color_optical_frame,960,640,480,1,433.9,404.0,0.3559,0.6833,0.00193,1,0,,,,,7.04,33.36,1791455927.415781,27,0,0.0
assignment3_kp2_t1,1791455927.387140,camera_color_optical_frame,961,640,480,1,434.0,404.0,0.3563,0.6834,0.00201,1,1,1.000,0.9530,0.1725,0.2500,13.66,0.00,1791455927.470336,27,0,0.0
assignment3_kp2_t1,1791455927.420497,camera_color_optical_frame,962,640,480,1,434.1,403.5,0.3567,0.6811,0.00199,1,1,1.000,0.9540,0.1728,0.2494,12.49,0.00,1791455927.506927,27,0,0.0
assignment3_kp2_t1,1791455927.453854,camera_color_optical_frame,963,640,480,1,434.1,404.0,0.3565,0.6832,0.00202,1,1,1.000,0.9510,0.1722,0.2494,12.94,0.00,1791455927.542915,27,0,0.0
assignment3_kp2_t1,1791455927.487210,camera_color_optical_frame,964,640,480,1,434.2,404.0,0.3568,0.6832,0.00202,1,1,1.000,0.9510,0.1724,0.2494,11.46,0.00,1791455927.580712,27,0,0.0
assignment3_kp2_t1,1791455927.520567,camera_color_optical_frame,965,640,480,1,434.0,404.2,0.3562,0.6840,0.00198,1,1,1.000,0.9560,0.1730,0.2510,12.15,0.00,1791455927.613038,27,0,0.0
assignment3_kp2_t1,1791455927.553924,camera_color_optical_frame,966,640,480,1,434.1,404.1,0.3565,0.6838,0.00200,1,1,1.000,0.9530,0.1726,0.2501,13.87,0.00,1791455927.654282,27,0,0.0
assignment3_kp2_t1,1791455927.587281,camera_color_optical_frame,967,640,480,1,434.1,403.6,0.3565,0.6817,0.00201,1,1,1.000,0.9470,0.1715,0.2478,12.77,0.00,1791455927.687064,27,0,0.0
assignment3_kp2_t1,1791455927.620637,camera_color_optical_frame,968,640,480,1,433.7,404.0,0.3555,0.6834,0.00193,1,1,1.000,0.9530,0.1721,0.2500,9.67,0.00,1791455927.714024,27,0,0.0
assignment3_kp2_t1,1791455927.653994,camera_color_optical_frame,969,640,480,1,434.0,403.7,0.3564,0.6820,0.00201,1,1,1.000,0.9490,0.1718,0.2484,11.73,0.00,1791455927.744907,27,0,0.0
assignment3_kp2_t1,1791455927.687350,camera_color_optical_frame,970,640,480,1,434.2,404.2,0.3568,0.6841,0.00205,1,1,1.000,0.9510,0.1724,0.2497,11.69,0.00,1791455927.779509,27,0,0.0
assignment3_kp2_t1,1791455927.720707,camera_color_optical_frame,971,640,480,1,434.1,403.7,0.3565,0.6821,0.00205,1,1,1.000,0.9510,0.1722,0.2490,13.75,0.00,1791455927.815636,27,0,0.0
assignment3_kp2_t1,1791455927.754063,camera_color_optical_frame,972,640,480,1,434.0,403.9,0.3562,0.6829,0.00201,1,1,1.000,0.9510,0.1721,0.2493,11.06,0.00,1791455927.845723,27,0,0.0
assignment3_kp2_t1,1791455927.787420,camera_color_optical_frame,973,640,480,1,434.0,404.3,0.3561,0.6845,0.00199,1,1,1.000,0.9510,0.1720,0.2499,10.93,0.00,1791455927.876459,27,0,0.0
assignment3_kp2_t1,1791455927.820777,camera_color_optical_frame,974,640,480,1,434.3,404.3,0.3572,0.6844,0.00208,1,1,1.000,0.9530,0.1729,0.2504,14.27,0.00,1791455927.905748,27,0,0.0
assignment3_kp2_t1,1791455927.854133,camera_color_optical_frame,975,640,480,1,434.2,404.3,0.3568,0.6845,0.00203,1,1,1.000,0.9500,0.1722,0.2496,14.17,0.00,1791455927.938527,27,0,0.0
assignment3_kp2_t1,1791455927.887490,camera_color_optical_frame,976,640,480,1,433.6,404.1,0.3551,0.6838,0.00191,1,1,1.000,0.9500,0.1714,0.2494,14.20,0.00,1791455927.974844,27,0,0.0
assignment3_kp2_t1,1791455927.920846,camera_color_optical_frame,977,640,480,1,434.4,403.8,0.3574,0.6826,0.00208,1,1,1.000,0.9500,0.1725,0.2489,13.48,0.00,1791455928.008898,27,0,0.0
assignment3_kp2_t1,1791455927.954203,camera_color_optical_frame,978,640,480,1,434.2,403.7,0.3570,0.6819,0.00205,1,1,1.000,0.9490,0.1721,0.2484,13.18,0.00,1791455928.044584,27,0,0.0
assignment3_kp2_t1,1791455927.987559,camera_color_optical_frame,979,640,480,1,433.9,404.2,0.3560,0.6841,0.00198,1,1,1.000,0.9470,0.1712,0.2487,11.03,0.00,1791455928.082913,27,0,0.0
assignment3_kp2_t1,1791455928.020915,camera_color_optical_frame,980,640,480,1,433.8,404.1,0.3557,0.6838,0.00193,1,1,1.000,0.9490,0.1714,0.2491,11.70,0.00,1791455928.115285,27,0,0.0
assignment3_kp2_t1,1791455928.054272,camera_color_optical_frame,981,640,480,1,434.2,404.2,0.3569,0.6841,0.00204,1,1,1.000,0.9500,0.1722,0.2495,10.88,0.00,1791455928.147501,27,0,0.0
assignment3_kp2_t1,1791455928.087628,camera_color_optical_frame,982,640,480,1,433.9,403.8,0.3558,0.6824,0.00197,1,1,1.000,0.9560,0.1728,0.2504,10.88,0.00,1791455928.184505,27,0,0.0
assignment3_kp2_t1,1791455928.120984,camera_color_optical_frame,983,640,480,1,434.1,403.7,0.3565,0.6822,0.00199,1,1,1.000,0.9530,0.1726,0.2495,14.64,0.00,1791455928.221779,27,0,0.0
assignment3_kp2_t1,1791455928.154341,camera_color_optical_frame,984,640,480,1,433.9,403.9,0.3559,0.6829,0.00196,1,1,1.000,0.9510,0.1719,0.2493,11.18,0.00,1791455928.250692,27,0,0.0
assignment3_kp2_t1,1791455928.187697,camera_color_optical_frame,985,640,480,1,434.2,403.6,0.3568,0.6816,0.00201,1,1,1.000,0.9540,0.1729,0.2496,12.41,0.00,1791455928.282433,27,0,0.0
assignment3_kp2_t1,1791455928.221054,camera_color_optical_frame,986,640,480,1,434.1,403.8,0.3566,0.6825,0.00201,1,1,1.000,0.9510,0.1722,0.2491,11.40,0.00,1791455928.317631,27,0,0.0
assignment3_kp2_t1,1791455928.254410,camera_color_optical_frame,987,640,480,1,434.0,403.9,0.3564,0.6829,0.00199,1,1,1.000,0.9560,0.1730,0.2506,10.41,0.00,1791455928.352124,27,0,0.0
assignment3_kp2_t1,1791455928.287767,camera_color_optical_frame,988,640,480,1,434.1,404.4,0.3566,0.6850,0.00202,1,1,1.000,0.9510,0.1722,0.2501,11.35,0.00,1791455928.383835,27,0,0.0
assignment3_kp2_t1,1791455928.321124,camera_color_optical_frame,989,640,480,1,433.8,404.0,0.3556,0.6833,0.00195,1,1,1.000,0.9470,0.1710,0.2484,12.51,0.00,1791455928.417211,27,0,0.0
assignment3_kp2_t1,1791455928.354480,camera_color_optical_frame,990,640,480,1,434.5,404.1,0.3577,0.6838,0.00210,1,1,1.000,0.9490,0.1724,0.2491,11.94,0.00,1791455928.452199,27,0,0.0
assignment3_kp2_t1,1791455928.387837,camera_color_optical_frame,991,640,480,1,434.2,403.6,0.3570,0.6816,0.00203,1,1,1.000,0.9460,0.1715,0.2475,12.41,0.00,1791455928.486126,27,0,0.0
assignment3_kp2_t1,1791455928.421194,camera_color_optical_frame,992,640,480,1,434.2,404.3,0.3569,0.6846,0.00204,1,1,1.000,0.9470,0.1717,0.2489,11.54,0.00,1791455928.521136,27,0,0.0
assignment3_kp2_t1,1791455928.454550,camera_color_optical_frame,993,640,480,1,434.1,404.4,0.3566,0.6849,0.00200,1,1,1.000,0.9460,0.1714,0.2487,8.38,0.00,1791455928.551309,27,0,0.0
assignment3_kp2_t1,1791455928.487907,camera_color_optical_frame,994,640,480,1,434.3,404.0,0.3571,0.6831,0.00206,1,0,,,,,11.24,33.36,1791455928.571433,27,0,0.0
assignment3_kp2_t1,1791455928.521263,camera_color_optical_frame,995,640,480,1,434.1,404.0,0.3567,0.6832,0.00202,1,1,1.000,0.9500,0.1721,0.2491,12.27,0.00,1791455928.609138,27,0,0.0
assignment3_kp2_t1,1791455928.554620,camera_color_optical_frame,996,640,480,1,434.1,403.8,0.3567,0.6823,0.00202,1,1,1.000,0.9510,0.1723,0.2491,10.49,0.00,1791455928.642031,27,0,0.0
assignment3_kp2_t1,1791455928.587976,camera_color_optical_frame,997,640,480,1,434.5,404.2,0.3579,0.6840,0.00209,1,1,1.000,0.9500,0.1727,0.2494,12.42,0.00,1791455928.680250,27,0,0.0
assignment3_kp2_t1,1791455928.621333,camera_color_optical_frame,998,640,480,1,434.1,404.0,0.3566,0.6832,0.00199,1,1,1.000,0.9410,0.1705,0.2467,11.30,0.00,1791455928.715902,27,0,0.0
assignment3_kp2_t1,1791455928.654690,camera_color_optical_frame,999,640,480,1,433.9,404.1,0.3558,0.6839,0.00195,1,1,1.000,0.9530,0.1723,0.2502,12.13,0.00,1791455928.750522,27,0,0.0
assignment3_kp2_t1,1791455928.688046,camera_color_optical_frame,1000,640,480,1,434.1,403.9,0.3565,0.6831,0.00202,1,1,1.000,0.9530,0.1726,0.2499,13.13,0.00,1791455928.782679,27,0,0.0
assignment3_kp2_t1,1791455928.721403,camera_color_optical_frame,1001,640,480,1,434.2,404.0,0.3569,0.6835,0.00206,1,1,1.000,0.9490,0.1721,0.2490,11.30,0.00,1791455928.811315,27,0,0.0
assignment3_kp2_t1,1791455928.754759,camera_color_optical_frame,1002,640,480,1,434.1,403.4,0.3566,0.6809,0.00199,1,1,1.000,0.9520,0.1724,0.2488,11.54,0.00,1791455928.837428,27,0,0.0
assignment3_kp2_t1,1791455928.788116,camera_color_optical_frame,1003,640,480,1,434.1,403.9,0.3566,0.6831,0.00203,1,0,,,,,7.60,33.36,1791455928.854414,27,0,0.0
assignment3_kp2_t1,1791455928.821472,camera_color_optical_frame,1004,640,480,1,434.0,403.8,0.3562,0.6824,0.00200,1,1,1.000,0.9510,0.1721,0.2491,11.89,0.00,1791455928.899477,27,0,0.0
assignment3_kp2_t1,1791455928.854829,camera_color_optical_frame,1005,640,480,1,434.3,403.9,0.3572,0.6828,0.00207,1,0,,,,,7.73,33.36,1791455928.916360,27,0,0.0
assignment3_kp2_t1,1791455928.888185,camera_color_optical_frame,1006,640,480,1,434.4,404.1,0.3574,0.6839,0.00208,1,1,1.000,0.9490,0.1723,0.2491,16.48,0.00,1791455928.971930,27,0,0.0
assignment3_kp2_t1,1791455928.921542,camera_color_optical_frame,1007,640,480,1,433.9,403.6,0.3559,0.6815,0.00199,1,1,1.000,0.9470,0.1712,0.2477,16.66,0.00,1791455929.006167,27,0,0.0
assignment3_kp2_t1,1791455928.954898,camera_color_optical_frame,1008,640,480,1,434.0,403.7,0.3563,0.6822,0.00200,1,1,1.000,0.9500,0.1719,0.2487,11.87,0.00,1791455929.045922,27,0,0.0
assignment3_kp2_t1,1791455928.988255,camera_color_optical_frame,1009,640,480,1,434.1,404.2,0.3567,0.6840,0.00201,1,1,1.000,0.9530,0.1727,0.2502,11.81,0.00,1791455929.075001,27,0,0.0
assignment3_kp2_t1,1791455929.021611,camera_color_optical_frame,1010,640,480,1,434.0,404.2,0.3563,0.6840,0.00196,1,1,1.000,0.9510,0.1721,0.2497,13.88,0.00,1791455929.107339,27,0,0.0
assignment3_kp2_t1,1791455929.054967,camera_color_optical_frame,1011,640,480,1,434.3,404.2,0.3573,0.6843,0.00207,1,1,1.000,0.9490,0.1722,0.2493,11.87,0.00,1791455929.144999,27,0,0.0
assignment3_kp2_t1,1791455929.088324,camera_color_optical_frame,1012,640,480,1,434.1,403.8,0.3565,0.6825,0.00201,1,1,1.000,0.9510,0.1722,0.2491,11.78,0.00,1791455929.174220,27,0,0.0
assignment3_kp2_t1,1791455929.121680,camera_color_optical_frame,1013,640,480,1,433.8,404.0,0.3556,0.6833,0.00197,1,1,1.000,0.9530,0.1721,0.2499,12.81,0.00,1791455929.207278,27,0,0.0
assignment3_kp2_t1,1791455929.155036,camera_color_optical_frame,1014,640,480,1,434.0,403.6,0.3563,0.6818,0.00198,1,1,1.000,0.9510,0.1721,0.2489,14.89,0.00,1791455929.239608,27,0,0.0
assignment3_kp2_t1,1791455929.188393,camera_color_optical_frame,1015,640,480,1,434.4,404.1,0.3574,0.6838,0.00209,1,1,1.000,0.9510,0.1727,0.2496,14.61,0.00,1791455929.274486,27,0,0.0
assignment3_kp2_t1,1791455929.221749,camera_color_optical_frame,1016,640,480,1,434.1,403.6,0.3567,0.6815,0.00203,1,1,1.000,0.9470,0.1716,0.2477,12.83,0.00,1791455929.309946,27,0,0.0
assignment3_kp2_t1,1791455929.255107,camera_color_optical_frame,1017,640,480,1,434.4,404.0,0.3574,0.6833,0.00211,1,1,1.000,0.9490,0.1723,0.2489,13.44,0.00,1791455929.345215,27,0,0.0
assignment3_kp2_t1,1791455929.288466,camera_color_optical_frame,1018,640,480,1,434.0,404.0,0.3562,0.6832,0.00197,1,1,1.000,0.9530,0.1724,0.2499,13.03,0.00,1791455929.386321,27,0,0.0
assignment3_kp2_t1,1791455929.321824,camera_color_optical_frame,1019,640,480,1,434.3,403.7,0.3571,0.6822,0.00206,1,1,1.000,0.9460,0.1716,0.2477,14.24,0.00,1791455929.421111,27,0,0.0
assignment3_kp2_t1,1791455929.355182,camera_color_optical_frame,1020,640,480,1,434.3,403.7,0.3572,0.6820,0.00206,1,1,1.000,0.9510,0.1726,0.2489,13.69,0.00,1791455929.451995,27,0,0.0
assignment3_kp2_t1,1791455929.388541,camera_color_optical_frame,1021,640,480,1,434.1,403.7,0.3567,0.6823,0.00201,1,1,1.000,0.9490,0.1719,0.2485,11.12,0.00,1791455929.478957,27,0,0.0
assignment3_kp2_t1,1791455929.421900,camera_color_optical_frame,1022,640,480,1,434.2,404.1,0.3568,0.6838,0.00203,1,1,1.000,0.9540,0.1729,0.2504,10.19,0.00,1791455929.513736,27,0,0.0
assignment3_kp2_t1,1791455929.455258,camera_color_optical_frame,1023,640,480,1,434.3,404.2,0.3572,0.6841,0.00205,1,1,1.000,0.9470,0.1719,0.2487,13.74,0.00,1791455929.544268,27,0,0.0
assignment3_kp2_t1,1791455929.488616,camera_color_optical_frame,1024,640,480,1,434.3,403.8,0.3573,0.6825,0.00208,1,1,1.000,0.9490,0.1723,0.2486,12.31,0.00,1791455929.584292,27,0,0.0
assignment3_kp2_t1,1791455929.521975,camera_color_optical_frame,1025,640,480,1,434.4,403.9,0.3574,0.6828,0.00206,1,1,1.000,0.9470,0.1719,0.2482,12.01,0.00,1791455929.622156,27,0,0.0
assignment3_kp2_t1,1791455929.555334,camera_color_optical_frame,1026,640,480,1,434.3,403.7,0.3572,0.6822,0.00208,1,1,1.000,0.9500,0.1724,0.2487,24.12,0.00,1791455929.671700,27,0,0.0
assignment3_kp2_t1,1791455929.588693,camera_color_optical_frame,1027,640,480,1,434.2,403.8,0.3567,0.6823,0.00200,1,1,1.000,0.9510,0.1723,0.2491,16.78,0.00,1791455929.697384,27,0,0.0
assignment3_kp2_t1,1791455929.622051,camera_color_optical_frame,1028,640,480,1,434.1,403.9,0.3564,0.6830,0.00202,1,1,1.000,0.9500,0.1720,0.2490,14.88,0.00,1791455929.725008,27,0,0.0
assignment3_kp2_t1,1791455929.655410,camera_color_optical_frame,1029,640,480,1,434.0,403.8,0.3562,0.6823,0.00195,1,1,1.000,0.9530,0.1725,0.2496,12.54,0.00,1791455929.750765,27,0,0.0
assignment3_kp2_t1,1791455929.688768,camera_color_optical_frame,1030,640,480,1,434.3,403.9,0.3573,0.6827,0.00207,1,1,1.000,0.9500,0.1724,0.2489,12.29,0.00,1791455929.782736,27,0,0.0
assignment3_kp2_t1,1791455929.722127,camera_color_optical_frame,1031,640,480,1,434.3,404.0,0.3570,0.6832,0.00207,1,1,1.000,0.9465,0.1717,0.2482,9.86,0.00,1791455929.810991,27,0,0.0
assignment3_kp2_t1,1791455929.755486,camera_color_optical_frame,1032,640,480,1,434.1,403.7,0.3564,0.6821,0.00200,1,1,1.000,0.9490,0.1718,0.2485,11.54,0.00,1791455929.841641,27,0,0.0
assignment3_kp2_t1,1791455929.788845,camera_color_optical_frame,1033,640,480,1,434.4,404.0,0.3574,0.6832,0.00212,1,1,1.000,0.9510,0.1727,0.2494,10.68,0.00,1791455929.876714,27,0,0.0
assignment3_kp2_t1,1791455929.822203,camera_color_optical_frame,1034,640,480,1,434.0,404.2,0.3562,0.6841,0.00197,1,0,,,,,6.54,33.36,1791455929.888099,27,0,0.0
assignment3_kp2_t1,1791455929.855562,camera_color_optical_frame,1035,640,480,1,434.0,404.2,0.3562,0.6840,0.00199,1,1,1.000,0.9500,0.1719,0.2494,13.61,0.00,1791455929.938525,27,0,0.0
assignment3_kp2_t1,1791455929.888921,camera_color_optical_frame,1036,640,480,1,433.9,404.0,0.3558,0.6833,0.00194,1,1,1.000,0.9500,0.1717,0.2492,12.68,0.00,1791455929.975919,27,0,0.0
assignment3_kp2_t1,1791455929.922280,camera_color_optical_frame,1037,640,480,1,434.0,403.8,0.3561,0.6825,0.00199,1,1,1.000,0.9490,0.1717,0.2486,12.19,0.00,1791455930.015873,27,0,0.0
assignment3_kp2_t1,1791455929.955639,camera_color_optical_frame,1038,640,480,1,433.8,404.3,0.3557,0.6844,0.00193,1,1,1.000,0.9490,0.1715,0.2493,10.98,0.00,1791455930.045991,27,0,0.0
assignment3_kp2_t1,1791455929.988998,camera_color_optical_frame,1039,640,480,1,433.8,404.4,0.3555,0.6851,0.00195,1,1,1.000,0.9510,0.1717,0.2501,10.79,0.00,1791455930.082683,27,0,0.0
assignment3_kp2_t1,1791455930.022357,camera_color_optical_frame,1040,640,480,1,434.2,404.0,0.3568,0.6832,0.00205,1,1,1.000,0.9530,0.1728,0.2499,10.97,0.00,1791455930.111095,27,0,0.0
assignment3_kp2_t1,1791455930.055716,camera_color_optical_frame,1041,640,480,1,434.1,403.9,0.3566,0.6828,0.00200,1,1,1.000,0.9490,0.1719,0.2487,11.42,0.00,1791455930.145264,27,0,0.0
assignment3_kp2_t1,1791455930.089075,camera_color_optical_frame,1042,640,480,1,434.1,403.9,0.3567,0.6831,0.00202,1,1,1.000,0.9470,0.1716,0.2483,11.00,0.00,1791455930.178189,27,0,0.0
assignment3_kp2_t1,1791455930.122434,camera_color_optical_frame,1043,640,480,1,434.1,403.6,0.3565,0.6816,0.00203,1,1,1.000,0.9490,0.1718,0.2483,12.08,0.00,1791455930.209407,27,0,0.0
assignment3_kp2_t1,1791455930.155793,camera_color_optical_frame,1044,640,480,1,434.1,403.8,0.3565,0.6827,0.00202,1,1,1.000,0.9490,0.1719,0.2487,12.48,0.00,1791455930.245429,27,0,0.0
assignment3_kp2_t1,1791455930.189152,camera_color_optical_frame,1045,640,480,1,433.9,403.6,0.3560,0.6818,0.00194,1,1,1.000,0.9510,0.1720,0.2489,10.98,0.00,1791455930.282264,27,0,0.0
assignment3_kp2_t1,1791455930.222512,camera_color_optical_frame,1046,640,480,1,434.1,403.6,0.3567,0.6817,0.00202,1,1,1.000,0.9490,0.1719,0.2483,11.45,0.00,1791455930.313495,27,0,0.0
assignment3_kp2_t1,1791455930.255869,camera_color_optical_frame,1047,640,480,1,434.1,404.4,0.3565,0.6850,0.00201,1,1,1.000,0.9460,0.1713,0.2488,10.59,0.00,1791455930.341934,27,0,0.0
assignment3_kp2_t1,1791455930.289227,camera_color_optical_frame,1048,640,480,1,434.2,404.2,0.3570,0.6843,0.00203,1,0,,,,,8.73,33.36,1791455930.358986,27,0,0.0
assignment3_kp2_t1,1791455930.322585,camera_color_optical_frame,1049,640,480,1,433.9,404.1,0.3558,0.6836,0.00195,1,1,1.000,0.9490,0.1715,0.2490,12.26,0.00,1791455930.408943,27,0,0.0
assignment3_kp2_t1,1791455930.355942,camera_color_optical_frame,1050,640,480,1,434.1,404.1,0.3565,0.6839,0.00199,1,1,1.000,0.9500,0.1720,0.2494,11.68,0.00,1791455930.441390,27,0,0.0
assignment3_kp2_t1,1791455930.389300,camera_color_optical_frame,1051,640,480,1,433.9,403.7,0.3558,0.6823,0.00198,1,1,1.000,0.9500,0.1717,0.2488,12.57,0.00,1791455930.473477,27,0,0.0
assignment3_kp2_t1,1791455930.422658,camera_color_optical_frame,1052,640,480,1,434.4,404.2,0.3576,0.6840,0.00210,1,1,1.000,0.9540,0.1733,0.2505,14.71,0.00,1791455930.507427,27,0,0.0
assignment3_kp2_t1,1791455930.456016,camera_color_optical_frame,1053,640,480,1,434.1,403.8,0.3565,0.6827,0.00201,1,1,1.000,0.9490,0.1719,0.2487,13.20,0.00,1791455930.545758,27,0,0.0
assignment3_kp2_t1,1791455930.489373,camera_color_optical_frame,1054,640,480,1,434.2,403.6,0.3568,0.6818,0.00204,1,1,1.000,0.9500,0.1722,0.2486,9.96,0.00,1791455930.582789,27,0,0.0
assignment3_kp2_t1,1791455930.522732,camera_color_optical_frame,1055,640,480,1,434.1,403.9,0.3566,0.6828,0.00201,1,1,1.000,0.9500,0.1721,0.2490,13.00,0.00,1791455930.614076,27,0,0.0
assignment3_kp2_t1,1791455930.556089,camera_color_optical_frame,1056,640,480,1,434.2,403.8,0.3569,0.6826,0.00205,1,1,1.000,0.9530,0.1728,0.2497,10.77,0.00,1791455930.651153,27,0,0.0
assignment3_kp2_t1,1791455930.589447,camera_color_optical_frame,1057,640,480,1,434.2,403.7,0.3568,0.6821,0.00202,1,1,1.000,0.9500,0.1722,0.2487,12.98,0.00,1791455930.686150,27,0,0.0
assignment3_kp2_t1,1791455930.622805,camera_color_optical_frame,1058,640,480,1,434.2,404.1,0.3568,0.6839,0.00200,1,1,1.000,0.9470,0.1716,0.2486,10.43,0.00,1791455930.719254,27,0,0.0
assignment3_kp2_t1,1791455930.656163,camera_color_optical_frame,1059,640,480,1,433.9,404.0,0.3559,0.6834,0.00197,1,1,1.000,0.9540,0.1724,0.2503,11.07,0.00,1791455930.755973,27,0,0.0
assignment3_kp2_t1,1791455930.689521,camera_color_optical_frame,1060,640,480,1,433.9,404.4,0.3559,0.6851,0.00199,1,1,1.000,0.9500,0.1717,0.2498,11.67,0.00,1791455930.785733,27,0,0.0
assignment3_kp2_t1,1791455930.722879,camera_color_optical_frame,1061,640,480,1,434.1,404.0,0.3565,0.6834,0.00201,1,1,1.000,0.9470,0.1715,0.2484,11.19,0.00,1791455930.821847,27,0,0.0
assignment3_kp2_t1,1791455930.756237,camera_color_optical_frame,1062,640,480,1,434.1,403.7,0.3565,0.6823,0.00200,1,1,1.000,0.9530,0.1726,0.2496,9.07,0.00,1791455930.850484,27,0,0.0
assignment3_kp2_t1,1791455930.789594,camera_color_optical_frame,1063,640,480,1,433.8,403.7,0.3557,0.6820,0.00193,1,0,,,,,11.55,33.36,1791455930.866969,27,0,0.0
assignment3_kp2_t1,1791455930.822953,camera_color_optical_frame,1064,640,480,1,434.3,403.7,0.3571,0.6823,0.00207,1,1,1.000,0.9440,0.1713,0.2472,13.89,0.00,1791455930.905710,27,0,0.0
assignment3_kp2_t1,1791455930.856310,camera_color_optical_frame,1065,640,480,1,433.8,404.0,0.3555,0.6835,0.00194,1,1,1.000,0.9530,0.1721,0.2500,13.78,0.00,1791455930.942183,27,0,0.0
assignment3_kp2_t1,1791455930.889668,camera_color_optical_frame,1066,640,480,1,434.1,404.0,0.3566,0.6832,0.00202,1,1,1.000,0.9490,0.1719,0.2488,11.96,0.00,1791455930.981890,27,0,0.0
assignment3_kp2_t1,1791455930.923027,camera_color_optical_frame,1067,640,480,1,434.1,403.9,0.3565,0.6830,0.00199,1,1,1.000,0.9500,0.1720,0.2490,12.28,0.00,1791455931.018514,27,0,0.0
assignment3_kp2_t1,1791455930.956384,camera_color_optical_frame,1068,640,480,1,434.0,404.1,0.3561,0.6837,0.00198,1,1,1.000,0.9560,0.1729,0.2509,13.00,0.00,1791455931.050305,27,0,0.0
assignment3_kp2_t1,1791455930.989742,camera_color_optical_frame,1069,640,480,1,433.7,404.1,0.3552,0.6837,0.00190,1,1,1.000,0.9490,0.1712,0.2490,11.85,0.00,1791455931.083765,27,0,0.0
assignment3_kp2_t1,1791455931.023101,camera_color_optical_frame,1070,640,480,1,433.9,404.2,0.3558,0.6843,0.00196,1,1,1.000,0.9490,0.1715,0.2493,10.72,0.00,1791455931.121315,27,0,0.0
assignment3_kp2_t1,1791455931.056459,camera_color_optical_frame,1071,640,480,1,434.3,404.0,0.3572,0.6832,0.00208,1,1,1.000,0.9490,0.1722,0.2489,12.20,0.00,1791455931.156738,27,0,0.0
assignment3_kp2_t1,1791455931.089816,camera_color_optical_frame,1072,640,480,1,434.1,403.9,0.3566,0.6831,0.00197,1,1,1.000,0.9490,0.1719,0.2488,11.22,0.00,1791455931.191347,27,0,0.0
assignment3_kp2_t1,1791455931.123175,camera_color_optical_frame,1073,640,480,1,434.3,403.9,0.3573,0.6830,0.00207,1,1,1.000,0.9470,0.1719,0.2482,12.71,0.00,1791455931.225384,27,0,0.0
assignment3_kp2_t1,1791455931.156533,camera_color_optical_frame,1074,640,480,1,434.2,404.0,0.3567,0.6831,0.00205,1,1,1.000,0.9500,0.1722,0.2491,11.14,0.00,1791455931.263172,27,0,0.0
assignment3_kp2_t1,1791455931.189891,camera_color_optical_frame,1075,640,480,1,433.9,403.8,0.3559,0.6823,0.00194,1,1,1.000,0.9510,0.1719,0.2491,13.51,0.00,1791455931.304782,27,0,0.0
assignment3_kp2_t1,1791455931.223252,camera_color_optical_frame,1076,640,480,1,433.8,403.9,0.3556,0.6830,0.00195,1,1,1.000,0.9490,0.1714,0.2488,10.49,0.00,1791455931.333338,27,0,0.0
assignment3_kp2_t1,1791455931.256613,camera_color_optical_frame,1077,640,480,1,434.2,403.8,0.3569,0.6826,0.00205,1,1,1.000,0.9560,0.1733,0.2505,11.26,0.00,1791455931.366542,27,0,0.0
assignment3_kp2_t1,1791455931.289974,camera_color_optical_frame,1078,640,480,1,434.2,404.1,0.3570,0.6837,0.00203,1,1,1.000,0.9440,0.1712,0.2477,13.24,0.00,1791455931.404529,27,0,0.0
assignment3_kp2_t1,1791455931.323336,camera_color_optical_frame,1079,640,480,1,434.0,404.0,0.3561,0.6835,0.00197,1,1,1.000,0.9510,0.1720,0.2495,11.21,0.00,1791455931.437495,27,0,0.0
assignment3_kp2_t1,1791455931.356697,camera_color_optical_frame,1080,640,480,1,434.1,404.1,0.3567,0.6837,0.00203,1,1,1.000,0.9510,0.1723,0.2496,12.49,0.00,1791455931.471575,27,0,0.0
assignment3_kp2_t1,1791455931.390058,camera_color_optical_frame,1081,640,480,1,434.3,403.9,0.3572,0.6831,0.00205,1,1,1.000,0.9510,0.1726,0.2494,13.35,0.00,1791455931.503255,27,0,0.0
assignment3_kp2_t1,1791455931.423420,camera_color_optical_frame,1082,640,480,1,434.2,403.8,0.3568,0.6827,0.00203,1,1,1.000,0.9510,0.1723,0.2492,13.05,0.00,1791455931.540863,27,0,0.0
assignment3_kp2_t1,1791455931.456781,camera_color_optical_frame,1083,640,480,1,434.2,404.1,0.3568,0.6838,0.00205,1,1,1.000,0.9440,0.1711,0.2478,14.22,0.00,1791455931.574536,27,0,0.0
assignment3_kp2_t1,1791455931.490142,camera_color_optical_frame,1084,640,480,1,434.3,404.0,0.3573,0.6835,0.00205,1,1,1.000,0.9460,0.1717,0.2482,12.98,0.00,1791455931.606110,27,0,0.0
assignment3_kp2_t1,1791455931.523504,camera_color_optical_frame,1085,640,480,1,434.0,404.0,0.3562,0.6835,0.00199,1,1,1.000,0.9470,0.1714,0.2485,12.95,0.00,1791455931.642632,27,0,0.0
assignment3_kp2_t1,1791455931.556865,camera_color_optical_frame,1086,640,480,1,434.3,403.7,0.3571,0.6820,0.00202,1,1,1.000,0.9505,0.1724,0.2488,13.39,0.00,1791455931.677544,27,0,0.0
assignment3_kp2_t1,1791455931.590227,camera_color_optical_frame,1087,640,480,1,434.2,404.0,0.3570,0.6831,0.00202,1,1,1.000,0.9530,0.1728,0.2499,12.89,0.00,1791455931.712327,27,0,0.0
assignment3_kp2_t1,1791455931.623589,camera_color_optical_frame,1088,640,480,1,433.8,403.8,0.3555,0.6827,0.00195,1,1,1.000,0.9500,0.1716,0.2489,12.67,0.00,1791455931.747926,27,0,0.0
assignment3_kp2_t1,1791455931.656950,camera_color_optical_frame,1089,640,480,1,433.9,404.3,0.3559,0.6845,0.00197,1,1,1.000,0.9470,0.1712,0.2488,13.17,0.00,1791455931.783400,27,0,0.0
assignment3_kp2_t1,1791455931.690311,camera_color_optical_frame,1090,640,480,1,434.4,404.1,0.3576,0.6836,0.00209,1,1,1.000,0.9490,0.1724,0.2490,11.89,0.00,1791455931.818901,27,0,0.0
assignment3_kp2_t1,1791455931.723673,camera_color_optical_frame,1091,640,480,1,433.7,404.0,0.3554,0.6833,0.00193,1,1,1.000,0.9500,0.1715,0.2492,12.01,0.00,1791455931.851879,27,0,0.0
assignment3_kp2_t1,1791455931.757035,camera_color_optical_frame,1092,640,480,1,433.8,404.0,0.3557,0.6832,0.00194,1,1,1.000,0.9530,0.1722,0.2499,11.74,0.00,1791455931.885854,27,0,0.0
assignment3_kp2_t1,1791455931.790396,camera_color_optical_frame,1093,640,480,1,434.2,404.1,0.3569,0.6836,0.00205,1,1,1.000,0.9490,0.1720,0.2490,11.49,0.00,1791455931.922537,27,0,0.0
assignment3_kp2_t1,1791455931.823758,camera_color_optical_frame,1094,640,480,1,434.2,404.1,0.3570,0.6838,0.00207,1,1,1.000,0.9500,0.1723,0.2494,10.54,0.00,1791455931.956550,27,0,0.0
assignment3_kp2_t1,1791455931.857120,camera_color_optical_frame,1095,640,480,1,434.3,404.1,0.3573,0.6838,0.00207,1,1,1.000,0.9500,0.1725,0.2493,12.06,0.00,1791455931.987720,27,0,0.0
assignment3_kp2_t1,1791455931.890481,camera_color_optical_frame,1096,640,480,1,434.3,403.8,0.3572,0.6824,0.00205,1,1,1.000,0.9490,0.1722,0.2486,12.75,0.00,1791455932.023973,27,0,0.0
assignment3_kp2_t1,1791455931.923843,camera_color_optical_frame,1097,640,480,1,433.8,403.7,0.3557,0.6823,0.00194,1,1,1.000,0.9510,0.1718,0.2490,12.41,0.00,1791455932.055479,27,0,0.0
assignment3_kp2_t1,1791455931.957205,camera_color_optical_frame,1098,640,480,1,434.1,403.8,0.3564,0.6827,0.00201,1,1,1.000,0.9510,0.1722,0.2492,12.28,0.00,1791455932.087957,27,0,0.0
assignment3_kp2_t1,1791455931.990567,camera_color_optical_frame,1099,640,480,1,434.0,403.8,0.3561,0.6826,0.00195,1,1,1.000,0.9490,0.1717,0.2486,9.77,0.00,1791455932.124569,27,0,0.0
assignment3_kp2_t1,1791455932.023929,camera_color_optical_frame,1100,640,480,1,434.1,404.3,0.3565,0.6847,0.00200,1,1,1.000,0.9510,0.1722,0.2500,10.34,0.00,1791455932.158309,27,0,0.0
assignment3_kp2_t1,1791455932.057291,camera_color_optical_frame,1101,640,480,1,434.1,404.3,0.3564,0.6845,0.00199,1,1,1.000,0.9440,0.1709,0.2480,9.35,0.00,1791455932.191910,27,0,0.0
assignment3_kp2_t1,1791455932.090652,camera_color_optical_frame,1102,640,480,1,434.2,404.2,0.3570,0.6842,0.00205,1,1,1.000,0.9500,0.1723,0.2495,9.70,0.00,1791455932.225138,27,0,0.0
assignment3_kp2_t1,1791455932.124014,camera_color_optical_frame,1103,640,480,1,433.6,404.1,0.3550,0.6836,0.00191,1,1,1.000,0.9470,0.1708,0.2485,10.54,0.00,1791455932.256923,27,0,0.0
assignment3_kp2_t1,1791455932.157376,camera_color_optical_frame,1104,640,480,1,434.0,403.9,0.3563,0.6830,0.00200,1,1,1.000,0.9530,0.1725,0.2498,11.75,0.00,1791455932.290163,27,0,0.0
assignment3_kp2_t1,1791455932.190733,camera_color_optical_frame,1105,640,480,1,434.1,404.0,0.3564,0.6835,0.00201,1,1,1.000,0.9560,0.1731,0.2508,11.07,0.00,1791455932.326012,27,0,0.0
assignment3_kp2_t1,1791455932.224090,camera_color_optical_frame,1106,640,480,1,434.2,403.5,0.3568,0.6812,0.00204,1,1,1.000,0.9500,0.1722,0.2484,10.76,0.00,1791455932.361086,27,0,0.0
assignment3_kp2_t1,1791455932.257447,camera_color_optical_frame,1107,640,480,1,434.0,403.9,0.3564,0.6830,0.00199,1,1,1.000,0.9500,0.1720,0.2491,10.89,0.00,1791455932.393626,27,0,0.0
assignment3_kp2_t1,1791455932.290804,camera_color_optical_frame,1108,640,480,1,434.1,403.8,0.3566,0.6827,0.00203,1,1,1.000,0.9560,0.1732,0.2505,11.01,0.00,1791455932.428418,27,0,0.0
assignment3_kp2_t1,1791455932.324161,camera_color_optical_frame,1109,640,480,1,434.1,404.3,0.3565,0.6846,0.00201,1,1,1.000,0.9460,0.1713,0.2486,10.99,0.00,1791455932.462401,27,0,0.0
assignment3_kp2_t1,1791455932.357518,camera_color_optical_frame,1110,640,480,1,434.1,403.7,0.3566,0.6819,0.00199,1,1,1.000,0.9490,0.1719,0.2484,13.49,0.00,1791455932.501311,27,0,0.0
assignment3_kp2_t1,1791455932.390875,camera_color_optical_frame,1111,640,480,1,434.3,403.9,0.3571,0.6831,0.00206,1,1,1.000,0.9470,0.1718,0.2483,11.96,0.00,1791455932.532626,27,0,0.0
assignment3_kp2_t1,1791455932.424232,camera_color_optical_frame,1112,640,480,1,434.2,403.7,0.3568,0.6820,0.00203,1,1,1.000,0.9530,0.1728,0.2495,10.24,0.00,1791455932.560202,27,0,0.0
assignment3_kp2_t1,1791455932.457589,camera_color_optical_frame,1113,640,480,1,433.9,404.0,0.3559,0.6833,0.00197,1,1,1.000,0.9470,0.1712,0.2484,10.84,0.00,1791455932.594262,27,0,0.0
assignment3_kp2_t1,1791455932.490946,camera_color_optical_frame,1114,640,480,1,434.2,403.7,0.3568,0.6821,0.00199,1,1,1.000,0.9500,0.1722,0.2487,11.16,0.00,1791455932.625992,27,0,0.0
assignment3_kp2_t1,1791455932.524303,camera_color_optical_frame,1115,640,480,1,434.3,403.6,0.3573,0.6817,0.00205,1,1,1.000,0.9470,0.1719,0.2478,10.27,0.00,1791455932.661757,27,0,0.0
assignment3_kp2_t1,1791455932.557660,camera_color_optical_frame,1116,640,480,1,434.1,403.7,0.3564,0.6822,0.00200,1,1,1.000,0.9500,0.1720,0.2487,11.40,0.00,1791455932.694486,27,0,0.0
assignment3_kp2_t1,1791455932.591017,camera_color_optical_frame,1117,640,480,1,433.7,404.0,0.3553,0.6833,0.00192,1,1,1.000,0.9510,0.1716,0.2494,12.37,0.00,1791455932.725897,27,0,0.0
assignment3_kp2_t1,1791455932.624374,camera_color_optical_frame,1118,640,480,1,434.2,403.9,0.3568,0.6827,0.00204,1,1,1.000,0.9495,0.1721,0.2488,11.79,0.00,1791455932.763023,27,0,0.0
assignment3_kp2_t1,1791455932.657731,camera_color_optical_frame,1119,640,480,1,434.3,403.8,0.3571,0.6827,0.00204,1,1,1.000,0.9510,0.1725,0.2492,10.45,0.00,1791455932.798617,27,0,0.0
assignment3_kp2_t1,1791455932.691088,camera_color_optical_frame,1120,640,480,1,434.2,404.6,0.3568,0.6857,0.00203,1,1,1.000,0.9540,0.1729,0.2511,11.33,0.00,1791455932.829490,27,0,0.0
assignment3_kp2_t1,1791455932.724445,camera_color_optical_frame,1121,640,480,1,434.0,404.0,0.3562,0.6832,0.00195,1,1,1.000,0.9470,0.1713,0.2483,13.43,0.00,1791455932.868757,27,0,0.0
assignment3_kp2_t1,1791455932.757802,camera_color_optical_frame,1122,640,480,1,434.4,404.2,0.3575,0.6840,0.00210,1,1,1.000,0.9500,0.1725,0.2494,12.80,0.00,1791455932.900226,27,0,0.0
assignment3_kp2_t1,1791455932.791159,camera_color_optical_frame,1123,640,480,1,434.0,404.0,0.3562,0.6832,0.00196,1,1,1.000,0.9460,0.1712,0.2481,14.58,0.00,1791455932.930272,27,0,0.0
assignment3_kp2_t1,1791455932.824516,camera_color_optical_frame,1124,640,480,1,434.1,403.9,0.3567,0.6827,0.00203,1,1,1.000,0.9460,0.1714,0.2479,12.85,0.00,1791455932.959240,27,0,0.0
assignment3_kp2_t1,1791455932.857873,camera_color_optical_frame,1125,640,480,1,434.1,404.4,0.3564,0.6849,0.00196,1,1,1.000,0.9530,0.1725,0.2505,12.05,0.00,1791455932.989098,27,0,0.0
assignment3_kp2_t1,1791455932.891230,camera_color_optical_frame,1126,640,480,1,434.0,404.0,0.3563,0.6832,0.00198,1,1,1.000,0.9510,0.1721,0.2494,10.67,0.00,1791455933.016451,27,0,0.0
assignment3_kp2_t1,1791455932.924587,camera_color_optical_frame,1127,640,480,1,434.1,404.0,0.3564,0.6835,0.00202,1,1,1.000,0.9460,0.1713,0.2482,12.88,0.00,1791455933.048535,27,0,0.0
assignment3_kp2_t1,1791455932.957944,camera_color_optical_frame,1128,640,480,1,434.2,403.7,0.3570,0.6821,0.00206,1,1,1.000,0.9500,0.1723,0.2487,19.08,0.00,1791455933.086320,27,0,0.0
assignment3_kp2_t1,1791455932.991301,camera_color_optical_frame,1129,640,480,1,434.0,404.1,0.3564,0.6838,0.00202,1,1,1.000,0.9490,0.1718,0.2491,22.88,0.00,1791455933.121437,27,0,0.0
assignment3_kp2_t1,1791455933.024658,camera_color_optical_frame,1130,640,480,1,434.2,403.8,0.3568,0.6823,0.00205,1,1,1.000,0.9490,0.1720,0.2485,18.20,0.00,1791455933.148599,27,0,0.0
assignment3_kp2_t1,1791455933.058015,camera_color_optical_frame,1131,640,480,1,434.3,404.2,0.3573,0.6842,0.00205,1,1,1.000,0.9490,0.1722,0.2493,22.24,0.00,1791455933.182499,27,0,0.0
assignment3_kp2_t1,1791455933.091372,camera_color_optical_frame,1132,640,480,1,434.0,403.9,0.3562,0.6830,0.00199,1,1,1.000,0.9530,0.1724,0.2498,18.29,0.00,1791455933.211726,27,0,0.0
assignment3_kp2_t1,1791455933.124729,camera_color_optical_frame,1133,640,480,1,434.1,404.0,0.3567,0.6834,0.00202,1,1,1.000,0.9530,0.1727,0.2500,19.17,0.00,1791455933.243306,27,0,0.0
assignment3_kp2_t1,1791455933.158086,camera_color_optical_frame,1134,640,480,1,434.3,403.5,0.3571,0.6812,0.00203,1,1,1.000,0.9490,0.1721,0.2481,16.30,0.00,1791455933.270496,27,0,0.0
assignment3_kp2_t1,1791455933.191443,camera_color_optical_frame,1135,640,480,1,434.4,403.6,0.3574,0.6817,0.00207,1,1,1.000,0.9530,0.1730,0.2493,15.11,0.00,1791455933.297740,27,0,0.0
assignment3_kp2_t1,1791455933.224800,camera_color_optical_frame,1136,640,480,1,433.9,404.0,0.3561,0.6832,0.00197,1,1,1.000,0.9490,0.1716,0.2488,13.05,0.00,1791455933.323628,27,0,0.0
assignment3_kp2_t1,1791455933.258161,camera_color_optical_frame,1137,640,480,1,434.3,403.8,0.3572,0.6824,0.00206,1,1,1.000,0.9500,0.1724,0.2488,12.48,0.00,1791455933.351747,27,0,0.0
assignment3_kp2_t1,1791455933.291522,camera_color_optical_frame,1138,640,480,1,434.2,403.6,0.3570,0.6818,0.00201,1,1,1.000,0.9490,0.1721,0.2483,13.82,0.00,1791455933.380061,27,0,0.0
assignment3_kp2_t1,1791455933.324882,camera_color_optical_frame,1139,640,480,1,434.2,403.6,0.3569,0.6819,0.00203,1,1,1.000,0.9540,0.1730,0.2497,10.68,0.00,1791455933.417897,27,0,0.0
assignment3_kp2_t1,1791455933.358243,camera_color_optical_frame,1140,640,480,1,434.2,404.2,0.3567,0.6841,0.00204,1,1,1.000,0.9490,0.1720,0.2492,10.92,0.00,1791455933.457782,27,0,0.0
assignment3_kp2_t1,1791455933.391603,camera_color_optical_frame,1141,640,480,1,434.1,403.9,0.3565,0.6829,0.00200,1,1,1.000,0.9470,0.1715,0.2482,12.88,0.00,1791455933.494576,27,0,0.0
assignment3_kp2_t1,1791455933.424964,camera_color_optical_frame,1142,640,480,1,434.0,404.1,0.3564,0.6838,0.00197,1,1,1.000,0.9510,0.1721,0.2496,12.79,0.00,1791455933.535162,27,0,0.0
assignment3_kp2_t1,1791455933.458324,camera_color_optical_frame,1143,640,480,1,434.2,403.9,0.3567,0.6828,0.00202,1,1,1.000,0.9450,0.1712,0.2477,11.17,0.00,1791455933.574037,27,0,0.0
assignment3_kp2_t1,1791455933.491685,camera_color_optical_frame,1144,640,480,1,434.2,404.1,0.3569,0.6836,0.00202,1,1,1.000,0.9500,0.1722,0.2493,12.92,0.00,1791455933.606705,27,0,0.0
assignment3_kp2_t1,1791455933.525046,camera_color_optical_frame,1145,640,480,1,433.7,404.2,0.3554,0.6841,0.00194,1,1,1.000,0.9510,0.1717,0.2497,15.64,0.00,1791455933.645425,27,0,0.0
assignment3_kp2_t1,1791455933.558406,camera_color_optical_frame,1146,640,480,1,434.1,403.9,0.3565,0.6831,0.00201,1,1,1.000,0.9490,0.1718,0.2488,11.08,0.00,1791455933.675133,27,0,0.0
assignment3_kp2_t1,1791455933.591767,camera_color_optical_frame,1147,640,480,1,433.7,404.3,0.3554,0.6845,0.00195,1,1,1.000,0.9500,0.1715,0.2496,13.56,0.00,1791455933.708100,27,0,0.0
assignment3_kp2_t1,1791455933.625128,camera_color_optical_frame,1148,640,480,1,434.3,404.0,0.3571,0.6831,0.00206,1,1,1.000,0.9500,0.1723,0.2491,12.13,0.00,1791455933.743683,27,0,0.0
assignment3_kp2_t1,1791455933.658488,camera_color_optical_frame,1149,640,480,1,434.3,403.5,0.3572,0.6814,0.00203,1,1,1.000,0.9460,0.1716,0.2474,12.04,0.00,1791455933.776681,27,0,0.0
assignment3_kp2_t1,1791455933.691849,camera_color_optical_frame,1150,640,480,1,434.4,404.1,0.3576,0.6836,0.00210,1,1,1.000,0.9490,0.1724,0.2490,12.09,0.00,1791455933.809035,27,0,0.0
assignment3_kp2_t1,1791455933.725210,camera_color_optical_frame,1151,640,480,1,434.0,403.6,0.3563,0.6818,0.00200,1,1,1.000,0.9470,0.1714,0.2478,13.78,0.00,1791455933.843122,27,0,0.0
assignment3_kp2_t1,1791455933.758570,camera_color_optical_frame,1152,640,480,1,433.8,403.9,0.3555,0.6830,0.00194,1,1,1.000,0.9490,0.1714,0.2488,12.02,0.00,1791455933.879186,27,0,0.0
assignment3_kp2_t1,1791455933.791931,camera_color_optical_frame,1153,640,480,1,434.0,403.6,0.3562,0.6819,0.00195,1,1,1.000,0.9460,0.1711,0.2476,10.82,0.00,1791455933.913157,27,0,0.0
assignment3_kp2_t1,1791455933.825292,camera_color_optical_frame,1154,640,480,1,433.7,403.9,0.3554,0.6831,0.00191,1,1,1.000,0.9500,0.1715,0.2491,13.41,0.00,1791455933.945358,27,0,0.0
assignment3_kp2_t1,1791455933.858653,camera_color_optical_frame,1155,640,480,1,434.3,403.8,0.3573,0.6826,0.00209,1,1,1.000,0.9530,0.1730,0.2497,12.51,0.00,1791455933.982350,27,0,0.0
assignment3_kp2_t1,1791455933.892013,camera_color_optical_frame,1156,640,480,1,434.2,404.0,0.3570,0.6834,0.00206,1,1,1.000,0.9500,0.1723,0.2492,10.96,0.00,1791455934.020065,27,0,0.0
assignment3_kp2_t1,1791455933.925374,camera_color_optical_frame,1157,640,480,1,434.2,403.5,0.3570,0.6813,0.00206,1,1,1.000,0.9490,0.1721,0.2482,11.99,0.00,1791455934.053763,27,0,0.0
assignment3_kp2_t1,1791455933.958735,camera_color_optical_frame,1158,640,480,1,434.1,403.8,0.3567,0.6824,0.00204,1,1,1.000,0.9470,0.1716,0.2480,12.38,0.00,1791455934.087066,27,0,0.0
assignment3_kp2_t1,1791455933.992096,camera_color_optical_frame,1159,640,480,1,433.5,404.2,0.3548,0.6840,0.00188,1,1,1.000,0.9490,0.1710,0.2492,13.61,0.00,1791455934.122856,27,0,0.0
assignment3_kp2_t1,1791455934.025457,camera_color_optical_frame,1160,640,480,1,433.8,404.2,0.3557,0.6840,0.00195,1,1,1.000,0.9510,0.1718,0.2497,10.44,0.00,1791455934.156485,27,0,0.0
assignment3_kp2_t1,1791455934.058817,camera_color_optical_frame,1161,640,480,1,434.1,403.8,0.3566,0.6824,0.00203,1,1,1.000,0.9490,0.1719,0.2486,10.37,0.00,1791455934.191190,27,0,0.0
assignment3_kp2_t1,1791455934.092178,camera_color_optical_frame,1162,640,480,1,434.2,403.8,0.3568,0.6824,0.00205,1,1,1.000,0.9500,0.1722,0.2488,12.47,0.00,1791455934.223880,27,0,0.0
assignment3_kp2_t1,1791455934.125540,camera_color_optical_frame,1163,640,480,1,434.0,403.9,0.3561,0.6827,0.00199,1,1,1.000,0.9490,0.1717,0.2487,10.77,0.00,1791455934.260171,27,0,0.0
assignment3_kp2_t1,1791455934.158900,camera_color_optical_frame,1164,640,480,1,433.9,404.0,0.3560,0.6832,0.00195,1,1,1.000,0.9500,0.1718,0.2491,10.87,0.00,1791455934.295078,27,0,0.0
assignment3_kp2_t1,1791455934.192255,camera_color_optical_frame,1165,640,480,1,433.7,403.9,0.3553,0.6830,0.00192,1,1,1.000,0.9490,0.1713,0.2488,10.26,0.00,1791455934.327737,27,0,0.0
assignment3_kp2_t1,1791455934.225610,camera_color_optical_frame,1166,640,480,1,433.9,403.8,0.3559,0.6824,0.00193,1,1,1.000,0.9470,0.1712,0.2480,11.47,0.00,1791455934.361009,27,0,0.0
assignment3_kp2_t1,1791455934.258965,camera_color_optical_frame,1167,640,480,1,434.3,404.0,0.3573,0.6833,0.00205,1,1,1.000,0.9510,0.1726,0.2494,10.72,0.00,1791455934.396924,27,0,0.0
assignment3_kp2_t1,1791455934.292320,camera_color_optical_frame,1168,640,480,1,434.3,404.2,0.3572,0.6840,0.00208,1,1,1.000,0.9500,0.1724,0.2494,10.36,0.00,1791455934.428054,27,0,0.0
assignment3_kp2_t1,1791455934.325675,camera_color_optical_frame,1169,640,480,1,434.3,404.0,0.3572,0.6833,0.00208,1,1,1.000,0.9470,0.1718,0.2484,14.21,0.00,1791455934.467451,27,0,0.0
assignment3_kp2_t1,1791455934.359030,camera_color_optical_frame,1170,640,480,1,434.2,403.5,0.3568,0.6813,0.00205,1,1,1.000,0.9500,0.1722,0.2484,11.29,0.00,1791455934.494772,27,0,0.0
assignment3_kp2_t1,1791455934.392385,camera_color_optical_frame,1171,640,480,1,434.2,403.7,0.3569,0.6820,0.00202,1,1,1.000,0.9500,0.1722,0.2487,10.58,0.00,1791455934.526026,27,0,0.0
assignment3_kp2_t1,1791455934.425740,camera_color_optical_frame,1172,640,480,1,434.2,403.7,0.3568,0.6819,0.00203,1,1,1.000,0.9490,0.1720,0.2484,10.02,0.00,1791455934.560436,27,0,0.0
assignment3_kp2_t1,1791455934.459094,camera_color_optical_frame,1173,640,480,1,434.2,404.2,0.3569,0.6842,0.00205,1,1,1.000,0.9460,0.1715,0.2485,11.21,0.00,1791455934.595373,27,0,0.0
assignment3_kp2_t1,1791455934.492449,camera_color_optical_frame,1174,640,480,1,433.9,403.7,0.3559,0.6821,0.00200,1,1,1.000,0.9510,0.1719,0.2490,11.80,0.00,1791455934.625656,27,0,0.0
assignment3_kp2_t1,1791455934.525804,camera_color_optical_frame,1175,640,480,1,434.0,403.7,0.3563,0.6822,0.00202,1,1,1.000,0.9460,0.1712,0.2477,10.93,0.00,1791455934.660786,27,0,0.0
assignment3_kp2_t1,1791455934.559159,camera_color_optical_frame,1176,640,480,1,434.0,403.7,0.3561,0.6821,0.00198,1,1,1.000,0.9540,0.1726,0.2498,15.62,0.00,1791455934.701493,27,0,0.0
assignment3_kp2_t1,1791455934.659223,camera_color_optical_frame,1177,640,480,1,434.3,403.9,0.3571,0.6830,0.00205,1,0,,,,,6.93,100.06,1791455934.715426,27,0,0.0
assignment3_kp2_t1,1791455934.692578,camera_color_optical_frame,1178,640,480,1,434.4,404.1,0.3574,0.6839,0.00209,1,1,1.000,0.9510,0.1727,0.2496,13.80,0.00,1791455934.774439,27,0,0.0
assignment3_kp2_t1,1791455934.725933,camera_color_optical_frame,1179,640,480,1,434.2,403.9,0.3568,0.6830,0.00204,1,1,1.000,0.9460,0.1715,0.2480,14.49,0.00,1791455934.809666,27,0,0.0
assignment3_kp2_t1,1791455934.759288,camera_color_optical_frame,1180,640,480,1,433.9,404.1,0.3560,0.6839,0.00197,1,1,1.000,0.9510,0.1720,0.2496,10.70,0.00,1791455934.846121,27,0,0.0
assignment3_kp2_t1,1791455934.792643,camera_color_optical_frame,1181,640,480,1,434.4,404.1,0.3574,0.6836,0.00208,1,1,1.000,0.9470,0.1719,0.2485,12.29,0.00,1791455934.878531,27,0,0.0
assignment3_kp2_t1,1791455934.825997,camera_color_optical_frame,1182,640,480,1,434.1,404.0,0.3565,0.6833,0.00201,1,1,1.000,0.9510,0.1722,0.2494,16.12,0.00,1791455934.914168,27,0,0.0
assignment3_kp2_t1,1791455934.859352,camera_color_optical_frame,1183,640,480,1,434.1,403.7,0.3565,0.6821,0.00201,1,1,1.000,0.9510,0.1722,0.2490,12.63,0.00,1791455934.945630,27,0,0.0
assignment3_kp2_t1,1791455934.892707,camera_color_optical_frame,1184,640,480,1,433.9,404.1,0.3561,0.6838,0.00196,1,1,1.000,0.9500,0.1718,0.2494,14.84,0.00,1791455934.977258,27,0,0.0
assignment3_kp2_t1,1791455934.926062,camera_color_optical_frame,1185,640,480,1,434.3,404.0,0.3571,0.6832,0.00206,1,1,1.000,0.9440,0.1712,0.2475,13.52,0.00,1791455935.010711,27,0,0.0
assignment3_kp2_t1,1791455934.959417,camera_color_optical_frame,1186,640,480,1,434.2,404.0,0.3569,0.6833,0.00206,1,1,1.000,0.9495,0.1722,0.2490,14.34,0.00,1791455935.043304,27,0,0.0
assignment3_kp2_t1,1791455934.992771,camera_color_optical_frame,1187,640,480,1,434.1,404.3,0.3566,0.6847,0.00202,1,1,1.000,0.9530,0.1726,0.2505,12.35,0.00,1791455935.080889,27,0,0.0
assignment3_kp2_t1,1791455935.026126,camera_color_optical_frame,1188,640,480,1,434.0,404.1,0.3564,0.6839,0.00200,1,1,1.000,0.9500,0.1720,0.2494,12.31,0.00,1791455935.109725,27,0,0.0
assignment3_kp2_t1,1791455935.059481,camera_color_optical_frame,1189,640,480,1,433.9,403.7,0.3560,0.6821,0.00197,1,1,1.000,0.9510,0.1720,0.2490,12.30,0.00,1791455935.145165,27,0,0.0
assignment3_kp2_t1,1791455935.092835,camera_color_optical_frame,1190,640,480,1,434.1,404.2,0.3565,0.6840,0.00201,1,1,1.000,0.9470,0.1715,0.2486,14.23,0.00,1791455935.176491,27,0,0.0
assignment3_kp2_t1,1791455935.126190,camera_color_optical_frame,1191,640,480,1,433.9,404.4,0.3560,0.6849,0.00197,1,1,1.000,0.9490,0.1716,0.2495,14.96,0.00,1791455935.209191,27,0,0.0
assignment3_kp2_t1,1791455935.159545,camera_color_optical_frame,1192,640,480,1,434.1,403.8,0.3565,0.6823,0.00200,1,1,1.000,0.9470,0.1715,0.2480,14.76,0.00,1791455935.243458,27,0,0.0
assignment3_kp2_t1,1791455935.192903,camera_color_optical_frame,1193,640,480,1,434.1,404.0,0.3567,0.6833,0.00201,1,1,1.000,0.9440,0.1710,0.2476,13.68,0.00,1791455935.276181,27,0,0.0
assignment3_kp2_t1,1791455935.226260,camera_color_optical_frame,1194,640,480,1,433.6,404.0,0.3550,0.6832,0.00192,1,1,1.000,0.9510,0.1714,0.2494,12.85,0.00,1791455935.311794,27,0,0.0
assignment3_kp2_t1,1791455935.259619,camera_color_optical_frame,1195,640,480,1,434.2,404.0,0.3568,0.6833,0.00205,1,1,1.000,0.9540,0.1729,0.2502,10.24,0.00,1791455935.347848,27,0,0.0
assignment3_kp2_t1,1791455935.292979,camera_color_optical_frame,1196,640,480,1,434.0,403.8,0.3563,0.6825,0.00198,1,1,1.000,0.9510,0.1721,0.2491,16.87,0.00,1791455935.381122,27,0,0.0
assignment3_kp2_t1,1791455935.326339,camera_color_optical_frame,1197,640,480,1,434.2,403.9,0.3568,0.6830,0.00202,1,1,1.000,0.9500,0.1722,0.2490,13.68,0.00,1791455935.410598,27,0,0.0
assignment3_kp2_t1,1791455935.359699,camera_color_optical_frame,1198,640,480,1,433.7,404.2,0.3553,0.6841,0.00192,1,1,1.000,0.9500,0.1714,0.2494,12.92,0.00,1791455935.445603,27,0,0.0
assignment3_kp2_t1,1791455935.393059,camera_color_optical_frame,1199,640,480,1,434.0,403.8,0.3563,0.6824,0.00199,1,1,1.000,0.9500,0.1719,0.2488,11.08,0.00,1791455935.481078,27,0,0.0
assignment3_kp2_t1,1791455935.426419,camera_color_optical_frame,1200,640,480,1,433.9,403.8,0.3559,0.6824,0.00198,1,1,1.000,0.9500,0.1717,0.2488,11.56,0.00,1791455935.513052,27,0,0.0
assignment3_kp2_t1,1791455935.459778,camera_color_optical_frame,1201,640,480,1,434.3,403.9,0.3571,0.6830,0.00208,1,1,1.000,0.9510,0.1725,0.2493,13.38,0.00,1791455935.546994,27,0,0.0
assignment3_kp2_t1,1791455935.493138,camera_color_optical_frame,1202,640,480,1,433.9,404.2,0.3559,0.6842,0.00198,1,1,1.000,0.9530,0.1723,0.2503,12.11,0.00,1791455935.585271,27,0,0.0
assignment3_kp2_t1,1791455935.526498,camera_color_optical_frame,1203,640,480,1,434.1,403.8,0.3566,0.6826,0.00204,1,1,1.000,0.9490,0.1719,0.2486,9.80,0.00,1791455935.622708,27,0,0.0
assignment3_kp2_t1,1791455935.559858,camera_color_optical_frame,1204,640,480,1,434.0,403.8,0.3562,0.6823,0.00199,1,1,1.000,0.9510,0.1721,0.2490,10.71,0.00,1791455935.658860,27,0,0.0
assignment3_kp2_t1,1791455935.593218,camera_color_optical_frame,1205,640,480,1,434.1,404.1,0.3567,0.6839,0.00202,1,1,1.000,0.9440,0.1710,0.2478,11.11,0.00,1791455935.692156,27,0,0.0
assignment3_kp2_t1,1791455935.626578,camera_color_optical_frame,1206,640,480,1,433.8,404.1,0.3558,0.6838,0.00196,1,1,1.000,0.9510,0.1718,0.2496,12.62,0.00,1791455935.726412,27,0,0.0
assignment3_kp2_t1,1791455935.659938,camera_color_optical_frame,1207,640,480,1,433.9,403.6,0.3559,0.6818,0.00198,1,1,1.000,0.9530,0.1723,0.2494,10.25,0.00,1791455935.761027,27,0,0.0
assignment3_kp2_t1,1791455935.693298,camera_color_optical_frame,1208,640,480,1,434.0,404.2,0.3562,0.6841,0.00200,1,1,1.000,0.9490,0.1717,0.2492,9.33,0.00,1791455935.791715,27,0,0.0
assignment3_kp2_t1,1791455935.726658,camera_color_optical_frame,1209,640,480,1,434.0,404.2,0.3564,0.6843,0.00200,1,0,,,,,10.40,33.36,1791455935.810336,27,0,0.0
assignment3_kp2_t1,1791455935.760018,camera_color_optical_frame,1210,640,480,1,434.1,404.1,0.3566,0.6837,0.00204,1,1,1.000,0.9470,0.1715,0.2485,13.31,0.00,1791455935.845869,27,0,0.0
assignment3_kp2_t1,1791455935.793378,camera_color_optical_frame,1211,640,480,1,434.1,403.9,0.3566,0.6829,0.00203,1,1,1.000,0.9490,0.1719,0.2488,12.11,0.00,1791455935.879156,27,0,0.0
assignment3_kp2_t1,1791455935.826737,camera_color_optical_frame,1212,640,480,1,434.4,403.8,0.3574,0.6826,0.00206,1,0,,,,,9.22,33.36,1791455935.895160,27,0,0.0
assignment3_kp2_t1,1791455935.860098,camera_color_optical_frame,1213,640,480,1,434.3,404.1,0.3573,0.6837,0.00206,1,1,1.000,0.9510,0.1726,0.2496,16.32,0.00,1791455935.942356,27,0,0.0
assignment3_kp2_t1,1791455935.893457,camera_color_optical_frame,1214,640,480,1,433.8,404.2,0.3557,0.6843,0.00192,1,1,1.000,0.9470,0.1711,0.2488,9.11,0.00,1791455935.971694,27,0,0.0
assignment3_kp2_t1,1791455935.926817,camera_color_optical_frame,1215,640,480,1,434.1,403.6,0.3567,0.6816,0.00199,1,0,,,,,6.35,33.36,1791455935.987308,27,0,0.0
assignment3_kp2_t1,1791455935.960177,camera_color_optical_frame,1216,640,480,1,434.1,404.0,0.3564,0.6833,0.00202,1,1,1.000,0.9490,0.1718,0.2489,9.99,0.00,1791455936.035344,27,0,0.0
assignment3_kp2_t1,1791455935.993537,camera_color_optical_frame,1217,640,480,1,434.0,404.1,0.3562,0.6837,0.00198,1,1,1.000,0.9460,0.1712,0.2483,9.94,0.00,1791455936.082501,27,0,0.0
assignment3_kp2_t1,1791455936.026897,camera_color_optical_frame,1218,640,480,1,434.1,403.7,0.3565,0.6820,0.00199,1,1,1.000,0.9470,0.1715,0.2479,10.72,0.00,1791455936.116469,27,0,0.0
assignment3_kp2_t1,1791455936.060258,camera_color_optical_frame,1219,640,480,1,433.9,403.6,0.3558,0.6818,0.00198,1,1,1.000,0.9490,0.1715,0.2483,13.28,0.00,1791455936.145378,27,0,0.0
assignment3_kp2_t1,1791455936.093618,camera_color_optical_frame,1220,640,480,1,434.3,404.5,0.3571,0.6853,0.00205,1,1,1.000,0.9470,0.1718,0.2491,14.04,0.00,1791455936.179344,27,0,0.0
assignment3_kp2_t1,1791455936.126978,camera_color_optical_frame,1221,640,480,1,433.9,404.3,0.3558,0.6847,0.00194,1,1,1.000,0.9470,0.1712,0.2489,13.06,0.00,1791455936.220381,27,0,0.0
assignment3_kp2_t1,1791455936.160338,camera_color_optical_frame,1222,640,480,1,434.4,404.2,0.3575,0.6840,0.00210,1,1,1.000,0.9510,0.1727,0.2497,12.18,0.00,1791455936.248236,27,0,0.0
assignment3_kp2_t1,1791455936.193698,camera_color_optical_frame,1223,640,480,1,433.7,404.3,0.3553,0.6846,0.00191,1,1,1.000,0.9490,0.1713,0.2494,13.71,0.00,1791455936.278081,27,0,0.0
assignment3_kp2_t1,1791455936.227058,camera_color_optical_frame,1224,640,480,1,434.1,403.9,0.3565,0.6828,0.00200,1,1,1.000,0.9470,0.1715,0.2482,12.82,0.00,1791455936.314746,27,0,0.0
assignment3_kp2_t1,1791455936.260419,camera_color_optical_frame,1225,640,480,1,434.4,404.0,0.3575,0.6834,0.00210,1,1,1.000,0.9470,0.1720,0.2484,11.57,0.00,1791455936.351637,27,0,0.0
assignment3_kp2_t1,1791455936.293779,camera_color_optical_frame,1226,640,480,1,434.0,404.5,0.3562,0.6853,0.00198,1,1,1.000,0.9510,0.1721,0.2502,13.41,0.00,1791455936.385691,27,0,0.0
assignment3_kp2_t1,1791455936.327140,camera_color_optical_frame,1227,640,480,1,434.0,404.3,0.3562,0.6846,0.00198,1,1,1.000,0.9500,0.1719,0.2496,11.39,0.00,1791455936.423161,27,0,0.0
assignment3_kp2_t1,1791455936.360501,camera_color_optical_frame,1228,640,480,1,434.1,404.1,0.3565,0.6836,0.00201,1,1,1.000,0.9470,0.1715,0.2485,11.07,0.00,1791455936.458516,27,0,0.0
assignment3_kp2_t1,1791455936.393861,camera_color_optical_frame,1229,640,480,1,434.3,404.1,0.3572,0.6837,0.00207,1,1,1.000,0.9510,0.1726,0.2496,12.12,0.00,1791455936.492142,27,0,0.0
assignment3_kp2_t1,1791455936.427222,camera_color_optical_frame,1230,640,480,1,434.4,403.9,0.3574,0.6831,0.00208,1,1,1.000,0.9500,0.1725,0.2491,11.26,0.00,1791455936.527291,27,0,0.0
assignment3_kp2_t1,1791455936.460582,camera_color_optical_frame,1231,640,480,1,434.0,403.8,0.3562,0.6826,0.00199,1,1,1.000,0.9490,0.1717,0.2486,13.68,0.00,1791455936.564219,27,0,0.0
assignment3_kp2_t1,1791455936.493943,camera_color_optical_frame,1232,640,480,1,433.8,404.2,0.3558,0.6841,0.00196,1,1,1.000,0.9560,0.1728,0.2510,11.07,0.00,1791455936.597738,27,0,0.0
assignment3_kp2_t1,1791455936.527304,camera_color_optical_frame,1233,640,480,1,433.9,404.2,0.3558,0.6844,0.00195,1,1,1.000,0.9470,0.1712,0.2488,10.13,0.00,1791455936.632401,27,0,0.0
assignment3_kp2_t1,1791455936.560665,camera_color_optical_frame,1234,640,480,1,434.2,403.8,0.3569,0.6824,0.00203,1,1,1.000,0.9460,0.1715,0.2478,12.14,0.00,1791455936.664023,27,0,0.0
assignment3_kp2_t1,1791455936.594026,camera_color_optical_frame,1235,640,480,1,433.5,404.0,0.3547,0.6834,0.00190,1,1,1.000,0.9500,0.1711,0.2492,11.17,0.00,1791455936.698964,27,0,0.0
assignment3_kp2_t1,1791455936.627387,camera_color_optical_frame,1236,640,480,1,434.1,404.4,0.3566,0.6852,0.00201,1,1,1.000,0.9510,0.1723,0.2501,9.67,0.00,1791455936.734663,27,0,0.0
assignment3_kp2_t1,1791455936.660747,camera_color_optical_frame,1237,640,480,1,434.3,403.9,0.3572,0.6827,0.00206,1,1,1.000,0.9490,0.1722,0.2487,12.07,0.00,1791455936.766129,27,0,0.0
assignment3_kp2_t1,1791455936.694108,camera_color_optical_frame,1238,640,480,1,433.8,404.5,0.3556,0.6855,0.00193,1,1,1.000,0.9490,0.1714,0.2497,12.04,0.00,1791455936.800549,27,0,0.0
assignment3_kp2_t1,1791455936.727469,camera_color_optical_frame,1239,640,480,1,434.2,403.6,0.3569,0.6816,0.00204,1,1,1.000,0.9500,0.1723,0.2485,12.64,0.00,1791455936.836611,27,0,0.0
assignment3_kp2_t1,1791455936.760830,camera_color_optical_frame,1240,640,480,1,434.2,404.2,0.3568,0.6844,0.00201,1,1,1.000,0.9500,0.1722,0.2496,11.84,0.00,1791455936.868867,27,0,0.0
assignment3_kp2_t1,1791455936.794191,camera_color_optical_frame,1241,640,480,1,434.0,403.9,0.3563,0.6828,0.00197,1,1,1.000,0.9510,0.1721,0.2492,13.87,0.00,1791455936.904472,27,0,0.0
assignment3_kp2_t1,1791455936.827552,camera_color_optical_frame,1242,640,480,1,434.2,403.8,0.3567,0.6824,0.00203,1,1,1.000,0.9510,0.1723,0.2491,13.27,0.00,1791455936.940450,27,0,0.0
assignment3_kp2_t1,1791455936.860913,camera_color_optical_frame,1243,640,480,1,434.3,403.8,0.3573,0.6827,0.00206,1,1,1.000,0.9510,0.1726,0.2492,12.38,0.00,1791455936.972715,27,0,0.0
assignment3_kp2_t1,1791455936.894274,camera_color_optical_frame,1244,640,480,1,434.0,403.9,0.3564,0.6828,0.00202,1,1,1.000,0.9500,0.1720,0.2490,11.87,0.00,1791455937.002191,27,0,0.0
assignment3_kp2_t1,1791455936.927635,camera_color_optical_frame,1245,640,480,1,434.0,404.1,0.3562,0.6836,0.00197,1,1,1.000,0.9510,0.1721,0.2495,12.46,0.00,1791455937.037762,27,0,0.0
assignment3_kp2_t1,1791455936.960996,camera_color_optical_frame,1246,640,480,1,434.1,404.2,0.3565,0.6843,0.00201,1,1,1.000,0.9510,0.1722,0.2498,10.79,0.00,1791455937.068319,27,0,0.0
assignment3_kp2_t1,1791455936.994357,camera_color_optical_frame,1247,640,480,1,434.5,404.1,0.3577,0.6839,0.00210,1,1,1.000,0.9470,0.1721,0.2486,10.98,0.00,1791455937.100537,27,0,0.0
assignment3_kp2_t1,1791455937.027718,camera_color_optical_frame,1248,640,480,1,433.8,404.1,0.3558,0.6836,0.00195,1,1,1.000,0.9440,0.1706,0.2477,13.03,0.00,1791455937.129770,27,0,0.0
assignment3_kp2_t1,1791455937.061079,camera_color_optical_frame,1249,640,480,1,434.2,403.8,0.3569,0.6824,0.00204,1,1,1.000,0.9500,0.1722,0.2488,11.46,0.00,1791455937.165102,27,0,0.0
assignment3_kp2_t1,1791455937.094440,camera_color_optical_frame,1250,640,480,1,434.1,404.0,0.3566,0.6834,0.00200,1,1,1.000,0.9470,0.1715,0.2484,10.25,0.00,1791455937.197685,27,0,0.0
assignment3_kp2_t1,1791455937.127801,camera_color_optical_frame,1251,640,480,1,434.2,403.6,0.3569,0.6819,0.00204,1,1,1.000,0.9460,0.1715,0.2476,10.74,0.00,1791455937.229265,27,0,0.0
assignment3_kp2_t1,1791455937.161162,camera_color_optical_frame,1252,640,480,1,434.3,403.7,0.3571,0.6823,0.00204,1,1,1.000,0.9440,0.1712,0.2472,10.53,0.00,1791455937.265889,27,0,0.0
assignment3_kp2_t1,1791455937.194524,camera_color_optical_frame,1253,640,480,1,434.0,403.8,0.3563,0.6823,0.00197,1,1,1.000,0.9500,0.1719,0.2488,10.68,0.00,1791455937.294938,27,0,0.0
assignment3_kp2_t1,1791455937.227879,camera_color_optical_frame,1254,640,480,1,433.6,404.0,0.3551,0.6834,0.00192,1,1,1.000,0.9500,0.1714,0.2492,11.96,0.00,1791455937.327128,27,0,0.0
assignment3_kp2_t1,1791455937.261234,camera_color_optical_frame,1255,640,480,1,434.1,403.7,0.3566,0.6823,0.00203,1,1,1.000,0.9460,0.1714,0.2477,11.59,0.00,1791455937.361578,27,0,0.0
assignment3_kp2_t1,1791455937.294588,camera_color_optical_frame,1256,640,480,1,434.2,403.6,0.3568,0.6816,0.00206,1,1,1.000,0.9510,0.1724,0.2488,12.49,0.00,1791455937.396049,27,0,0.0
assignment3_kp2_t1,1791455937.327943,camera_color_optical_frame,1257,640,480,1,434.1,403.8,0.3565,0.6823,0.00203,1,1,1.000,0.9500,0.1721,0.2488,12.00,0.00,1791455937.429223,27,0,0.0
assignment3_kp2_t1,1791455937.361298,camera_color_optical_frame,1258,640,480,1,434.1,403.8,0.3565,0.6824,0.00202,1,1,1.000,0.9490,0.1718,0.2486,10.85,0.00,1791455937.464278,27,0,0.0
assignment3_kp2_t1,1791455937.394653,camera_color_optical_frame,1259,640,480,1,434.0,403.9,0.3562,0.6828,0.00199,1,1,1.000,0.9470,0.1714,0.2482,16.97,0.00,1791455937.507335,27,0,0.0
assignment3_kp2_t1,1791455937.428007,camera_color_optical_frame,1260,640,480,1,434.0,404.3,0.3563,0.6847,0.00196,1,1,1.000,0.9440,0.1708,0.2481,11.35,0.00,1791455937.533871,27,0,0.0
assignment3_kp2_t1,1791455937.461362,camera_color_optical_frame,1261,640,480,1,434.1,403.7,0.3565,0.6821,0.00199,1,1,1.000,0.9500,0.1720,0.2487,11.57,0.00,1791455937.564080,27,0,0.0
assignment3_kp2_t1,1791455937.494717,camera_color_optical_frame,1262,640,480,1,433.9,403.8,0.3558,0.6823,0.00197,1,1,1.000,0.9510,0.1719,0.2490,12.19,0.00,1791455937.595645,27,0,0.0
assignment3_kp2_t1,1791455937.528071,camera_color_optical_frame,1263,640,480,1,434.0,404.0,0.3562,0.6835,0.00200,1,1,1.000,0.9510,0.1721,0.2495,10.82,0.00,1791455937.630710,27,0,0.0
assignment3_kp2_t1,1791455937.561426,camera_color_optical_frame,1264,640,480,1,433.8,404.1,0.3558,0.6837,0.00195,1,1,1.000,0.9540,0.1724,0.2504,12.04,0.00,1791455937.664916,27,0,0.0
assignment3_kp2_t1,1791455937.594780,camera_color_optical_frame,1265,640,480,1,434.4,403.8,0.3574,0.6826,0.00205,1,1,1.000,0.9460,0.1717,0.2478,16.89,0.00,1791455937.703246,27,0,0.0
assignment3_kp2_t1,1791455937.628135,camera_color_optical_frame,1266,640,480,1,433.9,404.0,0.3559,0.6833,0.00195,1,1,1.000,0.9510,0.1719,0.2494,22.72,0.00,1791455937.746366,27,0,0.0
assignment3_kp2_t1,1791455937.661489,camera_color_optical_frame,1267,640,480,1,434.3,403.9,0.3571,0.6828,0.00208,1,1,1.000,0.9440,0.1712,0.2474,22.61,0.00,1791455937.777731,27,0,0.0
assignment3_kp2_t1,1791455937.694844,camera_color_optical_frame,1268,640,480,1,434.1,403.9,0.3565,0.6831,0.00200,1,1,1.000,0.9510,0.1722,0.2493,17.70,0.00,1791455937.806523,27,0,0.0
assignment3_kp2_t1,1791455937.728199,camera_color_optical_frame,1269,640,480,1,433.9,404.1,0.3558,0.6839,0.00197,1,1,1.000,0.9510,0.1719,0.2496,16.81,0.00,1791455937.835097,27,0,0.0
assignment3_kp2_t1,1791455937.761553,camera_color_optical_frame,1270,640,480,1,433.9,404.0,0.3559,0.6831,0.00199,1,1,1.000,0.9500,0.1717,0.2491,13.37,0.00,1791455937.859866,27,0,0.0
assignment3_kp2_t1,1791455937.794908,camera_color_optical_frame,1271,640,480,1,434.1,404.3,0.3565,0.6845,0.00200,1,1,1.000,0.9510,0.1722,0.2499,10.94,0.00,1791455937.884520,27,0,0.0
assignment3_kp2_t1,1791455937.828262,camera_color_optical_frame,1272,640,480,1,433.9,404.0,0.3560,0.6833,0.00198,1,1,1.000,0.9510,0.1719,0.2494,11.53,0.00,1791455937.917420,27,0,0.0
assignment3_kp2_t1,1791455937.861616,camera_color_optical_frame,1273,640,480,1,433.9,404.2,0.3558,0.6842,0.00196,1,1,1.000,0.9470,0.1712,0.2487,10.63,0.00,1791455937.954290,27,0,0.0
assignment3_kp2_t1,1791455937.894971,camera_color_optical_frame,1274,640,480,1,433.7,404.1,0.3553,0.6836,0.00193,1,1,1.000,0.9500,0.1714,0.2493,12.39,0.00,1791455937.982410,27,0,0.0
assignment3_kp2_t1,1791455937.928325,camera_color_optical_frame,1275,640,480,1,433.7,404.3,0.3554,0.6845,0.00193,1,1,1.000,0.9510,0.1717,0.2499,14.03,0.00,1791455938.017182,27,0,0.0
assignment3_kp2_t1,1791455937.961679,camera_color_optical_frame,1276,640,480,1,433.8,404.2,0.3555,0.6840,0.00190,1,1,1.000,0.9500,0.1715,0.2494,13.86,0.00,1791455938.050068,27,0,0.0
assignment3_kp2_t1,1791455937.995034,camera_color_optical_frame,1277,640,480,1,433.6,404.1,0.3551,0.6839,0.00193,1,1,1.000,0.9510,0.1715,0.2496,14.06,0.00,1791455938.084474,27,0,0.0
assignment3_kp2_t1,1791455938.028388,camera_color_optical_frame,1278,640,480,1,434.1,404.2,0.3566,0.6842,0.00201,1,1,1.000,0.9470,0.1715,0.2487,12.15,0.00,1791455938.121156,27,0,0.0
assignment3_kp2_t1,1791455938.061742,camera_color_optical_frame,1279,640,480,1,433.9,403.9,0.3559,0.6829,0.00197,1,1,1.000,0.9500,0.1717,0.2490,11.23,0.00,1791455938.158575,27,0,0.0
assignment3_kp2_t1,1791455938.095096,camera_color_optical_frame,1280,640,480,1,434.0,404.0,0.3562,0.6835,0.00198,1,1,1.000,0.9510,0.1720,0.2495,11.63,0.00,1791455938.186527,27,0,0.0
assignment3_kp2_t1,1791455938.128451,camera_color_optical_frame,1281,640,480,1,433.8,403.9,0.3557,0.6828,0.00195,1,1,1.000,0.9500,0.1716,0.2490,11.14,0.00,1791455938.225567,27,0,0.0
assignment3_kp2_t1,1791455938.161805,camera_color_optical_frame,1282,640,480,1,433.5,404.2,0.3548,0.6841,0.00187,1,1,1.000,0.9490,0.1710,0.2492,11.28,0.00,1791455938.257485,27,0,0.0
assignment3_kp2_t1,1791455938.195159,camera_color_optical_frame,1283,640,480,1,433.6,404.3,0.3551,0.6845,0.00191,1,1,1.000,0.9500,0.1713,0.2496,13.29,0.00,1791455938.290079,27,0,0.0
assignment3_kp2_t1,1791455938.228517,camera_color_optical_frame,1284,640,480,1,433.5,404.1,0.3548,0.6838,0.00188,1,1,1.000,0.9510,0.1714,0.2496,9.94,0.00,1791455938.326871,27,0,0.0
assignment3_kp2_t1,1791455938.261872,camera_color_optical_frame,1285,640,480,1,433.7,403.9,0.3552,0.6827,0.00189,1,1,1.000,0.9500,0.1714,0.2489,10.15,0.00,1791455938.357987,27,0,0.0
assignment3_kp2_t1,1791455938.295227,camera_color_optical_frame,1286,640,480,1,433.5,404.1,0.3548,0.6839,0.00189,1,1,1.000,0.9500,0.1712,0.2494,11.53,0.00,1791455938.387638,27,0,0.0
assignment3_kp2_t1,1791455938.328582,camera_color_optical_frame,1287,640,480,1,433.7,404.3,0.3552,0.6846,0.00191,1,1,1.000,0.9490,0.1712,0.2494,11.64,0.00,1791455938.424739,27,0,0.0
assignment3_kp2_t1,1791455938.361937,camera_color_optical_frame,1288,640,480,1,433.6,404.4,0.3551,0.6849,0.00192,1,1,1.000,0.9490,0.1712,0.2495,13.28,0.00,1791455938.458499,27,0,0.0
assignment3_kp2_t1,1791455938.395292,camera_color_optical_frame,1289,640,480,1,433.7,404.2,0.3554,0.6841,0.00194,1,1,1.000,0.9540,0.1722,0.2505,13.53,0.00,1791455938.490856,27,0,0.0
assignment3_kp2_t1,1791455938.428648,camera_color_optical_frame,1290,640,480,1,433.9,404.2,0.3561,0.6840,0.00198,1,1,1.000,0.9470,0.1713,0.2486,11.62,0.00,1791455938.519046,27,0,0.0
assignment3_kp2_t1,1791455938.462003,camera_color_optical_frame,1291,640,480,1,433.5,404.1,0.3548,0.6840,0.00189,1,1,1.000,0.9470,0.1707,0.2486,13.12,0.00,1791455938.554057,27,0,0.0
assignment3_kp2_t1,1791455938.495358,camera_color_optical_frame,1292,640,480,1,433.5,404.2,0.3548,0.6841,0.00189,1,1,1.000,0.9470,0.1706,0.2487,14.81,0.00,1791455938.579526,27,0,0.0
assignment3_kp2_t1,1791455938.528713,camera_color_optical_frame,1293,640,480,1,433.8,404.0,0.3555,0.6834,0.00196,1,1,1.000,0.9530,0.1721,0.2500,13.82,0.00,1791455938.614041,27,0,0.0
assignment3_kp2_t1,1791455938.562068,camera_color_optical_frame,1294,640,480,1,433.7,404.2,0.3552,0.6842,0.00190,1,1,1.000,0.9500,0.1714,0.2495,16.14,0.00,1791455938.645246,27,0,0.0
assignment3_kp2_t1,1791455938.595423,camera_color_optical_frame,1295,640,480,1,433.7,404.1,0.3552,0.6836,0.00191,1,1,1.000,0.9460,0.1707,0.2482,14.01,0.00,1791455938.683628,27,0,0.0
assignment3_kp2_t1,1791455938.628778,camera_color_optical_frame,1296,640,480,1,433.8,404.2,0.3557,0.6840,0.00195,1,1,1.000,0.9500,0.1716,0.2494,13.54,0.00,1791455938.718237,27,0,0.0
assignment3_kp2_t1,1791455938.662132,camera_color_optical_frame,1297,640,480,1,433.7,404.2,0.3552,0.6840,0.00190,1,1,1.000,0.9530,0.1719,0.2502,11.97,0.00,1791455938.755595,27,0,0.0
assignment3_kp2_t1,1791455938.695487,camera_color_optical_frame,1298,640,480,1,433.8,404.0,0.3556,0.6833,0.00192,1,1,1.000,0.9500,0.1716,0.2492,12.62,0.00,1791455938.791117,27,0,0.0
assignment3_kp2_t1,1791455938.728842,camera_color_optical_frame,1299,640,480,1,433.6,404.3,0.3552,0.6844,0.00190,1,1,1.000,0.9510,0.1715,0.2498,10.71,0.00,1791455938.820067,27,0,0.0
assignment3_kp2_t1,1791455938.762197,camera_color_optical_frame,1300,640,480,1,433.7,404.0,0.3553,0.6833,0.00192,1,1,1.000,0.9510,0.1716,0.2494,10.69,0.00,1791455938.851903,27,0,0.0
assignment3_kp2_t1,1791455938.795552,camera_color_optical_frame,1301,640,480,1,433.7,404.3,0.3555,0.6845,0.00193,1,1,1.000,0.9510,0.1717,0.2499,11.59,0.00,1791455938.882048,27,0,0.0
assignment3_kp2_t1,1791455938.828907,camera_color_optical_frame,1302,640,480,1,433.6,404.3,0.3550,0.6844,0.00191,1,0,,,,,10.52,33.35,1791455938.898445,27,0,0.0
assignment3_kp2_t1,1791455938.862262,camera_color_optical_frame,1303,640,480,1,433.6,404.2,0.3550,0.6843,0.00190,1,1,1.000,0.9470,0.1707,0.2488,16.58,0.00,1791455938.945586,27,0,0.0
assignment3_kp2_t1,1791455938.895617,camera_color_optical_frame,1304,640,480,1,433.7,404.2,0.3552,0.6841,0.00192,1,1,1.000,0.9500,0.1714,0.2495,14.53,0.00,1791455938.980140,27,0,0.0
assignment3_kp2_t1,1791455938.928971,camera_color_optical_frame,1305,640,480,1,433.7,403.8,0.3553,0.6827,0.00194,1,1,1.000,0.9500,0.1714,0.2489,14.47,0.00,1791455939.012498,27,0,0.0
assignment3_kp2_t1,1791455938.962326,camera_color_optical_frame,1306,640,480,1,433.7,404.1,0.3553,0.6838,0.00190,1,1,1.000,0.9500,0.1714,0.2493,13.54,0.00,1791455939.049778,27,0,0.0
assignment3_kp2_t1,1791455938.995681,camera_color_optical_frame,1307,640,480,1,433.5,404.0,0.3547,0.6831,0.00189,1,1,1.000,0.9500,0.1712,0.2491,11.48,0.00,1791455939.088136,27,0,0.0
assignment3_kp2_t1,1791455939.029036,camera_color_optical_frame,1308,640,480,1,433.6,404.3,0.3551,0.6848,0.00189,1,1,1.000,0.9500,0.1713,0.2497,11.64,0.00,1791455939.122250,27,0,0.0
assignment3_kp2_t1,1791455939.062390,camera_color_optical_frame,1309,640,480,1,433.5,404.4,0.3548,0.6848,0.00188,1,1,1.000,0.9495,0.1711,0.2496,12.35,0.00,1791455939.149031,27,0,0.0
assignment3_kp2_t1,1791455939.095745,camera_color_optical_frame,1310,640,480,1,433.5,404.3,0.3548,0.6846,0.00188,1,1,1.000,0.9460,0.1705,0.2486,12.00,0.00,1791455939.182002,27,0,0.0
assignment3_kp2_t1,1791455939.129100,camera_color_optical_frame,1311,640,480,1,433.5,404.4,0.3548,0.6849,0.00187,1,1,1.000,0.9500,0.1712,0.2498,10.70,0.00,1791455939.217037,27,0,0.0
assignment3_kp2_t1,1791455939.162455,camera_color_optical_frame,1312,640,480,1,433.5,404.3,0.3546,0.6846,0.00188,1,1,1.000,0.9510,0.1713,0.2499,12.42,0.00,1791455939.251591,27,0,0.0
assignment3_kp2_t1,1791455939.195809,camera_color_optical_frame,1313,640,480,1,433.5,404.6,0.3547,0.6858,0.00185,1,1,1.000,0.9510,0.1713,0.2503,10.59,0.00,1791455939.290281,27,0,0.0
assignment3_kp2_t1,1791455939.229164,camera_color_optical_frame,1314,640,480,1,433.5,404.6,0.3547,0.6860,0.00186,1,1,1.000,0.9510,0.1713,0.2504,10.57,0.00,1791455939.316772,27,0,0.0
assignment3_kp2_t1,1791455939.262524,camera_color_optical_frame,1315,640,480,1,433.5,404.8,0.3548,0.6868,0.00187,1,0,,,,,7.37,33.36,1791455939.330292,27,0,0.0
assignment3_kp2_t1,1791455939.295884,camera_color_optical_frame,1316,640,480,1,433.2,406.8,0.3536,0.6949,0.00164,1,1,1.000,0.9530,0.1711,0.2543,12.98,0.00,1791455939.380973,27,0,0.0
assignment3_kp2_t1,1791455939.329244,camera_color_optical_frame,1317,640,480,1,432.7,409.3,0.3521,0.7055,0.00132,1,1,1.000,0.9510,0.1700,0.2578,13.56,0.00,1791455939.415045,27,0,0.0
assignment3_kp2_t1,1791455939.362604,camera_color_optical_frame,1318,640,480,1,433.2,414.8,0.3538,0.7281,0.00086,1,1,1.000,0.9530,0.1712,0.2669,11.40,0.00,1791455939.451385,27,0,0.0
assignment3_kp2_t1,1791455939.395964,camera_color_optical_frame,1319,640,480,1,433.1,417.4,0.3533,0.7393,0.00059,1,1,1.000,0.9510,0.1706,0.2705,10.49,0.00,1791455939.478746,27,0,0.0
assignment3_kp2_t1,1791455939.429324,camera_color_optical_frame,1320,640,480,1,433.1,419.4,0.3534,0.7475,0.00046,1,0,,,,,6.90,33.36,1791455939.492715,27,0,0.0
assignment3_kp2_t1,1791455939.462684,camera_color_optical_frame,1321,640,480,1,432.7,421.3,0.3522,0.7555,0.00043,1,1,1.000,0.9410,0.1683,0.2737,14.62,0.00,1791455939.543882,27,0,0.0
assignment3_kp2_t1,1791455939.496044,camera_color_optical_frame,1322,640,480,1,432.1,423.2,0.3504,0.7633,0.00043,1,1,1.000,0.9240,0.1643,0.2716,11.67,0.00,1791455939.581465,27,0,0.0
assignment3_kp2_t1,1791455939.529404,camera_color_optical_frame,1323,640,480,1,431.4,424.8,0.3482,0.7698,0.00045,1,1,1.000,0.9150,0.1617,0.2713,13.80,0.00,1791455939.611879,27,0,0.0
assignment3_kp2_t1,1791455939.562764,camera_color_optical_frame,1324,640,480,1,428.5,426.0,0.3392,0.7749,0.00042,1,1,1.000,0.9070,0.1560,0.2708,8.86,0.00,1791455939.640088,27,0,0.0
assignment3_kp2_t1,1791455939.596124,camera_color_optical_frame,1325,640,480,1,426.6,427.7,0.3331,0.7819,0.00049,1,0,,,,,7.05,33.36,1791455939.660150,27,0,0.0
assignment3_kp2_t1,1791455939.629484,camera_color_optical_frame,1326,640,480,1,424.1,429.1,0.3255,0.7880,0.00052,2,1,1.000,0.8820,0.1453,0.2679,15.84,0.00,1791455939.707412,27,0,0.0
assignment3_kp2_t1,1791455939.662844,camera_color_optical_frame,1327,640,480,1,421.7,430.6,0.3177,0.7941,0.00053,2,1,1.000,0.8760,0.1407,0.2682,15.12,0.00,1791455939.744359,27,0,0.0
assignment3_kp2_t1,1791455939.696204,camera_color_optical_frame,1328,640,480,1,419.7,432.0,0.3115,0.8000,0.00052,2,1,1.000,0.8690,0.1367,0.2681,14.21,0.00,1791455939.780712,27,0,0.0
assignment3_kp2_t1,1791455939.729564,camera_color_optical_frame,1329,640,480,1,417.8,433.1,0.3056,0.8044,0.00049,2,1,1.000,0.8600,0.1326,0.2668,12.60,0.00,1791455939.818085,27,0,0.0
assignment3_kp2_t1,1791455939.762924,camera_color_optical_frame,1330,640,480,1,417.0,434.8,0.3030,0.8119,0.00042,2,1,1.000,0.8490,0.1298,0.2659,12.03,0.00,1791455939.850277,27,0,0.0
assignment3_kp2_t1,1791455939.796284,camera_color_optical_frame,1331,640,480,1,414.8,435.6,0.2963,0.8151,0.00045,2,1,1.000,0.8450,0.1261,0.2658,13.48,0.00,1791455939.887071,27,0,0.0
assignment3_kp2_t1,1791455939.829644,camera_color_optical_frame,1332,640,480,1,414.3,436.8,0.2945,0.8202,0.00039,2,1,1.000,0.8390,0.1245,0.2655,13.23,0.00,1791455939.916503,27,0,0.0
assignment3_kp2_t1,1791455939.863004,camera_color_optical_frame,1333,640,480,1,412.8,436.7,0.2899,0.8194,0.00043,2,1,1.000,0.8380,0.1223,0.2650,13.98,0.00,1791455939.951412,27,0,0.0
assignment3_kp2_t1,1791455939.896364,camera_color_optical_frame,1334,640,480,1,412.7,437.0,0.2897,0.8209,0.00035,2,1,1.000,0.8370,0.1220,0.2652,10.83,0.00,1791455939.987245,27,0,0.0
assignment3_kp2_t1,1791455939.929724,camera_color_optical_frame,1335,640,480,0,,,0.0000,0.0000,0.00000,1,0,,,,,9.04,0.00,1791455940.014025,,0,0.0
assignment3_kp2_t1,1791455939.963084,camera_color_optical_frame,1336,640,480,0,,,0.0000,0.0000,0.00000,1,0,,,,,6.40,33.36,1791455940.029378,,0,0.0
assignment3_kp2_t1,1791455939.996444,camera_color_optical_frame,1337,640,480,0,,,0.0000,0.0000,0.00000,1,0,,,,,11.85,0.00,1791455940.081335,,0,0.0
assignment3_kp2_t1,1791455940.029804,camera_color_optical_frame,1338,640,480,0,,,0.0000,0.0000,0.00000,1,0,,,,,10.95,0.00,1791455940.117950,,0,0.0
assignment3_kp2_t1,1791455940.063164,camera_color_optical_frame,1339,640,480,0,,,0.0000,0.0000,0.00000,1,0,,,,,9.30,0.00,1791455940.156915,,0,0.0
assignment3_kp2_t1,1791455940.096524,camera_color_optical_frame,1340,640,480,0,,,0.0000,0.0000,0.00000,1,0,,,,,10.46,0.00,1791455940.188514,,0,0.0
assignment3_kp2_t1,1791455940.129884,camera_color_optical_frame,1341,640,480,0,,,0.0000,0.0000,0.00000,1,0,,,,,10.96,0.00,1791455940.219442,,0,0.0
assignment3_kp2_t1,1791455940.163244,camera_color_optical_frame,1342,640,480,0,,,0.0000,0.0000,0.00000,1,0,,,,,9.73,0.00,1791455940.253879,,0,0.0
assignment3_kp2_t1,1791455940.196604,camera_color_optical_frame,1343,640,480,0,,,0.0000,0.0000,0.00000,1,0,,,,,12.47,0.00,1791455940.287097,,0,0.0
assignment3_kp2_t1,1791455940.229964,camera_color_optical_frame,1344,640,480,0,,,0.0000,0.0000,0.00000,1,0,,,,,11.98,0.00,1791455940.322600,,0,0.0
assignment3_kp2_t1,1791455940.263321,camera_color_optical_frame,1345,640,480,0,,,0.0000,0.0000,0.00000,1,0,,,,,9.43,0.00,1791455940.355648,,0,0.0
assignment3_kp2_t1,1791455940.296685,camera_color_optical_frame,1346,640,480,0,,,0.0000,0.0000,0.00000,1,0,,,,,10.10,0.00,1791455940.386716,,0,0.0
assignment3_kp2_t1,1791455940.330050,camera_color_optical_frame,1347,640,480,0,,,0.0000,0.0000,0.00000,1,0,,,,,9.02,0.00,1791455940.416659,,0,0.0
assignment3_kp2_t1,1791455940.363414,camera_color_optical_frame,1348,640,480,0,,,0.0000,0.0000,0.00000,1,0,,,,,10.46,0.00,1791455940.449964,,0,0.0
assignment3_kp2_t1,1791455940.396778,camera_color_optical_frame,1349,640,480,1,415.1,417.5,0.2971,0.7395,0.00220,1,1,1.000,0.8450,0.1265,0.2404,12.16,0.00,1791455940.484179,28,0,0.0
assignment3_kp2_t1,1791455940.430143,camera_color_optical_frame,1350,640,480,1,415.3,417.6,0.2979,0.7400,0.00224,1,1,1.000,0.8450,0.1269,0.2406,10.09,0.00,1791455940.521224,28,0,0.0
assignment3_kp2_t1,1791455940.463507,camera_color_optical_frame,1351,640,480,1,415.3,417.7,0.2979,0.7403,0.00218,1,1,1.000,0.8450,0.1269,0.2407,12.15,0.00,1791455940.551548,28,0,0.0
assignment3_kp2_t1,1791455940.496871,camera_color_optical_frame,1352,640,480,1,415.3,417.7,0.2979,0.7403,0.00217,1,1,1.000,0.8460,0.1270,0.2410,10.93,0.00,1791455940.580647,28,0,0.0
assignment3_kp2_t1,1791455940.530236,camera_color_optical_frame,1353,640,480,1,415.6,417.7,0.2986,0.7405,0.00220,1,0,,,,,7.09,33.36,1791455940.595082,28,0,0.0
assignment3_kp2_t1,1791455940.563601,camera_color_optical_frame,1354,640,480,1,415.1,417.4,0.2971,0.7393,0.00222,1,1,1.000,0.8430,0.1262,0.2398,14.12,0.00,1791455940.643473,28,0,0.0
assignment3_kp2_t1,1791455940.596965,camera_color_optical_frame,1355,640,480,1,415.2,417.2,0.2975,0.7384,0.00233,1,1,1.000,0.8460,0.1269,0.2403,13.20,0.00,1791455940.682200,28,0,0.0
assignment3_kp2_t1,1791455940.630330,camera_color_optical_frame,1356,640,480,1,415.3,417.7,0.2977,0.7406,0.00227,1,1,1.000,0.8470,0.1271,0.2414,9.99,0.00,1791455940.713700,28,0,0.0
assignment3_kp2_t1,1791455940.663695,camera_color_optical_frame,1357,640,480,1,415.5,417.9,0.2984,0.7412,0.00228,1,0,,,,,7.11,33.36,1791455940.729460,28,0,0.0
assignment3_kp2_t1,1791455940.697059,camera_color_optical_frame,1358,640,480,1,415.1,417.7,0.2973,0.7405,0.00233,1,1,1.000,0.8410,0.1260,0.2396,19.00,0.00,1791455940.793644,28,0,0.0
assignment3_kp2_t1,1791455940.730424,camera_color_optical_frame,1359,640,480,1,415.0,417.4,0.2970,0.7392,0.00233,1,1,1.000,0.8420,0.1260,0.2395,11.91,0.00,1791455940.819954,28,0,0.0
assignment3_kp2_t1,1791455940.763789,camera_color_optical_frame,1360,640,480,1,415.3,417.5,0.2977,0.7396,0.00238,1,1,1.000,0.8450,0.1268,0.2405,12.46,0.00,1791455940.854120,28,0,0.0
assignment3_kp2_t1,1791455940.797154,camera_color_optical_frame,1361,640,480,1,415.5,417.4,0.2983,0.7393,0.00230,1,1,1.000,0.8420,0.1266,0.2395,12.17,0.00,1791455940.888350,28,0,0.0
assignment3_kp2_t1,1791455940.830519,camera_color_optical_frame,1362,640,480,1,415.1,417.4,0.2973,0.7390,0.00237,1,1,1.000,0.8480,0.1271,0.2411,12.62,0.00,1791455940.923101,28,0,0.0
assignment3_kp2_t1,1791455940.863884,camera_color_optical_frame,1363,640,480,1,415.2,417.6,0.2976,0.7401,0.00239,1,1,1.000,0.8420,0.1263,0.2398,11.70,0.00,1791455940.953234,28,0,0.0
assignment3_kp2_t1,1791455940.897249,camera_color_optical_frame,1364,640,480,1,415.3,417.9,0.2977,0.7413,0.00228,1,1,1.000,0.8470,0.1271,0.2416,8.15,0.00,1791455940.982095,28,0,0.0
assignment3_kp2_t1,1791455940.930614,camera_color_optical_frame,1365,640,480,1,415.4,417.1,0.2981,0.7377,0.00239,1,0,,,,,8.05,33.36,1791455941.028742,28,0,0.0
assignment3_kp2_t1,1791455940.963979,camera_color_optical_frame,1366,640,480,1,415.5,417.4,0.2983,0.7392,0.00237,1,0,,,,,12.00,66.73,1791455941.048753,28,0,0.0
assignment3_kp2_t1,1791455940.997344,camera_color_optical_frame,1367,640,480,1,415.3,417.8,0.2979,0.7407,0.00244,1,1,1.000,0.8390,0.1260,0.2391,14.19,0.00,1791455941.084512,28,0,0.0
assignment3_kp2_t1,1791455941.030710,camera_color_optical_frame,1368,640,480,1,415.3,417.4,0.2979,0.7391,0.00257,1,1,1.000,0.8460,0.1270,0.2406,10.50,0.00,1791455941.122611,28,0,0.0
assignment3_kp2_t1,1791455941.064075,camera_color_optical_frame,1369,640,480,1,415.3,417.2,0.2977,0.7383,0.00244,1,1,1.000,0.8420,0.1263,0.2392,12.11,0.00,1791455941.155103,28,0,0.0
assignment3_kp2_t1,1791455941.097440,camera_color_optical_frame,1370,640,480,1,415.6,418.0,0.2988,0.7418,0.00248,1,1,1.000,0.8430,0.1270,0.2407,12.23,0.00,1791455941.187293,28,0,0.0
assignment3_kp2_t1,1791455941.130806,camera_color_optical_frame,1371,640,480,1,415.2,417.6,0.2976,0.7401,0.00248,1,1,1.000,0.8430,0.1264,0.2401,10.20,0.00,1791455941.224248,28,0,0.0
assignment3_kp2_t1,1791455941.164171,camera_color_optical_frame,1372,640,480,1,415.5,417.4,0.2985,0.7392,0.00251,1,1,1.000,0.8470,0.1274,0.2409,12.77,0.00,1791455941.254648,28,0,0.0
assignment3_kp2_t1,1791455941.197537,camera_color_optical_frame,1373,640,480,1,415.1,417.3,0.2973,0.7386,0.00250,1,1,1.000,0.8440,0.1265,0.2398,11.64,0.00,1791455941.292600,28,0,0.0
assignment3_kp2_t1,1791455941.230902,camera_color_optical_frame,1374,640,480,1,415.8,417.3,0.2992,0.7386,0.00252,1,1,1.000,0.8420,0.1270,0.2393,10.45,0.00,1791455941.323967,28,0,0.0
assignment3_kp2_t1,1791455941.264268,camera_color_optical_frame,1375,640,480,1,415.5,417.8,0.2985,0.7407,0.00256,1,0,,,,,10.54,33.37,1791455941.339354,28,0,0.0
assignment3_kp2_t1,1791455941.297633,camera_color_optical_frame,1376,640,480,1,415.3,417.0,0.2979,0.7375,0.00253,1,1,1.000,0.8430,0.1266,0.2392,13.35,0.00,1791455941.383915,28,0,0.0
assignment3_kp2_t1,1791455941.330999,camera_color_optical_frame,1377,640,480,1,415.4,417.1,0.2982,0.7380,0.00244,1,1,1.000,0.8400,0.1262,0.2385,11.96,0.00,1791455941.418669,28,0,0.0
assignment3_kp2_t1,1791455941.364364,camera_color_optical_frame,1378,640,480,1,415.5,417.2,0.2985,0.7382,0.00261,1,1,1.000,0.8430,0.1268,0.2394,13.15,0.00,1791455941.454525,28,0,0.0
assignment3_kp2_t1,1791455941.397730,camera_color_optical_frame,1379,640,480,1,415.4,417.3,0.2980,0.7387,0.00250,1,1,1.000,0.8450,0.1269,0.2402,10.39,0.00,1791455941.490881,28,0,0.0
assignment3_kp2_t1,1791455941.431096,camera_color_optical_frame,1380,640,480,1,415.4,417.9,0.2980,0.7412,0.00256,1,1,1.000,0.8420,0.1265,0.2402,10.82,0.00,1791455941.522723,28,0,0.0
assignment3_kp2_t1,1791455941.464461,camera_color_optical_frame,1381,640,480,1,415.5,417.5,0.2983,0.7395,0.00256,1,1,1.000,0.8400,0.1263,0.2390,13.21,0.00,1791455941.556849,28,0,0.0
assignment3_kp2_t1,1791455941.497827,camera_color_optical_frame,1382,640,480,1,415.0,417.9,0.2968,0.7412,0.00246,1,1,1.000,0.8430,0.1261,0.2404,13.86,0.00,1791455941.582580,28,0,0.0
assignment3_kp2_t1,1791455941.531193,camera_color_optical_frame,1383,640,480,1,415.5,417.1,0.2984,0.7379,0.00252,1,1,1.000,0.8450,0.1271,0.2399,13.36,0.00,1791455941.613685,28,0,0.0
assignment3_kp2_t1,1791455941.564559,camera_color_optical_frame,1384,640,480,1,415.3,417.5,0.2977,0.7394,0.00253,1,1,1.000,0.8430,0.1265,0.2398,11.61,0.00,1791455941.655169,28,0,0.0
assignment3_kp2_t1,1791455941.597924,camera_color_optical_frame,1385,640,480,1,415.2,417.5,0.2975,0.7395,0.00241,1,1,1.000,0.8420,0.1262,0.2396,13.28,0.00,1791455941.691448,28,0,0.0
assignment3_kp2_t1,1791455941.631290,camera_color_optical_frame,1386,640,480,1,415.4,417.6,0.2980,0.7398,0.00256,1,1,1.000,0.8490,0.1275,0.2417,10.84,0.00,1791455941.722909,28,0,0.0
assignment3_kp2_t1,1791455941.664656,camera_color_optical_frame,1387,640,480,1,415.5,417.5,0.2984,0.7397,0.00250,1,1,1.000,0.8470,0.1274,0.2411,10.51,0.00,1791455941.751842,28,0,0.0
assignment3_kp2_t1,1791455941.698022,camera_color_optical_frame,1388,640,480,1,415.5,417.1,0.2986,0.7377,0.00249,1,1,1.000,0.8420,0.1267,0.2390,11.32,0.00,1791455941.791184,28,0,0.0
assignment3_kp2_t1,1791455941.731388,camera_color_optical_frame,1389,640,480,1,415.5,417.1,0.2984,0.7378,0.00248,1,1,1.000,0.8450,0.1271,0.2399,11.84,0.00,1791455941.822015,28,0,0.0
assignment3_kp2_t1,1791455941.764754,camera_color_optical_frame,1390,640,480,1,415.4,417.2,0.2980,0.7383,0.00255,1,1,1.000,0.8460,0.1271,0.2403,11.35,0.00,1791455941.857606,28,0,0.0
assignment3_kp2_t1,1791455941.798120,camera_color_optical_frame,1391,640,480,1,415.5,417.2,0.2983,0.7385,0.00257,1,1,1.000,0.8470,0.1274,0.2407,11.03,0.00,1791455941.891757,28,0,0.0
assignment3_kp2_t1,1791455941.831486,camera_color_optical_frame,1392,640,480,1,415.5,416.9,0.2983,0.7372,0.00255,1,1,1.000,0.8430,0.1267,0.2391,9.45,0.00,1791455941.926440,28,0,0.0
assignment3_kp2_t1,1791455941.864852,camera_color_optical_frame,1393,640,480,1,415.4,417.3,0.2981,0.7389,0.00256,1,1,1.000,0.8430,0.1266,0.2397,10.66,0.00,1791455941.960573,28,0,0.0
assignment3_kp2_t1,1791455941.898219,camera_color_optical_frame,1394,640,480,1,415.6,417.6,0.2986,0.7400,0.00260,1,1,1.000,0.8430,0.1269,0.2400,11.28,0.00,1791455941.993560,28,0,0.0
assignment3_kp2_t1,1791455941.931585,camera_color_optical_frame,1395,640,480,1,415.6,417.1,0.2987,0.7381,0.00258,1,1,1.000,0.8430,0.1269,0.2394,14.33,0.00,1791455942.037468,28,0,0.0
assignment3_kp2_t1,1791455941.964951,camera_color_optical_frame,1396,640,480,1,415.5,417.3,0.2985,0.7388,0.00259,1,1,1.000,0.8450,0.1271,0.2402,10.89,0.00,1791455942.068102,28,0,0.0
assignment3_kp2_t1,1791455941.998317,camera_color_optical_frame,1397,640,480,1,415.5,417.0,0.2985,0.7376,0.00258,1,1,1.000,0.8470,0.1274,0.2404,12.09,0.00,1791455942.105593,28,0,0.0
assignment3_kp2_t1,1791455942.031683,camera_color_optical_frame,1398,640,480,1,415.7,417.0,0.2990,0.7373,0.00258,1,1,1.000,0.8420,0.1269,0.2389,11.85,0.00,1791455942.144139,28,0,0.0
assignment3_kp2_t1,1791455942.065050,camera_color_optical_frame,1399,640,480,1,415.6,417.2,0.2987,0.7382,0.00259,1,1,1.000,0.8420,0.1268,0.2391,11.52,0.00,1791455942.181053,28,0,0.0
assignment3_kp2_t1,1791455942.098417,camera_color_optical_frame,1400,640,480,1,415.5,417.2,0.2984,0.7382,0.00254,1,1,1.000,0.8450,0.1271,0.2400,11.56,0.00,1791455942.216572,28,0,0.0
assignment3_kp2_t1,1791455942.131783,camera_color_optical_frame,1401,640,480,1,415.5,417.2,0.2985,0.7384,0.00253,1,1,1.000,0.8410,0.1265,0.2389,13.62,0.00,1791455942.248255,28,0,0.0
assignment3_kp2_t1,1791455942.165149,camera_color_optical_frame,1402,640,480,1,415.6,417.0,0.2987,0.7374,0.00251,1,1,1.000,0.8450,0.1272,0.2398,14.79,0.00,1791455942.285276,28,0,0.0
assignment3_kp2_t1,1791455942.198516,camera_color_optical_frame,1403,640,480,1,415.6,417.3,0.2989,0.7388,0.00259,1,1,1.000,0.8460,0.1275,0.2405,13.47,0.00,1791455942.320606,28,0,0.0
assignment3_kp2_t1,1791455942.231876,camera_color_optical_frame,1404,640,480,1,415.5,417.1,0.2984,0.7377,0.00255,1,1,1.000,0.8400,0.1263,0.2384,11.71,0.00,1791455942.354410,28,0,0.0
assignment3_kp2_t1,1791455942.265241,camera_color_optical_frame,1405,640,480,1,415.7,417.2,0.2992,0.7385,0.00263,1,1,1.000,0.8460,0.1276,0.2404,13.08,0.00,1791455942.396400,28,0,0.0
assignment3_kp2_t1,1791455942.298605,camera_color_optical_frame,1406,640,480,1,415.6,417.6,0.2987,0.7399,0.00253,1,0,,,,,17.46,33.36,1791455942.423002,28,0,0.0
assignment3_kp2_t1,1791455942.331969,camera_color_optical_frame,1407,640,480,1,415.8,417.3,0.2995,0.7387,0.00260,1,1,1.000,0.8420,0.1271,0.2393,16.03,0.00,1791455942.450549,28,0,0.0
assignment3_kp2_t1,1791455942.398697,camera_color_optical_frame,1408,640,480,1,415.4,417.3,0.2982,0.7389,0.00247,1,0,,,,,8.16,33.36,1791455942.466643,28,0,0.0
assignment3_kp2_t1,1791455942.432061,camera_color_optical_frame,1409,640,480,1,415.5,417.1,0.2985,0.7381,0.00249,1,1,1.000,0.8460,0.1273,0.2402,14.60,0.00,1791455942.510710,28,0,0.0
assignment3_kp2_t1,1791455942.465426,camera_color_optical_frame,1410,640,480,1,415.5,417.2,0.2985,0.7383,0.00256,1,1,1.000,0.8430,0.1268,0.2395,15.28,0.00,1791455942.545232,28,0,0.0
assignment3_kp2_t1,1791455942.498791,camera_color_optical_frame,1411,640,480,1,415.5,417.1,0.2984,0.7380,0.00246,1,1,1.000,0.8450,0.1271,0.2399,13.47,0.00,1791455942.580487,28,0,0.0
assignment3_kp2_t1,1791455942.532155,camera_color_optical_frame,1412,640,480,1,415.6,417.1,0.2986,0.7378,0.00256,1,1,1.000,0.8430,0.1269,0.2393,10.77,0.00,1791455942.620230,28,0,0.0
assignment3_kp2_t1,1791455942.565519,camera_color_optical_frame,1413,640,480,1,415.7,417.3,0.2990,0.7387,0.00260,1,1,1.000,0.8460,0.1275,0.2405,13.54,0.00,1791455942.648125,28,0,0.0
assignment3_kp2_t1,1791455942.598884,camera_color_optical_frame,1414,640,480,1,415.7,417.1,0.2989,0.7379,0.00255,1,1,1.000,0.8460,0.1275,0.2402,13.90,0.00,1791455942.683611,28,0,0.0
assignment3_kp2_t1,1791455942.632248,camera_color_optical_frame,1415,640,480,1,415.5,417.2,0.2983,0.7383,0.00258,1,1,1.000,0.8460,0.1272,0.2403,12.87,0.00,1791455942.718854,28,0,0.0
assignment3_kp2_t1,1791455942.665613,camera_color_optical_frame,1416,640,480,1,415.5,417.3,0.2985,0.7386,0.00249,1,1,1.000,0.8470,0.1274,0.2407,12.04,0.00,1791455942.753776,28,0,0.0
assignment3_kp2_t1,1791455942.698977,camera_color_optical_frame,1417,640,480,1,415.4,417.0,0.2983,0.7375,0.00255,1,1,1.000,0.8460,0.1272,0.2400,14.89,0.00,1791455942.781261,28,0,0.0
assignment3_kp2_t1,1791455942.732342,camera_color_optical_frame,1418,640,480,1,415.3,417.4,0.2979,0.7392,0.00245,1,1,1.000,0.8420,0.1264,0.2395,10.87,0.00,1791455942.819399,28,0,0.0
assignment3_kp2_t1,1791455942.765706,camera_color_optical_frame,1419,640,480,1,415.5,417.0,0.2984,0.7374,0.00258,1,1,1.000,0.8430,0.1268,0.2392,11.33,0.00,1791455942.854226,28,0,0.0
assignment3_kp2_t1,1791455942.799071,camera_color_optical_frame,1420,640,480,1,415.4,417.2,0.2983,0.7385,0.00256,1,1,1.000,0.8470,0.1273,0.2407,11.45,0.00,1791455942.888007,28,0,0.0
assignment3_kp2_t1,1791455942.832436,camera_color_optical_frame,1421,640,480,1,415.4,417.2,0.2981,0.7384,0.00255,1,1,1.000,0.8410,0.1263,0.2389,11.96,0.00,1791455942.923099,28,0,0.0
assignment3_kp2_t1,1791455942.865801,camera_color_optical_frame,1422,640,480,1,415.5,417.1,0.2983,0.7379,0.00249,1,1,1.000,0.8460,0.1272,0.2402,10.51,0.00,1791455942.961710,28,0,0.0
assignment3_kp2_t1,1791455942.899165,camera_color_optical_frame,1423,640,480,1,415.6,417.2,0.2987,0.7385,0.00260,1,1,1.000,0.8490,0.1278,0.2413,11.04,0.00,1791455942.998798,28,0,0.0
assignment3_kp2_t1,1791455942.932530,camera_color_optical_frame,1424,640,480,1,415.4,417.2,0.2981,0.7383,0.00253,1,1,1.000,0.8480,0.1274,0.2409,10.34,0.00,1791455943.036296,28,0,0.0
assignment3_kp2_t1,1791455942.965895,camera_color_optical_frame,1425,640,480,1,415.5,417.3,0.2985,0.7388,0.00253,1,1,1.000,0.8450,0.1271,0.2402,12.46,0.00,1791455943.067495,28,0,0.0
assignment3_kp2_t1,1791455942.999260,camera_color_optical_frame,1426,640,480,1,415.4,417.0,0.2982,0.7374,0.00252,1,1,1.000,0.8450,0.1270,0.2397,13.03,0.00,1791455943.105722,28,0,0.0
assignment3_kp2_t1,1791455943.032625,camera_color_optical_frame,1427,640,480,1,415.7,417.1,0.2990,0.7378,0.00258,1,1,1.000,0.8430,0.1271,0.2393,12.22,0.00,1791455943.145602,28,0,0.0
assignment3_kp2_t1,1791455943.065990,camera_color_optical_frame,1428,640,480,1,415.3,417.2,0.2978,0.7385,0.00250,1,1,1.000,0.8450,0.1268,0.2401,12.43,0.00,1791455943.180555,28,0,0.0
assignment3_kp2_t1,1791455943.099355,camera_color_optical_frame,1429,640,480,1,415.3,417.2,0.2979,0.7382,0.00256,1,1,1.000,0.8450,0.1268,0.2400,10.92,0.00,1791455943.217981,28,0,0.0
assignment3_kp2_t1,1791455943.132720,camera_color_optical_frame,1430,640,480,1,415.5,417.3,0.2983,0.7387,0.00245,1,1,1.000,0.8460,0.1272,0.2405,11.76,0.00,1791455943.256275,28,0,0.0
assignment3_kp2_t1,1791455943.166085,camera_color_optical_frame,1431,640,480,1,415.2,417.1,0.2976,0.7377,0.00242,1,1,1.000,0.8420,0.1263,0.2390,14.33,0.00,1791455943.290342,28,0,0.0
assignment3_kp2_t1,1791455943.199450,camera_color_optical_frame,1432,640,480,1,415.4,417.0,0.2980,0.7376,0.00256,1,1,1.000,0.8430,0.1266,0.2392,13.73,0.00,1791455943.328204,28,0,0.0
assignment3_kp2_t1,1791455943.232810,camera_color_optical_frame,1433,640,480,1,415.6,417.1,0.2986,0.7381,0.00252,1,1,1.000,0.8460,0.1273,0.2403,27.59,0.00,1791455943.387390,28,0,0.0
assignment3_kp2_t1,1791455943.266180,camera_color_optical_frame,1434,640,480,1,415.3,417.1,0.2979,0.7381,0.00254,1,1,1.000,0.8400,0.1261,0.2385,11.63,0.00,1791455943.413925,28,0,0.0
assignment3_kp2_t1,1791455943.299550,camera_color_optical_frame,1435,640,480,1,415.5,417.3,0.2986,0.7389,0.00250,1,1,1.000,0.8460,0.1273,0.2405,9.75,0.00,1791455943.438374,28,0,0.0
assignment3_kp2_t1,1791455943.332920,camera_color_optical_frame,1436,640,480,1,415.3,417.3,0.2977,0.7387,0.00246,1,1,1.000,0.8430,0.1265,0.2396,10.60,0.00,1791455943.476080,28,0,8.2
assignment3_kp2_t1,1791455943.366291,camera_color_optical_frame,1437,640,480,1,414.5,417.4,0.2953,0.7392,0.00241,1,1,1.000,0.8460,0.1258,0.2406,11.46,0.00,1791455943.508629,28,0,22.0
assignment3_kp2_t1,1791455943.399661,camera_color_optical_frame,1438,640,480,1,409.6,416.4,0.2800,0.7350,0.00215,1,1,1.000,0.8450,0.1189,0.2389,11.32,0.00,1791455943.537991,28,0,27.5
assignment3_kp2_t1,1791455943.433032,camera_color_optical_frame,1439,640,480,1,403.5,411.6,0.2610,0.7149,0.00184,1,1,1.000,0.8460,0.1105,0.2325,11.69,0.00,1791455943.571019,28,0,35.7
assignment3_kp2_t1,1791455943.466402,camera_color_optical_frame,1440,640,480,1,397.5,397.9,0.2422,0.6578,0.00161,1,1,1.000,0.8520,0.1028,0.2148,12.36,0.00,1791455943.610597,28,0,38.5
assignment3_kp2_t1,1791455943.499773,camera_color_optical_frame,1441,640,480,1,391.4,382.5,0.2230,0.5937,0.00163,1,1,1.000,0.8530,0.0943,0.1934,19.55,0.00,1791455943.651050,28,0,39.9
assignment3_kp2_t1,1791455943.533144,camera_color_optical_frame,1442,640,480,1,385.2,368.6,0.2037,0.5360,0.00158,1,1,1.000,0.8610,0.0864,0.1756,12.16,0.00,1791455943.679132,28,0,39.9
assignment3_kp2_t1,1791455943.566514,camera_color_optical_frame,1443,640,480,1,379.2,353.6,0.1851,0.4734,0.00148,1,1,1.000,0.8620,0.0780,0.1544,16.74,0.00,1791455943.715579,28,0,41.2
assignment3_kp2_t1,1791455943.599885,camera_color_optical_frame,1444,640,480,1,373.4,337.3,0.1668,0.4053,0.00147,1,1,1.000,0.8700,0.0704,0.1323,11.93,0.00,1791455943.741935,28,0,41.2
assignment3_kp2_t1,1791455943.633255,camera_color_optical_frame,1445,640,480,1,367.5,317.4,0.1485,0.3224,0.00128,1,1,1.000,0.8750,0.0623,0.1044,11.10,0.00,1791455943.771698,28,0,45.3
assignment3_kp2_t1,1791455943.666626,camera_color_optical_frame,1446,640,480,1,362.9,296.4,0.1341,0.2352,0.00144,1,1,1.000,0.8730,0.0555,0.0739,13.28,0.00,1791455943.808940,28,0,34.4
assignment3_kp2_t1,1791455943.699997,camera_color_optical_frame,1447,640,480,1,357.6,283.2,0.1174,0.1799,0.00180,1,1,1.000,0.8780,0.0481,0.0552,11.09,0.00,1791455943.838915,28,0,33.0
assignment3_kp2_t1,1791455943.733368,camera_color_optical_frame,1448,640,480,1,352.4,273.4,0.1012,0.1394,0.00173,1,1,1.000,0.8750,0.0405,0.0409,12.52,0.00,1791455943.870540,28,0,35.7
assignment3_kp2_t1,1791455943.766739,camera_color_optical_frame,1449,640,480,1,347.6,260.2,0.0864,0.0841,0.00162,1,1,1.000,0.8760,0.0336,0.0218,16.28,0.00,1791455943.912456,28,0,27.5
assignment3_kp2_t1,1791455943.800110,camera_color_optical_frame,1450,640,480,1,343.3,247.3,0.0729,0.0304,0.00182,1,1,1.000,0.8730,0.0273,0.0031,14.19,0.00,1791455943.948654,28,0,22.0
assignment3_kp2_t1,1791455943.833481,camera_color_optical_frame,1451,640,480,1,339.6,237.9,0.0613,-0.0086,0.00193,1,1,1.000,0.8750,0.0220,-0.0104,10.46,0.00,1791455943.989993,28,0,16.5
assignment3_kp2_t1,1791455943.866852,camera_color_optical_frame,1452,640,480,1,336.2,229.4,0.0506,-0.0443,0.00197,1,1,1.000,0.8750,0.0171,-0.0228,11.01,0.00,1791455944.026158,28,0,11.0
assignment3_kp2_t1,1791455943.900223,camera_color_optical_frame,1453,640,480,1,332.6,222.7,0.0393,-0.0721,0.00210,1,0,,,,,10.30,33.37,1791455944.043347,28,0,11.0
assignment3_kp2_t1,1791455943.933594,camera_color_optical_frame,1454,640,480,1,330.5,217.2,0.0329,-0.0949,0.00220,1,0,,,,,9.01,66.74,1791455944.059972,28,0,9.6
assignment3_kp2_t1,1791455943.966966,camera_color_optical_frame,1455,640,480,1,328.7,213.4,0.0270,-0.1110,0.00226,1,0,,,,,10.22,100.11,1791455944.077893,28,0,6.9
assignment3_kp2_t1,1791455944.000337,camera_color_optical_frame,1456,640,480,1,326.7,210.3,0.0209,-0.1238,0.00227,1,0,,,,,8.47,133.48,1791455944.095480,28,0,5.5
assignment3_kp2_t1,1791455944.033708,camera_color_optical_frame,1457,640,480,1,324.8,207.5,0.0151,-0.1355,0.00231,1,0,,,,,12.86,166.86,1791455944.114654,28,0,5.5
assignment3_kp2_t1,1791455944.067080,camera_color_optical_frame,1458,640,480,1,322.9,205.7,0.0089,-0.1430,0.00236,1,1,1.000,0.8660,-0.0022,-0.0564,11.55,0.00,1791455944.160770,28,0,4.1
assignment3_kp2_t1,1791455944.100451,camera_color_optical_frame,1459,640,480,1,321.4,204.8,0.0043,-0.1466,0.00251,1,1,1.000,0.8700,-0.0043,-0.0579,15.97,0.00,1791455944.197618,28,0,2.8
assignment3_kp2_t1,1791455944.133823,camera_color_optical_frame,1460,640,480,1,321.2,204.4,0.0038,-0.1483,0.00252,1,1,1.000,0.8680,-0.0045,-0.0584,12.25,0.00,1791455944.230431,28,0,2.8
assignment3_kp2_t1,1791455944.167194,camera_color_optical_frame,1461,640,480,1,321.3,205.2,0.0040,-0.1451,0.00251,1,1,1.000,0.8710,-0.0044,-0.0575,15.51,0.00,1791455944.269253,28,0,5.5
assignment3_kp2_t1,1791455944.200566,camera_color_optical_frame,1462,640,480,1,321.3,207.7,0.0041,-0.1347,0.00248,1,1,1.000,0.8670,-0.0044,-0.0536,12.46,0.00,1791455944.307301,28,0,6.9
assignment3_kp2_t1,1791455944.233937,camera_color_optical_frame,1463,640,480,1,321.3,210.5,0.0041,-0.1228,0.00248,1,1,1.000,0.8700,-0.0044,-0.0497,12.94,0.00,1791455944.346375,28,0,8.2
assignment3_kp2_t1,1791455944.267276,camera_color_optical_frame,1464,640,480,1,321.2,213.6,0.0039,-0.1099,0.00245,1,1,1.000,0.8700,-0.0045,-0.0453,23.09,0.00,1791455944.394381,28,0,8.2
assignment3_kp2_t1,1791455944.300614,camera_color_optical_frame,1465,640,480,1,321.2,216.7,0.0037,-0.0971,0.00244,1,1,1.000,0.8655,-0.0045,-0.0406,23.99,0.00,1791455944.435873,28,0,8.2
assignment3_kp2_t1,1791455944.367291,camera_color_optical_frame,1466,640,480,1,321.2,222.7,0.0038,-0.0720,0.00245,1,0,,,,,12.53,33.34,1791455944.463313,28,0,8.2
assignment3_kp2_t1,1791455944.400629,camera_color_optical_frame,1467,640,480,1,321.1,225.7,0.0035,-0.0595,0.00245,1,1,1.000,0.8720,-0.0047,-0.0279,15.42,0.00,1791455944.491431,28,0,6.9
assignment3_kp2_t1,1791455944.433967,camera_color_optical_frame,1468,640,480,1,321.1,228.7,0.0035,-0.0470,0.00243,1,1,1.000,0.8710,-0.0047,-0.0236,12.68,0.00,1791455944.530473,28,0,6.9
assignment3_kp2_t1,1791455944.467305,camera_color_optical_frame,1469,640,480,1,321.0,231.1,0.0033,-0.0372,0.00247,1,1,1.000,0.8700,-0.0048,-0.0202,10.84,0.00,1791455944.566144,28,0,5.5
assignment3_kp2_t1,1791455944.500643,camera_color_optical_frame,1470,640,480,1,321.1,233.2,0.0033,-0.0284,0.00245,1,1,1.000,0.8760,-0.0048,-0.0173,17.24,0.00,1791455944.609914,28,0,5.5
assignment3_kp2_t1,1791455944.533980,camera_color_optical_frame,1471,640,480,1,320.9,235.1,0.0030,-0.0206,0.00244,1,1,1.000,0.8750,-0.0049,-0.0146,23.49,0.00,1791455944.650944,28,0,5.5
assignment3_kp2_t1,1791455944.567318,camera_color_optical_frame,1472,640,480,1,320.9,236.8,0.0029,-0.0134,0.00243,1,1,1.000,0.8730,-0.0049,-0.0120,19.33,0.00,1791455944.686682,28,0,4.1
assignment3_kp2_t1,1791455944.600655,camera_color_optical_frame,1473,640,480,1,320.9,238.2,0.0029,-0.0074,0.00242,1,1,1.000,0.8760,-0.0050,-0.0100,19.71,0.00,1791455944.719634,28,0,4.1
assignment3_kp2_t1,1791455944.633993,camera_color_optical_frame,1474,640,480,1,320.9,238.2,0.0029,-0.0075,0.00243,1,1,1.000,0.8730,-0.0050,-0.0100,18.22,0.00,1791455944.751924,28,0,4.1
assignment3_kp2_t1,1791455944.667330,camera_color_optical_frame,1475,640,480,1,320.9,238.2,0.0029,-0.0075,0.00243,1,1,1.000,0.8770,-0.0050,-0.0100,19.30,0.00,1791455944.785349,28,0,2.8
assignment3_kp2_t1,1791455944.700667,camera_color_optical_frame,1476,640,480,1,320.9,238.2,0.0028,-0.0076,0.00242,1,1,1.000,0.8720,-0.0050,-0.0100,23.29,0.00,1791455944.817852,28,0,1.4
assignment3_kp2_t1,1791455944.734004,camera_color_optical_frame,1477,640,480,1,320.9,238.1,0.0027,-0.0080,0.00243,1,1,1.000,0.8760,-0.0051,-0.0102,21.31,0.00,1791455944.849890,28,0,0.0
assignment3_kp2_t1,1791455944.767340,camera_color_optical_frame,1478,640,480,1,320.9,238.2,0.0028,-0.0077,0.00242,1,1,1.000,0.8730,-0.0050,-0.0101,15.77,0.00,1791455944.877157,28,0,0.0
assignment3_kp2_t1,1791455944.800677,camera_color_optical_frame,1479,640,480,1,320.8,238.1,0.0026,-0.0081,0.00243,1,1,1.000,0.8770,-0.0051,-0.0103,14.62,0.00,1791455944.907486,28,0,0.0
assignment3_kp2_t1,1791455944.834014,camera_color_optical_frame,1480,640,480,1,320.9,238.2,0.0028,-0.0076,0.00242,1,1,1.000,0.8760,-0.0050,-0.0101,14.45,0.00,1791455944.939512,28,0,0.0
assignment3_kp2_t1,1791455944.867350,camera_color_optical_frame,1481,640,480,1,320.9,238.2,0.0028,-0.0076,0.00242,1,1,1.000,0.8780,-0.0050,-0.0101,13.12,0.00,1791455944.981270,28,0,0.0
assignment3_kp2_t1,1791455944.900687,camera_color_optical_frame,1482,640,480,1,320.9,238.2,0.0029,-0.0076,0.00242,1,1,1.000,0.8790,-0.0050,-0.0101,12.21,0.00,1791455945.018548,28,0,0.0
assignment3_kp2_t1,1791455944.934023,camera_color_optical_frame,1483,640,480,1,320.9,238.2,0.0029,-0.0076,0.00242,1,1,1.000,0.8730,-0.0050,-0.0100,16.91,0.00,1791455945.057983,28,0,0.0
assignment3_kp2_t1,1791455944.967359,camera_color_optical_frame,1484,640,480,1,320.9,238.3,0.0028,-0.0070,0.00239,1,1,1.000,0.8790,-0.0050,-0.0099,14.67,0.00,1791455945.097918,28,0,0.0
assignment3_kp2_t1,1791455945.000695,camera_color_optical_frame,1485,640,480,1,320.9,238.3,0.0027,-0.0073,0.00240,1,1,1.000,0.8750,-0.0051,-0.0099,13.86,0.00,1791455945.133832,28,0,0.0
assignment3_kp2_t1,1791455945.034031,camera_color_optical_frame,1486,640,480,1,320.8,238.2,0.0026,-0.0074,0.00239,1,1,1.000,0.8790,-0.0051,-0.0100,11.72,0.00,1791455945.168867,28,0,0.0
assignment3_kp2_t1,1791455945.067367,camera_color_optical_frame,1487,640,480,1,320.8,238.5,0.0026,-0.0064,0.00238,1,1,1.000,0.8720,-0.0051,-0.0096,15.46,0.00,1791455945.205154,28,0,0.0
assignment3_kp2_t1,1791455945.100703,camera_color_optical_frame,1488,640,480,1,320.8,238.5,0.0026,-0.0064,0.00238,1,1,1.000,0.8750,-0.0051,-0.0097,11.35,0.00,1791455945.242649,28,0,0.0
assignment3_kp2_t1,1791455945.134038,camera_color_optical_frame,1489,640,480,1,320.9,238.4,0.0027,-0.0069,0.00238,1,1,1.000,0.8750,-0.0050,-0.0098,12.52,0.00,1791455945.284337,28,0,0.0
assignment3_kp2_t1,1791455945.167374,camera_color_optical_frame,1490,640,480,1,320.8,238.7,0.0025,-0.0053,0.00235,1,1,1.000,0.8770,-0.0051,-0.0093,18.23,0.00,1791455945.329382,28,0,0.0
assignment3_kp2_t1,1791455945.200692,camera_color_optical_frame,1491,640,480,1,320.8,238.9,0.0025,-0.0048,0.00233,1,1,1.000,0.8770,-0.0052,-0.0091,13.17,0.00,1791455945.371043,28,0,0.0
assignment3_kp2_t1,1791455945.234048,camera_color_optical_frame,1492,640,480,1,320.9,239.0,0.0027,-0.0040,0.00231,1,1,1.000,0.8750,-0.0051,-0.0088,14.67,0.00,1791455945.405493,28,0,0.0
assignment3_kp2_t1,1791455945.267403,camera_color_optical_frame,1493,640,480,1,320.8,238.9,0.0026,-0.0044,0.00230,1,1,1.000,0.8760,-0.0051,-0.0090,12.29,0.00,1791455945.446603,28,0,0.0
assignment3_kp2_t1,1791455945.300759,camera_color_optical_frame,1494,640,480,1,320.8,238.9,0.0026,-0.0046,0.00230,1,1,1.000,0.8810,-0.0051,-0.0091,12.10,0.00,1791455945.490375,28,0,0.0
assignment3_kp2_t1,1791455945.334114,camera_color_optical_frame,1495,640,480,1,320.9,239.0,0.0028,-0.0041,0.00232,1,1,1.000,0.8720,-0.0050,-0.0088,12.91,0.00,1791455945.528409,28,0,0.0
assignment3_kp2_t1,1791455945.367470,camera_color_optical_frame,1496,640,480,1,320.9,238.9,0.0028,-0.0045,0.00233,1,1,1.000,0.8750,-0.0050,-0.0090,12.95,0.00,1791455945.566998,28,0,0.0
assignment3_kp2_t1,1791455945.400825,camera_color_optical_frame,1497,640,480,1,320.9,238.9,0.0029,-0.0047,0.00234,1,1,1.000,0.8750,-0.0050,-0.0091,14.44,0.00,1791455945.607930,28,0,0.0
assignment3_kp2_t1,1791455945.434180,camera_color_optical_frame,1498,640,480,1,320.9,239.0,0.0027,-0.0043,0.00231,1,1,1.000,0.8770,-0.0051,-0.0089,13.55,0.00,1791455945.648196,28,0,0.0
assignment3_kp2_t1,1791455945.467536,camera_color_optical_frame,1499,640,480,1,320.8,239.0,0.0026,-0.0040,0.00230,1,1,1.000,0.8780,-0.0051,-0.0089,11.63,0.00,1791455945.678473,28,0,0.0
assignment3_kp2_t1,1791455945.500891,camera_color_optical_frame,1500,640,480,1,320.9,239.0,0.0028,-0.0041,0.00230,1,0,,,,,9.78,33.36,1791455945.699177,28,0,0.0
assignment3_kp2_t1,1791455945.534247,camera_color_optical_frame,1501,640,480,1,320.9,239.0,0.0028,-0.0040,0.00231,1,1,1.000,0.8750,-0.0050,-0.0088,17.43,0.00,1791455945.744797,28,0,0.0
assignment3_kp2_t1,1791455945.567602,camera_color_optical_frame,1502,640,480,1,321.0,238.9,0.0031,-0.0044,0.00233,1,1,1.000,0.8760,-0.0049,-0.0090,15.98,0.00,1791455945.780500,28,0,0.0
assignment3_kp2_t1,1791455945.600958,camera_color_optical_frame,1503,640,480,1,320.2,239.7,0.0007,-0.0014,0.00229,1,1,1.000,0.8760,-0.0060,-0.0079,14.07,0.00,1791455945.815938,28,0,0.0
assignment3_kp2_t1,1791455945.634313,camera_color_optical_frame,1504,640,480,1,319.2,239.3,-0.0024,-0.0030,0.00237,1,1,1.000,0.8770,-0.0074,-0.0085,18.66,0.00,1791455945.849192,28,0,0.0
assignment3_kp2_t1,1791455945.667669,camera_color_optical_frame,1505,640,480,1,318.6,239.4,-0.0045,-0.0024,0.00226,1,1,1.000,0.8720,-0.0084,-0.0082,24.72,0.00,1791455945.895483,28,0,0.0
assignment3_kp2_t1,1791455945.734380,camera_color_optical_frame,1506,640,480,1,317.2,239.4,-0.0087,-0.0024,0.00236,1,1,1.000,0.8730,-0.0103,-0.0082,23.72,0.00,1791455945.938493,28,0,0.0
assignment3_kp2_t1,1791455945.767735,camera_color_optical_frame,1507,640,480,1,317.2,239.4,-0.0088,-0.0024,0.00235,1,1,1.000,0.8730,-0.0103,-0.0082,15.83,0.00,1791455945.972402,28,0,0.0
assignment3_kp2_t1,1791455945.801090,camera_color_optical_frame,1508,640,480,1,317.2,239.4,-0.0089,-0.0024,0.00232,1,1,1.000,0.8730,-0.0104,-0.0082,22.98,0.00,1791455946.011074,28,0,0.0
assignment3_kp2_t1,1791455945.834446,camera_color_optical_frame,1509,640,480,1,317.3,239.7,-0.0084,-0.0012,0.00232,1,1,1.000,0.8730,-0.0102,-0.0078,17.32,0.00,1791455946.044558,28,0,0.0
assignment3_kp2_t1,1791455945.867801,camera_color_optical_frame,1510,640,480,1,317.2,239.4,-0.0086,-0.0027,0.00234,1,1,1.000,0.8730,-0.0103,-0.0083,24.90,0.00,1791455946.080621,28,0,0.0
assignment3_kp2_t1,1791455945.901157,camera_color_optical_frame,1511,640,480,1,317.2,239.3,-0.0089,-0.0029,0.00237,1,1,1.000,0.8760,-0.0104,-0.0084,15.28,0.00,1791455946.110561,28,0,0.0
assignment3_kp2_t1,1791455945.934512,camera_color_optical_frame,1512,640,480,1,317.3,239.5,-0.0084,-0.0022,0.00239,1,0,,,,,9.01,33.36,1791455946.126308,28,0,0.0
assignment3_kp2_t1,1791455945.967867,camera_color_optical_frame,1513,640,480,1,318.8,239.1,-0.0037,-0.0036,0.00233,1,1,1.000,0.8720,-0.0080,-0.0087,11.42,0.00,1791455946.158279,28,0,0.0
assignment3_kp2_t1,1791455946.001223,camera_color_optical_frame,1514,640,480,1,319.3,239.3,-0.0023,-0.0030,0.00242,1,1,1.000,0.8730,-0.0073,-0.0085,20.01,0.00,1791455946.202242,28,0,0.0
assignment3_kp2_t1,1791455946.034578,camera_color_optical_frame,1515,640,480,1,319.7,239.5,-0.0009,-0.0020,0.00241,1,1,1.000,0.8750,-0.0067,-0.0081,13.57,0.00,1791455946.240174,28,0,0.0
assignment3_kp2_t1,1791455946.067934,camera_color_optical_frame,1516,640,480,1,320.4,239.4,0.0013,-0.0027,0.00243,1,1,1.000,0.8770,-0.0057,-0.0084,14.18,0.00,1791455946.277353,28,0,0.0
assignment3_kp2_t1,1791455946.101289,camera_color_optical_frame,1517,640,480,1,321.0,238.8,0.0031,-0.0050,0.00239,1,1,1.000,0.8730,-0.0049,-0.0091,15.23,0.00,1791455946.319375,28,0,0.0
assignment3_kp2_t1,1791455946.134644,camera_color_optical_frame,1518,640,480,1,321.4,238.8,0.0043,-0.0049,0.00244,1,0,,,,,11.72,33.36,1791455946.339071,28,0,0.0
assignment3_kp2_t1,1791455946.168000,camera_color_optical_frame,1519,640,480,1,322.3,238.6,0.0071,-0.0058,0.00246,1,1,1.000,0.8750,-0.0030,-0.0094,13.13,0.00,1791455946.373310,28,0,0.0
assignment3_kp2_t1,1791455946.201355,camera_color_optical_frame,1520,640,480,1,322.9,237.7,0.0090,-0.0096,0.00240,1,1,1.000,0.8720,-0.0021,-0.0107,13.45,0.00,1791455946.404641,28,0,0.0
assignment3_kp2_t1,1791455946.234711,camera_color_optical_frame,1521,640,480,1,323.5,236.5,0.0109,-0.0146,0.00239,1,1,1.000,0.8680,-0.0013,-0.0124,14.77,0.00,1791455946.446615,28,0,0.0
assignment3_kp2_t1,1791455946.268057,camera_color_optical_frame,1522,640,480,1,324.7,235.0,0.0147,-0.0207,0.00231,1,1,1.000,0.8720,0.0005,-0.0145,17.21,0.00,1791455946.494730,28,0,0.0
assignment3_kp2_t1,1791455946.301404,camera_color_optical_frame,1523,640,480,1,325.2,233.8,0.0163,-0.0257,0.00236,1,1,1.000,0.8650,0.0012,-0.0161,11.87,0.00,1791455946.527849,28,0,0.0
assignment3_kp2_t1,1791455946.334752,camera_color_optical_frame,1524,640,480,1,325.5,232.7,0.0171,-0.0304,0.00242,1,0,,,,,9.02,33.35,1791455946.548213,28,0,0.0
assignment3_kp2_t1,1791455946.368098,camera_color_optical_frame,1525,640,480,1,326.6,230.6,0.0206,-0.0390,0.00228,1,1,1.000,0.8600,0.0031,-0.0206,11.25,0.00,1791455946.586371,28,0,0.0
assignment3_kp2_t1,1791455946.401445,camera_color_optical_frame,1526,640,480,1,327.3,229.3,0.0228,-0.0447,0.00240,1,1,1.000,0.8630,0.0042,-0.0226,14.07,0.00,1791455946.620473,28,0,0.0
assignment3_kp2_t1,1791455946.434792,camera_color_optical_frame,1527,640,480,1,328.0,227.8,0.0250,-0.0510,0.00235,1,1,1.000,0.8530,0.0051,-0.0245,14.68,0.00,1791455946.661426,28,0,0.0
assignment3_kp2_t1,1791455946.468139,camera_color_optical_frame,1528,640,480,1,328.2,225.5,0.0255,-0.0605,0.00233,1,0,,,,,9.12,33.35,1791455946.676420,28,0,0.0
assignment3_kp2_t1,1791455946.501486,camera_color_optical_frame,1529,640,480,1,327.5,223.5,0.0234,-0.0687,0.00248,1,1,1.000,0.8500,0.0044,-0.0303,13.74,0.00,1791455946.709977,28,0,0.0
assignment3_kp2_t1,1791455946.534833,camera_color_optical_frame,1530,640,480,1,326.7,220.5,0.0210,-0.0813,0.00233,1,1,1.000,0.8430,0.0033,-0.0343,14.59,0.00,1791455946.746688,28,0,0.0
assignment3_kp2_t1,1791455946.568180,camera_color_optical_frame,1531,640,480,1,325.2,217.8,0.0161,-0.0925,0.00239,1,1,1.000,0.8430,0.0011,-0.0381,12.63,0.00,1791455946.788240,28,0,0.0
assignment3_kp2_t1,1791455946.601526,camera_color_optical_frame,1532,640,480,1,323.6,215.6,0.0113,-0.1016,0.00253,1,1,1.000,0.8420,-0.0011,-0.0410,10.61,0.00,1791455946.827416,28,0,1.4
assignment3_kp2_t1,1791455946.634873,camera_color_optical_frame,1533,640,480,1,321.9,214.3,0.0059,-0.1071,0.00261,1,0,,,,,9.75,33.35,1791455946.848607,28,0,1.4
assignment3_kp2_t1,1791455946.668220,camera_color_optical_frame,1534,640,480,1,319.4,212.9,-0.0018,-0.1131,0.00251,1,1,1.000,0.8330,-0.0068,-0.0444,12.06,0.00,1791455946.885561,28,0,2.8
assignment3_kp2_t1,1791455946.701566,camera_color_optical_frame,1535,640,480,1,315.0,211.7,-0.0157,-0.1178,0.00237,1,1,1.000,0.8290,-0.0129,-0.0457,13.41,0.00,1791455946.923544,28,0,2.8
assignment3_kp2_t1,1791455946.734913,camera_color_optical_frame,1536,640,480,1,309.2,210.5,-0.0338,-0.1231,0.00241,1,1,1.000,0.8300,-0.0208,-0.0475,10.47,0.00,1791455946.962413,28,0,4.1
assignment3_kp2_t1,1791455946.768259,camera_color_optical_frame,1537,640,480,1,302.5,210.7,-0.0546,-0.1219,0.00233,1,0,,,,,9.32,33.35,1791455946.986492,28,0,4.1
assignment3_kp2_t1,1791455946.801605,camera_color_optical_frame,1538,640,480,1,295.2,211.5,-0.0776,-0.1187,0.00239,1,1,1.000,0.8130,-0.0392,-0.0451,15.51,0.00,1791455947.026207,28,0,4.1
assignment3_kp2_t1,1791455946.834952,camera_color_optical_frame,1539,640,480,1,287.5,212.6,-0.1016,-0.1143,0.00242,1,1,1.000,0.8120,-0.0494,-0.0437,12.89,0.00,1791455947.062539,28,0,5.5
assignment3_kp2_t1,1791455946.868298,camera_color_optical_frame,1540,640,480,1,280.1,213.9,-0.1247,-0.1087,0.00238,1,1,1.000,0.8110,-0.0593,-0.0418,19.99,0.00,1791455947.109398,28,0,0.0
assignment3_kp2_t1,1791455946.901645,camera_color_optical_frame,1541,640,480,1,272.4,215.1,-0.1487,-0.1039,0.00238,1,0,,,,,10.96,33.35,1791455947.128426,28,0,6.9
assignment3_kp2_t1,1791455946.934991,camera_color_optical_frame,1542,640,480,1,265.0,216.2,-0.1718,-0.0991,0.00247,1,1,1.000,0.8080,-0.0791,-0.0386,12.44,0.00,1791455947.160182,28,0,6.9
assignment3_kp2_t1,1791455946.968337,camera_color_optical_frame,1543,640,480,1,257.6,217.8,-0.1950,-0.0925,0.00251,1,1,1.000,0.8050,-0.0887,-0.0363,10.81,0.00,1791455947.186517,28,0,5.5
assignment3_kp2_t1,1791455947.001683,camera_color_optical_frame,1544,640,480,1,251.5,220.7,-0.2140,-0.0804,0.00254,1,0,,,,,12.02,33.35,1791455947.210551,28,0,5.5
assignment3_kp2_t1,1791455947.035030,camera_color_optical_frame,1545,640,480,1,246.1,223.4,-0.2309,-0.0692,0.00266,1,1,1.000,0.8060,-0.1041,-0.0289,14.02,0.00,1791455947.248407,28,0,5.5
assignment3_kp2_t1,1791455947.068376,camera_color_optical_frame,1546,640,480,1,241.4,226.2,-0.2456,-0.0575,0.00261,1,1,1.000,0.8030,-0.1100,-0.0251,12.34,0.00,1791455947.289862,28,0,5.5
assignment3_kp2_t1,1791455947.101722,camera_color_optical_frame,1547,640,480,1,237.7,228.8,-0.2573,-0.0469,0.00270,1,1,1.000,0.7980,-0.1142,-0.0216,12.55,0.00,1791455947.325494,28,0,8.2
assignment3_kp2_t1,1791455947.135068,camera_color_optical_frame,1548,640,480,1,234.4,231.0,-0.2675,-0.0374,0.00276,1,1,1.000,0.7970,-0.1184,-0.0186,15.42,0.00,1791455947.362949,28,0,9.6
assignment3_kp2_t1,1791455947.168414,camera_color_optical_frame,1549,640,480,1,231.6,233.8,-0.2761,-0.0259,0.00273,1,0,,,,,14.93,33.35,1791455947.387649,28,0,11.0
assignment3_kp2_t1,1791455947.201760,camera_color_optical_frame,1550,640,480,1,228.5,236.1,-0.2859,-0.0163,0.00278,1,1,1.000,0.7840,-0.1241,-0.0117,22.55,0.00,1791455947.422793,28,0,11.0
assignment3_kp2_t1,1791455947.235106,camera_color_optical_frame,1551,640,480,1,226.9,238.4,-0.2911,-0.0069,0.00285,1,1,1.000,0.7930,-0.1276,-0.0089,15.65,0.00,1791455947.462463,28,0,11.0
assignment3_kp2_t1,1791455947.268461,camera_color_optical_frame,1552,640,480,1,226.8,240.0,-0.2913,-0.0001,0.00285,1,1,1.000,0.7930,-0.1277,-0.0068,11.51,0.00,1791455947.492115,28,0,12.4
assignment3_kp2_t1,1791455947.301815,camera_color_optical_frame,1553,640,480,1,227.0,241.6,-0.2908,0.0068,0.00290,1,0,,,,,9.42,33.35,1791455947.510972,28,0,12.4
assignment3_kp2_t1,1791455947.335169,camera_color_optical_frame,1554,640,480,1,227.9,243.2,-0.2877,0.0134,0.00279,1,1,1.000,0.7890,-0.1256,-0.0025,16.63,0.00,1791455947.550954,28,0,16.5
assignment3_kp2_t1,1791455947.368523,camera_color_optical_frame,1555,640,480,1,229.2,244.8,-0.2837,0.0200,0.00288,1,0,,,,,9.19,33.35,1791455947.566636,28,0,16.5
assignment3_kp2_t1,1791455947.401877,camera_color_optical_frame,1556,640,480,1,230.7,246.0,-0.2792,0.0252,0.00282,1,1,1.000,0.7900,-0.1222,0.0012,10.45,0.00,1791455947.601691,28,0,16.5
assignment3_kp2_t1,1791455947.435231,camera_color_optical_frame,1557,640,480,1,233.9,246.4,-0.2690,0.0267,0.00270,1,1,1.000,0.7880,-0.1176,0.0016,13.33,0.00,1791455947.642673,28,0,16.5
assignment3_kp2_t1,1791455947.468585,camera_color_optical_frame,1558,640,480,1,238.2,246.2,-0.2555,0.0257,0.00272,1,0,,,,,9.43,33.35,1791455947.659866,28,0,16.5
assignment3_kp2_t1,1791455947.501939,camera_color_optical_frame,1559,640,480,1,243.1,246.1,-0.2404,0.0253,0.00267,1,1,1.000,0.7880,-0.1057,0.0012,21.18,0.00,1791455947.707777,28,0,17.9
assignment3_kp2_t1,1791455947.535293,camera_color_optical_frame,1560,640,480,1,247.4,245.8,-0.2270,0.0243,0.00269,1,1,1.000,0.7930,-0.1008,0.0009,15.01,0.00,1791455947.738322,28,0,17.9
assignment3_kp2_t1,1791455947.568647,camera_color_optical_frame,1561,640,480,1,252.2,246.1,-0.2119,0.0252,0.00269,1,1,1.000,0.7900,-0.0941,0.0012,15.97,0.00,1791455947.772629,28,0,17.9
assignment3_kp2_t1,1791455947.602001,camera_color_optical_frame,1562,640,480,1,257.5,246.5,-0.1953,0.0269,0.00261,1,1,1.000,0.7890,-0.0871,0.0017,15.16,0.00,1791455947.805977,28,0,16.5
assignment3_kp2_t1,1791455947.635355,camera_color_optical_frame,1563,640,480,1,262.6,246.7,-0.1792,0.0278,0.00265,1,1,1.000,0.7900,-0.0805,0.0020,18.09,0.00,1791455947.845404,28,0,15.1
assignment3_kp2_t1,1791455947.702063,camera_color_optical_frame,1564,640,480,1,271.6,248.5,-0.1513,0.0355,0.00270,1,1,1.000,0.7910,-0.0689,0.0044,19.75,0.00,1791455947.880990,28,0,15.1
assignment3_kp2_t1,1791455947.735417,camera_color_optical_frame,1565,640,480,1,276.1,249.0,-0.1373,0.0375,0.00273,1,1,1.000,0.7900,-0.0630,0.0050,16.86,0.00,1791455947.916737,28,0,15.1
assignment3_kp2_t1,1791455947.768771,camera_color_optical_frame,1566,640,480,1,280.6,249.7,-0.1231,0.0405,0.00268,1,1,1.000,0.7970,-0.0575,0.0060,13.79,0.00,1791455947.950307,28,0,13.7
assignment3_kp2_t1,1791455947.802125,camera_color_optical_frame,1567,640,480,1,284.9,250.3,-0.1096,0.0428,0.00272,1,1,1.000,0.7910,-0.0515,0.0067,17.15,0.00,1791455947.987583,28,0,12.4
assignment3_kp2_t1,1791455947.835478,camera_color_optical_frame,1568,640,480,1,288.7,250.5,-0.0978,0.0437,0.00271,1,1,1.000,0.7920,-0.0466,0.0070,13.74,0.00,1791455948.024679,28,0,11.0
assignment3_kp2_t1,1791455947.868832,camera_color_optical_frame,1569,640,480,1,292.6,250.4,-0.0858,0.0434,0.00274,1,1,1.000,0.7940,-0.0417,0.0069,12.43,0.00,1791455948.067345,28,0,9.6
assignment3_kp2_t1,1791455947.902186,camera_color_optical_frame,1570,640,480,1,296.1,250.1,-0.0747,0.0422,0.00277,1,1,1.000,0.7930,-0.0370,0.0065,16.35,0.00,1791455948.111393,28,0,8.2
assignment3_kp2_t1,1791455947.935539,camera_color_optical_frame,1571,640,480,1,299.1,249.5,-0.0652,0.0395,0.00280,1,1,1.000,0.7960,-0.0331,0.0057,20.39,0.00,1791455948.148909,28,0,5.5
assignment3_kp2_t1,1791455947.968893,camera_color_optical_frame,1572,640,480,1,301.7,249.5,-0.0573,0.0395,0.00279,1,1,1.000,0.7990,-0.0300,0.0057,12.04,0.00,1791455948.174967,28,0,5.5
assignment3_kp2_t1,1791455948.002247,camera_color_optical_frame,1573,640,480,1,303.9,248.6,-0.0502,0.0358,0.00281,1,0,,,,,9.98,33.35,1791455948.196760,28,0,5.5
assignment3_kp2_t1,1791455948.035600,camera_color_optical_frame,1574,640,480,1,305.8,248.3,-0.0443,0.0345,0.00279,1,0,,,,,8.78,66.71,1791455948.217493,28,0,5.5
assignment3_kp2_t1,1791455948.068954,camera_color_optical_frame,1575,640,480,1,307.2,247.5,-0.0400,0.0311,0.00279,1,1,1.000,0.7980,-0.0226,0.0031,16.04,0.00,1791455948.264961,28,0,5.5
assignment3_kp2_t1,1791455948.102308,camera_color_optical_frame,1576,640,480,1,308.5,247.1,-0.0361,0.0296,0.00281,1,1,1.000,0.7970,-0.0209,0.0026,12.91,0.00,1791455948.293575,28,0,4.1
assignment3_kp2_t1,1791455948.135661,camera_color_optical_frame,1577,640,480,1,309.6,246.4,-0.0326,0.0267,0.00284,1,1,1.000,0.7970,-0.0194,0.0017,14.04,0.00,1791455948.332489,28,0,4.1
assignment3_kp2_t1,1791455948.169015,camera_color_optical_frame,1578,640,480,1,310.8,245.8,-0.0288,0.0240,0.00278,1,1,1.000,0.7965,-0.0179,0.0008,13.25,0.00,1791455948.375996,28,0,1.4
assignment3_kp2_t1,1791455948.202368,camera_color_optical_frame,1579,640,480,1,311.8,245.0,-0.0255,0.0209,0.00276,1,1,1.000,0.7940,-0.0164,-0.0001,11.45,0.00,1791455948.414356,28,0,1.4
assignment3_kp2_t1,1791455948.235722,camera_color_optical_frame,1580,640,480,1,313.0,244.4,-0.0220,0.0183,0.00280,1,1,1.000,0.7960,-0.0150,-0.0010,12.58,0.00,1791455948.444106,28,0,2.8
assignment3_kp2_t1,1791455948.269061,camera_color_optical_frame,1581,640,480,1,313.6,244.2,-0.0200,0.0176,0.00276,1,0,,,,,8.79,33.34,1791455948.468917,28,0,1.4
assignment3_kp2_t1,1791455948.302411,camera_color_optical_frame,1582,640,480,1,312.7,243.5,-0.0227,0.0145,0.00283,1,1,1.000,0.7970,-0.0153,-0.0022,18.58,0.00,1791455948.505774,28,0,0.0
assignment3_kp2_t1,1791455948.335761,camera_color_optical_frame,1583,640,480,1,312.5,243.3,-0.0233,0.0136,0.00278,1,1,1.000,0.7940,-0.0155,-0.0025,10.70,0.00,1791455948.540228,28,0,0.0
assignment3_kp2_t1,1791455948.369111,camera_color_optical_frame,1584,640,480,1,312.7,243.4,-0.0227,0.0140,0.00282,1,1,1.000,0.7960,-0.0153,-0.0023,14.22,0.00,1791455948.583152,28,0,0.0
assignment3_kp2_t1,1791455948.402461,camera_color_optical_frame,1585,640,480,1,311.5,243.9,-0.0265,0.0162,0.00278,1,1,1.000,0.7990,-0.0169,-0.0016,19.97,0.00,1791455948.629735,28,0,0.0
assignment3_kp2_t1,1791455948.469160,camera_color_optical_frame,1586,640,480,1,307.9,244.3,-0.0378,0.0178,0.00285,1,0,,,,,10.22,33.35,1791455948.660898,28,0,0.0
assignment3_kp2_t1,1791455948.502510,camera_color_optical_frame,1587,640,480,1,306.0,244.7,-0.0437,0.0196,0.00288,1,1,1.000,0.7920,-0.0240,-0.0006,12.66,0.00,1791455948.696236,28,0,0.0
assignment3_kp2_t1,1791455948.535859,camera_color_optical_frame,1588,640,480,1,304.4,245.2,-0.0487,0.0215,0.00288,1,1,0.998,0.7910,-0.0261,0.0000,11.52,0.00,1791455948.728203,28,0,0.0
assignment3_kp2_t1,1791455948.569209,camera_color_optical_frame,1589,640,480,1,302.6,245.2,-0.0544,0.0219,0.00293,1,1,1.000,0.7900,-0.0284,0.0001,19.04,0.00,1791455948.775948,28,0,0.0
assignment3_kp2_t1,1791455948.602559,camera_color_optical_frame,1590,640,480,1,301.2,245.6,-0.0588,0.0232,0.00287,1,1,1.000,0.7880,-0.0301,0.0005,13.37,0.00,1791455948.801422,28,0,0.0
assignment3_kp2_t1,1791455948.635908,camera_color_optical_frame,1591,640,480,1,300.0,245.4,-0.0625,0.0224,0.00291,1,1,1.000,0.7870,-0.0316,0.0003,20.05,0.00,1791455948.840573,28,0,0.0
assignment3_kp2_t1,1791455948.669258,camera_color_optical_frame,1592,640,480,1,299.0,245.4,-0.0656,0.0226,0.00288,1,0,,,,,19.10,33.35,1791455948.876471,28,0,0.0
assignment3_kp2_t1,1791455948.735956,camera_color_optical_frame,1593,640,480,1,297.3,245.8,-0.0711,0.0243,0.00286,1,0,,,,,23.54,33.35,1791455948.911145,28,0,0.0
assignment3_kp2_t1,1791455948.769306,camera_color_optical_frame,1594,640,480,1,297.1,246.0,-0.0714,0.0248,0.00285,1,1,1.000,0.7890,-0.0355,0.0011,26.88,0.00,1791455948.955930,28,0,1.4
assignment3_kp2_t1,1791455948.836004,camera_color_optical_frame,1595,640,480,1,300.1,246.2,-0.0622,0.0256,0.00287,1,0,,,,,16.02,33.35,1791455948.992690,28,0,2.8
assignment3_kp2_t1,1791455948.869354,camera_color_optical_frame,1596,640,480,1,301.1,246.3,-0.0591,0.0261,0.00291,1,1,1.000,0.7860,-0.0302,0.0015,12.90,0.00,1791455949.024591,28,0,4.1
assignment3_kp2_t1,1791455948.902703,camera_color_optical_frame,1597,640,480,1,301.7,246.4,-0.0573,0.0268,0.00287,1,1,1.000,0.7890,-0.0296,0.0017,11.33,0.00,1791455949.064793,28,0,4.1
assignment3_kp2_t1,1791455948.936052,camera_color_optical_frame,1598,640,480,1,302.5,245.7,-0.0548,0.0237,0.00290,1,1,1.000,0.7880,-0.0285,0.0007,14.80,0.00,1791455949.101443,28,0,4.1
assignment3_kp2_t1,1791455948.969401,camera_color_optical_frame,1599,640,480,1,303.5,245.7,-0.0516,0.0239,0.00291,1,1,1.000,0.7900,-0.0272,0.0008,15.81,0.00,1791455949.145172,28,0,4.1
assignment3_kp2_t1,1791455949.002751,camera_color_optical_frame,1600,640,480,1,304.4,245.7,-0.0487,0.0237,0.00283,1,1,1.000,0.7950,-0.0262,0.0007,11.72,0.00,1791455949.179511,28,0,2.8
assignment3_kp2_t1,1791455949.036099,camera_color_optical_frame,1601,640,480,1,305.4,245.4,-0.0456,0.0225,0.00289,1,1,1.000,0.7920,-0.0248,0.0003,17.60,0.00,1791455949.229083,28,0,1.4
assignment3_kp2_t1,1791455949.069448,camera_color_optical_frame,1602,640,480,1,306.3,245.0,-0.0428,0.0210,0.00289,1,1,1.000,0.7940,-0.0237,-0.0001,10.91,0.00,1791455949.270188,28,0,2.8
assignment3_kp2_t1,1791455949.102798,camera_color_optical_frame,1603,640,480,1,307.2,244.8,-0.0400,0.0200,0.00286,1,1,1.000,0.7930,-0.0225,-0.0004,15.15,0.00,1791455949.313242,28,0,4.1
assignment3_kp2_t1,1791455949.136147,camera_color_optical_frame,1604,640,480,1,308.0,244.7,-0.0376,0.0194,0.00294,1,1,1.000,0.7930,-0.0215,-0.0006,16.63,0.00,1791455949.350336,28,0,1.4
assignment3_kp2_t1,1791455949.169503,camera_color_optical_frame,1605,640,480,1,308.2,244.5,-0.0370,0.0186,0.00293,1,1,1.000,0.7940,-0.0212,-0.0009,18.09,0.00,1791455949.392042,28,0,1.4
assignment3_kp2_t1,1791455949.202860,camera_color_optical_frame,1606,640,480,1,309.8,244.4,-0.0318,0.0183,0.00291,1,0,,,,,10.96,33.36,1791455949.413237,28,0,1.4
assignment3_kp2_t1,1791455949.236217,camera_color_optical_frame,1607,640,480,1,311.5,244.2,-0.0265,0.0175,0.00287,1,1,1.000,0.7930,-0.0168,-0.0012,25.61,0.00,1791455949.459604,28,0,4.1
assignment3_kp2_t1,1791455949.269565,camera_color_optical_frame,1608,640,480,1,312.3,244.0,-0.0240,0.0165,0.00290,1,1,1.000,0.7910,-0.0157,-0.0015,10.57,0.00,1791455949.482418,28,0,1.4
assignment3_kp2_t1,1791455949.302920,camera_color_optical_frame,1609,640,480,1,313.2,243.8,-0.0214,0.0157,0.00292,1,0,,,,,12.17,33.35,1791455949.511016,28,0,1.4
assignment3_kp2_t1,1791455949.336275,camera_color_optical_frame,1610,640,480,1,315.3,243.7,-0.0147,0.0155,0.00286,1,1,1.000,0.7940,-0.0119,-0.0018,13.31,0.00,1791455949.546971,28,0,2.8
assignment3_kp2_t1,1791455949.369629,camera_color_optical_frame,1611,640,480,1,318.5,243.4,-0.0047,0.0143,0.00292,1,1,1.000,0.7970,-0.0077,-0.0023,16.22,0.00,1791455949.589914,28,0,2.8
assignment3_kp2_t1,1791455949.436338,camera_color_optical_frame,1612,640,480,1,321.2,242.9,0.0039,0.0122,0.00288,1,1,1.000,0.7970,-0.0041,-0.0029,18.72,0.00,1791455949.630104,28,0,2.8
assignment3_kp2_t1,1791455949.469693,camera_color_optical_frame,1613,640,480,1,323.7,242.8,0.0116,0.0116,0.00290,1,1,1.000,0.7890,-0.0008,-0.0031,25.60,0.00,1791455949.675657,28,0,1.4
assignment3_kp2_t1,1791455949.503048,camera_color_optical_frame,1614,640,480,1,324.9,242.2,0.0154,0.0091,0.00288,1,1,1.000,0.7930,0.0007,-0.0039,14.53,0.00,1791455949.708345,28,0,0.0
assignment3_kp2_t1,1791455949.536402,camera_color_optical_frame,1615,640,480,1,325.6,241.8,0.0174,0.0073,0.00296,1,1,1.000,0.7940,0.0016,-0.0044,14.15,0.00,1791455949.732986,28,0,0.0
assignment3_kp2_t1,1791455949.569757,camera_color_optical_frame,1616,640,480,1,325.7,241.7,0.0178,0.0071,0.00297,1,1,1.000,0.7940,0.0017,-0.0045,15.98,0.00,1791455949.763685,28,0,0.0
assignment3_kp2_t1,1791455949.603112,camera_color_optical_frame,1617,640,480,1,325.9,241.5,0.0183,0.0062,0.00295,1,1,1.000,0.7930,0.0020,-0.0048,15.63,0.00,1791455949.802087,28,0,0.0
assignment3_kp2_t1,1791455949.636466,camera_color_optical_frame,1618,640,480,1,325.8,241.0,0.0182,0.0041,0.00296,1,1,1.000,0.7910,0.0019,-0.0054,13.48,0.00,1791455949.828488,28,0,0.0
assignment3_kp2_t1,1791455949.669821,camera_color_optical_frame,1619,640,480,1,325.8,240.8,0.0183,0.0035,0.00296,1,1,1.000,0.7900,0.0019,-0.0056,10.17,0.00,1791455949.856645,28,0,0.0
assignment3_kp2_t1,1791455949.703175,camera_color_optical_frame,1620,640,480,1,326.0,240.7,0.0187,0.0031,0.00299,1,1,1.000,0.7920,0.0021,-0.0057,13.03,0.00,1791455949.892358,28,0,0.0
assignment3_kp2_t1,1791455949.736530,camera_color_optical_frame,1621,640,480,1,326.2,240.8,0.0194,0.0035,0.00295,1,1,1.000,0.7920,0.0024,-0.0056,13.16,0.00,1791455949.928618,28,0,0.0
assignment3_kp2_t1,1791455949.769885,camera_color_optical_frame,1622,640,480,1,326.5,240.7,0.0204,0.0031,0.00293,1,1,1.000,0.7910,0.0028,-0.0057,11.29,0.00,1791455949.961125,28,0,0.0
assignment3_kp2_t1,1791455949.803239,camera_color_optical_frame,1623,640,480,1,327.0,240.7,0.0218,0.0031,0.00293,1,1,1.000,0.7970,0.0035,-0.0058,15.34,0.00,1791455949.991933,28,0,0.0
assignment3_kp2_t1,1791455949.836594,camera_color_optical_frame,1624,640,480,1,327.1,240.8,0.0221,0.0034,0.00293,1,1,1.000,0.7930,0.0036,-0.0056,14.26,0.00,1791455950.030500,28,0,0.0
assignment3_kp2_t1,1791455949.869949,camera_color_optical_frame,1625,640,480,1,327.3,240.8,0.0227,0.0035,0.00297,1,1,1.000,0.7930,0.0038,-0.0056,23.49,0.00,1791455950.079435,28,0,0.0
assignment3_kp2_t1,1791455949.903303,camera_color_optical_frame,1626,640,480,1,327.5,240.6,0.0235,0.0026,0.00292,1,1,1.000,0.7930,0.0041,-0.0059,16.06,0.00,1791455950.114655,28,0,0.0
assignment3_kp2_t1,1791455949.936658,camera_color_optical_frame,1627,640,480,1,328.1,240.7,0.0252,0.0030,0.00296,1,1,1.000,0.7920,0.0048,-0.0058,15.99,0.00,1791455950.145314,28,0,0.0
assignment3_kp2_t1,1791455949.970012,camera_color_optical_frame,1628,640,480,1,328.5,240.6,0.0267,0.0024,0.00292,1,1,1.000,0.7940,0.0055,-0.0060,19.14,0.00,1791455950.182763,28,0,0.0
assignment3_kp2_t1,1791455950.003367,camera_color_optical_frame,1629,640,480,1,329.4,240.6,0.0293,0.0026,0.00295,1,0,,,,,9.95,33.35,1791455950.199921,28,0,0.0
assignment3_kp2_t1,1791455950.036722,camera_color_optical_frame,1630,640,480,1,330.3,240.4,0.0322,0.0016,0.00294,1,1,1.000,0.7965,0.0078,-0.0063,12.76,0.00,1791455950.229077,28,0,0.0
assignment3_kp2_t1,1791455950.070076,camera_color_optical_frame,1631,640,480,1,331.6,240.2,0.0363,0.0009,0.00295,1,1,1.000,0.7930,0.0095,-0.0065,12.90,0.00,1791455950.267338,28,0,0.0
assignment3_kp2_t1,1791455950.103431,camera_color_optical_frame,1632,640,480,1,332.6,240.2,0.0395,0.0010,0.00293,1,1,1.000,0.7930,0.0108,-0.0064,15.23,0.00,1791455950.308448,28,0,0.0
assignment3_kp2_t1,1791455950.136786,camera_color_optical_frame,1633,640,480,1,334.0,240.1,0.0437,0.0005,0.00294,1,1,1.000,0.7940,0.0126,-0.0066,20.04,0.00,1791455950.357612,28,0,0.0
assignment3_kp2_t1,1791455950.170142,camera_color_optical_frame,1634,640,480,1,334.9,240.0,0.0466,0.0000,0.00285,1,1,1.000,0.7940,0.0138,-0.0067,15.97,0.00,1791455950.393024,28,0,0.0
assignment3_kp2_t1,1791455950.203499,camera_color_optical_frame,1635,640,480,1,335.9,239.7,0.0497,-0.0012,0.00293,1,0,,,,,12.48,33.36,1791455950.413554,28,0,0.0
assignment3_kp2_t1,1791455950.236856,camera_color_optical_frame,1636,640,480,1,337.4,239.4,0.0543,-0.0023,0.00289,1,1,1.000,0.7920,0.0170,-0.0074,16.32,0.00,1791455950.444749,28,0,0.0
assignment3_kp2_t1,1791455950.270221,camera_color_optical_frame,1637,640,480,1,339.2,239.3,0.0599,-0.0028,0.00288,1,1,1.000,0.7940,0.0194,-0.0076,17.58,0.00,1791455950.483151,28,0,2.8
assignment3_kp2_t1,1791455950.303580,camera_color_optical_frame,1638,640,480,1,341.6,239.6,0.0676,-0.0019,0.00286,1,1,1.000,0.7890,0.0225,-0.0073,14.97,0.00,1791455950.524438,28,0,2.8
assignment3_kp2_t1,1791455950.336938,camera_color_optical_frame,1639,640,480,1,344.4,239.9,0.0763,-0.0003,0.00288,1,1,1.000,0.7910,0.0262,-0.0068,16.26,0.00,1791455950.562903,28,0,1.4
assignment3_kp2_t1,1791455950.370297,camera_color_optical_frame,1640,640,480,1,347.9,240.7,0.0873,0.0031,0.00290,1,1,1.000,0.7890,0.0307,-0.0057,14.91,0.00,1791455950.597947,28,0,1.4
assignment3_kp2_t1,1791455950.437015,camera_color_optical_frame,1641,640,480,1,353.9,242.0,0.1060,0.0085,0.00285,1,1,1.000,0.7900,0.0385,-0.0040,15.07,0.00,1791455950.632624,28,0,1.4
assignment3_kp2_t1,1791455950.470373,camera_color_optical_frame,1642,640,480,1,357.9,242.7,0.1184,0.0114,0.00279,1,1,1.000,0.7890,0.0437,-0.0031,15.41,0.00,1791455950.666740,28,0,2.8
assignment3_kp2_t1,1791455950.503732,camera_color_optical_frame,1643,640,480,1,360.6,243.0,0.1268,0.0123,0.00290,1,1,1.000,0.7920,0.0474,-0.0029,18.67,0.00,1791455950.704602,28,0,4.1
assignment3_kp2_t1,1791455950.537090,camera_color_optical_frame,1644,640,480,1,362.5,243.7,0.1327,0.0155,0.00292,1,1,1.000,0.7840,0.0493,-0.0018,15.79,0.00,1791455950.736160,28,0,4.1
assignment3_kp2_t1,1791455950.570449,camera_color_optical_frame,1645,640,480,1,364.6,244.8,0.1395,0.0199,0.00291,1,1,1.000,0.7840,0.0521,-0.0005,14.73,0.00,1791455950.771284,28,0,4.1
assignment3_kp2_t1,1791455950.603808,camera_color_optical_frame,1646,640,480,1,367.1,245.7,0.1473,0.0238,0.00290,1,1,1.000,0.7820,0.0552,0.0007,19.22,0.00,1791455950.808310,28,0,4.1
assignment3_kp2_t1,1791455950.637166,camera_color_optical_frame,1647,640,480,1,370.8,246.8,0.1588,0.0283,0.00286,1,1,1.000,0.7780,0.0597,0.0021,13.94,0.00,1791455950.837323,28,0,2.8
assignment3_kp2_t1,1791455950.670525,camera_color_optical_frame,1648,640,480,1,374.0,248.4,0.1688,0.0351,0.00286,1,1,1.000,0.7810,0.0640,0.0042,13.42,0.00,1791455950.869282,28,0,2.8
assignment3_kp2_t1,1791455950.703883,camera_color_optical_frame,1649,640,480,1,377.8,250.3,0.1805,0.0430,0.00286,1,1,1.000,0.7790,0.0687,0.0067,14.62,0.00,1791455950.902666,28,0,2.8
assignment3_kp2_t1,1791455950.737242,camera_color_optical_frame,1650,640,480,1,381.7,252.2,0.1928,0.0507,0.00287,1,1,1.000,0.7800,0.0738,0.0090,16.96,0.00,1791455950.940381,28,0,4.1
assignment3_kp2_t1,1791455950.770600,camera_color_optical_frame,1651,640,480,1,385.8,253.8,0.2056,0.0574,0.00286,1,1,1.000,0.7730,0.0784,0.0110,10.24,0.00,1791455950.967709,28,0,4.1
assignment3_kp2_t1,1791455950.803959,camera_color_optical_frame,1652,640,480,1,390.0,255.0,0.2188,0.0627,0.00290,1,1,1.000,0.7740,0.0839,0.0126,15.12,0.00,1791455951.009945,28,0,5.5
assignment3_kp2_t1,1791455950.837317,camera_color_optical_frame,1653,640,480,1,393.2,255.9,0.2287,0.0664,0.00296,1,1,1.000,0.7750,0.0880,0.0138,14.59,0.00,1791455951.048101,28,0,9.6
assignment3_kp2_t1,1791455950.870675,camera_color_optical_frame,1654,640,480,1,396.1,256.7,0.2378,0.0697,0.00293,1,1,1.000,0.7710,0.0913,0.0148,18.11,0.00,1791455951.089159,28,0,9.6
assignment3_kp2_t1,1791455950.904034,camera_color_optical_frame,1655,640,480,1,399.2,256.8,0.2476,0.0701,0.00296,1,0,,,,,11.00,33.36,1791455951.108392,28,0,9.6
assignment3_kp2_t1,1791455950.937392,camera_color_optical_frame,1656,640,480,1,402.2,256.9,0.2570,0.0704,0.00293,1,1,1.000,0.7680,0.0987,0.0149,16.02,0.00,1791455951.142555,28,0,11.0
assignment3_kp2_t1,1791455950.970751,camera_color_optical_frame,1657,640,480,1,405.7,256.6,0.2679,0.0694,0.00301,1,1,1.000,0.7680,0.1031,0.0146,10.58,0.00,1791455951.186025,28,0,12.4
assignment3_kp2_t1,1791455951.004109,camera_color_optical_frame,1658,640,480,1,407.5,256.4,0.2733,0.0682,0.00306,1,1,1.000,0.7710,0.1057,0.0143,16.26,0.00,1791455951.225475,28,0,12.4
assignment3_kp2_t1,1791455951.037467,camera_color_optical_frame,1659,640,480,1,408.7,256.0,0.2772,0.0665,0.00306,1,1,1.000,0.7700,0.1072,0.0138,13.40,0.00,1791455951.266208,28,0,13.7
assignment3_kp2_t1,1791455951.070826,camera_color_optical_frame,1660,640,480,1,409.0,255.5,0.2781,0.0646,0.00306,1,1,1.000,0.7700,0.1076,0.0132,19.64,0.00,1791455951.315162,28,0,0.0
assignment3_kp2_t1,1791455951.104184,camera_color_optical_frame,1661,640,480,1,408.0,254.7,0.2749,0.0612,0.00301,1,0,,,,,10.41,33.36,1791455951.333365,28,0,13.7
assignment3_kp2_t1,1791455951.137542,camera_color_optical_frame,1662,640,480,1,406.4,254.0,0.2699,0.0585,0.00300,1,1,1.000,0.7690,0.1041,0.0113,12.29,0.00,1791455951.366659,28,0,15.1
assignment3_kp2_t1,1791455951.170898,camera_color_optical_frame,1663,640,480,1,404.5,253.1,0.2642,0.0547,0.00302,1,1,1.000,0.7700,0.1019,0.0101,15.63,0.00,1791455951.409491,28,0,15.1
assignment3_kp2_t1,1791455951.204255,camera_color_optical_frame,1664,640,480,1,402.1,251.9,0.2566,0.0495,0.00294,1,0,,,,,14.56,33.36,1791455951.434313,28,0,15.1
assignment3_kp2_t1,1791455951.237611,camera_color_optical_frame,1665,640,480,1,399.1,249.6,0.2471,0.0401,0.00294,1,1,1.000,0.7690,0.0948,0.0057,13.63,0.00,1791455951.458961,28,0,15.1
assignment3_kp2_t1,1791455951.270960,camera_color_optical_frame,1666,640,480,1,395.3,247.0,0.2354,0.0291,0.00289,1,1,1.000,0.7720,0.0904,0.0023,11.62,0.00,1791455951.491486,28,0,15.1
assignment3_kp2_t1,1791455951.304314,camera_color_optical_frame,1667,640,480,1,391.1,245.4,0.2221,0.0224,0.00294,1,1,1.000,0.7730,0.0851,0.0003,13.69,0.00,1791455951.530560,28,0,15.1
assignment3_kp2_t1,1791455951.337669,camera_color_optical_frame,1668,640,480,1,386.8,243.9,0.2088,0.0161,0.00288,1,0,,,,,11.20,33.35,1791455951.550872,28,0,15.1
assignment3_kp2_t1,1791455951.371023,camera_color_optical_frame,1669,640,480,1,382.2,242.0,0.1945,0.0082,0.00286,1,1,1.000,0.7680,0.0734,-0.0040,11.34,0.00,1791455951.580659,28,0,15.1
assignment3_kp2_t1,1791455951.404377,camera_color_optical_frame,1670,640,480,1,377.8,239.5,0.1807,-0.0021,0.00292,1,1,1.000,0.7690,0.0679,-0.0072,11.54,0.00,1791455951.618114,28,0,15.1
assignment3_kp2_t1,1791455951.437732,camera_color_optical_frame,1671,640,480,1,373.4,238.7,0.1669,-0.0053,0.00295,1,1,1.000,0.7670,0.0621,-0.0081,12.42,0.00,1791455951.651393,28,0,13.7
assignment3_kp2_t1,1791455951.471086,camera_color_optical_frame,1672,640,480,1,368.7,238.5,0.1522,-0.0062,0.00290,1,1,1.000,0.7670,0.0561,-0.0084,16.95,0.00,1791455951.689046,28,0,13.7
assignment3_kp2_t1,1791455951.504440,camera_color_optical_frame,1673,640,480,1,364.3,236.8,0.1383,-0.0134,0.00295,1,0,,,,,9.39,33.35,1791455951.705640,28,0,13.7
assignment3_kp2_t1,1791455951.537794,camera_color_optical_frame,1674,640,480,1,360.1,236.6,0.1252,-0.0141,0.00294,1,1,1.000,0.7690,0.0453,-0.0108,11.54,0.00,1791455951.735775,28,0,12.4
assignment3_kp2_t1,1791455951.571148,camera_color_optical_frame,1675,640,480,1,356.3,236.4,0.1133,-0.0152,0.00295,1,1,1.000,0.7650,0.0403,-0.0111,15.21,0.00,1791455951.775175,28,0,11.0
assignment3_kp2_t1,1791455951.604502,camera_color_optical_frame,1676,640,480,1,353.0,235.9,0.1032,-0.0169,0.00302,1,1,1.000,0.7660,0.0362,-0.0116,12.56,0.00,1791455951.816509,28,0,11.0
assignment3_kp2_t1,1791455951.637856,camera_color_optical_frame,1677,640,480,1,350.1,236.0,0.0939,-0.0165,0.00302,1,1,1.000,0.7680,0.0326,-0.0115,13.85,0.00,1791455951.851170,28,0,9.6
assignment3_kp2_t1,1791455951.671210,camera_color_optical_frame,1678,640,480,1,347.9,236.0,0.0870,-0.0166,0.00305,1,1,1.000,0.7670,0.0297,-0.0115,16.30,0.00,1791455951.891718,28,0,8.2
assignment3_kp2_t1,1791455951.704564,camera_color_optical_frame,1679,640,480,1,346.2,236.2,0.0818,-0.0158,0.00307,1,0,,,,,12.97,33.35,1791455951.911040,28,0,8.2
assignment3_kp2_t1,1791455951.737918,camera_color_optical_frame,1680,640,480,1,344.6,236.7,0.0770,-0.0137,0.00305,1,1,1.000,0.7670,0.0257,-0.0107,12.60,0.00,1791455951.942018,28,0,6.9
assignment3_kp2_t1,1791455951.771272,camera_color_optical_frame,1681,640,480,1,343.7,236.6,0.0740,-0.0141,0.00309,1,1,1.000,0.7650,0.0244,-0.0108,17.06,0.00,1791455951.982798,28,0,5.5
assignment3_kp2_t1,1791455951.804626,camera_color_optical_frame,1682,640,480,1,342.5,237.4,0.0704,-0.0108,0.00308,1,1,1.000,0.7650,0.0229,-0.0098,18.49,0.00,1791455952.028020,28,0,5.5
assignment3_kp2_t1,1791455951.837980,camera_color_optical_frame,1683,640,480,1,341.8,237.3,0.0681,-0.0113,0.00310,1,1,1.000,0.7660,0.0220,-0.0099,11.03,0.00,1791455952.061473,28,0,5.5
assignment3_kp2_t1,1791455951.871334,camera_color_optical_frame,1684,640,480,1,341.3,237.6,0.0665,-0.0101,0.00312,1,1,1.000,0.7640,0.0213,-0.0095,11.08,0.00,1791455952.089186,28,0,4.1
assignment3_kp2_t1,1791455951.904687,camera_color_optical_frame,1685,640,480,1,340.7,238.0,0.0647,-0.0082,0.00309,1,0,,,,,11.17,33.35,1791455952.107948,28,0,4.1
assignment3_kp2_t1,1791455951.938041,camera_color_optical_frame,1686,640,480,1,340.0,237.6,0.0625,-0.0100,0.00310,1,1,1.000,0.7630,0.0197,-0.0095,15.61,0.00,1791455952.151402,28,0,4.1
assignment3_kp2_t1,1791455951.971394,camera_color_optical_frame,1687,640,480,1,338.8,237.6,0.0586,-0.0098,0.00312,1,0,,,,,8.58,33.35,1791455952.167511,28,0,4.1
assignment3_kp2_t1,1791455952.004748,camera_color_optical_frame,1688,640,480,1,337.5,237.2,0.0546,-0.0117,0.00311,1,1,1.000,0.7640,0.0165,-0.0100,11.22,0.00,1791455952.202495,28,0,4.1
assignment3_kp2_t1,1791455952.038101,camera_color_optical_frame,1689,640,480,1,335.8,236.4,0.0493,-0.0148,0.00305,1,1,1.000,0.7640,0.0144,-0.0110,12.17,0.00,1791455952.242535,28,0,4.1
assignment3_kp2_t1,1791455952.071455,camera_color_optical_frame,1690,640,480,1,333.9,236.0,0.0435,-0.0166,0.00305,1,1,1.000,0.7640,0.0121,-0.0115,17.46,0.00,1791455952.278563,28,0,4.1
assignment3_kp2_t1,1791455952.104809,camera_color_optical_frame,1691,640,480,1,332.1,235.4,0.0378,-0.0192,0.00307,1,0,,,,,9.26,33.35,1791455952.295116,28,0,4.1
assignment3_kp2_t1,1791455952.138162,camera_color_optical_frame,1692,640,480,1,330.6,235.0,0.0331,-0.0206,0.00309,1,1,1.000,0.7650,0.0079,-0.0127,12.36,0.00,1791455952.325329,28,0,2.8
assignment3_kp2_t1,1791455952.171518,camera_color_optical_frame,1693,640,480,1,329.1,235.0,0.0285,-0.0210,0.00311,1,1,1.000,0.7660,0.0060,-0.0129,16.03,0.00,1791455952.373516,28,0,0.0
assignment3_kp2_t1,1791455952.204873,camera_color_optical_frame,1694,640,480,1,327.4,234.4,0.0233,-0.0233,0.00312,1,1,1.000,0.7640,0.0039,-0.0135,11.80,0.00,1791455952.405561,28,0,1.4
assignment3_kp2_t1,1791455952.238229,camera_color_optical_frame,1695,640,480,1,325.9,234.6,0.0184,-0.0225,0.00307,1,1,1.000,0.7680,0.0019,-0.0134,11.86,0.00,1791455952.442361,28,0,2.8
assignment3_kp2_t1,1791455952.271585,camera_color_optical_frame,1696,640,480,1,324.8,234.8,0.0151,-0.0216,0.00312,1,1,1.000,0.7650,0.0006,-0.0130,15.59,0.00,1791455952.483886,28,0,0.0
assignment3_kp2_t1,1791455952.304941,camera_color_optical_frame,1697,640,480,1,323.8,235.0,0.0118,-0.0207,0.00307,1,1,1.000,0.7660,-0.0007,-0.0128,17.90,0.00,1791455952.523112,28,0,0.0
assignment3_kp2_t1,1791455952.338296,camera_color_optical_frame,1698,640,480,1,321.5,235.2,0.0047,-0.0199,0.00307,1,0,,,,,13.50,33.36,1791455952.544779,28,0,0.0
assignment3_kp2_t1,1791455952.371652,camera_color_optical_frame,1699,640,480,1,319.3,235.9,-0.0023,-0.0172,0.00309,1,1,1.000,0.7670,-0.0065,-0.0117,11.59,0.00,1791455952.569028,28,0,0.0
assignment3_kp2_t1,1791455952.405007,camera_color_optical_frame,1700,640,480,1,318.5,236.1,-0.0047,-0.0163,0.00313,1,1,1.000,0.7680,-0.0074,-0.0115,12.80,0.00,1791455952.608784,28,0,0.0
assignment3_kp2_t1,1791455952.438363,camera_color_optical_frame,1701,640,480,1,317.7,236.6,-0.0071,-0.0141,0.00310,1,1,1.000,0.7660,-0.0084,-0.0108,12.49,0.00,1791455952.645489,28,0,0.0
assignment3_kp2_t1,1791455952.471719,camera_color_optical_frame,1702,640,480,1,317.3,237.1,-0.0086,-0.0122,0.00312,1,1,1.000,0.7670,-0.0090,-0.0102,15.09,0.00,1791455952.690696,28,0,0.0
assignment3_kp2_t1,1791455952.505074,camera_color_optical_frame,1703,640,480,1,317.0,237.1,-0.0095,-0.0121,0.00312,1,1,1.000,0.7660,-0.0094,-0.0102,18.32,0.00,1791455952.726967,28,0,0.0
assignment3_kp2_t1,1791455952.538430,camera_color_optical_frame,1704,640,480,1,316.6,237.1,-0.0106,-0.0119,0.00312,1,0,,,,,10.30,33.36,1791455952.745667,28,0,0.0
assignment3_kp2_t1,1791455952.571785,camera_color_optical_frame,1705,640,480,1,316.0,237.8,-0.0123,-0.0092,0.00306,1,1,1.000,0.7670,-0.0105,-0.0093,19.21,0.00,1791455952.784426,28,0,0.0
assignment3_kp2_t1,1791455952.605141,camera_color_optical_frame,1706,640,480,1,315.9,238.2,-0.0129,-0.0077,0.00309,1,1,1.000,0.7680,-0.0108,-0.0089,10.52,0.00,1791455952.817316,28,0,0.0
assignment3_kp2_t1,1791455952.638496,camera_color_optical_frame,1707,640,480,1,315.6,238.4,-0.0137,-0.0066,0.00310,1,1,1.000,0.7670,-0.0111,-0.0085,11.30,0.00,1791455952.848655,28,0,0.0
assignment3_kp2_t1,1791455952.671851,camera_color_optical_frame,1708,640,480,1,315.4,238.7,-0.0144,-0.0055,0.00306,1,1,1.000,0.7690,-0.0114,-0.0082,17.29,0.00,1791455952.893866,28,0,0.0
assignment3_kp2_t1,1791455952.705207,camera_color_optical_frame,1709,640,480,1,315.0,238.9,-0.0157,-0.0045,0.00312,1,1,1.000,0.7690,-0.0119,-0.0079,13.66,0.00,1791455952.927601,28,0,0.0
assignment3_kp2_t1,1791455952.738562,camera_color_optical_frame,1710,640,480,1,314.1,239.2,-0.0185,-0.0034,0.00306,1,0,,,,,9.73,33.36,1791455952.944376,28,0,0.0
assignment3_kp2_t1,1791455952.771917,camera_color_optical_frame,1711,640,480,1,313.3,239.3,-0.0209,-0.0031,0.00311,1,1,1.000,0.7700,-0.0141,-0.0075,12.59,0.00,1791455952.975218,28,0,0.0
assignment3_kp2_t1,1791455952.805273,camera_color_optical_frame,1712,640,480,1,313.0,239.2,-0.0220,-0.0032,0.00310,1,1,1.000,0.7690,-0.0145,-0.0075,13.08,0.00,1791455953.020423,28,0,0.0
assignment3_kp2_t1,1791455952.838628,camera_color_optical_frame,1713,640,480,1,312.8,239.4,-0.0224,-0.0024,0.00308,1,1,1.000,0.7720,-0.0147,-0.0073,12.24,0.00,1791455953.053437,28,0,0.0
assignment3_kp2_t1,1791455952.871983,camera_color_optical_frame,1714,640,480,1,313.3,240.0,-0.0211,-0.0002,0.00310,1,1,1.000,0.7700,-0.0141,-0.0066,10.46,0.00,1791455953.091143,28,0,0.0
assignment3_kp2_t1,1791455952.905338,camera_color_optical_frame,1715,640,480,1,314.1,240.7,-0.0185,0.0028,0.00301,1,1,1.000,0.7720,-0.0131,-0.0057,16.52,0.00,1791455953.131964,28,0,0.0
assignment3_kp2_t1,1791455952.938693,camera_color_optical_frame,1716,640,480,1,315.4,241.1,-0.0144,0.0044,0.00305,1,0,,,,,12.04,33.35,1791455953.151979,28,0,0.0
assignment3_kp2_t1,1791455952.972049,camera_color_optical_frame,1717,640,480,1,317.3,241.6,-0.0084,0.0067,0.00300,1,1,1.000,0.7740,-0.0090,-0.0045,10.72,0.00,1791455953.180587,28,0,0.0
assignment3_kp2_t1,1791455953.005404,camera_color_optical_frame,1718,640,480,1,319.8,242.3,-0.0007,0.0095,0.00298,1,1,1.000,0.7750,-0.0059,-0.0037,11.47,0.00,1791455953.217369,28,0,0.0
assignment3_kp2_t1,1791455953.038759,camera_color_optical_frame,1719,640,480,1,323.0,242.9,0.0093,0.0123,0.00294,1,1,1.000,0.7750,-0.0018,-0.0028,10.72,0.00,1791455953.253722,28,0,0.0
assignment3_kp2_t1,1791455953.072114,camera_color_optical_frame,1720,640,480,1,327.5,243.3,0.0234,0.0139,0.00284,1,1,1.000,0.7740,0.0040,-0.0023,15.31,0.00,1791455953.297977,28,0,0.0
assignment3_kp2_t1,1791455953.105468,camera_color_optical_frame,1721,640,480,1,332.9,244.4,0.0405,0.0183,0.00269,1,0,,,,,10.03,33.35,1791455953.315035,28,0,0.0
assignment3_kp2_t1,1791455953.138823,camera_color_optical_frame,1722,640,480,1,339.2,244.5,0.0600,0.0188,0.00266,1,1,1.000,0.7760,0.0190,-0.0008,13.87,0.00,1791455953.347482,28,0,0.0
assignment3_kp2_t1,1791455953.172178,camera_color_optical_frame,1723,640,480,1,346.9,244.9,0.0841,0.0205,0.00257,1,1,1.000,0.7800,0.0290,-0.0003,13.29,0.00,1791455953.387534,28,0,0.0
assignment3_kp2_t1,1791455953.205533,camera_color_optical_frame,1724,640,480,1,354.7,244.6,0.1085,0.0193,0.00255,1,1,1.000,0.7850,0.0393,-0.0007,10.45,0.00,1791455953.431784,28,0,0.0
assignment3_kp2_t1,1791455953.238888,camera_color_optical_frame,1725,640,480,1,362.8,244.2,0.1338,0.0177,0.00252,1,1,1.000,0.7870,0.0499,-0.0012,14.41,0.00,1791455953.469970,28,0,2.8
assignment3_kp2_t1,1791455953.272251,camera_color_optical_frame,1726,640,480,1,371.4,244.1,0.1605,0.0171,0.00247,1,0,,,,,8.70,33.36,1791455953.487962,28,0,2.8
assignment3_kp2_t1,1791455953.305608,camera_color_optical_frame,1727,640,480,1,380.0,244.3,0.1876,0.0181,0.00242,1,1,1.000,0.7860,0.0722,-0.0010,10.06,0.00,1791455953.522078,28,0,4.1
assignment3_kp2_t1,1791455953.338964,camera_color_optical_frame,1728,640,480,1,389.0,244.3,0.2157,0.0178,0.00243,1,1,1.000,0.7910,0.0844,-0.0011,10.08,0.00,1791455953.559877,28,0,4.1
assignment3_kp2_t1,1791455953.372320,camera_color_optical_frame,1729,640,480,1,397.5,244.5,0.2423,0.0189,0.00251,1,1,1.000,0.7900,0.0954,-0.0008,12.70,0.00,1791455953.596916,28,0,4.1
assignment3_kp2_t1,1791455953.405677,camera_color_optical_frame,1730,640,480,1,404.5,244.9,0.2640,0.0205,0.00261,1,0,,,,,15.37,33.36,1791455953.619956,28,0,4.1
assignment3_kp2_t1,1791455953.439033,camera_color_optical_frame,1731,640,480,1,411.4,244.9,0.2855,0.0205,0.00283,1,1,1.000,0.7860,0.1129,-0.0003,16.19,0.00,1791455953.649703,28,0,4.1
assignment3_kp2_t1,1791455953.472389,camera_color_optical_frame,1732,640,480,1,416.9,245.3,0.3029,0.0222,0.00290,1,1,1.000,0.7870,0.1203,0.0003,19.41,0.00,1791455953.686043,28,0,5.5
assignment3_kp2_t1,1791455953.505744,camera_color_optical_frame,1733,640,480,1,421.3,245.7,0.3167,0.0239,0.00302,1,1,1.000,0.7920,0.1268,0.0008,17.37,0.00,1791455953.720610,28,0,6.9
assignment3_kp2_t1,1791455953.539100,camera_color_optical_frame,1734,640,480,1,424.8,245.9,0.3275,0.0245,0.00311,1,1,0.997,0.7940,0.1316,0.0010,23.30,0.00,1791455953.767070,28,0,8.2
assignment3_kp2_t1,1791455953.605811,camera_color_optical_frame,1735,640,480,1,427.2,245.4,0.3349,0.0225,0.00311,1,1,0.997,0.7980,0.1354,0.0003,21.10,0.00,1791455953.805631,28,0,9.6
assignment3_kp2_t1,1791455953.639167,camera_color_optical_frame,1736,640,480,1,426.8,244.6,0.3339,0.0192,0.00296,1,1,1.000,0.7990,0.1352,-0.0007,17.44,0.00,1791455953.838373,28,0,9.6
assignment3_kp2_t1,1791455953.672522,camera_color_optical_frame,1737,640,480,1,425.5,243.5,0.3297,0.0146,0.00295,1,1,1.000,0.7990,0.1334,-0.0022,17.32,0.00,1791455953.871383,28,0,11.0
assignment3_kp2_t1,1791455953.705877,camera_color_optical_frame,1738,640,480,1,423.5,243.2,0.3235,0.0132,0.00284,1,1,1.000,0.8010,0.1311,-0.0026,17.97,0.00,1791455953.906769,28,0,12.4
assignment3_kp2_t1,1791455953.739232,camera_color_optical_frame,1739,640,480,1,421.0,242.8,0.3155,0.0115,0.00279,1,1,1.000,0.8000,0.1275,-0.0031,14.74,0.00,1791455953.936237,28,0,12.4
assignment3_kp2_t1,1791455953.772587,camera_color_optical_frame,1740,640,480,1,417.8,242.2,0.3055,0.0092,0.00283,1,1,1.000,0.8010,0.1235,-0.0039,13.30,0.00,1791455953.966361,28,0,13.7
assignment3_kp2_t1,1791455953.805941,camera_color_optical_frame,1741,640,480,1,413.7,241.8,0.2929,0.0075,0.00275,1,1,1.000,0.8000,0.1180,-0.0044,14.50,0.00,1791455954.003671,28,0,15.1
assignment3_kp2_t1,1791455953.839296,camera_color_optical_frame,1742,640,480,1,409.6,240.8,0.2801,0.0035,0.00283,1,1,0.998,0.8020,0.1129,-0.0057,12.31,0.00,1791455954.036283,28,0,16.5
assignment3_kp2_t1,1791455953.872651,camera_color_optical_frame,1743,640,480,1,404.9,240.4,0.2653,0.0018,0.00269,1,1,1.000,0.8020,0.1066,-0.0062,11.56,0.00,1791455954.067827,28,0,17.9
assignment3_kp2_t1,1791455953.906005,camera_color_optical_frame,1744,640,480,1,400.1,239.3,0.2502,-0.0028,0.00269,1,1,0.927,0.7970,0.0996,-0.0077,13.54,0.00,1791455954.105055,28,0,17.9
assignment3_kp2_t1,1791455953.939359,camera_color_optical_frame,1745,640,480,1,395.1,239.0,0.2346,-0.0044,0.00262,1,1,0.862,0.7980,0.0931,-0.0082,12.26,0.00,1791455954.140028,28,0,19.2
assignment3_kp2_t1,1791455953.972713,camera_color_optical_frame,1746,640,480,1,390.4,238.2,0.2199,-0.0077,0.00268,1,1,0.851,0.7980,0.0869,-0.0092,14.83,0.00,1791455954.177771,28,0,19.2
assignment3_kp2_t1,1791455954.006067,camera_color_optical_frame,1747,640,480,1,385.8,237.1,0.2055,-0.0123,0.00267,1,1,0.948,0.8060,0.0817,-0.0108,18.01,0.00,1791455954.221398,28,0,16.5
assignment3_kp2_t1,1791455954.039421,camera_color_optical_frame,1748,640,480,1,381.2,236.5,0.1914,-0.0147,0.00270,1,0,,,,,10.05,33.35,1791455954.239877,28,0,16.5
assignment3_kp2_t1,1791455954.072774,camera_color_optical_frame,1749,640,480,1,376.5,235.9,0.1767,-0.0170,0.00251,1,1,0.933,0.8060,0.0694,-0.0123,14.01,0.00,1791455954.275147,28,0,16.5
assignment3_kp2_t1,1791455954.106128,camera_color_optical_frame,1750,640,480,1,372.5,235.2,0.1640,-0.0201,0.00263,1,1,0.884,0.8060,0.0640,-0.0133,12.51,0.00,1791455954.309189,28,0,15.1
assignment3_kp2_t1,1791455954.139481,camera_color_optical_frame,1751,640,480,1,368.5,234.9,0.1514,-0.0211,0.00256,1,1,0.952,0.8060,0.0587,-0.0136,16.85,0.00,1791455954.348888,28,0,13.7
assignment3_kp2_t1,1791455954.172835,camera_color_optical_frame,1752,640,480,1,364.3,234.9,0.1384,-0.0211,0.00264,1,1,0.962,0.8060,0.0531,-0.0136,12.30,0.00,1791455954.379071,28,0,12.4
assignment3_kp2_t1,1791455954.206188,camera_color_optical_frame,1753,640,480,1,360.7,234.6,0.1272,-0.0223,0.00261,1,1,0.983,0.8110,0.0486,-0.0141,17.68,0.00,1791455954.422078,28,0,11.0
assignment3_kp2_t1,1791455954.239542,camera_color_optical_frame,1754,640,480,1,358.2,235.1,0.1194,-0.0204,0.00256,1,0,,,,,12.84,33.35,1791455954.442736,28,0,11.0
assignment3_kp2_t1,1791455954.272911,camera_color_optical_frame,1755,640,480,1,355.7,234.6,0.1116,-0.0225,0.00253,1,1,0.991,0.8160,0.0422,-0.0142,18.13,0.00,1791455954.483105,28,0,9.6
assignment3_kp2_t1,1791455954.306268,camera_color_optical_frame,1756,640,480,1,354.3,234.4,0.1071,-0.0232,0.00266,1,1,0.903,0.8130,0.0401,-0.0144,14.26,0.00,1791455954.511358,28,0,9.6
assignment3_kp2_t1,1791455954.339626,camera_color_optical_frame,1757,640,480,1,353.1,234.5,0.1033,-0.0230,0.00261,1,1,0.961,0.8100,0.0384,-0.0143,12.22,0.00,1791455954.545857,28,0,8.2
assignment3_kp2_t1,1791455954.372983,camera_color_optical_frame,1758,640,480,1,353.1,234.4,0.1035,-0.0233,0.00260,1,1,0.961,0.8080,0.0383,-0.0143,19.82,0.00,1791455954.591255,28,0,8.2
assignment3_kp2_t1,1791455954.406340,camera_color_optical_frame,1759,640,480,1,353.6,233.5,0.1049,-0.0272,0.00256,1,1,0.980,0.8080,0.0389,-0.0156,13.25,0.00,1791455954.624266,28,0,6.9
assignment3_kp2_t1,1791455954.439697,camera_color_optical_frame,1760,640,480,1,354.9,234.1,0.1090,-0.0248,0.00265,1,0,,,,,16.71,33.36,1791455954.652131,28,0,6.9
assignment3_kp2_t1,1791455954.473055,camera_color_optical_frame,1761,640,480,1,356.8,234.3,0.1149,-0.0239,0.00266,1,1,0.998,0.8160,0.0436,-0.0147,10.77,0.00,1791455954.672581,28,0,6.9
assignment3_kp2_t1,1791455954.506412,camera_color_optical_frame,1762,640,480,1,358.8,233.8,0.1211,-0.0260,0.00264,1,1,0.992,0.8220,0.0467,-0.0155,11.33,0.00,1791455954.702399,28,0,5.5
assignment3_kp2_t1,1791455954.539769,camera_color_optical_frame,1763,640,480,1,361.5,233.2,0.1298,-0.0282,0.00275,1,1,1.000,0.8190,0.0502,-0.0161,16.26,0.00,1791455954.746606,28,0,5.5
assignment3_kp2_t1,1791455954.573127,camera_color_optical_frame,1764,640,480,1,364.2,233.2,0.1382,-0.0285,0.00280,1,1,0.989,0.8120,0.0534,-0.0161,16.96,0.00,1791455954.783726,28,0,5.5
assignment3_kp2_t1,1791455954.606484,camera_color_optical_frame,1765,640,480,1,366.4,232.9,0.1451,-0.0295,0.00273,1,1,1.000,0.8170,0.0567,-0.0165,16.95,0.00,1791455954.818698,28,0,5.5
assignment3_kp2_t1,1791455954.639841,camera_color_optical_frame,1766,640,480,1,368.8,232.9,0.1527,-0.0294,0.00273,1,1,1.000,0.8170,0.0600,-0.0165,14.13,0.00,1791455954.858559,28,0,5.5
assignment3_kp2_t1,1791455954.673199,camera_color_optical_frame,1767,640,480,1,370.6,232.7,0.1581,-0.0306,0.00270,1,0,,,,,12.66,33.36,1791455954.890067,28,0,6.9
assignment3_kp2_t1,1791455954.706556,camera_color_optical_frame,1768,640,480,1,372.2,233.1,0.1632,-0.0286,0.00269,1,1,1.000,0.8220,0.0649,-0.0163,15.28,0.00,1791455954.933195,28,0,6.9
assignment3_kp2_t1,1791455954.773270,camera_color_optical_frame,1769,640,480,1,374.2,231.9,0.1692,-0.0336,0.00271,1,1,0.996,0.8210,0.0675,-0.0179,10.85,0.00,1791455954.965008,28,0,6.9
assignment3_kp2_t1,1791455954.806628,camera_color_optical_frame,1770,640,480,1,374.1,232.3,0.1692,-0.0320,0.00271,1,1,0.988,0.8230,0.0676,-0.0174,12.84,0.00,1791455955.002256,28,0,8.2
assignment3_kp2_t1,1791455954.839985,camera_color_optical_frame,1771,640,480,1,374.1,232.3,0.1690,-0.0322,0.00268,1,1,0.992,0.8200,0.0673,-0.0174,15.86,0.00,1791455955.038893,28,0,8.2
assignment3_kp2_t1,1791455954.873342,camera_color_optical_frame,1772,640,480,1,374.0,231.8,0.1687,-0.0341,0.00270,2,1,0.969,0.8210,0.0672,-0.0181,26.28,0.00,1791455955.087933,28,0,8.2
assignment3_kp2_t1,1791455954.906699,camera_color_optical_frame,1773,640,480,1,374.0,231.9,0.1688,-0.0336,0.00270,3,1,0.962,0.8200,0.0672,-0.0179,21.51,0.00,1791455955.121899,28,0,8.2
assignment3_kp2_t1,1791455954.973414,camera_color_optical_frame,1774,640,480,1,373.9,232.6,0.1685,-0.0309,0.00269,3,0,,,,,16.50,33.36,1791455955.155617,28,0,8.2
assignment3_kp2_t1,1791455955.006771,camera_color_optical_frame,1775,640,480,1,373.9,233.1,0.1683,-0.0287,0.00268,2,1,0.963,0.8160,0.0667,-0.0162,19.09,0.00,1791455955.190529,28,0,8.2
assignment3_kp2_t1,1791455955.040128,camera_color_optical_frame,1776,640,480,1,373.8,233.3,0.1682,-0.0280,0.00273,2,1,0.962,0.8160,0.0666,-0.0160,17.75,0.00,1791455955.222103,28,0,8.2
assignment3_kp2_t1,1791455955.073485,camera_color_optical_frame,1777,640,480,1,374.0,233.7,0.1689,-0.0261,0.00273,3,1,0.994,0.8110,0.0665,-0.0153,21.14,0.00,1791455955.258973,28,0,8.2
assignment3_kp2_t1,1791455955.106843,camera_color_optical_frame,1778,640,480,1,374.2,234.5,0.1695,-0.0228,0.00274,3,1,1.000,0.8110,0.0667,-0.0142,17.95,0.00,1791455955.293909,28,0,8.2
assignment3_kp2_t1,1791455955.140200,camera_color_optical_frame,1779,640,480,1,374.5,234.8,0.1703,-0.0215,0.00277,2,1,1.000,0.8120,0.0672,-0.0138,15.68,0.00,1791455955.323708,28,0,8.2
assignment3_kp2_t1,1791455955.173553,camera_color_optical_frame,1780,640,480,1,374.8,235.7,0.1712,-0.0179,0.00273,3,1,1.000,0.8110,0.0675,-0.0126,15.20,0.00,1791455955.355343,28,0,9.6
assignment3_kp2_t1,1791455955.206907,camera_color_optical_frame,1781,640,480,1,375.0,236.5,0.1720,-0.0145,0.00275,3,1,1.000,0.8090,0.0677,-0.0115,16.39,0.00,1791455955.398722,28,0,9.6
assignment3_kp2_t1,1791455955.240260,camera_color_optical_frame,1782,640,480,1,375.4,237.3,0.1731,-0.0112,0.00275,3,1,1.000,0.8080,0.0681,-0.0104,17.84,0.00,1791455955.441157,28,0,9.6
assignment3_kp2_t1,1791455955.273632,camera_color_optical_frame,1783,640,480,1,376.1,238.2,0.1752,-0.0074,0.00279,2,1,1.000,0.8080,0.0689,-0.0092,17.68,0.00,1791455955.471354,28,0,9.6
assignment3_kp2_t1,1791455955.306992,camera_color_optical_frame,1784,640,480,1,377.1,239.2,0.1786,-0.0032,0.00276,2,1,1.000,0.8030,0.0699,-0.0078,25.23,0.00,1791455955.515949,28,1,9.6
assignment3_kp2_t1,1791455955.340352,camera_color_optical_frame,1785,640,480,1,377.8,240.2,0.1806,0.0006,0.00278,1,1,1.000,0.8030,0.0708,-0.0066,15.89,0.00,1791455955.543333,28,1,8.2
assignment3_kp2_t1,1791455955.373713,camera_color_optical_frame,1786,640,480,1,379.1,240.8,0.1846,0.0033,0.00279,2,1,1.000,0.8040,0.0726,-0.0058,17.62,0.00,1791455955.579120,28,1,8.2
assignment3_kp2_t1,1791455955.407073,camera_color_optical_frame,1787,640,480,1,380.6,241.7,0.1893,0.0071,0.00279,3,0,,,,,11.24,33.36,1791455955.606653,28,0,8.2
assignment3_kp2_t1,1791455955.440434,camera_color_optical_frame,1788,640,480,1,381.5,242.4,0.1923,0.0099,0.00277,2,1,1.000,0.8060,0.0761,-0.0037,19.52,0.00,1791455955.636710,28,1,8.2
assignment3_kp2_t1,1791455955.473794,camera_color_optical_frame,1789,640,480,1,382.1,242.5,0.1940,0.0105,0.00280,2,1,1.000,0.8050,0.0767,-0.0035,17.82,0.00,1791455955.667526,28,1,8.2
assignment3_kp2_t1,1791455955.507155,camera_color_optical_frame,1790,640,480,1,382.6,242.4,0.1955,0.0100,0.00283,1,1,1.000,0.8030,0.0771,-0.0036,14.66,0.00,1791455955.698089,28,1,9.6
assignment3_kp2_t1,1791455955.540516,camera_color_optical_frame,1791,640,480,1,382.4,242.4,0.1949,0.0099,0.00279,1,1,1.000,0.8050,0.0771,-0.0037,14.44,0.00,1791455955.728595,28,1,9.6
assignment3_kp2_t1,1791455955.573877,camera_color_optical_frame,1792,640,480,1,381.8,242.3,0.1930,0.0095,0.00275,1,1,1.000,0.8050,0.0763,-0.0038,15.06,0.00,1791455955.767337,28,1,9.6
assignment3_kp2_t1,1791455955.607239,camera_color_optical_frame,1793,640,480,1,380.4,241.7,0.1889,0.0070,0.00278,1,1,1.000,0.8090,0.0749,-0.0046,14.30,0.00,1791455955.799594,28,1,9.6
assignment3_kp2_t1,1791455955.640600,camera_color_optical_frame,1794,640,480,1,378.4,241.0,0.1823,0.0043,0.00273,1,1,1.000,0.8090,0.0721,-0.0055,14.72,0.00,1791455955.831359,28,1,9.6
assignment3_kp2_t1,1791455955.673961,camera_color_optical_frame,1795,640,480,1,375.6,240.6,0.1738,0.0025,0.00273,2,1,1.000,0.8090,0.0684,-0.0061,15.46,0.00,1791455955.868416,28,1,9.6
assignment3_kp2_t1,1791455955.707323,camera_color_optical_frame,1796,640,480,1,372.4,239.8,0.1636,-0.0008,0.00272,2,1,1.000,0.8110,0.0642,-0.0071,17.84,0.00,1791455955.906983,28,1,9.6
assignment3_kp2_t1,1791455955.740685,camera_color_optical_frame,1797,640,480,1,367.8,239.2,0.1494,-0.0032,0.00264,1,1,1.000,0.8110,0.0582,-0.0079,10.59,0.00,1791455955.933213,28,1,9.6
assignment3_kp2_t1,1791455955.774047,camera_color_optical_frame,1798,640,480,1,362.4,238.8,0.1326,-0.0049,0.00260,1,1,1.000,0.8100,0.0509,-0.0084,12.11,0.00,1791455955.973635,28,1,12.4
assignment3_kp2_t1,1791455955.807409,camera_color_optical_frame,1799,640,480,1,356.4,237.6,0.1139,-0.0101,0.00262,1,1,1.000,0.8160,0.0432,-0.0102,16.77,0.00,1791455956.011556,28,1,11.0
assignment3_kp2_t1,1791455955.840771,camera_color_optical_frame,1800,640,480,1,350.0,236.3,0.0939,-0.0153,0.00259,2,1,1.000,0.8090,0.0343,-0.0118,15.59,0.00,1791455956.046404,28,1,11.0
assignment3_kp2_t1,1791455955.874133,camera_color_optical_frame,1801,640,480,1,342.7,235.8,0.0710,-0.0174,0.00257,2,1,1.000,0.8120,0.0246,-0.0125,13.37,0.00,1791455956.078317,28,1,9.6
assignment3_kp2_t1,1791455955.907496,camera_color_optical_frame,1802,640,480,1,334.6,234.6,0.0455,-0.0224,0.00252,2,1,1.000,0.8090,0.0136,-0.0140,19.43,0.00,1791455956.115869,28,1,9.6
assignment3_kp2_t1,1791455955.940859,camera_color_optical_frame,1803,640,480,1,325.9,233.4,0.0183,-0.0273,0.00252,3,0,,,,,12.16,33.36,1791455956.135653,28,0,9.6
assignment3_kp2_t1,1791455955.974221,camera_color_optical_frame,1804,640,480,1,316.4,232.4,-0.0112,-0.0317,0.00256,2,1,1.000,0.8060,-0.0106,-0.0170,15.05,0.00,1791455956.167705,28,1,9.6
assignment3_kp2_t1,1791455956.007584,camera_color_optical_frame,1805,640,480,1,307.7,231.5,-0.0385,-0.0354,0.00255,2,1,1.000,0.8070,-0.0222,-0.0182,15.13,0.00,1791455956.203874,28,1,6.9
assignment3_kp2_t1,1791455956.040947,camera_color_optical_frame,1806,640,480,1,298.8,231.0,-0.0661,-0.0374,0.00252,2,1,1.000,0.8060,-0.0340,-0.0188,13.86,0.00,1791455956.233369,28,1,5.5
assignment3_kp2_t1,1791455956.074311,camera_color_optical_frame,1807,640,480,1,289.9,229.3,-0.0942,-0.0446,0.00258,2,1,1.000,0.8030,-0.0457,-0.0210,12.89,0.00,1791455956.271933,28,1,2.8
assignment3_kp2_t1,1791455956.107674,camera_color_optical_frame,1808,640,480,1,280.7,228.0,-0.1228,-0.0502,0.00257,1,1,1.000,0.8010,-0.0577,-0.0227,11.25,0.00,1791455956.307888,28,1,0.0
assignment3_kp2_t1,1791455956.141037,camera_color_optical_frame,1809,640,480,1,272.4,226.0,-0.1488,-0.0582,0.00264,1,1,1.000,0.8000,-0.0686,-0.0252,13.17,0.00,1791455956.351117,28,1,0.0
assignment3_kp2_t1,1791455956.174401,camera_color_optical_frame,1810,640,480,1,264.5,224.7,-0.1736,-0.0637,0.00261,1,1,1.000,0.7990,-0.0790,-0.0269,12.91,0.00,1791455956.394251,28,1,1.4
assignment3_kp2_t1,1791455956.207756,camera_color_optical_frame,1811,640,480,1,256.4,223.3,-0.1988,-0.0696,0.00275,2,0,,,,,13.98,33.36,1791455956.422094,28,0,1.4
assignment3_kp2_t1,1791455956.241112,camera_color_optical_frame,1812,640,480,1,249.3,222.7,-0.2211,-0.0719,0.00268,1,1,0.983,0.7940,-0.0984,-0.0294,24.48,0.00,1791455956.456404,28,1,2.8
assignment3_kp2_t1,1791455956.274485,camera_color_optical_frame,1813,640,480,1,241.8,222.0,-0.2443,-0.0750,0.00268,1,1,0.996,0.7880,-0.1074,-0.0301,23.07,0.00,1791455956.490161,28,1,5.5
assignment3_kp2_t1,1791455956.307847,camera_color_optical_frame,1814,640,480,1,233.8,221.1,-0.2695,-0.0786,0.00278,1,1,0.996,0.7810,-0.1168,-0.0310,23.56,0.00,1791455956.525415,28,1,5.5
assignment3_kp2_t1,1791455956.341209,camera_color_optical_frame,1815,640,480,1,227.0,221.8,-0.2907,-0.0760,0.00292,2,1,1.000,0.7780,-0.1251,-0.0300,22.19,0.00,1791455956.560637,28,0,5.5
assignment3_kp2_t1,1791455956.374571,camera_color_optical_frame,1816,640,480,1,220.6,221.7,-0.3106,-0.0763,0.00314,2,1,1.000,0.7760,-0.1329,-0.0300,15.86,0.00,1791455956.589640,28,0,5.5
assignment3_kp2_t1,1791455956.407933,camera_color_optical_frame,1817,640,480,1,214.7,221.7,-0.3292,-0.0764,0.00308,2,1,1.000,0.7730,-0.1400,-0.0300,13.37,0.00,1791455956.621545,28,0,6.9
assignment3_kp2_t1,1791455956.441296,camera_color_optical_frame,1818,640,480,1,208.5,222.0,-0.3485,-0.0750,0.00327,2,0,,,,,9.13,33.36,1791455956.639849,28,0,8.2
assignment3_kp2_t1,1791455956.474658,camera_color_optical_frame,1819,640,480,1,203.4,222.0,-0.3645,-0.0750,0.00340,2,1,0.992,0.7650,-0.1528,-0.0292,12.32,0.00,1791455956.664633,28,0,9.6
assignment3_kp2_t1,1791455956.508021,camera_color_optical_frame,1820,640,480,1,198.4,222.5,-0.3799,-0.0727,0.00336,2,1,0.972,0.7620,-0.1584,-0.0284,12.82,0.00,1791455956.715545,28,0,15.1
assignment3_kp2_t1,1791455956.541384,camera_color_optical_frame,1821,640,480,1,194.2,223.1,-0.3930,-0.0704,0.00346,3,1,0.997,0.7650,-0.1643,-0.0278,14.23,0.00,1791455956.752407,28,0,16.5
assignment3_kp2_t1,1791455956.574746,camera_color_optical_frame,1822,640,480,1,191.2,225.0,-0.4026,-0.0625,0.00338,2,1,0.994,0.7580,-0.1667,-0.0252,13.43,0.00,1791455956.783973,28,0,17.9
assignment3_kp2_t1,1791455956.608109,camera_color_optical_frame,1823,640,480,1,188.3,227.2,-0.4115,-0.0532,0.00331,1,1,0.915,0.7590,-0.1704,-0.0224,16.56,0.00,1791455956.823771,28,0,19.2
assignment3_kp2_t1,1791455956.641472,camera_color_optical_frame,1824,640,480,1,186.6,229.4,-0.4168,-0.0443,0.00333,1,0,,,,,12.33,33.36,1791455956.843323,28,0,19.2
assignment3_kp2_t1,1791455956.674835,camera_color_optical_frame,1825,640,480,1,185.2,231.9,-0.4213,-0.0336,0.00328,1,1,0.960,0.7600,-0.1746,-0.0166,11.85,0.00,1791455956.873171,28,0,20.6
assignment3_kp2_t1,1791455956.708198,camera_color_optical_frame,1826,640,480,1,184.5,234.8,-0.4234,-0.0216,0.00320,1,1,1.000,0.7590,-0.1752,-0.0129,12.33,0.00,1791455956.914215,28,0,22.0
assignment3_kp2_t1,1791455956.741561,camera_color_optical_frame,1827,640,480,1,184.1,237.6,-0.4246,-0.0102,0.00322,1,1,1.000,0.7560,-0.1750,-0.0095,12.45,0.00,1791455956.946877,28,0,22.0
assignment3_kp2_t1,1791455956.774925,camera_color_optical_frame,1828,640,480,1,185.2,241.1,-0.4214,0.0046,0.00330,1,1,1.000,0.7580,-0.1742,-0.0050,19.71,0.00,1791455956.986679,28,0,23.4
assignment3_kp2_t1,1791455956.841652,camera_color_optical_frame,1829,640,480,1,187.3,248.7,-0.4146,0.0361,0.00348,1,0,,,,,9.60,66.73,1791455957.007102,28,0,23.4
assignment3_kp2_t1,1791455956.875015,camera_color_optical_frame,1830,640,480,1,189.4,250.9,-0.4081,0.0452,0.00339,1,1,1.000,0.7580,-0.1688,0.0072,10.74,0.00,1791455957.041869,28,0,23.4
assignment3_kp2_t1,1791455956.908379,camera_color_optical_frame,1831,640,480,1,191.6,251.2,-0.4012,0.0469,0.00324,1,1,1.000,0.7560,-0.1657,0.0076,13.75,0.00,1791455957.083272,28,0,23.4
assignment3_kp2_t1,1791455956.941743,camera_color_optical_frame,1832,640,480,1,194.4,251.4,-0.3924,0.0477,0.00320,1,1,1.000,0.7590,-0.1628,0.0079,14.05,0.00,1791455957.125589,28,0,23.4
assignment3_kp2_t1,1791455956.975107,camera_color_optical_frame,1833,640,480,1,197.8,251.6,-0.3820,0.0481,0.00303,1,1,1.000,0.7620,-0.1592,0.0081,12.63,0.00,1791455957.157454,28,0,23.4
assignment3_kp2_t1,1791455957.008471,camera_color_optical_frame,1834,640,480,1,200.9,251.4,-0.3722,0.0477,0.00295,1,1,1.000,0.7600,-0.1549,0.0079,11.47,0.00,1791455957.197260,28,0,23.4
assignment3_kp2_t1,1791455957.041835,camera_color_optical_frame,1835,640,480,1,204.1,251.6,-0.3622,0.0484,0.00290,1,1,1.000,0.7670,-0.1523,0.0082,10.83,0.00,1791455957.237378,28,0,23.4
assignment3_kp2_t1,1791455957.075199,camera_color_optical_frame,1836,640,480,1,207.2,252.0,-0.3526,0.0499,0.00287,1,1,1.000,0.7690,-0.1488,0.0087,11.59,0.00,1791455957.272659,28,0,23.4
assignment3_kp2_t1,1791455957.108563,camera_color_optical_frame,1837,640,480,1,210.6,252.2,-0.3419,0.0510,0.00282,1,1,1.000,0.7690,-0.1444,0.0090,14.64,0.00,1791455957.315979,28,0,23.4
assignment3_kp2_t1,1791455957.141927,camera_color_optical_frame,1838,640,480,1,214.5,252.7,-0.3297,0.0528,0.00278,1,1,1.000,0.7700,-0.1396,0.0096,20.29,0.00,1791455957.360772,28,0,22.0
assignment3_kp2_t1,1791455957.175284,camera_color_optical_frame,1839,640,480,1,218.3,253.3,-0.3178,0.0555,0.00279,1,0,,,,,15.74,33.36,1791455957.383718,28,0,22.0
assignment3_kp2_t1,1791455957.208641,camera_color_optical_frame,1840,640,480,1,221.8,254.0,-0.3070,0.0583,0.00275,1,1,1.000,0.7740,-0.1311,0.0113,15.94,0.00,1791455957.419319,28,0,22.0
assignment3_kp2_t1,1791455957.241997,camera_color_optical_frame,1841,640,480,1,225.5,254.6,-0.2952,0.0610,0.00276,1,1,1.000,0.7750,-0.1264,0.0122,16.14,0.00,1791455957.456566,28,0,20.6
assignment3_kp2_t1,1791455957.275364,camera_color_optical_frame,1842,640,480,1,229.0,255.8,-0.2843,0.0657,0.00271,1,1,1.000,0.7770,-0.1223,0.0136,14.95,0.00,1791455957.488539,28,0,20.6
assignment3_kp2_t1,1791455957.308723,camera_color_optical_frame,1843,640,480,1,232.6,256.6,-0.2731,0.0693,0.00264,1,1,1.000,0.7760,-0.1175,0.0147,12.16,0.00,1791455957.524751,28,0,17.9
assignment3_kp2_t1,1791455957.342083,camera_color_optical_frame,1844,640,480,1,236.6,257.3,-0.2606,0.0721,0.00274,1,1,1.000,0.7780,-0.1127,0.0156,17.92,0.00,1791455957.565719,28,0,17.9
assignment3_kp2_t1,1791455957.375442,camera_color_optical_frame,1845,640,480,1,240.2,258.3,-0.2492,0.0764,0.00270,1,0,,,,,10.75,33.36,1791455957.591205,28,0,17.9
assignment3_kp2_t1,1791455957.408801,camera_color_optical_frame,1846,640,480,1,243.6,259.4,-0.2387,0.0809,0.00274,1,1,1.000,0.7790,-0.1038,0.0184,11.66,0.00,1791455957.614887,28,0,17.9
assignment3_kp2_t1,1791455957.442161,camera_color_optical_frame,1847,640,480,1,246.6,260.1,-0.2295,0.0839,0.00275,1,1,1.000,0.7810,-0.1003,0.0193,10.72,0.00,1791455957.655776,28,0,17.9
assignment3_kp2_t1,1791455957.475520,camera_color_optical_frame,1848,640,480,1,249.2,261.0,-0.2212,0.0875,0.00271,1,1,1.000,0.7850,-0.0974,0.0206,13.13,0.00,1791455957.695536,28,0,16.5
assignment3_kp2_t1,1791455957.508880,camera_color_optical_frame,1849,640,480,1,253.3,261.2,-0.2084,0.0884,0.00264,1,1,1.000,0.7920,-0.0929,0.0210,13.08,0.00,1791455957.733607,28,0,15.1
assignment3_kp2_t1,1791455957.542239,camera_color_optical_frame,1850,640,480,1,257.7,261.7,-0.1948,0.0906,0.00260,1,1,1.000,0.7905,-0.0870,0.0217,14.47,0.00,1791455957.774677,28,0,15.1
assignment3_kp2_t1,1791455957.575599,camera_color_optical_frame,1851,640,480,1,262.0,262.1,-0.1813,0.0920,0.00258,1,0,,,,,9.61,33.36,1791455957.793768,28,0,15.1
assignment3_kp2_t1,1791455957.608959,camera_color_optical_frame,1852,640,480,1,265.9,260.8,-0.1692,0.0868,0.00261,1,1,1.000,0.7930,-0.0766,0.0205,10.47,0.00,1791455957.828311,28,0,12.4
assignment3_kp2_t1,1791455957.642318,camera_color_optical_frame,1853,640,480,1,269.1,259.9,-0.1590,0.0830,0.00263,1,1,1.000,0.7960,-0.0726,0.0194,13.81,0.00,1791455957.867017,28,0,11.0
assignment3_kp2_t1,1791455957.675678,camera_color_optical_frame,1854,640,480,1,272.1,258.3,-0.1497,0.0764,0.00265,1,1,1.000,0.7960,-0.0687,0.0173,15.78,0.00,1791455957.901242,28,0,4.1
assignment3_kp2_t1,1791455957.709038,camera_color_optical_frame,1855,640,480,1,274.8,257.7,-0.1412,0.0737,0.00262,1,0,,,,,10.75,33.36,1791455957.917793,28,0,4.1
assignment3_kp2_t1,1791455957.742398,camera_color_optical_frame,1856,640,480,1,278.0,256.4,-0.1313,0.0683,0.00263,1,1,1.000,0.7990,-0.0612,0.0148,12.68,0.00,1791455957.951100,28,0,0.0
assignment3_kp2_t1,1791455957.775758,camera_color_optical_frame,1857,640,480,1,279.5,256.5,-0.1265,0.0688,0.00273,1,1,1.000,0.8000,-0.0592,0.0150,12.84,0.00,1791455957.984487,28,0,0.0
assignment3_kp2_t1,1791455957.809118,camera_color_optical_frame,1858,640,480,1,279.1,257.0,-0.1279,0.0707,0.00266,1,1,1.000,0.8000,-0.0598,0.0156,17.55,0.00,1791455958.026921,28,0,0.0
assignment3_kp2_t1,1791455957.842478,camera_color_optical_frame,1859,640,480,1,277.3,257.4,-0.1335,0.0727,0.00269,1,1,1.000,0.8000,-0.0622,0.0163,13.79,0.00,1791455958.062451,28,0,0.0
assignment3_kp2_t1,1791455957.875838,camera_color_optical_frame,1860,640,480,1,275.8,257.8,-0.1383,0.0742,0.00269,1,1,1.000,0.8010,-0.0643,0.0168,15.77,0.00,1791455958.094357,28,0,0.0
assignment3_kp2_t1,1791455957.909199,camera_color_optical_frame,1861,640,480,1,274.4,257.9,-0.1426,0.0748,0.00264,1,0,,,,,12.69,33.36,1791455958.115177,28,0,0.0
assignment3_kp2_t1,1791455957.942559,camera_color_optical_frame,1862,640,480,1,273.5,257.7,-0.1453,0.0737,0.00270,1,1,1.000,0.8040,-0.0675,0.0166,13.12,0.00,1791455958.146241,28,0,0.0
assignment3_kp2_t1,1791455957.975919,camera_color_optical_frame,1863,640,480,1,272.6,257.6,-0.1480,0.0733,0.00267,1,1,1.000,0.8010,-0.0684,0.0165,14.71,0.00,1791455958.182654,28,0,0.0
assignment3_kp2_t1,1791455958.009279,camera_color_optical_frame,1864,640,480,1,272.0,257.3,-0.1499,0.0720,0.00266,1,1,1.000,0.8040,-0.0694,0.0161,13.99,0.00,1791455958.217431,28,0,0.0
assignment3_kp2_t1,1791455958.042639,camera_color_optical_frame,1865,640,480,1,271.1,257.3,-0.1527,0.0720,0.00262,1,1,1.000,0.8040,-0.0706,0.0161,11.47,0.00,1791455958.259342,28,0,0.0
assignment3_kp2_t1,1791455958.076000,camera_color_optical_frame,1866,640,480,1,270.2,257.5,-0.1556,0.0729,0.00262,1,1,1.000,0.8070,-0.0721,0.0165,13.53,0.00,1791455958.295407,28,0,0.0
assignment3_kp2_t1,1791455958.109360,camera_color_optical_frame,1867,640,480,1,269.5,257.5,-0.1578,0.0731,0.00267,1,0,,,,,13.10,33.36,1791455958.315648,28,0,0.0
assignment3_kp2_t1,1791455958.142721,camera_color_optical_frame,1868,640,480,1,268.5,258.3,-0.1610,0.0762,0.00265,1,1,1.000,0.8080,-0.0745,0.0175,13.70,0.00,1791455958.347601,28,0,0.0
assignment3_kp2_t1,1791455958.176078,camera_color_optical_frame,1869,640,480,1,267.7,259.1,-0.1636,0.0796,0.00264,1,1,1.000,0.8070,-0.0755,0.0186,18.04,0.00,1791455958.386745,28,0,0.0
assignment3_kp2_t1,1791455958.209436,camera_color_optical_frame,1870,640,480,1,266.5,260.3,-0.1673,0.0844,0.00264,1,1,1.000,0.8080,-0.0772,0.0202,12.92,0.00,1791455958.419391,28,0,0.0
assignment3_kp2_t1,1791455958.242793,camera_color_optical_frame,1871,640,480,1,265.2,261.1,-0.1713,0.0879,0.00261,1,1,1.000,0.8050,-0.0786,0.0212,12.66,0.00,1791455958.449897,28,0,0.0
assignment3_kp2_t1,1791455958.276149,camera_color_optical_frame,1872,640,480,1,263.8,262.0,-0.1755,0.0916,0.00264,1,1,1.000,0.8090,-0.0808,0.0225,11.37,0.00,1791455958.482882,28,0,0.0
assignment3_kp2_t1,1791455958.309505,camera_color_optical_frame,1873,640,480,1,262.1,263.3,-0.1810,0.0973,0.00262,1,0,,,,,9.56,33.36,1791455958.502519,28,0,0.0
assignment3_kp2_t1,1791455958.342861,camera_color_optical_frame,1874,640,480,1,260.5,264.8,-0.1860,0.1032,0.00263,1,1,1.000,0.8090,-0.0853,0.0262,15.61,0.00,1791455958.553686,28,0,0.0
assignment3_kp2_t1,1791455958.376217,camera_color_optical_frame,1875,640,480,1,258.8,265.8,-0.1913,0.1073,0.00260,1,1,1.000,0.8100,-0.0877,0.0276,16.93,0.00,1791455958.589880,28,0,0.0
assignment3_kp2_t1,1791455958.409573,camera_color_optical_frame,1876,640,480,1,256.9,266.8,-0.1973,0.1118,0.00259,1,1,1.000,0.8110,-0.0904,0.0290,14.41,0.00,1791455958.620857,28,0,0.0
assignment3_kp2_t1,1791455958.442929,camera_color_optical_frame,1877,640,480,1,255.2,267.9,-0.2027,0.1164,0.00255,1,1,1.000,0.8110,-0.0927,0.0305,11.84,0.00,1791455958.649698,28,0,0.0
assignment3_kp2_t1,1791455958.476285,camera_color_optical_frame,1878,640,480,1,253.5,269.0,-0.2078,0.1207,0.00258,1,1,1.000,0.8160,-0.0954,0.0321,16.25,0.00,1791455958.684471,28,0,0.0
assignment3_kp2_t1,1791455958.509640,camera_color_optical_frame,1879,640,480,1,251.9,269.8,-0.2127,0.1243,0.00262,1,0,,,,,9.67,33.36,1791455958.702062,28,0,0.0
assignment3_kp2_t1,1791455958.542996,camera_color_optical_frame,1880,640,480,1,250.3,270.7,-0.2177,0.1280,0.00263,1,1,1.000,0.8170,-0.0998,0.0345,14.02,0.00,1791455958.739905,28,0,0.0
assignment3_kp2_t1,1791455958.576352,camera_color_optical_frame,1881,640,480,1,248.9,271.3,-0.2223,0.1304,0.00260,1,1,1.000,0.8190,-0.1021,0.0354,10.55,0.00,1791455958.767372,28,0,0.0
assignment3_kp2_t1,1791455958.609708,camera_color_optical_frame,1882,640,480,1,247.6,272.5,-0.2262,0.1352,0.00264,1,1,1.000,0.8190,-0.1037,0.0369,12.92,0.00,1791455958.806385,28,0,0.0
assignment3_kp2_t1,1791455958.643064,camera_color_optical_frame,1883,640,480,1,246.6,273.8,-0.2295,0.1407,0.00270,1,1,1.000,0.8225,-0.1056,0.0389,12.19,0.00,1791455958.844980,28,0,0.0
assignment3_kp2_t1,1791455958.676420,camera_color_optical_frame,1884,640,480,1,245.8,274.9,-0.2320,0.1452,0.00275,1,1,1.000,0.8210,-0.1065,0.0403,18.03,0.00,1791455958.885543,28,0,0.0
assignment3_kp2_t1,1791455958.743132,camera_color_optical_frame,1885,640,480,1,244.0,275.6,-0.2375,0.1482,0.00266,1,0,,,,,12.65,66.71,1791455958.910959,28,0,0.0
assignment3_kp2_t1,1791455958.776488,camera_color_optical_frame,1886,640,480,1,242.9,275.7,-0.2410,0.1489,0.00258,1,1,1.000,0.8280,-0.1114,0.0418,12.99,0.00,1791455958.950116,28,0,0.0
assignment3_kp2_t1,1791455958.809844,camera_color_optical_frame,1887,640,480,1,242.5,276.3,-0.2423,0.1511,0.00244,1,1,1.000,0.8280,-0.1119,0.0426,13.06,0.00,1791455958.987667,28,0,0.0
assignment3_kp2_t1,1791455958.843200,camera_color_optical_frame,1888,640,480,1,241.5,276.2,-0.2454,0.1510,0.00260,1,1,1.000,0.8280,-0.1133,0.0425,11.51,0.00,1791455959.020687,28,0,0.0
assignment3_kp2_t1,1791455958.876556,camera_color_optical_frame,1889,640,480,1,241.3,276.2,-0.2458,0.1506,0.00258,1,1,1.000,0.8280,-0.1135,0.0424,11.56,0.00,1791455959.057963,28,0,0.0
assignment3_kp2_t1,1791455958.909912,camera_color_optical_frame,1890,640,480,1,241.3,276.4,-0.2461,0.1517,0.00253,1,1,1.000,0.8280,-0.1136,0.0428,10.81,0.00,1791455959.094048,28,0,0.0
assignment3_kp2_t1,1791455958.943268,camera_color_optical_frame,1891,640,480,1,241.2,276.4,-0.2462,0.1515,0.00253,1,1,1.000,0.8280,-0.1137,0.0427,10.64,0.00,1791455959.127784,28,0,0.0
assignment3_kp2_t1,1791455958.976624,camera_color_optical_frame,1892,640,480,1,241.2,276.3,-0.2464,0.1514,0.00257,1,1,1.000,0.8290,-0.1139,0.0427,12.55,0.00,1791455959.170019,28,0,0.0
assignment3_kp2_t1,1791455959.009980,camera_color_optical_frame,1893,640,480,1,241.3,276.2,-0.2460,0.1509,0.00260,1,1,1.000,0.8320,-0.1141,0.0427,13.46,0.00,1791455959.204471,28,0,0.0
assignment3_kp2_t1,1791455959.043336,camera_color_optical_frame,1894,640,480,1,241.4,275.8,-0.2455,0.1492,0.00266,1,1,1.000,0.8300,-0.1136,0.0420,13.03,0.00,1791455959.239930,28,0,0.0
assignment3_kp2_t1,1791455959.076692,camera_color_optical_frame,1895,640,480,1,241.2,275.5,-0.2461,0.1481,0.00265,1,1,1.000,0.8290,-0.1137,0.0416,10.90,0.00,1791455959.272164,28,0,0.0
assignment3_kp2_t1,1791455959.110048,camera_color_optical_frame,1896,640,480,1,241.3,275.8,-0.2459,0.1492,0.00263,1,1,1.000,0.8300,-0.1138,0.0420,13.78,0.00,1791455959.307768,28,0,0.0
assignment3_kp2_t1,1791455959.143404,camera_color_optical_frame,1897,640,480,1,241.5,275.8,-0.2453,0.1494,0.00264,1,1,1.000,0.8300,-0.1135,0.0421,15.36,0.00,1791455959.345490,28,0,0.0
assignment3_kp2_t1,1791455959.176760,camera_color_optical_frame,1898,640,480,1,241.5,275.5,-0.2454,0.1479,0.00271,1,1,1.000,0.8260,-0.1130,0.0414,14.01,0.00,1791455959.379066,28,0,0.0
assignment3_kp2_t1,1791455959.210116,camera_color_optical_frame,1899,640,480,1,241.5,275.1,-0.2452,0.1464,0.00274,1,1,1.000,0.8290,-0.1134,0.0411,18.01,0.00,1791455959.414281,28,0,0.0
assignment3_kp2_t1,1791455959.243472,camera_color_optical_frame,1900,640,480,1,241.5,275.1,-0.2453,0.1464,0.00274,1,0,,,,,13.79,33.36,1791455959.439084,28,0,0.0
assignment3_kp2_t1,1791455959.276835,camera_color_optical_frame,1901,640,480,1,241.5,275.1,-0.2453,0.1461,0.00274,1,1,1.000,0.8280,-0.1132,0.0409,21.21,0.00,1791455959.482378,28,0,0.0
assignment3_kp2_t1,1791455959.310193,camera_color_optical_frame,1902,640,480,1,241.5,275.0,-0.2454,0.1457,0.00276,1,1,1.000,0.8280,-0.1133,0.0408,25.13,0.00,1791455959.520490,28,0,0.0
assignment3_kp2_t1,1791455959.343551,camera_color_optical_frame,1903,640,480,1,241.5,275.0,-0.2454,0.1458,0.00275,1,1,1.000,0.8300,-0.1136,0.0409,10.65,0.00,1791455959.541014,28,0,0.0
assignment3_kp2_t1,1791455959.376909,camera_color_optical_frame,1904,640,480,1,241.5,274.9,-0.2453,0.1455,0.00275,1,1,1.000,0.8280,-0.1133,0.0407,12.45,0.00,1791455959.583128,28,0,0.0
assignment3_kp2_t1,1791455959.410267,camera_color_optical_frame,1905,640,480,1,241.5,275.0,-0.2453,0.1459,0.00275,1,1,1.000,0.8250,-0.1128,0.0407,12.15,0.00,1791455959.619968,28,0,0.0
assignment3_kp2_t1,1791455959.443625,camera_color_optical_frame,1906,640,480,1,241.5,275.0,-0.2452,0.1459,0.00275,1,1,1.000,0.8260,-0.1129,0.0407,11.14,0.00,1791455959.654400,28,0,0.0
assignment3_kp2_t1,1791455959.476983,camera_color_optical_frame,1907,640,480,1,241.5,275.0,-0.2453,0.1457,0.00274,1,1,1.000,0.8280,-0.1132,0.0408,11.85,0.00,1791455959.685738,28,0,0.0
assignment3_kp2_t1,1791455959.510341,camera_color_optical_frame,1908,640,480,1,241.5,275.0,-0.2453,0.1457,0.00274,1,1,1.000,0.8280,-0.1132,0.0408,22.13,0.00,1791455959.725989,28,0,0.0
