run_id,time_s,ros_time_s,target_seq,stamp_s,frame_id,detected,ex,ey,area_ratio,target_age_s,depth_valid,state,reason,pan_cmd,tilt_cmd,command_unit,meas_source,pan_deg,tilt_deg,pan_dps,tilt_dps,base_x_m,base_y_m,base_z_m,pred_ex,pred_ey,desired_pan_deg,desired_tilt_deg,search_elapsed_s,joint_name
assignment3_kp2_t3,0.126,1791456085.898307,0,,,0,,,,,0,IDLE,disabled,0.000,0.000,deg/s,joint_states,,,,,,,,,,,,,
assignment3_kp2_t3,0.140,1791456085.903833,0,,,0,,,,,0,IDLE,disabled,0.000,0.000,deg/s,joint_states,-8.000,14.060,12.370,-17.860,,,,,,,,,pan
assignment3_kp2_t3,0.152,1791456085.917306,0,,,0,,,,,0,IDLE,disabled,0.000,0.000,deg/s,joint_states,-6.420,11.340,15.110,-26.110,,,,,,,,,pan
assignment3_kp2_t3,0.172,1791456085.936478,0,,,0,,,,,0,IDLE,disabled,0.000,0.000,deg/s,joint_states,-6.060,10.900,13.740,-26.110,,,,,,,,,pan
assignment3_kp2_t3,0.193,1791456085.958262,0,,,0,,,,,0,IDLE,disabled,0.000,0.000,deg/s,joint_states,-5.800,10.370,13.740,-26.110,,,,,,,,,pan
assignment3_kp2_t3,0.212,1791456085.976318,0,,,0,,,,,0,IDLE,disabled,0.000,0.000,deg/s,joint_states,-5.540,9.930,13.740,-24.730,,,,,,,,,pan
assignment3_kp2_t3,0.233,1791456085.997262,0,,,0,,,,,0,IDLE,disabled,0.000,0.000,deg/s,joint_states,-5.270,9.400,12.370,-23.360,,,,,,,,,pan
assignment3_kp2_t3,0.252,1791456086.017110,0,,,0,,,,,0,IDLE,disabled,0.000,0.000,deg/s,joint_states,-5.010,9.050,12.370,-21.980,,,,,,,,,pan
assignment3_kp2_t3,0.273,1791456086.037314,0,,,0,,,,,0,IDLE,disabled,0.000,0.000,deg/s,joint_states,-4.830,8.610,12.370,-21.980,,,,,,,,,pan
assignment3_kp2_t3,0.293,1791456086.058631,0,,,0,,,,,0,IDLE,disabled,0.000,0.000,deg/s,joint_states,-4.570,8.260,10.990,-20.610,,,,,,,,,pan
assignment3_kp2_t3,0.312,1791456086.076365,0,,,0,,,,,0,IDLE,disabled,0.000,0.000,deg/s,joint_states,-4.390,7.910,9.620,-19.240,,,,,,,,,pan
assignment3_kp2_t3,0.332,1791456086.096461,0,,,0,,,,,0,IDLE,disabled,0.000,0.000,deg/s,joint_states,-4.220,7.560,9.620,-19.240,,,,,,,,,pan
assignment3_kp2_t3,0.352,1791456086.120158,0,,,0,,,,,0,IDLE,disabled,0.000,0.000,deg/s,joint_states,-4.040,7.120,9.620,-17.860,,,,,,,,,pan
assignment3_kp2_t3,0.372,1791456086.136403,0,,,0,,,,,0,IDLE,disabled,0.000,0.000,deg/s,joint_states,-3.870,6.860,9.620,-17.860,,,,,,,,,pan
assignment3_kp2_t3,0.394,1791456086.160506,0,,,0,,,,,0,IDLE,disabled,0.000,0.000,deg/s,joint_states,-3.690,6.590,8.240,-16.490,,,,,,,,,pan
assignment3_kp2_t3,0.412,1791456086.176300,0,,,0,,,,,0,IDLE,disabled,0.000,0.000,deg/s,joint_states,-3.520,6.240,8.240,-15.110,,,,,,,,,pan
assignment3_kp2_t3,0.433,1791456086.198705,0,,,0,,,,,0,IDLE,disabled,0.000,0.000,deg/s,joint_states,-3.520,6.240,8.240,-15.110,,,,,,,,,pan
assignment3_kp2_t3,0.452,1791456086.216371,0,,,0,,,,,0,IDLE,disabled,0.000,0.000,deg/s,joint_states,-3.250,5.620,6.870,-13.740,,,,,,,,,pan
assignment3_kp2_t3,0.472,1791456086.236420,0,,,0,,,,,0,IDLE,disabled,0.000,0.000,deg/s,joint_states,-3.080,5.450,6.870,-13.740,,,,,,,,,pan
assignment3_kp2_t3,0.492,1791456086.256593,0,,,0,,,,,0,IDLE,disabled,0.000,0.000,deg/s,joint_states,-2.990,5.190,5.500,-12.370,,,,,,,,,pan
assignment3_kp2_t3,0.513,1791456086.278520,0,,,0,,,,,0,IDLE,disabled,0.000,0.000,deg/s,joint_states,-2.810,4.920,5.500,-12.370,,,,,,,,,pan
assignment3_kp2_t3,0.536,1791456086.303232,0,,,0,,,,,0,IDLE,disabled,0.000,0.000,deg/s,joint_states,-2.810,4.920,5.500,-12.370,,,,,,,,,pan
assignment3_kp2_t3,0.552,1791456086.318638,0,,,0,,,,,0,IDLE,disabled,0.000,0.000,deg/s,joint_states,-2.640,4.480,5.500,-10.990,,,,,,,,,pan
assignment3_kp2_t3,0.573,1791456086.339235,0,,,0,,,,,0,IDLE,disabled,0.000,0.000,deg/s,joint_states,-2.550,4.310,5.500,-10.990,,,,,,,,,pan
assignment3_kp2_t3,0.597,1791456086.361430,0,,,0,,,,,0,IDLE,disabled,0.000,0.000,deg/s,joint_states,-2.370,4.130,5.500,-9.620,,,,,,,,,pan
assignment3_kp2_t3,0.612,1791456086.376665,0,,,0,,,,,0,IDLE,disabled,0.000,0.000,deg/s,joint_states,-2.290,3.960,5.500,-9.620,,,,,,,,,pan
assignment3_kp2_t3,0.633,1791456086.397728,0,,,0,,,,,0,IDLE,disabled,0.000,0.000,deg/s,joint_states,-2.200,3.690,5.500,-9.620,,,,,,,,,pan
assignment3_kp2_t3,0.652,1791456086.417390,0,,,0,,,,,0,IDLE,disabled,0.000,0.000,deg/s,joint_states,-2.020,3.600,5.500,-9.620,,,,,,,,,pan
assignment3_kp2_t3,0.672,1791456086.436524,0,,,0,,,,,0,IDLE,disabled,0.000,0.000,deg/s,joint_states,-1.930,3.430,5.500,-8.240,,,,,,,,,pan
assignment3_kp2_t3,0.695,1791456086.460354,0,,,0,,,,,0,IDLE,disabled,0.000,0.000,deg/s,joint_states,-1.850,3.250,4.120,-8.240,,,,,,,,,pan
assignment3_kp2_t3,0.712,1791456086.476664,0,,,0,,,,,0,IDLE,disabled,0.000,0.000,deg/s,joint_states,-1.760,3.160,4.120,-6.870,,,,,,,,,pan
assignment3_kp2_t3,0.734,1791456086.498408,0,,,0,,,,,0,IDLE,disabled,0.000,0.000,deg/s,joint_states,-1.670,2.990,4.120,-6.870,,,,,,,,,pan
assignment3_kp2_t3,0.752,1791456086.518012,0,,,0,,,,,0,IDLE,disabled,0.000,0.000,deg/s,joint_states,-1.580,2.900,4.120,-5.500,,,,,,,,,pan
assignment3_kp2_t3,0.772,1791456086.537018,0,,,0,,,,,0,IDLE,disabled,0.000,0.000,deg/s,joint_states,-1.580,2.810,4.120,-5.500,,,,,,,,,pan
assignment3_kp2_t3,0.797,1791456086.562761,0,,,0,,,,,0,IDLE,disabled,0.000,0.000,deg/s,joint_states,-1.580,2.640,2.750,-5.500,,,,,,,,,pan
assignment3_kp2_t3,0.813,1791456086.577422,0,,,0,,,,,0,IDLE,disabled,0.000,0.000,deg/s,joint_states,-1.580,2.550,1.370,-5.500,,,,,,,,,pan
assignment3_kp2_t3,0.832,1791456086.596711,0,,,0,,,,,0,IDLE,disabled,0.000,0.000,deg/s,joint_states,-1.580,2.550,1.370,-5.500,,,,,,,,,pan
assignment3_kp2_t3,0.852,1791456086.617327,0,,,0,,,,,0,IDLE,disabled,0.000,0.000,deg/s,joint_states,-1.410,2.370,1.370,-5.500,,,,,,,,,pan
assignment3_kp2_t3,0.873,1791456086.637014,0,,,0,,,,,0,IDLE,disabled,0.000,0.000,deg/s,joint_states,-1.320,2.200,2.750,-5.500,,,,,,,,,pan
assignment3_kp2_t3,0.896,1791456086.660976,0,,,0,,,,,0,IDLE,disabled,0.000,0.000,deg/s,joint_states,-1.230,2.110,2.750,-4.120,,,,,,,,,pan
assignment3_kp2_t3,0.912,1791456086.676498,0,,,0,,,,,0,IDLE,disabled,0.000,0.000,deg/s,joint_states,-1.230,1.930,2.750,-4.120,,,,,,,,,pan
assignment3_kp2_t3,0.934,1791456086.698658,0,,,0,,,,,0,IDLE,disabled,0.000,0.000,deg/s,joint_states,-1.140,1.930,2.750,-5.500,,,,,,,,,pan
assignment3_kp2_t3,0.952,1791456086.716667,0,,,0,,,,,0,IDLE,disabled,0.000,0.000,deg/s,joint_states,-1.140,1.760,1.370,-5.500,,,,,,,,,pan
assignment3_kp2_t3,0.972,1791456086.736676,0,,,0,,,,,0,IDLE,disabled,0.000,0.000,deg/s,joint_states,-1.140,1.670,0.000,-4.120,,,,,,,,,pan
assignment3_kp2_t3,0.993,1791456086.759313,0,,,0,,,,,0,IDLE,disabled,0.000,0.000,deg/s,joint_states,-1.050,1.580,0.000,-4.120,,,,,,,,,pan
assignment3_kp2_t3,1.012,1791456086.776431,0,,,0,,,,,0,IDLE,disabled,0.000,0.000,deg/s,joint_states,-0.880,1.490,1.370,-4.120,,,,,,,,,pan
assignment3_kp2_t3,1.033,1791456086.797371,0,,,0,,,,,0,IDLE,disabled,0.000,0.000,deg/s,joint_states,-0.880,1.490,2.750,-4.120,,,,,,,,,pan
assignment3_kp2_t3,1.052,1791456086.816653,0,,,0,,,,,0,IDLE,disabled,0.000,0.000,deg/s,joint_states,-0.880,1.490,2.750,-2.750,,,,,,,,,pan
assignment3_kp2_t3,1.072,1791456086.836440,0,,,0,,,,,0,IDLE,disabled,0.000,0.000,deg/s,joint_states,-0.880,1.490,1.370,-1.370,,,,,,,,,pan
assignment3_kp2_t3,1.094,1791456086.859869,0,,,0,,,,,0,IDLE,disabled,0.000,0.000,deg/s,joint_states,-0.880,1.410,0.000,0.000,,,,,,,,,pan
assignment3_kp2_t3,1.112,1791456086.876338,0,,,0,,,,,0,IDLE,disabled,0.000,0.000,deg/s,joint_states,-0.880,1.320,0.000,-1.370,,,,,,,,,pan
assignment3_kp2_t3,1.133,1791456086.897053,0,,,0,,,,,0,IDLE,disabled,0.000,0.000,deg/s,joint_states,-0.790,1.140,0.000,-2.750,,,,,,,,,pan
assignment3_kp2_t3,1.152,1791456086.916417,0,,,0,,,,,0,IDLE,disabled,0.000,0.000,deg/s,joint_states,-0.790,1.140,0.000,-4.120,,,,,,,,,pan
assignment3_kp2_t3,1.172,1791456086.936539,0,,,0,,,,,0,IDLE,disabled,0.000,0.000,deg/s,joint_states,-0.700,1.140,1.370,-2.750,,,,,,,,,pan
assignment3_kp2_t3,1.195,1791456086.960637,0,,,0,,,,,0,IDLE,disabled,0.000,0.000,deg/s,joint_states,-0.700,1.140,1.370,-1.370,,,,,,,,,pan
assignment3_kp2_t3,1.213,1791456086.976980,0,,,0,,,,,0,IDLE,disabled,0.000,0.000,deg/s,joint_states,-0.700,1.050,1.370,0.000,,,,,,,,,pan
assignment3_kp2_t3,1.233,1791456086.996970,0,,,0,,,,,0,IDLE,disabled,0.000,0.000,deg/s,joint_states,-0.700,0.970,0.000,-1.370,,,,,,,,,pan
assignment3_kp2_t3,1.252,1791456087.016509,0,,,0,,,,,0,IDLE,disabled,0.000,0.000,deg/s,joint_states,-0.700,0.880,0.000,-2.750,,,,,,,,,pan
assignment3_kp2_t3,1.272,1791456087.036447,0,,,0,,,,,0,IDLE,disabled,0.000,0.000,deg/s,joint_states,-0.620,0.880,0.000,-2.750,,,,,,,,,pan
assignment3_kp2_t3,1.293,1791456087.059926,0,,,0,,,,,0,IDLE,disabled,0.000,0.000,deg/s,joint_states,-0.530,0.880,1.370,-2.750,,,,,,,,,pan
assignment3_kp2_t3,1.313,1791456087.076756,0,,,0,,,,,0,IDLE,disabled,0.000,0.000,deg/s,joint_states,-0.530,0.880,1.370,-1.370,,,,,,,,,pan
assignment3_kp2_t3,1.333,1791456087.097685,0,,,0,,,,,0,IDLE,disabled,0.000,0.000,deg/s,joint_states,-0.530,0.880,1.370,0.000,,,,,,,,,pan
assignment3_kp2_t3,1.352,1791456087.116379,0,,,0,,,,,0,IDLE,disabled,0.000,0.000,deg/s,joint_states,-0.530,0.700,0.000,0.000,,,,,,,,,pan
assignment3_kp2_t3,1.372,1791456087.136568,0,,,0,,,,,0,IDLE,disabled,0.000,0.000,deg/s,joint_states,-0.530,0.700,0.000,0.000,,,,,,,,,pan
assignment3_kp2_t3,1.396,1791456087.160858,0,,,0,,,,,0,IDLE,disabled,0.000,0.000,deg/s,joint_states,-0.440,0.880,0.000,0.000,,,,,,,,,pan
assignment3_kp2_t3,1.412,1791456087.176387,0,,,0,,,,,0,IDLE,disabled,0.000,0.000,deg/s,joint_states,-0.350,0.700,1.370,0.000,,,,,,,,,pan
assignment3_kp2_t3,1.433,1791456087.198483,0,,,0,,,,,0,IDLE,disabled,0.000,0.000,deg/s,joint_states,-0.350,0.620,1.370,0.000,,,,,,,,,pan
assignment3_kp2_t3,1.452,1791456087.216500,0,,,0,,,,,0,IDLE,disabled,0.000,0.000,deg/s,joint_states,-0.350,0.530,1.370,0.000,,,,,,,,,pan
assignment3_kp2_t3,1.472,1791456087.236641,0,,,0,,,,,0,IDLE,disabled,0.000,0.000,deg/s,joint_states,-0.350,0.530,1.370,-1.370,,,,,,,,,pan
assignment3_kp2_t3,1.496,1791456087.261489,0,,,0,,,,,0,IDLE,disabled,0.000,0.000,deg/s,joint_states,-0.350,0.530,1.370,-1.370,,,,,,,,,pan
assignment3_kp2_t3,1.512,1791456087.277793,0,,,0,,,,,0,IDLE,disabled,0.000,0.000,deg/s,joint_states,-0.350,0.530,0.000,-1.370,,,,,,,,,pan
assignment3_kp2_t3,1.539,1791456087.304344,0,,,0,,,,,0,IDLE,disabled,0.000,0.000,deg/s,joint_states,-0.350,0.530,0.000,-1.370,,,,,,,,,pan
assignment3_kp2_t3,1.554,1791456087.319584,0,,,0,,,,,0,IDLE,disabled,0.000,0.000,deg/s,joint_states,-0.350,0.530,0.000,0.000,,,,,,,,,pan
assignment3_kp2_t3,1.572,1791456087.336843,0,,,0,,,,,0,IDLE,disabled,0.000,0.000,deg/s,joint_states,-0.350,0.530,0.000,0.000,,,,,,,,,pan
assignment3_kp2_t3,1.593,1791456087.360199,0,,,0,,,,,0,IDLE,disabled,0.000,0.000,deg/s,joint_states,-0.350,0.440,0.000,0.000,,,,,,,,,pan
assignment3_kp2_t3,1.613,1791456087.377396,0,,,0,,,,,0,IDLE,disabled,0.000,0.000,deg/s,joint_states,-0.350,0.440,0.000,0.000,,,,,,,,,pan
assignment3_kp2_t3,1.634,1791456087.398455,0,,,0,,,,,0,IDLE,disabled,0.000,0.000,deg/s,joint_states,-0.350,0.440,0.000,0.000,,,,,,,,,pan
assignment3_kp2_t3,1.654,1791456087.419250,0,,,0,,,,,0,IDLE,disabled,0.000,0.000,deg/s,joint_states,-0.350,0.440,0.000,0.000,,,,,,,,,pan
assignment3_kp2_t3,1.675,1791456087.441069,0,,,0,,,,,0,IDLE,disabled,0.000,0.000,deg/s,joint_states,-0.350,0.440,0.000,0.000,,,,,,,,,pan
assignment3_kp2_t3,1.698,1791456087.463676,1,1791456087.317304,camera_color_optical_frame,1,0.2386,0.7298,0.00259,0.012,0,IDLE,disabled,0.000,0.000,deg/s,joint_states,-0.350,0.440,0.000,0.000,0.598,-0.079,-0.179,0.239,0.734,-7.555,16.520,,pan
assignment3_kp2_t3,1.713,1791456087.477634,2,1791456087.350626,camera_color_optical_frame,0,0.0000,0.0000,0.00000,0.009,0,IDLE,disabled,0.000,0.000,deg/s,joint_states,-0.350,0.530,0.000,0.000,0.598,-0.079,-0.179,0.239,0.730,-7.555,16.520,,pan
assignment3_kp2_t3,1.733,1791456087.497661,3,1791456087.417336,camera_color_optical_frame,0,0.0000,0.0000,0.00000,0.010,0,IDLE,disabled,0.000,0.000,deg/s,joint_states,-0.350,0.530,0.000,0.000,0.598,-0.079,-0.179,0.239,0.730,-7.555,16.520,,pan
assignment3_kp2_t3,1.753,1791456087.518672,3,1791456087.417336,camera_color_optical_frame,0,0.0000,0.0000,0.00000,0.029,0,IDLE,disabled,0.000,0.000,deg/s,joint_states,-0.350,0.440,0.000,0.000,0.598,-0.079,-0.179,0.239,0.734,-7.555,16.520,,pan
assignment3_kp2_t3,1.772,1791456087.536669,3,1791456087.417336,camera_color_optical_frame,0,0.0000,0.0000,0.00000,0.049,0,IDLE,disabled,0.000,0.000,deg/s,joint_states,-0.350,0.440,0.000,0.000,0.598,-0.079,-0.179,0.239,0.734,-7.555,16.520,,pan
assignment3_kp2_t3,1.794,1791456087.561292,4,1791456087.450689,camera_color_optical_frame,0,0.0000,0.0000,0.00000,0.010,0,IDLE,disabled,0.000,0.000,deg/s,joint_states,-0.350,0.440,0.000,0.000,0.598,-0.079,-0.179,0.239,0.734,-7.555,16.520,,pan
assignment3_kp2_t3,1.812,1791456087.576473,5,1791456087.484041,camera_color_optical_frame,0,0.0000,0.0000,0.00000,0.008,0,IDLE,disabled,0.000,0.000,deg/s,joint_states,-0.350,0.440,0.000,0.000,0.598,-0.079,-0.179,0.239,0.734,-7.555,16.520,,pan
assignment3_kp2_t3,1.835,1791456087.602968,5,1791456087.484041,camera_color_optical_frame,0,0.0000,0.0000,0.00000,0.030,0,IDLE,disabled,0.000,0.000,deg/s,joint_states,-0.350,0.530,0.000,0.000,0.598,-0.079,-0.179,0.239,0.730,-7.555,16.520,,pan
assignment3_kp2_t3,1.853,1791456087.618200,6,1791456087.517394,camera_color_optical_frame,0,0.0000,0.0000,0.00000,0.010,0,IDLE,disabled,0.000,0.000,deg/s,joint_states,-0.440,0.440,0.000,0.000,0.598,-0.079,-0.179,0.236,0.734,-7.555,16.520,,pan
assignment3_kp2_t3,1.876,1791456087.640670,6,1791456087.517394,camera_color_optical_frame,0,0.0000,0.0000,0.00000,0.033,0,IDLE,disabled,0.000,0.000,deg/s,joint_states,-0.350,0.440,0.000,0.000,0.598,-0.079,-0.179,0.239,0.734,-7.555,16.520,,pan
assignment3_kp2_t3,1.893,1791456087.657980,7,1791456087.550747,camera_color_optical_frame,0,0.0000,0.0000,0.00000,0.014,0,IDLE,disabled,0.000,0.000,deg/s,joint_states,-0.350,0.440,0.000,0.000,0.598,-0.079,-0.179,0.239,0.734,-7.555,16.520,,pan
assignment3_kp2_t3,1.914,1791456087.679604,7,1791456087.550747,camera_color_optical_frame,0,0.0000,0.0000,0.00000,0.035,0,IDLE,disabled,0.000,0.000,deg/s,joint_states,-0.350,0.440,0.000,0.000,0.598,-0.079,-0.179,0.239,0.734,-7.555,16.520,,pan
assignment3_kp2_t3,1.934,1791456087.699904,8,1791456087.584100,camera_color_optical_frame,0,0.0000,0.0000,0.00000,0.014,0,IDLE,disabled,0.000,0.000,deg/s,joint_states,-0.350,0.530,0.000,0.000,0.598,-0.079,-0.179,0.239,0.730,-7.555,16.520,,pan
assignment3_kp2_t3,1.953,1791456087.717645,8,1791456087.584100,camera_color_optical_frame,0,0.0000,0.0000,0.00000,0.034,0,IDLE,disabled,0.000,0.000,deg/s,joint_states,-0.350,0.530,0.000,0.000,0.598,-0.079,-0.179,0.239,0.730,-7.555,16.520,,pan
assignment3_kp2_t3,1.974,1791456087.739377,9,1791456087.617452,camera_color_optical_frame,0,0.0000,0.0000,0.00000,0.017,0,IDLE,disabled,0.000,0.000,deg/s,joint_states,-0.350,0.440,0.000,0.000,0.598,-0.079,-0.179,0.239,0.734,-7.555,16.520,,pan
assignment3_kp2_t3,1.992,1791456087.757230,10,1791456087.650804,camera_color_optical_frame,0,0.0000,0.0000,0.00000,0.002,0,IDLE,disabled,0.000,0.000,deg/s,joint_states,-0.350,0.530,0.000,0.000,0.598,-0.079,-0.179,0.239,0.730,-7.555,16.520,,pan
assignment3_kp2_t3,2.014,1791456087.781519,10,1791456087.650804,camera_color_optical_frame,0,0.0000,0.0000,0.00000,0.024,0,IDLE,disabled,0.000,0.000,deg/s,joint_states,-0.350,0.530,0.000,0.000,0.598,-0.079,-0.179,0.239,0.730,-7.555,16.520,,pan
assignment3_kp2_t3,2.034,1791456087.800085,11,1791456087.684156,camera_color_optical_frame,0,0.0000,0.0000,0.00000,0.005,0,IDLE,disabled,0.000,0.000,deg/s,joint_states,-0.350,0.440,0.000,0.000,0.598,-0.079,-0.179,0.239,0.734,-7.555,16.520,,pan
assignment3_kp2_t3,2.054,1791456087.821692,11,1791456087.684156,camera_color_optical_frame,0,0.0000,0.0000,0.00000,0.024,0,IDLE,disabled,0.000,0.000,deg/s,joint_states,-0.350,0.530,0.000,0.000,0.598,-0.079,-0.179,0.239,0.730,-7.555,16.520,,pan
assignment3_kp2_t3,2.072,1791456087.836526,12,1791456087.717509,camera_color_optical_frame,0,0.0000,0.0000,0.00000,0.007,0,IDLE,disabled,0.000,0.000,deg/s,joint_states,-0.350,0.530,0.000,0.000,0.598,-0.079,-0.179,0.239,0.730,-7.555,16.520,,pan
assignment3_kp2_t3,2.096,1791456087.862253,12,1791456087.717509,camera_color_optical_frame,0,0.0000,0.0000,0.00000,0.030,0,IDLE,disabled,0.000,0.000,deg/s,joint_states,-0.350,0.530,0.000,0.000,0.598,-0.079,-0.179,0.239,0.730,-7.555,16.520,,pan
assignment3_kp2_t3,2.113,1791456087.878479,13,1791456087.750861,camera_color_optical_frame,0,0.0000,0.0000,0.00000,0.012,0,IDLE,disabled,0.000,0.000,deg/s,joint_states,-0.350,0.530,0.000,0.000,0.598,-0.079,-0.179,0.239,0.730,-7.555,16.520,,pan
assignment3_kp2_t3,2.135,1791456087.900096,13,1791456087.750861,camera_color_optical_frame,0,0.0000,0.0000,0.00000,0.034,0,IDLE,disabled,0.000,0.000,deg/s,joint_states,-0.350,0.530,0.000,0.000,0.598,-0.079,-0.179,0.239,0.730,-7.555,16.520,,pan
assignment3_kp2_t3,2.153,1791456087.918019,14,1791456087.784213,camera_color_optical_frame,0,0.0000,0.0000,0.00000,0.012,0,IDLE,disabled,0.000,0.000,deg/s,joint_states,-0.350,0.440,0.000,0.000,0.598,-0.079,-0.179,0.239,0.734,-7.555,16.520,,pan
assignment3_kp2_t3,2.176,1791456087.943105,14,1791456087.784213,camera_color_optical_frame,0,0.0000,0.0000,0.00000,0.035,0,IDLE,disabled,0.000,0.000,deg/s,joint_states,-0.350,0.440,0.000,0.000,0.598,-0.079,-0.179,0.239,0.734,-7.555,16.520,,pan
assignment3_kp2_t3,2.194,1791456087.960525,15,1791456087.817565,camera_color_optical_frame,1,0.2386,0.7302,0.00259,0.011,1,IDLE,disabled,0.000,0.000,deg/s,joint_states,-0.350,0.530,0.000,0.000,0.823,-0.103,-0.240,0.225,0.709,-7.144,16.110,,pan
assignment3_kp2_t3,2.212,1791456087.978384,15,1791456087.817565,camera_color_optical_frame,1,0.2386,0.7302,0.00259,0.029,1,IDLE,disabled,0.000,0.000,deg/s,joint_states,-0.350,0.530,0.000,0.000,0.823,-0.103,-0.240,0.225,0.709,-7.144,16.110,,pan
assignment3_kp2_t3,2.232,1791456087.996500,16,1791456087.850917,camera_color_optical_frame,1,0.2389,0.7315,0.00257,0.010,1,IDLE,disabled,0.000,0.000,deg/s,joint_states,-0.440,0.530,0.000,0.000,0.829,-0.104,-0.242,0.222,0.711,-7.152,16.137,,pan
assignment3_kp2_t3,2.253,1791456088.017732,16,1791456087.850917,camera_color_optical_frame,1,0.2389,0.7315,0.00257,0.031,1,IDLE,disabled,0.000,0.000,deg/s,joint_states,-0.350,0.530,0.000,0.000,0.829,-0.104,-0.242,0.225,0.711,-7.152,16.137,,pan
assignment3_kp2_t3,2.273,1791456088.037055,17,1791456087.884268,camera_color_optical_frame,1,0.2389,0.7308,0.00256,0.016,1,IDLE,disabled,0.000,0.000,deg/s,joint_states,-0.350,0.530,0.000,0.000,0.823,-0.103,-0.235,0.226,0.697,-7.165,15.853,,pan
assignment3_kp2_t3,2.293,1791456088.058079,17,1791456087.884268,camera_color_optical_frame,1,0.2389,0.7308,0.00256,0.036,1,IDLE,disabled,0.000,0.000,deg/s,joint_states,-0.350,0.530,0.000,0.000,0.823,-0.103,-0.235,0.226,0.696,-7.167,15.829,,pan
assignment3_kp2_t3,2.312,1791456088.076508,18,1791456087.917620,camera_color_optical_frame,1,0.2386,0.7306,0.00260,0.014,1,IDLE,disabled,0.000,0.000,deg/s,joint_states,-0.350,0.440,0.000,0.000,0.806,-0.101,-0.234,0.224,0.712,-7.126,16.076,,pan
assignment3_kp2_t3,2.333,1791456088.098017,18,1791456087.917620,camera_color_optical_frame,1,0.2386,0.7306,0.00260,0.035,1,IDLE,disabled,0.000,0.000,deg/s,joint_states,-0.350,0.440,0.000,0.000,0.804,-0.100,-0.233,0.224,0.712,-7.124,16.070,,pan
assignment3_kp2_t3,2.354,1791456088.119553,20,1791456087.984323,camera_color_optical_frame,1,0.2389,0.7307,0.00257,0.002,1,IDLE,disabled,0.000,0.000,deg/s,joint_states,-0.350,0.530,0.000,0.000,0.824,-0.103,-0.240,0.225,0.710,-7.154,16.122,,pan
assignment3_kp2_t3,2.375,1791456088.139628,21,1791456088.017674,camera_color_optical_frame,1,0.2390,0.7311,0.00255,0.005,0,IDLE,disabled,0.000,0.000,deg/s,joint_states,-0.350,0.440,0.000,0.000,0.540,-0.073,-0.164,0.245,0.745,-7.730,16.739,,pan
assignment3_kp2_t3,2.396,1791456088.163389,22,1791456088.051025,camera_color_optical_frame,1,0.2390,0.7310,0.00257,0.012,0,IDLE,disabled,0.000,0.000,deg/s,joint_states,-0.440,0.440,0.000,0.000,0.599,-0.079,-0.177,0.233,0.727,-7.481,16.378,,pan
assignment3_kp2_t3,2.413,1791456088.176976,23,1791456088.084376,camera_color_optical_frame,1,0.2390,0.7306,0.00256,0.008,0,IDLE,disabled,0.000,0.000,deg/s,joint_states,-0.350,0.530,0.000,0.000,0.598,-0.079,-0.178,0.239,0.724,-7.559,16.410,,pan
assignment3_kp2_t3,2.433,1791456088.200049,23,1791456088.084376,camera_color_optical_frame,1,0.2390,0.7306,0.00256,0.029,0,IDLE,disabled,0.000,0.000,deg/s,joint_states,-0.350,0.530,0.000,0.000,0.598,-0.079,-0.178,0.239,0.724,-7.558,16.391,,pan
assignment3_kp2_t3,2.452,1791456088.216503,24,1791456088.117727,camera_color_optical_frame,1,0.2387,0.7300,0.00257,0.005,1,IDLE,disabled,0.000,0.000,deg/s,joint_states,-0.350,0.530,0.000,0.000,0.870,-0.108,-0.250,0.223,0.702,-7.094,15.949,,pan
assignment3_kp2_t3,2.473,1791456088.239150,24,1791456088.117727,camera_color_optical_frame,1,0.2387,0.7300,0.00257,0.026,1,IDLE,disabled,0.000,0.000,deg/s,joint_states,-0.350,0.530,0.000,0.000,0.880,-0.109,-0.253,0.223,0.701,-7.082,15.936,,pan
assignment3_kp2_t3,2.493,1791456088.257498,24,1791456088.117727,camera_color_optical_frame,1,0.2387,0.7300,0.00257,0.046,1,IDLE,disabled,0.000,0.000,deg/s,joint_states,-0.350,0.440,0.000,0.000,0.889,-0.110,-0.256,0.223,0.705,-7.071,15.923,,pan
assignment3_kp2_t3,2.513,1791456088.280095,25,1791456088.151078,camera_color_optical_frame,1,0.2390,0.7304,0.00254,0.017,1,IDLE,disabled,0.000,0.000,deg/s,joint_states,-0.350,0.530,0.000,0.000,0.883,-0.110,-0.256,0.224,0.705,-7.103,16.023,,pan
assignment3_kp2_t3,2.533,1791456088.297732,25,1791456088.151078,camera_color_optical_frame,1,0.2390,0.7304,0.00254,0.036,1,IDLE,disabled,0.000,0.000,deg/s,joint_states,-0.350,0.530,0.000,0.000,0.893,-0.111,-0.258,0.223,0.705,-7.093,16.013,,pan
assignment3_kp2_t3,2.554,1791456088.321345,26,1791456088.184429,camera_color_optical_frame,1,0.2391,0.7310,0.00255,0.018,1,IDLE,disabled,0.000,0.000,deg/s,joint_states,-0.350,0.530,0.000,0.000,0.830,-0.104,-0.245,0.226,0.721,-7.170,16.343,,pan
assignment3_kp2_t3,2.573,1791456088.337118,26,1791456088.184429,camera_color_optical_frame,1,0.2391,0.7310,0.00255,0.036,1,IDLE,disabled,0.000,0.000,deg/s,joint_states,-0.350,0.530,0.000,0.000,0.831,-0.105,-0.246,0.226,0.722,-7.172,16.374,,pan
assignment3_kp2_t3,2.594,1791456088.362483,27,1791456088.217780,camera_color_optical_frame,1,0.2390,0.7307,0.00254,0.020,1,IDLE,disabled,0.000,0.000,deg/s,joint_states,-0.350,0.440,0.000,0.000,0.836,-0.104,-0.244,0.224,0.715,-7.113,16.149,,pan
assignment3_kp2_t3,2.613,1791456088.376912,28,1791456088.251130,camera_color_optical_frame,1,0.2391,0.7312,0.00256,0.004,1,IDLE,disabled,0.000,0.000,deg/s,joint_states,-0.350,0.530,0.000,0.000,0.828,-0.104,-0.241,0.225,0.708,-7.154,16.082,,pan
assignment3_kp2_t3,2.635,1791456088.400523,28,1791456088.251130,camera_color_optical_frame,1,0.2391,0.7312,0.00256,0.027,1,IDLE,disabled,0.000,0.000,deg/s,joint_states,-0.350,0.530,0.000,0.000,0.829,-0.104,-0.241,0.225,0.708,-7.153,16.077,,pan
assignment3_kp2_t3,2.653,1791456088.418493,29,1791456088.284481,camera_color_optical_frame,1,0.2385,0.7294,0.00258,0.003,1,IDLE,disabled,0.000,0.000,deg/s,joint_states,-0.350,0.440,0.000,0.000,0.829,-0.104,-0.241,0.225,0.712,-7.153,16.073,,pan
assignment3_kp2_t3,2.673,1791456088.439383,29,1791456088.284481,camera_color_optical_frame,1,0.2385,0.7294,0.00258,0.023,1,IDLE,disabled,0.000,0.000,deg/s,joint_states,-0.350,0.440,0.000,0.000,0.830,-0.104,-0.241,0.224,0.711,-7.111,16.048,,pan
assignment3_kp2_t3,2.694,1791456088.460119,30,1791456088.317831,camera_color_optical_frame,1,0.2391,0.7310,0.00255,0.010,1,IDLE,disabled,0.000,0.000,deg/s,joint_states,-0.350,0.530,0.000,0.000,0.811,-0.102,-0.236,0.226,0.710,-7.164,16.122,,pan
assignment3_kp2_t3,2.712,1791456088.479473,31,1791456088.351185,camera_color_optical_frame,1,0.2389,0.7308,0.00257,0.012,0,IDLE,disabled,0.000,0.000,deg/s,joint_states,-0.350,0.530,0.000,0.000,0.538,-0.073,-0.163,0.245,0.738,-7.733,16.695,,pan
assignment3_kp2_t3,2.732,1791456088.496888,31,1791456088.351185,camera_color_optical_frame,1,0.2389,0.7308,0.00257,0.032,0,IDLE,disabled,0.000,0.000,deg/s,joint_states,-0.350,0.440,0.000,0.000,0.529,-0.072,-0.160,0.246,0.744,-7.764,16.726,,pan
assignment3_kp2_t3,2.753,1791456088.521979,32,1791456088.384531,camera_color_optical_frame,1,0.2391,0.7308,0.00255,0.018,1,IDLE,disabled,0.000,0.000,deg/s,joint_states,-0.350,0.530,0.000,0.000,0.821,-0.103,-0.237,0.225,0.705,-7.151,16.014,,pan
assignment3_kp2_t3,2.773,1791456088.537350,32,1791456088.384531,camera_color_optical_frame,1,0.2391,0.7308,0.00255,0.037,1,IDLE,disabled,0.000,0.000,deg/s,joint_states,-0.350,0.440,0.000,0.000,0.821,-0.103,-0.237,0.225,0.709,-7.151,16.004,,pan
assignment3_kp2_t3,2.794,1791456088.561326,33,1791456088.417878,camera_color_optical_frame,1,0.2389,0.7303,0.00257,0.018,1,IDLE,disabled,0.000,0.000,deg/s,joint_states,-0.350,0.440,0.000,0.000,0.891,-0.110,-0.256,0.222,0.705,-7.067,15.933,,pan
assignment3_kp2_t3,2.814,1791456088.579654,34,1791456088.451225,camera_color_optical_frame,1,0.2391,0.7310,0.00255,0.003,1,IDLE,disabled,0.000,0.000,deg/s,joint_states,-0.350,0.440,0.000,0.000,0.837,-0.105,-0.245,0.226,0.718,-7.164,16.208,,pan
assignment3_kp2_t3,2.836,1791456088.601539,34,1791456088.451225,camera_color_optical_frame,1,0.2391,0.7310,0.00255,0.025,1,IDLE,disabled,0.000,0.000,deg/s,joint_states,-0.350,0.440,0.000,0.000,0.839,-0.105,-0.246,0.226,0.719,-7.164,16.222,,pan
assignment3_kp2_t3,2.854,1791456088.618933,35,1791456088.484571,camera_color_optical_frame,1,0.2389,0.7314,0.00256,0.006,1,IDLE,disabled,0.000,0.000,deg/s,joint_states,-0.350,0.440,0.000,0.000,0.829,-0.104,-0.243,0.225,0.717,-7.154,16.187,,pan
assignment3_kp2_t3,2.874,1791456088.640513,35,1791456088.484571,camera_color_optical_frame,1,0.2389,0.7314,0.00256,0.027,1,IDLE,disabled,0.000,0.000,deg/s,joint_states,-0.350,0.530,0.000,0.000,0.830,-0.104,-0.243,0.225,0.714,-7.155,16.202,,pan
assignment3_kp2_t3,2.893,1791456088.659541,36,1791456088.517917,camera_color_optical_frame,1,0.2386,0.7298,0.00257,0.014,1,IDLE,disabled,0.000,0.000,deg/s,joint_states,-0.350,0.530,0.000,0.000,0.810,-0.101,-0.231,0.224,0.693,-7.105,15.769,,pan
assignment3_kp2_t3,2.916,1791456088.680297,36,1791456088.517917,camera_color_optical_frame,1,0.2386,0.7298,0.00257,0.037,1,IDLE,disabled,0.000,0.000,deg/s,joint_states,-0.350,0.530,0.000,0.000,0.809,-0.101,-0.230,0.223,0.691,-7.098,15.729,,pan
assignment3_kp2_t3,2.933,1791456088.698058,37,1791456088.551263,camera_color_optical_frame,1,0.2391,0.7308,0.00255,0.014,1,IDLE,disabled,0.000,0.000,deg/s,joint_states,-0.350,0.440,0.000,0.000,0.829,-0.104,-0.238,0.226,0.705,-7.161,15.923,,pan
assignment3_kp2_t3,2.952,1791456088.716651,37,1791456088.551263,camera_color_optical_frame,1,0.2391,0.7308,0.00255,0.032,1,IDLE,disabled,0.000,0.000,deg/s,joint_states,-0.350,0.440,0.000,0.000,0.829,-0.104,-0.238,0.226,0.704,-7.162,15.908,,pan
assignment3_kp2_t3,2.972,1791456088.736613,38,1791456088.584609,camera_color_optical_frame,1,0.2391,0.7308,0.00255,0.017,1,IDLE,disabled,0.000,0.000,deg/s,joint_states,-0.350,0.530,0.000,0.000,0.829,-0.105,-0.241,0.226,0.708,-7.183,16.081,,pan
assignment3_kp2_t3,2.994,1791456088.759344,38,1791456088.584609,camera_color_optical_frame,1,0.2391,0.7308,0.00255,0.038,1,IDLE,disabled,0.000,0.000,deg/s,joint_states,-0.350,0.530,0.000,0.000,0.830,-0.105,-0.241,0.226,0.708,-7.188,16.087,,pan
assignment3_kp2_t3,3.013,1791456088.778268,39,1791456088.617955,camera_color_optical_frame,1,0.2390,0.7317,0.00255,0.015,1,IDLE,disabled,0.000,0.000,deg/s,joint_states,-0.350,0.440,0.000,0.000,0.834,-0.105,-0.247,0.226,0.725,-7.179,16.341,,pan
assignment3_kp2_t3,3.035,1791456088.799399,39,1791456088.617955,camera_color_optical_frame,1,0.2390,0.7317,0.00255,0.037,1,IDLE,disabled,0.000,0.000,deg/s,joint_states,-0.350,0.440,0.000,0.000,0.835,-0.105,-0.247,0.226,0.726,-7.183,16.368,,pan
assignment3_kp2_t3,3.056,1791456088.825597,40,1791456088.651300,camera_color_optical_frame,1,0.2389,0.7309,0.00254,0.019,1,IDLE,disabled,0.000,0.000,deg/s,joint_states,-0.350,0.440,0.000,0.000,0.819,-0.103,-0.242,0.225,0.725,-7.153,16.354,,pan
assignment3_kp2_t3,3.072,1791456088.837711,40,1791456088.651300,camera_color_optical_frame,1,0.2389,0.7309,0.00254,0.035,1,IDLE,disabled,0.000,0.000,deg/s,joint_states,-0.440,0.440,0.000,0.000,0.818,-0.103,-0.242,0.222,0.726,-7.153,16.376,,pan
assignment3_kp2_t3,3.098,1791456088.863171,41,1791456088.684645,camera_color_optical_frame,1,0.2390,0.7306,0.00254,0.023,1,IDLE,disabled,0.000,0.000,deg/s,joint_states,-0.440,0.440,0.000,0.000,0.813,-0.102,-0.232,0.222,0.701,-7.147,15.843,,pan
assignment3_kp2_t3,3.113,1791456088.877606,42,1791456088.717990,camera_color_optical_frame,1,0.2391,0.7310,0.00255,0.010,1,IDLE,disabled,0.000,0.000,deg/s,joint_states,-0.350,0.530,0.000,0.000,0.822,-0.103,-0.239,0.226,0.709,-7.169,16.109,,pan
assignment3_kp2_t3,3.134,1791456088.899170,42,1791456088.717990,camera_color_optical_frame,1,0.2391,0.7310,0.00255,0.031,1,IDLE,disabled,0.000,0.000,deg/s,joint_states,-0.350,0.530,0.000,0.000,0.822,-0.103,-0.239,0.226,0.709,-7.170,16.107,,pan
assignment3_kp2_t3,3.153,1791456088.921947,43,1791456088.751335,camera_color_optical_frame,1,0.2390,0.7311,0.00255,0.014,1,IDLE,disabled,0.000,0.000,deg/s,joint_states,-0.350,0.530,0.000,0.000,0.819,-0.103,-0.237,0.225,0.703,-7.152,15.983,,pan
assignment3_kp2_t3,3.174,1791456088.938573,43,1791456088.751335,camera_color_optical_frame,1,0.2390,0.7311,0.00255,0.034,1,IDLE,disabled,0.000,0.000,deg/s,joint_states,-0.350,0.440,0.000,0.000,0.819,-0.103,-0.236,0.225,0.707,-7.152,15.976,,pan
assignment3_kp2_t3,3.194,1791456088.959969,44,1791456088.784680,camera_color_optical_frame,1,0.2391,0.7308,0.00255,0.015,1,IDLE,disabled,0.000,0.000,deg/s,joint_states,-0.350,0.530,0.000,0.000,0.809,-0.101,-0.231,0.225,0.695,-7.143,15.806,,pan
assignment3_kp2_t3,3.212,1791456088.976743,44,1791456088.784680,camera_color_optical_frame,1,0.2391,0.7308,0.00255,0.033,1,IDLE,disabled,0.000,0.000,deg/s,joint_states,-0.350,0.440,0.000,0.000,0.808,-0.101,-0.230,0.225,0.698,-7.142,15.781,,pan
assignment3_kp2_t3,3.234,1791456089.000328,45,1791456088.818024,camera_color_optical_frame,1,0.2390,0.7309,0.00255,0.016,1,IDLE,disabled,0.000,0.000,deg/s,joint_states,-0.350,0.530,0.000,0.000,0.834,-0.108,-0.239,0.233,0.699,-7.380,15.887,,pan
assignment3_kp2_t3,3.253,1791456089.018367,46,1791456088.851369,camera_color_optical_frame,1,0.2390,0.7309,0.00255,0.003,1,IDLE,disabled,0.000,0.000,deg/s,joint_states,-0.350,0.530,0.000,0.000,0.845,-0.106,-0.249,0.225,0.717,-7.160,16.268,,pan
assignment3_kp2_t3,3.275,1791456089.040349,46,1791456088.851369,camera_color_optical_frame,1,0.2390,0.7309,0.00255,0.026,1,IDLE,disabled,0.000,0.000,deg/s,joint_states,-0.350,0.440,0.000,0.000,0.848,-0.107,-0.250,0.226,0.722,-7.161,16.290,,pan
assignment3_kp2_t3,3.293,1791456089.057271,47,1791456088.884712,camera_color_optical_frame,1,0.2391,0.7312,0.00256,0.009,1,IDLE,disabled,0.000,0.000,deg/s,joint_states,-0.350,0.440,0.000,0.000,0.805,-0.098,-0.235,0.218,0.717,-6.938,16.185,,pan
assignment3_kp2_t3,3.313,1791456089.077878,47,1791456088.884712,camera_color_optical_frame,1,0.2391,0.7312,0.00256,0.029,1,IDLE,disabled,0.000,0.000,deg/s,joint_states,-0.350,0.440,0.000,0.000,0.803,-0.097,-0.235,0.217,0.718,-6.911,16.198,,pan
assignment3_kp2_t3,3.333,1791456089.099236,48,1791456088.918056,camera_color_optical_frame,1,0.2390,0.7311,0.00255,0.012,1,IDLE,disabled,0.000,0.000,deg/s,joint_states,-0.350,0.530,0.000,0.000,0.816,-0.102,-0.234,0.225,0.699,-7.147,15.893,,pan
assignment3_kp2_t3,3.353,1791456089.117871,48,1791456088.918056,camera_color_optical_frame,1,0.2390,0.7311,0.00255,0.031,1,IDLE,disabled,0.000,0.000,deg/s,joint_states,-0.350,0.530,0.000,0.000,0.815,-0.102,-0.234,0.225,0.698,-7.146,15.876,,pan
assignment3_kp2_t3,3.373,1791456089.139968,49,1791456088.951400,camera_color_optical_frame,1,0.2390,0.7313,0.00252,0.015,1,IDLE,disabled,0.000,0.000,deg/s,joint_states,-0.350,0.440,0.000,0.000,0.854,-0.107,-0.248,0.225,0.710,-7.142,16.039,,pan
assignment3_kp2_t3,3.393,1791456089.157528,49,1791456088.951400,camera_color_optical_frame,1,0.2390,0.7313,0.00252,0.035,1,IDLE,disabled,0.000,0.000,deg/s,joint_states,-0.350,0.530,0.000,0.000,0.857,-0.107,-0.248,0.225,0.706,-7.141,16.036,,pan
assignment3_kp2_t3,3.414,1791456089.181731,50,1791456088.984744,camera_color_optical_frame,1,0.2390,0.7315,0.00255,0.017,1,IDLE,disabled,0.000,0.000,deg/s,joint_states,-0.350,0.530,0.000,0.000,0.822,-0.103,-0.244,0.226,0.723,-7.166,16.397,,pan
assignment3_kp2_t3,3.434,1791456089.198098,51,1791456089.018087,camera_color_optical_frame,1,0.2391,0.7311,0.00256,0.005,1,IDLE,disabled,0.000,0.000,deg/s,joint_states,-0.350,0.440,0.000,0.000,0.815,-0.102,-0.235,0.226,0.707,-7.164,15.965,,pan
assignment3_kp2_t3,3.454,1791456089.221514,51,1791456089.018087,camera_color_optical_frame,1,0.2391,0.7311,0.00256,0.025,1,IDLE,disabled,0.000,0.000,deg/s,joint_states,-0.350,0.440,0.000,0.000,0.814,-0.102,-0.235,0.226,0.706,-7.164,15.957,,pan
assignment3_kp2_t3,3.472,1791456089.236482,52,1791456089.051430,camera_color_optical_frame,1,0.2389,0.7304,0.00255,0.004,1,IDLE,disabled,0.000,0.000,deg/s,joint_states,-0.350,0.440,0.000,0.000,0.820,-0.103,-0.239,0.225,0.715,-7.151,16.132,,pan
assignment3_kp2_t3,3.496,1791456089.262355,52,1791456089.051430,camera_color_optical_frame,1,0.2389,0.7304,0.00255,0.028,1,IDLE,disabled,0.000,0.000,deg/s,joint_states,-0.350,0.440,0.000,0.000,0.820,-0.103,-0.239,0.225,0.715,-7.151,16.137,,pan
assignment3_kp2_t3,3.512,1791456089.277708,53,1791456089.084773,camera_color_optical_frame,1,0.2390,0.7306,0.00254,0.006,1,IDLE,disabled,0.000,0.000,deg/s,joint_states,-0.350,0.530,0.000,0.000,0.793,-0.100,-0.235,0.225,0.721,-7.156,16.351,,pan
assignment3_kp2_t3,3.534,1791456089.301390,53,1791456089.084773,camera_color_optical_frame,1,0.2390,0.7306,0.00254,0.027,1,IDLE,disabled,0.000,0.000,deg/s,joint_states,-0.350,0.440,0.000,0.000,0.791,-0.099,-0.234,0.225,0.727,-7.156,16.378,,pan
assignment3_kp2_t3,3.552,1791456089.321437,54,1791456089.118116,camera_color_optical_frame,1,0.2390,0.7308,0.00256,0.006,1,IDLE,disabled,0.000,0.000,deg/s,joint_states,-0.350,0.530,0.000,0.000,0.811,-0.102,-0.233,0.225,0.699,-7.155,15.891,,pan
assignment3_kp2_t3,3.581,1791456089.346312,54,1791456089.118116,camera_color_optical_frame,1,0.2390,0.7308,0.00256,0.035,1,IDLE,disabled,0.000,0.000,deg/s,joint_states,-0.350,0.530,0.000,0.000,0.810,-0.102,-0.232,0.225,0.698,-7.156,15.869,,pan
assignment3_kp2_t3,3.595,1791456089.364619,55,1791456089.151459,camera_color_optical_frame,1,0.2391,0.7312,0.00256,0.003,1,IDLE,disabled,0.000,0.000,deg/s,joint_states,-0.350,0.440,0.000,0.000,0.809,-0.102,-0.232,0.225,0.702,-7.156,15.859,,pan
assignment3_kp2_t3,3.613,1791456089.388149,55,1791456089.151459,camera_color_optical_frame,1,0.2391,0.7312,0.00256,0.022,1,IDLE,disabled,0.000,0.000,deg/s,joint_states,-0.350,0.440,0.000,0.000,0.852,-0.107,-0.249,0.226,0.717,-7.165,16.175,,pan
assignment3_kp2_t3,3.633,1791456089.400919,55,1791456089.151459,camera_color_optical_frame,1,0.2391,0.7312,0.00256,0.042,1,IDLE,disabled,0.000,0.000,deg/s,joint_states,-0.350,0.440,0.000,0.000,0.855,-0.107,-0.250,0.226,0.717,-7.166,16.179,,pan
assignment3_kp2_t3,3.659,1791456089.425127,56,1791456089.184801,camera_color_optical_frame,1,0.2390,0.7314,0.00256,0.011,1,IDLE,disabled,0.000,0.000,deg/s,joint_states,-0.350,0.530,0.000,0.000,0.855,-0.107,-0.245,0.225,0.698,-7.151,15.878,,pan
assignment3_kp2_t3,3.673,1791456089.438137,56,1791456089.184801,camera_color_optical_frame,1,0.2390,0.7314,0.00256,0.026,1,IDLE,disabled,0.000,0.000,deg/s,joint_states,-0.350,0.530,0.000,0.000,0.857,-0.108,-0.246,0.225,0.698,-7.151,15.868,,pan
assignment3_kp2_t3,3.695,1791456089.462765,57,1791456089.218143,camera_color_optical_frame,1,0.2390,0.7306,0.00257,0.015,1,IDLE,disabled,0.000,0.000,deg/s,joint_states,-0.350,0.530,0.000,0.000,0.822,-0.103,-0.232,0.224,0.688,-7.128,15.659,,pan
assignment3_kp2_t3,3.712,1791456089.477041,58,1791456089.251379,camera_color_optical_frame,1,0.2391,0.7312,0.00256,0.003,1,IDLE,disabled,0.000,0.000,deg/s,joint_states,-0.350,0.530,0.000,0.000,0.817,-0.103,-0.237,0.225,0.707,-7.155,16.059,,pan
assignment3_kp2_t3,3.736,1791456089.501610,58,1791456089.251379,camera_color_optical_frame,1,0.2391,0.7312,0.00256,0.027,1,IDLE,disabled,0.000,0.000,deg/s,joint_states,-0.350,0.530,0.000,0.000,0.817,-0.103,-0.237,0.225,0.707,-7.155,16.054,,pan
assignment3_kp2_t3,3.753,1791456089.518518,59,1791456089.284747,camera_color_optical_frame,1,0.2388,0.7301,0.00256,0.009,1,IDLE,disabled,0.000,0.000,deg/s,joint_states,-0.350,0.440,0.000,0.000,0.821,-0.103,-0.239,0.225,0.712,-7.135,16.078,,pan
assignment3_kp2_t3,3.775,1791456089.540915,59,1791456089.284747,camera_color_optical_frame,1,0.2388,0.7301,0.00256,0.031,1,IDLE,disabled,0.000,0.000,deg/s,joint_states,-0.350,0.440,0.000,0.000,0.821,-0.103,-0.239,0.225,0.712,-7.134,16.081,,pan
assignment3_kp2_t3,3.795,1791456089.561496,60,1791456089.351483,camera_color_optical_frame,1,0.2389,0.7305,0.00256,0.014,1,IDLE,disabled,0.000,0.000,deg/s,joint_states,-0.350,0.530,0.000,0.000,0.815,-0.102,-0.235,0.225,0.701,-7.160,15.940,,pan
assignment3_kp2_t3,3.814,1791456089.581700,60,1791456089.351483,camera_color_optical_frame,1,0.2389,0.7305,0.00256,0.033,1,IDLE,disabled,0.000,0.000,deg/s,joint_states,-0.350,0.530,0.000,0.000,0.814,-0.102,-0.234,0.225,0.701,-7.160,15.932,,pan
assignment3_kp2_t3,3.834,1791456089.598610,61,1791456089.384851,camera_color_optical_frame,1,0.2391,0.7308,0.00255,0.003,1,IDLE,disabled,0.000,0.000,deg/s,joint_states,-0.350,0.530,0.000,0.000,0.822,-0.103,-0.239,0.225,0.707,-7.156,16.070,,pan
assignment3_kp2_t3,3.854,1791456089.622298,61,1791456089.384851,camera_color_optical_frame,1,0.2391,0.7308,0.00255,0.023,1,IDLE,disabled,0.000,0.000,deg/s,joint_states,-0.350,0.530,0.000,0.000,0.822,-0.103,-0.239,0.225,0.707,-7.156,16.070,,pan
assignment3_kp2_t3,3.872,1791456089.637455,62,1791456089.418220,camera_color_optical_frame,1,0.2389,0.7307,0.00257,0.005,1,IDLE,disabled,0.000,0.000,deg/s,joint_states,-0.350,0.440,0.000,0.000,0.831,-0.104,-0.246,0.225,0.727,-7.155,16.396,,pan
assignment3_kp2_t3,3.897,1791456089.662263,62,1791456089.418220,camera_color_optical_frame,1,0.2389,0.7307,0.00257,0.029,1,IDLE,disabled,0.000,0.000,deg/s,joint_states,-0.350,0.440,0.000,0.000,0.831,-0.104,-0.247,0.225,0.729,-7.155,16.427,,pan
assignment3_kp2_t3,3.913,1791456089.678224,63,1791456089.451589,camera_color_optical_frame,1,0.2389,0.7308,0.00256,0.007,1,IDLE,disabled,0.000,0.000,deg/s,joint_states,-0.350,0.440,0.000,0.000,0.839,-0.105,-0.246,0.225,0.717,-7.142,16.186,,pan
assignment3_kp2_t3,3.935,1791456089.702329,63,1791456089.451589,camera_color_optical_frame,1,0.2389,0.7308,0.00256,0.029,1,IDLE,disabled,0.000,0.000,deg/s,joint_states,-0.350,0.530,0.000,0.000,0.841,-0.105,-0.246,0.225,0.713,-7.141,16.195,,pan
assignment3_kp2_t3,3.953,1791456089.718204,64,1791456089.484958,camera_color_optical_frame,1,0.2390,0.7311,0.00255,0.008,1,IDLE,disabled,0.000,0.000,deg/s,joint_states,-0.350,0.440,0.000,0.000,0.812,-0.102,-0.236,0.226,0.713,-7.170,16.100,,pan
assignment3_kp2_t3,3.974,1791456089.739228,64,1791456089.484958,camera_color_optical_frame,1,0.2390,0.7311,0.00255,0.029,1,IDLE,disabled,0.000,0.000,deg/s,joint_states,-0.350,0.440,0.000,0.000,0.811,-0.102,-0.236,0.226,0.713,-7.171,16.099,,pan
assignment3_kp2_t3,3.993,1791456089.758003,65,1791456089.551697,camera_color_optical_frame,1,0.2386,0.7297,0.00259,0.014,1,IDLE,disabled,0.000,0.000,deg/s,joint_states,-0.350,0.530,0.000,0.000,0.834,-0.104,-0.242,0.223,0.707,-7.102,16.065,,pan
assignment3_kp2_t3,4.013,1791456089.778683,65,1791456089.551697,camera_color_optical_frame,1,0.2386,0.7297,0.00259,0.034,1,IDLE,disabled,0.000,0.000,deg/s,joint_states,-0.350,0.530,0.000,0.000,0.835,-0.104,-0.242,0.223,0.707,-7.098,16.062,,pan
assignment3_kp2_t3,4.032,1791456089.796635,66,1791456089.585068,camera_color_optical_frame,1,0.2390,0.7309,0.00255,0.011,1,IDLE,disabled,0.000,0.000,deg/s,joint_states,-0.350,0.440,0.000,0.000,0.825,-0.104,-0.240,0.225,0.714,-7.157,16.125,,pan
assignment3_kp2_t3,4.054,1791456089.818936,66,1791456089.585068,camera_color_optical_frame,1,0.2390,0.7309,0.00255,0.032,1,IDLE,disabled,0.000,0.000,deg/s,joint_states,-0.350,0.440,0.000,0.000,0.825,-0.104,-0.240,0.225,0.714,-7.157,16.125,,pan
assignment3_kp2_t3,4.072,1791456089.836608,67,1791456089.618438,camera_color_optical_frame,1,0.2390,0.7307,0.00254,0.011,1,IDLE,disabled,0.000,0.000,deg/s,joint_states,-0.350,0.530,0.000,0.000,0.831,-0.105,-0.237,0.226,0.695,-7.188,15.807,,pan
assignment3_kp2_t3,4.093,1791456089.857961,67,1791456089.618438,camera_color_optical_frame,1,0.2390,0.7307,0.00254,0.032,1,IDLE,disabled,0.000,0.000,deg/s,joint_states,-0.350,0.530,0.000,0.000,0.831,-0.105,-0.237,0.226,0.694,-7.192,15.786,,pan
assignment3_kp2_t3,4.113,1791456089.878732,68,1791456089.651809,camera_color_optical_frame,1,0.2390,0.7305,0.00254,0.015,1,IDLE,disabled,0.000,0.000,deg/s,joint_states,-0.350,0.440,0.000,0.000,0.818,-0.102,-0.232,0.225,0.693,-7.138,15.687,,pan
assignment3_kp2_t3,4.133,1791456089.897958,68,1791456089.651809,camera_color_optical_frame,1,0.2390,0.7305,0.00254,0.035,1,IDLE,disabled,0.000,0.000,deg/s,joint_states,-0.350,0.440,0.000,0.000,0.818,-0.102,-0.231,0.225,0.692,-7.137,15.656,,pan
assignment3_kp2_t3,4.153,1791456089.920386,69,1791456089.685179,camera_color_optical_frame,1,0.2390,0.7309,0.00255,0.017,1,IDLE,disabled,0.000,0.000,deg/s,joint_states,-0.350,0.530,0.000,0.000,0.812,-0.102,-0.239,0.225,0.718,-7.162,16.285,,pan
assignment3_kp2_t3,4.174,1791456089.938625,69,1791456089.685179,camera_color_optical_frame,1,0.2390,0.7309,0.00255,0.037,1,IDLE,disabled,0.000,0.000,deg/s,joint_states,-0.350,0.530,0.000,0.000,0.811,-0.102,-0.239,0.226,0.719,-7.163,16.303,,pan
assignment3_kp2_t3,4.193,1791456089.959973,70,1791456089.751922,camera_color_optical_frame,1,0.2391,0.7308,0.00255,0.014,1,IDLE,disabled,0.000,0.000,deg/s,joint_states,-0.350,0.440,0.000,0.000,0.836,-0.105,-0.241,0.225,0.707,-7.154,15.963,,pan
assignment3_kp2_t3,4.214,1791456089.978947,71,1791456089.785294,camera_color_optical_frame,1,0.2389,0.7311,0.00254,0.002,1,IDLE,disabled,0.000,0.000,deg/s,joint_states,-0.350,0.530,0.000,0.000,0.827,-0.104,-0.239,0.225,0.706,-7.151,16.038,,pan
assignment3_kp2_t3,4.234,1791456090.004047,71,1791456089.785294,camera_color_optical_frame,1,0.2389,0.7311,0.00254,0.022,1,IDLE,disabled,0.000,0.000,deg/s,joint_states,-0.350,0.440,0.000,0.000,0.827,-0.104,-0.239,0.225,0.710,-7.151,16.038,,pan
assignment3_kp2_t3,4.252,1791456090.017464,71,1791456089.785294,camera_color_optical_frame,1,0.2389,0.7311,0.00254,0.040,1,IDLE,disabled,0.000,0.000,deg/s,joint_states,-0.350,0.440,0.000,0.000,0.827,-0.104,-0.239,0.225,0.710,-7.151,16.038,,pan
assignment3_kp2_t3,4.273,1791456090.040712,72,1791456089.818666,camera_color_optical_frame,1,0.2388,0.7304,0.00256,0.018,1,IDLE,disabled,0.000,0.000,deg/s,joint_states,-0.350,0.440,0.000,0.000,0.821,-0.103,-0.242,0.225,0.723,-7.136,16.307,,pan
assignment3_kp2_t3,4.292,1791456090.056787,73,1791456089.852038,camera_color_optical_frame,1,0.2390,0.7305,0.00256,0.005,1,IDLE,disabled,0.000,0.000,deg/s,joint_states,-0.350,0.530,0.000,0.000,0.838,-0.105,-0.243,0.225,0.707,-7.157,16.070,,pan
assignment3_kp2_t3,4.315,1791456090.080548,73,1791456089.852038,camera_color_optical_frame,1,0.2390,0.7305,0.00256,0.027,1,IDLE,disabled,0.000,0.000,deg/s,joint_states,-0.350,0.440,0.000,0.000,0.839,-0.105,-0.244,0.225,0.712,-7.157,16.072,,pan
assignment3_kp2_t3,4.333,1791456090.097535,73,1791456089.852038,camera_color_optical_frame,1,0.2390,0.7305,0.00256,0.045,1,IDLE,disabled,0.000,0.000,deg/s,joint_states,-0.350,0.440,0.000,0.000,0.840,-0.105,-0.244,0.225,0.712,-7.157,16.074,,pan
assignment3_kp2_t3,4.355,1791456090.120175,75,1791456089.918783,camera_color_optical_frame,1,0.2389,0.7305,0.00257,0.006,0,IDLE,disabled,0.000,0.000,deg/s,joint_states,-0.350,0.440,0.000,0.000,0.502,-0.069,-0.154,0.248,0.751,-7.842,16.854,,pan
assignment3_kp2_t3,4.374,1791456090.138941,76,1791456089.985529,camera_color_optical_frame,1,0.2391,0.7311,0.00254,0.009,0,IDLE,disabled,0.000,0.000,deg/s,joint_states,-0.350,0.530,0.000,0.000,0.599,-0.080,-0.177,0.239,0.720,-7.572,16.308,,pan
assignment3_kp2_t3,4.393,1791456090.158055,77,1791456090.018902,camera_color_optical_frame,1,0.2391,0.7308,0.00255,0.012,0,IDLE,disabled,0.000,0.000,deg/s,joint_states,-0.350,0.530,0.000,0.000,0.598,-0.079,-0.178,0.239,0.727,-7.565,16.465,,pan
assignment3_kp2_t3,4.414,1791456090.178648,78,1791456090.052276,camera_color_optical_frame,1,0.2391,0.7308,0.00255,0.017,0,IDLE,disabled,0.000,0.000,deg/s,joint_states,-0.350,0.530,0.000,0.000,0.598,-0.079,-0.179,0.239,0.728,-7.565,16.495,,pan
assignment3_kp2_t3,4.433,1791456090.197058,79,1791456090.085650,camera_color_optical_frame,1,0.2387,0.7292,0.00254,0.013,0,IDLE,disabled,0.000,0.000,deg/s,joint_states,-0.350,0.530,0.000,0.000,0.598,-0.079,-0.177,0.238,0.721,-7.540,16.348,,pan
assignment3_kp2_t3,4.453,1791456090.217929,79,1791456090.085650,camera_color_optical_frame,1,0.2387,0.7292,0.00254,0.034,0,IDLE,disabled,0.000,0.000,deg/s,joint_states,-0.350,0.530,0.000,0.000,0.598,-0.079,-0.177,0.238,0.721,-7.537,16.335,,pan
assignment3_kp2_t3,4.472,1791456090.236394,80,1791456090.119024,camera_color_optical_frame,1,0.2384,0.7294,0.00260,0.013,1,IDLE,disabled,0.000,0.000,deg/s,joint_states,-0.350,0.440,0.000,0.000,0.879,-0.109,-0.255,0.222,0.710,-7.065,16.030,,pan
assignment3_kp2_t3,4.493,1791456090.258422,80,1791456090.119024,camera_color_optical_frame,1,0.2384,0.7294,0.00260,0.033,1,IDLE,disabled,0.000,0.000,deg/s,joint_states,-0.350,0.530,0.000,0.000,0.889,-0.110,-0.257,0.222,0.705,-7.053,16.019,,pan
assignment3_kp2_t3,4.513,1791456090.278119,81,1791456090.152399,camera_color_optical_frame,1,0.2387,0.7302,0.00259,0.016,1,IDLE,disabled,0.000,0.000,deg/s,joint_states,-0.350,0.530,0.000,0.000,0.882,-0.109,-0.254,0.222,0.702,-7.069,15.967,,pan
assignment3_kp2_t3,4.533,1791456090.299537,82,1791456090.185773,camera_color_optical_frame,1,0.2387,0.7297,0.00257,0.016,0,IDLE,disabled,0.000,0.000,deg/s,joint_states,-0.350,0.530,0.000,0.000,0.545,-0.074,-0.164,0.244,0.735,-7.704,16.618,,pan
assignment3_kp2_t3,4.554,1791456090.318661,83,1791456090.219149,camera_color_optical_frame,1,0.2387,0.7299,0.00256,0.002,0,IDLE,disabled,0.000,0.000,deg/s,joint_states,-0.350,0.440,0.000,0.000,0.535,-0.073,-0.161,0.245,0.740,-7.736,16.647,,pan
assignment3_kp2_t3,4.574,1791456090.343026,83,1791456090.219149,camera_color_optical_frame,1,0.2387,0.7299,0.00256,0.022,1,IDLE,disabled,0.000,0.000,deg/s,joint_states,-0.350,0.530,0.000,0.000,0.823,-0.103,-0.238,0.225,0.704,-7.147,15.996,,pan
assignment3_kp2_t3,4.593,1791456090.359230,83,1791456090.219149,camera_color_optical_frame,1,0.2387,0.7299,0.00256,0.041,1,IDLE,disabled,0.000,0.000,deg/s,joint_states,-0.350,0.530,0.000,0.000,0.823,-0.103,-0.238,0.225,0.704,-7.147,15.991,,pan
assignment3_kp2_t3,4.614,1791456090.381863,84,1791456090.252524,camera_color_optical_frame,1,0.2390,0.7308,0.00255,0.017,1,IDLE,disabled,0.000,0.000,deg/s,joint_states,-0.350,0.530,0.000,0.000,0.885,-0.110,-0.257,0.223,0.707,-7.084,16.058,,pan
assignment3_kp2_t3,4.633,1791456090.398310,85,1791456090.285899,camera_color_optical_frame,1,0.2388,0.7301,0.00251,0.006,1,IDLE,disabled,0.000,0.000,deg/s,joint_states,-0.350,0.440,0.000,0.000,0.835,-0.105,-0.244,0.225,0.715,-7.151,16.137,,pan
assignment3_kp2_t3,4.656,1791456090.421779,85,1791456090.285899,camera_color_optical_frame,1,0.2388,0.7301,0.00251,0.030,1,IDLE,disabled,0.000,0.000,deg/s,joint_states,-0.350,0.440,0.000,0.000,0.837,-0.105,-0.244,0.225,0.716,-7.152,16.151,,pan
assignment3_kp2_t3,4.673,1791456090.438645,86,1791456090.319275,camera_color_optical_frame,1,0.2387,0.7303,0.00259,0.008,1,IDLE,disabled,0.000,0.000,deg/s,joint_states,-0.350,0.440,0.000,0.000,0.831,-0.104,-0.242,0.225,0.713,-7.134,16.095,,pan
assignment3_kp2_t3,4.695,1791456090.460722,86,1791456090.319275,camera_color_optical_frame,1,0.2387,0.7303,0.00259,0.030,1,IDLE,disabled,0.000,0.000,deg/s,joint_states,-0.350,0.530,0.000,0.000,0.831,-0.104,-0.242,0.224,0.708,-7.131,16.091,,pan
assignment3_kp2_t3,4.712,1791456090.476605,87,1791456090.352651,camera_color_optical_frame,1,0.2387,0.7297,0.00258,0.012,1,IDLE,disabled,0.000,0.000,deg/s,joint_states,-0.350,0.440,0.000,0.000,0.810,-0.102,-0.236,0.225,0.716,-7.145,16.158,,pan
assignment3_kp2_t3,4.734,1791456090.499159,87,1791456090.352651,camera_color_optical_frame,1,0.2387,0.7297,0.00258,0.033,1,IDLE,disabled,0.000,0.000,deg/s,joint_states,-0.350,0.440,0.000,0.000,0.808,-0.101,-0.236,0.225,0.716,-7.145,16.169,,pan
assignment3_kp2_t3,4.752,1791456090.519033,88,1791456090.386010,camera_color_optical_frame,1,0.2388,0.7304,0.00257,0.014,1,IDLE,disabled,0.000,0.000,deg/s,joint_states,-0.350,0.530,0.000,0.000,0.817,-0.102,-0.234,0.225,0.697,-7.148,15.850,,pan
assignment3_kp2_t3,4.772,1791456090.536455,88,1791456090.386010,camera_color_optical_frame,1,0.2388,0.7304,0.00257,0.034,1,IDLE,disabled,0.000,0.000,deg/s,joint_states,-0.350,0.530,0.000,0.000,0.815,-0.102,-0.233,0.225,0.696,-7.147,15.823,,pan
assignment3_kp2_t3,4.794,1791456090.562259,89,1791456090.419369,camera_color_optical_frame,1,0.2387,0.7306,0.00258,0.018,1,IDLE,disabled,0.000,0.000,deg/s,joint_states,-0.350,0.440,0.000,0.000,0.837,-0.105,-0.241,0.225,0.705,-7.141,15.921,,pan
assignment3_kp2_t3,4.812,1791456090.576782,89,1791456090.419369,camera_color_optical_frame,1,0.2387,0.7306,0.00258,0.036,1,IDLE,disabled,0.000,0.000,deg/s,joint_states,-0.350,0.440,0.000,0.000,0.839,-0.105,-0.241,0.225,0.704,-7.141,15.905,,pan
assignment3_kp2_t3,4.833,1791456090.599864,90,1791456090.452729,camera_color_optical_frame,1,0.2388,0.7300,0.00252,0.019,1,IDLE,disabled,0.000,0.000,deg/s,joint_states,-0.350,0.440,0.000,0.000,0.836,-0.105,-0.242,0.225,0.711,-7.149,16.055,,pan
assignment3_kp2_t3,4.854,1791456090.618369,91,1791456090.486088,camera_color_optical_frame,1,0.2391,0.7310,0.00255,0.002,1,IDLE,disabled,0.000,0.000,deg/s,joint_states,-0.350,0.440,0.000,0.000,0.817,-0.103,-0.238,0.226,0.715,-7.180,16.135,,pan
assignment3_kp2_t3,4.874,1791456090.643738,91,1791456090.486088,camera_color_optical_frame,1,0.2391,0.7310,0.00255,0.023,1,IDLE,disabled,0.000,0.000,deg/s,joint_states,-0.350,0.530,0.000,0.000,0.816,-0.103,-0.238,0.226,0.711,-7.184,16.145,,pan
assignment3_kp2_t3,4.894,1791456090.659148,91,1791456090.486088,camera_color_optical_frame,1,0.2391,0.7310,0.00255,0.042,1,IDLE,disabled,0.000,0.000,deg/s,joint_states,-0.350,0.440,0.000,0.000,0.816,-0.103,-0.238,0.226,0.716,-7.187,16.154,,pan
assignment3_kp2_t3,4.913,1791456090.680405,92,1791456090.519447,camera_color_optical_frame,1,0.2388,0.7301,0.00254,0.014,1,IDLE,disabled,0.000,0.000,deg/s,joint_states,-0.350,0.530,0.000,0.000,0.797,-0.100,-0.234,0.225,0.716,-7.149,16.243,,pan
assignment3_kp2_t3,4.934,1791456090.698305,93,1791456090.552806,camera_color_optical_frame,1,0.2389,0.7311,0.00257,0.003,1,IDLE,disabled,0.000,0.000,deg/s,joint_states,-0.350,0.530,0.000,0.000,0.833,-0.104,-0.240,0.225,0.703,-7.135,15.970,,pan
assignment3_kp2_t3,4.953,1791456090.719940,93,1791456090.552806,camera_color_optical_frame,1,0.2389,0.7311,0.00257,0.022,1,IDLE,disabled,0.000,0.000,deg/s,joint_states,-0.350,0.530,0.000,0.000,0.834,-0.104,-0.240,0.225,0.702,-7.133,15.960,,pan
assignment3_kp2_t3,4.973,1791456090.737588,93,1791456090.552806,camera_color_optical_frame,1,0.2389,0.7311,0.00257,0.041,1,IDLE,disabled,0.000,0.000,deg/s,joint_states,-0.350,0.530,0.000,0.000,0.835,-0.104,-0.241,0.224,0.702,-7.131,15.951,,pan
assignment3_kp2_t3,4.993,1791456090.762365,94,1791456090.586165,camera_color_optical_frame,1,0.2386,0.7305,0.00258,0.018,1,IDLE,disabled,0.000,0.000,deg/s,joint_states,-0.440,0.530,0.000,0.000,0.851,-0.106,-0.244,0.221,0.697,-7.126,15.857,,pan
assignment3_kp2_t3,5.014,1791456090.778552,95,1791456090.619524,camera_color_optical_frame,1,0.2385,0.7304,0.00257,0.002,1,IDLE,disabled,0.000,0.000,deg/s,joint_states,-0.350,0.530,0.000,0.000,0.854,-0.107,-0.244,0.224,0.696,-7.125,15.836,,pan
assignment3_kp2_t3,5.033,1791456090.800599,95,1791456090.619524,camera_color_optical_frame,1,0.2385,0.7304,0.00257,0.021,1,IDLE,disabled,0.000,0.000,deg/s,joint_states,-0.350,0.440,0.000,0.000,0.829,-0.104,-0.244,0.224,0.721,-7.120,16.262,,pan
assignment3_kp2_t3,5.053,1791456090.817287,96,1791456090.652884,camera_color_optical_frame,1,0.2387,0.7299,0.00258,0.002,1,IDLE,disabled,0.000,0.000,deg/s,joint_states,-0.350,0.530,0.000,0.000,0.829,-0.104,-0.244,0.224,0.717,-7.118,16.279,,pan
assignment3_kp2_t3,5.074,1791456090.839992,97,1791456090.686243,camera_color_optical_frame,1,0.2386,0.7297,0.00258,0.003,0,IDLE,disabled,0.000,0.000,deg/s,joint_states,-0.350,0.530,0.000,0.000,0.525,-0.072,-0.159,0.245,0.740,-7.759,16.727,,pan
assignment3_kp2_t3,5.093,1791456090.860145,98,1791456090.719603,camera_color_optical_frame,1,0.2390,0.7306,0.00256,0.003,0,IDLE,disabled,0.000,0.000,deg/s,joint_states,-0.350,0.530,0.000,0.000,0.516,-0.071,-0.157,0.246,0.742,-7.789,16.758,,pan
assignment3_kp2_t3,5.113,1791456090.877563,98,1791456090.719603,camera_color_optical_frame,1,0.2390,0.7306,0.00256,0.022,0,IDLE,disabled,0.000,0.000,deg/s,joint_states,-0.350,0.440,0.000,0.000,0.522,-0.072,-0.159,0.247,0.747,-7.809,16.775,,pan
assignment3_kp2_t3,5.134,1791456090.900787,99,1791456090.786322,camera_color_optical_frame,1,0.2391,0.7311,0.00256,0.018,0,IDLE,disabled,0.000,0.000,deg/s,joint_states,-0.350,0.440,0.000,0.000,0.598,-0.079,-0.178,0.238,0.730,-7.546,16.444,,pan
assignment3_kp2_t3,5.153,1791456090.918127,100,1791456090.819681,camera_color_optical_frame,1,0.2389,0.7309,0.00257,0.002,0,IDLE,disabled,0.000,0.000,deg/s,joint_states,-0.350,0.530,0.000,0.000,0.598,-0.079,-0.178,0.238,0.726,-7.542,16.434,,pan
assignment3_kp2_t3,5.177,1791456090.943342,100,1791456090.819681,camera_color_optical_frame,1,0.2389,0.7309,0.00257,0.026,1,IDLE,disabled,0.000,0.000,deg/s,joint_states,-0.350,0.530,0.000,0.000,0.826,-0.104,-0.241,0.225,0.710,-7.152,16.124,,pan
assignment3_kp2_t3,5.193,1791456090.961975,100,1791456090.819681,camera_color_optical_frame,1,0.2389,0.7309,0.00257,0.042,1,IDLE,disabled,0.000,0.000,deg/s,joint_states,-0.350,0.440,0.000,0.000,0.826,-0.104,-0.241,0.225,0.714,-7.152,16.124,,pan
assignment3_kp2_t3,5.217,1791456090.982113,101,1791456090.853041,camera_color_optical_frame,1,0.2388,0.7301,0.00256,0.017,1,IDLE,disabled,0.000,0.000,deg/s,joint_states,-0.350,0.440,0.000,0.000,0.884,-0.110,-0.254,0.223,0.706,-7.071,15.948,,pan
assignment3_kp2_t3,5.234,1791456090.999012,102,1791456090.886401,camera_color_optical_frame,1,0.2390,0.7306,0.00258,0.011,1,IDLE,disabled,0.000,0.000,deg/s,joint_states,-0.350,0.530,0.000,0.000,0.816,-0.102,-0.236,0.225,0.704,-7.156,15.989,,pan
assignment3_kp2_t3,5.254,1791456091.019549,102,1791456090.886401,camera_color_optical_frame,1,0.2390,0.7306,0.00258,0.031,1,IDLE,disabled,0.000,0.000,deg/s,joint_states,-0.350,0.440,0.000,0.000,0.815,-0.102,-0.235,0.225,0.707,-7.157,15.973,,pan
assignment3_kp2_t3,5.274,1791456091.037952,103,1791456090.919760,camera_color_optical_frame,1,0.2391,0.7312,0.00255,0.006,1,IDLE,disabled,0.000,0.000,deg/s,joint_states,-0.350,0.530,0.000,0.000,0.814,-0.102,-0.239,0.226,0.717,-7.173,16.260,,pan
assignment3_kp2_t3,5.295,1791456091.059767,103,1791456090.919760,camera_color_optical_frame,1,0.2391,0.7312,0.00255,0.027,1,IDLE,disabled,0.000,0.000,deg/s,joint_states,-0.350,0.530,0.000,0.000,0.813,-0.102,-0.239,0.226,0.718,-7.176,16.286,,pan
assignment3_kp2_t3,5.313,1791456091.077323,104,1791456090.953120,camera_color_optical_frame,1,0.2389,0.7303,0.00256,0.012,1,IDLE,disabled,0.000,0.000,deg/s,joint_states,-0.350,0.440,0.000,0.000,0.823,-0.103,-0.237,0.225,0.705,-7.145,15.930,,pan
assignment3_kp2_t3,5.334,1791456091.099454,104,1791456090.953120,camera_color_optical_frame,1,0.2389,0.7303,0.00256,0.034,1,IDLE,disabled,0.000,0.000,deg/s,joint_states,-0.350,0.440,0.000,0.000,0.823,-0.103,-0.236,0.225,0.704,-7.144,15.913,,pan
assignment3_kp2_t3,5.353,1791456091.118212,105,1791456090.986480,camera_color_optical_frame,1,0.2391,0.7312,0.00255,0.014,1,IDLE,disabled,0.000,0.000,deg/s,joint_states,-0.350,0.530,0.000,0.000,0.840,-0.105,-0.243,0.225,0.706,-7.154,16.034,,pan
assignment3_kp2_t3,5.374,1791456091.139528,105,1791456090.986480,camera_color_optical_frame,1,0.2391,0.7312,0.00255,0.035,1,IDLE,disabled,0.000,0.000,deg/s,joint_states,-0.350,0.530,0.000,0.000,0.842,-0.106,-0.244,0.225,0.705,-7.154,16.026,,pan
assignment3_kp2_t3,5.393,1791456091.157892,106,1791456091.019840,camera_color_optical_frame,1,0.2391,0.7308,0.00255,0.013,1,IDLE,disabled,0.000,0.000,deg/s,joint_states,-0.350,0.530,0.000,0.000,0.822,-0.103,-0.239,0.225,0.709,-7.156,16.095,,pan
assignment3_kp2_t3,5.416,1791456091.184734,106,1791456091.019840,camera_color_optical_frame,1,0.2391,0.7308,0.00255,0.037,1,IDLE,disabled,0.000,0.000,deg/s,joint_states,-0.350,0.530,0.000,0.000,0.822,-0.103,-0.239,0.225,0.709,-7.156,16.093,,pan
assignment3_kp2_t3,5.434,1791456091.201682,107,1791456091.053200,camera_color_optical_frame,1,0.2391,0.7308,0.00255,0.006,1,IDLE,disabled,0.000,0.000,deg/s,joint_states,-0.350,0.530,0.000,0.000,0.814,-0.102,-0.234,0.225,0.700,-7.156,15.909,,pan
assignment3_kp2_t3,5.452,1791456091.221131,108,1791456091.086560,camera_color_optical_frame,1,0.2381,0.7291,0.00262,0.007,0,IDLE,disabled,0.000,0.000,deg/s,joint_states,-0.350,0.530,0.000,0.000,0.536,-0.072,-0.161,0.244,0.734,-7.701,16.615,,pan
assignment3_kp2_t3,5.474,1791456091.238483,108,1791456091.086560,camera_color_optical_frame,1,0.2381,0.7291,0.00262,0.028,0,IDLE,disabled,0.000,0.000,deg/s,joint_states,-0.350,0.440,0.000,0.000,0.526,-0.071,-0.159,0.245,0.740,-7.732,16.643,,pan
assignment3_kp2_t3,5.493,1791456091.260344,109,1791456091.119920,camera_color_optical_frame,1,0.2390,0.7303,0.00253,0.016,1,IDLE,disabled,0.000,0.000,deg/s,joint_states,-0.350,0.440,0.000,0.000,0.821,-0.103,-0.242,0.225,0.722,-7.157,16.277,,pan
assignment3_kp2_t3,5.512,1791456091.277611,109,1791456091.119920,camera_color_optical_frame,1,0.2390,0.7303,0.00253,0.035,1,IDLE,disabled,0.000,0.000,deg/s,joint_states,-0.350,0.440,0.000,0.000,0.821,-0.103,-0.242,0.225,0.723,-7.157,16.300,,pan
assignment3_kp2_t3,5.533,1791456091.299729,110,1791456091.153280,camera_color_optical_frame,1,0.2391,0.7308,0.00255,0.018,1,IDLE,disabled,0.000,0.000,deg/s,joint_states,-0.350,0.530,0.000,0.000,0.894,-0.111,-0.259,0.223,0.707,-7.080,16.053,,pan
assignment3_kp2_t3,5.552,1791456091.316871,111,1791456091.186640,camera_color_optical_frame,1,0.2389,0.7307,0.00256,0.002,1,IDLE,disabled,0.000,0.000,deg/s,joint_states,-0.350,0.530,0.000,0.000,0.903,-0.112,-0.262,0.222,0.706,-7.071,16.045,,pan
assignment3_kp2_t3,5.573,1791456091.338878,111,1791456091.186640,camera_color_optical_frame,1,0.2389,0.7307,0.00256,0.022,1,IDLE,disabled,0.000,0.000,deg/s,joint_states,-0.350,0.440,0.000,0.000,0.825,-0.104,-0.241,0.225,0.715,-7.148,16.136,,pan
assignment3_kp2_t3,5.592,1791456091.357490,111,1791456091.186640,camera_color_optical_frame,1,0.2389,0.7307,0.00256,0.042,1,IDLE,disabled,0.000,0.000,deg/s,joint_states,-0.350,0.530,0.000,0.000,0.826,-0.104,-0.241,0.225,0.711,-7.147,16.138,,pan
assignment3_kp2_t3,5.614,1791456091.380682,112,1791456091.220001,camera_color_optical_frame,1,0.2384,0.7292,0.00261,0.017,1,IDLE,disabled,0.000,0.000,deg/s,joint_states,-0.350,0.440,0.000,0.000,0.833,-0.104,-0.236,0.223,0.695,-7.083,15.713,,pan
assignment3_kp2_t3,5.632,1791456091.398181,112,1791456091.220001,camera_color_optical_frame,1,0.2384,0.7292,0.00261,0.036,1,IDLE,disabled,0.000,0.000,deg/s,joint_states,-0.350,0.440,0.000,0.000,0.834,-0.104,-0.236,0.223,0.693,-7.077,15.679,,pan
assignment3_kp2_t3,5.653,1791456091.420168,113,1791456091.253361,camera_color_optical_frame,1,0.2391,0.7307,0.00254,0.016,1,IDLE,disabled,0.000,0.000,deg/s,joint_states,-0.350,0.530,0.000,0.000,0.811,-0.102,-0.231,0.225,0.695,-7.157,15.809,,pan
assignment3_kp2_t3,5.672,1791456091.437179,113,1791456091.253361,camera_color_optical_frame,1,0.2391,0.7307,0.00254,0.035,1,IDLE,disabled,0.000,0.000,deg/s,joint_states,-0.350,0.440,0.000,0.000,0.810,-0.102,-0.231,0.225,0.698,-7.157,15.782,,pan
assignment3_kp2_t3,5.695,1791456091.461100,114,1791456091.286721,camera_color_optical_frame,1,0.2390,0.7306,0.00254,0.020,1,IDLE,disabled,0.000,0.000,deg/s,joint_states,-0.350,0.440,0.000,0.000,0.801,-0.101,-0.238,0.227,0.729,-7.207,16.434,,pan
assignment3_kp2_t3,5.714,1791456091.479990,115,1791456091.320083,camera_color_optical_frame,1,0.2388,0.7308,0.00255,0.007,1,IDLE,disabled,0.000,0.000,deg/s,joint_states,-0.350,0.530,0.000,0.000,0.839,-0.105,-0.244,0.225,0.708,-7.133,16.084,,pan
assignment3_kp2_t3,5.733,1791456091.498271,115,1791456091.320083,camera_color_optical_frame,1,0.2388,0.7308,0.00255,0.026,1,IDLE,disabled,0.000,0.000,deg/s,joint_states,-0.350,0.530,0.000,0.000,0.841,-0.105,-0.244,0.224,0.708,-7.131,16.089,,pan
assignment3_kp2_t3,5.753,1791456091.517304,116,1791456091.353441,camera_color_optical_frame,1,0.2386,0.7297,0.00259,0.012,1,IDLE,disabled,0.000,0.000,deg/s,joint_states,-0.350,0.440,0.000,0.000,0.818,-0.102,-0.233,0.224,0.699,-7.103,15.805,,pan
assignment3_kp2_t3,5.773,1791456091.537707,116,1791456091.353441,camera_color_optical_frame,1,0.2386,0.7297,0.00259,0.033,1,IDLE,disabled,0.000,0.000,deg/s,joint_states,-0.350,0.440,0.000,0.000,0.818,-0.102,-0.233,0.223,0.698,-7.099,15.777,,pan
assignment3_kp2_t3,5.792,1791456091.556520,117,1791456091.386798,camera_color_optical_frame,1,0.2387,0.7301,0.00257,0.014,1,IDLE,disabled,0.000,0.000,deg/s,joint_states,-0.350,0.530,0.000,0.000,0.811,-0.101,-0.236,0.225,0.709,-7.133,16.108,,pan
assignment3_kp2_t3,5.813,1791456091.578264,117,1791456091.386798,camera_color_optical_frame,1,0.2387,0.7301,0.00257,0.035,1,IDLE,disabled,0.000,0.000,deg/s,joint_states,-0.350,0.440,0.000,0.000,0.810,-0.101,-0.236,0.225,0.714,-7.132,16.113,,pan
assignment3_kp2_t3,5.833,1791456091.598852,118,1791456091.420156,camera_color_optical_frame,1,0.2390,0.7311,0.00255,0.013,1,IDLE,disabled,0.000,0.000,deg/s,joint_states,-0.350,0.440,0.000,0.000,0.842,-0.106,-0.244,0.226,0.712,-7.188,16.065,,pan
assignment3_kp2_t3,5.854,1791456091.619180,118,1791456091.420156,camera_color_optical_frame,1,0.2390,0.7311,0.00255,0.034,1,IDLE,disabled,0.000,0.000,deg/s,joint_states,-0.350,0.530,0.000,0.000,0.843,-0.106,-0.245,0.226,0.707,-7.192,16.068,,pan
assignment3_kp2_t3,5.874,1791456091.642011,119,1791456091.453514,camera_color_optical_frame,1,0.2391,0.7307,0.00254,0.015,1,IDLE,disabled,0.000,0.000,deg/s,joint_states,-0.350,0.530,0.000,0.000,0.840,-0.106,-0.246,0.227,0.715,-7.192,16.223,,pan
assignment3_kp2_t3,5.893,1791456091.658025,119,1791456091.453514,camera_color_optical_frame,1,0.2391,0.7307,0.00254,0.034,1,IDLE,disabled,0.000,0.000,deg/s,joint_states,-0.350,0.440,0.000,0.000,0.841,-0.106,-0.247,0.227,0.720,-7.196,16.234,,pan
assignment3_kp2_t3,5.915,1791456091.681278,120,1791456091.486871,camera_color_optical_frame,1,0.2382,0.7289,0.00259,0.019,1,IDLE,disabled,0.000,0.000,deg/s,joint_states,-0.350,0.440,0.000,0.000,0.810,-0.100,-0.232,0.222,0.702,-7.058,15.860,,pan
assignment3_kp2_t3,5.932,1791456091.697678,121,1791456091.520230,camera_color_optical_frame,1,0.2388,0.7300,0.00256,0.007,1,IDLE,disabled,0.000,0.000,deg/s,joint_states,-0.350,0.530,0.000,0.000,0.826,-0.103,-0.240,0.225,0.709,-7.133,16.099,,pan
assignment3_kp2_t3,5.953,1791456091.720936,121,1791456091.520230,camera_color_optical_frame,1,0.2388,0.7300,0.00256,0.028,1,IDLE,disabled,0.000,0.000,deg/s,joint_states,-0.350,0.530,0.000,0.000,0.826,-0.103,-0.240,0.224,0.709,-7.130,16.099,,pan
assignment3_kp2_t3,5.973,1791456091.737026,122,1791456091.553587,camera_color_optical_frame,1,0.2384,0.7297,0.00259,0.007,1,IDLE,disabled,0.000,0.000,deg/s,joint_states,-0.350,0.440,0.000,0.000,0.821,-0.103,-0.239,0.225,0.714,-7.152,16.121,,pan
assignment3_kp2_t3,5.996,1791456091.762251,122,1791456091.553587,camera_color_optical_frame,1,0.2384,0.7297,0.00259,0.030,1,IDLE,disabled,0.000,0.000,deg/s,joint_states,-0.350,0.440,0.000,0.000,0.821,-0.103,-0.239,0.225,0.715,-7.154,16.133,,pan
assignment3_kp2_t3,6.013,1791456091.778498,123,1791456091.586945,camera_color_optical_frame,1,0.2386,0.7299,0.00256,0.007,1,IDLE,disabled,0.000,0.000,deg/s,joint_states,-0.350,0.440,0.000,0.000,0.823,-0.103,-0.237,0.224,0.705,-7.124,15.938,,pan
assignment3_kp2_t3,6.035,1791456091.799987,123,1791456091.586945,camera_color_optical_frame,1,0.2386,0.7299,0.00256,0.029,1,IDLE,disabled,0.000,0.000,deg/s,joint_states,-0.350,0.440,0.000,0.000,0.823,-0.103,-0.237,0.224,0.705,-7.121,15.924,,pan
assignment3_kp2_t3,6.053,1791456091.817748,124,1791456091.620303,camera_color_optical_frame,1,0.2387,0.7304,0.00257,0.013,1,IDLE,disabled,0.000,0.000,deg/s,joint_states,-0.350,0.530,0.000,0.000,0.836,-0.105,-0.246,0.226,0.718,-7.178,16.292,,pan
assignment3_kp2_t3,6.075,1791456091.839474,124,1791456091.620303,camera_color_optical_frame,1,0.2387,0.7304,0.00257,0.035,1,IDLE,disabled,0.000,0.000,deg/s,joint_states,-0.350,0.440,0.000,0.000,0.838,-0.106,-0.247,0.226,0.723,-7.182,16.313,,pan
assignment3_kp2_t3,6.093,1791456091.857864,125,1791456091.653661,camera_color_optical_frame,1,0.2390,0.7313,0.00254,0.012,1,IDLE,disabled,0.000,0.000,deg/s,joint_states,-0.350,0.530,0.000,0.000,0.826,-0.104,-0.239,0.226,0.704,-7.184,15.987,,pan
assignment3_kp2_t3,6.114,1791456091.879732,125,1791456091.653661,camera_color_optical_frame,1,0.2390,0.7313,0.00254,0.033,1,IDLE,disabled,0.000,0.000,deg/s,joint_states,-0.350,0.530,0.000,0.000,0.826,-0.104,-0.238,0.226,0.703,-7.187,15.981,,pan
assignment3_kp2_t3,6.133,1791456091.899109,126,1791456091.687018,camera_color_optical_frame,1,0.2387,0.7298,0.00257,0.008,1,IDLE,disabled,0.000,0.000,deg/s,joint_states,-0.350,0.530,0.000,0.000,0.825,-0.103,-0.240,0.225,0.710,-7.147,16.118,,pan
assignment3_kp2_t3,6.153,1791456091.917127,126,1791456091.687018,camera_color_optical_frame,1,0.2387,0.7298,0.00257,0.028,1,IDLE,disabled,0.000,0.000,deg/s,joint_states,-0.350,0.530,0.000,0.000,0.825,-0.103,-0.240,0.225,0.710,-7.147,16.119,,pan
assignment3_kp2_t3,6.173,1791456091.939003,127,1791456091.720376,camera_color_optical_frame,1,0.2391,0.7312,0.00256,0.017,1,IDLE,disabled,0.000,0.000,deg/s,joint_states,-0.350,0.530,0.000,0.000,0.800,-0.101,-0.232,0.225,0.706,-7.159,16.038,,pan
assignment3_kp2_t3,6.194,1791456091.961281,128,1791456091.753734,camera_color_optical_frame,1,0.2391,0.7307,0.00254,0.006,1,IDLE,disabled,0.000,0.000,deg/s,joint_states,-0.350,0.440,0.000,0.000,0.819,-0.103,-0.234,0.226,0.700,-7.180,15.813,,pan
assignment3_kp2_t3,6.213,1791456091.978707,129,1791456091.787092,camera_color_optical_frame,1,0.2385,0.7297,0.00261,0.009,0,IDLE,disabled,0.000,0.000,deg/s,joint_states,-0.350,0.440,0.000,0.000,0.507,-0.070,-0.154,0.247,0.746,-7.810,16.763,,pan
assignment3_kp2_t3,6.237,1791456092.002390,130,1791456091.853808,camera_color_optical_frame,1,0.2388,0.7307,0.00258,0.012,0,IDLE,disabled,0.000,0.000,deg/s,joint_states,-0.350,0.530,0.000,0.000,0.598,-0.080,-0.178,0.239,0.726,-7.580,16.443,,pan
assignment3_kp2_t3,6.253,1791456092.017722,131,1791456091.887166,camera_color_optical_frame,1,0.2383,0.7298,0.00262,0.007,0,IDLE,disabled,0.000,0.000,deg/s,joint_states,-0.350,0.530,0.000,0.000,0.598,-0.079,-0.179,0.238,0.730,-7.547,16.522,,pan
assignment3_kp2_t3,6.272,1791456092.037742,132,1791456091.920524,camera_color_optical_frame,1,0.2390,0.7307,0.00254,0.013,0,IDLE,disabled,0.000,0.000,deg/s,joint_states,-0.350,0.530,0.000,0.000,0.598,-0.079,-0.180,0.239,0.735,-7.577,16.621,,pan
assignment3_kp2_t3,6.292,1791456092.057397,133,1791456091.953882,camera_color_optical_frame,1,0.2390,0.7308,0.00255,0.011,0,IDLE,disabled,0.000,0.000,deg/s,joint_states,-0.350,0.530,0.000,0.000,0.599,-0.080,-0.177,0.240,0.722,-7.589,16.350,,pan
assignment3_kp2_t3,6.314,1791456092.078004,133,1791456091.953882,camera_color_optical_frame,1,0.2390,0.7308,0.00255,0.033,0,IDLE,disabled,0.000,0.000,deg/s,joint_states,-0.350,0.530,0.000,0.000,0.599,-0.080,-0.177,0.240,0.721,-7.594,16.328,,pan
assignment3_kp2_t3,6.332,1791456092.097368,134,1791456091.987239,camera_color_optical_frame,1,0.2387,0.7298,0.00257,0.015,1,IDLE,disabled,0.000,0.000,deg/s,joint_states,-0.350,0.440,0.000,0.000,0.875,-0.109,-0.253,0.223,0.710,-7.079,16.036,,pan
assignment3_kp2_t3,6.353,1791456092.118145,134,1791456091.987239,camera_color_optical_frame,1,0.2387,0.7298,0.00257,0.037,1,IDLE,disabled,0.000,0.000,deg/s,joint_states,-0.350,0.440,0.000,0.000,0.885,-0.110,-0.256,0.222,0.709,-7.067,16.023,,pan
assignment3_kp2_t3,6.374,1791456092.139721,135,1791456092.020597,camera_color_optical_frame,1,0.2391,0.7311,0.00256,0.016,1,IDLE,disabled,0.000,0.000,deg/s,joint_states,-0.350,0.440,0.000,0.000,0.882,-0.110,-0.256,0.223,0.712,-7.091,16.074,,pan
assignment3_kp2_t3,6.392,1791456092.157118,135,1791456092.020597,camera_color_optical_frame,1,0.2391,0.7311,0.00256,0.035,1,IDLE,disabled,0.000,0.000,deg/s,joint_states,-0.350,0.440,0.000,0.000,0.891,-0.111,-0.259,0.223,0.711,-7.081,16.066,,pan
assignment3_kp2_t3,6.413,1791456092.180524,136,1791456092.053955,camera_color_optical_frame,1,0.2387,0.7301,0.00256,0.018,1,IDLE,disabled,0.000,0.000,deg/s,joint_states,-0.350,0.440,0.000,0.000,0.820,-0.103,-0.239,0.225,0.714,-7.145,16.119,,pan
assignment3_kp2_t3,6.434,1791456092.198884,136,1791456092.053955,camera_color_optical_frame,1,0.2387,0.7301,0.00256,0.039,1,IDLE,disabled,0.000,0.000,deg/s,joint_states,-0.350,0.530,0.000,0.000,0.820,-0.103,-0.239,0.225,0.710,-7.145,16.120,,pan
assignment3_kp2_t3,6.454,1791456092.221330,137,1791456092.087313,camera_color_optical_frame,1,0.2390,0.7310,0.00257,0.016,1,IDLE,disabled,0.000,0.000,deg/s,joint_states,-0.350,0.440,0.000,0.000,0.827,-0.104,-0.237,0.225,0.702,-7.138,15.859,,pan
assignment3_kp2_t3,6.474,1791456092.237923,138,1791456092.120671,camera_color_optical_frame,1,0.2385,0.7298,0.00260,0.003,1,IDLE,disabled,0.000,0.000,deg/s,joint_states,-0.350,0.530,0.000,0.000,0.823,-0.103,-0.235,0.224,0.697,-7.122,15.844,,pan
assignment3_kp2_t3,6.494,1791456092.261916,138,1791456092.120671,camera_color_optical_frame,1,0.2385,0.7298,0.00260,0.024,1,IDLE,disabled,0.000,0.000,deg/s,joint_states,-0.350,0.440,0.000,0.000,0.823,-0.103,-0.235,0.224,0.699,-7.119,15.815,,pan
assignment3_kp2_t3,6.513,1791456092.278240,139,1791456092.154029,camera_color_optical_frame,1,0.2390,0.7309,0.00255,0.004,1,IDLE,disabled,0.000,0.000,deg/s,joint_states,-0.350,0.440,0.000,0.000,0.818,-0.103,-0.237,0.225,0.710,-7.158,16.033,,pan
assignment3_kp2_t3,6.535,1791456092.300292,139,1791456092.154029,camera_color_optical_frame,1,0.2390,0.7309,0.00255,0.025,1,IDLE,disabled,0.000,0.000,deg/s,joint_states,-0.350,0.440,0.000,0.000,0.817,-0.103,-0.237,0.226,0.710,-7.159,16.032,,pan
assignment3_kp2_t3,6.553,1791456092.318476,140,1791456092.187387,camera_color_optical_frame,1,0.2388,0.7299,0.00257,0.010,1,IDLE,disabled,0.000,0.000,deg/s,joint_states,-0.350,0.530,0.000,0.000,0.819,-0.103,-0.239,0.226,0.711,-7.168,16.139,,pan
assignment3_kp2_t3,6.574,1791456092.338852,140,1791456092.187387,camera_color_optical_frame,1,0.2388,0.7299,0.00257,0.031,1,IDLE,disabled,0.000,0.000,deg/s,joint_states,-0.350,0.440,0.000,0.000,0.819,-0.103,-0.239,0.226,0.716,-7.171,16.153,,pan
assignment3_kp2_t3,6.594,1791456092.359586,141,1791456092.220745,camera_color_optical_frame,1,0.2389,0.7306,0.00255,0.010,1,IDLE,disabled,0.000,0.000,deg/s,joint_states,-0.350,0.440,0.000,0.000,0.829,-0.104,-0.243,0.225,0.719,-7.148,16.226,,pan
assignment3_kp2_t3,6.614,1791456092.378598,142,1791456092.287461,camera_color_optical_frame,1,0.2388,0.7302,0.00255,0.002,0,IDLE,disabled,0.000,0.000,deg/s,joint_states,-0.350,0.440,0.000,0.000,0.555,-0.075,-0.167,0.243,0.738,-7.675,16.599,,pan
assignment3_kp2_t3,6.632,1791456092.398289,142,1791456092.287461,camera_color_optical_frame,1,0.2388,0.7302,0.00255,0.020,0,IDLE,disabled,0.000,0.000,deg/s,joint_states,-0.350,0.530,0.000,0.000,0.546,-0.074,-0.165,0.244,0.735,-7.701,16.624,,pan
assignment3_kp2_t3,6.652,1791456092.416848,142,1791456092.287461,camera_color_optical_frame,1,0.2388,0.7302,0.00255,0.041,0,IDLE,disabled,0.000,0.000,deg/s,joint_states,-0.350,0.530,0.000,0.000,0.536,-0.073,-0.162,0.244,0.736,-7.730,16.651,,pan
assignment3_kp2_t3,6.673,1791456092.437589,143,1791456092.320819,camera_color_optical_frame,1,0.2389,0.7307,0.00257,0.018,1,IDLE,disabled,0.000,0.000,deg/s,joint_states,-0.350,0.440,0.000,0.000,0.821,-0.103,-0.238,0.225,0.710,-7.151,16.032,,pan
assignment3_kp2_t3,6.693,1791456092.457067,143,1791456092.320819,camera_color_optical_frame,1,0.2389,0.7307,0.00257,0.038,1,IDLE,disabled,0.000,0.000,deg/s,joint_states,-0.350,0.530,0.000,0.000,0.821,-0.103,-0.238,0.225,0.706,-7.151,16.032,,pan
assignment3_kp2_t3,6.713,1791456092.478748,144,1791456092.354177,camera_color_optical_frame,1,0.2389,0.7303,0.00255,0.014,1,IDLE,disabled,0.000,0.000,deg/s,joint_states,-0.350,0.440,0.000,0.000,0.880,-0.109,-0.253,0.223,0.705,-7.076,15.939,,pan
assignment3_kp2_t3,6.732,1791456092.496593,144,1791456092.354177,camera_color_optical_frame,1,0.2389,0.7303,0.00255,0.034,1,IDLE,disabled,0.000,0.000,deg/s,joint_states,-0.350,0.530,0.000,0.000,0.890,-0.110,-0.256,0.222,0.701,-7.065,15.927,,pan
assignment3_kp2_t3,6.753,1791456092.518962,145,1791456092.387535,camera_color_optical_frame,1,0.2391,0.7312,0.00254,0.017,1,IDLE,disabled,0.000,0.000,deg/s,joint_states,-0.350,0.530,0.000,0.000,0.828,-0.104,-0.244,0.226,0.719,-7.174,16.318,,pan
assignment3_kp2_t3,6.772,1791456092.537186,145,1791456092.387535,camera_color_optical_frame,1,0.2391,0.7312,0.00254,0.037,1,IDLE,disabled,0.000,0.000,deg/s,joint_states,-0.350,0.530,0.000,0.000,0.829,-0.104,-0.245,0.226,0.721,-7.177,16.346,,pan
assignment3_kp2_t3,6.793,1791456092.559423,146,1791456092.420893,camera_color_optical_frame,1,0.2389,0.7307,0.00257,0.016,1,IDLE,disabled,0.000,0.000,deg/s,joint_states,-0.350,0.530,0.000,0.000,0.833,-0.105,-0.243,0.225,0.710,-7.152,16.112,,pan
assignment3_kp2_t3,6.813,1791456092.577764,146,1791456092.420893,camera_color_optical_frame,1,0.2389,0.7307,0.00257,0.036,1,IDLE,disabled,0.000,0.000,deg/s,joint_states,-0.350,0.530,0.000,0.000,0.835,-0.105,-0.243,0.225,0.710,-7.152,16.121,,pan
assignment3_kp2_t3,6.833,1791456092.599225,147,1791456092.454251,camera_color_optical_frame,1,0.2388,0.7302,0.00256,0.018,1,IDLE,disabled,0.000,0.000,deg/s,joint_states,-0.350,0.530,0.000,0.000,0.821,-0.103,-0.236,0.224,0.702,-7.122,15.951,,pan
assignment3_kp2_t3,6.853,1791456092.617377,147,1791456092.454251,camera_color_optical_frame,1,0.2388,0.7302,0.00256,0.038,1,IDLE,disabled,0.000,0.000,deg/s,joint_states,-0.350,0.530,0.000,0.000,0.820,-0.102,-0.236,0.224,0.701,-7.119,15.934,,pan
assignment3_kp2_t3,6.873,1791456092.640232,148,1791456092.487609,camera_color_optical_frame,1,0.2387,0.7302,0.00257,0.019,1,IDLE,disabled,0.000,0.000,deg/s,joint_states,-0.350,0.440,0.000,0.000,0.818,-0.102,-0.240,0.225,0.720,-7.139,16.237,,pan
assignment3_kp2_t3,6.893,1791456092.658292,148,1791456092.487609,camera_color_optical_frame,1,0.2387,0.7302,0.00257,0.038,1,IDLE,disabled,0.000,0.000,deg/s,joint_states,-0.350,0.440,0.000,0.000,0.817,-0.102,-0.240,0.225,0.721,-7.138,16.254,,pan
assignment3_kp2_t3,6.913,1791456092.682071,149,1791456092.520967,camera_color_optical_frame,1,0.2390,0.7309,0.00255,0.017,1,IDLE,disabled,0.000,0.000,deg/s,joint_states,-0.350,0.440,0.000,0.000,0.842,-0.106,-0.247,0.226,0.720,-7.178,16.243,,pan
assignment3_kp2_t3,6.932,1791456092.697085,150,1791456092.554324,camera_color_optical_frame,1,0.2387,0.7305,0.00257,0.002,1,IDLE,disabled,0.000,0.000,deg/s,joint_states,-0.350,0.440,0.000,0.000,0.843,-0.106,-0.248,0.226,0.721,-7.181,16.257,,pan
assignment3_kp2_t3,6.954,1791456092.722352,150,1791456092.554324,camera_color_optical_frame,1,0.2387,0.7305,0.00257,0.024,1,IDLE,disabled,0.000,0.000,deg/s,joint_states,-0.350,0.530,0.000,0.000,0.834,-0.104,-0.243,0.225,0.710,-7.145,16.129,,pan
assignment3_kp2_t3,6.973,1791456092.738176,151,1791456092.587682,camera_color_optical_frame,1,0.2386,0.7297,0.00257,0.002,1,IDLE,disabled,0.000,0.000,deg/s,joint_states,-0.350,0.440,0.000,0.000,0.809,-0.101,-0.234,0.224,0.710,-7.119,16.044,,pan
assignment3_kp2_t3,6.996,1791456092.764452,151,1791456092.587682,camera_color_optical_frame,1,0.2386,0.7297,0.00257,0.026,1,IDLE,disabled,0.000,0.000,deg/s,joint_states,-0.350,0.530,0.000,0.000,0.807,-0.101,-0.234,0.224,0.706,-7.114,16.035,,pan
assignment3_kp2_t3,7.013,1791456092.780118,152,1791456092.621040,camera_color_optical_frame,1,0.2386,0.7299,0.00259,0.005,1,IDLE,disabled,0.000,0.000,deg/s,joint_states,-0.350,0.530,0.000,0.000,0.830,-0.104,-0.238,0.224,0.697,-7.128,15.856,,pan
assignment3_kp2_t3,7.037,1791456092.802576,152,1791456092.621040,camera_color_optical_frame,1,0.2386,0.7299,0.00259,0.029,1,IDLE,disabled,0.000,0.000,deg/s,joint_states,-0.350,0.530,0.000,0.000,0.831,-0.104,-0.237,0.224,0.696,-7.126,15.828,,pan
assignment3_kp2_t3,7.054,1791456092.819529,153,1791456092.654398,camera_color_optical_frame,1,0.2383,0.7297,0.00262,0.010,1,IDLE,disabled,0.000,0.000,deg/s,joint_states,-0.350,0.440,0.000,0.000,0.841,-0.105,-0.240,0.223,0.698,-7.096,15.793,,pan
assignment3_kp2_t3,7.076,1791456092.841236,153,1791456092.654398,camera_color_optical_frame,1,0.2383,0.7297,0.00262,0.033,1,IDLE,disabled,0.000,0.000,deg/s,joint_states,-0.350,0.440,0.000,0.000,0.842,-0.105,-0.240,0.223,0.697,-7.091,15.764,,pan
assignment3_kp2_t3,7.093,1791456092.857540,154,1791456092.687756,camera_color_optical_frame,1,0.2384,0.7297,0.00261,0.011,1,IDLE,disabled,0.000,0.000,deg/s,joint_states,-0.350,0.440,0.000,0.000,0.810,-0.101,-0.234,0.224,0.707,-7.122,15.968,,pan
assignment3_kp2_t3,7.114,1791456092.878658,154,1791456092.687756,camera_color_optical_frame,1,0.2384,0.7297,0.00261,0.033,1,IDLE,disabled,0.000,0.000,deg/s,joint_states,-0.350,0.440,0.000,0.000,0.809,-0.101,-0.233,0.224,0.707,-7.120,15.961,,pan
assignment3_kp2_t3,7.132,1791456092.897529,155,1791456092.721114,camera_color_optical_frame,1,0.2387,0.7302,0.00259,0.015,1,IDLE,disabled,0.000,0.000,deg/s,joint_states,-0.350,0.440,0.000,0.000,0.809,-0.102,-0.236,0.226,0.715,-7.184,16.132,,pan
assignment3_kp2_t3,7.152,1791456092.917136,155,1791456092.721114,camera_color_optical_frame,1,0.2387,0.7302,0.00259,0.035,1,IDLE,disabled,0.000,0.000,deg/s,joint_states,-0.350,0.440,0.000,0.000,0.808,-0.102,-0.236,0.226,0.715,-7.188,16.143,,pan
assignment3_kp2_t3,7.173,1791456092.937484,156,1791456092.754472,camera_color_optical_frame,1,0.2389,0.7300,0.00256,0.017,1,IDLE,disabled,0.000,0.000,deg/s,joint_states,-0.350,0.440,0.000,0.000,0.840,-0.106,-0.248,0.227,0.725,-7.199,16.336,,pan
assignment3_kp2_t3,7.192,1791456092.956989,156,1791456092.754472,camera_color_optical_frame,1,0.2389,0.7300,0.00256,0.037,1,IDLE,disabled,0.000,0.000,deg/s,joint_states,-0.350,0.440,0.000,0.000,0.841,-0.106,-0.249,0.227,0.726,-7.204,16.361,,pan
assignment3_kp2_t3,7.214,1791456092.984623,157,1791456092.787829,camera_color_optical_frame,1,0.2391,0.7306,0.00254,0.018,1,IDLE,disabled,0.000,0.000,deg/s,joint_states,-0.350,0.530,0.000,0.000,0.825,-0.104,-0.243,0.227,0.719,-7.193,16.302,,pan
assignment3_kp2_t3,7.233,1791456092.998792,157,1791456092.787829,camera_color_optical_frame,1,0.2391,0.7306,0.00254,0.036,1,IDLE,disabled,0.000,0.000,deg/s,joint_states,-0.350,0.440,0.000,0.000,0.826,-0.104,-0.244,0.227,0.724,-7.197,16.321,,pan
assignment3_kp2_t3,7.256,1791456093.025554,158,1791456092.821187,camera_color_optical_frame,1,0.2389,0.7301,0.00253,0.019,1,IDLE,disabled,0.000,0.000,deg/s,joint_states,-0.350,0.530,0.000,0.000,0.809,-0.101,-0.230,0.225,0.692,-7.135,15.755,,pan
assignment3_kp2_t3,7.273,1791456093.046441,158,1791456092.821187,camera_color_optical_frame,1,0.2389,0.7301,0.00253,0.037,1,LOST,confirming_0/3,0.000,0.000,deg/s,joint_states,-0.350,0.440,0.000,0.000,,,,,,,,,pan
assignment3_kp2_t3,7.302,1791456093.066653,159,1791456092.854545,camera_color_optical_frame,1,0.2382,0.7293,0.00263,0.010,1,LOST,confirming_1/3,0.000,0.000,deg/s,joint_states,-0.350,0.440,0.000,0.000,0.829,-0.104,-0.239,0.224,0.709,-7.129,16.003,,pan
assignment3_kp2_t3,7.314,1791456093.079259,159,1791456092.854545,camera_color_optical_frame,1,0.2382,0.7293,0.00263,0.021,1,LOST,confirming_1/3,0.000,0.000,deg/s,joint_states,-0.350,0.440,0.000,0.000,0.829,-0.104,-0.239,0.224,0.709,-7.129,16.003,,pan
assignment3_kp2_t3,7.335,1791456093.100170,160,1791456092.887903,camera_color_optical_frame,1,0.2385,0.7298,0.00261,0.011,1,LOST,confirming_2/3,0.000,0.000,deg/s,joint_states,-0.350,0.440,0.000,0.000,0.827,-0.104,-0.239,0.225,0.709,-7.138,16.013,,pan
assignment3_kp2_t3,7.353,1791456093.117279,160,1791456092.887903,camera_color_optical_frame,1,0.2385,0.7298,0.00261,0.029,1,LOST,confirming_2/3,0.000,0.000,deg/s,joint_states,-0.350,0.440,0.000,0.000,0.827,-0.104,-0.239,0.225,0.709,-7.138,16.013,,pan
assignment3_kp2_t3,7.374,1791456093.147056,161,1791456092.921261,camera_color_optical_frame,1,0.2391,0.7308,0.00255,0.017,1,TRACKING,reacquired_in_view,-14.397,40.345,deg/s,joint_states,-0.350,0.530,0.000,0.000,0.820,-0.104,-0.239,0.228,0.711,-7.238,16.131,,pan
assignment3_kp2_t3,7.393,1791456093.157695,162,1791456092.954619,camera_color_optical_frame,1,0.2386,0.7301,0.00259,0.002,1,TRACKING,ok,-14.369,40.305,deg/s,joint_states,-0.350,0.440,0.000,0.000,0.810,-0.102,-0.237,0.225,0.717,-7.152,16.185,,pan
assignment3_kp2_t3,7.414,1791456093.182538,162,1791456092.954619,camera_color_optical_frame,1,0.2386,0.7301,0.00259,0.023,1,TRACKING,ok,-14.369,40.305,deg/s,joint_states,-0.350,0.440,0.000,0.000,0.809,-0.101,-0.237,0.225,0.718,-7.153,16.199,,pan
assignment3_kp2_t3,7.432,1791456093.197767,162,1791456092.954619,camera_color_optical_frame,1,0.2386,0.7301,0.00259,0.042,1,TRACKING,ok,-14.369,40.305,deg/s,joint_states,-0.350,0.440,0.000,0.000,0.807,-0.101,-0.237,0.225,0.719,-7.154,16.211,,pan
assignment3_kp2_t3,7.456,1791456093.223277,163,1791456092.987977,camera_color_optical_frame,1,0.2387,0.7305,0.00258,0.018,1,TRACKING,ok,-14.377,40.329,deg/s,joint_states,-0.350,0.440,0.000,0.000,0.795,-0.099,-0.230,0.224,0.710,-7.110,16.039,,pan
assignment3_kp2_t3,7.477,1791456093.241499,164,1791456093.021335,camera_color_optical_frame,1,0.2389,0.7306,0.00256,0.004,1,TRACKING,ok,-14.386,40.332,deg/s,joint_states,-0.350,0.530,0.000,0.000,0.823,-0.104,-0.238,0.226,0.705,-7.175,16.026,,pan
assignment3_kp2_t3,7.493,1791456093.261791,164,1791456093.021335,camera_color_optical_frame,1,0.2389,0.7306,0.00256,0.020,1,TRACKING,ok,-14.386,40.332,deg/s,joint_states,-0.530,0.530,0.000,0.000,0.823,-0.104,-0.238,0.220,0.705,-7.177,16.025,,pan
assignment3_kp2_t3,7.512,1791456093.277227,164,1791456093.021335,camera_color_optical_frame,1,0.2389,0.7306,0.00256,0.039,1,TRACKING,ok,-14.386,40.332,deg/s,joint_states,-0.700,0.880,-1.370,0.000,0.823,-0.104,-0.238,0.214,0.688,-7.179,16.023,,pan
assignment3_kp2_t3,7.533,1791456093.301062,165,1791456093.054693,camera_color_optical_frame,1,0.2390,0.7305,0.00253,0.015,1,TRACKING,ok,-14.394,40.326,deg/s,joint_states,-0.790,1.320,-4.120,5.500,0.838,-0.106,-0.242,0.211,0.666,-7.181,15.994,,pan
assignment3_kp2_t3,7.557,1791456093.321899,165,1791456093.054693,camera_color_optical_frame,1,0.2390,0.7305,0.00253,0.039,1,TRACKING,ok,-14.394,40.326,deg/s,joint_states,-0.790,1.320,-4.120,5.500,0.840,-0.106,-0.242,0.211,0.666,-7.184,15.991,,pan
assignment3_kp2_t3,7.576,1791456093.340973,166,1791456093.088051,camera_color_optical_frame,1,0.2383,0.7291,0.00262,0.013,1,TRACKING,ok,-14.350,40.256,deg/s,joint_states,-1.050,1.930,-6.870,12.370,0.840,-0.104,-0.246,0.198,0.648,-7.076,16.227,,pan
assignment3_kp2_t3,7.593,1791456093.363640,167,1791456093.154767,camera_color_optical_frame,1,0.2389,0.7309,0.00258,0.013,0,TRACKING,ok,-14.385,40.349,deg/s,joint_states,-1.320,2.550,-9.620,20.610,0.501,-0.069,-0.152,0.214,0.642,-7.856,16.712,,pan
assignment3_kp2_t3,7.615,1791456093.381395,168,1791456093.188125,camera_color_optical_frame,1,0.2387,0.7291,0.00254,0.007,1,TRACKING,ok,-14.375,40.252,deg/s,joint_states,-1.580,3.250,-10.990,26.110,0.822,-0.103,-0.237,0.182,0.575,-7.143,15.996,,pan
assignment3_kp2_t3,7.636,1791456093.401788,168,1791456093.188125,camera_color_optical_frame,1,0.2387,0.7291,0.00254,0.028,1,TRACKING,ok,-14.375,40.252,deg/s,joint_states,-1.760,4.040,-10.990,31.600,0.822,-0.103,-0.237,0.175,0.538,-7.143,15.996,,pan
assignment3_kp2_t3,7.654,1791456093.418845,169,1791456093.221483,camera_color_optical_frame,1,0.2325,0.7288,0.00249,0.011,1,TRACKING,ok,-14.007,40.239,deg/s,joint_states,-2.370,5.620,-10.990,37.100,0.918,-0.109,-0.264,0.143,0.463,-6.797,15.957,,pan
assignment3_kp2_t3,7.675,1791456093.439779,169,1791456093.221483,camera_color_optical_frame,1,0.2325,0.7288,0.00249,0.032,1,TRACKING,ok,-14.007,40.239,deg/s,joint_states,-2.370,5.620,-10.990,37.100,0.927,-0.110,-0.267,0.143,0.462,-6.782,15.947,,pan
assignment3_kp2_t3,7.693,1791456093.457782,170,1791456093.254842,camera_color_optical_frame,1,0.2200,0.7205,0.00246,0.013,1,TRACKING,ok,-13.262,39.803,deg/s,joint_states,-2.900,7.290,-12.370,38.470,0.840,-0.088,-0.247,0.099,0.403,-5.979,16.327,,pan
assignment3_kp2_t3,7.714,1791456093.479127,170,1791456093.254842,camera_color_optical_frame,1,0.2200,0.7205,0.00246,0.034,1,TRACKING,ok,-13.262,39.803,deg/s,joint_states,-2.900,7.290,-12.370,38.470,0.841,-0.087,-0.248,0.096,0.404,-5.890,16.352,,pan
assignment3_kp2_t3,7.733,1791456093.497281,171,1791456093.321559,camera_color_optical_frame,1,0.1916,0.6393,0.00196,0.010,1,TRACKING,ok,-11.558,35.511,deg/s,joint_states,-3.160,8.090,-12.370,39.850,0.803,-0.088,-0.234,0.099,0.358,-6.251,16.143,,pan
assignment3_kp2_t3,7.753,1791456093.518172,171,1791456093.321559,camera_color_optical_frame,1,0.1916,0.6393,0.00196,0.031,1,TRACKING,ok,-11.558,35.511,deg/s,joint_states,-3.780,9.930,-13.740,41.220,0.801,-0.087,-0.233,0.077,0.276,-6.199,16.149,,pan
assignment3_kp2_t3,7.773,1791456093.537740,172,1791456093.354917,camera_color_optical_frame,1,0.1787,0.5732,0.00193,0.010,1,TRACKING,ok,-10.790,31.964,deg/s,joint_states,-4.040,10.810,-13.740,43.970,0.826,-0.097,-0.236,0.085,0.223,-6.711,15.828,,pan
assignment3_kp2_t3,7.793,1791456093.558412,172,1791456093.354917,camera_color_optical_frame,1,0.1787,0.5732,0.00193,0.030,1,TRACKING,ok,-10.790,31.964,deg/s,joint_states,-4.390,11.510,-13.740,43.970,0.826,-0.097,-0.236,0.074,0.191,-6.711,15.828,,pan
assignment3_kp2_t3,7.816,1791456093.583468,173,1791456093.388274,camera_color_optical_frame,1,0.1639,0.5103,0.00201,0.006,1,TRACKING,ok,-9.900,28.556,deg/s,joint_states,-4.570,12.040,-13.740,39.850,0.840,-0.098,-0.226,0.066,0.130,-6.648,14.974,,pan
assignment3_kp2_t3,7.832,1791456093.598146,173,1791456093.388274,camera_color_optical_frame,1,0.1639,0.5103,0.00201,0.023,1,TRACKING,ok,-9.900,28.556,deg/s,joint_states,-4.570,12.040,-13.740,39.850,0.841,-0.098,-0.225,0.066,0.127,-6.646,14.901,,pan
assignment3_kp2_t3,7.854,1791456093.623271,174,1791456093.421631,camera_color_optical_frame,1,0.1494,0.4421,0.00176,0.016,1,TRACKING,ok,-9.027,24.821,deg/s,joint_states,-5.100,13.540,-12.370,32.980,0.811,-0.099,-0.221,0.060,0.071,-6.978,15.133,,pan
assignment3_kp2_t3,7.873,1791456093.637468,174,1791456093.421631,camera_color_optical_frame,1,0.1494,0.4421,0.00176,0.035,1,TRACKING,ok,-9.027,24.821,deg/s,joint_states,-5.270,14.410,-12.370,35.720,0.810,-0.099,-0.220,0.055,0.030,-6.998,15.081,,pan
assignment3_kp2_t3,7.894,1791456093.662569,175,1791456093.454989,camera_color_optical_frame,1,0.1336,0.3596,0.00171,0.016,1,TRACKING,ok,-8.077,20.260,deg/s,joint_states,-5.540,15.210,-10.990,38.470,0.810,-0.099,-0.196,0.045,-0.075,-6.933,13.505,,pan
assignment3_kp2_t3,7.913,1791456093.677123,175,1791456093.454989,camera_color_optical_frame,1,0.1336,0.3596,0.00171,0.034,1,TRACKING,ok,-8.077,20.260,deg/s,joint_states,-5.710,15.820,-9.620,37.100,0.809,-0.099,-0.193,0.040,-0.109,-6.951,13.343,,pan
assignment3_kp2_t3,7.936,1791456093.701564,176,1791456093.488346,camera_color_optical_frame,1,0.1199,0.2760,0.00186,0.016,1,TRACKING,ok,-7.250,15.589,deg/s,joint_states,-5.890,16.350,-9.620,35.720,0.813,-0.096,-0.170,0.028,-0.205,-6.749,11.711,,pan
assignment3_kp2_t3,7.953,1791456093.718361,176,1791456093.488346,camera_color_optical_frame,1,0.1199,0.2760,0.00186,0.034,1,TRACKING,ok,-7.250,15.589,deg/s,joint_states,-6.060,16.870,-9.620,31.600,0.812,-0.096,-0.166,0.022,-0.239,-6.747,11.455,,pan
assignment3_kp2_t3,7.975,1791456093.746118,177,1791456093.521704,camera_color_optical_frame,1,0.1054,0.2248,0.00213,0.017,1,TRACKING,ok,-6.373,12.714,deg/s,joint_states,-6.060,16.870,-9.620,31.600,0.803,-0.101,-0.217,0.036,-0.083,-7.182,14.991,,pan
assignment3_kp2_t3,7.996,1791456093.765989,178,1791456093.555061,camera_color_optical_frame,1,0.0917,0.1807,0.00200,0.008,1,TRACKING,ok,-5.545,10.231,deg/s,joint_states,-6.590,17.930,-9.620,26.110,0.813,-0.104,-0.253,0.023,-0.033,-7.328,17.175,,pan
assignment3_kp2_t3,8.016,1791456093.780922,178,1791456093.555061,camera_color_optical_frame,1,0.0917,0.1807,0.00200,0.028,1,TRACKING,ok,-5.545,10.231,deg/s,joint_states,-6.590,17.930,-9.620,26.110,0.812,-0.105,-0.256,0.025,-0.025,-7.370,17.355,,pan
assignment3_kp2_t3,8.033,1791456093.798541,179,1791456093.588419,camera_color_optical_frame,1,0.0808,0.1204,0.00199,0.011,1,TRACKING,ok,-4.890,6.825,deg/s,joint_states,-6.940,18.630,-8.240,21.980,0.810,-0.106,-0.220,0.017,-0.157,-7.473,15.072,,pan
assignment3_kp2_t3,8.057,1791456093.821771,179,1791456093.588419,camera_color_optical_frame,1,0.0808,0.1204,0.00199,0.035,1,TRACKING,ok,-4.890,6.825,deg/s,joint_states,-7.030,18.980,-8.240,19.240,0.810,-0.107,-0.220,0.016,-0.173,-7.528,15.062,,pan
assignment3_kp2_t3,8.075,1791456093.840630,180,1791456093.621777,camera_color_optical_frame,1,0.0703,0.0647,0.00204,0.005,1,TRACKING,ok,-4.252,3.666,deg/s,joint_states,-7.120,19.250,-6.870,17.860,0.764,-0.105,-0.226,0.021,-0.129,-7.787,16.315,,pan
assignment3_kp2_t3,8.094,1791456093.859469,180,1791456093.621777,camera_color_optical_frame,1,0.0703,0.0647,0.00204,0.024,1,TRACKING,ok,-4.252,3.666,deg/s,joint_states,-7.290,19.510,-5.500,15.110,0.761,-0.105,-0.226,0.018,-0.138,-7.850,16.384,,pan
assignment3_kp2_t3,8.116,1791456093.881499,181,1791456093.655134,camera_color_optical_frame,1,0.0587,0.0194,0.00222,0.006,1,TRACKING,ok,-3.555,0.000,deg/s,joint_states,-7.380,19.690,-5.500,13.740,0.793,-0.104,-0.253,0.004,-0.095,-7.494,17.526,,pan
assignment3_kp2_t3,8.139,1791456093.904441,181,1791456093.655134,camera_color_optical_frame,1,0.0587,0.0194,0.00222,0.029,1,TRACKING,ok,-3.555,0.000,deg/s,joint_states,-7.470,19.860,-5.500,10.990,0.791,-0.105,-0.255,0.002,-0.094,-7.535,17.719,,pan
assignment3_kp2_t3,8.155,1791456093.920018,182,1791456093.688492,camera_color_optical_frame,1,0.0480,-0.0175,0.00226,0.008,1,TRACKING,ok,-2.908,0.000,deg/s,joint_states,-7.470,19.860,-5.500,10.990,0.805,-0.098,-0.239,-0.017,-0.152,-6.924,16.414,,pan
assignment3_kp2_t3,8.173,1791456093.938436,182,1791456093.688492,camera_color_optical_frame,1,0.0480,-0.0175,0.00226,0.026,1,TRACKING,ok,-2.908,0.000,deg/s,joint_states,-7.650,20.040,-5.500,9.620,0.805,-0.098,-0.240,-0.023,-0.158,-6.913,16.468,,pan
assignment3_kp2_t3,8.193,1791456093.968632,183,1791456093.755207,camera_color_optical_frame,1,0.0295,-0.0826,0.00243,0.006,1,TRACKING,ok,0.000,-4.683,deg/s,joint_states,-7.820,20.130,-5.500,5.500,0.804,-0.105,-0.234,-0.012,-0.178,-7.457,16.102,,pan
assignment3_kp2_t3,8.214,1791456093.979482,183,1791456093.755207,camera_color_optical_frame,1,0.0295,-0.0826,0.00243,0.027,1,TRACKING,ok,0.000,-4.683,deg/s,joint_states,-7.820,20.130,-5.500,5.500,0.803,-0.105,-0.234,-0.011,-0.177,-7.481,16.130,,pan
assignment3_kp2_t3,8.237,1791456094.007188,184,1791456093.788564,camera_color_optical_frame,1,0.0226,-0.1080,0.00245,0.013,1,TRACKING,ok,0.000,-6.121,deg/s,joint_states,-8.000,20.130,-4.120,1.370,0.810,-0.103,-0.232,-0.023,-0.188,-7.271,15.882,,pan
assignment3_kp2_t3,8.253,1791456094.022849,184,1791456093.788564,camera_color_optical_frame,1,0.0226,-0.1080,0.00245,0.028,1,TRACKING,ok,0.000,-6.121,deg/s,joint_states,-8.000,20.130,-4.120,1.370,0.810,-0.103,-0.232,-0.023,-0.188,-7.271,15.882,,pan
assignment3_kp2_t3,8.283,1791456094.047939,185,1791456093.821922,camera_color_optical_frame,1,0.0165,-0.1294,0.00247,0.014,1,TRACKING,ok,0.000,-7.330,deg/s,joint_states,-8.090,20.130,-2.750,0.000,0.827,-0.106,-0.240,-0.024,-0.179,-7.330,16.074,,pan
assignment3_kp2_t3,8.296,1791456094.061783,185,1791456093.821922,camera_color_optical_frame,1,0.0165,-0.1294,0.00247,0.028,1,TRACKING,ok,0.000,-7.330,deg/s,joint_states,-8.090,20.130,-1.370,0.000,0.828,-0.107,-0.241,-0.024,-0.179,-7.335,16.085,,pan
assignment3_kp2_t3,8.313,1791456094.078914,186,1791456093.855280,camera_color_optical_frame,1,0.0104,-0.1461,0.00247,0.014,1,TRACKING,ok,0.000,-8.276,deg/s,joint_states,-8.090,20.130,-1.370,0.000,0.805,-0.103,-0.230,-0.026,-0.190,-7.263,15.836,,pan
assignment3_kp2_t3,8.334,1791456094.099693,187,1791456093.888637,camera_color_optical_frame,1,0.0043,-0.1625,0.00248,0.010,1,TRACKING,ok,0.000,-9.204,deg/s,joint_states,-8.090,20.040,0.000,0.000,0.800,-0.102,-0.225,-0.027,-0.198,-7.252,15.561,,pan
assignment3_kp2_t3,8.355,1791456094.120284,187,1791456093.888637,camera_color_optical_frame,1,0.0043,-0.1625,0.00248,0.031,1,TRACKING,ok,0.000,-9.204,deg/s,joint_states,-8.090,19.950,0.000,-1.370,0.799,-0.102,-0.224,-0.027,-0.195,-7.251,15.538,,pan
assignment3_kp2_t3,8.373,1791456094.138419,188,1791456093.921995,camera_color_optical_frame,1,-0.0017,-0.1739,0.00245,0.011,1,TRACKING,ok,0.000,-9.848,deg/s,joint_states,-8.090,19.860,0.000,-2.750,0.794,-0.101,-0.217,-0.027,-0.208,-7.260,15.153,,pan
assignment3_kp2_t3,8.395,1791456094.160793,188,1791456093.921995,camera_color_optical_frame,1,-0.0017,-0.1739,0.00245,0.032,1,TRACKING,ok,0.000,-9.848,deg/s,joint_states,-8.090,19.690,0.000,-4.120,0.793,-0.101,-0.216,-0.027,-0.203,-7.259,15.096,,pan
assignment3_kp2_t3,8.414,1791456094.182214,189,1791456093.988710,camera_color_optical_frame,1,-0.0149,-0.1807,0.00255,0.008,1,TRACKING,ok,0.000,-10.230,deg/s,joint_states,-8.090,19.690,0.000,-4.120,0.798,-0.096,-0.217,-0.040,-0.202,-6.843,15.110,,pan
assignment3_kp2_t3,8.441,1791456094.209220,190,1791456094.055425,camera_color_optical_frame,1,-0.0174,-0.1797,0.00260,0.011,1,TRACKING,ok,0.000,-10.172,deg/s,joint_states,-8.090,19.340,0.000,-5.500,0.798,-0.095,-0.216,-0.041,-0.190,-6.797,15.045,,pan
assignment3_kp2_t3,8.455,1791456094.219130,191,1791456094.122141,camera_color_optical_frame,1,-0.0163,-0.1666,0.00257,0.002,0,TRACKING,ok,0.000,-9.432,deg/s,joint_states,-8.090,19.160,0.000,-8.240,0.572,-0.077,-0.167,-0.015,-0.132,-7.624,16.158,,pan
assignment3_kp2_t3,8.475,1791456094.239536,192,1791456094.155498,camera_color_optical_frame,1,-0.0158,-0.1556,0.00254,0.006,0,TRACKING,ok,0.000,-8.816,deg/s,joint_states,-8.090,18.980,0.000,-8.240,0.573,-0.076,-0.166,-0.016,-0.132,-7.593,15.985,,pan
assignment3_kp2_t3,8.493,1791456094.258403,192,1791456094.155498,camera_color_optical_frame,1,-0.0158,-0.1556,0.00254,0.023,0,TRACKING,ok,0.000,-8.816,deg/s,joint_states,-8.090,18.720,0.000,-8.240,0.573,-0.076,-0.166,-0.016,-0.121,-7.593,15.985,,pan
assignment3_kp2_t3,8.517,1791456094.282293,192,1791456094.155498,camera_color_optical_frame,1,-0.0158,-0.1556,0.00254,0.048,0,TRACKING,ok,0.000,-8.816,deg/s,joint_states,-8.090,18.540,0.000,-8.240,0.573,-0.076,-0.166,-0.016,-0.113,-7.593,15.985,,pan
assignment3_kp2_t3,8.533,1791456094.299119,193,1791456094.188856,camera_color_optical_frame,1,-0.0154,-0.1412,0.00253,0.002,0,TRACKING,ok,0.000,-7.997,deg/s,joint_states,-8.090,18.370,0.000,-8.240,0.573,-0.076,-0.166,-0.016,-0.105,-7.593,15.985,,pan
assignment3_kp2_t3,8.555,1791456094.319746,193,1791456094.188856,camera_color_optical_frame,1,-0.0154,-0.1412,0.00253,0.024,1,TRACKING,ok,0.000,-7.997,deg/s,joint_states,-8.090,18.190,0.000,-8.240,0.870,-0.109,-0.242,-0.031,-0.121,-7.111,15.443,,pan
assignment3_kp2_t3,8.576,1791456094.344292,193,1791456094.188856,camera_color_optical_frame,1,-0.0154,-0.1412,0.00253,0.045,1,TRACKING,ok,0.000,-7.997,deg/s,joint_states,-8.090,18.020,0.000,-8.240,0.880,-0.110,-0.245,-0.032,-0.114,-7.100,15.429,,pan
assignment3_kp2_t3,8.593,1791456094.359182,194,1791456094.222214,camera_color_optical_frame,1,-0.0134,-0.1286,0.00257,0.010,1,TRACKING,ok,0.000,-7.284,deg/s,joint_states,-8.090,17.840,0.000,-8.240,0.875,-0.110,-0.243,-0.029,-0.107,-7.180,15.414,,pan
assignment3_kp2_t3,8.616,1791456094.381084,194,1791456094.222214,camera_color_optical_frame,1,-0.0134,-0.1286,0.00257,0.032,1,TRACKING,ok,0.000,-7.284,deg/s,joint_states,-8.090,17.840,0.000,-8.240,0.886,-0.111,-0.246,-0.029,-0.108,-7.170,15.401,,pan
assignment3_kp2_t3,8.634,1791456094.401604,195,1791456094.255572,camera_color_optical_frame,1,-0.0109,-0.1152,0.00252,0.012,1,TRACKING,ok,0.000,-6.530,deg/s,joint_states,-8.090,17.400,0.000,-8.240,0.821,-0.110,-0.226,-0.015,-0.095,-7.613,15.255,,pan
assignment3_kp2_t3,8.657,1791456094.430165,196,1791456094.288929,camera_color_optical_frame,1,-0.0052,-0.1034,0.00249,0.005,1,TRACKING,ok,0.000,-5.863,deg/s,joint_states,-8.090,17.400,0.000,-8.240,0.823,-0.111,-0.226,-0.014,-0.096,-7.662,15.224,,pan
assignment3_kp2_t3,8.675,1791456094.440543,196,1791456094.288929,camera_color_optical_frame,1,-0.0052,-0.1034,0.00249,0.023,1,TRACKING,ok,0.000,-5.863,deg/s,joint_states,-8.090,17.230,0.000,-8.240,0.798,-0.112,-0.220,-0.003,-0.087,-7.982,15.248,,pan
assignment3_kp2_t3,8.697,1791456094.464875,197,1791456094.322287,camera_color_optical_frame,1,-0.0002,-0.0923,0.00237,0.007,1,TRACKING,ok,0.000,-5.231,deg/s,joint_states,-8.090,17.140,0.000,-6.870,0.801,-0.116,-0.220,0.005,-0.085,-8.232,15.214,,pan
assignment3_kp2_t3,8.714,1791456094.483323,198,1791456094.355644,camera_color_optical_frame,1,0.0015,-0.0785,0.00227,0.005,1,TRACKING,ok,0.000,-4.452,deg/s,joint_states,-8.090,16.960,0.000,-6.870,0.800,-0.117,-0.220,0.007,-0.078,-8.304,15.193,,pan
assignment3_kp2_t3,8.734,1791456094.500790,198,1791456094.355644,camera_color_optical_frame,1,0.0015,-0.0785,0.00227,0.026,1,TRACKING,ok,0.000,-4.452,deg/s,joint_states,-8.090,16.790,0.000,-6.870,0.805,-0.115,-0.221,0.002,-0.071,-8.157,15.175,,pan
assignment3_kp2_t3,8.757,1791456094.524965,199,1791456094.389003,camera_color_optical_frame,1,0.0098,-0.0662,0.00226,0.014,1,TRACKING,ok,0.000,-3.756,deg/s,joint_states,-8.090,16.610,0.000,-6.870,0.802,-0.121,-0.220,0.016,-0.064,-8.586,15.163,,pan
assignment3_kp2_t3,8.774,1791456094.540518,199,1791456094.389003,camera_color_optical_frame,1,0.0098,-0.0662,0.00226,0.031,1,TRACKING,ok,0.000,-3.756,deg/s,joint_states,-8.090,16.610,0.000,-6.870,0.801,-0.122,-0.219,0.018,-0.065,-8.665,15.144,,pan
assignment3_kp2_t3,8.798,1791456094.563467,200,1791456094.422360,camera_color_optical_frame,1,0.0166,-0.0551,0.00229,0.016,1,TRACKING,ok,0.000,-3.125,deg/s,joint_states,-8.090,16.440,0.000,-5.500,0.812,-0.131,-0.226,0.034,-0.048,-9.150,15.357,,pan
assignment3_kp2_t3,8.812,1791456094.578388,201,1791456094.455718,camera_color_optical_frame,1,0.0166,-0.0458,0.00223,0.006,1,TRACKING,ok,0.000,0.000,deg/s,joint_states,-8.090,16.350,0.000,-5.500,0.815,-0.125,-0.224,0.021,-0.052,-8.740,15.170,,pan
assignment3_kp2_t3,8.835,1791456094.601074,201,1791456094.455718,camera_color_optical_frame,1,0.0166,-0.0458,0.00223,0.029,1,TRACKING,ok,0.000,0.000,deg/s,joint_states,-8.090,16.170,0.000,-4.120,0.816,-0.127,-0.224,0.024,-0.045,-8.846,15.152,,pan
assignment3_kp2_t3,8.855,1791456094.619692,202,1791456094.489076,camera_color_optical_frame,1,0.0165,-0.0395,0.00224,0.002,1,TRACKING,ok,0.000,0.000,deg/s,joint_states,-8.090,16.080,0.000,-4.120,0.817,-0.128,-0.224,0.027,-0.042,-8.935,15.137,,pan
assignment3_kp2_t3,8.874,1791456094.641573,202,1791456094.489076,camera_color_optical_frame,1,0.0165,-0.0395,0.00224,0.022,1,TRACKING,ok,0.000,0.000,deg/s,joint_states,-8.090,16.080,0.000,-4.120,0.823,-0.118,-0.222,0.003,-0.049,-8.171,14.965,,pan
assignment3_kp2_t3,8.895,1791456094.662133,203,1791456094.522434,camera_color_optical_frame,1,0.0187,-0.0367,0.00225,0.009,1,TRACKING,ok,0.000,0.000,deg/s,joint_states,-8.090,15.910,0.000,-4.120,0.816,-0.120,-0.217,0.009,-0.051,-8.379,14.744,,pan
assignment3_kp2_t3,8.914,1791456094.678896,203,1791456094.522434,camera_color_optical_frame,1,0.0187,-0.0367,0.00225,0.028,1,TRACKING,ok,0.000,0.000,deg/s,joint_states,-8.090,15.910,0.000,-2.750,0.817,-0.121,-0.217,0.010,-0.053,-8.397,14.697,,pan
assignment3_kp2_t3,8.936,1791456094.701582,204,1791456094.555792,camera_color_optical_frame,1,0.0243,-0.0411,0.00229,0.010,1,TRACKING,ok,0.000,0.000,deg/s,joint_states,-8.090,15.910,0.000,-2.750,0.812,-0.128,-0.205,0.027,-0.084,-8.945,14.002,,pan
assignment3_kp2_t3,8.963,1791456094.733185,204,1791456094.555792,camera_color_optical_frame,1,0.0243,-0.0411,0.00229,0.038,1,TRACKING,ok,0.000,0.000,deg/s,joint_states,-8.090,15.910,0.000,-1.370,0.812,-0.129,-0.203,0.031,-0.091,-9.045,13.842,,pan
assignment3_kp2_t3,8.977,1791456094.746940,205,1791456094.589149,camera_color_optical_frame,1,0.0314,-0.0461,0.00232,0.005,1,TRACKING,ok,-1.902,0.000,deg/s,joint_states,-8.090,15.910,0.000,-1.370,0.825,-0.138,-0.200,0.046,-0.110,-9.532,13.417,,pan
assignment3_kp2_t3,8.996,1791456094.766730,205,1791456094.589149,camera_color_optical_frame,1,0.0314,-0.0461,0.00232,0.024,1,TRACKING,ok,-1.902,0.000,deg/s,joint_states,-8.090,15.910,0.000,0.000,0.826,-0.140,-0.198,0.050,-0.116,-9.638,13.278,,pan
assignment3_kp2_t3,9.016,1791456094.783197,205,1791456094.589149,camera_color_optical_frame,1,0.0314,-0.0461,0.00232,0.044,1,TRACKING,ok,-1.902,0.000,deg/s,joint_states,-8.090,15.910,0.000,0.000,0.827,-0.142,-0.196,0.054,-0.123,-9.754,13.125,,pan
assignment3_kp2_t3,9.040,1791456094.805460,207,1791456094.655865,camera_color_optical_frame,1,0.0378,-0.0630,0.00230,0.012,1,TRACKING,ok,-2.290,-3.571,deg/s,joint_states,-8.090,15.910,0.000,0.000,0.822,-0.134,-0.188,0.038,-0.141,-9.279,12.705,,pan
assignment3_kp2_t3,9.056,1791456094.820896,208,1791456094.689223,camera_color_optical_frame,1,0.0410,-0.0730,0.00233,0.010,0,TRACKING,ok,-2.480,-4.136,deg/s,joint_states,-8.090,15.910,0.000,0.000,0.512,-0.087,-0.131,0.051,-0.079,-9.666,14.118,,pan
assignment3_kp2_t3,9.074,1791456094.840180,208,1791456094.689223,camera_color_optical_frame,1,0.0410,-0.0730,0.00233,0.028,0,TRACKING,ok,-2.480,-4.136,deg/s,joint_states,-8.090,15.910,0.000,0.000,0.503,-0.086,-0.128,0.052,-0.080,-9.713,14.097,,pan
assignment3_kp2_t3,9.095,1791456094.860850,209,1791456094.722581,camera_color_optical_frame,1,0.0446,-0.0822,0.00232,0.008,1,TRACKING,ok,-2.699,-4.661,deg/s,joint_states,-8.090,15.910,0.000,0.000,0.825,-0.137,-0.187,0.043,-0.147,-9.412,12.581,,pan
assignment3_kp2_t3,9.112,1791456094.877367,209,1791456094.722581,camera_color_optical_frame,1,0.0446,-0.0822,0.00232,0.025,1,TRACKING,ok,-2.699,-4.661,deg/s,joint_states,-8.090,15.910,0.000,0.000,0.826,-0.138,-0.185,0.044,-0.152,-9.457,12.457,,pan
assignment3_kp2_t3,9.133,1791456094.899194,210,1791456094.755939,camera_color_optical_frame,1,0.0486,-0.0897,0.00234,0.017,1,TRACKING,ok,-2.944,-5.086,deg/s,joint_states,-8.170,15.910,0.000,0.000,0.890,-0.143,-0.212,0.031,-0.118,-9.144,13.232,,pan
assignment3_kp2_t3,9.164,1791456094.932337,211,1791456094.789296,camera_color_optical_frame,1,0.0521,-0.0941,0.00233,0.016,1,TRACKING,ok,-3.155,-5.335,deg/s,joint_states,-8.170,15.910,0.000,0.000,0.826,-0.142,-0.189,0.051,-0.140,-9.763,12.728,,pan
assignment3_kp2_t3,9.175,1791456094.939993,211,1791456094.789296,camera_color_optical_frame,1,0.0521,-0.0941,0.00233,0.027,1,TRACKING,ok,-3.155,-5.335,deg/s,joint_states,-8.260,15.820,0.000,0.000,0.826,-0.143,-0.189,0.050,-0.138,-9.799,12.686,,pan
assignment3_kp2_t3,9.201,1791456094.968382,212,1791456094.822654,camera_color_optical_frame,1,0.0556,-0.0964,0.00231,0.018,1,TRACKING,ok,-3.365,-5.465,deg/s,joint_states,-8.350,15.730,-1.370,-1.370,0.838,-0.145,-0.195,0.048,-0.124,-9.839,12.915,,pan
assignment3_kp2_t3,9.214,1791456094.980189,213,1791456094.856012,camera_color_optical_frame,1,0.0590,-0.1000,0.00229,0.004,1,TRACKING,ok,-3.569,-5.668,deg/s,joint_states,-8.350,15.560,-2.750,-2.750,0.839,-0.146,-0.195,0.049,-0.118,-9.879,12.886,,pan
assignment3_kp2_t3,9.237,1791456095.002516,213,1791456094.856012,camera_color_optical_frame,1,0.0590,-0.1000,0.00229,0.027,1,TRACKING,ok,-3.569,-5.668,deg/s,joint_states,-8.350,15.560,-2.750,-2.750,0.841,-0.147,-0.195,0.052,-0.119,-9.947,12.867,,pan
assignment3_kp2_t3,9.253,1791456095.017886,213,1791456094.856012,camera_color_optical_frame,1,0.0590,-0.1000,0.00229,0.043,1,TRACKING,ok,-3.569,-5.668,deg/s,joint_states,-8.530,15.380,-1.370,-4.120,0.842,-0.148,-0.195,0.047,-0.112,-9.996,12.836,,pan
assignment3_kp2_t3,9.275,1791456095.040401,214,1791456094.889370,camera_color_optical_frame,1,0.0586,-0.0958,0.00230,0.017,1,TRACKING,ok,-3.546,-5.430,deg/s,joint_states,-8.530,15.380,-1.370,-4.120,0.841,-0.150,-0.199,0.050,-0.099,-10.095,13.125,,pan
assignment3_kp2_t3,9.294,1791456095.060592,215,1791456094.922728,camera_color_optical_frame,1,0.0581,-0.0912,0.00230,0.007,1,TRACKING,ok,-3.518,-5.170,deg/s,joint_states,-8.530,15.290,-1.370,-4.120,0.841,-0.151,-0.199,0.054,-0.095,-10.193,13.126,,pan
assignment3_kp2_t3,9.314,1791456095.079373,215,1791456094.922728,camera_color_optical_frame,1,0.0581,-0.0912,0.00230,0.027,1,TRACKING,ok,-3.518,-5.170,deg/s,joint_states,-8.790,15.030,-4.120,-4.120,0.842,-0.152,-0.199,0.047,-0.084,-10.260,13.124,,pan
assignment3_kp2_t3,9.335,1791456095.100106,215,1791456094.922728,camera_color_optical_frame,1,0.0581,-0.0912,0.00230,0.048,1,TRACKING,ok,-3.518,-5.170,deg/s,joint_states,-8.880,14.940,-4.120,-4.120,0.843,-0.154,-0.200,0.047,-0.080,-10.330,13.121,,pan
assignment3_kp2_t3,9.354,1791456095.119478,216,1791456094.956086,camera_color_optical_frame,1,0.0579,-0.0858,0.00227,0.016,1,TRACKING,ok,-3.502,-4.865,deg/s,joint_states,-9.050,14.850,-4.120,-4.120,0.839,-0.149,-0.198,0.033,-0.078,-10.086,13.084,,pan
assignment3_kp2_t3,9.373,1791456095.138438,217,1791456094.989444,camera_color_optical_frame,1,0.0529,-0.0813,0.00228,0.010,1,TRACKING,ok,-3.200,-4.608,deg/s,joint_states,-9.050,14.850,-4.120,-4.120,0.823,-0.141,-0.192,0.021,-0.085,-9.687,12.929,,pan
assignment3_kp2_t3,9.393,1791456095.157162,217,1791456094.989444,camera_color_optical_frame,1,0.0529,-0.0813,0.00228,0.030,1,TRACKING,ok,-3.200,-4.608,deg/s,joint_states,-9.230,14.680,-4.120,-4.120,0.822,-0.140,-0.191,0.015,-0.078,-9.683,12.909,,pan
assignment3_kp2_t3,9.414,1791456095.182407,218,1791456095.022801,camera_color_optical_frame,1,0.0443,-0.0734,0.00223,0.016,1,TRACKING,ok,-2.682,-4.159,deg/s,joint_states,-9.320,14.500,-4.120,-4.120,0.830,-0.133,-0.195,-0.007,-0.063,-9.117,13.076,,pan
assignment3_kp2_t3,9.445,1791456095.211130,219,1791456095.056159,camera_color_optical_frame,1,0.0331,-0.0659,0.00218,0.009,1,TRACKING,ok,-2.003,-3.738,deg/s,joint_states,-9.320,14.410,-4.120,-4.120,0.837,-0.127,-0.197,-0.023,-0.059,-8.612,13.074,,pan
assignment3_kp2_t3,9.458,1791456095.223515,219,1791456095.056159,camera_color_optical_frame,1,0.0331,-0.0659,0.00218,0.022,1,TRACKING,ok,-2.003,-3.738,deg/s,joint_states,-9.400,14.330,-4.120,-5.500,0.838,-0.126,-0.197,-0.027,-0.055,-8.548,13.074,,pan
assignment3_kp2_t3,9.475,1791456095.241098,220,1791456095.089517,camera_color_optical_frame,1,0.0187,-0.0579,0.00208,0.008,1,TRACKING,ok,0.000,-3.283,deg/s,joint_states,-9.400,14.330,-4.120,-5.500,0.828,-0.121,-0.193,-0.036,-0.058,-8.283,13.004,,pan
assignment3_kp2_t3,9.498,1791456095.264507,220,1791456095.089517,camera_color_optical_frame,1,0.0187,-0.0579,0.00208,0.031,1,TRACKING,ok,0.000,-3.283,deg/s,joint_states,-9.490,14.150,-1.370,-5.500,0.827,-0.118,-0.193,-0.043,-0.051,-8.151,12.993,,pan
assignment3_kp2_t3,9.517,1791456095.282049,221,1791456095.122875,camera_color_optical_frame,1,0.0009,-0.0544,0.00211,0.012,1,TRACKING,ok,0.000,-3.085,deg/s,joint_states,-9.490,14.150,-1.370,-5.500,0.839,-0.111,-0.193,-0.063,-0.056,-7.529,12.866,,pan
assignment3_kp2_t3,9.542,1791456095.310084,222,1791456095.156233,camera_color_optical_frame,1,-0.0196,-0.0487,0.00208,0.016,1,TRACKING,ok,0.000,0.000,deg/s,joint_states,-9.490,13.970,-1.370,-4.120,0.835,-0.093,-0.186,-0.101,-0.064,-6.354,12.505,,pan
assignment3_kp2_t3,9.553,1791456095.319904,222,1791456095.156233,camera_color_optical_frame,1,-0.0196,-0.0487,0.00208,0.027,1,TRACKING,ok,0.000,0.000,deg/s,joint_states,-9.490,13.970,-1.370,-4.120,0.836,-0.091,-0.186,-0.106,-0.065,-6.206,12.474,,pan
assignment3_kp2_t3,9.575,1791456095.343155,223,1791456095.189590,camera_color_optical_frame,1,-0.0393,-0.0442,0.00211,0.012,1,TRACKING,ok,2.382,0.000,deg/s,joint_states,-9.490,13.890,-1.370,-4.120,0.841,-0.081,-0.187,-0.130,-0.060,-5.472,12.503,,pan
assignment3_kp2_t3,9.593,1791456095.358594,223,1791456095.189590,camera_color_optical_frame,1,-0.0393,-0.0442,0.00211,0.029,1,TRACKING,ok,2.382,0.000,deg/s,joint_states,-9.580,13.710,0.000,-4.120,0.841,-0.077,-0.187,-0.141,-0.054,-5.204,12.459,,pan
assignment3_kp2_t3,9.617,1791456095.382711,224,1791456095.222949,camera_color_optical_frame,1,-0.0588,-0.0432,0.00212,0.017,1,TRACKING,ok,3.559,0.000,deg/s,joint_states,-9.580,13.710,0.000,-4.120,0.856,-0.069,-0.187,-0.160,-0.060,-4.643,12.311,,pan
assignment3_kp2_t3,9.634,1791456095.400103,224,1791456095.222949,camera_color_optical_frame,1,-0.0588,-0.0432,0.00212,0.034,1,TRACKING,ok,3.559,0.000,deg/s,joint_states,-9.580,13.540,0.000,-4.120,0.857,-0.066,-0.187,-0.169,-0.054,-4.372,12.265,,pan
assignment3_kp2_t3,9.653,1791456095.420310,225,1791456095.256306,camera_color_optical_frame,1,-0.0795,-0.0427,0.00210,0.013,1,TRACKING,ok,4.812,0.000,deg/s,joint_states,-9.580,13.540,0.000,-4.120,0.853,-0.059,-0.176,-0.183,-0.082,-3.948,11.628,,pan
assignment3_kp2_t3,9.674,1791456095.439209,225,1791456095.256306,camera_color_optical_frame,1,-0.0795,-0.0427,0.00210,0.034,1,TRACKING,ok,4.812,0.000,deg/s,joint_states,-9.490,13.540,0.000,-2.750,0.854,-0.054,-0.174,-0.191,-0.087,-3.599,11.510,,pan
assignment3_kp2_t3,9.694,1791456095.458578,226,1791456095.289664,camera_color_optical_frame,1,-0.1007,-0.0442,0.00215,0.016,1,TRACKING,ok,6.092,0.000,deg/s,joint_states,-9.580,13.620,0.000,-1.370,0.833,-0.041,-0.170,-0.220,-0.088,-2.808,11.543,,pan
assignment3_kp2_t3,9.713,1791456095.477882,227,1791456095.323022,camera_color_optical_frame,1,-0.1199,-0.0428,0.00213,0.005,1,TRACKING,ok,7.249,0.000,deg/s,joint_states,-9.490,13.540,0.000,0.000,0.824,-0.036,-0.172,-0.227,-0.075,-2.517,11.751,,pan
assignment3_kp2_t3,9.733,1791456095.498203,227,1791456095.323022,camera_color_optical_frame,1,-0.1199,-0.0428,0.00213,0.025,1,TRACKING,ok,7.249,0.000,deg/s,joint_states,-9.400,13.540,0.000,0.000,0.823,-0.031,-0.170,-0.236,-0.078,-2.138,11.678,,pan
assignment3_kp2_t3,9.756,1791456095.522738,228,1791456095.356380,camera_color_optical_frame,1,-0.1388,-0.0449,0.00216,0.009,1,TRACKING,ok,8.386,0.000,deg/s,joint_states,-9.320,13.540,1.370,0.000,0.834,-0.028,-0.162,-0.241,-0.110,-1.936,10.965,,pan
assignment3_kp2_t3,9.776,1791456095.543504,228,1791456095.356380,camera_color_optical_frame,1,-0.1388,-0.0449,0.00216,0.029,1,TRACKING,ok,8.386,0.000,deg/s,joint_states,-9.230,13.540,2.750,0.000,0.834,-0.023,-0.160,-0.250,-0.115,-1.571,10.831,,pan
assignment3_kp2_t3,9.796,1791456095.563859,229,1791456095.389739,camera_color_optical_frame,1,-0.1558,-0.0536,0.00221,0.006,1,TRACKING,ok,9.414,-3.041,deg/s,joint_states,-9.230,13.540,2.750,0.000,0.848,-0.023,-0.157,-0.252,-0.129,-1.536,10.513,,pan
assignment3_kp2_t3,9.813,1791456095.577546,229,1791456095.389739,camera_color_optical_frame,1,-0.1558,-0.0536,0.00221,0.023,1,TRACKING,ok,9.414,-3.041,deg/s,joint_states,-8.880,13.620,4.120,0.000,0.849,-0.019,-0.156,-0.249,-0.139,-1.260,10.384,,pan
assignment3_kp2_t3,9.833,1791456095.601455,230,1791456095.423097,camera_color_optical_frame,1,-0.1725,-0.0599,0.00216,0.016,1,TRACKING,ok,10.417,-3.396,deg/s,joint_states,-8.700,13.620,5.500,0.000,0.842,-0.021,-0.162,-0.238,-0.116,-1.405,10.904,,pan
assignment3_kp2_t3,9.853,1791456095.617350,231,1791456095.456456,camera_color_optical_frame,1,-0.1864,-0.0691,0.00228,0.003,1,TRACKING,ok,11.249,-3.915,deg/s,joint_states,-8.610,13.620,5.500,0.000,0.850,-0.016,-0.158,-0.246,-0.132,-1.073,10.541,,pan
assignment3_kp2_t3,9.876,1791456095.646209,231,1791456095.456456,camera_color_optical_frame,1,-0.1864,-0.0691,0.00228,0.027,1,TRACKING,ok,11.249,-3.915,deg/s,joint_states,-8.350,13.540,6.870,0.000,0.851,-0.011,-0.156,-0.249,-0.134,-0.741,10.409,,pan
assignment3_kp2_t3,9.893,1791456095.658490,232,1791456095.489815,camera_color_optical_frame,1,-0.1970,-0.0781,0.00227,0.004,1,TRACKING,ok,11.882,-4.429,deg/s,joint_states,-8.260,13.540,6.870,0.000,0.854,-0.007,-0.151,-0.254,-0.152,-0.501,10.002,,pan
assignment3_kp2_t3,9.916,1791456095.680717,232,1791456095.489815,camera_color_optical_frame,1,-0.1970,-0.0781,0.00227,0.027,1,TRACKING,ok,11.882,-4.429,deg/s,joint_states,-8.090,13.450,8.240,0.000,0.856,-0.003,-0.148,-0.260,-0.156,-0.174,9.833,,pan
assignment3_kp2_t3,9.934,1791456095.703312,232,1791456095.489815,camera_color_optical_frame,1,-0.1970,-0.0781,0.00227,0.045,1,TRACKING,ok,11.882,-4.429,deg/s,joint_states,-7.910,13.360,8.240,-1.370,0.857,0.001,-0.146,-0.262,-0.157,0.084,9.700,,pan
assignment3_kp2_t3,9.954,1791456095.721326,233,1791456095.523174,camera_color_optical_frame,1,-0.2054,-0.0870,0.00231,0.010,1,TRACKING,ok,12.385,-4.932,deg/s,joint_states,-7.910,13.360,8.240,-1.370,0.841,0.002,-0.145,-0.264,-0.154,0.139,9.767,,pan
assignment3_kp2_t3,9.976,1791456095.742073,234,1791456095.556532,camera_color_optical_frame,1,-0.2129,-0.0972,0.00238,0.006,1,TRACKING,ok,12.836,-5.508,deg/s,joint_states,-7.560,13.180,8.240,-2.750,0.838,0.009,-0.145,-0.269,-0.143,0.642,9.842,,pan
assignment3_kp2_t3,9.994,1791456095.763916,234,1791456095.556532,camera_color_optical_frame,1,-0.2129,-0.0972,0.00238,0.024,1,TRACKING,ok,12.836,-5.508,deg/s,joint_states,-7.210,13.100,8.240,-4.120,0.837,0.013,-0.144,-0.266,-0.144,0.906,9.738,,pan
assignment3_kp2_t3,10.020,1791456095.787988,235,1791456095.589891,camera_color_optical_frame,1,-0.2188,-0.1070,0.00242,0.012,1,TRACKING,ok,13.186,-6.064,deg/s,joint_states,-6.940,13.010,9.620,-4.120,0.871,0.016,-0.146,-0.263,-0.149,1.073,9.543,,pan
assignment3_kp2_t3,10.036,1791456095.804349,235,1791456095.589891,camera_color_optical_frame,1,-0.2188,-0.1070,0.00242,0.028,1,TRACKING,ok,13.186,-6.064,deg/s,joint_states,-6.940,13.010,9.620,-4.120,0.873,0.020,-0.145,-0.270,-0.153,1.286,9.453,,pan
assignment3_kp2_t3,10.054,1791456095.821471,236,1791456095.623249,camera_color_optical_frame,1,-0.2228,-0.1146,0.00242,0.009,1,TRACKING,ok,13.430,-6.493,deg/s,joint_states,-6.770,12.920,10.990,-4.120,0.866,0.020,-0.137,-0.267,-0.169,1.330,9.003,,pan
assignment3_kp2_t3,10.074,1791456095.839304,237,1791456095.656608,camera_color_optical_frame,1,-0.2282,-0.1178,0.00254,0.005,1,TRACKING,ok,13.752,-6.674,deg/s,joint_states,-6.500,12.830,10.990,-2.750,0.839,0.023,-0.134,-0.265,-0.163,1.567,9.043,,pan
assignment3_kp2_t3,10.097,1791456095.863092,237,1791456095.656608,camera_color_optical_frame,1,-0.2282,-0.1178,0.00254,0.028,1,TRACKING,ok,13.752,-6.674,deg/s,joint_states,-6.240,12.740,12.370,-2.750,0.838,0.027,-0.131,-0.266,-0.166,1.854,8.894,,pan
assignment3_kp2_t3,10.114,1791456095.878792,238,1791456095.689966,camera_color_optical_frame,1,-0.2326,-0.1218,0.00258,0.005,1,TRACKING,ok,14.013,-6.903,deg/s,joint_states,-5.890,12.660,12.370,-2.750,0.847,0.030,-0.131,-0.260,-0.167,2.023,8.795,,pan
assignment3_kp2_t3,10.133,1791456095.897019,238,1791456095.689966,camera_color_optical_frame,1,-0.2326,-0.1218,0.00258,0.023,1,TRACKING,ok,14.013,-6.903,deg/s,joint_states,-5.620,12.570,12.370,-4.120,0.847,0.033,-0.129,-0.259,-0.168,2.248,8.679,,pan
assignment3_kp2_t3,10.152,1791456095.917648,238,1791456095.689966,camera_color_optical_frame,1,-0.2326,-0.1218,0.00258,0.043,1,TRACKING,ok,14.013,-6.903,deg/s,joint_states,-5.100,12.300,12.370,-4.120,0.847,0.037,-0.128,-0.250,-0.162,2.490,8.554,,pan
assignment3_kp2_t3,10.173,1791456095.939123,239,1791456095.723325,camera_color_optical_frame,1,-0.2312,-0.1239,0.00266,0.015,1,TRACKING,ok,13.931,-7.020,deg/s,joint_states,-4.750,12.220,12.370,-4.120,0.865,0.035,-0.128,-0.233,-0.166,2.337,8.401,,pan
assignment3_kp2_t3,10.197,1791456095.963060,240,1791456095.756684,camera_color_optical_frame,1,-0.2305,-0.1300,0.00265,0.010,1,TRACKING,ok,13.890,-7.364,deg/s,joint_states,-4.480,12.040,13.740,-5.500,0.881,0.043,-0.126,-0.239,-0.171,2.773,8.107,,pan
assignment3_kp2_t3,10.213,1791456095.978284,240,1791456095.756684,camera_color_optical_frame,1,-0.2305,-0.1300,0.00265,0.026,1,TRACKING,ok,13.890,-7.364,deg/s,joint_states,-4.220,11.870,13.740,-5.500,0.883,0.045,-0.124,-0.236,-0.168,2.951,7.997,,pan
assignment3_kp2_t3,10.234,1791456096.000854,241,1791456095.790042,camera_color_optical_frame,1,-0.2295,-0.1338,0.00264,0.012,1,TRACKING,ok,13.830,-7.582,deg/s,joint_states,-4.220,11.870,13.740,-5.500,0.856,0.048,-0.115,-0.246,-0.183,3.230,7.665,,pan
assignment3_kp2_t3,10.253,1791456096.017713,241,1791456095.790042,camera_color_optical_frame,1,-0.2295,-0.1338,0.00264,0.031,1,TRACKING,ok,13.830,-7.582,deg/s,joint_states,-3.690,11.690,12.370,-6.870,0.857,0.052,-0.113,-0.236,-0.182,3.455,7.514,,pan
assignment3_kp2_t3,10.273,1791456096.040888,242,1791456095.823401,camera_color_optical_frame,1,-0.2275,-0.1378,0.00260,0.013,1,TRACKING,ok,13.710,-7.805,deg/s,joint_states,-3.430,11.510,12.370,-6.870,0.885,0.053,-0.118,-0.226,-0.171,3.420,7.579,,pan
assignment3_kp2_t3,10.293,1791456096.057693,242,1791456095.823401,camera_color_optical_frame,1,-0.2275,-0.1378,0.00260,0.032,1,TRACKING,ok,13.710,-7.805,deg/s,joint_states,-3.430,11.510,12.370,-6.870,0.887,0.056,-0.116,-0.233,-0.177,3.618,7.448,,pan
assignment3_kp2_t3,10.314,1791456096.081119,243,1791456095.856760,camera_color_optical_frame,1,-0.2226,-0.1426,0.00261,0.018,1,TRACKING,ok,13.417,-8.081,deg/s,joint_states,-2.900,11.250,12.370,-5.500,0.907,0.062,-0.116,-0.225,-0.174,3.906,7.267,,pan
assignment3_kp2_t3,10.334,1791456096.098543,243,1791456095.856760,camera_color_optical_frame,1,-0.2226,-0.1426,0.00261,0.039,1,TRACKING,ok,13.417,-8.081,deg/s,joint_states,-2.640,11.070,13.740,-6.870,0.911,0.065,-0.114,-0.223,-0.172,4.109,7.135,,pan
assignment3_kp2_t3,10.357,1791456096.123399,244,1791456095.890118,camera_color_optical_frame,1,-0.2186,-0.1482,0.00250,0.013,1,TRACKING,ok,13.179,-8.398,deg/s,joint_states,-2.640,11.070,13.740,-6.870,0.883,0.065,-0.103,-0.227,-0.195,4.227,6.608,,pan
assignment3_kp2_t3,10.377,1791456096.151882,244,1791456095.890118,camera_color_optical_frame,1,-0.2186,-0.1482,0.00250,0.033,1,TRACKING,ok,13.179,-8.398,deg/s,joint_states,-2.370,10.900,13.740,-6.870,0.885,0.068,-0.100,-0.225,-0.194,4.421,6.455,,pan
assignment3_kp2_t3,10.394,1791456096.161689,245,1791456095.923477,camera_color_optical_frame,1,-0.2146,-0.1482,0.00249,0.004,1,TRACKING,ok,12.939,-8.395,deg/s,joint_states,-2.020,10.720,13.740,-6.870,0.886,0.071,-0.099,-0.219,-0.192,4.588,6.323,,pan
assignment3_kp2_t3,10.415,1791456096.185216,245,1791456095.923477,camera_color_optical_frame,1,-0.2146,-0.1482,0.00249,0.026,1,TRACKING,ok,12.939,-8.395,deg/s,joint_states,-1.490,10.370,12.370,-8.240,0.867,0.075,-0.095,-0.212,-0.181,4.922,6.242,,pan
assignment3_kp2_t3,10.436,1791456096.201539,246,1791456095.956836,camera_color_optical_frame,1,-0.2130,-0.1501,0.00232,0.012,1,TRACKING,ok,12.841,-8.504,deg/s,joint_states,-1.490,10.370,12.370,-8.240,0.896,0.085,-0.096,-0.229,-0.188,5.428,6.074,,pan
assignment3_kp2_t3,10.458,1791456096.223914,247,1791456095.990194,camera_color_optical_frame,1,-0.2107,-0.1499,0.00235,0.015,1,TRACKING,ok,12.704,-8.492,deg/s,joint_states,-0.970,10.020,12.370,-6.870,0.892,0.088,-0.099,-0.217,-0.163,5.608,6.280,,pan
assignment3_kp2_t3,10.473,1791456096.238795,247,1791456095.990194,camera_color_optical_frame,1,-0.2107,-0.1499,0.00235,0.031,1,TRACKING,ok,12.704,-8.492,deg/s,joint_states,-0.970,10.020,12.370,-6.870,0.894,0.090,-0.097,-0.223,-0.167,5.771,6.184,,pan
assignment3_kp2_t3,10.495,1791456096.262200,248,1791456096.056911,camera_color_optical_frame,1,-0.2032,-0.1484,0.00242,0.015,1,TRACKING,ok,12.255,-8.405,deg/s,joint_states,-0.700,9.840,12.370,-8.240,0.889,0.088,-0.097,-0.211,-0.159,5.674,6.206,,pan
assignment3_kp2_t3,10.514,1791456096.281204,249,1791456096.090270,camera_color_optical_frame,1,-0.1983,-0.1450,0.00242,0.006,1,TRACKING,ok,11.963,-8.216,deg/s,joint_states,-0.440,9.760,12.370,-8.240,0.876,0.061,-0.110,-0.145,-0.115,3.973,7.133,,pan
assignment3_kp2_t3,10.535,1791456096.302059,249,1791456096.090270,camera_color_optical_frame,1,-0.1983,-0.1450,0.00242,0.027,1,TRACKING,ok,11.963,-8.216,deg/s,joint_states,0.090,9.320,12.370,-8.240,0.876,0.061,-0.110,-0.128,-0.096,3.973,7.133,,pan
assignment3_kp2_t3,10.558,1791456096.324225,250,1791456096.123629,camera_color_optical_frame,1,-0.1932,-0.1434,0.00246,0.013,1,TRACKING,ok,11.659,-8.124,deg/s,joint_states,0.090,9.320,12.370,-8.240,0.882,0.096,-0.086,-0.203,-0.166,6.238,5.533,,pan
assignment3_kp2_t3,10.573,1791456096.339024,250,1791456096.123629,camera_color_optical_frame,1,-0.1932,-0.1434,0.00246,0.028,1,TRACKING,ok,11.659,-8.124,deg/s,joint_states,0.260,9.230,12.370,-8.240,0.882,0.099,-0.084,-0.203,-0.167,6.389,5.425,,pan
assignment3_kp2_t3,10.594,1791456096.359714,251,1791456096.156988,camera_color_optical_frame,1,-0.1872,-0.1399,0.00247,0.012,1,TRACKING,ok,11.297,-7.928,deg/s,joint_states,0.530,9.050,12.370,-8.240,0.878,0.100,-0.081,-0.197,-0.166,6.484,5.260,,pan
assignment3_kp2_t3,10.614,1791456096.379266,251,1791456096.156988,camera_color_optical_frame,1,-0.1872,-0.1399,0.00247,0.032,1,TRACKING,ok,11.297,-7.928,deg/s,joint_states,1.050,8.700,10.990,-6.870,0.878,0.103,-0.079,-0.186,-0.157,6.673,5.117,,pan
assignment3_kp2_t3,10.638,1791456096.404135,252,1791456096.190346,camera_color_optical_frame,1,-0.1814,-0.1398,0.00246,0.016,1,TRACKING,ok,10.952,-7.920,deg/s,joint_states,1.050,8.700,10.990,-6.870,0.887,0.101,-0.076,-0.181,-0.168,6.512,4.876,,pan
assignment3_kp2_t3,10.657,1791456096.426303,253,1791456096.223705,camera_color_optical_frame,1,-0.1740,-0.1377,0.00247,0.006,1,TRACKING,ok,10.506,-7.802,deg/s,joint_states,1.320,8.530,10.990,-6.870,0.888,0.104,-0.074,-0.177,-0.166,6.665,4.738,,pan
assignment3_kp2_t3,10.678,1791456096.447363,253,1791456096.223705,camera_color_optical_frame,1,-0.1740,-0.1377,0.00247,0.027,1,TRACKING,ok,10.506,-7.802,deg/s,joint_states,1.490,8.440,10.990,-6.870,0.881,0.103,-0.072,-0.171,-0.168,6.644,4.627,,pan
assignment3_kp2_t3,10.705,1791456096.471690,254,1791456096.257064,camera_color_optical_frame,1,-0.1658,-0.1349,0.00250,0.011,1,TRACKING,ok,10.012,-7.641,deg/s,joint_states,1.930,8.090,10.990,-6.870,0.881,0.102,-0.067,-0.156,-0.165,6.631,4.337,,pan
assignment3_kp2_t3,10.715,1791456096.481044,254,1791456096.257064,camera_color_optical_frame,1,-0.1658,-0.1349,0.00250,0.022,1,TRACKING,ok,10.012,-7.641,deg/s,joint_states,2.200,7.910,10.990,-6.870,0.881,0.103,-0.066,-0.149,-0.161,6.698,4.260,,pan
assignment3_kp2_t3,10.736,1791456096.502210,255,1791456096.290422,camera_color_optical_frame,1,-0.1566,-0.1305,0.00242,0.013,1,TRACKING,ok,9.462,-7.392,deg/s,joint_states,2.200,7.910,10.990,-6.870,0.892,0.102,-0.071,-0.144,-0.149,6.547,4.515,,pan
assignment3_kp2_t3,10.760,1791456096.529050,256,1791456096.323783,camera_color_optical_frame,1,-0.1470,-0.1275,0.00245,0.011,1,TRACKING,ok,8.884,-7.224,deg/s,joint_states,2.640,7.560,10.990,-6.870,0.891,0.097,-0.072,-0.117,-0.129,6.198,4.617,,pan
assignment3_kp2_t3,10.774,1791456096.540195,256,1791456096.323783,camera_color_optical_frame,1,-0.1470,-0.1275,0.00245,0.025,1,TRACKING,ok,8.884,-7.224,deg/s,joint_states,2.640,7.560,10.990,-6.870,0.892,0.098,-0.071,-0.119,-0.132,6.243,4.554,,pan
assignment3_kp2_t3,10.800,1791456096.567211,257,1791456096.357144,camera_color_optical_frame,1,-0.1359,-0.1206,0.00250,0.017,1,TRACKING,ok,8.214,-6.834,deg/s,joint_states,2.810,7.380,10.990,-8.240,0.876,0.097,-0.068,-0.116,-0.131,6.311,4.400,,pan
assignment3_kp2_t3,10.814,1791456096.579551,257,1791456096.357144,camera_color_optical_frame,1,-0.1359,-0.1206,0.00250,0.031,1,TRACKING,ok,8.214,-6.834,deg/s,joint_states,3.250,7.030,9.620,-8.240,0.876,0.098,-0.067,-0.103,-0.119,6.360,4.327,,pan
assignment3_kp2_t3,10.839,1791456096.605316,258,1791456096.390506,camera_color_optical_frame,1,-0.1248,-0.1118,0.00244,0.019,1,TRACKING,ok,7.544,-6.334,deg/s,joint_states,3.250,7.030,9.620,-8.240,0.873,0.094,-0.072,-0.097,-0.103,6.176,4.679,,pan
assignment3_kp2_t3,10.855,1791456096.621310,259,1791456096.423867,camera_color_optical_frame,1,-0.1128,-0.1017,0.00243,0.008,1,TRACKING,ok,6.819,-5.762,deg/s,joint_states,3.600,6.770,9.620,-6.870,0.881,0.089,-0.081,-0.072,-0.067,5.793,5.251,,pan
assignment3_kp2_t3,10.874,1791456096.639293,259,1791456096.423867,camera_color_optical_frame,1,-0.1128,-0.1017,0.00243,0.026,1,TRACKING,ok,6.819,-5.762,deg/s,joint_states,3.600,6.770,9.620,-6.870,0.881,0.090,-0.081,-0.073,-0.067,5.806,5.237,,pan
assignment3_kp2_t3,10.894,1791456096.660651,260,1791456096.457228,camera_color_optical_frame,1,-0.0993,-0.0902,0.00247,0.007,1,TRACKING,ok,6.008,-5.115,deg/s,joint_states,4.130,6.590,9.620,-5.500,0.896,0.088,-0.082,-0.049,-0.062,5.612,5.177,,pan
assignment3_kp2_t3,10.914,1791456096.680719,260,1791456096.457228,camera_color_optical_frame,1,-0.0993,-0.0902,0.00247,0.027,1,TRACKING,ok,6.008,-5.115,deg/s,joint_states,4.130,6.590,9.620,-5.500,0.897,0.088,-0.081,-0.049,-0.063,5.610,5.158,,pan
assignment3_kp2_t3,10.940,1791456096.706684,261,1791456096.490589,camera_color_optical_frame,1,-0.0849,-0.0741,0.00250,0.016,1,TRACKING,ok,5.140,-4.203,deg/s,joint_states,4.220,6.420,9.620,-5.500,0.877,0.081,-0.085,-0.035,-0.039,5.274,5.529,,pan
assignment3_kp2_t3,10.954,1791456096.719354,261,1791456096.490589,camera_color_optical_frame,1,-0.0849,-0.0741,0.00250,0.031,1,TRACKING,ok,5.140,-4.203,deg/s,joint_states,4.310,6.330,8.240,-5.500,0.877,0.081,-0.085,-0.031,-0.035,5.255,5.536,,pan
assignment3_kp2_t3,10.974,1791456096.742593,262,1791456096.523950,camera_color_optical_frame,1,-0.0705,-0.0549,0.00249,0.013,1,TRACKING,ok,4.269,-3.114,deg/s,joint_states,4.570,6.150,8.240,-5.500,0.862,0.075,-0.097,-0.013,0.010,4.981,6.383,,pan
assignment3_kp2_t3,10.993,1791456096.764303,262,1791456096.523950,camera_color_optical_frame,1,-0.0705,-0.0549,0.00249,0.033,1,TRACKING,ok,4.269,-3.114,deg/s,joint_states,4.750,5.890,6.870,-5.500,0.861,0.074,-0.098,-0.006,0.025,4.936,6.454,,pan
assignment3_kp2_t3,11.015,1791456096.780201,263,1791456096.557311,camera_color_optical_frame,1,-0.0538,-0.0346,0.00252,0.009,1,TRACKING,ok,3.256,0.000,deg/s,joint_states,4.830,5.800,5.500,-5.500,0.897,0.071,-0.107,0.011,0.044,4.505,6.787,,pan
assignment3_kp2_t3,11.034,1791456096.798597,264,1791456096.590673,camera_color_optical_frame,1,-0.0366,-0.0124,0.00253,0.008,1,TRACKING,ok,2.215,0.000,deg/s,joint_states,4.830,5.800,5.500,-5.500,0.875,0.059,-0.114,0.031,0.071,3.875,7.399,,pan
assignment3_kp2_t3,11.055,1791456096.820602,264,1791456096.590673,camera_color_optical_frame,1,-0.0366,-0.0124,0.00253,0.029,1,TRACKING,ok,2.215,0.000,deg/s,joint_states,5.100,5.620,4.120,-4.120,0.875,0.057,-0.116,0.044,0.085,3.751,7.537,,pan
assignment3_kp2_t3,11.080,1791456096.845993,265,1791456096.624034,camera_color_optical_frame,1,-0.0178,0.0103,0.00256,0.016,1,TRACKING,ok,0.000,0.000,deg/s,joint_states,5.190,5.540,4.120,-4.120,0.863,0.054,-0.130,0.053,0.134,3.573,8.566,,pan
assignment3_kp2_t3,11.095,1791456096.859352,265,1791456096.624034,camera_color_optical_frame,1,-0.0178,0.0103,0.00256,0.031,1,TRACKING,ok,0.000,0.000,deg/s,joint_states,5.270,5.450,4.120,-4.120,0.861,0.052,-0.132,0.059,0.144,3.481,8.713,,pan
assignment3_kp2_t3,11.115,1791456096.882756,266,1791456096.657395,camera_color_optical_frame,1,0.0005,0.0396,0.00255,0.004,1,TRACKING,ok,0.000,0.000,deg/s,joint_states,5.360,5.450,4.120,-4.120,0.860,0.050,-0.135,0.066,0.153,3.352,8.920,,pan
assignment3_kp2_t3,11.133,1791456096.904313,266,1791456096.657395,camera_color_optical_frame,1,0.0005,0.0396,0.00255,0.022,1,TRACKING,ok,0.000,0.000,deg/s,joint_states,5.450,5.450,4.120,-1.370,0.868,0.045,-0.148,0.081,0.186,2.960,9.647,,pan
assignment3_kp2_t3,11.157,1791456096.923504,267,1791456096.724118,camera_color_optical_frame,1,0.0387,0.0946,0.00254,0.008,1,TRACKING,ok,-2.345,5.365,deg/s,joint_states,5.450,5.450,4.120,-1.370,0.882,0.029,-0.157,0.117,0.206,1.867,10.096,,pan
assignment3_kp2_t3,11.174,1791456096.938751,268,1791456096.757479,camera_color_optical_frame,1,0.0604,0.1185,0.00226,0.004,1,TRACKING,ok,-3.655,6.715,deg/s,joint_states,5.360,5.450,2.750,0.000,0.876,0.052,-0.123,0.064,0.112,3.409,7.994,,pan
assignment3_kp2_t3,11.193,1791456096.959773,268,1791456096.757479,camera_color_optical_frame,1,0.0604,0.1185,0.00226,0.024,1,TRACKING,ok,-3.655,6.715,deg/s,joint_states,5.450,5.450,0.000,0.000,0.876,0.052,-0.123,0.067,0.112,3.409,7.994,,pan
assignment3_kp2_t3,11.213,1791456096.978773,269,1791456096.790841,camera_color_optical_frame,1,0.0834,0.1484,0.00235,0.002,1,TRACKING,ok,-5.048,8.407,deg/s,joint_states,5.450,5.450,0.000,0.000,0.876,0.052,-0.123,0.067,0.112,3.409,7.994,,pan
assignment3_kp2_t3,11.238,1791456097.005306,269,1791456096.790841,camera_color_optical_frame,1,0.0834,0.1484,0.00235,0.027,1,TRACKING,ok,-5.048,8.407,deg/s,joint_states,5.450,5.450,0.000,0.000,0.842,-0.006,-0.168,0.191,0.261,-0.392,11.283,,pan
assignment3_kp2_t3,11.254,1791456097.019745,270,1791456096.824202,camera_color_optical_frame,1,0.1084,0.1791,0.00237,0.002,1,TRACKING,ok,-6.555,10.138,deg/s,joint_states,5.450,5.540,0.000,0.000,0.840,-0.010,-0.171,0.199,0.266,-0.652,11.496,,pan
assignment3_kp2_t3,11.276,1791456097.041797,270,1791456096.824202,camera_color_optical_frame,1,0.1084,0.1791,0.00237,0.025,1,TRACKING,ok,-6.555,10.138,deg/s,joint_states,5.360,5.620,0.000,0.000,0.822,-0.020,-0.185,0.221,0.318,-1.417,12.700,,pan
assignment3_kp2_t3,11.294,1791456097.058270,270,1791456096.824202,camera_color_optical_frame,1,0.1084,0.1791,0.00237,0.042,1,TRACKING,ok,-6.555,10.138,deg/s,joint_states,5.270,5.710,-1.370,2.750,0.819,-0.025,-0.189,0.228,0.327,-1.735,13.002,,pan
assignment3_kp2_t3,11.314,1791456097.082267,271,1791456096.857564,camera_color_optical_frame,1,0.1292,0.2003,0.00236,0.016,1,TRACKING,ok,-7.807,11.338,deg/s,joint_states,5.270,5.710,-1.370,2.750,0.884,-0.026,-0.197,0.227,0.308,-1.678,12.566,,pan
assignment3_kp2_t3,11.334,1791456097.102409,272,1791456096.890925,camera_color_optical_frame,1,0.1449,0.2177,0.00239,0.008,1,TRACKING,ok,-8.754,12.317,deg/s,joint_states,5.100,5.890,-2.750,4.120,0.885,-0.031,-0.202,0.231,0.312,-1.989,12.833,,pan
assignment3_kp2_t3,11.354,1791456097.118094,272,1791456096.890925,camera_color_optical_frame,1,0.1449,0.2177,0.00239,0.027,1,TRACKING,ok,-8.754,12.317,deg/s,joint_states,4.920,6.060,-5.500,4.120,0.895,-0.027,-0.198,0.217,0.287,-1.751,12.452,,pan
assignment3_kp2_t3,11.376,1791456097.144210,273,1791456096.924287,camera_color_optical_frame,1,0.1614,0.2362,0.00253,0.018,1,TRACKING,ok,-9.745,13.356,deg/s,joint_states,4.830,6.240,-5.500,4.120,0.865,-0.030,-0.197,0.223,0.295,-2.008,12.822,,pan
assignment3_kp2_t3,11.392,1791456097.157579,273,1791456096.924287,camera_color_optical_frame,1,0.1614,0.2362,0.00253,0.034,1,TRACKING,ok,-9.745,13.356,deg/s,joint_states,4.830,6.240,-5.500,4.120,0.864,-0.034,-0.200,0.230,0.304,-2.234,13.014,,pan
assignment3_kp2_t3,11.414,1791456097.182226,274,1791456096.957649,camera_color_optical_frame,1,0.1793,0.2479,0.00247,0.017,1,TRACKING,ok,-10.824,14.012,deg/s,joint_states,4.480,6.680,-5.500,8.240,0.856,-0.044,-0.193,0.241,0.272,-2.918,12.714,,pan
assignment3_kp2_t3,11.435,1791456097.200997,275,1791456096.991010,camera_color_optical_frame,1,0.1977,0.2627,0.00246,0.006,1,TRACKING,ok,-11.924,14.844,deg/s,joint_states,4.480,6.680,-5.500,8.240,0.840,-0.055,-0.194,0.268,0.283,-3.750,12.951,,pan
assignment3_kp2_t3,11.454,1791456097.219923,275,1791456096.991010,camera_color_optical_frame,1,0.1977,0.2627,0.00246,0.024,1,TRACKING,ok,-11.924,14.844,deg/s,joint_states,4.130,7.210,-6.870,10.990,0.838,-0.060,-0.196,0.267,0.268,-4.081,13.134,,pan
assignment3_kp2_t3,11.473,1791456097.237399,276,1791456097.057733,camera_color_optical_frame,1,0.2281,0.2837,0.00232,0.002,1,TRACKING,ok,-13.745,16.023,deg/s,joint_states,3.960,7.470,-8.240,10.990,0.875,-0.074,-0.217,0.287,0.290,-4.862,13.857,,pan
assignment3_kp2_t3,11.493,1791456097.259746,276,1791456097.057733,camera_color_optical_frame,1,0.2281,0.2837,0.00232,0.022,1,TRACKING,ok,-13.745,16.023,deg/s,joint_states,3.690,7.820,-8.240,12.370,0.876,-0.080,-0.221,0.290,0.284,-5.227,14.079,,pan
assignment3_kp2_t3,11.513,1791456097.282083,276,1791456097.057733,camera_color_optical_frame,1,0.2281,0.2837,0.00232,0.042,1,TRACKING,ok,-13.745,16.023,deg/s,joint_states,3.520,8.090,-8.240,12.370,0.877,-0.086,-0.225,0.297,0.283,-5.617,14.315,,pan
assignment3_kp2_t3,11.537,1791456097.302211,277,1791456097.091095,camera_color_optical_frame,1,0.2439,0.2831,0.00230,0.015,1,TRACKING,ok,-14.685,15.988,deg/s,joint_states,3.340,8.350,-9.620,13.740,0.867,-0.032,-0.182,0.177,0.157,-2.104,11.847,,pan
assignment3_kp2_t3,11.553,1791456097.317760,277,1791456097.091095,camera_color_optical_frame,1,0.2439,0.2831,0.00230,0.031,1,TRACKING,ok,-14.685,15.988,deg/s,joint_states,3.160,8.610,-9.620,13.740,0.867,-0.032,-0.182,0.171,0.145,-2.104,11.847,,pan
assignment3_kp2_t3,11.573,1791456097.340747,278,1791456097.124457,camera_color_optical_frame,1,0.2564,0.2735,0.00226,0.015,1,TRACKING,ok,-15.429,15.448,deg/s,joint_states,3.160,8.610,-9.620,13.740,0.849,-0.097,-0.190,0.316,0.181,-6.538,12.543,,pan
assignment3_kp2_t3,11.593,1791456097.360078,278,1791456097.124457,camera_color_optical_frame,1,0.2564,0.2735,0.00226,0.034,1,TRACKING,ok,-15.429,15.448,deg/s,joint_states,2.640,9.230,-9.620,15.110,0.848,-0.103,-0.191,0.311,0.156,-6.891,12.595,,pan
assignment3_kp2_t3,11.614,1791456097.382475,279,1791456097.157819,camera_color_optical_frame,1,0.2651,0.2616,0.00226,0.012,1,TRACKING,ok,-15.949,14.784,deg/s,joint_states,2.370,9.580,-9.620,15.110,0.846,-0.104,-0.191,0.306,0.142,-7.038,12.633,,pan
assignment3_kp2_t3,11.633,1791456097.400878,279,1791456097.157819,camera_color_optical_frame,1,0.2651,0.2616,0.00226,0.031,1,TRACKING,ok,-15.949,14.784,deg/s,joint_states,2.110,9.930,-12.370,15.110,0.844,-0.109,-0.192,0.309,0.129,-7.378,12.683,,pan
assignment3_kp2_t3,11.655,1791456097.421770,280,1791456097.224542,camera_color_optical_frame,1,0.2764,0.2262,0.00221,0.006,0,TRACKING,ok,-16.615,12.792,deg/s,joint_states,1.760,10.280,-13.740,15.110,0.497,-0.048,-0.115,0.235,0.122,-5.488,12.943,,pan
assignment3_kp2_t3,11.674,1791456097.442572,281,1791456097.324623,camera_color_optical_frame,1,0.2890,0.1758,0.00231,0.009,0,TRACKING,ok,-17.361,9.955,deg/s,joint_states,1.760,10.280,-13.740,15.110,0.587,-0.079,-0.139,0.305,0.138,-7.640,13.242,,pan
assignment3_kp2_t3,11.692,1791456097.460249,281,1791456097.324623,camera_color_optical_frame,1,0.2890,0.1758,0.00231,0.028,0,TRACKING,ok,-17.361,9.955,deg/s,joint_states,1.490,10.550,-13.740,15.110,0.587,-0.081,-0.140,0.305,0.129,-7.906,13.297,,pan
assignment3_kp2_t3,11.713,1791456097.482309,282,1791456097.357981,camera_color_optical_frame,1,0.2909,0.1641,0.00225,0.014,0,TRACKING,ok,-17.479,9.293,deg/s,joint_states,0.790,11.160,-15.110,15.110,0.588,-0.068,-0.139,0.240,0.094,-6.617,13.178,,pan
assignment3_kp2_t3,11.737,1791456097.506960,283,1791456097.391339,camera_color_optical_frame,1,0.2950,0.1518,0.00227,0.011,1,TRACKING,ok,-17.717,8.600,deg/s,joint_states,0.790,11.160,-15.110,15.110,0.907,-0.110,-0.212,0.250,0.087,-6.927,13.028,,pan
assignment3_kp2_t3,11.754,1791456097.519221,283,1791456097.391339,camera_color_optical_frame,1,0.2950,0.1518,0.00227,0.029,1,TRACKING,ok,-17.717,8.600,deg/s,joint_states,0.530,11.430,-15.110,15.110,0.916,-0.111,-0.213,0.242,0.075,-6.941,13.030,,pan
assignment3_kp2_t3,11.774,1791456097.545479,284,1791456097.424693,camera_color_optical_frame,1,0.2996,0.1429,0.00227,0.015,1,TRACKING,ok,-17.989,8.094,deg/s,joint_states,0.260,11.690,-13.740,13.740,0.907,-0.121,-0.217,0.254,0.077,-7.593,13.320,,pan
assignment3_kp2_t3,11.792,1791456097.557213,284,1791456097.424693,camera_color_optical_frame,1,0.2996,0.1429,0.00227,0.033,1,TRACKING,ok,-17.989,8.094,deg/s,joint_states,-0.440,12.220,-15.110,12.370,0.916,-0.122,-0.219,0.232,0.053,-7.610,13.322,,pan
assignment3_kp2_t3,11.815,1791456097.581115,285,1791456097.458047,camera_color_optical_frame,1,0.3017,0.1339,0.00225,0.019,1,TRACKING,ok,-18.113,7.584,deg/s,joint_states,-0.440,12.220,-15.110,12.370,0.905,-0.133,-0.222,0.255,0.068,-8.342,13.633,,pan
assignment3_kp2_t3,11.838,1791456097.602479,286,1791456097.491401,camera_color_optical_frame,1,0.3010,0.1242,0.00225,0.005,1,TRACKING,ok,-18.070,7.040,deg/s,joint_states,-1.230,12.570,-16.490,10.990,0.916,-0.135,-0.225,0.231,0.052,-8.379,13.642,,pan
assignment3_kp2_t3,11.854,1791456097.622243,286,1791456097.491401,camera_color_optical_frame,1,0.3010,0.1242,0.00225,0.021,1,TRACKING,ok,-18.070,7.040,deg/s,joint_states,-1.490,12.830,-16.490,9.620,0.824,-0.155,-0.221,0.295,0.093,-10.663,14.759,,pan
assignment3_kp2_t3,11.872,1791456097.636992,286,1791456097.491401,camera_color_optical_frame,1,0.3010,0.1242,0.00225,0.039,1,TRACKING,ok,-18.070,7.040,deg/s,joint_states,-1.930,12.920,-17.860,9.620,0.821,-0.159,-0.222,0.291,0.095,-10.968,14.895,,pan
assignment3_kp2_t3,11.893,1791456097.659053,287,1791456097.524755,camera_color_optical_frame,1,0.2902,0.1138,0.00219,0.018,1,TRACKING,ok,-17.434,6.451,deg/s,joint_states,-2.290,13.180,-17.860,9.620,0.835,-0.150,-0.226,0.253,0.081,-10.165,14.880,,pan
assignment3_kp2_t3,11.914,1791456097.678916,288,1791456097.558109,camera_color_optical_frame,1,0.2764,0.1023,0.00218,0.002,1,TRACKING,ok,-16.615,5.797,deg/s,joint_states,-2.640,13.360,-17.860,9.620,0.834,-0.153,-0.228,0.249,0.079,-10.385,15.019,,pan
assignment3_kp2_t3,11.933,1791456097.699768,288,1791456097.558109,camera_color_optical_frame,1,0.2764,0.1023,0.00218,0.022,1,TRACKING,ok,-16.615,5.797,deg/s,joint_states,-3.080,13.450,-17.860,8.240,0.834,-0.145,-0.222,0.217,0.060,-9.832,14.722,,pan
assignment3_kp2_t3,11.955,1791456097.719757,288,1791456097.558109,camera_color_optical_frame,1,0.2764,0.1023,0.00218,0.043,1,TRACKING,ok,-16.615,5.797,deg/s,joint_states,-3.340,13.620,-17.860,6.870,0.833,-0.146,-0.224,0.212,0.057,-9.966,14.818,,pan
assignment3_kp2_t3,11.974,1791456097.740545,289,1791456097.591463,camera_color_optical_frame,1,0.2590,0.0913,0.00212,0.017,1,TRACKING,ok,-15.585,5.177,deg/s,joint_states,-3.690,13.710,-17.860,5.500,0.832,-0.141,-0.222,0.189,0.049,-9.593,14.736,,pan
assignment3_kp2_t3,11.993,1791456097.757913,289,1791456097.591463,camera_color_optical_frame,1,0.2590,0.0913,0.00212,0.035,1,TRACKING,ok,-15.585,5.177,deg/s,joint_states,-4.040,13.890,-16.490,5.500,0.831,-0.142,-0.223,0.180,0.043,-9.663,14.800,,pan
assignment3_kp2_t3,12.017,1791456097.781525,290,1791456097.624817,camera_color_optical_frame,1,0.2411,0.0781,0.00209,0.021,1,TRACKING,ok,-14.517,4.428,deg/s,joint_states,-4.390,13.970,-16.490,5.500,0.824,-0.141,-0.217,0.171,0.028,-9.722,14.546,,pan
assignment3_kp2_t3,12.035,1791456097.799746,291,1791456097.658171,camera_color_optical_frame,1,0.2222,0.0695,0.00214,0.010,1,TRACKING,ok,-13.389,3.939,deg/s,joint_states,-4.750,14.060,-16.490,5.500,0.833,-0.139,-0.222,0.150,0.032,-9.449,14.747,,pan
assignment3_kp2_t3,12.056,1791456097.821629,291,1791456097.658171,camera_color_optical_frame,1,0.2222,0.0695,0.00214,0.032,1,TRACKING,ok,-13.389,3.939,deg/s,joint_states,-5.100,14.150,-16.490,5.500,0.833,-0.139,-0.223,0.140,0.031,-9.491,14.805,,pan
assignment3_kp2_t3,12.072,1791456097.840188,292,1791456097.691525,camera_color_optical_frame,1,0.2032,0.0603,0.00209,0.009,1,TRACKING,ok,-12.258,3.418,deg/s,joint_states,-5.100,14.150,-16.490,5.500,0.846,-0.138,-0.226,0.133,0.028,-9.255,14.754,,pan
assignment3_kp2_t3,12.093,1791456097.859612,292,1791456097.691525,camera_color_optical_frame,1,0.2032,0.0603,0.00209,0.030,1,TRACKING,ok,-12.258,3.418,deg/s,joint_states,-5.360,14.330,-15.110,5.500,0.847,-0.138,-0.227,0.125,0.022,-9.264,14.805,,pan
assignment3_kp2_t3,12.116,1791456097.881687,293,1791456097.724879,camera_color_optical_frame,1,0.1839,0.0512,0.00210,0.012,1,TRACKING,ok,-11.098,2.902,deg/s,joint_states,-5.980,14.500,-15.110,4.120,0.837,-0.134,-0.219,0.100,0.000,-9.106,14.488,,pan
assignment3_kp2_t3,12.135,1791456097.900635,293,1791456097.724879,camera_color_optical_frame,1,0.1839,0.0512,0.00210,0.032,1,TRACKING,ok,-11.098,2.902,deg/s,joint_states,-6.420,14.500,-15.110,4.120,0.837,-0.134,-0.219,0.086,0.001,-9.100,14.498,,pan
assignment3_kp2_t3,12.154,1791456097.921721,294,1791456097.758233,camera_color_optical_frame,1,0.1648,0.0402,0.00209,0.008,1,TRACKING,ok,-9.952,0.000,deg/s,joint_states,-6.680,14.500,-13.740,2.750,0.825,-0.130,-0.212,0.072,-0.010,-8.929,14.258,,pan
assignment3_kp2_t3,12.175,1791456097.940031,294,1791456097.758233,camera_color_optical_frame,1,0.1648,0.0402,0.00209,0.028,1,TRACKING,ok,-9.952,0.000,deg/s,joint_states,-6.940,14.500,-13.740,1.370,0.824,-0.129,-0.212,0.063,-0.011,-8.905,14.245,,pan
assignment3_kp2_t3,12.194,1791456097.959736,295,1791456097.791587,camera_color_optical_frame,1,0.1462,0.0299,0.00213,0.013,1,TRACKING,ok,-8.832,0.000,deg/s,joint_states,-7.210,14.500,-13.740,0.000,0.827,-0.133,-0.209,0.062,-0.022,-9.157,13.984,,pan
assignment3_kp2_t3,12.216,1791456097.984276,295,1791456097.791587,camera_color_optical_frame,1,0.1462,0.0299,0.00213,0.034,1,TRACKING,ok,-8.832,0.000,deg/s,joint_states,-7.470,14.680,-13.740,1.370,0.826,-0.133,-0.208,0.054,-0.032,-9.157,13.945,,pan
assignment3_kp2_t3,12.232,1791456097.997757,296,1791456097.824941,camera_color_optical_frame,1,0.1291,0.0186,0.00214,0.010,1,TRACKING,ok,-7.804,0.000,deg/s,joint_states,-7.650,14.680,-12.370,1.370,0.832,-0.132,-0.211,0.043,-0.027,-8.990,14.072,,pan
assignment3_kp2_t3,12.256,1791456098.020789,296,1791456097.824941,camera_color_optical_frame,1,0.1291,0.0186,0.00214,0.033,1,TRACKING,ok,-7.804,0.000,deg/s,joint_states,-7.820,14.680,-10.990,1.370,0.832,-0.131,-0.211,0.037,-0.028,-8.977,14.044,,pan
assignment3_kp2_t3,12.273,1791456098.038734,297,1791456097.858295,camera_color_optical_frame,1,0.1120,0.0119,0.00215,0.011,1,TRACKING,ok,-6.774,0.000,deg/s,joint_states,-8.090,14.680,-9.620,1.370,0.825,-0.130,-0.211,0.028,-0.021,-8.973,14.203,,pan
assignment3_kp2_t3,12.296,1791456098.062286,297,1791456097.858295,camera_color_optical_frame,1,0.1120,0.0119,0.00215,0.034,1,TRACKING,ok,-6.774,0.000,deg/s,joint_states,-8.260,14.680,-9.620,0.000,0.824,-0.130,-0.211,0.022,-0.021,-8.956,14.195,,pan
assignment3_kp2_t3,12.312,1791456098.078581,298,1791456097.891649,camera_color_optical_frame,1,0.0948,0.0087,0.00220,0.009,1,TRACKING,ok,-5.734,0.000,deg/s,joint_states,-8.440,14.680,-9.620,0.000,0.817,-0.135,-0.206,0.030,-0.031,-9.378,13.978,,pan
assignment3_kp2_t3,12.335,1791456098.100890,298,1791456097.891649,camera_color_optical_frame,1,0.0948,0.0087,0.00220,0.031,1,TRACKING,ok,-5.734,0.000,deg/s,joint_states,-8.610,14.770,-8.240,0.000,0.816,-0.135,-0.205,0.025,-0.036,-9.405,13.951,,pan
assignment3_kp2_t3,12.353,1791456098.118866,299,1791456097.925003,camera_color_optical_frame,1,0.0797,0.0013,0.00219,0.012,1,TRACKING,ok,-4.821,0.000,deg/s,joint_states,-8.700,14.680,-8.240,0.000,0.829,-0.133,-0.200,0.014,-0.058,-9.142,13.374,,pan
assignment3_kp2_t3,12.375,1791456098.141016,299,1791456097.925003,camera_color_optical_frame,1,0.0797,0.0013,0.00219,0.034,1,TRACKING,ok,-4.821,0.000,deg/s,joint_states,-8.700,14.680,-8.240,0.000,0.829,-0.133,-0.198,0.014,-0.061,-9.145,13.297,,pan
assignment3_kp2_t3,12.393,1791456098.158764,300,1791456097.958357,camera_color_optical_frame,1,0.0673,-0.0082,0.00225,0.011,1,TRACKING,ok,-4.071,0.000,deg/s,joint_states,-9.050,14.680,-6.870,0.000,0.838,-0.136,-0.203,0.004,-0.055,-9.186,13.426,,pan
assignment3_kp2_t3,12.414,1791456098.181716,300,1791456097.958357,camera_color_optical_frame,1,0.0673,-0.0082,0.00225,0.032,1,TRACKING,ok,-4.071,0.000,deg/s,joint_states,-9.140,14.770,-5.500,0.000,0.839,-0.136,-0.202,0.002,-0.062,-9.188,13.365,,pan
assignment3_kp2_t3,12.434,1791456098.199106,301,1791456097.991710,camera_color_optical_frame,1,0.0555,-0.0123,0.00228,0.010,1,TRACKING,ok,-3.360,0.000,deg/s,joint_states,-9.230,14.680,-5.500,0.000,0.824,-0.131,-0.201,-0.007,-0.051,-9.012,13.521,,pan
assignment3_kp2_t3,12.454,1791456098.220759,301,1791456097.991710,camera_color_optical_frame,1,0.0555,-0.0123,0.00228,0.031,1,TRACKING,ok,-3.360,0.000,deg/s,joint_states,-9.230,14.680,-5.500,0.000,0.824,-0.131,-0.200,-0.007,-0.053,-9.004,13.482,,pan
assignment3_kp2_t3,12.475,1791456098.239948,302,1791456098.025064,camera_color_optical_frame,1,0.0444,-0.0151,0.00226,0.014,1,TRACKING,ok,-2.689,0.000,deg/s,joint_states,-9.490,14.680,-4.120,0.000,0.806,-0.128,-0.193,-0.016,-0.059,-9.005,13.346,,pan
assignment3_kp2_t3,12.493,1791456098.260507,302,1791456098.025064,camera_color_optical_frame,1,0.0444,-0.0151,0.00226,0.031,1,TRACKING,ok,-2.689,0.000,deg/s,joint_states,-9.490,14.680,-4.120,0.000,0.804,-0.127,-0.192,-0.016,-0.061,-8.994,13.304,,pan
assignment3_kp2_t3,12.513,1791456098.278161,303,1791456098.058418,camera_color_optical_frame,1,0.0356,-0.0166,0.00233,0.010,1,TRACKING,ok,-2.156,0.000,deg/s,joint_states,-9.670,14.680,-5.500,0.000,0.834,-0.137,-0.204,-0.011,-0.049,-9.338,13.560,,pan
assignment3_kp2_t3,12.533,1791456098.297659,303,1791456098.058418,camera_color_optical_frame,1,0.0356,-0.0166,0.00233,0.030,1,TRACKING,ok,-2.156,0.000,deg/s,joint_states,-9.760,14.680,-4.120,0.000,0.834,-0.137,-0.203,-0.013,-0.050,-9.356,13.536,,pan
assignment3_kp2_t3,12.554,1791456098.327583,304,1791456098.091772,camera_color_optical_frame,1,0.0295,-0.0181,0.00236,0.012,1,TRACKING,ok,0.000,0.000,deg/s,joint_states,-9.840,14.680,-4.120,0.000,0.847,-0.139,-0.208,-0.016,-0.046,-9.339,13.641,,pan
assignment3_kp2_t3,12.578,1791456098.343148,305,1791456098.125125,camera_color_optical_frame,1,0.0260,-0.0198,0.00236,0.003,1,TRACKING,ok,0.000,0.000,deg/s,joint_states,-9.840,14.770,-2.750,0.000,0.818,-0.140,-0.199,-0.004,-0.057,-9.731,13.467,,pan
assignment3_kp2_t3,12.595,1791456098.362021,305,1791456098.125125,camera_color_optical_frame,1,0.0260,-0.0198,0.00236,0.020,1,TRACKING,ok,0.000,0.000,deg/s,joint_states,-9.840,14.680,-1.370,0.000,0.817,-0.141,-0.198,-0.002,-0.054,-9.767,13.445,,pan
assignment3_kp2_t3,12.613,1791456098.378126,305,1791456098.125125,camera_color_optical_frame,1,0.0260,-0.0198,0.00236,0.037,1,TRACKING,ok,0.000,0.000,deg/s,joint_states,-9.840,14.680,-1.370,0.000,0.816,-0.141,-0.198,-0.001,-0.055,-9.804,13.422,,pan
assignment3_kp2_t3,12.636,1791456098.403017,306,1791456098.191833,camera_color_optical_frame,1,0.0232,-0.0190,0.00239,0.015,1,TRACKING,ok,0.000,0.000,deg/s,joint_states,-9.930,14.680,-1.370,0.000,0.807,-0.155,-0.206,0.029,-0.025,-10.850,14.103,,pan
assignment3_kp2_t3,12.656,1791456098.421687,307,1791456098.225187,camera_color_optical_frame,1,0.0235,-0.0184,0.00241,0.008,1,TRACKING,ok,0.000,0.000,deg/s,joint_states,-10.020,14.680,-1.370,0.000,0.822,-0.143,-0.205,-0.006,-0.038,-9.838,13.818,,pan
assignment3_kp2_t3,12.676,1791456098.441535,307,1791456098.225187,camera_color_optical_frame,1,0.0235,-0.0184,0.00241,0.027,1,TRACKING,ok,0.000,0.000,deg/s,joint_states,-10.020,14.770,-1.370,0.000,0.822,-0.143,-0.205,-0.006,-0.042,-9.838,13.818,,pan
assignment3_kp2_t3,12.692,1791456098.456912,307,1791456098.225187,camera_color_optical_frame,1,0.0235,-0.0184,0.00241,0.044,1,TRACKING,ok,0.000,0.000,deg/s,joint_states,-10.020,14.770,0.000,0.000,0.822,-0.143,-0.205,-0.006,-0.042,-9.838,13.818,,pan
assignment3_kp2_t3,12.714,1791456098.479630,308,1791456098.258540,camera_color_optical_frame,1,0.0262,-0.0177,0.00236,0.017,1,TRACKING,ok,0.000,0.000,deg/s,joint_states,-10.020,14.770,0.000,0.000,0.794,-0.161,-0.197,0.046,-0.049,-11.454,13.652,,pan
assignment3_kp2_t3,12.734,1791456098.498552,309,1791456098.291881,camera_color_optical_frame,1,0.0345,-0.0169,0.00233,0.008,1,TRACKING,ok,-2.086,0.000,deg/s,joint_states,-10.020,14.770,0.000,0.000,0.792,-0.175,-0.199,0.079,-0.044,-12.474,13.771,,pan
assignment3_kp2_t3,12.754,1791456098.518593,309,1791456098.291881,camera_color_optical_frame,1,0.0345,-0.0169,0.00233,0.028,1,TRACKING,ok,-2.086,0.000,deg/s,joint_states,-10.020,14.770,0.000,0.000,0.790,-0.178,-0.198,0.085,-0.044,-12.673,13.766,,pan
assignment3_kp2_t3,12.778,1791456098.543270,310,1791456098.325239,camera_color_optical_frame,1,0.0465,-0.0150,0.00233,0.003,1,TRACKING,ok,-2.816,0.000,deg/s,joint_states,-10.020,14.770,0.000,0.000,0.802,-0.192,-0.209,0.110,-0.023,-13.454,14.230,,pan
assignment3_kp2_t3,12.797,1791456098.561879,310,1791456098.325239,camera_color_optical_frame,1,0.0465,-0.0150,0.00233,0.023,1,TRACKING,ok,-2.816,0.000,deg/s,joint_states,-10.020,14.770,0.000,0.000,0.801,-0.195,-0.209,0.118,-0.021,-13.689,14.259,,pan
assignment3_kp2_t3,12.813,1791456098.577567,311,1791456098.358597,camera_color_optical_frame,1,0.0574,-0.0141,0.00231,0.012,1,TRACKING,ok,-3.473,0.000,deg/s,joint_states,-10.020,14.680,0.000,0.000,0.801,-0.199,-0.207,0.127,-0.026,-13.986,14.048,,pan
assignment3_kp2_t3,12.834,1791456098.599761,311,1791456098.358597,camera_color_optical_frame,1,0.0574,-0.0141,0.00231,0.033,1,TRACKING,ok,-3.473,0.000,deg/s,joint_states,-10.110,14.770,0.000,0.000,0.800,-0.203,-0.207,0.133,-0.030,-14.252,14.064,,pan
assignment3_kp2_t3,12.854,1791456098.619917,312,1791456098.391955,camera_color_optical_frame,1,0.0732,-0.0129,0.00228,0.011,1,TRACKING,ok,-4.428,0.000,deg/s,joint_states,-10.200,14.680,0.000,0.000,0.801,-0.218,-0.205,0.161,-0.035,-15.207,13.845,,pan
assignment3_kp2_t3,12.875,1791456098.640035,312,1791456098.391955,camera_color_optical_frame,1,0.0732,-0.0129,0.00228,0.032,1,TRACKING,ok,-4.428,0.000,deg/s,joint_states,-10.200,14.680,-1.370,0.000,0.801,-0.222,-0.205,0.171,-0.035,-15.521,13.838,,pan
assignment3_kp2_t3,12.898,1791456098.663701,313,1791456098.458671,camera_color_optical_frame,1,0.1092,-0.0093,0.00226,0.017,1,TRACKING,ok,-6.602,0.000,deg/s,joint_states,-10.200,14.680,-1.370,0.000,0.784,-0.232,-0.212,0.202,-0.003,-16.499,14.520,,pan
assignment3_kp2_t3,12.914,1791456098.679453,313,1791456098.458671,camera_color_optical_frame,1,0.1092,-0.0093,0.00226,0.033,1,TRACKING,ok,-6.602,0.000,deg/s,joint_states,-10.370,14.770,-2.750,0.000,0.783,-0.236,-0.212,0.206,-0.006,-16.780,14.555,,pan
assignment3_kp2_t3,12.933,1791456098.698549,314,1791456098.492029,camera_color_optical_frame,1,0.1267,-0.0098,0.00230,0.014,1,TRACKING,ok,-7.661,0.000,deg/s,joint_states,-10.460,14.770,-2.750,0.000,0.806,-0.194,-0.207,0.099,-0.031,-13.543,14.036,,pan
assignment3_kp2_t3,12.955,1791456098.719722,315,1791456098.525387,camera_color_optical_frame,1,0.1443,-0.0100,0.00229,0.004,1,TRACKING,ok,-8.723,0.000,deg/s,joint_states,-10.630,14.680,-2.750,0.000,0.778,-0.242,-0.202,0.214,-0.030,-17.288,13.899,,pan
assignment3_kp2_t3,12.977,1791456098.745249,316,1791456098.558744,camera_color_optical_frame,1,0.1597,-0.0095,0.00236,0.009,0,TRACKING,ok,-9.648,0.000,deg/s,joint_states,-10.720,14.770,-4.120,0.000,0.476,-0.136,-0.129,0.166,-0.003,-15.899,14.653,,pan
assignment3_kp2_t3,12.997,1791456098.763603,317,1791456098.592103,camera_color_optical_frame,1,0.1711,-0.0101,0.00236,0.008,0,TRACKING,ok,-10.333,0.000,deg/s,joint_states,-10.720,14.770,-4.120,0.000,0.482,-0.141,-0.131,0.179,-0.003,-16.311,14.627,,pan
assignment3_kp2_t3,13.014,1791456098.781231,317,1791456098.592103,camera_color_optical_frame,1,0.1711,-0.0101,0.00236,0.025,0,TRACKING,ok,-10.333,0.000,deg/s,joint_states,-10.810,14.770,-4.120,0.000,0.474,-0.139,-0.129,0.179,-0.002,-16.405,14.652,,pan
assignment3_kp2_t3,13.036,1791456098.802243,319,1791456098.725534,camera_color_optical_frame,1,0.2115,-0.0215,0.00238,0.005,0,TRACKING,ok,-12.751,0.000,deg/s,joint_states,-10.990,14.770,-4.120,0.000,0.557,-0.182,-0.148,0.229,-0.021,-18.115,14.185,,pan
assignment3_kp2_t3,13.053,1791456098.818775,319,1791456098.725534,camera_color_optical_frame,1,0.2115,-0.0215,0.00238,0.022,0,TRACKING,ok,-12.751,0.000,deg/s,joint_states,-11.160,14.770,-4.120,0.000,0.556,-0.188,-0.147,0.242,-0.027,-18.672,14.031,,pan
assignment3_kp2_t3,13.075,1791456098.840281,319,1791456098.725534,camera_color_optical_frame,1,0.2115,-0.0215,0.00238,0.044,0,TRACKING,ok,-12.751,0.000,deg/s,joint_states,-11.160,14.770,-4.120,0.000,0.555,-0.191,-0.146,0.252,-0.029,-18.991,13.991,,pan
assignment3_kp2_t3,13.094,1791456098.858722,320,1791456098.758892,camera_color_optical_frame,1,0.2223,-0.0293,0.00238,0.009,1,TRACKING,ok,-13.396,0.000,deg/s,joint_states,-11.510,14.770,-6.870,0.000,0.786,-0.246,-0.198,0.189,-0.051,-17.379,13.535,,pan
assignment3_kp2_t3,13.115,1791456098.879543,320,1791456098.758892,camera_color_optical_frame,1,0.2223,-0.0293,0.00238,0.030,1,TRACKING,ok,-13.396,0.000,deg/s,joint_states,-11.690,14.680,-6.870,0.000,0.786,-0.246,-0.198,0.183,-0.048,-17.379,13.535,,pan
assignment3_kp2_t3,13.136,1791456098.902469,321,1791456098.792250,camera_color_optical_frame,1,0.2320,-0.0362,0.00243,0.011,1,TRACKING,ok,-13.974,0.000,deg/s,joint_states,-11.950,14.770,-8.240,0.000,0.832,-0.270,-0.206,0.194,-0.064,-17.968,13.249,,pan
assignment3_kp2_t3,13.154,1791456098.923221,321,1791456098.792250,camera_color_optical_frame,1,0.2320,-0.0362,0.00243,0.029,1,TRACKING,ok,-13.974,0.000,deg/s,joint_states,-12.130,14.770,-9.620,0.000,0.840,-0.273,-0.208,0.189,-0.065,-17.980,13.229,,pan
assignment3_kp2_t3,13.179,1791456098.943692,322,1791456098.825608,camera_color_optical_frame,1,0.2422,-0.0438,0.00248,0.013,1,TRACKING,ok,-14.583,0.000,deg/s,joint_states,-12.130,14.770,-9.620,0.000,0.763,-0.281,-0.179,0.264,-0.098,-20.248,12.423,,pan
assignment3_kp2_t3,13.194,1791456098.958690,322,1791456098.825608,camera_color_optical_frame,1,0.2422,-0.0438,0.00248,0.028,1,TRACKING,ok,-14.583,0.000,deg/s,joint_states,-12.660,14.770,-10.990,0.000,0.761,-0.284,-0.178,0.254,-0.103,-20.486,12.329,,pan
assignment3_kp2_t3,13.215,1791456098.980329,323,1791456098.858966,camera_color_optical_frame,1,0.2511,-0.0493,0.00254,0.017,1,TRACKING,ok,-15.113,0.000,deg/s,joint_states,-12.920,14.680,-10.990,0.000,0.758,-0.293,-0.176,0.267,-0.102,-21.132,12.240,,pan
assignment3_kp2_t3,13.233,1791456098.998412,323,1791456098.858966,camera_color_optical_frame,1,0.2511,-0.0493,0.00254,0.035,1,TRACKING,ok,-15.113,0.000,deg/s,joint_states,-13.180,14.770,-12.370,0.000,0.756,-0.297,-0.175,0.269,-0.111,-21.446,12.128,,pan
assignment3_kp2_t3,13.254,1791456099.018559,324,1791456098.892324,camera_color_optical_frame,1,0.2623,-0.0518,0.00276,0.003,1,TRACKING,ok,-15.783,-2.936,deg/s,joint_states,-13.180,14.770,-12.370,0.000,0.756,-0.310,-0.184,0.297,-0.084,-22.321,12.709,,pan
assignment3_kp2_t3,13.273,1791456099.037075,324,1791456098.892324,camera_color_optical_frame,1,0.2623,-0.0518,0.00276,0.022,1,TRACKING,ok,-15.783,-2.936,deg/s,joint_states,-13.620,14.770,-12.370,0.000,0.753,-0.315,-0.184,0.295,-0.086,-22.711,12.663,,pan
assignment3_kp2_t3,13.293,1791456099.058960,325,1791456098.925682,camera_color_optical_frame,1,0.2766,-0.0612,0.00275,0.014,1,TRACKING,ok,-16.630,-3.472,deg/s,joint_states,-13.620,14.770,-12.370,0.000,0.749,-0.330,-0.177,0.330,-0.105,-23.741,12.205,,pan
assignment3_kp2_t3,13.316,1791456099.081772,326,1791456098.959039,camera_color_optical_frame,1,0.2909,-0.0734,0.00270,0.007,1,TRACKING,ok,-17.473,-4.162,deg/s,joint_states,-14.240,14.770,-13.740,0.000,0.720,-0.330,-0.158,0.342,-0.146,-24.664,11.271,,pan
assignment3_kp2_t3,13.335,1791456099.100020,326,1791456098.959039,camera_color_optical_frame,1,0.2909,-0.0734,0.00270,0.026,1,TRACKING,ok,-17.473,-4.162,deg/s,joint_states,-14.590,14.770,-13.740,0.000,0.715,-0.336,-0.155,0.347,-0.154,-25.165,11.088,,pan
assignment3_kp2_t3,13.353,1791456099.117086,327,1791456098.992397,camera_color_optical_frame,1,0.3026,-0.0865,0.00265,0.010,1,TRACKING,ok,-18.167,-4.906,deg/s,joint_states,-14.940,14.680,-13.740,0.000,0.697,-0.329,-0.148,0.339,-0.161,-25.274,10.854,,pan
assignment3_kp2_t3,13.374,1791456099.139214,327,1791456098.992397,camera_color_optical_frame,1,0.3026,-0.0865,0.00265,0.031,1,TRACKING,ok,-18.167,-4.906,deg/s,joint_states,-15.210,14.680,-13.740,0.000,0.690,-0.334,-0.144,0.349,-0.171,-25.829,10.624,,pan
assignment3_kp2_t3,13.393,1791456099.160493,328,1791456099.025755,camera_color_optical_frame,1,0.3124,-0.1000,0.00273,0.011,1,TRACKING,ok,-18.744,-5.670,deg/s,joint_states,-15.210,14.680,-13.740,0.000,0.714,-0.346,-0.151,0.350,-0.165,-25.869,10.758,,pan
assignment3_kp2_t3,13.414,1791456099.180212,328,1791456099.025755,camera_color_optical_frame,1,0.3124,-0.1000,0.00273,0.033,1,TRACKING,ok,-18.744,-5.670,deg/s,joint_states,-15.820,14.500,-15.110,-2.750,0.709,-0.351,-0.148,0.346,-0.166,-26.345,10.574,,pan
assignment3_kp2_t3,13.434,1791456099.199491,329,1791456099.059113,camera_color_optical_frame,1,0.3211,-0.1120,0.00274,0.011,1,TRACKING,ok,-19.255,-6.345,deg/s,joint_states,-16.170,14.330,-15.110,-4.120,0.720,-0.361,-0.149,0.345,-0.161,-26.647,10.503,,pan
assignment3_kp2_t3,13.456,1791456099.221796,329,1791456099.059113,camera_color_optical_frame,1,0.3211,-0.1120,0.00274,0.033,1,TRACKING,ok,-19.255,-6.345,deg/s,joint_states,-16.170,14.330,-15.110,-4.120,0.718,-0.368,-0.147,0.361,-0.168,-27.110,10.331,,pan
assignment3_kp2_t3,13.473,1791456099.240181,330,1791456099.092471,camera_color_optical_frame,1,0.3290,-0.1220,0.00271,0.009,1,TRACKING,ok,-19.722,-6.915,deg/s,joint_states,-16.520,14.240,-16.490,-4.120,0.718,-0.379,-0.144,0.373,-0.175,-27.806,10.079,,pan
assignment3_kp2_t3,13.495,1791456099.261307,331,1791456099.125829,camera_color_optical_frame,1,0.3369,-0.1321,0.00268,0.006,0,TRACKING,ok,-20.184,-7.487,deg/s,joint_states,-16.960,14.150,-16.490,-4.120,0.477,-0.242,-0.106,0.327,-0.120,-26.938,11.260,,pan
assignment3_kp2_t3,13.513,1791456099.279232,331,1791456099.125829,camera_color_optical_frame,1,0.3369,-0.1321,0.00268,0.023,0,TRACKING,ok,-20.184,-7.487,deg/s,joint_states,-17.670,13.970,-17.860,-4.120,0.468,-0.240,-0.104,0.310,-0.114,-27.132,11.230,,pan
assignment3_kp2_t3,13.534,1791456099.300497,332,1791456099.159187,camera_color_optical_frame,1,0.3403,-0.1437,0.00279,0.013,1,TRACKING,ok,-20.384,-8.142,deg/s,joint_states,-17.670,13.970,-17.860,-4.120,0.715,-0.392,-0.131,0.367,-0.205,-28.751,9.155,,pan
assignment3_kp2_t3,13.556,1791456099.323305,333,1791456099.192545,camera_color_optical_frame,1,0.3428,-0.1536,0.00275,0.007,1,TRACKING,ok,-20.533,-8.701,deg/s,joint_states,-18.020,13.890,-17.860,-4.120,0.713,-0.399,-0.128,0.371,-0.212,-29.222,8.924,,pan
assignment3_kp2_t3,13.574,1791456099.339849,333,1791456099.192545,camera_color_optical_frame,1,0.3428,-0.1536,0.00275,0.025,1,TRACKING,ok,-20.533,-8.701,deg/s,joint_states,-18.810,13.620,-17.860,-4.120,0.787,-0.394,-0.153,0.255,-0.163,-26.581,9.840,,pan
assignment3_kp2_t3,13.593,1791456099.359348,334,1791456099.225903,camera_color_optical_frame,1,0.3426,-0.1596,0.00278,0.010,1,TRACKING,ok,-20.522,-9.037,deg/s,joint_states,-18.810,13.620,-17.860,-4.120,0.700,-0.399,-0.119,0.360,-0.223,-29.659,8.431,,pan
assignment3_kp2_t3,13.613,1791456099.377937,335,1791456099.259261,camera_color_optical_frame,1,0.3412,-0.1618,0.00272,0.002,1,TRACKING,ok,-20.439,-9.165,deg/s,joint_states,-19.600,13.360,-17.860,-5.500,0.698,-0.404,-0.116,0.347,-0.222,-30.060,8.203,,pan
assignment3_kp2_t3,13.633,1791456099.399304,335,1791456099.259261,camera_color_optical_frame,1,0.3412,-0.1618,0.00272,0.022,1,TRACKING,ok,-20.439,-9.165,deg/s,joint_states,-19.950,13.180,-17.860,-6.870,0.695,-0.405,-0.122,0.341,-0.195,-30.254,8.631,,pan
assignment3_kp2_t3,13.652,1791456099.416877,335,1791456099.259261,camera_color_optical_frame,1,0.3412,-0.1618,0.00272,0.040,1,TRACKING,ok,-20.439,-9.165,deg/s,joint_states,-20.390,13.010,-19.240,-6.870,0.692,-0.409,-0.120,0.338,-0.194,-30.610,8.487,,pan
assignment3_kp2_t3,13.673,1791456099.438627,336,1791456099.292619,camera_color_optical_frame,1,0.3405,-0.1616,0.00275,0.018,1,TRACKING,ok,-20.397,-9.154,deg/s,joint_states,-20.740,12.920,-19.240,-6.870,0.685,-0.406,-0.123,0.327,-0.177,-30.624,8.792,,pan
assignment3_kp2_t3,13.696,1791456099.460974,336,1791456099.292619,camera_color_optical_frame,1,0.3405,-0.1616,0.00275,0.041,1,TRACKING,ok,-20.397,-9.154,deg/s,joint_states,-20.740,12.920,-19.240,-6.870,0.682,-0.410,-0.121,0.340,-0.181,-31.016,8.671,,pan
assignment3_kp2_t3,13.713,1791456099.478477,337,1791456099.325977,camera_color_optical_frame,1,0.3383,-0.1548,0.00288,0.004,1,TRACKING,ok,-20.266,-8.769,deg/s,joint_states,-21.530,12.480,-19.240,-8.240,0.678,-0.415,-0.125,0.329,-0.150,-31.506,8.941,,pan
assignment3_kp2_t3,13.733,1791456099.498437,337,1791456099.325977,camera_color_optical_frame,1,0.3383,-0.1548,0.00288,0.024,1,TRACKING,ok,-20.266,-8.769,deg/s,joint_states,-21.970,12.300,-19.240,-8.240,0.675,-0.419,-0.124,0.326,-0.145,-31.860,8.873,,pan
assignment3_kp2_t3,13.754,1791456099.521055,337,1791456099.325977,camera_color_optical_frame,1,0.3383,-0.1548,0.00288,0.044,1,TRACKING,ok,-20.266,-8.769,deg/s,joint_states,-21.970,12.300,-19.240,-8.240,0.671,-0.423,-0.123,0.339,-0.148,-32.227,8.802,,pan
assignment3_kp2_t3,13.774,1791456099.539979,338,1791456099.359338,camera_color_optical_frame,1,0.3337,-0.1479,0.00285,0.014,1,TRACKING,ok,-20.001,-8.379,deg/s,joint_states,-22.850,11.950,-20.610,-8.240,0.658,-0.419,-0.120,0.319,-0.135,-32.525,8.770,,pan
assignment3_kp2_t3,13.797,1791456099.562136,339,1791456099.392693,camera_color_optical_frame,1,0.3291,-0.1413,0.00281,0.010,1,TRACKING,ok,-19.727,-8.007,deg/s,joint_states,-23.290,11.690,-20.610,-8.240,0.674,-0.432,-0.122,0.309,-0.127,-32.646,8.705,,pan
assignment3_kp2_t3,13.814,1791456099.578528,339,1791456099.392693,camera_color_optical_frame,1,0.3291,-0.1413,0.00281,0.027,1,TRACKING,ok,-19.727,-8.007,deg/s,joint_states,-23.640,11.510,-20.610,-8.240,0.672,-0.435,-0.122,0.306,-0.121,-32.920,8.652,,pan
assignment3_kp2_t3,13.838,1791456099.604509,340,1791456099.426047,camera_color_optical_frame,1,0.3232,-0.1304,0.00280,0.018,1,TRACKING,ok,-19.380,-7.386,deg/s,joint_states,-24.080,11.340,-20.610,-8.240,0.677,-0.436,-0.127,0.285,-0.100,-32.745,8.970,,pan
assignment3_kp2_t3,13.854,1791456099.619295,341,1791456099.459402,camera_color_optical_frame,1,0.3166,-0.1265,0.00293,0.002,1,TRACKING,ok,-18.994,-7.168,deg/s,joint_states,-24.520,11.160,-20.610,-8.240,0.648,-0.422,-0.114,0.281,-0.119,-33.056,8.372,,pan
assignment3_kp2_t3,13.878,1791456099.646412,341,1791456099.459402,camera_color_optical_frame,1,0.3166,-0.1265,0.00293,0.026,1,TRACKING,ok,-18.994,-7.168,deg/s,joint_states,-24.870,10.990,-20.610,-8.240,0.643,-0.424,-0.112,0.281,-0.116,-33.403,8.277,,pan
assignment3_kp2_t3,13.895,1791456099.659724,341,1791456099.459402,camera_color_optical_frame,1,0.3166,-0.1265,0.00293,0.043,1,TRACKING,ok,-18.994,-7.168,deg/s,joint_states,-25.310,10.900,-19.240,-8.240,0.640,-0.426,-0.111,0.275,-0.115,-33.655,8.208,,pan
assignment3_kp2_t3,13.919,1791456099.686051,342,1791456099.492756,camera_color_optical_frame,1,0.3102,-0.1170,0.00272,0.015,1,TRACKING,ok,-18.613,-6.633,deg/s,joint_states,-25.310,10.900,-19.240,-8.240,0.643,-0.435,-0.113,0.290,-0.110,-34.111,8.307,,pan
assignment3_kp2_t3,13.933,1791456099.699707,343,1791456099.526111,camera_color_optical_frame,1,0.3005,-0.1054,0.00272,0.004,1,TRACKING,ok,-18.045,-5.971,deg/s,joint_states,-26.100,10.550,-19.240,-8.240,0.631,-0.432,-0.114,0.274,-0.089,-34.419,8.452,,pan
assignment3_kp2_t3,13.953,1791456099.718696,343,1791456099.526111,camera_color_optical_frame,1,0.3005,-0.1054,0.00272,0.024,1,TRACKING,ok,-18.045,-5.971,deg/s,joint_states,-26.460,10.370,-19.240,-6.870,0.627,-0.435,-0.113,0.272,-0.083,-34.733,8.404,,pan
assignment3_kp2_t3,13.974,1791456099.739071,343,1791456099.526111,camera_color_optical_frame,1,0.3005,-0.1054,0.00272,0.045,1,TRACKING,ok,-18.045,-5.971,deg/s,joint_states,-26.890,10.280,-19.240,-6.870,0.623,-0.437,-0.112,0.269,-0.081,-35.066,8.353,,pan
assignment3_kp2_t3,13.993,1791456099.758248,344,1791456099.559465,camera_color_optical_frame,1,0.2906,-0.0965,0.00269,0.015,1,TRACKING,ok,-17.458,-5.469,deg/s,joint_states,-27.160,10.200,-19.240,-5.500,0.617,-0.426,-0.106,0.246,-0.091,-34.642,8.070,,pan
assignment3_kp2_t3,14.013,1791456099.777581,344,1791456099.559465,camera_color_optical_frame,1,0.2906,-0.0965,0.00269,0.035,1,TRACKING,ok,-17.458,-5.469,deg/s,joint_states,-27.600,10.020,-19.240,-5.500,0.612,-0.427,-0.105,0.241,-0.086,-34.913,8.000,,pan
assignment3_kp2_t3,14.032,1791456099.796673,345,1791456099.592820,camera_color_optical_frame,1,0.2808,-0.0902,0.00280,0.013,1,TRACKING,ok,-16.875,-5.115,deg/s,joint_states,-27.950,9.930,-17.860,-5.500,0.617,-0.433,-0.102,0.234,-0.096,-35.057,7.691,,pan
assignment3_kp2_t3,14.053,1791456099.818164,345,1791456099.592820,camera_color_optical_frame,1,0.2808,-0.0902,0.00280,0.033,1,TRACKING,ok,-16.875,-5.115,deg/s,joint_states,-28.300,9.840,-17.860,-5.500,0.613,-0.435,-0.100,0.231,-0.096,-35.319,7.598,,pan
assignment3_kp2_t3,14.075,1791456099.839525,346,1791456099.626174,camera_color_optical_frame,1,0.2714,-0.0838,0.00275,0.015,1,TRACKING,ok,-16.319,-4.752,deg/s,joint_states,-28.650,9.760,-17.860,-5.500,0.610,-0.436,-0.101,0.228,-0.089,-35.574,7.678,,pan
assignment3_kp2_t3,14.094,1791456099.858930,346,1791456099.626174,camera_color_optical_frame,1,0.2714,-0.0838,0.00275,0.034,1,TRACKING,ok,-16.319,-4.752,deg/s,joint_states,-28.650,9.760,-17.860,-5.500,0.606,-0.438,-0.100,0.236,-0.093,-35.825,7.601,,pan
assignment3_kp2_t3,14.113,1791456099.877400,347,1791456099.659529,camera_color_optical_frame,1,0.2621,-0.0776,0.00280,0.014,1,TRACKING,ok,-15.771,-4.398,deg/s,joint_states,-29.440,9.490,-17.860,-4.120,0.613,-0.436,-0.103,0.196,-0.072,-35.397,7.826,,pan
assignment3_kp2_t3,14.138,1791456099.904300,347,1791456099.659529,camera_color_optical_frame,1,0.2621,-0.0776,0.00280,0.039,1,TRACKING,ok,-15.771,-4.398,deg/s,joint_states,-29.790,9.400,-17.860,-4.120,0.610,-0.438,-0.102,0.193,-0.071,-35.656,7.757,,pan
assignment3_kp2_t3,14.153,1791456099.917680,348,1791456099.692883,camera_color_optical_frame,1,0.2518,-0.0759,0.00282,0.009,1,TRACKING,ok,-15.156,-4.302,deg/s,joint_states,-30.060,9.320,-17.860,-4.120,0.614,-0.447,-0.092,0.198,-0.104,-36.082,6.920,,pan
assignment3_kp2_t3,14.175,1791456099.940498,348,1791456099.692883,camera_color_optical_frame,1,0.2518,-0.0759,0.00282,0.031,1,TRACKING,ok,-15.156,-4.302,deg/s,joint_states,-30.060,9.320,-17.860,-4.120,0.611,-0.449,-0.090,0.207,-0.110,-36.333,6.795,,pan
assignment3_kp2_t3,14.193,1791456099.961123,349,1791456099.726238,camera_color_optical_frame,1,0.2433,-0.0761,0.00286,0.007,1,TRACKING,ok,-14.653,-4.312,deg/s,joint_states,-30.670,9.140,-16.490,-4.120,0.600,-0.449,-0.084,0.202,-0.118,-36.799,6.424,,pan
assignment3_kp2_t3,14.213,1791456099.978151,349,1791456099.726238,camera_color_optical_frame,1,0.2433,-0.0761,0.00286,0.027,1,TRACKING,ok,-14.653,-4.312,deg/s,joint_states,-30.670,9.140,-16.490,-4.120,0.597,-0.451,-0.082,0.211,-0.124,-37.048,6.285,,pan
assignment3_kp2_t3,14.236,1791456100.002672,350,1791456099.759592,camera_color_optical_frame,1,0.2393,-0.0766,0.00298,0.018,1,TRACKING,ok,-14.410,-4.340,deg/s,joint_states,-31.380,8.960,-16.490,-4.120,0.573,-0.446,-0.079,0.213,-0.121,-37.843,6.176,,pan
assignment3_kp2_t3,14.254,1791456100.019638,350,1791456099.759592,camera_color_optical_frame,1,0.2393,-0.0766,0.00298,0.036,1,TRACKING,ok,-14.410,-4.340,deg/s,joint_states,-31.640,8.790,-15.110,-4.120,0.570,-0.447,-0.077,0.213,-0.119,-38.104,6.053,,pan
assignment3_kp2_t3,14.279,1791456100.044483,351,1791456099.826301,camera_color_optical_frame,1,0.2342,-0.0821,0.00307,0.011,1,TRACKING,ok,-14.109,-4.657,deg/s,joint_states,-31.640,8.790,-15.110,-4.120,0.540,-0.442,-0.070,0.253,-0.133,-39.292,5.729,,pan
assignment3_kp2_t3,14.295,1791456100.063987,352,1791456099.859656,camera_color_optical_frame,1,0.2342,-0.0869,0.00313,0.007,1,TRACKING,ok,-14.107,-4.926,deg/s,joint_states,-32.260,8.610,-15.110,-4.120,0.595,-0.435,-0.090,0.129,-0.072,-36.194,6.968,,pan
assignment3_kp2_t3,14.314,1791456100.079253,352,1791456099.859656,camera_color_optical_frame,1,0.2342,-0.0869,0.00313,0.025,1,TRACKING,ok,-14.107,-4.926,deg/s,joint_states,-32.260,8.610,-15.110,-4.120,0.595,-0.435,-0.090,0.129,-0.072,-36.194,6.968,,pan
assignment3_kp2_t3,14.334,1791456100.100353,353,1791456099.893010,camera_color_optical_frame,1,0.2360,-0.0864,0.00312,0.011,1,TRACKING,ok,-14.217,-4.900,deg/s,joint_states,-32.780,8.530,-13.740,-4.120,0.542,-0.463,-0.066,0.258,-0.141,-40.558,5.293,,pan
assignment3_kp2_t3,14.355,1791456100.122402,353,1791456099.893010,camera_color_optical_frame,1,0.2360,-0.0864,0.00312,0.032,1,TRACKING,ok,-14.217,-4.900,deg/s,joint_states,-33.050,8.350,-13.740,-4.120,0.537,-0.466,-0.064,0.262,-0.140,-40.952,5.131,,pan
assignment3_kp2_t3,14.374,1791456100.138982,354,1791456099.926364,camera_color_optical_frame,1,0.2385,-0.0905,0.00315,0.012,1,TRACKING,ok,-14.367,-5.129,deg/s,joint_states,-33.310,8.260,-13.740,-4.120,0.537,-0.469,-0.067,0.259,-0.125,-41.127,5.380,,pan
assignment3_kp2_t3,14.395,1791456100.162353,354,1791456099.926364,camera_color_optical_frame,1,0.2385,-0.0905,0.00315,0.033,1,TRACKING,ok,-14.367,-5.129,deg/s,joint_states,-33.660,8.170,-13.740,-4.120,0.533,-0.472,-0.065,0.260,-0.127,-41.519,5.252,,pan
assignment3_kp2_t3,14.413,1791456100.178586,355,1791456099.959718,camera_color_optical_frame,1,0.2399,-0.0936,0.00319,0.011,1,TRACKING,ok,-14.446,-5.308,deg/s,joint_states,-33.930,8.090,-13.740,-4.120,0.522,-0.465,-0.058,0.257,-0.144,-41.677,4.780,,pan
assignment3_kp2_t3,14.435,1791456100.200517,355,1791456099.959718,camera_color_optical_frame,1,0.2399,-0.0936,0.00319,0.033,1,TRACKING,ok,-14.446,-5.308,deg/s,joint_states,-34.190,8.000,-13.740,-4.120,0.517,-0.467,-0.056,0.262,-0.148,-42.088,4.605,,pan
assignment3_kp2_t3,14.453,1791456100.218521,356,1791456099.993073,camera_color_optical_frame,1,0.2385,-0.0971,0.00325,0.010,1,TRACKING,ok,-14.364,-5.504,deg/s,joint_states,-34.450,7.910,-13.740,-4.120,0.514,-0.465,-0.051,0.255,-0.160,-42.128,4.237,,pan
assignment3_kp2_t3,14.475,1791456100.240517,356,1791456099.993073,camera_color_optical_frame,1,0.2385,-0.0971,0.00325,0.031,1,TRACKING,ok,-14.364,-5.504,deg/s,joint_states,-34.450,7.910,-13.740,-4.120,0.509,-0.466,-0.049,0.268,-0.169,-42.506,4.048,,pan
assignment3_kp2_t3,14.493,1791456100.258873,357,1791456100.026427,camera_color_optical_frame,1,0.2365,-0.0992,0.00322,0.012,1,TRACKING,ok,-14.243,-5.625,deg/s,joint_states,-34.980,7.730,-12.370,-4.120,0.521,-0.473,-0.052,0.241,-0.152,-42.246,4.256,,pan
assignment3_kp2_t3,14.518,1791456100.282599,357,1791456100.026427,camera_color_optical_frame,1,0.2365,-0.0992,0.00322,0.037,1,TRACKING,ok,-14.243,-5.625,deg/s,joint_states,-35.330,7.560,-12.370,-4.120,0.516,-0.475,-0.050,0.242,-0.153,-42.633,4.066,,pan
assignment3_kp2_t3,14.533,1791456100.297752,358,1791456100.093136,camera_color_optical_frame,1,0.2370,-0.1074,0.00322,0.008,1,TRACKING,ok,-14.272,-6.090,deg/s,joint_states,-35.600,7.470,-13.740,-4.120,0.531,-0.488,-0.049,0.231,-0.157,-42.555,3.895,,pan
assignment3_kp2_t3,14.557,1791456100.321873,358,1791456100.093136,camera_color_optical_frame,1,0.2370,-0.1074,0.00322,0.032,1,TRACKING,ok,-14.272,-6.090,deg/s,joint_states,-35.860,7.380,-13.740,-4.120,0.529,-0.491,-0.047,0.233,-0.160,-42.879,3.718,,pan
assignment3_kp2_t3,14.573,1791456100.338478,359,1791456100.126490,camera_color_optical_frame,1,0.2386,-0.1127,0.00328,0.002,1,TRACKING,ok,-14.372,-6.385,deg/s,joint_states,-36.120,7.290,-13.740,-4.120,0.527,-0.493,-0.045,0.232,-0.162,-43.106,3.593,,pan
assignment3_kp2_t3,14.596,1791456100.360990,359,1791456100.126490,camera_color_optical_frame,1,0.2386,-0.1127,0.00328,0.025,1,TRACKING,ok,-14.372,-6.385,deg/s,joint_states,-36.390,7.210,-13.740,-4.120,0.547,-0.464,-0.064,0.129,-0.091,-40.291,5.135,,pan
assignment3_kp2_t3,14.613,1791456100.378518,360,1791456100.159845,camera_color_optical_frame,1,0.2423,-0.1187,0.00320,0.003,1,TRACKING,ok,-14.589,-6.727,deg/s,joint_states,-36.650,7.120,-13.740,-4.120,0.547,-0.464,-0.064,0.120,-0.087,-40.291,5.135,,pan
assignment3_kp2_t3,14.634,1791456100.399305,360,1791456100.159845,camera_color_optical_frame,1,0.2423,-0.1187,0.00320,0.024,1,TRACKING,ok,-14.589,-6.727,deg/s,joint_states,-36.650,7.120,-13.740,-4.120,0.502,-0.501,-0.035,0.278,-0.189,-44.979,2.803,,pan
assignment3_kp2_t3,14.656,1791456100.420697,361,1791456100.193199,camera_color_optical_frame,1,0.2457,-0.1256,0.00325,0.005,1,TRACKING,ok,-14.793,-7.118,deg/s,joint_states,-37.180,6.860,-13.740,-5.500,0.507,-0.511,-0.032,0.268,-0.188,-45.217,2.569,,pan
assignment3_kp2_t3,14.674,1791456100.438298,361,1791456100.193199,camera_color_optical_frame,1,0.2457,-0.1256,0.00325,0.023,1,TRACKING,ok,-14.793,-7.118,deg/s,joint_states,-37.180,6.860,-13.740,-5.500,0.505,-0.514,-0.030,0.278,-0.195,-45.514,2.413,,pan
assignment3_kp2_t3,14.693,1791456100.457727,362,1791456100.226553,camera_color_optical_frame,1,0.2517,-0.1303,0.00319,0.014,1,TRACKING,ok,-15.152,-7.383,deg/s,joint_states,-37.790,6.590,-13.740,-5.500,0.488,-0.506,-0.028,0.276,-0.188,-46.073,2.312,,pan
assignment3_kp2_t3,14.716,1791456100.480159,362,1791456100.226553,camera_color_optical_frame,1,0.2517,-0.1303,0.00319,0.037,1,TRACKING,ok,-15.152,-7.383,deg/s,joint_states,-38.060,6.420,-13.740,-5.500,0.483,-0.509,-0.026,0.281,-0.189,-46.485,2.108,,pan
assignment3_kp2_t3,14.733,1791456100.497640,363,1791456100.293262,camera_color_optical_frame,1,0.2629,-0.1421,0.00325,0.014,1,TRACKING,ok,-15.816,-8.048,deg/s,joint_states,-38.320,6.330,-13.740,-5.500,0.478,-0.518,-0.021,0.299,-0.205,-47.271,1.668,,pan
assignment3_kp2_t3,14.754,1791456100.518599,363,1791456100.293262,camera_color_optical_frame,1,0.2629,-0.1421,0.00325,0.035,1,TRACKING,ok,-15.816,-8.048,deg/s,joint_states,-38.670,6.150,-13.740,-6.870,0.474,-0.521,-0.018,0.301,-0.206,-47.685,1.459,,pan
assignment3_kp2_t3,14.773,1791456100.538192,363,1791456100.293262,camera_color_optical_frame,1,0.2629,-0.1421,0.00325,0.054,1,TRACKING,ok,-15.816,-8.048,deg/s,joint_states,-38.940,5.980,-13.740,-6.870,0.471,-0.524,-0.016,0.305,-0.207,-48.059,1.270,,pan
assignment3_kp2_t3,14.795,1791456100.560477,364,1791456100.326622,camera_color_optical_frame,1,0.2695,-0.1511,0.00318,0.019,1,TRACKING,ok,-16.207,-8.560,deg/s,joint_states,-39.290,5.890,-13.740,-6.870,0.510,-0.491,-0.041,0.154,-0.114,-43.959,3.305,,pan
assignment3_kp2_t3,14.817,1791456100.585721,365,1791456100.359983,camera_color_optical_frame,1,0.2737,-0.1595,0.00325,0.015,1,TRACKING,ok,-16.457,-9.036,deg/s,joint_states,-39.290,5.890,-13.740,-6.870,0.450,-0.510,-0.006,0.312,-0.236,-48.614,0.540,,pan
assignment3_kp2_t3,14.836,1791456100.604868,366,1791456100.426704,camera_color_optical_frame,1,0.2812,-0.1791,0.00339,0.009,0,TRACKING,ok,-16.900,-10.140,deg/s,joint_states,-39.550,5.710,-13.740,-6.870,0.350,-0.389,-0.019,0.282,-0.160,-48.003,2.057,,pan
assignment3_kp2_t3,14.857,1791456100.622556,367,1791456100.493426,camera_color_optical_frame,1,0.2883,-0.2026,0.00359,0.004,0,TRACKING,ok,-17.320,-11.466,deg/s,joint_states,-40.170,5.360,-15.110,-6.870,0.398,-0.464,0.003,0.310,-0.250,-49.433,-0.283,,pan
assignment3_kp2_t3,14.878,1791456100.644728,368,1791456100.526787,camera_color_optical_frame,1,0.2904,-0.2164,0.00361,0.016,0,TRACKING,ok,-17.445,-12.243,deg/s,joint_states,-40.520,5.190,-15.110,-6.870,0.409,-0.451,-0.011,0.243,-0.184,-47.823,1.022,,pan
assignment3_kp2_t3,14.892,1791456100.658076,368,1791456100.526787,camera_color_optical_frame,1,0.2904,-0.2164,0.00361,0.030,0,TRACKING,ok,-17.445,-12.243,deg/s,joint_states,-40.520,5.190,-15.110,-6.870,0.409,-0.451,-0.011,0.243,-0.184,-47.823,1.022,,pan
assignment3_kp2_t3,14.913,1791456100.678777,369,1791456100.560148,camera_color_optical_frame,1,0.2916,-0.2249,0.00374,0.013,1,TRACKING,ok,-17.518,-12.720,deg/s,joint_states,-41.220,4.830,-15.110,-8.240,0.486,-0.546,0.012,0.237,-0.255,-48.335,-0.918,,pan
assignment3_kp2_t3,14.935,1791456100.699190,369,1791456100.560148,camera_color_optical_frame,1,0.2916,-0.2249,0.00374,0.035,1,TRACKING,ok,-17.518,-12.720,deg/s,joint_states,-41.480,4.660,-15.110,-8.240,0.492,-0.554,0.014,0.231,-0.255,-48.412,-1.095,,pan
assignment3_kp2_t3,14.952,1791456100.718051,370,1791456100.593508,camera_color_optical_frame,1,0.2899,-0.2298,0.00367,0.014,1,TRACKING,ok,-17.415,-12.996,deg/s,joint_states,-41.840,4.480,-15.110,-8.240,0.481,-0.551,0.017,0.234,-0.258,-48.840,-1.349,,pan
assignment3_kp2_t3,14.973,1791456100.738147,370,1791456100.593508,camera_color_optical_frame,1,0.2899,-0.2298,0.00367,0.035,1,TRACKING,ok,-17.415,-12.996,deg/s,joint_states,-42.280,4.220,-15.110,-8.240,0.488,-0.559,0.020,0.221,-0.254,-48.909,-1.510,,pan
assignment3_kp2_t3,14.994,1791456100.760748,371,1791456100.626869,camera_color_optical_frame,1,0.2856,-0.2348,0.00374,0.013,1,TRACKING,ok,-17.163,-13.276,deg/s,joint_states,-42.540,4.040,-16.490,-9.620,0.420,-0.512,0.026,0.271,-0.280,-50.658,-2.271,,pan
assignment3_kp2_t3,15.012,1791456100.777088,371,1791456100.626869,camera_color_optical_frame,1,0.2856,-0.2348,0.00374,0.031,1,TRACKING,ok,-17.163,-13.276,deg/s,joint_states,-42.540,4.040,-16.490,-9.620,0.417,-0.513,0.029,0.280,-0.291,-50.918,-2.494,,pan
assignment3_kp2_t3,15.033,1791456100.802217,372,1791456100.660230,camera_color_optical_frame,1,0.2791,-0.2331,0.00376,0.017,1,TRACKING,ok,-16.778,-13.180,deg/s,joint_states,-43.240,3.520,-16.490,-9.620,0.415,-0.512,0.026,0.257,-0.258,-50.942,-2.302,,pan
assignment3_kp2_t3,15.053,1791456100.817540,372,1791456100.660230,camera_color_optical_frame,1,0.2791,-0.2331,0.00376,0.037,1,TRACKING,ok,-16.778,-13.180,deg/s,joint_states,-43.240,3.520,-16.490,-9.620,0.412,-0.512,0.029,0.266,-0.267,-51.191,-2.497,,pan
assignment3_kp2_t3,15.076,1791456100.842938,373,1791456100.693591,camera_color_optical_frame,1,0.2702,-0.2263,0.00383,0.018,1,TRACKING,ok,-16.249,-12.797,deg/s,joint_states,-43.950,2.990,-16.490,-10.990,0.410,-0.506,0.023,0.234,-0.222,-50.977,-2.020,,pan
assignment3_kp2_t3,15.093,1791456100.857840,373,1791456100.693591,camera_color_optical_frame,1,0.2702,-0.2263,0.00383,0.034,1,TRACKING,ok,-16.249,-12.797,deg/s,joint_states,-44.300,2.720,-16.490,-10.990,0.407,-0.506,0.024,0.228,-0.215,-51.151,-2.127,,pan
assignment3_kp2_t3,15.115,1791456100.882699,374,1791456100.726952,camera_color_optical_frame,1,0.2564,-0.2056,0.00357,0.012,1,TRACKING,ok,-15.431,-11.637,deg/s,joint_states,-44.560,2.460,-16.490,-12.370,0.406,-0.498,0.013,0.208,-0.159,-50.823,-1.134,,pan
assignment3_kp2_t3,15.133,1791456100.898249,374,1791456100.726952,camera_color_optical_frame,1,0.2564,-0.2056,0.00357,0.030,1,TRACKING,ok,-15.431,-11.637,deg/s,joint_states,-44.910,2.200,-16.490,-12.370,0.403,-0.497,0.013,0.201,-0.148,-50.964,-1.149,,pan
assignment3_kp2_t3,15.156,1791456100.926056,375,1791456100.760312,camera_color_optical_frame,1,0.2396,-0.1846,0.00349,0.017,1,TRACKING,ok,-14.428,-10.448,deg/s,joint_states,-45.260,1.930,-16.490,-12.370,0.412,-0.498,0.006,0.171,-0.110,-50.424,-0.556,,pan
assignment3_kp2_t3,15.174,1791456100.940158,375,1791456100.760312,camera_color_optical_frame,1,0.2396,-0.1846,0.00349,0.035,1,TRACKING,ok,-14.428,-10.448,deg/s,joint_states,-45.700,1.760,-16.490,-12.370,0.410,-0.497,0.006,0.159,-0.100,-50.501,-0.513,,pan
assignment3_kp2_t3,15.193,1791456100.962085,376,1791456100.793673,camera_color_optical_frame,1,0.2197,-0.1590,0.00337,0.014,1,TRACKING,ok,-13.242,-9.005,deg/s,joint_states,-45.700,1.760,-16.490,-12.370,0.424,-0.503,0.004,0.138,-0.091,-49.872,-0.306,,pan
assignment3_kp2_t3,15.215,1791456100.980573,377,1791456100.827034,camera_color_optical_frame,1,0.2004,-0.1264,0.00340,0.003,1,TRACKING,ok,-12.086,-7.164,deg/s,joint_states,-46.320,1.230,-16.490,-12.370,0.422,-0.499,-0.006,0.114,-0.032,-49.768,0.493,,pan
assignment3_kp2_t3,15.234,1791456100.999520,377,1791456100.827034,camera_color_optical_frame,1,0.2004,-0.1264,0.00340,0.022,1,TRACKING,ok,-12.086,-7.164,deg/s,joint_states,-46.580,1.050,-16.490,-10.990,0.422,-0.499,-0.007,0.105,-0.019,-49.769,0.619,,pan
assignment3_kp2_t3,15.254,1791456101.018538,377,1791456100.827034,camera_color_optical_frame,1,0.2004,-0.1264,0.00340,0.042,1,TRACKING,ok,-12.086,-7.164,deg/s,joint_states,-46.930,0.700,-15.110,-10.990,0.422,-0.499,-0.009,0.094,0.002,-49.771,0.750,,pan
assignment3_kp2_t3,15.274,1791456101.045274,378,1791456100.860395,camera_color_optical_frame,1,0.1789,-0.0901,0.00342,0.018,1,TRACKING,ok,-10.802,-5.110,deg/s,joint_states,-47.110,0.440,-15.110,-10.990,0.415,-0.482,-0.019,0.071,0.057,-49.272,1.738,,pan
assignment3_kp2_t3,15.293,1791456101.057352,379,1791456100.927116,camera_color_optical_frame,1,0.1279,-0.0065,0.00361,0.007,0,TRACKING,ok,-7.731,0.000,deg/s,joint_states,-47.370,0.260,-13.740,-9.620,0.348,-0.413,-0.035,0.084,0.154,-49.924,3.748,,pan
assignment3_kp2_t3,15.313,1791456101.077905,380,1791456100.960477,camera_color_optical_frame,1,0.0969,0.0380,0.00380,0.009,0,TRACKING,ok,-5.860,0.000,deg/s,joint_states,-47.370,0.260,-13.740,-9.620,0.359,-0.412,-0.045,0.052,0.196,-48.938,4.686,,pan
assignment3_kp2_t3,15.336,1791456101.100349,381,1791456100.993838,camera_color_optical_frame,1,0.0621,0.0802,0.00408,0.009,0,TRACKING,ok,-3.758,4.545,deg/s,joint_states,-47.900,-0.090,-13.740,-8.240,0.406,-0.439,-0.045,-0.022,0.192,-47.240,4.253,,pan
assignment3_kp2_t3,15.355,1791456101.119892,381,1791456100.993838,camera_color_optical_frame,1,0.0621,0.0802,0.00408,0.028,0,TRACKING,ok,-3.758,4.545,deg/s,joint_states,-47.900,-0.090,-13.740,-8.240,0.408,-0.437,-0.048,-0.031,0.205,-46.964,4.558,,pan
assignment3_kp2_t3,15.374,1791456101.140403,382,1791456101.027199,camera_color_optical_frame,1,0.0280,0.1245,0.00400,0.013,1,TRACKING,ok,0.000,7.054,deg/s,joint_states,-48.340,-0.260,-12.370,-6.870,0.492,-0.519,-0.039,-0.060,0.150,-46.531,3.126,,pan
assignment3_kp2_t3,15.396,1791456101.160608,382,1791456101.027199,camera_color_optical_frame,1,0.0280,0.1245,0.00400,0.035,1,TRACKING,ok,0.000,7.054,deg/s,joint_states,-48.520,-0.260,-10.990,-5.500,0.501,-0.524,-0.041,-0.073,0.153,-46.324,3.206,,pan
assignment3_kp2_t3,15.413,1791456101.178796,383,1791456101.060560,camera_color_optical_frame,1,-0.0079,0.1631,0.00406,0.010,1,TRACKING,ok,0.000,9.240,deg/s,joint_states,-48.690,-0.260,-9.620,-2.750,0.501,-0.513,-0.048,-0.099,0.181,-45.711,3.830,,pan
assignment3_kp2_t3,15.435,1791456101.200841,383,1791456101.060560,camera_color_optical_frame,1,-0.0079,0.1631,0.00406,0.033,1,TRACKING,ok,0.000,9.240,deg/s,joint_states,-48.780,-0.260,-8.240,0.000,0.510,-0.519,-0.050,-0.109,0.185,-45.482,3.926,,pan
assignment3_kp2_t3,15.452,1791456101.217078,384,1791456101.093921,camera_color_optical_frame,1,-0.0432,0.1973,0.00411,0.006,1,TRACKING,ok,2.613,11.166,deg/s,joint_states,-48.960,-0.180,-6.870,0.000,0.478,-0.462,-0.069,-0.164,0.270,-44.004,5.898,,pan
assignment3_kp2_t3,15.476,1791456101.241758,384,1791456101.093921,camera_color_optical_frame,1,-0.0432,0.1973,0.00411,0.030,1,TRACKING,ok,2.613,11.166,deg/s,joint_states,-48.870,0.000,-5.500,1.370,0.482,-0.458,-0.073,-0.177,0.280,-43.535,6.304,,pan
assignment3_kp2_t3,15.492,1791456101.258671,385,1791456101.127281,camera_color_optical_frame,1,-0.0776,0.2253,0.00396,0.006,1,TRACKING,ok,4.697,12.745,deg/s,joint_states,-48.870,0.180,-2.750,4.120,0.486,-0.455,-0.074,-0.190,0.276,-43.130,6.377,,pan
assignment3_kp2_t3,15.516,1791456101.281408,385,1791456101.127281,camera_color_optical_frame,1,-0.0776,0.2253,0.00396,0.030,1,TRACKING,ok,4.697,12.745,deg/s,joint_states,-48.870,0.180,-1.370,5.500,0.490,-0.452,-0.079,-0.206,0.292,-42.664,6.745,,pan
assignment3_kp2_t3,15.533,1791456101.301884,386,1791456101.160642,camera_color_optical_frame,1,-0.1086,0.2513,0.00401,0.006,1,TRACKING,ok,6.566,14.207,deg/s,joint_states,-48.870,0.350,0.000,5.500,0.496,-0.451,-0.084,-0.219,0.303,-42.269,7.153,,pan
assignment3_kp2_t3,15.552,1791456101.320390,386,1791456101.160642,camera_color_optical_frame,1,-0.1086,0.2513,0.00401,0.025,1,TRACKING,ok,6.566,14.207,deg/s,joint_states,-48.870,0.530,0.000,5.500,0.500,-0.448,-0.088,-0.232,0.309,-41.888,7.457,,pan
assignment3_kp2_t3,15.575,1791456101.342913,387,1791456101.194003,camera_color_optical_frame,1,-0.1406,0.2786,0.00413,0.011,1,TRACKING,ok,8.497,15.737,deg/s,joint_states,-48.870,0.880,0.000,6.870,0.507,-0.446,-0.098,-0.250,0.330,-41.341,8.254,,pan
assignment3_kp2_t3,15.594,1791456101.361228,387,1791456101.194003,camera_color_optical_frame,1,-0.1406,0.2786,0.00413,0.030,1,TRACKING,ok,8.497,15.737,deg/s,joint_states,-48.780,1.050,0.000,9.620,0.511,-0.443,-0.102,-0.260,0.338,-40.951,8.599,,pan
assignment3_kp2_t3,15.613,1791456101.379798,388,1791456101.227364,camera_color_optical_frame,1,-0.1682,0.3020,0.00408,0.013,1,TRACKING,ok,10.159,17.046,deg/s,joint_states,-48.600,1.410,1.370,10.990,0.520,-0.437,-0.112,-0.284,0.358,-40.032,9.378,,pan
assignment3_kp2_t3,15.633,1791456101.399708,388,1791456101.227364,camera_color_optical_frame,1,-0.1682,0.3020,0.00408,0.033,1,TRACKING,ok,10.159,17.046,deg/s,joint_states,-48.600,1.410,1.370,10.990,0.525,-0.434,-0.117,-0.298,0.376,-39.604,9.750,,pan
assignment3_kp2_t3,15.653,1791456101.418405,389,1791456101.260725,camera_color_optical_frame,1,-0.1950,0.3211,0.00417,0.012,1,TRACKING,ok,11.767,18.115,deg/s,joint_states,-48.340,1.930,5.500,10.990,0.531,-0.425,-0.118,-0.321,0.358,-38.673,9.862,,pan
assignment3_kp2_t3,15.675,1791456101.439640,389,1791456101.260725,camera_color_optical_frame,1,-0.1950,0.3211,0.00417,0.034,1,TRACKING,ok,11.767,18.115,deg/s,joint_states,-48.250,2.200,5.500,12.370,0.536,-0.421,-0.123,-0.336,0.365,-38.120,10.271,,pan
assignment3_kp2_t3,15.693,1791456101.457210,390,1791456101.294086,camera_color_optical_frame,1,-0.2247,0.3391,0.00360,0.013,1,TRACKING,ok,13.542,19.119,deg/s,joint_states,-48.080,2.460,5.500,12.370,0.539,-0.415,-0.125,-0.346,0.362,-37.643,10.443,,pan
assignment3_kp2_t3,15.713,1791456101.478122,390,1791456101.294086,camera_color_optical_frame,1,-0.2247,0.3391,0.00360,0.034,1,TRACKING,ok,13.542,19.119,deg/s,joint_states,-48.080,2.460,5.500,12.370,0.543,-0.411,-0.130,-0.363,0.378,-37.145,10.785,,pan
assignment3_kp2_t3,15.733,1791456101.497726,391,1791456101.327443,camera_color_optical_frame,1,-0.2488,0.3589,0.00352,0.011,1,TRACKING,ok,14.976,20.220,deg/s,joint_states,-47.640,3.160,8.240,13.740,0.547,-0.409,-0.150,-0.359,0.418,-36.773,12.348,,pan
assignment3_kp2_t3,15.753,1791456101.518586,391,1791456101.327443,camera_color_optical_frame,1,-0.2488,0.3589,0.00352,0.032,1,TRACKING,ok,14.976,20.220,deg/s,joint_states,-47.640,3.160,8.240,13.740,0.552,-0.405,-0.155,-0.376,0.440,-36.280,12.795,,pan
assignment3_kp2_t3,15.773,1791456101.538221,392,1791456101.360799,camera_color_optical_frame,1,-0.2707,0.3672,0.00339,0.012,1,TRACKING,ok,16.282,20.679,deg/s,joint_states,-47.200,3.780,9.620,16.490,0.561,-0.403,-0.158,-0.379,0.418,-35.745,12.925,,pan
assignment3_kp2_t3,15.795,1791456101.559863,392,1791456101.360799,camera_color_optical_frame,1,-0.2707,0.3672,0.00339,0.034,1,TRACKING,ok,16.282,20.679,deg/s,joint_states,-46.930,4.220,10.990,16.490,0.566,-0.400,-0.165,-0.386,0.419,-35.223,13.376,,pan
assignment3_kp2_t3,15.813,1791456101.578326,393,1791456101.394155,camera_color_optical_frame,1,-0.2904,0.3628,0.00318,0.011,1,TRACKING,ok,17.449,20.435,deg/s,joint_states,-46.670,4.660,10.990,17.860,0.570,-0.393,-0.147,-0.399,0.338,-34.611,12.014,,pan
assignment3_kp2_t3,15.834,1791456101.599244,393,1791456101.394155,camera_color_optical_frame,1,-0.2904,0.3628,0.00318,0.032,1,TRACKING,ok,17.449,20.435,deg/s,joint_states,-46.410,5.010,10.990,17.860,0.575,-0.389,-0.151,-0.407,0.335,-34.094,12.293,,pan
assignment3_kp2_t3,15.853,1791456101.618543,394,1791456101.427510,camera_color_optical_frame,1,-0.3083,0.3588,0.00312,0.008,1,TRACKING,ok,18.504,20.216,deg/s,joint_states,-46.140,5.450,12.370,17.860,0.585,-0.398,-0.145,-0.394,0.282,-34.205,11.582,,pan
assignment3_kp2_t3,15.876,1791456101.642309,394,1791456101.427510,camera_color_optical_frame,1,-0.3083,0.3588,0.00312,0.031,1,TRACKING,ok,18.504,20.216,deg/s,joint_states,-46.140,5.450,12.370,17.860,0.591,-0.394,-0.148,-0.411,0.293,-33.711,11.782,,pan
assignment3_kp2_t3,15.893,1791456101.657671,395,1791456101.460866,camera_color_optical_frame,1,-0.3236,0.3457,0.00313,0.011,1,TRACKING,ok,19.403,19.485,deg/s,joint_states,-45.440,6.240,15.110,19.240,0.588,-0.388,-0.144,-0.397,0.247,-33.410,11.565,,pan
assignment3_kp2_t3,15.914,1791456101.678780,395,1791456101.460866,camera_color_optical_frame,1,-0.3236,0.3457,0.00313,0.032,1,TRACKING,ok,19.403,19.485,deg/s,joint_states,-45.440,6.240,15.110,19.240,0.593,-0.385,-0.147,-0.412,0.255,-32.967,11.719,,pan
assignment3_kp2_t3,15.933,1791456101.698283,396,1791456101.494222,camera_color_optical_frame,1,-0.3378,0.3303,0.00310,0.015,1,TRACKING,ok,20.241,18.626,deg/s,joint_states,-44.820,7.030,16.490,20.610,0.590,-0.367,-0.139,-0.427,0.200,-31.892,11.268,,pan
assignment3_kp2_t3,15.954,1791456101.718876,396,1791456101.494222,camera_color_optical_frame,1,-0.3378,0.3303,0.00310,0.036,1,TRACKING,ok,20.241,18.626,deg/s,joint_states,-44.820,7.030,16.490,20.610,0.595,-0.363,-0.140,-0.445,0.206,-31.376,11.376,,pan
assignment3_kp2_t3,15.973,1791456101.737666,397,1791456101.527577,camera_color_optical_frame,1,-0.3508,0.3090,0.00316,0.014,1,TRACKING,ok,20.998,17.439,deg/s,joint_states,-44.120,7.910,16.490,20.610,0.599,-0.361,-0.138,-0.431,0.157,-31.059,11.170,,pan
assignment3_kp2_t3,15.995,1791456101.759355,397,1791456101.527577,camera_color_optical_frame,1,-0.3508,0.3090,0.00316,0.035,1,TRACKING,ok,20.998,17.439,deg/s,joint_states,-43.770,8.260,16.490,20.610,0.604,-0.356,-0.139,-0.436,0.145,-30.551,11.250,,pan
assignment3_kp2_t3,16.013,1791456101.779582,398,1791456101.560933,camera_color_optical_frame,1,-0.3612,0.2855,0.00324,0.015,1,TRACKING,ok,21.609,16.125,deg/s,joint_states,-43.420,8.960,16.490,20.610,0.603,-0.355,-0.142,-0.427,0.123,-30.460,11.457,,pan
assignment3_kp2_t3,16.036,1791456101.801342,398,1791456101.560933,camera_color_optical_frame,1,-0.3612,0.2855,0.00324,0.038,1,TRACKING,ok,21.609,16.125,deg/s,joint_states,-42.980,9.400,17.860,23.360,0.608,-0.350,-0.143,-0.429,0.108,-29.948,11.553,,pan
assignment3_kp2_t3,16.054,1791456101.819765,399,1791456101.594289,camera_color_optical_frame,1,-0.3693,0.2604,0.00326,0.010,1,TRACKING,ok,22.083,14.718,deg/s,joint_states,-42.540,9.670,17.860,23.360,0.611,-0.350,-0.143,-0.420,0.091,-29.790,11.442,,pan
assignment3_kp2_t3,16.075,1791456101.840170,399,1791456101.594289,camera_color_optical_frame,1,-0.3693,0.2604,0.00326,0.031,1,TRACKING,ok,22.083,14.718,deg/s,joint_states,-42.540,9.670,17.860,23.360,0.615,-0.346,-0.144,-0.434,0.095,-29.349,11.515,,pan
assignment3_kp2_t3,16.093,1791456101.858181,400,1791456101.627644,camera_color_optical_frame,1,-0.3750,0.2315,0.00325,0.011,1,TRACKING,ok,22.415,13.091,deg/s,joint_states,-41.750,10.110,19.240,15.110,0.621,-0.347,-0.133,-0.415,0.034,-29.157,10.622,,pan
assignment3_kp2_t3,16.115,1791456101.881489,400,1791456101.627644,camera_color_optical_frame,1,-0.3750,0.2315,0.00325,0.033,1,TRACKING,ok,22.415,13.091,deg/s,joint_states,-41.310,10.460,19.240,12.370,0.626,-0.343,-0.134,-0.415,0.019,-28.710,10.625,,pan
assignment3_kp2_t3,16.135,1791456101.902999,401,1791456101.661000,camera_color_optical_frame,1,-0.3787,0.2000,0.00320,0.010,1,TRACKING,ok,22.630,11.318,deg/s,joint_states,-40.870,10.900,19.240,13.740,0.631,-0.343,-0.132,-0.406,-0.010,-28.550,10.436,,pan
assignment3_kp2_t3,16.153,1791456101.920222,401,1791456101.661000,camera_color_optical_frame,1,-0.3787,0.2000,0.00320,0.027,1,TRACKING,ok,22.630,11.318,deg/s,joint_states,-40.870,10.900,19.240,13.740,0.634,-0.340,-0.132,-0.417,-0.010,-28.224,10.423,,pan
assignment3_kp2_t3,16.176,1791456101.941899,402,1791456101.727711,camera_color_optical_frame,1,-0.3822,0.1103,0.00296,0.008,1,TRACKING,ok,22.832,6.249,deg/s,joint_states,-39.990,11.510,20.610,17.860,0.629,-0.334,-0.097,-0.399,-0.158,-28.001,7.759,,pan
assignment3_kp2_t3,16.194,1791456101.959229,403,1791456101.761067,camera_color_optical_frame,1,-0.3822,0.0632,0.00317,0.002,1,TRACKING,ok,22.831,3.583,deg/s,joint_states,-39.990,11.510,20.610,17.860,0.632,-0.331,-0.095,-0.410,-0.166,-27.669,7.576,,pan
assignment3_kp2_t3,16.214,1791456101.981025,403,1791456101.761067,camera_color_optical_frame,1,-0.3822,0.0632,0.00317,0.022,1,TRACKING,ok,22.831,3.583,deg/s,joint_states,-39.110,12.040,21.980,13.740,0.598,-0.364,-0.121,-0.254,-0.096,-31.351,9.781,,pan
assignment3_kp2_t3,16.232,1791456101.997135,404,1791456101.794422,camera_color_optical_frame,1,-0.3824,0.0549,0.00340,0.003,1,TRACKING,ok,22.845,3.116,deg/s,joint_states,-38.580,12.300,21.980,12.370,0.598,-0.364,-0.121,-0.237,-0.108,-31.351,9.781,,pan
assignment3_kp2_t3,16.255,1791456102.022915,404,1791456101.794422,camera_color_optical_frame,1,-0.3824,0.0549,0.00340,0.025,1,TRACKING,ok,22.845,3.116,deg/s,joint_states,-38.230,12.570,21.980,12.370,0.642,-0.314,-0.140,-0.400,-0.055,-26.063,11.068,,pan
assignment3_kp2_t3,16.273,1791456102.039547,404,1791456101.794422,camera_color_optical_frame,1,-0.3824,0.0549,0.00340,0.044,1,TRACKING,ok,22.845,3.116,deg/s,joint_states,-37.710,12.830,21.980,12.370,0.645,-0.311,-0.141,-0.395,-0.064,-25.707,11.135,,pan
assignment3_kp2_t3,16.295,1791456102.059437,405,1791456101.827778,camera_color_optical_frame,1,-0.3822,0.0467,0.00336,0.014,1,TRACKING,ok,22.835,0.000,deg/s,joint_states,-37.270,13.010,21.980,12.370,0.667,-0.316,-0.156,-0.392,-0.035,-25.311,11.963,,pan
assignment3_kp2_t3,16.318,1791456102.087196,406,1791456101.861134,camera_color_optical_frame,1,-0.3781,0.0228,0.00332,0.012,1,TRACKING,ok,22.593,0.000,deg/s,joint_states,-36.830,13.010,21.980,10.990,0.664,-0.315,-0.142,-0.376,-0.082,-25.387,10.925,,pan
assignment3_kp2_t3,16.343,1791456102.111704,407,1791456101.927845,camera_color_optical_frame,1,-0.3811,-0.0043,0.00326,0.009,0,TRACKING,ok,22.766,0.000,deg/s,joint_states,-36.830,13.010,21.980,10.990,0.457,-0.231,-0.113,-0.328,-0.018,-26.765,12.413,,pan
assignment3_kp2_t3,16.358,1791456102.123229,408,1791456101.961200,camera_color_optical_frame,1,-0.3926,-0.0089,0.00322,0.007,0,TRACKING,ok,23.435,0.000,deg/s,joint_states,-36.390,13.010,21.980,8.240,0.535,-0.273,-0.124,-0.305,-0.054,-27.046,11.634,,pan
assignment3_kp2_t3,16.373,1791456102.138890,410,1791456102.061267,camera_color_optical_frame,1,-0.4453,0.0037,0.00364,0.003,0,TRACKING,ok,26.478,0.000,deg/s,joint_states,-35.600,13.100,21.980,1.370,0.562,-0.217,-0.148,-0.475,0.052,-21.071,13.833,,pan
assignment3_kp2_t3,16.393,1791456102.157047,410,1791456102.061267,camera_color_optical_frame,1,-0.4453,0.0037,0.00364,0.022,0,TRACKING,ok,26.478,0.000,deg/s,joint_states,-35.070,13.100,21.980,0.000,0.571,-0.200,-0.145,-0.518,0.040,-19.320,13.498,,pan
assignment3_kp2_t3,16.414,1791456102.182794,410,1791456102.061267,camera_color_optical_frame,1,-0.4453,0.0037,0.00364,0.044,0,TRACKING,ok,26.478,0.000,deg/s,joint_states,-34.630,13.100,21.980,0.000,0.575,-0.192,-0.147,-0.532,0.048,-18.469,13.658,,pan
assignment3_kp2_t3,16.433,1791456102.201524,411,1791456102.094622,camera_color_optical_frame,0,0.0000,0.0000,0.00000,0.004,0,LOST,no_detection,0.000,0.000,deg/s,joint_states,-34.190,13.010,21.980,0.000,0.579,-0.185,-0.149,-0.543,0.060,-17.696,13.801,,pan
assignment3_kp2_t3,16.457,1791456102.221357,411,1791456102.094622,camera_color_optical_frame,0,0.0000,0.0000,0.00000,0.027,0,LOST,no_detection,0.000,0.000,deg/s,joint_states,-33.660,13.100,21.980,0.000,0.584,-0.176,-0.152,-0.556,0.065,-16.773,13.969,,pan
assignment3_kp2_t3,16.472,1791456102.237063,412,1791456102.127978,camera_color_optical_frame,0,0.0000,0.0000,0.00000,0.006,0,LOST,no_detection,0.000,0.000,deg/s,joint_states,-33.130,13.100,23.360,0.000,0.587,-0.170,-0.153,-0.559,0.070,-16.146,14.080,,pan
assignment3_kp2_t3,16.495,1791456102.261327,412,1791456102.127978,camera_color_optical_frame,0,0.0000,0.0000,0.00000,0.029,0,LOST,no_detection,0.000,0.000,deg/s,joint_states,-32.700,13.100,23.360,0.000,0.591,-0.161,-0.156,-0.575,0.079,-15.244,14.238,,pan
assignment3_kp2_t3,16.513,1791456102.278969,413,1791456102.161333,camera_color_optical_frame,0,0.0000,0.0000,0.00000,0.012,0,LOST,no_detection,0.000,0.000,deg/s,joint_states,-32.260,13.100,23.360,0.000,0.595,-0.154,-0.157,-0.584,0.086,-14.544,14.358,,pan
assignment3_kp2_t3,16.535,1791456102.300102,413,1791456102.161333,camera_color_optical_frame,0,0.0000,0.0000,0.00000,0.034,0,LOST,no_detection,0.000,0.000,deg/s,joint_states,-31.900,13.100,21.980,0.000,0.599,-0.146,-0.160,-0.601,0.094,-13.692,14.500,,pan
assignment3_kp2_t3,16.552,1791456102.318287,414,1791456102.194688,camera_color_optical_frame,0,0.0000,0.0000,0.00000,0.003,0,LOST,no_detection,0.000,0.000,deg/s,joint_states,-31.730,13.100,19.240,0.000,0.603,-0.140,-0.161,-0.618,0.101,-13.036,14.608,,pan
assignment3_kp2_t3,16.574,1791456102.339075,414,1791456102.194688,camera_color_optical_frame,0,0.0000,0.0000,0.00000,0.025,0,LOST,no_detection,0.000,0.000,deg/s,joint_states,-31.640,13.100,15.110,0.000,0.607,-0.131,-0.163,-0.644,0.110,-12.202,14.742,,pan
assignment3_kp2_t3,16.595,1791456102.364974,415,1791456102.228044,camera_color_optical_frame,0,0.0000,0.0000,0.00000,0.013,0,LOST,no_detection,0.000,0.000,deg/s,joint_states,-31.640,13.100,9.620,0.000,0.611,-0.123,-0.165,-0.672,0.119,-11.400,14.868,,pan
assignment3_kp2_t3,16.615,1791456102.379634,415,1791456102.228044,camera_color_optical_frame,0,0.0000,0.0000,0.00000,0.033,0,LOST,no_detection,0.000,0.000,deg/s,joint_states,-31.640,13.100,9.620,0.000,0.615,-0.116,-0.167,-0.699,0.128,-10.653,14.983,,pan
assignment3_kp2_t3,16.632,1791456102.397670,416,1791456102.261399,camera_color_optical_frame,0,0.0000,0.0000,0.00000,0.013,0,LOST,no_detection,0.000,0.000,deg/s,joint_states,-31.550,13.100,1.370,0.000,0.618,-0.109,-0.169,-0.719,0.135,-10.009,15.080,,pan
assignment3_kp2_t3,16.653,1791456102.419624,416,1791456102.261399,camera_color_optical_frame,0,0.0000,0.0000,0.00000,0.034,0,LOST,no_detection,0.000,0.000,deg/s,joint_states,-31.550,13.100,0.000,0.000,0.622,-0.101,-0.171,-0.747,0.144,-9.227,15.195,,pan
assignment3_kp2_t3,16.672,1791456102.436850,417,1791456102.294755,camera_color_optical_frame,0,0.0000,0.0000,0.00000,0.013,0,LOST,no_detection,0.000,0.000,deg/s,joint_states,-31.640,13.100,0.000,0.000,0.626,-0.094,-0.173,-0.776,0.153,-8.529,15.295,,pan
assignment3_kp2_t3,16.693,1791456102.456876,417,1791456102.294755,camera_color_optical_frame,0,0.0000,0.0000,0.00000,0.033,0,LOST,no_detection,0.000,0.000,deg/s,joint_states,-31.640,13.100,0.000,0.000,0.630,-0.086,-0.175,-0.803,0.162,-7.791,15.399,,pan
assignment3_kp2_t3,16.712,1791456102.478187,418,1791456102.328110,camera_color_optical_frame,0,0.0000,0.0000,0.00000,0.014,0,LOST,no_detection,0.000,0.000,deg/s,joint_states,-31.550,13.100,0.000,0.000,0.634,-0.079,-0.177,-0.826,0.170,-7.075,15.497,,pan
assignment3_kp2_t3,16.733,1791456102.501192,418,1791456102.328110,camera_color_optical_frame,0,0.0000,0.0000,0.00000,0.035,0,LOST,no_detection,0.000,0.000,deg/s,joint_states,-31.640,13.100,0.000,0.000,0.638,-0.071,-0.179,-0.858,0.179,-6.323,15.598,,pan
assignment3_kp2_t3,16.753,1791456102.517016,419,1791456102.361465,camera_color_optical_frame,0,0.0000,0.0000,0.00000,0.013,0,LOST,no_detection,0.000,0.000,deg/s,joint_states,-31.640,13.100,0.000,0.000,0.642,-0.063,-0.181,-0.883,0.188,-5.645,15.686,,pan
assignment3_kp2_t3,16.773,1791456102.537994,419,1791456102.361465,camera_color_optical_frame,0,0.0000,0.0000,0.00000,0.033,0,LOST,no_detection,0.000,0.000,deg/s,joint_states,-31.550,13.100,0.000,0.000,0.646,-0.056,-0.183,-0.907,0.196,-4.937,15.776,,pan
assignment3_kp2_t3,16.793,1791456102.557254,420,1791456102.394824,camera_color_optical_frame,0,0.0000,0.0000,0.00000,0.015,0,LOST,no_detection,0.000,0.000,deg/s,joint_states,-31.640,13.100,0.000,0.000,0.649,-0.048,-0.185,-0.937,0.205,-4.245,15.862,,pan
assignment3_kp2_t3,16.813,1791456102.577398,420,1791456102.394824,camera_color_optical_frame,0,0.0000,0.0000,0.00000,0.035,0,LOST,no_detection,0.000,0.000,deg/s,joint_states,-31.640,13.100,0.000,0.000,0.653,-0.040,-0.187,-0.965,0.214,-3.542,15.946,,pan
assignment3_kp2_t3,16.832,1791456102.597661,421,1791456102.428183,camera_color_optical_frame,0,0.0000,0.0000,0.00000,0.013,0,LOST,no_detection,0.000,0.000,deg/s,joint_states,-31.640,13.100,0.000,0.000,0.657,-0.033,-0.189,-0.991,0.223,-2.878,16.024,,pan
assignment3_kp2_t3,16.853,1791456102.617138,421,1791456102.428183,camera_color_optical_frame,0,0.0000,0.0000,0.00000,0.033,0,LOST,no_detection,0.000,0.000,deg/s,joint_states,-31.640,13.100,0.000,0.000,0.661,-0.025,-0.191,-1.018,0.232,-2.200,16.101,,pan
assignment3_kp2_t3,16.873,1791456102.639233,422,1791456102.461542,camera_color_optical_frame,0,0.0000,0.0000,0.00000,0.017,0,LOST,no_detection,0.000,0.000,deg/s,joint_states,-31.550,13.100,0.000,0.000,0.665,-0.018,-0.193,-1.042,0.240,-1.513,16.177,,pan
assignment3_kp2_t3,16.894,1791456102.658333,422,1791456102.461542,camera_color_optical_frame,0,0.0000,0.0000,0.00000,0.038,0,LOST,no_detection,0.000,0.000,deg/s,joint_states,-31.550,13.100,0.000,0.000,0.669,-0.010,-0.195,-1.070,0.249,-0.837,16.250,,pan
assignment3_kp2_t3,16.913,1791456102.678195,423,1791456102.494901,camera_color_optical_frame,0,0.0000,0.0000,0.00000,0.017,0,LOST,no_detection,0.000,0.000,deg/s,joint_states,-31.640,13.100,0.000,0.000,0.673,-0.002,-0.197,-1.100,0.258,-0.197,16.317,,pan
assignment3_kp2_t3,16.932,1791456102.700236,423,1791456102.494901,camera_color_optical_frame,0,0.0000,0.0000,0.00000,0.036,0,LOST,no_detection,0.000,0.000,deg/s,joint_states,-31.640,13.010,0.000,0.000,0.677,0.005,-0.199,-1.126,0.271,0.419,16.379,,pan
assignment3_kp2_t3,16.953,1791456102.719299,424,1791456102.528260,camera_color_optical_frame,0,0.0000,0.0000,0.00000,0.011,0,LOST,no_detection,0.000,0.000,deg/s,joint_states,-31.640,13.100,0.000,0.000,0.681,0.013,-0.201,-1.153,0.276,1.062,16.442,,pan
assignment3_kp2_t3,16.975,1791456102.743917,425,1791456102.561620,camera_color_optical_frame,1,-0.7519,0.1824,0.00283,0.003,1,LOST,confirming_1/3,0.000,0.000,deg/s,joint_states,-31.640,13.100,0.000,0.000,0.805,-0.124,-0.226,-0.765,0.161,-8.788,15.502,,pan
assignment3_kp2_t3,16.996,1791456102.762934,425,1791456102.561620,camera_color_optical_frame,1,-0.7519,0.1824,0.00283,0.024,1,LOST,confirming_1/3,0.000,0.000,deg/s,joint_states,-31.550,13.100,0.000,0.000,0.805,-0.124,-0.226,-0.762,0.161,-8.788,15.502,,pan
assignment3_kp2_t3,17.013,1791456102.780679,426,1791456102.594979,camera_color_optical_frame,1,-0.7707,0.1867,0.00268,0.006,1,LOST,confirming_2/3,0.000,0.000,deg/s,joint_states,-31.550,13.100,0.000,0.000,0.805,-0.117,-0.226,-0.781,0.165,-8.279,15.535,,pan
assignment3_kp2_t3,17.036,1791456102.805259,426,1791456102.594979,camera_color_optical_frame,1,-0.7707,0.1867,0.00268,0.029,1,LOST,confirming_2/3,0.000,0.000,deg/s,joint_states,-31.640,13.100,0.000,0.000,0.805,-0.117,-0.226,-0.784,0.165,-8.279,15.535,,pan
assignment3_kp2_t3,17.057,1791456102.825622,427,1791456102.628338,camera_color_optical_frame,1,-0.7893,0.1830,0.00287,0.007,1,TRACKING,reacquired_in_view,45.275,10.360,deg/s,joint_states,-31.640,13.100,0.000,0.000,0.812,-0.065,-0.220,-0.927,0.165,-4.578,15.090,,pan
assignment3_kp2_t3,17.077,1791456102.844273,427,1791456102.628338,camera_color_optical_frame,1,-0.7893,0.1830,0.00287,0.027,1,TRACKING,ok,45.275,10.360,deg/s,joint_states,-31.640,13.100,0.000,0.000,0.813,-0.061,-0.219,-0.940,0.166,-4.263,15.056,,pan
assignment3_kp2_t3,17.094,1791456102.861952,428,1791456102.661697,camera_color_optical_frame,1,-0.8065,0.1829,0.00291,0.007,1,TRACKING,ok,46.158,10.353,deg/s,joint_states,-31.640,13.100,0.000,0.000,0.825,-0.067,-0.217,-0.926,0.145,-4.661,14.694,,pan
assignment3_kp2_t3,17.114,1791456102.879335,428,1791456102.661697,camera_color_optical_frame,1,-0.8065,0.1829,0.00291,0.028,1,TRACKING,ok,46.158,10.353,deg/s,joint_states,-31.550,13.100,0.000,0.000,0.826,-0.063,-0.216,-0.934,0.143,-4.379,14.626,,pan
assignment3_kp2_t3,17.133,1791456102.900319,429,1791456102.695056,camera_color_optical_frame,1,-0.8210,0.1861,0.00289,0.014,1,TRACKING,ok,46.900,10.532,deg/s,joint_states,-31.640,13.100,0.000,0.000,0.828,-0.069,-0.227,-0.920,0.172,-4.757,15.247,,pan
assignment3_kp2_t3,17.156,1791456102.920349,429,1791456102.695056,camera_color_optical_frame,1,-0.8210,0.1861,0.00289,0.038,1,TRACKING,ok,46.900,10.532,deg/s,joint_states,-31.550,13.100,0.000,0.000,0.830,-0.065,-0.227,-0.926,0.172,-4.508,15.232,,pan
assignment3_kp2_t3,17.174,1791456102.939436,430,1791456102.728415,camera_color_optical_frame,1,-0.8317,0.1836,0.00303,0.009,1,TRACKING,ok,47.447,10.394,deg/s,joint_states,-31.380,13.180,0.000,0.000,0.820,-0.063,-0.223,-0.925,0.165,-4.378,15.156,,pan
assignment3_kp2_t3,17.195,1791456102.961249,430,1791456102.728415,camera_color_optical_frame,1,-0.8317,0.1836,0.00303,0.031,1,TRACKING,ok,47.447,10.394,deg/s,joint_states,-31.110,13.450,2.750,1.370,0.820,-0.060,-0.223,-0.923,0.152,-4.149,15.142,,pan
assignment3_kp2_t3,17.214,1791456102.979168,431,1791456102.761775,camera_color_optical_frame,1,-0.8423,0.1870,0.00306,0.011,1,TRACKING,ok,47.980,10.586,deg/s,joint_states,-30.590,13.620,9.620,4.120,0.814,-0.062,-0.221,-0.895,0.141,-4.339,15.174,,pan
assignment3_kp2_t3,17.235,1791456102.999578,431,1791456102.761775,camera_color_optical_frame,1,-0.8423,0.1870,0.00306,0.031,1,TRACKING,ok,47.980,10.586,deg/s,joint_states,-30.590,13.620,9.620,4.120,0.814,-0.059,-0.221,-0.902,0.142,-4.152,15.158,,pan
assignment3_kp2_t3,17.254,1791456103.018860,432,1791456102.795134,camera_color_optical_frame,1,-0.8523,0.1854,0.00317,0.014,1,TRACKING,ok,48.484,10.494,deg/s,joint_states,-29.360,14.060,21.980,9.620,0.831,-0.067,-0.226,-0.837,0.113,-4.596,15.165,,pan
assignment3_kp2_t3,17.274,1791456103.043316,432,1791456102.795134,camera_color_optical_frame,1,-0.8523,0.1854,0.00317,0.034,1,TRACKING,ok,48.484,10.494,deg/s,joint_states,-28.560,14.330,28.850,9.620,0.832,-0.065,-0.226,-0.812,0.097,-4.456,15.155,,pan
assignment3_kp2_t3,17.293,1791456103.058180,433,1791456102.828493,camera_color_optical_frame,1,-0.8614,0.1869,0.00305,0.011,1,TRACKING,ok,48.945,10.579,deg/s,joint_states,-27.690,14.500,34.350,9.620,0.840,-0.066,-0.226,-0.779,0.080,-4.483,15.050,,pan
assignment3_kp2_t3,17.314,1791456103.078879,433,1791456102.828493,camera_color_optical_frame,1,-0.8614,0.1869,0.00305,0.032,1,TRACKING,ok,48.945,10.579,deg/s,joint_states,-27.690,14.500,34.350,9.620,0.841,-0.064,-0.227,-0.784,0.079,-4.356,15.031,,pan
assignment3_kp2_t3,17.338,1791456103.108908,434,1791456102.861853,camera_color_optical_frame,1,-0.8704,0.1853,0.00316,0.009,1,TRACKING,ok,49.393,10.488,deg/s,joint_states,-25.750,14.940,43.970,10.990,0.835,-0.055,-0.224,-0.735,0.051,-3.759,14.983,,pan
assignment3_kp2_t3,17.355,1791456103.120031,434,1791456102.861853,camera_color_optical_frame,1,-0.8704,0.1853,0.00316,0.026,1,TRACKING,ok,49.393,10.488,deg/s,joint_states,-24.700,15.210,46.720,10.990,0.836,-0.053,-0.224,-0.701,0.034,-3.626,14.967,,pan
assignment3_kp2_t3,17.374,1791456103.146457,435,1791456102.928571,camera_color_optical_frame,1,-0.8553,0.1665,0.00263,0.012,1,TRACKING,ok,48.639,9.429,deg/s,joint_states,-23.820,15.380,46.720,10.990,0.828,-0.084,-0.219,-0.595,0.003,-5.762,14.728,,pan
assignment3_kp2_t3,17.393,1791456103.162383,435,1791456102.928571,camera_color_optical_frame,1,-0.8553,0.1665,0.00263,0.031,1,TRACKING,ok,48.639,9.429,deg/s,joint_states,-22.940,15.560,46.720,9.620,0.829,-0.084,-0.219,-0.564,-0.009,-5.772,14.696,,pan
assignment3_kp2_t3,17.417,1791456103.184655,436,1791456102.961931,camera_color_optical_frame,1,-0.8205,0.1475,0.00233,0.013,1,TRACKING,ok,46.877,8.357,deg/s,joint_states,-21.970,15.820,46.720,9.620,0.823,-0.083,-0.224,-0.530,-0.004,-5.764,15.127,,pan
assignment3_kp2_t3,17.436,1791456103.200747,437,1791456102.995290,camera_color_optical_frame,1,-0.7731,0.1234,0.00201,0.004,1,TRACKING,ok,44.435,6.995,deg/s,joint_states,-20.920,16.000,46.720,9.620,0.833,-0.100,-0.227,-0.456,-0.020,-6.871,15.110,,pan
assignment3_kp2_t3,17.454,1791456103.219666,437,1791456102.995290,camera_color_optical_frame,1,-0.7731,0.1234,0.00201,0.023,1,TRACKING,ok,44.435,6.995,deg/s,joint_states,-20.920,16.000,46.720,9.620,0.834,-0.102,-0.227,-0.454,-0.020,-6.953,15.112,,pan
assignment3_kp2_t3,17.475,1791456103.240728,438,1791456103.028649,camera_color_optical_frame,1,-0.7173,0.1012,0.00178,0.007,1,TRACKING,ok,41.514,5.737,deg/s,joint_states,-18.900,16.440,48.090,10.990,0.843,-0.105,-0.230,-0.381,-0.043,-7.091,15.160,,pan
assignment3_kp2_t3,17.494,1791456103.259506,438,1791456103.028649,camera_color_optical_frame,1,-0.7173,0.1012,0.00178,0.027,1,TRACKING,ok,41.514,5.737,deg/s,joint_states,-18.020,16.700,48.090,9.620,0.845,-0.106,-0.231,-0.349,-0.056,-7.183,15.162,,pan
assignment3_kp2_t3,17.523,1791456103.288781,439,1791456103.062009,camera_color_optical_frame,1,-0.6559,0.0778,0.00170,0.023,1,TRACKING,ok,38.227,4.413,deg/s,joint_states,-16.960,16.870,49.460,9.620,0.831,-0.103,-0.230,-0.318,-0.056,-7.080,15.380,,pan
assignment3_kp2_t3,17.534,1791456103.299227,439,1791456103.062009,camera_color_optical_frame,1,-0.6559,0.0778,0.00170,0.034,1,TRACKING,ok,38.227,4.413,deg/s,joint_states,-16.080,17.050,48.090,9.620,0.832,-0.104,-0.231,-0.287,-0.065,-7.123,15.391,,pan
assignment3_kp2_t3,17.554,1791456103.320509,440,1791456103.128728,camera_color_optical_frame,1,-0.5400,0.0378,0.00180,0.016,1,TRACKING,ok,31.847,0.000,deg/s,joint_states,-15.210,17.140,46.720,8.240,0.827,-0.098,-0.229,-0.270,-0.071,-6.783,15.369,,pan
assignment3_kp2_t3,17.574,1791456103.340038,440,1791456103.128728,camera_color_optical_frame,1,-0.5400,0.0378,0.00180,0.036,1,TRACKING,ok,31.847,0.000,deg/s,joint_states,-15.210,17.140,46.720,8.240,0.827,-0.099,-0.229,-0.269,-0.070,-6.830,15.385,,pan
assignment3_kp2_t3,17.594,1791456103.358572,441,1791456103.162087,camera_color_optical_frame,1,-0.4820,0.0186,0.00159,0.007,1,TRACKING,ok,28.577,0.000,deg/s,joint_states,-14.240,17.230,45.340,6.870,0.829,-0.098,-0.232,-0.240,-0.069,-6.742,15.539,,pan
assignment3_kp2_t3,17.613,1791456103.378408,442,1791456103.195447,camera_color_optical_frame,1,-0.4225,-0.0044,0.00166,0.003,1,TRACKING,ok,25.167,0.000,deg/s,joint_states,-12.660,17.400,43.970,5.500,0.827,-0.101,-0.229,-0.181,-0.086,-6.986,15.378,,pan
assignment3_kp2_t3,17.633,1791456103.398993,442,1791456103.195447,camera_color_optical_frame,1,-0.4225,-0.0044,0.00166,0.023,1,TRACKING,ok,25.167,0.000,deg/s,joint_states,-11.950,17.490,41.220,4.120,0.827,-0.102,-0.229,-0.157,-0.090,-7.037,15.391,,pan
assignment3_kp2_t3,17.662,1791456103.430517,443,1791456103.228806,camera_color_optical_frame,1,-0.3654,-0.0201,0.00164,0.011,1,TRACKING,ok,21.853,0.000,deg/s,joint_states,-11.250,17.490,39.850,2.750,0.840,-0.104,-0.236,-0.133,-0.083,-7.080,15.561,,pan
assignment3_kp2_t3,17.677,1791456103.445778,443,1791456103.228806,camera_color_optical_frame,1,-0.3654,-0.0201,0.00164,0.027,1,TRACKING,ok,21.853,0.000,deg/s,joint_states,-10.630,17.490,37.100,1.370,0.840,-0.105,-0.236,-0.112,-0.083,-7.120,15.577,,pan
assignment3_kp2_t3,17.696,1791456103.461738,444,1791456103.262166,camera_color_optical_frame,1,-0.3105,-0.0344,0.00170,0.007,1,TRACKING,ok,18.633,0.000,deg/s,joint_states,-10.630,17.490,37.100,1.370,0.809,-0.097,-0.233,-0.120,-0.067,-6.870,15.938,,pan
assignment3_kp2_t3,17.716,1791456103.481632,444,1791456103.262166,camera_color_optical_frame,1,-0.3105,-0.0344,0.00170,0.028,1,TRACKING,ok,18.633,0.000,deg/s,joint_states,-10.020,17.490,34.350,0.000,0.807,-0.098,-0.233,-0.099,-0.065,-6.898,15.992,,pan
assignment3_kp2_t3,17.735,1791456103.501166,445,1791456103.295525,camera_color_optical_frame,1,-0.2585,-0.0447,0.00177,0.015,1,TRACKING,ok,15.557,0.000,deg/s,joint_states,-8.790,17.490,28.850,0.000,0.789,-0.105,-0.225,-0.038,-0.074,-7.586,15.812,,pan
assignment3_kp2_t3,17.755,1791456103.524910,445,1791456103.295525,camera_color_optical_frame,1,-0.2585,-0.0447,0.00177,0.036,1,TRACKING,ok,15.557,0.000,deg/s,joint_states,-8.350,17.490,27.480,0.000,0.785,-0.106,-0.225,-0.022,-0.072,-7.667,15.848,,pan
assignment3_kp2_t3,17.774,1791456103.544908,446,1791456103.328880,camera_color_optical_frame,1,-0.2099,-0.0565,0.00177,0.011,1,TRACKING,ok,12.659,-3.205,deg/s,joint_states,-8.350,17.490,27.480,0.000,0.834,-0.105,-0.234,-0.037,-0.085,-7.196,15.555,,pan
assignment3_kp2_t3,17.792,1791456103.557119,447,1791456103.428946,camera_color_optical_frame,1,-0.0927,-0.0719,0.00200,0.008,0,TRACKING,ok,5.610,-4.075,deg/s,joint_states,-7.380,17.490,24.730,0.000,0.573,-0.074,-0.164,-0.002,-0.073,-7.313,15.841,,pan
assignment3_kp2_t3,17.815,1791456103.580755,448,1791456103.462301,camera_color_optical_frame,1,-0.0627,-0.0732,0.00213,0.020,0,TRACKING,ok,3.796,-4.150,deg/s,joint_states,-7.380,17.490,24.730,0.000,0.573,-0.073,-0.163,-0.003,-0.076,-7.281,15.762,,pan
assignment3_kp2_t3,17.833,1791456103.604568,449,1791456103.495655,camera_color_optical_frame,1,-0.0352,-0.0742,0.00200,0.015,0,TRACKING,ok,2.129,-4.207,deg/s,joint_states,-6.680,17.490,21.980,0.000,0.572,-0.072,-0.163,0.015,-0.077,-7.142,15.750,,pan
assignment3_kp2_t3,17.854,1791456103.618696,449,1791456103.495655,camera_color_optical_frame,1,-0.0352,-0.0742,0.00200,0.036,0,TRACKING,ok,2.129,-4.207,deg/s,joint_states,-6.680,17.490,21.980,0.000,0.572,-0.071,-0.163,0.014,-0.077,-7.121,15.739,,pan
assignment3_kp2_t3,17.880,1791456103.650752,450,1791456103.529011,camera_color_optical_frame,1,-0.0111,-0.0743,0.00196,0.021,1,TRACKING,ok,0.000,-4.215,deg/s,joint_states,-5.980,17.490,17.860,0.000,0.890,-0.105,-0.244,0.023,-0.099,-6.713,15.255,,pan
assignment3_kp2_t3,17.896,1791456103.661061,451,1791456103.562366,camera_color_optical_frame,1,0.0101,-0.0731,0.00201,0.005,1,TRACKING,ok,0.000,-4.143,deg/s,joint_states,-5.800,17.400,15.110,0.000,0.881,-0.104,-0.241,0.031,-0.096,-6.761,15.223,,pan
assignment3_kp2_t3,17.916,1791456103.682712,451,1791456103.562366,camera_color_optical_frame,1,0.0101,-0.0731,0.00201,0.025,1,TRACKING,ok,0.000,-4.143,deg/s,joint_states,-5.620,17.310,12.370,-1.370,0.890,-0.105,-0.244,0.036,-0.092,-6.751,15.211,,pan
assignment3_kp2_t3,17.933,1791456103.698688,451,1791456103.562366,camera_color_optical_frame,1,0.0101,-0.0731,0.00201,0.041,1,TRACKING,ok,0.000,-4.143,deg/s,joint_states,-5.540,17.310,9.620,-1.370,0.898,-0.106,-0.246,0.038,-0.093,-6.743,15.201,,pan
assignment3_kp2_t3,17.955,1791456103.721135,452,1791456103.595721,camera_color_optical_frame,1,0.0279,-0.0736,0.00214,0.017,1,TRACKING,ok,0.000,-4.173,deg/s,joint_states,-5.450,17.230,6.870,-2.750,0.893,-0.105,-0.245,0.041,-0.087,-6.724,15.264,,pan
assignment3_kp2_t3,17.973,1791456103.738450,452,1791456103.595721,camera_color_optical_frame,1,0.0279,-0.0736,0.00214,0.034,1,TRACKING,ok,0.000,-4.173,deg/s,joint_states,-5.450,17.230,6.870,-2.750,0.901,-0.106,-0.248,0.040,-0.087,-6.715,15.255,,pan
assignment3_kp2_t3,17.994,1791456103.760344,453,1791456103.629076,camera_color_optical_frame,1,0.0398,-0.0731,0.00226,0.016,1,TRACKING,ok,-2.408,-4.147,deg/s,joint_states,-5.450,17.050,2.750,-2.750,0.838,-0.095,-0.230,0.032,-0.077,-6.446,15.291,,pan
assignment3_kp2_t3,18.016,1791456103.786100,454,1791456103.662431,camera_color_optical_frame,1,0.0472,-0.0685,0.00234,0.008,1,TRACKING,ok,-2.855,-3.884,deg/s,joint_states,-5.450,17.050,2.750,-2.750,0.838,-0.094,-0.231,0.030,-0.077,-6.405,15.291,,pan
assignment3_kp2_t3,18.034,1791456103.802142,454,1791456103.662431,camera_color_optical_frame,1,0.0472,-0.0685,0.00234,0.027,1,TRACKING,ok,-2.855,-3.884,deg/s,joint_states,-5.450,16.870,0.000,-4.120,0.841,-0.094,-0.229,0.029,-0.077,-6.360,15.133,,pan
assignment3_kp2_t3,18.057,1791456103.823945,455,1791456103.695786,camera_color_optical_frame,1,0.0517,-0.0627,0.00220,0.012,1,TRACKING,ok,-3.129,-3.557,deg/s,joint_states,-5.450,16.870,0.000,-4.120,0.835,-0.096,-0.231,0.036,-0.065,-6.581,15.392,,pan
assignment3_kp2_t3,18.073,1791456103.837572,456,1791456103.729141,camera_color_optical_frame,1,0.0514,-0.0565,0.00221,0.003,1,TRACKING,ok,-3.114,-3.206,deg/s,joint_states,-5.450,16.610,0.000,-4.120,0.826,-0.096,-0.229,0.037,-0.054,-6.616,15.385,,pan
assignment3_kp2_t3,18.092,1791456103.856493,456,1791456103.729141,camera_color_optical_frame,1,0.0514,-0.0565,0.00221,0.023,1,TRACKING,ok,-3.114,-3.206,deg/s,joint_states,-5.450,16.520,0.000,-4.120,0.824,-0.096,-0.229,0.037,-0.049,-6.612,15.398,,pan
assignment3_kp2_t3,18.113,1791456103.877666,456,1791456103.729141,camera_color_optical_frame,1,0.0514,-0.0565,0.00221,0.044,1,TRACKING,ok,-3.114,-3.206,deg/s,joint_states,-5.450,16.520,0.000,-4.120,0.823,-0.095,-0.228,0.037,-0.049,-6.609,15.413,,pan
assignment3_kp2_t3,18.133,1791456103.898983,457,1791456103.762496,camera_color_optical_frame,1,0.0514,-0.0503,0.00220,0.016,1,TRACKING,ok,-3.112,-2.850,deg/s,joint_states,-5.540,16.440,0.000,-2.750,0.838,-0.097,-0.230,0.034,-0.052,-6.603,15.262,,pan
assignment3_kp2_t3,18.155,1791456103.919434,457,1791456103.762496,camera_color_optical_frame,1,0.0514,-0.0503,0.00220,0.038,1,TRACKING,ok,-3.112,-2.850,deg/s,joint_states,-5.540,16.440,0.000,-2.750,0.838,-0.097,-0.230,0.034,-0.052,-6.598,15.255,,pan
assignment3_kp2_t3,18.174,1791456103.940726,458,1791456103.795851,camera_color_optical_frame,1,0.0514,-0.0440,0.00221,0.010,1,TRACKING,ok,-3.113,0.000,deg/s,joint_states,-5.710,16.260,-2.750,-2.750,0.844,-0.098,-0.232,0.029,-0.043,-6.635,15.293,,pan
assignment3_kp2_t3,18.195,1791456103.960619,459,1791456103.829206,camera_color_optical_frame,1,0.0514,-0.0380,0.00221,0.003,1,TRACKING,ok,-3.109,0.000,deg/s,joint_states,-5.710,16.260,-2.750,-2.750,0.845,-0.098,-0.233,0.029,-0.043,-6.635,15.292,,pan
assignment3_kp2_t3,18.216,1791456103.981596,459,1791456103.829206,camera_color_optical_frame,1,0.0514,-0.0380,0.00221,0.024,1,TRACKING,ok,-3.109,0.000,deg/s,joint_states,-5.800,16.170,-2.750,-2.750,0.834,-0.097,-0.225,0.026,-0.053,-6.629,14.973,,pan
assignment3_kp2_t3,18.241,1791456104.013679,460,1791456103.862561,camera_color_optical_frame,1,0.0478,-0.0318,0.00237,0.008,1,TRACKING,ok,-2.891,0.000,deg/s,joint_states,-5.800,16.170,-2.750,-2.750,0.839,-0.093,-0.230,0.017,-0.040,-6.346,15.256,,pan
assignment3_kp2_t3,18.258,1791456104.023112,460,1791456103.862561,camera_color_optical_frame,1,0.0478,-0.0318,0.00237,0.026,1,TRACKING,ok,-2.891,0.000,deg/s,joint_states,-5.800,16.170,-1.370,-1.370,0.839,-0.093,-0.230,0.017,-0.040,-6.321,15.251,,pan
assignment3_kp2_t3,18.273,1791456104.039052,461,1791456103.895917,camera_color_optical_frame,1,0.0428,-0.0253,0.00236,0.006,1,TRACKING,ok,-2.593,0.000,deg/s,joint_states,-5.890,16.170,0.000,0.000,0.846,-0.094,-0.236,0.014,-0.031,-6.324,15.477,,pan
assignment3_kp2_t3,18.294,1791456104.058977,461,1791456103.895917,camera_color_optical_frame,1,0.0428,-0.0253,0.00236,0.026,1,TRACKING,ok,-2.593,0.000,deg/s,joint_states,-5.980,16.170,-1.370,0.000,0.847,-0.093,-0.236,0.010,-0.029,-6.294,15.504,,pan
assignment3_kp2_t3,18.318,1791456104.083725,462,1791456103.929272,camera_color_optical_frame,1,0.0400,-0.0216,0.00227,0.018,1,TRACKING,ok,-2.418,0.000,deg/s,joint_states,-5.980,16.170,-1.370,0.000,0.834,-0.098,-0.227,0.023,-0.047,-6.686,15.100,,pan
assignment3_kp2_t3,18.334,1791456104.102571,462,1791456103.929272,camera_color_optical_frame,1,0.0400,-0.0216,0.00227,0.034,1,TRACKING,ok,-2.418,0.000,deg/s,joint_states,-6.240,16.170,-2.750,0.000,0.834,-0.098,-0.226,0.015,-0.048,-6.697,15.086,,pan
assignment3_kp2_t3,18.357,1791456104.122598,463,1791456103.962627,camera_color_optical_frame,1,0.0398,-0.0197,0.00226,0.011,1,TRACKING,ok,-2.408,0.000,deg/s,joint_states,-6.240,16.170,-4.120,0.000,0.834,-0.099,-0.227,0.016,-0.045,-6.744,15.146,,pan
assignment3_kp2_t3,18.377,1791456104.143592,464,1791456103.995982,camera_color_optical_frame,1,0.0376,-0.0191,0.00229,0.007,1,TRACKING,ok,-2.277,0.000,deg/s,joint_states,-6.240,16.170,-1.370,0.000,0.830,-0.094,-0.228,0.008,-0.039,-6.476,15.286,,pan
assignment3_kp2_t3,18.395,1791456104.160072,464,1791456103.995982,camera_color_optical_frame,1,0.0376,-0.0191,0.00229,0.025,1,TRACKING,ok,-2.277,0.000,deg/s,joint_states,-6.240,16.170,-1.370,0.000,0.829,-0.094,-0.228,0.007,-0.039,-6.467,15.290,,pan
assignment3_kp2_t3,18.414,1791456104.182712,465,1791456104.029337,camera_color_optical_frame,1,0.0322,-0.0187,0.00225,0.013,1,TRACKING,ok,-1.950,0.000,deg/s,joint_states,-6.420,16.170,-1.370,0.000,0.845,-0.094,-0.233,-0.003,-0.038,-6.325,15.310,,pan
assignment3_kp2_t3,18.433,1791456104.199384,465,1791456104.029337,camera_color_optical_frame,1,0.0322,-0.0187,0.00225,0.032,1,TRACKING,ok,-1.950,0.000,deg/s,joint_states,-6.420,16.170,-1.370,0.000,0.846,-0.093,-0.233,-0.004,-0.038,-6.299,15.316,,pan
assignment3_kp2_t3,18.455,1791456104.224229,466,1791456104.062692,camera_color_optical_frame,1,0.0269,-0.0208,0.00227,0.015,1,TRACKING,ok,0.000,0.000,deg/s,joint_states,-6.500,16.170,-2.750,0.000,0.840,-0.102,-0.229,0.013,-0.046,-6.898,15.122,,pan
assignment3_kp2_t3,18.474,1791456104.239627,466,1791456104.062692,camera_color_optical_frame,1,0.0269,-0.0208,0.00227,0.033,1,TRACKING,ok,0.000,0.000,deg/s,joint_states,-6.500,16.170,-2.750,0.000,0.841,-0.102,-0.229,0.014,-0.047,-6.927,15.111,,pan
assignment3_kp2_t3,18.499,1791456104.267498,467,1791456104.096047,camera_color_optical_frame,1,0.0265,-0.0195,0.00221,0.019,1,TRACKING,ok,0.000,0.000,deg/s,joint_states,-6.680,16.170,-2.750,0.000,0.828,-0.101,-0.227,0.008,-0.043,-6.935,15.193,,pan
assignment3_kp2_t3,18.514,1791456104.278280,467,1791456104.096047,camera_color_optical_frame,1,0.0265,-0.0195,0.00221,0.034,1,TRACKING,ok,0.000,0.000,deg/s,joint_states,-6.680,16.170,-2.750,0.000,0.828,-0.101,-0.226,0.009,-0.043,-6.962,15.189,,pan
assignment3_kp2_t3,18.534,1791456104.302083,468,1791456104.129403,camera_color_optical_frame,1,0.0233,-0.0203,0.00240,0.014,1,TRACKING,ok,0.000,0.000,deg/s,joint_states,-6.680,16.170,-2.750,0.000,0.836,-0.095,-0.229,-0.007,-0.040,-6.455,15.257,,pan
assignment3_kp2_t3,18.554,1791456104.319564,468,1791456104.129403,camera_color_optical_frame,1,0.0233,-0.0203,0.00240,0.035,1,TRACKING,ok,0.000,0.000,deg/s,joint_states,-6.680,16.170,0.000,0.000,0.836,-0.094,-0.230,-0.008,-0.040,-6.438,15.261,,pan
assignment3_kp2_t3,18.578,1791456104.344462,469,1791456104.162758,camera_color_optical_frame,1,0.0202,-0.0205,0.00222,0.020,1,TRACKING,ok,0.000,0.000,deg/s,joint_states,-6.680,16.170,0.000,0.000,0.836,-0.098,-0.228,-0.000,-0.045,-6.678,15.160,,pan
assignment3_kp2_t3,18.596,1791456104.365980,470,1791456104.196113,camera_color_optical_frame,1,0.0166,-0.0199,0.00237,0.006,1,TRACKING,ok,0.000,0.000,deg/s,joint_states,-6.680,16.170,0.000,0.000,0.833,-0.096,-0.228,-0.003,-0.041,-6.580,15.251,,pan
assignment3_kp2_t3,18.616,1791456104.381690,470,1791456104.196113,camera_color_optical_frame,1,0.0166,-0.0199,0.00237,0.026,1,TRACKING,ok,0.000,0.000,deg/s,joint_states,-6.680,16.170,0.000,0.000,0.832,-0.096,-0.228,-0.003,-0.040,-6.578,15.253,,pan
assignment3_kp2_t3,18.634,1791456104.403791,471,1791456104.229468,camera_color_optical_frame,1,0.0139,-0.0209,0.00223,0.011,1,TRACKING,ok,0.000,0.000,deg/s,joint_states,-6.680,16.170,0.000,0.000,0.836,-0.098,-0.228,-0.000,-0.043,-6.673,15.189,,pan
assignment3_kp2_t3,18.653,1791456104.418871,471,1791456104.229468,camera_color_optical_frame,1,0.0139,-0.0209,0.00223,0.030,1,TRACKING,ok,0.000,0.000,deg/s,joint_states,-6.680,16.170,0.000,0.000,0.836,-0.098,-0.228,-0.000,-0.043,-6.674,15.186,,pan
assignment3_kp2_t3,18.677,1791456104.443130,472,1791456104.262823,camera_color_optical_frame,1,0.0140,-0.0210,0.00222,0.018,1,TRACKING,ok,0.000,0.000,deg/s,joint_states,-6.680,16.170,0.000,0.000,0.842,-0.103,-0.229,0.008,-0.045,-6.945,15.142,,pan
assignment3_kp2_t3,18.696,1791456104.468547,473,1791456104.296179,camera_color_optical_frame,1,0.0139,-0.0214,0.00223,0.005,1,TRACKING,ok,0.000,0.000,deg/s,joint_states,-6.680,16.170,0.000,0.000,0.845,-0.101,-0.230,0.005,-0.045,-6.842,15.145,,pan
assignment3_kp2_t3,18.713,1791456104.479007,473,1791456104.296179,camera_color_optical_frame,1,0.0139,-0.0214,0.00223,0.022,1,TRACKING,ok,0.000,0.000,deg/s,joint_states,-6.680,16.170,0.000,0.000,0.846,-0.102,-0.230,0.006,-0.045,-6.858,15.139,,pan
assignment3_kp2_t3,18.742,1791456104.510167,474,1791456104.329536,camera_color_optical_frame,1,0.0141,-0.0202,0.00222,0.010,1,TRACKING,ok,0.000,0.000,deg/s,joint_states,-6.680,16.170,0.000,0.000,0.847,-0.102,-0.231,0.007,-0.046,-6.885,15.130,,pan
assignment3_kp2_t3,18.757,1791456104.526239,474,1791456104.329536,camera_color_optical_frame,1,0.0141,-0.0202,0.00222,0.026,1,TRACKING,ok,0.000,0.000,deg/s,joint_states,-6.680,16.170,0.000,0.000,0.838,-0.099,-0.230,0.003,-0.040,-6.762,15.256,,pan
assignment3_kp2_t3,18.778,1791456104.546695,475,1791456104.362899,camera_color_optical_frame,1,0.0141,-0.0203,0.00221,0.014,1,TRACKING,ok,0.000,0.000,deg/s,joint_states,-6.680,16.170,0.000,0.000,0.838,-0.099,-0.231,0.001,-0.039,-6.708,15.287,,pan
assignment3_kp2_t3,18.803,1791456104.576540,476,1791456104.396262,camera_color_optical_frame,1,0.0139,-0.0215,0.00222,0.013,1,TRACKING,ok,0.000,0.000,deg/s,joint_states,-6.680,16.170,0.000,0.000,0.841,-0.099,-0.230,0.000,-0.043,-6.689,15.191,,pan
assignment3_kp2_t3,18.817,1791456104.584721,476,1791456104.396262,camera_color_optical_frame,1,0.0139,-0.0215,0.00222,0.026,1,TRACKING,ok,0.000,0.000,deg/s,joint_states,-6.680,16.170,0.000,0.000,0.842,-0.099,-0.230,0.000,-0.043,-6.689,15.190,,pan
assignment3_kp2_t3,18.833,1791456104.597147,477,1791456104.429625,camera_color_optical_frame,1,0.0139,-0.0214,0.00223,0.008,1,TRACKING,ok,0.000,0.000,deg/s,joint_states,-6.680,16.170,0.000,0.000,0.839,-0.098,-0.230,-0.000,-0.040,-6.675,15.260,,pan
assignment3_kp2_t3,18.854,1791456104.619346,477,1791456104.429625,camera_color_optical_frame,1,0.0139,-0.0214,0.00223,0.030,1,TRACKING,ok,0.000,0.000,deg/s,joint_states,-6.680,16.170,0.000,0.000,0.839,-0.098,-0.230,-0.000,-0.040,-6.673,15.264,,pan
assignment3_kp2_t3,18.873,1791456104.638425,478,1791456104.462988,camera_color_optical_frame,1,0.0139,-0.0215,0.00223,0.002,1,TRACKING,ok,0.000,0.000,deg/s,joint_states,-6.680,16.170,0.000,0.000,0.839,-0.098,-0.230,-0.000,-0.040,-6.671,15.267,,pan
assignment3_kp2_t3,18.894,1791456104.659467,478,1791456104.462988,camera_color_optical_frame,1,0.0139,-0.0215,0.00223,0.023,1,TRACKING,ok,0.000,0.000,deg/s,joint_states,-6.680,16.170,0.000,0.000,0.836,-0.098,-0.229,0.000,-0.043,-6.691,15.196,,pan
assignment3_kp2_t3,18.913,1791456104.678364,479,1791456104.496351,camera_color_optical_frame,1,0.0140,-0.0206,0.00221,0.011,1,TRACKING,ok,0.000,0.000,deg/s,joint_states,-6.680,16.170,0.000,0.000,0.839,-0.099,-0.229,0.001,-0.044,-6.704,15.172,,pan
assignment3_kp2_t3,18.935,1791456104.700870,479,1791456104.496351,camera_color_optical_frame,1,0.0140,-0.0206,0.00221,0.034,1,TRACKING,ok,0.000,0.000,deg/s,joint_states,-6.680,16.170,0.000,0.000,0.839,-0.099,-0.229,0.001,-0.044,-6.706,15.167,,pan
assignment3_kp2_t3,18.952,1791456104.717056,480,1791456104.529715,camera_color_optical_frame,1,0.0140,-0.0212,0.00221,0.013,1,TRACKING,ok,0.000,0.000,deg/s,joint_states,-6.680,16.170,0.000,0.000,0.839,-0.097,-0.230,-0.003,-0.042,-6.580,15.221,,pan
assignment3_kp2_t3,18.973,1791456104.738295,480,1791456104.529715,camera_color_optical_frame,1,0.0140,-0.0212,0.00221,0.033,1,TRACKING,ok,0.000,0.000,deg/s,joint_states,-6.680,16.170,0.000,0.000,0.839,-0.097,-0.230,-0.003,-0.042,-6.571,15.223,,pan
assignment3_kp2_t3,18.992,1791456104.756700,481,1791456104.563077,camera_color_optical_frame,1,0.0140,-0.0210,0.00222,0.006,1,TRACKING,ok,0.000,0.000,deg/s,joint_states,-6.680,16.170,0.000,0.000,0.839,-0.094,-0.229,-0.009,-0.043,-6.401,15.183,,pan
assignment3_kp2_t3,19.013,1791456104.779695,481,1791456104.563077,camera_color_optical_frame,1,0.0140,-0.0210,0.00222,0.027,1,TRACKING,ok,0.000,0.000,deg/s,joint_states,-6.680,16.170,0.000,0.000,0.839,-0.094,-0.229,-0.010,-0.044,-6.378,15.181,,pan
assignment3_kp2_t3,19.033,1791456104.797003,481,1791456104.563077,camera_color_optical_frame,1,0.0140,-0.0210,0.00222,0.047,1,TRACKING,ok,0.000,0.000,deg/s,joint_states,-6.680,16.170,0.000,0.000,0.839,-0.094,-0.229,-0.010,-0.044,-6.356,15.178,,pan
assignment3_kp2_t3,19.055,1791456104.827279,482,1791456104.596440,camera_color_optical_frame,1,0.0139,-0.0210,0.00223,0.020,1,TRACKING,ok,0.000,0.000,deg/s,joint_states,-6.680,16.170,0.000,0.000,0.830,-0.097,-0.227,0.000,-0.043,-6.682,15.185,,pan
assignment3_kp2_t3,19.072,1791456104.838426,482,1791456104.596440,camera_color_optical_frame,1,0.0139,-0.0210,0.00223,0.037,1,TRACKING,ok,0.000,0.000,deg/s,joint_states,-6.680,16.170,0.000,0.000,0.829,-0.097,-0.227,0.000,-0.043,-6.681,15.183,,pan
assignment3_kp2_t3,19.093,1791456104.860896,483,1791456104.629804,camera_color_optical_frame,1,0.0148,-0.0205,0.00228,0.017,1,TRACKING,ok,0.000,0.000,deg/s,joint_states,-6.680,16.170,0.000,0.000,0.830,-0.099,-0.228,0.004,-0.040,-6.796,15.259,,pan
assignment3_kp2_t3,19.113,1791456104.880530,483,1791456104.629804,camera_color_optical_frame,1,0.0148,-0.0205,0.00228,0.037,1,TRACKING,ok,0.000,0.000,deg/s,joint_states,-6.680,16.170,0.000,0.000,0.829,-0.099,-0.228,0.004,-0.040,-6.808,15.262,,pan
assignment3_kp2_t3,19.138,1791456104.906733,484,1791456104.663167,camera_color_optical_frame,1,0.0187,-0.0180,0.00234,0.013,1,TRACKING,ok,0.000,0.000,deg/s,joint_states,-6.680,16.170,0.000,0.000,0.825,-0.107,-0.231,0.022,-0.029,-7.375,15.521,,pan
assignment3_kp2_t3,19.155,1791456104.923491,485,1791456104.696530,camera_color_optical_frame,1,0.0203,-0.0199,0.00237,0.008,1,TRACKING,ok,0.000,0.000,deg/s,joint_states,-6.680,16.170,0.000,0.000,0.822,-0.111,-0.227,0.031,-0.040,-7.661,15.269,,pan
assignment3_kp2_t3,19.178,1791456104.943213,485,1791456104.696530,camera_color_optical_frame,1,0.0203,-0.0199,0.00237,0.031,1,TRACKING,ok,0.000,0.000,deg/s,joint_states,-6.680,16.170,0.000,0.000,0.821,-0.112,-0.226,0.034,-0.039,-7.742,15.273,,pan
assignment3_kp2_t3,19.193,1791456104.961464,486,1791456104.763257,camera_color_optical_frame,1,0.0251,-0.0264,0.00245,0.009,1,TRACKING,ok,0.000,0.000,deg/s,joint_states,-6.680,16.170,0.000,0.000,0.824,-0.108,-0.217,0.026,-0.067,-7.483,14.651,,pan
assignment3_kp2_t3,19.216,1791456104.981113,486,1791456104.763257,camera_color_optical_frame,1,0.0251,-0.0264,0.00245,0.033,1,TRACKING,ok,0.000,0.000,deg/s,joint_states,-6.680,16.170,0.000,0.000,0.823,-0.109,-0.216,0.027,-0.069,-7.537,14.599,,pan
assignment3_kp2_t3,19.233,1791456104.997780,487,1791456104.796620,camera_color_optical_frame,1,0.0284,-0.0270,0.00246,0.012,1,TRACKING,ok,0.000,0.000,deg/s,joint_states,-6.590,16.170,0.000,0.000,0.832,-0.104,-0.226,0.018,-0.048,-7.141,15.070,,pan
assignment3_kp2_t3,19.254,1791456105.019077,487,1791456104.796620,camera_color_optical_frame,1,0.0284,-0.0270,0.00246,0.033,1,TRACKING,ok,0.000,0.000,deg/s,joint_states,-6.590,16.170,0.000,0.000,0.832,-0.104,-0.226,0.018,-0.048,-7.141,15.070,,pan
assignment3_kp2_t3,19.273,1791456105.037236,488,1791456104.829983,camera_color_optical_frame,1,0.0303,-0.0261,0.00245,0.013,1,TRACKING,ok,-1.834,0.000,deg/s,joint_states,-6.680,16.170,0.000,0.000,0.845,-0.114,-0.230,0.032,-0.047,-7.694,15.111,,pan
assignment3_kp2_t3,19.293,1791456105.058123,488,1791456104.829983,camera_color_optical_frame,1,0.0303,-0.0261,0.00245,0.034,1,TRACKING,ok,-1.834,0.000,deg/s,joint_states,-6.680,16.170,0.000,0.000,0.846,-0.115,-0.231,0.034,-0.046,-7.743,15.113,,pan
assignment3_kp2_t3,19.313,1791456105.082646,489,1791456104.863346,camera_color_optical_frame,1,0.0317,-0.0273,0.00248,0.013,1,TRACKING,ok,-1.922,0.000,deg/s,joint_states,-6.590,16.170,0.000,0.000,0.843,-0.111,-0.229,0.028,-0.050,-7.478,15.044,,pan
assignment3_kp2_t3,19.334,1791456105.098388,489,1791456104.863346,camera_color_optical_frame,1,0.0317,-0.0273,0.00248,0.034,1,TRACKING,ok,-1.922,0.000,deg/s,joint_states,-6.590,16.170,0.000,0.000,0.844,-0.111,-0.229,0.029,-0.050,-7.502,15.042,,pan
assignment3_kp2_t3,19.357,1791456105.123884,490,1791456104.896709,camera_color_optical_frame,1,0.0325,-0.0284,0.00247,0.012,1,TRACKING,ok,-1.967,0.000,deg/s,joint_states,-6.680,16.170,0.000,0.000,0.841,-0.112,-0.227,0.028,-0.053,-7.556,14.967,,pan
assignment3_kp2_t3,19.373,1791456105.137850,490,1791456104.896709,camera_color_optical_frame,1,0.0325,-0.0284,0.00247,0.027,1,TRACKING,ok,-1.967,0.000,deg/s,joint_states,-6.680,16.170,0.000,0.000,0.841,-0.112,-0.227,0.029,-0.053,-7.576,14.962,,pan
assignment3_kp2_t3,19.395,1791456105.161143,491,1791456104.930073,camera_color_optical_frame,1,0.0342,-0.0292,0.00248,0.017,1,TRACKING,ok,-2.070,0.000,deg/s,joint_states,-6.680,16.170,0.000,0.000,0.835,-0.112,-0.224,0.032,-0.057,-7.672,14.872,,pan
assignment3_kp2_t3,19.414,1791456105.179168,492,1791456105.030163,camera_color_optical_frame,1,0.0403,-0.0261,0.00248,0.012,0,TRACKING,ok,-2.439,0.000,deg/s,joint_states,-6.770,16.170,0.000,0.000,0.573,-0.080,-0.161,0.037,-0.026,-7.946,15.575,,pan
assignment3_kp2_t3,19.432,1791456105.198241,493,1791456105.096890,camera_color_optical_frame,1,0.0414,-0.0264,0.00247,0.006,0,TRACKING,ok,-2.504,0.000,deg/s,joint_states,-6.860,16.170,-1.370,0.000,0.573,-0.081,-0.161,0.037,-0.027,-8.029,15.554,,pan
assignment3_kp2_t3,19.453,1791456105.217161,494,1791456105.130253,camera_color_optical_frame,1,0.0410,-0.0260,0.00247,0.009,0,TRACKING,ok,-2.481,0.000,deg/s,joint_states,-6.860,16.170,-1.370,0.000,0.573,-0.080,-0.161,0.035,-0.026,-7.968,15.577,,pan
assignment3_kp2_t3,19.473,1791456105.240251,494,1791456105.130253,camera_color_optical_frame,1,0.0410,-0.0260,0.00247,0.030,0,TRACKING,ok,-2.481,0.000,deg/s,joint_states,-6.860,16.170,-1.370,0.000,0.573,-0.080,-0.161,0.035,-0.026,-7.968,15.577,,pan
assignment3_kp2_t3,19.492,1791456105.257335,494,1791456105.130253,camera_color_optical_frame,1,0.0410,-0.0260,0.00247,0.049,0,TRACKING,ok,-2.481,0.000,deg/s,joint_states,-6.860,16.170,0.000,0.000,0.573,-0.080,-0.161,0.035,-0.026,-7.968,15.577,,pan
assignment3_kp2_t3,19.513,1791456105.281072,495,1791456105.163617,camera_color_optical_frame,1,0.0387,-0.0265,0.00247,0.017,1,TRACKING,ok,-2.341,0.000,deg/s,joint_states,-7.030,16.170,-1.370,0.000,0.885,-0.117,-0.240,0.016,-0.051,-7.533,15.015,,pan
assignment3_kp2_t3,19.533,1791456105.297973,495,1791456105.163617,camera_color_optical_frame,1,0.0387,-0.0265,0.00247,0.036,1,TRACKING,ok,-2.341,0.000,deg/s,joint_states,-7.030,16.170,-1.370,0.000,0.895,-0.118,-0.242,0.016,-0.051,-7.525,15.005,,pan
assignment3_kp2_t3,19.555,1791456105.322365,496,1791456105.196980,camera_color_optical_frame,1,0.0403,-0.0270,0.00248,0.018,1,TRACKING,ok,-2.440,0.000,deg/s,joint_states,-7.120,16.170,-2.750,0.000,0.889,-0.120,-0.240,0.017,-0.052,-7.656,14.995,,pan
assignment3_kp2_t3,19.573,1791456105.337403,497,1791456105.230344,camera_color_optical_frame,1,0.0408,-0.0263,0.00245,0.007,1,TRACKING,ok,-2.469,0.000,deg/s,joint_states,-7.210,16.170,-2.750,0.000,0.830,-0.115,-0.226,0.022,-0.048,-7.906,15.090,,pan
assignment3_kp2_t3,19.596,1791456105.362076,497,1791456105.230344,camera_color_optical_frame,1,0.0408,-0.0263,0.00245,0.030,1,TRACKING,ok,-2.469,0.000,deg/s,joint_states,-7.210,16.170,-2.750,0.000,0.830,-0.116,-0.226,0.024,-0.047,-7.948,15.092,,pan
assignment3_kp2_t3,19.613,1791456105.377479,498,1791456105.263707,camera_color_optical_frame,1,0.0402,-0.0206,0.00230,0.005,1,TRACKING,ok,-2.434,0.000,deg/s,joint_states,-7.290,16.260,-1.370,0.000,0.815,-0.117,-0.228,0.027,-0.035,-8.150,15.465,,pan
assignment3_kp2_t3,19.634,1791456105.400505,498,1791456105.263707,camera_color_optical_frame,1,0.0402,-0.0206,0.00230,0.026,1,TRACKING,ok,-2.434,0.000,deg/s,joint_states,-7.290,16.170,-1.370,0.000,0.814,-0.117,-0.228,0.029,-0.029,-8.205,15.512,,pan
assignment3_kp2_t3,19.655,1791456105.420307,499,1791456105.297071,camera_color_optical_frame,1,0.0399,-0.0171,0.00220,0.007,1,TRACKING,ok,-2.415,0.000,deg/s,joint_states,-7.380,16.170,-1.370,0.000,0.814,-0.120,-0.231,0.032,-0.022,-8.384,15.677,,pan
assignment3_kp2_t3,19.674,1791456105.441316,499,1791456105.297071,camera_color_optical_frame,1,0.0399,-0.0171,0.00220,0.026,1,TRACKING,ok,-2.415,0.000,deg/s,joint_states,-7.470,16.170,-2.750,0.000,0.812,-0.121,-0.231,0.031,-0.019,-8.456,15.740,,pan
assignment3_kp2_t3,19.693,1791456105.458561,500,1791456105.330434,camera_color_optical_frame,1,0.0434,-0.0145,0.00214,0.009,1,TRACKING,ok,-2.629,0.000,deg/s,joint_states,-7.560,16.170,-2.750,0.000,0.814,-0.124,-0.230,0.036,-0.024,-8.681,15.614,,pan
assignment3_kp2_t3,19.714,1791456105.481295,500,1791456105.330434,camera_color_optical_frame,1,0.0434,-0.0145,0.00214,0.031,1,TRACKING,ok,-2.629,0.000,deg/s,joint_states,-7.560,16.170,-2.750,0.000,0.812,-0.125,-0.230,0.039,-0.022,-8.774,15.659,,pan
assignment3_kp2_t3,19.733,1791456105.498540,501,1791456105.363792,camera_color_optical_frame,1,0.0472,-0.0133,0.00216,0.011,1,TRACKING,ok,-2.857,0.000,deg/s,joint_states,-7.560,16.170,-1.370,0.000,0.815,-0.131,-0.232,0.050,-0.019,-9.136,15.728,,pan
assignment3_kp2_t3,19.756,1791456105.523540,501,1791456105.363792,camera_color_optical_frame,1,0.0472,-0.0133,0.00216,0.035,1,TRACKING,ok,-2.857,0.000,deg/s,joint_states,-7.650,16.170,-1.370,0.000,0.814,-0.133,-0.233,0.052,-0.017,-9.276,15.779,,pan
assignment3_kp2_t3,19.773,1791456105.538777,502,1791456105.397158,camera_color_optical_frame,1,0.0517,-0.0157,0.00221,0.010,1,TRACKING,ok,-3.132,0.000,deg/s,joint_states,-7.730,16.170,-1.370,0.000,0.804,-0.135,-0.222,0.056,-0.040,-9.502,15.257,,pan
assignment3_kp2_t3,19.796,1791456105.560733,502,1791456105.397158,camera_color_optical_frame,1,0.0517,-0.0157,0.00221,0.032,1,TRACKING,ok,-3.132,0.000,deg/s,joint_states,-7.820,16.170,-2.750,0.000,0.802,-0.136,-0.222,0.059,-0.040,-9.655,15.246,,pan
assignment3_kp2_t3,19.814,1791456105.578598,503,1791456105.430524,camera_color_optical_frame,1,0.0592,-0.0218,0.00216,0.012,1,TRACKING,ok,-3.583,0.000,deg/s,joint_states,-7.910,16.170,-2.750,0.000,0.781,-0.143,-0.207,0.079,-0.069,-10.384,14.593,,pan
assignment3_kp2_t3,19.833,1791456105.600581,503,1791456105.430524,camera_color_optical_frame,1,0.0592,-0.0218,0.00216,0.031,1,TRACKING,ok,-3.583,0.000,deg/s,joint_states,-7.910,16.170,-2.750,0.000,0.777,-0.145,-0.205,0.085,-0.072,-10.578,14.511,,pan
assignment3_kp2_t3,19.852,1791456105.625257,504,1791456105.463890,camera_color_optical_frame,1,0.0664,-0.0262,0.00216,0.008,1,TRACKING,ok,-4.018,0.000,deg/s,joint_states,-7.910,16.170,-2.750,0.000,0.790,-0.149,-0.208,0.089,-0.072,-10.691,14.515,,pan
assignment3_kp2_t3,19.873,1791456105.640444,504,1791456105.463890,camera_color_optical_frame,1,0.0664,-0.0262,0.00216,0.029,1,TRACKING,ok,-4.018,0.000,deg/s,joint_states,-8.000,16.170,-1.370,0.000,0.787,-0.152,-0.206,0.093,-0.076,-10.901,14.433,,pan
assignment3_kp2_t3,19.893,1791456105.661732,505,1791456105.497256,camera_color_optical_frame,1,0.0707,-0.0335,0.00221,0.009,1,TRACKING,ok,-4.281,0.000,deg/s,joint_states,-8.090,16.170,-1.370,0.000,0.796,-0.152,-0.206,0.088,-0.084,-10.837,14.247,,pan
assignment3_kp2_t3,19.917,1791456105.683567,505,1791456105.497256,camera_color_optical_frame,1,0.0707,-0.0335,0.00221,0.034,1,TRACKING,ok,-4.281,0.000,deg/s,joint_states,-8.260,16.170,-2.750,0.000,0.794,-0.155,-0.204,0.090,-0.089,-11.056,14.141,,pan
assignment3_kp2_t3,19.936,1791456105.702784,506,1791456105.530622,camera_color_optical_frame,1,0.0756,-0.0404,0.00214,0.011,1,TRACKING,ok,-4.575,0.000,deg/s,joint_states,-8.260,16.170,-2.750,0.000,0.792,-0.155,-0.200,0.090,-0.099,-11.053,13.917,,pan
assignment3_kp2_t3,19.954,1791456105.722362,508,1791456105.597355,camera_color_optical_frame,1,0.0998,-0.0584,0.00219,0.005,0,TRACKING,ok,-6.039,-3.312,deg/s,joint_states,-8.260,16.170,-4.120,0.000,0.512,-0.105,-0.139,0.105,-0.057,-11.542,14.848,,pan
assignment3_kp2_t3,19.973,1791456105.737738,509,1791456105.630721,camera_color_optical_frame,1,0.1090,-0.0667,0.00217,0.011,0,TRACKING,ok,-6.590,-3.781,deg/s,joint_states,-8.440,16.170,-4.120,0.000,0.570,-0.129,-0.146,0.139,-0.092,-12.767,14.039,,pan
assignment3_kp2_t3,19.994,1791456105.762308,509,1791456105.630721,camera_color_optical_frame,1,0.1090,-0.0667,0.00217,0.033,0,TRACKING,ok,-6.590,-3.781,deg/s,joint_states,-8.530,16.170,-4.120,0.000,0.570,-0.132,-0.145,0.145,-0.097,-13.030,13.918,,pan
assignment3_kp2_t3,20.013,1791456105.777246,510,1791456105.664088,camera_color_optical_frame,1,0.1209,-0.0815,0.00216,0.011,1,TRACKING,ok,-7.308,-4.619,deg/s,joint_states,-8.610,16.170,-4.120,0.000,0.848,-0.175,-0.210,0.099,-0.110,-11.685,13.650,,pan
assignment3_kp2_t3,20.033,1791456105.797497,510,1791456105.664088,camera_color_optical_frame,1,0.1209,-0.0815,0.00216,0.031,1,TRACKING,ok,-7.308,-4.619,deg/s,joint_states,-8.700,16.080,-4.120,0.000,0.857,-0.178,-0.212,0.096,-0.108,-11.700,13.622,,pan
assignment3_kp2_t3,20.052,1791456105.817206,511,1791456105.697454,camera_color_optical_frame,1,0.1345,-0.0962,0.00217,0.016,1,TRACKING,ok,-8.130,-5.455,deg/s,joint_states,-8.880,16.000,-4.120,-1.370,0.846,-0.183,-0.204,0.107,-0.119,-12.202,13.271,,pan
assignment3_kp2_t3,20.073,1791456105.838319,511,1791456105.697454,camera_color_optical_frame,1,0.1345,-0.0962,0.00217,0.037,1,TRACKING,ok,-8.130,-5.455,deg/s,joint_states,-9.050,15.910,-4.120,-2.750,0.856,-0.185,-0.206,0.102,-0.117,-12.219,13.238,,pan
assignment3_kp2_t3,20.093,1791456105.858422,512,1791456105.730821,camera_color_optical_frame,1,0.1469,-0.1118,0.00218,0.016,1,TRACKING,ok,-8.878,-6.338,deg/s,joint_states,-9.140,15.820,-4.120,-2.750,0.754,-0.197,-0.162,0.179,-0.178,-14.656,11.728,,pan
assignment3_kp2_t3,20.113,1791456105.877458,512,1791456105.730821,camera_color_optical_frame,1,0.1469,-0.1118,0.00218,0.036,1,TRACKING,ok,-8.878,-6.338,deg/s,joint_states,-9.230,15.730,-4.120,-2.750,0.750,-0.201,-0.158,0.188,-0.184,-14.989,11.497,,pan
assignment3_kp2_t3,20.133,1791456105.901094,513,1791456105.764188,camera_color_optical_frame,1,0.1569,-0.1259,0.00235,0.016,1,TRACKING,ok,-9.475,-7.137,deg/s,joint_states,-9.400,15.640,-4.120,-2.750,0.765,-0.206,-0.158,0.184,-0.190,-15.057,11.281,,pan
assignment3_kp2_t3,20.153,1791456105.917500,513,1791456105.764188,camera_color_optical_frame,1,0.1569,-0.1259,0.00235,0.035,1,TRACKING,ok,-9.475,-7.137,deg/s,joint_states,-9.400,15.640,-4.120,-2.750,0.763,-0.209,-0.155,0.194,-0.200,-15.349,11.062,,pan
assignment3_kp2_t3,20.173,1791456105.939266,514,1791456105.797554,camera_color_optical_frame,1,0.1654,-0.1411,0.00225,0.018,1,TRACKING,ok,-9.986,-7.994,deg/s,joint_states,-9.760,15.470,-6.870,-4.120,0.771,-0.214,-0.148,0.188,-0.218,-15.512,10.492,,pan
assignment3_kp2_t3,20.194,1791456105.959344,514,1791456105.797554,camera_color_optical_frame,1,0.1654,-0.1411,0.00225,0.039,1,TRACKING,ok,-9.986,-7.994,deg/s,joint_states,-9.930,15.380,-6.870,-4.120,0.770,-0.218,-0.144,0.192,-0.226,-15.805,10.220,,pan
assignment3_kp2_t3,20.213,1791456105.977935,515,1791456105.830921,camera_color_optical_frame,1,0.1698,-0.1561,0.00242,0.011,1,TRACKING,ok,-10.255,-8.841,deg/s,joint_states,-10.110,15.210,-8.240,-4.120,0.761,-0.215,-0.134,0.186,-0.246,-15.791,9.597,,pan
assignment3_kp2_t3,20.236,1791456106.002188,516,1791456105.864288,camera_color_optical_frame,1,0.1735,-0.1722,0.00231,0.016,0,TRACKING,ok,-10.473,-9.753,deg/s,joint_states,-10.280,15.030,-8.240,-5.500,0.508,-0.137,-0.107,0.158,-0.154,-15.135,11.493,,pan
assignment3_kp2_t3,20.256,1791456106.021296,516,1791456105.864288,camera_color_optical_frame,1,0.1735,-0.1722,0.00231,0.036,0,TRACKING,ok,-10.473,-9.753,deg/s,joint_states,-10.460,14.850,-8.240,-5.500,0.498,-0.136,-0.105,0.155,-0.148,-15.222,11.449,,pan
assignment3_kp2_t3,20.272,1791456106.036639,517,1791456105.897655,camera_color_optical_frame,1,0.1735,-0.1897,0.00229,0.013,1,TRACKING,ok,-10.475,-10.739,deg/s,joint_states,-10.460,14.850,-8.240,-5.500,0.763,-0.214,-0.119,0.172,-0.278,-15.668,8.526,,pan
assignment3_kp2_t3,20.293,1791456106.059405,517,1791456105.897655,camera_color_optical_frame,1,0.1735,-0.1897,0.00229,0.035,1,TRACKING,ok,-10.475,-10.739,deg/s,joint_states,-10.810,14.590,-8.240,-6.870,0.762,-0.216,-0.114,0.166,-0.282,-15.851,8.180,,pan
assignment3_kp2_t3,20.316,1791456106.087067,518,1791456105.931022,camera_color_optical_frame,1,0.1711,-0.2068,0.00250,0.012,1,TRACKING,ok,-10.331,-11.703,deg/s,joint_states,-11.070,14.410,-8.240,-6.870,0.840,-0.220,-0.150,0.119,-0.202,-14.708,9.818,,pan
assignment3_kp2_t3,20.338,1791456106.102764,519,1791456105.964388,camera_color_optical_frame,1,0.1677,-0.2222,0.00249,0.006,1,TRACKING,ok,-10.130,-12.567,deg/s,joint_states,-11.250,14.150,-8.240,-8.240,0.850,-0.223,-0.151,0.113,-0.193,-14.710,9.767,,pan
assignment3_kp2_t3,20.355,1791456106.122603,519,1791456105.964388,camera_color_optical_frame,1,0.1677,-0.2222,0.00249,0.023,1,TRACKING,ok,-10.130,-12.567,deg/s,joint_states,-11.430,13.970,-8.240,-8.240,0.753,-0.213,-0.095,0.144,-0.313,-15.777,6.893,,pan
assignment3_kp2_t3,20.374,1791456106.138872,520,1791456105.997756,camera_color_optical_frame,1,0.1599,-0.2384,0.00260,0.007,1,TRACKING,ok,-9.661,-13.480,deg/s,joint_states,-11.430,13.970,-8.240,-8.240,0.754,-0.210,-0.087,0.136,-0.336,-15.541,6.366,,pan
assignment3_kp2_t3,20.398,1791456106.165335,520,1791456105.997756,camera_color_optical_frame,1,0.1599,-0.2384,0.00260,0.030,1,TRACKING,ok,-9.661,-13.480,deg/s,joint_states,-11.870,13.620,-9.620,-8.240,0.753,-0.211,-0.081,0.125,-0.341,-15.647,5.921,,pan
assignment3_kp2_t3,20.416,1791456106.182311,521,1791456106.031122,camera_color_optical_frame,1,0.1484,-0.2525,0.00267,0.012,1,TRACKING,ok,-8.965,-14.273,deg/s,joint_states,-12.040,13.450,-9.620,-8.240,0.750,-0.199,-0.078,0.095,-0.342,-14.887,5.741,,pan
assignment3_kp2_t3,20.436,1791456106.203894,522,1791456106.064490,camera_color_optical_frame,1,0.1345,-0.2684,0.00285,0.008,1,TRACKING,ok,-8.129,-15.164,deg/s,joint_states,-12.040,13.450,-9.620,-8.240,0.748,-0.199,-0.073,0.095,-0.359,-14.888,5.362,,pan
assignment3_kp2_t3,20.454,1791456106.221872,522,1791456106.064490,camera_color_optical_frame,1,0.1345,-0.2684,0.00285,0.026,1,TRACKING,ok,-8.129,-15.164,deg/s,joint_states,-12.480,12.920,-9.620,-10.990,0.746,-0.193,-0.066,0.068,-0.356,-14.528,4.885,,pan
assignment3_kp2_t3,20.475,1791456106.241718,523,1791456106.097857,camera_color_optical_frame,1,0.1183,-0.2834,0.00277,0.008,1,TRACKING,ok,-7.156,-16.003,deg/s,joint_states,-12.480,12.920,-9.620,-10.990,0.750,-0.188,-0.056,0.052,-0.391,-14.045,4.112,,pan
assignment3_kp2_t3,20.494,1791456106.259076,523,1791456106.097857,camera_color_optical_frame,1,0.1183,-0.2834,0.00277,0.027,1,TRACKING,ok,-7.156,-16.003,deg/s,joint_states,-12.740,12.660,-9.620,-10.990,0.748,-0.186,-0.050,0.041,-0.398,-13.968,3.706,,pan
assignment3_kp2_t3,20.514,1791456106.279784,524,1791456106.131224,camera_color_optical_frame,1,0.0988,-0.3029,0.00276,0.007,1,TRACKING,ok,-5.974,-17.095,deg/s,joint_states,-12.830,12.390,-9.620,-10.990,0.741,-0.177,-0.042,0.021,-0.411,-13.455,3.144,,pan
assignment3_kp2_t3,20.533,1791456106.298900,524,1791456106.131224,camera_color_optical_frame,1,0.0988,-0.3029,0.00276,0.026,1,TRACKING,ok,-5.974,-17.095,deg/s,joint_states,-13.180,11.780,-9.620,-12.370,0.739,-0.175,-0.036,0.005,-0.403,-13.332,2.722,,pan
assignment3_kp2_t3,20.554,1791456106.319859,525,1791456106.164592,camera_color_optical_frame,1,0.0767,-0.3151,0.00288,0.014,1,TRACKING,ok,-4.638,-17.777,deg/s,joint_states,-13.360,11.510,-9.620,-12.370,0.741,-0.166,-0.033,-0.026,-0.400,-12.595,2.505,,pan
assignment3_kp2_t3,20.575,1791456106.341234,525,1791456106.164592,camera_color_optical_frame,1,0.0767,-0.3151,0.00288,0.035,1,TRACKING,ok,-4.638,-17.777,deg/s,joint_states,-13.450,11.160,-8.240,-13.740,0.740,-0.163,-0.027,-0.035,-0.405,-12.394,2.048,,pan
assignment3_kp2_t3,20.593,1791456106.359081,526,1791456106.197958,camera_color_optical_frame,1,0.0530,-0.3231,0.00282,0.014,1,TRACKING,ok,-3.207,-18.224,deg/s,joint_states,-13.620,10.810,-6.870,-13.740,0.747,-0.158,-0.029,-0.055,-0.383,-11.970,2.185,,pan
assignment3_kp2_t3,20.613,1791456106.377592,527,1791456106.231326,camera_color_optical_frame,1,0.0259,-0.3293,0.00278,0.004,1,TRACKING,ok,0.000,-18.569,deg/s,joint_states,-13.620,10.810,-6.870,-13.740,0.747,-0.155,-0.024,-0.062,-0.400,-11.751,1.808,,pan
assignment3_kp2_t3,20.633,1791456106.398236,527,1791456106.231326,camera_color_optical_frame,1,0.0259,-0.3293,0.00278,0.024,1,TRACKING,ok,0.000,-18.569,deg/s,joint_states,-13.800,10.200,-5.500,-15.110,0.747,-0.146,-0.022,-0.092,-0.378,-11.037,1.678,,pan
assignment3_kp2_t3,20.656,1791456106.421021,528,1791456106.264693,camera_color_optical_frame,1,-0.0010,-0.3246,0.00287,0.008,1,TRACKING,ok,0.000,-18.311,deg/s,joint_states,-13.890,9.840,-5.500,-16.490,0.755,-0.138,-0.027,-0.118,-0.347,-10.365,2.004,,pan
assignment3_kp2_t3,20.682,1791456106.453092,529,1791456106.298061,camera_color_optical_frame,1,-0.0261,-0.3157,0.00289,0.017,1,TRACKING,ok,0.000,-17.813,deg/s,joint_states,-14.060,9.490,-4.120,-16.490,0.755,-0.133,-0.031,-0.136,-0.318,-9.968,2.298,,pan
assignment3_kp2_t3,20.693,1791456106.458164,529,1791456106.298061,camera_color_optical_frame,1,-0.0261,-0.3157,0.00289,0.027,1,TRACKING,ok,0.000,-17.813,deg/s,joint_states,-14.060,9.490,-4.120,-16.490,0.755,-0.131,-0.029,-0.141,-0.323,-9.816,2.189,,pan
assignment3_kp2_t3,20.716,1791456106.483579,530,1791456106.331429,camera_color_optical_frame,1,-0.0505,-0.2957,0.00284,0.016,1,TRACKING,ok,3.060,-16.694,deg/s,joint_states,-14.150,9.140,-4.120,-16.490,0.759,-0.125,-0.033,-0.160,-0.296,-9.350,2.457,,pan
assignment3_kp2_t3,20.735,1791456106.503231,530,1791456106.331429,camera_color_optical_frame,1,-0.0505,-0.2957,0.00284,0.034,1,TRACKING,ok,3.060,-16.694,deg/s,joint_states,-14.150,8.440,-2.750,-16.490,0.760,-0.121,-0.031,-0.169,-0.271,-9.062,2.297,,pan
assignment3_kp2_t3,20.756,1791456106.523686,531,1791456106.364802,camera_color_optical_frame,1,-0.0801,-0.2682,0.00304,0.010,1,TRACKING,ok,4.844,-15.154,deg/s,joint_states,-14.150,8.440,-2.750,-16.490,0.766,-0.108,-0.050,-0.203,-0.210,-8.041,3.673,,pan
assignment3_kp2_t3,20.774,1791456106.540271,532,1791456106.398154,camera_color_optical_frame,1,-0.1081,-0.2373,0.00287,0.003,1,TRACKING,ok,6.539,-13.417,deg/s,joint_states,-14.150,7.730,0.000,-16.490,0.768,-0.099,-0.060,-0.226,-0.145,-7.329,4.421,,pan
assignment3_kp2_t3,20.795,1791456106.562583,532,1791456106.398154,camera_color_optical_frame,1,-0.1081,-0.2373,0.00287,0.024,1,TRACKING,ok,6.539,-13.417,deg/s,joint_states,-14.150,7.380,0.000,-16.490,0.769,-0.093,-0.061,-0.240,-0.126,-6.895,4.489,,pan
assignment3_kp2_t3,20.814,1791456106.579162,532,1791456106.398154,camera_color_optical_frame,1,-0.1081,-0.2373,0.00287,0.043,1,TRACKING,ok,6.539,-13.417,deg/s,joint_states,-14.150,7.380,0.000,-16.490,0.770,-0.088,-0.062,-0.253,-0.123,-6.514,4.548,,pan
assignment3_kp2_t3,20.833,1791456106.598133,533,1791456106.431507,camera_color_optical_frame,1,-0.1383,-0.1968,0.00291,0.016,1,TRACKING,ok,8.359,-11.140,deg/s,joint_states,-14.060,6.680,0.000,-16.490,0.778,-0.084,-0.074,-0.261,-0.054,-6.173,5.403,,pan
assignment3_kp2_t3,20.854,1791456106.620645,534,1791456106.464859,camera_color_optical_frame,1,-0.1628,-0.1509,0.00315,0.011,1,TRACKING,ok,9.830,-8.545,deg/s,joint_states,-13.970,6.330,0.000,-16.490,0.781,-0.077,-0.089,-0.275,0.008,-5.665,6.448,,pan
assignment3_kp2_t3,20.874,1791456106.640754,535,1791456106.531565,camera_color_optical_frame,1,-0.2049,-0.0598,0.00312,0.013,0,TRACKING,ok,12.356,-3.393,deg/s,joint_states,-13.890,6.060,2.750,-16.490,0.544,-0.069,-0.066,-0.219,0.037,-7.252,6.848,,pan
assignment3_kp2_t3,20.892,1791456106.658439,536,1791456106.564917,camera_color_optical_frame,1,-0.2210,-0.0103,0.00305,0.014,0,TRACKING,ok,13.319,0.000,deg/s,joint_states,-13.710,5.710,4.120,-15.110,0.595,-0.077,-0.070,-0.208,0.041,-7.409,6.608,,pan
assignment3_kp2_t3,20.913,1791456106.678499,536,1791456106.564917,camera_color_optical_frame,1,-0.2210,-0.0103,0.00305,0.034,0,TRACKING,ok,13.319,0.000,deg/s,joint_states,-13.620,5.450,5.500,-15.110,0.595,-0.077,-0.070,-0.205,0.053,-7.409,6.608,,pan
assignment3_kp2_t3,20.933,1791456106.699205,536,1791456106.564917,camera_color_optical_frame,1,-0.2210,-0.0103,0.00305,0.055,0,TRACKING,ok,13.319,0.000,deg/s,joint_states,-13.620,5.450,5.500,-15.110,0.595,-0.077,-0.070,-0.205,0.053,-7.409,6.608,,pan
assignment3_kp2_t3,20.955,1791456106.719259,537,1791456106.598269,camera_color_optical_frame,1,-0.2280,0.0386,0.00301,0.017,1,TRACKING,ok,13.737,0.000,deg/s,joint_states,-13.180,5.100,6.870,-12.370,0.853,-0.095,-0.102,-0.225,0.075,-6.370,6.753,,pan
assignment3_kp2_t3,20.980,1791456106.751383,538,1791456106.631622,camera_color_optical_frame,1,-0.2330,0.0868,0.00280,0.020,1,TRACKING,ok,14.034,4.919,deg/s,joint_states,-13.100,5.010,8.240,-9.620,0.854,-0.091,-0.110,-0.232,0.105,-6.060,7.328,,pan
assignment3_kp2_t3,20.993,1791456106.758209,538,1791456106.631622,camera_color_optical_frame,1,-0.2330,0.0868,0.00280,0.033,1,TRACKING,ok,14.034,4.919,deg/s,joint_states,-13.100,5.010,8.240,-9.620,0.860,-0.091,-0.111,-0.233,0.105,-6.037,7.340,,pan
assignment3_kp2_t3,21.014,1791456106.783525,539,1791456106.664974,camera_color_optical_frame,1,-0.2290,0.1340,0.00259,0.018,1,TRACKING,ok,13.799,7.594,deg/s,joint_states,-12.570,4.920,9.620,-5.500,0.824,-0.078,-0.144,-0.234,0.221,-5.441,9.837,,pan
assignment3_kp2_t3,21.038,1791456106.804903,539,1791456106.664974,camera_color_optical_frame,1,-0.2290,0.1340,0.00259,0.042,1,TRACKING,ok,13.799,7.594,deg/s,joint_states,-12.300,4.920,10.990,-2.750,0.828,-0.077,-0.150,-0.230,0.239,-5.283,10.256,,pan
assignment3_kp2_t3,21.058,1791456106.823372,540,1791456106.698326,camera_color_optical_frame,1,-0.2212,0.1752,0.00242,0.016,1,TRACKING,ok,13.331,9.918,deg/s,joint_states,-12.040,4.920,12.370,0.000,0.840,-0.083,-0.161,-0.210,0.262,-5.621,10.781,,pan
assignment3_kp2_t3,21.077,1791456106.844689,540,1791456106.698326,camera_color_optical_frame,1,-0.2212,0.1752,0.00242,0.034,1,TRACKING,ok,13.331,9.918,deg/s,joint_states,-11.780,5.010,12.370,0.000,0.844,-0.082,-0.166,-0.204,0.273,-5.561,11.104,,pan
assignment3_kp2_t3,21.097,1791456106.862281,541,1791456106.731678,camera_color_optical_frame,1,-0.2060,0.2138,0.00224,0.006,1,TRACKING,ok,12.422,12.094,deg/s,joint_states,-11.780,5.010,12.370,0.000,0.841,-0.088,-0.175,-0.190,0.298,-5.980,11.687,,pan
assignment3_kp2_t3,21.117,1791456106.884388,542,1791456106.765031,camera_color_optical_frame,1,-0.1863,0.2498,0.00207,0.007,1,TRACKING,ok,11.243,14.121,deg/s,joint_states,-11.340,5.190,10.990,2.750,0.842,-0.097,-0.186,-0.156,0.321,-6.545,12.394,,pan
assignment3_kp2_t3,21.133,1791456106.898434,542,1791456106.765031,camera_color_optical_frame,1,-0.1863,0.2498,0.00207,0.024,1,TRACKING,ok,11.243,14.121,deg/s,joint_states,-11.340,5.190,10.990,2.750,0.845,-0.097,-0.192,-0.155,0.336,-6.571,12.715,,pan
assignment3_kp2_t3,21.157,1791456106.923923,543,1791456106.798383,camera_color_optical_frame,1,-0.1667,0.2842,0.00207,0.005,1,TRACKING,ok,10.068,16.050,deg/s,joint_states,-10.720,5.540,12.370,5.500,0.830,-0.104,-0.203,-0.116,0.360,-7.151,13.628,,pan
assignment3_kp2_t3,21.174,1791456106.938778,543,1791456106.798383,camera_color_optical_frame,1,-0.1667,0.2842,0.00207,0.022,1,TRACKING,ok,10.068,16.050,deg/s,joint_states,-10.460,5.620,13.740,5.500,0.831,-0.106,-0.209,-0.104,0.373,-7.240,14.004,,pan
assignment3_kp2_t3,21.197,1791456106.965288,544,1791456106.831735,camera_color_optical_frame,1,-0.1454,0.3142,0.00197,0.016,1,TRACKING,ok,8.784,17.727,deg/s,joint_states,-10.200,5.800,13.740,5.500,0.826,-0.110,-0.218,-0.084,0.396,-7.593,14.689,,pan
assignment3_kp2_t3,21.212,1791456106.978978,545,1791456106.865087,camera_color_optical_frame,1,-0.1209,0.3455,0.00189,0.006,1,TRACKING,ok,7.307,19.472,deg/s,joint_states,-10.200,5.800,13.740,5.500,0.831,-0.116,-0.231,-0.072,0.429,-7.966,15.419,,pan
assignment3_kp2_t3,21.236,1791456107.003236,545,1791456106.865087,camera_color_optical_frame,1,-0.1209,0.3455,0.00189,0.030,1,TRACKING,ok,7.307,19.472,deg/s,joint_states,-9.760,6.420,12.370,9.620,0.832,-0.119,-0.241,-0.052,0.427,-8.161,16.017,,pan
assignment3_kp2_t3,21.253,1791456107.018846,546,1791456106.898439,camera_color_optical_frame,1,-0.0967,0.3688,0.00202,0.007,1,TRACKING,ok,5.849,20.768,deg/s,joint_states,-9.760,6.420,12.370,9.620,0.827,-0.119,-0.244,-0.049,0.440,-8.224,16.298,,pan
assignment3_kp2_t3,21.275,1791456107.039635,546,1791456106.898439,camera_color_optical_frame,1,-0.0967,0.3688,0.00202,0.028,1,TRACKING,ok,5.849,20.768,deg/s,joint_states,-9.580,6.680,10.990,12.370,0.827,-0.122,-0.253,-0.038,0.452,-8.390,16.820,,pan
assignment3_kp2_t3,21.294,1791456107.061674,547,1791456106.931791,camera_color_optical_frame,1,-0.0742,0.3755,0.00201,0.012,1,TRACKING,ok,4.493,21.140,deg/s,joint_states,-9.140,7.290,9.620,15.110,0.820,-0.123,-0.235,-0.020,0.380,-8.508,15.838,,pan
assignment3_kp2_t3,21.313,1791456107.081429,547,1791456106.931791,camera_color_optical_frame,1,-0.0742,0.3755,0.00201,0.031,1,TRACKING,ok,4.493,21.140,deg/s,joint_states,-9.140,7.290,9.620,15.110,0.820,-0.125,-0.240,-0.016,0.394,-8.649,16.148,,pan
assignment3_kp2_t3,21.334,1791456107.100484,548,1791456106.965143,camera_color_optical_frame,1,-0.0581,0.3741,0.00207,0.013,1,TRACKING,ok,3.516,21.061,deg/s,joint_states,-8.700,8.090,8.240,16.490,0.825,-0.122,-0.232,-0.010,0.330,-8.403,15.528,,pan
assignment3_kp2_t3,21.354,1791456107.119149,548,1791456106.965143,camera_color_optical_frame,1,-0.0581,0.3741,0.00207,0.033,1,TRACKING,ok,3.516,21.061,deg/s,joint_states,-8.700,8.090,8.240,16.490,0.825,-0.123,-0.235,-0.006,0.339,-8.511,15.738,,pan
assignment3_kp2_t3,21.376,1791456107.144955,549,1791456106.998495,camera_color_optical_frame,1,-0.0422,0.3666,0.00202,0.018,1,TRACKING,ok,2.557,20.645,deg/s,joint_states,-8.530,8.880,6.870,17.860,0.833,-0.127,-0.241,0.004,0.312,-8.644,15.931,,pan
assignment3_kp2_t3,21.395,1791456107.159665,550,1791456107.031847,camera_color_optical_frame,1,-0.0300,0.3557,0.00203,0.004,1,TRACKING,ok,0.000,20.040,deg/s,joint_states,-8.440,9.230,5.500,17.860,0.836,-0.120,-0.241,-0.008,0.296,-8.201,15.911,,pan
assignment3_kp2_t3,21.417,1791456107.181957,550,1791456107.031847,camera_color_optical_frame,1,-0.0300,0.3557,0.00203,0.026,1,TRACKING,ok,0.000,20.040,deg/s,joint_states,-8.440,9.230,5.500,17.860,0.837,-0.122,-0.244,-0.006,0.305,-8.260,16.113,,pan
assignment3_kp2_t3,21.435,1791456107.199433,551,1791456107.065199,camera_color_optical_frame,1,-0.0214,0.3390,0.00203,0.010,1,TRACKING,ok,0.000,19.113,deg/s,joint_states,-8.170,10.110,4.120,19.240,0.833,-0.110,-0.242,-0.021,0.264,-7.506,16.086,,pan
assignment3_kp2_t3,21.453,1791456107.219276,551,1791456107.065199,camera_color_optical_frame,1,-0.0214,0.3390,0.00203,0.028,1,TRACKING,ok,0.000,19.113,deg/s,joint_states,-8.170,10.110,4.120,19.240,0.833,-0.109,-0.245,-0.022,0.271,-7.473,16.236,,pan
assignment3_kp2_t3,21.476,1791456107.253163,552,1791456107.098551,camera_color_optical_frame,1,-0.0169,0.3194,0.00208,0.015,1,TRACKING,ok,0.000,18.016,deg/s,joint_states,-8.090,10.990,4.120,20.610,0.826,-0.105,-0.240,-0.027,0.224,-7.251,16.056,,pan
assignment3_kp2_t3,21.495,1791456107.259172,552,1791456107.098551,camera_color_optical_frame,1,-0.0169,0.3194,0.00208,0.033,1,TRACKING,ok,0.000,18.016,deg/s,joint_states,-8.090,11.430,2.750,20.610,0.825,-0.104,-0.241,-0.028,0.210,-7.197,16.175,,pan
assignment3_kp2_t3,21.516,1791456107.282603,553,1791456107.131903,camera_color_optical_frame,1,-0.0134,0.2973,0.00203,0.014,1,TRACKING,ok,0.000,16.782,deg/s,joint_states,-8.090,11.430,2.750,20.610,0.824,-0.107,-0.240,-0.023,0.206,-7.375,16.081,,pan
assignment3_kp2_t3,21.534,1791456107.299660,553,1791456107.131903,camera_color_optical_frame,1,-0.0134,0.2973,0.00203,0.032,1,TRACKING,ok,0.000,16.782,deg/s,joint_states,-8.170,11.780,0.000,20.610,0.824,-0.106,-0.241,-0.026,0.194,-7.345,16.169,,pan
assignment3_kp2_t3,21.555,1791456107.321013,554,1791456107.165254,camera_color_optical_frame,1,-0.0096,0.2724,0.00208,0.007,1,TRACKING,ok,0.000,15.389,deg/s,joint_states,-8.090,12.220,0.000,20.610,0.831,-0.104,-0.246,-0.029,0.183,-7.163,16.370,,pan
assignment3_kp2_t3,21.573,1791456107.338063,554,1791456107.165254,camera_color_optical_frame,1,-0.0096,0.2724,0.00208,0.025,1,TRACKING,ok,0.000,15.389,deg/s,joint_states,-8.090,13.010,0.000,19.240,0.831,-0.104,-0.248,-0.031,0.153,-7.124,16.465,,pan
assignment3_kp2_t3,21.595,1791456107.359476,555,1791456107.198606,camera_color_optical_frame,1,-0.0099,0.2463,0.00208,0.017,1,TRACKING,ok,0.000,13.925,deg/s,joint_states,-8.090,13.450,0.000,19.240,0.807,-0.095,-0.238,-0.044,0.126,-6.689,16.309,,pan
assignment3_kp2_t3,21.614,1791456107.381253,555,1791456107.198606,camera_color_optical_frame,1,-0.0099,0.2463,0.00208,0.036,1,TRACKING,ok,0.000,13.925,deg/s,joint_states,-8.090,13.450,0.000,19.240,0.806,-0.093,-0.239,-0.047,0.130,-6.608,16.392,,pan
assignment3_kp2_t3,21.633,1791456107.400447,556,1791456107.231958,camera_color_optical_frame,1,-0.0115,0.2188,0.00211,0.013,1,TRACKING,ok,0.000,12.380,deg/s,joint_states,-8.090,13.800,0.000,19.240,0.806,-0.095,-0.239,-0.043,0.116,-6.743,16.425,,pan
assignment3_kp2_t3,21.654,1791456107.422280,557,1791456107.265309,camera_color_optical_frame,1,-0.0137,0.1921,0.00199,0.006,1,TRACKING,ok,0.000,10.872,deg/s,joint_states,-8.090,14.240,0.000,19.240,0.816,-0.102,-0.238,-0.030,0.083,-7.134,16.118,,pan
assignment3_kp2_t3,21.675,1791456107.443680,557,1791456107.265309,camera_color_optical_frame,1,-0.0137,0.1921,0.00199,0.027,1,TRACKING,ok,0.000,10.872,deg/s,joint_states,-8.090,14.500,0.000,19.240,0.815,-0.102,-0.238,-0.031,0.074,-7.113,16.166,,pan
assignment3_kp2_t3,21.700,1791456107.464739,558,1791456107.298661,camera_color_optical_frame,1,-0.0147,0.1629,0.00200,0.014,1,TRACKING,ok,0.000,9.223,deg/s,joint_states,-8.090,15.030,0.000,15.110,0.821,-0.103,-0.237,-0.030,0.042,-7.134,15.977,,pan
assignment3_kp2_t3,21.713,1791456107.477498,559,1791456107.332013,camera_color_optical_frame,1,-0.0173,0.1361,0.00195,0.008,1,TRACKING,ok,0.000,7.710,deg/s,joint_states,-8.170,15.290,0.000,13.740,0.807,-0.095,-0.235,-0.045,0.036,-6.739,16.101,,pan
assignment3_kp2_t3,21.733,1791456107.507654,559,1791456107.332013,camera_color_optical_frame,1,-0.0173,0.1361,0.00195,0.028,1,TRACKING,ok,0.000,7.710,deg/s,joint_states,-8.090,15.470,0.000,10.990,0.806,-0.094,-0.235,-0.045,0.029,-6.685,16.133,,pan
assignment3_kp2_t3,21.754,1791456107.519376,560,1791456107.365364,camera_color_optical_frame,1,-0.0194,0.1065,0.00204,0.006,1,TRACKING,ok,0.000,6.039,deg/s,joint_states,-8.090,15.820,0.000,10.990,0.807,-0.092,-0.233,-0.049,0.009,-6.534,16.024,,pan
assignment3_kp2_t3,21.779,1791456107.544388,560,1791456107.365364,camera_color_optical_frame,1,-0.0194,0.1065,0.00204,0.031,1,TRACKING,ok,0.000,6.039,deg/s,joint_states,-8.170,16.000,0.000,10.990,0.805,-0.091,-0.233,-0.055,0.003,-6.450,16.055,,pan
assignment3_kp2_t3,21.793,1791456107.557601,560,1791456107.365364,camera_color_optical_frame,1,-0.0194,0.1065,0.00204,0.045,1,TRACKING,ok,0.000,6.039,deg/s,joint_states,-8.090,16.170,0.000,10.990,0.804,-0.090,-0.233,-0.054,-0.004,-6.401,16.073,,pan
assignment3_kp2_t3,21.817,1791456107.583436,561,1791456107.398715,camera_color_optical_frame,1,-0.0200,0.0833,0.00210,0.020,1,TRACKING,ok,0.000,4.723,deg/s,joint_states,-8.090,16.350,0.000,10.990,0.833,-0.099,-0.236,-0.041,-0.028,-6.800,15.719,,pan
assignment3_kp2_t3,21.834,1791456107.599691,562,1791456107.432066,camera_color_optical_frame,1,-0.0205,0.0662,0.00206,0.002,1,IDLE,disabled,0.000,0.000,deg/s,joint_states,-8.170,16.520,0.000,9.620,0.820,-0.101,-0.236,-0.037,-0.025,-7.015,15.945,,pan
assignment3_kp2_t3,21.854,1791456107.618726,562,1791456107.432066,camera_color_optical_frame,1,-0.0205,0.0662,0.00206,0.022,1,IDLE,disabled,0.000,0.000,deg/s,joint_states,-8.170,16.610,0.000,8.240,0.820,-0.101,-0.236,-0.037,-0.029,-7.015,15.945,,pan
assignment3_kp2_t3,21.876,1791456107.642447,562,1791456107.432066,camera_color_optical_frame,1,-0.0205,0.0662,0.00206,0.044,1,IDLE,disabled,0.000,0.000,deg/s,joint_states,-8.090,16.790,0.000,6.870,0.820,-0.101,-0.236,-0.034,-0.037,-7.015,15.945,,pan
assignment3_kp2_t3,21.896,1791456107.663488,563,1791456107.465418,camera_color_optical_frame,1,-0.0202,0.0488,0.00209,0.013,1,IDLE,disabled,0.000,0.000,deg/s,joint_states,-8.090,16.870,0.000,5.500,0.818,-0.102,-0.236,-0.032,-0.040,-7.080,15.964,,pan
assignment3_kp2_t3,21.914,1791456107.679419,563,1791456107.465418,camera_color_optical_frame,1,-0.0202,0.0488,0.00209,0.031,1,IDLE,disabled,0.000,0.000,deg/s,joint_states,-8.090,16.870,0.000,4.120,0.818,-0.102,-0.236,-0.032,-0.040,-7.080,15.964,,pan
assignment3_kp2_t3,21.935,1791456107.702420,564,1791456107.498769,camera_color_optical_frame,1,-0.0209,0.0344,0.00203,0.018,1,IDLE,disabled,0.000,0.000,deg/s,joint_states,-8.090,16.870,0.000,4.120,0.825,-0.101,-0.247,-0.035,-0.013,-6.969,16.568,,pan
assignment3_kp2_t3,21.953,1791456107.718722,565,1791456107.532120,camera_color_optical_frame,1,-0.0209,0.0169,0.00210,0.008,1,IDLE,disabled,0.000,0.000,deg/s,joint_states,-8.170,16.870,0.000,2.750,0.814,-0.098,-0.237,-0.040,-0.033,-6.900,16.117,,pan
assignment3_kp2_t3,21.975,1791456107.741044,565,1791456107.532120,camera_color_optical_frame,1,-0.0209,0.0169,0.00210,0.031,1,IDLE,disabled,0.000,0.000,deg/s,joint_states,-8.090,16.870,0.000,1.370,0.813,-0.098,-0.237,-0.038,-0.032,-6.884,16.131,,pan
assignment3_kp2_t3,21.994,1791456107.759989,566,1791456107.565471,camera_color_optical_frame,1,-0.0212,0.0022,0.00224,0.007,1,IDLE,disabled,0.000,0.000,deg/s,joint_states,-8.170,16.870,0.000,0.000,0.816,-0.101,-0.228,-0.037,-0.061,-7.020,15.477,,pan
assignment3_kp2_t3,22.013,1791456107.778704,566,1791456107.565471,camera_color_optical_frame,1,-0.0212,0.0022,0.00224,0.026,1,IDLE,disabled,0.000,0.000,deg/s,joint_states,-8.170,16.870,0.000,0.000,0.816,-0.100,-0.227,-0.037,-0.063,-7.021,15.431,,pan
assignment3_kp2_t3,22.033,1791456107.799441,567,1791456107.598822,camera_color_optical_frame,1,-0.0217,-0.0097,0.00230,0.011,1,IDLE,disabled,0.000,0.000,deg/s,joint_states,-8.090,16.870,0.000,0.000,0.837,-0.105,-0.235,-0.031,-0.056,-7.127,15.589,,pan
assignment3_kp2_t3,22.054,1791456107.819248,567,1791456107.598822,camera_color_optical_frame,1,-0.0217,-0.0097,0.00230,0.032,1,IDLE,disabled,0.000,0.000,deg/s,joint_states,-8.090,16.870,0.000,0.000,0.839,-0.105,-0.235,-0.030,-0.058,-7.134,15.556,,pan
assignment3_kp2_t3,22.074,1791456107.843938,568,1791456107.632173,camera_color_optical_frame,1,-0.0221,-0.0183,0.00235,0.012,1,IDLE,disabled,0.000,0.000,deg/s,joint_states,-8.090,16.870,0.000,0.000,0.821,-0.098,-0.234,-0.040,-0.047,-6.831,15.798,,pan
assignment3_kp2_t3,22.094,1791456107.861998,569,1791456107.665524,camera_color_optical_frame,1,-0.0220,-0.0206,0.00238,0.005,1,IDLE,disabled,0.000,0.000,deg/s,joint_states,-8.090,16.870,0.000,0.000,0.841,-0.100,-0.242,-0.041,-0.040,-6.804,15.960,,pan
assignment3_kp2_t3,22.115,1791456107.881924,569,1791456107.665524,camera_color_optical_frame,1,-0.0220,-0.0206,0.00238,0.025,1,IDLE,disabled,0.000,0.000,deg/s,joint_states,-8.090,16.870,0.000,0.000,0.842,-0.100,-0.243,-0.041,-0.040,-6.784,15.965,,pan
assignment3_kp2_t3,22.132,1791456107.896981,570,1791456107.698875,camera_color_optical_frame,1,-0.0220,-0.0212,0.00240,0.007,1,IDLE,disabled,0.000,0.000,deg/s,joint_states,-8.090,16.870,0.000,0.000,0.834,-0.102,-0.238,-0.035,-0.047,-6.987,15.797,,pan
assignment3_kp2_t3,22.155,1791456107.923028,570,1791456107.698875,camera_color_optical_frame,1,-0.0220,-0.0212,0.00240,0.029,1,IDLE,disabled,0.000,0.000,deg/s,joint_states,-8.090,16.960,0.000,0.000,0.835,-0.102,-0.238,-0.035,-0.052,-6.989,15.786,,pan
assignment3_kp2_t3,22.173,1791456107.938045,571,1791456107.732226,camera_color_optical_frame,1,-0.0220,-0.0216,0.00240,0.006,1,IDLE,disabled,0.000,0.000,deg/s,joint_states,-8.170,16.870,0.000,0.000,0.808,-0.101,-0.231,-0.034,-0.046,-7.115,15.819,,pan
assignment3_kp2_t3,22.194,1791456107.961528,571,1791456107.732226,camera_color_optical_frame,1,-0.0220,-0.0216,0.00240,0.027,1,IDLE,disabled,0.000,0.000,deg/s,joint_states,-8.090,16.870,0.000,0.000,0.806,-0.101,-0.230,-0.031,-0.047,-7.125,15.811,,pan
assignment3_kp2_t3,22.213,1791456107.977325,572,1791456107.765577,camera_color_optical_frame,1,-0.0220,-0.0217,0.00239,0.007,1,IDLE,disabled,0.000,0.000,deg/s,joint_states,-8.090,16.870,0.000,0.000,0.805,-0.102,-0.235,-0.028,-0.032,-7.211,16.131,,pan
assignment3_kp2_t3,22.235,1791456108.006075,572,1791456107.765577,camera_color_optical_frame,1,-0.0220,-0.0217,0.00239,0.029,1,IDLE,disabled,0.000,0.000,deg/s,joint_states,-8.170,16.960,0.000,0.000,0.804,-0.102,-0.235,-0.030,-0.036,-7.231,16.150,,pan
assignment3_kp2_t3,22.252,1791456108.016441,573,1791456107.798928,camera_color_optical_frame,1,-0.0220,-0.0223,0.00241,0.004,1,IDLE,disabled,0.000,0.000,deg/s,joint_states,-8.090,16.960,0.000,0.000,0.826,-0.103,-0.236,-0.031,-0.050,-7.130,15.819,,pan
assignment3_kp2_t3,22.280,1791456108.045848,573,1791456107.798928,camera_color_optical_frame,1,-0.0220,-0.0223,0.00241,0.032,1,IDLE,disabled,0.000,0.000,deg/s,joint_states,-8.170,16.870,0.000,0.000,0.827,-0.104,-0.236,-0.033,-0.047,-7.140,15.812,,pan
assignment3_kp2_t3,22.295,1791456108.061143,574,1791456107.832279,camera_color_optical_frame,1,-0.0221,-0.0238,0.00243,0.003,1,IDLE,disabled,0.000,0.000,deg/s,joint_states,-8.170,16.960,0.000,0.000,0.827,-0.104,-0.236,-0.033,-0.051,-7.146,15.808,,pan
assignment3_kp2_t3,22.316,1791456108.081720,574,1791456107.832279,camera_color_optical_frame,1,-0.0221,-0.0238,0.00243,0.024,1,IDLE,disabled,0.000,0.000,deg/s,joint_states,-8.170,16.960,0.000,0.000,0.839,-0.099,-0.233,-0.045,-0.068,-6.746,15.421,,pan
assignment3_kp2_t3,22.346,1791456108.112954,575,1791456107.898980,camera_color_optical_frame,1,-0.0219,-0.0252,0.00244,0.015,1,IDLE,disabled,0.000,0.000,deg/s,joint_states,-8.170,16.870,0.000,0.000,0.817,-0.098,-0.235,-0.043,-0.042,-6.811,15.923,,pan
assignment3_kp2_t3,22.354,1791456108.118281,575,1791456107.898980,camera_color_optical_frame,1,-0.0219,-0.0252,0.00244,0.022,1,IDLE,disabled,0.000,0.000,deg/s,joint_states,-8.090,16.870,0.000,0.000,0.817,-0.098,-0.235,-0.041,-0.042,-6.806,15.924,,pan
assignment3_kp2_t3,22.375,1791456108.141546,576,1791456107.932331,camera_color_optical_frame,1,-0.0219,-0.0252,0.00244,0.016,1,IDLE,disabled,0.000,0.000,deg/s,joint_states,-8.090,16.870,0.000,0.000,0.819,-0.101,-0.234,-0.035,-0.047,-7.002,15.810,,pan
assignment3_kp2_t3,22.396,1791456108.161548,576,1791456107.932331,camera_color_optical_frame,1,-0.0219,-0.0252,0.00244,0.038,1,IDLE,disabled,0.000,0.000,deg/s,joint_states,-8.170,16.870,0.000,0.000,0.819,-0.101,-0.234,-0.037,-0.047,-7.002,15.810,,pan
assignment3_kp2_t3,22.415,1791456108.182600,577,1791456107.965682,camera_color_optical_frame,1,-0.0219,-0.0252,0.00244,0.008,1,IDLE,disabled,0.000,0.000,deg/s,joint_states,-8.170,16.870,0.000,0.000,0.810,-0.101,-0.229,-0.035,-0.053,-7.081,15.673,,pan
assignment3_kp2_t3,22.432,1791456108.196884,578,1791456108.065733,camera_color_optical_frame,1,-0.0219,-0.0253,0.00243,0.007,0,IDLE,disabled,0.000,0.000,deg/s,joint_states,-8.090,16.870,0.000,0.000,0.571,-0.075,-0.168,-0.020,-0.025,-7.467,16.294,,pan
assignment3_kp2_t3,22.453,1791456108.217068,579,1791456108.099084,camera_color_optical_frame,1,-0.0218,-0.0256,0.00243,0.015,0,IDLE,disabled,0.000,0.000,deg/s,joint_states,-8.090,16.960,0.000,0.000,0.571,-0.074,-0.168,-0.022,-0.030,-7.402,16.289,,pan
assignment3_kp2_t3,22.472,1791456108.237950,580,1791456108.165785,camera_color_optical_frame,1,-0.0219,-0.0261,0.00243,0.010,0,IDLE,disabled,0.000,0.000,deg/s,joint_states,-8.090,16.960,0.000,0.000,0.571,-0.075,-0.169,-0.018,-0.025,-7.507,16.388,,pan
assignment3_kp2_t3,22.492,1791456108.257613,580,1791456108.165785,camera_color_optical_frame,1,-0.0219,-0.0261,0.00243,0.030,0,IDLE,disabled,0.000,0.000,deg/s,joint_states,-8.090,16.870,0.000,0.000,0.571,-0.075,-0.169,-0.018,-0.021,-7.522,16.403,,pan
assignment3_kp2_t3,22.517,1791456108.281653,580,1791456108.165785,camera_color_optical_frame,1,-0.0219,-0.0261,0.00243,0.055,0,IDLE,disabled,0.000,0.000,deg/s,joint_states,-8.170,16.870,0.000,0.000,0.571,-0.076,-0.170,-0.020,-0.020,-7.541,16.420,,pan
assignment3_kp2_t3,22.533,1791456108.300196,581,1791456108.199135,camera_color_optical_frame,1,-0.0221,-0.0270,0.00245,0.013,1,IDLE,disabled,0.000,0.000,deg/s,joint_states,-8.170,16.960,0.000,0.000,0.818,-0.100,-0.234,-0.038,-0.048,-6.967,15.858,,pan
assignment3_kp2_t3,22.554,1791456108.319255,581,1791456108.199135,camera_color_optical_frame,1,-0.0221,-0.0270,0.00245,0.034,1,IDLE,disabled,0.000,0.000,deg/s,joint_states,-8.090,16.870,0.000,0.000,0.818,-0.100,-0.234,-0.036,-0.045,-6.967,15.858,,pan
assignment3_kp2_t3,22.574,1791456108.341620,582,1791456108.232486,camera_color_optical_frame,1,-0.0220,-0.0274,0.00245,0.012,1,IDLE,disabled,0.000,0.000,deg/s,joint_states,-8.090,16.960,0.000,0.000,0.868,-0.105,-0.246,-0.038,-0.055,-6.903,15.716,,pan
assignment3_kp2_t3,22.594,1791456108.358306,582,1791456108.232486,camera_color_optical_frame,1,-0.0220,-0.0274,0.00245,0.032,1,IDLE,disabled,0.000,0.000,deg/s,joint_states,-8.170,16.960,0.000,0.000,0.878,-0.106,-0.249,-0.041,-0.055,-6.892,15.703,,pan
assignment3_kp2_t3,22.613,1791456108.378747,583,1791456108.265836,camera_color_optical_frame,1,-0.0219,-0.0279,0.00247,0.016,1,IDLE,disabled,0.000,0.000,deg/s,joint_states,-8.090,16.960,0.000,0.000,0.813,-0.103,-0.229,-0.029,-0.058,-7.193,15.636,,pan
assignment3_kp2_t3,22.633,1791456108.396795,583,1791456108.265836,camera_color_optical_frame,1,-0.0219,-0.0279,0.00247,0.036,1,IDLE,disabled,0.000,0.000,deg/s,joint_states,-8.090,16.960,0.000,0.000,0.813,-0.103,-0.229,-0.028,-0.059,-7.218,15.611,,pan
assignment3_kp2_t3,22.653,1791456108.420510,584,1791456108.299186,camera_color_optical_frame,1,-0.0220,-0.0276,0.00246,0.017,1,IDLE,disabled,0.000,0.000,deg/s,joint_states,-8.170,16.960,0.000,0.000,0.816,-0.100,-0.231,-0.038,-0.055,-6.980,15.702,,pan
assignment3_kp2_t3,22.672,1791456108.437134,584,1791456108.299186,camera_color_optical_frame,1,-0.0220,-0.0276,0.00246,0.037,1,IDLE,disabled,0.000,0.000,deg/s,joint_states,-8.170,16.960,0.000,0.000,0.815,-0.100,-0.231,-0.038,-0.056,-6.982,15.693,,pan
assignment3_kp2_t3,22.695,1791456108.461011,585,1791456108.332537,camera_color_optical_frame,1,-0.0219,-0.0282,0.00247,0.018,1,IDLE,disabled,0.000,0.000,deg/s,joint_states,-8.090,16.870,0.000,0.000,0.840,-0.103,-0.242,-0.035,-0.041,-6.975,15.933,,pan
assignment3_kp2_t3,22.714,1791456108.479317,585,1791456108.332537,camera_color_optical_frame,1,-0.0219,-0.0282,0.00247,0.037,1,IDLE,disabled,0.000,0.000,deg/s,joint_states,-8.090,16.960,0.000,0.000,0.843,-0.103,-0.243,-0.036,-0.044,-6.968,15.948,,pan
assignment3_kp2_t3,22.736,1791456108.507167,586,1791456108.365895,camera_color_optical_frame,1,-0.0219,-0.0282,0.00246,0.019,1,IDLE,disabled,0.000,0.000,deg/s,joint_states,-8.090,16.960,0.000,0.000,0.822,-0.099,-0.236,-0.039,-0.046,-6.865,15.907,,pan
assignment3_kp2_t3,22.759,1791456108.523851,587,1791456108.399249,camera_color_optical_frame,1,-0.0220,-0.0278,0.00245,0.008,1,IDLE,disabled,0.000,0.000,deg/s,joint_states,-8.090,16.960,0.000,0.000,0.829,-0.104,-0.239,-0.030,-0.045,-7.138,15.937,,pan
assignment3_kp2_t3,22.777,1791456108.544303,588,1791456108.432604,camera_color_optical_frame,1,-0.0219,-0.0286,0.00246,0.012,0,IDLE,disabled,0.000,0.000,deg/s,joint_states,-8.090,16.960,0.000,0.000,0.519,-0.069,-0.154,-0.016,-0.025,-7.578,16.389,,pan
assignment3_kp2_t3,22.793,1791456108.558775,588,1791456108.432604,camera_color_optical_frame,1,-0.0219,-0.0286,0.00246,0.027,0,IDLE,disabled,0.000,0.000,deg/s,joint_states,-8.090,16.870,0.000,0.000,0.512,-0.068,-0.152,-0.015,-0.020,-7.602,16.411,,pan
assignment3_kp2_t3,22.814,1791456108.580365,589,1791456108.465959,camera_color_optical_frame,1,-0.0220,-0.0283,0.00244,0.012,1,IDLE,disabled,0.000,0.000,deg/s,joint_states,-8.090,16.870,0.000,0.000,0.813,-0.097,-0.232,-0.040,-0.047,-6.837,15.810,,pan
assignment3_kp2_t3,22.833,1791456108.598629,589,1791456108.465959,camera_color_optical_frame,1,-0.0220,-0.0283,0.00244,0.031,1,IDLE,disabled,0.000,0.000,deg/s,joint_states,-8.170,16.960,0.000,0.000,0.812,-0.097,-0.231,-0.043,-0.051,-6.814,15.807,,pan
assignment3_kp2_t3,22.854,1791456108.619388,590,1791456108.499314,camera_color_optical_frame,1,-0.0220,-0.0283,0.00242,0.010,1,IDLE,disabled,0.000,0.000,deg/s,joint_states,-8.170,16.960,0.000,0.000,0.811,-0.100,-0.228,-0.036,-0.059,-7.048,15.618,,pan
assignment3_kp2_t3,22.879,1791456108.646362,591,1791456108.532669,camera_color_optical_frame,1,-0.0219,-0.0291,0.00244,0.012,1,IDLE,disabled,0.000,0.000,deg/s,joint_states,-8.090,16.870,0.000,0.000,0.812,-0.099,-0.229,-0.035,-0.055,-6.976,15.616,,pan
assignment3_kp2_t3,22.893,1791456108.658968,591,1791456108.532669,camera_color_optical_frame,1,-0.0219,-0.0291,0.00244,0.027,1,IDLE,disabled,0.000,0.000,deg/s,joint_states,-8.170,16.960,0.000,0.000,0.811,-0.099,-0.228,-0.038,-0.060,-6.976,15.599,,pan
assignment3_kp2_t3,22.916,1791456108.685431,592,1791456108.566023,camera_color_optical_frame,1,-0.0219,-0.0290,0.00244,0.017,1,IDLE,disabled,0.000,0.000,deg/s,joint_states,-8.170,16.870,0.000,0.000,0.812,-0.101,-0.231,-0.035,-0.048,-7.060,15.779,,pan
assignment3_kp2_t3,22.935,1791456108.702702,592,1791456108.566023,camera_color_optical_frame,1,-0.0219,-0.0290,0.00244,0.036,1,IDLE,disabled,0.000,0.000,deg/s,joint_states,-8.090,16.870,0.000,0.000,0.811,-0.100,-0.231,-0.033,-0.048,-7.061,15.783,,pan
assignment3_kp2_t3,22.955,1791456108.721479,593,1791456108.599378,camera_color_optical_frame,1,-0.0219,-0.0292,0.00244,0.010,1,IDLE,disabled,0.000,0.000,deg/s,joint_states,-8.090,16.870,0.000,0.000,0.822,-0.101,-0.232,-0.035,-0.053,-6.981,15.671,,pan
assignment3_kp2_t3,22.977,1791456108.742700,594,1791456108.632733,camera_color_optical_frame,1,-0.0219,-0.0292,0.00244,0.009,1,IDLE,disabled,0.000,0.000,deg/s,joint_states,-8.170,16.960,0.000,0.000,0.816,-0.102,-0.232,-0.033,-0.053,-7.142,15.762,,pan
assignment3_kp2_t3,22.997,1791456108.761435,594,1791456108.632733,camera_color_optical_frame,1,-0.0219,-0.0292,0.00244,0.029,1,IDLE,disabled,0.000,0.000,deg/s,joint_states,-8.170,16.960,0.000,0.000,0.816,-0.102,-0.232,-0.032,-0.053,-7.158,15.763,,pan
assignment3_kp2_t3,23.014,1791456108.779509,595,1791456108.666088,camera_color_optical_frame,1,-0.0219,-0.0293,0.00244,0.013,1,IDLE,disabled,0.000,0.000,deg/s,joint_states,-8.090,16.960,0.000,0.000,0.825,-0.101,-0.236,-0.036,-0.048,-6.967,15.875,,pan
assignment3_kp2_t3,23.036,1791456108.801552,595,1791456108.666088,camera_color_optical_frame,1,-0.0219,-0.0293,0.00244,0.035,1,IDLE,disabled,0.000,0.000,deg/s,joint_states,-8.170,16.960,0.000,0.000,0.826,-0.101,-0.237,-0.038,-0.047,-6.966,15.895,,pan
assignment3_kp2_t3,23.053,1791456108.819546,596,1791456108.699442,camera_color_optical_frame,1,-0.0219,-0.0293,0.00243,0.008,1,IDLE,disabled,0.000,0.000,deg/s,joint_states,-8.170,16.960,0.000,0.000,0.821,-0.098,-0.235,-0.043,-0.047,-6.830,15.890,,pan
assignment3_kp2_t3,23.077,1791456108.841686,596,1791456108.699442,camera_color_optical_frame,1,-0.0219,-0.0293,0.00243,0.032,1,IDLE,disabled,0.000,0.000,deg/s,joint_states,-8.170,16.960,0.000,0.000,0.822,-0.098,-0.236,-0.044,-0.046,-6.801,15.907,,pan
assignment3_kp2_t3,23.096,1791456108.861449,597,1791456108.732797,camera_color_optical_frame,1,-0.0219,-0.0293,0.00244,0.012,1,IDLE,disabled,0.000,0.000,deg/s,joint_states,-8.170,16.870,0.000,0.000,0.804,-0.102,-0.230,-0.031,-0.045,-7.206,15.855,,pan
assignment3_kp2_t3,23.112,1791456108.878656,597,1791456108.732797,camera_color_optical_frame,1,-0.0219,-0.0293,0.00244,0.029,1,IDLE,disabled,0.000,0.000,deg/s,joint_states,-8.170,16.870,0.000,0.000,0.802,-0.102,-0.230,-0.030,-0.044,-7.227,15.862,,pan
assignment3_kp2_t3,23.133,1791456108.897506,598,1791456108.766152,camera_color_optical_frame,1,-0.0219,-0.0293,0.00244,0.015,1,IDLE,disabled,0.000,0.000,deg/s,joint_states,-8.090,16.960,0.000,0.000,0.815,-0.101,-0.232,-0.033,-0.051,-7.063,15.807,,pan
assignment3_kp2_t3,23.153,1791456108.917856,598,1791456108.766152,camera_color_optical_frame,1,-0.0219,-0.0293,0.00244,0.035,1,IDLE,disabled,0.000,0.000,deg/s,joint_states,-8.090,16.960,0.000,0.000,0.815,-0.101,-0.232,-0.032,-0.051,-7.073,15.807,,pan
assignment3_kp2_t3,23.177,1791456108.947617,599,1791456108.799506,camera_color_optical_frame,1,-0.0220,-0.0306,0.00246,0.007,1,IDLE,disabled,0.000,0.000,deg/s,joint_states,-8.090,16.960,0.000,0.000,0.827,-0.102,-0.235,-0.033,-0.055,-7.041,15.715,,pan
assignment3_kp2_t3,23.195,1791456108.962735,599,1791456108.799506,camera_color_optical_frame,1,-0.0220,-0.0306,0.00246,0.025,1,IDLE,disabled,0.000,0.000,deg/s,joint_states,-8.090,16.960,0.000,0.000,0.828,-0.102,-0.235,-0.033,-0.055,-7.040,15.708,,pan
assignment3_kp2_t3,23.219,1791456108.984534,600,1791456108.832861,camera_color_optical_frame,1,-0.0220,-0.0302,0.00246,0.015,1,IDLE,disabled,0.000,0.000,deg/s,joint_states,-8.090,16.870,0.000,0.000,0.824,-0.103,-0.231,-0.030,-0.058,-7.157,15.561,,pan
assignment3_kp2_t3,23.233,1791456108.997667,601,1791456108.866216,camera_color_optical_frame,1,-0.0219,-0.0302,0.00245,0.005,1,IDLE,disabled,0.000,0.000,deg/s,joint_states,-8.170,16.870,0.000,0.000,0.808,-0.097,-0.230,-0.043,-0.047,-6.820,15.803,,pan
assignment3_kp2_t3,23.255,1791456109.021011,601,1791456108.866216,camera_color_optical_frame,1,-0.0219,-0.0302,0.00245,0.027,1,IDLE,disabled,0.000,0.000,deg/s,joint_states,-8.170,16.870,0.000,0.000,0.807,-0.096,-0.230,-0.044,-0.047,-6.794,15.806,,pan
assignment3_kp2_t3,23.277,1791456109.044645,601,1791456108.866216,camera_color_optical_frame,1,-0.0219,-0.0302,0.00245,0.049,1,IDLE,disabled,0.000,0.000,deg/s,joint_states,-8.170,16.870,0.000,0.000,0.805,-0.096,-0.230,-0.045,-0.047,-6.768,15.809,,pan
assignment3_kp2_t3,23.295,1791456109.060792,602,1791456108.899570,camera_color_optical_frame,1,-0.0219,-0.0301,0.00245,0.006,1,IDLE,disabled,0.000,0.000,deg/s,joint_states,-8.170,16.870,0.000,0.000,0.825,-0.098,-0.237,-0.044,-0.041,-6.790,15.926,,pan
assignment3_kp2_t3,23.313,1791456109.078410,603,1791456108.932925,camera_color_optical_frame,1,-0.0219,-0.0304,0.00246,0.012,1,IDLE,disabled,0.000,0.000,deg/s,joint_states,-8.170,16.960,0.000,0.000,0.816,-0.100,-0.229,-0.038,-0.061,-6.974,15.564,,pan
assignment3_kp2_t3,23.333,1791456109.098204,603,1791456108.932925,camera_color_optical_frame,1,-0.0219,-0.0304,0.00246,0.032,1,IDLE,disabled,0.000,0.000,deg/s,joint_states,-8.170,16.960,0.000,0.000,0.816,-0.100,-0.229,-0.038,-0.062,-6.974,15.543,,pan
assignment3_kp2_t3,23.354,1791456109.118667,604,1791456108.966280,camera_color_optical_frame,1,-0.0220,-0.0307,0.00245,0.010,1,IDLE,disabled,0.000,0.000,deg/s,joint_states,-8.090,16.960,0.000,0.000,0.806,-0.100,-0.227,-0.033,-0.058,-7.054,15.638,,pan
assignment3_kp2_t3,23.372,1791456109.136548,604,1791456108.966280,camera_color_optical_frame,1,-0.0220,-0.0307,0.00245,0.028,1,IDLE,disabled,0.000,0.000,deg/s,joint_states,-8.170,16.870,0.000,0.000,0.804,-0.100,-0.227,-0.035,-0.055,-7.061,15.625,,pan
assignment3_kp2_t3,23.395,1791456109.162597,605,1791456108.999634,camera_color_optical_frame,1,-0.0220,-0.0308,0.00246,0.017,1,IDLE,disabled,0.000,0.000,deg/s,joint_states,-8.090,16.960,0.000,0.000,0.821,-0.104,-0.236,-0.027,-0.047,-7.234,15.898,,pan
assignment3_kp2_t3,23.416,1791456109.181940,606,1791456109.032989,camera_color_optical_frame,1,-0.0218,-0.0309,0.00246,0.003,1,IDLE,disabled,0.000,0.000,deg/s,joint_states,-8.170,16.960,0.000,0.000,0.823,-0.101,-0.231,-0.037,-0.062,-7.000,15.542,,pan
assignment3_kp2_t3,23.435,1791456109.201687,606,1791456109.032989,camera_color_optical_frame,1,-0.0218,-0.0309,0.00246,0.022,1,IDLE,disabled,0.000,0.000,deg/s,joint_states,-8.170,16.960,0.000,0.000,0.824,-0.101,-0.231,-0.037,-0.063,-7.000,15.524,,pan
assignment3_kp2_t3,23.452,1791456109.217341,607,1791456109.066343,camera_color_optical_frame,1,-0.0220,-0.0315,0.00246,0.006,1,IDLE,disabled,0.000,0.000,deg/s,joint_states,-8.170,16.960,0.000,0.000,0.817,-0.101,-0.232,-0.036,-0.054,-7.049,15.723,,pan
assignment3_kp2_t3,23.473,1791456109.239873,607,1791456109.066343,camera_color_optical_frame,1,-0.0220,-0.0315,0.00246,0.027,1,IDLE,disabled,0.000,0.000,deg/s,joint_states,-8.090,16.960,0.000,0.000,0.817,-0.101,-0.232,-0.033,-0.055,-7.049,15.719,,pan
assignment3_kp2_t3,23.492,1791456109.257429,608,1791456109.099698,camera_color_optical_frame,1,-0.0220,-0.0312,0.00245,0.003,1,IDLE,disabled,0.000,0.000,deg/s,joint_states,-8.090,16.960,0.000,0.000,0.805,-0.097,-0.232,-0.038,-0.044,-6.907,15.952,,pan
assignment3_kp2_t3,23.514,1791456109.283161,608,1791456109.099698,camera_color_optical_frame,1,-0.0220,-0.0312,0.00245,0.025,1,IDLE,disabled,0.000,0.000,deg/s,joint_states,-8.090,16.870,0.000,0.000,0.803,-0.097,-0.232,-0.038,-0.039,-6.898,15.979,,pan
assignment3_kp2_t3,23.535,1791456109.302500,609,1791456109.133052,camera_color_optical_frame,1,-0.0220,-0.0312,0.00245,0.008,1,IDLE,disabled,0.000,0.000,deg/s,joint_states,-8.090,16.960,0.000,0.000,0.824,-0.099,-0.233,-0.040,-0.056,-6.847,15.695,,pan
assignment3_kp2_t3,23.555,1791456109.321339,609,1791456109.133052,camera_color_optical_frame,1,-0.0220,-0.0312,0.00245,0.028,1,IDLE,disabled,0.000,0.000,deg/s,joint_states,-8.090,16.870,0.000,0.000,0.825,-0.099,-0.233,-0.040,-0.052,-6.830,15.689,,pan
assignment3_kp2_t3,23.575,1791456109.341022,610,1791456109.166406,camera_color_optical_frame,1,-0.0219,-0.0320,0.00247,0.003,1,IDLE,disabled,0.000,0.000,deg/s,joint_states,-8.170,16.960,0.000,0.000,0.825,-0.099,-0.233,-0.043,-0.056,-6.813,15.684,,pan
assignment3_kp2_t3,23.594,1791456109.361530,610,1791456109.166406,camera_color_optical_frame,1,-0.0219,-0.0320,0.00247,0.022,1,IDLE,disabled,0.000,0.000,deg/s,joint_states,-8.170,16.960,0.000,0.000,0.803,-0.103,-0.228,-0.028,-0.055,-7.284,15.701,,pan
assignment3_kp2_t3,23.616,1791456109.381521,611,1791456109.199761,camera_color_optical_frame,1,-0.0220,-0.0315,0.00246,0.005,1,IDLE,disabled,0.000,0.000,deg/s,joint_states,-8.090,16.960,0.000,0.000,0.811,-0.102,-0.231,-0.029,-0.051,-7.189,15.803,,pan
assignment3_kp2_t3,23.636,1791456109.401659,611,1791456109.199761,camera_color_optical_frame,1,-0.0220,-0.0315,0.00246,0.025,1,IDLE,disabled,0.000,0.000,deg/s,joint_states,-8.090,16.960,0.000,0.000,0.811,-0.103,-0.231,-0.028,-0.051,-7.206,15.808,,pan
assignment3_kp2_t3,23.654,1791456109.418864,612,1791456109.233115,camera_color_optical_frame,1,-0.0220,-0.0315,0.00246,0.010,1,IDLE,disabled,0.000,0.000,deg/s,joint_states,-8.090,16.960,0.000,0.000,0.840,-0.099,-0.239,-0.043,-0.052,-6.752,15.783,,pan
assignment3_kp2_t3,23.676,1791456109.443142,612,1791456109.233115,camera_color_optical_frame,1,-0.0220,-0.0315,0.00246,0.033,1,IDLE,disabled,0.000,0.000,deg/s,joint_states,-8.090,16.960,0.000,0.000,0.843,-0.099,-0.240,-0.043,-0.052,-6.726,15.786,,pan
assignment3_kp2_t3,23.694,1791456109.461983,612,1791456109.233115,camera_color_optical_frame,1,-0.0220,-0.0315,0.00246,0.051,1,IDLE,disabled,0.000,0.000,deg/s,joint_states,-8.170,16.960,0.000,0.000,0.845,-0.099,-0.241,-0.047,-0.051,-6.705,15.788,,pan
assignment3_kp2_t3,23.714,1791456109.479133,613,1791456109.266470,camera_color_optical_frame,1,-0.0220,-0.0318,0.00246,0.014,1,IDLE,disabled,0.000,0.000,deg/s,joint_states,-8.170,16.960,0.000,0.000,0.815,-0.096,-0.227,-0.046,-0.065,-6.733,15.491,,pan
assignment3_kp2_t3,23.735,1791456109.500358,613,1791456109.266470,camera_color_optical_frame,1,-0.0220,-0.0318,0.00246,0.035,1,IDLE,disabled,0.000,0.000,deg/s,joint_states,-8.090,16.960,0.000,0.000,0.814,-0.096,-0.227,-0.044,-0.065,-6.711,15.472,,pan
assignment3_kp2_t3,23.753,1791456109.517782,614,1791456109.299824,camera_color_optical_frame,1,-0.0220,-0.0316,0.00245,0.013,1,IDLE,disabled,0.000,0.000,deg/s,joint_states,-8.170,16.870,0.000,0.000,0.792,-0.097,-0.219,-0.037,-0.066,-6.994,15.378,,pan
assignment3_kp2_t3,23.775,1791456109.543888,615,1791456109.333179,camera_color_optical_frame,1,-0.0219,-0.0321,0.00247,0.014,1,IDLE,disabled,0.000,0.000,deg/s,joint_states,-8.170,16.870,0.000,0.000,0.843,-0.104,-0.242,-0.035,-0.043,-7.062,15.892,,pan
assignment3_kp2_t3,23.795,1791456109.559776,615,1791456109.333179,camera_color_optical_frame,1,-0.0219,-0.0321,0.00247,0.034,1,IDLE,disabled,0.000,0.000,deg/s,joint_states,-8.170,16.960,0.000,0.000,0.845,-0.105,-0.243,-0.035,-0.046,-7.068,15.906,,pan
assignment3_kp2_t3,23.817,1791456109.582078,616,1791456109.366533,camera_color_optical_frame,1,-0.0219,-0.0324,0.00247,0.015,1,IDLE,disabled,0.000,0.000,deg/s,joint_states,-8.170,16.960,0.000,0.000,0.834,-0.102,-0.238,-0.038,-0.050,-6.983,15.828,,pan
assignment3_kp2_t3,23.833,1791456109.598548,617,1791456109.399887,camera_color_optical_frame,1,-0.0219,-0.0321,0.00247,0.006,1,IDLE,disabled,0.000,0.000,deg/s,joint_states,-8.170,16.870,0.000,0.000,0.820,-0.100,-0.235,-0.038,-0.043,-6.982,15.885,,pan
assignment3_kp2_t3,23.857,1791456109.621116,617,1791456109.399887,camera_color_optical_frame,1,-0.0219,-0.0321,0.00247,0.029,1,IDLE,disabled,0.000,0.000,deg/s,joint_states,-8.170,16.960,0.000,0.000,0.821,-0.101,-0.236,-0.038,-0.047,-6.983,15.902,,pan
assignment3_kp2_t3,23.874,1791456109.639982,618,1791456109.433241,camera_color_optical_frame,1,-0.0219,-0.0321,0.00247,0.013,1,IDLE,disabled,0.000,0.000,deg/s,joint_states,-8.090,16.960,0.000,0.000,0.806,-0.103,-0.229,-0.025,-0.053,-7.294,15.762,,pan
