run_id,time_s,ros_time_s,target_seq,stamp_s,frame_id,detected,ex,ey,area_ratio,target_age_s,depth_valid,state,reason,pan_cmd,tilt_cmd,command_unit,meas_source,pan_deg,tilt_deg,pan_dps,tilt_dps,base_x_m,base_y_m,base_z_m,pred_ex,pred_ey,desired_pan_deg,desired_tilt_deg,search_elapsed_s,joint_name
assignment2_mock_20261007_123707,0.073,1791344230.843005,0,,,0,,,,,0,LOST,input_timeout,0.000,0.000,deg/s,joint_states,,,,,,,,,,,,,
assignment2_mock_20261007_123707,0.088,1791344230.856876,0,,,0,,,,,0,LOST,input_timeout,0.000,0.000,deg/s,joint_states,,,,,,,,,,,,,
assignment2_mock_20261007_123707,0.107,1791344230.876199,0,,,0,,,,,0,LOST,input_timeout,0.000,0.000,deg/s,joint_states,,,,,,,,,,,,,
assignment2_mock_20261007_123707,0.128,1791344230.897025,0,,,0,,,,,0,LOST,input_timeout,0.000,0.000,deg/s,joint_states,,,,,,,,,,,,,
assignment2_mock_20261007_123707,0.148,1791344230.917409,0,,,0,,,,,0,LOST,input_timeout,0.000,0.000,deg/s,joint_states,,,,,,,,,,,,,
assignment2_mock_20261007_123707,0.167,1791344230.936097,0,,,0,,,,,0,LOST,input_timeout,0.000,0.000,deg/s,joint_states,,,,,,,,,,,,,
assignment2_mock_20261007_123707,0.187,1791344230.956199,0,,,0,,,,,0,LOST,input_timeout,0.000,0.000,deg/s,joint_states,,,,,,,,,,,,,
assignment2_mock_20261007_123707,0.207,1791344230.976469,0,,,0,,,,,0,LOST,input_timeout,0.000,0.000,deg/s,joint_states,,,,,,,,,,,,,
assignment2_mock_20261007_123707,0.228,1791344230.997061,0,,,0,,,,,0,LOST,input_timeout,0.000,0.000,deg/s,joint_states,,,,,,,,,,,,,
assignment2_mock_20261007_123707,0.247,1791344231.016195,0,,,0,,,,,0,LOST,input_timeout,0.000,0.000,deg/s,joint_states,,,,,,,,,,,,,
assignment2_mock_20261007_123707,0.267,1791344231.036178,0,,,0,,,,,0,LOST,input_timeout,0.000,0.000,deg/s,joint_states,,,,,,,,,,,,,
assignment2_mock_20261007_123707,0.287,1791344231.056176,0,,,0,,,,,0,LOST,input_timeout,0.000,0.000,deg/s,joint_states,,,,,,,,,,,,,
assignment2_mock_20261007_123707,0.307,1791344231.076380,0,,,0,,,,,0,LOST,input_timeout,0.000,0.000,deg/s,joint_states,,,,,,,,,,,,,
assignment2_mock_20261007_123707,0.328,1791344231.097068,0,,,0,,,,,0,LOST,input_timeout,0.000,0.000,deg/s,joint_states,,,,,,,,,,,,,
assignment2_mock_20261007_123707,0.347,1791344231.116153,0,,,0,,,,,0,LOST,input_timeout,0.000,0.000,deg/s,joint_states,,,,,,,,,,,,,
assignment2_mock_20261007_123707,0.367,1791344231.136163,0,,,0,,,,,0,LOST,input_timeout,0.000,0.000,deg/s,joint_states,,,,,,,,,,,,,
assignment2_mock_20261007_123707,0.388,1791344231.156806,0,,,0,,,,,0,LOST,input_timeout,0.000,0.000,deg/s,joint_states,,,,,,,,,,,,,
assignment2_mock_20261007_123707,0.407,1791344231.176322,0,,,0,,,,,0,LOST,input_timeout,0.000,0.000,deg/s,joint_states,,,,,,,,,,,,,
assignment2_mock_20261007_123707,0.428,1791344231.197215,0,,,0,,,,,0,LOST,input_timeout,0.000,0.000,deg/s,joint_states,,,,,,,,,,,,,
assignment2_mock_20261007_123707,0.448,1791344231.217462,0,,,0,,,,,0,LOST,input_timeout,0.000,0.000,deg/s,joint_states,,,,,,,,,,,,,
assignment2_mock_20261007_123707,0.467,1791344231.236545,0,,,0,,,,,0,LOST,input_timeout,0.000,0.000,deg/s,joint_states,,,,,,,,,,,,,
assignment2_mock_20261007_123707,0.487,1791344231.256258,0,,,0,,,,,0,LOST,input_timeout,0.000,0.000,deg/s,joint_states,,,,,,,,,,,,,
assignment2_mock_20261007_123707,0.508,1791344231.276988,0,,,0,,,,,0,LOST,input_timeout,0.000,0.000,deg/s,joint_states,,,,,,,,,,,,,
assignment2_mock_20261007_123707,0.528,1791344231.297312,0,,,0,,,,,0,LOST,input_timeout,0.000,0.000,deg/s,joint_states,,,,,,,,,,,,,
assignment2_mock_20261007_123707,0.548,1791344231.316999,0,,,0,,,,,0,LOST,input_timeout,0.000,0.000,deg/s,joint_states,,,,,,,,,,,,,
assignment2_mock_20261007_123707,0.567,1791344231.336086,0,,,0,,,,,0,LOST,input_timeout,0.000,0.000,deg/s,joint_states,,,,,,,,,,,,,
assignment2_mock_20261007_123707,0.588,1791344231.357317,0,,,0,,,,,0,LOST,input_timeout,0.000,0.000,deg/s,joint_states,,,,,,,,,,,,,
assignment2_mock_20261007_123707,0.607,1791344231.376156,0,,,0,,,,,0,LOST,input_timeout,0.000,0.000,deg/s,joint_states,,,,,,,,,,,,,
assignment2_mock_20261007_123707,0.628,1791344231.397382,0,,,0,,,,,0,LOST,input_timeout,0.000,0.000,deg/s,joint_states,,,,,,,,,,,,,
assignment2_mock_20261007_123707,0.647,1791344231.416188,0,,,0,,,,,0,LOST,input_timeout,0.000,0.000,deg/s,joint_states,,,,,,,,,,,,,
assignment2_mock_20261007_123707,0.667,1791344231.436204,0,,,0,,,,,0,LOST,input_timeout,0.000,0.000,deg/s,joint_states,,,,,,,,,,,,,
assignment2_mock_20261007_123707,0.687,1791344231.456397,0,,,0,,,,,0,LOST,input_timeout,0.000,0.000,deg/s,joint_states,,,,,,,,,,,,,
assignment2_mock_20261007_123707,0.708,1791344231.476812,0,,,0,,,,,0,LOST,input_timeout,0.000,0.000,deg/s,joint_states,,,,,,,,,,,,,
assignment2_mock_20261007_123707,0.728,1791344231.497029,0,,,0,,,,,0,LOST,input_timeout,0.000,0.000,deg/s,joint_states,,,,,,,,,,,,,
assignment2_mock_20261007_123707,0.747,1791344231.516064,0,,,0,,,,,0,LOST,input_timeout,0.000,0.000,deg/s,joint_states,,,,,,,,,,,,,
assignment2_mock_20261007_123707,0.767,1791344231.536464,0,,,0,,,,,0,LOST,input_timeout,0.000,0.000,deg/s,joint_states,,,,,,,,,,,,,
assignment2_mock_20261007_123707,0.788,1791344231.556666,0,,,0,,,,,0,LOST,input_timeout,0.000,0.000,deg/s,joint_states,,,,,,,,,,,,,
assignment2_mock_20261007_123707,0.807,1791344231.576136,0,,,0,,,,,0,LOST,input_timeout,0.000,0.000,deg/s,joint_states,,,,,,,,,,,,,
assignment2_mock_20261007_123707,0.828,1791344231.597259,0,,,0,,,,,0,LOST,input_timeout,0.000,0.000,deg/s,joint_states,,,,,,,,,,,,,
assignment2_mock_20261007_123707,0.847,1791344231.616236,0,,,0,,,,,0,LOST,input_timeout,0.000,0.000,deg/s,joint_states,,,,,,,,,,,,,
assignment2_mock_20261007_123707,0.868,1791344231.637492,0,,,0,,,,,0,LOST,input_timeout,0.000,0.000,deg/s,joint_states,,,,,,,,,,,,,
assignment2_mock_20261007_123707,0.888,1791344231.657434,0,,,0,,,,,0,LOST,input_timeout,0.000,0.000,deg/s,joint_states,,,,,,,,,,,,,
assignment2_mock_20261007_123707,0.907,1791344231.676081,0,,,0,,,,,0,LOST,input_timeout,0.000,0.000,deg/s,joint_states,,,,,,,,,,,,,
assignment2_mock_20261007_123707,0.928,1791344231.697521,0,,,0,,,,,0,LOST,input_timeout,0.000,0.000,deg/s,joint_states,,,,,,,,,,,,,
assignment2_mock_20261007_123707,0.947,1791344231.716427,0,,,0,,,,,0,LOST,input_timeout,0.000,0.000,deg/s,joint_states,,,,,,,,,,,,,
assignment2_mock_20261007_123707,0.967,1791344231.736251,0,,,0,,,,,0,LOST,input_timeout,0.000,0.000,deg/s,joint_states,,,,,,,,,,,,,
assignment2_mock_20261007_123707,0.987,1791344231.756238,0,,,0,,,,,0,LOST,input_timeout,0.000,0.000,deg/s,joint_states,,,,,,,,,,,,,
assignment2_mock_20261007_123707,1.008,1791344231.777444,0,,,0,,,,,0,LOST,input_timeout,0.000,0.000,deg/s,joint_states,,,,,,,,,,,,,
assignment2_mock_20261007_123707,1.028,1791344231.796814,0,,,0,,,,,0,LOST,input_timeout,0.000,0.000,deg/s,joint_states,,,,,,,,,,,,,
assignment2_mock_20261007_123707,1.047,1791344231.816136,0,,,0,,,,,0,LOST,input_timeout,0.000,0.000,deg/s,joint_states,,,,,,,,,,,,,
assignment2_mock_20261007_123707,1.067,1791344231.836474,0,,,0,,,,,0,LOST,input_timeout,0.000,0.000,deg/s,joint_states,,,,,,,,,,,,,
assignment2_mock_20261007_123707,1.087,1791344231.856097,0,,,0,,,,,0,LOST,input_timeout,0.000,0.000,deg/s,joint_states,,,,,,,,,,,,,
assignment2_mock_20261007_123707,1.107,1791344231.876273,1,1791344231.856599,camera_color_optical_frame,1,0.0000,0.0000,0.05000,0.018,0,LOST,confirming_1/3,0.000,0.000,deg/s,joint_states,,,,,,,,,,,,,
assignment2_mock_20261007_123707,1.128,1791344231.897161,1,1791344231.856599,camera_color_optical_frame,1,0.0000,0.0000,0.05000,0.038,0,LOST,confirming_1/3,0.000,0.000,deg/s,joint_states,,,,,,,,,,,,,
assignment2_mock_20261007_123707,1.147,1791344231.916234,2,1791344231.897935,camera_color_optical_frame,1,0.0000,0.0000,0.05000,0.016,0,LOST,confirming_2/3,0.000,0.000,deg/s,joint_states,,,,,,,,,,,,,
assignment2_mock_20261007_123707,1.167,1791344231.936284,2,1791344231.897935,camera_color_optical_frame,1,0.0000,0.0000,0.05000,0.036,0,LOST,confirming_2/3,0.000,0.000,deg/s,joint_states,,,,,,,,,,,,,
assignment2_mock_20261007_123707,1.188,1791344231.960765,3,1791344231.936708,camera_color_optical_frame,1,0.0000,0.0000,0.05000,0.018,0,TRACKING,reacquired_in_view,0.000,0.000,deg/s,joint_states,,,,,,,,,,,,,
assignment2_mock_20261007_123707,1.207,1791344231.976037,4,1791344231.959904,camera_color_optical_frame,1,0.0000,0.0000,0.05000,0.013,0,TRACKING,ok,0.000,0.000,deg/s,joint_states,,,,,,,,,,,,,
assignment2_mock_20261007_123707,1.228,1791344231.997443,4,1791344231.959904,camera_color_optical_frame,1,0.0000,0.0000,0.05000,0.034,0,TRACKING,ok,0.000,0.000,deg/s,joint_states,,,,,,,,,,,,,
assignment2_mock_20261007_123707,1.248,1791344232.016655,5,1791344231.998176,camera_color_optical_frame,1,0.0000,0.0000,0.05000,0.015,0,TRACKING,ok,0.000,0.000,deg/s,joint_states,,,,,,,,,,,,,
assignment2_mock_20261007_123707,1.268,1791344232.037055,5,1791344231.998176,camera_color_optical_frame,1,0.0000,0.0000,0.05000,0.036,0,TRACKING,ok,0.000,0.000,deg/s,joint_states,,,,,,,,,,,,,
assignment2_mock_20261007_123707,1.287,1791344232.056075,6,1791344232.037793,camera_color_optical_frame,1,0.0000,0.0000,0.05000,0.015,0,TRACKING,ok,0.000,0.000,deg/s,joint_states,,,,,,,,,,,,,
assignment2_mock_20261007_123707,1.307,1791344232.076187,6,1791344232.037793,camera_color_optical_frame,1,0.0000,0.0000,0.05000,0.036,0,TRACKING,ok,0.000,0.000,deg/s,joint_states,,,,,,,,,,,,,
assignment2_mock_20261007_123707,1.328,1791344232.097297,7,1791344232.076599,camera_color_optical_frame,1,0.0000,0.0000,0.05000,0.019,0,TRACKING,ok,0.000,0.000,deg/s,joint_states,,,,,,,,,,,,,
assignment2_mock_20261007_123707,1.347,1791344232.116089,8,1791344232.098088,camera_color_optical_frame,1,0.0000,0.0000,0.05000,0.015,0,TRACKING,ok,0.000,0.000,deg/s,joint_states,,,,,,,,,,,,,
assignment2_mock_20261007_123707,1.367,1791344232.136421,8,1791344232.098088,camera_color_optical_frame,1,0.0000,0.0000,0.05000,0.036,0,TRACKING,ok,0.000,0.000,deg/s,joint_states,,,,,,,,,,,,,
assignment2_mock_20261007_123707,1.388,1791344232.157337,9,1791344232.136861,camera_color_optical_frame,1,0.0000,0.0000,0.05000,0.018,0,TRACKING,ok,0.000,0.000,deg/s,joint_states,,,,,,,,,,,,,
assignment2_mock_20261007_123707,1.407,1791344232.176078,10,1791344232.158164,camera_color_optical_frame,1,0.0000,0.0000,0.05000,0.015,0,TRACKING,ok,0.000,0.000,deg/s,joint_states,,,,,,,,,,,,,
assignment2_mock_20261007_123707,1.428,1791344232.197481,10,1791344232.158164,camera_color_optical_frame,1,0.0000,0.0000,0.05000,0.036,0,TRACKING,ok,0.000,0.000,deg/s,joint_states,,,,,,,,,,,,,
assignment2_mock_20261007_123707,1.448,1791344232.217010,11,1791344232.198281,camera_color_optical_frame,1,0.0000,0.0000,0.05000,0.016,0,TRACKING,ok,0.000,0.000,deg/s,joint_states,,,,,,,,,,,,,
assignment2_mock_20261007_123707,1.467,1791344232.236138,11,1791344232.198281,camera_color_optical_frame,1,0.0000,0.0000,0.05000,0.036,0,TRACKING,ok,0.000,0.000,deg/s,joint_states,,,,,,,,,,,,,
assignment2_mock_20261007_123707,1.487,1791344232.256519,12,1791344232.236537,camera_color_optical_frame,1,0.0000,0.0000,0.05000,0.018,0,TRACKING,ok,0.000,0.000,deg/s,joint_states,,,,,,,,,,,,,
assignment2_mock_20261007_123707,1.508,1791344232.277316,13,1791344232.257026,camera_color_optical_frame,1,0.0000,0.0000,0.05000,0.018,0,TRACKING,ok,0.000,0.000,deg/s,joint_states,,,,,,,,,,,,,
assignment2_mock_20261007_123707,1.528,1791344232.297467,13,1791344232.257026,camera_color_optical_frame,1,0.0000,0.0000,0.05000,0.038,0,TRACKING,ok,0.000,0.000,deg/s,joint_states,,,,,,,,,,,,,
assignment2_mock_20261007_123707,1.548,1791344232.317290,14,1791344232.298317,camera_color_optical_frame,1,0.0000,0.0000,0.05000,0.016,0,TRACKING,ok,0.000,0.000,deg/s,joint_states,,,,,,,,,,,,,
assignment2_mock_20261007_123707,1.567,1791344232.336073,14,1791344232.298317,camera_color_optical_frame,1,0.0000,0.0000,0.05000,0.035,0,TRACKING,ok,0.000,0.000,deg/s,joint_states,,,,,,,,,,,,,
assignment2_mock_20261007_123707,1.588,1791344232.357399,15,1791344232.336492,camera_color_optical_frame,1,0.0000,0.0000,0.05000,0.019,0,TRACKING,ok,0.000,0.000,deg/s,joint_states,,,,,,,,,,,,,
assignment2_mock_20261007_123707,1.607,1791344232.376092,16,1791344232.358086,camera_color_optical_frame,1,0.0000,0.0000,0.05000,0.015,0,TRACKING,ok,0.000,0.000,deg/s,joint_states,,,,,,,,,,,,,
assignment2_mock_20261007_123707,1.628,1791344232.397394,16,1791344232.358086,camera_color_optical_frame,1,0.0000,0.0000,0.05000,0.036,0,TRACKING,ok,0.000,0.000,deg/s,joint_states,,,,,,,,,,,,,
assignment2_mock_20261007_123707,1.647,1791344232.416298,17,1791344232.398234,camera_color_optical_frame,1,0.0000,0.0000,0.05000,0.016,0,TRACKING,ok,0.000,0.000,deg/s,joint_states,,,,,,,,,,,,,
assignment2_mock_20261007_123707,1.668,1791344232.437215,17,1791344232.398234,camera_color_optical_frame,1,0.0000,0.0000,0.05000,0.036,0,TRACKING,ok,0.000,0.000,deg/s,joint_states,,,,,,,,,,,,,
assignment2_mock_20261007_123707,1.687,1791344232.456075,18,1791344232.438017,camera_color_optical_frame,1,0.0000,0.0000,0.05000,0.015,0,TRACKING,ok,0.000,0.000,deg/s,joint_states,,,,,,,,,,,,,
assignment2_mock_20261007_123707,1.707,1791344232.476479,18,1791344232.438017,camera_color_optical_frame,1,0.0000,0.0000,0.05000,0.035,0,TRACKING,ok,0.000,0.000,deg/s,joint_states,,,,,,,,,,,,,
assignment2_mock_20261007_123707,1.728,1791344232.497461,19,1791344232.476964,camera_color_optical_frame,1,0.0000,0.0000,0.05000,0.018,0,TRACKING,ok,0.000,0.000,deg/s,joint_states,,,,,,,,,,,,,
assignment2_mock_20261007_123707,1.748,1791344232.517295,20,1791344232.498183,camera_color_optical_frame,1,0.0000,0.0000,0.05000,0.016,0,TRACKING,ok,0.000,0.000,deg/s,joint_states,,,,,,,,,,,,,
assignment2_mock_20261007_123707,1.767,1791344232.536243,20,1791344232.498183,camera_color_optical_frame,1,0.0000,0.0000,0.05000,0.035,0,TRACKING,ok,0.000,0.000,deg/s,joint_states,,,,,,,,,,,,,
assignment2_mock_20261007_123707,1.788,1791344232.557397,21,1791344232.536624,camera_color_optical_frame,1,0.0000,0.0000,0.05000,0.019,0,TRACKING,ok,0.000,0.000,deg/s,joint_states,,,,,,,,,,,,,
assignment2_mock_20261007_123707,1.807,1791344232.576553,22,1791344232.558157,camera_color_optical_frame,1,0.0000,0.0000,0.05000,0.016,0,TRACKING,ok,0.000,0.000,deg/s,joint_states,,,,,,,,,,,,,
assignment2_mock_20261007_123707,1.828,1791344232.597210,22,1791344232.558157,camera_color_optical_frame,1,0.0000,0.0000,0.05000,0.036,0,TRACKING,ok,0.000,0.000,deg/s,joint_states,,,,,,,,,,,,,
assignment2_mock_20261007_123707,1.848,1791344232.617343,23,1791344232.597978,camera_color_optical_frame,1,0.0000,0.0000,0.05000,0.017,0,TRACKING,ok,0.000,0.000,deg/s,joint_states,,,,,,,,,,,,,
assignment2_mock_20261007_123707,1.868,1791344232.637178,23,1791344232.597978,camera_color_optical_frame,1,0.0000,0.0000,0.05000,0.037,0,TRACKING,ok,0.000,0.000,deg/s,joint_states,,,,,,,,,,,,,
assignment2_mock_20261007_123707,1.887,1791344232.656136,24,1791344232.637886,camera_color_optical_frame,1,0.0000,0.0000,0.05000,0.016,0,TRACKING,ok,0.000,0.000,deg/s,joint_states,,,,,,,,,,,,,
assignment2_mock_20261007_123707,1.907,1791344232.676252,25,1791344232.656547,camera_color_optical_frame,1,0.0000,0.0000,0.05000,0.018,0,TRACKING,ok,0.000,0.000,deg/s,joint_states,,,,,,,,,,,,,
assignment2_mock_20261007_123707,1.928,1791344232.697074,25,1791344232.656547,camera_color_optical_frame,1,0.0000,0.0000,0.05000,0.038,0,TRACKING,ok,0.000,0.000,deg/s,joint_states,,,,,,,,,,,,,
assignment2_mock_20261007_123707,1.948,1791344232.716681,26,1791344232.697927,camera_color_optical_frame,1,0.0000,0.0000,0.05000,0.016,0,TRACKING,ok,0.000,0.000,deg/s,joint_states,,,,,,,,,,,,,
assignment2_mock_20261007_123707,1.967,1791344232.736197,26,1791344232.697927,camera_color_optical_frame,1,0.0000,0.0000,0.05000,0.036,0,TRACKING,ok,0.000,0.000,deg/s,joint_states,,,,,,,,,,,,,
assignment2_mock_20261007_123707,1.988,1791344232.757430,27,1791344232.736621,camera_color_optical_frame,1,0.0000,0.0000,0.05000,0.019,0,TRACKING,ok,0.000,0.000,deg/s,joint_states,,,,,,,,,,,,,
assignment2_mock_20261007_123707,2.008,1791344232.777401,28,1791344232.758149,camera_color_optical_frame,1,0.0000,0.0000,0.05000,0.016,0,TRACKING,ok,0.000,0.000,deg/s,joint_states,,,,,,,,,,,,,
assignment2_mock_20261007_123707,2.027,1791344232.796824,28,1791344232.758149,camera_color_optical_frame,1,0.0000,0.0000,0.05000,0.035,0,TRACKING,ok,0.000,0.000,deg/s,joint_states,,,,,,,,,,,,,
assignment2_mock_20261007_123707,2.048,1791344232.817423,29,1791344232.797672,camera_color_optical_frame,1,0.0000,0.0000,0.05000,0.016,0,TRACKING,ok,0.000,0.000,deg/s,joint_states,,,,,,,,,,,,,
assignment2_mock_20261007_123707,2.068,1791344232.837061,29,1791344232.797672,camera_color_optical_frame,1,0.0000,0.0000,0.05000,0.036,0,TRACKING,ok,0.000,0.000,deg/s,joint_states,,,,,,,,,,,,,
assignment2_mock_20261007_123707,2.087,1791344232.856703,30,1791344232.837654,camera_color_optical_frame,1,0.0000,0.0000,0.05000,0.017,0,TRACKING,ok,0.000,0.000,deg/s,joint_states,,,,,,,,,,,,,
assignment2_mock_20261007_123707,2.107,1791344232.876288,31,1791344232.857428,camera_color_optical_frame,1,0.0000,0.0000,0.05000,0.017,0,TRACKING,ok,0.000,0.000,deg/s,joint_states,,,,,,,,,,,,,
assignment2_mock_20261007_123707,2.128,1791344232.897279,31,1791344232.857428,camera_color_optical_frame,1,0.0000,0.0000,0.05000,0.037,0,TRACKING,ok,0.000,0.000,deg/s,joint_states,,,,,,,,,,,,,
assignment2_mock_20261007_123707,2.147,1791344232.916072,32,1791344232.898015,camera_color_optical_frame,1,0.0000,0.0000,0.05000,0.016,0,TRACKING,ok,0.000,0.000,deg/s,joint_states,,,,,,,,,,,,,
assignment2_mock_20261007_123707,2.167,1791344232.936483,32,1791344232.898015,camera_color_optical_frame,1,0.0000,0.0000,0.05000,0.036,0,TRACKING,ok,0.000,0.000,deg/s,joint_states,,,,,,,,,,,,,
assignment2_mock_20261007_123707,2.188,1791344232.957297,33,1791344232.936997,camera_color_optical_frame,1,0.0000,0.0000,0.05000,0.018,0,TRACKING,ok,0.000,0.000,deg/s,joint_states,,,,,,,,,,,,,
assignment2_mock_20261007_123707,2.207,1791344232.976314,34,1791344232.958170,camera_color_optical_frame,1,0.0000,0.0000,0.05000,0.015,0,TRACKING,ok,0.000,0.000,deg/s,joint_states,,,,,,,,,,,,,
assignment2_mock_20261007_123707,2.228,1791344232.997221,34,1791344232.958170,camera_color_optical_frame,1,0.0000,0.0000,0.05000,0.036,0,TRACKING,ok,0.000,0.000,deg/s,joint_states,,,,,,,,,,,,,
assignment2_mock_20261007_123707,2.247,1791344233.016071,35,1791344232.997951,camera_color_optical_frame,1,0.0000,0.0000,0.05000,0.015,0,TRACKING,ok,0.000,0.000,deg/s,joint_states,,,,,,,,,,,,,
assignment2_mock_20261007_123707,2.267,1791344233.036464,35,1791344232.997951,camera_color_optical_frame,1,0.0000,0.0000,0.05000,0.036,0,TRACKING,ok,0.000,0.000,deg/s,joint_states,,,,,,,,,,,,,
assignment2_mock_20261007_123707,2.287,1791344233.056458,36,1791344233.036922,camera_color_optical_frame,1,0.0000,0.0000,0.05000,0.016,0,TRACKING,ok,0.000,0.000,deg/s,joint_states,,,,,,,,,,,,,
assignment2_mock_20261007_123707,2.307,1791344233.076323,37,1791344233.056920,camera_color_optical_frame,1,0.0000,0.0000,0.05000,0.017,0,TRACKING,ok,0.000,0.000,deg/s,joint_states,,,,,,,,,,,,,
assignment2_mock_20261007_123707,2.328,1791344233.097239,37,1791344233.056920,camera_color_optical_frame,1,0.0000,0.0000,0.05000,0.038,0,TRACKING,ok,0.000,0.000,deg/s,joint_states,,,,,,,,,,,,,
assignment2_mock_20261007_123707,2.347,1791344233.116074,38,1791344233.098045,camera_color_optical_frame,1,0.0000,0.0000,0.05000,0.015,0,TRACKING,ok,0.000,0.000,deg/s,joint_states,,,,,,,,,,,,,
assignment2_mock_20261007_123707,2.368,1791344233.137037,38,1791344233.098045,camera_color_optical_frame,1,0.0000,0.0000,0.05000,0.036,0,TRACKING,ok,0.000,0.000,deg/s,joint_states,,,,,,,,,,,,,
assignment2_mock_20261007_123707,2.387,1791344233.156130,39,1791344233.137789,camera_color_optical_frame,1,0.0000,0.0000,0.05000,0.016,0,TRACKING,ok,0.000,0.000,deg/s,joint_states,,,,,,,,,,,,,
assignment2_mock_20261007_123707,2.407,1791344233.176275,40,1791344233.156542,camera_color_optical_frame,1,0.0000,0.0000,0.05000,0.018,0,TRACKING,ok,0.000,0.000,deg/s,joint_states,,,,,,,,,,,,,
assignment2_mock_20261007_123707,2.428,1791344233.197246,40,1791344233.156542,camera_color_optical_frame,1,0.0000,0.0000,0.05000,0.038,0,TRACKING,ok,0.000,0.000,deg/s,joint_states,,,,,,,,,,,,,
assignment2_mock_20261007_123707,2.447,1791344233.216483,41,1791344233.197927,camera_color_optical_frame,1,0.0000,0.0000,0.05000,0.016,0,TRACKING,ok,0.000,0.000,deg/s,joint_states,,,,,,,,,,,,,
assignment2_mock_20261007_123707,2.467,1791344233.236140,41,1791344233.197927,camera_color_optical_frame,1,0.0000,0.0000,0.05000,0.036,0,TRACKING,ok,0.000,0.000,deg/s,joint_states,,,,,,,,,,,,,
assignment2_mock_20261007_123707,2.487,1791344233.256422,42,1791344233.236524,camera_color_optical_frame,1,0.0000,0.0000,0.05000,0.018,0,TRACKING,ok,0.000,0.000,deg/s,joint_states,,,,,,,,,,,,,
assignment2_mock_20261007_123707,2.507,1791344233.276055,43,1791344233.256835,camera_color_optical_frame,1,0.0000,0.0000,0.05000,0.017,0,TRACKING,ok,0.000,0.000,deg/s,joint_states,,,,,,,,,,,,,
assignment2_mock_20261007_123707,2.528,1791344233.297272,43,1791344233.256835,camera_color_optical_frame,1,0.0000,0.0000,0.05000,0.038,0,TRACKING,ok,0.000,0.000,deg/s,joint_states,,,,,,,,,,,,,
assignment2_mock_20261007_123707,2.547,1791344233.316082,44,1791344233.298041,camera_color_optical_frame,1,0.0000,0.0000,0.05000,0.015,0,TRACKING,ok,0.000,0.000,deg/s,joint_states,,,,,,,,,,,,,
assignment2_mock_20261007_123707,2.567,1791344233.336175,44,1791344233.298041,camera_color_optical_frame,1,0.0000,0.0000,0.05000,0.035,0,TRACKING,ok,0.000,0.000,deg/s,joint_states,,,,,,,,,,,,,
assignment2_mock_20261007_123707,2.587,1791344233.356150,45,1791344233.336582,camera_color_optical_frame,1,0.0000,0.0000,0.05000,0.018,0,TRACKING,ok,0.000,0.000,deg/s,joint_states,,,,,,,,,,,,,
assignment2_mock_20261007_123707,2.608,1791344233.376856,46,1791344233.356554,camera_color_optical_frame,1,0.0000,0.0000,0.05000,0.018,0,TRACKING,ok,0.000,0.000,deg/s,joint_states,,,,,,,,,,,,,
assignment2_mock_20261007_123707,2.627,1791344233.396553,46,1791344233.356554,camera_color_optical_frame,1,0.0000,0.0000,0.05000,0.038,0,TRACKING,ok,0.000,0.000,deg/s,joint_states,,,,,,,,,,,,,
assignment2_mock_20261007_123707,2.648,1791344233.417317,47,1791344233.397449,camera_color_optical_frame,1,0.0000,0.0000,0.05000,0.016,0,TRACKING,ok,0.000,0.000,deg/s,joint_states,,,,,,,,,,,,,
assignment2_mock_20261007_123707,2.668,1791344233.437402,47,1791344233.397449,camera_color_optical_frame,1,0.0000,0.0000,0.05000,0.036,0,TRACKING,ok,0.000,0.000,deg/s,joint_states,,,,,,,,,,,,,
assignment2_mock_20261007_123707,2.687,1791344233.456312,48,1791344233.438244,camera_color_optical_frame,1,0.0000,0.0000,0.05000,0.015,0,TRACKING,ok,0.000,0.000,deg/s,joint_states,,,,,,,,,,,,,
assignment2_mock_20261007_123707,2.708,1791344233.476930,49,1791344233.456720,camera_color_optical_frame,1,0.0000,0.0000,0.05000,0.018,0,TRACKING,ok,0.000,0.000,deg/s,joint_states,,,,,,,,,,,,,
assignment2_mock_20261007_123707,2.727,1791344233.496462,49,1791344233.456720,camera_color_optical_frame,1,0.0000,0.0000,0.05000,0.038,0,TRACKING,ok,0.000,0.000,deg/s,joint_states,,,,,,,,,,,,,
assignment2_mock_20261007_123707,2.747,1791344233.516170,50,1791344233.497362,camera_color_optical_frame,1,0.0000,0.0000,0.05000,0.016,0,TRACKING,ok,0.000,0.000,deg/s,joint_states,,,,,,,,,,,,,
assignment2_mock_20261007_123707,2.767,1791344233.536161,50,1791344233.497362,camera_color_optical_frame,1,0.0000,0.0000,0.05000,0.036,0,TRACKING,ok,0.000,0.000,deg/s,joint_states,,,,,,,,,,,,,
assignment2_mock_20261007_123707,2.788,1791344233.557086,51,1791344233.536549,camera_color_optical_frame,1,0.0000,0.0000,0.05000,0.018,0,TRACKING,ok,0.000,0.000,deg/s,joint_states,,,,,,,,,,,,,
assignment2_mock_20261007_123707,2.808,1791344233.576655,52,1791344233.557894,camera_color_optical_frame,1,0.0000,0.0000,0.05000,0.016,0,TRACKING,ok,0.000,0.000,deg/s,joint_states,,,,,,,,,,,,,
assignment2_mock_20261007_123707,2.827,1791344233.596132,52,1791344233.557894,camera_color_optical_frame,1,0.0000,0.0000,0.05000,0.036,0,TRACKING,ok,0.000,0.000,deg/s,joint_states,,,,,,,,,,,,,
assignment2_mock_20261007_123707,2.847,1791344233.616155,53,1791344233.596792,camera_color_optical_frame,1,0.0000,0.0000,0.05000,0.016,0,TRACKING,ok,0.000,0.000,deg/s,joint_states,,,,,,,,,,,,,
assignment2_mock_20261007_123707,2.868,1791344233.636784,53,1791344233.596792,camera_color_optical_frame,1,0.0000,0.0000,0.05000,0.037,0,TRACKING,ok,0.000,0.000,deg/s,joint_states,,,,,,,,,,,,,
assignment2_mock_20261007_123707,2.888,1791344233.657140,54,1791344233.637459,camera_color_optical_frame,1,0.0000,0.0000,0.05000,0.017,0,TRACKING,ok,0.000,0.000,deg/s,joint_states,,,,,,,,,,,,,
assignment2_mock_20261007_123707,2.907,1791344233.676512,55,1791344233.657773,camera_color_optical_frame,1,0.0000,0.0000,0.05000,0.016,0,TRACKING,ok,0.000,0.000,deg/s,joint_states,,,,,,,,,,,,,
assignment2_mock_20261007_123707,2.928,1791344233.696752,55,1791344233.657773,camera_color_optical_frame,1,0.0000,0.0000,0.05000,0.036,0,TRACKING,ok,0.000,0.000,deg/s,joint_states,,,,,,,,,,,,,
assignment2_mock_20261007_123707,2.947,1791344233.716093,56,1791344233.697655,camera_color_optical_frame,1,0.0000,0.0000,0.05000,0.016,0,TRACKING,ok,0.000,0.000,deg/s,joint_states,,,,,,,,,,,,,
assignment2_mock_20261007_123707,2.967,1791344233.736168,56,1791344233.697655,camera_color_optical_frame,1,0.0000,0.0000,0.05000,0.036,0,TRACKING,ok,0.000,0.000,deg/s,joint_states,,,,,,,,,,,,,
assignment2_mock_20261007_123707,2.988,1791344233.757339,57,1791344233.736554,camera_color_optical_frame,1,0.0000,0.0000,0.05000,0.019,0,TRACKING,ok,0.000,0.000,deg/s,joint_states,,,,,,,,,,,,,
assignment2_mock_20261007_123707,3.008,1791344233.777316,58,1791344233.758176,camera_color_optical_frame,1,0.0000,0.0000,0.05000,0.016,0,TRACKING,ok,0.000,0.000,deg/s,joint_states,,,,,,,,,,,,,
assignment2_mock_20261007_123707,3.028,1791344233.797363,58,1791344233.758176,camera_color_optical_frame,1,0.0000,0.0000,0.05000,0.036,0,TRACKING,ok,0.000,0.000,deg/s,joint_states,,,,,,,,,,,,,
assignment2_mock_20261007_123707,3.047,1791344233.816556,59,1791344233.798155,camera_color_optical_frame,1,0.0000,0.0000,0.05000,0.016,0,TRACKING,ok,0.000,0.000,deg/s,joint_states,,,,,,,,,,,,,
assignment2_mock_20261007_123707,3.067,1791344233.836144,59,1791344233.798155,camera_color_optical_frame,1,0.0000,0.0000,0.05000,0.036,0,TRACKING,ok,0.000,0.000,deg/s,joint_states,,,,,,,,,,,,,
assignment2_mock_20261007_123707,3.087,1791344233.856406,60,1791344233.836550,camera_color_optical_frame,1,0.0000,0.0000,0.05000,0.018,0,TRACKING,ok,0.000,0.000,deg/s,joint_states,,,,,,,,,,,,,
assignment2_mock_20261007_123707,3.108,1791344233.877466,61,1791344233.856828,camera_color_optical_frame,1,0.0000,0.0000,0.05000,0.017,0,TRACKING,ok,0.000,0.000,deg/s,joint_states,,,,,,,,,,,,,
assignment2_mock_20261007_123707,3.128,1791344233.897080,61,1791344233.856828,camera_color_optical_frame,1,0.0000,0.0000,0.05000,0.037,0,TRACKING,ok,0.000,0.000,deg/s,joint_states,,,,,,,,,,,,,
assignment2_mock_20261007_123707,3.147,1791344233.916070,62,1791344233.897993,camera_color_optical_frame,1,0.0000,0.0000,0.05000,0.015,0,TRACKING,ok,0.000,0.000,deg/s,joint_states,,,,,,,,,,,,,
assignment2_mock_20261007_123707,3.167,1791344233.936193,62,1791344233.897993,camera_color_optical_frame,1,0.0000,0.0000,0.05000,0.035,0,TRACKING,ok,0.000,0.000,deg/s,joint_states,,,,,,,,,,,,,
assignment2_mock_20261007_123707,3.188,1791344233.957034,63,1791344233.936608,camera_color_optical_frame,1,0.0000,0.0000,0.05000,0.018,0,TRACKING,ok,0.000,0.000,deg/s,joint_states,,,,,,,,,,,,,
assignment2_mock_20261007_123707,3.207,1791344233.976157,64,1791344233.957819,camera_color_optical_frame,1,0.0000,0.0000,0.05000,0.016,0,TRACKING,ok,0.000,0.000,deg/s,joint_states,,,,,,,,,,,,,
assignment2_mock_20261007_123707,3.227,1791344233.996218,64,1791344233.957819,camera_color_optical_frame,1,0.0000,0.0000,0.05000,0.036,0,TRACKING,ok,0.000,0.000,deg/s,joint_states,,,,,,,,,,,,,
assignment2_mock_20261007_123707,3.247,1791344234.016073,65,1791344233.996644,camera_color_optical_frame,1,0.0000,0.0000,0.05000,0.017,0,TRACKING,ok,0.000,0.000,deg/s,joint_states,,,,,,,,,,,,,
assignment2_mock_20261007_123707,3.267,1791344234.036177,65,1791344233.996644,camera_color_optical_frame,1,0.0000,0.0000,0.05000,0.037,0,TRACKING,ok,0.000,0.000,deg/s,joint_states,,,,,,,,,,,,,
assignment2_mock_20261007_123707,3.287,1791344234.056480,66,1791344234.036583,camera_color_optical_frame,1,0.0000,0.0000,0.05000,0.018,0,TRACKING,ok,0.000,0.000,deg/s,joint_states,,,,,,,,,,,,,
assignment2_mock_20261007_123707,3.307,1791344234.076352,67,1791344234.057026,camera_color_optical_frame,1,0.0000,0.0000,0.05000,0.017,0,TRACKING,ok,0.000,0.000,deg/s,joint_states,,,,,,,,,,,,,
assignment2_mock_20261007_123707,3.328,1791344234.097288,67,1791344234.057026,camera_color_optical_frame,1,0.0000,0.0000,0.05000,0.038,0,TRACKING,ok,0.000,0.000,deg/s,joint_states,,,,,,,,,,,,,
assignment2_mock_20261007_123707,3.348,1791344234.116672,68,1791344234.097949,camera_color_optical_frame,1,0.0000,0.0000,0.05000,0.016,0,TRACKING,ok,0.000,0.000,deg/s,joint_states,,,,,,,,,,,,,
assignment2_mock_20261007_123707,3.367,1791344234.136144,68,1791344234.097949,camera_color_optical_frame,1,0.0000,0.0000,0.05000,0.036,0,TRACKING,ok,0.000,0.000,deg/s,joint_states,,,,,,,,,,,,,
assignment2_mock_20261007_123707,3.388,1791344234.157149,69,1791344234.136523,camera_color_optical_frame,1,0.0000,0.0000,0.05000,0.019,0,TRACKING,ok,0.000,0.000,deg/s,joint_states,,,,,,,,,,,,,
assignment2_mock_20261007_123707,3.408,1791344234.176714,70,1791344234.157891,camera_color_optical_frame,1,0.0000,0.0000,0.05000,0.016,0,TRACKING,ok,0.000,0.000,deg/s,joint_states,,,,,,,,,,,,,
assignment2_mock_20261007_123707,3.427,1791344234.196439,70,1791344234.157891,camera_color_optical_frame,1,0.0000,0.0000,0.05000,0.036,0,TRACKING,ok,0.000,0.000,deg/s,joint_states,,,,,,,,,,,,,
assignment2_mock_20261007_123707,3.448,1791344234.216686,71,1791344234.196972,camera_color_optical_frame,1,0.0000,0.0000,0.05000,0.016,0,TRACKING,ok,0.000,0.000,deg/s,joint_states,,,,,,,,,,,,,
assignment2_mock_20261007_123707,3.467,1791344234.236134,71,1791344234.196972,camera_color_optical_frame,1,0.0000,0.0000,0.05000,0.036,0,TRACKING,ok,0.000,0.000,deg/s,joint_states,,,,,,,,,,,,,
assignment2_mock_20261007_123707,3.488,1791344234.257320,72,1791344234.236519,camera_color_optical_frame,1,0.0000,0.0000,0.05000,0.019,0,TRACKING,ok,0.000,0.000,deg/s,joint_states,,,,,,,,,,,,,
assignment2_mock_20261007_123707,3.507,1791344234.276450,73,1791344234.258164,camera_color_optical_frame,1,0.0000,0.0000,0.05000,0.015,0,TRACKING,ok,0.000,0.000,deg/s,joint_states,,,,,,,,,,,,,
assignment2_mock_20261007_123707,3.528,1791344234.297051,73,1791344234.258164,camera_color_optical_frame,1,0.0000,0.0000,0.05000,0.036,0,TRACKING,ok,0.000,0.000,deg/s,joint_states,,,,,,,,,,,,,
assignment2_mock_20261007_123707,3.548,1791344234.317386,74,1791344234.297823,camera_color_optical_frame,1,0.0000,0.0000,0.05000,0.016,0,TRACKING,ok,0.000,0.000,deg/s,joint_states,,,,,,,,,,,,,
assignment2_mock_20261007_123707,3.568,1791344234.337375,74,1791344234.297823,camera_color_optical_frame,1,0.0000,0.0000,0.05000,0.036,0,TRACKING,ok,0.000,0.000,deg/s,joint_states,,,,,,,,,,,,,
assignment2_mock_20261007_123707,3.587,1791344234.356594,75,1791344234.338194,camera_color_optical_frame,1,0.0000,0.0000,0.05000,0.015,0,TRACKING,ok,0.000,0.000,deg/s,joint_states,,,,,,,,,,,,,
assignment2_mock_20261007_123707,3.608,1791344234.377068,76,1791344234.357279,camera_color_optical_frame,1,0.0000,0.0000,0.05000,0.017,0,TRACKING,ok,0.000,0.000,deg/s,joint_states,,,,,,,,,,,,,
assignment2_mock_20261007_123707,3.627,1791344234.396160,76,1791344234.357279,camera_color_optical_frame,1,0.0000,0.0000,0.05000,0.036,0,TRACKING,ok,0.000,0.000,deg/s,joint_states,,,,,,,,,,,,,
assignment2_mock_20261007_123707,3.647,1791344234.416218,77,1791344234.396552,camera_color_optical_frame,1,0.0000,0.0000,0.05000,0.017,0,TRACKING,ok,0.000,0.000,deg/s,joint_states,,,,,,,,,,,,,
assignment2_mock_20261007_123707,3.667,1791344234.436173,77,1791344234.396552,camera_color_optical_frame,1,0.0000,0.0000,0.05000,0.037,0,TRACKING,ok,0.000,0.000,deg/s,joint_states,,,,,,,,,,,,,
assignment2_mock_20261007_123707,3.688,1791344234.456684,78,1791344234.436686,camera_color_optical_frame,1,0.0000,0.0000,0.05000,0.018,0,TRACKING,ok,0.000,0.000,deg/s,joint_states,,,,,,,,,,,,,
assignment2_mock_20261007_123707,3.708,1791344234.476727,79,1791344234.457437,camera_color_optical_frame,1,0.0000,0.0000,0.05000,0.017,0,TRACKING,ok,0.000,0.000,deg/s,joint_states,,,,,,,,,,,,,
assignment2_mock_20261007_123707,3.728,1791344234.497368,79,1791344234.457437,camera_color_optical_frame,1,0.0000,0.0000,0.05000,0.037,0,TRACKING,ok,0.000,0.000,deg/s,joint_states,,,,,,,,,,,,,
assignment2_mock_20261007_123707,3.748,1791344234.517335,80,1791344234.498214,camera_color_optical_frame,1,0.0000,0.0000,0.05000,0.016,0,TRACKING,ok,0.000,0.000,deg/s,joint_states,,,,,,,,,,,,,
assignment2_mock_20261007_123707,3.767,1791344234.536568,80,1791344234.498214,camera_color_optical_frame,1,0.0000,0.0000,0.05000,0.035,0,TRACKING,ok,0.000,0.000,deg/s,joint_states,,,,,,,,,,,,,
assignment2_mock_20261007_123707,3.787,1791344234.556273,81,1791344234.537166,camera_color_optical_frame,1,0.0000,0.0000,0.05000,0.016,0,TRACKING,ok,0.000,0.000,deg/s,joint_states,,,,,,,,,,,,,
assignment2_mock_20261007_123707,3.808,1791344234.577362,82,1791344234.556689,camera_color_optical_frame,1,0.0000,0.0000,0.05000,0.018,0,TRACKING,ok,0.000,0.000,deg/s,joint_states,,,,,,,,,,,,,
assignment2_mock_20261007_123707,3.827,1791344234.596587,82,1791344234.556689,camera_color_optical_frame,1,0.0000,0.0000,0.05000,0.038,0,TRACKING,ok,0.000,0.000,deg/s,joint_states,,,,,,,,,,,,,
assignment2_mock_20261007_123707,3.847,1791344234.616384,83,1791344234.597243,camera_color_optical_frame,1,0.0000,0.0000,0.05000,0.016,0,TRACKING,ok,0.000,0.000,deg/s,joint_states,,,,,,,,,,,,,
assignment2_mock_20261007_123707,3.867,1791344234.636155,83,1791344234.597243,camera_color_optical_frame,1,0.0000,0.0000,0.05000,0.036,0,TRACKING,ok,0.000,0.000,deg/s,joint_states,,,,,,,,,,,,,
assignment2_mock_20261007_123707,3.888,1791344234.657017,84,1791344234.636539,camera_color_optical_frame,1,0.0000,0.0000,0.05000,0.018,0,TRACKING,ok,0.000,0.000,deg/s,joint_states,,,,,,,,,,,,,
assignment2_mock_20261007_123707,3.908,1791344234.677069,85,1791344234.657788,camera_color_optical_frame,1,0.0000,0.0000,0.05000,0.016,0,TRACKING,ok,0.000,0.000,deg/s,joint_states,,,,,,,,,,,,,
assignment2_mock_20261007_123707,3.928,1791344234.697526,85,1791344234.657788,camera_color_optical_frame,1,0.0000,0.0000,0.05000,0.036,0,TRACKING,ok,0.000,0.000,deg/s,joint_states,,,,,,,,,,,,,
assignment2_mock_20261007_123707,3.948,1791344234.717427,86,1791344234.698314,camera_color_optical_frame,1,0.0000,0.0000,0.05000,0.016,0,TRACKING,ok,0.000,0.000,deg/s,joint_states,,,,,,,,,,,,,
assignment2_mock_20261007_123707,3.967,1791344234.736067,86,1791344234.698314,camera_color_optical_frame,1,0.0000,0.0000,0.05000,0.035,0,TRACKING,ok,0.000,0.000,deg/s,joint_states,,,,,,,,,,,,,
assignment2_mock_20261007_123707,3.988,1791344234.756996,87,1791344234.736477,camera_color_optical_frame,1,0.0000,0.0000,0.05000,0.019,0,TRACKING,ok,0.000,0.000,deg/s,joint_states,,,,,,,,,,,,,
assignment2_mock_20261007_123707,4.008,1791344234.777334,88,1791344234.757760,camera_color_optical_frame,1,0.0000,0.0000,0.05000,0.016,0,TRACKING,ok,0.000,0.000,deg/s,joint_states,,,,,,,,,,,,,
assignment2_mock_20261007_123707,4.028,1791344234.797360,88,1791344234.757760,camera_color_optical_frame,1,0.0000,0.0000,0.05000,0.036,0,TRACKING,ok,0.000,0.000,deg/s,joint_states,,,,,,,,,,,,,
assignment2_mock_20261007_123707,4.047,1791344234.816469,89,1791344234.798168,camera_color_optical_frame,1,0.0000,0.0000,0.05000,0.015,0,TRACKING,ok,0.000,0.000,deg/s,joint_states,,,,,,,,,,,,,
assignment2_mock_20261007_123707,4.068,1791344234.837324,89,1791344234.798168,camera_color_optical_frame,1,0.0000,0.0000,0.05000,0.036,0,TRACKING,ok,0.000,0.000,deg/s,joint_states,,,,,,,,,,,,,
assignment2_mock_20261007_123707,4.088,1791344234.857352,90,1791344234.838187,camera_color_optical_frame,1,0.0000,0.0000,0.05000,0.016,0,TRACKING,ok,0.000,0.000,deg/s,joint_states,,,,,,,,,,,,,
assignment2_mock_20261007_123707,4.107,1791344234.876140,90,1791344234.838187,camera_color_optical_frame,1,0.0000,0.0000,0.05000,0.035,0,TRACKING,ok,0.000,0.000,deg/s,joint_states,,,,,,,,,,,,,
assignment2_mock_20261007_123707,4.128,1791344234.897543,90,1791344234.838187,camera_color_optical_frame,1,0.0000,0.0000,0.05000,0.056,0,TRACKING,ok,0.000,0.000,deg/s,joint_states,,,,,,,,,,,,,
assignment2_mock_20261007_123707,4.148,1791344234.916795,90,1791344234.838187,camera_color_optical_frame,1,0.0000,0.0000,0.05000,0.076,0,TRACKING,ok,0.000,0.000,deg/s,joint_states,,,,,,,,,,,,,
assignment2_mock_20261007_123707,4.167,1791344234.936146,90,1791344234.838187,camera_color_optical_frame,1,0.0000,0.0000,0.05000,0.095,0,TRACKING,ok,0.000,0.000,deg/s,joint_states,,,,,,,,,,,,,
assignment2_mock_20261007_123707,4.187,1791344234.956077,90,1791344234.838187,camera_color_optical_frame,1,0.0000,0.0000,0.05000,0.115,0,TRACKING,ok,0.000,0.000,deg/s,joint_states,,,,,,,,,,,,,
assignment2_mock_20261007_123707,4.208,1791344234.977444,90,1791344234.838187,camera_color_optical_frame,1,0.0000,0.0000,0.05000,0.136,0,TRACKING,ok,0.000,0.000,deg/s,joint_states,,,,,,,,,,,,,
assignment2_mock_20261007_123707,4.228,1791344234.996776,90,1791344234.838187,camera_color_optical_frame,1,0.0000,0.0000,0.05000,0.156,0,TRACKING,ok,0.000,0.000,deg/s,joint_states,,,,,,,,,,,,,
assignment2_mock_20261007_123707,4.247,1791344235.016559,90,1791344234.838187,camera_color_optical_frame,1,0.0000,0.0000,0.05000,0.175,0,TRACKING,ok,0.000,0.000,deg/s,joint_states,,,,,,,,,,,,,
assignment2_mock_20261007_123707,4.267,1791344235.036562,90,1791344234.838187,camera_color_optical_frame,1,0.0000,0.0000,0.05000,0.195,0,TRACKING,ok,0.000,0.000,deg/s,joint_states,,,,,,,,,,,,,
assignment2_mock_20261007_123707,4.287,1791344235.056249,90,1791344234.838187,camera_color_optical_frame,1,0.0000,0.0000,0.05000,0.215,0,TRACKING,ok,0.000,0.000,deg/s,joint_states,,,,,,,,,,,,,
assignment2_mock_20261007_123707,4.308,1791344235.076993,90,1791344234.838187,camera_color_optical_frame,1,0.0000,0.0000,0.05000,0.236,0,TRACKING,ok,0.000,0.000,deg/s,joint_states,,,,,,,,,,,,,
assignment2_mock_20261007_123707,4.327,1791344235.096478,90,1791344234.838187,camera_color_optical_frame,1,0.0000,0.0000,0.05000,0.255,0,TRACKING,ok,0.000,0.000,deg/s,joint_states,,,,,,,,,,,,,
assignment2_mock_20261007_123707,4.348,1791344235.117372,90,1791344234.838187,camera_color_optical_frame,1,0.0000,0.0000,0.05000,0.276,0,TRACKING,ok,0.000,0.000,deg/s,joint_states,,,,,,,,,,,,,
assignment2_mock_20261007_123707,4.367,1791344235.136092,90,1791344234.838187,camera_color_optical_frame,1,0.0000,0.0000,0.05000,0.295,0,TRACKING,ok,0.000,0.000,deg/s,joint_states,,,,,,,,,,,,,
assignment2_mock_20261007_123707,4.387,1791344235.156137,90,1791344234.838187,camera_color_optical_frame,1,0.0000,0.0000,0.05000,0.315,0,TRACKING,ok,0.000,0.000,deg/s,joint_states,,,,,,,,,,,,,
assignment2_mock_20261007_123707,4.408,1791344235.177019,90,1791344234.838187,camera_color_optical_frame,1,0.0000,0.0000,0.05000,0.336,0,TRACKING,ok,0.000,0.000,deg/s,joint_states,,,,,,,,,,,,,
assignment2_mock_20261007_123707,4.427,1791344235.196084,90,1791344234.838187,camera_color_optical_frame,1,0.0000,0.0000,0.05000,0.355,0,TRACKING,ok,0.000,0.000,deg/s,joint_states,,,,,,,,,,,,,
assignment2_mock_20261007_123707,4.447,1791344235.216219,90,1791344234.838187,camera_color_optical_frame,1,0.0000,0.0000,0.05000,0.375,0,TRACKING,ok,0.000,0.000,deg/s,joint_states,,,,,,,,,,,,,
assignment2_mock_20261007_123707,4.468,1791344235.237403,90,1791344234.838187,camera_color_optical_frame,1,0.0000,0.0000,0.05000,0.396,0,TRACKING,ok,0.000,0.000,deg/s,joint_states,,,,,,,,,,,,,
assignment2_mock_20261007_123707,4.487,1791344235.256046,90,1791344234.838187,camera_color_optical_frame,1,0.0000,0.0000,0.05000,0.415,0,TRACKING,ok,0.000,0.000,deg/s,joint_states,,,,,,,,,,,,,
assignment2_mock_20261007_123707,4.507,1791344235.276474,90,1791344234.838187,camera_color_optical_frame,1,0.0000,0.0000,0.05000,0.435,0,TRACKING,ok,0.000,0.000,deg/s,joint_states,,,,,,,,,,,,,
assignment2_mock_20261007_123707,4.528,1791344235.297050,90,1791344234.838187,camera_color_optical_frame,1,0.0000,0.0000,0.05000,0.456,0,TRACKING,ok,0.000,0.000,deg/s,joint_states,,,,,,,,,,,,,
assignment2_mock_20261007_123707,4.547,1791344235.316173,90,1791344234.838187,camera_color_optical_frame,1,0.0000,0.0000,0.05000,0.475,0,TRACKING,ok,0.000,0.000,deg/s,joint_states,,,,,,,,,,,,,
assignment2_mock_20261007_123707,4.567,1791344235.336153,90,1791344234.838187,camera_color_optical_frame,1,0.0000,0.0000,0.05000,0.495,0,TRACKING,ok,0.000,0.000,deg/s,joint_states,,,,,,,,,,,,,
assignment2_mock_20261007_123707,4.588,1791344235.359664,90,1791344234.838187,camera_color_optical_frame,1,0.0000,0.0000,0.05000,0.516,0,LOST,input_timeout,0.000,0.000,deg/s,joint_states,,,,,,,,,,,,,
assignment2_mock_20261007_123707,4.607,1791344235.376594,90,1791344234.838187,camera_color_optical_frame,1,0.0000,0.0000,0.05000,0.535,0,LOST,input_timeout,0.000,0.000,deg/s,joint_states,,,,,,,,,,,,,
assignment2_mock_20261007_123707,4.628,1791344235.396952,90,1791344234.838187,camera_color_optical_frame,1,0.0000,0.0000,0.05000,0.556,0,LOST,input_timeout,0.000,0.000,deg/s,joint_states,,,,,,,,,,,,,
assignment2_mock_20261007_123707,4.647,1791344235.416206,90,1791344234.838187,camera_color_optical_frame,1,0.0000,0.0000,0.05000,0.575,0,LOST,input_timeout,0.000,0.000,deg/s,joint_states,,,,,,,,,,,,,
assignment2_mock_20261007_123707,4.667,1791344235.436145,90,1791344234.838187,camera_color_optical_frame,1,0.0000,0.0000,0.05000,0.595,0,LOST,input_timeout,0.000,0.000,deg/s,joint_states,,,,,,,,,,,,,
assignment2_mock_20261007_123707,4.688,1791344235.457411,90,1791344234.838187,camera_color_optical_frame,1,0.0000,0.0000,0.05000,0.616,0,LOST,input_timeout,0.000,0.000,deg/s,joint_states,,,,,,,,,,,,,
assignment2_mock_20261007_123707,4.707,1791344235.476070,90,1791344234.838187,camera_color_optical_frame,1,0.0000,0.0000,0.05000,0.635,0,LOST,input_timeout,0.000,0.000,deg/s,joint_states,,,,,,,,,,,,,
assignment2_mock_20261007_123707,4.728,1791344235.497169,90,1791344234.838187,camera_color_optical_frame,1,0.0000,0.0000,0.05000,0.656,0,LOST,input_timeout,0.000,0.000,deg/s,joint_states,,,,,,,,,,,,,
assignment2_mock_20261007_123707,4.747,1791344235.516149,90,1791344234.838187,camera_color_optical_frame,1,0.0000,0.0000,0.05000,0.675,0,LOST,input_timeout,0.000,0.000,deg/s,joint_states,,,,,,,,,,,,,
assignment2_mock_20261007_123707,4.767,1791344235.536196,90,1791344234.838187,camera_color_optical_frame,1,0.0000,0.0000,0.05000,0.695,0,LOST,input_timeout,0.000,0.000,deg/s,joint_states,,,,,,,,,,,,,
assignment2_mock_20261007_123707,4.787,1791344235.556131,90,1791344234.838187,camera_color_optical_frame,1,0.0000,0.0000,0.05000,0.715,0,LOST,input_timeout,0.000,0.000,deg/s,joint_states,,,,,,,,,,,,,
assignment2_mock_20261007_123707,4.808,1791344235.576692,90,1791344234.838187,camera_color_optical_frame,1,0.0000,0.0000,0.05000,0.736,0,LOST,input_timeout,0.000,0.000,deg/s,joint_states,,,,,,,,,,,,,
assignment2_mock_20261007_123707,4.827,1791344235.596159,90,1791344234.838187,camera_color_optical_frame,1,0.0000,0.0000,0.05000,0.755,0,LOST,input_timeout,0.000,0.000,deg/s,joint_states,,,,,,,,,,,,,
assignment2_mock_20261007_123707,4.847,1791344235.616066,90,1791344234.838187,camera_color_optical_frame,1,0.0000,0.0000,0.05000,0.775,0,LOST,input_timeout,0.000,0.000,deg/s,joint_states,,,,,,,,,,,,,
assignment2_mock_20261007_123707,4.867,1791344235.636198,90,1791344234.838187,camera_color_optical_frame,1,0.0000,0.0000,0.05000,0.795,0,LOST,input_timeout,0.000,0.000,deg/s,joint_states,,,,,,,,,,,,,
assignment2_mock_20261007_123707,4.887,1791344235.656063,90,1791344234.838187,camera_color_optical_frame,1,0.0000,0.0000,0.05000,0.815,0,LOST,input_timeout,0.000,0.000,deg/s,joint_states,,,,,,,,,,,,,
assignment2_mock_20261007_123707,4.908,1791344235.677269,90,1791344234.838187,camera_color_optical_frame,1,0.0000,0.0000,0.05000,0.836,0,LOST,input_timeout,0.000,0.000,deg/s,joint_states,,,,,,,,,,,,,
assignment2_mock_20261007_123707,4.927,1791344235.696476,90,1791344234.838187,camera_color_optical_frame,1,0.0000,0.0000,0.05000,0.855,0,LOST,input_timeout,0.000,0.000,deg/s,joint_states,,,,,,,,,,,,,
assignment2_mock_20261007_123707,4.947,1791344235.716347,90,1791344234.838187,camera_color_optical_frame,1,0.0000,0.0000,0.05000,0.875,0,LOST,input_timeout,0.000,0.000,deg/s,joint_states,,,,,,,,,,,,,
assignment2_mock_20261007_123707,4.968,1791344235.737425,90,1791344234.838187,camera_color_optical_frame,1,0.0000,0.0000,0.05000,0.896,0,LOST,input_timeout,0.000,0.000,deg/s,joint_states,,,,,,,,,,,,,
assignment2_mock_20261007_123707,4.988,1791344235.757543,90,1791344234.838187,camera_color_optical_frame,1,0.0000,0.0000,0.05000,0.916,0,LOST,input_timeout,0.000,0.000,deg/s,joint_states,,,,,,,,,,,,,
assignment2_mock_20261007_123707,5.008,1791344235.777298,90,1791344234.838187,camera_color_optical_frame,1,0.0000,0.0000,0.05000,0.936,0,LOST,input_timeout,0.000,0.000,deg/s,joint_states,,,,,,,,,,,,,
assignment2_mock_20261007_123707,5.028,1791344235.797041,90,1791344234.838187,camera_color_optical_frame,1,0.0000,0.0000,0.05000,0.956,0,LOST,input_timeout,0.000,0.000,deg/s,joint_states,,,,,,,,,,,,,
assignment2_mock_20261007_123707,5.047,1791344235.816381,90,1791344234.838187,camera_color_optical_frame,1,0.0000,0.0000,0.05000,0.975,0,LOST,input_timeout,0.000,0.000,deg/s,joint_states,,,,,,,,,,,,,
assignment2_mock_20261007_123707,5.067,1791344235.836169,90,1791344234.838187,camera_color_optical_frame,1,0.0000,0.0000,0.05000,0.995,0,LOST,input_timeout,0.000,0.000,deg/s,joint_states,,,,,,,,,,,,,
assignment2_mock_20261007_123707,5.087,1791344235.856083,90,1791344234.838187,camera_color_optical_frame,1,0.0000,0.0000,0.05000,1.015,0,LOST,input_timeout,0.000,0.000,deg/s,joint_states,,,,,,,,,,,,,
assignment2_mock_20261007_123707,5.108,1791344235.877039,90,1791344234.838187,camera_color_optical_frame,1,0.0000,0.0000,0.05000,1.036,0,LOST,input_timeout,0.000,0.000,deg/s,joint_states,,,,,,,,,,,,,
assignment2_mock_20261007_123707,5.128,1791344235.897202,90,1791344234.838187,camera_color_optical_frame,1,0.0000,0.0000,0.05000,1.056,0,LOST,input_timeout,0.000,0.000,deg/s,joint_states,,,,,,,,,,,,,
assignment2_mock_20261007_123707,5.148,1791344235.917090,90,1791344234.838187,camera_color_optical_frame,1,0.0000,0.0000,0.05000,1.076,0,LOST,input_timeout,0.000,0.000,deg/s,joint_states,,,,,,,,,,,,,
assignment2_mock_20261007_123707,5.167,1791344235.936171,90,1791344234.838187,camera_color_optical_frame,1,0.0000,0.0000,0.05000,1.095,0,LOST,input_timeout,0.000,0.000,deg/s,joint_states,,,,,,,,,,,,,
assignment2_mock_20261007_123707,5.187,1791344235.956138,90,1791344234.838187,camera_color_optical_frame,1,0.0000,0.0000,0.05000,1.115,0,LOST,input_timeout,0.000,0.000,deg/s,joint_states,,,,,,,,,,,,,
assignment2_mock_20261007_123707,5.207,1791344235.976189,90,1791344234.838187,camera_color_optical_frame,1,0.0000,0.0000,0.05000,1.135,0,LOST,input_timeout,0.000,0.000,deg/s,joint_states,,,,,,,,,,,,,
assignment2_mock_20261007_123707,5.227,1791344235.996215,90,1791344234.838187,camera_color_optical_frame,1,0.0000,0.0000,0.05000,1.155,0,LOST,input_timeout,0.000,0.000,deg/s,joint_states,,,,,,,,,,,,,
assignment2_mock_20261007_123707,5.248,1791344236.017314,90,1791344234.838187,camera_color_optical_frame,1,0.0000,0.0000,0.05000,1.176,0,LOST,input_timeout,0.000,0.000,deg/s,joint_states,,,,,,,,,,,,,
assignment2_mock_20261007_123707,5.267,1791344236.036088,90,1791344234.838187,camera_color_optical_frame,1,0.0000,0.0000,0.05000,1.195,0,LOST,input_timeout,0.000,0.000,deg/s,joint_states,,,,,,,,,,,,,
assignment2_mock_20261007_123707,5.287,1791344236.056150,90,1791344234.838187,camera_color_optical_frame,1,0.0000,0.0000,0.05000,1.215,0,LOST,input_timeout,0.000,0.000,deg/s,joint_states,,,,,,,,,,,,,
assignment2_mock_20261007_123707,5.308,1791344236.076768,90,1791344234.838187,camera_color_optical_frame,1,0.0000,0.0000,0.05000,1.236,0,LOST,input_timeout,0.000,0.000,deg/s,joint_states,,,,,,,,,,,,,
assignment2_mock_20261007_123707,5.327,1791344236.096075,90,1791344234.838187,camera_color_optical_frame,1,0.0000,0.0000,0.05000,1.255,0,LOST,input_timeout,0.000,0.000,deg/s,joint_states,,,,,,,,,,,,,
assignment2_mock_20261007_123707,5.347,1791344236.116297,90,1791344234.838187,camera_color_optical_frame,1,0.0000,0.0000,0.05000,1.275,0,LOST,input_timeout,0.000,0.000,deg/s,joint_states,,,,,,,,,,,,,
assignment2_mock_20261007_123707,5.368,1791344236.137231,90,1791344234.838187,camera_color_optical_frame,1,0.0000,0.0000,0.05000,1.296,0,LOST,input_timeout,0.000,0.000,deg/s,joint_states,,,,,,,,,,,,,
assignment2_mock_20261007_123707,5.387,1791344236.156058,90,1791344234.838187,camera_color_optical_frame,1,0.0000,0.0000,0.05000,1.315,0,LOST,input_timeout,0.000,0.000,deg/s,joint_states,,,,,,,,,,,,,
assignment2_mock_20261007_123707,5.407,1791344236.176427,90,1791344234.838187,camera_color_optical_frame,1,0.0000,0.0000,0.05000,1.335,0,LOST,input_timeout,0.000,0.000,deg/s,joint_states,,,,,,,,,,,,,
assignment2_mock_20261007_123707,5.427,1791344236.196380,90,1791344234.838187,camera_color_optical_frame,1,0.0000,0.0000,0.05000,1.355,0,LOST,input_timeout,0.000,0.000,deg/s,joint_states,,,,,,,,,,,,,
assignment2_mock_20261007_123707,5.448,1791344236.217361,90,1791344234.838187,camera_color_optical_frame,1,0.0000,0.0000,0.05000,1.376,0,LOST,input_timeout,0.000,0.000,deg/s,joint_states,,,,,,,,,,,,,
assignment2_mock_20261007_123707,5.467,1791344236.236415,90,1791344234.838187,camera_color_optical_frame,1,0.0000,0.0000,0.05000,1.395,0,LOST,input_timeout,0.000,0.000,deg/s,joint_states,,,,,,,,,,,,,
assignment2_mock_20261007_123707,5.487,1791344236.256092,90,1791344234.838187,camera_color_optical_frame,1,0.0000,0.0000,0.05000,1.415,0,LOST,input_timeout,0.000,0.000,deg/s,joint_states,,,,,,,,,,,,,
assignment2_mock_20261007_123707,5.507,1791344236.276139,90,1791344234.838187,camera_color_optical_frame,1,0.0000,0.0000,0.05000,1.435,0,LOST,input_timeout,0.000,0.000,deg/s,joint_states,,,,,,,,,,,,,
assignment2_mock_20261007_123707,5.527,1791344236.296449,90,1791344234.838187,camera_color_optical_frame,1,0.0000,0.0000,0.05000,1.455,0,LOST,input_timeout,0.000,0.000,deg/s,joint_states,,,,,,,,,,,,,
assignment2_mock_20261007_123707,5.548,1791344236.317599,90,1791344234.838187,camera_color_optical_frame,1,0.0000,0.0000,0.05000,1.476,0,LOST,input_timeout,0.000,0.000,deg/s,joint_states,,,,,,,,,,,,,
assignment2_mock_20261007_123707,5.567,1791344236.336088,90,1791344234.838187,camera_color_optical_frame,1,0.0000,0.0000,0.05000,1.495,0,LOST,input_timeout,0.000,0.000,deg/s,joint_states,,,,,,,,,,,,,
assignment2_mock_20261007_123707,5.587,1791344236.356190,90,1791344234.838187,camera_color_optical_frame,1,0.0000,0.0000,0.05000,1.515,0,LOST,input_timeout,0.000,0.000,deg/s,joint_states,,,,,,,,,,,,,
assignment2_mock_20261007_123707,5.607,1791344236.376172,90,1791344234.838187,camera_color_optical_frame,1,0.0000,0.0000,0.05000,1.535,0,LOST,input_timeout,0.000,0.000,deg/s,joint_states,,,,,,,,,,,,,
assignment2_mock_20261007_123707,5.627,1791344236.396141,90,1791344234.838187,camera_color_optical_frame,1,0.0000,0.0000,0.05000,1.555,0,LOST,input_timeout,0.000,0.000,deg/s,joint_states,,,,,,,,,,,,,
assignment2_mock_20261007_123707,5.648,1791344236.417383,90,1791344234.838187,camera_color_optical_frame,1,0.0000,0.0000,0.05000,1.576,0,LOST,input_timeout,0.000,0.000,deg/s,joint_states,,,,,,,,,,,,,
assignment2_mock_20261007_123707,5.667,1791344236.436532,90,1791344234.838187,camera_color_optical_frame,1,0.0000,0.0000,0.05000,1.595,0,LOST,input_timeout,0.000,0.000,deg/s,joint_states,,,,,,,,,,,,,
assignment2_mock_20261007_123707,5.687,1791344236.456247,90,1791344234.838187,camera_color_optical_frame,1,0.0000,0.0000,0.05000,1.615,0,LOST,input_timeout,0.000,0.000,deg/s,joint_states,,,,,,,,,,,,,
assignment2_mock_20261007_123707,5.707,1791344236.476228,90,1791344234.838187,camera_color_optical_frame,1,0.0000,0.0000,0.05000,1.635,0,LOST,input_timeout,0.000,0.000,deg/s,joint_states,,,,,,,,,,,,,
assignment2_mock_20261007_123707,5.728,1791344236.497336,90,1791344234.838187,camera_color_optical_frame,1,0.0000,0.0000,0.05000,1.656,0,LOST,input_timeout,0.000,0.000,deg/s,joint_states,,,,,,,,,,,,,
assignment2_mock_20261007_123707,5.748,1791344236.516676,90,1791344234.838187,camera_color_optical_frame,1,0.0000,0.0000,0.05000,1.676,0,LOST,input_timeout,0.000,0.000,deg/s,joint_states,,,,,,,,,,,,,
assignment2_mock_20261007_123707,5.767,1791344236.536204,90,1791344234.838187,camera_color_optical_frame,1,0.0000,0.0000,0.05000,1.695,0,LOST,input_timeout,0.000,0.000,deg/s,joint_states,,,,,,,,,,,,,
assignment2_mock_20261007_123707,5.787,1791344236.556175,90,1791344234.838187,camera_color_optical_frame,1,0.0000,0.0000,0.05000,1.715,0,LOST,input_timeout,0.000,0.000,deg/s,joint_states,,,,,,,,,,,,,
assignment2_mock_20261007_123707,5.807,1791344236.576438,90,1791344234.838187,camera_color_optical_frame,1,0.0000,0.0000,0.05000,1.735,0,LOST,input_timeout,0.000,0.000,deg/s,joint_states,,,,,,,,,,,,,
assignment2_mock_20261007_123707,5.827,1791344236.596288,90,1791344234.838187,camera_color_optical_frame,1,0.0000,0.0000,0.05000,1.755,0,LOST,input_timeout,0.000,0.000,deg/s,joint_states,,,,,,,,,,,,,
assignment2_mock_20261007_123707,5.847,1791344236.616184,90,1791344234.838187,camera_color_optical_frame,1,0.0000,0.0000,0.05000,1.775,0,LOST,input_timeout,0.000,0.000,deg/s,joint_states,,,,,,,,,,,,,
assignment2_mock_20261007_123707,5.867,1791344236.636147,90,1791344234.838187,camera_color_optical_frame,1,0.0000,0.0000,0.05000,1.795,0,LOST,input_timeout,0.000,0.000,deg/s,joint_states,,,,,,,,,,,,,
assignment2_mock_20261007_123707,5.888,1791344236.657291,90,1791344234.838187,camera_color_optical_frame,1,0.0000,0.0000,0.05000,1.816,0,LOST,input_timeout,0.000,0.000,deg/s,joint_states,,,,,,,,,,,,,
assignment2_mock_20261007_123707,5.907,1791344236.676059,90,1791344234.838187,camera_color_optical_frame,1,0.0000,0.0000,0.05000,1.835,0,LOST,input_timeout,0.000,0.000,deg/s,joint_states,,,,,,,,,,,,,
assignment2_mock_20261007_123707,5.927,1791344236.696171,90,1791344234.838187,camera_color_optical_frame,1,0.0000,0.0000,0.05000,1.855,0,LOST,input_timeout,0.000,0.000,deg/s,joint_states,,,,,,,,,,,,,
assignment2_mock_20261007_123707,5.947,1791344236.716163,90,1791344234.838187,camera_color_optical_frame,1,0.0000,0.0000,0.05000,1.875,0,LOST,input_timeout,0.000,0.000,deg/s,joint_states,,,,,,,,,,,,,
assignment2_mock_20261007_123707,5.967,1791344236.736171,90,1791344234.838187,camera_color_optical_frame,1,0.0000,0.0000,0.05000,1.895,0,LOST,input_timeout,0.000,0.000,deg/s,joint_states,,,,,,,,,,,,,
assignment2_mock_20261007_123707,5.987,1791344236.756045,90,1791344234.838187,camera_color_optical_frame,1,0.0000,0.0000,0.05000,1.915,0,LOST,input_timeout,0.000,0.000,deg/s,joint_states,,,,,,,,,,,,,
assignment2_mock_20261007_123707,6.007,1791344236.776245,90,1791344234.838187,camera_color_optical_frame,1,0.0000,0.0000,0.05000,1.935,0,LOST,input_timeout,0.000,0.000,deg/s,joint_states,,,,,,,,,,,,,
assignment2_mock_20261007_123707,6.027,1791344236.796314,90,1791344234.838187,camera_color_optical_frame,1,0.0000,0.0000,0.05000,1.955,0,LOST,input_timeout,0.000,0.000,deg/s,joint_states,,,,,,,,,,,,,
assignment2_mock_20261007_123707,6.047,1791344236.816172,90,1791344234.838187,camera_color_optical_frame,1,0.0000,0.0000,0.05000,1.975,0,LOST,input_timeout,0.000,0.000,deg/s,joint_states,,,,,,,,,,,,,
assignment2_mock_20261007_123707,6.067,1791344236.836345,90,1791344234.838187,camera_color_optical_frame,1,0.0000,0.0000,0.05000,1.995,0,LOST,input_timeout,0.000,0.000,deg/s,joint_states,,,,,,,,,,,,,
assignment2_mock_20261007_123707,6.087,1791344236.856073,90,1791344234.838187,camera_color_optical_frame,1,0.0000,0.0000,0.05000,2.015,0,LOST,input_timeout,0.000,0.000,deg/s,joint_states,,,,,,,,,,,,,
assignment2_mock_20261007_123707,6.107,1791344236.876149,90,1791344234.838187,camera_color_optical_frame,1,0.0000,0.0000,0.05000,2.035,0,LOST,input_timeout,0.000,0.000,deg/s,joint_states,,,,,,,,,,,,,
assignment2_mock_20261007_123707,6.127,1791344236.896476,90,1791344234.838187,camera_color_optical_frame,1,0.0000,0.0000,0.05000,2.055,0,LOST,input_timeout,0.000,0.000,deg/s,joint_states,,,,,,,,,,,,,
assignment2_mock_20261007_123707,6.148,1791344236.917447,90,1791344234.838187,camera_color_optical_frame,1,0.0000,0.0000,0.05000,2.076,0,LOST,input_timeout,0.000,0.000,deg/s,joint_states,,,,,,,,,,,,,
assignment2_mock_20261007_123707,6.168,1791344236.937097,90,1791344234.838187,camera_color_optical_frame,1,0.0000,0.0000,0.05000,2.096,0,LOST,input_timeout,0.000,0.000,deg/s,joint_states,,,,,,,,,,,,,
assignment2_mock_20261007_123707,6.187,1791344236.956139,90,1791344234.838187,camera_color_optical_frame,1,0.0000,0.0000,0.05000,2.115,0,LOST,input_timeout,0.000,0.000,deg/s,joint_states,,,,,,,,,,,,,
assignment2_mock_20261007_123707,6.207,1791344236.976197,90,1791344234.838187,camera_color_optical_frame,1,0.0000,0.0000,0.05000,2.135,0,LOST,input_timeout,0.000,0.000,deg/s,joint_states,,,,,,,,,,,,,
assignment2_mock_20261007_123707,6.227,1791344236.996138,90,1791344234.838187,camera_color_optical_frame,1,0.0000,0.0000,0.05000,2.155,0,LOST,input_timeout,0.000,0.000,deg/s,joint_states,,,,,,,,,,,,,
assignment2_mock_20261007_123707,6.247,1791344237.016090,90,1791344234.838187,camera_color_optical_frame,1,0.0000,0.0000,0.05000,2.175,0,LOST,input_timeout,0.000,0.000,deg/s,joint_states,,,,,,,,,,,,,
assignment2_mock_20261007_123707,6.267,1791344237.036584,90,1791344234.838187,camera_color_optical_frame,1,0.0000,0.0000,0.05000,2.195,0,LOST,input_timeout,0.000,0.000,deg/s,joint_states,,,,,,,,,,,,,
assignment2_mock_20261007_123707,6.287,1791344237.056220,90,1791344234.838187,camera_color_optical_frame,1,0.0000,0.0000,0.05000,2.215,0,LOST,input_timeout,0.000,0.000,deg/s,joint_states,,,,,,,,,,,,,
assignment2_mock_20261007_123707,6.307,1791344237.076234,90,1791344234.838187,camera_color_optical_frame,1,0.0000,0.0000,0.05000,2.235,0,LOST,input_timeout,0.000,0.000,deg/s,joint_states,,,,,,,,,,,,,
assignment2_mock_20261007_123707,6.328,1791344237.097345,90,1791344234.838187,camera_color_optical_frame,1,0.0000,0.0000,0.05000,2.256,0,LOST,input_timeout,0.000,0.000,deg/s,joint_states,,,,,,,,,,,,,
assignment2_mock_20261007_123707,6.348,1791344237.117464,90,1791344234.838187,camera_color_optical_frame,1,0.0000,0.0000,0.05000,2.276,0,LOST,input_timeout,0.000,0.000,deg/s,joint_states,,,,,,,,,,,,,
assignment2_mock_20261007_123707,6.368,1791344237.136992,90,1791344234.838187,camera_color_optical_frame,1,0.0000,0.0000,0.05000,2.296,0,LOST,input_timeout,0.000,0.000,deg/s,joint_states,,,,,,,,,,,,,
assignment2_mock_20261007_123707,6.387,1791344237.156126,90,1791344234.838187,camera_color_optical_frame,1,0.0000,0.0000,0.05000,2.315,0,LOST,input_timeout,0.000,0.000,deg/s,joint_states,,,,,,,,,,,,,
assignment2_mock_20261007_123707,6.407,1791344237.176264,90,1791344234.838187,camera_color_optical_frame,1,0.0000,0.0000,0.05000,2.335,0,LOST,input_timeout,0.000,0.000,deg/s,joint_states,,,,,,,,,,,,,
assignment2_mock_20261007_123707,6.427,1791344237.196309,90,1791344234.838187,camera_color_optical_frame,1,0.0000,0.0000,0.05000,2.355,0,LOST,input_timeout,0.000,0.000,deg/s,joint_states,,,,,,,,,,,,,
assignment2_mock_20261007_123707,6.448,1791344237.217006,90,1791344234.838187,camera_color_optical_frame,1,0.0000,0.0000,0.05000,2.376,0,LOST,input_timeout,0.000,0.000,deg/s,joint_states,,,,,,,,,,,,,
assignment2_mock_20261007_123707,6.467,1791344237.236064,90,1791344234.838187,camera_color_optical_frame,1,0.0000,0.0000,0.05000,2.395,0,LOST,input_timeout,0.000,0.000,deg/s,joint_states,,,,,,,,,,,,,
assignment2_mock_20261007_123707,6.487,1791344237.256468,90,1791344234.838187,camera_color_optical_frame,1,0.0000,0.0000,0.05000,2.415,0,LOST,input_timeout,0.000,0.000,deg/s,joint_states,,,,,,,,,,,,,
assignment2_mock_20261007_123707,6.507,1791344237.276090,90,1791344234.838187,camera_color_optical_frame,1,0.0000,0.0000,0.05000,2.435,0,LOST,input_timeout,0.000,0.000,deg/s,joint_states,,,,,,,,,,,,,
assignment2_mock_20261007_123707,6.527,1791344237.296196,90,1791344234.838187,camera_color_optical_frame,1,0.0000,0.0000,0.05000,2.455,0,LOST,input_timeout,0.000,0.000,deg/s,joint_states,,,,,,,,,,,,,
assignment2_mock_20261007_123707,6.547,1791344237.316154,90,1791344234.838187,camera_color_optical_frame,1,0.0000,0.0000,0.05000,2.475,0,LOST,input_timeout,0.000,0.000,deg/s,joint_states,,,,,,,,,,,,,
assignment2_mock_20261007_123707,6.567,1791344237.336517,90,1791344234.838187,camera_color_optical_frame,1,0.0000,0.0000,0.05000,2.495,0,LOST,input_timeout,0.000,0.000,deg/s,joint_states,,,,,,,,,,,,,
assignment2_mock_20261007_123707,6.587,1791344237.356167,90,1791344234.838187,camera_color_optical_frame,1,0.0000,0.0000,0.05000,2.515,0,LOST,input_timeout,0.000,0.000,deg/s,joint_states,,,,,,,,,,,,,
assignment2_mock_20261007_123707,6.607,1791344237.376096,91,1791344237.358274,camera_color_optical_frame,1,0.4000,0.0000,0.05000,0.015,0,LOST,confirming_1/3,0.000,0.000,deg/s,joint_states,,,,,,,,,,,,,
assignment2_mock_20261007_123707,6.627,1791344237.396168,91,1791344237.358274,camera_color_optical_frame,1,0.4000,0.0000,0.05000,0.035,0,LOST,confirming_1/3,0.000,0.000,deg/s,joint_states,,,,,,,,,,,,,
assignment2_mock_20261007_123707,6.647,1791344237.416484,92,1791344237.396547,camera_color_optical_frame,1,0.4000,0.0000,0.05000,0.018,0,LOST,confirming_2/3,0.000,0.000,deg/s,joint_states,,,,,,,,,,,,,
assignment2_mock_20261007_123707,6.667,1791344237.436333,92,1791344237.396547,camera_color_optical_frame,1,0.4000,0.0000,0.05000,0.038,0,LOST,confirming_2/3,0.000,0.000,deg/s,joint_states,,,,,,,,,,,,,
assignment2_mock_20261007_123707,6.687,1791344237.457674,93,1791344237.436713,camera_color_optical_frame,1,0.4000,0.0000,0.05000,0.018,0,TRACKING,reacquired_in_view,-23.867,0.000,deg/s,joint_states,,,,,,,,,,,,,
assignment2_mock_20261007_123707,6.707,1791344237.476139,94,1791344237.458097,camera_color_optical_frame,1,0.4000,0.0000,0.05000,0.016,0,TRACKING,ok,-23.867,0.000,deg/s,joint_states,,,,,,,,,,,,,
assignment2_mock_20261007_123707,6.727,1791344237.496263,94,1791344237.458097,camera_color_optical_frame,1,0.4000,0.0000,0.05000,0.037,0,TRACKING,ok,-23.867,0.000,deg/s,joint_states,,,,,,,,,,,,,
assignment2_mock_20261007_123707,6.747,1791344237.516200,95,1791344237.496663,camera_color_optical_frame,1,0.4000,0.0000,0.05000,0.017,0,TRACKING,ok,-23.867,0.000,deg/s,joint_states,,,,,,,,,,,,,
assignment2_mock_20261007_123707,6.767,1791344237.536443,95,1791344237.496663,camera_color_optical_frame,1,0.4000,0.0000,0.05000,0.037,0,TRACKING,ok,-23.867,0.000,deg/s,joint_states,,,,,,,,,,,,,
assignment2_mock_20261007_123707,6.788,1791344237.557354,96,1791344237.536906,camera_color_optical_frame,1,0.4000,0.0000,0.05000,0.018,0,TRACKING,ok,-23.867,0.000,deg/s,joint_states,,,,,,,,,,,,,
assignment2_mock_20261007_123707,6.807,1791344237.576148,97,1791344237.558282,camera_color_optical_frame,1,0.4000,0.0000,0.05000,0.015,0,TRACKING,ok,-23.867,0.000,deg/s,joint_states,,,,,,,,,,,,,
assignment2_mock_20261007_123707,6.827,1791344237.596186,97,1791344237.558282,camera_color_optical_frame,1,0.4000,0.0000,0.05000,0.035,0,TRACKING,ok,-23.867,0.000,deg/s,joint_states,,,,,,,,,,,,,
assignment2_mock_20261007_123707,6.847,1791344237.616428,98,1791344237.596565,camera_color_optical_frame,1,0.4000,0.0000,0.05000,0.018,0,TRACKING,ok,-23.867,0.000,deg/s,joint_states,,,,,,,,,,,,,
assignment2_mock_20261007_123707,6.868,1791344237.637358,98,1791344237.596565,camera_color_optical_frame,1,0.4000,0.0000,0.05000,0.039,0,TRACKING,ok,-23.867,0.000,deg/s,joint_states,,,,,,,,,,,,,
assignment2_mock_20261007_123707,6.888,1791344237.656855,99,1791344237.638222,camera_color_optical_frame,1,0.4000,0.0000,0.05000,0.015,0,TRACKING,ok,-23.867,0.000,deg/s,joint_states,,,,,,,,,,,,,
assignment2_mock_20261007_123707,6.907,1791344237.676288,99,1791344237.638222,camera_color_optical_frame,1,0.4000,0.0000,0.05000,0.035,0,TRACKING,ok,-23.867,0.000,deg/s,joint_states,,,,,,,,,,,,,
assignment2_mock_20261007_123707,6.928,1791344237.696721,100,1791344237.676698,camera_color_optical_frame,1,0.4000,0.0000,0.05000,0.018,0,TRACKING,ok,-23.867,0.000,deg/s,joint_states,,,,,,,,,,,,,
assignment2_mock_20261007_123707,6.947,1791344237.716075,101,1791344237.697521,camera_color_optical_frame,1,0.4000,0.0000,0.05000,0.015,0,TRACKING,ok,-23.867,0.000,deg/s,joint_states,,,,,,,,,,,,,
assignment2_mock_20261007_123707,6.967,1791344237.736207,101,1791344237.697521,camera_color_optical_frame,1,0.4000,0.0000,0.05000,0.036,0,TRACKING,ok,-23.867,0.000,deg/s,joint_states,,,,,,,,,,,,,
assignment2_mock_20261007_123707,6.988,1791344237.757158,102,1791344237.736613,camera_color_optical_frame,1,0.4000,0.0000,0.05000,0.018,0,TRACKING,ok,-23.867,0.000,deg/s,joint_states,,,,,,,,,,,,,
assignment2_mock_20261007_123707,7.008,1791344237.777036,102,1791344237.736613,camera_color_optical_frame,1,0.4000,0.0000,0.05000,0.038,0,TRACKING,ok,-23.867,0.000,deg/s,joint_states,,,,,,,,,,,,,
assignment2_mock_20261007_123707,7.028,1791344237.797019,103,1791344237.777826,camera_color_optical_frame,1,0.4000,0.0000,0.05000,0.016,0,TRACKING,ok,-23.867,0.000,deg/s,joint_states,,,,,,,,,,,,,
assignment2_mock_20261007_123707,7.047,1791344237.816317,104,1791344237.797859,camera_color_optical_frame,1,0.4000,0.0000,0.05000,0.015,0,TRACKING,ok,-23.867,0.000,deg/s,joint_states,,,,,,,,,,,,,
assignment2_mock_20261007_123707,7.067,1791344237.836150,104,1791344237.797859,camera_color_optical_frame,1,0.4000,0.0000,0.05000,0.035,0,TRACKING,ok,-23.867,0.000,deg/s,joint_states,,,,,,,,,,,,,
assignment2_mock_20261007_123707,7.087,1791344237.856387,105,1791344237.836550,camera_color_optical_frame,1,0.4000,0.0000,0.05000,0.018,0,TRACKING,ok,-23.867,0.000,deg/s,joint_states,,,,,,,,,,,,,
assignment2_mock_20261007_123707,7.107,1791344237.876153,105,1791344237.836550,camera_color_optical_frame,1,0.4000,0.0000,0.05000,0.038,0,TRACKING,ok,-23.867,0.000,deg/s,joint_states,,,,,,,,,,,,,
assignment2_mock_20261007_123707,7.128,1791344237.897346,106,1791344237.876552,camera_color_optical_frame,1,0.4000,0.0000,0.05000,0.019,0,TRACKING,ok,-23.867,0.000,deg/s,joint_states,,,,,,,,,,,,,
assignment2_mock_20261007_123707,7.148,1791344237.916997,107,1791344237.898159,camera_color_optical_frame,1,0.4000,0.0000,0.05000,0.016,0,TRACKING,ok,-23.867,0.000,deg/s,joint_states,,,,,,,,,,,,,
assignment2_mock_20261007_123707,7.167,1791344237.936182,107,1791344237.898159,camera_color_optical_frame,1,0.4000,0.0000,0.05000,0.036,0,TRACKING,ok,-23.867,0.000,deg/s,joint_states,,,,,,,,,,,,,
assignment2_mock_20261007_123707,7.188,1791344237.957187,108,1791344237.936553,camera_color_optical_frame,1,0.4000,0.0000,0.05000,0.019,0,TRACKING,ok,-23.867,0.000,deg/s,joint_states,,,,,,,,,,,,,
assignment2_mock_20261007_123707,7.208,1791344237.976918,108,1791344237.936553,camera_color_optical_frame,1,0.4000,0.0000,0.05000,0.038,0,TRACKING,ok,-23.867,0.000,deg/s,joint_states,,,,,,,,,,,,,
assignment2_mock_20261007_123707,7.227,1791344237.996440,109,1791344237.977713,camera_color_optical_frame,1,0.4000,0.0000,0.05000,0.016,0,TRACKING,ok,-23.867,0.000,deg/s,joint_states,,,,,,,,,,,,,
assignment2_mock_20261007_123707,7.248,1791344238.017460,110,1791344237.996889,camera_color_optical_frame,1,0.4000,0.0000,0.05000,0.018,0,TRACKING,ok,-23.867,0.000,deg/s,joint_states,,,,,,,,,,,,,
assignment2_mock_20261007_123707,7.267,1791344238.036148,110,1791344237.996889,camera_color_optical_frame,1,0.4000,0.0000,0.05000,0.037,0,TRACKING,ok,-23.867,0.000,deg/s,joint_states,,,,,,,,,,,,,
assignment2_mock_20261007_123707,7.287,1791344238.056480,111,1791344238.036538,camera_color_optical_frame,1,0.4000,0.0000,0.05000,0.018,0,TRACKING,ok,-23.867,0.000,deg/s,joint_states,,,,,,,,,,,,,
assignment2_mock_20261007_123707,7.307,1791344238.076306,111,1791344238.036538,camera_color_optical_frame,1,0.4000,0.0000,0.05000,0.038,0,TRACKING,ok,-23.867,0.000,deg/s,joint_states,,,,,,,,,,,,,
assignment2_mock_20261007_123707,7.328,1791344238.096736,112,1791344238.076715,camera_color_optical_frame,1,0.4000,0.0000,0.05000,0.018,0,TRACKING,ok,-23.867,0.000,deg/s,joint_states,,,,,,,,,,,,,
assignment2_mock_20261007_123707,7.347,1791344238.116378,113,1791344238.097443,camera_color_optical_frame,1,0.4000,0.0000,0.05000,0.016,0,TRACKING,ok,-23.867,0.000,deg/s,joint_states,,,,,,,,,,,,,
assignment2_mock_20261007_123707,7.367,1791344238.136456,113,1791344238.097443,camera_color_optical_frame,1,0.4000,0.0000,0.05000,0.036,0,TRACKING,ok,-23.867,0.000,deg/s,joint_states,,,,,,,,,,,,,
assignment2_mock_20261007_123707,7.388,1791344238.157399,114,1791344238.136901,camera_color_optical_frame,1,0.4000,0.0000,0.05000,0.018,0,TRACKING,ok,-23.867,0.000,deg/s,joint_states,,,,,,,,,,,,,
assignment2_mock_20261007_123707,7.408,1791344238.177409,115,1791344238.158247,camera_color_optical_frame,1,0.4000,0.0000,0.05000,0.016,0,TRACKING,ok,-23.867,0.000,deg/s,joint_states,,,,,,,,,,,,,
assignment2_mock_20261007_123707,7.427,1791344238.196167,115,1791344238.158247,camera_color_optical_frame,1,0.4000,0.0000,0.05000,0.035,0,TRACKING,ok,-23.867,0.000,deg/s,joint_states,,,,,,,,,,,,,
assignment2_mock_20261007_123707,7.448,1791344238.217490,116,1791344238.196551,camera_color_optical_frame,1,0.4000,0.0000,0.05000,0.018,0,TRACKING,ok,-23.867,0.000,deg/s,joint_states,,,,,,,,,,,,,
assignment2_mock_20261007_123707,7.467,1791344238.236146,116,1791344238.196551,camera_color_optical_frame,1,0.4000,0.0000,0.05000,0.038,0,TRACKING,ok,-23.867,0.000,deg/s,joint_states,,,,,,,,,,,,,
assignment2_mock_20261007_123707,7.488,1791344238.257087,117,1791344238.236542,camera_color_optical_frame,1,0.4000,0.0000,0.05000,0.018,0,TRACKING,ok,-23.867,0.000,deg/s,joint_states,,,,,,,,,,,,,
assignment2_mock_20261007_123707,7.507,1791344238.276086,117,1791344238.236542,camera_color_optical_frame,1,0.4000,0.0000,0.05000,0.038,0,TRACKING,ok,-23.867,0.000,deg/s,joint_states,,,,,,,,,,,,,
assignment2_mock_20261007_123707,7.528,1791344238.297466,118,1791344238.276506,camera_color_optical_frame,1,0.4000,0.0000,0.05000,0.019,0,TRACKING,ok,-23.867,0.000,deg/s,joint_states,,,,,,,,,,,,,
assignment2_mock_20261007_123707,7.547,1791344238.316066,119,1791344238.298151,camera_color_optical_frame,1,0.4000,0.0000,0.05000,0.015,0,TRACKING,ok,-23.867,0.000,deg/s,joint_states,,,,,,,,,,,,,
assignment2_mock_20261007_123707,7.567,1791344238.336199,119,1791344238.298151,camera_color_optical_frame,1,0.4000,0.0000,0.05000,0.035,0,TRACKING,ok,-23.867,0.000,deg/s,joint_states,,,,,,,,,,,,,
assignment2_mock_20261007_123707,7.587,1791344238.356578,120,1791344238.336593,camera_color_optical_frame,1,0.4000,0.0000,0.05000,0.018,0,TRACKING,ok,-23.867,0.000,deg/s,joint_states,,,,,,,,,,,,,
assignment2_mock_20261007_123707,7.608,1791344238.377219,120,1791344238.336593,camera_color_optical_frame,1,0.4000,0.0000,0.05000,0.039,0,TRACKING,ok,-23.867,0.000,deg/s,joint_states,,,,,,,,,,,,,
assignment2_mock_20261007_123707,7.627,1791344238.396137,121,1791344238.377939,camera_color_optical_frame,1,0.4000,0.0000,0.05000,0.015,0,TRACKING,ok,-23.867,0.000,deg/s,joint_states,,,,,,,,,,,,,
assignment2_mock_20261007_123707,7.648,1791344238.417011,122,1791344238.396554,camera_color_optical_frame,1,0.4000,0.0000,0.05000,0.019,0,TRACKING,ok,-23.867,0.000,deg/s,joint_states,,,,,,,,,,,,,
assignment2_mock_20261007_123707,7.667,1791344238.436083,122,1791344238.396554,camera_color_optical_frame,1,0.4000,0.0000,0.05000,0.038,0,TRACKING,ok,-23.867,0.000,deg/s,joint_states,,,,,,,,,,,,,
assignment2_mock_20261007_123707,7.688,1791344238.457365,123,1791344238.436503,camera_color_optical_frame,1,0.4000,0.0000,0.05000,0.019,0,TRACKING,ok,-23.867,0.000,deg/s,joint_states,,,,,,,,,,,,,
assignment2_mock_20261007_123707,7.708,1791344238.476708,124,1791344238.458166,camera_color_optical_frame,1,0.4000,0.0000,0.05000,0.015,0,TRACKING,ok,-23.867,0.000,deg/s,joint_states,,,,,,,,,,,,,
assignment2_mock_20261007_123707,7.727,1791344238.496222,124,1791344238.458166,camera_color_optical_frame,1,0.4000,0.0000,0.05000,0.035,0,TRACKING,ok,-23.867,0.000,deg/s,joint_states,,,,,,,,,,,,,
assignment2_mock_20261007_123707,7.748,1791344238.517517,125,1791344238.496601,camera_color_optical_frame,1,0.4000,0.0000,0.05000,0.018,0,TRACKING,ok,-23.867,0.000,deg/s,joint_states,,,,,,,,,,,,,
assignment2_mock_20261007_123707,7.767,1791344238.536145,125,1791344238.496601,camera_color_optical_frame,1,0.4000,0.0000,0.05000,0.038,0,TRACKING,ok,-23.867,0.000,deg/s,joint_states,,,,,,,,,,,,,
assignment2_mock_20261007_123707,7.787,1791344238.556516,126,1791344238.536562,camera_color_optical_frame,1,0.4000,0.0000,0.05000,0.018,0,TRACKING,ok,-23.867,0.000,deg/s,joint_states,,,,,,,,,,,,,
assignment2_mock_20261007_123707,7.808,1791344238.577193,126,1791344238.536562,camera_color_optical_frame,1,0.4000,0.0000,0.05000,0.038,0,TRACKING,ok,-23.867,0.000,deg/s,joint_states,,,,,,,,,,,,,
assignment2_mock_20261007_123707,7.828,1791344238.597364,127,1791344238.577929,camera_color_optical_frame,1,0.4000,0.0000,0.05000,0.016,0,TRACKING,ok,-23.867,0.000,deg/s,joint_states,,,,,,,,,,,,,
assignment2_mock_20261007_123707,7.848,1791344238.616870,128,1791344238.598214,camera_color_optical_frame,1,0.4000,0.0000,0.05000,0.015,0,TRACKING,ok,-23.867,0.000,deg/s,joint_states,,,,,,,,,,,,,
assignment2_mock_20261007_123707,7.867,1791344238.636281,128,1791344238.598214,camera_color_optical_frame,1,0.4000,0.0000,0.05000,0.035,0,TRACKING,ok,-23.867,0.000,deg/s,joint_states,,,,,,,,,,,,,
assignment2_mock_20261007_123707,7.888,1791344238.657398,129,1791344238.636673,camera_color_optical_frame,1,0.4000,0.0000,0.05000,0.019,0,TRACKING,ok,-23.867,0.000,deg/s,joint_states,,,,,,,,,,,,,
assignment2_mock_20261007_123707,7.908,1791344238.677093,129,1791344238.636673,camera_color_optical_frame,1,0.4000,0.0000,0.05000,0.038,0,TRACKING,ok,-23.867,0.000,deg/s,joint_states,,,,,,,,,,,,,
assignment2_mock_20261007_123707,7.928,1791344238.696840,130,1791344238.677847,camera_color_optical_frame,1,0.4000,0.0000,0.05000,0.016,0,TRACKING,ok,-23.867,0.000,deg/s,joint_states,,,,,,,,,,,,,
assignment2_mock_20261007_123707,7.948,1791344238.717357,131,1791344238.697626,camera_color_optical_frame,1,0.4000,0.0000,0.05000,0.017,0,TRACKING,ok,-23.867,0.000,deg/s,joint_states,,,,,,,,,,,,,
assignment2_mock_20261007_123707,7.968,1791344238.737452,131,1791344238.697626,camera_color_optical_frame,1,0.4000,0.0000,0.05000,0.037,0,TRACKING,ok,-23.867,0.000,deg/s,joint_states,,,,,,,,,,,,,
assignment2_mock_20261007_123707,7.987,1791344238.756160,132,1791344238.738353,camera_color_optical_frame,1,0.4000,0.0000,0.05000,0.015,0,TRACKING,ok,-23.867,0.000,deg/s,joint_states,,,,,,,,,,,,,
assignment2_mock_20261007_123707,8.008,1791344238.777538,132,1791344238.738353,camera_color_optical_frame,1,0.4000,0.0000,0.05000,0.036,0,TRACKING,ok,-23.867,0.000,deg/s,joint_states,,,,,,,,,,,,,
assignment2_mock_20261007_123707,8.028,1791344238.797502,133,1791344238.777986,camera_color_optical_frame,1,0.4000,0.0000,0.05000,0.017,0,TRACKING,ok,-23.867,0.000,deg/s,joint_states,,,,,,,,,,,,,
assignment2_mock_20261007_123707,8.048,1791344238.816985,134,1791344238.798178,camera_color_optical_frame,1,0.4000,0.0000,0.05000,0.015,0,TRACKING,ok,-23.867,0.000,deg/s,joint_states,,,,,,,,,,,,,
assignment2_mock_20261007_123707,8.067,1791344238.836093,134,1791344238.798178,camera_color_optical_frame,1,0.4000,0.0000,0.05000,0.035,0,TRACKING,ok,-23.867,0.000,deg/s,joint_states,,,,,,,,,,,,,
assignment2_mock_20261007_123707,8.088,1791344238.857032,135,1791344238.836516,camera_color_optical_frame,1,0.4000,0.0000,0.05000,0.019,0,TRACKING,ok,-23.867,0.000,deg/s,joint_states,,,,,,,,,,,,,
assignment2_mock_20261007_123707,8.107,1791344238.876072,135,1791344238.836516,camera_color_optical_frame,1,0.4000,0.0000,0.05000,0.038,0,TRACKING,ok,-23.867,0.000,deg/s,joint_states,,,,,,,,,,,,,
assignment2_mock_20261007_123707,8.128,1791344238.897502,136,1791344238.876484,camera_color_optical_frame,1,0.4000,0.0000,0.05000,0.019,0,TRACKING,ok,-23.867,0.000,deg/s,joint_states,,,,,,,,,,,,,
assignment2_mock_20261007_123707,8.148,1791344238.917016,137,1791344238.898224,camera_color_optical_frame,1,0.4000,0.0000,0.05000,0.016,0,TRACKING,ok,-23.867,0.000,deg/s,joint_states,,,,,,,,,,,,,
assignment2_mock_20261007_123707,8.167,1791344238.936173,137,1791344238.898224,camera_color_optical_frame,1,0.4000,0.0000,0.05000,0.035,0,TRACKING,ok,-23.867,0.000,deg/s,joint_states,,,,,,,,,,,,,
assignment2_mock_20261007_123707,8.187,1791344238.956145,138,1791344238.936593,camera_color_optical_frame,1,0.4000,0.0000,0.05000,0.018,0,TRACKING,ok,-23.867,0.000,deg/s,joint_states,,,,,,,,,,,,,
assignment2_mock_20261007_123707,8.208,1791344238.977226,138,1791344238.936593,camera_color_optical_frame,1,0.4000,0.0000,0.05000,0.039,0,TRACKING,ok,-23.867,0.000,deg/s,joint_states,,,,,,,,,,,,,
assignment2_mock_20261007_123707,8.228,1791344238.997373,139,1791344238.977937,camera_color_optical_frame,1,0.4000,0.0000,0.05000,0.016,0,TRACKING,ok,-23.867,0.000,deg/s,joint_states,,,,,,,,,,,,,
assignment2_mock_20261007_123707,8.247,1791344239.016327,140,1791344238.998208,camera_color_optical_frame,1,0.4000,0.0000,0.05000,0.015,0,TRACKING,ok,-23.867,0.000,deg/s,joint_states,,,,,,,,,,,,,
assignment2_mock_20261007_123707,8.268,1791344239.037532,140,1791344238.998208,camera_color_optical_frame,1,0.4000,0.0000,0.05000,0.036,0,TRACKING,ok,-23.867,0.000,deg/s,joint_states,,,,,,,,,,,,,
assignment2_mock_20261007_123707,8.288,1791344239.057438,141,1791344239.038238,camera_color_optical_frame,1,0.4000,0.0000,0.05000,0.016,0,TRACKING,ok,-23.867,0.000,deg/s,joint_states,,,,,,,,,,,,,
assignment2_mock_20261007_123707,8.308,1791344239.076710,141,1791344239.038238,camera_color_optical_frame,1,0.4000,0.0000,0.05000,0.035,0,TRACKING,ok,-23.867,0.000,deg/s,joint_states,,,,,,,,,,,,,
assignment2_mock_20261007_123707,8.328,1791344239.097343,142,1791344239.077411,camera_color_optical_frame,1,0.4000,0.0000,0.05000,0.017,0,TRACKING,ok,-23.867,0.000,deg/s,joint_states,,,,,,,,,,,,,
assignment2_mock_20261007_123707,8.347,1791344239.116264,143,1791344239.098274,camera_color_optical_frame,1,0.4000,0.0000,0.05000,0.016,0,TRACKING,ok,-23.867,0.000,deg/s,joint_states,,,,,,,,,,,,,
assignment2_mock_20261007_123707,8.367,1791344239.136160,143,1791344239.098274,camera_color_optical_frame,1,0.4000,0.0000,0.05000,0.036,0,TRACKING,ok,-23.867,0.000,deg/s,joint_states,,,,,,,,,,,,,
assignment2_mock_20261007_123707,8.387,1791344239.156466,144,1791344239.136544,camera_color_optical_frame,1,0.4000,0.0000,0.05000,0.018,0,TRACKING,ok,-23.867,0.000,deg/s,joint_states,,,,,,,,,,,,,
assignment2_mock_20261007_123707,8.407,1791344239.176344,144,1791344239.136544,camera_color_optical_frame,1,0.4000,0.0000,0.05000,0.038,0,TRACKING,ok,-23.867,0.000,deg/s,joint_states,,,,,,,,,,,,,
assignment2_mock_20261007_123707,8.428,1791344239.197388,145,1791344239.176789,camera_color_optical_frame,1,0.4000,0.0000,0.05000,0.017,0,TRACKING,ok,-23.867,0.000,deg/s,joint_states,,,,,,,,,,,,,
assignment2_mock_20261007_123707,8.448,1791344239.217060,146,1791344239.198229,camera_color_optical_frame,1,0.4000,0.0000,0.05000,0.016,0,TRACKING,ok,-23.867,0.000,deg/s,joint_states,,,,,,,,,,,,,
assignment2_mock_20261007_123707,8.467,1791344239.236179,146,1791344239.198229,camera_color_optical_frame,1,0.4000,0.0000,0.05000,0.035,0,TRACKING,ok,-23.867,0.000,deg/s,joint_states,,,,,,,,,,,,,
assignment2_mock_20261007_123707,8.488,1791344239.257020,147,1791344239.236558,camera_color_optical_frame,1,0.4000,0.0000,0.05000,0.019,0,TRACKING,ok,-23.867,0.000,deg/s,joint_states,,,,,,,,,,,,,
assignment2_mock_20261007_123707,8.508,1791344239.277280,147,1791344239.236558,camera_color_optical_frame,1,0.4000,0.0000,0.05000,0.039,0,TRACKING,ok,-23.867,0.000,deg/s,joint_states,,,,,,,,,,,,,
assignment2_mock_20261007_123707,8.527,1791344239.296127,148,1791344239.277783,camera_color_optical_frame,1,0.4000,0.0000,0.05000,0.016,0,TRACKING,ok,-23.867,0.000,deg/s,joint_states,,,,,,,,,,,,,
assignment2_mock_20261007_123707,8.547,1791344239.316138,149,1791344239.296543,camera_color_optical_frame,1,0.4000,0.0000,0.05000,0.018,0,TRACKING,ok,-23.867,0.000,deg/s,joint_states,,,,,,,,,,,,,
assignment2_mock_20261007_123707,8.567,1791344239.336190,149,1791344239.296543,camera_color_optical_frame,1,0.4000,0.0000,0.05000,0.038,0,TRACKING,ok,-23.867,0.000,deg/s,joint_states,,,,,,,,,,,,,
assignment2_mock_20261007_123707,8.588,1791344239.357024,150,1791344239.336557,camera_color_optical_frame,1,0.4000,0.0000,0.05000,0.019,0,TRACKING,ok,-23.867,0.000,deg/s,joint_states,,,,,,,,,,,,,
assignment2_mock_20261007_123707,8.607,1791344239.376092,150,1791344239.336557,camera_color_optical_frame,1,0.4000,0.0000,0.05000,0.038,0,TRACKING,ok,-23.867,0.000,deg/s,joint_states,,,,,,,,,,,,,
assignment2_mock_20261007_123707,8.628,1791344239.397411,151,1791344239.376531,camera_color_optical_frame,1,0.4000,0.0000,0.05000,0.019,0,TRACKING,ok,-23.867,0.000,deg/s,joint_states,,,,,,,,,,,,,
assignment2_mock_20261007_123707,8.647,1791344239.416490,152,1791344239.398356,camera_color_optical_frame,1,0.4000,0.0000,0.05000,0.016,0,TRACKING,ok,-23.867,0.000,deg/s,joint_states,,,,,,,,,,,,,
assignment2_mock_20261007_123707,8.667,1791344239.436281,152,1791344239.398356,camera_color_optical_frame,1,0.4000,0.0000,0.05000,0.036,0,TRACKING,ok,-23.867,0.000,deg/s,joint_states,,,,,,,,,,,,,
assignment2_mock_20261007_123707,8.688,1791344239.457361,153,1791344239.436692,camera_color_optical_frame,1,0.4000,0.0000,0.05000,0.018,0,TRACKING,ok,-23.867,0.000,deg/s,joint_states,,,,,,,,,,,,,
assignment2_mock_20261007_123707,8.708,1791344239.477319,154,1791344239.458221,camera_color_optical_frame,1,0.4000,0.0000,0.05000,0.016,0,TRACKING,ok,-23.867,0.000,deg/s,joint_states,,,,,,,,,,,,,
assignment2_mock_20261007_123707,8.727,1791344239.496610,154,1791344239.458221,camera_color_optical_frame,1,0.4000,0.0000,0.05000,0.035,0,TRACKING,ok,-23.867,0.000,deg/s,joint_states,,,,,,,,,,,,,
assignment2_mock_20261007_123707,8.748,1791344239.517317,155,1791344239.497194,camera_color_optical_frame,1,0.4000,0.0000,0.05000,0.017,0,TRACKING,ok,-23.867,0.000,deg/s,joint_states,,,,,,,,,,,,,
assignment2_mock_20261007_123707,8.767,1791344239.536155,155,1791344239.497194,camera_color_optical_frame,1,0.4000,0.0000,0.05000,0.037,0,TRACKING,ok,-23.867,0.000,deg/s,joint_states,,,,,,,,,,,,,
assignment2_mock_20261007_123707,8.788,1791344239.557372,156,1791344239.536541,camera_color_optical_frame,1,0.4000,0.0000,0.05000,0.018,0,TRACKING,ok,-23.867,0.000,deg/s,joint_states,,,,,,,,,,,,,
assignment2_mock_20261007_123707,8.807,1791344239.576156,157,1791344239.558239,camera_color_optical_frame,1,0.4000,0.0000,0.05000,0.015,0,TRACKING,ok,-23.867,0.000,deg/s,joint_states,,,,,,,,,,,,,
assignment2_mock_20261007_123707,8.827,1791344239.596214,157,1791344239.558239,camera_color_optical_frame,1,0.4000,0.0000,0.05000,0.035,0,TRACKING,ok,-23.867,0.000,deg/s,joint_states,,,,,,,,,,,,,
assignment2_mock_20261007_123707,8.847,1791344239.616346,158,1791344239.596594,camera_color_optical_frame,1,0.4000,0.0000,0.05000,0.017,0,TRACKING,ok,-23.867,0.000,deg/s,joint_states,,,,,,,,,,,,,
assignment2_mock_20261007_123707,8.867,1791344239.636186,158,1791344239.596594,camera_color_optical_frame,1,0.4000,0.0000,0.05000,0.037,0,TRACKING,ok,-23.867,0.000,deg/s,joint_states,,,,,,,,,,,,,
assignment2_mock_20261007_123707,8.887,1791344239.656369,159,1791344239.636585,camera_color_optical_frame,1,0.4000,0.0000,0.05000,0.017,0,TRACKING,ok,-23.867,0.000,deg/s,joint_states,,,,,,,,,,,,,
assignment2_mock_20261007_123707,8.908,1791344239.677035,159,1791344239.636585,camera_color_optical_frame,1,0.4000,0.0000,0.05000,0.038,0,TRACKING,ok,-23.867,0.000,deg/s,joint_states,,,,,,,,,,,,,
assignment2_mock_20261007_123707,8.928,1791344239.697137,160,1791344239.677787,camera_color_optical_frame,1,0.4000,0.0000,0.05000,0.016,0,TRACKING,ok,-23.867,0.000,deg/s,joint_states,,,,,,,,,,,,,
assignment2_mock_20261007_123707,8.948,1791344239.717439,161,1791344239.697607,camera_color_optical_frame,1,0.4000,0.0000,0.05000,0.017,0,TRACKING,ok,-23.867,0.000,deg/s,joint_states,,,,,,,,,,,,,
assignment2_mock_20261007_123707,8.968,1791344239.737346,161,1791344239.697607,camera_color_optical_frame,1,0.4000,0.0000,0.05000,0.037,0,TRACKING,ok,-23.867,0.000,deg/s,joint_states,,,,,,,,,,,,,
assignment2_mock_20261007_123707,8.988,1791344239.757347,162,1791344239.738177,camera_color_optical_frame,1,0.4000,0.0000,0.05000,0.016,0,TRACKING,ok,-23.867,0.000,deg/s,joint_states,,,,,,,,,,,,,
assignment2_mock_20261007_123707,9.007,1791344239.776308,163,1791344239.758168,camera_color_optical_frame,1,0.4000,0.0000,0.05000,0.015,0,TRACKING,ok,-23.867,0.000,deg/s,joint_states,,,,,,,,,,,,,
assignment2_mock_20261007_123707,9.028,1791344239.797530,163,1791344239.758168,camera_color_optical_frame,1,0.4000,0.0000,0.05000,0.036,0,TRACKING,ok,-23.867,0.000,deg/s,joint_states,,,,,,,,,,,,,
assignment2_mock_20261007_123707,9.047,1791344239.816052,164,1791344239.798383,camera_color_optical_frame,1,0.4000,0.0000,0.05000,0.014,0,TRACKING,ok,-23.867,0.000,deg/s,joint_states,,,,,,,,,,,,,
assignment2_mock_20261007_123707,9.067,1791344239.836435,164,1791344239.798383,camera_color_optical_frame,1,0.4000,0.0000,0.05000,0.034,0,TRACKING,ok,-23.867,0.000,deg/s,joint_states,,,,,,,,,,,,,
assignment2_mock_20261007_123707,9.088,1791344239.857456,165,1791344239.836896,camera_color_optical_frame,1,0.4000,0.0000,0.05000,0.018,0,TRACKING,ok,-23.867,0.000,deg/s,joint_states,,,,,,,,,,,,,
assignment2_mock_20261007_123707,9.108,1791344239.877413,166,1791344239.858178,camera_color_optical_frame,1,0.4000,0.0000,0.05000,0.016,0,TRACKING,ok,-23.867,0.000,deg/s,joint_states,,,,,,,,,,,,,
assignment2_mock_20261007_123707,9.127,1791344239.896210,166,1791344239.858178,camera_color_optical_frame,1,0.4000,0.0000,0.05000,0.035,0,TRACKING,ok,-23.867,0.000,deg/s,joint_states,,,,,,,,,,,,,
assignment2_mock_20261007_123707,9.148,1791344239.917141,167,1791344239.896626,camera_color_optical_frame,1,0.4000,0.0000,0.05000,0.018,0,TRACKING,ok,-23.867,0.000,deg/s,joint_states,,,,,,,,,,,,,
assignment2_mock_20261007_123707,9.167,1791344239.936301,167,1791344239.896626,camera_color_optical_frame,1,0.4000,0.0000,0.05000,0.037,0,TRACKING,ok,-23.867,0.000,deg/s,joint_states,,,,,,,,,,,,,
assignment2_mock_20261007_123707,9.187,1791344239.956143,168,1791344239.936730,camera_color_optical_frame,1,0.4000,0.0000,0.05000,0.018,0,TRACKING,ok,-23.867,0.000,deg/s,joint_states,,,,,,,,,,,,,
assignment2_mock_20261007_123707,9.207,1791344239.976316,168,1791344239.936730,camera_color_optical_frame,1,0.4000,0.0000,0.05000,0.038,0,TRACKING,ok,-23.867,0.000,deg/s,joint_states,,,,,,,,,,,,,
assignment2_mock_20261007_123707,9.228,1791344239.997357,169,1791344239.977093,camera_color_optical_frame,1,0.4000,0.0000,0.05000,0.017,0,TRACKING,ok,-23.867,0.000,deg/s,joint_states,,,,,,,,,,,,,
assignment2_mock_20261007_123707,9.248,1791344240.017340,170,1791344239.998198,camera_color_optical_frame,1,0.4000,0.0000,0.05000,0.016,0,TRACKING,ok,-23.867,0.000,deg/s,joint_states,,,,,,,,,,,,,
assignment2_mock_20261007_123707,9.267,1791344240.036456,170,1791344239.998198,camera_color_optical_frame,1,0.4000,0.0000,0.05000,0.035,0,TRACKING,ok,-23.867,0.000,deg/s,joint_states,,,,,,,,,,,,,
assignment2_mock_20261007_123707,9.288,1791344240.057346,171,1791344240.036901,camera_color_optical_frame,1,0.4000,0.0000,0.05000,0.018,0,TRACKING,ok,-23.867,0.000,deg/s,joint_states,,,,,,,,,,,,,
assignment2_mock_20261007_123707,9.307,1791344240.076543,172,1791344240.058196,camera_color_optical_frame,1,0.4000,0.0000,0.05000,0.015,0,TRACKING,ok,-23.867,0.000,deg/s,joint_states,,,,,,,,,,,,,
assignment2_mock_20261007_123707,9.328,1791344240.096710,172,1791344240.058196,camera_color_optical_frame,1,0.4000,0.0000,0.05000,0.036,0,TRACKING,ok,-23.867,0.000,deg/s,joint_states,,,,,,,,,,,,,
assignment2_mock_20261007_123707,9.347,1791344240.116278,173,1791344240.097465,camera_color_optical_frame,1,0.4000,0.0000,0.05000,0.016,0,TRACKING,ok,-23.867,0.000,deg/s,joint_states,,,,,,,,,,,,,
assignment2_mock_20261007_123707,9.367,1791344240.136224,173,1791344240.097465,camera_color_optical_frame,1,0.4000,0.0000,0.05000,0.036,0,TRACKING,ok,-23.867,0.000,deg/s,joint_states,,,,,,,,,,,,,
assignment2_mock_20261007_123707,9.388,1791344240.156699,174,1791344240.136605,camera_color_optical_frame,1,0.4000,0.0000,0.05000,0.018,0,TRACKING,ok,-23.867,0.000,deg/s,joint_states,,,,,,,,,,,,,
assignment2_mock_20261007_123707,9.407,1791344240.176139,174,1791344240.136605,camera_color_optical_frame,1,0.4000,0.0000,0.05000,0.038,0,TRACKING,ok,-23.867,0.000,deg/s,joint_states,,,,,,,,,,,,,
assignment2_mock_20261007_123707,9.428,1791344240.197351,175,1791344240.176534,camera_color_optical_frame,1,0.4000,0.0000,0.05000,0.019,0,TRACKING,ok,-23.867,0.000,deg/s,joint_states,,,,,,,,,,,,,
assignment2_mock_20261007_123707,9.448,1791344240.217373,176,1791344240.198277,camera_color_optical_frame,1,0.4000,0.0000,0.05000,0.016,0,TRACKING,ok,-23.867,0.000,deg/s,joint_states,,,,,,,,,,,,,
assignment2_mock_20261007_123707,9.467,1791344240.236153,176,1791344240.198277,camera_color_optical_frame,1,0.4000,0.0000,0.05000,0.036,0,TRACKING,ok,-23.867,0.000,deg/s,joint_states,,,,,,,,,,,,,
assignment2_mock_20261007_123707,9.487,1791344240.256448,177,1791344240.236556,camera_color_optical_frame,1,0.4000,0.0000,0.05000,0.018,0,TRACKING,ok,-23.867,0.000,deg/s,joint_states,,,,,,,,,,,,,
assignment2_mock_20261007_123707,9.507,1791344240.276148,177,1791344240.236556,camera_color_optical_frame,1,0.4000,0.0000,0.05000,0.038,0,TRACKING,ok,-23.867,0.000,deg/s,joint_states,,,,,,,,,,,,,
assignment2_mock_20261007_123707,9.527,1791344240.296363,178,1791344240.276538,camera_color_optical_frame,1,0.4000,0.0000,0.05000,0.018,0,TRACKING,ok,-23.867,0.000,deg/s,joint_states,,,,,,,,,,,,,
assignment2_mock_20261007_123707,9.548,1791344240.316597,179,1791344240.296797,camera_color_optical_frame,1,0.4000,0.0000,0.05000,0.017,0,TRACKING,ok,-23.867,0.000,deg/s,joint_states,,,,,,,,,,,,,
assignment2_mock_20261007_123707,9.567,1791344240.336471,179,1791344240.296797,camera_color_optical_frame,1,0.4000,0.0000,0.05000,0.037,0,TRACKING,ok,-23.867,0.000,deg/s,joint_states,,,,,,,,,,,,,
assignment2_mock_20261007_123707,9.587,1791344240.356074,180,1791344240.336929,camera_color_optical_frame,1,0.4000,0.0000,0.05000,0.016,0,TRACKING,ok,-23.867,0.000,deg/s,joint_states,,,,,,,,,,,,,
assignment2_mock_20261007_123707,9.607,1791344240.376268,180,1791344240.336929,camera_color_optical_frame,1,0.4000,0.0000,0.05000,0.036,0,TRACKING,ok,-23.867,0.000,deg/s,joint_states,,,,,,,,,,,,,
assignment2_mock_20261007_123707,9.627,1791344240.396501,180,1791344240.336929,camera_color_optical_frame,1,0.4000,0.0000,0.05000,0.056,0,TRACKING,ok,-23.867,0.000,deg/s,joint_states,,,,,,,,,,,,,
assignment2_mock_20261007_123707,9.647,1791344240.416198,180,1791344240.336929,camera_color_optical_frame,1,0.4000,0.0000,0.05000,0.076,0,TRACKING,ok,-23.867,0.000,deg/s,joint_states,,,,,,,,,,,,,
assignment2_mock_20261007_123707,9.667,1791344240.436193,180,1791344240.336929,camera_color_optical_frame,1,0.4000,0.0000,0.05000,0.096,0,TRACKING,ok,-23.867,0.000,deg/s,joint_states,,,,,,,,,,,,,
assignment2_mock_20261007_123707,9.687,1791344240.456441,180,1791344240.336929,camera_color_optical_frame,1,0.4000,0.0000,0.05000,0.116,0,TRACKING,ok,-23.867,0.000,deg/s,joint_states,,,,,,,,,,,,,
assignment2_mock_20261007_123707,9.708,1791344240.476847,180,1791344240.336929,camera_color_optical_frame,1,0.4000,0.0000,0.05000,0.137,0,TRACKING,ok,-23.867,0.000,deg/s,joint_states,,,,,,,,,,,,,
assignment2_mock_20261007_123707,9.728,1791344240.497442,180,1791344240.336929,camera_color_optical_frame,1,0.4000,0.0000,0.05000,0.157,0,TRACKING,ok,-23.867,0.000,deg/s,joint_states,,,,,,,,,,,,,
assignment2_mock_20261007_123707,9.748,1791344240.517174,180,1791344240.336929,camera_color_optical_frame,1,0.4000,0.0000,0.05000,0.177,0,TRACKING,ok,-23.867,0.000,deg/s,joint_states,,,,,,,,,,,,,
assignment2_mock_20261007_123707,9.767,1791344240.536481,180,1791344240.336929,camera_color_optical_frame,1,0.4000,0.0000,0.05000,0.196,0,TRACKING,ok,-23.867,0.000,deg/s,joint_states,,,,,,,,,,,,,
assignment2_mock_20261007_123707,9.787,1791344240.556149,180,1791344240.336929,camera_color_optical_frame,1,0.4000,0.0000,0.05000,0.216,0,TRACKING,ok,-23.867,0.000,deg/s,joint_states,,,,,,,,,,,,,
assignment2_mock_20261007_123707,9.807,1791344240.576222,180,1791344240.336929,camera_color_optical_frame,1,0.4000,0.0000,0.05000,0.236,0,TRACKING,ok,-23.867,0.000,deg/s,joint_states,,,,,,,,,,,,,
assignment2_mock_20261007_123707,9.828,1791344240.597056,180,1791344240.336929,camera_color_optical_frame,1,0.4000,0.0000,0.05000,0.257,0,TRACKING,ok,-23.867,0.000,deg/s,joint_states,,,,,,,,,,,,,
assignment2_mock_20261007_123707,9.847,1791344240.616199,180,1791344240.336929,camera_color_optical_frame,1,0.4000,0.0000,0.05000,0.276,0,TRACKING,ok,-23.867,0.000,deg/s,joint_states,,,,,,,,,,,,,
assignment2_mock_20261007_123707,9.867,1791344240.636231,180,1791344240.336929,camera_color_optical_frame,1,0.4000,0.0000,0.05000,0.296,0,TRACKING,ok,-23.867,0.000,deg/s,joint_states,,,,,,,,,,,,,
assignment2_mock_20261007_123707,9.888,1791344240.657336,180,1791344240.336929,camera_color_optical_frame,1,0.4000,0.0000,0.05000,0.317,0,TRACKING,ok,-23.867,0.000,deg/s,joint_states,,,,,,,,,,,,,
assignment2_mock_20261007_123707,9.907,1791344240.676136,180,1791344240.336929,camera_color_optical_frame,1,0.4000,0.0000,0.05000,0.336,0,TRACKING,ok,-23.867,0.000,deg/s,joint_states,,,,,,,,,,,,,
assignment2_mock_20261007_123707,9.927,1791344240.696167,180,1791344240.336929,camera_color_optical_frame,1,0.4000,0.0000,0.05000,0.356,0,TRACKING,ok,-23.867,0.000,deg/s,joint_states,,,,,,,,,,,,,
assignment2_mock_20261007_123707,9.948,1791344240.717253,180,1791344240.336929,camera_color_optical_frame,1,0.4000,0.0000,0.05000,0.377,0,TRACKING,ok,-23.867,0.000,deg/s,joint_states,,,,,,,,,,,,,
assignment2_mock_20261007_123707,9.967,1791344240.736131,180,1791344240.336929,camera_color_optical_frame,1,0.4000,0.0000,0.05000,0.396,0,TRACKING,ok,-23.867,0.000,deg/s,joint_states,,,,,,,,,,,,,
assignment2_mock_20261007_123707,9.987,1791344240.756189,180,1791344240.336929,camera_color_optical_frame,1,0.4000,0.0000,0.05000,0.416,0,TRACKING,ok,-23.867,0.000,deg/s,joint_states,,,,,,,,,,,,,
assignment2_mock_20261007_123707,10.007,1791344240.776433,180,1791344240.336929,camera_color_optical_frame,1,0.4000,0.0000,0.05000,0.436,0,TRACKING,ok,-23.867,0.000,deg/s,joint_states,,,,,,,,,,,,,
assignment2_mock_20261007_123707,10.027,1791344240.796145,180,1791344240.336929,camera_color_optical_frame,1,0.4000,0.0000,0.05000,0.456,0,TRACKING,ok,-23.867,0.000,deg/s,joint_states,,,,,,,,,,,,,
assignment2_mock_20261007_123707,10.047,1791344240.816208,180,1791344240.336929,camera_color_optical_frame,1,0.4000,0.0000,0.05000,0.476,0,TRACKING,ok,-23.867,0.000,deg/s,joint_states,,,,,,,,,,,,,
assignment2_mock_20261007_123707,10.067,1791344240.836174,180,1791344240.336929,camera_color_optical_frame,1,0.4000,0.0000,0.05000,0.496,0,TRACKING,ok,-23.867,0.000,deg/s,joint_states,,,,,,,,,,,,,
assignment2_mock_20261007_123707,10.088,1791344240.860934,180,1791344240.336929,camera_color_optical_frame,1,0.4000,0.0000,0.05000,0.517,0,LOST,input_timeout,0.000,0.000,deg/s,joint_states,,,,,,,,,,,,,
assignment2_mock_20261007_123707,10.108,1791344240.876798,180,1791344240.336929,camera_color_optical_frame,1,0.4000,0.0000,0.05000,0.537,0,LOST,input_timeout,0.000,0.000,deg/s,joint_states,,,,,,,,,,,,,
assignment2_mock_20261007_123707,10.127,1791344240.896129,180,1791344240.336929,camera_color_optical_frame,1,0.4000,0.0000,0.05000,0.556,0,LOST,input_timeout,0.000,0.000,deg/s,joint_states,,,,,,,,,,,,,
assignment2_mock_20261007_123707,10.148,1791344240.917338,180,1791344240.336929,camera_color_optical_frame,1,0.4000,0.0000,0.05000,0.577,0,LOST,input_timeout,0.000,0.000,deg/s,joint_states,,,,,,,,,,,,,
assignment2_mock_20261007_123707,10.168,1791344240.937456,180,1791344240.336929,camera_color_optical_frame,1,0.4000,0.0000,0.05000,0.597,0,LOST,input_timeout,0.000,0.000,deg/s,joint_states,,,,,,,,,,,,,
assignment2_mock_20261007_123707,10.188,1791344240.957264,180,1791344240.336929,camera_color_optical_frame,1,0.4000,0.0000,0.05000,0.617,0,LOST,input_timeout,0.000,0.000,deg/s,joint_states,,,,,,,,,,,,,
assignment2_mock_20261007_123707,10.207,1791344240.976139,180,1791344240.336929,camera_color_optical_frame,1,0.4000,0.0000,0.05000,0.636,0,LOST,input_timeout,0.000,0.000,deg/s,joint_states,,,,,,,,,,,,,
assignment2_mock_20261007_123707,10.228,1791344240.997429,180,1791344240.336929,camera_color_optical_frame,1,0.4000,0.0000,0.05000,0.657,0,LOST,input_timeout,0.000,0.000,deg/s,joint_states,,,,,,,,,,,,,
assignment2_mock_20261007_123707,10.247,1791344241.016151,180,1791344240.336929,camera_color_optical_frame,1,0.4000,0.0000,0.05000,0.676,0,LOST,input_timeout,0.000,0.000,deg/s,joint_states,,,,,,,,,,,,,
assignment2_mock_20261007_123707,10.267,1791344241.036173,180,1791344240.336929,camera_color_optical_frame,1,0.4000,0.0000,0.05000,0.696,0,LOST,input_timeout,0.000,0.000,deg/s,joint_states,,,,,,,,,,,,,
assignment2_mock_20261007_123707,10.287,1791344241.056398,180,1791344240.336929,camera_color_optical_frame,1,0.4000,0.0000,0.05000,0.716,0,LOST,input_timeout,0.000,0.000,deg/s,joint_states,,,,,,,,,,,,,
assignment2_mock_20261007_123707,10.307,1791344241.076092,180,1791344240.336929,camera_color_optical_frame,1,0.4000,0.0000,0.05000,0.736,0,LOST,input_timeout,0.000,0.000,deg/s,joint_states,,,,,,,,,,,,,
assignment2_mock_20261007_123707,10.327,1791344241.096153,180,1791344240.336929,camera_color_optical_frame,1,0.4000,0.0000,0.05000,0.756,0,LOST,input_timeout,0.000,0.000,deg/s,joint_states,,,,,,,,,,,,,
assignment2_mock_20261007_123707,10.348,1791344241.116591,180,1791344240.336929,camera_color_optical_frame,1,0.4000,0.0000,0.05000,0.776,0,LOST,input_timeout,0.000,0.000,deg/s,joint_states,,,,,,,,,,,,,
assignment2_mock_20261007_123707,10.367,1791344241.136498,180,1791344240.336929,camera_color_optical_frame,1,0.4000,0.0000,0.05000,0.796,0,LOST,input_timeout,0.000,0.000,deg/s,joint_states,,,,,,,,,,,,,
assignment2_mock_20261007_123707,10.387,1791344241.156295,180,1791344240.336929,camera_color_optical_frame,1,0.4000,0.0000,0.05000,0.816,0,LOST,input_timeout,0.000,0.000,deg/s,joint_states,,,,,,,,,,,,,
assignment2_mock_20261007_123707,10.408,1791344241.177401,180,1791344240.336929,camera_color_optical_frame,1,0.4000,0.0000,0.05000,0.837,0,LOST,input_timeout,0.000,0.000,deg/s,joint_states,,,,,,,,,,,,,
assignment2_mock_20261007_123707,10.427,1791344241.196077,180,1791344240.336929,camera_color_optical_frame,1,0.4000,0.0000,0.05000,0.856,0,LOST,input_timeout,0.000,0.000,deg/s,joint_states,,,,,,,,,,,,,
assignment2_mock_20261007_123707,10.448,1791344241.216659,180,1791344240.336929,camera_color_optical_frame,1,0.4000,0.0000,0.05000,0.877,0,LOST,input_timeout,0.000,0.000,deg/s,joint_states,,,,,,,,,,,,,
assignment2_mock_20261007_123707,10.467,1791344241.236221,180,1791344240.336929,camera_color_optical_frame,1,0.4000,0.0000,0.05000,0.896,0,LOST,input_timeout,0.000,0.000,deg/s,joint_states,,,,,,,,,,,,,
assignment2_mock_20261007_123707,10.488,1791344241.257432,180,1791344240.336929,camera_color_optical_frame,1,0.4000,0.0000,0.05000,0.917,0,LOST,input_timeout,0.000,0.000,deg/s,joint_states,,,,,,,,,,,,,
assignment2_mock_20261007_123707,10.507,1791344241.276082,180,1791344240.336929,camera_color_optical_frame,1,0.4000,0.0000,0.05000,0.936,0,LOST,input_timeout,0.000,0.000,deg/s,joint_states,,,,,,,,,,,,,
assignment2_mock_20261007_123707,10.527,1791344241.296066,180,1791344240.336929,camera_color_optical_frame,1,0.4000,0.0000,0.05000,0.956,0,LOST,input_timeout,0.000,0.000,deg/s,joint_states,,,,,,,,,,,,,
assignment2_mock_20261007_123707,10.547,1791344241.316482,180,1791344240.336929,camera_color_optical_frame,1,0.4000,0.0000,0.05000,0.976,0,LOST,input_timeout,0.000,0.000,deg/s,joint_states,,,,,,,,,,,,,
assignment2_mock_20261007_123707,10.568,1791344241.336914,180,1791344240.336929,camera_color_optical_frame,1,0.4000,0.0000,0.05000,0.997,0,LOST,input_timeout,0.000,0.000,deg/s,joint_states,,,,,,,,,,,,,
assignment2_mock_20261007_123707,10.587,1791344241.356146,180,1791344240.336929,camera_color_optical_frame,1,0.4000,0.0000,0.05000,1.016,0,LOST,input_timeout,0.000,0.000,deg/s,joint_states,,,,,,,,,,,,,
assignment2_mock_20261007_123707,10.608,1791344241.376657,180,1791344240.336929,camera_color_optical_frame,1,0.4000,0.0000,0.05000,1.036,0,LOST,input_timeout,0.000,0.000,deg/s,joint_states,,,,,,,,,,,,,
assignment2_mock_20261007_123707,10.627,1791344241.396134,180,1791344240.336929,camera_color_optical_frame,1,0.4000,0.0000,0.05000,1.056,0,LOST,input_timeout,0.000,0.000,deg/s,joint_states,,,,,,,,,,,,,
assignment2_mock_20261007_123707,10.647,1791344241.416255,180,1791344240.336929,camera_color_optical_frame,1,0.4000,0.0000,0.05000,1.076,0,LOST,input_timeout,0.000,0.000,deg/s,joint_states,,,,,,,,,,,,,
assignment2_mock_20261007_123707,10.668,1791344241.437329,180,1791344240.336929,camera_color_optical_frame,1,0.4000,0.0000,0.05000,1.097,0,LOST,input_timeout,0.000,0.000,deg/s,joint_states,,,,,,,,,,,,,
assignment2_mock_20261007_123707,10.688,1791344241.456698,180,1791344240.336929,camera_color_optical_frame,1,0.4000,0.0000,0.05000,1.117,0,LOST,input_timeout,0.000,0.000,deg/s,joint_states,,,,,,,,,,,,,
assignment2_mock_20261007_123707,10.707,1791344241.476126,180,1791344240.336929,camera_color_optical_frame,1,0.4000,0.0000,0.05000,1.136,0,LOST,input_timeout,0.000,0.000,deg/s,joint_states,,,,,,,,,,,,,
assignment2_mock_20261007_123707,10.727,1791344241.496186,180,1791344240.336929,camera_color_optical_frame,1,0.4000,0.0000,0.05000,1.156,0,LOST,input_timeout,0.000,0.000,deg/s,joint_states,,,,,,,,,,,,,
assignment2_mock_20261007_123707,10.747,1791344241.516217,180,1791344240.336929,camera_color_optical_frame,1,0.4000,0.0000,0.05000,1.176,0,LOST,input_timeout,0.000,0.000,deg/s,joint_states,,,,,,,,,,,,,
assignment2_mock_20261007_123707,10.768,1791344241.537395,180,1791344240.336929,camera_color_optical_frame,1,0.4000,0.0000,0.05000,1.197,0,LOST,input_timeout,0.000,0.000,deg/s,joint_states,,,,,,,,,,,,,
assignment2_mock_20261007_123707,10.787,1791344241.556053,180,1791344240.336929,camera_color_optical_frame,1,0.4000,0.0000,0.05000,1.216,0,LOST,input_timeout,0.000,0.000,deg/s,joint_states,,,,,,,,,,,,,
assignment2_mock_20261007_123707,10.807,1791344241.576465,180,1791344240.336929,camera_color_optical_frame,1,0.4000,0.0000,0.05000,1.236,0,LOST,input_timeout,0.000,0.000,deg/s,joint_states,,,,,,,,,,,,,
assignment2_mock_20261007_123707,10.827,1791344241.596427,180,1791344240.336929,camera_color_optical_frame,1,0.4000,0.0000,0.05000,1.256,0,LOST,input_timeout,0.000,0.000,deg/s,joint_states,,,,,,,,,,,,,
assignment2_mock_20261007_123707,10.848,1791344241.617279,180,1791344240.336929,camera_color_optical_frame,1,0.4000,0.0000,0.05000,1.277,0,LOST,input_timeout,0.000,0.000,deg/s,joint_states,,,,,,,,,,,,,
assignment2_mock_20261007_123707,10.868,1791344241.636967,180,1791344240.336929,camera_color_optical_frame,1,0.4000,0.0000,0.05000,1.297,0,LOST,input_timeout,0.000,0.000,deg/s,joint_states,,,,,,,,,,,,,
assignment2_mock_20261007_123707,10.887,1791344241.656154,180,1791344240.336929,camera_color_optical_frame,1,0.4000,0.0000,0.05000,1.316,0,LOST,input_timeout,0.000,0.000,deg/s,joint_states,,,,,,,,,,,,,
assignment2_mock_20261007_123707,10.907,1791344241.676187,180,1791344240.336929,camera_color_optical_frame,1,0.4000,0.0000,0.05000,1.336,0,LOST,input_timeout,0.000,0.000,deg/s,joint_states,,,,,,,,,,,,,
assignment2_mock_20261007_123707,10.927,1791344241.696142,180,1791344240.336929,camera_color_optical_frame,1,0.4000,0.0000,0.05000,1.356,0,LOST,input_timeout,0.000,0.000,deg/s,joint_states,,,,,,,,,,,,,
assignment2_mock_20261007_123707,10.947,1791344241.716199,180,1791344240.336929,camera_color_optical_frame,1,0.4000,0.0000,0.05000,1.376,0,LOST,input_timeout,0.000,0.000,deg/s,joint_states,,,,,,,,,,,,,
assignment2_mock_20261007_123707,10.967,1791344241.736089,180,1791344240.336929,camera_color_optical_frame,1,0.4000,0.0000,0.05000,1.396,0,LOST,input_timeout,0.000,0.000,deg/s,joint_states,,,,,,,,,,,,,
assignment2_mock_20261007_123707,10.987,1791344241.756402,180,1791344240.336929,camera_color_optical_frame,1,0.4000,0.0000,0.05000,1.416,0,LOST,input_timeout,0.000,0.000,deg/s,joint_states,,,,,,,,,,,,,
assignment2_mock_20261007_123707,11.008,1791344241.777493,180,1791344240.336929,camera_color_optical_frame,1,0.4000,0.0000,0.05000,1.437,0,LOST,input_timeout,0.000,0.000,deg/s,joint_states,,,,,,,,,,,,,
assignment2_mock_20261007_123707,11.028,1791344241.797299,180,1791344240.336929,camera_color_optical_frame,1,0.4000,0.0000,0.05000,1.457,0,LOST,input_timeout,0.000,0.000,deg/s,joint_states,,,,,,,,,,,,,
assignment2_mock_20261007_123707,11.047,1791344241.816568,180,1791344240.336929,camera_color_optical_frame,1,0.4000,0.0000,0.05000,1.476,0,LOST,input_timeout,0.000,0.000,deg/s,joint_states,,,,,,,,,,,,,
assignment2_mock_20261007_123707,11.067,1791344241.836152,180,1791344240.336929,camera_color_optical_frame,1,0.4000,0.0000,0.05000,1.496,0,LOST,input_timeout,0.000,0.000,deg/s,joint_states,,,,,,,,,,,,,
assignment2_mock_20261007_123707,11.088,1791344241.856805,180,1791344240.336929,camera_color_optical_frame,1,0.4000,0.0000,0.05000,1.517,0,LOST,input_timeout,0.000,0.000,deg/s,joint_states,,,,,,,,,,,,,
assignment2_mock_20261007_123707,11.107,1791344241.876133,180,1791344240.336929,camera_color_optical_frame,1,0.4000,0.0000,0.05000,1.536,0,LOST,input_timeout,0.000,0.000,deg/s,joint_states,,,,,,,,,,,,,
assignment2_mock_20261007_123707,11.127,1791344241.896323,180,1791344240.336929,camera_color_optical_frame,1,0.4000,0.0000,0.05000,1.556,0,LOST,input_timeout,0.000,0.000,deg/s,joint_states,,,,,,,,,,,,,
assignment2_mock_20261007_123707,11.148,1791344241.917323,180,1791344240.336929,camera_color_optical_frame,1,0.4000,0.0000,0.05000,1.577,0,LOST,input_timeout,0.000,0.000,deg/s,joint_states,,,,,,,,,,,,,
assignment2_mock_20261007_123707,11.167,1791344241.936096,180,1791344240.336929,camera_color_optical_frame,1,0.4000,0.0000,0.05000,1.596,0,LOST,input_timeout,0.000,0.000,deg/s,joint_states,,,,,,,,,,,,,
assignment2_mock_20261007_123707,11.187,1791344241.956325,180,1791344240.336929,camera_color_optical_frame,1,0.4000,0.0000,0.05000,1.616,0,LOST,input_timeout,0.000,0.000,deg/s,joint_states,,,,,,,,,,,,,
assignment2_mock_20261007_123707,11.208,1791344241.977459,180,1791344240.336929,camera_color_optical_frame,1,0.4000,0.0000,0.05000,1.637,0,LOST,input_timeout,0.000,0.000,deg/s,joint_states,,,,,,,,,,,,,
assignment2_mock_20261007_123707,11.228,1791344241.996775,180,1791344240.336929,camera_color_optical_frame,1,0.4000,0.0000,0.05000,1.657,0,LOST,input_timeout,0.000,0.000,deg/s,joint_states,,,,,,,,,,,,,
assignment2_mock_20261007_123707,11.247,1791344242.016478,180,1791344240.336929,camera_color_optical_frame,1,0.4000,0.0000,0.05000,1.676,0,LOST,input_timeout,0.000,0.000,deg/s,joint_states,,,,,,,,,,,,,
assignment2_mock_20261007_123707,11.268,1791344242.037055,180,1791344240.336929,camera_color_optical_frame,1,0.4000,0.0000,0.05000,1.697,0,LOST,input_timeout,0.000,0.000,deg/s,joint_states,,,,,,,,,,,,,
assignment2_mock_20261007_123707,11.288,1791344242.057341,180,1791344240.336929,camera_color_optical_frame,1,0.4000,0.0000,0.05000,1.717,0,LOST,input_timeout,0.000,0.000,deg/s,joint_states,,,,,,,,,,,,,
assignment2_mock_20261007_123707,11.307,1791344242.076088,180,1791344240.336929,camera_color_optical_frame,1,0.4000,0.0000,0.05000,1.736,0,LOST,input_timeout,0.000,0.000,deg/s,joint_states,,,,,,,,,,,,,
assignment2_mock_20261007_123707,11.327,1791344242.096391,180,1791344240.336929,camera_color_optical_frame,1,0.4000,0.0000,0.05000,1.756,0,LOST,input_timeout,0.000,0.000,deg/s,joint_states,,,,,,,,,,,,,
assignment2_mock_20261007_123707,11.348,1791344242.117357,180,1791344240.336929,camera_color_optical_frame,1,0.4000,0.0000,0.05000,1.777,0,LOST,input_timeout,0.000,0.000,deg/s,joint_states,,,,,,,,,,,,,
assignment2_mock_20261007_123707,11.368,1791344242.136974,180,1791344240.336929,camera_color_optical_frame,1,0.4000,0.0000,0.05000,1.797,0,LOST,input_timeout,0.000,0.000,deg/s,joint_states,,,,,,,,,,,,,
assignment2_mock_20261007_123707,11.388,1791344242.157437,180,1791344240.336929,camera_color_optical_frame,1,0.4000,0.0000,0.05000,1.817,0,LOST,input_timeout,0.000,0.000,deg/s,joint_states,,,,,,,,,,,,,
assignment2_mock_20261007_123707,11.408,1791344242.177275,180,1791344240.336929,camera_color_optical_frame,1,0.4000,0.0000,0.05000,1.837,0,LOST,input_timeout,0.000,0.000,deg/s,joint_states,,,,,,,,,,,,,
assignment2_mock_20261007_123707,11.427,1791344242.196095,180,1791344240.336929,camera_color_optical_frame,1,0.4000,0.0000,0.05000,1.856,0,LOST,input_timeout,0.000,0.000,deg/s,joint_states,,,,,,,,,,,,,
assignment2_mock_20261007_123707,11.447,1791344242.216459,180,1791344240.336929,camera_color_optical_frame,1,0.4000,0.0000,0.05000,1.876,0,LOST,input_timeout,0.000,0.000,deg/s,joint_states,,,,,,,,,,,,,
assignment2_mock_20261007_123707,11.468,1791344242.236805,180,1791344240.336929,camera_color_optical_frame,1,0.4000,0.0000,0.05000,1.897,0,LOST,input_timeout,0.000,0.000,deg/s,joint_states,,,,,,,,,,,,,
assignment2_mock_20261007_123707,11.487,1791344242.256164,180,1791344240.336929,camera_color_optical_frame,1,0.4000,0.0000,0.05000,1.916,0,LOST,input_timeout,0.000,0.000,deg/s,joint_states,,,,,,,,,,,,,
assignment2_mock_20261007_123707,11.507,1791344242.276405,180,1791344240.336929,camera_color_optical_frame,1,0.4000,0.0000,0.05000,1.936,0,LOST,input_timeout,0.000,0.000,deg/s,joint_states,,,,,,,,,,,,,
assignment2_mock_20261007_123707,11.528,1791344242.296673,180,1791344240.336929,camera_color_optical_frame,1,0.4000,0.0000,0.05000,1.957,0,LOST,input_timeout,0.000,0.000,deg/s,joint_states,,,,,,,,,,,,,
assignment2_mock_20261007_123707,11.547,1791344242.316445,180,1791344240.336929,camera_color_optical_frame,1,0.4000,0.0000,0.05000,1.976,0,LOST,input_timeout,0.000,0.000,deg/s,joint_states,,,,,,,,,,,,,
assignment2_mock_20261007_123707,11.568,1791344242.336819,180,1791344240.336929,camera_color_optical_frame,1,0.4000,0.0000,0.05000,1.997,0,LOST,input_timeout,0.000,0.000,deg/s,joint_states,,,,,,,,,,,,,
assignment2_mock_20261007_123707,11.587,1791344242.356238,180,1791344240.336929,camera_color_optical_frame,1,0.4000,0.0000,0.05000,2.016,0,LOST,input_timeout,0.000,0.000,deg/s,joint_states,,,,,,,,,,,,,
assignment2_mock_20261007_123707,11.607,1791344242.376086,180,1791344240.336929,camera_color_optical_frame,1,0.4000,0.0000,0.05000,2.036,0,LOST,input_timeout,0.000,0.000,deg/s,joint_states,,,,,,,,,,,,,
assignment2_mock_20261007_123707,11.627,1791344242.396171,180,1791344240.336929,camera_color_optical_frame,1,0.4000,0.0000,0.05000,2.056,0,LOST,input_timeout,0.000,0.000,deg/s,joint_states,,,,,,,,,,,,,
assignment2_mock_20261007_123707,11.647,1791344242.416381,180,1791344240.336929,camera_color_optical_frame,1,0.4000,0.0000,0.05000,2.076,0,LOST,input_timeout,0.000,0.000,deg/s,joint_states,,,,,,,,,,,,,
assignment2_mock_20261007_123707,11.667,1791344242.436091,180,1791344240.336929,camera_color_optical_frame,1,0.4000,0.0000,0.05000,2.096,0,LOST,input_timeout,0.000,0.000,deg/s,joint_states,,,,,,,,,,,,,
assignment2_mock_20261007_123707,11.687,1791344242.456242,180,1791344240.336929,camera_color_optical_frame,1,0.4000,0.0000,0.05000,2.116,0,LOST,input_timeout,0.000,0.000,deg/s,joint_states,,,,,,,,,,,,,
assignment2_mock_20261007_123707,11.708,1791344242.477408,180,1791344240.336929,camera_color_optical_frame,1,0.4000,0.0000,0.05000,2.137,0,LOST,input_timeout,0.000,0.000,deg/s,joint_states,,,,,,,,,,,,,
assignment2_mock_20261007_123707,11.728,1791344242.497423,180,1791344240.336929,camera_color_optical_frame,1,0.4000,0.0000,0.05000,2.157,0,LOST,input_timeout,0.000,0.000,deg/s,joint_states,,,,,,,,,,,,,
assignment2_mock_20261007_123707,11.747,1791344242.516553,180,1791344240.336929,camera_color_optical_frame,1,0.4000,0.0000,0.05000,2.176,0,LOST,input_timeout,0.000,0.000,deg/s,joint_states,,,,,,,,,,,,,
assignment2_mock_20261007_123707,11.767,1791344242.536572,180,1791344240.336929,camera_color_optical_frame,1,0.4000,0.0000,0.05000,2.196,0,LOST,input_timeout,0.000,0.000,deg/s,joint_states,,,,,,,,,,,,,
assignment2_mock_20261007_123707,11.787,1791344242.556236,180,1791344240.336929,camera_color_optical_frame,1,0.4000,0.0000,0.05000,2.216,0,LOST,input_timeout,0.000,0.000,deg/s,joint_states,,,,,,,,,,,,,
assignment2_mock_20261007_123707,11.808,1791344242.577282,180,1791344240.336929,camera_color_optical_frame,1,0.4000,0.0000,0.05000,2.237,0,LOST,input_timeout,0.000,0.000,deg/s,joint_states,,,,,,,,,,,,,
assignment2_mock_20261007_123707,11.827,1791344242.596064,180,1791344240.336929,camera_color_optical_frame,1,0.4000,0.0000,0.05000,2.256,0,LOST,input_timeout,0.000,0.000,deg/s,joint_states,,,,,,,,,,,,,
assignment2_mock_20261007_123707,11.847,1791344242.616476,180,1791344240.336929,camera_color_optical_frame,1,0.4000,0.0000,0.05000,2.276,0,LOST,input_timeout,0.000,0.000,deg/s,joint_states,,,,,,,,,,,,,
assignment2_mock_20261007_123707,11.868,1791344242.636667,180,1791344240.336929,camera_color_optical_frame,1,0.4000,0.0000,0.05000,2.297,0,LOST,input_timeout,0.000,0.000,deg/s,joint_states,,,,,,,,,,,,,
assignment2_mock_20261007_123707,11.887,1791344242.656171,180,1791344240.336929,camera_color_optical_frame,1,0.4000,0.0000,0.05000,2.316,0,LOST,input_timeout,0.000,0.000,deg/s,joint_states,,,,,,,,,,,,,
assignment2_mock_20261007_123707,11.907,1791344242.676149,180,1791344240.336929,camera_color_optical_frame,1,0.4000,0.0000,0.05000,2.336,0,LOST,input_timeout,0.000,0.000,deg/s,joint_states,,,,,,,,,,,,,
assignment2_mock_20261007_123707,11.927,1791344242.696377,180,1791344240.336929,camera_color_optical_frame,1,0.4000,0.0000,0.05000,2.356,0,LOST,input_timeout,0.000,0.000,deg/s,joint_states,,,,,,,,,,,,,
assignment2_mock_20261007_123707,11.948,1791344242.717003,180,1791344240.336929,camera_color_optical_frame,1,0.4000,0.0000,0.05000,2.377,0,LOST,input_timeout,0.000,0.000,deg/s,joint_states,,,,,,,,,,,,,
assignment2_mock_20261007_123707,11.967,1791344242.736081,180,1791344240.336929,camera_color_optical_frame,1,0.4000,0.0000,0.05000,2.396,0,LOST,input_timeout,0.000,0.000,deg/s,joint_states,,,,,,,,,,,,,
assignment2_mock_20261007_123707,11.987,1791344242.756454,180,1791344240.336929,camera_color_optical_frame,1,0.4000,0.0000,0.05000,2.416,0,LOST,input_timeout,0.000,0.000,deg/s,joint_states,,,,,,,,,,,,,
assignment2_mock_20261007_123707,12.007,1791344242.776074,180,1791344240.336929,camera_color_optical_frame,1,0.4000,0.0000,0.05000,2.436,0,LOST,input_timeout,0.000,0.000,deg/s,joint_states,,,,,,,,,,,,,
assignment2_mock_20261007_123707,12.027,1791344242.796210,180,1791344240.336929,camera_color_optical_frame,1,0.4000,0.0000,0.05000,2.456,0,LOST,input_timeout,0.000,0.000,deg/s,joint_states,,,,,,,,,,,,,
assignment2_mock_20261007_123707,12.047,1791344242.816176,180,1791344240.336929,camera_color_optical_frame,1,0.4000,0.0000,0.05000,2.476,0,LOST,input_timeout,0.000,0.000,deg/s,joint_states,,,,,,,,,,,,,
assignment2_mock_20261007_123707,12.067,1791344242.836173,180,1791344240.336929,camera_color_optical_frame,1,0.4000,0.0000,0.05000,2.496,0,LOST,input_timeout,0.000,0.000,deg/s,joint_states,,,,,,,,,,,,,
assignment2_mock_20261007_123707,12.087,1791344242.856426,180,1791344240.336929,camera_color_optical_frame,1,0.4000,0.0000,0.05000,2.516,0,LOST,input_timeout,0.000,0.000,deg/s,joint_states,,,,,,,,,,,,,
assignment2_mock_20261007_123707,12.107,1791344242.876406,180,1791344240.336929,camera_color_optical_frame,1,0.4000,0.0000,0.05000,2.536,0,LOST,input_timeout,0.000,0.000,deg/s,joint_states,,,,,,,,,,,,,
assignment2_mock_20261007_123707,12.128,1791344242.897271,181,1791344242.876908,camera_color_optical_frame,1,-0.4000,0.0000,0.05000,0.018,0,LOST,confirming_1/3,0.000,0.000,deg/s,joint_states,,,,,,,,,,,,,
assignment2_mock_20261007_123707,12.147,1791344242.916235,181,1791344242.876908,camera_color_optical_frame,1,-0.4000,0.0000,0.05000,0.037,0,LOST,confirming_1/3,0.000,0.000,deg/s,joint_states,,,,,,,,,,,,,
assignment2_mock_20261007_123707,12.167,1791344242.936458,182,1791344242.916650,camera_color_optical_frame,1,-0.4000,0.0000,0.05000,0.018,0,LOST,confirming_2/3,0.000,0.000,deg/s,joint_states,,,,,,,,,,,,,
assignment2_mock_20261007_123707,12.187,1791344242.956137,182,1791344242.916650,camera_color_optical_frame,1,-0.4000,0.0000,0.05000,0.038,0,LOST,confirming_2/3,0.000,0.000,deg/s,joint_states,,,,,,,,,,,,,
assignment2_mock_20261007_123707,12.207,1791344242.979452,183,1791344242.956515,camera_color_optical_frame,1,-0.4000,0.0000,0.05000,0.018,0,TRACKING,reacquired_in_view,23.867,0.000,deg/s,joint_states,,,,,,,,,,,,,
assignment2_mock_20261007_123707,12.227,1791344242.996226,184,1791344242.980285,camera_color_optical_frame,1,-0.4000,0.0000,0.05000,0.014,0,TRACKING,ok,23.867,0.000,deg/s,joint_states,,,,,,,,,,,,,
assignment2_mock_20261007_123707,12.247,1791344243.016134,184,1791344242.980285,camera_color_optical_frame,1,-0.4000,0.0000,0.05000,0.034,0,TRACKING,ok,23.867,0.000,deg/s,joint_states,,,,,,,,,,,,,
assignment2_mock_20261007_123707,12.267,1791344243.036346,185,1791344243.016518,camera_color_optical_frame,1,-0.4000,0.0000,0.05000,0.018,0,TRACKING,ok,23.867,0.000,deg/s,joint_states,,,,,,,,,,,,,
assignment2_mock_20261007_123707,12.288,1791344243.057324,185,1791344243.016518,camera_color_optical_frame,1,-0.4000,0.0000,0.05000,0.038,0,TRACKING,ok,23.867,0.000,deg/s,joint_states,,,,,,,,,,,,,
assignment2_mock_20261007_123707,12.308,1791344243.077356,186,1791344243.058249,camera_color_optical_frame,1,-0.4000,0.0000,0.05000,0.016,0,TRACKING,ok,23.867,0.000,deg/s,joint_states,,,,,,,,,,,,,
assignment2_mock_20261007_123707,12.327,1791344243.096394,187,1791344243.078201,camera_color_optical_frame,1,-0.4000,0.0000,0.05000,0.015,0,TRACKING,ok,23.867,0.000,deg/s,joint_states,,,,,,,,,,,,,
assignment2_mock_20261007_123707,12.348,1791344243.116730,187,1791344243.078201,camera_color_optical_frame,1,-0.4000,0.0000,0.05000,0.036,0,TRACKING,ok,23.867,0.000,deg/s,joint_states,,,,,,,,,,,,,
assignment2_mock_20261007_123707,12.367,1791344243.136271,188,1791344243.117399,camera_color_optical_frame,1,-0.4000,0.0000,0.05000,0.017,0,TRACKING,ok,23.867,0.000,deg/s,joint_states,,,,,,,,,,,,,
assignment2_mock_20261007_123707,12.388,1791344243.157351,188,1791344243.117399,camera_color_optical_frame,1,-0.4000,0.0000,0.05000,0.037,0,TRACKING,ok,23.867,0.000,deg/s,joint_states,,,,,,,,,,,,,
assignment2_mock_20261007_123707,12.408,1791344243.177089,189,1791344243.158303,camera_color_optical_frame,1,-0.4000,0.0000,0.05000,0.016,0,TRACKING,ok,23.867,0.000,deg/s,joint_states,,,,,,,,,,,,,
assignment2_mock_20261007_123707,12.427,1791344243.196160,190,1791344243.177838,camera_color_optical_frame,1,-0.4000,0.0000,0.05000,0.016,0,TRACKING,ok,23.867,0.000,deg/s,joint_states,,,,,,,,,,,,,
assignment2_mock_20261007_123707,12.447,1791344243.216192,190,1791344243.177838,camera_color_optical_frame,1,-0.4000,0.0000,0.05000,0.036,0,TRACKING,ok,23.867,0.000,deg/s,joint_states,,,,,,,,,,,,,
assignment2_mock_20261007_123707,12.467,1791344243.236092,191,1791344243.216573,camera_color_optical_frame,1,-0.4000,0.0000,0.05000,0.018,0,TRACKING,ok,23.867,0.000,deg/s,joint_states,,,,,,,,,,,,,
assignment2_mock_20261007_123707,12.487,1791344243.256275,191,1791344243.216573,camera_color_optical_frame,1,-0.4000,0.0000,0.05000,0.038,0,TRACKING,ok,23.867,0.000,deg/s,joint_states,,,,,,,,,,,,,
assignment2_mock_20261007_123707,12.507,1791344243.276135,192,1791344243.256689,camera_color_optical_frame,1,-0.4000,0.0000,0.05000,0.018,0,TRACKING,ok,23.867,0.000,deg/s,joint_states,,,,,,,,,,,,,
assignment2_mock_20261007_123707,12.527,1791344243.296202,192,1791344243.256689,camera_color_optical_frame,1,-0.4000,0.0000,0.05000,0.038,0,TRACKING,ok,23.867,0.000,deg/s,joint_states,,,,,,,,,,,,,
assignment2_mock_20261007_123707,12.547,1791344243.316612,193,1791344243.296603,camera_color_optical_frame,1,-0.4000,0.0000,0.05000,0.018,0,TRACKING,ok,23.867,0.000,deg/s,joint_states,,,,,,,,,,,,,
assignment2_mock_20261007_123707,12.568,1791344243.337438,194,1791344243.317215,camera_color_optical_frame,1,-0.4000,0.0000,0.05000,0.017,0,TRACKING,ok,23.867,0.000,deg/s,joint_states,,,,,,,,,,,,,
assignment2_mock_20261007_123707,12.587,1791344243.356154,194,1791344243.317215,camera_color_optical_frame,1,-0.4000,0.0000,0.05000,0.037,0,TRACKING,ok,23.867,0.000,deg/s,joint_states,,,,,,,,,,,,,
assignment2_mock_20261007_123707,12.607,1791344243.376179,195,1791344243.356532,camera_color_optical_frame,1,-0.4000,0.0000,0.05000,0.018,0,TRACKING,ok,23.867,0.000,deg/s,joint_states,,,,,,,,,,,,,
assignment2_mock_20261007_123707,12.627,1791344243.396515,195,1791344243.356532,camera_color_optical_frame,1,-0.4000,0.0000,0.05000,0.038,0,TRACKING,ok,23.867,0.000,deg/s,joint_states,,,,,,,,,,,,,
assignment2_mock_20261007_123707,12.647,1791344243.416435,196,1791344243.397014,camera_color_optical_frame,1,-0.4000,0.0000,0.05000,0.017,0,TRACKING,ok,23.867,0.000,deg/s,joint_states,,,,,,,,,,,,,
assignment2_mock_20261007_123707,12.667,1791344243.436481,197,1791344243.416955,camera_color_optical_frame,1,-0.4000,0.0000,0.05000,0.017,0,TRACKING,ok,23.867,0.000,deg/s,joint_states,,,,,,,,,,,,,
assignment2_mock_20261007_123707,12.687,1791344243.456258,197,1791344243.416955,camera_color_optical_frame,1,-0.4000,0.0000,0.05000,0.037,0,TRACKING,ok,23.867,0.000,deg/s,joint_states,,,,,,,,,,,,,
assignment2_mock_20261007_123707,12.708,1791344243.476691,198,1791344243.456674,camera_color_optical_frame,1,-0.4000,0.0000,0.05000,0.018,0,TRACKING,ok,23.867,0.000,deg/s,joint_states,,,,,,,,,,,,,
assignment2_mock_20261007_123707,12.728,1791344243.497313,199,1791344243.477332,camera_color_optical_frame,1,-0.4000,0.0000,0.05000,0.017,0,TRACKING,ok,23.867,0.000,deg/s,joint_states,,,,,,,,,,,,,
assignment2_mock_20261007_123707,12.747,1791344243.516614,199,1791344243.477332,camera_color_optical_frame,1,-0.4000,0.0000,0.05000,0.037,0,TRACKING,ok,23.867,0.000,deg/s,joint_states,,,,,,,,,,,,,
assignment2_mock_20261007_123707,12.768,1791344243.537350,200,1791344243.517188,camera_color_optical_frame,1,-0.4000,0.0000,0.05000,0.017,0,TRACKING,ok,23.867,0.000,deg/s,joint_states,,,,,,,,,,,,,
assignment2_mock_20261007_123707,12.787,1791344243.556579,200,1791344243.517188,camera_color_optical_frame,1,-0.4000,0.0000,0.05000,0.037,0,TRACKING,ok,23.867,0.000,deg/s,joint_states,,,,,,,,,,,,,
assignment2_mock_20261007_123707,12.808,1791344243.577427,201,1791344243.557135,camera_color_optical_frame,1,-0.4000,0.0000,0.05000,0.017,0,TRACKING,ok,23.867,0.000,deg/s,joint_states,,,,,,,,,,,,,
assignment2_mock_20261007_123707,12.828,1791344243.596846,202,1791344243.578083,camera_color_optical_frame,1,-0.4000,0.0000,0.05000,0.016,0,TRACKING,ok,23.867,0.000,deg/s,joint_states,,,,,,,,,,,,,
assignment2_mock_20261007_123707,12.847,1791344243.616160,202,1791344243.578083,camera_color_optical_frame,1,-0.4000,0.0000,0.05000,0.035,0,TRACKING,ok,23.867,0.000,deg/s,joint_states,,,,,,,,,,,,,
assignment2_mock_20261007_123707,12.867,1791344243.636163,203,1791344243.616544,camera_color_optical_frame,1,-0.4000,0.0000,0.05000,0.018,0,TRACKING,ok,23.867,0.000,deg/s,joint_states,,,,,,,,,,,,,
assignment2_mock_20261007_123707,12.887,1791344243.656173,203,1791344243.616544,camera_color_optical_frame,1,-0.4000,0.0000,0.05000,0.038,0,TRACKING,ok,23.867,0.000,deg/s,joint_states,,,,,,,,,,,,,
assignment2_mock_20261007_123707,12.908,1791344243.677019,204,1791344243.656551,camera_color_optical_frame,1,-0.4000,0.0000,0.05000,0.019,0,TRACKING,ok,23.867,0.000,deg/s,joint_states,,,,,,,,,,,,,
assignment2_mock_20261007_123707,12.928,1791344243.697351,205,1791344243.677873,camera_color_optical_frame,1,-0.4000,0.0000,0.05000,0.017,0,TRACKING,ok,23.867,0.000,deg/s,joint_states,,,,,,,,,,,,,
assignment2_mock_20261007_123707,12.948,1791344243.716707,205,1791344243.677873,camera_color_optical_frame,1,-0.4000,0.0000,0.05000,0.037,0,TRACKING,ok,23.867,0.000,deg/s,joint_states,,,,,,,,,,,,,
assignment2_mock_20261007_123707,12.968,1791344243.737322,206,1791344243.717342,camera_color_optical_frame,1,-0.4000,0.0000,0.05000,0.017,0,TRACKING,ok,23.867,0.000,deg/s,joint_states,,,,,,,,,,,,,
assignment2_mock_20261007_123707,12.987,1791344243.756144,206,1791344243.717342,camera_color_optical_frame,1,-0.4000,0.0000,0.05000,0.037,0,TRACKING,ok,23.867,0.000,deg/s,joint_states,,,,,,,,,,,,,
assignment2_mock_20261007_123707,13.007,1791344243.776509,207,1791344243.756528,camera_color_optical_frame,1,-0.4000,0.0000,0.05000,0.018,0,TRACKING,ok,23.867,0.000,deg/s,joint_states,,,,,,,,,,,,,
assignment2_mock_20261007_123707,13.028,1791344243.797059,208,1791344243.777031,camera_color_optical_frame,1,-0.4000,0.0000,0.05000,0.018,0,TRACKING,ok,23.867,0.000,deg/s,joint_states,,,,,,,,,,,,,
assignment2_mock_20261007_123707,13.048,1791344243.816866,208,1791344243.777031,camera_color_optical_frame,1,-0.4000,0.0000,0.05000,0.037,0,TRACKING,ok,23.867,0.000,deg/s,joint_states,,,,,,,,,,,,,
assignment2_mock_20261007_123707,13.067,1791344243.836668,209,1791344243.817883,camera_color_optical_frame,1,-0.4000,0.0000,0.05000,0.016,0,TRACKING,ok,23.867,0.000,deg/s,joint_states,,,,,,,,,,,,,
assignment2_mock_20261007_123707,13.087,1791344243.856220,209,1791344243.817883,camera_color_optical_frame,1,-0.4000,0.0000,0.05000,0.035,0,TRACKING,ok,23.867,0.000,deg/s,joint_states,,,,,,,,,,,,,
assignment2_mock_20261007_123707,13.107,1791344243.876135,210,1791344243.856632,camera_color_optical_frame,1,-0.4000,0.0000,0.05000,0.018,0,TRACKING,ok,23.867,0.000,deg/s,joint_states,,,,,,,,,,,,,
assignment2_mock_20261007_123707,13.127,1791344243.896195,210,1791344243.856632,camera_color_optical_frame,1,-0.4000,0.0000,0.05000,0.038,0,TRACKING,ok,23.867,0.000,deg/s,joint_states,,,,,,,,,,,,,
assignment2_mock_20261007_123707,13.147,1791344243.916360,211,1791344243.896573,camera_color_optical_frame,1,-0.4000,0.0000,0.05000,0.018,0,TRACKING,ok,23.867,0.000,deg/s,joint_states,,,,,,,,,,,,,
assignment2_mock_20261007_123707,13.167,1791344243.936144,212,1791344243.916792,camera_color_optical_frame,1,-0.4000,0.0000,0.05000,0.018,0,TRACKING,ok,23.867,0.000,deg/s,joint_states,,,,,,,,,,,,,
assignment2_mock_20261007_123707,13.187,1791344243.956150,212,1791344243.916792,camera_color_optical_frame,1,-0.4000,0.0000,0.05000,0.038,0,TRACKING,ok,23.867,0.000,deg/s,joint_states,,,,,,,,,,,,,
assignment2_mock_20261007_123707,13.208,1791344243.977036,213,1791344243.956533,camera_color_optical_frame,1,-0.4000,0.0000,0.05000,0.019,0,TRACKING,ok,23.867,0.000,deg/s,joint_states,,,,,,,,,,,,,
assignment2_mock_20261007_123707,13.228,1791344243.997388,214,1791344243.977796,camera_color_optical_frame,1,-0.4000,0.0000,0.05000,0.016,0,TRACKING,ok,23.867,0.000,deg/s,joint_states,,,,,,,,,,,,,
assignment2_mock_20261007_123707,13.248,1791344244.017436,214,1791344243.977796,camera_color_optical_frame,1,-0.4000,0.0000,0.05000,0.036,0,TRACKING,ok,23.867,0.000,deg/s,joint_states,,,,,,,,,,,,,
assignment2_mock_20261007_123707,13.267,1791344244.036397,215,1791344244.018291,camera_color_optical_frame,1,-0.4000,0.0000,0.05000,0.015,0,TRACKING,ok,23.867,0.000,deg/s,joint_states,,,,,,,,,,,,,
assignment2_mock_20261007_123707,13.287,1791344244.056148,215,1791344244.018291,camera_color_optical_frame,1,-0.4000,0.0000,0.05000,0.035,0,TRACKING,ok,23.867,0.000,deg/s,joint_states,,,,,,,,,,,,,
assignment2_mock_20261007_123707,13.308,1791344244.077504,216,1791344244.056530,camera_color_optical_frame,1,-0.4000,0.0000,0.05000,0.018,0,TRACKING,ok,23.867,0.000,deg/s,joint_states,,,,,,,,,,,,,
assignment2_mock_20261007_123707,13.328,1791344244.097314,217,1791344244.078401,camera_color_optical_frame,1,-0.4000,0.0000,0.05000,0.016,0,TRACKING,ok,23.867,0.000,deg/s,joint_states,,,,,,,,,,,,,
assignment2_mock_20261007_123707,13.348,1791344244.117382,217,1791344244.078401,camera_color_optical_frame,1,-0.4000,0.0000,0.05000,0.036,0,TRACKING,ok,23.867,0.000,deg/s,joint_states,,,,,,,,,,,,,
assignment2_mock_20261007_123707,13.367,1791344244.136585,218,1791344244.118247,camera_color_optical_frame,1,-0.4000,0.0000,0.05000,0.015,0,TRACKING,ok,23.867,0.000,deg/s,joint_states,,,,,,,,,,,,,
assignment2_mock_20261007_123707,13.387,1791344244.156253,218,1791344244.118247,camera_color_optical_frame,1,-0.4000,0.0000,0.05000,0.035,0,TRACKING,ok,23.867,0.000,deg/s,joint_states,,,,,,,,,,,,,
assignment2_mock_20261007_123707,13.408,1791344244.176842,219,1791344244.156647,camera_color_optical_frame,1,-0.4000,0.0000,0.05000,0.018,0,TRACKING,ok,23.867,0.000,deg/s,joint_states,,,,,,,,,,,,,
assignment2_mock_20261007_123707,13.428,1791344244.197373,220,1791344244.177551,camera_color_optical_frame,1,-0.4000,0.0000,0.05000,0.017,0,TRACKING,ok,23.867,0.000,deg/s,joint_states,,,,,,,,,,,,,
assignment2_mock_20261007_123707,13.447,1791344244.216496,220,1791344244.177551,camera_color_optical_frame,1,-0.4000,0.0000,0.05000,0.036,0,TRACKING,ok,23.867,0.000,deg/s,joint_states,,,,,,,,,,,,,
assignment2_mock_20261007_123707,13.467,1791344244.236518,221,1791344244.216973,camera_color_optical_frame,1,-0.4000,0.0000,0.05000,0.017,0,TRACKING,ok,23.867,0.000,deg/s,joint_states,,,,,,,,,,,,,
assignment2_mock_20261007_123707,13.487,1791344244.256258,221,1791344244.216973,camera_color_optical_frame,1,-0.4000,0.0000,0.05000,0.037,0,TRACKING,ok,23.867,0.000,deg/s,joint_states,,,,,,,,,,,,,
assignment2_mock_20261007_123707,13.508,1791344244.276715,222,1791344244.256671,camera_color_optical_frame,1,-0.4000,0.0000,0.05000,0.018,0,TRACKING,ok,23.867,0.000,deg/s,joint_states,,,,,,,,,,,,,
assignment2_mock_20261007_123707,13.528,1791344244.297355,223,1791344244.277362,camera_color_optical_frame,1,-0.4000,0.0000,0.05000,0.017,0,TRACKING,ok,23.867,0.000,deg/s,joint_states,,,,,,,,,,,,,
assignment2_mock_20261007_123707,13.548,1791344244.317190,223,1791344244.277362,camera_color_optical_frame,1,-0.4000,0.0000,0.05000,0.037,0,TRACKING,ok,23.867,0.000,deg/s,joint_states,,,,,,,,,,,,,
assignment2_mock_20261007_123707,13.568,1791344244.337198,224,1791344244.317911,camera_color_optical_frame,1,-0.4000,0.0000,0.05000,0.016,0,TRACKING,ok,23.867,0.000,deg/s,joint_states,,,,,,,,,,,,,
assignment2_mock_20261007_123707,13.587,1791344244.356168,224,1791344244.317911,camera_color_optical_frame,1,-0.4000,0.0000,0.05000,0.036,0,TRACKING,ok,23.867,0.000,deg/s,joint_states,,,,,,,,,,,,,
assignment2_mock_20261007_123707,13.608,1791344244.377034,225,1791344244.356555,camera_color_optical_frame,1,-0.4000,0.0000,0.05000,0.019,0,TRACKING,ok,23.867,0.000,deg/s,joint_states,,,,,,,,,,,,,
assignment2_mock_20261007_123707,13.628,1791344244.396845,226,1791344244.377785,camera_color_optical_frame,1,-0.4000,0.0000,0.05000,0.016,0,TRACKING,ok,23.867,0.000,deg/s,joint_states,,,,,,,,,,,,,
assignment2_mock_20261007_123707,13.648,1791344244.417476,226,1791344244.377785,camera_color_optical_frame,1,-0.4000,0.0000,0.05000,0.036,0,TRACKING,ok,23.867,0.000,deg/s,joint_states,,,,,,,,,,,,,
assignment2_mock_20261007_123707,13.667,1791344244.436142,227,1791344244.418305,camera_color_optical_frame,1,-0.4000,0.0000,0.05000,0.015,0,TRACKING,ok,23.867,0.000,deg/s,joint_states,,,,,,,,,,,,,
assignment2_mock_20261007_123707,13.687,1791344244.456426,227,1791344244.418305,camera_color_optical_frame,1,-0.4000,0.0000,0.05000,0.035,0,TRACKING,ok,23.867,0.000,deg/s,joint_states,,,,,,,,,,,,,
assignment2_mock_20261007_123707,13.707,1791344244.476073,228,1791344244.456885,camera_color_optical_frame,1,-0.4000,0.0000,0.05000,0.016,0,TRACKING,ok,23.867,0.000,deg/s,joint_states,,,,,,,,,,,,,
assignment2_mock_20261007_123707,13.727,1791344244.496432,228,1791344244.456885,camera_color_optical_frame,1,-0.4000,0.0000,0.05000,0.036,0,TRACKING,ok,23.867,0.000,deg/s,joint_states,,,,,,,,,,,,,
assignment2_mock_20261007_123707,13.747,1791344244.516612,229,1791344244.496994,camera_color_optical_frame,1,-0.4000,0.0000,0.05000,0.018,0,TRACKING,ok,23.867,0.000,deg/s,joint_states,,,,,,,,,,,,,
assignment2_mock_20261007_123707,13.768,1791344244.537353,230,1791344244.517222,camera_color_optical_frame,1,-0.4000,0.0000,0.05000,0.017,0,TRACKING,ok,23.867,0.000,deg/s,joint_states,,,,,,,,,,,,,
assignment2_mock_20261007_123707,13.787,1791344244.556136,230,1791344244.517222,camera_color_optical_frame,1,-0.4000,0.0000,0.05000,0.037,0,TRACKING,ok,23.867,0.000,deg/s,joint_states,,,,,,,,,,,,,
assignment2_mock_20261007_123707,13.807,1791344244.576272,231,1791344244.556525,camera_color_optical_frame,1,-0.4000,0.0000,0.05000,0.018,0,TRACKING,ok,23.867,0.000,deg/s,joint_states,,,,,,,,,,,,,
assignment2_mock_20261007_123707,13.828,1791344244.597051,231,1791344244.556525,camera_color_optical_frame,1,-0.4000,0.0000,0.05000,0.038,0,TRACKING,ok,23.867,0.000,deg/s,joint_states,,,,,,,,,,,,,
assignment2_mock_20261007_123707,13.848,1791344244.616747,232,1791344244.597868,camera_color_optical_frame,1,-0.4000,0.0000,0.05000,0.016,0,TRACKING,ok,23.867,0.000,deg/s,joint_states,,,,,,,,,,,,,
assignment2_mock_20261007_123707,13.868,1791344244.637314,233,1791344244.617399,camera_color_optical_frame,1,-0.4000,0.0000,0.05000,0.017,0,TRACKING,ok,23.867,0.000,deg/s,joint_states,,,,,,,,,,,,,
assignment2_mock_20261007_123707,13.887,1791344244.656206,233,1791344244.617399,camera_color_optical_frame,1,-0.4000,0.0000,0.05000,0.036,0,TRACKING,ok,23.867,0.000,deg/s,joint_states,,,,,,,,,,,,,
assignment2_mock_20261007_123707,13.907,1791344244.676604,234,1791344244.656607,camera_color_optical_frame,1,-0.4000,0.0000,0.05000,0.018,0,TRACKING,ok,23.867,0.000,deg/s,joint_states,,,,,,,,,,,,,
assignment2_mock_20261007_123707,13.928,1791344244.697441,235,1791344244.677184,camera_color_optical_frame,1,-0.4000,0.0000,0.05000,0.018,0,TRACKING,ok,23.867,0.000,deg/s,joint_states,,,,,,,,,,,,,
assignment2_mock_20261007_123707,13.947,1791344244.716624,235,1791344244.677184,camera_color_optical_frame,1,-0.4000,0.0000,0.05000,0.037,0,TRACKING,ok,23.867,0.000,deg/s,joint_states,,,,,,,,,,,,,
assignment2_mock_20261007_123707,13.967,1791344244.736175,236,1791344244.717310,camera_color_optical_frame,1,-0.4000,0.0000,0.05000,0.016,0,TRACKING,ok,23.867,0.000,deg/s,joint_states,,,,,,,,,,,,,
assignment2_mock_20261007_123707,13.987,1791344244.756139,236,1791344244.717310,camera_color_optical_frame,1,-0.4000,0.0000,0.05000,0.036,0,TRACKING,ok,23.867,0.000,deg/s,joint_states,,,,,,,,,,,,,
assignment2_mock_20261007_123707,14.007,1791344244.776156,237,1791344244.756534,camera_color_optical_frame,1,-0.4000,0.0000,0.05000,0.018,0,TRACKING,ok,23.867,0.000,deg/s,joint_states,,,,,,,,,,,,,
assignment2_mock_20261007_123707,14.027,1791344244.796209,237,1791344244.756534,camera_color_optical_frame,1,-0.4000,0.0000,0.05000,0.038,0,TRACKING,ok,23.867,0.000,deg/s,joint_states,,,,,,,,,,,,,
assignment2_mock_20261007_123707,14.047,1791344244.816488,238,1791344244.796616,camera_color_optical_frame,1,-0.4000,0.0000,0.05000,0.017,0,TRACKING,ok,23.867,0.000,deg/s,joint_states,,,,,,,,,,,,,
assignment2_mock_20261007_123707,14.068,1791344244.837367,239,1791344244.816995,camera_color_optical_frame,1,-0.4000,0.0000,0.05000,0.018,0,TRACKING,ok,23.867,0.000,deg/s,joint_states,,,,,,,,,,,,,
assignment2_mock_20261007_123707,14.087,1791344244.856181,239,1791344244.816995,camera_color_optical_frame,1,-0.4000,0.0000,0.05000,0.037,0,TRACKING,ok,23.867,0.000,deg/s,joint_states,,,,,,,,,,,,,
assignment2_mock_20261007_123707,14.107,1791344244.876603,240,1791344244.856586,camera_color_optical_frame,1,-0.4000,0.0000,0.05000,0.018,0,TRACKING,ok,23.867,0.000,deg/s,joint_states,,,,,,,,,,,,,
assignment2_mock_20261007_123707,14.127,1791344244.896092,241,1791344244.877213,camera_color_optical_frame,1,-0.4000,0.0000,0.05000,0.017,0,TRACKING,ok,23.867,0.000,deg/s,joint_states,,,,,,,,,,,,,
assignment2_mock_20261007_123707,14.148,1791344244.917259,241,1791344244.877213,camera_color_optical_frame,1,-0.4000,0.0000,0.05000,0.038,0,TRACKING,ok,23.867,0.000,deg/s,joint_states,,,,,,,,,,,,,
assignment2_mock_20261007_123707,14.168,1791344244.937345,242,1791344244.917967,camera_color_optical_frame,1,-0.4000,0.0000,0.05000,0.016,0,TRACKING,ok,23.867,0.000,deg/s,joint_states,,,,,,,,,,,,,
assignment2_mock_20261007_123707,14.187,1791344244.956167,242,1791344244.917967,camera_color_optical_frame,1,-0.4000,0.0000,0.05000,0.036,0,TRACKING,ok,23.867,0.000,deg/s,joint_states,,,,,,,,,,,,,
assignment2_mock_20261007_123707,14.207,1791344244.976466,243,1791344244.956551,camera_color_optical_frame,1,-0.4000,0.0000,0.05000,0.018,0,TRACKING,ok,23.867,0.000,deg/s,joint_states,,,,,,,,,,,,,
assignment2_mock_20261007_123707,14.228,1791344244.996854,244,1791344244.976963,camera_color_optical_frame,1,-0.4000,0.0000,0.05000,0.018,0,TRACKING,ok,23.867,0.000,deg/s,joint_states,,,,,,,,,,,,,
assignment2_mock_20261007_123707,14.247,1791344245.016300,244,1791344244.976963,camera_color_optical_frame,1,-0.4000,0.0000,0.05000,0.037,0,TRACKING,ok,23.867,0.000,deg/s,joint_states,,,,,,,,,,,,,
assignment2_mock_20261007_123707,14.268,1791344245.037546,245,1791344245.016827,camera_color_optical_frame,1,-0.4000,0.0000,0.05000,0.019,0,TRACKING,ok,23.867,0.000,deg/s,joint_states,,,,,,,,,,,,,
assignment2_mock_20261007_123707,14.288,1791344245.057271,245,1791344245.016827,camera_color_optical_frame,1,-0.4000,0.0000,0.05000,0.038,0,TRACKING,ok,23.867,0.000,deg/s,joint_states,,,,,,,,,,,,,
assignment2_mock_20261007_123707,14.308,1791344245.077360,246,1791344245.057849,camera_color_optical_frame,1,-0.4000,0.0000,0.05000,0.016,0,TRACKING,ok,23.867,0.000,deg/s,joint_states,,,,,,,,,,,,,
assignment2_mock_20261007_123707,14.328,1791344245.097343,247,1791344245.078200,camera_color_optical_frame,1,-0.4000,0.0000,0.05000,0.016,0,TRACKING,ok,23.867,0.000,deg/s,joint_states,,,,,,,,,,,,,
assignment2_mock_20261007_123707,14.348,1791344245.117065,247,1791344245.078200,camera_color_optical_frame,1,-0.4000,0.0000,0.05000,0.036,0,TRACKING,ok,23.867,0.000,deg/s,joint_states,,,,,,,,,,,,,
assignment2_mock_20261007_123707,14.367,1791344245.136092,248,1791344245.117835,camera_color_optical_frame,1,-0.4000,0.0000,0.05000,0.016,0,TRACKING,ok,23.867,0.000,deg/s,joint_states,,,,,,,,,,,,,
assignment2_mock_20261007_123707,14.387,1791344245.156356,248,1791344245.117835,camera_color_optical_frame,1,-0.4000,0.0000,0.05000,0.036,0,TRACKING,ok,23.867,0.000,deg/s,joint_states,,,,,,,,,,,,,
assignment2_mock_20261007_123707,14.408,1791344245.177359,249,1791344245.156783,camera_color_optical_frame,1,-0.4000,0.0000,0.05000,0.018,0,TRACKING,ok,23.867,0.000,deg/s,joint_states,,,,,,,,,,,,,
assignment2_mock_20261007_123707,14.428,1791344245.197053,250,1791344245.178210,camera_color_optical_frame,1,-0.4000,0.0000,0.05000,0.016,0,TRACKING,ok,23.867,0.000,deg/s,joint_states,,,,,,,,,,,,,
assignment2_mock_20261007_123707,14.448,1791344245.217429,250,1791344245.178210,camera_color_optical_frame,1,-0.4000,0.0000,0.05000,0.036,0,TRACKING,ok,23.867,0.000,deg/s,joint_states,,,,,,,,,,,,,
assignment2_mock_20261007_123707,14.467,1791344245.236308,251,1791344245.218250,camera_color_optical_frame,1,-0.4000,0.0000,0.05000,0.015,0,TRACKING,ok,23.867,0.000,deg/s,joint_states,,,,,,,,,,,,,
assignment2_mock_20261007_123707,14.488,1791344245.257464,251,1791344245.218250,camera_color_optical_frame,1,-0.4000,0.0000,0.05000,0.036,0,TRACKING,ok,23.867,0.000,deg/s,joint_states,,,,,,,,,,,,,
assignment2_mock_20261007_123707,14.507,1791344245.276167,252,1791344245.258172,camera_color_optical_frame,1,-0.4000,0.0000,0.05000,0.015,0,TRACKING,ok,23.867,0.000,deg/s,joint_states,,,,,,,,,,,,,
assignment2_mock_20261007_123707,14.527,1791344245.296155,252,1791344245.258172,camera_color_optical_frame,1,-0.4000,0.0000,0.05000,0.035,0,TRACKING,ok,23.867,0.000,deg/s,joint_states,,,,,,,,,,,,,
assignment2_mock_20261007_123707,14.548,1791344245.317144,253,1791344245.296553,camera_color_optical_frame,1,-0.4000,0.0000,0.05000,0.019,0,TRACKING,ok,23.867,0.000,deg/s,joint_states,,,,,,,,,,,,,
assignment2_mock_20261007_123707,14.568,1791344245.337390,254,1791344245.317869,camera_color_optical_frame,1,-0.4000,0.0000,0.05000,0.016,0,TRACKING,ok,23.867,0.000,deg/s,joint_states,,,,,,,,,,,,,
assignment2_mock_20261007_123707,14.587,1791344245.356148,254,1791344245.317869,camera_color_optical_frame,1,-0.4000,0.0000,0.05000,0.036,0,TRACKING,ok,23.867,0.000,deg/s,joint_states,,,,,,,,,,,,,
assignment2_mock_20261007_123707,14.607,1791344245.376605,255,1791344245.356532,camera_color_optical_frame,1,-0.4000,0.0000,0.05000,0.018,0,TRACKING,ok,23.867,0.000,deg/s,joint_states,,,,,,,,,,,,,
assignment2_mock_20261007_123707,14.627,1791344245.396407,256,1791344245.377084,camera_color_optical_frame,1,-0.4000,0.0000,0.05000,0.017,0,TRACKING,ok,23.867,0.000,deg/s,joint_states,,,,,,,,,,,,,
assignment2_mock_20261007_123707,14.647,1791344245.416319,256,1791344245.377084,camera_color_optical_frame,1,-0.4000,0.0000,0.05000,0.037,0,TRACKING,ok,23.867,0.000,deg/s,joint_states,,,,,,,,,,,,,
assignment2_mock_20261007_123707,14.668,1791344245.437423,257,1791344245.416727,camera_color_optical_frame,1,-0.4000,0.0000,0.05000,0.017,0,TRACKING,ok,23.867,0.000,deg/s,joint_states,,,,,,,,,,,,,
assignment2_mock_20261007_123707,14.687,1791344245.456180,257,1791344245.416727,camera_color_optical_frame,1,-0.4000,0.0000,0.05000,0.037,0,TRACKING,ok,23.867,0.000,deg/s,joint_states,,,,,,,,,,,,,
assignment2_mock_20261007_123707,14.707,1791344245.476455,258,1791344245.456567,camera_color_optical_frame,1,-0.4000,0.0000,0.05000,0.018,0,TRACKING,ok,23.867,0.000,deg/s,joint_states,,,,,,,,,,,,,
assignment2_mock_20261007_123707,14.727,1791344245.496072,259,1791344245.476897,camera_color_optical_frame,1,-0.4000,0.0000,0.05000,0.017,0,TRACKING,ok,23.867,0.000,deg/s,joint_states,,,,,,,,,,,,,
assignment2_mock_20261007_123707,14.748,1791344245.517375,259,1791344245.476897,camera_color_optical_frame,1,-0.4000,0.0000,0.05000,0.038,0,TRACKING,ok,23.867,0.000,deg/s,joint_states,,,,,,,,,,,,,
assignment2_mock_20261007_123707,14.768,1791344245.537458,260,1791344245.518234,camera_color_optical_frame,1,-0.4000,0.0000,0.05000,0.016,0,TRACKING,ok,23.867,0.000,deg/s,joint_states,,,,,,,,,,,,,
assignment2_mock_20261007_123707,14.787,1791344245.556150,260,1791344245.518234,camera_color_optical_frame,1,-0.4000,0.0000,0.05000,0.035,0,TRACKING,ok,23.867,0.000,deg/s,joint_states,,,,,,,,,,,,,
assignment2_mock_20261007_123707,14.808,1791344245.577512,261,1791344245.556539,camera_color_optical_frame,1,-0.4000,0.0000,0.05000,0.018,0,TRACKING,ok,23.867,0.000,deg/s,joint_states,,,,,,,,,,,,,
assignment2_mock_20261007_123707,14.828,1791344245.597445,262,1791344245.578194,camera_color_optical_frame,1,-0.4000,0.0000,0.05000,0.016,0,TRACKING,ok,23.867,0.000,deg/s,joint_states,,,,,,,,,,,,,
assignment2_mock_20261007_123707,14.848,1791344245.616707,262,1791344245.578194,camera_color_optical_frame,1,-0.4000,0.0000,0.05000,0.035,0,TRACKING,ok,23.867,0.000,deg/s,joint_states,,,,,,,,,,,,,
assignment2_mock_20261007_123707,14.868,1791344245.637592,263,1791344245.617325,camera_color_optical_frame,1,-0.4000,0.0000,0.05000,0.017,0,TRACKING,ok,23.867,0.000,deg/s,joint_states,,,,,,,,,,,,,
assignment2_mock_20261007_123707,14.888,1791344245.656696,263,1791344245.617325,camera_color_optical_frame,1,-0.4000,0.0000,0.05000,0.037,0,TRACKING,ok,23.867,0.000,deg/s,joint_states,,,,,,,,,,,,,
assignment2_mock_20261007_123707,14.908,1791344245.676688,264,1791344245.657319,camera_color_optical_frame,1,-0.4000,0.0000,0.05000,0.017,0,TRACKING,ok,23.867,0.000,deg/s,joint_states,,,,,,,,,,,,,
assignment2_mock_20261007_123707,14.928,1791344245.697309,265,1791344245.677315,camera_color_optical_frame,1,-0.4000,0.0000,0.05000,0.017,0,TRACKING,ok,23.867,0.000,deg/s,joint_states,,,,,,,,,,,,,
assignment2_mock_20261007_123707,14.948,1791344245.717516,265,1791344245.677315,camera_color_optical_frame,1,-0.4000,0.0000,0.05000,0.037,0,TRACKING,ok,23.867,0.000,deg/s,joint_states,,,,,,,,,,,,,
assignment2_mock_20261007_123707,14.968,1791344245.737350,266,1791344245.718314,camera_color_optical_frame,1,-0.4000,0.0000,0.05000,0.016,0,TRACKING,ok,23.867,0.000,deg/s,joint_states,,,,,,,,,,,,,
assignment2_mock_20261007_123707,14.987,1791344245.756169,266,1791344245.718314,camera_color_optical_frame,1,-0.4000,0.0000,0.05000,0.035,0,TRACKING,ok,23.867,0.000,deg/s,joint_states,,,,,,,,,,,,,
assignment2_mock_20261007_123707,15.008,1791344245.776853,267,1791344245.756589,camera_color_optical_frame,1,-0.4000,0.0000,0.05000,0.018,0,TRACKING,ok,23.867,0.000,deg/s,joint_states,,,,,,,,,,,,,
assignment2_mock_20261007_123707,15.028,1791344245.797473,268,1791344245.777567,camera_color_optical_frame,1,-0.4000,0.0000,0.05000,0.017,0,TRACKING,ok,23.867,0.000,deg/s,joint_states,,,,,,,,,,,,,
assignment2_mock_20261007_123707,15.048,1791344245.817370,268,1791344245.777567,camera_color_optical_frame,1,-0.4000,0.0000,0.05000,0.037,0,TRACKING,ok,23.867,0.000,deg/s,joint_states,,,,,,,,,,,,,
assignment2_mock_20261007_123707,15.068,1791344245.837617,269,1791344245.818337,camera_color_optical_frame,1,-0.4000,0.0000,0.05000,0.016,0,TRACKING,ok,23.867,0.000,deg/s,joint_states,,,,,,,,,,,,,
assignment2_mock_20261007_123707,15.087,1791344245.856349,269,1791344245.818337,camera_color_optical_frame,1,-0.4000,0.0000,0.05000,0.035,0,TRACKING,ok,23.867,0.000,deg/s,joint_states,,,,,,,,,,,,,
assignment2_mock_20261007_123707,15.108,1791344245.876706,270,1791344245.856781,camera_color_optical_frame,1,-0.4000,0.0000,0.05000,0.018,0,TRACKING,ok,23.867,0.000,deg/s,joint_states,,,,,,,,,,,,,
assignment2_mock_20261007_123707,15.127,1791344245.896156,270,1791344245.856781,camera_color_optical_frame,1,-0.4000,0.0000,0.05000,0.038,0,TRACKING,ok,23.867,0.000,deg/s,joint_states,,,,,,,,,,,,,
assignment2_mock_20261007_123707,15.148,1791344245.917053,270,1791344245.856781,camera_color_optical_frame,1,-0.4000,0.0000,0.05000,0.058,0,TRACKING,ok,23.867,0.000,deg/s,joint_states,,,,,,,,,,,,,
assignment2_mock_20261007_123707,15.168,1791344245.937446,270,1791344245.856781,camera_color_optical_frame,1,-0.4000,0.0000,0.05000,0.078,0,TRACKING,ok,23.867,0.000,deg/s,joint_states,,,,,,,,,,,,,
assignment2_mock_20261007_123707,15.187,1791344245.956139,270,1791344245.856781,camera_color_optical_frame,1,-0.4000,0.0000,0.05000,0.098,0,TRACKING,ok,23.867,0.000,deg/s,joint_states,,,,,,,,,,,,,
assignment2_mock_20261007_123707,15.207,1791344245.976173,270,1791344245.856781,camera_color_optical_frame,1,-0.4000,0.0000,0.05000,0.118,0,TRACKING,ok,23.867,0.000,deg/s,joint_states,,,,,,,,,,,,,
assignment2_mock_20261007_123707,15.227,1791344245.996454,270,1791344245.856781,camera_color_optical_frame,1,-0.4000,0.0000,0.05000,0.138,0,TRACKING,ok,23.867,0.000,deg/s,joint_states,,,,,,,,,,,,,
assignment2_mock_20261007_123707,15.247,1791344246.016304,270,1791344245.856781,camera_color_optical_frame,1,-0.4000,0.0000,0.05000,0.158,0,TRACKING,ok,23.867,0.000,deg/s,joint_states,,,,,,,,,,,,,
assignment2_mock_20261007_123707,15.268,1791344246.037326,270,1791344245.856781,camera_color_optical_frame,1,-0.4000,0.0000,0.05000,0.178,0,TRACKING,ok,23.867,0.000,deg/s,joint_states,,,,,,,,,,,,,
assignment2_mock_20261007_123707,15.288,1791344246.056865,270,1791344245.856781,camera_color_optical_frame,1,-0.4000,0.0000,0.05000,0.198,0,TRACKING,ok,23.867,0.000,deg/s,joint_states,,,,,,,,,,,,,
assignment2_mock_20261007_123707,15.307,1791344246.076178,270,1791344245.856781,camera_color_optical_frame,1,-0.4000,0.0000,0.05000,0.218,0,TRACKING,ok,23.867,0.000,deg/s,joint_states,,,,,,,,,,,,,
assignment2_mock_20261007_123707,15.327,1791344246.096413,270,1791344245.856781,camera_color_optical_frame,1,-0.4000,0.0000,0.05000,0.238,0,TRACKING,ok,23.867,0.000,deg/s,joint_states,,,,,,,,,,,,,
assignment2_mock_20261007_123707,15.348,1791344246.117023,270,1791344245.856781,camera_color_optical_frame,1,-0.4000,0.0000,0.05000,0.258,0,TRACKING,ok,23.867,0.000,deg/s,joint_states,,,,,,,,,,,,,
assignment2_mock_20261007_123707,15.367,1791344246.136091,270,1791344245.856781,camera_color_optical_frame,1,-0.4000,0.0000,0.05000,0.278,0,TRACKING,ok,23.867,0.000,deg/s,joint_states,,,,,,,,,,,,,
assignment2_mock_20261007_123707,15.387,1791344246.156183,270,1791344245.856781,camera_color_optical_frame,1,-0.4000,0.0000,0.05000,0.298,0,TRACKING,ok,23.867,0.000,deg/s,joint_states,,,,,,,,,,,,,
assignment2_mock_20261007_123707,15.407,1791344246.176154,270,1791344245.856781,camera_color_optical_frame,1,-0.4000,0.0000,0.05000,0.318,0,TRACKING,ok,23.867,0.000,deg/s,joint_states,,,,,,,,,,,,,
assignment2_mock_20261007_123707,15.428,1791344246.197051,270,1791344245.856781,camera_color_optical_frame,1,-0.4000,0.0000,0.05000,0.338,0,TRACKING,ok,23.867,0.000,deg/s,joint_states,,,,,,,,,,,,,
assignment2_mock_20261007_123707,15.448,1791344246.216812,270,1791344245.856781,camera_color_optical_frame,1,-0.4000,0.0000,0.05000,0.358,0,TRACKING,ok,23.867,0.000,deg/s,joint_states,,,,,,,,,,,,,
assignment2_mock_20261007_123707,15.467,1791344246.236181,270,1791344245.856781,camera_color_optical_frame,1,-0.4000,0.0000,0.05000,0.378,0,TRACKING,ok,23.867,0.000,deg/s,joint_states,,,,,,,,,,,,,
assignment2_mock_20261007_123707,15.487,1791344246.256344,270,1791344245.856781,camera_color_optical_frame,1,-0.4000,0.0000,0.05000,0.398,0,TRACKING,ok,23.867,0.000,deg/s,joint_states,,,,,,,,,,,,,
assignment2_mock_20261007_123707,15.508,1791344246.277335,270,1791344245.856781,camera_color_optical_frame,1,-0.4000,0.0000,0.05000,0.418,0,TRACKING,ok,23.867,0.000,deg/s,joint_states,,,,,,,,,,,,,
assignment2_mock_20261007_123707,15.527,1791344246.296135,270,1791344245.856781,camera_color_optical_frame,1,-0.4000,0.0000,0.05000,0.438,0,TRACKING,ok,23.867,0.000,deg/s,joint_states,,,,,,,,,,,,,
assignment2_mock_20261007_123707,15.548,1791344246.317046,270,1791344245.856781,camera_color_optical_frame,1,-0.4000,0.0000,0.05000,0.458,0,TRACKING,ok,23.867,0.000,deg/s,joint_states,,,,,,,,,,,,,
assignment2_mock_20261007_123707,15.567,1791344246.336079,270,1791344245.856781,camera_color_optical_frame,1,-0.4000,0.0000,0.05000,0.478,0,TRACKING,ok,23.867,0.000,deg/s,joint_states,,,,,,,,,,,,,
assignment2_mock_20261007_123707,15.588,1791344246.356830,270,1791344245.856781,camera_color_optical_frame,1,-0.4000,0.0000,0.05000,0.498,0,TRACKING,ok,23.867,0.000,deg/s,joint_states,,,,,,,,,,,,,
assignment2_mock_20261007_123707,15.607,1791344246.377898,270,1791344245.856781,camera_color_optical_frame,1,-0.4000,0.0000,0.05000,0.518,0,LOST,input_timeout,0.000,0.000,deg/s,joint_states,,,,,,,,,,,,,
assignment2_mock_20261007_123707,15.628,1791344246.397546,270,1791344245.856781,camera_color_optical_frame,1,-0.4000,0.0000,0.05000,0.538,0,LOST,input_timeout,0.000,0.000,deg/s,joint_states,,,,,,,,,,,,,
assignment2_mock_20261007_123707,15.648,1791344246.416649,270,1791344245.856781,camera_color_optical_frame,1,-0.4000,0.0000,0.05000,0.558,0,LOST,input_timeout,0.000,0.000,deg/s,joint_states,,,,,,,,,,,,,
assignment2_mock_20261007_123707,15.667,1791344246.436090,270,1791344245.856781,camera_color_optical_frame,1,-0.4000,0.0000,0.05000,0.578,0,LOST,input_timeout,0.000,0.000,deg/s,joint_states,,,,,,,,,,,,,
assignment2_mock_20261007_123707,15.688,1791344246.457314,270,1791344245.856781,camera_color_optical_frame,1,-0.4000,0.0000,0.05000,0.598,0,LOST,input_timeout,0.000,0.000,deg/s,joint_states,,,,,,,,,,,,,
assignment2_mock_20261007_123707,15.707,1791344246.476095,270,1791344245.856781,camera_color_optical_frame,1,-0.4000,0.0000,0.05000,0.618,0,LOST,input_timeout,0.000,0.000,deg/s,joint_states,,,,,,,,,,,,,
assignment2_mock_20261007_123707,15.727,1791344246.496131,270,1791344245.856781,camera_color_optical_frame,1,-0.4000,0.0000,0.05000,0.638,0,LOST,input_timeout,0.000,0.000,deg/s,joint_states,,,,,,,,,,,,,
assignment2_mock_20261007_123707,15.748,1791344246.516997,270,1791344245.856781,camera_color_optical_frame,1,-0.4000,0.0000,0.05000,0.658,0,LOST,input_timeout,0.000,0.000,deg/s,joint_states,,,,,,,,,,,,,
assignment2_mock_20261007_123707,15.767,1791344246.536125,270,1791344245.856781,camera_color_optical_frame,1,-0.4000,0.0000,0.05000,0.678,0,LOST,input_timeout,0.000,0.000,deg/s,joint_states,,,,,,,,,,,,,
assignment2_mock_20261007_123707,15.787,1791344246.556165,270,1791344245.856781,camera_color_optical_frame,1,-0.4000,0.0000,0.05000,0.698,0,LOST,input_timeout,0.000,0.000,deg/s,joint_states,,,,,,,,,,,,,
assignment2_mock_20261007_123707,15.807,1791344246.576392,270,1791344245.856781,camera_color_optical_frame,1,-0.4000,0.0000,0.05000,0.718,0,LOST,input_timeout,0.000,0.000,deg/s,joint_states,,,,,,,,,,,,,
assignment2_mock_20261007_123707,15.828,1791344246.596856,270,1791344245.856781,camera_color_optical_frame,1,-0.4000,0.0000,0.05000,0.738,0,LOST,input_timeout,0.000,0.000,deg/s,joint_states,,,,,,,,,,,,,
assignment2_mock_20261007_123707,15.847,1791344246.616153,270,1791344245.856781,camera_color_optical_frame,1,-0.4000,0.0000,0.05000,0.758,0,LOST,input_timeout,0.000,0.000,deg/s,joint_states,,,,,,,,,,,,,
assignment2_mock_20261007_123707,15.868,1791344246.636435,270,1791344245.856781,camera_color_optical_frame,1,-0.4000,0.0000,0.05000,0.778,0,LOST,input_timeout,0.000,0.000,deg/s,joint_states,,,,,,,,,,,,,
assignment2_mock_20261007_123707,15.888,1791344246.657435,270,1791344245.856781,camera_color_optical_frame,1,-0.4000,0.0000,0.05000,0.798,0,LOST,input_timeout,0.000,0.000,deg/s,joint_states,,,,,,,,,,,,,
assignment2_mock_20261007_123707,15.907,1791344246.676089,270,1791344245.856781,camera_color_optical_frame,1,-0.4000,0.0000,0.05000,0.818,0,LOST,input_timeout,0.000,0.000,deg/s,joint_states,,,,,,,,,,,,,
assignment2_mock_20261007_123707,15.927,1791344246.696138,270,1791344245.856781,camera_color_optical_frame,1,-0.4000,0.0000,0.05000,0.838,0,LOST,input_timeout,0.000,0.000,deg/s,joint_states,,,,,,,,,,,,,
assignment2_mock_20261007_123707,15.948,1791344246.717026,270,1791344245.856781,camera_color_optical_frame,1,-0.4000,0.0000,0.05000,0.858,0,LOST,input_timeout,0.000,0.000,deg/s,joint_states,,,,,,,,,,,,,
assignment2_mock_20261007_123707,15.967,1791344246.736166,270,1791344245.856781,camera_color_optical_frame,1,-0.4000,0.0000,0.05000,0.878,0,LOST,input_timeout,0.000,0.000,deg/s,joint_states,,,,,,,,,,,,,
assignment2_mock_20261007_123707,15.987,1791344246.756406,270,1791344245.856781,camera_color_optical_frame,1,-0.4000,0.0000,0.05000,0.898,0,LOST,input_timeout,0.000,0.000,deg/s,joint_states,,,,,,,,,,,,,
assignment2_mock_20261007_123707,16.007,1791344246.776423,270,1791344245.856781,camera_color_optical_frame,1,-0.4000,0.0000,0.05000,0.918,0,LOST,input_timeout,0.000,0.000,deg/s,joint_states,,,,,,,,,,,,,
assignment2_mock_20261007_123707,16.027,1791344246.796459,270,1791344245.856781,camera_color_optical_frame,1,-0.4000,0.0000,0.05000,0.938,0,LOST,input_timeout,0.000,0.000,deg/s,joint_states,,,,,,,,,,,,,
assignment2_mock_20261007_123707,16.047,1791344246.816264,270,1791344245.856781,camera_color_optical_frame,1,-0.4000,0.0000,0.05000,0.958,0,LOST,input_timeout,0.000,0.000,deg/s,joint_states,,,,,,,,,,,,,
assignment2_mock_20261007_123707,16.068,1791344246.837314,270,1791344245.856781,camera_color_optical_frame,1,-0.4000,0.0000,0.05000,0.978,0,LOST,input_timeout,0.000,0.000,deg/s,joint_states,,,,,,,,,,,,,
assignment2_mock_20261007_123707,16.087,1791344246.856089,270,1791344245.856781,camera_color_optical_frame,1,-0.4000,0.0000,0.05000,0.998,0,LOST,input_timeout,0.000,0.000,deg/s,joint_states,,,,,,,,,,,,,
assignment2_mock_20261007_123707,16.107,1791344246.876231,270,1791344245.856781,camera_color_optical_frame,1,-0.4000,0.0000,0.05000,1.018,0,LOST,input_timeout,0.000,0.000,deg/s,joint_states,,,,,,,,,,,,,
assignment2_mock_20261007_123707,16.127,1791344246.896543,270,1791344245.856781,camera_color_optical_frame,1,-0.4000,0.0000,0.05000,1.038,0,LOST,input_timeout,0.000,0.000,deg/s,joint_states,,,,,,,,,,,,,
assignment2_mock_20261007_123707,16.148,1791344246.917491,270,1791344245.856781,camera_color_optical_frame,1,-0.4000,0.0000,0.05000,1.058,0,LOST,input_timeout,0.000,0.000,deg/s,joint_states,,,,,,,,,,,,,
assignment2_mock_20261007_123707,16.168,1791344246.937317,270,1791344245.856781,camera_color_optical_frame,1,-0.4000,0.0000,0.05000,1.078,0,LOST,input_timeout,0.000,0.000,deg/s,joint_states,,,,,,,,,,,,,
assignment2_mock_20261007_123707,16.187,1791344246.956126,270,1791344245.856781,camera_color_optical_frame,1,-0.4000,0.0000,0.05000,1.098,0,LOST,input_timeout,0.000,0.000,deg/s,joint_states,,,,,,,,,,,,,
assignment2_mock_20261007_123707,16.207,1791344246.976143,270,1791344245.856781,camera_color_optical_frame,1,-0.4000,0.0000,0.05000,1.118,0,LOST,input_timeout,0.000,0.000,deg/s,joint_states,,,,,,,,,,,,,
assignment2_mock_20261007_123707,16.227,1791344246.996150,270,1791344245.856781,camera_color_optical_frame,1,-0.4000,0.0000,0.05000,1.138,0,LOST,input_timeout,0.000,0.000,deg/s,joint_states,,,,,,,,,,,,,
assignment2_mock_20261007_123707,16.248,1791344247.017486,270,1791344245.856781,camera_color_optical_frame,1,-0.4000,0.0000,0.05000,1.158,0,LOST,input_timeout,0.000,0.000,deg/s,joint_states,,,,,,,,,,,,,
assignment2_mock_20261007_123707,16.268,1791344247.037272,270,1791344245.856781,camera_color_optical_frame,1,-0.4000,0.0000,0.05000,1.178,0,LOST,input_timeout,0.000,0.000,deg/s,joint_states,,,,,,,,,,,,,
assignment2_mock_20261007_123707,16.287,1791344247.056082,270,1791344245.856781,camera_color_optical_frame,1,-0.4000,0.0000,0.05000,1.198,0,LOST,input_timeout,0.000,0.000,deg/s,joint_states,,,,,,,,,,,,,
assignment2_mock_20261007_123707,16.307,1791344247.076457,270,1791344245.856781,camera_color_optical_frame,1,-0.4000,0.0000,0.05000,1.218,0,LOST,input_timeout,0.000,0.000,deg/s,joint_states,,,,,,,,,,,,,
assignment2_mock_20261007_123707,16.328,1791344247.097304,270,1791344245.856781,camera_color_optical_frame,1,-0.4000,0.0000,0.05000,1.238,0,LOST,input_timeout,0.000,0.000,deg/s,joint_states,,,,,,,,,,,,,
assignment2_mock_20261007_123707,16.348,1791344247.116684,270,1791344245.856781,camera_color_optical_frame,1,-0.4000,0.0000,0.05000,1.258,0,LOST,input_timeout,0.000,0.000,deg/s,joint_states,,,,,,,,,,,,,
assignment2_mock_20261007_123707,16.367,1791344247.136198,270,1791344245.856781,camera_color_optical_frame,1,-0.4000,0.0000,0.05000,1.278,0,LOST,input_timeout,0.000,0.000,deg/s,joint_states,,,,,,,,,,,,,
assignment2_mock_20261007_123707,16.388,1791344247.157288,270,1791344245.856781,camera_color_optical_frame,1,-0.4000,0.0000,0.05000,1.298,0,LOST,input_timeout,0.000,0.000,deg/s,joint_states,,,,,,,,,,,,,
assignment2_mock_20261007_123707,16.407,1791344247.176061,270,1791344245.856781,camera_color_optical_frame,1,-0.4000,0.0000,0.05000,1.318,0,LOST,input_timeout,0.000,0.000,deg/s,joint_states,,,,,,,,,,,,,
assignment2_mock_20261007_123707,16.427,1791344247.196499,270,1791344245.856781,camera_color_optical_frame,1,-0.4000,0.0000,0.05000,1.338,0,LOST,input_timeout,0.000,0.000,deg/s,joint_states,,,,,,,,,,,,,
assignment2_mock_20261007_123707,16.447,1791344247.216235,270,1791344245.856781,camera_color_optical_frame,1,-0.4000,0.0000,0.05000,1.358,0,LOST,input_timeout,0.000,0.000,deg/s,joint_states,,,,,,,,,,,,,
assignment2_mock_20261007_123707,16.467,1791344247.236076,270,1791344245.856781,camera_color_optical_frame,1,-0.4000,0.0000,0.05000,1.378,0,LOST,input_timeout,0.000,0.000,deg/s,joint_states,,,,,,,,,,,,,
assignment2_mock_20261007_123707,16.487,1791344247.256149,270,1791344245.856781,camera_color_optical_frame,1,-0.4000,0.0000,0.05000,1.398,0,LOST,input_timeout,0.000,0.000,deg/s,joint_states,,,,,,,,,,,,,
assignment2_mock_20261007_123707,16.508,1791344247.277353,270,1791344245.856781,camera_color_optical_frame,1,-0.4000,0.0000,0.05000,1.418,0,LOST,input_timeout,0.000,0.000,deg/s,joint_states,,,,,,,,,,,,,
assignment2_mock_20261007_123707,16.528,1791344247.296831,270,1791344245.856781,camera_color_optical_frame,1,-0.4000,0.0000,0.05000,1.438,0,LOST,input_timeout,0.000,0.000,deg/s,joint_states,,,,,,,,,,,,,
assignment2_mock_20261007_123707,16.548,1791344247.317394,270,1791344245.856781,camera_color_optical_frame,1,-0.4000,0.0000,0.05000,1.458,0,LOST,input_timeout,0.000,0.000,deg/s,joint_states,,,,,,,,,,,,,
assignment2_mock_20261007_123707,16.567,1791344247.336578,270,1791344245.856781,camera_color_optical_frame,1,-0.4000,0.0000,0.05000,1.478,0,LOST,input_timeout,0.000,0.000,deg/s,joint_states,,,,,,,,,,,,,
assignment2_mock_20261007_123707,16.587,1791344247.356246,270,1791344245.856781,camera_color_optical_frame,1,-0.4000,0.0000,0.05000,1.498,0,LOST,input_timeout,0.000,0.000,deg/s,joint_states,,,,,,,,,,,,,
assignment2_mock_20261007_123707,16.608,1791344247.377043,270,1791344245.856781,camera_color_optical_frame,1,-0.4000,0.0000,0.05000,1.518,0,LOST,input_timeout,0.000,0.000,deg/s,joint_states,,,,,,,,,,,,,
assignment2_mock_20261007_123707,16.627,1791344247.396283,270,1791344245.856781,camera_color_optical_frame,1,-0.4000,0.0000,0.05000,1.538,0,LOST,input_timeout,0.000,0.000,deg/s,joint_states,,,,,,,,,,,,,
assignment2_mock_20261007_123707,16.647,1791344247.416379,270,1791344245.856781,camera_color_optical_frame,1,-0.4000,0.0000,0.05000,1.558,0,LOST,input_timeout,0.000,0.000,deg/s,joint_states,,,,,,,,,,,,,
assignment2_mock_20261007_123707,16.667,1791344247.436088,270,1791344245.856781,camera_color_optical_frame,1,-0.4000,0.0000,0.05000,1.578,0,LOST,input_timeout,0.000,0.000,deg/s,joint_states,,,,,,,,,,,,,
assignment2_mock_20261007_123707,16.687,1791344247.456161,270,1791344245.856781,camera_color_optical_frame,1,-0.4000,0.0000,0.05000,1.598,0,LOST,input_timeout,0.000,0.000,deg/s,joint_states,,,,,,,,,,,,,
assignment2_mock_20261007_123707,16.707,1791344247.476756,270,1791344245.856781,camera_color_optical_frame,1,-0.4000,0.0000,0.05000,1.618,0,LOST,input_timeout,0.000,0.000,deg/s,joint_states,,,,,,,,,,,,,
assignment2_mock_20261007_123707,16.727,1791344247.496095,270,1791344245.856781,camera_color_optical_frame,1,-0.4000,0.0000,0.05000,1.638,0,LOST,input_timeout,0.000,0.000,deg/s,joint_states,,,,,,,,,,,,,
assignment2_mock_20261007_123707,16.748,1791344247.517161,270,1791344245.856781,camera_color_optical_frame,1,-0.4000,0.0000,0.05000,1.658,0,LOST,input_timeout,0.000,0.000,deg/s,joint_states,,,,,,,,,,,,,
assignment2_mock_20261007_123707,16.767,1791344247.536064,270,1791344245.856781,camera_color_optical_frame,1,-0.4000,0.0000,0.05000,1.678,0,LOST,input_timeout,0.000,0.000,deg/s,joint_states,,,,,,,,,,,,,
assignment2_mock_20261007_123707,16.787,1791344247.556474,270,1791344245.856781,camera_color_optical_frame,1,-0.4000,0.0000,0.05000,1.698,0,LOST,input_timeout,0.000,0.000,deg/s,joint_states,,,,,,,,,,,,,
assignment2_mock_20261007_123707,16.808,1791344247.576672,270,1791344245.856781,camera_color_optical_frame,1,-0.4000,0.0000,0.05000,1.718,0,LOST,input_timeout,0.000,0.000,deg/s,joint_states,,,,,,,,,,,,,
assignment2_mock_20261007_123707,16.827,1791344247.596157,270,1791344245.856781,camera_color_optical_frame,1,-0.4000,0.0000,0.05000,1.738,0,LOST,input_timeout,0.000,0.000,deg/s,joint_states,,,,,,,,,,,,,
assignment2_mock_20261007_123707,16.848,1791344247.617414,270,1791344245.856781,camera_color_optical_frame,1,-0.4000,0.0000,0.05000,1.758,0,LOST,input_timeout,0.000,0.000,deg/s,joint_states,,,,,,,,,,,,,
assignment2_mock_20261007_123707,16.868,1791344247.637290,270,1791344245.856781,camera_color_optical_frame,1,-0.4000,0.0000,0.05000,1.778,0,LOST,input_timeout,0.000,0.000,deg/s,joint_states,,,,,,,,,,,,,
assignment2_mock_20261007_123707,16.887,1791344247.656058,270,1791344245.856781,camera_color_optical_frame,1,-0.4000,0.0000,0.05000,1.798,0,LOST,input_timeout,0.000,0.000,deg/s,joint_states,,,,,,,,,,,,,
assignment2_mock_20261007_123707,16.907,1791344247.676456,270,1791344245.856781,camera_color_optical_frame,1,-0.4000,0.0000,0.05000,1.818,0,LOST,input_timeout,0.000,0.000,deg/s,joint_states,,,,,,,,,,,,,
assignment2_mock_20261007_123707,16.927,1791344247.696600,270,1791344245.856781,camera_color_optical_frame,1,-0.4000,0.0000,0.05000,1.838,0,LOST,input_timeout,0.000,0.000,deg/s,joint_states,,,,,,,,,,,,,
assignment2_mock_20261007_123707,16.948,1791344247.717472,270,1791344245.856781,camera_color_optical_frame,1,-0.4000,0.0000,0.05000,1.858,0,LOST,input_timeout,0.000,0.000,deg/s,joint_states,,,,,,,,,,,,,
assignment2_mock_20261007_123707,16.968,1791344247.737390,270,1791344245.856781,camera_color_optical_frame,1,-0.4000,0.0000,0.05000,1.878,0,LOST,input_timeout,0.000,0.000,deg/s,joint_states,,,,,,,,,,,,,
assignment2_mock_20261007_123707,16.987,1791344247.756061,270,1791344245.856781,camera_color_optical_frame,1,-0.4000,0.0000,0.05000,1.898,0,LOST,input_timeout,0.000,0.000,deg/s,joint_states,,,,,,,,,,,,,
assignment2_mock_20261007_123707,17.007,1791344247.776464,270,1791344245.856781,camera_color_optical_frame,1,-0.4000,0.0000,0.05000,1.918,0,LOST,input_timeout,0.000,0.000,deg/s,joint_states,,,,,,,,,,,,,
assignment2_mock_20261007_123707,17.028,1791344247.796719,270,1791344245.856781,camera_color_optical_frame,1,-0.4000,0.0000,0.05000,1.938,0,LOST,input_timeout,0.000,0.000,deg/s,joint_states,,,,,,,,,,,,,
assignment2_mock_20261007_123707,17.048,1791344247.816827,270,1791344245.856781,camera_color_optical_frame,1,-0.4000,0.0000,0.05000,1.958,0,LOST,input_timeout,0.000,0.000,deg/s,joint_states,,,,,,,,,,,,,
assignment2_mock_20261007_123707,17.067,1791344247.836143,270,1791344245.856781,camera_color_optical_frame,1,-0.4000,0.0000,0.05000,1.978,0,LOST,input_timeout,0.000,0.000,deg/s,joint_states,,,,,,,,,,,,,
assignment2_mock_20261007_123707,17.087,1791344247.856463,270,1791344245.856781,camera_color_optical_frame,1,-0.4000,0.0000,0.05000,1.998,0,LOST,input_timeout,0.000,0.000,deg/s,joint_states,,,,,,,,,,,,,
assignment2_mock_20261007_123707,17.107,1791344247.876095,270,1791344245.856781,camera_color_optical_frame,1,-0.4000,0.0000,0.05000,2.018,0,LOST,input_timeout,0.000,0.000,deg/s,joint_states,,,,,,,,,,,,,
assignment2_mock_20261007_123707,17.128,1791344247.897413,270,1791344245.856781,camera_color_optical_frame,1,-0.4000,0.0000,0.05000,2.038,0,LOST,input_timeout,0.000,0.000,deg/s,joint_states,,,,,,,,,,,,,
assignment2_mock_20261007_123707,17.147,1791344247.916456,270,1791344245.856781,camera_color_optical_frame,1,-0.4000,0.0000,0.05000,2.058,0,LOST,input_timeout,0.000,0.000,deg/s,joint_states,,,,,,,,,,,,,
assignment2_mock_20261007_123707,17.167,1791344247.936158,270,1791344245.856781,camera_color_optical_frame,1,-0.4000,0.0000,0.05000,2.078,0,LOST,input_timeout,0.000,0.000,deg/s,joint_states,,,,,,,,,,,,,
assignment2_mock_20261007_123707,17.187,1791344247.956387,270,1791344245.856781,camera_color_optical_frame,1,-0.4000,0.0000,0.05000,2.098,0,LOST,input_timeout,0.000,0.000,deg/s,joint_states,,,,,,,,,,,,,
assignment2_mock_20261007_123707,17.207,1791344247.976460,270,1791344245.856781,camera_color_optical_frame,1,-0.4000,0.0000,0.05000,2.118,0,LOST,input_timeout,0.000,0.000,deg/s,joint_states,,,,,,,,,,,,,
assignment2_mock_20261007_123707,17.228,1791344247.996718,270,1791344245.856781,camera_color_optical_frame,1,-0.4000,0.0000,0.05000,2.138,0,LOST,input_timeout,0.000,0.000,deg/s,joint_states,,,,,,,,,,,,,
assignment2_mock_20261007_123707,17.248,1791344248.017443,270,1791344245.856781,camera_color_optical_frame,1,-0.4000,0.0000,0.05000,2.158,0,LOST,input_timeout,0.000,0.000,deg/s,joint_states,,,,,,,,,,,,,
assignment2_mock_20261007_123707,17.268,1791344248.037311,270,1791344245.856781,camera_color_optical_frame,1,-0.4000,0.0000,0.05000,2.178,0,LOST,input_timeout,0.000,0.000,deg/s,joint_states,,,,,,,,,,,,,
assignment2_mock_20261007_123707,17.288,1791344248.057384,270,1791344245.856781,camera_color_optical_frame,1,-0.4000,0.0000,0.05000,2.198,0,LOST,input_timeout,0.000,0.000,deg/s,joint_states,,,,,,,,,,,,,
assignment2_mock_20261007_123707,17.308,1791344248.077332,270,1791344245.856781,camera_color_optical_frame,1,-0.4000,0.0000,0.05000,2.218,0,LOST,input_timeout,0.000,0.000,deg/s,joint_states,,,,,,,,,,,,,
assignment2_mock_20261007_123707,17.328,1791344248.097372,270,1791344245.856781,camera_color_optical_frame,1,-0.4000,0.0000,0.05000,2.238,0,LOST,input_timeout,0.000,0.000,deg/s,joint_states,,,,,,,,,,,,,
assignment2_mock_20261007_123707,17.348,1791344248.117345,270,1791344245.856781,camera_color_optical_frame,1,-0.4000,0.0000,0.05000,2.258,0,LOST,input_timeout,0.000,0.000,deg/s,joint_states,,,,,,,,,,,,,
assignment2_mock_20261007_123707,17.368,1791344248.137389,270,1791344245.856781,camera_color_optical_frame,1,-0.4000,0.0000,0.05000,2.278,0,LOST,input_timeout,0.000,0.000,deg/s,joint_states,,,,,,,,,,,,,
assignment2_mock_20261007_123707,17.387,1791344248.156089,270,1791344245.856781,camera_color_optical_frame,1,-0.4000,0.0000,0.05000,2.298,0,LOST,input_timeout,0.000,0.000,deg/s,joint_states,,,,,,,,,,,,,
assignment2_mock_20261007_123707,17.407,1791344248.176475,270,1791344245.856781,camera_color_optical_frame,1,-0.4000,0.0000,0.05000,2.318,0,LOST,input_timeout,0.000,0.000,deg/s,joint_states,,,,,,,,,,,,,
assignment2_mock_20261007_123707,17.427,1791344248.196303,270,1791344245.856781,camera_color_optical_frame,1,-0.4000,0.0000,0.05000,2.338,0,LOST,input_timeout,0.000,0.000,deg/s,joint_states,,,,,,,,,,,,,
assignment2_mock_20261007_123707,17.448,1791344248.217349,270,1791344245.856781,camera_color_optical_frame,1,-0.4000,0.0000,0.05000,2.358,0,LOST,input_timeout,0.000,0.000,deg/s,joint_states,,,,,,,,,,,,,
assignment2_mock_20261007_123707,17.468,1791344248.237251,270,1791344245.856781,camera_color_optical_frame,1,-0.4000,0.0000,0.05000,2.378,0,LOST,input_timeout,0.000,0.000,deg/s,joint_states,,,,,,,,,,,,,
assignment2_mock_20261007_123707,17.487,1791344248.256093,270,1791344245.856781,camera_color_optical_frame,1,-0.4000,0.0000,0.05000,2.398,0,LOST,input_timeout,0.000,0.000,deg/s,joint_states,,,,,,,,,,,,,
assignment2_mock_20261007_123707,17.507,1791344248.276163,270,1791344245.856781,camera_color_optical_frame,1,-0.4000,0.0000,0.05000,2.418,0,LOST,input_timeout,0.000,0.000,deg/s,joint_states,,,,,,,,,,,,,
assignment2_mock_20261007_123707,17.528,1791344248.297041,270,1791344245.856781,camera_color_optical_frame,1,-0.4000,0.0000,0.05000,2.438,0,LOST,input_timeout,0.000,0.000,deg/s,joint_states,,,,,,,,,,,,,
assignment2_mock_20261007_123707,17.548,1791344248.317351,270,1791344245.856781,camera_color_optical_frame,1,-0.4000,0.0000,0.05000,2.458,0,LOST,input_timeout,0.000,0.000,deg/s,joint_states,,,,,,,,,,,,,
assignment2_mock_20261007_123707,17.568,1791344248.337386,270,1791344245.856781,camera_color_optical_frame,1,-0.4000,0.0000,0.05000,2.478,0,LOST,input_timeout,0.000,0.000,deg/s,joint_states,,,,,,,,,,,,,
assignment2_mock_20261007_123707,17.587,1791344248.356135,270,1791344245.856781,camera_color_optical_frame,1,-0.4000,0.0000,0.05000,2.498,0,LOST,input_timeout,0.000,0.000,deg/s,joint_states,,,,,,,,,,,,,
assignment2_mock_20261007_123707,17.607,1791344248.376163,270,1791344245.856781,camera_color_optical_frame,1,-0.4000,0.0000,0.05000,2.518,0,LOST,input_timeout,0.000,0.000,deg/s,joint_states,,,,,,,,,,,,,
assignment2_mock_20261007_123707,17.628,1791344248.397325,270,1791344245.856781,camera_color_optical_frame,1,-0.4000,0.0000,0.05000,2.538,0,LOST,input_timeout,0.000,0.000,deg/s,joint_states,,,,,,,,,,,,,
assignment2_mock_20261007_123707,17.648,1791344248.417282,271,1791344248.398286,camera_color_optical_frame,0,0.0000,0.0000,0.00000,0.016,0,LOST,no_detection,0.000,0.000,deg/s,joint_states,,,,,,,,,,,,,
assignment2_mock_20261007_123707,17.667,1791344248.436068,271,1791344248.398286,camera_color_optical_frame,0,0.0000,0.0000,0.00000,0.035,0,LOST,no_detection,0.000,0.000,deg/s,joint_states,,,,,,,,,,,,,
assignment2_mock_20261007_123707,17.688,1791344248.456951,272,1791344248.436487,camera_color_optical_frame,0,0.0000,0.0000,0.00000,0.019,0,LOST,no_detection,0.000,0.000,deg/s,joint_states,,,,,,,,,,,,,
assignment2_mock_20261007_123707,17.707,1791344248.476061,272,1791344248.436487,camera_color_optical_frame,0,0.0000,0.0000,0.00000,0.038,0,LOST,no_detection,0.000,0.000,deg/s,joint_states,,,,,,,,,,,,,
assignment2_mock_20261007_123707,17.728,1791344248.496989,273,1791344248.476471,camera_color_optical_frame,0,0.0000,0.0000,0.00000,0.019,0,LOST,no_detection,0.000,0.000,deg/s,joint_states,,,,,,,,,,,,,
assignment2_mock_20261007_123707,17.748,1791344248.517487,273,1791344248.476471,camera_color_optical_frame,0,0.0000,0.0000,0.00000,0.039,0,LOST,no_detection,0.000,0.000,deg/s,joint_states,,,,,,,,,,,,,
assignment2_mock_20261007_123707,17.768,1791344248.537265,274,1791344248.518239,camera_color_optical_frame,0,0.0000,0.0000,0.00000,0.016,0,LOST,no_detection,0.000,0.000,deg/s,joint_states,,,,,,,,,,,,,
assignment2_mock_20261007_123707,17.788,1791344248.556656,275,1791344248.538042,camera_color_optical_frame,0,0.0000,0.0000,0.00000,0.016,0,LOST,no_detection,0.000,0.000,deg/s,joint_states,,,,,,,,,,,,,
assignment2_mock_20261007_123707,17.807,1791344248.576133,275,1791344248.538042,camera_color_optical_frame,0,0.0000,0.0000,0.00000,0.035,0,LOST,no_detection,0.000,0.000,deg/s,joint_states,,,,,,,,,,,,,
assignment2_mock_20261007_123707,17.828,1791344248.597297,276,1791344248.576508,camera_color_optical_frame,0,0.0000,0.0000,0.00000,0.019,0,LOST,no_detection,0.000,0.000,deg/s,joint_states,,,,,,,,,,,,,
assignment2_mock_20261007_123707,17.848,1791344248.617283,276,1791344248.576508,camera_color_optical_frame,0,0.0000,0.0000,0.00000,0.039,0,LOST,no_detection,0.000,0.000,deg/s,joint_states,,,,,,,,,,,,,
assignment2_mock_20261007_123707,17.868,1791344248.637326,277,1791344248.618060,camera_color_optical_frame,0,0.0000,0.0000,0.00000,0.016,0,LOST,no_detection,0.000,0.000,deg/s,joint_states,,,,,,,,,,,,,
assignment2_mock_20261007_123707,17.888,1791344248.657264,278,1791344248.638164,camera_color_optical_frame,0,0.0000,0.0000,0.00000,0.016,0,LOST,no_detection,0.000,0.000,deg/s,joint_states,,,,,,,,,,,,,
assignment2_mock_20261007_123707,17.907,1791344248.676056,278,1791344248.638164,camera_color_optical_frame,0,0.0000,0.0000,0.00000,0.035,0,LOST,no_detection,0.000,0.000,deg/s,joint_states,,,,,,,,,,,,,
assignment2_mock_20261007_123707,17.928,1791344248.697257,279,1791344248.676464,camera_color_optical_frame,0,0.0000,0.0000,0.00000,0.019,0,LOST,no_detection,0.000,0.000,deg/s,joint_states,,,,,,,,,,,,,
assignment2_mock_20261007_123707,17.948,1791344248.716599,279,1791344248.676464,camera_color_optical_frame,0,0.0000,0.0000,0.00000,0.038,0,LOST,no_detection,0.000,0.000,deg/s,joint_states,,,,,,,,,,,,,
assignment2_mock_20261007_123707,17.968,1791344248.736978,280,1791344248.717366,camera_color_optical_frame,0,0.0000,0.0000,0.00000,0.016,0,LOST,no_detection,0.000,0.000,deg/s,joint_states,,,,,,,,,,,,,
assignment2_mock_20261007_123707,17.988,1791344248.756784,281,1791344248.737722,camera_color_optical_frame,0,0.0000,0.0000,0.00000,0.016,0,LOST,no_detection,0.000,0.000,deg/s,joint_states,,,,,,,,,,,,,
assignment2_mock_20261007_123707,18.007,1791344248.776177,281,1791344248.737722,camera_color_optical_frame,0,0.0000,0.0000,0.00000,0.036,0,LOST,no_detection,0.000,0.000,deg/s,joint_states,,,,,,,,,,,,,
assignment2_mock_20261007_123707,18.028,1791344248.797034,282,1791344248.776571,camera_color_optical_frame,0,0.0000,0.0000,0.00000,0.018,0,LOST,no_detection,0.000,0.000,deg/s,joint_states,,,,,,,,,,,,,
assignment2_mock_20261007_123707,18.048,1791344248.817370,282,1791344248.776571,camera_color_optical_frame,0,0.0000,0.0000,0.00000,0.039,0,LOST,no_detection,0.000,0.000,deg/s,joint_states,,,,,,,,,,,,,
assignment2_mock_20261007_123707,18.067,1791344248.836521,283,1791344248.818187,camera_color_optical_frame,0,0.0000,0.0000,0.00000,0.015,0,LOST,no_detection,0.000,0.000,deg/s,joint_states,,,,,,,,,,,,,
assignment2_mock_20261007_123707,18.087,1791344248.856075,284,1791344248.837044,camera_color_optical_frame,0,0.0000,0.0000,0.00000,0.017,0,LOST,no_detection,0.000,0.000,deg/s,joint_states,,,,,,,,,,,,,
assignment2_mock_20261007_123707,18.107,1791344248.876167,284,1791344248.837044,camera_color_optical_frame,0,0.0000,0.0000,0.00000,0.037,0,LOST,no_detection,0.000,0.000,deg/s,joint_states,,,,,,,,,,,,,
assignment2_mock_20261007_123707,18.127,1791344248.896345,285,1791344248.876538,camera_color_optical_frame,0,0.0000,0.0000,0.00000,0.018,0,LOST,no_detection,0.000,0.000,deg/s,joint_states,,,,,,,,,,,,,
assignment2_mock_20261007_123707,18.148,1791344248.917264,285,1791344248.876538,camera_color_optical_frame,0,0.0000,0.0000,0.00000,0.038,0,LOST,no_detection,0.000,0.000,deg/s,joint_states,,,,,,,,,,,,,
assignment2_mock_20261007_123707,18.168,1791344248.937315,286,1791344248.918221,camera_color_optical_frame,0,0.0000,0.0000,0.00000,0.016,0,LOST,no_detection,0.000,0.000,deg/s,joint_states,,,,,,,,,,,,,
assignment2_mock_20261007_123707,18.187,1791344248.956307,287,1791344248.938091,camera_color_optical_frame,0,0.0000,0.0000,0.00000,0.015,0,LOST,no_detection,0.000,0.000,deg/s,joint_states,,,,,,,,,,,,,
assignment2_mock_20261007_123707,18.207,1791344248.976088,287,1791344248.938091,camera_color_optical_frame,0,0.0000,0.0000,0.00000,0.035,0,LOST,no_detection,0.000,0.000,deg/s,joint_states,,,,,,,,,,,,,
assignment2_mock_20261007_123707,18.228,1791344248.997409,288,1791344248.976505,camera_color_optical_frame,0,0.0000,0.0000,0.00000,0.018,0,LOST,no_detection,0.000,0.000,deg/s,joint_states,,,,,,,,,,,,,
assignment2_mock_20261007_123707,18.247,1791344249.016423,289,1791344248.998285,camera_color_optical_frame,0,0.0000,0.0000,0.00000,0.016,0,LOST,no_detection,0.000,0.000,deg/s,joint_states,,,,,,,,,,,,,
assignment2_mock_20261007_123707,18.267,1791344249.036141,289,1791344248.998285,camera_color_optical_frame,0,0.0000,0.0000,0.00000,0.036,0,LOST,no_detection,0.000,0.000,deg/s,joint_states,,,,,,,,,,,,,
assignment2_mock_20261007_123707,18.287,1791344249.056383,290,1791344249.036523,camera_color_optical_frame,0,0.0000,0.0000,0.00000,0.018,0,LOST,no_detection,0.000,0.000,deg/s,joint_states,,,,,,,,,,,,,
assignment2_mock_20261007_123707,18.307,1791344249.076477,290,1791344249.036523,camera_color_optical_frame,0,0.0000,0.0000,0.00000,0.038,0,LOST,no_detection,0.000,0.000,deg/s,joint_states,,,,,,,,,,,,,
assignment2_mock_20261007_123707,18.327,1791344249.096483,291,1791344249.076930,camera_color_optical_frame,0,0.0000,0.0000,0.00000,0.017,0,LOST,no_detection,0.000,0.000,deg/s,joint_states,,,,,,,,,,,,,
assignment2_mock_20261007_123707,18.348,1791344249.117494,291,1791344249.076930,camera_color_optical_frame,0,0.0000,0.0000,0.00000,0.038,0,LOST,no_detection,0.000,0.000,deg/s,joint_states,,,,,,,,,,,,,
assignment2_mock_20261007_123707,18.368,1791344249.137424,292,1791344249.118350,camera_color_optical_frame,0,0.0000,0.0000,0.00000,0.016,0,LOST,no_detection,0.000,0.000,deg/s,joint_states,,,,,,,,,,,,,
assignment2_mock_20261007_123707,18.388,1791344249.157393,293,1791344249.138168,camera_color_optical_frame,0,0.0000,0.0000,0.00000,0.016,0,LOST,no_detection,0.000,0.000,deg/s,joint_states,,,,,,,,,,,,,
assignment2_mock_20261007_123707,18.407,1791344249.176067,293,1791344249.138168,camera_color_optical_frame,0,0.0000,0.0000,0.00000,0.035,0,LOST,no_detection,0.000,0.000,deg/s,joint_states,,,,,,,,,,,,,
assignment2_mock_20261007_123707,18.428,1791344249.197299,294,1791344249.176472,camera_color_optical_frame,0,0.0000,0.0000,0.00000,0.019,0,LOST,no_detection,0.000,0.000,deg/s,joint_states,,,,,,,,,,,,,
assignment2_mock_20261007_123707,18.448,1791344249.217018,294,1791344249.176472,camera_color_optical_frame,0,0.0000,0.0000,0.00000,0.039,0,LOST,no_detection,0.000,0.000,deg/s,joint_states,,,,,,,,,,,,,
assignment2_mock_20261007_123707,18.467,1791344249.236086,295,1791344249.217782,camera_color_optical_frame,0,0.0000,0.0000,0.00000,0.016,0,LOST,no_detection,0.000,0.000,deg/s,joint_states,,,,,,,,,,,,,
assignment2_mock_20261007_123707,18.487,1791344249.256311,296,1791344249.236507,camera_color_optical_frame,0,0.0000,0.0000,0.00000,0.018,0,LOST,no_detection,0.000,0.000,deg/s,joint_states,,,,,,,,,,,,,
assignment2_mock_20261007_123707,18.507,1791344249.276089,296,1791344249.236507,camera_color_optical_frame,0,0.0000,0.0000,0.00000,0.038,0,LOST,no_detection,0.000,0.000,deg/s,joint_states,,,,,,,,,,,,,
assignment2_mock_20261007_123707,18.527,1791344249.296210,297,1791344249.276502,camera_color_optical_frame,0,0.0000,0.0000,0.00000,0.018,0,LOST,no_detection,0.000,0.000,deg/s,joint_states,,,,,,,,,,,,,
assignment2_mock_20261007_123707,18.547,1791344249.316411,297,1791344249.276502,camera_color_optical_frame,0,0.0000,0.0000,0.00000,0.038,0,LOST,no_detection,0.000,0.000,deg/s,joint_states,,,,,,,,,,,,,
assignment2_mock_20261007_123707,18.567,1791344249.336333,298,1791344249.316876,camera_color_optical_frame,0,0.0000,0.0000,0.00000,0.018,0,LOST,no_detection,0.000,0.000,deg/s,joint_states,,,,,,,,,,,,,
assignment2_mock_20261007_123707,18.588,1791344249.357337,299,1791344249.336697,camera_color_optical_frame,0,0.0000,0.0000,0.00000,0.019,0,LOST,no_detection,0.000,0.000,deg/s,joint_states,,,,,,,,,,,,,
assignment2_mock_20261007_123707,18.608,1791344249.377048,299,1791344249.336697,camera_color_optical_frame,0,0.0000,0.0000,0.00000,0.038,0,LOST,no_detection,0.000,0.000,deg/s,joint_states,,,,,,,,,,,,,
assignment2_mock_20261007_123707,18.627,1791344249.396221,300,1791344249.377806,camera_color_optical_frame,0,0.0000,0.0000,0.00000,0.016,0,LOST,no_detection,0.000,0.000,deg/s,joint_states,,,,,,,,,,,,,
assignment2_mock_20261007_123707,18.648,1791344249.417284,300,1791344249.377806,camera_color_optical_frame,0,0.0000,0.0000,0.00000,0.036,0,LOST,no_detection,0.000,0.000,deg/s,joint_states,,,,,,,,,,,,,
assignment2_mock_20261007_123707,18.668,1791344249.437058,301,1791344249.417900,camera_color_optical_frame,0,0.0000,0.0000,0.00000,0.016,0,LOST,no_detection,0.000,0.000,deg/s,joint_states,,,,,,,,,,,,,
assignment2_mock_20261007_123707,18.688,1791344249.457363,302,1791344249.437803,camera_color_optical_frame,0,0.0000,0.0000,0.00000,0.017,0,LOST,no_detection,0.000,0.000,deg/s,joint_states,,,,,,,,,,,,,
assignment2_mock_20261007_123707,18.708,1791344249.476689,302,1791344249.437803,camera_color_optical_frame,0,0.0000,0.0000,0.00000,0.037,0,LOST,no_detection,0.000,0.000,deg/s,joint_states,,,,,,,,,,,,,
assignment2_mock_20261007_123707,18.728,1791344249.497350,303,1791344249.477155,camera_color_optical_frame,0,0.0000,0.0000,0.00000,0.018,0,LOST,no_detection,0.000,0.000,deg/s,joint_states,,,,,,,,,,,,,
assignment2_mock_20261007_123707,18.748,1791344249.517464,303,1791344249.477155,camera_color_optical_frame,0,0.0000,0.0000,0.00000,0.038,0,LOST,no_detection,0.000,0.000,deg/s,joint_states,,,,,,,,,,,,,
assignment2_mock_20261007_123707,18.767,1791344249.536490,304,1791344249.517896,camera_color_optical_frame,0,0.0000,0.0000,0.00000,0.017,0,LOST,no_detection,0.000,0.000,deg/s,joint_states,,,,,,,,,,,,,
assignment2_mock_20261007_123707,18.787,1791344249.556550,305,1791344249.537411,camera_color_optical_frame,0,0.0000,0.0000,0.00000,0.017,0,LOST,no_detection,0.000,0.000,deg/s,joint_states,,,,,,,,,,,,,
assignment2_mock_20261007_123707,18.808,1791344249.576946,305,1791344249.537411,camera_color_optical_frame,0,0.0000,0.0000,0.00000,0.037,0,LOST,no_detection,0.000,0.000,deg/s,joint_states,,,,,,,,,,,,,
assignment2_mock_20261007_123707,18.828,1791344249.597767,306,1791344249.577723,camera_color_optical_frame,0,0.0000,0.0000,0.00000,0.017,0,LOST,no_detection,0.000,0.000,deg/s,joint_states,,,,,,,,,,,,,
assignment2_mock_20261007_123707,18.847,1791344249.616455,306,1791344249.577723,camera_color_optical_frame,0,0.0000,0.0000,0.00000,0.036,0,LOST,no_detection,0.000,0.000,deg/s,joint_states,,,,,,,,,,,,,
assignment2_mock_20261007_123707,18.867,1791344249.636356,307,1791344249.616886,camera_color_optical_frame,0,0.0000,0.0000,0.00000,0.018,0,LOST,no_detection,0.000,0.000,deg/s,joint_states,,,,,,,,,,,,,
assignment2_mock_20261007_123707,18.887,1791344249.656402,308,1791344249.636747,camera_color_optical_frame,0,0.0000,0.0000,0.00000,0.018,0,LOST,no_detection,0.000,0.000,deg/s,joint_states,,,,,,,,,,,,,
assignment2_mock_20261007_123707,18.907,1791344249.676539,308,1791344249.636747,camera_color_optical_frame,0,0.0000,0.0000,0.00000,0.038,0,LOST,no_detection,0.000,0.000,deg/s,joint_states,,,,,,,,,,,,,
assignment2_mock_20261007_123707,18.927,1791344249.696391,309,1791344249.676934,camera_color_optical_frame,0,0.0000,0.0000,0.00000,0.017,0,LOST,no_detection,0.000,0.000,deg/s,joint_states,,,,,,,,,,,,,
assignment2_mock_20261007_123707,18.947,1791344249.716474,309,1791344249.676934,camera_color_optical_frame,0,0.0000,0.0000,0.00000,0.038,0,LOST,no_detection,0.000,0.000,deg/s,joint_states,,,,,,,,,,,,,
assignment2_mock_20261007_123707,18.967,1791344249.736330,310,1791344249.716872,camera_color_optical_frame,0,0.0000,0.0000,0.00000,0.016,0,LOST,no_detection,0.000,0.000,deg/s,joint_states,,,,,,,,,,,,,
assignment2_mock_20261007_123707,18.987,1791344249.756426,311,1791344249.736749,camera_color_optical_frame,0,0.0000,0.0000,0.00000,0.018,0,LOST,no_detection,0.000,0.000,deg/s,joint_states,,,,,,,,,,,,,
assignment2_mock_20261007_123707,19.007,1791344249.776862,311,1791344249.736749,camera_color_optical_frame,0,0.0000,0.0000,0.00000,0.038,0,LOST,no_detection,0.000,0.000,deg/s,joint_states,,,,,,,,,,,,,
assignment2_mock_20261007_123707,19.027,1791344249.796380,312,1791344249.777374,camera_color_optical_frame,0,0.0000,0.0000,0.00000,0.017,0,LOST,no_detection,0.000,0.000,deg/s,joint_states,,,,,,,,,,,,,
assignment2_mock_20261007_123707,19.047,1791344249.816333,312,1791344249.777374,camera_color_optical_frame,0,0.0000,0.0000,0.00000,0.037,0,LOST,no_detection,0.000,0.000,deg/s,joint_states,,,,,,,,,,,,,
assignment2_mock_20261007_123707,19.068,1791344249.837825,313,1791344249.816728,camera_color_optical_frame,0,0.0000,0.0000,0.00000,0.018,0,LOST,no_detection,0.000,0.000,deg/s,joint_states,,,,,,,,,,,,,
assignment2_mock_20261007_123707,19.088,1791344249.857507,314,1791344249.838208,camera_color_optical_frame,0,0.0000,0.0000,0.00000,0.016,0,LOST,no_detection,0.000,0.000,deg/s,joint_states,,,,,,,,,,,,,
assignment2_mock_20261007_123707,19.108,1791344249.876842,314,1791344249.838208,camera_color_optical_frame,0,0.0000,0.0000,0.00000,0.036,0,LOST,no_detection,0.000,0.000,deg/s,joint_states,,,,,,,,,,,,,
assignment2_mock_20261007_123707,19.127,1791344249.896621,315,1791344249.877405,camera_color_optical_frame,0,0.0000,0.0000,0.00000,0.017,0,LOST,no_detection,0.000,0.000,deg/s,joint_states,,,,,,,,,,,,,
assignment2_mock_20261007_123707,19.147,1791344249.916543,315,1791344249.877405,camera_color_optical_frame,0,0.0000,0.0000,0.00000,0.037,0,LOST,no_detection,0.000,0.000,deg/s,joint_states,,,,,,,,,,,,,
assignment2_mock_20261007_123707,19.167,1791344249.936295,316,1791344249.917015,camera_color_optical_frame,0,0.0000,0.0000,0.00000,0.017,0,LOST,no_detection,0.000,0.000,deg/s,joint_states,,,,,,,,,,,,,
assignment2_mock_20261007_123707,19.188,1791344249.956648,317,1791344249.936867,camera_color_optical_frame,0,0.0000,0.0000,0.00000,0.018,0,LOST,no_detection,0.000,0.000,deg/s,joint_states,,,,,,,,,,,,,
assignment2_mock_20261007_123707,19.208,1791344249.976684,317,1791344249.936867,camera_color_optical_frame,0,0.0000,0.0000,0.00000,0.038,0,LOST,no_detection,0.000,0.000,deg/s,joint_states,,,,,,,,,,,,,
assignment2_mock_20261007_123707,19.228,1791344249.996778,318,1791344249.977186,camera_color_optical_frame,0,0.0000,0.0000,0.00000,0.016,0,LOST,no_detection,0.000,0.000,deg/s,joint_states,,,,,,,,,,,,,
assignment2_mock_20261007_123707,19.247,1791344250.016535,318,1791344249.977186,camera_color_optical_frame,0,0.0000,0.0000,0.00000,0.036,0,LOST,no_detection,0.000,0.000,deg/s,joint_states,,,,,,,,,,,,,
assignment2_mock_20261007_123707,19.268,1791344250.036832,319,1791344250.017020,camera_color_optical_frame,0,0.0000,0.0000,0.00000,0.018,0,LOST,no_detection,0.000,0.000,deg/s,joint_states,,,,,,,,,,,,,
assignment2_mock_20261007_123707,19.288,1791344250.056731,320,1791344250.037443,camera_color_optical_frame,0,0.0000,0.0000,0.00000,0.017,0,LOST,no_detection,0.000,0.000,deg/s,joint_states,,,,,,,,,,,,,
assignment2_mock_20261007_123707,19.308,1791344250.076693,320,1791344250.037443,camera_color_optical_frame,0,0.0000,0.0000,0.00000,0.037,0,LOST,no_detection,0.000,0.000,deg/s,joint_states,,,,,,,,,,,,,
assignment2_mock_20261007_123707,19.328,1791344250.097060,321,1791344250.077273,camera_color_optical_frame,0,0.0000,0.0000,0.00000,0.017,0,LOST,no_detection,0.000,0.000,deg/s,joint_states,,,,,,,,,,,,,
assignment2_mock_20261007_123707,19.347,1791344250.116488,321,1791344250.077273,camera_color_optical_frame,0,0.0000,0.0000,0.00000,0.037,0,LOST,no_detection,0.000,0.000,deg/s,joint_states,,,,,,,,,,,,,
assignment2_mock_20261007_123707,19.368,1791344250.137347,322,1791344250.116973,camera_color_optical_frame,0,0.0000,0.0000,0.00000,0.018,0,LOST,no_detection,0.000,0.000,deg/s,joint_states,,,,,,,,,,,,,
assignment2_mock_20261007_123707,19.387,1791344250.156333,323,1791344250.138234,camera_color_optical_frame,0,0.0000,0.0000,0.00000,0.015,0,LOST,no_detection,0.000,0.000,deg/s,joint_states,,,,,,,,,,,,,
assignment2_mock_20261007_123707,19.408,1791344250.176656,323,1791344250.138234,camera_color_optical_frame,0,0.0000,0.0000,0.00000,0.035,0,LOST,no_detection,0.000,0.000,deg/s,joint_states,,,,,,,,,,,,,
assignment2_mock_20261007_123707,19.428,1791344250.197181,324,1791344250.177296,camera_color_optical_frame,0,0.0000,0.0000,0.00000,0.017,0,LOST,no_detection,0.000,0.000,deg/s,joint_states,,,,,,,,,,,,,
assignment2_mock_20261007_123707,19.448,1791344250.217035,324,1791344250.177296,camera_color_optical_frame,0,0.0000,0.0000,0.00000,0.037,0,LOST,no_detection,0.000,0.000,deg/s,joint_states,,,,,,,,,,,,,
assignment2_mock_20261007_123707,19.468,1791344250.236813,325,1791344250.217796,camera_color_optical_frame,0,0.0000,0.0000,0.00000,0.016,0,LOST,no_detection,0.000,0.000,deg/s,joint_states,,,,,,,,,,,,,
assignment2_mock_20261007_123707,19.488,1791344250.256661,326,1791344250.237622,camera_color_optical_frame,0,0.0000,0.0000,0.00000,0.017,0,LOST,no_detection,0.000,0.000,deg/s,joint_states,,,,,,,,,,,,,
assignment2_mock_20261007_123707,19.507,1791344250.276447,326,1791344250.237622,camera_color_optical_frame,0,0.0000,0.0000,0.00000,0.036,0,LOST,no_detection,0.000,0.000,deg/s,joint_states,,,,,,,,,,,,,
assignment2_mock_20261007_123707,19.527,1791344250.296357,327,1791344250.276952,camera_color_optical_frame,0,0.0000,0.0000,0.00000,0.017,0,LOST,no_detection,0.000,0.000,deg/s,joint_states,,,,,,,,,,,,,
assignment2_mock_20261007_123707,19.548,1791344250.317429,327,1791344250.276952,camera_color_optical_frame,0,0.0000,0.0000,0.00000,0.038,0,LOST,no_detection,0.000,0.000,deg/s,joint_states,,,,,,,,,,,,,
assignment2_mock_20261007_123707,19.568,1791344250.336683,328,1791344250.318327,camera_color_optical_frame,0,0.0000,0.0000,0.00000,0.016,0,LOST,no_detection,0.000,0.000,deg/s,joint_states,,,,,,,,,,,,,
assignment2_mock_20261007_123707,19.587,1791344250.356183,329,1791344250.337427,camera_color_optical_frame,0,0.0000,0.0000,0.00000,0.016,0,LOST,no_detection,0.000,0.000,deg/s,joint_states,,,,,,,,,,,,,
assignment2_mock_20261007_123707,19.608,1791344250.377437,329,1791344250.337427,camera_color_optical_frame,0,0.0000,0.0000,0.00000,0.036,0,LOST,no_detection,0.000,0.000,deg/s,joint_states,,,,,,,,,,,,,
assignment2_mock_20261007_123707,19.628,1791344250.397329,330,1791344250.378357,camera_color_optical_frame,0,0.0000,0.0000,0.00000,0.016,0,LOST,no_detection,0.000,0.000,deg/s,joint_states,,,,,,,,,,,,,
assignment2_mock_20261007_123707,19.648,1791344250.417500,330,1791344250.378357,camera_color_optical_frame,0,0.0000,0.0000,0.00000,0.036,0,LOST,no_detection,0.000,0.000,deg/s,joint_states,,,,,,,,,,,,,
assignment2_mock_20261007_123707,19.668,1791344250.437393,331,1791344250.418171,camera_color_optical_frame,0,0.0000,0.0000,0.00000,0.016,0,LOST,no_detection,0.000,0.000,deg/s,joint_states,,,,,,,,,,,,,
assignment2_mock_20261007_123707,19.688,1791344250.457308,332,1791344250.438054,camera_color_optical_frame,0,0.0000,0.0000,0.00000,0.016,0,LOST,no_detection,0.000,0.000,deg/s,joint_states,,,,,,,,,,,,,
assignment2_mock_20261007_123707,19.708,1791344250.477406,332,1791344250.438054,camera_color_optical_frame,0,0.0000,0.0000,0.00000,0.036,0,LOST,no_detection,0.000,0.000,deg/s,joint_states,,,,,,,,,,,,,
assignment2_mock_20261007_123707,19.728,1791344250.497311,333,1791344250.478198,camera_color_optical_frame,0,0.0000,0.0000,0.00000,0.015,0,LOST,no_detection,0.000,0.000,deg/s,joint_states,,,,,,,,,,,,,
assignment2_mock_20261007_123707,19.747,1791344250.516564,333,1791344250.478198,camera_color_optical_frame,0,0.0000,0.0000,0.00000,0.035,0,LOST,no_detection,0.000,0.000,deg/s,joint_states,,,,,,,,,,,,,
assignment2_mock_20261007_123707,19.768,1791344250.537029,334,1791344250.517175,camera_color_optical_frame,0,0.0000,0.0000,0.00000,0.016,0,LOST,no_detection,0.000,0.000,deg/s,joint_states,,,,,,,,,,,,,
assignment2_mock_20261007_123707,19.788,1791344250.556795,335,1791344250.537884,camera_color_optical_frame,0,0.0000,0.0000,0.00000,0.016,0,LOST,no_detection,0.000,0.000,deg/s,joint_states,,,,,,,,,,,,,
assignment2_mock_20261007_123707,19.807,1791344250.576158,335,1791344250.537884,camera_color_optical_frame,0,0.0000,0.0000,0.00000,0.035,0,LOST,no_detection,0.000,0.000,deg/s,joint_states,,,,,,,,,,,,,
assignment2_mock_20261007_123707,19.827,1791344250.596147,336,1791344250.576548,camera_color_optical_frame,0,0.0000,0.0000,0.00000,0.018,0,LOST,no_detection,0.000,0.000,deg/s,joint_states,,,,,,,,,,,,,
assignment2_mock_20261007_123707,19.847,1791344250.616372,336,1791344250.576548,camera_color_optical_frame,0,0.0000,0.0000,0.00000,0.038,0,LOST,no_detection,0.000,0.000,deg/s,joint_states,,,,,,,,,,,,,
assignment2_mock_20261007_123707,19.867,1791344250.636047,337,1791344250.616770,camera_color_optical_frame,0,0.0000,0.0000,0.00000,0.016,0,LOST,no_detection,0.000,0.000,deg/s,joint_states,,,,,,,,,,,,,
assignment2_mock_20261007_123707,19.888,1791344250.656983,338,1791344250.636473,camera_color_optical_frame,0,0.0000,0.0000,0.00000,0.019,0,LOST,no_detection,0.000,0.000,deg/s,joint_states,,,,,,,,,,,,,
assignment2_mock_20261007_123707,19.907,1791344250.676069,338,1791344250.636473,camera_color_optical_frame,0,0.0000,0.0000,0.00000,0.038,0,LOST,no_detection,0.000,0.000,deg/s,joint_states,,,,,,,,,,,,,
assignment2_mock_20261007_123707,19.928,1791344250.697400,339,1791344250.676478,camera_color_optical_frame,0,0.0000,0.0000,0.00000,0.019,0,LOST,no_detection,0.000,0.000,deg/s,joint_states,,,,,,,,,,,,,
assignment2_mock_20261007_123707,19.948,1791344250.717348,339,1791344250.676478,camera_color_optical_frame,0,0.0000,0.0000,0.00000,0.039,0,LOST,no_detection,0.000,0.000,deg/s,joint_states,,,,,,,,,,,,,
assignment2_mock_20261007_123707,19.968,1791344250.737306,340,1791344250.718276,camera_color_optical_frame,0,0.0000,0.0000,0.00000,0.016,0,LOST,no_detection,0.000,0.000,deg/s,joint_states,,,,,,,,,,,,,
assignment2_mock_20261007_123707,19.987,1791344250.756052,341,1791344250.738166,camera_color_optical_frame,0,0.0000,0.0000,0.00000,0.015,0,LOST,no_detection,0.000,0.000,deg/s,joint_states,,,,,,,,,,,,,
assignment2_mock_20261007_123707,20.007,1791344250.776472,341,1791344250.738166,camera_color_optical_frame,0,0.0000,0.0000,0.00000,0.035,0,LOST,no_detection,0.000,0.000,deg/s,joint_states,,,,,,,,,,,,,
assignment2_mock_20261007_123707,20.028,1791344250.797069,342,1791344250.776923,camera_color_optical_frame,0,0.0000,0.0000,0.00000,0.018,0,LOST,no_detection,0.000,0.000,deg/s,joint_states,,,,,,,,,,,,,
assignment2_mock_20261007_123707,20.047,1791344250.816073,342,1791344250.776923,camera_color_optical_frame,0,0.0000,0.0000,0.00000,0.037,0,LOST,no_detection,0.000,0.000,deg/s,joint_states,,,,,,,,,,,,,
assignment2_mock_20261007_123707,20.067,1791344250.836362,343,1791344250.816492,camera_color_optical_frame,0,0.0000,0.0000,0.00000,0.018,0,LOST,no_detection,0.000,0.000,deg/s,joint_states,,,,,,,,,,,,,
assignment2_mock_20261007_123707,20.088,1791344250.857306,344,1791344250.836765,camera_color_optical_frame,0,0.0000,0.0000,0.00000,0.017,0,LOST,no_detection,0.000,0.000,deg/s,joint_states,,,,,,,,,,,,,
assignment2_mock_20261007_123707,20.107,1791344250.876067,344,1791344250.836765,camera_color_optical_frame,0,0.0000,0.0000,0.00000,0.037,0,LOST,no_detection,0.000,0.000,deg/s,joint_states,,,,,,,,,,,,,
assignment2_mock_20261007_123707,20.128,1791344250.896963,345,1791344250.876478,camera_color_optical_frame,0,0.0000,0.0000,0.00000,0.019,0,LOST,no_detection,0.000,0.000,deg/s,joint_states,,,,,,,,,,,,,
assignment2_mock_20261007_123707,20.148,1791344250.917295,345,1791344250.876478,camera_color_optical_frame,0,0.0000,0.0000,0.00000,0.039,0,LOST,no_detection,0.000,0.000,deg/s,joint_states,,,,,,,,,,,,,
assignment2_mock_20261007_123707,20.168,1791344250.937260,346,1791344250.918063,camera_color_optical_frame,0,0.0000,0.0000,0.00000,0.016,0,LOST,no_detection,0.000,0.000,deg/s,joint_states,,,,,,,,,,,,,
assignment2_mock_20261007_123707,20.187,1791344250.956379,347,1791344250.938056,camera_color_optical_frame,0,0.0000,0.0000,0.00000,0.015,0,LOST,no_detection,0.000,0.000,deg/s,joint_states,,,,,,,,,,,,,
assignment2_mock_20261007_123707,20.208,1791344250.976823,347,1791344250.938056,camera_color_optical_frame,0,0.0000,0.0000,0.00000,0.036,0,LOST,no_detection,0.000,0.000,deg/s,joint_states,,,,,,,,,,,,,
assignment2_mock_20261007_123707,20.228,1791344250.997303,348,1791344250.977493,camera_color_optical_frame,0,0.0000,0.0000,0.00000,0.017,0,LOST,no_detection,0.000,0.000,deg/s,joint_states,,,,,,,,,,,,,
assignment2_mock_20261007_123707,20.247,1791344251.016258,348,1791344250.977493,camera_color_optical_frame,0,0.0000,0.0000,0.00000,0.036,0,LOST,no_detection,0.000,0.000,deg/s,joint_states,,,,,,,,,,,,,
assignment2_mock_20261007_123707,20.267,1791344251.036319,349,1791344251.016632,camera_color_optical_frame,0,0.0000,0.0000,0.00000,0.017,0,LOST,no_detection,0.000,0.000,deg/s,joint_states,,,,,,,,,,,,,
assignment2_mock_20261007_123707,20.287,1791344251.056082,350,1791344251.036741,camera_color_optical_frame,0,0.0000,0.0000,0.00000,0.018,0,LOST,no_detection,0.000,0.000,deg/s,joint_states,,,,,,,,,,,,,
assignment2_mock_20261007_123707,20.307,1791344251.076284,350,1791344251.036741,camera_color_optical_frame,0,0.0000,0.0000,0.00000,0.038,0,LOST,no_detection,0.000,0.000,deg/s,joint_states,,,,,,,,,,,,,
assignment2_mock_20261007_123707,20.327,1791344251.096348,351,1791344251.076650,camera_color_optical_frame,0,0.0000,0.0000,0.00000,0.017,0,LOST,no_detection,0.000,0.000,deg/s,joint_states,,,,,,,,,,,,,
assignment2_mock_20261007_123707,20.348,1791344251.117025,351,1791344251.076650,camera_color_optical_frame,0,0.0000,0.0000,0.00000,0.038,0,LOST,no_detection,0.000,0.000,deg/s,joint_states,,,,,,,,,,,,,
assignment2_mock_20261007_123707,20.367,1791344251.136090,352,1791344251.117760,camera_color_optical_frame,0,0.0000,0.0000,0.00000,0.016,0,LOST,no_detection,0.000,0.000,deg/s,joint_states,,,,,,,,,,,,,
assignment2_mock_20261007_123707,20.387,1791344251.156217,353,1791344251.136507,camera_color_optical_frame,0,0.0000,0.0000,0.00000,0.018,0,LOST,no_detection,0.000,0.000,deg/s,joint_states,,,,,,,,,,,,,
assignment2_mock_20261007_123707,20.408,1791344251.177296,353,1791344251.136507,camera_color_optical_frame,0,0.0000,0.0000,0.00000,0.038,0,LOST,no_detection,0.000,0.000,deg/s,joint_states,,,,,,,,,,,,,
assignment2_mock_20261007_123707,20.427,1791344251.196535,354,1791344251.178071,camera_color_optical_frame,0,0.0000,0.0000,0.00000,0.015,0,LOST,no_detection,0.000,0.000,deg/s,joint_states,,,,,,,,,,,,,
assignment2_mock_20261007_123707,20.447,1791344251.216144,354,1791344251.178071,camera_color_optical_frame,0,0.0000,0.0000,0.00000,0.035,0,LOST,no_detection,0.000,0.000,deg/s,joint_states,,,,,,,,,,,,,
assignment2_mock_20261007_123707,20.467,1791344251.236393,355,1791344251.216525,camera_color_optical_frame,0,0.0000,0.0000,0.00000,0.018,0,LOST,no_detection,0.000,0.000,deg/s,joint_states,,,,,,,,,,,,,
assignment2_mock_20261007_123707,20.488,1791344251.257282,356,1791344251.236731,camera_color_optical_frame,0,0.0000,0.0000,0.00000,0.018,0,LOST,no_detection,0.000,0.000,deg/s,joint_states,,,,,,,,,,,,,
assignment2_mock_20261007_123707,20.507,1791344251.276060,356,1791344251.236731,camera_color_optical_frame,0,0.0000,0.0000,0.00000,0.038,0,LOST,no_detection,0.000,0.000,deg/s,joint_states,,,,,,,,,,,,,
assignment2_mock_20261007_123707,20.528,1791344251.297384,357,1791344251.276464,camera_color_optical_frame,0,0.0000,0.0000,0.00000,0.019,0,LOST,no_detection,0.000,0.000,deg/s,joint_states,,,,,,,,,,,,,
assignment2_mock_20261007_123707,20.547,1791344251.316088,357,1791344251.276464,camera_color_optical_frame,0,0.0000,0.0000,0.00000,0.038,0,LOST,no_detection,0.000,0.000,deg/s,joint_states,,,,,,,,,,,,,
assignment2_mock_20261007_123707,20.567,1791344251.336320,358,1791344251.316489,camera_color_optical_frame,0,0.0000,0.0000,0.00000,0.018,0,LOST,no_detection,0.000,0.000,deg/s,joint_states,,,,,,,,,,,,,
assignment2_mock_20261007_123707,20.588,1791344251.357443,359,1791344251.336730,camera_color_optical_frame,0,0.0000,0.0000,0.00000,0.018,0,LOST,no_detection,0.000,0.000,deg/s,joint_states,,,,,,,,,,,,,
assignment2_mock_20261007_123707,20.608,1791344251.376762,359,1791344251.336730,camera_color_optical_frame,0,0.0000,0.0000,0.00000,0.038,0,LOST,no_detection,0.000,0.000,deg/s,joint_states,,,,,,,,,,,,,
assignment2_mock_20261007_123707,20.627,1791344251.396292,360,1791344251.377440,camera_color_optical_frame,0,0.0000,0.0000,0.00000,0.017,0,LOST,no_detection,0.000,0.000,deg/s,joint_states,,,,,,,,,,,,,
assignment2_mock_20261007_123707,20.648,1791344251.417025,360,1791344251.377440,camera_color_optical_frame,0,0.0000,0.0000,0.00000,0.037,0,LOST,no_detection,0.000,0.000,deg/s,joint_states,,,,,,,,,,,,,
assignment2_mock_20261007_123707,20.667,1791344251.436183,360,1791344251.377440,camera_color_optical_frame,0,0.0000,0.0000,0.00000,0.057,0,LOST,no_detection,0.000,0.000,deg/s,joint_states,,,,,,,,,,,,,
assignment2_mock_20261007_123707,20.687,1791344251.456553,360,1791344251.377440,camera_color_optical_frame,0,0.0000,0.0000,0.00000,0.077,0,LOST,no_detection,0.000,0.000,deg/s,joint_states,,,,,,,,,,,,,
assignment2_mock_20261007_123707,20.707,1791344251.476092,360,1791344251.377440,camera_color_optical_frame,0,0.0000,0.0000,0.00000,0.097,0,LOST,no_detection,0.000,0.000,deg/s,joint_states,,,,,,,,,,,,,
assignment2_mock_20261007_123707,20.727,1791344251.496209,360,1791344251.377440,camera_color_optical_frame,0,0.0000,0.0000,0.00000,0.117,0,LOST,no_detection,0.000,0.000,deg/s,joint_states,,,,,,,,,,,,,
assignment2_mock_20261007_123707,20.748,1791344251.517466,360,1791344251.377440,camera_color_optical_frame,0,0.0000,0.0000,0.00000,0.137,0,LOST,no_detection,0.000,0.000,deg/s,joint_states,,,,,,,,,,,,,
assignment2_mock_20261007_123707,20.767,1791344251.536088,360,1791344251.377440,camera_color_optical_frame,0,0.0000,0.0000,0.00000,0.157,0,LOST,no_detection,0.000,0.000,deg/s,joint_states,,,,,,,,,,,,,
assignment2_mock_20261007_123707,20.787,1791344251.556578,360,1791344251.377440,camera_color_optical_frame,0,0.0000,0.0000,0.00000,0.177,0,LOST,no_detection,0.000,0.000,deg/s,joint_states,,,,,,,,,,,,,
assignment2_mock_20261007_123707,20.808,1791344251.577513,360,1791344251.377440,camera_color_optical_frame,0,0.0000,0.0000,0.00000,0.197,0,LOST,no_detection,0.000,0.000,deg/s,joint_states,,,,,,,,,,,,,
assignment2_mock_20261007_123707,20.828,1791344251.597496,360,1791344251.377440,camera_color_optical_frame,0,0.0000,0.0000,0.00000,0.217,0,LOST,no_detection,0.000,0.000,deg/s,joint_states,,,,,,,,,,,,,
assignment2_mock_20261007_123707,20.848,1791344251.617383,360,1791344251.377440,camera_color_optical_frame,0,0.0000,0.0000,0.00000,0.237,0,LOST,no_detection,0.000,0.000,deg/s,joint_states,,,,,,,,,,,,,
assignment2_mock_20261007_123707,20.867,1791344251.636051,360,1791344251.377440,camera_color_optical_frame,0,0.0000,0.0000,0.00000,0.257,0,LOST,no_detection,0.000,0.000,deg/s,joint_states,,,,,,,,,,,,,
assignment2_mock_20261007_123707,20.887,1791344251.656476,360,1791344251.377440,camera_color_optical_frame,0,0.0000,0.0000,0.00000,0.277,0,LOST,no_detection,0.000,0.000,deg/s,joint_states,,,,,,,,,,,,,
assignment2_mock_20261007_123707,20.907,1791344251.676137,360,1791344251.377440,camera_color_optical_frame,0,0.0000,0.0000,0.00000,0.297,0,LOST,no_detection,0.000,0.000,deg/s,joint_states,,,,,,,,,,,,,
assignment2_mock_20261007_123707,20.927,1791344251.696067,360,1791344251.377440,camera_color_optical_frame,0,0.0000,0.0000,0.00000,0.317,0,LOST,no_detection,0.000,0.000,deg/s,joint_states,,,,,,,,,,,,,
assignment2_mock_20261007_123707,20.947,1791344251.716482,360,1791344251.377440,camera_color_optical_frame,0,0.0000,0.0000,0.00000,0.337,0,LOST,no_detection,0.000,0.000,deg/s,joint_states,,,,,,,,,,,,,
assignment2_mock_20261007_123707,20.967,1791344251.736339,360,1791344251.377440,camera_color_optical_frame,0,0.0000,0.0000,0.00000,0.357,0,LOST,no_detection,0.000,0.000,deg/s,joint_states,,,,,,,,,,,,,
assignment2_mock_20261007_123707,20.988,1791344251.757256,360,1791344251.377440,camera_color_optical_frame,0,0.0000,0.0000,0.00000,0.377,0,LOST,no_detection,0.000,0.000,deg/s,joint_states,,,,,,,,,,,,,
assignment2_mock_20261007_123707,21.007,1791344251.776128,360,1791344251.377440,camera_color_optical_frame,0,0.0000,0.0000,0.00000,0.397,0,LOST,no_detection,0.000,0.000,deg/s,joint_states,,,,,,,,,,,,,
assignment2_mock_20261007_123707,21.027,1791344251.796213,360,1791344251.377440,camera_color_optical_frame,0,0.0000,0.0000,0.00000,0.417,0,LOST,no_detection,0.000,0.000,deg/s,joint_states,,,,,,,,,,,,,
assignment2_mock_20261007_123707,21.048,1791344251.817554,360,1791344251.377440,camera_color_optical_frame,0,0.0000,0.0000,0.00000,0.437,0,LOST,no_detection,0.000,0.000,deg/s,joint_states,,,,,,,,,,,,,
assignment2_mock_20261007_123707,21.068,1791344251.836824,360,1791344251.377440,camera_color_optical_frame,0,0.0000,0.0000,0.00000,0.457,0,LOST,no_detection,0.000,0.000,deg/s,joint_states,,,,,,,,,,,,,
assignment2_mock_20261007_123707,21.087,1791344251.856158,360,1791344251.377440,camera_color_optical_frame,0,0.0000,0.0000,0.00000,0.477,0,LOST,no_detection,0.000,0.000,deg/s,joint_states,,,,,,,,,,,,,
assignment2_mock_20261007_123707,21.107,1791344251.876478,360,1791344251.377440,camera_color_optical_frame,0,0.0000,0.0000,0.00000,0.497,0,LOST,no_detection,0.000,0.000,deg/s,joint_states,,,,,,,,,,,,,
assignment2_mock_20261007_123707,21.127,1791344251.896212,360,1791344251.377440,camera_color_optical_frame,0,0.0000,0.0000,0.00000,0.517,0,LOST,input_timeout,0.000,0.000,deg/s,joint_states,,,,,,,,,,,,,
assignment2_mock_20261007_123707,21.148,1791344251.917426,360,1791344251.377440,camera_color_optical_frame,0,0.0000,0.0000,0.00000,0.537,0,LOST,input_timeout,0.000,0.000,deg/s,joint_states,,,,,,,,,,,,,
assignment2_mock_20261007_123707,21.168,1791344251.937031,360,1791344251.377440,camera_color_optical_frame,0,0.0000,0.0000,0.00000,0.557,0,LOST,input_timeout,0.000,0.000,deg/s,joint_states,,,,,,,,,,,,,
assignment2_mock_20261007_123707,21.187,1791344251.956275,360,1791344251.377440,camera_color_optical_frame,0,0.0000,0.0000,0.00000,0.577,0,LOST,input_timeout,0.000,0.000,deg/s,joint_states,,,,,,,,,,,,,
assignment2_mock_20261007_123707,21.207,1791344251.976067,360,1791344251.377440,camera_color_optical_frame,0,0.0000,0.0000,0.00000,0.597,0,LOST,input_timeout,0.000,0.000,deg/s,joint_states,,,,,,,,,,,,,
assignment2_mock_20261007_123707,21.228,1791344251.997408,360,1791344251.377440,camera_color_optical_frame,0,0.0000,0.0000,0.00000,0.617,0,LOST,input_timeout,0.000,0.000,deg/s,joint_states,,,,,,,,,,,,,
assignment2_mock_20261007_123707,21.247,1791344252.016562,360,1791344251.377440,camera_color_optical_frame,0,0.0000,0.0000,0.00000,0.637,0,LOST,input_timeout,0.000,0.000,deg/s,joint_states,,,,,,,,,,,,,
assignment2_mock_20261007_123707,21.267,1791344252.036228,360,1791344251.377440,camera_color_optical_frame,0,0.0000,0.0000,0.00000,0.657,0,LOST,input_timeout,0.000,0.000,deg/s,joint_states,,,,,,,,,,,,,
assignment2_mock_20261007_123707,21.288,1791344252.057292,360,1791344251.377440,camera_color_optical_frame,0,0.0000,0.0000,0.00000,0.677,0,LOST,input_timeout,0.000,0.000,deg/s,joint_states,,,,,,,,,,,,,
assignment2_mock_20261007_123707,21.308,1791344252.076756,360,1791344251.377440,camera_color_optical_frame,0,0.0000,0.0000,0.00000,0.697,0,LOST,input_timeout,0.000,0.000,deg/s,joint_states,,,,,,,,,,,,,
assignment2_mock_20261007_123707,21.327,1791344252.096143,360,1791344251.377440,camera_color_optical_frame,0,0.0000,0.0000,0.00000,0.717,0,LOST,input_timeout,0.000,0.000,deg/s,joint_states,,,,,,,,,,,,,
assignment2_mock_20261007_123707,21.348,1791344252.116818,360,1791344251.377440,camera_color_optical_frame,0,0.0000,0.0000,0.00000,0.737,0,LOST,input_timeout,0.000,0.000,deg/s,joint_states,,,,,,,,,,,,,
assignment2_mock_20261007_123707,21.367,1791344252.136169,360,1791344251.377440,camera_color_optical_frame,0,0.0000,0.0000,0.00000,0.757,0,LOST,input_timeout,0.000,0.000,deg/s,joint_states,,,,,,,,,,,,,
assignment2_mock_20261007_123707,21.387,1791344252.156409,360,1791344251.377440,camera_color_optical_frame,0,0.0000,0.0000,0.00000,0.777,0,LOST,input_timeout,0.000,0.000,deg/s,joint_states,,,,,,,,,,,,,
assignment2_mock_20261007_123707,21.408,1791344252.176797,360,1791344251.377440,camera_color_optical_frame,0,0.0000,0.0000,0.00000,0.797,0,LOST,input_timeout,0.000,0.000,deg/s,joint_states,,,,,,,,,,,,,
assignment2_mock_20261007_123707,21.428,1791344252.197381,360,1791344251.377440,camera_color_optical_frame,0,0.0000,0.0000,0.00000,0.817,0,LOST,input_timeout,0.000,0.000,deg/s,joint_states,,,,,,,,,,,,,
assignment2_mock_20261007_123707,21.447,1791344252.216438,360,1791344251.377440,camera_color_optical_frame,0,0.0000,0.0000,0.00000,0.837,0,LOST,input_timeout,0.000,0.000,deg/s,joint_states,,,,,,,,,,,,,
assignment2_mock_20261007_123707,21.467,1791344252.236319,360,1791344251.377440,camera_color_optical_frame,0,0.0000,0.0000,0.00000,0.857,0,LOST,input_timeout,0.000,0.000,deg/s,joint_states,,,,,,,,,,,,,
assignment2_mock_20261007_123707,21.487,1791344252.256093,360,1791344251.377440,camera_color_optical_frame,0,0.0000,0.0000,0.00000,0.877,0,LOST,input_timeout,0.000,0.000,deg/s,joint_states,,,,,,,,,,,,,
assignment2_mock_20261007_123707,21.507,1791344252.276194,360,1791344251.377440,camera_color_optical_frame,0,0.0000,0.0000,0.00000,0.897,0,LOST,input_timeout,0.000,0.000,deg/s,joint_states,,,,,,,,,,,,,
assignment2_mock_20261007_123707,21.527,1791344252.296097,360,1791344251.377440,camera_color_optical_frame,0,0.0000,0.0000,0.00000,0.917,0,LOST,input_timeout,0.000,0.000,deg/s,joint_states,,,,,,,,,,,,,
assignment2_mock_20261007_123707,21.547,1791344252.316167,360,1791344251.377440,camera_color_optical_frame,0,0.0000,0.0000,0.00000,0.937,0,LOST,input_timeout,0.000,0.000,deg/s,joint_states,,,,,,,,,,,,,
assignment2_mock_20261007_123707,21.567,1791344252.336169,360,1791344251.377440,camera_color_optical_frame,0,0.0000,0.0000,0.00000,0.957,0,LOST,input_timeout,0.000,0.000,deg/s,joint_states,,,,,,,,,,,,,
assignment2_mock_20261007_123707,21.587,1791344252.356393,360,1791344251.377440,camera_color_optical_frame,0,0.0000,0.0000,0.00000,0.977,0,LOST,input_timeout,0.000,0.000,deg/s,joint_states,,,,,,,,,,,,,
assignment2_mock_20261007_123707,21.608,1791344252.376802,360,1791344251.377440,camera_color_optical_frame,0,0.0000,0.0000,0.00000,0.997,0,LOST,input_timeout,0.000,0.000,deg/s,joint_states,,,,,,,,,,,,,
assignment2_mock_20261007_123707,21.628,1791344252.397517,360,1791344251.377440,camera_color_optical_frame,0,0.0000,0.0000,0.00000,1.017,0,LOST,input_timeout,0.000,0.000,deg/s,joint_states,,,,,,,,,,,,,
assignment2_mock_20261007_123707,21.648,1791344252.417002,360,1791344251.377440,camera_color_optical_frame,0,0.0000,0.0000,0.00000,1.037,0,LOST,input_timeout,0.000,0.000,deg/s,joint_states,,,,,,,,,,,,,
assignment2_mock_20261007_123707,21.667,1791344252.436153,360,1791344251.377440,camera_color_optical_frame,0,0.0000,0.0000,0.00000,1.057,0,LOST,input_timeout,0.000,0.000,deg/s,joint_states,,,,,,,,,,,,,
assignment2_mock_20261007_123707,21.687,1791344252.456401,360,1791344251.377440,camera_color_optical_frame,0,0.0000,0.0000,0.00000,1.077,0,LOST,input_timeout,0.000,0.000,deg/s,joint_states,,,,,,,,,,,,,
assignment2_mock_20261007_123707,21.707,1791344252.476210,360,1791344251.377440,camera_color_optical_frame,0,0.0000,0.0000,0.00000,1.097,0,LOST,input_timeout,0.000,0.000,deg/s,joint_states,,,,,,,,,,,,,
assignment2_mock_20261007_123707,21.728,1791344252.497347,360,1791344251.377440,camera_color_optical_frame,0,0.0000,0.0000,0.00000,1.117,0,LOST,input_timeout,0.000,0.000,deg/s,joint_states,,,,,,,,,,,,,
assignment2_mock_20261007_123707,21.748,1791344252.516969,360,1791344251.377440,camera_color_optical_frame,0,0.0000,0.0000,0.00000,1.137,0,LOST,input_timeout,0.000,0.000,deg/s,joint_states,,,,,,,,,,,,,
assignment2_mock_20261007_123707,21.767,1791344252.536127,360,1791344251.377440,camera_color_optical_frame,0,0.0000,0.0000,0.00000,1.157,0,LOST,input_timeout,0.000,0.000,deg/s,joint_states,,,,,,,,,,,,,
assignment2_mock_20261007_123707,21.787,1791344252.556178,360,1791344251.377440,camera_color_optical_frame,0,0.0000,0.0000,0.00000,1.177,0,LOST,input_timeout,0.000,0.000,deg/s,joint_states,,,,,,,,,,,,,
assignment2_mock_20261007_123707,21.807,1791344252.576167,360,1791344251.377440,camera_color_optical_frame,0,0.0000,0.0000,0.00000,1.197,0,LOST,input_timeout,0.000,0.000,deg/s,joint_states,,,,,,,,,,,,,
assignment2_mock_20261007_123707,21.827,1791344252.596793,360,1791344251.377440,camera_color_optical_frame,0,0.0000,0.0000,0.00000,1.217,0,LOST,input_timeout,0.000,0.000,deg/s,joint_states,,,,,,,,,,,,,
assignment2_mock_20261007_123707,21.848,1791344252.617082,360,1791344251.377440,camera_color_optical_frame,0,0.0000,0.0000,0.00000,1.237,0,LOST,input_timeout,0.000,0.000,deg/s,joint_states,,,,,,,,,,,,,
assignment2_mock_20261007_123707,21.867,1791344252.636216,360,1791344251.377440,camera_color_optical_frame,0,0.0000,0.0000,0.00000,1.257,0,LOST,input_timeout,0.000,0.000,deg/s,joint_states,,,,,,,,,,,,,
assignment2_mock_20261007_123707,21.888,1791344252.657392,360,1791344251.377440,camera_color_optical_frame,0,0.0000,0.0000,0.00000,1.277,0,LOST,input_timeout,0.000,0.000,deg/s,joint_states,,,,,,,,,,,,,
assignment2_mock_20261007_123707,21.907,1791344252.676052,360,1791344251.377440,camera_color_optical_frame,0,0.0000,0.0000,0.00000,1.297,0,LOST,input_timeout,0.000,0.000,deg/s,joint_states,,,,,,,,,,,,,
assignment2_mock_20261007_123707,21.927,1791344252.696200,360,1791344251.377440,camera_color_optical_frame,0,0.0000,0.0000,0.00000,1.317,0,LOST,input_timeout,0.000,0.000,deg/s,joint_states,,,,,,,,,,,,,
assignment2_mock_20261007_123707,21.947,1791344252.716222,360,1791344251.377440,camera_color_optical_frame,0,0.0000,0.0000,0.00000,1.337,0,LOST,input_timeout,0.000,0.000,deg/s,joint_states,,,,,,,,,,,,,
assignment2_mock_20261007_123707,21.967,1791344252.736469,360,1791344251.377440,camera_color_optical_frame,0,0.0000,0.0000,0.00000,1.357,0,LOST,input_timeout,0.000,0.000,deg/s,joint_states,,,,,,,,,,,,,
assignment2_mock_20261007_123707,21.988,1791344252.756809,360,1791344251.377440,camera_color_optical_frame,0,0.0000,0.0000,0.00000,1.377,0,LOST,input_timeout,0.000,0.000,deg/s,joint_states,,,,,,,,,,,,,
assignment2_mock_20261007_123707,22.007,1791344252.776314,360,1791344251.377440,camera_color_optical_frame,0,0.0000,0.0000,0.00000,1.397,0,LOST,input_timeout,0.000,0.000,deg/s,joint_states,,,,,,,,,,,,,
assignment2_mock_20261007_123707,22.028,1791344252.797300,360,1791344251.377440,camera_color_optical_frame,0,0.0000,0.0000,0.00000,1.417,0,LOST,input_timeout,0.000,0.000,deg/s,joint_states,,,,,,,,,,,,,
assignment2_mock_20261007_123707,22.047,1791344252.816270,360,1791344251.377440,camera_color_optical_frame,0,0.0000,0.0000,0.00000,1.437,0,LOST,input_timeout,0.000,0.000,deg/s,joint_states,,,,,,,,,,,,,
assignment2_mock_20261007_123707,22.067,1791344252.836231,360,1791344251.377440,camera_color_optical_frame,0,0.0000,0.0000,0.00000,1.457,0,LOST,input_timeout,0.000,0.000,deg/s,joint_states,,,,,,,,,,,,,
assignment2_mock_20261007_123707,22.088,1791344252.857280,360,1791344251.377440,camera_color_optical_frame,0,0.0000,0.0000,0.00000,1.477,0,LOST,input_timeout,0.000,0.000,deg/s,joint_states,,,,,,,,,,,,,
assignment2_mock_20261007_123707,22.107,1791344252.876054,360,1791344251.377440,camera_color_optical_frame,0,0.0000,0.0000,0.00000,1.497,0,LOST,input_timeout,0.000,0.000,deg/s,joint_states,,,,,,,,,,,,,
assignment2_mock_20261007_123707,22.127,1791344252.896466,360,1791344251.377440,camera_color_optical_frame,0,0.0000,0.0000,0.00000,1.517,0,LOST,input_timeout,0.000,0.000,deg/s,joint_states,,,,,,,,,,,,,
assignment2_mock_20261007_123707,22.148,1791344252.916599,360,1791344251.377440,camera_color_optical_frame,0,0.0000,0.0000,0.00000,1.537,0,LOST,input_timeout,0.000,0.000,deg/s,joint_states,,,,,,,,,,,,,
assignment2_mock_20261007_123707,22.167,1791344252.936178,360,1791344251.377440,camera_color_optical_frame,0,0.0000,0.0000,0.00000,1.557,0,LOST,input_timeout,0.000,0.000,deg/s,joint_states,,,,,,,,,,,,,
assignment2_mock_20261007_123707,22.187,1791344252.956387,360,1791344251.377440,camera_color_optical_frame,0,0.0000,0.0000,0.00000,1.577,0,LOST,input_timeout,0.000,0.000,deg/s,joint_states,,,,,,,,,,,,,
assignment2_mock_20261007_123707,22.208,1791344252.976818,360,1791344251.377440,camera_color_optical_frame,0,0.0000,0.0000,0.00000,1.597,0,LOST,input_timeout,0.000,0.000,deg/s,joint_states,,,,,,,,,,,,,
assignment2_mock_20261007_123707,22.227,1791344252.996135,360,1791344251.377440,camera_color_optical_frame,0,0.0000,0.0000,0.00000,1.617,0,LOST,input_timeout,0.000,0.000,deg/s,joint_states,,,,,,,,,,,,,
assignment2_mock_20261007_123707,22.248,1791344253.016905,360,1791344251.377440,camera_color_optical_frame,0,0.0000,0.0000,0.00000,1.637,0,LOST,input_timeout,0.000,0.000,deg/s,joint_states,,,,,,,,,,,,,
assignment2_mock_20261007_123707,22.267,1791344253.036192,360,1791344251.377440,camera_color_optical_frame,0,0.0000,0.0000,0.00000,1.657,0,LOST,input_timeout,0.000,0.000,deg/s,joint_states,,,,,,,,,,,,,
assignment2_mock_20261007_123707,22.287,1791344253.056360,360,1791344251.377440,camera_color_optical_frame,0,0.0000,0.0000,0.00000,1.677,0,LOST,input_timeout,0.000,0.000,deg/s,joint_states,,,,,,,,,,,,,
assignment2_mock_20261007_123707,22.308,1791344253.076582,360,1791344251.377440,camera_color_optical_frame,0,0.0000,0.0000,0.00000,1.697,0,LOST,input_timeout,0.000,0.000,deg/s,joint_states,,,,,,,,,,,,,
assignment2_mock_20261007_123707,22.327,1791344253.096316,360,1791344251.377440,camera_color_optical_frame,0,0.0000,0.0000,0.00000,1.717,0,LOST,input_timeout,0.000,0.000,deg/s,joint_states,,,,,,,,,,,,,
assignment2_mock_20261007_123707,22.348,1791344253.116694,360,1791344251.377440,camera_color_optical_frame,0,0.0000,0.0000,0.00000,1.737,0,LOST,input_timeout,0.000,0.000,deg/s,joint_states,,,,,,,,,,,,,
assignment2_mock_20261007_123707,22.367,1791344253.136179,360,1791344251.377440,camera_color_optical_frame,0,0.0000,0.0000,0.00000,1.757,0,LOST,input_timeout,0.000,0.000,deg/s,joint_states,,,,,,,,,,,,,
assignment2_mock_20261007_123707,22.387,1791344253.156125,360,1791344251.377440,camera_color_optical_frame,0,0.0000,0.0000,0.00000,1.777,0,LOST,input_timeout,0.000,0.000,deg/s,joint_states,,,,,,,,,,,,,
assignment2_mock_20261007_123707,22.407,1791344253.176063,360,1791344251.377440,camera_color_optical_frame,0,0.0000,0.0000,0.00000,1.797,0,LOST,input_timeout,0.000,0.000,deg/s,joint_states,,,,,,,,,,,,,
assignment2_mock_20261007_123707,22.427,1791344253.196466,360,1791344251.377440,camera_color_optical_frame,0,0.0000,0.0000,0.00000,1.817,0,LOST,input_timeout,0.000,0.000,deg/s,joint_states,,,,,,,,,,,,,
assignment2_mock_20261007_123707,22.447,1791344253.216261,360,1791344251.377440,camera_color_optical_frame,0,0.0000,0.0000,0.00000,1.837,0,LOST,input_timeout,0.000,0.000,deg/s,joint_states,,,,,,,,,,,,,
assignment2_mock_20261007_123707,22.468,1791344253.237308,360,1791344251.377440,camera_color_optical_frame,0,0.0000,0.0000,0.00000,1.857,0,LOST,input_timeout,0.000,0.000,deg/s,joint_states,,,,,,,,,,,,,
assignment2_mock_20261007_123707,22.488,1791344253.257422,360,1791344251.377440,camera_color_optical_frame,0,0.0000,0.0000,0.00000,1.877,0,LOST,input_timeout,0.000,0.000,deg/s,joint_states,,,,,,,,,,,,,
assignment2_mock_20261007_123707,22.507,1791344253.276097,360,1791344251.377440,camera_color_optical_frame,0,0.0000,0.0000,0.00000,1.897,0,LOST,input_timeout,0.000,0.000,deg/s,joint_states,,,,,,,,,,,,,
assignment2_mock_20261007_123707,22.527,1791344253.296131,360,1791344251.377440,camera_color_optical_frame,0,0.0000,0.0000,0.00000,1.917,0,LOST,input_timeout,0.000,0.000,deg/s,joint_states,,,,,,,,,,,,,
assignment2_mock_20261007_123707,22.548,1791344253.316993,360,1791344251.377440,camera_color_optical_frame,0,0.0000,0.0000,0.00000,1.937,0,LOST,input_timeout,0.000,0.000,deg/s,joint_states,,,,,,,,,,,,,
assignment2_mock_20261007_123707,22.567,1791344253.336580,360,1791344251.377440,camera_color_optical_frame,0,0.0000,0.0000,0.00000,1.957,0,LOST,input_timeout,0.000,0.000,deg/s,joint_states,,,,,,,,,,,,,
assignment2_mock_20261007_123707,22.587,1791344253.356172,360,1791344251.377440,camera_color_optical_frame,0,0.0000,0.0000,0.00000,1.977,0,LOST,input_timeout,0.000,0.000,deg/s,joint_states,,,,,,,,,,,,,
assignment2_mock_20261007_123707,22.607,1791344253.376147,360,1791344251.377440,camera_color_optical_frame,0,0.0000,0.0000,0.00000,1.997,0,LOST,input_timeout,0.000,0.000,deg/s,joint_states,,,,,,,,,,,,,
assignment2_mock_20261007_123707,22.627,1791344253.396164,360,1791344251.377440,camera_color_optical_frame,0,0.0000,0.0000,0.00000,2.017,0,LOST,input_timeout,0.000,0.000,deg/s,joint_states,,,,,,,,,,,,,
assignment2_mock_20261007_123707,22.648,1791344253.417093,360,1791344251.377440,camera_color_optical_frame,0,0.0000,0.0000,0.00000,2.037,0,LOST,input_timeout,0.000,0.000,deg/s,joint_states,,,,,,,,,,,,,
assignment2_mock_20261007_123707,22.667,1791344253.436092,360,1791344251.377440,camera_color_optical_frame,0,0.0000,0.0000,0.00000,2.057,0,LOST,input_timeout,0.000,0.000,deg/s,joint_states,,,,,,,,,,,,,
assignment2_mock_20261007_123707,22.687,1791344253.456167,360,1791344251.377440,camera_color_optical_frame,0,0.0000,0.0000,0.00000,2.077,0,LOST,input_timeout,0.000,0.000,deg/s,joint_states,,,,,,,,,,,,,
assignment2_mock_20261007_123707,22.707,1791344253.476146,360,1791344251.377440,camera_color_optical_frame,0,0.0000,0.0000,0.00000,2.097,0,LOST,input_timeout,0.000,0.000,deg/s,joint_states,,,,,,,,,,,,,
assignment2_mock_20261007_123707,22.728,1791344253.496667,360,1791344251.377440,camera_color_optical_frame,0,0.0000,0.0000,0.00000,2.117,0,LOST,input_timeout,0.000,0.000,deg/s,joint_states,,,,,,,,,,,,,
assignment2_mock_20261007_123707,22.748,1791344253.517071,360,1791344251.377440,camera_color_optical_frame,0,0.0000,0.0000,0.00000,2.137,0,LOST,input_timeout,0.000,0.000,deg/s,joint_states,,,,,,,,,,,,,
assignment2_mock_20261007_123707,22.768,1791344253.536830,360,1791344251.377440,camera_color_optical_frame,0,0.0000,0.0000,0.00000,2.157,0,LOST,input_timeout,0.000,0.000,deg/s,joint_states,,,,,,,,,,,,,
assignment2_mock_20261007_123707,22.787,1791344253.556304,360,1791344251.377440,camera_color_optical_frame,0,0.0000,0.0000,0.00000,2.177,0,LOST,input_timeout,0.000,0.000,deg/s,joint_states,,,,,,,,,,,,,
assignment2_mock_20261007_123707,22.808,1791344253.577297,360,1791344251.377440,camera_color_optical_frame,0,0.0000,0.0000,0.00000,2.197,0,LOST,input_timeout,0.000,0.000,deg/s,joint_states,,,,,,,,,,,,,
assignment2_mock_20261007_123707,22.827,1791344253.596097,360,1791344251.377440,camera_color_optical_frame,0,0.0000,0.0000,0.00000,2.217,0,LOST,input_timeout,0.000,0.000,deg/s,joint_states,,,,,,,,,,,,,
assignment2_mock_20261007_123707,22.847,1791344253.616189,360,1791344251.377440,camera_color_optical_frame,0,0.0000,0.0000,0.00000,2.237,0,LOST,input_timeout,0.000,0.000,deg/s,joint_states,,,,,,,,,,,,,
assignment2_mock_20261007_123707,22.867,1791344253.636157,360,1791344251.377440,camera_color_optical_frame,0,0.0000,0.0000,0.00000,2.257,0,LOST,input_timeout,0.000,0.000,deg/s,joint_states,,,,,,,,,,,,,
assignment2_mock_20261007_123707,22.887,1791344253.656459,360,1791344251.377440,camera_color_optical_frame,0,0.0000,0.0000,0.00000,2.277,0,LOST,input_timeout,0.000,0.000,deg/s,joint_states,,,,,,,,,,,,,
assignment2_mock_20261007_123707,22.907,1791344253.676090,360,1791344251.377440,camera_color_optical_frame,0,0.0000,0.0000,0.00000,2.297,0,LOST,input_timeout,0.000,0.000,deg/s,joint_states,,,,,,,,,,,,,
assignment2_mock_20261007_123707,22.927,1791344253.696209,360,1791344251.377440,camera_color_optical_frame,0,0.0000,0.0000,0.00000,2.317,0,LOST,input_timeout,0.000,0.000,deg/s,joint_states,,,,,,,,,,,,,
assignment2_mock_20261007_123707,22.947,1791344253.716075,360,1791344251.377440,camera_color_optical_frame,0,0.0000,0.0000,0.00000,2.337,0,LOST,input_timeout,0.000,0.000,deg/s,joint_states,,,,,,,,,,,,,
assignment2_mock_20261007_123707,22.968,1791344253.736577,360,1791344251.377440,camera_color_optical_frame,0,0.0000,0.0000,0.00000,2.357,0,LOST,input_timeout,0.000,0.000,deg/s,joint_states,,,,,,,,,,,,,
assignment2_mock_20261007_123707,22.987,1791344253.756217,360,1791344251.377440,camera_color_optical_frame,0,0.0000,0.0000,0.00000,2.377,0,LOST,input_timeout,0.000,0.000,deg/s,joint_states,,,,,,,,,,,,,
assignment2_mock_20261007_123707,23.008,1791344253.777304,360,1791344251.377440,camera_color_optical_frame,0,0.0000,0.0000,0.00000,2.397,0,LOST,input_timeout,0.000,0.000,deg/s,joint_states,,,,,,,,,,,,,
assignment2_mock_20261007_123707,23.027,1791344253.796090,360,1791344251.377440,camera_color_optical_frame,0,0.0000,0.0000,0.00000,2.417,0,LOST,input_timeout,0.000,0.000,deg/s,joint_states,,,,,,,,,,,,,
assignment2_mock_20261007_123707,23.047,1791344253.816467,360,1791344251.377440,camera_color_optical_frame,0,0.0000,0.0000,0.00000,2.437,0,LOST,input_timeout,0.000,0.000,deg/s,joint_states,,,,,,,,,,,,,
assignment2_mock_20261007_123707,23.067,1791344253.836430,360,1791344251.377440,camera_color_optical_frame,0,0.0000,0.0000,0.00000,2.457,0,LOST,input_timeout,0.000,0.000,deg/s,joint_states,,,,,,,,,,,,,
assignment2_mock_20261007_123707,23.087,1791344253.856095,360,1791344251.377440,camera_color_optical_frame,0,0.0000,0.0000,0.00000,2.477,0,LOST,input_timeout,0.000,0.000,deg/s,joint_states,,,,,,,,,,,,,
assignment2_mock_20261007_123707,23.107,1791344253.876146,360,1791344251.377440,camera_color_optical_frame,0,0.0000,0.0000,0.00000,2.497,0,LOST,input_timeout,0.000,0.000,deg/s,joint_states,,,,,,,,,,,,,
assignment2_mock_20261007_123707,23.127,1791344253.896171,360,1791344251.377440,camera_color_optical_frame,0,0.0000,0.0000,0.00000,2.517,0,LOST,input_timeout,0.000,0.000,deg/s,joint_states,,,,,,,,,,,,,
assignment2_mock_20261007_123707,23.147,1791344253.916169,360,1791344251.377440,camera_color_optical_frame,0,0.0000,0.0000,0.00000,2.537,0,LOST,input_timeout,0.000,0.000,deg/s,joint_states,,,,,,,,,,,,,
assignment2_mock_20261007_123707,23.168,1791344253.936674,361,1791344253.918401,camera_color_optical_frame,1,0.4000,0.0000,0.05000,0.016,0,LOST,confirming_1/3,0.000,0.000,deg/s,joint_states,,,,,,,,,,,,,
assignment2_mock_20261007_123707,23.187,1791344253.956438,361,1791344253.918401,camera_color_optical_frame,1,0.4000,0.0000,0.05000,0.035,0,LOST,confirming_1/3,0.000,0.000,deg/s,joint_states,,,,,,,,,,,,,
assignment2_mock_20261007_123707,23.207,1791344253.976328,362,1791344253.956883,camera_color_optical_frame,1,0.4000,0.0000,0.05000,0.017,0,LOST,confirming_2/3,0.000,0.000,deg/s,joint_states,,,,,,,,,,,,,
assignment2_mock_20261007_123707,23.227,1791344253.996204,362,1791344253.956883,camera_color_optical_frame,1,0.4000,0.0000,0.05000,0.037,0,LOST,confirming_2/3,0.000,0.000,deg/s,joint_states,,,,,,,,,,,,,
assignment2_mock_20261007_123707,23.248,1791344254.020786,363,1791344253.996609,camera_color_optical_frame,1,0.4000,0.0000,0.05000,0.018,0,TRACKING,reacquired_in_view,-23.867,0.000,deg/s,joint_states,,,,,,,,,,,,,
assignment2_mock_20261007_123707,23.268,1791344254.037235,364,1791344254.021182,camera_color_optical_frame,1,0.4000,0.0000,0.05000,0.014,0,TRACKING,ok,-23.867,0.000,deg/s,joint_states,,,,,,,,,,,,,
assignment2_mock_20261007_123707,23.288,1791344254.057172,364,1791344254.021182,camera_color_optical_frame,1,0.4000,0.0000,0.05000,0.034,0,TRACKING,ok,-23.867,0.000,deg/s,joint_states,,,,,,,,,,,,,
assignment2_mock_20261007_123707,23.308,1791344254.077361,365,1791344254.057893,camera_color_optical_frame,1,0.4000,0.0000,0.05000,0.017,0,TRACKING,ok,-23.867,0.000,deg/s,joint_states,,,,,,,,,,,,,
assignment2_mock_20261007_123707,23.328,1791344254.096869,365,1791344254.057893,camera_color_optical_frame,1,0.4000,0.0000,0.05000,0.036,0,TRACKING,ok,-23.867,0.000,deg/s,joint_states,,,,,,,,,,,,,
assignment2_mock_20261007_123707,23.348,1791344254.117061,366,1791344254.097684,camera_color_optical_frame,1,0.4000,0.0000,0.05000,0.016,0,TRACKING,ok,-23.867,0.000,deg/s,joint_states,,,,,,,,,,,,,
assignment2_mock_20261007_123707,23.368,1791344254.137380,366,1791344254.097684,camera_color_optical_frame,1,0.4000,0.0000,0.05000,0.036,0,TRACKING,ok,-23.867,0.000,deg/s,joint_states,,,,,,,,,,,,,
assignment2_mock_20261007_123707,23.387,1791344254.156564,367,1791344254.138221,camera_color_optical_frame,1,0.4000,0.0000,0.05000,0.015,0,TRACKING,ok,-23.867,0.000,deg/s,joint_states,,,,,,,,,,,,,
assignment2_mock_20261007_123707,23.408,1791344254.177334,368,1791344254.157138,camera_color_optical_frame,1,0.4000,0.0000,0.05000,0.017,0,TRACKING,ok,-23.867,0.000,deg/s,joint_states,,,,,,,,,,,,,
assignment2_mock_20261007_123707,23.427,1791344254.196135,368,1791344254.157138,camera_color_optical_frame,1,0.4000,0.0000,0.05000,0.037,0,TRACKING,ok,-23.867,0.000,deg/s,joint_states,,,,,,,,,,,,,
assignment2_mock_20261007_123707,23.447,1791344254.216421,369,1791344254.196517,camera_color_optical_frame,1,0.4000,0.0000,0.05000,0.018,0,TRACKING,ok,-23.867,0.000,deg/s,joint_states,,,,,,,,,,,,,
assignment2_mock_20261007_123707,23.467,1791344254.236255,369,1791344254.196517,camera_color_optical_frame,1,0.4000,0.0000,0.05000,0.038,0,TRACKING,ok,-23.867,0.000,deg/s,joint_states,,,,,,,,,,,,,
assignment2_mock_20261007_123707,23.488,1791344254.256701,370,1791344254.236642,camera_color_optical_frame,1,0.4000,0.0000,0.05000,0.018,0,TRACKING,ok,-23.867,0.000,deg/s,joint_states,,,,,,,,,,,,,
assignment2_mock_20261007_123707,23.508,1791344254.277342,371,1791344254.257349,camera_color_optical_frame,1,0.4000,0.0000,0.05000,0.017,0,TRACKING,ok,-23.867,0.000,deg/s,joint_states,,,,,,,,,,,,,
assignment2_mock_20261007_123707,23.528,1791344254.297507,371,1791344254.257349,camera_color_optical_frame,1,0.4000,0.0000,0.05000,0.037,0,TRACKING,ok,-23.867,0.000,deg/s,joint_states,,,,,,,,,,,,,
assignment2_mock_20261007_123707,23.548,1791344254.317411,372,1791344254.298194,camera_color_optical_frame,1,0.4000,0.0000,0.05000,0.016,0,TRACKING,ok,-23.867,0.000,deg/s,joint_states,,,,,,,,,,,,,
assignment2_mock_20261007_123707,23.567,1791344254.336140,372,1791344254.298194,camera_color_optical_frame,1,0.4000,0.0000,0.05000,0.035,0,TRACKING,ok,-23.867,0.000,deg/s,joint_states,,,,,,,,,,,,,
assignment2_mock_20261007_123707,23.587,1791344254.356463,373,1791344254.336531,camera_color_optical_frame,1,0.4000,0.0000,0.05000,0.018,0,TRACKING,ok,-23.867,0.000,deg/s,joint_states,,,,,,,,,,,,,
assignment2_mock_20261007_123707,23.608,1791344254.377295,374,1791344254.356934,camera_color_optical_frame,1,0.4000,0.0000,0.05000,0.018,0,TRACKING,ok,-23.867,0.000,deg/s,joint_states,,,,,,,,,,,,,
assignment2_mock_20261007_123707,23.627,1791344254.396135,374,1791344254.356934,camera_color_optical_frame,1,0.4000,0.0000,0.05000,0.037,0,TRACKING,ok,-23.867,0.000,deg/s,joint_states,,,,,,,,,,,,,
assignment2_mock_20261007_123707,23.648,1791344254.417370,375,1791344254.396529,camera_color_optical_frame,1,0.4000,0.0000,0.05000,0.019,0,TRACKING,ok,-23.867,0.000,deg/s,joint_states,,,,,,,,,,,,,
assignment2_mock_20261007_123707,23.668,1791344254.437412,375,1791344254.396529,camera_color_optical_frame,1,0.4000,0.0000,0.05000,0.039,0,TRACKING,ok,-23.867,0.000,deg/s,joint_states,,,,,,,,,,,,,
assignment2_mock_20261007_123707,23.687,1791344254.456145,376,1791344254.438247,camera_color_optical_frame,1,0.4000,0.0000,0.05000,0.015,0,TRACKING,ok,-23.867,0.000,deg/s,joint_states,,,,,,,,,,,,,
assignment2_mock_20261007_123707,23.707,1791344254.476522,377,1791344254.456555,camera_color_optical_frame,1,0.4000,0.0000,0.05000,0.018,0,TRACKING,ok,-23.867,0.000,deg/s,joint_states,,,,,,,,,,,,,
assignment2_mock_20261007_123707,23.727,1791344254.496191,377,1791344254.456555,camera_color_optical_frame,1,0.4000,0.0000,0.05000,0.038,0,TRACKING,ok,-23.867,0.000,deg/s,joint_states,,,,,,,,,,,,,
assignment2_mock_20261007_123707,23.748,1791344254.517377,378,1791344254.496594,camera_color_optical_frame,1,0.4000,0.0000,0.05000,0.019,0,TRACKING,ok,-23.867,0.000,deg/s,joint_states,,,,,,,,,,,,,
assignment2_mock_20261007_123707,23.768,1791344254.536882,378,1791344254.496594,camera_color_optical_frame,1,0.4000,0.0000,0.05000,0.038,0,TRACKING,ok,-23.867,0.000,deg/s,joint_states,,,,,,,,,,,,,
assignment2_mock_20261007_123707,23.787,1791344254.556062,379,1791344254.537651,camera_color_optical_frame,1,0.4000,0.0000,0.05000,0.016,0,TRACKING,ok,-23.867,0.000,deg/s,joint_states,,,,,,,,,,,,,
assignment2_mock_20261007_123707,23.808,1791344254.577273,380,1791344254.556493,camera_color_optical_frame,1,0.4000,0.0000,0.05000,0.019,0,TRACKING,ok,-23.867,0.000,deg/s,joint_states,,,,,,,,,,,,,
assignment2_mock_20261007_123707,23.827,1791344254.596079,380,1791344254.556493,camera_color_optical_frame,1,0.4000,0.0000,0.05000,0.038,0,TRACKING,ok,-23.867,0.000,deg/s,joint_states,,,,,,,,,,,,,
assignment2_mock_20261007_123707,23.848,1791344254.617370,381,1791344254.596512,camera_color_optical_frame,1,0.4000,0.0000,0.05000,0.019,0,TRACKING,ok,-23.867,0.000,deg/s,joint_states,,,,,,,,,,,,,
assignment2_mock_20261007_123707,23.868,1791344254.637561,381,1791344254.596512,camera_color_optical_frame,1,0.4000,0.0000,0.05000,0.039,0,TRACKING,ok,-23.867,0.000,deg/s,joint_states,,,,,,,,,,,,,
assignment2_mock_20261007_123707,23.888,1791344254.657368,382,1791344254.638633,camera_color_optical_frame,1,0.4000,0.0000,0.05000,0.016,0,TRACKING,ok,-23.867,0.000,deg/s,joint_states,,,,,,,,,,,,,
assignment2_mock_20261007_123707,23.907,1791344254.676673,383,1791344254.658219,camera_color_optical_frame,1,0.4000,0.0000,0.05000,0.015,0,TRACKING,ok,-23.867,0.000,deg/s,joint_states,,,,,,,,,,,,,
assignment2_mock_20261007_123707,23.927,1791344254.696239,383,1791344254.658219,camera_color_optical_frame,1,0.4000,0.0000,0.05000,0.035,0,TRACKING,ok,-23.867,0.000,deg/s,joint_states,,,,,,,,,,,,,
assignment2_mock_20261007_123707,23.947,1791344254.716602,384,1791344254.696653,camera_color_optical_frame,1,0.4000,0.0000,0.05000,0.018,0,TRACKING,ok,-23.867,0.000,deg/s,joint_states,,,,,,,,,,,,,
assignment2_mock_20261007_123707,23.967,1791344254.736318,384,1791344254.696653,camera_color_optical_frame,1,0.4000,0.0000,0.05000,0.038,0,TRACKING,ok,-23.867,0.000,deg/s,joint_states,,,,,,,,,,,,,
assignment2_mock_20261007_123707,23.988,1791344254.756716,385,1791344254.736746,camera_color_optical_frame,1,0.4000,0.0000,0.05000,0.018,0,TRACKING,ok,-23.867,0.000,deg/s,joint_states,,,,,,,,,,,,,
assignment2_mock_20261007_123707,24.008,1791344254.777395,386,1791344254.757418,camera_color_optical_frame,1,0.4000,0.0000,0.05000,0.017,0,TRACKING,ok,-23.867,0.000,deg/s,joint_states,,,,,,,,,,,,,
assignment2_mock_20261007_123707,24.027,1791344254.796163,386,1791344254.757418,camera_color_optical_frame,1,0.4000,0.0000,0.05000,0.037,0,TRACKING,ok,-23.867,0.000,deg/s,joint_states,,,,,,,,,,,,,
assignment2_mock_20261007_123707,24.047,1791344254.816547,387,1791344254.796543,camera_color_optical_frame,1,0.4000,0.0000,0.05000,0.017,0,TRACKING,ok,-23.867,0.000,deg/s,joint_states,,,,,,,,,,,,,
assignment2_mock_20261007_123707,24.067,1791344254.836294,387,1791344254.796543,camera_color_optical_frame,1,0.4000,0.0000,0.05000,0.037,0,TRACKING,ok,-23.867,0.000,deg/s,joint_states,,,,,,,,,,,,,
assignment2_mock_20261007_123707,24.088,1791344254.857444,388,1791344254.836671,camera_color_optical_frame,1,0.4000,0.0000,0.05000,0.019,0,TRACKING,ok,-23.867,0.000,deg/s,joint_states,,,,,,,,,,,,,
assignment2_mock_20261007_123707,24.107,1791344254.876737,389,1791344254.858370,camera_color_optical_frame,1,0.4000,0.0000,0.05000,0.015,0,TRACKING,ok,-23.867,0.000,deg/s,joint_states,,,,,,,,,,,,,
assignment2_mock_20261007_123707,24.127,1791344254.896155,389,1791344254.858370,camera_color_optical_frame,1,0.4000,0.0000,0.05000,0.035,0,TRACKING,ok,-23.867,0.000,deg/s,joint_states,,,,,,,,,,,,,
assignment2_mock_20261007_123707,24.148,1791344254.917366,390,1791344254.896553,camera_color_optical_frame,1,0.4000,0.0000,0.05000,0.019,0,TRACKING,ok,-23.867,0.000,deg/s,joint_states,,,,,,,,,,,,,
assignment2_mock_20261007_123707,24.167,1791344254.936170,390,1791344254.896553,camera_color_optical_frame,1,0.4000,0.0000,0.05000,0.038,0,TRACKING,ok,-23.867,0.000,deg/s,joint_states,,,,,,,,,,,,,
assignment2_mock_20261007_123707,24.187,1791344254.956246,391,1791344254.936583,camera_color_optical_frame,1,0.4000,0.0000,0.05000,0.018,0,TRACKING,ok,-23.867,0.000,deg/s,joint_states,,,,,,,,,,,,,
assignment2_mock_20261007_123707,24.208,1791344254.977324,392,1791344254.956670,camera_color_optical_frame,1,0.4000,0.0000,0.05000,0.018,0,TRACKING,ok,-23.867,0.000,deg/s,joint_states,,,,,,,,,,,,,
assignment2_mock_20261007_123707,24.228,1791344254.997491,392,1791344254.956670,camera_color_optical_frame,1,0.4000,0.0000,0.05000,0.039,0,TRACKING,ok,-23.867,0.000,deg/s,joint_states,,,,,,,,,,,,,
assignment2_mock_20261007_123707,24.248,1791344255.017371,393,1791344254.998301,camera_color_optical_frame,1,0.4000,0.0000,0.05000,0.016,0,TRACKING,ok,-23.867,0.000,deg/s,joint_states,,,,,,,,,,,,,
assignment2_mock_20261007_123707,24.267,1791344255.036164,393,1791344254.998301,camera_color_optical_frame,1,0.4000,0.0000,0.05000,0.035,0,TRACKING,ok,-23.867,0.000,deg/s,joint_states,,,,,,,,,,,,,
assignment2_mock_20261007_123707,24.288,1791344255.056872,394,1791344255.036551,camera_color_optical_frame,1,0.4000,0.0000,0.05000,0.018,0,TRACKING,ok,-23.867,0.000,deg/s,joint_states,,,,,,,,,,,,,
assignment2_mock_20261007_123707,24.308,1791344255.077497,395,1791344255.057599,camera_color_optical_frame,1,0.4000,0.0000,0.05000,0.017,0,TRACKING,ok,-23.867,0.000,deg/s,joint_states,,,,,,,,,,,,,
assignment2_mock_20261007_123707,24.328,1791344255.097062,395,1791344255.057599,camera_color_optical_frame,1,0.4000,0.0000,0.05000,0.037,0,TRACKING,ok,-23.867,0.000,deg/s,joint_states,,,,,,,,,,,,,
assignment2_mock_20261007_123707,24.348,1791344255.117386,396,1791344255.097905,camera_color_optical_frame,1,0.4000,0.0000,0.05000,0.017,0,TRACKING,ok,-23.867,0.000,deg/s,joint_states,,,,,,,,,,,,,
assignment2_mock_20261007_123707,24.368,1791344255.137517,396,1791344255.097905,camera_color_optical_frame,1,0.4000,0.0000,0.05000,0.037,0,TRACKING,ok,-23.867,0.000,deg/s,joint_states,,,,,,,,,,,,,
assignment2_mock_20261007_123707,24.388,1791344255.157327,397,1791344255.138255,camera_color_optical_frame,1,0.4000,0.0000,0.05000,0.016,0,TRACKING,ok,-23.867,0.000,deg/s,joint_states,,,,,,,,,,,,,
assignment2_mock_20261007_123707,24.407,1791344255.176178,398,1791344255.158260,camera_color_optical_frame,1,0.4000,0.0000,0.05000,0.015,0,TRACKING,ok,-23.867,0.000,deg/s,joint_states,,,,,,,,,,,,,
assignment2_mock_20261007_123707,24.427,1791344255.196186,398,1791344255.158260,camera_color_optical_frame,1,0.4000,0.0000,0.05000,0.035,0,TRACKING,ok,-23.867,0.000,deg/s,joint_states,,,,,,,,,,,,,
assignment2_mock_20261007_123707,24.448,1791344255.216552,399,1791344255.196592,camera_color_optical_frame,1,0.4000,0.0000,0.05000,0.018,0,TRACKING,ok,-23.867,0.000,deg/s,joint_states,,,,,,,,,,,,,
assignment2_mock_20261007_123707,24.467,1791344255.236249,399,1791344255.196592,camera_color_optical_frame,1,0.4000,0.0000,0.05000,0.037,0,TRACKING,ok,-23.867,0.000,deg/s,joint_states,,,,,,,,,,,,,
assignment2_mock_20261007_123707,24.488,1791344255.257509,400,1791344255.236675,camera_color_optical_frame,1,0.4000,0.0000,0.05000,0.018,0,TRACKING,ok,-23.867,0.000,deg/s,joint_states,,,,,,,,,,,,,
assignment2_mock_20261007_123707,24.507,1791344255.276567,401,1791344255.258255,camera_color_optical_frame,1,0.4000,0.0000,0.05000,0.015,0,TRACKING,ok,-23.867,0.000,deg/s,joint_states,,,,,,,,,,,,,
assignment2_mock_20261007_123707,24.527,1791344255.296185,401,1791344255.258255,camera_color_optical_frame,1,0.4000,0.0000,0.05000,0.035,0,TRACKING,ok,-23.867,0.000,deg/s,joint_states,,,,,,,,,,,,,
assignment2_mock_20261007_123707,24.548,1791344255.317071,402,1791344255.296579,camera_color_optical_frame,1,0.4000,0.0000,0.05000,0.019,0,TRACKING,ok,-23.867,0.000,deg/s,joint_states,,,,,,,,,,,,,
assignment2_mock_20261007_123707,24.567,1791344255.336519,402,1791344255.296579,camera_color_optical_frame,1,0.4000,0.0000,0.05000,0.038,0,TRACKING,ok,-23.867,0.000,deg/s,joint_states,,,,,,,,,,,,,
assignment2_mock_20261007_123707,24.588,1791344255.357046,403,1791344255.337001,camera_color_optical_frame,1,0.4000,0.0000,0.05000,0.018,0,TRACKING,ok,-23.867,0.000,deg/s,joint_states,,,,,,,,,,,,,
assignment2_mock_20261007_123707,24.607,1791344255.376425,404,1791344255.357808,camera_color_optical_frame,1,0.4000,0.0000,0.05000,0.016,0,TRACKING,ok,-23.867,0.000,deg/s,joint_states,,,,,,,,,,,,,
assignment2_mock_20261007_123707,24.627,1791344255.396187,404,1791344255.357808,camera_color_optical_frame,1,0.4000,0.0000,0.05000,0.036,0,TRACKING,ok,-23.867,0.000,deg/s,joint_states,,,,,,,,,,,,,
assignment2_mock_20261007_123707,24.648,1791344255.417009,405,1791344255.396683,camera_color_optical_frame,1,0.4000,0.0000,0.05000,0.018,0,TRACKING,ok,-23.867,0.000,deg/s,joint_states,,,,,,,,,,,,,
assignment2_mock_20261007_123707,24.667,1791344255.436184,405,1791344255.396683,camera_color_optical_frame,1,0.4000,0.0000,0.05000,0.038,0,TRACKING,ok,-23.867,0.000,deg/s,joint_states,,,,,,,,,,,,,
assignment2_mock_20261007_123707,24.688,1791344255.457049,406,1791344255.436571,camera_color_optical_frame,1,0.4000,0.0000,0.05000,0.019,0,TRACKING,ok,-23.867,0.000,deg/s,joint_states,,,,,,,,,,,,,
assignment2_mock_20261007_123707,24.707,1791344255.476135,407,1791344255.457816,camera_color_optical_frame,1,0.4000,0.0000,0.05000,0.016,0,TRACKING,ok,-23.867,0.000,deg/s,joint_states,,,,,,,,,,,,,
assignment2_mock_20261007_123707,24.727,1791344255.496197,407,1791344255.457816,camera_color_optical_frame,1,0.4000,0.0000,0.05000,0.036,0,TRACKING,ok,-23.867,0.000,deg/s,joint_states,,,,,,,,,,,,,
assignment2_mock_20261007_123707,24.748,1791344255.517061,408,1791344255.496586,camera_color_optical_frame,1,0.4000,0.0000,0.05000,0.019,0,TRACKING,ok,-23.867,0.000,deg/s,joint_states,,,,,,,,,,,,,
assignment2_mock_20261007_123707,24.767,1791344255.536254,408,1791344255.496586,camera_color_optical_frame,1,0.4000,0.0000,0.05000,0.038,0,TRACKING,ok,-23.867,0.000,deg/s,joint_states,,,,,,,,,,,,,
assignment2_mock_20261007_123707,24.788,1791344255.557344,409,1791344255.536685,camera_color_optical_frame,1,0.4000,0.0000,0.05000,0.019,0,TRACKING,ok,-23.867,0.000,deg/s,joint_states,,,,,,,,,,,,,
assignment2_mock_20261007_123707,24.807,1791344255.576071,410,1791344255.558212,camera_color_optical_frame,1,0.4000,0.0000,0.05000,0.015,0,TRACKING,ok,-23.867,0.000,deg/s,joint_states,,,,,,,,,,,,,
assignment2_mock_20261007_123707,24.827,1791344255.596480,410,1791344255.558212,camera_color_optical_frame,1,0.4000,0.0000,0.05000,0.035,0,TRACKING,ok,-23.867,0.000,deg/s,joint_states,,,,,,,,,,,,,
assignment2_mock_20261007_123707,24.848,1791344255.617075,411,1791344255.596964,camera_color_optical_frame,1,0.4000,0.0000,0.05000,0.017,0,TRACKING,ok,-23.867,0.000,deg/s,joint_states,,,,,,,,,,,,,
assignment2_mock_20261007_123707,24.868,1791344255.637172,411,1791344255.596964,camera_color_optical_frame,1,0.4000,0.0000,0.05000,0.037,0,TRACKING,ok,-23.867,0.000,deg/s,joint_states,,,,,,,,,,,,,
assignment2_mock_20261007_123707,24.887,1791344255.656158,412,1791344255.637907,camera_color_optical_frame,1,0.4000,0.0000,0.05000,0.016,0,TRACKING,ok,-23.867,0.000,deg/s,joint_states,,,,,,,,,,,,,
assignment2_mock_20261007_123707,24.907,1791344255.676350,413,1791344255.656562,camera_color_optical_frame,1,0.4000,0.0000,0.05000,0.018,0,TRACKING,ok,-23.867,0.000,deg/s,joint_states,,,,,,,,,,,,,
assignment2_mock_20261007_123707,24.927,1791344255.696581,413,1791344255.656562,camera_color_optical_frame,1,0.4000,0.0000,0.05000,0.038,0,TRACKING,ok,-23.867,0.000,deg/s,joint_states,,,,,,,,,,,,,
assignment2_mock_20261007_123707,24.948,1791344255.717392,414,1791344255.697096,camera_color_optical_frame,1,0.4000,0.0000,0.05000,0.017,0,TRACKING,ok,-23.867,0.000,deg/s,joint_states,,,,,,,,,,,,,
assignment2_mock_20261007_123707,24.967,1791344255.736541,414,1791344255.697096,camera_color_optical_frame,1,0.4000,0.0000,0.05000,0.036,0,TRACKING,ok,-23.867,0.000,deg/s,joint_states,,,,,,,,,,,,,
assignment2_mock_20261007_123707,24.988,1791344255.757463,415,1791344255.737069,camera_color_optical_frame,1,0.4000,0.0000,0.05000,0.018,0,TRACKING,ok,-23.867,0.000,deg/s,joint_states,,,,,,,,,,,,,
assignment2_mock_20261007_123707,25.008,1791344255.777324,416,1791344255.758200,camera_color_optical_frame,1,0.4000,0.0000,0.05000,0.016,0,TRACKING,ok,-23.867,0.000,deg/s,joint_states,,,,,,,,,,,,,
assignment2_mock_20261007_123707,25.028,1791344255.796715,416,1791344255.758200,camera_color_optical_frame,1,0.4000,0.0000,0.05000,0.035,0,TRACKING,ok,-23.867,0.000,deg/s,joint_states,,,,,,,,,,,,,
assignment2_mock_20261007_123707,25.048,1791344255.817389,417,1791344255.797338,camera_color_optical_frame,1,0.4000,0.0000,0.05000,0.017,0,TRACKING,ok,-23.867,0.000,deg/s,joint_states,,,,,,,,,,,,,
assignment2_mock_20261007_123707,25.067,1791344255.836344,417,1791344255.797338,camera_color_optical_frame,1,0.4000,0.0000,0.05000,0.036,0,TRACKING,ok,-23.867,0.000,deg/s,joint_states,,,,,,,,,,,,,
assignment2_mock_20261007_123707,25.087,1791344255.856493,418,1791344255.836776,camera_color_optical_frame,1,0.4000,0.0000,0.05000,0.018,0,TRACKING,ok,-23.867,0.000,deg/s,joint_states,,,,,,,,,,,,,
assignment2_mock_20261007_123707,25.108,1791344255.877420,419,1791344255.857002,camera_color_optical_frame,1,0.4000,0.0000,0.05000,0.018,0,TRACKING,ok,-23.867,0.000,deg/s,joint_states,,,,,,,,,,,,,
assignment2_mock_20261007_123707,25.127,1791344255.896625,419,1791344255.857002,camera_color_optical_frame,1,0.4000,0.0000,0.05000,0.037,0,TRACKING,ok,-23.867,0.000,deg/s,joint_states,,,,,,,,,,,,,
assignment2_mock_20261007_123707,25.148,1791344255.917072,420,1791344255.897257,camera_color_optical_frame,1,0.4000,0.0000,0.05000,0.017,0,TRACKING,ok,-23.867,0.000,deg/s,joint_states,,,,,,,,,,,,,
assignment2_mock_20261007_123707,25.167,1791344255.936287,420,1791344255.897257,camera_color_optical_frame,1,0.4000,0.0000,0.05000,0.037,0,TRACKING,ok,-23.867,0.000,deg/s,joint_states,,,,,,,,,,,,,
assignment2_mock_20261007_123707,25.188,1791344255.957421,420,1791344255.897257,camera_color_optical_frame,1,0.4000,0.0000,0.05000,0.057,0,TRACKING,ok,-23.867,0.000,deg/s,joint_states,,,,,,,,,,,,,
assignment2_mock_20261007_123707,25.207,1791344255.976142,420,1791344255.897257,camera_color_optical_frame,1,0.4000,0.0000,0.05000,0.077,0,TRACKING,ok,-23.867,0.000,deg/s,joint_states,,,,,,,,,,,,,
assignment2_mock_20261007_123707,25.227,1791344255.996168,420,1791344255.897257,camera_color_optical_frame,1,0.4000,0.0000,0.05000,0.097,0,TRACKING,ok,-23.867,0.000,deg/s,joint_states,,,,,,,,,,,,,
assignment2_mock_20261007_123707,25.248,1791344256.017347,420,1791344255.897257,camera_color_optical_frame,1,0.4000,0.0000,0.05000,0.117,0,TRACKING,ok,-23.867,0.000,deg/s,joint_states,,,,,,,,,,,,,
assignment2_mock_20261007_123707,25.267,1791344256.036172,420,1791344255.897257,camera_color_optical_frame,1,0.4000,0.0000,0.05000,0.137,0,TRACKING,ok,-23.867,0.000,deg/s,joint_states,,,,,,,,,,,,,
assignment2_mock_20261007_123707,25.287,1791344256.056133,420,1791344255.897257,camera_color_optical_frame,1,0.4000,0.0000,0.05000,0.157,0,TRACKING,ok,-23.867,0.000,deg/s,joint_states,,,,,,,,,,,,,
assignment2_mock_20261007_123707,25.307,1791344256.076478,420,1791344255.897257,camera_color_optical_frame,1,0.4000,0.0000,0.05000,0.177,0,TRACKING,ok,-23.867,0.000,deg/s,joint_states,,,,,,,,,,,,,
assignment2_mock_20261007_123707,25.328,1791344256.097503,420,1791344255.897257,camera_color_optical_frame,1,0.4000,0.0000,0.05000,0.197,0,TRACKING,ok,-23.867,0.000,deg/s,joint_states,,,,,,,,,,,,,
assignment2_mock_20261007_123707,25.348,1791344256.117441,420,1791344255.897257,camera_color_optical_frame,1,0.4000,0.0000,0.05000,0.217,0,TRACKING,ok,-23.867,0.000,deg/s,joint_states,,,,,,,,,,,,,
assignment2_mock_20261007_123707,25.368,1791344256.137440,420,1791344255.897257,camera_color_optical_frame,1,0.4000,0.0000,0.05000,0.237,0,TRACKING,ok,-23.867,0.000,deg/s,joint_states,,,,,,,,,,,,,
assignment2_mock_20261007_123707,25.387,1791344256.156095,420,1791344255.897257,camera_color_optical_frame,1,0.4000,0.0000,0.05000,0.257,0,TRACKING,ok,-23.867,0.000,deg/s,joint_states,,,,,,,,,,,,,
assignment2_mock_20261007_123707,25.407,1791344256.176187,420,1791344255.897257,camera_color_optical_frame,1,0.4000,0.0000,0.05000,0.277,0,TRACKING,ok,-23.867,0.000,deg/s,joint_states,,,,,,,,,,,,,
assignment2_mock_20261007_123707,25.427,1791344256.196175,420,1791344255.897257,camera_color_optical_frame,1,0.4000,0.0000,0.05000,0.297,0,TRACKING,ok,-23.867,0.000,deg/s,joint_states,,,,,,,,,,,,,
assignment2_mock_20261007_123707,25.448,1791344256.217044,420,1791344255.897257,camera_color_optical_frame,1,0.4000,0.0000,0.05000,0.317,0,TRACKING,ok,-23.867,0.000,deg/s,joint_states,,,,,,,,,,,,,
assignment2_mock_20261007_123707,25.467,1791344256.236227,420,1791344255.897257,camera_color_optical_frame,1,0.4000,0.0000,0.05000,0.337,0,TRACKING,ok,-23.867,0.000,deg/s,joint_states,,,,,,,,,,,,,
assignment2_mock_20261007_123707,25.488,1791344256.257505,420,1791344255.897257,camera_color_optical_frame,1,0.4000,0.0000,0.05000,0.357,0,TRACKING,ok,-23.867,0.000,deg/s,joint_states,,,,,,,,,,,,,
assignment2_mock_20261007_123707,25.507,1791344256.276145,420,1791344255.897257,camera_color_optical_frame,1,0.4000,0.0000,0.05000,0.377,0,TRACKING,ok,-23.867,0.000,deg/s,joint_states,,,,,,,,,,,,,
assignment2_mock_20261007_123707,25.528,1791344256.296929,420,1791344255.897257,camera_color_optical_frame,1,0.4000,0.0000,0.05000,0.397,0,TRACKING,ok,-23.867,0.000,deg/s,joint_states,,,,,,,,,,,,,
assignment2_mock_20261007_123707,25.547,1791344256.316321,420,1791344255.897257,camera_color_optical_frame,1,0.4000,0.0000,0.05000,0.417,0,TRACKING,ok,-23.867,0.000,deg/s,joint_states,,,,,,,,,,,,,
assignment2_mock_20261007_123707,25.567,1791344256.336437,420,1791344255.897257,camera_color_optical_frame,1,0.4000,0.0000,0.05000,0.437,0,TRACKING,ok,-23.867,0.000,deg/s,joint_states,,,,,,,,,,,,,
assignment2_mock_20261007_123707,25.588,1791344256.357376,420,1791344255.897257,camera_color_optical_frame,1,0.4000,0.0000,0.05000,0.457,0,TRACKING,ok,-23.867,0.000,deg/s,joint_states,,,,,,,,,,,,,
assignment2_mock_20261007_123707,25.608,1791344256.376836,420,1791344255.897257,camera_color_optical_frame,1,0.4000,0.0000,0.05000,0.477,0,TRACKING,ok,-23.867,0.000,deg/s,joint_states,,,,,,,,,,,,,
assignment2_mock_20261007_123707,25.627,1791344256.396138,420,1791344255.897257,camera_color_optical_frame,1,0.4000,0.0000,0.05000,0.497,0,TRACKING,ok,-23.867,0.000,deg/s,joint_states,,,,,,,,,,,,,
assignment2_mock_20261007_123707,25.648,1791344256.420635,420,1791344255.897257,camera_color_optical_frame,1,0.4000,0.0000,0.05000,0.517,0,LOST,input_timeout,0.000,0.000,deg/s,joint_states,,,,,,,,,,,,,
assignment2_mock_20261007_123707,25.667,1791344256.436222,420,1791344255.897257,camera_color_optical_frame,1,0.4000,0.0000,0.05000,0.537,0,LOST,input_timeout,0.000,0.000,deg/s,joint_states,,,,,,,,,,,,,
assignment2_mock_20261007_123707,25.688,1791344256.457299,420,1791344255.897257,camera_color_optical_frame,1,0.4000,0.0000,0.05000,0.557,0,LOST,input_timeout,0.000,0.000,deg/s,joint_states,,,,,,,,,,,,,
assignment2_mock_20261007_123707,25.707,1791344256.476059,420,1791344255.897257,camera_color_optical_frame,1,0.4000,0.0000,0.05000,0.577,0,LOST,input_timeout,0.000,0.000,deg/s,joint_states,,,,,,,,,,,,,
assignment2_mock_20261007_123707,25.728,1791344256.497078,420,1791344255.897257,camera_color_optical_frame,1,0.4000,0.0000,0.05000,0.597,0,LOST,input_timeout,0.000,0.000,deg/s,joint_states,,,,,,,,,,,,,
assignment2_mock_20261007_123707,25.748,1791344256.517154,420,1791344255.897257,camera_color_optical_frame,1,0.4000,0.0000,0.05000,0.617,0,LOST,input_timeout,0.000,0.000,deg/s,joint_states,,,,,,,,,,,,,
assignment2_mock_20261007_123707,25.767,1791344256.536228,420,1791344255.897257,camera_color_optical_frame,1,0.4000,0.0000,0.05000,0.637,0,LOST,input_timeout,0.000,0.000,deg/s,joint_states,,,,,,,,,,,,,
assignment2_mock_20261007_123707,25.788,1791344256.557374,420,1791344255.897257,camera_color_optical_frame,1,0.4000,0.0000,0.05000,0.657,0,LOST,input_timeout,0.000,0.000,deg/s,joint_states,,,,,,,,,,,,,
assignment2_mock_20261007_123707,25.808,1791344256.577466,420,1791344255.897257,camera_color_optical_frame,1,0.4000,0.0000,0.05000,0.677,0,LOST,input_timeout,0.000,0.000,deg/s,joint_states,,,,,,,,,,,,,
assignment2_mock_20261007_123707,25.827,1791344256.596127,420,1791344255.897257,camera_color_optical_frame,1,0.4000,0.0000,0.05000,0.697,0,LOST,input_timeout,0.000,0.000,deg/s,joint_states,,,,,,,,,,,,,
assignment2_mock_20261007_123707,25.848,1791344256.617414,420,1791344255.897257,camera_color_optical_frame,1,0.4000,0.0000,0.05000,0.717,0,LOST,input_timeout,0.000,0.000,deg/s,joint_states,,,,,,,,,,,,,
assignment2_mock_20261007_123707,25.868,1791344256.637174,420,1791344255.897257,camera_color_optical_frame,1,0.4000,0.0000,0.05000,0.737,0,LOST,input_timeout,0.000,0.000,deg/s,joint_states,,,,,,,,,,,,,
assignment2_mock_20261007_123707,25.888,1791344256.657583,420,1791344255.897257,camera_color_optical_frame,1,0.4000,0.0000,0.05000,0.758,0,LOST,input_timeout,0.000,0.000,deg/s,joint_states,,,,,,,,,,,,,
assignment2_mock_20261007_123707,25.908,1791344256.677437,420,1791344255.897257,camera_color_optical_frame,1,0.4000,0.0000,0.05000,0.777,0,LOST,input_timeout,0.000,0.000,deg/s,joint_states,,,,,,,,,,,,,
assignment2_mock_20261007_123707,25.928,1791344256.697023,420,1791344255.897257,camera_color_optical_frame,1,0.4000,0.0000,0.05000,0.797,0,LOST,input_timeout,0.000,0.000,deg/s,joint_states,,,,,,,,,,,,,
assignment2_mock_20261007_123707,25.948,1791344256.717411,420,1791344255.897257,camera_color_optical_frame,1,0.4000,0.0000,0.05000,0.817,0,LOST,input_timeout,0.000,0.000,deg/s,joint_states,,,,,,,,,,,,,
assignment2_mock_20261007_123707,25.967,1791344256.736156,420,1791344255.897257,camera_color_optical_frame,1,0.4000,0.0000,0.05000,0.837,0,LOST,input_timeout,0.000,0.000,deg/s,joint_states,,,,,,,,,,,,,
assignment2_mock_20261007_123707,25.987,1791344256.756156,420,1791344255.897257,camera_color_optical_frame,1,0.4000,0.0000,0.05000,0.857,0,LOST,input_timeout,0.000,0.000,deg/s,joint_states,,,,,,,,,,,,,
assignment2_mock_20261007_123707,26.007,1791344256.776441,420,1791344255.897257,camera_color_optical_frame,1,0.4000,0.0000,0.05000,0.877,0,LOST,input_timeout,0.000,0.000,deg/s,joint_states,,,,,,,,,,,,,
assignment2_mock_20261007_123707,26.028,1791344256.796820,420,1791344255.897257,camera_color_optical_frame,1,0.4000,0.0000,0.05000,0.897,0,LOST,input_timeout,0.000,0.000,deg/s,joint_states,,,,,,,,,,,,,
assignment2_mock_20261007_123707,26.047,1791344256.816624,420,1791344255.897257,camera_color_optical_frame,1,0.4000,0.0000,0.05000,0.917,0,LOST,input_timeout,0.000,0.000,deg/s,joint_states,,,,,,,,,,,,,
assignment2_mock_20261007_123707,26.068,1791344256.837431,420,1791344255.897257,camera_color_optical_frame,1,0.4000,0.0000,0.05000,0.937,0,LOST,input_timeout,0.000,0.000,deg/s,joint_states,,,,,,,,,,,,,
assignment2_mock_20261007_123707,26.087,1791344256.856095,420,1791344255.897257,camera_color_optical_frame,1,0.4000,0.0000,0.05000,0.957,0,LOST,input_timeout,0.000,0.000,deg/s,joint_states,,,,,,,,,,,,,
assignment2_mock_20261007_123707,26.107,1791344256.876155,420,1791344255.897257,camera_color_optical_frame,1,0.4000,0.0000,0.05000,0.977,0,LOST,input_timeout,0.000,0.000,deg/s,joint_states,,,,,,,,,,,,,
assignment2_mock_20261007_123707,26.127,1791344256.896140,420,1791344255.897257,camera_color_optical_frame,1,0.4000,0.0000,0.05000,0.997,0,LOST,input_timeout,0.000,0.000,deg/s,joint_states,,,,,,,,,,,,,
assignment2_mock_20261007_123707,26.147,1791344256.916448,420,1791344255.897257,camera_color_optical_frame,1,0.4000,0.0000,0.05000,1.017,0,LOST,input_timeout,0.000,0.000,deg/s,joint_states,,,,,,,,,,,,,
assignment2_mock_20261007_123707,26.167,1791344256.936503,420,1791344255.897257,camera_color_optical_frame,1,0.4000,0.0000,0.05000,1.037,0,LOST,input_timeout,0.000,0.000,deg/s,joint_states,,,,,,,,,,,,,
assignment2_mock_20261007_123707,26.187,1791344256.956279,420,1791344255.897257,camera_color_optical_frame,1,0.4000,0.0000,0.05000,1.057,0,LOST,input_timeout,0.000,0.000,deg/s,joint_states,,,,,,,,,,,,,
assignment2_mock_20261007_123707,26.208,1791344256.977401,420,1791344255.897257,camera_color_optical_frame,1,0.4000,0.0000,0.05000,1.077,0,LOST,input_timeout,0.000,0.000,deg/s,joint_states,,,,,,,,,,,,,
assignment2_mock_20261007_123707,26.228,1791344256.997024,420,1791344255.897257,camera_color_optical_frame,1,0.4000,0.0000,0.05000,1.097,0,LOST,input_timeout,0.000,0.000,deg/s,joint_states,,,,,,,,,,,,,
assignment2_mock_20261007_123707,26.247,1791344257.016714,420,1791344255.897257,camera_color_optical_frame,1,0.4000,0.0000,0.05000,1.117,0,LOST,input_timeout,0.000,0.000,deg/s,joint_states,,,,,,,,,,,,,
assignment2_mock_20261007_123707,26.267,1791344257.036126,420,1791344255.897257,camera_color_optical_frame,1,0.4000,0.0000,0.05000,1.137,0,LOST,input_timeout,0.000,0.000,deg/s,joint_states,,,,,,,,,,,,,
assignment2_mock_20261007_123707,26.287,1791344257.056221,420,1791344255.897257,camera_color_optical_frame,1,0.4000,0.0000,0.05000,1.157,0,LOST,input_timeout,0.000,0.000,deg/s,joint_states,,,,,,,,,,,,,
assignment2_mock_20261007_123707,26.308,1791344257.077496,420,1791344255.897257,camera_color_optical_frame,1,0.4000,0.0000,0.05000,1.177,0,LOST,input_timeout,0.000,0.000,deg/s,joint_states,,,,,,,,,,,,,
assignment2_mock_20261007_123707,26.327,1791344257.096089,420,1791344255.897257,camera_color_optical_frame,1,0.4000,0.0000,0.05000,1.197,0,LOST,input_timeout,0.000,0.000,deg/s,joint_states,,,,,,,,,,,,,
assignment2_mock_20261007_123707,26.347,1791344257.116140,420,1791344255.897257,camera_color_optical_frame,1,0.4000,0.0000,0.05000,1.217,0,LOST,input_timeout,0.000,0.000,deg/s,joint_states,,,,,,,,,,,,,
assignment2_mock_20261007_123707,26.367,1791344257.136094,420,1791344255.897257,camera_color_optical_frame,1,0.4000,0.0000,0.05000,1.237,0,LOST,input_timeout,0.000,0.000,deg/s,joint_states,,,,,,,,,,,,,
assignment2_mock_20261007_123707,26.387,1791344257.156167,420,1791344255.897257,camera_color_optical_frame,1,0.4000,0.0000,0.05000,1.257,0,LOST,input_timeout,0.000,0.000,deg/s,joint_states,,,,,,,,,,,,,
assignment2_mock_20261007_123707,26.407,1791344257.176130,420,1791344255.897257,camera_color_optical_frame,1,0.4000,0.0000,0.05000,1.277,0,LOST,input_timeout,0.000,0.000,deg/s,joint_states,,,,,,,,,,,,,
assignment2_mock_20261007_123707,26.428,1791344257.197032,420,1791344255.897257,camera_color_optical_frame,1,0.4000,0.0000,0.05000,1.297,0,LOST,input_timeout,0.000,0.000,deg/s,joint_states,,,,,,,,,,,,,
assignment2_mock_20261007_123707,26.447,1791344257.216428,420,1791344255.897257,camera_color_optical_frame,1,0.4000,0.0000,0.05000,1.317,0,LOST,input_timeout,0.000,0.000,deg/s,joint_states,,,,,,,,,,,,,
assignment2_mock_20261007_123707,26.467,1791344257.236305,420,1791344255.897257,camera_color_optical_frame,1,0.4000,0.0000,0.05000,1.337,0,LOST,input_timeout,0.000,0.000,deg/s,joint_states,,,,,,,,,,,,,
assignment2_mock_20261007_123707,26.488,1791344257.257210,420,1791344255.897257,camera_color_optical_frame,1,0.4000,0.0000,0.05000,1.357,0,LOST,input_timeout,0.000,0.000,deg/s,joint_states,,,,,,,,,,,,,
assignment2_mock_20261007_123707,26.507,1791344257.276151,420,1791344255.897257,camera_color_optical_frame,1,0.4000,0.0000,0.05000,1.377,0,LOST,input_timeout,0.000,0.000,deg/s,joint_states,,,,,,,,,,,,,
assignment2_mock_20261007_123707,26.527,1791344257.296381,420,1791344255.897257,camera_color_optical_frame,1,0.4000,0.0000,0.05000,1.397,0,LOST,input_timeout,0.000,0.000,deg/s,joint_states,,,,,,,,,,,,,
assignment2_mock_20261007_123707,26.548,1791344257.316822,420,1791344255.897257,camera_color_optical_frame,1,0.4000,0.0000,0.05000,1.417,0,LOST,input_timeout,0.000,0.000,deg/s,joint_states,,,,,,,,,,,,,
assignment2_mock_20261007_123707,26.568,1791344257.337345,420,1791344255.897257,camera_color_optical_frame,1,0.4000,0.0000,0.05000,1.437,0,LOST,input_timeout,0.000,0.000,deg/s,joint_states,,,,,,,,,,,,,
assignment2_mock_20261007_123707,26.587,1791344257.356085,420,1791344255.897257,camera_color_optical_frame,1,0.4000,0.0000,0.05000,1.457,0,LOST,input_timeout,0.000,0.000,deg/s,joint_states,,,,,,,,,,,,,
assignment2_mock_20261007_123707,26.607,1791344257.376097,420,1791344255.897257,camera_color_optical_frame,1,0.4000,0.0000,0.05000,1.477,0,LOST,input_timeout,0.000,0.000,deg/s,joint_states,,,,,,,,,,,,,
assignment2_mock_20261007_123707,26.627,1791344257.396379,420,1791344255.897257,camera_color_optical_frame,1,0.4000,0.0000,0.05000,1.497,0,LOST,input_timeout,0.000,0.000,deg/s,joint_states,,,,,,,,,,,,,
assignment2_mock_20261007_123707,26.648,1791344257.416970,420,1791344255.897257,camera_color_optical_frame,1,0.4000,0.0000,0.05000,1.517,0,LOST,input_timeout,0.000,0.000,deg/s,joint_states,,,,,,,,,,,,,
assignment2_mock_20261007_123707,26.668,1791344257.437290,420,1791344255.897257,camera_color_optical_frame,1,0.4000,0.0000,0.05000,1.537,0,LOST,input_timeout,0.000,0.000,deg/s,joint_states,,,,,,,,,,,,,
assignment2_mock_20261007_123707,26.687,1791344257.456347,420,1791344255.897257,camera_color_optical_frame,1,0.4000,0.0000,0.05000,1.557,0,LOST,input_timeout,0.000,0.000,deg/s,joint_states,,,,,,,,,,,,,
assignment2_mock_20261007_123707,26.707,1791344257.476075,420,1791344255.897257,camera_color_optical_frame,1,0.4000,0.0000,0.05000,1.577,0,LOST,input_timeout,0.000,0.000,deg/s,joint_states,,,,,,,,,,,,,
assignment2_mock_20261007_123707,26.727,1791344257.496284,420,1791344255.897257,camera_color_optical_frame,1,0.4000,0.0000,0.05000,1.597,0,LOST,input_timeout,0.000,0.000,deg/s,joint_states,,,,,,,,,,,,,
assignment2_mock_20261007_123707,26.748,1791344257.516947,420,1791344255.897257,camera_color_optical_frame,1,0.4000,0.0000,0.05000,1.617,0,LOST,input_timeout,0.000,0.000,deg/s,joint_states,,,,,,,,,,,,,
assignment2_mock_20261007_123707,26.767,1791344257.536135,420,1791344255.897257,camera_color_optical_frame,1,0.4000,0.0000,0.05000,1.637,0,LOST,input_timeout,0.000,0.000,deg/s,joint_states,,,,,,,,,,,,,
assignment2_mock_20261007_123707,26.787,1791344257.556151,420,1791344255.897257,camera_color_optical_frame,1,0.4000,0.0000,0.05000,1.657,0,LOST,input_timeout,0.000,0.000,deg/s,joint_states,,,,,,,,,,,,,
assignment2_mock_20261007_123707,26.808,1791344257.577298,420,1791344255.897257,camera_color_optical_frame,1,0.4000,0.0000,0.05000,1.677,0,LOST,input_timeout,0.000,0.000,deg/s,joint_states,,,,,,,,,,,,,
assignment2_mock_20261007_123707,26.827,1791344257.596094,420,1791344255.897257,camera_color_optical_frame,1,0.4000,0.0000,0.05000,1.697,0,LOST,input_timeout,0.000,0.000,deg/s,joint_states,,,,,,,,,,,,,
assignment2_mock_20261007_123707,26.847,1791344257.616158,420,1791344255.897257,camera_color_optical_frame,1,0.4000,0.0000,0.05000,1.717,0,LOST,input_timeout,0.000,0.000,deg/s,joint_states,,,,,,,,,,,,,
assignment2_mock_20261007_123707,26.868,1791344257.637423,420,1791344255.897257,camera_color_optical_frame,1,0.4000,0.0000,0.05000,1.737,0,LOST,input_timeout,0.000,0.000,deg/s,joint_states,,,,,,,,,,,,,
assignment2_mock_20261007_123707,26.888,1791344257.657329,420,1791344255.897257,camera_color_optical_frame,1,0.4000,0.0000,0.05000,1.757,0,LOST,input_timeout,0.000,0.000,deg/s,joint_states,,,,,,,,,,,,,
assignment2_mock_20261007_123707,26.907,1791344257.676089,420,1791344255.897257,camera_color_optical_frame,1,0.4000,0.0000,0.05000,1.777,0,LOST,input_timeout,0.000,0.000,deg/s,joint_states,,,,,,,,,,,,,
assignment2_mock_20261007_123707,26.927,1791344257.696133,420,1791344255.897257,camera_color_optical_frame,1,0.4000,0.0000,0.05000,1.797,0,LOST,input_timeout,0.000,0.000,deg/s,joint_states,,,,,,,,,,,,,
assignment2_mock_20261007_123707,26.947,1791344257.716645,420,1791344255.897257,camera_color_optical_frame,1,0.4000,0.0000,0.05000,1.817,0,LOST,input_timeout,0.000,0.000,deg/s,joint_states,,,,,,,,,,,,,
assignment2_mock_20261007_123707,26.967,1791344257.736440,420,1791344255.897257,camera_color_optical_frame,1,0.4000,0.0000,0.05000,1.837,0,LOST,input_timeout,0.000,0.000,deg/s,joint_states,,,,,,,,,,,,,
assignment2_mock_20261007_123707,26.987,1791344257.756188,420,1791344255.897257,camera_color_optical_frame,1,0.4000,0.0000,0.05000,1.857,0,LOST,input_timeout,0.000,0.000,deg/s,joint_states,,,,,,,,,,,,,
assignment2_mock_20261007_123707,27.008,1791344257.776683,420,1791344255.897257,camera_color_optical_frame,1,0.4000,0.0000,0.05000,1.877,0,LOST,input_timeout,0.000,0.000,deg/s,joint_states,,,,,,,,,,,,,
assignment2_mock_20261007_123707,27.028,1791344257.797028,420,1791344255.897257,camera_color_optical_frame,1,0.4000,0.0000,0.05000,1.897,0,LOST,input_timeout,0.000,0.000,deg/s,joint_states,,,,,,,,,,,,,
assignment2_mock_20261007_123707,27.047,1791344257.816147,420,1791344255.897257,camera_color_optical_frame,1,0.4000,0.0000,0.05000,1.917,0,LOST,input_timeout,0.000,0.000,deg/s,joint_states,,,,,,,,,,,,,
assignment2_mock_20261007_123707,27.067,1791344257.836185,420,1791344255.897257,camera_color_optical_frame,1,0.4000,0.0000,0.05000,1.937,0,LOST,input_timeout,0.000,0.000,deg/s,joint_states,,,,,,,,,,,,,
assignment2_mock_20261007_123707,27.088,1791344257.857291,420,1791344255.897257,camera_color_optical_frame,1,0.4000,0.0000,0.05000,1.957,0,LOST,input_timeout,0.000,0.000,deg/s,joint_states,,,,,,,,,,,,,
assignment2_mock_20261007_123707,27.107,1791344257.876061,420,1791344255.897257,camera_color_optical_frame,1,0.4000,0.0000,0.05000,1.977,0,LOST,input_timeout,0.000,0.000,deg/s,joint_states,,,,,,,,,,,,,
assignment2_mock_20261007_123707,27.127,1791344257.896165,420,1791344255.897257,camera_color_optical_frame,1,0.4000,0.0000,0.05000,1.997,0,LOST,input_timeout,0.000,0.000,deg/s,joint_states,,,,,,,,,,,,,
assignment2_mock_20261007_123707,27.147,1791344257.916048,420,1791344255.897257,camera_color_optical_frame,1,0.4000,0.0000,0.05000,2.017,0,LOST,input_timeout,0.000,0.000,deg/s,joint_states,,,,,,,,,,,,,
assignment2_mock_20261007_123707,27.168,1791344257.936906,420,1791344255.897257,camera_color_optical_frame,1,0.4000,0.0000,0.05000,2.037,0,LOST,input_timeout,0.000,0.000,deg/s,joint_states,,,,,,,,,,,,,
assignment2_mock_20261007_123707,27.188,1791344257.957040,420,1791344255.897257,camera_color_optical_frame,1,0.4000,0.0000,0.05000,2.057,0,LOST,input_timeout,0.000,0.000,deg/s,joint_states,,,,,,,,,,,,,
assignment2_mock_20261007_123707,27.207,1791344257.976144,420,1791344255.897257,camera_color_optical_frame,1,0.4000,0.0000,0.05000,2.077,0,LOST,input_timeout,0.000,0.000,deg/s,joint_states,,,,,,,,,,,,,
assignment2_mock_20261007_123707,27.227,1791344257.996171,420,1791344255.897257,camera_color_optical_frame,1,0.4000,0.0000,0.05000,2.097,0,LOST,input_timeout,0.000,0.000,deg/s,joint_states,,,,,,,,,,,,,
assignment2_mock_20261007_123707,27.247,1791344258.016073,420,1791344255.897257,camera_color_optical_frame,1,0.4000,0.0000,0.05000,2.117,0,LOST,input_timeout,0.000,0.000,deg/s,joint_states,,,,,,,,,,,,,
assignment2_mock_20261007_123707,27.267,1791344258.036200,420,1791344255.897257,camera_color_optical_frame,1,0.4000,0.0000,0.05000,2.137,0,LOST,input_timeout,0.000,0.000,deg/s,joint_states,,,,,,,,,,,,,
assignment2_mock_20261007_123707,27.288,1791344258.056655,420,1791344255.897257,camera_color_optical_frame,1,0.4000,0.0000,0.05000,2.157,0,LOST,input_timeout,0.000,0.000,deg/s,joint_states,,,,,,,,,,,,,
assignment2_mock_20261007_123707,27.307,1791344258.076215,420,1791344255.897257,camera_color_optical_frame,1,0.4000,0.0000,0.05000,2.177,0,LOST,input_timeout,0.000,0.000,deg/s,joint_states,,,,,,,,,,,,,
assignment2_mock_20261007_123707,27.327,1791344258.096151,420,1791344255.897257,camera_color_optical_frame,1,0.4000,0.0000,0.05000,2.197,0,LOST,input_timeout,0.000,0.000,deg/s,joint_states,,,,,,,,,,,,,
assignment2_mock_20261007_123707,27.347,1791344258.116352,420,1791344255.897257,camera_color_optical_frame,1,0.4000,0.0000,0.05000,2.217,0,LOST,input_timeout,0.000,0.000,deg/s,joint_states,,,,,,,,,,,,,
assignment2_mock_20261007_123707,27.368,1791344258.137353,420,1791344255.897257,camera_color_optical_frame,1,0.4000,0.0000,0.05000,2.237,0,LOST,input_timeout,0.000,0.000,deg/s,joint_states,,,,,,,,,,,,,
assignment2_mock_20261007_123707,27.388,1791344258.157363,420,1791344255.897257,camera_color_optical_frame,1,0.4000,0.0000,0.05000,2.257,0,LOST,input_timeout,0.000,0.000,deg/s,joint_states,,,,,,,,,,,,,
assignment2_mock_20261007_123707,27.408,1791344258.176664,420,1791344255.897257,camera_color_optical_frame,1,0.4000,0.0000,0.05000,2.277,0,LOST,input_timeout,0.000,0.000,deg/s,joint_states,,,,,,,,,,,,,
assignment2_mock_20261007_123707,27.428,1791344258.196772,420,1791344255.897257,camera_color_optical_frame,1,0.4000,0.0000,0.05000,2.297,0,LOST,input_timeout,0.000,0.000,deg/s,joint_states,,,,,,,,,,,,,
assignment2_mock_20261007_123707,27.448,1791344258.217047,420,1791344255.897257,camera_color_optical_frame,1,0.4000,0.0000,0.05000,2.317,0,LOST,input_timeout,0.000,0.000,deg/s,joint_states,,,,,,,,,,,,,
assignment2_mock_20261007_123707,27.468,1791344258.237020,420,1791344255.897257,camera_color_optical_frame,1,0.4000,0.0000,0.05000,2.337,0,LOST,input_timeout,0.000,0.000,deg/s,joint_states,,,,,,,,,,,,,
assignment2_mock_20261007_123707,27.487,1791344258.256253,420,1791344255.897257,camera_color_optical_frame,1,0.4000,0.0000,0.05000,2.357,0,LOST,input_timeout,0.000,0.000,deg/s,joint_states,,,,,,,,,,,,,
assignment2_mock_20261007_123707,27.508,1791344258.276886,420,1791344255.897257,camera_color_optical_frame,1,0.4000,0.0000,0.05000,2.377,0,LOST,input_timeout,0.000,0.000,deg/s,joint_states,,,,,,,,,,,,,
assignment2_mock_20261007_123707,27.527,1791344258.296244,420,1791344255.897257,camera_color_optical_frame,1,0.4000,0.0000,0.05000,2.397,0,LOST,input_timeout,0.000,0.000,deg/s,joint_states,,,,,,,,,,,,,
assignment2_mock_20261007_123707,27.547,1791344258.316307,420,1791344255.897257,camera_color_optical_frame,1,0.4000,0.0000,0.05000,2.417,0,LOST,input_timeout,0.000,0.000,deg/s,joint_states,,,,,,,,,,,,,
assignment2_mock_20261007_123707,27.568,1791344258.336876,420,1791344255.897257,camera_color_optical_frame,1,0.4000,0.0000,0.05000,2.437,0,LOST,input_timeout,0.000,0.000,deg/s,joint_states,,,,,,,,,,,,,
assignment2_mock_20261007_123707,27.588,1791344258.356806,420,1791344255.897257,camera_color_optical_frame,1,0.4000,0.0000,0.05000,2.457,0,LOST,input_timeout,0.000,0.000,deg/s,joint_states,,,,,,,,,,,,,
assignment2_mock_20261007_123707,27.607,1791344258.376363,420,1791344255.897257,camera_color_optical_frame,1,0.4000,0.0000,0.05000,2.477,0,LOST,input_timeout,0.000,0.000,deg/s,joint_states,,,,,,,,,,,,,
assignment2_mock_20261007_123707,27.627,1791344258.396635,420,1791344255.897257,camera_color_optical_frame,1,0.4000,0.0000,0.05000,2.497,0,LOST,input_timeout,0.000,0.000,deg/s,joint_states,,,,,,,,,,,,,
assignment2_mock_20261007_123707,27.648,1791344258.417060,420,1791344255.897257,camera_color_optical_frame,1,0.4000,0.0000,0.05000,2.517,0,LOST,input_timeout,0.000,0.000,deg/s,joint_states,,,,,,,,,,,,,
assignment2_mock_20261007_123707,27.668,1791344258.437282,420,1791344255.897257,camera_color_optical_frame,1,0.4000,0.0000,0.05000,2.537,0,LOST,input_timeout,0.000,0.000,deg/s,joint_states,,,,,,,,,,,,,
assignment2_mock_20261007_123707,27.687,1791344258.456525,421,1791344258.439912,camera_color_optical_frame,1,0.4000,0.0000,0.05000,0.014,0,LOST,confirming_1/3,0.000,0.000,deg/s,joint_states,,,,,,,,,,,,,
assignment2_mock_20261007_123707,27.707,1791344258.476384,421,1791344258.439912,camera_color_optical_frame,1,0.4000,0.0000,0.05000,0.034,0,LOST,confirming_1/3,0.000,0.000,deg/s,joint_states,,,,,,,,,,,,,
assignment2_mock_20261007_123707,27.727,1791344258.496368,421,1791344258.439912,camera_color_optical_frame,1,0.4000,0.0000,0.05000,0.054,0,LOST,confirming_1/3,0.000,0.000,deg/s,joint_states,,,,,,,,,,,,,
assignment2_mock_20261007_123707,27.747,1791344258.516366,421,1791344258.439912,camera_color_optical_frame,1,0.4000,0.0000,0.05000,0.074,0,LOST,confirming_1/3,0.000,0.000,deg/s,joint_states,,,,,,,,,,,,,
assignment2_mock_20261007_123707,27.768,1791344258.537303,421,1791344258.439912,camera_color_optical_frame,1,0.4000,0.0000,0.05000,0.095,0,LOST,confirming_1/3,0.000,0.000,deg/s,joint_states,,,,,,,,,,,,,
assignment2_mock_20261007_123707,27.787,1791344258.556364,421,1791344258.439912,camera_color_optical_frame,1,0.4000,0.0000,0.05000,0.114,0,LOST,confirming_1/3,0.000,0.000,deg/s,joint_states,,,,,,,,,,,,,
assignment2_mock_20261007_123707,27.807,1791344258.576372,421,1791344258.439912,camera_color_optical_frame,1,0.4000,0.0000,0.05000,0.134,0,LOST,confirming_1/3,0.000,0.000,deg/s,joint_states,,,,,,,,,,,,,
assignment2_mock_20261007_123707,27.827,1791344258.596412,421,1791344258.439912,camera_color_optical_frame,1,0.4000,0.0000,0.05000,0.154,0,LOST,confirming_1/3,0.000,0.000,deg/s,joint_states,,,,,,,,,,,,,
assignment2_mock_20261007_123707,27.847,1791344258.616504,421,1791344258.439912,camera_color_optical_frame,1,0.4000,0.0000,0.05000,0.174,0,LOST,confirming_1/3,0.000,0.000,deg/s,joint_states,,,,,,,,,,,,,
assignment2_mock_20261007_123707,27.867,1791344258.636431,421,1791344258.439912,camera_color_optical_frame,1,0.4000,0.0000,0.05000,0.194,0,LOST,confirming_1/3,0.000,0.000,deg/s,joint_states,,,,,,,,,,,,,
assignment2_mock_20261007_123707,27.887,1791344258.656507,421,1791344258.439912,camera_color_optical_frame,1,0.4000,0.0000,0.05000,0.214,0,LOST,confirming_1/3,0.000,0.000,deg/s,joint_states,,,,,,,,,,,,,
assignment2_mock_20261007_123707,27.907,1791344258.676434,421,1791344258.439912,camera_color_optical_frame,1,0.4000,0.0000,0.05000,0.234,0,LOST,confirming_1/3,0.000,0.000,deg/s,joint_states,,,,,,,,,,,,,
assignment2_mock_20261007_123707,27.927,1791344258.696349,421,1791344258.439912,camera_color_optical_frame,1,0.4000,0.0000,0.05000,0.254,0,LOST,confirming_1/3,0.000,0.000,deg/s,joint_states,,,,,,,,,,,,,
assignment2_mock_20261007_123707,27.948,1791344258.717255,421,1791344258.439912,camera_color_optical_frame,1,0.4000,0.0000,0.05000,0.275,0,LOST,confirming_1/3,0.000,0.000,deg/s,joint_states,,,,,,,,,,,,,
assignment2_mock_20261007_123707,27.967,1791344258.736393,421,1791344258.439912,camera_color_optical_frame,1,0.4000,0.0000,0.05000,0.294,0,LOST,confirming_1/3,0.000,0.000,deg/s,joint_states,,,,,,,,,,,,,
assignment2_mock_20261007_123707,27.987,1791344258.756402,421,1791344258.439912,camera_color_optical_frame,1,0.4000,0.0000,0.05000,0.314,0,LOST,confirming_1/3,0.000,0.000,deg/s,joint_states,,,,,,,,,,,,,
assignment2_mock_20261007_123707,28.007,1791344258.776296,421,1791344258.439912,camera_color_optical_frame,1,0.4000,0.0000,0.05000,0.334,0,LOST,confirming_1/3,0.000,0.000,deg/s,joint_states,,,,,,,,,,,,,
assignment2_mock_20261007_123707,28.027,1791344258.796535,421,1791344258.439912,camera_color_optical_frame,1,0.4000,0.0000,0.05000,0.355,0,LOST,confirming_1/3,0.000,0.000,deg/s,joint_states,,,,,,,,,,,,,
assignment2_mock_20261007_123707,28.047,1791344258.816385,421,1791344258.439912,camera_color_optical_frame,1,0.4000,0.0000,0.05000,0.374,0,LOST,confirming_1/3,0.000,0.000,deg/s,joint_states,,,,,,,,,,,,,
assignment2_mock_20261007_123707,28.067,1791344258.836467,421,1791344258.439912,camera_color_optical_frame,1,0.4000,0.0000,0.05000,0.394,0,LOST,confirming_1/3,0.000,0.000,deg/s,joint_states,,,,,,,,,,,,,
assignment2_mock_20261007_123707,28.087,1791344258.856424,421,1791344258.439912,camera_color_optical_frame,1,0.4000,0.0000,0.05000,0.414,0,LOST,confirming_1/3,0.000,0.000,deg/s,joint_states,,,,,,,,,,,,,
assignment2_mock_20261007_123707,28.107,1791344258.876349,421,1791344258.439912,camera_color_optical_frame,1,0.4000,0.0000,0.05000,0.434,0,LOST,confirming_1/3,0.000,0.000,deg/s,joint_states,,,,,,,,,,,,,
assignment2_mock_20261007_123707,28.128,1791344258.897165,421,1791344258.439912,camera_color_optical_frame,1,0.4000,0.0000,0.05000,0.455,0,LOST,confirming_1/3,0.000,0.000,deg/s,joint_states,,,,,,,,,,,,,
assignment2_mock_20261007_123707,28.147,1791344258.916445,421,1791344258.439912,camera_color_optical_frame,1,0.4000,0.0000,0.05000,0.474,0,LOST,confirming_1/3,0.000,0.000,deg/s,joint_states,,,,,,,,,,,,,
assignment2_mock_20261007_123707,28.167,1791344258.936424,421,1791344258.439912,camera_color_optical_frame,1,0.4000,0.0000,0.05000,0.494,0,LOST,confirming_1/3,0.000,0.000,deg/s,joint_states,,,,,,,,,,,,,
assignment2_mock_20261007_123707,28.187,1791344258.956264,421,1791344258.439912,camera_color_optical_frame,1,0.4000,0.0000,0.05000,0.514,0,LOST,input_timeout,0.000,0.000,deg/s,joint_states,,,,,,,,,,,,,
assignment2_mock_20261007_123707,28.207,1791344258.976386,421,1791344258.439912,camera_color_optical_frame,1,0.4000,0.0000,0.05000,0.534,0,LOST,input_timeout,0.000,0.000,deg/s,joint_states,,,,,,,,,,,,,
assignment2_mock_20261007_123707,28.227,1791344258.996320,421,1791344258.439912,camera_color_optical_frame,1,0.4000,0.0000,0.05000,0.554,0,LOST,input_timeout,0.000,0.000,deg/s,joint_states,,,,,,,,,,,,,
assignment2_mock_20261007_123707,28.247,1791344259.016441,421,1791344258.439912,camera_color_optical_frame,1,0.4000,0.0000,0.05000,0.574,0,LOST,input_timeout,0.000,0.000,deg/s,joint_states,,,,,,,,,,,,,
assignment2_mock_20261007_123707,28.267,1791344259.036406,421,1791344258.439912,camera_color_optical_frame,1,0.4000,0.0000,0.05000,0.594,0,LOST,input_timeout,0.000,0.000,deg/s,joint_states,,,,,,,,,,,,,
assignment2_mock_20261007_123707,28.287,1791344259.056419,421,1791344258.439912,camera_color_optical_frame,1,0.4000,0.0000,0.05000,0.614,0,LOST,input_timeout,0.000,0.000,deg/s,joint_states,,,,,,,,,,,,,
assignment2_mock_20261007_123707,28.307,1791344259.076345,421,1791344258.439912,camera_color_optical_frame,1,0.4000,0.0000,0.05000,0.634,0,LOST,input_timeout,0.000,0.000,deg/s,joint_states,,,,,,,,,,,,,
assignment2_mock_20261007_123707,28.327,1791344259.096383,421,1791344258.439912,camera_color_optical_frame,1,0.4000,0.0000,0.05000,0.654,0,LOST,input_timeout,0.000,0.000,deg/s,joint_states,,,,,,,,,,,,,
assignment2_mock_20261007_123707,28.347,1791344259.116415,421,1791344258.439912,camera_color_optical_frame,1,0.4000,0.0000,0.05000,0.674,0,LOST,input_timeout,0.000,0.000,deg/s,joint_states,,,,,,,,,,,,,
assignment2_mock_20261007_123707,28.367,1791344259.136356,421,1791344258.439912,camera_color_optical_frame,1,0.4000,0.0000,0.05000,0.694,0,LOST,input_timeout,0.000,0.000,deg/s,joint_states,,,,,,,,,,,,,
assignment2_mock_20261007_123707,28.387,1791344259.156464,421,1791344258.439912,camera_color_optical_frame,1,0.4000,0.0000,0.05000,0.714,0,LOST,input_timeout,0.000,0.000,deg/s,joint_states,,,,,,,,,,,,,
assignment2_mock_20261007_123707,28.407,1791344259.176399,421,1791344258.439912,camera_color_optical_frame,1,0.4000,0.0000,0.05000,0.734,0,LOST,input_timeout,0.000,0.000,deg/s,joint_states,,,,,,,,,,,,,
assignment2_mock_20261007_123707,28.427,1791344259.196340,421,1791344258.439912,camera_color_optical_frame,1,0.4000,0.0000,0.05000,0.754,0,LOST,input_timeout,0.000,0.000,deg/s,joint_states,,,,,,,,,,,,,
assignment2_mock_20261007_123707,28.448,1791344259.216694,421,1791344258.439912,camera_color_optical_frame,1,0.4000,0.0000,0.05000,0.775,0,LOST,input_timeout,0.000,0.000,deg/s,joint_states,,,,,,,,,,,,,
assignment2_mock_20261007_123707,28.468,1791344259.237514,421,1791344258.439912,camera_color_optical_frame,1,0.4000,0.0000,0.05000,0.795,0,LOST,input_timeout,0.000,0.000,deg/s,joint_states,,,,,,,,,,,,,
assignment2_mock_20261007_123707,28.488,1791344259.257404,421,1791344258.439912,camera_color_optical_frame,1,0.4000,0.0000,0.05000,0.815,0,LOST,input_timeout,0.000,0.000,deg/s,joint_states,,,,,,,,,,,,,
assignment2_mock_20261007_123707,28.508,1791344259.277201,421,1791344258.439912,camera_color_optical_frame,1,0.4000,0.0000,0.05000,0.835,0,LOST,input_timeout,0.000,0.000,deg/s,joint_states,,,,,,,,,,,,,
assignment2_mock_20261007_123707,28.528,1791344259.297505,421,1791344258.439912,camera_color_optical_frame,1,0.4000,0.0000,0.05000,0.855,0,LOST,input_timeout,0.000,0.000,deg/s,joint_states,,,,,,,,,,,,,
assignment2_mock_20261007_123707,28.548,1791344259.317230,421,1791344258.439912,camera_color_optical_frame,1,0.4000,0.0000,0.05000,0.875,0,LOST,input_timeout,0.000,0.000,deg/s,joint_states,,,,,,,,,,,,,
assignment2_mock_20261007_123707,28.568,1791344259.336908,421,1791344258.439912,camera_color_optical_frame,1,0.4000,0.0000,0.05000,0.895,0,LOST,input_timeout,0.000,0.000,deg/s,joint_states,,,,,,,,,,,,,
assignment2_mock_20261007_123707,28.588,1791344259.356900,421,1791344258.439912,camera_color_optical_frame,1,0.4000,0.0000,0.05000,0.915,0,LOST,input_timeout,0.000,0.000,deg/s,joint_states,,,,,,,,,,,,,
assignment2_mock_20261007_123707,28.608,1791344259.377390,421,1791344258.439912,camera_color_optical_frame,1,0.4000,0.0000,0.05000,0.935,0,LOST,input_timeout,0.000,0.000,deg/s,joint_states,,,,,,,,,,,,,
assignment2_mock_20261007_123707,28.628,1791344259.397280,421,1791344258.439912,camera_color_optical_frame,1,0.4000,0.0000,0.05000,0.955,0,LOST,input_timeout,0.000,0.000,deg/s,joint_states,,,,,,,,,,,,,
assignment2_mock_20261007_123707,28.648,1791344259.416769,421,1791344258.439912,camera_color_optical_frame,1,0.4000,0.0000,0.05000,0.975,0,LOST,input_timeout,0.000,0.000,deg/s,joint_states,,,,,,,,,,,,,
assignment2_mock_20261007_123707,28.668,1791344259.437479,421,1791344258.439912,camera_color_optical_frame,1,0.4000,0.0000,0.05000,0.995,0,LOST,input_timeout,0.000,0.000,deg/s,joint_states,,,,,,,,,,,,,
assignment2_mock_20261007_123707,28.688,1791344259.458194,421,1791344258.439912,camera_color_optical_frame,1,0.4000,0.0000,0.05000,1.015,0,LOST,input_timeout,0.000,0.000,deg/s,joint_states,,,,,,,,,,,,,
assignment2_mock_20261007_123707,28.707,1791344259.476527,421,1791344258.439912,camera_color_optical_frame,1,0.4000,0.0000,0.05000,1.034,0,LOST,input_timeout,0.000,0.000,deg/s,joint_states,,,,,,,,,,,,,
assignment2_mock_20261007_123707,28.728,1791344259.496908,421,1791344258.439912,camera_color_optical_frame,1,0.4000,0.0000,0.05000,1.055,0,LOST,input_timeout,0.000,0.000,deg/s,joint_states,,,,,,,,,,,,,
assignment2_mock_20261007_123707,28.747,1791344259.516451,421,1791344258.439912,camera_color_optical_frame,1,0.4000,0.0000,0.05000,1.074,0,LOST,input_timeout,0.000,0.000,deg/s,joint_states,,,,,,,,,,,,,
assignment2_mock_20261007_123707,28.767,1791344259.536407,421,1791344258.439912,camera_color_optical_frame,1,0.4000,0.0000,0.05000,1.094,0,LOST,input_timeout,0.000,0.000,deg/s,joint_states,,,,,,,,,,,,,
assignment2_mock_20261007_123707,28.787,1791344259.556395,421,1791344258.439912,camera_color_optical_frame,1,0.4000,0.0000,0.05000,1.114,0,LOST,input_timeout,0.000,0.000,deg/s,joint_states,,,,,,,,,,,,,
assignment2_mock_20261007_123707,28.807,1791344259.576391,421,1791344258.439912,camera_color_optical_frame,1,0.4000,0.0000,0.05000,1.134,0,LOST,input_timeout,0.000,0.000,deg/s,joint_states,,,,,,,,,,,,,
assignment2_mock_20261007_123707,28.827,1791344259.596420,421,1791344258.439912,camera_color_optical_frame,1,0.4000,0.0000,0.05000,1.154,0,LOST,input_timeout,0.000,0.000,deg/s,joint_states,,,,,,,,,,,,,
assignment2_mock_20261007_123707,28.847,1791344259.616489,421,1791344258.439912,camera_color_optical_frame,1,0.4000,0.0000,0.05000,1.174,0,LOST,input_timeout,0.000,0.000,deg/s,joint_states,,,,,,,,,,,,,
assignment2_mock_20261007_123707,28.867,1791344259.636337,421,1791344258.439912,camera_color_optical_frame,1,0.4000,0.0000,0.05000,1.194,0,LOST,input_timeout,0.000,0.000,deg/s,joint_states,,,,,,,,,,,,,
assignment2_mock_20261007_123707,28.887,1791344259.656333,421,1791344258.439912,camera_color_optical_frame,1,0.4000,0.0000,0.05000,1.214,0,LOST,input_timeout,0.000,0.000,deg/s,joint_states,,,,,,,,,,,,,
assignment2_mock_20261007_123707,28.907,1791344259.676417,421,1791344258.439912,camera_color_optical_frame,1,0.4000,0.0000,0.05000,1.234,0,LOST,input_timeout,0.000,0.000,deg/s,joint_states,,,,,,,,,,,,,
assignment2_mock_20261007_123707,28.927,1791344259.696352,421,1791344258.439912,camera_color_optical_frame,1,0.4000,0.0000,0.05000,1.254,0,LOST,input_timeout,0.000,0.000,deg/s,joint_states,,,,,,,,,,,,,
assignment2_mock_20261007_123707,28.947,1791344259.716353,421,1791344258.439912,camera_color_optical_frame,1,0.4000,0.0000,0.05000,1.274,0,LOST,input_timeout,0.000,0.000,deg/s,joint_states,,,,,,,,,,,,,
assignment2_mock_20261007_123707,28.968,1791344259.736793,421,1791344258.439912,camera_color_optical_frame,1,0.4000,0.0000,0.05000,1.295,0,LOST,input_timeout,0.000,0.000,deg/s,joint_states,,,,,,,,,,,,,
assignment2_mock_20261007_123707,28.988,1791344259.757149,421,1791344258.439912,camera_color_optical_frame,1,0.4000,0.0000,0.05000,1.315,0,LOST,input_timeout,0.000,0.000,deg/s,joint_states,,,,,,,,,,,,,
assignment2_mock_20261007_123707,29.008,1791344259.777575,421,1791344258.439912,camera_color_optical_frame,1,0.4000,0.0000,0.05000,1.335,0,LOST,input_timeout,0.000,0.000,deg/s,joint_states,,,,,,,,,,,,,
assignment2_mock_20261007_123707,29.027,1791344259.796512,421,1791344258.439912,camera_color_optical_frame,1,0.4000,0.0000,0.05000,1.355,0,LOST,input_timeout,0.000,0.000,deg/s,joint_states,,,,,,,,,,,,,
assignment2_mock_20261007_123707,29.048,1791344259.816746,421,1791344258.439912,camera_color_optical_frame,1,0.4000,0.0000,0.05000,1.375,0,LOST,input_timeout,0.000,0.000,deg/s,joint_states,,,,,,,,,,,,,
assignment2_mock_20261007_123707,29.068,1791344259.837147,421,1791344258.439912,camera_color_optical_frame,1,0.4000,0.0000,0.05000,1.395,0,LOST,input_timeout,0.000,0.000,deg/s,joint_states,,,,,,,,,,,,,
assignment2_mock_20261007_123707,29.088,1791344259.856826,421,1791344258.439912,camera_color_optical_frame,1,0.4000,0.0000,0.05000,1.415,0,LOST,input_timeout,0.000,0.000,deg/s,joint_states,,,,,,,,,,,,,
assignment2_mock_20261007_123707,29.108,1791344259.876685,421,1791344258.439912,camera_color_optical_frame,1,0.4000,0.0000,0.05000,1.435,0,LOST,input_timeout,0.000,0.000,deg/s,joint_states,,,,,,,,,,,,,
assignment2_mock_20261007_123707,29.128,1791344259.897273,421,1791344258.439912,camera_color_optical_frame,1,0.4000,0.0000,0.05000,1.455,0,LOST,input_timeout,0.000,0.000,deg/s,joint_states,,,,,,,,,,,,,
assignment2_mock_20261007_123707,29.148,1791344259.917218,421,1791344258.439912,camera_color_optical_frame,1,0.4000,0.0000,0.05000,1.475,0,LOST,input_timeout,0.000,0.000,deg/s,joint_states,,,,,,,,,,,,,
assignment2_mock_20261007_123707,29.168,1791344259.937809,421,1791344258.439912,camera_color_optical_frame,1,0.4000,0.0000,0.05000,1.495,0,LOST,input_timeout,0.000,0.000,deg/s,joint_states,,,,,,,,,,,,,
assignment2_mock_20261007_123707,29.188,1791344259.957366,421,1791344258.439912,camera_color_optical_frame,1,0.4000,0.0000,0.05000,1.515,0,LOST,input_timeout,0.000,0.000,deg/s,joint_states,,,,,,,,,,,,,
assignment2_mock_20261007_123707,29.207,1791344259.976813,421,1791344258.439912,camera_color_optical_frame,1,0.4000,0.0000,0.05000,1.534,0,LOST,input_timeout,0.000,0.000,deg/s,joint_states,,,,,,,,,,,,,
assignment2_mock_20261007_123707,29.227,1791344259.996498,421,1791344258.439912,camera_color_optical_frame,1,0.4000,0.0000,0.05000,1.554,0,LOST,input_timeout,0.000,0.000,deg/s,joint_states,,,,,,,,,,,,,
assignment2_mock_20261007_123707,29.247,1791344260.016582,421,1791344258.439912,camera_color_optical_frame,1,0.4000,0.0000,0.05000,1.574,0,LOST,input_timeout,0.000,0.000,deg/s,joint_states,,,,,,,,,,,,,
assignment2_mock_20261007_123707,29.268,1791344260.037481,421,1791344258.439912,camera_color_optical_frame,1,0.4000,0.0000,0.05000,1.595,0,LOST,input_timeout,0.000,0.000,deg/s,joint_states,,,,,,,,,,,,,
assignment2_mock_20261007_123707,29.288,1791344260.056808,421,1791344258.439912,camera_color_optical_frame,1,0.4000,0.0000,0.05000,1.615,0,LOST,input_timeout,0.000,0.000,deg/s,joint_states,,,,,,,,,,,,,
assignment2_mock_20261007_123707,29.308,1791344260.077092,421,1791344258.439912,camera_color_optical_frame,1,0.4000,0.0000,0.05000,1.635,0,LOST,input_timeout,0.000,0.000,deg/s,joint_states,,,,,,,,,,,,,
assignment2_mock_20261007_123707,29.328,1791344260.097930,421,1791344258.439912,camera_color_optical_frame,1,0.4000,0.0000,0.05000,1.655,0,LOST,input_timeout,0.000,0.000,deg/s,joint_states,,,,,,,,,,,,,
assignment2_mock_20261007_123707,29.348,1791344260.117248,421,1791344258.439912,camera_color_optical_frame,1,0.4000,0.0000,0.05000,1.675,0,LOST,input_timeout,0.000,0.000,deg/s,joint_states,,,,,,,,,,,,,
assignment2_mock_20261007_123707,29.368,1791344260.137059,421,1791344258.439912,camera_color_optical_frame,1,0.4000,0.0000,0.05000,1.695,0,LOST,input_timeout,0.000,0.000,deg/s,joint_states,,,,,,,,,,,,,
assignment2_mock_20261007_123707,29.387,1791344260.156214,421,1791344258.439912,camera_color_optical_frame,1,0.4000,0.0000,0.05000,1.714,0,LOST,input_timeout,0.000,0.000,deg/s,joint_states,,,,,,,,,,,,,
assignment2_mock_20261007_123707,29.407,1791344260.176128,421,1791344258.439912,camera_color_optical_frame,1,0.4000,0.0000,0.05000,1.734,0,LOST,input_timeout,0.000,0.000,deg/s,joint_states,,,,,,,,,,,,,
assignment2_mock_20261007_123707,29.427,1791344260.196598,421,1791344258.439912,camera_color_optical_frame,1,0.4000,0.0000,0.05000,1.754,0,LOST,input_timeout,0.000,0.000,deg/s,joint_states,,,,,,,,,,,,,
assignment2_mock_20261007_123707,29.448,1791344260.216686,421,1791344258.439912,camera_color_optical_frame,1,0.4000,0.0000,0.05000,1.775,0,LOST,input_timeout,0.000,0.000,deg/s,joint_states,,,,,,,,,,,,,
assignment2_mock_20261007_123707,29.468,1791344260.236998,421,1791344258.439912,camera_color_optical_frame,1,0.4000,0.0000,0.05000,1.795,0,LOST,input_timeout,0.000,0.000,deg/s,joint_states,,,,,,,,,,,,,
assignment2_mock_20261007_123707,29.487,1791344260.256084,421,1791344258.439912,camera_color_optical_frame,1,0.4000,0.0000,0.05000,1.814,0,LOST,input_timeout,0.000,0.000,deg/s,joint_states,,,,,,,,,,,,,
assignment2_mock_20261007_123707,29.508,1791344260.277015,421,1791344258.439912,camera_color_optical_frame,1,0.4000,0.0000,0.05000,1.835,0,LOST,input_timeout,0.000,0.000,deg/s,joint_states,,,,,,,,,,,,,
assignment2_mock_20261007_123707,29.527,1791344260.296056,421,1791344258.439912,camera_color_optical_frame,1,0.4000,0.0000,0.05000,1.854,0,LOST,input_timeout,0.000,0.000,deg/s,joint_states,,,,,,,,,,,,,
assignment2_mock_20261007_123707,29.547,1791344260.316420,421,1791344258.439912,camera_color_optical_frame,1,0.4000,0.0000,0.05000,1.874,0,LOST,input_timeout,0.000,0.000,deg/s,joint_states,,,,,,,,,,,,,
assignment2_mock_20261007_123707,29.567,1791344260.336080,421,1791344258.439912,camera_color_optical_frame,1,0.4000,0.0000,0.05000,1.894,0,LOST,input_timeout,0.000,0.000,deg/s,joint_states,,,,,,,,,,,,,
assignment2_mock_20261007_123707,29.587,1791344260.356434,421,1791344258.439912,camera_color_optical_frame,1,0.4000,0.0000,0.05000,1.914,0,LOST,input_timeout,0.000,0.000,deg/s,joint_states,,,,,,,,,,,,,
assignment2_mock_20261007_123707,29.608,1791344260.377429,421,1791344258.439912,camera_color_optical_frame,1,0.4000,0.0000,0.05000,1.935,0,LOST,input_timeout,0.000,0.000,deg/s,joint_states,,,,,,,,,,,,,
assignment2_mock_20261007_123707,29.628,1791344260.397335,421,1791344258.439912,camera_color_optical_frame,1,0.4000,0.0000,0.05000,1.955,0,LOST,input_timeout,0.000,0.000,deg/s,joint_states,,,,,,,,,,,,,
assignment2_mock_20261007_123707,29.647,1791344260.416095,421,1791344258.439912,camera_color_optical_frame,1,0.4000,0.0000,0.05000,1.974,0,LOST,input_timeout,0.000,0.000,deg/s,joint_states,,,,,,,,,,,,,
assignment2_mock_20261007_123707,29.667,1791344260.436257,421,1791344258.439912,camera_color_optical_frame,1,0.4000,0.0000,0.05000,1.994,0,LOST,input_timeout,0.000,0.000,deg/s,joint_states,,,,,,,,,,,,,
assignment2_mock_20261007_123707,29.688,1791344260.457026,421,1791344258.439912,camera_color_optical_frame,1,0.4000,0.0000,0.05000,2.015,0,LOST,input_timeout,0.000,0.000,deg/s,joint_states,,,,,,,,,,,,,
assignment2_mock_20261007_123707,29.708,1791344260.477457,421,1791344258.439912,camera_color_optical_frame,1,0.4000,0.0000,0.05000,2.035,0,LOST,input_timeout,0.000,0.000,deg/s,joint_states,,,,,,,,,,,,,
assignment2_mock_20261007_123707,29.728,1791344260.497274,421,1791344258.439912,camera_color_optical_frame,1,0.4000,0.0000,0.05000,2.055,0,LOST,input_timeout,0.000,0.000,deg/s,joint_states,,,,,,,,,,,,,
assignment2_mock_20261007_123707,29.747,1791344260.516056,421,1791344258.439912,camera_color_optical_frame,1,0.4000,0.0000,0.05000,2.074,0,LOST,input_timeout,0.000,0.000,deg/s,joint_states,,,,,,,,,,,,,
assignment2_mock_20261007_123707,29.768,1791344260.537279,421,1791344258.439912,camera_color_optical_frame,1,0.4000,0.0000,0.05000,2.095,0,LOST,input_timeout,0.000,0.000,deg/s,joint_states,,,,,,,,,,,,,
assignment2_mock_20261007_123707,29.787,1791344260.556062,421,1791344258.439912,camera_color_optical_frame,1,0.4000,0.0000,0.05000,2.114,0,LOST,input_timeout,0.000,0.000,deg/s,joint_states,,,,,,,,,,,,,
assignment2_mock_20261007_123707,29.807,1791344260.576445,421,1791344258.439912,camera_color_optical_frame,1,0.4000,0.0000,0.05000,2.134,0,LOST,input_timeout,0.000,0.000,deg/s,joint_states,,,,,,,,,,,,,
assignment2_mock_20261007_123707,29.827,1791344260.596460,421,1791344258.439912,camera_color_optical_frame,1,0.4000,0.0000,0.05000,2.154,0,LOST,input_timeout,0.000,0.000,deg/s,joint_states,,,,,,,,,,,,,
assignment2_mock_20261007_123707,29.848,1791344260.617409,421,1791344258.439912,camera_color_optical_frame,1,0.4000,0.0000,0.05000,2.175,0,LOST,input_timeout,0.000,0.000,deg/s,joint_states,,,,,,,,,,,,,
assignment2_mock_20261007_123707,29.867,1791344260.636055,421,1791344258.439912,camera_color_optical_frame,1,0.4000,0.0000,0.05000,2.194,0,LOST,input_timeout,0.000,0.000,deg/s,joint_states,,,,,,,,,,,,,
assignment2_mock_20261007_123707,29.887,1791344260.656472,421,1791344258.439912,camera_color_optical_frame,1,0.4000,0.0000,0.05000,2.214,0,LOST,input_timeout,0.000,0.000,deg/s,joint_states,,,,,,,,,,,,,
assignment2_mock_20261007_123707,29.907,1791344260.676081,421,1791344258.439912,camera_color_optical_frame,1,0.4000,0.0000,0.05000,2.234,0,LOST,input_timeout,0.000,0.000,deg/s,joint_states,,,,,,,,,,,,,
assignment2_mock_20261007_123707,29.927,1791344260.696084,421,1791344258.439912,camera_color_optical_frame,1,0.4000,0.0000,0.05000,2.254,0,LOST,input_timeout,0.000,0.000,deg/s,joint_states,,,,,,,,,,,,,
assignment2_mock_20261007_123707,29.947,1791344260.716180,421,1791344258.439912,camera_color_optical_frame,1,0.4000,0.0000,0.05000,2.274,0,LOST,input_timeout,0.000,0.000,deg/s,joint_states,,,,,,,,,,,,,
assignment2_mock_20261007_123707,29.967,1791344260.736320,421,1791344258.439912,camera_color_optical_frame,1,0.4000,0.0000,0.05000,2.294,0,LOST,input_timeout,0.000,0.000,deg/s,joint_states,,,,,,,,,,,,,
assignment2_mock_20261007_123707,29.988,1791344260.757446,421,1791344258.439912,camera_color_optical_frame,1,0.4000,0.0000,0.05000,2.315,0,LOST,input_timeout,0.000,0.000,deg/s,joint_states,,,,,,,,,,,,,
assignment2_mock_20261007_123707,30.008,1791344260.777317,421,1791344258.439912,camera_color_optical_frame,1,0.4000,0.0000,0.05000,2.335,0,LOST,input_timeout,0.000,0.000,deg/s,joint_states,,,,,,,,,,,,,
assignment2_mock_20261007_123707,30.028,1791344260.797421,421,1791344258.439912,camera_color_optical_frame,1,0.4000,0.0000,0.05000,2.355,0,LOST,input_timeout,0.000,0.000,deg/s,joint_states,,,,,,,,,,,,,
assignment2_mock_20261007_123707,30.048,1791344260.817362,421,1791344258.439912,camera_color_optical_frame,1,0.4000,0.0000,0.05000,2.375,0,LOST,input_timeout,0.000,0.000,deg/s,joint_states,,,,,,,,,,,,,
assignment2_mock_20261007_123707,30.067,1791344260.836040,421,1791344258.439912,camera_color_optical_frame,1,0.4000,0.0000,0.05000,2.394,0,LOST,input_timeout,0.000,0.000,deg/s,joint_states,,,,,,,,,,,,,
assignment2_mock_20261007_123707,30.087,1791344260.856313,421,1791344258.439912,camera_color_optical_frame,1,0.4000,0.0000,0.05000,2.414,0,LOST,input_timeout,0.000,0.000,deg/s,joint_states,,,,,,,,,,,,,
assignment2_mock_20261007_123707,30.108,1791344260.877000,421,1791344258.439912,camera_color_optical_frame,1,0.4000,0.0000,0.05000,2.435,0,LOST,input_timeout,0.000,0.000,deg/s,joint_states,,,,,,,,,,,,,
assignment2_mock_20261007_123707,30.127,1791344260.896083,421,1791344258.439912,camera_color_optical_frame,1,0.4000,0.0000,0.05000,2.454,0,LOST,input_timeout,0.000,0.000,deg/s,joint_states,,,,,,,,,,,,,
assignment2_mock_20261007_123707,30.148,1791344260.917082,421,1791344258.439912,camera_color_optical_frame,1,0.4000,0.0000,0.05000,2.475,0,LOST,input_timeout,0.000,0.000,deg/s,joint_states,,,,,,,,,,,,,
assignment2_mock_20261007_123707,30.168,1791344260.937251,421,1791344258.439912,camera_color_optical_frame,1,0.4000,0.0000,0.05000,2.495,0,LOST,input_timeout,0.000,0.000,deg/s,joint_states,,,,,,,,,,,,,
assignment2_mock_20261007_123707,30.187,1791344260.956247,421,1791344258.439912,camera_color_optical_frame,1,0.4000,0.0000,0.05000,2.514,0,LOST,input_timeout,0.000,0.000,deg/s,joint_states,,,,,,,,,,,,,
assignment2_mock_20261007_123707,30.208,1791344260.976788,421,1791344258.439912,camera_color_optical_frame,1,0.4000,0.0000,0.05000,2.535,0,LOST,input_timeout,0.000,0.000,deg/s,joint_states,,,,,,,,,,,,,
assignment2_mock_20261007_123707,30.228,1791344260.997269,421,1791344258.439912,camera_color_optical_frame,1,0.4000,0.0000,0.05000,2.555,0,LOST,input_timeout,0.000,0.000,deg/s,joint_states,,,,,,,,,,,,,
assignment2_mock_20261007_123707,30.247,1791344261.016083,421,1791344258.439912,camera_color_optical_frame,1,0.4000,0.0000,0.05000,2.574,0,LOST,input_timeout,0.000,0.000,deg/s,joint_states,,,,,,,,,,,,,
assignment2_mock_20261007_123707,30.268,1791344261.037445,421,1791344258.439912,camera_color_optical_frame,1,0.4000,0.0000,0.05000,2.595,0,LOST,input_timeout,0.000,0.000,deg/s,joint_states,,,,,,,,,,,,,
assignment2_mock_20261007_123707,30.288,1791344261.056689,421,1791344258.439912,camera_color_optical_frame,1,0.4000,0.0000,0.05000,2.615,0,LOST,input_timeout,0.000,0.000,deg/s,joint_states,,,,,,,,,,,,,
assignment2_mock_20261007_123707,30.308,1791344261.077026,421,1791344258.439912,camera_color_optical_frame,1,0.4000,0.0000,0.05000,2.635,0,LOST,input_timeout,0.000,0.000,deg/s,joint_states,,,,,,,,,,,,,
assignment2_mock_20261007_123707,30.327,1791344261.096329,421,1791344258.439912,camera_color_optical_frame,1,0.4000,0.0000,0.05000,2.654,0,LOST,input_timeout,0.000,0.000,deg/s,joint_states,,,,,,,,,,,,,
assignment2_mock_20261007_123707,30.348,1791344261.116999,421,1791344258.439912,camera_color_optical_frame,1,0.4000,0.0000,0.05000,2.675,0,LOST,input_timeout,0.000,0.000,deg/s,joint_states,,,,,,,,,,,,,
assignment2_mock_20261007_123707,30.368,1791344261.137263,421,1791344258.439912,camera_color_optical_frame,1,0.4000,0.0000,0.05000,2.695,0,LOST,input_timeout,0.000,0.000,deg/s,joint_states,,,,,,,,,,,,,
assignment2_mock_20261007_123707,30.388,1791344261.157315,421,1791344258.439912,camera_color_optical_frame,1,0.4000,0.0000,0.05000,2.715,0,LOST,input_timeout,0.000,0.000,deg/s,joint_states,,,,,,,,,,,,,
assignment2_mock_20261007_123707,30.407,1791344261.176373,421,1791344258.439912,camera_color_optical_frame,1,0.4000,0.0000,0.05000,2.734,0,LOST,input_timeout,0.000,0.000,deg/s,joint_states,,,,,,,,,,,,,
assignment2_mock_20261007_123707,30.427,1791344261.196270,421,1791344258.439912,camera_color_optical_frame,1,0.4000,0.0000,0.05000,2.754,0,LOST,input_timeout,0.000,0.000,deg/s,joint_states,,,,,,,,,,,,,
assignment2_mock_20261007_123707,30.448,1791344261.217086,421,1791344258.439912,camera_color_optical_frame,1,0.4000,0.0000,0.05000,2.775,0,LOST,input_timeout,0.000,0.000,deg/s,joint_states,,,,,,,,,,,,,
assignment2_mock_20261007_123707,30.467,1791344261.236077,421,1791344258.439912,camera_color_optical_frame,1,0.4000,0.0000,0.05000,2.794,0,LOST,input_timeout,0.000,0.000,deg/s,joint_states,,,,,,,,,,,,,
assignment2_mock_20261007_123707,30.487,1791344261.256163,421,1791344258.439912,camera_color_optical_frame,1,0.4000,0.0000,0.05000,2.814,0,LOST,input_timeout,0.000,0.000,deg/s,joint_states,,,,,,,,,,,,,
assignment2_mock_20261007_123707,30.508,1791344261.277390,421,1791344258.439912,camera_color_optical_frame,1,0.4000,0.0000,0.05000,2.835,0,LOST,input_timeout,0.000,0.000,deg/s,joint_states,,,,,,,,,,,,,
assignment2_mock_20261007_123707,30.527,1791344261.296177,421,1791344258.439912,camera_color_optical_frame,1,0.4000,0.0000,0.05000,2.854,0,LOST,input_timeout,0.000,0.000,deg/s,joint_states,,,,,,,,,,,,,
assignment2_mock_20261007_123707,30.547,1791344261.316314,421,1791344258.439912,camera_color_optical_frame,1,0.4000,0.0000,0.05000,2.874,0,LOST,input_timeout,0.000,0.000,deg/s,joint_states,,,,,,,,,,,,,
assignment2_mock_20261007_123707,30.568,1791344261.336966,421,1791344258.439912,camera_color_optical_frame,1,0.4000,0.0000,0.05000,2.895,0,LOST,input_timeout,0.000,0.000,deg/s,joint_states,,,,,,,,,,,,,
assignment2_mock_20261007_123707,30.587,1791344261.356138,421,1791344258.439912,camera_color_optical_frame,1,0.4000,0.0000,0.05000,2.914,0,LOST,input_timeout,0.000,0.000,deg/s,joint_states,,,,,,,,,,,,,
assignment2_mock_20261007_123707,30.607,1791344261.376362,421,1791344258.439912,camera_color_optical_frame,1,0.4000,0.0000,0.05000,2.934,0,LOST,input_timeout,0.000,0.000,deg/s,joint_states,,,,,,,,,,,,,
assignment2_mock_20261007_123707,30.628,1791344261.397284,421,1791344258.439912,camera_color_optical_frame,1,0.4000,0.0000,0.05000,2.955,0,LOST,input_timeout,0.000,0.000,deg/s,joint_states,,,,,,,,,,,,,
assignment2_mock_20261007_123707,30.648,1791344261.417369,421,1791344258.439912,camera_color_optical_frame,1,0.4000,0.0000,0.05000,2.975,0,LOST,input_timeout,0.000,0.000,deg/s,joint_states,,,,,,,,,,,,,
assignment2_mock_20261007_123707,30.668,1791344261.436649,421,1791344258.439912,camera_color_optical_frame,1,0.4000,0.0000,0.05000,2.995,0,LOST,input_timeout,0.000,0.000,deg/s,joint_states,,,,,,,,,,,,,
assignment2_mock_20261007_123707,30.687,1791344261.456427,421,1791344258.439912,camera_color_optical_frame,1,0.4000,0.0000,0.05000,3.014,0,LOST,input_timeout,0.000,0.000,deg/s,joint_states,,,,,,,,,,,,,
assignment2_mock_20261007_123707,30.708,1791344261.476806,421,1791344258.439912,camera_color_optical_frame,1,0.4000,0.0000,0.05000,3.035,0,LOST,input_timeout,0.000,0.000,deg/s,joint_states,,,,,,,,,,,,,
assignment2_mock_20261007_123707,30.728,1791344261.497459,421,1791344258.439912,camera_color_optical_frame,1,0.4000,0.0000,0.05000,3.055,0,LOST,input_timeout,0.000,0.000,deg/s,joint_states,,,,,,,,,,,,,
assignment2_mock_20261007_123707,30.747,1791344261.516076,421,1791344258.439912,camera_color_optical_frame,1,0.4000,0.0000,0.05000,3.074,0,LOST,input_timeout,0.000,0.000,deg/s,joint_states,,,,,,,,,,,,,
assignment2_mock_20261007_123707,30.767,1791344261.536273,421,1791344258.439912,camera_color_optical_frame,1,0.4000,0.0000,0.05000,3.094,0,LOST,input_timeout,0.000,0.000,deg/s,joint_states,,,,,,,,,,,,,
assignment2_mock_20261007_123707,30.788,1791344261.557411,421,1791344258.439912,camera_color_optical_frame,1,0.4000,0.0000,0.05000,3.115,0,LOST,input_timeout,0.000,0.000,deg/s,joint_states,,,,,,,,,,,,,
assignment2_mock_20261007_123707,30.807,1791344261.576061,421,1791344258.439912,camera_color_optical_frame,1,0.4000,0.0000,0.05000,3.134,0,LOST,input_timeout,0.000,0.000,deg/s,joint_states,,,,,,,,,,,,,
assignment2_mock_20261007_123707,30.828,1791344261.596814,421,1791344258.439912,camera_color_optical_frame,1,0.4000,0.0000,0.05000,3.155,0,LOST,input_timeout,0.000,0.000,deg/s,joint_states,,,,,,,,,,,,,
assignment2_mock_20261007_123707,30.847,1791344261.616169,421,1791344258.439912,camera_color_optical_frame,1,0.4000,0.0000,0.05000,3.174,0,LOST,input_timeout,0.000,0.000,deg/s,joint_states,,,,,,,,,,,,,
assignment2_mock_20261007_123707,30.867,1791344261.636276,421,1791344258.439912,camera_color_optical_frame,1,0.4000,0.0000,0.05000,3.194,0,LOST,input_timeout,0.000,0.000,deg/s,joint_states,,,,,,,,,,,,,
assignment2_mock_20261007_123707,30.888,1791344261.657343,421,1791344258.439912,camera_color_optical_frame,1,0.4000,0.0000,0.05000,3.215,0,LOST,input_timeout,0.000,0.000,deg/s,joint_states,,,,,,,,,,,,,
assignment2_mock_20261007_123707,30.907,1791344261.676533,421,1791344258.439912,camera_color_optical_frame,1,0.4000,0.0000,0.05000,3.234,0,LOST,input_timeout,0.000,0.000,deg/s,joint_states,,,,,,,,,,,,,
assignment2_mock_20261007_123707,30.927,1791344261.696551,421,1791344258.439912,camera_color_optical_frame,1,0.4000,0.0000,0.05000,3.255,0,LOST,input_timeout,0.000,0.000,deg/s,joint_states,,,,,,,,,,,,,
assignment2_mock_20261007_123707,30.947,1791344261.716563,421,1791344258.439912,camera_color_optical_frame,1,0.4000,0.0000,0.05000,3.275,0,LOST,input_timeout,0.000,0.000,deg/s,joint_states,,,,,,,,,,,,,
assignment2_mock_20261007_123707,30.967,1791344261.736264,421,1791344258.439912,camera_color_optical_frame,1,0.4000,0.0000,0.05000,3.294,0,LOST,input_timeout,0.000,0.000,deg/s,joint_states,,,,,,,,,,,,,
assignment2_mock_20261007_123707,30.988,1791344261.756747,421,1791344258.439912,camera_color_optical_frame,1,0.4000,0.0000,0.05000,3.315,0,LOST,input_timeout,0.000,0.000,deg/s,joint_states,,,,,,,,,,,,,
assignment2_mock_20261007_123707,31.007,1791344261.776083,421,1791344258.439912,camera_color_optical_frame,1,0.4000,0.0000,0.05000,3.334,0,LOST,input_timeout,0.000,0.000,deg/s,joint_states,,,,,,,,,,,,,
assignment2_mock_20261007_123707,31.028,1791344261.796785,421,1791344258.439912,camera_color_optical_frame,1,0.4000,0.0000,0.05000,3.355,0,LOST,input_timeout,0.000,0.000,deg/s,joint_states,,,,,,,,,,,,,
assignment2_mock_20261007_123707,31.047,1791344261.816096,421,1791344258.439912,camera_color_optical_frame,1,0.4000,0.0000,0.05000,3.374,0,LOST,input_timeout,0.000,0.000,deg/s,joint_states,,,,,,,,,,,,,
assignment2_mock_20261007_123707,31.067,1791344261.836554,421,1791344258.439912,camera_color_optical_frame,1,0.4000,0.0000,0.05000,3.394,0,LOST,input_timeout,0.000,0.000,deg/s,joint_states,,,,,,,,,,,,,
assignment2_mock_20261007_123707,31.087,1791344261.856152,421,1791344258.439912,camera_color_optical_frame,1,0.4000,0.0000,0.05000,3.414,0,LOST,input_timeout,0.000,0.000,deg/s,joint_states,,,,,,,,,,,,,
assignment2_mock_20261007_123707,31.108,1791344261.876801,421,1791344258.439912,camera_color_optical_frame,1,0.4000,0.0000,0.05000,3.435,0,LOST,input_timeout,0.000,0.000,deg/s,joint_states,,,,,,,,,,,,,
assignment2_mock_20261007_123707,31.127,1791344261.896165,421,1791344258.439912,camera_color_optical_frame,1,0.4000,0.0000,0.05000,3.454,0,LOST,input_timeout,0.000,0.000,deg/s,joint_states,,,,,,,,,,,,,
assignment2_mock_20261007_123707,31.148,1791344261.916647,421,1791344258.439912,camera_color_optical_frame,1,0.4000,0.0000,0.05000,3.475,0,LOST,input_timeout,0.000,0.000,deg/s,joint_states,,,,,,,,,,,,,
assignment2_mock_20261007_123707,31.167,1791344261.936209,421,1791344258.439912,camera_color_optical_frame,1,0.4000,0.0000,0.05000,3.494,0,LOST,input_timeout,0.000,0.000,deg/s,joint_states,,,,,,,,,,,,,
assignment2_mock_20261007_123707,31.188,1791344261.957316,421,1791344258.439912,camera_color_optical_frame,1,0.4000,0.0000,0.05000,3.515,0,LOST,input_timeout,0.000,0.000,deg/s,joint_states,,,,,,,,,,,,,
assignment2_mock_20261007_123707,31.207,1791344261.976096,421,1791344258.439912,camera_color_optical_frame,1,0.4000,0.0000,0.05000,3.534,0,LOST,input_timeout,0.000,0.000,deg/s,joint_states,,,,,,,,,,,,,
assignment2_mock_20261007_123707,31.227,1791344261.996139,421,1791344258.439912,camera_color_optical_frame,1,0.4000,0.0000,0.05000,3.554,0,LOST,input_timeout,0.000,0.000,deg/s,joint_states,,,,,,,,,,,,,
assignment2_mock_20261007_123707,31.248,1791344262.017271,421,1791344258.439912,camera_color_optical_frame,1,0.4000,0.0000,0.05000,3.575,0,LOST,input_timeout,0.000,0.000,deg/s,joint_states,,,,,,,,,,,,,
assignment2_mock_20261007_123707,31.267,1791344262.036378,421,1791344258.439912,camera_color_optical_frame,1,0.4000,0.0000,0.05000,3.594,0,LOST,input_timeout,0.000,0.000,deg/s,joint_states,,,,,,,,,,,,,
assignment2_mock_20261007_123707,31.287,1791344262.056227,421,1791344258.439912,camera_color_optical_frame,1,0.4000,0.0000,0.05000,3.614,0,LOST,input_timeout,0.000,0.000,deg/s,joint_states,,,,,,,,,,,,,
assignment2_mock_20261007_123707,31.307,1791344262.076172,421,1791344258.439912,camera_color_optical_frame,1,0.4000,0.0000,0.05000,3.634,0,LOST,input_timeout,0.000,0.000,deg/s,joint_states,,,,,,,,,,,,,
assignment2_mock_20261007_123707,31.327,1791344262.096141,421,1791344258.439912,camera_color_optical_frame,1,0.4000,0.0000,0.05000,3.654,0,LOST,input_timeout,0.000,0.000,deg/s,joint_states,,,,,,,,,,,,,
assignment2_mock_20261007_123707,31.348,1791344262.116585,421,1791344258.439912,camera_color_optical_frame,1,0.4000,0.0000,0.05000,3.675,0,LOST,input_timeout,0.000,0.000,deg/s,joint_states,,,,,,,,,,,,,
assignment2_mock_20261007_123707,31.367,1791344262.136224,421,1791344258.439912,camera_color_optical_frame,1,0.4000,0.0000,0.05000,3.694,0,LOST,input_timeout,0.000,0.000,deg/s,joint_states,,,,,,,,,,,,,
assignment2_mock_20261007_123707,31.388,1791344262.157272,421,1791344258.439912,camera_color_optical_frame,1,0.4000,0.0000,0.05000,3.715,0,LOST,input_timeout,0.000,0.000,deg/s,joint_states,,,,,,,,,,,,,
assignment2_mock_20261007_123707,31.407,1791344262.176072,421,1791344258.439912,camera_color_optical_frame,1,0.4000,0.0000,0.05000,3.734,0,LOST,input_timeout,0.000,0.000,deg/s,joint_states,,,,,,,,,,,,,
assignment2_mock_20261007_123707,31.428,1791344262.196802,421,1791344258.439912,camera_color_optical_frame,1,0.4000,0.0000,0.05000,3.755,0,LOST,input_timeout,0.000,0.000,deg/s,joint_states,,,,,,,,,,,,,
assignment2_mock_20261007_123707,31.447,1791344262.216096,421,1791344258.439912,camera_color_optical_frame,1,0.4000,0.0000,0.05000,3.774,0,LOST,input_timeout,0.000,0.000,deg/s,joint_states,,,,,,,,,,,,,
assignment2_mock_20261007_123707,31.467,1791344262.236407,421,1791344258.439912,camera_color_optical_frame,1,0.4000,0.0000,0.05000,3.794,0,LOST,input_timeout,0.000,0.000,deg/s,joint_states,,,,,,,,,,,,,
assignment2_mock_20261007_123707,31.488,1791344262.256805,421,1791344258.439912,camera_color_optical_frame,1,0.4000,0.0000,0.05000,3.815,0,LOST,input_timeout,0.000,0.000,deg/s,joint_states,,,,,,,,,,,,,
assignment2_mock_20261007_123707,31.507,1791344262.276158,421,1791344258.439912,camera_color_optical_frame,1,0.4000,0.0000,0.05000,3.834,0,LOST,input_timeout,0.000,0.000,deg/s,joint_states,,,,,,,,,,,,,
assignment2_mock_20261007_123707,31.527,1791344262.296385,421,1791344258.439912,camera_color_optical_frame,1,0.4000,0.0000,0.05000,3.854,0,LOST,input_timeout,0.000,0.000,deg/s,joint_states,,,,,,,,,,,,,
assignment2_mock_20261007_123707,31.547,1791344262.316081,421,1791344258.439912,camera_color_optical_frame,1,0.4000,0.0000,0.05000,3.874,0,LOST,input_timeout,0.000,0.000,deg/s,joint_states,,,,,,,,,,,,,
assignment2_mock_20261007_123707,31.567,1791344262.336158,421,1791344258.439912,camera_color_optical_frame,1,0.4000,0.0000,0.05000,3.894,0,LOST,input_timeout,0.000,0.000,deg/s,joint_states,,,,,,,,,,,,,
assignment2_mock_20261007_123707,31.587,1791344262.356388,421,1791344258.439912,camera_color_optical_frame,1,0.4000,0.0000,0.05000,3.914,0,LOST,input_timeout,0.000,0.000,deg/s,joint_states,,,,,,,,,,,,,
assignment2_mock_20261007_123707,31.608,1791344262.377308,421,1791344258.439912,camera_color_optical_frame,1,0.4000,0.0000,0.05000,3.935,0,LOST,input_timeout,0.000,0.000,deg/s,joint_states,,,,,,,,,,,,,
assignment2_mock_20261007_123707,31.627,1791344262.396085,421,1791344258.439912,camera_color_optical_frame,1,0.4000,0.0000,0.05000,3.954,0,LOST,input_timeout,0.000,0.000,deg/s,joint_states,,,,,,,,,,,,,
assignment2_mock_20261007_123707,31.647,1791344262.416094,421,1791344258.439912,camera_color_optical_frame,1,0.4000,0.0000,0.05000,3.974,0,LOST,input_timeout,0.000,0.000,deg/s,joint_states,,,,,,,,,,,,,
assignment2_mock_20261007_123707,31.667,1791344262.436388,421,1791344258.439912,camera_color_optical_frame,1,0.4000,0.0000,0.05000,3.994,0,LOST,input_timeout,0.000,0.000,deg/s,joint_states,,,,,,,,,,,,,
assignment2_mock_20261007_123707,31.687,1791344262.456537,421,1791344258.439912,camera_color_optical_frame,1,0.4000,0.0000,0.05000,4.014,0,LOST,input_timeout,0.000,0.000,deg/s,joint_states,,,,,,,,,,,,,
assignment2_mock_20261007_123707,31.708,1791344262.477430,421,1791344258.439912,camera_color_optical_frame,1,0.4000,0.0000,0.05000,4.035,0,LOST,input_timeout,0.000,0.000,deg/s,joint_states,,,,,,,,,,,,,
assignment2_mock_20261007_123707,31.727,1791344262.496070,421,1791344258.439912,camera_color_optical_frame,1,0.4000,0.0000,0.05000,4.054,0,LOST,input_timeout,0.000,0.000,deg/s,joint_states,,,,,,,,,,,,,
assignment2_mock_20261007_123707,31.747,1791344262.516253,421,1791344258.439912,camera_color_optical_frame,1,0.4000,0.0000,0.05000,4.074,0,LOST,input_timeout,0.000,0.000,deg/s,joint_states,,,,,,,,,,,,,
assignment2_mock_20261007_123707,31.768,1791344262.537286,421,1791344258.439912,camera_color_optical_frame,1,0.4000,0.0000,0.05000,4.095,0,LOST,input_timeout,0.000,0.000,deg/s,joint_states,,,,,,,,,,,,,
assignment2_mock_20261007_123707,31.787,1791344262.556219,421,1791344258.439912,camera_color_optical_frame,1,0.4000,0.0000,0.05000,4.114,0,LOST,input_timeout,0.000,0.000,deg/s,joint_states,,,,,,,,,,,,,
assignment2_mock_20261007_123707,31.808,1791344262.577284,421,1791344258.439912,camera_color_optical_frame,1,0.4000,0.0000,0.05000,4.135,0,LOST,input_timeout,0.000,0.000,deg/s,joint_states,,,,,,,,,,,,,
assignment2_mock_20261007_123707,31.827,1791344262.596540,421,1791344258.439912,camera_color_optical_frame,1,0.4000,0.0000,0.05000,4.154,0,LOST,input_timeout,0.000,0.000,deg/s,joint_states,,,,,,,,,,,,,
assignment2_mock_20261007_123707,31.847,1791344262.616551,421,1791344258.439912,camera_color_optical_frame,1,0.4000,0.0000,0.05000,4.175,0,LOST,input_timeout,0.000,0.000,deg/s,joint_states,,,,,,,,,,,,,
assignment2_mock_20261007_123707,31.868,1791344262.636677,421,1791344258.439912,camera_color_optical_frame,1,0.4000,0.0000,0.05000,4.195,0,LOST,input_timeout,0.000,0.000,deg/s,joint_states,,,,,,,,,,,,,
assignment2_mock_20261007_123707,31.888,1791344262.657318,421,1791344258.439912,camera_color_optical_frame,1,0.4000,0.0000,0.05000,4.215,0,LOST,input_timeout,0.000,0.000,deg/s,joint_states,,,,,,,,,,,,,
assignment2_mock_20261007_123707,31.908,1791344262.677347,421,1791344258.439912,camera_color_optical_frame,1,0.4000,0.0000,0.05000,4.235,0,LOST,input_timeout,0.000,0.000,deg/s,joint_states,,,,,,,,,,,,,
assignment2_mock_20261007_123707,31.927,1791344262.696089,421,1791344258.439912,camera_color_optical_frame,1,0.4000,0.0000,0.05000,4.254,0,LOST,input_timeout,0.000,0.000,deg/s,joint_states,,,,,,,,,,,,,
assignment2_mock_20261007_123707,31.947,1791344262.716271,421,1791344258.439912,camera_color_optical_frame,1,0.4000,0.0000,0.05000,4.274,0,LOST,input_timeout,0.000,0.000,deg/s,joint_states,,,,,,,,,,,,,
assignment2_mock_20261007_123707,31.967,1791344262.736536,421,1791344258.439912,camera_color_optical_frame,1,0.4000,0.0000,0.05000,4.295,0,LOST,input_timeout,0.000,0.000,deg/s,joint_states,,,,,,,,,,,,,
assignment2_mock_20261007_123707,31.987,1791344262.756478,421,1791344258.439912,camera_color_optical_frame,1,0.4000,0.0000,0.05000,4.314,0,LOST,input_timeout,0.000,0.000,deg/s,joint_states,,,,,,,,,,,,,
assignment2_mock_20261007_123707,32.008,1791344262.776678,421,1791344258.439912,camera_color_optical_frame,1,0.4000,0.0000,0.05000,4.335,0,LOST,input_timeout,0.000,0.000,deg/s,joint_states,,,,,,,,,,,,,
assignment2_mock_20261007_123707,32.027,1791344262.796415,421,1791344258.439912,camera_color_optical_frame,1,0.4000,0.0000,0.05000,4.354,0,LOST,input_timeout,0.000,0.000,deg/s,joint_states,,,,,,,,,,,,,
assignment2_mock_20261007_123707,32.047,1791344262.816143,421,1791344258.439912,camera_color_optical_frame,1,0.4000,0.0000,0.05000,4.374,0,LOST,input_timeout,0.000,0.000,deg/s,joint_states,,,,,,,,,,,,,
assignment2_mock_20261007_123707,32.067,1791344262.836217,421,1791344258.439912,camera_color_optical_frame,1,0.4000,0.0000,0.05000,4.394,0,LOST,input_timeout,0.000,0.000,deg/s,joint_states,,,,,,,,,,,,,
assignment2_mock_20261007_123707,32.088,1791344262.857388,421,1791344258.439912,camera_color_optical_frame,1,0.4000,0.0000,0.05000,4.415,0,LOST,input_timeout,0.000,0.000,deg/s,joint_states,,,,,,,,,,,,,
assignment2_mock_20261007_123707,32.107,1791344262.876081,421,1791344258.439912,camera_color_optical_frame,1,0.4000,0.0000,0.05000,4.434,0,LOST,input_timeout,0.000,0.000,deg/s,joint_states,,,,,,,,,,,,,
assignment2_mock_20261007_123707,32.128,1791344262.896607,421,1791344258.439912,camera_color_optical_frame,1,0.4000,0.0000,0.05000,4.455,0,LOST,input_timeout,0.000,0.000,deg/s,joint_states,,,,,,,,,,,,,
assignment2_mock_20261007_123707,32.147,1791344262.916149,421,1791344258.439912,camera_color_optical_frame,1,0.4000,0.0000,0.05000,4.474,0,LOST,input_timeout,0.000,0.000,deg/s,joint_states,,,,,,,,,,,,,
assignment2_mock_20261007_123707,32.167,1791344262.936548,421,1791344258.439912,camera_color_optical_frame,1,0.4000,0.0000,0.05000,4.495,0,LOST,input_timeout,0.000,0.000,deg/s,joint_states,,,,,,,,,,,,,
assignment2_mock_20261007_123707,32.188,1791344262.957006,421,1791344258.439912,camera_color_optical_frame,1,0.4000,0.0000,0.05000,4.515,0,LOST,input_timeout,0.000,0.000,deg/s,joint_states,,,,,,,,,,,,,
assignment2_mock_20261007_123707,32.207,1791344262.976072,421,1791344258.439912,camera_color_optical_frame,1,0.4000,0.0000,0.05000,4.534,0,LOST,input_timeout,0.000,0.000,deg/s,joint_states,,,,,,,,,,,,,
assignment2_mock_20261007_123707,32.227,1791344262.996467,421,1791344258.439912,camera_color_optical_frame,1,0.4000,0.0000,0.05000,4.554,0,LOST,input_timeout,0.000,0.000,deg/s,joint_states,,,,,,,,,,,,,
assignment2_mock_20261007_123707,32.247,1791344263.016124,421,1791344258.439912,camera_color_optical_frame,1,0.4000,0.0000,0.05000,4.574,0,LOST,input_timeout,0.000,0.000,deg/s,joint_states,,,,,,,,,,,,,
assignment2_mock_20261007_123707,32.267,1791344263.036174,421,1791344258.439912,camera_color_optical_frame,1,0.4000,0.0000,0.05000,4.594,0,LOST,input_timeout,0.000,0.000,deg/s,joint_states,,,,,,,,,,,,,
assignment2_mock_20261007_123707,32.287,1791344263.056404,421,1791344258.439912,camera_color_optical_frame,1,0.4000,0.0000,0.05000,4.614,0,LOST,input_timeout,0.000,0.000,deg/s,joint_states,,,,,,,,,,,,,
assignment2_mock_20261007_123707,32.307,1791344263.076134,421,1791344258.439912,camera_color_optical_frame,1,0.4000,0.0000,0.05000,4.634,0,LOST,input_timeout,0.000,0.000,deg/s,joint_states,,,,,,,,,,,,,
assignment2_mock_20261007_123707,32.327,1791344263.096149,421,1791344258.439912,camera_color_optical_frame,1,0.4000,0.0000,0.05000,4.654,0,LOST,input_timeout,0.000,0.000,deg/s,joint_states,,,,,,,,,,,,,
assignment2_mock_20261007_123707,32.347,1791344263.116391,421,1791344258.439912,camera_color_optical_frame,1,0.4000,0.0000,0.05000,4.674,0,LOST,input_timeout,0.000,0.000,deg/s,joint_states,,,,,,,,,,,,,
assignment2_mock_20261007_123707,32.368,1791344263.136805,421,1791344258.439912,camera_color_optical_frame,1,0.4000,0.0000,0.05000,4.695,0,LOST,input_timeout,0.000,0.000,deg/s,joint_states,,,,,,,,,,,,,
assignment2_mock_20261007_123707,32.388,1791344263.157024,421,1791344258.439912,camera_color_optical_frame,1,0.4000,0.0000,0.05000,4.715,0,LOST,input_timeout,0.000,0.000,deg/s,joint_states,,,,,,,,,,,,,
assignment2_mock_20261007_123707,32.408,1791344263.176651,421,1791344258.439912,camera_color_optical_frame,1,0.4000,0.0000,0.05000,4.735,0,LOST,input_timeout,0.000,0.000,deg/s,joint_states,,,,,,,,,,,,,
assignment2_mock_20261007_123707,32.427,1791344263.196090,421,1791344258.439912,camera_color_optical_frame,1,0.4000,0.0000,0.05000,4.754,0,LOST,input_timeout,0.000,0.000,deg/s,joint_states,,,,,,,,,,,,,
assignment2_mock_20261007_123707,32.447,1791344263.216451,421,1791344258.439912,camera_color_optical_frame,1,0.4000,0.0000,0.05000,4.774,0,LOST,input_timeout,0.000,0.000,deg/s,joint_states,,,,,,,,,,,,,
assignment2_mock_20261007_123707,32.467,1791344263.236138,421,1791344258.439912,camera_color_optical_frame,1,0.4000,0.0000,0.05000,4.794,0,LOST,input_timeout,0.000,0.000,deg/s,joint_states,,,,,,,,,,,,,
assignment2_mock_20261007_123707,32.487,1791344263.256145,421,1791344258.439912,camera_color_optical_frame,1,0.4000,0.0000,0.05000,4.814,0,LOST,input_timeout,0.000,0.000,deg/s,joint_states,,,,,,,,,,,,,
assignment2_mock_20261007_123707,32.508,1791344263.277416,421,1791344258.439912,camera_color_optical_frame,1,0.4000,0.0000,0.05000,4.835,0,LOST,input_timeout,0.000,0.000,deg/s,joint_states,,,,,,,,,,,,,
assignment2_mock_20261007_123707,32.527,1791344263.296057,421,1791344258.439912,camera_color_optical_frame,1,0.4000,0.0000,0.05000,4.854,0,LOST,input_timeout,0.000,0.000,deg/s,joint_states,,,,,,,,,,,,,
assignment2_mock_20261007_123707,32.547,1791344263.316458,421,1791344258.439912,camera_color_optical_frame,1,0.4000,0.0000,0.05000,4.874,0,LOST,input_timeout,0.000,0.000,deg/s,joint_states,,,,,,,,,,,,,
assignment2_mock_20261007_123707,32.568,1791344263.336667,421,1791344258.439912,camera_color_optical_frame,1,0.4000,0.0000,0.05000,4.895,0,LOST,input_timeout,0.000,0.000,deg/s,joint_states,,,,,,,,,,,,,
assignment2_mock_20261007_123707,32.588,1791344263.357013,421,1791344258.439912,camera_color_optical_frame,1,0.4000,0.0000,0.05000,4.915,0,LOST,input_timeout,0.000,0.000,deg/s,joint_states,,,,,,,,,,,,,
assignment2_mock_20261007_123707,32.607,1791344263.376060,421,1791344258.439912,camera_color_optical_frame,1,0.4000,0.0000,0.05000,4.934,0,LOST,input_timeout,0.000,0.000,deg/s,joint_states,,,,,,,,,,,,,
assignment2_mock_20261007_123707,32.627,1791344263.396541,421,1791344258.439912,camera_color_optical_frame,1,0.4000,0.0000,0.05000,4.954,0,LOST,input_timeout,0.000,0.000,deg/s,joint_states,,,,,,,,,,,,,
assignment2_mock_20261007_123707,32.648,1791344263.416656,421,1791344258.439912,camera_color_optical_frame,1,0.4000,0.0000,0.05000,4.975,0,LOST,input_timeout,0.000,0.000,deg/s,joint_states,,,,,,,,,,,,,
assignment2_mock_20261007_123707,32.667,1791344263.436128,421,1791344258.439912,camera_color_optical_frame,1,0.4000,0.0000,0.05000,4.994,0,LOST,input_timeout,0.000,0.000,deg/s,joint_states,,,,,,,,,,,,,
assignment2_mock_20261007_123707,32.688,1791344263.457320,421,1791344258.439912,camera_color_optical_frame,1,0.4000,0.0000,0.05000,5.015,0,LOST,input_timeout,0.000,0.000,deg/s,joint_states,,,,,,,,,,,,,
assignment2_mock_20261007_123707,32.708,1791344263.476822,421,1791344258.439912,camera_color_optical_frame,1,0.4000,0.0000,0.05000,5.035,0,LOST,input_timeout,0.000,0.000,deg/s,joint_states,,,,,,,,,,,,,
assignment2_mock_20261007_123707,32.727,1791344263.496140,421,1791344258.439912,camera_color_optical_frame,1,0.4000,0.0000,0.05000,5.054,0,LOST,input_timeout,0.000,0.000,deg/s,joint_states,,,,,,,,,,,,,
assignment2_mock_20261007_123707,32.747,1791344263.516455,421,1791344258.439912,camera_color_optical_frame,1,0.4000,0.0000,0.05000,5.074,0,LOST,input_timeout,0.000,0.000,deg/s,joint_states,,,,,,,,,,,,,
assignment2_mock_20261007_123707,32.767,1791344263.536137,421,1791344258.439912,camera_color_optical_frame,1,0.4000,0.0000,0.05000,5.094,0,LOST,input_timeout,0.000,0.000,deg/s,joint_states,,,,,,,,,,,,,
assignment2_mock_20261007_123707,32.787,1791344263.556245,421,1791344258.439912,camera_color_optical_frame,1,0.4000,0.0000,0.05000,5.114,0,LOST,input_timeout,0.000,0.000,deg/s,joint_states,,,,,,,,,,,,,
assignment2_mock_20261007_123707,32.807,1791344263.576076,421,1791344258.439912,camera_color_optical_frame,1,0.4000,0.0000,0.05000,5.134,0,LOST,input_timeout,0.000,0.000,deg/s,joint_states,,,,,,,,,,,,,
assignment2_mock_20261007_123707,32.827,1791344263.596161,421,1791344258.439912,camera_color_optical_frame,1,0.4000,0.0000,0.05000,5.154,0,LOST,input_timeout,0.000,0.000,deg/s,joint_states,,,,,,,,,,,,,
assignment2_mock_20261007_123707,32.848,1791344263.617406,421,1791344258.439912,camera_color_optical_frame,1,0.4000,0.0000,0.05000,5.175,0,LOST,input_timeout,0.000,0.000,deg/s,joint_states,,,,,,,,,,,,,
assignment2_mock_20261007_123707,32.867,1791344263.636551,421,1791344258.439912,camera_color_optical_frame,1,0.4000,0.0000,0.05000,5.195,0,LOST,input_timeout,0.000,0.000,deg/s,joint_states,,,,,,,,,,,,,
assignment2_mock_20261007_123707,32.887,1791344263.656237,421,1791344258.439912,camera_color_optical_frame,1,0.4000,0.0000,0.05000,5.214,0,LOST,input_timeout,0.000,0.000,deg/s,joint_states,,,,,,,,,,,,,
assignment2_mock_20261007_123707,32.908,1791344263.677288,421,1791344258.439912,camera_color_optical_frame,1,0.4000,0.0000,0.05000,5.235,0,LOST,input_timeout,0.000,0.000,deg/s,joint_states,,,,,,,,,,,,,
assignment2_mock_20261007_123707,32.927,1791344263.696054,421,1791344258.439912,camera_color_optical_frame,1,0.4000,0.0000,0.05000,5.254,0,LOST,input_timeout,0.000,0.000,deg/s,joint_states,,,,,,,,,,,,,
assignment2_mock_20261007_123707,32.947,1791344263.716472,421,1791344258.439912,camera_color_optical_frame,1,0.4000,0.0000,0.05000,5.274,0,LOST,input_timeout,0.000,0.000,deg/s,joint_states,,,,,,,,,,,,,
assignment2_mock_20261007_123707,32.967,1791344263.736083,421,1791344258.439912,camera_color_optical_frame,1,0.4000,0.0000,0.05000,5.294,0,LOST,input_timeout,0.000,0.000,deg/s,joint_states,,,,,,,,,,,,,
assignment2_mock_20261007_123707,32.987,1791344263.756176,421,1791344258.439912,camera_color_optical_frame,1,0.4000,0.0000,0.05000,5.314,0,LOST,input_timeout,0.000,0.000,deg/s,joint_states,,,,,,,,,,,,,
assignment2_mock_20261007_123707,33.007,1791344263.776081,421,1791344258.439912,camera_color_optical_frame,1,0.4000,0.0000,0.05000,5.334,0,LOST,input_timeout,0.000,0.000,deg/s,joint_states,,,,,,,,,,,,,
assignment2_mock_20261007_123707,33.027,1791344263.796279,421,1791344258.439912,camera_color_optical_frame,1,0.4000,0.0000,0.05000,5.354,0,LOST,input_timeout,0.000,0.000,deg/s,joint_states,,,,,,,,,,,,,
assignment2_mock_20261007_123707,33.048,1791344263.817371,421,1791344258.439912,camera_color_optical_frame,1,0.4000,0.0000,0.05000,5.375,0,LOST,input_timeout,0.000,0.000,deg/s,joint_states,,,,,,,,,,,,,
assignment2_mock_20261007_123707,33.067,1791344263.836073,421,1791344258.439912,camera_color_optical_frame,1,0.4000,0.0000,0.05000,5.394,0,LOST,input_timeout,0.000,0.000,deg/s,joint_states,,,,,,,,,,,,,
assignment2_mock_20261007_123707,33.087,1791344263.856461,421,1791344258.439912,camera_color_optical_frame,1,0.4000,0.0000,0.05000,5.414,0,LOST,input_timeout,0.000,0.000,deg/s,joint_states,,,,,,,,,,,,,
assignment2_mock_20261007_123707,33.108,1791344263.876924,421,1791344258.439912,camera_color_optical_frame,1,0.4000,0.0000,0.05000,5.435,0,LOST,input_timeout,0.000,0.000,deg/s,joint_states,,,,,,,,,,,,,
assignment2_mock_20261007_123707,33.127,1791344263.896333,421,1791344258.439912,camera_color_optical_frame,1,0.4000,0.0000,0.05000,5.454,0,LOST,input_timeout,0.000,0.000,deg/s,joint_states,,,,,,,,,,,,,
assignment2_mock_20261007_123707,33.148,1791344263.917010,421,1791344258.439912,camera_color_optical_frame,1,0.4000,0.0000,0.05000,5.475,0,LOST,input_timeout,0.000,0.000,deg/s,joint_states,,,,,,,,,,,,,
assignment2_mock_20261007_123707,33.167,1791344263.936217,421,1791344258.439912,camera_color_optical_frame,1,0.4000,0.0000,0.05000,5.494,0,LOST,input_timeout,0.000,0.000,deg/s,joint_states,,,,,,,,,,,,,
assignment2_mock_20261007_123707,33.187,1791344263.956189,421,1791344258.439912,camera_color_optical_frame,1,0.4000,0.0000,0.05000,5.514,0,LOST,input_timeout,0.000,0.000,deg/s,joint_states,,,,,,,,,,,,,
assignment2_mock_20261007_123707,33.207,1791344263.976152,421,1791344258.439912,camera_color_optical_frame,1,0.4000,0.0000,0.05000,5.534,0,LOST,input_timeout,0.000,0.000,deg/s,joint_states,,,,,,,,,,,,,
assignment2_mock_20261007_123707,33.228,1791344263.997302,422,1791344263.976586,camera_color_optical_frame,1,0.0000,0.4000,0.05000,0.019,0,LOST,confirming_1/3,0.000,0.000,deg/s,joint_states,,,,,,,,,,,,,
assignment2_mock_20261007_123707,33.247,1791344264.016066,422,1791344263.976586,camera_color_optical_frame,1,0.0000,0.4000,0.05000,0.038,0,LOST,confirming_1/3,0.000,0.000,deg/s,joint_states,,,,,,,,,,,,,
assignment2_mock_20261007_123707,33.268,1791344264.036995,423,1791344264.016481,camera_color_optical_frame,1,0.0000,0.4000,0.05000,0.019,0,LOST,confirming_2/3,0.000,0.000,deg/s,joint_states,,,,,,,,,,,,,
assignment2_mock_20261007_123707,33.287,1791344264.056126,423,1791344264.016481,camera_color_optical_frame,1,0.0000,0.4000,0.05000,0.038,0,LOST,confirming_2/3,0.000,0.000,deg/s,joint_states,,,,,,,,,,,,,
assignment2_mock_20261007_123707,33.308,1791344264.079850,424,1791344264.056507,camera_color_optical_frame,1,0.0000,0.4000,0.05000,0.019,0,TRACKING,reacquired_in_view,0.000,22.498,deg/s,joint_states,,,,,,,,,,,,,
assignment2_mock_20261007_123707,33.327,1791344264.096038,425,1791344264.079218,camera_color_optical_frame,1,0.0000,0.4000,0.05000,0.014,0,TRACKING,ok,0.000,22.498,deg/s,joint_states,,,,,,,,,,,,,
assignment2_mock_20261007_123707,33.347,1791344264.116200,425,1791344264.079218,camera_color_optical_frame,1,0.0000,0.4000,0.05000,0.034,0,TRACKING,ok,0.000,22.498,deg/s,joint_states,,,,,,,,,,,,,
assignment2_mock_20261007_123707,33.367,1791344264.136132,426,1791344264.116611,camera_color_optical_frame,1,0.0000,0.4000,0.05000,0.018,0,TRACKING,ok,0.000,22.498,deg/s,joint_states,,,,,,,,,,,,,
assignment2_mock_20261007_123707,33.387,1791344264.156344,426,1791344264.116611,camera_color_optical_frame,1,0.0000,0.4000,0.05000,0.038,0,TRACKING,ok,0.000,22.498,deg/s,joint_states,,,,,,,,,,,,,
assignment2_mock_20261007_123707,33.408,1791344264.177403,427,1791344264.156776,camera_color_optical_frame,1,0.0000,0.4000,0.05000,0.018,0,TRACKING,ok,0.000,22.498,deg/s,joint_states,,,,,,,,,,,,,
assignment2_mock_20261007_123707,33.427,1791344264.196095,428,1791344264.178249,camera_color_optical_frame,1,0.0000,0.4000,0.05000,0.015,0,TRACKING,ok,0.000,22.498,deg/s,joint_states,,,,,,,,,,,,,
assignment2_mock_20261007_123707,33.447,1791344264.216456,428,1791344264.178249,camera_color_optical_frame,1,0.0000,0.4000,0.05000,0.035,0,TRACKING,ok,0.000,22.498,deg/s,joint_states,,,,,,,,,,,,,
assignment2_mock_20261007_123707,33.468,1791344264.237048,429,1791344264.216933,camera_color_optical_frame,1,0.0000,0.4000,0.05000,0.018,0,TRACKING,ok,0.000,22.498,deg/s,joint_states,,,,,,,,,,,,,
assignment2_mock_20261007_123707,33.487,1791344264.256088,429,1791344264.216933,camera_color_optical_frame,1,0.0000,0.4000,0.05000,0.037,0,TRACKING,ok,0.000,22.498,deg/s,joint_states,,,,,,,,,,,,,
assignment2_mock_20261007_123707,33.508,1791344264.277015,430,1791344264.256506,camera_color_optical_frame,1,0.0000,0.4000,0.05000,0.019,0,TRACKING,ok,0.000,22.498,deg/s,joint_states,,,,,,,,,,,,,
assignment2_mock_20261007_123707,33.527,1791344264.296137,431,1791344264.277750,camera_color_optical_frame,1,0.0000,0.4000,0.05000,0.016,0,TRACKING,ok,0.000,22.498,deg/s,joint_states,,,,,,,,,,,,,
assignment2_mock_20261007_123707,33.547,1791344264.316183,431,1791344264.277750,camera_color_optical_frame,1,0.0000,0.4000,0.05000,0.036,0,TRACKING,ok,0.000,22.498,deg/s,joint_states,,,,,,,,,,,,,
assignment2_mock_20261007_123707,33.568,1791344264.337013,432,1791344264.316557,camera_color_optical_frame,1,0.0000,0.4000,0.05000,0.019,0,TRACKING,ok,0.000,22.498,deg/s,joint_states,,,,,,,,,,,,,
assignment2_mock_20261007_123707,33.588,1791344264.357554,432,1791344264.316557,camera_color_optical_frame,1,0.0000,0.4000,0.05000,0.039,0,TRACKING,ok,0.000,22.498,deg/s,joint_states,,,,,,,,,,,,,
assignment2_mock_20261007_123707,33.608,1791344264.377438,433,1791344264.358229,camera_color_optical_frame,1,0.0000,0.4000,0.05000,0.016,0,TRACKING,ok,0.000,22.498,deg/s,joint_states,,,,,,,,,,,,,
assignment2_mock_20261007_123707,33.628,1791344264.397292,434,1791344264.378149,camera_color_optical_frame,1,0.0000,0.4000,0.05000,0.016,0,TRACKING,ok,0.000,22.498,deg/s,joint_states,,,,,,,,,,,,,
assignment2_mock_20261007_123707,33.647,1791344264.416093,434,1791344264.378149,camera_color_optical_frame,1,0.0000,0.4000,0.05000,0.035,0,TRACKING,ok,0.000,22.498,deg/s,joint_states,,,,,,,,,,,,,
assignment2_mock_20261007_123707,33.668,1791344264.437059,435,1791344264.416512,camera_color_optical_frame,1,0.0000,0.4000,0.05000,0.019,0,TRACKING,ok,0.000,22.498,deg/s,joint_states,,,,,,,,,,,,,
assignment2_mock_20261007_123707,33.687,1791344264.456151,435,1791344264.416512,camera_color_optical_frame,1,0.0000,0.4000,0.05000,0.038,0,TRACKING,ok,0.000,22.498,deg/s,joint_states,,,,,,,,,,,,,
assignment2_mock_20261007_123707,33.708,1791344264.477515,436,1791344264.456533,camera_color_optical_frame,1,0.0000,0.4000,0.05000,0.019,0,TRACKING,ok,0.000,22.498,deg/s,joint_states,,,,,,,,,,,,,
assignment2_mock_20261007_123707,33.728,1791344264.497019,437,1791344264.478264,camera_color_optical_frame,1,0.0000,0.4000,0.05000,0.016,0,TRACKING,ok,0.000,22.498,deg/s,joint_states,,,,,,,,,,,,,
assignment2_mock_20261007_123707,33.747,1791344264.516140,437,1791344264.478264,camera_color_optical_frame,1,0.0000,0.4000,0.05000,0.035,0,TRACKING,ok,0.000,22.498,deg/s,joint_states,,,,,,,,,,,,,
assignment2_mock_20261007_123707,33.768,1791344264.537018,438,1791344264.516541,camera_color_optical_frame,1,0.0000,0.4000,0.05000,0.019,0,TRACKING,ok,0.000,22.498,deg/s,joint_states,,,,,,,,,,,,,
assignment2_mock_20261007_123707,33.787,1791344264.556158,438,1791344264.516541,camera_color_optical_frame,1,0.0000,0.4000,0.05000,0.038,0,TRACKING,ok,0.000,22.498,deg/s,joint_states,,,,,,,,,,,,,
assignment2_mock_20261007_123707,33.807,1791344264.576164,439,1791344264.556555,camera_color_optical_frame,1,0.0000,0.4000,0.05000,0.018,0,TRACKING,ok,0.000,22.498,deg/s,joint_states,,,,,,,,,,,,,
assignment2_mock_20261007_123707,33.828,1791344264.597448,440,1791344264.576550,camera_color_optical_frame,1,0.0000,0.4000,0.05000,0.019,0,TRACKING,ok,0.000,22.498,deg/s,joint_states,,,,,,,,,,,,,
assignment2_mock_20261007_123707,33.847,1791344264.616150,440,1791344264.576550,camera_color_optical_frame,1,0.0000,0.4000,0.05000,0.038,0,TRACKING,ok,0.000,22.498,deg/s,joint_states,,,,,,,,,,,,,
assignment2_mock_20261007_123707,33.867,1791344264.636546,441,1791344264.616537,camera_color_optical_frame,1,0.0000,0.4000,0.05000,0.018,0,TRACKING,ok,0.000,22.498,deg/s,joint_states,,,,,,,,,,,,,
assignment2_mock_20261007_123707,33.887,1791344264.656591,441,1791344264.616537,camera_color_optical_frame,1,0.0000,0.4000,0.05000,0.038,0,TRACKING,ok,0.000,22.498,deg/s,joint_states,,,,,,,,,,,,,
assignment2_mock_20261007_123707,33.908,1791344264.677460,442,1791344264.657197,camera_color_optical_frame,1,0.0000,0.4000,0.05000,0.018,0,TRACKING,ok,0.000,22.498,deg/s,joint_states,,,,,,,,,,,,,
assignment2_mock_20261007_123707,33.928,1791344264.697338,443,1791344264.678264,camera_color_optical_frame,1,0.0000,0.4000,0.05000,0.017,0,TRACKING,ok,0.000,22.498,deg/s,joint_states,,,,,,,,,,,,,
assignment2_mock_20261007_123707,33.948,1791344264.717358,443,1791344264.678264,camera_color_optical_frame,1,0.0000,0.4000,0.05000,0.037,0,TRACKING,ok,0.000,22.498,deg/s,joint_states,,,,,,,,,,,,,
assignment2_mock_20261007_123707,33.968,1791344264.737328,444,1791344264.718325,camera_color_optical_frame,1,0.0000,0.4000,0.05000,0.016,0,TRACKING,ok,0.000,22.498,deg/s,joint_states,,,,,,,,,,,,,
assignment2_mock_20261007_123707,33.987,1791344264.756168,444,1791344264.718325,camera_color_optical_frame,1,0.0000,0.4000,0.05000,0.035,0,TRACKING,ok,0.000,22.498,deg/s,joint_states,,,,,,,,,,,,,
assignment2_mock_20261007_123707,34.007,1791344264.776319,445,1791344264.756557,camera_color_optical_frame,1,0.0000,0.4000,0.05000,0.018,0,TRACKING,ok,0.000,22.498,deg/s,joint_states,,,,,,,,,,,,,
assignment2_mock_20261007_123707,34.028,1791344264.797329,446,1791344264.776744,camera_color_optical_frame,1,0.0000,0.4000,0.05000,0.018,0,TRACKING,ok,0.000,22.498,deg/s,joint_states,,,,,,,,,,,,,
assignment2_mock_20261007_123707,34.048,1791344264.817351,446,1791344264.776744,camera_color_optical_frame,1,0.0000,0.4000,0.05000,0.038,0,TRACKING,ok,0.000,22.498,deg/s,joint_states,,,,,,,,,,,,,
assignment2_mock_20261007_123707,34.068,1791344264.837659,447,1791344264.818025,camera_color_optical_frame,1,0.0000,0.4000,0.05000,0.016,0,TRACKING,ok,0.000,22.498,deg/s,joint_states,,,,,,,,,,,,,
assignment2_mock_20261007_123707,34.088,1791344264.857471,447,1791344264.818025,camera_color_optical_frame,1,0.0000,0.4000,0.05000,0.036,0,TRACKING,ok,0.000,22.498,deg/s,joint_states,,,,,,,,,,,,,
assignment2_mock_20261007_123707,34.108,1791344264.877029,448,1791344264.858265,camera_color_optical_frame,1,0.0000,0.4000,0.05000,0.016,0,TRACKING,ok,0.000,22.498,deg/s,joint_states,,,,,,,,,,,,,
assignment2_mock_20261007_123707,34.128,1791344264.897003,449,1791344264.877793,camera_color_optical_frame,1,0.0000,0.4000,0.05000,0.016,0,TRACKING,ok,0.000,22.498,deg/s,joint_states,,,,,,,,,,,,,
assignment2_mock_20261007_123707,34.147,1791344264.916187,449,1791344264.877793,camera_color_optical_frame,1,0.0000,0.4000,0.05000,0.036,0,TRACKING,ok,0.000,22.498,deg/s,joint_states,,,,,,,,,,,,,
assignment2_mock_20261007_123707,34.168,1791344264.937480,450,1791344264.916562,camera_color_optical_frame,1,0.0000,0.4000,0.05000,0.019,0,TRACKING,ok,0.000,22.498,deg/s,joint_states,,,,,,,,,,,,,
assignment2_mock_20261007_123707,34.187,1791344264.956159,450,1791344264.916562,camera_color_optical_frame,1,0.0000,0.4000,0.05000,0.038,0,TRACKING,ok,0.000,22.498,deg/s,joint_states,,,,,,,,,,,,,
assignment2_mock_20261007_123707,34.207,1791344264.976456,451,1791344264.956546,camera_color_optical_frame,1,0.0000,0.4000,0.05000,0.018,0,TRACKING,ok,0.000,22.498,deg/s,joint_states,,,,,,,,,,,,,
assignment2_mock_20261007_123707,34.228,1791344264.997037,452,1791344264.976917,camera_color_optical_frame,1,0.0000,0.4000,0.05000,0.018,0,TRACKING,ok,0.000,22.498,deg/s,joint_states,,,,,,,,,,,,,
assignment2_mock_20261007_123707,34.247,1791344265.016163,452,1791344264.976917,camera_color_optical_frame,1,0.0000,0.4000,0.05000,0.037,0,TRACKING,ok,0.000,22.498,deg/s,joint_states,,,,,,,,,,,,,
assignment2_mock_20261007_123707,34.267,1791344265.036300,453,1791344265.016547,camera_color_optical_frame,1,0.0000,0.4000,0.05000,0.017,0,TRACKING,ok,0.000,22.498,deg/s,joint_states,,,,,,,,,,,,,
assignment2_mock_20261007_123707,34.287,1791344265.056178,453,1791344265.016547,camera_color_optical_frame,1,0.0000,0.4000,0.05000,0.037,0,TRACKING,ok,0.000,22.498,deg/s,joint_states,,,,,,,,,,,,,
assignment2_mock_20261007_123707,34.307,1791344265.076331,454,1791344265.056568,camera_color_optical_frame,1,0.0000,0.4000,0.05000,0.018,0,TRACKING,ok,0.000,22.498,deg/s,joint_states,,,,,,,,,,,,,
assignment2_mock_20261007_123707,34.328,1791344265.097170,455,1791344265.076721,camera_color_optical_frame,1,0.0000,0.4000,0.05000,0.018,0,TRACKING,ok,0.000,22.498,deg/s,joint_states,,,,,,,,,,,,,
assignment2_mock_20261007_123707,34.347,1791344265.116288,455,1791344265.076721,camera_color_optical_frame,1,0.0000,0.4000,0.05000,0.038,0,TRACKING,ok,0.000,22.498,deg/s,joint_states,,,,,,,,,,,,,
assignment2_mock_20261007_123707,34.367,1791344265.136344,456,1791344265.116679,camera_color_optical_frame,1,0.0000,0.4000,0.05000,0.017,0,TRACKING,ok,0.000,22.498,deg/s,joint_states,,,,,,,,,,,,,
assignment2_mock_20261007_123707,34.388,1791344265.157030,456,1791344265.116679,camera_color_optical_frame,1,0.0000,0.4000,0.05000,0.038,0,TRACKING,ok,0.000,22.498,deg/s,joint_states,,,,,,,,,,,,,
assignment2_mock_20261007_123707,34.408,1791344265.177359,457,1791344265.157802,camera_color_optical_frame,1,0.0000,0.4000,0.05000,0.016,0,TRACKING,ok,0.000,22.498,deg/s,joint_states,,,,,,,,,,,,,
assignment2_mock_20261007_123707,34.427,1791344265.196429,458,1791344265.178278,camera_color_optical_frame,1,0.0000,0.4000,0.05000,0.016,0,TRACKING,ok,0.000,22.498,deg/s,joint_states,,,,,,,,,,,,,
assignment2_mock_20261007_123707,34.447,1791344265.216170,458,1791344265.178278,camera_color_optical_frame,1,0.0000,0.4000,0.05000,0.036,0,TRACKING,ok,0.000,22.498,deg/s,joint_states,,,,,,,,,,,,,
assignment2_mock_20261007_123707,34.467,1791344265.236554,459,1791344265.216554,camera_color_optical_frame,1,0.0000,0.4000,0.05000,0.018,0,TRACKING,ok,0.000,22.498,deg/s,joint_states,,,,,,,,,,,,,
assignment2_mock_20261007_123707,34.487,1791344265.256175,459,1791344265.216554,camera_color_optical_frame,1,0.0000,0.4000,0.05000,0.038,0,TRACKING,ok,0.000,22.498,deg/s,joint_states,,,,,,,,,,,,,
assignment2_mock_20261007_123707,34.507,1791344265.276178,460,1791344265.256578,camera_color_optical_frame,1,0.0000,0.4000,0.05000,0.018,0,TRACKING,ok,0.000,22.498,deg/s,joint_states,,,,,,,,,,,,,
assignment2_mock_20261007_123707,34.528,1791344265.296819,461,1791344265.276578,camera_color_optical_frame,1,0.0000,0.4000,0.05000,0.018,0,TRACKING,ok,0.000,22.498,deg/s,joint_states,,,,,,,,,,,,,
assignment2_mock_20261007_123707,34.547,1791344265.316397,461,1791344265.276578,camera_color_optical_frame,1,0.0000,0.4000,0.05000,0.038,0,TRACKING,ok,0.000,22.498,deg/s,joint_states,,,,,,,,,,,,,
assignment2_mock_20261007_123707,34.567,1791344265.336443,462,1791344265.316954,camera_color_optical_frame,1,0.0000,0.4000,0.05000,0.018,0,TRACKING,ok,0.000,22.498,deg/s,joint_states,,,,,,,,,,,,,
assignment2_mock_20261007_123707,34.588,1791344265.357034,462,1791344265.316954,camera_color_optical_frame,1,0.0000,0.4000,0.05000,0.038,0,TRACKING,ok,0.000,22.498,deg/s,joint_states,,,,,,,,,,,,,
assignment2_mock_20261007_123707,34.608,1791344265.377031,463,1791344265.357781,camera_color_optical_frame,1,0.0000,0.4000,0.05000,0.016,0,TRACKING,ok,0.000,22.498,deg/s,joint_states,,,,,,,,,,,,,
assignment2_mock_20261007_123707,34.628,1791344265.397359,464,1791344265.377956,camera_color_optical_frame,1,0.0000,0.4000,0.05000,0.017,0,TRACKING,ok,0.000,22.498,deg/s,joint_states,,,,,,,,,,,,,
assignment2_mock_20261007_123707,34.648,1791344265.416863,464,1791344265.377956,camera_color_optical_frame,1,0.0000,0.4000,0.05000,0.036,0,TRACKING,ok,0.000,22.498,deg/s,joint_states,,,,,,,,,,,,,
assignment2_mock_20261007_123707,34.668,1791344265.436699,465,1791344265.417704,camera_color_optical_frame,1,0.0000,0.4000,0.05000,0.016,0,TRACKING,ok,0.000,22.498,deg/s,joint_states,,,,,,,,,,,,,
assignment2_mock_20261007_123707,34.687,1791344265.456151,465,1791344265.417704,camera_color_optical_frame,1,0.0000,0.4000,0.05000,0.035,0,TRACKING,ok,0.000,22.498,deg/s,joint_states,,,,,,,,,,,,,
assignment2_mock_20261007_123707,34.708,1791344265.477452,466,1791344265.456541,camera_color_optical_frame,1,0.0000,0.4000,0.05000,0.019,0,TRACKING,ok,0.000,22.498,deg/s,joint_states,,,,,,,,,,,,,
assignment2_mock_20261007_123707,34.728,1791344265.497326,467,1791344265.478187,camera_color_optical_frame,1,0.0000,0.4000,0.05000,0.016,0,TRACKING,ok,0.000,22.498,deg/s,joint_states,,,,,,,,,,,,,
assignment2_mock_20261007_123707,34.748,1791344265.517539,467,1791344265.478187,camera_color_optical_frame,1,0.0000,0.4000,0.05000,0.036,0,TRACKING,ok,0.000,22.498,deg/s,joint_states,,,,,,,,,,,,,
assignment2_mock_20261007_123707,34.768,1791344265.537388,468,1791344265.518260,camera_color_optical_frame,1,0.0000,0.4000,0.05000,0.016,0,TRACKING,ok,0.000,22.498,deg/s,joint_states,,,,,,,,,,,,,
assignment2_mock_20261007_123707,34.788,1791344265.557353,468,1791344265.518260,camera_color_optical_frame,1,0.0000,0.4000,0.05000,0.036,0,TRACKING,ok,0.000,22.498,deg/s,joint_states,,,,,,,,,,,,,
assignment2_mock_20261007_123707,34.807,1791344265.576147,469,1791344265.558173,camera_color_optical_frame,1,0.0000,0.4000,0.05000,0.015,0,TRACKING,ok,0.000,22.498,deg/s,joint_states,,,,,,,,,,,,,
assignment2_mock_20261007_123707,34.827,1791344265.596191,469,1791344265.558173,camera_color_optical_frame,1,0.0000,0.4000,0.05000,0.035,0,TRACKING,ok,0.000,22.498,deg/s,joint_states,,,,,,,,,,,,,
assignment2_mock_20261007_123707,34.847,1791344265.616334,470,1791344265.596585,camera_color_optical_frame,1,0.0000,0.4000,0.05000,0.018,0,TRACKING,ok,0.000,22.498,deg/s,joint_states,,,,,,,,,,,,,
assignment2_mock_20261007_123707,34.868,1791344265.637060,471,1791344265.616706,camera_color_optical_frame,1,0.0000,0.4000,0.05000,0.018,0,TRACKING,ok,0.000,22.498,deg/s,joint_states,,,,,,,,,,,,,
assignment2_mock_20261007_123707,34.887,1791344265.656092,471,1791344265.616706,camera_color_optical_frame,1,0.0000,0.4000,0.05000,0.038,0,TRACKING,ok,0.000,22.498,deg/s,joint_states,,,,,,,,,,,,,
assignment2_mock_20261007_123707,34.908,1791344265.677028,472,1791344265.656511,camera_color_optical_frame,1,0.0000,0.4000,0.05000,0.019,0,TRACKING,ok,0.000,22.498,deg/s,joint_states,,,,,,,,,,,,,
assignment2_mock_20261007_123707,34.927,1791344265.696218,473,1791344265.677782,camera_color_optical_frame,1,0.0000,0.4000,0.05000,0.016,0,TRACKING,ok,0.000,22.498,deg/s,joint_states,,,,,,,,,,,,,
assignment2_mock_20261007_123707,34.948,1791344265.716764,473,1791344265.677782,camera_color_optical_frame,1,0.0000,0.4000,0.05000,0.036,0,TRACKING,ok,0.000,22.498,deg/s,joint_states,,,,,,,,,,,,,
assignment2_mock_20261007_123707,34.968,1791344265.737502,474,1791344265.717542,camera_color_optical_frame,1,0.0000,0.4000,0.05000,0.017,0,TRACKING,ok,0.000,22.498,deg/s,joint_states,,,,,,,,,,,,,
assignment2_mock_20261007_123707,34.988,1791344265.757516,474,1791344265.717542,camera_color_optical_frame,1,0.0000,0.4000,0.05000,0.037,0,TRACKING,ok,0.000,22.498,deg/s,joint_states,,,,,,,,,,,,,
assignment2_mock_20261007_123707,35.008,1791344265.777504,475,1791344265.758198,camera_color_optical_frame,1,0.0000,0.4000,0.05000,0.016,0,TRACKING,ok,0.000,22.498,deg/s,joint_states,,,,,,,,,,,,,
assignment2_mock_20261007_123707,35.028,1791344265.797430,476,1791344265.778196,camera_color_optical_frame,1,0.0000,0.4000,0.05000,0.016,0,TRACKING,ok,0.000,22.498,deg/s,joint_states,,,,,,,,,,,,,
assignment2_mock_20261007_123707,35.047,1791344265.816281,476,1791344265.778196,camera_color_optical_frame,1,0.0000,0.4000,0.05000,0.035,0,TRACKING,ok,0.000,22.498,deg/s,joint_states,,,,,,,,,,,,,
assignment2_mock_20261007_123707,35.068,1791344265.837181,477,1791344265.816690,camera_color_optical_frame,1,0.0000,0.4000,0.05000,0.018,0,TRACKING,ok,0.000,22.498,deg/s,joint_states,,,,,,,,,,,,,
assignment2_mock_20261007_123707,35.087,1791344265.856089,477,1791344265.816690,camera_color_optical_frame,1,0.0000,0.4000,0.05000,0.037,0,TRACKING,ok,0.000,22.498,deg/s,joint_states,,,,,,,,,,,,,
assignment2_mock_20261007_123707,35.108,1791344265.877361,478,1791344265.856512,camera_color_optical_frame,1,0.0000,0.4000,0.05000,0.019,0,TRACKING,ok,0.000,22.498,deg/s,joint_states,,,,,,,,,,,,,
assignment2_mock_20261007_123707,35.128,1791344265.897320,479,1791344265.878207,camera_color_optical_frame,1,0.0000,0.4000,0.05000,0.016,0,TRACKING,ok,0.000,22.498,deg/s,joint_states,,,,,,,,,,,,,
assignment2_mock_20261007_123707,35.147,1791344265.916282,479,1791344265.878207,camera_color_optical_frame,1,0.0000,0.4000,0.05000,0.035,0,TRACKING,ok,0.000,22.498,deg/s,joint_states,,,,,,,,,,,,,
assignment2_mock_20261007_123707,35.167,1791344265.936616,480,1791344265.916699,camera_color_optical_frame,1,0.0000,0.4000,0.05000,0.018,0,TRACKING,ok,0.000,22.498,deg/s,joint_states,,,,,,,,,,,,,
assignment2_mock_20261007_123707,35.188,1791344265.957285,480,1791344265.916699,camera_color_optical_frame,1,0.0000,0.4000,0.05000,0.039,0,TRACKING,ok,0.000,22.498,deg/s,joint_states,,,,,,,,,,,,,
assignment2_mock_20261007_123707,35.207,1791344265.976127,481,1791344265.958083,camera_color_optical_frame,1,0.0000,0.4000,0.05000,0.016,0,TRACKING,ok,0.000,22.498,deg/s,joint_states,,,,,,,,,,,,,
assignment2_mock_20261007_123707,35.228,1791344265.997458,481,1791344265.958083,camera_color_optical_frame,1,0.0000,0.4000,0.05000,0.036,0,TRACKING,ok,0.000,22.498,deg/s,joint_states,,,,,,,,,,,,,
assignment2_mock_20261007_123707,35.248,1791344266.017072,482,1791344265.998158,camera_color_optical_frame,1,0.0000,0.4000,0.05000,0.016,0,TRACKING,ok,0.000,22.498,deg/s,joint_states,,,,,,,,,,,,,
assignment2_mock_20261007_123707,35.267,1791344266.036271,483,1791344266.017831,camera_color_optical_frame,1,0.0000,0.4000,0.05000,0.016,0,TRACKING,ok,0.000,22.498,deg/s,joint_states,,,,,,,,,,,,,
assignment2_mock_20261007_123707,35.287,1791344266.056137,483,1791344266.017831,camera_color_optical_frame,1,0.0000,0.4000,0.05000,0.036,0,TRACKING,ok,0.000,22.498,deg/s,joint_states,,,,,,,,,,,,,
assignment2_mock_20261007_123707,35.307,1791344266.076349,484,1791344266.056530,camera_color_optical_frame,1,0.0000,0.4000,0.05000,0.018,0,TRACKING,ok,0.000,22.498,deg/s,joint_states,,,,,,,,,,,,,
assignment2_mock_20261007_123707,35.327,1791344266.096485,485,1791344266.076790,camera_color_optical_frame,1,0.0000,0.4000,0.05000,0.018,0,TRACKING,ok,0.000,22.498,deg/s,joint_states,,,,,,,,,,,,,
assignment2_mock_20261007_123707,35.348,1791344266.117468,485,1791344266.076790,camera_color_optical_frame,1,0.0000,0.4000,0.05000,0.038,0,TRACKING,ok,0.000,22.498,deg/s,joint_states,,,,,,,,,,,,,
assignment2_mock_20261007_123707,35.367,1791344266.136065,486,1791344266.118244,camera_color_optical_frame,1,0.0000,0.4000,0.05000,0.015,0,TRACKING,ok,0.000,22.498,deg/s,joint_states,,,,,,,,,,,,,
assignment2_mock_20261007_123707,35.388,1791344266.157166,486,1791344266.118244,camera_color_optical_frame,1,0.0000,0.4000,0.05000,0.036,0,TRACKING,ok,0.000,22.498,deg/s,joint_states,,,,,,,,,,,,,
assignment2_mock_20261007_123707,35.408,1791344266.177527,487,1791344266.157894,camera_color_optical_frame,1,0.0000,0.4000,0.05000,0.016,0,TRACKING,ok,0.000,22.498,deg/s,joint_states,,,,,,,,,,,,,
assignment2_mock_20261007_123707,35.428,1791344266.197328,488,1791344266.178409,camera_color_optical_frame,1,0.0000,0.4000,0.05000,0.016,0,TRACKING,ok,0.000,22.498,deg/s,joint_states,,,,,,,,,,,,,
assignment2_mock_20261007_123707,35.448,1791344266.217574,488,1791344266.178409,camera_color_optical_frame,1,0.0000,0.4000,0.05000,0.036,0,TRACKING,ok,0.000,22.498,deg/s,joint_states,,,,,,,,,,,,,
assignment2_mock_20261007_123707,35.468,1791344266.237535,489,1791344266.218435,camera_color_optical_frame,1,0.0000,0.4000,0.05000,0.016,0,TRACKING,ok,0.000,22.498,deg/s,joint_states,,,,,,,,,,,,,
assignment2_mock_20261007_123707,35.487,1791344266.256137,489,1791344266.218435,camera_color_optical_frame,1,0.0000,0.4000,0.05000,0.035,0,TRACKING,ok,0.000,22.498,deg/s,joint_states,,,,,,,,,,,,,
assignment2_mock_20261007_123707,35.507,1791344266.276516,490,1791344266.256524,camera_color_optical_frame,1,0.0000,0.4000,0.05000,0.018,0,TRACKING,ok,0.000,22.498,deg/s,joint_states,,,,,,,,,,,,,
assignment2_mock_20261007_123707,35.528,1791344266.297355,491,1791344266.277025,camera_color_optical_frame,1,0.0000,0.4000,0.05000,0.018,0,TRACKING,ok,0.000,22.498,deg/s,joint_states,,,,,,,,,,,,,
assignment2_mock_20261007_123707,35.548,1791344266.317560,491,1791344266.277025,camera_color_optical_frame,1,0.0000,0.4000,0.05000,0.038,0,TRACKING,ok,0.000,22.498,deg/s,joint_states,,,,,,,,,,,,,
assignment2_mock_20261007_123707,35.567,1791344266.336304,492,1791344266.318329,camera_color_optical_frame,1,0.0000,0.4000,0.05000,0.015,0,TRACKING,ok,0.000,22.498,deg/s,joint_states,,,,,,,,,,,,,
assignment2_mock_20261007_123707,35.588,1791344266.357440,492,1791344266.318329,camera_color_optical_frame,1,0.0000,0.4000,0.05000,0.036,0,TRACKING,ok,0.000,22.498,deg/s,joint_states,,,,,,,,,,,,,
assignment2_mock_20261007_123707,35.608,1791344266.377354,493,1791344266.358296,camera_color_optical_frame,1,0.0000,0.4000,0.05000,0.016,0,TRACKING,ok,0.000,22.498,deg/s,joint_states,,,,,,,,,,,,,
assignment2_mock_20261007_123707,35.627,1791344266.396067,494,1791344266.378236,camera_color_optical_frame,1,0.0000,0.4000,0.05000,0.015,0,TRACKING,ok,0.000,22.498,deg/s,joint_states,,,,,,,,,,,,,
assignment2_mock_20261007_123707,35.648,1791344266.416885,494,1791344266.378236,camera_color_optical_frame,1,0.0000,0.4000,0.05000,0.035,0,TRACKING,ok,0.000,22.498,deg/s,joint_states,,,,,,,,,,,,,
assignment2_mock_20261007_123707,35.667,1791344266.436165,495,1791344266.417638,camera_color_optical_frame,1,0.0000,0.4000,0.05000,0.016,0,TRACKING,ok,0.000,22.498,deg/s,joint_states,,,,,,,,,,,,,
assignment2_mock_20261007_123707,35.687,1791344266.456173,495,1791344266.417638,camera_color_optical_frame,1,0.0000,0.4000,0.05000,0.036,0,TRACKING,ok,0.000,22.498,deg/s,joint_states,,,,,,,,,,,,,
assignment2_mock_20261007_123707,35.708,1791344266.477354,496,1791344266.456552,camera_color_optical_frame,1,0.0000,0.4000,0.05000,0.019,0,TRACKING,ok,0.000,22.498,deg/s,joint_states,,,,,,,,,,,,,
assignment2_mock_20261007_123707,35.727,1791344266.496278,497,1791344266.478196,camera_color_optical_frame,1,0.0000,0.4000,0.05000,0.015,0,TRACKING,ok,0.000,22.498,deg/s,joint_states,,,,,,,,,,,,,
assignment2_mock_20261007_123707,35.748,1791344266.517089,497,1791344266.478196,camera_color_optical_frame,1,0.0000,0.4000,0.05000,0.036,0,TRACKING,ok,0.000,22.498,deg/s,joint_states,,,,,,,,,,,,,
assignment2_mock_20261007_123707,35.768,1791344266.537243,498,1791344266.517844,camera_color_optical_frame,1,0.0000,0.4000,0.05000,0.016,0,TRACKING,ok,0.000,22.498,deg/s,joint_states,,,,,,,,,,,,,
assignment2_mock_20261007_123707,35.788,1791344266.557528,498,1791344266.517844,camera_color_optical_frame,1,0.0000,0.4000,0.05000,0.036,0,TRACKING,ok,0.000,22.498,deg/s,joint_states,,,,,,,,,,,,,
assignment2_mock_20261007_123707,35.808,1791344266.577432,499,1791344266.558225,camera_color_optical_frame,1,0.0000,0.4000,0.05000,0.016,0,TRACKING,ok,0.000,22.498,deg/s,joint_states,,,,,,,,,,,,,
assignment2_mock_20261007_123707,35.828,1791344266.597264,500,1791344266.578088,camera_color_optical_frame,1,0.0000,0.4000,0.05000,0.016,0,TRACKING,ok,0.000,22.498,deg/s,joint_states,,,,,,,,,,,,,
assignment2_mock_20261007_123707,35.847,1791344266.616173,500,1791344266.578088,camera_color_optical_frame,1,0.0000,0.4000,0.05000,0.035,0,TRACKING,ok,0.000,22.498,deg/s,joint_states,,,,,,,,,,,,,
assignment2_mock_20261007_123707,35.867,1791344266.636374,501,1791344266.616577,camera_color_optical_frame,1,0.0000,0.4000,0.05000,0.018,0,TRACKING,ok,0.000,22.498,deg/s,joint_states,,,,,,,,,,,,,
assignment2_mock_20261007_123707,35.887,1791344266.656157,501,1791344266.616577,camera_color_optical_frame,1,0.0000,0.4000,0.05000,0.037,0,TRACKING,ok,0.000,22.498,deg/s,joint_states,,,,,,,,,,,,,
assignment2_mock_20261007_123707,35.907,1791344266.676588,502,1791344266.656549,camera_color_optical_frame,1,0.0000,0.4000,0.05000,0.018,0,TRACKING,ok,0.000,22.498,deg/s,joint_states,,,,,,,,,,,,,
assignment2_mock_20261007_123707,35.927,1791344266.696297,503,1791344266.677198,camera_color_optical_frame,1,0.0000,0.4000,0.05000,0.017,0,TRACKING,ok,0.000,22.498,deg/s,joint_states,,,,,,,,,,,,,
assignment2_mock_20261007_123707,35.947,1791344266.716570,503,1791344266.677198,camera_color_optical_frame,1,0.0000,0.4000,0.05000,0.037,0,TRACKING,ok,0.000,22.498,deg/s,joint_states,,,,,,,,,,,,,
assignment2_mock_20261007_123707,35.968,1791344266.737336,504,1791344266.717086,camera_color_optical_frame,1,0.0000,0.4000,0.05000,0.017,0,TRACKING,ok,0.000,22.498,deg/s,joint_states,,,,,,,,,,,,,
assignment2_mock_20261007_123707,35.988,1791344266.757203,504,1791344266.717086,camera_color_optical_frame,1,0.0000,0.4000,0.05000,0.037,0,TRACKING,ok,0.000,22.498,deg/s,joint_states,,,,,,,,,,,,,
assignment2_mock_20261007_123707,36.008,1791344266.777016,505,1791344266.757905,camera_color_optical_frame,1,0.0000,0.4000,0.05000,0.016,0,TRACKING,ok,0.000,22.498,deg/s,joint_states,,,,,,,,,,,,,
assignment2_mock_20261007_123707,36.028,1791344266.797094,506,1791344266.777782,camera_color_optical_frame,1,0.0000,0.4000,0.05000,0.016,0,TRACKING,ok,0.000,22.498,deg/s,joint_states,,,,,,,,,,,,,
assignment2_mock_20261007_123707,36.047,1791344266.816077,506,1791344266.777782,camera_color_optical_frame,1,0.0000,0.4000,0.05000,0.036,0,TRACKING,ok,0.000,22.498,deg/s,joint_states,,,,,,,,,,,,,
assignment2_mock_20261007_123707,36.068,1791344266.837499,507,1791344266.816496,camera_color_optical_frame,1,0.0000,0.4000,0.05000,0.019,0,TRACKING,ok,0.000,22.498,deg/s,joint_states,,,,,,,,,,,,,
assignment2_mock_20261007_123707,36.088,1791344266.857067,507,1791344266.816496,camera_color_optical_frame,1,0.0000,0.4000,0.05000,0.039,0,TRACKING,ok,0.000,22.498,deg/s,joint_states,,,,,,,,,,,,,
assignment2_mock_20261007_123707,36.108,1791344266.876973,508,1791344266.857998,camera_color_optical_frame,1,0.0000,0.4000,0.05000,0.016,0,TRACKING,ok,0.000,22.498,deg/s,joint_states,,,,,,,,,,,,,
assignment2_mock_20261007_123707,36.128,1791344266.897012,509,1791344266.877811,camera_color_optical_frame,1,0.0000,0.4000,0.05000,0.016,0,TRACKING,ok,0.000,22.498,deg/s,joint_states,,,,,,,,,,,,,
assignment2_mock_20261007_123707,36.148,1791344266.917062,509,1791344266.877811,camera_color_optical_frame,1,0.0000,0.4000,0.05000,0.036,0,TRACKING,ok,0.000,22.498,deg/s,joint_states,,,,,,,,,,,,,
assignment2_mock_20261007_123707,36.168,1791344266.937045,510,1791344266.917813,camera_color_optical_frame,1,0.0000,0.4000,0.05000,0.016,0,TRACKING,ok,0.000,22.498,deg/s,joint_states,,,,,,,,,,,,,
assignment2_mock_20261007_123707,36.187,1791344266.956172,510,1791344266.917813,camera_color_optical_frame,1,0.0000,0.4000,0.05000,0.036,0,TRACKING,ok,0.000,22.498,deg/s,joint_states,,,,,,,,,,,,,
assignment2_mock_20261007_123707,36.207,1791344266.976076,511,1791344266.956987,camera_color_optical_frame,1,0.0000,0.4000,0.05000,0.016,0,TRACKING,ok,0.000,22.498,deg/s,joint_states,,,,,,,,,,,,,
assignment2_mock_20261007_123707,36.227,1791344266.996592,511,1791344266.956987,camera_color_optical_frame,1,0.0000,0.4000,0.05000,0.036,0,TRACKING,ok,0.000,22.498,deg/s,joint_states,,,,,,,,,,,,,
assignment2_mock_20261007_123707,36.247,1791344267.016280,511,1791344266.956987,camera_color_optical_frame,1,0.0000,0.4000,0.05000,0.056,0,TRACKING,ok,0.000,22.498,deg/s,joint_states,,,,,,,,,,,,,
assignment2_mock_20261007_123707,36.268,1791344267.036886,511,1791344266.956987,camera_color_optical_frame,1,0.0000,0.4000,0.05000,0.076,0,TRACKING,ok,0.000,22.498,deg/s,joint_states,,,,,,,,,,,,,
assignment2_mock_20261007_123707,36.287,1791344267.056166,511,1791344266.956987,camera_color_optical_frame,1,0.0000,0.4000,0.05000,0.096,0,TRACKING,ok,0.000,22.498,deg/s,joint_states,,,,,,,,,,,,,
assignment2_mock_20261007_123707,36.308,1791344267.077418,511,1791344266.956987,camera_color_optical_frame,1,0.0000,0.4000,0.05000,0.117,0,TRACKING,ok,0.000,22.498,deg/s,joint_states,,,,,,,,,,,,,
assignment2_mock_20261007_123707,36.327,1791344267.096182,511,1791344266.956987,camera_color_optical_frame,1,0.0000,0.4000,0.05000,0.136,0,TRACKING,ok,0.000,22.498,deg/s,joint_states,,,,,,,,,,,,,
assignment2_mock_20261007_123707,36.347,1791344267.116192,511,1791344266.956987,camera_color_optical_frame,1,0.0000,0.4000,0.05000,0.156,0,TRACKING,ok,0.000,22.498,deg/s,joint_states,,,,,,,,,,,,,
assignment2_mock_20261007_123707,36.368,1791344267.137461,511,1791344266.956987,camera_color_optical_frame,1,0.0000,0.4000,0.05000,0.177,0,TRACKING,ok,0.000,22.498,deg/s,joint_states,,,,,,,,,,,,,
assignment2_mock_20261007_123707,36.388,1791344267.157501,511,1791344266.956987,camera_color_optical_frame,1,0.0000,0.4000,0.05000,0.197,0,TRACKING,ok,0.000,22.498,deg/s,joint_states,,,,,,,,,,,,,
assignment2_mock_20261007_123707,36.408,1791344267.177393,511,1791344266.956987,camera_color_optical_frame,1,0.0000,0.4000,0.05000,0.217,0,TRACKING,ok,0.000,22.498,deg/s,joint_states,,,,,,,,,,,,,
assignment2_mock_20261007_123707,36.427,1791344267.196064,511,1791344266.956987,camera_color_optical_frame,1,0.0000,0.4000,0.05000,0.236,0,TRACKING,ok,0.000,22.498,deg/s,joint_states,,,,,,,,,,,,,
assignment2_mock_20261007_123707,36.447,1791344267.216152,511,1791344266.956987,camera_color_optical_frame,1,0.0000,0.4000,0.05000,0.256,0,TRACKING,ok,0.000,22.498,deg/s,joint_states,,,,,,,,,,,,,
assignment2_mock_20261007_123707,36.468,1791344267.237163,511,1791344266.956987,camera_color_optical_frame,1,0.0000,0.4000,0.05000,0.277,0,TRACKING,ok,0.000,22.498,deg/s,joint_states,,,,,,,,,,,,,
assignment2_mock_20261007_123707,36.487,1791344267.256090,511,1791344266.956987,camera_color_optical_frame,1,0.0000,0.4000,0.05000,0.296,0,TRACKING,ok,0.000,22.498,deg/s,joint_states,,,,,,,,,,,,,
assignment2_mock_20261007_123707,36.507,1791344267.276493,511,1791344266.956987,camera_color_optical_frame,1,0.0000,0.4000,0.05000,0.316,0,TRACKING,ok,0.000,22.498,deg/s,joint_states,,,,,,,,,,,,,
assignment2_mock_20261007_123707,36.528,1791344267.297402,511,1791344266.956987,camera_color_optical_frame,1,0.0000,0.4000,0.05000,0.337,0,TRACKING,ok,0.000,22.498,deg/s,joint_states,,,,,,,,,,,,,
assignment2_mock_20261007_123707,36.547,1791344267.316140,511,1791344266.956987,camera_color_optical_frame,1,0.0000,0.4000,0.05000,0.356,0,TRACKING,ok,0.000,22.498,deg/s,joint_states,,,,,,,,,,,,,
assignment2_mock_20261007_123707,36.567,1791344267.336160,511,1791344266.956987,camera_color_optical_frame,1,0.0000,0.4000,0.05000,0.376,0,TRACKING,ok,0.000,22.498,deg/s,joint_states,,,,,,,,,,,,,
assignment2_mock_20261007_123707,36.588,1791344267.356790,511,1791344266.956987,camera_color_optical_frame,1,0.0000,0.4000,0.05000,0.396,0,TRACKING,ok,0.000,22.498,deg/s,joint_states,,,,,,,,,,,,,
assignment2_mock_20261007_123707,36.608,1791344267.376855,511,1791344266.956987,camera_color_optical_frame,1,0.0000,0.4000,0.05000,0.416,0,TRACKING,ok,0.000,22.498,deg/s,joint_states,,,,,,,,,,,,,
assignment2_mock_20261007_123707,36.627,1791344267.396223,511,1791344266.956987,camera_color_optical_frame,1,0.0000,0.4000,0.05000,0.436,0,TRACKING,ok,0.000,22.498,deg/s,joint_states,,,,,,,,,,,,,
assignment2_mock_20261007_123707,36.647,1791344267.416193,511,1791344266.956987,camera_color_optical_frame,1,0.0000,0.4000,0.05000,0.456,0,TRACKING,ok,0.000,22.498,deg/s,joint_states,,,,,,,,,,,,,
assignment2_mock_20261007_123707,36.668,1791344267.437395,511,1791344266.956987,camera_color_optical_frame,1,0.0000,0.4000,0.05000,0.477,0,TRACKING,ok,0.000,22.498,deg/s,joint_states,,,,,,,,,,,,,
assignment2_mock_20261007_123707,36.688,1791344267.457385,511,1791344266.956987,camera_color_optical_frame,1,0.0000,0.4000,0.05000,0.497,0,TRACKING,ok,0.000,22.498,deg/s,joint_states,,,,,,,,,,,,,
assignment2_mock_20261007_123707,36.707,1791344267.478599,511,1791344266.956987,camera_color_optical_frame,1,0.0000,0.4000,0.05000,0.516,0,LOST,input_timeout,0.000,0.000,deg/s,joint_states,,,,,,,,,,,,,
assignment2_mock_20261007_123707,36.727,1791344267.496428,511,1791344266.956987,camera_color_optical_frame,1,0.0000,0.4000,0.05000,0.536,0,LOST,input_timeout,0.000,0.000,deg/s,joint_states,,,,,,,,,,,,,
assignment2_mock_20261007_123707,36.747,1791344267.516096,511,1791344266.956987,camera_color_optical_frame,1,0.0000,0.4000,0.05000,0.556,0,LOST,input_timeout,0.000,0.000,deg/s,joint_states,,,,,,,,,,,,,
assignment2_mock_20261007_123707,36.767,1791344267.536163,511,1791344266.956987,camera_color_optical_frame,1,0.0000,0.4000,0.05000,0.576,0,LOST,input_timeout,0.000,0.000,deg/s,joint_states,,,,,,,,,,,,,
assignment2_mock_20261007_123707,36.787,1791344267.556381,511,1791344266.956987,camera_color_optical_frame,1,0.0000,0.4000,0.05000,0.596,0,LOST,input_timeout,0.000,0.000,deg/s,joint_states,,,,,,,,,,,,,
assignment2_mock_20261007_123707,36.808,1791344267.577381,511,1791344266.956987,camera_color_optical_frame,1,0.0000,0.4000,0.05000,0.617,0,LOST,input_timeout,0.000,0.000,deg/s,joint_states,,,,,,,,,,,,,
assignment2_mock_20261007_123707,36.828,1791344267.597331,511,1791344266.956987,camera_color_optical_frame,1,0.0000,0.4000,0.05000,0.637,0,LOST,input_timeout,0.000,0.000,deg/s,joint_states,,,,,,,,,,,,,
assignment2_mock_20261007_123707,36.848,1791344267.617437,511,1791344266.956987,camera_color_optical_frame,1,0.0000,0.4000,0.05000,0.657,0,LOST,input_timeout,0.000,0.000,deg/s,joint_states,,,,,,,,,,,,,
assignment2_mock_20261007_123707,36.868,1791344267.637204,511,1791344266.956987,camera_color_optical_frame,1,0.0000,0.4000,0.05000,0.677,0,LOST,input_timeout,0.000,0.000,deg/s,joint_states,,,,,,,,,,,,,
assignment2_mock_20261007_123707,36.887,1791344267.656153,511,1791344266.956987,camera_color_optical_frame,1,0.0000,0.4000,0.05000,0.696,0,LOST,input_timeout,0.000,0.000,deg/s,joint_states,,,,,,,,,,,,,
assignment2_mock_20261007_123707,36.907,1791344267.676156,511,1791344266.956987,camera_color_optical_frame,1,0.0000,0.4000,0.05000,0.716,0,LOST,input_timeout,0.000,0.000,deg/s,joint_states,,,,,,,,,,,,,
assignment2_mock_20261007_123707,36.927,1791344267.696149,511,1791344266.956987,camera_color_optical_frame,1,0.0000,0.4000,0.05000,0.736,0,LOST,input_timeout,0.000,0.000,deg/s,joint_states,,,,,,,,,,,,,
assignment2_mock_20261007_123707,36.947,1791344267.716547,511,1791344266.956987,camera_color_optical_frame,1,0.0000,0.4000,0.05000,0.756,0,LOST,input_timeout,0.000,0.000,deg/s,joint_states,,,,,,,,,,,,,
assignment2_mock_20261007_123707,36.968,1791344267.737309,511,1791344266.956987,camera_color_optical_frame,1,0.0000,0.4000,0.05000,0.777,0,LOST,input_timeout,0.000,0.000,deg/s,joint_states,,,,,,,,,,,,,
assignment2_mock_20261007_123707,36.988,1791344267.757241,511,1791344266.956987,camera_color_optical_frame,1,0.0000,0.4000,0.05000,0.797,0,LOST,input_timeout,0.000,0.000,deg/s,joint_states,,,,,,,,,,,,,
assignment2_mock_20261007_123707,37.008,1791344267.777274,511,1791344266.956987,camera_color_optical_frame,1,0.0000,0.4000,0.05000,0.817,0,LOST,input_timeout,0.000,0.000,deg/s,joint_states,,,,,,,,,,,,,
assignment2_mock_20261007_123707,37.027,1791344267.796082,511,1791344266.956987,camera_color_optical_frame,1,0.0000,0.4000,0.05000,0.836,0,LOST,input_timeout,0.000,0.000,deg/s,joint_states,,,,,,,,,,,,,
assignment2_mock_20261007_123707,37.048,1791344267.817527,511,1791344266.956987,camera_color_optical_frame,1,0.0000,0.4000,0.05000,0.857,0,LOST,input_timeout,0.000,0.000,deg/s,joint_states,,,,,,,,,,,,,
assignment2_mock_20261007_123707,37.068,1791344267.836695,511,1791344266.956987,camera_color_optical_frame,1,0.0000,0.4000,0.05000,0.876,0,LOST,input_timeout,0.000,0.000,deg/s,joint_states,,,,,,,,,,,,,
assignment2_mock_20261007_123707,37.087,1791344267.856249,511,1791344266.956987,camera_color_optical_frame,1,0.0000,0.4000,0.05000,0.896,0,LOST,input_timeout,0.000,0.000,deg/s,joint_states,,,,,,,,,,,,,
assignment2_mock_20261007_123707,37.108,1791344267.876801,511,1791344266.956987,camera_color_optical_frame,1,0.0000,0.4000,0.05000,0.916,0,LOST,input_timeout,0.000,0.000,deg/s,joint_states,,,,,,,,,,,,,
assignment2_mock_20261007_123707,37.127,1791344267.896479,511,1791344266.956987,camera_color_optical_frame,1,0.0000,0.4000,0.05000,0.936,0,LOST,input_timeout,0.000,0.000,deg/s,joint_states,,,,,,,,,,,,,
assignment2_mock_20261007_123707,37.148,1791344267.916667,511,1791344266.956987,camera_color_optical_frame,1,0.0000,0.4000,0.05000,0.956,0,LOST,input_timeout,0.000,0.000,deg/s,joint_states,,,,,,,,,,,,,
assignment2_mock_20261007_123707,37.167,1791344267.936435,511,1791344266.956987,camera_color_optical_frame,1,0.0000,0.4000,0.05000,0.976,0,LOST,input_timeout,0.000,0.000,deg/s,joint_states,,,,,,,,,,,,,
assignment2_mock_20261007_123707,37.188,1791344267.957034,511,1791344266.956987,camera_color_optical_frame,1,0.0000,0.4000,0.05000,0.997,0,LOST,input_timeout,0.000,0.000,deg/s,joint_states,,,,,,,,,,,,,
assignment2_mock_20261007_123707,37.207,1791344267.976305,511,1791344266.956987,camera_color_optical_frame,1,0.0000,0.4000,0.05000,1.016,0,LOST,input_timeout,0.000,0.000,deg/s,joint_states,,,,,,,,,,,,,
assignment2_mock_20261007_123707,37.228,1791344267.997003,511,1791344266.956987,camera_color_optical_frame,1,0.0000,0.4000,0.05000,1.037,0,LOST,input_timeout,0.000,0.000,deg/s,joint_states,,,,,,,,,,,,,
assignment2_mock_20261007_123707,37.247,1791344268.016068,511,1791344266.956987,camera_color_optical_frame,1,0.0000,0.4000,0.05000,1.056,0,LOST,input_timeout,0.000,0.000,deg/s,joint_states,,,,,,,,,,,,,
assignment2_mock_20261007_123707,37.268,1791344268.037006,511,1791344266.956987,camera_color_optical_frame,1,0.0000,0.4000,0.05000,1.077,0,LOST,input_timeout,0.000,0.000,deg/s,joint_states,,,,,,,,,,,,,
assignment2_mock_20261007_123707,37.288,1791344268.057038,511,1791344266.956987,camera_color_optical_frame,1,0.0000,0.4000,0.05000,1.097,0,LOST,input_timeout,0.000,0.000,deg/s,joint_states,,,,,,,,,,,,,
assignment2_mock_20261007_123707,37.307,1791344268.076057,511,1791344266.956987,camera_color_optical_frame,1,0.0000,0.4000,0.05000,1.116,0,LOST,input_timeout,0.000,0.000,deg/s,joint_states,,,,,,,,,,,,,
assignment2_mock_20261007_123707,37.328,1791344268.096800,511,1791344266.956987,camera_color_optical_frame,1,0.0000,0.4000,0.05000,1.136,0,LOST,input_timeout,0.000,0.000,deg/s,joint_states,,,,,,,,,,,,,
assignment2_mock_20261007_123707,37.348,1791344268.117595,511,1791344266.956987,camera_color_optical_frame,1,0.0000,0.4000,0.05000,1.157,0,LOST,input_timeout,0.000,0.000,deg/s,joint_states,,,,,,,,,,,,,
assignment2_mock_20261007_123707,37.367,1791344268.136530,511,1791344266.956987,camera_color_optical_frame,1,0.0000,0.4000,0.05000,1.176,0,LOST,input_timeout,0.000,0.000,deg/s,joint_states,,,,,,,,,,,,,
assignment2_mock_20261007_123707,37.388,1791344268.156761,511,1791344266.956987,camera_color_optical_frame,1,0.0000,0.4000,0.05000,1.196,0,LOST,input_timeout,0.000,0.000,deg/s,joint_states,,,,,,,,,,,,,
assignment2_mock_20261007_123707,37.407,1791344268.176355,511,1791344266.956987,camera_color_optical_frame,1,0.0000,0.4000,0.05000,1.216,0,LOST,input_timeout,0.000,0.000,deg/s,joint_states,,,,,,,,,,,,,
assignment2_mock_20261007_123707,37.427,1791344268.196338,511,1791344266.956987,camera_color_optical_frame,1,0.0000,0.4000,0.05000,1.236,0,LOST,input_timeout,0.000,0.000,deg/s,joint_states,,,,,,,,,,,,,
assignment2_mock_20261007_123707,37.448,1791344268.217343,511,1791344266.956987,camera_color_optical_frame,1,0.0000,0.4000,0.05000,1.257,0,LOST,input_timeout,0.000,0.000,deg/s,joint_states,,,,,,,,,,,,,
assignment2_mock_20261007_123707,37.468,1791344268.236842,511,1791344266.956987,camera_color_optical_frame,1,0.0000,0.4000,0.05000,1.276,0,LOST,input_timeout,0.000,0.000,deg/s,joint_states,,,,,,,,,,,,,
assignment2_mock_20261007_123707,37.487,1791344268.256093,511,1791344266.956987,camera_color_optical_frame,1,0.0000,0.4000,0.05000,1.296,0,LOST,input_timeout,0.000,0.000,deg/s,joint_states,,,,,,,,,,,,,
assignment2_mock_20261007_123707,37.508,1791344268.277336,511,1791344266.956987,camera_color_optical_frame,1,0.0000,0.4000,0.05000,1.317,0,LOST,input_timeout,0.000,0.000,deg/s,joint_states,,,,,,,,,,,,,
assignment2_mock_20261007_123707,37.528,1791344268.297040,511,1791344266.956987,camera_color_optical_frame,1,0.0000,0.4000,0.05000,1.337,0,LOST,input_timeout,0.000,0.000,deg/s,joint_states,,,,,,,,,,,,,
assignment2_mock_20261007_123707,37.548,1791344268.316933,511,1791344266.956987,camera_color_optical_frame,1,0.0000,0.4000,0.05000,1.356,0,LOST,input_timeout,0.000,0.000,deg/s,joint_states,,,,,,,,,,,,,
assignment2_mock_20261007_123707,37.568,1791344268.337030,511,1791344266.956987,camera_color_optical_frame,1,0.0000,0.4000,0.05000,1.376,0,LOST,input_timeout,0.000,0.000,deg/s,joint_states,,,,,,,,,,,,,
assignment2_mock_20261007_123707,37.587,1791344268.356780,511,1791344266.956987,camera_color_optical_frame,1,0.0000,0.4000,0.05000,1.396,0,LOST,input_timeout,0.000,0.000,deg/s,joint_states,,,,,,,,,,,,,
assignment2_mock_20261007_123707,37.607,1791344268.376619,511,1791344266.956987,camera_color_optical_frame,1,0.0000,0.4000,0.05000,1.416,0,LOST,input_timeout,0.000,0.000,deg/s,joint_states,,,,,,,,,,,,,
assignment2_mock_20261007_123707,37.629,1791344268.398495,511,1791344266.956987,camera_color_optical_frame,1,0.0000,0.4000,0.05000,1.438,0,LOST,input_timeout,0.000,0.000,deg/s,joint_states,,,,,,,,,,,,,
assignment2_mock_20261007_123707,37.647,1791344268.416579,511,1791344266.956987,camera_color_optical_frame,1,0.0000,0.4000,0.05000,1.456,0,LOST,input_timeout,0.000,0.000,deg/s,joint_states,,,,,,,,,,,,,
assignment2_mock_20261007_123707,37.667,1791344268.436434,511,1791344266.956987,camera_color_optical_frame,1,0.0000,0.4000,0.05000,1.476,0,LOST,input_timeout,0.000,0.000,deg/s,joint_states,,,,,,,,,,,,,
assignment2_mock_20261007_123707,37.687,1791344268.456417,511,1791344266.956987,camera_color_optical_frame,1,0.0000,0.4000,0.05000,1.496,0,LOST,input_timeout,0.000,0.000,deg/s,joint_states,,,,,,,,,,,,,
assignment2_mock_20261007_123707,37.707,1791344268.476346,511,1791344266.956987,camera_color_optical_frame,1,0.0000,0.4000,0.05000,1.516,0,LOST,input_timeout,0.000,0.000,deg/s,joint_states,,,,,,,,,,,,,
