0.015	>>> 
0.015	>>> B 1654 2007
0.243	>>> V 0.00 0.00
0.244	S 1171444 -8.09 -10.02 0.00 0.00 OFF
0.247	B 1654 2007
0.248	S 1171464 -8.09 -10.02 0.00 0.00 OFF
0.249	S 1171484 -8.09 -10.02 0.00 0.00 OFF
0.249	S 1171504 -8.09 -10.02 0.00 0.00 OFF
0.250	S 1171524 -8.09 -10.02 0.00 0.00 OFF
0.250	S 1171544 -8.09 -10.11 0.00 0.00 OFF
0.250	S 1171564 -8.09 -10.02 0.00 0.00 OFF
0.251	S 1171584 -8.09 -10.02 0.00 0.00 OFF
0.251	S 1171604 -8.09 -10.02 0.00 0.00 OFF
0.251	S 1171624 -8.09 -10.02 0.00 0.00 OFF
0.251	S 1171644 -8.09 -10.02 0.00 0.00 OFF
0.252	S 1171664 -8.09 -10.02 0.00 0.00 OFF
0.256	>>> V 0.00 0.00
0.276	>>> V 0.00 0.00
0.276	S 1171684 -8.09 -10.02 0.00 0.00 OFF
0.297	>>> V 0.00 0.00
0.297	S 1171704 -8.09 -10.02 0.00 0.00 OFF
0.317	>>> V 0.00 0.00
0.317	S 1171724 -8.09 -10.02 0.00 0.00 OFF
0.318	S 1171744 -8.09 -10.02 0.00 0.00 OFF
0.337	>>> V 0.00 0.00
0.356	>>> V 0.00 0.00
0.357	S 1171764 -8.09 -10.02 0.00 0.00 OFF
0.376	>>> V 0.00 0.00
0.376	S 1171784 -8.09 -10.02 0.00 0.00 OFF
0.397	>>> V 0.00 0.00
0.397	S 1171804 -8.09 -10.11 0.00 0.00 OFF
0.416	>>> V 0.00 0.00
0.416	S 1171824 -8.09 -10.02 0.00 0.00 OFF
0.437	>>> V 0.00 0.00
0.437	S 1171844 -8.09 -10.02 0.00 0.00 OFF
0.456	>>> V 0.00 0.00
0.456	S 1171864 -8.09 -10.11 0.00 0.00 OFF
0.476	>>> V 0.00 0.00
0.477	S 1171884 -8.09 -10.02 0.00 0.00 OFF
0.496	>>> V 0.00 0.00
0.497	S 1171904 -8.09 -10.02 0.00 0.00 OFF
0.516	>>> V 0.00 0.00
0.516	S 1171924 -8.09 -10.11 0.00 0.00 OFF
0.537	>>> V 0.00 0.00
0.537	S 1171944 -8.09 -10.02 0.00 0.00 OFF
0.556	>>> V 0.00 0.00
0.557	S 1171964 -8.09 -10.02 0.00 0.00 OFF
0.576	>>> V 0.00 0.00
0.576	S 1171984 -8.09 -10.02 0.00 0.00 OFF
0.597	>>> V 0.00 0.00
0.597	S 1172004 -8.09 -10.11 0.00 0.00 OFF
0.616	>>> V 0.00 0.00
0.617	S 1172024 -8.09 -10.02 0.00 0.00 OFF
0.636	>>> V 0.00 0.00
0.636	S 1172044 -8.09 -10.02 0.00 0.00 OFF
0.657	>>> V 0.00 0.00
0.657	S 1172064 -8.09 -10.02 0.00 0.00 OFF
0.677	>>> V 0.00 0.00
0.677	S 1172084 -8.09 -10.11 0.00 0.00 OFF
0.696	>>> V 0.00 0.00
0.696	S 1172104 -8.09 -10.02 0.00 0.00 OFF
0.717	>>> V 0.00 0.00
0.717	S 1172124 -8.09 -10.02 0.00 0.00 OFF
0.736	>>> V 0.00 0.00
0.737	S 1172144 -8.09 -10.02 0.00 0.00 OFF
0.756	>>> V 0.00 0.00
0.756	S 1172164 -8.09 -10.02 0.00 0.00 OFF
0.776	>>> V 0.00 0.00
0.777	S 1172184 -8.09 -10.02 0.00 0.00 OFF
0.796	>>> V 0.00 0.00
0.797	S 1172204 -8.09 -10.02 0.00 0.00 OFF
0.816	>>> V 0.00 0.00
0.817	S 1172224 -8.09 -10.11 0.00 0.00 OFF
0.836	>>> V 0.00 0.00
0.837	S 1172244 -8.09 -10.02 0.00 0.00 OFF
0.856	>>> V 0.00 0.00
0.856	S 1172264 -8.09 -10.11 0.00 0.00 OFF
0.876	>>> V 0.00 0.00
0.876	S 1172284 -8.09 -10.02 0.00 0.00 OFF
0.896	>>> V 0.00 0.00
0.897	S 1172304 -8.09 -10.02 0.00 0.00 OFF
0.917	>>> V 0.00 0.00
0.917	S 1172324 -8.09 -10.11 0.00 0.00 OFF
0.936	>>> V 0.00 0.00
0.937	S 1172344 -8.09 -10.02 0.00 0.00 OFF
0.956	>>> V 0.00 0.00
0.956	S 1172364 -8.09 -10.02 0.00 0.00 OFF
0.976	>>> V 0.00 0.00
0.977	S 1172384 -8.09 -10.02 0.00 0.00 OFF
0.996	>>> V 0.00 0.00
0.997	S 1172404 -8.09 -10.11 0.00 0.00 OFF
1.016	>>> V 0.00 0.00
1.017	S 1172424 -8.09 -10.02 0.00 0.00 OFF
1.036	>>> V 0.00 0.00
1.037	S 1172444 -8.09 -10.02 0.00 0.00 OFF
1.056	>>> V 0.00 0.00
1.057	S 1172464 -8.09 -10.02 0.00 0.00 OFF
1.076	>>> V 0.00 0.00
1.076	S 1172484 -8.09 -10.02 0.00 0.00 OFF
1.096	>>> V 0.00 0.00
1.097	S 1172504 -8.09 -10.02 0.00 0.00 OFF
1.116	>>> V 0.00 0.00
1.117	S 1172524 -8.09 -10.02 0.00 0.00 OFF
1.136	>>> V 0.00 0.00
1.137	S 1172544 -8.09 -10.02 0.00 0.00 OFF
1.156	>>> V 0.00 0.00
1.156	S 1172564 -8.09 -10.02 0.00 0.00 OFF
1.176	>>> V 0.00 0.00
1.177	S 1172584 -8.09 -10.02 0.00 0.00 OFF
1.196	>>> V 0.00 0.00
1.197	S 1172604 -8.09 -10.02 0.00 0.00 OFF
1.216	>>> V 0.00 0.00
1.216	S 1172624 -8.09 -10.02 0.00 0.00 OFF
1.236	>>> V 0.00 0.00
1.236	S 1172644 -8.09 -10.11 0.00 0.00 OFF
1.256	>>> V 0.00 0.00
1.256	S 1172664 -8.09 -10.11 0.00 0.00 OFF
1.276	>>> V 0.00 0.00
1.277	S 1172684 -8.09 -10.02 0.00 0.00 OFF
1.296	>>> V 0.00 0.00
1.296	S 1172704 -8.09 -10.02 0.00 0.00 OFF
1.316	>>> V 0.00 0.00
1.317	S 1172724 -8.09 -10.02 0.00 0.00 OFF
1.336	>>> V 0.00 0.00
1.337	S 1172744 -8.09 -10.02 0.00 0.00 OFF
1.356	>>> V 0.00 0.00
1.357	S 1172764 -8.09 -10.11 0.00 0.00 OFF
1.376	>>> V 0.00 0.00
1.377	S 1172784 -8.09 -10.02 0.00 0.00 OFF
1.396	>>> V 0.00 0.00
1.397	S 1172804 -8.09 -10.02 0.00 0.00 OFF
1.416	>>> V 0.00 0.00
1.417	S 1172824 -8.09 -10.02 0.00 0.00 OFF
1.436	>>> V 0.00 0.00
1.436	S 1172844 -8.09 -10.02 0.00 0.00 OFF
1.456	>>> V 0.00 0.00
1.456	S 1172864 -8.09 -10.02 0.00 0.00 OFF
1.476	>>> V 0.00 0.00
1.477	S 1172884 -8.09 -10.02 0.00 0.00 OFF
1.496	>>> V 0.00 0.00
1.497	S 1172904 -8.09 -10.02 0.00 0.00 OFF
1.516	>>> V 0.00 0.00
1.517	S 1172924 -8.09 -10.02 0.00 0.00 OFF
1.536	>>> V 0.00 0.00
1.537	S 1172944 -8.09 -10.02 0.00 0.00 OFF
1.556	>>> V 0.00 0.00
1.557	S 1172964 -8.09 -10.02 0.00 0.00 OFF
1.577	>>> V 0.00 0.00
1.577	S 1172984 -8.09 -10.11 0.00 0.00 OFF
1.596	>>> V 0.00 0.00
1.597	S 1173004 -8.09 -10.11 0.00 0.00 OFF
1.616	>>> V 0.00 0.00
1.617	S 1173024 -8.09 -10.11 0.00 0.00 OFF
1.636	>>> V 0.00 0.00
1.637	S 1173044 -8.09 -10.02 0.00 0.00 OFF
1.656	>>> V 0.00 0.00
1.657	S 1173064 -8.09 -10.02 0.00 0.00 OFF
1.676	>>> V 0.00 0.00
1.677	S 1173084 -8.09 -10.11 0.00 0.00 OFF
1.696	>>> V 0.00 0.00
1.697	S 1173104 -8.09 -10.02 0.00 0.00 OFF
1.716	>>> V 0.00 0.00
1.717	S 1173124 -8.09 -10.02 0.00 0.00 OFF
1.736	>>> V 0.00 0.00
1.736	S 1173144 -8.09 -10.02 0.00 0.00 OFF
1.756	>>> V 0.00 0.00
1.757	S 1173164 -8.09 -10.02 0.00 0.00 OFF
1.776	>>> V 0.00 0.00
1.777	S 1173184 -8.09 -10.02 0.00 0.00 OFF
1.796	>>> V 0.00 0.00
1.797	S 1173204 -8.09 -10.02 0.00 0.00 OFF
1.816	>>> V 0.00 0.00
1.817	S 1173224 -8.09 -10.02 0.00 0.00 OFF
1.836	>>> V 0.00 0.00
1.837	S 1173244 -8.09 -10.02 0.00 0.00 OFF
1.856	>>> V 0.00 0.00
1.858	S 1173264 -8.09 -10.02 0.00 0.00 OFF
1.859	S 1173284 -8.09 -10.02 0.00 0.00 OFF
1.876	>>> V 0.00 0.00
1.896	>>> V 0.00 0.00
1.897	S 1173304 -8.09 -10.02 0.00 0.00 OFF
1.916	>>> V 0.00 0.00
1.917	S 1173324 -8.09 -10.11 0.00 0.00 OFF
1.936	>>> V 0.00 0.00
1.937	S 1173344 -8.09 -10.02 0.00 0.00 OFF
1.956	>>> V 0.00 0.00
1.957	S 1173364 -8.09 -10.02 0.00 0.00 OFF
1.976	>>> V 0.00 0.00
1.976	S 1173384 -8.09 -10.02 0.00 0.00 OFF
1.996	>>> V 0.00 0.00
1.997	S 1173404 -8.09 -10.11 0.00 0.00 OFF
2.016	>>> V 0.00 0.00
2.017	S 1173424 -8.09 -10.02 0.00 0.00 OFF
2.036	>>> V 0.00 0.00
2.036	S 1173444 -8.09 -10.02 0.00 0.00 OFF
2.056	>>> V 0.00 0.00
2.057	S 1173464 -8.09 -10.02 0.00 0.00 OFF
2.076	>>> V 0.00 0.00
2.077	S 1173484 -8.09 -10.02 0.00 0.00 OFF
2.096	>>> V 0.00 0.00
2.097	S 1173504 -8.09 -10.02 0.00 0.00 OFF
2.116	>>> V 0.00 0.00
2.116	S 1173524 -8.09 -10.02 0.00 0.00 OFF
2.136	>>> V 0.00 0.00
2.136	S 1173544 -8.09 -10.11 0.00 0.00 OFF
2.156	>>> V 0.00 0.00
2.157	S 1173564 -8.09 -10.11 0.00 0.00 OFF
2.177	>>> V 0.00 0.00
2.177	S 1173584 -8.09 -10.02 0.00 0.00 OFF
2.196	>>> V 0.00 0.00
2.197	S 1173604 -8.09 -10.11 0.00 0.00 OFF
2.216	>>> V 0.00 0.00
2.216	S 1173624 -8.09 -10.02 0.00 0.00 OFF
2.236	>>> V 0.00 0.00
2.237	S 1173644 -8.09 -10.02 0.00 0.00 OFF
2.256	>>> V 0.00 0.00
2.257	S 1173664 -8.09 -10.02 0.00 0.00 OFF
2.276	>>> V 0.00 0.00
2.277	S 1173684 -8.09 -10.02 0.00 0.00 OFF
2.296	>>> V 0.00 0.00
2.297	S 1173704 -8.09 -10.02 0.00 0.00 OFF
2.316	>>> V 0.00 0.00
2.317	S 1173724 -8.09 -10.02 0.00 0.00 OFF
2.336	>>> V 0.00 0.00
2.337	S 1173744 -8.09 -10.02 0.00 0.00 OFF
2.356	>>> V 0.00 0.00
2.357	S 1173764 -8.09 -10.02 0.00 0.00 OFF
2.376	>>> V 0.00 0.00
2.377	S 1173784 -8.09 -10.11 0.00 0.00 OFF
2.399	>>> V 0.00 0.00
2.399	S 1173804 -8.09 -10.02 0.00 0.00 OFF
2.403	S 1173824 -8.09 -10.02 0.00 0.00 OFF
2.417	>>> V 0.00 0.00
2.436	>>> V 0.00 0.00
2.436	S 1173844 -8.09 -10.02 0.00 0.00 OFF
2.456	>>> V 0.00 0.00
2.457	S 1173864 -8.09 -10.02 0.00 0.00 OFF
2.476	>>> V 0.00 0.00
2.477	S 1173884 -8.09 -10.02 0.00 0.00 OFF
2.496	>>> V 0.00 0.00
2.497	S 1173904 -8.09 -10.02 0.00 0.00 OFF
2.516	>>> V 0.00 0.00
2.517	S 1173924 -8.09 -10.02 0.00 0.00 OFF
2.536	>>> V 0.00 0.00
2.537	S 1173944 -8.09 -10.02 0.00 0.00 OFF
2.556	>>> V 0.00 0.00
2.557	S 1173964 -8.09 -10.02 0.00 0.00 OFF
2.576	>>> V 0.00 0.00
2.577	S 1173984 -8.09 -10.02 0.00 0.00 OFF
2.597	>>> V 0.00 0.00
2.597	S 1174004 -8.09 -10.02 0.00 0.00 OFF
2.616	>>> V 0.00 0.00
2.617	S 1174024 -8.09 -10.02 0.00 0.00 OFF
2.636	>>> V 0.00 0.00
2.637	S 1174044 -8.09 -10.02 0.00 0.00 OFF
2.656	>>> V 0.00 0.00
2.657	S 1174064 -8.09 -10.11 0.00 0.00 OFF
2.676	>>> V 0.00 0.00
2.677	S 1174084 -8.09 -10.02 0.00 0.00 OFF
2.696	>>> V 0.00 0.00
2.697	S 1174104 -8.09 -10.02 0.00 0.00 OFF
2.717	>>> V 0.00 0.00
2.717	S 1174124 -8.09 -10.02 0.00 0.00 OFF
2.737	>>> V 0.00 0.00
2.737	S 1174144 -8.09 -10.02 0.00 0.00 OFF
2.757	>>> V 0.00 0.00
2.757	S 1174164 -8.09 -10.02 0.00 0.00 OFF
2.776	>>> V 0.00 0.00
2.777	S 1174184 -8.09 -10.02 0.00 0.00 OFF
2.797	>>> V 0.00 0.00
2.797	S 1174204 -8.09 -10.02 0.00 0.00 OFF
2.817	>>> V 0.00 0.00
2.817	S 1174224 -8.09 -10.11 0.00 0.00 OFF
2.837	>>> V 0.00 0.00
2.837	S 1174244 -8.09 -10.02 0.00 0.00 OFF
2.856	>>> V 0.00 0.00
2.857	S 1174264 -8.09 -10.02 0.00 0.00 OFF
2.877	>>> V 0.00 0.00
2.877	S 1174284 -8.09 -10.11 0.00 0.00 OFF
2.897	>>> V 0.00 0.00
2.897	S 1174304 -8.09 -10.02 0.00 0.00 OFF
2.917	>>> V 0.00 0.00
2.917	S 1174324 -8.09 -10.02 0.00 0.00 OFF
2.936	>>> V 0.00 0.00
2.937	S 1174344 -8.09 -10.02 0.00 0.00 OFF
2.957	>>> V 0.00 0.00
2.957	S 1174364 -8.09 -10.11 0.00 0.00 OFF
2.977	>>> V 0.00 0.00
2.977	S 1174384 -8.09 -10.02 0.00 0.00 OFF
2.997	>>> V 0.00 0.00
2.997	S 1174404 -8.09 -10.11 0.00 0.00 OFF
3.017	>>> V 0.00 0.00
3.017	S 1174424 -8.09 -10.02 0.00 0.00 OFF
3.036	>>> V 0.00 0.00
3.037	S 1174444 -8.09 -10.02 0.00 0.00 OFF
3.056	>>> V 0.00 0.00
3.057	S 1174464 -8.09 -10.02 0.00 0.00 OFF
3.077	>>> V 0.00 0.00
3.077	S 1174484 -8.09 -10.02 0.00 0.00 OFF
3.097	>>> V 0.00 0.00
3.097	S 1174504 -8.09 -10.02 0.00 0.00 OFF
3.117	>>> V 0.00 0.00
3.117	S 1174524 -8.09 -10.02 0.00 0.00 OFF
3.137	>>> V 0.00 0.00
3.137	S 1174544 -8.09 -10.11 0.00 0.00 OFF
3.157	>>> V 0.00 0.00
3.157	S 1174564 -8.09 -10.11 0.00 0.00 OFF
3.177	>>> V 0.00 0.00
3.178	S 1174584 -8.09 -10.02 0.00 0.00 OFF
3.179	S 1174604 -8.09 -10.02 0.00 0.00 OFF
3.196	>>> V 0.00 0.00
3.217	>>> V 0.00 0.00
3.217	S 1174624 -8.09 -10.02 0.00 0.00 OFF
3.237	>>> V 0.00 0.00
3.237	S 1174644 -8.09 -10.02 0.00 0.00 OFF
3.256	>>> V 0.00 0.00
3.256	S 1174664 -8.09 -10.02 0.00 0.00 OFF
3.276	>>> V 0.00 0.00
3.277	S 1174684 -8.09 -10.02 0.00 0.00 OFF
3.296	>>> V 0.00 0.00
3.296	S 1174704 -8.09 -10.02 0.00 0.00 OFF
3.316	>>> V 0.00 0.00
3.317	S 1174724 -8.09 -10.11 0.00 0.00 OFF
3.336	>>> V 0.00 0.00
3.336	S 1174744 -8.09 -10.02 0.00 0.00 OFF
3.356	>>> V 0.00 0.00
3.357	S 1174764 -8.09 -10.02 0.00 0.00 OFF
3.377	>>> V 0.00 0.00
3.377	S 1174784 -8.09 -10.02 0.00 0.00 OFF
3.397	>>> V 0.00 0.00
3.397	S 1174804 -8.09 -10.02 0.00 0.00 OFF
3.416	>>> V 0.00 0.00
3.416	S 1174824 -8.09 -10.02 0.00 0.00 OFF
3.436	>>> V 0.00 0.00
3.437	S 1174844 -8.09 -10.02 0.00 0.00 OFF
3.456	>>> V 0.00 0.00
3.457	S 1174864 -8.09 -10.02 0.00 0.00 OFF
3.477	>>> V 0.00 0.00
3.477	S 1174884 -8.09 -10.02 0.00 0.00 OFF
3.496	>>> V 0.00 0.00
3.497	S 1174904 -8.09 -10.11 0.00 0.00 OFF
3.517	>>> V 0.00 0.00
3.517	S 1174924 -8.09 -10.02 0.00 0.00 OFF
3.537	>>> V 0.00 0.00
3.537	S 1174944 -8.09 -10.11 0.00 0.00 OFF
3.556	>>> V 0.00 0.00
3.556	S 1174964 -8.09 -10.02 0.00 0.00 OFF
3.576	>>> V 0.00 0.00
3.577	S 1174984 -8.09 -10.02 0.00 0.00 OFF
3.596	>>> V 0.00 0.00
3.597	S 1175004 -8.09 -10.11 0.00 0.00 OFF
3.616	>>> V 0.00 0.00
3.617	S 1175024 -8.09 -10.02 0.00 0.00 OFF
3.636	>>> V 0.00 0.00
3.637	S 1175044 -8.09 -10.02 0.00 0.00 OFF
3.657	>>> V 0.00 0.00
3.657	S 1175064 -8.09 -10.02 0.00 0.00 OFF
3.677	>>> V 0.00 0.00
3.677	S 1175084 -8.09 -10.11 0.00 0.00 OFF
3.696	>>> V 0.00 0.00
3.697	S 1175104 -8.09 -10.02 0.00 0.00 OFF
3.716	>>> V 0.00 0.00
3.716	S 1175124 -8.09 -10.02 0.00 0.00 OFF
3.737	>>> V 0.00 0.00
3.737	S 1175144 -8.09 -10.02 0.00 0.00 OFF
3.757	>>> V 0.00 0.00
3.757	S 1175164 -8.09 -10.11 0.00 0.00 OFF
3.777	>>> V 0.00 0.00
3.777	S 1175184 -8.09 -10.02 0.00 0.00 OFF
3.797	>>> V 0.00 0.00
3.797	S 1175204 -8.09 -10.02 0.00 0.00 OFF
3.816	>>> V 0.00 0.00
3.816	S 1175224 -8.09 -10.02 0.00 0.00 OFF
3.837	>>> V 0.00 0.00
3.837	S 1175244 -8.09 -10.02 0.00 0.00 OFF
3.856	>>> V 0.00 0.00
3.856	S 1175264 -8.09 -10.11 0.00 0.00 OFF
3.876	>>> V 0.00 0.00
3.876	S 1175284 -8.09 -10.02 0.00 0.00 OFF
3.897	>>> V 0.00 0.00
3.897	S 1175304 -8.09 -10.11 0.00 0.00 OFF
3.917	>>> V 0.00 0.00
3.917	S 1175324 -8.09 -10.02 0.00 0.00 OFF
3.937	>>> V 0.00 0.00
3.937	S 1175344 -8.09 -10.02 0.00 0.00 OFF
3.957	>>> V 0.00 0.00
3.957	S 1175364 -8.09 -10.02 0.00 0.00 OFF
3.976	>>> V 0.00 0.00
3.976	S 1175384 -8.09 -10.02 0.00 0.00 OFF
3.997	>>> V 0.00 0.00
3.997	S 1175404 -8.09 -10.02 0.00 0.00 OFF
4.017	>>> V 0.00 0.00
4.017	S 1175424 -8.09 -10.11 0.00 0.00 OFF
4.036	>>> V 0.00 0.00
4.036	S 1175444 -8.09 -10.11 0.00 0.00 OFF
4.056	>>> V 0.00 0.00
4.057	S 1175464 -8.09 -10.11 0.00 0.00 OFF
4.076	>>> V 0.00 0.00
4.076	S 1175484 -8.09 -10.02 0.00 0.00 OFF
4.096	>>> V 0.00 0.00
4.097	S 1175504 -8.09 -10.02 0.00 0.00 OFF
4.117	>>> V 0.00 0.00
4.117	S 1175524 -8.09 -10.02 0.00 0.00 OFF
4.137	>>> V 0.00 0.00
4.137	S 1175544 -8.09 -10.02 0.00 0.00 OFF
4.156	>>> V 0.00 0.00
4.156	S 1175564 -8.09 -10.02 0.00 0.00 OFF
4.176	>>> V 0.00 0.00
4.176	S 1175584 -8.17 -10.02 0.00 0.00 OFF
4.196	>>> V 0.00 0.00
4.196	S 1175604 -8.09 -10.02 0.00 0.00 OFF
4.216	>>> V 0.00 0.00
4.216	S 1175624 -8.09 -10.02 0.00 0.00 OFF
4.236	>>> V 0.00 0.00
4.236	S 1175644 -8.09 -10.02 0.00 0.00 OFF
4.257	>>> V 0.00 0.00
4.257	S 1175664 -8.09 -10.02 0.00 0.00 OFF
4.276	>>> V 0.00 0.00
4.277	S 1175684 -8.09 -10.11 0.00 0.00 OFF
4.296	>>> V 0.00 0.00
4.297	S 1175704 -8.09 -10.02 0.00 0.00 OFF
4.317	>>> V 0.00 0.00
4.317	S 1175724 -8.09 -10.02 0.00 0.00 OFF
4.337	>>> V 0.00 0.00
4.337	S 1175744 -8.09 -10.11 0.00 0.00 OFF
4.357	>>> V 0.00 0.00
4.358	S 1175764 -8.09 -10.02 0.00 0.00 OFF
4.376	>>> V 0.00 0.00
4.376	S 1175784 -8.09 -10.02 0.00 0.00 OFF
4.397	>>> V 0.00 0.00
4.397	S 1175804 -8.09 -10.02 0.00 0.00 OFF
4.416	>>> V 0.00 0.00
4.416	S 1175824 -8.09 -10.02 0.00 0.00 OFF
4.436	>>> V 0.00 0.00
4.436	S 1175844 -8.09 -10.02 0.00 0.00 OFF
4.456	>>> V 0.00 0.00
4.457	S 1175864 -8.09 -10.02 0.00 0.00 OFF
4.476	>>> V 0.00 0.00
4.476	S 1175884 -8.09 -10.02 0.00 0.00 OFF
4.496	>>> V 0.00 0.00
4.497	S 1175904 -8.09 -10.11 0.00 0.00 OFF
4.517	>>> V 0.00 0.00
4.517	S 1175924 -8.09 -10.02 0.00 0.00 OFF
4.536	>>> V 0.00 0.00
4.536	S 1175944 -8.09 -10.02 0.00 0.00 OFF
4.556	>>> V 0.00 0.00
4.557	S 1175964 -8.09 -10.02 0.00 0.00 OFF
4.576	>>> V 0.00 0.00
4.577	S 1175984 -8.09 -10.02 0.00 0.00 OFF
4.597	>>> V 0.00 0.00
4.597	S 1176004 -8.09 -10.02 0.00 0.00 OFF
4.616	>>> V 0.00 0.00
4.616	S 1176024 -8.09 -10.02 0.00 0.00 OFF
4.636	>>> V 0.00 0.00
4.637	S 1176044 -8.09 -10.02 0.00 0.00 OFF
4.657	>>> V 0.00 0.00
4.657	S 1176064 -8.09 -10.11 0.00 0.00 OFF
4.677	>>> V 0.00 0.00
4.677	S 1176084 -8.09 -10.11 0.00 0.00 OFF
4.697	>>> V 0.00 0.00
4.697	S 1176104 -8.09 -10.02 0.00 0.00 OFF
4.717	>>> V 0.00 0.00
4.717	S 1176124 -8.09 -10.02 0.00 0.00 OFF
4.737	>>> V 0.00 0.00
4.737	S 1176144 -8.09 -10.02 0.00 0.00 OFF
4.757	>>> V 0.00 0.00
4.757	S 1176164 -8.09 -10.11 0.00 0.00 OFF
4.776	>>> V 0.00 0.00
4.777	S 1176184 -8.09 -10.02 0.00 0.00 OFF
4.796	>>> V 0.00 0.00
4.797	S 1176204 -8.09 -10.02 0.00 0.00 OFF
4.817	>>> V 0.00 0.00
4.817	S 1176224 -8.09 -10.02 0.00 0.00 OFF
4.837	>>> V 0.00 0.00
4.837	S 1176244 -8.09 -10.11 0.00 0.00 OFF
4.856	>>> V 0.00 0.00
4.857	S 1176264 -8.09 -10.02 0.00 0.00 OFF
4.877	>>> V 0.00 0.00
4.877	S 1176284 -8.09 -10.02 0.00 0.00 OFF
4.896	>>> V 0.00 0.00
4.897	S 1176304 -8.09 -10.02 0.00 0.00 OFF
4.916	>>> V 0.00 0.00
4.917	S 1176324 -8.09 -10.02 0.00 0.00 OFF
4.936	>>> V 0.00 0.00
4.937	S 1176344 -8.09 -10.02 0.00 0.00 OFF
4.956	>>> V 0.00 0.00
4.956	S 1176364 -8.09 -10.02 0.00 0.00 OFF
4.977	>>> V 0.00 0.00
4.977	S 1176384 -8.09 -10.02 0.00 0.00 OFF
4.997	>>> V 0.00 0.00
4.997	S 1176404 -8.09 -10.02 0.00 0.00 OFF
5.016	>>> V 0.00 0.00
5.016	S 1176424 -8.09 -10.02 0.00 0.00 OFF
5.036	>>> V 0.00 0.00
5.037	S 1176444 -8.09 -10.02 0.00 0.00 OFF
5.057	>>> V 0.00 0.00
5.057	S 1176464 -8.09 -10.02 0.00 0.00 OFF
5.077	>>> V 0.00 0.00
5.077	S 1176484 -8.09 -10.02 0.00 0.00 OFF
5.097	>>> V 0.00 0.00
5.097	S 1176504 -8.09 -10.02 0.00 0.00 OFF
5.116	>>> V 0.00 0.00
5.117	S 1176524 -8.09 -10.02 0.00 0.00 OFF
5.137	>>> V 0.00 0.00
5.137	S 1176544 -8.09 -10.02 0.00 0.00 OFF
5.157	>>> V 0.00 0.00
5.157	S 1176564 -8.09 -10.02 0.00 0.00 OFF
5.177	>>> V 0.00 0.00
5.177	S 1176584 -8.09 -10.11 0.00 0.00 OFF
5.197	>>> V 0.00 0.00
5.197	S 1176604 -8.09 -10.02 0.00 0.00 OFF
5.217	>>> V 0.00 0.00
5.217	S 1176624 -8.09 -10.02 0.00 0.00 OFF
5.237	>>> V 0.00 0.00
5.237	S 1176644 -8.09 -10.11 0.00 0.00 OFF
5.257	>>> V 0.00 0.00
5.257	S 1176664 -8.09 -10.11 0.00 0.00 OFF
5.277	>>> V 0.00 0.00
5.277	S 1176684 -8.09 -10.11 0.00 0.00 OFF
5.297	>>> V 0.00 0.00
5.297	S 1176704 -8.09 -10.02 0.00 0.00 OFF
5.317	>>> V 0.00 0.00
5.317	S 1176724 -8.09 -10.11 0.00 0.00 OFF
5.337	>>> V 0.00 0.00
5.337	S 1176744 -8.09 -10.02 0.00 0.00 OFF
5.357	>>> V 0.00 0.00
5.359	S 1176764 -8.09 -10.02 0.00 0.00 OFF
5.360	S 1176784 -8.09 -10.02 0.00 0.00 OFF
5.377	>>> V 0.00 0.00
5.396	>>> V 0.00 0.00
5.397	S 1176804 -8.09 -10.02 0.00 0.00 OFF
5.416	>>> V 0.00 0.00
5.417	S 1176824 -8.09 -10.11 0.00 0.00 OFF
5.437	>>> V 0.00 0.00
5.437	S 1176844 -8.09 -10.11 0.00 0.00 OFF
5.456	>>> V 0.00 0.00
5.456	S 1176864 -8.09 -10.02 0.00 0.00 OFF
5.476	>>> V 0.00 0.00
5.476	S 1176884 -8.09 -10.02 0.00 0.00 OFF
5.497	>>> V 0.00 0.00
5.497	S 1176904 -8.09 -10.02 0.00 0.00 OFF
5.517	>>> V 0.00 0.00
5.517	S 1176924 -8.09 -10.02 0.00 0.00 OFF
5.537	>>> V 0.00 0.00
5.537	S 1176944 -8.09 -10.11 0.00 0.00 OFF
5.557	>>> V 0.00 0.00
5.557	S 1176964 -8.09 -10.02 0.00 0.00 OFF
5.576	>>> V 0.00 0.00
5.576	S 1176984 -8.09 -10.02 0.00 0.00 OFF
5.597	>>> V 0.00 0.00
5.597	S 1177004 -8.09 -10.11 0.00 0.00 OFF
5.616	>>> V 0.00 0.00
5.617	S 1177024 -8.09 -10.02 0.00 0.00 OFF
5.637	>>> V 0.00 0.00
5.637	S 1177044 -8.09 -10.02 0.00 0.00 OFF
5.657	>>> V 0.00 0.00
5.657	S 1177065 -8.09 -10.02 0.00 0.00 OFF
5.677	>>> V 0.00 0.00
5.677	S 1177085 -8.09 -10.02 0.00 0.00 OFF
5.696	>>> V 0.00 0.00
5.696	S 1177105 -8.09 -10.02 0.00 0.00 OFF
5.716	>>> V 0.00 0.00
5.717	S 1177125 -8.09 -10.02 0.00 0.00 OFF
5.737	>>> V 0.00 0.00
5.737	S 1177145 -8.09 -10.02 0.00 0.00 OFF
5.756	>>> V 0.00 0.00
5.756	S 1177165 -8.09 -10.02 0.00 0.00 OFF
5.776	>>> V 0.00 0.00
5.776	S 1177185 -8.09 -10.02 0.00 0.00 OFF
5.797	>>> V 0.00 0.00
5.797	S 1177205 -8.09 -10.02 0.00 0.00 OFF
5.817	>>> V 0.00 0.00
5.817	S 1177225 -8.09 -10.02 0.00 0.00 OFF
5.836	>>> V 0.00 0.00
5.838	S 1177245 -8.09 -10.02 0.00 0.00 OFF
5.857	>>> V 0.00 0.00
5.857	S 1177265 -8.09 -10.02 0.00 0.00 OFF
5.877	>>> V 0.00 0.00
5.877	S 1177285 -8.09 -10.02 0.00 0.00 OFF
5.897	>>> V 0.00 0.00
5.897	S 1177305 -8.09 -10.02 0.00 0.00 OFF
5.916	>>> V 0.00 0.00
5.917	S 1177325 -8.17 -10.11 0.00 0.00 OFF
5.937	>>> V 0.00 0.00
5.937	S 1177345 -8.09 -10.02 0.00 0.00 OFF
5.957	>>> V 0.00 0.00
5.957	S 1177365 -8.09 -10.02 0.00 0.00 OFF
5.977	>>> V 0.00 0.00
5.977	S 1177385 -8.09 -10.02 0.00 0.00 OFF
5.997	>>> V 0.00 0.00
5.997	S 1177405 -8.09 -10.02 0.00 0.00 OFF
6.016	>>> V 0.00 0.00
6.016	S 1177425 -8.09 -10.02 0.00 0.00 OFF
6.036	>>> V 0.00 0.00
6.036	S 1177445 -8.09 -10.02 0.00 0.00 OFF
6.057	>>> V 0.00 0.00
6.057	S 1177465 -8.09 -10.02 0.00 0.00 OFF
6.077	>>> V 0.00 0.00
6.077	S 1177485 -8.09 -10.02 0.00 0.00 OFF
6.096	>>> V 0.00 0.00
6.097	S 1177505 -8.09 -10.02 0.00 0.00 OFF
6.117	>>> V 0.00 0.00
6.117	S 1177525 -8.09 -10.02 0.00 0.00 OFF
6.136	>>> V 0.00 0.00
6.137	S 1177545 -8.09 -10.02 0.00 0.00 OFF
6.156	>>> V 0.00 0.00
6.157	S 1177565 -8.09 -10.02 0.00 0.00 OFF
6.176	>>> V 0.00 0.00
6.177	S 1177585 -8.09 -10.02 0.00 0.00 OFF
6.196	>>> V 0.00 0.00
6.196	S 1177605 -8.09 -10.02 0.00 0.00 OFF
6.216	>>> V 0.00 0.00
6.216	S 1177625 -8.09 -10.02 0.00 0.00 OFF
6.236	>>> V 0.00 0.00
6.236	S 1177645 -8.09 -10.11 0.00 0.00 OFF
6.256	>>> V 0.00 0.00
6.257	S 1177665 -8.09 -10.02 0.00 0.00 OFF
6.276	>>> V 0.00 0.00
6.276	S 1177685 -8.09 -10.02 0.00 0.00 OFF
6.297	>>> V 0.00 0.00
6.297	S 1177705 -8.09 -10.02 0.00 0.00 OFF
6.316	>>> V 0.00 0.00
6.316	S 1177725 -8.09 -10.02 0.00 0.00 OFF
6.336	>>> V 0.00 0.00
6.336	S 1177745 -8.09 -10.11 0.00 0.00 OFF
6.357	>>> V 0.00 0.00
6.359	S 1177765 -8.09 -10.02 0.00 0.00 OFF
6.361	S 1177785 -8.09 -10.02 0.00 0.00 OFF
6.376	>>> V 0.00 0.00
6.397	>>> V 0.00 0.00
6.397	S 1177805 -8.09 -10.02 0.00 0.00 OFF
6.416	>>> V 0.00 0.00
6.416	S 1177825 -8.09 -10.11 0.00 0.00 OFF
6.436	>>> V 0.00 0.00
6.437	S 1177845 -8.09 -10.02 0.00 0.00 OFF
6.457	>>> V 0.00 0.00
6.457	S 1177865 -8.09 -10.11 0.00 0.00 OFF
6.477	>>> V 0.00 0.00
6.477	S 1177885 -8.09 -10.02 0.00 0.00 OFF
6.497	>>> V 0.00 0.00
6.497	S 1177905 -8.09 -10.02 0.00 0.00 OFF
6.517	>>> V 0.00 0.00
6.517	S 1177925 -8.09 -10.02 0.00 0.00 OFF
6.537	>>> V 0.00 0.00
6.537	S 1177945 -8.09 -10.02 0.00 0.00 OFF
6.557	>>> V 0.00 0.00
6.557	S 1177965 -8.09 -10.11 0.00 0.00 OFF
6.577	>>> V 0.00 0.00
6.577	S 1177985 -8.09 -10.11 0.00 0.00 OFF
6.597	>>> V 0.00 0.00
6.597	S 1178005 -8.09 -10.02 0.00 0.00 OFF
6.617	>>> V 0.00 0.00
6.617	S 1178025 -8.09 -10.02 0.00 0.00 OFF
6.637	>>> V 0.00 0.00
6.637	S 1178045 -8.09 -10.02 0.00 0.00 OFF
6.657	>>> V 0.00 0.00
6.657	S 1178065 -8.09 -10.11 0.00 0.00 OFF
6.677	>>> V 0.00 0.00
6.677	S 1178085 -8.09 -10.02 0.00 0.00 OFF
6.696	>>> V 0.00 0.00
6.697	S 1178105 -8.09 -10.02 0.00 0.00 OFF
6.716	>>> V 0.00 0.00
6.716	S 1178125 -8.09 -10.11 0.00 0.00 OFF
6.737	>>> V 0.00 0.00
6.737	S 1178145 -8.09 -10.02 0.00 0.00 OFF
6.757	>>> V 0.00 0.00
6.757	S 1178165 -8.09 -10.02 0.00 0.00 OFF
6.777	>>> V 0.00 0.00
6.777	S 1178185 -8.09 -10.11 0.00 0.00 OFF
6.797	>>> V 0.00 0.00
6.797	S 1178205 -8.09 -10.11 0.00 0.00 OFF
6.817	>>> V 0.00 0.00
6.817	S 1178225 -8.09 -10.02 0.00 0.00 OFF
6.836	>>> V 0.00 0.00
6.837	S 1178245 -8.09 -10.02 0.00 0.00 OFF
6.856	>>> V 0.00 0.00
6.856	S 1178265 -8.09 -10.02 0.00 0.00 OFF
6.877	>>> V 0.00 0.00
6.877	S 1178285 -8.09 -10.02 0.00 0.00 OFF
6.897	>>> V 0.00 0.00
6.897	S 1178305 -8.09 -10.02 0.00 0.00 OFF
6.916	>>> V 0.00 0.00
6.917	S 1178325 -8.09 -10.02 0.00 0.00 OFF
6.937	>>> V 0.00 0.00
6.937	S 1178345 -8.09 -10.02 0.00 0.00 OFF
6.957	>>> V 0.00 0.00
6.957	S 1178365 -8.09 -10.02 0.00 0.00 OFF
6.977	>>> V 0.00 0.00
6.977	S 1178385 -8.09 -10.11 0.00 0.00 OFF
6.996	>>> V 0.00 0.00
6.996	S 1178405 -8.09 -10.02 0.00 0.00 OFF
7.017	>>> V 0.00 0.00
7.017	S 1178425 -8.09 -10.11 0.00 0.00 OFF
7.036	>>> V 0.00 0.00
7.036	S 1178445 -8.09 -10.02 0.00 0.00 OFF
7.057	>>> V 0.00 0.00
7.057	S 1178465 -8.09 -10.02 0.00 0.00 OFF
7.077	>>> V 0.00 0.00
7.077	S 1178485 -8.09 -10.02 0.00 0.00 OFF
7.097	>>> V 0.00 0.00
7.097	S 1178505 -8.09 -10.02 0.00 0.00 OFF
7.116	>>> V 0.00 0.00
7.116	S 1178525 -8.09 -10.02 0.00 0.00 OFF
7.136	>>> V 0.00 0.00
7.136	S 1178545 -8.09 -10.02 0.00 0.00 OFF
7.156	>>> V 0.00 0.00
7.156	S 1178565 -8.09 -10.11 0.00 0.00 OFF
7.176	>>> V 0.00 0.00
7.176	S 1178585 -8.09 -10.02 0.00 0.00 OFF
7.196	>>> V 0.00 0.00
7.196	S 1178605 -8.09 -10.02 0.00 0.00 OFF
7.216	>>> V 0.00 0.00
7.216	S 1178625 -8.09 -10.02 0.00 0.00 OFF
7.237	>>> V 0.00 0.00
7.237	S 1178645 -8.09 -10.02 0.00 0.00 OFF
7.257	>>> V 0.00 0.00
7.257	S 1178665 -8.09 -10.02 0.00 0.00 OFF
7.277	>>> V 0.00 0.00
7.277	S 1178685 -8.09 -10.02 0.00 0.00 OFF
7.297	>>> V 0.00 0.00
7.297	S 1178705 -8.09 -10.02 0.00 0.00 OFF
7.316	>>> V 0.00 0.00
7.316	S 1178725 -8.09 -10.02 0.00 0.00 OFF
7.336	>>> V 0.00 0.00
7.336	S 1178745 -8.09 -10.11 0.00 0.00 OFF
7.357	>>> V 0.00 0.00
7.360	S 1178765 -8.09 -10.02 0.00 0.00 OFF
7.361	S 1178785 -8.09 -10.02 0.00 0.00 OFF
7.376	>>> V 0.00 0.00
7.397	>>> V 0.00 0.00
7.397	S 1178805 -8.09 -10.02 0.00 0.00 OFF
7.416	>>> V 0.00 0.00
7.416	S 1178825 -8.09 -10.02 0.00 0.00 OFF
7.436	>>> V 0.00 0.00
7.437	S 1178845 -8.09 -10.02 0.00 0.00 OFF
7.456	>>> V 0.00 0.00
7.457	S 1178865 -8.09 -10.02 0.00 0.00 OFF
7.477	>>> V 0.00 0.00
7.477	S 1178885 -8.09 -10.02 0.00 0.00 OFF
7.497	>>> V 0.00 0.00
7.497	S 1178905 -8.09 -10.02 0.00 0.00 OFF
7.516	>>> V 0.00 0.00
7.516	S 1178925 -8.09 -10.11 0.00 0.00 OFF
7.536	>>> V 0.00 0.00
7.536	S 1178945 -8.09 -10.02 0.00 0.00 OFF
7.556	>>> V 0.00 0.00
7.556	S 1178965 -8.09 -10.02 0.00 0.00 OFF
7.576	>>> V 0.00 0.00
7.576	S 1178985 -8.09 -10.02 0.00 0.00 OFF
7.596	>>> V 0.00 0.00
7.596	S 1179005 -8.09 -10.11 0.00 0.00 OFF
7.616	>>> V 0.00 0.00
7.616	S 1179025 -8.09 -10.02 0.00 0.00 OFF
7.636	>>> V 0.00 0.00
7.637	S 1179045 -8.09 -10.02 0.00 0.00 OFF
7.656	>>> V 0.00 0.00
7.656	S 1179065 -8.09 -10.02 0.00 0.00 OFF
7.676	>>> V 0.00 0.00
7.677	S 1179085 -8.09 -10.02 0.00 0.00 OFF
7.696	>>> V 0.00 0.00
7.697	S 1179105 -8.09 -10.02 0.00 0.00 OFF
7.717	>>> V 0.00 0.00
7.717	S 1179125 -8.09 -10.02 0.00 0.00 OFF
7.736	>>> V 0.00 0.00
7.737	S 1179145 -8.09 -10.11 0.00 0.00 OFF
7.757	>>> V 0.00 0.00
7.757	S 1179165 -8.09 -10.02 0.00 0.00 OFF
7.777	>>> V 0.00 0.00
7.777	S 1179185 -8.09 -10.02 0.00 0.00 OFF
7.797	>>> V 0.00 0.00
7.797	S 1179205 -8.09 -10.02 0.00 0.00 OFF
7.817	>>> V 0.00 0.00
7.817	S 1179225 -8.09 -10.02 0.00 0.00 OFF
7.837	>>> V 0.00 0.00
7.837	S 1179245 -8.09 -10.02 0.00 0.00 OFF
7.857	>>> V 0.00 0.00
7.857	S 1179265 -8.09 -10.02 0.00 0.00 OFF
7.877	>>> V 0.00 0.00
7.877	S 1179285 -8.09 -10.02 0.00 0.00 OFF
7.897	>>> V 0.00 0.00
7.897	S 1179305 -8.09 -10.02 0.00 0.00 OFF
7.917	>>> V 0.00 0.00
7.917	S 1179325 -8.09 -10.02 0.00 0.00 OFF
7.937	>>> V 0.00 0.00
7.937	S 1179345 -8.09 -10.02 0.00 0.00 OFF
7.956	>>> V 0.00 0.00
7.957	S 1179365 -8.09 -10.02 0.00 0.00 OFF
7.976	>>> V 0.00 0.00
7.977	S 1179385 -8.09 -10.02 0.00 0.00 OFF
7.997	>>> V 0.00 0.00
7.997	S 1179405 -8.09 -10.11 0.00 0.00 OFF
8.017	>>> V 0.00 0.00
8.017	S 1179425 -8.09 -10.02 0.00 0.00 OFF
8.036	>>> V 0.00 0.00
8.036	S 1179445 -8.09 -10.11 0.00 0.00 OFF
8.056	>>> V 0.00 0.00
8.056	S 1179465 -8.09 -10.02 0.00 0.00 OFF
8.077	>>> V 0.00 0.00
8.077	S 1179485 -8.09 -10.02 0.00 0.00 OFF
8.096	>>> V 0.00 0.00
8.097	S 1179505 -8.09 -10.02 0.00 0.00 OFF
8.117	>>> V 0.00 0.00
8.117	S 1179525 -8.09 -10.02 0.00 0.00 OFF
8.137	>>> V 0.00 0.00
8.137	S 1179545 -8.09 -10.02 0.00 0.00 OFF
8.156	>>> V 0.00 0.00
8.157	S 1179565 -8.09 -10.02 0.00 0.00 OFF
8.177	>>> V 0.00 0.00
8.177	S 1179585 -8.09 -10.11 0.00 0.00 OFF
8.197	>>> V 0.00 0.00
8.197	S 1179605 -8.09 -10.02 0.00 0.00 OFF
8.216	>>> V 0.00 0.00
8.216	S 1179625 -8.09 -10.02 0.00 0.00 OFF
8.237	>>> V 0.00 0.00
8.237	S 1179645 -8.09 -10.02 0.00 0.00 OFF
8.256	>>> V 0.00 0.00
8.256	S 1179665 -8.09 -10.02 0.00 0.00 OFF
8.276	>>> V 0.00 0.00
8.276	S 1179685 -8.09 -10.02 0.00 0.00 OFF
8.296	>>> V 0.00 0.00
8.297	S 1179705 -8.09 -10.11 0.00 0.00 OFF
8.316	>>> V 0.00 0.00
8.317	S 1179725 -8.09 -10.02 0.00 0.00 OFF
8.336	>>> V 0.00 0.00
8.336	S 1179745 -8.09 -10.11 0.00 0.00 OFF
8.356	>>> V 0.00 0.00
8.357	S 1179765 -8.09 -10.02 0.00 0.00 OFF
8.376	>>> V 0.00 0.00
8.376	S 1179785 -8.09 -10.02 0.00 0.00 OFF
8.396	>>> V 0.00 0.00
8.397	S 1179805 -8.09 -10.11 0.00 0.00 OFF
8.417	>>> V 0.00 0.00
8.417	S 1179825 -8.09 -10.02 0.00 0.00 OFF
8.436	>>> V 0.00 0.00
8.436	S 1179845 -8.09 -10.02 0.00 0.00 OFF
8.456	>>> V 0.00 0.00
8.456	S 1179865 -8.09 -10.02 0.00 0.00 OFF
8.476	>>> V 0.00 0.00
8.476	S 1179885 -8.09 -10.02 0.00 0.00 OFF
8.496	>>> V 0.00 0.00
8.496	S 1179905 -8.09 -10.02 0.00 0.00 OFF
8.516	>>> V 0.00 0.00
8.517	S 1179925 -8.09 -10.11 0.00 0.00 OFF
8.537	>>> V 0.00 0.00
8.537	S 1179945 -8.09 -10.02 0.00 0.00 OFF
8.556	>>> V 0.00 0.00
8.556	S 1179965 -8.09 -10.02 0.00 0.00 OFF
8.576	>>> V 0.00 0.00
8.577	S 1179985 -8.09 -10.02 0.00 0.00 OFF
8.596	>>> V 0.00 0.00
8.596	S 1180005 -8.09 -10.02 0.00 0.00 OFF
8.616	>>> V 0.00 0.00
8.617	S 1180025 -8.09 -10.02 0.00 0.00 OFF
8.637	>>> V 0.00 0.00
8.637	S 1180045 -8.09 -10.02 0.00 0.00 OFF
8.656	>>> V 0.00 0.00
8.656	S 1180065 -8.09 -10.02 0.00 0.00 OFF
8.676	>>> V 0.00 0.00
8.677	S 1180085 -8.09 -10.11 0.00 0.00 OFF
8.696	>>> V 0.00 0.00
8.696	S 1180105 -8.09 -10.02 0.00 0.00 OFF
8.716	>>> V 0.00 0.00
8.717	S 1180125 -8.09 -10.11 0.00 0.00 OFF
8.737	>>> V 0.00 0.00
8.737	S 1180145 -8.09 -10.02 0.00 0.00 OFF
8.757	>>> V 0.00 0.00
8.757	S 1180165 -8.09 -10.11 0.00 0.00 OFF
8.777	>>> V 0.00 0.00
8.777	S 1180185 -8.09 -10.11 0.00 0.00 OFF
8.797	>>> V 0.00 0.00
8.797	S 1180205 -8.09 -10.02 0.00 0.00 OFF
8.816	>>> V 0.00 0.00
8.816	S 1180225 -8.09 -10.02 0.00 0.00 OFF
8.836	>>> V 0.00 0.00
8.837	S 1180245 -8.09 -10.11 0.00 0.00 OFF
8.856	>>> V 0.00 0.00
8.856	S 1180265 -8.09 -10.02 0.00 0.00 OFF
8.876	>>> V 0.00 0.00
8.876	S 1180285 -8.09 -10.11 0.00 0.00 OFF
8.897	>>> V 0.00 0.00
8.897	S 1180305 -8.09 -10.02 0.00 0.00 OFF
8.917	>>> V 0.00 0.00
8.917	S 1180325 -8.09 -10.11 0.00 0.00 OFF
8.936	>>> V 0.00 0.00
8.937	S 1180345 -8.09 -10.02 0.00 0.00 OFF
8.956	>>> V 0.00 0.00
8.956	S 1180365 -8.09 -10.02 0.00 0.00 OFF
8.976	>>> V 0.00 0.00
8.976	S 1180385 -8.09 -10.02 0.00 0.00 OFF
8.996	>>> V 0.00 0.00
8.997	S 1180405 -8.09 -10.11 0.00 0.00 OFF
9.017	>>> V 0.00 0.00
9.017	S 1180425 -8.09 -10.02 0.00 0.00 OFF
9.036	>>> V 0.00 0.00
9.037	S 1180445 -8.09 -10.02 0.00 0.00 OFF
9.056	>>> V 0.00 0.00
9.057	S 1180465 -8.09 -10.02 0.00 0.00 OFF
9.077	>>> V 0.00 0.00
9.077	S 1180485 -8.09 -10.02 0.00 0.00 OFF
9.097	>>> V 0.00 0.00
9.097	S 1180505 -8.09 -10.02 0.00 0.00 OFF
9.116	>>> V 0.00 0.00
9.116	S 1180525 -8.09 -10.02 0.00 0.00 OFF
9.136	>>> V 0.00 0.00
9.136	S 1180545 -8.09 -10.02 0.00 0.00 OFF
9.156	>>> V 0.00 0.00
9.156	S 1180565 -8.09 -10.02 0.00 0.00 OFF
9.177	>>> V 0.00 0.00
9.177	S 1180585 -8.09 -10.02 0.00 0.00 OFF
9.196	>>> V 0.00 0.00
9.197	S 1180605 -8.09 -10.02 0.00 0.00 OFF
9.216	>>> V 0.00 0.00
9.216	S 1180625 -8.09 -10.02 0.00 0.00 OFF
9.237	>>> V 0.00 0.00
9.237	S 1180645 -8.09 -10.02 0.00 0.00 OFF
9.257	>>> V 0.00 0.00
9.257	S 1180665 -8.09 -10.11 0.00 0.00 OFF
9.277	>>> V 0.00 0.00
9.277	S 1180685 -8.09 -10.02 0.00 0.00 OFF
9.296	>>> V 0.00 0.00
9.297	S 1180705 -8.09 -10.02 0.00 0.00 OFF
9.316	>>> V 0.00 0.00
9.316	S 1180725 -8.09 -10.02 0.00 0.00 OFF
9.337	>>> V 0.00 0.00
9.337	S 1180745 -8.09 -10.02 0.00 0.00 OFF
9.357	>>> V 0.00 0.00
9.358	S 1180765 -8.09 -10.02 0.00 0.00 OFF
9.376	>>> V 0.00 0.00
9.377	S 1180785 -8.09 -10.02 0.00 0.00 OFF
9.397	>>> V 0.00 0.00
9.397	S 1180805 -8.09 -10.02 0.00 0.00 OFF
9.416	>>> V 0.00 0.00
9.417	S 1180825 -8.09 -10.02 0.00 0.00 OFF
9.437	>>> V 0.00 0.00
9.437	S 1180845 -8.09 -10.02 0.00 0.00 OFF
9.456	>>> V 0.00 0.00
9.456	S 1180865 -8.09 -10.02 0.00 0.00 OFF
9.477	>>> V 0.00 0.00
9.477	S 1180885 -8.09 -10.02 0.00 0.00 OFF
9.496	>>> V 0.00 0.00
9.496	S 1180905 -8.09 -10.02 0.00 0.00 OFF
9.516	>>> V 0.00 0.00
9.516	S 1180925 -8.09 -10.02 0.00 0.00 OFF
9.537	>>> V 0.00 0.00
9.537	S 1180945 -8.09 -10.02 0.00 0.00 OFF
9.557	>>> V 0.00 0.00
9.557	S 1180965 -8.09 -10.02 0.00 0.00 OFF
9.576	>>> V 0.00 0.00
9.576	S 1180985 -8.09 -10.11 0.00 0.00 OFF
9.597	>>> V 0.00 0.00
9.597	S 1181005 -8.09 -10.02 0.00 0.00 OFF
9.616	>>> V 0.00 0.00
9.616	S 1181025 -8.09 -10.02 0.00 0.00 OFF
9.636	>>> V 0.00 0.00
9.637	S 1181045 -8.09 -10.02 0.00 0.00 OFF
9.657	>>> V 0.00 0.00
9.657	S 1181065 -8.09 -10.11 0.00 0.00 OFF
9.677	>>> V 0.00 0.00
9.677	S 1181085 -8.09 -10.11 0.00 0.00 OFF
9.696	>>> V 0.00 0.00
9.696	S 1181105 -8.09 -10.11 0.00 0.00 OFF
9.717	>>> V 0.00 0.00
9.717	S 1181125 -8.09 -10.02 0.00 0.00 OFF
9.737	>>> V 0.00 0.00
9.737	S 1181145 -8.09 -10.02 0.00 0.00 OFF
9.757	>>> V 0.00 0.00
9.757	S 1181165 -8.09 -10.02 0.00 0.00 OFF
9.776	>>> V 0.00 0.00
9.776	S 1181185 -8.09 -10.02 0.00 0.00 OFF
9.797	>>> V 0.00 0.00
9.797	S 1181205 -8.09 -10.02 0.00 0.00 OFF
9.816	>>> V 0.00 0.00
9.816	S 1181225 -8.09 -10.02 0.00 0.00 OFF
9.837	>>> V 0.00 0.00
9.837	S 1181245 -8.09 -10.02 0.00 0.00 OFF
9.857	>>> V 0.00 0.00
9.857	S 1181265 -8.09 -10.02 0.00 0.00 OFF
9.877	>>> V 0.00 0.00
9.877	S 1181285 -8.09 -10.02 0.00 0.00 OFF
9.896	>>> V 0.00 0.00
9.897	S 1181305 -8.09 -10.02 0.00 0.00 OFF
9.916	>>> V 0.00 0.00
9.916	S 1181325 -8.09 -10.02 0.00 0.00 OFF
9.937	>>> V 0.00 0.00
9.937	S 1181345 -8.09 -10.02 0.00 0.00 OFF
9.956	>>> V 0.00 0.00
9.956	S 1181365 -8.09 -10.02 0.00 0.00 OFF
9.977	>>> V 0.00 0.00
9.977	S 1181385 -8.09 -10.02 0.00 0.00 OFF
9.996	>>> V 0.00 0.00
9.996	S 1181405 -8.09 -10.02 0.00 0.00 OFF
10.016	>>> V 0.00 0.00
10.016	S 1181425 -8.09 -10.11 0.00 0.00 OFF
10.036	>>> V 0.00 0.00
10.036	S 1181445 -8.09 -10.11 0.00 0.00 OFF
10.056	>>> V 0.00 0.00
10.056	S 1181465 -8.09 -10.02 0.00 0.00 OFF
10.076	>>> V 0.00 0.00
10.076	S 1181485 -8.09 -10.02 0.00 0.00 OFF
10.097	>>> V 0.00 0.00
10.097	S 1181505 -8.09 -10.02 0.00 0.00 OFF
10.116	>>> V 0.00 0.00
10.116	S 1181525 -8.09 -10.11 0.00 0.00 OFF
10.136	>>> V 0.00 0.00
10.136	S 1181545 -8.09 -10.02 0.00 0.00 OFF
10.157	>>> V 0.00 0.00
10.157	S 1181565 -8.09 -10.02 0.00 0.00 OFF
10.177	>>> V 0.00 0.00
10.177	S 1181585 -8.09 -10.02 0.00 0.00 OFF
10.197	>>> V 0.00 0.00
10.197	S 1181605 -8.09 -10.11 0.00 0.00 OFF
10.217	>>> V 0.00 0.00
10.217	S 1181625 -8.09 -10.02 0.00 0.00 OFF
10.236	>>> V 0.00 0.00
10.236	S 1181645 -8.09 -10.11 0.00 0.00 OFF
10.257	>>> V 0.00 0.00
10.257	S 1181665 -8.09 -10.11 0.00 0.00 OFF
10.276	>>> V 0.00 0.00
10.276	S 1181685 -8.09 -10.02 0.00 0.00 OFF
10.296	>>> V 0.00 0.00
10.297	S 1181705 -8.09 -10.11 0.00 0.00 OFF
10.316	>>> V 0.00 0.00
10.316	S 1181725 -8.09 -10.11 0.00 0.00 OFF
10.336	>>> V 0.00 0.00
10.337	S 1181745 -8.09 -10.02 0.00 0.00 OFF
10.357	>>> V 0.00 0.00
10.357	S 1181765 -8.09 -10.02 0.00 0.00 OFF
10.376	>>> V 0.00 0.00
10.376	S 1181785 -8.09 -10.02 0.00 0.00 OFF
10.396	>>> V 0.00 0.00
10.396	S 1181805 -8.09 -10.11 0.00 0.00 OFF
10.417	>>> V 0.00 0.00
10.417	S 1181825 -8.09 -10.02 0.00 0.00 OFF
10.437	>>> V 0.00 0.00
10.437	S 1181845 -8.09 -10.02 0.00 0.00 OFF
10.456	>>> V 0.00 0.00
10.457	S 1181865 -8.09 -10.02 0.00 0.00 OFF
10.476	>>> V 0.00 0.00
10.476	S 1181885 -8.09 -10.02 0.00 0.00 OFF
10.497	>>> V 0.00 0.00
10.497	S 1181905 -8.09 -10.02 0.00 0.00 OFF
10.517	>>> V 0.00 0.00
10.517	S 1181925 -8.09 -10.11 0.00 0.00 OFF
10.537	>>> V 0.00 0.00
10.537	S 1181945 -8.09 -10.02 0.00 0.00 OFF
10.556	>>> V 0.00 0.00
10.557	S 1181965 -8.09 -10.02 0.00 0.00 OFF
10.576	>>> V 0.00 0.00
10.576	S 1181985 -8.09 -10.02 0.00 0.00 OFF
10.596	>>> V 0.00 0.00
10.596	S 1182005 -8.09 -10.11 0.00 0.00 OFF
10.617	>>> V 0.00 0.00
10.617	S 1182025 -8.09 -10.02 0.00 0.00 OFF
10.636	>>> V 0.00 0.00
10.637	S 1182045 -8.09 -10.02 0.00 0.00 OFF
10.657	>>> V 0.00 0.00
10.657	S 1182065 -8.09 -10.11 0.00 0.00 OFF
10.676	>>> V 0.00 0.00
10.676	S 1182085 -8.09 -10.11 0.00 0.00 OFF
10.696	>>> V 0.00 0.00
10.697	S 1182105 -8.09 -10.02 0.00 0.00 OFF
10.717	>>> V 0.00 0.00
10.717	S 1182125 -8.09 -10.02 0.00 0.00 OFF
10.737	>>> V 0.00 0.00
10.737	S 1182145 -8.09 -10.02 0.00 0.00 OFF
10.757	>>> V 0.00 0.00
10.757	S 1182165 -8.09 -10.02 0.00 0.00 OFF
10.777	>>> V 0.00 0.00
10.777	S 1182185 -8.09 -10.02 0.00 0.00 OFF
10.797	>>> V 0.00 0.00
10.797	S 1182205 -8.09 -10.11 0.00 0.00 OFF
10.817	>>> V 0.00 0.00
10.817	S 1182225 -8.09 -10.02 0.00 0.00 OFF
10.836	>>> V 0.00 0.00
10.837	S 1182245 -8.09 -10.02 0.00 0.00 OFF
10.857	>>> V 0.00 0.00
10.857	S 1182265 -8.09 -10.02 0.00 0.00 OFF
10.876	>>> V 0.00 0.00
10.876	S 1182285 -8.09 -10.02 0.00 0.00 OFF
10.897	>>> V 0.00 0.00
10.897	S 1182305 -8.09 -10.02 0.00 0.00 OFF
10.917	>>> V 0.00 0.00
10.917	S 1182325 -8.09 -10.11 0.00 0.00 OFF
10.936	>>> V 0.00 0.00
10.938	S 1182345 -8.09 -10.02 0.00 0.00 OFF
10.957	>>> V 0.00 0.00
10.957	S 1182365 -8.09 -10.02 0.00 0.00 OFF
10.976	>>> V 0.00 0.00
10.977	S 1182385 -8.09 -10.11 0.00 0.00 OFF
10.997	>>> V 0.00 0.00
10.997	S 1182405 -8.09 -10.02 0.00 0.00 OFF
11.016	>>> V 0.00 0.00
11.017	S 1182425 -8.09 -10.02 0.00 0.00 OFF
11.036	>>> V 0.00 0.00
11.037	S 1182445 -8.09 -10.02 0.00 0.00 OFF
11.057	>>> V 0.00 0.00
11.057	S 1182465 -8.09 -10.02 0.00 0.00 OFF
11.077	>>> V 0.00 0.00
11.077	S 1182485 -8.09 -10.11 0.00 0.00 OFF
11.096	>>> V 0.00 0.00
11.096	S 1182505 -8.09 -10.02 0.00 0.00 OFF
11.116	>>> V 0.00 0.00
11.116	S 1182525 -8.09 -10.02 0.00 0.00 OFF
11.137	>>> V 0.00 0.00
11.137	S 1182545 -8.09 -10.02 0.00 0.00 OFF
11.156	>>> V 0.00 0.00
11.156	S 1182565 -8.09 -10.02 0.00 0.00 OFF
11.177	>>> V 0.00 0.00
11.177	S 1182585 -8.09 -10.02 0.00 0.00 OFF
11.197	>>> V 0.00 0.00
11.197	S 1182605 -8.09 -10.02 0.00 0.00 OFF
11.216	>>> V 0.00 0.00
11.216	S 1182625 -8.09 -10.02 0.00 0.00 OFF
11.237	>>> V 0.00 0.00
11.237	S 1182645 -8.09 -10.11 0.00 0.00 OFF
11.257	>>> V 0.00 0.00
11.257	S 1182665 -8.09 -10.02 0.00 0.00 OFF
11.276	>>> V 0.00 0.00
11.276	S 1182685 -8.09 -10.02 0.00 0.00 OFF
11.296	>>> V 0.00 0.00
11.296	S 1182705 -8.09 -10.02 0.00 0.00 OFF
11.316	>>> V 0.00 0.00
11.316	S 1182725 -8.09 -10.02 0.00 0.00 OFF
11.336	>>> V 0.00 0.00
11.336	S 1182745 -8.09 -10.02 0.00 0.00 OFF
11.357	>>> V 0.00 0.00
11.357	S 1182765 -8.09 -10.02 0.00 0.00 OFF
11.377	>>> V 0.00 0.00
11.377	S 1182785 -8.09 -10.02 0.00 0.00 OFF
11.397	>>> V 0.00 0.00
11.397	S 1182805 -8.09 -10.02 0.00 0.00 OFF
11.416	>>> V 0.00 0.00
11.416	S 1182825 -8.09 -10.02 0.00 0.00 OFF
11.437	>>> V 0.00 0.00
11.437	S 1182845 -8.09 -10.11 0.00 0.00 OFF
11.457	>>> V 0.00 0.00
11.457	S 1182865 -8.09 -10.02 0.00 0.00 OFF
11.477	>>> V 0.00 0.00
11.477	S 1182885 -8.09 -10.11 0.00 0.00 OFF
11.497	>>> V 0.00 0.00
11.497	S 1182905 -8.09 -10.11 0.00 0.00 OFF
11.516	>>> V 0.00 0.00
11.516	S 1182925 -8.09 -10.11 0.00 0.00 OFF
11.536	>>> V 0.00 0.00
11.536	S 1182945 -8.09 -10.02 0.00 0.00 OFF
11.556	>>> V 0.00 0.00
11.556	S 1182965 -8.09 -10.11 0.00 0.00 OFF
11.577	>>> V 0.00 0.00
11.577	S 1182985 -8.09 -10.11 0.00 0.00 OFF
11.597	>>> V 0.00 0.00
11.597	S 1183005 -8.09 -10.11 0.00 0.00 OFF
11.617	>>> V 0.00 0.00
11.617	S 1183025 -8.09 -10.11 0.00 0.00 OFF
11.637	>>> V 0.00 0.00
11.637	S 1183045 -8.09 -10.11 0.00 0.00 OFF
11.656	>>> V 0.00 0.00
11.656	S 1183065 -8.09 -10.02 0.00 0.00 OFF
11.676	>>> V 0.00 0.00
11.676	S 1183085 -8.09 -10.11 0.00 0.00 OFF
11.696	>>> V 0.00 0.00
11.696	S 1183105 -8.09 -10.02 0.00 0.00 OFF
11.717	>>> V 0.00 0.00
11.718	S 1183125 -8.09 -10.02 0.00 0.00 OFF
11.737	>>> V 0.00 0.00
11.737	S 1183145 -8.09 -10.02 0.00 0.00 OFF
11.757	>>> V 0.00 0.00
11.757	S 1183165 -8.09 -10.02 0.00 0.00 OFF
11.776	>>> V 0.00 0.00
11.776	S 1183185 -8.09 -10.11 0.00 0.00 OFF
11.797	>>> V 0.00 0.00
11.797	S 1183205 -8.09 -10.02 0.00 0.00 OFF
11.817	>>> V 0.00 0.00
11.817	S 1183225 -8.09 -10.02 0.00 0.00 OFF
11.836	>>> V 0.00 0.00
11.837	S 1183245 -8.09 -10.02 0.00 0.00 OFF
11.856	>>> V 0.00 0.00
11.856	S 1183265 -8.09 -10.02 0.00 0.00 OFF
11.877	>>> V 0.00 0.00
11.877	S 1183285 -8.09 -10.02 0.00 0.00 OFF
11.896	>>> V 0.00 0.00
11.896	S 1183305 -8.09 -10.02 0.00 0.00 OFF
11.916	>>> V 0.00 0.00
11.917	S 1183325 -8.09 -10.11 0.00 0.00 OFF
11.937	>>> V 0.00 0.00
11.937	S 1183345 -8.09 -10.02 0.00 0.00 OFF
11.957	>>> V 0.00 0.00
11.957	S 1183365 -8.09 -10.02 0.00 0.00 OFF
11.976	>>> V 0.00 0.00
11.976	S 1183385 -8.09 -10.11 0.00 0.00 OFF
11.997	>>> V 0.00 0.00
11.997	S 1183405 -8.09 -10.02 0.00 0.00 OFF
12.016	>>> V 0.00 0.00
12.016	S 1183425 -8.09 -10.02 0.00 0.00 OFF
12.036	>>> V 0.00 0.00
12.037	S 1183445 -8.09 -10.11 0.00 0.00 OFF
12.057	>>> V 0.00 0.00
12.057	S 1183465 -8.09 -10.02 0.00 0.00 OFF
12.076	>>> V 0.00 0.00
12.077	S 1183485 -8.09 -10.02 0.00 0.00 OFF
12.096	>>> V 0.00 0.00
12.097	S 1183505 -8.09 -10.02 0.00 0.00 OFF
12.117	>>> V 0.00 0.00
12.119	S 1183525 -8.09 -10.11 0.00 0.00 OFF
12.137	>>> V 0.00 0.00
12.137	S 1183545 -8.09 -10.02 0.00 0.00 OFF
12.156	>>> V 0.00 0.00
12.157	S 1183565 -8.09 -10.11 0.00 0.00 OFF
12.177	>>> V 0.00 0.00
12.177	S 1183585 -8.09 -10.02 0.00 0.00 OFF
12.197	>>> V 0.00 0.00
12.197	S 1183605 -8.09 -10.02 0.00 0.00 OFF
12.217	>>> V 0.00 0.00
12.217	S 1183625 -8.09 -10.11 0.00 0.00 OFF
12.237	>>> V 0.00 0.00
12.237	S 1183645 -8.09 -10.02 0.00 0.00 OFF
12.256	>>> V 0.00 0.00
12.256	S 1183665 -8.09 -10.11 0.00 0.00 OFF
12.276	>>> V 0.00 0.00
12.276	S 1183685 -8.09 -10.02 0.00 0.00 OFF
12.297	>>> V 0.00 0.00
12.297	S 1183705 -8.09 -10.02 0.00 0.00 OFF
12.316	>>> V 0.00 0.00
12.316	S 1183725 -8.09 -10.02 0.00 0.00 OFF
12.336	>>> V 0.00 0.00
12.336	S 1183745 -8.09 -10.11 0.00 0.00 OFF
12.356	>>> V 0.00 0.00
12.357	S 1183765 -8.09 -10.11 0.00 0.00 OFF
12.377	>>> V 0.00 0.00
12.377	S 1183785 -8.09 -10.02 0.00 0.00 OFF
12.396	>>> V 0.00 0.00
12.396	S 1183805 -8.09 -10.02 0.00 0.00 OFF
12.416	>>> V 0.00 0.00
12.417	S 1183825 -8.09 -10.02 0.00 0.00 OFF
12.436	>>> V 0.00 0.00
12.436	S 1183845 -8.09 -10.02 0.00 0.00 OFF
12.456	>>> V 0.00 0.00
12.457	S 1183865 -8.09 -10.11 0.00 0.00 OFF
12.476	>>> V 0.00 0.00
12.476	S 1183885 -8.09 -10.02 0.00 0.00 OFF
12.496	>>> V 0.00 0.00
12.496	S 1183905 -8.09 -10.02 0.00 0.00 OFF
12.516	>>> V 0.00 0.00
12.516	S 1183925 -8.09 -10.02 0.00 0.00 OFF
12.536	>>> V 0.00 0.00
12.536	S 1183945 -8.09 -10.02 0.00 0.00 OFF
12.556	>>> V 0.00 0.00
12.556	S 1183965 -8.09 -10.02 0.00 0.00 OFF
12.576	>>> V 0.00 0.00
12.577	S 1183985 -8.09 -10.02 0.00 0.00 OFF
12.596	>>> V 0.00 0.00
12.597	S 1184005 -8.09 -10.02 0.00 0.00 OFF
12.616	>>> V 0.00 0.00
12.616	S 1184025 -8.09 -10.02 0.00 0.00 OFF
12.636	>>> V 0.00 0.00
12.637	S 1184045 -8.09 -10.11 0.00 0.00 OFF
12.657	>>> V 0.00 0.00
12.657	S 1184065 -8.09 -10.02 0.00 0.00 OFF
12.676	>>> V 0.00 0.00
12.677	S 1184085 -8.09 -10.11 0.00 0.00 OFF
12.696	>>> V 0.00 0.00
12.697	S 1184105 -8.09 -10.02 0.00 0.00 OFF
12.716	>>> V 0.00 0.00
12.716	S 1184125 -8.09 -10.11 0.00 0.00 OFF
12.737	>>> V 0.00 0.00
12.737	S 1184145 -8.09 -10.02 0.00 0.00 OFF
12.757	>>> V 0.00 0.00
12.757	S 1184165 -8.09 -10.11 0.00 0.00 OFF
12.777	>>> V 0.00 0.00
12.777	S 1184185 -8.09 -10.02 0.00 0.00 OFF
12.797	>>> V 0.00 0.00
12.797	S 1184205 -8.09 -10.02 0.00 0.00 OFF
12.816	>>> V 0.00 0.00
12.817	S 1184225 -8.09 -10.11 0.00 0.00 OFF
12.837	>>> V 0.00 0.00
12.837	S 1184245 -8.09 -10.11 0.00 0.00 OFF
12.856	>>> V 0.00 0.00
12.857	S 1184265 -8.09 -10.02 0.00 0.00 OFF
12.877	>>> V 0.00 0.00
12.877	S 1184285 -8.09 -10.02 0.00 0.00 OFF
12.896	>>> V 0.00 0.00
12.896	S 1184305 -8.09 -10.02 0.00 0.00 OFF
12.916	>>> V 0.00 0.00
12.916	S 1184325 -8.09 -10.02 0.00 0.00 OFF
12.937	>>> V 0.00 0.00
12.937	S 1184345 -8.09 -10.02 0.00 0.00 OFF
12.956	>>> V 0.00 0.00
12.956	S 1184365 -8.09 -10.02 0.00 0.00 OFF
12.977	>>> V 0.00 0.00
12.977	S 1184385 -8.09 -10.02 0.00 0.00 OFF
12.997	>>> V 0.00 0.00
12.997	S 1184405 -8.09 -10.02 0.00 0.00 OFF
13.017	>>> V 0.00 0.00
13.017	S 1184425 -8.09 -10.02 0.00 0.00 OFF
13.036	>>> V 0.00 0.00
13.036	S 1184445 -8.09 -10.02 0.00 0.00 OFF
13.057	>>> V 0.00 0.00
13.057	S 1184465 -8.09 -10.02 0.00 0.00 OFF
13.076	>>> V 0.00 0.00
13.077	S 1184485 -8.09 -10.02 0.00 0.00 OFF
13.097	>>> V 0.00 0.00
13.097	S 1184505 -8.09 -10.02 0.00 0.00 OFF
13.117	>>> V 0.00 0.00
13.117	S 1184525 -8.09 -10.11 0.00 0.00 OFF
13.136	>>> V 0.00 0.00
13.136	S 1184545 -8.09 -10.02 0.00 0.00 OFF
13.156	>>> V 0.00 0.00
13.156	S 1184565 -8.09 -10.11 0.00 0.00 OFF
13.176	>>> V 0.00 0.00
13.176	S 1184585 -8.09 -10.11 0.00 0.00 OFF
13.197	>>> V 0.00 0.00
13.197	S 1184605 -8.09 -10.02 0.00 0.00 OFF
13.216	>>> V 0.00 0.00
13.216	S 1184625 -8.09 -10.11 0.00 0.00 OFF
13.237	>>> V 0.00 0.00
13.237	S 1184645 -8.09 -10.02 0.00 0.00 OFF
13.256	>>> V 0.00 0.00
13.256	S 1184665 -8.09 -10.02 0.00 0.00 OFF
13.276	>>> V 0.00 0.00
13.276	S 1184686 -8.09 -10.11 0.00 0.00 OFF
13.296	>>> V 0.00 0.00
13.296	S 1184706 -8.09 -10.11 0.00 0.00 OFF
13.317	>>> V 0.00 0.00
13.317	S 1184726 -8.09 -10.02 0.00 0.00 OFF
13.336	>>> V 0.00 0.00
13.336	S 1184746 -8.09 -10.02 0.00 0.00 OFF
13.357	>>> V 0.00 0.00
13.357	S 1184766 -8.09 -10.02 0.00 0.00 OFF
13.377	>>> V 0.00 0.00
13.377	S 1184786 -8.09 -10.02 0.00 0.00 OFF
13.397	>>> V 0.00 0.00
13.397	S 1184806 -8.09 -10.02 0.00 0.00 OFF
13.417	>>> V 0.00 0.00
13.417	S 1184826 -8.09 -10.02 0.00 0.00 OFF
13.437	>>> V 0.00 0.00
13.437	S 1184846 -8.09 -10.02 0.00 0.00 OFF
13.456	>>> V 0.00 0.00
13.456	S 1184866 -8.09 -10.02 0.00 0.00 OFF
13.476	>>> V 0.00 0.00
13.476	S 1184886 -8.09 -10.11 0.00 0.00 OFF
13.496	>>> V 0.00 0.00
13.496	S 1184906 -8.09 -10.02 0.00 0.00 OFF
13.516	>>> V 0.00 0.00
13.516	S 1184926 -8.09 -10.11 0.00 0.00 OFF
13.536	>>> V 0.00 0.00
13.536	S 1184946 -8.09 -10.02 0.00 0.00 OFF
13.556	>>> V 0.00 0.00
13.556	S 1184966 -8.09 -10.02 0.00 0.00 OFF
13.577	>>> V 0.00 0.00
13.577	S 1184986 -8.09 -10.02 0.00 0.00 OFF
13.597	>>> V 0.00 0.00
13.597	S 1185006 -8.09 -10.02 0.00 0.00 OFF
13.616	>>> V 0.00 0.00
13.616	S 1185026 -8.09 -10.02 0.00 0.00 OFF
13.637	>>> V 0.00 0.00
13.637	S 1185046 -8.09 -10.11 0.00 0.00 OFF
13.656	>>> V 0.00 0.00
13.657	S 1185066 -8.09 -10.02 0.00 0.00 OFF
13.676	>>> V 0.00 0.00
13.676	S 1185086 -8.09 -10.11 0.00 0.00 OFF
13.696	>>> V 0.00 0.00
13.696	S 1185106 -8.09 -10.11 0.00 0.00 OFF
13.717	>>> V 0.00 0.00
13.717	S 1185126 -8.09 -10.02 0.00 0.00 OFF
13.736	>>> V 0.00 0.00
13.737	S 1185146 -8.09 -10.02 0.00 0.00 OFF
13.756	>>> V 0.00 0.00
13.757	S 1185166 -8.09 -10.02 0.00 0.00 OFF
13.776	>>> V 0.00 0.00
13.776	S 1185186 -8.09 -10.02 0.00 0.00 OFF
13.796	>>> V 0.00 0.00
13.796	S 1185206 -8.09 -10.02 0.00 0.00 OFF
13.816	>>> V 0.00 0.00
13.817	S 1185226 -8.09 -10.02 0.00 0.00 OFF
13.836	>>> V 0.00 0.00
13.837	S 1185246 -8.09 -10.02 0.00 0.00 OFF
13.857	>>> V 0.00 0.00
13.859	S 1185266 -8.09 -10.02 0.00 0.00 OFF
13.876	>>> V 0.00 0.00
13.876	S 1185286 -8.09 -10.02 0.00 0.00 OFF
13.897	>>> V 0.00 0.00
13.897	S 1185306 -8.09 -10.02 0.00 0.00 OFF
13.917	>>> V 0.00 0.00
13.917	S 1185326 -8.09 -10.02 0.00 0.00 OFF
13.937	>>> V 0.00 0.00
13.937	S 1185346 -8.09 -10.02 0.00 0.00 OFF
13.957	>>> V 0.00 0.00
13.957	S 1185366 -8.09 -10.02 0.00 0.00 OFF
13.976	>>> V 0.00 0.00
13.977	S 1185386 -8.09 -10.02 0.00 0.00 OFF
13.997	>>> V 0.00 0.00
13.997	S 1185406 -8.09 -10.02 0.00 0.00 OFF
14.017	>>> V 0.00 0.00
14.017	S 1185426 -8.09 -10.11 0.00 0.00 OFF
14.036	>>> V 0.00 0.00
14.037	S 1185446 -8.09 -10.11 0.00 0.00 OFF
14.056	>>> V 0.00 0.00
14.056	S 1185466 -8.09 -10.02 0.00 0.00 OFF
14.076	>>> V 0.00 0.00
14.076	S 1185486 -8.09 -10.02 0.00 0.00 OFF
14.096	>>> V 0.00 0.00
14.096	S 1185506 -8.09 -10.02 0.00 0.00 OFF
14.116	>>> V 0.00 0.00
14.116	S 1185526 -8.09 -10.02 0.00 0.00 OFF
14.136	>>> V 0.00 0.00
14.136	S 1185546 -8.09 -10.11 0.00 0.00 OFF
14.157	>>> V 0.00 0.00
14.157	S 1185566 -8.09 -10.02 0.00 0.00 OFF
14.176	>>> V 0.00 0.00
14.177	S 1185586 -8.09 -10.02 0.00 0.00 OFF
14.197	>>> V 0.00 0.00
14.197	S 1185606 -8.09 -10.11 0.00 0.00 OFF
14.216	>>> V 0.00 0.00
14.216	S 1185626 -8.09 -10.11 0.00 0.00 OFF
14.237	>>> V 0.00 0.00
14.237	S 1185646 -8.09 -10.02 0.00 0.00 OFF
14.257	>>> V 0.00 0.00
14.257	S 1185666 -8.09 -10.02 0.00 0.00 OFF
14.277	>>> V 0.00 0.00
14.277	S 1185686 -8.09 -10.02 0.00 0.00 OFF
14.297	>>> V 0.00 0.00
14.297	S 1185706 -8.09 -10.02 0.00 0.00 OFF
14.316	>>> V 0.00 0.00
14.317	S 1185726 -8.09 -10.11 0.00 0.00 OFF
14.336	>>> V 0.00 0.00
14.336	S 1185746 -8.09 -10.02 0.00 0.00 OFF
14.357	>>> V 0.00 0.00
14.357	S 1185766 -8.09 -10.02 0.00 0.00 OFF
14.376	>>> V 0.00 0.00
14.376	S 1185786 -8.09 -10.02 0.00 0.00 OFF
14.396	>>> V 0.00 0.00
14.397	S 1185806 -8.09 -10.02 0.00 0.00 OFF
14.416	>>> V 0.00 0.00
14.416	S 1185826 -8.09 -10.02 0.00 0.00 OFF
14.437	>>> V 0.00 0.00
14.437	S 1185846 -8.09 -10.02 0.00 0.00 OFF
14.456	>>> V 0.00 0.00
14.456	S 1185866 -8.09 -10.02 0.00 0.00 OFF
14.476	>>> V 0.00 0.00
14.476	S 1185886 -8.09 -10.02 0.00 0.00 OFF
14.496	>>> V 0.00 0.00
14.497	S 1185906 -8.09 -10.11 0.00 0.00 OFF
14.516	>>> V 0.00 0.00
14.516	S 1185926 -8.09 -10.11 0.00 0.00 OFF
14.537	>>> V 0.00 0.00
14.537	S 1185946 -8.09 -10.02 0.00 0.00 OFF
14.556	>>> V 0.00 0.00
14.556	S 1185966 -8.09 -10.02 0.00 0.00 OFF
14.577	>>> V 0.00 0.00
14.577	S 1185986 -8.09 -10.11 0.00 0.00 OFF
14.597	>>> V 0.00 0.00
14.597	S 1186006 -8.09 -10.11 0.00 0.00 OFF
14.617	>>> V 0.00 0.00
14.617	S 1186026 -8.09 -10.11 0.00 0.00 OFF
14.637	>>> V 0.00 0.00
14.637	S 1186046 -8.09 -10.02 0.00 0.00 OFF
14.656	>>> V 0.00 0.00
14.657	S 1186066 -8.09 -10.02 0.00 0.00 OFF
14.676	>>> V 0.00 0.00
14.677	S 1186086 -8.09 -10.02 0.00 0.00 OFF
14.696	>>> V 0.00 0.00
14.697	S 1186106 -8.17 -10.02 0.00 0.00 OFF
14.717	>>> V 0.00 0.00
14.717	S 1186126 -8.09 -10.02 0.00 0.00 OFF
14.737	>>> V 0.00 0.00
14.737	S 1186146 -8.09 -10.11 0.00 0.00 OFF
14.757	>>> V 0.00 0.00
14.757	S 1186166 -8.09 -10.02 0.00 0.00 OFF
14.776	>>> V 0.00 0.00
14.776	S 1186186 -8.09 -10.02 0.00 0.00 OFF
14.796	>>> V 0.00 0.00
14.797	S 1186206 -8.09 -10.02 0.00 0.00 OFF
14.816	>>> V 0.00 0.00
14.816	S 1186226 -8.09 -10.02 0.00 0.00 OFF
14.837	>>> V 0.00 0.00
14.837	S 1186246 -8.09 -10.02 0.00 0.00 OFF
14.856	>>> V 0.00 0.00
14.857	S 1186266 -8.09 -10.02 0.00 0.00 OFF
14.877	>>> V 0.00 0.00
14.877	S 1186286 -8.09 -10.11 0.00 0.00 OFF
14.896	>>> V 0.00 0.00
14.896	S 1186306 -8.09 -10.02 0.00 0.00 OFF
14.916	>>> V 0.00 0.00
14.917	S 1186326 -8.09 -10.02 0.00 0.00 OFF
14.937	>>> V 0.00 0.00
14.937	S 1186346 -8.09 -10.02 0.00 0.00 OFF
14.956	>>> V 0.00 0.00
14.957	S 1186366 -8.09 -10.11 0.00 0.00 OFF
14.977	>>> V 0.00 0.00
14.977	S 1186386 -8.09 -10.02 0.00 0.00 OFF
14.996	>>> V 0.00 0.00
14.997	S 1186406 -8.09 -10.02 0.00 0.00 OFF
15.016	>>> V 0.00 0.00
15.016	S 1186426 -8.09 -10.02 0.00 0.00 OFF
15.036	>>> V 0.00 0.00
15.037	S 1186446 -8.09 -10.02 0.00 0.00 OFF
15.056	>>> V 0.00 0.00
15.057	S 1186466 -8.09 -10.11 0.00 0.00 OFF
15.077	>>> V 0.00 0.00
15.077	S 1186486 -8.09 -10.02 0.00 0.00 OFF
15.097	>>> V 0.00 0.00
15.097	S 1186506 -8.09 -10.02 0.00 0.00 OFF
15.117	>>> V 0.00 0.00
15.117	S 1186526 -8.09 -10.11 0.00 0.00 OFF
15.136	>>> V 0.00 0.00
15.137	S 1186546 -8.09 -10.02 0.00 0.00 OFF
15.157	>>> V 0.00 0.00
15.157	S 1186566 -8.09 -10.02 0.00 0.00 OFF
15.177	>>> V 0.00 0.00
15.177	S 1186586 -8.09 -10.02 0.00 0.00 OFF
15.197	>>> V 0.00 0.00
15.197	S 1186606 -8.09 -10.02 0.00 0.00 OFF
15.217	>>> V 0.00 0.00
15.217	S 1186626 -8.09 -10.02 0.00 0.00 OFF
15.237	>>> V 0.00 0.00
15.237	S 1186646 -8.09 -10.02 0.00 0.00 OFF
15.257	>>> V 0.00 0.00
15.257	S 1186666 -8.09 -10.02 0.00 0.00 OFF
15.276	>>> V 0.00 0.00
15.276	S 1186686 -8.09 -10.11 0.00 0.00 OFF
15.297	>>> V 0.00 0.00
15.297	S 1186706 -8.09 -10.02 0.00 0.00 OFF
15.317	>>> V 0.00 0.00
15.317	S 1186726 -8.09 -10.02 0.00 0.00 OFF
15.337	>>> V 0.00 0.00
15.337	S 1186746 -8.09 -10.02 0.00 0.00 OFF
15.357	>>> V 0.00 0.00
15.357	S 1186766 -8.09 -10.02 0.00 0.00 OFF
15.377	>>> V 0.00 0.00
15.377	S 1186786 -8.09 -10.11 0.00 0.00 OFF
15.397	>>> V 0.00 0.00
15.397	S 1186806 -8.09 -10.02 0.00 0.00 OFF
15.416	>>> V 0.00 0.00
15.416	S 1186826 -8.09 -10.02 0.00 0.00 OFF
15.436	>>> V 0.00 0.00
15.436	S 1186846 -8.09 -10.02 0.00 0.00 OFF
15.456	>>> V 0.00 0.00
15.456	S 1186866 -8.09 -10.11 0.00 0.00 OFF
15.477	>>> V 0.00 0.00
15.477	S 1186886 -8.09 -10.11 0.00 0.00 OFF
15.497	>>> V 0.00 0.00
15.497	S 1186906 -8.09 -10.02 0.00 0.00 OFF
15.516	>>> V 0.00 0.00
15.516	S 1186926 -8.09 -10.02 0.00 0.00 OFF
15.536	>>> V 0.00 0.00
15.537	S 1186946 -8.09 -10.02 0.00 0.00 OFF
15.557	>>> V 0.00 0.00
15.557	S 1186966 -8.09 -10.02 0.00 0.00 OFF
15.577	>>> V 0.00 0.00
15.577	S 1186986 -8.09 -10.11 0.00 0.00 OFF
15.596	>>> V 0.00 0.00
15.596	S 1187006 -8.09 -10.02 0.00 0.00 OFF
15.617	>>> V 0.00 0.00
15.617	S 1187026 -8.09 -10.02 0.00 0.00 OFF
15.636	>>> V 0.00 0.00
15.636	S 1187046 -8.09 -10.02 0.00 0.00 OFF
15.656	>>> V 0.00 0.00
15.656	S 1187066 -8.09 -10.02 0.00 0.00 OFF
15.677	>>> V 0.00 0.00
15.677	S 1187086 -8.09 -10.02 0.00 0.00 OFF
15.696	>>> V 0.00 0.00
15.696	S 1187106 -8.09 -10.11 0.00 0.00 OFF
15.717	>>> V 0.00 0.00
15.717	S 1187126 -8.09 -10.02 0.00 0.00 OFF
15.737	>>> V 0.00 0.00
15.737	S 1187146 -8.09 -10.02 0.00 0.00 OFF
15.756	>>> V 0.00 0.00
15.756	S 1187166 -8.09 -10.02 0.00 0.00 OFF
15.776	>>> V 0.00 0.00
15.777	S 1187186 -8.09 -10.02 0.00 0.00 OFF
15.796	>>> V 0.00 0.00
15.796	S 1187206 -8.09 -10.02 0.00 0.00 OFF
15.816	>>> V 0.00 0.00
15.816	S 1187226 -8.09 -10.02 0.00 0.00 OFF
15.836	>>> V 0.00 0.00
15.836	S 1187246 -8.09 -10.02 0.00 0.00 OFF
15.856	>>> V 0.00 0.00
15.856	S 1187266 -8.09 -10.02 0.00 0.00 OFF
15.877	>>> V 0.00 0.00
15.877	S 1187286 -8.09 -10.02 0.00 0.00 OFF
15.897	>>> V 0.00 0.00
15.897	S 1187306 -8.09 -10.02 0.00 0.00 OFF
15.917	>>> V 0.00 0.00
15.917	S 1187326 -8.09 -10.02 0.00 0.00 OFF
15.937	>>> V 0.00 0.00
15.937	S 1187346 -8.09 -10.02 0.00 0.00 OFF
15.956	>>> V 0.00 0.00
15.956	S 1187366 -8.09 -10.02 0.00 0.00 OFF
15.976	>>> V 0.00 0.00
15.977	S 1187386 -8.09 -10.11 0.00 0.00 OFF
15.996	>>> V 0.00 0.00
15.997	S 1187406 -8.09 -10.02 0.00 0.00 OFF
16.017	>>> V 0.00 0.00
16.017	S 1187426 -8.09 -10.02 0.00 0.00 OFF
16.036	>>> V 0.00 0.00
16.037	S 1187446 -8.09 -10.02 0.00 0.00 OFF
16.057	>>> V 0.00 0.00
16.057	S 1187466 -8.09 -10.02 0.00 0.00 OFF
16.077	>>> V 0.00 0.00
16.077	S 1187486 -8.09 -10.02 0.00 0.00 OFF
16.096	>>> V 0.00 0.00
16.096	S 1187506 -8.09 -10.11 0.00 0.00 OFF
16.116	>>> V 0.00 0.00
16.116	S 1187526 -8.09 -10.11 0.00 0.00 OFF
16.136	>>> V 0.00 0.00
16.136	S 1187546 -8.09 -10.11 0.00 0.00 OFF
16.157	>>> V 0.00 0.00
16.157	S 1187566 -8.09 -10.02 0.00 0.00 OFF
16.176	>>> V 0.00 0.00
16.176	S 1187586 -8.09 -10.02 0.00 0.00 OFF
16.196	>>> V 0.00 0.00
16.196	S 1187606 -8.09 -10.02 0.00 0.00 OFF
16.216	>>> V 0.00 0.00
16.216	S 1187626 -8.09 -10.02 0.00 0.00 OFF
16.236	>>> V 0.00 0.00
16.237	S 1187646 -8.09 -10.02 0.00 0.00 OFF
16.256	>>> V 0.00 0.00
16.256	S 1187666 -8.09 -10.02 0.00 0.00 OFF
16.277	>>> V 0.00 0.00
16.277	S 1187686 -8.09 -10.11 0.00 0.00 OFF
16.297	>>> V 0.00 0.00
16.297	S 1187706 -8.09 -10.02 0.00 0.00 OFF
16.316	>>> V 0.00 0.00
16.317	S 1187726 -8.09 -10.02 0.00 0.00 OFF
16.336	>>> V 0.00 0.00
16.337	S 1187746 -8.09 -10.02 0.00 0.00 OFF
16.357	>>> V 0.00 0.00
16.357	S 1187766 -8.09 -10.11 0.00 0.00 OFF
16.376	>>> V 0.00 0.00
16.376	S 1187786 -8.09 -10.02 0.00 0.00 OFF
16.396	>>> V 0.00 0.00
16.397	S 1187806 -8.09 -10.02 0.00 0.00 OFF
16.416	>>> V 0.00 0.00
16.416	S 1187826 -8.09 -10.02 0.00 0.00 OFF
16.436	>>> V 0.00 0.00
16.436	S 1187846 -8.09 -10.02 0.00 0.00 OFF
16.456	>>> V 0.00 0.00
16.457	S 1187866 -8.09 -10.11 0.00 0.00 OFF
16.476	>>> V 0.00 0.00
16.476	S 1187886 -8.09 -10.02 0.00 0.00 OFF
16.496	>>> V 0.00 0.00
16.496	S 1187906 -8.09 -10.02 0.00 0.00 OFF
16.516	>>> V 0.00 0.00
16.517	S 1187926 -8.09 -10.02 0.00 0.00 OFF
16.536	>>> V 0.00 0.00
16.537	S 1187946 -8.09 -10.02 0.00 0.00 OFF
16.556	>>> V 0.00 0.00
16.556	S 1187966 -8.09 -10.02 0.00 0.00 OFF
16.577	>>> V 0.00 0.00
16.577	S 1187986 -8.09 -10.02 0.00 0.00 OFF
16.597	>>> V 0.00 0.00
16.597	S 1188006 -8.09 -10.02 0.00 0.00 OFF
16.616	>>> V 0.00 0.00
16.616	S 1188026 -8.09 -10.02 0.00 0.00 OFF
16.636	>>> V 0.00 0.00
16.636	S 1188046 -8.09 -10.02 0.00 0.00 OFF
16.657	>>> V 0.00 0.00
16.657	S 1188066 -8.09 -10.11 0.00 0.00 OFF
16.677	>>> V 0.00 0.00
16.677	S 1188086 -8.09 -10.02 0.00 0.00 OFF
16.696	>>> V 0.00 0.00
16.697	S 1188106 -8.09 -10.11 0.00 0.00 OFF
16.716	>>> V 0.00 0.00
16.717	S 1188126 -8.09 -10.11 0.00 0.00 OFF
16.737	>>> V 0.00 0.00
16.737	S 1188146 -8.09 -10.02 0.00 0.00 OFF
16.757	>>> V 0.00 0.00
16.757	S 1188166 -8.09 -10.02 0.00 0.00 OFF
16.776	>>> V 0.00 0.00
16.776	S 1188186 -8.09 -10.02 0.00 0.00 OFF
16.796	>>> V 0.00 0.00
16.797	S 1188206 -8.09 -10.02 0.00 0.00 OFF
16.817	>>> V 0.00 0.00
16.817	S 1188226 -8.09 -10.02 0.00 0.00 OFF
16.836	>>> V 0.00 0.00
16.836	S 1188246 -8.09 -10.02 0.00 0.00 OFF
16.857	>>> V 0.00 0.00
16.857	S 1188266 -8.09 -10.02 0.00 0.00 OFF
16.876	>>> V 0.00 0.00
16.877	S 1188286 -8.09 -10.02 0.00 0.00 OFF
16.896	>>> V 0.00 0.00
16.896	S 1188306 -8.09 -10.11 0.00 0.00 OFF
16.917	>>> V 0.00 0.00
16.917	S 1188326 -8.09 -10.02 0.00 0.00 OFF
16.936	>>> V 0.00 0.00
16.937	S 1188346 -8.09 -10.02 0.00 0.00 OFF
16.956	>>> V 0.00 0.00
16.957	S 1188366 -8.09 -10.02 0.00 0.00 OFF
16.976	>>> V 0.00 0.00
16.976	S 1188386 -8.09 -10.02 0.00 0.00 OFF
16.997	>>> V 0.00 0.00
16.997	S 1188406 -8.09 -10.02 0.00 0.00 OFF
17.016	>>> V 0.00 0.00
17.017	S 1188426 -8.09 -10.11 0.00 0.00 OFF
17.036	>>> V 0.00 0.00
17.036	S 1188446 -8.09 -10.02 0.00 0.00 OFF
17.056	>>> V 0.00 0.00
17.057	S 1188466 -8.09 -10.02 0.00 0.00 OFF
17.077	>>> V 0.00 0.00
17.077	S 1188486 -8.09 -10.02 0.00 0.00 OFF
17.097	>>> V 0.00 0.00
17.097	S 1188506 -8.09 -10.11 0.00 0.00 OFF
17.117	>>> V 0.00 0.00
17.117	S 1188526 -8.09 -10.02 0.00 0.00 OFF
17.137	>>> V 0.00 0.00
17.137	S 1188546 -8.09 -10.11 0.00 0.00 OFF
17.156	>>> V 0.00 0.00
17.157	S 1188566 -8.09 -10.02 0.00 0.00 OFF
17.177	>>> V 0.00 0.00
17.177	S 1188586 -8.09 -10.02 0.00 0.00 OFF
17.197	>>> V 0.00 0.00
17.197	S 1188606 -8.09 -10.02 0.00 0.00 OFF
17.217	>>> V 0.00 0.00
17.217	S 1188626 -8.09 -10.02 0.00 0.00 OFF
17.237	>>> V 0.00 0.00
17.237	S 1188646 -8.09 -10.02 0.00 0.00 OFF
17.257	>>> V 0.00 0.00
17.257	S 1188666 -8.09 -10.02 0.00 0.00 OFF
17.277	>>> V 0.00 0.00
17.277	S 1188686 -8.09 -10.02 0.00 0.00 OFF
17.296	>>> V 0.00 0.00
17.296	S 1188706 -8.09 -10.11 0.00 0.00 OFF
17.317	>>> V 0.00 0.00
17.317	S 1188726 -8.09 -10.02 0.00 0.00 OFF
17.337	>>> V 0.00 0.00
17.337	S 1188746 -8.09 -10.02 0.00 0.00 OFF
17.357	>>> V 0.00 0.00
17.358	S 1188766 -8.09 -10.02 0.00 0.00 OFF
17.377	>>> V 0.00 0.00
17.377	S 1188786 -8.09 -10.02 0.00 0.00 OFF
17.397	>>> V 0.00 0.00
17.397	S 1188806 -8.09 -10.11 0.00 0.00 OFF
17.417	>>> V 0.00 0.00
17.417	S 1188826 -8.09 -10.02 0.00 0.00 OFF
17.436	>>> V 0.00 0.00
17.436	S 1188846 -8.09 -10.11 0.00 0.00 OFF
17.457	>>> V 0.00 0.00
17.457	S 1188866 -8.09 -10.02 0.00 0.00 OFF
17.477	>>> V 0.00 0.00
17.477	S 1188886 -8.09 -10.02 0.00 0.00 OFF
17.496	>>> V 0.00 0.00
17.497	S 1188906 -8.09 -10.02 0.00 0.00 OFF
17.516	>>> V 0.00 0.00
17.516	S 1188926 -8.09 -10.02 0.00 0.00 OFF
17.536	>>> V 0.00 0.00
17.536	S 1188946 -8.09 -10.11 0.00 0.00 OFF
17.556	>>> V 0.00 0.00
17.556	S 1188966 -8.09 -10.02 0.00 0.00 OFF
17.576	>>> V 0.00 0.00
17.576	S 1188986 -8.09 -10.02 0.00 0.00 OFF
17.597	>>> V 0.00 0.00
17.597	S 1189006 -8.09 -10.02 0.00 0.00 OFF
17.616	>>> V 0.00 0.00
17.616	S 1189026 -8.09 -10.02 0.00 0.00 OFF
17.636	>>> V 0.00 0.00
17.636	S 1189046 -8.09 -10.02 0.00 0.00 OFF
17.656	>>> V 0.00 0.00
17.657	S 1189066 -8.09 -10.11 0.00 0.00 OFF
17.677	>>> V 0.00 0.00
17.677	S 1189086 -8.09 -10.02 0.00 0.00 OFF
17.696	>>> V 0.00 0.00
17.696	S 1189106 -8.09 -10.11 0.00 0.00 OFF
17.717	>>> V 0.00 0.00
17.717	S 1189126 -8.09 -10.02 0.00 0.00 OFF
17.737	>>> V 0.00 0.00
17.737	S 1189146 -8.09 -10.02 0.00 0.00 OFF
17.757	>>> V 0.00 0.00
17.758	S 1189166 -8.09 -10.11 0.00 0.00 OFF
17.777	>>> V 0.00 0.00
17.777	S 1189186 -8.09 -10.02 0.00 0.00 OFF
17.797	>>> V 0.00 0.00
17.797	S 1189206 -8.09 -10.02 0.00 0.00 OFF
17.817	>>> V 0.00 0.00
17.817	S 1189226 -8.09 -10.11 0.00 0.00 OFF
17.836	>>> V 0.00 0.00
17.836	S 1189246 -8.09 -10.11 0.00 0.00 OFF
17.856	>>> V 0.00 0.00
17.857	S 1189266 -8.09 -10.11 0.00 0.00 OFF
17.876	>>> V 0.00 0.00
17.876	S 1189286 -8.09 -10.11 0.00 0.00 OFF
17.896	>>> V 0.00 0.00
17.897	S 1189306 -8.09 -10.11 0.00 0.00 OFF
17.917	>>> V 0.00 0.00
17.917	S 1189326 -8.09 -10.02 0.00 0.00 OFF
17.937	>>> V 0.00 0.00
17.937	S 1189346 -8.09 -10.02 0.00 0.00 OFF
17.956	>>> V 0.00 0.00
17.957	S 1189366 -8.09 -10.02 0.00 0.00 OFF
17.977	>>> V 0.00 0.00
17.977	S 1189386 -8.09 -10.02 0.00 0.00 OFF
17.997	>>> V 0.00 0.00
17.997	S 1189406 -8.09 -10.02 0.00 0.00 OFF
18.017	>>> V 0.00 0.00
18.017	S 1189426 -8.09 -10.02 0.00 0.00 OFF
18.036	>>> V 0.00 0.00
18.037	S 1189446 -8.09 -10.02 0.00 0.00 OFF
18.057	>>> V 0.00 0.00
18.057	S 1189466 -8.09 -10.02 0.00 0.00 OFF
18.076	>>> V 0.00 0.00
18.076	S 1189486 -8.09 -10.02 0.00 0.00 OFF
18.096	>>> V 0.00 0.00
18.096	S 1189506 -8.09 -10.11 0.00 0.00 OFF
18.116	>>> V 0.00 0.00
18.117	S 1189526 -8.09 -10.02 0.00 0.00 OFF
18.137	>>> V 0.00 0.00
18.137	S 1189546 -8.09 -10.11 0.00 0.00 OFF
18.156	>>> V 0.00 0.00
18.156	S 1189566 -8.09 -10.02 0.00 0.00 OFF
18.177	>>> V 0.00 0.00
18.177	S 1189586 -8.09 -10.02 0.00 0.00 OFF
18.196	>>> V 0.00 0.00
18.197	S 1189606 -8.09 -10.02 0.00 0.00 OFF
18.216	>>> V 0.00 0.00
18.217	S 1189626 -8.09 -10.02 0.00 0.00 OFF
18.236	>>> V 0.00 0.00
18.236	S 1189646 -8.09 -10.02 0.00 0.00 OFF
18.256	>>> V 0.00 0.00
18.256	S 1189666 -8.09 -10.02 0.00 0.00 OFF
18.276	>>> V 0.00 0.00
18.277	S 1189686 -8.09 -10.02 0.00 0.00 OFF
18.297	>>> V 0.00 0.00
18.297	S 1189706 -8.09 -10.02 0.00 0.00 OFF
18.317	>>> V 0.00 0.00
18.317	S 1189726 -8.09 -10.11 0.00 0.00 OFF
18.337	>>> V 0.00 0.00
18.337	S 1189746 -8.17 -10.02 0.00 0.00 OFF
18.357	>>> V 0.00 0.00
18.357	S 1189766 -8.09 -10.02 0.00 0.00 OFF
18.376	>>> V 0.00 0.00
18.377	S 1189786 -8.09 -10.02 0.00 0.00 OFF
18.397	>>> V 0.00 0.00
18.397	S 1189806 -8.09 -10.02 0.00 0.00 OFF
18.417	>>> V 0.00 0.00
18.417	S 1189826 -8.09 -10.02 0.00 0.00 OFF
18.437	>>> V 0.00 0.00
18.437	S 1189846 -8.09 -10.11 0.00 0.00 OFF
18.457	>>> V 0.00 0.00
18.457	S 1189866 -8.09 -10.11 0.00 0.00 OFF
18.476	>>> V 0.00 0.00
18.476	S 1189886 -8.09 -10.11 0.00 0.00 OFF
18.497	>>> V 0.00 0.00
18.497	S 1189906 -8.09 -10.02 0.00 0.00 OFF
18.516	>>> V 0.00 0.00
18.516	S 1189926 -8.09 -10.11 0.00 0.00 OFF
18.536	>>> V 0.00 0.00
18.536	S 1189946 -8.09 -10.11 0.00 0.00 OFF
18.556	>>> V 0.00 0.00
18.556	S 1189966 -8.09 -10.02 0.00 0.00 OFF
18.576	>>> V 0.00 0.00
18.576	S 1189986 -8.09 -10.11 0.00 0.00 OFF
18.596	>>> V 0.00 0.00
18.596	S 1190006 -8.09 -10.11 0.00 0.00 OFF
18.616	>>> V 0.00 0.00
18.616	S 1190026 -8.09 -10.02 0.00 0.00 OFF
18.636	>>> V 0.00 0.00
18.637	S 1190046 -8.09 -10.02 0.00 0.00 OFF
18.657	>>> V 0.00 0.00
18.657	S 1190066 -8.09 -10.02 0.00 0.00 OFF
18.677	>>> V 0.00 0.00
18.677	S 1190086 -8.09 -10.02 0.00 0.00 OFF
18.697	>>> V 0.00 0.00
18.697	S 1190106 -8.09 -10.02 0.00 0.00 OFF
18.717	>>> V 0.00 0.00
18.717	S 1190126 -8.09 -10.02 0.00 0.00 OFF
18.736	>>> V 0.00 0.00
18.736	S 1190146 -8.09 -10.02 0.00 0.00 OFF
18.757	>>> V 0.00 0.00
18.757	S 1190166 -8.09 -10.02 0.00 0.00 OFF
18.777	>>> V 0.00 0.00
18.777	S 1190186 -8.09 -10.02 0.00 0.00 OFF
18.796	>>> V 0.00 0.00
18.796	S 1190206 -8.09 -10.02 0.00 0.00 OFF
18.817	>>> V 0.00 0.00
18.817	S 1190226 -8.09 -10.02 0.00 0.00 OFF
18.837	>>> V 0.00 0.00
18.837	S 1190246 -8.09 -10.02 0.00 0.00 OFF
18.856	>>> V 0.00 0.00
18.856	S 1190266 -8.09 -10.11 0.00 0.00 OFF
18.876	>>> V 0.00 0.00
18.877	S 1190286 -8.09 -10.02 0.00 0.00 OFF
18.896	>>> V 0.00 0.00
18.896	S 1190306 -8.09 -10.02 0.00 0.00 OFF
18.916	>>> V 0.00 0.00
18.916	S 1190326 -8.09 -10.02 0.00 0.00 OFF
18.936	>>> V 0.00 0.00
18.937	S 1190346 -8.09 -10.02 0.00 0.00 OFF
18.956	>>> V 0.00 0.00
18.956	S 1190366 -8.09 -10.02 0.00 0.00 OFF
18.976	>>> V 0.00 0.00
18.977	S 1190386 -8.09 -10.11 0.00 0.00 OFF
18.996	>>> V 0.00 0.00
18.996	S 1190406 -8.09 -10.02 0.00 0.00 OFF
19.016	>>> V 0.00 0.00
19.016	S 1190426 -8.09 -10.02 0.00 0.00 OFF
19.037	>>> V 0.00 0.00
19.037	S 1190446 -8.09 -10.02 0.00 0.00 OFF
19.056	>>> V 0.00 0.00
19.057	S 1190466 -8.09 -10.02 0.00 0.00 OFF
19.077	>>> V 0.00 0.00
19.077	S 1190486 -8.09 -10.02 0.00 0.00 OFF
19.096	>>> V 0.00 0.00
19.096	S 1190506 -8.09 -10.11 0.00 0.00 OFF
19.116	>>> V 0.00 0.00
19.117	S 1190526 -8.09 -10.11 0.00 0.00 OFF
19.137	>>> V 0.00 0.00
19.137	S 1190546 -8.09 -10.11 0.00 0.00 OFF
19.157	>>> V 0.00 0.00
19.157	S 1190566 -8.09 -10.02 0.00 0.00 OFF
19.176	>>> V 0.00 0.00
19.176	S 1190586 -8.09 -10.02 0.00 0.00 OFF
19.196	>>> V 0.00 0.00
19.196	S 1190606 -8.09 -10.11 0.00 0.00 OFF
19.217	>>> V 0.00 0.00
19.217	S 1190626 -8.09 -10.02 0.00 0.00 OFF
19.237	>>> V 0.00 0.00
19.237	S 1190646 -8.09 -10.02 0.00 0.00 OFF
19.257	>>> V 0.00 0.00
19.257	S 1190666 -8.09 -10.02 0.00 0.00 OFF
19.277	>>> V 0.00 0.00
19.277	S 1190686 -8.09 -10.02 0.00 0.00 OFF
19.297	>>> V 0.00 0.00
19.299	S 1190706 -8.09 -10.02 0.00 0.00 OFF
19.316	>>> V 0.00 0.00
19.317	S 1190726 -8.09 -10.02 0.00 0.00 OFF
19.336	>>> V 0.00 0.00
19.336	S 1190746 -8.09 -10.11 0.00 0.00 OFF
19.356	>>> V 0.00 0.00
19.357	S 1190766 -8.09 -10.02 0.00 0.00 OFF
19.377	>>> V 0.00 0.00
19.377	S 1190786 -8.09 -10.02 0.00 0.00 OFF
19.396	>>> V 0.00 0.00
19.396	S 1190806 -8.09 -10.02 0.00 0.00 OFF
19.416	>>> V 0.00 0.00
19.417	S 1190826 -8.09 -10.02 0.00 0.00 OFF
19.437	>>> V 0.00 0.00
19.437	S 1190846 -8.09 -10.02 0.00 0.00 OFF
19.457	>>> V 0.00 0.00
19.457	S 1190866 -8.09 -10.02 0.00 0.00 OFF
19.477	>>> V 0.00 0.00
19.477	S 1190886 -8.09 -10.11 0.00 0.00 OFF
19.497	>>> V 0.00 0.00
19.497	S 1190906 -8.09 -10.11 0.00 0.00 OFF
19.517	>>> V 0.00 0.00
19.517	S 1190926 -8.09 -10.02 0.00 0.00 OFF
19.536	>>> V 0.00 0.00
19.536	S 1190946 -8.09 -10.02 0.00 0.00 OFF
19.556	>>> V 0.00 0.00
19.556	S 1190966 -8.09 -10.02 0.00 0.00 OFF
19.577	>>> V 0.00 0.00
19.577	S 1190986 -8.09 -10.02 0.00 0.00 OFF
19.596	>>> V 0.00 0.00
19.597	S 1191006 -8.09 -10.02 0.00 0.00 OFF
19.616	>>> V 0.00 0.00
19.617	S 1191026 -8.09 -10.02 0.00 0.00 OFF
19.637	>>> V 0.00 0.00
19.637	S 1191046 -8.09 -10.02 0.00 0.00 OFF
19.657	>>> V 0.00 0.00
19.657	S 1191066 -8.09 -10.02 0.00 0.00 OFF
19.677	>>> V 0.00 0.00
19.677	S 1191086 -8.09 -10.11 0.00 0.00 OFF
19.696	>>> V 0.00 0.00
19.696	S 1191106 -8.09 -10.02 0.00 0.00 OFF
19.717	>>> V 0.00 0.00
19.717	S 1191126 -8.09 -10.02 0.00 0.00 OFF
19.737	>>> V 0.00 0.00
19.737	S 1191146 -8.09 -10.11 0.00 0.00 OFF
19.757	>>> V 0.00 0.00
19.757	S 1191166 -8.09 -10.02 0.00 0.00 OFF
19.777	>>> V 0.00 0.00
19.777	S 1191186 -8.09 -10.02 0.00 0.00 OFF
19.796	>>> V 0.00 0.00
19.797	S 1191206 -8.09 -10.02 0.00 0.00 OFF
19.817	>>> V 0.00 0.00
19.817	S 1191226 -8.09 -10.11 0.00 0.00 OFF
19.837	>>> V 0.00 0.00
19.837	S 1191246 -8.09 -10.02 0.00 0.00 OFF
19.856	>>> V 0.00 0.00
19.856	S 1191266 -8.09 -10.02 0.00 0.00 OFF
19.876	>>> V 0.00 0.00
19.877	S 1191286 -8.09 -10.02 0.00 0.00 OFF
19.896	>>> V 0.00 0.00
19.897	S 1191306 -8.09 -10.02 0.00 0.00 OFF
19.916	>>> V 0.00 0.00
19.917	S 1191326 -8.09 -10.02 0.00 0.00 OFF
19.936	>>> V 0.00 0.00
19.937	S 1191346 -8.09 -10.02 0.00 0.00 OFF
19.957	>>> V 0.00 0.00
19.957	S 1191366 -8.09 -10.11 0.00 0.00 OFF
19.976	>>> V 0.00 0.00
19.976	S 1191386 -8.09 -10.11 0.00 0.00 OFF
19.996	>>> V 0.00 0.00
19.996	S 1191406 -8.09 -10.02 0.00 0.00 OFF
20.016	>>> V 0.00 0.00
20.017	S 1191426 -8.09 -10.02 0.00 0.00 OFF
20.036	>>> V 0.00 0.00
20.036	S 1191446 -8.09 -10.11 0.00 0.00 OFF
20.056	>>> V 0.00 0.00
20.056	S 1191466 -8.09 -10.02 0.00 0.00 OFF
20.076	>>> V 0.00 0.00
20.076	S 1191486 -8.09 -10.02 0.00 0.00 OFF
20.096	>>> V 0.00 0.00
20.096	S 1191506 -8.09 -10.02 0.00 0.00 OFF
20.116	>>> V 0.00 0.00
20.117	S 1191526 -8.09 -10.02 0.00 0.00 OFF
20.136	>>> V 0.00 0.00
20.137	S 1191546 -8.09 -10.02 0.00 0.00 OFF
20.156	>>> V 0.00 0.00
20.156	S 1191566 -8.09 -10.02 0.00 0.00 OFF
20.177	>>> V 0.00 0.00
20.177	S 1191586 -8.09 -10.02 0.00 0.00 OFF
20.197	>>> V 0.00 0.00
20.197	S 1191606 -8.09 -10.11 0.00 0.00 OFF
20.217	>>> V 0.00 0.00
20.217	S 1191626 -8.09 -10.02 0.00 0.00 OFF
20.236	>>> V 0.00 0.00
20.237	S 1191646 -8.09 -10.02 0.00 0.00 OFF
20.256	>>> V 0.00 0.00
20.257	S 1191666 -8.09 -10.11 0.00 0.00 OFF
20.277	>>> V 0.00 0.00
20.277	S 1191686 -8.09 -10.02 0.00 0.00 OFF
20.297	>>> V 0.00 0.00
20.297	S 1191706 -8.09 -10.02 0.00 0.00 OFF
20.316	>>> V 0.00 0.00
20.317	S 1191726 -8.09 -10.02 0.00 0.00 OFF
20.336	>>> V 0.00 0.00
20.337	S 1191746 -8.09 -10.02 0.00 0.00 OFF
20.357	>>> V 0.00 0.00
20.357	S 1191766 -8.09 -10.02 0.00 0.00 OFF
20.377	>>> V 0.00 0.00
20.377	S 1191786 -8.09 -10.02 0.00 0.00 OFF
20.397	>>> V 0.00 0.00
20.397	S 1191806 -8.09 -10.11 0.00 0.00 OFF
20.416	>>> V 0.00 0.00
20.417	S 1191826 -8.09 -10.11 0.00 0.00 OFF
20.437	>>> V 0.00 0.00
20.437	S 1191846 -8.09 -10.11 0.00 0.00 OFF
20.456	>>> V 0.00 0.00
20.457	S 1191866 -8.09 -10.02 0.00 0.00 OFF
20.477	>>> V 0.00 0.00
20.477	S 1191886 -8.09 -10.02 0.00 0.00 OFF
20.496	>>> V 0.00 0.00
20.496	S 1191906 -8.09 -10.02 0.00 0.00 OFF
20.516	>>> V 0.00 0.00
20.516	S 1191926 -8.09 -10.02 0.00 0.00 OFF
20.536	>>> V 0.00 0.00
20.537	S 1191946 -8.09 -10.02 0.00 0.00 OFF
20.556	>>> V 0.00 0.00
20.556	S 1191966 -8.09 -10.02 0.00 0.00 OFF
20.576	>>> V 0.00 0.00
20.577	S 1191986 -8.09 -10.11 0.00 0.00 OFF
20.597	>>> V 0.00 0.00
20.597	S 1192006 -8.09 -10.02 0.00 0.00 OFF
20.617	>>> V 0.00 0.00
20.617	S 1192026 -8.09 -10.11 0.00 0.00 OFF
20.636	>>> V 0.00 0.00
20.636	S 1192046 -8.09 -10.02 0.00 0.00 OFF
20.656	>>> V 0.00 0.00
20.657	S 1192066 -8.09 -10.02 0.00 0.00 OFF
20.676	>>> V 0.00 0.00
20.676	S 1192086 -8.09 -10.11 0.00 0.00 OFF
20.697	>>> V 0.00 0.00
20.697	S 1192106 -8.09 -10.02 0.00 0.00 OFF
20.717	>>> V 0.00 0.00
20.717	S 1192126 -8.09 -10.02 0.00 0.00 OFF
20.736	>>> V 0.00 0.00
20.737	S 1192146 -8.09 -10.11 0.00 0.00 OFF
20.756	>>> V 0.00 0.00
20.756	S 1192166 -8.09 -10.02 0.00 0.00 OFF
20.777	>>> V 0.00 0.00
20.777	S 1192186 -8.09 -10.02 0.00 0.00 OFF
20.797	>>> V 0.00 0.00
20.797	S 1192206 -8.09 -10.02 0.00 0.00 OFF
20.817	>>> V 0.00 0.00
20.817	S 1192226 -8.09 -10.02 0.00 0.00 OFF
20.836	>>> V 0.00 0.00
20.837	S 1192246 -8.09 -10.02 0.00 0.00 OFF
20.856	>>> V 0.00 0.00
20.859	S 1192266 -8.09 -10.11 0.00 0.00 OFF
20.876	>>> V 0.00 0.00
20.876	S 1192286 -8.09 -10.02 0.00 0.00 OFF
20.897	>>> V 0.00 0.00
20.897	S 1192307 -8.09 -10.02 0.00 0.00 OFF
20.916	>>> V 0.00 0.00
20.917	S 1192327 -8.09 -10.11 0.00 0.00 OFF
20.936	>>> V 0.00 0.00
20.937	S 1192347 -8.09 -10.02 0.00 0.00 OFF
20.957	>>> V 0.00 0.00
20.957	S 1192367 -8.09 -10.02 0.00 0.00 OFF
20.976	>>> V 0.00 0.00
20.977	S 1192387 -8.09 -10.11 0.00 0.00 OFF
20.997	>>> V 0.00 0.00
20.997	S 1192407 -8.09 -10.02 0.00 0.00 OFF
21.017	>>> V 0.00 0.00
21.017	S 1192427 -8.09 -10.11 0.00 0.00 OFF
21.036	>>> V 0.00 0.00
21.036	S 1192447 -8.09 -10.02 0.00 0.00 OFF
21.057	>>> V 0.00 0.00
21.057	S 1192467 -8.09 -10.11 0.00 0.00 OFF
21.077	>>> V 0.00 0.00
21.077	S 1192487 -8.09 -10.02 0.00 0.00 OFF
21.096	>>> V 0.00 0.00
21.096	S 1192507 -8.09 -10.02 0.00 0.00 OFF
21.117	>>> V 0.00 0.00
21.117	S 1192527 -8.09 -10.11 0.00 0.00 OFF
21.137	>>> V 0.00 0.00
21.137	S 1192547 -8.09 -10.02 0.00 0.00 OFF
21.156	>>> V 0.00 0.00
21.156	S 1192567 -8.09 -10.02 0.00 0.00 OFF
21.176	>>> V 0.00 0.00
21.177	S 1192587 -8.09 -10.02 0.00 0.00 OFF
21.197	>>> V 0.00 0.00
21.197	S 1192607 -8.09 -10.02 0.00 0.00 OFF
21.217	>>> V 0.00 0.00
21.217	S 1192627 -8.09 -10.11 0.00 0.00 OFF
21.237	>>> V 0.00 0.00
21.237	S 1192647 -8.09 -10.02 0.00 0.00 OFF
21.257	>>> V 0.00 0.00
21.257	S 1192667 -8.09 -10.02 0.00 0.00 OFF
21.276	>>> V 0.00 0.00
21.276	S 1192687 -8.09 -10.02 0.00 0.00 OFF
21.297	>>> V 0.00 0.00
21.297	S 1192707 -8.09 -10.02 0.00 0.00 OFF
21.317	>>> V 0.00 0.00
21.317	S 1192727 -8.09 -10.11 0.00 0.00 OFF
21.336	>>> V 0.00 0.00
21.336	S 1192747 -8.09 -10.11 0.00 0.00 OFF
21.357	>>> V 0.00 0.00
21.357	S 1192767 -8.09 -10.02 0.00 0.00 OFF
21.376	>>> V 0.00 0.00
21.377	S 1192787 -8.09 -10.02 0.00 0.00 OFF
21.397	>>> V 0.00 0.00
21.397	S 1192807 -8.09 -10.02 0.00 0.00 OFF
21.417	>>> V 0.00 0.00
21.417	S 1192827 -8.09 -10.02 0.00 0.00 OFF
21.437	>>> V 0.00 0.00
21.437	S 1192847 -8.09 -10.02 0.00 0.00 OFF
21.457	>>> V 0.00 0.00
21.457	S 1192867 -8.09 -10.02 0.00 0.00 OFF
21.476	>>> V 0.00 0.00
21.477	S 1192887 -8.09 -10.02 0.00 0.00 OFF
21.496	>>> V 0.00 0.00
21.496	S 1192907 -8.09 -10.11 0.00 0.00 OFF
21.517	>>> V 0.00 0.00
21.517	S 1192927 -8.09 -10.02 0.00 0.00 OFF
21.537	>>> V 0.00 0.00
21.537	S 1192947 -8.09 -10.02 0.00 0.00 OFF
21.556	>>> V 0.00 0.00
21.556	S 1192967 -8.09 -10.02 0.00 0.00 OFF
21.576	>>> V 0.00 0.00
21.576	S 1192987 -8.09 -10.11 0.00 0.00 OFF
21.596	>>> V 0.00 0.00
21.596	S 1193007 -8.09 -10.02 0.00 0.00 OFF
21.616	>>> V 0.00 0.00
21.616	S 1193027 -8.09 -10.11 0.00 0.00 OFF
21.637	>>> V 0.00 0.00
21.637	S 1193047 -8.09 -10.02 0.00 0.00 OFF
21.657	>>> V 0.00 0.00
21.657	S 1193067 -8.09 -10.02 0.00 0.00 OFF
21.676	>>> V 0.00 0.00
21.676	S 1193087 -8.09 -10.02 0.00 0.00 OFF
21.696	>>> V 0.00 0.00
21.696	S 1193107 -8.09 -10.11 0.00 0.00 OFF
21.716	>>> V 0.00 0.00
21.717	S 1193127 -8.09 -10.02 0.00 0.00 OFF
21.737	>>> V 0.00 0.00
21.737	S 1193147 -8.09 -10.11 0.00 0.00 OFF
21.756	>>> V 0.00 0.00
21.756	S 1193167 -8.09 -10.02 0.00 0.00 OFF
21.777	>>> V 0.00 0.00
21.777	S 1193187 -8.09 -10.02 0.00 0.00 OFF
21.797	>>> V 0.00 0.00
21.797	S 1193207 -8.09 -10.02 0.00 0.00 OFF
21.816	>>> V 0.00 0.00
21.817	S 1193227 -8.09 -10.02 0.00 0.00 OFF
21.836	>>> V 0.00 0.00
21.837	S 1193247 -8.09 -10.02 0.00 0.00 OFF
21.856	>>> V 0.00 0.00
21.856	S 1193267 -8.09 -10.02 0.00 0.00 OFF
21.877	>>> V 0.00 0.00
21.877	S 1193287 -8.09 -10.02 0.00 0.00 OFF
21.897	>>> V 0.00 0.00
21.897	S 1193307 -8.09 -10.02 0.00 0.00 OFF
21.916	>>> V 0.00 0.00
21.916	S 1193327 -8.09 -10.02 0.00 0.00 OFF
21.936	>>> V 0.00 0.00
21.936	S 1193347 -8.09 -10.02 0.00 0.00 OFF
21.956	>>> V 0.00 0.00
21.956	S 1193367 -8.09 -10.02 0.00 0.00 OFF
21.976	>>> V 0.00 0.00
21.977	S 1193387 -8.09 -10.02 0.00 0.00 OFF
21.996	>>> V 0.00 0.00
21.996	S 1193407 -8.09 -10.02 0.00 0.00 OFF
22.016	>>> V 0.00 0.00
22.016	S 1193427 -8.09 -10.02 0.00 0.00 OFF
22.036	>>> V 0.00 0.00
22.036	S 1193447 -8.09 -10.02 0.00 0.00 OFF
22.057	>>> V 0.00 0.00
22.057	S 1193467 -8.09 -10.02 0.00 0.00 OFF
22.076	>>> V 0.00 0.00
22.076	S 1193487 -8.09 -10.02 0.00 0.00 OFF
22.096	>>> V 0.00 0.00
22.097	S 1193507 -8.09 -10.02 0.00 0.00 OFF
22.116	>>> V 0.00 0.00
22.116	S 1193527 -8.09 -10.11 0.00 0.00 OFF
22.137	>>> V 0.00 0.00
22.137	S 1193547 -8.09 -10.02 0.00 0.00 OFF
22.156	>>> V 0.00 0.00
22.157	S 1193567 -8.09 -10.02 0.00 0.00 OFF
22.176	>>> V 0.00 0.00
22.176	S 1193587 -8.09 -10.02 0.00 0.00 OFF
22.196	>>> V 0.00 0.00
22.197	S 1193607 -8.09 -10.02 0.00 0.00 OFF
22.216	>>> V 0.00 0.00
22.216	S 1193627 -8.09 -10.11 0.00 0.00 OFF
22.236	>>> V 0.00 0.00
22.236	S 1193647 -8.17 -10.11 0.00 0.00 OFF
22.257	>>> V 0.00 0.00
22.257	S 1193667 -8.09 -10.02 0.00 0.00 OFF
22.277	>>> V 0.00 0.00
22.277	S 1193687 -8.09 -10.02 0.00 0.00 OFF
22.296	>>> V 0.00 0.00
22.296	S 1193707 -8.09 -10.11 0.00 0.00 OFF
22.316	>>> V 0.00 0.00
22.317	S 1193727 -8.09 -10.02 0.00 0.00 OFF
22.336	>>> V 0.00 0.00
22.336	S 1193747 -8.09 -10.02 0.00 0.00 OFF
22.356	>>> V 0.00 0.00
22.357	S 1193767 -8.09 -10.11 0.00 0.00 OFF
22.376	>>> V 0.00 0.00
22.376	S 1193787 -8.09 -10.02 0.00 0.00 OFF
22.397	>>> V 0.00 0.00
22.397	S 1193807 -8.09 -10.02 0.00 0.00 OFF
22.416	>>> V 0.00 0.00
22.416	S 1193827 -8.09 -10.02 0.00 0.00 OFF
22.436	>>> V 0.00 0.00
22.437	S 1193847 -8.09 -10.02 0.00 0.00 OFF
22.457	>>> V 0.00 0.00
22.457	S 1193867 -8.09 -10.02 0.00 0.00 OFF
22.476	>>> V 0.00 0.00
22.476	S 1193887 -8.09 -10.02 0.00 0.00 OFF
22.496	>>> V 0.00 0.00
22.497	S 1193907 -8.09 -10.02 0.00 0.00 OFF
22.516	>>> V 0.00 0.00
22.516	S 1193927 -8.09 -10.02 0.00 0.00 OFF
22.537	>>> V 0.00 0.00
22.537	S 1193947 -8.09 -10.02 0.00 0.00 OFF
22.557	>>> V 0.00 0.00
22.557	S 1193967 -8.09 -10.02 0.00 0.00 OFF
22.576	>>> V 0.00 0.00
22.576	S 1193987 -8.09 -10.11 0.00 0.00 OFF
22.597	>>> V 0.00 0.00
22.597	S 1194007 -8.09 -10.11 0.00 0.00 OFF
22.617	>>> V 0.00 0.00
22.617	S 1194027 -8.09 -10.11 0.00 0.00 OFF
22.637	>>> V 0.00 0.00
22.637	S 1194047 -8.09 -10.02 0.00 0.00 OFF
22.657	>>> V 0.00 0.00
22.657	S 1194067 -8.09 -10.11 0.00 0.00 OFF
22.676	>>> V 0.00 0.00
22.676	S 1194087 -8.09 -10.11 0.00 0.00 OFF
22.697	>>> V 0.00 0.00
22.697	S 1194107 -8.09 -10.11 0.00 0.00 OFF
22.717	>>> V 0.00 0.00
22.717	S 1194127 -8.09 -10.02 0.00 0.00 OFF
22.736	>>> V 0.00 0.00
22.736	S 1194147 -8.09 -10.02 0.00 0.00 OFF
22.756	>>> V 0.00 0.00
22.756	S 1194167 -8.09 -10.02 0.00 0.00 OFF
22.776	>>> V 0.00 0.00
22.777	S 1194187 -8.09 -10.11 0.00 0.00 OFF
22.796	>>> V 0.00 0.00
22.797	S 1194207 -8.09 -10.11 0.00 0.00 OFF
22.816	>>> V 0.00 0.00
22.817	S 1194227 -8.09 -10.11 0.00 0.00 OFF
22.836	>>> V 0.00 0.00
22.836	S 1194247 -8.09 -10.02 0.00 0.00 OFF
22.857	>>> V 0.00 0.00
22.857	S 1194267 -8.09 -10.02 0.00 0.00 OFF
22.876	>>> V 0.00 0.00
22.877	S 1194287 -8.09 -10.02 0.00 0.00 OFF
22.896	>>> V 0.00 0.00
22.896	S 1194307 -8.09 -10.02 0.00 0.00 OFF
22.916	>>> V 0.00 0.00
22.916	S 1194327 -8.09 -10.02 0.00 0.00 OFF
22.936	>>> V 0.00 0.00
22.937	S 1194347 -8.09 -10.02 0.00 0.00 OFF
22.956	>>> V 0.00 0.00
22.956	S 1194367 -8.09 -10.02 0.00 0.00 OFF
22.977	>>> V 0.00 0.00
22.977	S 1194387 -8.09 -10.02 0.00 0.00 OFF
22.997	>>> V 0.00 0.00
22.997	S 1194407 -8.09 -10.02 0.00 0.00 OFF
23.017	>>> V 0.00 0.00
23.017	S 1194427 -8.09 -10.02 0.00 0.00 OFF
23.036	>>> V 0.00 0.00
23.037	S 1194447 -8.09 -10.11 0.00 0.00 OFF
23.057	>>> V 0.00 0.00
23.057	S 1194467 -8.09 -10.02 0.00 0.00 OFF
23.077	>>> V 0.00 0.00
23.077	S 1194487 -8.09 -10.11 0.00 0.00 OFF
23.096	>>> V 0.00 0.00
23.097	S 1194507 -8.09 -10.02 0.00 0.00 OFF
23.117	>>> V 0.00 0.00
23.117	S 1194527 -8.09 -10.11 0.00 0.00 OFF
23.136	>>> V 0.00 0.00
23.137	S 1194547 -8.09 -10.02 0.00 0.00 OFF
23.157	>>> V 0.00 0.00
23.157	S 1194567 -8.09 -10.02 0.00 0.00 OFF
23.177	>>> V 0.00 0.00
23.177	S 1194587 -8.09 -10.02 0.00 0.00 OFF
23.197	>>> V 0.00 0.00
23.197	S 1194607 -8.09 -10.02 0.00 0.00 OFF
23.217	>>> V 0.00 0.00
23.217	S 1194627 -8.09 -10.02 0.00 0.00 OFF
23.237	>>> V 0.00 0.00
23.237	S 1194647 -8.09 -10.02 0.00 0.00 OFF
23.256	>>> V 0.00 0.00
23.256	S 1194667 -8.09 -10.02 0.00 0.00 OFF
23.277	>>> V 0.00 0.00
23.277	S 1194687 -8.09 -10.11 0.00 0.00 OFF
23.297	>>> V 0.00 0.00
23.297	S 1194707 -8.09 -10.02 0.00 0.00 OFF
23.317	>>> V 0.00 0.00
23.317	S 1194727 -8.09 -10.11 0.00 0.00 OFF
23.336	>>> V 0.00 0.00
23.337	S 1194747 -8.09 -10.11 0.00 0.00 OFF
23.357	>>> V 0.00 0.00
23.358	S 1194767 -8.09 -10.02 0.00 0.00 OFF
23.377	>>> V 0.00 0.00
23.377	S 1194787 -8.09 -10.11 0.00 0.00 OFF
23.397	>>> V 0.00 0.00
23.397	S 1194807 -8.09 -10.02 0.00 0.00 OFF
23.417	>>> V 0.00 0.00
23.417	S 1194827 -8.09 -10.02 0.00 0.00 OFF
23.437	>>> V 0.00 0.00
23.437	S 1194847 -8.09 -10.02 0.00 0.00 OFF
23.457	>>> V 0.00 0.00
23.457	S 1194867 -8.09 -10.11 0.00 0.00 OFF
23.477	>>> V 0.00 0.00
23.477	S 1194887 -8.09 -10.02 0.00 0.00 OFF
23.497	>>> V 0.00 0.00
23.497	S 1194907 -8.09 -10.02 0.00 0.00 OFF
23.517	>>> V 0.00 0.00
23.517	S 1194927 -8.09 -10.02 0.00 0.00 OFF
23.536	>>> V 0.00 0.00
23.536	S 1194947 -8.09 -10.02 0.00 0.00 OFF
23.556	>>> V 0.00 0.00
23.556	S 1194967 -8.09 -10.02 0.00 0.00 OFF
23.576	>>> V 0.00 0.00
23.576	S 1194987 -8.09 -10.11 0.00 0.00 OFF
23.596	>>> V 0.00 0.00
23.596	S 1195007 -8.09 -10.02 0.00 0.00 OFF
23.617	>>> V 0.00 0.00
23.617	S 1195027 -8.09 -10.02 0.00 0.00 OFF
23.637	>>> V 0.00 0.00
23.637	S 1195047 -8.09 -10.02 0.00 0.00 OFF
23.656	>>> V 0.00 0.00
23.656	S 1195067 -8.09 -10.02 0.00 0.00 OFF
23.676	>>> V 0.00 0.00
23.676	S 1195087 -8.09 -10.02 0.00 0.00 OFF
23.696	>>> V 0.00 0.00
23.696	S 1195107 -8.09 -10.02 0.00 0.00 OFF
23.717	>>> V 0.00 0.00
23.717	S 1195127 -8.09 -10.02 0.00 0.00 OFF
23.736	>>> V 0.00 0.00
23.737	S 1195147 -8.09 -10.11 0.00 0.00 OFF
23.756	>>> V 0.00 0.00
23.757	S 1195167 -8.09 -10.02 0.00 0.00 OFF
23.777	>>> V 0.00 0.00
23.777	S 1195187 -8.09 -10.02 0.00 0.00 OFF
23.797	>>> V 0.00 0.00
23.797	S 1195207 -8.09 -10.02 0.00 0.00 OFF
23.816	>>> V 0.00 0.00
23.817	S 1195227 -8.09 -10.02 0.00 0.00 OFF
23.837	>>> V 0.00 0.00
23.837	S 1195247 -8.09 -10.02 0.00 0.00 OFF
23.857	>>> V 0.00 0.00
23.857	S 1195267 -8.09 -10.02 0.00 0.00 OFF
23.876	>>> V 0.00 0.00
23.877	S 1195287 -8.09 -10.02 0.00 0.00 OFF
23.897	>>> V 0.00 0.00
23.897	S 1195307 -8.09 -10.02 0.00 0.00 OFF
23.916	>>> V 0.00 0.00
23.917	S 1195327 -8.09 -10.02 0.00 0.00 OFF
23.936	>>> V 0.00 0.00
23.936	S 1195347 -8.09 -10.02 0.00 0.00 OFF
23.957	>>> V 0.00 0.00
23.957	S 1195367 -8.09 -10.02 0.00 0.00 OFF
23.976	>>> V 0.00 0.00
23.977	S 1195387 -8.09 -10.02 0.00 0.00 OFF
23.997	>>> V 0.00 0.00
23.997	S 1195407 -8.09 -10.02 0.00 0.00 OFF
24.017	>>> V 0.00 0.00
24.017	S 1195427 -8.09 -10.02 0.00 0.00 OFF
24.036	>>> V 0.00 0.00
24.036	S 1195447 -8.09 -10.11 0.00 0.00 OFF
24.056	>>> V 0.00 0.00
24.056	S 1195467 -8.09 -10.02 0.00 0.00 OFF
24.077	>>> V 0.00 0.00
24.077	S 1195487 -8.09 -10.11 0.00 0.00 OFF
24.096	>>> V 0.00 0.00
24.096	S 1195507 -8.09 -10.02 0.00 0.00 OFF
24.116	>>> V 0.00 0.00
24.116	S 1195527 -8.09 -10.02 0.00 0.00 OFF
24.136	>>> V 0.00 0.00
24.137	S 1195547 -8.09 -10.02 0.00 0.00 OFF
24.156	>>> V 0.00 0.00
24.156	S 1195567 -8.09 -10.11 0.00 0.00 OFF
24.176	>>> V 0.00 0.00
24.176	S 1195587 -8.09 -10.02 0.00 0.00 OFF
24.196	>>> V 0.00 0.00
24.197	S 1195607 -8.09 -10.02 0.00 0.00 OFF
24.216	>>> V 0.00 0.00
24.216	S 1195627 -8.09 -10.02 0.00 0.00 OFF
24.236	>>> V 0.00 0.00
24.237	S 1195647 -8.09 -10.02 0.00 0.00 OFF
24.256	>>> V 0.00 0.00
24.257	S 1195667 -8.09 -10.02 0.00 0.00 OFF
24.276	>>> V 0.00 0.00
24.277	S 1195687 -8.09 -10.02 0.00 0.00 OFF
24.296	>>> V 0.00 0.00
24.297	S 1195707 -8.09 -10.02 0.00 0.00 OFF
24.317	>>> V 0.00 0.00
24.317	S 1195727 -8.09 -10.02 0.00 0.00 OFF
24.336	>>> V 0.00 0.00
24.336	S 1195747 -8.09 -10.02 0.00 0.00 OFF
24.356	>>> V 0.00 0.00
24.357	S 1195767 -8.09 -10.11 0.00 0.00 OFF
24.376	>>> V 0.00 0.00
24.376	S 1195787 -8.09 -10.11 0.00 0.00 OFF
24.396	>>> V 0.00 0.00
24.396	S 1195807 -8.09 -10.11 0.00 0.00 OFF
24.417	>>> V 0.00 0.00
24.417	S 1195827 -8.09 -10.11 0.00 0.00 OFF
24.437	>>> V 0.00 0.00
24.437	S 1195847 -8.09 -10.11 0.00 0.00 OFF
24.456	>>> V 0.00 0.00
24.456	S 1195867 -8.09 -10.02 0.00 0.00 OFF
24.476	>>> V 0.00 0.00
24.476	S 1195887 -8.09 -10.02 0.00 0.00 OFF
24.496	>>> V 0.00 0.00
24.496	S 1195907 -8.09 -10.11 0.00 0.00 OFF
24.517	>>> V 0.00 0.00
24.517	S 1195927 -8.09 -10.02 0.00 0.00 OFF
24.537	>>> V 0.00 0.00
24.537	S 1195947 -8.09 -10.02 0.00 0.00 OFF
24.556	>>> V 0.00 0.00
24.556	S 1195967 -8.09 -10.02 0.00 0.00 OFF
24.576	>>> V 0.00 0.00
24.577	S 1195987 -8.09 -10.02 0.00 0.00 OFF
24.596	>>> V 0.00 0.00
24.597	S 1196007 -8.09 -10.02 0.00 0.00 OFF
24.616	>>> V 0.00 0.00
24.616	S 1196027 -8.09 -10.02 0.00 0.00 OFF
24.636	>>> V 0.00 0.00
24.637	S 1196047 -8.09 -10.02 0.00 0.00 OFF
24.656	>>> V 0.00 0.00
24.657	S 1196067 -8.09 -10.11 0.00 0.00 OFF
24.676	>>> V 0.00 0.00
24.677	S 1196087 -8.09 -10.02 0.00 0.00 OFF
24.696	>>> V 0.00 0.00
24.696	S 1196107 -8.09 -10.11 0.00 0.00 OFF
24.717	>>> V 0.00 0.00
24.717	S 1196127 -8.09 -10.02 0.00 0.00 OFF
24.737	>>> V 0.00 0.00
24.737	S 1196147 -8.09 -10.02 0.00 0.00 OFF
24.757	>>> V 0.00 0.00
24.757	S 1196167 -8.09 -10.02 0.00 0.00 OFF
24.776	>>> V 0.00 0.00
24.776	S 1196187 -8.09 -10.02 0.00 0.00 OFF
24.797	>>> V 0.00 0.00
24.797	S 1196207 -8.09 -10.11 0.00 0.00 OFF
24.816	>>> V 0.00 0.00
24.817	S 1196227 -8.09 -10.11 0.00 0.00 OFF
24.837	>>> V 0.00 0.00
24.837	S 1196247 -8.09 -10.02 0.00 0.00 OFF
24.856	>>> V 0.00 0.00
24.857	S 1196267 -8.09 -10.02 0.00 0.00 OFF
24.876	>>> V 0.00 0.00
24.876	S 1196287 -8.09 -10.02 0.00 0.00 OFF
24.896	>>> V 0.00 0.00
24.897	S 1196307 -8.09 -10.11 0.00 0.00 OFF
24.916	>>> V 0.00 0.00
24.917	S 1196327 -8.09 -10.02 0.00 0.00 OFF
24.937	>>> V 0.00 0.00
24.937	S 1196347 -8.09 -10.11 0.00 0.00 OFF
24.956	>>> V 0.00 0.00
24.956	S 1196367 -8.09 -10.11 0.00 0.00 OFF
24.976	>>> V 0.00 0.00
24.977	S 1196387 -8.09 -10.02 0.00 0.00 OFF
24.997	>>> V 0.00 0.00
24.997	S 1196407 -8.09 -10.02 0.00 0.00 OFF
25.017	>>> V 0.00 0.00
25.017	S 1196427 -8.09 -10.02 0.00 0.00 OFF
25.037	>>> V 0.00 0.00
25.037	S 1196447 -8.09 -10.02 0.00 0.00 OFF
25.057	>>> V 0.00 0.00
25.057	S 1196467 -8.09 -10.02 0.00 0.00 OFF
25.077	>>> V 0.00 0.00
25.077	S 1196487 -8.09 -10.11 0.00 0.00 OFF
25.096	>>> V 0.00 0.00
25.096	S 1196507 -8.09 -10.02 0.00 0.00 OFF
25.117	>>> V 0.00 0.00
25.117	S 1196527 -8.09 -10.02 0.00 0.00 OFF
25.137	>>> V 0.00 0.00
25.137	S 1196547 -8.09 -10.02 0.00 0.00 OFF
25.156	>>> V 0.00 0.00
25.157	S 1196567 -8.09 -10.02 0.00 0.00 OFF
25.176	>>> V 0.00 0.00
25.177	S 1196587 -8.09 -10.02 0.00 0.00 OFF
25.197	>>> V 0.00 0.00
25.197	S 1196607 -8.09 -10.02 0.00 0.00 OFF
25.216	>>> V 0.00 0.00
25.217	S 1196627 -8.09 -10.02 0.00 0.00 OFF
25.236	>>> V 0.00 0.00
25.237	S 1196647 -8.09 -10.02 0.00 0.00 OFF
25.258	>>> V 0.00 0.00
25.259	S 1196667 -8.09 -10.02 0.00 0.00 OFF
25.277	>>> V 0.00 0.00
25.277	S 1196687 -8.09 -10.11 0.00 0.00 OFF
25.296	>>> V 0.00 0.00
25.297	S 1196707 -8.09 -10.11 0.00 0.00 OFF
25.316	>>> V 0.00 0.00
25.317	S 1196727 -8.09 -10.02 0.00 0.00 OFF
25.336	>>> V 0.00 0.00
25.337	S 1196747 -8.09 -10.11 0.00 0.00 OFF
25.357	>>> V 0.00 0.00
25.357	S 1196767 -8.09 -10.02 0.00 0.00 OFF
25.376	>>> V 0.00 0.00
25.377	S 1196787 -8.09 -10.02 0.00 0.00 OFF
25.396	>>> V 0.00 0.00
25.397	S 1196807 -8.09 -10.02 0.00 0.00 OFF
25.416	>>> V 0.00 0.00
25.416	S 1196827 -8.09 -10.11 0.00 0.00 OFF
25.436	>>> V 0.00 0.00
25.436	S 1196847 -8.09 -10.02 0.00 0.00 OFF
25.456	>>> V 0.00 0.00
25.456	S 1196867 -8.09 -10.02 0.00 0.00 OFF
25.476	>>> V 0.00 0.00
25.477	S 1196887 -8.09 -10.02 0.00 0.00 OFF
25.496	>>> V 0.00 0.00
25.496	S 1196907 -8.09 -10.02 0.00 0.00 OFF
25.517	>>> V 0.00 0.00
25.517	S 1196927 -8.09 -10.02 0.00 0.00 OFF
25.537	>>> V 0.00 0.00
25.537	S 1196947 -8.09 -10.02 0.00 0.00 OFF
25.557	>>> V 0.00 0.00
25.557	S 1196967 -8.09 -10.02 0.00 0.00 OFF
25.577	>>> V 0.00 0.00
25.577	S 1196987 -8.09 -10.11 0.00 0.00 OFF
25.596	>>> V 0.00 0.00
25.597	S 1197007 -8.09 -10.11 0.00 0.00 OFF
25.617	>>> V 0.00 0.00
25.617	S 1197027 -8.09 -10.02 0.00 0.00 OFF
25.636	>>> V 0.00 0.00
25.637	S 1197047 -8.09 -10.02 0.00 0.00 OFF
25.656	>>> V 0.00 0.00
25.657	S 1197067 -8.09 -10.02 0.00 0.00 OFF
25.676	>>> V 0.00 0.00
25.677	S 1197087 -8.09 -10.02 0.00 0.00 OFF
25.697	>>> V 0.00 0.00
25.697	S 1197107 -8.09 -10.02 0.00 0.00 OFF
25.717	>>> V 0.00 0.00
25.717	S 1197127 -8.09 -10.11 0.00 0.00 OFF
25.737	>>> V 0.00 0.00
25.737	S 1197147 -8.09 -10.11 0.00 0.00 OFF
25.756	>>> V 0.00 0.00
25.757	S 1197167 -8.09 -10.02 0.00 0.00 OFF
25.776	>>> V 0.00 0.00
25.777	S 1197187 -8.09 -10.02 0.00 0.00 OFF
25.796	>>> V 0.00 0.00
25.798	S 1197207 -8.09 -10.11 0.00 0.00 OFF
25.817	>>> V 0.00 0.00
25.817	S 1197227 -8.09 -10.11 0.00 0.00 OFF
25.837	>>> V 0.00 0.00
25.837	S 1197247 -8.09 -10.11 0.00 0.00 OFF
25.856	>>> V 0.00 0.00
25.856	S 1197267 -8.09 -10.02 0.00 0.00 OFF
25.876	>>> V 0.00 0.00
25.877	S 1197287 -8.09 -10.11 0.00 0.00 OFF
25.896	>>> V 0.00 0.00
25.896	S 1197307 -8.09 -10.02 0.00 0.00 OFF
25.916	>>> V 0.00 0.00
25.917	S 1197327 -8.09 -10.02 0.00 0.00 OFF
25.937	>>> V 0.00 0.00
25.937	S 1197347 -8.09 -10.02 0.00 0.00 OFF
25.957	>>> V 0.00 0.00
25.957	S 1197367 -8.09 -10.02 0.00 0.00 OFF
25.977	>>> V 0.00 0.00
25.978	S 1197387 -8.09 -10.02 0.00 0.00 OFF
25.996	>>> V 0.00 0.00
25.997	S 1197407 -8.09 -10.11 0.00 0.00 OFF
26.017	>>> V 0.00 0.00
26.017	S 1197427 -8.09 -10.02 0.00 0.00 OFF
26.036	>>> V 0.00 0.00
26.036	S 1197447 -8.09 -10.11 0.00 0.00 OFF
26.057	>>> V 0.00 0.00
26.057	S 1197467 -8.09 -10.02 0.00 0.00 OFF
26.076	>>> V 0.00 0.00
26.077	S 1197487 -8.09 -10.02 0.00 0.00 OFF
26.096	>>> V 0.00 0.00
26.096	S 1197507 -8.09 -10.02 0.00 0.00 OFF
26.117	>>> V 0.00 0.00
26.117	S 1197527 -8.09 -10.02 0.00 0.00 OFF
26.137	>>> V 0.00 0.00
26.137	S 1197547 -8.09 -10.11 0.00 0.00 OFF
26.156	>>> V 0.00 0.00
26.156	S 1197567 -8.09 -10.02 0.00 0.00 OFF
26.176	>>> V 0.00 0.00
26.176	S 1197587 -8.09 -10.11 0.00 0.00 OFF
26.196	>>> V 0.00 0.00
26.197	S 1197607 -8.09 -10.02 0.00 0.00 OFF
26.217	>>> V 0.00 0.00
26.218	S 1197627 -8.09 -10.11 0.00 0.00 OFF
26.236	>>> V 0.00 0.00
26.236	S 1197647 -8.09 -10.02 0.00 0.00 OFF
26.256	>>> V 0.00 0.00
26.256	S 1197667 -8.09 -10.02 0.00 0.00 OFF
26.277	>>> V 0.00 0.00
26.277	S 1197687 -8.09 -10.02 0.00 0.00 OFF
26.297	>>> V 0.00 0.00
26.297	S 1197707 -8.09 -10.11 0.00 0.00 OFF
26.316	>>> V 0.00 0.00
26.316	S 1197727 -8.09 -10.02 0.00 0.00 OFF
26.336	>>> V 0.00 0.00
26.336	S 1197747 -8.09 -10.02 0.00 0.00 OFF
26.356	>>> V 0.00 0.00
26.357	S 1197767 -8.09 -10.02 0.00 0.00 OFF
26.376	>>> V 0.00 0.00
26.376	S 1197787 -8.09 -10.02 0.00 0.00 OFF
26.396	>>> V 0.00 0.00
26.397	S 1197807 -8.09 -10.11 0.00 0.00 OFF
26.417	>>> V 0.00 0.00
26.417	S 1197827 -8.09 -10.11 0.00 0.00 OFF
26.437	>>> V 0.00 0.00
26.437	S 1197847 -8.09 -10.02 0.00 0.00 OFF
26.457	>>> V 0.00 0.00
26.457	S 1197867 -8.09 -10.02 0.00 0.00 OFF
26.476	>>> V 0.00 0.00
26.476	S 1197887 -8.09 -10.02 0.00 0.00 OFF
26.496	>>> V 0.00 0.00
26.497	S 1197907 -8.09 -10.02 0.00 0.00 OFF
26.516	>>> V 0.00 0.00
26.517	S 1197927 -8.09 -10.02 0.00 0.00 OFF
26.536	>>> V 0.00 0.00
26.536	S 1197947 -8.09 -10.02 0.00 0.00 OFF
26.556	>>> V 0.00 0.00
26.557	S 1197967 -8.09 -10.02 0.00 0.00 OFF
26.576	>>> V 0.00 0.00
26.576	S 1197987 -8.09 -10.02 0.00 0.00 OFF
26.597	>>> V 0.00 0.00
26.597	S 1198007 -8.09 -10.02 0.00 0.00 OFF
26.617	>>> V 0.00 0.00
26.617	S 1198027 -8.09 -10.02 0.00 0.00 OFF
26.637	>>> V 0.00 0.00
26.637	S 1198047 -8.09 -10.02 0.00 0.00 OFF
26.657	>>> V 0.00 0.00
26.657	S 1198067 -8.09 -10.11 0.00 0.00 OFF
26.676	>>> V 0.00 0.00
26.676	S 1198087 -8.09 -10.02 0.00 0.00 OFF
26.697	>>> V 0.00 0.00
26.697	S 1198107 -8.09 -10.02 0.00 0.00 OFF
26.717	>>> V 0.00 0.00
26.717	S 1198127 -8.09 -10.02 0.00 0.00 OFF
26.736	>>> V 0.00 0.00
26.736	S 1198147 -8.09 -10.02 0.00 0.00 OFF
26.756	>>> V 0.00 0.00
26.756	S 1198167 -8.09 -10.11 0.00 0.00 OFF
26.776	>>> V 0.00 0.00
26.776	S 1198187 -8.09 -10.11 0.00 0.00 OFF
26.797	>>> V 0.00 0.00
26.797	S 1198207 -8.09 -10.11 0.00 0.00 OFF
26.816	>>> V 0.00 0.00
26.817	S 1198227 -8.09 -10.11 0.00 0.00 OFF
26.836	>>> V 0.00 0.00
26.836	S 1198247 -8.09 -10.11 0.00 0.00 OFF
26.857	>>> V 0.00 0.00
26.857	S 1198267 -8.09 -10.11 0.00 0.00 OFF
26.876	>>> V 0.00 0.00
26.877	S 1198287 -8.09 -10.11 0.00 0.00 OFF
26.897	>>> V 0.00 0.00
26.897	S 1198307 -8.09 -10.02 0.00 0.00 OFF
26.916	>>> V 0.00 0.00
26.916	S 1198327 -8.09 -10.02 0.00 0.00 OFF
26.936	>>> V 0.00 0.00
26.937	S 1198347 -8.09 -10.02 0.00 0.00 OFF
26.956	>>> V 0.00 0.00
26.957	S 1198367 -8.09 -10.11 0.00 0.00 OFF
26.977	>>> V 0.00 0.00
26.977	S 1198387 -8.09 -10.02 0.00 0.00 OFF
26.997	>>> V 0.00 0.00
26.997	S 1198407 -8.09 -10.02 0.00 0.00 OFF
27.016	>>> V 0.00 0.00
27.016	S 1198427 -8.09 -10.02 0.00 0.00 OFF
27.036	>>> V 0.00 0.00
27.036	S 1198447 -8.09 -10.02 0.00 0.00 OFF
27.056	>>> V 0.00 0.00
27.057	S 1198467 -8.09 -10.02 0.00 0.00 OFF
27.077	>>> V 0.00 0.00
27.077	S 1198487 -8.09 -10.11 0.00 0.00 OFF
27.096	>>> V 0.00 0.00
27.096	S 1198507 -8.09 -10.02 0.00 0.00 OFF
27.116	>>> V 0.00 0.00
27.117	S 1198527 -8.09 -10.02 0.00 0.00 OFF
27.137	>>> V 0.00 0.00
27.137	S 1198547 -8.09 -10.02 0.00 0.00 OFF
27.157	>>> V 0.00 0.00
27.157	S 1198567 -8.09 -10.02 0.00 0.00 OFF
27.177	>>> V 0.00 0.00
27.177	S 1198587 -8.09 -10.02 0.00 0.00 OFF
27.197	>>> V 0.00 0.00
27.197	S 1198607 -8.09 -10.02 0.00 0.00 OFF
27.217	>>> V 0.00 0.00
27.217	S 1198627 -8.09 -10.02 0.00 0.00 OFF
27.236	>>> V 0.00 0.00
27.236	S 1198647 -8.09 -10.11 0.00 0.00 OFF
27.256	>>> V 0.00 0.00
27.257	S 1198667 -8.09 -10.11 0.00 0.00 OFF
27.276	>>> V 0.00 0.00
27.276	S 1198687 -8.09 -10.11 0.00 0.00 OFF
27.297	>>> V 0.00 0.00
27.297	S 1198707 -8.09 -10.02 0.00 0.00 OFF
27.317	>>> V 0.00 0.00
27.317	S 1198727 -8.09 -10.02 0.00 0.00 OFF
27.337	>>> V 0.00 0.00
27.337	S 1198747 -8.09 -10.11 0.00 0.00 OFF
27.357	>>> V 0.00 0.00
27.357	S 1198767 -8.09 -10.02 0.00 0.00 OFF
27.377	>>> V 0.00 0.00
27.377	S 1198787 -8.09 -10.02 0.00 0.00 OFF
27.396	>>> V 0.00 0.00
27.397	S 1198807 -8.09 -10.02 0.00 0.00 OFF
27.417	>>> V 0.00 0.00
27.417	S 1198827 -8.09 -10.02 0.00 0.00 OFF
27.437	>>> V 0.00 0.00
27.437	S 1198847 -8.09 -10.02 0.00 0.00 OFF
27.456	>>> V 0.00 0.00
27.456	S 1198867 -8.09 -10.02 0.00 0.00 OFF
27.477	>>> V 0.00 0.00
27.477	S 1198887 -8.09 -10.02 0.00 0.00 OFF
27.497	>>> V 0.00 0.00
27.497	S 1198907 -8.09 -10.02 0.00 0.00 OFF
27.517	>>> V 0.00 0.00
27.517	S 1198927 -8.09 -10.02 0.00 0.00 OFF
27.537	>>> V 0.00 0.00
27.537	S 1198947 -8.09 -10.02 0.00 0.00 OFF
27.557	>>> V 0.00 0.00
27.557	S 1198967 -8.09 -10.02 0.00 0.00 OFF
27.577	>>> V 0.00 0.00
27.577	S 1198987 -8.09 -10.02 0.00 0.00 OFF
27.597	>>> V 0.00 0.00
27.597	S 1199007 -8.09 -10.02 0.00 0.00 OFF
27.616	>>> V 0.00 0.00
27.616	S 1199027 -8.09 -10.11 0.00 0.00 OFF
27.636	>>> V 0.00 0.00
27.636	S 1199047 -8.09 -10.02 0.00 0.00 OFF
27.656	>>> V 0.00 0.00
27.656	S 1199067 -8.09 -10.02 0.00 0.00 OFF
27.677	>>> V 0.00 0.00
27.677	S 1199087 -8.09 -10.02 0.00 0.00 OFF
27.696	>>> V 0.00 0.00
27.697	S 1199107 -8.09 -10.02 0.00 0.00 OFF
27.716	>>> V 0.00 0.00
27.717	S 1199127 -8.09 -10.02 0.00 0.00 OFF
27.736	>>> V 0.00 0.00
27.736	S 1199147 -8.09 -10.02 0.00 0.00 OFF
27.756	>>> V 0.00 0.00
27.756	S 1199167 -8.09 -10.02 0.00 0.00 OFF
27.776	>>> V 0.00 0.00
27.777	S 1199187 -8.09 -10.11 0.00 0.00 OFF
27.796	>>> V 0.00 0.00
27.796	S 1199207 -8.09 -10.11 0.00 0.00 OFF
27.817	>>> V 0.00 0.00
27.817	S 1199227 -8.09 -10.02 0.00 0.00 OFF
27.837	>>> V 0.00 0.00
27.837	S 1199247 -8.09 -10.02 0.00 0.00 OFF
27.856	>>> V 0.00 0.00
27.856	S 1199267 -8.09 -10.02 0.00 0.00 OFF
27.877	>>> V 0.00 0.00
27.877	S 1199287 -8.09 -10.11 0.00 0.00 OFF
27.897	>>> V 0.00 0.00
27.897	S 1199307 -8.09 -10.02 0.00 0.00 OFF
27.916	>>> V 0.00 0.00
27.917	S 1199327 -8.09 -10.11 0.00 0.00 OFF
27.936	>>> V 0.00 0.00
27.937	S 1199347 -8.09 -10.02 0.00 0.00 OFF
27.957	>>> V 0.00 0.00
27.957	S 1199367 -8.09 -10.02 0.00 0.00 OFF
27.977	>>> V 0.00 0.00
27.977	S 1199387 -8.09 -10.02 0.00 0.00 OFF
27.997	>>> V 0.00 0.00
27.997	S 1199407 -8.09 -10.02 0.00 0.00 OFF
28.017	>>> V 0.00 0.00
28.017	S 1199427 -8.09 -10.02 0.00 0.00 OFF
28.036	>>> V 0.00 0.00
28.036	S 1199447 -8.09 -10.11 0.00 0.00 OFF
28.056	>>> V 0.00 0.00
28.057	S 1199467 -8.09 -10.02 0.00 0.00 OFF
28.077	>>> V 0.00 0.00
28.077	S 1199487 -8.09 -10.02 0.00 0.00 OFF
28.097	>>> V 0.00 0.00
28.097	S 1199507 -8.09 -10.02 0.00 0.00 OFF
28.117	>>> V 0.00 0.00
28.117	S 1199527 -8.09 -10.11 0.00 0.00 OFF
28.137	>>> V 0.00 0.00
28.137	S 1199547 -8.09 -10.11 0.00 0.00 OFF
28.157	>>> V 0.00 0.00
28.157	S 1199567 -8.09 -10.11 0.00 0.00 OFF
28.177	>>> V 0.00 0.00
28.177	S 1199587 -8.09 -10.11 0.00 0.00 OFF
28.196	>>> V 0.00 0.00
28.197	S 1199607 -8.09 -10.02 0.00 0.00 OFF
28.216	>>> V 0.00 0.00
28.216	S 1199627 -8.09 -10.02 0.00 0.00 OFF
28.236	>>> V 0.00 0.00
28.237	S 1199647 -8.09 -10.02 0.00 0.00 OFF
28.256	>>> V 0.00 0.00
28.256	S 1199667 -8.09 -10.02 0.00 0.00 OFF
28.276	>>> V 0.00 0.00
28.277	S 1199687 -8.09 -10.02 0.00 0.00 OFF
28.296	>>> V 0.00 0.00
28.296	S 1199707 -8.09 -10.02 0.00 0.00 OFF
28.316	>>> V 0.00 0.00
28.317	S 1199727 -8.09 -10.02 0.00 0.00 OFF
28.337	>>> V 0.00 0.00
28.337	S 1199747 -8.09 -10.02 0.00 0.00 OFF
28.357	>>> V 0.00 0.00
28.358	S 1199767 -8.09 -10.11 0.00 0.00 OFF
28.376	>>> V 0.00 0.00
28.377	S 1199787 -8.09 -10.11 0.00 0.00 OFF
28.397	>>> V 0.00 0.00
28.397	S 1199807 -8.09 -10.02 0.00 0.00 OFF
28.417	>>> V 0.00 0.00
28.417	S 1199827 -8.09 -10.02 0.00 0.00 OFF
28.437	>>> V 0.00 0.00
28.437	S 1199847 -8.09 -10.11 0.00 0.00 OFF
28.457	>>> V 0.00 0.00
28.457	S 1199867 -8.09 -10.11 0.00 0.00 OFF
28.477	>>> V 0.00 0.00
28.477	S 1199887 -8.09 -10.11 0.00 0.00 OFF
28.496	>>> V 0.00 0.00
28.497	S 1199907 -8.09 -10.11 0.00 0.00 OFF
28.516	>>> V 0.00 0.00
28.516	S 1199928 -8.09 -10.02 0.00 0.00 OFF
28.537	>>> V 0.00 0.00
28.537	S 1199948 -8.09 -10.11 0.00 0.00 OFF
28.557	>>> V 0.00 0.00
28.557	S 1199968 -8.09 -10.02 0.00 0.00 OFF
28.577	>>> V 0.00 0.00
28.577	S 1199988 -8.09 -10.02 0.00 0.00 OFF
28.596	>>> V 0.00 0.00
28.596	S 1200008 -8.09 -10.11 0.00 0.00 OFF
28.617	>>> V 0.00 0.00
28.617	S 1200028 -8.09 -10.11 0.00 0.00 OFF
28.637	>>> V 0.00 0.00
28.637	S 1200048 -8.09 -10.02 0.00 0.00 OFF
28.656	>>> V 0.00 0.00
28.657	S 1200068 -8.09 -10.02 0.00 0.00 OFF
28.677	>>> V 0.00 0.00
28.677	S 1200088 -8.09 -10.02 0.00 0.00 OFF
28.696	>>> V 0.00 0.00
28.697	S 1200108 -8.09 -10.02 0.00 0.00 OFF
28.716	>>> V 0.00 0.00
28.717	S 1200128 -8.09 -10.02 0.00 0.00 OFF
28.736	>>> V 0.00 0.00
28.737	S 1200148 -8.09 -10.02 0.00 0.00 OFF
28.757	>>> V 0.00 0.00
28.757	S 1200168 -8.09 -10.02 0.00 0.00 OFF
28.776	>>> V 0.00 0.00
28.776	S 1200188 -8.09 -10.02 0.00 0.00 OFF
28.797	>>> V 0.00 0.00
28.797	S 1200208 -8.09 -10.02 0.00 0.00 OFF
28.816	>>> V 0.00 0.00
28.816	S 1200228 -8.09 -10.02 0.00 0.00 OFF
28.837	>>> V 0.00 0.00
28.837	S 1200248 -8.09 -10.02 0.00 0.00 OFF
28.857	>>> V 0.00 0.00
28.857	S 1200268 -8.09 -10.11 0.00 0.00 OFF
28.877	>>> V 0.00 0.00
28.877	S 1200288 -8.09 -10.02 0.00 0.00 OFF
28.896	>>> V 0.00 0.00
28.896	S 1200308 -8.09 -10.02 0.00 0.00 OFF
28.917	>>> V 0.00 0.00
28.917	S 1200328 -8.09 -10.02 0.00 0.00 OFF
28.937	>>> V 0.00 0.00
28.937	S 1200348 -8.09 -10.02 0.00 0.00 OFF
28.957	>>> V 0.00 0.00
28.957	S 1200368 -8.09 -10.02 0.00 0.00 OFF
28.977	>>> V 0.00 0.00
28.977	S 1200388 -8.09 -10.11 0.00 0.00 OFF
28.996	>>> V 0.00 0.00
28.996	S 1200408 -8.09 -10.02 0.00 0.00 OFF
29.017	>>> V 0.00 0.00
29.017	S 1200428 -8.09 -10.02 0.00 0.00 OFF
29.037	>>> V 0.00 0.00
29.037	S 1200448 -8.09 -10.02 0.00 0.00 OFF
29.057	>>> V 0.00 0.00
29.057	S 1200468 -8.09 -10.02 0.00 0.00 OFF
29.077	>>> V 0.00 0.00
29.077	S 1200488 -8.09 -10.02 0.00 0.00 OFF
29.097	>>> V 0.00 0.00
29.097	S 1200508 -8.09 -10.02 0.00 0.00 OFF
29.116	>>> V 0.00 0.00
29.116	S 1200528 -8.09 -10.11 0.00 0.00 OFF
29.137	>>> V 0.00 0.00
29.137	S 1200548 -8.09 -10.11 0.00 0.00 OFF
29.157	>>> V 0.00 0.00
29.157	S 1200568 -8.09 -10.02 0.00 0.00 OFF
29.177	>>> V 0.00 0.00
29.177	S 1200588 -8.09 -10.11 0.00 0.00 OFF
29.197	>>> V 0.00 0.00
29.197	S 1200608 -8.09 -10.02 0.00 0.00 OFF
29.217	>>> V 0.00 0.00
29.217	S 1200628 -8.09 -10.11 0.00 0.00 OFF
29.237	>>> V 0.00 0.00
29.237	S 1200648 -8.09 -10.11 0.00 0.00 OFF
29.256	>>> V 0.00 0.00
29.256	S 1200668 -8.09 -10.11 0.00 0.00 OFF
29.276	>>> V 0.00 0.00
29.276	S 1200688 -8.09 -10.02 0.00 0.00 OFF
29.297	>>> V 0.00 0.00
29.297	S 1200708 -8.09 -10.02 0.00 0.00 OFF
29.317	>>> V 0.00 0.00
29.317	S 1200728 -8.09 -10.02 0.00 0.00 OFF
29.337	>>> V 0.00 0.00
29.337	S 1200748 -8.09 -10.02 0.00 0.00 OFF
29.357	>>> V 0.00 0.00
29.358	S 1200768 -8.09 -10.02 0.00 0.00 OFF
29.377	>>> V 0.00 0.00
29.377	S 1200788 -8.09 -10.02 0.00 0.00 OFF
29.396	>>> V 0.00 0.00
29.396	S 1200808 -8.09 -10.02 0.00 0.00 OFF
29.417	>>> V 0.00 0.00
29.417	S 1200828 -8.09 -10.02 0.00 0.00 OFF
29.437	>>> V 0.00 0.00
29.437	S 1200848 -8.09 -10.02 0.00 0.00 OFF
29.457	>>> V 0.00 0.00
29.457	S 1200868 -8.09 -10.02 0.00 0.00 OFF
29.477	>>> V 0.00 0.00
29.477	S 1200888 -8.09 -10.02 0.00 0.00 OFF
29.497	>>> V 0.00 0.00
29.497	S 1200908 -8.09 -10.11 0.00 0.00 OFF
29.517	>>> V 0.00 0.00
29.517	S 1200928 -8.09 -10.02 0.00 0.00 OFF
29.536	>>> V 0.00 0.00
29.537	S 1200948 -8.09 -10.11 0.00 0.00 OFF
29.556	>>> V 0.00 0.00
29.557	S 1200968 -8.09 -10.02 0.00 0.00 OFF
29.576	>>> V 0.00 0.00
29.576	S 1200988 -8.09 -10.02 0.00 0.00 OFF
29.596	>>> V 0.00 0.00
29.596	S 1201008 -8.09 -10.02 0.00 0.00 OFF
29.616	>>> V 0.00 0.00
29.616	S 1201028 -8.09 -10.02 0.00 0.00 OFF
29.637	>>> V 0.00 0.00
29.637	S 1201048 -8.09 -10.02 0.00 0.00 OFF
29.657	>>> V 0.00 0.00
29.657	S 1201068 -8.09 -10.02 0.00 0.00 OFF
29.677	>>> V 0.00 0.00
29.677	S 1201088 -8.09 -10.02 0.00 0.00 OFF
29.696	>>> V 0.00 0.00
29.697	S 1201108 -8.09 -10.02 0.00 0.00 OFF
29.717	>>> V 0.00 0.00
29.717	S 1201128 -8.09 -10.02 0.00 0.00 OFF
29.736	>>> V 0.00 0.00
29.737	S 1201148 -8.09 -10.02 0.00 0.00 OFF
29.756	>>> V 0.00 0.00
29.756	S 1201168 -8.09 -10.02 0.00 0.00 OFF
29.777	>>> V 0.00 0.00
29.777	S 1201188 -8.09 -10.11 0.00 0.00 OFF
29.796	>>> V 0.00 0.00
29.797	S 1201208 -8.09 -10.02 0.00 0.00 OFF
29.817	>>> V 0.00 0.00
29.817	S 1201228 -8.09 -10.02 0.00 0.00 OFF
29.836	>>> V 0.00 0.00
29.836	S 1201248 -8.09 -10.02 0.00 0.00 OFF
29.856	>>> V 0.00 0.00
29.858	S 1201268 -8.09 -10.02 0.00 0.00 OFF
29.877	>>> V 0.00 0.00
29.877	S 1201288 -8.09 -10.11 0.00 0.00 OFF
29.897	>>> V 0.00 0.00
29.897	S 1201308 -8.09 -10.02 0.00 0.00 OFF
29.917	>>> V 0.00 0.00
29.917	S 1201328 -8.09 -10.02 0.00 0.00 OFF
29.937	>>> V 0.00 0.00
29.937	S 1201348 -8.09 -10.02 0.00 0.00 OFF
29.957	>>> V 0.00 0.00
29.958	S 1201368 -8.09 -10.02 0.00 0.00 OFF
29.976	>>> V 0.00 0.00
29.977	S 1201388 -8.09 -10.02 0.00 0.00 OFF
29.996	>>> V 0.00 0.00
29.997	S 1201408 -8.09 -10.02 0.00 0.00 OFF
30.017	>>> V 0.00 0.00
30.017	S 1201428 -8.09 -10.11 0.00 0.00 OFF
30.037	>>> V 0.00 0.00
30.037	S 1201448 -8.09 -10.11 0.00 0.00 OFF
30.056	>>> V 0.00 0.00
30.057	S 1201468 -8.09 -10.02 0.00 0.00 OFF
30.076	>>> V 0.00 0.00
30.076	S 1201488 -8.09 -10.11 0.00 0.00 OFF
30.096	>>> V 0.00 0.00
30.096	S 1201508 -8.09 -10.02 0.00 0.00 OFF
30.116	>>> V 0.00 0.00
30.116	S 1201528 -8.09 -10.02 0.00 0.00 OFF
30.136	>>> V 0.00 0.00
30.137	S 1201548 -8.09 -10.11 0.00 0.00 OFF
30.156	>>> V 0.00 0.00
30.156	S 1201568 -8.09 -10.02 0.00 0.00 OFF
30.176	>>> V 0.00 0.00
30.177	S 1201588 -8.09 -10.11 0.00 0.00 OFF
30.196	>>> V 0.00 0.00
30.196	S 1201608 -8.09 -10.02 0.00 0.00 OFF
30.216	>>> V 0.00 0.00
30.216	S 1201628 -8.09 -10.02 0.00 0.00 OFF
30.236	>>> V 0.00 0.00
30.236	S 1201648 -8.09 -10.02 0.00 0.00 OFF
30.256	>>> V 0.00 0.00
30.257	S 1201668 -8.09 -10.02 0.00 0.00 OFF
30.277	>>> V 0.00 0.00
30.277	S 1201688 -8.09 -10.02 0.00 0.00 OFF
30.296	>>> V 0.00 0.00
30.296	S 1201708 -8.09 -10.02 0.00 0.00 OFF
30.316	>>> V 0.00 0.00
30.316	S 1201728 -8.09 -10.11 0.00 0.00 OFF
30.336	>>> V 0.00 0.00
30.337	S 1201748 -8.17 -10.02 0.00 0.00 OFF
30.357	>>> V 0.00 0.00
30.357	S 1201768 -8.09 -10.11 0.00 0.00 OFF
30.376	>>> V 0.00 0.00
30.376	S 1201788 -8.09 -10.02 0.00 0.00 OFF
30.397	>>> V 0.00 0.00
30.397	S 1201808 -8.09 -10.02 0.00 0.00 OFF
30.416	>>> V 0.00 0.00
30.416	S 1201828 -8.09 -10.02 0.00 0.00 OFF
30.437	>>> V 0.00 0.00
30.437	S 1201848 -8.09 -10.02 0.00 0.00 OFF
30.457	>>> V 0.00 0.00
30.457	S 1201868 -8.09 -10.02 0.00 0.00 OFF
30.476	>>> V 0.00 0.00
30.476	S 1201888 -8.09 -10.02 0.00 0.00 OFF
30.496	>>> V 0.00 0.00
30.496	S 1201908 -8.09 -10.11 0.00 0.00 OFF
30.516	>>> V 0.00 0.00
30.517	S 1201928 -8.09 -10.02 0.00 0.00 OFF
30.536	>>> V 0.00 0.00
30.536	S 1201948 -8.09 -10.02 0.00 0.00 OFF
30.556	>>> V 0.00 0.00
30.556	S 1201968 -8.09 -10.02 0.00 0.00 OFF
30.576	>>> V 0.00 0.00
30.576	S 1201988 -8.09 -10.02 0.00 0.00 OFF
30.597	>>> V 0.00 0.00
30.597	S 1202008 -8.09 -10.11 0.00 0.00 OFF
30.617	>>> V 0.00 0.00
30.617	S 1202028 -8.09 -10.02 0.00 0.00 OFF
30.637	>>> V 0.00 0.00
30.637	S 1202048 -8.09 -10.02 0.00 0.00 OFF
30.657	>>> V 0.00 0.00
30.657	S 1202068 -8.09 -10.02 0.00 0.00 OFF
30.676	>>> V 0.00 0.00
30.677	S 1202088 -8.09 -10.02 0.00 0.00 OFF
30.696	>>> V 0.00 0.00
30.697	S 1202108 -8.09 -10.02 0.00 0.00 OFF
30.717	>>> V 0.00 0.00
30.717	S 1202128 -8.09 -10.11 0.00 0.00 OFF
30.737	>>> V 0.00 0.00
30.737	S 1202148 -8.09 -10.02 0.00 0.00 OFF
30.757	>>> V 0.00 0.00
30.757	S 1202168 -8.09 -10.02 0.00 0.00 OFF
30.777	>>> V 0.00 0.00
30.777	S 1202188 -8.09 -10.11 0.00 0.00 OFF
30.797	>>> V 0.00 0.00
30.797	S 1202208 -8.09 -10.02 0.00 0.00 OFF
30.816	>>> V 0.00 0.00
30.816	S 1202228 -8.09 -10.02 0.00 0.00 OFF
30.836	>>> V 0.00 0.00
30.837	S 1202248 -8.09 -10.02 0.00 0.00 OFF
30.856	>>> V 0.00 0.00
30.857	S 1202268 -8.09 -10.02 0.00 0.00 OFF
30.877	>>> V 0.00 0.00
30.877	S 1202288 -8.09 -10.11 0.00 0.00 OFF
30.896	>>> V 0.00 0.00
30.897	S 1202308 -8.09 -10.02 0.00 0.00 OFF
30.917	>>> V 0.00 0.00
30.917	S 1202328 -8.09 -10.02 0.00 0.00 OFF
30.937	>>> V 0.00 0.00
30.937	S 1202348 -8.09 -10.02 0.00 0.00 OFF
30.956	>>> V 0.00 0.00
30.957	S 1202368 -8.09 -10.11 0.00 0.00 OFF
30.977	>>> V 0.00 0.00
30.977	S 1202388 -8.09 -10.02 0.00 0.00 OFF
30.996	>>> V 0.00 0.00
30.997	S 1202408 -8.09 -10.02 0.00 0.00 OFF
31.017	>>> V 0.00 0.00
31.017	S 1202428 -8.09 -10.02 0.00 0.00 OFF
31.036	>>> V 0.00 0.00
31.037	S 1202448 -8.09 -10.02 0.00 0.00 OFF
31.056	>>> V 0.00 0.00
31.057	S 1202468 -8.09 -10.02 0.00 0.00 OFF
31.077	>>> V 0.00 0.00
31.077	S 1202488 -8.09 -10.02 0.00 0.00 OFF
31.096	>>> V 0.00 0.00
31.096	S 1202508 -8.09 -10.02 0.00 0.00 OFF
31.116	>>> V 0.00 0.00
31.116	S 1202528 -8.09 -10.11 0.00 0.00 OFF
31.136	>>> V 0.00 0.00
31.137	S 1202548 -8.09 -10.02 0.00 0.00 OFF
31.156	>>> V 0.00 0.00
31.156	S 1202568 -8.09 -10.11 0.00 0.00 OFF
31.176	>>> V 0.00 0.00
31.177	S 1202588 -8.09 -10.11 0.00 0.00 OFF
31.196	>>> V 0.00 0.00
31.196	S 1202608 -8.09 -10.02 0.00 0.00 OFF
31.216	>>> V 0.00 0.00
31.216	S 1202628 -8.09 -10.11 0.00 0.00 OFF
31.236	>>> V 0.00 0.00
31.237	S 1202648 -8.09 -10.11 0.00 0.00 OFF
31.256	>>> V 0.00 0.00
31.256	S 1202668 -8.09 -10.02 0.00 0.00 OFF
31.277	>>> V 0.00 0.00
31.277	S 1202688 -8.09 -10.02 0.00 0.00 OFF
31.296	>>> V 0.00 0.00
31.297	S 1202708 -8.09 -10.11 0.00 0.00 OFF
31.317	>>> V 0.00 0.00
31.317	S 1202728 -8.09 -10.02 0.00 0.00 OFF
31.336	>>> V 0.00 0.00
31.336	S 1202748 -8.09 -10.11 0.00 0.00 OFF
31.357	>>> V 0.00 0.00
31.360	S 1202768 -8.09 -10.02 0.00 0.00 OFF
31.376	>>> V 0.00 0.00
31.377	S 1202788 -8.09 -10.11 0.00 0.00 OFF
31.397	>>> V 0.00 0.00
31.397	S 1202808 -8.09 -10.02 0.00 0.00 OFF
31.417	>>> V 0.00 0.00
31.417	S 1202828 -8.09 -10.02 0.00 0.00 OFF
31.436	>>> V 0.00 0.00
31.436	S 1202848 -8.09 -10.02 0.00 0.00 OFF
31.456	>>> V 0.00 0.00
31.456	S 1202868 -8.09 -10.02 0.00 0.00 OFF
31.477	>>> V 0.00 0.00
31.477	S 1202888 -8.09 -10.02 0.00 0.00 OFF
31.496	>>> V 0.00 0.00
31.497	S 1202908 -8.09 -10.11 0.00 0.00 OFF
31.516	>>> V 0.00 0.00
31.516	S 1202928 -8.09 -10.02 0.00 0.00 OFF
31.536	>>> V 0.00 0.00
31.537	S 1202948 -8.09 -10.02 0.00 0.00 OFF
31.557	>>> V 0.00 0.00
31.557	S 1202968 -8.09 -10.02 0.00 0.00 OFF
31.577	>>> V 0.00 0.00
31.577	S 1202988 -8.09 -10.02 0.00 0.00 OFF
31.597	>>> V 0.00 0.00
31.597	S 1203008 -8.09 -10.02 0.00 0.00 OFF
31.617	>>> V 0.00 0.00
31.617	S 1203028 -8.09 -10.02 0.00 0.00 OFF
31.636	>>> V 0.00 0.00
31.637	S 1203048 -8.09 -10.02 0.00 0.00 OFF
31.656	>>> V 0.00 0.00
31.657	S 1203068 -8.09 -10.02 0.00 0.00 OFF
31.676	>>> V 0.00 0.00
31.677	S 1203088 -8.09 -10.02 0.00 0.00 OFF
31.696	>>> V 0.00 0.00
31.697	S 1203108 -8.09 -10.11 0.00 0.00 OFF
31.716	>>> V 0.00 0.00
31.717	S 1203128 -8.09 -10.02 0.00 0.00 OFF
31.736	>>> V 0.00 0.00
31.737	S 1203148 -8.09 -10.11 0.00 0.00 OFF
31.756	>>> V 0.00 0.00
31.757	S 1203168 -8.09 -10.02 0.00 0.00 OFF
31.776	>>> V 0.00 0.00
31.777	S 1203188 -8.09 -10.02 0.00 0.00 OFF
31.797	>>> V 0.00 0.00
31.797	S 1203208 -8.09 -10.11 0.00 0.00 OFF
31.816	>>> V 0.00 0.00
31.817	S 1203228 -8.09 -10.02 0.00 0.00 OFF
31.836	>>> V 0.00 0.00
31.837	S 1203248 -8.09 -10.02 0.00 0.00 OFF
31.856	>>> V 0.00 0.00
31.857	S 1203268 -8.09 -10.02 0.00 0.00 OFF
31.876	>>> V 0.00 0.00
31.877	S 1203288 -8.09 -10.02 0.00 0.00 OFF
31.896	>>> V 0.00 0.00
31.897	S 1203308 -8.09 -10.11 0.00 0.00 OFF
31.917	>>> V 0.00 0.00
31.917	S 1203328 -8.09 -10.02 0.00 0.00 OFF
31.936	>>> V 0.00 0.00
31.937	S 1203348 -8.09 -10.02 0.00 0.00 OFF
31.957	>>> V 0.00 0.00
31.958	S 1203368 -8.09 -10.02 0.00 0.00 OFF
31.977	>>> V 0.00 0.00
31.978	S 1203388 -8.09 -10.02 0.00 0.00 OFF
31.997	>>> V 0.00 0.00
31.997	S 1203408 -8.09 -10.02 0.00 0.00 OFF
32.016	>>> V 0.00 0.00
32.017	S 1203428 -8.09 -10.11 0.00 0.00 OFF
32.037	>>> V 0.00 0.00
32.037	S 1203448 -8.09 -10.02 0.00 0.00 OFF
32.056	>>> V 0.00 0.00
32.057	S 1203468 -8.09 -10.02 0.00 0.00 OFF
32.077	>>> V 0.00 0.00
32.077	S 1203488 -8.09 -10.11 0.00 0.00 OFF
32.096	>>> V 0.00 0.00
32.097	S 1203508 -8.09 -10.02 0.00 0.00 OFF
32.116	>>> V 0.00 0.00
32.117	S 1203528 -8.09 -10.11 0.00 0.00 OFF
32.136	>>> V 0.00 0.00
32.137	S 1203548 -8.09 -10.11 0.00 0.00 OFF
32.156	>>> V 0.00 0.00
32.157	S 1203568 -8.09 -10.11 0.00 0.00 OFF
32.176	>>> V 0.00 0.00
32.177	S 1203588 -8.09 -10.02 0.00 0.00 OFF
32.197	>>> V 0.00 0.00
32.197	S 1203608 -8.09 -10.02 0.00 0.00 OFF
32.216	>>> V 0.00 0.00
32.217	S 1203628 -8.09 -10.11 0.00 0.00 OFF
32.237	>>> V 0.00 0.00
32.237	S 1203648 -8.09 -10.02 0.00 0.00 OFF
32.256	>>> V 0.00 0.00
32.257	S 1203668 -8.09 -10.02 0.00 0.00 OFF
32.277	>>> V 0.00 0.00
32.277	S 1203688 -8.09 -10.02 0.00 0.00 OFF
32.296	>>> V 0.00 0.00
32.297	S 1203708 -8.17 -10.02 0.00 0.00 OFF
32.316	>>> V 0.00 0.00
32.317	S 1203728 -8.09 -10.02 0.00 0.00 OFF
32.336	>>> V 0.00 0.00
32.337	S 1203748 -8.09 -10.02 0.00 0.00 OFF
32.356	>>> V 0.00 0.00
32.357	S 1203768 -8.09 -10.02 0.00 0.00 OFF
32.376	>>> V 0.00 0.00
32.377	S 1203788 -8.09 -10.02 0.00 0.00 OFF
32.396	>>> V 0.00 0.00
32.397	S 1203808 -8.09 -10.02 0.00 0.00 OFF
32.417	>>> V 0.00 0.00
32.417	S 1203828 -8.09 -10.02 0.00 0.00 OFF
32.436	>>> V 0.00 0.00
32.437	S 1203848 -8.09 -10.02 0.00 0.00 OFF
32.456	>>> V 0.00 0.00
32.457	S 1203868 -8.09 -10.02 0.00 0.00 OFF
32.476	>>> V 0.00 0.00
32.477	S 1203888 -8.09 -10.02 0.00 0.00 OFF
32.496	>>> V 0.00 0.00
32.496	S 1203908 -8.09 -10.02 0.00 0.00 OFF
32.517	>>> V 0.00 0.00
32.517	S 1203928 -8.09 -10.02 0.00 0.00 OFF
32.536	>>> V 0.00 0.00
32.536	S 1203948 -8.09 -10.02 0.00 0.00 OFF
32.556	>>> V 0.00 0.00
32.556	S 1203968 -8.09 -10.11 0.00 0.00 OFF
32.576	>>> V 0.00 0.00
32.577	S 1203988 -8.09 -10.02 0.00 0.00 OFF
32.596	>>> V 0.00 0.00
32.597	S 1204008 -8.09 -10.02 0.00 0.00 OFF
32.616	>>> V 0.00 0.00
32.616	S 1204028 -8.09 -10.11 0.00 0.00 OFF
32.636	>>> V 0.00 0.00
32.637	S 1204048 -8.09 -10.02 0.00 0.00 OFF
32.656	>>> V 0.00 0.00
32.657	S 1204068 -8.09 -10.02 0.00 0.00 OFF
32.676	>>> V 0.00 0.00
32.677	S 1204088 -8.09 -10.11 0.00 0.00 OFF
32.696	>>> V 0.00 0.00
32.697	S 1204108 -8.09 -10.02 0.00 0.00 OFF
32.716	>>> V 0.00 0.00
32.716	S 1204128 -8.09 -10.11 0.00 0.00 OFF
32.736	>>> V 0.00 0.00
32.737	S 1204148 -8.09 -10.02 0.00 0.00 OFF
32.756	>>> V 0.00 0.00
32.757	S 1204168 -8.09 -10.02 0.00 0.00 OFF
32.776	>>> V 0.00 0.00
32.777	S 1204188 -8.09 -10.02 0.00 0.00 OFF
32.796	>>> V 0.00 0.00
32.797	S 1204208 -8.09 -10.02 0.00 0.00 OFF
32.816	>>> V 0.00 0.00
32.817	S 1204228 -8.09 -10.02 0.00 0.00 OFF
32.836	>>> V 0.00 0.00
32.837	S 1204248 -8.09 -10.02 0.00 0.00 OFF
32.856	>>> V 0.00 0.00
32.856	S 1204268 -8.09 -10.02 0.00 0.00 OFF
32.876	>>> V 0.00 0.00
32.877	S 1204288 -8.09 -10.11 0.00 0.00 OFF
32.896	>>> V 0.00 0.00
32.897	S 1204308 -8.09 -10.02 0.00 0.00 OFF
32.916	>>> V 0.00 0.00
32.917	S 1204328 -8.09 -10.02 0.00 0.00 OFF
32.936	>>> V 0.00 0.00
32.937	S 1204348 -8.09 -10.11 0.00 0.00 OFF
32.956	>>> V 0.00 0.00
32.957	S 1204368 -8.09 -10.11 0.00 0.00 OFF
32.976	>>> V 0.00 0.00
32.977	S 1204388 -8.09 -10.11 0.00 0.00 OFF
32.996	>>> V 0.00 0.00
32.997	S 1204408 -8.09 -10.02 0.00 0.00 OFF
33.016	>>> V 0.00 0.00
33.017	S 1204428 -8.09 -10.11 0.00 0.00 OFF
33.036	>>> V 0.00 0.00
33.037	S 1204448 -8.09 -10.02 0.00 0.00 OFF
33.056	>>> V 0.00 0.00
33.057	S 1204468 -8.09 -10.02 0.00 0.00 OFF
33.076	>>> V 0.00 0.00
33.077	S 1204488 -8.09 -10.02 0.00 0.00 OFF
33.096	>>> V 0.00 0.00
33.097	S 1204508 -8.09 -10.02 0.00 0.00 OFF
33.116	>>> V 0.00 0.00
33.117	S 1204528 -8.09 -10.02 0.00 0.00 OFF
33.136	>>> V 0.00 0.00
33.137	S 1204548 -8.09 -10.11 0.00 0.00 OFF
33.156	>>> V 0.00 0.00
33.157	S 1204568 -8.09 -10.02 0.00 0.00 OFF
33.176	>>> V 0.00 0.00
33.176	S 1204588 -8.09 -10.02 0.00 0.00 OFF
33.196	>>> V 0.00 0.00
33.197	S 1204608 -8.09 -10.02 0.00 0.00 OFF
33.216	>>> V 0.00 0.00
33.217	S 1204628 -8.09 -10.02 0.00 0.00 OFF
33.236	>>> V 0.00 0.00
33.237	S 1204648 -8.09 -10.02 0.00 0.00 OFF
33.256	>>> V 0.00 0.00
33.257	S 1204668 -8.09 -10.02 0.00 0.00 OFF
33.276	>>> V 0.00 0.00
33.277	S 1204688 -8.09 -10.02 0.00 0.00 OFF
33.296	>>> V 0.00 0.00
33.297	S 1204708 -8.09 -10.11 0.00 0.00 OFF
33.316	>>> V 0.00 0.00
33.317	S 1204728 -8.09 -10.02 0.00 0.00 OFF
33.336	>>> V 0.00 0.00
33.337	S 1204748 -8.09 -10.02 0.00 0.00 OFF
33.357	>>> V 0.00 0.00
33.359	S 1204768 -8.09 -10.02 0.00 0.00 OFF
33.376	>>> V 0.00 0.00
33.377	S 1204788 -8.09 -10.02 0.00 0.00 OFF
33.396	>>> V 0.00 0.00
33.397	S 1204808 -8.09 -10.02 0.00 0.00 OFF
33.416	>>> V 0.00 0.00
33.417	S 1204828 -8.09 -10.02 0.00 0.00 OFF
33.436	>>> V 0.00 0.00
33.437	S 1204848 -8.09 -10.11 0.00 0.00 OFF
33.456	>>> V 0.00 0.00
33.456	S 1204868 -8.09 -10.11 0.00 0.00 OFF
33.476	>>> V 0.00 0.00
33.477	S 1204888 -8.09 -10.02 0.00 0.00 OFF
33.497	>>> V 0.00 0.00
33.499	S 1204908 -8.09 -10.11 0.00 0.00 OFF
33.516	>>> V 0.00 0.00
33.517	S 1204928 -8.09 -10.02 0.00 0.00 OFF
33.537	>>> V 0.00 0.00
33.537	S 1204948 -8.09 -10.02 0.00 0.00 OFF
33.556	>>> V 0.00 0.00
33.557	S 1204968 -8.09 -10.11 0.00 0.00 OFF
33.577	>>> V 0.00 0.00
33.577	S 1204988 -8.09 -10.11 0.00 0.00 OFF
33.596	>>> V 0.00 0.00
33.597	S 1205008 -8.09 -10.11 0.00 0.00 OFF
33.616	>>> V 0.00 0.00
33.617	S 1205028 -8.09 -10.11 0.00 0.00 OFF
33.636	>>> V 0.00 0.00
33.637	S 1205048 -8.09 -10.02 0.00 0.00 OFF
33.656	>>> V 0.00 0.00
33.657	S 1205068 -8.09 -10.11 0.00 0.00 OFF
33.676	>>> V 0.00 0.00
33.676	S 1205088 -8.09 -10.11 0.00 0.00 OFF
33.696	>>> V 0.00 0.00
33.697	S 1205108 -8.09 -10.02 0.00 0.00 OFF
33.716	>>> V 0.00 0.00
33.717	S 1205128 -8.09 -10.02 0.00 0.00 OFF
33.736	>>> V 0.00 0.00
33.737	S 1205148 -8.09 -10.02 0.00 0.00 OFF
33.756	>>> V 0.00 0.00
33.757	S 1205168 -8.09 -10.11 0.00 0.00 OFF
33.777	>>> V 0.00 0.00
33.777	S 1205188 -8.09 -10.02 0.00 0.00 OFF
33.796	>>> V 0.00 0.00
33.797	S 1205208 -8.09 -10.02 0.00 0.00 OFF
33.817	>>> V 0.00 0.00
33.817	S 1205228 -8.09 -10.11 0.00 0.00 OFF
33.837	>>> V 0.00 0.00
33.837	S 1205248 -8.09 -10.02 0.00 0.00 OFF
33.857	>>> V -2.89 15.00
33.857	S 1205268 -8.09 -10.02 0.00 0.00 OFF
33.877	>>> V -2.89 15.00
33.897	>>> V -2.89 15.00
33.897	S 1205313 -8.09 -10.02 0.00 0.00 TRACK
33.917	>>> V -2.89 15.00
33.917	S 1205333 -8.09 -10.02 0.00 0.00 TRACK
33.937	>>> V -2.89 15.00
33.937	S 1205353 -8.09 -9.93 0.00 0.00 TRACK
33.956	>>> V -2.89 15.00
33.957	S 1205373 -8.09 -9.84 0.00 1.37 TRACK
33.976	>>> V -2.89 15.00
33.976	S 1205393 -8.26 -9.67 0.00 2.75 TRACK
33.997	>>> V -2.64 15.00
33.997	S 1205413 -8.35 -9.40 -1.37 5.50 TRACK
34.016	>>> V -2.50 15.00
34.017	S 1205433 -8.35 -9.05 -2.75 8.24 TRACK
34.036	>>> V -2.50 15.00
34.036	S 1205453 -8.35 -8.79 -2.75 10.99 TRACK
34.057	>>> V -2.50 15.00
34.057	S 1205473 -8.44 -8.53 -1.37 12.37 TRACK
34.077	>>> V -2.37 15.00
34.077	S 1205493 -8.53 -8.26 -1.37 12.37 TRACK
34.096	>>> V -2.24 15.00
34.097	S 1205513 -8.61 -7.91 -1.37 13.74 TRACK
34.117	>>> V -2.24 15.00
34.117	S 1205533 -8.70 -7.65 -2.75 13.74 TRACK
34.136	>>> V -2.00 15.00
34.137	S 1205553 -8.70 -7.29 -2.75 15.11 TRACK
34.157	>>> V -2.00 15.00
34.157	S 1205573 -8.70 -7.03 -2.75 15.11 TRACK
34.176	>>> V -2.00 15.00
34.177	S 1205593 -8.70 -6.68 -1.37 15.11 TRACK
34.196	>>> V -2.00 15.00
34.197	S 1205613 -8.70 -6.42 0.00 15.11 TRACK
34.217	>>> V -2.00 15.00
34.217	S 1205633 -8.79 -6.06 0.00 15.11 TRACK
34.236	>>> V -2.00 15.00
34.236	S 1205653 -8.88 -5.80 -1.37 15.11 TRACK
34.258	>>> V -2.00 15.00
34.258	S 1205673 -8.88 -5.45 -1.37 15.11 TRACK
34.277	>>> V -2.00 15.00
34.277	S 1205693 -8.88 -5.19 -1.37 15.11 TRACK
34.297	>>> V -2.00 15.00
34.297	S 1205713 -8.88 -4.75 0.00 15.11 TRACK
34.317	>>> V -2.00 15.00
34.317	S 1205733 -8.88 -4.48 0.00 15.11 TRACK
34.337	>>> V -2.00 15.00
34.337	S 1205753 -9.05 -4.22 0.00 13.74 TRACK
34.356	>>> V -2.00 15.00
34.357	S 1205773 -9.05 -3.96 0.00 13.74 TRACK
34.376	>>> V -2.00 15.00
34.377	S 1205793 -9.05 -3.52 0.00 13.74 TRACK
34.397	>>> V -2.00 15.00
34.397	S 1205813 -9.05 -3.25 0.00 13.74 TRACK
34.417	>>> V -2.00 15.00
34.417	S 1205833 -9.23 -2.99 0.00 13.74 TRACK
34.437	>>> V -2.00 15.00
34.437	S 1205853 -9.23 -2.72 -1.37 15.11 TRACK
34.457	>>> V -2.00 15.00
34.457	S 1205873 -9.23 -2.37 -1.37 15.11 TRACK
34.477	>>> V -2.00 15.00
34.477	S 1205893 -9.23 -2.11 -1.37 15.11 TRACK
34.497	>>> V -2.00 15.00
34.497	S 1205913 -9.23 -1.76 0.00 15.11 TRACK
34.517	>>> V -2.00 15.00
34.517	S 1205933 -9.32 -1.49 0.00 15.11 TRACK
34.537	>>> V -2.00 15.00
34.537	S 1205953 -9.32 -1.14 0.00 15.11 TRACK
34.557	>>> V -2.00 15.00
34.557	S 1205973 -9.32 -0.88 0.00 15.11 TRACK
34.577	>>> V -2.00 15.00
34.577	S 1205993 -9.40 -0.53 0.00 13.74 TRACK
34.597	>>> V -2.00 15.00
34.597	S 1206013 -9.40 -0.26 0.00 13.74 TRACK
34.617	>>> V -2.00 15.00
34.617	S 1206033 -9.40 0.09 0.00 13.74 TRACK
34.637	>>> V -2.00 15.00
34.637	S 1206053 -9.49 0.35 -1.37 15.11 TRACK
34.657	>>> V -2.00 15.00
34.657	S 1206073 -9.49 0.62 -1.37 15.11 TRACK
34.676	>>> V -2.00 15.00
34.677	S 1206093 -9.49 1.05 -1.37 15.11 TRACK
34.696	>>> V -2.00 15.00
34.697	S 1206113 -9.49 1.32 -1.37 15.11 TRACK
34.717	>>> V -2.00 15.00
34.718	S 1206133 -9.58 1.67 -1.37 15.11 TRACK
34.737	>>> V -2.00 15.00
34.737	S 1206153 -9.58 1.93 -1.37 15.11 TRACK
34.757	>>> V 0.00 15.00
34.757	S 1206173 -9.58 2.29 -1.37 15.11 TRACK
34.777	>>> V 0.00 15.00
34.777	S 1206193 -9.58 2.55 -1.37 15.11 TRACK
34.796	>>> V 0.00 15.00
34.796	S 1206213 -9.67 2.90 -1.37 15.11 TRACK
34.817	>>> V 0.00 15.00
34.817	S 1206233 -9.67 3.16 0.00 15.11 TRACK
34.837	>>> V 0.00 15.00
34.837	S 1206253 -9.67 3.52 0.00 15.11 TRACK
34.857	>>> V 0.00 15.00
34.857	S 1206273 -9.67 3.87 0.00 15.11 TRACK
34.877	>>> V 0.00 15.00
34.877	S 1206293 -9.67 4.13 0.00 15.11 TRACK
34.897	>>> V 0.00 15.00
34.897	S 1206313 -9.67 4.48 0.00 15.11 TRACK
34.917	>>> V 0.00 15.00
34.917	S 1206333 -9.67 4.75 0.00 15.11 TRACK
34.937	>>> V 0.00 15.00
34.937	S 1206353 -9.67 5.10 0.00 15.11 TRACK
34.956	>>> V 0.00 15.00
34.956	S 1206373 -9.67 5.45 0.00 15.11 TRACK
34.977	>>> V 0.00 15.00
34.977	S 1206393 -9.67 5.62 0.00 15.11 TRACK
34.997	>>> V 0.00 15.00
34.997	S 1206413 -9.58 5.98 0.00 15.11 TRACK
35.016	>>> V 0.00 15.00
35.017	S 1206433 -9.67 6.24 0.00 15.11 TRACK
35.036	>>> V 0.00 15.00
35.036	S 1206453 -9.67 6.59 0.00 15.11 TRACK
35.057	>>> V 0.00 15.00
35.057	S 1206473 -9.67 6.86 0.00 15.11 TRACK
35.076	>>> V 0.00 15.00
35.077	S 1206493 -9.67 7.21 0.00 15.11 TRACK
35.097	>>> V 0.00 15.00
35.097	S 1206513 -9.67 7.56 0.00 15.11 TRACK
35.116	>>> V 0.00 15.00
35.117	S 1206533 -9.67 7.82 0.00 15.11 TRACK
35.137	>>> V 0.00 15.00
35.137	S 1206553 -9.58 8.09 0.00 15.11 TRACK
35.157	>>> V 0.00 15.00
35.157	S 1206573 -9.67 8.44 0.00 15.11 TRACK
35.176	>>> V 0.00 15.00
35.177	S 1206593 -9.67 8.70 0.00 15.11 TRACK
35.197	>>> V 0.00 15.00
35.197	S 1206613 -9.67 9.05 0.00 15.11 TRACK
35.217	>>> V 0.00 15.00
35.217	S 1206633 -9.67 9.58 0.00 15.11 TRACK
35.236	>>> V 0.00 15.00
35.236	S 1206653 -9.67 9.93 0.00 17.86 TRACK
35.257	>>> V 0.00 15.00
35.257	S 1206673 -9.67 10.02 0.00 17.86 TRACK
35.277	>>> V 0.00 15.00
35.277	S 1206693 -9.67 10.28 0.00 15.11 TRACK
35.297	>>> V 0.00 15.00
35.297	S 1206713 -9.67 10.46 0.00 10.99 TRACK
35.317	>>> V 0.00 15.00
35.317	S 1206733 -9.67 10.90 0.00 10.99 TRACK
35.336	>>> V 0.00 15.00
35.337	S 1206753 -9.67 11.16 0.00 12.37 TRACK
35.357	>>> V 0.00 15.00
35.358	S 1206773 -9.67 11.43 0.00 13.74 TRACK
35.376	>>> V 0.00 15.00
35.376	S 1206793 -9.67 11.78 0.00 15.11 TRACK
35.397	>>> V 0.00 15.00
35.397	S 1206813 -9.67 12.13 0.00 15.11 TRACK
35.417	>>> V 0.00 15.00
35.417	S 1206833 -9.58 12.39 0.00 15.11 TRACK
35.436	>>> V 0.00 15.00
35.436	S 1206853 -9.67 12.74 0.00 15.11 TRACK
35.457	>>> V 0.00 15.00
35.457	S 1206873 -9.67 13.01 0.00 15.11 TRACK
35.476	>>> V 0.00 15.00
35.476	S 1206893 -9.67 13.36 0.00 15.11 TRACK
35.496	>>> V 0.00 15.00
35.497	S 1206913 -9.67 13.71 0.00 15.11 TRACK
35.516	>>> V 0.00 15.00
35.517	S 1206933 -9.67 13.97 0.00 15.11 TRACK
35.536	>>> V 0.00 15.00
35.537	S 1206953 -9.67 14.33 0.00 15.11 TRACK
35.557	>>> V 0.00 15.00
35.557	S 1206973 -9.67 14.68 0.00 15.11 TRACK
35.577	>>> V 0.00 15.00
35.577	S 1206993 -9.67 15.03 0.00 15.11 TRACK
35.596	>>> V 0.00 15.00
35.597	S 1207013 -9.67 15.38 0.00 16.49 TRACK
35.617	>>> V 0.00 15.00
35.617	S 1207033 -9.67 15.64 0.00 16.49 TRACK
35.637	>>> V 0.00 15.00
35.637	S 1207053 -9.67 15.91 0.00 16.49 TRACK
35.656	>>> V 0.00 15.00
35.657	S 1207073 -9.67 16.17 0.00 13.74 TRACK
35.677	>>> V 0.00 15.00
35.677	S 1207093 -9.67 16.44 0.00 13.74 TRACK
35.696	>>> V 0.00 14.76
35.697	S 1207113 -9.67 16.70 0.00 12.37 TRACK
35.717	>>> V 0.00 14.76
35.717	S 1207133 -9.67 17.05 0.00 12.37 TRACK
35.737	>>> V 0.00 13.85
35.737	S 1207153 -9.67 17.31 0.00 13.74 TRACK
35.757	>>> V 0.00 13.85
35.757	S 1207173 -9.67 17.75 0.00 13.74 TRACK
35.776	>>> V 0.00 12.80
35.777	S 1207193 -9.67 18.02 0.00 15.11 TRACK
35.797	>>> V 0.00 12.80
35.797	S 1207213 -9.67 18.28 0.00 15.11 TRACK
35.816	>>> V 0.00 12.00
35.817	S 1207233 -9.67 18.63 0.00 13.74 TRACK
35.837	>>> V 0.00 12.00
35.837	S 1207253 -9.67 18.90 0.00 13.74 TRACK
35.856	>>> V 0.00 11.07
35.857	S 1207273 -9.67 19.16 0.00 13.74 TRACK
35.877	>>> V 0.00 11.07
35.877	S 1207293 -9.67 19.42 0.00 12.37 TRACK
35.897	>>> V 0.00 10.29
35.897	S 1207313 -9.67 19.60 0.00 12.37 TRACK
35.916	>>> V 0.00 10.02
35.917	S 1207333 -9.67 19.86 0.00 12.37 TRACK
35.937	>>> V 0.00 10.02
35.937	S 1207353 -9.67 20.13 0.00 10.99 TRACK
35.957	>>> V 0.00 9.23
35.957	S 1207373 -9.67 20.30 0.00 10.99 TRACK
35.977	>>> V 0.00 9.23
35.977	S 1207393 -9.67 20.48 0.00 10.99 TRACK
35.996	>>> V 0.00 8.70
35.997	S 1207413 -9.67 20.74 0.00 10.99 TRACK
36.017	>>> V 0.00 8.70
36.017	S 1207433 -9.67 20.92 0.00 9.62 TRACK
36.036	>>> V 0.00 8.04
36.037	S 1207453 -9.67 21.09 0.00 9.62 TRACK
36.057	>>> V 0.00 8.04
36.057	S 1207473 -9.67 21.27 0.00 9.62 TRACK
36.076	>>> V 0.00 7.52
36.077	S 1207493 -9.67 21.45 0.00 8.24 TRACK
36.097	>>> V 0.00 7.52
36.097	S 1207513 -9.67 21.62 0.00 8.24 TRACK
36.116	>>> V 0.00 6.99
36.116	S 1207533 -9.67 21.80 0.00 8.24 TRACK
36.137	>>> V 0.00 6.99
36.137	S 1207553 -9.67 21.88 0.00 6.87 TRACK
36.157	>>> V 0.00 6.60
36.157	S 1207573 -9.67 22.06 0.00 6.87 TRACK
36.177	>>> V 0.00 6.33
36.177	S 1207593 -9.67 22.15 0.00 6.87 TRACK
36.197	>>> V 0.00 6.20
36.197	S 1207613 -9.67 22.32 0.00 6.87 TRACK
36.217	>>> V 0.00 6.20
36.217	S 1207633 -9.67 22.41 0.00 5.50 TRACK
36.236	>>> V 0.00 5.81
36.237	S 1207653 -9.67 22.59 0.00 5.50 TRACK
36.257	>>> V 0.00 5.81
36.257	S 1207673 -9.67 22.68 0.00 5.50 TRACK
36.277	>>> V 0.00 5.40
36.277	S 1207693 -9.67 22.85 0.00 5.50 TRACK
36.297	>>> V 0.00 5.40
36.297	S 1207713 -9.67 22.94 0.00 5.50 TRACK
36.317	>>> V 0.00 5.01
36.317	S 1207733 -9.67 23.12 0.00 5.50 TRACK
36.337	>>> V 0.00 5.01
36.337	S 1207753 -9.67 23.20 0.00 5.50 TRACK
36.357	>>> V 0.00 4.62
36.360	S 1207773 -9.67 23.38 0.00 5.50 TRACK
36.377	>>> V 0.00 4.62
36.377	S 1207793 -9.67 23.55 0.00 5.50 TRACK
36.397	>>> V 0.00 4.62
36.397	S 1207813 -9.67 23.55 0.00 5.50 TRACK
36.416	>>> V 0.00 4.10
36.416	S 1207833 -9.67 23.73 0.00 5.50 TRACK
36.437	>>> V 0.00 4.10
36.437	S 1207853 -9.67 23.82 0.00 5.50 TRACK
36.456	>>> V 0.00 3.69
36.457	S 1207873 -9.67 23.91 0.00 4.12 TRACK
36.476	>>> V 0.00 3.69
36.477	S 1207893 -9.67 23.99 0.00 4.12 TRACK
36.497	>>> V 0.00 3.44
36.497	S 1207913 -9.67 24.08 0.00 2.75 TRACK
36.517	>>> V 0.00 3.30
36.517	S 1207933 -9.67 24.17 0.00 4.12 TRACK
36.536	>>> V 0.00 3.16
36.537	S 1207953 -9.67 24.26 0.00 4.12 TRACK
36.556	>>> V 0.00 3.16
36.557	S 1207973 -9.67 24.17 0.00 4.12 TRACK
36.576	>>> V 0.00 3.16
36.577	S 1207993 -9.67 24.26 0.00 2.75 TRACK
36.596	>>> V 0.00 3.16
36.597	S 1208013 -9.67 24.26 0.00 1.37 TRACK
36.617	>>> V 0.00 3.03
36.617	S 1208033 -9.67 24.35 0.00 0.00 TRACK
36.637	>>> V 0.00 2.89
36.637	S 1208053 -9.67 24.43 0.00 1.37 TRACK
36.657	>>> V 0.00 2.78
36.657	S 1208073 -9.67 24.52 0.00 2.75 TRACK
36.677	>>> V 0.00 2.78
36.677	S 1208093 -9.67 24.61 0.00 4.12 TRACK
36.696	>>> V 0.00 2.51
36.697	S 1208113 -9.67 24.61 0.00 4.12 TRACK
36.717	>>> V 0.00 2.51
36.717	S 1208133 -9.67 24.61 0.00 1.37 TRACK
36.737	>>> V 0.00 2.51
36.737	S 1208153 -9.67 24.70 0.00 0.00 TRACK
36.757	>>> V 0.00 2.51
36.757	S 1208173 -9.67 24.79 0.00 1.37 TRACK
36.776	>>> V 0.00 2.24
36.777	S 1208193 -9.67 24.87 0.00 2.75 TRACK
36.796	>>> V 0.00 2.24
36.797	S 1208213 -9.67 24.96 0.00 4.12 TRACK
36.816	>>> V 0.00 2.00
36.817	S 1208233 -9.67 24.96 0.00 2.75 TRACK
36.837	>>> V 0.00 2.00
36.837	S 1208253 -9.67 24.96 0.00 2.75 TRACK
36.857	>>> V 0.00 2.00
36.857	S 1208273 -9.67 24.96 0.00 0.00 TRACK
36.877	>>> V 0.00 2.00
36.877	S 1208293 -9.67 24.96 0.00 0.00 TRACK
36.897	>>> V 0.00 2.00
36.897	S 1208313 -9.67 25.05 0.00 0.00 TRACK
36.917	>>> V 0.00 2.00
36.917	S 1208333 -9.67 25.14 0.00 1.37 TRACK
36.937	>>> V 0.00 2.00
36.937	S 1208353 -9.67 25.14 0.00 1.37 TRACK
36.957	>>> V 0.00 2.00
36.957	S 1208373 -9.67 25.14 0.00 1.37 TRACK
36.977	>>> V 0.00 2.00
36.977	S 1208393 -9.67 25.22 0.00 1.37 TRACK
36.996	>>> V 0.00 2.00
36.997	S 1208413 -9.67 25.22 0.00 0.00 TRACK
37.016	>>> V 0.00 2.00
37.017	S 1208433 -9.67 25.22 0.00 0.00 TRACK
37.036	>>> V 0.00 2.00
37.037	S 1208453 -9.67 25.22 0.00 0.00 TRACK
37.057	>>> V 0.00 2.00
37.057	S 1208473 -9.67 25.31 0.00 0.00 TRACK
37.077	>>> V 0.00 2.00
37.077	S 1208493 -9.67 25.40 0.00 1.37 TRACK
37.097	>>> V 0.00 2.00
37.097	S 1208513 -9.67 25.40 0.00 1.37 TRACK
37.117	>>> V 0.00 2.00
37.117	S 1208533 -9.67 25.40 0.00 1.37 TRACK
37.137	>>> V 0.00 2.00
37.137	S 1208553 -9.58 25.40 0.00 0.00 TRACK
37.157	>>> V 0.00 2.00
37.157	S 1208573 -9.67 25.40 0.00 0.00 TRACK
37.177	>>> V 0.00 2.00
37.177	S 1208593 -9.67 25.40 0.00 0.00 TRACK
37.197	>>> V 0.00 2.00
37.197	S 1208613 -9.67 25.49 0.00 0.00 TRACK
37.217	>>> V 0.00 2.00
37.217	S 1208633 -9.67 25.58 0.00 0.00 TRACK
37.236	>>> V 0.00 2.00
37.236	S 1208653 -9.67 25.66 0.00 1.37 TRACK
37.257	>>> V 0.00 2.00
37.257	S 1208673 -9.67 25.66 0.00 2.75 TRACK
37.277	>>> V 0.00 2.00
37.277	S 1208693 -9.67 25.66 0.00 2.75 TRACK
37.297	>>> V 0.00 2.00
37.297	S 1208713 -9.67 25.66 0.00 1.37 TRACK
37.317	>>> V 0.00 2.00
37.317	S 1208733 -9.67 25.66 0.00 0.00 TRACK
37.337	>>> V 0.00 2.00
37.337	S 1208753 -9.67 25.66 0.00 0.00 TRACK
37.357	>>> V 0.00 2.00
37.357	S 1208773 -9.67 25.66 0.00 0.00 TRACK
37.377	>>> V 0.00 2.00
37.377	S 1208793 -9.67 25.66 0.00 0.00 TRACK
37.396	>>> V 0.00 2.00
37.396	S 1208813 -9.67 25.75 0.00 0.00 TRACK
37.417	>>> V 0.00 2.00
37.417	S 1208833 -9.67 25.84 0.00 1.37 TRACK
37.436	>>> V 0.00 0.00
37.437	S 1208853 -9.67 25.84 0.00 1.37 TRACK
37.457	>>> V 0.00 0.00
37.457	S 1208873 -9.67 25.84 0.00 1.37 TRACK
37.476	>>> V 0.00 0.00
37.477	S 1208893 -9.67 25.84 0.00 0.00 TRACK
37.496	>>> V 0.00 0.00
37.497	S 1208913 -9.67 25.84 0.00 0.00 TRACK
37.516	>>> V 0.00 0.00
37.517	S 1208933 -9.67 25.84 0.00 0.00 TRACK
37.536	>>> V 0.00 0.00
37.537	S 1208953 -9.58 25.84 0.00 0.00 TRACK
37.556	>>> V 0.00 0.00
37.556	S 1208973 -9.67 25.84 0.00 0.00 TRACK
37.577	>>> V 0.00 0.00
37.577	S 1208993 -9.67 25.84 0.00 0.00 TRACK
37.596	>>> V 0.00 0.00
37.597	S 1209013 -9.67 25.84 0.00 0.00 TRACK
37.617	>>> V 0.00 0.00
37.617	S 1209033 -9.67 25.84 0.00 0.00 TRACK
37.637	>>> V 0.00 0.00
37.637	S 1209053 -9.58 25.84 0.00 0.00 TRACK
37.656	>>> V 0.00 0.00
37.656	S 1209073 -9.67 25.84 0.00 0.00 TRACK
37.676	>>> V 0.00 0.00
37.676	S 1209093 -9.67 25.84 0.00 0.00 TRACK
37.697	>>> V 0.00 0.00
37.697	S 1209113 -9.67 25.84 0.00 0.00 TRACK
37.716	>>> V 0.00 0.00
37.717	S 1209133 -9.67 25.84 0.00 0.00 TRACK
37.737	>>> V 0.00 0.00
37.737	S 1209153 -9.67 25.84 0.00 0.00 TRACK
37.756	>>> V 0.00 0.00
37.756	S 1209173 -9.67 25.84 0.00 0.00 TRACK
37.776	>>> V 0.00 0.00
37.777	S 1209193 -9.67 25.84 0.00 0.00 TRACK
37.796	>>> V 0.00 0.00
37.796	S 1209213 -9.67 25.84 0.00 0.00 TRACK
37.817	>>> V 0.00 0.00
37.817	S 1209233 -9.67 25.84 0.00 0.00 TRACK
37.837	>>> V 0.00 0.00
37.837	S 1209253 -9.67 25.84 0.00 0.00 TRACK
37.856	>>> V 0.00 0.00
37.857	S 1209273 -9.67 25.84 0.00 0.00 TRACK
37.877	>>> V 0.00 0.00
37.877	S 1209293 -9.67 25.84 0.00 0.00 TRACK
37.897	>>> V 0.00 0.00
37.898	S 1209313 -9.67 25.84 0.00 0.00 TRACK
37.917	>>> V 0.00 0.00
37.917	S 1209333 -9.67 25.84 0.00 0.00 TRACK
37.936	>>> V 0.00 0.00
37.937	S 1209353 -9.58 25.84 0.00 0.00 TRACK
37.956	>>> V 0.00 0.00
37.957	S 1209373 -9.67 25.84 0.00 0.00 TRACK
37.977	>>> V 0.00 0.00
37.978	S 1209393 -9.67 25.84 0.00 0.00 TRACK
37.997	>>> V 0.00 0.00
37.997	S 1209413 -9.67 25.84 0.00 0.00 TRACK
38.017	>>> V 0.00 0.00
38.017	S 1209434 -9.67 25.84 0.00 0.00 TRACK
38.036	>>> V 0.00 0.00
38.037	S 1209453 -9.67 25.84 0.00 0.00 TRACK
38.057	>>> V 0.00 0.00
38.058	S 1209473 -9.67 25.84 0.00 0.00 TRACK
38.076	>>> V 0.00 0.00
38.077	S 1209493 -9.67 25.84 0.00 0.00 TRACK
38.097	>>> V 0.00 0.00
38.097	S 1209513 -9.67 25.84 0.00 0.00 TRACK
38.117	>>> V 0.00 0.00
38.117	S 1209534 -9.67 25.84 0.00 0.00 TRACK
38.137	>>> V 0.00 0.00
38.137	S 1209553 -9.67 25.84 0.00 0.00 TRACK
38.157	>>> V 0.00 0.00
38.157	S 1209573 -9.67 25.84 0.00 0.00 TRACK
38.177	>>> V 0.00 0.00
38.177	S 1209594 -9.67 25.84 0.00 0.00 TRACK
38.197	>>> V 0.00 0.00
38.197	S 1209614 -9.67 25.84 0.00 0.00 TRACK
38.217	>>> V 0.00 0.00
38.217	S 1209634 -9.67 25.84 0.00 0.00 TRACK
38.237	>>> V 0.00 0.00
38.237	S 1209653 -9.67 25.84 0.00 0.00 TRACK
38.257	>>> V 0.00 0.00
38.257	S 1209673 -9.58 25.84 0.00 0.00 TRACK
38.277	>>> V 0.00 0.00
38.277	S 1209694 -9.67 25.84 0.00 0.00 TRACK
38.297	>>> V 0.00 0.00
38.297	S 1209714 -9.67 25.84 0.00 0.00 TRACK
38.317	>>> V 0.00 0.00
38.317	S 1209734 -9.67 25.84 0.00 0.00 TRACK
38.337	>>> V 0.00 0.00
38.337	S 1209753 -9.67 25.84 0.00 0.00 TRACK
38.357	>>> V 0.00 0.00
38.357	S 1209774 -9.58 25.93 0.00 0.00 TRACK
38.377	>>> V 0.00 0.00
38.377	S 1209794 -9.67 25.84 0.00 0.00 TRACK
38.397	>>> V 0.00 0.00
38.397	S 1209814 -9.67 25.84 0.00 0.00 TRACK
38.417	>>> V 0.00 0.00
38.417	S 1209834 -9.67 25.84 0.00 0.00 TRACK
38.437	>>> V 0.00 0.00
38.437	S 1209854 -9.67 25.84 0.00 0.00 TRACK
38.456	>>> V 0.00 0.00
38.456	S 1209874 -9.67 25.93 0.00 0.00 TRACK
38.476	>>> V 0.00 0.00
38.477	S 1209894 -9.67 25.84 0.00 0.00 TRACK
38.497	>>> V 0.00 0.00
38.497	S 1209914 -9.67 25.84 0.00 0.00 TRACK
38.516	>>> V 0.00 0.00
38.517	S 1209934 -9.67 25.84 0.00 0.00 TRACK
38.536	>>> V 0.00 0.00
38.536	S 1209954 -9.67 25.84 0.00 0.00 TRACK
38.557	>>> V 0.00 0.00
38.557	S 1209974 -9.67 25.84 0.00 0.00 TRACK
38.577	>>> V 0.00 0.00
38.577	S 1209994 -9.67 25.84 0.00 0.00 TRACK
38.597	>>> V 0.00 0.00
38.597	S 1210014 -9.67 25.84 0.00 0.00 TRACK
38.616	>>> V 0.00 0.00
38.616	S 1210033 -9.67 25.84 0.00 0.00 TRACK
38.637	>>> V 0.00 0.00
38.637	S 1210053 -9.67 25.84 0.00 0.00 TRACK
38.656	>>> V 0.00 0.00
38.656	S 1210073 -9.67 25.84 0.00 0.00 TRACK
38.677	>>> V 0.00 0.00
38.677	S 1210093 -9.67 25.93 0.00 0.00 TRACK
38.696	>>> V 0.00 0.00
38.697	S 1210113 -9.67 25.84 0.00 0.00 TRACK
38.717	>>> V 0.00 0.00
38.717	S 1210133 -9.67 25.84 0.00 0.00 TRACK
38.736	>>> V 0.00 0.00
38.736	S 1210153 -9.67 25.93 0.00 0.00 TRACK
38.756	>>> V 0.00 0.00
38.756	S 1210173 -9.67 25.84 0.00 0.00 TRACK
38.777	>>> V 0.00 0.00
38.777	S 1210193 -9.67 25.84 0.00 0.00 TRACK
38.797	>>> V 0.00 0.00
38.797	S 1210213 -9.58 25.84 0.00 0.00 TRACK
38.817	>>> V 0.00 0.00
38.817	S 1210233 -9.67 25.84 0.00 0.00 TRACK
38.837	>>> V 0.00 0.00
38.837	S 1210253 -9.67 25.84 0.00 0.00 TRACK
38.857	>>> V 0.00 0.00
38.857	S 1210273 -9.67 25.84 0.00 0.00 TRACK
38.876	>>> V 0.00 0.00
38.876	S 1210293 -9.67 25.84 0.00 0.00 TRACK
38.897	>>> V 0.00 0.00
38.897	S 1210313 -9.67 25.84 0.00 0.00 TRACK
38.916	>>> V 0.00 0.00
38.916	S 1210333 -9.67 25.84 0.00 0.00 TRACK
38.936	>>> V 0.00 0.00
38.937	S 1210353 -9.67 25.84 0.00 0.00 TRACK
38.957	>>> V 0.00 0.00
38.957	S 1210373 -9.67 25.84 0.00 0.00 TRACK
38.977	>>> V 0.00 0.00
38.977	S 1210393 -9.67 25.84 0.00 0.00 TRACK
38.997	>>> V 0.00 0.00
38.997	S 1210413 -9.67 25.84 0.00 0.00 TRACK
39.017	>>> V 0.00 0.00
39.017	S 1210433 -9.67 25.84 0.00 0.00 TRACK
39.037	>>> V 0.00 0.00
39.037	S 1210453 -9.67 25.84 0.00 0.00 TRACK
39.057	>>> V 0.00 0.00
39.057	S 1210473 -9.67 25.84 0.00 0.00 TRACK
39.077	>>> V 0.00 0.00
39.077	S 1210493 -9.67 25.84 0.00 0.00 TRACK
39.097	>>> V 0.00 0.00
39.097	S 1210514 -9.67 25.84 0.00 0.00 TRACK
39.116	>>> V 0.00 0.00
39.116	S 1210534 -9.67 25.84 0.00 0.00 TRACK
39.136	>>> V 0.00 0.00
39.136	S 1210554 -9.67 25.84 0.00 0.00 TRACK
39.157	>>> V 0.00 0.00
39.157	S 1210574 -9.67 25.84 0.00 0.00 TRACK
39.177	>>> V 0.00 0.00
39.177	S 1210594 -9.67 25.84 0.00 0.00 TRACK
39.196	>>> V 0.00 0.00
39.197	S 1210614 -9.58 25.93 0.00 0.00 TRACK
39.217	>>> V 0.00 0.00
39.217	S 1210634 -9.67 25.84 0.00 0.00 TRACK
39.237	>>> V 0.00 0.00
39.237	S 1210654 -9.67 25.84 0.00 0.00 TRACK
39.256	>>> V 0.00 0.00
39.257	S 1210674 -9.67 25.84 0.00 0.00 TRACK
39.277	>>> V 0.00 0.00
39.277	S 1210694 -9.67 25.84 0.00 0.00 TRACK
39.296	>>> V 0.00 0.00
39.297	S 1210714 -9.67 25.84 0.00 0.00 TRACK
39.317	>>> V 0.00 0.00
39.317	S 1210734 -9.67 25.84 0.00 0.00 TRACK
39.337	>>> V 0.00 0.00
39.337	S 1210754 -9.67 25.93 0.00 0.00 TRACK
39.357	>>> V 0.00 0.00
39.357	S 1210774 -9.67 25.84 0.00 0.00 TRACK
39.376	>>> V 0.00 0.00
39.377	S 1210794 -9.67 25.84 0.00 0.00 TRACK
39.396	>>> V 0.00 0.00
39.397	S 1210814 -9.67 25.84 0.00 0.00 TRACK
39.417	>>> V 0.00 0.00
39.417	S 1210834 -9.67 25.84 0.00 0.00 TRACK
39.437	>>> V 0.00 0.00
39.437	S 1210854 -9.67 25.84 0.00 0.00 TRACK
39.457	>>> V 0.00 0.00
39.457	S 1210874 -9.67 25.84 0.00 0.00 TRACK
39.477	>>> V 0.00 0.00
39.477	S 1210894 -9.67 25.84 0.00 0.00 TRACK
39.497	>>> V 0.00 0.00
39.497	S 1210914 -9.67 25.84 0.00 0.00 TRACK
39.517	>>> V 0.00 0.00
39.517	S 1210934 -9.67 25.84 0.00 0.00 TRACK
39.537	>>> V 0.00 0.00
39.537	S 1210954 -9.67 25.84 0.00 0.00 TRACK
39.557	>>> V 0.00 0.00
39.557	S 1210974 -9.67 25.84 0.00 0.00 TRACK
39.577	>>> V 0.00 0.00
39.577	S 1210994 -9.67 25.84 0.00 0.00 TRACK
39.597	>>> V 0.00 0.00
39.597	S 1211014 -9.67 25.84 0.00 0.00 TRACK
39.617	>>> V 0.00 0.00
39.617	S 1211033 -9.67 25.84 0.00 0.00 TRACK
39.637	>>> V 0.00 0.00
39.637	S 1211053 -9.67 25.84 0.00 0.00 TRACK
39.657	>>> V 0.00 0.00
39.657	S 1211074 -9.67 25.84 0.00 0.00 TRACK
39.677	>>> V 0.00 0.00
39.677	S 1211094 -9.67 25.84 0.00 0.00 TRACK
39.696	>>> V 0.00 0.00
39.697	S 1211114 -9.67 25.84 0.00 0.00 TRACK
39.717	>>> V 0.00 0.00
39.717	S 1211133 -9.67 25.84 0.00 0.00 TRACK
39.736	>>> V 0.00 0.00
39.737	S 1211154 -9.67 25.84 0.00 0.00 TRACK
39.756	>>> V 0.00 0.00
39.757	S 1211174 -9.67 25.84 0.00 0.00 TRACK
39.777	>>> V 0.00 0.00
39.777	S 1211194 -9.67 25.84 0.00 0.00 TRACK
39.797	>>> V 0.00 0.00
39.797	S 1211214 -9.67 25.84 0.00 0.00 TRACK
39.817	>>> V 0.00 0.00
39.817	S 1211234 -9.67 25.84 0.00 0.00 TRACK
39.836	>>> V 0.00 0.00
39.836	S 1211254 -9.67 25.84 0.00 0.00 TRACK
39.856	>>> V 0.00 0.00
39.857	S 1211274 -9.67 25.84 0.00 0.00 TRACK
39.877	>>> V 0.00 0.00
39.877	S 1211294 -9.67 25.84 0.00 0.00 TRACK
39.897	>>> V 0.00 0.00
39.897	S 1211314 -9.67 25.84 0.00 0.00 TRACK
39.917	>>> V 0.00 0.00
39.917	S 1211334 -9.67 25.84 0.00 0.00 TRACK
39.937	>>> V 0.00 0.00
39.937	S 1211354 -9.58 25.84 0.00 0.00 TRACK
39.957	>>> V 0.00 0.00
39.957	S 1211374 -9.67 25.84 0.00 0.00 TRACK
39.976	>>> V 0.00 0.00
39.976	S 1211394 -9.67 25.93 0.00 0.00 TRACK
39.997	>>> V 0.00 0.00
39.997	S 1211414 -9.67 25.84 0.00 0.00 TRACK
40.016	>>> V 0.00 0.00
40.016	S 1211434 -9.67 25.84 0.00 0.00 TRACK
40.036	>>> V 0.00 0.00
40.037	S 1211454 -9.58 25.84 0.00 0.00 TRACK
40.056	>>> V 0.00 0.00
40.057	S 1211474 -9.67 25.84 0.00 0.00 TRACK
40.077	>>> V 0.00 0.00
40.077	S 1211494 -9.67 25.84 0.00 0.00 TRACK
40.097	>>> V 0.00 0.00
40.097	S 1211514 -9.67 25.84 0.00 0.00 TRACK
40.117	>>> V 0.00 0.00
40.117	S 1211534 -9.58 25.93 0.00 0.00 TRACK
40.136	>>> V 0.00 0.00
40.136	S 1211554 -9.67 25.84 0.00 0.00 TRACK
40.157	>>> V 0.00 0.00
40.157	S 1211574 -9.67 25.84 0.00 0.00 TRACK
40.177	>>> V 0.00 0.00
40.177	S 1211594 -9.58 25.84 0.00 0.00 TRACK
40.197	>>> V 0.00 0.00
40.197	S 1211614 -9.67 25.84 0.00 0.00 TRACK
40.217	>>> V 0.00 0.00
40.217	S 1211634 -9.67 25.84 0.00 0.00 TRACK
40.237	>>> V 0.00 0.00
40.237	S 1211654 -9.67 25.84 0.00 0.00 TRACK
40.257	>>> V 0.00 0.00
40.257	S 1211674 -9.67 25.84 0.00 0.00 TRACK
40.277	>>> V 0.00 0.00
40.277	S 1211694 -9.67 25.84 0.00 0.00 TRACK
40.297	>>> V 0.00 0.00
40.297	S 1211714 -9.67 25.84 0.00 0.00 TRACK
40.317	>>> V 0.00 0.00
40.317	S 1211734 -9.67 25.84 0.00 0.00 TRACK
40.337	>>> V 0.00 0.00
40.337	S 1211754 -9.67 25.84 0.00 0.00 TRACK
40.357	>>> V 0.00 0.00
40.359	S 1211774 -9.67 25.84 0.00 0.00 TRACK
40.376	>>> V 0.00 0.00
40.376	S 1211794 -9.67 25.84 0.00 0.00 TRACK
40.397	>>> V 0.00 0.00
40.397	S 1211814 -9.58 25.84 0.00 0.00 TRACK
40.417	>>> V 0.00 0.00
40.417	S 1211834 -9.67 25.84 0.00 0.00 TRACK
40.437	>>> V 0.00 0.00
40.437	S 1211854 -9.67 25.84 0.00 0.00 TRACK
40.457	>>> V 0.00 0.00
40.457	S 1211874 -9.67 25.84 0.00 0.00 TRACK
40.477	>>> V 0.00 0.00
40.477	S 1211894 -9.67 25.84 0.00 0.00 TRACK
40.497	>>> V 0.00 0.00
40.497	S 1211914 -9.67 25.84 0.00 0.00 TRACK
40.517	>>> V 0.00 0.00
40.517	S 1211934 -9.67 25.84 0.00 0.00 TRACK
40.537	>>> V 0.00 0.00
40.537	S 1211954 -9.67 25.84 0.00 0.00 TRACK
40.557	>>> V 0.00 0.00
40.557	S 1211974 -9.67 25.84 0.00 0.00 TRACK
40.576	>>> V 0.00 0.00
40.576	S 1211994 -9.67 25.93 0.00 0.00 TRACK
40.597	>>> V 0.00 0.00
40.597	S 1212014 -9.67 25.84 0.00 0.00 TRACK
40.617	>>> V 0.00 0.00
40.617	S 1212034 -9.67 25.84 0.00 0.00 TRACK
40.637	>>> V 0.00 0.00
40.637	S 1212054 -9.67 25.84 0.00 0.00 TRACK
40.657	>>> V 0.00 0.00
40.657	S 1212074 -9.67 25.93 0.00 0.00 TRACK
40.677	>>> V 0.00 0.00
40.677	S 1212094 -9.67 25.84 0.00 0.00 TRACK
40.697	>>> V 0.00 0.00
40.697	S 1212114 -9.67 25.84 0.00 0.00 TRACK
40.717	>>> V 0.00 0.00
40.717	S 1212134 -9.67 25.84 0.00 0.00 TRACK
40.737	>>> V 0.00 0.00
40.737	S 1212154 -9.67 25.93 0.00 0.00 TRACK
40.757	>>> V 0.00 0.00
40.757	S 1212174 -9.67 25.84 0.00 0.00 TRACK
40.777	>>> V 0.00 0.00
40.777	S 1212194 -9.67 25.84 0.00 0.00 TRACK
40.797	>>> V 0.00 0.00
40.797	S 1212214 -9.67 25.84 0.00 0.00 TRACK
40.817	>>> V 0.00 0.00
40.817	S 1212234 -9.67 25.84 0.00 0.00 TRACK
40.836	>>> V 0.00 0.00
40.837	S 1212254 -9.67 25.84 0.00 0.00 TRACK
40.857	>>> V 0.00 0.00
40.857	S 1212274 -9.67 25.84 0.00 0.00 TRACK
40.877	>>> V 0.00 0.00
40.877	S 1212294 -9.67 25.84 0.00 0.00 TRACK
40.897	>>> V 0.00 0.00
40.897	S 1212314 -9.67 25.84 0.00 0.00 TRACK
40.917	>>> V 0.00 0.00
40.917	S 1212334 -9.67 25.84 0.00 0.00 TRACK
40.936	>>> V 0.00 0.00
40.937	S 1212354 -9.67 25.84 0.00 0.00 TRACK
40.957	>>> V 0.00 0.00
40.957	S 1212374 -9.67 25.84 0.00 0.00 TRACK
40.977	>>> V 0.00 0.00
40.977	S 1212394 -9.67 25.84 0.00 0.00 TRACK
40.996	>>> V 0.00 0.00
40.997	S 1212414 -9.67 25.84 0.00 0.00 TRACK
41.017	>>> V 0.00 0.00
41.017	S 1212434 -9.67 25.84 0.00 0.00 TRACK
41.036	>>> V 0.00 0.00
41.036	S 1212454 -9.67 25.84 0.00 0.00 TRACK
41.057	>>> V 0.00 0.00
41.057	S 1212474 -9.67 25.84 0.00 0.00 TRACK
41.077	>>> V 0.00 0.00
41.077	S 1212494 -9.67 25.84 0.00 0.00 TRACK
41.097	>>> V 0.00 0.00
41.097	S 1212514 -9.67 25.84 0.00 0.00 TRACK
41.116	>>> V 0.00 0.00
41.116	S 1212534 -9.67 25.84 0.00 0.00 TRACK
41.137	>>> V 0.00 0.00
41.137	S 1212554 -9.67 25.84 0.00 0.00 TRACK
41.156	>>> V 0.00 0.00
41.156	S 1212574 -9.67 25.84 0.00 0.00 TRACK
41.177	>>> V 0.00 0.00
41.177	S 1212594 -9.67 25.84 0.00 0.00 TRACK
41.197	>>> V 0.00 0.00
41.197	S 1212614 -9.67 25.84 0.00 0.00 TRACK
41.217	>>> V 0.00 0.00
41.217	S 1212634 -9.67 25.84 0.00 0.00 TRACK
41.237	>>> V 0.00 0.00
41.237	S 1212654 -9.67 25.84 0.00 0.00 TRACK
41.256	>>> V 0.00 0.00
41.256	S 1212674 -9.58 25.84 0.00 0.00 TRACK
41.277	>>> V 0.00 0.00
41.277	S 1212694 -9.67 25.84 0.00 0.00 TRACK
41.296	>>> V 0.00 0.00
41.296	S 1212714 -9.67 25.93 0.00 0.00 TRACK
41.317	>>> V 0.00 0.00
41.317	S 1212734 -9.67 25.84 0.00 0.00 TRACK
41.336	>>> V 0.00 0.00
41.336	S 1212754 -9.67 25.84 0.00 0.00 TRACK
41.356	>>> V 0.00 0.00
41.359	S 1212774 -9.67 25.84 0.00 0.00 TRACK
41.377	>>> V 0.00 0.00
41.377	S 1212794 -9.67 25.84 0.00 0.00 TRACK
41.397	>>> V 0.00 0.00
41.397	S 1212814 -9.67 25.84 0.00 0.00 TRACK
41.417	>>> V 0.00 0.00
41.417	S 1212834 -9.67 25.84 0.00 0.00 TRACK
41.437	>>> V 0.00 0.00
41.437	S 1212854 -9.67 25.84 0.00 0.00 TRACK
41.457	>>> V 0.00 0.00
41.457	S 1212874 -9.67 25.84 0.00 0.00 TRACK
41.477	>>> V 0.00 0.00
41.477	S 1212894 -9.67 25.84 0.00 0.00 TRACK
41.497	>>> V 0.00 0.00
41.497	S 1212914 -9.67 25.84 0.00 0.00 TRACK
41.517	>>> V 0.00 0.00
41.517	S 1212934 -9.67 25.84 0.00 0.00 TRACK
41.537	>>> V 0.00 0.00
41.537	S 1212954 -9.67 25.84 0.00 0.00 TRACK
41.557	>>> V 0.00 0.00
41.557	S 1212974 -9.67 25.84 0.00 0.00 TRACK
41.577	>>> V 0.00 0.00
41.577	S 1212994 -9.67 25.84 0.00 0.00 TRACK
41.597	>>> V 0.00 0.00
41.597	S 1213014 -9.67 25.84 0.00 0.00 TRACK
41.617	>>> V 0.00 0.00
41.617	S 1213034 -9.67 25.84 0.00 0.00 TRACK
41.637	>>> V 0.00 0.00
41.637	S 1213054 -9.67 25.84 0.00 0.00 TRACK
41.657	>>> V 0.00 0.00
41.657	S 1213074 -9.67 25.93 0.00 0.00 TRACK
41.677	>>> V 0.00 0.00
41.677	S 1213094 -9.67 25.84 0.00 0.00 TRACK
41.696	>>> V 0.00 0.00
41.697	S 1213114 -9.67 25.84 0.00 0.00 TRACK
41.717	>>> V 0.00 0.00
41.717	S 1213134 -9.67 25.84 0.00 0.00 TRACK
41.737	>>> V 0.00 0.00
41.737	S 1213154 -9.67 25.84 0.00 0.00 TRACK
41.757	>>> V 0.00 0.00
41.757	S 1213174 -9.67 25.84 0.00 0.00 TRACK
41.777	>>> V 0.00 0.00
41.777	S 1213194 -9.67 25.84 0.00 0.00 TRACK
41.796	>>> V 0.00 0.00
41.796	S 1213214 -9.67 25.84 0.00 0.00 TRACK
41.817	>>> V 0.00 0.00
41.817	S 1213234 -9.67 25.84 0.00 0.00 TRACK
41.837	>>> V 0.00 0.00
41.837	S 1213254 -9.67 25.84 0.00 0.00 TRACK
41.857	>>> V 0.00 0.00
41.857	S 1213274 -9.67 25.84 0.00 0.00 TRACK
41.877	>>> V 0.00 0.00
41.877	S 1213294 -9.67 25.84 0.00 0.00 TRACK
41.896	>>> V 0.00 0.00
41.896	S 1213314 -9.67 25.84 0.00 0.00 TRACK
41.916	>>> V 0.00 0.00
41.916	S 1213334 -9.67 25.84 0.00 0.00 TRACK
41.937	>>> V 0.00 0.00
41.937	S 1213354 -9.67 25.84 0.00 0.00 TRACK
41.957	>>> V 0.00 0.00
41.957	S 1213374 -9.67 25.84 0.00 0.00 TRACK
41.977	>>> V 0.00 0.00
41.977	S 1213394 -9.67 25.84 0.00 0.00 TRACK
41.997	>>> V 0.00 0.00
41.997	S 1213414 -9.67 25.84 0.00 0.00 TRACK
42.016	>>> V 0.00 0.00
42.017	S 1213434 -9.67 25.84 0.00 0.00 TRACK
42.037	>>> V 0.00 0.00
42.037	S 1213454 -9.67 25.84 0.00 0.00 TRACK
42.056	>>> V 0.00 0.00
42.057	S 1213474 -9.67 25.84 0.00 0.00 TRACK
42.077	>>> V 0.00 0.00
42.077	S 1213494 -9.67 25.84 0.00 0.00 TRACK
42.097	>>> V 0.00 0.00
42.097	S 1213514 -9.67 25.84 0.00 0.00 TRACK
42.117	>>> V 0.00 0.00
42.117	S 1213534 -9.67 25.84 0.00 0.00 TRACK
42.137	>>> V 0.00 0.00
42.137	S 1213554 -9.67 25.84 0.00 0.00 TRACK
42.157	>>> V 0.00 0.00
42.157	S 1213574 -9.67 25.84 0.00 0.00 TRACK
42.177	>>> V 0.00 0.00
42.177	S 1213594 -9.67 25.84 0.00 0.00 TRACK
42.197	>>> V 0.00 0.00
42.197	S 1213614 -9.67 25.84 0.00 0.00 TRACK
42.217	>>> V 0.00 0.00
42.217	S 1213634 -9.67 25.84 0.00 0.00 TRACK
42.236	>>> V 0.00 0.00
42.236	S 1213654 -9.67 25.84 0.00 0.00 TRACK
42.257	>>> V 0.00 0.00
42.257	S 1213674 -9.67 25.84 0.00 0.00 TRACK
42.277	>>> V 0.00 0.00
42.277	S 1213694 -9.67 25.84 0.00 0.00 TRACK
42.296	>>> V 0.00 0.00
42.296	S 1213714 -9.58 25.84 0.00 0.00 TRACK
42.316	>>> V 0.00 0.00
42.316	S 1213734 -9.67 25.84 0.00 0.00 TRACK
42.337	>>> V 0.00 0.00
42.337	S 1213754 -9.67 25.84 0.00 0.00 TRACK
42.356	>>> V 0.00 0.00
42.357	S 1213774 -9.67 25.84 0.00 0.00 TRACK
42.376	>>> V 0.00 0.00
42.377	S 1213794 -9.67 25.84 0.00 0.00 TRACK
42.397	>>> V 0.00 0.00
42.397	S 1213814 -9.67 25.84 0.00 0.00 TRACK
42.417	>>> V 0.00 0.00
42.417	S 1213834 -9.67 25.84 0.00 0.00 TRACK
42.436	>>> V 0.00 0.00
42.436	S 1213854 -9.67 25.84 0.00 0.00 TRACK
42.456	>>> V 0.00 0.00
42.456	S 1213874 -9.67 25.93 0.00 0.00 TRACK
42.476	>>> V 0.00 0.00
42.476	S 1213894 -9.67 25.84 0.00 0.00 TRACK
42.497	>>> V 0.00 0.00
42.497	S 1213914 -9.67 25.84 0.00 0.00 TRACK
42.517	>>> V 0.00 0.00
42.517	S 1213934 -9.67 25.84 0.00 0.00 TRACK
42.537	>>> V 0.00 0.00
42.537	S 1213954 -9.67 25.84 0.00 0.00 TRACK
42.557	>>> V 0.00 0.00
42.557	S 1213974 -9.67 25.84 0.00 0.00 TRACK
42.576	>>> V 0.00 0.00
42.576	S 1213994 -9.67 25.84 0.00 0.00 TRACK
42.597	>>> V 0.00 0.00
42.597	S 1214014 -9.67 25.84 0.00 0.00 TRACK
42.616	>>> V 0.00 0.00
42.616	S 1214034 -9.58 25.84 0.00 0.00 TRACK
42.636	>>> V 0.00 0.00
42.637	S 1214054 -9.67 25.84 0.00 0.00 TRACK
42.656	>>> V 0.00 0.00
42.657	S 1214074 -9.67 25.84 0.00 0.00 TRACK
42.676	>>> V 0.00 0.00
42.677	S 1214094 -9.67 25.84 0.00 0.00 TRACK
42.696	>>> V 0.00 0.00
42.697	S 1214114 -9.67 25.84 0.00 0.00 TRACK
42.717	>>> V 0.00 0.00
42.717	S 1214134 -9.67 25.84 0.00 0.00 TRACK
42.737	>>> V 0.00 0.00
42.737	S 1214154 -9.67 25.84 0.00 0.00 TRACK
42.757	>>> V 0.00 0.00
42.757	S 1214174 -9.67 25.84 0.00 0.00 TRACK
42.777	>>> V 0.00 0.00
42.777	S 1214194 -9.67 25.84 0.00 0.00 TRACK
42.797	>>> V 0.00 0.00
42.797	S 1214214 -9.58 25.93 0.00 0.00 TRACK
42.817	>>> V 0.00 0.00
42.817	S 1214234 -9.67 25.84 0.00 0.00 TRACK
42.837	>>> V 0.00 0.00
42.837	S 1214254 -9.67 25.84 0.00 0.00 TRACK
42.857	>>> V 0.00 0.00
42.857	S 1214274 -9.67 25.84 0.00 0.00 TRACK
42.877	>>> V 0.00 0.00
42.877	S 1214294 -9.67 25.84 0.00 0.00 TRACK
42.897	>>> V 0.00 0.00
42.897	S 1214314 -9.67 25.84 0.00 0.00 TRACK
42.917	>>> V 0.00 0.00
42.917	S 1214334 -9.67 25.84 0.00 0.00 TRACK
42.937	>>> V 0.00 0.00
42.937	S 1214354 -9.67 25.84 0.00 0.00 TRACK
42.957	>>> V 0.00 0.00
42.957	S 1214374 -9.67 25.84 0.00 0.00 TRACK
42.976	>>> V 0.00 0.00
42.976	S 1214394 -9.67 25.84 0.00 0.00 TRACK
42.997	>>> V 0.00 0.00
42.997	S 1214414 -9.58 25.84 0.00 0.00 TRACK
43.017	>>> V 0.00 0.00
43.017	S 1214434 -9.67 25.84 0.00 0.00 TRACK
43.036	>>> V 0.00 0.00
43.037	S 1214454 -9.67 25.84 0.00 0.00 TRACK
43.056	>>> V 0.00 0.00
43.057	S 1214474 -9.67 25.84 0.00 0.00 TRACK
43.077	>>> V 0.00 0.00
43.077	S 1214494 -9.67 25.84 0.00 0.00 TRACK
43.097	>>> V 0.00 0.00
43.097	S 1214514 -9.67 25.84 0.00 0.00 TRACK
43.116	>>> V 0.00 0.00
43.116	S 1214534 -9.67 25.84 0.00 0.00 TRACK
43.137	>>> V 0.00 0.00
43.137	S 1214554 -9.67 25.84 0.00 0.00 TRACK
43.157	>>> V 0.00 0.00
43.157	S 1214574 -9.58 25.84 0.00 0.00 TRACK
43.177	>>> V 0.00 0.00
43.177	S 1214594 -9.67 25.84 0.00 0.00 TRACK
43.197	>>> V 0.00 0.00
43.197	S 1214614 -9.67 25.84 0.00 0.00 TRACK
43.217	>>> V 0.00 0.00
43.217	S 1214634 -9.67 25.84 0.00 0.00 TRACK
43.237	>>> V 0.00 0.00
43.237	S 1214654 -9.67 25.93 0.00 0.00 TRACK
43.257	>>> V 0.00 0.00
43.257	S 1214674 -9.67 25.84 0.00 0.00 TRACK
43.276	>>> V 0.00 0.00
43.277	S 1214694 -9.67 25.84 0.00 0.00 TRACK
43.297	>>> V 0.00 0.00
43.297	S 1214714 -9.67 25.84 0.00 0.00 TRACK
43.316	>>> V 0.00 0.00
43.316	S 1214734 -9.67 25.84 0.00 0.00 TRACK
43.336	>>> V 0.00 0.00
43.337	S 1214754 -9.67 25.84 0.00 0.00 TRACK
43.357	>>> V 0.00 0.00
43.359	S 1214774 -9.67 25.84 0.00 0.00 TRACK
43.377	>>> V 0.00 0.00
43.377	S 1214794 -9.67 25.84 0.00 0.00 TRACK
43.397	>>> V 0.00 0.00
43.397	S 1214814 -9.67 25.84 0.00 0.00 TRACK
43.416	>>> V 0.00 0.00
43.417	S 1214834 -9.67 25.84 0.00 0.00 TRACK
43.436	>>> V 0.00 0.00
43.436	S 1214854 -9.67 25.84 0.00 0.00 TRACK
43.456	>>> V 0.00 0.00
43.456	S 1214874 -9.67 25.84 0.00 0.00 TRACK
43.477	>>> V 0.00 0.00
43.477	S 1214894 -9.67 25.84 0.00 0.00 TRACK
43.497	>>> V 0.00 0.00
43.497	S 1214914 -9.67 25.84 0.00 0.00 TRACK
43.517	>>> V 0.00 0.00
43.517	S 1214934 -9.67 25.84 0.00 0.00 TRACK
43.536	>>> V 0.00 0.00
43.537	S 1214954 -9.67 25.84 0.00 0.00 TRACK
43.556	>>> V 0.00 0.00
43.556	S 1214974 -9.67 25.84 0.00 0.00 TRACK
43.576	>>> V 0.00 0.00
43.576	S 1214994 -9.67 25.84 0.00 0.00 TRACK
43.596	>>> V 0.00 0.00
43.597	S 1215014 -9.67 25.84 0.00 0.00 TRACK
43.617	>>> V 0.00 0.00
43.617	S 1215034 -9.67 25.84 0.00 0.00 TRACK
43.637	>>> V 0.00 0.00
43.637	S 1215054 -9.67 25.84 0.00 0.00 TRACK
43.657	>>> V 0.00 0.00
43.657	S 1215074 -9.67 25.84 0.00 0.00 TRACK
43.676	>>> V 0.00 0.00
43.676	S 1215094 -9.67 25.84 0.00 0.00 TRACK
43.696	>>> V 0.00 0.00
43.697	S 1215114 -9.67 25.84 0.00 0.00 TRACK
43.717	>>> V 0.00 0.00
43.717	S 1215134 -9.67 25.84 0.00 0.00 TRACK
43.737	>>> V 0.00 0.00
43.737	S 1215154 -9.67 25.84 0.00 0.00 TRACK
43.757	>>> V 0.00 0.00
43.757	S 1215174 -9.67 25.84 0.00 0.00 TRACK
43.777	>>> V 0.00 0.00
43.777	S 1215194 -9.67 25.84 0.00 0.00 TRACK
43.797	>>> V 0.00 0.00
43.797	S 1215214 -9.67 25.84 0.00 0.00 TRACK
43.817	>>> V 0.00 0.00
43.817	S 1215234 -9.67 25.84 0.00 0.00 TRACK
43.837	>>> V 0.00 0.00
43.837	S 1215254 -9.67 25.84 0.00 0.00 TRACK
43.857	>>> V 0.00 0.00
43.857	S 1215274 -9.67 25.84 0.00 0.00 TRACK
43.877	>>> V 0.00 0.00
43.877	S 1215294 -9.67 25.84 0.00 0.00 TRACK
43.897	>>> V 0.00 0.00
43.897	S 1215314 -9.67 25.84 0.00 0.00 TRACK
43.917	>>> V 0.00 0.00
43.917	S 1215334 -9.67 25.93 0.00 0.00 TRACK
43.936	>>> V 0.00 0.00
43.937	S 1215354 -9.67 25.84 0.00 0.00 TRACK
43.957	>>> V 0.00 0.00
43.957	S 1215374 -9.67 25.84 0.00 0.00 TRACK
43.977	>>> V 0.00 0.00
43.977	S 1215394 -9.67 25.84 0.00 0.00 TRACK
43.996	>>> V 0.00 0.00
43.996	S 1215414 -9.67 25.84 0.00 0.00 TRACK
44.016	>>> V 0.00 0.00
44.016	S 1215434 -9.67 25.93 0.00 0.00 TRACK
44.036	>>> V 0.00 0.00
44.036	S 1215454 -9.67 25.84 0.00 0.00 TRACK
44.056	>>> V 0.00 0.00
44.056	S 1215474 -9.67 25.84 0.00 0.00 TRACK
44.076	>>> V 0.00 0.00
44.077	S 1215494 -9.67 25.84 0.00 0.00 TRACK
44.096	>>> V 0.00 0.00
44.096	S 1215514 -9.67 25.84 0.00 0.00 TRACK
44.117	>>> V 0.00 0.00
44.117	S 1215534 -9.67 25.84 0.00 0.00 TRACK
44.137	>>> V 0.00 0.00
44.137	S 1215554 -9.67 25.84 0.00 0.00 TRACK
44.157	>>> V 0.00 0.00
44.157	S 1215574 -9.67 25.93 0.00 0.00 TRACK
44.176	>>> V 0.00 0.00
44.177	S 1215594 -9.67 25.84 0.00 0.00 TRACK
44.196	>>> V 0.00 0.00
44.197	S 1215614 -9.67 25.84 0.00 0.00 TRACK
44.217	>>> V 0.00 0.00
44.217	S 1215634 -9.67 25.84 0.00 0.00 TRACK
44.237	>>> V 0.00 0.00
44.237	S 1215654 -9.67 25.84 0.00 0.00 TRACK
44.256	>>> V 0.00 0.00
44.257	S 1215674 -9.67 25.84 0.00 0.00 TRACK
44.277	>>> V 0.00 0.00
44.277	S 1215694 -9.67 25.84 0.00 0.00 TRACK
44.296	>>> V 0.00 0.00
44.296	S 1215714 -9.67 25.93 0.00 0.00 TRACK
44.316	>>> V 0.00 0.00
44.316	S 1215734 -9.67 25.84 0.00 0.00 TRACK
44.336	>>> V 0.00 0.00
44.336	S 1215754 -9.67 25.84 0.00 0.00 TRACK
44.357	>>> V 0.00 0.00
44.360	S 1215774 -9.67 25.84 0.00 0.00 TRACK
44.376	>>> V 0.00 0.00
44.377	S 1215794 -9.67 25.84 0.00 0.00 TRACK
44.397	>>> V 0.00 0.00
44.397	S 1215814 -9.67 25.84 0.00 0.00 TRACK
44.417	>>> V 0.00 0.00
44.417	S 1215834 -9.67 25.84 0.00 0.00 TRACK
44.437	>>> V 0.00 0.00
44.437	S 1215854 -9.67 25.84 0.00 0.00 TRACK
44.457	>>> V 0.00 0.00
44.457	S 1215874 -9.67 25.84 0.00 0.00 TRACK
44.477	>>> V 0.00 0.00
44.477	S 1215894 -9.67 25.84 0.00 0.00 TRACK
44.497	>>> V 0.00 0.00
44.497	S 1215914 -9.67 25.93 0.00 0.00 TRACK
44.517	>>> V 0.00 0.00
44.517	S 1215934 -9.67 25.84 0.00 0.00 TRACK
44.536	>>> V 0.00 0.00
44.537	S 1215954 -9.58 25.93 0.00 0.00 TRACK
44.557	>>> V 0.00 0.00
44.557	S 1215974 -9.67 25.84 0.00 0.00 TRACK
44.577	>>> V 0.00 0.00
44.577	S 1215994 -9.67 25.84 0.00 0.00 TRACK
44.596	>>> V 0.00 0.00
44.597	S 1216014 -9.67 25.84 0.00 0.00 TRACK
44.616	>>> V 0.00 0.00
44.617	S 1216034 -9.67 25.84 0.00 0.00 TRACK
44.636	>>> V 0.00 0.00
44.637	S 1216054 -9.67 25.84 0.00 0.00 TRACK
44.657	>>> V 0.00 0.00
44.657	S 1216074 -9.67 25.84 0.00 0.00 TRACK
44.676	>>> V 0.00 0.00
44.677	S 1216094 -9.67 25.84 0.00 0.00 TRACK
44.697	>>> V 0.00 0.00
44.697	S 1216114 -9.67 25.84 0.00 0.00 TRACK
44.717	>>> V 0.00 0.00
44.717	S 1216134 -9.67 25.84 0.00 0.00 TRACK
44.736	>>> V 0.00 0.00
44.737	S 1216154 -9.67 25.84 0.00 0.00 TRACK
44.757	>>> V 0.00 0.00
44.757	S 1216174 -9.67 25.84 0.00 0.00 TRACK
44.776	>>> V 0.00 0.00
44.777	S 1216194 -9.67 25.84 0.00 0.00 TRACK
44.797	>>> V 0.00 0.00
44.797	S 1216214 -9.58 25.84 0.00 0.00 TRACK
44.817	>>> V 0.00 0.00
44.817	S 1216234 -9.67 25.84 0.00 0.00 TRACK
44.837	>>> V 0.00 0.00
44.837	S 1216254 -9.67 25.84 0.00 0.00 TRACK
44.857	>>> V 0.00 0.00
44.857	S 1216274 -9.67 25.84 0.00 0.00 TRACK
44.877	>>> V 0.00 0.00
44.877	S 1216294 -9.67 25.84 0.00 0.00 TRACK
44.896	>>> V 0.00 0.00
44.896	S 1216314 -9.67 25.84 0.00 0.00 TRACK
44.917	>>> V 0.00 0.00
44.917	S 1216334 -9.67 25.84 0.00 0.00 TRACK
44.937	>>> V 0.00 0.00
44.937	S 1216354 -9.67 25.84 0.00 0.00 TRACK
44.957	>>> V 0.00 0.00
44.957	S 1216374 -9.67 25.84 0.00 0.00 TRACK
44.977	>>> V 0.00 0.00
44.977	S 1216394 -9.67 25.84 0.00 0.00 TRACK
44.997	>>> V 0.00 0.00
44.997	S 1216414 -9.67 25.84 0.00 0.00 TRACK
45.016	>>> V 0.00 0.00
45.017	S 1216434 -9.67 25.84 0.00 0.00 TRACK
45.036	>>> V 0.00 0.00
45.036	S 1216454 -9.67 25.84 0.00 0.00 TRACK
45.057	>>> V 0.00 0.00
45.057	S 1216474 -9.67 25.84 0.00 0.00 TRACK
45.077	>>> V 0.00 0.00
45.077	S 1216494 -9.67 25.84 0.00 0.00 TRACK
45.097	>>> V 0.00 0.00
45.097	S 1216514 -9.67 25.84 0.00 0.00 TRACK
45.117	>>> V 0.00 0.00
45.117	S 1216534 -9.67 25.84 0.00 0.00 TRACK
45.137	>>> V 0.00 0.00
45.137	S 1216554 -9.67 25.84 0.00 0.00 TRACK
45.156	>>> V 0.00 0.00
45.156	S 1216574 -9.67 25.84 0.00 0.00 TRACK
45.177	>>> V 0.00 0.00
45.177	S 1216594 -9.67 25.84 0.00 0.00 TRACK
45.197	>>> V 0.00 0.00
45.197	S 1216614 -9.67 25.84 0.00 0.00 TRACK
45.216	>>> V 0.00 0.00
45.216	S 1216634 -9.67 25.84 0.00 0.00 TRACK
45.236	>>> V 0.00 0.00
45.236	S 1216654 -9.67 25.93 0.00 0.00 TRACK
45.256	>>> V 0.00 0.00
45.257	S 1216674 -9.67 25.84 0.00 0.00 TRACK
45.276	>>> V 0.00 0.00
45.276	S 1216694 -9.67 25.84 0.00 0.00 TRACK
45.296	>>> V 0.00 0.00
45.296	S 1216714 -9.67 25.84 0.00 0.00 TRACK
45.316	>>> V 0.00 0.00
45.317	S 1216734 -9.67 25.84 0.00 0.00 TRACK
45.336	>>> V 0.00 0.00
45.336	S 1216754 -9.67 25.84 0.00 0.00 TRACK
45.357	>>> V 0.00 0.00
45.357	S 1216774 -9.67 25.84 0.00 0.00 TRACK
45.377	>>> V 0.00 0.00
45.377	S 1216794 -9.67 25.84 0.00 0.00 TRACK
45.396	>>> V 0.00 0.00
45.397	S 1216814 -9.67 25.84 0.00 0.00 TRACK
45.416	>>> V 0.00 0.00
45.417	S 1216834 -9.67 25.93 0.00 0.00 TRACK
45.436	>>> V 0.00 0.00
45.436	S 1216854 -9.58 25.84 0.00 0.00 TRACK
45.456	>>> V 0.00 0.00
45.456	S 1216874 -9.67 25.84 0.00 0.00 TRACK
45.476	>>> V 0.00 0.00
45.476	S 1216894 -9.67 25.84 0.00 0.00 TRACK
45.497	>>> V 0.00 0.00
45.497	S 1216914 -9.67 25.84 0.00 0.00 TRACK
45.517	>>> V 0.00 0.00
45.517	S 1216934 -9.67 25.84 0.00 0.00 TRACK
45.536	>>> V 0.00 0.00
45.536	S 1216954 -9.67 25.84 0.00 0.00 TRACK
45.557	>>> V 0.00 0.00
45.557	S 1216974 -9.67 25.84 0.00 0.00 TRACK
45.576	>>> V 0.00 0.00
45.577	S 1216994 -9.67 25.84 0.00 0.00 TRACK
45.597	>>> V 0.00 0.00
45.597	S 1217014 -9.67 25.84 0.00 0.00 TRACK
45.617	>>> V 0.00 0.00
45.617	S 1217034 -9.67 25.84 0.00 0.00 TRACK
45.637	>>> V 0.00 0.00
45.637	S 1217054 -9.67 25.84 0.00 0.00 TRACK
45.656	>>> V 0.00 0.00
45.657	S 1217074 -9.67 25.84 0.00 0.00 TRACK
45.677	>>> V 0.00 0.00
45.677	S 1217094 -9.67 25.84 0.00 0.00 TRACK
45.696	>>> V 0.00 0.00
45.697	S 1217114 -9.67 25.84 0.00 0.00 TRACK
45.717	>>> V 0.00 0.00
45.717	S 1217134 -9.67 25.84 0.00 0.00 TRACK
45.737	>>> V 0.00 0.00
45.737	S 1217154 -9.67 25.84 0.00 0.00 TRACK
45.757	>>> V 0.00 0.00
45.757	S 1217174 -9.67 25.84 0.00 0.00 TRACK
45.777	>>> V 0.00 0.00
45.778	S 1217194 -9.67 25.84 0.00 0.00 TRACK
45.797	>>> V 0.00 0.00
45.797	S 1217214 -9.67 25.84 0.00 0.00 TRACK
45.816	>>> V 0.00 0.00
45.817	S 1217234 -9.67 25.84 0.00 0.00 TRACK
45.836	>>> V 0.00 0.00
45.837	S 1217254 -9.67 25.84 0.00 0.00 TRACK
45.857	>>> V 0.00 0.00
45.857	S 1217274 -9.67 25.84 0.00 0.00 TRACK
45.877	>>> V 0.00 0.00
45.877	S 1217294 -9.67 25.84 0.00 0.00 TRACK
45.896	>>> V 0.00 0.00
45.896	S 1217314 -9.67 25.93 0.00 0.00 TRACK
45.916	>>> V 0.00 0.00
45.917	S 1217334 -9.67 25.84 0.00 0.00 TRACK
45.937	>>> V 0.00 0.00
45.937	S 1217354 -9.67 25.84 0.00 0.00 TRACK
45.957	>>> V 0.00 0.00
45.957	S 1217374 -9.67 25.84 0.00 0.00 TRACK
45.976	>>> V 0.00 0.00
45.976	S 1217394 -9.58 25.84 0.00 0.00 TRACK
45.997	>>> V 0.00 0.00
45.997	S 1217414 -9.67 25.93 0.00 0.00 TRACK
46.016	>>> V 0.00 0.00
46.016	S 1217434 -9.67 25.84 0.00 0.00 TRACK
46.036	>>> V 0.00 0.00
46.037	S 1217454 -9.67 25.84 0.00 0.00 TRACK
46.057	>>> V 0.00 0.00
46.057	S 1217474 -9.67 25.84 0.00 0.00 TRACK
46.077	>>> V 0.00 0.00
46.077	S 1217494 -9.67 25.84 0.00 0.00 TRACK
46.097	>>> V 0.00 0.00
46.097	S 1217514 -9.67 25.84 0.00 0.00 TRACK
46.117	>>> V 0.00 0.00
46.117	S 1217534 -9.67 25.84 0.00 0.00 TRACK
46.137	>>> V 0.00 0.00
46.137	S 1217554 -9.67 25.93 0.00 0.00 TRACK
46.157	>>> V 0.00 0.00
46.157	S 1217574 -9.67 25.84 0.00 0.00 TRACK
46.177	>>> V 0.00 0.00
46.177	S 1217594 -9.67 25.93 0.00 0.00 TRACK
46.196	>>> V 0.00 0.00
46.196	S 1217614 -9.67 25.84 0.00 0.00 TRACK
46.216	>>> V 0.00 0.00
46.217	S 1217634 -9.67 25.84 0.00 0.00 TRACK
46.237	>>> V 0.00 0.00
46.237	S 1217654 -9.67 25.84 0.00 0.00 TRACK
46.257	>>> V 0.00 0.00
46.257	S 1217674 -9.67 25.84 0.00 0.00 TRACK
46.277	>>> V 0.00 0.00
46.277	S 1217694 -9.67 25.84 0.00 0.00 TRACK
46.297	>>> V 0.00 0.00
46.297	S 1217714 -9.67 25.84 0.00 0.00 TRACK
46.317	>>> V 0.00 0.00
46.317	S 1217734 -9.67 25.84 0.00 0.00 TRACK
46.337	>>> V 0.00 0.00
46.337	S 1217754 -9.67 25.84 0.00 0.00 TRACK
46.357	>>> V 0.00 0.00
46.358	S 1217774 -9.67 25.84 0.00 0.00 TRACK
46.376	>>> V 0.00 0.00
46.377	S 1217794 -9.67 25.84 0.00 0.00 TRACK
46.397	>>> V 0.00 0.00
46.397	S 1217814 -9.67 25.84 0.00 0.00 TRACK
46.417	>>> V 0.00 0.00
46.417	S 1217834 -9.67 25.84 0.00 0.00 TRACK
46.436	>>> V 0.00 0.00
46.437	S 1217854 -9.67 25.93 0.00 0.00 TRACK
46.456	>>> V 0.00 0.00
46.457	S 1217874 -9.67 25.84 0.00 0.00 TRACK
46.476	>>> V 0.00 0.00
46.477	S 1217894 -9.67 25.84 0.00 0.00 TRACK
46.496	>>> V 0.00 0.00
46.497	S 1217914 -9.67 25.84 0.00 0.00 TRACK
46.517	>>> V 0.00 0.00
46.517	S 1217934 -9.67 25.84 0.00 0.00 TRACK
46.537	>>> V 0.00 0.00
46.537	S 1217954 -9.67 25.84 0.00 0.00 TRACK
46.557	>>> V 0.00 0.00
46.557	S 1217974 -9.67 25.84 0.00 0.00 TRACK
46.577	>>> V 0.00 0.00
46.577	S 1217994 -9.67 25.93 0.00 0.00 TRACK
46.597	>>> V 0.00 0.00
46.597	S 1218014 -9.67 25.84 0.00 0.00 TRACK
46.617	>>> V 0.00 0.00
46.618	S 1218034 -9.67 25.84 0.00 0.00 TRACK
46.636	>>> V 0.00 0.00
46.637	S 1218054 -9.67 25.84 0.00 0.00 TRACK
46.656	>>> V 0.00 0.00
46.658	S 1218074 -9.67 25.84 0.00 0.00 TRACK
46.676	>>> V 0.00 0.00
46.676	S 1218094 -9.67 25.84 0.00 0.00 TRACK
46.696	>>> V 0.00 0.00
46.697	S 1218114 -9.67 25.84 0.00 0.00 TRACK
46.717	>>> V 0.00 0.00
46.717	S 1218134 -9.67 25.84 0.00 0.00 TRACK
46.736	>>> V 0.00 0.00
46.736	S 1218154 -9.67 25.84 0.00 0.00 TRACK
46.756	>>> V 0.00 0.00
46.757	S 1218174 -9.67 25.84 0.00 0.00 TRACK
46.776	>>> V 0.00 0.00
46.776	S 1218194 -9.67 25.84 0.00 0.00 TRACK
46.796	>>> V 0.00 0.00
46.796	S 1218214 -9.67 25.84 0.00 0.00 TRACK
46.816	>>> V 0.00 0.00
46.817	S 1218234 -9.67 25.84 0.00 0.00 TRACK
46.836	>>> V 0.00 0.00
46.837	S 1218254 -9.67 25.84 0.00 0.00 TRACK
46.856	>>> V 0.00 0.00
46.858	S 1218274 -9.67 25.84 0.00 0.00 TRACK
46.876	>>> V 0.00 0.00
46.877	S 1218294 -9.67 25.84 0.00 0.00 TRACK
46.896	>>> V 0.00 0.00
46.896	S 1218314 -9.67 25.84 0.00 0.00 TRACK
46.916	>>> V 0.00 0.00
46.917	S 1218334 -9.67 25.84 0.00 0.00 TRACK
46.936	>>> V 0.00 0.00
46.937	S 1218354 -9.67 25.84 0.00 0.00 TRACK
46.957	>>> V 0.00 0.00
46.957	S 1218374 -9.67 25.84 0.00 0.00 TRACK
46.977	>>> V 0.00 0.00
46.977	S 1218394 -9.67 25.84 0.00 0.00 TRACK
46.996	>>> V 0.00 0.00
46.997	S 1218414 -9.67 25.84 0.00 0.00 TRACK
47.016	>>> V 0.00 0.00
47.017	S 1218434 -9.67 25.84 0.00 0.00 TRACK
47.036	>>> V 0.00 0.00
47.036	S 1218454 -9.67 25.84 0.00 0.00 TRACK
47.056	>>> V 0.00 0.00
47.056	S 1218474 -9.67 25.84 0.00 0.00 TRACK
47.076	>>> V 0.00 0.00
47.077	S 1218494 -9.67 25.93 0.00 0.00 TRACK
47.096	>>> V 0.00 0.00
47.097	S 1218514 -9.67 25.93 0.00 0.00 TRACK
47.116	>>> V 0.00 0.00
47.116	S 1218534 -9.67 25.84 0.00 0.00 TRACK
47.136	>>> V 0.00 0.00
47.137	S 1218554 -9.67 25.84 0.00 0.00 TRACK
47.156	>>> V 0.00 0.00
47.157	S 1218574 -9.67 25.84 0.00 0.00 TRACK
47.176	>>> V 0.00 0.00
47.176	S 1218594 -9.67 25.84 0.00 0.00 TRACK
47.196	>>> V 0.00 0.00
47.196	S 1218614 -9.67 25.84 0.00 0.00 TRACK
47.216	>>> V 0.00 0.00
47.217	S 1218634 -9.67 25.84 0.00 0.00 TRACK
47.236	>>> V 0.00 0.00
47.237	S 1218654 -9.67 25.84 0.00 0.00 TRACK
47.256	>>> V 0.00 0.00
47.256	S 1218674 -9.67 25.84 0.00 0.00 TRACK
47.277	>>> V 0.00 0.00
47.277	S 1218694 -9.67 25.84 0.00 0.00 TRACK
47.296	>>> V 0.00 0.00
47.297	S 1218714 -9.67 25.84 0.00 0.00 TRACK
47.316	>>> V 0.00 0.00
47.317	S 1218734 -9.67 25.84 0.00 0.00 TRACK
47.336	>>> V 0.00 0.00
47.336	S 1218754 -9.67 25.84 0.00 0.00 TRACK
47.357	>>> V 0.00 0.00
47.357	S 1218774 -9.67 25.84 0.00 0.00 TRACK
47.376	>>> V 0.00 0.00
47.377	S 1218794 -9.58 25.84 0.00 0.00 TRACK
47.396	>>> V 0.00 0.00
47.396	S 1218814 -9.67 25.84 0.00 0.00 TRACK
47.416	>>> V 0.00 0.00
47.417	S 1218834 -9.67 25.93 0.00 0.00 TRACK
47.436	>>> V 0.00 0.00
47.437	S 1218854 -9.67 25.84 0.00 0.00 TRACK
47.456	>>> V 0.00 0.00
47.456	S 1218874 -9.67 25.84 0.00 0.00 TRACK
47.476	>>> V 0.00 0.00
47.477	S 1218894 -9.67 25.84 0.00 0.00 TRACK
47.496	>>> V 0.00 0.00
47.497	S 1218914 -9.67 25.84 0.00 0.00 TRACK
47.516	>>> V 0.00 0.00
47.517	S 1218934 -9.67 25.84 0.00 0.00 TRACK
47.536	>>> V 0.00 0.00
47.537	S 1218954 -9.67 25.93 0.00 0.00 TRACK
47.556	>>> V 0.00 0.00
47.557	S 1218974 -9.58 25.84 0.00 0.00 TRACK
47.576	>>> V 0.00 0.00
47.577	S 1218994 -9.67 25.84 0.00 0.00 TRACK
47.596	>>> V 0.00 0.00
47.596	S 1219014 -9.67 25.84 0.00 0.00 TRACK
47.616	>>> V 0.00 0.00
47.616	S 1219034 -9.67 25.84 0.00 0.00 TRACK
47.636	>>> V 0.00 0.00
47.636	S 1219054 -9.67 25.84 0.00 0.00 TRACK
47.656	>>> V 0.00 0.00
47.656	S 1219074 -9.67 25.84 0.00 0.00 TRACK
47.676	>>> V 0.00 0.00
47.676	S 1219094 -9.67 25.84 0.00 0.00 TRACK
47.696	>>> V 0.00 0.00
47.696	S 1219115 -9.67 25.84 0.00 0.00 TRACK
47.716	>>> V 0.00 0.00
47.717	S 1219135 -9.67 25.84 0.00 0.00 TRACK
47.736	>>> V 0.00 0.00
47.736	S 1219155 -9.67 25.84 0.00 0.00 TRACK
47.756	>>> V 0.00 0.00
47.756	S 1219175 -9.58 25.84 0.00 0.00 TRACK
47.776	>>> V 0.00 0.00
47.777	S 1219195 -9.67 25.84 0.00 0.00 TRACK
47.796	>>> V 0.00 0.00
47.796	S 1219215 -9.67 25.84 0.00 0.00 TRACK
47.816	>>> V 0.00 0.00
47.816	S 1219235 -9.67 25.84 0.00 0.00 TRACK
47.836	>>> V 0.00 0.00
47.836	S 1219255 -9.67 25.84 0.00 0.00 TRACK
47.856	>>> V 0.00 0.00
47.856	S 1219275 -9.67 25.93 0.00 0.00 TRACK
47.876	>>> V 0.00 0.00
47.876	S 1219295 -9.67 25.84 0.00 0.00 TRACK
47.896	>>> V 0.00 0.00
47.896	S 1219315 -9.67 25.84 0.00 0.00 TRACK
47.916	>>> V 0.00 0.00
47.917	S 1219335 -9.67 25.84 0.00 0.00 TRACK
47.937	>>> V 0.00 0.00
47.937	S 1219355 -9.67 25.84 0.00 0.00 TRACK
47.956	>>> V 0.00 0.00
47.957	S 1219375 -9.67 25.84 0.00 0.00 TRACK
47.976	>>> V 0.00 0.00
47.977	S 1219395 -9.67 25.93 0.00 0.00 TRACK
47.996	>>> V 0.00 0.00
47.997	S 1219415 -9.67 25.84 0.00 0.00 TRACK
48.016	>>> V 0.00 0.00
48.017	S 1219435 -9.67 25.84 0.00 0.00 TRACK
48.036	>>> V 0.00 0.00
48.037	S 1219455 -9.67 25.84 0.00 0.00 TRACK
48.056	>>> V 0.00 0.00
48.057	S 1219475 -9.67 25.93 0.00 0.00 TRACK
48.076	>>> V 0.00 0.00
48.077	S 1219495 -9.67 25.84 0.00 0.00 TRACK
48.096	>>> V 0.00 0.00
48.097	S 1219515 -9.67 25.84 0.00 0.00 TRACK
48.116	>>> V 0.00 0.00
48.117	S 1219535 -9.67 25.84 0.00 0.00 TRACK
48.136	>>> V 0.00 0.00
48.137	S 1219555 -9.67 25.84 0.00 0.00 TRACK
48.156	>>> V 0.00 0.00
48.157	S 1219575 -9.67 25.84 0.00 0.00 TRACK
48.176	>>> V 0.00 0.00
48.176	S 1219595 -9.67 25.84 0.00 0.00 TRACK
48.196	>>> V 0.00 0.00
48.196	S 1219615 -9.67 25.84 0.00 0.00 TRACK
48.216	>>> V 0.00 0.00
48.217	S 1219635 -9.67 25.84 0.00 0.00 TRACK
48.236	>>> V 0.00 0.00
48.237	S 1219655 -9.67 25.84 0.00 0.00 TRACK
48.256	>>> V 0.00 0.00
48.257	S 1219675 -9.67 25.93 0.00 0.00 TRACK
48.276	>>> V 0.00 0.00
48.276	S 1219695 -9.67 25.84 0.00 0.00 TRACK
48.296	>>> V 0.00 0.00
48.296	S 1219715 -9.67 25.84 0.00 0.00 TRACK
48.316	>>> V 0.00 0.00
48.316	S 1219735 -9.67 25.84 0.00 0.00 TRACK
48.336	>>> V 0.00 0.00
48.336	S 1219755 -9.67 25.84 0.00 0.00 TRACK
48.356	>>> V 0.00 0.00
48.357	S 1219775 -9.67 25.84 0.00 0.00 TRACK
48.376	>>> V 0.00 0.00
48.377	S 1219795 -9.67 25.84 0.00 0.00 TRACK
48.396	>>> V 0.00 0.00
48.397	S 1219815 -9.67 25.93 0.00 0.00 TRACK
48.416	>>> V 0.00 0.00
48.417	S 1219835 -9.67 25.84 0.00 0.00 TRACK
48.436	>>> V 0.00 0.00
48.437	S 1219855 -9.67 25.84 0.00 0.00 TRACK
48.456	>>> V 0.00 0.00
48.457	S 1219875 -9.67 25.84 0.00 0.00 TRACK
48.476	>>> V 0.00 0.00
48.477	S 1219895 -9.67 25.84 0.00 0.00 TRACK
48.497	>>> V 0.00 0.00
48.497	S 1219915 -9.67 25.84 0.00 0.00 TRACK
48.517	>>> V 0.00 0.00
48.517	S 1219935 -9.67 25.84 0.00 0.00 TRACK
48.537	>>> V 0.00 0.00
48.537	S 1219955 -9.67 25.84 0.00 0.00 TRACK
48.557	>>> V 0.00 0.00
48.557	S 1219975 -9.67 25.84 0.00 0.00 TRACK
48.577	>>> V 0.00 0.00
48.577	S 1219995 -9.67 25.84 0.00 0.00 TRACK
48.596	>>> V 0.00 0.00
48.597	S 1220015 -9.67 25.84 0.00 0.00 TRACK
48.616	>>> V 0.00 0.00
48.616	S 1220035 -9.67 25.84 0.00 0.00 TRACK
48.637	>>> V 0.00 0.00
48.637	S 1220055 -9.67 25.84 0.00 0.00 TRACK
48.656	>>> V 0.00 0.00
48.656	S 1220075 -9.67 25.84 0.00 0.00 TRACK
48.677	>>> V 0.00 0.00
48.677	S 1220095 -9.67 25.84 0.00 0.00 TRACK
48.697	>>> V 0.00 0.00
48.697	S 1220115 -9.67 25.84 0.00 0.00 TRACK
48.716	>>> V 0.00 0.00
48.716	S 1220135 -9.67 25.84 0.00 0.00 TRACK
48.737	>>> V 0.00 0.00
48.737	S 1220155 -9.67 25.84 0.00 0.00 TRACK
48.757	>>> V 0.00 0.00
48.757	S 1220175 -9.67 25.84 0.00 0.00 TRACK
48.777	>>> V 0.00 0.00
48.777	S 1220195 -9.67 25.84 0.00 0.00 TRACK
48.797	>>> V 0.00 0.00
48.797	S 1220215 -9.67 25.84 0.00 0.00 TRACK
48.816	>>> V 0.00 0.00
48.817	S 1220235 -9.67 25.84 0.00 0.00 TRACK
48.837	>>> V 0.00 0.00
48.837	S 1220255 -9.67 25.84 0.00 0.00 TRACK
48.856	>>> V 0.00 0.00
48.856	S 1220275 -9.67 25.84 0.00 0.00 TRACK
48.877	>>> V 0.00 0.00
48.877	S 1220295 -9.67 25.84 0.00 0.00 TRACK
48.896	>>> V 0.00 0.00
48.896	S 1220315 -9.67 25.84 0.00 0.00 TRACK
48.916	>>> V 0.00 0.00
48.917	S 1220335 -9.67 25.84 0.00 0.00 TRACK
48.937	>>> V 0.00 0.00
48.937	S 1220355 -9.67 25.84 0.00 0.00 TRACK
48.957	>>> V 0.00 0.00
48.957	S 1220375 -9.58 25.84 0.00 0.00 TRACK
48.977	>>> V 0.00 0.00
48.977	S 1220395 -9.67 25.84 0.00 0.00 TRACK
48.997	>>> V 0.00 0.00
48.997	S 1220415 -9.67 25.84 0.00 0.00 TRACK
49.017	>>> V 0.00 0.00
49.017	S 1220435 -9.67 25.84 0.00 0.00 TRACK
49.037	>>> V 0.00 0.00
49.037	S 1220455 -9.67 25.84 0.00 0.00 TRACK
49.057	>>> V 0.00 0.00
49.057	S 1220475 -9.67 25.84 0.00 0.00 TRACK
49.077	>>> V 0.00 0.00
49.077	S 1220495 -9.67 25.84 0.00 0.00 TRACK
49.096	>>> V 0.00 0.00
49.097	S 1220515 -9.67 25.84 0.00 0.00 TRACK
49.117	>>> V 0.00 0.00
49.117	S 1220535 -9.67 25.93 0.00 0.00 TRACK
49.137	>>> V 0.00 0.00
49.137	S 1220555 -9.67 25.84 0.00 0.00 TRACK
49.157	>>> V 0.00 0.00
49.157	S 1220575 -9.58 25.84 0.00 0.00 TRACK
49.177	>>> V 0.00 0.00
49.177	S 1220595 -9.67 25.84 0.00 0.00 TRACK
49.197	>>> V 0.00 0.00
49.197	S 1220615 -9.67 25.84 0.00 0.00 TRACK
49.217	>>> V 0.00 0.00
49.217	S 1220635 -9.67 25.84 0.00 0.00 TRACK
49.236	>>> V 0.00 0.00
49.237	S 1220655 -9.67 25.84 0.00 0.00 TRACK
49.257	>>> V 0.00 0.00
49.257	S 1220675 -9.67 25.84 0.00 0.00 TRACK
49.277	>>> V 0.00 0.00
49.277	S 1220695 -9.67 25.84 0.00 0.00 TRACK
49.296	>>> V 0.00 0.00
49.296	S 1220715 -9.67 25.84 0.00 0.00 TRACK
49.317	>>> V 0.00 0.00
49.317	S 1220735 -9.67 25.84 0.00 0.00 TRACK
49.336	>>> V 0.00 0.00
49.336	S 1220755 -9.67 25.84 0.00 0.00 TRACK
49.357	>>> V 0.00 0.00
49.358	S 1220775 -9.67 25.84 0.00 0.00 TRACK
49.377	>>> V 0.00 0.00
49.377	S 1220795 -9.67 25.84 0.00 0.00 TRACK
49.397	>>> V 0.00 0.00
49.397	S 1220815 -9.67 25.84 0.00 0.00 TRACK
49.417	>>> V 0.00 0.00
49.417	S 1220835 -9.67 25.84 0.00 0.00 TRACK
49.437	>>> V 0.00 0.00
49.437	S 1220855 -9.67 25.84 0.00 0.00 TRACK
49.456	>>> V 0.00 0.00
49.457	S 1220875 -9.58 25.84 0.00 0.00 TRACK
49.477	>>> V 0.00 0.00
49.477	S 1220895 -9.58 25.84 0.00 0.00 TRACK
49.497	>>> V 0.00 0.00
49.497	S 1220915 -9.67 25.84 0.00 0.00 TRACK
49.517	>>> V 0.00 0.00
49.517	S 1220935 -9.67 25.84 0.00 0.00 TRACK
49.537	>>> V 0.00 0.00
49.537	S 1220955 -9.67 25.84 0.00 0.00 TRACK
49.557	>>> V 0.00 0.00
49.557	S 1220975 -9.67 25.84 0.00 0.00 TRACK
49.577	>>> V 0.00 0.00
49.577	S 1220995 -9.67 25.84 0.00 0.00 TRACK
49.597	>>> V 0.00 0.00
49.597	S 1221015 -9.67 25.84 0.00 0.00 TRACK
49.617	>>> V 0.00 0.00
49.617	S 1221035 -9.67 25.84 0.00 0.00 TRACK
49.637	>>> V 0.00 0.00
49.637	S 1221055 -9.58 25.84 0.00 0.00 TRACK
49.657	>>> V 0.00 0.00
49.657	S 1221075 -9.67 25.93 0.00 0.00 TRACK
49.676	>>> V 0.00 0.00
49.677	S 1221095 -9.67 25.93 0.00 0.00 TRACK
49.696	>>> V 0.00 0.00
49.697	S 1221115 -9.67 25.84 0.00 0.00 TRACK
49.717	>>> V 0.00 0.00
49.717	S 1221135 -9.67 25.84 0.00 0.00 TRACK
49.737	>>> V 0.00 0.00
49.737	S 1221155 -9.58 25.84 0.00 0.00 TRACK
49.757	>>> V 0.00 0.00
49.757	S 1221175 -9.67 25.84 0.00 0.00 TRACK
49.777	>>> V 0.00 0.00
49.777	S 1221195 -9.67 25.93 0.00 0.00 TRACK
49.797	>>> V 0.00 0.00
49.797	S 1221215 -9.67 25.84 0.00 0.00 TRACK
49.816	>>> V 0.00 0.00
49.816	S 1221235 -9.67 25.84 0.00 0.00 TRACK
49.837	>>> V 0.00 0.00
49.837	S 1221255 -9.67 25.84 0.00 0.00 TRACK
49.857	>>> V 0.00 0.00
49.857	S 1221275 -9.67 25.84 0.00 0.00 TRACK
49.877	>>> V 0.00 0.00
49.877	S 1221295 -9.67 25.84 0.00 0.00 TRACK
49.896	>>> V 0.00 0.00
49.897	S 1221315 -9.67 25.84 0.00 0.00 TRACK
49.917	>>> V 0.00 0.00
49.917	S 1221335 -9.67 25.84 0.00 0.00 TRACK
49.936	>>> V 0.00 0.00
49.936	S 1221355 -9.67 25.84 0.00 0.00 TRACK
49.956	>>> V 0.00 0.00
49.956	S 1221375 -9.67 25.84 0.00 0.00 TRACK
49.976	>>> V 0.00 0.00
49.976	S 1221395 -9.67 25.84 0.00 0.00 TRACK
49.996	>>> V 0.00 0.00
49.996	S 1221415 -9.58 25.84 0.00 0.00 TRACK
50.016	>>> V 0.00 0.00
50.016	S 1221435 -9.67 25.84 0.00 0.00 TRACK
50.036	>>> V 0.00 0.00
50.036	S 1221455 -9.67 25.84 0.00 0.00 TRACK
50.057	>>> V 0.00 0.00
50.057	S 1221475 -9.67 25.84 0.00 0.00 TRACK
50.077	>>> V 0.00 0.00
50.077	S 1221495 -9.67 25.84 0.00 0.00 TRACK
50.097	>>> V 0.00 0.00
50.097	S 1221515 -9.67 25.84 0.00 0.00 TRACK
50.117	>>> V 0.00 0.00
50.117	S 1221535 -9.67 25.84 0.00 0.00 TRACK
50.137	>>> V 0.00 0.00
50.137	S 1221555 -9.67 25.93 0.00 0.00 TRACK
50.156	>>> V 0.00 0.00
50.156	S 1221575 -9.67 25.93 0.00 0.00 TRACK
50.176	>>> V 0.00 0.00
50.177	S 1221595 -9.67 25.84 0.00 0.00 TRACK
50.197	>>> V 0.00 0.00
50.197	S 1221615 -9.67 25.84 0.00 0.00 TRACK
50.216	>>> V 0.00 0.00
50.216	S 1221635 -9.67 25.84 0.00 0.00 TRACK
50.237	>>> V 0.00 0.00
50.237	S 1221655 -9.67 25.84 0.00 0.00 TRACK
50.257	>>> V 0.00 0.00
50.257	S 1221675 -9.67 25.84 0.00 0.00 TRACK
50.277	>>> V 0.00 0.00
50.277	S 1221695 -9.67 25.84 0.00 0.00 TRACK
50.297	>>> V 0.00 0.00
50.297	S 1221715 -9.67 25.84 0.00 0.00 TRACK
50.316	>>> V 0.00 0.00
50.317	S 1221735 -9.67 25.84 0.00 0.00 TRACK
50.336	>>> V 0.00 0.00
50.336	S 1221755 -9.67 25.84 0.00 0.00 TRACK
50.357	>>> V 0.00 0.00
50.357	S 1221775 -9.67 25.84 0.00 0.00 TRACK
50.377	>>> V 0.00 0.00
50.377	S 1221795 -9.67 25.84 0.00 0.00 TRACK
50.396	>>> V 0.00 0.00
50.396	S 1221815 -9.67 25.84 0.00 0.00 TRACK
50.417	>>> V 0.00 0.00
50.417	S 1221835 -9.67 25.84 0.00 0.00 TRACK
50.437	>>> V 0.00 0.00
50.437	S 1221855 -9.67 25.84 0.00 0.00 TRACK
50.457	>>> V 0.00 0.00
50.457	S 1221875 -9.67 25.84 0.00 0.00 TRACK
50.477	>>> V 0.00 0.00
50.477	S 1221895 -9.67 25.84 0.00 0.00 TRACK
50.497	>>> V 0.00 0.00
50.497	S 1221915 -9.67 25.84 0.00 0.00 TRACK
50.517	>>> V 0.00 0.00
50.517	S 1221935 -9.67 25.84 0.00 0.00 TRACK
50.536	>>> V 0.00 0.00
50.537	S 1221955 -9.67 25.84 0.00 0.00 TRACK
50.557	>>> V 0.00 0.00
50.557	S 1221975 -9.58 25.84 0.00 0.00 TRACK
50.577	>>> V 0.00 0.00
50.577	S 1221995 -9.67 25.84 0.00 0.00 TRACK
50.597	>>> V 0.00 0.00
50.597	S 1222015 -9.67 25.84 0.00 0.00 TRACK
50.616	>>> V 0.00 0.00
50.616	S 1222035 -9.67 25.84 0.00 0.00 TRACK
50.636	>>> V 0.00 0.00
50.637	S 1222055 -9.67 25.84 0.00 0.00 TRACK
50.656	>>> V 0.00 0.00
50.657	S 1222075 -9.67 25.84 0.00 0.00 TRACK
50.676	>>> V 0.00 0.00
50.676	S 1222095 -9.67 25.84 0.00 0.00 TRACK
50.696	>>> V 0.00 0.00
50.697	S 1222115 -9.67 25.84 0.00 0.00 TRACK
50.717	>>> V 0.00 0.00
50.717	S 1222135 -9.67 25.84 0.00 0.00 TRACK
50.737	>>> V 0.00 0.00
50.737	S 1222155 -9.67 25.84 0.00 0.00 TRACK
50.757	>>> V 0.00 0.00
50.758	S 1222175 -9.67 25.84 0.00 0.00 TRACK
50.776	>>> V 0.00 0.00
50.776	S 1222195 -9.67 25.84 0.00 0.00 TRACK
50.797	>>> V 0.00 0.00
50.797	S 1222215 -9.58 25.84 0.00 0.00 TRACK
50.817	>>> V 0.00 0.00
50.817	S 1222235 -9.67 25.84 0.00 0.00 TRACK
50.837	>>> V 0.00 0.00
50.837	S 1222255 -9.67 25.93 0.00 0.00 TRACK
50.856	>>> V 0.00 0.00
50.856	S 1222275 -9.67 25.84 0.00 0.00 TRACK
50.877	>>> V 0.00 0.00
50.877	S 1222295 -9.67 25.84 0.00 0.00 TRACK
50.896	>>> V 0.00 0.00
50.896	S 1222315 -9.67 25.84 0.00 0.00 TRACK
50.917	>>> V 0.00 0.00
50.917	S 1222335 -9.67 25.84 0.00 0.00 TRACK
50.936	>>> V 0.00 0.00
50.937	S 1222355 -9.58 25.84 0.00 0.00 TRACK
50.957	>>> V 0.00 0.00
50.957	S 1222375 -9.67 25.84 0.00 0.00 TRACK
50.976	>>> V 0.00 0.00
50.977	S 1222395 -9.58 25.84 0.00 0.00 TRACK
50.997	>>> V 0.00 0.00
50.997	S 1222415 -9.67 25.84 0.00 0.00 TRACK
51.017	>>> V 0.00 0.00
51.017	S 1222435 -9.67 25.84 0.00 0.00 TRACK
51.036	>>> V 0.00 0.00
51.036	S 1222455 -9.67 25.84 0.00 0.00 TRACK
51.056	>>> V 0.00 0.00
51.057	S 1222475 -9.67 25.84 0.00 0.00 TRACK
51.076	>>> V 0.00 0.00
51.077	S 1222495 -9.67 25.84 0.00 0.00 TRACK
51.097	>>> V 0.00 0.00
51.097	S 1222515 -9.67 25.84 0.00 0.00 TRACK
51.117	>>> V 0.00 0.00
51.117	S 1222535 -9.67 25.84 0.00 0.00 TRACK
51.137	>>> V 0.00 0.00
51.137	S 1222555 -9.67 25.84 0.00 0.00 TRACK
51.156	>>> V 0.00 0.00
51.156	S 1222575 -9.67 25.84 0.00 0.00 TRACK
51.176	>>> V 0.00 0.00
51.177	S 1222595 -9.67 25.84 0.00 0.00 TRACK
51.196	>>> V 0.00 0.00
51.197	S 1222615 -9.67 25.84 0.00 0.00 TRACK
51.217	>>> V 0.00 0.00
51.217	S 1222635 -9.67 25.84 0.00 0.00 TRACK
51.237	>>> V 0.00 0.00
51.237	S 1222655 -9.67 25.84 0.00 0.00 TRACK
51.256	>>> V 0.00 0.00
51.256	S 1222675 -9.67 25.84 0.00 0.00 TRACK
51.276	>>> V 0.00 0.00
51.277	S 1222695 -9.67 25.93 0.00 0.00 TRACK
51.296	>>> V 0.00 0.00
51.296	S 1222715 -9.67 25.84 0.00 0.00 TRACK
51.316	>>> V 0.00 0.00
51.316	S 1222735 -9.67 25.84 0.00 0.00 TRACK
51.337	>>> V 0.00 0.00
51.337	S 1222755 -9.67 25.84 0.00 0.00 TRACK
51.356	>>> V 0.00 0.00
51.357	S 1222775 -9.67 25.84 0.00 0.00 TRACK
51.376	>>> V 0.00 0.00
51.376	S 1222795 -9.67 25.84 0.00 0.00 TRACK
51.397	>>> V 0.00 0.00
51.398	S 1222815 -9.58 25.84 0.00 0.00 TRACK
51.416	>>> V 0.00 0.00
51.417	S 1222835 -9.67 25.84 0.00 0.00 TRACK
51.437	>>> V 0.00 0.00
51.437	S 1222855 -9.67 25.84 0.00 0.00 TRACK
51.457	>>> V 0.00 0.00
51.457	S 1222875 -9.67 25.84 0.00 0.00 TRACK
51.476	>>> V 0.00 0.00
51.477	S 1222895 -9.67 25.84 0.00 0.00 TRACK
51.497	>>> V 0.00 0.00
51.497	S 1222915 -9.67 25.84 0.00 0.00 TRACK
51.517	>>> V 0.00 0.00
51.517	S 1222935 -9.67 25.84 0.00 0.00 TRACK
51.537	>>> V 0.00 0.00
51.537	S 1222955 -9.67 25.84 0.00 0.00 TRACK
51.557	>>> V 0.00 0.00
51.557	S 1222975 -9.67 25.84 0.00 0.00 TRACK
51.577	>>> V 0.00 0.00
51.577	S 1222995 -9.67 25.84 0.00 0.00 TRACK
51.597	>>> V 0.00 0.00
51.597	S 1223015 -9.67 25.84 0.00 0.00 TRACK
51.617	>>> V 0.00 0.00
51.617	S 1223035 -9.67 25.84 0.00 0.00 TRACK
51.636	>>> V 0.00 0.00
51.637	S 1223055 -9.67 25.84 0.00 0.00 TRACK
51.657	>>> V 0.00 0.00
51.657	S 1223075 -9.67 25.84 0.00 0.00 TRACK
51.677	>>> V 0.00 0.00
51.677	S 1223095 -9.67 25.84 0.00 0.00 TRACK
51.696	>>> V 0.00 0.00
51.696	S 1223115 -9.67 25.84 0.00 0.00 TRACK
51.716	>>> V 0.00 0.00
51.716	S 1223135 -9.67 25.84 0.00 0.00 TRACK
51.737	>>> V 0.00 0.00
51.737	S 1223155 -9.67 25.84 0.00 0.00 TRACK
51.757	>>> V 0.00 0.00
51.757	S 1223175 -9.67 25.84 0.00 0.00 TRACK
51.777	>>> V 0.00 0.00
51.777	S 1223195 -9.67 25.84 0.00 0.00 TRACK
51.797	>>> V 0.00 0.00
51.797	S 1223215 -9.67 25.84 0.00 0.00 TRACK
51.817	>>> V 0.00 0.00
51.817	S 1223235 -9.58 25.84 0.00 0.00 TRACK
51.836	>>> V 0.00 0.00
51.837	S 1223255 -9.67 25.84 0.00 0.00 TRACK
51.857	>>> V 0.00 0.00
51.857	S 1223275 -9.67 25.84 0.00 0.00 TRACK
51.877	>>> V 0.00 0.00
51.877	S 1223295 -9.67 25.93 0.00 0.00 TRACK
51.897	>>> V 0.00 0.00
51.897	S 1223315 -9.67 25.84 0.00 0.00 TRACK
51.916	>>> V 0.00 0.00
51.917	S 1223335 -9.67 25.84 0.00 0.00 TRACK
51.936	>>> V 0.00 0.00
51.936	S 1223355 -9.67 25.84 0.00 0.00 TRACK
51.956	>>> V 0.00 0.00
51.957	S 1223375 -9.67 25.84 0.00 0.00 TRACK
51.977	>>> V 0.00 0.00
51.977	S 1223395 -9.67 25.84 0.00 0.00 TRACK
51.996	>>> V 0.00 0.00
51.996	S 1223415 -9.67 25.84 0.00 0.00 TRACK
52.016	>>> V 0.00 0.00
52.016	S 1223435 -9.67 25.84 0.00 0.00 TRACK
52.036	>>> V 0.00 0.00
52.036	S 1223455 -9.67 25.84 0.00 0.00 TRACK
52.057	>>> V 0.00 0.00
52.057	S 1223475 -9.67 25.84 0.00 0.00 TRACK
52.077	>>> V 0.00 0.00
52.077	S 1223495 -9.67 25.93 0.00 0.00 TRACK
52.097	>>> V 0.00 0.00
52.097	S 1223515 -9.67 25.84 0.00 0.00 TRACK
52.117	>>> V 0.00 0.00
52.117	S 1223535 -9.67 25.84 0.00 0.00 TRACK
52.137	>>> V 0.00 0.00
52.137	S 1223555 -9.67 25.84 0.00 0.00 TRACK
52.157	>>> V 0.00 0.00
52.157	S 1223575 -9.67 25.84 0.00 0.00 TRACK
52.177	>>> V 0.00 0.00
52.177	S 1223595 -9.67 25.84 0.00 0.00 TRACK
52.196	>>> V 0.00 0.00
52.196	S 1223615 -9.67 25.84 0.00 0.00 TRACK
52.216	>>> V 0.00 0.00
52.216	S 1223635 -9.67 25.93 0.00 0.00 TRACK
52.237	>>> V 0.00 0.00
52.237	S 1223655 -9.67 25.84 0.00 0.00 TRACK
52.257	>>> V 0.00 0.00
52.257	S 1223675 -9.67 25.84 0.00 0.00 TRACK
52.276	>>> V 0.00 0.00
52.277	S 1223695 -9.58 25.84 0.00 0.00 TRACK
52.297	>>> V 0.00 0.00
52.297	S 1223715 -9.67 25.84 0.00 0.00 TRACK
52.316	>>> V 0.00 0.00
52.316	S 1223735 -9.67 25.84 0.00 0.00 TRACK
52.336	>>> V 0.00 0.00
52.336	S 1223755 -9.67 25.84 0.00 0.00 TRACK
52.357	>>> V 0.00 0.00
52.358	S 1223775 -9.67 25.84 0.00 0.00 TRACK
52.377	>>> V 0.00 0.00
52.377	S 1223795 -9.67 25.84 0.00 0.00 TRACK
52.397	>>> V 0.00 0.00
52.397	S 1223815 -9.67 25.84 0.00 0.00 TRACK
52.416	>>> V 0.00 0.00
52.416	S 1223835 -9.67 25.84 0.00 0.00 TRACK
52.437	>>> V 0.00 0.00
52.437	S 1223855 -9.67 25.84 0.00 0.00 TRACK
52.456	>>> V 0.00 0.00
52.456	S 1223875 -9.67 25.84 0.00 0.00 TRACK
52.477	>>> V 0.00 0.00
52.477	S 1223895 -9.67 25.84 0.00 0.00 TRACK
52.496	>>> V 0.00 0.00
52.496	S 1223915 -9.67 25.84 0.00 0.00 TRACK
52.517	>>> V 0.00 0.00
52.517	S 1223935 -9.67 25.84 0.00 0.00 TRACK
52.537	>>> V 0.00 0.00
52.537	S 1223955 -9.58 25.84 0.00 0.00 TRACK
52.557	>>> V 0.00 0.00
52.557	S 1223975 -9.67 25.84 0.00 0.00 TRACK
52.577	>>> V 0.00 0.00
52.577	S 1223995 -9.67 25.84 0.00 0.00 TRACK
52.597	>>> V 0.00 0.00
52.597	S 1224015 -9.67 25.84 0.00 0.00 TRACK
52.617	>>> V 0.00 0.00
52.617	S 1224035 -9.67 25.84 0.00 0.00 TRACK
52.637	>>> V 0.00 0.00
52.637	S 1224055 -9.67 25.84 0.00 0.00 TRACK
52.656	>>> V 0.00 0.00
52.657	S 1224075 -9.67 25.84 0.00 0.00 TRACK
52.677	>>> V 0.00 0.00
52.677	S 1224095 -9.67 25.84 0.00 0.00 TRACK
52.696	>>> V 0.00 0.00
52.697	S 1224115 -9.67 25.84 0.00 0.00 TRACK
52.716	>>> V 0.00 0.00
52.716	S 1224135 -9.67 25.84 0.00 0.00 TRACK
52.737	>>> V 0.00 0.00
52.737	S 1224155 -9.67 25.84 0.00 0.00 TRACK
52.756	>>> V 0.00 0.00
52.759	S 1224175 -9.67 25.84 0.00 0.00 TRACK
52.777	>>> V 0.00 0.00
52.777	S 1224195 -9.67 25.84 0.00 0.00 TRACK
52.797	>>> V 0.00 0.00
52.797	S 1224215 -9.67 25.93 0.00 0.00 TRACK
52.816	>>> V 0.00 0.00
52.817	S 1224235 -9.67 25.84 0.00 0.00 TRACK
52.837	>>> V 0.00 0.00
52.837	S 1224255 -9.67 25.93 0.00 0.00 TRACK
52.857	>>> V 0.00 0.00
52.857	S 1224275 -9.67 25.84 0.00 0.00 TRACK
52.877	>>> V 0.00 0.00
52.877	S 1224295 -9.58 25.84 0.00 0.00 TRACK
52.897	>>> V 0.00 0.00
52.897	S 1224315 -9.67 25.84 0.00 0.00 TRACK
52.916	>>> V 0.00 0.00
52.917	S 1224335 -9.67 25.84 0.00 0.00 TRACK
52.937	>>> V 0.00 0.00
52.937	S 1224355 -9.67 25.84 0.00 0.00 TRACK
52.957	>>> V 0.00 0.00
52.957	S 1224375 -9.67 25.84 0.00 0.00 TRACK
52.977	>>> V 0.00 0.00
52.977	S 1224395 -9.58 25.84 0.00 0.00 TRACK
52.997	>>> V 0.00 0.00
52.997	S 1224415 -9.67 25.84 0.00 0.00 TRACK
53.017	>>> V 0.00 0.00
53.017	S 1224435 -9.67 25.84 0.00 0.00 TRACK
53.036	>>> V 0.00 0.00
53.036	S 1224455 -9.67 25.84 0.00 0.00 TRACK
53.057	>>> V 0.00 0.00
53.057	S 1224475 -9.67 25.84 0.00 0.00 TRACK
53.077	>>> V 0.00 0.00
53.077	S 1224495 -9.67 25.84 0.00 0.00 TRACK
53.097	>>> V 0.00 0.00
53.097	S 1224515 -9.67 25.84 0.00 0.00 TRACK
53.117	>>> V 0.00 0.00
53.117	S 1224535 -9.67 25.84 0.00 0.00 TRACK
53.136	>>> V 0.00 0.00
53.137	S 1224555 -9.67 25.84 0.00 0.00 TRACK
53.157	>>> V 0.00 0.00
53.157	S 1224575 -9.67 25.84 0.00 0.00 TRACK
53.177	>>> V 0.00 0.00
53.177	S 1224595 -9.67 25.84 0.00 0.00 TRACK
53.197	>>> V 0.00 0.00
53.197	S 1224615 -9.67 25.84 0.00 0.00 TRACK
53.217	>>> V 0.00 0.00
53.217	S 1224635 -9.67 25.84 0.00 0.00 TRACK
53.237	>>> V 0.00 0.00
53.237	S 1224655 -9.67 25.93 0.00 0.00 TRACK
53.257	>>> V 0.00 0.00
53.257	S 1224675 -9.67 25.84 0.00 0.00 TRACK
53.277	>>> V 0.00 0.00
53.277	S 1224695 -9.67 25.84 0.00 0.00 TRACK
53.296	>>> V 0.00 0.00
53.296	S 1224715 -9.58 25.84 0.00 0.00 TRACK
53.317	>>> V 0.00 0.00
53.317	S 1224735 -9.67 25.84 0.00 0.00 TRACK
53.337	>>> V 0.00 0.00
53.337	S 1224755 -9.67 25.84 0.00 0.00 TRACK
53.356	>>> V 0.00 0.00
53.357	S 1224775 -9.67 25.84 0.00 0.00 TRACK
53.377	>>> V 0.00 0.00
53.377	S 1224795 -9.67 25.84 0.00 0.00 TRACK
53.396	>>> V 0.00 0.00
53.396	S 1224815 -9.67 25.93 0.00 0.00 TRACK
53.417	>>> V 0.00 0.00
53.417	S 1224835 -9.67 25.84 0.00 0.00 TRACK
53.437	>>> V 0.00 0.00
53.437	S 1224855 -9.67 25.84 0.00 0.00 TRACK
53.457	>>> V 0.00 0.00
53.457	S 1224875 -9.67 25.93 0.00 0.00 TRACK
53.477	>>> V 0.00 0.00
53.477	S 1224895 -9.67 25.84 0.00 0.00 TRACK
53.496	>>> V 0.00 0.00
53.496	S 1224915 -9.67 25.93 0.00 0.00 TRACK
53.516	>>> V 0.00 0.00
53.516	S 1224935 -9.67 25.84 0.00 0.00 TRACK
53.536	>>> V 0.00 0.00
53.536	S 1224955 -9.67 25.84 0.00 0.00 TRACK
53.556	>>> V 0.00 0.00
53.557	S 1224975 -9.67 25.84 0.00 0.00 TRACK
53.576	>>> V 0.00 0.00
53.577	S 1224995 -9.67 25.84 0.00 0.00 TRACK
53.597	>>> V 0.00 0.00
53.597	S 1225015 -9.67 25.84 0.00 0.00 TRACK
53.616	>>> V 0.00 0.00
53.616	S 1225035 -9.58 25.84 0.00 0.00 TRACK
53.637	>>> V 0.00 0.00
53.637	S 1225055 -9.67 25.84 0.00 0.00 TRACK
53.656	>>> V 0.00 0.00
53.657	S 1225075 -9.67 25.84 0.00 0.00 TRACK
53.677	>>> V 0.00 0.00
53.677	S 1225095 -9.58 25.84 0.00 0.00 TRACK
53.696	>>> V 0.00 0.00
53.697	S 1225115 -9.67 25.84 0.00 0.00 TRACK
53.716	>>> V 0.00 0.00
53.717	S 1225135 -9.67 25.84 0.00 0.00 TRACK
53.737	>>> V 0.00 0.00
53.737	S 1225155 -9.67 25.84 0.00 0.00 TRACK
53.757	>>> V 0.00 0.00
53.757	S 1225175 -9.67 25.84 0.00 0.00 TRACK
53.777	>>> V 0.00 0.00
53.779	S 1225195 -9.67 25.84 0.00 0.00 TRACK
53.796	>>> V 0.00 0.00
53.797	S 1225215 -9.67 25.84 0.00 0.00 TRACK
53.817	>>> V 0.00 0.00
53.817	S 1225235 -9.67 25.84 0.00 0.00 TRACK
53.836	>>> V 0.00 0.00
53.837	S 1225255 -9.67 25.84 0.00 0.00 TRACK
53.857	>>> V 0.00 0.00
53.857	S 1225275 -9.67 25.84 0.00 0.00 TRACK
53.877	>>> V 0.00 0.00
53.877	S 1225295 -9.58 25.84 0.00 0.00 TRACK
53.897	>>> V 0.00 0.00
53.897	S 1225315 -9.67 25.84 0.00 0.00 TRACK
53.917	>>> V 0.00 0.00
53.917	S 1225335 -9.67 25.93 0.00 0.00 TRACK
53.936	>>> V 0.00 0.00
53.937	S 1225355 -9.67 25.84 0.00 0.00 TRACK
53.956	>>> V 0.00 0.00
53.957	S 1225375 -9.67 25.93 0.00 0.00 TRACK
53.977	>>> V 0.00 0.00
53.977	S 1225395 -9.67 25.84 0.00 0.00 TRACK
53.997	>>> V 0.00 0.00
53.998	S 1225415 -9.67 25.84 0.00 0.00 TRACK
54.017	>>> V 0.00 0.00
54.017	S 1225435 -9.67 25.84 0.00 0.00 TRACK
54.036	>>> V 0.00 0.00
54.036	S 1225455 -9.67 25.84 0.00 0.00 TRACK
54.057	>>> V 0.00 0.00
54.057	S 1225475 -9.67 25.84 0.00 0.00 TRACK
54.077	>>> V 0.00 0.00
54.077	S 1225495 -9.67 25.84 0.00 0.00 TRACK
54.097	>>> V 0.00 0.00
54.097	S 1225515 -9.67 25.84 0.00 0.00 TRACK
54.116	>>> V 0.00 0.00
54.116	S 1225535 -9.67 25.84 0.00 0.00 TRACK
54.136	>>> V 0.00 0.00
54.136	S 1225555 -9.67 25.84 0.00 0.00 TRACK
54.157	>>> V 0.00 0.00
54.157	S 1225575 -9.67 25.84 0.00 0.00 TRACK
54.177	>>> V 0.00 0.00
54.177	S 1225595 -9.67 25.84 0.00 0.00 TRACK
54.196	>>> V 0.00 0.00
54.196	S 1225615 -9.67 25.84 0.00 0.00 TRACK
54.217	>>> V 0.00 0.00
54.217	S 1225635 -9.67 25.84 0.00 0.00 TRACK
54.237	>>> V 0.00 0.00
54.237	S 1225655 -9.67 25.84 0.00 0.00 TRACK
54.257	>>> V 0.00 0.00
54.257	S 1225675 -9.67 25.84 0.00 0.00 TRACK
54.277	>>> V 0.00 0.00
54.277	S 1225695 -9.67 25.84 0.00 0.00 TRACK
54.296	>>> V 0.00 0.00
54.296	S 1225715 -9.67 25.84 0.00 0.00 TRACK
54.316	>>> V 0.00 0.00
54.316	S 1225735 -9.67 25.84 0.00 0.00 TRACK
54.337	>>> V 0.00 0.00
54.337	S 1225755 -9.67 25.84 0.00 0.00 TRACK
54.357	>>> V 0.00 0.00
54.357	S 1225775 -9.67 25.84 0.00 0.00 TRACK
54.376	>>> V 0.00 0.00
54.377	S 1225795 -9.67 25.84 0.00 0.00 TRACK
54.397	>>> V 0.00 0.00
54.397	S 1225815 -9.67 25.84 0.00 0.00 TRACK
54.417	>>> V 0.00 0.00
54.417	S 1225835 -9.67 25.84 0.00 0.00 TRACK
54.436	>>> V 0.00 0.00
54.437	S 1225855 -9.67 25.84 0.00 0.00 TRACK
54.457	>>> V 0.00 0.00
54.457	S 1225875 -9.67 25.84 0.00 0.00 TRACK
54.477	>>> V 0.00 0.00
54.477	S 1225895 -9.67 25.84 0.00 0.00 TRACK
54.497	>>> V 0.00 0.00
54.497	S 1225915 -9.67 25.84 0.00 0.00 TRACK
54.517	>>> V 0.00 0.00
54.517	S 1225935 -9.67 25.93 0.00 0.00 TRACK
54.537	>>> V 0.00 0.00
54.537	S 1225955 -9.58 25.84 0.00 0.00 TRACK
54.556	>>> V 0.00 0.00
54.556	S 1225975 -9.67 25.84 0.00 0.00 TRACK
54.577	>>> V 0.00 0.00
54.577	S 1225995 -9.67 25.84 0.00 0.00 TRACK
54.596	>>> V 0.00 0.00
54.596	S 1226015 -9.67 25.84 0.00 0.00 TRACK
54.616	>>> V 0.00 0.00
54.617	S 1226035 -9.67 25.84 0.00 0.00 TRACK
54.637	>>> V 0.00 0.00
54.638	S 1226055 -9.67 25.84 0.00 0.00 TRACK
54.657	>>> V 0.00 0.00
54.657	S 1226075 -9.67 25.84 0.00 0.00 TRACK
54.677	>>> V 0.00 0.00
54.677	S 1226095 -9.67 25.84 0.00 0.00 TRACK
54.696	>>> V 0.00 0.00
54.697	S 1226115 -9.67 25.84 0.00 0.00 TRACK
54.717	>>> V 0.00 0.00
54.717	S 1226135 -9.67 25.84 0.00 0.00 TRACK
54.736	>>> V 0.00 0.00
54.736	S 1226155 -9.67 25.84 0.00 0.00 TRACK
54.757	>>> V 0.00 0.00
54.757	S 1226175 -9.67 25.84 0.00 0.00 TRACK
54.777	>>> V 0.00 0.00
54.777	S 1226195 -9.67 25.84 0.00 0.00 TRACK
54.796	>>> V 0.00 0.00
54.797	S 1226215 -9.67 25.84 0.00 0.00 TRACK
54.817	>>> V 0.00 0.00
54.817	S 1226235 -9.67 25.84 0.00 0.00 TRACK
54.837	>>> V 0.00 0.00
54.839	S 1226255 -9.67 25.84 0.00 0.00 TRACK
54.857	>>> V 0.00 0.00
54.857	S 1226275 -9.67 25.84 0.00 0.00 TRACK
54.876	>>> V 0.00 0.00
54.877	S 1226295 -9.67 25.84 0.00 0.00 TRACK
54.897	>>> V 0.00 0.00
54.897	S 1226315 -9.67 25.93 0.00 0.00 TRACK
54.917	>>> V 0.00 0.00
54.917	S 1226335 -9.67 25.84 0.00 0.00 TRACK
54.936	>>> V 0.00 0.00
54.936	S 1226355 -9.58 25.84 0.00 0.00 TRACK
54.957	>>> V 0.00 0.00
54.957	S 1226375 -9.67 25.84 0.00 0.00 TRACK
54.977	>>> V 0.00 0.00
54.977	S 1226395 -9.58 25.84 0.00 0.00 TRACK
54.997	>>> V 0.00 0.00
54.997	S 1226415 -9.67 25.84 0.00 0.00 TRACK
55.017	>>> V 0.00 0.00
55.018	S 1226435 -9.67 25.84 0.00 0.00 TRACK
55.036	>>> V 0.00 0.00
55.036	S 1226455 -9.58 25.84 0.00 0.00 TRACK
55.057	>>> V 0.00 0.00
55.057	S 1226475 -9.67 25.84 0.00 0.00 TRACK
55.077	>>> V 0.00 0.00
55.077	S 1226495 -9.67 25.84 0.00 0.00 TRACK
55.096	>>> V 0.00 0.00
55.097	S 1226515 -9.67 25.93 0.00 0.00 TRACK
55.117	>>> V 0.00 0.00
55.117	S 1226535 -9.67 25.84 0.00 0.00 TRACK
55.137	>>> V 0.00 0.00
55.137	S 1226555 -9.67 25.84 0.00 0.00 TRACK
55.157	>>> V 0.00 0.00
55.157	S 1226575 -9.67 25.84 0.00 0.00 TRACK
55.177	>>> V 0.00 0.00
55.177	S 1226595 -9.67 25.84 0.00 0.00 TRACK
55.196	>>> V 0.00 0.00
55.197	S 1226615 -9.67 25.84 0.00 0.00 TRACK
55.217	>>> V 0.00 0.00
55.217	S 1226635 -9.67 25.84 0.00 0.00 TRACK
55.237	>>> V 0.00 0.00
55.237	S 1226655 -9.67 25.84 0.00 0.00 TRACK
55.257	>>> V 0.00 0.00
55.257	S 1226675 -9.67 25.84 0.00 0.00 TRACK
55.277	>>> V 0.00 0.00
55.277	S 1226695 -9.58 25.84 0.00 0.00 TRACK
55.297	>>> V 0.00 0.00
55.297	S 1226715 -9.67 25.84 0.00 0.00 TRACK
55.317	>>> V 0.00 0.00
55.317	S 1226735 -9.67 25.84 0.00 0.00 TRACK
55.337	>>> V 0.00 0.00
55.337	S 1226755 -9.58 25.84 0.00 0.00 TRACK
55.357	>>> V 0.00 0.00
55.357	S 1226775 -9.67 25.84 0.00 0.00 TRACK
55.377	>>> V 0.00 0.00
55.377	S 1226796 -9.67 25.84 0.00 0.00 TRACK
55.397	>>> V 0.00 0.00
55.397	S 1226816 -9.67 25.84 0.00 0.00 TRACK
55.417	>>> V 0.00 0.00
55.417	S 1226836 -9.67 25.84 0.00 0.00 TRACK
55.436	>>> V 0.00 0.00
55.436	S 1226856 -9.67 25.84 0.00 0.00 TRACK
55.456	>>> V 0.00 0.00
55.456	S 1226876 -9.67 25.84 0.00 0.00 TRACK
55.477	>>> V 0.00 0.00
55.477	S 1226896 -9.67 25.84 0.00 0.00 TRACK
55.496	>>> V 0.00 0.00
55.496	S 1226916 -9.67 25.84 0.00 0.00 TRACK
55.517	>>> V 0.00 0.00
55.517	S 1226936 -9.67 25.84 0.00 0.00 TRACK
55.537	>>> V 0.00 0.00
55.537	S 1226956 -9.58 25.84 0.00 0.00 TRACK
55.556	>>> V 0.00 0.00
55.556	S 1226976 -9.67 25.84 0.00 0.00 TRACK
55.577	>>> V 0.00 0.00
55.577	S 1226996 -9.67 25.84 0.00 0.00 TRACK
55.596	>>> V 0.00 0.00
55.597	S 1227016 -9.58 25.84 0.00 0.00 TRACK
55.616	>>> V 0.00 0.00
55.616	S 1227036 -9.58 25.84 0.00 0.00 TRACK
55.636	>>> V 0.00 0.00
55.637	S 1227056 -9.67 25.84 0.00 0.00 TRACK
55.657	>>> V 0.00 0.00
55.657	S 1227076 -9.67 25.84 0.00 0.00 TRACK
55.677	>>> V 0.00 0.00
55.677	S 1227096 -9.67 25.84 0.00 0.00 TRACK
55.696	>>> V 0.00 0.00
55.696	S 1227116 -9.67 25.84 0.00 0.00 TRACK
55.717	>>> V 0.00 0.00
55.717	S 1227136 -9.67 25.84 0.00 0.00 TRACK
55.736	>>> V 0.00 0.00
55.737	S 1227156 -9.67 25.84 0.00 0.00 TRACK
55.756	>>> V 0.00 0.00
55.756	S 1227176 -9.67 25.84 0.00 0.00 TRACK
55.777	>>> V 0.00 0.00
55.777	S 1227196 -9.58 25.84 0.00 0.00 TRACK
55.797	>>> V 0.00 0.00
55.797	S 1227216 -9.67 25.84 0.00 0.00 TRACK
55.817	>>> V 0.00 0.00
55.817	S 1227236 -9.67 25.84 0.00 0.00 TRACK
55.837	>>> V 0.00 0.00
55.837	S 1227256 -9.67 25.84 0.00 0.00 TRACK
55.857	>>> V 0.00 0.00
55.857	S 1227276 -9.67 25.84 0.00 0.00 TRACK
55.877	>>> V 0.00 0.00
55.877	S 1227296 -9.67 25.84 0.00 0.00 TRACK
55.897	>>> V 0.00 0.00
55.897	S 1227316 -9.58 25.84 0.00 0.00 TRACK
55.917	>>> V 0.00 0.00
55.917	S 1227336 -9.67 25.84 0.00 0.00 TRACK
55.936	>>> V 0.00 0.00
55.937	S 1227356 -9.67 25.84 0.00 0.00 TRACK
55.956	>>> V 0.00 0.00
55.957	S 1227376 -9.58 25.93 0.00 0.00 TRACK
55.977	>>> V 0.00 0.00
55.977	S 1227396 -9.67 25.84 0.00 0.00 TRACK
55.996	>>> V 0.00 0.00
55.996	S 1227416 -9.67 25.84 0.00 0.00 TRACK
56.017	>>> V 0.00 0.00
56.017	S 1227436 -9.67 25.84 0.00 0.00 TRACK
56.036	>>> V 0.00 0.00
56.037	S 1227456 -9.67 25.84 0.00 0.00 TRACK
56.056	>>> V 0.00 0.00
56.057	S 1227476 -9.67 25.84 0.00 0.00 TRACK
56.077	>>> V 0.00 0.00
56.077	S 1227496 -9.67 25.84 0.00 0.00 TRACK
56.096	>>> V 0.00 0.00
56.096	S 1227516 -9.67 25.84 0.00 0.00 TRACK
56.117	>>> V 0.00 0.00
56.117	S 1227536 -9.67 25.84 0.00 0.00 TRACK
56.137	>>> V 0.00 0.00
56.137	S 1227556 -9.67 25.84 0.00 0.00 TRACK
56.157	>>> V 0.00 0.00
56.157	S 1227576 -9.67 25.84 0.00 0.00 TRACK
56.176	>>> V 0.00 0.00
56.177	S 1227596 -9.67 25.84 0.00 0.00 TRACK
56.197	>>> V 0.00 0.00
56.197	S 1227616 -9.67 25.84 0.00 0.00 TRACK
56.216	>>> V 0.00 0.00
56.216	S 1227636 -9.67 25.84 0.00 0.00 TRACK
56.236	>>> V 0.00 0.00
56.236	S 1227656 -9.67 25.84 0.00 0.00 TRACK
56.257	>>> V 0.00 0.00
56.257	S 1227676 -9.58 25.84 0.00 0.00 TRACK
56.277	>>> V 0.00 0.00
56.277	S 1227696 -9.67 25.84 0.00 0.00 TRACK
56.296	>>> V 0.00 0.00
56.297	S 1227716 -9.67 25.93 0.00 0.00 TRACK
56.317	>>> V 0.00 0.00
56.317	S 1227736 -9.67 25.93 0.00 0.00 TRACK
56.336	>>> V 0.00 0.00
56.337	S 1227756 -9.67 25.84 0.00 0.00 TRACK
56.357	>>> V 0.00 0.00
56.357	S 1227776 -9.67 25.84 0.00 0.00 TRACK
56.377	>>> V 0.00 0.00
56.378	S 1227796 -9.67 25.93 0.00 0.00 TRACK
56.396	>>> V 0.00 0.00
56.397	S 1227816 -9.67 25.84 0.00 0.00 TRACK
56.417	>>> V 0.00 0.00
56.417	S 1227836 -9.67 25.84 0.00 0.00 TRACK
56.437	>>> V 0.00 0.00
56.437	S 1227856 -9.67 25.84 0.00 0.00 TRACK
56.457	>>> V 0.00 0.00
56.457	S 1227876 -9.67 25.84 0.00 0.00 TRACK
56.477	>>> V 0.00 0.00
56.477	S 1227896 -9.67 25.84 0.00 0.00 TRACK
56.497	>>> V 0.00 0.00
56.497	S 1227916 -9.67 25.84 0.00 0.00 TRACK
56.517	>>> V 0.00 0.00
56.517	S 1227936 -9.67 25.84 0.00 0.00 TRACK
56.537	>>> V 0.00 0.00
56.537	S 1227956 -9.67 25.84 0.00 0.00 TRACK
56.556	>>> V 0.00 0.00
56.556	S 1227976 -9.67 25.84 0.00 0.00 TRACK
56.577	>>> V 0.00 0.00
56.577	S 1227996 -9.67 25.84 0.00 0.00 TRACK
56.597	>>> V 0.00 0.00
56.597	S 1228016 -9.67 25.84 0.00 0.00 TRACK
56.617	>>> V 0.00 0.00
56.617	S 1228036 -9.67 25.84 0.00 0.00 TRACK
56.637	>>> V 0.00 0.00
56.637	S 1228056 -9.67 25.84 0.00 0.00 TRACK
56.657	>>> V 0.00 0.00
56.657	S 1228076 -9.67 25.84 0.00 0.00 TRACK
56.676	>>> V 0.00 0.00
56.677	S 1228096 -9.67 25.84 0.00 0.00 TRACK
56.696	>>> V 0.00 0.00
56.697	S 1228116 -9.58 25.84 0.00 0.00 TRACK
56.716	>>> V 0.00 0.00
56.717	S 1228136 -9.67 25.84 0.00 0.00 TRACK
56.737	>>> V 0.00 0.00
56.737	S 1228156 -9.67 25.93 0.00 0.00 TRACK
56.757	>>> V 0.00 0.00
56.757	S 1228176 -9.67 25.84 0.00 0.00 TRACK
56.777	>>> V 0.00 0.00
56.777	S 1228196 -9.67 25.84 0.00 0.00 TRACK
56.797	>>> V 0.00 0.00
56.797	S 1228216 -9.67 25.84 0.00 0.00 TRACK
56.816	>>> V 0.00 0.00
56.817	S 1228236 -9.67 25.84 0.00 0.00 TRACK
56.836	>>> V 0.00 0.00
56.837	S 1228256 -9.67 25.84 0.00 0.00 TRACK
56.856	>>> V 0.00 0.00
56.858	S 1228276 -9.67 25.93 0.00 0.00 TRACK
56.877	>>> V 0.00 0.00
56.877	S 1228296 -9.67 25.84 0.00 0.00 TRACK
56.897	>>> V 0.00 0.00
56.897	S 1228316 -9.67 25.84 0.00 0.00 TRACK
56.917	>>> V 0.00 0.00
56.917	S 1228336 -9.67 25.84 0.00 0.00 TRACK
56.937	>>> V 0.00 0.00
56.937	S 1228356 -9.67 25.84 0.00 0.00 TRACK
56.957	>>> V 0.00 0.00
56.957	S 1228376 -9.67 25.84 0.00 0.00 TRACK
56.977	>>> V 0.00 0.00
56.977	S 1228396 -9.67 25.84 0.00 0.00 TRACK
56.997	>>> V 0.00 0.00
56.997	S 1228416 -9.67 25.84 0.00 0.00 TRACK
57.016	>>> V 0.00 0.00
57.017	S 1228436 -9.67 25.84 0.00 0.00 TRACK
57.036	>>> V 0.00 0.00
57.037	S 1228456 -9.67 25.84 0.00 0.00 TRACK
57.057	>>> V 0.00 0.00
57.057	S 1228476 -9.67 25.84 0.00 0.00 TRACK
57.076	>>> V 0.00 0.00
57.077	S 1228496 -9.67 25.84 0.00 0.00 TRACK
57.097	>>> V 0.00 0.00
57.097	S 1228516 -9.67 25.84 0.00 0.00 TRACK
57.117	>>> V 0.00 0.00
57.117	S 1228536 -9.67 25.84 0.00 0.00 TRACK
57.137	>>> V 0.00 0.00
57.137	S 1228556 -9.67 25.84 0.00 0.00 TRACK
57.157	>>> V 0.00 0.00
57.157	S 1228576 -9.67 25.84 0.00 0.00 TRACK
57.177	>>> V 0.00 0.00
57.177	S 1228596 -9.67 25.84 0.00 0.00 TRACK
57.197	>>> V 0.00 0.00
57.197	S 1228616 -9.67 25.84 0.00 0.00 TRACK
57.217	>>> V 0.00 0.00
57.217	S 1228636 -9.67 25.84 0.00 0.00 TRACK
57.237	>>> V 0.00 0.00
57.237	S 1228656 -9.67 25.84 0.00 0.00 TRACK
57.256	>>> V 0.00 0.00
57.257	S 1228676 -9.67 25.84 0.00 0.00 TRACK
57.277	>>> V 0.00 0.00
57.277	S 1228696 -9.67 25.84 0.00 0.00 TRACK
57.297	>>> V 0.00 0.00
57.297	S 1228716 -9.67 25.84 0.00 0.00 TRACK
57.317	>>> V 0.00 0.00
57.317	S 1228736 -9.67 25.84 0.00 0.00 TRACK
57.337	>>> V 0.00 0.00
57.337	S 1228756 -9.67 25.84 0.00 0.00 TRACK
57.357	>>> V 0.00 0.00
57.357	S 1228776 -9.67 25.84 0.00 0.00 TRACK
57.376	>>> V 0.00 0.00
57.377	S 1228796 -9.67 25.84 0.00 0.00 TRACK
57.397	>>> V 0.00 0.00
57.397	S 1228816 -9.58 25.84 0.00 0.00 TRACK
57.417	>>> V 0.00 0.00
57.417	S 1228836 -9.67 25.84 0.00 0.00 TRACK
57.436	>>> V 0.00 0.00
57.436	S 1228856 -9.67 25.84 0.00 0.00 TRACK
57.457	>>> V 0.00 0.00
57.457	S 1228876 -9.67 25.84 0.00 0.00 TRACK
57.476	>>> V 0.00 0.00
57.477	S 1228896 -9.67 25.84 0.00 0.00 TRACK
57.497	>>> V 0.00 0.00
57.497	S 1228916 -9.67 25.84 0.00 0.00 TRACK
57.516	>>> V 0.00 0.00
57.516	S 1228936 -9.67 25.84 0.00 0.00 TRACK
57.537	>>> V 0.00 0.00
57.537	S 1228956 -9.67 25.84 0.00 0.00 TRACK
57.557	>>> V 0.00 0.00
57.557	S 1228976 -9.58 25.84 0.00 0.00 TRACK
57.576	>>> V 0.00 0.00
57.577	S 1228996 -9.67 25.84 0.00 0.00 TRACK
57.597	>>> V 0.00 0.00
57.597	S 1229016 -9.67 25.84 0.00 0.00 TRACK
57.616	>>> V 0.00 0.00
57.616	S 1229036 -9.67 25.84 0.00 0.00 TRACK
57.636	>>> V 0.00 0.00
57.636	S 1229056 -9.67 25.84 0.00 0.00 TRACK
57.656	>>> V 0.00 0.00
57.656	S 1229076 -9.67 25.84 0.00 0.00 TRACK
57.677	>>> V 0.00 0.00
57.677	S 1229096 -9.67 25.84 0.00 0.00 TRACK
57.696	>>> V 0.00 0.00
57.697	S 1229116 -9.67 25.93 0.00 0.00 TRACK
57.717	>>> V 0.00 0.00
57.717	S 1229136 -9.67 25.84 0.00 0.00 TRACK
57.737	>>> V 0.00 0.00
57.737	S 1229156 -9.67 25.84 0.00 0.00 TRACK
57.757	>>> V 0.00 0.00
57.757	S 1229176 -9.67 25.84 0.00 0.00 TRACK
57.777	>>> V 0.00 0.00
57.777	S 1229196 -9.67 25.84 0.00 0.00 TRACK
57.797	>>> V 0.00 0.00
57.797	S 1229216 -9.67 25.84 0.00 0.00 TRACK
57.817	>>> V 0.00 0.00
57.817	S 1229236 -9.67 25.84 0.00 0.00 TRACK
57.836	>>> V 0.00 0.00
57.836	S 1229256 -9.67 25.84 0.00 0.00 TRACK
57.857	>>> V 0.00 0.00
57.857	S 1229276 -9.67 25.84 0.00 0.00 TRACK
57.876	>>> V 0.00 0.00
57.876	S 1229296 -9.67 25.84 0.00 0.00 TRACK
57.897	>>> V 0.00 0.00
57.897	S 1229316 -9.67 25.84 0.00 0.00 TRACK
57.916	>>> V 0.00 0.00
57.916	S 1229336 -9.67 25.84 0.00 0.00 TRACK
57.937	>>> V 0.00 0.00
57.937	S 1229356 -9.67 25.84 0.00 0.00 TRACK
57.956	>>> V 0.00 0.00
57.956	S 1229376 -9.67 25.84 0.00 0.00 TRACK
57.977	>>> V 0.00 0.00
57.977	S 1229396 -9.67 25.84 0.00 0.00 TRACK
57.997	>>> V 0.00 0.00
57.997	S 1229416 -9.67 25.84 0.00 0.00 TRACK
58.016	>>> V 0.00 0.00
58.017	S 1229436 -9.67 25.84 0.00 0.00 TRACK
58.036	>>> V 0.00 0.00
58.036	S 1229456 -9.67 25.84 0.00 0.00 TRACK
58.056	>>> V 0.00 0.00
58.057	S 1229476 -9.67 25.84 0.00 0.00 TRACK
58.076	>>> V 0.00 0.00
58.077	S 1229496 -9.67 25.84 0.00 0.00 TRACK
58.097	>>> V 0.00 0.00
58.097	S 1229516 -9.67 25.84 0.00 0.00 TRACK
58.117	>>> V 0.00 0.00
58.117	S 1229536 -9.67 25.84 0.00 0.00 TRACK
58.136	>>> V 0.00 0.00
58.136	S 1229556 -9.67 25.84 0.00 0.00 TRACK
58.156	>>> V 0.00 0.00
58.156	S 1229576 -9.67 25.84 0.00 0.00 TRACK
58.177	>>> V 0.00 0.00
58.177	S 1229596 -9.67 25.84 0.00 0.00 TRACK
58.197	>>> V 0.00 0.00
58.197	S 1229616 -9.67 25.84 0.00 0.00 TRACK
58.217	>>> V 0.00 0.00
58.217	S 1229636 -9.67 25.84 0.00 0.00 TRACK
58.237	>>> V 0.00 0.00
58.237	S 1229656 -9.67 25.84 0.00 0.00 TRACK
58.257	>>> V 0.00 0.00
58.257	S 1229676 -9.67 25.84 0.00 0.00 TRACK
58.277	>>> V 0.00 0.00
58.277	S 1229696 -9.67 25.93 0.00 0.00 TRACK
58.297	>>> V 0.00 0.00
58.297	S 1229716 -9.67 25.84 0.00 0.00 TRACK
58.316	>>> V 0.00 0.00
58.316	S 1229736 -9.67 25.84 0.00 0.00 TRACK
58.337	>>> V 0.00 0.00
58.337	S 1229756 -9.67 25.84 0.00 0.00 TRACK
58.356	>>> V 0.00 0.00
58.357	S 1229776 -9.67 25.84 0.00 0.00 TRACK
58.377	>>> V 0.00 0.00
58.377	S 1229796 -9.67 25.84 0.00 0.00 TRACK
58.397	>>> V 0.00 0.00
58.397	S 1229816 -9.67 25.84 0.00 0.00 TRACK
58.417	>>> V 0.00 0.00
58.417	S 1229836 -9.67 25.84 0.00 0.00 TRACK
58.436	>>> V 0.00 0.00
58.436	S 1229856 -9.67 25.93 0.00 0.00 TRACK
58.457	>>> V 0.00 0.00
58.457	S 1229876 -9.67 25.84 0.00 0.00 TRACK
58.477	>>> V 0.00 0.00
58.477	S 1229896 -9.67 25.84 0.00 0.00 TRACK
58.497	>>> V 0.00 0.00
58.497	S 1229916 -9.67 25.84 0.00 0.00 TRACK
58.517	>>> V 0.00 0.00
58.517	S 1229936 -9.67 25.84 0.00 0.00 TRACK
58.536	>>> V 0.00 0.00
58.536	S 1229956 -9.67 25.84 0.00 0.00 TRACK
58.556	>>> V 0.00 0.00
58.557	S 1229976 -9.67 25.84 0.00 0.00 TRACK
58.577	>>> V 0.00 0.00
58.577	S 1229996 -9.67 25.84 0.00 0.00 TRACK
58.597	>>> V 0.00 0.00
58.597	S 1230016 -9.67 25.84 0.00 0.00 TRACK
58.616	>>> V 0.00 0.00
58.616	S 1230036 -9.67 25.84 0.00 0.00 TRACK
58.636	>>> V 0.00 0.00
58.637	S 1230056 -9.67 25.84 0.00 0.00 TRACK
58.657	>>> V 0.00 0.00
58.657	S 1230076 -9.67 25.84 0.00 0.00 TRACK
58.676	>>> V 0.00 0.00
58.676	S 1230096 -9.67 25.84 0.00 0.00 TRACK
58.697	>>> V 0.00 0.00
58.697	S 1230116 -9.67 25.84 0.00 0.00 TRACK
58.717	>>> V 0.00 0.00
58.717	S 1230136 -9.67 25.84 0.00 0.00 TRACK
58.737	>>> V 0.00 0.00
58.737	S 1230156 -9.67 25.84 0.00 0.00 TRACK
58.756	>>> V 0.00 0.00
58.757	S 1230176 -9.67 25.84 0.00 0.00 TRACK
58.776	>>> V 0.00 0.00
58.778	S 1230196 -9.67 25.84 0.00 0.00 TRACK
58.797	>>> V 0.00 0.00
58.797	S 1230216 -9.67 25.84 0.00 0.00 TRACK
58.817	>>> V 0.00 0.00
58.817	S 1230236 -9.58 25.84 0.00 0.00 TRACK
58.837	>>> V 0.00 0.00
58.837	S 1230256 -9.67 25.93 0.00 0.00 TRACK
58.856	>>> V 0.00 0.00
58.856	S 1230276 -9.67 25.93 0.00 0.00 TRACK
58.877	>>> V 0.00 0.00
58.877	S 1230296 -9.67 25.84 0.00 0.00 TRACK
58.897	>>> V 0.00 0.00
58.897	S 1230316 -9.58 25.84 0.00 0.00 TRACK
58.916	>>> V 0.00 0.00
58.917	S 1230336 -9.67 25.84 0.00 0.00 TRACK
58.936	>>> V 0.00 0.00
58.937	S 1230356 -9.67 25.84 0.00 0.00 TRACK
58.957	>>> V 0.00 0.00
58.957	S 1230376 -9.67 25.84 0.00 0.00 TRACK
58.977	>>> V 0.00 0.00
58.977	S 1230396 -9.67 25.84 0.00 0.00 TRACK
58.996	>>> V 0.00 0.00
58.997	S 1230416 -9.67 25.84 0.00 0.00 TRACK
59.016	>>> V 0.00 0.00
59.016	S 1230436 -9.67 25.84 0.00 0.00 TRACK
59.036	>>> V 0.00 0.00
59.036	S 1230456 -9.67 25.84 0.00 0.00 TRACK
59.057	>>> V 0.00 0.00
59.057	S 1230476 -9.67 25.84 0.00 0.00 TRACK
59.077	>>> V 0.00 0.00
59.077	S 1230496 -9.67 25.84 0.00 0.00 TRACK
59.097	>>> V 0.00 0.00
59.097	S 1230516 -9.67 25.84 0.00 0.00 TRACK
59.117	>>> V 0.00 0.00
59.117	S 1230536 -9.67 25.84 0.00 0.00 TRACK
59.137	>>> V 0.00 0.00
59.137	S 1230556 -9.67 25.84 0.00 0.00 TRACK
59.157	>>> V 0.00 0.00
59.157	S 1230576 -9.67 25.84 0.00 0.00 TRACK
59.177	>>> V 0.00 0.00
59.177	S 1230596 -9.67 25.84 0.00 0.00 TRACK
59.197	>>> V 0.00 0.00
59.197	S 1230616 -9.67 25.84 0.00 0.00 TRACK
59.217	>>> V 0.00 0.00
59.217	S 1230636 -9.67 25.84 0.00 0.00 TRACK
59.237	>>> V 0.00 0.00
59.237	S 1230656 -9.58 25.84 0.00 0.00 TRACK
59.257	>>> V 0.00 0.00
59.257	S 1230676 -9.67 25.84 0.00 0.00 TRACK
59.277	>>> V 0.00 0.00
59.277	S 1230696 -9.67 25.84 0.00 0.00 TRACK
59.297	>>> V 0.00 0.00
59.297	S 1230716 -9.67 25.84 0.00 0.00 TRACK
59.317	>>> V 0.00 0.00
59.317	S 1230736 -9.67 25.84 0.00 0.00 TRACK
59.337	>>> V 0.00 0.00
59.337	S 1230756 -9.67 25.84 0.00 0.00 TRACK
59.357	>>> V 0.00 0.00
59.358	S 1230776 -9.67 25.84 0.00 0.00 TRACK
59.377	>>> V 0.00 0.00
59.377	S 1230796 -9.67 25.84 0.00 0.00 TRACK
59.397	>>> V 0.00 0.00
59.397	S 1230816 -9.67 25.84 0.00 0.00 TRACK
59.417	>>> V 0.00 0.00
59.417	S 1230836 -9.67 25.84 0.00 0.00 TRACK
59.436	>>> V 0.00 0.00
59.437	S 1230856 -9.67 25.84 0.00 0.00 TRACK
59.456	>>> V 0.00 0.00
59.456	S 1230876 -9.67 25.93 0.00 0.00 TRACK
59.477	>>> V 0.00 0.00
59.477	S 1230896 -9.67 25.84 0.00 0.00 TRACK
59.497	>>> V 0.00 0.00
59.497	S 1230916 -9.67 25.84 0.00 0.00 TRACK
59.517	>>> V 0.00 0.00
59.517	S 1230936 -9.67 25.84 0.00 0.00 TRACK
59.537	>>> V 0.00 0.00
59.537	S 1230956 -9.67 25.84 0.00 0.00 TRACK
59.557	>>> V 0.00 0.00
59.557	S 1230976 -9.67 25.84 0.00 0.00 TRACK
59.577	>>> V 0.00 0.00
59.577	S 1230996 -9.67 25.93 0.00 0.00 TRACK
59.597	>>> V 0.00 0.00
59.597	S 1231016 -9.67 25.84 0.00 0.00 TRACK
59.617	>>> V 0.00 0.00
59.617	S 1231036 -9.67 25.93 0.00 0.00 TRACK
59.637	>>> V 0.00 0.00
59.637	S 1231056 -9.58 25.84 0.00 0.00 TRACK
59.656	>>> V 0.00 0.00
59.657	S 1231076 -9.58 25.84 0.00 0.00 TRACK
59.677	>>> V 0.00 0.00
59.677	S 1231096 -9.67 25.84 0.00 0.00 TRACK
59.697	>>> V 0.00 0.00
59.698	S 1231116 -9.67 25.84 0.00 0.00 TRACK
59.716	>>> V 0.00 0.00
59.717	S 1231136 -9.67 25.84 0.00 0.00 TRACK
59.737	>>> V 0.00 0.00
59.737	S 1231156 -9.67 25.84 0.00 0.00 TRACK
59.757	>>> V 0.00 0.00
59.757	S 1231176 -9.67 25.84 0.00 0.00 TRACK
59.776	>>> V 0.00 0.00
59.777	S 1231196 -9.67 25.84 0.00 0.00 TRACK
59.797	>>> V 0.00 0.00
59.797	S 1231216 -9.67 25.84 0.00 0.00 TRACK
59.816	>>> V 0.00 0.00
59.817	S 1231236 -9.67 25.93 0.00 0.00 TRACK
59.836	>>> V 0.00 0.00
59.837	S 1231256 -9.67 25.84 0.00 0.00 TRACK
59.857	>>> V 0.00 0.00
59.858	S 1231276 -9.67 25.84 0.00 0.00 TRACK
59.876	>>> V 0.00 0.00
59.876	S 1231296 -9.67 25.93 0.00 0.00 TRACK
59.897	>>> V 0.00 0.00
59.897	S 1231316 -9.67 25.84 0.00 0.00 TRACK
59.917	>>> V 0.00 0.00
59.917	S 1231336 -9.67 25.84 0.00 0.00 TRACK
59.937	>>> V 0.00 0.00
59.937	S 1231356 -9.67 25.93 0.00 0.00 TRACK
59.956	>>> V 0.00 0.00
59.957	S 1231376 -9.67 25.84 0.00 0.00 TRACK
59.977	>>> V 0.00 0.00
59.977	S 1231396 -9.67 25.84 0.00 0.00 TRACK
59.996	>>> V 0.00 0.00
59.996	S 1231416 -9.67 25.84 0.00 0.00 TRACK
60.017	>>> V 0.00 0.00
60.017	S 1231436 -9.67 25.84 0.00 0.00 TRACK
60.036	>>> V 0.00 0.00
60.036	S 1231456 -9.67 25.84 0.00 0.00 TRACK
60.057	>>> V 0.00 0.00
60.057	S 1231476 -9.67 25.84 0.00 0.00 TRACK
60.077	>>> V 0.00 0.00
60.077	S 1231496 -9.67 25.84 0.00 0.00 TRACK
60.096	>>> V 0.00 0.00
60.096	S 1231516 -9.67 25.84 0.00 0.00 TRACK
60.117	>>> V 0.00 0.00
60.117	S 1231536 -9.67 25.84 0.00 0.00 TRACK
60.137	>>> V 0.00 0.00
60.137	S 1231556 -9.67 25.84 0.00 0.00 TRACK
60.156	>>> V 0.00 0.00
60.156	S 1231576 -9.67 25.84 0.00 0.00 TRACK
60.176	>>> V 0.00 0.00
60.177	S 1231596 -9.67 25.84 0.00 0.00 TRACK
60.197	>>> V 0.00 0.00
60.197	S 1231616 -9.67 25.84 0.00 0.00 TRACK
60.217	>>> V 0.00 0.00
60.217	S 1231636 -9.67 25.93 0.00 0.00 TRACK
60.237	>>> V 0.00 0.00
60.237	S 1231656 -9.67 25.84 0.00 0.00 TRACK
60.257	>>> V 0.00 0.00
60.257	S 1231676 -9.67 25.84 0.00 0.00 TRACK
60.277	>>> V 0.00 0.00
60.277	S 1231696 -9.67 25.84 0.00 0.00 TRACK
60.296	>>> V 0.00 0.00
60.297	S 1231716 -9.67 25.84 0.00 0.00 TRACK
60.316	>>> V 0.00 0.00
60.317	S 1231736 -9.67 25.84 0.00 0.00 TRACK
60.337	>>> V 0.00 0.00
60.337	S 1231756 -9.67 25.84 0.00 0.00 TRACK
60.356	>>> V 0.00 0.00
60.357	S 1231776 -9.67 25.84 0.00 0.00 TRACK
60.377	>>> V 0.00 0.00
60.377	S 1231796 -9.67 25.84 0.00 0.00 TRACK
60.397	>>> V 0.00 0.00
60.397	S 1231816 -9.67 25.84 0.00 0.00 TRACK
60.417	>>> V 0.00 0.00
60.417	S 1231836 -9.67 25.84 0.00 0.00 TRACK
60.437	>>> V 0.00 0.00
60.437	S 1231856 -9.67 25.84 0.00 0.00 TRACK
60.457	>>> V 0.00 0.00
60.457	S 1231876 -9.67 25.84 0.00 0.00 TRACK
60.477	>>> V 0.00 0.00
60.477	S 1231896 -9.67 25.84 0.00 0.00 TRACK
60.497	>>> V 0.00 0.00
60.497	S 1231916 -9.67 25.84 0.00 0.00 TRACK
60.516	>>> V 0.00 0.00
60.517	S 1231936 -9.67 25.84 0.00 0.00 TRACK
60.537	>>> V 0.00 0.00
60.537	S 1231956 -9.67 25.93 0.00 0.00 TRACK
60.557	>>> V 0.00 0.00
60.557	S 1231976 -9.67 25.84 0.00 0.00 TRACK
60.577	>>> V 0.00 0.00
60.577	S 1231996 -9.67 25.84 0.00 0.00 TRACK
60.597	>>> V 0.00 0.00
60.597	S 1232016 -9.67 25.84 0.00 0.00 TRACK
60.617	>>> V 0.00 0.00
60.617	S 1232036 -9.67 25.84 0.00 0.00 TRACK
60.637	>>> V 0.00 0.00
60.637	S 1232056 -9.67 25.84 0.00 0.00 TRACK
60.657	>>> V 0.00 0.00
60.657	S 1232076 -9.67 25.84 0.00 0.00 TRACK
60.677	>>> V 0.00 0.00
60.677	S 1232096 -9.67 25.84 0.00 0.00 TRACK
60.696	>>> V 0.00 0.00
60.697	S 1232116 -9.67 25.84 0.00 0.00 TRACK
60.717	>>> V 0.00 0.00
60.717	S 1232136 -9.67 25.84 0.00 0.00 TRACK
60.737	>>> V 0.00 0.00
60.737	S 1232156 -9.67 25.84 0.00 0.00 TRACK
60.757	>>> V 0.00 0.00
60.757	S 1232176 -9.67 25.84 0.00 0.00 TRACK
60.777	>>> V 0.00 0.00
60.777	S 1232196 -9.67 25.84 0.00 0.00 TRACK
60.797	>>> V 0.00 0.00
60.797	S 1232216 -9.67 25.84 0.00 0.00 TRACK
60.817	>>> V 0.00 0.00
60.817	S 1232236 -9.67 25.84 0.00 0.00 TRACK
60.837	>>> V 0.00 0.00
60.837	S 1232256 -9.67 25.84 0.00 0.00 TRACK
60.857	>>> V 0.00 0.00
60.857	S 1232276 -9.67 25.84 0.00 0.00 TRACK
60.876	>>> V 0.00 0.00
60.877	S 1232296 -9.67 25.84 0.00 0.00 TRACK
60.897	>>> V 0.00 0.00
60.897	S 1232316 -9.67 25.84 0.00 0.00 TRACK
60.917	>>> V 0.00 0.00
60.917	S 1232336 -9.67 25.84 0.00 0.00 TRACK
60.937	>>> V 0.00 0.00
60.937	S 1232356 -9.58 25.84 0.00 0.00 TRACK
60.956	>>> V 0.00 0.00
60.957	S 1232376 -9.67 25.84 0.00 0.00 TRACK
60.976	>>> V 0.00 0.00
60.977	S 1232396 -9.67 25.84 0.00 0.00 TRACK
60.997	>>> V 0.00 0.00
60.997	S 1232416 -9.67 25.84 0.00 0.00 TRACK
61.017	>>> V 0.00 0.00
61.017	S 1232436 -9.67 25.84 0.00 0.00 TRACK
61.037	>>> V 0.00 0.00
61.037	S 1232456 -9.67 25.84 0.00 0.00 TRACK
61.057	>>> V 0.00 0.00
61.057	S 1232476 -9.67 25.84 0.00 0.00 TRACK
61.076	>>> V 0.00 0.00
61.076	S 1232496 -9.67 25.84 0.00 0.00 TRACK
61.097	>>> V 0.00 0.00
61.100	S 1232516 -9.58 25.84 0.00 0.00 TRACK
61.117	>>> V 0.00 0.00
61.117	S 1232536 -9.67 25.84 0.00 0.00 TRACK
61.137	>>> V 0.00 0.00
61.137	S 1232556 -9.67 25.84 0.00 0.00 TRACK
61.157	>>> V 0.00 0.00
61.157	S 1232576 -9.67 25.84 0.00 0.00 TRACK
61.176	>>> V 0.00 0.00
61.177	S 1232596 -9.67 25.84 0.00 0.00 TRACK
61.197	>>> V 0.00 0.00
61.197	S 1232616 -9.67 25.84 0.00 0.00 TRACK
61.216	>>> V 0.00 0.00
61.216	S 1232636 -9.67 25.84 0.00 0.00 TRACK
61.236	>>> V 0.00 0.00
61.236	S 1232656 -9.67 25.84 0.00 0.00 TRACK
61.256	>>> V 0.00 0.00
61.256	S 1232676 -9.67 25.84 0.00 0.00 TRACK
61.276	>>> V 0.00 0.00
61.276	S 1232696 -9.67 25.84 0.00 0.00 TRACK
61.296	>>> V 0.00 0.00
61.297	S 1232716 -9.67 25.84 0.00 0.00 TRACK
61.316	>>> V 0.00 0.00
61.317	S 1232736 -9.67 25.84 0.00 0.00 TRACK
61.337	>>> V 0.00 0.00
61.337	S 1232756 -9.58 25.84 0.00 0.00 TRACK
61.357	>>> V 0.00 0.00
61.358	S 1232776 -9.67 25.84 0.00 0.00 TRACK
61.377	>>> V 0.00 0.00
61.379	S 1232796 -9.67 25.84 0.00 0.00 TRACK
61.396	>>> V 0.00 0.00
61.397	S 1232816 -9.67 25.84 0.00 0.00 TRACK
61.417	>>> V 0.00 0.00
61.417	S 1232836 -9.67 25.84 0.00 0.00 TRACK
61.437	>>> V 0.00 0.00
61.437	S 1232856 -9.67 25.93 0.00 0.00 TRACK
61.457	>>> V 0.00 0.00
61.457	S 1232876 -9.67 25.84 0.00 0.00 TRACK
61.477	>>> V 0.00 0.00
61.477	S 1232896 -9.67 25.84 0.00 0.00 TRACK
61.497	>>> V 0.00 0.00
61.497	S 1232916 -9.67 25.84 0.00 0.00 TRACK
61.517	>>> V 0.00 0.00
61.517	S 1232936 -9.67 25.84 0.00 0.00 TRACK
61.537	>>> V 0.00 0.00
61.537	S 1232956 -9.58 25.84 0.00 0.00 TRACK
61.556	>>> V 0.00 0.00
61.557	S 1232976 -9.67 25.84 0.00 0.00 TRACK
61.576	>>> V 0.00 0.00
61.577	S 1232996 -9.58 25.84 0.00 0.00 TRACK
61.597	>>> V 0.00 0.00
61.597	S 1233016 -9.67 25.84 0.00 0.00 TRACK
61.617	>>> V 0.00 0.00
61.617	S 1233036 -9.67 25.84 0.00 0.00 TRACK
61.637	>>> V 0.00 0.00
61.637	S 1233056 -9.67 25.84 0.00 0.00 TRACK
61.657	>>> V 0.00 0.00
61.657	S 1233076 -9.67 25.84 0.00 0.00 TRACK
61.676	>>> V 0.00 0.00
61.676	S 1233096 -9.67 25.84 0.00 0.00 TRACK
61.696	>>> V 0.00 0.00
61.696	S 1233116 -9.67 25.84 0.00 0.00 TRACK
61.717	>>> V 0.00 0.00
61.717	S 1233136 -9.67 25.84 0.00 0.00 TRACK
61.736	>>> V 0.00 0.00
61.737	S 1233156 -9.58 25.84 0.00 0.00 TRACK
61.757	>>> V 0.00 0.00
61.757	S 1233176 -9.67 25.84 0.00 0.00 TRACK
61.776	>>> V 0.00 0.00
61.777	S 1233196 -9.67 25.84 0.00 0.00 TRACK
61.796	>>> V 0.00 0.00
61.796	S 1233216 -9.67 25.84 0.00 0.00 TRACK
61.816	>>> V 0.00 0.00
61.817	S 1233236 -9.58 25.84 0.00 0.00 TRACK
61.837	>>> V 0.00 0.00
61.837	S 1233256 -9.67 25.84 0.00 0.00 TRACK
61.856	>>> V 0.00 0.00
61.857	S 1233276 -9.67 25.84 0.00 0.00 TRACK
61.876	>>> V 0.00 0.00
61.876	S 1233296 -9.67 25.84 0.00 0.00 TRACK
61.896	>>> V 0.00 0.00
61.897	S 1233316 -9.67 25.84 0.00 0.00 TRACK
61.917	>>> V 0.00 0.00
61.917	S 1233336 -9.67 25.93 0.00 0.00 TRACK
61.937	>>> V 0.00 0.00
61.937	S 1233356 -9.67 25.84 0.00 0.00 TRACK
61.956	>>> V 0.00 0.00
61.957	S 1233376 -9.67 25.84 0.00 0.00 TRACK
61.977	>>> V 0.00 0.00
61.977	S 1233396 -9.58 25.84 0.00 0.00 TRACK
61.997	>>> V 0.00 0.00
61.997	S 1233416 -9.67 25.84 0.00 0.00 TRACK
62.017	>>> V 0.00 0.00
62.017	S 1233436 -9.67 25.84 0.00 0.00 TRACK
62.036	>>> V 0.00 0.00
62.037	S 1233456 -9.67 25.84 0.00 0.00 TRACK
62.057	>>> V 0.00 0.00
62.057	S 1233476 -9.67 25.84 0.00 0.00 TRACK
62.077	>>> V 0.00 0.00
62.077	S 1233496 -9.67 25.84 0.00 0.00 TRACK
62.097	>>> V 0.00 0.00
62.097	S 1233516 -9.67 25.84 0.00 0.00 TRACK
62.116	>>> V 0.00 0.00
62.117	S 1233536 -9.67 25.84 0.00 0.00 TRACK
62.137	>>> V 0.00 0.00
62.137	S 1233556 -9.67 25.84 0.00 0.00 TRACK
62.156	>>> V 0.00 0.00
62.157	S 1233576 -9.67 25.84 0.00 0.00 TRACK
62.177	>>> V 0.00 0.00
62.177	S 1233596 -9.67 25.84 0.00 0.00 TRACK
62.197	>>> V 0.00 0.00
62.197	S 1233616 -9.67 25.84 0.00 0.00 TRACK
62.217	>>> V 0.00 0.00
62.217	S 1233636 -9.67 25.84 0.00 0.00 TRACK
62.237	>>> V 0.00 0.00
62.237	S 1233656 -9.67 25.84 0.00 0.00 TRACK
62.257	>>> V 0.00 0.00
62.257	S 1233676 -9.58 25.84 0.00 0.00 TRACK
62.277	>>> V 0.00 0.00
62.277	S 1233696 -9.67 25.84 0.00 0.00 TRACK
62.297	>>> V 0.00 0.00
62.297	S 1233716 -9.67 25.84 0.00 0.00 TRACK
62.317	>>> V 0.00 0.00
62.317	S 1233736 -9.67 25.84 0.00 0.00 TRACK
62.337	>>> V 0.00 0.00
62.337	S 1233756 -9.67 25.93 0.00 0.00 TRACK
62.357	>>> V 0.00 0.00
62.357	S 1233776 -9.67 25.84 0.00 0.00 TRACK
62.376	>>> V 0.00 0.00
62.376	S 1233796 -9.67 25.84 0.00 0.00 TRACK
62.397	>>> V 0.00 0.00
62.397	S 1233816 -9.58 25.84 0.00 0.00 TRACK
62.417	>>> V 0.00 0.00
62.417	S 1233836 -9.67 25.84 0.00 0.00 TRACK
62.437	>>> V 0.00 0.00
62.437	S 1233856 -9.67 25.84 0.00 0.00 TRACK
62.457	>>> V 0.00 0.00
62.457	S 1233876 -9.67 25.84 0.00 0.00 TRACK
62.476	>>> V 0.00 0.00
62.477	S 1233896 -9.67 25.84 0.00 0.00 TRACK
62.497	>>> V 0.00 0.00
62.497	S 1233916 -9.67 25.84 0.00 0.00 TRACK
62.517	>>> V 0.00 0.00
62.517	S 1233936 -9.67 25.84 0.00 0.00 TRACK
62.537	>>> V 0.00 0.00
62.537	S 1233956 -9.67 25.84 0.00 0.00 TRACK
62.557	>>> V 0.00 0.00
62.557	S 1233976 -9.58 25.84 0.00 0.00 TRACK
62.577	>>> V 0.00 0.00
62.577	S 1233996 -9.67 25.84 0.00 0.00 TRACK
62.597	>>> V 0.00 0.00
62.597	S 1234016 -9.58 25.84 0.00 0.00 TRACK
62.617	>>> V 0.00 0.00
62.617	S 1234036 -9.58 25.84 0.00 0.00 TRACK
62.637	>>> V 0.00 0.00
62.637	S 1234056 -9.58 25.84 0.00 0.00 TRACK
62.657	>>> V 0.00 0.00
62.657	S 1234076 -9.67 25.84 0.00 0.00 TRACK
62.677	>>> V 0.00 0.00
62.677	S 1234096 -9.67 25.84 0.00 0.00 TRACK
62.696	>>> V 0.00 0.00
62.697	S 1234116 -9.67 25.84 0.00 0.00 TRACK
62.717	>>> V 0.00 0.00
62.717	S 1234136 -9.67 25.84 0.00 0.00 TRACK
62.737	>>> V 0.00 0.00
62.737	S 1234156 -9.67 25.84 0.00 0.00 TRACK
62.757	>>> V 0.00 0.00
62.757	S 1234176 -9.58 25.84 0.00 0.00 TRACK
62.777	>>> V 0.00 0.00
62.777	S 1234196 -9.67 25.84 0.00 0.00 TRACK
62.797	>>> V 0.00 0.00
62.797	S 1234216 -9.67 25.84 0.00 0.00 TRACK
62.817	>>> V 0.00 0.00
62.817	S 1234236 -9.67 25.84 0.00 0.00 TRACK
62.836	>>> V 0.00 0.00
62.836	S 1234256 -9.67 25.84 0.00 0.00 TRACK
62.856	>>> V 0.00 0.00
62.856	S 1234276 -9.67 25.84 0.00 0.00 TRACK
62.876	>>> V 0.00 0.00
62.876	S 1234296 -9.67 25.84 0.00 0.00 TRACK
62.897	>>> V 0.00 0.00
62.897	S 1234316 -9.67 25.84 0.00 0.00 TRACK
62.916	>>> V 0.00 0.00
62.916	S 1234336 -9.67 25.84 0.00 0.00 TRACK
62.937	>>> V 0.00 0.00
62.937	S 1234356 -9.67 25.84 0.00 0.00 TRACK
62.957	>>> V 0.00 0.00
62.957	S 1234376 -9.67 25.84 0.00 0.00 TRACK
62.976	>>> V 0.00 0.00
62.977	S 1234396 -9.67 25.84 0.00 0.00 TRACK
62.997	>>> V 0.00 0.00
62.997	S 1234417 -9.67 25.84 0.00 0.00 TRACK
63.016	>>> V 0.00 0.00
63.017	S 1234437 -9.58 25.84 0.00 0.00 TRACK
63.036	>>> V 0.00 0.00
63.037	S 1234457 -9.67 25.84 0.00 0.00 TRACK
63.057	>>> V 0.00 0.00
63.057	S 1234477 -9.58 25.84 0.00 0.00 TRACK
63.077	>>> V 0.00 0.00
63.077	S 1234497 -9.67 25.84 0.00 0.00 TRACK
63.097	>>> V 0.00 0.00
63.097	S 1234517 -9.67 25.84 0.00 0.00 TRACK
63.117	>>> V 0.00 0.00
63.117	S 1234537 -9.67 25.84 0.00 0.00 TRACK
63.136	>>> V 0.00 0.00
63.136	S 1234557 -9.58 25.84 0.00 0.00 TRACK
63.157	>>> V 0.00 0.00
63.157	S 1234577 -9.67 25.84 0.00 0.00 TRACK
63.177	>>> V 0.00 0.00
63.177	S 1234597 -9.58 25.84 0.00 0.00 TRACK
63.197	>>> V 0.00 0.00
63.197	S 1234617 -9.58 25.84 0.00 0.00 TRACK
63.216	>>> V 0.00 0.00
63.216	S 1234637 -9.67 25.84 0.00 0.00 TRACK
63.236	>>> V 0.00 0.00
63.236	S 1234657 -9.67 25.84 0.00 0.00 TRACK
63.256	>>> V 0.00 0.00
63.257	S 1234677 -9.67 25.84 0.00 0.00 TRACK
63.276	>>> V 0.00 0.00
63.276	S 1234697 -9.67 25.84 0.00 0.00 TRACK
63.297	>>> V 0.00 0.00
63.297	S 1234717 -9.67 25.84 0.00 0.00 TRACK
63.317	>>> V 0.00 0.00
63.317	S 1234737 -9.58 25.84 0.00 0.00 TRACK
63.336	>>> V 0.00 0.00
63.337	S 1234757 -9.67 25.84 0.00 0.00 TRACK
63.357	>>> V 0.00 0.00
63.357	S 1234777 -9.67 25.84 0.00 0.00 TRACK
63.377	>>> V 0.00 0.00
63.377	S 1234797 -9.67 25.84 0.00 0.00 TRACK
63.397	>>> V 0.00 0.00
63.397	S 1234817 -9.67 25.93 0.00 0.00 TRACK
63.417	>>> V 0.00 0.00
63.417	S 1234837 -9.67 25.84 0.00 0.00 TRACK
63.437	>>> V 0.00 0.00
63.437	S 1234857 -9.67 25.84 0.00 0.00 TRACK
63.456	>>> V 0.00 0.00
63.456	S 1234877 -9.67 25.84 0.00 0.00 TRACK
63.476	>>> V 0.00 0.00
63.477	S 1234897 -9.67 25.84 0.00 0.00 TRACK
63.496	>>> V 0.00 0.00
63.497	S 1234917 -9.67 25.84 0.00 0.00 TRACK
63.516	>>> V 0.00 0.00
63.517	S 1234937 -9.67 25.84 0.00 0.00 TRACK
63.536	>>> V 0.00 0.00
63.536	S 1234957 -9.67 25.84 0.00 0.00 TRACK
63.556	>>> V 0.00 0.00
63.558	S 1234977 -9.67 25.84 0.00 0.00 TRACK
63.577	>>> V 0.00 0.00
63.577	S 1234997 -9.67 25.84 0.00 0.00 TRACK
63.597	>>> V 0.00 0.00
63.597	S 1235017 -9.67 25.84 0.00 0.00 TRACK
63.616	>>> V 0.00 0.00
63.616	S 1235037 -9.67 25.84 0.00 0.00 TRACK
63.636	>>> V 0.00 0.00
63.637	S 1235057 -9.67 25.84 0.00 0.00 TRACK
63.656	>>> V 0.00 0.00
63.657	S 1235077 -9.67 25.84 0.00 0.00 TRACK
63.677	>>> V 0.00 0.00
63.677	S 1235097 -9.58 25.84 0.00 0.00 TRACK
63.696	>>> V 0.00 0.00
63.697	S 1235117 -9.67 25.84 0.00 0.00 TRACK
63.716	>>> V 0.00 0.00
63.716	S 1235137 -9.67 25.84 0.00 0.00 TRACK
63.737	>>> V 0.00 0.00
63.737	S 1235157 -9.67 25.84 0.00 0.00 TRACK
63.757	>>> V 0.00 0.00
63.757	S 1235177 -9.67 25.84 0.00 0.00 TRACK
63.777	>>> V 0.00 0.00
63.777	S 1235197 -9.67 25.84 0.00 0.00 TRACK
63.797	>>> V 0.00 0.00
63.797	S 1235217 -9.58 25.84 0.00 0.00 TRACK
63.817	>>> V 0.00 0.00
63.817	S 1235237 -9.67 25.84 0.00 0.00 TRACK
63.837	>>> V 0.00 0.00
63.837	S 1235257 -9.67 25.84 0.00 0.00 TRACK
63.857	>>> V 0.00 0.00
63.857	S 1235277 -9.67 25.84 0.00 0.00 TRACK
63.877	>>> V 0.00 0.00
63.877	S 1235297 -9.67 25.84 0.00 0.00 TRACK
63.897	>>> V 0.00 0.00
63.897	S 1235317 -9.67 25.84 0.00 0.00 TRACK
63.916	>>> V 0.00 0.00
63.917	S 1235337 -9.67 25.84 0.00 0.00 TRACK
63.937	>>> V 0.00 0.00
63.937	S 1235357 -9.67 25.84 0.00 0.00 TRACK
63.957	>>> V 0.00 0.00
63.957	S 1235377 -9.67 25.84 0.00 0.00 TRACK
63.977	>>> V 0.00 0.00
63.977	S 1235397 -9.67 25.84 0.00 0.00 TRACK
63.996	>>> V 0.00 0.00
63.997	S 1235417 -9.67 25.84 0.00 0.00 TRACK
64.017	>>> V 0.00 0.00
64.017	S 1235437 -9.67 25.84 0.00 0.00 TRACK
64.036	>>> V 0.00 0.00
64.037	S 1235457 -9.67 25.84 0.00 0.00 TRACK
64.057	>>> V 0.00 0.00
64.057	S 1235477 -9.67 25.84 0.00 0.00 TRACK
64.077	>>> V 0.00 0.00
64.077	S 1235497 -9.58 25.84 0.00 0.00 TRACK
64.097	>>> V 0.00 0.00
64.097	S 1235517 -9.67 25.84 0.00 0.00 TRACK
64.117	>>> V 0.00 0.00
64.117	S 1235537 -9.67 25.84 0.00 0.00 TRACK
64.137	>>> V 0.00 0.00
64.137	S 1235557 -9.67 25.84 0.00 0.00 TRACK
64.157	>>> V 0.00 0.00
64.157	S 1235577 -9.67 25.84 0.00 0.00 TRACK
64.177	>>> V 0.00 0.00
64.177	S 1235597 -9.67 25.84 0.00 0.00 TRACK
64.197	>>> V 0.00 0.00
64.197	S 1235617 -9.67 25.84 0.00 0.00 TRACK
64.216	>>> V 0.00 0.00
64.217	S 1235637 -9.67 25.84 0.00 0.00 TRACK
64.237	>>> V 0.00 0.00
64.237	S 1235657 -9.67 25.84 0.00 0.00 TRACK
64.257	>>> V 0.00 0.00
64.257	S 1235677 -9.67 25.84 0.00 0.00 TRACK
64.277	>>> V 0.00 0.00
64.277	S 1235697 -9.67 25.84 0.00 0.00 TRACK
64.297	>>> V 0.00 0.00
64.297	S 1235717 -9.67 25.84 0.00 0.00 TRACK
64.317	>>> V 0.00 0.00
64.317	S 1235737 -9.67 25.84 0.00 0.00 TRACK
64.337	>>> V 0.00 0.00
64.337	S 1235757 -9.67 25.84 0.00 0.00 TRACK
64.357	>>> V 0.00 0.00
64.357	S 1235777 -9.67 25.84 0.00 0.00 TRACK
64.377	>>> V 0.00 0.00
64.377	S 1235797 -9.67 25.93 0.00 0.00 TRACK
64.397	>>> V 0.00 0.00
64.397	S 1235817 -9.67 25.84 0.00 0.00 TRACK
64.417	>>> V 0.00 0.00
64.418	S 1235837 -9.67 25.84 0.00 0.00 TRACK
64.436	>>> V 0.00 0.00
64.437	S 1235857 -9.67 25.84 0.00 0.00 TRACK
64.457	>>> V 0.00 0.00
64.457	S 1235877 -9.67 25.93 0.00 0.00 TRACK
64.477	>>> V 0.00 0.00
64.477	S 1235897 -9.67 25.84 0.00 0.00 TRACK
64.497	>>> V 0.00 0.00
64.497	S 1235917 -9.58 25.84 0.00 0.00 TRACK
64.516	>>> V 0.00 0.00
64.516	S 1235937 -9.67 25.84 0.00 0.00 TRACK
64.536	>>> V 0.00 0.00
64.536	S 1235957 -9.67 25.84 0.00 0.00 TRACK
64.556	>>> V 0.00 0.00
64.557	S 1235977 -9.67 25.84 0.00 0.00 TRACK
64.576	>>> V 0.00 0.00
64.576	S 1235997 -9.67 25.84 0.00 0.00 TRACK
64.597	>>> V 0.00 0.00
64.597	S 1236017 -9.67 25.84 0.00 0.00 TRACK
64.617	>>> V 0.00 0.00
64.617	S 1236037 -9.67 25.84 0.00 0.00 TRACK
64.637	>>> V 0.00 0.00
64.637	S 1236057 -9.67 25.84 0.00 0.00 TRACK
64.657	>>> V 0.00 0.00
64.657	S 1236077 -9.67 25.84 0.00 0.00 TRACK
64.677	>>> V 0.00 0.00
64.677	S 1236097 -9.67 25.84 0.00 0.00 TRACK
64.696	>>> V 0.00 0.00
64.696	S 1236117 -9.67 25.84 0.00 0.00 TRACK
64.716	>>> V 0.00 0.00
64.716	S 1236137 -9.67 25.84 0.00 0.00 TRACK
64.736	>>> V 0.00 0.00
64.736	S 1236157 -9.67 25.84 0.00 0.00 TRACK
64.757	>>> V 0.00 0.00
64.757	S 1236177 -9.67 25.84 0.00 0.00 TRACK
64.776	>>> V 0.00 0.00
64.777	S 1236197 -9.67 25.84 0.00 0.00 TRACK
64.797	>>> V 0.00 0.00
64.797	S 1236217 -9.67 25.84 0.00 0.00 TRACK
64.817	>>> V 0.00 0.00
64.817	S 1236237 -9.67 25.84 0.00 0.00 TRACK
64.837	>>> V 0.00 0.00
64.837	S 1236257 -9.67 25.84 0.00 0.00 TRACK
64.856	>>> V 0.00 0.00
64.857	S 1236277 -9.67 25.84 0.00 0.00 TRACK
64.877	>>> V 0.00 0.00
64.877	S 1236297 -9.67 25.84 0.00 0.00 TRACK
64.897	>>> V 0.00 0.00
64.897	S 1236317 -9.58 25.93 0.00 0.00 TRACK
64.916	>>> V 0.00 0.00
64.917	S 1236337 -9.67 25.93 0.00 0.00 TRACK
64.936	>>> V 0.00 0.00
64.937	S 1236357 -9.67 25.84 0.00 0.00 TRACK
64.956	>>> V 0.00 0.00
64.957	S 1236377 -9.67 25.84 0.00 0.00 TRACK
64.976	>>> V 0.00 0.00
64.976	S 1236397 -9.67 25.84 0.00 0.00 TRACK
64.997	>>> V 0.00 0.00
64.997	S 1236417 -9.67 25.84 0.00 0.00 TRACK
65.016	>>> V 0.00 0.00
65.016	S 1236437 -9.67 25.84 0.00 0.00 TRACK
65.036	>>> V 0.00 0.00
65.037	S 1236457 -9.67 25.84 0.00 0.00 TRACK
65.057	>>> V 0.00 0.00
65.057	S 1236477 -9.67 25.84 0.00 0.00 TRACK
65.076	>>> V 0.00 0.00
65.077	S 1236497 -9.67 25.84 0.00 0.00 TRACK
65.097	>>> V 0.00 0.00
65.097	S 1236517 -9.67 25.84 0.00 0.00 TRACK
65.116	>>> V 0.00 0.00
65.116	S 1236537 -9.58 25.84 0.00 0.00 TRACK
65.137	>>> V 0.00 0.00
65.137	S 1236557 -9.67 25.84 0.00 0.00 TRACK
65.156	>>> V 0.00 0.00
65.156	S 1236577 -9.67 25.84 0.00 0.00 TRACK
65.176	>>> V 0.00 0.00
65.176	S 1236597 -9.67 25.84 0.00 0.00 TRACK
65.197	>>> V 0.00 0.00
65.197	S 1236617 -9.67 25.84 0.00 0.00 TRACK
65.217	>>> V 0.00 0.00
65.217	S 1236637 -9.58 25.84 0.00 0.00 TRACK
65.237	>>> V 0.00 0.00
65.237	S 1236657 -9.67 25.84 0.00 0.00 TRACK
65.256	>>> V 0.00 0.00
65.256	S 1236677 -9.67 25.84 0.00 0.00 TRACK
65.276	>>> V 0.00 0.00
65.276	S 1236697 -9.67 25.84 0.00 0.00 TRACK
65.296	>>> V 0.00 0.00
65.297	S 1236717 -9.67 25.84 0.00 0.00 TRACK
65.317	>>> V 0.00 0.00
65.317	S 1236737 -9.67 25.84 0.00 0.00 TRACK
65.337	>>> V 0.00 0.00
65.337	S 1236757 -9.67 25.84 0.00 0.00 TRACK
65.357	>>> V 0.00 0.00
65.357	S 1236777 -9.67 25.93 0.00 0.00 TRACK
65.377	>>> V 0.00 0.00
65.377	S 1236797 -9.67 25.84 0.00 0.00 TRACK
65.397	>>> V 0.00 0.00
65.397	S 1236817 -9.67 25.84 0.00 0.00 TRACK
65.417	>>> V 0.00 0.00
65.417	S 1236837 -9.67 25.84 0.00 0.00 TRACK
65.437	>>> V 0.00 0.00
65.437	S 1236857 -9.67 25.84 0.00 0.00 TRACK
65.457	>>> V 0.00 0.00
65.457	S 1236877 -9.67 25.84 0.00 0.00 TRACK
65.477	>>> V 0.00 0.00
65.477	S 1236897 -9.67 25.93 0.00 0.00 TRACK
65.497	>>> V 0.00 0.00
65.497	S 1236917 -9.67 25.84 0.00 0.00 TRACK
65.516	>>> V 0.00 0.00
65.517	S 1236937 -9.67 25.84 0.00 0.00 TRACK
65.537	>>> V 0.00 0.00
65.538	S 1236957 -9.67 25.84 0.00 0.00 TRACK
65.557	>>> V 0.00 0.00
65.557	S 1236977 -9.67 25.84 0.00 0.00 TRACK
65.576	>>> V 0.00 0.00
65.576	S 1236997 -9.67 25.93 0.00 0.00 TRACK
65.597	>>> V 0.00 0.00
65.597	S 1237017 -9.67 25.84 0.00 0.00 TRACK
65.616	>>> V 0.00 0.00
65.616	S 1237037 -9.67 25.84 0.00 0.00 TRACK
65.636	>>> V 0.00 0.00
65.636	S 1237057 -9.67 25.84 0.00 0.00 TRACK
65.657	>>> V 0.00 0.00
65.657	S 1237077 -9.67 25.93 0.00 0.00 TRACK
65.677	>>> V 0.00 0.00
65.677	S 1237097 -9.67 25.84 0.00 0.00 TRACK
65.696	>>> V 0.00 0.00
65.697	S 1237117 -9.67 25.84 0.00 0.00 TRACK
65.717	>>> V 0.00 0.00
65.717	S 1237137 -9.67 25.84 0.00 0.00 TRACK
65.736	>>> V 0.00 0.00
65.737	S 1237157 -9.67 25.84 0.00 0.00 TRACK
65.757	>>> V 0.00 0.00
65.757	S 1237177 -9.67 25.84 0.00 0.00 TRACK
65.777	>>> V 0.00 0.00
65.777	S 1237197 -9.67 25.84 0.00 0.00 TRACK
65.797	>>> V 0.00 0.00
65.797	S 1237217 -9.58 25.84 0.00 0.00 TRACK
65.817	>>> V 0.00 0.00
65.817	S 1237237 -9.67 25.84 0.00 0.00 TRACK
65.837	>>> V 0.00 0.00
65.837	S 1237257 -9.67 25.84 0.00 0.00 TRACK
65.856	>>> V 0.00 0.00
65.856	S 1237277 -9.67 25.84 0.00 0.00 TRACK
65.876	>>> V 0.00 0.00
65.877	S 1237297 -9.67 25.84 0.00 0.00 TRACK
65.897	>>> V 0.00 0.00
65.897	S 1237317 -9.67 25.84 0.00 0.00 TRACK
65.917	>>> V 0.00 0.00
65.917	S 1237337 -9.67 25.84 0.00 0.00 TRACK
65.937	>>> V 0.00 0.00
65.937	S 1237357 -9.67 25.84 0.00 0.00 TRACK
65.957	>>> V 0.00 0.00
65.957	S 1237377 -9.67 25.84 0.00 0.00 TRACK
65.977	>>> V 0.00 0.00
65.977	S 1237397 -9.67 25.84 0.00 0.00 TRACK
65.997	>>> V 0.00 0.00
65.997	S 1237417 -9.67 25.84 0.00 0.00 TRACK
66.017	>>> V 0.00 0.00
66.017	S 1237437 -9.67 25.84 0.00 0.00 TRACK
66.036	>>> V 0.00 0.00
66.036	S 1237457 -9.67 25.84 0.00 0.00 TRACK
66.057	>>> V 0.00 0.00
66.057	S 1237477 -9.67 25.84 0.00 0.00 TRACK
66.076	>>> V 0.00 0.00
66.076	S 1237497 -9.67 25.84 0.00 0.00 TRACK
66.096	>>> V 0.00 0.00
66.097	S 1237517 -9.67 25.84 0.00 0.00 TRACK
66.117	>>> V 0.00 0.00
66.117	S 1237537 -9.67 25.84 0.00 0.00 TRACK
66.137	>>> V 0.00 0.00
66.137	S 1237557 -9.67 25.84 0.00 0.00 TRACK
66.157	>>> V 0.00 0.00
66.157	S 1237577 -9.67 25.84 0.00 0.00 TRACK
66.177	>>> V 0.00 0.00
66.177	S 1237597 -9.67 25.93 0.00 0.00 TRACK
66.196	>>> V 0.00 0.00
66.197	S 1237617 -9.67 25.84 0.00 0.00 TRACK
66.217	>>> V 0.00 0.00
66.217	S 1237637 -9.58 25.93 0.00 0.00 TRACK
66.237	>>> V 0.00 0.00
66.237	S 1237657 -9.67 25.84 0.00 0.00 TRACK
66.257	>>> V 0.00 0.00
66.257	S 1237677 -9.67 25.84 0.00 0.00 TRACK
66.277	>>> V 0.00 0.00
66.277	S 1237697 -9.67 25.84 0.00 0.00 TRACK
66.297	>>> V 0.00 0.00
66.297	S 1237717 -9.67 25.84 0.00 0.00 TRACK
66.317	>>> V 0.00 0.00
66.317	S 1237737 -9.67 25.84 0.00 0.00 TRACK
66.337	>>> V 0.00 0.00
66.337	S 1237757 -9.67 25.84 0.00 0.00 TRACK
66.357	>>> V 0.00 0.00
66.358	S 1237777 -9.67 25.84 0.00 0.00 TRACK
66.376	>>> V 0.00 0.00
66.377	S 1237797 -9.67 25.84 0.00 0.00 TRACK
66.397	>>> V 0.00 0.00
66.397	S 1237817 -9.67 25.93 0.00 0.00 TRACK
66.417	>>> V 0.00 0.00
66.417	S 1237837 -9.67 25.84 0.00 0.00 TRACK
66.437	>>> V 0.00 0.00
66.437	S 1237857 -9.67 25.84 0.00 0.00 TRACK
66.457	>>> V 0.00 0.00
66.457	S 1237877 -9.67 25.84 0.00 0.00 TRACK
66.477	>>> V 0.00 0.00
66.477	S 1237897 -9.67 25.84 0.00 0.00 TRACK
66.497	>>> V 0.00 0.00
66.497	S 1237917 -9.67 25.84 0.00 0.00 TRACK
66.517	>>> V 0.00 0.00
66.517	S 1237937 -9.67 25.84 0.00 0.00 TRACK
66.537	>>> V 0.00 0.00
66.537	S 1237957 -9.67 25.84 0.00 0.00 TRACK
66.557	>>> V 0.00 0.00
66.557	S 1237977 -9.67 25.84 0.00 0.00 TRACK
66.577	>>> V 0.00 0.00
66.577	S 1237997 -9.67 25.84 0.00 0.00 TRACK
66.596	>>> V 0.00 0.00
66.597	S 1238017 -9.67 25.93 0.00 0.00 TRACK
66.617	>>> V 0.00 0.00
66.617	S 1238037 -9.67 25.84 0.00 0.00 TRACK
66.637	>>> V 0.00 0.00
66.637	S 1238057 -9.67 25.84 0.00 0.00 TRACK
66.657	>>> V 0.00 0.00
66.657	S 1238077 -9.58 25.84 0.00 0.00 TRACK
66.677	>>> V 0.00 0.00
66.677	S 1238097 -9.67 25.93 0.00 0.00 TRACK
66.696	>>> V 0.00 0.00
66.697	S 1238117 -9.67 25.84 0.00 0.00 TRACK
66.717	>>> V 0.00 0.00
66.717	S 1238137 -9.67 25.84 0.00 0.00 TRACK
66.737	>>> V 0.00 0.00
66.737	S 1238157 -9.67 25.84 0.00 0.00 TRACK
66.756	>>> V 0.00 0.00
66.757	S 1238177 -9.67 25.84 0.00 0.00 TRACK
66.777	>>> V 0.00 0.00
66.777	S 1238197 -9.67 25.84 0.00 0.00 TRACK
66.797	>>> V 0.00 0.00
66.797	S 1238217 -9.67 25.84 0.00 0.00 TRACK
66.816	>>> V 0.00 0.00
66.817	S 1238237 -9.67 25.84 0.00 0.00 TRACK
66.837	>>> V 0.00 0.00
66.837	S 1238257 -9.67 25.84 0.00 0.00 TRACK
66.857	>>> V 0.00 0.00
66.857	S 1238277 -9.67 25.84 0.00 0.00 TRACK
66.876	>>> V 0.00 0.00
66.876	S 1238297 -9.67 25.93 0.00 0.00 TRACK
66.897	>>> V 0.00 0.00
66.897	S 1238317 -9.67 25.84 0.00 0.00 TRACK
66.917	>>> V 0.00 0.00
66.917	S 1238337 -9.67 25.84 0.00 0.00 TRACK
66.936	>>> V 0.00 0.00
66.937	S 1238357 -9.67 25.84 0.00 0.00 TRACK
66.957	>>> V 0.00 0.00
66.957	S 1238377 -9.67 25.84 0.00 0.00 TRACK
66.977	>>> V 0.00 0.00
66.977	S 1238397 -9.67 25.84 0.00 0.00 TRACK
66.997	>>> V 0.00 0.00
66.997	S 1238417 -9.67 25.84 0.00 0.00 TRACK
67.016	>>> V 0.00 0.00
67.017	S 1238437 -9.67 25.84 0.00 0.00 TRACK
67.036	>>> V 0.00 0.00
67.037	S 1238457 -9.67 25.84 0.00 0.00 TRACK
67.057	>>> V 0.00 0.00
67.057	S 1238477 -9.67 25.93 0.00 0.00 TRACK
67.077	>>> V 0.00 0.00
67.077	S 1238497 -9.67 25.84 0.00 0.00 TRACK
67.097	>>> V 0.00 0.00
67.097	S 1238517 -9.67 25.84 0.00 0.00 TRACK
67.117	>>> V 0.00 0.00
67.117	S 1238537 -9.67 25.84 0.00 0.00 TRACK
67.137	>>> V 0.00 0.00
67.137	S 1238557 -9.67 25.84 0.00 0.00 TRACK
67.156	>>> V 0.00 0.00
67.157	S 1238577 -9.58 25.93 0.00 0.00 TRACK
67.176	>>> V 0.00 0.00
67.177	S 1238597 -9.67 25.84 0.00 0.00 TRACK
67.196	>>> V 0.00 0.00
67.197	S 1238617 -9.67 25.84 0.00 0.00 TRACK
67.216	>>> V 0.00 0.00
67.216	S 1238637 -9.58 25.84 0.00 0.00 TRACK
67.236	>>> V 0.00 0.00
67.237	S 1238657 -9.67 25.84 0.00 0.00 TRACK
67.257	>>> V 0.00 0.00
67.257	S 1238677 -9.67 25.84 0.00 0.00 TRACK
67.277	>>> V 0.00 0.00
67.277	S 1238697 -9.67 25.84 0.00 0.00 TRACK
67.296	>>> V 0.00 0.00
67.297	S 1238717 -9.67 25.84 0.00 0.00 TRACK
67.316	>>> V 0.00 0.00
67.316	S 1238737 -9.67 25.84 0.00 0.00 TRACK
67.336	>>> V 0.00 0.00
67.337	S 1238757 -9.67 25.84 0.00 0.00 TRACK
67.357	>>> V 0.00 0.00
67.357	S 1238777 -9.67 25.84 0.00 0.00 TRACK
67.376	>>> V 0.00 0.00
67.377	S 1238797 -9.67 25.84 0.00 0.00 TRACK
67.397	>>> V 0.00 0.00
67.397	S 1238817 -9.67 25.84 0.00 0.00 TRACK
67.417	>>> V 0.00 0.00
67.417	S 1238837 -9.58 25.84 0.00 0.00 TRACK
67.436	>>> V 0.00 0.00
67.437	S 1238857 -9.67 25.84 0.00 0.00 TRACK
67.456	>>> V 0.00 0.00
67.457	S 1238877 -9.67 25.84 0.00 0.00 TRACK
67.477	>>> V 0.00 0.00
67.477	S 1238897 -9.67 25.84 0.00 0.00 TRACK
67.497	>>> V 0.00 0.00
67.497	S 1238917 -9.67 25.84 0.00 0.00 TRACK
67.517	>>> V 0.00 0.00
67.517	S 1238937 -9.67 25.84 0.00 0.00 TRACK
67.536	>>> V 0.00 0.00
67.536	S 1238957 -9.67 25.84 0.00 0.00 TRACK
67.557	>>> V 0.00 0.00
67.557	S 1238977 -9.67 25.84 0.00 0.00 TRACK
67.577	>>> V 0.00 0.00
67.577	S 1238997 -9.67 25.84 0.00 0.00 TRACK
67.597	>>> V 0.00 0.00
67.597	S 1239017 -9.67 25.84 0.00 0.00 TRACK
67.616	>>> V 0.00 0.00
67.617	S 1239037 -9.58 25.84 0.00 0.00 TRACK
67.636	>>> V 0.00 0.00
67.637	S 1239057 -9.67 25.84 0.00 0.00 TRACK
67.657	>>> V 0.00 0.00
67.657	S 1239077 -9.67 25.84 0.00 0.00 TRACK
67.677	>>> V 0.00 0.00
67.677	S 1239097 -9.67 25.84 0.00 0.00 TRACK
67.696	>>> V 0.00 0.00
67.697	S 1239117 -9.67 25.84 0.00 0.00 TRACK
67.717	>>> V 0.00 0.00
67.717	S 1239137 -9.67 25.84 0.00 0.00 TRACK
67.737	>>> V 0.00 0.00
67.737	S 1239157 -9.67 25.84 0.00 0.00 TRACK
67.757	>>> V 0.00 0.00
67.757	S 1239177 -9.67 25.84 0.00 0.00 TRACK
67.777	>>> V 0.00 0.00
67.777	S 1239197 -9.67 25.84 0.00 0.00 TRACK
67.797	>>> V 0.00 0.00
67.797	S 1239217 -9.58 25.84 0.00 0.00 TRACK
67.817	>>> V 0.00 0.00
67.817	S 1239237 -9.67 25.84 0.00 0.00 TRACK
67.836	>>> V 0.00 0.00
67.837	S 1239257 -9.58 25.93 0.00 0.00 TRACK
67.856	>>> V 0.00 0.00
67.857	S 1239277 -9.67 25.84 0.00 0.00 TRACK
67.877	>>> V 0.00 0.00
67.877	S 1239297 -9.58 25.84 0.00 0.00 TRACK
67.896	>>> V 0.00 0.00
67.897	S 1239317 -9.67 25.84 0.00 0.00 TRACK
67.917	>>> V 0.00 0.00
67.917	S 1239337 -9.67 25.84 0.00 0.00 TRACK
67.937	>>> V 0.00 0.00
67.937	S 1239357 -9.67 25.84 0.00 0.00 TRACK
67.957	>>> V 0.00 0.00
67.957	S 1239377 -9.67 25.84 0.00 0.00 TRACK
67.977	>>> V 0.00 0.00
67.977	S 1239397 -9.67 25.84 0.00 0.00 TRACK
67.997	>>> V 0.00 0.00
67.997	S 1239417 -9.67 25.84 0.00 0.00 TRACK
68.017	>>> V 0.00 0.00
68.017	S 1239437 -9.67 25.84 0.00 0.00 TRACK
68.037	>>> V 0.00 0.00
68.037	S 1239457 -9.67 25.84 0.00 0.00 TRACK
68.056	>>> V 0.00 0.00
68.057	S 1239477 -9.67 25.84 0.00 0.00 TRACK
68.077	>>> V 0.00 0.00
68.077	S 1239497 -9.67 25.93 0.00 0.00 TRACK
68.097	>>> V 0.00 0.00
68.098	S 1239517 -9.67 25.84 0.00 0.00 TRACK
68.116	>>> V 0.00 0.00
68.117	S 1239537 -9.67 25.84 0.00 0.00 TRACK
68.137	>>> V 0.00 0.00
68.137	S 1239557 -9.67 25.84 0.00 0.00 TRACK
68.157	>>> V 0.00 0.00
68.157	S 1239577 -9.67 25.84 0.00 0.00 TRACK
68.177	>>> V 0.00 0.00
68.177	S 1239597 -9.67 25.84 0.00 0.00 TRACK
68.197	>>> V 0.00 0.00
68.197	S 1239617 -9.67 25.84 0.00 0.00 TRACK
68.217	>>> V 0.00 0.00
68.217	S 1239637 -9.67 25.84 0.00 0.00 TRACK
68.237	>>> V 0.00 0.00
68.237	S 1239657 -9.67 25.84 0.00 0.00 TRACK
68.257	>>> V 0.00 0.00
68.257	S 1239677 -9.67 25.84 0.00 0.00 TRACK
68.277	>>> V 0.00 0.00
68.277	S 1239697 -9.67 25.84 0.00 0.00 TRACK
68.297	>>> V 0.00 0.00
68.297	S 1239717 -9.67 25.84 0.00 0.00 TRACK
68.317	>>> V 0.00 0.00
68.317	S 1239737 -9.67 25.84 0.00 0.00 TRACK
68.336	>>> V 0.00 0.00
68.337	S 1239757 -9.67 25.84 0.00 0.00 TRACK
68.356	>>> V 0.00 0.00
68.357	S 1239777 -9.67 25.84 0.00 0.00 TRACK
68.376	>>> V 0.00 0.00
68.377	S 1239797 -9.67 25.84 0.00 0.00 TRACK
68.396	>>> V 0.00 0.00
68.396	S 1239817 -9.67 25.84 0.00 0.00 TRACK
68.416	>>> V 0.00 0.00
68.416	S 1239837 -9.67 25.84 0.00 0.00 TRACK
68.436	>>> V 0.00 0.00
68.436	S 1239857 -9.58 25.84 0.00 0.00 TRACK
68.456	>>> V 0.00 0.00
68.456	S 1239877 -9.67 25.84 0.00 0.00 TRACK
68.476	>>> V 0.00 0.00
68.476	S 1239897 -9.67 25.84 0.00 0.00 TRACK
68.496	>>> V 0.00 0.00
68.496	S 1239917 -9.58 25.84 0.00 0.00 TRACK
68.516	>>> V 0.00 0.00
68.517	S 1239937 -9.58 25.84 0.00 0.00 TRACK
68.536	>>> V 0.00 0.00
68.536	S 1239957 -9.67 25.84 0.00 0.00 TRACK
68.556	>>> V 0.00 0.00
68.557	S 1239977 -9.58 25.84 0.00 0.00 TRACK
68.576	>>> V 0.00 0.00
68.577	S 1239997 -9.67 25.84 0.00 0.00 TRACK
68.596	>>> V 0.00 0.00
68.596	S 1240017 -9.67 25.84 0.00 0.00 TRACK
68.616	>>> V 0.00 0.00
68.617	S 1240037 -9.67 25.84 0.00 0.00 TRACK
68.636	>>> V 0.00 0.00
68.637	S 1240057 -9.67 25.84 0.00 0.00 TRACK
68.657	>>> V 0.00 0.00
68.657	S 1240077 -9.67 25.84 0.00 0.00 TRACK
68.676	>>> V 0.00 0.00
68.676	S 1240097 -9.67 25.84 0.00 0.00 TRACK
68.696	>>> V 0.00 0.00
68.697	S 1240117 -9.67 25.84 0.00 0.00 TRACK
68.716	>>> V 0.00 0.00
68.717	S 1240137 -9.67 25.84 0.00 0.00 TRACK
68.736	>>> V 0.00 0.00
68.737	S 1240157 -9.67 25.84 0.00 0.00 TRACK
68.757	>>> V 0.00 0.00
68.757	S 1240177 -9.67 25.84 0.00 0.00 TRACK
68.776	>>> V 0.00 0.00
68.777	S 1240197 -9.67 25.84 0.00 0.00 TRACK
68.796	>>> V 0.00 0.00
68.797	S 1240217 -9.67 25.84 0.00 0.00 TRACK
68.816	>>> V 0.00 0.00
68.817	S 1240237 -9.67 25.84 0.00 0.00 TRACK
68.836	>>> V 0.00 0.00
68.836	S 1240257 -9.67 25.84 0.00 0.00 TRACK
68.856	>>> V 0.00 0.00
68.858	S 1240277 -9.58 25.84 0.00 0.00 TRACK
68.876	>>> V 0.00 0.00
68.880	S 1240297 -9.58 25.84 0.00 0.00 TRACK
68.896	>>> V 0.00 0.00
68.897	S 1240317 -9.67 25.84 0.00 0.00 TRACK
68.916	>>> V 0.00 0.00
68.916	S 1240337 -9.67 25.84 0.00 0.00 TRACK
68.936	>>> V 0.00 0.00
68.937	S 1240357 -9.67 25.84 0.00 0.00 TRACK
68.956	>>> V 0.00 0.00
68.957	S 1240377 -9.67 25.84 0.00 0.00 TRACK
68.976	>>> V 0.00 0.00
68.977	S 1240397 -9.67 25.84 0.00 0.00 TRACK
68.996	>>> V 0.00 0.00
68.997	S 1240417 -9.67 25.84 0.00 0.00 TRACK
69.016	>>> V 0.00 0.00
69.017	S 1240437 -9.67 25.93 0.00 0.00 TRACK
69.036	>>> V 0.00 0.00
69.037	S 1240457 -9.67 25.84 0.00 0.00 TRACK
69.057	>>> V 0.00 0.00
69.057	S 1240477 -9.67 25.84 0.00 0.00 TRACK
69.076	>>> V 0.00 0.00
69.077	S 1240497 -9.67 25.84 0.00 0.00 TRACK
69.097	>>> V 0.00 0.00
69.097	S 1240517 -9.67 25.84 0.00 0.00 TRACK
69.116	>>> V 0.00 0.00
69.116	S 1240537 -9.67 25.84 0.00 0.00 TRACK
69.136	>>> V 0.00 0.00
69.137	S 1240557 -9.67 25.84 0.00 0.00 TRACK
69.156	>>> V 0.00 0.00
69.157	S 1240577 -9.67 25.84 0.00 0.00 TRACK
69.176	>>> V 0.00 0.00
69.176	S 1240597 -9.67 25.84 0.00 0.00 TRACK
69.196	>>> V 0.00 0.00
69.197	S 1240617 -9.67 25.84 0.00 0.00 TRACK
69.216	>>> V 0.00 0.00
69.217	S 1240637 -9.67 25.84 0.00 0.00 TRACK
69.236	>>> V 0.00 0.00
69.237	S 1240657 -9.58 25.84 0.00 0.00 TRACK
69.256	>>> V 0.00 0.00
69.256	S 1240677 -9.67 25.84 0.00 0.00 TRACK
69.276	>>> V 0.00 0.00
69.276	S 1240697 -9.67 25.84 0.00 0.00 TRACK
69.296	>>> V 0.00 0.00
69.296	S 1240717 -9.67 25.84 0.00 0.00 TRACK
69.316	>>> V 0.00 0.00
69.316	S 1240737 -9.67 25.84 0.00 0.00 TRACK
69.336	>>> V 0.00 0.00
69.336	S 1240757 -9.67 25.84 0.00 0.00 TRACK
69.357	>>> V 0.00 0.00
69.359	S 1240777 -9.67 25.84 0.00 0.00 TRACK
69.376	>>> V 0.00 0.00
69.376	S 1240797 -9.67 25.93 0.00 0.00 TRACK
69.396	>>> V 0.00 0.00
69.396	S 1240817 -9.67 25.84 0.00 0.00 TRACK
69.416	>>> V 0.00 0.00
69.416	S 1240837 -9.67 25.84 0.00 0.00 TRACK
69.436	>>> V 0.00 0.00
69.436	S 1240857 -9.67 25.84 0.00 0.00 TRACK
69.456	>>> V 0.00 0.00
69.456	S 1240877 -9.67 25.84 0.00 0.00 TRACK
69.476	>>> V 0.00 0.00
69.476	S 1240897 -9.67 25.84 0.00 0.00 TRACK
69.496	>>> V 0.00 0.00
69.496	S 1240917 -9.67 25.84 0.00 0.00 TRACK
69.516	>>> V 0.00 0.00
69.516	S 1240937 -9.67 25.84 0.00 0.00 TRACK
69.536	>>> V 0.00 0.00
69.536	S 1240957 -9.67 25.93 0.00 0.00 TRACK
69.556	>>> V 0.00 0.00
69.557	S 1240977 -9.67 25.93 0.00 0.00 TRACK
69.576	>>> V 0.00 0.00
69.576	S 1240997 -9.67 25.84 0.00 0.00 TRACK
69.596	>>> V 0.00 0.00
69.597	S 1241017 -9.67 25.84 0.00 0.00 TRACK
69.616	>>> V 0.00 0.00
69.617	S 1241037 -9.67 25.84 0.00 0.00 TRACK
69.636	>>> V 0.00 0.00
69.637	S 1241057 -9.67 25.84 0.00 0.00 TRACK
69.656	>>> V 0.00 0.00
69.657	S 1241077 -9.58 25.84 0.00 0.00 TRACK
69.676	>>> V 0.00 0.00
69.677	S 1241097 -9.67 25.84 0.00 0.00 TRACK
69.696	>>> V 0.00 0.00
69.697	S 1241117 -9.67 25.84 0.00 0.00 TRACK
69.716	>>> V 0.00 0.00
69.716	S 1241137 -9.67 25.84 0.00 0.00 TRACK
69.736	>>> V 0.00 0.00
69.737	S 1241157 -9.67 25.84 0.00 0.00 TRACK
69.756	>>> V 0.00 0.00
69.757	S 1241177 -9.67 25.84 0.00 0.00 TRACK
69.776	>>> V 0.00 0.00
69.776	S 1241197 -9.58 25.84 0.00 0.00 TRACK
69.796	>>> V 0.00 0.00
69.796	S 1241217 -9.67 25.84 0.00 0.00 TRACK
69.816	>>> V 0.00 0.00
69.817	S 1241237 -9.67 25.84 0.00 0.00 TRACK
69.836	>>> V 0.00 0.00
69.837	S 1241257 -9.67 25.84 0.00 0.00 TRACK
69.856	>>> V 0.00 0.00
69.856	S 1241277 -9.58 25.84 0.00 0.00 TRACK
69.876	>>> V 0.00 0.00
69.877	S 1241297 -9.67 25.84 0.00 0.00 TRACK
69.896	>>> V 0.00 0.00
69.896	S 1241317 -9.67 25.84 0.00 0.00 TRACK
69.916	>>> V 0.00 0.00
69.916	S 1241337 -9.67 25.84 0.00 0.00 TRACK
69.937	>>> V 0.00 0.00
69.938	S 1241357 -9.67 25.84 0.00 0.00 TRACK
69.956	>>> V 0.00 0.00
69.958	S 1241377 -9.67 25.84 0.00 0.00 TRACK
69.976	>>> V 0.00 0.00
69.977	S 1241397 -9.67 25.84 0.00 0.00 TRACK
69.996	>>> V 0.00 0.00
69.996	S 1241417 -9.67 25.84 0.00 0.00 TRACK
70.017	>>> V 0.00 0.00
70.017	S 1241437 -9.67 25.84 0.00 0.00 TRACK
70.036	>>> V 0.00 0.00
70.037	S 1241457 -9.67 25.84 0.00 0.00 TRACK
70.056	>>> V 0.00 0.00
70.057	S 1241477 -9.67 25.84 0.00 0.00 TRACK
70.077	>>> V 0.00 0.00
70.077	S 1241497 -9.67 25.93 0.00 0.00 TRACK
70.097	>>> V 0.00 0.00
70.097	S 1241517 -9.67 25.84 0.00 0.00 TRACK
70.116	>>> V 0.00 0.00
70.116	S 1241537 -9.67 25.84 0.00 0.00 TRACK
70.137	>>> V 0.00 0.00
70.137	S 1241557 -9.67 25.84 0.00 0.00 TRACK
70.156	>>> V 0.00 0.00
70.157	S 1241577 -9.67 25.84 0.00 0.00 TRACK
70.176	>>> V 0.00 0.00
70.177	S 1241597 -9.67 25.84 0.00 0.00 TRACK
70.197	>>> V 0.00 0.00
70.197	S 1241617 -9.67 25.84 0.00 0.00 TRACK
70.216	>>> V 0.00 0.00
70.216	S 1241637 -9.67 25.84 0.00 0.00 TRACK
70.237	>>> V 0.00 0.00
70.237	S 1241657 -9.67 25.84 0.00 0.00 TRACK
70.257	>>> V 0.00 0.00
70.257	S 1241677 -9.67 25.84 0.00 0.00 TRACK
70.277	>>> V 0.00 0.00
70.277	S 1241697 -9.67 25.84 0.00 0.00 TRACK
70.297	>>> V 0.00 0.00
70.297	S 1241717 -9.67 25.84 0.00 0.00 TRACK
70.316	>>> V 0.00 0.00
70.317	S 1241737 -9.67 25.84 0.00 0.00 TRACK
70.337	>>> V 0.00 0.00
70.337	S 1241757 -9.67 25.84 0.00 0.00 TRACK
70.357	>>> V 0.00 0.00
70.357	S 1241777 -9.58 25.93 0.00 0.00 TRACK
70.376	>>> V 0.00 0.00
70.376	S 1241797 -9.67 25.84 0.00 0.00 TRACK
70.397	>>> V 0.00 0.00
70.397	S 1241817 -9.67 25.84 0.00 0.00 TRACK
70.417	>>> V 0.00 0.00
70.417	S 1241838 -9.67 25.84 0.00 0.00 TRACK
70.437	>>> V 0.00 0.00
70.437	S 1241858 -9.67 25.84 0.00 0.00 TRACK
70.456	>>> V 0.00 0.00
70.456	S 1241878 -9.67 25.84 0.00 0.00 TRACK
70.476	>>> V 0.00 0.00
70.476	S 1241898 -9.67 25.84 0.00 0.00 TRACK
70.497	>>> V 0.00 0.00
70.497	S 1241918 -9.67 25.84 0.00 0.00 TRACK
70.517	>>> V 0.00 0.00
70.517	S 1241938 -9.67 25.84 0.00 0.00 TRACK
70.537	>>> V 0.00 0.00
70.537	S 1241958 -9.67 25.84 0.00 0.00 TRACK
70.556	>>> V 0.00 0.00
70.557	S 1241978 -9.67 25.84 0.00 0.00 TRACK
70.576	>>> V 0.00 0.00
70.576	S 1241998 -9.58 25.84 0.00 0.00 TRACK
70.597	>>> V 0.00 0.00
70.597	S 1242018 -9.58 25.84 0.00 0.00 TRACK
70.617	>>> V 0.00 0.00
70.617	S 1242038 -9.58 25.84 0.00 0.00 TRACK
70.637	>>> V 0.00 0.00
70.637	S 1242058 -9.67 25.84 0.00 0.00 TRACK
70.656	>>> V 0.00 0.00
70.656	S 1242078 -9.67 25.84 0.00 0.00 TRACK
70.676	>>> V 0.00 0.00
70.676	S 1242098 -9.67 25.84 0.00 0.00 TRACK
70.696	>>> V 0.00 0.00
70.697	S 1242118 -9.67 25.93 0.00 0.00 TRACK
70.717	>>> V 0.00 0.00
70.717	S 1242138 -9.67 25.84 0.00 0.00 TRACK
70.736	>>> V 0.00 0.00
70.737	S 1242158 -9.67 25.84 0.00 0.00 TRACK
70.757	>>> V 0.00 0.00
70.759	S 1242178 -9.67 25.84 0.00 0.00 TRACK
70.776	>>> V 0.00 0.00
70.776	S 1242198 -9.58 25.84 0.00 0.00 TRACK
70.797	>>> V 0.00 0.00
70.797	S 1242218 -9.67 25.84 0.00 0.00 TRACK
70.817	>>> V 0.00 0.00
70.817	S 1242238 -9.67 25.84 0.00 0.00 TRACK
70.837	>>> V 0.00 0.00
70.837	S 1242258 -9.67 25.84 0.00 0.00 TRACK
70.857	>>> V 0.00 0.00
70.857	S 1242278 -9.67 25.93 0.00 0.00 TRACK
70.876	>>> V 0.00 0.00
70.877	S 1242298 -9.67 25.84 0.00 0.00 TRACK
70.897	>>> V 0.00 0.00
70.897	S 1242318 -9.67 25.84 0.00 0.00 TRACK
70.917	>>> V 0.00 0.00
70.917	S 1242338 -9.67 25.84 0.00 0.00 TRACK
70.936	>>> V 0.00 0.00
70.936	S 1242358 -9.67 25.84 0.00 0.00 TRACK
70.957	>>> V 0.00 0.00
70.957	S 1242378 -9.58 25.84 0.00 0.00 TRACK
70.976	>>> V 0.00 0.00
70.976	S 1242398 -9.67 25.84 0.00 0.00 TRACK
70.997	>>> V 0.00 0.00
70.997	S 1242418 -9.67 25.84 0.00 0.00 TRACK
71.017	>>> V 0.00 0.00
71.017	S 1242438 -9.67 25.84 0.00 0.00 TRACK
71.036	>>> V 0.00 0.00
71.037	S 1242458 -9.58 25.84 0.00 0.00 TRACK
71.056	>>> V 0.00 0.00
71.056	S 1242478 -9.67 25.84 0.00 0.00 TRACK
71.077	>>> V 0.00 0.00
71.078	S 1242498 -9.67 25.84 0.00 0.00 TRACK
71.097	>>> V 0.00 0.00
71.098	S 1242518 -9.67 25.84 0.00 0.00 TRACK
71.117	>>> V 0.00 0.00
71.118	S 1242538 -9.67 25.84 0.00 0.00 TRACK
71.137	>>> V 0.00 0.00
71.138	S 1242558 -9.67 25.84 0.00 0.00 TRACK
71.157	>>> V 0.00 0.00
71.158	S 1242578 -9.67 25.84 0.00 0.00 TRACK
71.177	>>> V 0.00 0.00
71.178	S 1242598 -9.67 25.84 0.00 0.00 TRACK
71.197	>>> V 0.00 0.00
71.198	S 1242618 -9.67 25.84 0.00 0.00 TRACK
71.217	>>> V 0.00 0.00
71.218	S 1242638 -9.58 25.84 0.00 0.00 TRACK
71.237	>>> V 0.00 0.00
71.238	S 1242658 -9.67 25.84 0.00 0.00 TRACK
71.257	>>> V 0.00 0.00
71.257	S 1242678 -9.67 25.84 0.00 0.00 TRACK
71.277	>>> V 0.00 0.00
71.277	S 1242698 -9.67 25.84 0.00 0.00 TRACK
71.297	>>> V 0.00 0.00
71.297	S 1242718 -9.67 25.84 0.00 0.00 TRACK
71.317	>>> V 0.00 0.00
71.317	S 1242738 -9.67 25.84 0.00 0.00 TRACK
71.337	>>> V 0.00 0.00
71.337	S 1242758 -9.58 25.84 0.00 0.00 TRACK
71.356	>>> V 0.00 0.00
71.357	S 1242778 -9.58 25.84 0.00 0.00 TRACK
71.376	>>> V 0.00 0.00
71.376	S 1242798 -9.58 25.84 0.00 0.00 TRACK
71.396	>>> V 0.00 0.00
71.397	S 1242818 -9.67 25.84 0.00 0.00 TRACK
71.416	>>> V 0.00 0.00
71.417	S 1242838 -9.67 25.84 0.00 0.00 TRACK
71.437	>>> V 0.00 0.00
71.437	S 1242858 -9.67 25.93 0.00 0.00 TRACK
71.457	>>> V 0.00 0.00
71.457	S 1242878 -9.67 25.84 0.00 0.00 TRACK
71.477	>>> V 0.00 0.00
71.477	S 1242898 -9.58 25.84 0.00 0.00 TRACK
71.497	>>> V 0.00 0.00
71.497	S 1242918 -9.67 25.84 0.00 0.00 TRACK
71.517	>>> V 0.00 0.00
71.517	S 1242938 -9.67 25.84 0.00 0.00 TRACK
71.537	>>> V 0.00 0.00
71.537	S 1242958 -9.67 25.84 0.00 0.00 TRACK
71.557	>>> V 0.00 0.00
71.557	S 1242978 -9.67 25.84 0.00 0.00 TRACK
71.576	>>> V 0.00 0.00
71.576	S 1242998 -9.67 25.84 0.00 0.00 TRACK
71.597	>>> V 0.00 0.00
71.597	S 1243018 -9.67 25.84 0.00 0.00 TRACK
71.616	>>> V 0.00 0.00
71.617	S 1243038 -9.67 25.84 0.00 0.00 TRACK
71.636	>>> V 0.00 0.00
71.637	S 1243058 -9.58 25.93 0.00 0.00 TRACK
71.658	>>> V 0.00 0.00
71.658	S 1243078 -9.67 25.84 0.00 0.00 TRACK
71.677	>>> V 0.00 0.00
71.677	S 1243098 -9.67 25.93 0.00 0.00 TRACK
71.696	>>> V 0.00 0.00
71.696	S 1243118 -9.67 25.84 0.00 0.00 TRACK
71.716	>>> V 0.00 0.00
71.717	S 1243138 -9.67 25.84 0.00 0.00 TRACK
71.737	>>> V 0.00 0.00
71.737	S 1243158 -9.67 25.84 0.00 0.00 TRACK
71.757	>>> V 0.00 0.00
71.757	S 1243178 -9.67 25.84 0.00 0.00 TRACK
71.776	>>> V 0.00 0.00
71.776	S 1243198 -9.58 25.84 0.00 0.00 TRACK
71.797	>>> V 0.00 0.00
71.797	S 1243218 -9.67 25.84 0.00 0.00 TRACK
71.817	>>> V 0.00 0.00
71.817	S 1243238 -9.67 25.84 0.00 0.00 TRACK
71.837	>>> V 0.00 0.00
71.837	S 1243258 -9.67 25.84 0.00 0.00 TRACK
71.856	>>> V 0.00 0.00
71.857	S 1243278 -9.67 25.84 0.00 0.00 TRACK
71.877	>>> V 0.00 0.00
71.879	S 1243298 -9.67 25.84 0.00 0.00 TRACK
71.897	>>> V 0.00 0.00
71.898	S 1243318 -9.67 25.84 0.00 0.00 TRACK
71.917	>>> V 0.00 0.00
71.917	S 1243338 -9.67 25.84 0.00 0.00 TRACK
71.936	>>> V 0.00 0.00
71.936	S 1243358 -9.67 25.84 0.00 0.00 TRACK
71.956	>>> V 0.00 0.00
71.957	S 1243378 -9.67 25.84 0.00 0.00 TRACK
71.976	>>> V 0.00 0.00
71.976	S 1243398 -9.67 25.93 0.00 0.00 TRACK
71.996	>>> V 0.00 0.00
71.996	S 1243418 -9.67 25.84 0.00 0.00 TRACK
72.017	>>> V 0.00 0.00
72.018	S 1243438 -9.58 25.84 0.00 0.00 TRACK
72.036	>>> V 0.00 0.00
72.036	S 1243458 -9.67 25.84 0.00 0.00 TRACK
72.056	>>> V 0.00 0.00
72.056	S 1243478 -9.67 25.84 0.00 0.00 TRACK
72.077	>>> V 0.00 0.00
72.077	S 1243498 -9.67 25.84 0.00 0.00 TRACK
72.097	>>> V 0.00 0.00
72.097	S 1243518 -9.67 25.84 0.00 0.00 TRACK
72.116	>>> V 0.00 0.00
72.116	S 1243538 -9.67 25.84 0.00 0.00 TRACK
72.136	>>> V 0.00 0.00
72.136	S 1243558 -9.67 25.84 0.00 0.00 TRACK
72.156	>>> V 0.00 0.00
72.157	S 1243578 -9.67 25.84 0.00 0.00 TRACK
72.177	>>> V 0.00 0.00
72.177	S 1243598 -9.67 25.84 0.00 0.00 TRACK
72.198	>>> V 0.00 0.00
72.199	S 1243618 -9.67 25.84 0.00 0.00 TRACK
72.216	>>> V 0.00 0.00
72.216	S 1243638 -9.67 25.84 0.00 0.00 TRACK
72.236	>>> V 0.00 0.00
72.237	S 1243658 -9.67 25.93 0.00 0.00 TRACK
72.256	>>> V 0.00 0.00
72.257	S 1243678 -9.67 25.84 0.00 0.00 TRACK
72.277	>>> V 0.00 0.00
72.278	S 1243698 -9.67 25.84 0.00 0.00 TRACK
72.297	>>> V 0.00 0.00
72.297	S 1243718 -9.67 25.93 0.00 0.00 TRACK
72.317	>>> V 0.00 0.00
72.317	S 1243738 -9.67 25.84 0.00 0.00 TRACK
72.336	>>> V 0.00 0.00
72.337	S 1243758 -9.67 25.84 0.00 0.00 TRACK
72.357	>>> V 0.00 0.00
72.357	S 1243778 -9.67 25.84 0.00 0.00 TRACK
72.376	>>> V 0.00 0.00
72.377	S 1243798 -9.67 25.84 0.00 0.00 TRACK
72.397	>>> V 0.00 0.00
72.397	S 1243818 -9.67 25.93 0.00 0.00 TRACK
72.417	>>> V 0.00 0.00
72.417	S 1243838 -9.67 25.84 0.00 0.00 TRACK
72.436	>>> V 0.00 0.00
72.436	S 1243858 -9.58 25.93 0.00 0.00 TRACK
72.457	>>> V 0.00 0.00
72.457	S 1243878 -9.67 25.84 0.00 0.00 TRACK
72.476	>>> V 0.00 0.00
72.476	S 1243898 -9.67 25.84 0.00 0.00 TRACK
72.496	>>> V 0.00 0.00
72.496	S 1243918 -9.67 25.84 0.00 0.00 TRACK
72.519	>>> V 0.00 0.00
72.519	S 1243938 -9.67 25.84 0.00 0.00 TRACK
72.537	>>> V 0.00 0.00
72.537	S 1243958 -9.67 25.84 0.00 0.00 TRACK
72.557	>>> V 0.00 0.00
72.557	S 1243978 -9.67 25.84 0.00 0.00 TRACK
72.577	>>> V 0.00 0.00
72.577	S 1243998 -9.67 25.93 0.00 0.00 TRACK
72.597	>>> V 0.00 0.00
72.597	S 1244018 -9.67 25.84 0.00 0.00 TRACK
72.616	>>> V 0.00 0.00
72.616	S 1244038 -9.67 25.84 0.00 0.00 TRACK
72.636	>>> V 0.00 0.00
72.636	S 1244058 -9.67 25.84 0.00 0.00 TRACK
72.657	>>> V 0.00 0.00
72.657	S 1244078 -9.67 25.84 0.00 0.00 TRACK
72.676	>>> V 0.00 0.00
72.676	S 1244098 -9.67 25.84 0.00 0.00 TRACK
72.696	>>> V 0.00 0.00
72.697	S 1244118 -9.67 25.84 0.00 0.00 TRACK
72.719	>>> V 0.00 0.00
72.719	S 1244138 -9.67 25.84 0.00 0.00 TRACK
72.737	>>> V 0.00 0.00
72.737	S 1244158 -9.67 25.84 0.00 0.00 TRACK
72.756	>>> V 0.00 0.00
72.757	S 1244178 -9.67 25.84 0.00 0.00 TRACK
72.776	>>> V 0.00 0.00
72.776	S 1244198 -9.67 25.84 0.00 0.00 TRACK
72.797	>>> V 0.00 0.00
72.797	S 1244218 -9.58 25.93 0.00 0.00 TRACK
72.816	>>> V 0.00 0.00
72.817	S 1244238 -9.67 25.84 0.00 0.00 TRACK
72.837	>>> V 0.00 0.00
72.837	S 1244258 -9.67 25.84 0.00 0.00 TRACK
72.856	>>> V 0.00 0.00
72.856	S 1244278 -9.67 25.84 0.00 0.00 TRACK
72.876	>>> V 0.00 0.00
72.876	S 1244298 -9.67 25.84 0.00 0.00 TRACK
72.897	>>> V 0.00 0.00
72.897	S 1244318 -9.67 25.84 0.00 0.00 TRACK
72.917	>>> V 0.00 0.00
72.918	S 1244338 -9.67 25.84 0.00 0.00 TRACK
72.936	>>> V 0.00 0.00
72.937	S 1244358 -9.67 25.84 0.00 0.00 TRACK
72.957	>>> V 0.00 0.00
72.957	S 1244378 -9.67 25.84 0.00 0.00 TRACK
72.976	>>> V 0.00 0.00
72.976	S 1244398 -9.67 25.84 0.00 0.00 TRACK
72.997	>>> V 0.00 0.00
72.997	S 1244418 -9.67 25.84 0.00 0.00 TRACK
73.016	>>> V 0.00 0.00
73.016	S 1244438 -9.67 25.84 0.00 0.00 TRACK
73.037	>>> V 0.00 0.00
73.037	S 1244458 -9.67 25.84 0.00 0.00 TRACK
73.057	>>> V 0.00 0.00
73.057	S 1244478 -9.67 25.84 0.00 0.00 TRACK
73.076	>>> V 0.00 0.00
73.076	S 1244498 -9.67 25.84 0.00 0.00 TRACK
73.097	>>> V 0.00 0.00
73.097	S 1244518 -9.67 25.84 0.00 0.00 TRACK
73.117	>>> V 0.00 0.00
73.117	S 1244538 -9.67 25.84 0.00 0.00 TRACK
73.136	>>> V 0.00 0.00
73.136	S 1244558 -9.67 25.93 0.00 0.00 TRACK
73.157	>>> V 0.00 0.00
73.157	S 1244578 -9.67 25.84 0.00 0.00 TRACK
73.176	>>> V 0.00 0.00
73.177	S 1244598 -9.67 25.84 0.00 0.00 TRACK
73.196	>>> V 0.00 0.00
73.196	S 1244618 -9.67 25.84 0.00 0.00 TRACK
73.217	>>> V 0.00 0.00
73.217	S 1244638 -9.67 25.84 0.00 0.00 TRACK
73.236	>>> V 0.00 0.00
73.236	S 1244658 -9.67 25.84 0.00 0.00 TRACK
73.256	>>> V 0.00 0.00
73.256	S 1244678 -9.67 25.84 0.00 0.00 TRACK
73.277	>>> V 0.00 0.00
73.277	S 1244698 -9.67 25.93 0.00 0.00 TRACK
73.297	>>> V 0.00 0.00
73.297	S 1244718 -9.67 25.84 0.00 0.00 TRACK
73.317	>>> V 0.00 0.00
73.317	S 1244738 -9.67 25.84 0.00 0.00 TRACK
73.337	>>> V 0.00 0.00
73.337	S 1244758 -9.67 25.84 0.00 0.00 TRACK
73.357	>>> V 0.00 0.00
73.359	S 1244778 -9.67 25.84 0.00 0.00 TRACK
73.377	>>> V 0.00 0.00
73.377	S 1244798 -9.67 25.84 0.00 0.00 TRACK
73.397	>>> V 0.00 0.00
73.397	S 1244818 -9.67 25.84 0.00 0.00 TRACK
73.416	>>> V 0.00 0.00
73.417	S 1244838 -9.67 25.84 0.00 0.00 TRACK
73.439	>>> V 0.00 0.00
73.439	S 1244858 -9.67 25.84 0.00 0.00 TRACK
73.457	>>> V 0.00 0.00
73.457	S 1244878 -9.67 25.84 0.00 0.00 TRACK
73.477	>>> V 0.00 0.00
73.477	S 1244898 -9.67 25.84 0.00 0.00 TRACK
73.496	>>> V 0.00 0.00
73.497	S 1244918 -9.67 25.84 0.00 0.00 TRACK
73.516	>>> V 0.00 0.00
73.516	S 1244938 -9.67 25.84 0.00 0.00 TRACK
73.537	>>> V 0.00 0.00
73.537	S 1244958 -9.67 25.84 0.00 0.00 TRACK
73.556	>>> V 0.00 0.00
73.556	S 1244978 -9.67 25.84 0.00 0.00 TRACK
73.577	>>> V 0.00 0.00
73.577	S 1244998 -9.67 25.84 0.00 0.00 TRACK
73.597	>>> V 0.00 0.00
73.597	S 1245018 -9.67 25.84 0.00 0.00 TRACK
73.618	>>> V 0.00 0.00
73.618	S 1245038 -9.67 25.84 0.00 0.00 TRACK
73.636	>>> V 0.00 0.00
73.637	S 1245058 -9.67 25.84 0.00 0.00 TRACK
73.656	>>> V 0.00 0.00
73.656	S 1245078 -9.67 25.84 0.00 0.00 TRACK
73.676	>>> V 0.00 0.00
73.677	S 1245098 -9.58 25.84 0.00 0.00 TRACK
73.696	>>> V 0.00 0.00
73.696	S 1245118 -9.67 25.84 0.00 0.00 TRACK
73.716	>>> V 0.00 0.00
73.716	S 1245138 -9.67 25.93 0.00 0.00 TRACK
73.736	>>> V 0.00 0.00
73.737	S 1245158 -9.67 25.84 0.00 0.00 TRACK
73.757	>>> V 0.00 0.00
73.757	S 1245178 -9.67 25.84 0.00 0.00 TRACK
73.776	>>> V 0.00 0.00
73.777	S 1245198 -9.67 25.84 0.00 0.00 TRACK
73.797	>>> V 0.00 0.00
73.797	S 1245218 -9.67 25.84 0.00 0.00 TRACK
73.816	>>> V 0.00 0.00
73.817	S 1245238 -9.67 25.84 0.00 0.00 TRACK
73.840	>>> V 0.00 0.00
73.840	S 1245258 -9.67 25.84 0.00 0.00 TRACK
73.858	>>> V 0.00 0.00
73.858	S 1245278 -9.67 25.84 0.00 0.00 TRACK
73.877	>>> V 0.00 0.00
73.877	S 1245298 -9.58 25.84 0.00 0.00 TRACK
73.897	>>> V 0.00 0.00
73.897	S 1245318 -9.67 25.84 0.00 0.00 TRACK
73.916	>>> V 0.00 0.00
73.916	S 1245338 -9.67 25.84 0.00 0.00 TRACK
73.936	>>> V 0.00 0.00
73.936	S 1245358 -9.67 25.84 0.00 0.00 TRACK
73.957	>>> V 0.00 0.00
73.958	S 1245378 -9.67 25.84 0.00 0.00 TRACK
73.977	>>> V 0.00 0.00
73.977	S 1245398 -9.67 25.84 0.00 0.00 TRACK
73.997	>>> V 0.00 0.00
73.997	S 1245418 -9.67 25.84 0.00 0.00 TRACK
74.016	>>> V 0.00 0.00
74.016	S 1245438 -9.67 25.84 0.00 0.00 TRACK
74.037	>>> V 0.00 0.00
74.037	S 1245458 -9.67 25.93 0.00 0.00 TRACK
74.057	>>> V 0.00 0.00
74.057	S 1245478 -9.67 25.84 0.00 0.00 TRACK
74.076	>>> V 0.00 0.00
74.076	S 1245498 -9.67 25.84 0.00 0.00 TRACK
74.097	>>> V 0.00 -3.21
74.097	S 1245518 -9.67 25.84 0.00 0.00 TRACK
74.117	>>> V 0.00 -3.21
74.117	S 1245538 -9.67 25.84 0.00 0.00 TRACK
74.136	>>> V 0.00 -3.21
74.137	S 1245558 -9.67 25.84 0.00 0.00 TRACK
74.157	>>> V 0.00 -3.21
74.157	S 1245578 -9.67 25.84 0.00 0.00 TRACK
74.176	>>> V 0.00 -5.24
74.176	S 1245598 -9.67 25.84 0.00 0.00 TRACK
74.196	>>> V 0.00 -5.24
74.196	S 1245618 -9.67 25.84 0.00 0.00 TRACK
74.217	>>> V -2.53 -7.57
74.217	S 1245638 -9.67 25.84 0.00 0.00 TRACK
74.237	>>> V -2.53 -7.57
74.237	S 1245658 -9.67 25.75 0.00 0.00 TRACK
74.257	>>> V -2.53 -7.57
74.257	S 1245678 -9.67 25.66 0.00 -1.37 TRACK
74.276	>>> V -2.53 -7.57
74.276	S 1245698 -9.76 25.58 0.00 -2.75 TRACK
74.296	>>> V -2.53 -7.57
74.296	S 1245718 -9.84 25.40 -1.37 -4.12 TRACK
74.316	>>> V -4.05 -9.94
74.317	S 1245738 -9.93 25.31 -1.37 -5.50 TRACK
74.337	>>> V -4.05 -9.94
74.337	S 1245758 -10.02 25.05 -4.12 -5.50 TRACK
74.357	>>> V -4.05 -9.94
74.357	S 1245778 -10.02 24.87 -2.75 -6.87 TRACK
74.376	>>> V -5.62 -12.14
74.377	S 1245798 -10.11 24.79 -2.75 -8.24 TRACK
74.396	>>> V -5.62 -12.14
74.396	S 1245818 -10.20 24.61 -2.75 -8.24 TRACK
74.417	>>> V -5.62 -12.14
74.417	S 1245838 -10.28 24.35 -2.75 -8.24 TRACK
74.437	>>> V -5.62 -12.14
74.437	S 1245858 -10.37 24.17 -2.75 -8.24 TRACK
74.456	>>> V -5.62 -12.14
74.456	S 1245878 -10.46 23.99 -4.12 -8.24 TRACK
74.478	>>> V -7.35 -14.03
74.478	S 1245898 -10.55 23.73 -4.12 -9.62 TRACK
74.497	>>> V -7.35 -14.03
74.497	S 1245918 -10.72 23.47 -4.12 -9.62 TRACK
74.517	>>> V -7.35 -14.03
74.517	S 1245938 -10.81 23.20 -4.12 -10.99 TRACK
74.536	>>> V -10.68 -15.70
74.536	S 1245958 -10.90 22.94 -4.12 -10.99 TRACK
74.557	>>> V -10.68 -15.70
74.557	S 1245978 -10.99 22.68 -4.12 -12.37 TRACK
74.577	>>> V -10.68 -15.70
74.577	S 1245998 -11.16 22.41 -4.12 -12.37 TRACK
74.596	>>> V -18.54 -18.89
74.596	S 1246018 -11.34 22.15 -5.50 -12.37 TRACK
74.616	>>> V -18.54 -18.89
74.616	S 1246038 -11.51 21.88 -6.87 -12.37 TRACK
74.637	>>> V -18.54 -18.89
74.637	S 1246058 -11.78 21.53 -8.24 -12.37 TRACK
74.657	>>> V -19.83 -18.31
74.657	S 1246078 -12.13 21.18 -9.62 -13.74 TRACK
74.677	>>> V -19.83 -18.31
74.677	S 1246098 -12.30 20.83 -10.99 -15.11 TRACK
74.696	>>> V -19.83 -18.31
74.698	S 1246118 -12.66 20.48 -12.37 -16.49 TRACK
74.716	>>> V -19.83 -18.31
74.717	S 1246138 -13.01 20.13 -13.74 -16.49 TRACK
74.737	>>> V -19.83 -18.31
74.739	S 1246158 -13.27 19.78 -15.11 -16.49 TRACK
74.757	>>> V -21.15 -17.75
74.757	S 1246178 -13.62 19.42 -16.49 -16.49 TRACK
74.776	>>> V -21.15 -17.75
74.776	S 1246198 -14.06 18.98 -16.49 -17.86 TRACK
74.797	>>> V -21.15 -17.75
74.797	S 1246218 -14.41 18.63 -17.86 -17.86 TRACK
74.817	>>> V -21.15 -17.75
74.817	S 1246238 -14.85 18.28 -17.86 -17.86 TRACK
74.836	>>> V -21.15 -17.75
74.837	S 1246258 -15.21 17.93 -17.86 -17.86 TRACK
74.856	>>> V -24.15 -15.08
74.856	S 1246278 -15.64 17.49 -17.86 -17.86 TRACK
74.876	>>> V -24.15 -15.08
74.877	S 1246298 -16.00 17.14 -19.24 -17.86 TRACK
74.896	>>> V -24.15 -15.08
74.896	S 1246318 -16.44 16.70 -19.24 -17.86 TRACK
74.917	>>> V -24.15 -15.08
74.917	S 1246338 -16.96 16.44 -19.24 -17.86 TRACK
74.936	>>> V -24.15 -15.08
74.936	S 1246358 -17.40 16.08 -20.61 -16.49 TRACK
74.957	>>> V -27.07 -11.98
74.957	S 1246378 -17.84 15.82 -21.98 -16.49 TRACK
74.977	>>> V -27.07 -11.98
74.977	S 1246398 -18.28 15.47 -21.98 -15.11 TRACK
74.997	>>> V -26.98 -11.33
74.997	S 1246418 -18.90 15.21 -23.36 -15.11 TRACK
75.016	>>> V -26.74 -10.70
75.017	S 1246438 -19.34 14.94 -23.36 -15.11 TRACK
75.036	>>> V -26.74 -10.70
75.037	S 1246458 -19.86 14.68 -23.36 -13.74 TRACK
75.057	>>> V -26.74 -10.70
75.057	S 1246478 -20.39 14.41 -24.73 -13.74 TRACK
75.077	>>> V -26.06 -9.80
75.077	S 1246498 -20.92 14.15 -24.73 -12.37 TRACK
75.097	>>> V -26.06 -9.80
75.097	S 1246518 -21.36 13.89 -24.73 -12.37 TRACK
75.117	>>> V -26.06 -9.80
75.117	S 1246538 -21.97 13.71 -24.73 -10.99 TRACK
75.137	>>> V -25.72 -9.54
75.137	S 1246558 -22.50 13.54 -24.73 -10.99 TRACK
75.157	>>> V -25.72 -9.54
75.157	S 1246578 -23.03 13.27 -26.11 -10.99 TRACK
75.176	>>> V -25.72 -9.54
75.176	S 1246598 -23.55 13.01 -26.11 -10.99 TRACK
75.197	>>> V -25.72 -9.54
75.197	S 1246618 -24.08 12.92 -26.11 -9.62 TRACK
75.217	>>> V -25.72 -9.54
75.217	S 1246638 -24.61 12.74 -26.11 -9.62 TRACK
75.237	>>> V -25.40 -9.36
75.237	S 1246658 -25.14 12.48 -26.11 -9.62 TRACK
75.257	>>> V -25.40 -9.36
75.257	S 1246678 -25.66 12.30 -24.73 -9.62 TRACK
75.277	>>> V -25.40 -9.36
75.277	S 1246698 -26.10 12.13 -24.73 -9.62 TRACK
75.297	>>> V -24.92 -9.02
75.297	S 1246718 -26.63 11.95 -24.73 -9.62 TRACK
75.317	>>> V -24.51 -9.09
75.317	S 1246738 -27.16 11.69 -24.73 -9.62 TRACK
75.337	>>> V -24.51 -9.09
75.337	S 1246758 -27.60 11.51 -24.73 -9.62 TRACK
75.356	>>> V -24.51 -9.09
75.357	S 1246778 -28.12 11.25 -24.73 -9.62 TRACK
75.377	>>> V -24.51 -9.09
75.377	S 1246798 -28.56 11.16 -24.73 -9.62 TRACK
75.396	>>> V -23.77 -9.29
75.396	S 1246818 -29.09 10.90 -23.36 -9.62 TRACK
75.416	>>> V -23.77 -9.29
75.416	S 1246838 -29.62 10.72 -23.36 -9.62 TRACK
75.436	>>> V -23.77 -9.29
75.436	S 1246858 -30.06 10.46 -23.36 -9.62 TRACK
75.456	>>> V -22.77 -9.44
75.457	S 1246878 -30.50 10.37 -23.36 -9.62 TRACK
75.477	>>> V -22.77 -9.44
75.477	S 1246898 -31.03 10.11 -23.36 -9.62 TRACK
75.497	>>> V -21.68 -9.48
75.497	S 1246918 -31.46 9.93 -24.73 -9.62 TRACK
75.517	>>> V -21.68 -9.48
75.517	S 1246938 -31.99 9.76 -24.73 -9.62 TRACK
75.536	>>> V -20.54 -9.35
75.537	S 1246958 -32.43 9.58 -23.36 -9.62 TRACK
75.556	>>> V -20.54 -9.35
75.557	S 1246978 -32.87 9.32 -23.36 -9.62 TRACK
75.576	>>> V -20.54 -9.35
75.576	S 1246998 -33.31 9.14 -21.98 -9.62 TRACK
75.597	>>> V -20.54 -9.35
75.597	S 1247018 -33.75 8.96 -21.98 -9.62 TRACK
75.616	>>> V -19.83 -9.28
75.617	S 1247038 -34.19 8.70 -21.98 -9.62 TRACK
75.636	>>> V -19.83 -9.28
75.636	S 1247058 -34.63 8.53 -21.98 -9.62 TRACK
75.657	>>> V -19.83 -9.28
75.657	S 1247078 -34.98 8.35 -20.61 -9.62 TRACK
75.676	>>> V -18.12 -9.14
75.676	S 1247098 -35.42 8.17 -20.61 -9.62 TRACK
75.696	>>> V -18.12 -9.14
75.697	S 1247118 -35.68 8.00 -19.24 -9.62 TRACK
75.717	>>> V -17.20 -9.11
75.717	S 1247138 -36.12 7.82 -19.24 -9.62 TRACK
75.737	>>> V -17.20 -9.11
75.737	S 1247158 -36.47 7.65 -19.24 -9.62 TRACK
75.758	>>> V -15.39 -8.84
75.758	S 1247178 -36.83 7.38 -19.24 -9.62 TRACK
75.776	>>> V -15.39 -8.84
75.777	S 1247198 -37.18 7.21 -17.86 -9.62 TRACK
75.797	>>> V -15.39 -8.84
75.797	S 1247218 -37.53 7.03 -17.86 -9.62 TRACK
75.817	>>> V -15.39 -8.84
75.817	S 1247238 -37.97 6.86 -17.86 -9.62 TRACK
75.836	>>> V -15.39 -8.84
75.837	S 1247258 -38.23 6.68 -17.86 -9.62 TRACK
75.858	>>> V -14.74 -8.64
75.858	S 1247278 -38.58 6.50 -16.49 -8.24 TRACK
75.877	>>> V -14.74 -8.64
75.877	S 1247298 -38.94 6.33 -16.49 -8.24 TRACK
75.896	>>> V -14.74 -8.64
75.897	S 1247318 -39.20 6.15 -15.11 -8.24 TRACK
75.916	>>> V -14.23 -8.25
75.917	S 1247338 -39.46 5.98 -15.11 -6.87 TRACK
75.937	>>> V -14.23 -8.25
75.937	S 1247358 -39.81 5.89 -15.11 -6.87 TRACK
75.957	>>> V -14.23 -8.25
75.957	S 1247378 -40.08 5.71 -15.11 -6.87 TRACK
75.977	>>> V -13.92 -8.15
75.977	S 1247398 -40.34 5.54 -13.74 -6.87 TRACK
75.997	>>> V -13.92 -8.15
75.997	S 1247418 -40.69 5.36 -13.74 -6.87 TRACK
76.016	>>> V -13.92 -8.15
76.016	S 1247438 -40.96 5.19 -13.74 -6.87 TRACK
76.036	>>> V -13.92 -8.15
76.036	S 1247458 -41.22 5.01 -13.74 -6.87 TRACK
76.057	>>> V -13.74 -8.04
76.057	S 1247478 -41.48 4.83 -13.74 -8.24 TRACK
76.077	>>> V -13.74 -8.04
76.077	S 1247498 -41.84 4.66 -13.74 -8.24 TRACK
76.096	>>> V -13.74 -8.04
76.097	S 1247518 -42.01 4.57 -12.37 -6.87 TRACK
76.117	>>> V -13.74 -8.04
76.117	S 1247538 -42.36 4.31 -12.37 -6.87 TRACK
76.137	>>> V -13.74 -8.04
76.137	S 1247558 -42.63 4.22 -12.37 -8.24 TRACK
76.157	>>> V -13.74 -8.04
76.157	S 1247578 -42.89 4.04 -12.37 -8.24 TRACK
76.177	>>> V -12.61 -7.18
76.177	S 1247598 -43.15 3.87 -12.37 -8.24 TRACK
76.197	>>> V -12.61 -7.18
76.197	S 1247618 -43.42 3.69 -12.37 -8.24 TRACK
76.216	>>> V -11.99 -6.43
76.216	S 1247638 -43.68 3.52 -12.37 -8.24 TRACK
76.236	>>> V -11.99 -6.43
76.236	S 1247658 -43.95 3.34 -13.74 -8.24 TRACK
76.257	>>> V -11.99 -6.43
76.257	S 1247678 -44.21 3.25 -13.74 -8.24 TRACK
76.276	>>> V 0.00 0.00
76.277	S 1247698 -44.47 3.08 -12.37 -6.87 TRACK
76.298	>>> V 0.00 0.00
76.299	S 1247718 -44.74 2.99 -12.37 -6.87 TRACK
76.319	>>> V 0.00 0.00
76.320	S 1247738 -44.91 2.90 -10.99 -5.50 TRACK
76.337	>>> V 0.00 0.00
76.337	S 1247758 -45.00 2.81 -10.99 -5.50 TRACK
76.356	>>> V 0.00 0.00
76.357	S 1247778 -45.18 2.81 -9.62 -4.12 TRACK
76.376	>>> V 0.00 0.00
76.377	S 1247798 -45.26 2.81 -6.87 -2.75 TRACK
76.396	>>> V 0.00 0.00
76.396	S 1247818 -45.18 2.81 -4.12 -1.37 TRACK
76.417	>>> V 0.00 0.00
76.418	S 1247838 -45.18 2.81 -1.37 0.00 TRACK
76.436	>>> V 0.00 0.00
76.436	S 1247858 -45.18 2.72 0.00 0.00 TRACK
76.456	>>> V 0.00 0.00
76.457	S 1247878 -45.18 2.72 0.00 0.00 TRACK
76.477	>>> V 0.00 0.00
76.477	S 1247898 -45.18 2.72 0.00 0.00 TRACK
76.496	>>> V 0.00 0.00
76.497	S 1247918 -45.18 2.72 0.00 0.00 TRACK
76.517	>>> V 0.00 0.00
76.517	S 1247938 -45.18 2.72 0.00 0.00 TRACK
76.536	>>> V 0.00 0.00
76.537	S 1247958 -45.18 2.72 0.00 0.00 TRACK
76.556	>>> V 0.00 0.00
76.557	S 1247978 -45.18 2.81 0.00 0.00 TRACK
76.577	>>> V 0.00 0.00
76.577	S 1247998 -45.18 2.72 0.00 0.00 TRACK
76.598	>>> V 0.00 0.00
76.598	S 1248018 -45.18 2.81 0.00 0.00 TRACK
76.616	>>> V 0.00 0.00
76.616	S 1248038 -45.18 2.72 0.00 0.00 TRACK
76.637	>>> V 0.00 0.00
76.637	S 1248058 -45.18 2.72 0.00 0.00 TRACK
76.657	>>> V 0.00 0.00
76.657	S 1248078 -45.18 2.72 0.00 0.00 TRACK
76.676	>>> V 0.00 0.00
76.676	S 1248098 -45.18 2.81 0.00 0.00 TRACK
76.696	>>> V 0.00 0.00
76.697	S 1248118 -45.18 2.72 0.00 0.00 TRACK
76.717	>>> V 7.06 -4.70
76.717	S 1248138 -45.18 2.72 0.00 0.00 TRACK
76.737	>>> V 7.06 -4.70
76.737	S 1248158 -45.18 2.81 0.00 0.00 TRACK
76.756	>>> V 8.20 -4.94
76.757	S 1248178 -45.18 2.81 0.00 0.00 TRACK
76.777	>>> V 8.20 -4.94
76.777	S 1248198 -45.18 2.72 0.00 0.00 TRACK
76.796	>>> V 8.20 -4.94
76.797	S 1248218 -45.09 2.64 0.00 0.00 TRACK
76.816	>>> V 9.34 -4.99
76.816	S 1248238 -44.91 2.46 1.37 -1.37 TRACK
76.836	>>> V 9.34 -4.99
76.837	S 1248258 -44.74 2.37 4.12 -2.75 TRACK
76.858	>>> V 9.34 -4.99
76.858	S 1248278 -44.56 2.37 5.50 -4.12 TRACK
76.877	>>> V 9.34 -4.99
76.877	S 1248298 -44.38 2.20 6.87 -4.12 TRACK
76.896	>>> V 9.34 -4.99
76.897	S 1248318 -44.21 2.11 6.87 -4.12 TRACK
76.916	>>> V 9.34 -4.99
76.916	S 1248338 -44.03 2.02 8.24 -4.12 TRACK
76.937	>>> V 10.51 -4.82
76.937	S 1248358 -43.77 1.85 8.24 -4.12 TRACK
76.956	>>> V 10.51 -4.82
76.956	S 1248378 -43.59 1.76 9.62 -4.12 TRACK
76.977	>>> V 10.51 -4.82
76.977	S 1248398 -43.42 1.67 9.62 -4.12 TRACK
76.996	>>> V 10.51 -4.82
76.996	S 1248418 -43.15 1.49 9.62 -4.12 TRACK
77.017	>>> V 10.51 -4.82
77.017	S 1248438 -42.98 1.41 9.62 -4.12 TRACK
77.036	>>> V 10.51 -4.82
77.037	S 1248458 -42.80 1.32 9.62 -5.50 TRACK
77.057	>>> V 10.51 -4.82
77.057	S 1248478 -42.54 1.23 9.62 -5.50 TRACK
77.076	>>> V 12.81 -4.13
77.076	S 1248498 -42.36 1.05 9.62 -5.50 TRACK
77.097	>>> V 12.81 -4.13
77.097	S 1248518 -42.10 0.97 9.62 -4.12 TRACK
77.117	>>> V 12.81 -4.13
77.117	S 1248538 -41.92 0.88 9.62 -4.12 TRACK
77.137	>>> V 12.81 -4.13
77.137	S 1248558 -41.75 0.62 9.62 -4.12 TRACK
77.156	>>> V 12.81 -4.13
77.157	S 1248578 -41.48 0.53 9.62 -5.50 TRACK
77.177	>>> V 14.09 -3.38
77.177	S 1248598 -41.22 0.44 10.99 -5.50 TRACK
77.197	>>> V 14.09 -3.38
77.197	S 1248618 -40.96 0.35 10.99 -5.50 TRACK
77.217	>>> V 14.09 -3.38
77.217	S 1248638 -40.78 0.26 10.99 -4.12 TRACK
77.237	>>> V 19.47 0.00
77.237	S 1248658 -40.52 0.26 10.99 -4.12 TRACK
77.257	>>> V 19.47 0.00
77.257	S 1248678 -40.25 0.26 12.37 -2.75 TRACK
77.277	>>> V 19.47 0.00
77.277	S 1248698 -39.90 0.18 12.37 -1.37 TRACK
77.297	>>> V 21.17 0.00
77.297	S 1248718 -39.64 0.26 12.37 0.00 TRACK
77.316	>>> V 21.17 0.00
77.316	S 1248738 -39.29 0.26 13.74 0.00 TRACK
77.337	>>> V 21.17 0.00
77.337	S 1248758 -38.94 0.26 15.11 0.00 TRACK
77.357	>>> V 22.66 6.16
77.360	S 1248778 -38.58 0.26 16.49 0.00 TRACK
77.377	>>> V 22.66 6.16
77.377	S 1248798 -38.14 0.26 16.49 0.00 TRACK
77.397	>>> V 22.66 6.16
77.397	S 1248818 -37.71 0.26 17.86 0.00 TRACK
77.417	>>> V 22.66 6.16
77.417	S 1248838 -37.35 0.18 19.24 0.00 TRACK
77.436	>>> V 22.66 6.16
77.437	S 1248858 -36.91 0.18 19.24 0.00 TRACK
77.456	>>> V 22.66 6.16
77.457	S 1248878 -36.47 0.18 19.24 0.00 TRACK
77.477	>>> V 23.39 9.23
77.478	S 1248898 -36.12 0.26 19.24 0.00 TRACK
77.497	>>> V 23.39 9.23
77.497	S 1248918 -35.68 0.35 19.24 0.00 TRACK
77.517	>>> V 23.39 9.23
77.517	S 1248938 -35.33 0.53 19.24 1.37 TRACK
77.537	>>> V 23.39 9.23
77.537	S 1248958 -34.89 0.70 20.61 4.12 TRACK
77.556	>>> V 23.39 9.23
77.556	S 1248978 -34.45 1.05 20.61 6.87 TRACK
77.577	>>> V 23.53 12.97
77.577	S 1248998 -33.93 1.14 20.61 8.24 TRACK
77.597	>>> V 23.53 12.97
77.597	S 1249018 -33.49 1.32 21.98 8.24 TRACK
77.619	>>> V 23.29 13.61
77.619	S 1249038 -33.05 1.58 21.98 8.24 TRACK
77.637	>>> V 23.29 13.61
77.637	S 1249058 -32.52 1.76 21.98 8.24 TRACK
77.657	>>> V 23.29 13.61
77.657	S 1249078 -32.08 1.93 21.98 8.24 TRACK
77.677	>>> V 23.29 13.61
77.677	S 1249098 -31.64 2.20 21.98 9.62 TRACK
77.697	>>> V 23.29 13.61
77.697	S 1249118 -31.11 2.46 23.36 9.62 TRACK
77.716	>>> V 23.29 13.61
77.717	S 1249138 -30.67 2.72 23.36 10.99 TRACK
77.737	>>> V 23.29 13.61
77.737	S 1249158 -30.15 2.99 23.36 12.37 TRACK
77.756	>>> V 23.29 13.61
77.757	S 1249178 -29.79 3.25 23.36 12.37 TRACK
77.777	>>> V 23.29 13.61
77.777	S 1249198 -29.36 3.60 23.36 12.37 TRACK
77.796	>>> V 20.34 14.57
77.796	S 1249218 -28.83 3.87 23.36 12.37 TRACK
77.817	>>> V 20.34 14.57
77.817	S 1249238 -28.39 4.13 21.98 13.74 TRACK
77.836	>>> V 0.00 0.00
77.836	S 1249258 -27.95 4.39 21.98 13.74 TRACK
77.856	>>> V 0.00 0.00
77.856	S 1249278 -27.51 4.75 21.98 13.74 TRACK
77.876	>>> V 0.00 0.00
77.877	S 1249298 -27.16 5.01 20.61 13.74 TRACK
77.897	>>> V 0.00 0.00
77.897	S 1249318 -26.81 5.19 19.24 12.37 TRACK
77.916	>>> V 0.00 0.00
77.916	S 1249338 -26.63 5.27 17.86 10.99 TRACK
77.937	>>> V 0.00 0.00
77.937	S 1249358 -26.54 5.36 13.74 8.24 TRACK
77.956	>>> V 0.00 0.00
77.957	S 1249378 -26.54 5.36 8.24 5.50 TRACK
77.976	>>> V 0.00 0.00
77.977	S 1249398 -26.54 5.54 4.12 4.12 TRACK
77.996	>>> V 0.00 0.00
77.996	S 1249418 -26.54 5.54 1.37 4.12 TRACK
78.016	>>> V 0.00 0.00
78.016	S 1249439 -26.54 5.54 0.00 2.75 TRACK
78.036	>>> V 0.00 0.00
78.037	S 1249459 -26.54 5.54 0.00 1.37 TRACK
78.056	>>> V 0.00 0.00
78.057	S 1249479 -26.54 5.54 0.00 0.00 TRACK
78.077	>>> V 0.00 0.00
78.077	S 1249499 -26.54 5.54 0.00 0.00 TRACK
78.097	>>> V 0.00 0.00
78.097	S 1249519 -26.54 5.54 0.00 0.00 TRACK
78.116	>>> V 0.00 0.00
78.116	S 1249539 -26.54 5.45 0.00 0.00 TRACK
78.136	>>> V 0.00 0.00
78.137	S 1249559 -26.54 5.54 0.00 0.00 TRACK
78.157	>>> V 0.00 0.00
78.157	S 1249579 -26.54 5.54 0.00 0.00 TRACK
78.177	>>> V 0.00 0.00
78.177	S 1249599 -26.54 5.54 0.00 0.00 TRACK
78.197	>>> V 0.00 0.00
78.197	S 1249619 -26.54 5.54 0.00 0.00 TRACK
78.217	>>> V 0.00 0.00
78.217	S 1249639 -26.54 5.54 0.00 0.00 TRACK
78.236	>>> V 0.00 0.00
78.237	S 1249659 -26.54 5.54 0.00 0.00 TRACK
78.257	>>> V 0.00 0.00
78.257	S 1249679 -26.54 5.54 0.00 0.00 TRACK
78.276	>>> V 0.00 0.00
78.277	S 1249699 -26.54 5.54 0.00 0.00 TRACK
78.297	>>> V 0.00 0.00
78.297	S 1249719 -26.54 5.54 0.00 0.00 TRACK
78.317	>>> V 0.00 0.00
78.317	S 1249739 -26.54 5.54 0.00 0.00 TRACK
78.337	>>> V 0.00 0.00
78.337	S 1249759 -26.54 5.54 0.00 0.00 TRACK
78.356	>>> V 0.00 0.00
78.357	S 1249779 -26.54 5.45 0.00 0.00 TRACK
78.377	>>> V 0.00 0.00
78.377	S 1249799 -26.54 5.54 0.00 0.00 TRACK
78.396	>>> V 0.00 0.00
78.397	S 1249819 -26.54 5.54 0.00 0.00 TRACK
78.416	>>> V 0.00 0.00
78.416	S 1249839 -26.54 5.54 0.00 0.00 TRACK
78.437	>>> V 0.00 0.00
78.437	S 1249859 -26.54 5.45 0.00 0.00 TRACK
78.456	>>> V 0.00 0.00
78.457	S 1249879 -26.54 5.54 0.00 0.00 TRACK
78.477	>>> V 18.78 4.22
78.477	S 1249899 -26.54 5.54 0.00 0.00 TRACK
78.496	>>> V 18.78 4.22
78.496	S 1249919 -26.46 5.54 0.00 0.00 TRACK
78.516	>>> V 18.78 4.22
78.516	S 1249939 -26.54 5.54 0.00 0.00 TRACK
78.536	>>> V 18.78 4.22
78.537	S 1249959 -26.37 5.45 0.00 0.00 TRACK
78.557	>>> V 18.78 4.22
78.557	S 1249979 -26.19 5.54 1.37 0.00 TRACK
78.577	>>> V 18.78 4.22
78.577	S 1249999 -25.93 5.54 5.50 0.00 TRACK
78.596	>>> V 21.21 5.01
78.597	S 1250019 -25.66 5.54 9.62 0.00 TRACK
78.617	>>> V 21.21 5.01
78.617	S 1250039 -25.31 5.54 12.37 0.00 TRACK
78.636	>>> V 21.21 5.01
78.636	S 1250059 -24.87 5.62 13.74 0.00 TRACK
78.656	>>> V 22.63 5.46
78.656	S 1250079 -24.52 5.71 16.49 1.37 TRACK
78.677	>>> V 22.63 5.46
78.677	S 1250099 -24.08 5.89 17.86 2.75 TRACK
78.696	>>> V 22.63 5.46
78.696	S 1250119 -23.64 6.06 19.24 5.50 TRACK
78.716	>>> V 23.37 5.52
78.716	S 1250139 -23.29 6.15 19.24 5.50 TRACK
78.737	>>> V 23.37 5.52
78.737	S 1250159 -22.85 6.33 19.24 5.50 TRACK
78.756	>>> V 23.37 5.52
78.756	S 1250179 -22.41 6.42 19.24 5.50 TRACK
78.777	>>> V 24.45 5.71
78.777	S 1250199 -21.97 6.50 19.24 5.50 TRACK
78.798	>>> V 24.95 5.81
78.798	S 1250219 -21.62 6.59 19.24 5.50 TRACK
78.817	>>> V 24.95 5.81
78.817	S 1250239 -21.18 6.68 19.24 5.50 TRACK
78.837	>>> V 24.95 5.81
78.837	S 1250259 -20.74 6.86 20.61 5.50 TRACK
78.857	>>> V 25.61 5.79
78.857	S 1250279 -20.21 6.94 20.61 5.50 TRACK
78.877	>>> V 25.61 5.79
78.877	S 1250299 -19.69 7.12 21.98 5.50 TRACK
78.897	>>> V 25.61 5.79
78.897	S 1250319 -19.16 7.21 23.36 5.50 TRACK
78.916	>>> V 25.61 5.79
78.917	S 1250339 -18.63 7.29 24.73 5.50 TRACK
78.937	>>> V 24.60 4.92
78.937	S 1250359 -18.11 7.38 26.11 5.50 TRACK
78.957	>>> V 23.77 4.49
78.957	S 1250379 -17.67 7.56 26.11 5.50 TRACK
78.976	>>> V 23.77 4.49
78.977	S 1250399 -17.05 7.65 26.11 5.50 TRACK
78.996	>>> V 23.77 4.49
78.997	S 1250419 -16.52 7.73 26.11 5.50 TRACK
79.017	>>> V 23.77 4.49
79.017	S 1250439 -16.08 7.91 24.73 5.50 TRACK
79.037	>>> V 21.17 3.57
79.037	S 1250459 -15.56 8.00 24.73 5.50 TRACK
79.056	>>> V 21.17 3.57
79.057	S 1250479 -15.12 8.09 24.73 5.50 TRACK
79.076	>>> V 21.17 3.57
79.077	S 1250499 -14.59 8.17 23.36 4.12 TRACK
79.097	>>> V 18.24 0.00
79.097	S 1250519 -14.15 8.26 23.36 4.12 TRACK
79.116	>>> V 18.24 0.00
79.116	S 1250539 -13.71 8.35 21.98 4.12 TRACK
79.136	>>> V 18.24 0.00
79.136	S 1250559 -13.27 8.35 21.98 2.75 TRACK
79.157	>>> V 18.24 0.00
79.158	S 1250579 -13.01 8.35 20.61 1.37 TRACK
79.176	>>> V 18.24 0.00
79.176	S 1250599 -12.57 8.35 20.61 0.00 TRACK
79.197	>>> V 18.24 0.00
79.197	S 1250619 -12.13 8.35 20.61 0.00 TRACK
79.216	>>> V 15.65 0.00
79.217	S 1250639 -11.78 8.35 19.24 0.00 TRACK
79.237	>>> V 15.65 0.00
79.237	S 1250659 -11.51 8.35 19.24 0.00 TRACK
79.258	>>> V 14.00 0.00
79.258	S 1250679 -11.16 8.35 17.86 0.00 TRACK
79.277	>>> V 14.00 0.00
79.277	S 1250699 -10.81 8.35 16.49 0.00 TRACK
79.297	>>> V 6.77 0.00
79.297	S 1250719 -10.55 8.35 16.49 0.00 TRACK
79.317	>>> V 6.77 0.00
79.317	S 1250739 -10.20 8.35 15.11 0.00 TRACK
79.337	>>> V 6.77 0.00
79.337	S 1250759 -9.93 8.35 15.11 0.00 TRACK
79.357	>>> V 6.77 0.00
79.358	S 1250779 -9.67 8.44 13.74 0.00 TRACK
79.376	>>> V 2.72 0.00
79.376	S 1250799 -9.49 8.35 12.37 0.00 TRACK
79.396	>>> V 2.72 0.00
79.396	S 1250819 -9.32 8.35 10.99 0.00 TRACK
79.416	>>> V -1.97 0.00
79.416	S 1250839 -9.14 8.44 9.62 0.00 TRACK
79.437	>>> V -1.97 0.00
79.437	S 1250859 -9.05 8.35 8.24 0.00 TRACK
79.456	>>> V -1.97 0.00
79.456	S 1250879 -9.05 8.35 5.50 0.00 TRACK
79.477	>>> V -4.19 0.00
79.477	S 1250899 -9.05 8.35 4.12 0.00 TRACK
79.497	>>> V -4.19 0.00
79.497	S 1250919 -9.05 8.35 1.37 0.00 TRACK
79.516	>>> V -4.19 0.00
79.516	S 1250939 -9.05 8.35 0.00 0.00 TRACK
79.537	>>> V -4.19 0.00
79.537	S 1250959 -9.14 8.35 0.00 0.00 TRACK
79.556	>>> V -4.19 0.00
79.556	S 1250979 -9.32 8.35 -1.37 0.00 TRACK
79.577	>>> V -4.19 0.00
79.577	S 1250999 -9.40 8.35 -2.75 0.00 TRACK
79.596	>>> V -4.19 0.00
79.597	S 1251019 -9.49 8.35 -4.12 0.00 TRACK
79.617	>>> V -8.73 0.00
79.617	S 1251039 -9.67 8.35 -4.12 0.00 TRACK
79.637	>>> V -8.73 0.00
79.637	S 1251059 -9.67 8.44 -4.12 0.00 TRACK
79.656	>>> V -8.73 0.00
79.657	S 1251079 -9.67 8.35 -4.12 0.00 TRACK
79.677	>>> V -10.87 0.00
79.677	S 1251099 -9.67 8.35 -2.75 0.00 TRACK
79.696	>>> V -15.17 0.00
79.697	S 1251119 -9.84 8.35 -1.37 0.00 TRACK
79.716	>>> V -17.27 0.00
79.716	S 1251139 -10.02 8.44 -2.75 0.00 TRACK
79.737	>>> V -17.27 0.00
79.737	S 1251159 -10.28 8.35 -5.50 0.00 TRACK
79.756	>>> V -20.77 0.00
79.756	S 1251179 -10.55 8.44 -9.62 0.00 TRACK
79.777	>>> V -22.22 0.00
79.777	S 1251199 -10.90 8.35 -10.99 0.00 TRACK
79.796	>>> V -22.22 0.00
79.796	S 1251219 -11.25 8.35 -13.74 0.00 TRACK
79.816	>>> V -22.22 0.00
79.816	S 1251239 -11.60 8.35 -15.11 0.00 TRACK
79.836	>>> V -22.22 0.00
79.837	S 1251259 -11.95 8.35 -16.49 0.00 TRACK
79.857	>>> V -24.37 0.00
79.857	S 1251279 -12.39 8.35 -17.86 0.00 TRACK
79.877	>>> V -25.04 0.00
79.878	S 1251299 -12.74 8.35 -19.24 0.00 TRACK
79.897	>>> V -25.04 0.00
79.897	S 1251319 -13.18 8.35 -19.24 0.00 TRACK
79.917	>>> V -25.04 0.00
79.917	S 1251339 -13.62 8.35 -20.61 0.00 TRACK
79.936	>>> V -25.04 0.00
79.936	S 1251359 -14.06 8.44 -20.61 0.00 TRACK
79.957	>>> V -25.90 0.00
79.957	S 1251379 -14.59 8.35 -21.98 0.00 TRACK
79.977	>>> V -25.90 0.00
79.977	S 1251399 -15.03 8.35 -21.98 0.00 TRACK
79.998	>>> V -26.23 0.00
80.000	S 1251419 -15.56 8.44 -23.36 0.00 TRACK
80.017	>>> V -26.23 0.00
80.017	S 1251439 -16.08 8.35 -23.36 0.00 TRACK
80.036	>>> V -25.71 -3.38
80.036	S 1251459 -16.61 8.35 -23.36 0.00 TRACK
80.056	>>> V -25.71 -3.38
80.057	S 1251479 -17.14 8.44 -24.73 0.00 TRACK
80.077	>>> V -25.71 -3.38
80.077	S 1251499 -17.67 8.35 -24.73 0.00 TRACK
80.096	>>> V -25.19 -3.76
80.097	S 1251519 -18.11 8.35 -24.73 0.00 TRACK
80.118	>>> V -23.94 -4.91
80.118	S 1251539 -18.72 8.44 -26.11 0.00 TRACK
80.136	>>> V -23.94 -4.91
80.137	S 1251559 -19.16 8.35 -24.73 0.00 TRACK
80.157	>>> V -22.95 -5.37
80.157	S 1251579 -19.69 8.35 -24.73 0.00 TRACK
80.177	>>> V -22.95 -5.37
80.177	S 1251599 -20.13 8.35 -24.73 0.00 TRACK
80.196	>>> V -22.95 -5.37
80.196	S 1251619 -20.65 8.26 -24.73 0.00 TRACK
80.216	>>> V -22.95 -5.37
80.216	S 1251639 -21.09 8.09 -23.36 -1.37 TRACK
80.237	>>> V -20.76 -6.33
80.237	S 1251659 -21.62 7.91 -23.36 -4.12 TRACK
80.257	>>> V -20.76 -6.33
80.257	S 1251679 -22.06 7.73 -23.36 -6.87 TRACK
80.276	>>> V -20.76 -6.33
80.276	S 1251699 -22.50 7.65 -23.36 -6.87 TRACK
80.296	>>> V -18.32 -6.54
80.296	S 1251719 -23.03 7.56 -23.36 -5.50 TRACK
80.317	>>> V -18.32 -6.54
80.317	S 1251739 -23.38 7.38 -21.98 -5.50 TRACK
80.336	>>> V -17.04 -6.31
80.336	S 1251759 -23.82 7.29 -21.98 -5.50 TRACK
80.357	>>> V -17.04 -6.31
80.359	S 1251779 -24.26 7.12 -20.61 -5.50 TRACK
80.376	>>> V -17.04 -6.31
80.377	S 1251799 -24.61 6.94 -19.24 -5.50 TRACK
80.397	>>> V -17.04 -6.31
80.398	S 1251819 -24.96 6.77 -19.24 -6.87 TRACK
80.417	>>> V -17.04 -6.31
80.417	S 1251839 -25.31 6.68 -17.86 -6.87 TRACK
80.437	>>> V -17.04 -6.31
80.437	S 1251859 -25.66 6.59 -17.86 -6.87 TRACK
80.456	>>> V -17.04 -6.31
80.456	S 1251879 -25.93 6.42 -16.49 -6.87 TRACK
80.476	>>> V -12.46 -5.53
80.476	S 1251899 -26.28 6.33 -16.49 -5.50 TRACK
80.497	>>> V -1.95 -3.38
80.497	S 1251919 -26.63 6.15 -16.49 -5.50 TRACK
80.517	>>> V -1.95 -3.38
80.517	S 1251939 -26.98 6.06 -16.49 -5.50 TRACK
80.537	>>> V 0.00 -2.96
80.537	S 1251959 -27.25 5.89 -15.11 -5.50 TRACK
80.556	>>> V 0.00 -2.96
80.557	S 1251979 -27.42 5.80 -15.11 -5.50 TRACK
80.576	>>> V 0.00 0.00
80.577	S 1251999 -27.60 5.71 -12.37 -5.50 TRACK
80.597	>>> V 2.44 0.00
80.597	S 1252019 -27.69 5.62 -9.62 -4.12 TRACK
80.616	>>> V 2.44 0.00
80.616	S 1252039 -27.69 5.54 -6.87 -4.12 TRACK
80.637	>>> V 2.44 0.00
80.637	S 1252059 -27.69 5.62 -2.75 -2.75 TRACK
80.656	>>> V 2.44 0.00
80.656	S 1252079 -27.69 5.62 -1.37 0.00 TRACK
80.678	>>> V 3.56 0.00
80.679	S 1252099 -27.69 5.62 0.00 0.00 TRACK
80.696	>>> V 4.51 0.00
80.697	S 1252119 -27.60 5.62 0.00 0.00 TRACK
80.716	>>> V 4.51 0.00
80.716	S 1252139 -27.51 5.62 0.00 0.00 TRACK
80.736	>>> V 4.51 0.00
80.736	S 1252159 -27.42 5.62 1.37 0.00 TRACK
80.757	>>> V 5.12 0.00
80.757	S 1252179 -27.33 5.62 2.75 0.00 TRACK
80.777	>>> V 5.12 0.00
80.777	S 1252199 -27.16 5.62 4.12 0.00 TRACK
80.797	>>> V 5.12 0.00
80.797	S 1252219 -27.07 5.62 5.50 0.00 TRACK
80.816	>>> V 5.12 0.00
80.817	S 1252239 -26.98 5.62 5.50 0.00 TRACK
80.837	>>> V 5.12 0.00
80.837	S 1252259 -26.89 5.62 4.12 0.00 TRACK
80.856	>>> V 5.46 0.00
80.857	S 1252279 -26.81 5.62 4.12 0.00 TRACK
80.876	>>> V 4.92 0.00
80.876	S 1252299 -26.63 5.62 4.12 0.00 TRACK
80.896	>>> V 4.92 0.00
80.897	S 1252319 -26.54 5.62 4.12 0.00 TRACK
80.916	>>> V 4.92 0.00
80.917	S 1252339 -26.46 5.62 4.12 0.00 TRACK
80.937	>>> V 4.92 0.00
80.937	S 1252359 -26.37 5.62 4.12 0.00 TRACK
80.959	>>> V 4.41 0.00
80.960	S 1252379 -26.19 5.62 4.12 0.00 TRACK
80.976	>>> V 4.41 0.00
80.977	S 1252399 -26.10 5.62 4.12 0.00 TRACK
80.997	>>> V 4.41 0.00
80.997	S 1252419 -26.02 5.62 4.12 0.00 TRACK
81.016	>>> V 4.41 0.00
81.016	S 1252439 -25.93 5.62 5.50 0.00 TRACK
81.037	>>> V 4.41 0.00
81.037	S 1252459 -25.84 5.62 4.12 0.00 TRACK
81.056	>>> V 3.76 0.00
81.057	S 1252479 -25.84 5.62 2.75 0.00 TRACK
81.077	>>> V 3.05 0.00
81.077	S 1252499 -25.75 5.62 2.75 0.00 TRACK
81.097	>>> V 3.05 0.00
81.097	S 1252519 -25.58 5.62 2.75 0.00 TRACK
81.117	>>> V 0.00 0.00
81.117	S 1252539 -25.58 5.62 2.75 0.00 TRACK
81.137	>>> V 0.00 0.00
81.137	S 1252559 -25.58 5.62 2.75 0.00 TRACK
81.157	>>> V 0.00 0.00
81.157	S 1252579 -25.49 5.62 2.75 0.00 TRACK
81.177	>>> V 0.00 0.00
81.177	S 1252599 -25.49 5.62 1.37 0.00 TRACK
81.197	>>> V 0.00 0.00
81.197	S 1252619 -25.58 5.62 0.00 0.00 TRACK
81.216	>>> V 0.00 0.00
81.217	S 1252639 -25.49 5.62 0.00 0.00 TRACK
81.236	>>> V 0.00 0.00
81.237	S 1252659 -25.49 5.62 0.00 0.00 TRACK
81.256	>>> V -2.14 0.00
81.256	S 1252679 -25.49 5.62 0.00 0.00 TRACK
81.277	>>> V -2.14 0.00
81.277	S 1252699 -25.58 5.62 0.00 0.00 TRACK
81.297	>>> V -2.14 0.00
81.297	S 1252719 -25.49 5.62 0.00 0.00 TRACK
81.317	>>> V -2.14 0.00
81.317	S 1252739 -25.49 5.62 0.00 0.00 TRACK
81.337	>>> V -5.02 0.00
81.337	S 1252759 -25.49 5.62 0.00 0.00 TRACK
81.356	>>> V -5.02 0.00
81.357	S 1252779 -25.58 5.62 0.00 0.00 TRACK
81.377	>>> V -5.02 0.00
81.377	S 1252799 -25.66 5.62 0.00 0.00 TRACK
81.397	>>> V -5.02 0.00
81.397	S 1252819 -25.75 5.62 -1.37 0.00 TRACK
81.416	>>> V -5.12 0.00
81.417	S 1252839 -25.93 5.62 -2.75 0.00 TRACK
81.436	>>> V -5.12 0.00
81.436	S 1252859 -25.93 5.62 -4.12 0.00 TRACK
81.457	>>> V -5.35 0.00
81.457	S 1252879 -26.10 5.62 -4.12 0.00 TRACK
81.476	>>> V -5.35 0.00
81.477	S 1252899 -26.19 5.62 -4.12 0.00 TRACK
81.497	>>> V -5.60 0.00
81.497	S 1252919 -26.37 5.62 -4.12 0.00 TRACK
81.516	>>> V -5.60 0.00
81.516	S 1252939 -26.46 5.62 -5.50 0.00 TRACK
81.537	>>> V -5.60 0.00
81.537	S 1252959 -26.54 5.62 -4.12 0.00 TRACK
81.557	>>> V -5.60 0.00
81.557	S 1252979 -26.63 5.62 -4.12 0.00 TRACK
81.577	>>> V -5.94 0.00
81.577	S 1252999 -26.72 5.62 -4.12 0.00 TRACK
81.597	>>> V -5.94 0.00
81.597	S 1253019 -26.89 5.62 -4.12 0.00 TRACK
81.617	>>> V -5.94 0.00
81.617	S 1253039 -26.98 5.62 -4.12 0.00 TRACK
81.637	>>> V -5.94 0.00
81.637	S 1253059 -27.07 5.62 -4.12 0.00 TRACK
81.657	>>> V -5.94 0.00
81.657	S 1253079 -27.16 5.62 -4.12 0.00 TRACK
81.676	>>> V -6.35 0.00
81.677	S 1253099 -27.25 5.62 -4.12 0.00 TRACK
81.696	>>> V -6.35 0.00
81.697	S 1253119 -27.42 5.62 -4.12 0.00 TRACK
81.717	>>> V -6.35 0.00
81.717	S 1253139 -27.42 5.62 -4.12 0.00 TRACK
81.737	>>> V -6.35 0.00
81.737	S 1253159 -27.60 5.62 -5.50 0.00 TRACK
81.756	>>> V -6.35 0.00
81.756	S 1253179 -27.69 5.62 -5.50 0.00 TRACK
81.776	>>> V -6.89 0.00
81.777	S 1253199 -27.86 5.62 -5.50 0.00 TRACK
81.796	>>> V -7.13 0.00
81.797	S 1253219 -28.04 5.62 -5.50 0.00 TRACK
81.816	>>> V -7.13 0.00
81.817	S 1253239 -28.12 5.62 -5.50 0.00 TRACK
81.836	>>> V -7.13 0.00
81.836	S 1253259 -28.30 5.62 -6.87 0.00 TRACK
81.858	>>> V -7.13 0.00
81.858	S 1253279 -28.48 5.62 -6.87 0.00 TRACK
81.877	>>> V -7.24 0.00
81.878	S 1253299 -28.65 5.62 -6.87 0.00 TRACK
81.896	>>> V -7.24 0.00
81.896	S 1253319 -28.74 5.62 -6.87 0.00 TRACK
81.916	>>> V -7.23 0.00
81.917	S 1253339 -28.92 5.62 -6.87 0.00 TRACK
81.937	>>> V -7.23 0.00
81.937	S 1253359 -29.00 5.62 -5.50 0.00 TRACK
81.959	>>> V -7.23 0.00
81.959	S 1253379 -29.18 5.62 -5.50 0.00 TRACK
81.977	>>> V -7.23 0.00
81.977	S 1253399 -29.27 5.62 -5.50 0.00 TRACK
81.997	>>> V -7.18 0.00
81.997	S 1253419 -29.44 5.62 -6.87 0.00 TRACK
82.017	>>> V -7.18 0.00
82.017	S 1253439 -29.53 5.62 -6.87 0.00 TRACK
82.037	>>> V -7.08 0.00
82.037	S 1253459 -29.71 5.62 -6.87 0.00 TRACK
82.056	>>> V -6.49 0.00
82.057	S 1253479 -29.79 5.62 -5.50 0.00 TRACK
82.077	>>> V -6.49 0.00
82.077	S 1253499 -29.97 5.62 -5.50 0.00 TRACK
82.096	>>> V -6.49 0.00
82.096	S 1253519 -30.06 5.62 -5.50 0.00 TRACK
82.117	>>> V -6.49 0.00
82.117	S 1253539 -30.15 5.62 -5.50 0.00 TRACK
82.136	>>> V -6.00 0.00
82.136	S 1253559 -30.32 5.62 -5.50 0.00 TRACK
82.157	>>> V -6.00 0.00
82.157	S 1253579 -30.50 5.62 -5.50 0.00 TRACK
82.177	>>> V -6.00 0.00
82.177	S 1253599 -30.59 5.62 -6.87 0.00 TRACK
82.197	>>> V -5.67 0.00
82.197	S 1253619 -30.67 5.62 -6.87 0.00 TRACK
82.217	>>> V -5.67 0.00
82.217	S 1253639 -30.76 5.62 -5.50 0.00 TRACK
82.237	>>> V -5.67 0.00
82.237	S 1253659 -30.94 5.62 -5.50 0.00 TRACK
82.257	>>> V -5.67 0.00
82.257	S 1253679 -31.03 5.62 -5.50 0.00 TRACK
82.277	>>> V -5.39 0.00
82.277	S 1253699 -31.11 5.62 -5.50 0.00 TRACK
82.296	>>> V -5.38 0.00
82.296	S 1253719 -31.29 5.62 -5.50 0.00 TRACK
82.317	>>> V -5.38 0.00
82.317	S 1253739 -31.29 5.62 -4.12 0.00 TRACK
82.337	>>> V -5.38 0.00
82.337	S 1253759 -31.46 5.62 -4.12 0.00 TRACK
82.357	>>> V -5.38 0.00
82.358	S 1253779 -31.55 5.62 -4.12 0.00 TRACK
82.377	>>> V -5.38 0.00
82.377	S 1253799 -31.64 5.62 -4.12 0.00 TRACK
82.396	>>> V -5.36 0.00
82.397	S 1253819 -31.82 5.62 -4.12 0.00 TRACK
82.416	>>> V -5.36 0.00
82.417	S 1253839 -31.90 5.62 -4.12 0.00 TRACK
82.436	>>> V -5.15 0.00
82.437	S 1253859 -31.99 5.62 -4.12 0.00 TRACK
82.456	>>> V -5.15 0.00
82.456	S 1253879 -32.08 5.62 -4.12 0.00 TRACK
82.476	>>> V -4.82 0.00
82.477	S 1253899 -32.17 5.62 -4.12 0.00 TRACK
82.497	>>> V -4.82 0.00
82.497	S 1253919 -32.34 5.62 -4.12 0.00 TRACK
82.517	>>> V -4.82 0.00
82.517	S 1253939 -32.43 5.62 -4.12 0.00 TRACK
82.537	>>> V -4.92 0.00
82.537	S 1253959 -32.52 5.62 -4.12 0.00 TRACK
82.556	>>> V -5.17 0.00
82.556	S 1253979 -32.61 5.62 -4.12 0.00 TRACK
82.577	>>> V -5.17 0.00
82.580	S 1253999 -32.70 5.62 -4.12 0.00 TRACK
82.597	>>> V -5.17 0.00
82.597	S 1254019 -32.87 5.62 -4.12 0.00 TRACK
82.617	>>> V -5.17 0.00
82.617	S 1254039 -32.96 5.62 -5.50 0.00 TRACK
82.636	>>> V -5.79 0.00
82.636	S 1254059 -33.05 5.62 -5.50 0.00 TRACK
82.657	>>> V -5.79 0.00
82.657	S 1254079 -33.13 5.62 -5.50 0.00 TRACK
82.677	>>> V -6.05 0.00
82.677	S 1254099 -33.31 5.62 -4.12 0.00 TRACK
82.696	>>> V -6.05 0.00
82.696	S 1254119 -33.40 5.62 -4.12 0.00 TRACK
82.717	>>> V -6.22 0.00
82.717	S 1254139 -33.49 5.62 -4.12 0.00 TRACK
82.737	>>> V -6.22 0.00
82.737	S 1254159 -33.57 5.62 -5.50 0.00 TRACK
82.757	>>> V -6.25 0.00
82.757	S 1254179 -33.75 5.62 -5.50 0.00 TRACK
82.776	>>> V -6.25 0.00
82.776	S 1254199 -33.84 5.62 -5.50 0.00 TRACK
82.796	>>> V -6.25 0.00
82.797	S 1254219 -34.01 5.62 -5.50 0.00 TRACK
82.816	>>> V -6.25 0.00
82.817	S 1254239 -34.10 5.62 -5.50 0.00 TRACK
82.837	>>> V -6.25 0.00
82.837	S 1254259 -34.28 5.62 -5.50 0.00 TRACK
82.856	>>> V -6.25 0.00
82.856	S 1254279 -34.45 5.62 -6.87 0.00 TRACK
82.877	>>> V -6.25 0.00
82.877	S 1254299 -34.63 5.62 -6.87 0.00 TRACK
82.897	>>> V -6.25 0.00
82.897	S 1254319 -34.72 5.62 -6.87 0.00 TRACK
82.917	>>> V -6.25 0.00
82.917	S 1254339 -34.89 5.62 -6.87 0.00 TRACK
82.937	>>> V -6.25 0.00
82.937	S 1254359 -34.98 5.62 -6.87 0.00 TRACK
82.956	>>> V -6.25 0.00
82.956	S 1254379 -35.07 5.62 -5.50 0.00 TRACK
82.977	>>> V -6.25 0.00
82.977	S 1254399 -35.24 5.62 -5.50 0.00 TRACK
82.996	>>> V -6.25 0.00
82.996	S 1254419 -35.42 5.62 -5.50 0.00 TRACK
83.016	>>> V -6.25 0.00
83.017	S 1254439 -35.60 5.62 -6.87 0.00 TRACK
83.036	>>> V -6.25 0.00
83.037	S 1254459 -35.68 5.62 -6.87 0.00 TRACK
83.057	>>> V -6.25 0.00
83.057	S 1254479 -35.77 5.62 -6.87 0.00 TRACK
83.077	>>> V -6.25 0.00
83.077	S 1254499 -35.95 5.62 -6.87 0.00 TRACK
83.096	>>> V -6.25 0.00
83.097	S 1254519 -36.04 5.62 -6.87 0.00 TRACK
83.116	>>> V -6.25 0.00
83.116	S 1254539 -36.21 5.62 -6.87 0.00 TRACK
83.137	>>> V -6.25 0.00
83.137	S 1254559 -36.30 5.62 -5.50 0.00 TRACK
83.156	>>> V -6.25 0.00
83.157	S 1254579 -36.39 5.62 -5.50 0.00 TRACK
83.177	>>> V -6.25 0.00
83.177	S 1254599 -36.56 5.62 -5.50 0.00 TRACK
83.197	>>> V -6.25 0.00
83.197	S 1254619 -36.65 5.62 -5.50 0.00 TRACK
83.217	>>> V -6.25 0.00
83.217	S 1254639 -36.83 5.62 -5.50 0.00 TRACK
83.237	>>> V -6.25 0.00
83.237	S 1254659 -37.00 5.62 -6.87 0.00 TRACK
83.257	>>> V -6.25 0.00
83.257	S 1254679 -37.18 5.62 -6.87 0.00 TRACK
83.276	>>> V 0.00 0.00
83.276	S 1254699 -37.27 5.62 -6.87 0.00 TRACK
83.297	>>> V 0.00 0.00
83.297	S 1254719 -37.44 5.62 -6.87 0.00 TRACK
83.316	>>> V 0.00 0.00
83.316	S 1254739 -37.53 5.62 -6.87 0.00 TRACK
83.336	>>> V 0.00 0.00
83.336	S 1254759 -37.62 5.62 -5.50 0.00 TRACK
83.356	>>> V 0.00 0.00
83.357	S 1254779 -37.62 5.62 -4.12 0.00 TRACK
83.377	>>> V 0.00 0.00
83.377	S 1254799 -37.62 5.62 -2.75 0.00 TRACK
83.396	>>> V 0.00 0.00
83.397	S 1254819 -37.62 5.62 -1.37 0.00 TRACK
83.416	>>> V 0.00 0.00
83.416	S 1254839 -37.62 5.62 0.00 0.00 TRACK
83.436	>>> V 0.00 0.00
83.436	S 1254859 -37.62 5.62 0.00 0.00 TRACK
83.457	>>> V 0.00 0.00
83.457	S 1254879 -37.62 5.62 0.00 0.00 TRACK
83.477	>>> V 0.00 0.00
83.478	S 1254899 -37.53 5.62 0.00 0.00 TRACK
83.496	>>> V 0.00 0.00
83.496	S 1254919 -37.62 5.62 0.00 0.00 TRACK
83.516	>>> V 5.84 -4.48
83.517	S 1254939 -37.53 5.62 0.00 0.00 TRACK
83.537	>>> V 5.84 -4.48
83.537	S 1254959 -37.53 5.62 0.00 0.00 TRACK
83.556	>>> V 5.84 -4.48
83.557	S 1254979 -37.53 5.62 0.00 0.00 TRACK
83.577	>>> V 5.84 -4.48
83.577	S 1254999 -37.53 5.54 0.00 0.00 TRACK
83.596	>>> V 5.84 -4.48
83.597	S 1255019 -37.44 5.45 0.00 -1.37 TRACK
83.616	>>> V 8.00 -4.51
83.616	S 1255039 -37.35 5.36 1.37 -2.75 TRACK
83.637	>>> V 8.00 -4.51
83.637	S 1255059 -37.27 5.27 2.75 -2.75 TRACK
83.657	>>> V 8.00 -4.51
83.657	S 1255079 -37.09 5.10 4.12 -4.12 TRACK
83.676	>>> V 8.00 -4.51
83.676	S 1255099 -37.00 5.01 5.50 -4.12 TRACK
83.696	>>> V 8.00 -4.51
83.696	S 1255119 -36.74 4.92 5.50 -4.12 TRACK
83.716	>>> V 8.00 -4.51
83.716	S 1255139 -36.65 4.83 5.50 -4.12 TRACK
83.736	>>> V 8.00 -4.51
83.737	S 1255159 -36.47 4.75 5.50 -4.12 TRACK
83.757	>>> V 9.02 -4.19
83.757	S 1255179 -36.30 4.75 6.87 -2.75 TRACK
83.777	>>> V 9.02 -4.19
83.777	S 1255199 -36.21 4.66 6.87 -2.75 TRACK
83.797	>>> V 11.13 -3.60
83.797	S 1255219 -36.04 4.57 6.87 -2.75 TRACK
83.816	>>> V 11.13 -3.60
83.816	S 1255239 -35.77 4.48 8.24 -2.75 TRACK
83.836	>>> V 12.25 -3.41
83.836	S 1255259 -35.68 4.39 8.24 -4.12 TRACK
83.857	>>> V 12.25 -3.41
83.857	S 1255279 -35.51 4.22 9.62 -4.12 TRACK
83.877	>>> V 14.14 -3.08
83.877	S 1255299 -35.24 4.22 9.62 -4.12 TRACK
83.896	>>> V 14.14 -3.08
83.896	S 1255319 -34.98 4.13 9.62 -2.75 TRACK
83.917	>>> V 14.14 -3.08
83.917	S 1255339 -34.80 4.22 9.62 -1.37 TRACK
83.936	>>> V 15.87 -3.11
83.937	S 1255359 -34.54 4.13 9.62 -1.37 TRACK
83.957	>>> V 15.87 -3.11
83.957	S 1255379 -34.37 4.04 10.99 -1.37 TRACK
83.977	>>> V 15.87 -3.11
83.977	S 1255399 -34.01 3.87 10.99 -2.75 TRACK
83.996	>>> V 16.99 0.00
83.996	S 1255419 -33.75 3.87 12.37 -2.75 TRACK
84.017	>>> V 16.99 0.00
84.017	S 1255439 -33.40 3.87 13.74 -2.75 TRACK
84.036	>>> V 16.99 0.00
84.037	S 1255459 -33.13 3.87 13.74 -1.37 TRACK
84.057	>>> V 16.99 0.00
84.057	S 1255479 -32.70 3.87 15.11 0.00 TRACK
84.076	>>> V 17.64 0.00
84.077	S 1255499 -32.43 3.87 15.11 0.00 TRACK
84.097	>>> V 17.64 0.00
84.097	S 1255519 -32.08 3.87 15.11 0.00 TRACK
84.117	>>> V 17.64 0.00
84.117	S 1255539 -31.73 3.87 15.11 0.00 TRACK
84.137	>>> V 17.64 0.00
84.137	S 1255559 -31.46 3.87 15.11 0.00 TRACK
84.157	>>> V 19.71 0.00
84.157	S 1255579 -31.11 3.87 16.49 0.00 TRACK
84.177	>>> V 19.71 0.00
84.177	S 1255599 -30.67 3.87 16.49 0.00 TRACK
84.197	>>> V 19.71 0.00
84.197	S 1255619 -30.32 3.87 16.49 0.00 TRACK
84.217	>>> V 20.85 0.00
84.217	S 1255639 -30.06 3.87 17.86 0.00 TRACK
84.236	>>> V 20.85 0.00
84.236	S 1255659 -29.71 3.87 17.86 0.00 TRACK
84.257	>>> V 20.23 0.00
84.257	S 1255679 -29.27 3.87 17.86 0.00 TRACK
84.277	>>> V 19.90 0.00
84.278	S 1255699 -28.92 3.87 17.86 0.00 TRACK
84.297	>>> V 19.90 0.00
84.297	S 1255719 -28.56 3.87 17.86 0.00 TRACK
84.317	>>> V 19.58 0.00
84.317	S 1255739 -28.12 3.87 17.86 0.00 TRACK
84.336	>>> V 19.58 0.00
84.336	S 1255759 -27.77 3.87 17.86 0.00 TRACK
84.356	>>> V 19.18 0.00
84.359	S 1255779 -27.42 3.87 17.86 0.00 TRACK
84.377	>>> V 19.18 0.00
84.377	S 1255799 -26.98 3.87 17.86 0.00 TRACK
84.396	>>> V 18.79 0.00
84.397	S 1255819 -26.54 3.87 19.24 0.00 TRACK
84.416	>>> V 18.26 0.00
84.417	S 1255839 -26.28 3.87 19.24 0.00 TRACK
84.437	>>> V 18.26 0.00
84.437	S 1255859 -25.84 3.87 19.24 0.00 TRACK
84.457	>>> V 18.26 0.00
84.457	S 1255879 -25.40 3.87 19.24 0.00 TRACK
84.477	>>> V 17.64 0.00
84.477	S 1255899 -25.05 3.87 19.24 0.00 TRACK
84.496	>>> V 17.64 0.00
84.497	S 1255919 -24.70 3.87 17.86 0.00 TRACK
84.516	>>> V 17.64 0.00
84.516	S 1255939 -24.35 3.87 17.86 0.00 TRACK
84.537	>>> V 16.98 0.00
84.537	S 1255959 -23.99 3.87 17.86 0.00 TRACK
84.556	>>> V 16.98 0.00
84.556	S 1255979 -23.55 3.87 17.86 0.00 TRACK
84.577	>>> V 16.98 0.00
84.577	S 1255999 -23.29 3.87 17.86 0.00 TRACK
84.596	>>> V 16.35 0.00
84.596	S 1256019 -22.94 3.87 16.49 0.00 TRACK
84.616	>>> V 16.35 0.00
84.616	S 1256039 -22.68 3.87 16.49 0.00 TRACK
84.637	>>> V 16.35 0.00
84.637	S 1256059 -22.41 3.87 15.11 0.00 TRACK
84.657	>>> V 16.35 0.00
84.657	S 1256079 -21.97 3.87 15.11 0.00 TRACK
84.676	>>> V 16.35 0.00
84.676	S 1256099 -21.71 3.87 15.11 0.00 TRACK
84.696	>>> V 15.47 0.00
84.696	S 1256119 -21.27 3.87 16.49 0.00 TRACK
84.717	>>> V 15.47 0.00
84.717	S 1256139 -20.92 3.87 16.49 0.00 TRACK
84.737	>>> V 15.47 0.00
84.737	S 1256159 -20.65 3.87 16.49 0.00 TRACK
84.756	>>> V 14.58 0.00
84.757	S 1256179 -20.30 3.87 16.49 0.00 TRACK
84.776	>>> V 12.43 0.00
84.776	S 1256199 -20.04 3.87 16.49 0.00 TRACK
84.797	>>> V 12.43 0.00
84.797	S 1256219 -19.69 3.87 15.11 0.00 TRACK
84.817	>>> V 11.34 0.00
84.817	S 1256239 -19.42 3.87 15.11 0.00 TRACK
84.837	>>> V 11.34 0.00
84.837	S 1256259 -19.07 3.87 13.74 0.00 TRACK
84.857	>>> V 11.34 0.00
84.859	S 1256279 -18.90 3.87 13.74 0.00 TRACK
84.877	>>> V 11.34 0.00
84.878	S 1256299 -18.63 3.87 12.37 0.00 TRACK
84.897	>>> V 8.08 -3.35
84.897	S 1256319 -18.37 3.87 12.37 0.00 TRACK
84.917	>>> V 8.08 -3.35
84.917	S 1256339 -18.19 3.87 10.99 0.00 TRACK
84.937	>>> V 8.08 -3.35
84.937	S 1256359 -17.93 3.87 10.99 0.00 TRACK
84.956	>>> V 8.08 -3.35
84.957	S 1256379 -17.75 3.78 10.99 0.00 TRACK
84.977	>>> V 3.71 -4.55
84.977	S 1256399 -17.58 3.69 9.62 -1.37 TRACK
84.997	>>> V 3.71 -4.55
84.997	S 1256419 -17.31 3.60 9.62 -2.75 TRACK
85.016	>>> V 3.71 -4.55
85.016	S 1256439 -17.23 3.43 8.24 -4.12 TRACK
85.036	>>> V 3.71 -4.55
85.036	S 1256459 -17.14 3.43 8.24 -4.12 TRACK
85.056	>>> V 0.00 -5.29
85.057	S 1256479 -17.05 3.34 6.87 -4.12 TRACK
85.076	>>> V 0.00 -5.29
85.077	S 1256499 -16.87 3.25 5.50 -4.12 TRACK
85.096	>>> V -9.16 -10.62
85.097	S 1256519 -16.87 3.25 4.12 -2.75 TRACK
85.117	>>> V -9.16 -10.62
85.117	S 1256539 -16.87 3.08 2.75 -2.75 TRACK
85.136	>>> V -11.96 -13.40
85.137	S 1256559 -16.87 2.99 1.37 -4.12 TRACK
85.157	>>> V -11.96 -13.40
85.157	S 1256579 -16.96 2.81 0.00 -4.12 TRACK
85.177	>>> V -11.96 -13.40
85.178	S 1256599 -17.05 2.55 0.00 -5.50 TRACK
85.197	>>> V -11.96 -13.40
85.197	S 1256619 -17.23 2.37 -2.75 -6.87 TRACK
85.218	>>> V -11.96 -13.40
85.218	S 1256639 -17.49 2.11 -5.50 -9.62 TRACK
85.237	>>> V -13.89 -16.58
85.237	S 1256659 -17.75 1.85 -8.24 -10.99 TRACK
85.257	>>> V -13.89 -16.58
85.257	S 1256679 -18.02 1.67 -10.99 -10.99 TRACK
85.277	>>> V -13.89 -16.58
85.277	S 1256699 -18.28 1.32 -12.37 -12.37 TRACK
85.297	>>> V -13.89 -16.58
85.298	S 1256719 -18.54 1.05 -12.37 -13.74 TRACK
85.316	>>> V -13.89 -16.58
85.316	S 1256739 -18.81 0.62 -12.37 -13.74 TRACK
85.337	>>> V -13.89 -16.58
85.337	S 1256759 -19.07 0.35 -12.37 -13.74 TRACK
85.356	>>> V -14.44 -17.82
85.357	S 1256779 -19.34 0.00 -12.37 -13.74 TRACK
85.377	>>> V -14.44 -17.82
85.377	S 1256799 -19.60 -0.26 -12.37 -15.11 TRACK
85.397	>>> V -14.44 -17.82
85.397	S 1256819 -19.86 -0.70 -12.37 -15.11 TRACK
85.417	>>> V -14.44 -17.82
85.417	S 1256839 -20.13 -1.05 -12.37 -15.11 TRACK
85.436	>>> V -14.44 -17.82
85.436	S 1256859 -20.48 -1.41 -13.74 -15.11 TRACK
85.456	>>> V -14.61 -18.68
85.456	S 1256879 -20.74 -1.76 -13.74 -16.49 TRACK
85.476	>>> V -14.61 -18.68
85.476	S 1256899 -21.09 -2.11 -13.74 -16.49 TRACK
85.496	>>> V -14.61 -18.68
85.496	S 1256919 -21.36 -2.46 -13.74 -16.49 TRACK
85.516	>>> V -13.81 -17.98
85.516	S 1256939 -21.62 -2.81 -13.74 -17.86 TRACK
85.537	>>> V -13.81 -17.98
85.537	S 1256959 -21.97 -3.25 -13.74 -17.86 TRACK
85.556	>>> V -8.46 -12.92
85.557	S 1256979 -22.32 -3.60 -13.74 -17.86 TRACK
85.576	>>> V -8.46 -12.92
85.577	S 1256999 -22.59 -3.96 -15.11 -17.86 TRACK
85.596	>>> V -8.46 -12.92
85.597	S 1257019 -22.76 -4.31 -13.74 -17.86 TRACK
85.616	>>> V -8.46 -12.92
85.616	S 1257039 -23.03 -4.66 -13.74 -17.86 TRACK
85.636	>>> V -5.40 -9.89
85.636	S 1257059 -23.29 -5.01 -12.37 -16.49 TRACK
85.656	>>> V -5.40 -9.89
85.657	S 1257079 -23.47 -5.27 -10.99 -15.11 TRACK
85.677	>>> V -5.40 -9.89
85.677	S 1257100 -23.55 -5.45 -9.62 -13.74 TRACK
85.696	>>> V -2.42 -7.13
85.697	S 1257120 -23.73 -5.71 -8.24 -12.37 TRACK
85.717	>>> V -2.42 -7.13
85.717	S 1257140 -23.91 -5.98 -6.87 -10.99 TRACK
85.737	>>> V -2.42 -7.13
85.737	S 1257160 -23.91 -6.15 -5.50 -10.99 TRACK
85.756	>>> V -2.42 -7.13
85.757	S 1257180 -24.08 -6.33 -5.50 -9.62 TRACK
85.777	>>> V 0.00 -5.73
85.777	S 1257200 -24.17 -6.42 -4.12 -8.24 TRACK
85.796	>>> V 0.00 -5.73
85.797	S 1257220 -24.26 -6.59 -4.12 -6.87 TRACK
85.817	>>> V 0.00 -3.97
85.817	S 1257240 -24.26 -6.68 -4.12 -6.87 TRACK
85.837	>>> V 0.00 -3.97
85.837	S 1257260 -24.17 -6.86 -2.75 -5.50 TRACK
85.856	>>> V 0.00 -3.97
85.857	S 1257280 -24.26 -6.94 -1.37 -5.50 TRACK
85.876	>>> V 0.00 -3.97
85.877	S 1257300 -24.17 -7.03 0.00 -5.50 TRACK
85.896	>>> V 2.98 0.00
85.896	S 1257320 -24.26 -7.21 0.00 -5.50 TRACK
85.917	>>> V 2.98 0.00
85.917	S 1257340 -24.26 -7.29 0.00 -5.50 TRACK
85.936	>>> V 2.98 0.00
85.937	S 1257360 -24.26 -7.38 0.00 -4.12 TRACK
85.957	>>> V 5.32 0.00
85.957	S 1257380 -24.17 -7.47 0.00 -4.12 TRACK
85.977	>>> V 5.32 0.00
85.977	S 1257400 -24.26 -7.47 0.00 -4.12 TRACK
85.997	>>> V 5.32 0.00
85.997	S 1257420 -24.17 -7.47 0.00 -2.75 TRACK
86.016	>>> V 6.51 4.12
86.017	S 1257440 -23.99 -7.47 1.37 -1.37 TRACK
86.036	>>> V 6.19 7.40
86.036	S 1257460 -23.82 -7.47 4.12 0.00 TRACK
86.057	>>> V 6.19 7.40
86.057	S 1257480 -23.73 -7.38 4.12 0.00 TRACK
86.076	>>> V 6.19 7.40
86.077	S 1257500 -23.64 -7.21 5.50 1.37 TRACK
86.096	>>> V 5.47 7.81
86.097	S 1257520 -23.47 -7.12 5.50 2.75 TRACK
86.117	>>> V 5.47 7.81
86.117	S 1257540 -23.38 -7.12 5.50 4.12 TRACK
86.137	>>> V 5.47 7.81
86.137	S 1257560 -23.29 -6.94 5.50 4.12 TRACK
86.157	>>> V 4.44 8.55
86.157	S 1257580 -23.20 -6.86 5.50 4.12 TRACK
86.176	>>> V 4.44 8.55
86.177	S 1257600 -23.03 -6.68 5.50 5.50 TRACK
86.196	>>> V 4.44 8.55
86.197	S 1257620 -22.85 -6.50 5.50 6.87 TRACK
86.216	>>> V 0.00 9.94
86.216	S 1257640 -22.76 -6.33 5.50 6.87 TRACK
86.237	>>> V 0.00 9.94
86.237	S 1257660 -22.68 -6.15 5.50 6.87 TRACK
86.256	>>> V 0.00 9.94
86.257	S 1257680 -22.68 -5.98 4.12 6.87 TRACK
86.277	>>> V 0.00 9.94
86.277	S 1257700 -22.68 -5.89 2.75 6.87 TRACK
86.297	>>> V 0.00 9.35
86.297	S 1257720 -22.68 -5.62 1.37 6.87 TRACK
86.316	>>> V 0.00 9.35
86.316	S 1257740 -22.68 -5.45 0.00 8.24 TRACK
86.337	>>> V 0.00 9.35
86.337	S 1257760 -22.68 -5.27 0.00 8.24 TRACK
86.357	>>> V 0.00 9.35
86.359	S 1257780 -22.68 -5.19 0.00 8.24 TRACK
86.376	>>> V -3.13 11.53
86.377	S 1257800 -22.68 -4.92 0.00 8.24 TRACK
86.396	>>> V -6.98 12.48
86.397	S 1257820 -22.68 -4.66 0.00 8.24 TRACK
86.416	>>> V -6.98 12.48
86.417	S 1257840 -22.68 -4.48 0.00 8.24 TRACK
86.437	>>> V -6.98 12.48
86.437	S 1257860 -22.76 -4.22 0.00 8.24 TRACK
86.456	>>> V -6.98 12.48
86.456	S 1257880 -22.85 -3.96 0.00 9.62 TRACK
86.477	>>> V -6.98 12.48
86.477	S 1257900 -22.94 -3.69 -2.75 9.62 TRACK
86.497	>>> V -11.03 14.37
86.497	S 1257920 -23.03 -3.52 -4.12 10.99 TRACK
86.517	>>> V -15.61 17.34
86.517	S 1257940 -23.20 -3.25 -4.12 10.99 TRACK
86.536	>>> V -15.61 17.34
86.537	S 1257960 -23.38 -2.99 -5.50 12.37 TRACK
86.556	>>> V -15.61 17.34
86.556	S 1257980 -23.55 -2.72 -5.50 12.37 TRACK
86.576	>>> V -15.61 17.34
86.577	S 1258000 -23.82 -2.37 -8.24 12.37 TRACK
86.597	>>> V -15.61 17.34
86.597	S 1258020 -24.08 -2.11 -9.62 13.74 TRACK
86.616	>>> V -16.17 16.39
86.617	S 1258040 -24.35 -1.76 -10.99 13.74 TRACK
86.637	>>> V -17.09 13.54
86.637	S 1258060 -24.61 -1.41 -12.37 15.11 TRACK
86.657	>>> V -17.09 13.54
86.657	S 1258080 -24.96 -1.05 -13.74 16.49 TRACK
86.676	>>> V -17.09 13.54
86.676	S 1258100 -25.22 -0.70 -13.74 16.49 TRACK
86.696	>>> V -17.61 11.89
86.697	S 1258120 -25.58 -0.44 -13.74 16.49 TRACK
86.717	>>> V -17.61 11.89
86.717	S 1258140 -25.84 -0.09 -13.74 15.11 TRACK
86.736	>>> V -17.61 11.89
86.737	S 1258160 -26.19 0.18 -15.11 15.11 TRACK
86.757	>>> V -18.88 8.57
86.758	S 1258180 -26.54 0.35 -15.11 13.74 TRACK
86.777	>>> V -18.88 8.57
86.777	S 1258200 -26.98 0.70 -16.49 13.74 TRACK
86.796	>>> V -18.88 8.57
86.797	S 1258220 -27.33 0.97 -16.49 13.74 TRACK
86.816	>>> V -18.88 8.57
86.816	S 1258240 -27.60 1.23 -16.49 12.37 TRACK
86.836	>>> V -18.88 8.57
86.837	S 1258260 -28.04 1.41 -16.49 10.99 TRACK
86.856	>>> V -18.88 8.57
86.857	S 1258280 -28.39 1.58 -16.49 9.62 TRACK
86.877	>>> V -18.88 8.57
86.877	S 1258300 -28.74 1.76 -16.49 9.62 TRACK
86.897	>>> V -18.88 8.57
86.897	S 1258320 -29.09 2.02 -17.86 9.62 TRACK
86.917	>>> V -18.88 8.57
86.917	S 1258340 -29.53 2.11 -17.86 8.24 TRACK
86.936	>>> V -18.88 8.57
86.937	S 1258360 -29.88 2.37 -17.86 8.24 TRACK
86.957	>>> V -18.88 8.57
86.957	S 1258380 -30.15 2.46 -17.86 8.24 TRACK
86.977	>>> V -18.88 8.57
86.977	S 1258400 -30.59 2.64 -17.86 8.24 TRACK
86.997	>>> V 0.00 0.00
86.997	S 1258420 -31.03 2.81 -19.24 8.24 TRACK
87.017	>>> V 0.00 0.00
87.017	S 1258440 -31.38 2.99 -19.24 8.24 TRACK
87.036	>>> V 0.00 0.00
87.036	S 1258460 -31.73 3.08 -19.24 6.87 TRACK
87.056	>>> V 0.00 0.00
87.056	S 1258480 -31.99 3.16 -17.86 6.87 TRACK
87.077	>>> V 0.00 0.00
87.077	S 1258500 -32.17 3.16 -15.11 4.12 TRACK
87.097	>>> V 0.00 0.00
87.097	S 1258520 -32.34 3.16 -12.37 2.75 TRACK
87.117	>>> V 0.00 0.00
87.117	S 1258540 -32.34 3.16 -8.24 0.00 TRACK
87.137	>>> V 0.00 0.00
87.137	S 1258560 -32.34 3.16 -4.12 0.00 TRACK
87.157	>>> V 0.00 0.00
87.157	S 1258580 -32.34 3.16 -2.75 0.00 TRACK
87.177	>>> V 0.00 0.00
87.177	S 1258600 -32.34 3.16 0.00 0.00 TRACK
87.196	>>> V 0.00 0.00
87.197	S 1258620 -32.34 3.16 0.00 0.00 TRACK
87.217	>>> V 0.00 0.00
87.217	S 1258640 -32.26 3.16 0.00 0.00 TRACK
87.237	>>> V 0.00 0.00
87.237	S 1258660 -32.26 3.16 0.00 0.00 TRACK
87.257	>>> V 0.00 0.00
87.257	S 1258680 -32.26 3.16 0.00 0.00 TRACK
87.276	>>> V 0.00 0.00
87.277	S 1258700 -32.34 3.16 0.00 0.00 TRACK
87.297	>>> V 0.00 0.00
87.297	S 1258720 -32.34 3.16 0.00 0.00 TRACK
87.316	>>> V 0.00 0.00
87.317	S 1258740 -32.26 3.16 0.00 0.00 TRACK
87.336	>>> V 0.00 0.00
87.336	S 1258760 -32.34 3.16 0.00 0.00 TRACK
87.357	>>> V 0.00 0.00
87.358	S 1258780 -32.26 3.16 0.00 0.00 TRACK
87.376	>>> V 0.00 0.00
87.377	S 1258800 -32.34 3.16 0.00 0.00 TRACK
87.396	>>> V 0.00 0.00
87.397	S 1258820 -32.26 3.16 0.00 0.00 TRACK
87.416	>>> V 0.00 0.00
87.417	S 1258840 -32.26 3.16 0.00 0.00 TRACK
87.437	>>> V 0.00 0.00
87.437	S 1258860 -32.26 3.16 0.00 0.00 TRACK
87.457	>>> V 0.00 0.00
87.457	S 1258880 -32.34 3.16 0.00 0.00 TRACK
87.477	>>> V 0.00 0.00
87.477	S 1258900 -32.26 3.16 0.00 0.00 TRACK
87.496	>>> V 0.00 0.00
87.496	S 1258920 -32.26 3.16 0.00 0.00 TRACK
87.517	>>> V 0.00 0.00
87.517	S 1258940 -32.26 3.16 0.00 0.00 TRACK
87.536	>>> V 0.00 0.00
87.536	S 1258960 -32.34 3.16 0.00 0.00 TRACK
87.557	>>> V 0.00 0.00
87.557	S 1258980 -32.26 3.16 0.00 0.00 TRACK
87.576	>>> V 0.00 0.00
87.576	S 1259000 -32.26 3.16 0.00 0.00 TRACK
87.596	>>> V 0.00 0.00
87.597	S 1259020 -32.34 3.16 0.00 0.00 TRACK
87.617	>>> V 0.00 0.00
87.617	S 1259040 -32.26 3.16 0.00 0.00 TRACK
87.636	>>> V 0.00 0.00
87.637	S 1259060 -32.26 3.16 0.00 0.00 TRACK
87.657	>>> V 0.00 0.00
87.657	S 1259080 -32.34 3.16 0.00 0.00 TRACK
87.676	>>> V 0.00 0.00
87.676	S 1259100 -32.26 3.16 0.00 0.00 TRACK
87.696	>>> V 0.00 0.00
87.696	S 1259120 -32.34 3.16 0.00 0.00 TRACK
87.716	>>> V 0.00 0.00
87.716	S 1259140 -32.34 3.16 0.00 0.00 TRACK
87.737	>>> V 0.00 0.00
87.737	S 1259160 -32.26 3.16 0.00 0.00 TRACK
87.756	>>> V 0.00 0.00
87.756	S 1259180 -32.34 3.16 0.00 0.00 TRACK
87.776	>>> V 0.00 0.00
87.777	S 1259200 -32.34 3.16 0.00 0.00 TRACK
87.797	>>> V 0.00 0.00
87.797	S 1259220 -32.26 3.16 0.00 0.00 TRACK
87.816	>>> V 0.00 0.00
87.817	S 1259240 -32.26 3.16 0.00 0.00 TRACK
87.836	>>> V 0.00 0.00
87.836	S 1259260 -32.26 3.16 0.00 0.00 TRACK
87.857	>>> V 0.00 0.00
87.857	S 1259280 -32.26 3.16 0.00 0.00 TRACK
87.877	>>> V 0.00 0.00
87.877	S 1259300 -32.34 3.16 0.00 0.00 TRACK
87.897	>>> V 0.00 0.00
87.897	S 1259320 -32.26 3.16 0.00 0.00 TRACK
87.916	>>> V 0.00 0.00
87.917	S 1259340 -32.26 3.16 0.00 0.00 TRACK
87.937	>>> V 0.00 0.00
87.937	S 1259360 -32.34 3.16 0.00 0.00 TRACK
87.957	>>> V 0.00 0.00
87.957	S 1259380 -32.26 3.16 0.00 0.00 TRACK
87.976	>>> V 0.00 0.00
87.976	S 1259400 -32.26 3.16 0.00 0.00 TRACK
87.997	>>> V 0.00 0.00
87.997	S 1259420 -32.34 3.16 0.00 0.00 TRACK
88.017	>>> V 0.00 0.00
88.017	S 1259440 -32.34 3.16 0.00 0.00 TRACK
88.036	>>> V 0.00 0.00
88.037	S 1259460 -32.34 3.16 0.00 0.00 TRACK
88.057	>>> V 0.00 0.00
88.057	S 1259480 -32.34 3.16 0.00 0.00 TRACK
88.076	>>> V 0.00 0.00
88.076	S 1259500 -32.26 3.16 0.00 0.00 TRACK
88.097	>>> V 0.00 0.00
88.097	S 1259520 -32.26 3.16 0.00 0.00 TRACK
88.117	>>> V 0.00 0.00
88.117	S 1259540 -32.26 3.16 0.00 0.00 TRACK
88.136	>>> V 0.00 0.00
88.137	S 1259560 -32.26 3.16 0.00 0.00 TRACK
88.156	>>> V 0.00 0.00
88.157	S 1259580 -32.26 3.16 0.00 0.00 TRACK
88.176	>>> V 0.00 0.00
88.177	S 1259600 -32.26 3.16 0.00 0.00 TRACK
88.196	>>> V 0.00 0.00
88.196	S 1259620 -32.26 3.16 0.00 0.00 TRACK
88.217	>>> V 0.00 0.00
88.217	S 1259640 -32.26 3.16 0.00 0.00 TRACK
88.236	>>> V 0.00 0.00
88.236	S 1259660 -32.26 3.16 0.00 0.00 TRACK
88.257	>>> V 0.00 0.00
88.257	S 1259680 -32.26 3.16 0.00 0.00 TRACK
88.277	>>> V 0.00 0.00
88.277	S 1259700 -32.26 3.16 0.00 0.00 TRACK
88.296	>>> V 0.00 0.00
88.297	S 1259720 -32.26 3.16 0.00 0.00 TRACK
88.317	>>> V 0.00 0.00
88.317	S 1259740 -32.26 3.16 0.00 0.00 TRACK
88.336	>>> V 0.00 0.00
88.336	S 1259760 -32.26 3.16 0.00 0.00 TRACK
88.357	>>> V 0.00 0.00
88.357	S 1259780 -32.26 3.16 0.00 0.00 TRACK
88.377	>>> V 0.00 0.00
88.377	S 1259800 -32.34 3.16 0.00 0.00 TRACK
88.397	>>> V 0.00 0.00
88.397	S 1259820 -32.26 3.16 0.00 0.00 TRACK
88.417	>>> V 0.00 0.00
88.417	S 1259840 -32.26 3.16 0.00 0.00 TRACK
88.436	>>> V 0.00 0.00
88.437	S 1259860 -32.26 3.16 0.00 0.00 TRACK
88.457	>>> V 0.00 0.00
88.457	S 1259880 -32.26 3.16 0.00 0.00 TRACK
88.477	>>> V 0.00 0.00
88.477	S 1259900 -32.26 3.16 0.00 0.00 TRACK
88.497	>>> V 0.00 0.00
88.497	S 1259920 -32.26 3.16 0.00 0.00 TRACK
88.516	>>> V 0.00 0.00
88.516	S 1259940 -32.26 3.16 0.00 0.00 TRACK
88.537	>>> V 0.00 0.00
88.537	S 1259960 -32.26 3.16 0.00 0.00 TRACK
88.557	>>> V 0.00 0.00
88.557	S 1259980 -32.26 3.16 0.00 0.00 TRACK
88.577	>>> V 0.00 0.00
88.577	S 1260000 -32.26 3.16 0.00 0.00 TRACK
88.597	>>> V 0.00 0.00
88.597	S 1260020 -32.26 3.16 0.00 0.00 TRACK
88.617	>>> V 0.00 0.00
88.617	S 1260040 -32.26 3.16 0.00 0.00 TRACK
88.637	>>> V 0.00 0.00
88.637	S 1260060 -32.26 3.16 0.00 0.00 TRACK
88.656	>>> V 0.00 0.00
88.657	S 1260080 -32.34 3.16 0.00 0.00 TRACK
88.677	>>> V 0.00 0.00
88.677	S 1260100 -32.26 3.16 0.00 0.00 TRACK
88.697	>>> V 0.00 0.00
88.697	S 1260120 -32.26 3.16 0.00 0.00 TRACK
88.717	>>> V 0.00 0.00
88.717	S 1260140 -32.26 3.16 0.00 0.00 TRACK
88.736	>>> V 0.00 0.00
88.737	S 1260160 -32.26 3.16 0.00 0.00 TRACK
88.757	>>> V 0.00 0.00
88.758	S 1260180 -32.26 3.16 0.00 0.00 TRACK
88.777	>>> V 0.00 0.00
88.777	S 1260200 -32.26 3.16 0.00 0.00 TRACK
88.796	>>> V 0.00 0.00
88.797	S 1260220 -32.26 3.16 0.00 0.00 TRACK
88.816	>>> V 0.00 0.00
88.817	S 1260240 -32.26 3.16 0.00 0.00 TRACK
88.836	>>> V 0.00 0.00
88.836	S 1260260 -32.26 3.16 0.00 0.00 TRACK
88.856	>>> V 0.00 0.00
88.856	S 1260280 -32.26 3.16 0.00 0.00 TRACK
88.876	>>> V 0.00 0.00
88.876	S 1260300 -32.34 3.16 0.00 0.00 TRACK
88.896	>>> V 0.00 0.00
88.896	S 1260320 -32.26 3.16 0.00 0.00 TRACK
88.916	>>> V 0.00 0.00
88.917	S 1260340 -32.26 3.16 0.00 0.00 TRACK
88.936	>>> V 0.00 0.00
88.936	S 1260360 -32.34 3.16 0.00 0.00 TRACK
88.956	>>> V 0.00 0.00
88.957	S 1260380 -32.26 3.16 0.00 0.00 TRACK
88.976	>>> V 0.00 0.00
88.977	S 1260400 -32.26 3.16 0.00 0.00 TRACK
88.996	>>> V 0.00 0.00
88.997	S 1260420 -32.26 3.16 0.00 0.00 TRACK
89.016	>>> V 0.00 0.00
89.017	S 1260440 -32.26 3.16 0.00 0.00 TRACK
89.036	>>> V 0.00 0.00
89.037	S 1260460 -32.26 3.16 0.00 0.00 TRACK
89.056	>>> V 0.00 0.00
89.057	S 1260480 -32.26 3.16 0.00 0.00 TRACK
89.076	>>> V 0.00 0.00
89.076	S 1260500 -32.26 3.16 0.00 0.00 TRACK
89.096	>>> V 0.00 0.00
89.097	S 1260520 -32.26 3.16 0.00 0.00 TRACK
89.116	>>> V 0.00 0.00
89.117	S 1260540 -32.26 3.16 0.00 0.00 TRACK
89.137	>>> V 0.00 0.00
89.137	S 1260560 -32.26 3.16 0.00 0.00 TRACK
89.156	>>> V 0.00 0.00
89.157	S 1260580 -32.26 3.16 0.00 0.00 TRACK
89.176	>>> V 0.00 0.00
89.176	S 1260600 -32.26 3.16 0.00 0.00 TRACK
89.197	>>> V 0.00 0.00
89.197	S 1260620 -32.26 3.16 0.00 0.00 TRACK
89.216	>>> V 0.00 0.00
89.217	S 1260640 -32.26 3.16 0.00 0.00 TRACK
89.236	>>> V 0.00 0.00
89.237	S 1260660 -32.26 3.16 0.00 0.00 TRACK
89.256	>>> V 0.00 0.00
89.257	S 1260680 -32.26 3.16 0.00 0.00 TRACK
89.276	>>> V 0.00 0.00
89.276	S 1260700 -32.26 3.16 0.00 0.00 TRACK
89.296	>>> V 0.00 0.00
89.297	S 1260720 -32.26 3.16 0.00 0.00 TRACK
89.316	>>> V 0.00 0.00
89.317	S 1260740 -32.26 3.16 0.00 0.00 TRACK
89.336	>>> V 0.00 0.00
89.337	S 1260760 -32.26 3.16 0.00 0.00 TRACK
89.356	>>> V 0.00 0.00
89.359	S 1260780 -32.26 3.16 0.00 0.00 TRACK
89.377	>>> V 0.00 0.00
89.377	S 1260800 -32.26 3.16 0.00 0.00 TRACK
89.396	>>> V 0.00 0.00
89.397	S 1260820 -32.26 3.16 0.00 0.00 TRACK
89.416	>>> V 0.00 0.00
89.417	S 1260840 -32.26 3.16 0.00 0.00 TRACK
89.436	>>> V 0.00 0.00
89.437	S 1260860 -32.34 3.16 0.00 0.00 TRACK
89.457	>>> V 0.00 0.00
89.457	S 1260880 -32.26 3.16 0.00 0.00 TRACK
89.476	>>> V 0.00 0.00
89.477	S 1260900 -32.26 3.16 0.00 0.00 TRACK
89.496	>>> V 0.00 0.00
89.497	S 1260920 -32.26 3.16 0.00 0.00 TRACK
89.516	>>> V 0.00 0.00
89.517	S 1260940 -32.26 3.16 0.00 0.00 TRACK
89.536	>>> V 0.00 0.00
89.537	S 1260960 -32.26 3.16 0.00 0.00 TRACK
89.556	>>> V 0.00 0.00
89.556	S 1260980 -32.26 3.16 0.00 0.00 TRACK
89.576	>>> V 0.00 0.00
89.576	S 1261000 -32.26 3.16 0.00 0.00 TRACK
89.596	>>> V 0.00 0.00
89.597	S 1261020 -32.26 3.16 0.00 0.00 TRACK
89.616	>>> V 0.00 0.00
89.617	S 1261040 -32.26 3.16 0.00 0.00 TRACK
89.636	>>> V 0.00 0.00
89.636	S 1261060 -32.26 3.16 0.00 0.00 TRACK
89.656	>>> V 0.00 0.00
89.657	S 1261080 -32.26 3.16 0.00 0.00 TRACK
89.676	>>> V 0.00 0.00
89.677	S 1261100 -32.26 3.16 0.00 0.00 TRACK
89.696	>>> V 0.00 0.00
89.697	S 1261120 -32.26 3.16 0.00 0.00 TRACK
89.716	>>> V 0.00 0.00
89.717	S 1261140 -32.26 3.16 0.00 0.00 TRACK
89.736	>>> V 0.00 0.00
89.737	S 1261160 -32.26 3.16 0.00 0.00 TRACK
89.756	>>> V 0.00 0.00
89.757	S 1261180 -32.26 3.16 0.00 0.00 TRACK
89.776	>>> V 0.00 0.00
89.777	S 1261200 -32.26 3.16 0.00 0.00 TRACK
89.796	>>> V 0.00 0.00
89.797	S 1261220 -32.26 3.16 0.00 0.00 TRACK
89.816	>>> V 0.00 0.00
89.817	S 1261240 -32.26 3.16 0.00 0.00 TRACK
89.836	>>> V 0.00 0.00
89.836	S 1261260 -32.26 3.16 0.00 0.00 TRACK
89.856	>>> V 0.00 0.00
89.856	S 1261280 -32.26 3.16 0.00 0.00 TRACK
89.876	>>> V 0.00 0.00
89.877	S 1261300 -32.26 3.16 0.00 0.00 TRACK
89.896	>>> V 0.00 0.00
89.897	S 1261320 -32.34 3.16 0.00 0.00 TRACK
89.916	>>> V 0.00 0.00
89.917	S 1261340 -32.26 3.16 0.00 0.00 TRACK
89.936	>>> V 0.00 0.00
89.937	S 1261360 -32.26 3.16 0.00 0.00 TRACK
89.956	>>> V 0.00 0.00
89.957	S 1261380 -32.26 3.16 0.00 0.00 TRACK
89.976	>>> V 0.00 0.00
89.977	S 1261400 -32.26 3.16 0.00 0.00 TRACK
89.997	>>> V 0.00 0.00
89.997	S 1261420 -32.26 3.16 0.00 0.00 TRACK
90.017	>>> V 0.00 0.00
90.017	S 1261440 -32.26 3.16 0.00 0.00 TRACK
90.036	>>> V 0.00 0.00
90.036	S 1261460 -32.26 3.16 0.00 0.00 TRACK
90.056	>>> V 0.00 0.00
90.057	S 1261480 -32.26 3.16 0.00 0.00 TRACK
90.076	>>> V 0.00 0.00
90.077	S 1261500 -32.26 3.16 0.00 0.00 TRACK
90.096	>>> V 0.00 0.00
90.097	S 1261520 -32.26 3.16 0.00 0.00 TRACK
90.116	>>> V 0.00 0.00
90.117	S 1261540 -32.26 3.16 0.00 0.00 TRACK
90.137	>>> V 0.00 0.00
90.137	S 1261560 -32.26 3.16 0.00 0.00 TRACK
90.156	>>> V 0.00 0.00
90.157	S 1261580 -32.26 3.16 0.00 0.00 TRACK
90.176	>>> V 0.00 0.00
90.177	S 1261600 -32.26 3.16 0.00 0.00 TRACK
90.196	>>> V 0.00 0.00
90.197	S 1261620 -32.34 3.16 0.00 0.00 TRACK
90.216	>>> V 0.00 0.00
90.217	S 1261640 -32.26 3.16 0.00 0.00 TRACK
90.236	>>> V 0.00 0.00
90.237	S 1261660 -32.26 3.16 0.00 0.00 TRACK
90.256	>>> V 0.00 0.00
90.257	S 1261680 -32.26 3.16 0.00 0.00 TRACK
90.276	>>> V 0.00 0.00
90.277	S 1261700 -32.26 3.16 0.00 0.00 TRACK
90.296	>>> V 0.00 0.00
90.296	S 1261720 -32.34 3.16 0.00 0.00 TRACK
90.316	>>> V 0.00 0.00
90.316	S 1261740 -32.26 3.16 0.00 0.00 TRACK
90.336	>>> V 0.00 0.00
90.337	S 1261760 -32.26 3.16 0.00 0.00 TRACK
90.356	>>> V 0.00 0.00
90.357	S 1261780 -32.26 3.16 0.00 0.00 TRACK
90.376	>>> V 0.00 0.00
90.377	S 1261800 -32.26 3.16 0.00 0.00 TRACK
90.396	>>> V 0.00 0.00
90.397	S 1261820 -32.26 3.16 0.00 0.00 TRACK
90.416	>>> V 0.00 0.00
90.416	S 1261840 -32.26 3.16 0.00 0.00 TRACK
90.436	>>> V 0.00 0.00
90.437	S 1261860 -32.26 3.16 0.00 0.00 TRACK
90.457	>>> V 0.00 0.00
90.457	S 1261880 -32.26 3.16 0.00 0.00 TRACK
90.476	>>> V 0.00 0.00
90.477	S 1261900 -32.26 3.16 0.00 0.00 TRACK
90.496	>>> V 0.00 0.00
90.496	S 1261920 -32.26 3.16 0.00 0.00 TRACK
90.516	>>> V 0.00 0.00
90.517	S 1261940 -32.34 3.16 0.00 0.00 TRACK
90.536	>>> V 0.00 0.00
90.537	S 1261960 -32.26 3.16 0.00 0.00 TRACK
90.556	>>> V 0.00 0.00
90.557	S 1261980 -32.26 3.16 0.00 0.00 TRACK
90.576	>>> V 0.00 0.00
90.577	S 1262000 -32.26 3.16 0.00 0.00 TRACK
90.596	>>> V 0.00 0.00
90.597	S 1262020 -32.26 3.16 0.00 0.00 TRACK
90.616	>>> V 0.00 0.00
90.617	S 1262040 -32.26 3.16 0.00 0.00 TRACK
90.636	>>> V 0.00 0.00
90.637	S 1262060 -32.26 3.16 0.00 0.00 TRACK
90.656	>>> V 0.00 0.00
90.657	S 1262080 -32.34 3.16 0.00 0.00 TRACK
90.676	>>> V 0.00 0.00
90.677	S 1262100 -32.26 3.16 0.00 0.00 TRACK
90.696	>>> V 0.00 0.00
90.697	S 1262120 -32.26 3.16 0.00 0.00 TRACK
90.716	>>> V 0.00 0.00
90.717	S 1262140 -32.26 3.16 0.00 0.00 TRACK
90.736	>>> V 0.00 0.00
90.737	S 1262160 -32.26 3.16 0.00 0.00 TRACK
90.757	>>> V 0.00 0.00
90.757	S 1262180 -32.26 3.16 0.00 0.00 TRACK
90.777	>>> V 0.00 0.00
90.777	S 1262200 -32.26 3.16 0.00 0.00 TRACK
90.797	>>> V 0.00 0.00
90.798	S 1262220 -32.26 3.16 0.00 0.00 TRACK
90.817	>>> V 0.00 0.00
90.817	S 1262240 -32.26 3.16 0.00 0.00 TRACK
90.837	>>> V 0.00 0.00
90.837	S 1262260 -32.26 3.16 0.00 0.00 TRACK
90.857	>>> V 0.00 0.00
90.857	S 1262280 -32.26 3.16 0.00 0.00 TRACK
90.877	>>> V 0.00 0.00
90.877	S 1262300 -32.34 3.16 0.00 0.00 TRACK
90.897	>>> V 0.00 0.00
90.897	S 1262320 -32.26 3.16 0.00 0.00 TRACK
90.917	>>> V 0.00 0.00
90.918	S 1262340 -32.26 3.16 0.00 0.00 TRACK
90.937	>>> V 0.00 0.00
90.937	S 1262360 -32.26 3.16 0.00 0.00 TRACK
90.956	>>> V 0.00 0.00
90.957	S 1262380 -32.26 3.16 0.00 0.00 TRACK
90.977	>>> V 0.00 0.00
90.977	S 1262400 -32.26 3.16 0.00 0.00 TRACK
90.996	>>> V 0.00 0.00
90.997	S 1262420 -32.26 3.16 0.00 0.00 TRACK
91.017	>>> V 0.00 0.00
91.017	S 1262440 -32.26 3.16 0.00 0.00 TRACK
91.037	>>> V 0.00 0.00
91.037	S 1262460 -32.26 3.16 0.00 0.00 TRACK
91.056	>>> V 0.00 0.00
91.057	S 1262480 -32.34 3.16 0.00 0.00 TRACK
91.077	>>> V 0.00 0.00
91.077	S 1262500 -32.26 3.16 0.00 0.00 TRACK
91.097	>>> V 0.00 0.00
91.097	S 1262520 -32.26 3.16 0.00 0.00 TRACK
91.116	>>> V 0.00 0.00
91.116	S 1262540 -32.26 3.16 0.00 0.00 TRACK
91.136	>>> V 0.00 0.00
91.137	S 1262560 -32.26 3.16 0.00 0.00 TRACK
91.156	>>> V 0.00 0.00
91.157	S 1262580 -32.26 3.16 0.00 0.00 TRACK
91.176	>>> V 0.00 0.00
91.177	S 1262600 -32.26 3.16 0.00 0.00 TRACK
91.197	>>> V 0.00 0.00
91.197	S 1262620 -32.26 3.16 0.00 0.00 TRACK
91.216	>>> V 0.00 0.00
91.217	S 1262640 -32.26 3.16 0.00 0.00 TRACK
91.236	>>> V 0.00 0.00
91.236	S 1262660 -32.26 3.08 0.00 0.00 TRACK
91.256	>>> V 0.00 0.00
91.256	S 1262680 -32.26 3.16 0.00 0.00 TRACK
91.276	>>> V 0.00 0.00
91.277	S 1262700 -32.26 3.16 0.00 0.00 TRACK
91.296	>>> V 0.00 0.00
91.297	S 1262720 -32.26 3.16 0.00 0.00 TRACK
91.317	>>> V 0.00 0.00
91.317	S 1262740 -32.26 3.16 0.00 0.00 TRACK
91.336	>>> V 0.00 0.00
91.336	S 1262760 -32.26 3.16 0.00 0.00 TRACK
91.357	>>> V 0.00 0.00
91.357	S 1262780 -32.26 3.16 0.00 0.00 TRACK
91.376	>>> V 0.00 0.00
91.377	S 1262800 -32.26 3.16 0.00 0.00 TRACK
91.396	>>> V 0.00 0.00
91.396	S 1262820 -32.34 3.16 0.00 0.00 TRACK
91.416	>>> V 0.00 0.00
91.416	S 1262840 -32.26 3.16 0.00 0.00 TRACK
91.436	>>> V 0.00 0.00
91.436	S 1262860 -32.26 3.16 0.00 0.00 TRACK
91.456	>>> V 0.00 0.00
91.456	S 1262880 -32.26 3.16 0.00 0.00 TRACK
91.476	>>> V 0.00 0.00
91.477	S 1262900 -32.26 3.16 0.00 0.00 TRACK
91.496	>>> V 0.00 0.00
91.496	S 1262920 -32.26 3.16 0.00 0.00 TRACK
91.516	>>> V 0.00 0.00
91.517	S 1262940 -32.26 3.16 0.00 0.00 TRACK
91.536	>>> V 0.00 0.00
91.536	S 1262960 -32.26 3.16 0.00 0.00 TRACK
91.556	>>> V 0.00 0.00
91.557	S 1262980 -32.26 3.16 0.00 0.00 TRACK
91.576	>>> V 0.00 0.00
91.576	S 1263000 -32.26 3.16 0.00 0.00 TRACK
91.596	>>> V 0.00 0.00
91.596	S 1263020 -32.34 3.16 0.00 0.00 TRACK
91.616	>>> V 0.00 0.00
91.617	S 1263040 -32.26 3.16 0.00 0.00 TRACK
91.636	>>> V 0.00 0.00
91.637	S 1263060 -32.26 3.16 0.00 0.00 TRACK
91.656	>>> V 0.00 0.00
91.657	S 1263080 -32.26 3.16 0.00 0.00 TRACK
91.676	>>> V 0.00 0.00
91.677	S 1263100 -32.26 3.16 0.00 0.00 TRACK
91.696	>>> V 0.00 0.00
91.697	S 1263120 -32.26 3.16 0.00 0.00 TRACK
91.716	>>> V 0.00 0.00
91.716	S 1263140 -32.26 3.16 0.00 0.00 TRACK
91.736	>>> V 0.00 0.00
91.736	S 1263160 -32.26 3.16 0.00 0.00 TRACK
91.756	>>> V 0.00 0.00
91.756	S 1263180 -32.26 3.16 0.00 0.00 TRACK
91.776	>>> V 0.00 0.00
91.777	S 1263200 -32.26 3.16 0.00 0.00 TRACK
91.796	>>> V 0.00 0.00
91.797	S 1263220 -32.26 3.16 0.00 0.00 TRACK
91.816	>>> V 0.00 0.00
91.817	S 1263240 -32.26 3.16 0.00 0.00 TRACK
91.836	>>> V 0.00 0.00
91.837	S 1263260 -32.26 3.16 0.00 0.00 TRACK
91.856	>>> V 0.00 0.00
91.856	S 1263280 -32.26 3.16 0.00 0.00 TRACK
91.876	>>> V 0.00 0.00
91.877	S 1263300 -32.26 3.16 0.00 0.00 TRACK
91.896	>>> V 0.00 0.00
91.896	S 1263320 -32.26 3.16 0.00 0.00 TRACK
91.916	>>> V 0.00 0.00
91.916	S 1263340 -32.26 3.16 0.00 0.00 TRACK
91.936	>>> V 0.00 0.00
91.937	S 1263360 -32.26 3.16 0.00 0.00 TRACK
91.956	>>> V 0.00 0.00
91.957	S 1263380 -32.26 3.16 0.00 0.00 TRACK
91.976	>>> V 0.00 0.00
91.977	S 1263400 -32.26 3.16 0.00 0.00 TRACK
91.996	>>> V 0.00 0.00
91.997	S 1263420 -32.26 3.16 0.00 0.00 TRACK
92.016	>>> V 0.00 0.00
92.017	S 1263440 -32.26 3.16 0.00 0.00 TRACK
92.036	>>> V 0.00 0.00
92.037	S 1263460 -32.26 3.16 0.00 0.00 TRACK
92.056	>>> V 0.00 0.00
92.057	S 1263480 -32.34 3.16 0.00 0.00 TRACK
92.076	>>> V 0.00 0.00
92.077	S 1263500 -32.26 3.16 0.00 0.00 TRACK
92.096	>>> V 0.00 0.00
92.097	S 1263520 -32.26 3.16 0.00 0.00 TRACK
92.116	>>> V 0.00 0.00
92.116	S 1263540 -32.26 3.16 0.00 0.00 TRACK
92.136	>>> V 0.00 0.00
92.137	S 1263560 -32.26 3.16 0.00 0.00 TRACK
92.156	>>> V 0.00 0.00
92.157	S 1263580 -32.34 3.16 0.00 0.00 TRACK
92.176	>>> V 0.00 0.00
92.176	S 1263600 -32.26 3.16 0.00 0.00 TRACK
92.196	>>> V 0.00 0.00
92.197	S 1263620 -32.26 3.16 0.00 0.00 TRACK
92.216	>>> V 0.00 0.00
92.216	S 1263640 -32.26 3.16 0.00 0.00 TRACK
92.236	>>> V 0.00 0.00
92.237	S 1263660 -32.26 3.16 0.00 0.00 TRACK
92.256	>>> V 0.00 0.00
92.257	S 1263680 -32.26 3.16 0.00 0.00 TRACK
92.276	>>> V 0.00 0.00
92.277	S 1263700 -32.26 3.16 0.00 0.00 TRACK
92.296	>>> V 0.00 0.00
92.297	S 1263720 -32.26 3.16 0.00 0.00 TRACK
92.316	>>> V 0.00 0.00
92.317	S 1263740 -32.34 3.16 0.00 0.00 TRACK
92.336	>>> V 0.00 0.00
92.337	S 1263760 -32.26 3.16 0.00 0.00 TRACK
92.356	>>> V 0.00 0.00
92.357	S 1263780 -32.26 3.16 0.00 0.00 TRACK
92.376	>>> V 0.00 0.00
92.377	S 1263800 -32.26 3.16 0.00 0.00 TRACK
92.396	>>> V 0.00 0.00
92.397	S 1263820 -32.26 3.16 0.00 0.00 TRACK
92.416	>>> V 0.00 0.00
92.417	S 1263840 -32.26 3.16 0.00 0.00 TRACK
92.436	>>> V 0.00 0.00
92.436	S 1263860 -32.26 3.16 0.00 0.00 TRACK
92.456	>>> V 0.00 0.00
92.457	S 1263880 -32.26 3.16 0.00 0.00 TRACK
92.476	>>> V 0.00 0.00
92.477	S 1263900 -32.26 3.16 0.00 0.00 TRACK
92.496	>>> V 0.00 0.00
92.497	S 1263920 -32.26 3.16 0.00 0.00 TRACK
92.516	>>> V 0.00 0.00
92.517	S 1263940 -32.34 3.16 0.00 0.00 TRACK
92.536	>>> V 0.00 0.00
92.537	S 1263960 -32.26 3.16 0.00 0.00 TRACK
92.556	>>> V 0.00 0.00
92.557	S 1263980 -32.26 3.16 0.00 0.00 TRACK
92.576	>>> V 0.00 0.00
92.577	S 1264000 -32.26 3.16 0.00 0.00 TRACK
92.596	>>> V 0.00 0.00
92.597	S 1264020 -32.34 3.16 0.00 0.00 TRACK
92.616	>>> V 0.00 0.00
92.617	S 1264040 -32.26 3.16 0.00 0.00 TRACK
92.636	>>> V 0.00 0.00
92.637	S 1264060 -32.34 3.16 0.00 0.00 TRACK
92.656	>>> V 0.00 0.00
92.657	S 1264080 -32.26 3.16 0.00 0.00 TRACK
92.676	>>> V 0.00 0.00
92.677	S 1264100 -32.26 3.16 0.00 0.00 TRACK
92.696	>>> V 0.00 0.00
92.697	S 1264120 -32.34 3.16 0.00 0.00 TRACK
92.716	>>> V 0.00 0.00
92.716	S 1264140 -32.26 3.16 0.00 0.00 TRACK
92.737	>>> V 0.00 0.00
92.737	S 1264160 -32.26 3.16 0.00 0.00 TRACK
92.757	>>> V 0.00 0.00
92.757	S 1264180 -32.26 3.16 0.00 0.00 TRACK
92.777	>>> V 0.00 0.00
92.777	S 1264200 -32.34 3.16 0.00 0.00 TRACK
92.796	>>> V 0.00 0.00
92.796	S 1264220 -32.26 3.16 0.00 0.00 TRACK
92.816	>>> V 0.00 0.00
92.817	S 1264240 -32.26 3.16 0.00 0.00 TRACK
92.837	>>> V 0.00 0.00
92.837	S 1264260 -32.26 3.16 0.00 0.00 TRACK
92.856	>>> V 0.00 0.00
92.857	S 1264280 -32.26 3.16 0.00 0.00 TRACK
92.876	>>> V 0.00 0.00
92.876	S 1264300 -32.34 3.16 0.00 0.00 TRACK
92.896	>>> V 0.00 0.00
92.897	S 1264320 -32.26 3.16 0.00 0.00 TRACK
92.917	>>> V 0.00 0.00
92.917	S 1264340 -32.26 3.16 0.00 0.00 TRACK
92.936	>>> V 0.00 0.00
92.937	S 1264360 -32.34 3.16 0.00 0.00 TRACK
92.956	>>> V 0.00 0.00
92.957	S 1264380 -32.26 3.16 0.00 0.00 TRACK
92.976	>>> V 0.00 0.00
92.976	S 1264400 -32.26 3.16 0.00 0.00 TRACK
92.996	>>> V 0.00 0.00
92.997	S 1264420 -32.26 3.16 0.00 0.00 TRACK
93.017	>>> V 0.00 0.00
93.017	S 1264440 -32.34 3.16 0.00 0.00 TRACK
93.037	>>> V 0.00 0.00
93.037	S 1264460 -32.26 3.16 0.00 0.00 TRACK
93.057	>>> V 0.00 0.00
93.057	S 1264480 -32.26 3.16 0.00 0.00 TRACK
93.077	>>> V 0.00 0.00
93.077	S 1264500 -32.26 3.16 0.00 0.00 TRACK
93.097	>>> V 0.00 0.00
93.097	S 1264520 -32.34 3.16 0.00 0.00 TRACK
93.116	>>> V 0.00 0.00
93.117	S 1264540 -32.26 3.16 0.00 0.00 TRACK
93.136	>>> V 0.00 0.00
93.137	S 1264560 -32.34 3.16 0.00 0.00 TRACK
93.157	>>> V 0.00 0.00
93.157	S 1264580 -32.26 3.16 0.00 0.00 TRACK
93.176	>>> V 0.00 0.00
93.176	S 1264600 -32.26 3.16 0.00 0.00 TRACK
93.196	>>> V 0.00 0.00
93.196	S 1264620 -32.26 3.16 0.00 0.00 TRACK
