0.011	>>> 
0.011	>>> B 1654 2007
0.011	>>> I
0.128	>>> V 0.00 0.00
0.128	073 -12.22 18.11 0.00 0.00 HOLD
0.128	S 20611093 -12.22 18.11 0.00 0.00 HOLD
0.138	S 20611113 -12.22 18.11 0.00 0.00 HOLD
0.140	S 20611133 -12.22 18.11 0.00 0.00 HOLD
0.142	S 20611153 -12.22 18.11 0.00 0.00 HOLD
0.143	S 20611173 -12.22 18.11 0.00 0.00 HOLD
0.144	S 20611193 -12.22 18.11 0.00 0.00 HOLD
0.145	S 20611213 -12.22 18.11 0.00 0.00 HOLD
0.147	S 20611233 -12.22 18.11 0.00 0.00 HOLD
0.148	S 20611253 -12.22 18.11 0.00 0.00 HOLD
0.149	S 20611273 -12.22 18.11 0.00 0.00 HOLD
0.150	S 20622454 -12.22 18.11 0.00 0.00 HOLD
0.151	B 1654 2007
0.152	S 20622474 -12.22 18.11 0.00 0.00 HOMING
0.156	S 20622494 -12.22 18.11 0.00 0.00 HOMING
0.157	S 20622514 -12.13 18.02 0.00 0.00 HOMING
0.158	S 20622534 -11.87 17.58 2.75 -2.75 HOMING
0.160	S 20622554 -11.51 17.23 6.87 -6.87 HOMING
0.165	>>> V 0.00 0.00
0.165	S 20622574 -11.07 16.70 10.99 -12.37 HOMING
0.167	S 20622594 -10.72 16.17 15.11 -17.86 HOMING
0.175	>>> V 0.00 0.00
0.194	>>> V 0.00 0.00
0.200	S 20622614 -10.28 15.64 17.86 -21.98 HOMING
0.214	>>> V 0.00 0.00
0.215	S 20622634 -9.93 15.03 17.86 -24.73 HOMING
0.236	>>> V 0.00 0.00
0.236	S 20622654 -9.58 14.50 17.86 -26.11 HOMING
0.237	S 20622674 -9.14 13.89 17.86 -27.48 HOMING
0.254	>>> V 0.00 0.00
0.274	>>> V 0.00 0.00
0.275	S 20622694 -8.61 13.27 19.24 -28.85 HOMING
0.296	>>> V 0.00 0.00
0.296	S 20622714 -8.17 12.74 19.24 -28.85 HOMING
0.300	S 20622734 -7.82 12.13 19.24 -28.85 HOMING
0.314	>>> V 0.00 0.00
0.336	>>> V 0.00 0.00
0.336	S 20622754 -7.38 11.60 19.24 -27.48 HOMING
0.354	>>> V 0.00 0.00
0.354	S 20622774 -7.12 11.07 19.24 -27.48 HOMING
0.374	>>> V 0.00 0.00
0.375	S 20622794 -6.77 10.55 17.86 -26.11 HOMING
0.395	>>> V 0.00 0.00
0.395	S 20622814 -6.50 10.11 16.49 -24.73 HOMING
0.414	>>> V 0.00 0.00
0.415	S 20622834 -6.06 9.67 15.11 -24.73 HOMING
0.436	>>> V 0.00 0.00
0.436	S 20622854 -5.80 9.23 15.11 -23.36 HOMING
0.438	S 20622874 -5.54 8.79 13.74 -21.98 HOMING
0.454	>>> V 0.00 0.00
0.474	>>> V 0.00 0.00
0.475	S 20622894 -5.27 8.44 13.74 -20.61 HOMING
0.494	>>> V 0.00 0.00
0.495	S 20622914 -5.10 8.00 12.37 -20.61 HOMING
0.514	>>> V 0.00 0.00
0.514	S 20622934 -4.83 7.65 12.37 -19.24 HOMING
0.536	>>> V 0.00 0.00
0.536	S 20622954 -4.66 7.29 10.99 -17.86 HOMING
0.537	S 20622974 -4.48 6.94 10.99 -17.86 HOMING
0.554	>>> V 0.00 0.00
0.574	>>> V 0.00 0.00
0.575	S 20622994 -4.22 6.68 9.62 -16.49 HOMING
0.597	>>> V 0.00 0.00
0.598	S 20623014 -4.04 6.33 9.62 -16.49 HOMING
0.603	S 20623034 -3.87 6.06 9.62 -15.11 HOMING
0.614	>>> V 0.00 0.00
0.636	>>> V 0.00 0.00
0.636	S 20623054 -3.69 5.80 9.62 -13.74 HOMING
0.637	S 20623074 -3.52 5.54 8.24 -13.74 HOMING
0.654	>>> V 0.00 0.00
0.674	>>> V 0.00 0.00
0.675	S 20623094 -3.34 5.27 8.24 -13.74 HOMING
0.696	>>> V 0.00 0.00
0.697	S 20623114 -3.25 5.10 8.24 -12.37 HOMING
0.702	S 20623134 -3.08 4.83 6.87 -10.99 HOMING
0.714	>>> V 0.00 0.00
0.735	>>> V 0.00 0.00
0.736	S 20623154 -2.99 4.66 6.87 -10.99 HOMING
0.737	S 20623174 -2.90 4.48 5.50 -9.62 HOMING
0.754	>>> V 0.00 0.00
0.774	>>> V 0.00 0.00
0.775	S 20623194 -2.72 4.22 5.50 -9.62 HOMING
0.796	>>> V 0.00 0.00
0.797	S 20623214 -2.64 4.04 5.50 -9.62 HOMING
0.802	S 20623234 -2.55 3.78 5.50 -9.62 HOMING
0.814	>>> V 0.00 0.00
0.836	>>> V 0.00 0.00
0.836	S 20623254 -2.46 3.60 4.12 -9.62 HOMING
0.839	S 20623274 -2.29 3.52 4.12 -8.24 HOMING
0.854	>>> V 0.00 0.00
0.874	>>> V 0.00 0.00
0.875	S 20623294 -2.20 3.34 4.12 -8.24 HOMING
0.896	>>> V 0.00 0.00
0.897	S 20623314 -2.11 3.16 5.50 -6.87 HOMING
0.901	S 20623334 -2.02 3.08 4.12 -6.87 HOMING
0.914	>>> V 0.00 0.00
0.937	>>> V 0.00 0.00
0.937	S 20623354 -1.85 2.99 4.12 -5.50 HOMING
0.940	S 20623374 -1.76 2.90 4.12 -5.50 HOMING
0.954	>>> V 0.00 0.00
0.974	>>> V 0.00 0.00
0.975	S 20623394 -1.67 2.72 4.12 -5.50 HOMING
0.994	>>> V 0.00 0.00
0.995	S 20623414 -1.58 2.64 4.12 -5.50 HOMING
1.014	>>> V 0.00 0.00
1.015	S 20623434 -1.58 2.46 4.12 -5.50 HOMING
1.034	>>> V 0.00 0.00
1.035	S 20623454 -1.49 2.37 2.75 -5.50 HOMING
1.056	>>> V 0.00 0.00
1.057	S 20623474 -1.49 2.29 1.37 -5.50 HOMING
1.058	S 20623494 -1.41 2.20 1.37 -5.50 HOMING
1.075	>>> V 0.00 0.00
1.078	S 20623514 -1.41 2.02 1.37 -5.50 HOMING
1.097	>>> V 0.00 0.00
1.098	S 20623534 -1.32 1.93 1.37 -5.50 HOMING
1.114	>>> V 0.00 0.00
1.135	>>> V 0.00 0.00
1.136	S 20623554 -1.23 1.85 1.37 -5.50 HOMING
1.137	S 20623574 -1.14 1.76 2.75 -5.50 HOMING
1.154	>>> V 0.00 0.00
1.174	>>> V 0.00 0.00
1.175	S 20623594 -1.14 1.67 2.75 -4.12 HOMING
1.194	>>> V 0.00 0.00
1.195	S 20623614 -1.05 1.58 2.75 -4.12 HOMING
1.214	>>> V 0.00 0.00
1.215	S 20623634 -0.97 1.58 2.75 -2.75 HOMING
1.236	>>> V 0.00 0.00
1.236	S 20623654 -0.97 1.58 2.75 -1.37 HOMING
1.237	S 20623674 -0.97 1.49 1.37 -1.37 HOMING
1.254	>>> V 0.00 0.00
1.274	>>> V 0.00 0.00
1.275	S 20623694 -0.97 1.41 0.00 -1.37 HOMING
1.294	>>> V 0.00 0.00
1.295	S 20623714 -0.97 1.32 0.00 -2.75 HOMING
1.314	>>> V 0.00 0.00
1.315	S 20623734 -0.97 1.23 0.00 -4.12 HOMING
1.336	>>> V 0.00 0.00
1.336	S 20623754 -0.88 1.23 0.00 -2.75 HOMING
1.337	S 20623774 -0.79 1.23 1.37 -1.37 HOMING
1.354	>>> V 0.00 0.00
1.374	>>> V 0.00 0.00
1.375	S 20623794 -0.79 1.23 1.37 0.00 HOMING
1.394	>>> V 0.00 0.00
1.395	S 20623814 -0.79 1.05 1.37 0.00 HOMING
1.414	>>> V 0.00 0.00
1.415	S 20623834 -0.79 1.05 0.00 -1.37 HOMING
1.436	>>> V 0.00 0.00
1.436	S 20623854 -0.79 0.97 0.00 -2.75 HOMING
1.437	S 20623874 -0.70 0.88 0.00 -2.75 HOMING
1.454	>>> V 0.00 0.00
1.474	>>> V 0.00 0.00
1.475	S 20623894 -0.62 0.88 1.37 -2.75 HOMING
1.500	>>> V 0.00 0.00
1.500	S 20623914 -0.62 0.88 1.37 -1.37 HOMING
1.505	S 20623934 -0.62 0.88 1.37 0.00 HOMING
1.515	>>> V 0.00 0.00
1.538	>>> V 0.00 0.00
1.538	S 20623954 -0.62 0.88 1.37 0.00 HOMING
1.539	S 20623974 -0.62 0.88 0.00 0.00 HOMING
1.554	>>> V 0.00 0.00
1.574	>>> V 0.00 0.00
1.575	S 20623994 -0.53 0.70 0.00 0.00 HOMING
1.596	>>> V 0.00 0.00
1.598	S 20624014 -0.44 0.62 0.00 -1.37 HOMING
1.601	S 20624034 -0.44 0.62 1.37 -1.37 HOMING
1.614	>>> V 0.00 0.00
1.616	S 20624054 -0.44 0.62 1.37 -1.37 HOMING
1.637	>>> V 0.00 0.00
1.638	S 20624074 -0.44 0.62 1.37 -1.37 HOMING
1.654	>>> V 0.00 0.00
1.674	>>> V 0.00 0.00
1.675	S 20624094 -0.44 0.62 0.00 0.00 HOMING
1.695	>>> V 0.00 0.00
1.695	S 20624114 -0.44 0.53 0.00 0.00 HOMING
1.714	>>> V 0.00 0.00
1.715	S 20624134 -0.35 0.44 0.00 0.00 HOLD
1.735	>>> V 0.00 0.00
1.736	S 20624154 -0.26 0.44 1.37 -1.37 HOLD
1.754	>>> V 0.00 0.00
1.754	S 20624174 -0.26 0.44 1.37 -1.37 HOLD
1.776	>>> V 0.00 0.00
1.776	S 20624194 -0.26 0.44 1.37 -1.37 HOLD
1.777	S 20624214 -0.26 0.44 0.00 0.00 HOLD
1.795	>>> V 0.00 0.00
1.814	>>> V 0.00 0.00
1.815	S 20624234 -0.35 0.44 0.00 0.00 HOLD
1.835	>>> V 0.00 0.00
1.835	S 20624254 -0.26 0.44 0.00 0.00 HOLD
1.854	>>> V 0.00 0.00
1.855	S 20624274 -0.35 0.44 0.00 0.00 HOLD
1.874	>>> V 0.00 0.00
1.875	S 20624294 -0.26 0.44 0.00 0.00 HOLD
1.894	>>> V 0.00 0.00
1.896	S 20624314 -0.26 0.44 0.00 0.00 HOLD
1.898	S 20624334 -0.35 0.44 0.00 0.00 HOLD
1.915	>>> V 0.00 0.00
1.916	S 20624354 -0.26 0.44 0.00 0.00 HOLD
1.935	>>> V 0.00 0.00
1.936	S 20624374 -0.26 0.44 0.00 0.00 HOLD
1.955	>>> V 0.00 0.00
1.976	>>> V 0.00 0.00
1.976	S 20624394 -0.35 0.44 0.00 0.00 HOLD
1.982	S 20624414 -0.26 0.44 0.00 0.00 HOLD
1.995	>>> V 0.00 0.00
1.996	S 20624434 -0.26 0.44 0.00 0.00 HOLD
2.016	>>> V 0.00 0.00
2.017	S 20624454 -0.26 0.44 0.00 0.00 HOLD
2.037	>>> V 0.00 0.00
2.037	S 20624474 -0.26 0.44 0.00 0.00 HOLD
2.055	>>> V 0.00 0.00
2.075	>>> V 0.00 0.00
2.075	S 20624494 -0.26 0.44 0.00 0.00 HOLD
2.094	>>> V 0.00 0.00
2.096	S 20624514 -0.26 0.44 0.00 0.00 HOLD
2.115	>>> V 0.00 0.00
2.115	S 20624534 -0.35 0.44 0.00 0.00 HOLD
2.138	>>> V 0.00 0.00
2.138	S 20624554 -0.26 0.44 0.00 0.00 HOLD
2.142	S 20624574 -0.26 0.44 0.00 0.00 HOLD
2.155	>>> V 0.00 0.00
2.175	>>> V 0.00 0.00
2.177	S 20624594 -0.35 0.44 0.00 0.00 HOLD
2.182	S 20624614 -0.26 0.44 0.00 0.00 HOLD
2.194	>>> V 0.00 0.00
2.216	>>> V 0.00 0.00
2.217	S 20624634 -0.35 0.44 0.00 0.00 HOLD
2.222	S 20624654 -0.26 0.44 0.00 0.00 HOLD
2.235	>>> V 0.00 0.00
2.257	>>> V 0.00 0.00
2.258	S 20624674 -0.26 0.44 0.00 0.00 HOLD
2.275	>>> V 0.00 0.00
2.275	S 20624694 -0.35 0.44 0.00 0.00 HOLD
2.300	>>> V 0.00 0.00
2.300	S 20624714 -0.26 0.44 0.00 0.00 HOLD
2.303	S 20624734 -0.26 0.44 0.00 0.00 HOLD
2.315	>>> V 0.00 0.00
2.337	>>> V 0.00 0.00
2.338	S 20624754 -0.26 0.44 0.00 0.00 HOLD
2.340	S 20624774 -0.26 0.44 0.00 0.00 HOLD
2.355	>>> V 0.00 0.00
2.375	>>> V 0.00 0.00
2.375	S 20624794 -0.26 0.44 0.00 0.00 HOLD
2.396	>>> V 0.00 0.00
2.397	S 20624814 -0.26 0.44 0.00 0.00 HOLD
2.406	S 20624834 -0.35 0.44 0.00 0.00 HOLD
2.414	>>> V 0.00 0.00
2.440	>>> V 0.00 0.00
2.441	S 20624854 -0.35 0.44 0.00 0.00 HOLD
2.443	S 20624874 -0.26 0.44 0.00 0.00 HOLD
2.454	>>> V 0.00 0.00
2.475	>>> V 0.00 0.00
2.476	S 20624894 -0.26 0.44 0.00 0.00 HOLD
2.496	>>> V 0.00 0.00
2.497	S 20624914 -0.26 0.44 0.00 0.00 HOLD
2.499	S 20624934 -0.26 0.44 0.00 0.00 HOLD
2.516	>>> V 0.00 0.00
2.516	S 20624954 -0.35 0.44 0.00 0.00 HOLD
2.534	>>> V 0.00 0.00
2.555	>>> V 0.00 0.00
2.555	S 20624975 -0.26 0.44 0.00 0.00 HOLD
2.575	>>> V 0.00 0.00
2.576	S 20624995 -0.26 0.44 0.00 0.00 HOLD
2.594	>>> V 0.00 0.00
2.595	S 20625015 -0.26 0.44 0.00 0.00 HOLD
2.616	>>> V 0.00 0.00
2.617	S 20625035 -0.35 0.44 0.00 0.00 HOLD
2.623	S 20625055 -0.35 0.44 0.00 0.00 HOLD
2.635	>>> V 0.00 0.00
2.637	S 20625075 -0.35 0.44 0.00 0.00 HOLD
2.658	>>> V 0.00 0.00
2.658	S 20625095 -0.26 0.44 0.00 0.00 HOLD
2.675	>>> V 0.00 0.00
2.696	>>> V 0.00 0.00
2.696	S 20625115 -0.35 0.44 0.00 0.00 HOLD
2.699	S 20625135 -0.26 0.44 0.00 0.00 HOLD
2.714	>>> V 0.00 0.00
2.735	>>> V 0.00 0.00
2.738	S 20625155 -0.26 0.44 0.00 0.00 HOLD
2.740	S 20625175 -0.26 0.44 0.00 0.00 HOLD
2.755	>>> V 0.00 0.00
2.757	S 20625195 -0.35 0.44 0.00 0.00 HOLD
2.774	>>> V 0.00 0.00
2.797	>>> V 0.00 0.00
2.798	S 20625215 -0.26 0.53 0.00 0.00 HOLD
2.805	S 20625235 -0.26 0.44 0.00 0.00 HOLD
2.815	>>> V 0.00 0.00
2.839	>>> V 0.00 0.00
2.840	S 20625255 -0.35 0.44 0.00 0.00 HOLD
2.842	S 20625275 -0.35 0.44 0.00 0.00 HOLD
2.855	>>> V 0.00 0.00
2.876	>>> V 0.00 0.00
2.877	S 20625295 -0.26 0.44 0.00 0.00 HOLD
2.880	S 20625315 -0.26 0.44 0.00 0.00 HOLD
2.895	>>> V 0.00 0.00
2.915	>>> V 0.00 0.00
2.915	S 20625335 -0.35 0.44 0.00 0.00 HOLD
2.934	>>> V 0.00 0.00
2.936	S 20625355 -0.35 0.44 0.00 0.00 HOLD
2.940	S 20625375 -0.26 0.44 0.00 0.00 HOLD
2.954	>>> V 0.00 0.00
2.975	>>> V 0.00 0.00
2.976	S 20625395 -0.26 0.44 0.00 0.00 HOLD
2.995	>>> V 0.00 0.00
2.995	S 20625415 -0.35 0.44 0.00 0.00 HOLD
3.015	>>> V 0.00 0.00
3.016	S 20625435 -0.26 0.44 0.00 0.00 HOLD
3.035	>>> V 0.00 0.00
3.035	S 20625455 -0.35 0.44 0.00 0.00 HOLD
3.056	>>> V 0.00 0.00
3.058	S 20625475 -0.26 0.44 0.00 0.00 HOLD
3.062	S 20625495 -0.35 0.44 0.00 0.00 HOLD
3.075	>>> V 0.00 0.00
3.096	>>> V 0.00 0.00
3.097	S 20625515 -0.26 0.53 0.00 0.00 HOLD
3.100	S 20625535 -0.26 0.44 0.00 0.00 HOLD
3.114	>>> V 0.00 0.00
3.136	>>> V 0.00 0.00
3.137	S 20625555 -0.26 0.44 0.00 0.00 HOLD
3.139	S 20625575 -0.35 0.44 0.00 0.00 HOLD
3.155	>>> V 0.00 0.00
3.176	>>> V 0.00 0.00
3.176	S 20625595 -0.26 0.44 0.00 0.00 HOLD
3.178	S 20625615 -0.35 0.44 0.00 0.00 HOLD
3.194	>>> V 0.00 0.00
3.215	>>> V 0.00 0.00
3.215	S 20625635 -0.35 0.44 0.00 0.00 HOLD
3.234	>>> V 0.00 0.00
3.235	S 20625655 -0.35 0.44 0.00 0.00 HOLD
3.255	>>> V 0.00 0.00
3.256	S 20625675 -0.26 0.44 0.00 0.00 HOLD
3.275	>>> V 0.00 0.00
3.276	S 20625695 -0.35 0.44 0.00 0.00 HOLD
3.295	>>> V 0.00 0.00
3.296	S 20625715 -0.26 0.44 0.00 0.00 HOLD
3.315	>>> V 0.00 0.00
3.315	S 20625735 -0.26 0.44 0.00 0.00 HOLD
3.336	>>> V 0.00 0.00
3.336	S 20625755 -0.26 0.44 0.00 0.00 HOLD
3.341	S 20625775 -0.35 0.44 0.00 0.00 HOLD
3.355	>>> V 0.00 0.00
3.375	>>> V 0.00 0.00
3.377	S 20625795 -0.26 0.53 0.00 0.00 HOLD
3.380	S 20625815 -0.35 0.44 0.00 0.00 HOLD
3.395	>>> V 0.00 0.00
3.416	>>> V 0.00 0.00
3.416	S 20625835 -0.26 0.44 0.00 0.00 HOLD
3.418	S 20625855 -0.35 0.44 0.00 0.00 HOLD
3.435	>>> V 0.00 0.00
3.455	>>> V 0.00 0.00
3.456	S 20625875 -0.26 0.53 0.00 0.00 HOLD
3.474	>>> V 0.00 0.00
3.475	S 20625895 -0.26 0.44 0.00 0.00 HOLD
3.495	>>> V 0.00 0.00
3.495	S 20625915 -0.35 0.44 0.00 0.00 HOLD
3.515	>>> V 0.00 0.00
3.516	S 20625935 -0.35 0.44 0.00 0.00 HOLD
3.534	>>> V 0.00 0.00
3.535	S 20625955 -0.35 0.44 0.00 0.00 HOLD
3.556	>>> V 0.00 0.00
3.556	S 20625975 -0.26 0.44 0.00 0.00 HOLD
3.560	S 20625995 -0.26 0.44 0.00 0.00 HOLD
3.574	>>> V 0.00 0.00
3.596	>>> V 0.00 0.00
3.596	S 20626015 -0.35 0.44 0.00 0.00 HOLD
3.598	S 20626035 -0.35 0.44 0.00 0.00 HOLD
3.615	>>> V 0.00 0.00
3.635	>>> V 0.00 0.00
3.636	S 20626055 -0.26 0.44 0.00 0.00 HOLD
3.654	>>> V 0.00 0.00
3.655	S 20626075 -0.35 0.44 0.00 0.00 HOLD
3.675	>>> V 0.00 0.00
3.675	S 20626095 -0.35 0.44 0.00 0.00 HOLD
3.697	>>> V 0.00 0.00
3.698	S 20626115 -0.26 0.53 0.00 0.00 HOLD
3.704	S 20626135 -0.35 0.44 0.00 0.00 HOLD
3.715	>>> V 0.00 0.00
3.735	>>> V 0.00 0.00
3.736	S 20626155 -0.26 0.44 0.00 0.00 HOLD
3.738	S 20626175 -0.26 0.44 0.00 0.00 HOLD
3.756	>>> V 0.00 0.00
3.756	S 20626195 -0.26 0.44 0.00 0.00 HOLD
3.775	>>> V 0.00 0.00
3.795	>>> V 0.00 0.00
3.795	S 20626215 -0.26 0.44 0.00 0.00 HOLD
3.815	>>> V 0.00 0.00
3.816	S 20626235 -0.26 0.44 0.00 0.00 HOLD
3.821	S 20626255 -0.35 0.44 0.00 0.00 HOLD
3.835	>>> V 0.00 0.00
3.855	>>> V 0.00 0.00
3.856	S 20626275 -0.26 0.44 0.00 0.00 HOLD
3.874	>>> V 0.00 0.00
3.875	S 20626295 -0.26 0.53 0.00 0.00 HOLD
3.895	>>> V 0.00 0.00
3.896	S 20626315 -0.26 0.44 0.00 0.00 HOLD
3.902	S 20626335 -0.26 0.44 0.00 0.00 HOLD
3.914	>>> V 0.00 0.00
3.936	>>> V 0.00 0.00
3.938	S 20626355 -0.26 0.44 0.00 0.00 HOLD
3.940	S 20626375 -0.26 0.44 0.00 0.00 HOLD
3.954	>>> V 0.00 0.00
3.976	>>> V 0.00 0.00
3.977	S 20626395 -0.26 0.44 0.00 0.00 HOLD
3.979	S 20626415 -0.26 0.44 0.00 0.00 HOLD
3.994	>>> V 0.00 0.00
3.996	S 20626435 -0.26 0.44 0.00 0.00 HOLD
4.015	>>> V 0.00 0.00
4.035	>>> V 0.00 0.00
4.037	S 20626455 -0.26 0.44 0.00 0.00 HOLD
4.042	S 20626475 -0.26 0.44 0.00 0.00 HOLD
4.055	>>> V 0.00 0.00
4.077	>>> V 0.00 0.00
4.078	S 20626495 -0.35 0.44 0.00 0.00 HOLD
4.082	S 20626515 -0.35 0.44 0.00 0.00 HOLD
4.096	>>> V 0.00 0.00
4.096	S 20626535 -0.26 0.44 0.00 0.00 HOLD
4.115	>>> V 0.00 0.00
4.138	>>> V 0.00 0.00
4.139	S 20626555 -0.35 0.44 0.00 0.00 HOLD
4.141	S 20626575 -0.26 0.44 0.00 0.00 HOLD
4.155	>>> V 0.00 0.00
4.174	>>> V 0.00 0.00
4.183	S 20626595 -0.26 0.44 0.00 0.00 HOLD
4.194	S 20626615 -0.26 0.53 0.00 0.00 HOLD
4.199	>>> V 0.00 0.00
4.200	S 20626635 -0.35 0.44 0.00 0.00 HOLD
4.217	>>> V 0.00 0.00
4.217	S 20626655 -0.26 0.44 0.00 0.00 HOLD
4.235	>>> V 0.00 0.00
4.255	>>> V 0.00 0.00
4.256	S 20626675 -0.26 0.44 0.00 0.00 HOLD
4.275	>>> V 0.00 0.00
4.276	S 20626695 -0.26 0.44 0.00 0.00 HOLD
4.294	>>> V 0.00 0.00
4.295	S 20626715 -0.35 0.44 0.00 0.00 HOLD
4.316	>>> V 0.00 0.00
4.316	S 20626735 -0.35 0.44 0.00 0.00 HOLD
4.335	>>> V 0.00 0.00
4.335	S 20626755 -0.35 0.44 0.00 0.00 HOLD
4.355	>>> V 0.00 0.00
4.356	S 20626775 -0.26 0.44 0.00 0.00 HOLD
4.375	>>> V 0.00 0.00
4.375	S 20626795 -0.35 0.44 0.00 0.00 HOLD
4.396	>>> V 0.00 0.00
4.396	S 20626815 -0.26 0.44 0.00 0.00 HOLD
4.415	>>> V 0.00 0.00
4.415	S 20626835 -0.35 0.44 0.00 0.00 HOLD
4.435	>>> V 0.00 0.00
4.438	S 20626855 -0.26 0.44 0.00 0.00 HOLD
4.441	S 20626875 -0.35 0.44 0.00 0.00 HOLD
4.455	>>> V 0.00 0.00
4.476	>>> V 0.00 0.00
4.476	S 20626895 -0.35 0.44 0.00 0.00 HOLD
4.494	>>> V 0.00 0.00
4.495	S 20626915 -0.26 0.44 0.00 0.00 HOLD
4.515	>>> V 0.00 0.00
4.515	S 20626935 -0.35 0.44 0.00 0.00 HOLD
4.534	>>> V 0.00 0.00
4.535	S 20626955 -0.35 0.44 0.00 0.00 HOLD
4.555	>>> V 0.00 0.00
4.556	S 20626975 -0.26 0.44 0.00 0.00 HOLD
4.574	>>> V 0.00 0.00
4.576	S 20626995 -0.26 0.44 0.00 0.00 HOLD
4.580	S 20627015 -0.26 0.44 0.00 0.00 HOLD
4.594	>>> V 0.00 0.00
4.614	>>> V 0.00 0.00
4.615	S 20627035 -0.26 0.44 0.00 0.00 HOLD
4.635	>>> V 0.00 0.00
4.635	S 20627055 -0.26 0.44 0.00 0.00 HOLD
4.655	>>> V 0.00 0.00
4.655	S 20627075 -0.26 0.44 0.00 0.00 HOLD
4.674	>>> V 0.00 0.00
4.675	S 20627095 -0.26 0.44 0.00 0.00 HOLD
4.695	>>> V 0.00 0.00
4.696	S 20627115 -0.26 0.44 0.00 0.00 HOLD
4.714	>>> V 0.00 0.00
4.715	S 20627135 -0.26 0.44 0.00 0.00 HOLD
4.736	>>> V 0.00 0.00
4.736	S 20627155 -0.35 0.44 0.00 0.00 HOLD
4.739	S 20627175 -0.26 0.53 0.00 0.00 HOLD
4.755	>>> V 0.00 0.00
4.775	>>> V 0.00 0.00
4.775	S 20627195 -0.35 0.44 0.00 0.00 HOLD
4.795	>>> V 0.00 0.00
4.796	S 20627215 -0.35 0.44 0.00 0.00 HOLD
4.815	>>> V 0.00 0.00
4.815	S 20627235 -0.35 0.44 0.00 0.00 HOLD
4.835	>>> V 0.00 0.00
4.836	S 20627255 -0.26 0.44 0.00 0.00 HOLD
4.854	>>> V 0.00 0.00
4.855	S 20627275 -0.26 0.53 0.00 0.00 HOLD
4.875	>>> V 0.00 0.00
4.877	S 20627295 -0.35 0.44 0.00 0.00 HOLD
4.880	S 20627315 -0.35 0.53 0.00 0.00 HOLD
4.894	>>> V 0.00 0.00
4.915	>>> V 0.00 0.00
4.917	S 20627335 -0.26 0.44 0.00 0.00 HOLD
4.934	>>> V 0.00 0.00
4.935	S 20627355 -0.35 0.44 0.00 0.00 HOLD
4.956	>>> V 0.00 0.00
4.956	S 20627375 -0.26 0.44 0.00 0.00 HOLD
4.974	>>> V 0.00 0.00
4.976	S 20627395 -0.26 0.44 0.00 0.00 HOLD
4.996	>>> V 0.00 0.00
4.997	S 20627415 -0.26 0.44 0.00 0.00 HOLD
4.999	S 20627435 -0.26 0.44 0.00 0.00 HOLD
5.015	>>> V 0.00 0.00
5.036	>>> V 0.00 0.00
5.036	S 20627455 -0.26 0.44 0.00 0.00 HOLD
5.055	>>> V 0.00 0.00
5.055	S 20627475 -0.35 0.44 0.00 0.00 HOLD
5.075	>>> V 0.00 0.00
5.075	S 20627495 -0.35 0.44 0.00 0.00 HOLD
5.096	>>> V 0.00 0.00
5.097	S 20627515 -0.26 0.44 0.00 0.00 HOLD
5.100	S 20627535 -0.26 0.44 0.00 0.00 HOLD
5.114	>>> V 0.00 0.00
5.135	>>> V 0.00 0.00
5.136	S 20627555 -0.26 0.44 0.00 0.00 HOLD
5.154	>>> V 0.00 0.00
5.155	S 20627575 -0.26 0.44 0.00 0.00 HOLD
5.175	>>> V 0.00 0.00
5.176	S 20627595 -0.35 0.44 0.00 0.00 HOLD
5.195	>>> V 0.00 0.00
5.195	S 20627615 -0.35 0.44 0.00 0.00 HOLD
5.215	>>> V 0.00 0.00
5.216	S 20627635 -0.35 0.44 0.00 0.00 HOLD
5.234	>>> V 0.00 0.00
5.235	S 20627655 -0.26 0.44 0.00 0.00 HOLD
5.256	>>> V 0.00 0.00
5.257	S 20627675 -0.26 0.44 0.00 0.00 HOLD
5.260	S 20627695 -0.26 0.44 0.00 0.00 HOLD
5.275	>>> V 0.00 0.00
5.294	>>> V 0.00 0.00
5.295	S 20627715 -0.35 0.44 0.00 0.00 HOLD
5.315	>>> V 0.00 0.00
5.315	S 20627735 -0.26 0.44 0.00 0.00 HOLD
5.335	>>> V 0.00 0.00
5.335	S 20627755 -0.26 0.44 0.00 0.00 HOLD
5.355	>>> V 0.00 0.00
5.356	S 20627775 -0.26 0.44 0.00 0.00 HOLD
5.374	>>> V 0.00 0.00
5.375	S 20627795 -0.26 0.44 0.00 0.00 HOLD
5.396	>>> V 0.00 0.00
5.396	S 20627815 -0.26 0.44 0.00 0.00 HOLD
5.415	>>> V 0.00 0.00
5.415	S 20627835 -0.35 0.44 0.00 0.00 HOLD
5.437	>>> V 0.00 0.00
5.438	S 20627855 -0.26 0.44 0.00 0.00 HOLD
5.441	S 20627875 -0.26 0.44 0.00 0.00 HOLD
5.455	>>> V 0.00 0.00
5.475	>>> V 0.00 0.00
5.475	S 20627895 -0.26 0.44 0.00 0.00 HOLD
5.495	>>> V 0.00 0.00
5.495	S 20627915 -0.35 0.44 0.00 0.00 HOLD
5.514	>>> V 0.00 0.00
5.515	S 20627935 -0.35 0.44 0.00 0.00 HOLD
5.535	>>> V 0.00 0.00
5.536	S 20627955 -0.35 0.44 0.00 0.00 HOLD
5.554	>>> V 0.00 0.00
5.555	S 20627975 -0.26 0.53 0.00 0.00 HOLD
5.575	>>> V 0.00 0.00
5.577	S 20627995 -0.26 0.44 0.00 0.00 HOLD
5.597	>>> V 0.00 0.00
5.598	S 20628015 -0.26 0.44 0.00 0.00 HOLD
5.601	S 20628035 -0.26 0.44 0.00 0.00 HOLD
5.616	>>> V 0.00 0.00
5.617	S 20628055 -0.35 0.44 0.00 0.00 HOLD
5.639	>>> V 0.00 0.00
5.640	S 20628075 -0.35 0.44 0.00 0.00 HOLD
5.654	>>> V 0.00 0.00
5.677	>>> V 0.00 0.00
5.679	S 20628095 -0.26 0.44 0.00 0.00 HOLD
5.680	S 20628115 -0.26 0.44 0.00 0.00 HOLD
5.695	>>> V 0.00 0.00
5.715	>>> V 0.00 0.00
5.716	S 20628135 -0.26 0.44 0.00 0.00 HOLD
5.737	>>> V 0.00 0.00
5.737	S 20628155 -0.35 0.44 0.00 0.00 HOLD
5.744	S 20628175 -0.35 0.44 0.00 0.00 HOLD
5.754	>>> V 0.00 0.00
5.776	>>> V 0.00 0.00
5.777	S 20628195 -0.26 0.44 0.00 0.00 HOLD
5.783	S 20628215 -0.26 0.44 0.00 0.00 HOLD
5.795	>>> V 0.00 0.00
5.816	>>> V 0.00 0.00
5.816	S 20628235 -0.35 0.44 0.00 0.00 HOLD
5.838	>>> V 0.00 0.00
5.840	S 20628255 -0.26 0.44 0.00 0.00 HOLD
5.844	S 20628275 -0.26 0.44 0.00 0.00 HOLD
5.855	>>> V 0.00 0.00
5.876	>>> V 0.00 0.00
5.877	S 20628295 -0.35 0.44 0.00 0.00 HOLD
5.882	S 20628315 -0.35 0.44 0.00 0.00 HOLD
5.895	>>> V 0.00 0.00
5.918	>>> V 0.00 0.00
5.918	S 20628335 -0.35 0.44 0.00 0.00 HOLD
5.920	S 20628355 -0.26 0.44 0.00 0.00 HOLD
5.936	>>> V 0.00 0.00
5.937	S 20628375 -0.26 0.44 0.00 0.00 HOLD
5.956	>>> V 0.00 0.00
5.957	S 20628395 -0.26 0.44 0.00 0.00 HOLD
5.980	>>> V 0.00 0.00
5.981	S 20628415 -0.26 0.44 0.00 0.00 HOLD
5.995	>>> V 0.00 0.00
6.017	>>> V 0.00 0.00
6.018	S 20628435 -0.35 0.44 0.00 0.00 HOLD
6.021	S 20628455 -0.26 0.44 0.00 0.00 HOLD
6.036	>>> V 0.00 0.00
6.039	S 20628475 -0.26 0.44 0.00 0.00 HOLD
6.055	>>> V 0.00 0.00
6.075	>>> V 0.00 0.00
6.076	S 20628495 -0.26 0.53 0.00 0.00 HOLD
6.095	>>> V 0.00 0.00
6.095	S 20628515 -0.26 0.44 0.00 0.00 HOLD
6.115	>>> V 0.00 0.00
6.116	S 20628535 -0.35 0.44 0.00 0.00 HOLD
6.135	>>> V 0.00 0.00
6.136	S 20628555 -0.35 0.44 0.00 0.00 HOLD
6.154	>>> V 0.00 0.00
6.155	S 20628575 -0.26 0.44 0.00 0.00 HOLD
6.175	>>> V 0.00 0.00
6.176	S 20628595 -0.26 0.44 0.00 0.00 HOLD
6.195	>>> V 0.00 0.00
6.196	S 20628615 -0.35 0.44 0.00 0.00 HOLD
6.216	>>> V 0.00 0.00
6.217	S 20628635 -0.26 0.44 0.00 0.00 HOLD
6.221	S 20628655 -0.35 0.44 0.00 0.00 HOLD
6.235	>>> V 0.00 0.00
6.255	>>> V 0.00 0.00
6.256	S 20628675 -0.26 0.44 0.00 0.00 HOLD
6.275	>>> V 0.00 0.00
6.275	S 20628695 -0.26 0.44 0.00 0.00 HOLD
6.295	>>> V 0.00 0.00
6.295	S 20628715 -0.35 0.44 0.00 0.00 HOLD
6.315	>>> V 0.00 0.00
6.315	S 20628735 -0.35 0.44 0.00 0.00 HOLD
6.334	>>> V 0.00 0.00
6.335	S 20628755 -0.26 0.44 0.00 0.00 HOLD
6.356	>>> V 0.00 0.00
6.357	S 20628775 -0.35 0.44 0.00 0.00 HOLD
6.361	S 20628795 -0.26 0.44 0.00 0.00 HOLD
6.374	>>> V 0.00 0.00
6.394	>>> V 0.00 0.00
6.396	S 20628815 -0.35 0.44 0.00 0.00 HOLD
6.414	>>> V 0.00 0.00
6.416	S 20628835 -0.26 0.44 0.00 0.00 HOLD
6.434	>>> V 0.00 0.00
6.435	S 20628855 -0.35 0.44 0.00 0.00 HOLD
6.456	>>> V 0.00 0.00
6.457	S 20628875 -0.26 0.44 0.00 0.00 HOLD
6.460	S 20628895 -0.26 0.44 0.00 0.00 HOLD
6.475	>>> V 0.00 0.00
6.494	>>> V 0.00 0.00
6.496	S 20628915 -0.35 0.44 0.00 0.00 HOLD
6.515	>>> V 0.00 0.00
6.516	S 20628935 -0.35 0.44 0.00 0.00 HOLD
6.534	>>> V 0.00 0.00
6.535	S 20628955 -0.26 0.44 0.00 0.00 HOLD
6.556	>>> V 0.00 0.00
6.557	S 20628975 -0.35 0.44 0.00 0.00 HOLD
6.560	S 20628995 -0.26 0.44 0.00 0.00 HOLD
6.575	>>> V 0.00 0.00
6.595	>>> V 0.00 0.00
6.596	S 20629015 -0.26 0.44 0.00 0.00 HOLD
6.615	>>> V 0.00 0.00
6.615	S 20629035 -0.26 0.44 0.00 0.00 HOLD
6.634	>>> V 0.00 0.00
6.635	S 20629055 -0.35 0.44 0.00 0.00 HOLD
6.657	>>> V 0.00 0.00
6.658	S 20629075 -0.35 0.44 0.00 0.00 HOLD
6.662	S 20629095 -0.35 0.44 0.00 0.00 HOLD
6.675	>>> V 0.00 0.00
6.695	>>> V 0.00 0.00
6.697	S 20629115 -0.35 0.44 0.00 0.00 HOLD
6.698	S 20629135 -0.26 0.44 0.00 0.00 HOLD
6.715	>>> V 0.00 0.00
6.735	>>> V 0.00 0.00
6.735	S 20629155 -0.26 0.44 0.00 0.00 HOLD
6.755	>>> V 0.00 0.00
6.756	S 20629175 -0.26 0.44 0.00 0.00 HOLD
6.775	>>> V 0.00 0.00
6.776	S 20629195 -0.26 0.44 0.00 0.00 HOLD
6.795	>>> V 0.00 0.00
6.796	S 20629215 -0.35 0.44 0.00 0.00 HOLD
6.818	>>> V 0.00 0.00
6.818	S 20629235 -0.26 0.44 0.00 0.00 HOLD
6.821	S 20629255 -0.26 0.44 0.00 0.00 HOLD
6.835	>>> V 0.00 0.00
6.855	>>> V 0.00 0.00
6.855	S 20629275 -0.35 0.44 0.00 0.00 HOLD
6.876	>>> V 0.00 0.00
6.876	S 20629295 -0.35 0.44 0.00 0.00 HOLD
6.894	>>> V 0.00 0.00
6.895	S 20629315 -0.26 0.44 0.00 0.00 HOLD
6.915	>>> V 0.00 0.00
6.917	S 20629335 -0.26 0.44 0.00 0.00 HOLD
6.934	>>> V 0.00 0.00
6.935	S 20629355 -0.35 0.44 0.00 0.00 HOLD
6.955	>>> V 0.00 0.00
6.957	S 20629375 -0.35 0.44 0.00 0.00 HOLD
6.959	S 20629395 -0.26 0.44 0.00 0.00 HOLD
6.974	>>> V 0.00 0.00
6.995	>>> V 0.00 0.00
6.996	S 20629415 -0.26 0.44 0.00 0.00 HOLD
7.014	>>> V 0.00 0.00
7.015	S 20629435 -0.26 0.44 0.00 0.00 HOLD
7.034	>>> V 0.00 0.00
7.035	S 20629455 -0.35 0.44 0.00 0.00 HOLD
7.055	>>> V 0.00 0.00
7.055	S 20629475 -0.35 0.44 0.00 0.00 HOLD
7.074	>>> V 0.00 0.00
7.075	S 20629495 -0.26 0.44 0.00 0.00 HOLD
7.095	>>> V 0.00 0.00
7.096	S 20629515 -0.26 0.44 0.00 0.00 HOLD
7.115	>>> V 0.00 0.00
7.115	S 20629535 -0.26 0.44 0.00 0.00 HOLD
7.137	>>> V 0.00 0.00
7.138	S 20629555 -0.35 0.44 0.00 0.00 HOLD
7.141	S 20629575 -0.35 0.44 0.00 0.00 HOLD
7.155	>>> V 0.00 0.00
7.174	>>> V 0.00 0.00
7.175	S 20629595 -0.26 0.44 0.00 0.00 HOLD
7.196	>>> V 0.00 0.00
7.197	S 20629615 -0.26 0.44 0.00 0.00 HOLD
7.201	S 20629635 -0.26 0.44 0.00 0.00 HOLD
7.214	>>> V 0.00 0.00
7.235	>>> V 0.00 0.00
7.235	S 20629655 -0.26 0.44 0.00 0.00 HOLD
7.255	>>> V 0.00 0.00
7.255	S 20629675 -0.35 0.44 0.00 0.00 HOLD
7.276	>>> V 0.00 0.00
7.276	S 20629695 -0.26 0.44 0.00 0.00 HOLD
7.294	>>> V 0.00 0.00
7.295	S 20629715 -0.26 0.44 0.00 0.00 HOLD
7.314	>>> V 0.00 0.00
7.315	S 20629735 -0.35 0.44 0.00 0.00 HOLD
7.335	>>> V 0.00 0.00
7.336	S 20629755 -0.26 0.44 0.00 0.00 HOLD
7.354	>>> V 0.00 0.00
7.355	S 20629775 -0.26 0.44 0.00 0.00 HOLD
7.375	>>> V 0.00 0.00
7.375	S 20629795 -0.35 0.44 0.00 0.00 HOLD
7.395	>>> V 0.00 0.00
7.395	S 20629815 -0.26 0.44 0.00 0.00 HOLD
7.414	>>> V 0.00 0.00
7.415	S 20629835 -0.35 0.44 0.00 0.00 HOLD
7.435	>>> V 0.00 0.00
7.436	S 20629855 -0.26 0.44 0.00 0.00 HOLD
7.455	>>> V 0.00 0.00
7.455	S 20629875 -0.26 0.44 0.00 0.00 HOLD
7.475	>>> V 0.00 0.00
7.477	S 20629895 -0.35 0.44 0.00 0.00 HOLD
7.481	S 20629915 -0.26 0.44 0.00 0.00 HOLD
7.495	>>> V 0.00 0.00
7.516	>>> V 0.00 0.00
7.516	S 20629935 -0.35 0.44 0.00 0.00 HOLD
7.535	>>> V 0.00 0.00
7.536	S 20629955 -0.26 0.44 0.00 0.00 HOLD
7.555	>>> V 0.00 0.00
7.555	S 20629975 -0.35 0.44 0.00 0.00 HOLD
7.574	>>> V 0.00 0.00
7.575	S 20629995 -0.26 0.44 0.00 0.00 HOLD
7.595	>>> V 0.00 0.00
7.595	S 20630015 -0.35 0.44 0.00 0.00 HOLD
7.615	>>> V 0.00 0.00
7.616	S 20630035 -0.35 0.44 0.00 0.00 HOLD
7.634	>>> V 0.00 0.00
7.635	S 20630055 -0.35 0.44 0.00 0.00 HOLD
7.656	>>> V 0.00 0.00
7.657	S 20630075 -0.26 0.44 0.00 0.00 HOLD
7.660	S 20630095 -0.26 0.44 0.00 0.00 HOLD
7.675	>>> V 0.00 0.00
7.696	>>> V 0.00 0.00
7.696	S 20630115 -0.35 0.44 0.00 0.00 HOLD
7.716	>>> V 0.00 0.00
7.717	S 20630135 -0.35 0.44 0.00 0.00 HOLD
7.718	S 20630155 -0.26 0.44 0.00 0.00 HOLD
7.735	>>> V 0.00 0.00
7.755	>>> V 0.00 0.00
7.755	S 20630175 -0.35 0.44 0.00 0.00 HOLD
7.775	>>> V 0.00 0.00
7.775	S 20630195 -0.35 0.44 0.00 0.00 HOLD
7.796	>>> V 0.00 0.00
7.796	S 20630215 -0.26 0.44 0.00 0.00 HOLD
7.815	>>> V 0.00 0.00
7.815	S 20630235 -0.35 0.44 0.00 0.00 HOLD
7.837	>>> V 0.00 0.00
7.837	S 20630255 -0.35 0.44 0.00 0.00 HOLD
7.842	S 20630275 -0.35 0.44 0.00 0.00 HOLD
7.855	>>> V 0.00 0.00
7.876	>>> V 0.00 0.00
7.876	S 20630295 -0.26 0.53 0.00 0.00 HOLD
7.894	>>> V 0.00 0.00
7.895	S 20630315 -0.35 0.44 0.00 0.00 HOLD
7.915	>>> V 0.00 0.00
7.915	S 20630335 -0.26 0.44 0.00 0.00 HOLD
7.937	>>> V 0.00 0.00
7.937	S 20630355 -0.35 0.44 0.00 0.00 HOLD
7.940	S 20630375 -0.35 0.44 0.00 0.00 HOLD
7.954	>>> V 0.00 0.00
7.975	>>> V 0.00 0.00
7.975	S 20630395 -0.26 0.53 0.00 0.00 HOLD
7.994	>>> V 0.00 0.00
7.995	S 20630415 -0.26 0.44 0.00 0.00 HOLD
8.016	>>> V 0.00 0.00
8.018	S 20630435 -0.26 0.44 0.00 0.00 HOLD
8.022	S 20630455 -0.26 0.44 0.00 0.00 HOLD
8.034	>>> V 0.00 0.00
8.056	>>> V 0.00 0.00
8.057	S 20630475 -0.26 0.44 0.00 0.00 HOLD
8.075	>>> V 0.00 0.00
8.075	S 20630495 -0.26 0.44 0.00 0.00 HOLD
8.095	>>> V 0.00 0.00
8.095	S 20630515 -0.26 0.44 0.00 0.00 HOLD
8.114	>>> V 0.00 0.00
8.117	S 20630535 -0.26 0.53 0.00 0.00 HOLD
8.134	>>> V 0.00 0.00
8.135	S 20630555 -0.26 0.53 0.00 0.00 HOLD
8.155	>>> V 0.00 0.00
8.156	S 20630575 -0.26 0.44 0.00 0.00 HOLD
8.175	>>> V 0.00 0.00
8.175	S 20630595 -0.26 0.44 0.00 0.00 HOLD
8.195	>>> V 0.00 0.00
8.196	S 20630615 -0.26 0.44 0.00 0.00 HOLD
8.215	>>> V 0.00 0.00
8.216	S 20630635 -0.35 0.44 0.00 0.00 HOLD
8.236	>>> V 0.00 0.00
8.236	S 20630655 -0.26 0.44 0.00 0.00 HOLD
8.254	>>> V 0.00 0.00
8.256	S 20630675 -0.26 0.44 0.00 0.00 HOLD
8.276	>>> V 0.00 0.00
8.276	S 20630695 -0.35 0.44 0.00 0.00 HOLD
8.295	>>> V 0.00 0.00
8.296	S 20630715 -0.26 0.44 0.00 0.00 HOLD
8.314	>>> V 0.00 0.00
8.315	S 20630735 -0.35 0.44 0.00 0.00 HOLD
8.335	>>> V 0.00 0.00
8.336	S 20630755 -0.26 0.44 0.00 0.00 HOLD
8.355	>>> V 0.00 0.00
8.355	S 20630775 -0.26 0.44 0.00 0.00 HOLD
8.377	>>> V 0.00 0.00
8.379	S 20630795 -0.26 0.44 0.00 0.00 HOLD
8.381	S 20630815 -0.35 0.44 0.00 0.00 HOLD
8.395	>>> V 0.00 0.00
8.416	>>> V 0.00 0.00
8.416	S 20630835 -0.26 0.44 0.00 0.00 HOLD
8.434	>>> V 0.00 0.00
8.436	S 20630855 -0.35 0.44 0.00 0.00 HOLD
8.454	>>> V 0.00 0.00
8.455	S 20630875 -0.26 0.44 0.00 0.00 HOLD
8.475	>>> V 0.00 0.00
8.476	S 20630895 -0.35 0.44 0.00 0.00 HOLD
8.495	>>> V 0.00 0.00
8.495	S 20630915 -0.26 0.44 0.00 0.00 HOLD
8.516	>>> V 0.00 0.00
8.517	S 20630935 -0.26 0.44 0.00 0.00 HOLD
8.519	S 20630955 -0.26 0.44 0.00 0.00 HOLD
8.534	>>> V 0.00 0.00
8.555	>>> V 0.00 0.00
8.555	S 20630975 -0.35 0.44 0.00 0.00 HOLD
8.574	>>> V 0.00 0.00
8.575	S 20630995 -0.26 0.44 0.00 0.00 HOLD
8.596	>>> V 0.00 0.00
8.597	S 20631015 -0.35 0.44 0.00 0.00 HOLD
8.602	S 20631035 -0.26 0.53 0.00 0.00 HOLD
8.615	>>> V 0.00 0.00
8.635	>>> V 0.00 0.00
8.637	S 20631055 -0.26 0.44 0.00 0.00 HOLD
8.655	>>> V 0.00 0.00
8.656	S 20631075 -0.26 0.44 0.00 0.00 HOLD
8.677	>>> V 0.00 0.00
8.678	S 20631095 -0.35 0.44 0.00 0.00 HOLD
8.679	S 20631115 -0.35 0.44 0.00 0.00 HOLD
8.695	>>> V 0.00 0.00
8.715	>>> V 0.00 0.00
8.717	S 20631135 -0.35 0.44 0.00 0.00 HOLD
8.718	S 20631155 -0.35 0.44 0.00 0.00 HOLD
8.735	>>> V 0.00 0.00
8.754	>>> V 0.00 0.00
8.755	S 20631175 -0.35 0.44 0.00 0.00 HOLD
8.777	>>> V 0.00 0.00
8.778	S 20631195 -0.26 0.44 0.00 0.00 HOLD
8.783	S 20631215 -0.26 0.44 0.00 0.00 HOLD
8.795	>>> V 0.00 0.00
8.817	>>> V 0.00 0.00
8.818	S 20631235 -0.35 0.53 0.00 0.00 HOLD
8.820	S 20631255 -0.35 0.44 0.00 0.00 HOLD
8.836	>>> V 0.00 0.00
8.855	>>> V 0.00 0.00
8.856	S 20631275 -0.35 0.44 0.00 0.00 HOLD
8.875	>>> V 0.00 0.00
8.877	S 20631295 -0.35 0.53 0.00 0.00 HOLD
8.882	S 20631315 -0.26 0.53 0.00 0.00 HOLD
8.894	>>> V 0.00 0.00
8.918	>>> V 0.00 0.00
8.918	S 20631335 -0.35 0.44 0.00 0.00 HOLD
8.922	S 20631355 -0.35 0.44 0.00 0.00 HOLD
8.935	>>> V 0.00 0.00
8.956	>>> V 0.00 0.00
8.957	S 20631375 -0.35 0.44 0.00 0.00 HOLD
8.977	>>> V 0.00 0.00
8.978	S 20631395 -0.26 0.44 0.00 0.00 HOLD
8.980	S 20631415 -0.35 0.44 0.00 0.00 HOLD
8.995	>>> V 0.00 0.00
9.015	>>> V 0.00 0.00
9.016	S 20631435 -0.26 0.44 0.00 0.00 HOLD
9.034	>>> V 0.00 0.00
9.036	S 20631455 -0.26 0.44 0.00 0.00 HOLD
9.056	>>> V 0.00 0.00
9.056	S 20631475 -0.26 0.44 0.00 0.00 HOLD
9.075	>>> V 0.00 0.00
9.076	S 20631495 -0.35 0.44 0.00 0.00 HOLD
9.095	>>> V 0.00 0.00
9.095	S 20631515 -0.35 0.44 0.00 0.00 HOLD
9.116	>>> V 0.00 0.00
9.116	S 20631535 -0.26 0.44 0.00 0.00 HOLD
9.134	>>> V 0.00 0.00
9.135	S 20631555 -0.26 0.44 0.00 0.00 HOLD
9.156	>>> V 0.00 0.00
9.157	S 20631575 -0.35 0.44 0.00 0.00 HOLD
9.175	>>> V 0.00 0.00
9.175	S 20631595 -0.26 0.44 0.00 0.00 HOLD
9.195	>>> V 0.00 0.00
9.196	S 20631615 -0.35 0.44 0.00 0.00 HOLD
9.214	>>> V 0.00 0.00
9.215	S 20631635 -0.26 0.44 0.00 0.00 HOLD
9.235	>>> V 0.00 0.00
9.235	S 20631655 -0.26 0.44 0.00 0.00 HOLD
9.259	>>> V 0.00 0.00
9.260	S 20631675 -0.26 0.53 0.00 0.00 HOLD
9.263	S 20631695 -0.35 0.44 0.00 0.00 HOLD
9.275	>>> V 0.00 0.00
9.295	>>> V 0.00 0.00
9.297	S 20631715 -0.35 0.44 0.00 0.00 HOLD
9.315	>>> V 0.00 0.00
9.315	S 20631735 -0.26 0.44 0.00 0.00 HOLD
9.335	>>> V 0.00 0.00
9.335	S 20631755 -0.26 0.44 0.00 0.00 HOLD
9.356	>>> V 0.00 0.00
9.357	S 20631775 -0.35 0.44 0.00 0.00 HOLD
9.375	>>> V 0.00 0.00
9.375	S 20631795 -0.35 0.44 0.00 0.00 HOLD
9.394	>>> V 0.00 0.00
9.395	S 20631815 -0.35 0.44 0.00 0.00 HOLD
9.414	>>> V 0.00 0.00
9.415	S 20631835 -0.35 0.44 0.00 0.00 HOLD
9.436	>>> V 0.00 0.00
9.437	S 20631855 -0.35 0.44 0.00 0.00 HOLD
9.440	S 20631875 -0.26 0.44 0.00 0.00 HOLD
9.455	>>> V 0.00 0.00
9.476	>>> V 0.00 0.00
9.477	S 20631895 -0.26 0.44 0.00 0.00 HOLD
9.494	>>> V 0.00 0.00
9.495	S 20631915 -0.35 0.44 0.00 0.00 HOLD
9.516	>>> V 0.00 0.00
9.516	S 20631935 -0.26 0.44 0.00 0.00 HOLD
9.535	>>> V 0.00 0.00
9.535	S 20631955 -0.35 0.44 0.00 0.00 HOLD
9.555	>>> V 0.00 0.00
9.556	S 20631975 -0.35 0.44 0.00 0.00 HOLD
9.575	>>> V 0.00 0.00
9.577	S 20631995 -0.35 0.44 0.00 0.00 HOLD
9.594	>>> V 0.00 0.00
9.597	S 20632015 -0.26 0.44 0.00 0.00 HOLD
9.600	S 20632035 -0.35 0.44 0.00 0.00 HOLD
9.618	>>> V 0.00 0.00
9.619	S 20632055 -0.35 0.44 0.00 0.00 HOLD
9.636	>>> V 0.00 0.00
9.637	S 20632075 -0.35 0.44 0.00 0.00 HOLD
9.655	>>> V 0.00 0.00
9.676	>>> V 0.00 0.00
9.676	S 20632095 -0.26 0.44 0.00 0.00 HOLD
9.695	>>> V 0.00 0.00
9.698	S 20632115 -0.26 0.44 0.00 0.00 HOLD
9.699	S 20632135 -0.26 0.44 0.00 0.00 HOLD
9.717	>>> V 0.00 0.00
9.718	S 20632155 -0.35 0.44 0.00 0.00 HOLD
9.734	>>> V 0.00 0.00
9.755	>>> V 0.00 0.00
9.756	S 20632175 -0.26 0.44 0.00 0.00 HOLD
9.776	>>> V 0.00 0.00
9.777	S 20632195 -0.26 0.44 0.00 0.00 HOLD
9.781	S 20632215 -0.26 0.44 0.00 0.00 HOLD
9.794	>>> V 0.00 0.00
9.814	>>> V 0.00 0.00
9.815	S 20632235 -0.26 0.44 0.00 0.00 HOLD
9.836	>>> V 0.00 0.00
9.836	S 20632255 -0.35 0.44 0.00 0.00 HOLD
9.855	>>> V 0.00 0.00
9.855	S 20632275 -0.35 0.44 0.00 0.00 HOLD
9.876	>>> V 0.00 0.00
9.877	S 20632295 -0.26 0.44 0.00 0.00 HOLD
9.895	>>> V 0.00 0.00
9.896	S 20632315 -0.26 0.44 0.00 0.00 HOLD
9.916	>>> V 0.00 0.00
9.916	S 20632335 -0.26 0.44 0.00 0.00 HOLD
9.935	>>> V 0.00 0.00
9.935	S 20632355 -0.26 0.44 0.00 0.00 HOLD
9.955	>>> V 0.00 0.00
9.955	S 20632375 -0.26 0.44 0.00 0.00 HOLD
9.978	>>> V 0.00 0.00
9.979	S 20632395 -0.35 0.53 0.00 0.00 HOLD
9.980	S 20632415 -0.26 0.44 0.00 0.00 HOLD
9.995	>>> V 0.00 0.00
10.017	>>> V 0.00 0.00
10.018	S 20632435 -0.26 0.44 0.00 0.00 HOLD
10.020	S 20632455 -0.26 0.44 0.00 0.00 HOLD
10.035	>>> V 0.00 0.00
10.054	>>> V 0.00 0.00
10.055	S 20632475 -0.26 0.44 0.00 0.00 HOLD
10.076	>>> V 0.00 0.00
10.077	S 20632495 -0.26 0.44 0.00 0.00 HOLD
10.096	>>> V 0.00 0.00
10.096	S 20632515 -0.26 0.44 0.00 0.00 HOLD
10.115	>>> V 0.00 0.00
10.116	S 20632535 -0.35 0.44 0.00 0.00 HOLD
10.135	>>> V 0.00 0.00
10.137	S 20632555 -0.26 0.44 0.00 0.00 HOLD
10.155	>>> V 0.00 0.00
10.155	S 20632576 -0.35 0.44 0.00 0.00 HOLD
10.174	>>> V 0.00 0.00
10.174	S 20632596 -0.35 0.44 0.00 0.00 HOLD
10.195	>>> V 0.00 0.00
10.195	S 20632616 -0.26 0.44 0.00 0.00 HOLD
10.214	>>> V 0.00 0.00
10.215	S 20632636 -0.35 0.44 0.00 0.00 HOLD
10.235	>>> V 0.00 0.00
10.236	S 20632656 -0.35 0.53 0.00 0.00 HOLD
10.254	>>> V 0.00 0.00
10.255	S 20632676 -0.26 0.44 0.00 0.00 HOLD
10.279	>>> V 0.00 0.00
10.280	S 20632696 -0.35 0.44 0.00 0.00 HOLD
10.284	S 20632716 -0.35 0.44 0.00 0.00 HOLD
10.294	>>> V 0.00 0.00
10.316	>>> V 0.00 0.00
10.317	S 20632736 -0.26 0.44 0.00 0.00 HOLD
10.320	S 20632756 -0.35 0.44 0.00 0.00 HOLD
10.335	>>> V 0.00 0.00
10.355	>>> V 0.00 0.00
10.356	S 20632776 -0.26 0.44 0.00 0.00 HOLD
10.374	>>> V 0.00 0.00
10.376	S 20632796 -0.35 0.44 0.00 0.00 HOLD
10.394	>>> V 0.00 0.00
10.395	S 20632816 -0.35 0.44 0.00 0.00 HOLD
10.414	>>> V 0.00 0.00
10.415	S 20632836 -0.26 0.44 0.00 0.00 HOLD
10.435	>>> V 0.00 0.00
10.435	S 20632856 -0.26 0.53 0.00 0.00 HOLD
10.454	>>> V 0.00 0.00
10.456	S 20632876 -0.35 0.44 0.00 0.00 HOLD
10.476	>>> V 0.00 0.00
10.477	S 20632896 -0.35 0.44 0.00 0.00 HOLD
10.494	>>> V 0.00 0.00
10.495	S 20632916 -0.35 0.44 0.00 0.00 HOLD
10.516	>>> V 0.00 0.00
10.517	S 20632936 -0.35 0.44 0.00 0.00 HOLD
10.535	>>> V 0.00 0.00
10.535	S 20632956 -0.35 0.44 0.00 0.00 HOLD
10.556	>>> V 0.00 0.00
10.558	S 20632976 -0.26 0.44 0.00 0.00 HOLD
10.560	S 20632996 -0.35 0.44 0.00 0.00 HOLD
10.575	>>> V 0.00 0.00
10.594	>>> V 0.00 0.00
10.595	S 20633016 -0.35 0.44 0.00 0.00 HOLD
10.614	>>> V 0.00 0.00
10.615	S 20633036 -0.35 0.44 0.00 0.00 HOLD
10.635	>>> V 0.00 0.00
10.635	S 20633056 -0.26 0.44 0.00 0.00 HOLD
10.654	>>> V 0.00 0.00
10.655	S 20633076 -0.35 0.44 0.00 0.00 HOLD
10.675	>>> V 0.00 0.00
10.676	S 20633096 -0.26 0.44 0.00 0.00 HOLD
10.694	>>> V 0.00 0.00
10.695	S 20633116 -0.35 0.44 0.00 0.00 HOLD
10.716	>>> V 0.00 0.00
10.716	S 20633136 -0.26 0.44 0.00 0.00 HOLD
10.734	>>> V 0.00 0.00
10.735	S 20633156 -0.35 0.44 0.00 0.00 HOLD
10.754	>>> V 0.00 0.00
10.755	S 20633176 -0.26 0.44 0.00 0.00 HOLD
10.774	>>> V 0.00 0.00
10.774	S 20633196 -0.26 0.44 0.00 0.00 HOLD
10.795	>>> V 0.00 0.00
10.797	S 20633216 -0.35 0.44 0.00 0.00 HOLD
10.803	S 20633236 -0.26 0.44 0.00 0.00 HOLD
10.815	>>> V 0.00 0.00
10.836	>>> V 0.00 0.00
10.836	S 20633256 -0.26 0.44 0.00 0.00 HOLD
10.854	>>> V 0.00 0.00
10.855	S 20633276 -0.26 0.44 0.00 0.00 HOLD
10.875	>>> V 0.00 0.00
10.877	S 20633296 -0.26 0.44 0.00 0.00 HOLD
10.895	>>> V 0.00 0.00
10.896	S 20633316 -0.35 0.44 0.00 0.00 HOLD
10.916	>>> V 0.00 0.00
10.917	S 20633336 -0.26 0.44 0.00 0.00 HOLD
10.935	>>> V 0.00 0.00
10.935	S 20633356 -0.35 0.44 0.00 0.00 HOLD
10.956	>>> V 0.00 0.00
10.956	S 20633376 -0.26 0.44 0.00 0.00 HOLD
10.974	>>> V 0.00 0.00
10.975	S 20633396 -0.26 0.44 0.00 0.00 HOLD
10.995	>>> V 0.00 0.00
10.995	S 20633416 -0.35 0.44 0.00 0.00 HOLD
11.014	>>> V 0.00 0.00
11.016	S 20633436 -0.26 0.44 0.00 0.00 HOLD
11.034	>>> V 0.00 0.00
11.035	S 20633456 -0.35 0.44 0.00 0.00 HOLD
11.055	>>> V 0.00 0.00
11.056	S 20633476 -0.35 0.44 0.00 0.00 HOLD
11.074	>>> V 0.00 0.00
11.075	S 20633496 -0.35 0.44 0.00 0.00 HOLD
11.095	>>> V 0.00 0.00
11.095	S 20633516 -0.35 0.44 0.00 0.00 HOLD
11.114	>>> V 0.00 0.00
11.115	S 20633536 -0.35 0.44 0.00 0.00 HOLD
11.135	>>> V 0.00 0.00
11.136	S 20633556 -0.35 0.44 0.00 0.00 HOLD
11.154	>>> V 0.00 0.00
11.154	S 20633576 -0.26 0.44 0.00 0.00 HOLD
11.175	>>> V 0.00 0.00
11.175	S 20633596 -0.35 0.44 0.00 0.00 HOLD
11.194	>>> V 0.00 0.00
11.195	S 20633616 -0.26 0.44 0.00 0.00 HOLD
11.216	>>> V 0.00 0.00
11.216	S 20633636 -0.35 0.44 0.00 0.00 HOLD
11.235	>>> V 0.00 0.00
11.235	S 20633656 -0.35 0.44 0.00 0.00 HOLD
11.258	>>> V 0.00 0.00
11.258	S 20633676 -0.26 0.44 0.00 0.00 HOLD
11.260	S 20633696 -0.26 0.44 0.00 0.00 HOLD
11.275	>>> V 0.00 0.00
11.294	>>> V 0.00 0.00
11.296	S 20633716 -0.26 0.44 0.00 0.00 HOLD
11.314	>>> V 0.00 0.00
11.315	S 20633736 -0.26 0.44 0.00 0.00 HOLD
11.334	>>> V 0.00 0.00
11.335	S 20633756 -0.35 0.44 0.00 0.00 HOLD
11.357	>>> V 0.00 0.00
11.358	S 20633776 -0.26 0.44 0.00 0.00 HOLD
11.363	S 20633796 -0.35 0.44 0.00 0.00 HOLD
11.374	>>> V 0.00 0.00
11.396	>>> V 0.00 0.00
11.397	S 20633816 -0.26 0.44 0.00 0.00 HOLD
11.401	S 20633836 -0.35 0.44 0.00 0.00 HOLD
11.414	>>> V 0.00 0.00
11.437	>>> V 0.00 0.00
11.437	S 20633856 -0.26 0.44 0.00 0.00 HOLD
11.438	S 20633876 -0.35 0.44 0.00 0.00 HOLD
11.455	>>> V 0.00 0.00
11.475	>>> V 0.00 0.00
11.475	S 20633896 -0.35 0.44 0.00 0.00 HOLD
11.495	>>> V 0.00 0.00
11.495	S 20633916 -0.35 0.44 0.00 0.00 HOLD
11.514	>>> V 0.00 0.00
11.515	S 20633936 -0.35 0.44 0.00 0.00 HOLD
11.535	>>> V 0.00 0.00
11.536	S 20633956 -0.26 0.44 0.00 0.00 HOLD
11.554	>>> V 0.00 0.00
11.555	S 20633976 -0.26 0.44 0.00 0.00 HOLD
11.575	>>> V 0.00 0.00
11.575	S 20633996 -0.26 0.44 0.00 0.00 HOLD
11.594	>>> V 0.00 0.00
11.595	S 20634016 -0.26 0.44 0.00 0.00 HOLD
11.615	>>> V 0.00 0.00
11.617	S 20634036 -0.26 0.44 0.00 0.00 HOLD
11.635	>>> V 0.00 0.00
11.635	S 20634056 -0.35 0.44 0.00 0.00 HOLD
11.656	>>> V 0.00 0.00
11.657	S 20634076 -0.26 0.44 0.00 0.00 HOLD
11.676	>>> V 0.00 0.00
11.676	S 20634096 -0.35 0.44 0.00 0.00 HOLD
11.695	>>> V 0.00 0.00
11.695	S 20634116 -0.26 0.44 0.00 0.00 HOLD
11.715	>>> V 0.00 0.00
11.716	S 20634136 -0.35 0.44 0.00 0.00 HOLD
11.734	>>> V 0.00 0.00
11.735	S 20634156 -0.26 0.44 0.00 0.00 HOLD
11.756	>>> V 0.00 0.00
11.756	S 20634176 -0.26 0.44 0.00 0.00 HOLD
11.774	>>> V 0.00 0.00
11.775	S 20634196 -0.26 0.44 0.00 0.00 HOLD
11.796	>>> V 0.00 0.00
11.796	S 20634216 -0.35 0.44 0.00 0.00 HOLD
11.815	>>> V 0.00 0.00
11.815	S 20634236 -0.26 0.44 0.00 0.00 HOLD
11.836	>>> V 0.00 0.00
11.837	S 20634256 -0.35 0.44 0.00 0.00 HOLD
11.855	>>> V 0.00 0.00
11.856	S 20634276 -0.26 0.44 0.00 0.00 HOLD
11.876	>>> V 0.00 0.00
11.876	S 20634296 -0.26 0.44 0.00 0.00 HOLD
11.895	>>> V 0.00 0.00
11.895	S 20634316 -0.26 0.44 0.00 0.00 HOLD
11.915	>>> V 0.00 0.00
11.916	S 20634336 -0.35 0.44 0.00 0.00 HOLD
11.934	>>> V 0.00 0.00
11.935	S 20634356 -0.35 0.44 0.00 0.00 HOLD
11.955	>>> V 0.00 0.00
11.955	S 20634376 -0.26 0.44 0.00 0.00 HOLD
11.975	>>> V 0.00 0.00
11.976	S 20634396 -0.35 0.53 0.00 0.00 HOLD
11.994	>>> V 0.00 0.00
11.995	S 20634416 -0.26 0.44 0.00 0.00 HOLD
12.015	>>> V 0.00 0.00
12.016	S 20634436 -0.35 0.44 0.00 0.00 HOLD
12.034	>>> V 0.00 0.00
12.035	S 20634456 -0.26 0.44 0.00 0.00 HOLD
12.056	>>> V 0.00 0.00
12.057	S 20634476 -0.35 0.44 0.00 0.00 HOLD
12.075	>>> V 0.00 0.00
12.075	S 20634496 -0.35 0.44 0.00 0.00 HOLD
12.096	>>> V 0.00 0.00
12.097	S 20634516 -0.35 0.44 0.00 0.00 HOLD
12.115	>>> V 0.00 0.00
12.116	S 20634536 -0.35 0.44 0.00 0.00 HOLD
12.135	>>> V 0.00 0.00
12.137	S 20634556 -0.35 0.44 0.00 0.00 HOLD
12.155	>>> V 0.00 0.00
12.156	S 20634576 -0.35 0.44 0.00 0.00 HOLD
12.178	>>> V 0.00 0.00
12.180	S 20634596 -0.26 0.44 0.00 0.00 HOLD
12.182	S 20634616 -0.26 0.44 0.00 0.00 HOLD
12.194	>>> V 0.00 0.00
12.214	>>> V 0.00 0.00
12.215	S 20634636 -0.26 0.44 0.00 0.00 HOLD
12.236	>>> V 0.00 0.00
12.236	S 20634656 -0.26 0.44 0.00 0.00 HOLD
12.254	>>> V 0.00 0.00
12.255	S 20634676 -0.26 0.44 0.00 0.00 HOLD
12.275	>>> V 0.00 0.00
12.275	S 20634696 -0.35 0.44 0.00 0.00 HOLD
12.295	>>> V 0.00 0.00
12.295	S 20634716 -0.35 0.44 0.00 0.00 HOLD
12.316	>>> V 0.00 0.00
12.317	S 20634736 -0.26 0.44 0.00 0.00 HOLD
12.335	>>> V 0.00 0.00
12.336	S 20634756 -0.26 0.44 0.00 0.00 HOLD
12.355	>>> V 0.00 0.00
12.355	S 20634776 -0.35 0.44 0.00 0.00 HOLD
12.376	>>> V 0.00 0.00
12.376	S 20634796 -0.35 0.44 0.00 0.00 HOLD
12.396	>>> V 0.00 0.00
12.396	S 20634816 -0.26 0.44 0.00 0.00 HOLD
12.415	>>> V 0.00 0.00
12.416	S 20634836 -0.35 0.44 0.00 0.00 HOLD
12.434	>>> V 0.00 0.00
12.435	S 20634856 -0.35 0.44 0.00 0.00 HOLD
12.455	>>> V 0.00 0.00
12.455	S 20634876 -0.35 0.44 0.00 0.00 HOLD
12.475	>>> V 0.00 0.00
12.475	S 20634896 -0.26 0.44 0.00 0.00 HOLD
12.495	>>> V 0.00 0.00
12.495	S 20634916 -0.35 0.44 0.00 0.00 HOLD
12.515	>>> V 0.00 0.00
12.515	S 20634936 -0.26 0.44 0.00 0.00 HOLD
12.536	>>> V 0.00 0.00
12.537	S 20634956 -0.26 0.44 0.00 0.00 HOLD
12.554	>>> V 0.00 0.00
12.555	S 20634976 -0.35 0.44 0.00 0.00 HOLD
12.575	>>> V 0.00 0.00
12.575	S 20634996 -0.26 0.44 0.00 0.00 HOLD
12.594	>>> V 0.00 0.00
12.595	S 20635016 -0.26 0.44 0.00 0.00 HOLD
12.615	>>> V 0.00 0.00
12.616	S 20635036 -0.26 0.53 0.00 0.00 HOLD
12.634	>>> V 0.00 0.00
12.635	S 20635056 -0.35 0.44 0.00 0.00 HOLD
12.656	>>> V 0.00 0.00
12.657	S 20635076 -0.35 0.44 0.00 0.00 HOLD
12.675	>>> V 0.00 0.00
12.675	S 20635096 -0.26 0.44 0.00 0.00 HOLD
12.697	>>> V 0.00 0.00
12.698	S 20635116 -0.26 0.44 0.00 0.00 HOLD
12.700	S 20635136 -0.26 0.44 0.00 0.00 HOLD
12.715	>>> V 0.00 0.00
12.735	>>> V 0.00 0.00
12.736	S 20635156 -0.26 0.44 0.00 0.00 HOLD
12.755	>>> V 0.00 0.00
12.755	S 20635176 -0.26 0.44 0.00 0.00 HOLD
12.775	>>> V 0.00 0.00
12.775	S 20635196 -0.35 0.44 0.00 0.00 HOLD
12.795	>>> V 0.00 0.00
12.795	S 20635216 -0.26 0.44 0.00 0.00 HOLD
12.816	>>> V 0.00 0.00
12.816	S 20635236 -0.26 0.44 0.00 0.00 HOLD
12.835	>>> V 0.00 0.00
12.835	S 20635256 -0.35 0.44 0.00 0.00 HOLD
12.856	>>> V 0.00 0.00
12.857	S 20635276 -0.26 0.44 0.00 0.00 HOLD
12.875	>>> V 0.00 0.00
12.875	S 20635296 -0.26 0.44 0.00 0.00 HOLD
12.895	>>> V 0.00 0.00
12.895	S 20635316 -0.26 0.44 0.00 0.00 HOLD
12.914	>>> V 0.00 0.00
12.916	S 20635336 -0.26 0.44 0.00 0.00 HOLD
12.935	>>> V 0.00 0.00
12.935	S 20635356 -0.35 0.44 0.00 0.00 HOLD
12.956	>>> V 0.00 0.00
12.956	S 20635376 -0.35 0.44 0.00 0.00 HOLD
12.975	>>> V 0.00 0.00
12.976	S 20635396 -0.35 0.44 0.00 0.00 HOLD
12.994	>>> V 0.00 0.00
12.995	S 20635416 -0.35 0.44 0.00 0.00 HOLD
13.015	>>> V 0.00 0.00
13.015	S 20635436 -0.35 0.44 0.00 0.00 HOLD
13.035	>>> V 0.00 0.00
13.035	S 20635456 -0.26 0.44 0.00 0.00 HOLD
13.054	>>> V 0.00 0.00
13.055	S 20635476 -0.26 0.44 0.00 0.00 HOLD
13.081	>>> V 0.00 0.00
13.081	S 20635496 -0.35 0.44 0.00 0.00 HOLD
13.084	S 20635516 -0.35 0.44 0.00 0.00 HOLD
13.095	>>> V 0.00 0.00
13.118	>>> V 0.00 0.00
13.118	S 20635536 -0.26 0.44 0.00 0.00 HOLD
13.120	S 20635556 -0.35 0.44 0.00 0.00 HOLD
13.135	>>> V 0.00 0.00
13.157	>>> V 0.00 0.00
13.158	S 20635576 -0.26 0.44 0.00 0.00 HOLD
13.160	S 20635596 -0.35 0.44 0.00 0.00 HOLD
13.175	>>> V 0.00 0.00
13.195	>>> V 0.00 0.00
13.195	S 20635616 -0.26 0.44 0.00 0.00 HOLD
13.216	>>> V 0.00 0.00
13.217	S 20635636 -0.26 0.44 0.00 0.00 HOLD
13.235	>>> V 0.00 0.00
13.235	S 20635656 -0.26 0.44 0.00 0.00 HOLD
13.256	>>> V 0.00 0.00
13.257	S 20635676 -0.26 0.44 0.00 0.00 HOLD
13.278	>>> V 0.00 0.00
13.279	S 20635696 -0.26 0.44 0.00 0.00 HOLD
13.282	S 20635716 -0.26 0.44 0.00 0.00 HOLD
13.295	>>> V 0.00 0.00
13.315	>>> V 0.00 0.00
13.315	S 20635736 -0.26 0.44 0.00 0.00 HOLD
13.335	>>> V 0.00 0.00
13.335	S 20635756 -0.35 0.44 0.00 0.00 HOLD
13.356	>>> V 0.00 0.00
13.357	S 20635776 -0.35 0.44 0.00 0.00 HOLD
13.376	>>> V 0.00 0.00
13.376	S 20635796 -0.26 0.53 0.00 0.00 HOLD
13.395	>>> V 0.00 0.00
13.395	S 20635816 -0.26 0.44 0.00 0.00 HOLD
13.415	>>> V 0.00 0.00
13.416	S 20635836 -0.35 0.44 0.00 0.00 HOLD
13.435	>>> V 0.00 0.00
13.435	S 20635856 -0.26 0.44 0.00 0.00 HOLD
13.457	>>> V 0.00 0.00
13.458	S 20635876 -0.35 0.44 0.00 0.00 HOLD
13.464	S 20635896 -0.26 0.44 0.00 0.00 HOLD
13.476	>>> V 0.00 0.00
13.478	S 20635916 -0.35 0.44 0.00 0.00 HOLD
13.498	>>> V 0.00 0.00
13.498	S 20635936 -0.26 0.44 0.00 0.00 HOLD
13.515	>>> V 0.00 0.00
13.534	>>> V 0.00 0.00
13.535	S 20635956 -0.35 0.44 0.00 0.00 HOLD
13.555	>>> V 0.00 0.00
13.556	S 20635976 -0.26 0.44 0.00 0.00 HOLD
13.576	>>> V 0.00 0.00
13.577	S 20635996 -0.26 0.44 0.00 0.00 HOLD
13.595	>>> V 0.00 0.00
13.595	S 20636016 -0.35 0.44 0.00 0.00 HOLD
13.615	>>> V 0.00 0.00
13.616	S 20636036 -0.26 0.44 0.00 0.00 HOLD
13.634	>>> V 0.00 0.00
13.635	S 20636056 -0.35 0.53 0.00 0.00 HOLD
13.654	>>> V 0.00 0.00
13.655	S 20636076 -0.26 0.44 0.00 0.00 HOLD
13.676	>>> V 0.00 0.00
13.676	S 20636096 -0.26 0.44 0.00 0.00 HOLD
13.694	>>> V 0.00 0.00
13.695	S 20636116 -0.35 0.44 0.00 0.00 HOLD
13.715	>>> V 0.00 0.00
13.716	S 20636136 -0.35 0.44 0.00 0.00 HOLD
13.735	>>> V 0.00 0.00
13.736	S 20636156 -0.35 0.44 0.00 0.00 HOLD
13.756	>>> V 0.00 0.00
13.757	S 20636176 -0.35 0.44 0.00 0.00 HOLD
13.775	>>> V 0.00 0.00
13.775	S 20636196 -0.26 0.44 0.00 0.00 HOLD
13.795	>>> V 0.00 0.00
13.795	S 20636216 -0.26 0.44 0.00 0.00 HOLD
13.814	>>> V 0.00 0.00
13.816	S 20636236 -0.35 0.44 0.00 0.00 HOLD
13.835	>>> V 0.00 0.00
13.835	S 20636256 -0.35 0.44 0.00 0.00 HOLD
13.855	>>> V 0.00 0.00
13.856	S 20636276 -0.35 0.44 0.00 0.00 HOLD
13.874	>>> V 0.00 0.00
13.875	S 20636296 -0.26 0.44 0.00 0.00 HOLD
13.896	>>> V 0.00 0.00
13.897	S 20636316 -0.26 0.44 0.00 0.00 HOLD
13.914	>>> V 0.00 0.00
13.915	S 20636336 -0.26 0.53 0.00 0.00 HOLD
13.935	>>> V 0.00 0.00
13.935	S 20636356 -0.35 0.44 0.00 0.00 HOLD
13.955	>>> V 0.00 0.00
13.955	S 20636376 -0.35 0.44 0.00 0.00 HOLD
13.976	>>> V 0.00 0.00
13.977	S 20636396 -0.26 0.44 0.00 0.00 HOLD
13.996	>>> V 0.00 0.00
13.996	S 20636416 -0.35 0.44 0.00 0.00 HOLD
14.015	>>> V 0.00 0.00
14.016	S 20636436 -0.35 0.53 0.00 0.00 HOLD
14.035	>>> V 0.00 0.00
14.035	S 20636456 -0.26 0.44 0.00 0.00 HOLD
14.055	>>> V 0.00 0.00
14.055	S 20636476 -0.35 0.44 0.00 0.00 HOLD
14.076	>>> V 0.00 0.00
14.076	S 20636496 -0.26 0.44 0.00 0.00 HOLD
14.095	>>> V 0.00 0.00
14.096	S 20636516 -0.35 0.44 0.00 0.00 HOLD
14.115	>>> V 0.00 0.00
14.115	S 20636536 -0.35 0.44 0.00 0.00 HOLD
14.134	>>> V 0.00 0.00
14.135	S 20636556 -0.26 0.44 0.00 0.00 HOLD
14.155	>>> V 0.00 0.00
14.155	S 20636576 -0.26 0.44 0.00 0.00 HOLD
14.175	>>> V 0.00 0.00
14.176	S 20636596 -0.26 0.44 0.00 0.00 HOLD
14.195	>>> V 0.00 0.00
14.195	S 20636616 -0.26 0.44 0.00 0.00 HOLD
14.217	>>> V 0.00 0.00
14.217	S 20636636 -0.26 0.44 0.00 0.00 HOLD
14.235	>>> V 0.00 0.00
14.236	S 20636656 -0.26 0.44 0.00 0.00 HOLD
14.258	>>> V 0.00 0.00
14.259	S 20636676 -0.26 0.44 0.00 0.00 HOLD
14.262	S 20636696 -0.35 0.44 0.00 0.00 HOLD
14.275	>>> V 0.00 0.00
14.296	>>> V 0.00 0.00
14.296	S 20636716 -0.26 0.44 0.00 0.00 HOLD
14.314	>>> V 0.00 0.00
14.317	S 20636736 -0.26 0.44 0.00 0.00 HOLD
14.335	>>> V 0.00 0.00
14.335	S 20636756 -0.26 0.44 0.00 0.00 HOLD
14.355	>>> V 0.00 0.00
14.355	S 20636776 -0.26 0.44 0.00 0.00 HOLD
14.374	>>> V 0.00 0.00
14.375	S 20636796 -0.26 0.44 0.00 0.00 HOLD
14.396	>>> V 0.00 0.00
14.397	S 20636816 -0.26 0.44 0.00 0.00 HOLD
14.416	>>> V 0.00 0.00
14.418	S 20636836 -0.26 0.53 0.00 0.00 HOLD
14.435	>>> V 0.00 0.00
14.436	S 20636856 -0.35 0.44 0.00 0.00 HOLD
14.455	>>> V 0.00 0.00
14.456	S 20636876 -0.26 0.44 0.00 0.00 HOLD
14.475	>>> V 0.00 0.00
14.475	S 20636896 -0.26 0.44 0.00 0.00 HOLD
14.496	>>> V 0.00 0.00
14.498	S 20636916 -0.26 0.44 0.00 0.00 HOLD
14.516	>>> V 0.00 0.00
14.517	S 20636936 -0.35 0.44 0.00 0.00 HOLD
14.536	>>> V 0.00 0.00
14.536	S 20636956 -0.26 0.44 0.00 0.00 HOLD
14.554	>>> V 0.00 0.00
14.556	S 20636976 -0.35 0.44 0.00 0.00 HOLD
14.575	>>> V 0.00 0.00
14.575	S 20636996 -0.35 0.44 0.00 0.00 HOLD
14.596	>>> V 0.00 0.00
14.598	S 20637016 -0.35 0.44 0.00 0.00 HOLD
14.615	>>> V 0.00 0.00
14.615	S 20637036 -0.35 0.44 0.00 0.00 HOLD
14.636	>>> V 0.00 0.00
14.637	S 20637056 -0.35 0.44 0.00 0.00 HOLD
14.656	>>> V 0.00 0.00
14.656	S 20637076 -0.35 0.44 0.00 0.00 HOLD
14.678	>>> V 0.00 0.00
14.678	S 20637096 -0.26 0.44 0.00 0.00 HOLD
14.679	S 20637116 -0.26 0.44 0.00 0.00 HOLD
14.694	>>> V 0.00 0.00
14.714	>>> V 0.00 0.00
14.715	S 20637136 -0.35 0.44 0.00 0.00 HOLD
14.736	>>> V 0.00 0.00
14.740	S 20637156 -0.26 0.44 0.00 0.00 HOLD
14.744	S 20637176 -0.35 0.44 0.00 0.00 HOLD
14.755	>>> V 0.00 0.00
14.776	>>> V 0.00 0.00
14.776	S 20637196 -0.35 0.44 0.00 0.00 HOLD
14.795	>>> V 0.00 0.00
14.797	S 20637216 -0.26 0.44 0.00 0.00 HOLD
14.814	>>> V 0.00 0.00
14.815	S 20637236 -0.26 0.44 0.00 0.00 HOLD
14.840	>>> V 0.00 0.00
14.842	S 20637256 -0.35 0.44 0.00 0.00 HOLD
14.845	S 20637276 -0.35 0.44 0.00 0.00 HOLD
14.855	>>> V 0.00 0.00
14.877	>>> V 0.00 0.00
14.877	S 20637296 -0.26 0.44 0.00 0.00 HOLD
14.895	>>> V 0.00 0.00
14.897	S 20637316 -0.35 0.44 0.00 0.00 HOLD
14.914	>>> V 0.00 0.00
14.915	S 20637336 -0.26 0.44 0.00 0.00 HOLD
14.936	>>> V 0.00 0.00
14.937	S 20637356 -0.26 0.44 0.00 0.00 HOLD
14.954	>>> V 0.00 0.00
14.955	S 20637376 -0.35 0.44 0.00 0.00 HOLD
14.978	>>> V 0.00 0.00
14.979	S 20637396 -0.35 0.44 0.00 0.00 HOLD
14.984	S 20637416 -0.26 0.44 0.00 0.00 HOLD
14.996	>>> V 0.00 0.00
15.016	>>> V 0.00 0.00
15.016	S 20637436 -0.26 0.53 0.00 0.00 HOLD
15.034	>>> V 0.00 0.00
15.035	S 20637456 -0.35 0.44 0.00 0.00 HOLD
15.054	>>> V 0.00 0.00
15.055	S 20637476 -0.26 0.44 0.00 0.00 HOLD
15.076	>>> V 0.00 0.00
15.077	S 20637496 -0.35 0.44 0.00 0.00 HOLD
15.094	>>> V 0.00 0.00
15.096	S 20637516 -0.26 0.44 0.00 0.00 HOLD
15.116	>>> V 0.00 0.00
15.117	S 20637536 -0.35 0.44 0.00 0.00 HOLD
15.135	>>> V 0.00 0.00
15.135	S 20637556 -0.26 0.44 0.00 0.00 HOLD
15.156	>>> V 0.00 0.00
15.156	S 20637576 -0.35 0.44 0.00 0.00 HOLD
15.175	>>> V 0.00 0.00
15.175	S 20637596 -0.35 0.44 0.00 0.00 HOLD
15.195	>>> V 0.00 0.00
15.195	S 20637616 -0.26 0.44 0.00 0.00 HOLD
15.216	>>> V 0.00 0.00
15.216	S 20637636 -0.35 0.44 0.00 0.00 HOLD
15.234	>>> V 0.00 0.00
15.235	S 20637656 -0.35 0.44 0.00 0.00 HOLD
15.254	>>> V 0.00 0.00
15.254	S 20637676 -0.26 0.44 0.00 0.00 HOLD
15.276	>>> V 0.00 0.00
15.277	S 20637696 -0.26 0.44 0.00 0.00 HOLD
15.294	>>> V 0.00 0.00
15.295	S 20637716 -0.35 0.44 0.00 0.00 HOLD
15.316	>>> V 0.00 0.00
15.317	S 20637736 -0.35 0.44 0.00 0.00 HOLD
15.335	>>> V 0.00 0.00
15.336	S 20637756 -0.26 0.44 0.00 0.00 HOLD
15.356	>>> V 0.00 0.00
15.357	S 20637776 -0.35 0.44 0.00 0.00 HOLD
15.376	>>> V 0.00 0.00
15.376	S 20637796 -0.26 0.44 0.00 0.00 HOLD
15.396	>>> V 0.00 0.00
15.397	S 20637816 -0.26 0.44 0.00 0.00 HOLD
15.415	>>> V 0.00 0.00
15.415	S 20637836 -0.26 0.44 0.00 0.00 HOLD
15.435	>>> V 0.00 0.00
15.436	S 20637856 -0.35 0.44 0.00 0.00 HOLD
15.455	>>> V 0.00 0.00
15.456	S 20637876 -0.35 0.44 0.00 0.00 HOLD
15.475	>>> V 0.00 0.00
15.475	S 20637896 -0.35 0.44 0.00 0.00 HOLD
15.495	>>> V 0.00 0.00
15.496	S 20637916 -0.35 0.44 0.00 0.00 HOLD
15.514	>>> V 0.00 0.00
15.515	S 20637936 -0.26 0.44 0.00 0.00 HOLD
15.536	>>> V 0.00 0.00
15.536	S 20637956 -0.26 0.44 0.00 0.00 HOLD
15.554	>>> V 0.00 0.00
15.554	S 20637976 -0.35 0.44 0.00 0.00 HOLD
15.575	>>> V 0.00 0.00
15.577	S 20637996 -0.35 0.44 0.00 0.00 HOLD
15.595	>>> V 0.00 0.00
15.596	S 20638016 -0.26 0.44 0.00 0.00 HOLD
15.615	>>> V 0.00 0.00
15.616	S 20638036 -0.35 0.44 0.00 0.00 HOLD
15.635	>>> V 0.00 0.00
15.635	S 20638056 -0.26 0.44 0.00 0.00 HOLD
15.654	>>> V 0.00 0.00
15.656	S 20638076 -0.26 0.44 0.00 0.00 HOLD
15.674	>>> V 0.00 0.00
15.675	S 20638096 -0.35 0.44 0.00 0.00 HOLD
15.694	>>> V 0.00 0.00
15.696	S 20638116 -0.26 0.44 0.00 0.00 HOLD
15.714	>>> V 0.00 0.00
15.715	S 20638136 -0.35 0.44 0.00 0.00 HOLD
15.735	>>> V 0.00 0.00
15.736	S 20638156 -0.26 0.44 0.00 0.00 HOLD
15.754	>>> V 0.00 0.00
15.755	S 20638176 -0.26 0.44 0.00 0.00 HOLD
15.775	>>> V 0.00 0.00
15.776	S 20638196 -0.35 0.44 0.00 0.00 HOLD
15.794	>>> V 0.00 0.00
15.795	S 20638216 -0.26 0.44 0.00 0.00 HOLD
15.816	>>> V 0.00 0.00
15.816	S 20638236 -0.35 0.44 0.00 0.00 HOLD
15.834	>>> V 0.00 0.00
15.835	S 20638256 -0.26 0.44 0.00 0.00 HOLD
15.856	>>> V 0.00 0.00
15.856	S 20638276 -0.35 0.44 0.00 0.00 HOLD
15.875	>>> V 0.00 0.00
15.875	S 20638296 -0.26 0.44 0.00 0.00 HOLD
15.895	>>> V 0.00 0.00
15.897	S 20638316 -0.26 0.44 0.00 0.00 HOLD
15.914	>>> V 0.00 0.00
15.916	S 20638336 -0.26 0.44 0.00 0.00 HOLD
15.936	>>> V 0.00 0.00
15.936	S 20638356 -0.35 0.44 0.00 0.00 HOLD
15.955	>>> V 0.00 0.00
15.955	S 20638376 -0.26 0.44 0.00 0.00 HOLD
15.975	>>> V 0.00 0.00
15.975	S 20638396 -0.35 0.44 0.00 0.00 HOLD
15.994	>>> V 0.00 0.00
15.995	S 20638416 -0.26 0.44 0.00 0.00 HOLD
16.015	>>> V 0.00 0.00
16.015	S 20638436 -0.35 0.44 0.00 0.00 HOLD
16.035	>>> V 0.00 0.00
16.036	S 20638456 -0.35 0.44 0.00 0.00 HOLD
16.054	>>> V 0.00 0.00
16.055	S 20638476 -0.26 0.44 0.00 0.00 HOLD
16.075	>>> V 0.00 0.00
16.077	S 20638496 -0.35 0.44 0.00 0.00 HOLD
16.094	>>> V 0.00 0.00
16.096	S 20638516 -0.35 0.53 0.00 0.00 HOLD
16.116	>>> V 0.00 0.00
16.117	S 20638536 -0.26 0.53 0.00 0.00 HOLD
16.134	>>> V 0.00 0.00
16.135	S 20638556 -0.26 0.44 0.00 0.00 HOLD
16.154	>>> V 0.00 0.00
16.154	S 20638576 -0.26 0.44 0.00 0.00 HOLD
16.175	>>> V 0.00 0.00
16.176	S 20638596 -0.35 0.44 0.00 0.00 HOLD
16.194	>>> V 0.00 0.00
16.195	S 20638616 -0.35 0.44 0.00 0.00 HOLD
16.215	>>> V 0.00 0.00
16.216	S 20638636 -0.26 0.44 0.00 0.00 HOLD
16.234	>>> V 0.00 0.00
16.234	S 20638656 -0.26 0.44 0.00 0.00 HOLD
16.256	>>> V 0.00 0.00
16.256	S 20638676 -0.26 0.44 0.00 0.00 HOLD
16.274	>>> V 0.00 0.00
16.275	S 20638696 -0.35 0.44 0.00 0.00 HOLD
16.296	>>> V 0.00 0.00
16.297	S 20638716 -0.26 0.44 0.00 0.00 HOLD
16.314	>>> V 0.00 0.00
16.316	S 20638736 -0.26 0.44 0.00 0.00 HOLD
16.337	>>> V 0.00 0.00
16.338	S 20638756 -0.35 0.44 0.00 0.00 HOLD
16.340	S 20638776 -0.35 0.44 0.00 0.00 HOLD
16.355	>>> V 0.00 0.00
16.376	>>> V 0.00 0.00
16.376	S 20638796 -0.35 0.44 0.00 0.00 HOLD
16.395	>>> V 0.00 0.00
16.396	S 20638816 -0.35 0.44 0.00 0.00 HOLD
16.414	>>> V 0.00 0.00
16.415	S 20638836 -0.35 0.44 0.00 0.00 HOLD
16.435	>>> V 0.00 0.00
16.436	S 20638856 -0.35 0.44 0.00 0.00 HOLD
16.454	>>> V 0.00 0.00
16.455	S 20638876 -0.26 0.44 0.00 0.00 HOLD
16.477	>>> V 0.00 0.00
16.480	S 20638896 -0.35 0.44 0.00 0.00 HOLD
16.495	>>> V 0.00 0.00
16.495	S 20638916 -0.35 0.44 0.00 0.00 HOLD
16.516	>>> V 0.00 0.00
16.517	S 20638936 -0.26 0.44 0.00 0.00 HOLD
16.535	>>> V 0.00 0.00
16.535	S 20638956 -0.35 0.44 0.00 0.00 HOLD
16.554	>>> V 0.00 0.00
16.555	S 20638976 -0.35 0.44 0.00 0.00 HOLD
16.575	>>> V 0.00 0.00
16.575	S 20638996 -0.35 0.44 0.00 0.00 HOLD
16.597	>>> V 0.00 0.00
16.597	S 20639016 -0.35 0.44 0.00 0.00 HOLD
16.615	>>> V 0.00 0.00
16.616	S 20639036 -0.35 0.44 0.00 0.00 HOLD
16.637	>>> V 0.00 0.00
16.638	S 20639056 -0.26 0.53 0.00 0.00 HOLD
16.656	>>> V 0.00 0.00
16.656	S 20639076 -0.26 0.44 0.00 0.00 HOLD
16.676	>>> V 0.00 0.00
16.676	S 20639096 -0.26 0.44 0.00 0.00 HOLD
16.695	>>> V 0.00 0.00
16.697	S 20639116 -0.26 0.44 0.00 0.00 HOLD
16.714	>>> V 0.00 0.00
16.715	S 20639136 -0.26 0.44 0.00 0.00 HOLD
16.736	>>> V 0.00 0.00
16.737	S 20639156 -0.26 0.44 0.00 0.00 HOLD
16.754	>>> V 0.00 0.00
16.755	S 20639176 -0.35 0.53 0.00 0.00 HOLD
16.776	>>> V 0.00 0.00
16.778	S 20639196 -0.35 0.44 0.00 0.00 HOLD
16.794	>>> V 0.00 0.00
16.795	S 20639216 -0.26 0.44 0.00 0.00 HOLD
16.816	>>> V 0.00 0.00
16.818	S 20639236 -0.26 0.44 0.00 0.00 HOLD
16.834	>>> V 0.00 0.00
16.835	S 20639256 -0.35 0.44 0.00 0.00 HOLD
16.856	>>> V 0.00 0.00
16.857	S 20639276 -0.35 0.44 0.00 0.00 HOLD
16.875	>>> V 0.00 0.00
16.875	S 20639296 -0.35 0.44 0.00 0.00 HOLD
16.896	>>> V 0.00 0.00
16.896	S 20639316 -0.26 0.44 0.00 0.00 HOLD
16.915	>>> V 0.00 0.00
16.915	S 20639336 -0.35 0.44 0.00 0.00 HOLD
16.935	>>> V 0.00 0.00
16.935	S 20639356 -0.26 0.44 0.00 0.00 HOLD
16.954	>>> V 0.00 0.00
16.956	S 20639376 -0.26 0.44 0.00 0.00 HOLD
16.974	>>> V 0.00 0.00
16.975	S 20639396 -0.35 0.44 0.00 0.00 HOLD
16.995	>>> V 0.00 0.00
16.996	S 20639416 -0.35 0.44 0.00 0.00 HOLD
17.014	>>> V 0.00 0.00
17.015	S 20639436 -0.26 0.44 0.00 0.00 HOLD
17.037	>>> V 0.00 0.00
17.037	S 20639456 -0.26 0.44 0.00 0.00 HOLD
17.054	>>> V 0.00 0.00
17.055	S 20639476 -0.35 0.44 0.00 0.00 HOLD
17.078	>>> V 0.00 0.00
17.078	S 20639496 -0.35 0.44 0.00 0.00 HOLD
17.081	S 20639516 -0.35 0.44 0.00 0.00 HOLD
17.095	>>> V 0.00 0.00
17.116	>>> V 0.00 0.00
17.117	S 20639536 -0.35 0.44 0.00 0.00 HOLD
17.135	>>> V 0.00 0.00
17.135	S 20639556 -0.26 0.44 0.00 0.00 HOLD
17.154	>>> V 0.00 0.00
17.155	S 20639576 -0.35 0.44 0.00 0.00 HOLD
17.175	>>> V 0.00 0.00
17.175	S 20639596 -0.35 0.44 0.00 0.00 HOLD
17.194	>>> V 0.00 0.00
17.195	S 20639616 -0.35 0.44 0.00 0.00 HOLD
17.216	>>> V 0.00 0.00
17.217	S 20639636 -0.26 0.44 0.00 0.00 HOLD
17.234	>>> V 0.00 0.00
17.235	S 20639656 -0.35 0.44 0.00 0.00 HOLD
17.255	>>> V 0.00 0.00
17.258	S 20639676 -0.35 0.44 0.00 0.00 HOLD
17.275	>>> V 0.00 0.00
17.276	S 20639696 -0.26 0.44 0.00 0.00 HOLD
17.296	>>> V 0.00 0.00
17.296	S 20639716 -0.26 0.44 0.00 0.00 HOLD
17.315	>>> V 0.00 0.00
17.316	S 20639736 -0.35 0.44 0.00 0.00 HOLD
17.335	>>> V 0.00 0.00
17.335	S 20639756 -0.35 0.44 0.00 0.00 HOLD
17.356	>>> V 0.00 0.00
17.357	S 20639776 -0.26 0.44 0.00 0.00 HOLD
17.375	>>> V 0.00 0.00
17.376	S 20639796 -0.35 0.53 0.00 0.00 HOLD
17.395	>>> V 0.00 0.00
17.397	S 20639816 -0.35 0.44 0.00 0.00 HOLD
17.416	>>> V 0.00 0.00
17.417	S 20639836 -0.26 0.44 0.00 0.00 HOLD
17.434	>>> V 0.00 0.00
17.437	S 20639856 -0.35 0.44 0.00 0.00 HOLD
17.455	>>> V 0.00 0.00
17.456	S 20639876 -0.26 0.44 0.00 0.00 HOLD
17.476	>>> V 0.00 0.00
17.476	S 20639896 -0.35 0.44 0.00 0.00 HOLD
17.496	>>> V 0.00 0.00
17.496	S 20639916 -0.26 0.44 0.00 0.00 HOLD
17.515	>>> V 0.00 0.00
17.515	S 20639937 -0.26 0.44 0.00 0.00 HOLD
17.535	>>> V 0.00 0.00
17.535	S 20639957 -0.26 0.44 0.00 0.00 HOLD
17.555	>>> V 0.00 0.00
17.555	S 20639977 -0.35 0.44 0.00 0.00 HOLD
17.574	>>> V 0.00 0.00
17.575	S 20639997 -0.26 0.44 0.00 0.00 HOLD
17.596	>>> V 0.00 0.00
17.596	S 20640017 -0.26 0.44 0.00 0.00 HOLD
17.615	>>> V 0.00 0.00
17.615	S 20640037 -0.35 0.44 0.00 0.00 HOLD
17.636	>>> V 0.00 0.00
17.636	S 20640057 -0.26 0.53 0.00 0.00 HOLD
17.654	>>> V 0.00 0.00
17.654	S 20640077 -0.26 0.53 0.00 0.00 HOLD
17.676	>>> V 0.00 0.00
17.677	S 20640097 -0.35 0.44 0.00 0.00 HOLD
17.695	>>> V 0.00 0.00
17.695	S 20640117 -0.35 0.44 0.00 0.00 HOLD
17.716	>>> V 0.00 0.00
17.717	S 20640137 -0.26 0.44 0.00 0.00 HOLD
17.734	>>> V 0.00 0.00
17.735	S 20640157 -0.35 0.44 0.00 0.00 HOLD
17.756	>>> V 0.00 0.00
17.756	S 20640177 -0.35 0.44 0.00 0.00 HOLD
17.775	>>> V 0.00 0.00
17.776	S 20640197 -0.26 0.53 0.00 0.00 HOLD
17.796	>>> V 0.00 0.00
17.796	S 20640217 -0.35 0.44 0.00 0.00 HOLD
17.815	>>> V 0.00 0.00
17.816	S 20640237 -0.35 0.44 0.00 0.00 HOLD
17.835	>>> V 0.00 0.00
17.835	S 20640257 -0.26 0.44 0.00 0.00 HOLD
17.855	>>> V 0.00 0.00
17.856	S 20640277 -0.26 0.44 0.00 0.00 HOLD
17.874	>>> V 0.00 0.00
17.875	S 20640297 -0.26 0.53 0.00 0.00 HOLD
17.895	>>> V 0.00 0.00
17.895	S 20640317 -0.35 0.44 0.00 0.00 HOLD
17.915	>>> V 0.00 0.00
17.915	S 20640337 -0.35 0.44 0.00 0.00 HOLD
17.935	>>> V 0.00 0.00
17.938	S 20640357 -0.35 0.44 0.00 0.00 HOLD
17.955	>>> V 0.00 0.00
17.955	S 20640377 -0.26 0.44 0.00 0.00 HOLD
17.976	>>> V 0.00 0.00
17.977	S 20640397 -0.35 0.44 0.00 0.00 HOLD
17.995	>>> V 0.00 0.00
17.996	S 20640417 -0.35 0.44 0.00 0.00 HOLD
18.016	>>> V 0.00 0.00
18.016	S 20640437 -0.35 0.53 0.00 0.00 HOLD
18.035	>>> V 0.00 0.00
18.035	S 20640457 -0.26 0.44 0.00 0.00 HOLD
18.054	>>> V 0.00 0.00
18.055	S 20640477 -0.26 0.44 0.00 0.00 HOLD
18.076	>>> V 0.00 0.00
18.077	S 20640497 -0.26 0.44 0.00 0.00 HOLD
18.095	>>> V 0.00 0.00
18.095	S 20640517 -0.35 0.44 0.00 0.00 HOLD
18.115	>>> V 0.00 0.00
18.118	S 20640537 -0.35 0.44 0.00 0.00 HOLD
18.135	>>> V 0.00 0.00
18.135	S 20640557 -0.26 0.44 0.00 0.00 HOLD
18.156	>>> V 0.00 0.00
18.157	S 20640577 -0.26 0.44 0.00 0.00 HOLD
18.174	>>> V 0.00 0.00
18.175	S 20640597 -0.26 0.44 0.00 0.00 HOLD
18.196	>>> V 0.00 0.00
18.196	S 20640617 -0.26 0.44 0.00 0.00 HOLD
18.215	>>> V 0.00 0.00
18.216	S 20640637 -0.35 0.44 0.00 0.00 HOLD
18.235	>>> V 0.00 0.00
18.235	S 20640657 -0.26 0.44 0.00 0.00 HOLD
18.255	>>> V 0.00 0.00
18.256	S 20640677 -0.35 0.44 0.00 0.00 HOLD
18.274	>>> V 0.00 0.00
18.275	S 20640697 -0.26 0.44 0.00 0.00 HOLD
18.295	>>> V 0.00 0.00
18.295	S 20640717 -0.35 0.44 0.00 0.00 HOLD
18.315	>>> V 0.00 0.00
18.315	S 20640737 -0.26 0.44 0.00 0.00 HOLD
18.335	>>> V 0.00 0.00
18.337	S 20640757 -0.26 0.44 0.00 0.00 HOLD
18.354	>>> V 0.00 0.00
18.355	S 20640777 -0.35 0.53 0.00 0.00 HOLD
18.375	>>> V 0.00 0.00
18.376	S 20640797 -0.35 0.44 0.00 0.00 HOLD
18.394	>>> V 0.00 0.00
18.395	S 20640817 -0.35 0.44 0.00 0.00 HOLD
18.416	>>> V 0.00 0.00
18.417	S 20640837 -0.35 0.44 0.00 0.00 HOLD
18.435	>>> V 0.00 0.00
18.435	S 20640857 -0.35 0.44 0.00 0.00 HOLD
18.455	>>> V 0.00 0.00
18.456	S 20640877 -0.35 0.44 0.00 0.00 HOLD
18.476	>>> V 0.00 0.00
18.476	S 20640897 -0.26 0.44 0.00 0.00 HOLD
18.494	>>> V 0.00 0.00
18.495	S 20640917 -0.35 0.44 0.00 0.00 HOLD
18.515	>>> V 0.00 0.00
18.515	S 20640937 -0.35 0.44 0.00 0.00 HOLD
18.534	>>> V 0.00 0.00
18.535	S 20640957 -0.26 0.53 0.00 0.00 HOLD
18.556	>>> V 0.00 0.00
18.557	S 20640977 -0.26 0.44 0.00 0.00 HOLD
18.575	>>> V 0.00 0.00
18.575	S 20640997 -0.35 0.44 0.00 0.00 HOLD
18.597	>>> V 0.00 0.00
18.598	S 20641017 -0.26 0.44 0.00 0.00 HOLD
18.616	>>> V 0.00 0.00
18.616	S 20641037 -0.35 0.44 0.00 0.00 HOLD
18.636	>>> V 0.00 0.00
18.636	S 20641057 -0.35 0.44 0.00 0.00 HOLD
18.655	>>> V 0.00 0.00
18.655	S 20641077 -0.26 0.44 0.00 0.00 HOLD
18.674	>>> V 0.00 0.00
18.675	S 20641097 -0.35 0.44 0.00 0.00 HOLD
18.694	>>> V 0.00 0.00
18.696	S 20641117 -0.35 0.44 0.00 0.00 HOLD
18.715	>>> V 0.00 0.00
18.715	S 20641137 -0.26 0.44 0.00 0.00 HOLD
18.735	>>> V 0.00 0.00
18.735	S 20641157 -0.26 0.44 0.00 0.00 HOLD
18.754	>>> V 0.00 0.00
18.755	S 20641177 -0.26 0.44 0.00 0.00 HOLD
18.776	>>> V 0.00 0.00
18.777	S 20641197 -0.26 0.44 0.00 0.00 HOLD
18.794	>>> V 0.00 0.00
18.795	S 20641217 -0.26 0.44 0.00 0.00 HOLD
18.818	>>> V 0.00 0.00
18.819	S 20641237 -0.35 0.53 0.00 0.00 HOLD
18.824	S 20641257 -0.35 0.53 0.00 0.00 HOLD
18.835	>>> V 0.00 0.00
18.856	>>> V 0.00 0.00
18.856	S 20641277 -0.35 0.44 0.00 0.00 HOLD
18.875	>>> V 0.00 0.00
18.875	S 20641297 -0.26 0.44 0.00 0.00 HOLD
18.896	>>> V 0.00 0.00
18.897	S 20641317 -0.26 0.53 0.00 0.00 HOLD
18.915	>>> V 0.00 0.00
18.915	S 20641337 -0.35 0.44 0.00 0.00 HOLD
18.935	>>> V 0.00 0.00
18.936	S 20641357 -0.35 0.53 0.00 0.00 HOLD
18.954	>>> V 0.00 0.00
18.956	S 20641377 -0.26 0.44 0.00 0.00 HOLD
18.974	>>> V 0.00 0.00
18.975	S 20641397 -0.26 0.44 0.00 0.00 HOLD
18.995	>>> V 0.00 0.00
18.995	S 20641417 -0.26 0.44 0.00 0.00 HOLD
19.014	>>> V 0.00 0.00
19.015	S 20641437 -0.35 0.44 0.00 0.00 HOLD
19.035	>>> V 0.00 0.00
19.037	S 20641457 -0.35 0.44 0.00 0.00 HOLD
19.054	>>> V 0.00 0.00
19.055	S 20641477 -0.26 0.44 0.00 0.00 HOLD
19.075	>>> V 0.00 0.00
19.075	S 20641497 -0.26 0.44 0.00 0.00 HOLD
19.095	>>> V 0.00 0.00
19.095	S 20641517 -0.35 0.53 0.00 0.00 HOLD
19.117	>>> V 0.00 0.00
19.118	S 20641537 -0.26 0.53 0.00 0.00 HOLD
19.135	>>> V 0.00 0.00
19.135	S 20641557 -0.35 0.44 0.00 0.00 HOLD
19.156	>>> V 0.00 0.00
19.157	S 20641577 -0.35 0.44 0.00 0.00 HOLD
19.175	>>> V 0.00 0.00
19.175	S 20641597 -0.26 0.44 0.00 0.00 HOLD
19.196	>>> V 0.00 0.00
19.197	S 20641617 -0.26 0.44 0.00 0.00 HOLD
19.214	>>> V 0.00 0.00
19.216	S 20641637 -0.35 0.44 0.00 0.00 HOLD
19.235	>>> V 0.00 0.00
19.235	S 20641657 -0.35 0.44 0.00 0.00 HOLD
19.255	>>> V 0.00 0.00
19.255	S 20641677 -0.26 0.44 0.00 0.00 HOLD
19.275	>>> V 0.00 0.00
19.275	S 20641697 -0.35 0.44 0.00 0.00 HOLD
19.294	>>> V 0.00 0.00
19.296	S 20641717 -0.35 0.44 0.00 0.00 HOLD
19.314	>>> V 0.00 0.00
19.315	S 20641737 -0.26 0.44 0.00 0.00 HOLD
19.335	>>> V 0.00 0.00
19.335	S 20641757 -0.26 0.44 0.00 0.00 HOLD
19.354	>>> V 0.00 0.00
19.355	S 20641777 -0.26 0.44 0.00 0.00 HOLD
19.375	>>> V 0.00 0.00
19.376	S 20641797 -0.26 0.44 0.00 0.00 HOLD
19.394	>>> V 0.00 0.00
19.395	S 20641817 -0.35 0.44 0.00 0.00 HOLD
19.415	>>> V 0.00 0.00
19.418	S 20641837 -0.35 0.44 0.00 0.00 HOLD
19.435	>>> V 0.00 0.00
19.435	S 20641857 -0.35 0.44 0.00 0.00 HOLD
19.456	>>> V 0.00 0.00
19.457	S 20641877 -0.35 0.44 0.00 0.00 HOLD
19.475	>>> V 0.00 0.00
19.475	S 20641897 -0.26 0.44 0.00 0.00 HOLD
19.495	>>> V 0.00 0.00
19.496	S 20641917 -0.35 0.53 0.00 0.00 HOLD
19.516	>>> V 0.00 0.00
19.516	S 20641937 -0.35 0.44 0.00 0.00 HOLD
19.534	>>> V 0.00 0.00
19.535	S 20641957 -0.26 0.53 0.00 0.00 HOLD
19.555	>>> V 0.00 0.00
19.556	S 20641977 -0.35 0.44 0.00 0.00 HOLD
19.574	>>> V 0.00 0.00
19.575	S 20641997 -0.26 0.44 0.00 0.00 HOLD
19.595	>>> V 0.00 0.00
19.595	S 20642017 -0.26 0.44 0.00 0.00 HOLD
19.615	>>> V 0.00 0.00
19.617	S 20642037 -0.35 0.44 0.00 0.00 HOLD
19.635	>>> V 0.00 0.00
19.637	S 20642057 -0.26 0.44 0.00 0.00 HOLD
19.655	>>> V 0.00 0.00
19.656	S 20642077 -0.26 0.44 0.00 0.00 HOLD
19.675	>>> V 0.00 0.00
19.675	S 20642097 -0.35 0.44 0.00 0.00 HOLD
19.694	>>> V 0.00 0.00
19.696	S 20642117 -0.26 0.53 0.00 0.00 HOLD
19.716	>>> V 0.00 0.00
19.716	S 20642137 -0.35 0.44 0.00 0.00 HOLD
19.734	>>> V 0.00 0.00
19.735	S 20642157 -0.35 0.44 0.00 0.00 HOLD
19.755	>>> V 0.00 0.00
19.756	S 20642177 -0.35 0.44 0.00 0.00 HOLD
19.775	>>> V 0.00 0.00
19.775	S 20642197 -0.26 0.44 0.00 0.00 HOLD
19.797	>>> V 0.00 0.00
19.797	S 20642217 -0.26 0.53 0.00 0.00 HOLD
19.815	>>> V 0.00 0.00
19.817	S 20642237 -0.35 0.44 0.00 0.00 HOLD
19.835	>>> V 0.00 0.00
19.835	S 20642257 -0.26 0.44 0.00 0.00 HOLD
19.856	>>> V 0.00 0.00
19.856	S 20642277 -0.26 0.44 0.00 0.00 HOLD
19.875	>>> V 0.00 0.00
19.875	S 20642297 -0.26 0.44 0.00 0.00 HOLD
19.895	>>> V 0.00 0.00
19.896	S 20642317 -0.26 0.44 0.00 0.00 HOLD
19.914	>>> V 0.00 0.00
19.915	S 20642337 -0.35 0.44 0.00 0.00 HOLD
19.935	>>> V 0.00 0.00
19.936	S 20642357 -0.35 0.44 0.00 0.00 HOLD
19.954	>>> V 0.00 0.00
19.955	S 20642377 -0.35 0.44 0.00 0.00 HOLD
19.976	>>> V 0.00 0.00
19.978	S 20642397 -0.26 0.44 0.00 0.00 HOLD
19.994	>>> V 0.00 0.00
19.995	S 20642417 -0.35 0.44 0.00 0.00 HOLD
20.016	>>> V 0.00 0.00
20.018	S 20642437 -0.26 0.44 0.00 0.00 HOLD
20.034	>>> V 0.00 0.00
20.035	S 20642457 -0.26 0.44 0.00 0.00 HOLD
20.055	>>> V 0.00 0.00
20.057	S 20642477 -0.26 0.44 0.00 0.00 HOLD
20.075	>>> V 0.00 0.00
20.076	S 20642497 -0.35 0.44 0.00 0.00 HOLD
20.096	>>> V 0.00 0.00
20.097	S 20642517 -0.35 0.44 0.00 0.00 HOLD
20.115	>>> V 0.00 0.00
20.116	S 20642537 -0.26 0.44 0.00 0.00 HOLD
20.135	>>> V 0.00 0.00
20.136	S 20642557 -0.26 0.44 0.00 0.00 HOLD
20.155	>>> V 0.00 0.00
20.155	S 20642577 -0.26 0.44 0.00 0.00 HOLD
20.175	>>> V 0.00 0.00
20.175	S 20642597 -0.26 0.44 0.00 0.00 HOLD
20.196	>>> V 0.00 0.00
20.197	S 20642617 -0.26 0.44 0.00 0.00 HOLD
20.214	>>> V 0.00 0.00
20.215	S 20642637 -0.26 0.44 0.00 0.00 HOLD
20.235	>>> V 0.00 0.00
20.235	S 20642657 -0.35 0.44 0.00 0.00 HOLD
20.254	>>> V 0.00 0.00
20.255	S 20642677 -0.26 0.44 0.00 0.00 HOLD
20.275	>>> V 0.00 0.00
20.276	S 20642697 -0.26 0.53 0.00 0.00 HOLD
20.294	>>> V 0.00 0.00
20.294	S 20642717 -0.26 0.44 0.00 0.00 HOLD
20.316	>>> V 0.00 0.00
20.316	S 20642737 -0.35 0.44 0.00 0.00 HOLD
20.334	>>> V 0.00 0.00
20.335	S 20642757 -0.26 0.44 0.00 0.00 HOLD
20.355	>>> V 0.00 0.00
20.357	S 20642777 -0.35 0.44 0.00 0.00 HOLD
20.375	>>> V 0.00 0.00
20.375	S 20642797 -0.26 0.44 0.00 0.00 HOLD
20.396	>>> V 0.00 0.00
20.396	S 20642817 -0.35 0.44 0.00 0.00 HOLD
20.415	>>> V 0.00 0.00
20.416	S 20642837 -0.26 0.44 0.00 0.00 HOLD
20.436	>>> V 0.00 0.00
20.437	S 20642857 -0.26 0.44 0.00 0.00 HOLD
20.455	>>> V 0.00 0.00
20.456	S 20642877 -0.35 0.44 0.00 0.00 HOLD
20.475	>>> V 0.00 0.00
20.476	S 20642897 -0.35 0.44 0.00 0.00 HOLD
20.494	>>> V 0.00 0.00
20.496	S 20642917 -0.35 0.44 0.00 0.00 HOLD
20.515	>>> V 0.00 0.00
20.517	S 20642937 -0.35 0.44 0.00 0.00 HOLD
20.536	>>> V 0.00 0.00
20.536	S 20642957 -0.26 0.44 0.00 0.00 HOLD
20.554	>>> V 0.00 0.00
20.555	S 20642977 -0.35 0.44 0.00 0.00 HOLD
20.577	>>> V 0.00 0.00
20.578	S 20642997 -0.35 0.44 0.00 0.00 HOLD
20.595	>>> V 0.00 0.00
20.595	S 20643017 -0.26 0.44 0.00 0.00 HOLD
20.615	>>> V 0.00 0.00
20.618	S 20643037 -0.26 0.44 0.00 0.00 HOLD
20.635	>>> V 0.00 0.00
20.635	S 20643057 -0.26 0.44 0.00 0.00 HOLD
20.656	>>> V 0.00 0.00
20.657	S 20643077 -0.35 0.44 0.00 0.00 HOLD
20.675	>>> V 0.00 0.00
20.675	S 20643097 -0.35 0.44 0.00 0.00 HOLD
20.695	>>> V 0.00 0.00
20.696	S 20643117 -0.26 0.44 0.00 0.00 HOLD
20.715	>>> V 0.00 0.00
20.715	S 20643137 -0.35 0.44 0.00 0.00 HOLD
20.735	>>> V 0.00 0.00
20.735	S 20643157 -0.35 0.44 0.00 0.00 HOLD
20.755	>>> V 0.00 0.00
20.755	S 20643177 -0.26 0.44 0.00 0.00 HOLD
20.774	>>> V 0.00 0.00
20.775	S 20643197 -0.35 0.44 0.00 0.00 HOLD
20.795	>>> V 0.00 0.00
20.796	S 20643217 -0.26 0.44 0.00 0.00 HOLD
20.815	>>> V 0.00 0.00
20.815	S 20643237 -0.26 0.44 0.00 0.00 HOLD
20.834	>>> V 0.00 0.00
20.835	S 20643257 -0.26 0.44 0.00 0.00 HOLD
20.856	>>> V 0.00 0.00
20.857	S 20643277 -0.35 0.44 0.00 0.00 HOLD
20.875	>>> V 0.00 0.00
20.876	S 20643297 -0.26 0.44 0.00 0.00 HOLD
20.896	>>> V 0.00 0.00
20.897	S 20643317 -0.35 0.44 0.00 0.00 HOLD
20.915	>>> V 0.00 0.00
20.915	S 20643337 -0.35 0.44 0.00 0.00 HOLD
20.935	>>> V 0.00 0.00
20.935	S 20643357 -0.35 0.44 0.00 0.00 HOLD
20.954	>>> V 0.00 0.00
20.955	S 20643377 -0.26 0.44 0.00 0.00 HOLD
20.975	>>> V 0.00 0.00
20.975	S 20643397 -0.35 0.44 0.00 0.00 HOLD
20.995	>>> V 0.00 0.00
20.996	S 20643417 -0.35 0.44 0.00 0.00 HOLD
21.014	>>> V 0.00 0.00
21.015	S 20643437 -0.35 0.44 0.00 0.00 HOLD
21.036	>>> V 0.00 0.00
21.037	S 20643457 -0.35 0.44 0.00 0.00 HOLD
21.055	>>> V 0.00 0.00
21.055	S 20643477 -0.35 0.44 0.00 0.00 HOLD
21.076	>>> V 0.00 0.00
21.076	S 20643497 -0.26 0.44 0.00 0.00 HOLD
21.094	>>> V 0.00 0.00
21.096	S 20643517 -0.35 0.44 0.00 0.00 HOLD
21.116	>>> V 0.00 0.00
21.117	S 20643537 -0.35 0.44 0.00 0.00 HOLD
21.135	>>> V 0.00 0.00
21.136	S 20643557 -0.26 0.44 0.00 0.00 HOLD
21.156	>>> V 0.00 0.00
21.157	S 20643577 -0.35 0.44 0.00 0.00 HOLD
21.175	>>> V 0.00 0.00
21.175	S 20643597 -0.35 0.44 0.00 0.00 HOLD
21.195	>>> V 0.00 0.00
21.196	S 20643617 -0.26 0.44 0.00 0.00 HOLD
21.214	>>> V 0.00 0.00
21.215	S 20643637 -0.35 0.44 0.00 0.00 HOLD
21.234	>>> V 0.00 0.00
21.235	S 20643657 -0.26 0.44 0.00 0.00 HOLD
21.256	>>> V 0.00 0.00
21.256	S 20643677 -0.26 0.44 0.00 0.00 HOLD
21.274	>>> V 0.00 0.00
21.275	S 20643697 -0.26 0.44 0.00 0.00 HOLD
21.296	>>> V 0.00 0.00
21.296	S 20643717 -0.26 0.44 0.00 0.00 HOLD
21.315	>>> V 0.00 0.00
21.315	S 20643737 -0.35 0.44 0.00 0.00 HOLD
21.336	>>> V 0.00 0.00
21.337	S 20643757 -0.35 0.44 0.00 0.00 HOLD
21.355	>>> V 0.00 0.00
21.355	S 20643777 -0.26 0.44 0.00 0.00 HOLD
21.376	>>> V 0.00 0.00
21.376	S 20643797 -0.26 0.44 0.00 0.00 HOLD
21.395	>>> V 0.00 0.00
21.396	S 20643817 -0.26 0.44 0.00 0.00 HOLD
21.415	>>> V 0.00 0.00
21.415	S 20643837 -0.35 0.44 0.00 0.00 HOLD
21.435	>>> V 0.00 0.00
21.436	S 20643857 -0.35 0.44 0.00 0.00 HOLD
21.454	>>> V 0.00 0.00
21.455	S 20643877 -0.35 0.44 0.00 0.00 HOLD
21.477	>>> V 0.00 0.00
21.477	S 20643897 -0.35 0.44 0.00 0.00 HOLD
21.495	>>> V 0.00 0.00
21.495	S 20643917 -0.26 0.44 0.00 0.00 HOLD
21.517	>>> V 0.00 0.00
21.518	S 20643937 -0.35 0.44 0.00 0.00 HOLD
21.534	>>> V 0.00 0.00
21.535	S 20643957 -0.35 0.44 0.00 0.00 HOLD
21.556	>>> V 0.00 0.00
21.557	S 20643977 -0.35 0.44 0.00 0.00 HOLD
21.575	>>> V 0.00 0.00
21.576	S 20643997 -0.35 0.44 0.00 0.00 HOLD
21.596	>>> V 0.00 0.00
21.596	S 20644017 -0.35 0.44 0.00 0.00 HOLD
21.615	>>> V 0.00 0.00
21.616	S 20644037 -0.35 0.44 0.00 0.00 HOLD
21.635	>>> V 0.00 0.00
21.635	S 20644057 -0.26 0.44 0.00 0.00 HOLD
21.654	>>> V 0.00 0.00
21.656	S 20644077 -0.26 0.44 0.00 0.00 HOLD
21.674	>>> V 0.00 0.00
21.675	S 20644097 -0.26 0.44 0.00 0.00 HOLD
21.696	>>> V 0.00 0.00
21.697	S 20644117 -0.35 0.44 0.00 0.00 HOLD
21.714	>>> V 0.00 0.00
21.715	S 20644137 -0.35 0.44 0.00 0.00 HOLD
21.736	>>> V 0.00 0.00
21.737	S 20644157 -0.35 0.53 0.00 0.00 HOLD
21.755	>>> V 0.00 0.00
21.755	S 20644177 -0.35 0.44 0.00 0.00 HOLD
21.775	>>> V 0.00 0.00
21.776	S 20644197 -0.26 0.44 0.00 0.00 HOLD
21.794	>>> V 0.00 0.00
21.795	S 20644217 -0.26 0.44 0.00 0.00 HOLD
21.815	>>> V 0.00 0.00
21.815	S 20644237 -0.35 0.44 0.00 0.00 HOLD
21.835	>>> V 0.00 0.00
21.835	S 20644257 -0.35 0.44 0.00 0.00 HOLD
21.854	>>> V 0.00 0.00
21.855	S 20644277 -0.26 0.44 0.00 0.00 HOLD
21.876	>>> V 0.00 0.00
21.877	S 20644297 -0.26 0.44 0.00 0.00 HOLD
21.895	>>> V 0.00 0.00
21.896	S 20644317 -0.26 0.44 0.00 0.00 HOLD
21.918	>>> V 0.00 0.00
21.919	S 20644337 -0.26 0.44 0.00 0.00 HOLD
21.922	S 20644357 -0.26 0.44 0.00 0.00 HOLD
21.934	>>> V 0.00 0.00
21.956	>>> V 0.00 0.00
21.957	S 20644377 -0.35 0.44 0.00 0.00 HOLD
21.975	>>> V 0.00 0.00
21.975	S 20644397 -0.35 0.44 0.00 0.00 HOLD
21.996	>>> V 0.00 0.00
21.996	S 20644417 -0.35 0.44 0.00 0.00 HOLD
22.017	>>> V 0.00 0.00
22.019	S 20644437 -0.35 0.44 0.00 0.00 HOLD
22.034	>>> V 0.00 0.00
22.035	S 20644457 -0.35 0.44 0.00 0.00 HOLD
22.056	>>> V 0.00 0.00
22.057	S 20644477 -0.26 0.44 0.00 0.00 HOLD
22.075	>>> V 0.00 0.00
22.076	S 20644497 -0.35 0.44 0.00 0.00 HOLD
22.099	>>> V 0.00 0.00
22.099	S 20644517 -0.26 0.44 0.00 0.00 HOLD
22.101	S 20644537 -0.26 0.44 0.00 0.00 HOLD
22.117	>>> V 0.00 0.00
22.135	>>> V 0.00 0.00
22.135	S 20644557 -0.35 0.44 0.00 0.00 HOLD
22.155	>>> V 0.00 0.00
22.156	S 20644577 -0.35 0.44 0.00 0.00 HOLD
22.175	>>> V 0.00 0.00
22.175	S 20644597 -0.26 0.44 0.00 0.00 HOLD
22.195	>>> V 0.00 0.00
22.196	S 20644617 -0.26 0.44 0.00 0.00 HOLD
22.214	>>> V 0.00 0.00
22.216	S 20644637 -0.26 0.44 0.00 0.00 HOLD
22.236	>>> V 0.00 0.00
22.236	S 20644657 -0.26 0.44 0.00 0.00 HOLD
22.255	>>> V 0.00 0.00
22.256	S 20644677 -0.35 0.44 0.00 0.00 HOLD
22.274	>>> V 0.00 0.00
22.275	S 20644697 -0.26 0.44 0.00 0.00 HOLD
22.295	>>> V 0.00 0.00
22.296	S 20644717 -0.26 0.44 0.00 0.00 HOLD
22.314	>>> V 0.00 0.00
22.315	S 20644737 -0.35 0.53 0.00 0.00 HOLD
22.336	>>> V 0.00 0.00
22.337	S 20644757 -0.35 0.44 0.00 0.00 HOLD
22.355	>>> V 0.00 0.00
22.356	S 20644777 -0.26 0.44 0.00 0.00 HOLD
22.375	>>> V 0.00 0.00
22.379	S 20644797 -0.35 0.44 0.00 0.00 HOLD
22.396	>>> V 0.00 0.00
22.396	S 20644817 -0.35 0.44 0.00 0.00 HOLD
22.415	>>> V 0.00 0.00
22.416	S 20644837 -0.35 0.44 0.00 0.00 HOLD
22.434	>>> V 0.00 0.00
22.435	S 20644857 -0.26 0.44 0.00 0.00 HOLD
22.454	>>> V 0.00 0.00
22.455	S 20644877 -0.35 0.44 0.00 0.00 HOLD
22.476	>>> V 0.00 0.00
22.476	S 20644897 -0.26 0.53 0.00 0.00 HOLD
22.494	>>> V 0.00 0.00
22.495	S 20644917 -0.26 0.44 0.00 0.00 HOLD
22.518	>>> V 0.00 0.00
22.519	S 20644937 -0.26 0.44 0.00 0.00 HOLD
22.535	>>> V 0.00 0.00
22.535	S 20644957 -0.35 0.44 0.00 0.00 HOLD
22.557	>>> V 0.00 0.00
22.558	S 20644977 -0.35 0.44 0.00 0.00 HOLD
22.575	>>> V 0.00 0.00
22.576	S 20644997 -0.26 0.44 0.00 0.00 HOLD
22.595	>>> V 0.00 0.00
22.595	S 20645017 -0.35 0.44 0.00 0.00 HOLD
22.615	>>> V 0.00 0.00
22.616	S 20645037 -0.26 0.44 0.00 0.00 HOLD
22.635	>>> V 0.00 0.00
22.635	S 20645057 -0.35 0.44 0.00 0.00 HOLD
22.657	>>> V 0.00 0.00
22.659	S 20645077 -0.35 0.44 0.00 0.00 HOLD
22.662	S 20645097 -0.26 0.44 0.00 0.00 HOLD
22.675	>>> V 0.00 0.00
22.696	>>> V 0.00 0.00
22.697	S 20645117 -0.35 0.44 0.00 0.00 HOLD
22.715	>>> V 0.00 0.00
22.715	S 20645137 -0.35 0.44 0.00 0.00 HOLD
22.736	>>> V 0.00 0.00
22.736	S 20645157 -0.26 0.44 0.00 0.00 HOLD
22.755	>>> V 0.00 0.00
22.756	S 20645177 -0.35 0.44 0.00 0.00 HOLD
22.774	>>> V 0.00 0.00
22.775	S 20645197 -0.26 0.44 0.00 0.00 HOLD
22.795	>>> V 0.00 0.00
22.796	S 20645217 -0.35 0.44 0.00 0.00 HOLD
22.815	>>> V 0.00 0.00
22.816	S 20645237 -0.26 0.44 0.00 0.00 HOLD
22.834	>>> V 0.00 0.00
22.835	S 20645257 -0.35 0.44 0.00 0.00 HOLD
22.856	>>> V 0.00 0.00
22.857	S 20645277 -0.26 0.44 0.00 0.00 HOLD
22.874	>>> V 0.00 0.00
22.875	S 20645297 -0.35 0.44 0.00 0.00 HOLD
22.894	>>> V 0.00 0.00
22.895	S 20645317 -0.35 0.44 0.00 0.00 HOLD
22.915	>>> V 0.00 0.00
22.917	S 20645337 -0.26 0.44 0.00 0.00 HOLD
22.935	>>> V 0.00 0.00
22.935	S 20645357 -0.35 0.44 0.00 0.00 HOLD
22.956	>>> V 0.00 0.00
22.956	S 20645377 -0.26 0.44 0.00 0.00 HOLD
22.974	>>> V 0.00 0.00
22.976	S 20645397 -0.35 0.44 0.00 0.00 HOLD
22.995	>>> V 0.00 0.00
22.997	S 20645417 -0.26 0.44 0.00 0.00 HOLD
23.016	>>> V 0.00 0.00
23.017	S 20645437 -0.26 0.44 0.00 0.00 HOLD
23.035	>>> V 0.00 0.00
23.035	S 20645457 -0.35 0.44 0.00 0.00 HOLD
23.057	>>> V 0.00 0.00
23.058	S 20645477 -0.26 0.44 0.00 0.00 HOLD
23.075	>>> V 0.00 0.00
23.076	S 20645497 -0.26 0.44 0.00 0.00 HOLD
23.099	>>> V 0.00 0.00
23.099	S 20645517 -0.26 0.44 0.00 0.00 HOLD
23.101	S 20645537 -0.35 0.44 0.00 0.00 HOLD
23.116	>>> V 0.00 0.00
23.135	>>> V 0.00 0.00
23.136	S 20645557 -0.35 0.44 0.00 0.00 HOLD
23.155	>>> V 0.00 0.00
23.156	S 20645577 -0.26 0.44 0.00 0.00 HOLD
23.175	>>> V 0.00 0.00
23.175	S 20645597 -0.26 0.44 0.00 0.00 HOLD
23.197	>>> V 0.00 0.00
23.199	S 20645617 -0.26 0.44 0.00 0.00 HOLD
23.218	>>> V 0.00 0.00
23.219	S 20645637 -0.35 0.44 0.00 0.00 HOLD
23.236	>>> V 0.00 0.00
23.236	S 20645657 -0.26 0.44 0.00 0.00 HOLD
23.255	>>> V 0.00 0.00
23.255	S 20645677 -0.35 0.44 0.00 0.00 HOLD
23.275	>>> V 0.00 0.00
23.275	S 20645697 -0.35 0.44 0.00 0.00 HOLD
23.295	>>> V 0.00 0.00
23.296	S 20645717 -0.35 0.44 0.00 0.00 HOLD
23.315	>>> V 0.00 0.00
23.316	S 20645737 -0.26 0.44 0.00 0.00 HOLD
23.334	>>> V 0.00 0.00
23.335	S 20645757 -0.26 0.44 0.00 0.00 HOLD
23.356	>>> V 0.00 0.00
23.358	S 20645777 -0.35 0.44 0.00 0.00 HOLD
23.374	>>> V 0.00 0.00
23.375	S 20645797 -0.26 0.44 0.00 0.00 HOLD
23.396	>>> V 0.00 0.00
23.397	S 20645817 -0.35 0.44 0.00 0.00 HOLD
23.416	>>> V 0.00 0.00
23.416	S 20645837 -0.26 0.44 0.00 0.00 HOLD
23.437	>>> V 0.00 0.00
23.437	S 20645857 -0.26 0.44 0.00 0.00 HOLD
23.455	>>> V 0.00 0.00
23.455	S 20645877 -0.35 0.53 0.00 0.00 HOLD
23.475	>>> V 0.00 0.00
23.475	S 20645897 -0.26 0.44 0.00 0.00 HOLD
23.494	>>> V 0.00 0.00
23.496	S 20645917 -0.26 0.44 0.00 0.00 HOLD
23.515	>>> V 0.00 0.00
23.515	S 20645937 -0.35 0.44 0.00 0.00 HOLD
23.535	>>> V 0.00 0.00
23.536	S 20645957 -0.26 0.44 0.00 0.00 HOLD
23.554	>>> V 0.00 0.00
23.554	S 20645977 -0.26 0.44 0.00 0.00 HOLD
23.574	>>> V 0.00 0.00
23.575	S 20645997 -0.26 0.44 0.00 0.00 HOLD
23.594	>>> V 0.00 0.00
23.595	S 20646017 -0.26 0.44 0.00 0.00 HOLD
23.616	>>> V 0.00 0.00
23.616	S 20646037 -0.26 0.44 0.00 0.00 HOLD
23.634	>>> V 0.00 0.00
23.635	S 20646057 -0.35 0.44 0.00 0.00 HOLD
23.656	>>> V 0.00 0.00
23.657	S 20646077 -0.26 0.44 0.00 0.00 HOLD
23.674	>>> V 0.00 0.00
23.676	S 20646097 -0.26 0.44 0.00 0.00 HOLD
23.696	>>> V 0.00 0.00
23.697	S 20646117 -0.35 0.44 0.00 0.00 HOLD
23.715	>>> V 0.00 0.00
23.716	S 20646137 -0.35 0.44 0.00 0.00 HOLD
23.735	>>> V 0.00 0.00
23.735	S 20646157 -0.26 0.44 0.00 0.00 HOLD
23.755	>>> V 0.00 0.00
23.756	S 20646177 -0.26 0.44 0.00 0.00 HOLD
23.774	>>> V 0.00 0.00
23.775	S 20646197 -0.35 0.44 0.00 0.00 HOLD
23.797	>>> V 0.00 0.00
23.798	S 20646217 -0.26 0.44 0.00 0.00 HOLD
23.815	>>> V 0.00 0.00
23.815	S 20646237 -0.26 0.44 0.00 0.00 HOLD
23.836	>>> V 0.00 0.00
23.836	S 20646257 -0.35 0.44 0.00 0.00 HOLD
23.854	>>> V 0.00 0.00
23.856	S 20646277 -0.26 0.44 0.00 0.00 HOLD
23.875	>>> V 0.00 0.00
23.875	S 20646297 -0.35 0.44 0.00 0.00 HOLD
23.897	>>> V 0.00 0.00
23.898	S 20646317 -0.26 0.44 0.00 0.00 HOLD
23.919	>>> V 0.00 0.00
23.920	S 20646337 -0.35 0.44 0.00 0.00 HOLD
23.924	S 20646357 -0.35 0.44 0.00 0.00 HOLD
23.936	>>> V 0.00 0.00
23.955	>>> V 0.00 0.00
23.956	S 20646377 -0.26 0.44 0.00 0.00 HOLD
23.975	>>> V 0.00 0.00
23.975	S 20646397 -0.26 0.44 0.00 0.00 HOLD
23.997	>>> V 0.00 0.00
23.999	S 20646417 -0.35 0.44 0.00 0.00 HOLD
24.015	>>> V 0.00 0.00
24.016	S 20646437 -0.26 0.44 0.00 0.00 HOLD
24.035	>>> V 0.00 0.00
24.036	S 20646457 -0.26 0.44 0.00 0.00 HOLD
24.054	>>> V 0.00 0.00
24.055	S 20646477 -0.35 0.44 0.00 0.00 HOLD
24.076	>>> V 0.00 0.00
24.076	S 20646497 -0.26 0.44 0.00 0.00 HOLD
24.095	>>> V 0.00 0.00
24.096	S 20646517 -0.26 0.44 0.00 0.00 HOLD
24.115	>>> V 0.00 0.00
24.117	S 20646537 -0.26 0.44 0.00 0.00 HOLD
24.135	>>> V 0.00 0.00
24.135	S 20646557 -0.35 0.44 0.00 0.00 HOLD
24.155	>>> V 0.00 0.00
24.156	S 20646577 -0.35 0.44 0.00 0.00 HOLD
24.175	>>> V 0.00 0.00
24.175	S 20646597 -0.26 0.44 0.00 0.00 HOLD
24.195	>>> V 0.00 0.00
24.196	S 20646617 -0.26 0.44 0.00 0.00 HOLD
24.216	>>> V 0.00 0.00
24.216	S 20646637 -0.26 0.44 0.00 0.00 HOLD
24.234	>>> V 0.00 0.00
24.235	S 20646657 -0.26 0.44 0.00 0.00 HOLD
24.257	>>> V 0.00 0.00
24.258	S 20646677 -0.26 0.44 0.00 0.00 HOLD
24.275	>>> V 0.00 0.00
24.275	S 20646697 -0.26 0.44 0.00 0.00 HOLD
24.297	>>> V 0.00 0.00
24.298	S 20646717 -0.35 0.44 0.00 0.00 HOLD
24.315	>>> V 0.00 0.00
24.315	S 20646737 -0.35 0.44 0.00 0.00 HOLD
24.336	>>> V 0.00 0.00
24.337	S 20646757 -0.35 0.44 0.00 0.00 HOLD
24.355	>>> V 0.00 0.00
24.355	S 20646777 -0.26 0.44 0.00 0.00 HOLD
24.376	>>> V 0.00 0.00
24.377	S 20646797 -0.26 0.44 0.00 0.00 HOLD
24.395	>>> V 0.00 0.00
24.395	S 20646817 -0.26 0.44 0.00 0.00 HOLD
24.416	>>> V 0.00 0.00
24.417	S 20646837 -0.35 0.44 0.00 0.00 HOLD
24.435	>>> V 0.00 0.00
24.435	S 20646857 -0.26 0.44 0.00 0.00 HOLD
24.456	>>> V 0.00 0.00
24.456	S 20646877 -0.35 0.44 0.00 0.00 HOLD
24.475	>>> V 0.00 0.00
24.475	S 20646897 -0.35 0.44 0.00 0.00 HOLD
24.497	>>> V 0.00 0.00
24.497	S 20646917 -0.35 0.44 0.00 0.00 HOLD
24.515	>>> V 0.00 0.00
24.515	S 20646937 -0.26 0.44 0.00 0.00 HOLD
24.535	>>> V 0.00 0.00
24.535	S 20646957 -0.35 0.44 0.00 0.00 HOLD
24.555	>>> V 0.00 0.00
24.555	S 20646977 -0.35 0.44 0.00 0.00 HOLD
24.574	>>> V 0.00 0.00
24.575	S 20646997 -0.26 0.44 0.00 0.00 HOLD
24.595	>>> V 0.00 0.00
24.596	S 20647017 -0.26 0.44 0.00 0.00 HOLD
24.614	>>> V 0.00 0.00
24.615	S 20647037 -0.26 0.44 0.00 0.00 HOLD
24.635	>>> V 0.00 0.00
24.637	S 20647057 -0.35 0.44 0.00 0.00 HOLD
24.655	>>> V 0.00 0.00
24.656	S 20647077 -0.35 0.44 0.00 0.00 HOLD
24.677	>>> V 0.00 0.00
24.677	S 20647097 -0.35 0.53 0.00 0.00 HOLD
24.695	>>> V 0.00 0.00
24.695	S 20647117 -0.26 0.44 0.00 0.00 HOLD
24.715	>>> V 0.00 0.00
24.716	S 20647137 -0.35 0.44 0.00 0.00 HOLD
24.734	>>> V 0.00 0.00
24.735	S 20647157 -0.26 0.44 0.00 0.00 HOLD
24.755	>>> V 0.00 0.00
24.755	S 20647177 -0.26 0.44 0.00 0.00 HOLD
24.776	>>> V 0.00 0.00
24.776	S 20647197 -0.35 0.44 0.00 0.00 HOLD
24.794	>>> V 0.00 0.00
24.795	S 20647217 -0.26 0.44 0.00 0.00 HOLD
24.816	>>> V 0.00 0.00
24.817	S 20647237 -0.26 0.44 0.00 0.00 HOLD
24.834	>>> V 0.00 0.00
24.835	S 20647257 -0.26 0.44 0.00 0.00 HOLD
24.857	>>> V 0.00 0.00
24.858	S 20647277 -0.35 0.44 0.00 0.00 HOLD
24.875	>>> V 0.00 0.00
24.875	S 20647297 -0.35 0.44 0.00 0.00 HOLD
24.896	>>> V 0.00 0.00
24.897	S 20647317 -0.35 0.44 0.00 0.00 HOLD
24.915	>>> V 0.00 0.00
24.915	S 20647337 -0.26 0.44 0.00 0.00 HOLD
24.935	>>> V 0.00 0.00
24.936	S 20647357 -0.26 0.44 0.00 0.00 HOLD
24.955	>>> V 0.00 0.00
24.955	S 20647377 -0.26 0.44 0.00 0.00 HOLD
24.974	>>> V 0.00 0.00
24.975	S 20647397 -0.26 0.44 0.00 0.00 HOLD
24.995	>>> V 0.00 0.00
24.996	S 20647418 -0.35 0.44 0.00 0.00 HOLD
25.014	>>> V 0.00 0.00
25.015	S 20647437 -0.26 0.44 0.00 0.00 HOLD
25.036	>>> V 0.00 0.00
25.036	S 20647458 -0.35 0.44 0.00 0.00 HOLD
25.054	>>> V 0.00 0.00
25.055	S 20647478 -0.26 0.44 0.00 0.00 HOLD
25.076	>>> V 0.00 0.00
25.077	S 20647498 -0.26 0.44 0.00 0.00 HOLD
25.095	>>> V 0.00 0.00
25.095	S 20647518 -0.26 0.44 0.00 0.00 HOLD
25.115	>>> V 0.00 0.00
25.116	S 20647538 -0.35 0.44 0.00 0.00 HOLD
25.134	>>> V 0.00 0.00
25.136	S 20647558 -0.35 0.44 0.00 0.00 HOLD
25.155	>>> V 0.00 0.00
25.155	S 20647578 -0.35 0.44 0.00 0.00 HOLD
25.175	>>> V 0.00 0.00
25.176	S 20647598 -0.26 0.44 0.00 0.00 HOLD
25.194	>>> V 0.00 0.00
25.195	S 20647618 -0.26 0.44 0.00 0.00 HOLD
25.215	>>> V 0.00 0.00
25.216	S 20647638 -0.26 0.44 0.00 0.00 HOLD
25.235	>>> V 0.00 0.00
25.235	S 20647658 -0.35 0.44 0.00 0.00 HOLD
25.256	>>> V 0.00 0.00
25.258	S 20647678 -0.26 0.44 0.00 0.00 HOLD
25.275	>>> V 0.00 0.00
25.275	S 20647698 -0.35 0.44 0.00 0.00 HOLD
25.296	>>> V 0.00 0.00
25.296	S 20647718 -0.26 0.44 0.00 0.00 HOLD
25.314	>>> V 0.00 0.00
25.316	S 20647738 -0.35 0.44 0.00 0.00 HOLD
25.335	>>> V 0.00 0.00
25.336	S 20647758 -0.35 0.44 0.00 0.00 HOLD
25.356	>>> V 0.00 0.00
25.357	S 20647778 -0.35 0.44 0.00 0.00 HOLD
25.374	>>> V 0.00 0.00
25.375	S 20647798 -0.35 0.44 0.00 0.00 HOLD
25.396	>>> V 0.00 0.00
25.396	S 20647818 -0.26 0.44 0.00 0.00 HOLD
25.416	>>> V 0.00 0.00
25.416	S 20647838 -0.26 0.44 0.00 0.00 HOLD
25.434	>>> V 0.00 0.00
25.435	S 20647858 -0.35 0.44 0.00 0.00 HOLD
25.456	>>> V 0.00 0.00
25.458	S 20647878 -0.26 0.44 0.00 0.00 HOLD
25.474	>>> V 0.00 0.00
25.475	S 20647898 -0.35 0.44 0.00 0.00 HOLD
25.495	>>> V 0.00 0.00
25.496	S 20647918 -0.35 0.44 0.00 0.00 HOLD
25.515	>>> V 0.00 0.00
25.516	S 20647938 -0.26 0.44 0.00 0.00 HOLD
25.536	>>> V 0.00 0.00
25.536	S 20647958 -0.35 0.44 0.00 0.00 HOLD
25.555	>>> V 0.00 0.00
25.555	S 20647978 -0.35 0.44 0.00 0.00 HOLD
25.575	>>> V 0.00 0.00
25.575	S 20647998 -0.35 0.44 0.00 0.00 HOLD
25.595	>>> V 0.00 0.00
25.595	S 20648018 -0.26 0.44 0.00 0.00 HOLD
25.614	>>> V 0.00 0.00
25.615	S 20648038 -0.26 0.44 0.00 0.00 HOLD
25.636	>>> V 0.00 0.00
25.637	S 20648058 -0.35 0.44 0.00 0.00 HOLD
25.656	>>> V 0.00 0.00
25.657	S 20648078 -0.26 0.44 0.00 0.00 HOLD
25.677	>>> V 0.00 0.00
25.677	S 20648098 -0.26 0.44 0.00 0.00 HOLD
25.695	>>> V 0.00 0.00
25.696	S 20648118 -0.35 0.44 0.00 0.00 HOLD
25.715	>>> V 0.00 0.00
25.716	S 20648138 -0.26 0.44 0.00 0.00 HOLD
25.736	>>> V 0.00 0.00
25.737	S 20648158 -0.35 0.44 0.00 0.00 HOLD
25.755	>>> V 0.00 0.00
25.755	S 20648178 -0.35 0.44 0.00 0.00 HOLD
25.775	>>> V 0.00 0.00
25.775	S 20648198 -0.26 0.44 0.00 0.00 HOLD
25.796	>>> V 0.00 0.00
25.796	S 20648218 -0.35 0.44 0.00 0.00 HOLD
25.820	>>> V 0.00 0.00
25.821	S 20648238 -0.26 0.44 0.00 0.00 HOLD
25.826	S 20648258 -0.35 0.44 0.00 0.00 HOLD
25.835	>>> V 0.00 0.00
25.856	>>> V 0.00 0.00
25.857	S 20648278 -0.26 0.44 0.00 0.00 HOLD
25.875	>>> V 0.00 0.00
25.877	S 20648298 -0.26 0.44 0.00 0.00 HOLD
25.896	>>> V 0.00 0.00
25.897	S 20648318 -0.35 0.44 0.00 0.00 HOLD
25.919	>>> V 0.00 0.00
25.920	S 20648338 -0.35 0.44 0.00 0.00 HOLD
25.923	S 20648358 -0.26 0.44 0.00 0.00 HOLD
25.936	>>> V 0.00 0.00
25.955	>>> V 0.00 0.00
25.956	S 20648378 -0.26 0.44 0.00 0.00 HOLD
25.974	>>> V 0.00 0.00
25.975	S 20648398 -0.26 0.44 0.00 0.00 HOLD
25.995	>>> V 0.00 0.00
25.997	S 20648418 -0.35 0.44 0.00 0.00 HOLD
26.015	>>> V 0.00 0.00
26.016	S 20648438 -0.26 0.44 0.00 0.00 HOLD
26.036	>>> V 0.00 0.00
26.036	S 20648458 -0.26 0.44 0.00 0.00 HOLD
26.056	>>> V 0.00 0.00
26.057	S 20648478 -0.35 0.44 0.00 0.00 HOLD
26.074	>>> V 0.00 0.00
26.075	S 20648498 -0.35 0.44 0.00 0.00 HOLD
26.097	>>> V 0.00 0.00
26.099	S 20648518 -0.26 0.44 0.00 0.00 HOLD
26.115	>>> V 0.00 0.00
26.116	S 20648538 -0.35 0.44 0.00 0.00 HOLD
26.138	>>> V 0.00 0.00
26.138	S 20648558 -0.35 0.44 0.00 0.00 HOLD
26.155	>>> V 0.00 0.00
26.155	S 20648578 -0.26 0.44 0.00 0.00 HOLD
26.174	>>> V 0.00 0.00
26.175	S 20648598 -0.35 0.44 0.00 0.00 HOLD
26.196	>>> V 0.00 0.00
26.197	S 20648618 -0.26 0.44 0.00 0.00 HOLD
26.215	>>> V 0.00 0.00
26.217	S 20648638 -0.35 0.44 0.00 0.00 HOLD
26.236	>>> V 0.00 0.00
26.237	S 20648658 -0.26 0.44 0.00 0.00 HOLD
26.255	>>> V 0.00 0.00
26.256	S 20648678 -0.26 0.44 0.00 0.00 HOLD
26.275	>>> V 0.00 0.00
26.275	S 20648698 -0.35 0.53 0.00 0.00 HOLD
26.296	>>> V 0.00 0.00
26.296	S 20648718 -0.26 0.53 0.00 0.00 HOLD
26.314	>>> V 0.00 0.00
26.315	S 20648738 -0.26 0.44 0.00 0.00 HOLD
26.336	>>> V 0.00 0.00
26.337	S 20648758 -0.26 0.44 0.00 0.00 HOLD
26.356	>>> V 0.00 0.00
26.356	S 20648778 -0.26 0.44 0.00 0.00 HOLD
26.376	>>> V 0.00 0.00
26.377	S 20648798 -0.26 0.53 0.00 0.00 HOLD
26.395	>>> V 0.00 0.00
26.396	S 20648818 -0.35 0.44 0.00 0.00 HOLD
26.415	>>> V 0.00 0.00
26.415	S 20648838 -0.35 0.44 0.00 0.00 HOLD
26.434	>>> V 0.00 0.00
26.435	S 20648858 -0.35 0.44 0.00 0.00 HOLD
26.454	>>> V 0.00 0.00
26.455	S 20648878 -0.26 0.53 0.00 0.00 HOLD
26.477	>>> V 0.00 0.00
26.477	S 20648898 -0.26 0.44 0.00 0.00 HOLD
26.495	>>> V 0.00 0.00
26.496	S 20648918 -0.35 0.44 0.00 0.00 HOLD
26.515	>>> V 0.00 0.00
26.515	S 20648938 -0.35 0.44 0.00 0.00 HOLD
26.535	>>> V 0.00 0.00
26.537	S 20648958 -0.26 0.44 0.00 0.00 HOLD
26.554	>>> V 0.00 0.00
26.556	S 20648978 -0.26 0.44 0.00 0.00 HOLD
26.576	>>> V 0.00 0.00
26.577	S 20648998 -0.26 0.44 0.00 0.00 HOLD
26.594	>>> V 0.00 0.00
26.596	S 20649018 -0.26 0.44 0.00 0.00 HOLD
26.615	>>> V 0.00 0.00
26.615	S 20649038 -0.26 0.44 0.00 0.00 HOLD
26.635	>>> V 0.00 0.00
26.636	S 20649058 -0.26 0.44 0.00 0.00 HOLD
26.654	>>> V 0.00 0.00
26.655	S 20649078 -0.35 0.53 0.00 0.00 HOLD
26.676	>>> V 0.00 0.00
26.677	S 20649098 -0.26 0.44 0.00 0.00 HOLD
26.695	>>> V 0.00 0.00
26.695	S 20649118 -0.26 0.44 0.00 0.00 HOLD
26.717	>>> V 0.00 0.00
26.717	S 20649138 -0.35 0.44 0.00 0.00 HOLD
26.734	>>> V 0.00 0.00
26.735	S 20649158 -0.26 0.44 0.00 0.00 HOLD
26.755	>>> V 0.00 0.00
26.755	S 20649178 -0.35 0.44 0.00 0.00 HOLD
26.775	>>> V 0.00 0.00
26.776	S 20649198 -0.26 0.44 0.00 0.00 HOLD
26.794	>>> V 0.00 0.00
26.795	S 20649218 -0.26 0.44 0.00 0.00 HOLD
26.815	>>> V 0.00 0.00
26.817	S 20649238 -0.35 0.44 0.00 0.00 HOLD
26.835	>>> V 0.00 0.00
26.835	S 20649258 -0.35 0.44 0.00 0.00 HOLD
26.855	>>> V 0.00 0.00
26.855	S 20649278 -0.26 0.44 0.00 0.00 HOLD
26.879	>>> V 0.00 0.00
26.880	S 20649298 -0.26 0.44 0.00 0.00 HOLD
26.894	>>> V 0.00 0.00
26.895	S 20649318 -0.35 0.44 0.00 0.00 HOLD
26.915	>>> V 0.00 0.00
26.916	S 20649338 -0.35 0.44 0.00 0.00 HOLD
26.934	>>> V 0.00 0.00
26.937	S 20649358 -0.35 0.44 0.00 0.00 HOLD
26.956	>>> V 0.00 0.00
26.956	S 20649378 -0.26 0.44 0.00 0.00 HOLD
26.975	>>> V 0.00 0.00
26.976	S 20649398 -0.35 0.44 0.00 0.00 HOLD
26.994	>>> V 0.00 0.00
26.996	S 20649418 -0.26 0.53 0.00 0.00 HOLD
27.017	>>> V 0.00 0.00
27.017	S 20649438 -0.35 0.44 0.00 0.00 HOLD
27.034	>>> V 0.00 0.00
27.036	S 20649458 -0.26 0.44 0.00 0.00 HOLD
27.056	>>> V 0.00 0.00
27.056	S 20649478 -0.35 0.44 0.00 0.00 HOLD
27.075	>>> V 0.00 0.00
27.076	S 20649498 -0.35 0.44 0.00 0.00 HOLD
27.095	>>> V 0.00 0.00
27.095	S 20649518 -0.35 0.44 0.00 0.00 HOLD
27.116	>>> V 0.00 0.00
27.117	S 20649538 -0.26 0.44 0.00 0.00 HOLD
27.135	>>> V 0.00 0.00
27.136	S 20649558 -0.35 0.44 0.00 0.00 HOLD
27.155	>>> V 0.00 0.00
27.156	S 20649578 -0.26 0.44 0.00 0.00 HOLD
27.175	>>> V 0.00 0.00
27.177	S 20649598 -0.35 0.44 0.00 0.00 HOLD
27.194	>>> V 0.00 0.00
27.195	S 20649618 -0.26 0.44 0.00 0.00 HOLD
27.216	>>> V 0.00 0.00
27.216	S 20649638 -0.35 0.44 0.00 0.00 HOLD
27.235	>>> V 0.00 0.00
27.235	S 20649658 -0.35 0.44 0.00 0.00 HOLD
27.256	>>> V 0.00 0.00
27.257	S 20649678 -0.35 0.44 0.00 0.00 HOLD
27.275	>>> V 0.00 0.00
27.276	S 20649698 -0.35 0.44 0.00 0.00 HOLD
27.295	>>> V 0.00 0.00
27.295	S 20649718 -0.26 0.44 0.00 0.00 HOLD
27.314	>>> V 0.00 0.00
27.316	S 20649738 -0.26 0.44 0.00 0.00 HOLD
27.334	>>> V 0.00 0.00
27.335	S 20649758 -0.26 0.44 0.00 0.00 HOLD
27.355	>>> V 0.00 0.00
27.356	S 20649778 -0.26 0.44 0.00 0.00 HOLD
27.374	>>> V 0.00 0.00
27.375	S 20649798 -0.35 0.44 0.00 0.00 HOLD
27.395	>>> V 0.00 0.00
27.395	S 20649818 -0.26 0.44 0.00 0.00 HOLD
27.415	>>> V 0.00 0.00
27.415	S 20649838 -0.35 0.44 0.00 0.00 HOLD
27.435	>>> V 0.00 0.00
27.437	S 20649858 -0.35 0.44 0.00 0.00 HOLD
27.457	>>> V 0.00 0.00
27.458	S 20649878 -0.35 0.44 0.00 0.00 HOLD
27.474	>>> V 0.00 0.00
27.475	S 20649898 -0.26 0.44 0.00 0.00 HOLD
27.496	>>> V 0.00 0.00
27.497	S 20649918 -0.35 0.44 0.00 0.00 HOLD
27.515	>>> V 0.00 0.00
27.515	S 20649938 -0.26 0.53 0.00 0.00 HOLD
27.536	>>> V 0.00 0.00
27.537	S 20649958 -0.26 0.44 0.00 0.00 HOLD
27.555	>>> V 0.00 0.00
27.556	S 20649978 -0.35 0.44 0.00 0.00 HOLD
27.575	>>> V 0.00 0.00
27.575	S 20649998 -0.26 0.44 0.00 0.00 HOLD
27.594	>>> V 0.00 0.00
27.595	S 20650018 -0.35 0.44 0.00 0.00 HOLD
27.615	>>> V 0.00 0.00
27.615	S 20650038 -0.26 0.44 0.00 0.00 HOLD
27.634	>>> V 0.00 0.00
27.635	S 20650058 -0.26 0.44 0.00 0.00 HOLD
27.656	>>> V 0.00 0.00
27.657	S 20650078 -0.26 0.44 0.00 0.00 HOLD
27.675	>>> V 0.00 0.00
27.676	S 20650098 -0.35 0.44 0.00 0.00 HOLD
27.695	>>> V 0.00 0.00
27.697	S 20650118 -0.26 0.44 0.00 0.00 HOLD
27.714	>>> V 0.00 0.00
27.715	S 20650138 -0.35 0.44 0.00 0.00 HOLD
27.736	>>> V 0.00 0.00
27.737	S 20650158 -0.26 0.44 0.00 0.00 HOLD
27.756	>>> V 0.00 0.00
27.756	S 20650178 -0.35 0.44 0.00 0.00 HOLD
27.776	>>> V 0.00 0.00
27.776	S 20650198 -0.26 0.44 0.00 0.00 HOLD
27.795	>>> V 0.00 0.00
27.795	S 20650218 -0.26 0.44 0.00 0.00 HOLD
27.816	>>> V 0.00 0.00
27.816	S 20650238 -0.26 0.44 0.00 0.00 HOLD
27.835	>>> V 0.00 0.00
27.835	S 20650258 -0.35 0.44 0.00 0.00 HOLD
27.854	>>> V 0.00 0.00
27.855	S 20650278 -0.35 0.44 0.00 0.00 HOLD
27.875	>>> V 0.00 0.00
27.875	S 20650298 -0.26 0.44 0.00 0.00 HOLD
27.895	>>> V 0.00 0.00
27.895	S 20650318 -0.26 0.44 0.00 0.00 HOLD
27.915	>>> V 0.00 0.00
27.916	S 20650338 -0.35 0.44 0.00 0.00 HOLD
27.936	>>> V 0.00 0.00
27.937	S 20650358 -0.35 0.44 0.00 0.00 HOLD
27.955	>>> V 0.00 0.00
27.955	S 20650378 -0.35 0.44 0.00 0.00 HOLD
27.974	>>> V 0.00 0.00
27.975	S 20650398 -0.35 0.44 0.00 0.00 HOLD
27.994	>>> V 0.00 0.00
27.995	S 20650418 -0.26 0.44 0.00 0.00 HOLD
28.016	>>> V 0.00 0.00
28.016	S 20650438 -0.35 0.44 0.00 0.00 HOLD
28.035	>>> V 0.00 0.00
28.035	S 20650458 -0.35 0.44 0.00 0.00 HOLD
28.054	>>> V 0.00 0.00
28.055	S 20650478 -0.35 0.44 0.00 0.00 HOLD
28.075	>>> V 0.00 0.00
28.075	S 20650498 -0.35 0.44 0.00 0.00 HOLD
28.094	>>> V 0.00 0.00
28.095	S 20650518 -0.26 0.44 0.00 0.00 HOLD
28.116	>>> V 0.00 0.00
28.117	S 20650538 -0.26 0.44 0.00 0.00 HOLD
28.135	>>> V 0.00 0.00
28.136	S 20650558 -0.26 0.44 0.00 0.00 HOLD
28.155	>>> V 0.00 0.00
28.156	S 20650578 -0.26 0.44 0.00 0.00 HOLD
28.175	>>> V 0.00 0.00
28.176	S 20650598 -0.26 0.44 0.00 0.00 HOLD
28.195	>>> V 0.00 0.00
28.195	S 20650618 -0.35 0.44 0.00 0.00 HOLD
28.215	>>> V 0.00 0.00
28.215	S 20650638 -0.26 0.44 0.00 0.00 HOLD
28.235	>>> V 0.00 0.00
28.235	S 20650658 -0.26 0.44 0.00 0.00 HOLD
28.255	>>> V 0.00 0.00
28.255	S 20650678 -0.26 0.44 0.00 0.00 HOLD
28.275	>>> V 0.00 0.00
28.276	S 20650698 -0.26 0.44 0.00 0.00 HOLD
28.294	>>> V 0.00 0.00
28.295	S 20650718 -0.35 0.44 0.00 0.00 HOLD
28.316	>>> V 0.00 0.00
28.317	S 20650738 -0.26 0.44 0.00 0.00 HOLD
28.335	>>> V 0.00 0.00
28.335	S 20650758 -0.35 0.44 0.00 0.00 HOLD
28.355	>>> V 0.00 0.00
28.356	S 20650778 -0.26 0.44 0.00 0.00 HOLD
28.375	>>> V 0.00 0.00
28.375	S 20650798 -0.35 0.44 0.00 0.00 HOLD
28.395	>>> V 0.00 0.00
28.398	S 20650818 -0.26 0.44 0.00 0.00 HOLD
28.415	>>> V 0.00 0.00
28.416	S 20650838 -0.26 0.44 0.00 0.00 HOLD
28.436	>>> V 0.00 0.00
28.437	S 20650858 -0.26 0.44 0.00 0.00 HOLD
28.457	>>> V 0.00 0.00
28.457	S 20650878 -0.26 0.53 0.00 0.00 HOLD
28.476	>>> V 0.00 0.00
28.477	S 20650898 -0.26 0.44 0.00 0.00 HOLD
28.495	>>> V 0.00 0.00
28.495	S 20650918 -0.26 0.44 0.00 0.00 HOLD
28.515	>>> V 0.00 0.00
28.515	S 20650938 -0.26 0.53 0.00 0.00 HOLD
28.535	>>> V 0.00 0.00
28.536	S 20650958 -0.35 0.44 0.00 0.00 HOLD
28.555	>>> V 0.00 0.00
28.555	S 20650978 -0.35 0.44 0.00 0.00 HOLD
28.575	>>> V 0.00 0.00
28.576	S 20650998 -0.26 0.53 0.00 0.00 HOLD
28.595	>>> V 0.00 0.00
28.596	S 20651018 -0.26 0.44 0.00 0.00 HOLD
28.617	>>> V 0.00 0.00
28.618	S 20651038 -0.35 0.44 0.00 0.00 HOLD
28.634	>>> V 0.00 0.00
28.635	S 20651058 -0.26 0.44 0.00 0.00 HOLD
28.656	>>> V 0.00 0.00
28.657	S 20651078 -0.35 0.44 0.00 0.00 HOLD
28.676	>>> V 0.00 0.00
28.676	S 20651098 -0.26 0.53 0.00 0.00 HOLD
28.696	>>> V 0.00 0.00
28.696	S 20651118 -0.35 0.44 0.00 0.00 HOLD
28.716	>>> V 0.00 0.00
28.716	S 20651138 -0.26 0.44 0.00 0.00 HOLD
28.735	>>> V 0.00 0.00
28.736	S 20651158 -0.35 0.44 0.00 0.00 HOLD
28.759	>>> V 0.00 0.00
28.760	S 20651178 -0.26 0.44 0.00 0.00 HOLD
28.764	S 20651198 -0.26 0.44 0.00 0.00 HOLD
28.774	>>> V 0.00 0.00
28.796	>>> V 0.00 0.00
28.797	S 20651218 -0.26 0.44 0.00 0.00 HOLD
28.815	>>> V 0.00 0.00
28.816	S 20651238 -0.26 0.44 0.00 0.00 HOLD
28.836	>>> V 0.00 0.00
28.837	S 20651258 -0.26 0.53 0.00 0.00 HOLD
28.855	>>> V 0.00 0.00
28.855	S 20651278 -0.26 0.44 0.00 0.00 HOLD
28.875	>>> V 0.00 0.00
28.876	S 20651298 -0.26 0.44 0.00 0.00 HOLD
28.895	>>> V 0.00 0.00
28.895	S 20651318 -0.26 0.44 0.00 0.00 HOLD
28.915	>>> V 0.00 0.00
28.915	S 20651338 -0.26 0.44 0.00 0.00 HOLD
28.934	>>> V 0.00 0.00
28.936	S 20651358 -0.26 0.44 0.00 0.00 HOLD
28.954	>>> V 0.00 0.00
28.955	S 20651378 -0.35 0.44 0.00 0.00 HOLD
28.976	>>> V 0.00 0.00
28.976	S 20651398 -0.26 0.44 0.00 0.00 HOLD
28.994	>>> V 0.00 0.00
28.995	S 20651418 -0.26 0.44 0.00 0.00 HOLD
29.015	>>> V 0.00 0.00
29.016	S 20651438 -0.35 0.44 0.00 0.00 HOLD
29.034	>>> V 0.00 0.00
29.034	S 20651458 -0.35 0.53 0.00 0.00 HOLD
29.054	>>> V 0.00 0.00
29.057	S 20651478 -0.26 0.44 0.00 0.00 HOLD
29.074	>>> V 0.00 0.00
29.075	S 20651498 -0.35 0.44 0.00 0.00 HOLD
29.096	>>> V 0.00 0.00
29.096	S 20651518 -0.35 0.53 0.00 0.00 HOLD
29.115	>>> V 0.00 0.00
29.116	S 20651538 -0.26 0.44 0.00 0.00 HOLD
29.136	>>> V 0.00 0.00
29.137	S 20651558 -0.26 0.44 0.00 0.00 HOLD
29.155	>>> V 0.00 0.00
29.156	S 20651578 -0.26 0.44 0.00 0.00 HOLD
29.176	>>> V 0.00 0.00
29.176	S 20651598 -0.35 0.44 0.00 0.00 HOLD
29.194	>>> V 0.00 0.00
29.195	S 20651618 -0.26 0.44 0.00 0.00 HOLD
29.215	>>> V 0.00 0.00
29.215	S 20651638 -0.35 0.44 0.00 0.00 HOLD
29.235	>>> V 0.00 0.00
29.236	S 20651658 -0.26 0.44 0.00 0.00 HOLD
29.254	>>> V 0.00 0.00
29.256	S 20651678 -0.26 0.44 0.00 0.00 HOLD
29.275	>>> V 0.00 0.00
29.277	S 20651698 -0.26 0.44 0.00 0.00 HOLD
29.294	>>> V 0.00 0.00
29.296	S 20651718 -0.26 0.44 0.00 0.00 HOLD
29.317	>>> V 0.00 0.00
29.317	S 20651738 -0.35 0.53 0.00 0.00 HOLD
29.335	>>> V 0.00 0.00
29.335	S 20651758 -0.26 0.44 0.00 0.00 HOLD
29.355	>>> V 0.00 0.00
29.355	S 20651778 -0.26 0.44 0.00 0.00 HOLD
29.375	>>> V 0.00 0.00
29.376	S 20651798 -0.26 0.44 0.00 0.00 HOLD
29.394	>>> V 0.00 0.00
29.395	S 20651818 -0.35 0.44 0.00 0.00 HOLD
29.415	>>> V 0.00 0.00
29.415	S 20651838 -0.26 0.44 0.00 0.00 HOLD
29.434	>>> V 0.00 0.00
29.435	S 20651858 -0.26 0.53 0.00 0.00 HOLD
29.455	>>> V 0.00 0.00
29.457	S 20651878 -0.26 0.44 0.00 0.00 HOLD
29.475	>>> V 0.00 0.00
29.475	S 20651898 -0.35 0.44 0.00 0.00 HOLD
29.496	>>> V 0.00 0.00
29.496	S 20651918 -0.35 0.44 0.00 0.00 HOLD
29.514	>>> V 0.00 0.00
29.516	S 20651938 -0.26 0.44 0.00 0.00 HOLD
29.537	>>> V 0.00 0.00
29.537	S 20651958 -0.26 0.44 0.00 0.00 HOLD
29.555	>>> V 0.00 0.00
29.556	S 20651978 -0.26 0.44 0.00 0.00 HOLD
29.576	>>> V 0.00 0.00
29.577	S 20651998 -0.26 0.44 0.00 0.00 HOLD
29.595	>>> V 0.00 0.00
29.595	S 20652018 -0.26 0.44 0.00 0.00 HOLD
29.615	>>> V 0.00 0.00
29.616	S 20652038 -0.26 0.44 0.00 0.00 HOLD
29.634	>>> V 0.00 0.00
29.637	S 20652058 -0.35 0.44 0.00 0.00 HOLD
29.654	>>> V 0.00 0.00
29.655	S 20652078 -0.26 0.44 0.00 0.00 HOLD
29.675	>>> V 0.00 0.00
29.676	S 20652098 -0.26 0.44 0.00 0.00 HOLD
29.694	>>> V 0.00 0.00
29.695	S 20652118 -0.26 0.44 0.00 0.00 HOLD
29.715	>>> V 0.00 0.00
29.717	S 20652138 -0.26 0.44 0.00 0.00 HOLD
29.735	>>> V 0.00 0.00
29.735	S 20652158 -0.26 0.44 0.00 0.00 HOLD
29.756	>>> V 0.00 0.00
29.758	S 20652178 -0.26 0.53 0.00 0.00 HOLD
29.775	>>> V 0.00 0.00
29.775	S 20652198 -0.26 0.44 0.00 0.00 HOLD
29.796	>>> V 0.00 0.00
29.797	S 20652218 -0.26 0.44 0.00 0.00 HOLD
29.815	>>> V 0.00 0.00
29.816	S 20652238 -0.26 0.53 0.00 0.00 HOLD
29.836	>>> V 0.00 0.00
29.837	S 20652258 -0.26 0.44 0.00 0.00 HOLD
29.855	>>> V 0.00 0.00
29.855	S 20652278 -0.26 0.44 0.00 0.00 HOLD
29.875	>>> V 0.00 0.00
29.875	S 20652298 -0.35 0.44 0.00 0.00 HOLD
29.894	>>> V 0.00 0.00
29.896	S 20652318 -0.35 0.44 0.00 0.00 HOLD
29.914	>>> V 0.00 0.00
29.915	S 20652338 -0.35 0.44 0.00 0.00 HOLD
29.935	>>> V 0.00 0.00
29.935	S 20652358 -0.26 0.44 0.00 0.00 HOLD
29.954	>>> V 0.00 0.00
29.954	S 20652378 -0.26 0.44 0.00 0.00 HOLD
29.976	>>> V 0.00 0.00
29.978	S 20652398 -0.26 0.44 0.00 0.00 HOLD
29.994	>>> V 0.00 0.00
29.995	S 20652418 -0.26 0.44 0.00 0.00 HOLD
30.015	>>> V 0.00 0.00
30.016	S 20652438 -0.26 0.44 0.00 0.00 HOLD
30.035	>>> V 0.00 0.00
30.035	S 20652458 -0.35 0.44 0.00 0.00 HOLD
30.055	>>> V 0.00 0.00
30.056	S 20652478 -0.26 0.44 0.00 0.00 HOLD
30.075	>>> V 0.00 0.00
30.075	S 20652498 -0.35 0.44 0.00 0.00 HOLD
30.096	>>> V 0.00 0.00
30.096	S 20652518 -0.26 0.44 0.00 0.00 HOLD
30.115	>>> V 0.00 0.00
30.115	S 20652538 -0.26 0.44 0.00 0.00 HOLD
30.135	>>> V 0.00 0.00
30.136	S 20652558 -0.26 0.44 0.00 0.00 HOLD
30.155	>>> V 0.00 0.00
30.155	S 20652578 -0.26 0.44 0.00 0.00 HOLD
30.174	>>> V 0.00 0.00
30.175	S 20652598 -0.26 0.44 0.00 0.00 HOLD
30.195	>>> V 0.00 0.00
30.196	S 20652618 -0.26 0.44 0.00 0.00 HOLD
30.214	>>> V 0.00 0.00
30.215	S 20652638 -0.35 0.44 0.00 0.00 HOLD
30.236	>>> V 0.00 0.00
30.237	S 20652658 -0.26 0.44 0.00 0.00 HOLD
30.255	>>> V 0.00 0.00
30.255	S 20652678 -0.26 0.44 0.00 0.00 HOLD
30.276	>>> V 0.00 0.00
30.276	S 20652698 -0.35 0.44 0.00 0.00 HOLD
30.295	>>> V 0.00 0.00
30.296	S 20652718 -0.26 0.44 0.00 0.00 HOLD
30.316	>>> V 0.00 0.00
30.316	S 20652738 -0.26 0.44 0.00 0.00 HOLD
30.334	>>> V 0.00 0.00
30.335	S 20652758 -0.26 0.44 0.00 0.00 HOLD
30.355	>>> V 0.00 0.00
30.355	S 20652778 -0.26 0.44 0.00 0.00 HOLD
30.374	>>> V 0.00 0.00
30.375	S 20652798 -0.26 0.44 0.00 0.00 HOLD
30.395	>>> V 0.00 0.00
30.396	S 20652818 -0.26 0.44 0.00 0.00 HOLD
30.415	>>> V 0.00 0.00
30.416	S 20652838 -0.35 0.44 0.00 0.00 HOLD
30.434	>>> V 0.00 0.00
30.435	S 20652858 -0.35 0.53 0.00 0.00 HOLD
30.455	>>> V 0.00 0.00
30.456	S 20652878 -0.26 0.44 0.00 0.00 HOLD
30.474	>>> V 0.00 0.00
30.475	S 20652898 -0.35 0.44 0.00 0.00 HOLD
30.497	>>> V 0.00 0.00
30.498	S 20652918 -0.26 0.44 0.00 0.00 HOLD
30.515	>>> V 0.00 0.00
30.516	S 20652938 -0.26 0.53 0.00 0.00 HOLD
30.536	>>> V 0.00 0.00
30.538	S 20652958 -0.26 0.44 0.00 0.00 HOLD
30.555	>>> V 0.00 0.00
30.556	S 20652978 -0.26 0.44 0.00 0.00 HOLD
30.575	>>> V 0.00 0.00
30.576	S 20652998 -0.26 0.44 0.00 0.00 HOLD
30.595	>>> V 0.00 0.00
30.596	S 20653018 -0.26 0.44 0.00 0.00 HOLD
30.615	>>> V 0.00 0.00
30.618	S 20653038 -0.26 0.44 0.00 0.00 HOLD
30.635	>>> V 0.00 0.00
30.635	S 20653058 -0.26 0.44 0.00 0.00 HOLD
30.654	>>> V 0.00 0.00
30.655	S 20653078 -0.26 0.44 0.00 0.00 HOLD
30.676	>>> V 0.00 0.00
30.676	S 20653098 -0.26 0.44 0.00 0.00 HOLD
30.694	>>> V 0.00 0.00
30.695	S 20653118 -0.26 0.44 0.00 0.00 HOLD
30.717	>>> V 0.00 0.00
30.719	S 20653138 -0.26 0.44 0.00 0.00 HOLD
30.735	>>> V 0.00 0.00
30.735	S 20653158 -0.26 0.44 0.00 0.00 HOLD
30.755	>>> V 0.00 0.00
30.755	S 20653178 -0.26 0.44 0.00 0.00 HOLD
30.775	>>> V 0.00 0.00
30.776	S 20653198 -0.26 0.44 0.00 0.00 HOLD
30.795	>>> V 0.00 0.00
30.796	S 20653218 -0.26 0.44 0.00 0.00 HOLD
30.816	>>> V 0.00 0.00
30.816	S 20653238 -0.18 0.44 0.00 0.00 HOLD
30.834	>>> V 0.00 0.00
30.835	S 20653258 -0.26 0.44 0.00 0.00 HOLD
30.855	>>> V 0.00 0.00
30.857	S 20653278 -0.18 0.44 0.00 0.00 HOLD
30.875	>>> V 0.00 0.00
30.875	S 20653298 -0.26 0.53 0.00 0.00 HOLD
30.896	>>> V 0.00 0.00
30.897	S 20653318 -0.26 0.44 0.00 0.00 HOLD
30.915	>>> V 0.00 0.00
30.916	S 20653338 -0.18 0.44 0.00 0.00 HOLD
30.937	>>> V 0.00 0.00
30.937	S 20653358 -0.18 0.44 0.00 0.00 HOLD
30.955	>>> V 0.00 0.00
30.955	S 20653378 -0.26 0.44 0.00 0.00 HOLD
30.975	>>> V 0.00 0.00
30.975	S 20653398 -0.26 0.44 0.00 0.00 HOLD
30.995	>>> V 0.00 0.00
30.996	S 20653418 -0.26 0.44 0.00 0.00 HOLD
31.014	>>> V 0.00 0.00
31.015	S 20653438 -0.26 0.44 0.00 0.00 HOLD
31.035	>>> V 0.00 0.00
31.035	S 20653458 -0.18 0.44 0.00 0.00 HOLD
31.055	>>> V 0.00 0.00
31.055	S 20653478 -0.18 0.44 0.00 0.00 HOLD
31.075	>>> V 0.00 0.00
31.076	S 20653498 -0.26 0.44 0.00 0.00 HOLD
31.095	>>> V 0.00 0.00
31.095	S 20653518 -0.26 0.44 0.00 0.00 HOLD
31.116	>>> V 0.00 0.00
31.116	S 20653538 -0.18 0.44 0.00 0.00 HOLD
31.134	>>> V 0.00 0.00
31.135	S 20653558 -0.26 0.44 0.00 0.00 HOLD
31.155	>>> V 0.00 0.00
31.155	S 20653578 -0.26 0.44 0.00 0.00 HOLD
31.175	>>> V 0.00 0.00
31.176	S 20653598 -0.26 0.44 0.00 0.00 HOLD
31.194	>>> V 0.00 0.00
31.195	S 20653618 -0.18 0.44 0.00 0.00 HOLD
31.215	>>> V 0.00 0.00
31.217	S 20653638 -0.18 0.44 0.00 0.00 HOLD
31.235	>>> V 0.00 0.00
31.236	S 20653658 -0.18 0.44 0.00 0.00 HOLD
31.255	>>> V 0.00 0.00
31.255	S 20653678 -0.18 0.44 0.00 0.00 HOLD
31.275	>>> V 0.00 0.00
31.275	S 20653698 -0.26 0.44 0.00 0.00 HOLD
31.295	>>> V 0.00 0.00
31.297	S 20653718 -0.26 0.44 0.00 0.00 HOLD
31.314	>>> V 0.00 0.00
31.315	S 20653738 -0.18 0.44 0.00 0.00 HOLD
31.335	>>> V 0.00 0.00
31.335	S 20653758 -0.26 0.44 0.00 0.00 HOLD
31.354	>>> V 0.00 0.00
31.355	S 20653778 -0.26 0.44 0.00 0.00 HOLD
31.376	>>> V 0.00 0.00
31.377	S 20653798 -0.18 0.44 0.00 0.00 HOLD
31.395	>>> V 0.00 0.00
31.395	S 20653818 -0.26 0.44 0.00 0.00 HOLD
31.416	>>> V 0.00 0.00
31.417	S 20653838 -0.26 0.44 0.00 0.00 HOLD
31.435	>>> V 0.00 0.00
31.436	S 20653858 -0.26 0.44 0.00 0.00 HOLD
31.455	>>> V 0.00 0.00
31.455	S 20653878 -0.26 0.44 0.00 0.00 HOLD
31.475	>>> V 0.00 0.00
31.475	S 20653898 -0.26 0.44 0.00 0.00 HOLD
31.494	>>> V 0.00 0.00
31.495	S 20653918 -0.26 0.44 0.00 0.00 HOLD
31.515	>>> V 0.00 0.00
31.516	S 20653938 -0.26 0.44 0.00 0.00 HOLD
31.534	>>> V 0.00 0.00
31.535	S 20653958 -0.35 0.44 0.00 0.00 HOLD
31.555	>>> V 0.00 0.00
31.556	S 20653978 -0.26 0.44 0.00 0.00 HOLD
31.575	>>> V 0.00 0.00
31.575	S 20653998 -0.35 0.44 0.00 0.00 HOLD
31.595	>>> V 0.00 0.00
31.595	S 20654018 -0.26 0.44 0.00 0.00 HOLD
31.615	>>> V 0.00 0.00
31.616	S 20654038 -0.35 0.44 0.00 0.00 HOLD
31.635	>>> V 0.00 0.00
31.636	S 20654058 -0.26 0.44 0.00 0.00 HOLD
31.654	>>> V 0.00 0.00
31.655	S 20654078 -0.26 0.44 0.00 0.00 HOLD
31.676	>>> V 0.00 0.00
31.676	S 20654098 -0.35 0.44 0.00 0.00 HOLD
31.695	>>> V 0.00 0.00
31.695	S 20654118 -0.26 0.44 0.00 0.00 HOLD
31.716	>>> V 0.00 0.00
31.717	S 20654138 -0.26 0.44 0.00 0.00 HOLD
31.735	>>> V 0.00 0.00
31.735	S 20654158 -0.26 0.53 0.00 0.00 HOLD
31.756	>>> V 0.00 0.00
31.757	S 20654178 -0.35 0.44 0.00 0.00 HOLD
31.774	>>> V 0.00 0.00
31.775	S 20654198 -0.26 0.53 0.00 0.00 HOLD
31.796	>>> V 0.00 0.00
31.796	S 20654218 -0.26 0.44 0.00 0.00 HOLD
31.814	>>> V 0.00 0.00
31.816	S 20654238 -0.26 0.44 0.00 0.00 HOLD
31.834	>>> V 0.00 0.00
31.835	S 20654258 -0.26 0.44 0.00 0.00 HOLD
31.855	>>> V 0.00 0.00
31.857	S 20654278 -0.35 0.44 0.00 0.00 HOLD
31.875	>>> V 0.00 0.00
31.876	S 20654298 -0.35 0.44 0.00 0.00 HOLD
31.895	>>> V 0.00 0.00
31.896	S 20654318 -0.35 0.44 0.00 0.00 HOLD
31.914	>>> V 0.00 0.00
31.915	S 20654338 -0.26 0.44 0.00 0.00 HOLD
31.936	>>> V 0.00 0.00
31.936	S 20654358 -0.26 0.44 0.00 0.00 HOLD
31.954	>>> V 0.00 0.00
31.955	S 20654378 -0.26 0.44 0.00 0.00 HOLD
31.975	>>> V 0.00 0.00
31.977	S 20654398 -0.26 0.44 0.00 0.00 HOLD
31.995	>>> V 0.00 0.00
31.995	S 20654418 -0.26 0.44 0.00 0.00 HOLD
32.017	>>> V 0.00 0.00
32.018	S 20654438 -0.26 0.44 0.00 0.00 HOLD
32.035	>>> V 0.00 0.00
32.036	S 20654458 -0.26 0.44 0.00 0.00 HOLD
32.055	>>> V 0.00 0.00
32.055	S 20654478 -0.26 0.44 0.00 0.00 HOLD
32.074	>>> V 0.00 0.00
32.075	S 20654498 -0.35 0.44 0.00 0.00 HOLD
32.095	>>> V 0.00 0.00
32.095	S 20654518 -0.35 0.44 0.00 0.00 HOLD
32.115	>>> V 0.00 0.00
32.115	S 20654538 -0.26 0.44 0.00 0.00 HOLD
32.134	>>> V 0.00 0.00
32.135	S 20654558 -0.26 0.44 0.00 0.00 HOLD
32.155	>>> V 0.00 0.00
32.155	S 20654578 -0.35 0.44 0.00 0.00 HOLD
32.174	>>> V 0.00 0.00
32.175	S 20654598 -0.35 0.44 0.00 0.00 HOLD
32.195	>>> V 0.00 0.00
32.196	S 20654618 -0.35 0.44 0.00 0.00 HOLD
32.214	>>> V 0.00 0.00
32.215	S 20654638 -0.35 0.44 0.00 0.00 HOLD
32.235	>>> V 0.00 0.00
32.236	S 20654658 -0.26 0.44 0.00 0.00 HOLD
32.255	>>> V 0.00 0.00
32.255	S 20654678 -0.35 0.44 0.00 0.00 HOLD
32.275	>>> V 0.00 0.00
32.277	S 20654698 -0.26 0.44 0.00 0.00 HOLD
32.297	>>> V 0.00 0.00
32.298	S 20654718 -0.35 0.44 0.00 0.00 HOLD
32.315	>>> V 0.00 0.00
32.315	S 20654738 -0.35 0.44 0.00 0.00 HOLD
32.335	>>> V 0.00 0.00
32.335	S 20654758 -0.35 0.44 0.00 0.00 HOLD
32.354	>>> V 0.00 0.00
32.356	S 20654778 -0.26 0.44 0.00 0.00 HOLD
32.374	>>> V 0.00 0.00
32.375	S 20654798 -0.26 0.44 0.00 0.00 HOLD
32.396	>>> V 0.00 0.00
32.396	S 20654818 -0.26 0.44 0.00 0.00 HOLD
32.414	>>> V 0.00 0.00
32.415	S 20654838 -0.26 0.44 0.00 0.00 HOLD
32.434	>>> V 0.00 0.00
32.434	S 20654858 -0.35 0.44 0.00 0.00 HOLD
32.456	>>> V 0.00 0.00
32.456	S 20654878 -0.26 0.44 0.00 0.00 HOLD
32.475	>>> V 0.00 0.00
32.476	S 20654898 -0.35 0.44 0.00 0.00 HOLD
32.496	>>> V 0.00 0.00
32.497	S 20654918 -0.35 0.44 0.00 0.00 HOLD
32.515	>>> V 0.00 0.00
32.515	S 20654939 -0.26 0.44 0.00 0.00 HOLD
32.536	>>> V 0.00 0.00
32.536	S 20654958 -0.26 0.44 0.00 0.00 HOLD
32.557	>>> V 0.00 0.00
32.557	S 20654978 -0.26 0.44 0.00 0.00 HOLD
32.574	>>> V 0.00 0.00
32.575	S 20654999 -0.26 0.44 0.00 0.00 HOLD
32.595	>>> V 0.00 0.00
32.596	S 20655019 -0.35 0.44 0.00 0.00 HOLD
32.614	>>> V 0.00 0.00
32.615	S 20655039 -0.26 0.44 0.00 0.00 HOLD
32.635	>>> V 0.00 0.00
32.637	S 20655059 -0.26 0.44 0.00 0.00 HOLD
32.654	>>> V 0.00 0.00
32.655	S 20655079 -0.26 0.44 0.00 0.00 HOLD
32.676	>>> V 0.00 0.00
32.677	S 20655099 -0.26 0.44 0.00 0.00 HOLD
32.695	>>> V 0.00 0.00
32.696	S 20655119 -0.35 0.44 0.00 0.00 HOLD
32.716	>>> V 0.00 0.00
32.717	S 20655139 -0.26 0.44 0.00 0.00 HOLD
32.734	>>> V 0.00 0.00
32.735	S 20655159 -0.26 0.44 0.00 0.00 HOLD
32.754	>>> V 0.00 0.00
32.755	S 20655179 -0.35 0.44 0.00 0.00 HOLD
32.776	>>> V 0.00 0.00
32.777	S 20655199 -0.26 0.44 0.00 0.00 HOLD
32.794	>>> V 0.00 0.00
32.795	S 20655219 -0.35 0.44 0.00 0.00 HOLD
32.815	>>> V 0.00 0.00
32.816	S 20655239 -0.26 0.53 0.00 0.00 HOLD
32.835	>>> V 0.00 0.00
32.835	S 20655259 -0.26 0.44 0.00 0.00 HOLD
32.858	>>> V 0.00 0.00
32.859	S 20655279 -0.35 0.44 0.00 0.00 HOLD
32.875	>>> V 0.00 0.00
32.876	S 20655299 -0.26 0.44 0.00 0.00 HOLD
32.896	>>> V 0.00 0.00
32.896	S 20655319 -0.35 0.44 0.00 0.00 HOLD
32.915	>>> V 0.00 0.00
32.915	S 20655339 -0.35 0.44 0.00 0.00 HOLD
32.937	>>> V 0.00 0.00
32.938	S 20655359 -0.26 0.44 0.00 0.00 HOLD
32.955	>>> V 0.00 0.00
32.955	S 20655379 -0.26 0.44 0.00 0.00 HOLD
32.974	>>> V 0.00 0.00
32.975	S 20655399 -0.26 0.44 0.00 0.00 HOLD
32.995	>>> V 0.00 0.00
32.995	S 20655419 -0.26 0.44 0.00 0.00 HOLD
33.014	>>> V 0.00 0.00
33.015	S 20655439 -0.26 0.44 0.00 0.00 HOLD
33.035	>>> V 0.00 0.00
33.036	S 20655459 -0.35 0.44 0.00 0.00 HOLD
33.055	>>> V 0.00 0.00
33.055	S 20655479 -0.26 0.44 0.00 0.00 HOLD
33.076	>>> V 0.00 0.00
33.076	S 20655499 -0.26 0.44 0.00 0.00 HOLD
33.094	>>> V 0.00 0.00
33.095	S 20655519 -0.35 0.44 0.00 0.00 HOLD
33.116	>>> V 0.00 0.00
33.117	S 20655539 -0.35 0.44 0.00 0.00 HOLD
33.134	>>> V 0.00 0.00
33.135	S 20655559 -0.35 0.44 0.00 0.00 HOLD
33.156	>>> V 0.00 0.00
33.157	S 20655579 -0.35 0.44 0.00 0.00 HOLD
33.175	>>> V 0.00 0.00
33.175	S 20655599 -0.26 0.44 0.00 0.00 HOLD
33.195	>>> V 0.00 0.00
33.196	S 20655619 -0.35 0.44 0.00 0.00 HOLD
33.214	>>> V 0.00 0.00
33.215	S 20655639 -0.35 0.44 0.00 0.00 HOLD
33.234	>>> V 0.00 0.00
33.235	S 20655659 -0.35 0.44 0.00 0.00 HOLD
33.256	>>> V 0.00 0.00
33.256	S 20655679 -0.35 0.44 0.00 0.00 HOLD
33.274	>>> V 0.00 0.00
33.275	S 20655699 -0.35 0.44 0.00 0.00 HOLD
33.296	>>> V 0.00 0.00
33.298	S 20655719 -0.35 0.44 0.00 0.00 HOLD
33.314	>>> V 0.00 0.00
33.316	S 20655739 -0.35 0.44 0.00 0.00 HOLD
33.337	>>> V 0.00 0.00
33.337	S 20655759 -0.35 0.44 0.00 0.00 HOLD
33.355	>>> V 0.00 0.00
33.356	S 20655779 -0.26 0.53 0.00 0.00 HOLD
33.375	>>> V 0.00 0.00
33.376	S 20655799 -0.35 0.44 0.00 0.00 HOLD
33.395	>>> V 0.00 0.00
33.396	S 20655819 -0.35 0.44 0.00 0.00 HOLD
33.414	>>> V 0.00 0.00
33.414	S 20655839 -0.26 0.44 0.00 0.00 HOLD
33.434	>>> V 0.00 0.00
33.435	S 20655859 -0.26 0.44 0.00 0.00 HOLD
33.455	>>> V 0.00 0.00
33.457	S 20655879 -0.35 0.44 0.00 0.00 HOLD
33.474	>>> V 0.00 0.00
33.475	S 20655899 -0.26 0.53 0.00 0.00 HOLD
33.496	>>> V 0.00 0.00
33.496	S 20655919 -0.35 0.44 0.00 0.00 HOLD
33.515	>>> V 0.00 0.00
33.516	S 20655939 -0.26 0.44 0.00 0.00 HOLD
33.534	>>> V 0.00 0.00
33.535	S 20655959 -0.26 0.44 0.00 0.00 HOLD
33.555	>>> V 0.00 0.00
33.555	S 20655979 -0.26 0.44 0.00 0.00 HOLD
33.575	>>> V 0.00 0.00
33.575	S 20655999 -0.35 0.44 0.00 0.00 HOLD
33.597	>>> V 0.00 0.00
33.597	S 20656019 -0.35 0.44 0.00 0.00 HOLD
33.615	>>> V 0.00 0.00
33.615	S 20656039 -0.35 0.44 0.00 0.00 HOLD
33.636	>>> V 0.00 0.00
33.637	S 20656059 -0.26 0.44 0.00 0.00 HOLD
33.654	>>> V 0.00 0.00
33.655	S 20656079 -0.26 0.44 0.00 0.00 HOLD
33.675	>>> V 0.00 0.00
33.675	S 20656099 -0.35 0.44 0.00 0.00 HOLD
33.695	>>> V 0.00 0.00
33.695	S 20656119 -0.26 0.44 0.00 0.00 HOLD
33.714	>>> V 0.00 0.00
33.715	S 20656139 -0.35 0.44 0.00 0.00 HOLD
33.736	>>> V 0.00 0.00
33.736	S 20656159 -0.26 0.44 0.00 0.00 HOLD
33.755	>>> V 0.00 0.00
33.755	S 20656179 -0.35 0.44 0.00 0.00 HOLD
33.775	>>> V 0.00 0.00
33.777	S 20656199 -0.26 0.44 0.00 0.00 HOLD
33.795	>>> V 0.00 0.00
33.795	S 20656219 -0.26 0.44 0.00 0.00 HOLD
33.816	>>> V 0.00 0.00
33.817	S 20656239 -0.26 0.44 0.00 0.00 HOLD
33.834	>>> V 0.00 0.00
33.835	S 20656259 -0.26 0.53 0.00 0.00 HOLD
33.855	>>> V 0.00 0.00
33.855	S 20656279 -0.26 0.44 0.00 0.00 HOLD
33.875	>>> V 0.00 0.00
33.877	S 20656299 -0.26 0.44 0.00 0.00 HOLD
33.894	>>> V 0.00 0.00
33.895	S 20656319 -0.26 0.44 0.00 0.00 HOLD
33.916	>>> V 0.00 0.00
33.917	S 20656339 -0.35 0.44 0.00 0.00 HOLD
33.934	>>> V 0.00 0.00
33.935	S 20656359 -0.35 0.53 0.00 0.00 HOLD
33.956	>>> V 0.00 0.00
33.957	S 20656379 -0.26 0.44 0.00 0.00 HOLD
33.975	>>> V 0.00 0.00
33.975	S 20656399 -0.26 0.44 0.00 0.00 HOLD
33.996	>>> V 0.00 0.00
33.997	S 20656419 -0.26 0.44 0.00 0.00 HOLD
34.015	>>> V 0.00 0.00
34.015	S 20656439 -0.35 0.44 0.00 0.00 HOLD
34.035	>>> V 0.00 0.00
34.035	S 20656459 -0.35 0.44 0.00 0.00 HOLD
34.055	>>> V 0.00 0.00
34.055	S 20656479 -0.26 0.44 0.00 0.00 HOLD
34.074	>>> V 0.00 0.00
34.075	S 20656499 -0.26 0.44 0.00 0.00 HOLD
34.096	>>> V 0.00 0.00
34.096	S 20656519 -0.35 0.44 0.00 0.00 HOLD
34.114	>>> V 0.00 0.00
34.115	S 20656539 -0.35 0.44 0.00 0.00 HOLD
34.135	>>> V 0.00 0.00
34.136	S 20656559 -0.26 0.44 0.00 0.00 HOLD
34.156	>>> V 0.00 0.00
34.157	S 20656579 -0.26 0.44 0.00 0.00 HOLD
34.174	>>> V 0.00 0.00
34.175	S 20656599 -0.35 0.44 0.00 0.00 HOLD
34.195	>>> V 0.00 0.00
34.196	S 20656619 -0.26 0.44 0.00 0.00 HOLD
34.214	>>> V 0.00 0.00
34.215	S 20656639 -0.26 0.44 0.00 0.00 HOLD
34.235	>>> V 0.00 0.00
34.235	S 20656659 -0.35 0.53 0.00 0.00 HOLD
34.254	>>> V 0.00 0.00
34.256	S 20656679 -0.35 0.44 0.00 0.00 HOLD
34.274	>>> V 0.00 0.00
34.275	S 20656699 -0.26 0.44 0.00 0.00 HOLD
34.295	>>> V 0.00 0.00
34.296	S 20656719 -0.26 0.44 0.00 0.00 HOLD
34.314	>>> V 0.00 0.00
34.315	S 20656739 -0.26 0.44 0.00 0.00 HOLD
34.336	>>> V 0.00 0.00
34.337	S 20656759 -0.26 0.44 0.00 0.00 HOLD
34.354	>>> V 0.00 0.00
34.355	S 20656779 -0.35 0.44 0.00 0.00 HOLD
34.375	>>> V 0.00 0.00
34.376	S 20656799 -0.26 0.44 0.00 0.00 HOLD
34.395	>>> V 0.00 0.00
34.395	S 20656819 -0.26 0.44 0.00 0.00 HOLD
34.416	>>> V 0.00 0.00
34.417	S 20656839 -0.35 0.44 0.00 0.00 HOLD
34.435	>>> V 0.00 0.00
34.435	S 20656859 -0.35 0.44 0.00 0.00 HOLD
34.455	>>> V 0.00 0.00
34.456	S 20656879 -0.35 0.44 0.00 0.00 HOLD
34.475	>>> V 0.00 0.00
34.475	S 20656899 -0.26 0.44 0.00 0.00 HOLD
34.496	>>> V 0.00 0.00
34.496	S 20656919 -0.35 0.44 0.00 0.00 HOLD
34.515	>>> V 0.00 0.00
34.516	S 20656939 -0.35 0.44 0.00 0.00 HOLD
34.535	>>> V 0.00 0.00
34.535	S 20656959 -0.26 0.44 0.00 0.00 HOLD
34.555	>>> V 0.00 0.00
34.556	S 20656979 -0.26 0.44 0.00 0.00 HOLD
34.574	>>> V 0.00 0.00
34.575	S 20656999 -0.35 0.44 0.00 0.00 HOLD
34.594	>>> V 0.00 0.00
34.596	S 20657019 -0.26 0.44 0.00 0.00 HOLD
34.614	>>> V 0.00 0.00
34.615	S 20657039 -0.35 0.44 0.00 0.00 HOLD
34.636	>>> V 0.00 0.00
34.637	S 20657059 -0.26 0.44 0.00 0.00 HOLD
34.654	>>> V 0.00 0.00
34.655	S 20657079 -0.35 0.44 0.00 0.00 HOLD
34.675	>>> V 0.00 0.00
34.676	S 20657099 -0.35 0.44 0.00 0.00 HOLD
34.694	>>> V 0.00 0.00
34.695	S 20657119 -0.26 0.44 0.00 0.00 HOLD
34.716	>>> V 0.00 0.00
34.716	S 20657139 -0.26 0.44 0.00 0.00 HOLD
34.734	>>> V 0.00 0.00
34.735	S 20657159 -0.35 0.44 0.00 0.00 HOLD
34.755	>>> V 0.00 0.00
34.756	S 20657179 -0.26 0.44 0.00 0.00 HOLD
34.774	>>> V 0.00 0.00
34.775	S 20657199 -0.26 0.44 0.00 0.00 HOLD
34.795	>>> V 0.00 0.00
34.796	S 20657219 -0.26 0.44 0.00 0.00 HOLD
34.814	>>> V 0.00 0.00
34.816	S 20657239 -0.35 0.44 0.00 0.00 HOLD
34.836	>>> V 0.00 0.00
34.837	S 20657259 -0.35 0.44 0.00 0.00 HOLD
34.855	>>> V 0.00 0.00
34.855	S 20657279 -0.35 0.44 0.00 0.00 HOLD
34.876	>>> V 0.00 0.00
34.876	S 20657299 -0.26 0.44 0.00 0.00 HOLD
34.895	>>> V 0.00 0.00
34.895	S 20657319 -0.26 0.44 0.00 0.00 HOLD
34.915	>>> V 0.00 0.00
34.915	S 20657339 -0.35 0.44 0.00 0.00 HOLD
34.935	>>> V 0.00 0.00
34.935	S 20657359 -0.35 0.44 0.00 0.00 HOLD
34.954	>>> V 0.00 0.00
34.955	S 20657379 -0.26 0.44 0.00 0.00 HOLD
34.975	>>> V 0.00 0.00
34.975	S 20657399 -0.26 0.44 0.00 0.00 HOLD
34.994	>>> V 0.00 0.00
34.995	S 20657419 -0.26 0.44 0.00 0.00 HOLD
35.015	>>> V 0.00 0.00
35.017	S 20657439 -0.35 0.44 0.00 0.00 HOLD
35.035	>>> V 0.00 0.00
35.036	S 20657459 -0.26 0.44 0.00 0.00 HOLD
35.055	>>> V 0.00 0.00
35.056	S 20657479 -0.26 0.44 0.00 0.00 HOLD
35.074	>>> V 0.00 0.00
35.075	S 20657499 -0.26 0.44 0.00 0.00 HOLD
35.096	>>> V 0.00 0.00
35.096	S 20657519 -0.26 0.44 0.00 0.00 HOLD
35.115	>>> V 0.00 0.00
35.115	S 20657539 -0.26 0.44 0.00 0.00 HOLD
35.136	>>> V 0.00 0.00
35.136	S 20657559 -0.35 0.44 0.00 0.00 HOLD
35.155	>>> V 0.00 0.00
35.155	S 20657579 -0.35 0.44 0.00 0.00 HOLD
35.175	>>> V 0.00 0.00
35.175	S 20657599 -0.35 0.44 0.00 0.00 HOLD
35.196	>>> V 0.00 0.00
35.196	S 20657619 -0.26 0.44 0.00 0.00 HOLD
35.214	>>> V 0.00 0.00
35.215	S 20657639 -0.35 0.44 0.00 0.00 HOLD
35.235	>>> V 0.00 0.00
35.236	S 20657659 -0.26 0.44 0.00 0.00 HOLD
35.255	>>> V 0.00 0.00
35.255	S 20657679 -0.35 0.44 0.00 0.00 HOLD
35.275	>>> V 0.00 0.00
35.276	S 20657699 -0.26 0.44 0.00 0.00 HOLD
35.294	>>> V 0.00 0.00
35.295	S 20657719 -0.26 0.44 0.00 0.00 HOLD
35.316	>>> V 0.00 0.00
35.316	S 20657739 -0.26 0.44 0.00 0.00 HOLD
35.335	>>> V 0.00 0.00
35.335	S 20657759 -0.26 0.44 0.00 0.00 HOLD
35.355	>>> V 0.00 0.00
35.355	S 20657779 -0.26 0.44 0.00 0.00 HOLD
35.375	>>> V 0.00 0.00
35.376	S 20657799 -0.35 0.44 0.00 0.00 HOLD
35.394	>>> V 0.00 0.00
35.395	S 20657819 -0.26 0.44 0.00 0.00 HOLD
35.416	>>> V 0.00 0.00
35.417	S 20657839 -0.26 0.44 0.00 0.00 HOLD
35.434	>>> V 0.00 0.00
35.435	S 20657859 -0.35 0.44 0.00 0.00 HOLD
35.457	>>> V 0.00 0.00
35.459	S 20657879 -0.26 0.44 0.00 0.00 HOLD
35.475	>>> V 0.00 0.00
35.475	S 20657899 -0.26 0.44 0.00 0.00 HOLD
35.496	>>> V 0.00 0.00
35.497	S 20657919 -0.35 0.44 0.00 0.00 HOLD
35.514	>>> V 0.00 0.00
35.515	S 20657939 -0.26 0.44 0.00 0.00 HOLD
35.535	>>> V 0.00 0.00
35.535	S 20657959 -0.26 0.44 0.00 0.00 HOLD
35.555	>>> V 0.00 0.00
35.555	S 20657979 -0.35 0.44 0.00 0.00 HOLD
35.574	>>> V 0.00 0.00
35.575	S 20657999 -0.26 0.44 0.00 0.00 HOLD
35.596	>>> V 0.00 0.00
35.596	S 20658019 -0.26 0.53 0.00 0.00 HOLD
35.615	>>> V 0.00 0.00
35.615	S 20658039 -0.26 0.44 0.00 0.00 HOLD
35.636	>>> V 0.00 0.00
35.636	S 20658059 -0.26 0.44 0.00 0.00 HOLD
35.654	>>> V 0.00 0.00
35.655	S 20658079 -0.26 0.44 0.00 0.00 HOLD
35.675	>>> V 0.00 0.00
35.678	S 20658099 -0.35 0.44 0.00 0.00 HOLD
35.696	>>> V 0.00 0.00
35.696	S 20658119 -0.26 0.44 0.00 0.00 HOLD
35.715	>>> V 0.00 0.00
35.717	S 20658139 -0.35 0.44 0.00 0.00 HOLD
35.735	>>> V 0.00 0.00
35.736	S 20658159 -0.26 0.44 0.00 0.00 HOLD
35.755	>>> V 0.00 0.00
35.755	S 20658179 -0.35 0.44 0.00 0.00 HOLD
35.774	>>> V 0.00 0.00
35.775	S 20658199 -0.35 0.44 0.00 0.00 HOLD
35.796	>>> V 0.00 0.00
35.797	S 20658219 -0.35 0.44 0.00 0.00 HOLD
35.815	>>> V 0.00 0.00
35.815	S 20658239 -0.26 0.44 0.00 0.00 HOLD
35.835	>>> V 0.00 0.00
35.836	S 20658259 -0.26 0.53 0.00 0.00 HOLD
35.855	>>> V 0.00 0.00
35.855	S 20658279 -0.35 0.44 0.00 0.00 HOLD
35.874	>>> V 0.00 0.00
35.875	S 20658299 -0.35 0.44 0.00 0.00 HOLD
35.899	>>> V 0.00 0.00
35.899	S 20658319 -0.26 0.44 0.00 0.00 HOLD
35.915	>>> V 0.00 0.00
35.915	S 20658339 -0.26 0.44 0.00 0.00 HOLD
35.935	>>> V 0.00 0.00
35.935	S 20658359 -0.26 0.44 0.00 0.00 HOLD
35.956	>>> V 0.00 0.00
35.956	S 20658379 -0.26 0.44 0.00 0.00 HOLD
35.974	>>> V 0.00 0.00
35.975	S 20658399 -0.26 0.44 0.00 0.00 HOLD
35.997	>>> V 0.00 0.00
35.997	S 20658419 -0.26 0.44 0.00 0.00 HOLD
36.014	>>> V 0.00 0.00
36.015	S 20658439 -0.26 0.44 0.00 0.00 HOLD
36.034	>>> V 0.00 0.00
36.034	S 20658459 -0.26 0.44 0.00 0.00 HOLD
36.055	>>> V 0.00 0.00
36.056	S 20658479 -0.26 0.44 0.00 0.00 HOLD
36.074	>>> V 0.00 0.00
36.075	S 20658499 -0.35 0.44 0.00 0.00 HOLD
36.096	>>> V 0.00 0.00
36.096	S 20658519 -0.26 0.44 0.00 0.00 HOLD
36.115	>>> V 0.00 0.00
36.116	S 20658539 -0.35 0.44 0.00 0.00 HOLD
36.136	>>> V 0.00 0.00
36.136	S 20658559 -0.26 0.44 0.00 0.00 HOLD
36.155	>>> V 0.00 0.00
36.155	S 20658579 -0.26 0.53 0.00 0.00 HOLD
36.175	>>> V 0.00 0.00
36.175	S 20658599 -0.35 0.44 0.00 0.00 HOLD
36.195	>>> V 0.00 0.00
36.196	S 20658619 -0.26 0.44 0.00 0.00 HOLD
36.215	>>> V 0.00 0.00
36.217	S 20658639 -0.35 0.44 0.00 0.00 HOLD
36.235	>>> V 0.00 0.00
36.236	S 20658659 -0.26 0.44 0.00 0.00 HOLD
36.255	>>> V 0.00 0.00
36.255	S 20658679 -0.35 0.44 0.00 0.00 HOLD
36.276	>>> V 0.00 0.00
36.276	S 20658699 -0.26 0.44 0.00 0.00 HOLD
36.295	>>> V 0.00 0.00
36.295	S 20658719 -0.26 0.53 0.00 0.00 HOLD
36.314	>>> V 0.00 0.00
36.315	S 20658739 -0.26 0.44 0.00 0.00 HOLD
36.335	>>> V 0.00 0.00
36.336	S 20658759 -0.26 0.44 0.00 0.00 HOLD
36.354	>>> V 0.00 0.00
36.355	S 20658779 -0.35 0.44 0.00 0.00 HOLD
36.375	>>> V 0.00 0.00
36.377	S 20658799 -0.35 0.44 0.00 0.00 HOLD
36.395	>>> V 0.00 0.00
36.396	S 20658819 -0.26 0.44 0.00 0.00 HOLD
36.415	>>> V 0.00 0.00
36.416	S 20658839 -0.35 0.44 0.00 0.00 HOLD
36.435	>>> V 0.00 0.00
36.435	S 20658859 -0.26 0.53 0.00 0.00 HOLD
36.455	>>> V 0.00 0.00
36.455	S 20658879 -0.26 0.44 0.00 0.00 HOLD
36.475	>>> V 0.00 0.00
36.477	S 20658899 -0.26 0.53 0.00 0.00 HOLD
36.497	>>> V 0.00 0.00
36.498	S 20658919 -0.26 0.44 0.00 0.00 HOLD
36.517	>>> V 0.00 0.00
36.517	S 20658939 -0.35 0.44 0.00 0.00 HOLD
36.535	>>> V 0.00 0.00
36.537	S 20658959 -0.35 0.44 0.00 0.00 HOLD
36.555	>>> V 0.00 0.00
36.556	S 20658979 -0.26 0.44 0.00 0.00 HOLD
36.575	>>> V 0.00 0.00
36.576	S 20658999 -0.35 0.44 0.00 0.00 HOLD
36.595	>>> V 0.00 0.00
36.596	S 20659019 -0.35 0.44 0.00 0.00 HOLD
36.616	>>> V 0.00 0.00
36.616	S 20659039 -0.35 0.44 0.00 0.00 HOLD
36.634	>>> V 0.00 0.00
36.637	S 20659059 -0.35 0.44 0.00 0.00 HOLD
36.655	>>> V 0.00 0.00
36.655	S 20659079 -0.26 0.44 0.00 0.00 HOLD
36.676	>>> V 0.00 0.00
36.677	S 20659099 -0.26 0.44 0.00 0.00 HOLD
36.695	>>> V 0.00 0.00
36.695	S 20659119 -0.35 0.53 0.00 0.00 HOLD
36.716	>>> V 0.00 0.00
36.717	S 20659139 -0.26 0.44 0.00 0.00 HOLD
36.735	>>> V 0.00 0.00
36.736	S 20659159 -0.26 0.44 0.00 0.00 HOLD
36.754	>>> V 0.00 0.00
36.755	S 20659179 -0.26 0.44 0.00 0.00 HOLD
36.775	>>> V 0.00 0.00
36.775	S 20659199 -0.26 0.44 0.00 0.00 HOLD
36.795	>>> V 0.00 0.00
36.796	S 20659219 -0.35 0.44 0.00 0.00 HOLD
36.816	>>> V 0.00 0.00
36.817	S 20659239 -0.26 0.44 0.00 0.00 HOLD
36.835	>>> V 0.00 0.00
36.835	S 20659259 -0.35 0.44 0.00 0.00 HOLD
36.855	>>> V 0.00 0.00
36.857	S 20659279 -0.26 0.44 0.00 0.00 HOLD
36.875	>>> V 0.00 0.00
36.876	S 20659299 -0.35 0.44 0.00 0.00 HOLD
36.895	>>> V 0.00 0.00
36.895	S 20659319 -0.26 0.44 0.00 0.00 HOLD
36.916	>>> V 0.00 0.00
36.916	S 20659339 -0.35 0.44 0.00 0.00 HOLD
36.935	>>> V 0.00 0.00
36.936	S 20659359 -0.35 0.44 0.00 0.00 HOLD
36.961	>>> V 0.00 0.00
36.961	S 20659379 -0.26 0.44 0.00 0.00 HOLD
36.963	S 20659399 -0.26 0.44 0.00 0.00 HOLD
36.975	>>> V 0.00 0.00
36.995	>>> V 0.00 0.00
36.996	S 20659419 -0.26 0.44 0.00 0.00 HOLD
37.016	>>> V 0.00 0.00
37.017	S 20659439 -0.26 0.44 0.00 0.00 HOLD
37.035	>>> V 0.00 0.00
37.035	S 20659459 -0.35 0.44 0.00 0.00 HOLD
37.060	>>> V 0.00 0.00
37.060	S 20659479 -0.35 0.44 0.00 0.00 HOLD
37.076	>>> V 0.00 0.00
37.077	S 20659499 -0.26 0.44 0.00 0.00 HOLD
37.096	>>> V 0.00 0.00
37.097	S 20659519 -0.26 0.44 0.00 0.00 HOLD
37.116	>>> V 0.00 0.00
37.117	S 20659539 -0.35 0.44 0.00 0.00 HOLD
37.135	>>> V 0.00 0.00
37.135	S 20659559 -0.26 0.44 0.00 0.00 HOLD
37.156	>>> V 0.00 0.00
37.157	S 20659579 -0.26 0.44 0.00 0.00 HOLD
37.175	>>> V 0.00 0.00
37.176	S 20659599 -0.26 0.44 0.00 0.00 HOLD
37.197	>>> V 0.00 0.00
37.198	S 20659619 -0.35 0.44 0.00 0.00 HOLD
37.215	>>> V 0.00 0.00
37.216	S 20659639 -0.26 0.44 0.00 0.00 HOLD
37.234	>>> V 0.00 0.00
37.235	S 20659659 -0.35 0.44 0.00 0.00 HOLD
37.256	>>> V 0.00 0.00
37.257	S 20659679 -0.26 0.44 0.00 0.00 HOLD
37.276	>>> V 0.00 0.00
37.278	S 20659699 -0.26 0.44 0.00 0.00 HOLD
37.295	>>> V 0.00 0.00
37.296	S 20659719 -0.26 0.44 0.00 0.00 HOLD
37.315	>>> V 0.00 0.00
37.315	S 20659739 -0.35 0.44 0.00 0.00 HOLD
37.335	>>> V 0.00 0.00
37.335	S 20659759 -0.35 0.44 0.00 0.00 HOLD
37.355	>>> V 0.00 0.00
37.356	S 20659779 -0.35 0.44 0.00 0.00 HOLD
37.374	>>> V 0.00 0.00
37.375	S 20659799 -0.26 0.44 0.00 0.00 HOLD
37.396	>>> V 0.00 0.00
37.397	S 20659819 -0.26 0.44 0.00 0.00 HOLD
37.415	>>> V 0.00 0.00
37.415	S 20659839 -0.26 0.44 0.00 0.00 HOLD
37.438	>>> V 0.00 0.00
37.439	S 20659859 -0.26 0.44 0.00 0.00 HOLD
37.455	>>> V 0.00 0.00
37.455	S 20659879 -0.35 0.44 0.00 0.00 HOLD
37.477	>>> V 0.00 0.00
37.478	S 20659899 -0.26 0.44 0.00 0.00 HOLD
37.495	>>> V 0.00 0.00
37.496	S 20659919 -0.26 0.44 0.00 0.00 HOLD
37.515	>>> V 0.00 0.00
37.515	S 20659939 -0.26 0.44 0.00 0.00 HOLD
37.535	>>> V 0.00 0.00
37.535	S 20659959 -0.26 0.44 0.00 0.00 HOLD
37.554	>>> V 0.00 0.00
37.555	S 20659979 -0.35 0.44 0.00 0.00 HOLD
37.575	>>> V 0.00 0.00
37.575	S 20659999 -0.26 0.44 0.00 0.00 HOLD
37.594	>>> V 0.00 0.00
37.595	S 20660019 -0.35 0.44 0.00 0.00 HOLD
37.616	>>> V 0.00 0.00
37.617	S 20660039 -0.26 0.44 0.00 0.00 HOLD
37.635	>>> V 0.00 0.00
37.635	S 20660059 -0.26 0.44 0.00 0.00 HOLD
37.658	>>> V 0.00 0.00
37.659	S 20660079 -0.26 0.44 0.00 0.00 HOLD
37.675	>>> V 0.00 0.00
37.675	S 20660099 -0.26 0.44 0.00 0.00 HOLD
37.696	>>> V 0.00 0.00
37.697	S 20660119 -0.26 0.44 0.00 0.00 HOLD
37.714	>>> V 0.00 0.00
37.715	S 20660139 -0.35 0.44 0.00 0.00 HOLD
37.736	>>> V 0.00 0.00
37.736	S 20660159 -0.26 0.44 0.00 0.00 HOLD
37.755	>>> V 0.00 0.00
37.755	S 20660179 -0.35 0.44 0.00 0.00 HOLD
37.775	>>> V 0.00 0.00
37.776	S 20660199 -0.26 0.44 0.00 0.00 HOLD
37.795	>>> V 0.00 0.00
37.796	S 20660219 -0.26 0.44 0.00 0.00 HOLD
37.815	>>> V 0.00 0.00
37.815	S 20660239 -0.26 0.44 0.00 0.00 HOLD
37.835	>>> V 0.00 0.00
37.835	S 20660259 -0.26 0.44 0.00 0.00 HOLD
37.855	>>> V 0.00 0.00
37.855	S 20660279 -0.26 0.44 0.00 0.00 HOLD
37.876	>>> V 0.00 0.00
37.877	S 20660299 -0.26 0.44 0.00 0.00 HOLD
37.895	>>> V 0.00 0.00
37.896	S 20660319 -0.26 0.44 0.00 0.00 HOLD
37.916	>>> V 0.00 0.00
37.916	S 20660339 -0.26 0.44 0.00 0.00 HOLD
37.935	>>> V 0.00 0.00
37.937	S 20660359 -0.35 0.44 0.00 0.00 HOLD
37.955	>>> V 0.00 0.00
37.955	S 20660379 -0.35 0.44 0.00 0.00 HOLD
37.976	>>> V 0.00 0.00
37.977	S 20660399 -0.26 0.44 0.00 0.00 HOLD
37.996	>>> V 0.00 0.00
37.997	S 20660419 -0.26 0.44 0.00 0.00 HOLD
38.016	>>> V 0.00 0.00
38.016	S 20660439 -0.35 0.44 0.00 0.00 HOLD
38.035	>>> V 0.00 0.00
38.036	S 20660459 -0.35 0.44 0.00 0.00 HOLD
38.055	>>> V 0.00 0.00
38.055	S 20660479 -0.26 0.44 0.00 0.00 HOLD
38.076	>>> V 0.00 0.00
38.076	S 20660499 -0.26 0.44 0.00 0.00 HOLD
38.095	>>> V 0.00 0.00
38.096	S 20660519 -0.26 0.44 0.00 0.00 HOLD
38.114	>>> V 0.00 0.00
38.115	S 20660539 -0.35 0.44 0.00 0.00 HOLD
38.134	>>> V 0.00 0.00
38.135	S 20660559 -0.26 0.44 0.00 0.00 HOLD
38.157	>>> V 0.00 0.00
38.157	S 20660579 -0.26 0.44 0.00 0.00 HOLD
38.177	>>> V 0.00 0.00
38.178	S 20660599 -0.35 0.44 0.00 0.00 HOLD
38.198	>>> V 0.00 0.00
38.199	S 20660619 -0.26 0.44 0.00 0.00 HOLD
38.216	>>> V 0.00 0.00
38.219	S 20660639 -0.35 0.44 0.00 0.00 HOLD
38.235	>>> V 0.00 0.00
38.238	S 20660659 -0.26 0.44 0.00 0.00 HOLD
38.255	>>> V 0.00 0.00
38.255	S 20660679 -0.26 0.44 0.00 0.00 HOLD
38.280	>>> V -23.68 44.34
38.280	S 20660699 -0.35 0.44 0.00 0.00 HOLD
38.295	>>> V -23.68 44.34
38.295	S 20660719 -0.35 0.44 0.00 0.00 HOLD
38.316	>>> V -23.71 44.40
38.318	S 20660739 -0.26 0.44 0.00 0.00 TRACK
38.335	>>> V -23.71 44.40
38.336	S 20660759 -0.35 0.44 0.00 0.00 TRACK
38.358	>>> V -23.66 44.35
38.358	S 20660779 -0.35 0.53 0.00 0.00 TRACK
38.375	>>> V -23.66 44.35
38.376	S 20660799 -0.53 0.88 -1.37 1.37 TRACK
38.396	>>> V -23.68 44.31
38.396	S 20660819 -0.88 1.32 -4.12 5.50 TRACK
38.417	>>> V -23.68 44.31
38.418	S 20660839 -1.32 1.93 -9.62 12.37 TRACK
38.435	>>> V -23.67 44.27
38.436	S 20660859 -1.76 2.55 -15.11 20.61 TRACK
38.455	>>> V -23.67 44.27
38.455	S 20660879 -2.29 3.34 -19.24 27.48 TRACK
38.475	>>> V -23.41 44.42
38.476	S 20660899 -2.72 4.22 -21.98 32.98 TRACK
38.494	>>> V -23.41 44.42
38.495	S 20660919 -3.25 5.10 -23.36 37.10 TRACK
38.515	>>> V -22.61 43.97
38.516	S 20660939 -3.69 5.98 -23.36 41.22 TRACK
38.535	>>> V -22.61 43.97
38.535	S 20660959 -4.13 6.86 -21.98 42.59 TRACK
38.558	>>> V -21.08 43.12
38.558	S 20660979 -4.57 7.73 -21.98 42.59 TRACK
38.575	>>> V -21.08 43.12
38.576	S 20660999 -5.10 8.61 -21.98 43.97 TRACK
38.598	>>> V -19.48 39.72
38.598	S 20661019 -5.54 9.58 -21.98 43.97 TRACK
38.615	>>> V -19.48 39.72
38.615	S 20661039 -5.98 10.46 -21.98 43.97 TRACK
38.635	>>> V -19.48 39.72
38.638	S 20661059 -6.50 11.60 -21.98 45.34 TRACK
38.657	>>> V -17.83 36.17
38.657	S 20661079 -6.94 12.48 -21.98 48.09 TRACK
38.676	>>> V -16.30 32.71
38.678	S 20661099 -7.38 13.27 -21.98 46.72 TRACK
38.697	>>> V -16.30 32.71
38.698	S 20661119 -7.82 13.80 -21.98 43.97 TRACK
38.717	>>> V -14.82 28.82
38.717	S 20661139 -8.17 14.50 -20.61 37.10 TRACK
38.735	>>> V -14.82 28.82
38.735	S 20661159 -8.53 15.29 -19.24 34.35 TRACK
38.754	>>> V -13.43 24.65
38.755	S 20661179 -8.88 16.26 -19.24 35.72 TRACK
38.775	>>> V -12.11 19.58
38.775	S 20661199 -9.32 16.96 -17.86 38.47 TRACK
38.795	>>> V -12.11 19.58
38.796	S 20661219 -9.67 17.58 -16.49 39.85 TRACK
38.815	>>> V -10.69 14.25
38.815	S 20661239 -9.93 18.19 -16.49 35.72 TRACK
38.838	>>> V -10.69 14.25
38.838	S 20661259 -10.28 18.72 -15.11 31.60 TRACK
38.854	>>> V -9.35 11.22
38.856	S 20661279 -10.55 19.16 -15.11 27.48 TRACK
38.877	>>> V -9.35 11.22
38.879	S 20661299 -10.81 19.60 -13.74 24.73 TRACK
38.895	>>> V -8.10 8.81
38.895	S 20661319 -10.99 19.95 -12.37 21.98 TRACK
38.914	>>> V -8.10 8.81
38.915	S 20661339 -11.16 20.30 -10.99 19.24 TRACK
38.936	>>> V -6.96 5.32
38.937	S 20661359 -11.43 20.57 -10.99 16.49 TRACK
38.957	>>> V -6.96 5.32
38.958	S 20661379 -11.60 20.74 -9.62 15.11 TRACK
38.977	>>> V -5.91 0.00
38.979	S 20661399 -11.78 21.01 -9.62 12.37 TRACK
38.999	>>> V -5.91 0.00
39.002	S 20661419 -11.95 21.09 -9.62 10.99 TRACK
39.004	S 20661439 -12.13 21.27 -9.62 9.62 TRACK
39.017	>>> V -5.91 0.00
39.035	>>> V -4.88 0.00
39.035	S 20661459 -12.30 21.36 -8.24 8.24 TRACK
39.057	>>> V -4.88 0.00
39.057	S 20661479 -12.39 21.36 -6.87 5.50 TRACK
39.075	>>> V -4.00 0.00
39.077	S 20661499 -12.48 21.36 -5.50 2.75 TRACK
39.097	>>> V -4.00 0.00
39.097	S 20661519 -12.57 21.45 -5.50 1.37 TRACK
39.120	>>> V -2.50 -6.13
39.123	S 20661539 -12.74 21.36 -5.50 0.00 TRACK
39.127	S 20661559 -12.83 21.36 -4.12 0.00 TRACK
39.135	>>> V 0.00 -7.57
39.156	>>> V 0.00 -8.79
39.157	S 20661579 -12.92 21.36 -4.12 0.00 TRACK
39.174	>>> V 0.00 -8.79
39.175	S 20661599 -13.01 21.36 -4.12 0.00 TRACK
39.196	>>> V 0.00 -9.61
39.197	S 20661619 -13.10 21.36 -4.12 0.00 TRACK
39.217	>>> V 0.00 -9.61
39.218	S 20661639 -13.10 21.27 -2.75 0.00 TRACK
39.239	>>> V 0.00 -10.37
39.239	S 20661659 -13.10 21.18 -1.37 -1.37 TRACK
39.254	>>> V 0.00 -10.37
39.255	S 20661679 -13.10 21.01 0.00 -4.12 TRACK
39.277	>>> V 0.00 -10.43
39.278	S 20661699 -13.10 20.83 0.00 -5.50 TRACK
39.297	>>> V 0.00 -10.43
39.298	S 20661719 -13.10 20.65 0.00 -6.87 TRACK
39.317	>>> V 0.00 -10.45
39.317	S 20661739 -13.10 20.48 0.00 -8.24 TRACK
39.335	>>> V 0.00 -10.45
39.335	S 20661759 -13.10 20.21 0.00 -8.24 TRACK
39.357	>>> V 0.00 -10.37
39.358	S 20661779 -13.10 20.04 0.00 -8.24 TRACK
39.374	>>> V 0.00 -10.37
39.375	S 20661799 -13.10 19.78 0.00 -9.62 TRACK
39.396	>>> V 0.00 -10.38
39.397	S 20661819 -13.10 19.60 0.00 -9.62 TRACK
39.414	>>> V 0.00 -10.38
39.415	S 20661839 -13.10 19.34 0.00 -9.62 TRACK
39.436	>>> V 0.00 -10.33
39.436	S 20661859 -13.10 19.16 0.00 -9.62 TRACK
39.455	>>> V 0.00 -10.33
39.455	S 20661879 -13.10 18.90 0.00 -9.62 TRACK
39.475	>>> V 0.00 -9.05
39.475	S 20661899 -13.10 18.63 0.00 -10.99 TRACK
39.494	>>> V 0.00 -9.05
39.495	S 20661919 -13.10 18.46 0.00 -10.99 TRACK
39.515	>>> V 0.00 -8.27
39.515	S 20661939 -13.10 18.19 0.00 -10.99 TRACK
39.535	>>> V 0.00 -8.27
39.536	S 20661959 -13.10 18.02 0.00 -10.99 TRACK
39.555	>>> V 0.00 -6.45
39.556	S 20661979 -13.10 17.75 0.00 -9.62 TRACK
39.575	>>> V 0.00 -4.56
39.575	S 20661999 -13.10 17.49 0.00 -9.62 TRACK
39.596	>>> V 0.00 0.00
39.597	S 20662019 -13.10 17.31 0.00 -9.62 TRACK
39.614	>>> V 0.00 0.00
39.616	S 20662039 -13.10 17.14 0.00 -9.62 TRACK
39.635	>>> V 0.00 0.00
39.637	S 20662059 -13.10 16.96 0.00 -8.24 TRACK
39.659	>>> V 0.00 0.00
39.659	S 20662079 -13.10 16.87 0.00 -8.24 TRACK
39.677	>>> V 0.00 0.00
39.678	S 20662099 -13.10 16.79 0.00 -6.87 TRACK
39.696	>>> V 0.00 0.00
39.696	S 20662119 -13.10 16.79 0.00 -5.50 TRACK
39.716	>>> V 0.00 0.00
39.716	S 20662139 -13.10 16.87 0.00 -2.75 TRACK
39.735	>>> V 0.00 0.00
39.737	S 20662159 -13.10 16.79 0.00 -1.37 TRACK
39.757	>>> V 0.00 0.00
39.758	S 20662179 -13.10 16.87 0.00 0.00 TRACK
39.774	>>> V 0.00 0.00
39.775	S 20662199 -13.10 16.79 0.00 0.00 TRACK
39.796	>>> V 0.00 0.00
39.796	S 20662219 -13.10 16.87 0.00 0.00 TRACK
39.815	>>> V 0.00 0.00
39.817	S 20662239 -13.10 16.79 0.00 0.00 TRACK
39.835	>>> V 0.00 0.00
39.836	S 20662259 -13.10 16.79 0.00 0.00 TRACK
39.855	>>> V 0.00 0.00
39.855	S 20662279 -13.10 16.79 0.00 0.00 TRACK
39.876	>>> V 0.00 0.00
39.877	S 20662299 -13.10 16.79 0.00 0.00 TRACK
39.895	>>> V 0.00 0.00
39.895	S 20662319 -13.10 16.87 0.00 0.00 TRACK
39.917	>>> V 0.00 0.00
39.918	S 20662339 -13.10 16.79 0.00 0.00 TRACK
39.935	>>> V 0.00 0.00
39.935	S 20662359 -13.10 16.79 0.00 0.00 TRACK
39.956	>>> V 0.00 0.00
39.957	S 20662379 -13.10 16.79 0.00 0.00 TRACK
39.975	>>> V 0.00 0.00
39.976	S 20662399 -13.10 16.79 0.00 0.00 TRACK
39.996	>>> V 0.00 0.00
39.996	S 20662419 -13.10 16.79 0.00 0.00 TRACK
40.016	>>> V 0.00 0.00
40.019	S 20662440 -13.10 16.79 0.00 0.00 TRACK
40.036	>>> V 0.00 0.00
40.037	S 20662460 -13.10 16.87 0.00 0.00 TRACK
40.055	>>> V 0.00 0.00
40.056	S 20662480 -13.10 16.79 0.00 0.00 TRACK
40.079	>>> V 0.00 0.00
40.079	S 20662500 -13.10 16.79 0.00 0.00 TRACK
40.095	>>> V 0.00 0.00
40.097	S 20662520 -13.10 16.79 0.00 0.00 TRACK
40.114	>>> V 0.00 0.00
40.116	S 20662540 -13.10 16.87 0.00 0.00 TRACK
40.137	>>> V 0.00 0.00
40.138	S 20662560 -13.10 16.87 0.00 0.00 TRACK
40.155	>>> V 0.00 0.00
40.156	S 20662580 -13.10 16.79 0.00 0.00 TRACK
40.174	>>> V 0.00 0.00
40.175	S 20662600 -13.10 16.87 0.00 0.00 TRACK
40.196	>>> V 0.00 0.00
40.197	S 20662620 -13.10 16.79 0.00 0.00 TRACK
40.214	>>> V 0.00 0.00
40.215	S 20662640 -13.10 16.79 0.00 0.00 TRACK
40.237	>>> V 0.00 0.00
40.237	S 20662660 -13.10 16.79 0.00 0.00 TRACK
40.254	>>> V 0.00 0.00
40.255	S 20662680 -13.10 16.87 0.00 0.00 TRACK
40.276	>>> V 0.00 0.00
40.276	S 20662700 -13.10 16.79 0.00 0.00 TRACK
40.295	>>> V 0.00 0.00
40.296	S 20662720 -13.10 16.79 0.00 0.00 TRACK
40.316	>>> V 0.00 0.00
40.316	S 20662740 -13.10 16.87 0.00 0.00 TRACK
40.335	>>> V 0.00 0.00
40.335	S 20662760 -13.10 16.79 0.00 0.00 TRACK
40.354	>>> V 0.00 0.00
40.355	S 20662780 -13.10 16.79 0.00 0.00 TRACK
40.375	>>> V 0.00 0.00
40.377	S 20662800 -13.10 16.87 0.00 0.00 TRACK
40.395	>>> V 0.00 0.00
40.397	S 20662820 -13.10 16.87 0.00 0.00 TRACK
40.415	>>> V 0.00 0.00
40.415	S 20662840 -13.10 16.87 0.00 0.00 TRACK
40.435	>>> V 0.00 0.00
40.435	S 20662860 -13.10 16.87 0.00 0.00 TRACK
40.458	>>> V 0.00 0.00
40.460	S 20662880 -13.10 16.79 0.00 0.00 TRACK
40.478	>>> V 0.00 0.00
40.479	S 20662900 -13.10 16.87 0.00 0.00 TRACK
40.495	>>> V 0.00 0.00
40.495	S 20662920 -13.10 16.87 0.00 0.00 TRACK
40.516	>>> V 0.00 0.00
40.516	S 20662940 -13.10 16.79 0.00 0.00 TRACK
40.536	>>> V 0.00 0.00
40.536	S 20662960 -13.10 16.79 0.00 0.00 TRACK
40.555	>>> V 0.00 0.00
40.557	S 20662980 -13.10 16.87 0.00 0.00 TRACK
40.576	>>> V 0.00 0.00
40.576	S 20663000 -13.10 16.79 0.00 0.00 TRACK
40.595	>>> V 0.00 0.00
40.597	S 20663020 -13.10 16.87 0.00 0.00 TRACK
40.615	>>> V 0.00 0.00
40.616	S 20663040 -13.10 16.87 0.00 0.00 TRACK
40.635	>>> V 0.00 0.00
40.636	S 20663060 -13.10 16.79 0.00 0.00 TRACK
40.656	>>> V 0.00 0.00
40.660	S 20663080 -13.10 16.87 0.00 0.00 TRACK
40.674	>>> V 0.00 0.00
40.674	S 20663100 -13.10 16.87 0.00 0.00 TRACK
40.700	>>> V 0.00 0.00
40.701	S 20663120 -13.10 16.87 0.00 0.00 TRACK
40.716	>>> V 0.00 0.00
40.717	S 20663140 -13.10 16.79 0.00 0.00 TRACK
40.739	>>> V 0.00 0.00
40.739	S 20663160 -13.10 16.87 0.00 0.00 TRACK
40.755	>>> V 0.00 0.00
40.756	S 20663180 -13.10 16.87 0.00 0.00 TRACK
40.776	>>> V 0.00 0.00
40.776	S 20663200 -13.10 16.79 0.00 0.00 TRACK
40.797	>>> V 0.00 0.00
40.797	S 20663220 -13.10 16.87 0.00 0.00 TRACK
40.814	>>> V 0.00 0.00
40.815	S 20663240 -13.10 16.79 0.00 0.00 TRACK
40.836	>>> V 0.00 0.00
40.836	S 20663260 -13.10 16.79 0.00 0.00 TRACK
40.855	>>> V 0.00 0.00
40.855	S 20663280 -13.10 16.87 0.00 0.00 TRACK
40.874	>>> V 0.00 0.00
40.875	S 20663300 -13.10 16.79 0.00 0.00 TRACK
40.897	>>> V 0.00 0.00
40.898	S 20663320 -13.10 16.87 0.00 0.00 TRACK
40.915	>>> V 0.00 0.00
40.916	S 20663340 -13.10 16.87 0.00 0.00 TRACK
40.935	>>> V 0.00 0.00
40.936	S 20663360 -13.10 16.79 0.00 0.00 TRACK
40.955	>>> V 0.00 0.00
40.956	S 20663380 -13.10 16.87 0.00 0.00 TRACK
40.975	>>> V 0.00 0.00
40.976	S 20663400 -13.10 16.87 0.00 0.00 TRACK
40.995	>>> V 0.00 0.00
40.995	S 20663420 -13.10 16.87 0.00 0.00 TRACK
41.015	>>> V 0.00 0.00
41.015	S 20663440 -13.10 16.79 0.00 0.00 TRACK
41.039	>>> V 0.00 0.00
41.040	S 20663460 -13.10 16.87 0.00 0.00 TRACK
41.055	>>> V 0.00 0.00
41.058	S 20663480 -13.10 16.87 0.00 0.00 TRACK
41.076	>>> V 2.32 0.00
41.078	S 20663500 -13.10 16.79 0.00 0.00 TRACK
41.095	>>> V 2.32 0.00
41.097	S 20663520 -13.10 16.79 0.00 0.00 TRACK
41.118	>>> V 3.00 0.00
41.118	S 20663540 -13.10 16.79 0.00 0.00 TRACK
41.136	>>> V 3.00 0.00
41.137	S 20663560 -13.10 16.79 0.00 0.00 TRACK
41.154	>>> V 3.37 0.00
41.155	S 20663580 -13.10 16.79 0.00 0.00 TRACK
41.176	>>> V 3.45 0.00
41.178	S 20663600 -13.10 16.79 0.00 0.00 TRACK
41.195	>>> V 3.45 0.00
41.195	S 20663620 -13.01 16.87 0.00 0.00 TRACK
41.215	>>> V 3.30 0.00
41.217	S 20663640 -12.92 16.79 0.00 0.00 TRACK
41.235	>>> V 3.30 0.00
41.236	S 20663660 -12.83 16.79 2.75 0.00 TRACK
41.256	>>> V 3.32 0.00
41.258	S 20663680 -12.74 16.87 4.12 0.00 TRACK
41.276	>>> V 3.32 0.00
41.278	S 20663700 -12.74 16.87 4.12 0.00 TRACK
41.296	>>> V 3.52 0.00
41.296	S 20663720 -12.74 16.79 2.75 0.00 TRACK
41.315	>>> V 3.52 0.00
41.315	S 20663740 -12.66 16.87 1.37 0.00 TRACK
41.335	>>> V 3.50 0.00
41.336	S 20663760 -12.57 16.87 1.37 0.00 TRACK
41.355	>>> V 3.25 0.00
41.356	S 20663780 -12.48 16.87 2.75 0.00 TRACK
41.378	>>> V 3.25 0.00
41.378	S 20663800 -12.30 16.79 4.12 0.00 TRACK
41.395	>>> V 3.34 0.00
41.395	S 20663820 -12.30 16.79 4.12 0.00 TRACK
41.414	>>> V 3.34 0.00
41.415	S 20663840 -12.22 16.79 4.12 0.00 TRACK
41.435	>>> V 3.50 0.00
41.435	S 20663860 -12.22 16.79 1.37 0.00 TRACK
41.454	>>> V 3.50 0.00
41.455	S 20663880 -12.22 16.87 1.37 0.00 TRACK
41.475	>>> V 3.31 -4.87
41.476	S 20663900 -12.13 16.87 1.37 0.00 TRACK
41.494	>>> V 3.31 -4.87
41.495	S 20663920 -12.04 16.87 1.37 0.00 TRACK
41.516	>>> V 3.22 -7.08
41.516	S 20663940 -11.95 16.87 2.75 0.00 TRACK
41.535	>>> V 3.22 -7.08
41.535	S 20663960 -11.78 16.79 4.12 0.00 TRACK
41.556	>>> V 3.22 -7.08
41.560	S 20663980 -11.78 16.70 4.12 0.00 TRACK
41.579	>>> V 3.27 -9.35
41.580	S 20664000 -11.78 16.61 2.75 -1.37 TRACK
41.595	>>> V 3.48 -11.52
41.595	S 20664020 -11.78 16.52 1.37 -2.75 TRACK
41.615	>>> V 3.48 -11.52
41.615	S 20664040 -11.78 16.44 0.00 -4.12 TRACK
41.635	>>> V 3.48 -11.52
41.635	S 20664060 -11.60 16.26 0.00 -4.12 TRACK
41.654	>>> V 3.48 -11.52
41.655	S 20664080 -11.51 16.08 1.37 -5.50 TRACK
41.675	>>> V 3.48 -11.52
41.676	S 20664100 -11.43 15.82 2.75 -6.87 TRACK
41.694	>>> V 3.48 -11.52
41.695	S 20664120 -11.34 15.64 4.12 -8.24 TRACK
41.714	>>> V 3.48 -11.52
41.715	S 20664140 -11.25 15.38 4.12 -8.24 TRACK
41.735	>>> V 3.48 -11.52
41.735	S 20664160 -11.16 15.21 4.12 -9.62 TRACK
41.755	>>> V 3.48 -11.52
41.755	S 20664180 -11.07 15.03 4.12 -9.62 TRACK
41.775	>>> V 3.48 -11.52
41.775	S 20664200 -10.99 14.77 2.75 -9.62 TRACK
41.794	>>> V 3.48 -11.52
41.795	S 20664220 -10.90 14.59 2.75 -9.62 TRACK
41.815	>>> V 3.48 -11.52
41.815	S 20664240 -10.90 14.33 2.75 -9.62 TRACK
41.834	>>> V 3.48 -11.52
41.835	S 20664260 -10.72 14.15 2.75 -10.99 TRACK
41.854	>>> V 3.48 -11.52
41.855	S 20664280 -10.63 13.89 4.12 -10.99 TRACK
41.875	>>> V 3.48 -11.52
41.876	S 20664300 -10.55 13.62 4.12 -10.99 TRACK
41.895	>>> V 3.48 -11.52
41.895	S 20664320 -10.46 13.54 4.12 -9.62 TRACK
41.914	>>> V 3.48 -11.52
41.915	S 20664340 -10.37 13.27 4.12 -9.62 TRACK
41.935	>>> V 3.48 -11.52
41.936	S 20664360 -10.28 13.01 2.75 -10.99 TRACK
41.954	>>> V 3.48 -11.52
41.955	S 20664380 -10.28 12.83 2.75 -10.99 TRACK
41.974	>>> V 3.48 -11.52
41.975	S 20664400 -10.20 12.57 2.75 -10.99 TRACK
41.995	>>> V 3.48 -11.52
41.996	S 20664420 -10.11 12.39 2.75 -9.62 TRACK
42.014	>>> V 3.48 -11.52
42.015	S 20664440 -10.11 12.22 2.75 -9.62 TRACK
42.035	>>> V 3.48 -11.52
42.035	S 20664460 -10.02 11.87 2.75 -9.62 TRACK
42.054	>>> V 3.48 -11.52
42.055	S 20664480 -9.84 11.69 2.75 -10.99 TRACK
42.075	>>> V 3.48 -11.52
42.075	S 20664500 -9.76 11.43 2.75 -10.99 TRACK
42.094	>>> V 0.00 0.00
42.095	S 20664520 -9.67 11.25 4.12 -10.99 TRACK
42.114	>>> V 0.00 0.00
42.115	S 20664540 -9.58 11.07 4.12 -10.99 TRACK
42.135	>>> V 0.00 0.00
42.136	S 20664560 -9.49 10.81 4.12 -10.99 TRACK
42.155	>>> V 0.00 0.00
42.155	S 20664580 -9.49 10.63 2.75 -10.99 TRACK
42.174	>>> V 0.00 0.00
42.175	S 20664600 -9.49 10.46 1.37 -9.62 TRACK
42.195	>>> V 0.00 0.00
42.196	S 20664620 -9.49 10.46 0.00 -8.24 TRACK
42.215	>>> V 0.00 0.00
42.215	S 20664640 -9.49 10.46 0.00 -5.50 TRACK
42.234	>>> V 0.00 0.00
42.235	S 20664660 -9.49 10.46 0.00 -2.75 TRACK
42.254	>>> V 0.00 0.00
42.255	S 20664680 -9.49 10.46 0.00 0.00 TRACK
42.274	>>> V 0.00 0.00
42.274	S 20664700 -9.49 10.46 0.00 0.00 TRACK
42.295	>>> V 0.00 0.00
42.295	S 20664720 -9.49 10.46 0.00 0.00 TRACK
42.315	>>> V 0.00 0.00
42.315	S 20664740 -9.49 10.46 0.00 0.00 TRACK
42.334	>>> V 0.00 0.00
42.335	S 20664760 -9.49 10.46 0.00 0.00 TRACK
42.354	>>> V 0.00 0.00
42.354	S 20664780 -9.49 10.46 0.00 0.00 TRACK
42.374	>>> V 0.00 0.00
42.375	S 20664800 -9.49 10.46 0.00 0.00 TRACK
42.395	>>> V 0.00 0.00
42.395	S 20664820 -9.49 10.46 0.00 0.00 TRACK
42.415	>>> V 0.00 0.00
42.415	S 20664840 -9.49 10.46 0.00 0.00 TRACK
42.434	>>> V 0.00 0.00
42.435	S 20664860 -9.49 10.46 0.00 0.00 TRACK
42.454	>>> V 0.00 0.00
42.454	S 20664880 -9.49 10.46 0.00 0.00 TRACK
42.474	>>> V 0.00 0.00
42.475	S 20664900 -9.49 10.46 0.00 0.00 TRACK
42.495	>>> V 0.00 0.00
42.496	S 20664920 -9.49 10.46 0.00 0.00 TRACK
42.515	>>> V 0.00 0.00
42.515	S 20664940 -9.40 10.46 0.00 0.00 TRACK
42.534	>>> V 0.00 0.00
42.535	S 20664960 -9.49 10.46 0.00 0.00 TRACK
42.554	>>> V 0.00 0.00
42.554	S 20664980 -9.49 10.46 0.00 0.00 TRACK
42.574	>>> V 0.00 0.00
42.575	S 20665000 -9.49 10.46 0.00 0.00 TRACK
42.595	>>> V 0.00 0.00
42.596	S 20665020 -9.49 10.46 0.00 0.00 TRACK
42.614	>>> V 0.00 0.00
42.615	S 20665040 -9.49 10.46 0.00 0.00 TRACK
42.634	>>> V 0.00 0.00
42.635	S 20665060 -9.40 10.46 0.00 0.00 TRACK
42.654	>>> V 0.00 0.00
42.654	S 20665080 -9.40 10.46 0.00 0.00 TRACK
42.674	>>> V 0.00 0.00
42.675	S 20665100 -9.49 10.46 0.00 0.00 TRACK
42.695	>>> V 0.00 0.00
42.695	S 20665120 -9.49 10.46 0.00 0.00 TRACK
42.715	>>> V 0.00 0.00
42.715	S 20665140 -9.49 10.46 0.00 0.00 TRACK
42.734	>>> V 0.00 0.00
42.735	S 20665160 -9.40 10.46 0.00 0.00 TRACK
42.754	>>> V 0.00 0.00
42.754	S 20665180 -9.40 10.46 0.00 0.00 TRACK
42.774	>>> V 0.00 0.00
42.775	S 20665200 -9.49 10.55 0.00 0.00 TRACK
42.795	>>> V 0.00 0.00
42.796	S 20665220 -9.49 10.46 0.00 0.00 TRACK
42.815	>>> V 0.00 0.00
42.815	S 20665240 -9.49 10.46 0.00 0.00 TRACK
42.834	>>> V 0.00 0.00
42.835	S 20665260 -9.40 10.46 0.00 0.00 TRACK
42.854	>>> V 0.00 0.00
42.854	S 20665280 -9.40 10.46 0.00 0.00 TRACK
42.874	>>> V 0.00 0.00
42.874	S 20665300 -9.40 10.46 0.00 0.00 TRACK
42.895	>>> V 0.00 0.00
42.896	S 20665320 -9.40 10.46 0.00 0.00 TRACK
42.915	>>> V 0.00 0.00
42.915	S 20665340 -9.49 10.46 0.00 0.00 TRACK
42.935	>>> V 0.00 0.00
42.935	S 20665360 -9.49 10.46 0.00 0.00 TRACK
42.954	>>> V 0.00 0.00
42.954	S 20665380 -9.49 10.46 0.00 0.00 TRACK
42.974	>>> V 0.00 0.00
42.975	S 20665400 -9.49 10.46 0.00 0.00 TRACK
42.995	>>> V 0.00 0.00
42.995	S 20665420 -9.49 10.46 0.00 0.00 TRACK
43.015	>>> V 0.00 0.00
43.015	S 20665440 -9.40 10.46 0.00 0.00 TRACK
43.034	>>> V 0.00 0.00
43.034	S 20665460 -9.40 10.46 0.00 0.00 TRACK
43.054	>>> V 0.00 0.00
43.054	S 20665480 -9.40 10.46 0.00 0.00 TRACK
43.074	>>> V 0.00 0.00
43.075	S 20665500 -9.40 10.46 0.00 0.00 TRACK
43.095	>>> V 0.00 0.00
43.095	S 20665520 -9.40 10.46 0.00 0.00 TRACK
43.115	>>> V 0.00 0.00
43.115	S 20665540 -9.40 10.46 0.00 0.00 TRACK
43.134	>>> V 0.00 0.00
43.135	S 20665560 -9.49 10.46 0.00 0.00 TRACK
43.154	>>> V 0.00 0.00
43.155	S 20665580 -9.40 10.46 0.00 0.00 TRACK
43.174	>>> V 0.00 0.00
43.174	S 20665600 -9.40 10.46 0.00 0.00 TRACK
43.195	>>> V 0.00 0.00
43.195	S 20665620 -9.40 10.46 0.00 0.00 TRACK
43.215	>>> V 0.00 0.00
43.215	S 20665640 -9.49 10.46 0.00 0.00 TRACK
43.235	>>> V 0.00 0.00
43.235	S 20665660 -9.40 10.46 0.00 0.00 TRACK
43.254	>>> V 0.00 0.00
43.254	S 20665680 -9.40 10.46 0.00 0.00 TRACK
43.274	>>> V 0.00 0.00
43.275	S 20665700 -9.40 10.46 0.00 0.00 TRACK
43.295	>>> V 0.00 0.00
43.295	S 20665720 -9.40 10.46 0.00 0.00 TRACK
43.314	>>> V 0.00 0.00
43.315	S 20665740 -9.40 10.46 0.00 0.00 TRACK
43.334	>>> V 0.00 0.00
43.335	S 20665760 -9.40 10.46 0.00 0.00 TRACK
43.354	>>> V 0.00 0.00
43.354	S 20665780 -9.40 10.46 0.00 0.00 TRACK
43.374	>>> V 0.00 0.00
43.375	S 20665800 -9.40 10.46 0.00 0.00 TRACK
43.395	>>> V 0.00 0.00
43.395	S 20665820 -9.40 10.46 0.00 0.00 TRACK
43.415	>>> V 0.00 0.00
43.415	S 20665840 -9.40 10.46 0.00 0.00 TRACK
43.434	>>> V 0.00 0.00
43.435	S 20665860 -9.40 10.46 0.00 0.00 TRACK
43.454	>>> V 0.00 0.00
43.454	S 20665880 -9.40 10.46 0.00 0.00 TRACK
43.474	>>> V 0.00 0.00
43.475	S 20665900 -9.40 10.46 0.00 0.00 TRACK
43.495	>>> V 0.00 0.00
43.495	S 20665920 -9.40 10.46 0.00 0.00 TRACK
43.515	>>> V 0.00 0.00
43.515	S 20665940 -9.40 10.46 0.00 0.00 TRACK
43.534	>>> V 0.00 0.00
43.535	S 20665960 -9.40 10.46 0.00 0.00 TRACK
43.554	>>> V 0.00 0.00
43.554	S 20665980 -9.40 10.46 0.00 0.00 TRACK
43.574	>>> V 0.00 0.00
43.575	S 20666000 -9.40 10.46 0.00 0.00 TRACK
43.595	>>> V 0.00 0.00
43.595	S 20666020 -9.40 10.46 0.00 0.00 TRACK
43.615	>>> V 0.00 0.00
43.615	S 20666040 -9.40 10.46 0.00 0.00 TRACK
43.635	>>> V 0.00 0.00
43.635	S 20666060 -9.40 10.46 0.00 0.00 TRACK
43.654	>>> V 0.00 0.00
43.655	S 20666080 -9.40 10.46 0.00 0.00 TRACK
43.674	>>> V 0.00 0.00
43.675	S 20666100 -9.40 10.46 0.00 0.00 TRACK
43.695	>>> V 0.00 0.00
43.695	S 20666120 -9.40 10.46 0.00 0.00 TRACK
43.715	>>> V 0.00 0.00
43.715	S 20666140 -9.40 10.46 0.00 0.00 TRACK
43.735	>>> V 0.00 0.00
43.735	S 20666160 -9.40 10.46 0.00 0.00 TRACK
43.754	>>> V 0.00 0.00
43.755	S 20666180 -9.40 10.46 0.00 0.00 TRACK
43.774	>>> V 0.00 0.00
43.775	S 20666200 -9.40 10.46 0.00 0.00 TRACK
43.795	>>> V 0.00 0.00
43.796	S 20666220 -9.40 10.46 0.00 0.00 TRACK
43.815	>>> V 0.00 0.00
43.815	S 20666240 -9.40 10.46 0.00 0.00 TRACK
43.835	>>> V 0.00 0.00
43.835	S 20666260 -9.40 10.46 0.00 0.00 TRACK
43.854	>>> V 0.00 0.00
43.855	S 20666280 -9.40 10.46 0.00 0.00 TRACK
43.874	>>> V 0.00 0.00
43.875	S 20666300 -9.40 10.46 0.00 0.00 TRACK
43.895	>>> V 0.00 0.00
43.896	S 20666320 -9.40 10.46 0.00 0.00 TRACK
43.914	>>> V 0.00 0.00
43.915	S 20666340 -9.40 10.46 0.00 0.00 TRACK
43.935	>>> V 0.00 0.00
43.935	S 20666360 -9.40 10.46 0.00 0.00 TRACK
43.954	>>> V 0.00 0.00
43.955	S 20666380 -9.40 10.46 0.00 0.00 TRACK
43.974	>>> V 0.00 0.00
43.975	S 20666400 -9.40 10.46 0.00 0.00 TRACK
43.995	>>> V 0.00 0.00
43.996	S 20666420 -9.40 10.46 0.00 0.00 TRACK
44.014	>>> V 0.00 0.00
44.015	S 20666440 -9.40 10.46 0.00 0.00 TRACK
44.034	>>> V 0.00 0.00
44.035	S 20666460 -9.40 10.46 0.00 0.00 TRACK
44.054	>>> V 0.00 0.00
44.055	S 20666480 -9.40 10.46 0.00 0.00 TRACK
44.074	>>> V 0.00 0.00
44.075	S 20666500 -9.40 10.46 0.00 0.00 TRACK
44.095	>>> V 0.00 0.00
44.095	S 20666520 -9.40 10.46 0.00 0.00 TRACK
44.114	>>> V 0.00 0.00
44.115	S 20666540 -9.40 10.46 0.00 0.00 TRACK
44.135	>>> V 0.00 0.00
44.135	S 20666560 -9.40 10.46 0.00 0.00 TRACK
44.154	>>> V 0.00 0.00
44.155	S 20666580 -9.40 10.46 0.00 0.00 TRACK
44.174	>>> V 0.00 0.00
44.175	S 20666600 -9.40 10.46 0.00 0.00 TRACK
44.195	>>> V 0.00 0.00
44.195	S 20666620 -9.40 10.46 0.00 0.00 TRACK
44.214	>>> V 0.00 0.00
44.215	S 20666640 -9.40 10.46 0.00 0.00 TRACK
44.235	>>> V 0.00 0.00
44.235	S 20666660 -9.40 10.46 0.00 0.00 TRACK
44.254	>>> V 0.00 0.00
44.255	S 20666680 -9.40 10.46 0.00 0.00 TRACK
44.274	>>> V 0.00 0.00
44.275	S 20666700 -9.40 10.46 0.00 0.00 TRACK
44.295	>>> V 0.00 0.00
44.295	S 20666720 -9.40 10.46 0.00 0.00 TRACK
44.314	>>> V 0.00 0.00
44.315	S 20666740 -9.40 10.46 0.00 0.00 TRACK
44.335	>>> V 0.00 0.00
44.336	S 20666760 -9.40 10.46 0.00 0.00 TRACK
44.354	>>> V 0.00 0.00
44.355	S 20666780 -9.40 10.46 0.00 0.00 TRACK
44.374	>>> V 0.00 0.00
44.375	S 20666800 -9.40 10.46 0.00 0.00 TRACK
44.395	>>> V 0.00 0.00
44.395	S 20666820 -9.40 10.46 0.00 0.00 TRACK
44.415	>>> V 0.00 0.00
44.415	S 20666840 -9.40 10.46 0.00 0.00 TRACK
44.435	>>> V 0.00 0.00
44.435	S 20666860 -9.40 10.46 0.00 0.00 TRACK
44.454	>>> V 0.00 0.00
44.455	S 20666880 -9.40 10.46 0.00 0.00 TRACK
44.474	>>> V 0.00 0.00
44.475	S 20666900 -9.40 10.46 0.00 0.00 TRACK
44.495	>>> V 0.00 0.00
44.496	S 20666920 -9.40 10.46 0.00 0.00 TRACK
44.514	>>> V 0.00 0.00
44.515	S 20666940 -9.40 10.46 0.00 0.00 TRACK
44.534	>>> V 0.00 0.00
44.535	S 20666960 -9.40 10.46 0.00 0.00 TRACK
44.554	>>> V 0.00 0.00
44.554	S 20666980 -9.40 10.46 0.00 0.00 TRACK
44.574	>>> V 0.00 0.00
44.575	S 20667000 -9.40 10.46 0.00 0.00 TRACK
44.595	>>> V 0.00 0.00
44.595	S 20667020 -9.40 10.46 0.00 0.00 TRACK
44.614	>>> V 0.00 0.00
44.615	S 20667040 -9.40 10.46 0.00 0.00 TRACK
44.635	>>> V 0.00 0.00
44.635	S 20667060 -9.40 10.46 0.00 0.00 TRACK
44.654	>>> V 0.00 0.00
44.654	S 20667080 -9.40 10.46 0.00 0.00 TRACK
44.674	>>> V 0.00 0.00
44.675	S 20667100 -9.40 10.46 0.00 0.00 TRACK
44.695	>>> V 0.00 0.00
44.695	S 20667120 -9.40 10.46 0.00 0.00 TRACK
44.714	>>> V 0.00 0.00
44.715	S 20667140 -9.40 10.46 0.00 0.00 TRACK
44.735	>>> V 0.00 0.00
44.735	S 20667160 -9.40 10.46 0.00 0.00 TRACK
44.754	>>> V 0.00 0.00
44.754	S 20667180 -9.40 10.46 0.00 0.00 TRACK
44.774	>>> V 0.00 0.00
44.775	S 20667200 -9.40 10.46 0.00 0.00 TRACK
44.795	>>> V 0.00 0.00
44.796	S 20667220 -9.40 10.46 0.00 0.00 TRACK
44.814	>>> V 0.00 0.00
44.815	S 20667240 -9.40 10.46 0.00 0.00 TRACK
44.835	>>> V 0.00 0.00
44.835	S 20667260 -9.40 10.46 0.00 0.00 TRACK
44.854	>>> V 0.00 0.00
44.854	S 20667280 -9.40 10.46 0.00 0.00 TRACK
44.876	>>> V 0.00 0.00
44.876	S 20667300 -9.40 10.46 0.00 0.00 TRACK
44.895	>>> V 0.00 0.00
44.895	S 20667320 -9.40 10.46 0.00 0.00 TRACK
44.914	>>> V 0.00 0.00
44.915	S 20667340 -9.40 10.46 0.00 0.00 TRACK
44.935	>>> V 0.00 0.00
44.936	S 20667360 -9.40 10.46 0.00 0.00 TRACK
44.954	>>> V 0.00 0.00
44.955	S 20667380 -9.40 10.46 0.00 0.00 TRACK
44.974	>>> V 0.00 0.00
44.974	S 20667400 -9.40 10.46 0.00 0.00 TRACK
44.995	>>> V 0.00 0.00
44.995	S 20667420 -9.40 10.46 0.00 0.00 TRACK
45.014	>>> V 0.00 0.00
45.015	S 20667440 -9.40 10.46 0.00 0.00 TRACK
45.035	>>> V 0.00 0.00
45.036	S 20667460 -9.40 10.46 0.00 0.00 TRACK
45.054	>>> V 0.00 0.00
45.054	S 20667480 -9.40 10.46 0.00 0.00 TRACK
45.074	>>> V 0.00 0.00
45.075	S 20667500 -9.40 10.46 0.00 0.00 TRACK
45.095	>>> V 0.00 0.00
45.096	S 20667520 -9.40 10.46 0.00 0.00 TRACK
45.114	>>> V 0.00 0.00
45.115	S 20667540 -9.40 10.46 0.00 0.00 TRACK
45.134	>>> V 0.00 0.00
45.135	S 20667560 -9.40 10.46 0.00 0.00 TRACK
45.154	>>> V 0.00 0.00
45.155	S 20667580 -9.40 10.46 0.00 0.00 TRACK
45.174	>>> V 0.00 0.00
45.175	S 20667600 -9.32 10.46 0.00 0.00 TRACK
45.195	>>> V 0.00 0.00
45.196	S 20667620 -9.40 10.46 0.00 0.00 TRACK
45.214	>>> V 0.00 0.00
45.215	S 20667640 -9.40 10.46 0.00 0.00 TRACK
45.234	>>> V 0.00 0.00
45.235	S 20667660 -9.40 10.46 0.00 0.00 TRACK
45.254	>>> V 0.00 0.00
45.254	S 20667680 -9.40 10.46 0.00 0.00 TRACK
45.274	>>> V 0.00 0.00
45.274	S 20667700 -9.40 10.46 0.00 0.00 TRACK
45.295	>>> V 0.00 0.00
45.295	S 20667720 -9.40 10.46 0.00 0.00 TRACK
45.314	>>> V 0.00 0.00
45.315	S 20667740 -9.40 10.46 0.00 0.00 TRACK
45.335	>>> V 0.00 0.00
45.336	S 20667760 -9.40 10.46 0.00 0.00 TRACK
45.354	>>> V 0.00 0.00
45.355	S 20667780 -9.40 10.46 0.00 0.00 TRACK
45.374	>>> V 0.00 0.00
45.374	S 20667800 -9.40 10.46 0.00 0.00 TRACK
45.395	>>> V 0.00 0.00
45.395	S 20667820 -9.40 10.46 0.00 0.00 TRACK
45.414	>>> V 0.00 0.00
45.415	S 20667840 -9.40 10.46 0.00 0.00 TRACK
45.435	>>> V 0.00 0.00
45.435	S 20667860 -9.40 10.46 0.00 0.00 TRACK
45.454	>>> V 0.00 0.00
45.455	S 20667880 -9.40 10.46 0.00 0.00 TRACK
45.474	>>> V 0.00 0.00
45.474	S 20667900 -9.40 10.46 0.00 0.00 TRACK
45.495	>>> V 0.00 0.00
45.495	S 20667920 -9.40 10.46 0.00 0.00 TRACK
45.514	>>> V 0.00 0.00
45.515	S 20667940 -9.40 10.46 0.00 0.00 TRACK
45.535	>>> V 0.00 0.00
45.536	S 20667960 -9.40 10.46 0.00 0.00 TRACK
45.555	>>> V 0.00 0.00
45.555	S 20667980 -9.40 10.46 0.00 0.00 TRACK
45.574	>>> V 0.00 0.00
45.575	S 20668000 -9.40 10.46 0.00 0.00 TRACK
45.595	>>> V 0.00 0.00
45.595	S 20668020 -9.32 10.46 0.00 0.00 TRACK
45.614	>>> V 0.00 0.00
45.615	S 20668040 -9.40 10.46 0.00 0.00 TRACK
45.635	>>> V 0.00 0.00
45.636	S 20668060 -9.40 10.46 0.00 0.00 TRACK
45.654	>>> V 0.00 0.00
45.654	S 20668080 -9.40 10.46 0.00 0.00 TRACK
45.674	>>> V 0.00 0.00
45.675	S 20668100 -9.40 10.46 0.00 0.00 TRACK
45.695	>>> V 0.00 0.00
45.695	S 20668120 -9.40 10.46 0.00 0.00 TRACK
45.714	>>> V 0.00 0.00
45.715	S 20668140 -9.40 10.46 0.00 0.00 TRACK
45.735	>>> V 0.00 0.00
45.736	S 20668160 -9.40 10.46 0.00 0.00 TRACK
45.755	>>> V 0.00 0.00
45.755	S 20668180 -9.40 10.46 0.00 0.00 TRACK
45.774	>>> V 0.00 0.00
45.775	S 20668200 -9.40 10.46 0.00 0.00 TRACK
45.795	>>> V 0.00 0.00
45.795	S 20668220 -9.40 10.46 0.00 0.00 TRACK
45.814	>>> V 0.00 0.00
45.815	S 20668240 -9.40 10.46 0.00 0.00 TRACK
45.835	>>> V 0.00 0.00
45.836	S 20668260 -9.40 10.46 0.00 0.00 TRACK
45.855	>>> V 0.00 0.00
45.855	S 20668280 -9.40 10.46 0.00 0.00 TRACK
45.874	>>> V 0.00 0.00
45.875	S 20668300 -9.40 10.46 0.00 0.00 TRACK
45.895	>>> V 0.00 0.00
45.896	S 20668320 -9.40 10.46 0.00 0.00 TRACK
45.915	>>> V 0.00 0.00
45.915	S 20668340 -9.40 10.46 0.00 0.00 TRACK
45.935	>>> V 0.00 0.00
45.935	S 20668360 -9.40 10.46 0.00 0.00 TRACK
45.954	>>> V 0.00 0.00
45.954	S 20668380 -9.40 10.46 0.00 0.00 TRACK
45.974	>>> V 0.00 0.00
45.975	S 20668400 -9.40 10.46 0.00 0.00 TRACK
45.995	>>> V 0.00 0.00
45.996	S 20668420 -9.40 10.46 0.00 0.00 TRACK
46.014	>>> V 0.00 0.00
46.015	S 20668440 -9.40 10.46 0.00 0.00 TRACK
46.035	>>> V 0.00 0.00
46.036	S 20668460 -9.40 10.46 0.00 0.00 TRACK
46.055	>>> V 0.00 0.00
46.055	S 20668480 -9.40 10.46 0.00 0.00 TRACK
46.074	>>> V 0.00 0.00
46.075	S 20668500 -9.40 10.46 0.00 0.00 TRACK
46.095	>>> V 0.00 0.00
46.095	S 20668520 -9.40 10.46 0.00 0.00 TRACK
46.114	>>> V 0.00 0.00
46.115	S 20668540 -9.40 10.46 0.00 0.00 TRACK
46.135	>>> V 0.00 0.00
46.136	S 20668560 -9.40 10.46 0.00 0.00 TRACK
46.154	>>> V 0.00 0.00
46.155	S 20668580 -9.40 10.46 0.00 0.00 TRACK
46.174	>>> V 0.00 0.00
46.174	S 20668600 -9.40 10.46 0.00 0.00 TRACK
46.195	>>> V 0.00 0.00
46.196	S 20668620 -9.40 10.46 0.00 0.00 TRACK
46.215	>>> V 0.00 0.00
46.215	S 20668640 -9.40 10.46 0.00 0.00 TRACK
46.235	>>> V 0.00 0.00
46.235	S 20668660 -9.40 10.46 0.00 0.00 TRACK
46.254	>>> V 0.00 0.00
46.254	S 20668680 -9.40 10.46 0.00 0.00 TRACK
46.274	>>> V 0.00 0.00
46.275	S 20668700 -9.40 10.46 0.00 0.00 TRACK
46.295	>>> V 0.00 0.00
46.296	S 20668720 -9.40 10.46 0.00 0.00 TRACK
46.315	>>> V 0.00 0.00
46.315	S 20668740 -9.40 10.46 0.00 0.00 TRACK
46.335	>>> V 0.00 0.00
46.335	S 20668760 -9.40 10.46 0.00 0.00 TRACK
46.354	>>> V 0.00 0.00
46.354	S 20668780 -9.40 10.46 0.00 0.00 TRACK
46.374	>>> V 0.00 0.00
46.375	S 20668800 -9.40 10.46 0.00 0.00 TRACK
46.395	>>> V 0.00 0.00
46.395	S 20668820 -9.40 10.46 0.00 0.00 TRACK
46.414	>>> V 0.00 0.00
46.415	S 20668840 -9.40 10.46 0.00 0.00 TRACK
46.435	>>> V 0.00 0.00
46.435	S 20668860 -9.40 10.46 0.00 0.00 TRACK
46.454	>>> V 0.00 0.00
46.455	S 20668880 -9.40 10.46 0.00 0.00 TRACK
46.475	>>> V 0.00 0.00
46.475	S 20668900 -9.40 10.46 0.00 0.00 TRACK
46.495	>>> V 0.00 0.00
46.496	S 20668920 -9.40 10.46 0.00 0.00 TRACK
46.514	>>> V 0.00 0.00
46.515	S 20668940 -9.40 10.46 0.00 0.00 TRACK
46.535	>>> V 0.00 0.00
46.536	S 20668960 -9.40 10.46 0.00 0.00 TRACK
46.554	>>> V 0.00 0.00
46.554	S 20668980 -9.40 10.55 0.00 0.00 TRACK
46.574	>>> V 0.00 0.00
46.575	S 20669000 -9.40 10.46 0.00 0.00 TRACK
46.595	>>> V 0.00 0.00
46.596	S 20669020 -9.32 10.46 0.00 0.00 TRACK
46.615	>>> V 0.00 0.00
46.615	S 20669040 -9.32 10.46 0.00 0.00 TRACK
46.636	>>> V 0.00 0.00
46.636	S 20669060 -9.40 10.46 0.00 0.00 TRACK
46.654	>>> V 0.00 0.00
46.654	S 20669080 -9.40 10.46 0.00 0.00 TRACK
46.674	>>> V 0.00 0.00
46.675	S 20669100 -9.40 10.46 0.00 0.00 TRACK
46.695	>>> V 0.00 0.00
46.696	S 20669120 -9.40 10.46 0.00 0.00 TRACK
46.715	>>> V 0.00 0.00
46.715	S 20669140 -9.40 10.46 0.00 0.00 TRACK
46.735	>>> V 0.00 0.00
46.735	S 20669160 -9.40 10.46 0.00 0.00 TRACK
46.754	>>> V 0.00 0.00
46.754	S 20669180 -9.40 10.46 0.00 0.00 TRACK
46.774	>>> V 0.00 0.00
46.775	S 20669200 -9.40 10.46 0.00 0.00 TRACK
46.795	>>> V 0.00 0.00
46.795	S 20669220 -9.40 10.46 0.00 0.00 TRACK
46.814	>>> V 0.00 0.00
46.815	S 20669240 -9.40 10.46 0.00 0.00 TRACK
46.835	>>> V 0.00 0.00
46.836	S 20669260 -9.40 10.46 0.00 0.00 TRACK
46.854	>>> V 0.00 0.00
46.855	S 20669280 -9.40 10.46 0.00 0.00 TRACK
46.874	>>> V 0.00 0.00
46.875	S 20669300 -9.40 10.46 0.00 0.00 TRACK
46.894	>>> V 0.00 0.00
46.895	S 20669320 -9.40 10.46 0.00 0.00 TRACK
46.915	>>> V 0.00 0.00
46.915	S 20669340 -9.40 10.46 0.00 0.00 TRACK
46.936	>>> V 0.00 0.00
46.936	S 20669360 -9.40 10.46 0.00 0.00 TRACK
46.954	>>> V 0.00 0.00
46.955	S 20669380 -9.32 10.46 0.00 0.00 TRACK
46.974	>>> V 0.00 0.00
46.975	S 20669400 -9.40 10.46 0.00 0.00 TRACK
46.995	>>> V 0.00 0.00
46.995	S 20669420 -9.40 10.46 0.00 0.00 TRACK
47.015	>>> V 0.00 0.00
47.015	S 20669440 -9.40 10.46 0.00 0.00 TRACK
47.036	>>> V 0.00 0.00
47.036	S 20669460 -9.40 10.46 0.00 0.00 TRACK
47.054	>>> V 0.00 0.00
47.055	S 20669480 -9.40 10.46 0.00 0.00 TRACK
47.074	>>> V 0.00 0.00
47.074	S 20669500 -9.40 10.46 0.00 0.00 TRACK
47.095	>>> V 0.00 0.00
47.095	S 20669520 -9.40 10.46 0.00 0.00 TRACK
47.115	>>> V 0.00 0.00
47.115	S 20669540 -9.40 10.46 0.00 0.00 TRACK
47.136	>>> V 0.00 0.00
47.136	S 20669560 -9.40 10.46 0.00 0.00 TRACK
47.154	>>> V 0.00 0.00
47.155	S 20669580 -9.40 10.46 0.00 0.00 TRACK
47.174	>>> V 0.00 0.00
47.175	S 20669600 -9.32 10.46 0.00 0.00 TRACK
47.195	>>> V 0.00 0.00
47.195	S 20669620 -9.40 10.46 0.00 0.00 TRACK
47.215	>>> V 0.00 0.00
47.215	S 20669640 -9.40 10.46 0.00 0.00 TRACK
47.235	>>> V 0.00 0.00
47.236	S 20669660 -9.40 10.46 0.00 0.00 TRACK
47.254	>>> V 0.00 0.00
47.255	S 20669680 -9.32 10.46 0.00 0.00 TRACK
47.274	>>> V 0.00 0.00
47.275	S 20669700 -9.40 10.46 0.00 0.00 TRACK
47.295	>>> V 0.00 0.00
47.295	S 20669720 -9.40 10.46 0.00 0.00 TRACK
47.314	>>> V 0.00 0.00
47.315	S 20669740 -9.40 10.46 0.00 0.00 TRACK
47.335	>>> V 0.00 0.00
47.336	S 20669760 -9.40 10.46 0.00 0.00 TRACK
47.354	>>> V 0.00 0.00
47.355	S 20669780 -9.40 10.46 0.00 0.00 TRACK
47.374	>>> V 0.00 0.00
47.375	S 20669800 -9.32 10.46 0.00 0.00 TRACK
47.395	>>> V 0.00 0.00
47.395	S 20669820 -9.40 10.46 0.00 0.00 TRACK
47.415	>>> V 0.00 0.00
47.415	S 20669840 -9.40 10.46 0.00 0.00 TRACK
47.435	>>> V 0.00 0.00
47.435	S 20669860 -9.32 10.46 0.00 0.00 TRACK
47.454	>>> V 0.00 0.00
47.454	S 20669880 -9.40 10.46 0.00 0.00 TRACK
47.474	>>> V 0.00 0.00
47.475	S 20669900 -9.40 10.46 0.00 0.00 TRACK
47.495	>>> V 0.00 0.00
47.497	>>> X
