run_id,time_s,ros_time_s,target_seq,stamp_s,frame_id,detected,ex,ey,area_ratio,target_age_s,depth_valid,state,reason,pan_cmd,tilt_cmd,command_unit,meas_source,pan_deg,tilt_deg,pan_dps,tilt_dps,base_x_m,base_y_m,base_z_m,pred_ex,pred_ey,desired_pan_deg,desired_tilt_deg,search_elapsed_s,joint_name
assignment4_topicstop_20261008_194514,0.129,1791456320.018270,0,,,0,,,,,0,IDLE,disabled,0.000,0.000,deg/s,joint_states,,,,,,,,,,,,,
assignment4_topicstop_20261008_194514,0.146,1791456320.032253,0,,,0,,,,,0,IDLE,disabled,0.000,0.000,deg/s,joint_states,-12.220,18.110,0.000,0.000,,,,,,,,,pan
assignment4_topicstop_20261008_194514,0.169,1791456320.054316,0,,,0,,,,,0,IDLE,disabled,0.000,0.000,deg/s,joint_states,-10.720,16.170,15.110,-17.860,,,,,,,,,pan
assignment4_topicstop_20261008_194514,0.186,1791456320.072952,0,,,0,,,,,0,IDLE,disabled,0.000,0.000,deg/s,joint_states,-9.930,15.030,17.860,-24.730,,,,,,,,,pan
assignment4_topicstop_20261008_194514,0.205,1791456320.091097,0,,,0,,,,,0,IDLE,disabled,0.000,0.000,deg/s,joint_states,-9.580,14.500,17.860,-26.110,,,,,,,,,pan
assignment4_topicstop_20261008_194514,0.227,1791456320.118090,0,,,0,,,,,0,IDLE,disabled,0.000,0.000,deg/s,joint_states,-9.140,13.890,17.860,-27.480,,,,,,,,,pan
assignment4_topicstop_20261008_194514,0.245,1791456320.130712,0,,,0,,,,,0,IDLE,disabled,0.000,0.000,deg/s,joint_states,-8.610,13.270,19.240,-28.850,,,,,,,,,pan
assignment4_topicstop_20261008_194514,0.269,1791456320.154460,0,,,0,,,,,0,IDLE,disabled,0.000,0.000,deg/s,joint_states,-8.610,13.270,19.240,-28.850,,,,,,,,,pan
assignment4_topicstop_20261008_194514,0.285,1791456320.170521,0,,,0,,,,,0,IDLE,disabled,0.000,0.000,deg/s,joint_states,-7.820,12.130,19.240,-28.850,,,,,,,,,pan
assignment4_topicstop_20261008_194514,0.306,1791456320.191026,0,,,0,,,,,0,IDLE,disabled,0.000,0.000,deg/s,joint_states,-7.380,11.600,19.240,-27.480,,,,,,,,,pan
assignment4_topicstop_20261008_194514,0.327,1791456320.214538,0,,,0,,,,,0,IDLE,disabled,0.000,0.000,deg/s,joint_states,-7.120,11.070,19.240,-27.480,,,,,,,,,pan
assignment4_topicstop_20261008_194514,0.345,1791456320.230497,0,,,0,,,,,0,IDLE,disabled,0.000,0.000,deg/s,joint_states,-6.770,10.550,17.860,-26.110,,,,,,,,,pan
assignment4_topicstop_20261008_194514,0.368,1791456320.253427,0,,,0,,,,,0,IDLE,disabled,0.000,0.000,deg/s,joint_states,-6.770,10.550,17.860,-26.110,,,,,,,,,pan
assignment4_topicstop_20261008_194514,0.385,1791456320.270481,0,,,0,,,,,0,IDLE,disabled,0.000,0.000,deg/s,joint_states,-6.060,9.670,15.110,-24.730,,,,,,,,,pan
assignment4_topicstop_20261008_194514,0.405,1791456320.290657,0,,,0,,,,,0,IDLE,disabled,0.000,0.000,deg/s,joint_states,-5.800,9.230,15.110,-23.360,,,,,,,,,pan
assignment4_topicstop_20261008_194514,0.426,1791456320.313496,0,,,0,,,,,0,IDLE,disabled,0.000,0.000,deg/s,joint_states,-5.540,8.790,13.740,-21.980,,,,,,,,,pan
assignment4_topicstop_20261008_194514,0.445,1791456320.330433,0,,,0,,,,,0,IDLE,disabled,0.000,0.000,deg/s,joint_states,-5.270,8.440,13.740,-20.610,,,,,,,,,pan
assignment4_topicstop_20261008_194514,0.466,1791456320.350614,0,,,0,,,,,0,IDLE,disabled,0.000,0.000,deg/s,joint_states,-5.100,8.000,12.370,-20.610,,,,,,,,,pan
assignment4_topicstop_20261008_194514,0.485,1791456320.370312,0,,,0,,,,,0,IDLE,disabled,0.000,0.000,deg/s,joint_states,-4.830,7.650,12.370,-19.240,,,,,,,,,pan
assignment4_topicstop_20261008_194514,0.506,1791456320.391671,0,,,0,,,,,0,IDLE,disabled,0.000,0.000,deg/s,joint_states,-4.660,7.290,10.990,-17.860,,,,,,,,,pan
assignment4_topicstop_20261008_194514,0.528,1791456320.417698,0,,,0,,,,,0,IDLE,disabled,0.000,0.000,deg/s,joint_states,-4.480,6.940,10.990,-17.860,,,,,,,,,pan
assignment4_topicstop_20261008_194514,0.545,1791456320.430429,0,,,0,,,,,0,IDLE,disabled,0.000,0.000,deg/s,joint_states,-4.220,6.680,9.620,-16.490,,,,,,,,,pan
assignment4_topicstop_20261008_194514,0.568,1791456320.455272,0,,,0,,,,,0,IDLE,disabled,0.000,0.000,deg/s,joint_states,-4.220,6.680,9.620,-16.490,,,,,,,,,pan
assignment4_topicstop_20261008_194514,0.585,1791456320.470448,0,,,0,,,,,0,IDLE,disabled,0.000,0.000,deg/s,joint_states,-3.870,6.060,9.620,-15.110,,,,,,,,,pan
assignment4_topicstop_20261008_194514,0.607,1791456320.492299,0,,,0,,,,,0,IDLE,disabled,0.000,0.000,deg/s,joint_states,-3.520,5.540,8.240,-13.740,,,,,,,,,pan
assignment4_topicstop_20261008_194514,0.628,1791456320.516171,0,,,0,,,,,0,IDLE,disabled,0.000,0.000,deg/s,joint_states,-3.520,5.540,8.240,-13.740,,,,,,,,,pan
assignment4_topicstop_20261008_194514,0.645,1791456320.530775,0,,,0,,,,,0,IDLE,disabled,0.000,0.000,deg/s,joint_states,-3.340,5.270,8.240,-13.740,,,,,,,,,pan
assignment4_topicstop_20261008_194514,0.668,1791456320.553291,0,,,0,,,,,0,IDLE,disabled,0.000,0.000,deg/s,joint_states,-3.340,5.270,8.240,-13.740,,,,,,,,,pan
assignment4_topicstop_20261008_194514,0.685,1791456320.570771,0,,,0,,,,,0,IDLE,disabled,0.000,0.000,deg/s,joint_states,-3.080,4.830,6.870,-10.990,,,,,,,,,pan
assignment4_topicstop_20261008_194514,0.706,1791456320.591283,0,,,0,,,,,0,IDLE,disabled,0.000,0.000,deg/s,joint_states,-2.990,4.660,6.870,-10.990,,,,,,,,,pan
assignment4_topicstop_20261008_194514,0.728,1791456320.617001,0,,,0,,,,,0,IDLE,disabled,0.000,0.000,deg/s,joint_states,-2.900,4.480,5.500,-9.620,,,,,,,,,pan
assignment4_topicstop_20261008_194514,0.745,1791456320.630519,0,,,0,,,,,0,IDLE,disabled,0.000,0.000,deg/s,joint_states,-2.720,4.220,5.500,-9.620,,,,,,,,,pan
assignment4_topicstop_20261008_194514,0.769,1791456320.654423,0,,,0,,,,,0,IDLE,disabled,0.000,0.000,deg/s,joint_states,-2.720,4.220,5.500,-9.620,,,,,,,,,pan
assignment4_topicstop_20261008_194514,0.785,1791456320.670714,0,,,0,,,,,0,IDLE,disabled,0.000,0.000,deg/s,joint_states,-2.550,3.780,5.500,-9.620,,,,,,,,,pan
assignment4_topicstop_20261008_194514,0.807,1791456320.692128,0,,,0,,,,,0,IDLE,disabled,0.000,0.000,deg/s,joint_states,-2.460,3.600,4.120,-9.620,,,,,,,,,pan
assignment4_topicstop_20261008_194514,0.827,1791456320.717957,0,,,0,,,,,0,IDLE,disabled,0.000,0.000,deg/s,joint_states,-2.290,3.520,4.120,-8.240,,,,,,,,,pan
assignment4_topicstop_20261008_194514,0.846,1791456320.730761,0,,,0,,,,,0,IDLE,disabled,0.000,0.000,deg/s,joint_states,-2.200,3.340,4.120,-8.240,,,,,,,,,pan
assignment4_topicstop_20261008_194514,0.869,1791456320.754688,0,,,0,,,,,0,IDLE,disabled,0.000,0.000,deg/s,joint_states,-2.200,3.340,4.120,-8.240,,,,,,,,,pan
assignment4_topicstop_20261008_194514,0.885,1791456320.770558,0,,,0,,,,,0,IDLE,disabled,0.000,0.000,deg/s,joint_states,-2.020,3.080,4.120,-6.870,,,,,,,,,pan
assignment4_topicstop_20261008_194514,0.907,1791456320.792406,0,,,0,,,,,0,IDLE,disabled,0.000,0.000,deg/s,joint_states,-1.850,2.990,4.120,-5.500,,,,,,,,,pan
assignment4_topicstop_20261008_194514,0.927,1791456320.816259,0,,,0,,,,,0,IDLE,disabled,0.000,0.000,deg/s,joint_states,-1.760,2.900,4.120,-5.500,,,,,,,,,pan
assignment4_topicstop_20261008_194514,0.946,1791456320.830625,0,,,0,,,,,0,IDLE,disabled,0.000,0.000,deg/s,joint_states,-1.670,2.720,4.120,-5.500,,,,,,,,,pan
assignment4_topicstop_20261008_194514,0.966,1791456320.850935,0,,,0,,,,,0,IDLE,disabled,0.000,0.000,deg/s,joint_states,-1.580,2.640,4.120,-5.500,,,,,,,,,pan
assignment4_topicstop_20261008_194514,0.986,1791456320.870834,0,,,0,,,,,0,IDLE,disabled,0.000,0.000,deg/s,joint_states,-1.580,2.460,4.120,-5.500,,,,,,,,,pan
assignment4_topicstop_20261008_194514,1.007,1791456320.895000,0,,,0,,,,,0,IDLE,disabled,0.000,0.000,deg/s,joint_states,-1.490,2.370,2.750,-5.500,,,,,,,,,pan
assignment4_topicstop_20261008_194514,1.027,1791456320.917113,0,,,0,,,,,0,IDLE,disabled,0.000,0.000,deg/s,joint_states,-1.490,2.370,2.750,-5.500,,,,,,,,,pan
assignment4_topicstop_20261008_194514,1.050,1791456320.935865,0,,,0,,,,,0,IDLE,disabled,0.000,0.000,deg/s,joint_states,-1.410,2.200,1.370,-5.500,,,,,,,,,pan
assignment4_topicstop_20261008_194514,1.070,1791456320.955936,0,,,0,,,,,0,IDLE,disabled,0.000,0.000,deg/s,joint_states,-1.410,2.020,1.370,-5.500,,,,,,,,,pan
assignment4_topicstop_20261008_194514,1.085,1791456320.970371,0,,,0,,,,,0,IDLE,disabled,0.000,0.000,deg/s,joint_states,-1.320,1.930,1.370,-5.500,,,,,,,,,pan
assignment4_topicstop_20261008_194514,1.106,1791456320.991215,0,,,0,,,,,0,IDLE,disabled,0.000,0.000,deg/s,joint_states,-1.230,1.850,1.370,-5.500,,,,,,,,,pan
assignment4_topicstop_20261008_194514,1.127,1791456321.014589,0,,,0,,,,,0,IDLE,disabled,0.000,0.000,deg/s,joint_states,-1.140,1.760,2.750,-5.500,,,,,,,,,pan
assignment4_topicstop_20261008_194514,1.145,1791456321.030310,0,,,0,,,,,0,IDLE,disabled,0.000,0.000,deg/s,joint_states,-1.140,1.670,2.750,-4.120,,,,,,,,,pan
assignment4_topicstop_20261008_194514,1.166,1791456321.050863,0,,,0,,,,,0,IDLE,disabled,0.000,0.000,deg/s,joint_states,-1.050,1.580,2.750,-4.120,,,,,,,,,pan
assignment4_topicstop_20261008_194514,1.185,1791456321.070405,0,,,0,,,,,0,IDLE,disabled,0.000,0.000,deg/s,joint_states,-0.970,1.580,2.750,-2.750,,,,,,,,,pan
assignment4_topicstop_20261008_194514,1.206,1791456321.091736,0,,,0,,,,,0,IDLE,disabled,0.000,0.000,deg/s,joint_states,-0.970,1.580,2.750,-1.370,,,,,,,,,pan
assignment4_topicstop_20261008_194514,1.227,1791456321.113491,0,,,0,,,,,0,IDLE,disabled,0.000,0.000,deg/s,joint_states,-0.970,1.490,1.370,-1.370,,,,,,,,,pan
assignment4_topicstop_20261008_194514,1.245,1791456321.130384,0,,,0,,,,,0,IDLE,disabled,0.000,0.000,deg/s,joint_states,-0.970,1.410,0.000,-1.370,,,,,,,,,pan
assignment4_topicstop_20261008_194514,1.266,1791456321.150733,0,,,0,,,,,0,IDLE,disabled,0.000,0.000,deg/s,joint_states,-0.970,1.320,0.000,-2.750,,,,,,,,,pan
assignment4_topicstop_20261008_194514,1.285,1791456321.170405,0,,,0,,,,,0,IDLE,disabled,0.000,0.000,deg/s,joint_states,-0.970,1.230,0.000,-4.120,,,,,,,,,pan
assignment4_topicstop_20261008_194514,1.306,1791456321.193024,0,,,0,,,,,0,IDLE,disabled,0.000,0.000,deg/s,joint_states,-0.880,1.230,0.000,-2.750,,,,,,,,,pan
assignment4_topicstop_20261008_194514,1.326,1791456321.212465,0,,,0,,,,,0,IDLE,disabled,0.000,0.000,deg/s,joint_states,-0.790,1.230,1.370,-1.370,,,,,,,,,pan
assignment4_topicstop_20261008_194514,1.345,1791456321.230676,0,,,0,,,,,0,IDLE,disabled,0.000,0.000,deg/s,joint_states,-0.790,1.230,1.370,0.000,,,,,,,,,pan
assignment4_topicstop_20261008_194514,1.366,1791456321.251022,0,,,0,,,,,0,IDLE,disabled,0.000,0.000,deg/s,joint_states,-0.790,1.050,1.370,0.000,,,,,,,,,pan
assignment4_topicstop_20261008_194514,1.385,1791456321.270477,0,,,0,,,,,0,IDLE,disabled,0.000,0.000,deg/s,joint_states,-0.790,1.050,0.000,-1.370,,,,,,,,,pan
assignment4_topicstop_20261008_194514,1.406,1791456321.291741,0,,,0,,,,,0,IDLE,disabled,0.000,0.000,deg/s,joint_states,-0.700,0.880,0.000,-2.750,,,,,,,,,pan
assignment4_topicstop_20261008_194514,1.426,1791456321.315763,0,,,0,,,,,0,IDLE,disabled,0.000,0.000,deg/s,joint_states,-0.700,0.880,0.000,-2.750,,,,,,,,,pan
assignment4_topicstop_20261008_194514,1.446,1791456321.331563,0,,,0,,,,,0,IDLE,disabled,0.000,0.000,deg/s,joint_states,-0.620,0.880,1.370,-2.750,,,,,,,,,pan
assignment4_topicstop_20261008_194514,1.468,1791456321.356396,0,,,0,,,,,0,IDLE,disabled,0.000,0.000,deg/s,joint_states,-0.620,0.880,1.370,-2.750,,,,,,,,,pan
assignment4_topicstop_20261008_194514,1.485,1791456321.370717,0,,,0,,,,,0,IDLE,disabled,0.000,0.000,deg/s,joint_states,-0.620,0.880,1.370,0.000,,,,,,,,,pan
assignment4_topicstop_20261008_194514,1.507,1791456321.394139,0,,,0,,,,,0,IDLE,disabled,0.000,0.000,deg/s,joint_states,-0.620,0.880,1.370,0.000,,,,,,,,,pan
assignment4_topicstop_20261008_194514,1.526,1791456321.416411,0,,,0,,,,,0,IDLE,disabled,0.000,0.000,deg/s,joint_states,-0.620,0.880,0.000,0.000,,,,,,,,,pan
assignment4_topicstop_20261008_194514,1.545,1791456321.432134,0,,,0,,,,,0,IDLE,disabled,0.000,0.000,deg/s,joint_states,-0.530,0.700,0.000,0.000,,,,,,,,,pan
assignment4_topicstop_20261008_194514,1.566,1791456321.451839,0,,,0,,,,,0,IDLE,disabled,0.000,0.000,deg/s,joint_states,-0.530,0.700,0.000,0.000,,,,,,,,,pan
assignment4_topicstop_20261008_194514,1.586,1791456321.471247,0,,,0,,,,,0,IDLE,disabled,0.000,0.000,deg/s,joint_states,-0.440,0.620,1.370,-1.370,,,,,,,,,pan
assignment4_topicstop_20261008_194514,1.606,1791456321.491580,0,,,0,,,,,0,IDLE,disabled,0.000,0.000,deg/s,joint_states,-0.440,0.620,1.370,-1.370,,,,,,,,,pan
assignment4_topicstop_20261008_194514,1.626,1791456321.514020,0,,,0,,,,,0,IDLE,disabled,0.000,0.000,deg/s,joint_states,-0.440,0.620,1.370,-1.370,,,,,,,,,pan
assignment4_topicstop_20261008_194514,1.645,1791456321.530856,0,,,0,,,,,0,IDLE,disabled,0.000,0.000,deg/s,joint_states,-0.440,0.620,0.000,0.000,,,,,,,,,pan
assignment4_topicstop_20261008_194514,1.667,1791456321.552755,0,,,0,,,,,0,IDLE,disabled,0.000,0.000,deg/s,joint_states,-0.440,0.620,0.000,0.000,,,,,,,,,pan
assignment4_topicstop_20261008_194514,1.686,1791456321.571277,0,,,0,,,,,0,IDLE,disabled,0.000,0.000,deg/s,joint_states,-0.350,0.440,0.000,0.000,,,,,,,,,pan
assignment4_topicstop_20261008_194514,1.705,1791456321.590394,0,,,0,,,,,0,IDLE,disabled,0.000,0.000,deg/s,joint_states,-0.260,0.440,1.370,-1.370,,,,,,,,,pan
assignment4_topicstop_20261008_194514,1.726,1791456321.614671,0,,,0,,,,,0,IDLE,disabled,0.000,0.000,deg/s,joint_states,-0.260,0.440,1.370,-1.370,,,,,,,,,pan
assignment4_topicstop_20261008_194514,1.747,1791456321.632294,0,,,0,,,,,0,IDLE,disabled,0.000,0.000,deg/s,joint_states,-0.260,0.440,0.000,0.000,,,,,,,,,pan
assignment4_topicstop_20261008_194514,1.766,1791456321.651215,0,,,0,,,,,0,IDLE,disabled,0.000,0.000,deg/s,joint_states,-0.260,0.440,0.000,0.000,,,,,,,,,pan
assignment4_topicstop_20261008_194514,1.785,1791456321.670444,0,,,0,,,,,0,IDLE,disabled,0.000,0.000,deg/s,joint_states,-0.350,0.440,0.000,0.000,,,,,,,,,pan
assignment4_topicstop_20261008_194514,1.808,1791456321.695305,0,,,0,,,,,0,IDLE,disabled,0.000,0.000,deg/s,joint_states,-0.260,0.440,0.000,0.000,,,,,,,,,pan
assignment4_topicstop_20261008_194514,1.826,1791456321.714049,0,,,0,,,,,0,IDLE,disabled,0.000,0.000,deg/s,joint_states,-0.350,0.440,0.000,0.000,,,,,,,,,pan
assignment4_topicstop_20261008_194514,1.847,1791456321.732397,0,,,0,,,,,0,IDLE,disabled,0.000,0.000,deg/s,joint_states,-0.260,0.440,0.000,0.000,,,,,,,,,pan
assignment4_topicstop_20261008_194514,1.866,1791456321.751968,0,,,0,,,,,0,IDLE,disabled,0.000,0.000,deg/s,joint_states,-0.260,0.440,0.000,0.000,,,,,,,,,pan
assignment4_topicstop_20261008_194514,1.885,1791456321.770396,0,,,0,,,,,0,IDLE,disabled,0.000,0.000,deg/s,joint_states,-0.260,0.440,0.000,0.000,,,,,,,,,pan
assignment4_topicstop_20261008_194514,1.908,1791456321.798990,0,,,0,,,,,0,IDLE,disabled,0.000,0.000,deg/s,joint_states,-0.260,0.440,0.000,0.000,,,,,,,,,pan
assignment4_topicstop_20261008_194514,1.927,1791456321.815686,0,,,0,,,,,0,IDLE,disabled,0.000,0.000,deg/s,joint_states,-0.260,0.440,0.000,0.000,,,,,,,,,pan
assignment4_topicstop_20261008_194514,1.947,1791456321.833110,0,,,0,,,,,0,IDLE,disabled,0.000,0.000,deg/s,joint_states,-0.260,0.440,0.000,0.000,,,,,,,,,pan
assignment4_topicstop_20261008_194514,1.967,1791456321.855469,0,,,0,,,,,0,IDLE,disabled,0.000,0.000,deg/s,joint_states,-0.260,0.440,0.000,0.000,,,,,,,,,pan
assignment4_topicstop_20261008_194514,1.988,1791456321.873227,1,1791456321.707877,camera_color_optical_frame,1,0.3981,0.8088,0.00307,0.014,0,IDLE,disabled,0.000,0.000,deg/s,joint_states,-0.260,0.440,0.000,0.000,0.598,-0.129,-0.197,0.398,0.809,-12.167,17.829,,pan
assignment4_topicstop_20261008_194514,2.007,1791456321.893294,2,1791456321.741227,camera_color_optical_frame,0,0.0000,0.0000,0.00000,0.015,0,IDLE,disabled,0.000,0.000,deg/s,joint_states,-0.260,0.440,0.000,0.000,0.598,-0.129,-0.197,0.398,0.809,-12.167,17.829,,pan
assignment4_topicstop_20261008_194514,2.027,1791456321.914541,3,1791456321.774576,camera_color_optical_frame,0,0.0000,0.0000,0.00000,0.015,0,IDLE,disabled,0.000,0.000,deg/s,joint_states,-0.260,0.440,0.000,0.000,0.598,-0.129,-0.197,0.398,0.809,-12.167,17.829,,pan
assignment4_topicstop_20261008_194514,2.045,1791456321.930969,3,1791456321.774576,camera_color_optical_frame,0,0.0000,0.0000,0.00000,0.033,0,IDLE,disabled,0.000,0.000,deg/s,joint_states,-0.260,0.440,0.000,0.000,0.598,-0.129,-0.197,0.398,0.809,-12.167,17.829,,pan
assignment4_topicstop_20261008_194514,2.068,1791456321.954794,3,1791456321.774576,camera_color_optical_frame,0,0.0000,0.0000,0.00000,0.056,0,IDLE,disabled,0.000,0.000,deg/s,joint_states,-0.260,0.440,0.000,0.000,0.598,-0.129,-0.197,0.398,0.809,-12.167,17.829,,pan
assignment4_topicstop_20261008_194514,2.087,1791456321.973289,4,1791456321.807926,camera_color_optical_frame,0,0.0000,0.0000,0.00000,0.013,0,IDLE,disabled,0.000,0.000,deg/s,joint_states,-0.350,0.440,0.000,0.000,0.598,-0.129,-0.197,0.395,0.809,-12.167,17.829,,pan
assignment4_topicstop_20261008_194514,2.111,1791456321.998064,5,1791456321.841275,camera_color_optical_frame,0,0.0000,0.0000,0.00000,0.019,0,IDLE,disabled,0.000,0.000,deg/s,joint_states,-0.350,0.440,0.000,0.000,0.598,-0.129,-0.197,0.395,0.809,-12.167,17.829,,pan
assignment4_topicstop_20261008_194514,2.126,1791456322.013774,6,1791456321.874616,camera_color_optical_frame,0,0.0000,0.0000,0.00000,0.007,0,IDLE,disabled,0.000,0.000,deg/s,joint_states,-0.260,0.440,0.000,0.000,0.598,-0.129,-0.197,0.398,0.809,-12.167,17.829,,pan
assignment4_topicstop_20261008_194514,2.149,1791456322.035787,6,1791456321.874616,camera_color_optical_frame,0,0.0000,0.0000,0.00000,0.030,0,IDLE,disabled,0.000,0.000,deg/s,joint_states,-0.260,0.440,0.000,0.000,0.598,-0.129,-0.197,0.398,0.809,-12.167,17.829,,pan
assignment4_topicstop_20261008_194514,2.166,1791456322.054138,7,1791456321.907974,camera_color_optical_frame,0,0.0000,0.0000,0.00000,0.013,0,IDLE,disabled,0.000,0.000,deg/s,joint_states,-0.260,0.440,0.000,0.000,0.598,-0.129,-0.197,0.398,0.809,-12.167,17.829,,pan
assignment4_topicstop_20261008_194514,2.188,1791456322.074487,7,1791456321.907974,camera_color_optical_frame,0,0.0000,0.0000,0.00000,0.034,0,IDLE,disabled,0.000,0.000,deg/s,joint_states,-0.260,0.440,0.000,0.000,0.598,-0.129,-0.197,0.398,0.809,-12.167,17.829,,pan
assignment4_topicstop_20261008_194514,2.206,1791456322.091951,8,1791456321.941331,camera_color_optical_frame,0,0.0000,0.0000,0.00000,0.013,0,IDLE,disabled,0.000,0.000,deg/s,joint_states,-0.260,0.440,0.000,0.000,0.598,-0.129,-0.197,0.398,0.809,-12.167,17.829,,pan
assignment4_topicstop_20261008_194514,2.228,1791456322.113661,8,1791456321.941331,camera_color_optical_frame,0,0.0000,0.0000,0.00000,0.035,0,IDLE,disabled,0.000,0.000,deg/s,joint_states,-0.260,0.440,0.000,0.000,0.598,-0.129,-0.197,0.398,0.809,-12.167,17.829,,pan
assignment4_topicstop_20261008_194514,2.246,1791456322.132095,9,1791456321.974689,camera_color_optical_frame,0,0.0000,0.0000,0.00000,0.014,0,IDLE,disabled,0.000,0.000,deg/s,joint_states,-0.350,0.440,0.000,0.000,0.598,-0.129,-0.197,0.395,0.809,-12.167,17.829,,pan
assignment4_topicstop_20261008_194514,2.267,1791456322.151923,9,1791456321.974689,camera_color_optical_frame,0,0.0000,0.0000,0.00000,0.034,0,IDLE,disabled,0.000,0.000,deg/s,joint_states,-0.350,0.440,0.000,0.000,0.598,-0.129,-0.197,0.395,0.809,-12.167,17.829,,pan
assignment4_topicstop_20261008_194514,2.286,1791456322.170678,10,1791456322.008047,camera_color_optical_frame,0,0.0000,0.0000,0.00000,0.015,0,IDLE,disabled,0.000,0.000,deg/s,joint_states,-0.260,0.440,0.000,0.000,0.598,-0.129,-0.197,0.398,0.809,-12.167,17.829,,pan
assignment4_topicstop_20261008_194514,2.309,1791456322.194486,10,1791456322.008047,camera_color_optical_frame,0,0.0000,0.0000,0.00000,0.038,0,IDLE,disabled,0.000,0.000,deg/s,joint_states,-0.260,0.440,0.000,0.000,0.598,-0.129,-0.197,0.398,0.809,-12.167,17.829,,pan
assignment4_topicstop_20261008_194514,2.327,1791456322.216599,11,1791456322.041404,camera_color_optical_frame,0,0.0000,0.0000,0.00000,0.014,0,IDLE,disabled,0.000,0.000,deg/s,joint_states,-0.260,0.440,0.000,0.000,0.598,-0.129,-0.197,0.398,0.809,-12.167,17.829,,pan
assignment4_topicstop_20261008_194514,2.346,1791456322.233042,11,1791456322.041404,camera_color_optical_frame,0,0.0000,0.0000,0.00000,0.033,0,IDLE,disabled,0.000,0.000,deg/s,joint_states,-0.260,0.440,0.000,0.000,0.598,-0.129,-0.197,0.398,0.809,-12.167,17.829,,pan
assignment4_topicstop_20261008_194514,2.369,1791456322.256491,12,1791456322.074762,camera_color_optical_frame,0,0.0000,0.0000,0.00000,0.018,0,IDLE,disabled,0.000,0.000,deg/s,joint_states,-0.260,0.440,0.000,0.000,0.598,-0.129,-0.197,0.398,0.809,-12.167,17.829,,pan
assignment4_topicstop_20261008_194514,2.386,1791456322.273322,13,1791456322.108120,camera_color_optical_frame,0,0.0000,0.0000,0.00000,0.009,0,IDLE,disabled,0.000,0.000,deg/s,joint_states,-0.350,0.440,0.000,0.000,0.598,-0.129,-0.197,0.395,0.809,-12.167,17.829,,pan
assignment4_topicstop_20261008_194514,2.406,1791456322.292113,13,1791456322.108120,camera_color_optical_frame,0,0.0000,0.0000,0.00000,0.028,0,IDLE,disabled,0.000,0.000,deg/s,joint_states,-0.350,0.440,0.000,0.000,0.598,-0.129,-0.197,0.395,0.809,-12.167,17.829,,pan
assignment4_topicstop_20261008_194514,2.425,1791456322.310863,14,1791456322.141478,camera_color_optical_frame,0,0.0000,0.0000,0.00000,0.010,0,IDLE,disabled,0.000,0.000,deg/s,joint_states,-0.260,0.440,0.000,0.000,0.598,-0.129,-0.197,0.398,0.809,-12.167,17.829,,pan
assignment4_topicstop_20261008_194514,2.446,1791456322.331570,14,1791456322.141478,camera_color_optical_frame,0,0.0000,0.0000,0.00000,0.031,0,IDLE,disabled,0.000,0.000,deg/s,joint_states,-0.260,0.440,0.000,0.000,0.598,-0.129,-0.197,0.398,0.809,-12.167,17.829,,pan
assignment4_topicstop_20261008_194514,2.470,1791456322.358386,15,1791456322.174836,camera_color_optical_frame,0,0.0000,0.0000,0.00000,0.021,0,IDLE,disabled,0.000,0.000,deg/s,joint_states,-0.260,0.440,0.000,0.000,0.598,-0.129,-0.197,0.398,0.809,-12.167,17.829,,pan
assignment4_topicstop_20261008_194514,2.486,1791456322.371792,15,1791456322.174836,camera_color_optical_frame,0,0.0000,0.0000,0.00000,0.036,0,IDLE,disabled,0.000,0.000,deg/s,joint_states,-0.260,0.440,0.000,0.000,0.598,-0.129,-0.197,0.398,0.809,-12.167,17.829,,pan
assignment4_topicstop_20261008_194514,2.507,1791456322.396109,16,1791456322.208193,camera_color_optical_frame,1,0.3980,0.8093,0.00304,0.018,1,IDLE,disabled,0.000,0.000,deg/s,joint_states,-0.350,0.440,0.000,0.000,0.740,-0.154,-0.237,0.381,0.788,-11.762,17.443,,pan
assignment4_topicstop_20261008_194514,2.527,1791456322.413136,17,1791456322.241551,camera_color_optical_frame,1,0.3981,0.8100,0.00302,0.003,1,IDLE,disabled,0.000,0.000,deg/s,joint_states,-0.260,0.440,0.000,0.000,0.738,-0.155,-0.237,0.387,0.789,-11.840,17.458,,pan
assignment4_topicstop_20261008_194514,2.548,1791456322.435686,17,1791456322.241551,camera_color_optical_frame,1,0.3981,0.8100,0.00302,0.024,1,IDLE,disabled,0.000,0.000,deg/s,joint_states,-0.260,0.440,0.000,0.000,0.738,-0.155,-0.237,0.387,0.789,-11.840,17.458,,pan
assignment4_topicstop_20261008_194514,2.568,1791456322.454423,18,1791456322.274909,camera_color_optical_frame,1,0.3984,0.8100,0.00303,0.009,1,IDLE,disabled,0.000,0.000,deg/s,joint_states,-0.260,0.440,0.000,0.000,0.728,-0.154,-0.235,0.391,0.792,-11.967,17.497,,pan
assignment4_topicstop_20261008_194514,2.589,1791456322.475368,18,1791456322.274909,camera_color_optical_frame,1,0.3984,0.8100,0.00303,0.031,1,IDLE,disabled,0.000,0.000,deg/s,joint_states,-0.260,0.440,0.000,0.000,0.727,-0.154,-0.234,0.392,0.792,-11.985,17.502,,pan
assignment4_topicstop_20261008_194514,2.609,1791456322.496018,19,1791456322.308266,camera_color_optical_frame,1,0.3974,0.8103,0.00299,0.012,1,IDLE,disabled,0.000,0.000,deg/s,joint_states,-0.350,0.440,0.000,0.000,0.732,-0.149,-0.235,0.372,0.789,-11.484,17.481,,pan
assignment4_topicstop_20261008_194514,2.627,1791456322.513387,19,1791456322.308266,camera_color_optical_frame,1,0.3974,0.8103,0.00299,0.031,1,IDLE,disabled,0.000,0.000,deg/s,joint_states,-0.350,0.440,0.000,0.000,0.731,-0.148,-0.235,0.371,0.789,-11.458,17.482,,pan
assignment4_topicstop_20261008_194514,2.646,1791456322.534493,20,1791456322.341624,camera_color_optical_frame,1,0.3982,0.8110,0.00299,0.013,1,IDLE,disabled,0.000,0.000,deg/s,joint_states,-0.260,0.440,0.000,0.000,0.744,-0.153,-0.240,0.380,0.792,-11.633,17.530,,pan
assignment4_topicstop_20261008_194514,2.666,1791456322.552690,20,1791456322.341624,camera_color_optical_frame,1,0.3982,0.8110,0.00299,0.033,1,IDLE,disabled,0.000,0.000,deg/s,joint_states,-0.350,0.440,0.000,0.000,0.745,-0.153,-0.240,0.376,0.792,-11.619,17.536,,pan
assignment4_topicstop_20261008_194514,2.687,1791456322.578629,21,1791456322.374982,camera_color_optical_frame,1,0.3974,0.8096,0.00294,0.018,1,IDLE,disabled,0.000,0.000,deg/s,joint_states,-0.260,0.440,0.000,0.000,0.744,-0.157,-0.238,0.390,0.787,-11.934,17.410,,pan
assignment4_topicstop_20261008_194514,2.706,1791456322.593127,22,1791456322.408340,camera_color_optical_frame,1,0.3981,0.8101,0.00298,0.007,1,IDLE,disabled,0.000,0.000,deg/s,joint_states,-0.260,0.440,0.000,0.000,0.727,-0.151,-0.233,0.384,0.787,-11.758,17.410,,pan
assignment4_topicstop_20261008_194514,2.727,1791456322.616236,22,1791456322.408340,camera_color_optical_frame,1,0.3981,0.8101,0.00298,0.027,1,IDLE,disabled,0.000,0.000,deg/s,joint_states,-0.260,0.440,0.000,0.000,0.726,-0.151,-0.233,0.384,0.787,-11.757,17.404,,pan
assignment4_topicstop_20261008_194514,2.746,1791456322.632401,23,1791456322.441697,camera_color_optical_frame,1,0.3977,0.8091,0.00302,0.009,1,IDLE,disabled,0.000,0.000,deg/s,joint_states,-0.350,0.440,0.000,0.000,0.734,-0.155,-0.235,0.386,0.787,-11.901,17.410,,pan
assignment4_topicstop_20261008_194514,2.771,1791456322.656507,23,1791456322.441697,camera_color_optical_frame,1,0.3977,0.8091,0.00302,0.034,1,IDLE,disabled,0.000,0.000,deg/s,joint_states,-0.350,0.440,0.000,0.000,0.734,-0.155,-0.235,0.386,0.787,-11.912,17.406,,pan
assignment4_topicstop_20261008_194514,2.786,1791456322.671503,24,1791456322.475055,camera_color_optical_frame,1,0.3979,0.8108,0.00299,0.010,1,IDLE,disabled,0.000,0.000,deg/s,joint_states,-0.260,0.440,0.000,0.000,0.742,-0.159,-0.240,0.396,0.793,-12.097,17.513,,pan
assignment4_topicstop_20261008_194514,2.806,1791456322.692439,24,1791456322.475055,camera_color_optical_frame,1,0.3979,0.8108,0.00299,0.031,1,IDLE,disabled,0.000,0.000,deg/s,joint_states,-0.260,0.440,0.000,0.000,0.743,-0.160,-0.240,0.397,0.793,-12.122,17.517,,pan
assignment4_topicstop_20261008_194514,2.826,1791456322.710888,25,1791456322.508413,camera_color_optical_frame,1,0.3978,0.8104,0.00301,0.012,1,IDLE,disabled,0.000,0.000,deg/s,joint_states,-0.350,0.440,0.000,0.000,0.742,-0.152,-0.239,0.376,0.793,-11.606,17.542,,pan
assignment4_topicstop_20261008_194514,2.846,1791456322.731752,25,1791456322.508413,camera_color_optical_frame,1,0.3978,0.8104,0.00301,0.033,1,IDLE,disabled,0.000,0.000,deg/s,joint_states,-0.350,0.440,0.000,0.000,0.742,-0.152,-0.240,0.375,0.793,-11.590,17.550,,pan
assignment4_topicstop_20261008_194514,2.867,1791456322.755962,26,1791456322.541770,camera_color_optical_frame,1,0.3979,0.8101,0.00297,0.017,1,IDLE,disabled,0.000,0.000,deg/s,joint_states,-0.260,0.440,0.000,0.000,0.738,-0.151,-0.236,0.377,0.787,-11.548,17.416,,pan
assignment4_topicstop_20261008_194514,2.888,1791456322.773760,27,1791456322.575128,camera_color_optical_frame,1,0.3981,0.8107,0.00299,0.004,1,IDLE,disabled,0.000,0.000,deg/s,joint_states,-0.350,0.440,0.000,0.000,0.743,-0.155,-0.239,0.381,0.791,-11.757,17.490,,pan
assignment4_topicstop_20261008_194514,2.912,1791456322.798349,27,1791456322.575128,camera_color_optical_frame,1,0.3981,0.8107,0.00299,0.028,1,IDLE,disabled,0.000,0.000,deg/s,joint_states,-0.350,0.440,0.000,0.000,0.743,-0.155,-0.239,0.381,0.791,-11.756,17.492,,pan
assignment4_topicstop_20261008_194514,2.925,1791456322.813754,28,1791456322.608485,camera_color_optical_frame,1,0.3979,0.8096,0.00302,0.005,1,IDLE,disabled,0.000,0.000,deg/s,joint_states,-0.260,0.440,0.000,0.000,0.737,-0.157,-0.237,0.393,0.790,-12.027,17.465,,pan
assignment4_topicstop_20261008_194514,2.948,1791456322.834078,28,1791456322.608485,camera_color_optical_frame,1,0.3979,0.8096,0.00302,0.027,1,IDLE,disabled,0.000,0.000,deg/s,joint_states,-0.260,0.440,0.000,0.000,0.737,-0.157,-0.237,0.394,0.790,-12.048,17.465,,pan
assignment4_topicstop_20261008_194514,2.967,1791456322.853132,29,1791456322.641843,camera_color_optical_frame,1,0.3980,0.8100,0.00300,0.012,1,IDLE,disabled,0.000,0.000,deg/s,joint_states,-0.350,0.440,0.000,0.000,0.739,-0.154,-0.238,0.381,0.790,-11.758,17.486,,pan
assignment4_topicstop_20261008_194514,2.988,1791456322.873957,29,1791456322.641843,camera_color_optical_frame,1,0.3980,0.8100,0.00300,0.033,1,IDLE,disabled,0.000,0.000,deg/s,joint_states,-0.350,0.440,0.000,0.000,0.739,-0.154,-0.238,0.381,0.790,-11.758,17.487,,pan
assignment4_topicstop_20261008_194514,3.006,1791456322.892397,30,1791456322.708559,camera_color_optical_frame,1,0.3978,0.8098,0.00301,0.014,1,IDLE,disabled,0.000,0.000,deg/s,joint_states,-0.350,0.440,0.000,0.000,0.740,-0.154,-0.237,0.380,0.786,-11.742,17.392,,pan
assignment4_topicstop_20261008_194514,3.029,1791456322.914470,30,1791456322.708559,camera_color_optical_frame,1,0.3978,0.8098,0.00301,0.036,1,IDLE,disabled,0.000,0.000,deg/s,joint_states,-0.350,0.440,0.000,0.000,0.740,-0.154,-0.237,0.380,0.785,-11.740,17.384,,pan
assignment4_topicstop_20261008_194514,3.046,1791456322.931539,31,1791456322.741916,camera_color_optical_frame,1,0.3977,0.8082,0.00305,0.011,1,IDLE,disabled,0.000,0.000,deg/s,joint_states,-0.350,0.440,0.000,0.000,0.740,-0.155,-0.237,0.383,0.787,-11.828,17.421,,pan
assignment4_topicstop_20261008_194514,3.067,1791456322.953198,31,1791456322.741916,camera_color_optical_frame,1,0.3977,0.8082,0.00305,0.032,1,IDLE,disabled,0.000,0.000,deg/s,joint_states,-0.350,0.440,0.000,0.000,0.740,-0.155,-0.237,0.383,0.787,-11.828,17.421,,pan
assignment4_topicstop_20261008_194514,3.086,1791456322.971087,32,1791456322.775274,camera_color_optical_frame,1,0.3979,0.8096,0.00306,0.013,1,IDLE,disabled,0.000,0.000,deg/s,joint_states,-0.260,0.440,0.000,0.000,0.739,-0.156,-0.237,0.391,0.789,-11.949,17.440,,pan
assignment4_topicstop_20261008_194514,3.108,1791456322.993586,32,1791456322.775274,camera_color_optical_frame,1,0.3979,0.8096,0.00306,0.036,1,IDLE,disabled,0.000,0.000,deg/s,joint_states,-0.260,0.440,0.000,0.000,0.739,-0.157,-0.237,0.391,0.789,-11.965,17.439,,pan
assignment4_topicstop_20261008_194514,3.127,1791456323.012794,33,1791456322.808631,camera_color_optical_frame,1,0.3982,0.8098,0.00302,0.013,1,IDLE,disabled,0.000,0.000,deg/s,joint_states,-0.350,0.440,0.000,0.000,0.745,-0.153,-0.241,0.377,0.793,-11.631,17.548,,pan
assignment4_topicstop_20261008_194514,3.146,1791456323.031642,33,1791456322.808631,camera_color_optical_frame,1,0.3982,0.8098,0.00302,0.033,1,IDLE,disabled,0.000,0.000,deg/s,joint_states,-0.260,0.440,0.000,0.000,0.745,-0.153,-0.241,0.379,0.794,-11.617,17.557,,pan
assignment4_topicstop_20261008_194514,3.167,1791456323.053234,34,1791456322.841989,camera_color_optical_frame,1,0.3976,0.8085,0.00310,0.017,1,IDLE,disabled,0.000,0.000,deg/s,joint_states,-0.350,0.440,0.000,0.000,0.727,-0.150,-0.232,0.377,0.784,-11.647,17.359,,pan
assignment4_topicstop_20261008_194514,3.187,1791456323.073076,35,1791456322.875346,camera_color_optical_frame,1,0.3975,0.8078,0.00311,0.008,1,IDLE,disabled,0.000,0.000,deg/s,joint_states,-0.350,0.440,0.000,0.000,0.736,-0.153,-0.235,0.382,0.783,-11.774,17.340,,pan
assignment4_topicstop_20261008_194514,3.207,1791456323.092990,36,1791456322.908704,camera_color_optical_frame,1,0.3978,0.8091,0.00307,0.012,0,IDLE,disabled,0.000,0.000,deg/s,joint_states,-0.350,0.440,0.000,0.000,0.511,-0.115,-0.172,0.412,0.830,-12.654,18.225,,pan
assignment4_topicstop_20261008_194514,3.226,1791456323.111334,37,1791456322.942061,camera_color_optical_frame,1,0.3978,0.8088,0.00309,0.011,0,IDLE,disabled,0.000,0.000,deg/s,joint_states,-0.260,0.440,0.000,0.000,0.518,-0.114,-0.174,0.408,0.828,-12.455,18.196,,pan
assignment4_topicstop_20261008_194514,3.248,1791456323.134171,39,1791456323.008776,camera_color_optical_frame,1,0.3977,0.8082,0.00309,0.003,0,IDLE,disabled,0.000,0.000,deg/s,joint_states,-0.350,0.440,0.000,0.000,0.598,-0.129,-0.196,0.396,0.805,-12.190,17.765,,pan
assignment4_topicstop_20261008_194514,3.267,1791456323.153374,40,1791456323.075491,camera_color_optical_frame,1,0.3975,0.8090,0.00308,0.010,0,IDLE,disabled,0.000,0.000,deg/s,joint_states,-0.350,0.440,0.000,0.000,0.598,-0.130,-0.197,0.397,0.810,-12.224,17.855,,pan
assignment4_topicstop_20261008_194514,3.286,1791456323.171993,40,1791456323.075491,camera_color_optical_frame,1,0.3975,0.8090,0.00308,0.029,0,IDLE,disabled,0.000,0.000,deg/s,joint_states,-0.260,0.440,0.000,0.000,0.598,-0.130,-0.197,0.400,0.810,-12.232,17.860,,pan
assignment4_topicstop_20261008_194514,3.308,1791456323.194010,40,1791456323.075491,camera_color_optical_frame,1,0.3975,0.8090,0.00308,0.051,0,IDLE,disabled,0.000,0.000,deg/s,joint_states,-0.260,0.440,0.000,0.000,0.598,-0.130,-0.197,0.401,0.811,-12.240,17.865,,pan
assignment4_topicstop_20261008_194514,3.326,1791456323.211364,41,1791456323.108849,camera_color_optical_frame,1,0.3983,0.8099,0.00301,0.012,1,IDLE,disabled,0.000,0.000,deg/s,joint_states,-0.350,0.440,0.000,0.000,0.742,-0.156,-0.238,0.384,0.789,-11.845,17.455,,pan
assignment4_topicstop_20261008_194514,3.349,1791456323.234219,41,1791456323.108849,camera_color_optical_frame,1,0.3983,0.8099,0.00301,0.034,1,IDLE,disabled,0.000,0.000,deg/s,joint_states,-0.350,0.440,0.000,0.000,0.742,-0.156,-0.238,0.384,0.789,-11.845,17.455,,pan
assignment4_topicstop_20261008_194514,3.366,1791456323.254323,42,1791456323.142206,camera_color_optical_frame,1,0.3983,0.8093,0.00300,0.013,1,IDLE,disabled,0.000,0.000,deg/s,joint_states,-0.350,0.440,0.000,0.000,0.788,-0.162,-0.251,0.377,0.783,-11.652,17.332,,pan
assignment4_topicstop_20261008_194514,3.387,1791456323.272625,42,1791456323.142206,camera_color_optical_frame,1,0.3983,0.8093,0.00300,0.034,1,IDLE,disabled,0.000,0.000,deg/s,joint_states,-0.260,0.440,0.000,0.000,0.798,-0.164,-0.254,0.380,0.782,-11.631,17.312,,pan
assignment4_topicstop_20261008_194514,3.406,1791456323.292262,43,1791456323.175563,camera_color_optical_frame,1,0.3974,0.8096,0.00309,0.014,1,IDLE,disabled,0.000,0.000,deg/s,joint_states,-0.350,0.440,0.000,0.000,0.732,-0.151,-0.235,0.378,0.788,-11.679,17.441,,pan
assignment4_topicstop_20261008_194514,3.427,1791456323.313304,43,1791456323.175563,camera_color_optical_frame,1,0.3974,0.8096,0.00309,0.034,1,IDLE,disabled,0.000,0.000,deg/s,joint_states,-0.260,0.530,0.000,0.000,0.731,-0.151,-0.234,0.381,0.784,-11.660,17.439,,pan
assignment4_topicstop_20261008_194514,3.448,1791456323.338302,44,1791456323.208921,camera_color_optical_frame,1,0.3976,0.8090,0.00308,0.017,1,IDLE,disabled,0.000,0.000,deg/s,joint_states,-0.260,0.530,0.000,0.000,0.741,-0.154,-0.241,0.384,0.794,-11.762,17.643,,pan
assignment4_topicstop_20261008_194514,3.467,1791456323.352494,44,1791456323.208921,camera_color_optical_frame,1,0.3976,0.8090,0.00308,0.035,1,IDLE,disabled,0.000,0.000,deg/s,joint_states,-0.350,0.440,0.000,0.000,0.742,-0.154,-0.241,0.381,0.799,-11.761,17.663,,pan
assignment4_topicstop_20261008_194514,3.488,1791456323.375353,45,1791456323.242278,camera_color_optical_frame,1,0.3979,0.8090,0.00304,0.019,1,IDLE,disabled,0.000,0.000,deg/s,joint_states,-0.350,0.440,0.000,0.000,0.730,-0.152,-0.234,0.381,0.787,-11.753,17.410,,pan
assignment4_topicstop_20261008_194514,3.507,1791456323.392651,46,1791456323.275635,camera_color_optical_frame,1,0.3978,0.8081,0.00305,0.011,1,IDLE,disabled,0.000,0.000,deg/s,joint_states,-0.350,0.440,0.000,0.000,0.736,-0.155,-0.235,0.385,0.786,-11.867,17.382,,pan
assignment4_topicstop_20261008_194514,3.530,1791456323.415951,46,1791456323.275635,camera_color_optical_frame,1,0.3978,0.8081,0.00305,0.034,1,IDLE,disabled,0.000,0.000,deg/s,joint_states,-0.260,0.440,0.000,0.000,0.735,-0.155,-0.235,0.388,0.785,-11.880,17.365,,pan
assignment4_topicstop_20261008_194514,3.545,1791456323.430571,47,1791456323.308993,camera_color_optical_frame,1,0.3977,0.8102,0.00305,0.009,1,IDLE,disabled,0.000,0.000,deg/s,joint_states,-0.260,0.440,0.000,0.000,0.752,-0.157,-0.242,0.384,0.792,-11.764,17.507,,pan
assignment4_topicstop_20261008_194514,3.569,1791456323.455339,47,1791456323.308993,camera_color_optical_frame,1,0.3977,0.8102,0.00305,0.033,1,IDLE,disabled,0.000,0.000,deg/s,joint_states,-0.350,0.440,0.000,0.000,0.754,-0.157,-0.243,0.381,0.792,-11.762,17.516,,pan
assignment4_topicstop_20261008_194514,3.586,1791456323.472665,48,1791456323.342350,camera_color_optical_frame,1,0.3976,0.8094,0.00304,0.013,1,IDLE,disabled,0.000,0.000,deg/s,joint_states,-0.350,0.440,0.000,0.000,0.740,-0.156,-0.237,0.386,0.787,-11.909,17.409,,pan
assignment4_topicstop_20261008_194514,3.606,1791456323.491232,48,1791456323.342350,camera_color_optical_frame,1,0.3976,0.8094,0.00304,0.032,1,IDLE,disabled,0.000,0.000,deg/s,joint_states,-0.260,0.440,0.000,0.000,0.741,-0.156,-0.237,0.390,0.787,-11.919,17.403,,pan
assignment4_topicstop_20261008_194514,3.628,1791456323.516273,49,1791456323.375707,camera_color_optical_frame,1,0.3976,0.8093,0.00306,0.020,1,IDLE,disabled,0.000,0.000,deg/s,joint_states,-0.350,0.440,0.000,0.000,0.735,-0.154,-0.235,0.384,0.787,-11.854,17.404,,pan
assignment4_topicstop_20261008_194514,3.647,1791456323.533950,50,1791456323.409065,camera_color_optical_frame,1,0.3979,0.8085,0.00303,0.003,1,IDLE,disabled,0.000,0.000,deg/s,joint_states,-0.350,0.440,0.000,0.000,0.733,-0.151,-0.234,0.378,0.785,-11.661,17.392,,pan
assignment4_topicstop_20261008_194514,3.668,1791456323.554653,50,1791456323.409065,camera_color_optical_frame,1,0.3979,0.8085,0.00303,0.023,1,IDLE,disabled,0.000,0.000,deg/s,joint_states,-0.350,0.440,0.000,0.000,0.733,-0.151,-0.234,0.377,0.785,-11.642,17.386,,pan
assignment4_topicstop_20261008_194514,3.686,1791456323.571659,51,1791456323.442422,camera_color_optical_frame,1,0.3974,0.8093,0.00305,0.010,1,IDLE,disabled,0.000,0.000,deg/s,joint_states,-0.350,0.440,0.000,0.000,0.739,-0.156,-0.237,0.386,0.789,-11.911,17.444,,pan
assignment4_topicstop_20261008_194514,3.711,1791456323.598561,51,1791456323.442422,camera_color_optical_frame,1,0.3974,0.8093,0.00305,0.035,1,IDLE,disabled,0.000,0.000,deg/s,joint_states,-0.260,0.440,0.000,0.000,0.739,-0.156,-0.237,0.390,0.789,-11.926,17.444,,pan
assignment4_topicstop_20261008_194514,3.728,1791456323.613508,52,1791456323.475779,camera_color_optical_frame,1,0.3978,0.8092,0.00301,0.007,1,IDLE,disabled,0.000,0.000,deg/s,joint_states,-0.260,0.440,0.000,0.000,0.739,-0.155,-0.238,0.387,0.790,-11.858,17.471,,pan
assignment4_topicstop_20261008_194514,3.748,1791456323.641082,53,1791456323.509136,camera_color_optical_frame,1,0.3975,0.8098,0.00306,0.016,0,IDLE,disabled,0.000,0.000,deg/s,joint_states,-0.260,0.440,0.000,0.000,0.539,-0.119,-0.181,0.408,0.823,-12.445,18.105,,pan
assignment4_topicstop_20261008_194514,3.769,1791456323.655889,54,1791456323.542494,camera_color_optical_frame,1,0.3972,0.8089,0.00307,0.004,1,IDLE,disabled,0.000,0.000,deg/s,joint_states,-0.260,0.440,0.000,0.000,0.734,-0.154,-0.236,0.387,0.790,-11.840,17.462,,pan
assignment4_topicstop_20261008_194514,3.790,1791456323.678187,54,1791456323.542494,camera_color_optical_frame,1,0.3972,0.8089,0.00307,0.025,1,IDLE,disabled,0.000,0.000,deg/s,joint_states,-0.260,0.440,0.000,0.000,0.734,-0.154,-0.236,0.387,0.790,-11.844,17.465,,pan
assignment4_topicstop_20261008_194514,3.807,1791456323.694867,55,1791456323.575851,camera_color_optical_frame,1,0.3978,0.8085,0.00308,0.004,1,IDLE,disabled,0.000,0.000,deg/s,joint_states,-0.350,0.440,0.000,0.000,0.791,-0.163,-0.252,0.376,0.781,-11.618,17.294,,pan
assignment4_topicstop_20261008_194514,3.831,1791456323.718697,55,1791456323.575851,camera_color_optical_frame,1,0.3978,0.8085,0.00308,0.028,1,IDLE,disabled,0.000,0.000,deg/s,joint_states,-0.350,0.440,0.000,0.000,0.803,-0.165,-0.255,0.375,0.779,-11.591,17.268,,pan
assignment4_topicstop_20261008_194514,3.846,1791456323.733501,56,1791456323.609208,camera_color_optical_frame,1,0.3975,0.8085,0.00306,0.009,1,IDLE,disabled,0.000,0.000,deg/s,joint_states,-0.260,0.530,0.000,0.000,0.737,-0.152,-0.236,0.379,0.781,-11.625,17.390,,pan
assignment4_topicstop_20261008_194514,3.872,1791456323.757861,56,1791456323.609208,camera_color_optical_frame,1,0.3975,0.8085,0.00306,0.035,1,IDLE,disabled,0.000,0.000,deg/s,joint_states,-0.260,0.530,0.000,0.000,0.737,-0.151,-0.236,0.378,0.781,-11.598,17.382,,pan
assignment4_topicstop_20261008_194514,3.886,1791456323.772354,57,1791456323.642565,camera_color_optical_frame,1,0.3974,0.8082,0.00308,0.009,1,IDLE,disabled,0.000,0.000,deg/s,joint_states,-0.260,0.440,0.000,0.000,0.742,-0.154,-0.238,0.383,0.787,-11.722,17.415,,pan
assignment4_topicstop_20261008_194514,3.910,1791456323.796221,57,1791456323.642565,camera_color_optical_frame,1,0.3974,0.8082,0.00308,0.033,1,IDLE,disabled,0.000,0.000,deg/s,joint_states,-0.260,0.440,0.000,0.000,0.743,-0.154,-0.238,0.383,0.787,-11.718,17.413,,pan
assignment4_topicstop_20261008_194514,3.927,1791456323.822388,58,1791456323.675923,camera_color_optical_frame,1,0.3958,0.8107,0.00311,0.012,1,IDLE,disabled,0.000,0.000,deg/s,joint_states,-0.260,0.440,0.000,0.000,0.751,-0.156,-0.243,0.383,0.795,-11.729,17.571,,pan
assignment4_topicstop_20261008_194514,3.948,1791456323.834288,59,1791456323.709280,camera_color_optical_frame,1,0.3967,0.8079,0.00316,0.003,1,IDLE,disabled,0.000,0.000,deg/s,joint_states,-0.260,0.440,0.000,0.000,0.753,-0.156,-0.244,0.383,0.795,-11.727,17.586,,pan
assignment4_topicstop_20261008_194514,3.973,1791456323.859974,59,1791456323.709280,camera_color_optical_frame,1,0.3967,0.8079,0.00316,0.028,1,IDLE,disabled,0.000,0.000,deg/s,joint_states,-0.260,0.440,0.000,0.000,0.750,-0.155,-0.243,0.382,0.797,-11.692,17.623,,pan
assignment4_topicstop_20261008_194514,3.986,1791456323.872754,60,1791456323.742637,camera_color_optical_frame,1,0.3958,0.8081,0.00321,0.006,1,IDLE,disabled,0.000,0.000,deg/s,joint_states,-0.260,0.440,0.000,0.000,0.736,-0.151,-0.234,0.379,0.782,-11.613,17.321,,pan
assignment4_topicstop_20261008_194514,4.010,1791456323.896508,60,1791456323.742637,camera_color_optical_frame,1,0.3958,0.8081,0.00321,0.029,1,IDLE,disabled,0.000,0.000,deg/s,joint_states,-0.260,0.440,0.000,0.000,0.735,-0.151,-0.234,0.379,0.781,-11.597,17.302,,pan
assignment4_topicstop_20261008_194514,4.028,1791456323.913764,61,1791456323.775994,camera_color_optical_frame,1,0.3968,0.8087,0.00314,0.012,1,IDLE,disabled,0.000,0.000,deg/s,joint_states,-0.260,0.440,0.000,0.000,0.734,-0.152,-0.234,0.383,0.783,-11.729,17.323,,pan
assignment4_topicstop_20261008_194514,4.050,1791456323.938238,61,1791456323.775994,camera_color_optical_frame,1,0.3968,0.8087,0.00314,0.035,1,IDLE,disabled,0.000,0.000,deg/s,joint_states,-0.260,0.440,0.000,0.000,0.733,-0.152,-0.233,0.383,0.782,-11.729,17.304,,pan
assignment4_topicstop_20261008_194514,4.068,1791456323.956137,62,1791456323.809351,camera_color_optical_frame,1,0.3958,0.8080,0.00319,0.010,1,IDLE,disabled,0.000,0.000,deg/s,joint_states,-0.350,0.440,0.000,0.000,0.743,-0.154,-0.238,0.379,0.787,-11.703,17.416,,pan
assignment4_topicstop_20261008_194514,4.087,1791456323.976083,62,1791456323.809351,camera_color_optical_frame,1,0.3958,0.8080,0.00319,0.029,1,IDLE,disabled,0.000,0.000,deg/s,joint_states,-0.260,0.440,0.000,0.000,0.743,-0.154,-0.238,0.382,0.787,-11.704,17.415,,pan
assignment4_topicstop_20261008_194514,4.107,1791456323.992462,62,1791456323.809351,camera_color_optical_frame,1,0.3958,0.8080,0.00319,0.048,1,IDLE,disabled,0.000,0.000,deg/s,joint_states,-0.260,0.440,0.000,0.000,0.743,-0.154,-0.238,0.382,0.787,-11.704,17.415,,pan
assignment4_topicstop_20261008_194514,4.130,1791456324.022312,63,1791456323.842709,camera_color_optical_frame,1,0.3962,0.8068,0.00323,0.021,1,IDLE,disabled,0.000,0.000,deg/s,joint_states,-0.260,0.440,0.000,0.000,0.743,-0.153,-0.236,0.381,0.781,-11.661,17.300,,pan
assignment4_topicstop_20261008_194514,4.146,1791456324.032690,63,1791456323.842709,camera_color_optical_frame,1,0.3962,0.8068,0.00323,0.037,1,IDLE,disabled,0.000,0.000,deg/s,joint_states,-0.260,0.440,0.000,0.000,0.743,-0.153,-0.236,0.381,0.781,-11.657,17.291,,pan
assignment4_topicstop_20261008_194514,4.170,1791456324.060682,64,1791456323.876066,camera_color_optical_frame,1,0.3960,0.8069,0.00317,0.019,1,IDLE,disabled,0.000,0.000,deg/s,joint_states,-0.260,0.530,0.000,0.000,0.744,-0.154,-0.237,0.382,0.779,-11.714,17.339,,pan
assignment4_topicstop_20261008_194514,4.187,1791456324.072589,64,1791456323.876066,camera_color_optical_frame,1,0.3960,0.8069,0.00317,0.036,1,IDLE,disabled,0.000,0.000,deg/s,joint_states,-0.260,0.440,0.000,0.000,0.744,-0.154,-0.237,0.383,0.783,-11.715,17.333,,pan
assignment4_topicstop_20261008_194514,4.206,1791456324.096682,65,1791456323.909425,camera_color_optical_frame,1,0.3960,0.8066,0.00330,0.017,1,IDLE,disabled,0.000,0.000,deg/s,joint_states,-0.260,0.440,0.000,0.000,0.740,-0.158,-0.237,0.393,0.786,-12.025,17.382,,pan
assignment4_topicstop_20261008_194514,4.228,1791456324.116545,66,1791456323.942783,camera_color_optical_frame,1,0.3962,0.8041,0.00329,0.003,1,IDLE,disabled,0.000,0.000,deg/s,joint_states,-0.260,0.440,0.000,0.000,0.727,-0.151,-0.230,0.384,0.776,-11.754,17.189,,pan
assignment4_topicstop_20261008_194514,4.247,1791456324.136572,66,1791456323.942783,camera_color_optical_frame,1,0.3962,0.8041,0.00329,0.023,1,IDLE,disabled,0.000,0.000,deg/s,joint_states,-0.260,0.440,0.000,0.000,0.726,-0.151,-0.229,0.384,0.775,-11.759,17.171,,pan
assignment4_topicstop_20261008_194514,4.269,1791456324.155354,67,1791456323.976141,camera_color_optical_frame,1,0.3966,0.8036,0.00329,0.012,1,IDLE,disabled,0.000,0.000,deg/s,joint_states,-0.350,0.440,0.000,0.000,0.734,-0.151,-0.231,0.378,0.774,-11.666,17.164,,pan
assignment4_topicstop_20261008_194514,4.290,1791456324.175602,67,1791456323.976141,camera_color_optical_frame,1,0.3966,0.8036,0.00329,0.033,1,IDLE,disabled,0.000,0.000,deg/s,joint_states,-0.350,0.440,0.000,0.000,0.733,-0.151,-0.231,0.377,0.773,-11.655,17.145,,pan
assignment4_topicstop_20261008_194514,4.307,1791456324.193726,68,1791456324.009499,camera_color_optical_frame,1,0.3961,0.8048,0.00337,0.013,1,IDLE,disabled,0.000,0.000,deg/s,joint_states,-0.350,0.440,0.000,0.000,0.748,-0.155,-0.240,0.378,0.789,-11.684,17.461,,pan
assignment4_topicstop_20261008_194514,4.329,1791456324.215146,68,1791456324.009499,camera_color_optical_frame,1,0.3961,0.8048,0.00337,0.034,1,IDLE,disabled,0.000,0.000,deg/s,joint_states,-0.350,0.440,0.000,0.000,0.749,-0.155,-0.241,0.378,0.789,-11.681,17.471,,pan
assignment4_topicstop_20261008_194514,4.347,1791456324.232982,69,1791456324.042857,camera_color_optical_frame,1,0.3961,0.8041,0.00337,0.013,1,IDLE,disabled,0.000,0.000,deg/s,joint_states,-0.350,0.440,0.000,0.000,0.745,-0.157,-0.239,0.385,0.787,-11.868,17.407,,pan
assignment4_topicstop_20261008_194514,4.369,1791456324.255731,69,1791456324.042857,camera_color_optical_frame,1,0.3961,0.8041,0.00337,0.035,1,IDLE,disabled,0.000,0.000,deg/s,joint_states,-0.350,0.440,0.000,0.000,0.746,-0.157,-0.239,0.385,0.787,-11.877,17.414,,pan
assignment4_topicstop_20261008_194514,4.386,1791456324.272155,70,1791456324.076215,camera_color_optical_frame,1,0.3965,0.8026,0.00330,0.012,1,IDLE,disabled,0.000,0.000,deg/s,joint_states,-0.350,0.440,0.000,0.000,0.733,-0.152,-0.231,0.381,0.773,-11.750,17.126,,pan
assignment4_topicstop_20261008_194514,4.406,1791456324.292287,70,1791456324.076215,camera_color_optical_frame,1,0.3965,0.8026,0.00330,0.032,1,IDLE,disabled,0.000,0.000,deg/s,joint_states,-0.350,0.440,0.000,0.000,0.732,-0.152,-0.230,0.381,0.772,-11.753,17.107,,pan
assignment4_topicstop_20261008_194514,4.427,1791456324.313531,71,1791456324.109573,camera_color_optical_frame,1,0.3963,0.8043,0.00336,0.016,1,IDLE,disabled,0.000,0.000,deg/s,joint_states,-0.350,0.440,0.000,0.000,0.733,-0.150,-0.233,0.374,0.782,-11.559,17.324,,pan
assignment4_topicstop_20261008_194514,4.447,1791456324.332439,72,1791456324.142931,camera_color_optical_frame,1,0.3964,0.8033,0.00329,0.002,1,IDLE,disabled,0.000,0.000,deg/s,joint_states,-0.350,0.440,0.000,0.000,0.738,-0.158,-0.236,0.391,0.785,-12.054,17.359,,pan
assignment4_topicstop_20261008_194514,4.466,1791456324.353858,72,1791456324.142931,camera_color_optical_frame,1,0.3964,0.8033,0.00329,0.021,1,IDLE,disabled,0.000,0.000,deg/s,joint_states,-0.260,0.440,0.000,0.000,0.738,-0.158,-0.236,0.395,0.785,-12.079,17.362,,pan
assignment4_topicstop_20261008_194514,4.486,1791456324.371262,73,1791456324.176290,camera_color_optical_frame,1,0.3965,0.8035,0.00332,0.002,1,IDLE,disabled,0.000,0.000,deg/s,joint_states,-0.350,0.440,0.000,0.000,0.737,-0.158,-0.236,0.393,0.785,-12.104,17.366,,pan
assignment4_topicstop_20261008_194514,4.506,1791456324.392636,73,1791456324.176290,camera_color_optical_frame,1,0.3965,0.8035,0.00332,0.022,1,IDLE,disabled,0.000,0.000,deg/s,joint_states,-0.350,0.440,0.000,0.000,0.730,-0.153,-0.232,0.385,0.780,-11.862,17.276,,pan
assignment4_topicstop_20261008_194514,4.526,1791456324.411468,74,1791456324.209648,camera_color_optical_frame,1,0.3970,0.8029,0.00331,0.002,1,IDLE,disabled,0.000,0.000,deg/s,joint_states,-0.260,0.440,0.000,0.000,0.735,-0.153,-0.234,0.385,0.781,-11.789,17.290,,pan
assignment4_topicstop_20261008_194514,4.553,1791456324.440132,74,1791456324.209648,camera_color_optical_frame,1,0.3970,0.8029,0.00331,0.029,1,IDLE,disabled,0.000,0.000,deg/s,joint_states,-0.260,0.440,0.000,0.000,0.734,-0.153,-0.233,0.385,0.781,-11.788,17.287,,pan
assignment4_topicstop_20261008_194514,4.565,1791456324.450705,75,1791456324.243006,camera_color_optical_frame,1,0.3964,0.8028,0.00339,0.005,1,IDLE,disabled,0.000,0.000,deg/s,joint_states,-0.260,0.440,0.000,0.000,0.740,-0.156,-0.235,0.389,0.780,-11.905,17.271,,pan
assignment4_topicstop_20261008_194514,4.587,1791456324.475163,75,1791456324.243006,camera_color_optical_frame,1,0.3964,0.8028,0.00339,0.027,1,IDLE,disabled,0.000,0.000,deg/s,joint_states,-0.260,0.440,0.000,0.000,0.740,-0.156,-0.235,0.390,0.780,-11.916,17.266,,pan
assignment4_topicstop_20261008_194514,4.607,1791456324.492656,76,1791456324.276364,camera_color_optical_frame,1,0.3965,0.8023,0.00336,0.003,1,IDLE,disabled,0.000,0.000,deg/s,joint_states,-0.260,0.440,0.000,0.000,0.749,-0.156,-0.238,0.385,0.779,-11.782,17.250,,pan
assignment4_topicstop_20261008_194514,4.629,1791456324.515993,76,1791456324.276364,camera_color_optical_frame,1,0.3965,0.8023,0.00336,0.024,1,IDLE,disabled,0.000,0.000,deg/s,joint_states,-0.260,0.440,0.000,0.000,0.750,-0.156,-0.238,0.385,0.779,-11.783,17.245,,pan
assignment4_topicstop_20261008_194514,4.646,1791456324.531003,77,1791456324.309722,camera_color_optical_frame,1,0.3968,0.8028,0.00337,0.006,1,IDLE,disabled,0.000,0.000,deg/s,joint_states,-0.260,0.440,0.000,0.000,0.759,-0.158,-0.242,0.385,0.782,-11.790,17.308,,pan
assignment4_topicstop_20261008_194514,4.668,1791456324.553665,77,1791456324.309722,camera_color_optical_frame,1,0.3968,0.8028,0.00337,0.028,1,IDLE,disabled,0.000,0.000,deg/s,joint_states,-0.260,0.440,0.000,0.000,0.761,-0.159,-0.242,0.385,0.782,-11.789,17.308,,pan
assignment4_topicstop_20261008_194514,4.687,1791456324.572411,78,1791456324.376439,camera_color_optical_frame,1,0.3968,0.8031,0.00335,0.014,1,IDLE,disabled,0.000,0.000,deg/s,joint_states,-0.260,0.440,0.000,0.000,0.719,-0.149,-0.229,0.381,0.783,-11.672,17.337,,pan
assignment4_topicstop_20261008_194514,4.706,1791456324.591505,79,1791456324.409797,camera_color_optical_frame,1,0.3970,0.8032,0.00335,0.014,0,IDLE,disabled,0.000,0.000,deg/s,joint_states,-0.260,0.440,0.000,0.000,0.598,-0.129,-0.195,0.397,0.803,-12.134,17.718,,pan
assignment4_topicstop_20261008_194514,4.726,1791456324.612590,80,1791456324.443155,camera_color_optical_frame,1,0.3970,0.8024,0.00332,0.016,0,IDLE,disabled,0.000,0.000,deg/s,joint_states,-0.260,0.530,0.000,0.000,0.519,-0.114,-0.173,0.407,0.814,-12.438,18.014,,pan
assignment4_topicstop_20261008_194514,4.746,1791456324.632334,81,1791456324.476513,camera_color_optical_frame,1,0.3967,0.8027,0.00336,0.015,0,IDLE,disabled,0.000,0.000,deg/s,joint_states,-0.350,0.440,0.000,0.000,0.598,-0.128,-0.195,0.393,0.801,-12.110,17.689,,pan
assignment4_topicstop_20261008_194514,4.773,1791456324.659171,83,1791456324.543230,camera_color_optical_frame,1,0.3974,0.8034,0.00325,0.009,0,IDLE,disabled,0.000,0.000,deg/s,joint_states,-0.350,0.440,0.000,0.000,0.598,-0.129,-0.196,0.395,0.804,-12.156,17.743,,pan
assignment4_topicstop_20261008_194514,4.787,1791456324.672739,84,1791456324.576588,camera_color_optical_frame,1,0.3963,0.8043,0.00340,0.005,0,IDLE,disabled,0.000,0.000,deg/s,joint_states,-0.350,0.440,0.000,0.000,0.597,-0.129,-0.198,0.396,0.813,-12.188,17.925,,pan
assignment4_topicstop_20261008_194514,4.807,1791456324.695431,84,1791456324.576588,camera_color_optical_frame,1,0.3963,0.8043,0.00340,0.026,0,IDLE,disabled,0.000,0.000,deg/s,joint_states,-0.350,0.440,0.000,0.000,0.597,-0.129,-0.198,0.396,0.815,-12.194,17.954,,pan
assignment4_topicstop_20261008_194514,4.827,1791456324.713046,85,1791456324.609946,camera_color_optical_frame,1,0.3967,0.8040,0.00335,0.012,1,IDLE,disabled,0.000,0.000,deg/s,joint_states,-0.260,0.530,0.000,0.000,0.787,-0.163,-0.249,0.383,0.774,-11.729,17.237,,pan
assignment4_topicstop_20261008_194514,4.849,1791456324.734972,85,1791456324.609946,camera_color_optical_frame,1,0.3967,0.8040,0.00335,0.034,1,IDLE,disabled,0.000,0.000,deg/s,joint_states,-0.260,0.530,0.000,0.000,0.798,-0.165,-0.252,0.382,0.773,-11.712,17.217,,pan
assignment4_topicstop_20261008_194514,4.866,1791456324.751914,86,1791456324.643305,camera_color_optical_frame,1,0.3965,0.8033,0.00332,0.012,1,IDLE,disabled,0.000,0.000,deg/s,joint_states,-0.350,0.530,0.000,0.000,0.786,-0.163,-0.248,0.379,0.771,-11.711,17.192,,pan
assignment4_topicstop_20261008_194514,4.888,1791456324.773332,86,1791456324.643305,camera_color_optical_frame,1,0.3965,0.8033,0.00332,0.034,1,IDLE,disabled,0.000,0.000,deg/s,joint_states,-0.350,0.530,0.000,0.000,0.796,-0.165,-0.251,0.379,0.770,-11.693,17.167,,pan
assignment4_topicstop_20261008_194514,4.907,1791456324.792928,87,1791456324.676663,camera_color_optical_frame,1,0.3969,0.8031,0.00332,0.016,1,IDLE,disabled,0.000,0.000,deg/s,joint_states,-0.350,0.440,0.000,0.000,0.734,-0.151,-0.235,0.375,0.787,-11.592,17.430,,pan
assignment4_topicstop_20261008_194514,4.928,1791456324.813304,87,1791456324.676663,camera_color_optical_frame,1,0.3969,0.8031,0.00332,0.036,1,IDLE,disabled,0.000,0.000,deg/s,joint_states,-0.260,0.440,0.000,0.000,0.733,-0.150,-0.235,0.378,0.788,-11.567,17.440,,pan
assignment4_topicstop_20261008_194514,4.946,1791456324.833553,88,1791456324.710021,camera_color_optical_frame,1,0.3964,0.8035,0.00338,0.015,1,IDLE,disabled,0.000,0.000,deg/s,joint_states,-0.260,0.440,0.000,0.000,0.743,-0.155,-0.238,0.386,0.786,-11.803,17.394,,pan
assignment4_topicstop_20261008_194514,4.966,1791456324.851563,88,1791456324.710021,camera_color_optical_frame,1,0.3964,0.8035,0.00338,0.035,1,IDLE,disabled,0.000,0.000,deg/s,joint_states,-0.260,0.440,0.000,0.000,0.744,-0.156,-0.238,0.386,0.787,-11.802,17.401,,pan
assignment4_topicstop_20261008_194514,4.986,1791456324.872355,89,1791456324.743379,camera_color_optical_frame,1,0.3966,0.8028,0.00335,0.018,1,IDLE,disabled,0.000,0.000,deg/s,joint_states,-0.260,0.440,0.000,0.000,0.744,-0.154,-0.236,0.383,0.778,-11.728,17.233,,pan
assignment4_topicstop_20261008_194514,5.005,1791456324.890952,89,1791456324.743379,camera_color_optical_frame,1,0.3966,0.8028,0.00335,0.037,1,IDLE,disabled,0.000,0.000,deg/s,joint_states,-0.260,0.440,0.000,0.000,0.744,-0.154,-0.236,0.383,0.777,-11.727,17.220,,pan
assignment4_topicstop_20261008_194514,5.028,1791456324.915151,90,1791456324.776738,camera_color_optical_frame,1,0.3969,0.8033,0.00334,0.020,1,IDLE,disabled,0.000,0.000,deg/s,joint_states,-0.350,0.440,0.000,0.000,0.739,-0.153,-0.235,0.379,0.780,-11.689,17.272,,pan
assignment4_topicstop_20261008_194514,5.046,1791456324.932113,90,1791456324.776738,camera_color_optical_frame,1,0.3969,0.8033,0.00334,0.039,1,IDLE,disabled,0.000,0.000,deg/s,joint_states,-0.350,0.440,0.000,0.000,0.739,-0.153,-0.235,0.378,0.779,-11.679,17.265,,pan
assignment4_topicstop_20261008_194514,5.067,1791456324.956559,91,1791456324.810096,camera_color_optical_frame,1,0.3966,0.8043,0.00336,0.018,1,IDLE,disabled,0.000,0.000,deg/s,joint_states,-0.350,0.440,0.000,0.000,0.746,-0.154,-0.239,0.379,0.785,-11.699,17.388,,pan
assignment4_topicstop_20261008_194514,5.086,1791456324.970991,92,1791456324.843454,camera_color_optical_frame,1,0.3966,0.8028,0.00334,0.007,1,IDLE,disabled,0.000,0.000,deg/s,joint_states,-0.260,0.440,0.000,0.000,0.739,-0.152,-0.235,0.380,0.781,-11.631,17.295,,pan
assignment4_topicstop_20261008_194514,5.109,1791456324.996467,92,1791456324.843454,camera_color_optical_frame,1,0.3966,0.8028,0.00334,0.030,1,IDLE,disabled,0.000,0.000,deg/s,joint_states,-0.260,0.440,0.000,0.000,0.739,-0.152,-0.235,0.379,0.781,-11.614,17.292,,pan
assignment4_topicstop_20261008_194514,5.126,1791456325.012457,93,1791456324.876814,camera_color_optical_frame,1,0.3960,0.8038,0.00343,0.010,1,IDLE,disabled,0.000,0.000,deg/s,joint_states,-0.260,0.440,0.000,0.000,0.732,-0.153,-0.233,0.387,0.782,-11.841,17.314,,pan
assignment4_topicstop_20261008_194514,5.149,1791456325.034468,93,1791456324.876814,camera_color_optical_frame,1,0.3960,0.8038,0.00343,0.033,1,IDLE,disabled,0.000,0.000,deg/s,joint_states,-0.260,0.440,0.000,0.000,0.731,-0.153,-0.233,0.387,0.782,-11.855,17.310,,pan
assignment4_topicstop_20261008_194514,5.166,1791456325.052093,94,1791456324.910171,camera_color_optical_frame,1,0.3966,0.8038,0.00334,0.012,1,IDLE,disabled,0.000,0.000,deg/s,joint_states,-0.350,0.440,0.000,0.000,0.732,-0.155,-0.234,0.387,0.785,-11.934,17.374,,pan
assignment4_topicstop_20261008_194514,5.186,1791456325.071971,94,1791456324.910171,camera_color_optical_frame,1,0.3966,0.8038,0.00334,0.032,1,IDLE,disabled,0.000,0.000,deg/s,joint_states,-0.350,0.440,0.000,0.000,0.731,-0.155,-0.234,0.388,0.786,-11.955,17.380,,pan
assignment4_topicstop_20261008_194514,5.206,1791456325.091297,95,1791456324.943528,camera_color_optical_frame,1,0.3966,0.8041,0.00332,0.014,1,IDLE,disabled,0.000,0.000,deg/s,joint_states,-0.260,0.440,0.000,0.000,0.732,-0.151,-0.234,0.380,0.784,-11.641,17.349,,pan
assignment4_topicstop_20261008_194514,5.227,1791456325.112641,95,1791456324.943528,camera_color_optical_frame,1,0.3966,0.8041,0.00332,0.036,1,IDLE,disabled,0.000,0.000,deg/s,joint_states,-0.260,0.440,0.000,0.000,0.732,-0.151,-0.233,0.380,0.784,-11.628,17.350,,pan
assignment4_topicstop_20261008_194514,5.245,1791456325.132185,96,1791456324.976885,camera_color_optical_frame,1,0.3969,0.8044,0.00329,0.016,1,IDLE,disabled,0.000,0.000,deg/s,joint_states,-0.260,0.440,0.000,0.000,0.740,-0.152,-0.236,0.379,0.785,-11.600,17.371,,pan
assignment4_topicstop_20261008_194514,5.267,1791456325.151752,96,1791456324.976885,camera_color_optical_frame,1,0.3969,0.8044,0.00329,0.037,1,IDLE,disabled,0.000,0.000,deg/s,joint_states,-0.350,0.440,0.000,0.000,0.741,-0.152,-0.237,0.375,0.784,-11.582,17.375,,pan
assignment4_topicstop_20261008_194514,5.286,1791456325.174974,97,1791456325.010242,camera_color_optical_frame,1,0.3962,0.8038,0.00334,0.016,1,IDLE,disabled,0.000,0.000,deg/s,joint_states,-0.260,0.440,0.000,0.000,0.746,-0.158,-0.238,0.392,0.783,-11.982,17.322,,pan
assignment4_topicstop_20261008_194514,5.306,1791456325.192578,97,1791456325.010242,camera_color_optical_frame,1,0.3962,0.8038,0.00334,0.036,1,IDLE,disabled,0.000,0.000,deg/s,joint_states,-0.260,0.440,0.000,0.000,0.747,-0.159,-0.238,0.393,0.783,-12.005,17.321,,pan
assignment4_topicstop_20261008_194514,5.327,1791456325.215177,98,1791456325.043599,camera_color_optical_frame,1,0.3968,0.8043,0.00332,0.017,1,IDLE,disabled,0.000,0.000,deg/s,joint_states,-0.260,0.440,0.000,0.000,0.744,-0.159,-0.237,0.394,0.784,-12.037,17.339,,pan
assignment4_topicstop_20261008_194514,5.346,1791456325.232772,99,1791456325.076956,camera_color_optical_frame,1,0.3968,0.8034,0.00330,0.007,1,IDLE,disabled,0.000,0.000,deg/s,joint_states,-0.260,0.440,0.000,0.000,0.740,-0.151,-0.235,0.377,0.781,-11.563,17.306,,pan
assignment4_topicstop_20261008_194514,5.367,1791456325.254197,99,1791456325.076956,camera_color_optical_frame,1,0.3968,0.8034,0.00330,0.028,1,IDLE,disabled,0.000,0.000,deg/s,joint_states,-0.260,0.440,0.000,0.000,0.740,-0.151,-0.235,0.377,0.781,-11.541,17.303,,pan
assignment4_topicstop_20261008_194514,5.386,1791456325.271712,100,1791456325.110313,camera_color_optical_frame,1,0.3965,0.8059,0.00327,0.011,1,IDLE,disabled,0.000,0.000,deg/s,joint_states,-0.350,0.440,0.000,0.000,0.743,-0.152,-0.239,0.375,0.788,-11.569,17.457,,pan
assignment4_topicstop_20261008_194514,5.406,1791456325.291620,100,1791456325.110313,camera_color_optical_frame,1,0.3965,0.8059,0.00327,0.030,1,IDLE,disabled,0.000,0.000,deg/s,joint_states,-0.350,0.440,0.000,0.000,0.744,-0.152,-0.239,0.374,0.789,-11.548,17.466,,pan
assignment4_topicstop_20261008_194514,5.427,1791456325.313290,101,1791456325.143670,camera_color_optical_frame,1,0.3963,0.8030,0.00335,0.015,1,IDLE,disabled,0.000,0.000,deg/s,joint_states,-0.260,0.440,0.000,0.000,0.746,-0.154,-0.237,0.382,0.781,-11.689,17.300,,pan
assignment4_topicstop_20261008_194514,5.448,1791456325.333349,102,1791456325.177027,camera_color_optical_frame,1,0.3963,0.8048,0.00335,0.003,1,IDLE,disabled,0.000,0.000,deg/s,joint_states,-0.260,0.440,0.000,0.000,0.744,-0.153,-0.237,0.380,0.781,-11.635,17.300,,pan
assignment4_topicstop_20261008_194514,5.468,1791456325.358223,102,1791456325.177027,camera_color_optical_frame,1,0.3963,0.8048,0.00335,0.023,1,IDLE,disabled,0.000,0.000,deg/s,joint_states,-0.260,0.440,0.000,0.000,0.744,-0.153,-0.237,0.379,0.781,-11.624,17.293,,pan
assignment4_topicstop_20261008_194514,5.486,1791456325.370982,103,1791456325.210384,camera_color_optical_frame,1,0.3968,0.8027,0.00332,0.007,1,IDLE,disabled,0.000,0.000,deg/s,joint_states,-0.350,0.440,0.000,0.000,0.731,-0.152,-0.233,0.381,0.781,-11.753,17.295,,pan
assignment4_topicstop_20261008_194514,5.509,1791456325.394939,103,1791456325.210384,camera_color_optical_frame,1,0.3968,0.8027,0.00332,0.031,1,IDLE,disabled,0.000,0.000,deg/s,joint_states,-0.350,0.440,0.000,0.000,0.730,-0.152,-0.232,0.381,0.781,-11.756,17.293,,pan
assignment4_topicstop_20261008_194514,5.527,1791456325.413170,104,1791456325.243741,camera_color_optical_frame,1,0.3966,0.8042,0.00330,0.012,1,IDLE,disabled,0.000,0.000,deg/s,joint_states,-0.260,0.530,0.000,0.000,0.730,-0.156,-0.233,0.394,0.778,-12.052,17.308,,pan
assignment4_topicstop_20261008_194514,5.549,1791456325.435660,104,1791456325.243741,camera_color_optical_frame,1,0.3966,0.8042,0.00330,0.034,1,IDLE,disabled,0.000,0.000,deg/s,joint_states,-0.260,0.440,0.000,0.000,0.729,-0.156,-0.232,0.395,0.783,-12.084,17.303,,pan
assignment4_topicstop_20261008_194514,5.568,1791456325.455174,105,1791456325.277098,camera_color_optical_frame,1,0.3966,0.8049,0.00335,0.014,1,IDLE,disabled,0.000,0.000,deg/s,joint_states,-0.260,0.440,0.000,0.000,0.739,-0.153,-0.237,0.382,0.790,-11.706,17.472,,pan
assignment4_topicstop_20261008_194514,5.586,1791456325.472176,106,1791456325.310454,camera_color_optical_frame,1,0.3963,0.8038,0.00335,0.010,0,IDLE,disabled,0.000,0.000,deg/s,joint_states,-0.260,0.440,0.000,0.000,0.522,-0.115,-0.174,0.408,0.821,-12.452,18.051,,pan
assignment4_topicstop_20261008_194514,5.606,1791456325.491566,107,1791456325.343812,camera_color_optical_frame,1,0.3966,0.8042,0.00333,0.016,0,IDLE,disabled,0.000,0.000,deg/s,joint_states,-0.350,0.440,0.000,0.000,0.528,-0.118,-0.176,0.408,0.818,-12.551,18.004,,pan
assignment4_topicstop_20261008_194514,5.625,1791456325.510579,108,1791456325.410525,camera_color_optical_frame,1,0.3961,0.8036,0.00340,0.016,0,IDLE,disabled,0.000,0.000,deg/s,joint_states,-0.350,0.440,0.000,0.000,0.598,-0.127,-0.195,0.388,0.802,-11.953,17.711,,pan
assignment4_topicstop_20261008_194514,5.646,1791456325.531958,108,1791456325.410525,camera_color_optical_frame,1,0.3961,0.8036,0.00340,0.036,0,IDLE,disabled,0.000,0.000,deg/s,joint_states,-0.350,0.440,0.000,0.000,0.598,-0.126,-0.195,0.387,0.802,-11.920,17.707,,pan
assignment4_topicstop_20261008_194514,5.667,1791456325.558690,109,1791456325.443882,camera_color_optical_frame,1,0.3969,0.8033,0.00334,0.017,1,IDLE,disabled,0.000,0.000,deg/s,joint_states,-0.260,0.440,0.000,0.000,0.738,-0.153,-0.235,0.383,0.783,-11.730,17.323,,pan
assignment4_topicstop_20261008_194514,5.687,1791456325.572701,110,1791456325.477239,camera_color_optical_frame,1,0.3964,0.8028,0.00335,0.004,1,IDLE,disabled,0.000,0.000,deg/s,joint_states,-0.260,0.440,0.000,0.000,0.784,-0.163,-0.248,0.383,0.777,-11.732,17.212,,pan
assignment4_topicstop_20261008_194514,5.713,1791456325.598288,110,1791456325.477239,camera_color_optical_frame,1,0.3964,0.8028,0.00335,0.030,1,IDLE,disabled,0.000,0.000,deg/s,joint_states,-0.260,0.440,0.000,0.000,0.796,-0.165,-0.251,0.383,0.776,-11.714,17.187,,pan
assignment4_topicstop_20261008_194514,5.726,1791456325.612940,111,1791456325.510596,camera_color_optical_frame,1,0.3963,0.8038,0.00339,0.007,1,IDLE,disabled,0.000,0.000,deg/s,joint_states,-0.350,0.440,0.000,0.000,0.735,-0.152,-0.235,0.378,0.784,-11.685,17.351,,pan
assignment4_topicstop_20261008_194514,5.747,1791456325.633254,111,1791456325.510596,camera_color_optical_frame,1,0.3963,0.8038,0.00339,0.028,1,IDLE,disabled,0.000,0.000,deg/s,joint_states,-0.350,0.440,0.000,0.000,0.735,-0.152,-0.234,0.378,0.784,-11.679,17.355,,pan
assignment4_topicstop_20261008_194514,5.767,1791456325.654425,112,1791456325.543952,camera_color_optical_frame,1,0.3966,0.8054,0.00328,0.009,1,IDLE,disabled,0.000,0.000,deg/s,joint_states,-0.260,0.440,0.000,0.000,0.730,-0.150,-0.234,0.378,0.788,-11.584,17.452,,pan
assignment4_topicstop_20261008_194514,5.786,1791456325.671231,112,1791456325.543952,camera_color_optical_frame,1,0.3966,0.8054,0.00328,0.028,1,IDLE,disabled,0.000,0.000,deg/s,joint_states,-0.350,0.440,0.000,0.000,0.728,-0.149,-0.234,0.374,0.789,-11.560,17.468,,pan
assignment4_topicstop_20261008_194514,5.807,1791456325.695409,113,1791456325.577309,camera_color_optical_frame,1,0.3966,0.8055,0.00326,0.017,1,IDLE,disabled,0.000,0.000,deg/s,joint_states,-0.350,0.440,0.000,0.000,0.741,-0.157,-0.238,0.389,0.788,-11.984,17.428,,pan
assignment4_topicstop_20261008_194514,5.829,1791456325.716636,114,1791456325.610666,camera_color_optical_frame,1,0.3963,0.8072,0.00328,0.006,1,IDLE,disabled,0.000,0.000,deg/s,joint_states,-0.260,0.440,0.000,0.000,0.741,-0.153,-0.238,0.382,0.789,-11.700,17.463,,pan
assignment4_topicstop_20261008_194514,5.849,1791456325.735287,114,1791456325.610666,camera_color_optical_frame,1,0.3963,0.8072,0.00328,0.027,1,IDLE,disabled,0.000,0.000,deg/s,joint_states,-0.260,0.440,0.000,0.000,0.741,-0.153,-0.238,0.382,0.790,-11.698,17.474,,pan
assignment4_topicstop_20261008_194514,5.867,1791456325.755551,115,1791456325.644023,camera_color_optical_frame,1,0.3966,0.8067,0.00321,0.011,1,IDLE,disabled,0.000,0.000,deg/s,joint_states,-0.350,0.440,0.000,0.000,0.738,-0.154,-0.237,0.382,0.788,-11.798,17.430,,pan
assignment4_topicstop_20261008_194514,5.886,1791456325.771538,115,1791456325.644023,camera_color_optical_frame,1,0.3966,0.8067,0.00321,0.030,1,IDLE,disabled,0.000,0.000,deg/s,joint_states,-0.350,0.440,0.000,0.000,0.738,-0.154,-0.237,0.382,0.788,-11.796,17.437,,pan
assignment4_topicstop_20261008_194514,5.910,1791456325.799103,116,1791456325.677379,camera_color_optical_frame,1,0.3968,0.8075,0.00317,0.020,1,IDLE,disabled,0.000,0.000,deg/s,joint_states,-0.260,0.440,0.000,0.000,0.732,-0.152,-0.235,0.384,0.787,-11.757,17.416,,pan
assignment4_topicstop_20261008_194514,5.927,1791456325.813302,116,1791456325.677379,camera_color_optical_frame,1,0.3968,0.8075,0.00317,0.037,1,IDLE,disabled,0.000,0.000,deg/s,joint_states,-0.260,0.440,0.000,0.000,0.732,-0.152,-0.234,0.384,0.787,-11.761,17.417,,pan
assignment4_topicstop_20261008_194514,5.947,1791456325.834972,117,1791456325.710736,camera_color_optical_frame,1,0.3971,0.8086,0.00317,0.017,1,IDLE,disabled,0.000,0.000,deg/s,joint_states,-0.260,0.440,0.000,0.000,0.744,-0.158,-0.239,0.391,0.790,-11.963,17.459,,pan
assignment4_topicstop_20261008_194514,5.966,1791456325.852650,118,1791456325.744092,camera_color_optical_frame,1,0.3967,0.8080,0.00319,0.008,1,IDLE,disabled,0.000,0.000,deg/s,joint_states,-0.260,0.440,0.000,0.000,0.748,-0.158,-0.240,0.391,0.789,-11.952,17.433,,pan
assignment4_topicstop_20261008_194514,5.987,1791456325.872955,118,1791456325.744092,camera_color_optical_frame,1,0.3967,0.8080,0.00319,0.029,1,IDLE,disabled,0.000,0.000,deg/s,joint_states,-0.260,0.440,0.000,0.000,0.749,-0.159,-0.241,0.392,0.789,-11.978,17.436,,pan
assignment4_topicstop_20261008_194514,6.008,1791456325.896762,119,1791456325.777449,camera_color_optical_frame,1,0.3968,0.8072,0.00317,0.014,1,IDLE,disabled,0.000,0.000,deg/s,joint_states,-0.260,0.440,0.000,0.000,0.738,-0.151,-0.235,0.377,0.784,-11.560,17.355,,pan
assignment4_topicstop_20261008_194514,6.027,1791456325.913059,120,1791456325.810806,camera_color_optical_frame,1,0.3969,0.8086,0.00315,0.002,1,IDLE,disabled,0.000,0.000,deg/s,joint_states,-0.260,0.440,0.000,0.000,0.738,-0.151,-0.235,0.376,0.783,-11.532,17.348,,pan
assignment4_topicstop_20261008_194514,6.049,1791456325.936031,120,1791456325.810806,camera_color_optical_frame,1,0.3969,0.8086,0.00315,0.024,1,IDLE,disabled,0.000,0.000,deg/s,joint_states,-0.260,0.530,0.000,0.000,0.738,-0.151,-0.237,0.378,0.784,-11.575,17.456,,pan
assignment4_topicstop_20261008_194514,6.066,1791456325.952271,120,1791456325.810806,camera_color_optical_frame,1,0.3969,0.8086,0.00315,0.041,1,IDLE,disabled,0.000,0.000,deg/s,joint_states,-0.260,0.440,0.000,0.000,0.738,-0.151,-0.237,0.377,0.789,-11.553,17.460,,pan
assignment4_topicstop_20261008_194514,6.086,1791456325.971855,121,1791456325.844163,camera_color_optical_frame,1,0.3963,0.8082,0.00325,0.013,1,IDLE,disabled,0.000,0.000,deg/s,joint_states,-0.260,0.440,0.000,0.000,0.739,-0.156,-0.238,0.390,0.790,-11.919,17.464,,pan
assignment4_topicstop_20261008_194514,6.108,1791456325.996200,122,1791456325.877519,camera_color_optical_frame,1,0.3961,0.8075,0.00318,0.008,1,IDLE,disabled,0.000,0.000,deg/s,joint_states,-0.350,0.440,0.000,0.000,0.729,-0.150,-0.233,0.378,0.784,-11.662,17.370,,pan
assignment4_topicstop_20261008_194514,6.126,1791456326.012504,122,1791456325.877519,camera_color_optical_frame,1,0.3961,0.8075,0.00318,0.026,1,IDLE,disabled,0.000,0.000,deg/s,joint_states,-0.260,0.440,0.000,0.000,0.728,-0.150,-0.232,0.381,0.784,-11.655,17.364,,pan
assignment4_topicstop_20261008_194514,6.151,1791456326.036983,123,1791456325.910878,camera_color_optical_frame,1,0.3965,0.8081,0.00317,0.017,1,IDLE,disabled,0.000,0.000,deg/s,joint_states,-0.260,0.440,0.000,0.000,0.731,-0.150,-0.237,0.378,0.796,-11.589,17.601,,pan
assignment4_topicstop_20261008_194514,6.167,1791456326.052518,123,1791456325.910878,camera_color_optical_frame,1,0.3965,0.8081,0.00317,0.033,1,IDLE,disabled,0.000,0.000,deg/s,joint_states,-0.350,0.440,0.000,0.000,0.730,-0.149,-0.237,0.375,0.796,-11.571,17.617,,pan
assignment4_topicstop_20261008_194514,6.188,1791456326.073765,124,1791456325.944236,camera_color_optical_frame,1,0.3966,0.8089,0.00313,0.015,1,IDLE,disabled,0.000,0.000,deg/s,joint_states,-0.350,0.440,0.000,0.000,0.752,-0.160,-0.242,0.389,0.791,-11.992,17.491,,pan
assignment4_topicstop_20261008_194514,6.206,1791456326.092468,125,1791456325.977594,camera_color_optical_frame,1,0.3960,0.8078,0.00319,0.010,1,IDLE,disabled,0.000,0.000,deg/s,joint_states,-0.350,0.440,0.000,0.000,0.742,-0.154,-0.236,0.381,0.781,-11.760,17.299,,pan
assignment4_topicstop_20261008_194514,6.226,1791456326.112246,125,1791456325.977594,camera_color_optical_frame,1,0.3960,0.8078,0.00319,0.030,1,IDLE,disabled,0.000,0.000,deg/s,joint_states,-0.260,0.440,0.000,0.000,0.743,-0.155,-0.236,0.384,0.780,-11.764,17.278,,pan
assignment4_topicstop_20261008_194514,6.246,1791456326.132778,126,1791456326.010953,camera_color_optical_frame,1,0.3967,0.8069,0.00317,0.016,1,IDLE,disabled,0.000,0.000,deg/s,joint_states,-0.260,0.440,0.000,0.000,0.744,-0.154,-0.237,0.380,0.782,-11.653,17.323,,pan
assignment4_topicstop_20261008_194514,6.266,1791456326.151423,126,1791456326.010953,camera_color_optical_frame,1,0.3967,0.8069,0.00317,0.035,1,IDLE,disabled,0.000,0.000,deg/s,joint_states,-0.350,0.440,0.000,0.000,0.745,-0.153,-0.237,0.377,0.781,-11.637,17.311,,pan
assignment4_topicstop_20261008_194514,6.287,1791456326.175636,127,1791456326.044312,camera_color_optical_frame,1,0.3964,0.8074,0.00316,0.016,1,IDLE,disabled,0.000,0.000,deg/s,joint_states,-0.350,0.440,0.000,0.000,0.727,-0.151,-0.233,0.379,0.785,-11.697,17.389,,pan
assignment4_topicstop_20261008_194514,6.307,1791456326.193135,127,1791456326.044312,camera_color_optical_frame,1,0.3964,0.8074,0.00316,0.036,1,IDLE,disabled,0.000,0.000,deg/s,joint_states,-0.260,0.440,0.000,0.000,0.726,-0.150,-0.232,0.382,0.786,-11.693,17.386,,pan
assignment4_topicstop_20261008_194514,6.327,1791456326.214105,128,1791456326.077670,camera_color_optical_frame,1,0.3965,0.8089,0.00316,0.017,1,IDLE,disabled,0.000,0.000,deg/s,joint_states,-0.260,0.440,0.000,0.000,0.730,-0.152,-0.236,0.384,0.792,-11.760,17.524,,pan
assignment4_topicstop_20261008_194514,6.346,1791456326.232477,129,1791456326.111028,camera_color_optical_frame,1,0.3971,0.8073,0.00313,0.009,1,IDLE,disabled,0.000,0.000,deg/s,joint_states,-0.260,0.440,0.000,0.000,0.743,-0.156,-0.238,0.387,0.787,-11.838,17.400,,pan
assignment4_topicstop_20261008_194514,6.366,1791456326.252222,129,1791456326.111028,camera_color_optical_frame,1,0.3971,0.8073,0.00313,0.029,1,IDLE,disabled,0.000,0.000,deg/s,joint_states,-0.350,0.440,0.000,0.000,0.744,-0.156,-0.238,0.384,0.786,-11.849,17.399,,pan
assignment4_topicstop_20261008_194514,6.390,1791456326.276929,130,1791456326.144387,camera_color_optical_frame,1,0.3966,0.8076,0.00317,0.017,1,IDLE,disabled,0.000,0.000,deg/s,joint_states,-0.260,0.440,0.000,0.000,0.738,-0.156,-0.236,0.390,0.785,-11.927,17.356,,pan
assignment4_topicstop_20261008_194514,6.407,1791456326.293530,130,1791456326.144387,camera_color_optical_frame,1,0.3966,0.8076,0.00317,0.033,1,IDLE,disabled,0.000,0.000,deg/s,joint_states,-0.350,0.440,0.000,0.000,0.738,-0.156,-0.236,0.387,0.784,-11.941,17.350,,pan
assignment4_topicstop_20261008_194514,6.427,1791456326.313048,131,1791456326.177745,camera_color_optical_frame,1,0.3968,0.8079,0.00320,0.017,1,IDLE,disabled,0.000,0.000,deg/s,joint_states,-0.350,0.440,0.000,0.000,0.746,-0.156,-0.240,0.383,0.788,-11.821,17.443,,pan
assignment4_topicstop_20261008_194514,6.446,1791456326.332575,132,1791456326.211104,camera_color_optical_frame,1,0.3964,0.8082,0.00318,0.008,1,IDLE,disabled,0.000,0.000,deg/s,joint_states,-0.260,0.440,0.000,0.000,0.744,-0.153,-0.239,0.379,0.788,-11.620,17.445,,pan
assignment4_topicstop_20261008_194514,6.466,1791456326.352339,132,1791456326.211104,camera_color_optical_frame,1,0.3964,0.8082,0.00318,0.028,1,IDLE,disabled,0.000,0.000,deg/s,joint_states,-0.350,0.440,0.000,0.000,0.745,-0.153,-0.239,0.376,0.788,-11.599,17.449,,pan
assignment4_topicstop_20261008_194514,6.490,1791456326.376683,133,1791456326.244462,camera_color_optical_frame,1,0.3965,0.8084,0.00320,0.018,1,IDLE,disabled,0.000,0.000,deg/s,joint_states,-0.350,0.440,0.000,0.000,0.738,-0.151,-0.237,0.375,0.788,-11.594,17.445,,pan
assignment4_topicstop_20261008_194514,6.509,1791456326.394710,134,1791456326.277821,camera_color_optical_frame,1,0.3973,0.8093,0.00308,0.005,1,IDLE,disabled,0.000,0.000,deg/s,joint_states,-0.260,0.440,0.000,0.000,0.735,-0.154,-0.236,0.387,0.790,-11.832,17.479,,pan
assignment4_topicstop_20261008_194514,6.527,1791456326.412690,134,1791456326.277821,camera_color_optical_frame,1,0.3973,0.8093,0.00308,0.023,1,IDLE,disabled,0.000,0.000,deg/s,joint_states,-0.260,0.440,0.000,0.000,0.734,-0.154,-0.236,0.387,0.791,-11.840,17.484,,pan
assignment4_topicstop_20261008_194514,6.546,1791456326.432445,135,1791456326.311179,camera_color_optical_frame,1,0.3970,0.8078,0.00316,0.008,1,IDLE,disabled,0.000,0.000,deg/s,joint_states,-0.260,0.440,0.000,0.000,0.737,-0.154,-0.236,0.387,0.786,-11.833,17.391,,pan
assignment4_topicstop_20261008_194514,6.567,1791456326.452543,135,1791456326.311179,camera_color_optical_frame,1,0.3970,0.8078,0.00316,0.029,1,IDLE,disabled,0.000,0.000,deg/s,joint_states,-0.260,0.440,0.000,0.000,0.736,-0.154,-0.236,0.387,0.786,-11.846,17.387,,pan
assignment4_topicstop_20261008_194514,6.590,1791456326.477350,136,1791456326.344538,camera_color_optical_frame,1,0.3963,0.8082,0.00321,0.020,1,IDLE,disabled,0.000,0.000,deg/s,joint_states,-0.260,0.440,0.000,0.000,0.747,-0.157,-0.239,0.387,0.786,-11.857,17.386,,pan
assignment4_topicstop_20261008_194514,6.607,1791456326.494205,137,1791456326.377897,camera_color_optical_frame,1,0.3966,0.8090,0.00318,0.008,1,IDLE,disabled,0.000,0.000,deg/s,joint_states,-0.350,0.440,0.000,0.000,0.736,-0.154,-0.237,0.383,0.790,-11.811,17.480,,pan
assignment4_topicstop_20261008_194514,6.627,1791456326.515262,137,1791456326.377897,camera_color_optical_frame,1,0.3966,0.8090,0.00318,0.028,1,IDLE,disabled,0.000,0.000,deg/s,joint_states,-0.350,0.440,0.000,0.000,0.735,-0.154,-0.237,0.383,0.791,-11.817,17.488,,pan
assignment4_topicstop_20261008_194514,6.647,1791456326.534000,138,1791456326.411255,camera_color_optical_frame,1,0.3966,0.8083,0.00318,0.005,1,IDLE,disabled,0.000,0.000,deg/s,joint_states,-0.350,0.440,0.000,0.000,0.731,-0.150,-0.234,0.375,0.787,-11.577,17.429,,pan
assignment4_topicstop_20261008_194514,6.667,1791456326.553423,138,1791456326.411255,camera_color_optical_frame,1,0.3966,0.8083,0.00318,0.026,1,IDLE,disabled,0.000,0.000,deg/s,joint_states,-0.350,0.440,0.000,0.000,0.730,-0.149,-0.234,0.374,0.787,-11.551,17.429,,pan
assignment4_topicstop_20261008_194514,6.687,1791456326.576737,139,1791456326.444614,camera_color_optical_frame,1,0.3965,0.8079,0.00320,0.014,1,IDLE,disabled,0.000,0.000,deg/s,joint_states,-0.260,0.440,0.000,0.000,0.744,-0.153,-0.238,0.379,0.785,-11.603,17.378,,pan
assignment4_topicstop_20261008_194514,6.707,1791456326.595064,139,1791456326.444614,camera_color_optical_frame,1,0.3965,0.8079,0.00320,0.035,1,IDLE,disabled,0.000,0.000,deg/s,joint_states,-0.260,0.440,0.000,0.000,0.744,-0.153,-0.238,0.378,0.784,-11.584,17.371,,pan
assignment4_topicstop_20261008_194514,6.728,1791456326.616568,140,1791456326.477972,camera_color_optical_frame,1,0.3968,0.8085,0.00317,0.014,1,IDLE,disabled,0.000,0.000,deg/s,joint_states,-0.260,0.440,0.000,0.000,0.749,-0.159,-0.240,0.393,0.789,-12.007,17.435,,pan
assignment4_topicstop_20261008_194514,6.748,1791456326.633782,141,1791456326.511331,camera_color_optical_frame,1,0.3965,0.8076,0.00317,0.004,1,IDLE,disabled,0.000,0.000,deg/s,joint_states,-0.260,0.440,0.000,0.000,0.744,-0.158,-0.238,0.392,0.787,-11.976,17.398,,pan
assignment4_topicstop_20261008_194514,6.768,1791456326.658213,141,1791456326.511331,camera_color_optical_frame,1,0.3965,0.8076,0.00317,0.024,1,IDLE,disabled,0.000,0.000,deg/s,joint_states,-0.260,0.440,0.000,0.000,0.745,-0.158,-0.239,0.392,0.787,-12.004,17.396,,pan
assignment4_topicstop_20261008_194514,6.791,1791456326.681180,142,1791456326.544689,camera_color_optical_frame,1,0.3962,0.8082,0.00327,0.014,0,IDLE,disabled,0.000,0.000,deg/s,joint_states,-0.260,0.440,0.000,0.000,0.536,-0.117,-0.179,0.404,0.821,-12.349,18.064,,pan
assignment4_topicstop_20261008_194514,6.813,1791456326.698524,143,1791456326.578048,camera_color_optical_frame,1,0.3968,0.8081,0.00320,0.007,1,IDLE,disabled,0.000,0.000,deg/s,joint_states,-0.260,0.440,0.000,0.000,0.736,-0.151,-0.236,0.378,0.788,-11.583,17.440,,pan
assignment4_topicstop_20261008_194514,6.829,1791456326.714469,144,1791456326.611407,camera_color_optical_frame,1,0.3967,0.8078,0.00315,0.006,1,IDLE,disabled,0.000,0.000,deg/s,joint_states,-0.350,0.440,0.000,0.000,0.734,-0.152,-0.235,0.379,0.787,-11.698,17.420,,pan
assignment4_topicstop_20261008_194514,6.850,1791456326.736116,144,1791456326.611407,camera_color_optical_frame,1,0.3967,0.8078,0.00315,0.027,1,IDLE,disabled,0.000,0.000,deg/s,joint_states,-0.350,0.440,0.000,0.000,0.733,-0.152,-0.235,0.379,0.787,-11.687,17.421,,pan
assignment4_topicstop_20261008_194514,6.866,1791456326.753468,145,1791456326.644766,camera_color_optical_frame,1,0.3971,0.8081,0.00317,0.010,1,IDLE,disabled,0.000,0.000,deg/s,joint_states,-0.260,0.440,0.000,0.000,0.732,-0.152,-0.235,0.384,0.787,-11.752,17.421,,pan
assignment4_topicstop_20261008_194514,6.888,1791456326.773679,145,1791456326.644766,camera_color_optical_frame,1,0.3971,0.8081,0.00317,0.032,1,IDLE,disabled,0.000,0.000,deg/s,joint_states,-0.260,0.440,0.000,0.000,0.731,-0.152,-0.234,0.384,0.787,-11.755,17.421,,pan
assignment4_topicstop_20261008_194514,6.907,1791456326.792316,146,1791456326.678124,camera_color_optical_frame,1,0.3968,0.8084,0.00316,0.015,1,IDLE,disabled,0.000,0.000,deg/s,joint_states,-0.350,0.440,0.000,0.000,0.735,-0.154,-0.236,0.384,0.789,-11.846,17.447,,pan
assignment4_topicstop_20261008_194514,6.926,1791456326.811670,146,1791456326.678124,camera_color_optical_frame,1,0.3968,0.8084,0.00316,0.034,1,IDLE,disabled,0.000,0.000,deg/s,joint_states,-0.350,0.440,0.000,0.000,0.734,-0.154,-0.236,0.384,0.789,-11.855,17.450,,pan
assignment4_topicstop_20261008_194514,6.948,1791456326.836299,147,1791456326.711483,camera_color_optical_frame,1,0.3968,0.8085,0.00319,0.017,1,IDLE,disabled,0.000,0.000,deg/s,joint_states,-0.260,0.440,0.000,0.000,0.736,-0.155,-0.236,0.388,0.789,-11.884,17.444,,pan
assignment4_topicstop_20261008_194514,6.967,1791456326.853405,148,1791456326.744841,camera_color_optical_frame,1,0.3967,0.8079,0.00320,0.002,1,IDLE,disabled,0.000,0.000,deg/s,joint_states,-0.260,0.440,0.000,0.000,0.745,-0.153,-0.238,0.379,0.786,-11.624,17.401,,pan
assignment4_topicstop_20261008_194514,6.988,1791456326.877538,148,1791456326.744841,camera_color_optical_frame,1,0.3967,0.8079,0.00320,0.024,1,IDLE,disabled,0.000,0.000,deg/s,joint_states,-0.260,0.440,0.000,0.000,0.746,-0.153,-0.238,0.379,0.786,-11.604,17.398,,pan
assignment4_topicstop_20261008_194514,7.007,1791456326.893493,149,1791456326.778200,camera_color_optical_frame,1,0.3959,0.8077,0.00322,0.007,1,IDLE,disabled,0.000,0.000,deg/s,joint_states,-0.350,0.440,0.000,0.000,0.739,-0.154,-0.236,0.382,0.786,-11.797,17.390,,pan
assignment4_topicstop_20261008_194514,7.030,1791456326.916327,149,1791456326.778200,camera_color_optical_frame,1,0.3959,0.8077,0.00322,0.030,1,IDLE,disabled,0.000,0.000,deg/s,joint_states,-0.350,0.440,0.000,0.000,0.739,-0.154,-0.236,0.382,0.786,-11.798,17.385,,pan
assignment4_topicstop_20261008_194514,7.047,1791456326.933631,150,1791456326.811559,camera_color_optical_frame,1,0.3966,0.8081,0.00317,0.012,1,IDLE,disabled,0.000,0.000,deg/s,joint_states,-0.260,0.440,0.000,0.000,0.731,-0.152,-0.234,0.383,0.788,-11.721,17.428,,pan
assignment4_topicstop_20261008_194514,7.068,1791456326.953323,150,1791456326.811559,camera_color_optical_frame,1,0.3966,0.8081,0.00317,0.032,1,IDLE,disabled,0.000,0.000,deg/s,joint_states,-0.260,0.440,0.000,0.000,0.730,-0.151,-0.234,0.383,0.788,-11.720,17.429,,pan
assignment4_topicstop_20261008_194514,7.086,1791456326.972145,151,1791456326.844918,camera_color_optical_frame,1,0.3966,0.8081,0.00323,0.013,1,IDLE,disabled,0.000,0.000,deg/s,joint_states,-0.260,0.440,0.000,0.000,0.738,-0.151,-0.237,0.378,0.788,-11.594,17.432,,pan
assignment4_topicstop_20261008_194514,7.106,1791456326.992300,151,1791456326.844918,camera_color_optical_frame,1,0.3966,0.8081,0.00323,0.033,1,IDLE,disabled,0.000,0.000,deg/s,joint_states,-0.260,0.440,0.000,0.000,0.738,-0.151,-0.237,0.378,0.788,-11.574,17.434,,pan
assignment4_topicstop_20261008_194514,7.126,1791456327.015753,152,1791456326.878276,camera_color_optical_frame,1,0.3963,0.8079,0.00324,0.015,1,IDLE,disabled,0.000,0.000,deg/s,joint_states,-0.350,0.440,0.000,0.000,0.733,-0.155,-0.235,0.388,0.787,-11.966,17.409,,pan
assignment4_topicstop_20261008_194514,7.146,1791456327.032660,153,1791456326.911637,camera_color_optical_frame,1,0.3973,0.8074,0.00313,0.002,1,IDLE,disabled,0.000,0.000,deg/s,joint_states,-0.260,0.440,0.000,0.000,0.732,-0.156,-0.235,0.392,0.787,-11.990,17.408,,pan
assignment4_topicstop_20261008_194514,7.166,1791456327.055225,153,1791456326.911637,camera_color_optical_frame,1,0.3973,0.8074,0.00313,0.022,1,IDLE,disabled,0.000,0.000,deg/s,joint_states,-0.260,0.440,0.000,0.000,0.747,-0.156,-0.239,0.385,0.785,-11.784,17.374,,pan
assignment4_topicstop_20261008_194514,7.186,1791456327.073030,154,1791456326.944997,camera_color_optical_frame,1,0.3961,0.8085,0.00322,0.006,1,IDLE,disabled,0.000,0.000,deg/s,joint_states,-0.260,0.440,0.000,0.000,0.747,-0.153,-0.240,0.376,0.788,-11.534,17.454,,pan
assignment4_topicstop_20261008_194514,7.209,1791456327.097019,154,1791456326.944997,camera_color_optical_frame,1,0.3961,0.8085,0.00322,0.030,1,IDLE,disabled,0.000,0.000,deg/s,joint_states,-0.260,0.440,0.000,0.000,0.749,-0.152,-0.240,0.375,0.789,-11.501,17.458,,pan
assignment4_topicstop_20261008_194514,7.226,1791456327.112662,155,1791456326.978357,camera_color_optical_frame,1,0.3963,0.8086,0.00320,0.009,1,IDLE,disabled,0.000,0.000,deg/s,joint_states,-0.350,0.440,0.000,0.000,0.734,-0.155,-0.236,0.387,0.791,-11.927,17.482,,pan
assignment4_topicstop_20261008_194514,7.246,1791456327.132470,156,1791456327.011718,camera_color_optical_frame,1,0.3965,0.8080,0.00319,0.013,0,IDLE,disabled,0.000,0.000,deg/s,joint_states,-0.350,0.440,0.000,0.000,0.542,-0.119,-0.180,0.401,0.819,-12.346,18.024,,pan
assignment4_topicstop_20261008_194514,7.268,1791456327.157266,157,1791456327.045078,camera_color_optical_frame,1,0.3966,0.8082,0.00319,0.007,1,IDLE,disabled,0.000,0.000,deg/s,joint_states,-0.260,0.440,0.000,0.000,0.731,-0.152,-0.234,0.383,0.787,-11.734,17.417,,pan
assignment4_topicstop_20261008_194514,7.286,1791456327.171076,158,1791456327.078438,camera_color_optical_frame,1,0.3965,0.8070,0.00321,0.006,0,IDLE,disabled,0.000,0.000,deg/s,joint_states,-0.350,0.440,0.000,0.000,0.598,-0.130,-0.196,0.398,0.806,-12.260,17.769,,pan
assignment4_topicstop_20261008_194514,7.309,1791456327.195052,158,1791456327.078438,camera_color_optical_frame,1,0.3965,0.8070,0.00321,0.030,0,IDLE,disabled,0.000,0.000,deg/s,joint_states,-0.350,0.440,0.000,0.000,0.598,-0.130,-0.196,0.399,0.806,-12.280,17.762,,pan
assignment4_topicstop_20261008_194514,7.327,1791456327.212473,159,1791456327.111799,camera_color_optical_frame,1,0.3966,0.8078,0.00320,0.012,1,IDLE,disabled,0.000,0.000,deg/s,joint_states,-0.260,0.440,0.000,0.000,0.743,-0.154,-0.238,0.383,0.786,-11.727,17.400,,pan
assignment4_topicstop_20261008_194514,7.347,1791456327.232310,159,1791456327.111799,camera_color_optical_frame,1,0.3966,0.8078,0.00320,0.033,1,IDLE,disabled,0.000,0.000,deg/s,joint_states,-0.350,0.440,0.000,0.000,0.744,-0.154,-0.238,0.380,0.786,-11.727,17.397,,pan
assignment4_topicstop_20261008_194514,7.366,1791456327.255420,161,1791456327.178520,camera_color_optical_frame,1,0.3975,0.8080,0.00311,0.005,0,IDLE,disabled,0.000,0.000,deg/s,joint_states,-0.260,0.440,0.000,0.000,0.564,-0.123,-0.187,0.402,0.815,-12.283,17.942,,pan
assignment4_topicstop_20261008_194514,7.386,1791456327.271432,161,1791456327.178520,camera_color_optical_frame,1,0.3975,0.8080,0.00311,0.024,0,IDLE,disabled,0.000,0.000,deg/s,joint_states,-0.350,0.440,0.000,0.000,0.555,-0.121,-0.184,0.400,0.816,-12.322,17.979,,pan
assignment4_topicstop_20261008_194514,7.409,1791456327.295208,161,1791456327.178520,camera_color_optical_frame,1,0.3975,0.8080,0.00311,0.048,0,IDLE,disabled,0.000,0.000,deg/s,joint_states,-0.350,0.440,0.000,0.000,0.544,-0.119,-0.181,0.402,0.819,-12.371,18.024,,pan
assignment4_topicstop_20261008_194514,7.426,1791456327.311999,162,1791456327.211880,camera_color_optical_frame,1,0.3970,0.8073,0.00314,0.012,1,IDLE,disabled,0.000,0.000,deg/s,joint_states,-0.260,0.440,0.000,0.000,0.738,-0.154,-0.236,0.384,0.785,-11.759,17.381,,pan
assignment4_topicstop_20261008_194514,7.447,1791456327.332899,162,1791456327.211880,camera_color_optical_frame,1,0.3970,0.8073,0.00314,0.032,1,IDLE,disabled,0.000,0.000,deg/s,joint_states,-0.260,0.440,0.000,0.000,0.738,-0.154,-0.236,0.384,0.785,-11.752,17.376,,pan
assignment4_topicstop_20261008_194514,7.466,1791456327.353129,163,1791456327.245241,camera_color_optical_frame,1,0.3964,0.8073,0.00322,0.014,1,IDLE,disabled,0.000,0.000,deg/s,joint_states,-0.260,0.440,0.000,0.000,0.787,-0.163,-0.250,0.383,0.781,-11.712,17.293,,pan
assignment4_topicstop_20261008_194514,7.485,1791456327.370723,163,1791456327.245241,camera_color_optical_frame,1,0.3964,0.8073,0.00322,0.034,1,IDLE,disabled,0.000,0.000,deg/s,joint_states,-0.350,0.440,0.000,0.000,0.796,-0.165,-0.253,0.379,0.780,-11.696,17.274,,pan
assignment4_topicstop_20261008_194514,7.512,1791456327.399723,164,1791456327.278601,camera_color_optical_frame,1,0.3969,0.8084,0.00319,0.024,1,IDLE,disabled,0.000,0.000,deg/s,joint_states,-0.350,0.440,0.000,0.000,0.750,-0.154,-0.241,0.376,0.789,-11.624,17.464,,pan
assignment4_topicstop_20261008_194514,7.527,1791456327.412366,165,1791456327.311962,camera_color_optical_frame,1,0.3967,0.8073,0.00318,0.004,1,IDLE,disabled,0.000,0.000,deg/s,joint_states,-0.350,0.440,0.000,0.000,0.740,-0.154,-0.237,0.381,0.786,-11.758,17.406,,pan
assignment4_topicstop_20261008_194514,7.547,1791456327.435883,165,1791456327.311962,camera_color_optical_frame,1,0.3967,0.8073,0.00318,0.024,1,IDLE,disabled,0.000,0.000,deg/s,joint_states,-0.260,0.440,0.000,0.000,0.740,-0.154,-0.237,0.384,0.787,-11.752,17.406,,pan
assignment4_topicstop_20261008_194514,7.567,1791456327.453002,166,1791456327.345323,camera_color_optical_frame,1,0.3969,0.8073,0.00313,0.003,1,IDLE,disabled,0.000,0.000,deg/s,joint_states,-0.350,0.440,0.000,0.000,0.737,-0.156,-0.236,0.388,0.785,-11.957,17.367,,pan
assignment4_topicstop_20261008_194514,7.587,1791456327.475243,166,1791456327.345323,camera_color_optical_frame,1,0.3969,0.8073,0.00313,0.023,1,IDLE,disabled,0.000,0.000,deg/s,joint_states,-0.350,0.440,0.000,0.000,0.736,-0.156,-0.235,0.389,0.785,-11.983,17.361,,pan
assignment4_topicstop_20261008_194514,7.607,1791456327.493525,167,1791456327.378683,camera_color_optical_frame,1,0.3972,0.8085,0.00316,0.011,1,IDLE,disabled,0.000,0.000,deg/s,joint_states,-0.350,0.440,0.000,0.000,0.741,-0.155,-0.238,0.383,0.790,-11.820,17.467,,pan
assignment4_topicstop_20261008_194514,7.628,1791456327.514302,167,1791456327.378683,camera_color_optical_frame,1,0.3972,0.8085,0.00316,0.032,1,IDLE,disabled,0.000,0.000,deg/s,joint_states,-0.350,0.440,0.000,0.000,0.741,-0.155,-0.238,0.383,0.790,-11.824,17.475,,pan
assignment4_topicstop_20261008_194514,7.646,1791456327.531178,168,1791456327.412044,camera_color_optical_frame,1,0.3971,0.8089,0.00314,0.010,1,IDLE,disabled,0.000,0.000,deg/s,joint_states,-0.260,0.440,0.000,0.000,0.735,-0.152,-0.237,0.382,0.791,-11.684,17.497,,pan
assignment4_topicstop_20261008_194514,7.667,1791456327.552159,168,1791456327.412044,camera_color_optical_frame,1,0.3971,0.8089,0.00314,0.031,1,IDLE,disabled,0.000,0.000,deg/s,joint_states,-0.350,0.440,0.000,0.000,0.735,-0.152,-0.237,0.378,0.791,-11.669,17.508,,pan
assignment4_topicstop_20261008_194514,7.690,1791456327.578797,169,1791456327.445405,camera_color_optical_frame,1,0.3962,0.8079,0.00326,0.019,1,IDLE,disabled,0.000,0.000,deg/s,joint_states,-0.350,0.440,0.000,0.000,0.731,-0.152,-0.235,0.382,0.788,-11.776,17.437,,pan
assignment4_topicstop_20261008_194514,7.706,1791456327.592050,169,1791456327.445405,camera_color_optical_frame,1,0.3962,0.8079,0.00326,0.035,1,IDLE,disabled,0.000,0.000,deg/s,joint_states,-0.260,0.440,0.000,0.000,0.730,-0.152,-0.234,0.385,0.788,-11.773,17.440,,pan
assignment4_topicstop_20261008_194514,7.731,1791456327.616411,170,1791456327.478765,camera_color_optical_frame,1,0.3968,0.8079,0.00318,0.020,1,IDLE,disabled,0.000,0.000,deg/s,joint_states,-0.350,0.440,0.000,0.000,0.732,-0.152,-0.234,0.379,0.786,-11.701,17.398,,pan
assignment4_topicstop_20261008_194514,7.747,1791456327.634614,171,1791456327.512126,camera_color_optical_frame,1,0.3961,0.8076,0.00325,0.009,1,IDLE,disabled,0.000,0.000,deg/s,joint_states,-0.350,0.440,0.000,0.000,0.739,-0.152,-0.237,0.377,0.786,-11.632,17.401,,pan
assignment4_topicstop_20261008_194514,7.770,1791456327.655649,171,1791456327.512126,camera_color_optical_frame,1,0.3961,0.8076,0.00325,0.032,1,IDLE,disabled,0.000,0.000,deg/s,joint_states,-0.350,0.440,0.000,0.000,0.740,-0.152,-0.237,0.376,0.786,-11.611,17.398,,pan
assignment4_topicstop_20261008_194514,7.788,1791456327.673455,172,1791456327.545487,camera_color_optical_frame,1,0.3964,0.8073,0.00322,0.014,1,IDLE,disabled,0.000,0.000,deg/s,joint_states,-0.350,0.440,0.000,0.000,0.745,-0.157,-0.238,0.385,0.786,-11.884,17.384,,pan
assignment4_topicstop_20261008_194514,7.807,1791456327.693635,172,1791456327.545487,camera_color_optical_frame,1,0.3964,0.8073,0.00322,0.033,1,IDLE,disabled,0.000,0.000,deg/s,joint_states,-0.350,0.440,0.000,0.000,0.745,-0.157,-0.238,0.386,0.786,-11.896,17.381,,pan
assignment4_topicstop_20261008_194514,7.827,1791456327.712937,173,1791456327.578848,camera_color_optical_frame,1,0.3965,0.8080,0.00319,0.012,1,IDLE,disabled,0.000,0.000,deg/s,joint_states,-0.350,0.440,0.000,0.000,0.737,-0.155,-0.237,0.385,0.788,-11.872,17.436,,pan
assignment4_topicstop_20261008_194514,7.848,1791456327.733433,174,1791456327.612208,camera_color_optical_frame,1,0.3966,0.8082,0.00321,0.003,1,IDLE,disabled,0.000,0.000,deg/s,joint_states,-0.260,0.530,0.000,0.000,0.731,-0.152,-0.235,0.383,0.785,-11.743,17.455,,pan
assignment4_topicstop_20261008_194514,7.869,1791456327.760110,174,1791456327.612208,camera_color_optical_frame,1,0.3966,0.8082,0.00321,0.024,1,IDLE,disabled,0.000,0.000,deg/s,joint_states,-0.350,0.440,0.000,0.000,0.730,-0.152,-0.235,0.380,0.789,-11.736,17.461,,pan
assignment4_topicstop_20261008_194514,7.886,1791456327.772544,175,1791456327.645569,camera_color_optical_frame,1,0.3967,0.8085,0.00319,0.006,1,IDLE,disabled,0.000,0.000,deg/s,joint_states,-0.260,0.440,0.000,0.000,0.740,-0.156,-0.238,0.388,0.789,-11.873,17.444,,pan
assignment4_topicstop_20261008_194514,7.912,1791456327.797905,175,1791456327.645569,camera_color_optical_frame,1,0.3967,0.8085,0.00319,0.031,1,IDLE,disabled,0.000,0.000,deg/s,joint_states,-0.260,0.440,0.000,0.000,0.740,-0.156,-0.238,0.388,0.789,-11.885,17.448,,pan
assignment4_topicstop_20261008_194514,7.926,1791456327.813208,176,1791456327.678930,camera_color_optical_frame,1,0.3968,0.8080,0.00321,0.007,1,IDLE,disabled,0.000,0.000,deg/s,joint_states,-0.350,0.440,0.000,0.000,0.754,-0.159,-0.242,0.385,0.787,-11.886,17.412,,pan
assignment4_topicstop_20261008_194514,7.950,1791456327.836165,176,1791456327.678930,camera_color_optical_frame,1,0.3968,0.8080,0.00321,0.032,1,IDLE,disabled,0.000,0.000,deg/s,joint_states,-0.260,0.530,0.000,0.000,0.756,-0.159,-0.242,0.389,0.783,-11.899,17.410,,pan
assignment4_topicstop_20261008_194514,7.967,1791456327.852877,177,1791456327.712291,camera_color_optical_frame,1,0.3971,0.8083,0.00316,0.012,1,IDLE,disabled,0.000,0.000,deg/s,joint_states,-0.260,0.440,0.000,0.000,0.750,-0.155,-0.243,0.382,0.795,-11.686,17.587,,pan
assignment4_topicstop_20261008_194514,7.986,1791456327.871503,177,1791456327.712291,camera_color_optical_frame,1,0.3971,0.8083,0.00316,0.031,1,IDLE,disabled,0.000,0.000,deg/s,joint_states,-0.260,0.440,0.000,0.000,0.751,-0.155,-0.243,0.381,0.796,-11.675,17.601,,pan
assignment4_topicstop_20261008_194514,8.006,1791456327.893379,178,1791456327.745652,camera_color_optical_frame,1,0.3967,0.8071,0.00316,0.012,1,IDLE,disabled,0.000,0.000,deg/s,joint_states,-0.260,0.440,0.000,0.000,0.741,-0.152,-0.237,0.379,0.784,-11.601,17.361,,pan
assignment4_topicstop_20261008_194514,8.026,1791456327.911670,178,1791456327.745652,camera_color_optical_frame,1,0.3967,0.8071,0.00316,0.032,1,IDLE,disabled,0.000,0.000,deg/s,joint_states,-0.260,0.440,0.000,0.000,0.742,-0.152,-0.237,0.378,0.784,-11.584,17.356,,pan
assignment4_topicstop_20261008_194514,8.048,1791456327.936341,179,1791456327.779013,camera_color_optical_frame,1,0.3962,0.8080,0.00320,0.018,1,IDLE,disabled,0.000,0.000,deg/s,joint_states,-0.260,0.440,0.000,0.000,0.736,-0.155,-0.234,0.388,0.781,-11.868,17.279,,pan
assignment4_topicstop_20261008_194514,8.066,1791456327.952077,179,1791456327.779013,camera_color_optical_frame,1,0.3962,0.8080,0.00320,0.036,1,IDLE,disabled,0.000,0.000,deg/s,joint_states,-0.260,0.440,0.000,0.000,0.735,-0.155,-0.234,0.388,0.780,-11.876,17.262,,pan
assignment4_topicstop_20261008_194514,8.087,1791456327.975388,180,1791456327.812374,camera_color_optical_frame,1,0.3964,0.8081,0.00321,0.019,1,IDLE,disabled,0.000,0.000,deg/s,joint_states,-0.260,0.440,0.000,0.000,0.745,-0.154,-0.242,0.382,0.799,-11.706,17.667,,pan
assignment4_topicstop_20261008_194514,8.107,1791456327.993694,181,1791456327.845735,camera_color_optical_frame,1,0.3962,0.8083,0.00324,0.008,1,IDLE,disabled,0.000,0.000,deg/s,joint_states,-0.260,0.530,0.000,0.000,0.741,-0.151,-0.238,0.375,0.783,-11.510,17.440,,pan
assignment4_topicstop_20261008_194514,8.127,1791456328.013507,181,1791456327.845735,camera_color_optical_frame,1,0.3962,0.8083,0.00324,0.028,1,IDLE,disabled,0.000,0.000,deg/s,joint_states,-0.260,0.530,0.000,0.000,0.741,-0.151,-0.238,0.374,0.783,-11.483,17.442,,pan
assignment4_topicstop_20261008_194514,8.147,1791456328.032785,182,1791456327.879096,camera_color_optical_frame,1,0.3963,0.8076,0.00321,0.013,1,IDLE,disabled,0.000,0.000,deg/s,joint_states,-0.260,0.440,0.000,0.000,0.736,-0.152,-0.233,0.382,0.779,-11.693,17.251,,pan
assignment4_topicstop_20261008_194514,8.166,1791456328.052428,182,1791456327.879096,camera_color_optical_frame,1,0.3963,0.8076,0.00321,0.032,1,IDLE,disabled,0.000,0.000,deg/s,joint_states,-0.260,0.440,0.000,0.000,0.735,-0.152,-0.233,0.382,0.778,-11.691,17.230,,pan
assignment4_topicstop_20261008_194514,8.187,1791456328.074510,183,1791456327.912456,camera_color_optical_frame,1,0.3972,0.8090,0.00314,0.016,1,IDLE,disabled,0.000,0.000,deg/s,joint_states,-0.350,0.440,0.000,0.000,0.727,-0.152,-0.234,0.383,0.790,-11.808,17.466,,pan
assignment4_topicstop_20261008_194514,8.206,1791456328.091336,183,1791456327.912456,camera_color_optical_frame,1,0.3972,0.8090,0.00314,0.035,1,IDLE,disabled,0.000,0.000,deg/s,joint_states,-0.260,0.440,0.000,0.000,0.726,-0.152,-0.233,0.386,0.790,-11.816,17.469,,pan
assignment4_topicstop_20261008_194514,8.228,1791456328.116606,184,1791456327.945817,camera_color_optical_frame,1,0.3966,0.8098,0.00313,0.019,1,IDLE,disabled,0.000,0.000,deg/s,joint_states,-0.260,0.440,0.000,0.000,0.728,-0.152,-0.240,0.384,0.810,-11.766,17.879,,pan
assignment4_topicstop_20261008_194514,8.248,1791456328.134656,185,1791456327.979177,camera_color_optical_frame,1,0.3963,0.8073,0.00320,0.004,1,IDLE,disabled,0.000,0.000,deg/s,joint_states,-0.350,0.440,0.000,0.000,0.746,-0.154,-0.239,0.378,0.786,-11.661,17.412,,pan
assignment4_topicstop_20261008_194514,8.267,1791456328.154669,185,1791456327.979177,camera_color_optical_frame,1,0.3963,0.8073,0.00320,0.023,1,IDLE,disabled,0.000,0.000,deg/s,joint_states,-0.350,0.440,0.000,0.000,0.747,-0.154,-0.239,0.377,0.786,-11.654,17.410,,pan
assignment4_topicstop_20261008_194514,8.287,1791456328.172644,186,1791456328.012538,camera_color_optical_frame,1,0.3958,0.8082,0.00325,0.011,1,IDLE,disabled,0.000,0.000,deg/s,joint_states,-0.350,0.440,0.000,0.000,0.741,-0.152,-0.233,0.377,0.773,-11.627,17.144,,pan
assignment4_topicstop_20261008_194514,8.308,1791456328.194140,186,1791456328.012538,camera_color_optical_frame,1,0.3958,0.8082,0.00325,0.033,1,IDLE,disabled,0.000,0.000,deg/s,joint_states,-0.350,0.440,0.000,0.000,0.741,-0.152,-0.233,0.376,0.771,-11.618,17.106,,pan
assignment4_topicstop_20261008_194514,8.326,1791456328.212255,187,1791456328.045899,camera_color_optical_frame,1,0.3974,0.8082,0.00312,0.013,1,IDLE,disabled,0.000,0.000,deg/s,joint_states,-0.260,0.440,0.000,0.000,0.736,-0.158,-0.236,0.396,0.787,-12.116,17.399,,pan
assignment4_topicstop_20261008_194514,8.347,1791456328.232505,187,1791456328.045899,camera_color_optical_frame,1,0.3974,0.8082,0.00312,0.034,1,IDLE,disabled,0.000,0.000,deg/s,joint_states,-0.260,0.440,0.000,0.000,0.735,-0.158,-0.236,0.398,0.787,-12.153,17.397,,pan
assignment4_topicstop_20261008_194514,8.366,1791456328.253484,188,1791456328.079260,camera_color_optical_frame,1,0.3971,0.8086,0.00313,0.015,1,IDLE,disabled,0.000,0.000,deg/s,joint_states,-0.350,0.440,0.000,0.000,0.738,-0.155,-0.237,0.384,0.789,-11.833,17.445,,pan
assignment4_topicstop_20261008_194514,8.387,1791456328.272046,189,1791456328.112620,camera_color_optical_frame,1,0.3963,0.8074,0.00322,0.003,1,IDLE,disabled,0.000,0.000,deg/s,joint_states,-0.260,0.440,0.000,0.000,0.732,-0.151,-0.234,0.379,0.785,-11.621,17.375,,pan
assignment4_topicstop_20261008_194514,8.407,1791456328.294710,189,1791456328.112620,camera_color_optical_frame,1,0.3963,0.8074,0.00322,0.023,1,IDLE,disabled,0.000,0.000,deg/s,joint_states,-0.350,0.440,0.000,0.000,0.731,-0.150,-0.234,0.376,0.784,-11.602,17.371,,pan
assignment4_topicstop_20261008_194514,8.425,1791456328.310508,190,1791456328.145981,camera_color_optical_frame,1,0.3965,0.8082,0.00320,0.004,1,IDLE,disabled,0.000,0.000,deg/s,joint_states,-0.260,0.440,0.000,0.000,0.733,-0.156,-0.235,0.392,0.787,-11.977,17.407,,pan
assignment4_topicstop_20261008_194514,8.450,1791456328.339344,190,1791456328.145981,camera_color_optical_frame,1,0.3965,0.8082,0.00320,0.029,1,IDLE,disabled,0.000,0.000,deg/s,joint_states,-0.350,0.440,0.000,0.000,0.733,-0.156,-0.235,0.389,0.787,-12.003,17.404,,pan
assignment4_topicstop_20261008_194514,8.467,1791456328.352749,191,1791456328.179342,camera_color_optical_frame,1,0.3968,0.8078,0.00319,0.003,1,IDLE,disabled,0.000,0.000,deg/s,joint_states,-0.260,0.440,0.000,0.000,0.740,-0.152,-0.237,0.379,0.788,-11.620,17.435,,pan
assignment4_topicstop_20261008_194514,8.489,1791456328.377064,191,1791456328.179342,camera_color_optical_frame,1,0.3968,0.8078,0.00319,0.025,1,IDLE,disabled,0.000,0.000,deg/s,joint_states,-0.260,0.440,0.000,0.000,0.741,-0.152,-0.238,0.379,0.788,-11.607,17.438,,pan
assignment4_topicstop_20261008_194514,8.506,1791456328.391311,192,1791456328.212703,camera_color_optical_frame,1,0.3965,0.8082,0.00322,0.008,1,IDLE,disabled,0.000,0.000,deg/s,joint_states,-0.260,0.440,0.000,0.000,0.737,-0.151,-0.236,0.379,0.787,-11.617,17.419,,pan
assignment4_topicstop_20261008_194514,8.527,1791456328.415243,192,1791456328.212703,camera_color_optical_frame,1,0.3965,0.8082,0.00322,0.030,1,IDLE,disabled,0.000,0.000,deg/s,joint_states,-0.260,0.440,0.000,0.000,0.737,-0.151,-0.236,0.379,0.787,-11.601,17.419,,pan
assignment4_topicstop_20261008_194514,8.547,1791456328.433279,193,1791456328.246063,camera_color_optical_frame,1,0.3963,0.8079,0.00324,0.012,1,IDLE,disabled,0.000,0.000,deg/s,joint_states,-0.260,0.440,0.000,0.000,0.745,-0.154,-0.239,0.382,0.787,-11.684,17.425,,pan
assignment4_topicstop_20261008_194514,8.568,1791456328.454085,193,1791456328.246063,camera_color_optical_frame,1,0.3963,0.8079,0.00324,0.033,1,IDLE,disabled,0.000,0.000,deg/s,joint_states,-0.260,0.440,0.000,0.000,0.746,-0.154,-0.239,0.381,0.787,-11.680,17.426,,pan
assignment4_topicstop_20261008_194514,8.586,1791456328.471001,194,1791456328.279425,camera_color_optical_frame,1,0.3971,0.8087,0.00315,0.010,1,IDLE,disabled,0.000,0.000,deg/s,joint_states,-0.260,0.530,0.000,0.000,0.752,-0.157,-0.242,0.384,0.785,-11.773,17.458,,pan
assignment4_topicstop_20261008_194514,8.607,1791456328.492321,194,1791456328.279425,camera_color_optical_frame,1,0.3971,0.8087,0.00315,0.031,1,IDLE,disabled,0.000,0.000,deg/s,joint_states,-0.260,0.530,0.000,0.000,0.753,-0.157,-0.242,0.384,0.785,-11.775,17.461,,pan
assignment4_topicstop_20261008_194514,8.627,1791456328.514236,195,1791456328.312786,camera_color_optical_frame,1,0.3964,0.8088,0.00318,0.017,1,IDLE,disabled,0.000,0.000,deg/s,joint_states,-0.260,0.440,0.000,0.000,0.735,-0.155,-0.237,0.390,0.791,-11.932,17.492,,pan
assignment4_topicstop_20261008_194514,8.646,1791456328.531884,195,1791456328.312786,camera_color_optical_frame,1,0.3964,0.8088,0.00318,0.036,1,IDLE,disabled,0.000,0.000,deg/s,joint_states,-0.260,0.440,0.000,0.000,0.735,-0.155,-0.237,0.391,0.792,-11.948,17.497,,pan
assignment4_topicstop_20261008_194514,8.666,1791456328.554226,196,1791456328.346146,camera_color_optical_frame,1,0.3969,0.8072,0.00317,0.016,1,IDLE,disabled,0.000,0.000,deg/s,joint_states,-0.350,0.440,0.000,0.000,0.733,-0.153,-0.234,0.381,0.785,-11.763,17.369,,pan
assignment4_topicstop_20261008_194514,8.687,1791456328.572296,197,1791456328.379507,camera_color_optical_frame,1,0.3964,0.8083,0.00319,0.005,1,IDLE,disabled,0.000,0.000,deg/s,joint_states,-0.350,0.440,0.000,0.000,0.738,-0.154,-0.236,0.383,0.786,-11.807,17.397,,pan
assignment4_topicstop_20261008_194514,8.708,1791456328.595972,197,1791456328.379507,camera_color_optical_frame,1,0.3964,0.8083,0.00319,0.026,1,IDLE,disabled,0.000,0.000,deg/s,joint_states,-0.350,0.440,0.000,0.000,0.738,-0.154,-0.236,0.383,0.786,-11.810,17.394,,pan
assignment4_topicstop_20261008_194514,8.726,1791456328.612143,198,1791456328.412868,camera_color_optical_frame,1,0.3970,0.8074,0.00314,0.007,1,IDLE,disabled,0.000,0.000,deg/s,joint_states,-0.350,0.440,0.000,0.000,0.753,-0.158,-0.241,0.385,0.787,-11.876,17.415,,pan
assignment4_topicstop_20261008_194514,8.748,1791456328.634656,198,1791456328.412868,camera_color_optical_frame,1,0.3970,0.8074,0.00314,0.030,1,IDLE,disabled,0.000,0.000,deg/s,joint_states,-0.350,0.440,0.000,0.000,0.754,-0.159,-0.242,0.385,0.787,-11.888,17.416,,pan
assignment4_topicstop_20261008_194514,8.766,1791456328.651632,199,1791456328.446229,camera_color_optical_frame,1,0.3969,0.8086,0.00317,0.010,1,IDLE,disabled,0.000,0.000,deg/s,joint_states,-0.260,0.440,0.000,0.000,0.730,-0.150,-0.239,0.379,0.805,-11.602,17.781,,pan
assignment4_topicstop_20261008_194514,8.786,1791456328.671633,199,1791456328.446229,camera_color_optical_frame,1,0.3969,0.8086,0.00317,0.030,1,IDLE,disabled,0.000,0.000,deg/s,joint_states,-0.260,0.440,0.000,0.000,0.729,-0.149,-0.239,0.378,0.806,-11.588,17.808,,pan
assignment4_topicstop_20261008_194514,8.807,1791456328.695242,200,1791456328.479590,camera_color_optical_frame,1,0.3966,0.8070,0.00318,0.014,1,IDLE,disabled,0.000,0.000,deg/s,joint_states,-0.350,0.440,0.000,0.000,0.733,-0.150,-0.234,0.375,0.785,-11.577,17.381,,pan
assignment4_topicstop_20261008_194514,8.826,1791456328.711791,200,1791456328.479590,camera_color_optical_frame,1,0.3966,0.8070,0.00318,0.033,1,IDLE,disabled,0.000,0.000,deg/s,joint_states,-0.350,0.440,0.000,0.000,0.733,-0.150,-0.234,0.374,0.785,-11.564,17.379,,pan
assignment4_topicstop_20261008_194514,8.849,1791456328.736889,201,1791456328.512951,camera_color_optical_frame,1,0.3964,0.8084,0.00319,0.021,1,IDLE,disabled,0.000,0.000,deg/s,joint_states,-0.350,0.440,0.000,0.000,0.735,-0.155,-0.236,0.386,0.790,-11.891,17.474,,pan
assignment4_topicstop_20261008_194514,8.866,1791456328.752759,202,1791456328.546312,camera_color_optical_frame,1,0.3971,0.8078,0.00312,0.006,1,IDLE,disabled,0.000,0.000,deg/s,joint_states,-0.260,0.530,0.000,0.000,0.730,-0.157,-0.235,0.397,0.786,-12.141,17.462,,pan
assignment4_topicstop_20261008_194514,8.886,1791456328.771237,202,1791456328.546312,camera_color_optical_frame,1,0.3971,0.8078,0.00312,0.027,1,IDLE,disabled,0.000,0.000,deg/s,joint_states,-0.260,0.530,0.000,0.000,0.730,-0.157,-0.235,0.398,0.787,-12.173,17.467,,pan
assignment4_topicstop_20261008_194514,8.906,1791456328.792410,203,1791456328.613035,camera_color_optical_frame,1,0.3970,0.8081,0.00312,0.009,1,IDLE,disabled,0.000,0.000,deg/s,joint_states,-0.350,0.440,0.000,0.000,0.735,-0.149,-0.235,0.372,0.787,-11.487,17.435,,pan
assignment4_topicstop_20261008_194514,8.926,1791456328.811128,203,1791456328.613035,camera_color_optical_frame,1,0.3970,0.8081,0.00312,0.029,1,IDLE,disabled,0.000,0.000,deg/s,joint_states,-0.350,0.440,0.000,0.000,0.734,-0.149,-0.235,0.371,0.787,-11.459,17.437,,pan
assignment4_topicstop_20261008_194514,8.947,1791456328.835648,204,1791456328.646395,camera_color_optical_frame,1,0.3964,0.8075,0.00320,0.019,1,IDLE,disabled,0.000,0.000,deg/s,joint_states,-0.350,0.440,0.000,0.000,0.738,-0.154,-0.238,0.383,0.791,-11.813,17.491,,pan
assignment4_topicstop_20261008_194514,8.966,1791456328.851784,205,1791456328.679757,camera_color_optical_frame,1,0.3965,0.8077,0.00320,0.002,1,IDLE,disabled,0.000,0.000,deg/s,joint_states,-0.350,0.440,0.000,0.000,0.738,-0.154,-0.238,0.383,0.791,-11.813,17.491,,pan
assignment4_topicstop_20261008_194514,8.989,1791456328.875538,205,1791456328.679757,camera_color_optical_frame,1,0.3965,0.8077,0.00320,0.026,1,IDLE,disabled,0.000,0.000,deg/s,joint_states,-0.260,0.440,0.000,0.000,0.755,-0.161,-0.242,0.393,0.787,-12.023,17.395,,pan
assignment4_topicstop_20261008_194514,9.009,1791456328.895514,206,1791456328.713118,camera_color_optical_frame,1,0.3960,0.8090,0.00324,0.009,1,IDLE,disabled,0.000,0.000,deg/s,joint_states,-0.260,0.440,0.000,0.000,0.738,-0.152,-0.240,0.380,0.798,-11.629,17.635,,pan
assignment4_topicstop_20261008_194514,9.027,1791456328.913197,206,1791456328.713118,camera_color_optical_frame,1,0.3960,0.8090,0.00324,0.027,1,IDLE,disabled,0.000,0.000,deg/s,joint_states,-0.260,0.440,0.000,0.000,0.738,-0.152,-0.240,0.379,0.798,-11.615,17.645,,pan
assignment4_topicstop_20261008_194514,9.046,1791456328.934768,207,1791456328.746479,camera_color_optical_frame,1,0.3966,0.8077,0.00319,0.014,1,IDLE,disabled,0.000,0.000,deg/s,joint_states,-0.260,0.440,0.000,0.000,0.738,-0.154,-0.236,0.386,0.787,-11.824,17.409,,pan
assignment4_topicstop_20261008_194514,9.068,1791456328.954270,207,1791456328.746479,camera_color_optical_frame,1,0.3966,0.8077,0.00319,0.036,1,IDLE,disabled,0.000,0.000,deg/s,joint_states,-0.350,0.440,0.000,0.000,0.737,-0.154,-0.236,0.383,0.787,-11.826,17.408,,pan
assignment4_topicstop_20261008_194514,9.089,1791456328.975750,208,1791456328.779840,camera_color_optical_frame,1,0.3975,0.8093,0.00312,0.015,1,IDLE,disabled,0.000,0.000,deg/s,joint_states,-0.350,0.440,0.000,0.000,0.743,-0.159,-0.235,0.391,0.777,-12.056,17.193,,pan
assignment4_topicstop_20261008_194514,9.108,1791456328.993462,209,1791456328.813201,camera_color_optical_frame,1,0.3964,0.8069,0.00321,0.011,1,IDLE,disabled,0.000,0.000,deg/s,joint_states,-0.260,0.440,0.000,0.000,0.737,-0.151,-0.235,0.378,0.784,-11.590,17.356,,pan
assignment4_topicstop_20261008_194514,9.127,1791456329.012712,209,1791456328.813201,camera_color_optical_frame,1,0.3964,0.8069,0.00321,0.030,1,IDLE,disabled,0.000,0.000,deg/s,joint_states,-0.260,0.440,0.000,0.000,0.737,-0.151,-0.235,0.378,0.783,-11.573,17.351,,pan
assignment4_topicstop_20261008_194514,9.147,1791456329.034383,210,1791456328.846564,camera_color_optical_frame,1,0.3972,0.8081,0.00312,0.013,1,IDLE,disabled,0.000,0.000,deg/s,joint_states,-0.260,0.440,0.000,0.000,0.740,-0.150,-0.236,0.374,0.783,-11.461,17.354,,pan
assignment4_topicstop_20261008_194514,9.167,1791456329.054565,210,1791456328.846564,camera_color_optical_frame,1,0.3972,0.8081,0.00312,0.032,1,IDLE,disabled,0.000,0.000,deg/s,joint_states,-0.350,0.440,0.000,0.000,0.740,-0.150,-0.236,0.370,0.783,-11.431,17.347,,pan
assignment4_topicstop_20261008_194514,9.188,1791456329.076879,211,1791456328.879927,camera_color_optical_frame,1,0.3970,0.8074,0.00315,0.016,1,IDLE,disabled,0.000,0.000,deg/s,joint_states,-0.260,0.440,0.000,0.000,0.728,-0.150,-0.234,0.381,0.788,-11.674,17.435,,pan
assignment4_topicstop_20261008_194514,9.210,1791456329.101017,212,1791456328.913290,camera_color_optical_frame,1,0.3965,0.8076,0.00319,0.007,1,IDLE,disabled,0.000,0.000,deg/s,joint_states,-0.260,0.440,0.000,0.000,0.742,-0.158,-0.238,0.392,0.786,-11.995,17.386,,pan
assignment4_topicstop_20261008_194514,9.226,1791456329.112585,212,1791456328.913290,camera_color_optical_frame,1,0.3965,0.8076,0.00319,0.023,1,IDLE,disabled,0.000,0.000,deg/s,joint_states,-0.260,0.440,0.000,0.000,0.743,-0.158,-0.238,0.393,0.786,-12.011,17.384,,pan
assignment4_topicstop_20261008_194514,9.246,1791456329.133213,213,1791456328.946654,camera_color_optical_frame,1,0.3965,0.8085,0.00323,0.009,1,IDLE,disabled,0.000,0.000,deg/s,joint_states,-0.350,0.440,0.000,0.000,0.744,-0.154,-0.239,0.378,0.791,-11.686,17.494,,pan
assignment4_topicstop_20261008_194514,9.267,1791456329.153727,213,1791456328.946654,camera_color_optical_frame,1,0.3965,0.8085,0.00323,0.031,1,IDLE,disabled,0.000,0.000,deg/s,joint_states,-0.350,0.440,0.000,0.000,0.745,-0.154,-0.240,0.378,0.791,-11.681,17.501,,pan
assignment4_topicstop_20261008_194514,9.290,1791456329.178490,214,1791456328.980017,camera_color_optical_frame,1,0.3974,0.8082,0.00313,0.016,1,IDLE,disabled,0.000,0.000,deg/s,joint_states,-0.260,0.440,0.000,0.000,0.737,-0.154,-0.237,0.386,0.789,-11.820,17.453,,pan
assignment4_topicstop_20261008_194514,9.307,1791456329.195306,215,1791456329.013380,camera_color_optical_frame,1,0.3969,0.8082,0.00317,0.005,1,IDLE,disabled,0.000,0.000,deg/s,joint_states,-0.260,0.440,0.000,0.000,0.745,-0.157,-0.239,0.389,0.787,-11.894,17.401,,pan
assignment4_topicstop_20261008_194514,9.328,1791456329.215397,215,1791456329.013380,camera_color_optical_frame,1,0.3969,0.8082,0.00317,0.025,1,IDLE,disabled,0.000,0.000,deg/s,joint_states,-0.260,0.440,0.000,0.000,0.746,-0.157,-0.239,0.389,0.787,-11.909,17.398,,pan
assignment4_topicstop_20261008_194514,9.346,1791456329.231723,216,1791456329.046743,camera_color_optical_frame,1,0.3967,0.8086,0.00315,0.011,1,IDLE,disabled,0.000,0.000,deg/s,joint_states,-0.350,0.440,0.000,0.000,0.733,-0.149,-0.235,0.372,0.788,-11.491,17.462,,pan
assignment4_topicstop_20261008_194514,9.367,1791456329.254738,216,1791456329.046743,camera_color_optical_frame,1,0.3967,0.8086,0.00315,0.033,1,IDLE,disabled,0.000,0.000,deg/s,joint_states,-0.350,0.440,0.000,0.000,0.732,-0.148,-0.235,0.371,0.789,-11.463,17.465,,pan
assignment4_topicstop_20261008_194514,9.386,1791456329.273138,217,1791456329.080106,camera_color_optical_frame,1,0.3969,0.8081,0.00317,0.010,1,IDLE,disabled,0.000,0.000,deg/s,joint_states,-0.350,0.440,0.000,0.000,0.751,-0.155,-0.244,0.377,0.799,-11.640,17.660,,pan
assignment4_topicstop_20261008_194514,9.409,1791456329.295392,217,1791456329.080106,camera_color_optical_frame,1,0.3969,0.8081,0.00317,0.034,1,IDLE,disabled,0.000,0.000,deg/s,joint_states,-0.350,0.440,0.000,0.000,0.752,-0.155,-0.245,0.377,0.800,-11.628,17.681,,pan
assignment4_topicstop_20261008_194514,9.426,1791456329.311559,218,1791456329.113470,camera_color_optical_frame,1,0.3967,0.8082,0.00317,0.012,1,IDLE,disabled,0.000,0.000,deg/s,joint_states,-0.260,0.440,0.000,0.000,0.737,-0.158,-0.236,0.395,0.787,-12.073,17.394,,pan
assignment4_topicstop_20261008_194514,9.445,1791456329.331148,218,1791456329.113470,camera_color_optical_frame,1,0.3967,0.8082,0.00317,0.031,1,IDLE,disabled,0.000,0.000,deg/s,joint_states,-0.260,0.440,0.000,0.000,0.737,-0.158,-0.236,0.396,0.787,-12.099,17.391,,pan
assignment4_topicstop_20261008_194514,9.466,1791456329.354123,219,1791456329.146833,camera_color_optical_frame,1,0.3965,0.8077,0.00321,0.017,1,IDLE,disabled,0.000,0.000,deg/s,joint_states,-0.260,0.440,0.000,0.000,0.732,-0.151,-0.231,0.381,0.776,-11.674,17.192,,pan
assignment4_topicstop_20261008_194514,9.487,1791456329.372735,219,1791456329.146833,camera_color_optical_frame,1,0.3965,0.8077,0.00321,0.037,1,IDLE,disabled,0.000,0.000,deg/s,joint_states,-0.260,0.440,0.000,0.000,0.731,-0.151,-0.231,0.381,0.775,-11.670,17.169,,pan
assignment4_topicstop_20261008_194514,9.512,1791456329.398771,220,1791456329.180197,camera_color_optical_frame,1,0.3968,0.8083,0.00318,0.021,1,IDLE,disabled,0.000,0.000,deg/s,joint_states,-0.350,0.440,0.000,0.000,0.750,-0.156,-0.241,0.380,0.787,-11.730,17.428,,pan
assignment4_topicstop_20261008_194514,9.529,1791456329.415346,220,1791456329.180197,camera_color_optical_frame,1,0.3968,0.8083,0.00318,0.038,1,IDLE,disabled,0.000,0.000,deg/s,joint_states,-0.350,0.440,0.000,0.000,0.751,-0.156,-0.241,0.380,0.787,-11.725,17.429,,pan
assignment4_topicstop_20261008_194514,9.547,1791456329.434052,221,1791456329.213560,camera_color_optical_frame,1,0.3967,0.8075,0.00319,0.016,1,IDLE,disabled,0.000,0.000,deg/s,joint_states,-0.350,0.440,0.000,0.000,0.739,-0.159,-0.237,0.394,0.787,-12.123,17.394,,pan
assignment4_topicstop_20261008_194514,9.568,1791456329.455094,222,1791456329.246923,camera_color_optical_frame,1,0.3969,0.8088,0.00318,0.010,1,IDLE,disabled,0.000,0.000,deg/s,joint_states,-0.260,0.440,0.000,0.000,0.724,-0.153,-0.233,0.389,0.790,-11.904,17.468,,pan
assignment4_topicstop_20261008_194514,9.587,1791456329.474090,222,1791456329.246923,camera_color_optical_frame,1,0.3969,0.8088,0.00318,0.029,1,IDLE,disabled,0.000,0.000,deg/s,joint_states,-0.350,0.440,0.000,0.000,0.723,-0.152,-0.232,0.386,0.790,-11.912,17.471,,pan
assignment4_topicstop_20261008_194514,9.611,1791456329.497587,223,1791456329.280287,camera_color_optical_frame,1,0.3962,0.8071,0.00322,0.018,1,IDLE,disabled,0.000,0.000,deg/s,joint_states,-0.350,0.440,0.000,0.000,0.728,-0.148,-0.233,0.371,0.784,-11.470,17.376,,pan
assignment4_topicstop_20261008_194514,9.626,1791456329.511958,223,1791456329.280287,camera_color_optical_frame,1,0.3962,0.8071,0.00322,0.032,1,IDLE,disabled,0.000,0.000,deg/s,joint_states,-0.350,0.440,0.000,0.000,0.728,-0.147,-0.232,0.370,0.784,-11.452,17.375,,pan
assignment4_topicstop_20261008_194514,9.648,1791456329.534652,224,1791456329.313650,camera_color_optical_frame,1,0.3969,0.8079,0.00316,0.018,1,IDLE,disabled,0.000,0.000,deg/s,joint_states,-0.350,0.440,0.000,0.000,0.745,-0.153,-0.238,0.375,0.784,-11.592,17.360,,pan
assignment4_topicstop_20261008_194514,9.670,1791456329.557147,225,1791456329.380377,camera_color_optical_frame,1,0.3966,0.8079,0.00320,0.011,1,IDLE,disabled,0.000,0.000,deg/s,joint_states,-0.260,0.440,0.000,0.000,0.745,-0.157,-0.239,0.390,0.788,-11.931,17.419,,pan
assignment4_topicstop_20261008_194514,9.687,1791456329.573081,226,1791456329.447105,camera_color_optical_frame,1,0.3973,0.8083,0.00309,0.005,0,IDLE,disabled,0.000,0.000,deg/s,joint_states,-0.350,0.440,0.000,0.000,0.539,-0.119,-0.180,0.406,0.820,-12.473,18.047,,pan
assignment4_topicstop_20261008_194514,9.706,1791456329.593045,227,1791456329.513832,camera_color_optical_frame,1,0.3966,0.8078,0.00319,0.012,0,IDLE,disabled,0.000,0.000,deg/s,joint_states,-0.350,0.440,0.000,0.000,0.598,-0.127,-0.196,0.389,0.807,-11.997,17.802,,pan
assignment4_topicstop_20261008_194514,9.726,1791456329.611636,228,1791456329.547196,camera_color_optical_frame,1,0.3963,0.8082,0.00319,0.002,0,IDLE,disabled,0.000,0.000,deg/s,joint_states,-0.260,0.440,0.000,0.000,0.598,-0.128,-0.197,0.397,0.808,-12.125,17.822,,pan
assignment4_topicstop_20261008_194514,9.746,1791456329.632011,228,1791456329.547196,camera_color_optical_frame,1,0.3963,0.8082,0.00319,0.021,0,IDLE,disabled,0.000,0.000,deg/s,joint_states,-0.260,0.440,0.000,0.000,0.598,-0.128,-0.197,0.397,0.808,-12.125,17.822,,pan
assignment4_topicstop_20261008_194514,9.766,1791456329.653895,228,1791456329.547196,camera_color_optical_frame,1,0.3963,0.8082,0.00319,0.041,0,IDLE,disabled,0.000,0.000,deg/s,joint_states,-0.260,0.440,0.000,0.000,0.598,-0.128,-0.197,0.397,0.808,-12.125,17.822,,pan
assignment4_topicstop_20261008_194514,9.786,1791456329.670856,229,1791456329.580560,camera_color_optical_frame,1,0.3967,0.8087,0.00319,0.004,1,IDLE,disabled,0.000,0.000,deg/s,joint_states,-0.260,0.440,0.000,0.000,0.781,-0.161,-0.249,0.381,0.783,-11.656,17.346,,pan
assignment4_topicstop_20261008_194514,9.812,1791456329.698035,229,1791456329.580560,camera_color_optical_frame,1,0.3967,0.8087,0.00319,0.030,1,IDLE,disabled,0.000,0.000,deg/s,joint_states,-0.260,0.440,0.000,0.000,0.793,-0.163,-0.253,0.380,0.782,-11.632,17.322,,pan
assignment4_topicstop_20261008_194514,9.829,1791456329.714472,230,1791456329.613924,camera_color_optical_frame,1,0.3965,0.8082,0.00317,0.008,1,IDLE,disabled,0.000,0.000,deg/s,joint_states,-0.350,0.440,0.000,0.000,0.785,-0.161,-0.250,0.376,0.782,-11.615,17.319,,pan
assignment4_topicstop_20261008_194514,9.847,1791456329.733139,230,1791456329.613924,camera_color_optical_frame,1,0.3965,0.8082,0.00317,0.026,1,IDLE,disabled,0.000,0.000,deg/s,joint_states,-0.350,0.440,0.000,0.000,0.793,-0.163,-0.252,0.375,0.781,-11.597,17.302,,pan
assignment4_topicstop_20261008_194514,9.876,1791456329.763655,231,1791456329.647287,camera_color_optical_frame,1,0.3965,0.8081,0.00321,0.022,1,IDLE,disabled,0.000,0.000,deg/s,joint_states,-0.260,0.440,0.000,0.000,0.739,-0.153,-0.236,0.382,0.786,-11.705,17.402,,pan
assignment4_topicstop_20261008_194514,9.886,1791456329.773117,231,1791456329.647287,camera_color_optical_frame,1,0.3965,0.8081,0.00321,0.032,1,IDLE,disabled,0.000,0.000,deg/s,joint_states,-0.260,0.440,0.000,0.000,0.739,-0.153,-0.236,0.382,0.786,-11.703,17.400,,pan
assignment4_topicstop_20261008_194514,9.910,1791456329.797006,232,1791456329.680651,camera_color_optical_frame,1,0.3971,0.8077,0.00316,0.019,1,IDLE,disabled,0.000,0.000,deg/s,joint_states,-0.260,0.440,0.000,0.000,0.734,-0.156,-0.235,0.393,0.787,-12.013,17.393,,pan
assignment4_topicstop_20261008_194514,9.929,1791456329.814901,233,1791456329.714015,camera_color_optical_frame,1,0.3966,0.8084,0.00318,0.006,1,IDLE,disabled,0.000,0.000,deg/s,joint_states,-0.260,0.440,0.000,0.000,0.744,-0.154,-0.239,0.382,0.788,-11.710,17.437,,pan
assignment4_topicstop_20261008_194514,9.946,1791456329.832637,233,1791456329.714015,camera_color_optical_frame,1,0.3966,0.8084,0.00318,0.023,1,IDLE,disabled,0.000,0.000,deg/s,joint_states,-0.260,0.440,0.000,0.000,0.744,-0.154,-0.239,0.382,0.788,-11.708,17.439,,pan
assignment4_topicstop_20261008_194514,9.974,1791456329.862169,234,1791456329.747380,camera_color_optical_frame,1,0.3969,0.8088,0.00316,0.012,1,IDLE,disabled,0.000,0.000,deg/s,joint_states,-0.260,0.440,0.000,0.000,0.748,-0.153,-0.240,0.378,0.790,-11.569,17.474,,pan
assignment4_topicstop_20261008_194514,9.988,1791456329.874003,234,1791456329.747380,camera_color_optical_frame,1,0.3969,0.8088,0.00316,0.026,1,IDLE,disabled,0.000,0.000,deg/s,joint_states,-0.260,0.440,0.000,0.000,0.748,-0.153,-0.241,0.377,0.790,-11.549,17.479,,pan
assignment4_topicstop_20261008_194514,10.011,1791456329.897016,235,1791456329.780744,camera_color_optical_frame,1,0.3960,0.8070,0.00324,0.015,1,IDLE,disabled,0.000,0.000,deg/s,joint_states,-0.260,0.440,0.000,0.000,0.732,-0.151,-0.234,0.381,0.784,-11.671,17.352,,pan
assignment4_topicstop_20261008_194514,10.026,1791456329.913391,236,1791456329.814107,camera_color_optical_frame,1,0.3962,0.8080,0.00323,0.008,1,IDLE,disabled,0.000,0.000,deg/s,joint_states,-0.260,0.440,0.000,0.000,0.735,-0.154,-0.237,0.386,0.792,-11.807,17.513,,pan
assignment4_topicstop_20261008_194514,10.049,1791456329.934891,236,1791456329.814107,camera_color_optical_frame,1,0.3962,0.8080,0.00323,0.031,1,IDLE,disabled,0.000,0.000,deg/s,joint_states,-0.260,0.440,0.000,0.000,0.734,-0.154,-0.237,0.386,0.793,-11.818,17.524,,pan
assignment4_topicstop_20261008_194514,10.067,1791456329.954528,237,1791456329.847466,camera_color_optical_frame,1,0.3966,0.8076,0.00314,0.014,1,IDLE,disabled,0.000,0.000,deg/s,joint_states,-0.260,0.440,0.000,0.000,0.738,-0.153,-0.236,0.384,0.788,-11.748,17.428,,pan
assignment4_topicstop_20261008_194514,10.086,1791456329.972301,237,1791456329.847466,camera_color_optical_frame,1,0.3966,0.8076,0.00314,0.032,1,IDLE,disabled,0.000,0.000,deg/s,joint_states,-0.350,0.440,0.000,0.000,0.738,-0.153,-0.237,0.381,0.788,-11.753,17.432,,pan
assignment4_topicstop_20261008_194514,10.111,1791456329.997214,238,1791456329.880826,camera_color_optical_frame,1,0.3966,0.8085,0.00321,0.018,1,IDLE,disabled,0.000,0.000,deg/s,joint_states,-0.260,0.440,0.000,0.000,0.742,-0.153,-0.237,0.381,0.784,-11.658,17.366,,pan
assignment4_topicstop_20261008_194514,10.127,1791456330.013131,238,1791456329.880826,camera_color_optical_frame,1,0.3966,0.8085,0.00321,0.034,1,IDLE,disabled,0.000,0.000,deg/s,joint_states,-0.350,0.440,0.000,0.000,0.742,-0.153,-0.237,0.377,0.784,-11.649,17.357,,pan
assignment4_topicstop_20261008_194514,10.146,1791456330.031971,239,1791456329.914185,camera_color_optical_frame,1,0.3963,0.8080,0.00322,0.016,1,IDLE,disabled,0.000,0.000,deg/s,joint_states,-0.350,0.440,0.000,0.000,0.740,-0.153,-0.237,0.379,0.788,-11.699,17.434,,pan
assignment4_topicstop_20261008_194514,10.169,1791456330.057154,240,1791456329.947538,camera_color_optical_frame,1,0.3965,0.8078,0.00320,0.015,1,IDLE,disabled,0.000,0.000,deg/s,joint_states,-0.260,0.440,0.000,0.000,0.736,-0.155,-0.236,0.390,0.786,-11.921,17.390,,pan
assignment4_topicstop_20261008_194514,10.186,1791456330.071163,241,1791456329.980892,camera_color_optical_frame,1,0.3963,0.8084,0.00322,0.010,0,IDLE,disabled,0.000,0.000,deg/s,joint_states,-0.350,0.440,0.000,0.000,0.555,-0.122,-0.185,0.402,0.817,-12.368,17.987,,pan
assignment4_topicstop_20261008_194514,10.208,1791456330.096134,241,1791456329.980892,camera_color_optical_frame,1,0.3963,0.8084,0.00322,0.032,0,IDLE,disabled,0.000,0.000,deg/s,joint_states,-0.350,0.440,0.000,0.000,0.545,-0.120,-0.182,0.404,0.819,-12.419,18.031,,pan
assignment4_topicstop_20261008_194514,10.226,1791456330.112738,242,1791456330.014245,camera_color_optical_frame,1,0.3965,0.8083,0.00321,0.010,1,IDLE,disabled,0.000,0.000,deg/s,joint_states,-0.260,0.440,0.000,0.000,0.736,-0.153,-0.236,0.383,0.788,-11.733,17.440,,pan
assignment4_topicstop_20261008_194514,10.247,1791456330.133357,242,1791456330.014245,camera_color_optical_frame,1,0.3965,0.8083,0.00321,0.031,1,IDLE,disabled,0.000,0.000,deg/s,joint_states,-0.260,0.440,0.000,0.000,0.736,-0.153,-0.236,0.383,0.788,-11.725,17.443,,pan
assignment4_topicstop_20261008_194514,10.266,1791456330.151407,243,1791456330.047598,camera_color_optical_frame,1,0.3964,0.8081,0.00320,0.013,1,IDLE,disabled,0.000,0.000,deg/s,joint_states,-0.350,0.440,0.000,0.000,0.788,-0.163,-0.251,0.379,0.782,-11.710,17.325,,pan
assignment4_topicstop_20261008_194514,10.286,1791456330.171899,243,1791456330.047598,camera_color_optical_frame,1,0.3964,0.8081,0.00320,0.033,1,IDLE,disabled,0.000,0.000,deg/s,joint_states,-0.350,0.440,0.000,0.000,0.798,-0.165,-0.254,0.379,0.781,-11.692,17.306,,pan
assignment4_topicstop_20261008_194514,10.306,1791456330.192877,244,1791456330.080952,camera_color_optical_frame,1,0.3964,0.8080,0.00319,0.016,1,IDLE,disabled,0.000,0.000,deg/s,joint_states,-0.350,0.440,0.000,0.000,0.737,-0.153,-0.237,0.379,0.790,-11.688,17.475,,pan
assignment4_topicstop_20261008_194514,10.327,1791456330.212635,245,1791456330.114305,camera_color_optical_frame,1,0.3962,0.8086,0.00322,0.002,1,IDLE,disabled,0.000,0.000,deg/s,joint_states,-0.260,0.440,0.000,0.000,0.742,-0.155,-0.238,0.385,0.788,-11.793,17.437,,pan
assignment4_topicstop_20261008_194514,10.347,1791456330.233957,245,1791456330.114305,camera_color_optical_frame,1,0.3962,0.8086,0.00322,0.022,1,IDLE,disabled,0.000,0.000,deg/s,joint_states,-0.350,0.440,0.000,0.000,0.742,-0.155,-0.238,0.382,0.788,-11.791,17.438,,pan
assignment4_topicstop_20261008_194514,10.367,1791456330.254674,246,1791456330.147658,camera_color_optical_frame,1,0.3968,0.8088,0.00315,0.006,1,IDLE,disabled,0.000,0.000,deg/s,joint_states,-0.350,0.440,0.000,0.000,0.743,-0.154,-0.238,0.379,0.787,-11.714,17.424,,pan
assignment4_topicstop_20261008_194514,10.385,1791456330.270746,247,1791456330.181012,camera_color_optical_frame,1,0.3962,0.8081,0.00319,0.006,0,IDLE,disabled,0.000,0.000,deg/s,joint_states,-0.260,0.440,0.000,0.000,0.556,-0.121,-0.185,0.401,0.816,-12.265,17.969,,pan
assignment4_topicstop_20261008_194514,10.410,1791456330.298366,247,1791456330.181012,camera_color_optical_frame,1,0.3962,0.8081,0.00319,0.031,0,IDLE,disabled,0.000,0.000,deg/s,joint_states,-0.260,0.530,0.000,0.000,0.544,-0.119,-0.181,0.403,0.814,-12.304,18.015,,pan
assignment4_topicstop_20261008_194514,10.426,1791456330.311523,248,1791456330.214365,camera_color_optical_frame,1,0.3969,0.8082,0.00318,0.008,1,IDLE,disabled,0.000,0.000,deg/s,joint_states,-0.350,0.440,0.000,0.000,0.741,-0.157,-0.238,0.387,0.787,-11.947,17.403,,pan
assignment4_topicstop_20261008_194514,10.452,1791456330.338220,248,1791456330.214365,camera_color_optical_frame,1,0.3969,0.8082,0.00318,0.034,1,IDLE,disabled,0.000,0.000,deg/s,joint_states,-0.350,0.440,0.000,0.000,0.742,-0.157,-0.238,0.389,0.787,-11.981,17.398,,pan
assignment4_topicstop_20261008_194514,10.466,1791456330.352687,249,1791456330.247718,camera_color_optical_frame,1,0.3964,0.8078,0.00324,0.010,1,IDLE,disabled,0.000,0.000,deg/s,joint_states,-0.350,0.440,0.000,0.000,0.788,-0.162,-0.251,0.376,0.782,-11.606,17.320,,pan
assignment4_topicstop_20261008_194514,10.488,1791456330.374330,249,1791456330.247718,camera_color_optical_frame,1,0.3964,0.8078,0.00324,0.032,1,IDLE,disabled,0.000,0.000,deg/s,joint_states,-0.350,0.440,0.000,0.000,0.799,-0.164,-0.254,0.375,0.781,-11.584,17.299,,pan
assignment4_topicstop_20261008_194514,10.506,1791456330.391860,250,1791456330.281071,camera_color_optical_frame,1,0.3967,0.8084,0.00320,0.013,1,IDLE,disabled,0.000,0.000,deg/s,joint_states,-0.350,0.440,0.000,0.000,0.732,-0.152,-0.236,0.381,0.791,-11.750,17.497,,pan
assignment4_topicstop_20261008_194514,10.527,1791456330.412765,250,1791456330.281071,camera_color_optical_frame,1,0.3967,0.8084,0.00320,0.033,1,IDLE,disabled,0.000,0.000,deg/s,joint_states,-0.350,0.440,0.000,0.000,0.731,-0.152,-0.236,0.380,0.791,-11.742,17.505,,pan
assignment4_topicstop_20261008_194514,10.547,1791456330.434089,251,1791456330.314424,camera_color_optical_frame,1,0.3961,0.8081,0.00327,0.014,1,IDLE,disabled,0.000,0.000,deg/s,joint_states,-0.350,0.440,0.000,0.000,0.736,-0.153,-0.236,0.381,0.787,-11.771,17.420,,pan
assignment4_topicstop_20261008_194514,10.567,1791456330.454845,252,1791456330.347777,camera_color_optical_frame,1,0.3963,0.8078,0.00322,0.006,1,IDLE,disabled,0.000,0.000,deg/s,joint_states,-0.350,0.440,0.000,0.000,0.740,-0.155,-0.236,0.383,0.785,-11.817,17.364,,pan
assignment4_topicstop_20261008_194514,10.586,1791456330.471174,253,1791456330.381130,camera_color_optical_frame,1,0.3969,0.8084,0.00314,0.006,0,IDLE,disabled,0.000,0.000,deg/s,joint_states,-0.350,0.440,0.000,0.000,0.556,-0.121,-0.185,0.400,0.817,-12.299,17.985,,pan
assignment4_topicstop_20261008_194514,10.606,1791456330.494617,253,1791456330.381130,camera_color_optical_frame,1,0.3969,0.8084,0.00314,0.027,0,IDLE,disabled,0.000,0.000,deg/s,joint_states,-0.260,0.440,0.000,0.000,0.546,-0.119,-0.182,0.404,0.819,-12.335,18.025,,pan
assignment4_topicstop_20261008_194514,10.625,1791456330.510729,254,1791456330.414483,camera_color_optical_frame,1,0.3965,0.8072,0.00316,0.006,1,IDLE,disabled,0.000,0.000,deg/s,joint_states,-0.350,0.440,0.000,0.000,0.736,-0.154,-0.235,0.383,0.786,-11.816,17.384,,pan
assignment4_topicstop_20261008_194514,10.651,1791456330.538340,254,1791456330.414483,camera_color_optical_frame,1,0.3965,0.8072,0.00316,0.032,1,IDLE,disabled,0.000,0.000,deg/s,joint_states,-0.260,0.440,0.000,0.000,0.735,-0.154,-0.235,0.386,0.786,-11.818,17.379,,pan
assignment4_topicstop_20261008_194514,10.666,1791456330.551135,255,1791456330.447836,camera_color_optical_frame,1,0.3966,0.8077,0.00320,0.008,1,IDLE,disabled,0.000,0.000,deg/s,joint_states,-0.350,0.440,0.000,0.000,0.787,-0.163,-0.250,0.379,0.781,-11.713,17.304,,pan
assignment4_topicstop_20261008_194514,10.691,1791456330.576758,255,1791456330.447836,camera_color_optical_frame,1,0.3966,0.8077,0.00320,0.033,1,IDLE,disabled,0.000,0.000,deg/s,joint_states,-0.260,0.440,0.000,0.000,0.799,-0.165,-0.254,0.382,0.780,-11.692,17.279,,pan
assignment4_topicstop_20261008_194514,10.706,1791456330.591949,256,1791456330.481189,camera_color_optical_frame,1,0.3966,0.8080,0.00320,0.010,1,IDLE,disabled,0.000,0.000,deg/s,joint_states,-0.350,0.440,0.000,0.000,0.740,-0.154,-0.238,0.381,0.788,-11.758,17.446,,pan
assignment4_topicstop_20261008_194514,10.729,1791456330.615115,256,1791456330.481189,camera_color_optical_frame,1,0.3966,0.8080,0.00320,0.033,1,IDLE,disabled,0.000,0.000,deg/s,joint_states,-0.260,0.440,0.000,0.000,0.740,-0.154,-0.238,0.384,0.789,-11.752,17.452,,pan
assignment4_topicstop_20261008_194514,10.748,1791456330.633456,257,1791456330.514542,camera_color_optical_frame,1,0.3960,0.8080,0.00326,0.014,1,IDLE,disabled,0.000,0.000,deg/s,joint_states,-0.260,0.440,0.000,0.000,0.736,-0.151,-0.236,0.379,0.788,-11.622,17.432,,pan
assignment4_topicstop_20261008_194514,10.771,1791456330.655951,257,1791456330.514542,camera_color_optical_frame,1,0.3960,0.8080,0.00326,0.037,1,IDLE,disabled,0.000,0.000,deg/s,joint_states,-0.260,0.440,0.000,0.000,0.736,-0.151,-0.236,0.379,0.788,-11.599,17.434,,pan
assignment4_topicstop_20261008_194514,10.786,1791456330.672165,258,1791456330.547894,camera_color_optical_frame,1,0.3966,0.8096,0.00318,0.014,1,IDLE,disabled,0.000,0.000,deg/s,joint_states,-0.260,0.440,0.000,0.000,0.736,-0.151,-0.237,0.379,0.791,-11.614,17.510,,pan
assignment4_topicstop_20261008_194514,10.807,1791456330.692487,258,1791456330.547894,camera_color_optical_frame,1,0.3966,0.8096,0.00318,0.035,1,IDLE,disabled,0.000,0.000,deg/s,joint_states,-0.260,0.440,0.000,0.000,0.736,-0.151,-0.237,0.378,0.792,-11.595,17.520,,pan
assignment4_topicstop_20261008_194514,10.827,1791456330.713149,259,1791456330.581247,camera_color_optical_frame,1,0.3963,0.8084,0.00322,0.016,1,IDLE,disabled,0.000,0.000,deg/s,joint_states,-0.260,0.440,0.000,0.000,0.743,-0.155,-0.239,0.384,0.788,-11.743,17.442,,pan
assignment4_topicstop_20261008_194514,10.846,1791456330.731007,259,1791456330.581247,camera_color_optical_frame,1,0.3963,0.8084,0.00322,0.035,1,IDLE,disabled,0.000,0.000,deg/s,joint_states,-0.260,0.440,0.000,0.000,0.744,-0.155,-0.239,0.384,0.789,-11.744,17.444,,pan
assignment4_topicstop_20261008_194514,10.867,1791456330.753538,260,1791456330.614600,camera_color_optical_frame,1,0.3967,0.8078,0.00317,0.018,1,IDLE,disabled,0.000,0.000,deg/s,joint_states,-0.350,0.440,0.000,0.000,0.734,-0.154,-0.234,0.383,0.783,-11.828,17.337,,pan
assignment4_topicstop_20261008_194514,10.886,1791456330.771122,260,1791456330.614600,camera_color_optical_frame,1,0.3967,0.8078,0.00317,0.037,1,IDLE,disabled,0.000,0.000,deg/s,joint_states,-0.260,0.440,0.000,0.000,0.734,-0.154,-0.234,0.387,0.783,-11.838,17.327,,pan
assignment4_topicstop_20261008_194514,10.906,1791456330.793418,261,1791456330.647952,camera_color_optical_frame,1,0.3966,0.8084,0.00320,0.019,1,IDLE,disabled,0.000,0.000,deg/s,joint_states,-0.350,0.440,0.000,0.000,0.733,-0.152,-0.235,0.378,0.787,-11.682,17.428,,pan
assignment4_topicstop_20261008_194514,10.927,1791456330.811970,262,1791456330.681305,camera_color_optical_frame,1,0.3965,0.8074,0.00318,0.002,1,IDLE,disabled,0.000,0.000,deg/s,joint_states,-0.260,0.440,0.000,0.000,0.733,-0.151,-0.235,0.381,0.788,-11.676,17.428,,pan
assignment4_topicstop_20261008_194514,10.947,1791456330.834638,262,1791456330.681305,camera_color_optical_frame,1,0.3965,0.8074,0.00318,0.021,1,IDLE,disabled,0.000,0.000,deg/s,joint_states,-0.260,0.440,0.000,0.000,0.746,-0.154,-0.239,0.380,0.786,-11.627,17.394,,pan
assignment4_topicstop_20261008_194514,10.968,1791456330.853259,263,1791456330.714657,camera_color_optical_frame,1,0.3966,0.8080,0.00316,0.003,1,IDLE,disabled,0.000,0.000,deg/s,joint_states,-0.350,0.440,0.000,0.000,0.740,-0.155,-0.237,0.383,0.786,-11.829,17.402,,pan
assignment4_topicstop_20261008_194514,10.989,1791456330.877631,263,1791456330.714657,camera_color_optical_frame,1,0.3966,0.8080,0.00316,0.024,1,IDLE,disabled,0.000,0.000,deg/s,joint_states,-0.260,0.440,0.000,0.000,0.741,-0.155,-0.237,0.387,0.787,-11.840,17.399,,pan
assignment4_topicstop_20261008_194514,11.006,1791456330.892136,264,1791456330.748010,camera_color_optical_frame,1,0.3966,0.8077,0.00317,0.004,1,IDLE,disabled,0.000,0.000,deg/s,joint_states,-0.350,0.440,0.000,0.000,0.746,-0.155,-0.239,0.380,0.787,-11.742,17.424,,pan
assignment4_topicstop_20261008_194514,11.031,1791456330.917429,264,1791456330.748010,camera_color_optical_frame,1,0.3966,0.8077,0.00317,0.028,1,IDLE,disabled,0.000,0.000,deg/s,joint_states,-0.350,0.440,0.000,0.000,0.746,-0.155,-0.239,0.381,0.787,-11.745,17.426,,pan
assignment4_topicstop_20261008_194514,11.046,1791456330.933867,265,1791456330.781363,camera_color_optical_frame,1,0.3966,0.8084,0.00320,0.010,1,IDLE,disabled,0.000,0.000,deg/s,joint_states,-0.350,0.440,0.000,0.000,0.739,-0.153,-0.237,0.379,0.788,-11.715,17.447,,pan
assignment4_topicstop_20261008_194514,11.069,1791456330.955919,265,1791456330.781363,camera_color_optical_frame,1,0.3966,0.8084,0.00320,0.033,1,IDLE,disabled,0.000,0.000,deg/s,joint_states,-0.350,0.440,0.000,0.000,0.739,-0.153,-0.237,0.379,0.788,-11.710,17.450,,pan
assignment4_topicstop_20261008_194514,11.086,1791456330.971777,266,1791456330.814715,camera_color_optical_frame,1,0.3972,0.8086,0.00315,0.009,1,IDLE,disabled,0.000,0.000,deg/s,joint_states,-0.350,0.440,0.000,0.000,0.735,-0.155,-0.236,0.385,0.790,-11.886,17.474,,pan
assignment4_topicstop_20261008_194514,11.106,1791456330.995277,266,1791456330.814715,camera_color_optical_frame,1,0.3972,0.8086,0.00315,0.030,1,IDLE,disabled,0.000,0.000,deg/s,joint_states,-0.350,0.440,0.000,0.000,0.734,-0.155,-0.236,0.386,0.790,-11.901,17.480,,pan
assignment4_topicstop_20261008_194514,11.128,1791456331.013859,267,1791456330.848067,camera_color_optical_frame,1,0.3962,0.8082,0.00324,0.014,1,IDLE,disabled,0.000,0.000,deg/s,joint_states,-0.260,0.440,0.000,0.000,0.735,-0.151,-0.235,0.380,0.787,-11.632,17.413,,pan
assignment4_topicstop_20261008_194514,11.150,1791456331.035484,267,1791456330.848067,camera_color_optical_frame,1,0.3962,0.8082,0.00324,0.036,1,IDLE,disabled,0.000,0.000,deg/s,joint_states,-0.350,0.440,0.000,0.000,0.735,-0.151,-0.235,0.376,0.786,-11.622,17.412,,pan
assignment4_topicstop_20261008_194514,11.166,1791456331.052436,268,1791456330.881426,camera_color_optical_frame,1,0.3967,0.8080,0.00319,0.013,1,IDLE,disabled,0.000,0.000,deg/s,joint_states,-0.260,0.440,0.000,0.000,0.739,-0.156,-0.236,0.389,0.786,-11.914,17.389,,pan
assignment4_topicstop_20261008_194514,11.187,1791456331.072440,268,1791456330.881426,camera_color_optical_frame,1,0.3967,0.8080,0.00319,0.033,1,IDLE,disabled,0.000,0.000,deg/s,joint_states,-0.260,0.440,0.000,0.000,0.739,-0.156,-0.236,0.390,0.786,-11.926,17.385,,pan
assignment4_topicstop_20261008_194514,11.211,1791456331.097363,269,1791456330.914785,camera_color_optical_frame,1,0.3966,0.8073,0.00314,0.017,1,IDLE,disabled,0.000,0.000,deg/s,joint_states,-0.350,0.440,0.000,0.000,0.737,-0.158,-0.235,0.392,0.785,-12.081,17.357,,pan
assignment4_topicstop_20261008_194514,11.226,1791456331.111290,269,1791456330.914785,camera_color_optical_frame,1,0.3966,0.8073,0.00314,0.032,1,IDLE,disabled,0.000,0.000,deg/s,joint_states,-0.350,0.440,0.000,0.000,0.737,-0.158,-0.235,0.393,0.785,-12.103,17.353,,pan
assignment4_topicstop_20261008_194514,11.245,1791456331.132565,270,1791456330.948143,camera_color_optical_frame,1,0.3972,0.8077,0.00311,0.016,1,IDLE,disabled,0.000,0.000,deg/s,joint_states,-0.260,0.440,0.000,0.000,0.739,-0.155,-0.237,0.388,0.786,-11.869,17.395,,pan
assignment4_topicstop_20261008_194514,11.265,1791456331.151236,270,1791456330.948143,camera_color_optical_frame,1,0.3972,0.8077,0.00311,0.036,1,IDLE,disabled,0.000,0.000,deg/s,joint_states,-0.260,0.440,0.000,0.000,0.739,-0.155,-0.237,0.388,0.786,-11.874,17.393,,pan
assignment4_topicstop_20261008_194514,11.288,1791456331.177038,271,1791456330.981502,camera_color_optical_frame,1,0.3964,0.8084,0.00322,0.019,1,IDLE,disabled,0.000,0.000,deg/s,joint_states,-0.260,0.440,0.000,0.000,0.746,-0.152,-0.240,0.376,0.790,-11.535,17.491,,pan
assignment4_topicstop_20261008_194514,11.308,1791456331.196431,272,1791456331.014861,camera_color_optical_frame,1,0.3967,0.8072,0.00318,0.005,1,IDLE,disabled,0.000,0.000,deg/s,joint_states,-0.350,0.440,0.000,0.000,0.736,-0.152,-0.235,0.378,0.785,-11.661,17.374,,pan
assignment4_topicstop_20261008_194514,11.329,1791456331.215561,272,1791456331.014861,camera_color_optical_frame,1,0.3967,0.8072,0.00318,0.026,1,IDLE,disabled,0.000,0.000,deg/s,joint_states,-0.350,0.440,0.000,0.000,0.736,-0.152,-0.235,0.377,0.784,-11.647,17.370,,pan
assignment4_topicstop_20261008_194514,11.347,1791456331.233346,273,1791456331.048220,camera_color_optical_frame,1,0.3964,0.8078,0.00319,0.010,1,IDLE,disabled,0.000,0.000,deg/s,joint_states,-0.350,0.440,0.000,0.000,0.743,-0.158,-0.238,0.389,0.786,-11.982,17.384,,pan
assignment4_topicstop_20261008_194514,11.368,1791456331.253468,273,1791456331.048220,camera_color_optical_frame,1,0.3964,0.8078,0.00319,0.031,1,IDLE,disabled,0.000,0.000,deg/s,joint_states,-0.350,0.440,0.000,0.000,0.743,-0.158,-0.238,0.389,0.786,-12.003,17.380,,pan
assignment4_topicstop_20261008_194514,11.386,1791456331.272912,274,1791456331.081578,camera_color_optical_frame,1,0.3964,0.8088,0.00320,0.013,1,IDLE,disabled,0.000,0.000,deg/s,joint_states,-0.350,0.440,0.000,0.000,0.731,-0.150,-0.236,0.376,0.792,-11.617,17.534,,pan
assignment4_topicstop_20261008_194514,11.408,1791456331.293997,275,1791456331.114938,camera_color_optical_frame,1,0.3964,0.8080,0.00319,0.003,1,IDLE,disabled,0.000,0.000,deg/s,joint_states,-0.260,0.440,0.000,0.000,0.730,-0.150,-0.236,0.379,0.793,-11.602,17.545,,pan
assignment4_topicstop_20261008_194514,11.426,1791456331.315338,275,1791456331.114938,camera_color_optical_frame,1,0.3964,0.8080,0.00319,0.021,1,IDLE,disabled,0.000,0.000,deg/s,joint_states,-0.350,0.440,0.000,0.000,0.729,-0.148,-0.234,0.371,0.787,-11.457,17.425,,pan
assignment4_topicstop_20261008_194514,11.446,1791456331.332181,276,1791456331.148296,camera_color_optical_frame,1,0.3971,0.8072,0.00315,0.003,1,IDLE,disabled,0.000,0.000,deg/s,joint_states,-0.350,0.440,0.000,0.000,0.737,-0.153,-0.235,0.381,0.782,-11.760,17.312,,pan
assignment4_topicstop_20261008_194514,11.470,1791456331.358977,276,1791456331.148296,camera_color_optical_frame,1,0.3971,0.8072,0.00315,0.027,1,IDLE,disabled,0.000,0.000,deg/s,joint_states,-0.350,0.440,0.000,0.000,0.737,-0.153,-0.234,0.381,0.781,-11.762,17.300,,pan
assignment4_topicstop_20261008_194514,11.486,1791456331.374298,277,1791456331.181655,camera_color_optical_frame,1,0.3965,0.8072,0.00315,0.008,1,IDLE,disabled,0.000,0.000,deg/s,joint_states,-0.350,0.440,0.000,0.000,0.741,-0.155,-0.237,0.383,0.784,-11.821,17.363,,pan
assignment4_topicstop_20261008_194514,11.510,1791456331.396943,277,1791456331.181655,camera_color_optical_frame,1,0.3965,0.8072,0.00315,0.032,1,IDLE,disabled,0.000,0.000,deg/s,joint_states,-0.350,0.440,0.000,0.000,0.741,-0.155,-0.237,0.383,0.784,-11.830,17.357,,pan
assignment4_topicstop_20261008_194514,11.527,1791456331.414333,278,1791456331.215014,camera_color_optical_frame,1,0.3967,0.8074,0.00319,0.012,1,IDLE,disabled,0.000,0.000,deg/s,joint_states,-0.260,0.440,0.000,0.000,0.740,-0.156,-0.237,0.388,0.788,-11.887,17.421,,pan
assignment4_topicstop_20261008_194514,11.549,1791456331.435110,278,1791456331.215014,camera_color_optical_frame,1,0.3967,0.8074,0.00319,0.034,1,IDLE,disabled,0.000,0.000,deg/s,joint_states,-0.260,0.440,0.000,0.000,0.740,-0.156,-0.237,0.389,0.788,-11.898,17.422,,pan
assignment4_topicstop_20261008_194514,11.566,1791456331.452638,279,1791456331.248372,camera_color_optical_frame,1,0.3968,0.8089,0.00315,0.013,1,IDLE,disabled,0.000,0.000,deg/s,joint_states,-0.260,0.440,0.000,0.000,0.738,-0.157,-0.238,0.393,0.794,-12.020,17.538,,pan
assignment4_topicstop_20261008_194514,11.588,1791456331.474060,279,1791456331.248372,camera_color_optical_frame,1,0.3968,0.8089,0.00315,0.035,1,IDLE,disabled,0.000,0.000,deg/s,joint_states,-0.260,0.440,0.000,0.000,0.738,-0.157,-0.239,0.394,0.795,-12.043,17.549,,pan
assignment4_topicstop_20261008_194514,11.608,1791456331.494129,280,1791456331.281731,camera_color_optical_frame,1,0.3969,0.8076,0.00313,0.015,1,IDLE,disabled,0.000,0.000,deg/s,joint_states,-0.350,0.440,0.000,0.000,0.750,-0.157,-0.240,0.384,0.787,-11.855,17.418,,pan
assignment4_topicstop_20261008_194514,11.627,1791456331.512539,280,1791456331.281731,camera_color_optical_frame,1,0.3969,0.8076,0.00313,0.035,1,IDLE,disabled,0.000,0.000,deg/s,joint_states,-0.350,0.440,0.000,0.000,0.750,-0.158,-0.241,0.384,0.787,-11.860,17.419,,pan
assignment4_topicstop_20261008_194514,11.646,1791456331.532783,281,1791456331.315090,camera_color_optical_frame,1,0.3968,0.8078,0.00317,0.014,1,IDLE,disabled,0.000,0.000,deg/s,joint_states,-0.350,0.440,0.000,0.000,0.734,-0.155,-0.235,0.386,0.788,-11.897,17.428,,pan
assignment4_topicstop_20261008_194514,11.666,1791456331.552384,281,1791456331.315090,camera_color_optical_frame,1,0.3968,0.8078,0.00317,0.033,1,IDLE,disabled,0.000,0.000,deg/s,joint_states,-0.260,0.440,0.000,0.000,0.734,-0.155,-0.235,0.389,0.788,-11.904,17.429,,pan
assignment4_topicstop_20261008_194514,11.690,1791456331.579244,282,1791456331.348449,camera_color_optical_frame,1,0.3963,0.8076,0.00321,0.019,1,IDLE,disabled,0.000,0.000,deg/s,joint_states,-0.260,0.440,0.000,0.000,0.736,-0.153,-0.236,0.385,0.787,-11.778,17.419,,pan
assignment4_topicstop_20261008_194514,11.706,1791456331.593414,283,1791456331.381808,camera_color_optical_frame,1,0.3965,0.8083,0.00320,0.007,1,IDLE,disabled,0.000,0.000,deg/s,joint_states,-0.260,0.440,0.000,0.000,0.745,-0.151,-0.239,0.372,0.789,-11.419,17.464,,pan
assignment4_topicstop_20261008_194514,11.728,1791456331.616241,283,1791456331.381808,camera_color_optical_frame,1,0.3965,0.8083,0.00320,0.029,1,IDLE,disabled,0.000,0.000,deg/s,joint_states,-0.260,0.440,0.000,0.000,0.746,-0.150,-0.240,0.371,0.789,-11.388,17.468,,pan
assignment4_topicstop_20261008_194514,11.745,1791456331.634132,284,1791456331.448525,camera_color_optical_frame,1,0.3964,0.8089,0.00320,0.009,1,IDLE,disabled,0.000,0.000,deg/s,joint_states,-0.260,0.440,0.000,0.000,0.738,-0.153,-0.237,0.383,0.790,-11.725,17.469,,pan
assignment4_topicstop_20261008_194514,11.766,1791456331.653188,284,1791456331.448525,camera_color_optical_frame,1,0.3964,0.8089,0.00320,0.030,1,IDLE,disabled,0.000,0.000,deg/s,joint_states,-0.260,0.440,0.000,0.000,0.738,-0.153,-0.237,0.383,0.790,-11.725,17.473,,pan
assignment4_topicstop_20261008_194514,11.787,1791456331.673326,285,1791456331.481884,camera_color_optical_frame,1,0.3968,0.8086,0.00319,0.013,1,IDLE,disabled,0.000,0.000,deg/s,joint_states,-0.260,0.440,0.000,0.000,0.738,-0.154,-0.237,0.384,0.788,-11.754,17.431,,pan
assignment4_topicstop_20261008_194514,11.809,1791456331.694516,285,1791456331.481884,camera_color_optical_frame,1,0.3968,0.8086,0.00319,0.034,1,IDLE,disabled,0.000,0.000,deg/s,joint_states,-0.350,0.440,0.000,0.000,0.738,-0.154,-0.237,0.381,0.788,-11.754,17.431,,pan
assignment4_topicstop_20261008_194514,11.825,1791456331.713687,286,1791456331.515243,camera_color_optical_frame,1,0.3966,0.8084,0.00318,0.012,1,IDLE,disabled,0.000,0.000,deg/s,joint_states,-0.260,0.440,0.000,0.000,0.742,-0.157,-0.238,0.390,0.787,-11.927,17.395,,pan
assignment4_topicstop_20261008_194514,11.846,1791456331.731525,286,1791456331.515243,camera_color_optical_frame,1,0.3966,0.8084,0.00318,0.033,1,IDLE,disabled,0.000,0.000,deg/s,joint_states,-0.260,0.440,0.000,0.000,0.742,-0.157,-0.238,0.390,0.787,-11.943,17.392,,pan
assignment4_topicstop_20261008_194514,11.867,1791456331.756493,287,1791456331.548601,camera_color_optical_frame,1,0.3966,0.8087,0.00318,0.019,1,IDLE,disabled,0.000,0.000,deg/s,joint_states,-0.260,0.440,0.000,0.000,0.730,-0.155,-0.234,0.391,0.789,-11.965,17.438,,pan
assignment4_topicstop_20261008_194514,11.886,1791456331.772153,287,1791456331.548601,camera_color_optical_frame,1,0.3966,0.8087,0.00318,0.038,1,IDLE,disabled,0.000,0.000,deg/s,joint_states,-0.350,0.440,0.000,0.000,0.729,-0.155,-0.234,0.389,0.789,-11.981,17.439,,pan
assignment4_topicstop_20261008_194514,11.909,1791456331.798067,288,1791456331.581960,camera_color_optical_frame,1,0.3968,0.8082,0.00313,0.020,1,IDLE,disabled,0.000,0.000,deg/s,joint_states,-0.350,0.440,0.000,0.000,0.736,-0.151,-0.236,0.375,0.786,-11.575,17.411,,pan
assignment4_topicstop_20261008_194514,11.927,1791456331.814442,289,1791456331.615319,camera_color_optical_frame,1,0.3964,0.8079,0.00320,0.003,1,IDLE,disabled,0.000,0.000,deg/s,joint_states,-0.260,0.440,0.000,0.000,0.736,-0.150,-0.235,0.377,0.786,-11.562,17.410,,pan
assignment4_topicstop_20261008_194514,11.948,1791456331.836020,289,1791456331.615319,camera_color_optical_frame,1,0.3964,0.8079,0.00320,0.023,1,IDLE,disabled,0.000,0.000,deg/s,joint_states,-0.260,0.440,0.000,0.000,0.733,-0.150,-0.234,0.378,0.784,-11.581,17.371,,pan
assignment4_topicstop_20261008_194514,11.967,1791456331.853669,290,1791456331.648677,camera_color_optical_frame,1,0.3967,0.8080,0.00321,0.011,1,IDLE,disabled,0.000,0.000,deg/s,joint_states,-0.260,0.440,0.000,0.000,0.738,-0.154,-0.236,0.384,0.787,-11.745,17.408,,pan
assignment4_topicstop_20261008_194514,11.987,1791456331.874477,290,1791456331.648677,camera_color_optical_frame,1,0.3967,0.8080,0.00321,0.032,1,IDLE,disabled,0.000,0.000,deg/s,joint_states,-0.260,0.440,0.000,0.000,0.738,-0.154,-0.236,0.384,0.787,-11.746,17.407,,pan
assignment4_topicstop_20261008_194514,12.007,1791456331.894058,291,1791456331.682036,camera_color_optical_frame,1,0.3961,0.8077,0.00320,0.013,1,IDLE,disabled,0.000,0.000,deg/s,joint_states,-0.260,0.440,0.000,0.000,0.740,-0.153,-0.237,0.381,0.786,-11.668,17.397,,pan
assignment4_topicstop_20261008_194514,12.028,1791456331.914259,291,1791456331.682036,camera_color_optical_frame,1,0.3961,0.8077,0.00320,0.034,1,IDLE,disabled,0.000,0.000,deg/s,joint_states,-0.260,0.440,0.000,0.000,0.740,-0.153,-0.237,0.381,0.786,-11.662,17.395,,pan
assignment4_topicstop_20261008_194514,12.047,1791456331.933027,292,1791456331.715395,camera_color_optical_frame,1,0.3963,0.8070,0.00317,0.014,1,IDLE,disabled,0.000,0.000,deg/s,joint_states,-0.350,0.440,0.000,0.000,0.734,-0.151,-0.234,0.377,0.782,-11.651,17.330,,pan
assignment4_topicstop_20261008_194514,12.066,1791456331.951153,292,1791456331.715395,camera_color_optical_frame,1,0.3963,0.8070,0.00317,0.033,1,IDLE,disabled,0.000,0.000,deg/s,joint_states,-0.350,0.440,0.000,0.000,0.734,-0.151,-0.234,0.377,0.782,-11.646,17.324,,pan
assignment4_topicstop_20261008_194514,12.086,1791456331.973539,293,1791456331.748754,camera_color_optical_frame,1,0.3963,0.8089,0.00323,0.015,1,IDLE,disabled,0.000,0.000,deg/s,joint_states,-0.350,0.440,0.000,0.000,0.744,-0.159,-0.240,0.390,0.793,-12.035,17.520,,pan
assignment4_topicstop_20261008_194514,12.106,1791456331.992513,293,1791456331.748754,camera_color_optical_frame,1,0.3963,0.8089,0.00323,0.036,1,IDLE,disabled,0.000,0.000,deg/s,joint_states,-0.350,0.440,0.000,0.000,0.745,-0.159,-0.241,0.391,0.793,-12.056,17.528,,pan
assignment4_topicstop_20261008_194514,12.131,1791456332.018400,295,1791456331.848827,camera_color_optical_frame,1,0.3967,0.8073,0.00316,0.007,0,IDLE,disabled,0.000,0.000,deg/s,joint_states,-0.350,0.440,0.000,0.000,0.598,-0.129,-0.196,0.396,0.807,-12.207,17.802,,pan
assignment4_topicstop_20261008_194514,12.148,1791456332.035936,296,1791456331.882183,camera_color_optical_frame,1,0.3962,0.8078,0.00322,0.008,0,IDLE,disabled,0.000,0.000,deg/s,joint_states,-0.350,0.440,0.000,0.000,0.526,-0.116,-0.176,0.405,0.820,-12.461,18.051,,pan
assignment4_topicstop_20261008_194514,12.166,1791456332.054008,297,1791456331.948895,camera_color_optical_frame,1,0.3962,0.8073,0.00320,0.008,0,IDLE,disabled,0.000,0.000,deg/s,joint_states,-0.260,0.440,0.000,0.000,0.598,-0.130,-0.196,0.401,0.807,-12.244,17.787,,pan
assignment4_topicstop_20261008_194514,12.185,1791456332.071176,298,1791456331.982251,camera_color_optical_frame,1,0.3965,0.8099,0.00320,0.012,0,IDLE,disabled,0.000,0.000,deg/s,joint_states,-0.260,0.440,0.000,0.000,0.598,-0.129,-0.197,0.400,0.810,-12.212,17.856,,pan
assignment4_topicstop_20261008_194514,12.209,1791456332.097772,298,1791456331.982251,camera_color_optical_frame,1,0.3965,0.8099,0.00320,0.035,0,IDLE,disabled,0.000,0.000,deg/s,joint_states,-0.260,0.440,0.000,0.000,0.598,-0.129,-0.197,0.400,0.810,-12.212,17.856,,pan
assignment4_topicstop_20261008_194514,12.226,1791456332.111936,299,1791456332.015606,camera_color_optical_frame,1,0.3963,0.8086,0.00322,0.008,1,IDLE,disabled,0.000,0.000,deg/s,joint_states,-0.260,0.440,0.000,0.000,0.785,-0.161,-0.250,0.379,0.783,-11.596,17.342,,pan
assignment4_topicstop_20261008_194514,12.249,1791456332.135188,299,1791456332.015606,camera_color_optical_frame,1,0.3963,0.8086,0.00322,0.032,1,IDLE,disabled,0.000,0.000,deg/s,joint_states,-0.260,0.440,0.000,0.000,0.796,-0.163,-0.254,0.378,0.782,-11.569,17.321,,pan
assignment4_topicstop_20261008_194514,12.267,1791456332.152321,300,1791456332.048962,camera_color_optical_frame,1,0.3969,0.8081,0.00318,0.011,1,IDLE,disabled,0.000,0.000,deg/s,joint_states,-0.350,0.440,0.000,0.000,0.789,-0.162,-0.251,0.376,0.781,-11.607,17.308,,pan
assignment4_topicstop_20261008_194514,12.286,1791456332.171773,300,1791456332.048962,camera_color_optical_frame,1,0.3969,0.8081,0.00318,0.031,1,IDLE,disabled,0.000,0.000,deg/s,joint_states,-0.350,0.440,0.000,0.000,0.798,-0.164,-0.254,0.375,0.780,-11.586,17.289,,pan
assignment4_topicstop_20261008_194514,12.306,1791456332.193244,301,1791456332.082318,camera_color_optical_frame,1,0.3969,0.8073,0.00316,0.015,1,IDLE,disabled,0.000,0.000,deg/s,joint_states,-0.260,0.440,0.000,0.000,0.738,-0.154,-0.236,0.384,0.784,-11.756,17.362,,pan
assignment4_topicstop_20261008_194514,12.325,1791456332.210598,301,1791456332.082318,camera_color_optical_frame,1,0.3969,0.8073,0.00316,0.034,1,IDLE,disabled,0.000,0.000,deg/s,joint_states,-0.350,0.440,0.000,0.000,0.738,-0.154,-0.235,0.381,0.784,-11.761,17.354,,pan
assignment4_topicstop_20261008_194514,12.346,1791456332.231955,303,1791456332.149030,camera_color_optical_frame,1,0.3959,0.8078,0.00322,0.005,0,IDLE,disabled,0.000,0.000,deg/s,joint_states,-0.350,0.440,0.000,0.000,0.559,-0.121,-0.185,0.397,0.815,-12.237,17.953,,pan
assignment4_topicstop_20261008_194514,12.368,1791456332.260076,303,1791456332.149030,camera_color_optical_frame,1,0.3959,0.8078,0.00322,0.027,0,IDLE,disabled,0.000,0.000,deg/s,joint_states,-0.260,0.440,0.000,0.000,0.549,-0.119,-0.182,0.402,0.817,-12.276,17.993,,pan
assignment4_topicstop_20261008_194514,12.386,1791456332.271317,303,1791456332.149030,camera_color_optical_frame,1,0.3959,0.8078,0.00322,0.045,0,IDLE,disabled,0.000,0.000,deg/s,joint_states,-0.350,0.440,0.000,0.000,0.541,-0.118,-0.180,0.400,0.819,-12.309,18.027,,pan
assignment4_topicstop_20261008_194514,12.406,1791456332.295369,304,1791456332.182385,camera_color_optical_frame,1,0.3965,0.8078,0.00318,0.017,1,IDLE,disabled,0.000,0.000,deg/s,joint_states,-0.350,0.440,0.000,0.000,0.739,-0.154,-0.237,0.381,0.788,-11.768,17.431,,pan
assignment4_topicstop_20261008_194514,12.426,1791456332.311050,305,1791456332.215741,camera_color_optical_frame,1,0.3972,0.8081,0.00312,0.004,1,IDLE,disabled,0.000,0.000,deg/s,joint_states,-0.350,0.440,0.000,0.000,0.781,-0.162,-0.249,0.379,0.782,-11.714,17.322,,pan
assignment4_topicstop_20261008_194514,12.449,1791456332.338339,305,1791456332.215741,camera_color_optical_frame,1,0.3972,0.8081,0.00312,0.027,1,IDLE,disabled,0.000,0.000,deg/s,joint_states,-0.260,0.440,0.000,0.000,0.792,-0.164,-0.252,0.382,0.781,-11.697,17.299,,pan
assignment4_topicstop_20261008_194514,12.466,1791456332.356290,306,1791456332.249097,camera_color_optical_frame,1,0.3969,0.8078,0.00316,0.007,1,IDLE,disabled,0.000,0.000,deg/s,joint_states,-0.350,0.440,0.000,0.000,0.740,-0.155,-0.237,0.385,0.787,-11.864,17.415,,pan
assignment4_topicstop_20261008_194514,12.488,1791456332.374355,306,1791456332.249097,camera_color_optical_frame,1,0.3969,0.8078,0.00316,0.029,1,IDLE,disabled,0.000,0.000,deg/s,joint_states,-0.260,0.440,0.000,0.000,0.740,-0.156,-0.237,0.388,0.787,-11.874,17.416,,pan
assignment4_topicstop_20261008_194514,12.510,1791456332.396417,307,1791456332.282453,camera_color_optical_frame,1,0.3963,0.8086,0.00320,0.017,1,IDLE,disabled,0.000,0.000,deg/s,joint_states,-0.260,0.440,0.000,0.000,0.744,-0.156,-0.239,0.386,0.789,-11.825,17.454,,pan
assignment4_topicstop_20261008_194514,12.526,1791456332.413054,308,1791456332.315808,camera_color_optical_frame,1,0.3969,0.8089,0.00314,0.013,0,IDLE,disabled,0.000,0.000,deg/s,joint_states,-0.350,0.440,0.000,0.000,0.553,-0.121,-0.184,0.400,0.818,-12.321,18.009,,pan
assignment4_topicstop_20261008_194514,12.550,1791456332.436133,308,1791456332.315808,camera_color_optical_frame,1,0.3969,0.8089,0.00314,0.037,0,IDLE,disabled,0.000,0.000,deg/s,joint_states,-0.260,0.440,0.000,0.000,0.542,-0.119,-0.181,0.405,0.821,-12.364,18.059,,pan
assignment4_topicstop_20261008_194514,12.566,1791456332.453365,309,1791456332.349164,camera_color_optical_frame,1,0.3966,0.8075,0.00317,0.012,1,IDLE,disabled,0.000,0.000,deg/s,joint_states,-0.260,0.440,0.000,0.000,0.737,-0.151,-0.236,0.379,0.785,-11.597,17.374,,pan
assignment4_topicstop_20261008_194514,12.587,1791456332.473521,309,1791456332.349164,camera_color_optical_frame,1,0.3966,0.8075,0.00317,0.033,1,IDLE,disabled,0.000,0.000,deg/s,joint_states,-0.260,0.440,0.000,0.000,0.737,-0.151,-0.235,0.378,0.784,-11.572,17.367,,pan
assignment4_topicstop_20261008_194514,12.607,1791456332.493232,310,1791456332.382520,camera_color_optical_frame,1,0.3965,0.8082,0.00318,0.013,1,IDLE,disabled,0.000,0.000,deg/s,joint_states,-0.350,0.440,0.000,0.000,0.789,-0.163,-0.251,0.379,0.781,-11.686,17.308,,pan
assignment4_topicstop_20261008_194514,12.628,1791456332.513951,310,1791456332.382520,camera_color_optical_frame,1,0.3965,0.8082,0.00318,0.035,1,IDLE,disabled,0.000,0.000,deg/s,joint_states,-0.350,0.440,0.000,0.000,0.799,-0.165,-0.254,0.378,0.780,-11.667,17.287,,pan
assignment4_topicstop_20261008_194514,12.646,1791456332.532067,311,1791456332.415876,camera_color_optical_frame,1,0.3965,0.8087,0.00318,0.013,1,IDLE,disabled,0.000,0.000,deg/s,joint_states,-0.260,0.440,0.000,0.000,0.736,-0.153,-0.237,0.383,0.790,-11.714,17.475,,pan
assignment4_topicstop_20261008_194514,12.666,1791456332.554394,311,1791456332.415876,camera_color_optical_frame,1,0.3965,0.8087,0.00318,0.032,1,IDLE,disabled,0.000,0.000,deg/s,joint_states,-0.260,0.440,0.000,0.000,0.736,-0.152,-0.237,0.383,0.790,-11.714,17.482,,pan
assignment4_topicstop_20261008_194514,12.686,1791456332.573657,312,1791456332.449231,camera_color_optical_frame,1,0.3970,0.8079,0.00313,0.013,1,IDLE,disabled,0.000,0.000,deg/s,joint_states,-0.260,0.440,0.000,0.000,0.731,-0.151,-0.237,0.381,0.797,-11.667,17.625,,pan
assignment4_topicstop_20261008_194514,12.706,1791456332.592192,312,1791456332.449231,camera_color_optical_frame,1,0.3970,0.8079,0.00313,0.032,1,IDLE,disabled,0.000,0.000,deg/s,joint_states,-0.260,0.440,0.000,0.000,0.731,-0.151,-0.237,0.380,0.798,-11.653,17.646,,pan
assignment4_topicstop_20261008_194514,12.728,1791456332.615051,313,1791456332.482587,camera_color_optical_frame,1,0.3968,0.8086,0.00319,0.019,1,IDLE,disabled,0.000,0.000,deg/s,joint_states,-0.260,0.440,0.000,0.000,0.734,-0.156,-0.235,0.393,0.788,-12.007,17.426,,pan
assignment4_topicstop_20261008_194514,12.748,1791456332.633908,313,1791456332.482587,camera_color_optical_frame,1,0.3968,0.8086,0.00319,0.040,1,IDLE,disabled,0.000,0.000,deg/s,joint_states,-0.350,0.440,0.000,0.000,0.733,-0.156,-0.235,0.391,0.788,-12.036,17.425,,pan
assignment4_topicstop_20261008_194514,12.769,1791456332.655154,315,1791456332.549298,camera_color_optical_frame,1,0.3962,0.8090,0.00320,0.005,0,IDLE,disabled,0.000,0.000,deg/s,joint_states,-0.260,0.440,0.000,0.000,0.549,-0.119,-0.183,0.401,0.819,-12.253,18.031,,pan
assignment4_topicstop_20261008_194514,12.787,1791456332.673650,315,1791456332.549298,camera_color_optical_frame,1,0.3962,0.8090,0.00320,0.023,0,IDLE,disabled,0.000,0.000,deg/s,joint_states,-0.260,0.440,0.000,0.000,0.540,-0.118,-0.180,0.402,0.821,-12.281,18.069,,pan
assignment4_topicstop_20261008_194514,12.806,1791456332.692171,316,1791456332.582654,camera_color_optical_frame,1,0.3966,0.8077,0.00318,0.013,1,IDLE,disabled,0.000,0.000,deg/s,joint_states,-0.350,0.440,0.000,0.000,0.742,-0.154,-0.237,0.380,0.786,-11.726,17.396,,pan
assignment4_topicstop_20261008_194514,12.827,1791456332.713369,316,1791456332.582654,camera_color_optical_frame,1,0.3966,0.8077,0.00318,0.034,1,IDLE,disabled,0.000,0.000,deg/s,joint_states,-0.260,0.440,0.000,0.000,0.742,-0.154,-0.237,0.383,0.786,-11.727,17.393,,pan
assignment4_topicstop_20261008_194514,12.847,1791456332.734046,317,1791456332.616009,camera_color_optical_frame,1,0.3965,0.8075,0.00319,0.013,1,IDLE,disabled,0.000,0.000,deg/s,joint_states,-0.260,0.440,0.000,0.000,0.791,-0.163,-0.251,0.381,0.780,-11.666,17.280,,pan
assignment4_topicstop_20261008_194514,12.867,1791456332.752501,317,1791456332.616009,camera_color_optical_frame,1,0.3965,0.8075,0.00319,0.033,1,IDLE,disabled,0.000,0.000,deg/s,joint_states,-0.260,0.440,0.000,0.000,0.800,-0.165,-0.254,0.380,0.779,-11.650,17.260,,pan
assignment4_topicstop_20261008_194514,12.889,1791456332.776332,318,1791456332.649365,camera_color_optical_frame,1,0.3961,0.8074,0.00321,0.019,1,IDLE,disabled,0.000,0.000,deg/s,joint_states,-0.260,0.440,0.000,0.000,0.741,-0.154,-0.237,0.382,0.786,-11.705,17.395,,pan
assignment4_topicstop_20261008_194514,12.909,1791456332.797859,318,1791456332.649365,camera_color_optical_frame,1,0.3961,0.8074,0.00321,0.038,1,IDLE,disabled,0.000,0.000,deg/s,joint_states,-0.350,0.440,0.000,0.000,0.742,-0.154,-0.237,0.379,0.786,-11.703,17.393,,pan
assignment4_topicstop_20261008_194514,12.927,1791456332.813453,319,1791456332.682721,camera_color_optical_frame,1,0.3965,0.8075,0.00317,0.013,1,IDLE,disabled,0.000,0.000,deg/s,joint_states,-0.350,0.440,0.000,0.000,0.740,-0.153,-0.237,0.378,0.786,-11.678,17.408,,pan
assignment4_topicstop_20261008_194514,12.948,1791456332.835516,320,1791456332.716076,camera_color_optical_frame,1,0.3965,0.8078,0.00321,0.012,1,IDLE,disabled,0.000,0.000,deg/s,joint_states,-0.350,0.440,0.000,0.000,0.737,-0.153,-0.236,0.380,0.788,-11.723,17.431,,pan
assignment4_topicstop_20261008_194514,12.969,1791456332.857554,321,1791456332.749431,camera_color_optical_frame,1,0.3965,0.8074,0.00322,0.005,1,IDLE,disabled,0.000,0.000,deg/s,joint_states,-0.350,0.440,0.000,0.000,0.745,-0.155,-0.239,0.380,0.786,-11.725,17.404,,pan
assignment4_topicstop_20261008_194514,12.986,1791456332.872191,321,1791456332.749431,camera_color_optical_frame,1,0.3965,0.8074,0.00322,0.022,1,IDLE,disabled,0.000,0.000,deg/s,joint_states,-0.350,0.440,0.000,0.000,0.746,-0.155,-0.239,0.380,0.786,-11.724,17.404,,pan
assignment4_topicstop_20261008_194514,13.006,1791456332.894680,322,1791456332.782787,camera_color_optical_frame,1,0.3966,0.8084,0.00318,0.016,0,IDLE,disabled,0.000,0.000,deg/s,joint_states,-0.350,0.440,0.000,0.000,0.546,-0.121,-0.182,0.405,0.819,-12.458,18.025,,pan
assignment4_topicstop_20261008_194514,13.027,1791456332.914099,323,1791456332.816143,camera_color_optical_frame,1,0.3969,0.8078,0.00315,0.008,1,IDLE,disabled,0.000,0.000,deg/s,joint_states,-0.260,0.440,0.000,0.000,0.728,-0.154,-0.234,0.391,0.788,-11.948,17.426,,pan
assignment4_topicstop_20261008_194514,13.046,1791456332.932085,323,1791456332.816143,camera_color_optical_frame,1,0.3969,0.8078,0.00315,0.027,1,IDLE,disabled,0.000,0.000,deg/s,joint_states,-0.260,0.440,0.000,0.000,0.726,-0.154,-0.233,0.391,0.788,-11.973,17.428,,pan
assignment4_topicstop_20261008_194514,13.067,1791456332.953743,324,1791456332.849501,camera_color_optical_frame,1,0.3964,0.8083,0.00320,0.011,1,IDLE,disabled,0.000,0.000,deg/s,joint_states,-0.350,0.440,0.000,0.000,0.788,-0.163,-0.251,0.379,0.782,-11.686,17.320,,pan
assignment4_topicstop_20261008_194514,13.087,1791456332.972479,324,1791456332.849501,camera_color_optical_frame,1,0.3964,0.8083,0.00320,0.031,1,IDLE,disabled,0.000,0.000,deg/s,joint_states,-0.260,0.440,0.000,0.000,0.797,-0.165,-0.253,0.381,0.781,-11.666,17.302,,pan
assignment4_topicstop_20261008_194514,13.107,1791456333.000455,325,1791456332.882859,camera_color_optical_frame,1,0.3964,0.8075,0.00323,0.018,1,IDLE,disabled,0.000,0.000,deg/s,joint_states,-0.350,0.440,0.000,0.000,0.749,-0.153,-0.240,0.374,0.786,-11.551,17.400,,pan
assignment4_topicstop_20261008_194514,13.129,1791456333.015888,326,1791456332.916218,camera_color_optical_frame,1,0.3966,0.8064,0.00319,0.005,1,IDLE,disabled,0.000,0.000,deg/s,joint_states,-0.350,0.440,0.000,0.000,0.737,-0.154,-0.235,0.384,0.783,-11.836,17.329,,pan
assignment4_topicstop_20261008_194514,13.149,1791456333.034769,326,1791456332.916218,camera_color_optical_frame,1,0.3966,0.8064,0.00319,0.026,1,IDLE,disabled,0.000,0.000,deg/s,joint_states,-0.350,0.440,0.000,0.000,0.736,-0.154,-0.235,0.384,0.782,-11.842,17.317,,pan
assignment4_topicstop_20261008_194514,13.167,1791456333.053510,327,1791456332.949578,camera_color_optical_frame,1,0.3963,0.8074,0.00325,0.011,1,IDLE,disabled,0.000,0.000,deg/s,joint_states,-0.350,0.440,0.000,0.000,0.740,-0.154,-0.237,0.380,0.786,-11.739,17.406,,pan
assignment4_topicstop_20261008_194514,13.189,1791456333.073795,327,1791456332.949578,camera_color_optical_frame,1,0.3963,0.8074,0.00325,0.032,1,IDLE,disabled,0.000,0.000,deg/s,joint_states,-0.260,0.440,0.000,0.000,0.740,-0.154,-0.237,0.384,0.787,-11.742,17.406,,pan
assignment4_topicstop_20261008_194514,13.205,1791456333.090777,328,1791456332.982938,camera_color_optical_frame,1,0.3963,0.8065,0.00323,0.013,1,IDLE,disabled,0.000,0.000,deg/s,joint_states,-0.260,0.440,0.000,0.000,0.741,-0.152,-0.237,0.379,0.786,-11.598,17.396,,pan
assignment4_topicstop_20261008_194514,13.226,1791456333.112137,328,1791456332.982938,camera_color_optical_frame,1,0.3963,0.8065,0.00323,0.034,1,IDLE,disabled,0.000,0.000,deg/s,joint_states,-0.260,0.440,0.000,0.000,0.742,-0.152,-0.237,0.378,0.786,-11.572,17.397,,pan
assignment4_topicstop_20261008_194514,13.249,1791456333.137014,329,1791456333.016299,camera_color_optical_frame,1,0.3968,0.8078,0.00321,0.017,1,IDLE,disabled,0.000,0.000,deg/s,joint_states,-0.260,0.440,0.000,0.000,0.737,-0.155,-0.237,0.388,0.788,-11.867,17.425,,pan
assignment4_topicstop_20261008_194514,13.266,1791456333.151505,329,1791456333.016299,camera_color_optical_frame,1,0.3968,0.8078,0.00321,0.034,1,IDLE,disabled,0.000,0.000,deg/s,joint_states,-0.260,0.440,0.000,0.000,0.737,-0.155,-0.236,0.388,0.788,-11.880,17.427,,pan
assignment4_topicstop_20261008_194514,13.289,1791456333.175744,330,1791456333.049659,camera_color_optical_frame,1,0.3965,0.8071,0.00317,0.018,1,IDLE,disabled,0.000,0.000,deg/s,joint_states,-0.260,0.440,0.000,0.000,0.731,-0.151,-0.234,0.382,0.787,-11.703,17.421,,pan
assignment4_topicstop_20261008_194514,13.309,1791456333.196243,331,1791456333.083020,camera_color_optical_frame,1,0.3963,0.8084,0.00321,0.012,1,IDLE,disabled,0.000,0.000,deg/s,joint_states,-0.350,0.440,0.000,0.000,0.737,-0.151,-0.237,0.376,0.788,-11.607,17.452,,pan
assignment4_topicstop_20261008_194514,13.327,1791456333.212073,331,1791456333.083020,camera_color_optical_frame,1,0.3963,0.8084,0.00321,0.029,1,IDLE,disabled,0.000,0.000,deg/s,joint_states,-0.350,0.440,0.000,0.000,0.737,-0.151,-0.237,0.375,0.788,-11.590,17.456,,pan
assignment4_topicstop_20261008_194514,13.347,1791456333.233652,332,1791456333.116380,camera_color_optical_frame,1,0.3966,0.8080,0.00321,0.015,1,IDLE,disabled,0.000,0.000,deg/s,joint_states,-0.260,0.530,0.000,0.000,0.747,-0.155,-0.240,0.383,0.784,-11.725,17.452,,pan
assignment4_topicstop_20261008_194514,13.367,1791456333.253747,332,1791456333.116380,camera_color_optical_frame,1,0.3966,0.8080,0.00321,0.035,1,IDLE,disabled,0.000,0.000,deg/s,joint_states,-0.260,0.440,0.000,0.000,0.749,-0.155,-0.240,0.383,0.789,-11.725,17.458,,pan
assignment4_topicstop_20261008_194514,13.389,1791456333.276510,333,1791456333.149741,camera_color_optical_frame,1,0.3967,0.8085,0.00320,0.013,1,IDLE,disabled,0.000,0.000,deg/s,joint_states,-0.260,0.440,0.000,0.000,0.741,-0.155,-0.238,0.385,0.788,-11.783,17.428,,pan
assignment4_topicstop_20261008_194514,13.412,1791456333.299365,334,1791456333.183102,camera_color_optical_frame,1,0.3969,0.8092,0.00308,0.011,1,IDLE,disabled,0.000,0.000,deg/s,joint_states,-0.260,0.440,0.000,0.000,0.726,-0.154,-0.234,0.392,0.791,-11.995,17.484,,pan
assignment4_topicstop_20261008_194514,13.426,1791456333.313015,334,1791456333.183102,camera_color_optical_frame,1,0.3969,0.8092,0.00308,0.025,1,IDLE,disabled,0.000,0.000,deg/s,joint_states,-0.260,0.440,0.000,0.000,0.725,-0.154,-0.234,0.393,0.792,-12.016,17.489,,pan
assignment4_topicstop_20261008_194514,13.450,1791456333.337477,335,1791456333.216462,camera_color_optical_frame,1,0.3965,0.8081,0.00323,0.017,1,IDLE,disabled,0.000,0.000,deg/s,joint_states,-0.260,0.440,0.000,0.000,0.739,-0.153,-0.238,0.382,0.793,-11.692,17.536,,pan
assignment4_topicstop_20261008_194514,13.466,1791456333.351518,335,1791456333.216462,camera_color_optical_frame,1,0.3965,0.8081,0.00323,0.032,1,IDLE,disabled,0.000,0.000,deg/s,joint_states,-0.350,0.440,0.000,0.000,0.739,-0.153,-0.239,0.379,0.793,-11.688,17.545,,pan
assignment4_topicstop_20261008_194514,13.487,1791456333.375650,336,1791456333.249823,camera_color_optical_frame,1,0.3968,0.8077,0.00316,0.017,1,IDLE,disabled,0.000,0.000,deg/s,joint_states,-0.260,0.440,0.000,0.000,0.737,-0.155,-0.236,0.388,0.787,-11.883,17.395,,pan
assignment4_topicstop_20261008_194514,13.508,1791456333.395273,337,1791456333.283184,camera_color_optical_frame,1,0.3959,0.8083,0.00324,0.008,1,IDLE,disabled,0.000,0.000,deg/s,joint_states,-0.350,0.440,0.000,0.000,0.737,-0.155,-0.235,0.384,0.784,-11.855,17.359,,pan
assignment4_topicstop_20261008_194514,13.526,1791456333.414295,337,1791456333.283184,camera_color_optical_frame,1,0.3959,0.8083,0.00324,0.027,1,IDLE,disabled,0.000,0.000,deg/s,joint_states,-0.350,0.440,0.000,0.000,0.736,-0.155,-0.235,0.385,0.784,-11.869,17.347,,pan
assignment4_topicstop_20261008_194514,13.547,1791456333.433414,338,1791456333.316544,camera_color_optical_frame,1,0.3967,0.8092,0.00318,0.013,1,IDLE,disabled,0.000,0.000,deg/s,joint_states,-0.260,0.440,0.000,0.000,0.741,-0.154,-0.239,0.382,0.791,-11.705,17.497,,pan
assignment4_topicstop_20261008_194514,13.567,1791456333.454243,339,1791456333.349905,camera_color_optical_frame,1,0.3962,0.8080,0.00323,0.014,0,IDLE,disabled,0.000,0.000,deg/s,joint_states,-0.350,0.440,0.000,0.000,0.550,-0.120,-0.183,0.399,0.817,-12.289,17.995,,pan
assignment4_topicstop_20261008_194514,13.585,1791456333.470769,339,1791456333.349905,camera_color_optical_frame,1,0.3962,0.8080,0.00323,0.032,0,IDLE,disabled,0.000,0.000,deg/s,joint_states,-0.350,0.440,0.000,0.000,0.541,-0.118,-0.180,0.400,0.819,-12.320,18.030,,pan
assignment4_topicstop_20261008_194514,13.610,1791456333.495764,341,1791456333.416626,camera_color_optical_frame,1,0.3964,0.8090,0.00321,0.013,0,IDLE,disabled,0.000,0.000,deg/s,joint_states,-0.350,0.530,0.000,0.000,0.598,-0.129,-0.197,0.396,0.806,-12.197,17.862,,pan
assignment4_topicstop_20261008_194514,13.626,1791456333.512270,341,1791456333.416626,camera_color_optical_frame,1,0.3964,0.8090,0.00321,0.029,0,IDLE,disabled,0.000,0.000,deg/s,joint_states,-0.260,0.440,0.000,0.000,0.598,-0.129,-0.197,0.399,0.811,-12.204,17.867,,pan
assignment4_topicstop_20261008_194514,13.647,1791456333.532982,341,1791456333.416626,camera_color_optical_frame,1,0.3964,0.8090,0.00321,0.050,0,IDLE,disabled,0.000,0.000,deg/s,joint_states,-0.260,0.440,0.000,0.000,0.598,-0.129,-0.197,0.400,0.811,-12.215,17.873,,pan
assignment4_topicstop_20261008_194514,13.669,1791456333.555871,342,1791456333.449987,camera_color_optical_frame,1,0.3968,0.8085,0.00313,0.018,1,IDLE,disabled,0.000,0.000,deg/s,joint_states,-0.350,0.440,0.000,0.000,0.731,-0.152,-0.235,0.381,0.791,-11.764,17.508,,pan
assignment4_topicstop_20261008_194514,13.687,1791456333.573022,342,1791456333.449987,camera_color_optical_frame,1,0.3968,0.8085,0.00313,0.036,1,IDLE,disabled,0.000,0.000,deg/s,joint_states,-0.350,0.440,0.000,0.000,0.730,-0.152,-0.235,0.381,0.792,-11.768,17.519,,pan
assignment4_topicstop_20261008_194514,13.706,1791456333.594163,343,1791456333.483347,camera_color_optical_frame,1,0.3967,0.8066,0.00312,0.016,1,IDLE,disabled,0.000,0.000,deg/s,joint_states,-0.350,0.440,0.000,0.000,0.789,-0.162,-0.251,0.377,0.780,-11.627,17.286,,pan
assignment4_topicstop_20261008_194514,13.728,1791456333.613557,344,1791456333.516708,camera_color_optical_frame,1,0.3964,0.8086,0.00321,0.003,1,IDLE,disabled,0.000,0.000,deg/s,joint_states,-0.350,0.440,0.000,0.000,0.748,-0.156,-0.240,0.381,0.787,-11.766,17.414,,pan
assignment4_topicstop_20261008_194514,13.747,1791456333.635115,344,1791456333.516708,camera_color_optical_frame,1,0.3964,0.8086,0.00321,0.022,1,IDLE,disabled,0.000,0.000,deg/s,joint_states,-0.260,0.440,0.000,0.000,0.749,-0.156,-0.240,0.384,0.787,-11.769,17.411,,pan
assignment4_topicstop_20261008_194514,13.767,1791456333.652903,345,1791456333.550069,camera_color_optical_frame,1,0.3961,0.8084,0.00318,0.004,1,IDLE,disabled,0.000,0.000,deg/s,joint_states,-0.260,0.440,0.000,0.000,0.733,-0.154,-0.236,0.388,0.790,-11.879,17.465,,pan
assignment4_topicstop_20261008_194514,13.789,1791456333.678015,345,1791456333.550069,camera_color_optical_frame,1,0.3961,0.8084,0.00318,0.026,1,IDLE,disabled,0.000,0.000,deg/s,joint_states,-0.350,0.440,0.000,0.000,0.732,-0.154,-0.236,0.386,0.790,-11.898,17.473,,pan
assignment4_topicstop_20261008_194514,13.811,1791456333.697723,346,1791456333.583430,camera_color_optical_frame,1,0.3968,0.8073,0.00315,0.005,1,IDLE,disabled,0.000,0.000,deg/s,joint_states,-0.350,0.440,0.000,0.000,0.735,-0.155,-0.235,0.387,0.785,-11.930,17.358,,pan
assignment4_topicstop_20261008_194514,13.827,1791456333.715360,346,1791456333.583430,camera_color_optical_frame,1,0.3968,0.8073,0.00315,0.022,1,IDLE,disabled,0.000,0.000,deg/s,joint_states,-0.350,0.440,0.000,0.000,0.734,-0.155,-0.234,0.387,0.784,-11.946,17.352,,pan
assignment4_topicstop_20261008_194514,13.846,1791456333.731875,347,1791456333.616790,camera_color_optical_frame,1,0.3963,0.8077,0.00321,0.010,1,IDLE,disabled,0.000,0.000,deg/s,joint_states,-0.260,0.440,0.000,0.000,0.740,-0.151,-0.236,0.378,0.785,-11.571,17.387,,pan
assignment4_topicstop_20261008_194514,13.867,1791456333.753879,347,1791456333.616790,camera_color_optical_frame,1,0.3963,0.8077,0.00321,0.031,1,IDLE,disabled,0.000,0.000,deg/s,joint_states,-0.260,0.440,0.000,0.000,0.740,-0.151,-0.236,0.377,0.785,-11.544,17.382,,pan
assignment4_topicstop_20261008_194514,13.886,1791456333.772778,348,1791456333.650151,camera_color_optical_frame,1,0.3970,0.8087,0.00314,0.013,1,IDLE,disabled,0.000,0.000,deg/s,joint_states,-0.260,0.530,0.000,0.000,0.738,-0.155,-0.237,0.387,0.784,-11.855,17.436,,pan
assignment4_topicstop_20261008_194514,13.909,1791456333.795206,348,1791456333.650151,camera_color_optical_frame,1,0.3970,0.8087,0.00314,0.036,1,IDLE,disabled,0.000,0.000,deg/s,joint_states,-0.260,0.530,0.000,0.000,0.739,-0.155,-0.237,0.387,0.784,-11.861,17.437,,pan
assignment4_topicstop_20261008_194514,13.927,1791456333.812417,349,1791456333.683512,camera_color_optical_frame,1,0.3963,0.8076,0.00317,0.011,1,IDLE,disabled,0.000,0.000,deg/s,joint_states,-0.350,0.440,0.000,0.000,0.740,-0.157,-0.237,0.389,0.787,-11.977,17.405,,pan
assignment4_topicstop_20261008_194514,13.948,1791456333.834978,349,1791456333.683512,camera_color_optical_frame,1,0.3963,0.8076,0.00317,0.032,1,IDLE,disabled,0.000,0.000,deg/s,joint_states,-0.350,0.440,0.000,0.000,0.740,-0.157,-0.237,0.389,0.787,-12.005,17.404,,pan
assignment4_topicstop_20261008_194514,13.969,1791456333.858430,350,1791456333.716872,camera_color_optical_frame,1,0.3968,0.8082,0.00313,0.015,1,IDLE,disabled,0.000,0.000,deg/s,joint_states,-0.350,0.440,0.000,0.000,0.738,-0.151,-0.236,0.373,0.786,-11.536,17.401,,pan
assignment4_topicstop_20261008_194514,13.986,1791456333.872062,350,1791456333.716872,camera_color_optical_frame,1,0.3968,0.8082,0.00313,0.032,1,IDLE,disabled,0.000,0.000,deg/s,joint_states,-0.350,0.530,0.000,0.000,0.738,-0.150,-0.236,0.372,0.781,-11.511,17.399,,pan
assignment4_topicstop_20261008_194514,14.007,1791456333.895136,351,1791456333.750233,camera_color_optical_frame,1,0.3961,0.8083,0.00318,0.016,1,IDLE,disabled,0.000,0.000,deg/s,joint_states,-0.350,0.530,0.000,0.000,0.735,-0.150,-0.239,0.374,0.795,-11.571,17.688,,pan
assignment4_topicstop_20261008_194514,14.026,1791456333.912645,351,1791456333.750233,camera_color_optical_frame,1,0.3961,0.8083,0.00318,0.035,1,IDLE,disabled,0.000,0.000,deg/s,joint_states,-0.350,0.440,0.000,0.000,0.735,-0.150,-0.239,0.374,0.801,-11.550,17.713,,pan
assignment4_topicstop_20261008_194514,14.046,1791456333.933050,352,1791456333.783594,camera_color_optical_frame,1,0.3961,0.8080,0.00319,0.016,1,IDLE,disabled,0.000,0.000,deg/s,joint_states,-0.350,0.440,0.000,0.000,0.743,-0.157,-0.238,0.388,0.787,-11.951,17.412,,pan
assignment4_topicstop_20261008_194514,14.068,1791456333.954503,353,1791456333.816955,camera_color_optical_frame,1,0.3963,0.8073,0.00319,0.011,1,IDLE,disabled,0.000,0.000,deg/s,joint_states,-0.350,0.440,0.000,0.000,0.741,-0.155,-0.234,0.382,0.777,-11.791,17.213,,pan
assignment4_topicstop_20261008_194514,14.086,1791456333.972328,353,1791456333.816955,camera_color_optical_frame,1,0.3963,0.8073,0.00319,0.029,1,IDLE,disabled,0.000,0.000,deg/s,joint_states,-0.350,0.440,0.000,0.000,0.741,-0.155,-0.234,0.382,0.776,-11.796,17.188,,pan
assignment4_topicstop_20261008_194514,14.109,1791456333.996657,354,1791456333.850316,camera_color_optical_frame,1,0.3964,0.8093,0.00321,0.016,1,IDLE,disabled,0.000,0.000,deg/s,joint_states,-0.260,0.440,0.000,0.000,0.735,-0.153,-0.240,0.385,0.803,-11.785,17.730,,pan
assignment4_topicstop_20261008_194514,14.127,1791456334.012973,354,1791456333.850316,camera_color_optical_frame,1,0.3964,0.8093,0.00321,0.034,1,IDLE,disabled,0.000,0.000,deg/s,joint_states,-0.260,0.440,0.000,0.000,0.735,-0.153,-0.240,0.385,0.804,-11.784,17.758,,pan
assignment4_topicstop_20261008_194514,14.148,1791456334.034508,355,1791456333.883677,camera_color_optical_frame,1,0.3964,0.8078,0.00320,0.018,1,IDLE,disabled,0.000,0.000,deg/s,joint_states,-0.260,0.440,0.000,0.000,0.738,-0.155,-0.237,0.389,0.789,-11.888,17.442,,pan
assignment4_topicstop_20261008_194514,14.170,1791456334.056015,356,1791456333.917049,camera_color_optical_frame,1,0.3964,0.8083,0.00318,0.006,1,IDLE,disabled,0.000,0.000,deg/s,joint_states,-0.260,0.440,0.000,0.000,0.745,-0.154,-0.236,0.382,0.778,-11.688,17.237,,pan
assignment4_topicstop_20261008_194514,14.189,1791456334.074691,356,1791456333.917049,camera_color_optical_frame,1,0.3964,0.8083,0.00318,0.026,1,IDLE,disabled,0.000,0.000,deg/s,joint_states,-0.260,0.440,0.000,0.000,0.746,-0.154,-0.236,0.381,0.777,-11.678,17.211,,pan
assignment4_topicstop_20261008_194514,14.208,1791456334.096080,357,1791456333.950422,camera_color_optical_frame,1,0.3963,0.8074,0.00316,0.013,1,IDLE,disabled,0.000,0.000,deg/s,joint_states,-0.260,0.440,0.000,0.000,0.741,-0.155,-0.237,0.385,0.786,-11.773,17.388,,pan
assignment4_topicstop_20261008_194514,14.228,1791456334.114169,358,1791456333.983795,camera_color_optical_frame,1,0.3963,0.8079,0.00318,0.010,0,IDLE,disabled,0.000,0.000,deg/s,joint_states,-0.260,0.440,0.000,0.000,0.537,-0.117,-0.179,0.404,0.820,-12.325,18.042,,pan
assignment4_topicstop_20261008_194514,14.249,1791456334.136211,359,1791456334.017168,camera_color_optical_frame,1,0.3963,0.8076,0.00322,0.004,1,IDLE,disabled,0.000,0.000,deg/s,joint_states,-0.350,0.440,0.000,0.000,0.734,-0.151,-0.235,0.375,0.786,-11.582,17.417,,pan
assignment4_topicstop_20261008_194514,14.267,1791456334.154244,359,1791456334.017168,camera_color_optical_frame,1,0.3963,0.8076,0.00322,0.023,1,IDLE,disabled,0.000,0.000,deg/s,joint_states,-0.260,0.440,0.000,0.000,0.734,-0.150,-0.235,0.377,0.787,-11.561,17.418,,pan
assignment4_topicstop_20261008_194514,14.287,1791456334.174150,360,1791456334.050541,camera_color_optical_frame,1,0.3962,0.8082,0.00321,0.009,1,IDLE,disabled,0.000,0.000,deg/s,joint_states,-0.260,0.440,0.000,0.000,0.795,-0.163,-0.253,0.378,0.781,-11.586,17.303,,pan
assignment4_topicstop_20261008_194514,14.307,1791456334.194847,360,1791456334.050541,camera_color_optical_frame,1,0.3962,0.8082,0.00321,0.030,1,IDLE,disabled,0.000,0.000,deg/s,joint_states,-0.260,0.440,0.000,0.000,0.804,-0.165,-0.256,0.377,0.780,-11.566,17.284,,pan
assignment4_topicstop_20261008_194514,14.329,1791456334.215338,361,1791456334.083914,camera_color_optical_frame,1,0.3958,0.8079,0.00327,0.015,1,IDLE,disabled,0.000,0.000,deg/s,joint_states,-0.260,0.440,0.000,0.000,0.740,-0.153,-0.237,0.381,0.788,-11.671,17.434,,pan
assignment4_topicstop_20261008_194514,14.347,1791456334.233086,362,1791456334.117287,camera_color_optical_frame,1,0.3970,0.8079,0.00317,0.008,1,IDLE,disabled,0.000,0.000,deg/s,joint_states,-0.260,0.440,0.000,0.000,0.743,-0.156,-0.238,0.388,0.787,-11.886,17.404,,pan
assignment4_topicstop_20261008_194514,14.366,1791456334.251745,362,1791456334.117287,camera_color_optical_frame,1,0.3970,0.8079,0.00317,0.027,1,IDLE,disabled,0.000,0.000,deg/s,joint_states,-0.260,0.440,0.000,0.000,0.743,-0.157,-0.238,0.389,0.787,-11.904,17.402,,pan
assignment4_topicstop_20261008_194514,14.387,1791456334.274728,363,1791456334.150660,camera_color_optical_frame,1,0.3964,0.8077,0.00321,0.012,1,IDLE,disabled,0.000,0.000,deg/s,joint_states,-0.260,0.440,0.000,0.000,0.741,-0.154,-0.237,0.384,0.786,-11.748,17.402,,pan
assignment4_topicstop_20261008_194514,14.406,1791456334.292403,363,1791456334.150660,camera_color_optical_frame,1,0.3964,0.8077,0.00321,0.032,1,IDLE,disabled,0.000,0.000,deg/s,joint_states,-0.350,0.440,0.000,0.000,0.742,-0.154,-0.237,0.381,0.786,-11.753,17.401,,pan
assignment4_topicstop_20261008_194514,14.429,1791456334.314684,364,1791456334.184033,camera_color_optical_frame,1,0.3960,0.8075,0.00319,0.017,1,IDLE,disabled,0.000,0.000,deg/s,joint_states,-0.350,0.440,0.000,0.000,0.728,-0.149,-0.233,0.374,0.785,-11.566,17.394,,pan
assignment4_topicstop_20261008_194514,14.449,1791456334.334245,365,1791456334.217407,camera_color_optical_frame,1,0.3966,0.8085,0.00317,0.006,1,IDLE,disabled,0.000,0.000,deg/s,joint_states,-0.260,0.440,0.000,0.000,0.734,-0.152,-0.236,0.383,0.789,-11.729,17.455,,pan
assignment4_topicstop_20261008_194514,14.467,1791456334.353027,365,1791456334.217407,camera_color_optical_frame,1,0.3966,0.8085,0.00317,0.024,1,IDLE,disabled,0.000,0.000,deg/s,joint_states,-0.260,0.440,0.000,0.000,0.734,-0.152,-0.236,0.383,0.789,-11.730,17.460,,pan
assignment4_topicstop_20261008_194514,14.487,1791456334.374138,366,1791456334.250780,camera_color_optical_frame,1,0.3968,0.8081,0.00318,0.014,1,IDLE,disabled,0.000,0.000,deg/s,joint_states,-0.350,0.440,0.000,0.000,0.740,-0.155,-0.240,0.384,0.798,-11.836,17.637,,pan
assignment4_topicstop_20261008_194514,14.507,1791456334.393000,366,1791456334.250780,camera_color_optical_frame,1,0.3968,0.8081,0.00318,0.034,1,IDLE,disabled,0.000,0.000,deg/s,joint_states,-0.260,0.440,0.000,0.000,0.741,-0.155,-0.241,0.387,0.800,-11.851,17.661,,pan
assignment4_topicstop_20261008_194514,14.530,1791456334.418352,367,1791456334.284154,camera_color_optical_frame,1,0.3965,0.8082,0.00317,0.020,1,IDLE,disabled,0.000,0.000,deg/s,joint_states,-0.350,0.440,0.000,0.000,0.737,-0.154,-0.236,0.381,0.787,-11.761,17.416,,pan
assignment4_topicstop_20261008_194514,14.548,1791456334.435503,368,1791456334.317527,camera_color_optical_frame,1,0.3968,0.8086,0.00309,0.004,1,IDLE,disabled,0.000,0.000,deg/s,joint_states,-0.350,0.440,0.000,0.000,0.741,-0.153,-0.236,0.379,0.782,-11.688,17.330,,pan
assignment4_topicstop_20261008_194514,14.569,1791456334.455348,368,1791456334.317527,camera_color_optical_frame,1,0.3968,0.8086,0.00309,0.025,1,IDLE,disabled,0.000,0.000,deg/s,joint_states,-0.350,0.440,0.000,0.000,0.741,-0.153,-0.236,0.378,0.782,-11.681,17.311,,pan
assignment4_topicstop_20261008_194514,14.588,1791456334.472865,369,1791456334.350901,camera_color_optical_frame,1,0.3968,0.8085,0.00318,0.012,1,IDLE,disabled,0.000,0.000,deg/s,joint_states,-0.350,0.440,0.000,0.000,0.748,-0.158,-0.240,0.386,0.788,-11.911,17.439,,pan
assignment4_topicstop_20261008_194514,14.607,1791456334.492220,369,1791456334.350901,camera_color_optical_frame,1,0.3968,0.8085,0.00318,0.032,1,IDLE,disabled,0.000,0.000,deg/s,joint_states,-0.350,0.440,0.000,0.000,0.749,-0.158,-0.241,0.387,0.789,-11.928,17.440,,pan
assignment4_topicstop_20261008_194514,14.631,1791456334.519063,370,1791456334.384274,camera_color_optical_frame,1,0.3961,0.8082,0.00321,0.017,1,IDLE,disabled,0.000,0.000,deg/s,joint_states,-0.350,0.440,0.000,0.000,0.738,-0.155,-0.236,0.386,0.787,-11.899,17.412,,pan
assignment4_topicstop_20261008_194514,14.647,1791456334.532757,370,1791456334.384274,camera_color_optical_frame,1,0.3961,0.8082,0.00321,0.033,1,IDLE,disabled,0.000,0.000,deg/s,joint_states,-0.350,0.440,0.000,0.000,0.738,-0.156,-0.236,0.386,0.787,-11.913,17.410,,pan
assignment4_topicstop_20261008_194514,14.667,1791456334.555161,371,1791456334.417648,camera_color_optical_frame,1,0.3969,0.8086,0.00315,0.017,1,IDLE,disabled,0.000,0.000,deg/s,joint_states,-0.260,0.440,0.000,0.000,0.732,-0.154,-0.235,0.388,0.788,-11.866,17.430,,pan
assignment4_topicstop_20261008_194514,14.688,1791456334.573559,372,1791456334.451022,camera_color_optical_frame,1,0.3970,0.8080,0.00316,0.008,1,IDLE,disabled,0.000,0.000,deg/s,joint_states,-0.350,0.440,0.000,0.000,0.738,-0.155,-0.237,0.386,0.787,-11.891,17.407,,pan
assignment4_topicstop_20261008_194514,14.706,1791456334.592837,372,1791456334.451022,camera_color_optical_frame,1,0.3970,0.8080,0.00316,0.027,1,IDLE,disabled,0.000,0.000,deg/s,joint_states,-0.350,0.440,0.000,0.000,0.738,-0.156,-0.236,0.386,0.787,-11.901,17.405,,pan
assignment4_topicstop_20261008_194514,14.727,1791456334.612776,373,1791456334.484396,camera_color_optical_frame,1,0.3967,0.8078,0.00315,0.010,1,IDLE,disabled,0.000,0.000,deg/s,joint_states,-0.350,0.440,0.000,0.000,0.735,-0.154,-0.235,0.383,0.786,-11.806,17.385,,pan
assignment4_topicstop_20261008_194514,14.746,1791456334.632021,374,1791456334.517770,camera_color_optical_frame,1,0.3965,0.8087,0.00318,0.002,1,IDLE,disabled,0.000,0.000,deg/s,joint_states,-0.350,0.440,0.000,0.000,0.735,-0.154,-0.235,0.383,0.785,-11.804,17.381,,pan
assignment4_topicstop_20261008_194514,14.769,1791456334.656596,374,1791456334.517770,camera_color_optical_frame,1,0.3965,0.8087,0.00318,0.025,1,IDLE,disabled,0.000,0.000,deg/s,joint_states,-0.350,0.440,0.000,0.000,0.739,-0.150,-0.237,0.372,0.789,-11.510,17.464,,pan
assignment4_topicstop_20261008_194514,14.787,1791456334.673751,375,1791456334.551144,camera_color_optical_frame,1,0.3963,0.8083,0.00323,0.004,1,IDLE,disabled,0.000,0.000,deg/s,joint_states,-0.260,0.440,0.000,0.000,0.740,-0.154,-0.238,0.383,0.789,-11.726,17.445,,pan
assignment4_topicstop_20261008_194514,14.806,1791456334.692277,375,1791456334.551144,camera_color_optical_frame,1,0.3963,0.8083,0.00323,0.023,1,IDLE,disabled,0.000,0.000,deg/s,joint_states,-0.260,0.440,0.000,0.000,0.741,-0.154,-0.238,0.383,0.789,-11.717,17.448,,pan
assignment4_topicstop_20261008_194514,14.826,1791456334.712651,376,1791456334.584518,camera_color_optical_frame,1,0.3967,0.8092,0.00317,0.009,1,IDLE,disabled,0.000,0.000,deg/s,joint_states,-0.350,0.440,0.000,0.000,0.749,-0.159,-0.241,0.388,0.790,-11.957,17.463,,pan
assignment4_topicstop_20261008_194514,14.845,1791456334.730758,376,1791456334.584518,camera_color_optical_frame,1,0.3967,0.8092,0.00317,0.028,1,IDLE,disabled,0.000,0.000,deg/s,joint_states,-0.350,0.440,0.000,0.000,0.750,-0.159,-0.241,0.389,0.790,-11.981,17.466,,pan
assignment4_topicstop_20261008_194514,14.870,1791456334.756974,377,1791456334.617893,camera_color_optical_frame,1,0.3961,0.8085,0.00323,0.020,1,IDLE,disabled,0.000,0.000,deg/s,joint_states,-0.260,0.440,0.000,0.000,0.738,-0.153,-0.237,0.382,0.788,-11.701,17.441,,pan
assignment4_topicstop_20261008_194514,14.886,1791456334.772056,378,1791456334.651267,camera_color_optical_frame,1,0.3968,0.8085,0.00320,0.004,1,IDLE,disabled,0.000,0.000,deg/s,joint_states,-0.260,0.440,0.000,0.000,0.737,-0.152,-0.236,0.380,0.786,-11.649,17.403,,pan
assignment4_topicstop_20261008_194514,14.910,1791456334.795658,378,1791456334.651267,camera_color_optical_frame,1,0.3968,0.8085,0.00320,0.029,1,IDLE,disabled,0.000,0.000,deg/s,joint_states,-0.260,0.440,0.000,0.000,0.737,-0.152,-0.236,0.380,0.786,-11.628,17.397,,pan
assignment4_topicstop_20261008_194514,14.927,1791456334.814147,379,1791456334.684641,camera_color_optical_frame,1,0.3968,0.8078,0.00319,0.013,1,IDLE,disabled,0.000,0.000,deg/s,joint_states,-0.350,0.440,0.000,0.000,0.738,-0.156,-0.236,0.387,0.786,-11.934,17.384,,pan
assignment4_topicstop_20261008_194514,14.950,1791456334.836045,379,1791456334.684641,camera_color_optical_frame,1,0.3968,0.8078,0.00319,0.036,1,IDLE,disabled,0.000,0.000,deg/s,joint_states,-0.350,0.440,0.000,0.000,0.738,-0.156,-0.236,0.388,0.786,-11.955,17.379,,pan
assignment4_topicstop_20261008_194514,14.966,1791456334.852409,380,1791456334.718016,camera_color_optical_frame,1,0.3968,0.8090,0.00316,0.012,1,IDLE,disabled,0.000,0.000,deg/s,joint_states,-0.260,0.440,0.000,0.000,0.743,-0.155,-0.239,0.386,0.790,-11.813,17.461,,pan
assignment4_topicstop_20261008_194514,14.986,1791456334.871345,381,1791456334.751390,camera_color_optical_frame,1,0.3971,0.8086,0.00313,0.015,0,IDLE,disabled,0.000,0.000,deg/s,joint_states,-0.260,0.440,0.000,0.000,0.542,-0.118,-0.181,0.403,0.820,-12.311,18.052,,pan
assignment4_topicstop_20261008_194514,15.010,1791456334.897311,382,1791456334.784765,camera_color_optical_frame,1,0.3967,0.8080,0.00316,0.016,1,IDLE,disabled,0.000,0.000,deg/s,joint_states,-0.350,0.440,0.000,0.000,0.738,-0.155,-0.236,0.385,0.786,-11.869,17.382,,pan
assignment4_topicstop_20261008_194514,15.025,1791456334.911205,383,1791456334.818140,camera_color_optical_frame,1,0.3967,0.8082,0.00319,0.009,0,IDLE,disabled,0.000,0.000,deg/s,joint_states,-0.260,0.440,0.000,0.000,0.598,-0.129,-0.196,0.400,0.808,-12.212,17.811,,pan
assignment4_topicstop_20261008_194514,15.049,1791456334.935300,383,1791456334.818140,camera_color_optical_frame,1,0.3967,0.8082,0.00319,0.032,0,IDLE,disabled,0.000,0.000,deg/s,joint_states,-0.260,0.440,0.000,0.000,0.598,-0.129,-0.196,0.400,0.808,-12.223,17.808,,pan
assignment4_topicstop_20261008_194514,15.066,1791456334.955380,384,1791456334.851515,camera_color_optical_frame,1,0.3965,0.8072,0.00314,0.009,1,IDLE,disabled,0.000,0.000,deg/s,joint_states,-0.350,0.440,0.000,0.000,0.740,-0.152,-0.239,0.376,0.795,-11.624,17.578,,pan
assignment4_topicstop_20261008_194514,15.086,1791456334.971834,384,1791456334.851515,camera_color_optical_frame,1,0.3965,0.8072,0.00314,0.029,1,IDLE,disabled,0.000,0.000,deg/s,joint_states,-0.260,0.440,0.000,0.000,0.740,-0.152,-0.240,0.379,0.796,-11.602,17.598,,pan
assignment4_topicstop_20261008_194514,15.112,1791456335.000299,385,1791456334.884889,camera_color_optical_frame,1,0.3967,0.8079,0.00317,0.021,1,IDLE,disabled,0.000,0.000,deg/s,joint_states,-0.260,0.440,0.000,0.000,0.791,-0.163,-0.252,0.379,0.781,-11.610,17.301,,pan
assignment4_topicstop_20261008_194514,15.127,1791456335.014304,385,1791456334.884889,camera_color_optical_frame,1,0.3967,0.8079,0.00317,0.037,1,IDLE,disabled,0.000,0.000,deg/s,joint_states,-0.350,0.440,0.000,0.000,0.799,-0.164,-0.254,0.375,0.780,-11.594,17.286,,pan
assignment4_topicstop_20261008_194514,15.149,1791456335.035634,386,1791456334.918248,camera_color_optical_frame,1,0.3967,0.8067,0.00316,0.018,1,IDLE,disabled,0.000,0.000,deg/s,joint_states,-0.350,0.440,0.000,0.000,0.795,-0.164,-0.252,0.377,0.779,-11.648,17.269,,pan
assignment4_topicstop_20261008_194514,15.169,1791456335.055862,387,1791456334.951608,camera_color_optical_frame,1,0.3965,0.8076,0.00318,0.009,1,IDLE,disabled,0.000,0.000,deg/s,joint_states,-0.260,0.440,0.000,0.000,0.736,-0.155,-0.236,0.388,0.787,-11.877,17.403,,pan
assignment4_topicstop_20261008_194514,15.187,1791456335.072632,387,1791456334.951608,camera_color_optical_frame,1,0.3965,0.8076,0.00318,0.027,1,IDLE,disabled,0.000,0.000,deg/s,joint_states,-0.350,0.440,0.000,0.000,0.735,-0.155,-0.235,0.386,0.787,-11.893,17.402,,pan
assignment4_topicstop_20261008_194514,15.209,1791456335.095712,389,1791456335.018333,camera_color_optical_frame,1,0.3965,0.8090,0.00323,0.010,0,IDLE,disabled,0.000,0.000,deg/s,joint_states,-0.350,0.440,0.000,0.000,0.562,-0.122,-0.187,0.399,0.816,-12.283,17.979,,pan
assignment4_topicstop_20261008_194514,15.226,1791456335.113066,389,1791456335.018333,camera_color_optical_frame,1,0.3965,0.8090,0.00323,0.027,0,IDLE,disabled,0.000,0.000,deg/s,joint_states,-0.260,0.440,0.000,0.000,0.554,-0.121,-0.184,0.403,0.818,-12.314,18.014,,pan
assignment4_topicstop_20261008_194514,15.248,1791456335.134316,389,1791456335.018333,camera_color_optical_frame,1,0.3965,0.8090,0.00323,0.049,0,IDLE,disabled,0.000,0.000,deg/s,joint_states,-0.260,0.440,0.000,0.000,0.544,-0.119,-0.182,0.404,0.821,-12.353,18.059,,pan
assignment4_topicstop_20261008_194514,15.267,1791456335.154238,390,1791456335.051696,camera_color_optical_frame,1,0.3962,0.8074,0.00320,0.013,1,IDLE,disabled,0.000,0.000,deg/s,joint_states,-0.350,0.440,0.000,0.000,0.736,-0.153,-0.235,0.382,0.785,-11.774,17.382,,pan
assignment4_topicstop_20261008_194514,15.287,1791456335.172728,390,1791456335.051696,camera_color_optical_frame,1,0.3962,0.8074,0.00320,0.033,1,IDLE,disabled,0.000,0.000,deg/s,joint_states,-0.350,0.440,0.000,0.000,0.735,-0.153,-0.235,0.381,0.785,-11.768,17.377,,pan
assignment4_topicstop_20261008_194514,15.307,1791456335.192011,391,1791456335.085058,camera_color_optical_frame,1,0.3963,0.8077,0.00319,0.012,1,IDLE,disabled,0.000,0.000,deg/s,joint_states,-0.260,0.440,0.000,0.000,0.787,-0.161,-0.250,0.379,0.781,-11.597,17.297,,pan
assignment4_topicstop_20261008_194514,15.326,1791456335.210979,391,1791456335.085058,camera_color_optical_frame,1,0.3963,0.8077,0.00319,0.031,1,IDLE,disabled,0.000,0.000,deg/s,joint_states,-0.260,0.440,0.000,0.000,0.796,-0.163,-0.253,0.378,0.780,-11.577,17.277,,pan
assignment4_topicstop_20261008_194514,15.346,1791456335.233290,392,1791456335.118421,camera_color_optical_frame,1,0.3968,0.8081,0.00316,0.017,1,IDLE,disabled,0.000,0.000,deg/s,joint_states,-0.260,0.440,0.000,0.000,0.740,-0.154,-0.238,0.384,0.789,-11.745,17.446,,pan
assignment4_topicstop_20261008_194514,15.367,1791456335.252457,393,1791456335.151783,camera_color_optical_frame,1,0.3968,0.8067,0.00314,0.003,1,IDLE,disabled,0.000,0.000,deg/s,joint_states,-0.260,0.440,0.000,0.000,0.741,-0.156,-0.237,0.389,0.785,-11.911,17.361,,pan
assignment4_topicstop_20261008_194514,15.388,1791456335.275927,393,1791456335.151783,camera_color_optical_frame,1,0.3968,0.8067,0.00314,0.024,1,IDLE,disabled,0.000,0.000,deg/s,joint_states,-0.260,0.440,0.000,0.000,0.742,-0.157,-0.237,0.390,0.785,-11.935,17.355,,pan
assignment4_topicstop_20261008_194514,15.405,1791456335.290691,393,1791456335.151783,camera_color_optical_frame,1,0.3968,0.8067,0.00314,0.041,1,IDLE,disabled,0.000,0.000,deg/s,joint_states,-0.350,0.440,0.000,0.000,0.742,-0.157,-0.237,0.388,0.784,-11.955,17.349,,pan
assignment4_topicstop_20261008_194514,15.427,1791456335.315043,394,1791456335.185145,camera_color_optical_frame,1,0.3967,0.8085,0.00318,0.020,1,IDLE,disabled,0.000,0.000,deg/s,joint_states,-0.350,0.440,0.000,0.000,0.738,-0.155,-0.237,0.384,0.788,-11.856,17.441,,pan
assignment4_topicstop_20261008_194514,15.446,1791456335.331511,394,1791456335.185145,camera_color_optical_frame,1,0.3967,0.8085,0.00318,0.039,1,IDLE,disabled,0.000,0.000,deg/s,joint_states,-0.350,0.440,0.000,0.000,0.738,-0.155,-0.237,0.385,0.789,-11.864,17.443,,pan
assignment4_topicstop_20261008_194514,15.468,1791456335.355844,395,1791456335.218508,camera_color_optical_frame,1,0.3962,0.8080,0.00320,0.020,1,IDLE,disabled,0.000,0.000,deg/s,joint_states,-0.350,0.440,0.000,0.000,0.733,-0.150,-0.236,0.374,0.789,-11.541,17.476,,pan
assignment4_topicstop_20261008_194514,15.487,1791456335.373661,396,1791456335.251871,camera_color_optical_frame,1,0.3970,0.8077,0.00314,0.010,1,IDLE,disabled,0.000,0.000,deg/s,joint_states,-0.260,0.440,0.000,0.000,0.739,-0.153,-0.236,0.381,0.785,-11.665,17.385,,pan
assignment4_topicstop_20261008_194514,15.507,1791456335.395044,396,1791456335.251871,camera_color_optical_frame,1,0.3970,0.8077,0.00314,0.031,1,IDLE,disabled,0.000,0.000,deg/s,joint_states,-0.260,0.440,0.000,0.000,0.739,-0.152,-0.236,0.380,0.785,-11.649,17.380,,pan
assignment4_topicstop_20261008_194514,15.526,1791456335.412704,397,1791456335.285233,camera_color_optical_frame,1,0.3965,0.8088,0.00319,0.012,1,IDLE,disabled,0.000,0.000,deg/s,joint_states,-0.350,0.440,0.000,0.000,0.747,-0.159,-0.240,0.389,0.790,-11.990,17.462,,pan
assignment4_topicstop_20261008_194514,15.546,1791456335.433157,397,1791456335.285233,camera_color_optical_frame,1,0.3965,0.8088,0.00319,0.032,1,IDLE,disabled,0.000,0.000,deg/s,joint_states,-0.350,0.440,0.000,0.000,0.748,-0.159,-0.241,0.390,0.790,-12.018,17.466,,pan
assignment4_topicstop_20261008_194514,15.567,1791456335.453133,398,1791456335.318595,camera_color_optical_frame,1,0.3962,0.8084,0.00322,0.012,1,IDLE,disabled,0.000,0.000,deg/s,joint_states,-0.260,0.440,0.000,0.000,0.732,-0.154,-0.235,0.389,0.790,-11.890,17.457,,pan
assignment4_topicstop_20261008_194514,15.588,1791456335.476232,399,1791456335.351958,camera_color_optical_frame,1,0.3961,0.8085,0.00324,0.015,0,IDLE,disabled,0.000,0.000,deg/s,joint_states,-0.350,0.440,0.000,0.000,0.541,-0.118,-0.180,0.399,0.819,-12.273,18.041,,pan
assignment4_topicstop_20261008_194514,15.606,1791456335.491029,399,1791456335.351958,camera_color_optical_frame,1,0.3961,0.8085,0.00324,0.033,0,IDLE,disabled,0.000,0.000,deg/s,joint_states,-0.260,0.440,0.000,0.000,0.533,-0.116,-0.178,0.403,0.821,-12.300,18.076,,pan
assignment4_topicstop_20261008_194514,15.628,1791456335.515418,400,1791456335.385320,camera_color_optical_frame,1,0.3970,0.8084,0.00314,0.020,1,IDLE,disabled,0.000,0.000,deg/s,joint_states,-0.260,0.440,0.000,0.000,0.742,-0.156,-0.238,0.387,0.788,-11.855,17.425,,pan
assignment4_topicstop_20261008_194514,15.645,1791456335.530604,401,1791456335.418683,camera_color_optical_frame,1,0.3960,0.8078,0.00313,0.004,1,IDLE,disabled,0.000,0.000,deg/s,joint_states,-0.350,0.440,0.000,0.000,0.794,-0.164,-0.253,0.377,0.781,-11.641,17.302,,pan
assignment4_topicstop_20261008_194514,15.670,1791456335.557355,401,1791456335.418683,camera_color_optical_frame,1,0.3960,0.8078,0.00313,0.028,1,IDLE,disabled,0.000,0.000,deg/s,joint_states,-0.260,0.440,0.000,0.000,0.806,-0.166,-0.256,0.379,0.780,-11.621,17.278,,pan
assignment4_topicstop_20261008_194514,15.685,1791456335.571281,402,1791456335.452045,camera_color_optical_frame,1,0.3962,0.8083,0.00322,0.007,1,IDLE,disabled,0.000,0.000,deg/s,joint_states,-0.350,0.440,0.000,0.000,0.738,-0.153,-0.237,0.379,0.787,-11.696,17.426,,pan
assignment4_topicstop_20261008_194514,15.711,1791456335.598263,402,1791456335.452045,camera_color_optical_frame,1,0.3962,0.8083,0.00322,0.032,1,IDLE,disabled,0.000,0.000,deg/s,joint_states,-0.260,0.440,0.000,0.000,0.738,-0.153,-0.237,0.381,0.787,-11.679,17.425,,pan
assignment4_topicstop_20261008_194514,15.726,1791456335.611041,403,1791456335.485408,camera_color_optical_frame,1,0.3962,0.8078,0.00321,0.008,1,IDLE,disabled,0.000,0.000,deg/s,joint_states,-0.260,0.440,0.000,0.000,0.730,-0.151,-0.234,0.380,0.787,-11.648,17.413,,pan
assignment4_topicstop_20261008_194514,15.752,1791456335.637295,403,1791456335.485408,camera_color_optical_frame,1,0.3962,0.8078,0.00321,0.034,1,IDLE,disabled,0.000,0.000,deg/s,joint_states,-0.350,0.440,0.000,0.000,0.729,-0.150,-0.233,0.377,0.786,-11.635,17.413,,pan
assignment4_topicstop_20261008_194514,15.767,1791456335.653361,404,1791456335.518770,camera_color_optical_frame,1,0.3964,0.8069,0.00319,0.010,1,IDLE,disabled,0.000,0.000,deg/s,joint_states,-0.260,0.440,0.000,0.000,0.739,-0.153,-0.235,0.382,0.783,-11.708,17.337,,pan
assignment4_topicstop_20261008_194514,15.789,1791456335.675567,404,1791456335.518770,camera_color_optical_frame,1,0.3964,0.8069,0.00319,0.033,1,IDLE,disabled,0.000,0.000,deg/s,joint_states,-0.260,0.440,0.000,0.000,0.739,-0.153,-0.235,0.382,0.783,-11.700,17.327,,pan
assignment4_topicstop_20261008_194514,15.807,1791456335.693143,405,1791456335.552133,camera_color_optical_frame,1,0.3970,0.8093,0.00313,0.013,1,IDLE,disabled,0.000,0.000,deg/s,joint_states,-0.260,0.440,0.000,0.000,0.737,-0.156,-0.238,0.392,0.792,-11.984,17.509,,pan
assignment4_topicstop_20261008_194514,15.828,1791456335.714098,405,1791456335.552133,camera_color_optical_frame,1,0.3970,0.8093,0.00313,0.034,1,IDLE,disabled,0.000,0.000,deg/s,joint_states,-0.260,0.440,0.000,0.000,0.737,-0.157,-0.238,0.393,0.793,-12.012,17.519,,pan
assignment4_topicstop_20261008_194514,15.846,1791456335.731881,406,1791456335.585495,camera_color_optical_frame,1,0.3963,0.8075,0.00323,0.013,1,IDLE,disabled,0.000,0.000,deg/s,joint_states,-0.260,0.440,0.000,0.000,0.742,-0.153,-0.238,0.380,0.788,-11.633,17.440,,pan
assignment4_topicstop_20261008_194514,15.866,1791456335.751708,406,1791456335.585495,camera_color_optical_frame,1,0.3963,0.8075,0.00323,0.033,1,IDLE,disabled,0.000,0.000,deg/s,joint_states,-0.260,0.440,0.000,0.000,0.742,-0.153,-0.238,0.379,0.788,-11.622,17.444,,pan
assignment4_topicstop_20261008_194514,15.886,1791456335.772393,407,1791456335.618858,camera_color_optical_frame,1,0.3964,0.8079,0.00317,0.015,1,IDLE,disabled,0.000,0.000,deg/s,joint_states,-0.260,0.440,0.000,0.000,0.734,-0.151,-0.234,0.380,0.784,-11.647,17.356,,pan
assignment4_topicstop_20261008_194514,15.906,1791456335.791363,407,1791456335.618858,camera_color_optical_frame,1,0.3964,0.8079,0.00317,0.034,1,IDLE,disabled,0.000,0.000,deg/s,joint_states,-0.350,0.440,0.000,0.000,0.734,-0.151,-0.234,0.377,0.783,-11.633,17.348,,pan
assignment4_topicstop_20261008_194514,15.927,1791456335.814324,408,1791456335.652220,camera_color_optical_frame,1,0.3971,0.8081,0.00313,0.019,1,IDLE,disabled,0.000,0.000,deg/s,joint_states,-0.260,0.440,0.000,0.000,0.736,-0.157,-0.236,0.393,0.789,-12.030,17.445,,pan
assignment4_topicstop_20261008_194514,15.948,1791456335.833758,409,1791456335.685583,camera_color_optical_frame,1,0.3964,0.8076,0.00320,0.003,1,IDLE,disabled,0.000,0.000,deg/s,joint_states,-0.350,0.440,0.000,0.000,0.746,-0.157,-0.239,0.386,0.786,-11.892,17.399,,pan
assignment4_topicstop_20261008_194514,15.968,1791456335.856550,409,1791456335.685583,camera_color_optical_frame,1,0.3964,0.8076,0.00320,0.023,1,IDLE,disabled,0.000,0.000,deg/s,joint_states,-0.260,0.440,0.000,0.000,0.746,-0.157,-0.239,0.389,0.787,-11.905,17.397,,pan
assignment4_topicstop_20261008_194514,15.985,1791456335.871192,409,1791456335.685583,camera_color_optical_frame,1,0.3964,0.8076,0.00320,0.040,1,IDLE,disabled,0.000,0.000,deg/s,joint_states,-0.350,0.440,0.000,0.000,0.747,-0.158,-0.239,0.386,0.786,-11.916,17.396,,pan
assignment4_topicstop_20261008_194514,16.011,1791456335.896894,410,1791456335.718945,camera_color_optical_frame,1,0.3967,0.8086,0.00314,0.022,1,IDLE,disabled,0.000,0.000,deg/s,joint_states,-0.350,0.440,0.000,0.000,0.739,-0.153,-0.237,0.378,0.789,-11.676,17.455,,pan
assignment4_topicstop_20261008_194514,16.026,1791456335.912940,411,1791456335.752308,camera_color_optical_frame,1,0.3967,0.8075,0.00314,0.011,1,IDLE,disabled,0.000,0.000,deg/s,joint_states,-0.260,0.440,0.000,0.000,0.750,-0.154,-0.240,0.380,0.786,-11.635,17.398,,pan
assignment4_topicstop_20261008_194514,16.046,1791456335.933609,411,1791456335.752308,camera_color_optical_frame,1,0.3967,0.8075,0.00314,0.031,1,IDLE,disabled,0.000,0.000,deg/s,joint_states,-0.260,0.440,0.000,0.000,0.751,-0.154,-0.240,0.379,0.786,-11.621,17.397,,pan
assignment4_topicstop_20261008_194514,16.069,1791456335.956341,412,1791456335.785670,camera_color_optical_frame,1,0.3971,0.8091,0.00315,0.015,1,IDLE,disabled,0.000,0.000,deg/s,joint_states,-0.350,0.440,0.000,0.000,0.744,-0.155,-0.239,0.382,0.789,-11.781,17.462,,pan
assignment4_topicstop_20261008_194514,16.088,1791456335.973532,413,1791456335.819032,camera_color_optical_frame,1,0.3966,0.8087,0.00317,0.005,0,IDLE,disabled,0.000,0.000,deg/s,joint_states,-0.350,0.530,0.000,0.000,0.525,-0.116,-0.176,0.405,0.820,-12.451,18.130,,pan
assignment4_topicstop_20261008_194514,16.107,1791456335.994387,415,1791456335.919120,camera_color_optical_frame,1,0.3962,0.8074,0.00321,0.007,0,IDLE,disabled,0.000,0.000,deg/s,joint_states,-0.260,0.440,0.000,0.000,0.598,-0.129,-0.197,0.399,0.810,-12.205,17.855,,pan
assignment4_topicstop_20261008_194514,16.125,1791456336.011006,415,1791456335.919120,camera_color_optical_frame,1,0.3962,0.8074,0.00321,0.025,0,IDLE,disabled,0.000,0.000,deg/s,joint_states,-0.260,0.440,0.000,0.000,0.598,-0.129,-0.197,0.399,0.810,-12.205,17.855,,pan
assignment4_topicstop_20261008_194514,16.148,1791456336.036371,415,1791456335.919120,camera_color_optical_frame,1,0.3962,0.8074,0.00321,0.047,0,IDLE,disabled,0.000,0.000,deg/s,joint_states,-0.260,0.440,0.000,0.000,0.598,-0.129,-0.197,0.399,0.810,-12.205,17.855,,pan
assignment4_topicstop_20261008_194514,16.166,1791456336.053024,416,1791456335.952482,camera_color_optical_frame,1,0.3975,0.8088,0.00310,0.009,1,IDLE,disabled,0.000,0.000,deg/s,joint_states,-0.350,0.440,0.000,0.000,0.785,-0.162,-0.251,0.378,0.786,-11.659,17.411,,pan
assignment4_topicstop_20261008_194514,16.187,1791456336.074794,416,1791456335.952482,camera_color_optical_frame,1,0.3975,0.8088,0.00310,0.030,1,IDLE,disabled,0.000,0.000,deg/s,joint_states,-0.350,0.440,0.000,0.000,0.795,-0.164,-0.254,0.377,0.786,-11.640,17.394,,pan
assignment4_topicstop_20261008_194514,16.206,1791456336.092203,417,1791456335.985844,camera_color_optical_frame,1,0.3967,0.8085,0.00315,0.012,1,IDLE,disabled,0.000,0.000,deg/s,joint_states,-0.260,0.440,0.000,0.000,0.785,-0.161,-0.250,0.378,0.782,-11.595,17.311,,pan
assignment4_topicstop_20261008_194514,16.229,1791456336.114097,417,1791456335.985844,camera_color_optical_frame,1,0.3967,0.8085,0.00315,0.034,1,IDLE,disabled,0.000,0.000,deg/s,joint_states,-0.260,0.440,0.000,0.000,0.796,-0.163,-0.253,0.378,0.780,-11.568,17.287,,pan
assignment4_topicstop_20261008_194514,16.246,1791456336.132728,418,1791456336.019205,camera_color_optical_frame,1,0.3965,0.8085,0.00319,0.013,1,IDLE,disabled,0.000,0.000,deg/s,joint_states,-0.350,0.440,0.000,0.000,0.737,-0.155,-0.235,0.386,0.782,-11.905,17.317,,pan
assignment4_topicstop_20261008_194514,16.267,1791456336.153260,418,1791456336.019205,camera_color_optical_frame,1,0.3965,0.8085,0.00319,0.034,1,IDLE,disabled,0.000,0.000,deg/s,joint_states,-0.350,0.440,0.000,0.000,0.736,-0.155,-0.234,0.387,0.782,-11.923,17.296,,pan
assignment4_topicstop_20261008_194514,16.287,1791456336.172044,419,1791456336.052566,camera_color_optical_frame,1,0.3969,0.8084,0.00313,0.014,1,IDLE,disabled,0.000,0.000,deg/s,joint_states,-0.260,0.440,0.000,0.000,0.738,-0.153,-0.237,0.383,0.787,-11.738,17.421,,pan
assignment4_topicstop_20261008_194514,16.306,1791456336.191646,419,1791456336.052566,camera_color_optical_frame,1,0.3969,0.8084,0.00313,0.033,1,IDLE,disabled,0.000,0.000,deg/s,joint_states,-0.260,0.440,0.000,0.000,0.739,-0.153,-0.237,0.383,0.787,-11.739,17.421,,pan
assignment4_topicstop_20261008_194514,16.327,1791456336.212868,420,1791456336.085927,camera_color_optical_frame,1,0.3967,0.8077,0.00317,0.017,1,IDLE,disabled,0.000,0.000,deg/s,joint_states,-0.350,0.440,0.000,0.000,0.739,-0.151,-0.236,0.374,0.785,-11.566,17.380,,pan
assignment4_topicstop_20261008_194514,16.345,1791456336.230771,420,1791456336.085927,camera_color_optical_frame,1,0.3967,0.8077,0.00317,0.035,1,IDLE,disabled,0.000,0.000,deg/s,joint_states,-0.350,0.440,0.000,0.000,0.739,-0.151,-0.236,0.374,0.784,-11.543,17.375,,pan
assignment4_topicstop_20261008_194514,16.370,1791456336.258045,421,1791456336.119289,camera_color_optical_frame,1,0.3963,0.8079,0.00325,0.023,1,IDLE,disabled,0.000,0.000,deg/s,joint_states,-0.350,0.440,0.000,0.000,0.745,-0.155,-0.239,0.382,0.786,-11.782,17.400,,pan
assignment4_topicstop_20261008_194514,16.386,1791456336.271480,422,1791456336.152650,camera_color_optical_frame,1,0.3965,0.8076,0.00314,0.005,1,IDLE,disabled,0.000,0.000,deg/s,joint_states,-0.350,0.440,0.000,0.000,0.738,-0.154,-0.236,0.382,0.787,-11.783,17.407,,pan
assignment4_topicstop_20261008_194514,16.407,1791456336.294202,422,1791456336.152650,camera_color_optical_frame,1,0.3965,0.8076,0.00314,0.025,1,IDLE,disabled,0.000,0.000,deg/s,joint_states,-0.350,0.440,0.000,0.000,0.738,-0.154,-0.236,0.382,0.787,-11.790,17.406,,pan
assignment4_topicstop_20261008_194514,16.427,1791456336.312857,423,1791456336.186011,camera_color_optical_frame,1,0.3964,0.8081,0.00321,0.010,1,IDLE,disabled,0.000,0.000,deg/s,joint_states,-0.260,0.440,0.000,0.000,0.742,-0.157,-0.238,0.389,0.788,-11.910,17.433,,pan
assignment4_topicstop_20261008_194514,16.446,1791456336.331937,423,1791456336.186011,camera_color_optical_frame,1,0.3964,0.8081,0.00321,0.029,1,IDLE,disabled,0.000,0.000,deg/s,joint_states,-0.260,0.440,0.000,0.000,0.743,-0.157,-0.238,0.390,0.789,-11.926,17.434,,pan
assignment4_topicstop_20261008_194514,16.467,1791456336.353761,424,1791456336.219373,camera_color_optical_frame,1,0.3966,0.8087,0.00319,0.013,1,IDLE,disabled,0.000,0.000,deg/s,joint_states,-0.350,0.440,0.000,0.000,0.738,-0.156,-0.238,0.387,0.791,-11.947,17.479,,pan
assignment4_topicstop_20261008_194514,16.486,1791456336.371857,424,1791456336.219373,camera_color_optical_frame,1,0.3966,0.8087,0.00319,0.033,1,IDLE,disabled,0.000,0.000,deg/s,joint_states,-0.260,0.440,0.000,0.000,0.738,-0.156,-0.238,0.391,0.791,-11.966,17.486,,pan
assignment4_topicstop_20261008_194514,16.508,1791456336.399077,425,1791456336.252733,camera_color_optical_frame,1,0.3966,0.8083,0.00319,0.020,1,IDLE,disabled,0.000,0.000,deg/s,joint_states,-0.350,0.440,0.000,0.000,0.746,-0.156,-0.239,0.383,0.788,-11.822,17.433,,pan
assignment4_topicstop_20261008_194514,16.526,1791456336.411542,426,1791456336.286095,camera_color_optical_frame,1,0.3967,0.8081,0.00317,0.003,1,IDLE,disabled,0.000,0.000,deg/s,joint_states,-0.350,0.440,0.000,0.000,0.742,-0.152,-0.237,0.374,0.785,-11.565,17.397,,pan
assignment4_topicstop_20261008_194514,16.549,1791456336.436125,426,1791456336.286095,camera_color_optical_frame,1,0.3967,0.8081,0.00317,0.026,1,IDLE,disabled,0.000,0.000,deg/s,joint_states,-0.350,0.440,0.000,0.000,0.742,-0.151,-0.237,0.373,0.785,-11.535,17.393,,pan
assignment4_topicstop_20261008_194514,16.566,1791456336.453708,427,1791456336.319456,camera_color_optical_frame,1,0.3969,0.8094,0.00316,0.006,1,IDLE,disabled,0.000,0.000,deg/s,joint_states,-0.350,0.440,0.000,0.000,0.733,-0.154,-0.236,0.384,0.791,-11.835,17.489,,pan
assignment4_topicstop_20261008_194514,16.587,1791456336.472861,428,1791456336.352817,camera_color_optical_frame,1,0.3967,0.8083,0.00320,0.011,0,IDLE,disabled,0.000,0.000,deg/s,joint_states,-0.350,0.440,0.000,0.000,0.542,-0.119,-0.181,0.403,0.819,-12.386,18.037,,pan
assignment4_topicstop_20261008_194514,16.608,1791456336.493185,428,1791456336.352817,camera_color_optical_frame,1,0.3967,0.8083,0.00320,0.032,0,IDLE,disabled,0.000,0.000,deg/s,joint_states,-0.260,0.530,0.000,0.000,0.532,-0.117,-0.178,0.407,0.818,-12.432,18.080,,pan
assignment4_topicstop_20261008_194514,16.626,1791456336.513465,429,1791456336.386178,camera_color_optical_frame,1,0.3972,0.8084,0.00315,0.014,1,IDLE,disabled,0.000,0.000,deg/s,joint_states,-0.260,0.440,0.000,0.000,0.734,-0.154,-0.235,0.387,0.786,-11.848,17.388,,pan
assignment4_topicstop_20261008_194514,16.646,1791456336.531516,429,1791456336.386178,camera_color_optical_frame,1,0.3972,0.8084,0.00315,0.034,1,IDLE,disabled,0.000,0.000,deg/s,joint_states,-0.260,0.440,0.000,0.000,0.733,-0.154,-0.234,0.387,0.786,-11.851,17.382,,pan
assignment4_topicstop_20261008_194514,16.667,1791456336.555470,430,1791456336.419539,camera_color_optical_frame,1,0.3967,0.8082,0.00320,0.019,1,IDLE,disabled,0.000,0.000,deg/s,joint_states,-0.260,0.440,0.000,0.000,0.801,-0.166,-0.255,0.382,0.781,-11.703,17.290,,pan
assignment4_topicstop_20261008_194514,16.687,1791456336.572140,431,1791456336.452899,camera_color_optical_frame,1,0.3964,0.8075,0.00319,0.004,1,IDLE,disabled,0.000,0.000,deg/s,joint_states,-0.260,0.440,0.000,0.000,0.737,-0.153,-0.237,0.382,0.788,-11.700,17.446,,pan
assignment4_topicstop_20261008_194514,16.709,1791456336.597892,431,1791456336.452899,camera_color_optical_frame,1,0.3964,0.8075,0.00319,0.026,1,IDLE,disabled,0.000,0.000,deg/s,joint_states,-0.260,0.440,0.000,0.000,0.737,-0.152,-0.237,0.382,0.789,-11.684,17.448,,pan
assignment4_topicstop_20261008_194514,16.726,1791456336.612623,432,1791456336.486260,camera_color_optical_frame,1,0.3966,0.8079,0.00319,0.009,1,IDLE,disabled,0.000,0.000,deg/s,joint_states,-0.350,0.530,0.000,0.000,0.732,-0.150,-0.234,0.374,0.782,-11.545,17.416,,pan
assignment4_topicstop_20261008_194514,16.750,1791456336.635311,432,1791456336.486260,camera_color_optical_frame,1,0.3966,0.8079,0.00319,0.033,1,IDLE,disabled,0.000,0.000,deg/s,joint_states,-0.350,0.530,0.000,0.000,0.731,-0.149,-0.234,0.372,0.782,-11.510,17.415,,pan
assignment4_topicstop_20261008_194514,16.766,1791456336.652014,433,1791456336.519621,camera_color_optical_frame,1,0.3966,0.8074,0.00314,0.012,1,IDLE,disabled,0.000,0.000,deg/s,joint_states,-0.260,0.440,0.000,0.000,0.747,-0.153,-0.238,0.379,0.784,-11.608,17.352,,pan
assignment4_topicstop_20261008_194514,16.788,1791456336.673409,433,1791456336.519621,camera_color_optical_frame,1,0.3966,0.8074,0.00314,0.034,1,IDLE,disabled,0.000,0.000,deg/s,joint_states,-0.260,0.440,0.000,0.000,0.748,-0.153,-0.238,0.378,0.783,-11.589,17.344,,pan
assignment4_topicstop_20261008_194514,16.807,1791456336.693856,434,1791456336.552982,camera_color_optical_frame,1,0.3968,0.8072,0.00319,0.015,1,IDLE,disabled,0.000,0.000,deg/s,joint_states,-0.350,0.440,0.000,0.000,0.743,-0.154,-0.237,0.380,0.784,-11.737,17.367,,pan
assignment4_topicstop_20261008_194514,16.826,1791456336.711916,434,1791456336.552982,camera_color_optical_frame,1,0.3968,0.8072,0.00319,0.034,1,IDLE,disabled,0.000,0.000,deg/s,joint_states,-0.350,0.440,0.000,0.000,0.743,-0.154,-0.237,0.380,0.784,-11.739,17.362,,pan
assignment4_topicstop_20261008_194514,16.848,1791456336.733747,435,1791456336.586343,camera_color_optical_frame,1,0.3967,0.8062,0.00314,0.018,1,IDLE,disabled,0.000,0.000,deg/s,joint_states,-0.350,0.440,0.000,0.000,0.735,-0.157,-0.239,0.390,0.797,-12.025,17.604,,pan
assignment4_topicstop_20261008_194514,16.867,1791456336.752760,436,1791456336.619704,camera_color_optical_frame,1,0.3967,0.8082,0.00320,0.003,1,IDLE,disabled,0.000,0.000,deg/s,joint_states,-0.260,0.440,0.000,0.000,0.738,-0.155,-0.237,0.386,0.790,-11.825,17.460,,pan
assignment4_topicstop_20261008_194514,16.886,1791456336.774256,436,1791456336.619704,camera_color_optical_frame,1,0.3967,0.8082,0.00320,0.022,1,IDLE,disabled,0.000,0.000,deg/s,joint_states,-0.350,0.440,0.000,0.000,0.738,-0.155,-0.237,0.384,0.790,-11.834,17.465,,pan
assignment4_topicstop_20261008_194514,16.906,1791456336.791451,437,1791456336.653064,camera_color_optical_frame,1,0.3965,0.8077,0.00323,0.003,1,IDLE,disabled,0.000,0.000,deg/s,joint_states,-0.260,0.440,0.000,0.000,0.741,-0.152,-0.235,0.379,0.781,-11.596,17.299,,pan
assignment4_topicstop_20261008_194514,16.929,1791456336.816467,437,1791456336.653064,camera_color_optical_frame,1,0.3965,0.8077,0.00323,0.026,1,IDLE,disabled,0.000,0.000,deg/s,joint_states,-0.260,0.440,0.000,0.000,0.741,-0.152,-0.235,0.378,0.780,-11.571,17.280,,pan
assignment4_topicstop_20261008_194514,16.945,1791456336.831278,438,1791456336.686425,camera_color_optical_frame,1,0.3958,0.8085,0.00327,0.007,1,IDLE,disabled,0.000,0.000,deg/s,joint_states,-0.350,0.440,0.000,0.000,0.738,-0.155,-0.237,0.384,0.789,-11.855,17.448,,pan
assignment4_topicstop_20261008_194514,16.967,1791456336.854761,438,1791456336.686425,camera_color_optical_frame,1,0.3958,0.8085,0.00327,0.030,1,IDLE,disabled,0.000,0.000,deg/s,joint_states,-0.350,0.440,0.000,0.000,0.738,-0.155,-0.237,0.385,0.789,-11.865,17.450,,pan
assignment4_topicstop_20261008_194514,16.987,1791456336.872635,439,1791456336.719786,camera_color_optical_frame,1,0.3971,0.8079,0.00316,0.012,1,IDLE,disabled,0.000,0.000,deg/s,joint_states,-0.260,0.440,0.000,0.000,0.739,-0.155,-0.237,0.386,0.788,-11.820,17.422,,pan
assignment4_topicstop_20261008_194514,17.008,1791456336.893456,439,1791456336.719786,camera_color_optical_frame,1,0.3971,0.8079,0.00316,0.033,1,IDLE,disabled,0.000,0.000,deg/s,joint_states,-0.260,0.440,0.000,0.000,0.739,-0.155,-0.237,0.386,0.788,-11.827,17.423,,pan
assignment4_topicstop_20261008_194514,17.027,1791456336.913222,440,1791456336.753146,camera_color_optical_frame,1,0.3964,0.8066,0.00319,0.015,1,IDLE,disabled,0.000,0.000,deg/s,joint_states,-0.350,0.440,0.000,0.000,0.734,-0.154,-0.234,0.383,0.784,-11.830,17.357,,pan
assignment4_topicstop_20261008_194514,17.046,1791456336.931733,440,1791456336.753146,camera_color_optical_frame,1,0.3964,0.8066,0.00319,0.035,1,IDLE,disabled,0.000,0.000,deg/s,joint_states,-0.350,0.440,0.000,0.000,0.734,-0.154,-0.234,0.384,0.784,-11.836,17.353,,pan
assignment4_topicstop_20261008_194514,17.066,1791456336.954491,441,1791456336.786507,camera_color_optical_frame,1,0.3967,0.8078,0.00317,0.016,1,IDLE,disabled,0.000,0.000,deg/s,joint_states,-0.350,0.440,0.000,0.000,0.736,-0.151,-0.236,0.376,0.786,-11.617,17.410,,pan
assignment4_topicstop_20261008_194514,17.088,1791456336.973643,442,1791456336.819868,camera_color_optical_frame,1,0.3967,0.8073,0.00315,0.003,1,IDLE,disabled,0.000,0.000,deg/s,joint_states,-0.350,0.440,0.000,0.000,0.734,-0.155,-0.236,0.386,0.788,-11.902,17.435,,pan
assignment4_topicstop_20261008_194514,17.110,1791456337.000299,442,1791456336.819868,camera_color_optical_frame,1,0.3967,0.8073,0.00315,0.025,1,IDLE,disabled,0.000,0.000,deg/s,joint_states,-0.260,0.440,0.000,0.000,0.733,-0.155,-0.235,0.389,0.789,-11.915,17.439,,pan
assignment4_topicstop_20261008_194514,17.126,1791456337.011771,443,1791456336.853228,camera_color_optical_frame,1,0.3963,0.8072,0.00323,0.003,1,IDLE,disabled,0.000,0.000,deg/s,joint_states,-0.350,0.440,0.000,0.000,0.732,-0.151,-0.234,0.379,0.785,-11.688,17.375,,pan
assignment4_topicstop_20261008_194514,17.152,1791456337.038137,443,1791456336.853228,camera_color_optical_frame,1,0.3963,0.8072,0.00323,0.029,1,IDLE,disabled,0.000,0.000,deg/s,joint_states,-0.350,0.440,0.000,0.000,0.731,-0.151,-0.234,0.378,0.784,-11.683,17.370,,pan
assignment4_topicstop_20261008_194514,17.165,1791456337.052485,444,1791456336.886605,camera_color_optical_frame,1,0.3962,0.8075,0.00319,0.009,1,IDLE,disabled,0.000,0.000,deg/s,joint_states,-0.350,0.440,0.000,0.000,0.743,-0.155,-0.238,0.381,0.787,-11.762,17.422,,pan
assignment4_topicstop_20261008_194514,17.188,1791456337.074529,444,1791456336.886605,camera_color_optical_frame,1,0.3962,0.8075,0.00319,0.031,1,IDLE,disabled,0.000,0.000,deg/s,joint_states,-0.350,0.440,0.000,0.000,0.744,-0.155,-0.238,0.381,0.787,-11.756,17.424,,pan
assignment4_topicstop_20261008_194514,17.206,1791456337.092621,445,1791456336.919957,camera_color_optical_frame,1,0.3967,0.8079,0.00319,0.012,1,IDLE,disabled,0.000,0.000,deg/s,joint_states,-0.350,0.440,0.000,0.000,0.743,-0.159,-0.239,0.392,0.790,-12.071,17.453,,pan
assignment4_topicstop_20261008_194514,17.227,1791456337.112468,445,1791456336.919957,camera_color_optical_frame,1,0.3967,0.8079,0.00319,0.033,1,IDLE,disabled,0.000,0.000,deg/s,joint_states,-0.350,0.440,0.000,0.000,0.743,-0.159,-0.239,0.393,0.790,-12.103,17.458,,pan
assignment4_topicstop_20261008_194514,17.246,1791456337.133314,446,1791456336.953310,camera_color_optical_frame,1,0.3962,0.8075,0.00325,0.015,1,IDLE,disabled,0.000,0.000,deg/s,joint_states,-0.260,0.440,0.000,0.000,0.742,-0.154,-0.238,0.382,0.787,-11.697,17.410,,pan
assignment4_topicstop_20261008_194514,17.266,1791456337.151189,446,1791456336.953310,camera_color_optical_frame,1,0.3962,0.8075,0.00325,0.035,1,IDLE,disabled,0.000,0.000,deg/s,joint_states,-0.260,0.440,0.000,0.000,0.743,-0.154,-0.238,0.382,0.787,-11.689,17.410,,pan
assignment4_topicstop_20261008_194514,17.289,1791456337.177854,447,1791456336.986662,camera_color_optical_frame,1,0.3964,0.8083,0.00322,0.020,1,IDLE,disabled,0.000,0.000,deg/s,joint_states,-0.350,0.440,0.000,0.000,0.738,-0.154,-0.237,0.382,0.789,-11.778,17.451,,pan
assignment4_topicstop_20261008_194514,17.306,1791456337.192213,448,1791456337.020015,camera_color_optical_frame,1,0.3962,0.8082,0.00321,0.003,1,IDLE,disabled,0.000,0.000,deg/s,joint_states,-0.350,0.440,0.000,0.000,0.732,-0.154,-0.235,0.385,0.790,-11.873,17.463,,pan
assignment4_topicstop_20261008_194514,17.329,1791456337.215497,448,1791456337.020015,camera_color_optical_frame,1,0.3962,0.8082,0.00321,0.026,1,IDLE,disabled,0.000,0.000,deg/s,joint_states,-0.260,0.440,0.000,0.000,0.731,-0.154,-0.235,0.388,0.790,-11.883,17.468,,pan
assignment4_topicstop_20261008_194514,17.351,1791456337.237493,449,1791456337.053367,camera_color_optical_frame,1,0.3965,0.8079,0.00316,0.013,1,IDLE,disabled,0.000,0.000,deg/s,joint_states,-0.350,0.530,0.000,0.000,0.739,-0.151,-0.236,0.374,0.781,-11.573,17.395,,pan
assignment4_topicstop_20261008_194514,17.369,1791456337.254404,450,1791456337.086719,camera_color_optical_frame,1,0.3965,0.8074,0.00317,0.012,0,IDLE,disabled,0.000,0.000,deg/s,joint_states,-0.350,0.440,0.000,0.000,0.519,-0.115,-0.174,0.408,0.823,-12.534,18.104,,pan
assignment4_topicstop_20261008_194514,17.389,1791456337.275891,451,1791456337.153425,camera_color_optical_frame,1,0.3966,0.8078,0.00322,0.012,0,IDLE,disabled,0.000,0.000,deg/s,joint_states,-0.260,0.440,0.000,0.000,0.541,-0.120,-0.180,0.409,0.820,-12.472,18.031,,pan
assignment4_topicstop_20261008_194514,17.407,1791456337.293118,452,1791456337.186777,camera_color_optical_frame,1,0.3966,0.8085,0.00316,0.010,0,IDLE,disabled,0.000,0.000,deg/s,joint_states,-0.350,0.440,0.000,0.000,0.598,-0.128,-0.197,0.394,0.808,-12.125,17.827,,pan
assignment4_topicstop_20261008_194514,17.428,1791456337.313153,452,1791456337.186777,camera_color_optical_frame,1,0.3966,0.8085,0.00316,0.031,0,IDLE,disabled,0.000,0.000,deg/s,joint_states,-0.260,0.440,0.000,0.000,0.598,-0.128,-0.197,0.397,0.809,-12.125,17.827,,pan
assignment4_topicstop_20261008_194514,17.448,1791456337.334130,453,1791456337.220129,camera_color_optical_frame,1,0.3970,0.8080,0.00315,0.017,1,IDLE,disabled,0.000,0.000,deg/s,joint_states,-0.350,0.440,0.000,0.000,0.789,-0.164,-0.252,0.379,0.783,-11.714,17.339,,pan
assignment4_topicstop_20261008_194514,17.467,1791456337.352594,453,1791456337.220129,camera_color_optical_frame,1,0.3970,0.8080,0.00315,0.036,1,IDLE,disabled,0.000,0.000,deg/s,joint_states,-0.260,0.440,0.000,0.000,0.798,-0.165,-0.254,0.382,0.782,-11.697,17.323,,pan
assignment4_topicstop_20261008_194514,17.488,1791456337.376116,454,1791456337.253482,camera_color_optical_frame,1,0.3970,0.8085,0.00314,0.016,1,IDLE,disabled,0.000,0.000,deg/s,joint_states,-0.260,0.440,0.000,0.000,0.793,-0.164,-0.252,0.380,0.781,-11.654,17.305,,pan
assignment4_topicstop_20261008_194514,17.507,1791456337.393199,455,1791456337.286834,camera_color_optical_frame,1,0.3967,0.8083,0.00319,0.003,1,IDLE,disabled,0.000,0.000,deg/s,joint_states,-0.260,0.440,0.000,0.000,0.740,-0.152,-0.236,0.378,0.785,-11.577,17.391,,pan
assignment4_topicstop_20261008_194514,17.533,1791456337.419087,455,1791456337.286834,camera_color_optical_frame,1,0.3967,0.8083,0.00319,0.029,1,IDLE,disabled,0.000,0.000,deg/s,joint_states,-0.350,0.440,0.000,0.000,0.740,-0.151,-0.236,0.373,0.785,-11.540,17.382,,pan
assignment4_topicstop_20261008_194514,17.546,1791456337.432200,456,1791456337.320187,camera_color_optical_frame,1,0.3965,0.8081,0.00320,0.008,1,IDLE,disabled,0.000,0.000,deg/s,joint_states,-0.260,0.440,0.000,0.000,0.747,-0.155,-0.239,0.383,0.787,-11.722,17.408,,pan
assignment4_topicstop_20261008_194514,17.570,1791456337.456476,456,1791456337.320187,camera_color_optical_frame,1,0.3965,0.8081,0.00320,0.032,1,IDLE,disabled,0.000,0.000,deg/s,joint_states,-0.260,0.440,0.000,0.000,0.748,-0.155,-0.240,0.383,0.787,-11.716,17.406,,pan
assignment4_topicstop_20261008_194514,17.586,1791456337.472010,457,1791456337.353539,camera_color_optical_frame,1,0.3963,0.8082,0.00320,0.010,1,IDLE,disabled,0.000,0.000,deg/s,joint_states,-0.350,0.440,0.000,0.000,0.740,-0.153,-0.237,0.379,0.787,-11.689,17.420,,pan
assignment4_topicstop_20261008_194514,17.606,1791456337.493919,457,1791456337.353539,camera_color_optical_frame,1,0.3963,0.8082,0.00320,0.031,1,IDLE,disabled,0.000,0.000,deg/s,joint_states,-0.350,0.440,0.000,0.000,0.741,-0.153,-0.237,0.378,0.787,-11.684,17.420,,pan
assignment4_topicstop_20261008_194514,17.627,1791456337.512673,458,1791456337.386891,camera_color_optical_frame,1,0.3964,0.8072,0.00320,0.013,1,IDLE,disabled,0.000,0.000,deg/s,joint_states,-0.260,0.530,0.000,0.000,0.731,-0.154,-0.234,0.389,0.781,-11.905,17.368,,pan
assignment4_topicstop_20261008_194514,17.648,1791456337.533984,458,1791456337.386891,camera_color_optical_frame,1,0.3964,0.8072,0.00320,0.034,1,IDLE,disabled,0.000,0.000,deg/s,joint_states,-0.260,0.530,0.000,0.000,0.730,-0.154,-0.233,0.390,0.781,-11.923,17.362,,pan
assignment4_topicstop_20261008_194514,17.667,1791456337.552409,459,1791456337.420244,camera_color_optical_frame,1,0.3960,0.8077,0.00321,0.015,1,IDLE,disabled,0.000,0.000,deg/s,joint_states,-0.350,0.440,0.000,0.000,0.733,-0.151,-0.234,0.378,0.786,-11.683,17.393,,pan
assignment4_topicstop_20261008_194514,17.688,1791456337.572753,459,1791456337.420244,camera_color_optical_frame,1,0.3960,0.8077,0.00321,0.035,1,IDLE,disabled,0.000,0.000,deg/s,joint_states,-0.260,0.440,0.000,0.000,0.732,-0.151,-0.234,0.381,0.786,-11.679,17.390,,pan
assignment4_topicstop_20261008_194514,17.707,1791456337.594632,460,1791456337.453596,camera_color_optical_frame,1,0.3963,0.8078,0.00321,0.016,1,IDLE,disabled,0.000,0.000,deg/s,joint_states,-0.350,0.440,0.000,0.000,0.743,-0.154,-0.240,0.380,0.792,-11.732,17.519,,pan
assignment4_topicstop_20261008_194514,17.727,1791456337.612404,460,1791456337.453596,camera_color_optical_frame,1,0.3963,0.8078,0.00321,0.036,1,IDLE,disabled,0.000,0.000,deg/s,joint_states,-0.350,0.440,0.000,0.000,0.744,-0.154,-0.240,0.380,0.792,-11.725,17.530,,pan
assignment4_topicstop_20261008_194514,17.746,1791456337.632928,461,1791456337.486949,camera_color_optical_frame,1,0.3971,0.8076,0.00310,0.016,1,IDLE,disabled,0.000,0.000,deg/s,joint_states,-0.260,0.530,0.000,0.000,0.742,-0.155,-0.242,0.386,0.796,-11.824,17.679,,pan
assignment4_topicstop_20261008_194514,17.765,1791456337.650705,461,1791456337.486949,camera_color_optical_frame,1,0.3971,0.8076,0.00310,0.035,1,IDLE,disabled,0.000,0.000,deg/s,joint_states,-0.350,0.440,0.000,0.000,0.742,-0.155,-0.242,0.384,0.801,-11.834,17.703,,pan
assignment4_topicstop_20261008_194514,17.789,1791456337.677231,462,1791456337.520301,camera_color_optical_frame,1,0.3966,0.8077,0.00321,0.020,1,IDLE,disabled,0.000,0.000,deg/s,joint_states,-0.350,0.440,0.000,0.000,0.743,-0.158,-0.238,0.388,0.787,-11.973,17.414,,pan
assignment4_topicstop_20261008_194514,17.807,1791456337.692646,463,1791456337.553654,camera_color_optical_frame,1,0.3964,0.8073,0.00322,0.005,1,IDLE,disabled,0.000,0.000,deg/s,joint_states,-0.260,0.440,0.000,0.000,0.742,-0.154,-0.235,0.383,0.777,-11.740,17.218,,pan
assignment4_topicstop_20261008_194514,17.827,1791456337.715616,463,1791456337.553654,camera_color_optical_frame,1,0.3964,0.8073,0.00322,0.025,1,IDLE,disabled,0.000,0.000,deg/s,joint_states,-0.260,0.440,0.000,0.000,0.743,-0.154,-0.235,0.383,0.776,-11.740,17.190,,pan
assignment4_topicstop_20261008_194514,17.848,1791456337.736741,464,1791456337.587006,camera_color_optical_frame,1,0.3959,0.8088,0.00327,0.013,1,IDLE,disabled,0.000,0.000,deg/s,joint_states,-0.260,0.530,0.000,0.000,0.742,-0.154,-0.239,0.384,0.786,-11.754,17.485,,pan
assignment4_topicstop_20261008_194514,17.867,1791456337.754294,464,1791456337.587006,camera_color_optical_frame,1,0.3959,0.8088,0.00327,0.032,1,IDLE,disabled,0.000,0.000,deg/s,joint_states,-0.260,0.530,0.000,0.000,0.743,-0.154,-0.239,0.384,0.786,-11.749,17.491,,pan
assignment4_topicstop_20261008_194514,17.887,1791456337.772916,465,1791456337.620358,camera_color_optical_frame,1,0.3966,0.8082,0.00317,0.013,1,IDLE,disabled,0.000,0.000,deg/s,joint_states,-0.350,0.440,0.000,0.000,0.739,-0.155,-0.239,0.385,0.795,-11.868,17.566,,pan
assignment4_topicstop_20261008_194514,17.907,1791456337.793012,465,1791456337.620358,camera_color_optical_frame,1,0.3966,0.8082,0.00317,0.033,1,IDLE,disabled,0.000,0.000,deg/s,joint_states,-0.350,0.440,0.000,0.000,0.739,-0.155,-0.239,0.385,0.795,-11.879,17.580,,pan
assignment4_topicstop_20261008_194514,17.925,1791456337.812540,466,1791456337.653711,camera_color_optical_frame,1,0.3963,0.8085,0.00318,0.013,1,IDLE,disabled,0.000,0.000,deg/s,joint_states,-0.260,0.440,0.000,0.000,0.741,-0.154,-0.237,0.383,0.787,-11.735,17.414,,pan
assignment4_topicstop_20261008_194514,17.948,1791456337.834474,466,1791456337.653711,camera_color_optical_frame,1,0.3963,0.8085,0.00318,0.035,1,IDLE,disabled,0.000,0.000,deg/s,joint_states,-0.260,0.440,0.000,0.000,0.741,-0.154,-0.237,0.383,0.787,-11.729,17.412,,pan
assignment4_topicstop_20261008_194514,17.968,1791456337.857304,467,1791456337.687064,camera_color_optical_frame,1,0.3969,0.8078,0.00318,0.017,1,IDLE,disabled,0.000,0.000,deg/s,joint_states,-0.350,0.440,0.000,0.000,0.740,-0.152,-0.236,0.376,0.782,-11.608,17.316,,pan
assignment4_topicstop_20261008_194514,17.985,1791456337.871562,467,1791456337.687064,camera_color_optical_frame,1,0.3969,0.8078,0.00318,0.034,1,IDLE,disabled,0.000,0.000,deg/s,joint_states,-0.350,0.530,0.000,0.000,0.740,-0.152,-0.235,0.375,0.777,-11.595,17.306,,pan
assignment4_topicstop_20261008_194514,18.007,1791456337.895273,468,1791456337.720416,camera_color_optical_frame,1,0.3966,0.8082,0.00316,0.019,1,IDLE,disabled,0.000,0.000,deg/s,joint_states,-0.350,0.530,0.000,0.000,0.733,-0.153,-0.236,0.382,0.788,-11.792,17.523,,pan
assignment4_topicstop_20261008_194514,18.028,1791456337.914636,469,1791456337.753768,camera_color_optical_frame,1,0.3966,0.8079,0.00318,0.008,1,IDLE,disabled,0.000,0.000,deg/s,joint_states,-0.260,0.440,0.000,0.000,0.738,-0.155,-0.236,0.388,0.787,-11.872,17.396,,pan
assignment4_topicstop_20261008_194514,18.048,1791456337.934331,469,1791456337.753768,camera_color_optical_frame,1,0.3966,0.8079,0.00318,0.028,1,IDLE,disabled,0.000,0.000,deg/s,joint_states,-0.260,0.440,0.000,0.000,0.737,-0.155,-0.236,0.388,0.786,-11.880,17.394,,pan
assignment4_topicstop_20261008_194514,18.066,1791456337.952139,470,1791456337.787121,camera_color_optical_frame,1,0.3964,0.8075,0.00318,0.012,1,IDLE,disabled,0.000,0.000,deg/s,joint_states,-0.350,0.440,0.000,0.000,0.732,-0.150,-0.233,0.375,0.781,-11.576,17.297,,pan
assignment4_topicstop_20261008_194514,18.087,1791456337.972743,470,1791456337.787121,camera_color_optical_frame,1,0.3964,0.8075,0.00318,0.033,1,IDLE,disabled,0.000,0.000,deg/s,joint_states,-0.350,0.440,0.000,0.000,0.732,-0.150,-0.232,0.374,0.780,-11.558,17.282,,pan
assignment4_topicstop_20261008_194514,18.106,1791456337.992069,471,1791456337.820473,camera_color_optical_frame,1,0.3963,0.8076,0.00321,0.013,1,IDLE,disabled,0.000,0.000,deg/s,joint_states,-0.260,0.440,0.000,0.000,0.739,-0.154,-0.237,0.385,0.787,-11.779,17.402,,pan
assignment4_topicstop_20261008_194514,18.126,1791456338.011112,471,1791456337.820473,camera_color_optical_frame,1,0.3963,0.8076,0.00321,0.033,1,IDLE,disabled,0.000,0.000,deg/s,joint_states,-0.260,0.440,0.000,0.000,0.739,-0.154,-0.237,0.385,0.786,-11.776,17.400,,pan
assignment4_topicstop_20261008_194514,18.147,1791456338.035735,472,1791456337.853826,camera_color_optical_frame,1,0.3965,0.8091,0.00318,0.020,1,IDLE,disabled,0.000,0.000,deg/s,joint_states,-0.260,0.440,0.000,0.000,0.750,-0.159,-0.245,0.391,0.804,-11.959,17.744,,pan
assignment4_topicstop_20261008_194514,18.167,1791456338.053319,473,1791456337.887189,camera_color_optical_frame,1,0.3963,0.8079,0.00323,0.002,1,IDLE,disabled,0.000,0.000,deg/s,joint_states,-0.260,0.440,0.000,0.000,0.744,-0.151,-0.238,0.375,0.787,-11.497,17.426,,pan
assignment4_topicstop_20261008_194514,18.187,1791456338.076896,473,1791456337.887189,camera_color_optical_frame,1,0.3963,0.8079,0.00323,0.022,1,IDLE,disabled,0.000,0.000,deg/s,joint_states,-0.350,0.440,0.000,0.000,0.744,-0.151,-0.238,0.371,0.787,-11.471,17.427,,pan
assignment4_topicstop_20261008_194514,18.207,1791456338.092676,474,1791456337.920536,camera_color_optical_frame,1,0.3963,0.8082,0.00321,0.003,1,IDLE,disabled,0.000,0.000,deg/s,joint_states,-0.260,0.440,0.000,0.000,0.734,-0.152,-0.232,0.383,0.777,-11.725,17.219,,pan
assignment4_topicstop_20261008_194514,18.228,1791456338.117411,474,1791456337.920536,camera_color_optical_frame,1,0.3963,0.8082,0.00321,0.024,1,IDLE,disabled,0.000,0.000,deg/s,joint_states,-0.260,0.440,0.000,0.000,0.733,-0.152,-0.232,0.383,0.776,-11.720,17.192,,pan
assignment4_topicstop_20261008_194514,18.247,1791456338.134790,475,1791456337.953883,camera_color_optical_frame,1,0.3965,0.8080,0.00320,0.009,1,IDLE,disabled,0.000,0.000,deg/s,joint_states,-0.260,0.440,0.000,0.000,0.736,-0.156,-0.236,0.391,0.788,-11.967,17.424,,pan
assignment4_topicstop_20261008_194514,18.269,1791456338.155304,475,1791456337.953883,camera_color_optical_frame,1,0.3965,0.8080,0.00320,0.031,1,IDLE,disabled,0.000,0.000,deg/s,joint_states,-0.260,0.440,0.000,0.000,0.736,-0.156,-0.236,0.392,0.788,-11.990,17.424,,pan
assignment4_topicstop_20261008_194514,18.289,1791456338.177292,476,1791456337.987230,camera_color_optical_frame,1,0.3966,0.8079,0.00317,0.014,1,IDLE,disabled,0.000,0.000,deg/s,joint_states,-0.260,0.440,0.000,0.000,0.739,-0.152,-0.236,0.378,0.786,-11.591,17.398,,pan
assignment4_topicstop_20261008_194514,18.308,1791456338.194016,476,1791456337.987230,camera_color_optical_frame,1,0.3966,0.8079,0.00317,0.033,1,IDLE,disabled,0.000,0.000,deg/s,joint_states,-0.260,0.440,0.000,0.000,0.739,-0.151,-0.236,0.378,0.786,-11.577,17.396,,pan
assignment4_topicstop_20261008_194514,18.326,1791456338.212435,477,1791456338.020577,camera_color_optical_frame,1,0.3964,0.8077,0.00319,0.013,1,IDLE,disabled,0.000,0.000,deg/s,joint_states,-0.350,0.530,0.000,0.000,0.736,-0.150,-0.235,0.373,0.781,-11.521,17.397,,pan
assignment4_topicstop_20261008_194514,18.347,1791456338.233380,477,1791456338.020577,camera_color_optical_frame,1,0.3964,0.8077,0.00319,0.034,1,IDLE,disabled,0.000,0.000,deg/s,joint_states,-0.350,0.440,0.000,0.000,0.736,-0.150,-0.235,0.372,0.785,-11.500,17.395,,pan
assignment4_topicstop_20261008_194514,18.366,1791456338.253563,478,1791456338.053924,camera_color_optical_frame,1,0.3963,0.8083,0.00322,0.012,1,IDLE,disabled,0.000,0.000,deg/s,joint_states,-0.350,0.440,0.000,0.000,0.742,-0.155,-0.238,0.381,0.788,-11.762,17.440,,pan
assignment4_topicstop_20261008_194514,18.386,1791456338.271842,478,1791456338.053924,camera_color_optical_frame,1,0.3963,0.8083,0.00322,0.033,1,IDLE,disabled,0.000,0.000,deg/s,joint_states,-0.350,0.440,0.000,0.000,0.743,-0.155,-0.238,0.381,0.788,-11.761,17.441,,pan
assignment4_topicstop_20261008_194514,18.408,1791456338.298726,479,1791456338.087271,camera_color_optical_frame,1,0.3964,0.8073,0.00313,0.017,1,IDLE,disabled,0.000,0.000,deg/s,joint_states,-0.350,0.440,0.000,0.000,0.732,-0.155,-0.234,0.388,0.786,-11.965,17.384,,pan
assignment4_topicstop_20261008_194514,18.426,1791456338.312363,479,1791456338.087271,camera_color_optical_frame,1,0.3964,0.8073,0.00313,0.035,1,IDLE,disabled,0.000,0.000,deg/s,joint_states,-0.350,0.440,0.000,0.000,0.731,-0.155,-0.234,0.389,0.786,-11.979,17.382,,pan
assignment4_topicstop_20261008_194514,18.450,1791456338.338100,480,1791456338.120618,camera_color_optical_frame,1,0.3959,0.8086,0.00327,0.021,1,IDLE,disabled,0.000,0.000,deg/s,joint_states,-0.350,0.440,0.000,0.000,0.728,-0.151,-0.234,0.379,0.788,-11.690,17.451,,pan
assignment4_topicstop_20261008_194514,18.466,1791456338.354575,481,1791456338.153964,camera_color_optical_frame,1,0.3964,0.8105,0.00319,0.008,1,IDLE,disabled,0.000,0.000,deg/s,joint_states,-0.350,0.440,0.000,0.000,0.741,-0.150,-0.241,0.371,0.798,-11.462,17.654,,pan
assignment4_topicstop_20261008_194514,18.487,1791456338.375370,481,1791456338.153964,camera_color_optical_frame,1,0.3964,0.8105,0.00319,0.030,1,IDLE,disabled,0.000,0.000,deg/s,joint_states,-0.350,0.440,0.000,0.000,0.741,-0.150,-0.241,0.370,0.799,-11.435,17.675,,pan
assignment4_topicstop_20261008_194514,18.507,1791456338.393749,482,1791456338.187311,camera_color_optical_frame,1,0.3968,0.8088,0.00316,0.012,1,IDLE,disabled,0.000,0.000,deg/s,joint_states,-0.260,0.530,0.000,0.000,0.740,-0.158,-0.243,0.393,0.802,-12.024,17.794,,pan
assignment4_topicstop_20261008_194514,18.527,1791456338.413690,482,1791456338.187311,camera_color_optical_frame,1,0.3968,0.8088,0.00316,0.032,1,IDLE,disabled,0.000,0.000,deg/s,joint_states,-0.260,0.530,0.000,0.000,0.740,-0.158,-0.243,0.394,0.804,-12.044,17.821,,pan
assignment4_topicstop_20261008_194514,18.547,1791456338.433460,483,1791456338.220658,camera_color_optical_frame,1,0.3964,0.8084,0.00316,0.014,1,IDLE,disabled,0.000,0.000,deg/s,joint_states,-0.350,0.440,0.000,0.000,0.737,-0.158,-0.234,0.393,0.782,-12.097,17.291,,pan
assignment4_topicstop_20261008_194514,18.566,1791456338.451660,483,1791456338.220658,camera_color_optical_frame,1,0.3964,0.8084,0.00316,0.033,1,IDLE,disabled,0.000,0.000,deg/s,joint_states,-0.350,0.440,0.000,0.000,0.736,-0.158,-0.234,0.394,0.781,-12.123,17.279,,pan
assignment4_topicstop_20261008_194514,18.586,1791456338.473258,484,1791456338.254004,camera_color_optical_frame,1,0.3964,0.8090,0.00319,0.016,1,IDLE,disabled,0.000,0.000,deg/s,joint_states,-0.350,0.440,0.000,0.000,0.744,-0.155,-0.235,0.381,0.775,-11.758,17.179,,pan
assignment4_topicstop_20261008_194514,18.607,1791456338.492730,485,1791456338.287350,camera_color_optical_frame,1,0.3965,0.8081,0.00318,0.002,1,IDLE,disabled,0.000,0.000,deg/s,joint_states,-0.350,0.440,0.000,0.000,0.744,-0.155,-0.235,0.381,0.774,-11.753,17.154,,pan
assignment4_topicstop_20261008_194514,18.627,1791456338.515448,485,1791456338.287350,camera_color_optical_frame,1,0.3965,0.8081,0.00318,0.022,1,IDLE,disabled,0.000,0.000,deg/s,joint_states,-0.260,0.440,0.000,0.000,0.737,-0.154,-0.236,0.386,0.787,-11.818,17.405,,pan
assignment4_topicstop_20261008_194514,18.649,1791456338.534869,486,1791456338.354043,camera_color_optical_frame,1,0.3963,0.8075,0.00312,0.003,1,IDLE,disabled,0.000,0.000,deg/s,joint_states,-0.350,0.440,0.000,0.000,0.730,-0.151,-0.234,0.380,0.789,-11.717,17.455,,pan
assignment4_topicstop_20261008_194514,18.668,1791456338.557047,486,1791456338.354043,camera_color_optical_frame,1,0.3963,0.8075,0.00312,0.022,1,IDLE,disabled,0.000,0.000,deg/s,joint_states,-0.350,0.440,0.000,0.000,0.729,-0.151,-0.234,0.379,0.789,-11.710,17.457,,pan
assignment4_topicstop_20261008_194514,18.686,1791456338.571066,487,1791456338.387389,camera_color_optical_frame,1,0.3963,0.8086,0.00325,0.007,1,IDLE,disabled,0.000,0.000,deg/s,joint_states,-0.260,0.440,0.000,0.000,0.740,-0.154,-0.238,0.383,0.788,-11.714,17.440,,pan
assignment4_topicstop_20261008_194514,18.706,1791456338.594921,487,1791456338.387389,camera_color_optical_frame,1,0.3963,0.8086,0.00325,0.028,1,IDLE,disabled,0.000,0.000,deg/s,joint_states,-0.260,0.440,0.000,0.000,0.740,-0.154,-0.238,0.383,0.788,-11.714,17.440,,pan
assignment4_topicstop_20261008_194514,18.725,1791456338.611780,488,1791456338.420735,camera_color_optical_frame,1,0.3964,0.8083,0.00315,0.010,1,IDLE,disabled,0.000,0.000,deg/s,joint_states,-0.260,0.440,0.000,0.000,0.747,-0.154,-0.239,0.381,0.787,-11.675,17.411,,pan
assignment4_topicstop_20261008_194514,18.749,1791456338.635106,488,1791456338.420735,camera_color_optical_frame,1,0.3964,0.8083,0.00315,0.034,1,IDLE,disabled,0.000,0.000,deg/s,joint_states,-0.260,0.440,0.000,0.000,0.748,-0.155,-0.240,0.381,0.787,-11.665,17.410,,pan
assignment4_topicstop_20261008_194514,18.766,1791456338.652474,489,1791456338.454081,camera_color_optical_frame,1,0.3965,0.8090,0.00318,0.013,1,IDLE,disabled,0.000,0.000,deg/s,joint_states,-0.260,0.440,0.000,0.000,0.728,-0.156,-0.234,0.396,0.789,-12.094,17.433,,pan
assignment4_topicstop_20261008_194514,18.789,1791456338.674587,489,1791456338.454081,camera_color_optical_frame,1,0.3965,0.8090,0.00318,0.036,1,IDLE,disabled,0.000,0.000,deg/s,joint_states,-0.260,0.440,0.000,0.000,0.727,-0.156,-0.233,0.397,0.789,-12.127,17.433,,pan
assignment4_topicstop_20261008_194514,18.806,1791456338.691371,490,1791456338.487427,camera_color_optical_frame,1,0.3965,0.8072,0.00318,0.013,1,IDLE,disabled,0.000,0.000,deg/s,joint_states,-0.350,0.530,0.000,0.000,0.735,-0.153,-0.234,0.380,0.778,-11.744,17.328,,pan
assignment4_topicstop_20261008_194514,18.827,1791456338.712952,490,1791456338.487427,camera_color_optical_frame,1,0.3965,0.8072,0.00318,0.035,1,IDLE,disabled,0.000,0.000,deg/s,joint_states,-0.350,0.440,0.000,0.000,0.734,-0.153,-0.234,0.381,0.782,-11.746,17.320,,pan
assignment4_topicstop_20261008_194514,18.848,1791456338.734600,491,1791456338.520772,camera_color_optical_frame,1,0.3964,0.8083,0.00319,0.018,1,IDLE,disabled,0.000,0.000,deg/s,joint_states,-0.260,0.440,0.000,0.000,0.754,-0.158,-0.241,0.386,0.786,-11.803,17.384,,pan
assignment4_topicstop_20261008_194514,18.867,1791456338.752725,491,1791456338.520772,camera_color_optical_frame,1,0.3964,0.8083,0.00319,0.038,1,IDLE,disabled,0.000,0.000,deg/s,joint_states,-0.260,0.530,0.000,0.000,0.755,-0.158,-0.241,0.385,0.781,-11.803,17.380,,pan
assignment4_topicstop_20261008_194514,18.887,1791456338.776495,492,1791456338.554118,camera_color_optical_frame,1,0.3960,0.8081,0.00315,0.018,1,IDLE,disabled,0.000,0.000,deg/s,joint_states,-0.350,0.440,0.000,0.000,0.747,-0.154,-0.240,0.377,0.790,-11.647,17.485,,pan
assignment4_topicstop_20261008_194514,18.907,1791456338.793076,493,1791456338.587464,camera_color_optical_frame,1,0.3967,0.8081,0.00316,0.003,1,IDLE,disabled,0.000,0.000,deg/s,joint_states,-0.350,0.530,0.000,0.000,0.734,-0.149,-0.235,0.371,0.781,-11.473,17.405,,pan
assignment4_topicstop_20261008_194514,18.927,1791456338.816973,493,1791456338.587464,camera_color_optical_frame,1,0.3967,0.8081,0.00316,0.023,1,IDLE,disabled,0.000,0.000,deg/s,joint_states,-0.350,0.530,0.000,0.000,0.734,-0.149,-0.235,0.370,0.781,-11.447,17.403,,pan
assignment4_topicstop_20261008_194514,18.946,1791456338.832302,494,1791456338.620809,camera_color_optical_frame,1,0.3968,0.8081,0.00316,0.009,1,IDLE,disabled,0.000,0.000,deg/s,joint_states,-0.260,0.440,0.000,0.000,0.736,-0.154,-0.236,0.386,0.787,-11.800,17.411,,pan
assignment4_topicstop_20261008_194514,18.967,1791456338.854875,494,1791456338.620809,camera_color_optical_frame,1,0.3968,0.8081,0.00316,0.030,1,IDLE,disabled,0.000,0.000,deg/s,joint_states,-0.260,0.440,0.000,0.000,0.736,-0.154,-0.236,0.386,0.787,-11.807,17.411,,pan
assignment4_topicstop_20261008_194514,18.986,1791456338.872928,495,1791456338.687500,camera_color_optical_frame,1,0.3966,0.8075,0.00317,0.011,1,IDLE,disabled,0.000,0.000,deg/s,joint_states,-0.350,0.440,0.000,0.000,0.742,-0.157,-0.238,0.388,0.788,-11.974,17.420,,pan
assignment4_topicstop_20261008_194514,19.009,1791456338.894696,495,1791456338.687500,camera_color_optical_frame,1,0.3966,0.8075,0.00317,0.035,1,IDLE,disabled,0.000,0.000,deg/s,joint_states,-0.350,0.440,0.000,0.000,0.742,-0.158,-0.238,0.389,0.788,-11.994,17.420,,pan
assignment4_topicstop_20261008_194514,19.027,1791456338.912844,496,1791456338.720845,camera_color_optical_frame,1,0.3965,0.8082,0.00322,0.013,1,IDLE,disabled,0.000,0.000,deg/s,joint_states,-0.260,0.440,0.000,0.000,0.737,-0.153,-0.237,0.383,0.790,-11.722,17.476,,pan
assignment4_topicstop_20261008_194514,19.049,1791456338.935045,496,1791456338.720845,camera_color_optical_frame,1,0.3965,0.8082,0.00322,0.035,1,IDLE,disabled,0.000,0.000,deg/s,joint_states,-0.260,0.440,0.000,0.000,0.737,-0.153,-0.237,0.383,0.790,-11.722,17.476,,pan
assignment4_topicstop_20261008_194514,19.066,1791456338.951716,497,1791456338.754190,camera_color_optical_frame,1,0.3968,0.8075,0.00315,0.011,1,IDLE,disabled,0.000,0.000,deg/s,joint_states,-0.350,0.530,0.000,0.000,0.728,-0.153,-0.234,0.383,0.785,-11.831,17.459,,pan
assignment4_topicstop_20261008_194514,19.087,1791456338.972770,497,1791456338.754190,camera_color_optical_frame,1,0.3968,0.8075,0.00315,0.032,1,IDLE,disabled,0.000,0.000,deg/s,joint_states,-0.350,0.530,0.000,0.000,0.727,-0.152,-0.234,0.383,0.785,-11.832,17.462,,pan
assignment4_topicstop_20261008_194514,19.106,1791456338.991786,498,1791456338.787535,camera_color_optical_frame,1,0.3963,0.8085,0.00317,0.015,1,IDLE,disabled,0.000,0.000,deg/s,joint_states,-0.350,0.440,0.000,0.000,0.750,-0.156,-0.239,0.380,0.783,-11.740,17.342,,pan
assignment4_topicstop_20261008_194514,19.126,1791456339.011907,498,1791456338.787535,camera_color_optical_frame,1,0.3963,0.8085,0.00317,0.035,1,IDLE,disabled,0.000,0.000,deg/s,joint_states,-0.350,0.440,0.000,0.000,0.751,-0.156,-0.239,0.380,0.783,-11.741,17.332,,pan
assignment4_topicstop_20261008_194514,19.146,1791456339.033284,499,1791456338.820880,camera_color_optical_frame,1,0.3968,0.8084,0.00315,0.018,1,IDLE,disabled,0.000,0.000,deg/s,joint_states,-0.260,0.440,0.000,0.000,0.747,-0.151,-0.239,0.373,0.786,-11.446,17.418,,pan
assignment4_topicstop_20261008_194514,19.166,1791456339.051167,499,1791456338.820880,camera_color_optical_frame,1,0.3968,0.8084,0.00315,0.037,1,IDLE,disabled,0.000,0.000,deg/s,joint_states,-0.260,0.440,0.000,0.000,0.747,-0.151,-0.239,0.372,0.786,-11.420,17.417,,pan
assignment4_topicstop_20261008_194514,19.187,1791456339.073686,500,1791456338.854205,camera_color_optical_frame,1,0.3967,0.8078,0.00316,0.019,1,IDLE,disabled,0.000,0.000,deg/s,joint_states,-0.350,0.440,0.000,0.000,0.727,-0.156,-0.232,0.393,0.783,-12.107,17.322,,pan
assignment4_topicstop_20261008_194514,19.205,1791456339.091112,500,1791456338.854205,camera_color_optical_frame,1,0.3967,0.8078,0.00316,0.038,1,IDLE,disabled,0.000,0.000,deg/s,joint_states,-0.350,0.440,0.000,0.000,0.726,-0.156,-0.232,0.394,0.783,-12.133,17.313,,pan
assignment4_topicstop_20261008_194514,19.226,1791456339.113861,501,1791456338.887556,camera_color_optical_frame,1,0.3965,0.8083,0.00317,0.018,1,IDLE,disabled,0.000,0.000,deg/s,joint_states,-0.260,0.440,0.000,0.000,0.739,-0.153,-0.237,0.383,0.787,-11.721,17.417,,pan
assignment4_topicstop_20261008_194514,19.247,1791456339.132771,502,1791456338.920908,camera_color_optical_frame,1,0.3963,0.8083,0.00313,0.002,1,IDLE,disabled,0.000,0.000,deg/s,joint_states,-0.350,0.440,0.000,0.000,0.739,-0.153,-0.237,0.380,0.787,-11.721,17.416,,pan
assignment4_topicstop_20261008_194514,19.269,1791456339.156953,502,1791456338.920908,camera_color_optical_frame,1,0.3963,0.8083,0.00313,0.024,1,IDLE,disabled,0.000,0.000,deg/s,joint_states,-0.350,0.440,0.000,0.000,0.725,-0.152,-0.235,0.385,0.796,-11.874,17.596,,pan
assignment4_topicstop_20261008_194514,19.287,1791456339.172420,503,1791456338.954260,camera_color_optical_frame,1,0.3962,0.8081,0.00317,0.005,1,IDLE,disabled,0.000,0.000,deg/s,joint_states,-0.260,0.440,0.000,0.000,0.734,-0.153,-0.239,0.385,0.801,-11.777,17.699,,pan
assignment4_topicstop_20261008_194514,19.310,1791456339.197174,503,1791456338.954260,camera_color_optical_frame,1,0.3962,0.8081,0.00317,0.028,1,IDLE,disabled,0.000,0.000,deg/s,joint_states,-0.260,0.440,0.000,0.000,0.733,-0.153,-0.239,0.385,0.802,-11.781,17.721,,pan
assignment4_topicstop_20261008_194514,19.326,1791456339.213092,504,1791456339.020962,camera_color_optical_frame,1,0.3958,0.8082,0.00317,0.008,1,IDLE,disabled,0.000,0.000,deg/s,joint_states,-0.260,0.440,0.000,0.000,0.743,-0.152,-0.235,0.378,0.778,-11.588,17.240,,pan
assignment4_topicstop_20261008_194514,19.351,1791456339.236379,504,1791456339.020962,camera_color_optical_frame,1,0.3958,0.8082,0.00317,0.033,1,IDLE,disabled,0.000,0.000,deg/s,joint_states,-0.260,0.440,0.000,0.000,0.744,-0.152,-0.235,0.378,0.777,-11.573,17.216,,pan
assignment4_topicstop_20261008_194514,19.367,1791456339.253187,505,1791456339.054314,camera_color_optical_frame,1,0.3963,0.8074,0.00321,0.013,1,IDLE,disabled,0.000,0.000,deg/s,joint_states,-0.350,0.440,0.000,0.000,0.737,-0.154,-0.236,0.383,0.787,-11.803,17.407,,pan
assignment4_topicstop_20261008_194514,19.389,1791456339.274496,505,1791456339.054314,camera_color_optical_frame,1,0.3963,0.8074,0.00321,0.035,1,IDLE,disabled,0.000,0.000,deg/s,joint_states,-0.350,0.440,0.000,0.000,0.737,-0.154,-0.236,0.383,0.787,-11.803,17.407,,pan
assignment4_topicstop_20261008_194514,19.406,1791456339.292080,506,1791456339.087666,camera_color_optical_frame,1,0.3963,0.8096,0.00321,0.013,1,IDLE,disabled,0.000,0.000,deg/s,joint_states,-0.350,0.440,0.000,0.000,0.731,-0.153,-0.236,0.382,0.793,-11.783,17.542,,pan
assignment4_topicstop_20261008_194514,19.426,1791456339.313149,506,1791456339.087666,camera_color_optical_frame,1,0.3963,0.8096,0.00321,0.033,1,IDLE,disabled,0.000,0.000,deg/s,joint_states,-0.350,0.440,0.000,0.000,0.731,-0.153,-0.236,0.382,0.794,-11.790,17.551,,pan
assignment4_topicstop_20261008_194514,19.447,1791456339.333356,507,1791456339.121017,camera_color_optical_frame,1,0.3955,0.8075,0.00321,0.015,1,IDLE,disabled,0.000,0.000,deg/s,joint_states,-0.260,0.440,0.000,0.000,0.736,-0.156,-0.235,0.391,0.786,-11.953,17.383,,pan
assignment4_topicstop_20261008_194514,19.466,1791456339.351722,507,1791456339.121017,camera_color_optical_frame,1,0.3955,0.8075,0.00321,0.033,1,IDLE,disabled,0.000,0.000,deg/s,joint_states,-0.350,0.530,0.000,0.000,0.735,-0.156,-0.235,0.388,0.781,-11.969,17.381,,pan
assignment4_topicstop_20261008_194514,19.488,1791456339.376925,508,1791456339.154368,camera_color_optical_frame,1,0.3965,0.8081,0.00322,0.018,1,IDLE,disabled,0.000,0.000,deg/s,joint_states,-0.350,0.440,0.000,0.000,0.733,-0.152,-0.234,0.380,0.782,-11.722,17.320,,pan
assignment4_topicstop_20261008_194514,19.506,1791456339.392362,509,1791456339.187719,camera_color_optical_frame,1,0.3962,0.8082,0.00324,0.004,1,IDLE,disabled,0.000,0.000,deg/s,joint_states,-0.260,0.530,0.000,0.000,0.755,-0.154,-0.242,0.375,0.784,-11.509,17.460,,pan
assignment4_topicstop_20261008_194514,19.527,1791456339.415435,509,1791456339.187719,camera_color_optical_frame,1,0.3962,0.8082,0.00324,0.025,1,IDLE,disabled,0.000,0.000,deg/s,joint_states,-0.260,0.530,0.000,0.000,0.757,-0.154,-0.243,0.375,0.784,-11.487,17.464,,pan
assignment4_topicstop_20261008_194514,19.549,1791456339.435793,510,1791456339.221071,camera_color_optical_frame,1,0.3967,0.8085,0.00315,0.011,1,IDLE,disabled,0.000,0.000,deg/s,joint_states,-0.260,0.440,0.000,0.000,0.761,-0.161,-0.245,0.391,0.790,-11.961,17.454,,pan
assignment4_topicstop_20261008_194514,19.571,1791456339.457252,510,1791456339.221071,camera_color_optical_frame,1,0.3967,0.8085,0.00315,0.033,1,IDLE,disabled,0.000,0.000,deg/s,joint_states,-0.260,0.440,0.000,0.000,0.763,-0.162,-0.245,0.392,0.790,-11.979,17.457,,pan
assignment4_topicstop_20261008_194514,19.588,1791456339.477905,511,1791456339.287773,camera_color_optical_frame,1,0.3961,0.8073,0.00313,0.006,1,IDLE,disabled,0.000,0.000,deg/s,joint_states,-0.260,0.440,0.000,0.000,0.733,-0.155,-0.234,0.391,0.786,-11.961,17.371,,pan
assignment4_topicstop_20261008_194514,19.608,1791456339.494902,512,1791456339.321124,camera_color_optical_frame,1,0.3958,0.8080,0.00320,0.009,0,IDLE,disabled,0.000,0.000,deg/s,joint_states,-0.350,0.440,0.000,0.000,0.598,-0.129,-0.197,0.395,0.811,-12.157,17.871,,pan
assignment4_topicstop_20261008_194514,19.628,1791456339.513733,513,1791456339.387826,camera_color_optical_frame,1,0.3970,0.8087,0.00316,0.007,0,IDLE,disabled,0.000,0.000,deg/s,joint_states,-0.260,0.440,0.000,0.000,0.598,-0.131,-0.196,0.404,0.806,-12.331,17.771,,pan
assignment4_topicstop_20261008_194514,19.647,1791456339.535472,514,1791456339.421177,camera_color_optical_frame,1,0.3963,0.8082,0.00323,0.014,0,IDLE,disabled,0.000,0.000,deg/s,joint_states,-0.350,0.440,0.000,0.000,0.598,-0.128,-0.197,0.393,0.808,-12.115,17.822,,pan
assignment4_topicstop_20261008_194514,19.666,1791456339.551674,514,1791456339.421177,camera_color_optical_frame,1,0.3963,0.8082,0.00323,0.032,0,IDLE,disabled,0.000,0.000,deg/s,joint_states,-0.260,0.530,0.000,0.000,0.598,-0.128,-0.197,0.396,0.804,-12.115,17.822,,pan
assignment4_topicstop_20261008_194514,19.690,1791456339.576721,515,1791456339.454527,camera_color_optical_frame,1,0.3963,0.8087,0.00319,0.020,1,IDLE,disabled,0.000,0.000,deg/s,joint_states,-0.260,0.530,0.000,0.000,0.795,-0.164,-0.253,0.380,0.777,-11.654,17.312,,pan
assignment4_topicstop_20261008_194514,19.707,1791456339.593534,516,1791456339.487878,camera_color_optical_frame,1,0.3965,0.8090,0.00316,0.005,1,IDLE,disabled,0.000,0.000,deg/s,joint_states,-0.350,0.440,0.000,0.000,0.790,-0.162,-0.252,0.376,0.783,-11.617,17.339,,pan
assignment4_topicstop_20261008_194514,19.727,1791456339.613173,516,1791456339.487878,camera_color_optical_frame,1,0.3965,0.8090,0.00316,0.025,1,IDLE,disabled,0.000,0.000,deg/s,joint_states,-0.350,0.440,0.000,0.000,0.799,-0.164,-0.254,0.376,0.782,-11.599,17.321,,pan
assignment4_topicstop_20261008_194514,19.750,1791456339.637646,517,1791456339.521229,camera_color_optical_frame,1,0.3963,0.8084,0.00308,0.015,1,IDLE,disabled,0.000,0.000,deg/s,joint_states,-0.260,0.440,0.000,0.000,0.733,-0.152,-0.237,0.382,0.794,-11.692,17.557,,pan
assignment4_topicstop_20261008_194514,19.768,1791456339.653755,517,1791456339.521229,camera_color_optical_frame,1,0.3963,0.8084,0.00308,0.033,1,IDLE,disabled,0.000,0.000,deg/s,joint_states,-0.260,0.530,0.000,0.000,0.732,-0.151,-0.237,0.381,0.790,-11.683,17.569,,pan
assignment4_topicstop_20261008_194514,19.788,1791456339.675176,518,1791456339.554580,camera_color_optical_frame,1,0.3967,0.8086,0.00319,0.016,1,IDLE,disabled,0.000,0.000,deg/s,joint_states,-0.350,0.440,0.000,0.000,0.737,-0.156,-0.236,0.389,0.787,-11.981,17.415,,pan
assignment4_topicstop_20261008_194514,19.807,1791456339.692752,518,1791456339.554580,camera_color_optical_frame,1,0.3967,0.8086,0.00319,0.035,1,IDLE,disabled,0.000,0.000,deg/s,joint_states,-0.260,0.440,0.000,0.000,0.737,-0.157,-0.236,0.393,0.788,-12.007,17.412,,pan
assignment4_topicstop_20261008_194514,19.829,1791456339.717752,519,1791456339.587930,camera_color_optical_frame,1,0.3964,0.8082,0.00321,0.018,1,IDLE,disabled,0.000,0.000,deg/s,joint_states,-0.260,0.440,0.000,0.000,0.745,-0.157,-0.237,0.389,0.783,-11.905,17.321,,pan
assignment4_topicstop_20261008_194514,19.848,1791456339.733938,520,1791456339.621281,camera_color_optical_frame,1,0.3964,0.8080,0.00313,0.004,1,IDLE,disabled,0.000,0.000,deg/s,joint_states,-0.260,0.440,0.000,0.000,0.742,-0.152,-0.239,0.377,0.793,-11.565,17.541,,pan
assignment4_topicstop_20261008_194514,19.869,1791456339.756870,520,1791456339.621281,camera_color_optical_frame,1,0.3964,0.8080,0.00313,0.025,1,IDLE,disabled,0.000,0.000,deg/s,joint_states,-0.260,0.440,0.000,0.000,0.742,-0.152,-0.240,0.376,0.793,-11.536,17.553,,pan
assignment4_topicstop_20261008_194514,19.886,1791456339.771420,521,1791456339.654632,camera_color_optical_frame,1,0.3967,0.8106,0.00316,0.009,1,IDLE,disabled,0.000,0.000,deg/s,joint_states,-0.350,0.440,0.000,0.000,0.731,-0.152,-0.236,0.381,0.794,-11.767,17.555,,pan
assignment4_topicstop_20261008_194514,19.910,1791456339.797592,521,1791456339.654632,camera_color_optical_frame,1,0.3967,0.8106,0.00316,0.033,1,IDLE,disabled,0.000,0.000,deg/s,joint_states,-0.350,0.440,0.000,0.000,0.730,-0.152,-0.236,0.381,0.795,-11.762,17.572,,pan
assignment4_topicstop_20261008_194514,19.926,1791456339.813424,522,1791456339.687982,camera_color_optical_frame,1,0.3963,0.8094,0.00320,0.009,1,IDLE,disabled,0.000,0.000,deg/s,joint_states,-0.350,0.440,0.000,0.000,0.741,-0.153,-0.237,0.379,0.786,-11.701,17.403,,pan
assignment4_topicstop_20261008_194514,19.949,1791456339.835073,522,1791456339.687982,camera_color_optical_frame,1,0.3963,0.8094,0.00320,0.033,1,IDLE,disabled,0.000,0.000,deg/s,joint_states,-0.350,0.440,0.000,0.000,0.741,-0.153,-0.237,0.379,0.786,-11.699,17.394,,pan
assignment4_topicstop_20261008_194514,19.966,1791456339.852856,523,1791456339.721333,camera_color_optical_frame,1,0.3963,0.8079,0.00319,0.013,1,IDLE,disabled,0.000,0.000,deg/s,joint_states,-0.350,0.440,0.000,0.000,0.741,-0.153,-0.236,0.379,0.783,-11.703,17.347,,pan
assignment4_topicstop_20261008_194514,19.988,1791456339.873392,523,1791456339.721333,camera_color_optical_frame,1,0.3963,0.8079,0.00319,0.034,1,IDLE,disabled,0.000,0.000,deg/s,joint_states,-0.350,0.440,0.000,0.000,0.741,-0.153,-0.236,0.379,0.783,-11.702,17.335,,pan
assignment4_topicstop_20261008_194514,20.006,1791456339.891911,524,1791456339.754683,camera_color_optical_frame,1,0.3966,0.8083,0.00317,0.014,1,IDLE,disabled,0.000,0.000,deg/s,joint_states,-0.260,0.440,0.000,0.000,0.734,-0.156,-0.235,0.393,0.786,-12.016,17.377,,pan
assignment4_topicstop_20261008_194514,20.027,1791456339.912875,524,1791456339.754683,camera_color_optical_frame,1,0.3966,0.8083,0.00317,0.035,1,IDLE,disabled,0.000,0.000,deg/s,joint_states,-0.260,0.440,0.000,0.000,0.733,-0.156,-0.234,0.394,0.786,-12.048,17.369,,pan
assignment4_topicstop_20261008_194514,20.046,1791456339.932954,525,1791456339.788033,camera_color_optical_frame,1,0.3962,0.8087,0.00322,0.014,1,IDLE,disabled,0.000,0.000,deg/s,joint_states,-0.350,0.440,0.000,0.000,0.730,-0.155,-0.235,0.389,0.790,-11.994,17.472,,pan
assignment4_topicstop_20261008_194514,20.065,1791456339.951164,525,1791456339.788033,camera_color_optical_frame,1,0.3962,0.8087,0.00322,0.034,1,IDLE,disabled,0.000,0.000,deg/s,joint_states,-0.350,0.440,0.000,0.000,0.729,-0.155,-0.235,0.390,0.791,-12.020,17.477,,pan
assignment4_topicstop_20261008_194514,20.088,1791456339.977046,526,1791456339.821383,camera_color_optical_frame,1,0.3968,0.8098,0.00316,0.018,1,IDLE,disabled,0.000,0.000,deg/s,joint_states,-0.260,0.440,0.000,0.000,0.745,-0.154,-0.240,0.382,0.792,-11.706,17.525,,pan
assignment4_topicstop_20261008_194514,20.105,1791456339.991475,526,1791456339.821383,camera_color_optical_frame,1,0.3968,0.8098,0.00316,0.035,1,IDLE,disabled,0.000,0.000,deg/s,joint_states,-0.260,0.440,0.000,0.000,0.746,-0.154,-0.241,0.382,0.793,-11.698,17.533,,pan
assignment4_topicstop_20261008_194514,20.127,1791456340.015772,527,1791456339.854734,camera_color_optical_frame,1,0.3967,0.8082,0.00317,0.017,1,IDLE,disabled,0.000,0.000,deg/s,joint_states,-0.260,0.440,0.000,0.000,0.748,-0.153,-0.239,0.377,0.786,-11.546,17.394,,pan
assignment4_topicstop_20261008_194514,20.145,1791456340.031664,527,1791456339.854734,camera_color_optical_frame,1,0.3967,0.8082,0.00317,0.036,1,IDLE,disabled,0.000,0.000,deg/s,joint_states,-0.260,0.440,0.000,0.000,0.749,-0.153,-0.239,0.376,0.785,-11.525,17.391,,pan
assignment4_topicstop_20261008_194514,20.168,1791456340.056400,528,1791456339.888072,camera_color_optical_frame,1,0.3963,0.8083,0.00319,0.019,1,IDLE,disabled,0.000,0.000,deg/s,joint_states,-0.260,0.440,0.000,0.000,0.734,-0.150,-0.234,0.377,0.783,-11.553,17.350,,pan
assignment4_topicstop_20261008_194514,20.186,1791456340.071332,529,1791456339.921428,camera_color_optical_frame,1,0.3963,0.8089,0.00321,0.007,1,IDLE,disabled,0.000,0.000,deg/s,joint_states,-0.260,0.440,0.000,0.000,0.743,-0.158,-0.239,0.392,0.790,-11.976,17.470,,pan
assignment4_topicstop_20261008_194514,20.209,1791456340.096193,529,1791456339.921428,camera_color_optical_frame,1,0.3963,0.8089,0.00321,0.030,1,IDLE,disabled,0.000,0.000,deg/s,joint_states,-0.350,0.440,0.000,0.000,0.743,-0.158,-0.239,0.389,0.791,-12.004,17.476,,pan
assignment4_topicstop_20261008_194514,20.226,1791456340.113247,530,1791456339.954785,camera_color_optical_frame,1,0.3957,0.8085,0.00321,0.011,1,IDLE,disabled,0.000,0.000,deg/s,joint_states,-0.260,0.440,0.000,0.000,0.739,-0.152,-0.237,0.380,0.788,-11.648,17.444,,pan
assignment4_topicstop_20261008_194514,20.246,1791456340.134750,530,1791456339.954785,camera_color_optical_frame,1,0.3957,0.8085,0.00321,0.031,1,IDLE,disabled,0.000,0.000,deg/s,joint_states,-0.260,0.440,0.000,0.000,0.739,-0.152,-0.237,0.380,0.788,-11.642,17.446,,pan
assignment4_topicstop_20261008_194514,20.267,1791456340.153442,531,1791456339.988141,camera_color_optical_frame,1,0.3959,0.8083,0.00319,0.012,1,IDLE,disabled,0.000,0.000,deg/s,joint_states,-0.260,0.440,0.000,0.000,0.742,-0.150,-0.237,0.374,0.786,-11.455,17.402,,pan
assignment4_topicstop_20261008_194514,20.289,1791456340.174984,531,1791456339.988141,camera_color_optical_frame,1,0.3959,0.8083,0.00319,0.035,1,IDLE,disabled,0.000,0.000,deg/s,joint_states,-0.260,0.440,0.000,0.000,0.742,-0.150,-0.237,0.373,0.785,-11.421,17.399,,pan
assignment4_topicstop_20261008_194514,20.307,1791456340.192768,532,1791456340.021497,camera_color_optical_frame,1,0.3964,0.8076,0.00317,0.014,1,IDLE,disabled,0.000,0.000,deg/s,joint_states,-0.260,0.440,0.000,0.000,0.746,-0.155,-0.238,0.385,0.785,-11.771,17.364,,pan
assignment4_topicstop_20261008_194514,20.327,1791456340.213118,532,1791456340.021497,camera_color_optical_frame,1,0.3964,0.8076,0.00317,0.034,1,IDLE,disabled,0.000,0.000,deg/s,joint_states,-0.260,0.440,0.000,0.000,0.746,-0.156,-0.238,0.385,0.784,-11.777,17.359,,pan
assignment4_topicstop_20261008_194514,20.347,1791456340.232524,533,1791456340.054854,camera_color_optical_frame,1,0.3964,0.8090,0.00315,0.015,1,IDLE,disabled,0.000,0.000,deg/s,joint_states,-0.260,0.440,0.000,0.000,0.727,-0.152,-0.234,0.387,0.790,-11.842,17.473,,pan
assignment4_topicstop_20261008_194514,20.366,1791456340.251894,533,1791456340.054854,camera_color_optical_frame,1,0.3964,0.8090,0.00315,0.034,1,IDLE,disabled,0.000,0.000,deg/s,joint_states,-0.260,0.440,0.000,0.000,0.726,-0.152,-0.233,0.387,0.790,-11.853,17.477,,pan
assignment4_topicstop_20261008_194514,20.386,1791456340.272400,534,1791456340.088210,camera_color_optical_frame,1,0.3966,0.8082,0.00319,0.014,1,IDLE,disabled,0.000,0.000,deg/s,joint_states,-0.260,0.440,0.000,0.000,0.722,-0.150,-0.232,0.384,0.789,-11.754,17.454,,pan
assignment4_topicstop_20261008_194514,20.407,1791456340.292136,534,1791456340.088210,camera_color_optical_frame,1,0.3966,0.8082,0.00319,0.035,1,IDLE,disabled,0.000,0.000,deg/s,joint_states,-0.260,0.440,0.000,0.000,0.720,-0.150,-0.231,0.384,0.789,-11.757,17.458,,pan
assignment4_topicstop_20261008_194514,20.428,1791456340.317007,535,1791456340.121567,camera_color_optical_frame,1,0.3960,0.8062,0.00315,0.018,1,IDLE,disabled,0.000,0.000,deg/s,joint_states,-0.350,0.440,0.000,0.000,0.749,-0.154,-0.239,0.376,0.784,-11.620,17.364,,pan
assignment4_topicstop_20261008_194514,20.446,1791456340.331691,535,1791456340.121567,camera_color_optical_frame,1,0.3960,0.8062,0.00315,0.036,1,IDLE,disabled,0.000,0.000,deg/s,joint_states,-0.350,0.440,0.000,0.000,0.749,-0.154,-0.239,0.376,0.784,-11.611,17.358,,pan
assignment4_topicstop_20261008_194514,20.470,1791456340.358386,536,1791456340.154923,camera_color_optical_frame,1,0.3962,0.8092,0.00324,0.020,1,IDLE,disabled,0.000,0.000,deg/s,joint_states,-0.350,0.440,0.000,0.000,0.747,-0.158,-0.241,0.387,0.792,-11.947,17.508,,pan
assignment4_topicstop_20261008_194514,20.487,1791456340.372229,537,1791456340.188279,camera_color_optical_frame,1,0.3964,0.8078,0.00321,0.005,1,IDLE,disabled,0.000,0.000,deg/s,joint_states,-0.350,0.440,0.000,0.000,0.747,-0.158,-0.241,0.388,0.792,-11.960,17.513,,pan
assignment4_topicstop_20261008_194514,20.507,1791456340.395569,537,1791456340.188279,camera_color_optical_frame,1,0.3964,0.8078,0.00321,0.025,1,IDLE,disabled,0.000,0.000,deg/s,joint_states,-0.350,0.440,0.000,0.000,0.740,-0.158,-0.237,0.391,0.787,-12.062,17.405,,pan
assignment4_topicstop_20261008_194514,20.528,1791456340.414530,538,1791456340.221636,camera_color_optical_frame,1,0.3962,0.8082,0.00320,0.010,1,IDLE,disabled,0.000,0.000,deg/s,joint_states,-0.350,0.440,0.000,0.000,0.746,-0.155,-0.238,0.379,0.784,-11.699,17.366,,pan
assignment4_topicstop_20261008_194514,20.549,1791456340.435435,538,1791456340.221636,camera_color_optical_frame,1,0.3962,0.8082,0.00320,0.031,1,IDLE,disabled,0.000,0.000,deg/s,joint_states,-0.350,0.440,0.000,0.000,0.747,-0.155,-0.238,0.379,0.784,-11.692,17.359,,pan
assignment4_topicstop_20261008_194514,20.566,1791456340.452385,539,1791456340.254992,camera_color_optical_frame,1,0.3965,0.8071,0.00315,0.010,1,IDLE,disabled,0.000,0.000,deg/s,joint_states,-0.260,0.440,0.000,0.000,0.733,-0.149,-0.234,0.375,0.783,-11.498,17.354,,pan
assignment4_topicstop_20261008_194514,20.586,1791456340.472575,539,1791456340.254992,camera_color_optical_frame,1,0.3965,0.8071,0.00315,0.030,1,IDLE,disabled,0.000,0.000,deg/s,joint_states,-0.260,0.440,0.000,0.000,0.733,-0.149,-0.234,0.374,0.783,-11.475,17.349,,pan
assignment4_topicstop_20261008_194514,20.606,1791456340.493329,540,1791456340.288348,camera_color_optical_frame,1,0.3963,0.8081,0.00322,0.014,1,IDLE,disabled,0.000,0.000,deg/s,joint_states,-0.260,0.440,0.000,0.000,0.724,-0.153,-0.232,0.389,0.787,-11.916,17.412,,pan
assignment4_topicstop_20261008_194514,20.626,1791456340.511560,540,1791456340.288348,camera_color_optical_frame,1,0.3963,0.8081,0.00322,0.033,1,IDLE,disabled,0.000,0.000,deg/s,joint_states,-0.260,0.440,0.000,0.000,0.723,-0.153,-0.232,0.390,0.787,-11.927,17.411,,pan
assignment4_topicstop_20261008_194514,20.647,1791456340.535589,541,1791456340.321705,camera_color_optical_frame,1,0.3960,0.8082,0.00322,0.017,1,IDLE,disabled,0.000,0.000,deg/s,joint_states,-0.350,0.440,0.000,0.000,0.733,-0.156,-0.236,0.390,0.792,-12.031,17.496,,pan
assignment4_topicstop_20261008_194514,20.666,1791456340.551651,541,1791456340.321705,camera_color_optical_frame,1,0.3960,0.8082,0.00322,0.036,1,IDLE,disabled,0.000,0.000,deg/s,joint_states,-0.260,0.440,0.000,0.000,0.733,-0.157,-0.236,0.394,0.792,-12.052,17.503,,pan
assignment4_topicstop_20261008_194514,20.687,1791456340.575491,542,1791456340.355061,camera_color_optical_frame,1,0.3960,0.8084,0.00325,0.017,1,IDLE,disabled,0.000,0.000,deg/s,joint_states,-0.350,0.440,0.000,0.000,0.732,-0.152,-0.235,0.379,0.788,-11.701,17.450,,pan
assignment4_topicstop_20261008_194514,20.707,1791456340.593301,542,1791456340.355061,camera_color_optical_frame,1,0.3960,0.8084,0.00325,0.038,1,IDLE,disabled,0.000,0.000,deg/s,joint_states,-0.350,0.440,0.000,0.000,0.732,-0.151,-0.235,0.379,0.788,-11.694,17.452,,pan
assignment4_topicstop_20261008_194514,20.730,1791456340.617861,543,1791456340.388418,camera_color_optical_frame,1,0.3966,0.8080,0.00319,0.020,1,IDLE,disabled,0.000,0.000,deg/s,joint_states,-0.260,0.440,0.000,0.000,0.750,-0.157,-0.240,0.387,0.787,-11.853,17.402,,pan
assignment4_topicstop_20261008_194514,20.746,1791456340.631743,544,1791456340.421774,camera_color_optical_frame,1,0.3965,0.8078,0.00313,0.009,1,IDLE,disabled,0.000,0.000,deg/s,joint_states,-0.350,0.440,0.000,0.000,0.744,-0.154,-0.238,0.378,0.786,-11.678,17.399,,pan
assignment4_topicstop_20261008_194514,20.768,1791456340.655945,544,1791456340.421774,camera_color_optical_frame,1,0.3965,0.8078,0.00313,0.032,1,IDLE,disabled,0.000,0.000,deg/s,joint_states,-0.260,0.440,0.000,0.000,0.744,-0.154,-0.238,0.381,0.786,-11.669,17.397,,pan
assignment4_topicstop_20261008_194514,20.788,1791456340.674505,545,1791456340.455130,camera_color_optical_frame,1,0.3961,0.8083,0.00323,0.012,1,IDLE,disabled,0.000,0.000,deg/s,joint_states,-0.260,0.440,0.000,0.000,0.733,-0.147,-0.235,0.371,0.788,-11.379,17.447,,pan
assignment4_topicstop_20261008_194514,20.806,1791456340.692594,546,1791456340.521843,camera_color_optical_frame,1,0.3965,0.8086,0.00321,0.011,0,IDLE,disabled,0.000,0.000,deg/s,joint_states,-0.260,0.440,0.000,0.000,0.518,-0.115,-0.174,0.410,0.826,-12.518,18.154,,pan
assignment4_topicstop_20261008_194514,20.827,1791456340.712735,546,1791456340.521843,camera_color_optical_frame,1,0.3965,0.8086,0.00321,0.031,0,IDLE,disabled,0.000,0.000,deg/s,joint_states,-0.350,0.440,0.000,0.000,0.508,-0.113,-0.171,0.409,0.828,-12.570,18.200,,pan
assignment4_topicstop_20261008_194514,20.845,1791456340.732120,547,1791456340.555199,camera_color_optical_frame,1,0.3962,0.8082,0.00321,0.016,1,IDLE,disabled,0.000,0.000,deg/s,joint_states,-0.260,0.440,0.000,0.000,0.739,-0.154,-0.237,0.385,0.788,-11.799,17.423,,pan
assignment4_topicstop_20261008_194514,20.866,1791456340.751176,547,1791456340.555199,camera_color_optical_frame,1,0.3962,0.8082,0.00321,0.036,1,IDLE,disabled,0.000,0.000,deg/s,joint_states,-0.350,0.440,0.000,0.000,0.739,-0.154,-0.237,0.382,0.787,-11.799,17.423,,pan
assignment4_topicstop_20261008_194514,20.886,1791456340.773577,548,1791456340.588556,camera_color_optical_frame,1,0.3963,0.8076,0.00319,0.019,1,IDLE,disabled,0.000,0.000,deg/s,joint_states,-0.350,0.440,0.000,0.000,0.825,-0.168,-0.261,0.373,0.777,-11.525,17.225,,pan
assignment4_topicstop_20261008_194514,20.906,1791456340.791599,548,1791456340.588556,camera_color_optical_frame,1,0.3963,0.8076,0.00319,0.038,1,IDLE,disabled,0.000,0.000,deg/s,joint_states,-0.350,0.440,0.000,0.000,0.834,-0.170,-0.264,0.372,0.776,-11.506,17.207,,pan
assignment4_topicstop_20261008_194514,20.927,1791456340.816423,549,1791456340.621912,camera_color_optical_frame,1,0.3959,0.8085,0.00324,0.019,1,IDLE,disabled,0.000,0.000,deg/s,joint_states,-0.260,0.440,0.000,0.000,0.740,-0.151,-0.237,0.377,0.788,-11.553,17.454,,pan
assignment4_topicstop_20261008_194514,20.946,1791456340.832414,549,1791456340.621912,camera_color_optical_frame,1,0.3959,0.8085,0.00324,0.038,1,IDLE,disabled,0.000,0.000,deg/s,joint_states,-0.350,0.440,0.000,0.000,0.740,-0.151,-0.237,0.373,0.788,-11.535,17.456,,pan
assignment4_topicstop_20261008_194514,20.967,1791456340.855135,550,1791456340.655268,camera_color_optical_frame,1,0.3963,0.8078,0.00323,0.018,1,IDLE,disabled,0.000,0.000,deg/s,joint_states,-0.350,0.440,0.000,0.000,0.735,-0.152,-0.235,0.379,0.787,-11.698,17.427,,pan
assignment4_topicstop_20261008_194514,20.986,1791456340.873399,551,1791456340.688624,camera_color_optical_frame,1,0.3968,0.8084,0.00315,0.009,1,IDLE,disabled,0.000,0.000,deg/s,joint_states,-0.350,0.440,0.000,0.000,0.728,-0.155,-0.233,0.390,0.788,-12.010,17.417,,pan
assignment4_topicstop_20261008_194514,21.008,1791456340.893926,551,1791456340.688624,camera_color_optical_frame,1,0.3968,0.8084,0.00315,0.030,1,IDLE,disabled,0.000,0.000,deg/s,joint_states,-0.350,0.440,0.000,0.000,0.727,-0.155,-0.233,0.390,0.788,-12.034,17.416,,pan
assignment4_topicstop_20261008_194514,21.026,1791456340.912262,552,1791456340.721981,camera_color_optical_frame,1,0.3962,0.8080,0.00322,0.011,1,IDLE,disabled,0.000,0.000,deg/s,joint_states,-0.350,0.440,0.000,0.000,0.737,-0.155,-0.237,0.386,0.788,-11.912,17.433,,pan
assignment4_topicstop_20261008_194514,21.046,1791456340.932203,552,1791456340.721981,camera_color_optical_frame,1,0.3962,0.8080,0.00322,0.031,1,IDLE,disabled,0.000,0.000,deg/s,joint_states,-0.350,0.440,0.000,0.000,0.737,-0.156,-0.237,0.387,0.788,-11.928,17.435,,pan
assignment4_topicstop_20261008_194514,21.067,1791456340.953014,553,1791456340.755337,camera_color_optical_frame,1,0.3968,0.8081,0.00315,0.016,1,IDLE,disabled,0.000,0.000,deg/s,joint_states,-0.350,0.440,0.000,0.000,0.744,-0.156,-0.238,0.384,0.787,-11.844,17.405,,pan
assignment4_topicstop_20261008_194514,21.086,1791456340.971559,553,1791456340.755337,camera_color_optical_frame,1,0.3968,0.8081,0.00315,0.035,1,IDLE,disabled,0.000,0.000,deg/s,joint_states,-0.350,0.440,0.000,0.000,0.745,-0.156,-0.238,0.384,0.787,-11.847,17.403,,pan
assignment4_topicstop_20261008_194514,21.106,1791456340.992387,554,1791456340.788693,camera_color_optical_frame,1,0.3962,0.8093,0.00323,0.016,1,IDLE,disabled,0.000,0.000,deg/s,joint_states,-0.260,0.440,0.000,0.000,0.742,-0.152,-0.239,0.377,0.792,-11.560,17.527,,pan
assignment4_topicstop_20261008_194514,21.126,1791456341.011741,554,1791456340.788693,camera_color_optical_frame,1,0.3962,0.8093,0.00323,0.036,1,IDLE,disabled,0.000,0.000,deg/s,joint_states,-0.350,0.440,0.000,0.000,0.742,-0.152,-0.239,0.374,0.792,-11.545,17.535,,pan
assignment4_topicstop_20261008_194514,21.148,1791456341.037490,555,1791456340.822050,camera_color_optical_frame,1,0.3969,0.8087,0.00316,0.020,1,IDLE,disabled,0.000,0.000,deg/s,joint_states,-0.350,0.440,0.000,0.000,0.747,-0.156,-0.240,0.384,0.790,-11.835,17.466,,pan
assignment4_topicstop_20261008_194514,21.168,1791456341.054190,556,1791456340.855366,camera_color_optical_frame,1,0.3965,0.8087,0.00322,0.003,1,IDLE,disabled,0.000,0.000,deg/s,joint_states,-0.260,0.440,0.000,0.000,0.734,-0.157,-0.235,0.395,0.787,-12.088,17.395,,pan
assignment4_topicstop_20261008_194514,21.187,1791456341.076416,556,1791456340.855366,camera_color_optical_frame,1,0.3965,0.8087,0.00322,0.022,1,IDLE,disabled,0.000,0.000,deg/s,joint_states,-0.350,0.440,0.000,0.000,0.733,-0.157,-0.235,0.393,0.787,-12.115,17.391,,pan
assignment4_topicstop_20261008_194514,21.207,1791456341.093027,557,1791456340.888735,camera_color_optical_frame,1,0.3967,0.8083,0.00319,0.005,1,IDLE,disabled,0.000,0.000,deg/s,joint_states,-0.260,0.440,0.000,0.000,0.740,-0.155,-0.237,0.385,0.787,-11.794,17.400,,pan
assignment4_topicstop_20261008_194514,21.231,1791456341.117073,557,1791456340.888735,camera_color_optical_frame,1,0.3967,0.8083,0.00319,0.029,1,IDLE,disabled,0.000,0.000,deg/s,joint_states,-0.260,0.440,0.000,0.000,0.740,-0.155,-0.237,0.385,0.786,-11.791,17.397,,pan
assignment4_topicstop_20261008_194514,21.246,1791456341.133469,558,1791456340.922105,camera_color_optical_frame,1,0.3960,0.8077,0.00319,0.010,1,IDLE,disabled,0.000,0.000,deg/s,joint_states,-0.260,0.440,0.000,0.000,0.734,-0.151,-0.234,0.379,0.783,-11.602,17.348,,pan
assignment4_topicstop_20261008_194514,21.268,1791456341.154840,558,1791456340.922105,camera_color_optical_frame,1,0.3960,0.8077,0.00319,0.032,1,IDLE,disabled,0.000,0.000,deg/s,joint_states,-0.260,0.440,0.000,0.000,0.733,-0.150,-0.234,0.378,0.783,-11.585,17.341,,pan
assignment4_topicstop_20261008_194514,21.287,1791456341.173307,559,1791456340.955475,camera_color_optical_frame,1,0.3961,0.8085,0.00324,0.013,1,IDLE,disabled,0.000,0.000,deg/s,joint_states,-0.350,0.440,0.000,0.000,0.732,-0.151,-0.235,0.377,0.788,-11.639,17.444,,pan
assignment4_topicstop_20261008_194514,21.306,1791456341.192430,559,1791456340.955475,camera_color_optical_frame,1,0.3961,0.8085,0.00324,0.032,1,IDLE,disabled,0.000,0.000,deg/s,joint_states,-0.350,0.440,0.000,0.000,0.732,-0.151,-0.235,0.376,0.788,-11.627,17.445,,pan
assignment4_topicstop_20261008_194514,21.328,1791456341.215696,560,1791456341.022214,camera_color_optical_frame,1,0.3968,0.8082,0.00319,0.015,1,IDLE,disabled,0.000,0.000,deg/s,joint_states,-0.260,0.440,0.000,0.000,0.735,-0.152,-0.235,0.383,0.786,-11.723,17.402,,pan
assignment4_topicstop_20261008_194514,21.346,1791456341.232096,560,1791456341.022214,camera_color_optical_frame,1,0.3968,0.8082,0.00319,0.034,1,IDLE,disabled,0.000,0.000,deg/s,joint_states,-0.260,0.440,0.000,0.000,0.735,-0.152,-0.235,0.383,0.786,-11.720,17.400,,pan
assignment4_topicstop_20261008_194514,21.367,1791456341.255758,561,1791456341.055584,camera_color_optical_frame,1,0.3961,0.8080,0.00318,0.017,1,IDLE,disabled,0.000,0.000,deg/s,joint_states,-0.260,0.440,0.000,0.000,0.737,-0.154,-0.236,0.384,0.787,-11.769,17.421,,pan
assignment4_topicstop_20261008_194514,21.388,1791456341.273545,562,1791456341.088953,camera_color_optical_frame,1,0.3964,0.8076,0.00321,0.004,1,IDLE,disabled,0.000,0.000,deg/s,joint_states,-0.350,0.440,0.000,0.000,0.742,-0.152,-0.237,0.376,0.785,-11.600,17.383,,pan
assignment4_topicstop_20261008_194514,21.407,1791456341.295323,562,1791456341.088953,camera_color_optical_frame,1,0.3964,0.8076,0.00321,0.023,1,IDLE,disabled,0.000,0.000,deg/s,joint_states,-0.350,0.440,0.000,0.000,0.742,-0.152,-0.237,0.375,0.785,-11.588,17.380,,pan
assignment4_topicstop_20261008_194514,21.427,1791456341.313426,563,1791456341.122323,camera_color_optical_frame,1,0.3966,0.8077,0.00315,0.011,1,IDLE,disabled,0.000,0.000,deg/s,joint_states,-0.350,0.440,0.000,0.000,0.734,-0.151,-0.235,0.375,0.785,-11.585,17.393,,pan
assignment4_topicstop_20261008_194514,21.448,1791456341.334393,563,1791456341.122323,camera_color_optical_frame,1,0.3966,0.8077,0.00315,0.032,1,IDLE,disabled,0.000,0.000,deg/s,joint_states,-0.350,0.440,0.000,0.000,0.734,-0.150,-0.235,0.375,0.785,-11.570,17.391,,pan
assignment4_topicstop_20261008_194514,21.467,1791456341.352953,564,1791456341.155693,camera_color_optical_frame,1,0.3966,0.8089,0.00321,0.013,1,IDLE,disabled,0.000,0.000,deg/s,joint_states,-0.260,0.440,0.000,0.000,0.745,-0.160,-0.241,0.395,0.793,-12.081,17.515,,pan
assignment4_topicstop_20261008_194514,21.487,1791456341.373075,564,1791456341.155693,camera_color_optical_frame,1,0.3966,0.8089,0.00321,0.034,1,IDLE,disabled,0.000,0.000,deg/s,joint_states,-0.260,0.440,0.000,0.000,0.746,-0.160,-0.241,0.396,0.793,-12.109,17.522,,pan
assignment4_topicstop_20261008_194514,21.507,1791456341.392670,565,1791456341.189062,camera_color_optical_frame,1,0.3964,0.8091,0.00315,0.015,1,IDLE,disabled,0.000,0.000,deg/s,joint_states,-0.350,0.440,0.000,0.000,0.752,-0.156,-0.243,0.380,0.792,-11.736,17.526,,pan
assignment4_topicstop_20261008_194514,21.527,1791456341.412527,565,1791456341.189062,camera_color_optical_frame,1,0.3964,0.8091,0.00315,0.036,1,IDLE,disabled,0.000,0.000,deg/s,joint_states,-0.350,0.440,0.000,0.000,0.754,-0.157,-0.243,0.380,0.793,-11.737,17.534,,pan
assignment4_topicstop_20261008_194514,21.547,1791456341.435042,566,1791456341.222432,camera_color_optical_frame,1,0.3962,0.8084,0.00321,0.017,1,IDLE,disabled,0.000,0.000,deg/s,joint_states,-0.350,0.440,0.000,0.000,0.733,-0.148,-0.234,0.369,0.785,-11.396,17.398,,pan
assignment4_topicstop_20261008_194514,21.566,1791456341.451503,566,1791456341.222432,camera_color_optical_frame,1,0.3962,0.8084,0.00321,0.036,1,IDLE,disabled,0.000,0.000,deg/s,joint_states,-0.350,0.440,0.000,0.000,0.733,-0.147,-0.234,0.368,0.785,-11.368,17.395,,pan
assignment4_topicstop_20261008_194514,21.587,1791456341.475464,567,1791456341.255802,camera_color_optical_frame,1,0.3966,0.8091,0.00314,0.017,1,IDLE,disabled,0.000,0.000,deg/s,joint_states,-0.350,0.440,0.000,0.000,0.727,-0.156,-0.234,0.393,0.789,-12.099,17.441,,pan
assignment4_topicstop_20261008_194514,21.606,1791456341.492036,568,1791456341.289171,camera_color_optical_frame,1,0.3961,0.8087,0.00323,0.002,1,IDLE,disabled,0.000,0.000,deg/s,joint_states,-0.260,0.440,0.000,0.000,0.726,-0.156,-0.233,0.397,0.789,-12.124,17.440,,pan
assignment4_topicstop_20261008_194514,21.631,1791456341.517979,568,1791456341.289171,camera_color_optical_frame,1,0.3961,0.8087,0.00323,0.027,1,IDLE,disabled,0.000,0.000,deg/s,joint_states,-0.260,0.440,0.000,0.000,0.729,-0.156,-0.234,0.395,0.790,-12.090,17.450,,pan
assignment4_topicstop_20261008_194514,21.646,1791456341.531450,569,1791456341.322541,camera_color_optical_frame,1,0.3960,0.8079,0.00326,0.008,1,IDLE,disabled,0.000,0.000,deg/s,joint_states,-0.260,0.440,0.000,0.000,0.750,-0.153,-0.239,0.377,0.783,-11.544,17.349,,pan
assignment4_topicstop_20261008_194514,21.668,1791456341.554554,569,1791456341.322541,camera_color_optical_frame,1,0.3960,0.8079,0.00326,0.030,1,IDLE,disabled,0.000,0.000,deg/s,joint_states,-0.260,0.440,0.000,0.000,0.751,-0.153,-0.239,0.376,0.783,-11.522,17.341,,pan
assignment4_topicstop_20261008_194514,21.686,1791456341.572624,570,1791456341.355910,camera_color_optical_frame,1,0.3966,0.8089,0.00319,0.010,1,IDLE,disabled,0.000,0.000,deg/s,joint_states,-0.350,0.440,0.000,0.000,0.740,-0.155,-0.238,0.384,0.789,-11.855,17.453,,pan
assignment4_topicstop_20261008_194514,21.706,1791456341.592510,570,1791456341.355910,camera_color_optical_frame,1,0.3966,0.8089,0.00319,0.030,1,IDLE,disabled,0.000,0.000,deg/s,joint_states,-0.350,0.440,0.000,0.000,0.741,-0.156,-0.238,0.384,0.789,-11.859,17.455,,pan
assignment4_topicstop_20261008_194514,21.726,1791456341.612931,571,1791456341.422649,camera_color_optical_frame,1,0.3967,0.8076,0.00321,0.013,1,IDLE,disabled,0.000,0.000,deg/s,joint_states,-0.350,0.440,0.000,0.000,0.741,-0.155,-0.236,0.383,0.783,-11.822,17.333,,pan
assignment4_topicstop_20261008_194514,21.747,1791456341.633382,571,1791456341.422649,camera_color_optical_frame,1,0.3967,0.8076,0.00321,0.034,1,IDLE,disabled,0.000,0.000,deg/s,joint_states,-0.350,0.440,0.000,0.000,0.741,-0.155,-0.236,0.383,0.783,-11.823,17.324,,pan
assignment4_topicstop_20261008_194514,21.768,1791456341.657470,572,1791456341.456019,camera_color_optical_frame,1,0.3963,0.8058,0.00327,0.016,1,IDLE,disabled,0.000,0.000,deg/s,joint_states,-0.260,0.440,0.000,0.000,0.738,-0.154,-0.236,0.385,0.785,-11.779,17.376,,pan
assignment4_topicstop_20261008_194514,21.791,1791456341.677160,573,1791456341.489389,camera_color_optical_frame,1,0.3966,0.8054,0.00330,0.005,1,IDLE,disabled,0.000,0.000,deg/s,joint_states,-0.350,0.440,0.000,0.000,0.739,-0.150,-0.234,0.371,0.778,-11.469,17.243,,pan
assignment4_topicstop_20261008_194514,21.808,1791456341.695676,573,1791456341.489389,camera_color_optical_frame,1,0.3966,0.8054,0.00330,0.023,1,IDLE,disabled,0.000,0.000,deg/s,joint_states,-0.350,0.440,0.000,0.000,0.739,-0.150,-0.234,0.370,0.777,-11.445,17.231,,pan
assignment4_topicstop_20261008_194514,21.829,1791456341.716036,574,1791456341.522758,camera_color_optical_frame,1,0.3963,0.8047,0.00336,0.011,1,IDLE,disabled,0.000,0.000,deg/s,joint_states,-0.260,0.440,0.000,0.000,0.735,-0.152,-0.234,0.383,0.781,-11.720,17.289,,pan
assignment4_topicstop_20261008_194514,21.848,1791456341.734117,574,1791456341.522758,camera_color_optical_frame,1,0.3963,0.8047,0.00336,0.030,1,IDLE,disabled,0.000,0.000,deg/s,joint_states,-0.260,0.440,0.000,0.000,0.734,-0.152,-0.233,0.383,0.781,-11.716,17.283,,pan
assignment4_topicstop_20261008_194514,21.867,1791456341.753123,575,1791456341.556128,camera_color_optical_frame,1,0.3968,0.8048,0.00329,0.013,1,IDLE,disabled,0.000,0.000,deg/s,joint_states,-0.260,0.440,0.000,0.000,0.741,-0.159,-0.237,0.396,0.787,-12.105,17.394,,pan
assignment4_topicstop_20261008_194514,21.886,1791456341.771096,575,1791456341.556128,camera_color_optical_frame,1,0.3968,0.8048,0.00329,0.032,1,IDLE,disabled,0.000,0.000,deg/s,joint_states,-0.260,0.440,0.000,0.000,0.741,-0.159,-0.238,0.397,0.787,-12.131,17.396,,pan
assignment4_topicstop_20261008_194514,21.906,1791456341.790731,576,1791456341.589498,camera_color_optical_frame,1,0.3969,0.8051,0.00329,0.016,1,IDLE,disabled,0.000,0.000,deg/s,joint_states,-0.260,0.440,0.000,0.000,0.737,-0.157,-0.236,0.392,0.788,-11.992,17.411,,pan
assignment4_topicstop_20261008_194514,21.927,1791456341.812593,576,1791456341.589498,camera_color_optical_frame,1,0.3969,0.8051,0.00329,0.038,1,IDLE,disabled,0.000,0.000,deg/s,joint_states,-0.350,0.440,0.000,0.000,0.737,-0.157,-0.236,0.390,0.788,-12.011,17.416,,pan
assignment4_topicstop_20261008_194514,21.947,1791456341.834953,577,1791456341.622867,camera_color_optical_frame,1,0.3966,0.8052,0.00332,0.017,1,IDLE,disabled,0.000,0.000,deg/s,joint_states,-0.350,0.440,0.000,0.000,0.736,-0.149,-0.234,0.369,0.782,-11.411,17.329,,pan
assignment4_topicstop_20261008_194514,21.966,1791456341.851899,577,1791456341.622867,camera_color_optical_frame,1,0.3966,0.8052,0.00332,0.035,1,IDLE,disabled,0.000,0.000,deg/s,joint_states,-0.350,0.440,0.000,0.000,0.736,-0.148,-0.234,0.368,0.781,-11.384,17.326,,pan
assignment4_topicstop_20261008_194514,21.990,1791456341.876384,578,1791456341.656237,camera_color_optical_frame,1,0.3966,0.8031,0.00331,0.020,1,IDLE,disabled,0.000,0.000,deg/s,joint_states,-0.350,0.440,0.000,0.000,0.733,-0.153,-0.231,0.382,0.774,-11.783,17.158,,pan
assignment4_topicstop_20261008_194514,22.006,1791456341.892981,579,1791456341.689606,camera_color_optical_frame,1,0.3964,0.8040,0.00335,0.004,1,IDLE,disabled,0.000,0.000,deg/s,joint_states,-0.350,0.440,0.000,0.000,0.734,-0.152,-0.233,0.380,0.779,-11.719,17.266,,pan
assignment4_topicstop_20261008_194514,22.030,1791456341.916044,579,1791456341.689606,camera_color_optical_frame,1,0.3964,0.8040,0.00335,0.028,1,IDLE,disabled,0.000,0.000,deg/s,joint_states,-0.350,0.440,0.000,0.000,0.734,-0.152,-0.233,0.380,0.779,-11.719,17.257,,pan
assignment4_topicstop_20261008_194514,22.049,1791456341.935505,580,1791456341.722975,camera_color_optical_frame,1,0.3964,0.8048,0.00332,0.013,1,IDLE,disabled,0.000,0.000,deg/s,joint_states,-0.260,0.440,0.000,0.000,0.746,-0.151,-0.239,0.372,0.788,-11.416,17.462,,pan
assignment4_topicstop_20261008_194514,22.067,1791456341.952765,580,1791456341.722975,camera_color_optical_frame,1,0.3964,0.8048,0.00332,0.031,1,IDLE,disabled,0.000,0.000,deg/s,joint_states,-0.350,0.440,0.000,0.000,0.746,-0.150,-0.240,0.368,0.789,-11.390,17.472,,pan
assignment4_topicstop_20261008_194514,22.087,1791456341.974295,581,1791456341.756345,camera_color_optical_frame,1,0.3960,0.8043,0.00340,0.014,1,IDLE,disabled,0.000,0.000,deg/s,joint_states,-0.260,0.440,0.000,0.000,0.746,-0.154,-0.238,0.381,0.784,-11.654,17.361,,pan
assignment4_topicstop_20261008_194514,22.106,1791456341.991327,581,1791456341.756345,camera_color_optical_frame,1,0.3960,0.8043,0.00340,0.033,1,IDLE,disabled,0.000,0.000,deg/s,joint_states,-0.350,0.440,0.000,0.000,0.747,-0.154,-0.238,0.377,0.784,-11.650,17.362,,pan
assignment4_topicstop_20261008_194514,22.131,1791456342.016395,582,1791456341.823084,camera_color_optical_frame,1,0.3962,0.8039,0.00340,0.022,1,IDLE,disabled,0.000,0.000,deg/s,joint_states,-0.350,0.440,0.000,0.000,0.739,-0.158,-0.235,0.392,0.783,-12.077,17.311,,pan
assignment4_topicstop_20261008_194514,22.148,1791456342.034858,583,1791456341.856454,camera_color_optical_frame,1,0.3963,0.8040,0.00336,0.003,1,IDLE,disabled,0.000,0.000,deg/s,joint_states,-0.260,0.440,0.000,0.000,0.739,-0.158,-0.235,0.396,0.783,-12.102,17.309,,pan
assignment4_topicstop_20261008_194514,22.166,1791456342.052046,583,1791456341.856454,camera_color_optical_frame,1,0.3963,0.8040,0.00336,0.021,1,IDLE,disabled,0.000,0.000,deg/s,joint_states,-0.260,0.440,0.000,0.000,0.736,-0.154,-0.235,0.386,0.783,-11.804,17.338,,pan
assignment4_topicstop_20261008_194514,22.190,1791456342.077250,584,1791456341.889800,camera_color_optical_frame,1,0.3962,0.8040,0.00335,0.005,1,IDLE,disabled,0.000,0.000,deg/s,joint_states,-0.260,0.440,0.000,0.000,0.736,-0.149,-0.235,0.374,0.783,-11.475,17.344,,pan
assignment4_topicstop_20261008_194514,22.207,1791456342.092407,584,1791456341.889800,camera_color_optical_frame,1,0.3962,0.8040,0.00335,0.022,1,IDLE,disabled,0.000,0.000,deg/s,joint_states,-0.260,0.440,0.000,0.000,0.736,-0.149,-0.235,0.374,0.783,-11.453,17.344,,pan
assignment4_topicstop_20261008_194514,22.227,1791456342.115123,585,1791456341.923146,camera_color_optical_frame,1,0.3963,0.8045,0.00338,0.015,1,IDLE,disabled,0.000,0.000,deg/s,joint_states,-0.350,0.440,0.000,0.000,0.756,-0.155,-0.241,0.375,0.784,-11.583,17.376,,pan
assignment4_topicstop_20261008_194514,22.247,1791456342.133216,585,1791456341.923146,camera_color_optical_frame,1,0.3963,0.8045,0.00338,0.035,1,IDLE,disabled,0.000,0.000,deg/s,joint_states,-0.260,0.440,0.000,0.000,0.757,-0.155,-0.242,0.378,0.785,-11.567,17.379,,pan
assignment4_topicstop_20261008_194514,22.270,1791456342.156277,586,1791456341.956492,camera_color_optical_frame,1,0.3962,0.8038,0.00339,0.018,1,IDLE,disabled,0.000,0.000,deg/s,joint_states,-0.260,0.440,0.000,0.000,0.743,-0.153,-0.237,0.379,0.783,-11.616,17.329,,pan
assignment4_topicstop_20261008_194514,22.287,1791456342.173469,587,1791456341.989837,camera_color_optical_frame,1,0.3968,0.8044,0.00335,0.005,1,IDLE,disabled,0.000,0.000,deg/s,joint_states,-0.350,0.530,0.000,0.000,0.730,-0.155,-0.233,0.390,0.779,-12.013,17.337,,pan
assignment4_topicstop_20261008_194514,22.307,1791456342.193028,587,1791456341.989837,camera_color_optical_frame,1,0.3968,0.8044,0.00335,0.024,1,IDLE,disabled,0.000,0.000,deg/s,joint_states,-0.350,0.530,0.000,0.000,0.729,-0.155,-0.233,0.390,0.779,-12.035,17.336,,pan
assignment4_topicstop_20261008_194514,22.327,1791456342.213858,588,1791456342.023183,camera_color_optical_frame,1,0.3966,0.8044,0.00336,0.012,1,IDLE,disabled,0.000,0.000,deg/s,joint_states,-0.260,0.440,0.000,0.000,0.739,-0.153,-0.236,0.381,0.785,-11.670,17.372,,pan
assignment4_topicstop_20261008_194514,22.347,1791456342.232332,588,1791456342.023183,camera_color_optical_frame,1,0.3966,0.8044,0.00336,0.032,1,IDLE,disabled,0.000,0.000,deg/s,joint_states,-0.260,0.440,0.000,0.000,0.739,-0.153,-0.236,0.381,0.785,-11.664,17.375,,pan
assignment4_topicstop_20261008_194514,22.369,1791456342.255099,589,1791456342.056529,camera_color_optical_frame,1,0.3963,0.8042,0.00336,0.013,1,IDLE,disabled,0.000,0.000,deg/s,joint_states,-0.350,0.440,0.000,0.000,0.731,-0.148,-0.233,0.369,0.782,-11.404,17.335,,pan
assignment4_topicstop_20261008_194514,22.389,1791456342.274523,590,1791456342.123220,camera_color_optical_frame,1,0.3967,0.8029,0.00333,0.016,0,IDLE,disabled,0.000,0.000,deg/s,joint_states,-0.350,0.440,0.000,0.000,0.527,-0.116,-0.175,0.404,0.817,-12.421,17.977,,pan
assignment4_topicstop_20261008_194514,22.407,1791456342.293796,592,1791456342.223256,camera_color_optical_frame,1,0.3964,0.8039,0.00337,0.004,0,IDLE,disabled,0.000,0.000,deg/s,joint_states,-0.260,0.440,0.000,0.000,0.598,-0.129,-0.195,0.400,0.801,-12.214,17.668,,pan
assignment4_topicstop_20261008_194514,22.426,1791456342.311018,592,1791456342.223256,camera_color_optical_frame,1,0.3964,0.8039,0.00337,0.023,0,IDLE,disabled,0.000,0.000,deg/s,joint_states,-0.350,0.440,0.000,0.000,0.598,-0.129,-0.195,0.397,0.800,-12.215,17.650,,pan
assignment4_topicstop_20261008_194514,22.452,1791456342.337676,592,1791456342.223256,camera_color_optical_frame,1,0.3964,0.8039,0.00337,0.048,0,IDLE,disabled,0.000,0.000,deg/s,joint_states,-0.350,0.440,0.000,0.000,0.598,-0.130,-0.194,0.397,0.799,-12.218,17.626,,pan
assignment4_topicstop_20261008_194514,22.468,1791456342.354560,593,1791456342.256601,camera_color_optical_frame,1,0.3965,0.8031,0.00336,0.011,1,IDLE,disabled,0.000,0.000,deg/s,joint_states,-0.260,0.440,0.000,0.000,0.737,-0.154,-0.235,0.385,0.782,-11.784,17.319,,pan
assignment4_topicstop_20261008_194514,22.487,1791456342.374099,593,1791456342.256601,camera_color_optical_frame,1,0.3965,0.8031,0.00336,0.030,1,IDLE,disabled,0.000,0.000,deg/s,joint_states,-0.260,0.440,0.000,0.000,0.737,-0.154,-0.235,0.385,0.782,-11.784,17.319,,pan
assignment4_topicstop_20261008_194514,22.506,1791456342.392388,594,1791456342.289946,camera_color_optical_frame,1,0.3963,0.8034,0.00337,0.012,1,IDLE,disabled,0.000,0.000,deg/s,joint_states,-0.350,0.440,0.000,0.000,0.785,-0.163,-0.248,0.379,0.777,-11.697,17.222,,pan
assignment4_topicstop_20261008_194514,22.526,1791456342.412075,594,1791456342.289946,camera_color_optical_frame,1,0.3963,0.8034,0.00337,0.032,1,IDLE,disabled,0.000,0.000,deg/s,joint_states,-0.350,0.440,0.000,0.000,0.794,-0.164,-0.251,0.378,0.776,-11.678,17.203,,pan
assignment4_topicstop_20261008_194514,22.548,1791456342.436586,595,1791456342.323291,camera_color_optical_frame,1,0.3968,0.8033,0.00331,0.016,1,IDLE,disabled,0.000,0.000,deg/s,joint_states,-0.260,0.440,0.000,0.000,0.740,-0.153,-0.237,0.380,0.786,-11.644,17.406,,pan
assignment4_topicstop_20261008_194514,22.567,1791456342.452764,595,1791456342.323291,camera_color_optical_frame,1,0.3968,0.8033,0.00331,0.035,1,IDLE,disabled,0.000,0.000,deg/s,joint_states,-0.350,0.440,0.000,0.000,0.740,-0.152,-0.237,0.377,0.787,-11.629,17.416,,pan
assignment4_topicstop_20261008_194514,22.589,1791456342.476288,596,1791456342.356636,camera_color_optical_frame,1,0.3961,0.8041,0.00340,0.009,1,IDLE,disabled,0.000,0.000,deg/s,joint_states,-0.350,0.440,0.000,0.000,0.741,-0.152,-0.237,0.376,0.787,-11.612,17.426,,pan
assignment4_topicstop_20261008_194514,22.615,1791456342.502780,597,1791456342.389981,camera_color_optical_frame,1,0.3960,0.8040,0.00338,0.011,1,IDLE,disabled,0.000,0.000,deg/s,joint_states,-0.350,0.440,0.000,0.000,0.740,-0.153,-0.236,0.378,0.785,-11.665,17.373,,pan
assignment4_topicstop_20261008_194514,22.628,1791456342.514596,597,1791456342.389981,camera_color_optical_frame,1,0.3960,0.8040,0.00338,0.024,1,IDLE,disabled,0.000,0.000,deg/s,joint_states,-0.350,0.440,0.000,0.000,0.735,-0.155,-0.234,0.386,0.782,-11.915,17.310,,pan
assignment4_topicstop_20261008_194514,22.648,1791456342.537929,598,1791456342.423326,camera_color_optical_frame,1,0.3962,0.8034,0.00338,0.012,1,IDLE,disabled,0.000,0.000,deg/s,joint_states,-0.260,0.440,0.000,0.000,0.741,-0.155,-0.236,0.386,0.782,-11.827,17.304,,pan
assignment4_topicstop_20261008_194514,22.667,1791456342.552035,598,1791456342.423326,camera_color_optical_frame,1,0.3962,0.8034,0.00338,0.030,1,IDLE,disabled,0.000,0.000,deg/s,joint_states,-0.350,0.440,0.000,0.000,0.741,-0.155,-0.236,0.384,0.781,-11.836,17.300,,pan
assignment4_topicstop_20261008_194514,22.687,1791456342.576644,599,1791456342.456671,camera_color_optical_frame,1,0.3963,0.8034,0.00333,0.017,1,IDLE,disabled,0.000,0.000,deg/s,joint_states,-0.350,0.440,0.000,0.000,0.740,-0.153,-0.236,0.377,0.781,-11.655,17.307,,pan
assignment4_topicstop_20261008_194514,22.709,1791456342.596229,599,1791456342.456671,camera_color_optical_frame,1,0.3963,0.8034,0.00333,0.039,1,IDLE,disabled,0.000,0.000,deg/s,joint_states,-0.260,0.440,0.000,0.000,0.741,-0.153,-0.236,0.380,0.781,-11.638,17.303,,pan
assignment4_topicstop_20261008_194514,22.730,1791456342.616297,600,1791456342.490015,camera_color_optical_frame,1,0.3964,0.8045,0.00336,0.015,1,IDLE,disabled,0.000,0.000,deg/s,joint_states,-0.260,0.440,0.000,0.000,0.742,-0.156,-0.237,0.388,0.786,-11.872,17.390,,pan
assignment4_topicstop_20261008_194514,22.749,1791456342.635208,601,1791456342.523360,camera_color_optical_frame,1,0.3968,0.8035,0.00334,0.011,1,IDLE,disabled,0.000,0.000,deg/s,joint_states,-0.260,0.440,0.000,0.000,0.746,-0.157,-0.238,0.387,0.783,-11.850,17.327,,pan
assignment4_topicstop_20261008_194514,22.767,1791456342.652653,601,1791456342.523360,camera_color_optical_frame,1,0.3968,0.8035,0.00334,0.029,1,IDLE,disabled,0.000,0.000,deg/s,joint_states,-0.350,0.440,0.000,0.000,0.747,-0.157,-0.238,0.384,0.783,-11.860,17.327,,pan
assignment4_topicstop_20261008_194514,22.789,1791456342.674450,602,1791456342.556704,camera_color_optical_frame,1,0.3964,0.8035,0.00338,0.015,1,IDLE,disabled,0.000,0.000,deg/s,joint_states,-0.350,0.440,0.000,0.000,0.738,-0.153,-0.235,0.380,0.781,-11.718,17.292,,pan
assignment4_topicstop_20261008_194514,22.806,1791456342.691946,603,1791456342.590049,camera_color_optical_frame,1,0.3963,0.8029,0.00336,0.013,0,IDLE,disabled,0.000,0.000,deg/s,joint_states,-0.350,0.440,0.000,0.000,0.550,-0.121,-0.182,0.403,0.812,-12.393,17.886,,pan
assignment4_topicstop_20261008_194514,22.827,1791456342.713080,603,1791456342.590049,camera_color_optical_frame,1,0.3963,0.8029,0.00336,0.034,0,IDLE,disabled,0.000,0.000,deg/s,joint_states,-0.350,0.440,0.000,0.000,0.540,-0.119,-0.179,0.404,0.814,-12.436,17.925,,pan
assignment4_topicstop_20261008_194514,22.847,1791456342.736202,604,1791456342.623393,camera_color_optical_frame,1,0.3963,0.8033,0.00338,0.015,1,IDLE,disabled,0.000,0.000,deg/s,joint_states,-0.350,0.440,0.000,0.000,0.737,-0.154,-0.235,0.381,0.782,-11.773,17.317,,pan
assignment4_topicstop_20261008_194514,22.867,1791456342.753602,604,1791456342.623393,camera_color_optical_frame,1,0.3963,0.8033,0.00338,0.034,1,IDLE,disabled,0.000,0.000,deg/s,joint_states,-0.350,0.440,0.000,0.000,0.736,-0.153,-0.235,0.381,0.782,-11.772,17.315,,pan
assignment4_topicstop_20261008_194514,22.888,1791456342.774732,605,1791456342.656738,camera_color_optical_frame,1,0.3966,0.8038,0.00336,0.013,1,IDLE,disabled,0.000,0.000,deg/s,joint_states,-0.350,0.440,0.000,0.000,0.735,-0.153,-0.234,0.380,0.783,-11.728,17.340,,pan
assignment4_topicstop_20261008_194514,22.908,1791456342.795192,605,1791456342.656738,camera_color_optical_frame,1,0.3966,0.8038,0.00336,0.034,1,IDLE,disabled,0.000,0.000,deg/s,joint_states,-0.350,0.440,0.000,0.000,0.735,-0.152,-0.234,0.380,0.783,-11.723,17.341,,pan
assignment4_topicstop_20261008_194514,22.928,1791456342.814603,606,1791456342.690082,camera_color_optical_frame,1,0.3963,0.8033,0.00336,0.015,1,IDLE,disabled,0.000,0.000,deg/s,joint_states,-0.260,0.440,0.000,0.000,0.796,-0.163,-0.251,0.377,0.776,-11.565,17.200,,pan
assignment4_topicstop_20261008_194514,22.949,1791456342.836980,607,1791456342.723426,camera_color_optical_frame,1,0.3960,0.8030,0.00337,0.011,1,IDLE,disabled,0.000,0.000,deg/s,joint_states,-0.350,0.440,0.000,0.000,0.742,-0.156,-0.236,0.385,0.781,-11.861,17.291,,pan
assignment4_topicstop_20261008_194514,22.966,1791456342.852462,607,1791456342.723426,camera_color_optical_frame,1,0.3960,0.8030,0.00337,0.028,1,IDLE,disabled,0.000,0.000,deg/s,joint_states,-0.260,0.440,0.000,0.000,0.743,-0.156,-0.236,0.388,0.781,-11.871,17.287,,pan
assignment4_topicstop_20261008_194514,22.987,1791456342.876594,608,1791456342.756770,camera_color_optical_frame,1,0.3962,0.8041,0.00339,0.016,1,IDLE,disabled,0.000,0.000,deg/s,joint_states,-0.260,0.440,0.000,0.000,0.745,-0.155,-0.238,0.385,0.785,-11.781,17.371,,pan
assignment4_topicstop_20261008_194514,23.008,1791456342.895972,609,1791456342.790114,camera_color_optical_frame,1,0.3965,0.8036,0.00336,0.004,1,IDLE,disabled,0.000,0.000,deg/s,joint_states,-0.350,0.440,0.000,0.000,0.727,-0.149,-0.232,0.376,0.783,-11.609,17.350,,pan
assignment4_topicstop_20261008_194514,23.029,1791456342.914483,609,1791456342.790114,camera_color_optical_frame,1,0.3965,0.8036,0.00336,0.024,1,IDLE,disabled,0.000,0.000,deg/s,joint_states,-0.350,0.440,0.000,0.000,0.726,-0.149,-0.232,0.375,0.783,-11.586,17.353,,pan
assignment4_topicstop_20261008_194514,23.049,1791456342.936212,610,1791456342.823458,camera_color_optical_frame,1,0.3963,0.8036,0.00338,0.011,1,IDLE,disabled,0.000,0.000,deg/s,joint_states,-0.260,0.440,0.000,0.000,0.735,-0.152,-0.235,0.381,0.783,-11.683,17.344,,pan
assignment4_topicstop_20261008_194514,23.067,1791456342.952328,610,1791456342.823458,camera_color_optical_frame,1,0.3963,0.8036,0.00338,0.028,1,IDLE,disabled,0.000,0.000,deg/s,joint_states,-0.260,0.440,0.000,0.000,0.735,-0.152,-0.234,0.381,0.784,-11.673,17.346,,pan
assignment4_topicstop_20261008_194514,23.087,1791456342.975754,611,1791456342.856802,camera_color_optical_frame,1,0.3965,0.8024,0.00333,0.016,1,IDLE,disabled,0.000,0.000,deg/s,joint_states,-0.350,0.440,0.000,0.000,0.732,-0.152,-0.232,0.381,0.779,-11.755,17.264,,pan
assignment4_topicstop_20261008_194514,23.108,1791456342.994612,612,1791456342.890158,camera_color_optical_frame,1,0.3962,0.8049,0.00336,0.003,1,IDLE,disabled,0.000,0.000,deg/s,joint_states,-0.350,0.440,0.000,0.000,0.738,-0.153,-0.236,0.378,0.786,-11.682,17.396,,pan
assignment4_topicstop_20261008_194514,23.133,1791456343.018652,612,1791456342.890158,camera_color_optical_frame,1,0.3962,0.8049,0.00336,0.028,1,IDLE,disabled,0.000,0.000,deg/s,joint_states,-0.260,0.440,0.000,0.000,0.738,-0.152,-0.236,0.381,0.786,-11.673,17.405,,pan
assignment4_topicstop_20261008_194514,23.151,1791456343.038890,613,1791456342.923514,camera_color_optical_frame,1,0.3964,0.8033,0.00334,0.006,1,IDLE,disabled,0.000,0.000,deg/s,joint_states,-0.260,0.440,0.000,0.000,0.739,-0.153,-0.236,0.381,0.784,-11.660,17.353,,pan
assignment4_topicstop_20261008_194514,23.168,1791456343.054036,613,1791456342.923514,camera_color_optical_frame,1,0.3964,0.8033,0.00334,0.022,1,IDLE,disabled,0.000,0.000,deg/s,joint_states,-0.260,0.440,0.000,0.000,0.740,-0.153,-0.236,0.380,0.784,-11.652,17.357,,pan
assignment4_topicstop_20261008_194514,23.187,1791456343.073558,614,1791456342.956867,camera_color_optical_frame,1,0.3962,0.8040,0.00339,0.011,1,IDLE,disabled,0.000,0.000,deg/s,joint_states,-0.260,0.440,0.000,0.000,0.740,-0.156,-0.236,0.390,0.782,-11.939,17.305,,pan
assignment4_topicstop_20261008_194514,23.206,1791456343.091210,614,1791456342.956867,camera_color_optical_frame,1,0.3962,0.8040,0.00339,0.030,1,IDLE,disabled,0.000,0.000,deg/s,joint_states,-0.260,0.440,0.000,0.000,0.740,-0.157,-0.236,0.391,0.782,-11.961,17.300,,pan
assignment4_topicstop_20261008_194514,23.228,1791456343.116264,615,1791456342.990220,camera_color_optical_frame,1,0.3962,0.8032,0.00335,0.018,1,IDLE,disabled,0.000,0.000,deg/s,joint_states,-0.350,0.440,0.000,0.000,0.740,-0.153,-0.236,0.379,0.782,-11.701,17.318,,pan
assignment4_topicstop_20261008_194514,23.248,1791456343.134489,616,1791456343.023572,camera_color_optical_frame,1,0.3963,0.8045,0.00335,0.003,1,IDLE,disabled,0.000,0.000,deg/s,joint_states,-0.350,0.440,0.000,0.000,0.741,-0.153,-0.236,0.379,0.782,-11.699,17.317,,pan
assignment4_topicstop_20261008_194514,23.267,1791456343.153355,616,1791456343.023572,camera_color_optical_frame,1,0.3963,0.8045,0.00335,0.022,1,IDLE,disabled,0.000,0.000,deg/s,joint_states,-0.350,0.440,0.000,0.000,0.736,-0.150,-0.235,0.374,0.784,-11.544,17.369,,pan
assignment4_topicstop_20261008_194514,23.288,1791456343.174587,617,1791456343.056925,camera_color_optical_frame,1,0.3967,0.8041,0.00334,0.012,1,IDLE,disabled,0.000,0.000,deg/s,joint_states,-0.260,0.440,0.000,0.000,0.743,-0.155,-0.237,0.384,0.784,-11.765,17.342,,pan
assignment4_topicstop_20261008_194514,23.306,1791456343.191466,618,1791456343.090278,camera_color_optical_frame,1,0.3963,0.8041,0.00339,0.010,0,IDLE,disabled,0.000,0.000,deg/s,joint_states,-0.260,0.440,0.000,0.000,0.550,-0.121,-0.182,0.407,0.814,-12.430,17.913,,pan
assignment4_topicstop_20261008_194514,23.328,1791456343.213053,618,1791456343.090278,camera_color_optical_frame,1,0.3963,0.8041,0.00339,0.032,0,IDLE,disabled,0.000,0.000,deg/s,joint_states,-0.260,0.440,0.000,0.000,0.540,-0.120,-0.179,0.409,0.816,-12.483,17.955,,pan
assignment4_topicstop_20261008_194514,23.347,1791456343.234533,619,1791456343.123630,camera_color_optical_frame,1,0.3960,0.8040,0.00339,0.016,1,IDLE,disabled,0.000,0.000,deg/s,joint_states,-0.260,0.440,0.000,0.000,0.738,-0.154,-0.235,0.386,0.783,-11.810,17.335,,pan
assignment4_topicstop_20261008_194514,23.367,1791456343.252556,619,1791456343.123630,camera_color_optical_frame,1,0.3960,0.8040,0.00339,0.036,1,IDLE,disabled,0.000,0.000,deg/s,joint_states,-0.260,0.440,0.000,0.000,0.737,-0.154,-0.235,0.386,0.783,-11.813,17.334,,pan
assignment4_topicstop_20261008_194514,23.386,1791456343.271088,620,1791456343.156983,camera_color_optical_frame,1,0.3963,0.8039,0.00339,0.015,1,IDLE,disabled,0.000,0.000,deg/s,joint_states,-0.260,0.440,0.000,0.000,0.793,-0.162,-0.251,0.378,0.777,-11.571,17.221,,pan
assignment4_topicstop_20261008_194514,23.410,1791456343.302755,621,1791456343.190336,camera_color_optical_frame,1,0.3966,0.8041,0.00336,0.006,1,IDLE,disabled,0.000,0.000,deg/s,joint_states,-0.260,0.440,0.000,0.000,0.805,-0.164,-0.254,0.377,0.776,-11.544,17.198,,pan
assignment4_topicstop_20261008_194514,23.428,1791456343.313520,622,1791456343.223688,camera_color_optical_frame,1,0.3967,0.8037,0.00336,0.003,0,IDLE,disabled,0.000,0.000,deg/s,joint_states,-0.350,0.530,0.000,0.000,0.556,-0.122,-0.184,0.402,0.807,-12.373,17.883,,pan
assignment4_topicstop_20261008_194514,23.448,1791456343.337747,622,1791456343.223688,camera_color_optical_frame,1,0.3967,0.8037,0.00336,0.023,0,IDLE,disabled,0.000,0.000,deg/s,joint_states,-0.350,0.530,0.000,0.000,0.546,-0.120,-0.181,0.404,0.810,-12.421,17.922,,pan
assignment4_topicstop_20261008_194514,23.468,1791456343.355261,623,1791456343.257041,camera_color_optical_frame,1,0.3964,0.8040,0.00337,0.009,1,IDLE,disabled,0.000,0.000,deg/s,joint_states,-0.260,0.440,0.000,0.000,0.737,-0.151,-0.235,0.378,0.783,-11.582,17.337,,pan
assignment4_topicstop_20261008_194514,23.487,1791456343.373010,623,1791456343.257041,camera_color_optical_frame,1,0.3964,0.8040,0.00337,0.028,1,IDLE,disabled,0.000,0.000,deg/s,joint_states,-0.350,0.440,0.000,0.000,0.737,-0.151,-0.235,0.374,0.782,-11.555,17.337,,pan
assignment4_topicstop_20261008_194514,23.512,1791456343.400084,625,1791456343.323746,camera_color_optical_frame,1,0.3959,0.8041,0.00341,0.006,1,IDLE,disabled,0.000,0.000,deg/s,joint_states,-0.260,0.440,0.000,0.000,0.789,-0.164,-0.252,0.383,0.784,-11.724,17.345,,pan
assignment4_topicstop_20261008_194514,23.526,1791456343.411740,625,1791456343.323746,camera_color_optical_frame,1,0.3959,0.8041,0.00341,0.020,0,IDLE,disabled,0.000,0.000,deg/s,joint_states,-0.260,0.440,0.000,0.000,0.557,-0.121,-0.184,0.401,0.812,-12.255,17.893,,pan
assignment4_topicstop_20261008_194514,23.549,1791456343.437582,625,1791456343.323746,camera_color_optical_frame,1,0.3959,0.8041,0.00341,0.043,0,IDLE,disabled,0.000,0.000,deg/s,joint_states,-0.260,0.440,0.000,0.000,0.546,-0.119,-0.181,0.403,0.815,-12.299,17.939,,pan
assignment4_topicstop_20261008_194514,23.566,1791456343.452073,626,1791456343.357099,camera_color_optical_frame,1,0.3966,0.8029,0.00334,0.004,1,IDLE,disabled,0.000,0.000,deg/s,joint_states,-0.260,0.440,0.000,0.000,0.733,-0.152,-0.231,0.383,0.774,-11.717,17.155,,pan
assignment4_topicstop_20261008_194514,23.589,1791456343.475479,626,1791456343.357099,camera_color_optical_frame,1,0.3966,0.8029,0.00334,0.027,1,IDLE,disabled,0.000,0.000,deg/s,joint_states,-0.260,0.440,0.000,0.000,0.732,-0.152,-0.230,0.382,0.772,-11.702,17.115,,pan
assignment4_topicstop_20261008_194514,23.608,1791456343.493975,627,1791456343.390452,camera_color_optical_frame,1,0.3965,0.8038,0.00333,0.012,1,IDLE,disabled,0.000,0.000,deg/s,joint_states,-0.350,0.440,0.000,0.000,0.784,-0.161,-0.248,0.376,0.777,-11.615,17.226,,pan
assignment4_topicstop_20261008_194514,23.628,1791456343.514083,627,1791456343.390452,camera_color_optical_frame,1,0.3965,0.8038,0.00333,0.031,1,IDLE,disabled,0.000,0.000,deg/s,joint_states,-0.350,0.440,0.000,0.000,0.793,-0.163,-0.251,0.375,0.776,-11.596,17.206,,pan
assignment4_topicstop_20261008_194514,23.649,1791456343.536952,628,1791456343.423805,camera_color_optical_frame,1,0.3961,0.8042,0.00337,0.015,1,IDLE,disabled,0.000,0.000,deg/s,joint_states,-0.260,0.440,0.000,0.000,0.739,-0.152,-0.236,0.378,0.785,-11.592,17.389,,pan
assignment4_topicstop_20261008_194514,23.667,1791456343.552690,628,1791456343.423805,camera_color_optical_frame,1,0.3961,0.8042,0.00337,0.033,1,IDLE,disabled,0.000,0.000,deg/s,joint_states,-0.350,0.440,0.000,0.000,0.740,-0.151,-0.237,0.375,0.785,-11.572,17.397,,pan
assignment4_topicstop_20261008_194514,23.693,1791456343.580211,629,1791456343.457157,camera_color_optical_frame,1,0.3966,0.8051,0.00333,0.022,1,IDLE,disabled,0.000,0.000,deg/s,joint_states,-0.350,0.440,0.000,0.000,0.738,-0.154,-0.236,0.383,0.787,-11.814,17.406,,pan
assignment4_topicstop_20261008_194514,23.712,1791456343.598457,630,1791456343.490510,camera_color_optical_frame,1,0.3963,0.8047,0.00337,0.006,1,IDLE,disabled,0.000,0.000,deg/s,joint_states,-0.260,0.440,0.000,0.000,0.737,-0.153,-0.236,0.383,0.785,-11.731,17.369,,pan
assignment4_topicstop_20261008_194514,23.729,1791456343.615713,630,1791456343.490510,camera_color_optical_frame,1,0.3963,0.8047,0.00337,0.024,1,IDLE,disabled,0.000,0.000,deg/s,joint_states,-0.260,0.440,0.000,0.000,0.737,-0.153,-0.236,0.383,0.785,-11.733,17.372,,pan
assignment4_topicstop_20261008_194514,23.747,1791456343.633546,631,1791456343.523863,camera_color_optical_frame,1,0.3966,0.8053,0.00328,0.011,1,IDLE,disabled,0.000,0.000,deg/s,joint_states,-0.260,0.440,0.000,0.000,0.744,-0.156,-0.238,0.387,0.785,-11.839,17.373,,pan
assignment4_topicstop_20261008_194514,23.767,1791456343.652757,631,1791456343.523863,camera_color_optical_frame,1,0.3966,0.8053,0.00328,0.030,1,IDLE,disabled,0.000,0.000,deg/s,joint_states,-0.350,0.440,0.000,0.000,0.745,-0.156,-0.238,0.384,0.785,-11.848,17.374,,pan
assignment4_topicstop_20261008_194514,23.789,1791456343.676394,632,1791456343.557215,camera_color_optical_frame,1,0.3961,0.8062,0.00329,0.012,1,IDLE,disabled,0.000,0.000,deg/s,joint_states,-0.260,0.440,0.000,0.000,0.741,-0.154,-0.237,0.385,0.787,-11.777,17.412,,pan
assignment4_topicstop_20261008_194514,23.806,1791456343.691696,632,1791456343.557215,camera_color_optical_frame,1,0.3961,0.8062,0.00329,0.029,1,IDLE,disabled,0.000,0.000,deg/s,joint_states,-0.350,0.440,0.000,0.000,0.741,-0.155,-0.237,0.382,0.787,-11.779,17.416,,pan
assignment4_topicstop_20261008_194514,23.827,1791456343.716450,633,1791456343.590568,camera_color_optical_frame,1,0.3965,0.8082,0.00324,0.016,1,IDLE,disabled,0.000,0.000,deg/s,joint_states,-0.350,0.440,0.000,0.000,0.745,-0.153,-0.240,0.376,0.792,-11.601,17.526,,pan
assignment4_topicstop_20261008_194514,23.846,1791456343.733348,633,1791456343.590568,camera_color_optical_frame,1,0.3965,0.8082,0.00324,0.036,1,IDLE,disabled,0.000,0.000,deg/s,joint_states,-0.350,0.440,0.000,0.000,0.746,-0.153,-0.241,0.375,0.793,-11.582,17.543,,pan
assignment4_topicstop_20261008_194514,23.868,1791456343.754536,634,1791456343.623921,camera_color_optical_frame,1,0.3961,0.8064,0.00330,0.016,1,IDLE,disabled,0.000,0.000,deg/s,joint_states,-0.350,0.440,0.000,0.000,0.737,-0.152,-0.236,0.378,0.787,-11.670,17.416,,pan
assignment4_topicstop_20261008_194514,23.886,1791456343.773743,635,1791456343.657273,camera_color_optical_frame,1,0.3958,0.8072,0.00330,0.008,1,IDLE,disabled,0.000,0.000,deg/s,joint_states,-0.260,0.440,0.000,0.000,0.733,-0.153,-0.234,0.384,0.785,-11.750,17.371,,pan
assignment4_topicstop_20261008_194514,23.906,1791456343.791856,635,1791456343.657273,camera_color_optical_frame,1,0.3958,0.8072,0.00330,0.028,1,IDLE,disabled,0.000,0.000,deg/s,joint_states,-0.350,0.440,0.000,0.000,0.732,-0.152,-0.234,0.381,0.784,-11.753,17.365,,pan
assignment4_topicstop_20261008_194514,23.928,1791456343.818250,636,1791456343.690626,camera_color_optical_frame,1,0.3961,0.8069,0.00330,0.018,1,IDLE,disabled,0.000,0.000,deg/s,joint_states,-0.260,0.440,0.000,0.000,0.741,-0.153,-0.238,0.381,0.787,-11.669,17.419,,pan
assignment4_topicstop_20261008_194514,23.945,1791456343.831835,637,1791456343.723979,camera_color_optical_frame,1,0.3962,0.8083,0.00326,0.004,1,IDLE,disabled,0.000,0.000,deg/s,joint_states,-0.260,0.440,0.000,0.000,0.733,-0.153,-0.236,0.384,0.789,-11.760,17.459,,pan
assignment4_topicstop_20261008_194514,23.968,1791456343.856031,637,1791456343.723979,camera_color_optical_frame,1,0.3962,0.8083,0.00326,0.026,1,IDLE,disabled,0.000,0.000,deg/s,joint_states,-0.260,0.440,0.000,0.000,0.733,-0.153,-0.235,0.384,0.790,-11.764,17.466,,pan
assignment4_topicstop_20261008_194514,23.986,1791456343.873406,638,1791456343.757331,camera_color_optical_frame,1,0.3959,0.8083,0.00330,0.006,1,IDLE,disabled,0.000,0.000,deg/s,joint_states,-0.260,0.440,0.000,0.000,0.744,-0.157,-0.239,0.390,0.790,-11.925,17.472,,pan
assignment4_topicstop_20261008_194514,24.009,1791456343.894696,638,1791456343.757331,camera_color_optical_frame,1,0.3959,0.8083,0.00330,0.028,1,IDLE,disabled,0.000,0.000,deg/s,joint_states,-0.260,0.440,0.000,0.000,0.745,-0.158,-0.240,0.391,0.791,-11.952,17.481,,pan
assignment4_topicstop_20261008_194514,24.026,1791456343.913106,639,1791456343.790684,camera_color_optical_frame,1,0.3960,0.8080,0.00328,0.012,1,IDLE,disabled,0.000,0.000,deg/s,joint_states,-0.350,0.440,0.000,0.000,0.742,-0.153,-0.238,0.377,0.786,-11.634,17.411,,pan
assignment4_topicstop_20261008_194514,24.048,1791456343.939453,639,1791456343.790684,camera_color_optical_frame,1,0.3960,0.8080,0.00328,0.034,1,IDLE,disabled,0.000,0.000,deg/s,joint_states,-0.350,0.440,0.000,0.000,0.743,-0.153,-0.238,0.376,0.786,-11.621,17.410,,pan
assignment4_topicstop_20261008_194514,24.066,1791456343.954038,640,1791456343.824037,camera_color_optical_frame,1,0.3963,0.8089,0.00324,0.007,1,IDLE,disabled,0.000,0.000,deg/s,joint_states,-0.260,0.440,0.000,0.000,0.739,-0.154,-0.237,0.384,0.789,-11.748,17.459,,pan
assignment4_topicstop_20261008_194514,24.090,1791456343.979381,641,1791456343.857389,camera_color_optical_frame,1,0.3961,0.8079,0.00326,0.012,0,IDLE,disabled,0.000,0.000,deg/s,joint_states,-0.260,0.440,0.000,0.000,0.543,-0.118,-0.181,0.402,0.819,-12.278,18.019,,pan
assignment4_topicstop_20261008_194514,24.107,1791456343.994876,642,1791456343.890742,camera_color_optical_frame,1,0.3961,0.8078,0.00328,0.004,1,IDLE,disabled,0.000,0.000,deg/s,joint_states,-0.350,0.440,0.000,0.000,0.738,-0.154,-0.236,0.383,0.785,-11.820,17.382,,pan
assignment4_topicstop_20261008_194514,24.129,1791456344.015437,642,1791456343.890742,camera_color_optical_frame,1,0.3961,0.8078,0.00328,0.025,1,IDLE,disabled,0.000,0.000,deg/s,joint_states,-0.350,0.440,0.000,0.000,0.737,-0.154,-0.236,0.383,0.785,-11.826,17.375,,pan
assignment4_topicstop_20261008_194514,24.146,1791456344.032632,643,1791456343.924095,camera_color_optical_frame,1,0.3966,0.8083,0.00323,0.011,1,IDLE,disabled,0.000,0.000,deg/s,joint_states,-0.260,0.440,0.000,0.000,0.790,-0.162,-0.251,0.379,0.782,-11.618,17.319,,pan
assignment4_topicstop_20261008_194514,24.166,1791456344.051759,643,1791456343.924095,camera_color_optical_frame,1,0.3966,0.8083,0.00323,0.031,1,IDLE,disabled,0.000,0.000,deg/s,joint_states,-0.260,0.440,0.000,0.000,0.799,-0.164,-0.254,0.379,0.781,-11.599,17.300,,pan
assignment4_topicstop_20261008_194514,24.188,1791456344.073781,644,1791456343.957451,camera_color_optical_frame,1,0.3962,0.8073,0.00324,0.018,1,IDLE,disabled,0.000,0.000,deg/s,joint_states,-0.260,0.440,0.000,0.000,0.737,-0.152,-0.236,0.380,0.785,-11.641,17.386,,pan
assignment4_topicstop_20261008_194514,24.206,1791456344.091083,645,1791456343.990813,camera_color_optical_frame,1,0.3970,0.8079,0.00317,0.016,0,IDLE,disabled,0.000,0.000,deg/s,joint_states,-0.260,0.440,0.000,0.000,0.551,-0.122,-0.183,0.408,0.817,-12.451,17.985,,pan
assignment4_topicstop_20261008_194514,24.227,1791456344.112623,645,1791456343.990813,camera_color_optical_frame,1,0.3970,0.8079,0.00317,0.037,0,IDLE,disabled,0.000,0.000,deg/s,joint_states,-0.260,0.440,0.000,0.000,0.540,-0.120,-0.180,0.410,0.820,-12.505,18.026,,pan
assignment4_topicstop_20261008_194514,24.250,1791456344.138270,646,1791456344.024176,camera_color_optical_frame,1,0.3966,0.8079,0.00323,0.019,1,IDLE,disabled,0.000,0.000,deg/s,joint_states,-0.260,0.440,0.000,0.000,0.731,-0.151,-0.234,0.382,0.788,-11.694,17.436,,pan
assignment4_topicstop_20261008_194514,24.266,1791456344.151794,646,1791456344.024176,camera_color_optical_frame,1,0.3966,0.8079,0.00323,0.035,1,IDLE,disabled,0.000,0.000,deg/s,joint_states,-0.260,0.440,0.000,0.000,0.730,-0.151,-0.234,0.382,0.788,-11.690,17.439,,pan
assignment4_topicstop_20261008_194514,24.285,1791456344.172137,647,1791456344.057538,camera_color_optical_frame,1,0.3960,0.8074,0.00326,0.015,1,IDLE,disabled,0.000,0.000,deg/s,joint_states,-0.350,0.440,0.000,0.000,0.790,-0.161,-0.251,0.374,0.780,-11.553,17.290,,pan
assignment4_topicstop_20261008_194514,24.306,1791456344.191536,647,1791456344.057538,camera_color_optical_frame,1,0.3960,0.8074,0.00326,0.036,1,IDLE,disabled,0.000,0.000,deg/s,joint_states,-0.350,0.440,0.000,0.000,0.800,-0.163,-0.254,0.373,0.779,-11.527,17.269,,pan
assignment4_topicstop_20261008_194514,24.325,1791456344.211219,648,1791456344.090901,camera_color_optical_frame,1,0.3960,0.8070,0.00329,0.017,1,IDLE,disabled,0.000,0.000,deg/s,joint_states,-0.260,0.440,0.000,0.000,0.747,-0.154,-0.238,0.381,0.785,-11.675,17.370,,pan
assignment4_topicstop_20261008_194514,24.348,1791456344.233794,649,1791456344.124263,camera_color_optical_frame,1,0.3960,0.8081,0.00328,0.003,1,IDLE,disabled,0.000,0.000,deg/s,joint_states,-0.260,0.440,0.000,0.000,0.748,-0.154,-0.239,0.381,0.784,-11.670,17.364,,pan
assignment4_topicstop_20261008_194514,24.365,1791456344.251389,649,1791456344.124263,camera_color_optical_frame,1,0.3960,0.8081,0.00328,0.021,1,IDLE,disabled,0.000,0.000,deg/s,joint_states,-0.260,0.440,0.000,0.000,0.745,-0.157,-0.239,0.389,0.789,-11.894,17.446,,pan
assignment4_topicstop_20261008_194514,24.386,1791456344.272051,649,1791456344.124263,camera_color_optical_frame,1,0.3960,0.8081,0.00328,0.042,1,IDLE,disabled,0.000,0.000,deg/s,joint_states,-0.350,0.440,0.000,0.000,0.746,-0.157,-0.240,0.386,0.789,-11.914,17.450,,pan
assignment4_topicstop_20261008_194514,24.406,1791456344.293133,650,1791456344.157626,camera_color_optical_frame,1,0.3964,0.8072,0.00324,0.017,1,IDLE,disabled,0.000,0.000,deg/s,joint_states,-0.260,0.440,0.000,0.000,0.739,-0.157,-0.237,0.393,0.788,-12.005,17.409,,pan
assignment4_topicstop_20261008_194514,24.426,1791456344.311337,650,1791456344.157626,camera_color_optical_frame,1,0.3964,0.8072,0.00324,0.038,1,IDLE,disabled,0.000,0.000,deg/s,joint_states,-0.350,0.440,0.000,0.000,0.739,-0.158,-0.237,0.391,0.787,-12.036,17.410,,pan
assignment4_topicstop_20261008_194514,24.447,1791456344.334735,651,1791456344.190988,camera_color_optical_frame,1,0.3964,0.8081,0.00324,0.019,1,IDLE,disabled,0.000,0.000,deg/s,joint_states,-0.350,0.440,0.000,0.000,0.746,-0.153,-0.239,0.376,0.787,-11.601,17.419,,pan
assignment4_topicstop_20261008_194514,24.466,1791456344.351395,651,1791456344.190988,camera_color_optical_frame,1,0.3964,0.8081,0.00324,0.038,1,IDLE,disabled,0.000,0.000,deg/s,joint_states,-0.350,0.440,0.000,0.000,0.747,-0.153,-0.239,0.375,0.787,-11.585,17.419,,pan
assignment4_topicstop_20261008_194514,24.488,1791456344.376912,652,1791456344.224351,camera_color_optical_frame,1,0.3964,0.8071,0.00326,0.020,1,IDLE,disabled,0.000,0.000,deg/s,joint_states,-0.260,0.440,0.000,0.000,0.740,-0.151,-0.237,0.376,0.785,-11.520,17.395,,pan
assignment4_topicstop_20261008_194514,24.507,1791456344.392458,653,1791456344.257714,camera_color_optical_frame,1,0.3963,0.8071,0.00324,0.004,1,IDLE,disabled,0.000,0.000,deg/s,joint_states,-0.350,0.440,0.000,0.000,0.738,-0.155,-0.236,0.385,0.785,-11.869,17.361,,pan
assignment4_topicstop_20261008_194514,24.531,1791456344.418002,653,1791456344.257714,camera_color_optical_frame,1,0.3963,0.8071,0.00324,0.029,1,IDLE,disabled,0.000,0.000,deg/s,joint_states,-0.350,0.440,0.000,0.000,0.738,-0.155,-0.236,0.385,0.784,-11.889,17.354,,pan
assignment4_topicstop_20261008_194514,24.546,1791456344.431224,654,1791456344.291077,camera_color_optical_frame,1,0.3962,0.8078,0.00327,0.009,1,IDLE,disabled,0.000,0.000,deg/s,joint_states,-0.260,0.440,0.000,0.000,0.736,-0.156,-0.236,0.391,0.789,-11.973,17.445,,pan
assignment4_topicstop_20261008_194514,24.568,1791456344.454593,654,1791456344.291077,camera_color_optical_frame,1,0.3962,0.8078,0.00327,0.031,1,IDLE,disabled,0.000,0.000,deg/s,joint_states,-0.260,0.440,0.000,0.000,0.735,-0.156,-0.236,0.392,0.790,-12.000,17.450,,pan
assignment4_topicstop_20261008_194514,24.587,1791456344.476452,655,1791456344.324440,camera_color_optical_frame,1,0.3962,0.8068,0.00329,0.012,1,IDLE,disabled,0.000,0.000,deg/s,joint_states,-0.260,0.440,0.000,0.000,0.737,-0.155,-0.236,0.388,0.786,-11.870,17.385,,pan
assignment4_topicstop_20261008_194514,24.607,1791456344.493083,655,1791456344.324440,camera_color_optical_frame,1,0.3962,0.8068,0.00329,0.033,1,IDLE,disabled,0.000,0.000,deg/s,joint_states,-0.260,0.440,0.000,0.000,0.737,-0.155,-0.236,0.388,0.786,-11.880,17.384,,pan
assignment4_topicstop_20261008_194514,24.626,1791456344.512320,656,1791456344.357803,camera_color_optical_frame,1,0.3969,0.8073,0.00320,0.014,1,IDLE,disabled,0.000,0.000,deg/s,joint_states,-0.350,0.440,0.000,0.000,0.732,-0.152,-0.234,0.379,0.785,-11.695,17.379,,pan
assignment4_topicstop_20261008_194514,24.647,1791456344.532111,656,1791456344.357803,camera_color_optical_frame,1,0.3969,0.8073,0.00320,0.034,1,IDLE,disabled,0.000,0.000,deg/s,joint_states,-0.350,0.530,0.000,0.000,0.732,-0.151,-0.234,0.378,0.780,-11.685,17.376,,pan
assignment4_topicstop_20261008_194514,24.669,1791456344.557922,657,1791456344.391165,camera_color_optical_frame,1,0.3961,0.8074,0.00331,0.019,1,IDLE,disabled,0.000,0.000,deg/s,joint_states,-0.260,0.440,0.000,0.000,0.736,-0.153,-0.236,0.385,0.788,-11.774,17.436,,pan
assignment4_topicstop_20261008_194514,24.687,1791456344.571994,658,1791456344.424529,camera_color_optical_frame,1,0.3962,0.8070,0.00328,0.002,1,IDLE,disabled,0.000,0.000,deg/s,joint_states,-0.350,0.440,0.000,0.000,0.746,-0.153,-0.239,0.375,0.785,-11.590,17.386,,pan
assignment4_topicstop_20261008_194514,24.708,1791456344.596189,658,1791456344.424529,camera_color_optical_frame,1,0.3962,0.8070,0.00328,0.024,1,IDLE,disabled,0.000,0.000,deg/s,joint_states,-0.260,0.440,0.000,0.000,0.747,-0.153,-0.239,0.378,0.785,-11.572,17.384,,pan
assignment4_topicstop_20261008_194514,24.728,1791456344.615473,659,1791456344.457892,camera_color_optical_frame,1,0.3963,0.8070,0.00327,0.005,1,IDLE,disabled,0.000,0.000,deg/s,joint_states,-0.260,0.440,0.000,0.000,0.739,-0.152,-0.236,0.380,0.785,-11.654,17.380,,pan
assignment4_topicstop_20261008_194514,24.748,1791456344.636053,659,1791456344.457892,camera_color_optical_frame,1,0.3963,0.8070,0.00327,0.025,1,IDLE,disabled,0.000,0.000,deg/s,joint_states,-0.260,0.440,0.000,0.000,0.739,-0.152,-0.236,0.380,0.785,-11.641,17.378,,pan
assignment4_topicstop_20261008_194514,24.768,1791456344.654191,660,1791456344.491255,camera_color_optical_frame,1,0.3969,0.8072,0.00318,0.012,1,IDLE,disabled,0.000,0.000,deg/s,joint_states,-0.260,0.440,0.000,0.000,0.732,-0.157,-0.235,0.395,0.789,-12.089,17.426,,pan
assignment4_topicstop_20261008_194514,24.790,1791456344.675088,660,1791456344.491255,camera_color_optical_frame,1,0.3969,0.8072,0.00318,0.034,1,IDLE,disabled,0.000,0.000,deg/s,joint_states,-0.260,0.440,0.000,0.000,0.731,-0.157,-0.235,0.397,0.789,-12.126,17.428,,pan
assignment4_topicstop_20261008_194514,24.807,1791456344.693310,661,1791456344.524618,camera_color_optical_frame,1,0.3964,0.8062,0.00329,0.014,1,IDLE,disabled,0.000,0.000,deg/s,joint_states,-0.260,0.440,0.000,0.000,0.742,-0.154,-0.238,0.383,0.787,-11.720,17.423,,pan
assignment4_topicstop_20261008_194514,24.826,1791456344.712559,661,1791456344.524618,camera_color_optical_frame,1,0.3964,0.8062,0.00329,0.034,1,IDLE,disabled,0.000,0.000,deg/s,joint_states,-0.260,0.440,0.000,0.000,0.742,-0.154,-0.238,0.383,0.788,-11.718,17.425,,pan
assignment4_topicstop_20261008_194514,24.848,1791456344.735772,662,1791456344.557981,camera_color_optical_frame,1,0.3965,0.8064,0.00324,0.015,1,IDLE,disabled,0.000,0.000,deg/s,joint_states,-0.350,0.440,0.000,0.000,0.738,-0.154,-0.236,0.383,0.784,-11.808,17.363,,pan
assignment4_topicstop_20261008_194514,24.866,1791456344.751396,662,1791456344.557981,camera_color_optical_frame,1,0.3965,0.8064,0.00324,0.032,1,IDLE,disabled,0.000,0.000,deg/s,joint_states,-0.350,0.440,0.000,0.000,0.738,-0.154,-0.236,0.383,0.784,-11.812,17.360,,pan
assignment4_topicstop_20261008_194514,24.887,1791456344.775267,663,1791456344.591345,camera_color_optical_frame,1,0.3963,0.8065,0.00327,0.017,1,IDLE,disabled,0.000,0.000,deg/s,joint_states,-0.260,0.440,0.000,0.000,0.740,-0.153,-0.236,0.381,0.783,-11.665,17.343,,pan
assignment4_topicstop_20261008_194514,24.906,1791456344.792723,663,1791456344.591345,camera_color_optical_frame,1,0.3963,0.8065,0.00327,0.037,1,IDLE,disabled,0.000,0.000,deg/s,joint_states,-0.260,0.440,0.000,0.000,0.740,-0.153,-0.236,0.381,0.783,-11.659,17.338,,pan
assignment4_topicstop_20261008_194514,24.928,1791456344.816754,664,1791456344.624708,camera_color_optical_frame,1,0.3966,0.8068,0.00324,0.019,1,IDLE,disabled,0.000,0.000,deg/s,joint_states,-0.260,0.440,0.000,0.000,0.739,-0.153,-0.237,0.381,0.787,-11.672,17.421,,pan
assignment4_topicstop_20261008_194514,24.946,1791456344.832171,665,1791456344.658072,camera_color_optical_frame,1,0.3962,0.8068,0.00331,0.006,1,IDLE,disabled,0.000,0.000,deg/s,joint_states,-0.260,0.440,0.000,0.000,0.725,-0.150,-0.232,0.381,0.787,-11.683,17.414,,pan
assignment4_topicstop_20261008_194514,24.968,1791456344.855265,665,1791456344.658072,camera_color_optical_frame,1,0.3962,0.8068,0.00331,0.028,1,IDLE,disabled,0.000,0.000,deg/s,joint_states,-0.260,0.440,0.000,0.000,0.724,-0.150,-0.232,0.381,0.787,-11.679,17.416,,pan
assignment4_topicstop_20261008_194514,24.988,1791456344.874194,666,1791456344.691435,camera_color_optical_frame,1,0.3962,0.8058,0.00330,0.013,1,IDLE,disabled,0.000,0.000,deg/s,joint_states,-0.260,0.440,0.000,0.000,0.734,-0.155,-0.234,0.391,0.783,-11.953,17.323,,pan
assignment4_topicstop_20261008_194514,25.007,1791456344.893252,666,1791456344.691435,camera_color_optical_frame,1,0.3962,0.8058,0.00330,0.031,1,IDLE,disabled,0.000,0.000,deg/s,joint_states,-0.260,0.440,0.000,0.000,0.734,-0.156,-0.234,0.391,0.783,-11.969,17.318,,pan
assignment4_topicstop_20261008_194514,25.026,1791456344.912128,667,1791456344.724799,camera_color_optical_frame,1,0.3958,0.8064,0.00334,0.014,1,IDLE,disabled,0.000,0.000,deg/s,joint_states,-0.260,0.440,0.000,0.000,0.746,-0.159,-0.239,0.393,0.786,-12.006,17.368,,pan
assignment4_topicstop_20261008_194514,25.047,1791456344.932612,667,1791456344.724799,camera_color_optical_frame,1,0.3958,0.8064,0.00334,0.035,1,IDLE,disabled,0.000,0.000,deg/s,joint_states,-0.260,0.440,0.000,0.000,0.747,-0.159,-0.239,0.393,0.786,-12.031,17.366,,pan
assignment4_topicstop_20261008_194514,25.067,1791456344.954233,668,1791456344.758163,camera_color_optical_frame,1,0.3968,0.8058,0.00326,0.016,1,IDLE,disabled,0.000,0.000,deg/s,joint_states,-0.260,0.440,0.000,0.000,0.742,-0.151,-0.237,0.376,0.784,-11.517,17.371,,pan
assignment4_topicstop_20261008_194514,25.087,1791456344.972237,669,1791456344.791526,camera_color_optical_frame,1,0.3961,0.8061,0.00331,0.002,1,IDLE,disabled,0.000,0.000,deg/s,joint_states,-0.350,0.440,0.000,0.000,0.742,-0.151,-0.237,0.372,0.784,-11.495,17.371,,pan
assignment4_topicstop_20261008_194514,25.110,1791456344.999789,669,1791456344.791526,camera_color_optical_frame,1,0.3961,0.8061,0.00331,0.025,1,IDLE,disabled,0.000,0.000,deg/s,joint_states,-0.350,0.440,0.000,0.000,0.747,-0.151,-0.238,0.371,0.783,-11.457,17.361,,pan
assignment4_topicstop_20261008_194514,25.125,1791456345.011271,670,1791456344.824890,camera_color_optical_frame,1,0.3966,0.8064,0.00328,0.006,1,IDLE,disabled,0.000,0.000,deg/s,joint_states,-0.350,0.440,0.000,0.000,0.745,-0.158,-0.239,0.387,0.787,-11.947,17.416,,pan
assignment4_topicstop_20261008_194514,25.149,1791456345.036325,670,1791456344.824890,camera_color_optical_frame,1,0.3966,0.8064,0.00328,0.030,1,IDLE,disabled,0.000,0.000,deg/s,joint_states,-0.350,0.440,0.000,0.000,0.746,-0.158,-0.239,0.388,0.788,-11.967,17.419,,pan
assignment4_topicstop_20261008_194514,25.166,1791456345.052896,671,1791456344.858306,camera_color_optical_frame,1,0.3960,0.8065,0.00335,0.011,1,IDLE,disabled,0.000,0.000,deg/s,joint_states,-0.260,0.440,0.000,0.000,0.744,-0.156,-0.238,0.387,0.787,-11.835,17.410,,pan
assignment4_topicstop_20261008_194514,25.187,1791456345.072971,671,1791456344.858306,camera_color_optical_frame,1,0.3960,0.8065,0.00335,0.031,1,IDLE,disabled,0.000,0.000,deg/s,joint_states,-0.260,0.440,0.000,0.000,0.744,-0.156,-0.238,0.387,0.787,-11.845,17.412,,pan
assignment4_topicstop_20261008_194514,25.206,1791456345.091678,672,1791456344.891652,camera_color_optical_frame,1,0.3968,0.8051,0.00326,0.014,1,IDLE,disabled,0.000,0.000,deg/s,joint_states,-0.350,0.440,0.000,0.000,0.729,-0.149,-0.232,0.374,0.780,-11.557,17.281,,pan
assignment4_topicstop_20261008_194514,25.226,1791456345.111594,672,1791456344.891652,camera_color_optical_frame,1,0.3968,0.8051,0.00326,0.033,1,IDLE,disabled,0.000,0.000,deg/s,joint_states,-0.350,0.440,0.000,0.000,0.728,-0.149,-0.231,0.374,0.779,-11.540,17.273,,pan
assignment4_topicstop_20261008_194514,25.247,1791456345.132563,673,1791456344.924999,camera_color_optical_frame,1,0.3967,0.8053,0.00331,0.016,1,IDLE,disabled,0.000,0.000,deg/s,joint_states,-0.350,0.440,0.000,0.000,0.721,-0.149,-0.229,0.378,0.780,-11.674,17.280,,pan
assignment4_topicstop_20261008_194514,25.267,1791456345.152503,674,1791456344.958346,camera_color_optical_frame,1,0.3966,0.8059,0.00331,0.002,1,IDLE,disabled,0.000,0.000,deg/s,joint_states,-0.260,0.440,0.000,0.000,0.733,-0.156,-0.235,0.394,0.788,-12.053,17.425,,pan
assignment4_topicstop_20261008_194514,25.288,1791456345.175196,674,1791456344.958346,camera_color_optical_frame,1,0.3966,0.8059,0.00331,0.023,1,IDLE,disabled,0.000,0.000,deg/s,joint_states,-0.350,0.440,0.000,0.000,0.732,-0.157,-0.235,0.392,0.789,-12.079,17.430,,pan
assignment4_topicstop_20261008_194514,25.310,1791456345.198613,675,1791456344.991692,camera_color_optical_frame,1,0.3962,0.8050,0.00337,0.007,1,IDLE,disabled,0.000,0.000,deg/s,joint_states,-0.350,0.440,0.000,0.000,0.732,-0.157,-0.235,0.393,0.789,-12.107,17.436,,pan
assignment4_topicstop_20261008_194514,25.333,1791456345.218741,676,1791456345.058385,camera_color_optical_frame,1,0.3965,0.8048,0.00335,0.008,0,IDLE,disabled,0.000,0.000,deg/s,joint_states,-0.350,0.440,0.000,0.000,0.522,-0.115,-0.174,0.404,0.820,-12.420,18.049,,pan
assignment4_topicstop_20261008_194514,25.348,1791456345.239300,677,1791456345.125079,camera_color_optical_frame,1,0.3962,0.8046,0.00339,0.009,0,IDLE,disabled,0.000,0.000,deg/s,joint_states,-0.350,0.440,0.000,0.000,0.598,-0.128,-0.196,0.393,0.804,-12.113,17.746,,pan
assignment4_topicstop_20261008_194514,25.368,1791456345.253983,678,1791456345.158426,camera_color_optical_frame,1,0.3968,0.8045,0.00333,0.010,0,IDLE,disabled,0.000,0.000,deg/s,joint_states,-0.260,0.440,0.000,0.000,0.598,-0.129,-0.196,0.400,0.805,-12.219,17.745,,pan
assignment4_topicstop_20261008_194514,25.392,1791456345.278076,678,1791456345.158426,camera_color_optical_frame,1,0.3968,0.8045,0.00333,0.035,0,IDLE,disabled,0.000,0.000,deg/s,joint_states,-0.260,0.440,0.000,0.000,0.598,-0.129,-0.196,0.400,0.805,-12.219,17.745,,pan
assignment4_topicstop_20261008_194514,25.408,1791456345.294764,679,1791456345.191772,camera_color_optical_frame,1,0.3965,0.8050,0.00337,0.011,1,IDLE,disabled,0.000,0.000,deg/s,joint_states,-0.350,0.440,0.000,0.000,0.784,-0.163,-0.249,0.380,0.779,-11.722,17.254,,pan
assignment4_topicstop_20261008_194514,25.429,1791456345.315348,679,1791456345.191772,camera_color_optical_frame,1,0.3965,0.8050,0.00337,0.032,1,IDLE,disabled,0.000,0.000,deg/s,joint_states,-0.350,0.440,0.000,0.000,0.794,-0.165,-0.252,0.379,0.778,-11.705,17.233,,pan
assignment4_topicstop_20261008_194514,25.449,1791456345.337402,680,1791456345.225119,camera_color_optical_frame,1,0.3965,0.8048,0.00336,0.015,1,IDLE,disabled,0.000,0.000,deg/s,joint_states,-0.350,0.440,0.000,0.000,0.790,-0.162,-0.250,0.376,0.778,-11.614,17.246,,pan
assignment4_topicstop_20261008_194514,25.467,1791456345.353010,680,1791456345.225119,camera_color_optical_frame,1,0.3965,0.8048,0.00336,0.033,1,IDLE,disabled,0.000,0.000,deg/s,joint_states,-0.350,0.440,0.000,0.000,0.798,-0.164,-0.253,0.375,0.777,-11.593,17.229,,pan
assignment4_topicstop_20261008_194514,25.485,1791456345.370456,681,1791456345.258465,camera_color_optical_frame,1,0.3961,0.8037,0.00336,0.011,1,IDLE,disabled,0.000,0.000,deg/s,joint_states,-0.260,0.440,0.000,0.000,0.742,-0.153,-0.236,0.380,0.781,-11.630,17.290,,pan
assignment4_topicstop_20261008_194514,25.505,1791456345.390865,681,1791456345.258465,camera_color_optical_frame,1,0.3961,0.8037,0.00336,0.031,1,IDLE,disabled,0.000,0.000,deg/s,joint_states,-0.350,0.440,0.000,0.000,0.743,-0.153,-0.236,0.376,0.780,-11.610,17.283,,pan
assignment4_topicstop_20261008_194514,25.527,1791456345.414007,682,1791456345.291812,camera_color_optical_frame,1,0.3964,0.8034,0.00336,0.018,1,IDLE,disabled,0.000,0.000,deg/s,joint_states,-0.350,0.440,0.000,0.000,0.737,-0.151,-0.234,0.376,0.780,-11.611,17.287,,pan
assignment4_topicstop_20261008_194514,25.547,1791456345.433067,683,1791456345.325159,camera_color_optical_frame,1,0.3962,0.8041,0.00337,0.003,1,IDLE,disabled,0.000,0.000,deg/s,joint_states,-0.350,0.440,0.000,0.000,0.738,-0.155,-0.236,0.386,0.784,-11.894,17.353,,pan
assignment4_topicstop_20261008_194514,25.570,1791456345.457204,683,1791456345.325159,camera_color_optical_frame,1,0.3962,0.8041,0.00337,0.026,1,IDLE,disabled,0.000,0.000,deg/s,joint_states,-0.260,0.440,0.000,0.000,0.738,-0.156,-0.236,0.389,0.785,-11.915,17.356,,pan
assignment4_topicstop_20261008_194514,25.586,1791456345.471939,684,1791456345.358505,camera_color_optical_frame,1,0.3967,0.8030,0.00336,0.007,1,IDLE,disabled,0.000,0.000,deg/s,joint_states,-0.260,0.440,0.000,0.000,0.742,-0.155,-0.236,0.386,0.782,-11.826,17.304,,pan
assignment4_topicstop_20261008_194514,25.608,1791456345.493691,684,1791456345.358505,camera_color_optical_frame,1,0.3967,0.8030,0.00336,0.029,1,IDLE,disabled,0.000,0.000,deg/s,joint_states,-0.260,0.440,0.000,0.000,0.742,-0.156,-0.236,0.387,0.782,-11.839,17.301,,pan
assignment4_topicstop_20261008_194514,25.626,1791456345.511796,685,1791456345.391852,camera_color_optical_frame,1,0.3961,0.8042,0.00341,0.009,1,IDLE,disabled,0.000,0.000,deg/s,joint_states,-0.350,0.440,0.000,0.000,0.736,-0.154,-0.235,0.382,0.784,-11.790,17.347,,pan
assignment4_topicstop_20261008_194514,25.645,1791456345.531127,685,1791456345.391852,camera_color_optical_frame,1,0.3961,0.8042,0.00341,0.029,1,IDLE,disabled,0.000,0.000,deg/s,joint_states,-0.260,0.440,0.000,0.000,0.735,-0.153,-0.235,0.385,0.784,-11.789,17.348,,pan
assignment4_topicstop_20261008_194514,25.672,1791456345.560337,686,1791456345.425199,camera_color_optical_frame,1,0.3964,0.8047,0.00335,0.022,1,IDLE,disabled,0.000,0.000,deg/s,joint_states,-0.260,0.440,0.000,0.000,0.739,-0.152,-0.236,0.381,0.784,-11.663,17.366,,pan
assignment4_topicstop_20261008_194514,25.688,1791456345.576077,687,1791456345.458545,camera_color_optical_frame,1,0.3965,0.8034,0.00336,0.003,1,IDLE,disabled,0.000,0.000,deg/s,joint_states,-0.260,0.440,0.000,0.000,0.740,-0.153,-0.235,0.381,0.781,-11.676,17.297,,pan
assignment4_topicstop_20261008_194514,25.709,1791456345.595618,687,1791456345.458545,camera_color_optical_frame,1,0.3965,0.8034,0.00336,0.024,1,IDLE,disabled,0.000,0.000,deg/s,joint_states,-0.260,0.440,0.000,0.000,0.741,-0.153,-0.235,0.381,0.781,-11.662,17.292,,pan
assignment4_topicstop_20261008_194514,25.727,1791456345.612577,688,1791456345.491892,camera_color_optical_frame,1,0.3964,0.8045,0.00337,0.010,1,IDLE,disabled,0.000,0.000,deg/s,joint_states,-0.350,0.440,0.000,0.000,0.733,-0.151,-0.234,0.378,0.783,-11.674,17.341,,pan
assignment4_topicstop_20261008_194514,25.750,1791456345.637195,688,1791456345.491892,camera_color_optical_frame,1,0.3964,0.8045,0.00337,0.033,1,IDLE,disabled,0.000,0.000,deg/s,joint_states,-0.260,0.440,0.000,0.000,0.732,-0.151,-0.234,0.381,0.783,-11.665,17.340,,pan
assignment4_topicstop_20261008_194514,25.768,1791456345.655077,689,1791456345.525239,camera_color_optical_frame,1,0.3966,0.8036,0.00333,0.010,1,IDLE,disabled,0.000,0.000,deg/s,joint_states,-0.350,0.440,0.000,0.000,0.732,-0.154,-0.234,0.384,0.783,-11.847,17.334,,pan
assignment4_topicstop_20261008_194514,25.787,1791456345.676211,690,1791456345.558586,camera_color_optical_frame,1,0.3962,0.8036,0.00337,0.010,0,IDLE,disabled,0.000,0.000,deg/s,joint_states,-0.350,0.440,0.000,0.000,0.544,-0.119,-0.180,0.402,0.814,-12.369,17.926,,pan
assignment4_topicstop_20261008_194514,25.806,1791456345.692191,690,1791456345.558586,camera_color_optical_frame,1,0.3962,0.8036,0.00337,0.029,0,IDLE,disabled,0.000,0.000,deg/s,joint_states,-0.350,0.440,0.000,0.000,0.535,-0.118,-0.178,0.403,0.816,-12.410,17.963,,pan
assignment4_topicstop_20261008_194514,25.828,1791456345.715361,691,1791456345.591933,camera_color_optical_frame,1,0.3962,0.8042,0.00340,0.017,1,IDLE,disabled,0.000,0.000,deg/s,joint_states,-0.350,0.440,0.000,0.000,0.740,-0.156,-0.236,0.386,0.783,-11.891,17.336,,pan
assignment4_topicstop_20261008_194514,25.847,1791456345.732722,692,1791456345.625279,camera_color_optical_frame,1,0.3965,0.8033,0.00334,0.007,1,IDLE,disabled,0.000,0.000,deg/s,joint_states,-0.260,0.440,0.000,0.000,0.740,-0.154,-0.236,0.385,0.782,-11.783,17.319,,pan
assignment4_topicstop_20261008_194514,25.866,1791456345.751781,692,1791456345.625279,camera_color_optical_frame,1,0.3965,0.8033,0.00334,0.025,1,IDLE,disabled,0.000,0.000,deg/s,joint_states,-0.260,0.440,0.000,0.000,0.741,-0.155,-0.236,0.385,0.782,-11.783,17.318,,pan
assignment4_topicstop_20261008_194514,25.888,1791456345.780106,693,1791456345.658626,camera_color_optical_frame,1,0.3964,0.8042,0.00337,0.013,1,IDLE,disabled,0.000,0.000,deg/s,joint_states,-0.350,0.440,0.000,0.000,0.739,-0.152,-0.236,0.378,0.783,-11.661,17.344,,pan
assignment4_topicstop_20261008_194514,25.907,1791456345.792253,694,1791456345.691973,camera_color_optical_frame,1,0.3964,0.8036,0.00337,0.003,1,IDLE,disabled,0.000,0.000,deg/s,joint_states,-0.260,0.440,0.000,0.000,0.739,-0.152,-0.236,0.380,0.783,-11.647,17.344,,pan
assignment4_topicstop_20261008_194514,25.930,1791456345.815548,694,1791456345.691973,camera_color_optical_frame,1,0.3964,0.8036,0.00337,0.026,1,IDLE,disabled,0.000,0.000,deg/s,joint_states,-0.260,0.440,0.000,0.000,0.739,-0.152,-0.235,0.378,0.783,-11.589,17.340,,pan
assignment4_topicstop_20261008_194514,25.949,1791456345.834852,695,1791456345.725320,camera_color_optical_frame,1,0.3967,0.8036,0.00334,0.012,1,IDLE,disabled,0.000,0.000,deg/s,joint_states,-0.260,0.440,0.000,0.000,0.738,-0.155,-0.235,0.387,0.782,-11.852,17.309,,pan
assignment4_topicstop_20261008_194514,25.967,1791456345.852362,695,1791456345.725320,camera_color_optical_frame,1,0.3967,0.8036,0.00334,0.030,1,IDLE,disabled,0.000,0.000,deg/s,joint_states,-0.260,0.440,0.000,0.000,0.738,-0.155,-0.235,0.388,0.782,-11.862,17.305,,pan
assignment4_topicstop_20261008_194514,25.990,1791456345.880551,696,1791456345.758666,camera_color_optical_frame,1,0.3963,0.8041,0.00337,0.019,1,IDLE,disabled,0.000,0.000,deg/s,joint_states,-0.260,0.440,0.000,0.000,0.741,-0.156,-0.237,0.388,0.785,-11.867,17.357,,pan
assignment4_topicstop_20261008_194514,26.007,1791456345.893101,696,1791456345.758666,camera_color_optical_frame,1,0.3963,0.8041,0.00337,0.036,1,IDLE,disabled,0.000,0.000,deg/s,joint_states,-0.260,0.440,0.000,0.000,0.741,-0.156,-0.237,0.388,0.785,-11.881,17.360,,pan
assignment4_topicstop_20261008_194514,26.030,1791456345.917521,697,1791456345.792013,camera_color_optical_frame,1,0.3963,0.8034,0.00337,0.013,1,IDLE,disabled,0.000,0.000,deg/s,joint_states,-0.260,0.440,0.000,0.000,0.739,-0.151,-0.235,0.378,0.782,-11.576,17.317,,pan
assignment4_topicstop_20261008_194514,26.046,1791456345.933161,698,1791456345.825360,camera_color_optical_frame,1,0.3964,0.8033,0.00338,0.009,1,IDLE,disabled,0.000,0.000,deg/s,joint_states,-0.350,0.440,0.000,0.000,0.734,-0.153,-0.234,0.382,0.781,-11.794,17.300,,pan
assignment4_topicstop_20261008_194514,26.066,1791456345.952891,698,1791456345.825360,camera_color_optical_frame,1,0.3964,0.8033,0.00338,0.029,1,IDLE,disabled,0.000,0.000,deg/s,joint_states,-0.350,0.440,0.000,0.000,0.734,-0.153,-0.233,0.382,0.781,-11.797,17.295,,pan
assignment4_topicstop_20261008_194514,26.089,1791456345.977982,699,1791456345.858707,camera_color_optical_frame,1,0.3960,0.8034,0.00340,0.013,1,IDLE,disabled,0.000,0.000,deg/s,joint_states,-0.260,0.440,0.000,0.000,0.739,-0.153,-0.235,0.382,0.783,-11.692,17.327,,pan
assignment4_topicstop_20261008_194514,26.105,1791456345.990944,699,1791456345.858707,camera_color_optical_frame,1,0.3960,0.8034,0.00340,0.029,1,IDLE,disabled,0.000,0.000,deg/s,joint_states,-0.350,0.440,0.000,0.000,0.739,-0.153,-0.235,0.379,0.782,-11.690,17.327,,pan
assignment4_topicstop_20261008_194514,26.126,1791456346.015918,700,1791456345.892054,camera_color_optical_frame,1,0.3964,0.8038,0.00338,0.017,1,IDLE,disabled,0.000,0.000,deg/s,joint_states,-0.260,0.440,0.000,0.000,0.743,-0.156,-0.237,0.387,0.784,-11.849,17.353,,pan
assignment4_topicstop_20261008_194514,26.146,1791456346.032599,700,1791456345.892054,camera_color_optical_frame,1,0.3964,0.8038,0.00338,0.036,1,IDLE,disabled,0.000,0.000,deg/s,joint_states,-0.350,0.440,0.000,0.000,0.743,-0.156,-0.237,0.384,0.784,-11.857,17.356,,pan
assignment4_topicstop_20261008_194514,26.168,1791456346.054622,701,1791456345.925400,camera_color_optical_frame,1,0.3960,0.8045,0.00342,0.017,1,IDLE,disabled,0.000,0.000,deg/s,joint_states,-0.350,0.440,0.000,0.000,0.735,-0.153,-0.235,0.382,0.786,-11.786,17.392,,pan
assignment4_topicstop_20261008_194514,26.186,1791456346.072584,702,1791456345.958758,camera_color_optical_frame,1,0.3964,0.8039,0.00337,0.009,1,IDLE,disabled,0.000,0.000,deg/s,joint_states,-0.260,0.440,0.000,0.000,0.742,-0.155,-0.237,0.386,0.783,-11.807,17.337,,pan
assignment4_topicstop_20261008_194514,26.206,1791456346.092149,702,1791456345.958758,camera_color_optical_frame,1,0.3964,0.8039,0.00337,0.029,1,IDLE,disabled,0.000,0.000,deg/s,joint_states,-0.350,0.440,0.000,0.000,0.742,-0.155,-0.237,0.383,0.783,-11.807,17.337,,pan
assignment4_topicstop_20261008_194514,26.227,1791456346.116764,703,1791456345.992115,camera_color_optical_frame,1,0.3964,0.8037,0.00338,0.015,1,IDLE,disabled,0.000,0.000,deg/s,joint_states,-0.260,0.440,0.000,0.000,0.738,-0.153,-0.235,0.382,0.781,-11.702,17.301,,pan
assignment4_topicstop_20261008_194514,26.247,1791456346.133350,703,1791456345.992115,camera_color_optical_frame,1,0.3964,0.8037,0.00338,0.035,1,IDLE,disabled,0.000,0.000,deg/s,joint_states,-0.350,0.530,0.000,0.000,0.738,-0.153,-0.235,0.379,0.776,-11.699,17.295,,pan
assignment4_topicstop_20261008_194514,26.267,1791456346.155209,704,1791456346.025472,camera_color_optical_frame,1,0.3965,0.8034,0.00336,0.015,1,IDLE,disabled,0.000,0.000,deg/s,joint_states,-0.350,0.530,0.000,0.000,0.729,-0.150,-0.232,0.377,0.777,-11.635,17.305,,pan
assignment4_topicstop_20261008_194514,26.287,1791456346.173359,705,1791456346.058829,camera_color_optical_frame,1,0.3963,0.8047,0.00334,0.010,1,IDLE,disabled,0.000,0.000,deg/s,joint_states,-0.260,0.440,0.000,0.000,0.734,-0.154,-0.235,0.387,0.786,-11.851,17.388,,pan
assignment4_topicstop_20261008_194514,26.307,1791456346.192595,705,1791456346.058829,camera_color_optical_frame,1,0.3963,0.8047,0.00334,0.030,1,IDLE,disabled,0.000,0.000,deg/s,joint_states,-0.260,0.440,0.000,0.000,0.734,-0.154,-0.235,0.388,0.786,-11.865,17.395,,pan
assignment4_topicstop_20261008_194514,26.326,1791456346.210938,706,1791456346.092186,camera_color_optical_frame,1,0.3967,0.8033,0.00333,0.010,1,IDLE,disabled,0.000,0.000,deg/s,joint_states,-0.260,0.440,0.000,0.000,0.742,-0.153,-0.236,0.381,0.782,-11.682,17.318,,pan
assignment4_topicstop_20261008_194514,26.347,1791456346.232136,706,1791456346.092186,camera_color_optical_frame,1,0.3967,0.8033,0.00333,0.031,1,IDLE,disabled,0.000,0.000,deg/s,joint_states,-0.260,0.530,0.000,0.000,0.743,-0.153,-0.237,0.381,0.778,-11.675,17.318,,pan
assignment4_topicstop_20261008_194514,26.367,1791456346.254457,707,1791456346.125543,camera_color_optical_frame,1,0.3965,0.8039,0.00335,0.017,1,IDLE,disabled,0.000,0.000,deg/s,joint_states,-0.350,0.440,0.000,0.000,0.741,-0.154,-0.240,0.379,0.794,-11.713,17.555,,pan
assignment4_topicstop_20261008_194514,26.386,1791456346.271999,707,1791456346.125543,camera_color_optical_frame,1,0.3965,0.8039,0.00335,0.036,1,IDLE,disabled,0.000,0.000,deg/s,joint_states,-0.350,0.440,0.000,0.000,0.742,-0.154,-0.240,0.379,0.795,-11.708,17.575,,pan
assignment4_topicstop_20261008_194514,26.407,1791456346.294603,708,1791456346.158900,camera_color_optical_frame,1,0.3965,0.8042,0.00336,0.017,1,IDLE,disabled,0.000,0.000,deg/s,joint_states,-0.350,0.440,0.000,0.000,0.741,-0.154,-0.237,0.379,0.785,-11.712,17.381,,pan
assignment4_topicstop_20261008_194514,26.427,1791456346.312787,708,1791456346.158900,camera_color_optical_frame,1,0.3965,0.8042,0.00336,0.037,1,IDLE,disabled,0.000,0.000,deg/s,joint_states,-0.260,0.530,0.000,0.000,0.742,-0.154,-0.237,0.382,0.781,-11.711,17.387,,pan
assignment4_topicstop_20261008_194514,26.448,1791456346.333191,709,1791456346.192257,camera_color_optical_frame,1,0.3963,0.8038,0.00338,0.016,1,IDLE,disabled,0.000,0.000,deg/s,joint_states,-0.260,0.440,0.000,0.000,0.746,-0.153,-0.235,0.380,0.775,-11.633,17.170,,pan
assignment4_topicstop_20261008_194514,26.466,1791456346.352350,710,1791456346.225615,camera_color_optical_frame,1,0.3969,0.8041,0.00336,0.009,1,IDLE,disabled,0.000,0.000,deg/s,joint_states,-0.260,0.440,0.000,0.000,0.739,-0.156,-0.237,0.390,0.787,-11.943,17.399,,pan
assignment4_topicstop_20261008_194514,26.488,1791456346.373510,711,1791456346.258971,camera_color_optical_frame,1,0.3969,0.8040,0.00331,0.009,0,IDLE,disabled,0.000,0.000,deg/s,joint_states,-0.350,0.440,0.000,0.000,0.544,-0.120,-0.180,0.406,0.815,-12.482,17.935,,pan
assignment4_topicstop_20261008_194514,26.507,1791456346.392550,711,1791456346.258971,camera_color_optical_frame,1,0.3969,0.8040,0.00331,0.029,0,IDLE,disabled,0.000,0.000,deg/s,joint_states,-0.350,0.440,0.000,0.000,0.535,-0.119,-0.178,0.408,0.817,-12.532,17.973,,pan
assignment4_topicstop_20261008_194514,26.527,1791456346.413762,712,1791456346.292329,camera_color_optical_frame,1,0.3964,0.8042,0.00338,0.015,1,IDLE,disabled,0.000,0.000,deg/s,joint_states,-0.260,0.440,0.000,0.000,0.739,-0.151,-0.238,0.378,0.792,-11.584,17.532,,pan
assignment4_topicstop_20261008_194514,26.546,1791456346.431826,712,1791456346.292329,camera_color_optical_frame,1,0.3964,0.8042,0.00338,0.035,1,IDLE,disabled,0.000,0.000,deg/s,joint_states,-0.260,0.440,0.000,0.000,0.739,-0.151,-0.239,0.377,0.793,-11.562,17.550,,pan
assignment4_topicstop_20261008_194514,26.567,1791456346.455514,713,1791456346.325686,camera_color_optical_frame,1,0.3968,0.8046,0.00331,0.017,1,IDLE,disabled,0.000,0.000,deg/s,joint_states,-0.260,0.440,0.000,0.000,0.801,-0.165,-0.254,0.381,0.778,-11.662,17.229,,pan
assignment4_topicstop_20261008_194514,26.586,1791456346.471645,713,1791456346.325686,camera_color_optical_frame,1,0.3968,0.8046,0.00331,0.036,1,IDLE,disabled,0.000,0.000,deg/s,joint_states,-0.260,0.440,0.000,0.000,0.810,-0.167,-0.256,0.380,0.777,-11.644,17.213,,pan
assignment4_topicstop_20261008_194514,26.610,1791456346.497077,714,1791456346.359043,camera_color_optical_frame,1,0.3972,0.8042,0.00328,0.021,1,IDLE,disabled,0.000,0.000,deg/s,joint_states,-0.260,0.440,0.000,0.000,0.725,-0.153,-0.229,0.390,0.776,-11.938,17.173,,pan
assignment4_topicstop_20261008_194514,26.626,1791456346.512588,715,1791456346.392400,camera_color_optical_frame,1,0.3965,0.8040,0.00337,0.007,1,IDLE,disabled,0.000,0.000,deg/s,joint_states,-0.350,0.530,0.000,0.000,0.731,-0.150,-0.233,0.375,0.777,-11.579,17.319,,pan
assignment4_topicstop_20261008_194514,26.649,1791456346.535090,715,1791456346.392400,camera_color_optical_frame,1,0.3965,0.8040,0.00337,0.029,1,IDLE,disabled,0.000,0.000,deg/s,joint_states,-0.350,0.530,0.000,0.000,0.730,-0.149,-0.232,0.374,0.777,-11.553,17.315,,pan
assignment4_topicstop_20261008_194514,26.666,1791456346.552723,716,1791456346.425756,camera_color_optical_frame,1,0.3972,0.8036,0.00330,0.011,1,IDLE,disabled,0.000,0.000,deg/s,joint_states,-0.260,0.440,0.000,0.000,0.749,-0.154,-0.238,0.380,0.781,-11.640,17.303,,pan
assignment4_topicstop_20261008_194514,26.686,1791456346.571787,716,1791456346.425756,camera_color_optical_frame,1,0.3972,0.8036,0.00330,0.031,1,IDLE,disabled,0.000,0.000,deg/s,joint_states,-0.260,0.440,0.000,0.000,0.751,-0.154,-0.239,0.380,0.781,-11.625,17.299,,pan
assignment4_topicstop_20261008_194514,26.707,1791456346.595564,717,1791456346.459113,camera_color_optical_frame,1,0.3964,0.8043,0.00335,0.015,1,IDLE,disabled,0.000,0.000,deg/s,joint_states,-0.260,0.440,0.000,0.000,0.738,-0.153,-0.235,0.382,0.784,-11.712,17.357,,pan
assignment4_topicstop_20261008_194514,26.727,1791456346.613298,717,1791456346.459113,camera_color_optical_frame,1,0.3964,0.8043,0.00335,0.035,1,IDLE,disabled,0.000,0.000,deg/s,joint_states,-0.350,0.440,0.000,0.000,0.738,-0.153,-0.235,0.379,0.784,-11.711,17.359,,pan
assignment4_topicstop_20261008_194514,26.746,1791456346.633418,718,1791456346.492470,camera_color_optical_frame,1,0.3962,0.8045,0.00339,0.015,1,IDLE,disabled,0.000,0.000,deg/s,joint_states,-0.350,0.440,0.000,0.000,0.735,-0.155,-0.239,0.387,0.798,-11.921,17.638,,pan
assignment4_topicstop_20261008_194514,26.767,1791456346.653720,719,1791456346.525827,camera_color_optical_frame,1,0.3969,0.8052,0.00330,0.009,1,IDLE,disabled,0.000,0.000,deg/s,joint_states,-0.260,0.440,0.000,0.000,0.735,-0.153,-0.235,0.384,0.786,-11.755,17.396,,pan
assignment4_topicstop_20261008_194514,26.788,1791456346.674005,719,1791456346.525827,camera_color_optical_frame,1,0.3969,0.8052,0.00330,0.030,1,IDLE,disabled,0.000,0.000,deg/s,joint_states,-0.350,0.440,0.000,0.000,0.734,-0.153,-0.235,0.381,0.786,-11.759,17.401,,pan
assignment4_topicstop_20261008_194514,26.809,1791456346.697525,720,1791456346.559184,camera_color_optical_frame,1,0.3969,0.8044,0.00331,0.017,1,IDLE,disabled,0.000,0.000,deg/s,joint_states,-0.350,0.440,0.000,0.000,0.739,-0.154,-0.233,0.381,0.775,-11.752,17.180,,pan
assignment4_topicstop_20261008_194514,26.829,1791456346.718564,721,1791456346.592541,camera_color_optical_frame,1,0.3963,0.8045,0.00338,0.006,1,IDLE,disabled,0.000,0.000,deg/s,joint_states,-0.260,0.440,0.000,0.000,0.739,-0.154,-0.233,0.384,0.774,-11.748,17.156,,pan
assignment4_topicstop_20261008_194514,26.846,1791456346.731640,721,1791456346.592541,camera_color_optical_frame,1,0.3963,0.8045,0.00338,0.023,1,IDLE,disabled,0.000,0.000,deg/s,joint_states,-0.260,0.440,0.000,0.000,0.736,-0.155,-0.235,0.390,0.783,-11.928,17.321,,pan
assignment4_topicstop_20261008_194514,26.870,1791456346.757687,722,1791456346.625898,camera_color_optical_frame,1,0.3970,0.8053,0.00329,0.010,1,IDLE,disabled,0.000,0.000,deg/s,joint_states,-0.350,0.440,0.000,0.000,0.739,-0.152,-0.236,0.377,0.785,-11.640,17.393,,pan
assignment4_topicstop_20261008_194514,26.887,1791456346.773492,722,1791456346.625898,camera_color_optical_frame,1,0.3970,0.8053,0.00329,0.027,1,IDLE,disabled,0.000,0.000,deg/s,joint_states,-0.350,0.440,0.000,0.000,0.739,-0.152,-0.236,0.377,0.786,-11.628,17.398,,pan
assignment4_topicstop_20261008_194514,26.906,1791456346.794218,723,1791456346.659255,camera_color_optical_frame,1,0.3966,0.8045,0.00332,0.010,1,IDLE,disabled,0.000,0.000,deg/s,joint_states,-0.350,0.440,0.000,0.000,0.742,-0.156,-0.237,0.384,0.784,-11.844,17.344,,pan
assignment4_topicstop_20261008_194514,26.927,1791456346.813265,723,1791456346.659255,camera_color_optical_frame,1,0.3966,0.8045,0.00332,0.031,1,IDLE,disabled,0.000,0.000,deg/s,joint_states,-0.260,0.440,0.000,0.000,0.743,-0.156,-0.237,0.387,0.784,-11.849,17.343,,pan
assignment4_topicstop_20261008_194514,26.945,1791456346.831901,724,1791456346.692611,camera_color_optical_frame,1,0.3967,0.8048,0.00332,0.014,1,IDLE,disabled,0.000,0.000,deg/s,joint_states,-0.260,0.440,0.000,0.000,0.739,-0.153,-0.235,0.382,0.783,-11.706,17.334,,pan
assignment4_topicstop_20261008_194514,26.966,1791456346.853261,725,1791456346.725969,camera_color_optical_frame,1,0.3967,0.8058,0.00332,0.006,1,IDLE,disabled,0.000,0.000,deg/s,joint_states,-0.350,0.440,0.000,0.000,0.744,-0.155,-0.239,0.381,0.787,-11.757,17.425,,pan
assignment4_topicstop_20261008_194514,26.987,1791456346.872794,725,1791456346.725969,camera_color_optical_frame,1,0.3967,0.8058,0.00332,0.027,1,IDLE,disabled,0.000,0.000,deg/s,joint_states,-0.350,0.440,0.000,0.000,0.745,-0.155,-0.239,0.381,0.788,-11.751,17.433,,pan
assignment4_topicstop_20261008_194514,27.008,1791456346.897005,726,1791456346.759325,camera_color_optical_frame,1,0.3966,0.8047,0.00331,0.017,1,IDLE,disabled,0.000,0.000,deg/s,joint_states,-0.260,0.440,0.000,0.000,0.732,-0.155,-0.234,0.392,0.785,-11.992,17.350,,pan
assignment4_topicstop_20261008_194514,27.027,1791456346.912454,726,1791456346.759325,camera_color_optical_frame,1,0.3966,0.8047,0.00331,0.035,1,IDLE,disabled,0.000,0.000,deg/s,joint_states,-0.350,0.440,0.000,0.000,0.731,-0.156,-0.234,0.390,0.784,-12.016,17.349,,pan
assignment4_topicstop_20261008_194514,27.047,1791456346.934189,727,1791456346.792682,camera_color_optical_frame,1,0.3970,0.8042,0.00328,0.017,1,IDLE,disabled,0.000,0.000,deg/s,joint_states,-0.350,0.440,0.000,0.000,0.744,-0.153,-0.236,0.377,0.779,-11.638,17.271,,pan
assignment4_topicstop_20261008_194514,27.068,1791456346.955326,728,1791456346.826039,camera_color_optical_frame,1,0.3975,0.8047,0.00322,0.005,1,IDLE,disabled,0.000,0.000,deg/s,joint_states,-0.350,0.440,0.000,0.000,0.744,-0.153,-0.236,0.376,0.779,-11.622,17.260,,pan
assignment4_topicstop_20261008_194514,27.088,1791456346.974321,728,1791456346.826039,camera_color_optical_frame,1,0.3975,0.8047,0.00322,0.024,1,IDLE,disabled,0.000,0.000,deg/s,joint_states,-0.260,0.440,0.000,0.000,0.746,-0.154,-0.241,0.382,0.794,-11.684,17.562,,pan
assignment4_topicstop_20261008_194514,27.112,1791456347.000538,729,1791456346.859396,camera_color_optical_frame,1,0.3967,0.8054,0.00331,0.019,1,IDLE,disabled,0.000,0.000,deg/s,joint_states,-0.350,0.440,0.000,0.000,0.735,-0.154,-0.236,0.384,0.787,-11.849,17.419,,pan
assignment4_topicstop_20261008_194514,27.126,1791456347.011981,730,1791456346.892752,camera_color_optical_frame,1,0.3962,0.8063,0.00332,0.003,1,IDLE,disabled,0.000,0.000,deg/s,joint_states,-0.260,0.440,0.000,0.000,0.739,-0.155,-0.236,0.387,0.783,-11.852,17.327,,pan
assignment4_topicstop_20261008_194514,27.149,1791456347.036237,730,1791456346.892752,camera_color_optical_frame,1,0.3962,0.8063,0.00332,0.026,1,IDLE,disabled,0.000,0.000,deg/s,joint_states,-0.260,0.440,0.000,0.000,0.739,-0.155,-0.236,0.388,0.783,-11.862,17.316,,pan
assignment4_topicstop_20261008_194514,27.168,1791456347.055327,731,1791456346.926112,camera_color_optical_frame,1,0.3965,0.8060,0.00329,0.010,1,IDLE,disabled,0.000,0.000,deg/s,joint_states,-0.260,0.440,0.000,0.000,0.733,-0.154,-0.235,0.388,0.787,-11.875,17.399,,pan
assignment4_topicstop_20261008_194514,27.189,1791456347.074538,731,1791456346.926112,camera_color_optical_frame,1,0.3965,0.8060,0.00329,0.031,1,IDLE,disabled,0.000,0.000,deg/s,joint_states,-0.260,0.440,0.000,0.000,0.733,-0.154,-0.235,0.388,0.787,-11.886,17.403,,pan
assignment4_topicstop_20261008_194514,27.206,1791456347.092057,732,1791456346.959465,camera_color_optical_frame,1,0.3972,0.8050,0.00325,0.013,1,IDLE,disabled,0.000,0.000,deg/s,joint_states,-0.350,0.440,0.000,0.000,0.731,-0.152,-0.232,0.380,0.781,-11.733,17.301,,pan
assignment4_topicstop_20261008_194514,27.226,1791456347.111633,732,1791456346.959465,camera_color_optical_frame,1,0.3972,0.8050,0.00325,0.033,1,IDLE,disabled,0.000,0.000,deg/s,joint_states,-0.350,0.440,0.000,0.000,0.730,-0.152,-0.232,0.380,0.781,-11.725,17.292,,pan
assignment4_topicstop_20261008_194514,27.256,1791456347.142086,733,1791456346.992819,camera_color_optical_frame,1,0.3965,0.8064,0.00329,0.025,1,IDLE,disabled,0.000,0.000,deg/s,joint_states,-0.350,0.440,0.000,0.000,0.735,-0.150,-0.235,0.374,0.786,-11.544,17.409,,pan
assignment4_topicstop_20261008_194514,27.268,1791456347.152957,734,1791456347.026173,camera_color_optical_frame,1,0.3971,0.8063,0.00326,0.002,1,IDLE,disabled,0.000,0.000,deg/s,joint_states,-0.260,0.440,0.000,0.000,0.735,-0.150,-0.235,0.376,0.786,-11.530,17.411,,pan
assignment4_topicstop_20261008_194514,27.292,1791456347.178985,734,1791456347.026173,camera_color_optical_frame,1,0.3971,0.8063,0.00326,0.026,1,IDLE,disabled,0.000,0.000,deg/s,joint_states,-0.260,0.440,0.000,0.000,0.750,-0.155,-0.241,0.383,0.788,-11.713,17.443,,pan
assignment4_topicstop_20261008_194514,27.306,1791456347.191074,735,1791456347.059526,camera_color_optical_frame,1,0.3963,0.8068,0.00328,0.009,1,IDLE,disabled,0.000,0.000,deg/s,joint_states,-0.260,0.440,0.000,0.000,0.739,-0.156,-0.237,0.391,0.787,-11.953,17.408,,pan
assignment4_topicstop_20261008_194514,27.327,1791456347.217492,735,1791456347.059526,camera_color_optical_frame,1,0.3963,0.8068,0.00328,0.030,1,IDLE,disabled,0.000,0.000,deg/s,joint_states,-0.260,0.440,0.000,0.000,0.739,-0.157,-0.237,0.392,0.788,-11.978,17.410,,pan
assignment4_topicstop_20261008_194514,27.346,1791456347.231719,736,1791456347.092880,camera_color_optical_frame,1,0.3967,0.8061,0.00329,0.009,1,IDLE,disabled,0.000,0.000,deg/s,joint_states,-0.350,0.440,0.000,0.000,0.734,-0.155,-0.235,0.387,0.785,-11.932,17.372,,pan
assignment4_topicstop_20261008_194514,27.369,1791456347.255028,736,1791456347.092880,camera_color_optical_frame,1,0.3967,0.8061,0.00329,0.032,1,IDLE,disabled,0.000,0.000,deg/s,joint_states,-0.260,0.440,0.000,0.000,0.733,-0.155,-0.234,0.391,0.785,-11.951,17.370,,pan
assignment4_topicstop_20261008_194514,27.387,1791456347.273036,737,1791456347.126234,camera_color_optical_frame,1,0.3969,0.8057,0.00325,0.013,1,IDLE,disabled,0.000,0.000,deg/s,joint_states,-0.260,0.440,0.000,0.000,0.747,-0.154,-0.238,0.380,0.782,-11.634,17.323,,pan
assignment4_topicstop_20261008_194514,27.406,1791456347.291611,738,1791456347.159588,camera_color_optical_frame,1,0.3968,0.8045,0.00329,0.012,0,IDLE,disabled,0.000,0.000,deg/s,joint_states,-0.350,0.440,0.000,0.000,0.536,-0.117,-0.178,0.400,0.816,-12.319,17.967,,pan
assignment4_topicstop_20261008_194514,27.427,1791456347.312357,739,1791456347.192942,camera_color_optical_frame,1,0.3966,0.8064,0.00327,0.016,0,IDLE,disabled,0.000,0.000,deg/s,joint_states,-0.350,0.440,0.000,0.000,0.542,-0.119,-0.180,0.401,0.818,-12.338,18.003,,pan
assignment4_topicstop_20261008_194514,27.446,1791456347.331939,740,1791456347.226295,camera_color_optical_frame,1,0.3970,0.8050,0.00327,0.016,0,IDLE,disabled,0.000,0.000,deg/s,joint_states,-0.260,0.440,0.000,0.000,0.598,-0.129,-0.196,0.399,0.806,-12.197,17.771,,pan
assignment4_topicstop_20261008_194514,27.466,1791456347.351357,740,1791456347.226295,camera_color_optical_frame,1,0.3970,0.8050,0.00327,0.035,0,IDLE,disabled,0.000,0.000,deg/s,joint_states,-0.260,0.440,0.000,0.000,0.598,-0.129,-0.196,0.399,0.806,-12.205,17.774,,pan
assignment4_topicstop_20261008_194514,27.489,1791456347.376040,741,1791456347.259649,camera_color_optical_frame,1,0.3969,0.8054,0.00324,0.020,1,IDLE,disabled,0.000,0.000,deg/s,joint_states,-0.260,0.530,0.000,0.000,0.791,-0.164,-0.251,0.383,0.774,-11.728,17.244,,pan
assignment4_topicstop_20261008_194514,27.507,1791456347.392587,741,1791456347.259649,camera_color_optical_frame,1,0.3969,0.8054,0.00324,0.038,1,IDLE,disabled,0.000,0.000,deg/s,joint_states,-0.260,0.440,0.000,0.000,0.800,-0.166,-0.253,0.383,0.778,-11.714,17.226,,pan
assignment4_topicstop_20261008_194514,27.529,1791456347.416275,742,1791456347.293003,camera_color_optical_frame,1,0.3964,0.8054,0.00334,0.019,1,IDLE,disabled,0.000,0.000,deg/s,joint_states,-0.350,0.440,0.000,0.000,0.792,-0.164,-0.251,0.379,0.778,-11.687,17.243,,pan
assignment4_topicstop_20261008_194514,27.546,1791456347.432014,743,1791456347.326357,camera_color_optical_frame,1,0.3962,0.8055,0.00333,0.002,1,IDLE,disabled,0.000,0.000,deg/s,joint_states,-0.260,0.440,0.000,0.000,0.737,-0.153,-0.236,0.382,0.785,-11.709,17.372,,pan
assignment4_topicstop_20261008_194514,27.566,1791456347.456320,743,1791456347.326357,camera_color_optical_frame,1,0.3962,0.8055,0.00333,0.022,1,IDLE,disabled,0.000,0.000,deg/s,joint_states,-0.350,0.440,0.000,0.000,0.737,-0.153,-0.236,0.379,0.785,-11.696,17.373,,pan
assignment4_topicstop_20261008_194514,27.586,1791456347.471767,744,1791456347.359711,camera_color_optical_frame,1,0.3969,0.8064,0.00327,0.003,1,IDLE,disabled,0.000,0.000,deg/s,joint_states,-0.260,0.440,0.000,0.000,0.743,-0.153,-0.240,0.380,0.793,-11.626,17.550,,pan
assignment4_topicstop_20261008_194514,27.606,1791456347.493947,744,1791456347.359711,camera_color_optical_frame,1,0.3969,0.8064,0.00327,0.023,1,IDLE,disabled,0.000,0.000,deg/s,joint_states,-0.260,0.440,0.000,0.000,0.744,-0.153,-0.241,0.379,0.794,-11.606,17.571,,pan
assignment4_topicstop_20261008_194514,27.633,1791456347.520151,745,1791456347.393064,camera_color_optical_frame,1,0.3960,0.8063,0.00334,0.012,1,IDLE,disabled,0.000,0.000,deg/s,joint_states,-0.260,0.440,0.000,0.000,0.747,-0.155,-0.239,0.384,0.787,-11.764,17.410,,pan
assignment4_topicstop_20261008_194514,27.648,1791456347.536538,746,1791456347.426419,camera_color_optical_frame,1,0.3972,0.8054,0.00324,0.008,0,IDLE,disabled,0.000,0.000,deg/s,joint_states,-0.350,0.440,0.000,0.000,0.548,-0.121,-0.181,0.404,0.814,-12.443,17.919,,pan
assignment4_topicstop_20261008_194514,27.668,1791456347.554779,746,1791456347.426419,camera_color_optical_frame,1,0.3972,0.8054,0.00324,0.028,0,IDLE,disabled,0.000,0.000,deg/s,joint_states,-0.350,0.440,0.000,0.000,0.538,-0.119,-0.179,0.406,0.816,-12.491,17.952,,pan
assignment4_topicstop_20261008_194514,27.687,1791456347.573043,747,1791456347.459772,camera_color_optical_frame,1,0.3966,0.8052,0.00332,0.012,1,IDLE,disabled,0.000,0.000,deg/s,joint_states,-0.350,0.440,0.000,0.000,0.733,-0.151,-0.233,0.376,0.782,-11.619,17.322,,pan
assignment4_topicstop_20261008_194514,27.706,1791456347.592738,747,1791456347.459772,camera_color_optical_frame,1,0.3966,0.8052,0.00332,0.032,1,IDLE,disabled,0.000,0.000,deg/s,joint_states,-0.350,0.440,0.000,0.000,0.732,-0.150,-0.233,0.376,0.782,-11.600,17.315,,pan
assignment4_topicstop_20261008_194514,27.727,1791456347.613986,748,1791456347.493126,camera_color_optical_frame,1,0.3973,0.8052,0.00323,0.014,1,IDLE,disabled,0.000,0.000,deg/s,joint_states,-0.350,0.440,0.000,0.000,0.796,-0.164,-0.252,0.376,0.778,-11.613,17.239,,pan
assignment4_topicstop_20261008_194514,27.746,1791456347.632000,748,1791456347.493126,camera_color_optical_frame,1,0.3973,0.8052,0.00323,0.033,1,IDLE,disabled,0.000,0.000,deg/s,joint_states,-0.260,0.440,0.000,0.000,0.805,-0.165,-0.255,0.378,0.777,-11.593,17.221,,pan
assignment4_topicstop_20261008_194514,27.767,1791456347.655739,749,1791456347.526480,camera_color_optical_frame,1,0.3970,0.8059,0.00326,0.016,1,IDLE,disabled,0.000,0.000,deg/s,joint_states,-0.260,0.440,0.000,0.000,0.740,-0.155,-0.237,0.386,0.787,-11.814,17.399,,pan
assignment4_topicstop_20261008_194514,27.786,1791456347.672039,750,1791456347.559834,camera_color_optical_frame,1,0.3973,0.8050,0.00323,0.003,1,IDLE,disabled,0.000,0.000,deg/s,joint_states,-0.260,0.440,0.000,0.000,0.740,-0.155,-0.237,0.386,0.787,-11.823,17.403,,pan
assignment4_topicstop_20261008_194514,27.809,1791456347.697520,750,1791456347.559834,camera_color_optical_frame,1,0.3973,0.8050,0.00323,0.026,1,IDLE,disabled,0.000,0.000,deg/s,joint_states,-0.350,0.440,0.000,0.000,0.727,-0.153,-0.232,0.385,0.784,-11.883,17.350,,pan
assignment4_topicstop_20261008_194514,27.826,1791456347.711111,751,1791456347.593188,camera_color_optical_frame,1,0.3966,0.8055,0.00331,0.008,1,IDLE,disabled,0.000,0.000,deg/s,joint_states,-0.350,0.440,0.000,0.000,0.735,-0.155,-0.235,0.385,0.784,-11.884,17.358,,pan
assignment4_topicstop_20261008_194514,27.848,1791456347.734773,751,1791456347.593188,camera_color_optical_frame,1,0.3966,0.8055,0.00331,0.031,1,IDLE,disabled,0.000,0.000,deg/s,joint_states,-0.350,0.440,0.000,0.000,0.735,-0.155,-0.235,0.386,0.784,-11.900,17.356,,pan
assignment4_topicstop_20261008_194514,27.866,1791456347.752393,752,1791456347.626542,camera_color_optical_frame,1,0.3966,0.8055,0.00332,0.010,1,IDLE,disabled,0.000,0.000,deg/s,joint_states,-0.260,0.440,0.000,0.000,0.750,-0.154,-0.240,0.378,0.785,-11.594,17.390,,pan
assignment4_topicstop_20261008_194514,27.890,1791456347.777961,752,1791456347.626542,camera_color_optical_frame,1,0.3966,0.8055,0.00332,0.034,1,IDLE,disabled,0.000,0.000,deg/s,joint_states,-0.350,0.440,0.000,0.000,0.752,-0.154,-0.240,0.375,0.785,-11.570,17.394,,pan
assignment4_topicstop_20261008_194514,27.907,1791456347.793206,753,1791456347.659896,camera_color_optical_frame,1,0.3968,0.8067,0.00325,0.009,1,IDLE,disabled,0.000,0.000,deg/s,joint_states,-0.350,0.440,0.000,0.000,0.740,-0.154,-0.237,0.380,0.788,-11.739,17.437,,pan
assignment4_topicstop_20261008_194514,27.927,1791456347.815759,754,1791456347.693250,camera_color_optical_frame,1,0.3970,0.8061,0.00323,0.015,0,IDLE,disabled,0.000,0.000,deg/s,joint_states,-0.350,0.440,0.000,0.000,0.542,-0.120,-0.180,0.406,0.818,-12.475,17.995,,pan
assignment4_topicstop_20261008_194514,27.945,1791456347.831045,754,1791456347.693250,camera_color_optical_frame,1,0.3970,0.8061,0.00323,0.034,0,IDLE,disabled,0.000,0.000,deg/s,joint_states,-0.350,0.440,0.000,0.000,0.533,-0.118,-0.178,0.407,0.820,-12.521,18.033,,pan
assignment4_topicstop_20261008_194514,27.966,1791456347.853144,755,1791456347.726604,camera_color_optical_frame,1,0.3972,0.8043,0.00326,0.018,1,IDLE,disabled,0.000,0.000,deg/s,joint_states,-0.260,0.440,0.000,0.000,0.743,-0.154,-0.236,0.381,0.779,-11.680,17.252,,pan
assignment4_topicstop_20261008_194514,27.987,1791456347.872233,756,1791456347.759958,camera_color_optical_frame,1,0.3970,0.8051,0.00326,0.003,1,IDLE,disabled,0.000,0.000,deg/s,joint_states,-0.350,0.440,0.000,0.000,0.791,-0.164,-0.251,0.379,0.778,-11.714,17.240,,pan
assignment4_topicstop_20261008_194514,28.006,1791456347.893109,756,1791456347.759958,camera_color_optical_frame,1,0.3970,0.8051,0.00326,0.022,1,IDLE,disabled,0.000,0.000,deg/s,joint_states,-0.350,0.440,0.000,0.000,0.800,-0.166,-0.253,0.379,0.777,-11.697,17.222,,pan
assignment4_topicstop_20261008_194514,28.025,1791456347.911284,756,1791456347.759958,camera_color_optical_frame,1,0.3970,0.8051,0.00326,0.041,1,IDLE,disabled,0.000,0.000,deg/s,joint_states,-0.350,0.440,0.000,0.000,0.809,-0.167,-0.256,0.378,0.776,-11.679,17.203,,pan
assignment4_topicstop_20261008_194514,28.048,1791456347.935147,757,1791456347.793312,camera_color_optical_frame,1,0.3968,0.8053,0.00326,0.019,1,IDLE,disabled,0.000,0.000,deg/s,joint_states,-0.350,0.440,0.000,0.000,0.739,-0.157,-0.237,0.389,0.787,-11.986,17.411,,pan
assignment4_topicstop_20261008_194514,28.066,1791456347.951351,758,1791456347.826666,camera_color_optical_frame,1,0.3966,0.8051,0.00333,0.009,1,IDLE,disabled,0.000,0.000,deg/s,joint_states,-0.260,0.440,0.000,0.000,0.742,-0.152,-0.237,0.378,0.784,-11.581,17.360,,pan
assignment4_topicstop_20261008_194514,28.088,1791456347.974279,758,1791456347.826666,camera_color_optical_frame,1,0.3966,0.8051,0.00333,0.031,1,IDLE,disabled,0.000,0.000,deg/s,joint_states,-0.260,0.440,0.000,0.000,0.742,-0.152,-0.237,0.377,0.784,-11.553,17.360,,pan
assignment4_topicstop_20261008_194514,28.108,1791456347.993383,759,1791456347.860020,camera_color_optical_frame,1,0.3967,0.8048,0.00330,0.008,1,IDLE,disabled,0.000,0.000,deg/s,joint_states,-0.260,0.440,0.000,0.000,0.738,-0.154,-0.236,0.386,0.784,-11.805,17.347,,pan
assignment4_topicstop_20261008_194514,28.127,1791456348.014076,760,1791456347.893373,camera_color_optical_frame,1,0.3973,0.8058,0.00324,0.013,0,IDLE,disabled,0.000,0.000,deg/s,joint_states,-0.260,0.440,0.000,0.000,0.542,-0.120,-0.180,0.410,0.818,-12.500,17.991,,pan
assignment4_topicstop_20261008_194514,28.146,1791456348.031721,760,1791456347.893373,camera_color_optical_frame,1,0.3973,0.8058,0.00324,0.032,0,IDLE,disabled,0.000,0.000,deg/s,joint_states,-0.260,0.440,0.000,0.000,0.533,-0.119,-0.178,0.411,0.820,-12.548,18.031,,pan
assignment4_topicstop_20261008_194514,28.165,1791456348.054076,761,1791456347.926728,camera_color_optical_frame,1,0.3968,0.8048,0.00328,0.015,1,IDLE,disabled,0.000,0.000,deg/s,joint_states,-0.350,0.440,0.000,0.000,0.744,-0.153,-0.238,0.376,0.783,-11.614,17.354,,pan
assignment4_topicstop_20261008_194514,28.187,1791456348.072619,761,1791456347.926728,camera_color_optical_frame,1,0.3968,0.8048,0.00328,0.036,1,IDLE,disabled,0.000,0.000,deg/s,joint_states,-0.260,0.440,0.000,0.000,0.745,-0.153,-0.238,0.378,0.784,-11.592,17.353,,pan
assignment4_topicstop_20261008_194514,28.208,1791456348.095647,762,1791456347.960082,camera_color_optical_frame,1,0.3972,0.8044,0.00327,0.019,1,IDLE,disabled,0.000,0.000,deg/s,joint_states,-0.260,0.440,0.000,0.000,0.798,-0.163,-0.252,0.378,0.776,-11.570,17.198,,pan
assignment4_topicstop_20261008_194514,28.225,1791456348.111582,763,1791456347.993437,camera_color_optical_frame,1,0.3968,0.8044,0.00328,0.008,1,IDLE,disabled,0.000,0.000,deg/s,joint_states,-0.260,0.440,0.000,0.000,0.732,-0.152,-0.233,0.382,0.783,-11.699,17.329,,pan
assignment4_topicstop_20261008_194514,28.250,1791456348.137244,763,1791456347.993437,camera_color_optical_frame,1,0.3968,0.8044,0.00328,0.033,1,IDLE,disabled,0.000,0.000,deg/s,joint_states,-0.260,0.440,0.000,0.000,0.731,-0.151,-0.233,0.382,0.783,-11.693,17.326,,pan
assignment4_topicstop_20261008_194514,28.266,1791456348.151779,764,1791456348.026792,camera_color_optical_frame,1,0.3976,0.8055,0.00321,0.009,1,IDLE,disabled,0.000,0.000,deg/s,joint_states,-0.350,0.440,0.000,0.000,0.735,-0.156,-0.236,0.388,0.787,-11.966,17.408,,pan
assignment4_topicstop_20261008_194514,28.291,1791456348.176542,764,1791456348.026792,camera_color_optical_frame,1,0.3976,0.8055,0.00321,0.035,1,IDLE,disabled,0.000,0.000,deg/s,joint_states,-0.350,0.440,0.000,0.000,0.735,-0.156,-0.236,0.389,0.788,-11.997,17.417,,pan
assignment4_topicstop_20261008_194514,28.306,1791456348.191304,765,1791456348.060146,camera_color_optical_frame,1,0.3971,0.8053,0.00326,0.011,1,IDLE,disabled,0.000,0.000,deg/s,joint_states,-0.350,0.440,0.000,0.000,0.738,-0.153,-0.236,0.381,0.786,-11.753,17.400,,pan
assignment4_topicstop_20261008_194514,28.326,1791456348.211538,765,1791456348.060146,camera_color_optical_frame,1,0.3971,0.8053,0.00326,0.031,1,IDLE,disabled,0.000,0.000,deg/s,joint_states,-0.350,0.440,0.000,0.000,0.738,-0.153,-0.236,0.381,0.786,-11.755,17.406,,pan
assignment4_topicstop_20261008_194514,28.347,1791456348.233901,766,1791456348.093500,camera_color_optical_frame,1,0.3968,0.8057,0.00332,0.016,1,IDLE,disabled,0.000,0.000,deg/s,joint_states,-0.350,0.440,0.000,0.000,0.739,-0.151,-0.236,0.374,0.785,-11.541,17.381,,pan
assignment4_topicstop_20261008_194514,28.370,1791456348.255653,766,1791456348.093500,camera_color_optical_frame,1,0.3968,0.8057,0.00332,0.039,1,IDLE,disabled,0.000,0.000,deg/s,joint_states,-0.350,0.440,0.000,0.000,0.739,-0.151,-0.236,0.373,0.785,-11.511,17.382,,pan
assignment4_topicstop_20261008_194514,28.388,1791456348.275027,767,1791456348.126854,camera_color_optical_frame,1,0.3974,0.8047,0.00324,0.012,1,IDLE,disabled,0.000,0.000,deg/s,joint_states,-0.260,0.440,0.000,0.000,0.740,-0.157,-0.236,0.392,0.783,-11.985,17.323,,pan
assignment4_topicstop_20261008_194514,28.409,1791456348.295670,768,1791456348.160208,camera_color_optical_frame,1,0.3973,0.8049,0.00327,0.018,0,IDLE,disabled,0.000,0.000,deg/s,joint_states,-0.260,0.440,0.000,0.000,0.535,-0.118,-0.178,0.408,0.818,-12.454,17.992,,pan
assignment4_topicstop_20261008_194514,28.428,1791456348.315075,769,1791456348.193563,camera_color_optical_frame,1,0.3979,0.8043,0.00320,0.012,1,IDLE,disabled,0.000,0.000,deg/s,joint_states,-0.260,0.530,0.000,0.000,0.741,-0.155,-0.236,0.386,0.778,-11.811,17.305,,pan
assignment4_topicstop_20261008_194514,28.448,1791456348.336689,769,1791456348.193563,camera_color_optical_frame,1,0.3979,0.8043,0.00320,0.033,1,IDLE,disabled,0.000,0.000,deg/s,joint_states,-0.260,0.440,0.000,0.000,0.741,-0.155,-0.236,0.386,0.782,-11.819,17.299,,pan
assignment4_topicstop_20261008_194514,28.468,1791456348.358368,770,1791456348.226917,camera_color_optical_frame,1,0.3974,0.8038,0.00328,0.014,1,IDLE,disabled,0.000,0.000,deg/s,joint_states,-0.260,0.440,0.000,0.000,0.798,-0.164,-0.252,0.380,0.776,-11.635,17.197,,pan
assignment4_topicstop_20261008_194514,28.486,1791456348.372612,770,1791456348.226917,camera_color_optical_frame,1,0.3974,0.8038,0.00328,0.033,1,IDLE,disabled,0.000,0.000,deg/s,joint_states,-0.260,0.530,0.000,0.000,0.807,-0.166,-0.255,0.379,0.771,-11.617,17.179,,pan
assignment4_topicstop_20261008_194514,28.509,1791456348.394621,771,1791456348.260271,camera_color_optical_frame,1,0.3972,0.8031,0.00329,0.019,1,IDLE,disabled,0.000,0.000,deg/s,joint_states,-0.260,0.530,0.000,0.000,0.736,-0.152,-0.234,0.381,0.776,-11.683,17.273,,pan
assignment4_topicstop_20261008_194514,28.526,1791456348.411715,772,1791456348.293624,camera_color_optical_frame,1,0.3977,0.8043,0.00323,0.012,1,IDLE,disabled,0.000,0.000,deg/s,joint_states,-0.350,0.440,0.000,0.000,0.729,-0.152,-0.236,0.381,0.795,-11.747,17.582,,pan
assignment4_topicstop_20261008_194514,28.554,1791456348.438971,772,1791456348.293624,camera_color_optical_frame,1,0.3977,0.8043,0.00323,0.039,1,IDLE,disabled,0.000,0.000,deg/s,joint_states,-0.350,0.440,0.000,0.000,0.728,-0.151,-0.236,0.380,0.797,-11.744,17.621,,pan
assignment4_topicstop_20261008_194514,28.571,1791456348.457021,773,1791456348.326978,camera_color_optical_frame,1,0.3976,0.8046,0.00323,0.013,1,IDLE,disabled,0.000,0.000,deg/s,joint_states,-0.260,0.440,0.000,0.000,0.743,-0.154,-0.237,0.383,0.785,-11.729,17.369,,pan
assignment4_topicstop_20261008_194514,28.591,1791456348.477272,774,1791456348.360332,camera_color_optical_frame,1,0.3978,0.8054,0.00321,0.017,0,IDLE,disabled,0.000,0.000,deg/s,joint_states,-0.260,0.440,0.000,0.000,0.543,-0.120,-0.181,0.407,0.819,-12.435,18.019,,pan
assignment4_topicstop_20261008_194514,28.609,1791456348.497152,775,1791456348.393685,camera_color_optical_frame,1,0.3977,0.8033,0.00324,0.006,1,IDLE,disabled,0.000,0.000,deg/s,joint_states,-0.260,0.440,0.000,0.000,0.743,-0.157,-0.236,0.389,0.779,-11.911,17.236,,pan
assignment4_topicstop_20261008_194514,28.627,1791456348.513263,775,1791456348.393685,camera_color_optical_frame,1,0.3977,0.8033,0.00324,0.023,1,IDLE,disabled,0.000,0.000,deg/s,joint_states,-0.260,0.440,0.000,0.000,0.744,-0.157,-0.236,0.390,0.778,-11.924,17.220,,pan
assignment4_topicstop_20261008_194514,28.649,1791456348.540759,776,1791456348.427039,camera_color_optical_frame,1,0.3983,0.8054,0.00319,0.016,1,IDLE,disabled,0.000,0.000,deg/s,joint_states,-0.260,0.530,0.000,0.000,0.787,-0.162,-0.250,0.380,0.775,-11.654,17.264,,pan
assignment4_topicstop_20261008_194514,28.667,1791456348.554567,776,1791456348.427039,camera_color_optical_frame,1,0.3983,0.8054,0.00319,0.034,1,IDLE,disabled,0.000,0.000,deg/s,joint_states,-0.350,0.440,0.000,0.000,0.795,-0.164,-0.252,0.377,0.778,-11.636,17.246,,pan
assignment4_topicstop_20261008_194514,28.690,1791456348.577445,777,1791456348.460392,camera_color_optical_frame,1,0.3982,0.8046,0.00321,0.016,1,IDLE,disabled,0.000,0.000,deg/s,joint_states,-0.350,0.440,0.000,0.000,0.734,-0.153,-0.235,0.382,0.785,-11.794,17.377,,pan
assignment4_topicstop_20261008_194514,28.706,1791456348.595386,778,1791456348.493745,camera_color_optical_frame,1,0.3983,0.8044,0.00319,0.003,1,IDLE,disabled,0.000,0.000,deg/s,joint_states,-0.260,0.440,0.000,0.000,0.734,-0.153,-0.235,0.385,0.786,-11.790,17.382,,pan
assignment4_topicstop_20261008_194514,28.726,1791456348.613594,778,1791456348.493745,camera_color_optical_frame,1,0.3983,0.8044,0.00319,0.023,1,IDLE,disabled,0.000,0.000,deg/s,joint_states,-0.350,0.440,0.000,0.000,0.744,-0.158,-0.237,0.389,0.781,-11.999,17.287,,pan
assignment4_topicstop_20261008_194514,28.746,1791456348.630961,779,1791456348.527098,camera_color_optical_frame,1,0.3979,0.8043,0.00319,0.014,1,IDLE,disabled,0.000,0.000,deg/s,joint_states,-0.260,0.440,0.000,0.000,0.740,-0.155,-0.237,0.387,0.786,-11.845,17.387,,pan
assignment4_topicstop_20261008_194514,28.767,1791456348.652561,779,1791456348.527098,camera_color_optical_frame,1,0.3979,0.8043,0.00319,0.035,1,IDLE,disabled,0.000,0.000,deg/s,joint_states,-0.260,0.440,0.000,0.000,0.740,-0.155,-0.237,0.387,0.786,-11.848,17.392,,pan
assignment4_topicstop_20261008_194514,28.786,1791456348.671012,780,1791456348.560452,camera_color_optical_frame,1,0.3981,0.8043,0.00320,0.016,1,IDLE,disabled,0.000,0.000,deg/s,joint_states,-0.260,0.440,0.000,0.000,0.742,-0.154,-0.237,0.383,0.783,-11.725,17.330,,pan
assignment4_topicstop_20261008_194514,28.806,1791456348.691867,780,1791456348.560452,camera_color_optical_frame,1,0.3981,0.8043,0.00320,0.036,1,IDLE,disabled,0.000,0.000,deg/s,joint_states,-0.260,0.530,0.000,0.000,0.743,-0.154,-0.237,0.382,0.778,-11.709,17.328,,pan
assignment4_topicstop_20261008_194514,28.826,1791456348.713362,781,1791456348.593805,camera_color_optical_frame,1,0.3983,0.8044,0.00320,0.016,1,IDLE,disabled,0.000,0.000,deg/s,joint_states,-0.260,0.440,0.000,0.000,0.747,-0.154,-0.238,0.381,0.782,-11.673,17.310,,pan
assignment4_topicstop_20261008_194514,28.846,1791456348.731028,782,1791456348.627157,camera_color_optical_frame,1,0.3977,0.8039,0.00324,0.002,1,IDLE,disabled,0.000,0.000,deg/s,joint_states,-0.260,0.440,0.000,0.000,0.733,-0.151,-0.233,0.381,0.782,-11.670,17.321,,pan
assignment4_topicstop_20261008_194514,28.867,1791456348.755119,782,1791456348.627157,camera_color_optical_frame,1,0.3977,0.8039,0.00324,0.024,1,IDLE,disabled,0.000,0.000,deg/s,joint_states,-0.260,0.440,0.000,0.000,0.732,-0.151,-0.233,0.380,0.782,-11.652,17.318,,pan
assignment4_topicstop_20261008_194514,28.886,1791456348.772173,783,1791456348.660510,camera_color_optical_frame,1,0.3978,0.8039,0.00323,0.002,1,IDLE,disabled,0.000,0.000,deg/s,joint_states,-0.260,0.440,0.000,0.000,0.733,-0.152,-0.235,0.383,0.787,-11.741,17.419,,pan
assignment4_topicstop_20261008_194514,28.912,1791456348.798637,783,1791456348.660510,camera_color_optical_frame,1,0.3978,0.8039,0.00323,0.028,1,IDLE,disabled,0.000,0.000,deg/s,joint_states,-0.260,0.440,0.000,0.000,0.732,-0.152,-0.235,0.383,0.788,-11.736,17.430,,pan
assignment4_topicstop_20261008_194514,28.926,1791456348.811080,784,1791456348.693863,camera_color_optical_frame,1,0.3977,0.8036,0.00325,0.008,1,IDLE,disabled,0.000,0.000,deg/s,joint_states,-0.350,0.440,0.000,0.000,0.733,-0.152,-0.233,0.380,0.781,-11.733,17.307,,pan
assignment4_topicstop_20261008_194514,28.947,1791456348.834612,784,1791456348.693863,camera_color_optical_frame,1,0.3977,0.8036,0.00325,0.029,1,IDLE,disabled,0.000,0.000,deg/s,joint_states,-0.350,0.440,0.000,0.000,0.732,-0.152,-0.233,0.380,0.781,-11.729,17.303,,pan
assignment4_topicstop_20261008_194514,28.966,1791456348.851764,785,1791456348.727216,camera_color_optical_frame,1,0.3985,0.8053,0.00319,0.009,1,IDLE,disabled,0.000,0.000,deg/s,joint_states,-0.260,0.440,0.000,0.000,0.727,-0.152,-0.232,0.386,0.784,-11.805,17.340,,pan
assignment4_topicstop_20261008_194514,28.987,1791456348.875290,785,1791456348.727216,camera_color_optical_frame,1,0.3985,0.8053,0.00319,0.030,1,IDLE,disabled,0.000,0.000,deg/s,joint_states,-0.260,0.440,0.000,0.000,0.726,-0.152,-0.232,0.386,0.783,-11.810,17.336,,pan
assignment4_topicstop_20261008_194514,29.006,1791456348.892436,786,1791456348.760568,camera_color_optical_frame,1,0.3976,0.8037,0.00323,0.012,1,IDLE,disabled,0.000,0.000,deg/s,joint_states,-0.350,0.530,0.000,0.000,0.735,-0.153,-0.234,0.380,0.778,-11.743,17.333,,pan
assignment4_topicstop_20261008_194514,29.027,1791456348.913979,786,1791456348.760568,camera_color_optical_frame,1,0.3976,0.8037,0.00323,0.033,1,IDLE,disabled,0.000,0.000,deg/s,joint_states,-0.350,0.530,0.000,0.000,0.734,-0.153,-0.234,0.380,0.779,-11.742,17.334,,pan
assignment4_topicstop_20261008_194514,29.046,1791456348.932110,787,1791456348.793921,camera_color_optical_frame,1,0.3975,0.8042,0.00322,0.013,1,IDLE,disabled,0.000,0.000,deg/s,joint_states,-0.350,0.440,0.000,0.000,0.740,-0.156,-0.236,0.387,0.782,-11.937,17.300,,pan
assignment4_topicstop_20261008_194514,29.067,1791456348.952732,787,1791456348.793921,camera_color_optical_frame,1,0.3975,0.8042,0.00322,0.033,1,IDLE,disabled,0.000,0.000,deg/s,joint_states,-0.350,0.440,0.000,0.000,0.741,-0.157,-0.236,0.388,0.781,-11.953,17.294,,pan
assignment4_topicstop_20261008_194514,29.087,1791456348.973454,788,1791456348.827273,camera_color_optical_frame,1,0.3976,0.8041,0.00322,0.014,1,IDLE,disabled,0.000,0.000,deg/s,joint_states,-0.260,0.440,0.000,0.000,0.740,-0.154,-0.236,0.384,0.784,-11.755,17.354,,pan
assignment4_topicstop_20261008_194514,29.106,1791456348.991673,788,1791456348.827273,camera_color_optical_frame,1,0.3976,0.8041,0.00322,0.033,1,IDLE,disabled,0.000,0.000,deg/s,joint_states,-0.260,0.440,0.000,0.000,0.740,-0.154,-0.236,0.384,0.784,-11.755,17.356,,pan
assignment4_topicstop_20261008_194514,29.127,1791456349.014036,789,1791456348.860625,camera_color_optical_frame,1,0.3979,0.8045,0.00321,0.017,1,IDLE,disabled,0.000,0.000,deg/s,joint_states,-0.260,0.440,0.000,0.000,0.745,-0.157,-0.240,0.389,0.791,-11.903,17.480,,pan
assignment4_topicstop_20261008_194514,29.145,1791456349.031553,789,1791456348.860625,camera_color_optical_frame,1,0.3979,0.8045,0.00321,0.036,1,IDLE,disabled,0.000,0.000,deg/s,joint_states,-0.350,0.440,0.000,0.000,0.746,-0.157,-0.240,0.386,0.791,-11.909,17.492,,pan
assignment4_topicstop_20261008_194514,29.171,1791456349.059527,790,1791456348.893977,camera_color_optical_frame,1,0.3977,0.8041,0.00325,0.021,1,IDLE,disabled,0.000,0.000,deg/s,joint_states,-0.260,0.440,0.000,0.000,0.741,-0.154,-0.236,0.385,0.783,-11.777,17.338,,pan
assignment4_topicstop_20261008_194514,29.187,1791456349.072409,791,1791456348.927335,camera_color_optical_frame,1,0.3976,0.8037,0.00323,0.007,1,IDLE,disabled,0.000,0.000,deg/s,joint_states,-0.350,0.440,0.000,0.000,0.736,-0.154,-0.236,0.383,0.787,-11.831,17.412,,pan
assignment4_topicstop_20261008_194514,29.208,1791456349.095413,791,1791456348.927335,camera_color_optical_frame,1,0.3976,0.8037,0.00323,0.028,1,IDLE,disabled,0.000,0.000,deg/s,joint_states,-0.350,0.440,0.000,0.000,0.735,-0.154,-0.236,0.383,0.787,-11.829,17.414,,pan
assignment4_topicstop_20261008_194514,29.226,1791456349.113481,792,1791456348.960692,camera_color_optical_frame,1,0.3980,0.8045,0.00320,0.010,1,IDLE,disabled,0.000,0.000,deg/s,joint_states,-0.260,0.440,0.000,0.000,0.732,-0.153,-0.234,0.384,0.785,-11.768,17.365,,pan
assignment4_topicstop_20261008_194514,29.247,1791456349.133312,792,1791456348.960692,camera_color_optical_frame,1,0.3980,0.8045,0.00320,0.031,1,IDLE,disabled,0.000,0.000,deg/s,joint_states,-0.260,0.440,0.000,0.000,0.731,-0.152,-0.234,0.384,0.785,-11.769,17.367,,pan
assignment4_topicstop_20261008_194514,29.267,1791456349.154486,793,1791456348.994049,camera_color_optical_frame,1,0.3977,0.8051,0.00326,0.015,1,IDLE,disabled,0.000,0.000,deg/s,joint_states,-0.260,0.440,0.000,0.000,0.736,-0.151,-0.234,0.378,0.780,-11.575,17.273,,pan
assignment4_topicstop_20261008_194514,29.286,1791456349.171685,793,1791456348.994049,camera_color_optical_frame,1,0.3977,0.8051,0.00326,0.034,1,IDLE,disabled,0.000,0.000,deg/s,joint_states,-0.260,0.440,0.000,0.000,0.736,-0.150,-0.233,0.377,0.779,-11.552,17.263,,pan
assignment4_topicstop_20261008_194514,29.307,1791456349.196430,794,1791456349.027407,camera_color_optical_frame,1,0.3974,0.8043,0.00327,0.017,1,IDLE,disabled,0.000,0.000,deg/s,joint_states,-0.260,0.440,0.000,0.000,0.750,-0.157,-0.239,0.385,0.783,-11.797,17.336,,pan
assignment4_topicstop_20261008_194514,29.326,1791456349.212441,795,1791456349.060764,camera_color_optical_frame,1,0.3976,0.8039,0.00325,0.002,1,IDLE,disabled,0.000,0.000,deg/s,joint_states,-0.260,0.440,0.000,0.000,0.744,-0.156,-0.236,0.388,0.781,-11.882,17.284,,pan
assignment4_topicstop_20261008_194514,29.346,1791456349.234627,795,1791456349.060764,camera_color_optical_frame,1,0.3976,0.8039,0.00325,0.022,1,IDLE,disabled,0.000,0.000,deg/s,joint_states,-0.260,0.440,0.000,0.000,0.744,-0.157,-0.237,0.389,0.781,-11.893,17.277,,pan
assignment4_topicstop_20261008_194514,29.366,1791456349.252875,796,1791456349.094121,camera_color_optical_frame,1,0.3976,0.8033,0.00324,0.003,1,IDLE,disabled,0.000,0.000,deg/s,joint_states,-0.350,0.440,0.000,0.000,0.744,-0.154,-0.236,0.379,0.780,-11.703,17.271,,pan
assignment4_topicstop_20261008_194514,29.390,1791456349.276513,796,1791456349.094121,camera_color_optical_frame,1,0.3976,0.8033,0.00324,0.026,1,IDLE,disabled,0.000,0.000,deg/s,joint_states,-0.260,0.440,0.000,0.000,0.744,-0.154,-0.236,0.382,0.779,-11.696,17.263,,pan
assignment4_topicstop_20261008_194514,29.406,1791456349.293156,797,1791456349.127479,camera_color_optical_frame,1,0.3978,0.8046,0.00324,0.011,1,IDLE,disabled,0.000,0.000,deg/s,joint_states,-0.260,0.530,0.000,0.000,0.736,-0.152,-0.235,0.380,0.781,-11.649,17.382,,pan
assignment4_topicstop_20261008_194514,29.429,1791456349.314047,797,1791456349.127479,camera_color_optical_frame,1,0.3978,0.8046,0.00324,0.033,1,IDLE,disabled,0.000,0.000,deg/s,joint_states,-0.260,0.530,0.000,0.000,0.736,-0.152,-0.235,0.380,0.781,-11.634,17.386,,pan
assignment4_topicstop_20261008_194514,29.447,1791456349.332547,798,1791456349.160836,camera_color_optical_frame,1,0.3975,0.8029,0.00323,0.013,1,IDLE,disabled,0.000,0.000,deg/s,joint_states,-0.350,0.440,0.000,0.000,0.737,-0.156,-0.237,0.387,0.790,-11.924,17.468,,pan
assignment4_topicstop_20261008_194514,29.466,1791456349.352051,798,1791456349.160836,camera_color_optical_frame,1,0.3975,0.8029,0.00323,0.033,1,IDLE,disabled,0.000,0.000,deg/s,joint_states,-0.350,0.440,0.000,0.000,0.736,-0.156,-0.237,0.387,0.791,-11.939,17.480,,pan
assignment4_topicstop_20261008_194514,29.488,1791456349.375304,799,1791456349.194194,camera_color_optical_frame,1,0.3974,0.8031,0.00326,0.018,1,IDLE,disabled,0.000,0.000,deg/s,joint_states,-0.260,0.440,0.000,0.000,0.739,-0.153,-0.234,0.382,0.778,-11.710,17.238,,pan
assignment4_topicstop_20261008_194514,29.506,1791456349.391580,799,1791456349.194194,camera_color_optical_frame,1,0.3974,0.8031,0.00326,0.036,1,IDLE,disabled,0.000,0.000,deg/s,joint_states,-0.260,0.440,0.000,0.000,0.739,-0.153,-0.234,0.382,0.778,-11.706,17.230,,pan
assignment4_topicstop_20261008_194514,29.526,1791456349.413421,800,1791456349.227552,camera_color_optical_frame,1,0.3967,0.8032,0.00333,0.018,1,IDLE,disabled,0.000,0.000,deg/s,joint_states,-0.260,0.440,0.000,0.000,0.726,-0.151,-0.230,0.385,0.777,-11.789,17.208,,pan
assignment4_topicstop_20261008_194514,29.546,1791456349.431405,800,1791456349.227552,camera_color_optical_frame,1,0.3967,0.8032,0.00333,0.037,1,IDLE,disabled,0.000,0.000,deg/s,joint_states,-0.260,0.440,0.000,0.000,0.725,-0.151,-0.229,0.385,0.776,-11.788,17.196,,pan
assignment4_topicstop_20261008_194514,29.567,1791456349.455333,801,1791456349.260909,camera_color_optical_frame,1,0.3970,0.8031,0.00329,0.019,1,IDLE,disabled,0.000,0.000,deg/s,joint_states,-0.260,0.440,0.000,0.000,0.726,-0.151,-0.234,0.383,0.790,-11.717,17.475,,pan
assignment4_topicstop_20261008_194514,29.588,1791456349.473528,802,1791456349.294267,camera_color_optical_frame,1,0.3970,0.8043,0.00333,0.003,1,IDLE,disabled,0.000,0.000,deg/s,joint_states,-0.260,0.440,0.000,0.000,0.744,-0.153,-0.238,0.379,0.786,-11.601,17.401,,pan
assignment4_topicstop_20261008_194514,29.607,1791456349.495509,802,1791456349.294267,camera_color_optical_frame,1,0.3970,0.8043,0.00333,0.022,1,IDLE,disabled,0.000,0.000,deg/s,joint_states,-0.260,0.440,0.000,0.000,0.745,-0.153,-0.238,0.378,0.786,-11.586,17.407,,pan
assignment4_topicstop_20261008_194514,29.627,1791456349.512300,803,1791456349.327625,camera_color_optical_frame,1,0.3976,0.8038,0.00326,0.005,1,IDLE,disabled,0.000,0.000,deg/s,joint_states,-0.260,0.440,0.000,0.000,0.750,-0.161,-0.238,0.396,0.781,-12.116,17.260,,pan
assignment4_topicstop_20261008_194514,29.648,1791456349.535554,803,1791456349.327625,camera_color_optical_frame,1,0.3976,0.8038,0.00326,0.026,1,IDLE,disabled,0.000,0.000,deg/s,joint_states,-0.260,0.440,0.000,0.000,0.751,-0.162,-0.239,0.397,0.780,-12.147,17.252,,pan
assignment4_topicstop_20261008_194514,29.666,1791456349.552545,804,1791456349.360983,camera_color_optical_frame,1,0.3978,0.8037,0.00321,0.010,1,IDLE,disabled,0.000,0.000,deg/s,joint_states,-0.260,0.440,0.000,0.000,0.735,-0.153,-0.234,0.385,0.781,-11.791,17.289,,pan
assignment4_topicstop_20261008_194514,29.689,1791456349.574116,804,1791456349.360983,camera_color_optical_frame,1,0.3978,0.8037,0.00321,0.033,1,IDLE,disabled,0.000,0.000,deg/s,joint_states,-0.260,0.440,0.000,0.000,0.734,-0.153,-0.233,0.385,0.781,-11.795,17.284,,pan
assignment4_topicstop_20261008_194514,29.706,1791456349.592105,805,1791456349.394341,camera_color_optical_frame,1,0.3980,0.8040,0.00321,0.014,1,IDLE,disabled,0.000,0.000,deg/s,joint_states,-0.260,0.440,0.000,0.000,0.728,-0.149,-0.232,0.376,0.783,-11.537,17.341,,pan
assignment4_topicstop_20261008_194514,29.727,1791456349.612487,805,1791456349.394341,camera_color_optical_frame,1,0.3980,0.8040,0.00321,0.035,1,IDLE,disabled,0.000,0.000,deg/s,joint_states,-0.260,0.440,0.000,0.000,0.728,-0.148,-0.232,0.376,0.783,-11.512,17.342,,pan
assignment4_topicstop_20261008_194514,29.746,1791456349.632446,806,1791456349.427699,camera_color_optical_frame,1,0.3973,0.8030,0.00328,0.015,1,IDLE,disabled,0.000,0.000,deg/s,joint_states,-0.260,0.440,0.000,0.000,0.746,-0.154,-0.237,0.382,0.780,-11.699,17.278,,pan
assignment4_topicstop_20261008_194514,29.767,1791456349.652338,806,1791456349.427699,camera_color_optical_frame,1,0.3973,0.8030,0.00328,0.036,1,IDLE,disabled,0.000,0.000,deg/s,joint_states,-0.260,0.440,0.000,0.000,0.746,-0.154,-0.237,0.382,0.780,-11.695,17.274,,pan
assignment4_topicstop_20261008_194514,29.788,1791456349.675151,807,1791456349.461057,camera_color_optical_frame,1,0.3972,0.8041,0.00330,0.019,1,IDLE,disabled,0.000,0.000,deg/s,joint_states,-0.260,0.530,0.000,0.000,0.744,-0.156,-0.238,0.386,0.780,-11.831,17.351,,pan
assignment4_topicstop_20261008_194514,29.806,1791456349.691549,807,1791456349.461057,camera_color_optical_frame,1,0.3972,0.8041,0.00330,0.037,1,IDLE,disabled,0.000,0.000,deg/s,joint_states,-0.260,0.440,0.000,0.000,0.745,-0.156,-0.238,0.387,0.784,-11.835,17.352,,pan
assignment4_topicstop_20261008_194514,29.827,1791456349.714570,808,1791456349.494415,camera_color_optical_frame,1,0.3970,0.8032,0.00330,0.018,1,IDLE,disabled,0.000,0.000,deg/s,joint_states,-0.260,0.440,0.000,0.000,0.731,-0.152,-0.233,0.382,0.783,-11.712,17.332,,pan
assignment4_topicstop_20261008_194514,29.846,1791456349.732186,809,1791456349.527773,camera_color_optical_frame,1,0.3967,0.8049,0.00335,0.002,1,IDLE,disabled,0.000,0.000,deg/s,joint_states,-0.350,0.440,0.000,0.000,0.730,-0.151,-0.233,0.379,0.783,-11.710,17.333,,pan
assignment4_topicstop_20261008_194514,29.870,1791456349.758335,809,1791456349.527773,camera_color_optical_frame,1,0.3967,0.8049,0.00335,0.026,1,IDLE,disabled,0.000,0.000,deg/s,joint_states,-0.350,0.440,0.000,0.000,0.748,-0.153,-0.239,0.373,0.786,-11.538,17.411,,pan
assignment4_topicstop_20261008_194514,29.886,1791456349.771444,810,1791456349.561131,camera_color_optical_frame,1,0.3978,0.8038,0.00323,0.007,1,IDLE,disabled,0.000,0.000,deg/s,joint_states,-0.350,0.440,0.000,0.000,0.746,-0.156,-0.238,0.383,0.785,-11.825,17.370,,pan
assignment4_topicstop_20261008_194514,29.911,1791456349.796670,810,1791456349.561131,camera_color_optical_frame,1,0.3978,0.8038,0.00323,0.033,1,IDLE,disabled,0.000,0.000,deg/s,joint_states,-0.260,0.440,0.000,0.000,0.747,-0.156,-0.239,0.387,0.785,-11.833,17.374,,pan
assignment4_topicstop_20261008_194514,29.926,1791456349.811617,811,1791456349.594489,camera_color_optical_frame,1,0.3970,0.8026,0.00330,0.011,1,IDLE,disabled,0.000,0.000,deg/s,joint_states,-0.260,0.440,0.000,0.000,0.726,-0.151,-0.234,0.385,0.792,-11.780,17.505,,pan
assignment4_topicstop_20261008_194514,29.948,1791456349.834265,811,1791456349.594489,camera_color_optical_frame,1,0.3970,0.8026,0.00330,0.033,1,IDLE,disabled,0.000,0.000,deg/s,joint_states,-0.260,0.440,0.000,0.000,0.725,-0.151,-0.234,0.385,0.792,-11.784,17.517,,pan
assignment4_topicstop_20261008_194514,29.966,1791456349.852211,812,1791456349.661206,camera_color_optical_frame,1,0.3976,0.8034,0.00321,0.013,1,IDLE,disabled,0.000,0.000,deg/s,joint_states,-0.260,0.440,0.000,0.000,0.749,-0.156,-0.239,0.385,0.782,-11.799,17.316,,pan
assignment4_topicstop_20261008_194514,29.987,1791456349.873269,812,1791456349.661206,camera_color_optical_frame,1,0.3976,0.8034,0.00321,0.034,1,IDLE,disabled,0.000,0.000,deg/s,joint_states,-0.260,0.440,0.000,0.000,0.750,-0.157,-0.239,0.386,0.782,-11.804,17.310,,pan
assignment4_topicstop_20261008_194514,30.006,1791456349.891657,813,1791456349.694564,camera_color_optical_frame,1,0.3969,0.8030,0.00329,0.013,1,IDLE,disabled,0.000,0.000,deg/s,joint_states,-0.350,0.440,0.000,0.000,0.739,-0.154,-0.235,0.381,0.782,-11.744,17.316,,pan
assignment4_topicstop_20261008_194514,30.027,1791456349.913139,813,1791456349.694564,camera_color_optical_frame,1,0.3969,0.8030,0.00329,0.035,1,IDLE,disabled,0.000,0.000,deg/s,joint_states,-0.350,0.440,0.000,0.000,0.739,-0.154,-0.235,0.381,0.782,-11.744,17.316,,pan
assignment4_topicstop_20261008_194514,30.047,1791456349.933583,814,1791456349.727922,camera_color_optical_frame,1,0.3970,0.8034,0.00328,0.015,1,IDLE,disabled,0.000,0.000,deg/s,joint_states,-0.350,0.440,0.000,0.000,0.736,-0.157,-0.233,0.391,0.776,-12.043,17.180,,pan
assignment4_topicstop_20261008_194514,30.066,1791456349.951521,814,1791456349.727922,camera_color_optical_frame,1,0.3970,0.8034,0.00328,0.035,1,IDLE,disabled,0.000,0.000,deg/s,joint_states,-0.260,0.440,0.000,0.000,0.736,-0.157,-0.232,0.395,0.776,-12.064,17.166,,pan
assignment4_topicstop_20261008_194514,30.086,1791456349.972506,815,1791456349.761281,camera_color_optical_frame,1,0.3965,0.8030,0.00337,0.017,1,IDLE,disabled,0.000,0.000,deg/s,joint_states,-0.260,0.440,0.000,0.000,0.731,-0.153,-0.233,0.387,0.783,-11.835,17.318,,pan
assignment4_topicstop_20261008_194514,30.105,1791456349.991231,815,1791456349.761281,camera_color_optical_frame,1,0.3965,0.8030,0.00337,0.037,1,IDLE,disabled,0.000,0.000,deg/s,joint_states,-0.260,0.440,0.000,0.000,0.730,-0.153,-0.233,0.387,0.783,-11.841,17.318,,pan
assignment4_topicstop_20261008_194514,30.128,1791456350.016652,816,1791456349.794639,camera_color_optical_frame,1,0.3968,0.8035,0.00334,0.019,1,IDLE,disabled,0.000,0.000,deg/s,joint_states,-0.260,0.440,0.000,0.000,0.740,-0.149,-0.236,0.372,0.783,-11.410,17.341,,pan
assignment4_topicstop_20261008_194514,30.146,1791456350.031493,817,1791456349.827997,camera_color_optical_frame,1,0.3971,0.8033,0.00328,0.007,1,IDLE,disabled,0.000,0.000,deg/s,joint_states,-0.260,0.440,0.000,0.000,0.734,-0.151,-0.234,0.380,0.783,-11.648,17.344,,pan
assignment4_topicstop_20261008_194514,30.171,1791456350.056594,817,1791456349.827997,camera_color_optical_frame,1,0.3971,0.8033,0.00328,0.032,1,IDLE,disabled,0.000,0.000,deg/s,joint_states,-0.260,0.440,0.000,0.000,0.734,-0.151,-0.234,0.380,0.783,-11.637,17.347,,pan
assignment4_topicstop_20261008_194514,30.186,1791456350.072910,818,1791456349.861351,camera_color_optical_frame,1,0.3971,0.8050,0.00329,0.009,1,IDLE,disabled,0.000,0.000,deg/s,joint_states,-0.350,0.440,0.000,0.000,0.735,-0.155,-0.236,0.387,0.789,-11.937,17.453,,pan
assignment4_topicstop_20261008_194514,30.208,1791456350.093511,818,1791456349.861351,camera_color_optical_frame,1,0.3971,0.8050,0.00329,0.031,1,IDLE,disabled,0.000,0.000,deg/s,joint_states,-0.350,0.440,0.000,0.000,0.735,-0.156,-0.236,0.388,0.790,-11.954,17.462,,pan
assignment4_topicstop_20261008_194514,30.227,1791456350.114390,819,1791456349.894709,camera_color_optical_frame,1,0.3973,0.8028,0.00326,0.013,1,IDLE,disabled,0.000,0.000,deg/s,joint_states,-0.260,0.440,0.000,0.000,0.753,-0.157,-0.239,0.384,0.780,-11.757,17.278,,pan
assignment4_topicstop_20261008_194514,30.246,1791456350.132069,819,1791456349.894709,camera_color_optical_frame,1,0.3973,0.8028,0.00326,0.032,1,IDLE,disabled,0.000,0.000,deg/s,joint_states,-0.260,0.440,0.000,0.000,0.755,-0.157,-0.240,0.384,0.780,-11.758,17.275,,pan
assignment4_topicstop_20261008_194514,30.267,1791456350.153760,820,1791456349.961427,camera_color_optical_frame,1,0.3976,0.8036,0.00324,0.017,1,IDLE,disabled,0.000,0.000,deg/s,joint_states,-0.260,0.440,0.000,0.000,0.733,-0.153,-0.234,0.385,0.785,-11.775,17.374,,pan
assignment4_topicstop_20261008_194514,30.286,1791456350.171130,820,1791456349.961427,camera_color_optical_frame,1,0.3976,0.8036,0.00324,0.035,1,IDLE,disabled,0.000,0.000,deg/s,joint_states,-0.260,0.440,0.000,0.000,0.732,-0.153,-0.234,0.385,0.785,-11.778,17.379,,pan
assignment4_topicstop_20261008_194514,30.308,1791456350.196612,821,1791456349.994786,camera_color_optical_frame,1,0.3976,0.8046,0.00325,0.021,1,IDLE,disabled,0.000,0.000,deg/s,joint_states,-0.260,0.440,0.000,0.000,0.739,-0.154,-0.236,0.384,0.784,-11.751,17.349,,pan
assignment4_topicstop_20261008_194514,30.326,1791456350.211064,822,1791456350.028145,camera_color_optical_frame,1,0.3975,0.8032,0.00325,0.005,1,IDLE,disabled,0.000,0.000,deg/s,joint_states,-0.260,0.440,0.000,0.000,0.746,-0.155,-0.237,0.384,0.781,-11.742,17.297,,pan
assignment4_topicstop_20261008_194514,30.349,1791456350.237555,822,1791456350.028145,camera_color_optical_frame,1,0.3975,0.8032,0.00325,0.027,1,IDLE,disabled,0.000,0.000,deg/s,joint_states,-0.260,0.440,0.000,0.000,0.747,-0.155,-0.237,0.383,0.781,-11.741,17.294,,pan
assignment4_topicstop_20261008_194514,30.366,1791456350.253168,823,1791456350.061504,camera_color_optical_frame,1,0.3970,0.8038,0.00331,0.003,1,IDLE,disabled,0.000,0.000,deg/s,joint_states,-0.260,0.440,0.000,0.000,0.738,-0.155,-0.235,0.388,0.781,-11.872,17.287,,pan
assignment4_topicstop_20261008_194514,30.389,1791456350.277435,823,1791456350.061504,camera_color_optical_frame,1,0.3970,0.8038,0.00331,0.026,1,IDLE,disabled,0.000,0.000,deg/s,joint_states,-0.350,0.440,0.000,0.000,0.738,-0.155,-0.235,0.385,0.781,-11.882,17.282,,pan
assignment4_topicstop_20261008_194514,30.406,1791456350.291395,824,1791456350.094863,camera_color_optical_frame,1,0.3978,0.8037,0.00322,0.009,1,IDLE,disabled,0.000,0.000,deg/s,joint_states,-0.350,0.530,0.000,0.000,0.733,-0.153,-0.234,0.383,0.780,-11.833,17.354,,pan
assignment4_topicstop_20261008_194514,30.427,1791456350.315674,824,1791456350.094863,camera_color_optical_frame,1,0.3978,0.8037,0.00322,0.030,1,IDLE,disabled,0.000,0.000,deg/s,joint_states,-0.350,0.530,0.000,0.000,0.732,-0.153,-0.234,0.384,0.780,-11.840,17.357,,pan
assignment4_topicstop_20261008_194514,30.448,1791456350.333997,825,1791456350.128222,camera_color_optical_frame,1,0.3969,0.8043,0.00333,0.013,1,IDLE,disabled,0.000,0.000,deg/s,joint_states,-0.350,0.440,0.000,0.000,0.739,-0.152,-0.236,0.377,0.784,-11.652,17.372,,pan
assignment4_topicstop_20261008_194514,30.470,1791456350.356643,825,1791456350.128222,camera_color_optical_frame,1,0.3969,0.8043,0.00333,0.035,1,IDLE,disabled,0.000,0.000,deg/s,joint_states,-0.350,0.440,0.000,0.000,0.739,-0.152,-0.236,0.377,0.785,-11.642,17.376,,pan
assignment4_topicstop_20261008_194514,30.488,1791456350.374942,826,1791456350.161582,camera_color_optical_frame,1,0.3972,0.8033,0.00332,0.014,1,IDLE,disabled,0.000,0.000,deg/s,joint_states,-0.260,0.530,0.000,0.000,0.726,-0.150,-0.231,0.380,0.777,-11.648,17.302,,pan
assignment4_topicstop_20261008_194514,30.506,1791456350.391397,826,1791456350.161582,camera_color_optical_frame,1,0.3972,0.8033,0.00332,0.031,1,IDLE,disabled,0.000,0.000,deg/s,joint_states,-0.260,0.530,0.000,0.000,0.725,-0.149,-0.231,0.380,0.777,-11.640,17.300,,pan
assignment4_topicstop_20261008_194514,30.528,1791456350.415881,827,1791456350.194941,camera_color_optical_frame,1,0.3979,0.8044,0.00321,0.017,1,IDLE,disabled,0.000,0.000,deg/s,joint_states,-0.260,0.440,0.000,0.000,0.734,-0.153,-0.234,0.385,0.784,-11.788,17.343,,pan
assignment4_topicstop_20261008_194514,30.547,1791456350.432877,828,1791456350.228301,camera_color_optical_frame,1,0.3978,0.8039,0.00322,0.002,1,IDLE,disabled,0.000,0.000,deg/s,joint_states,-0.260,0.440,0.000,0.000,0.744,-0.155,-0.238,0.386,0.785,-11.803,17.364,,pan
assignment4_topicstop_20261008_194514,30.569,1791456350.458183,828,1791456350.228301,camera_color_optical_frame,1,0.3978,0.8039,0.00322,0.024,1,IDLE,disabled,0.000,0.000,deg/s,joint_states,-0.260,0.440,0.000,0.000,0.744,-0.156,-0.238,0.386,0.785,-11.808,17.367,,pan
assignment4_topicstop_20261008_194514,30.586,1791456350.471536,829,1791456350.261660,camera_color_optical_frame,1,0.3979,0.8044,0.00323,0.005,1,IDLE,disabled,0.000,0.000,deg/s,joint_states,-0.260,0.440,0.000,0.000,0.744,-0.160,-0.240,0.397,0.794,-12.142,17.522,,pan
assignment4_topicstop_20261008_194514,30.607,1791456350.495457,829,1791456350.261660,camera_color_optical_frame,1,0.3979,0.8044,0.00323,0.027,1,IDLE,disabled,0.000,0.000,deg/s,joint_states,-0.260,0.440,0.000,0.000,0.744,-0.161,-0.241,0.398,0.794,-12.172,17.535,,pan
assignment4_topicstop_20261008_194514,30.625,1791456350.510727,830,1791456350.328379,camera_color_optical_frame,1,0.3973,0.8033,0.00327,0.009,1,IDLE,disabled,0.000,0.000,deg/s,joint_states,-0.260,0.440,0.000,0.000,0.741,-0.151,-0.233,0.375,0.773,-11.504,17.147,,pan
assignment4_topicstop_20261008_194514,30.649,1791456350.535120,830,1791456350.328379,camera_color_optical_frame,1,0.3973,0.8033,0.00327,0.033,1,IDLE,disabled,0.000,0.000,deg/s,joint_states,-0.260,0.440,0.000,0.000,0.741,-0.150,-0.233,0.374,0.772,-11.470,17.124,,pan
assignment4_topicstop_20261008_194514,30.666,1791456350.552206,831,1791456350.361739,camera_color_optical_frame,1,0.3980,0.8043,0.00322,0.012,1,IDLE,disabled,0.000,0.000,deg/s,joint_states,-0.260,0.440,0.000,0.000,0.737,-0.154,-0.236,0.384,0.786,-11.766,17.386,,pan
assignment4_topicstop_20261008_194514,30.688,1791456350.573397,831,1791456350.361739,camera_color_optical_frame,1,0.3980,0.8043,0.00322,0.033,1,IDLE,disabled,0.000,0.000,deg/s,joint_states,-0.260,0.440,0.000,0.000,0.737,-0.154,-0.236,0.384,0.786,-11.766,17.386,,pan
assignment4_topicstop_20261008_194514,30.707,1791456350.593508,832,1791456350.395098,camera_color_optical_frame,1,0.3979,0.8035,0.00324,0.015,1,IDLE,disabled,0.000,0.000,deg/s,joint_states,-0.260,0.440,0.000,0.000,0.732,-0.152,-0.233,0.384,0.783,-11.763,17.336,,pan
assignment4_topicstop_20261008_194514,30.729,1791456350.614410,832,1791456350.395098,camera_color_optical_frame,1,0.3979,0.8035,0.00324,0.037,1,IDLE,disabled,0.000,0.000,deg/s,joint_states,-0.260,0.440,0.000,0.000,0.731,-0.152,-0.233,0.384,0.783,-11.763,17.337,,pan
assignment4_topicstop_20261008_194514,30.748,1791456350.634604,833,1791456350.428458,camera_color_optical_frame,1,0.3980,0.8043,0.00320,0.014,1,IDLE,disabled,0.000,0.000,deg/s,joint_states,-0.260,0.440,0.000,0.000,0.742,-0.154,-0.235,0.384,0.777,-11.754,17.209,,pan
assignment4_topicstop_20261008_194514,30.768,1791456350.656192,834,1791456350.495177,camera_color_optical_frame,1,0.3983,0.8049,0.00318,0.014,0,IDLE,disabled,0.000,0.000,deg/s,joint_states,-0.260,0.440,0.000,0.000,0.524,-0.116,-0.175,0.409,0.821,-12.476,18.053,,pan
assignment4_topicstop_20261008_194514,30.786,1791456350.675550,835,1791456350.528537,camera_color_optical_frame,1,0.3984,0.8054,0.00318,0.013,0,IDLE,disabled,0.000,0.000,deg/s,joint_states,-0.260,0.440,0.000,0.000,0.598,-0.129,-0.196,0.398,0.805,-12.175,17.761,,pan
assignment4_topicstop_20261008_194514,30.806,1791456350.692853,836,1791456350.595257,camera_color_optical_frame,1,0.3984,0.8048,0.00317,0.012,0,IDLE,disabled,0.000,0.000,deg/s,joint_states,-0.260,0.440,0.000,0.000,0.598,-0.129,-0.196,0.399,0.804,-12.179,17.729,,pan
assignment4_topicstop_20261008_194514,30.827,1791456350.713479,836,1791456350.595257,camera_color_optical_frame,1,0.3984,0.8048,0.00317,0.034,0,IDLE,disabled,0.000,0.000,deg/s,joint_states,-0.260,0.440,0.000,0.000,0.598,-0.129,-0.196,0.399,0.804,-12.179,17.725,,pan
assignment4_topicstop_20261008_194514,30.846,1791456350.731886,837,1791456350.628617,camera_color_optical_frame,1,0.3987,0.8059,0.00318,0.013,1,IDLE,disabled,0.000,0.000,deg/s,joint_states,-0.260,0.530,0.000,0.000,0.743,-0.155,-0.237,0.385,0.781,-11.783,17.373,,pan
assignment4_topicstop_20261008_194514,30.867,1791456350.752236,837,1791456350.628617,camera_color_optical_frame,1,0.3987,0.8059,0.00318,0.033,1,IDLE,disabled,0.000,0.000,deg/s,joint_states,-0.260,0.530,0.000,0.000,0.743,-0.155,-0.237,0.385,0.781,-11.783,17.373,,pan
assignment4_topicstop_20261008_194514,30.890,1791456350.777868,838,1791456350.661977,camera_color_optical_frame,1,0.3986,0.8065,0.00317,0.019,1,IDLE,disabled,0.000,0.000,deg/s,joint_states,-0.180,0.440,0.000,0.000,0.795,-0.163,-0.252,0.382,0.780,-11.620,17.283,,pan
assignment4_topicstop_20261008_194514,30.906,1791456350.791446,838,1791456350.661977,camera_color_optical_frame,1,0.3986,0.8065,0.00317,0.036,1,IDLE,disabled,0.000,0.000,deg/s,joint_states,-0.180,0.440,0.000,0.000,0.803,-0.165,-0.255,0.382,0.780,-11.604,17.269,,pan
assignment4_topicstop_20261008_194514,30.928,1791456350.816265,839,1791456350.695337,camera_color_optical_frame,1,0.3990,0.8060,0.00319,0.020,1,IDLE,disabled,0.000,0.000,deg/s,joint_states,-0.260,0.440,0.000,0.000,0.743,-0.153,-0.238,0.379,0.786,-11.602,17.396,,pan
assignment4_topicstop_20261008_194514,30.947,1791456350.832907,840,1791456350.728698,camera_color_optical_frame,1,0.3988,0.8064,0.00317,0.002,1,IDLE,disabled,0.000,0.000,deg/s,joint_states,-0.260,0.440,0.000,0.000,0.743,-0.152,-0.238,0.378,0.786,-11.584,17.398,,pan
assignment4_topicstop_20261008_194514,30.967,1791456350.856312,840,1791456350.728698,camera_color_optical_frame,1,0.3988,0.8064,0.00317,0.023,1,IDLE,disabled,0.000,0.000,deg/s,joint_states,-0.260,0.440,0.000,0.000,0.744,-0.156,-0.239,0.388,0.788,-11.868,17.426,,pan
assignment4_topicstop_20261008_194514,30.987,1791456350.873741,841,1791456350.762058,camera_color_optical_frame,1,0.3987,0.8063,0.00315,0.011,1,IDLE,disabled,0.000,0.000,deg/s,joint_states,-0.260,0.440,0.000,0.000,0.740,-0.153,-0.237,0.381,0.785,-11.677,17.382,,pan
assignment4_topicstop_20261008_194514,31.010,1791456350.895304,841,1791456350.762058,camera_color_optical_frame,1,0.3987,0.8063,0.00315,0.034,1,IDLE,disabled,0.000,0.000,deg/s,joint_states,-0.260,0.440,0.000,0.000,0.740,-0.153,-0.236,0.381,0.785,-11.671,17.382,,pan
assignment4_topicstop_20261008_194514,31.026,1791456350.911955,842,1791456350.795418,camera_color_optical_frame,1,0.3991,0.8062,0.00319,0.013,1,IDLE,disabled,0.000,0.000,deg/s,joint_states,-0.180,0.440,0.000,0.000,0.743,-0.155,-0.237,0.389,0.784,-11.813,17.343,,pan
assignment4_topicstop_20261008_194514,31.046,1791456350.932250,842,1791456350.795418,camera_color_optical_frame,1,0.3991,0.8062,0.00319,0.033,1,IDLE,disabled,0.000,0.000,deg/s,joint_states,-0.260,0.440,0.000,0.000,0.743,-0.155,-0.237,0.386,0.783,-11.816,17.337,,pan
assignment4_topicstop_20261008_194514,31.067,1791456350.952952,843,1791456350.828778,camera_color_optical_frame,1,0.3986,0.8079,0.00312,0.010,1,IDLE,disabled,0.000,0.000,deg/s,joint_states,-0.260,0.440,0.000,0.000,0.743,-0.155,-0.238,0.385,0.788,-11.776,17.429,,pan
assignment4_topicstop_20261008_194514,31.086,1791456350.971462,843,1791456350.828778,camera_color_optical_frame,1,0.3986,0.8079,0.00312,0.029,1,IDLE,disabled,0.000,0.000,deg/s,joint_states,-0.180,0.440,0.000,0.000,0.743,-0.155,-0.238,0.387,0.788,-11.776,17.432,,pan
assignment4_topicstop_20261008_194514,31.109,1791456350.997279,844,1791456350.862139,camera_color_optical_frame,1,0.3988,0.8088,0.00312,0.019,1,IDLE,disabled,0.000,0.000,deg/s,joint_states,-0.260,0.440,0.000,0.000,0.737,-0.152,-0.238,0.381,0.793,-11.664,17.537,,pan
assignment4_topicstop_20261008_194514,31.126,1791456351.011399,844,1791456350.862139,camera_color_optical_frame,1,0.3988,0.8088,0.00312,0.037,1,IDLE,disabled,0.000,0.000,deg/s,joint_states,-0.260,0.440,0.000,0.000,0.736,-0.152,-0.238,0.380,0.794,-11.652,17.551,,pan
assignment4_topicstop_20261008_194514,31.150,1791456351.036080,845,1791456350.895499,camera_color_optical_frame,1,0.3996,0.8073,0.00322,0.022,1,IDLE,disabled,0.000,0.000,deg/s,joint_states,-0.260,0.440,0.000,0.000,0.737,-0.152,-0.235,0.381,0.785,-11.656,17.374,,pan
assignment4_topicstop_20261008_194514,31.166,1791456351.052577,846,1791456350.928863,camera_color_optical_frame,1,0.3983,0.8080,0.00306,0.009,1,IDLE,disabled,0.000,0.000,deg/s,joint_states,-0.180,0.440,0.000,0.000,0.743,-0.155,-0.238,0.388,0.786,-11.807,17.390,,pan
assignment4_topicstop_20261008_194514,31.187,1791456351.074053,846,1791456350.928863,camera_color_optical_frame,1,0.3983,0.8080,0.00306,0.030,1,IDLE,disabled,0.000,0.000,deg/s,joint_states,-0.180,0.440,0.000,0.000,0.743,-0.155,-0.238,0.389,0.786,-11.813,17.385,,pan
assignment4_topicstop_20261008_194514,31.206,1791456351.091916,847,1791456350.962220,camera_color_optical_frame,1,0.3991,0.8088,0.00315,0.011,1,IDLE,disabled,0.000,0.000,deg/s,joint_states,-0.180,0.440,0.000,0.000,0.740,-0.154,-0.238,0.388,0.791,-11.781,17.488,,pan
assignment4_topicstop_20261008_194514,31.226,1791456351.114132,848,1791456350.995577,camera_color_optical_frame,1,0.3994,0.8091,0.00316,0.013,0,IDLE,disabled,0.000,0.000,deg/s,joint_states,-0.180,0.440,0.000,0.000,0.543,-0.120,-0.181,0.410,0.821,-12.431,18.048,,pan
assignment4_topicstop_20261008_194514,31.246,1791456351.131061,849,1791456351.028934,camera_color_optical_frame,1,0.3989,0.8088,0.00310,0.003,1,IDLE,disabled,0.000,0.000,deg/s,joint_states,-0.260,0.440,0.000,0.000,0.743,-0.154,-0.238,0.381,0.788,-11.679,17.434,,pan
assignment4_topicstop_20261008_194514,31.267,1791456351.156054,849,1791456351.028934,camera_color_optical_frame,1,0.3989,0.8088,0.00310,0.024,1,IDLE,disabled,0.000,0.000,deg/s,joint_states,-0.260,0.440,0.000,0.000,0.744,-0.154,-0.238,0.381,0.788,-11.669,17.434,,pan
assignment4_topicstop_20261008_194514,31.286,1791456351.174726,850,1791456351.062291,camera_color_optical_frame,1,0.3990,0.8088,0.00308,0.008,1,IDLE,disabled,0.000,0.000,deg/s,joint_states,-0.180,0.440,0.000,0.000,0.791,-0.162,-0.252,0.381,0.782,-11.578,17.319,,pan
assignment4_topicstop_20261008_194514,31.308,1791456351.194580,850,1791456351.062291,camera_color_optical_frame,1,0.3990,0.8088,0.00308,0.030,1,IDLE,disabled,0.000,0.000,deg/s,joint_states,-0.180,0.440,0.000,0.000,0.801,-0.164,-0.255,0.380,0.781,-11.553,17.299,,pan
assignment4_topicstop_20261008_194514,31.327,1791456351.212610,851,1791456351.095648,camera_color_optical_frame,1,0.3986,0.8080,0.00307,0.013,1,IDLE,disabled,0.000,0.000,deg/s,joint_states,-0.260,0.440,0.000,0.000,0.739,-0.153,-0.236,0.382,0.786,-11.691,17.388,,pan
assignment4_topicstop_20261008_194514,31.347,1791456351.232446,851,1791456351.095648,camera_color_optical_frame,1,0.3986,0.8080,0.00307,0.033,1,IDLE,disabled,0.000,0.000,deg/s,joint_states,-0.260,0.440,0.000,0.000,0.739,-0.153,-0.236,0.382,0.785,-11.687,17.383,,pan
assignment4_topicstop_20261008_194514,31.365,1791456351.251760,852,1791456351.129005,camera_color_optical_frame,1,0.3995,0.8087,0.00311,0.015,1,IDLE,disabled,0.000,0.000,deg/s,joint_states,-0.260,0.440,0.000,0.000,0.736,-0.156,-0.236,0.391,0.788,-11.973,17.423,,pan
assignment4_topicstop_20261008_194514,31.386,1791456351.271795,852,1791456351.129005,camera_color_optical_frame,1,0.3995,0.8087,0.00311,0.035,1,IDLE,disabled,0.000,0.000,deg/s,joint_states,-0.260,0.440,0.000,0.000,0.736,-0.156,-0.236,0.392,0.788,-12.002,17.422,,pan
assignment4_topicstop_20261008_194514,31.406,1791456351.292552,853,1791456351.162363,camera_color_optical_frame,1,0.3985,0.8093,0.00305,0.014,1,IDLE,disabled,0.000,0.000,deg/s,joint_states,-0.260,0.440,0.000,0.000,0.740,-0.154,-0.238,0.385,0.791,-11.778,17.492,,pan
assignment4_topicstop_20261008_194514,31.425,1791456351.310721,853,1791456351.162363,camera_color_optical_frame,1,0.3985,0.8093,0.00305,0.033,1,IDLE,disabled,0.000,0.000,deg/s,joint_states,-0.260,0.440,0.000,0.000,0.740,-0.154,-0.238,0.385,0.791,-11.785,17.500,,pan
assignment4_topicstop_20261008_194514,31.449,1791456351.337556,854,1791456351.195719,camera_color_optical_frame,1,0.3985,0.8098,0.00305,0.020,1,IDLE,disabled,0.000,0.000,deg/s,joint_states,-0.260,0.440,0.000,0.000,0.748,-0.155,-0.241,0.381,0.791,-11.680,17.501,,pan
assignment4_topicstop_20261008_194514,31.466,1791456351.352249,855,1791456351.229076,camera_color_optical_frame,1,0.3986,0.8092,0.00302,0.004,1,IDLE,disabled,0.000,0.000,deg/s,joint_states,-0.260,0.440,0.000,0.000,0.732,-0.153,-0.235,0.386,0.788,-11.824,17.437,,pan
assignment4_topicstop_20261008_194514,31.488,1791456351.374969,855,1791456351.229076,camera_color_optical_frame,1,0.3986,0.8092,0.00302,0.026,1,IDLE,disabled,0.000,0.000,deg/s,joint_states,-0.260,0.440,0.000,0.000,0.731,-0.153,-0.235,0.387,0.788,-11.834,17.436,,pan
assignment4_topicstop_20261008_194514,31.507,1791456351.392872,856,1791456351.262433,camera_color_optical_frame,1,0.3986,0.8094,0.00303,0.009,1,IDLE,disabled,0.000,0.000,deg/s,joint_states,-0.350,0.440,0.000,0.000,0.727,-0.152,-0.233,0.383,0.788,-11.809,17.429,,pan
assignment4_topicstop_20261008_194514,31.528,1791456351.413536,856,1791456351.262433,camera_color_optical_frame,1,0.3986,0.8094,0.00303,0.031,1,IDLE,disabled,0.000,0.000,deg/s,joint_states,-0.350,0.440,0.000,0.000,0.725,-0.152,-0.233,0.383,0.788,-11.814,17.427,,pan
assignment4_topicstop_20261008_194514,31.547,1791456351.433371,857,1791456351.295790,camera_color_optical_frame,1,0.3983,0.8100,0.00304,0.015,1,IDLE,disabled,0.000,0.000,deg/s,joint_states,-0.350,0.440,0.000,0.000,0.734,-0.153,-0.236,0.382,0.791,-11.787,17.492,,pan
assignment4_topicstop_20261008_194514,31.568,1791456351.455596,857,1791456351.295790,camera_color_optical_frame,1,0.3983,0.8100,0.00304,0.036,1,IDLE,disabled,0.000,0.000,deg/s,joint_states,-0.260,0.440,0.000,0.000,0.734,-0.153,-0.236,0.385,0.791,-11.789,17.498,,pan
assignment4_topicstop_20261008_194514,31.586,1791456351.472571,858,1791456351.329148,camera_color_optical_frame,1,0.3975,0.8083,0.00310,0.011,1,IDLE,disabled,0.000,0.000,deg/s,joint_states,-0.350,0.440,0.000,0.000,0.743,-0.154,-0.237,0.378,0.785,-11.684,17.382,,pan
assignment4_topicstop_20261008_194514,31.612,1791456351.498138,859,1791456351.362505,camera_color_optical_frame,1,0.3967,0.8083,0.00321,0.022,0,IDLE,disabled,0.000,0.000,deg/s,joint_states,-0.260,0.440,0.000,0.000,0.534,-0.118,-0.178,0.407,0.820,-12.421,18.049,,pan
assignment4_topicstop_20261008_194514,31.628,1791456351.514685,860,1791456351.395862,camera_color_optical_frame,1,0.3975,0.8096,0.00311,0.011,1,IDLE,disabled,0.000,0.000,deg/s,joint_states,-0.260,0.440,0.000,0.000,0.738,-0.154,-0.238,0.385,0.791,-11.775,17.496,,pan
assignment4_topicstop_20261008_194514,31.648,1791456351.535121,860,1791456351.395862,camera_color_optical_frame,1,0.3975,0.8096,0.00311,0.031,1,IDLE,disabled,0.000,0.000,deg/s,joint_states,-0.260,0.440,0.000,0.000,0.738,-0.154,-0.238,0.385,0.792,-11.778,17.504,,pan
assignment4_topicstop_20261008_194514,31.667,1791456351.552590,861,1791456351.429219,camera_color_optical_frame,1,0.3967,0.8085,0.00316,0.013,1,IDLE,disabled,0.000,0.000,deg/s,joint_states,-0.260,0.440,0.000,0.000,0.794,-0.163,-0.253,0.379,0.781,-11.611,17.306,,pan
assignment4_topicstop_20261008_194514,31.687,1791456351.572793,861,1791456351.429219,camera_color_optical_frame,1,0.3967,0.8085,0.00316,0.033,1,IDLE,disabled,0.000,0.000,deg/s,joint_states,-0.260,0.440,0.000,0.000,0.804,-0.165,-0.255,0.378,0.780,-11.591,17.287,,pan
assignment4_topicstop_20261008_194514,31.706,1791456351.592366,862,1791456351.462576,camera_color_optical_frame,1,0.3970,0.8093,0.00315,0.015,1,IDLE,disabled,0.000,0.000,deg/s,joint_states,-0.260,0.530,0.000,0.000,0.732,-0.153,-0.235,0.386,0.784,-11.822,17.434,,pan
assignment4_topicstop_20261008_194514,31.727,1791456351.612234,862,1791456351.462576,camera_color_optical_frame,1,0.3970,0.8093,0.00315,0.036,1,IDLE,disabled,0.000,0.000,deg/s,joint_states,-0.350,0.440,0.000,0.000,0.732,-0.153,-0.235,0.383,0.788,-11.829,17.432,,pan
assignment4_topicstop_20261008_194514,31.747,1791456351.634558,863,1791456351.495933,camera_color_optical_frame,1,0.3970,0.8081,0.00311,0.018,1,IDLE,disabled,0.000,0.000,deg/s,joint_states,-0.260,0.530,0.000,0.000,0.749,-0.156,-0.240,0.384,0.782,-11.760,17.404,,pan
assignment4_topicstop_20261008_194514,31.765,1791456351.651253,864,1791456351.529290,camera_color_optical_frame,1,0.3969,0.8088,0.00315,0.006,1,IDLE,disabled,0.000,0.000,deg/s,joint_states,-0.260,0.440,0.000,0.000,0.742,-0.154,-0.238,0.382,0.787,-11.689,17.416,,pan
assignment4_topicstop_20261008_194514,31.789,1791456351.677132,864,1791456351.529290,camera_color_optical_frame,1,0.3969,0.8088,0.00315,0.030,1,IDLE,disabled,0.000,0.000,deg/s,joint_states,-0.260,0.440,0.000,0.000,0.743,-0.154,-0.238,0.381,0.787,-11.677,17.412,,pan
assignment4_topicstop_20261008_194514,31.805,1791456351.691409,865,1791456351.562647,camera_color_optical_frame,1,0.3968,0.8076,0.00315,0.006,1,IDLE,disabled,0.000,0.000,deg/s,joint_states,-0.260,0.440,0.000,0.000,0.734,-0.152,-0.237,0.382,0.791,-11.695,17.507,,pan
assignment4_topicstop_20261008_194514,31.827,1791456351.715722,865,1791456351.562647,camera_color_optical_frame,1,0.3968,0.8076,0.00315,0.028,1,IDLE,disabled,0.000,0.000,deg/s,joint_states,-0.260,0.440,0.000,0.000,0.734,-0.152,-0.236,0.382,0.792,-11.689,17.516,,pan
assignment4_topicstop_20261008_194514,31.846,1791456351.732506,866,1791456351.596004,camera_color_optical_frame,1,0.3970,0.8077,0.00316,0.010,1,IDLE,disabled,0.000,0.000,deg/s,joint_states,-0.350,0.440,0.000,0.000,0.738,-0.156,-0.236,0.387,0.787,-11.943,17.399,,pan
assignment4_topicstop_20261008_194514,31.867,1791456351.754788,866,1791456351.596004,camera_color_optical_frame,1,0.3970,0.8077,0.00316,0.031,1,IDLE,disabled,0.000,0.000,deg/s,joint_states,-0.350,0.440,0.000,0.000,0.738,-0.156,-0.236,0.388,0.786,-11.964,17.395,,pan
assignment4_topicstop_20261008_194514,31.886,1791456351.772287,867,1791456351.629362,camera_color_optical_frame,1,0.3972,0.8081,0.00312,0.011,1,IDLE,disabled,0.000,0.000,deg/s,joint_states,-0.260,0.440,0.000,0.000,0.736,-0.153,-0.235,0.384,0.786,-11.764,17.397,,pan
assignment4_topicstop_20261008_194514,31.907,1791456351.794124,867,1791456351.629362,camera_color_optical_frame,1,0.3972,0.8081,0.00312,0.032,1,IDLE,disabled,0.000,0.000,deg/s,joint_states,-0.260,0.440,0.000,0.000,0.735,-0.153,-0.235,0.384,0.786,-11.767,17.392,,pan
assignment4_topicstop_20261008_194514,31.926,1791456351.812485,868,1791456351.662719,camera_color_optical_frame,1,0.3972,0.8091,0.00311,0.012,1,IDLE,disabled,0.000,0.000,deg/s,joint_states,-0.260,0.440,0.000,0.000,0.739,-0.151,-0.238,0.378,0.790,-11.575,17.477,,pan
assignment4_topicstop_20261008_194514,31.948,1791456351.833377,868,1791456351.662719,camera_color_optical_frame,1,0.3972,0.8091,0.00311,0.034,1,IDLE,disabled,0.000,0.000,deg/s,joint_states,-0.260,0.440,0.000,0.000,0.739,-0.151,-0.238,0.377,0.790,-11.551,17.483,,pan
assignment4_topicstop_20261008_194514,31.966,1791456351.851623,869,1791456351.696076,camera_color_optical_frame,1,0.3968,0.8079,0.00317,0.014,1,IDLE,disabled,0.000,0.000,deg/s,joint_states,-0.260,0.440,0.000,0.000,0.740,-0.157,-0.237,0.392,0.786,-11.990,17.378,,pan
assignment4_topicstop_20261008_194514,31.986,1791456351.872334,869,1791456351.696076,camera_color_optical_frame,1,0.3968,0.8079,0.00317,0.035,1,IDLE,disabled,0.000,0.000,deg/s,joint_states,-0.260,0.440,0.000,0.000,0.740,-0.158,-0.237,0.393,0.786,-12.013,17.373,,pan
assignment4_topicstop_20261008_194514,32.006,1791456351.892045,870,1791456351.729433,camera_color_optical_frame,1,0.3975,0.8083,0.00310,0.015,1,IDLE,disabled,0.000,0.000,deg/s,joint_states,-0.260,0.440,0.000,0.000,0.724,-0.155,-0.232,0.395,0.786,-12.082,17.380,,pan
assignment4_topicstop_20261008_194514,32.026,1791456351.911525,870,1791456351.729433,camera_color_optical_frame,1,0.3975,0.8083,0.00310,0.035,1,IDLE,disabled,0.000,0.000,deg/s,joint_states,-0.260,0.440,0.000,0.000,0.723,-0.155,-0.231,0.396,0.786,-12.114,17.375,,pan
assignment4_topicstop_20261008_194514,32.047,1791456351.935716,871,1791456351.762790,camera_color_optical_frame,1,0.3973,0.8083,0.00313,0.019,1,IDLE,disabled,0.000,0.000,deg/s,joint_states,-0.350,0.440,0.000,0.000,0.732,-0.150,-0.235,0.374,0.788,-11.552,17.441,,pan
assignment4_topicstop_20261008_194514,32.066,1791456351.951087,872,1791456351.796147,camera_color_optical_frame,1,0.3970,0.8088,0.00318,0.004,1,IDLE,disabled,0.000,0.000,deg/s,joint_states,-0.350,0.440,0.000,0.000,0.752,-0.153,-0.241,0.372,0.789,-11.494,17.463,,pan
assignment4_topicstop_20261008_194514,32.089,1791456351.978284,872,1791456351.796147,camera_color_optical_frame,1,0.3970,0.8088,0.00318,0.027,1,IDLE,disabled,0.000,0.000,deg/s,joint_states,-0.260,0.440,0.000,0.000,0.753,-0.153,-0.242,0.374,0.789,-11.458,17.468,,pan
assignment4_topicstop_20261008_194514,32.106,1791456351.994271,873,1791456351.829505,camera_color_optical_frame,1,0.3975,0.8086,0.00312,0.008,1,IDLE,disabled,0.000,0.000,deg/s,joint_states,-0.260,0.440,0.000,0.000,0.743,-0.155,-0.239,0.384,0.788,-11.758,17.443,,pan
assignment4_topicstop_20261008_194514,32.128,1791456352.015673,873,1791456351.829505,camera_color_optical_frame,1,0.3975,0.8086,0.00312,0.030,1,IDLE,disabled,0.000,0.000,deg/s,joint_states,-0.260,0.440,0.000,0.000,0.744,-0.155,-0.239,0.384,0.789,-11.759,17.444,,pan
assignment4_topicstop_20261008_194514,32.148,1791456352.033607,874,1791456351.862862,camera_color_optical_frame,1,0.3969,0.8093,0.00312,0.012,1,IDLE,disabled,0.000,0.000,deg/s,joint_states,-0.350,0.440,0.000,0.000,0.740,-0.154,-0.238,0.380,0.789,-11.731,17.469,,pan
assignment4_topicstop_20261008_194514,32.168,1791456352.053391,874,1791456351.862862,camera_color_optical_frame,1,0.3969,0.8093,0.00312,0.033,1,IDLE,disabled,0.000,0.000,deg/s,joint_states,-0.350,0.440,0.000,0.000,0.740,-0.154,-0.238,0.380,0.790,-11.731,17.472,,pan
assignment4_topicstop_20261008_194514,32.186,1791456352.072291,875,1791456351.896220,camera_color_optical_frame,1,0.3969,0.8080,0.00316,0.014,1,IDLE,disabled,0.000,0.000,deg/s,joint_states,-0.350,0.440,0.000,0.000,0.738,-0.154,-0.236,0.381,0.785,-11.748,17.387,,pan
assignment4_topicstop_20261008_194514,32.206,1791456352.093498,875,1791456351.896220,camera_color_optical_frame,1,0.3969,0.8080,0.00316,0.034,1,IDLE,disabled,0.000,0.000,deg/s,joint_states,-0.260,0.440,0.000,0.000,0.738,-0.154,-0.236,0.384,0.786,-11.748,17.384,,pan
assignment4_topicstop_20261008_194514,32.231,1791456352.117510,876,1791456351.929578,camera_color_optical_frame,1,0.3966,0.8079,0.00319,0.015,1,IDLE,disabled,0.000,0.000,deg/s,joint_states,-0.350,0.440,0.000,0.000,0.746,-0.159,-0.238,0.390,0.784,-12.032,17.342,,pan
assignment4_topicstop_20261008_194514,32.247,1791456352.133197,877,1791456351.996294,camera_color_optical_frame,1,0.3976,0.8088,0.00311,0.013,0,IDLE,disabled,0.000,0.000,deg/s,joint_states,-0.260,0.440,0.000,0.000,0.534,-0.118,-0.179,0.410,0.823,-12.507,18.087,,pan
assignment4_topicstop_20261008_194514,32.268,1791456352.153342,878,1791456352.029652,camera_color_optical_frame,1,0.3973,0.8077,0.00313,0.017,0,IDLE,disabled,0.000,0.000,deg/s,joint_states,-0.260,0.440,0.000,0.000,0.598,-0.130,-0.196,0.400,0.808,-12.234,17.809,,pan
assignment4_topicstop_20261008_194514,32.287,1791456352.175144,879,1791456352.063010,camera_color_optical_frame,1,0.3978,0.8093,0.00306,0.017,0,IDLE,disabled,0.000,0.000,deg/s,joint_states,-0.350,0.440,0.000,0.000,0.598,-0.129,-0.197,0.394,0.810,-12.132,17.853,,pan
assignment4_topicstop_20261008_194514,32.308,1791456352.193414,880,1791456352.096368,camera_color_optical_frame,1,0.3967,0.8084,0.00317,0.003,1,IDLE,disabled,0.000,0.000,deg/s,joint_states,-0.350,0.440,0.000,0.000,0.785,-0.162,-0.250,0.379,0.783,-11.692,17.333,,pan
assignment4_topicstop_20261008_194514,32.331,1791456352.217409,880,1791456352.096368,camera_color_optical_frame,1,0.3967,0.8084,0.00317,0.026,1,IDLE,disabled,0.000,0.000,deg/s,joint_states,-0.260,0.440,0.000,0.000,0.796,-0.164,-0.253,0.381,0.782,-11.668,17.312,,pan
assignment4_topicstop_20261008_194514,32.347,1791456352.233488,881,1791456352.129726,camera_color_optical_frame,1,0.3970,0.8090,0.00315,0.007,1,IDLE,disabled,0.000,0.000,deg/s,joint_states,-0.260,0.440,0.000,0.000,0.788,-0.163,-0.251,0.383,0.783,-11.713,17.334,,pan
assignment4_topicstop_20261008_194514,32.368,1791456352.253505,881,1791456352.129726,camera_color_optical_frame,1,0.3970,0.8090,0.00315,0.028,1,IDLE,disabled,0.000,0.000,deg/s,joint_states,-0.260,0.440,0.000,0.000,0.798,-0.165,-0.254,0.382,0.782,-11.694,17.314,,pan
assignment4_topicstop_20261008_194514,32.392,1791456352.276880,883,1791456352.196442,camera_color_optical_frame,1,0.3968,0.8082,0.00309,0.006,0,IDLE,disabled,0.000,0.000,deg/s,joint_states,-0.260,0.440,0.000,0.000,0.560,-0.122,-0.186,0.401,0.815,-12.240,17.952,,pan
assignment4_topicstop_20261008_194514,32.406,1791456352.292408,883,1791456352.196442,camera_color_optical_frame,1,0.3968,0.8082,0.00309,0.021,0,IDLE,disabled,0.000,0.000,deg/s,joint_states,-0.350,0.440,0.000,0.000,0.553,-0.120,-0.184,0.398,0.816,-12.262,17.979,,pan
assignment4_topicstop_20261008_194514,32.427,1791456352.313460,883,1791456352.196442,camera_color_optical_frame,1,0.3968,0.8082,0.00309,0.042,0,IDLE,disabled,0.000,0.000,deg/s,joint_states,-0.350,0.440,0.000,0.000,0.543,-0.118,-0.181,0.399,0.818,-12.295,18.018,,pan
assignment4_topicstop_20261008_194514,32.447,1791456352.333567,884,1791456352.229800,camera_color_optical_frame,1,0.3967,0.8088,0.00315,0.014,1,IDLE,disabled,0.000,0.000,deg/s,joint_states,-0.350,0.440,0.000,0.000,0.731,-0.150,-0.235,0.375,0.788,-11.591,17.438,,pan
assignment4_topicstop_20261008_194514,32.467,1791456352.352314,884,1791456352.229800,camera_color_optical_frame,1,0.3967,0.8088,0.00315,0.034,1,IDLE,disabled,0.000,0.000,deg/s,joint_states,-0.350,0.440,0.000,0.000,0.731,-0.149,-0.234,0.374,0.787,-11.564,17.438,,pan
assignment4_topicstop_20261008_194514,32.487,1791456352.377613,885,1791456352.263159,camera_color_optical_frame,1,0.3974,0.8100,0.00309,0.017,1,IDLE,disabled,0.000,0.000,deg/s,joint_states,-0.260,0.440,0.000,0.000,0.787,-0.163,-0.251,0.382,0.784,-11.698,17.354,,pan
assignment4_topicstop_20261008_194514,32.507,1791456352.392885,885,1791456352.263159,camera_color_optical_frame,1,0.3974,0.8100,0.00309,0.037,1,IDLE,disabled,0.000,0.000,deg/s,joint_states,-0.260,0.440,0.000,0.000,0.796,-0.165,-0.254,0.381,0.783,-11.682,17.337,,pan
assignment4_topicstop_20261008_194514,32.530,1791456352.418561,886,1791456352.296517,camera_color_optical_frame,1,0.3974,0.8090,0.00309,0.021,1,IDLE,disabled,0.000,0.000,deg/s,joint_states,-0.260,0.440,0.000,0.000,0.744,-0.156,-0.239,0.386,0.789,-11.827,17.440,,pan
assignment4_topicstop_20261008_194514,32.546,1791456352.431240,887,1791456352.329875,camera_color_optical_frame,1,0.3969,0.8090,0.00312,0.008,1,IDLE,disabled,0.000,0.000,deg/s,joint_states,-0.260,0.440,0.000,0.000,0.743,-0.156,-0.238,0.388,0.787,-11.861,17.412,,pan
assignment4_topicstop_20261008_194514,32.570,1791456352.456368,887,1791456352.329875,camera_color_optical_frame,1,0.3969,0.8090,0.00312,0.032,1,IDLE,disabled,0.000,0.000,deg/s,joint_states,-0.350,0.440,0.000,0.000,0.744,-0.156,-0.238,0.385,0.787,-11.871,17.406,,pan
assignment4_topicstop_20261008_194514,32.586,1791456352.473105,888,1791456352.363233,camera_color_optical_frame,1,0.3977,0.8097,0.00307,0.011,1,IDLE,disabled,0.000,0.000,deg/s,joint_states,-0.260,0.440,0.000,0.000,0.736,-0.153,-0.237,0.383,0.790,-11.742,17.476,,pan
assignment4_topicstop_20261008_194514,32.607,1791456352.493153,888,1791456352.363233,camera_color_optical_frame,1,0.3977,0.8097,0.00307,0.032,1,IDLE,disabled,0.000,0.000,deg/s,joint_states,-0.260,0.440,0.000,0.000,0.736,-0.153,-0.237,0.383,0.790,-11.739,17.480,,pan
assignment4_topicstop_20261008_194514,32.627,1791456352.515688,889,1791456352.396591,camera_color_optical_frame,1,0.3976,0.8095,0.00310,0.013,1,IDLE,disabled,0.000,0.000,deg/s,joint_states,-0.260,0.440,0.000,0.000,0.733,-0.151,-0.236,0.380,0.789,-11.630,17.460,,pan
assignment4_topicstop_20261008_194514,32.646,1791456352.531129,889,1791456352.396591,camera_color_optical_frame,1,0.3976,0.8095,0.00310,0.031,1,IDLE,disabled,0.000,0.000,deg/s,joint_states,-0.260,0.440,0.000,0.000,0.733,-0.151,-0.235,0.379,0.789,-11.611,17.462,,pan
assignment4_topicstop_20261008_194514,32.668,1791456352.556617,890,1791456352.429949,camera_color_optical_frame,1,0.3974,0.8093,0.00306,0.018,1,IDLE,disabled,0.000,0.000,deg/s,joint_states,-0.350,0.440,0.000,0.000,0.734,-0.155,-0.236,0.387,0.788,-11.934,17.431,,pan
assignment4_topicstop_20261008_194514,32.689,1791456352.575942,891,1791456352.463308,camera_color_optical_frame,1,0.3965,0.8077,0.00317,0.004,1,IDLE,disabled,0.000,0.000,deg/s,joint_states,-0.260,0.440,0.000,0.000,0.742,-0.153,-0.237,0.381,0.784,-11.667,17.359,,pan
assignment4_topicstop_20261008_194514,32.709,1791456352.597560,891,1791456352.463308,camera_color_optical_frame,1,0.3965,0.8077,0.00317,0.024,1,IDLE,disabled,0.000,0.000,deg/s,joint_states,-0.260,0.440,0.000,0.000,0.742,-0.153,-0.237,0.381,0.784,-11.658,17.349,,pan
assignment4_topicstop_20261008_194514,32.728,1791456352.614699,892,1791456352.496666,camera_color_optical_frame,1,0.3973,0.8093,0.00313,0.011,1,IDLE,disabled,0.000,0.000,deg/s,joint_states,-0.350,0.440,0.000,0.000,0.737,-0.151,-0.236,0.376,0.788,-11.610,17.444,,pan
assignment4_topicstop_20261008_194514,32.748,1791456352.633882,892,1791456352.496666,camera_color_optical_frame,1,0.3973,0.8093,0.00313,0.031,1,IDLE,disabled,0.000,0.000,deg/s,joint_states,-0.350,0.440,0.000,0.000,0.737,-0.151,-0.236,0.375,0.788,-11.587,17.444,,pan
assignment4_topicstop_20261008_194514,32.766,1791456352.651778,893,1791456352.530024,camera_color_optical_frame,1,0.3974,0.8092,0.00310,0.003,1,IDLE,disabled,0.000,0.000,deg/s,joint_states,-0.350,0.440,0.000,0.000,0.738,-0.157,-0.238,0.389,0.792,-11.996,17.496,,pan
assignment4_topicstop_20261008_194514,32.789,1791456352.675152,893,1791456352.530024,camera_color_optical_frame,1,0.3974,0.8092,0.00310,0.026,1,IDLE,disabled,0.000,0.000,deg/s,joint_states,-0.350,0.440,0.000,0.000,0.738,-0.157,-0.238,0.390,0.792,-12.029,17.506,,pan
assignment4_topicstop_20261008_194514,32.808,1791456352.695667,894,1791456352.563382,camera_color_optical_frame,1,0.3969,0.8086,0.00319,0.010,1,IDLE,disabled,0.000,0.000,deg/s,joint_states,-0.260,0.440,0.000,0.000,0.736,-0.153,-0.236,0.384,0.789,-11.748,17.453,,pan
assignment4_topicstop_20261008_194514,32.826,1791456352.711234,894,1791456352.563382,camera_color_optical_frame,1,0.3969,0.8086,0.00319,0.028,1,IDLE,disabled,0.000,0.000,deg/s,joint_states,-0.260,0.440,0.000,0.000,0.736,-0.153,-0.236,0.384,0.789,-11.751,17.456,,pan
assignment4_topicstop_20261008_194514,32.848,1791456352.736751,895,1791456352.596740,camera_color_optical_frame,1,0.3974,0.8079,0.00313,0.019,1,IDLE,disabled,0.000,0.000,deg/s,joint_states,-0.260,0.440,0.000,0.000,0.738,-0.155,-0.236,0.387,0.785,-11.829,17.361,,pan
assignment4_topicstop_20261008_194514,32.865,1791456352.751086,895,1791456352.596740,camera_color_optical_frame,1,0.3974,0.8079,0.00313,0.036,1,IDLE,disabled,0.000,0.000,deg/s,joint_states,-0.350,0.440,0.000,0.000,0.738,-0.155,-0.236,0.383,0.784,-11.830,17.354,,pan
assignment4_topicstop_20261008_194514,32.892,1791456352.778855,896,1791456352.630099,camera_color_optical_frame,1,0.3974,0.8087,0.00309,0.023,1,IDLE,disabled,0.000,0.000,deg/s,joint_states,-0.350,0.440,0.000,0.000,0.750,-0.159,-0.241,0.390,0.788,-12.009,17.433,,pan
assignment4_topicstop_20261008_194514,32.907,1791456352.792497,897,1791456352.663457,camera_color_optical_frame,1,0.3970,0.8077,0.00313,0.005,1,IDLE,disabled,0.000,0.000,deg/s,joint_states,-0.350,0.440,0.000,0.000,0.738,-0.151,-0.238,0.375,0.792,-11.577,17.535,,pan
assignment4_topicstop_20261008_194514,32.927,1791456352.814157,897,1791456352.663457,camera_color_optical_frame,1,0.3970,0.8077,0.00313,0.026,1,IDLE,disabled,0.000,0.000,deg/s,joint_states,-0.260,0.440,0.000,0.000,0.738,-0.151,-0.238,0.377,0.793,-11.551,17.548,,pan
assignment4_topicstop_20261008_194514,32.946,1791456352.832383,898,1791456352.696815,camera_color_optical_frame,1,0.3970,0.8083,0.00315,0.011,1,IDLE,disabled,0.000,0.000,deg/s,joint_states,-0.260,0.440,0.000,0.000,0.732,-0.153,-0.235,0.385,0.787,-11.796,17.411,,pan
assignment4_topicstop_20261008_194514,32.967,1791456352.854878,898,1791456352.696815,camera_color_optical_frame,1,0.3970,0.8083,0.00315,0.032,1,IDLE,disabled,0.000,0.000,deg/s,joint_states,-0.260,0.440,0.000,0.000,0.731,-0.153,-0.234,0.385,0.787,-11.794,17.409,,pan
assignment4_topicstop_20261008_194514,32.988,1791456352.874679,899,1791456352.730174,camera_color_optical_frame,1,0.3972,0.8082,0.00312,0.012,1,IDLE,disabled,0.000,0.000,deg/s,joint_states,-0.260,0.440,0.000,0.000,0.732,-0.153,-0.234,0.386,0.787,-11.805,17.410,,pan
assignment4_topicstop_20261008_194514,33.007,1791456352.895864,900,1791456352.763532,camera_color_optical_frame,1,0.3968,0.8084,0.00314,0.012,0,IDLE,disabled,0.000,0.000,deg/s,joint_states,-0.350,0.440,0.000,0.000,0.537,-0.118,-0.179,0.403,0.821,-12.385,18.059,,pan
assignment4_topicstop_20261008_194514,33.028,1791456352.914422,901,1791456352.796890,camera_color_optical_frame,1,0.3974,0.8084,0.00313,0.003,1,IDLE,disabled,0.000,0.000,deg/s,joint_states,-0.260,0.440,0.000,0.000,0.746,-0.154,-0.239,0.380,0.788,-11.628,17.432,,pan
assignment4_topicstop_20261008_194514,33.048,1791456352.934051,901,1791456352.796890,camera_color_optical_frame,1,0.3974,0.8084,0.00313,0.023,1,IDLE,disabled,0.000,0.000,deg/s,joint_states,-0.260,0.440,0.000,0.000,0.747,-0.153,-0.239,0.379,0.788,-11.609,17.433,,pan
assignment4_topicstop_20261008_194514,33.066,1791456352.952653,902,1791456352.830249,camera_color_optical_frame,1,0.3975,0.8091,0.00307,0.008,1,IDLE,disabled,0.000,0.000,deg/s,joint_states,-0.350,0.440,0.000,0.000,0.795,-0.163,-0.253,0.376,0.782,-11.618,17.322,,pan
assignment4_topicstop_20261008_194514,33.087,1791456352.972949,902,1791456352.830249,camera_color_optical_frame,1,0.3975,0.8091,0.00307,0.029,1,IDLE,disabled,0.000,0.000,deg/s,joint_states,-0.350,0.440,0.000,0.000,0.804,-0.165,-0.256,0.375,0.781,-11.597,17.303,,pan
assignment4_topicstop_20261008_194514,33.106,1791456352.992261,903,1791456352.863607,camera_color_optical_frame,1,0.3978,0.8090,0.00302,0.013,1,IDLE,disabled,0.000,0.000,deg/s,joint_states,-0.350,0.440,0.000,0.000,0.731,-0.154,-0.235,0.386,0.789,-11.911,17.456,,pan
assignment4_topicstop_20261008_194514,33.126,1791456353.011900,903,1791456352.863607,camera_color_optical_frame,1,0.3978,0.8090,0.00302,0.033,1,IDLE,disabled,0.000,0.000,deg/s,joint_states,-0.350,0.440,0.000,0.000,0.731,-0.154,-0.235,0.387,0.790,-11.929,17.459,,pan
assignment4_topicstop_20261008_194514,33.147,1791456353.035127,904,1791456352.896965,camera_color_optical_frame,1,0.3967,0.8084,0.00314,0.018,1,IDLE,disabled,0.000,0.000,deg/s,joint_states,-0.260,0.440,0.000,0.000,0.741,-0.153,-0.237,0.381,0.786,-11.676,17.401,,pan
assignment4_topicstop_20261008_194514,33.166,1791456353.051935,904,1791456352.896965,camera_color_optical_frame,1,0.3967,0.8084,0.00314,0.037,1,IDLE,disabled,0.000,0.000,deg/s,joint_states,-0.350,0.440,0.000,0.000,0.741,-0.153,-0.237,0.378,0.786,-11.669,17.397,,pan
assignment4_topicstop_20261008_194514,33.189,1791456353.077605,905,1791456352.930323,camera_color_optical_frame,1,0.3968,0.8092,0.00309,0.019,1,IDLE,disabled,0.000,0.000,deg/s,joint_states,-0.350,0.440,0.000,0.000,0.728,-0.152,-0.234,0.383,0.789,-11.803,17.458,,pan
assignment4_topicstop_20261008_194514,33.207,1791456353.092946,906,1791456352.963679,camera_color_optical_frame,1,0.3967,0.8082,0.00314,0.005,1,IDLE,disabled,0.000,0.000,deg/s,joint_states,-0.350,0.440,0.000,0.000,0.738,-0.157,-0.237,0.389,0.788,-11.988,17.416,,pan
assignment4_topicstop_20261008_194514,33.227,1791456353.115297,906,1791456352.963679,camera_color_optical_frame,1,0.3967,0.8082,0.00314,0.024,1,IDLE,disabled,0.000,0.000,deg/s,joint_states,-0.350,0.440,0.000,0.000,0.738,-0.157,-0.237,0.390,0.788,-12.015,17.414,,pan
assignment4_topicstop_20261008_194514,33.246,1791456353.133411,907,1791456352.997035,camera_color_optical_frame,1,0.3966,0.8081,0.00314,0.010,1,IDLE,disabled,0.000,0.000,deg/s,joint_states,-0.350,0.440,0.000,0.000,0.755,-0.158,-0.241,0.383,0.785,-11.820,17.379,,pan
assignment4_topicstop_20261008_194514,33.267,1791456353.157062,907,1791456352.997035,camera_color_optical_frame,1,0.3966,0.8081,0.00314,0.032,1,IDLE,disabled,0.000,0.000,deg/s,joint_states,-0.350,0.440,0.000,0.000,0.757,-0.159,-0.242,0.383,0.785,-11.822,17.372,,pan
assignment4_topicstop_20261008_194514,33.287,1791456353.172275,908,1791456353.030391,camera_color_optical_frame,1,0.3969,0.8085,0.00311,0.012,1,IDLE,disabled,0.000,0.000,deg/s,joint_states,-0.350,0.440,0.000,0.000,0.741,-0.155,-0.238,0.382,0.788,-11.791,17.439,,pan
assignment4_topicstop_20261008_194514,33.307,1791456353.192584,908,1791456353.030391,camera_color_optical_frame,1,0.3969,0.8085,0.00311,0.032,1,IDLE,disabled,0.000,0.000,deg/s,joint_states,-0.350,0.440,0.000,0.000,0.742,-0.155,-0.238,0.382,0.788,-11.789,17.440,,pan
assignment4_topicstop_20261008_194514,33.328,1791456353.214924,909,1791456353.063746,camera_color_optical_frame,1,0.3975,0.8095,0.00308,0.017,1,IDLE,disabled,0.000,0.000,deg/s,joint_states,-0.260,0.530,0.000,0.000,0.732,-0.154,-0.236,0.389,0.788,-11.907,17.510,,pan
assignment4_topicstop_20261008_194514,33.347,1791456353.236739,909,1791456353.063746,camera_color_optical_frame,1,0.3975,0.8095,0.00308,0.036,1,IDLE,disabled,0.000,0.000,deg/s,joint_states,-0.260,0.530,0.000,0.000,0.731,-0.154,-0.236,0.389,0.788,-11.916,17.518,,pan
assignment4_topicstop_20261008_194514,33.366,1791456353.251272,910,1791456353.097102,camera_color_optical_frame,1,0.3961,0.8082,0.00311,0.011,1,IDLE,disabled,0.000,0.000,deg/s,joint_states,-0.350,0.440,0.000,0.000,0.739,-0.154,-0.237,0.382,0.787,-11.776,17.413,,pan
assignment4_topicstop_20261008_194514,33.387,1791456353.273285,912,1791456353.197169,camera_color_optical_frame,1,0.3968,0.8084,0.00307,0.011,0,IDLE,disabled,0.000,0.000,deg/s,joint_states,-0.260,0.440,0.000,0.000,0.598,-0.128,-0.198,0.394,0.816,-12.058,17.976,,pan
assignment4_topicstop_20261008_194514,33.406,1791456353.292360,912,1791456353.197169,camera_color_optical_frame,1,0.3968,0.8084,0.00307,0.030,0,IDLE,disabled,0.000,0.000,deg/s,joint_states,-0.260,0.440,0.000,0.000,0.598,-0.127,-0.198,0.394,0.817,-12.034,17.997,,pan
assignment4_topicstop_20261008_194514,33.428,1791456353.313878,912,1791456353.197169,camera_color_optical_frame,1,0.3968,0.8084,0.00307,0.052,0,IDLE,disabled,0.000,0.000,deg/s,joint_states,-0.260,0.440,0.000,0.000,0.597,-0.127,-0.199,0.393,0.818,-12.006,18.021,,pan
assignment4_topicstop_20261008_194514,33.446,1791456353.331659,913,1791456353.230524,camera_color_optical_frame,1,0.3978,0.8094,0.00307,0.013,1,IDLE,disabled,0.000,0.000,deg/s,joint_states,-0.260,0.530,0.000,0.000,0.739,-0.155,-0.237,0.387,0.785,-11.846,17.446,,pan
assignment4_topicstop_20261008_194514,33.467,1791456353.352400,913,1791456353.230524,camera_color_optical_frame,1,0.3978,0.8094,0.00307,0.033,1,IDLE,disabled,0.000,0.000,deg/s,joint_states,-0.260,0.530,0.000,0.000,0.739,-0.155,-0.237,0.387,0.785,-11.846,17.446,,pan
assignment4_topicstop_20261008_194514,33.486,1791456353.374456,914,1791456353.263880,camera_color_optical_frame,1,0.3964,0.8081,0.00319,0.015,1,IDLE,disabled,0.000,0.000,deg/s,joint_states,-0.260,0.440,0.000,0.000,0.788,-0.162,-0.250,0.379,0.781,-11.598,17.291,,pan
assignment4_topicstop_20261008_194514,33.506,1791456353.392164,915,1791456353.297235,camera_color_optical_frame,1,0.3974,0.8092,0.00309,0.005,1,IDLE,disabled,0.000,0.000,deg/s,joint_states,-0.260,0.440,0.000,0.000,0.734,-0.153,-0.236,0.385,0.790,-11.787,17.470,,pan
assignment4_topicstop_20261008_194514,33.526,1791456353.411488,916,1791456353.330590,camera_color_optical_frame,1,0.3967,0.8078,0.00316,0.015,0,IDLE,disabled,0.000,0.000,deg/s,joint_states,-0.260,0.440,0.000,0.000,0.560,-0.123,-0.186,0.405,0.817,-12.371,17.974,,pan
assignment4_topicstop_20261008_194514,33.546,1791456353.433872,916,1791456353.330590,camera_color_optical_frame,1,0.3967,0.8078,0.00316,0.035,0,IDLE,disabled,0.000,0.000,deg/s,joint_states,-0.350,0.440,0.000,0.000,0.550,-0.121,-0.183,0.404,0.818,-12.418,18.013,,pan
assignment4_topicstop_20261008_194514,33.566,1791456353.451761,916,1791456353.330590,camera_color_optical_frame,1,0.3967,0.8078,0.00316,0.055,0,IDLE,disabled,0.000,0.000,deg/s,joint_states,-0.350,0.440,0.000,0.000,0.541,-0.120,-0.181,0.405,0.821,-12.466,18.054,,pan
assignment4_topicstop_20261008_194514,33.587,1791456353.474549,917,1791456353.363946,camera_color_optical_frame,1,0.3970,0.8079,0.00311,0.018,1,IDLE,disabled,0.000,0.000,deg/s,joint_states,-0.350,0.440,0.000,0.000,0.743,-0.152,-0.237,0.375,0.783,-11.592,17.352,,pan
assignment4_topicstop_20261008_194514,33.607,1791456353.492258,918,1791456353.397302,camera_color_optical_frame,1,0.3965,0.8095,0.00317,0.002,1,IDLE,disabled,0.000,0.000,deg/s,joint_states,-0.260,0.440,0.000,0.000,0.785,-0.161,-0.251,0.379,0.784,-11.625,17.360,,pan
assignment4_topicstop_20261008_194514,33.626,1791456353.516452,918,1791456353.397302,camera_color_optical_frame,1,0.3965,0.8095,0.00317,0.022,1,IDLE,disabled,0.000,0.000,deg/s,joint_states,-0.260,0.440,0.000,0.000,0.794,-0.163,-0.253,0.379,0.783,-11.603,17.343,,pan
assignment4_topicstop_20261008_194514,33.647,1791456353.532388,918,1791456353.397302,camera_color_optical_frame,1,0.3965,0.8095,0.00317,0.042,1,IDLE,disabled,0.000,0.000,deg/s,joint_states,-0.350,0.440,0.000,0.000,0.804,-0.165,-0.256,0.375,0.782,-11.581,17.325,,pan
assignment4_topicstop_20261008_194514,33.671,1791456353.557359,919,1791456353.430657,camera_color_optical_frame,1,0.3965,0.8093,0.00315,0.022,1,IDLE,disabled,0.000,0.000,deg/s,joint_states,-0.260,0.440,0.000,0.000,0.736,-0.156,-0.237,0.391,0.792,-11.950,17.502,,pan
assignment4_topicstop_20261008_194514,33.686,1791456353.572323,920,1791456353.464013,camera_color_optical_frame,1,0.3968,0.8087,0.00316,0.007,1,IDLE,disabled,0.000,0.000,deg/s,joint_states,-0.350,0.440,0.000,0.000,0.735,-0.154,-0.235,0.383,0.787,-11.830,17.406,,pan
assignment4_topicstop_20261008_194514,33.708,1791456353.593601,920,1791456353.464013,camera_color_optical_frame,1,0.3968,0.8087,0.00316,0.029,1,IDLE,disabled,0.000,0.000,deg/s,joint_states,-0.350,0.440,0.000,0.000,0.734,-0.154,-0.235,0.384,0.786,-11.843,17.401,,pan
assignment4_topicstop_20261008_194514,33.726,1791456353.611966,921,1791456353.497368,camera_color_optical_frame,1,0.3971,0.8095,0.00306,0.012,1,IDLE,disabled,0.000,0.000,deg/s,joint_states,-0.350,0.440,0.000,0.000,0.739,-0.153,-0.237,0.378,0.788,-11.666,17.452,,pan
assignment4_topicstop_20261008_194514,33.747,1791456353.632502,921,1791456353.497368,camera_color_optical_frame,1,0.3971,0.8095,0.00306,0.033,1,IDLE,disabled,0.000,0.000,deg/s,joint_states,-0.350,0.440,0.000,0.000,0.739,-0.152,-0.237,0.377,0.788,-11.650,17.453,,pan
assignment4_topicstop_20261008_194514,33.769,1791456353.656663,922,1791456353.530724,camera_color_optical_frame,1,0.3967,0.8085,0.00316,0.017,1,IDLE,disabled,0.000,0.000,deg/s,joint_states,-0.260,0.440,0.000,0.000,0.747,-0.154,-0.239,0.381,0.787,-11.674,17.423,,pan
assignment4_topicstop_20261008_194514,33.787,1791456353.672249,922,1791456353.530724,camera_color_optical_frame,1,0.3967,0.8085,0.00316,0.035,1,IDLE,disabled,0.000,0.000,deg/s,joint_states,-0.260,0.440,0.000,0.000,0.748,-0.154,-0.240,0.381,0.787,-11.665,17.422,,pan
assignment4_topicstop_20261008_194514,33.807,1791456353.695576,923,1791456353.564079,camera_color_optical_frame,1,0.3974,0.8083,0.00303,0.017,1,IDLE,disabled,0.000,0.000,deg/s,joint_states,-0.260,0.530,0.000,0.000,0.734,-0.153,-0.235,0.386,0.783,-11.813,17.412,,pan
assignment4_topicstop_20261008_194514,33.826,1791456353.711879,923,1791456353.564079,camera_color_optical_frame,1,0.3974,0.8083,0.00303,0.035,1,IDLE,disabled,0.000,0.000,deg/s,joint_states,-0.260,0.440,0.000,0.000,0.733,-0.153,-0.235,0.386,0.787,-11.816,17.411,,pan
assignment4_topicstop_20261008_194514,33.847,1791456353.735009,924,1791456353.597435,camera_color_optical_frame,1,0.3965,0.8087,0.00319,0.019,1,IDLE,disabled,0.000,0.000,deg/s,joint_states,-0.260,0.440,0.000,0.000,0.741,-0.156,-0.238,0.389,0.789,-11.915,17.438,,pan
assignment4_topicstop_20261008_194514,33.866,1791456353.751369,925,1791456353.630790,camera_color_optical_frame,1,0.3972,0.8079,0.00316,0.008,1,IDLE,disabled,0.000,0.000,deg/s,joint_states,-0.260,0.440,0.000,0.000,0.751,-0.155,-0.240,0.380,0.786,-11.648,17.399,,pan
assignment4_topicstop_20261008_194514,33.890,1791456353.775594,925,1791456353.630790,camera_color_optical_frame,1,0.3972,0.8079,0.00316,0.033,1,IDLE,disabled,0.000,0.000,deg/s,joint_states,-0.260,0.440,0.000,0.000,0.752,-0.155,-0.241,0.380,0.786,-11.630,17.396,,pan
assignment4_topicstop_20261008_194514,33.906,1791456353.792081,926,1791456353.664145,camera_color_optical_frame,1,0.3976,0.8084,0.00312,0.012,1,IDLE,disabled,0.000,0.000,deg/s,joint_states,-0.350,0.530,0.000,0.000,0.733,-0.151,-0.235,0.378,0.783,-11.663,17.424,,pan
assignment4_topicstop_20261008_194514,33.927,1791456353.812751,926,1791456353.664145,camera_color_optical_frame,1,0.3976,0.8084,0.00312,0.033,1,IDLE,disabled,0.000,0.000,deg/s,joint_states,-0.350,0.530,0.000,0.000,0.732,-0.151,-0.235,0.377,0.783,-11.648,17.423,,pan
assignment4_topicstop_20261008_194514,33.946,1791456353.831624,927,1791456353.697500,camera_color_optical_frame,1,0.3972,0.8095,0.00316,0.015,1,IDLE,disabled,0.000,0.000,deg/s,joint_states,-0.260,0.440,0.000,0.000,0.729,-0.152,-0.236,0.384,0.796,-11.743,17.593,,pan
assignment4_topicstop_20261008_194514,33.967,1791456353.852114,927,1791456353.697500,camera_color_optical_frame,1,0.3972,0.8095,0.00316,0.036,1,IDLE,disabled,0.000,0.000,deg/s,joint_states,-0.260,0.440,0.000,0.000,0.728,-0.151,-0.236,0.384,0.797,-11.744,17.612,,pan
assignment4_topicstop_20261008_194514,33.989,1791456353.877740,928,1791456353.730856,camera_color_optical_frame,1,0.3973,0.8084,0.00313,0.019,1,IDLE,disabled,0.000,0.000,deg/s,joint_states,-0.350,0.440,0.000,0.000,0.732,-0.152,-0.235,0.380,0.787,-11.725,17.417,,pan
assignment4_topicstop_20261008_194514,34.005,1791456353.890725,929,1791456353.764211,camera_color_optical_frame,1,0.3972,0.8090,0.00314,0.004,1,IDLE,disabled,0.000,0.000,deg/s,joint_states,-0.350,0.440,0.000,0.000,0.737,-0.157,-0.236,0.389,0.786,-12.002,17.386,,pan
assignment4_topicstop_20261008_194514,34.031,1791456353.917629,929,1791456353.764211,camera_color_optical_frame,1,0.3972,0.8090,0.00314,0.029,1,IDLE,disabled,0.000,0.000,deg/s,joint_states,-0.260,0.440,0.000,0.000,0.737,-0.157,-0.236,0.394,0.786,-12.037,17.374,,pan
assignment4_topicstop_20261008_194514,34.048,1791456353.934449,930,1791456353.797567,camera_color_optical_frame,1,0.3971,0.8086,0.00316,0.006,1,IDLE,disabled,0.000,0.000,deg/s,joint_states,-0.260,0.440,0.000,0.000,0.742,-0.155,-0.239,0.386,0.792,-11.806,17.518,,pan
assignment4_topicstop_20261008_194514,34.068,1791456353.955247,930,1791456353.797567,camera_color_optical_frame,1,0.3971,0.8086,0.00316,0.026,1,IDLE,disabled,0.000,0.000,deg/s,joint_states,-0.260,0.440,0.000,0.000,0.743,-0.155,-0.240,0.386,0.793,-11.813,17.527,,pan
assignment4_topicstop_20261008_194514,34.086,1791456353.972327,931,1791456353.830922,camera_color_optical_frame,1,0.3968,0.8080,0.00315,0.010,1,IDLE,disabled,0.000,0.000,deg/s,joint_states,-0.350,0.440,0.000,0.000,0.738,-0.150,-0.236,0.373,0.784,-11.512,17.370,,pan
assignment4_topicstop_20261008_194514,34.108,1791456353.993987,931,1791456353.830922,camera_color_optical_frame,1,0.3968,0.8080,0.00315,0.032,1,IDLE,disabled,0.000,0.000,deg/s,joint_states,-0.260,0.440,0.000,0.000,0.738,-0.150,-0.235,0.374,0.784,-11.477,17.362,,pan
assignment4_topicstop_20261008_194514,34.126,1791456354.012233,932,1791456353.864277,camera_color_optical_frame,1,0.3970,0.8085,0.00316,0.014,1,IDLE,disabled,0.000,0.000,deg/s,joint_states,-0.260,0.440,0.000,0.000,0.741,-0.157,-0.237,0.391,0.785,-11.951,17.367,,pan
assignment4_topicstop_20261008_194514,34.146,1791456354.033876,934,1791456353.930990,camera_color_optical_frame,1,0.3972,0.8085,0.00310,0.004,0,IDLE,disabled,0.000,0.000,deg/s,joint_states,-0.350,0.440,0.000,0.000,0.551,-0.120,-0.183,0.401,0.818,-12.333,18.002,,pan
assignment4_topicstop_20261008_194514,34.166,1791456354.050850,935,1791456353.964347,camera_color_optical_frame,1,0.3967,0.8075,0.00318,0.007,0,IDLE,disabled,0.000,0.000,deg/s,joint_states,-0.260,0.440,0.000,0.000,0.598,-0.130,-0.196,0.403,0.807,-12.302,17.788,,pan
assignment4_topicstop_20261008_194514,34.186,1791456354.073302,935,1791456353.964347,camera_color_optical_frame,1,0.3967,0.8075,0.00318,0.027,0,IDLE,disabled,0.000,0.000,deg/s,joint_states,-0.260,0.440,0.000,0.000,0.598,-0.131,-0.196,0.403,0.807,-12.324,17.783,,pan
assignment4_topicstop_20261008_194514,34.206,1791456354.091444,936,1791456353.997705,camera_color_optical_frame,1,0.3967,0.8084,0.00319,0.002,1,IDLE,disabled,0.000,0.000,deg/s,joint_states,-0.350,0.530,0.000,0.000,0.781,-0.161,-0.249,0.376,0.778,-11.617,17.330,,pan
assignment4_topicstop_20261008_194514,34.230,1791456354.118303,936,1791456353.997705,camera_color_optical_frame,1,0.3967,0.8084,0.00319,0.026,1,IDLE,disabled,0.000,0.000,deg/s,joint_states,-0.350,0.440,0.000,0.000,0.793,-0.163,-0.252,0.375,0.781,-11.591,17.307,,pan
assignment4_topicstop_20261008_194514,34.246,1791456354.131030,937,1791456354.031062,camera_color_optical_frame,1,0.3968,0.8080,0.00319,0.006,1,IDLE,disabled,0.000,0.000,deg/s,joint_states,-0.260,0.440,0.000,0.000,0.785,-0.162,-0.250,0.381,0.782,-11.673,17.320,,pan
assignment4_topicstop_20261008_194514,34.267,1791456354.155218,937,1791456354.031062,camera_color_optical_frame,1,0.3968,0.8080,0.00319,0.027,1,IDLE,disabled,0.000,0.000,deg/s,joint_states,-0.260,0.440,0.000,0.000,0.795,-0.164,-0.253,0.380,0.781,-11.651,17.301,,pan
assignment4_topicstop_20261008_194514,34.288,1791456354.174237,938,1791456354.064420,camera_color_optical_frame,1,0.3970,0.8073,0.00316,0.012,1,IDLE,disabled,0.000,0.000,deg/s,joint_states,-0.260,0.440,0.000,0.000,0.737,-0.154,-0.236,0.384,0.786,-11.770,17.384,,pan
assignment4_topicstop_20261008_194514,34.308,1791456354.193494,938,1791456354.064420,camera_color_optical_frame,1,0.3970,0.8073,0.00316,0.032,1,IDLE,disabled,0.000,0.000,deg/s,joint_states,-0.260,0.440,0.000,0.000,0.737,-0.154,-0.236,0.385,0.785,-11.775,17.379,,pan
assignment4_topicstop_20261008_194514,34.327,1791456354.212671,939,1791456354.097777,camera_color_optical_frame,1,0.3966,0.8073,0.00321,0.013,1,IDLE,disabled,0.000,0.000,deg/s,joint_states,-0.350,0.440,0.000,0.000,0.738,-0.155,-0.237,0.385,0.789,-11.867,17.451,,pan
assignment4_topicstop_20261008_194514,34.346,1791456354.232185,939,1791456354.097777,camera_color_optical_frame,1,0.3966,0.8073,0.00321,0.033,1,IDLE,disabled,0.000,0.000,deg/s,joint_states,-0.350,0.440,0.000,0.000,0.738,-0.155,-0.237,0.385,0.789,-11.876,17.454,,pan
assignment4_topicstop_20261008_194514,34.366,1791456354.251649,940,1791456354.131134,camera_color_optical_frame,1,0.3969,0.8077,0.00316,0.015,1,IDLE,disabled,0.000,0.000,deg/s,joint_states,-0.260,0.440,0.000,0.000,0.738,-0.153,-0.236,0.382,0.787,-11.708,17.413,,pan
assignment4_topicstop_20261008_194514,34.386,1791456354.271008,940,1791456354.131134,camera_color_optical_frame,1,0.3969,0.8077,0.00316,0.034,1,IDLE,disabled,0.000,0.000,deg/s,joint_states,-0.260,0.440,0.000,0.000,0.738,-0.153,-0.236,0.382,0.787,-11.704,17.414,,pan
assignment4_topicstop_20261008_194514,34.407,1791456354.293243,941,1791456354.164492,camera_color_optical_frame,1,0.3974,0.8079,0.00311,0.017,1,IDLE,disabled,0.000,0.000,deg/s,joint_states,-0.350,0.440,0.000,0.000,0.739,-0.152,-0.236,0.376,0.785,-11.612,17.389,,pan
assignment4_topicstop_20261008_194514,34.426,1791456354.311829,941,1791456354.164492,camera_color_optical_frame,1,0.3974,0.8079,0.00311,0.036,1,IDLE,disabled,0.000,0.000,deg/s,joint_states,-0.350,0.440,0.000,0.000,0.739,-0.152,-0.236,0.375,0.785,-11.592,17.385,,pan
assignment4_topicstop_20261008_194514,34.446,1791456354.333473,942,1791456354.197849,camera_color_optical_frame,1,0.3978,0.8080,0.00312,0.017,1,IDLE,disabled,0.000,0.000,deg/s,joint_states,-0.260,0.440,0.000,0.000,0.743,-0.158,-0.238,0.393,0.789,-12.011,17.430,,pan
assignment4_topicstop_20261008_194514,34.467,1791456354.352046,943,1791456354.231206,camera_color_optical_frame,1,0.3967,0.8077,0.00321,0.003,1,IDLE,disabled,0.000,0.000,deg/s,joint_states,-0.350,0.440,0.000,0.000,0.739,-0.153,-0.236,0.379,0.786,-11.690,17.404,,pan
assignment4_topicstop_20261008_194514,34.487,1791456354.374748,943,1791456354.231206,camera_color_optical_frame,1,0.3967,0.8077,0.00321,0.023,1,IDLE,disabled,0.000,0.000,deg/s,joint_states,-0.350,0.440,0.000,0.000,0.739,-0.153,-0.236,0.378,0.786,-11.684,17.402,,pan
assignment4_topicstop_20261008_194514,34.505,1791456354.390837,944,1791456354.264564,camera_color_optical_frame,1,0.3976,0.8074,0.00310,0.002,1,IDLE,disabled,0.000,0.000,deg/s,joint_states,-0.260,0.440,0.000,0.000,0.739,-0.155,-0.236,0.388,0.786,-11.871,17.379,,pan
assignment4_topicstop_20261008_194514,34.526,1791456354.413452,944,1791456354.264564,camera_color_optical_frame,1,0.3976,0.8074,0.00310,0.022,1,IDLE,disabled,0.000,0.000,deg/s,joint_states,-0.260,0.440,0.000,0.000,0.739,-0.155,-0.236,0.388,0.786,-11.876,17.375,,pan
assignment4_topicstop_20261008_194514,34.545,1791456354.431253,945,1791456354.297921,camera_color_optical_frame,1,0.3976,0.8085,0.00312,0.006,1,IDLE,disabled,0.000,0.000,deg/s,joint_states,-0.350,0.440,0.000,0.000,0.741,-0.158,-0.238,0.392,0.790,-12.073,17.458,,pan
assignment4_topicstop_20261008_194514,34.569,1791456354.457408,945,1791456354.297921,camera_color_optical_frame,1,0.3976,0.8085,0.00312,0.030,1,IDLE,disabled,0.000,0.000,deg/s,joint_states,-0.260,0.440,0.000,0.000,0.741,-0.159,-0.238,0.396,0.791,-12.115,17.463,,pan
assignment4_topicstop_20261008_194514,34.586,1791456354.471145,946,1791456354.331279,camera_color_optical_frame,1,0.3969,0.8074,0.00317,0.007,1,IDLE,disabled,0.000,0.000,deg/s,joint_states,-0.350,0.440,0.000,0.000,0.731,-0.150,-0.234,0.376,0.786,-11.615,17.410,,pan
assignment4_topicstop_20261008_194514,34.607,1791456354.494565,946,1791456354.331279,camera_color_optical_frame,1,0.3969,0.8074,0.00317,0.029,1,IDLE,disabled,0.000,0.000,deg/s,joint_states,-0.350,0.440,0.000,0.000,0.730,-0.150,-0.234,0.375,0.786,-11.591,17.410,,pan
assignment4_topicstop_20261008_194514,34.626,1791456354.511390,947,1791456354.364636,camera_color_optical_frame,1,0.3967,0.8077,0.00318,0.009,1,IDLE,disabled,0.000,0.000,deg/s,joint_states,-0.350,0.440,0.000,0.000,0.742,-0.154,-0.238,0.381,0.787,-11.760,17.426,,pan
assignment4_topicstop_20261008_194514,34.650,1791456354.536460,947,1791456354.364636,camera_color_optical_frame,1,0.3967,0.8077,0.00318,0.034,1,IDLE,disabled,0.000,0.000,deg/s,joint_states,-0.350,0.440,0.000,0.000,0.742,-0.154,-0.238,0.381,0.787,-11.752,17.428,,pan
assignment4_topicstop_20261008_194514,34.666,1791456354.551425,948,1791456354.397993,camera_color_optical_frame,1,0.3978,0.8090,0.00312,0.010,1,IDLE,disabled,0.000,0.000,deg/s,joint_states,-0.260,0.440,0.000,0.000,0.740,-0.154,-0.238,0.383,0.792,-11.729,17.511,,pan
assignment4_topicstop_20261008_194514,34.686,1791456354.574304,948,1791456354.397993,camera_color_optical_frame,1,0.3978,0.8090,0.00312,0.031,1,IDLE,disabled,0.000,0.000,deg/s,joint_states,-0.260,0.440,0.000,0.000,0.740,-0.154,-0.239,0.383,0.792,-11.725,17.521,,pan
assignment4_topicstop_20261008_194514,34.706,1791456354.592202,949,1791456354.431351,camera_color_optical_frame,1,0.3966,0.8080,0.00316,0.011,1,IDLE,disabled,0.000,0.000,deg/s,joint_states,-0.350,0.440,0.000,0.000,0.734,-0.152,-0.235,0.379,0.787,-11.699,17.430,,pan
assignment4_topicstop_20261008_194514,34.728,1791456354.614167,949,1791456354.431351,camera_color_optical_frame,1,0.3966,0.8080,0.00316,0.034,1,IDLE,disabled,0.000,0.000,deg/s,joint_states,-0.350,0.440,0.000,0.000,0.733,-0.152,-0.235,0.379,0.787,-11.688,17.431,,pan
assignment4_topicstop_20261008_194514,34.746,1791456354.632102,950,1791456354.464708,camera_color_optical_frame,1,0.3971,0.8082,0.00317,0.014,1,IDLE,disabled,0.000,0.000,deg/s,joint_states,-0.260,0.440,0.000,0.000,0.737,-0.156,-0.236,0.392,0.786,-11.976,17.380,,pan
assignment4_topicstop_20261008_194514,34.768,1791456354.653748,950,1791456354.464708,camera_color_optical_frame,1,0.3971,0.8082,0.00317,0.035,1,IDLE,disabled,0.000,0.000,deg/s,joint_states,-0.260,0.440,0.000,0.000,0.737,-0.157,-0.236,0.392,0.786,-11.997,17.375,,pan
assignment4_topicstop_20261008_194514,34.786,1791456354.671780,951,1791456354.498065,camera_color_optical_frame,1,0.3983,0.8094,0.00305,0.012,1,IDLE,disabled,0.000,0.000,deg/s,joint_states,-0.350,0.440,0.000,0.000,0.731,-0.155,-0.236,0.389,0.792,-12.003,17.511,,pan
assignment4_topicstop_20261008_194514,34.807,1791456354.694090,951,1791456354.498065,camera_color_optical_frame,1,0.3983,0.8094,0.00305,0.033,1,IDLE,disabled,0.000,0.000,deg/s,joint_states,-0.350,0.440,0.000,0.000,0.730,-0.156,-0.236,0.390,0.793,-12.023,17.519,,pan
assignment4_topicstop_20261008_194514,34.826,1791456354.713323,952,1791456354.531423,camera_color_optical_frame,1,0.3974,0.8073,0.00314,0.014,1,IDLE,disabled,0.000,0.000,deg/s,joint_states,-0.350,0.440,0.000,0.000,0.741,-0.154,-0.237,0.380,0.784,-11.740,17.357,,pan
assignment4_topicstop_20261008_194514,34.845,1791456354.730680,952,1791456354.531423,camera_color_optical_frame,1,0.3974,0.8073,0.00314,0.034,1,IDLE,disabled,0.000,0.000,deg/s,joint_states,-0.260,0.440,0.000,0.000,0.742,-0.154,-0.237,0.383,0.784,-11.733,17.352,,pan
assignment4_topicstop_20261008_194514,34.866,1791456354.757365,953,1791456354.564780,camera_color_optical_frame,1,0.3963,0.8063,0.00324,0.019,1,IDLE,disabled,0.000,0.000,deg/s,joint_states,-0.260,0.440,0.000,0.000,0.741,-0.149,-0.234,0.372,0.776,-11.394,17.218,,pan
assignment4_topicstop_20261008_194514,34.886,1791456354.772273,954,1791456354.598138,camera_color_optical_frame,1,0.3966,0.8076,0.00319,0.004,1,IDLE,disabled,0.000,0.000,deg/s,joint_states,-0.350,0.440,0.000,0.000,0.739,-0.152,-0.237,0.376,0.787,-11.606,17.430,,pan
assignment4_topicstop_20261008_194514,34.907,1791456354.797138,954,1791456354.598138,camera_color_optical_frame,1,0.3966,0.8076,0.00319,0.025,1,IDLE,disabled,0.000,0.000,deg/s,joint_states,-0.350,0.440,0.000,0.000,0.739,-0.151,-0.237,0.375,0.787,-11.590,17.432,,pan
assignment4_topicstop_20261008_194514,34.928,1791456354.814756,955,1791456354.631495,camera_color_optical_frame,1,0.3971,0.8068,0.00319,0.010,1,IDLE,disabled,0.000,0.000,deg/s,joint_states,-0.260,0.440,0.000,0.000,0.752,-0.157,-0.241,0.385,0.787,-11.783,17.419,,pan
assignment4_topicstop_20261008_194514,34.950,1791456354.836051,955,1791456354.631495,camera_color_optical_frame,1,0.3971,0.8068,0.00319,0.032,1,IDLE,disabled,0.000,0.000,deg/s,joint_states,-0.260,0.440,0.000,0.000,0.754,-0.157,-0.242,0.385,0.788,-11.789,17.422,,pan
assignment4_topicstop_20261008_194514,34.966,1791456354.852933,956,1791456354.664853,camera_color_optical_frame,1,0.3972,0.8068,0.00318,0.011,1,IDLE,disabled,0.000,0.000,deg/s,joint_states,-0.260,0.440,0.000,0.000,0.742,-0.159,-0.237,0.395,0.785,-12.067,17.344,,pan
assignment4_topicstop_20261008_194514,34.986,1791456354.872093,956,1791456354.664853,camera_color_optical_frame,1,0.3972,0.8068,0.00318,0.031,1,IDLE,disabled,0.000,0.000,deg/s,joint_states,-0.260,0.440,0.000,0.000,0.742,-0.159,-0.237,0.396,0.784,-12.092,17.338,,pan
assignment4_topicstop_20261008_194514,35.007,1791456354.892038,957,1791456354.698210,camera_color_optical_frame,1,0.3974,0.8072,0.00314,0.013,1,IDLE,disabled,0.000,0.000,deg/s,joint_states,-0.260,0.440,0.000,0.000,0.733,-0.157,-0.235,0.397,0.789,-12.122,17.426,,pan
assignment4_topicstop_20261008_194514,35.027,1791456354.912750,957,1791456354.698210,camera_color_optical_frame,1,0.3974,0.8072,0.00314,0.033,1,IDLE,disabled,0.000,0.000,deg/s,joint_states,-0.260,0.440,0.000,0.000,0.732,-0.158,-0.235,0.398,0.789,-12.154,17.429,,pan
assignment4_topicstop_20261008_194514,35.047,1791456354.932960,958,1791456354.731567,camera_color_optical_frame,1,0.3969,0.8072,0.00317,0.016,1,IDLE,disabled,0.000,0.000,deg/s,joint_states,-0.260,0.440,0.000,0.000,0.756,-0.153,-0.242,0.373,0.787,-11.443,17.424,,pan
assignment4_topicstop_20261008_194514,35.065,1791456354.950743,958,1791456354.731567,camera_color_optical_frame,1,0.3969,0.8072,0.00317,0.035,1,IDLE,disabled,0.000,0.000,deg/s,joint_states,-0.260,0.440,0.000,0.000,0.757,-0.153,-0.243,0.372,0.787,-11.416,17.426,,pan
assignment4_topicstop_20261008_194514,35.088,1791456354.975444,959,1791456354.764925,camera_color_optical_frame,1,0.3974,0.8077,0.00311,0.018,1,IDLE,disabled,0.000,0.000,deg/s,joint_states,-0.260,0.440,0.000,0.000,0.739,-0.155,-0.237,0.387,0.789,-11.838,17.441,,pan
assignment4_topicstop_20261008_194514,35.105,1791456354.990653,959,1791456354.764925,camera_color_optical_frame,1,0.3974,0.8077,0.00311,0.035,1,IDLE,disabled,0.000,0.000,deg/s,joint_states,-0.350,0.440,0.000,0.000,0.739,-0.155,-0.237,0.384,0.789,-11.838,17.444,,pan
assignment4_topicstop_20261008_194514,35.127,1791456355.016309,960,1791456354.798282,camera_color_optical_frame,1,0.3968,0.8074,0.00318,0.019,1,IDLE,disabled,0.000,0.000,deg/s,joint_states,-0.350,0.440,0.000,0.000,0.727,-0.152,-0.233,0.382,0.787,-11.802,17.421,,pan
assignment4_topicstop_20261008_194514,35.146,1791456355.032033,961,1791456354.831639,camera_color_optical_frame,1,0.3970,0.8075,0.00318,0.003,1,IDLE,disabled,0.000,0.000,deg/s,joint_states,-0.350,0.440,0.000,0.000,0.725,-0.152,-0.233,0.383,0.787,-11.806,17.422,,pan
assignment4_topicstop_20261008_194514,35.172,1791456355.057303,961,1791456354.831639,camera_color_optical_frame,1,0.3970,0.8075,0.00318,0.028,1,IDLE,disabled,0.000,0.000,deg/s,joint_states,-0.260,0.440,0.000,0.000,0.727,-0.146,-0.232,0.371,0.785,-11.387,17.397,,pan
assignment4_topicstop_20261008_194514,35.186,1791456355.073052,962,1791456354.865001,camera_color_optical_frame,1,0.3971,0.8078,0.00314,0.010,1,IDLE,disabled,0.000,0.000,deg/s,joint_states,-0.350,0.440,0.000,0.000,0.714,-0.153,-0.229,0.391,0.789,-12.061,17.438,,pan
assignment4_topicstop_20261008_194514,35.208,1791456355.093119,962,1791456354.865001,camera_color_optical_frame,1,0.3971,0.8078,0.00314,0.031,1,IDLE,disabled,0.000,0.000,deg/s,joint_states,-0.350,0.440,0.000,0.000,0.712,-0.153,-0.229,0.392,0.789,-12.086,17.441,,pan
assignment4_topicstop_20261008_194514,35.227,1791456355.112221,963,1791456354.898357,camera_color_optical_frame,1,0.3971,0.8071,0.00317,0.014,1,IDLE,disabled,0.000,0.000,deg/s,joint_states,-0.350,0.440,0.000,0.000,0.737,-0.153,-0.235,0.380,0.785,-11.740,17.375,,pan
assignment4_topicstop_20261008_194514,35.246,1791456355.131645,963,1791456354.898357,camera_color_optical_frame,1,0.3971,0.8071,0.00317,0.034,1,IDLE,disabled,0.000,0.000,deg/s,joint_states,-0.350,0.440,0.000,0.000,0.737,-0.153,-0.235,0.380,0.785,-11.741,17.373,,pan
assignment4_topicstop_20261008_194514,35.266,1791456355.152178,964,1791456354.931713,camera_color_optical_frame,1,0.3975,0.8081,0.00313,0.016,1,IDLE,disabled,0.000,0.000,deg/s,joint_states,-0.260,0.440,0.000,0.000,0.747,-0.152,-0.239,0.375,0.788,-11.507,17.438,,pan
assignment4_topicstop_20261008_194514,35.286,1791456355.171716,964,1791456354.931713,camera_color_optical_frame,1,0.3975,0.8081,0.00313,0.036,1,IDLE,disabled,0.000,0.000,deg/s,joint_states,-0.260,0.440,0.000,0.000,0.748,-0.152,-0.240,0.375,0.788,-11.485,17.440,,pan
assignment4_topicstop_20261008_194514,35.307,1791456355.196150,965,1791456354.998424,camera_color_optical_frame,1,0.3967,0.8074,0.00315,0.017,1,IDLE,disabled,0.000,0.000,deg/s,joint_states,-0.260,0.440,0.000,0.000,0.739,-0.157,-0.236,0.393,0.786,-12.011,17.368,,pan
assignment4_topicstop_20261008_194514,35.327,1791456355.212520,965,1791456354.998424,camera_color_optical_frame,1,0.3967,0.8074,0.00315,0.037,1,IDLE,disabled,0.000,0.000,deg/s,joint_states,-0.260,0.440,0.000,0.000,0.740,-0.158,-0.236,0.393,0.785,-12.031,17.364,,pan
assignment4_topicstop_20261008_194514,35.348,1791456355.236253,966,1791456355.031780,camera_color_optical_frame,1,0.3970,0.8071,0.00319,0.018,1,IDLE,disabled,0.000,0.000,deg/s,joint_states,-0.260,0.440,0.000,0.000,0.739,-0.154,-0.237,0.385,0.786,-11.783,17.400,,pan
assignment4_topicstop_20261008_194514,35.367,1791456355.254493,967,1791456355.065136,camera_color_optical_frame,1,0.3975,0.8083,0.00315,0.009,1,IDLE,disabled,0.000,0.000,deg/s,joint_states,-0.260,0.440,0.000,0.000,0.730,-0.153,-0.235,0.388,0.790,-11.863,17.474,,pan
assignment4_topicstop_20261008_194514,35.388,1791456355.275356,967,1791456355.065136,camera_color_optical_frame,1,0.3975,0.8083,0.00315,0.030,1,IDLE,disabled,0.000,0.000,deg/s,joint_states,-0.260,0.440,0.000,0.000,0.729,-0.153,-0.235,0.388,0.791,-11.867,17.479,,pan
assignment4_topicstop_20261008_194514,35.407,1791456355.293114,968,1791456355.098491,camera_color_optical_frame,1,0.3969,0.8082,0.00313,0.012,1,IDLE,disabled,0.000,0.000,deg/s,joint_states,-0.350,0.440,0.000,0.000,0.731,-0.154,-0.235,0.384,0.791,-11.853,17.485,,pan
assignment4_topicstop_20261008_194514,35.427,1791456355.313158,968,1791456355.098491,camera_color_optical_frame,1,0.3969,0.8082,0.00313,0.032,1,IDLE,disabled,0.000,0.000,deg/s,joint_states,-0.350,0.440,0.000,0.000,0.731,-0.153,-0.235,0.384,0.791,-11.859,17.491,,pan
assignment4_topicstop_20261008_194514,35.447,1791456355.334141,969,1791456355.131847,camera_color_optical_frame,1,0.3968,0.8077,0.00320,0.016,1,IDLE,disabled,0.000,0.000,deg/s,joint_states,-0.260,0.440,0.000,0.000,0.748,-0.151,-0.239,0.373,0.784,-11.434,17.377,,pan
assignment4_topicstop_20261008_194514,35.466,1791456355.351324,969,1791456355.131847,camera_color_optical_frame,1,0.3968,0.8077,0.00320,0.034,1,IDLE,disabled,0.000,0.000,deg/s,joint_states,-0.260,0.440,0.000,0.000,0.749,-0.151,-0.239,0.372,0.784,-11.407,17.373,,pan
assignment4_topicstop_20261008_194514,35.487,1791456355.375671,970,1791456355.165203,camera_color_optical_frame,1,0.3970,0.8079,0.00311,0.017,1,IDLE,disabled,0.000,0.000,deg/s,joint_states,-0.260,0.440,0.000,0.000,0.734,-0.150,-0.235,0.376,0.786,-11.525,17.397,,pan
assignment4_topicstop_20261008_194514,35.506,1791456355.392218,970,1791456355.165203,camera_color_optical_frame,1,0.3970,0.8079,0.00311,0.037,1,IDLE,disabled,0.000,0.000,deg/s,joint_states,-0.260,0.440,0.000,0.000,0.734,-0.149,-0.235,0.375,0.785,-11.505,17.395,,pan
assignment4_topicstop_20261008_194514,35.528,1791456355.415494,971,1791456355.198558,camera_color_optical_frame,1,0.3972,0.8081,0.00316,0.019,1,IDLE,disabled,0.000,0.000,deg/s,joint_states,-0.260,0.440,0.000,0.000,0.750,-0.154,-0.240,0.379,0.787,-11.608,17.414,,pan
assignment4_topicstop_20261008_194514,35.546,1791456355.432587,972,1791456355.231914,camera_color_optical_frame,1,0.3971,0.8079,0.00314,0.010,1,IDLE,disabled,0.000,0.000,deg/s,joint_states,-0.260,0.440,0.000,0.000,0.748,-0.158,-0.240,0.390,0.788,-11.941,17.415,,pan
assignment4_topicstop_20261008_194514,35.567,1791456355.453226,972,1791456355.231914,camera_color_optical_frame,1,0.3971,0.8079,0.00314,0.031,1,IDLE,disabled,0.000,0.000,deg/s,joint_states,-0.260,0.440,0.000,0.000,0.749,-0.159,-0.240,0.391,0.788,-11.957,17.415,,pan
assignment4_topicstop_20261008_194514,35.586,1791456355.472365,973,1791456355.265269,camera_color_optical_frame,1,0.3972,0.8078,0.00317,0.013,1,IDLE,disabled,0.000,0.000,deg/s,joint_states,-0.260,0.440,0.000,0.000,0.733,-0.153,-0.235,0.385,0.786,-11.782,17.396,,pan
assignment4_topicstop_20261008_194514,35.606,1791456355.491553,973,1791456355.265269,camera_color_optical_frame,1,0.3972,0.8078,0.00317,0.033,1,IDLE,disabled,0.000,0.000,deg/s,joint_states,-0.260,0.440,0.000,0.000,0.733,-0.153,-0.234,0.385,0.786,-11.785,17.394,,pan
assignment4_topicstop_20261008_194514,35.627,1791456355.513463,974,1791456355.298625,camera_color_optical_frame,1,0.3970,0.8081,0.00318,0.017,1,IDLE,disabled,0.000,0.000,deg/s,joint_states,-0.260,0.440,0.000,0.000,0.736,-0.152,-0.236,0.381,0.788,-11.659,17.439,,pan
assignment4_topicstop_20261008_194514,35.646,1791456355.532176,974,1791456355.298625,camera_color_optical_frame,1,0.3970,0.8081,0.00318,0.036,1,IDLE,disabled,0.000,0.000,deg/s,joint_states,-0.260,0.440,0.000,0.000,0.735,-0.152,-0.236,0.380,0.788,-11.651,17.440,,pan
assignment4_topicstop_20261008_194514,35.670,1791456355.557938,976,1791456355.365336,camera_color_optical_frame,1,0.3967,0.8089,0.00317,0.008,0,IDLE,disabled,0.000,0.000,deg/s,joint_states,-0.260,0.440,0.000,0.000,0.508,-0.112,-0.171,0.408,0.829,-12.470,18.215,,pan
assignment4_topicstop_20261008_194514,35.687,1791456355.576539,977,1791456355.432047,camera_color_optical_frame,1,0.3977,0.8084,0.00312,0.007,0,IDLE,disabled,0.000,0.000,deg/s,joint_states,-0.260,0.440,0.000,0.000,0.598,-0.129,-0.198,0.400,0.813,-12.221,17.915,,pan
assignment4_topicstop_20261008_194514,35.706,1791456355.591972,978,1791456355.465402,camera_color_optical_frame,1,0.3969,0.8084,0.00312,0.006,0,IDLE,disabled,0.000,0.000,deg/s,joint_states,-0.260,0.440,0.000,0.000,0.598,-0.129,-0.196,0.397,0.808,-12.141,17.811,,pan
assignment4_topicstop_20261008_194514,35.727,1791456355.611950,979,1791456355.532113,camera_color_optical_frame,1,0.3974,0.8083,0.00313,0.016,0,IDLE,disabled,0.000,0.000,deg/s,joint_states,-0.350,0.440,0.000,0.000,0.598,-0.130,-0.197,0.399,0.808,-12.269,17.819,,pan
assignment4_topicstop_20261008_194514,35.746,1791456355.631499,979,1791456355.532113,camera_color_optical_frame,1,0.3974,0.8083,0.00313,0.035,0,IDLE,disabled,0.000,0.000,deg/s,joint_states,-0.350,0.440,0.000,0.000,0.598,-0.130,-0.197,0.399,0.808,-12.287,17.818,,pan
assignment4_topicstop_20261008_194514,35.766,1791456355.653911,979,1791456355.532113,camera_color_optical_frame,1,0.3974,0.8083,0.00313,0.055,0,IDLE,disabled,0.000,0.000,deg/s,joint_states,-0.350,0.440,0.000,0.000,0.598,-0.130,-0.197,0.400,0.808,-12.306,17.817,,pan
assignment4_topicstop_20261008_194514,35.797,1791456355.684364,980,1791456355.565469,camera_color_optical_frame,1,0.3973,0.8080,0.00315,0.025,1,IDLE,disabled,0.000,0.000,deg/s,joint_states,-0.260,0.440,0.000,0.000,0.735,-0.154,-0.236,0.386,0.787,-11.821,17.419,,pan
assignment4_topicstop_20261008_194514,35.809,1791456355.697177,980,1791456355.565469,camera_color_optical_frame,1,0.3973,0.8080,0.00315,0.037,1,IDLE,disabled,0.000,0.000,deg/s,joint_states,-0.260,0.530,0.000,0.000,0.735,-0.154,-0.236,0.386,0.783,-11.821,17.419,,pan
assignment4_topicstop_20261008_194514,35.832,1791456355.718680,981,1791456355.598824,camera_color_optical_frame,1,0.3974,0.8077,0.00313,0.006,1,IDLE,disabled,0.000,0.000,deg/s,joint_states,-0.260,0.530,0.000,0.000,0.792,-0.164,-0.252,0.382,0.776,-11.700,17.285,,pan
assignment4_topicstop_20261008_194514,35.849,1791456355.741687,982,1791456355.632179,camera_color_optical_frame,1,0.3970,0.8084,0.00319,0.008,1,IDLE,disabled,0.000,0.000,deg/s,joint_states,-0.350,0.440,0.000,0.000,0.735,-0.154,-0.236,0.383,0.788,-11.826,17.438,,pan
assignment4_topicstop_20261008_194514,35.866,1791456355.753267,982,1791456355.632179,camera_color_optical_frame,1,0.3970,0.8084,0.00319,0.026,1,IDLE,disabled,0.000,0.000,deg/s,joint_states,-0.350,0.440,0.000,0.000,0.735,-0.154,-0.236,0.383,0.788,-11.827,17.440,,pan
assignment4_topicstop_20261008_194514,35.897,1791456355.783608,983,1791456355.665535,camera_color_optical_frame,1,0.3966,0.8077,0.00318,0.022,1,IDLE,disabled,0.000,0.000,deg/s,joint_states,-0.260,0.440,0.000,0.000,0.745,-0.152,-0.239,0.378,0.788,-11.568,17.447,,pan
assignment4_topicstop_20261008_194514,35.907,1791456355.792943,983,1791456355.665535,camera_color_optical_frame,1,0.3966,0.8077,0.00318,0.032,1,IDLE,disabled,0.000,0.000,deg/s,joint_states,-0.260,0.440,0.000,0.000,0.745,-0.152,-0.239,0.377,0.788,-11.554,17.449,,pan
assignment4_topicstop_20261008_194514,35.931,1791456355.817394,984,1791456355.698890,camera_color_optical_frame,1,0.3974,0.8080,0.00315,0.021,1,IDLE,disabled,0.000,0.000,deg/s,joint_states,-0.260,0.440,0.000,0.000,0.746,-0.156,-0.240,0.386,0.789,-11.805,17.454,,pan
assignment4_topicstop_20261008_194514,35.946,1791456355.833120,985,1791456355.732245,camera_color_optical_frame,1,0.3971,0.8082,0.00314,0.009,1,IDLE,disabled,0.000,0.000,deg/s,joint_states,-0.260,0.440,0.000,0.000,0.734,-0.154,-0.235,0.388,0.788,-11.880,17.420,,pan
assignment4_topicstop_20261008_194514,35.968,1791456355.853430,985,1791456355.732245,camera_color_optical_frame,1,0.3971,0.8082,0.00314,0.031,1,IDLE,disabled,0.000,0.000,deg/s,joint_states,-0.260,0.440,0.000,0.000,0.734,-0.155,-0.235,0.389,0.788,-11.901,17.419,,pan
assignment4_topicstop_20261008_194514,35.991,1791456355.877336,986,1791456355.765601,camera_color_optical_frame,1,0.3975,0.8088,0.00308,0.020,1,IDLE,disabled,0.000,0.000,deg/s,joint_states,-0.260,0.440,0.000,0.000,0.745,-0.153,-0.239,0.380,0.787,-11.635,17.430,,pan
assignment4_topicstop_20261008_194514,36.006,1791456355.890741,987,1791456355.798956,camera_color_optical_frame,1,0.3968,0.8080,0.00318,0.012,0,IDLE,disabled,0.000,0.000,deg/s,joint_states,-0.260,0.440,0.000,0.000,0.555,-0.121,-0.184,0.402,0.816,-12.270,17.977,,pan
assignment4_topicstop_20261008_194514,36.030,1791456355.917283,987,1791456355.798956,camera_color_optical_frame,1,0.3968,0.8080,0.00318,0.036,0,IDLE,disabled,0.000,0.000,deg/s,joint_states,-0.260,0.440,0.000,0.000,0.543,-0.119,-0.181,0.403,0.819,-12.312,18.025,,pan
assignment4_topicstop_20261008_194514,36.047,1791456355.933349,988,1791456355.832312,camera_color_optical_frame,1,0.3969,0.8081,0.00311,0.011,1,IDLE,disabled,0.000,0.000,deg/s,joint_states,-0.350,0.440,0.000,0.000,0.734,-0.152,-0.235,0.379,0.786,-11.708,17.399,,pan
assignment4_topicstop_20261008_194514,36.068,1791456355.954098,988,1791456355.832312,camera_color_optical_frame,1,0.3969,0.8081,0.00311,0.032,1,IDLE,disabled,0.000,0.000,deg/s,joint_states,-0.350,0.440,0.000,0.000,0.733,-0.152,-0.235,0.379,0.786,-11.703,17.395,,pan
assignment4_topicstop_20261008_194514,36.088,1791456355.976316,989,1791456355.865667,camera_color_optical_frame,1,0.3973,0.8084,0.00311,0.014,1,IDLE,disabled,0.000,0.000,deg/s,joint_states,-0.260,0.440,0.000,0.000,0.792,-0.163,-0.252,0.380,0.782,-11.640,17.322,,pan
assignment4_topicstop_20261008_194514,36.106,1791456355.992451,989,1791456355.865667,camera_color_optical_frame,1,0.3973,0.8084,0.00311,0.033,1,IDLE,disabled,0.000,0.000,deg/s,joint_states,-0.260,0.440,0.000,0.000,0.801,-0.165,-0.255,0.379,0.781,-11.623,17.305,,pan
assignment4_topicstop_20261008_194514,36.127,1791456356.014215,990,1791456355.899022,camera_color_optical_frame,1,0.3974,0.8091,0.00313,0.014,1,IDLE,disabled,0.000,0.000,deg/s,joint_states,-0.260,0.530,0.000,0.000,0.736,-0.153,-0.237,0.384,0.786,-11.766,17.473,,pan
assignment4_topicstop_20261008_194514,36.146,1791456356.032308,990,1791456355.899022,camera_color_optical_frame,1,0.3974,0.8091,0.00313,0.034,1,IDLE,disabled,0.000,0.000,deg/s,joint_states,-0.350,0.440,0.000,0.000,0.736,-0.153,-0.237,0.381,0.790,-11.770,17.479,,pan
assignment4_topicstop_20261008_194514,36.167,1791456356.053654,991,1791456355.932377,camera_color_optical_frame,1,0.3976,0.8082,0.00310,0.017,1,IDLE,disabled,0.000,0.000,deg/s,joint_states,-0.350,0.440,0.000,0.000,0.722,-0.152,-0.231,0.386,0.787,-11.906,17.414,,pan
assignment4_topicstop_20261008_194514,36.188,1791456356.074367,992,1791456355.965733,camera_color_optical_frame,1,0.3966,0.8085,0.00319,0.010,1,IDLE,disabled,0.000,0.000,deg/s,joint_states,-0.350,0.440,0.000,0.000,0.742,-0.157,-0.238,0.386,0.787,-11.916,17.411,,pan
assignment4_topicstop_20261008_194514,36.207,1791456356.093708,992,1791456355.965733,camera_color_optical_frame,1,0.3966,0.8085,0.00319,0.029,1,IDLE,disabled,0.000,0.000,deg/s,joint_states,-0.260,0.440,0.000,0.000,0.743,-0.157,-0.238,0.390,0.787,-11.934,17.408,,pan
assignment4_topicstop_20261008_194514,36.230,1791456356.116545,993,1791456355.999089,camera_color_optical_frame,1,0.3967,0.8066,0.00317,0.015,1,IDLE,disabled,0.000,0.000,deg/s,joint_states,-0.350,0.440,0.000,0.000,0.748,-0.154,-0.241,0.376,0.792,-11.612,17.531,,pan
assignment4_topicstop_20261008_194514,36.247,1791456356.132552,993,1791456355.999089,camera_color_optical_frame,1,0.3967,0.8066,0.00317,0.032,1,IDLE,disabled,0.000,0.000,deg/s,joint_states,-0.260,0.440,0.000,0.000,0.749,-0.154,-0.242,0.378,0.793,-11.596,17.541,,pan
assignment4_topicstop_20261008_194514,36.269,1791456356.156478,994,1791456356.032445,camera_color_optical_frame,1,0.3972,0.8092,0.00314,0.018,1,IDLE,disabled,0.000,0.000,deg/s,joint_states,-0.260,0.530,0.000,0.000,0.740,-0.154,-0.238,0.383,0.785,-11.747,17.470,,pan
assignment4_topicstop_20261008_194514,36.287,1791456356.172063,995,1791456356.065801,camera_color_optical_frame,1,0.3975,0.8095,0.00311,0.005,1,IDLE,disabled,0.000,0.000,deg/s,joint_states,-0.260,0.440,0.000,0.000,0.731,-0.153,-0.235,0.387,0.790,-11.844,17.470,,pan
assignment4_topicstop_20261008_194514,36.309,1791456356.195253,995,1791456356.065801,camera_color_optical_frame,1,0.3975,0.8095,0.00311,0.027,1,IDLE,disabled,0.000,0.000,deg/s,joint_states,-0.260,0.440,0.000,0.000,0.730,-0.153,-0.235,0.387,0.790,-11.847,17.475,,pan
assignment4_topicstop_20261008_194514,36.326,1791456356.213413,996,1791456356.099157,camera_color_optical_frame,1,0.3972,0.8079,0.00316,0.009,1,IDLE,disabled,0.000,0.000,deg/s,joint_states,-0.350,0.440,0.000,0.000,0.737,-0.155,-0.235,0.384,0.785,-11.852,17.372,,pan
assignment4_topicstop_20261008_194514,36.348,1791456356.233637,996,1791456356.099157,camera_color_optical_frame,1,0.3972,0.8079,0.00316,0.031,1,IDLE,disabled,0.000,0.000,deg/s,joint_states,-0.350,0.440,0.000,0.000,0.736,-0.155,-0.235,0.384,0.785,-11.860,17.364,,pan
assignment4_topicstop_20261008_194514,36.367,1791456356.254535,997,1791456356.132514,camera_color_optical_frame,1,0.3965,0.8079,0.00320,0.015,1,IDLE,disabled,0.000,0.000,deg/s,joint_states,-0.260,0.440,0.000,0.000,0.741,-0.151,-0.238,0.376,0.789,-11.534,17.475,,pan
assignment4_topicstop_20261008_194514,36.386,1791456356.271353,997,1791456356.132514,camera_color_optical_frame,1,0.3965,0.8079,0.00320,0.033,1,IDLE,disabled,0.000,0.000,deg/s,joint_states,-0.350,0.440,0.000,0.000,0.742,-0.151,-0.238,0.372,0.789,-11.506,17.478,,pan
assignment4_topicstop_20261008_194514,36.413,1791456356.299390,998,1791456356.165870,camera_color_optical_frame,1,0.3974,0.8082,0.00313,0.023,1,IDLE,disabled,0.000,0.000,deg/s,joint_states,-0.260,0.530,0.000,0.000,0.736,-0.151,-0.236,0.379,0.783,-11.614,17.432,,pan
assignment4_topicstop_20261008_194514,36.430,1791456356.316376,999,1791456356.199226,camera_color_optical_frame,1,0.3969,0.8082,0.00316,0.007,1,IDLE,disabled,0.000,0.000,deg/s,joint_states,-0.260,0.440,0.000,0.000,0.740,-0.157,-0.236,0.391,0.785,-11.950,17.358,,pan
assignment4_topicstop_20261008_194514,36.447,1791456356.333062,999,1791456356.199226,camera_color_optical_frame,1,0.3969,0.8082,0.00316,0.024,1,IDLE,disabled,0.000,0.000,deg/s,joint_states,-0.260,0.440,0.000,0.000,0.740,-0.157,-0.236,0.391,0.784,-11.971,17.349,,pan
assignment4_topicstop_20261008_194514,36.468,1791456356.354394,1000,1791456356.232582,camera_color_optical_frame,1,0.3970,0.8080,0.00318,0.009,1,IDLE,disabled,0.000,0.000,deg/s,joint_states,-0.260,0.530,0.000,0.000,0.745,-0.156,-0.239,0.387,0.783,-11.852,17.414,,pan
assignment4_topicstop_20261008_194514,36.487,1791456356.372967,1000,1791456356.232582,camera_color_optical_frame,1,0.3970,0.8080,0.00318,0.028,1,IDLE,disabled,0.000,0.000,deg/s,joint_states,-0.350,0.440,0.000,0.000,0.746,-0.157,-0.239,0.385,0.787,-11.863,17.413,,pan
assignment4_topicstop_20261008_194514,36.507,1791456356.395796,1001,1791456356.265938,camera_color_optical_frame,1,0.3969,0.8076,0.00319,0.015,1,IDLE,disabled,0.000,0.000,deg/s,joint_states,-0.350,0.440,0.000,0.000,0.732,-0.153,-0.235,0.383,0.787,-11.820,17.424,,pan
assignment4_topicstop_20261008_194514,36.529,1791456356.415127,1002,1791456356.299294,camera_color_optical_frame,1,0.3966,0.8074,0.00322,0.005,1,IDLE,disabled,0.000,0.000,deg/s,joint_states,-0.350,0.440,0.000,0.000,0.732,-0.151,-0.235,0.376,0.787,-11.615,17.430,,pan
assignment4_topicstop_20261008_194514,36.546,1791456356.432795,1002,1791456356.299294,camera_color_optical_frame,1,0.3966,0.8074,0.00322,0.023,1,IDLE,disabled,0.000,0.000,deg/s,joint_states,-0.260,0.440,0.000,0.000,0.732,-0.150,-0.235,0.379,0.787,-11.599,17.431,,pan
assignment4_topicstop_20261008_194514,36.571,1791456356.459005,1003,1791456356.332650,camera_color_optical_frame,1,0.3967,0.8088,0.00321,0.011,1,IDLE,disabled,0.000,0.000,deg/s,joint_states,-0.350,0.440,0.000,0.000,0.745,-0.153,-0.241,0.375,0.796,-11.579,17.610,,pan
assignment4_topicstop_20261008_194514,36.586,1791456356.472678,1003,1791456356.332650,camera_color_optical_frame,1,0.3967,0.8088,0.00321,0.026,1,IDLE,disabled,0.000,0.000,deg/s,joint_states,-0.350,0.440,0.000,0.000,0.746,-0.153,-0.242,0.374,0.797,-11.561,17.625,,pan
assignment4_topicstop_20261008_194514,36.606,1791456356.494183,1004,1791456356.366006,camera_color_optical_frame,1,0.3972,0.8082,0.00315,0.010,1,IDLE,disabled,0.000,0.000,deg/s,joint_states,-0.350,0.440,0.000,0.000,0.737,-0.157,-0.236,0.390,0.788,-12.027,17.422,,pan
assignment4_topicstop_20261008_194514,36.627,1791456356.513245,1004,1791456356.366006,camera_color_optical_frame,1,0.3972,0.8082,0.00315,0.031,1,IDLE,disabled,0.000,0.000,deg/s,joint_states,-0.260,0.440,0.000,0.000,0.737,-0.157,-0.236,0.394,0.788,-12.060,17.422,,pan
assignment4_topicstop_20261008_194514,36.646,1791456356.532484,1005,1791456356.399362,camera_color_optical_frame,1,0.3967,0.8087,0.00320,0.015,1,IDLE,disabled,0.000,0.000,deg/s,joint_states,-0.260,0.440,0.000,0.000,0.740,-0.154,-0.237,0.385,0.789,-11.775,17.445,,pan
assignment4_topicstop_20261008_194514,36.669,1791456356.556012,1006,1791456356.432719,camera_color_optical_frame,1,0.3972,0.8096,0.00313,0.005,1,IDLE,disabled,0.000,0.000,deg/s,joint_states,-0.350,0.530,0.000,0.000,0.734,-0.154,-0.237,0.383,0.787,-11.835,17.499,,pan
assignment4_topicstop_20261008_194514,36.686,1791456356.571714,1006,1791456356.432719,camera_color_optical_frame,1,0.3972,0.8096,0.00313,0.022,1,IDLE,disabled,0.000,0.000,deg/s,joint_states,-0.350,0.530,0.000,0.000,0.734,-0.154,-0.237,0.383,0.787,-11.835,17.506,,pan
assignment4_topicstop_20261008_194514,36.707,1791456356.595651,1007,1791456356.466074,camera_color_optical_frame,1,0.3976,0.8097,0.00312,0.013,1,IDLE,disabled,0.000,0.000,deg/s,joint_states,-0.260,0.440,0.000,0.000,0.735,-0.157,-0.237,0.393,0.791,-12.024,17.486,,pan
assignment4_topicstop_20261008_194514,36.727,1791456356.613470,1007,1791456356.466074,camera_color_optical_frame,1,0.3976,0.8097,0.00312,0.033,1,IDLE,disabled,0.000,0.000,deg/s,joint_states,-0.260,0.440,0.000,0.000,0.735,-0.157,-0.237,0.394,0.792,-12.053,17.491,,pan
assignment4_topicstop_20261008_194514,36.747,1791456356.633783,1008,1791456356.499430,camera_color_optical_frame,1,0.3972,0.8101,0.00316,0.016,1,IDLE,disabled,0.000,0.000,deg/s,joint_states,-0.260,0.440,0.000,0.000,0.743,-0.153,-0.239,0.379,0.790,-11.610,17.481,,pan
assignment4_topicstop_20261008_194514,36.767,1791456356.652738,1009,1791456356.532786,camera_color_optical_frame,1,0.3966,0.8081,0.00319,0.008,1,IDLE,disabled,0.000,0.000,deg/s,joint_states,-0.350,0.440,0.000,0.000,0.737,-0.152,-0.237,0.377,0.790,-11.631,17.486,,pan
assignment4_topicstop_20261008_194514,36.788,1791456356.673957,1009,1791456356.532786,camera_color_optical_frame,1,0.3966,0.8081,0.00319,0.029,1,IDLE,disabled,0.000,0.000,deg/s,joint_states,-0.350,0.440,0.000,0.000,0.737,-0.151,-0.237,0.376,0.790,-11.607,17.490,,pan
assignment4_topicstop_20261008_194514,36.809,1791456356.699156,1010,1791456356.566142,camera_color_optical_frame,1,0.3975,0.8083,0.00307,0.012,1,IDLE,disabled,0.000,0.000,deg/s,joint_states,-0.350,0.440,0.000,0.000,0.747,-0.155,-0.239,0.380,0.784,-11.734,17.357,,pan
assignment4_topicstop_20261008_194514,36.828,1791456356.714263,1010,1791456356.566142,camera_color_optical_frame,1,0.3975,0.8083,0.00307,0.032,1,IDLE,disabled,0.000,0.000,deg/s,joint_states,-0.260,0.440,0.000,0.000,0.748,-0.155,-0.239,0.383,0.784,-11.732,17.347,,pan
assignment4_topicstop_20261008_194514,36.850,1791456356.736033,1011,1791456356.599498,camera_color_optical_frame,1,0.3966,0.8071,0.00319,0.017,1,IDLE,disabled,0.000,0.000,deg/s,joint_states,-0.350,0.440,0.000,0.000,0.735,-0.151,-0.233,0.377,0.779,-11.633,17.271,,pan
assignment4_topicstop_20261008_194514,36.867,1791456356.753320,1012,1791456356.632854,camera_color_optical_frame,1,0.3972,0.8076,0.00314,0.007,1,IDLE,disabled,0.000,0.000,deg/s,joint_states,-0.260,0.440,0.000,0.000,0.733,-0.154,-0.234,0.387,0.786,-11.845,17.384,,pan
assignment4_topicstop_20261008_194514,36.886,1791456356.772621,1012,1791456356.632854,camera_color_optical_frame,1,0.3972,0.8076,0.00314,0.026,1,IDLE,disabled,0.000,0.000,deg/s,joint_states,-0.260,0.440,0.000,0.000,0.732,-0.154,-0.234,0.387,0.786,-11.854,17.380,,pan
assignment4_topicstop_20261008_194514,36.912,1791456356.800645,1013,1791456356.666210,camera_color_optical_frame,1,0.3970,0.8080,0.00317,0.011,1,IDLE,disabled,0.000,0.000,deg/s,joint_states,-0.350,0.440,0.000,0.000,0.751,-0.156,-0.241,0.381,0.789,-11.767,17.452,,pan
assignment4_topicstop_20261008_194514,36.927,1791456356.813160,1014,1791456356.699566,camera_color_optical_frame,1,0.3976,0.8087,0.00314,0.004,1,IDLE,disabled,0.000,0.000,deg/s,joint_states,-0.350,0.440,0.000,0.000,0.747,-0.155,-0.240,0.380,0.789,-11.738,17.465,,pan
assignment4_topicstop_20261008_194514,36.947,1791456356.835150,1014,1791456356.699566,camera_color_optical_frame,1,0.3976,0.8087,0.00314,0.024,1,IDLE,disabled,0.000,0.000,deg/s,joint_states,-0.260,0.440,0.000,0.000,0.747,-0.155,-0.240,0.383,0.790,-11.733,17.471,,pan
assignment4_topicstop_20261008_194514,36.971,1791456356.859439,1015,1791456356.732922,camera_color_optical_frame,1,0.3973,0.8074,0.00311,0.007,1,IDLE,disabled,0.000,0.000,deg/s,joint_states,-0.260,0.440,0.000,0.000,0.727,-0.153,-0.233,0.388,0.786,-11.883,17.380,,pan
assignment4_topicstop_20261008_194514,36.988,1791456356.874352,1015,1791456356.732922,camera_color_optical_frame,1,0.3973,0.8074,0.00311,0.024,1,IDLE,disabled,0.000,0.000,deg/s,joint_states,-0.260,0.440,0.000,0.000,0.726,-0.153,-0.232,0.389,0.786,-11.897,17.376,,pan
assignment4_topicstop_20261008_194514,37.009,1791456356.895643,1016,1791456356.766278,camera_color_optical_frame,1,0.3970,0.8079,0.00317,0.014,1,IDLE,disabled,0.000,0.000,deg/s,joint_states,-0.350,0.440,0.000,0.000,0.738,-0.156,-0.236,0.387,0.786,-11.937,17.386,,pan
assignment4_topicstop_20261008_194514,37.027,1791456356.912920,1016,1791456356.766278,camera_color_optical_frame,1,0.3970,0.8079,0.00317,0.032,1,IDLE,disabled,0.000,0.000,deg/s,joint_states,-0.350,0.440,0.000,0.000,0.738,-0.156,-0.236,0.388,0.786,-11.954,17.382,,pan
assignment4_topicstop_20261008_194514,37.047,1791456356.935368,1017,1791456356.799634,camera_color_optical_frame,1,0.3971,0.8081,0.00318,0.013,1,IDLE,disabled,0.000,0.000,deg/s,joint_states,-0.350,0.440,0.000,0.000,0.735,-0.153,-0.235,0.380,0.786,-11.737,17.406,,pan
assignment4_topicstop_20261008_194514,37.071,1791456356.957960,1018,1791456356.832989,camera_color_optical_frame,1,0.3967,0.8081,0.00320,0.006,1,IDLE,disabled,0.000,0.000,deg/s,joint_states,-0.260,0.440,0.000,0.000,0.744,-0.152,-0.238,0.377,0.787,-11.539,17.433,,pan
assignment4_topicstop_20261008_194514,37.091,1791456356.978391,1018,1791456356.832989,camera_color_optical_frame,1,0.3967,0.8081,0.00320,0.026,1,IDLE,disabled,0.000,0.000,deg/s,joint_states,-0.260,0.440,0.000,0.000,0.744,-0.152,-0.238,0.376,0.787,-11.508,17.435,,pan
assignment4_topicstop_20261008_194514,37.107,1791456356.993612,1019,1791456356.866346,camera_color_optical_frame,1,0.3973,0.8091,0.00310,0.010,1,IDLE,disabled,0.000,0.000,deg/s,joint_states,-0.260,0.440,0.000,0.000,0.735,-0.155,-0.237,0.390,0.791,-11.917,17.476,,pan
assignment4_topicstop_20261008_194514,37.128,1791456357.013572,1019,1791456356.866346,camera_color_optical_frame,1,0.3973,0.8091,0.00310,0.030,1,IDLE,disabled,0.000,0.000,deg/s,joint_states,-0.260,0.440,0.000,0.000,0.735,-0.155,-0.237,0.390,0.791,-11.935,17.482,,pan
assignment4_topicstop_20261008_194514,37.154,1791456357.041063,1020,1791456356.899702,camera_color_optical_frame,1,0.3969,0.8075,0.00320,0.017,1,IDLE,disabled,0.000,0.000,deg/s,joint_states,-0.260,0.440,0.000,0.000,0.732,-0.154,-0.234,0.390,0.786,-11.918,17.381,,pan
assignment4_topicstop_20261008_194514,37.166,1791456357.052136,1020,1791456356.899702,camera_color_optical_frame,1,0.3969,0.8075,0.00320,0.030,1,IDLE,disabled,0.000,0.000,deg/s,joint_states,-0.260,0.440,0.000,0.000,0.731,-0.155,-0.234,0.390,0.786,-11.930,17.379,,pan
assignment4_topicstop_20261008_194514,37.190,1791456357.077384,1021,1791456356.933053,camera_color_optical_frame,1,0.3972,0.8079,0.00315,0.018,1,IDLE,disabled,0.000,0.000,deg/s,joint_states,-0.350,0.440,0.000,0.000,0.750,-0.154,-0.240,0.376,0.784,-11.612,17.366,,pan
assignment4_topicstop_20261008_194514,37.208,1791456357.093374,1022,1791456356.966413,camera_color_optical_frame,1,0.3971,0.8073,0.00317,0.005,1,IDLE,disabled,0.000,0.000,deg/s,joint_states,-0.350,0.440,0.000,0.000,0.744,-0.154,-0.238,0.379,0.786,-11.710,17.394,,pan
assignment4_topicstop_20261008_194514,37.226,1791456357.111932,1022,1791456356.966413,camera_color_optical_frame,1,0.3971,0.8073,0.00317,0.024,1,IDLE,disabled,0.000,0.000,deg/s,joint_states,-0.350,0.440,0.000,0.000,0.745,-0.154,-0.238,0.379,0.786,-11.703,17.393,,pan
assignment4_topicstop_20261008_194514,37.247,1791456357.133741,1023,1791456356.999773,camera_color_optical_frame,1,0.3968,0.8070,0.00319,0.013,1,IDLE,disabled,0.000,0.000,deg/s,joint_states,-0.260,0.440,0.000,0.000,0.733,-0.152,-0.234,0.382,0.784,-11.695,17.362,,pan
assignment4_topicstop_20261008_194514,37.267,1791456357.153295,1023,1791456356.999773,camera_color_optical_frame,1,0.3968,0.8070,0.00319,0.033,1,IDLE,disabled,0.000,0.000,deg/s,joint_states,-0.260,0.440,0.000,0.000,0.732,-0.151,-0.234,0.382,0.784,-11.690,17.356,,pan
assignment4_topicstop_20261008_194514,37.294,1791456357.179768,1024,1791456357.033132,camera_color_optical_frame,1,0.3973,0.8072,0.00315,0.022,1,IDLE,disabled,0.000,0.000,deg/s,joint_states,-0.350,0.440,0.000,0.000,0.734,-0.155,-0.235,0.387,0.786,-11.939,17.379,,pan
assignment4_topicstop_20261008_194514,37.306,1791456357.191879,1025,1791456357.066492,camera_color_optical_frame,1,0.3973,0.8077,0.00314,0.007,1,IDLE,disabled,0.000,0.000,deg/s,joint_states,-0.350,0.440,0.000,0.000,0.744,-0.157,-0.239,0.388,0.789,-11.952,17.439,,pan
assignment4_topicstop_20261008_194514,37.332,1791456357.217736,1025,1791456357.066492,camera_color_optical_frame,1,0.3973,0.8077,0.00314,0.032,1,IDLE,disabled,0.000,0.000,deg/s,joint_states,-0.350,0.440,0.000,0.000,0.744,-0.158,-0.239,0.389,0.789,-11.982,17.444,,pan
assignment4_topicstop_20261008_194514,37.346,1791456357.231921,1026,1791456357.099852,camera_color_optical_frame,1,0.3973,0.8090,0.00313,0.008,1,IDLE,disabled,0.000,0.000,deg/s,joint_states,-0.260,0.440,0.000,0.000,0.739,-0.151,-0.238,0.378,0.791,-11.584,17.509,,pan
assignment4_topicstop_20261008_194514,37.370,1791456357.255337,1026,1791456357.099852,camera_color_optical_frame,1,0.3973,0.8090,0.00313,0.032,1,IDLE,disabled,0.000,0.000,deg/s,joint_states,-0.260,0.440,0.000,0.000,0.739,-0.151,-0.238,0.377,0.792,-11.555,17.522,,pan
assignment4_topicstop_20261008_194514,37.388,1791456357.276676,1027,1791456357.133212,camera_color_optical_frame,1,0.3964,0.8080,0.00322,0.013,1,IDLE,disabled,0.000,0.000,deg/s,joint_states,-0.260,0.440,0.000,0.000,0.732,-0.149,-0.234,0.377,0.787,-11.548,17.432,,pan
assignment4_topicstop_20261008_194514,37.407,1791456357.292075,1027,1791456357.133212,camera_color_optical_frame,1,0.3964,0.8080,0.00322,0.032,1,IDLE,disabled,0.000,0.000,deg/s,joint_states,-0.260,0.440,0.000,0.000,0.731,-0.149,-0.234,0.376,0.787,-11.524,17.434,,pan
assignment4_topicstop_20261008_194514,37.427,1791456357.314049,1028,1791456357.166571,camera_color_optical_frame,1,0.3960,0.8065,0.00324,0.016,1,IDLE,disabled,0.000,0.000,deg/s,joint_states,-0.350,0.440,0.000,0.000,0.738,-0.156,-0.235,0.386,0.781,-11.906,17.288,,pan
assignment4_topicstop_20261008_194514,37.449,1791456357.334372,1029,1791456357.199931,camera_color_optical_frame,1,0.3974,0.8078,0.00315,0.004,1,IDLE,disabled,0.000,0.000,deg/s,joint_states,-0.260,0.440,0.000,0.000,0.749,-0.158,-0.240,0.390,0.787,-11.939,17.407,,pan
assignment4_topicstop_20261008_194514,37.468,1791456357.356730,1029,1791456357.199931,camera_color_optical_frame,1,0.3974,0.8078,0.00315,0.023,1,IDLE,disabled,0.000,0.000,deg/s,joint_states,-0.260,0.440,0.000,0.000,0.750,-0.159,-0.240,0.391,0.787,-11.959,17.406,,pan
assignment4_topicstop_20261008_194514,37.489,1791456357.375266,1030,1791456357.233291,camera_color_optical_frame,1,0.3971,0.8074,0.00318,0.003,1,IDLE,disabled,0.000,0.000,deg/s,joint_states,-0.260,0.440,0.000,0.000,0.739,-0.152,-0.237,0.379,0.788,-11.619,17.436,,pan
assignment4_topicstop_20261008_194514,37.509,1791456357.397179,1030,1791456357.233291,camera_color_optical_frame,1,0.3971,0.8074,0.00318,0.023,1,IDLE,disabled,0.000,0.000,deg/s,joint_states,-0.260,0.440,0.000,0.000,0.739,-0.152,-0.237,0.379,0.788,-11.602,17.440,,pan
assignment4_topicstop_20261008_194514,37.526,1791456357.411394,1031,1791456357.266650,camera_color_optical_frame,1,0.3974,0.8075,0.00315,0.007,1,IDLE,disabled,0.000,0.000,deg/s,joint_states,-0.350,0.440,0.000,0.000,0.726,-0.150,-0.232,0.377,0.785,-11.635,17.391,,pan
assignment4_topicstop_20261008_194514,37.550,1791456357.437531,1031,1791456357.266650,camera_color_optical_frame,1,0.3974,0.8075,0.00315,0.031,1,IDLE,disabled,0.000,0.000,deg/s,joint_states,-0.260,0.440,0.000,0.000,0.724,-0.149,-0.232,0.379,0.785,-11.616,17.389,,pan
assignment4_topicstop_20261008_194514,37.566,1791456357.453671,1032,1791456357.300010,camera_color_optical_frame,1,0.3970,0.8067,0.00319,0.008,1,IDLE,disabled,0.000,0.000,deg/s,joint_states,-0.350,0.440,0.000,0.000,0.745,-0.157,-0.238,0.385,0.784,-11.887,17.359,,pan
assignment4_topicstop_20261008_194514,37.588,1791456357.474586,1032,1791456357.300010,camera_color_optical_frame,1,0.3970,0.8067,0.00319,0.030,1,IDLE,disabled,0.000,0.000,deg/s,joint_states,-0.350,0.440,0.000,0.000,0.745,-0.157,-0.238,0.386,0.784,-11.901,17.355,,pan
assignment4_topicstop_20261008_194514,37.607,1791456357.492415,1033,1791456357.333370,camera_color_optical_frame,1,0.3972,0.8077,0.00316,0.011,1,IDLE,disabled,0.000,0.000,deg/s,joint_states,-0.260,0.440,0.000,0.000,0.743,-0.154,-0.238,0.383,0.787,-11.724,17.419,,pan
assignment4_topicstop_20261008_194514,37.627,1791456357.513070,1033,1791456357.333370,camera_color_optical_frame,1,0.3972,0.8077,0.00316,0.032,1,IDLE,disabled,0.000,0.000,deg/s,joint_states,-0.260,0.440,0.000,0.000,0.744,-0.154,-0.238,0.383,0.787,-11.722,17.420,,pan
assignment4_topicstop_20261008_194514,37.646,1791456357.532080,1034,1791456357.366730,camera_color_optical_frame,1,0.3973,0.8082,0.00314,0.013,1,IDLE,disabled,0.000,0.000,deg/s,joint_states,-0.260,0.440,0.000,0.000,0.737,-0.152,-0.237,0.380,0.791,-11.645,17.496,,pan
assignment4_topicstop_20261008_194514,37.668,1791456357.554263,1034,1791456357.366730,camera_color_optical_frame,1,0.3973,0.8082,0.00314,0.035,1,IDLE,disabled,0.000,0.000,deg/s,joint_states,-0.260,0.440,0.000,0.000,0.737,-0.152,-0.237,0.380,0.791,-11.632,17.506,,pan
assignment4_topicstop_20261008_194514,37.686,1791456357.571920,1035,1791456357.400090,camera_color_optical_frame,1,0.3968,0.8076,0.00320,0.011,1,IDLE,disabled,0.000,0.000,deg/s,joint_states,-0.350,0.440,0.000,0.000,0.731,-0.154,-0.234,0.385,0.787,-11.885,17.411,,pan
assignment4_topicstop_20261008_194514,37.706,1791456357.592027,1035,1791456357.400090,camera_color_optical_frame,1,0.3968,0.8076,0.00320,0.031,1,IDLE,disabled,0.000,0.000,deg/s,joint_states,-0.260,0.440,0.000,0.000,0.730,-0.154,-0.234,0.389,0.787,-11.898,17.411,,pan
assignment4_topicstop_20261008_194514,37.728,1791456357.616771,1036,1791456357.433450,camera_color_optical_frame,1,0.3973,0.8084,0.00313,0.017,1,IDLE,disabled,0.000,0.000,deg/s,joint_states,-0.350,0.440,0.000,0.000,0.739,-0.158,-0.237,0.391,0.789,-12.042,17.436,,pan
assignment4_topicstop_20261008_194514,37.746,1791456357.632214,1036,1791456357.433450,camera_color_optical_frame,1,0.3973,0.8084,0.00313,0.035,1,IDLE,disabled,0.000,0.000,deg/s,joint_states,-0.260,0.440,0.000,0.000,0.739,-0.158,-0.237,0.395,0.789,-12.063,17.437,,pan
assignment4_topicstop_20261008_194514,37.766,1791456357.653949,1037,1791456357.466810,camera_color_optical_frame,1,0.3971,0.8088,0.00317,0.016,1,IDLE,disabled,0.000,0.000,deg/s,joint_states,-0.260,0.440,0.000,0.000,0.733,-0.151,-0.236,0.379,0.791,-11.613,17.499,,pan
assignment4_topicstop_20261008_194514,37.786,1791456357.673511,1037,1791456357.466810,camera_color_optical_frame,1,0.3971,0.8088,0.00317,0.035,1,IDLE,disabled,0.000,0.000,deg/s,joint_states,-0.260,0.440,0.000,0.000,0.733,-0.150,-0.236,0.379,0.791,-11.600,17.506,,pan
assignment4_topicstop_20261008_194514,37.813,1791456357.698028,1038,1791456357.500170,camera_color_optical_frame,1,0.3967,0.8077,0.00322,0.017,1,IDLE,disabled,0.000,0.000,deg/s,joint_states,-0.260,0.440,0.000,0.000,0.740,-0.152,-0.237,0.379,0.787,-11.613,17.414,,pan
assignment4_topicstop_20261008_194514,37.827,1791456357.712994,1038,1791456357.500170,camera_color_optical_frame,1,0.3967,0.8077,0.00322,0.031,1,IDLE,disabled,0.000,0.000,deg/s,joint_states,-0.260,0.440,0.000,0.000,0.740,-0.152,-0.237,0.379,0.787,-11.605,17.414,,pan
assignment4_topicstop_20261008_194514,37.848,1791456357.734051,1039,1791456357.533530,camera_color_optical_frame,1,0.3973,0.8079,0.00314,0.018,1,IDLE,disabled,0.000,0.000,deg/s,joint_states,-0.260,0.440,0.000,0.000,0.747,-0.156,-0.239,0.384,0.784,-11.764,17.357,,pan
assignment4_topicstop_20261008_194514,37.868,1791456357.758945,1040,1791456357.566890,camera_color_optical_frame,1,0.3969,0.8074,0.00317,0.009,1,IDLE,disabled,0.000,0.000,deg/s,joint_states,-0.260,0.440,0.000,0.000,0.741,-0.155,-0.237,0.385,0.784,-11.787,17.357,,pan
assignment4_topicstop_20261008_194514,37.888,1791456357.775631,1040,1791456357.566890,camera_color_optical_frame,1,0.3969,0.8074,0.00317,0.030,1,IDLE,disabled,0.000,0.000,deg/s,joint_states,-0.260,0.440,0.000,0.000,0.741,-0.155,-0.237,0.385,0.784,-11.791,17.352,,pan
assignment4_topicstop_20261008_194514,37.910,1791456357.797443,1041,1791456357.600250,camera_color_optical_frame,1,0.3969,0.8082,0.00320,0.015,1,IDLE,disabled,0.000,0.000,deg/s,joint_states,-0.260,0.440,0.000,0.000,0.738,-0.155,-0.237,0.388,0.789,-11.886,17.442,,pan
assignment4_topicstop_20261008_194514,37.929,1791456357.815491,1042,1791456357.633610,camera_color_optical_frame,1,0.3968,0.8089,0.00320,0.009,1,IDLE,disabled,0.000,0.000,deg/s,joint_states,-0.350,0.440,0.000,0.000,0.745,-0.154,-0.240,0.378,0.792,-11.660,17.516,,pan
assignment4_topicstop_20261008_194514,37.946,1791456357.833106,1042,1791456357.633610,camera_color_optical_frame,1,0.3968,0.8089,0.00320,0.026,1,IDLE,disabled,0.000,0.000,deg/s,joint_states,-0.350,0.440,0.000,0.000,0.746,-0.154,-0.240,0.377,0.792,-11.654,17.524,,pan
assignment4_topicstop_20261008_194514,37.969,1791456357.858700,1043,1791456357.666970,camera_color_optical_frame,1,0.3971,0.8082,0.00311,0.015,1,IDLE,disabled,0.000,0.000,deg/s,joint_states,-0.260,0.440,0.000,0.000,0.746,-0.153,-0.239,0.379,0.787,-11.613,17.426,,pan
assignment4_topicstop_20261008_194514,37.988,1791456357.876457,1043,1791456357.666970,camera_color_optical_frame,1,0.3971,0.8082,0.00311,0.034,1,IDLE,disabled,0.000,0.000,deg/s,joint_states,-0.350,0.440,0.000,0.000,0.747,-0.153,-0.239,0.376,0.787,-11.601,17.426,,pan
assignment4_topicstop_20261008_194514,38.009,1791456357.895680,1044,1791456357.700330,camera_color_optical_frame,1,0.3967,0.8064,0.00319,0.013,1,IDLE,disabled,0.000,0.000,deg/s,joint_states,-0.350,0.440,0.000,0.000,0.732,-0.152,-0.232,0.379,0.778,-11.713,17.241,,pan
assignment4_topicstop_20261008_194514,38.031,1791456357.917557,1045,1791456357.733691,camera_color_optical_frame,1,0.3970,0.8085,0.00315,0.010,1,IDLE,disabled,0.000,0.000,deg/s,joint_states,-0.260,0.440,0.000,0.000,0.734,-0.153,-0.235,0.383,0.787,-11.742,17.413,,pan
assignment4_topicstop_20261008_194514,38.047,1791456357.933403,1045,1791456357.733691,camera_color_optical_frame,1,0.3970,0.8085,0.00315,0.026,1,IDLE,disabled,0.000,0.000,deg/s,joint_states,-0.260,0.440,0.000,0.000,0.734,-0.152,-0.235,0.384,0.787,-11.742,17.412,,pan
assignment4_topicstop_20261008_194514,38.070,1791456357.959387,1046,1791456357.767051,camera_color_optical_frame,1,0.3968,0.8076,0.00319,0.012,1,IDLE,disabled,0.000,0.000,deg/s,joint_states,-0.260,0.440,0.000,0.000,0.748,-0.159,-0.241,0.392,0.791,-12.002,17.475,,pan
assignment4_topicstop_20261008_194514,38.089,1791456357.977021,1047,1791456357.833771,camera_color_optical_frame,1,0.3965,0.8081,0.00322,0.011,0,IDLE,disabled,0.000,0.000,deg/s,joint_states,-0.350,0.440,0.000,0.000,0.532,-0.116,-0.178,0.401,0.821,-12.347,18.080,,pan
assignment4_topicstop_20261008_194514,38.106,1791456357.992289,1048,1791456357.900492,camera_color_optical_frame,1,0.3969,0.8068,0.00317,0.009,0,IDLE,disabled,0.000,0.000,deg/s,joint_states,-0.260,0.440,0.000,0.000,0.598,-0.129,-0.196,0.397,0.805,-12.133,17.756,,pan
assignment4_topicstop_20261008_194514,38.128,1791456358.022740,1048,1791456357.900492,camera_color_optical_frame,1,0.3969,0.8068,0.00317,0.031,0,LOST,confirming_0/3,0.000,0.000,deg/s,joint_states,-0.260,0.440,0.000,0.000,,,,,,,,,pan
assignment4_topicstop_20261008_194514,38.157,1791456358.049523,1049,1791456357.933852,camera_color_optical_frame,1,0.3965,0.8069,0.00324,0.012,1,LOST,confirming_1/3,0.000,0.000,deg/s,joint_states,-0.260,0.440,0.000,0.000,0.740,-0.154,-0.237,0.383,0.786,-11.730,17.397,,pan
assignment4_topicstop_20261008_194514,38.171,1791456358.061696,1049,1791456357.933852,camera_color_optical_frame,1,0.3965,0.8069,0.00324,0.026,1,LOST,confirming_1/3,0.000,0.000,deg/s,joint_states,-0.350,0.440,0.000,0.000,0.740,-0.154,-0.237,0.380,0.786,-11.730,17.397,,pan
assignment4_topicstop_20261008_194514,38.197,1791456358.083263,1050,1791456357.967212,camera_color_optical_frame,1,0.3971,0.8075,0.00317,0.009,1,LOST,confirming_2/3,0.000,0.000,deg/s,joint_states,-0.260,0.440,0.000,0.000,0.738,-0.154,-0.236,0.384,0.787,-11.755,17.408,,pan
assignment4_topicstop_20261008_194514,38.208,1791456358.094476,1050,1791456357.967212,camera_color_optical_frame,1,0.3971,0.8075,0.00317,0.020,1,LOST,confirming_2/3,0.000,0.000,deg/s,joint_states,-0.350,0.440,0.000,0.000,0.738,-0.154,-0.236,0.381,0.787,-11.755,17.408,,pan
assignment4_topicstop_20261008_194514,38.227,1791456358.122791,1051,1791456358.000572,camera_color_optical_frame,1,0.3968,0.8077,0.00320,0.013,1,TRACKING,reacquired_in_view,-23.683,44.336,deg/s,joint_states,-0.260,0.440,0.000,0.000,0.733,-0.153,-0.235,0.387,0.789,-11.831,17.439,,pan
assignment4_topicstop_20261008_194514,38.246,1791456358.134460,1051,1791456358.000572,camera_color_optical_frame,1,0.3968,0.8077,0.00320,0.032,1,TRACKING,ok,-23.683,44.336,deg/s,joint_states,-0.260,0.440,0.000,0.000,0.732,-0.153,-0.235,0.387,0.789,-11.841,17.443,,pan
assignment4_topicstop_20261008_194514,38.266,1791456358.153928,1052,1791456358.033931,camera_color_optical_frame,1,0.3973,0.8090,0.00315,0.010,1,TRACKING,ok,-23.710,44.401,deg/s,joint_states,-0.350,0.440,0.000,0.000,0.739,-0.154,-0.238,0.381,0.791,-11.752,17.490,,pan
assignment4_topicstop_20261008_194514,38.286,1791456358.172229,1052,1791456358.033931,camera_color_optical_frame,1,0.3973,0.8090,0.00315,0.030,1,TRACKING,ok,-23.710,44.401,deg/s,joint_states,-0.350,0.440,0.000,0.000,0.739,-0.154,-0.238,0.381,0.791,-11.752,17.499,,pan
assignment4_topicstop_20261008_194514,38.307,1791456358.196320,1053,1791456358.067290,camera_color_optical_frame,1,0.3965,0.8080,0.00320,0.012,1,TRACKING,ok,-23.661,44.350,deg/s,joint_states,-0.350,0.440,0.000,0.000,0.746,-0.154,-0.239,0.378,0.787,-11.674,17.431,,pan
assignment4_topicstop_20261008_194514,38.329,1791456358.217568,1053,1791456358.067290,camera_color_optical_frame,1,0.3965,0.8080,0.00320,0.034,1,TRACKING,ok,-23.661,44.350,deg/s,joint_states,-0.350,0.530,0.000,0.000,0.747,-0.154,-0.240,0.378,0.783,-11.664,17.433,,pan
assignment4_topicstop_20261008_194514,38.347,1791456358.236701,1054,1791456358.100649,camera_color_optical_frame,1,0.3968,0.8072,0.00321,0.008,1,TRACKING,ok,-23.682,44.311,deg/s,joint_states,-0.530,0.880,-1.370,1.370,0.750,-0.157,-0.239,0.375,0.761,-11.800,17.336,,pan
assignment4_topicstop_20261008_194514,38.366,1791456358.251461,1054,1791456358.100649,camera_color_optical_frame,1,0.3968,0.8072,0.00321,0.027,1,TRACKING,ok,-23.682,44.311,deg/s,joint_states,-0.880,1.320,-4.120,5.500,0.751,-0.157,-0.239,0.363,0.739,-11.804,17.326,,pan
assignment4_topicstop_20261008_194514,38.387,1791456358.274937,1055,1791456358.134008,camera_color_optical_frame,1,0.3966,0.8064,0.00323,0.017,1,TRACKING,ok,-23.669,44.270,deg/s,joint_states,-1.320,1.930,-9.620,12.370,0.731,-0.155,-0.233,0.351,0.709,-11.944,17.320,,pan
assignment4_topicstop_20261008_194514,38.406,1791456358.291709,1055,1791456358.134008,camera_color_optical_frame,1,0.3966,0.8064,0.00323,0.036,1,TRACKING,ok,-23.669,44.270,deg/s,joint_states,-1.760,2.550,-15.110,20.610,0.730,-0.155,-0.233,0.336,0.678,-11.963,17.311,,pan
assignment4_topicstop_20261008_194514,38.426,1791456358.311443,1056,1791456358.167367,camera_color_optical_frame,1,0.3922,0.8094,0.00303,0.017,1,TRACKING,ok,-23.413,44.424,deg/s,joint_states,-2.290,3.340,-19.240,27.480,0.736,-0.149,-0.238,0.299,0.650,-11.416,17.570,,pan
assignment4_topicstop_20261008_194514,38.446,1791456358.331920,1056,1791456358.167367,camera_color_optical_frame,1,0.3922,0.8094,0.00303,0.037,1,TRACKING,ok,-23.413,44.424,deg/s,joint_states,-2.290,3.340,-19.240,27.480,0.735,-0.148,-0.238,0.298,0.651,-11.381,17.586,,pan
assignment4_topicstop_20261008_194514,38.466,1791456358.351254,1057,1791456358.200726,camera_color_optical_frame,1,0.3783,0.8007,0.00286,0.015,1,TRACKING,ok,-22.607,43.974,deg/s,joint_states,-3.250,5.100,-23.360,37.100,0.746,-0.137,-0.245,0.233,0.580,-10.431,17.907,,pan
assignment4_topicstop_20261008_194514,38.486,1791456358.372046,1057,1791456358.200726,camera_color_optical_frame,1,0.3783,0.8007,0.00286,0.035,1,TRACKING,ok,-22.607,43.974,deg/s,joint_states,-3.250,5.100,-23.360,37.100,0.747,-0.136,-0.246,0.228,0.582,-10.302,17.955,,pan
assignment4_topicstop_20261008_194514,38.506,1791456358.395195,1058,1791456358.234085,camera_color_optical_frame,1,0.3521,0.7842,0.00244,0.012,1,TRACKING,ok,-21.075,43.120,deg/s,joint_states,-4.130,6.860,-21.980,42.590,0.742,-0.130,-0.261,0.187,0.553,-9.971,19.107,,pan
assignment4_topicstop_20261008_194514,38.528,1791456358.413741,1058,1791456358.234085,camera_color_optical_frame,1,0.3521,0.7842,0.00244,0.034,1,TRACKING,ok,-21.075,43.120,deg/s,joint_states,-4.130,6.860,-21.980,42.590,0.742,-0.128,-0.263,0.182,0.560,-9.809,19.264,,pan
assignment4_topicstop_20261008_194514,38.546,1791456358.434906,1059,1791456358.267444,camera_color_optical_frame,1,0.3249,0.7189,0.00210,0.014,1,TRACKING,ok,-19.481,39.723,deg/s,joint_states,-5.100,8.610,-21.980,43.970,0.738,-0.137,-0.243,0.173,0.417,-10.520,17.913,,pan
assignment4_topicstop_20261008_194514,38.568,1791456358.455118,1059,1791456358.267444,camera_color_optical_frame,1,0.3249,0.7189,0.00210,0.035,1,TRACKING,ok,-19.481,39.723,deg/s,joint_states,-5.100,8.610,-21.980,43.970,0.738,-0.136,-0.243,0.171,0.419,-10.440,17.946,,pan
assignment4_topicstop_20261008_194514,38.589,1791456358.482689,1060,1791456358.300804,camera_color_optical_frame,1,0.2969,0.6518,0.00227,0.017,1,TRACKING,ok,-17.833,36.173,deg/s,joint_states,-5.980,10.460,-21.980,43.970,0.718,-0.141,-0.217,0.165,0.271,-11.137,16.530,,pan
assignment4_topicstop_20261008_194514,38.607,1791456358.493968,1060,1791456358.300804,camera_color_optical_frame,1,0.2969,0.6518,0.00227,0.035,1,TRACKING,ok,-17.833,36.173,deg/s,joint_states,-5.980,10.460,-21.980,43.970,0.716,-0.141,-0.215,0.165,0.266,-11.135,16.417,,pan
assignment4_topicstop_20261008_194514,38.630,1791456358.518511,1061,1791456358.334163,camera_color_optical_frame,1,0.2710,0.5870,0.00218,0.017,1,TRACKING,ok,-16.299,32.708,deg/s,joint_states,-6.940,12.480,-21.980,48.090,0.723,-0.148,-0.237,0.146,0.237,-11.563,17.795,,pan
assignment4_topicstop_20261008_194514,38.646,1791456358.532147,1061,1791456358.334163,camera_color_optical_frame,1,0.2710,0.5870,0.00218,0.033,1,TRACKING,ok,-16.299,32.708,deg/s,joint_states,-6.940,12.480,-21.980,48.090,0.722,-0.148,-0.237,0.147,0.238,-11.591,17.804,,pan
assignment4_topicstop_20261008_194514,38.666,1791456358.554051,1062,1791456358.367522,camera_color_optical_frame,1,0.2461,0.5151,0.00212,0.015,1,TRACKING,ok,-14.818,28.820,deg/s,joint_states,-7.380,13.270,-21.980,46.720,0.733,-0.149,-0.239,0.130,0.198,-11.500,17.701,,pan
assignment4_topicstop_20261008_194514,38.686,1791456358.571485,1062,1791456358.367522,camera_color_optical_frame,1,0.2461,0.5151,0.00212,0.035,1,TRACKING,ok,-14.818,28.820,deg/s,joint_states,-8.170,14.500,-20.610,37.100,0.732,-0.149,-0.239,0.106,0.143,-11.528,17.712,,pan
assignment4_topicstop_20261008_194514,38.707,1791456358.596179,1063,1791456358.400882,camera_color_optical_frame,1,0.2229,0.4389,0.00203,0.019,1,TRACKING,ok,-13.431,24.647,deg/s,joint_states,-8.530,15.290,-19.240,34.350,0.718,-0.147,-0.219,0.097,0.059,-11.591,16.609,,pan
assignment4_topicstop_20261008_194514,38.727,1791456358.613664,1064,1791456358.434241,camera_color_optical_frame,1,0.2007,0.3475,0.00191,0.005,1,TRACKING,ok,-12.108,19.582,deg/s,joint_states,-8.880,16.260,-19.240,35.720,0.741,-0.158,-0.208,0.100,-0.040,-12.016,15.341,,pan
assignment4_topicstop_20261008_194514,38.751,1791456358.638155,1064,1791456358.434241,camera_color_optical_frame,1,0.2007,0.3475,0.00191,0.029,1,TRACKING,ok,-12.108,19.582,deg/s,joint_states,-9.320,16.960,-17.860,38.470,0.742,-0.159,-0.205,0.088,-0.081,-12.091,15.117,,pan
assignment4_topicstop_20261008_194514,38.767,1791456358.652115,1065,1791456358.467600,camera_color_optical_frame,1,0.1771,0.2521,0.00213,0.005,1,TRACKING,ok,-10.694,14.252,deg/s,joint_states,-9.670,17.580,-16.490,39.850,0.731,-0.156,-0.188,0.077,-0.152,-12.080,14.131,,pan
assignment4_topicstop_20261008_194514,38.788,1791456358.675730,1065,1791456358.467600,camera_color_optical_frame,1,0.1771,0.2521,0.00213,0.026,1,TRACKING,ok,-10.694,14.252,deg/s,joint_states,-9.930,18.190,-16.490,35.720,0.731,-0.157,-0.184,0.071,-0.191,-12.143,13.850,,pan
assignment4_topicstop_20261008_194514,38.806,1791456358.691344,1066,1791456358.500959,camera_color_optical_frame,1,0.1548,0.1982,0.00250,0.007,1,TRACKING,ok,-9.349,11.219,deg/s,joint_states,-9.930,18.190,-16.490,35.720,0.704,-0.150,-0.211,0.066,-0.081,-12.001,16.334,,pan
assignment4_topicstop_20261008_194514,38.830,1791456358.718326,1066,1791456358.500959,camera_color_optical_frame,1,0.1548,0.1982,0.00250,0.032,1,TRACKING,ok,-9.349,11.219,deg/s,joint_states,-10.550,19.160,-15.110,27.480,0.701,-0.150,-0.209,0.048,-0.127,-12.056,16.268,,pan
assignment4_topicstop_20261008_194514,38.848,1791456358.735566,1067,1791456358.534319,camera_color_optical_frame,1,0.1341,0.1556,0.00237,0.010,1,TRACKING,ok,-8.103,8.811,deg/s,joint_states,-10.810,19.600,-13.740,24.730,0.723,-0.153,-0.237,0.037,-0.080,-11.976,17.780,,pan
assignment4_topicstop_20261008_194514,38.871,1791456358.758340,1067,1791456358.534319,camera_color_optical_frame,1,0.1341,0.1556,0.00237,0.033,1,TRACKING,ok,-8.103,8.811,deg/s,joint_states,-10.990,19.950,-12.370,21.980,0.723,-0.154,-0.238,0.032,-0.091,-12.014,17.884,,pan
assignment4_topicstop_20261008_194514,38.886,1791456358.772857,1068,1791456358.567678,camera_color_optical_frame,1,0.1152,0.0938,0.00223,0.006,1,TRACKING,ok,-6.964,5.316,deg/s,joint_states,-11.160,20.300,-10.990,19.240,0.714,-0.151,-0.218,0.024,-0.163,-11.906,16.600,,pan
assignment4_topicstop_20261008_194514,38.908,1791456358.796834,1068,1791456358.567678,camera_color_optical_frame,1,0.1152,0.0938,0.00223,0.028,1,TRACKING,ok,-6.964,5.316,deg/s,joint_states,-11.160,20.300,-10.990,19.240,0.713,-0.151,-0.217,0.024,-0.164,-11.931,16.582,,pan
assignment4_topicstop_20261008_194514,38.927,1791456358.816446,1069,1791456358.601037,camera_color_optical_frame,1,0.0976,0.0327,0.00243,0.009,1,TRACKING,ok,-5.907,0.000,deg/s,joint_states,-11.430,20.570,-10.990,16.490,0.717,-0.153,-0.221,0.021,-0.168,-12.078,16.760,,pan
assignment4_topicstop_20261008_194514,38.947,1791456358.835756,1069,1791456358.601037,camera_color_optical_frame,1,0.0976,0.0327,0.00243,0.029,1,TRACKING,ok,-5.907,0.000,deg/s,joint_states,-11.600,20.740,-9.620,15.110,0.716,-0.154,-0.220,0.016,-0.176,-12.110,16.753,,pan
assignment4_topicstop_20261008_194514,38.969,1791456358.859439,1070,1791456358.634397,camera_color_optical_frame,1,0.0807,-0.0089,0.00260,0.009,1,TRACKING,ok,-4.882,0.000,deg/s,joint_states,-11.780,21.010,-9.620,12.370,0.728,-0.159,-0.237,0.018,-0.148,-12.355,17.660,,pan
assignment4_topicstop_20261008_194514,38.987,1791456358.873444,1070,1791456358.634397,camera_color_optical_frame,1,0.0807,-0.0089,0.00260,0.027,1,TRACKING,ok,-4.882,0.000,deg/s,joint_states,-12.130,21.270,-9.620,9.620,0.728,-0.160,-0.238,0.008,-0.157,-12.397,17.714,,pan
assignment4_topicstop_20261008_194514,39.014,1791456358.901554,1071,1791456358.667756,camera_color_optical_frame,1,0.0662,-0.0457,0.00262,0.009,1,TRACKING,ok,-4.004,0.000,deg/s,joint_states,-12.130,21.270,-9.620,9.620,0.702,-0.154,-0.234,0.007,-0.143,-12.355,18.020,,pan
assignment4_topicstop_20261008_194514,39.035,1791456358.924524,1071,1791456358.667756,camera_color_optical_frame,1,0.0662,-0.0457,0.00262,0.030,1,TRACKING,ok,-4.004,0.000,deg/s,joint_states,-12.300,21.360,-8.240,8.240,0.701,-0.154,-0.235,0.003,-0.144,-12.399,18.104,,pan
assignment4_topicstop_20261008_194514,39.055,1791456358.943759,1072,1791456358.734475,camera_color_optical_frame,1,0.0412,-0.1081,0.00273,0.012,1,TRACKING,ok,-2.497,-6.128,deg/s,joint_states,-12.390,21.360,-6.870,5.500,0.717,-0.152,-0.227,-0.012,-0.182,-12.007,17.241,,pan
assignment4_topicstop_20261008_194514,39.072,1791456358.961228,1072,1791456358.734475,camera_color_optical_frame,1,0.0412,-0.1081,0.00273,0.030,1,TRACKING,ok,-2.497,-6.128,deg/s,joint_states,-12.480,21.360,-5.500,2.750,0.716,-0.152,-0.227,-0.015,-0.181,-12.018,17.257,,pan
assignment4_topicstop_20261008_194514,39.095,1791456358.980782,1073,1791456358.767834,camera_color_optical_frame,1,0.0296,-0.1336,0.00278,0.013,1,TRACKING,ok,0.000,-7.568,deg/s,joint_states,-12.570,21.450,-5.500,1.370,0.736,-0.155,-0.227,-0.022,-0.205,-11.877,16.798,,pan
assignment4_topicstop_20261008_194514,39.107,1791456358.992565,1074,1791456358.801194,camera_color_optical_frame,1,0.0179,-0.1553,0.00287,0.007,1,TRACKING,ok,0.000,-8.794,deg/s,joint_states,-12.830,21.360,-4.120,0.000,0.736,-0.151,-0.220,-0.039,-0.224,-11.614,16.283,,pan
assignment4_topicstop_20261008_194514,39.125,1791456359.012254,1074,1791456358.801194,camera_color_optical_frame,1,0.0179,-0.1553,0.00287,0.025,1,TRACKING,ok,0.000,-8.794,deg/s,joint_states,-12.830,21.360,-4.120,0.000,0.737,-0.151,-0.219,-0.039,-0.227,-11.594,16.228,,pan
assignment4_topicstop_20261008_194514,39.146,1791456359.032142,1075,1791456358.834553,camera_color_optical_frame,1,0.0090,-0.1698,0.00291,0.013,1,TRACKING,ok,0.000,-9.614,deg/s,joint_states,-13.010,21.360,-4.120,0.000,0.695,-0.144,-0.205,-0.042,-0.231,-11.682,16.126,,pan
assignment4_topicstop_20261008_194514,39.167,1791456359.054752,1075,1791456358.834553,camera_color_optical_frame,1,0.0090,-0.1698,0.00291,0.034,1,TRACKING,ok,0.000,-9.614,deg/s,joint_states,-13.100,21.360,-4.120,0.000,0.693,-0.143,-0.204,-0.046,-0.235,-11.665,16.051,,pan
assignment4_topicstop_20261008_194514,39.187,1791456359.076189,1076,1791456358.867924,camera_color_optical_frame,1,0.0012,-0.1832,0.00311,0.012,1,TRACKING,ok,0.000,-10.373,deg/s,joint_states,-13.100,21.270,-2.750,0.000,0.711,-0.152,-0.212,-0.033,-0.222,-12.074,16.244,,pan
assignment4_topicstop_20261008_194514,39.207,1791456359.095424,1076,1791456358.867924,camera_color_optical_frame,1,0.0012,-0.1832,0.00311,0.032,1,TRACKING,ok,0.000,-10.373,deg/s,joint_states,-13.100,21.270,-2.750,0.000,0.710,-0.152,-0.211,-0.032,-0.224,-12.094,16.197,,pan
assignment4_topicstop_20261008_194514,39.228,1791456359.114300,1077,1791456358.901280,camera_color_optical_frame,1,-0.0049,-0.1843,0.00316,0.013,1,TRACKING,ok,0.000,-10.434,deg/s,joint_states,-13.100,21.010,0.000,-4.120,0.744,-0.157,-0.224,-0.039,-0.202,-11.878,16.438,,pan
assignment4_topicstop_20261008_194514,39.246,1791456359.131860,1077,1791456358.901280,camera_color_optical_frame,1,-0.0049,-0.1843,0.00316,0.031,1,TRACKING,ok,0.000,-10.434,deg/s,joint_states,-13.100,21.010,0.000,-4.120,0.746,-0.157,-0.225,-0.039,-0.203,-11.881,16.416,,pan
assignment4_topicstop_20261008_194514,39.267,1791456359.152155,1078,1791456358.934635,camera_color_optical_frame,1,-0.0111,-0.1846,0.00318,0.012,1,TRACKING,ok,0.000,-10.449,deg/s,joint_states,-13.100,20.830,0.000,-5.500,0.726,-0.149,-0.226,-0.047,-0.171,-11.624,16.957,,pan
assignment4_topicstop_20261008_194514,39.288,1791456359.174749,1078,1791456358.934635,camera_color_optical_frame,1,-0.0111,-0.1846,0.00318,0.033,1,TRACKING,ok,0.000,-10.449,deg/s,joint_states,-13.100,20.480,0.000,-8.240,0.727,-0.149,-0.226,-0.047,-0.154,-11.605,16.976,,pan
assignment4_topicstop_20261008_194514,39.307,1791456359.192092,1079,1791456358.967991,camera_color_optical_frame,1,-0.0168,-0.1832,0.00315,0.011,1,TRACKING,ok,0.000,-10.371,deg/s,joint_states,-13.100,20.210,0.000,-8.240,0.728,-0.153,-0.225,-0.038,-0.150,-11.894,16.802,,pan
assignment4_topicstop_20261008_194514,39.328,1791456359.213396,1079,1791456358.967991,camera_color_optical_frame,1,-0.0168,-0.1832,0.00315,0.033,1,TRACKING,ok,0.000,-10.371,deg/s,joint_states,-13.100,20.210,0.000,-8.240,0.728,-0.153,-0.225,-0.038,-0.150,-11.897,16.810,,pan
assignment4_topicstop_20261008_194514,39.346,1791456359.231699,1080,1791456359.001347,camera_color_optical_frame,1,-0.0221,-0.1834,0.00312,0.015,1,TRACKING,ok,0.000,-10.383,deg/s,joint_states,-13.100,19.780,0.000,-9.620,0.732,-0.154,-0.222,-0.038,-0.143,-11.904,16.546,,pan
assignment4_topicstop_20261008_194514,39.368,1791456359.253182,1080,1791456359.001347,camera_color_optical_frame,1,-0.0221,-0.1834,0.00312,0.037,1,TRACKING,ok,0.000,-10.383,deg/s,joint_states,-13.100,19.780,0.000,-9.620,0.733,-0.155,-0.222,-0.038,-0.143,-11.910,16.530,,pan
assignment4_topicstop_20261008_194514,39.386,1791456359.271882,1081,1791456359.034703,camera_color_optical_frame,1,-0.0236,-0.1825,0.00320,0.014,1,TRACKING,ok,0.000,-10.334,deg/s,joint_states,-13.100,19.340,0.000,-9.620,0.720,-0.156,-0.221,-0.029,-0.116,-12.191,16.716,,pan
assignment4_topicstop_20261008_194514,39.409,1791456359.294918,1081,1791456359.034703,camera_color_optical_frame,1,-0.0236,-0.1825,0.00320,0.037,1,TRACKING,ok,0.000,-10.334,deg/s,joint_states,-13.100,19.160,0.000,-9.620,0.720,-0.156,-0.221,-0.028,-0.108,-12.217,16.716,,pan
assignment4_topicstop_20261008_194514,39.427,1791456359.313484,1082,1791456359.101414,camera_color_optical_frame,1,-0.0236,-0.1598,0.00319,0.015,1,TRACKING,ok,0.000,-9.049,deg/s,joint_states,-13.100,18.900,0.000,-9.620,0.717,-0.151,-0.225,-0.037,-0.079,-11.920,17.099,,pan
assignment4_topicstop_20261008_194514,39.447,1791456359.334102,1082,1791456359.101414,camera_color_optical_frame,1,-0.0236,-0.1598,0.00319,0.034,1,TRACKING,ok,0.000,-9.049,deg/s,joint_states,-13.100,18.630,0.000,-10.990,0.716,-0.151,-0.226,-0.037,-0.066,-11.919,17.126,,pan
assignment4_topicstop_20261008_194514,39.468,1791456359.355278,1083,1791456359.134769,camera_color_optical_frame,1,-0.0236,-0.1460,0.00317,0.011,1,TRACKING,ok,0.000,-8.268,deg/s,joint_states,-13.100,18.460,0.000,-10.990,0.723,-0.153,-0.223,-0.037,-0.072,-11.925,16.829,,pan
assignment4_topicstop_20261008_194514,39.488,1791456359.373653,1083,1791456359.134769,camera_color_optical_frame,1,-0.0236,-0.1460,0.00317,0.030,1,TRACKING,ok,0.000,-8.268,deg/s,joint_states,-13.100,18.190,0.000,-10.990,0.723,-0.153,-0.223,-0.037,-0.060,-11.925,16.829,,pan
assignment4_topicstop_20261008_194514,39.507,1791456359.392154,1084,1791456359.201481,camera_color_optical_frame,1,-0.0237,-0.1138,0.00316,0.016,0,TRACKING,ok,0.000,-6.450,deg/s,joint_states,-13.100,18.020,0.000,-10.990,0.470,-0.106,-0.154,-0.012,-0.012,-12.708,17.753,,pan
assignment4_topicstop_20261008_194514,39.531,1791456359.416484,1085,1791456359.268192,camera_color_optical_frame,1,-0.0239,-0.0805,0.00314,0.021,0,TRACKING,ok,0.000,-4.562,deg/s,joint_states,-13.100,17.750,0.000,-9.620,0.559,-0.122,-0.180,-0.024,-0.013,-12.329,17.445,,pan
assignment4_topicstop_20261008_194514,39.547,1791456359.433021,1086,1791456359.334903,camera_color_optical_frame,1,-0.0242,-0.0473,0.00313,0.013,0,TRACKING,ok,0.000,0.000,deg/s,joint_states,-13.100,17.490,0.000,-9.620,0.560,-0.122,-0.178,-0.025,-0.009,-12.321,17.287,,pan
assignment4_topicstop_20261008_194514,39.568,1791456359.453918,1086,1791456359.334903,camera_color_optical_frame,1,-0.0242,-0.0473,0.00313,0.034,0,TRACKING,ok,0.000,0.000,deg/s,joint_states,-13.100,17.490,0.000,-9.620,0.560,-0.122,-0.178,-0.025,-0.009,-12.318,17.277,,pan
assignment4_topicstop_20261008_194514,39.587,1791456359.472928,1087,1791456359.368259,camera_color_optical_frame,1,-0.0241,-0.0309,0.00313,0.011,1,TRACKING,ok,0.000,0.000,deg/s,joint_states,-13.100,17.140,0.000,-9.620,0.722,-0.152,-0.224,-0.038,-0.012,-11.906,16.858,,pan
assignment4_topicstop_20261008_194514,39.608,1791456359.494335,1087,1791456359.368259,camera_color_optical_frame,1,-0.0241,-0.0309,0.00313,0.032,1,TRACKING,ok,0.000,0.000,deg/s,joint_states,-13.100,16.960,0.000,-8.240,0.722,-0.152,-0.224,-0.038,-0.004,-11.906,16.858,,pan
assignment4_topicstop_20261008_194514,39.626,1791456359.512378,1088,1791456359.401615,camera_color_optical_frame,1,-0.0242,-0.0163,0.00311,0.010,1,TRACKING,ok,0.000,0.000,deg/s,joint_states,-13.100,16.960,0.000,-8.240,0.777,-0.162,-0.237,-0.041,-0.015,-11.808,16.626,,pan
assignment4_topicstop_20261008_194514,39.646,1791456359.531201,1088,1791456359.401615,camera_color_optical_frame,1,-0.0242,-0.0163,0.00311,0.031,1,TRACKING,ok,0.000,0.000,deg/s,joint_states,-13.100,16.870,0.000,-8.240,0.787,-0.164,-0.240,-0.041,-0.012,-11.792,16.604,,pan
assignment4_topicstop_20261008_194514,39.666,1791456359.551614,1089,1791456359.434970,camera_color_optical_frame,1,-0.0244,-0.0031,0.00313,0.015,1,TRACKING,ok,0.000,0.000,deg/s,joint_states,-13.100,16.790,0.000,-6.870,0.723,-0.152,-0.219,-0.039,-0.013,-11.884,16.496,,pan
assignment4_topicstop_20261008_194514,39.686,1791456359.572152,1089,1791456359.434970,camera_color_optical_frame,1,-0.0244,-0.0031,0.00313,0.035,1,TRACKING,ok,0.000,0.000,deg/s,joint_states,-13.100,16.790,0.000,-5.500,0.724,-0.152,-0.218,-0.039,-0.015,-11.882,16.454,,pan
assignment4_topicstop_20261008_194514,39.706,1791456359.591700,1090,1791456359.468325,camera_color_optical_frame,1,-0.0244,0.0080,0.00314,0.010,1,TRACKING,ok,0.000,0.000,deg/s,joint_states,-13.100,16.870,0.000,-2.750,0.721,-0.152,-0.219,-0.038,-0.014,-11.891,16.539,,pan
assignment4_topicstop_20261008_194514,39.726,1791456359.614675,1090,1791456359.468325,camera_color_optical_frame,1,-0.0244,0.0080,0.00314,0.030,1,TRACKING,ok,0.000,0.000,deg/s,joint_states,-13.100,16.790,0.000,-1.370,0.720,-0.152,-0.218,-0.038,-0.012,-11.889,16.515,,pan
assignment4_topicstop_20261008_194514,39.746,1791456359.631257,1091,1791456359.501681,camera_color_optical_frame,1,-0.0246,0.0151,0.00313,0.012,1,TRACKING,ok,0.000,0.000,deg/s,joint_states,-13.100,16.790,0.000,0.000,0.723,-0.152,-0.220,-0.039,-0.008,-11.879,16.604,,pan
assignment4_topicstop_20261008_194514,39.770,1791456359.658031,1091,1791456359.501681,camera_color_optical_frame,1,-0.0246,0.0151,0.00313,0.036,1,TRACKING,ok,0.000,0.000,deg/s,joint_states,-13.100,16.790,0.000,0.000,0.723,-0.152,-0.220,-0.039,-0.009,-11.876,16.589,,pan
assignment4_topicstop_20261008_194514,39.788,1791456359.673157,1092,1791456359.535037,camera_color_optical_frame,1,-0.0247,0.0147,0.00314,0.012,1,TRACKING,ok,0.000,0.000,deg/s,joint_states,-13.100,16.870,0.000,0.000,0.721,-0.152,-0.220,-0.039,-0.012,-11.872,16.584,,pan
assignment4_topicstop_20261008_194514,39.809,1791456359.694108,1092,1791456359.535037,camera_color_optical_frame,1,-0.0247,0.0147,0.00314,0.033,1,TRACKING,ok,0.000,0.000,deg/s,joint_states,-13.100,16.790,0.000,0.000,0.721,-0.152,-0.219,-0.039,-0.009,-11.869,16.574,,pan
assignment4_topicstop_20261008_194514,39.827,1791456359.715343,1093,1791456359.568393,camera_color_optical_frame,1,-0.0248,0.0150,0.00312,0.012,1,TRACKING,ok,0.000,0.000,deg/s,joint_states,-13.100,16.790,0.000,0.000,0.723,-0.152,-0.220,-0.039,-0.009,-11.873,16.592,,pan
assignment4_topicstop_20261008_194514,39.847,1791456359.732434,1093,1791456359.568393,camera_color_optical_frame,1,-0.0248,0.0150,0.00312,0.032,1,TRACKING,ok,0.000,0.000,deg/s,joint_states,-13.100,16.790,0.000,0.000,0.723,-0.152,-0.220,-0.039,-0.009,-11.871,16.584,,pan
assignment4_topicstop_20261008_194514,39.866,1791456359.751701,1094,1791456359.601748,camera_color_optical_frame,1,-0.0246,0.0145,0.00310,0.013,1,TRACKING,ok,0.000,0.000,deg/s,joint_states,-13.100,16.870,0.000,0.000,0.721,-0.152,-0.220,-0.038,-0.010,-11.893,16.647,,pan
assignment4_topicstop_20261008_194514,39.888,1791456359.774107,1094,1791456359.601748,camera_color_optical_frame,1,-0.0246,0.0145,0.00310,0.036,1,TRACKING,ok,0.000,0.000,deg/s,joint_states,-13.100,16.790,0.000,0.000,0.720,-0.152,-0.220,-0.038,-0.006,-11.893,16.643,,pan
assignment4_topicstop_20261008_194514,39.906,1791456359.794946,1095,1791456359.635103,camera_color_optical_frame,1,-0.0247,0.0140,0.00314,0.012,1,TRACKING,ok,0.000,0.000,deg/s,joint_states,-13.100,16.790,0.000,0.000,0.719,-0.152,-0.221,-0.038,-0.001,-11.896,16.759,,pan
assignment4_topicstop_20261008_194514,39.926,1791456359.812653,1095,1791456359.635103,camera_color_optical_frame,1,-0.0247,0.0140,0.00314,0.032,1,TRACKING,ok,0.000,0.000,deg/s,joint_states,-13.100,16.790,0.000,0.000,0.719,-0.151,-0.221,-0.038,-0.001,-11.896,16.768,,pan
assignment4_topicstop_20261008_194514,39.949,1791456359.835868,1096,1791456359.668459,camera_color_optical_frame,1,-0.0247,0.0142,0.00314,0.017,1,TRACKING,ok,0.000,0.000,deg/s,joint_states,-13.100,16.790,0.000,0.000,0.736,-0.155,-0.223,-0.039,-0.012,-11.881,16.509,,pan
assignment4_topicstop_20261008_194514,39.966,1791456359.852500,1096,1791456359.668459,camera_color_optical_frame,1,-0.0247,0.0142,0.00314,0.035,1,TRACKING,ok,0.000,0.000,deg/s,joint_states,-13.100,16.790,0.000,0.000,0.737,-0.155,-0.223,-0.039,-0.013,-11.880,16.497,,pan
assignment4_topicstop_20261008_194514,39.989,1791456359.877469,1097,1791456359.701815,camera_color_optical_frame,1,-0.0246,0.0135,0.00316,0.015,1,TRACKING,ok,0.000,0.000,deg/s,joint_states,-13.100,16.790,0.000,0.000,0.726,-0.153,-0.218,-0.038,-0.017,-11.906,16.401,,pan
assignment4_topicstop_20261008_194514,40.008,1791456359.895334,1097,1791456359.701815,camera_color_optical_frame,1,-0.0246,0.0135,0.00316,0.034,1,TRACKING,ok,0.000,0.000,deg/s,joint_states,-13.100,16.870,0.000,0.000,0.727,-0.153,-0.218,-0.038,-0.022,-11.908,16.379,,pan
assignment4_topicstop_20261008_194514,40.028,1791456359.914479,1098,1791456359.735170,camera_color_optical_frame,1,-0.0247,0.0139,0.00316,0.016,1,TRACKING,ok,0.000,0.000,deg/s,joint_states,-13.100,16.790,0.000,0.000,0.708,-0.149,-0.219,-0.038,0.002,-11.892,16.843,,pan
assignment4_topicstop_20261008_194514,40.046,1791456359.931310,1098,1791456359.735170,camera_color_optical_frame,1,-0.0247,0.0139,0.00316,0.033,1,TRACKING,ok,0.000,0.000,deg/s,joint_states,-13.100,16.790,0.000,0.000,0.707,-0.149,-0.219,-0.038,0.003,-11.892,16.859,,pan
assignment4_topicstop_20261008_194514,40.066,1791456359.953239,1099,1791456359.768525,camera_color_optical_frame,1,-0.0244,0.0131,0.00315,0.017,1,TRACKING,ok,0.000,0.000,deg/s,joint_states,-13.100,16.790,0.000,0.000,0.720,-0.152,-0.219,-0.038,-0.009,-11.911,16.579,,pan
assignment4_topicstop_20261008_194514,40.086,1791456359.972845,1099,1791456359.768525,camera_color_optical_frame,1,-0.0244,0.0131,0.00315,0.037,1,TRACKING,ok,0.000,0.000,deg/s,joint_states,-13.100,16.870,0.000,0.000,0.719,-0.152,-0.219,-0.038,-0.013,-11.912,16.577,,pan
assignment4_topicstop_20261008_194514,40.107,1791456359.996366,1100,1791456359.801881,camera_color_optical_frame,1,-0.0244,0.0127,0.00317,0.014,1,TRACKING,ok,0.000,0.000,deg/s,joint_states,-13.100,16.870,0.000,0.000,0.733,-0.155,-0.219,-0.037,-0.024,-11.923,16.329,,pan
assignment4_topicstop_20261008_194514,40.126,1791456360.012324,1101,1791456359.835237,camera_color_optical_frame,1,-0.0247,0.0132,0.00318,0.006,1,TRACKING,ok,0.000,0.000,deg/s,joint_states,-13.100,16.790,0.000,0.000,0.726,-0.153,-0.221,-0.039,-0.008,-11.872,16.604,,pan
assignment4_topicstop_20261008_194514,40.146,1791456360.033933,1101,1791456359.835237,camera_color_optical_frame,1,-0.0247,0.0132,0.00318,0.025,1,TRACKING,ok,0.000,0.000,deg/s,joint_states,-13.100,16.870,0.000,0.000,0.726,-0.153,-0.221,-0.039,-0.012,-11.870,16.604,,pan
assignment4_topicstop_20261008_194514,40.165,1791456360.051855,1101,1791456359.835237,camera_color_optical_frame,1,-0.0247,0.0132,0.00318,0.045,1,TRACKING,ok,0.000,0.000,deg/s,joint_states,-13.100,16.790,0.000,0.000,0.726,-0.153,-0.221,-0.039,-0.008,-11.868,16.605,,pan
assignment4_topicstop_20261008_194514,40.188,1791456360.078440,1102,1791456359.868592,camera_color_optical_frame,1,-0.0245,0.0126,0.00316,0.020,1,TRACKING,ok,0.000,0.000,deg/s,joint_states,-13.100,16.790,0.000,0.000,0.719,-0.151,-0.223,-0.038,0.003,-11.889,16.847,,pan
assignment4_topicstop_20261008_194514,40.207,1791456360.095428,1103,1791456359.901957,camera_color_optical_frame,1,-0.0246,0.0131,0.00318,0.003,1,TRACKING,ok,0.000,0.000,deg/s,joint_states,-13.100,16.790,0.000,0.000,0.730,-0.154,-0.222,-0.038,-0.009,-11.895,16.592,,pan
assignment4_topicstop_20261008_194514,40.230,1791456360.120330,1103,1791456359.901957,camera_color_optical_frame,1,-0.0246,0.0131,0.00318,0.026,1,TRACKING,ok,0.000,0.000,deg/s,joint_states,-13.100,16.870,0.000,0.000,0.731,-0.154,-0.223,-0.038,-0.012,-11.895,16.592,,pan
assignment4_topicstop_20261008_194514,40.247,1791456360.132861,1104,1791456359.935323,camera_color_optical_frame,1,-0.0245,0.0127,0.00319,0.005,1,TRACKING,ok,0.000,0.000,deg/s,joint_states,-13.100,16.790,0.000,0.000,0.716,-0.151,-0.216,-0.038,-0.015,-11.892,16.449,,pan
assignment4_topicstop_20261008_194514,40.270,1791456360.158038,1104,1791456359.935323,camera_color_optical_frame,1,-0.0245,0.0127,0.00319,0.028,1,TRACKING,ok,0.000,0.000,deg/s,joint_states,-13.100,16.790,0.000,0.000,0.716,-0.151,-0.216,-0.038,-0.016,-11.892,16.431,,pan
assignment4_topicstop_20261008_194514,40.286,1791456360.171333,1105,1791456359.968688,camera_color_optical_frame,1,-0.0245,0.0118,0.00318,0.005,1,TRACKING,ok,0.000,0.000,deg/s,joint_states,-13.100,16.870,0.000,0.000,0.717,-0.151,-0.221,-0.038,-0.003,-11.907,16.805,,pan
assignment4_topicstop_20261008_194514,40.307,1791456360.194170,1105,1791456359.968688,camera_color_optical_frame,1,-0.0245,0.0118,0.00318,0.027,1,TRACKING,ok,0.000,0.000,deg/s,joint_states,-13.100,16.870,0.000,0.000,0.716,-0.151,-0.221,-0.038,-0.002,-11.908,16.822,,pan
assignment4_topicstop_20261008_194514,40.327,1791456360.214258,1106,1791456360.002053,camera_color_optical_frame,1,-0.0246,0.0117,0.00320,0.008,1,TRACKING,ok,0.000,0.000,deg/s,joint_states,-13.100,16.790,0.000,0.000,0.721,-0.152,-0.220,-0.038,-0.007,-11.889,16.623,,pan
assignment4_topicstop_20261008_194514,40.350,1791456360.235426,1106,1791456360.002053,camera_color_optical_frame,1,-0.0246,0.0117,0.00320,0.031,1,TRACKING,ok,0.000,0.000,deg/s,joint_states,-13.100,16.790,0.000,0.000,0.721,-0.152,-0.220,-0.038,-0.007,-11.889,16.625,,pan
assignment4_topicstop_20261008_194514,40.366,1791456360.252190,1107,1791456360.035418,camera_color_optical_frame,1,-0.0245,0.0112,0.00320,0.012,1,TRACKING,ok,0.000,0.000,deg/s,joint_states,-13.100,16.870,0.000,0.000,0.728,-0.154,-0.217,-0.038,-0.027,-11.902,16.251,,pan
assignment4_topicstop_20261008_194514,40.387,1791456360.274754,1107,1791456360.035418,camera_color_optical_frame,1,-0.0245,0.0112,0.00320,0.033,1,TRACKING,ok,0.000,0.000,deg/s,joint_states,-13.100,16.870,0.000,0.000,0.729,-0.154,-0.217,-0.038,-0.028,-11.903,16.222,,pan
assignment4_topicstop_20261008_194514,40.406,1791456360.296576,1108,1791456360.068784,camera_color_optical_frame,1,-0.0246,0.0122,0.00319,0.006,1,TRACKING,ok,0.000,0.000,deg/s,joint_states,-13.100,16.870,0.000,0.000,0.729,-0.154,-0.216,-0.038,-0.030,-11.903,16.195,,pan
assignment4_topicstop_20261008_194514,40.427,1791456360.315553,1108,1791456360.068784,camera_color_optical_frame,1,-0.0246,0.0122,0.00319,0.026,1,TRACKING,ok,0.000,0.000,deg/s,joint_states,-13.100,16.870,0.000,0.000,0.735,-0.155,-0.222,-0.038,-0.017,-11.889,16.474,,pan
assignment4_topicstop_20261008_194514,40.456,1791456360.342113,1109,1791456360.135515,camera_color_optical_frame,1,-0.0247,0.0120,0.00318,0.016,1,TRACKING,ok,0.000,0.000,deg/s,joint_states,-13.100,16.790,0.000,0.000,0.716,-0.151,-0.218,-0.039,-0.008,-11.883,16.606,,pan
assignment4_topicstop_20261008_194514,40.466,1791456360.351699,1109,1791456360.135515,camera_color_optical_frame,1,-0.0247,0.0120,0.00318,0.026,1,TRACKING,ok,0.000,0.000,deg/s,joint_states,-13.100,16.870,0.000,0.000,0.716,-0.151,-0.218,-0.039,-0.011,-11.883,16.608,,pan
assignment4_topicstop_20261008_194514,40.488,1791456360.376914,1110,1791456360.168880,camera_color_optical_frame,1,-0.0245,0.0116,0.00317,0.017,1,TRACKING,ok,0.000,0.000,deg/s,joint_states,-13.100,16.790,0.000,0.000,0.723,-0.152,-0.220,-0.038,-0.009,-11.895,16.580,,pan
assignment4_topicstop_20261008_194514,40.507,1791456360.392638,1110,1791456360.168880,camera_color_optical_frame,1,-0.0245,0.0116,0.00317,0.036,1,TRACKING,ok,0.000,0.000,deg/s,joint_states,-13.100,16.790,0.000,0.000,0.723,-0.152,-0.220,-0.038,-0.009,-11.895,16.580,,pan
assignment4_topicstop_20261008_194514,40.529,1791456360.417286,1111,1791456360.202246,camera_color_optical_frame,1,-0.0247,0.0125,0.00319,0.020,1,TRACKING,ok,0.000,0.000,deg/s,joint_states,-13.100,16.870,0.000,0.000,0.718,-0.151,-0.221,-0.038,-0.006,-11.892,16.735,,pan
assignment4_topicstop_20261008_194514,40.546,1791456360.433148,1111,1791456360.202246,camera_color_optical_frame,1,-0.0247,0.0125,0.00319,0.037,1,TRACKING,ok,0.000,0.000,deg/s,joint_states,-13.100,16.870,0.000,0.000,0.718,-0.151,-0.221,-0.038,-0.005,-11.892,16.745,,pan
assignment4_topicstop_20261008_194514,40.567,1791456360.453342,1112,1791456360.235611,camera_color_optical_frame,1,-0.0246,0.0118,0.00317,0.015,1,TRACKING,ok,0.000,0.000,deg/s,joint_states,-13.100,16.790,0.000,0.000,0.726,-0.153,-0.225,-0.039,0.004,-11.877,16.872,,pan
assignment4_topicstop_20261008_194514,40.587,1791456360.473115,1112,1791456360.235611,camera_color_optical_frame,1,-0.0246,0.0118,0.00317,0.035,1,TRACKING,ok,0.000,0.000,deg/s,joint_states,-13.100,16.870,0.000,0.000,0.726,-0.153,-0.225,-0.039,0.001,-11.876,16.892,,pan
assignment4_topicstop_20261008_194514,40.609,1791456360.497288,1113,1791456360.268977,camera_color_optical_frame,1,-0.0244,0.0123,0.00317,0.015,1,TRACKING,ok,0.000,0.000,deg/s,joint_states,-13.100,16.790,0.000,0.000,0.725,-0.153,-0.223,-0.037,0.000,-11.924,16.790,,pan
assignment4_topicstop_20261008_194514,40.627,1791456360.515833,1114,1791456360.369075,camera_color_optical_frame,1,-0.0248,0.0123,0.00317,0.011,0,TRACKING,ok,0.000,0.000,deg/s,joint_states,-13.100,16.790,0.000,0.000,0.560,-0.122,-0.176,-0.025,0.012,-12.315,17.068,,pan
assignment4_topicstop_20261008_194514,40.646,1791456360.533790,1115,1791456360.435806,camera_color_optical_frame,1,-0.0247,0.0123,0.00314,0.013,0,TRACKING,ok,0.000,0.000,deg/s,joint_states,-13.100,16.870,0.000,0.000,0.560,-0.122,-0.178,-0.024,0.017,-12.324,17.262,,pan
assignment4_topicstop_20261008_194514,40.666,1791456360.554989,1115,1791456360.435806,camera_color_optical_frame,1,-0.0247,0.0123,0.00314,0.033,0,TRACKING,ok,0.000,0.000,deg/s,joint_states,-13.100,16.870,0.000,0.000,0.560,-0.122,-0.178,-0.024,0.018,-12.325,17.286,,pan
assignment4_topicstop_20261008_194514,40.687,1791456360.574720,1116,1791456360.469172,camera_color_optical_frame,1,-0.0249,0.0127,0.00311,0.015,1,TRACKING,ok,0.000,0.000,deg/s,joint_states,-13.100,16.790,0.000,0.000,0.721,-0.152,-0.220,-0.038,-0.008,-11.884,16.602,,pan
assignment4_topicstop_20261008_194514,40.707,1791456360.594554,1116,1791456360.469172,camera_color_optical_frame,1,-0.0249,0.0127,0.00311,0.035,1,TRACKING,ok,0.000,0.000,deg/s,joint_states,-13.100,16.790,0.000,0.000,0.721,-0.152,-0.220,-0.038,-0.008,-11.884,16.602,,pan
assignment4_topicstop_20261008_194514,40.726,1791456360.614689,1117,1791456360.502538,camera_color_optical_frame,1,-0.0249,0.0133,0.00313,0.012,1,TRACKING,ok,0.000,0.000,deg/s,joint_states,-13.100,16.870,0.000,0.000,0.774,-0.162,-0.235,-0.042,-0.013,-11.782,16.575,,pan
assignment4_topicstop_20261008_194514,40.746,1791456360.632908,1117,1791456360.502538,camera_color_optical_frame,1,-0.0249,0.0133,0.00313,0.031,1,TRACKING,ok,0.000,0.000,deg/s,joint_states,-13.100,16.790,0.000,0.000,0.784,-0.163,-0.238,-0.042,-0.010,-11.765,16.557,,pan
assignment4_topicstop_20261008_194514,40.768,1791456360.655299,1118,1791456360.535904,camera_color_optical_frame,1,-0.0250,0.0140,0.00311,0.016,1,TRACKING,ok,0.000,0.000,deg/s,joint_states,-13.100,16.870,0.000,0.000,0.720,-0.151,-0.223,-0.039,-0.002,-11.874,16.829,,pan
assignment4_topicstop_20261008_194514,40.786,1791456360.673278,1119,1791456360.569270,camera_color_optical_frame,1,-0.0252,0.0138,0.00310,0.005,1,TRACKING,ok,0.000,0.000,deg/s,joint_states,-13.100,16.790,0.000,0.000,0.718,-0.151,-0.220,-0.039,-0.005,-11.861,16.678,,pan
assignment4_topicstop_20261008_194514,40.806,1791456360.691240,1120,1791456360.602637,camera_color_optical_frame,1,-0.0251,0.0139,0.00309,0.004,0,TRACKING,ok,0.000,0.000,deg/s,joint_states,-13.100,16.790,0.000,0.000,0.519,-0.115,-0.165,-0.020,0.023,-12.457,17.308,,pan
assignment4_topicstop_20261008_194514,40.826,1791456360.712126,1120,1791456360.602637,camera_color_optical_frame,1,-0.0251,0.0139,0.00309,0.025,0,TRACKING,ok,0.000,0.000,deg/s,joint_states,-13.100,16.870,0.000,0.000,0.509,-0.113,-0.163,-0.019,0.021,-12.495,17.349,,pan
assignment4_topicstop_20261008_194514,40.846,1791456360.732541,1121,1791456360.636003,camera_color_optical_frame,1,-0.0261,0.0161,0.00300,0.003,1,TRACKING,ok,0.000,0.000,deg/s,joint_states,-13.100,16.790,0.000,0.000,0.718,-0.150,-0.222,-0.041,0.001,-11.803,16.805,,pan
assignment4_topicstop_20261008_194514,40.866,1791456360.751626,1122,1791456360.669369,camera_color_optical_frame,1,-0.0245,0.0143,0.00312,0.009,0,TRACKING,ok,0.000,0.000,deg/s,joint_states,-13.100,16.870,0.000,0.000,0.560,-0.123,-0.176,-0.024,0.009,-12.350,17.078,,pan
assignment4_topicstop_20261008_194514,40.886,1791456360.772922,1122,1791456360.669369,camera_color_optical_frame,1,-0.0245,0.0143,0.00312,0.029,0,TRACKING,ok,0.000,0.000,deg/s,joint_states,-13.100,16.870,0.000,0.000,0.560,-0.123,-0.176,-0.023,0.009,-12.356,17.069,,pan
assignment4_topicstop_20261008_194514,40.907,1791456360.792951,1122,1791456360.669369,camera_color_optical_frame,1,-0.0245,0.0143,0.00312,0.050,0,TRACKING,ok,0.000,0.000,deg/s,joint_states,-13.100,16.790,0.000,0.000,0.560,-0.123,-0.176,-0.023,0.012,-12.362,17.060,,pan
assignment4_topicstop_20261008_194514,40.931,1791456360.820682,1123,1791456360.702735,camera_color_optical_frame,1,-0.0244,0.0143,0.00313,0.019,1,TRACKING,ok,0.000,0.000,deg/s,joint_states,-13.100,16.870,0.000,0.000,0.725,-0.154,-0.220,-0.035,-0.014,-11.990,16.550,,pan
assignment4_topicstop_20261008_194514,40.948,1791456360.834453,1123,1791456360.702735,camera_color_optical_frame,1,-0.0244,0.0143,0.00313,0.037,1,TRACKING,ok,0.000,0.000,deg/s,joint_states,-13.100,16.870,0.000,0.000,0.726,-0.154,-0.220,-0.035,-0.015,-12.004,16.533,,pan
assignment4_topicstop_20261008_194514,40.970,1791456360.855938,1124,1791456360.736101,camera_color_optical_frame,1,-0.0251,0.0139,0.00308,0.017,1,TRACKING,ok,0.000,0.000,deg/s,joint_states,-13.100,16.870,0.000,0.000,0.722,-0.152,-0.221,-0.038,-0.009,-11.910,16.654,,pan
assignment4_topicstop_20261008_194514,40.990,1791456360.879962,1125,1791456360.769468,camera_color_optical_frame,1,-0.0281,0.0131,0.00287,0.005,1,TRACKING,ok,0.000,0.000,deg/s,joint_states,-13.100,16.790,0.000,0.000,0.721,-0.148,-0.218,-0.048,-0.012,-11.598,16.521,,pan
assignment4_topicstop_20261008_194514,41.006,1791456360.894344,1125,1791456360.769468,camera_color_optical_frame,1,-0.0281,0.0131,0.00287,0.021,1,TRACKING,ok,0.000,0.000,deg/s,joint_states,-13.100,16.790,0.000,0.000,0.721,-0.148,-0.218,-0.048,-0.012,-11.571,16.508,,pan
assignment4_topicstop_20261008_194514,41.032,1791456360.920506,1126,1791456360.802834,camera_color_optical_frame,1,-0.0383,0.0097,0.00291,0.012,1,TRACKING,ok,2.320,0.000,deg/s,joint_states,-13.100,16.870,0.000,0.000,0.738,-0.140,-0.222,-0.074,-0.019,-10.767,16.434,,pan
assignment4_topicstop_20261008_194514,41.046,1791456360.935470,1126,1791456360.802834,camera_color_optical_frame,1,-0.0383,0.0097,0.00291,0.026,1,TRACKING,ok,2.320,0.000,deg/s,joint_states,-13.100,16.870,0.000,0.000,0.739,-0.139,-0.222,-0.077,-0.019,-10.684,16.414,,pan
assignment4_topicstop_20261008_194514,41.069,1791456360.961370,1127,1791456360.836201,camera_color_optical_frame,1,-0.0496,0.0083,0.00301,0.010,1,TRACKING,ok,3.000,0.000,deg/s,joint_states,-13.100,16.790,0.000,0.000,0.741,-0.130,-0.222,-0.100,-0.014,-9.936,16.442,,pan
assignment4_topicstop_20261008_194514,41.088,1791456360.978163,1127,1791456360.836201,camera_color_optical_frame,1,-0.0496,0.0083,0.00301,0.029,1,TRACKING,ok,3.000,0.000,deg/s,joint_states,-13.100,16.790,0.000,0.000,0.743,-0.128,-0.222,-0.106,-0.015,-9.752,16.425,,pan
assignment4_topicstop_20261008_194514,41.111,1791456360.997497,1128,1791456360.869567,camera_color_optical_frame,1,-0.0557,0.0070,0.00305,0.016,1,TRACKING,ok,3.371,0.000,deg/s,joint_states,-13.100,16.790,0.000,0.000,0.738,-0.129,-0.220,-0.102,-0.018,-9.894,16.369,,pan
assignment4_topicstop_20261008_194514,41.131,1791456361.021071,1129,1791456360.902925,camera_color_optical_frame,1,-0.0570,0.0063,0.00291,0.004,1,TRACKING,ok,3.451,0.000,deg/s,joint_states,-13.100,16.790,0.000,0.000,0.739,-0.127,-0.220,-0.107,-0.018,-9.727,16.344,,pan
assignment4_topicstop_20261008_194514,41.149,1791456361.035571,1129,1791456360.902925,camera_color_optical_frame,1,-0.0570,0.0063,0.00291,0.022,1,TRACKING,ok,3.451,0.000,deg/s,joint_states,-13.100,16.790,0.000,0.000,0.737,-0.135,-0.219,-0.085,-0.020,-10.419,16.320,,pan
assignment4_topicstop_20261008_194514,41.167,1791456361.055781,1130,1791456360.936283,camera_color_optical_frame,1,-0.0546,0.0088,0.00265,0.011,1,TRACKING,ok,3.304,0.000,deg/s,joint_states,-13.010,16.870,0.000,0.000,0.728,-0.142,-0.219,-0.063,-0.018,-11.008,16.444,,pan
assignment4_topicstop_20261008_194514,41.187,1791456361.074701,1130,1791456360.936283,camera_color_optical_frame,1,-0.0546,0.0088,0.00265,0.031,1,TRACKING,ok,3.304,0.000,deg/s,joint_states,-13.010,16.870,0.000,0.000,0.728,-0.142,-0.219,-0.063,-0.019,-11.019,16.436,,pan
assignment4_topicstop_20261008_194514,41.207,1791456361.097394,1131,1791456360.969641,camera_color_optical_frame,1,-0.0549,0.0102,0.00272,0.009,1,TRACKING,ok,3.323,0.000,deg/s,joint_states,-12.830,16.790,2.750,0.000,0.722,-0.141,-0.220,-0.056,-0.007,-11.060,16.621,,pan
assignment4_topicstop_20261008_194514,41.226,1791456361.112050,1131,1791456360.969641,camera_color_optical_frame,1,-0.0549,0.0102,0.00272,0.028,1,TRACKING,ok,3.323,0.000,deg/s,joint_states,-12.830,16.790,2.750,0.000,0.721,-0.141,-0.220,-0.055,-0.006,-11.079,16.636,,pan
assignment4_topicstop_20261008_194514,41.247,1791456361.136449,1132,1791456361.003006,camera_color_optical_frame,1,-0.0582,0.0060,0.00275,0.012,1,TRACKING,ok,3.524,0.000,deg/s,joint_states,-12.740,16.870,4.120,0.000,0.729,-0.137,-0.217,-0.067,-0.025,-10.613,16.303,,pan
assignment4_topicstop_20261008_194514,41.266,1791456361.152934,1132,1791456361.003006,camera_color_optical_frame,1,-0.0582,0.0060,0.00275,0.031,1,TRACKING,ok,3.524,0.000,deg/s,joint_states,-12.740,16.790,2.750,0.000,0.729,-0.136,-0.217,-0.069,-0.022,-10.580,16.285,,pan
assignment4_topicstop_20261008_194514,41.290,1791456361.175747,1133,1791456361.036372,camera_color_optical_frame,1,-0.0579,0.0048,0.00276,0.020,1,TRACKING,ok,3.505,0.000,deg/s,joint_states,-12.660,16.870,1.370,0.000,0.728,-0.132,-0.217,-0.074,-0.023,-10.318,16.339,,pan
assignment4_topicstop_20261008_194514,41.305,1791456361.191354,1134,1791456361.069738,camera_color_optical_frame,1,-0.0538,0.0001,0.00277,0.003,1,TRACKING,ok,3.255,0.000,deg/s,joint_states,-12.570,16.870,1.370,0.000,0.732,-0.136,-0.214,-0.065,-0.035,-10.514,16.060,,pan
assignment4_topicstop_20261008_194514,41.326,1791456361.217239,1134,1791456361.069738,camera_color_optical_frame,1,-0.0538,0.0001,0.00277,0.024,1,TRACKING,ok,3.255,0.000,deg/s,joint_states,-12.570,16.870,1.370,0.000,0.732,-0.135,-0.214,-0.066,-0.037,-10.478,16.018,,pan
assignment4_topicstop_20261008_194514,41.346,1791456361.231768,1135,1791456361.103104,camera_color_optical_frame,1,-0.0552,-0.0199,0.00259,0.007,1,TRACKING,ok,3.342,0.000,deg/s,joint_states,-12.480,16.870,2.750,0.000,0.754,-0.137,-0.204,-0.070,-0.086,-10.278,14.914,,pan
assignment4_topicstop_20261008_194514,41.367,1791456361.254792,1135,1791456361.103104,camera_color_optical_frame,1,-0.0552,-0.0199,0.00259,0.027,1,TRACKING,ok,3.342,0.000,deg/s,joint_states,-12.300,16.790,4.120,0.000,0.757,-0.137,-0.203,-0.066,-0.089,-10.231,14.755,,pan
assignment4_topicstop_20261008_194514,41.386,1791456361.272342,1136,1791456361.136470,camera_color_optical_frame,1,-0.0578,-0.0497,0.00241,0.005,1,TRACKING,ok,3.499,0.000,deg/s,joint_states,-12.220,16.790,4.120,0.000,0.757,-0.134,-0.177,-0.071,-0.167,-10.032,12.987,,pan
assignment4_topicstop_20261008_194514,41.409,1791456361.296916,1136,1791456361.136470,camera_color_optical_frame,1,-0.0578,-0.0497,0.00241,0.029,1,TRACKING,ok,3.499,0.000,deg/s,joint_states,-12.220,16.790,1.370,0.000,0.760,-0.133,-0.172,-0.073,-0.184,-9.954,12.604,,pan
assignment4_topicstop_20261008_194514,41.426,1791456361.311603,1137,1791456361.169836,camera_color_optical_frame,1,-0.0546,-0.0860,0.00228,0.009,1,TRACKING,ok,3.305,-4.874,deg/s,joint_states,-12.220,16.870,1.370,0.000,0.747,-0.134,-0.151,-0.066,-0.248,-10.195,11.254,,pan
assignment4_topicstop_20261008_194514,41.452,1791456361.337574,1137,1791456361.169836,camera_color_optical_frame,1,-0.0546,-0.0860,0.00228,0.035,1,TRACKING,ok,3.305,-4.874,deg/s,joint_states,-12.130,16.870,1.370,0.000,0.748,-0.134,-0.143,-0.065,-0.275,-10.147,10.652,,pan
assignment4_topicstop_20261008_194514,41.471,1791456361.360692,1138,1791456361.203202,camera_color_optical_frame,1,-0.0532,-0.1250,0.00232,0.011,1,TRACKING,ok,3.218,-7.082,deg/s,joint_states,-12.040,16.870,1.370,0.000,0.759,-0.133,-0.131,-0.070,-0.319,-9.909,9.662,,pan
assignment4_topicstop_20261008_194514,41.497,1791456361.385503,1138,1791456361.203202,camera_color_optical_frame,1,-0.0532,-0.1250,0.00232,0.037,1,TRACKING,ok,3.218,-7.082,deg/s,joint_states,-11.950,16.870,2.750,0.000,0.761,-0.132,-0.123,-0.069,-0.348,-9.844,9.018,,pan
assignment4_topicstop_20261008_194514,41.530,1791456361.419581,1139,1791456361.236567,camera_color_optical_frame,1,-0.0540,-0.1652,0.00226,0.020,1,TRACKING,ok,3.270,-9.355,deg/s,joint_states,-11.780,16.790,4.120,0.000,0.769,-0.131,-0.109,-0.069,-0.394,-9.691,7.927,,pan
assignment4_topicstop_20261008_194514,41.546,1791456361.431762,1140,1791456361.269933,camera_color_optical_frame,1,-0.0574,-0.2036,0.00222,0.004,1,TRACKING,ok,3.476,-11.520,deg/s,joint_states,-11.780,16.700,4.120,0.000,0.768,-0.127,-0.101,-0.079,-0.415,-9.392,7.359,,pan
assignment4_topicstop_20261008_194514,41.569,1791456361.455760,1140,1791456361.269933,camera_color_optical_frame,1,-0.0574,-0.2036,0.00222,0.027,1,TRACKING,ok,3.476,-11.520,deg/s,joint_states,-11.780,16.520,1.370,-2.750,0.770,-0.126,-0.092,-0.083,-0.435,-9.303,6.750,,pan
assignment4_topicstop_20261008_194514,41.588,1791456361.474472,1140,1791456361.269933,camera_color_optical_frame,1,-0.0574,-0.2036,0.00222,0.046,1,TRACKING,ok,3.476,-11.520,deg/s,joint_states,-11.780,16.440,0.000,-4.120,0.772,-0.125,-0.086,-0.085,-0.454,-9.228,6.239,,pan
assignment4_topicstop_20261008_194514,41.608,1791456361.494930,1140,1791456361.269933,camera_color_optical_frame,1,-0.0574,-0.2036,0.00222,0.065,1,TRACKING,ok,3.476,-11.520,deg/s,joint_states,-11.600,16.260,0.000,-4.120,0.774,-0.125,-0.079,-0.082,-0.470,-9.152,5.717,,pan
assignment4_topicstop_20261008_194514,41.626,1791456361.511994,1140,1791456361.269933,camera_color_optical_frame,1,-0.0574,-0.2036,0.00222,0.084,1,TRACKING,ok,3.476,-11.520,deg/s,joint_states,-11.510,16.080,1.370,-5.500,0.776,-0.124,-0.072,-0.081,-0.484,-9.082,5.236,,pan
assignment4_topicstop_20261008_194514,41.645,1791456361.530545,1140,1791456361.269933,camera_color_optical_frame,1,-0.0574,-0.2036,0.00222,0.103,1,TRACKING,ok,3.476,-11.520,deg/s,joint_states,-11.430,15.820,2.750,-6.870,0.778,-0.123,-0.065,-0.081,-0.495,-9.008,4.726,,pan
assignment4_topicstop_20261008_194514,41.667,1791456361.553851,1140,1791456361.269933,camera_color_optical_frame,1,-0.0574,-0.2036,0.00222,0.125,1,TRACKING,ok,3.476,-11.520,deg/s,joint_states,-11.340,15.640,4.120,-8.240,0.780,-0.123,-0.057,-0.081,-0.513,-8.925,4.150,,pan
assignment4_topicstop_20261008_194514,41.686,1791456361.571004,1140,1791456361.269933,camera_color_optical_frame,1,-0.0574,-0.2036,0.00222,0.143,1,TRACKING,ok,3.476,-11.520,deg/s,joint_states,-11.250,15.380,4.120,-8.240,0.782,-0.122,-0.051,-0.081,-0.524,-8.854,3.664,,pan
assignment4_topicstop_20261008_194514,41.705,1791456361.590638,1140,1791456361.269933,camera_color_optical_frame,1,-0.0574,-0.2036,0.00222,0.163,1,TRACKING,ok,3.476,-11.520,deg/s,joint_states,-11.160,15.210,4.120,-9.620,0.784,-0.121,-0.044,-0.080,-0.539,-8.780,3.150,,pan
assignment4_topicstop_20261008_194514,41.728,1791456361.613265,1140,1791456361.269933,camera_color_optical_frame,1,-0.0574,-0.2036,0.00222,0.185,1,TRACKING,ok,3.476,-11.520,deg/s,joint_states,-11.070,15.030,4.120,-9.620,0.786,-0.120,-0.036,-0.080,-0.558,-8.696,2.570,,pan
assignment4_topicstop_20261008_194514,41.745,1791456361.630596,1140,1791456361.269933,camera_color_optical_frame,1,-0.0574,-0.2036,0.00222,0.203,1,TRACKING,ok,3.476,-11.520,deg/s,joint_states,-10.990,14.770,2.750,-9.620,0.788,-0.120,-0.029,-0.080,-0.567,-8.630,2.109,,pan
assignment4_topicstop_20261008_194514,41.765,1791456361.651658,1140,1791456361.269933,camera_color_optical_frame,1,-0.0574,-0.2036,0.00222,0.223,1,TRACKING,ok,3.476,-11.520,deg/s,joint_states,-10.900,14.590,2.750,-9.620,0.790,-0.119,-0.022,-0.080,-0.583,-8.555,1.590,,pan
assignment4_topicstop_20261008_194514,41.786,1791456361.671761,1140,1791456361.269933,camera_color_optical_frame,1,-0.0574,-0.2036,0.00222,0.244,1,TRACKING,ok,3.476,-11.520,deg/s,joint_states,-10.900,14.330,2.750,-9.620,0.792,-0.118,-0.015,-0.082,-0.596,-8.477,1.051,,pan
assignment4_topicstop_20261008_194514,41.806,1791456361.692338,1140,1791456361.269933,camera_color_optical_frame,1,-0.0574,-0.2036,0.00222,0.264,1,TRACKING,ok,3.476,-11.520,deg/s,joint_states,-10.720,14.150,2.750,-10.990,0.794,-0.117,-0.008,-0.079,-0.611,-8.405,0.549,,pan
assignment4_topicstop_20261008_194514,41.826,1791456361.710880,1140,1791456361.269933,camera_color_optical_frame,1,-0.0574,-0.2036,0.00222,0.283,1,TRACKING,ok,3.476,-11.520,deg/s,joint_states,-10.630,13.890,4.120,-10.990,0.796,-0.117,-0.001,-0.078,-0.622,-8.333,0.051,,pan
assignment4_topicstop_20261008_194514,41.846,1791456361.731050,1140,1791456361.269933,camera_color_optical_frame,1,-0.0574,-0.2036,0.00222,0.303,1,TRACKING,ok,3.476,-11.520,deg/s,joint_states,-10.550,13.620,4.120,-10.990,0.798,-0.116,0.006,-0.078,-0.634,-8.260,-0.461,,pan
assignment4_topicstop_20261008_194514,41.866,1791456361.753355,1140,1791456361.269933,camera_color_optical_frame,1,-0.0574,-0.2036,0.00222,0.324,1,TRACKING,ok,3.476,-11.520,deg/s,joint_states,-10.460,13.540,4.120,-9.620,0.800,-0.115,0.014,-0.078,-0.654,-8.186,-0.973,,pan
assignment4_topicstop_20261008_194514,41.886,1791456361.772190,1140,1791456361.269933,camera_color_optical_frame,1,-0.0574,-0.2036,0.00222,0.343,1,TRACKING,ok,3.476,-11.520,deg/s,joint_states,-10.370,13.270,4.120,-9.620,0.802,-0.114,0.021,-0.077,-0.664,-8.115,-1.465,,pan
assignment4_topicstop_20261008_194514,41.906,1791456361.790780,1140,1791456361.269933,camera_color_optical_frame,1,-0.0574,-0.2036,0.00222,0.363,1,TRACKING,ok,3.476,-11.520,deg/s,joint_states,-10.280,13.010,2.750,-10.990,0.804,-0.114,0.028,-0.076,-0.676,-8.043,-1.965,,pan
assignment4_topicstop_20261008_194514,41.927,1791456361.814576,1140,1791456361.269933,camera_color_optical_frame,1,-0.0574,-0.2036,0.00222,0.385,1,TRACKING,ok,3.476,-11.520,deg/s,joint_states,-10.280,12.830,2.750,-10.990,0.806,-0.113,0.036,-0.079,-0.692,-7.966,-2.498,,pan
assignment4_topicstop_20261008_194514,41.946,1791456361.831238,1140,1791456361.269933,camera_color_optical_frame,1,-0.0574,-0.2036,0.00222,0.403,1,TRACKING,ok,3.476,-11.520,deg/s,joint_states,-10.200,12.570,2.750,-10.990,0.808,-0.112,0.042,-0.079,-0.702,-7.899,-2.962,,pan
assignment4_topicstop_20261008_194514,41.965,1791456361.850561,1140,1791456361.269933,camera_color_optical_frame,1,-0.0574,-0.2036,0.00222,0.423,1,TRACKING,ok,3.476,-11.520,deg/s,joint_states,-10.110,12.390,2.750,-9.620,0.810,-0.111,0.049,-0.078,-0.717,-7.829,-3.445,,pan
assignment4_topicstop_20261008_194514,41.986,1791456361.872555,1140,1791456361.269933,camera_color_optical_frame,1,-0.0574,-0.2036,0.00222,0.444,1,TRACKING,ok,3.476,-11.520,deg/s,joint_states,-10.110,12.220,2.750,-9.620,0.812,-0.111,0.057,-0.081,-0.733,-7.755,-3.961,,pan
assignment4_topicstop_20261008_194514,42.005,1791456361.890588,1140,1791456361.269933,camera_color_optical_frame,1,-0.0574,-0.2036,0.00222,0.463,1,TRACKING,ok,3.476,-11.520,deg/s,joint_states,-10.020,11.870,2.750,-9.620,0.814,-0.110,0.064,-0.080,-0.738,-7.688,-4.424,,pan
assignment4_topicstop_20261008_194514,42.025,1791456361.911608,1140,1791456361.269933,camera_color_optical_frame,1,-0.0574,-0.2036,0.00222,0.483,1,TRACKING,ok,3.476,-11.520,deg/s,joint_states,-9.840,11.690,2.750,-10.990,0.816,-0.109,0.071,-0.076,-0.753,-7.617,-4.910,,pan
assignment4_topicstop_20261008_194514,42.047,1791456361.933489,1140,1791456361.269933,camera_color_optical_frame,1,-0.0574,-0.2036,0.00222,0.504,1,LOST,input_timeout,0.000,0.000,deg/s,joint_states,-9.760,11.430,2.750,-10.990,0.818,-0.108,0.078,-0.076,-0.765,-7.544,-5.416,,pan
assignment4_topicstop_20261008_194514,42.066,1791456361.951549,1140,1791456361.269933,camera_color_optical_frame,1,-0.0574,-0.2036,0.00222,0.523,1,LOST,input_timeout,0.000,0.000,deg/s,joint_states,-9.670,11.250,4.120,-10.990,0.820,-0.108,0.085,-0.075,-0.778,-7.478,-5.871,,pan
assignment4_topicstop_20261008_194514,42.086,1791456361.971029,1140,1791456361.269933,camera_color_optical_frame,1,-0.0574,-0.2036,0.00222,0.543,1,LOST,input_timeout,0.000,0.000,deg/s,joint_states,-9.580,11.070,4.120,-10.990,0.822,-0.107,0.092,-0.075,-0.793,-7.408,-6.350,,pan
assignment4_topicstop_20261008_194514,42.106,1791456361.991480,1140,1791456361.269933,camera_color_optical_frame,1,-0.0574,-0.2036,0.00222,0.564,1,LOST,input_timeout,0.000,0.000,deg/s,joint_states,-9.490,10.810,4.120,-10.990,0.824,-0.106,0.100,-0.074,-0.803,-7.337,-6.832,,pan
assignment4_topicstop_20261008_194514,42.126,1791456362.013324,1140,1791456361.269933,camera_color_optical_frame,1,-0.0574,-0.2036,0.00222,0.583,1,LOST,input_timeout,0.000,0.000,deg/s,joint_states,-9.490,10.630,2.750,-10.990,0.826,-0.105,0.107,-0.076,-0.817,-7.270,-7.291,,pan
assignment4_topicstop_20261008_194514,42.146,1791456362.030980,1140,1791456361.269933,camera_color_optical_frame,1,-0.0574,-0.2036,0.00222,0.603,1,LOST,input_timeout,0.000,0.000,deg/s,joint_states,-9.490,10.460,1.370,-9.620,0.828,-0.105,0.114,-0.079,-0.831,-7.202,-7.755,,pan
assignment4_topicstop_20261008_194514,42.167,1791456362.051933,1140,1791456361.269933,camera_color_optical_frame,1,-0.0574,-0.2036,0.00222,0.624,1,LOST,input_timeout,0.000,0.000,deg/s,joint_states,-9.490,10.460,0.000,-8.240,0.831,-0.104,0.121,-0.081,-0.855,-7.131,-8.240,,pan
assignment4_topicstop_20261008_194514,42.185,1791456362.071470,1140,1791456361.269933,camera_color_optical_frame,1,-0.0574,-0.2036,0.00222,0.643,1,LOST,input_timeout,0.000,0.000,deg/s,joint_states,-9.490,10.460,0.000,-5.500,0.832,-0.103,0.128,-0.084,-0.877,-7.068,-8.671,,pan
assignment4_topicstop_20261008_194514,42.206,1791456362.091329,1140,1791456361.269933,camera_color_optical_frame,1,-0.0574,-0.2036,0.00222,0.663,1,LOST,input_timeout,0.000,0.000,deg/s,joint_states,-9.490,10.460,0.000,-2.750,0.834,-0.102,0.135,-0.086,-0.900,-6.999,-9.135,,pan
assignment4_topicstop_20261008_194514,42.225,1791456362.110475,1140,1791456361.269933,camera_color_optical_frame,1,-0.0574,-0.2036,0.00222,0.683,1,LOST,input_timeout,0.000,0.000,deg/s,joint_states,-9.490,10.460,0.000,0.000,0.836,-0.102,0.142,-0.089,-0.922,-6.934,-9.577,,pan
assignment4_topicstop_20261008_194514,42.245,1791456362.130600,1140,1791456361.269933,camera_color_optical_frame,1,-0.0574,-0.2036,0.00222,0.703,1,LOST,input_timeout,0.000,0.000,deg/s,joint_states,-9.490,10.460,0.000,0.000,0.838,-0.101,0.149,-0.091,-0.944,-6.867,-10.030,,pan
assignment4_topicstop_20261008_194514,42.265,1791456362.150714,1140,1791456361.269933,camera_color_optical_frame,1,-0.0574,-0.2036,0.00222,0.723,1,LOST,input_timeout,0.000,0.000,deg/s,joint_states,-9.490,10.460,0.000,0.000,0.840,-0.100,0.157,-0.094,-0.967,-6.800,-10.477,,pan
assignment4_topicstop_20261008_194514,42.285,1791456362.171561,1140,1791456361.269933,camera_color_optical_frame,1,-0.0574,-0.2036,0.00222,0.743,1,LOST,input_timeout,0.000,0.000,deg/s,joint_states,-9.490,10.460,0.000,0.000,0.842,-0.099,0.164,-0.096,-0.989,-6.734,-10.919,,pan
assignment4_topicstop_20261008_194514,42.305,1791456362.191545,1140,1791456361.269933,camera_color_optical_frame,1,-0.0574,-0.2036,0.00222,0.763,1,LOST,input_timeout,0.000,0.000,deg/s,joint_states,-9.490,10.460,0.000,0.000,0.844,-0.099,0.171,-0.099,-1.012,-6.668,-11.359,,pan
assignment4_topicstop_20261008_194514,42.327,1791456362.214797,1140,1791456361.269933,camera_color_optical_frame,1,-0.0574,-0.2036,0.00222,0.784,1,LOST,input_timeout,0.000,0.000,deg/s,joint_states,-9.490,10.460,0.000,0.000,0.847,-0.098,0.178,-0.101,-1.036,-6.599,-11.819,,pan
assignment4_topicstop_20261008_194514,42.346,1791456362.231209,1140,1791456361.269933,camera_color_optical_frame,1,-0.0574,-0.2036,0.00222,0.803,1,LOST,input_timeout,0.000,0.000,deg/s,joint_states,-9.490,10.460,0.000,0.000,0.849,-0.097,0.185,-0.103,-1.057,-6.537,-12.234,,pan
assignment4_topicstop_20261008_194514,42.366,1791456362.251190,1140,1791456361.269933,camera_color_optical_frame,1,-0.0574,-0.2036,0.00222,0.824,1,LOST,input_timeout,0.000,0.000,deg/s,joint_states,-9.490,10.460,0.000,0.000,0.851,-0.096,0.192,-0.106,-1.080,-6.471,-12.668,,pan
assignment4_topicstop_20261008_194514,42.385,1791456362.271378,1140,1791456361.269933,camera_color_optical_frame,1,-0.0574,-0.2036,0.00222,0.843,1,LOST,input_timeout,0.000,0.000,deg/s,joint_states,-9.490,10.460,0.000,0.000,0.853,-0.096,0.199,-0.108,-1.101,-6.409,-13.081,,pan
assignment4_topicstop_20261008_194514,42.406,1791456362.291302,1140,1791456361.269933,camera_color_optical_frame,1,-0.0574,-0.2036,0.00222,0.863,1,LOST,input_timeout,0.000,0.000,deg/s,joint_states,-9.490,10.460,0.000,0.000,0.853,-0.096,0.199,-0.108,-1.102,-6.407,-13.088,,pan
assignment4_topicstop_20261008_194514,42.426,1791456362.314068,1140,1791456361.269933,camera_color_optical_frame,1,-0.0574,-0.2036,0.00222,0.884,1,LOST,input_timeout,0.000,0.000,deg/s,joint_states,-9.490,10.460,0.000,0.000,0.853,-0.096,0.199,-0.108,-1.102,-6.407,-13.088,,pan
assignment4_topicstop_20261008_194514,42.446,1791456362.331027,1140,1791456361.269933,camera_color_optical_frame,1,-0.0574,-0.2036,0.00222,0.903,1,LOST,input_timeout,0.000,0.000,deg/s,joint_states,-9.490,10.460,0.000,0.000,0.853,-0.096,0.199,-0.108,-1.102,-6.407,-13.088,,pan
assignment4_topicstop_20261008_194514,42.465,1791456362.350732,1140,1791456361.269933,camera_color_optical_frame,1,-0.0574,-0.2036,0.00222,0.923,1,LOST,input_timeout,0.000,0.000,deg/s,joint_states,-9.490,10.460,0.000,0.000,0.853,-0.096,0.199,-0.108,-1.102,-6.407,-13.088,,pan
assignment4_topicstop_20261008_194514,42.485,1791456362.371284,1140,1791456361.269933,camera_color_optical_frame,1,-0.0574,-0.2036,0.00222,0.943,1,LOST,input_timeout,0.000,0.000,deg/s,joint_states,-9.400,10.460,0.000,0.000,0.853,-0.096,0.199,-0.105,-1.102,-6.407,-13.088,,pan
assignment4_topicstop_20261008_194514,42.505,1791456362.391372,1140,1791456361.269933,camera_color_optical_frame,1,-0.0574,-0.2036,0.00222,0.963,1,LOST,input_timeout,0.000,0.000,deg/s,joint_states,-9.490,10.460,0.000,0.000,0.853,-0.096,0.199,-0.108,-1.102,-6.407,-13.088,,pan
assignment4_topicstop_20261008_194514,42.527,1791456362.415028,1140,1791456361.269933,camera_color_optical_frame,1,-0.0574,-0.2036,0.00222,0.985,1,LOST,input_timeout,0.000,0.000,deg/s,joint_states,-9.490,10.460,0.000,0.000,0.853,-0.096,0.199,-0.108,-1.102,-6.407,-13.088,,pan
assignment4_topicstop_20261008_194514,42.546,1791456362.431495,1140,1791456361.269933,camera_color_optical_frame,1,-0.0574,-0.2036,0.00222,1.004,1,LOST,input_timeout,0.000,0.000,deg/s,joint_states,-9.490,10.460,0.000,0.000,0.853,-0.096,0.199,-0.108,-1.102,-6.407,-13.088,,pan
assignment4_topicstop_20261008_194514,42.566,1791456362.450706,1140,1791456361.269933,camera_color_optical_frame,1,-0.0574,-0.2036,0.00222,1.023,1,LOST,input_timeout,0.000,0.000,deg/s,joint_states,-9.490,10.460,0.000,0.000,0.853,-0.096,0.199,-0.108,-1.102,-6.407,-13.088,,pan
assignment4_topicstop_20261008_194514,42.585,1791456362.471253,1140,1791456361.269933,camera_color_optical_frame,1,-0.0574,-0.2036,0.00222,1.043,1,LOST,input_timeout,0.000,0.000,deg/s,joint_states,-9.490,10.460,0.000,0.000,0.853,-0.096,0.199,-0.108,-1.102,-6.407,-13.088,,pan
assignment4_topicstop_20261008_194514,42.605,1791456362.491454,1140,1791456361.269933,camera_color_optical_frame,1,-0.0574,-0.2036,0.00222,1.063,1,LOST,input_timeout,0.000,0.000,deg/s,joint_states,-9.400,10.460,0.000,0.000,0.853,-0.096,0.199,-0.105,-1.102,-6.407,-13.088,,pan
assignment4_topicstop_20261008_194514,42.627,1791456362.514194,1140,1791456361.269933,camera_color_optical_frame,1,-0.0574,-0.2036,0.00222,1.085,1,LOST,input_timeout,0.000,0.000,deg/s,joint_states,-9.400,10.460,0.000,0.000,0.853,-0.096,0.199,-0.105,-1.102,-6.407,-13.088,,pan
assignment4_topicstop_20261008_194514,42.646,1791456362.531063,1140,1791456361.269933,camera_color_optical_frame,1,-0.0574,-0.2036,0.00222,1.103,1,LOST,input_timeout,0.000,0.000,deg/s,joint_states,-9.490,10.460,0.000,0.000,0.853,-0.096,0.199,-0.108,-1.102,-6.407,-13.088,,pan
assignment4_topicstop_20261008_194514,42.666,1791456362.550869,1140,1791456361.269933,camera_color_optical_frame,1,-0.0574,-0.2036,0.00222,1.123,1,LOST,input_timeout,0.000,0.000,deg/s,joint_states,-9.490,10.460,0.000,0.000,0.853,-0.096,0.199,-0.108,-1.102,-6.407,-13.088,,pan
assignment4_topicstop_20261008_194514,42.685,1791456362.571409,1140,1791456361.269933,camera_color_optical_frame,1,-0.0574,-0.2036,0.00222,1.143,1,LOST,input_timeout,0.000,0.000,deg/s,joint_states,-9.490,10.460,0.000,0.000,0.853,-0.096,0.199,-0.108,-1.102,-6.407,-13.088,,pan
assignment4_topicstop_20261008_194514,42.706,1791456362.591276,1140,1791456361.269933,camera_color_optical_frame,1,-0.0574,-0.2036,0.00222,1.163,1,LOST,input_timeout,0.000,0.000,deg/s,joint_states,-9.400,10.460,0.000,0.000,0.853,-0.096,0.199,-0.105,-1.102,-6.407,-13.088,,pan
assignment4_topicstop_20261008_194514,42.726,1791456362.612271,1140,1791456361.269933,camera_color_optical_frame,1,-0.0574,-0.2036,0.00222,1.184,1,LOST,input_timeout,0.000,0.000,deg/s,joint_states,-9.400,10.460,0.000,0.000,0.853,-0.096,0.199,-0.105,-1.102,-6.407,-13.088,,pan
assignment4_topicstop_20261008_194514,42.746,1791456362.631026,1140,1791456361.269933,camera_color_optical_frame,1,-0.0574,-0.2036,0.00222,1.203,1,LOST,input_timeout,0.000,0.000,deg/s,joint_states,-9.490,10.550,0.000,0.000,0.853,-0.096,0.199,-0.108,-1.106,-6.407,-13.088,,pan
assignment4_topicstop_20261008_194514,42.766,1791456362.651065,1140,1791456361.269933,camera_color_optical_frame,1,-0.0574,-0.2036,0.00222,1.223,1,LOST,input_timeout,0.000,0.000,deg/s,joint_states,-9.490,10.460,0.000,0.000,0.853,-0.096,0.199,-0.108,-1.102,-6.407,-13.088,,pan
assignment4_topicstop_20261008_194514,42.785,1791456362.671445,1140,1791456361.269933,camera_color_optical_frame,1,-0.0574,-0.2036,0.00222,1.243,1,LOST,input_timeout,0.000,0.000,deg/s,joint_states,-9.490,10.460,0.000,0.000,0.853,-0.096,0.199,-0.108,-1.102,-6.407,-13.088,,pan
assignment4_topicstop_20261008_194514,42.805,1791456362.691432,1140,1791456361.269933,camera_color_optical_frame,1,-0.0574,-0.2036,0.00222,1.263,1,LOST,input_timeout,0.000,0.000,deg/s,joint_states,-9.400,10.460,0.000,0.000,0.853,-0.096,0.199,-0.105,-1.102,-6.407,-13.088,,pan
assignment4_topicstop_20261008_194514,42.827,1791456362.714285,1140,1791456361.269933,camera_color_optical_frame,1,-0.0574,-0.2036,0.00222,1.284,1,LOST,input_timeout,0.000,0.000,deg/s,joint_states,-9.400,10.460,0.000,0.000,0.853,-0.096,0.199,-0.105,-1.102,-6.407,-13.088,,pan
assignment4_topicstop_20261008_194514,42.846,1791456362.731938,1140,1791456361.269933,camera_color_optical_frame,1,-0.0574,-0.2036,0.00222,1.304,1,LOST,input_timeout,0.000,0.000,deg/s,joint_states,-9.400,10.460,0.000,0.000,0.853,-0.096,0.199,-0.105,-1.102,-6.407,-13.088,,pan
assignment4_topicstop_20261008_194514,42.866,1791456362.751377,1140,1791456361.269933,camera_color_optical_frame,1,-0.0574,-0.2036,0.00222,1.324,1,LOST,input_timeout,0.000,0.000,deg/s,joint_states,-9.400,10.460,0.000,0.000,0.853,-0.096,0.199,-0.105,-1.102,-6.407,-13.088,,pan
assignment4_topicstop_20261008_194514,42.885,1791456362.771516,1140,1791456361.269933,camera_color_optical_frame,1,-0.0574,-0.2036,0.00222,1.343,1,LOST,input_timeout,0.000,0.000,deg/s,joint_states,-9.490,10.460,0.000,0.000,0.853,-0.096,0.199,-0.108,-1.102,-6.407,-13.088,,pan
assignment4_topicstop_20261008_194514,42.905,1791456362.791097,1140,1791456361.269933,camera_color_optical_frame,1,-0.0574,-0.2036,0.00222,1.363,1,LOST,input_timeout,0.000,0.000,deg/s,joint_states,-9.490,10.460,0.000,0.000,0.853,-0.096,0.199,-0.108,-1.102,-6.407,-13.088,,pan
assignment4_topicstop_20261008_194514,42.926,1791456362.812069,1140,1791456361.269933,camera_color_optical_frame,1,-0.0574,-0.2036,0.00222,1.384,1,LOST,input_timeout,0.000,0.000,deg/s,joint_states,-9.490,10.460,0.000,0.000,0.853,-0.096,0.199,-0.108,-1.102,-6.407,-13.088,,pan
assignment4_topicstop_20261008_194514,42.946,1791456362.831749,1140,1791456361.269933,camera_color_optical_frame,1,-0.0574,-0.2036,0.00222,1.404,1,LOST,input_timeout,0.000,0.000,deg/s,joint_states,-9.490,10.460,0.000,0.000,0.853,-0.096,0.199,-0.108,-1.102,-6.407,-13.088,,pan
assignment4_topicstop_20261008_194514,42.966,1791456362.851294,1140,1791456361.269933,camera_color_optical_frame,1,-0.0574,-0.2036,0.00222,1.424,1,LOST,input_timeout,0.000,0.000,deg/s,joint_states,-9.490,10.460,0.000,0.000,0.853,-0.096,0.199,-0.108,-1.102,-6.407,-13.088,,pan
assignment4_topicstop_20261008_194514,42.985,1791456362.870877,1140,1791456361.269933,camera_color_optical_frame,1,-0.0574,-0.2036,0.00222,1.443,1,LOST,input_timeout,0.000,0.000,deg/s,joint_states,-9.400,10.460,0.000,0.000,0.853,-0.096,0.199,-0.105,-1.102,-6.407,-13.088,,pan
assignment4_topicstop_20261008_194514,43.005,1791456362.891185,1140,1791456361.269933,camera_color_optical_frame,1,-0.0574,-0.2036,0.00222,1.463,1,LOST,input_timeout,0.000,0.000,deg/s,joint_states,-9.400,10.460,0.000,0.000,0.853,-0.096,0.199,-0.105,-1.102,-6.407,-13.088,,pan
assignment4_topicstop_20261008_194514,43.026,1791456362.912137,1140,1791456361.269933,camera_color_optical_frame,1,-0.0574,-0.2036,0.00222,1.484,1,LOST,input_timeout,0.000,0.000,deg/s,joint_states,-9.400,10.460,0.000,0.000,0.853,-0.096,0.199,-0.105,-1.102,-6.407,-13.088,,pan
assignment4_topicstop_20261008_194514,43.046,1791456362.931720,1140,1791456361.269933,camera_color_optical_frame,1,-0.0574,-0.2036,0.00222,1.503,1,LOST,input_timeout,0.000,0.000,deg/s,joint_states,-9.400,10.460,0.000,0.000,0.853,-0.096,0.199,-0.105,-1.102,-6.407,-13.088,,pan
assignment4_topicstop_20261008_194514,43.066,1791456362.951214,1140,1791456361.269933,camera_color_optical_frame,1,-0.0574,-0.2036,0.00222,1.524,1,LOST,input_timeout,0.000,0.000,deg/s,joint_states,-9.400,10.460,0.000,0.000,0.853,-0.096,0.199,-0.105,-1.102,-6.407,-13.088,,pan
assignment4_topicstop_20261008_194514,43.085,1791456362.971364,1140,1791456361.269933,camera_color_optical_frame,1,-0.0574,-0.2036,0.00222,1.543,1,LOST,input_timeout,0.000,0.000,deg/s,joint_states,-9.400,10.460,0.000,0.000,0.853,-0.096,0.199,-0.105,-1.102,-6.407,-13.088,,pan
assignment4_topicstop_20261008_194514,43.105,1791456362.991132,1140,1791456361.269933,camera_color_optical_frame,1,-0.0574,-0.2036,0.00222,1.563,1,LOST,input_timeout,0.000,0.000,deg/s,joint_states,-9.490,10.460,0.000,0.000,0.853,-0.096,0.199,-0.108,-1.102,-6.407,-13.088,,pan
assignment4_topicstop_20261008_194514,43.126,1791456363.014019,1140,1791456361.269933,camera_color_optical_frame,1,-0.0574,-0.2036,0.00222,1.584,1,LOST,input_timeout,0.000,0.000,deg/s,joint_states,-9.400,10.460,0.000,0.000,0.853,-0.096,0.199,-0.105,-1.102,-6.407,-13.088,,pan
assignment4_topicstop_20261008_194514,43.146,1791456363.031856,1140,1791456361.269933,camera_color_optical_frame,1,-0.0574,-0.2036,0.00222,1.604,1,LOST,input_timeout,0.000,0.000,deg/s,joint_states,-9.400,10.460,0.000,0.000,0.853,-0.096,0.199,-0.105,-1.102,-6.407,-13.088,,pan
assignment4_topicstop_20261008_194514,43.166,1791456363.050730,1140,1791456361.269933,camera_color_optical_frame,1,-0.0574,-0.2036,0.00222,1.623,1,LOST,input_timeout,0.000,0.000,deg/s,joint_states,-9.400,10.460,0.000,0.000,0.853,-0.096,0.199,-0.105,-1.102,-6.407,-13.088,,pan
assignment4_topicstop_20261008_194514,43.185,1791456363.071301,1140,1791456361.269933,camera_color_optical_frame,1,-0.0574,-0.2036,0.00222,1.643,1,LOST,input_timeout,0.000,0.000,deg/s,joint_states,-9.490,10.460,0.000,0.000,0.853,-0.096,0.199,-0.108,-1.102,-6.407,-13.088,,pan
assignment4_topicstop_20261008_194514,43.205,1791456363.090888,1140,1791456361.269933,camera_color_optical_frame,1,-0.0574,-0.2036,0.00222,1.663,1,LOST,input_timeout,0.000,0.000,deg/s,joint_states,-9.400,10.460,0.000,0.000,0.853,-0.096,0.199,-0.105,-1.102,-6.407,-13.088,,pan
assignment4_topicstop_20261008_194514,43.226,1791456363.112650,1140,1791456361.269933,camera_color_optical_frame,1,-0.0574,-0.2036,0.00222,1.684,1,LOST,input_timeout,0.000,0.000,deg/s,joint_states,-9.400,10.460,0.000,0.000,0.853,-0.096,0.199,-0.105,-1.102,-6.407,-13.088,,pan
assignment4_topicstop_20261008_194514,43.246,1791456363.131577,1140,1791456361.269933,camera_color_optical_frame,1,-0.0574,-0.2036,0.00222,1.703,1,LOST,input_timeout,0.000,0.000,deg/s,joint_states,-9.400,10.460,0.000,0.000,0.853,-0.096,0.199,-0.105,-1.102,-6.407,-13.088,,pan
assignment4_topicstop_20261008_194514,43.266,1791456363.150983,1140,1791456361.269933,camera_color_optical_frame,1,-0.0574,-0.2036,0.00222,1.723,1,LOST,input_timeout,0.000,0.000,deg/s,joint_states,-9.400,10.460,0.000,0.000,0.853,-0.096,0.199,-0.105,-1.102,-6.407,-13.088,,pan
assignment4_topicstop_20261008_194514,43.285,1791456363.170894,1140,1791456361.269933,camera_color_optical_frame,1,-0.0574,-0.2036,0.00222,1.743,1,LOST,input_timeout,0.000,0.000,deg/s,joint_states,-9.400,10.460,0.000,0.000,0.853,-0.096,0.199,-0.105,-1.102,-6.407,-13.088,,pan
assignment4_topicstop_20261008_194514,43.305,1791456363.190930,1140,1791456361.269933,camera_color_optical_frame,1,-0.0574,-0.2036,0.00222,1.763,1,LOST,input_timeout,0.000,0.000,deg/s,joint_states,-9.400,10.460,0.000,0.000,0.853,-0.096,0.199,-0.105,-1.102,-6.407,-13.088,,pan
assignment4_topicstop_20261008_194514,43.326,1791456363.213309,1140,1791456361.269933,camera_color_optical_frame,1,-0.0574,-0.2036,0.00222,1.784,1,LOST,input_timeout,0.000,0.000,deg/s,joint_states,-9.400,10.460,0.000,0.000,0.853,-0.096,0.199,-0.105,-1.102,-6.407,-13.088,,pan
assignment4_topicstop_20261008_194514,43.346,1791456363.231744,1140,1791456361.269933,camera_color_optical_frame,1,-0.0574,-0.2036,0.00222,1.804,1,LOST,input_timeout,0.000,0.000,deg/s,joint_states,-9.400,10.460,0.000,0.000,0.853,-0.096,0.199,-0.105,-1.102,-6.407,-13.088,,pan
assignment4_topicstop_20261008_194514,43.365,1791456363.250612,1140,1791456361.269933,camera_color_optical_frame,1,-0.0574,-0.2036,0.00222,1.823,1,LOST,input_timeout,0.000,0.000,deg/s,joint_states,-9.400,10.460,0.000,0.000,0.853,-0.096,0.199,-0.105,-1.102,-6.407,-13.088,,pan
assignment4_topicstop_20261008_194514,43.385,1791456363.270660,1140,1791456361.269933,camera_color_optical_frame,1,-0.0574,-0.2036,0.00222,1.843,1,LOST,input_timeout,0.000,0.000,deg/s,joint_states,-9.400,10.460,0.000,0.000,0.853,-0.096,0.199,-0.105,-1.102,-6.407,-13.088,,pan
assignment4_topicstop_20261008_194514,43.405,1791456363.290920,1140,1791456361.269933,camera_color_optical_frame,1,-0.0574,-0.2036,0.00222,1.863,1,LOST,input_timeout,0.000,0.000,deg/s,joint_states,-9.400,10.460,0.000,0.000,0.853,-0.096,0.199,-0.105,-1.102,-6.407,-13.088,,pan
assignment4_topicstop_20261008_194514,43.426,1791456363.313165,1140,1791456361.269933,camera_color_optical_frame,1,-0.0574,-0.2036,0.00222,1.884,1,LOST,input_timeout,0.000,0.000,deg/s,joint_states,-9.400,10.460,0.000,0.000,0.853,-0.096,0.199,-0.105,-1.102,-6.407,-13.088,,pan
assignment4_topicstop_20261008_194514,43.446,1791456363.331779,1140,1791456361.269933,camera_color_optical_frame,1,-0.0574,-0.2036,0.00222,1.904,1,LOST,input_timeout,0.000,0.000,deg/s,joint_states,-9.400,10.460,0.000,0.000,0.853,-0.096,0.199,-0.105,-1.102,-6.407,-13.088,,pan
assignment4_topicstop_20261008_194514,43.466,1791456363.350759,1140,1791456361.269933,camera_color_optical_frame,1,-0.0574,-0.2036,0.00222,1.923,1,LOST,input_timeout,0.000,0.000,deg/s,joint_states,-9.400,10.460,0.000,0.000,0.853,-0.096,0.199,-0.105,-1.102,-6.407,-13.088,,pan
assignment4_topicstop_20261008_194514,43.485,1791456363.370770,1140,1791456361.269933,camera_color_optical_frame,1,-0.0574,-0.2036,0.00222,1.943,1,LOST,input_timeout,0.000,0.000,deg/s,joint_states,-9.400,10.460,0.000,0.000,0.853,-0.096,0.199,-0.105,-1.102,-6.407,-13.088,,pan
assignment4_topicstop_20261008_194514,43.505,1791456363.390916,1140,1791456361.269933,camera_color_optical_frame,1,-0.0574,-0.2036,0.00222,1.963,1,LOST,input_timeout,0.000,0.000,deg/s,joint_states,-9.400,10.460,0.000,0.000,0.853,-0.096,0.199,-0.105,-1.102,-6.407,-13.088,,pan
assignment4_topicstop_20261008_194514,43.526,1791456363.413535,1140,1791456361.269933,camera_color_optical_frame,1,-0.0574,-0.2036,0.00222,1.984,1,LOST,input_timeout,0.000,0.000,deg/s,joint_states,-9.400,10.460,0.000,0.000,0.853,-0.096,0.199,-0.105,-1.102,-6.407,-13.088,,pan
assignment4_topicstop_20261008_194514,43.546,1791456363.431667,1140,1791456361.269933,camera_color_optical_frame,1,-0.0574,-0.2036,0.00222,2.003,1,LOST,input_timeout,0.000,0.000,deg/s,joint_states,-9.400,10.460,0.000,0.000,0.853,-0.096,0.199,-0.105,-1.102,-6.407,-13.088,,pan
assignment4_topicstop_20261008_194514,43.565,1791456363.450589,1140,1791456361.269933,camera_color_optical_frame,1,-0.0574,-0.2036,0.00222,2.023,1,LOST,input_timeout,0.000,0.000,deg/s,joint_states,-9.400,10.460,0.000,0.000,0.853,-0.096,0.199,-0.105,-1.102,-6.407,-13.088,,pan
assignment4_topicstop_20261008_194514,43.585,1791456363.470402,1140,1791456361.269933,camera_color_optical_frame,1,-0.0574,-0.2036,0.00222,2.043,1,LOST,input_timeout,0.000,0.000,deg/s,joint_states,-9.400,10.460,0.000,0.000,0.853,-0.096,0.199,-0.105,-1.102,-6.407,-13.088,,pan
assignment4_topicstop_20261008_194514,43.605,1791456363.490634,1140,1791456361.269933,camera_color_optical_frame,1,-0.0574,-0.2036,0.00222,2.063,1,LOST,input_timeout,0.000,0.000,deg/s,joint_states,-9.400,10.460,0.000,0.000,0.853,-0.096,0.199,-0.105,-1.102,-6.407,-13.088,,pan
assignment4_topicstop_20261008_194514,43.626,1791456363.512108,1140,1791456361.269933,camera_color_optical_frame,1,-0.0574,-0.2036,0.00222,2.084,1,LOST,input_timeout,0.000,0.000,deg/s,joint_states,-9.400,10.460,0.000,0.000,0.853,-0.096,0.199,-0.105,-1.102,-6.407,-13.088,,pan
assignment4_topicstop_20261008_194514,43.646,1791456363.531924,1140,1791456361.269933,camera_color_optical_frame,1,-0.0574,-0.2036,0.00222,2.104,1,LOST,input_timeout,0.000,0.000,deg/s,joint_states,-9.400,10.460,0.000,0.000,0.853,-0.096,0.199,-0.105,-1.102,-6.407,-13.088,,pan
assignment4_topicstop_20261008_194514,43.667,1791456363.551931,1140,1791456361.269933,camera_color_optical_frame,1,-0.0574,-0.2036,0.00222,2.124,1,LOST,input_timeout,0.000,0.000,deg/s,joint_states,-9.400,10.460,0.000,0.000,0.853,-0.096,0.199,-0.105,-1.102,-6.407,-13.088,,pan
assignment4_topicstop_20261008_194514,43.685,1791456363.570492,1140,1791456361.269933,camera_color_optical_frame,1,-0.0574,-0.2036,0.00222,2.143,1,LOST,input_timeout,0.000,0.000,deg/s,joint_states,-9.400,10.460,0.000,0.000,0.853,-0.096,0.199,-0.105,-1.102,-6.407,-13.088,,pan
assignment4_topicstop_20261008_194514,43.705,1791456363.591069,1140,1791456361.269933,camera_color_optical_frame,1,-0.0574,-0.2036,0.00222,2.163,1,LOST,input_timeout,0.000,0.000,deg/s,joint_states,-9.400,10.460,0.000,0.000,0.853,-0.096,0.199,-0.105,-1.102,-6.407,-13.088,,pan
assignment4_topicstop_20261008_194514,43.726,1791456363.613744,1140,1791456361.269933,camera_color_optical_frame,1,-0.0574,-0.2036,0.00222,2.184,1,LOST,input_timeout,0.000,0.000,deg/s,joint_states,-9.400,10.460,0.000,0.000,0.853,-0.096,0.199,-0.105,-1.102,-6.407,-13.088,,pan
assignment4_topicstop_20261008_194514,43.746,1791456363.631402,1140,1791456361.269933,camera_color_optical_frame,1,-0.0574,-0.2036,0.00222,2.203,1,LOST,input_timeout,0.000,0.000,deg/s,joint_states,-9.400,10.460,0.000,0.000,0.853,-0.096,0.199,-0.105,-1.102,-6.407,-13.088,,pan
assignment4_topicstop_20261008_194514,43.766,1791456363.650898,1140,1791456361.269933,camera_color_optical_frame,1,-0.0574,-0.2036,0.00222,2.223,1,LOST,input_timeout,0.000,0.000,deg/s,joint_states,-9.400,10.460,0.000,0.000,0.853,-0.096,0.199,-0.105,-1.102,-6.407,-13.088,,pan
assignment4_topicstop_20261008_194514,43.785,1791456363.670282,1140,1791456361.269933,camera_color_optical_frame,1,-0.0574,-0.2036,0.00222,2.243,1,LOST,input_timeout,0.000,0.000,deg/s,joint_states,-9.400,10.460,0.000,0.000,0.853,-0.096,0.199,-0.105,-1.102,-6.407,-13.088,,pan
assignment4_topicstop_20261008_194514,43.805,1791456363.690953,1140,1791456361.269933,camera_color_optical_frame,1,-0.0574,-0.2036,0.00222,2.263,1,LOST,input_timeout,0.000,0.000,deg/s,joint_states,-9.400,10.460,0.000,0.000,0.853,-0.096,0.199,-0.105,-1.102,-6.407,-13.088,,pan
assignment4_topicstop_20261008_194514,43.826,1791456363.716198,1140,1791456361.269933,camera_color_optical_frame,1,-0.0574,-0.2036,0.00222,2.284,1,LOST,input_timeout,0.000,0.000,deg/s,joint_states,-9.400,10.460,0.000,0.000,0.853,-0.096,0.199,-0.105,-1.102,-6.407,-13.088,,pan
assignment4_topicstop_20261008_194514,43.846,1791456363.731258,1140,1791456361.269933,camera_color_optical_frame,1,-0.0574,-0.2036,0.00222,2.304,1,LOST,input_timeout,0.000,0.000,deg/s,joint_states,-9.400,10.460,0.000,0.000,0.853,-0.096,0.199,-0.105,-1.102,-6.407,-13.088,,pan
assignment4_topicstop_20261008_194514,43.867,1791456363.752409,1140,1791456361.269933,camera_color_optical_frame,1,-0.0574,-0.2036,0.00222,2.324,1,LOST,input_timeout,0.000,0.000,deg/s,joint_states,-9.400,10.460,0.000,0.000,0.853,-0.096,0.199,-0.105,-1.102,-6.407,-13.088,,pan
assignment4_topicstop_20261008_194514,43.885,1791456363.770672,1140,1791456361.269933,camera_color_optical_frame,1,-0.0574,-0.2036,0.00222,2.343,1,LOST,input_timeout,0.000,0.000,deg/s,joint_states,-9.400,10.460,0.000,0.000,0.853,-0.096,0.199,-0.105,-1.102,-6.407,-13.088,,pan
assignment4_topicstop_20261008_194514,43.905,1791456363.790914,1140,1791456361.269933,camera_color_optical_frame,1,-0.0574,-0.2036,0.00222,2.363,1,LOST,input_timeout,0.000,0.000,deg/s,joint_states,-9.400,10.460,0.000,0.000,0.853,-0.096,0.199,-0.105,-1.102,-6.407,-13.088,,pan
assignment4_topicstop_20261008_194514,43.928,1791456363.814776,1140,1791456361.269933,camera_color_optical_frame,1,-0.0574,-0.2036,0.00222,2.385,1,LOST,input_timeout,0.000,0.000,deg/s,joint_states,-9.400,10.460,0.000,0.000,0.853,-0.096,0.199,-0.105,-1.102,-6.407,-13.088,,pan
assignment4_topicstop_20261008_194514,43.946,1791456363.831284,1140,1791456361.269933,camera_color_optical_frame,1,-0.0574,-0.2036,0.00222,2.403,1,LOST,input_timeout,0.000,0.000,deg/s,joint_states,-9.400,10.460,0.000,0.000,0.853,-0.096,0.199,-0.105,-1.102,-6.407,-13.088,,pan
assignment4_topicstop_20261008_194514,43.966,1791456363.851310,1140,1791456361.269933,camera_color_optical_frame,1,-0.0574,-0.2036,0.00222,2.423,1,LOST,input_timeout,0.000,0.000,deg/s,joint_states,-9.400,10.460,0.000,0.000,0.853,-0.096,0.199,-0.105,-1.102,-6.407,-13.088,,pan
assignment4_topicstop_20261008_194514,43.985,1791456363.870855,1140,1791456361.269933,camera_color_optical_frame,1,-0.0574,-0.2036,0.00222,2.443,1,LOST,input_timeout,0.000,0.000,deg/s,joint_states,-9.400,10.460,0.000,0.000,0.853,-0.096,0.199,-0.105,-1.102,-6.407,-13.088,,pan
assignment4_topicstop_20261008_194514,44.005,1791456363.891053,1140,1791456361.269933,camera_color_optical_frame,1,-0.0574,-0.2036,0.00222,2.463,1,LOST,input_timeout,0.000,0.000,deg/s,joint_states,-9.400,10.460,0.000,0.000,0.853,-0.096,0.199,-0.105,-1.102,-6.407,-13.088,,pan
assignment4_topicstop_20261008_194514,44.027,1791456363.915336,1140,1791456361.269933,camera_color_optical_frame,1,-0.0574,-0.2036,0.00222,2.485,1,LOST,input_timeout,0.000,0.000,deg/s,joint_states,-9.400,10.460,0.000,0.000,0.853,-0.096,0.199,-0.105,-1.102,-6.407,-13.088,,pan
assignment4_topicstop_20261008_194514,44.046,1791456363.931518,1140,1791456361.269933,camera_color_optical_frame,1,-0.0574,-0.2036,0.00222,2.504,1,LOST,input_timeout,0.000,0.000,deg/s,joint_states,-9.400,10.460,0.000,0.000,0.853,-0.096,0.199,-0.105,-1.102,-6.407,-13.088,,pan
assignment4_topicstop_20261008_194514,44.065,1791456363.950891,1140,1791456361.269933,camera_color_optical_frame,1,-0.0574,-0.2036,0.00222,2.523,1,LOST,input_timeout,0.000,0.000,deg/s,joint_states,-9.400,10.460,0.000,0.000,0.853,-0.096,0.199,-0.105,-1.102,-6.407,-13.088,,pan
assignment4_topicstop_20261008_194514,44.085,1791456363.970335,1140,1791456361.269933,camera_color_optical_frame,1,-0.0574,-0.2036,0.00222,2.543,1,LOST,input_timeout,0.000,0.000,deg/s,joint_states,-9.400,10.460,0.000,0.000,0.853,-0.096,0.199,-0.105,-1.102,-6.407,-13.088,,pan
assignment4_topicstop_20261008_194514,44.105,1791456363.990610,1140,1791456361.269933,camera_color_optical_frame,1,-0.0574,-0.2036,0.00222,2.563,1,LOST,input_timeout,0.000,0.000,deg/s,joint_states,-9.400,10.460,0.000,0.000,0.853,-0.096,0.199,-0.105,-1.102,-6.407,-13.088,,pan
assignment4_topicstop_20261008_194514,44.126,1791456364.013477,1140,1791456361.269933,camera_color_optical_frame,1,-0.0574,-0.2036,0.00222,2.584,1,LOST,input_timeout,0.000,0.000,deg/s,joint_states,-9.400,10.460,0.000,0.000,0.853,-0.096,0.199,-0.105,-1.102,-6.407,-13.088,,pan
assignment4_topicstop_20261008_194514,44.146,1791456364.031877,1140,1791456361.269933,camera_color_optical_frame,1,-0.0574,-0.2036,0.00222,2.603,1,LOST,input_timeout,0.000,0.000,deg/s,joint_states,-9.400,10.460,0.000,0.000,0.853,-0.096,0.199,-0.105,-1.102,-6.407,-13.088,,pan
assignment4_topicstop_20261008_194514,44.166,1791456364.051365,1140,1791456361.269933,camera_color_optical_frame,1,-0.0574,-0.2036,0.00222,2.624,1,LOST,input_timeout,0.000,0.000,deg/s,joint_states,-9.400,10.460,0.000,0.000,0.853,-0.096,0.199,-0.105,-1.102,-6.407,-13.088,,pan
assignment4_topicstop_20261008_194514,44.185,1791456364.070520,1140,1791456361.269933,camera_color_optical_frame,1,-0.0574,-0.2036,0.00222,2.643,1,LOST,input_timeout,0.000,0.000,deg/s,joint_states,-9.400,10.460,0.000,0.000,0.853,-0.096,0.199,-0.105,-1.102,-6.407,-13.088,,pan
assignment4_topicstop_20261008_194514,44.205,1791456364.090755,1140,1791456361.269933,camera_color_optical_frame,1,-0.0574,-0.2036,0.00222,2.663,1,LOST,input_timeout,0.000,0.000,deg/s,joint_states,-9.400,10.460,0.000,0.000,0.853,-0.096,0.199,-0.105,-1.102,-6.407,-13.088,,pan
assignment4_topicstop_20261008_194514,44.226,1791456364.113961,1140,1791456361.269933,camera_color_optical_frame,1,-0.0574,-0.2036,0.00222,2.684,1,LOST,input_timeout,0.000,0.000,deg/s,joint_states,-9.400,10.460,0.000,0.000,0.853,-0.096,0.199,-0.105,-1.102,-6.407,-13.088,,pan
assignment4_topicstop_20261008_194514,44.246,1791456364.131022,1140,1791456361.269933,camera_color_optical_frame,1,-0.0574,-0.2036,0.00222,2.703,1,LOST,input_timeout,0.000,0.000,deg/s,joint_states,-9.400,10.460,0.000,0.000,0.853,-0.096,0.199,-0.105,-1.102,-6.407,-13.088,,pan
assignment4_topicstop_20261008_194514,44.266,1791456364.151891,1140,1791456361.269933,camera_color_optical_frame,1,-0.0574,-0.2036,0.00222,2.724,1,LOST,input_timeout,0.000,0.000,deg/s,joint_states,-9.400,10.460,0.000,0.000,0.853,-0.096,0.199,-0.105,-1.102,-6.407,-13.088,,pan
assignment4_topicstop_20261008_194514,44.285,1791456364.170393,1140,1791456361.269933,camera_color_optical_frame,1,-0.0574,-0.2036,0.00222,2.743,1,LOST,input_timeout,0.000,0.000,deg/s,joint_states,-9.400,10.460,0.000,0.000,0.853,-0.096,0.199,-0.105,-1.102,-6.407,-13.088,,pan
assignment4_topicstop_20261008_194514,44.305,1791456364.190604,1140,1791456361.269933,camera_color_optical_frame,1,-0.0574,-0.2036,0.00222,2.763,1,LOST,input_timeout,0.000,0.000,deg/s,joint_states,-9.400,10.460,0.000,0.000,0.853,-0.096,0.199,-0.105,-1.102,-6.407,-13.088,,pan
assignment4_topicstop_20261008_194514,44.326,1791456364.213595,1140,1791456361.269933,camera_color_optical_frame,1,-0.0574,-0.2036,0.00222,2.784,1,LOST,input_timeout,0.000,0.000,deg/s,joint_states,-9.400,10.460,0.000,0.000,0.853,-0.096,0.199,-0.105,-1.102,-6.407,-13.088,,pan
assignment4_topicstop_20261008_194514,44.346,1791456364.233395,1140,1791456361.269933,camera_color_optical_frame,1,-0.0574,-0.2036,0.00222,2.803,1,LOST,input_timeout,0.000,0.000,deg/s,joint_states,-9.400,10.460,0.000,0.000,0.853,-0.096,0.199,-0.105,-1.102,-6.407,-13.088,,pan
assignment4_topicstop_20261008_194514,44.367,1791456364.252134,1140,1791456361.269933,camera_color_optical_frame,1,-0.0574,-0.2036,0.00222,2.824,1,LOST,input_timeout,0.000,0.000,deg/s,joint_states,-9.400,10.460,0.000,0.000,0.853,-0.096,0.199,-0.105,-1.102,-6.407,-13.088,,pan
assignment4_topicstop_20261008_194514,44.385,1791456364.270354,1140,1791456361.269933,camera_color_optical_frame,1,-0.0574,-0.2036,0.00222,2.843,1,LOST,input_timeout,0.000,0.000,deg/s,joint_states,-9.400,10.460,0.000,0.000,0.853,-0.096,0.199,-0.105,-1.102,-6.407,-13.088,,pan
assignment4_topicstop_20261008_194514,44.405,1791456364.290634,1140,1791456361.269933,camera_color_optical_frame,1,-0.0574,-0.2036,0.00222,2.863,1,LOST,input_timeout,0.000,0.000,deg/s,joint_states,-9.400,10.460,0.000,0.000,0.853,-0.096,0.199,-0.105,-1.102,-6.407,-13.088,,pan
assignment4_topicstop_20261008_194514,44.426,1791456364.316234,1140,1791456361.269933,camera_color_optical_frame,1,-0.0574,-0.2036,0.00222,2.884,1,LOST,input_timeout,0.000,0.000,deg/s,joint_states,-9.400,10.460,0.000,0.000,0.853,-0.096,0.199,-0.105,-1.102,-6.407,-13.088,,pan
assignment4_topicstop_20261008_194514,44.446,1791456364.331626,1140,1791456361.269933,camera_color_optical_frame,1,-0.0574,-0.2036,0.00222,2.903,1,LOST,input_timeout,0.000,0.000,deg/s,joint_states,-9.400,10.460,0.000,0.000,0.853,-0.096,0.199,-0.105,-1.102,-6.407,-13.088,,pan
assignment4_topicstop_20261008_194514,44.467,1791456364.352039,1140,1791456361.269933,camera_color_optical_frame,1,-0.0574,-0.2036,0.00222,2.924,1,LOST,input_timeout,0.000,0.000,deg/s,joint_states,-9.400,10.460,0.000,0.000,0.853,-0.096,0.199,-0.105,-1.102,-6.407,-13.088,,pan
assignment4_topicstop_20261008_194514,44.485,1791456364.370343,1140,1791456361.269933,camera_color_optical_frame,1,-0.0574,-0.2036,0.00222,2.943,1,LOST,input_timeout,0.000,0.000,deg/s,joint_states,-9.400,10.460,0.000,0.000,0.853,-0.096,0.199,-0.105,-1.102,-6.407,-13.088,,pan
assignment4_topicstop_20261008_194514,44.505,1791456364.390852,1140,1791456361.269933,camera_color_optical_frame,1,-0.0574,-0.2036,0.00222,2.963,1,LOST,input_timeout,0.000,0.000,deg/s,joint_states,-9.400,10.460,0.000,0.000,0.853,-0.096,0.199,-0.105,-1.102,-6.407,-13.088,,pan
assignment4_topicstop_20261008_194514,44.526,1791456364.414866,1140,1791456361.269933,camera_color_optical_frame,1,-0.0574,-0.2036,0.00222,2.984,1,LOST,input_timeout,0.000,0.000,deg/s,joint_states,-9.400,10.460,0.000,0.000,0.853,-0.096,0.199,-0.105,-1.102,-6.407,-13.088,,pan
assignment4_topicstop_20261008_194514,44.546,1791456364.431474,1140,1791456361.269933,camera_color_optical_frame,1,-0.0574,-0.2036,0.00222,3.004,1,LOST,input_timeout,0.000,0.000,deg/s,joint_states,-9.400,10.460,0.000,0.000,0.853,-0.096,0.199,-0.105,-1.102,-6.407,-13.088,,pan
assignment4_topicstop_20261008_194514,44.566,1791456364.451681,1140,1791456361.269933,camera_color_optical_frame,1,-0.0574,-0.2036,0.00222,3.024,1,LOST,input_timeout,0.000,0.000,deg/s,joint_states,-9.400,10.460,0.000,0.000,0.853,-0.096,0.199,-0.105,-1.102,-6.407,-13.088,,pan
assignment4_topicstop_20261008_194514,44.585,1791456364.470396,1140,1791456361.269933,camera_color_optical_frame,1,-0.0574,-0.2036,0.00222,3.043,1,LOST,input_timeout,0.000,0.000,deg/s,joint_states,-9.400,10.460,0.000,0.000,0.853,-0.096,0.199,-0.105,-1.102,-6.407,-13.088,,pan
assignment4_topicstop_20261008_194514,44.605,1791456364.492975,1140,1791456361.269933,camera_color_optical_frame,1,-0.0574,-0.2036,0.00222,3.063,1,IDLE,disabled,0.000,0.000,deg/s,joint_states,-9.400,10.460,0.000,0.000,,,,,,,,,pan
assignment4_topicstop_20261008_194514,44.626,1791456364.512483,1140,1791456361.269933,camera_color_optical_frame,1,-0.0574,-0.2036,0.00222,3.084,1,IDLE,disabled,0.000,0.000,deg/s,joint_states,-9.400,10.460,0.000,0.000,,,,,,,,,pan
assignment4_topicstop_20261008_194514,44.646,1791456364.530950,1140,1791456361.269933,camera_color_optical_frame,1,-0.0574,-0.2036,0.00222,3.103,1,IDLE,disabled,0.000,0.000,deg/s,joint_states,-9.400,10.460,0.000,0.000,,,,,,,,,pan
assignment4_topicstop_20261008_194514,44.667,1791456364.552185,1140,1791456361.269933,camera_color_optical_frame,1,-0.0574,-0.2036,0.00222,3.125,1,IDLE,disabled,0.000,0.000,deg/s,joint_states,-9.400,10.460,0.000,0.000,,,,,,,,,pan
assignment4_topicstop_20261008_194514,44.685,1791456364.570333,1140,1791456361.269933,camera_color_optical_frame,1,-0.0574,-0.2036,0.00222,3.143,1,IDLE,disabled,0.000,0.000,deg/s,joint_states,-9.400,10.460,0.000,0.000,,,,,,,,,pan
assignment4_topicstop_20261008_194514,44.705,1791456364.590309,1140,1791456361.269933,camera_color_optical_frame,1,-0.0574,-0.2036,0.00222,3.163,1,IDLE,disabled,0.000,0.000,deg/s,joint_states,-9.400,10.460,0.000,0.000,,,,,,,,,pan
assignment4_topicstop_20261008_194514,44.726,1791456364.613004,1140,1791456361.269933,camera_color_optical_frame,1,-0.0574,-0.2036,0.00222,3.184,1,IDLE,disabled,0.000,0.000,deg/s,joint_states,-9.400,10.460,0.000,0.000,,,,,,,,,pan
assignment4_topicstop_20261008_194514,44.746,1791456364.631247,1140,1791456361.269933,camera_color_optical_frame,1,-0.0574,-0.2036,0.00222,3.204,1,IDLE,disabled,0.000,0.000,deg/s,joint_states,-9.400,10.460,0.000,0.000,,,,,,,,,pan
assignment4_topicstop_20261008_194514,44.767,1791456364.652032,1140,1791456361.269933,camera_color_optical_frame,1,-0.0574,-0.2036,0.00222,3.225,1,IDLE,disabled,0.000,0.000,deg/s,joint_states,-9.400,10.460,0.000,0.000,,,,,,,,,pan
assignment4_topicstop_20261008_194514,44.785,1791456364.670277,1140,1791456361.269933,camera_color_optical_frame,1,-0.0574,-0.2036,0.00222,3.243,1,IDLE,disabled,0.000,0.000,deg/s,joint_states,-9.400,10.460,0.000,0.000,,,,,,,,,pan
assignment4_topicstop_20261008_194514,44.805,1791456364.690421,1140,1791456361.269933,camera_color_optical_frame,1,-0.0574,-0.2036,0.00222,3.263,1,IDLE,disabled,0.000,0.000,deg/s,joint_states,-9.400,10.460,0.000,0.000,,,,,,,,,pan
assignment4_topicstop_20261008_194514,44.826,1791456364.712187,1140,1791456361.269933,camera_color_optical_frame,1,-0.0574,-0.2036,0.00222,3.284,1,IDLE,disabled,0.000,0.000,deg/s,joint_states,-9.400,10.460,0.000,0.000,,,,,,,,,pan
assignment4_topicstop_20261008_194514,44.846,1791456364.731577,1140,1791456361.269933,camera_color_optical_frame,1,-0.0574,-0.2036,0.00222,3.304,1,IDLE,disabled,0.000,0.000,deg/s,joint_states,-9.400,10.460,0.000,0.000,,,,,,,,,pan
assignment4_topicstop_20261008_194514,44.866,1791456364.751104,1140,1791456361.269933,camera_color_optical_frame,1,-0.0574,-0.2036,0.00222,3.324,1,IDLE,disabled,0.000,0.000,deg/s,joint_states,-9.400,10.460,0.000,0.000,,,,,,,,,pan
assignment4_topicstop_20261008_194514,44.885,1791456364.770236,1140,1791456361.269933,camera_color_optical_frame,1,-0.0574,-0.2036,0.00222,3.343,1,IDLE,disabled,0.000,0.000,deg/s,joint_states,-9.400,10.460,0.000,0.000,,,,,,,,,pan
assignment4_topicstop_20261008_194514,44.905,1791456364.790341,1140,1791456361.269933,camera_color_optical_frame,1,-0.0574,-0.2036,0.00222,3.363,1,IDLE,disabled,0.000,0.000,deg/s,joint_states,-9.400,10.460,0.000,0.000,,,,,,,,,pan
assignment4_topicstop_20261008_194514,44.926,1791456364.812296,1140,1791456361.269933,camera_color_optical_frame,1,-0.0574,-0.2036,0.00222,3.384,1,IDLE,disabled,0.000,0.000,deg/s,joint_states,-9.400,10.460,0.000,0.000,,,,,,,,,pan
assignment4_topicstop_20261008_194514,44.945,1791456364.831070,1140,1791456361.269933,camera_color_optical_frame,1,-0.0574,-0.2036,0.00222,3.403,1,IDLE,disabled,0.000,0.000,deg/s,joint_states,-9.400,10.460,0.000,0.000,,,,,,,,,pan
assignment4_topicstop_20261008_194514,44.966,1791456364.851007,1140,1791456361.269933,camera_color_optical_frame,1,-0.0574,-0.2036,0.00222,3.424,1,IDLE,disabled,0.000,0.000,deg/s,joint_states,-9.400,10.460,0.000,0.000,,,,,,,,,pan
assignment4_topicstop_20261008_194514,44.985,1791456364.870229,1140,1791456361.269933,camera_color_optical_frame,1,-0.0574,-0.2036,0.00222,3.443,1,IDLE,disabled,0.000,0.000,deg/s,joint_states,-9.400,10.460,0.000,0.000,,,,,,,,,pan
assignment4_topicstop_20261008_194514,45.006,1791456364.890494,1140,1791456361.269933,camera_color_optical_frame,1,-0.0574,-0.2036,0.00222,3.463,1,IDLE,disabled,0.000,0.000,deg/s,joint_states,-9.400,10.460,0.000,0.000,,,,,,,,,pan
assignment4_topicstop_20261008_194514,45.027,1791456364.914372,1140,1791456361.269933,camera_color_optical_frame,1,-0.0574,-0.2036,0.00222,3.485,1,IDLE,disabled,0.000,0.000,deg/s,joint_states,-9.400,10.460,0.000,0.000,,,,,,,,,pan
assignment4_topicstop_20261008_194514,45.046,1791456364.931333,1140,1791456361.269933,camera_color_optical_frame,1,-0.0574,-0.2036,0.00222,3.504,1,IDLE,disabled,0.000,0.000,deg/s,joint_states,-9.400,10.460,0.000,0.000,,,,,,,,,pan
assignment4_topicstop_20261008_194514,45.066,1791456364.951330,1140,1791456361.269933,camera_color_optical_frame,1,-0.0574,-0.2036,0.00222,3.524,1,IDLE,disabled,0.000,0.000,deg/s,joint_states,-9.400,10.460,0.000,0.000,,,,,,,,,pan
assignment4_topicstop_20261008_194514,45.085,1791456364.970241,1140,1791456361.269933,camera_color_optical_frame,1,-0.0574,-0.2036,0.00222,3.543,1,IDLE,disabled,0.000,0.000,deg/s,joint_states,-9.400,10.460,0.000,0.000,,,,,,,,,pan
assignment4_topicstop_20261008_194514,45.106,1791456364.990961,1140,1791456361.269933,camera_color_optical_frame,1,-0.0574,-0.2036,0.00222,3.563,1,IDLE,disabled,0.000,0.000,deg/s,joint_states,-9.400,10.460,0.000,0.000,,,,,,,,,pan
assignment4_topicstop_20261008_194514,45.128,1791456365.015110,1140,1791456361.269933,camera_color_optical_frame,1,-0.0574,-0.2036,0.00222,3.586,1,IDLE,disabled,0.000,0.000,deg/s,joint_states,-9.400,10.460,0.000,0.000,,,,,,,,,pan
assignment4_topicstop_20261008_194514,45.145,1791456365.031142,1140,1791456361.269933,camera_color_optical_frame,1,-0.0574,-0.2036,0.00222,3.603,1,IDLE,disabled,0.000,0.000,deg/s,joint_states,-9.320,10.460,0.000,0.000,,,,,,,,,pan
assignment4_topicstop_20261008_194514,45.167,1791456365.051637,1140,1791456361.269933,camera_color_optical_frame,1,-0.0574,-0.2036,0.00222,3.624,1,IDLE,disabled,0.000,0.000,deg/s,joint_states,-9.320,10.460,0.000,0.000,,,,,,,,,pan
assignment4_topicstop_20261008_194514,45.185,1791456365.070295,1140,1791456361.269933,camera_color_optical_frame,1,-0.0574,-0.2036,0.00222,3.643,1,IDLE,disabled,0.000,0.000,deg/s,joint_states,-9.400,10.460,0.000,0.000,,,,,,,,,pan
assignment4_topicstop_20261008_194514,45.206,1791456365.090597,1140,1791456361.269933,camera_color_optical_frame,1,-0.0574,-0.2036,0.00222,3.663,1,IDLE,disabled,0.000,0.000,deg/s,joint_states,-9.400,10.460,0.000,0.000,,,,,,,,,pan
assignment4_topicstop_20261008_194514,45.227,1791456365.113883,1140,1791456361.269933,camera_color_optical_frame,1,-0.0574,-0.2036,0.00222,3.684,1,IDLE,disabled,0.000,0.000,deg/s,joint_states,-9.400,10.460,0.000,0.000,,,,,,,,,pan
assignment4_topicstop_20261008_194514,45.246,1791456365.131392,1140,1791456361.269933,camera_color_optical_frame,1,-0.0574,-0.2036,0.00222,3.704,1,IDLE,disabled,0.000,0.000,deg/s,joint_states,-9.400,10.460,0.000,0.000,,,,,,,,,pan
assignment4_topicstop_20261008_194514,45.268,1791456365.152536,1140,1791456361.269933,camera_color_optical_frame,1,-0.0574,-0.2036,0.00222,3.725,1,IDLE,disabled,0.000,0.000,deg/s,joint_states,-9.400,10.460,0.000,0.000,,,,,,,,,pan
assignment4_topicstop_20261008_194514,45.285,1791456365.170147,1140,1791456361.269933,camera_color_optical_frame,1,-0.0574,-0.2036,0.00222,3.743,1,IDLE,disabled,0.000,0.000,deg/s,joint_states,-9.400,10.460,0.000,0.000,,,,,,,,,pan
assignment4_topicstop_20261008_194514,45.305,1791456365.190310,1140,1791456361.269933,camera_color_optical_frame,1,-0.0574,-0.2036,0.00222,3.763,1,IDLE,disabled,0.000,0.000,deg/s,joint_states,-9.400,10.460,0.000,0.000,,,,,,,,,pan
assignment4_topicstop_20261008_194514,45.326,1791456365.211935,1140,1791456361.269933,camera_color_optical_frame,1,-0.0574,-0.2036,0.00222,3.784,1,IDLE,disabled,0.000,0.000,deg/s,joint_states,-9.400,10.460,0.000,0.000,,,,,,,,,pan
assignment4_topicstop_20261008_194514,45.345,1791456365.230938,1140,1791456361.269933,camera_color_optical_frame,1,-0.0574,-0.2036,0.00222,3.803,1,IDLE,disabled,0.000,0.000,deg/s,joint_states,-9.400,10.460,0.000,0.000,,,,,,,,,pan
assignment4_topicstop_20261008_194514,45.366,1791456365.251272,1140,1791456361.269933,camera_color_optical_frame,1,-0.0574,-0.2036,0.00222,3.824,1,IDLE,disabled,0.000,0.000,deg/s,joint_states,-9.400,10.460,0.000,0.000,,,,,,,,,pan
assignment4_topicstop_20261008_194514,45.385,1791456365.270136,1140,1791456361.269933,camera_color_optical_frame,1,-0.0574,-0.2036,0.00222,3.843,1,IDLE,disabled,0.000,0.000,deg/s,joint_states,-9.400,10.460,0.000,0.000,,,,,,,,,pan
assignment4_topicstop_20261008_194514,45.405,1791456365.290315,1140,1791456361.269933,camera_color_optical_frame,1,-0.0574,-0.2036,0.00222,3.863,1,IDLE,disabled,0.000,0.000,deg/s,joint_states,-9.400,10.460,0.000,0.000,,,,,,,,,pan
assignment4_topicstop_20261008_194514,45.426,1791456365.314980,1140,1791456361.269933,camera_color_optical_frame,1,-0.0574,-0.2036,0.00222,3.884,1,IDLE,disabled,0.000,0.000,deg/s,joint_states,-9.400,10.460,0.000,0.000,,,,,,,,,pan
assignment4_topicstop_20261008_194514,45.446,1791456365.331498,1140,1791456361.269933,camera_color_optical_frame,1,-0.0574,-0.2036,0.00222,3.904,1,IDLE,disabled,0.000,0.000,deg/s,joint_states,-9.400,10.460,0.000,0.000,,,,,,,,,pan
assignment4_topicstop_20261008_194514,45.467,1791456365.352200,1140,1791456361.269933,camera_color_optical_frame,1,-0.0574,-0.2036,0.00222,3.925,1,IDLE,disabled,0.000,0.000,deg/s,joint_states,-9.400,10.460,0.000,0.000,,,,,,,,,pan
assignment4_topicstop_20261008_194514,45.485,1791456365.370176,1140,1791456361.269933,camera_color_optical_frame,1,-0.0574,-0.2036,0.00222,3.943,1,IDLE,disabled,0.000,0.000,deg/s,joint_states,-9.400,10.460,0.000,0.000,,,,,,,,,pan
assignment4_topicstop_20261008_194514,45.505,1791456365.390314,1140,1791456361.269933,camera_color_optical_frame,1,-0.0574,-0.2036,0.00222,3.963,1,IDLE,disabled,0.000,0.000,deg/s,joint_states,-9.400,10.460,0.000,0.000,,,,,,,,,pan
assignment4_topicstop_20261008_194514,45.529,1791456365.416192,1140,1791456361.269933,camera_color_optical_frame,1,-0.0574,-0.2036,0.00222,3.987,1,IDLE,disabled,0.000,0.000,deg/s,joint_states,-9.400,10.460,0.000,0.000,,,,,,,,,pan
assignment4_topicstop_20261008_194514,45.546,1791456365.431356,1140,1791456361.269933,camera_color_optical_frame,1,-0.0574,-0.2036,0.00222,4.004,1,IDLE,disabled,0.000,0.000,deg/s,joint_states,-9.400,10.460,0.000,0.000,,,,,,,,,pan
assignment4_topicstop_20261008_194514,45.568,1791456365.452536,1140,1791456361.269933,camera_color_optical_frame,1,-0.0574,-0.2036,0.00222,4.025,1,IDLE,disabled,0.000,0.000,deg/s,joint_states,-9.320,10.460,0.000,0.000,,,,,,,,,pan
assignment4_topicstop_20261008_194514,45.585,1791456365.470236,1140,1791456361.269933,camera_color_optical_frame,1,-0.0574,-0.2036,0.00222,4.043,1,IDLE,disabled,0.000,0.000,deg/s,joint_states,-9.400,10.460,0.000,0.000,,,,,,,,,pan
assignment4_topicstop_20261008_194514,45.605,1791456365.490302,1140,1791456361.269933,camera_color_optical_frame,1,-0.0574,-0.2036,0.00222,4.063,1,IDLE,disabled,0.000,0.000,deg/s,joint_states,-9.400,10.460,0.000,0.000,,,,,,,,,pan
assignment4_topicstop_20261008_194514,45.626,1791456365.512951,1140,1791456361.269933,camera_color_optical_frame,1,-0.0574,-0.2036,0.00222,4.084,1,IDLE,disabled,0.000,0.000,deg/s,joint_states,-9.400,10.460,0.000,0.000,,,,,,,,,pan
assignment4_topicstop_20261008_194514,45.646,1791456365.531064,1140,1791456361.269933,camera_color_optical_frame,1,-0.0574,-0.2036,0.00222,4.103,1,IDLE,disabled,0.000,0.000,deg/s,joint_states,-9.400,10.460,0.000,0.000,,,,,,,,,pan
assignment4_topicstop_20261008_194514,45.668,1791456365.552537,1140,1791456361.269933,camera_color_optical_frame,1,-0.0574,-0.2036,0.00222,4.125,1,IDLE,disabled,0.000,0.000,deg/s,joint_states,-9.400,10.460,0.000,0.000,,,,,,,,,pan
assignment4_topicstop_20261008_194514,45.685,1791456365.570171,1140,1791456361.269933,camera_color_optical_frame,1,-0.0574,-0.2036,0.00222,4.143,1,IDLE,disabled,0.000,0.000,deg/s,joint_states,-9.400,10.460,0.000,0.000,,,,,,,,,pan
assignment4_topicstop_20261008_194514,45.705,1791456365.590311,1140,1791456361.269933,camera_color_optical_frame,1,-0.0574,-0.2036,0.00222,4.163,1,IDLE,disabled,0.000,0.000,deg/s,joint_states,-9.400,10.460,0.000,0.000,,,,,,,,,pan
assignment4_topicstop_20261008_194514,45.728,1791456365.614257,1140,1791456361.269933,camera_color_optical_frame,1,-0.0574,-0.2036,0.00222,4.185,1,IDLE,disabled,0.000,0.000,deg/s,joint_states,-9.400,10.460,0.000,0.000,,,,,,,,,pan
assignment4_topicstop_20261008_194514,45.745,1791456365.630665,1140,1791456361.269933,camera_color_optical_frame,1,-0.0574,-0.2036,0.00222,4.203,1,IDLE,disabled,0.000,0.000,deg/s,joint_states,-9.400,10.460,0.000,0.000,,,,,,,,,pan
assignment4_topicstop_20261008_194514,45.768,1791456365.652771,1140,1791456361.269933,camera_color_optical_frame,1,-0.0574,-0.2036,0.00222,4.225,1,IDLE,disabled,0.000,0.000,deg/s,joint_states,-9.400,10.460,0.000,0.000,,,,,,,,,pan
assignment4_topicstop_20261008_194514,45.785,1791456365.670160,1140,1791456361.269933,camera_color_optical_frame,1,-0.0574,-0.2036,0.00222,4.243,1,IDLE,disabled,0.000,0.000,deg/s,joint_states,-9.400,10.460,0.000,0.000,,,,,,,,,pan
assignment4_topicstop_20261008_194514,45.805,1791456365.690250,1140,1791456361.269933,camera_color_optical_frame,1,-0.0574,-0.2036,0.00222,4.263,1,IDLE,disabled,0.000,0.000,deg/s,joint_states,-9.400,10.460,0.000,0.000,,,,,,,,,pan
assignment4_topicstop_20261008_194514,45.827,1791456365.713475,1140,1791456361.269933,camera_color_optical_frame,1,-0.0574,-0.2036,0.00222,4.285,1,IDLE,disabled,0.000,0.000,deg/s,joint_states,-9.400,10.460,0.000,0.000,,,,,,,,,pan
assignment4_topicstop_20261008_194514,45.845,1791456365.730963,1140,1791456361.269933,camera_color_optical_frame,1,-0.0574,-0.2036,0.00222,4.303,1,IDLE,disabled,0.000,0.000,deg/s,joint_states,-9.400,10.460,0.000,0.000,,,,,,,,,pan
assignment4_topicstop_20261008_194514,45.868,1791456365.753031,1140,1791456361.269933,camera_color_optical_frame,1,-0.0574,-0.2036,0.00222,4.326,1,IDLE,disabled,0.000,0.000,deg/s,joint_states,-9.400,10.460,0.000,0.000,,,,,,,,,pan
assignment4_topicstop_20261008_194514,45.885,1791456365.770401,1140,1791456361.269933,camera_color_optical_frame,1,-0.0574,-0.2036,0.00222,4.343,1,IDLE,disabled,0.000,0.000,deg/s,joint_states,-9.400,10.460,0.000,0.000,,,,,,,,,pan
assignment4_topicstop_20261008_194514,45.905,1791456365.790315,1140,1791456361.269933,camera_color_optical_frame,1,-0.0574,-0.2036,0.00222,4.363,1,IDLE,disabled,0.000,0.000,deg/s,joint_states,-9.400,10.460,0.000,0.000,,,,,,,,,pan
assignment4_topicstop_20261008_194514,45.926,1791456365.812487,1140,1791456361.269933,camera_color_optical_frame,1,-0.0574,-0.2036,0.00222,4.384,1,IDLE,disabled,0.000,0.000,deg/s,joint_states,-9.400,10.460,0.000,0.000,,,,,,,,,pan
assignment4_topicstop_20261008_194514,45.946,1791456365.831269,1140,1791456361.269933,camera_color_optical_frame,1,-0.0574,-0.2036,0.00222,4.403,1,IDLE,disabled,0.000,0.000,deg/s,joint_states,-9.400,10.460,0.000,0.000,,,,,,,,,pan
assignment4_topicstop_20261008_194514,45.967,1791456365.852387,1140,1791456361.269933,camera_color_optical_frame,1,-0.0574,-0.2036,0.00222,4.425,1,IDLE,disabled,0.000,0.000,deg/s,joint_states,-9.400,10.460,0.000,0.000,,,,,,,,,pan
assignment4_topicstop_20261008_194514,45.985,1791456365.870166,1140,1791456361.269933,camera_color_optical_frame,1,-0.0574,-0.2036,0.00222,4.443,1,IDLE,disabled,0.000,0.000,deg/s,joint_states,-9.400,10.460,0.000,0.000,,,,,,,,,pan
assignment4_topicstop_20261008_194514,46.006,1791456365.890927,1140,1791456361.269933,camera_color_optical_frame,1,-0.0574,-0.2036,0.00222,4.464,1,IDLE,disabled,0.000,0.000,deg/s,joint_states,-9.400,10.460,0.000,0.000,,,,,,,,,pan
assignment4_topicstop_20261008_194514,46.026,1791456365.912856,1140,1791456361.269933,camera_color_optical_frame,1,-0.0574,-0.2036,0.00222,4.484,1,IDLE,disabled,0.000,0.000,deg/s,joint_states,-9.400,10.460,0.000,0.000,,,,,,,,,pan
assignment4_topicstop_20261008_194514,46.045,1791456365.931032,1140,1791456361.269933,camera_color_optical_frame,1,-0.0574,-0.2036,0.00222,4.503,1,IDLE,disabled,0.000,0.000,deg/s,joint_states,-9.400,10.460,0.000,0.000,,,,,,,,,pan
assignment4_topicstop_20261008_194514,46.067,1791456365.952189,1140,1791456361.269933,camera_color_optical_frame,1,-0.0574,-0.2036,0.00222,4.525,1,IDLE,disabled,0.000,0.000,deg/s,joint_states,-9.400,10.460,0.000,0.000,,,,,,,,,pan
assignment4_topicstop_20261008_194514,46.085,1791456365.970210,1140,1791456361.269933,camera_color_optical_frame,1,-0.0574,-0.2036,0.00222,4.543,1,IDLE,disabled,0.000,0.000,deg/s,joint_states,-9.400,10.460,0.000,0.000,,,,,,,,,pan
assignment4_topicstop_20261008_194514,46.105,1791456365.990310,1140,1791456361.269933,camera_color_optical_frame,1,-0.0574,-0.2036,0.00222,4.563,1,IDLE,disabled,0.000,0.000,deg/s,joint_states,-9.400,10.460,0.000,0.000,,,,,,,,,pan
assignment4_topicstop_20261008_194514,46.127,1791456366.015932,1140,1791456361.269933,camera_color_optical_frame,1,-0.0574,-0.2036,0.00222,4.585,1,IDLE,disabled,0.000,0.000,deg/s,joint_states,-9.400,10.460,0.000,0.000,,,,,,,,,pan
assignment4_topicstop_20261008_194514,46.146,1791456366.031544,1140,1791456361.269933,camera_color_optical_frame,1,-0.0574,-0.2036,0.00222,4.604,1,IDLE,disabled,0.000,0.000,deg/s,joint_states,-9.400,10.460,0.000,0.000,,,,,,,,,pan
assignment4_topicstop_20261008_194514,46.168,1791456366.053333,1140,1791456361.269933,camera_color_optical_frame,1,-0.0574,-0.2036,0.00222,4.626,1,IDLE,disabled,0.000,0.000,deg/s,joint_states,-9.400,10.460,0.000,0.000,,,,,,,,,pan
assignment4_topicstop_20261008_194514,46.185,1791456366.070218,1140,1791456361.269933,camera_color_optical_frame,1,-0.0574,-0.2036,0.00222,4.643,1,IDLE,disabled,0.000,0.000,deg/s,joint_states,-9.400,10.460,0.000,0.000,,,,,,,,,pan
assignment4_topicstop_20261008_194514,46.205,1791456366.090501,1140,1791456361.269933,camera_color_optical_frame,1,-0.0574,-0.2036,0.00222,4.663,1,IDLE,disabled,0.000,0.000,deg/s,joint_states,-9.400,10.460,0.000,0.000,,,,,,,,,pan
assignment4_topicstop_20261008_194514,46.226,1791456366.112581,1140,1791456361.269933,camera_color_optical_frame,1,-0.0574,-0.2036,0.00222,4.684,1,IDLE,disabled,0.000,0.000,deg/s,joint_states,-9.400,10.460,0.000,0.000,,,,,,,,,pan
assignment4_topicstop_20261008_194514,46.246,1791456366.131207,1140,1791456361.269933,camera_color_optical_frame,1,-0.0574,-0.2036,0.00222,4.704,1,IDLE,disabled,0.000,0.000,deg/s,joint_states,-9.400,10.460,0.000,0.000,,,,,,,,,pan
assignment4_topicstop_20261008_194514,46.268,1791456366.152615,1140,1791456361.269933,camera_color_optical_frame,1,-0.0574,-0.2036,0.00222,4.725,1,IDLE,disabled,0.000,0.000,deg/s,joint_states,-9.400,10.460,0.000,0.000,,,,,,,,,pan
assignment4_topicstop_20261008_194514,46.285,1791456366.170264,1140,1791456361.269933,camera_color_optical_frame,1,-0.0574,-0.2036,0.00222,4.743,1,IDLE,disabled,0.000,0.000,deg/s,joint_states,-9.400,10.460,0.000,0.000,,,,,,,,,pan
assignment4_topicstop_20261008_194514,46.305,1791456366.190508,1140,1791456361.269933,camera_color_optical_frame,1,-0.0574,-0.2036,0.00222,4.763,1,IDLE,disabled,0.000,0.000,deg/s,joint_states,-9.400,10.460,0.000,0.000,,,,,,,,,pan
assignment4_topicstop_20261008_194514,46.326,1791456366.213213,1140,1791456361.269933,camera_color_optical_frame,1,-0.0574,-0.2036,0.00222,4.784,1,IDLE,disabled,0.000,0.000,deg/s,joint_states,-9.400,10.460,0.000,0.000,,,,,,,,,pan
assignment4_topicstop_20261008_194514,46.345,1791456366.231064,1140,1791456361.269933,camera_color_optical_frame,1,-0.0574,-0.2036,0.00222,4.803,1,IDLE,disabled,0.000,0.000,deg/s,joint_states,-9.400,10.460,0.000,0.000,,,,,,,,,pan
assignment4_topicstop_20261008_194514,46.366,1791456366.251184,1140,1791456361.269933,camera_color_optical_frame,1,-0.0574,-0.2036,0.00222,4.824,1,IDLE,disabled,0.000,0.000,deg/s,joint_states,-9.400,10.460,0.000,0.000,,,,,,,,,pan
assignment4_topicstop_20261008_194514,46.385,1791456366.269977,1140,1791456361.269933,camera_color_optical_frame,1,-0.0574,-0.2036,0.00222,4.843,1,IDLE,disabled,0.000,0.000,deg/s,joint_states,-9.400,10.460,0.000,0.000,,,,,,,,,pan
assignment4_topicstop_20261008_194514,46.405,1791456366.290326,1140,1791456361.269933,camera_color_optical_frame,1,-0.0574,-0.2036,0.00222,4.863,1,IDLE,disabled,0.000,0.000,deg/s,joint_states,-9.400,10.460,0.000,0.000,,,,,,,,,pan
assignment4_topicstop_20261008_194514,46.428,1791456366.313780,1140,1791456361.269933,camera_color_optical_frame,1,-0.0574,-0.2036,0.00222,4.886,1,IDLE,disabled,0.000,0.000,deg/s,joint_states,-9.400,10.460,0.000,0.000,,,,,,,,,pan
assignment4_topicstop_20261008_194514,46.446,1791456366.330599,1140,1791456361.269933,camera_color_optical_frame,1,-0.0574,-0.2036,0.00222,4.903,1,IDLE,disabled,0.000,0.000,deg/s,joint_states,-9.400,10.460,0.000,0.000,,,,,,,,,pan
assignment4_topicstop_20261008_194514,46.467,1791456366.352373,1140,1791456361.269933,camera_color_optical_frame,1,-0.0574,-0.2036,0.00222,4.925,1,IDLE,disabled,0.000,0.000,deg/s,joint_states,-9.400,10.460,0.000,0.000,,,,,,,,,pan
assignment4_topicstop_20261008_194514,46.485,1791456366.370035,1140,1791456361.269933,camera_color_optical_frame,1,-0.0574,-0.2036,0.00222,4.943,1,IDLE,disabled,0.000,0.000,deg/s,joint_states,-9.400,10.460,0.000,0.000,,,,,,,,,pan
assignment4_topicstop_20261008_194514,46.505,1791456366.390166,1140,1791456361.269933,camera_color_optical_frame,1,-0.0574,-0.2036,0.00222,4.963,1,IDLE,disabled,0.000,0.000,deg/s,joint_states,-9.400,10.460,0.000,0.000,,,,,,,,,pan
assignment4_topicstop_20261008_194514,46.526,1791456366.412181,1140,1791456361.269933,camera_color_optical_frame,1,-0.0574,-0.2036,0.00222,4.984,1,IDLE,disabled,0.000,0.000,deg/s,joint_states,-9.400,10.550,0.000,0.000,,,,,,,,,pan
assignment4_topicstop_20261008_194514,46.546,1791456366.430971,1140,1791456361.269933,camera_color_optical_frame,1,-0.0574,-0.2036,0.00222,5.004,1,IDLE,disabled,0.000,0.000,deg/s,joint_states,-9.400,10.460,0.000,0.000,,,,,,,,,pan
assignment4_topicstop_20261008_194514,46.567,1791456366.452017,1140,1791456361.269933,camera_color_optical_frame,1,-0.0574,-0.2036,0.00222,5.025,1,IDLE,disabled,0.000,0.000,deg/s,joint_states,-9.400,10.460,0.000,0.000,,,,,,,,,pan
assignment4_topicstop_20261008_194514,46.585,1791456366.470082,1140,1791456361.269933,camera_color_optical_frame,1,-0.0574,-0.2036,0.00222,5.043,1,IDLE,disabled,0.000,0.000,deg/s,joint_states,-9.320,10.460,0.000,0.000,,,,,,,,,pan
assignment4_topicstop_20261008_194514,46.605,1791456366.490175,1140,1791456361.269933,camera_color_optical_frame,1,-0.0574,-0.2036,0.00222,5.063,1,IDLE,disabled,0.000,0.000,deg/s,joint_states,-9.400,10.460,0.000,0.000,,,,,,,,,pan
assignment4_topicstop_20261008_194514,46.626,1791456366.511783,1140,1791456361.269933,camera_color_optical_frame,1,-0.0574,-0.2036,0.00222,5.084,1,IDLE,disabled,0.000,0.000,deg/s,joint_states,-9.400,10.460,0.000,0.000,,,,,,,,,pan
assignment4_topicstop_20261008_194514,46.645,1791456366.530704,1140,1791456361.269933,camera_color_optical_frame,1,-0.0574,-0.2036,0.00222,5.103,1,IDLE,disabled,0.000,0.000,deg/s,joint_states,-9.400,10.460,0.000,0.000,,,,,,,,,pan
assignment4_topicstop_20261008_194514,46.669,1791456366.553497,1140,1791456361.269933,camera_color_optical_frame,1,-0.0574,-0.2036,0.00222,5.126,1,IDLE,disabled,0.000,0.000,deg/s,joint_states,-9.400,10.460,0.000,0.000,,,,,,,,,pan
assignment4_topicstop_20261008_194514,46.685,1791456366.570137,1140,1791456361.269933,camera_color_optical_frame,1,-0.0574,-0.2036,0.00222,5.143,1,IDLE,disabled,0.000,0.000,deg/s,joint_states,-9.400,10.460,0.000,0.000,,,,,,,,,pan
assignment4_topicstop_20261008_194514,46.705,1791456366.590177,1140,1791456361.269933,camera_color_optical_frame,1,-0.0574,-0.2036,0.00222,5.163,1,IDLE,disabled,0.000,0.000,deg/s,joint_states,-9.400,10.460,0.000,0.000,,,,,,,,,pan
assignment4_topicstop_20261008_194514,46.726,1791456366.611137,1140,1791456361.269933,camera_color_optical_frame,1,-0.0574,-0.2036,0.00222,5.184,1,IDLE,disabled,0.000,0.000,deg/s,joint_states,-9.400,10.460,0.000,0.000,,,,,,,,,pan
assignment4_topicstop_20261008_194514,46.745,1791456366.630190,1140,1791456361.269933,camera_color_optical_frame,1,-0.0574,-0.2036,0.00222,5.203,1,IDLE,disabled,0.000,0.000,deg/s,joint_states,-9.400,10.460,0.000,0.000,,,,,,,,,pan
assignment4_topicstop_20261008_194514,46.767,1791456366.651970,1140,1791456361.269933,camera_color_optical_frame,1,-0.0574,-0.2036,0.00222,5.225,1,IDLE,disabled,0.000,0.000,deg/s,joint_states,-9.400,10.460,0.000,0.000,,,,,,,,,pan
assignment4_topicstop_20261008_194514,46.785,1791456366.670130,1140,1791456361.269933,camera_color_optical_frame,1,-0.0574,-0.2036,0.00222,5.243,1,IDLE,disabled,0.000,0.000,deg/s,joint_states,-9.400,10.460,0.000,0.000,,,,,,,,,pan
assignment4_topicstop_20261008_194514,46.805,1791456366.690135,1140,1791456361.269933,camera_color_optical_frame,1,-0.0574,-0.2036,0.00222,5.263,1,IDLE,disabled,0.000,0.000,deg/s,joint_states,-9.400,10.460,0.000,0.000,,,,,,,,,pan
assignment4_topicstop_20261008_194514,46.826,1791456366.711465,1140,1791456361.269933,camera_color_optical_frame,1,-0.0574,-0.2036,0.00222,5.284,1,IDLE,disabled,0.000,0.000,deg/s,joint_states,-9.400,10.460,0.000,0.000,,,,,,,,,pan
assignment4_topicstop_20261008_194514,46.845,1791456366.730212,1140,1791456361.269933,camera_color_optical_frame,1,-0.0574,-0.2036,0.00222,5.303,1,IDLE,disabled,0.000,0.000,deg/s,joint_states,-9.400,10.460,0.000,0.000,,,,,,,,,pan
assignment4_topicstop_20261008_194514,46.866,1791456366.751415,1140,1791456361.269933,camera_color_optical_frame,1,-0.0574,-0.2036,0.00222,5.324,1,IDLE,disabled,0.000,0.000,deg/s,joint_states,-9.400,10.460,0.000,0.000,,,,,,,,,pan
assignment4_topicstop_20261008_194514,46.885,1791456366.769896,1140,1791456361.269933,camera_color_optical_frame,1,-0.0574,-0.2036,0.00222,5.343,1,IDLE,disabled,0.000,0.000,deg/s,joint_states,-9.400,10.460,0.000,0.000,,,,,,,,,pan
assignment4_topicstop_20261008_194514,46.905,1791456366.790159,1140,1791456361.269933,camera_color_optical_frame,1,-0.0574,-0.2036,0.00222,5.363,1,IDLE,disabled,0.000,0.000,deg/s,joint_states,-9.400,10.460,0.000,0.000,,,,,,,,,pan
assignment4_topicstop_20261008_194514,46.926,1791456366.811117,1140,1791456361.269933,camera_color_optical_frame,1,-0.0574,-0.2036,0.00222,5.384,1,IDLE,disabled,0.000,0.000,deg/s,joint_states,-9.320,10.460,0.000,0.000,,,,,,,,,pan
assignment4_topicstop_20261008_194514,46.945,1791456366.830212,1140,1791456361.269933,camera_color_optical_frame,1,-0.0574,-0.2036,0.00222,5.403,1,IDLE,disabled,0.000,0.000,deg/s,joint_states,-9.400,10.460,0.000,0.000,,,,,,,,,pan
assignment4_topicstop_20261008_194514,46.966,1791456366.851513,1140,1791456361.269933,camera_color_optical_frame,1,-0.0574,-0.2036,0.00222,5.424,1,IDLE,disabled,0.000,0.000,deg/s,joint_states,-9.400,10.460,0.000,0.000,,,,,,,,,pan
assignment4_topicstop_20261008_194514,46.985,1791456366.870206,1140,1791456361.269933,camera_color_optical_frame,1,-0.0574,-0.2036,0.00222,5.443,1,IDLE,disabled,0.000,0.000,deg/s,joint_states,-9.400,10.460,0.000,0.000,,,,,,,,,pan
assignment4_topicstop_20261008_194514,47.005,1791456366.890129,1140,1791456361.269933,camera_color_optical_frame,1,-0.0574,-0.2036,0.00222,5.463,1,IDLE,disabled,0.000,0.000,deg/s,joint_states,-9.400,10.460,0.000,0.000,,,,,,,,,pan
assignment4_topicstop_20261008_194514,47.026,1791456366.911365,1140,1791456361.269933,camera_color_optical_frame,1,-0.0574,-0.2036,0.00222,5.484,1,IDLE,disabled,0.000,0.000,deg/s,joint_states,-9.400,10.460,0.000,0.000,,,,,,,,,pan
assignment4_topicstop_20261008_194514,47.045,1791456366.930271,1140,1791456361.269933,camera_color_optical_frame,1,-0.0574,-0.2036,0.00222,5.503,1,IDLE,disabled,0.000,0.000,deg/s,joint_states,-9.400,10.460,0.000,0.000,,,,,,,,,pan
assignment4_topicstop_20261008_194514,47.066,1791456366.951914,1140,1791456361.269933,camera_color_optical_frame,1,-0.0574,-0.2036,0.00222,5.524,1,IDLE,disabled,0.000,0.000,deg/s,joint_states,-9.400,10.460,0.000,0.000,,,,,,,,,pan
assignment4_topicstop_20261008_194514,47.085,1791456366.970225,1140,1791456361.269933,camera_color_optical_frame,1,-0.0574,-0.2036,0.00222,5.543,1,IDLE,disabled,0.000,0.000,deg/s,joint_states,-9.400,10.460,0.000,0.000,,,,,,,,,pan
assignment4_topicstop_20261008_194514,47.105,1791456366.990163,1140,1791456361.269933,camera_color_optical_frame,1,-0.0574,-0.2036,0.00222,5.563,1,IDLE,disabled,0.000,0.000,deg/s,joint_states,-9.400,10.460,0.000,0.000,,,,,,,,,pan
assignment4_topicstop_20261008_194514,47.126,1791456367.011143,1140,1791456361.269933,camera_color_optical_frame,1,-0.0574,-0.2036,0.00222,5.584,1,IDLE,disabled,0.000,0.000,deg/s,joint_states,-9.400,10.460,0.000,0.000,,,,,,,,,pan
assignment4_topicstop_20261008_194514,47.145,1791456367.030236,1140,1791456361.269933,camera_color_optical_frame,1,-0.0574,-0.2036,0.00222,5.603,1,IDLE,disabled,0.000,0.000,deg/s,joint_states,-9.320,10.460,0.000,0.000,,,,,,,,,pan
assignment4_topicstop_20261008_194514,47.166,1791456367.051725,1140,1791456361.269933,camera_color_optical_frame,1,-0.0574,-0.2036,0.00222,5.624,1,IDLE,disabled,0.000,0.000,deg/s,joint_states,-9.400,10.460,0.000,0.000,,,,,,,,,pan
assignment4_topicstop_20261008_194514,47.185,1791456367.070204,1140,1791456361.269933,camera_color_optical_frame,1,-0.0574,-0.2036,0.00222,5.643,1,IDLE,disabled,0.000,0.000,deg/s,joint_states,-9.400,10.460,0.000,0.000,,,,,,,,,pan
assignment4_topicstop_20261008_194514,47.205,1791456367.090103,1140,1791456361.269933,camera_color_optical_frame,1,-0.0574,-0.2036,0.00222,5.663,1,IDLE,disabled,0.000,0.000,deg/s,joint_states,-9.400,10.460,0.000,0.000,,,,,,,,,pan
assignment4_topicstop_20261008_194514,47.226,1791456367.111002,1140,1791456361.269933,camera_color_optical_frame,1,-0.0574,-0.2036,0.00222,5.683,1,IDLE,disabled,0.000,0.000,deg/s,joint_states,-9.320,10.460,0.000,0.000,,,,,,,,,pan
assignment4_topicstop_20261008_194514,47.245,1791456367.130230,1140,1791456361.269933,camera_color_optical_frame,1,-0.0574,-0.2036,0.00222,5.703,1,IDLE,disabled,0.000,0.000,deg/s,joint_states,-9.400,10.460,0.000,0.000,,,,,,,,,pan
assignment4_topicstop_20261008_194514,47.267,1791456367.152786,1140,1791456361.269933,camera_color_optical_frame,1,-0.0574,-0.2036,0.00222,5.725,1,IDLE,disabled,0.000,0.000,deg/s,joint_states,-9.400,10.460,0.000,0.000,,,,,,,,,pan
assignment4_topicstop_20261008_194514,47.286,1791456367.170424,1140,1791456361.269933,camera_color_optical_frame,1,-0.0574,-0.2036,0.00222,5.743,1,IDLE,disabled,0.000,0.000,deg/s,joint_states,-9.400,10.460,0.000,0.000,,,,,,,,,pan
assignment4_topicstop_20261008_194514,47.305,1791456367.190146,1140,1791456361.269933,camera_color_optical_frame,1,-0.0574,-0.2036,0.00222,5.763,1,IDLE,disabled,0.000,0.000,deg/s,joint_states,-9.400,10.460,0.000,0.000,,,,,,,,,pan
assignment4_topicstop_20261008_194514,47.326,1791456367.211064,1140,1791456361.269933,camera_color_optical_frame,1,-0.0574,-0.2036,0.00222,5.783,1,IDLE,disabled,0.000,0.000,deg/s,joint_states,-9.400,10.460,0.000,0.000,,,,,,,,,pan
assignment4_topicstop_20261008_194514,47.345,1791456367.230226,1140,1791456361.269933,camera_color_optical_frame,1,-0.0574,-0.2036,0.00222,5.803,1,IDLE,disabled,0.000,0.000,deg/s,joint_states,-9.320,10.460,0.000,0.000,,,,,,,,,pan
assignment4_topicstop_20261008_194514,47.367,1791456367.252512,1140,1791456361.269933,camera_color_optical_frame,1,-0.0574,-0.2036,0.00222,5.825,1,IDLE,disabled,0.000,0.000,deg/s,joint_states,-9.400,10.460,0.000,0.000,,,,,,,,,pan
assignment4_topicstop_20261008_194514,47.386,1791456367.270320,1140,1791456361.269933,camera_color_optical_frame,1,-0.0574,-0.2036,0.00222,5.843,1,IDLE,disabled,0.000,0.000,deg/s,joint_states,-9.400,10.460,0.000,0.000,,,,,,,,,pan
assignment4_topicstop_20261008_194514,47.405,1791456367.290159,1140,1791456361.269933,camera_color_optical_frame,1,-0.0574,-0.2036,0.00222,5.863,1,IDLE,disabled,0.000,0.000,deg/s,joint_states,-9.320,10.460,0.000,0.000,,,,,,,,,pan
assignment4_topicstop_20261008_194514,47.426,1791456367.311542,1140,1791456361.269933,camera_color_optical_frame,1,-0.0574,-0.2036,0.00222,5.884,1,IDLE,disabled,0.000,0.000,deg/s,joint_states,-9.400,10.460,0.000,0.000,,,,,,,,,pan
assignment4_topicstop_20261008_194514,47.446,1791456367.330491,1140,1791456361.269933,camera_color_optical_frame,1,-0.0574,-0.2036,0.00222,5.903,1,IDLE,disabled,0.000,0.000,deg/s,joint_states,-9.400,10.460,0.000,0.000,,,,,,,,,pan
