run_id,stamp_s,frame_id,frame_seq,width,height,detected,cx_px,cy_px,ex,ey,area_ratio,n_candidates,depth_valid,depth_valid_ratio,z_m,x_m,y_m,proc_ms,depth_dt_ms,pub_time_s,target_id,n_rejected,rot_speed_deg_s
ds_live_1.0_20261008_165141,1791445906.788293,camera_color_optical_frame,1,640,480,1,503.2,91.1,0.5725,-0.6203,0.01213,1,0,,,,,15.88,,1791445906.879571,1,0,0.0
ds_live_1.0_20261008_165141,1791445906.821652,camera_color_optical_frame,2,640,480,1,503.2,91.3,0.5724,-0.6198,0.01211,1,0,,,,,10.28,,1791445906.894394,1,0,0.0
ds_live_1.0_20261008_165141,1791445906.855011,camera_color_optical_frame,3,640,480,1,503.1,91.3,0.5723,-0.6195,0.01209,1,0,,,,,5.72,,1791445906.905718,1,0,0.0
ds_live_1.0_20261008_165141,1791445906.888371,camera_color_optical_frame,4,640,480,1,503.1,91.3,0.5723,-0.6196,0.01206,1,0,,,,,5.52,,1791445906.938774,1,0,0.0
ds_live_1.0_20261008_165141,1791445906.921730,camera_color_optical_frame,5,640,480,1,503.2,91.2,0.5724,-0.6202,0.01212,1,0,,,,,5.65,,1791445906.972054,1,0,0.0
ds_live_1.0_20261008_165141,1791445906.955089,camera_color_optical_frame,6,640,480,1,503.2,91.3,0.5724,-0.6197,0.01197,1,0,,,,,5.58,,1791445907.005043,1,0,0.0
ds_live_1.0_20261008_165141,1791445906.988448,camera_color_optical_frame,7,640,480,1,503.2,91.1,0.5726,-0.6205,0.01211,1,0,,,,,5.43,,1791445907.038056,1,0,0.0
ds_live_1.0_20261008_165141,1791445907.021808,camera_color_optical_frame,8,640,480,1,503.2,91.2,0.5724,-0.6198,0.01205,1,0,,,,,5.80,,1791445907.071351,1,0,0.0
ds_live_1.0_20261008_165141,1791445907.055167,camera_color_optical_frame,9,640,480,1,503.2,91.2,0.5724,-0.6199,0.01205,1,0,,,,,5.42,,1791445907.105411,1,0,0.0
ds_live_1.0_20261008_165141,1791445907.088526,camera_color_optical_frame,10,640,480,1,503.2,91.3,0.5723,-0.6198,0.01206,1,0,,,,,5.82,,1791445907.139642,1,0,0.0
ds_live_1.0_20261008_165141,1791445907.121886,camera_color_optical_frame,11,640,480,1,503.2,91.3,0.5723,-0.6197,0.01203,1,0,,,,,5.53,,1791445907.171733,1,0,0.0
ds_live_1.0_20261008_165141,1791445907.155245,camera_color_optical_frame,12,640,480,1,503.1,91.2,0.5722,-0.6198,0.01202,1,0,,,,,6.40,,1791445907.206091,1,0,0.0
ds_live_1.0_20261008_165141,1791445907.188604,camera_color_optical_frame,13,640,480,1,503.1,91.2,0.5723,-0.6200,0.01201,1,0,,,,,5.72,,1791445907.238611,1,0,0.0
ds_live_1.0_20261008_165141,1791445907.221963,camera_color_optical_frame,14,640,480,1,503.2,91.2,0.5724,-0.6199,0.01202,1,0,,,,,6.10,,1791445907.272391,1,0,0.0
ds_live_1.0_20261008_165141,1791445907.255323,camera_color_optical_frame,15,640,480,1,503.2,91.2,0.5724,-0.6198,0.01202,1,0,,,,,5.62,,1791445907.305070,1,0,0.0
ds_live_1.0_20261008_165141,1791445907.288682,camera_color_optical_frame,16,640,480,1,503.2,91.2,0.5725,-0.6201,0.01200,1,0,,,,,5.51,,1791445907.338469,1,0,0.0
ds_live_1.0_20261008_165141,1791445907.322042,camera_color_optical_frame,17,640,480,1,503.2,91.3,0.5724,-0.6198,0.01199,1,0,,,,,5.38,,1791445907.371592,1,0,0.0
ds_live_1.0_20261008_165141,1791445907.355401,camera_color_optical_frame,18,640,480,1,503.2,91.2,0.5725,-0.6200,0.01200,1,0,,,,,5.51,,1791445907.406231,1,0,0.0
ds_live_1.0_20261008_165141,1791445907.388760,camera_color_optical_frame,19,640,480,1,503.2,91.2,0.5724,-0.6201,0.01198,1,0,,,,,6.07,,1791445907.439132,1,0,0.0
ds_live_1.0_20261008_165141,1791445907.422119,camera_color_optical_frame,20,640,480,1,503.2,91.2,0.5723,-0.6199,0.01196,1,0,,,,,6.86,,1791445907.473432,1,0,0.0
ds_live_1.0_20261008_165141,1791445907.455479,camera_color_optical_frame,21,640,480,1,503.1,91.3,0.5722,-0.6198,0.01195,1,0,,,,,5.47,,1791445907.505263,1,0,0.0
ds_live_1.0_20261008_165141,1791445907.488838,camera_color_optical_frame,22,640,480,1,503.1,91.2,0.5723,-0.6199,0.01195,1,0,,,,,5.88,,1791445907.539654,1,0,0.0
ds_live_1.0_20261008_165141,1791445907.522197,camera_color_optical_frame,23,640,480,1,503.1,91.2,0.5722,-0.6199,0.01196,1,0,,,,,6.29,,1791445907.572774,1,0,0.0
ds_live_1.0_20261008_165141,1791445907.555557,camera_color_optical_frame,24,640,480,1,503.1,91.3,0.5721,-0.6196,0.01194,1,0,,,,,5.61,,1791445907.605284,1,0,0.0
ds_live_1.0_20261008_165141,1791445907.588916,camera_color_optical_frame,25,640,480,1,503.1,91.2,0.5723,-0.6201,0.01192,1,0,,,,,5.45,,1791445907.638495,1,0,0.0
ds_live_1.0_20261008_165141,1791445907.622275,camera_color_optical_frame,26,640,480,1,503.2,91.2,0.5724,-0.6200,0.01192,1,0,,,,,5.53,,1791445907.672492,1,0,0.0
ds_live_1.0_20261008_165141,1791445907.655634,camera_color_optical_frame,27,640,480,1,503.1,91.2,0.5723,-0.6199,0.01190,1,0,,,,,5.88,,1791445907.705964,1,0,0.0
ds_live_1.0_20261008_165141,1791445907.688993,camera_color_optical_frame,28,640,480,1,503.2,91.2,0.5723,-0.6201,0.01193,1,0,,,,,5.84,,1791445907.739201,1,0,0.0
ds_live_1.0_20261008_165141,1791445907.722353,camera_color_optical_frame,29,640,480,1,503.2,91.2,0.5724,-0.6198,0.01189,1,0,,,,,5.88,,1791445907.772592,1,0,0.0
ds_live_1.0_20261008_165141,1791445907.755712,camera_color_optical_frame,30,640,480,1,503.1,91.2,0.5723,-0.6201,0.01191,1,0,,,,,5.96,,1791445907.804343,1,0,0.0
ds_live_1.0_20261008_165141,1791445907.789072,camera_color_optical_frame,31,640,480,1,503.2,91.1,0.5724,-0.6204,0.01194,1,0,,,,,6.39,,1791445907.839754,1,0,0.0
ds_live_1.0_20261008_165141,1791445907.822431,camera_color_optical_frame,32,640,480,1,503.2,91.2,0.5724,-0.6198,0.01191,1,0,,,,,7.24,,1791445907.873939,1,0,0.0
ds_live_1.0_20261008_165141,1791445907.855790,camera_color_optical_frame,33,640,480,1,503.1,91.2,0.5723,-0.6199,0.01195,1,0,,,,,6.15,,1791445907.907529,1,0,0.0
ds_live_1.0_20261008_165141,1791445907.889149,camera_color_optical_frame,34,640,480,1,503.1,91.2,0.5723,-0.6199,0.01193,1,0,,,,,5.84,,1791445907.939200,1,0,0.0
ds_live_1.0_20261008_165141,1791445907.922509,camera_color_optical_frame,35,640,480,1,503.2,91.2,0.5723,-0.6201,0.01193,1,0,,,,,6.06,,1791445907.972733,1,0,0.0
ds_live_1.0_20261008_165141,1791445907.955868,camera_color_optical_frame,36,640,480,1,503.2,91.3,0.5724,-0.6197,0.01193,1,0,,,,,5.43,,1791445908.006577,1,0,0.0
ds_live_1.0_20261008_165141,1791445907.989227,camera_color_optical_frame,37,640,480,1,503.2,91.2,0.5725,-0.6201,0.01186,1,0,,,,,5.58,,1791445908.038782,1,0,0.0
ds_live_1.0_20261008_165141,1791445908.022587,camera_color_optical_frame,38,640,480,1,503.1,91.2,0.5723,-0.6202,0.01190,1,0,,,,,5.51,,1791445908.072129,1,0,0.0
ds_live_1.0_20261008_165141,1791445908.055946,camera_color_optical_frame,39,640,480,1,503.1,91.1,0.5723,-0.6203,0.01194,1,0,,,,,6.09,,1791445908.107584,1,0,0.0
ds_live_1.0_20261008_165141,1791445908.089305,camera_color_optical_frame,40,640,480,1,503.1,91.2,0.5723,-0.6198,0.01190,1,0,,,,,5.56,,1791445908.139737,1,0,0.0
ds_live_1.0_20261008_165141,1791445908.122664,camera_color_optical_frame,41,640,480,1,503.2,91.2,0.5724,-0.6200,0.01186,1,0,,,,,5.45,,1791445908.173064,1,0,0.0
ds_live_1.0_20261008_165141,1791445908.156024,camera_color_optical_frame,42,640,480,1,503.1,91.2,0.5723,-0.6199,0.01188,1,0,,,,,5.88,,1791445908.206522,1,0,0.0
ds_live_1.0_20261008_165141,1791445908.189383,camera_color_optical_frame,43,640,480,1,503.1,91.2,0.5723,-0.6200,0.01191,1,0,,,,,6.17,,1791445908.240246,1,0,0.0
ds_live_1.0_20261008_165141,1791445908.222742,camera_color_optical_frame,44,640,480,1,503.2,91.2,0.5726,-0.6200,0.01188,1,0,,,,,5.37,,1791445908.272597,1,0,0.0
ds_live_1.0_20261008_165141,1791445908.256102,camera_color_optical_frame,45,640,480,1,503.1,91.2,0.5722,-0.6200,0.01188,1,0,,,,,5.67,,1791445908.306333,1,0,0.0
ds_live_1.0_20261008_165141,1791445908.289461,camera_color_optical_frame,46,640,480,1,503.2,91.3,0.5724,-0.6198,0.01192,1,0,,,,,6.03,,1791445908.339968,1,0,0.0
ds_live_1.0_20261008_165141,1791445908.322820,camera_color_optical_frame,47,640,480,1,503.2,91.1,0.5725,-0.6202,0.01184,1,0,,,,,5.51,,1791445908.373135,1,0,0.0
ds_live_1.0_20261008_165141,1791445908.356179,camera_color_optical_frame,48,640,480,1,503.1,91.2,0.5722,-0.6200,0.01189,1,0,,,,,5.42,,1791445908.409505,1,0,0.0
ds_live_1.0_20261008_165141,1791445908.389539,camera_color_optical_frame,49,640,480,1,503.2,91.1,0.5726,-0.6202,0.01190,1,0,,,,,5.42,,1791445908.439504,1,0,0.0
ds_live_1.0_20261008_165141,1791445908.422898,camera_color_optical_frame,50,640,480,1,503.2,91.3,0.5725,-0.6196,0.01190,1,0,,,,,6.46,,1791445908.474398,1,0,0.0
ds_live_1.0_20261008_165141,1791445908.456257,camera_color_optical_frame,51,640,480,1,503.1,91.2,0.5723,-0.6199,0.01192,1,0,,,,,6.54,,1791445908.507434,1,0,0.0
ds_live_1.0_20261008_165141,1791445908.489616,camera_color_optical_frame,52,640,480,1,503.2,91.2,0.5724,-0.6200,0.01188,1,0,,,,,5.43,,1791445908.540122,1,0,0.0
ds_live_1.0_20261008_165141,1791445908.522976,camera_color_optical_frame,53,640,480,1,503.1,91.2,0.5722,-0.6199,0.01190,1,0,,,,,6.21,,1791445908.574304,1,0,0.0
ds_live_1.0_20261008_165141,1791445908.556335,camera_color_optical_frame,54,640,480,1,503.2,91.2,0.5724,-0.6198,0.01188,1,0,,,,,6.24,,1791445908.607543,1,0,0.0
ds_live_1.0_20261008_165141,1791445908.589694,camera_color_optical_frame,55,640,480,1,503.2,91.2,0.5726,-0.6201,0.01186,1,0,,,,,6.04,,1791445908.639551,1,0,0.0
ds_live_1.0_20261008_165141,1791445908.623054,camera_color_optical_frame,56,640,480,1,503.1,91.2,0.5723,-0.6200,0.01190,1,0,,,,,5.91,,1791445908.673590,1,0,0.0
ds_live_1.0_20261008_165141,1791445908.656413,camera_color_optical_frame,57,640,480,1,503.1,91.2,0.5722,-0.6199,0.01189,1,0,,,,,6.02,,1791445908.707518,1,0,0.0
ds_live_1.0_20261008_165141,1791445908.689772,camera_color_optical_frame,58,640,480,1,503.1,91.2,0.5723,-0.6199,0.01188,1,0,,,,,6.00,,1791445908.741066,1,0,0.0
ds_live_1.0_20261008_165141,1791445908.723132,camera_color_optical_frame,59,640,480,1,503.2,91.2,0.5724,-0.6201,0.01188,1,0,,,,,5.43,,1791445908.774064,1,0,0.0
ds_live_1.0_20261008_165141,1791445908.756491,camera_color_optical_frame,60,640,480,1,503.1,91.2,0.5723,-0.6201,0.01188,1,0,,,,,6.53,,1791445908.806072,1,0,0.0
ds_live_1.0_20261008_165141,1791445908.789850,camera_color_optical_frame,61,640,480,1,503.2,91.2,0.5725,-0.6201,0.01188,1,0,,,,,5.33,,1791445908.839667,1,0,0.0
ds_live_1.0_20261008_165141,1791445908.823210,camera_color_optical_frame,62,640,480,1,503.1,91.2,0.5722,-0.6198,0.01190,1,0,,,,,6.38,,1791445908.874555,1,0,0.0
ds_live_1.0_20261008_165141,1791445908.856569,camera_color_optical_frame,63,640,480,1,503.1,91.3,0.5722,-0.6194,0.01185,1,0,,,,,6.35,,1791445908.908314,1,0,0.0
ds_live_1.0_20261008_165141,1791445908.889928,camera_color_optical_frame,64,640,480,1,503.2,91.3,0.5724,-0.6197,0.01189,1,0,,,,,5.37,,1791445908.939842,1,0,0.0
ds_live_1.0_20261008_165141,1791445908.923287,camera_color_optical_frame,65,640,480,1,503.2,91.1,0.5724,-0.6205,0.01188,1,0,,,,,5.28,,1791445908.973303,1,0,0.0
ds_live_1.0_20261008_165141,1791445908.956647,camera_color_optical_frame,66,640,480,1,503.1,91.2,0.5723,-0.6198,0.01188,1,0,,,,,5.35,,1791445909.006500,1,0,0.0
ds_live_1.0_20261008_165141,1791445908.990006,camera_color_optical_frame,67,640,480,1,503.1,91.4,0.5723,-0.6194,0.01189,1,0,,,,,6.03,,1791445909.040789,1,0,0.0
ds_live_1.0_20261008_165141,1791445909.023365,camera_color_optical_frame,68,640,480,1,503.1,91.3,0.5723,-0.6197,0.01189,1,0,,,,,5.37,,1791445909.073760,1,0,0.0
ds_live_1.0_20261008_165141,1791445909.056725,camera_color_optical_frame,69,640,480,1,503.1,91.2,0.5723,-0.6198,0.01190,1,0,,,,,5.53,,1791445909.106749,1,0,0.0
ds_live_1.0_20261008_165141,1791445909.090084,camera_color_optical_frame,70,640,480,1,503.1,91.3,0.5722,-0.6197,0.01192,1,0,,,,,7.22,,1791445909.142323,1,0,0.0
ds_live_1.0_20261008_165141,1791445909.123443,camera_color_optical_frame,71,640,480,1,503.1,91.3,0.5722,-0.6195,0.01188,1,0,,,,,5.44,,1791445909.171258,1,0,0.0
ds_live_1.0_20261008_165141,1791445909.156803,camera_color_optical_frame,72,640,480,1,503.1,91.3,0.5721,-0.6196,0.01188,1,0,,,,,6.60,,1791445909.208178,1,0,0.0
ds_live_1.0_20261008_165141,1791445909.190162,camera_color_optical_frame,73,640,480,1,503.2,91.2,0.5725,-0.6201,0.01188,1,0,,,,,5.36,,1791445909.240593,1,0,0.0
ds_live_1.0_20261008_165141,1791445909.223521,camera_color_optical_frame,74,640,480,1,503.1,91.3,0.5721,-0.6195,0.01188,1,0,,,,,5.35,,1791445909.273355,1,0,0.0
ds_live_1.0_20261008_165141,1791445909.256881,camera_color_optical_frame,75,640,480,1,503.0,91.3,0.5720,-0.6194,0.01188,1,0,,,,,5.33,,1791445909.308157,1,0,0.0
ds_live_1.0_20261008_165141,1791445909.290240,camera_color_optical_frame,76,640,480,1,503.1,91.3,0.5722,-0.6197,0.01187,1,0,,,,,5.33,,1791445909.340795,1,0,0.0
ds_live_1.0_20261008_165141,1791445909.323599,camera_color_optical_frame,77,640,480,1,503.2,91.2,0.5727,-0.6200,0.01182,1,0,,,,,6.05,,1791445909.374088,1,0,0.0
ds_live_1.0_20261008_165141,1791445909.356958,camera_color_optical_frame,78,640,480,1,503.2,91.1,0.5726,-0.6203,0.01184,1,0,,,,,5.27,,1791445909.407109,1,0,0.0
ds_live_1.0_20261008_165141,1791445909.390318,camera_color_optical_frame,79,640,480,1,503.1,91.2,0.5721,-0.6200,0.01189,1,0,,,,,6.02,,1791445909.441535,1,0,0.0
ds_live_1.0_20261008_165141,1791445909.423677,camera_color_optical_frame,80,640,480,1,503.1,91.2,0.5721,-0.6200,0.01188,1,0,,,,,5.43,,1791445909.474275,1,0,0.0
ds_live_1.0_20261008_165141,1791445909.457036,camera_color_optical_frame,81,640,480,1,503.1,91.2,0.5722,-0.6198,0.01188,1,0,,,,,6.37,,1791445909.508185,1,0,0.0
ds_live_1.0_20261008_165141,1791445909.490396,camera_color_optical_frame,82,640,480,1,503.1,91.2,0.5722,-0.6199,0.01189,1,0,,,,,5.38,,1791445909.540794,1,0,0.0
ds_live_1.0_20261008_165141,1791445909.523755,camera_color_optical_frame,83,640,480,1,503.1,91.2,0.5721,-0.6200,0.01183,1,0,,,,,5.38,,1791445909.574175,1,0,0.0
ds_live_1.0_20261008_165141,1791445909.557114,camera_color_optical_frame,84,640,480,1,503.1,91.2,0.5722,-0.6201,0.01189,1,0,,,,,5.58,,1791445909.608421,1,0,0.0
ds_live_1.0_20261008_165141,1791445909.590474,camera_color_optical_frame,85,640,480,1,503.1,91.2,0.5723,-0.6199,0.01189,1,0,,,,,5.36,,1791445909.641644,1,0,0.0
ds_live_1.0_20261008_165141,1791445909.623833,camera_color_optical_frame,86,640,480,1,503.1,91.2,0.5722,-0.6201,0.01183,1,0,,,,,6.21,,1791445909.676049,1,0,0.0
ds_live_1.0_20261008_165141,1791445909.657192,camera_color_optical_frame,87,640,480,1,503.0,91.3,0.5720,-0.6196,0.01188,1,0,,,,,6.39,,1791445909.708066,1,0,0.0
ds_live_1.0_20261008_165141,1791445909.690552,camera_color_optical_frame,88,640,480,1,503.1,91.3,0.5721,-0.6195,0.01189,1,0,,,,,6.01,,1791445909.741127,1,0,0.0
ds_live_1.0_20261008_165141,1791445909.723911,camera_color_optical_frame,89,640,480,1,503.1,91.2,0.5722,-0.6198,0.01189,1,0,,,,,5.81,,1791445909.774534,1,0,0.0
ds_live_1.0_20261008_165141,1791445909.757270,camera_color_optical_frame,90,640,480,1,503.0,91.3,0.5719,-0.6197,0.01188,1,0,,,,,6.49,,1791445909.808038,1,0,0.0
ds_live_1.0_20261008_165141,1791445909.790629,camera_color_optical_frame,91,640,480,1,503.1,91.2,0.5722,-0.6198,0.01190,1,0,,,,,5.40,,1791445909.840114,1,0,0.0
ds_live_1.0_20261008_165141,1791445909.823988,camera_color_optical_frame,92,640,480,1,503.1,91.3,0.5722,-0.6196,0.01189,1,0,,,,,5.73,,1791445909.873432,1,0,0.0
ds_live_1.0_20261008_165141,1791445909.857348,camera_color_optical_frame,93,640,480,1,503.1,91.2,0.5722,-0.6200,0.01190,1,0,,,,,5.75,,1791445909.907201,1,0,0.0
ds_live_1.0_20261008_165141,1791445909.890707,camera_color_optical_frame,94,640,480,1,503.1,91.2,0.5723,-0.6200,0.01189,1,0,,,,,5.60,,1791445909.940231,1,0,0.0
ds_live_1.0_20261008_165141,1791445909.924066,camera_color_optical_frame,95,640,480,1,503.1,91.2,0.5723,-0.6199,0.01186,1,0,,,,,5.47,,1791445909.973457,1,0,0.0
ds_live_1.0_20261008_165141,1791445909.957426,camera_color_optical_frame,96,640,480,1,503.1,91.1,0.5723,-0.6203,0.01186,1,0,,,,,7.07,,1791445910.008622,1,0,0.0
ds_live_1.0_20261008_165141,1791445909.990785,camera_color_optical_frame,97,640,480,1,503.1,91.2,0.5722,-0.6200,0.01183,1,0,,,,,6.39,,1791445910.041279,1,0,0.0
ds_live_1.0_20261008_165141,1791445910.024144,camera_color_optical_frame,98,640,480,1,503.1,91.2,0.5722,-0.6198,0.01189,1,0,,,,,5.94,,1791445910.074199,1,0,0.0
ds_live_1.0_20261008_165141,1791445910.057504,camera_color_optical_frame,99,640,480,1,503.1,91.3,0.5721,-0.6197,0.01189,1,0,,,,,5.65,,1791445910.107167,1,0,0.0
ds_live_1.0_20261008_165141,1791445910.090863,camera_color_optical_frame,100,640,480,1,503.1,91.2,0.5721,-0.6200,0.01189,1,0,,,,,5.90,,1791445910.140339,1,0,0.0
ds_live_1.0_20261008_165141,1791445910.124222,camera_color_optical_frame,101,640,480,1,503.1,91.3,0.5720,-0.6196,0.01189,1,0,,,,,5.36,,1791445910.173690,1,0,0.0
ds_live_1.0_20261008_165141,1791445910.157581,camera_color_optical_frame,102,640,480,1,503.1,91.2,0.5722,-0.6199,0.01188,1,0,,,,,6.37,,1791445910.207073,1,0,0.0
ds_live_1.0_20261008_165141,1791445910.190941,camera_color_optical_frame,103,640,480,1,503.1,91.2,0.5722,-0.6199,0.01182,1,0,,,,,5.85,,1791445910.240981,1,0,0.0
ds_live_1.0_20261008_165141,1791445910.224300,camera_color_optical_frame,104,640,480,1,503.0,91.3,0.5720,-0.6197,0.01189,1,0,,,,,5.63,,1791445910.274037,1,0,0.0
ds_live_1.0_20261008_165141,1791445910.257659,camera_color_optical_frame,105,640,480,1,503.1,91.3,0.5720,-0.6197,0.01191,1,0,,,,,5.32,,1791445910.307043,1,0,0.0
ds_live_1.0_20261008_165141,1791445910.291019,camera_color_optical_frame,106,640,480,1,503.1,91.2,0.5723,-0.6201,0.01189,1,0,,,,,5.40,,1791445910.340426,1,0,0.0
ds_live_1.0_20261008_165141,1791445910.324378,camera_color_optical_frame,107,640,480,1,503.0,91.3,0.5719,-0.6196,0.01187,1,0,,,,,6.61,,1791445910.375140,1,0,0.0
ds_live_1.0_20261008_165141,1791445910.357737,camera_color_optical_frame,108,640,480,1,503.1,91.2,0.5722,-0.6201,0.01184,1,0,,,,,5.70,,1791445910.407419,1,0,0.0
ds_live_1.0_20261008_165141,1791445910.391096,camera_color_optical_frame,109,640,480,1,503.1,91.3,0.5721,-0.6195,0.01185,1,0,,,,,5.55,,1791445910.440677,1,0,0.0
ds_live_1.0_20261008_165141,1791445910.424456,camera_color_optical_frame,110,640,480,1,503.0,91.3,0.5720,-0.6197,0.01188,1,0,,,,,5.68,,1791445910.473093,1,0,0.0
ds_live_1.0_20261008_165141,1791445910.457815,camera_color_optical_frame,111,640,480,1,503.1,91.3,0.5721,-0.6196,0.01188,1,0,,,,,5.42,,1791445910.507203,1,0,0.0
ds_live_1.0_20261008_165141,1791445910.491174,camera_color_optical_frame,112,640,480,1,503.1,91.2,0.5723,-0.6198,0.01189,1,0,,,,,5.32,,1791445910.540607,1,0,0.0
ds_live_1.0_20261008_165141,1791445910.524534,camera_color_optical_frame,113,640,480,1,503.0,91.3,0.5718,-0.6194,0.01187,1,0,,,,,5.67,,1791445910.575325,1,0,0.0
ds_live_1.0_20261008_165141,1791445910.557893,camera_color_optical_frame,114,640,480,1,503.1,91.2,0.5721,-0.6201,0.01185,1,0,,,,,5.66,,1791445910.607672,1,0,0.0
ds_live_1.0_20261008_165141,1791445910.591252,camera_color_optical_frame,115,640,480,1,503.0,91.3,0.5720,-0.6197,0.01185,1,0,,,,,5.59,,1791445910.641145,1,0,0.0
ds_live_1.0_20261008_165141,1791445910.624611,camera_color_optical_frame,116,640,480,1,503.1,91.3,0.5721,-0.6197,0.01188,1,0,,,,,6.60,,1791445910.676604,1,0,0.0
ds_live_1.0_20261008_165141,1791445910.657971,camera_color_optical_frame,117,640,480,1,503.1,91.2,0.5721,-0.6200,0.01187,1,0,,,,,6.04,,1791445910.707575,1,0,0.0
ds_live_1.0_20261008_165141,1791445910.691330,camera_color_optical_frame,118,640,480,1,503.1,91.2,0.5721,-0.6199,0.01185,1,1,0.977,0.4350,0.1283,-0.1105,33.08,0.00,1791445910.812001,1,0,0.0
ds_live_1.0_20261008_165141,1791445910.724689,camera_color_optical_frame,119,640,480,1,503.0,91.3,0.5720,-0.6196,0.01188,1,1,0.984,0.4350,0.1283,-0.1105,11.73,0.00,1791445910.833046,1,0,0.0
ds_live_1.0_20261008_165141,1791445910.758049,camera_color_optical_frame,120,640,480,1,503.1,91.2,0.5722,-0.6201,0.01186,1,1,0.980,0.4350,0.1283,-0.1106,9.17,0.00,1791445910.853171,1,0,0.0
ds_live_1.0_20261008_165141,1791445910.791408,camera_color_optical_frame,121,640,480,1,503.1,91.3,0.5721,-0.6197,0.01188,1,1,0.971,0.4360,0.1286,-0.1108,10.80,0.00,1791445910.874896,1,0,0.0
ds_live_1.0_20261008_165141,1791445910.824767,camera_color_optical_frame,122,640,480,1,503.1,91.1,0.5723,-0.6202,0.01183,1,1,0.971,0.4360,0.1287,-0.1109,12.41,0.00,1791445910.903685,1,0,0.0
ds_live_1.0_20261008_165141,1791445910.858127,camera_color_optical_frame,123,640,480,1,503.1,91.2,0.5722,-0.6202,0.01181,1,1,0.985,0.4360,0.1286,-0.1108,13.74,0.00,1791445910.935038,1,0,0.0
ds_live_1.0_20261008_165141,1791445910.891486,camera_color_optical_frame,124,640,480,1,503.1,91.2,0.5721,-0.6200,0.01187,1,1,0.969,0.4360,0.1286,-0.1108,14.05,0.00,1791445910.967629,1,0,0.0
ds_live_1.0_20261008_165141,1791445910.924845,camera_color_optical_frame,125,640,480,1,503.2,91.1,0.5725,-0.6203,0.01183,1,1,0.986,0.4350,0.1284,-0.1106,11.97,0.00,1791445910.998963,1,0,0.0
ds_live_1.0_20261008_165141,1791445910.958205,camera_color_optical_frame,126,640,480,1,503.1,91.3,0.5721,-0.6197,0.01185,1,1,0.963,0.4350,0.1283,-0.1105,10.89,0.00,1791445911.030560,1,0,0.0
ds_live_1.0_20261008_165141,1791445910.991564,camera_color_optical_frame,127,640,480,1,503.1,91.2,0.5722,-0.6200,0.01184,1,1,0.974,0.4360,0.1286,-0.1108,10.77,0.00,1791445911.063235,1,0,0.0
ds_live_1.0_20261008_165141,1791445911.024923,camera_color_optical_frame,128,640,480,1,503.1,91.1,0.5722,-0.6203,0.01181,1,1,0.960,0.4350,0.1283,-0.1106,14.61,0.00,1791445911.100942,1,0,0.0
ds_live_1.0_20261008_165141,1791445911.058282,camera_color_optical_frame,129,640,480,1,503.1,91.3,0.5721,-0.6194,0.01188,1,1,0.994,0.4340,0.1280,-0.1102,14.04,0.00,1791445911.132533,1,0,0.0
ds_live_1.0_20261008_165141,1791445911.091642,camera_color_optical_frame,130,640,480,1,503.0,91.3,0.5720,-0.6195,0.01187,1,1,0.977,0.4340,0.1280,-0.1102,12.30,0.00,1791445911.163998,1,0,0.0
ds_live_1.0_20261008_165141,1791445911.125001,camera_color_optical_frame,131,640,480,1,503.0,91.3,0.5719,-0.6195,0.01188,1,1,0.974,0.4340,0.1280,-0.1102,12.99,0.00,1791445911.197948,1,0,0.0
ds_live_1.0_20261008_165141,1791445911.158360,camera_color_optical_frame,132,640,480,1,503.1,91.2,0.5720,-0.6199,0.01187,1,1,0.968,0.4360,0.1286,-0.1108,12.66,0.00,1791445911.231111,1,0,0.0
ds_live_1.0_20261008_165141,1791445911.191720,camera_color_optical_frame,133,640,480,1,503.0,91.3,0.5719,-0.6196,0.01184,1,1,0.980,0.4360,0.1286,-0.1107,12.04,0.00,1791445911.263681,1,0,0.0
ds_live_1.0_20261008_165141,1791445911.225079,camera_color_optical_frame,134,640,480,1,503.1,91.2,0.5722,-0.6201,0.01184,1,1,0.994,0.4340,0.1280,-0.1103,13.97,0.00,1791445911.299570,1,0,0.0
ds_live_1.0_20261008_165141,1791445911.258438,camera_color_optical_frame,135,640,480,1,503.1,91.2,0.5722,-0.6200,0.01188,1,1,0.986,0.4340,0.1280,-0.1103,9.26,0.00,1791445911.327859,1,0,0.0
ds_live_1.0_20261008_165141,1791445911.291797,camera_color_optical_frame,136,640,480,1,503.1,91.2,0.5721,-0.6200,0.01187,1,1,0.985,0.4340,0.1280,-0.1103,11.65,0.00,1791445911.364479,1,0,0.0
ds_live_1.0_20261008_165141,1791445911.325157,camera_color_optical_frame,137,640,480,1,503.1,91.2,0.5721,-0.6198,0.01184,1,1,0.988,0.4340,0.1280,-0.1103,10.01,0.00,1791445911.396744,1,0,0.0
ds_live_1.0_20261008_165141,1791445911.358516,camera_color_optical_frame,138,640,480,1,503.1,91.2,0.5722,-0.6201,0.01182,1,1,0.962,0.4350,0.1283,-0.1106,9.73,0.00,1791445911.429639,1,0,0.0
ds_live_1.0_20261008_165141,1791445911.391876,camera_color_optical_frame,139,640,480,1,503.1,91.3,0.5721,-0.6196,0.01187,1,1,0.980,0.4350,0.1283,-0.1105,10.38,0.00,1791445911.463642,1,0,0.0
ds_live_1.0_20261008_165141,1791445911.425235,camera_color_optical_frame,140,640,480,1,503.1,91.3,0.5721,-0.6197,0.01186,1,1,0.981,0.4350,0.1283,-0.1105,13.27,0.00,1791445911.502156,1,0,0.0
ds_live_1.0_20261008_165141,1791445911.458594,camera_color_optical_frame,141,640,480,1,503.1,91.3,0.5721,-0.6197,0.01184,1,1,0.973,0.4340,0.1280,-0.1103,12.39,0.00,1791445911.534176,1,0,0.0
ds_live_1.0_20261008_165141,1791445911.491953,camera_color_optical_frame,142,640,480,1,503.1,91.2,0.5722,-0.6198,0.01186,1,1,0.983,0.4340,0.1280,-0.1103,11.60,0.00,1791445911.565408,1,0,0.0
ds_live_1.0_20261008_165141,1791445911.525313,camera_color_optical_frame,143,640,480,1,503.0,91.3,0.5720,-0.6195,0.01186,1,1,0.979,0.4350,0.1283,-0.1105,11.70,0.00,1791445911.599566,1,0,0.0
ds_live_1.0_20261008_165141,1791445911.558672,camera_color_optical_frame,144,640,480,1,503.1,91.3,0.5721,-0.6196,0.01187,1,1,0.990,0.4350,0.1283,-0.1105,11.55,0.00,1791445911.632648,1,0,0.0
ds_live_1.0_20261008_165141,1791445911.592031,camera_color_optical_frame,145,640,480,1,503.1,91.3,0.5721,-0.6196,0.01188,1,1,0.987,0.4350,0.1283,-0.1105,13.70,0.00,1791445911.668171,1,0,0.0
ds_live_1.0_20261008_165141,1791445911.625391,camera_color_optical_frame,146,640,480,1,503.1,91.3,0.5721,-0.6198,0.01186,1,1,0.985,0.4340,0.1280,-0.1103,12.51,0.00,1791445911.700410,1,0,0.0
ds_live_1.0_20261008_165141,1791445911.658750,camera_color_optical_frame,147,640,480,1,503.1,91.3,0.5721,-0.6194,0.01182,1,1,0.989,0.4340,0.1280,-0.1102,11.86,0.00,1791445911.733784,1,0,0.0
ds_live_1.0_20261008_165141,1791445911.692109,camera_color_optical_frame,148,640,480,1,503.0,91.3,0.5718,-0.6195,0.01183,1,1,0.970,0.4340,0.1280,-0.1102,13.39,0.00,1791445911.768390,1,0,0.0
ds_live_1.0_20261008_165141,1791445913.026481,camera_color_optical_frame,149,640,480,1,503.1,91.2,0.5723,-0.6200,0.01186,1,0,,,,,7.82,133.44,1791445913.119240,1,0,0.0
ds_live_1.0_20261008_165141,1791445913.059840,camera_color_optical_frame,150,640,480,1,503.1,91.3,0.5721,-0.6196,0.01188,1,0,,,,,7.28,100.08,1791445913.142319,1,0,0.0
ds_live_1.0_20261008_165141,1791445913.093199,camera_color_optical_frame,151,640,480,1,503.0,91.3,0.5719,-0.6194,0.01187,1,1,0.967,0.4350,0.1283,-0.1105,10.20,0.00,1791445913.176385,1,0,0.0
ds_live_1.0_20261008_165141,1791445913.126559,camera_color_optical_frame,152,640,480,1,503.1,91.3,0.5722,-0.6197,0.01183,1,1,0.965,0.4340,0.1280,-0.1103,14.41,0.00,1791445913.204608,1,0,0.0
ds_live_1.0_20261008_165141,1791445913.159918,camera_color_optical_frame,153,640,480,1,503.0,91.3,0.5720,-0.6194,0.01182,1,1,0.989,0.4340,0.1280,-0.1102,14.65,0.00,1791445913.237332,1,0,0.0
ds_live_1.0_20261008_165141,1791445913.193277,camera_color_optical_frame,154,640,480,1,503.1,91.3,0.5720,-0.6197,0.01189,1,1,0.971,0.4340,0.1280,-0.1103,14.83,0.00,1791445913.269930,1,0,0.0
ds_live_1.0_20261008_165141,1791445913.226637,camera_color_optical_frame,155,640,480,1,503.0,91.3,0.5719,-0.6194,0.01187,1,1,0.961,0.4350,0.1283,-0.1105,14.40,0.00,1791445913.302554,1,0,0.0
ds_live_1.0_20261008_165141,1791445913.259996,camera_color_optical_frame,156,640,480,1,503.0,91.3,0.5720,-0.6196,0.01188,1,1,0.970,0.4340,0.1280,-0.1102,15.51,0.00,1791445913.337025,1,0,0.0
ds_live_1.0_20261008_165141,1791445913.293355,camera_color_optical_frame,157,640,480,1,503.0,91.3,0.5719,-0.6195,0.01186,1,1,0.960,0.4340,0.1280,-0.1102,12.95,0.00,1791445913.366850,1,0,0.0
ds_live_1.0_20261008_165141,1791445913.326715,camera_color_optical_frame,158,640,480,1,503.2,91.1,0.5724,-0.6204,0.01178,1,1,0.973,0.4360,0.1287,-0.1109,12.26,0.00,1791445913.398652,1,0,0.0
ds_live_1.0_20261008_165141,1791445913.360074,camera_color_optical_frame,159,640,480,1,503.0,91.4,0.5720,-0.6192,0.01183,1,1,0.952,0.4370,0.1289,-0.1109,11.12,0.00,1791445913.430901,1,0,0.0
ds_live_1.0_20261008_165141,1791445913.393433,camera_color_optical_frame,160,640,480,1,503.0,91.3,0.5719,-0.6198,0.01184,1,1,0.982,0.4330,0.1277,-0.1100,12.74,0.00,1791445913.466550,1,0,0.0
ds_live_1.0_20261008_165141,1791445913.426792,camera_color_optical_frame,161,640,480,1,503.0,91.4,0.5719,-0.6193,0.01184,1,1,0.977,0.4350,0.1283,-0.1104,13.42,0.00,1791445913.500701,1,0,0.0
ds_live_1.0_20261008_165141,1791445913.460152,camera_color_optical_frame,162,640,480,1,503.2,91.2,0.5724,-0.6198,0.01184,1,1,0.971,0.4350,0.1284,-0.1105,14.00,0.00,1791445913.534954,1,0,0.0
ds_live_1.0_20261008_165141,1791445913.493511,camera_color_optical_frame,163,640,480,1,503.1,91.2,0.5722,-0.6199,0.01186,1,1,0.976,0.4340,0.1280,-0.1103,14.39,0.00,1791445913.568671,1,0,0.0
ds_live_1.0_20261008_165141,1791445913.526870,camera_color_optical_frame,164,640,480,1,503.1,91.2,0.5722,-0.6199,0.01187,1,1,0.956,0.4360,0.1286,-0.1108,14.92,0.00,1791445913.603202,1,0,0.0
ds_live_1.0_20261008_165141,1791445913.560230,camera_color_optical_frame,165,640,480,1,503.1,91.2,0.5721,-0.6199,0.01186,1,1,0.989,0.4340,0.1280,-0.1103,14.92,0.00,1791445913.636469,1,0,0.0
ds_live_1.0_20261008_165141,1791445913.593589,camera_color_optical_frame,166,640,480,1,503.1,91.2,0.5722,-0.6198,0.01187,1,1,0.977,0.4340,0.1280,-0.1103,14.86,0.00,1791445913.669672,1,0,0.0
ds_live_1.0_20261008_165141,1791445913.626948,camera_color_optical_frame,167,640,480,1,503.1,91.3,0.5722,-0.6195,0.01182,1,1,0.969,0.4350,0.1283,-0.1105,14.02,0.00,1791445913.702135,1,0,0.0
ds_live_1.0_20261008_165141,1791445913.660308,camera_color_optical_frame,168,640,480,1,503.0,91.4,0.5719,-0.6193,0.01183,1,1,0.975,0.4340,0.1280,-0.1102,11.10,0.00,1791445913.731536,1,0,0.0
ds_live_1.0_20261008_165141,1791445913.693667,camera_color_optical_frame,169,640,480,1,503.1,91.2,0.5721,-0.6199,0.01183,1,1,0.969,0.4340,0.1280,-0.1103,14.60,0.00,1791445913.769747,1,0,0.0
ds_live_1.0_20261008_165141,1791445913.727026,camera_color_optical_frame,170,640,480,1,503.1,91.4,0.5720,-0.6193,0.01183,1,1,0.984,0.4340,0.1280,-0.1102,14.16,0.00,1791445913.804129,1,0,0.0
ds_live_1.0_20261008_165141,1791445913.760385,camera_color_optical_frame,171,640,480,1,503.0,91.2,0.5720,-0.6201,0.01185,1,1,0.978,0.4340,0.1280,-0.1103,14.17,0.00,1791445913.835937,1,0,0.0
ds_live_1.0_20261008_165141,1791445913.793745,camera_color_optical_frame,172,640,480,1,503.1,91.3,0.5721,-0.6195,0.01184,1,1,0.971,0.4340,0.1280,-0.1102,13.93,0.00,1791445913.868437,1,0,0.0
ds_live_1.0_20261008_165141,1791445913.827104,camera_color_optical_frame,173,640,480,1,503.1,91.3,0.5721,-0.6195,0.01182,1,1,0.975,0.4340,0.1280,-0.1102,15.09,0.00,1791445913.903150,1,0,0.0
ds_live_1.0_20261008_165141,1791445913.860463,camera_color_optical_frame,174,640,480,1,503.1,91.3,0.5721,-0.6195,0.01188,1,1,0.971,0.4350,0.1283,-0.1105,12.87,0.00,1791445913.933942,1,0,0.0
ds_live_1.0_20261008_165141,1791445913.893822,camera_color_optical_frame,175,640,480,1,503.1,91.3,0.5721,-0.6194,0.01184,1,1,0.964,0.4340,0.1280,-0.1102,13.84,0.00,1791445913.968318,1,0,0.0
ds_live_1.0_20261008_165141,1791445913.927182,camera_color_optical_frame,176,640,480,1,503.0,91.3,0.5720,-0.6195,0.01188,1,1,0.989,0.4340,0.1280,-0.1102,15.00,0.00,1791445914.003000,1,0,0.0
ds_live_1.0_20261008_165141,1791445913.960541,camera_color_optical_frame,177,640,480,1,503.1,91.3,0.5722,-0.6196,0.01179,1,1,0.974,0.4340,0.1280,-0.1102,14.20,0.00,1791445914.035724,1,0,0.0
ds_live_1.0_20261008_165141,1791445913.993900,camera_color_optical_frame,178,640,480,1,503.0,91.3,0.5719,-0.6194,0.01184,1,1,0.963,0.4340,0.1280,-0.1102,10.74,0.00,1791445914.064128,1,0,0.0
ds_live_1.0_20261008_165141,1791445914.027260,camera_color_optical_frame,179,640,480,1,503.1,91.3,0.5721,-0.6196,0.01183,1,1,0.984,0.4340,0.1280,-0.1102,14.25,0.00,1791445914.101765,1,0,0.0
ds_live_1.0_20261008_165141,1791445914.060619,camera_color_optical_frame,180,640,480,1,503.0,91.3,0.5720,-0.6195,0.01190,1,1,0.968,0.4340,0.1280,-0.1102,13.74,0.00,1791445914.135035,1,0,0.0
ds_live_1.0_20261008_165141,1791445914.093978,camera_color_optical_frame,181,640,480,1,503.0,91.3,0.5720,-0.6194,0.01188,1,1,0.982,0.4340,0.1280,-0.1102,14.36,0.00,1791445914.168995,1,0,0.0
ds_live_1.0_20261008_165141,1791445914.127338,camera_color_optical_frame,182,640,480,1,503.1,91.3,0.5722,-0.6194,0.01182,1,1,0.956,0.4340,0.1280,-0.1102,14.20,0.00,1791445914.202854,1,0,0.0
ds_live_1.0_20261008_165141,1791445914.160697,camera_color_optical_frame,183,640,480,1,503.1,91.3,0.5720,-0.6197,0.01184,1,1,0.954,0.4340,0.1280,-0.1103,14.59,0.00,1791445914.236486,1,0,0.0
ds_live_1.0_20261008_165141,1791445914.194056,camera_color_optical_frame,184,640,480,1,503.1,91.4,0.5721,-0.6192,0.01185,1,1,0.971,0.4360,0.1286,-0.1107,14.41,0.00,1791445914.269457,1,0,0.0
ds_live_1.0_20261008_165141,1791445914.227415,camera_color_optical_frame,185,640,480,1,503.0,91.3,0.5720,-0.6195,0.01187,1,1,0.964,0.4340,0.1280,-0.1102,11.57,0.00,1791445914.299922,1,0,0.0
ds_live_1.0_20261008_165141,1791445914.260775,camera_color_optical_frame,186,640,480,1,503.1,91.3,0.5720,-0.6198,0.01187,1,1,0.970,0.4340,0.1280,-0.1103,10.55,0.00,1791445914.332404,1,0,0.0
ds_live_1.0_20261008_165141,1791445914.294134,camera_color_optical_frame,187,640,480,1,503.1,91.3,0.5721,-0.6196,0.01189,1,1,0.961,0.4340,0.1280,-0.1102,14.34,0.00,1791445914.369556,1,0,0.0
ds_live_1.0_20261008_165141,1791445914.327493,camera_color_optical_frame,188,640,480,1,503.1,91.4,0.5721,-0.6194,0.01184,1,1,0.977,0.4340,0.1280,-0.1102,12.97,0.00,1791445914.401663,1,0,0.0
ds_live_1.0_20261008_165141,1791445914.360852,camera_color_optical_frame,189,640,480,1,503.1,91.3,0.5721,-0.6196,0.01186,1,1,0.969,0.4340,0.1280,-0.1102,10.73,0.00,1791445914.432714,1,0,0.0
ds_live_1.0_20261008_165141,1791445914.394212,camera_color_optical_frame,190,640,480,1,503.0,91.3,0.5720,-0.6196,0.01187,1,1,0.973,0.4330,0.1277,-0.1100,13.10,0.00,1791445914.468400,1,0,0.0
ds_live_1.0_20261008_165141,1791445914.427571,camera_color_optical_frame,191,640,480,1,503.0,91.3,0.5719,-0.6195,0.01186,1,1,0.975,0.4350,0.1283,-0.1105,13.48,0.00,1791445914.503339,1,0,0.0
ds_live_1.0_20261008_165141,1791445914.460930,camera_color_optical_frame,192,640,480,1,503.1,91.2,0.5720,-0.6201,0.01185,1,1,0.951,0.4350,0.1283,-0.1106,12.19,0.00,1791445914.535357,1,0,0.0
ds_live_1.0_20261008_165141,1791445914.494290,camera_color_optical_frame,193,640,480,1,503.1,91.2,0.5723,-0.6200,0.01182,1,1,0.969,0.4340,0.1281,-0.1103,9.45,0.00,1791445914.563922,1,0,0.0
ds_live_1.0_20261008_165141,1791445914.527649,camera_color_optical_frame,194,640,480,1,503.1,91.2,0.5722,-0.6202,0.01182,1,1,0.981,0.4340,0.1280,-0.1103,13.32,0.00,1791445914.602299,1,0,0.0
ds_live_1.0_20261008_165141,1791445914.561008,camera_color_optical_frame,195,640,480,1,503.0,91.3,0.5720,-0.6197,0.01187,1,1,0.954,0.4350,0.1283,-0.1105,11.09,0.00,1791445914.633276,1,0,0.0
ds_live_1.0_20261008_165141,1791445914.594368,camera_color_optical_frame,196,640,480,1,503.1,91.4,0.5720,-0.6194,0.01188,1,1,0.949,0.4350,0.1283,-0.1104,11.51,0.00,1791445914.666729,1,0,0.0
ds_live_1.0_20261008_165141,1791445914.627727,camera_color_optical_frame,197,640,480,1,503.1,91.1,0.5721,-0.6203,0.01185,1,1,0.966,0.4350,0.1283,-0.1106,11.24,0.00,1791445914.699758,1,0,0.0
ds_live_1.0_20261008_165141,1791445914.661086,camera_color_optical_frame,198,640,480,1,503.0,91.3,0.5719,-0.6194,0.01185,1,1,0.969,0.4340,0.1280,-0.1102,11.26,0.00,1791445914.732444,1,0,0.0
ds_live_1.0_20261008_165141,1791445914.694445,camera_color_optical_frame,199,640,480,1,503.0,91.3,0.5720,-0.6197,0.01185,1,1,0.980,0.4340,0.1280,-0.1103,10.92,0.00,1791445914.767454,1,0,0.0
ds_live_1.0_20261008_165141,1791445914.727805,camera_color_optical_frame,200,640,480,1,503.0,91.4,0.5720,-0.6194,0.01190,1,1,0.985,0.4340,0.1280,-0.1102,12.54,0.00,1791445914.804352,1,0,0.0
ds_live_1.0_20261008_165141,1791445914.761164,camera_color_optical_frame,201,640,480,1,503.0,91.4,0.5718,-0.6191,0.01181,1,1,0.982,0.4340,0.1279,-0.1102,13.36,0.00,1791445914.837370,1,0,0.0
ds_live_1.0_20261008_165141,1791445914.794523,camera_color_optical_frame,202,640,480,1,503.1,91.3,0.5722,-0.6196,0.01184,1,1,0.968,0.4330,0.1277,-0.1100,13.07,0.00,1791445914.870718,1,0,0.0
ds_live_1.0_20261008_165141,1791445914.827883,camera_color_optical_frame,203,640,480,1,503.1,91.3,0.5721,-0.6195,0.01179,1,1,0.983,0.4340,0.1280,-0.1102,12.75,0.00,1791445914.903773,1,0,0.0
ds_live_1.0_20261008_165141,1791445914.861242,camera_color_optical_frame,204,640,480,1,503.0,91.3,0.5720,-0.6195,0.01188,1,1,0.969,0.4340,0.1280,-0.1102,11.16,0.00,1791445914.933936,1,0,0.0
ds_live_1.0_20261008_165141,1791445914.894601,camera_color_optical_frame,205,640,480,1,503.2,91.2,0.5724,-0.6202,0.01185,1,1,0.970,0.4330,0.1278,-0.1101,11.17,0.00,1791445914.968625,1,0,0.0
ds_live_1.0_20261008_165141,1791445914.927961,camera_color_optical_frame,206,640,480,1,503.0,91.3,0.5720,-0.6194,0.01190,1,1,0.975,0.4350,0.1283,-0.1105,11.75,0.00,1791445915.001666,1,0,0.0
ds_live_1.0_20261008_165141,1791445914.961320,camera_color_optical_frame,207,640,480,1,503.0,91.3,0.5719,-0.6195,0.01185,1,1,0.973,0.4340,0.1280,-0.1102,12.55,0.00,1791445915.035519,1,0,0.0
ds_live_1.0_20261008_165141,1791445914.994679,camera_color_optical_frame,208,640,480,1,503.1,91.3,0.5722,-0.6198,0.01188,1,1,0.988,0.4340,0.1280,-0.1103,8.91,0.00,1791445915.063397,1,0,0.0
ds_live_1.0_20261008_165141,1791445915.028039,camera_color_optical_frame,209,640,480,1,503.1,91.3,0.5721,-0.6196,0.01190,1,1,0.976,0.4340,0.1280,-0.1102,11.81,0.00,1791445915.100584,1,0,0.0
ds_live_1.0_20261008_165141,1791445915.061398,camera_color_optical_frame,210,640,480,1,503.1,91.2,0.5723,-0.6199,0.01184,1,1,0.961,0.4340,0.1281,-0.1103,14.40,0.00,1791445915.137067,1,0,0.0
ds_live_1.0_20261008_165141,1791445915.094757,camera_color_optical_frame,211,640,480,1,503.0,91.3,0.5720,-0.6195,0.01183,1,1,0.985,0.4340,0.1280,-0.1102,14.81,0.00,1791445915.171143,1,0,0.0
ds_live_1.0_20261008_165141,1791445915.128116,camera_color_optical_frame,212,640,480,1,503.0,91.3,0.5719,-0.6196,0.01185,1,1,0.961,0.4340,0.1280,-0.1102,14.47,0.00,1791445915.204135,1,0,0.0
ds_live_1.0_20261008_165141,1791445915.161476,camera_color_optical_frame,213,640,480,1,503.0,91.3,0.5720,-0.6196,0.01184,1,1,0.967,0.4340,0.1280,-0.1102,14.25,0.00,1791445915.242686,1,0,0.0
ds_live_1.0_20261008_165141,1791445915.194835,camera_color_optical_frame,214,640,480,1,503.0,91.4,0.5720,-0.6191,0.01188,1,1,0.980,0.4340,0.1280,-0.1102,13.25,0.00,1791445915.277447,1,0,0.0
ds_live_1.0_20261008_165141,1791445915.228194,camera_color_optical_frame,215,640,480,1,503.0,91.2,0.5720,-0.6199,0.01186,1,1,0.969,0.4340,0.1280,-0.1103,13.27,0.00,1791445915.309247,1,0,0.0
ds_live_1.0_20261008_165141,1791445915.261554,camera_color_optical_frame,216,640,480,1,503.0,91.4,0.5719,-0.6192,0.01184,1,1,0.972,0.4340,0.1280,-0.1102,10.77,0.00,1791445915.347629,1,0,0.0
ds_live_1.0_20261008_165141,1791445915.294913,camera_color_optical_frame,217,640,480,1,503.1,91.4,0.5721,-0.6192,0.01183,1,1,0.966,0.4340,0.1280,-0.1102,12.11,0.00,1791445915.375338,1,0,0.0
ds_live_1.0_20261008_165141,1791445915.328272,camera_color_optical_frame,218,640,480,1,503.1,91.2,0.5722,-0.6200,0.01187,1,1,0.975,0.4340,0.1280,-0.1103,14.58,0.00,1791445915.405719,1,0,0.0
ds_live_1.0_20261008_165141,1791445915.361631,camera_color_optical_frame,219,640,480,1,503.0,91.2,0.5720,-0.6198,0.01186,1,1,0.961,0.4340,0.1280,-0.1103,13.00,0.00,1791445915.436540,1,0,0.0
ds_live_1.0_20261008_165141,1791445915.394991,camera_color_optical_frame,220,640,480,1,503.1,91.2,0.5721,-0.6200,0.01187,1,1,0.963,0.4340,0.1280,-0.1103,14.13,0.00,1791445915.470570,1,0,0.0
ds_live_1.0_20261008_165141,1791445915.428350,camera_color_optical_frame,221,640,480,1,503.1,91.3,0.5721,-0.6196,0.01188,1,1,0.970,0.4330,0.1277,-0.1100,11.86,0.00,1791445915.501445,1,0,0.0
ds_live_1.0_20261008_165141,1791445915.461709,camera_color_optical_frame,222,640,480,1,503.1,91.3,0.5721,-0.6195,0.01182,1,1,0.980,0.4330,0.1277,-0.1100,13.38,0.00,1791445915.538187,1,0,0.0
ds_live_1.0_20261008_165141,1791445915.495069,camera_color_optical_frame,223,640,480,1,503.1,91.3,0.5722,-0.6194,0.01186,1,1,0.961,0.4350,0.1283,-0.1105,13.93,0.00,1791445915.570646,1,0,0.0
ds_live_1.0_20261008_165141,1791445915.528405,camera_color_optical_frame,224,640,480,1,503.2,91.1,0.5726,-0.6203,0.01183,1,1,0.959,0.4340,0.1281,-0.1104,12.23,0.00,1791445915.602540,1,0,0.0
ds_live_1.0_20261008_165141,1791445915.561742,camera_color_optical_frame,225,640,480,1,503.0,91.4,0.5720,-0.6193,0.01182,1,1,0.989,0.4340,0.1280,-0.1102,13.52,0.00,1791445915.637866,1,0,0.0
ds_live_1.0_20261008_165141,1791445915.595078,camera_color_optical_frame,226,640,480,1,503.1,91.3,0.5722,-0.6195,0.01189,1,1,0.984,0.4340,0.1280,-0.1102,11.13,0.00,1791445915.666515,1,0,0.0
ds_live_1.0_20261008_165141,1791445915.628417,camera_color_optical_frame,227,640,480,1,503.1,91.3,0.5722,-0.6197,0.01186,1,1,0.970,0.4340,0.1280,-0.1103,13.08,0.00,1791445915.702766,1,0,0.0
ds_live_1.0_20261008_165141,1791445915.661756,camera_color_optical_frame,228,640,480,1,503.1,91.3,0.5721,-0.6196,0.01188,1,1,0.981,0.4340,0.1280,-0.1102,11.20,0.00,1791445915.733550,1,0,0.0
ds_live_1.0_20261008_165141,1791445915.695094,camera_color_optical_frame,229,640,480,1,503.1,91.3,0.5722,-0.6197,0.01183,1,1,0.974,0.4340,0.1280,-0.1102,12.84,0.00,1791445915.769180,1,0,0.0
ds_live_1.0_20261008_165141,1791445915.728439,camera_color_optical_frame,230,640,480,1,503.1,91.3,0.5721,-0.6198,0.01185,1,1,0.971,0.4340,0.1280,-0.1103,13.21,0.00,1791445915.804597,1,0,0.0
ds_live_1.0_20261008_165141,1791445915.761784,camera_color_optical_frame,231,640,480,1,503.0,91.2,0.5719,-0.6198,0.01187,1,1,0.974,0.4340,0.1280,-0.1103,13.03,0.00,1791445915.836222,1,0,0.0
ds_live_1.0_20261008_165141,1791445915.795129,camera_color_optical_frame,232,640,480,1,503.1,91.4,0.5721,-0.6193,0.01187,1,1,0.968,0.4350,0.1283,-0.1104,12.86,0.00,1791445915.869520,1,0,0.0
ds_live_1.0_20261008_165141,1791445915.828473,camera_color_optical_frame,233,640,480,1,503.0,91.3,0.5719,-0.6195,0.01188,1,1,0.974,0.4340,0.1280,-0.1102,12.62,0.00,1791445915.902704,1,0,0.0
ds_live_1.0_20261008_165141,1791445915.861817,camera_color_optical_frame,234,640,480,1,503.2,91.2,0.5724,-0.6199,0.01182,1,1,0.974,0.4340,0.1281,-0.1103,12.48,0.00,1791445915.935852,1,0,0.0
ds_live_1.0_20261008_165141,1791445915.895161,camera_color_optical_frame,235,640,480,1,503.0,91.4,0.5720,-0.6193,0.01187,1,1,0.975,0.4340,0.1280,-0.1102,12.84,0.00,1791445915.969569,1,0,0.0
ds_live_1.0_20261008_165141,1791445915.928505,camera_color_optical_frame,236,640,480,1,503.1,91.2,0.5723,-0.6199,0.01187,1,1,0.984,0.4340,0.1281,-0.1103,13.00,0.00,1791445916.003165,1,0,0.0
ds_live_1.0_20261008_165141,1791445915.961848,camera_color_optical_frame,237,640,480,1,503.1,91.2,0.5721,-0.6199,0.01183,1,1,0.964,0.4340,0.1280,-0.1103,12.87,0.00,1791445916.036036,1,0,0.0
ds_live_1.0_20261008_165141,1791445915.995192,camera_color_optical_frame,238,640,480,1,503.0,91.4,0.5720,-0.6191,0.01185,1,1,0.973,0.4330,0.1277,-0.1099,12.88,0.00,1791445916.069360,1,0,0.0
ds_live_1.0_20261008_165141,1791445916.028537,camera_color_optical_frame,239,640,480,1,503.1,91.3,0.5721,-0.6196,0.01186,1,1,0.975,0.4340,0.1280,-0.1102,12.52,0.00,1791445916.102547,1,0,0.0
ds_live_1.0_20261008_165141,1791445916.061882,camera_color_optical_frame,240,640,480,1,503.0,91.3,0.5719,-0.6194,0.01186,1,1,0.955,0.4330,0.1277,-0.1100,13.23,0.00,1791445916.136464,1,0,0.0
ds_live_1.0_20261008_165141,1791445916.095226,camera_color_optical_frame,241,640,480,1,503.1,91.2,0.5721,-0.6199,0.01183,1,1,0.974,0.4350,0.1283,-0.1105,10.92,0.00,1791445916.167682,1,0,0.0
ds_live_1.0_20261008_165141,1791445916.128572,camera_color_optical_frame,242,640,480,1,503.1,91.3,0.5723,-0.6195,0.01184,1,1,0.974,0.4340,0.1281,-0.1102,13.25,0.00,1791445916.203273,1,0,0.0
ds_live_1.0_20261008_165141,1791445916.161919,camera_color_optical_frame,243,640,480,1,503.0,91.3,0.5719,-0.6196,0.01187,1,1,0.974,0.4330,0.1277,-0.1100,12.73,0.00,1791445916.236464,1,0,0.0
ds_live_1.0_20261008_165141,1791445916.195265,camera_color_optical_frame,244,640,480,1,503.1,91.2,0.5722,-0.6198,0.01184,1,1,0.976,0.4330,0.1277,-0.1100,11.53,0.00,1791445916.268416,1,0,0.0
ds_live_1.0_20261008_165141,1791445916.228614,camera_color_optical_frame,245,640,480,1,503.1,91.3,0.5721,-0.6197,0.01185,1,1,0.979,0.4340,0.1280,-0.1103,11.69,0.00,1791445916.300733,1,0,0.0
ds_live_1.0_20261008_165141,1791445916.261963,camera_color_optical_frame,246,640,480,1,503.1,91.2,0.5723,-0.6199,0.01181,1,1,0.977,0.4340,0.1281,-0.1103,12.22,0.00,1791445916.335554,1,0,0.0
ds_live_1.0_20261008_165141,1791445916.295312,camera_color_optical_frame,247,640,480,1,503.0,91.3,0.5720,-0.6195,0.01186,1,1,0.964,0.4340,0.1280,-0.1102,13.22,0.00,1791445916.370133,1,0,0.0
ds_live_1.0_20261008_165141,1791445916.328660,camera_color_optical_frame,248,640,480,1,503.1,91.3,0.5721,-0.6195,0.01184,1,1,0.990,0.4340,0.1280,-0.1102,12.08,0.00,1791445916.401929,1,0,0.0
ds_live_1.0_20261008_165141,1791445916.362009,camera_color_optical_frame,249,640,480,1,503.0,91.3,0.5720,-0.6198,0.01185,1,1,0.962,0.4340,0.1280,-0.1103,11.26,0.00,1791445916.434428,1,0,0.0
ds_live_1.0_20261008_165141,1791445916.395358,camera_color_optical_frame,250,640,480,1,503.0,91.4,0.5719,-0.6193,0.01183,1,1,0.980,0.4350,0.1283,-0.1104,11.39,0.00,1791445916.467187,1,0,0.0
ds_live_1.0_20261008_165141,1791445916.428707,camera_color_optical_frame,251,640,480,1,503.0,91.3,0.5720,-0.6196,0.01183,1,1,0.960,0.4340,0.1280,-0.1102,13.37,0.00,1791445916.503682,1,0,0.0
ds_live_1.0_20261008_165141,1791445916.462056,camera_color_optical_frame,252,640,480,1,503.0,91.3,0.5719,-0.6195,0.01186,1,1,0.976,0.4340,0.1280,-0.1102,10.77,0.00,1791445916.534283,1,0,0.0
ds_live_1.0_20261008_165141,1791445916.495405,camera_color_optical_frame,253,640,480,1,503.0,91.3,0.5720,-0.6195,0.01183,1,1,0.973,0.4340,0.1280,-0.1102,13.59,0.00,1791445916.569986,1,0,0.0
ds_live_1.0_20261008_165141,1791445916.528756,camera_color_optical_frame,254,640,480,1,503.0,91.4,0.5718,-0.6190,0.01186,1,1,0.963,0.4340,0.1279,-0.1101,13.14,0.00,1791445916.603688,1,0,0.0
ds_live_1.0_20261008_165141,1791445916.562105,camera_color_optical_frame,255,640,480,1,503.0,91.3,0.5719,-0.6194,0.01180,1,1,0.969,0.4340,0.1280,-0.1102,12.33,0.00,1791445916.636374,1,0,0.0
ds_live_1.0_20261008_165141,1791445916.595455,camera_color_optical_frame,256,640,480,1,503.1,91.2,0.5722,-0.6198,0.01185,1,1,0.959,0.4330,0.1277,-0.1100,10.79,0.00,1791445916.667754,1,0,0.0
ds_live_1.0_20261008_165141,1791445916.628807,camera_color_optical_frame,257,640,480,1,503.0,91.3,0.5720,-0.6196,0.01181,1,1,0.970,0.4340,0.1280,-0.1102,13.01,0.00,1791445916.703366,1,0,0.0
ds_live_1.0_20261008_165141,1791445916.662158,camera_color_optical_frame,258,640,480,1,503.0,91.4,0.5719,-0.6193,0.01184,1,1,0.969,0.4340,0.1280,-0.1102,12.48,0.00,1791445916.736492,1,0,0.0
ds_live_1.0_20261008_165141,1791445916.695509,camera_color_optical_frame,259,640,480,1,503.1,91.3,0.5721,-0.6197,0.01185,1,1,0.982,0.4340,0.1280,-0.1102,12.60,0.00,1791445916.769766,1,0,0.0
ds_live_1.0_20261008_165141,1791445916.728862,camera_color_optical_frame,260,640,480,1,503.1,91.2,0.5721,-0.6198,0.01184,1,1,0.976,0.4330,0.1277,-0.1100,13.18,0.00,1791445916.805154,1,0,0.0
ds_live_1.0_20261008_165141,1791445916.762214,camera_color_optical_frame,261,640,480,1,503.0,91.3,0.5719,-0.6195,0.01181,1,1,0.966,0.4340,0.1280,-0.1102,12.03,0.00,1791445916.836299,1,0,0.0
ds_live_1.0_20261008_165141,1791445916.795567,camera_color_optical_frame,262,640,480,1,503.0,91.3,0.5720,-0.6197,0.01185,1,1,0.981,0.4330,0.1277,-0.1100,13.01,0.00,1791445916.870560,1,0,0.0
ds_live_1.0_20261008_165141,1791445916.828919,camera_color_optical_frame,263,640,480,1,503.0,91.4,0.5720,-0.6191,0.01183,1,1,0.976,0.4340,0.1280,-0.1101,11.03,0.00,1791445916.901317,1,0,0.0
ds_live_1.0_20261008_165141,1791445916.862272,camera_color_optical_frame,264,640,480,1,503.0,91.3,0.5720,-0.6197,0.01185,1,1,0.985,0.4340,0.1280,-0.1103,11.95,0.00,1791445916.937341,1,0,0.0
ds_live_1.0_20261008_165141,1791445916.895624,camera_color_optical_frame,265,640,480,1,503.0,91.2,0.5719,-0.6198,0.01186,1,1,0.963,0.4340,0.1280,-0.1103,11.62,0.00,1791445916.970098,1,0,0.0
ds_live_1.0_20261008_165141,1791445916.928977,camera_color_optical_frame,266,640,480,1,503.0,91.3,0.5719,-0.6197,0.01187,1,1,0.960,0.4340,0.1280,-0.1102,11.84,0.00,1791445917.003605,1,0,0.0
ds_live_1.0_20261008_165141,1791445916.962330,camera_color_optical_frame,267,640,480,1,503.1,91.2,0.5722,-0.6200,0.01184,1,1,0.960,0.4320,0.1274,-0.1098,13.02,0.00,1791445917.038291,1,0,0.0
ds_live_1.0_20261008_165141,1791445916.995682,camera_color_optical_frame,268,640,480,1,503.1,91.2,0.5721,-0.6200,0.01188,1,1,0.962,0.4340,0.1280,-0.1103,11.95,0.00,1791445917.070390,1,0,0.0
ds_live_1.0_20261008_165141,1791445917.029035,camera_color_optical_frame,269,640,480,1,503.1,91.3,0.5720,-0.6196,0.01186,1,1,0.971,0.4340,0.1280,-0.1102,13.04,0.00,1791445917.105190,1,0,0.0
ds_live_1.0_20261008_165141,1791445917.062388,camera_color_optical_frame,270,640,480,1,503.0,91.4,0.5719,-0.6194,0.01187,1,1,0.953,0.4340,0.1280,-0.1102,10.30,0.00,1791445917.134629,1,0,0.0
ds_live_1.0_20261008_165141,1791445917.095741,camera_color_optical_frame,271,640,480,1,503.1,91.3,0.5721,-0.6198,0.01181,1,1,0.962,0.4340,0.1280,-0.1103,11.03,0.00,1791445917.169374,1,0,0.0
ds_live_1.0_20261008_165141,1791445917.129094,camera_color_optical_frame,272,640,480,1,503.0,91.4,0.5719,-0.6193,0.01187,1,1,0.962,0.4330,0.1277,-0.1099,11.63,0.00,1791445917.204186,1,0,0.0
ds_live_1.0_20261008_165141,1791445917.162447,camera_color_optical_frame,273,640,480,1,503.0,91.3,0.5719,-0.6197,0.01186,1,1,0.972,0.4340,0.1280,-0.1103,12.23,0.00,1791445917.237712,1,0,0.0
ds_live_1.0_20261008_165141,1791445917.195800,camera_color_optical_frame,274,640,480,1,503.0,91.3,0.5720,-0.6196,0.01185,1,1,0.990,0.4330,0.1277,-0.1100,12.15,0.00,1791445917.270207,1,0,0.0
ds_live_1.0_20261008_165141,1791445917.229153,camera_color_optical_frame,275,640,480,1,503.1,91.2,0.5721,-0.6198,0.01185,1,1,0.972,0.4350,0.1283,-0.1105,11.13,0.00,1791445917.301546,1,0,0.0
ds_live_1.0_20261008_165141,1791445917.262507,camera_color_optical_frame,276,640,480,1,503.1,91.3,0.5720,-0.6194,0.01184,1,1,0.955,0.4340,0.1280,-0.1102,11.53,0.00,1791445917.335254,1,0,0.0
ds_live_1.0_20261008_165141,1791445917.295860,camera_color_optical_frame,277,640,480,1,503.1,91.3,0.5720,-0.6195,0.01180,1,1,0.962,0.4340,0.1280,-0.1102,12.54,0.00,1791445917.370067,1,0,0.0
ds_live_1.0_20261008_165141,1791445917.329213,camera_color_optical_frame,278,640,480,1,503.1,91.3,0.5722,-0.6194,0.01186,1,1,0.966,0.4340,0.1280,-0.1102,12.06,0.00,1791445917.403204,1,0,0.0
ds_live_1.0_20261008_165141,1791445917.362566,camera_color_optical_frame,279,640,480,1,503.0,91.3,0.5720,-0.6194,0.01183,1,1,0.965,0.4330,0.1277,-0.1100,12.68,0.00,1791445917.436916,1,0,0.0
ds_live_1.0_20261008_165141,1791445917.395920,camera_color_optical_frame,280,640,480,1,503.0,91.4,0.5720,-0.6193,0.01186,1,1,0.982,0.4330,0.1277,-0.1099,12.55,0.00,1791445917.470663,1,0,0.0
ds_live_1.0_20261008_165141,1791445917.429273,camera_color_optical_frame,281,640,480,1,503.1,91.2,0.5722,-0.6199,0.01187,1,1,0.969,0.4330,0.1277,-0.1100,12.58,0.00,1791445917.503673,1,0,0.0
ds_live_1.0_20261008_165141,1791445917.462627,camera_color_optical_frame,282,640,480,1,503.0,91.3,0.5719,-0.6196,0.01185,1,1,0.974,0.4330,0.1277,-0.1100,11.33,0.00,1791445917.535454,1,0,0.0
ds_live_1.0_20261008_165141,1791445917.495981,camera_color_optical_frame,283,640,480,1,503.1,91.2,0.5722,-0.6199,0.01184,1,1,0.980,0.4350,0.1283,-0.1105,11.62,0.00,1791445917.569035,1,0,0.0
ds_live_1.0_20261008_165141,1791445917.529334,camera_color_optical_frame,284,640,480,1,503.1,91.2,0.5722,-0.6199,0.01183,1,1,0.968,0.4340,0.1280,-0.1103,10.16,0.00,1791445917.600665,1,0,0.0
ds_live_1.0_20261008_165141,1791445917.562688,camera_color_optical_frame,285,640,480,1,503.0,91.3,0.5720,-0.6196,0.01189,1,1,0.953,0.4340,0.1280,-0.1102,11.38,0.00,1791445917.635447,1,0,0.0
ds_live_1.0_20261008_165141,1791445917.596042,camera_color_optical_frame,286,640,480,1,503.0,91.3,0.5720,-0.6197,0.01186,1,1,0.976,0.4340,0.1280,-0.1103,13.61,0.00,1791445917.671681,1,0,0.0
ds_live_1.0_20261008_165141,1791445917.629395,camera_color_optical_frame,287,640,480,1,503.0,91.4,0.5718,-0.6192,0.01187,1,1,0.960,0.4340,0.1280,-0.1102,13.24,0.00,1791445917.704512,1,0,0.0
ds_live_1.0_20261008_165141,1791445917.662749,camera_color_optical_frame,288,640,480,1,503.1,91.3,0.5721,-0.6196,0.01183,1,1,0.975,0.4330,0.1277,-0.1100,12.87,0.00,1791445917.737394,1,0,0.0
ds_live_1.0_20261008_165141,1791445917.696103,camera_color_optical_frame,289,640,480,1,503.1,91.3,0.5723,-0.6198,0.01182,1,1,0.972,0.4340,0.1281,-0.1103,10.91,0.00,1791445917.768852,1,0,0.0
ds_live_1.0_20261008_165141,1791445917.729461,camera_color_optical_frame,290,640,480,1,503.0,91.3,0.5720,-0.6196,0.01183,1,1,0.971,0.4340,0.1280,-0.1102,12.26,0.00,1791445917.804175,1,0,0.0
ds_live_1.0_20261008_165141,1791445917.762819,camera_color_optical_frame,291,640,480,1,503.0,91.4,0.5718,-0.6192,0.01187,1,1,0.984,0.4340,0.1279,-0.1102,12.70,0.00,1791445917.837508,1,0,0.0
ds_live_1.0_20261008_165141,1791445917.796177,camera_color_optical_frame,292,640,480,1,503.1,91.3,0.5722,-0.6197,0.01183,1,1,0.971,0.4330,0.1278,-0.1100,10.91,0.00,1791445917.868850,1,0,0.0
ds_live_1.0_20261008_165141,1791445917.829535,camera_color_optical_frame,293,640,480,1,503.0,91.3,0.5720,-0.6195,0.01187,1,1,0.976,0.4330,0.1277,-0.1100,12.96,0.00,1791445917.904269,1,0,0.0
ds_live_1.0_20261008_165141,1791445917.862893,camera_color_optical_frame,294,640,480,1,503.0,91.3,0.5720,-0.6194,0.01187,1,1,0.960,0.4340,0.1280,-0.1102,9.32,0.00,1791445917.932892,1,0,0.0
ds_live_1.0_20261008_165141,1791445917.896251,camera_color_optical_frame,295,640,480,1,503.0,91.3,0.5720,-0.6195,0.01188,1,1,0.977,0.4330,0.1277,-0.1100,9.39,0.00,1791445917.965609,1,0,0.0
ds_live_1.0_20261008_165141,1791445917.929609,camera_color_optical_frame,296,640,480,1,503.0,91.4,0.5720,-0.6193,0.01182,1,1,0.968,0.4330,0.1277,-0.1099,12.17,0.00,1791445918.002937,1,0,0.0
ds_live_1.0_20261008_165141,1791445917.962966,camera_color_optical_frame,297,640,480,1,503.0,91.3,0.5720,-0.6195,0.01184,1,1,0.983,0.4340,0.1280,-0.1102,11.89,0.00,1791445918.036065,1,0,0.0
ds_live_1.0_20261008_165141,1791445917.996324,camera_color_optical_frame,298,640,480,1,503.0,91.3,0.5720,-0.6196,0.01183,1,1,0.969,0.4330,0.1277,-0.1100,10.98,0.00,1791445918.069003,1,0,0.0
ds_live_1.0_20261008_165141,1791445918.029681,camera_color_optical_frame,299,640,480,1,503.0,91.3,0.5718,-0.6194,0.01183,1,1,0.970,0.4340,0.1280,-0.1102,11.75,0.00,1791445918.102697,1,0,0.0
ds_live_1.0_20261008_165141,1791445918.063039,camera_color_optical_frame,300,640,480,1,503.1,91.3,0.5721,-0.6195,0.01182,1,1,0.977,0.4340,0.1280,-0.1102,12.95,0.00,1791445918.137787,1,0,0.0
ds_live_1.0_20261008_165141,1791445918.096397,camera_color_optical_frame,301,640,480,1,503.0,91.3,0.5720,-0.6197,0.01185,1,1,0.968,0.4340,0.1280,-0.1103,11.58,0.00,1791445918.169510,1,0,0.0
ds_live_1.0_20261008_165141,1791445918.129754,camera_color_optical_frame,302,640,480,1,503.0,91.3,0.5720,-0.6195,0.01187,1,1,0.963,0.4340,0.1280,-0.1102,12.94,0.00,1791445918.204286,1,0,0.0
ds_live_1.0_20261008_165141,1791445918.163112,camera_color_optical_frame,303,640,480,1,503.0,91.3,0.5720,-0.6197,0.01187,1,1,0.961,0.4340,0.1280,-0.1102,10.78,0.00,1791445918.235426,1,0,0.0
ds_live_1.0_20261008_165141,1791445918.196469,camera_color_optical_frame,304,640,480,1,503.0,91.3,0.5720,-0.6195,0.01188,1,1,0.969,0.4340,0.1280,-0.1102,12.79,0.00,1791445918.270877,1,0,0.0
ds_live_1.0_20261008_165141,1791445918.229826,camera_color_optical_frame,305,640,480,1,503.1,91.2,0.5722,-0.6200,0.01181,1,1,0.990,0.4330,0.1277,-0.1101,10.48,0.00,1791445918.301842,1,0,0.0
ds_live_1.0_20261008_165141,1791445918.263184,camera_color_optical_frame,306,640,480,1,503.0,91.2,0.5720,-0.6198,0.01184,1,1,0.977,0.4330,0.1277,-0.1100,11.91,0.00,1791445918.336612,1,0,0.0
ds_live_1.0_20261008_165141,1791445918.296541,camera_color_optical_frame,307,640,480,1,503.1,91.3,0.5721,-0.6194,0.01187,1,1,0.966,0.4340,0.1280,-0.1102,13.29,0.00,1791445918.371284,1,0,0.0
ds_live_1.0_20261008_165141,1791445918.329898,camera_color_optical_frame,308,640,480,1,503.0,91.3,0.5719,-0.6194,0.01185,1,1,0.972,0.4330,0.1277,-0.1100,10.93,0.00,1791445918.402621,1,0,0.0
ds_live_1.0_20261008_165141,1791445918.363256,camera_color_optical_frame,309,640,480,1,503.1,91.3,0.5722,-0.6196,0.01182,1,1,0.965,0.4340,0.1280,-0.1102,11.14,0.00,1791445918.436115,1,0,0.0
ds_live_1.0_20261008_165141,1791445918.396613,camera_color_optical_frame,310,640,480,1,503.0,91.4,0.5719,-0.6190,0.01187,1,1,0.979,0.4340,0.1280,-0.1101,13.29,0.00,1791445918.471414,1,0,0.0
ds_live_1.0_20261008_165141,1791445918.429970,camera_color_optical_frame,311,640,480,1,503.1,91.2,0.5721,-0.6198,0.01186,1,1,0.952,0.4340,0.1280,-0.1103,14.33,0.00,1791445918.506174,1,0,0.0
ds_live_1.0_20261008_165141,1791445918.463327,camera_color_optical_frame,312,640,480,1,503.1,91.4,0.5721,-0.6193,0.01182,1,1,0.957,0.4340,0.1280,-0.1102,14.34,0.00,1791445918.539715,1,0,0.0
ds_live_1.0_20261008_165141,1791445918.496684,camera_color_optical_frame,313,640,480,1,503.1,91.4,0.5720,-0.6193,0.01186,1,1,0.955,0.4340,0.1280,-0.1102,12.54,0.00,1791445918.571061,1,0,0.0
ds_live_1.0_20261008_165141,1791445918.530041,camera_color_optical_frame,314,640,480,1,503.0,91.3,0.5719,-0.6195,0.01183,1,1,0.963,0.4340,0.1280,-0.1102,11.71,0.00,1791445918.603619,1,0,0.0
ds_live_1.0_20261008_165141,1791445918.563398,camera_color_optical_frame,315,640,480,1,503.1,91.2,0.5721,-0.6198,0.01185,1,1,0.978,0.4340,0.1280,-0.1103,13.74,0.00,1791445918.638650,1,0,0.0
ds_live_1.0_20261008_165141,1791445918.596755,camera_color_optical_frame,316,640,480,1,503.0,91.3,0.5718,-0.6195,0.01186,1,1,0.960,0.4340,0.1280,-0.1102,14.26,0.00,1791445918.672875,1,0,0.0
ds_live_1.0_20261008_165141,1791445918.630112,camera_color_optical_frame,317,640,480,1,503.0,91.3,0.5718,-0.6196,0.01185,1,1,0.959,0.4340,0.1280,-0.1102,14.33,0.00,1791445918.706371,1,0,0.0
ds_live_1.0_20261008_165141,1791445918.663468,camera_color_optical_frame,318,640,480,1,503.0,91.3,0.5720,-0.6197,0.01188,1,1,0.940,0.4340,0.1280,-0.1103,11.54,0.00,1791445918.735749,1,0,0.0
ds_live_1.0_20261008_165141,1791445918.696825,camera_color_optical_frame,319,640,480,1,503.0,91.4,0.5718,-0.6193,0.01185,1,1,0.971,0.4340,0.1279,-0.1102,14.72,0.00,1791445918.773090,1,0,0.0
ds_live_1.0_20261008_165141,1791445918.730184,camera_color_optical_frame,320,640,480,1,503.1,91.2,0.5722,-0.6198,0.01186,1,1,0.981,0.4340,0.1280,-0.1103,14.01,0.00,1791445918.806421,1,0,0.0
ds_live_1.0_20261008_165141,1791445918.763543,camera_color_optical_frame,321,640,480,1,503.0,91.4,0.5719,-0.6193,0.01187,1,1,0.970,0.4340,0.1280,-0.1102,14.40,0.00,1791445918.839150,1,0,0.0
ds_live_1.0_20261008_165141,1791445918.796902,camera_color_optical_frame,322,640,480,1,503.0,91.4,0.5719,-0.6194,0.01189,1,1,0.968,0.4340,0.1280,-0.1102,14.61,0.00,1791445918.873693,1,0,0.0
ds_live_1.0_20261008_165141,1791445918.830261,camera_color_optical_frame,323,640,480,1,503.1,91.3,0.5722,-0.6197,0.01183,1,1,0.980,0.4340,0.1280,-0.1102,14.11,0.00,1791445918.906955,1,0,0.0
ds_live_1.0_20261008_165141,1791445918.863619,camera_color_optical_frame,324,640,480,1,503.0,91.4,0.5720,-0.6193,0.01181,1,1,0.952,0.4340,0.1280,-0.1102,13.53,0.00,1791445918.938313,1,0,0.0
ds_live_1.0_20261008_165141,1791445918.896978,camera_color_optical_frame,325,640,480,1,503.0,91.3,0.5720,-0.6196,0.01190,1,1,0.975,0.4340,0.1280,-0.1102,14.39,0.00,1791445918.973421,1,0,0.0
ds_live_1.0_20261008_165141,1791445918.930337,camera_color_optical_frame,326,640,480,1,503.1,91.4,0.5722,-0.6194,0.01185,1,1,0.968,0.4340,0.1280,-0.1102,14.33,0.00,1791445919.007073,1,0,0.0
ds_live_1.0_20261008_165141,1791445918.963696,camera_color_optical_frame,327,640,480,1,503.0,91.3,0.5720,-0.6195,0.01181,1,1,0.969,0.4330,0.1277,-0.1100,14.35,0.00,1791445919.040087,1,0,0.0
ds_live_1.0_20261008_165141,1791445918.997055,camera_color_optical_frame,328,640,480,1,503.1,91.3,0.5721,-0.6195,0.01188,1,1,0.978,0.4340,0.1280,-0.1102,13.55,0.00,1791445919.071703,1,0,0.0
ds_live_1.0_20261008_165141,1791445919.030414,camera_color_optical_frame,329,640,480,1,503.1,91.3,0.5721,-0.6198,0.01184,1,1,0.971,0.4330,0.1277,-0.1100,13.30,0.00,1791445919.104756,1,0,0.0
ds_live_1.0_20261008_165141,1791445919.063772,camera_color_optical_frame,330,640,480,1,503.1,91.3,0.5720,-0.6198,0.01181,1,1,0.974,0.4340,0.1280,-0.1103,12.97,0.00,1791445919.137771,1,0,0.0
ds_live_1.0_20261008_165141,1791445919.097132,camera_color_optical_frame,331,640,480,1,503.1,91.3,0.5723,-0.6198,0.01183,1,1,0.964,0.4340,0.1281,-0.1103,13.58,0.00,1791445919.172205,1,0,0.0
ds_live_1.0_20261008_165141,1791445919.130491,camera_color_optical_frame,332,640,480,1,503.1,91.3,0.5722,-0.6198,0.01185,1,1,0.969,0.4320,0.1274,-0.1098,13.79,0.00,1791445919.204866,1,0,0.0
ds_live_1.0_20261008_165141,1791445919.163850,camera_color_optical_frame,333,640,480,1,503.1,91.1,0.5723,-0.6203,0.01181,1,1,0.965,0.4330,0.1278,-0.1101,13.92,0.00,1791445919.238763,1,0,0.0
ds_live_1.0_20261008_165141,1791445919.197209,camera_color_optical_frame,334,640,480,1,503.1,91.2,0.5721,-0.6199,0.01185,1,1,0.973,0.4320,0.1274,-0.1098,14.92,0.00,1791445919.273017,1,0,0.0
ds_live_1.0_20261008_165141,1791445919.230567,camera_color_optical_frame,335,640,480,1,503.0,91.3,0.5720,-0.6196,0.01188,1,1,0.972,0.4340,0.1280,-0.1102,14.15,0.00,1791445919.305469,1,0,0.0
ds_live_1.0_20261008_165141,1791445919.263927,camera_color_optical_frame,336,640,480,1,503.1,91.3,0.5723,-0.6198,0.01187,1,1,0.976,0.4330,0.1278,-0.1100,12.98,0.00,1791445919.338425,1,0,0.0
ds_live_1.0_20261008_165141,1791445919.297286,camera_color_optical_frame,337,640,480,1,503.1,91.4,0.5720,-0.6193,0.01186,1,1,0.974,0.4330,0.1277,-0.1099,10.58,0.00,1791445919.369432,1,0,0.0
ds_live_1.0_20261008_165141,1791445919.330645,camera_color_optical_frame,338,640,480,1,503.1,91.2,0.5722,-0.6199,0.01184,1,1,0.966,0.4330,0.1278,-0.1100,10.20,0.00,1791445919.402059,1,0,0.0
ds_live_1.0_20261008_165141,1791445919.364004,camera_color_optical_frame,339,640,480,1,503.0,91.3,0.5720,-0.6196,0.01187,1,1,0.978,0.4330,0.1277,-0.1100,10.33,0.00,1791445919.435639,1,0,0.0
ds_live_1.0_20261008_165141,1791445919.397362,camera_color_optical_frame,340,640,480,1,503.0,91.3,0.5720,-0.6197,0.01180,1,1,0.990,0.4320,0.1274,-0.1098,10.72,0.00,1791445919.469467,1,0,0.0
ds_live_1.0_20261008_165141,1791445919.430722,camera_color_optical_frame,341,640,480,1,503.1,91.4,0.5721,-0.6193,0.01186,1,1,0.975,0.4330,0.1277,-0.1099,12.92,0.00,1791445919.504979,1,0,0.0
ds_live_1.0_20261008_165141,1791445919.464081,camera_color_optical_frame,342,640,480,1,503.1,91.3,0.5721,-0.6197,0.01187,1,1,0.975,0.4330,0.1277,-0.1100,10.96,0.00,1791445919.536467,1,0,0.0
ds_live_1.0_20261008_165141,1791445919.497440,camera_color_optical_frame,343,640,480,1,503.0,91.3,0.5719,-0.6196,0.01184,1,1,0.987,0.4340,0.1280,-0.1102,10.27,0.00,1791445919.568164,1,0,0.0
ds_live_1.0_20261008_165141,1791445919.530799,camera_color_optical_frame,344,640,480,1,503.0,91.4,0.5719,-0.6194,0.01188,1,1,0.970,0.4330,0.1277,-0.1099,11.42,0.00,1791445919.603530,1,0,0.0
ds_live_1.0_20261008_165141,1791445919.564158,camera_color_optical_frame,345,640,480,1,503.1,91.4,0.5721,-0.6192,0.01187,1,1,0.979,0.4330,0.1277,-0.1099,14.66,0.00,1791445919.640558,1,0,0.0
ds_live_1.0_20261008_165141,1791445919.597517,camera_color_optical_frame,346,640,480,1,503.0,91.4,0.5720,-0.6193,0.01186,1,1,0.989,0.4340,0.1280,-0.1102,14.92,0.00,1791445919.674012,1,0,0.0
ds_live_1.0_20261008_165141,1791445919.630877,camera_color_optical_frame,347,640,480,1,503.0,91.3,0.5719,-0.6195,0.01183,1,1,0.957,0.4340,0.1280,-0.1102,14.83,0.00,1791445919.707174,1,0,0.0
ds_live_1.0_20261008_165141,1791445919.664236,camera_color_optical_frame,348,640,480,1,503.0,91.3,0.5719,-0.6198,0.01186,1,1,0.963,0.4330,0.1277,-0.1100,13.70,0.00,1791445919.739431,1,0,0.0
ds_live_1.0_20261008_165141,1791445919.697595,camera_color_optical_frame,349,640,480,1,503.1,91.3,0.5721,-0.6194,0.01184,1,1,0.988,0.4340,0.1280,-0.1102,14.85,0.00,1791445919.773840,1,0,0.0
ds_live_1.0_20261008_165141,1791445919.730954,camera_color_optical_frame,350,640,480,1,503.0,91.3,0.5719,-0.6194,0.01179,1,1,0.959,0.4330,0.1277,-0.1099,14.05,0.00,1791445919.807310,1,0,0.0
ds_live_1.0_20261008_165141,1791445919.764312,camera_color_optical_frame,351,640,480,1,503.0,91.4,0.5720,-0.6193,0.01187,1,1,0.959,0.4340,0.1280,-0.1102,14.42,0.00,1791445919.840583,1,0,0.0
ds_live_1.0_20261008_165141,1791445919.797670,camera_color_optical_frame,352,640,480,1,503.0,91.3,0.5719,-0.6194,0.01183,1,1,0.968,0.4330,0.1277,-0.1099,14.65,0.00,1791445919.874009,1,0,0.0
ds_live_1.0_20261008_165141,1791445919.831028,camera_color_optical_frame,353,640,480,1,503.1,91.2,0.5721,-0.6199,0.01187,1,1,0.955,0.4340,0.1280,-0.1103,14.06,0.00,1791445919.907851,1,0,0.0
ds_live_1.0_20261008_165141,1791445919.864387,camera_color_optical_frame,354,640,480,1,502.9,91.5,0.5717,-0.6189,0.01182,1,1,0.978,0.4330,0.1276,-0.1099,14.44,0.00,1791445919.940751,1,0,0.0
ds_live_1.0_20261008_165141,1791445919.897745,camera_color_optical_frame,355,640,480,1,503.0,91.4,0.5720,-0.6193,0.01184,1,1,0.965,0.4330,0.1277,-0.1099,13.78,0.00,1791445919.973168,1,0,0.0
ds_live_1.0_20261008_165141,1791445919.931104,camera_color_optical_frame,356,640,480,1,503.0,91.4,0.5720,-0.6191,0.01188,1,1,0.978,0.4330,0.1277,-0.1099,14.97,0.00,1791445920.007677,1,0,0.0
ds_live_1.0_20261008_165141,1791445919.964462,camera_color_optical_frame,357,640,480,1,503.1,91.4,0.5721,-0.6194,0.01183,1,1,0.970,0.4320,0.1274,-0.1097,14.15,0.00,1791445920.040325,1,0,0.0
ds_live_1.0_20261008_165141,1791445919.997820,camera_color_optical_frame,358,640,480,1,503.1,91.3,0.5721,-0.6195,0.01182,1,1,0.987,0.4330,0.1277,-0.1100,14.82,0.00,1791445920.074088,1,0,0.0
ds_live_1.0_20261008_165141,1791445920.031179,camera_color_optical_frame,359,640,480,1,503.1,91.4,0.5721,-0.6192,0.01182,1,1,0.981,0.4330,0.1277,-0.1099,14.00,0.00,1791445920.106705,1,0,0.0
ds_live_1.0_20261008_165141,1791445920.064537,camera_color_optical_frame,360,640,480,1,503.1,91.2,0.5722,-0.6201,0.01182,1,1,0.988,0.4330,0.1277,-0.1101,15.24,0.00,1791445920.140968,1,0,0.0
ds_live_1.0_20261008_165141,1791445920.097895,camera_color_optical_frame,361,640,480,1,503.0,91.3,0.5719,-0.6194,0.01186,1,1,0.983,0.4330,0.1277,-0.1100,14.60,0.00,1791445920.174163,1,0,0.0
ds_live_1.0_20261008_165141,1791445920.131254,camera_color_optical_frame,362,640,480,1,503.0,91.3,0.5720,-0.6196,0.01185,1,1,0.970,0.4330,0.1277,-0.1100,14.30,0.00,1791445920.207465,1,0,0.0
ds_live_1.0_20261008_165141,1791445920.164612,camera_color_optical_frame,363,640,480,1,503.1,91.3,0.5721,-0.6196,0.01180,1,1,0.974,0.4340,0.1280,-0.1102,10.76,0.00,1791445920.236770,1,0,0.0
ds_live_1.0_20261008_165141,1791445920.197970,camera_color_optical_frame,364,640,480,1,503.0,91.4,0.5719,-0.6193,0.01188,1,1,0.961,0.4350,0.1283,-0.1104,12.40,0.00,1791445920.271716,1,0,0.0
ds_live_1.0_20261008_165141,1791445920.231329,camera_color_optical_frame,365,640,480,1,503.1,91.3,0.5720,-0.6195,0.01187,1,1,0.970,0.4330,0.1277,-0.1100,10.02,0.00,1791445920.303132,1,0,0.0
ds_live_1.0_20261008_165141,1791445920.264687,camera_color_optical_frame,366,640,480,1,503.1,91.3,0.5722,-0.6196,0.01181,1,1,0.970,0.4330,0.1277,-0.1100,12.23,0.00,1791445920.340515,1,0,0.0
ds_live_1.0_20261008_165141,1791445920.298045,camera_color_optical_frame,367,640,480,1,503.0,91.3,0.5720,-0.6196,0.01185,1,1,0.959,0.4340,0.1280,-0.1102,13.73,0.00,1791445920.375107,1,0,0.0
ds_live_1.0_20261008_165141,1791445920.331404,camera_color_optical_frame,368,640,480,1,503.0,91.4,0.5718,-0.6193,0.01184,1,1,0.965,0.4330,0.1277,-0.1099,12.81,0.00,1791445920.406343,1,0,0.0
ds_live_1.0_20261008_165141,1791445920.364762,camera_color_optical_frame,369,640,480,1,503.2,91.2,0.5723,-0.6199,0.01179,1,1,0.976,0.4340,0.1281,-0.1103,12.67,0.00,1791445920.439092,1,0,0.0
ds_live_1.0_20261008_165141,1791445920.398120,camera_color_optical_frame,370,640,480,1,503.1,91.3,0.5721,-0.6195,0.01185,1,1,0.962,0.4330,0.1277,-0.1100,12.75,0.00,1791445920.472643,1,0,0.0
ds_live_1.0_20261008_165141,1791445920.431479,camera_color_optical_frame,371,640,480,1,503.1,91.4,0.5720,-0.6190,0.01185,1,1,0.966,0.4340,0.1280,-0.1101,12.97,0.00,1791445920.506363,1,0,0.0
ds_live_1.0_20261008_165141,1791445920.464837,camera_color_optical_frame,372,640,480,1,503.0,91.3,0.5719,-0.6194,0.01186,1,1,0.975,0.4340,0.1280,-0.1102,12.25,0.00,1791445920.539130,1,0,0.0
ds_live_1.0_20261008_165141,1791445920.498195,camera_color_optical_frame,373,640,480,1,503.1,91.3,0.5721,-0.6196,0.01183,1,1,0.961,0.4340,0.1280,-0.1102,10.55,0.00,1791445920.570095,1,0,0.0
ds_live_1.0_20261008_165141,1791445920.531554,camera_color_optical_frame,374,640,480,1,503.1,91.3,0.5720,-0.6196,0.01188,1,1,0.954,0.4340,0.1280,-0.1102,11.80,0.00,1791445920.604555,1,0,0.0
ds_live_1.0_20261008_165141,1791445920.564912,camera_color_optical_frame,375,640,480,1,503.0,91.3,0.5719,-0.6198,0.01186,1,1,0.977,0.4340,0.1280,-0.1103,9.98,0.00,1791445920.636154,1,0,0.0
ds_live_1.0_20261008_165141,1791445920.598270,camera_color_optical_frame,376,640,480,1,503.1,91.3,0.5722,-0.6194,0.01189,1,1,0.975,0.4340,0.1280,-0.1102,12.60,0.00,1791445920.673422,1,0,0.0
ds_live_1.0_20261008_165141,1791445920.631629,camera_color_optical_frame,377,640,480,1,503.0,91.4,0.5719,-0.6194,0.01186,1,1,0.974,0.4320,0.1274,-0.1097,11.05,0.00,1791445920.705425,1,0,0.0
ds_live_1.0_20261008_165141,1791445920.664987,camera_color_optical_frame,378,640,480,1,503.0,91.3,0.5720,-0.6194,0.01187,1,1,0.971,0.4330,0.1277,-0.1100,12.90,0.00,1791445920.741685,1,0,0.0
ds_live_1.0_20261008_165141,1791445920.698345,camera_color_optical_frame,379,640,480,1,503.0,91.3,0.5720,-0.6196,0.01188,1,1,0.968,0.4340,0.1280,-0.1102,11.57,0.00,1791445920.773182,1,0,0.0
ds_live_1.0_20261008_165141,1791445920.731702,camera_color_optical_frame,380,640,480,1,503.0,91.4,0.5719,-0.6190,0.01183,1,1,0.967,0.4350,0.1283,-0.1104,12.53,0.00,1791445920.807444,1,0,0.0
ds_live_1.0_20261008_165141,1791445920.765059,camera_color_optical_frame,381,640,480,1,503.0,91.4,0.5718,-0.6192,0.01182,1,1,0.976,0.4340,0.1279,-0.1102,12.04,0.00,1791445920.840128,1,0,0.0
ds_live_1.0_20261008_165141,1791445920.798416,camera_color_optical_frame,382,640,480,1,503.0,91.4,0.5719,-0.6194,0.01187,1,1,0.968,0.4340,0.1280,-0.1102,12.09,0.00,1791445920.873620,1,0,0.0
ds_live_1.0_20261008_165141,1791445920.831773,camera_color_optical_frame,383,640,480,1,503.0,91.4,0.5720,-0.6192,0.01185,1,1,0.951,0.4320,0.1274,-0.1097,11.64,0.00,1791445920.906237,1,0,0.0
ds_live_1.0_20261008_165141,1791445920.865129,camera_color_optical_frame,384,640,480,1,503.1,91.3,0.5721,-0.6196,0.01182,1,1,0.968,0.4340,0.1280,-0.1102,12.69,0.00,1791445920.941097,1,0,0.0
ds_live_1.0_20261008_165141,1791445920.898486,camera_color_optical_frame,385,640,480,1,503.0,91.4,0.5720,-0.6193,0.01185,1,1,0.977,0.4330,0.1277,-0.1099,13.09,0.00,1791445920.974875,1,0,0.0
ds_live_1.0_20261008_165141,1791445920.931843,camera_color_optical_frame,386,640,480,1,503.1,91.3,0.5723,-0.6196,0.01183,1,1,0.977,0.4330,0.1278,-0.1100,11.80,0.00,1791445921.005855,1,0,0.0
ds_live_1.0_20261008_165141,1791445920.965199,camera_color_optical_frame,387,640,480,1,503.0,91.3,0.5720,-0.6198,0.01181,1,1,0.967,0.4330,0.1277,-0.1100,10.92,0.00,1791445921.039135,1,0,0.0
ds_live_1.0_20261008_165141,1791445920.998556,camera_color_optical_frame,388,640,480,1,503.0,91.3,0.5720,-0.6198,0.01183,1,1,0.952,0.4330,0.1277,-0.1100,10.94,0.00,1791445921.072009,1,0,0.0
ds_live_1.0_20261008_165141,1791445921.031913,camera_color_optical_frame,389,640,480,1,503.0,91.3,0.5720,-0.6195,0.01187,1,1,0.979,0.4340,0.1280,-0.1102,13.03,0.00,1791445921.107731,1,0,0.0
ds_live_1.0_20261008_165141,1791445921.065270,camera_color_optical_frame,390,640,480,1,503.0,91.3,0.5720,-0.6197,0.01180,1,1,0.986,0.4320,0.1274,-0.1098,13.24,0.00,1791445921.142453,1,0,0.0
ds_live_1.0_20261008_165141,1791445921.098626,camera_color_optical_frame,391,640,480,1,503.0,91.4,0.5718,-0.6193,0.01188,1,1,0.964,0.4330,0.1277,-0.1099,12.09,0.00,1791445921.173395,1,0,0.0
ds_live_1.0_20261008_165141,1791445921.131983,camera_color_optical_frame,392,640,480,1,503.0,91.4,0.5719,-0.6193,0.01187,1,1,0.968,0.4340,0.1280,-0.1102,12.80,0.00,1791445921.206711,1,0,0.0
ds_live_1.0_20261008_165141,1791445921.165339,camera_color_optical_frame,393,640,480,1,503.0,91.4,0.5719,-0.6193,0.01184,1,1,0.981,0.4340,0.1280,-0.1102,13.14,0.00,1791445921.240448,1,0,0.0
ds_live_1.0_20261008_165141,1791445921.198696,camera_color_optical_frame,394,640,480,1,503.0,91.4,0.5719,-0.6193,0.01183,1,1,0.972,0.4340,0.1280,-0.1102,10.77,0.00,1791445921.270694,1,0,0.0
ds_live_1.0_20261008_165141,1791445921.232052,camera_color_optical_frame,395,640,480,1,503.1,91.3,0.5721,-0.6195,0.01182,1,1,0.968,0.4330,0.1277,-0.1100,13.83,0.00,1791445921.307540,1,0,0.0
ds_live_1.0_20261008_165141,1791445921.265409,camera_color_optical_frame,396,640,480,1,503.1,91.3,0.5721,-0.6195,0.01186,1,1,0.963,0.4330,0.1277,-0.1100,11.81,0.00,1791445921.338930,1,0,0.0
ds_live_1.0_20261008_165141,1791445921.298765,camera_color_optical_frame,397,640,480,1,503.0,91.4,0.5719,-0.6193,0.01188,1,1,0.959,0.4330,0.1277,-0.1099,11.66,0.00,1791445921.371742,1,0,0.0
ds_live_1.0_20261008_165141,1791445921.332121,camera_color_optical_frame,398,640,480,1,503.0,91.4,0.5718,-0.6192,0.01186,1,1,0.969,0.4340,0.1280,-0.1102,12.62,0.00,1791445921.406442,1,0,0.0
ds_live_1.0_20261008_165141,1791445921.365478,camera_color_optical_frame,399,640,480,1,503.0,91.4,0.5718,-0.6192,0.01186,1,1,0.967,0.4330,0.1277,-0.1099,13.70,0.00,1791445921.441941,1,0,0.0
ds_live_1.0_20261008_165141,1791445921.398834,camera_color_optical_frame,400,640,480,1,503.0,91.5,0.5718,-0.6189,0.01185,1,1,0.963,0.4330,0.1277,-0.1099,12.43,0.00,1791445921.473608,1,0,0.0
ds_live_1.0_20261008_165141,1791445921.432190,camera_color_optical_frame,401,640,480,1,503.1,91.3,0.5721,-0.6197,0.01186,1,1,0.948,0.4340,0.1280,-0.1102,12.57,0.00,1791445921.505784,1,0,0.0
ds_live_1.0_20261008_165141,1791445921.465547,camera_color_optical_frame,402,640,480,1,503.1,91.2,0.5721,-0.6198,0.01186,1,1,0.988,0.4330,0.1277,-0.1100,12.79,0.00,1791445921.539601,1,0,0.0
ds_live_1.0_20261008_165141,1791445921.498903,camera_color_optical_frame,403,640,480,1,503.0,91.3,0.5720,-0.6194,0.01182,1,1,0.976,0.4340,0.1280,-0.1102,12.63,0.00,1791445921.573761,1,0,0.0
ds_live_1.0_20261008_165141,1791445921.532259,camera_color_optical_frame,404,640,480,1,503.0,91.4,0.5720,-0.6192,0.01189,1,1,0.968,0.4340,0.1280,-0.1102,10.12,0.00,1791445921.603460,1,0,0.0
ds_live_1.0_20261008_165141,1791445921.565615,camera_color_optical_frame,405,640,480,1,503.0,91.4,0.5718,-0.6194,0.01184,1,1,0.985,0.4320,0.1274,-0.1097,13.22,0.00,1791445921.640499,1,0,0.0
ds_live_1.0_20261008_165141,1791445921.598972,camera_color_optical_frame,406,640,480,1,503.0,91.3,0.5719,-0.6196,0.01187,1,1,0.972,0.4340,0.1280,-0.1102,14.00,0.00,1791445921.675432,1,0,0.0
ds_live_1.0_20261008_165141,1791445921.632328,camera_color_optical_frame,407,640,480,1,503.0,91.4,0.5719,-0.6193,0.01185,1,1,0.955,0.4340,0.1280,-0.1102,13.75,0.00,1791445921.707333,1,0,0.0
ds_live_1.0_20261008_165141,1791445921.665684,camera_color_optical_frame,408,640,480,1,503.0,91.3,0.5720,-0.6197,0.01181,1,1,0.969,0.4330,0.1277,-0.1100,14.04,0.00,1791445921.741430,1,0,0.0
ds_live_1.0_20261008_165141,1791445921.699040,camera_color_optical_frame,409,640,480,1,503.0,91.4,0.5720,-0.6193,0.01182,1,1,0.979,0.4330,0.1277,-0.1099,14.50,0.00,1791445921.775337,1,0,0.0
ds_live_1.0_20261008_165141,1791445921.732396,camera_color_optical_frame,410,640,480,1,503.1,91.2,0.5721,-0.6198,0.01188,1,1,0.974,0.4340,0.1280,-0.1103,14.07,0.00,1791445921.809022,1,0,0.0
ds_live_1.0_20261008_165141,1791445921.765752,camera_color_optical_frame,411,640,480,1,503.0,91.3,0.5719,-0.6194,0.01186,1,1,0.973,0.4330,0.1277,-0.1100,14.20,0.00,1791445921.842170,1,0,0.0
ds_live_1.0_20261008_165141,1791445921.799108,camera_color_optical_frame,412,640,480,1,503.0,91.3,0.5720,-0.6194,0.01184,1,1,0.960,0.4340,0.1280,-0.1102,14.44,0.00,1791445921.875967,1,0,0.0
ds_live_1.0_20261008_165141,1791445921.832464,camera_color_optical_frame,413,640,480,1,503.0,91.4,0.5718,-0.6191,0.01186,1,1,0.964,0.4330,0.1277,-0.1099,13.58,0.00,1791445921.906931,1,0,0.0
ds_live_1.0_20261008_165141,1791445921.865821,camera_color_optical_frame,414,640,480,1,503.0,91.4,0.5720,-0.6193,0.01186,1,1,0.972,0.4330,0.1277,-0.1099,14.65,0.00,1791445921.942762,1,0,0.0
ds_live_1.0_20261008_165141,1791445921.899177,camera_color_optical_frame,415,640,480,1,503.0,91.3,0.5719,-0.6196,0.01186,1,1,0.952,0.4330,0.1277,-0.1100,13.53,0.00,1791445921.973768,1,0,0.0
ds_live_1.0_20261008_165141,1791445921.932533,camera_color_optical_frame,416,640,480,1,503.0,91.4,0.5718,-0.6190,0.01183,1,1,0.948,0.4340,0.1279,-0.1101,13.68,0.00,1791445922.007137,1,0,0.0
ds_live_1.0_20261008_165141,1791445921.965889,camera_color_optical_frame,417,640,480,1,503.1,91.2,0.5721,-0.6198,0.01185,1,1,0.977,0.4320,0.1274,-0.1098,13.48,0.00,1791445922.040365,1,0,0.0
ds_live_1.0_20261008_165141,1791445921.999245,camera_color_optical_frame,418,640,480,1,503.0,91.4,0.5719,-0.6192,0.01185,1,1,0.988,0.4330,0.1277,-0.1099,14.17,0.00,1791445922.076096,1,0,0.0
ds_live_1.0_20261008_165141,1791445922.032601,camera_color_optical_frame,419,640,480,1,503.0,91.4,0.5720,-0.6193,0.01188,1,1,0.986,0.4340,0.1280,-0.1102,13.38,0.00,1791445922.107342,1,0,0.0
ds_live_1.0_20261008_165141,1791445922.065957,camera_color_optical_frame,420,640,480,1,503.1,91.4,0.5721,-0.6193,0.01184,1,1,0.976,0.4320,0.1274,-0.1097,12.94,0.00,1791445922.140256,1,0,0.0
ds_live_1.0_20261008_165141,1791445922.099313,camera_color_optical_frame,421,640,480,1,503.0,91.3,0.5719,-0.6195,0.01188,1,1,0.955,0.4340,0.1280,-0.1102,13.70,0.00,1791445922.174189,1,0,0.0
ds_live_1.0_20261008_165141,1791445922.132668,camera_color_optical_frame,422,640,480,1,503.1,91.3,0.5720,-0.6194,0.01188,1,1,0.977,0.4320,0.1274,-0.1097,13.35,0.00,1791445922.207092,1,0,0.0
ds_live_1.0_20261008_165141,1791445922.166024,camera_color_optical_frame,423,640,480,1,503.0,91.4,0.5718,-0.6193,0.01185,1,1,0.958,0.4340,0.1279,-0.1102,13.90,0.00,1791445922.242326,1,0,0.0
ds_live_1.0_20261008_165141,1791445922.199380,camera_color_optical_frame,424,640,480,1,503.1,91.3,0.5721,-0.6195,0.01181,1,1,0.967,0.4340,0.1280,-0.1102,14.02,0.00,1791445922.275651,1,0,0.0
ds_live_1.0_20261008_165141,1791445922.232736,camera_color_optical_frame,425,640,480,1,503.1,91.2,0.5721,-0.6198,0.01182,1,1,0.959,0.4330,0.1277,-0.1100,13.76,0.00,1791445922.307640,1,0,0.0
ds_live_1.0_20261008_165141,1791445922.266092,camera_color_optical_frame,426,640,480,1,503.1,91.3,0.5721,-0.6198,0.01179,1,1,0.984,0.4320,0.1274,-0.1098,10.89,0.00,1791445922.337675,1,0,0.0
ds_live_1.0_20261008_165141,1791445922.299448,camera_color_optical_frame,427,640,480,1,503.1,91.4,0.5721,-0.6193,0.01185,1,1,0.954,0.4340,0.1280,-0.1102,12.33,0.00,1791445922.374112,1,0,0.0
ds_live_1.0_20261008_165141,1791445922.332803,camera_color_optical_frame,428,640,480,1,503.0,91.4,0.5720,-0.6194,0.01188,1,1,0.967,0.4340,0.1280,-0.1102,12.94,0.00,1791445922.407955,1,0,0.0
ds_live_1.0_20261008_165141,1791445922.366159,camera_color_optical_frame,429,640,480,1,503.0,91.4,0.5720,-0.6193,0.01187,1,1,0.957,0.4340,0.1280,-0.1102,13.82,0.00,1791445922.442500,1,0,0.0
ds_live_1.0_20261008_165141,1791445922.399515,camera_color_optical_frame,430,640,480,1,503.0,91.4,0.5720,-0.6191,0.01184,1,1,0.949,0.4330,0.1277,-0.1099,12.74,0.00,1791445922.474568,1,0,0.0
ds_live_1.0_20261008_165141,1791445922.432871,camera_color_optical_frame,431,640,480,1,503.0,91.3,0.5719,-0.6195,0.01187,1,1,0.973,0.4340,0.1280,-0.1102,13.13,0.00,1791445922.507437,1,0,0.0
ds_live_1.0_20261008_165141,1791445922.466226,camera_color_optical_frame,432,640,480,1,503.0,91.3,0.5719,-0.6194,0.01187,1,1,0.958,0.4340,0.1280,-0.1102,12.16,0.00,1791445922.539678,1,0,0.0
ds_live_1.0_20261008_165141,1791445922.499582,camera_color_optical_frame,433,640,480,1,503.0,91.3,0.5720,-0.6195,0.01183,1,1,0.972,0.4330,0.1277,-0.1100,12.22,0.00,1791445922.573759,1,0,0.0
ds_live_1.0_20261008_165141,1791445922.532937,camera_color_optical_frame,434,640,480,1,503.0,91.4,0.5718,-0.6190,0.01185,1,1,0.973,0.4330,0.1277,-0.1099,12.59,0.00,1791445922.607703,1,0,0.0
ds_live_1.0_20261008_165141,1791445922.566293,camera_color_optical_frame,435,640,480,1,503.0,91.3,0.5720,-0.6194,0.01186,1,1,0.961,0.4340,0.1280,-0.1102,13.78,0.00,1791445922.642608,1,0,0.0
ds_live_1.0_20261008_165141,1791445922.599648,camera_color_optical_frame,436,640,480,1,503.0,91.4,0.5718,-0.6190,0.01187,1,1,0.975,0.4330,0.1276,-0.1099,12.78,0.00,1791445922.673690,1,0,0.0
ds_live_1.0_20261008_165141,1791445922.633004,camera_color_optical_frame,437,640,480,1,503.0,91.5,0.5717,-0.6189,0.01184,1,1,0.960,0.4330,0.1276,-0.1099,11.25,0.00,1791445922.705262,1,0,0.0
ds_live_1.0_20261008_165141,1791445922.666359,camera_color_optical_frame,438,640,480,1,503.1,91.3,0.5722,-0.6197,0.01184,1,1,0.975,0.4340,0.1280,-0.1102,12.26,0.00,1791445922.741046,1,0,0.0
ds_live_1.0_20261008_165141,1791445922.699715,camera_color_optical_frame,439,640,480,1,503.0,91.3,0.5720,-0.6195,0.01184,1,1,0.966,0.4340,0.1280,-0.1102,13.47,0.00,1791445922.775470,1,0,0.0
ds_live_1.0_20261008_165141,1791445922.733072,camera_color_optical_frame,440,640,480,1,503.1,91.3,0.5721,-0.6194,0.01186,1,1,0.984,0.4330,0.1277,-0.1100,11.96,0.00,1791445922.807361,1,0,0.0
ds_live_1.0_20261008_165141,1791445922.766429,camera_color_optical_frame,441,640,480,1,503.1,91.3,0.5721,-0.6196,0.01184,1,1,0.949,0.4340,0.1280,-0.1102,12.52,0.00,1791445922.841371,1,0,0.0
ds_live_1.0_20261008_165141,1791445922.799787,camera_color_optical_frame,442,640,480,1,503.0,91.3,0.5720,-0.6196,0.01183,1,1,0.952,0.4330,0.1277,-0.1100,12.69,0.00,1791445922.873781,1,0,0.0
ds_live_1.0_20261008_165141,1791445922.833144,camera_color_optical_frame,443,640,480,1,503.1,91.3,0.5721,-0.6197,0.01188,1,1,0.940,0.4350,0.1283,-0.1105,12.97,0.00,1791445922.907604,1,0,0.0
ds_live_1.0_20261008_165141,1791445922.866501,camera_color_optical_frame,444,640,480,1,503.0,91.3,0.5718,-0.6194,0.01186,1,1,0.971,0.4330,0.1276,-0.1099,12.31,0.00,1791445922.941653,1,0,0.0
ds_live_1.0_20261008_165141,1791445922.899858,camera_color_optical_frame,445,640,480,1,503.0,91.4,0.5718,-0.6191,0.01185,1,1,0.980,0.4340,0.1279,-0.1102,12.50,0.00,1791445922.974181,1,0,0.0
ds_live_1.0_20261008_165141,1791445922.933215,camera_color_optical_frame,446,640,480,1,503.0,91.4,0.5719,-0.6191,0.01187,1,1,0.960,0.4350,0.1283,-0.1104,12.29,0.00,1791445923.007785,1,0,0.0
ds_live_1.0_20261008_165141,1791445922.966573,camera_color_optical_frame,447,640,480,1,503.0,91.4,0.5718,-0.6193,0.01184,1,1,0.964,0.4340,0.1279,-0.1102,12.47,0.00,1791445923.040833,1,0,0.0
ds_live_1.0_20261008_165141,1791445922.999930,camera_color_optical_frame,448,640,480,1,503.0,91.4,0.5720,-0.6192,0.01184,1,1,0.982,0.4340,0.1280,-0.1102,12.68,0.00,1791445923.073400,1,0,0.0
ds_live_1.0_20261008_165141,1791445923.033287,camera_color_optical_frame,449,640,480,1,503.1,91.3,0.5723,-0.6196,0.01181,1,1,0.954,0.4340,0.1281,-0.1102,12.06,0.00,1791445923.107730,1,0,0.0
ds_live_1.0_20261008_165141,1791445923.066644,camera_color_optical_frame,450,640,480,1,503.0,91.3,0.5720,-0.6195,0.01185,1,1,0.974,0.4320,0.1274,-0.1097,12.47,0.00,1791445923.141291,1,0,0.0
ds_live_1.0_20261008_165141,1791445923.100001,camera_color_optical_frame,451,640,480,1,503.1,91.4,0.5720,-0.6193,0.01180,1,1,0.957,0.4340,0.1280,-0.1102,13.37,0.00,1791445923.175621,1,0,0.0
ds_live_1.0_20261008_165141,1791445923.133358,camera_color_optical_frame,452,640,480,1,503.0,91.3,0.5719,-0.6196,0.01185,1,1,0.964,0.4330,0.1277,-0.1100,12.34,0.00,1791445923.208248,1,0,0.0
ds_live_1.0_20261008_165141,1791445923.166716,camera_color_optical_frame,453,640,480,1,503.0,91.4,0.5718,-0.6192,0.01184,1,1,0.980,0.4340,0.1280,-0.1102,11.43,0.00,1791445923.239573,1,0,0.0
ds_live_1.0_20261008_165141,1791445923.200073,camera_color_optical_frame,454,640,480,1,503.0,91.4,0.5720,-0.6190,0.01185,1,1,0.971,0.4340,0.1280,-0.1101,12.88,0.00,1791445923.274536,1,0,0.0
ds_live_1.0_20261008_165141,1791445923.233430,camera_color_optical_frame,455,640,480,1,503.0,91.3,0.5720,-0.6196,0.01184,1,1,0.972,0.4330,0.1277,-0.1100,12.40,0.00,1791445923.308336,1,0,0.0
ds_live_1.0_20261008_165141,1791445923.266787,camera_color_optical_frame,456,640,480,1,503.0,91.3,0.5720,-0.6196,0.01185,1,1,0.968,0.4340,0.1280,-0.1102,12.77,0.00,1791445923.341643,1,0,0.0
ds_live_1.0_20261008_165141,1791445923.300144,camera_color_optical_frame,457,640,480,1,503.0,91.4,0.5720,-0.6192,0.01184,1,1,0.976,0.4340,0.1280,-0.1102,12.30,0.00,1791445923.374630,1,0,0.0
ds_live_1.0_20261008_165141,1791445923.333501,camera_color_optical_frame,458,640,480,1,503.1,91.4,0.5720,-0.6193,0.01186,1,1,0.970,0.4330,0.1277,-0.1099,11.18,0.00,1791445923.405768,1,0,0.0
ds_live_1.0_20261008_165141,1791445923.366859,camera_color_optical_frame,459,640,480,1,503.1,91.3,0.5722,-0.6195,0.01182,1,1,0.977,0.4330,0.1277,-0.1100,13.13,0.00,1791445923.440959,1,0,0.0
ds_live_1.0_20261008_165141,1791445923.400215,camera_color_optical_frame,460,640,480,1,503.0,91.4,0.5717,-0.6191,0.01186,1,1,0.976,0.4340,0.1279,-0.1102,12.31,0.00,1791445923.474880,1,0,0.0
ds_live_1.0_20261008_165141,1791445923.433573,camera_color_optical_frame,461,640,480,1,503.0,91.4,0.5719,-0.6192,0.01188,1,1,0.992,0.4320,0.1274,-0.1097,12.12,0.00,1791445923.508266,1,0,0.0
ds_live_1.0_20261008_165141,1791445923.466930,camera_color_optical_frame,462,640,480,1,503.0,91.4,0.5720,-0.6193,0.01184,1,1,0.961,0.4350,0.1283,-0.1104,11.55,0.00,1791445923.540888,1,0,0.0
ds_live_1.0_20261008_165141,1791445923.500287,camera_color_optical_frame,463,640,480,1,503.0,91.4,0.5719,-0.6192,0.01188,1,1,0.962,0.4320,0.1274,-0.1097,12.94,0.00,1791445923.575848,1,0,0.0
ds_live_1.0_20261008_165141,1791445923.533644,camera_color_optical_frame,464,640,480,1,503.1,91.3,0.5721,-0.6198,0.01182,1,1,0.976,0.4330,0.1277,-0.1100,12.51,0.00,1791445923.607966,1,0,0.0
ds_live_1.0_20261008_165141,1791445923.567001,camera_color_optical_frame,465,640,480,1,502.9,91.4,0.5716,-0.6193,0.01183,1,1,0.953,0.4340,0.1279,-0.1102,12.28,0.00,1791445923.641064,1,0,0.0
ds_live_1.0_20261008_165141,1791445923.600358,camera_color_optical_frame,466,640,480,1,503.0,91.3,0.5719,-0.6194,0.01182,1,1,0.979,0.4330,0.1277,-0.1100,12.45,0.00,1791445923.675382,1,0,0.0
ds_live_1.0_20261008_165141,1791445923.633715,camera_color_optical_frame,467,640,480,1,503.0,91.4,0.5720,-0.6190,0.01185,1,1,0.978,0.4340,0.1280,-0.1101,13.56,0.00,1791445923.709746,1,0,0.0
ds_live_1.0_20261008_165141,1791445923.667072,camera_color_optical_frame,468,640,480,1,503.0,91.3,0.5719,-0.6194,0.01186,1,1,0.950,0.4340,0.1280,-0.1102,13.80,0.00,1791445923.744253,1,0,0.0
ds_live_1.0_20261008_165141,1791445923.700430,camera_color_optical_frame,469,640,480,1,503.0,91.3,0.5720,-0.6195,0.01185,1,1,0.969,0.4340,0.1280,-0.1102,11.61,0.00,1791445923.773390,1,0,0.0
ds_live_1.0_20261008_165141,1791445923.733785,camera_color_optical_frame,470,640,480,1,503.1,91.4,0.5720,-0.6194,0.01187,1,1,0.964,0.4330,0.1277,-0.1099,11.76,0.00,1791445923.806563,1,0,0.0
ds_live_1.0_20261008_165141,1791445923.767142,camera_color_optical_frame,471,640,480,1,503.0,91.4,0.5720,-0.6193,0.01187,1,1,0.965,0.4330,0.1277,-0.1099,12.02,0.00,1791445923.841554,1,0,0.0
ds_live_1.0_20261008_165141,1791445923.800497,camera_color_optical_frame,472,640,480,1,503.1,91.4,0.5722,-0.6193,0.01177,1,1,0.970,0.4340,0.1280,-0.1102,12.38,0.00,1791445923.874729,1,0,0.0
ds_live_1.0_20261008_165141,1791445923.833853,camera_color_optical_frame,473,640,480,1,503.1,91.3,0.5722,-0.6196,0.01181,1,1,0.957,0.4320,0.1274,-0.1097,13.46,0.00,1791445923.910625,1,0,0.0
ds_live_1.0_20261008_165141,1791445923.867209,camera_color_optical_frame,474,640,480,1,503.0,91.4,0.5719,-0.6191,0.01183,1,1,0.970,0.4340,0.1280,-0.1102,12.40,0.00,1791445923.942129,1,0,0.0
ds_live_1.0_20261008_165141,1791445923.900565,camera_color_optical_frame,475,640,480,1,503.1,91.3,0.5722,-0.6195,0.01182,1,1,0.965,0.4340,0.1280,-0.1102,12.28,0.00,1791445923.974013,1,0,0.0
ds_live_1.0_20261008_165141,1791445923.933921,camera_color_optical_frame,476,640,480,1,503.0,91.4,0.5720,-0.6193,0.01185,1,1,0.961,0.4330,0.1277,-0.1099,10.32,0.00,1791445924.005194,1,0,0.0
ds_live_1.0_20261008_165141,1791445923.967276,camera_color_optical_frame,477,640,480,1,503.0,91.3,0.5719,-0.6194,0.01184,1,1,0.967,0.4340,0.1280,-0.1102,12.92,0.00,1791445924.043828,1,0,0.0
ds_live_1.0_20261008_165141,1791445924.000633,camera_color_optical_frame,478,640,480,1,503.0,91.4,0.5718,-0.6192,0.01186,1,1,0.958,0.4330,0.1277,-0.1099,13.81,0.00,1791445924.076918,1,0,0.0
ds_live_1.0_20261008_165141,1791445924.033988,camera_color_optical_frame,479,640,480,1,503.1,91.3,0.5722,-0.6197,0.01183,1,1,0.977,0.4320,0.1275,-0.1097,12.94,0.00,1791445924.109458,1,0,0.0
ds_live_1.0_20261008_165141,1791445924.067344,camera_color_optical_frame,480,640,480,1,503.1,91.4,0.5720,-0.6192,0.01181,1,1,0.986,0.4320,0.1274,-0.1097,10.34,0.00,1791445924.139048,1,0,0.0
ds_live_1.0_20261008_165141,1791445924.100699,camera_color_optical_frame,481,640,480,1,503.1,91.2,0.5723,-0.6199,0.01179,1,1,0.976,0.4320,0.1275,-0.1098,8.47,0.00,1791445924.169772,1,0,0.0
ds_live_1.0_20261008_165141,1791445924.134055,camera_color_optical_frame,482,640,480,1,503.0,91.4,0.5719,-0.6193,0.01188,1,1,0.975,0.4330,0.1277,-0.1099,10.98,0.00,1791445924.207985,1,0,0.0
ds_live_1.0_20261008_165141,1791445924.167411,camera_color_optical_frame,483,640,480,1,503.0,91.4,0.5720,-0.6192,0.01183,1,1,0.974,0.4340,0.1280,-0.1102,13.11,0.00,1791445924.244155,1,0,0.0
ds_live_1.0_20261008_165141,1791445924.200767,camera_color_optical_frame,484,640,480,1,503.0,91.3,0.5720,-0.6194,0.01188,1,1,0.967,0.4340,0.1280,-0.1102,12.97,0.00,1791445924.277228,1,0,0.0
ds_live_1.0_20261008_165141,1791445924.234122,camera_color_optical_frame,485,640,480,1,503.0,91.3,0.5718,-0.6195,0.01187,1,1,0.961,0.4330,0.1277,-0.1100,13.65,0.00,1791445924.310889,1,0,0.0
ds_live_1.0_20261008_165141,1791445924.267478,camera_color_optical_frame,486,640,480,1,503.0,91.3,0.5720,-0.6196,0.01185,1,1,0.963,0.4340,0.1280,-0.1102,12.34,0.00,1791445924.341784,1,0,0.0
ds_live_1.0_20261008_165141,1791445924.300834,camera_color_optical_frame,487,640,480,1,503.0,91.4,0.5718,-0.6192,0.01184,1,1,0.976,0.4340,0.1279,-0.1102,10.56,0.00,1791445924.373081,1,0,0.0
ds_live_1.0_20261008_165141,1791445924.334189,camera_color_optical_frame,488,640,480,1,503.1,91.3,0.5722,-0.6196,0.01185,1,1,0.975,0.4330,0.1277,-0.1100,11.73,0.00,1791445924.407944,1,0,0.0
ds_live_1.0_20261008_165141,1791445924.367545,camera_color_optical_frame,489,640,480,1,503.1,91.3,0.5721,-0.6194,0.01180,1,1,0.980,0.4330,0.1277,-0.1099,13.76,0.00,1791445924.443786,1,0,0.0
ds_live_1.0_20261008_165141,1791445924.400900,camera_color_optical_frame,490,640,480,1,503.0,91.3,0.5720,-0.6195,0.01185,1,1,0.964,0.4340,0.1280,-0.1102,11.11,0.00,1791445924.474056,1,0,0.0
ds_live_1.0_20261008_165141,1791445924.434256,camera_color_optical_frame,491,640,480,1,503.0,91.3,0.5720,-0.6196,0.01186,1,1,0.969,0.4340,0.1280,-0.1102,13.01,0.00,1791445924.508866,1,0,0.0
ds_live_1.0_20261008_165141,1791445924.467612,camera_color_optical_frame,492,640,480,1,503.1,91.3,0.5720,-0.6197,0.01185,1,1,0.981,0.4340,0.1280,-0.1103,10.93,0.00,1791445924.539791,1,0,0.0
ds_live_1.0_20261008_165141,1791445924.500967,camera_color_optical_frame,493,640,480,1,503.1,91.3,0.5721,-0.6198,0.01184,1,1,0.949,0.4320,0.1274,-0.1098,13.57,0.00,1791445924.577591,1,0,0.0
ds_live_1.0_20261008_165141,1791445924.534322,camera_color_optical_frame,494,640,480,1,503.1,91.3,0.5722,-0.6194,0.01183,1,1,0.976,0.4320,0.1274,-0.1097,13.48,0.00,1791445924.610543,1,0,0.0
ds_live_1.0_20261008_165141,1791445924.567678,camera_color_optical_frame,495,640,480,1,503.1,91.4,0.5721,-0.6194,0.01180,1,1,0.968,0.4330,0.1277,-0.1099,12.56,0.00,1791445924.643048,1,0,0.0
ds_live_1.0_20261008_165141,1791445924.601033,camera_color_optical_frame,496,640,480,1,503.1,91.3,0.5721,-0.6196,0.01183,1,1,0.958,0.4330,0.1277,-0.1100,12.79,0.00,1791445924.676036,1,0,0.0
ds_live_1.0_20261008_165141,1791445924.634389,camera_color_optical_frame,497,640,480,1,503.1,91.2,0.5721,-0.6200,0.01180,1,1,0.948,0.4330,0.1277,-0.1100,13.39,0.00,1791445924.709300,1,0,0.0
ds_live_1.0_20261008_165141,1791445924.667744,camera_color_optical_frame,498,640,480,1,503.1,91.3,0.5721,-0.6196,0.01183,1,1,0.960,0.4330,0.1277,-0.1100,14.01,0.00,1791445924.743881,1,0,0.0
ds_live_1.0_20261008_165141,1791445924.701100,camera_color_optical_frame,499,640,480,1,503.2,91.3,0.5724,-0.6197,0.01181,1,1,0.959,0.4330,0.1278,-0.1100,13.89,0.00,1791445924.777500,1,0,0.0
ds_live_1.0_20261008_165141,1791445924.734457,camera_color_optical_frame,500,640,480,1,503.1,91.4,0.5721,-0.6192,0.01183,1,1,0.982,0.4340,0.1280,-0.1102,13.98,0.00,1791445924.810844,1,0,0.0
ds_live_1.0_20261008_165141,1791445924.767813,camera_color_optical_frame,501,640,480,1,503.0,91.4,0.5718,-0.6192,0.01185,1,1,0.959,0.4340,0.1279,-0.1102,12.50,0.00,1791445924.842469,1,0,0.0
ds_live_1.0_20261008_165141,1791445924.801170,camera_color_optical_frame,502,640,480,1,503.1,91.3,0.5721,-0.6196,0.01181,1,1,0.955,0.4330,0.1277,-0.1100,13.73,0.00,1791445924.876148,1,0,0.0
ds_live_1.0_20261008_165141,1791445924.834527,camera_color_optical_frame,503,640,480,1,503.1,91.3,0.5722,-0.6194,0.01185,1,1,0.959,0.4340,0.1280,-0.1102,13.37,0.00,1791445924.908595,1,0,0.0
ds_live_1.0_20261008_165141,1791445924.867884,camera_color_optical_frame,504,640,480,1,503.1,91.2,0.5722,-0.6199,0.01182,1,1,0.983,0.4340,0.1280,-0.1103,14.39,0.00,1791445924.944306,1,0,0.0
ds_live_1.0_20261008_165141,1791445924.901240,camera_color_optical_frame,505,640,480,1,503.1,91.3,0.5722,-0.6195,0.01181,1,1,0.958,0.4340,0.1280,-0.1102,14.36,0.00,1791445924.977965,1,0,0.0
ds_live_1.0_20261008_165141,1791445924.934597,camera_color_optical_frame,506,640,480,1,503.0,91.3,0.5719,-0.6194,0.01186,1,1,0.972,0.4330,0.1277,-0.1099,14.18,0.00,1791445925.010860,1,0,0.0
ds_live_1.0_20261008_165141,1791445924.967954,camera_color_optical_frame,507,640,480,1,503.1,91.2,0.5721,-0.6200,0.01181,1,1,0.986,0.4330,0.1277,-0.1101,14.03,0.00,1791445925.044431,1,0,0.0
ds_live_1.0_20261008_165141,1791445925.001311,camera_color_optical_frame,508,640,480,1,503.0,91.3,0.5720,-0.6197,0.01182,1,1,0.983,0.4335,0.1278,-0.1101,12.99,0.00,1791445925.075662,1,0,0.0
ds_live_1.0_20261008_165141,1791445925.034667,camera_color_optical_frame,509,640,480,1,503.1,91.3,0.5721,-0.6196,0.01187,1,1,0.979,0.4340,0.1280,-0.1102,14.04,0.00,1791445925.110179,1,0,0.0
ds_live_1.0_20261008_165141,1791445925.068024,camera_color_optical_frame,510,640,480,1,503.0,91.3,0.5720,-0.6194,0.01184,1,1,0.971,0.4340,0.1280,-0.1102,14.02,0.00,1791445925.144237,1,0,0.0
ds_live_1.0_20261008_165141,1791445925.101381,camera_color_optical_frame,511,640,480,1,503.1,91.3,0.5722,-0.6197,0.01184,1,1,0.958,0.4340,0.1280,-0.1103,14.08,0.00,1791445925.177735,1,0,0.0
ds_live_1.0_20261008_165141,1791445925.134737,camera_color_optical_frame,512,640,480,1,503.1,91.3,0.5721,-0.6195,0.01184,1,1,0.955,0.4330,0.1277,-0.1100,14.15,0.00,1791445925.211788,1,0,0.0
ds_live_1.0_20261008_165141,1791445925.168094,camera_color_optical_frame,513,640,480,1,503.0,91.5,0.5720,-0.6189,0.01186,1,1,0.970,0.4340,0.1280,-0.1101,14.57,0.00,1791445925.244041,1,0,0.0
ds_live_1.0_20261008_165141,1791445925.201451,camera_color_optical_frame,514,640,480,1,503.0,91.5,0.5718,-0.6188,0.01184,1,1,0.972,0.4340,0.1279,-0.1101,13.72,0.00,1791445925.275935,1,0,0.0
ds_live_1.0_20261008_165141,1791445925.234807,camera_color_optical_frame,515,640,480,1,503.1,91.3,0.5721,-0.6194,0.01187,1,1,0.963,0.4340,0.1280,-0.1102,14.19,0.00,1791445925.311253,1,0,0.0
ds_live_1.0_20261008_165141,1791445925.268164,camera_color_optical_frame,516,640,480,1,503.0,91.3,0.5718,-0.6195,0.01186,1,1,0.973,0.4340,0.1279,-0.1102,12.67,0.00,1791445925.343021,1,0,0.0
ds_live_1.0_20261008_165141,1791445925.301521,camera_color_optical_frame,517,640,480,1,503.1,91.2,0.5722,-0.6199,0.01184,1,1,0.963,0.4330,0.1277,-0.1100,13.37,0.00,1791445925.377313,1,0,0.0
ds_live_1.0_20261008_165141,1791445925.334877,camera_color_optical_frame,518,640,480,1,503.1,91.1,0.5722,-0.6202,0.01182,1,1,0.980,0.4330,0.1277,-0.1101,12.65,0.00,1791445925.409913,1,0,0.0
ds_live_1.0_20261008_165141,1791445925.368234,camera_color_optical_frame,519,640,480,1,503.0,91.3,0.5720,-0.6194,0.01181,1,1,0.952,0.4340,0.1280,-0.1102,10.72,0.00,1791445925.440262,1,0,0.0
ds_live_1.0_20261008_165141,1791445925.401590,camera_color_optical_frame,520,640,480,1,503.0,91.4,0.5718,-0.6192,0.01184,1,1,0.969,0.4330,0.1277,-0.1099,11.99,0.00,1791445925.474854,1,0,0.0
ds_live_1.0_20261008_165141,1791445925.434947,camera_color_optical_frame,521,640,480,1,503.0,91.4,0.5719,-0.6193,0.01186,1,1,0.967,0.4340,0.1280,-0.1102,12.75,0.00,1791445925.509916,1,0,0.0
ds_live_1.0_20261008_165141,1791445925.468303,camera_color_optical_frame,522,640,480,1,503.0,91.4,0.5719,-0.6192,0.01185,1,1,0.968,0.4340,0.1280,-0.1102,12.02,0.00,1791445925.542492,1,0,0.0
ds_live_1.0_20261008_165141,1791445925.501660,camera_color_optical_frame,523,640,480,1,503.1,91.3,0.5722,-0.6197,0.01182,1,1,0.978,0.4330,0.1277,-0.1100,13.76,0.00,1791445925.578563,1,0,0.0
ds_live_1.0_20261008_165141,1791445925.535017,camera_color_optical_frame,524,640,480,1,503.1,91.3,0.5722,-0.6197,0.01183,1,1,0.979,0.4330,0.1277,-0.1100,12.76,0.00,1791445925.609318,1,0,0.0
ds_live_1.0_20261008_165141,1791445925.568373,camera_color_optical_frame,525,640,480,1,503.1,91.3,0.5721,-0.6195,0.01184,1,1,0.967,0.4340,0.1280,-0.1102,11.50,0.00,1791445925.640792,1,0,0.0
ds_live_1.0_20261008_165141,1791445925.601729,camera_color_optical_frame,526,640,480,1,503.0,91.3,0.5719,-0.6197,0.01184,1,1,0.973,0.4330,0.1277,-0.1100,13.98,0.00,1791445925.677716,1,0,0.0
ds_live_1.0_20261008_165141,1791445925.635086,camera_color_optical_frame,527,640,480,1,503.0,91.3,0.5719,-0.6194,0.01186,1,1,0.969,0.4340,0.1280,-0.1102,12.00,0.00,1791445925.709609,1,0,0.0
ds_live_1.0_20261008_165141,1791445925.668442,camera_color_optical_frame,528,640,480,1,503.1,91.3,0.5722,-0.6197,0.01181,1,1,0.946,0.4340,0.1280,-0.1102,13.59,0.00,1791445925.745632,1,0,0.0
ds_live_1.0_20261008_165141,1791445925.701799,camera_color_optical_frame,529,640,480,1,503.1,91.1,0.5723,-0.6202,0.01179,1,1,0.972,0.4340,0.1281,-0.1103,13.92,0.00,1791445925.778225,1,0,0.0
ds_live_1.0_20261008_165141,1791445925.735156,camera_color_optical_frame,530,640,480,1,503.0,91.3,0.5719,-0.6197,0.01187,1,1,0.962,0.4340,0.1280,-0.1102,14.46,0.00,1791445925.811297,1,0,0.0
ds_live_1.0_20261008_165141,1791445925.768514,camera_color_optical_frame,531,640,480,1,503.0,91.4,0.5720,-0.6191,0.01183,1,1,0.961,0.4340,0.1280,-0.1101,12.97,0.00,1791445925.842927,1,0,0.0
ds_live_1.0_20261008_165141,1791445925.801872,camera_color_optical_frame,532,640,480,1,503.1,91.3,0.5721,-0.6197,0.01187,1,1,0.960,0.4330,0.1277,-0.1100,14.13,0.00,1791445925.878181,1,0,0.0
ds_live_1.0_20261008_165141,1791445925.835229,camera_color_optical_frame,533,640,480,1,503.1,91.3,0.5722,-0.6194,0.01185,1,1,0.969,0.4340,0.1280,-0.1102,14.10,0.00,1791445925.911623,1,0,0.0
ds_live_1.0_20261008_165141,1791445925.868587,camera_color_optical_frame,534,640,480,1,503.0,91.4,0.5717,-0.6191,0.01182,1,1,0.968,0.4340,0.1279,-0.1101,14.14,0.00,1791445925.945135,1,0,0.0
ds_live_1.0_20261008_165141,1791445925.901944,camera_color_optical_frame,535,640,480,1,503.0,91.4,0.5719,-0.6193,0.01189,1,1,0.969,0.4340,0.1280,-0.1102,13.50,0.00,1791445925.976434,1,0,0.0
ds_live_1.0_20261008_165141,1791445925.935302,camera_color_optical_frame,536,640,480,1,503.1,91.3,0.5722,-0.6196,0.01185,1,1,0.960,0.4350,0.1283,-0.1105,14.62,0.00,1791445926.011019,1,0,0.0
ds_live_1.0_20261008_165141,1791445925.968659,camera_color_optical_frame,537,640,480,1,503.0,91.4,0.5720,-0.6194,0.01186,1,1,0.962,0.4340,0.1280,-0.1102,14.06,0.00,1791445926.045174,1,0,0.0
ds_live_1.0_20261008_165141,1791445926.002017,camera_color_optical_frame,538,640,480,1,503.0,91.4,0.5718,-0.6193,0.01188,1,1,0.956,0.4340,0.1280,-0.1102,13.95,0.00,1791445926.078097,1,0,0.0
ds_live_1.0_20261008_165141,1791445926.035374,camera_color_optical_frame,539,640,480,1,503.0,91.3,0.5720,-0.6197,0.01182,1,1,0.953,0.4340,0.1280,-0.1102,14.32,0.00,1791445926.112301,1,0,0.0
ds_live_1.0_20261008_165141,1791445926.068732,camera_color_optical_frame,540,640,480,1,503.1,91.3,0.5721,-0.6195,0.01185,1,1,0.990,0.4330,0.1277,-0.1100,14.65,0.00,1791445926.146665,1,0,0.0
ds_live_1.0_20261008_165141,1791445926.102090,camera_color_optical_frame,541,640,480,1,503.1,91.1,0.5722,-0.6202,0.01182,1,1,0.957,0.4340,0.1280,-0.1103,14.44,0.00,1791445926.178233,1,0,0.0
ds_live_1.0_20261008_165141,1791445926.135447,camera_color_optical_frame,542,640,480,1,503.0,91.3,0.5720,-0.6194,0.01182,1,1,0.958,0.4340,0.1280,-0.1102,13.91,0.00,1791445926.210613,1,0,0.0
ds_live_1.0_20261008_165141,1791445926.168804,camera_color_optical_frame,543,640,480,1,503.0,91.3,0.5719,-0.6196,0.01188,1,1,0.978,0.4330,0.1277,-0.1100,14.36,0.00,1791445926.244950,1,0,0.0
ds_live_1.0_20261008_165141,1791445926.202162,camera_color_optical_frame,544,640,480,1,503.1,91.3,0.5721,-0.6198,0.01182,1,1,0.973,0.4330,0.1277,-0.1100,14.43,0.00,1791445926.279067,1,0,0.0
ds_live_1.0_20261008_165141,1791445926.235520,camera_color_optical_frame,545,640,480,1,503.1,91.3,0.5722,-0.6197,0.01183,1,1,0.976,0.4340,0.1280,-0.1102,14.15,0.00,1791445926.312392,1,0,0.0
ds_live_1.0_20261008_165141,1791445926.268877,camera_color_optical_frame,546,640,480,1,503.0,91.4,0.5719,-0.6192,0.01186,1,1,0.957,0.4330,0.1277,-0.1099,14.61,0.00,1791445926.344698,1,0,0.0
ds_live_1.0_20261008_165141,1791445926.302235,camera_color_optical_frame,547,640,480,1,503.0,91.4,0.5719,-0.6192,0.01186,1,1,0.950,0.4330,0.1277,-0.1099,13.48,0.00,1791445926.376706,1,0,0.0
ds_live_1.0_20261008_165141,1791445926.335592,camera_color_optical_frame,548,640,480,1,503.0,91.4,0.5719,-0.6194,0.01185,1,1,0.975,0.4340,0.1280,-0.1102,14.17,0.00,1791445926.411949,1,0,0.0
ds_live_1.0_20261008_165141,1791445926.368950,camera_color_optical_frame,549,640,480,1,503.0,91.3,0.5719,-0.6194,0.01186,1,1,0.978,0.4330,0.1277,-0.1100,13.95,0.00,1791445926.445334,1,0,0.0
ds_live_1.0_20261008_165141,1791445926.402307,camera_color_optical_frame,550,640,480,1,503.0,91.4,0.5720,-0.6193,0.01186,1,1,0.967,0.4340,0.1280,-0.1102,14.09,0.00,1791445926.478673,1,0,0.0
ds_live_1.0_20261008_165141,1791445926.435665,camera_color_optical_frame,551,640,480,1,503.0,91.4,0.5719,-0.6191,0.01186,1,1,0.969,0.4350,0.1283,-0.1104,14.07,0.00,1791445926.512078,1,0,0.0
ds_live_1.0_20261008_165141,1791445926.469022,camera_color_optical_frame,552,640,480,1,503.1,91.3,0.5721,-0.6197,0.01188,1,1,0.973,0.4340,0.1280,-0.1102,14.81,0.00,1791445926.545362,1,0,0.0
ds_live_1.0_20261008_165141,1791445926.502380,camera_color_optical_frame,553,640,480,1,503.0,91.3,0.5720,-0.6195,0.01180,1,1,0.971,0.4340,0.1280,-0.1102,14.42,0.00,1791445926.578446,1,0,0.0
ds_live_1.0_20261008_165141,1791445926.535738,camera_color_optical_frame,554,640,480,1,503.1,91.1,0.5722,-0.6203,0.01177,1,1,0.991,0.4320,0.1275,-0.1098,14.10,0.00,1791445926.612064,1,0,0.0
ds_live_1.0_20261008_165141,1791445926.569095,camera_color_optical_frame,555,640,480,1,503.0,91.4,0.5718,-0.6191,0.01186,1,1,0.978,0.4340,0.1279,-0.1102,13.95,0.00,1791445926.645450,1,0,0.0
ds_live_1.0_20261008_165141,1791445926.602453,camera_color_optical_frame,556,640,480,1,503.1,91.4,0.5721,-0.6193,0.01189,1,1,0.960,0.4340,0.1280,-0.1102,14.57,0.00,1791445926.679686,1,0,0.0
ds_live_1.0_20261008_165141,1791445926.635810,camera_color_optical_frame,557,640,480,1,503.1,91.2,0.5722,-0.6199,0.01181,1,1,0.979,0.4330,0.1277,-0.1100,13.10,0.00,1791445926.710182,1,0,0.0
ds_live_1.0_20261008_165141,1791445926.669168,camera_color_optical_frame,558,640,480,1,503.1,91.2,0.5722,-0.6199,0.01183,1,1,0.962,0.4340,0.1280,-0.1103,12.58,0.00,1791445926.742386,1,0,0.0
ds_live_1.0_20261008_165141,1791445926.702525,camera_color_optical_frame,559,640,480,1,503.0,91.4,0.5720,-0.6194,0.01182,1,1,0.971,0.4330,0.1277,-0.1099,14.06,0.00,1791445926.778844,1,0,0.0
ds_live_1.0_20261008_165141,1791445926.735882,camera_color_optical_frame,560,640,480,1,503.0,91.4,0.5719,-0.6194,0.01188,1,1,0.971,0.4350,0.1283,-0.1104,14.04,0.00,1791445926.812498,1,0,0.0
ds_live_1.0_20261008_165141,1791445926.769239,camera_color_optical_frame,561,640,480,1,503.1,91.2,0.5723,-0.6200,0.01181,1,1,0.976,0.4330,0.1278,-0.1101,14.08,0.00,1791445926.845899,1,0,0.0
ds_live_1.0_20261008_165141,1791445926.802596,camera_color_optical_frame,562,640,480,1,503.2,91.2,0.5725,-0.6200,0.01180,1,1,0.967,0.4330,0.1278,-0.1101,14.15,0.00,1791445926.879205,1,0,0.0
ds_live_1.0_20261008_165141,1791445926.835952,camera_color_optical_frame,563,640,480,1,503.1,91.3,0.5721,-0.6196,0.01184,1,1,0.982,0.4330,0.1277,-0.1100,14.60,0.00,1791445926.912027,1,0,0.0
ds_live_1.0_20261008_165141,1791445926.869309,camera_color_optical_frame,564,640,480,1,503.0,91.3,0.5720,-0.6194,0.01185,1,1,0.988,0.4340,0.1280,-0.1102,14.38,0.00,1791445926.945925,1,0,0.0
ds_live_1.0_20261008_165141,1791445926.902666,camera_color_optical_frame,565,640,480,1,503.1,91.4,0.5720,-0.6191,0.01186,1,1,0.982,0.4320,0.1274,-0.1096,13.77,0.00,1791445926.978175,1,0,0.0
ds_live_1.0_20261008_165141,1791445926.936023,camera_color_optical_frame,566,640,480,1,503.1,91.3,0.5722,-0.6197,0.01183,1,1,0.973,0.4330,0.1277,-0.1100,14.08,0.00,1791445927.012601,1,0,0.0
ds_live_1.0_20261008_165141,1791445926.969379,camera_color_optical_frame,567,640,480,1,503.1,91.3,0.5721,-0.6198,0.01185,1,1,0.975,0.4340,0.1280,-0.1103,14.14,0.00,1791445927.045714,1,0,0.0
ds_live_1.0_20261008_165141,1791445927.002736,camera_color_optical_frame,568,640,480,1,503.1,91.2,0.5721,-0.6200,0.01186,1,1,0.989,0.4330,0.1277,-0.1100,13.55,0.00,1791445927.077415,1,0,0.0
ds_live_1.0_20261008_165141,1791445927.036093,camera_color_optical_frame,569,640,480,1,503.0,91.4,0.5719,-0.6194,0.01186,1,1,0.972,0.4340,0.1280,-0.1102,12.74,0.00,1791445927.109613,1,0,0.0
ds_live_1.0_20261008_165141,1791445927.069450,camera_color_optical_frame,570,640,480,1,503.0,91.3,0.5720,-0.6195,0.01185,1,1,0.973,0.4340,0.1280,-0.1102,14.22,0.00,1791445927.145932,1,0,0.0
ds_live_1.0_20261008_165141,1791445927.102806,camera_color_optical_frame,571,640,480,1,503.1,91.2,0.5722,-0.6199,0.01184,1,1,0.960,0.4340,0.1280,-0.1103,14.54,0.00,1791445927.179737,1,0,0.0
ds_live_1.0_20261008_165141,1791445927.136163,camera_color_optical_frame,572,640,480,1,503.1,91.2,0.5720,-0.6201,0.01186,1,1,0.962,0.4340,0.1280,-0.1103,13.80,0.00,1791445927.212739,1,0,0.0
ds_live_1.0_20261008_165141,1791445927.169520,camera_color_optical_frame,573,640,480,1,503.0,91.2,0.5720,-0.6199,0.01182,1,1,0.969,0.4320,0.1274,-0.1098,14.23,0.00,1791445927.245862,1,0,0.0
ds_live_1.0_20261008_165141,1791445927.202876,camera_color_optical_frame,574,640,480,1,503.1,91.3,0.5723,-0.6195,0.01185,1,1,0.979,0.4340,0.1281,-0.1102,13.88,0.00,1791445927.278110,1,0,0.0
ds_live_1.0_20261008_165141,1791445927.236233,camera_color_optical_frame,575,640,480,1,503.0,91.3,0.5719,-0.6195,0.01188,1,1,0.961,0.4340,0.1280,-0.1102,13.45,0.00,1791445927.311125,1,0,0.0
ds_live_1.0_20261008_165141,1791445927.269590,camera_color_optical_frame,576,640,480,1,503.1,91.3,0.5720,-0.6197,0.01185,1,1,0.974,0.4340,0.1280,-0.1103,14.23,0.00,1791445927.346015,1,0,0.0
ds_live_1.0_20261008_165141,1791445927.302947,camera_color_optical_frame,577,640,480,1,503.0,91.3,0.5719,-0.6194,0.01185,1,1,0.956,0.4330,0.1277,-0.1100,13.94,0.00,1791445927.379391,1,0,0.0
ds_live_1.0_20261008_165141,1791445927.336303,camera_color_optical_frame,578,640,480,1,503.0,91.4,0.5719,-0.6191,0.01187,1,1,0.972,0.4340,0.1280,-0.1102,13.92,0.00,1791445927.412647,1,0,0.0
ds_live_1.0_20261008_165141,1791445927.369660,camera_color_optical_frame,579,640,480,1,503.2,91.3,0.5724,-0.6196,0.01180,1,1,0.980,0.4330,0.1278,-0.1100,12.61,0.00,1791445927.443226,1,0,0.0
ds_live_1.0_20261008_165141,1791445927.403017,camera_color_optical_frame,580,640,480,1,503.2,91.2,0.5724,-0.6200,0.01178,1,1,0.974,0.4340,0.1281,-0.1103,12.27,0.00,1791445927.476116,1,0,0.0
ds_live_1.0_20261008_165141,1791445927.436373,camera_color_optical_frame,581,640,480,1,503.0,91.2,0.5719,-0.6198,0.01180,1,1,0.969,0.4340,0.1280,-0.1103,14.29,0.00,1791445927.512649,1,0,0.0
ds_live_1.0_20261008_165141,1791445927.469730,camera_color_optical_frame,582,640,480,1,503.1,91.2,0.5721,-0.6200,0.01187,1,1,0.974,0.4340,0.1280,-0.1103,14.16,0.00,1791445927.546138,1,0,0.0
ds_live_1.0_20261008_165141,1791445927.503087,camera_color_optical_frame,583,640,480,1,503.0,91.3,0.5720,-0.6195,0.01181,1,1,0.955,0.4340,0.1280,-0.1102,14.07,0.00,1791445927.579960,1,0,0.0
ds_live_1.0_20261008_165141,1791445927.536444,camera_color_optical_frame,584,640,480,1,503.0,91.3,0.5719,-0.6195,0.01189,1,1,0.978,0.4340,0.1280,-0.1102,13.86,0.00,1791445927.612939,1,0,0.0
ds_live_1.0_20261008_165141,1791445927.569800,camera_color_optical_frame,585,640,480,1,503.1,91.2,0.5721,-0.6199,0.01179,1,1,0.978,0.4340,0.1280,-0.1103,13.33,0.00,1791445927.644505,1,0,0.0
ds_live_1.0_20261008_165141,1791445927.603157,camera_color_optical_frame,586,640,480,1,503.0,91.3,0.5720,-0.6196,0.01183,1,1,0.963,0.4340,0.1280,-0.1102,13.47,0.00,1791445927.678038,1,0,0.0
ds_live_1.0_20261008_165141,1791445927.636514,camera_color_optical_frame,587,640,480,1,503.1,91.2,0.5721,-0.6198,0.01183,1,1,0.973,0.4330,0.1277,-0.1100,14.00,0.00,1791445927.712757,1,0,0.0
ds_live_1.0_20261008_165141,1791445927.669870,camera_color_optical_frame,588,640,480,1,503.1,91.3,0.5722,-0.6196,0.01185,1,1,0.969,0.4340,0.1280,-0.1102,14.01,0.00,1791445927.746239,1,0,0.0
ds_live_1.0_20261008_165141,1791445927.703227,camera_color_optical_frame,589,640,480,1,503.1,91.3,0.5721,-0.6197,0.01182,1,1,0.964,0.4330,0.1277,-0.1100,14.41,0.00,1791445927.780061,1,0,0.0
ds_live_1.0_20261008_165141,1791445927.736584,camera_color_optical_frame,590,640,480,1,503.0,91.3,0.5720,-0.6194,0.01186,1,1,0.988,0.4340,0.1280,-0.1102,13.63,0.00,1791445927.811507,1,0,0.0
ds_live_1.0_20261008_165141,1791445927.769940,camera_color_optical_frame,591,640,480,1,503.1,91.4,0.5720,-0.6191,0.01181,1,1,0.951,0.4350,0.1283,-0.1104,13.69,0.00,1791445927.844365,1,0,0.0
ds_live_1.0_20261008_165141,1791445927.803297,camera_color_optical_frame,592,640,480,1,503.0,91.3,0.5719,-0.6195,0.01186,1,1,0.955,0.4350,0.1283,-0.1105,14.22,0.00,1791445927.879699,1,0,0.0
ds_live_1.0_20261008_165141,1791445927.836653,camera_color_optical_frame,593,640,480,1,503.0,91.3,0.5720,-0.6195,0.01185,1,1,0.967,0.4330,0.1277,-0.1100,14.26,0.00,1791445927.913438,1,0,0.0
ds_live_1.0_20261008_165141,1791445927.870010,camera_color_optical_frame,594,640,480,1,503.0,91.3,0.5719,-0.6196,0.01177,1,1,0.969,0.4330,0.1277,-0.1100,14.03,0.00,1791445927.946551,1,0,0.0
ds_live_1.0_20261008_165141,1791445927.903367,camera_color_optical_frame,595,640,480,1,503.1,91.2,0.5721,-0.6199,0.01185,1,1,0.978,0.4340,0.1280,-0.1103,14.03,0.00,1791445927.979781,1,0,0.0
ds_live_1.0_20261008_165141,1791445927.936723,camera_color_optical_frame,596,640,480,1,503.0,91.4,0.5718,-0.6192,0.01183,1,1,0.972,0.4340,0.1280,-0.1102,14.09,0.00,1791445928.012025,1,0,0.0
ds_live_1.0_20261008_165141,1791445927.970080,camera_color_optical_frame,597,640,480,1,503.0,91.4,0.5720,-0.6193,0.01184,1,1,0.983,0.4340,0.1280,-0.1102,14.72,0.00,1791445928.046403,1,0,0.0
ds_live_1.0_20261008_165141,1791445928.003436,camera_color_optical_frame,598,640,480,1,503.1,91.2,0.5722,-0.6198,0.01183,1,1,0.965,0.4340,0.1280,-0.1103,14.20,0.00,1791445928.079910,1,0,0.0
ds_live_1.0_20261008_165141,1791445928.036793,camera_color_optical_frame,599,640,480,1,503.1,91.3,0.5722,-0.6197,0.01186,1,1,0.980,0.4340,0.1280,-0.1103,14.34,0.00,1791445928.113620,1,0,0.0
ds_live_1.0_20261008_165141,1791445928.070149,camera_color_optical_frame,600,640,480,1,503.0,91.4,0.5719,-0.6193,0.01182,1,1,0.955,0.4330,0.1277,-0.1099,14.12,0.00,1791445928.146564,1,0,0.0
ds_live_1.0_20261008_165141,1791445928.103506,camera_color_optical_frame,601,640,480,1,503.1,91.3,0.5722,-0.6196,0.01182,1,1,0.978,0.4320,0.1274,-0.1097,14.05,0.00,1791445928.178864,1,0,0.0
ds_live_1.0_20261008_165141,1791445928.136863,camera_color_optical_frame,602,640,480,1,503.0,91.3,0.5719,-0.6195,0.01181,1,1,0.974,0.4350,0.1283,-0.1105,14.99,0.00,1791445928.212848,1,0,0.0
ds_live_1.0_20261008_165141,1791445928.170219,camera_color_optical_frame,603,640,480,1,503.1,91.3,0.5721,-0.6197,0.01181,1,1,0.977,0.4330,0.1277,-0.1100,12.98,0.00,1791445928.245538,1,0,0.0
ds_live_1.0_20261008_165141,1791445928.203576,camera_color_optical_frame,604,640,480,1,503.0,91.5,0.5718,-0.6189,0.01181,1,1,0.988,0.4340,0.1279,-0.1101,14.09,0.00,1791445928.280279,1,0,0.0
ds_live_1.0_20261008_165141,1791445928.236933,camera_color_optical_frame,605,640,480,1,503.1,91.3,0.5721,-0.6197,0.01183,1,1,0.961,0.4330,0.1277,-0.1100,13.96,0.00,1791445928.313420,1,0,0.0
ds_live_1.0_20261008_165141,1791445928.270289,camera_color_optical_frame,606,640,480,1,503.1,91.3,0.5722,-0.6197,0.01177,1,1,0.961,0.4340,0.1280,-0.1103,14.09,0.00,1791445928.346661,1,0,0.0
ds_live_1.0_20261008_165141,1791445928.303646,camera_color_optical_frame,607,640,480,1,503.1,91.3,0.5721,-0.6194,0.01188,1,1,0.966,0.4340,0.1280,-0.1102,14.15,0.00,1791445928.380084,1,0,0.0
ds_live_1.0_20261008_165141,1791445928.337002,camera_color_optical_frame,608,640,480,1,503.1,91.3,0.5721,-0.6197,0.01187,1,1,0.984,0.4340,0.1280,-0.1103,13.13,0.00,1791445928.411450,1,0,0.0
ds_live_1.0_20261008_165141,1791445928.370359,camera_color_optical_frame,609,640,480,1,503.2,91.2,0.5724,-0.6202,0.01182,1,1,0.968,0.4340,0.1281,-0.1103,14.53,0.00,1791445928.446678,1,0,0.0
ds_live_1.0_20261008_165141,1791445928.403715,camera_color_optical_frame,610,640,480,1,503.1,91.3,0.5721,-0.6195,0.01187,1,1,0.979,0.4340,0.1280,-0.1102,11.29,0.00,1791445928.476676,1,0,0.0
ds_live_1.0_20261008_165141,1791445928.437072,camera_color_optical_frame,611,640,480,1,503.1,91.3,0.5721,-0.6194,0.01185,1,1,0.970,0.4330,0.1277,-0.1099,12.09,0.00,1791445928.511048,1,0,0.0
ds_live_1.0_20261008_165141,1791445928.470428,camera_color_optical_frame,612,640,480,1,503.1,91.2,0.5721,-0.6199,0.01184,1,1,0.965,0.4340,0.1280,-0.1103,12.52,0.00,1791445928.544269,1,0,0.0
ds_live_1.0_20261008_165141,1791445928.503785,camera_color_optical_frame,613,640,480,1,503.1,91.3,0.5721,-0.6197,0.01185,1,1,0.981,0.4330,0.1277,-0.1100,9.70,0.00,1791445928.574716,1,0,0.0
ds_live_1.0_20261008_165141,1791445928.537141,camera_color_optical_frame,614,640,480,1,503.0,91.3,0.5720,-0.6197,0.01185,1,1,0.961,0.4340,0.1280,-0.1103,13.06,0.00,1791445928.612159,1,0,0.0
ds_live_1.0_20261008_165141,1791445928.570498,camera_color_optical_frame,615,640,480,1,503.1,91.2,0.5723,-0.6201,0.01182,1,1,0.961,0.4340,0.1281,-0.1103,11.15,0.00,1791445928.643525,1,0,0.0
ds_live_1.0_20261008_165141,1791445928.603855,camera_color_optical_frame,616,640,480,1,503.1,91.2,0.5723,-0.6200,0.01182,1,1,0.975,0.4350,0.1284,-0.1106,12.12,0.00,1791445928.678046,1,0,0.0
ds_live_1.0_20261008_165141,1791445928.637211,camera_color_optical_frame,617,640,480,1,503.0,91.3,0.5720,-0.6194,0.01190,1,1,0.975,0.4340,0.1280,-0.1102,12.84,0.00,1791445928.712403,1,0,0.0
ds_live_1.0_20261008_165141,1791445928.670568,camera_color_optical_frame,618,640,480,1,503.1,91.3,0.5722,-0.6198,0.01185,1,1,0.955,0.4340,0.1280,-0.1103,12.00,0.00,1791445928.744328,1,0,0.0
ds_live_1.0_20261008_165141,1791445928.703924,camera_color_optical_frame,619,640,480,1,503.1,91.3,0.5721,-0.6194,0.01184,1,1,0.974,0.4340,0.1280,-0.1102,11.66,0.00,1791445928.777229,1,0,0.0
ds_live_1.0_20261008_165141,1791445928.737282,camera_color_optical_frame,620,640,480,1,503.1,91.3,0.5721,-0.6197,0.01187,1,1,0.969,0.4340,0.1280,-0.1103,11.70,0.00,1791445928.811162,1,0,0.0
ds_live_1.0_20261008_165141,1791445928.770640,camera_color_optical_frame,621,640,480,1,503.1,91.2,0.5722,-0.6199,0.01185,1,1,0.969,0.4340,0.1280,-0.1103,14.44,0.00,1791445928.847354,1,0,0.0
ds_live_1.0_20261008_165141,1791445928.803998,camera_color_optical_frame,622,640,480,1,503.0,91.3,0.5720,-0.6197,0.01184,1,1,0.985,0.4330,0.1277,-0.1100,10.98,0.00,1791445928.876716,1,0,0.0
ds_live_1.0_20261008_165141,1791445928.837355,camera_color_optical_frame,623,640,480,1,503.1,91.2,0.5720,-0.6199,0.01183,1,1,0.980,0.4350,0.1283,-0.1105,12.80,0.00,1791445928.911442,1,0,0.0
ds_live_1.0_20261008_165141,1791445928.870713,camera_color_optical_frame,624,640,480,1,503.1,91.2,0.5721,-0.6198,0.01186,1,1,0.970,0.4330,0.1277,-0.1100,10.42,0.00,1791445928.942532,1,0,0.0
ds_live_1.0_20261008_165141,1791445928.904071,camera_color_optical_frame,625,640,480,1,503.1,91.3,0.5721,-0.6196,0.01186,1,1,0.970,0.4340,0.1280,-0.1102,11.94,0.00,1791445928.977734,1,0,0.0
ds_live_1.0_20261008_165141,1791445928.937428,camera_color_optical_frame,626,640,480,1,503.0,91.3,0.5719,-0.6194,0.01187,1,1,0.965,0.4350,0.1283,-0.1105,11.29,0.00,1791445929.010722,1,0,0.0
ds_live_1.0_20261008_165141,1791445928.970786,camera_color_optical_frame,627,640,480,1,503.0,91.3,0.5719,-0.6195,0.01184,1,1,0.980,0.4340,0.1280,-0.1102,12.55,0.00,1791445929.045480,1,0,0.0
ds_live_1.0_20261008_165141,1791445929.004144,camera_color_optical_frame,628,640,480,1,503.0,91.3,0.5720,-0.6198,0.01185,1,1,0.954,0.4340,0.1280,-0.1103,12.25,0.00,1791445929.078306,1,0,0.0
ds_live_1.0_20261008_165141,1791445929.037502,camera_color_optical_frame,629,640,480,1,503.1,91.2,0.5721,-0.6199,0.01183,1,1,0.972,0.4340,0.1280,-0.1103,12.25,0.00,1791445929.111419,1,0,0.0
ds_live_1.0_20261008_165141,1791445929.070859,camera_color_optical_frame,630,640,480,1,503.1,91.2,0.5722,-0.6198,0.01185,1,1,0.968,0.4340,0.1280,-0.1103,12.62,0.00,1791445929.145484,1,0,0.0
ds_live_1.0_20261008_165141,1791445929.104217,camera_color_optical_frame,631,640,480,1,503.1,91.2,0.5722,-0.6200,0.01182,1,1,0.974,0.4330,0.1277,-0.1101,11.07,0.00,1791445929.177187,1,0,0.0
ds_live_1.0_20261008_165141,1791445929.137575,camera_color_optical_frame,632,640,480,1,503.0,91.3,0.5718,-0.6194,0.01185,1,1,0.957,0.4340,0.1280,-0.1102,12.39,0.00,1791445929.212035,1,0,0.0
ds_live_1.0_20261008_165141,1791445929.170933,camera_color_optical_frame,633,640,480,1,503.1,91.3,0.5720,-0.6197,0.01182,1,1,0.981,0.4340,0.1280,-0.1103,12.12,0.00,1791445929.245280,1,0,0.0
ds_live_1.0_20261008_165141,1791445929.204290,camera_color_optical_frame,634,640,480,1,503.0,91.3,0.5719,-0.6196,0.01185,1,1,0.961,0.4350,0.1283,-0.1105,10.64,0.00,1791445929.276304,1,0,0.0
ds_live_1.0_20261008_165141,1791445929.237648,camera_color_optical_frame,635,640,480,1,503.0,91.3,0.5720,-0.6196,0.01186,1,1,0.978,0.4340,0.1280,-0.1102,11.84,0.00,1791445929.310850,1,0,0.0
ds_live_1.0_20261008_165141,1791445929.271006,camera_color_optical_frame,636,640,480,1,503.2,91.2,0.5724,-0.6200,0.01178,1,1,0.985,0.4340,0.1281,-0.1103,11.69,0.00,1791445929.344614,1,0,0.0
ds_live_1.0_20261008_165141,1791445929.304363,camera_color_optical_frame,637,640,480,1,503.1,91.3,0.5721,-0.6196,0.01185,1,1,0.973,0.4330,0.1277,-0.1100,13.46,0.00,1791445929.379915,1,0,0.0
ds_live_1.0_20261008_165141,1791445929.337721,camera_color_optical_frame,638,640,480,1,503.1,91.3,0.5721,-0.6197,0.01184,1,1,0.972,0.4350,0.1283,-0.1105,13.64,0.00,1791445929.413639,1,0,0.0
ds_live_1.0_20261008_165141,1791445929.371079,camera_color_optical_frame,639,640,480,1,503.0,91.4,0.5718,-0.6190,0.01183,1,1,0.970,0.4340,0.1279,-0.1101,10.68,0.00,1791445929.443835,1,0,0.0
ds_live_1.0_20261008_165141,1791445929.404436,camera_color_optical_frame,640,640,480,1,503.0,91.3,0.5720,-0.6197,0.01185,1,1,0.979,0.4330,0.1277,-0.1100,11.80,0.00,1791445929.479655,1,0,0.0
ds_live_1.0_20261008_165141,1791445929.437794,camera_color_optical_frame,641,640,480,1,503.1,91.3,0.5721,-0.6195,0.01185,1,1,0.981,0.4340,0.1280,-0.1102,12.46,0.00,1791445929.513842,1,0,0.0
ds_live_1.0_20261008_165141,1791445929.471152,camera_color_optical_frame,642,640,480,1,503.1,91.2,0.5723,-0.6201,0.01181,1,1,0.963,0.4350,0.1284,-0.1106,12.58,0.00,1791445929.547664,1,0,0.0
ds_live_1.0_20261008_165141,1791445929.504509,camera_color_optical_frame,643,640,480,1,503.0,91.3,0.5720,-0.6196,0.01182,1,1,0.965,0.4350,0.1283,-0.1105,12.16,0.00,1791445929.579980,1,0,0.0
ds_live_1.0_20261008_165141,1791445929.537867,camera_color_optical_frame,644,640,480,1,503.1,91.2,0.5723,-0.6202,0.01181,1,1,0.975,0.4340,0.1281,-0.1103,12.67,0.00,1791445929.614592,1,0,0.0
ds_live_1.0_20261008_165141,1791445929.571225,camera_color_optical_frame,645,640,480,1,503.1,91.2,0.5721,-0.6202,0.01182,1,1,0.983,0.4340,0.1280,-0.1103,12.41,0.00,1791445929.647680,1,0,0.0
ds_live_1.0_20261008_165141,1791445929.604583,camera_color_optical_frame,646,640,480,1,503.1,91.3,0.5722,-0.6198,0.01184,1,1,0.961,0.4340,0.1280,-0.1103,10.51,0.00,1791445929.677478,1,0,0.0
ds_live_1.0_20261008_165141,1791445929.637941,camera_color_optical_frame,647,640,480,1,503.1,91.3,0.5721,-0.6196,0.01186,1,1,0.965,0.4345,0.1282,-0.1104,12.67,0.00,1791445929.714537,1,0,0.0
ds_live_1.0_20261008_165141,1791445929.671298,camera_color_optical_frame,648,640,480,1,503.1,91.3,0.5721,-0.6198,0.01185,1,1,0.962,0.4350,0.1283,-0.1105,12.28,0.00,1791445929.748272,1,0,0.0
ds_live_1.0_20261008_165141,1791445929.704656,camera_color_optical_frame,649,640,480,1,503.1,91.3,0.5720,-0.6195,0.01186,1,1,0.959,0.4350,0.1283,-0.1105,12.61,0.00,1791445929.781476,1,0,0.0
ds_live_1.0_20261008_165141,1791445929.738013,camera_color_optical_frame,650,640,480,1,503.0,91.3,0.5719,-0.6195,0.01189,1,1,0.982,0.4340,0.1280,-0.1102,12.51,0.00,1791445929.814758,1,0,0.0
ds_live_1.0_20261008_165141,1791445929.771370,camera_color_optical_frame,651,640,480,1,503.0,91.3,0.5720,-0.6196,0.01188,1,1,0.977,0.4340,0.1280,-0.1102,12.54,0.00,1791445929.848305,1,0,0.0
ds_live_1.0_20261008_165141,1791445929.804728,camera_color_optical_frame,652,640,480,1,503.1,91.3,0.5723,-0.6198,0.01182,1,1,0.962,0.4340,0.1281,-0.1103,11.39,0.00,1791445929.879660,1,0,0.0
ds_live_1.0_20261008_165141,1791445929.838085,camera_color_optical_frame,653,640,480,1,503.1,91.3,0.5721,-0.6194,0.01189,1,1,0.971,0.4345,0.1282,-0.1103,12.79,0.00,1791445929.914855,1,0,0.0
ds_live_1.0_20261008_165141,1791445929.871443,camera_color_optical_frame,654,640,480,1,503.0,91.3,0.5720,-0.6197,0.01183,1,1,0.975,0.4350,0.1283,-0.1105,12.30,0.00,1791445929.947667,1,0,0.0
ds_live_1.0_20261008_165141,1791445929.904800,camera_color_optical_frame,655,640,480,1,503.0,91.2,0.5719,-0.6198,0.01182,1,1,0.978,0.4340,0.1280,-0.1103,12.36,0.00,1791445929.980954,1,0,0.0
ds_live_1.0_20261008_165141,1791445929.938157,camera_color_optical_frame,656,640,480,1,503.1,91.3,0.5721,-0.6198,0.01186,1,1,0.978,0.4330,0.1277,-0.1100,11.16,0.00,1791445930.012538,1,0,0.0
ds_live_1.0_20261008_165141,1791445929.971514,camera_color_optical_frame,657,640,480,1,503.1,91.2,0.5721,-0.6200,0.01184,1,1,0.956,0.4350,0.1283,-0.1106,11.30,0.00,1791445930.045434,1,0,0.0
ds_live_1.0_20261008_165141,1791445930.004872,camera_color_optical_frame,658,640,480,1,503.1,91.3,0.5722,-0.6197,0.01181,1,1,0.981,0.4330,0.1277,-0.1100,13.18,0.00,1791445930.081516,1,0,0.0
ds_live_1.0_20261008_165141,1791445930.038229,camera_color_optical_frame,659,640,480,1,503.1,91.3,0.5720,-0.6194,0.01186,1,1,0.990,0.4350,0.1283,-0.1105,11.74,0.00,1791445930.113868,1,0,0.0
ds_live_1.0_20261008_165141,1791445930.071586,camera_color_optical_frame,660,640,480,1,503.1,91.2,0.5721,-0.6200,0.01183,1,1,0.971,0.4350,0.1283,-0.1106,12.60,0.00,1791445930.148150,1,0,0.0
ds_live_1.0_20261008_165141,1791445930.104944,camera_color_optical_frame,661,640,480,1,503.0,91.3,0.5719,-0.6196,0.01184,1,1,0.985,0.4330,0.1277,-0.1100,12.56,0.00,1791445930.181674,1,0,0.0
ds_live_1.0_20261008_165141,1791445930.138301,camera_color_optical_frame,662,640,480,1,503.1,91.2,0.5723,-0.6202,0.01182,1,1,0.981,0.4330,0.1278,-0.1101,11.48,0.00,1791445930.213286,1,0,0.0
ds_live_1.0_20261008_165141,1791445930.171658,camera_color_optical_frame,663,640,480,1,503.1,91.2,0.5721,-0.6199,0.01183,1,1,0.986,0.4340,0.1280,-0.1103,10.06,0.00,1791445930.244478,1,0,0.0
ds_live_1.0_20261008_165141,1791445930.205015,camera_color_optical_frame,664,640,480,1,503.0,91.3,0.5720,-0.6196,0.01185,1,1,0.983,0.4340,0.1280,-0.1102,12.84,0.00,1791445930.281346,1,0,0.0
ds_live_1.0_20261008_165141,1791445930.238373,camera_color_optical_frame,665,640,480,1,503.1,91.2,0.5722,-0.6199,0.01186,1,1,0.965,0.4350,0.1283,-0.1105,11.28,0.00,1791445930.313370,1,0,0.0
ds_live_1.0_20261008_165141,1791445930.271730,camera_color_optical_frame,666,640,480,1,503.0,91.4,0.5719,-0.6194,0.01189,1,1,0.964,0.4350,0.1283,-0.1105,11.83,0.00,1791445930.347092,1,0,0.0
ds_live_1.0_20261008_165141,1791445930.305088,camera_color_optical_frame,667,640,480,1,503.0,91.4,0.5718,-0.6193,0.01187,1,1,0.967,0.4340,0.1280,-0.1102,13.47,0.00,1791445930.381500,1,0,0.0
ds_live_1.0_20261008_165141,1791445930.338445,camera_color_optical_frame,668,640,480,1,503.1,91.3,0.5721,-0.6196,0.01185,1,1,0.969,0.4350,0.1283,-0.1105,10.91,0.00,1791445930.410508,1,0,0.0
ds_live_1.0_20261008_165141,1791445930.371802,camera_color_optical_frame,669,640,480,1,503.1,91.2,0.5722,-0.6201,0.01181,1,1,0.955,0.4350,0.1283,-0.1106,12.24,0.00,1791445930.446462,1,0,0.0
ds_live_1.0_20261008_165141,1791445930.405159,camera_color_optical_frame,670,640,480,1,503.1,91.1,0.5721,-0.6203,0.01188,1,1,0.969,0.4350,0.1283,-0.1106,13.59,0.00,1791445930.481725,1,0,0.0
ds_live_1.0_20261008_165141,1791445930.438517,camera_color_optical_frame,671,640,480,1,503.1,91.2,0.5723,-0.6198,0.01181,1,1,0.960,0.4360,0.1287,-0.1108,13.57,0.00,1791445930.514768,1,0,0.0
ds_live_1.0_20261008_165141,1791445930.471874,camera_color_optical_frame,672,640,480,1,503.1,91.2,0.5722,-0.6199,0.01186,1,1,0.979,0.4350,0.1283,-0.1105,12.32,0.00,1791445930.546602,1,0,0.0
ds_live_1.0_20261008_165141,1791445930.505231,camera_color_optical_frame,673,640,480,1,503.2,91.1,0.5724,-0.6203,0.01182,1,1,0.986,0.4340,0.1281,-0.1104,10.98,0.00,1791445930.578051,1,0,0.0
ds_live_1.0_20261008_165141,1791445930.538589,camera_color_optical_frame,674,640,480,1,503.1,91.3,0.5723,-0.6195,0.01181,1,1,0.953,0.4350,0.1284,-0.1105,14.04,0.00,1791445930.615027,1,0,0.0
ds_live_1.0_20261008_165141,1791445930.571946,camera_color_optical_frame,675,640,480,1,503.0,91.3,0.5718,-0.6198,0.01186,1,1,0.978,0.4340,0.1280,-0.1103,12.15,0.00,1791445930.646350,1,0,0.0
ds_live_1.0_20261008_165141,1791445930.605303,camera_color_optical_frame,676,640,480,1,503.2,91.2,0.5724,-0.6202,0.01179,1,1,0.978,0.4340,0.1281,-0.1103,12.47,0.00,1791445930.679758,1,0,0.0
ds_live_1.0_20261008_165141,1791445930.638660,camera_color_optical_frame,677,640,480,1,503.1,91.3,0.5721,-0.6197,0.01186,1,1,0.976,0.4330,0.1277,-0.1100,11.92,0.00,1791445930.712650,1,0,0.0
ds_live_1.0_20261008_165141,1791445930.672018,camera_color_optical_frame,678,640,480,1,503.0,91.4,0.5720,-0.6193,0.01184,1,1,0.988,0.4340,0.1280,-0.1102,12.69,0.00,1791445930.747284,1,0,0.0
ds_live_1.0_20261008_165141,1791445930.705375,camera_color_optical_frame,679,640,480,1,503.1,91.3,0.5721,-0.6196,0.01185,1,1,0.975,0.4360,0.1286,-0.1108,10.34,0.00,1791445930.776713,1,0,0.0
ds_live_1.0_20261008_165141,1791445930.738733,camera_color_optical_frame,680,640,480,1,503.2,91.1,0.5724,-0.6204,0.01185,1,1,0.965,0.4340,0.1281,-0.1104,12.57,0.00,1791445930.813488,1,0,0.0
ds_live_1.0_20261008_165141,1791445930.772090,camera_color_optical_frame,681,640,480,1,503.0,91.2,0.5719,-0.6200,0.01185,1,1,0.996,0.4340,0.1280,-0.1103,14.14,0.00,1791445930.849495,1,0,0.0
ds_live_1.0_20261008_165141,1791445930.805448,camera_color_optical_frame,682,640,480,1,503.1,91.3,0.5721,-0.6197,0.01183,1,1,0.981,0.4330,0.1277,-0.1100,14.14,0.00,1791445930.882734,1,0,0.0
ds_live_1.0_20261008_165141,1791445930.838806,camera_color_optical_frame,683,640,480,1,503.1,91.2,0.5720,-0.6201,0.01187,1,1,0.985,0.4350,0.1283,-0.1106,14.37,0.00,1791445930.916225,1,0,0.0
ds_live_1.0_20261008_165141,1791445930.872164,camera_color_optical_frame,684,640,480,1,503.1,91.2,0.5722,-0.6199,0.01187,1,1,0.976,0.4350,0.1283,-0.1105,12.62,0.00,1791445930.947405,1,0,0.0
ds_live_1.0_20261008_165141,1791445930.905522,camera_color_optical_frame,685,640,480,1,503.0,91.2,0.5719,-0.6199,0.01184,1,1,0.974,0.4350,0.1283,-0.1105,12.56,0.00,1791445930.979689,1,0,0.0
ds_live_1.0_20261008_165141,1791445930.938879,camera_color_optical_frame,686,640,480,1,503.1,91.2,0.5723,-0.6201,0.01187,1,1,0.985,0.4350,0.1284,-0.1106,11.83,0.00,1791445931.013136,1,0,0.0
ds_live_1.0_20261008_165141,1791445930.972237,camera_color_optical_frame,687,640,480,1,503.0,91.3,0.5720,-0.6195,0.01188,1,1,0.971,0.4350,0.1283,-0.1105,12.10,0.00,1791445931.046675,1,0,0.0
ds_live_1.0_20261008_165141,1791445931.005595,camera_color_optical_frame,688,640,480,1,503.1,91.3,0.5721,-0.6197,0.01185,1,1,0.979,0.4340,0.1280,-0.1102,12.52,0.00,1791445931.080552,1,0,0.0
ds_live_1.0_20261008_165141,1791445931.038953,camera_color_optical_frame,689,640,480,1,503.1,91.2,0.5722,-0.6201,0.01186,1,1,0.967,0.4340,0.1280,-0.1103,11.45,0.00,1791445931.111726,1,0,0.0
ds_live_1.0_20261008_165141,1791445931.072311,camera_color_optical_frame,690,640,480,1,503.2,91.1,0.5723,-0.6204,0.01183,1,1,0.963,0.4370,0.1290,-0.1111,10.73,0.00,1791445931.143983,1,0,0.0
ds_live_1.0_20261008_165141,1791445931.105669,camera_color_optical_frame,691,640,480,1,503.1,91.3,0.5721,-0.6198,0.01185,1,1,0.975,0.4360,0.1286,-0.1108,10.96,0.00,1791445931.178443,1,0,0.0
ds_live_1.0_20261008_165141,1791445931.139026,camera_color_optical_frame,692,640,480,1,503.0,91.3,0.5720,-0.6195,0.01187,1,1,0.984,0.4340,0.1280,-0.1102,12.13,0.00,1791445931.213444,1,0,0.0
ds_live_1.0_20261008_165141,1791445931.172384,camera_color_optical_frame,693,640,480,1,503.0,91.3,0.5719,-0.6194,0.01180,1,1,0.967,0.4350,0.1283,-0.1105,12.73,0.00,1791445931.247638,1,0,0.0
ds_live_1.0_20261008_165141,1791445931.205742,camera_color_optical_frame,694,640,480,1,503.0,91.3,0.5719,-0.6196,0.01188,1,1,0.969,0.4340,0.1280,-0.1102,13.45,0.00,1791445931.281782,1,0,0.0
ds_live_1.0_20261008_165141,1791445931.239100,camera_color_optical_frame,695,640,480,1,503.0,91.3,0.5720,-0.6197,0.01186,1,1,0.981,0.4330,0.1277,-0.1100,13.00,0.00,1791445931.313798,1,0,0.0
ds_live_1.0_20261008_165141,1791445931.272458,camera_color_optical_frame,696,640,480,1,503.1,91.2,0.5721,-0.6199,0.01186,1,1,0.969,0.4350,0.1283,-0.1105,12.15,0.00,1791445931.346224,1,0,0.0
ds_live_1.0_20261008_165141,1791445931.305815,camera_color_optical_frame,697,640,480,1,503.1,91.2,0.5723,-0.6202,0.01183,1,1,0.980,0.4340,0.1281,-0.1103,12.89,0.00,1791445931.381013,1,0,0.0
ds_live_1.0_20261008_165141,1791445931.339173,camera_color_optical_frame,698,640,480,1,503.1,91.2,0.5721,-0.6199,0.01185,1,1,0.967,0.4350,0.1283,-0.1105,11.97,0.00,1791445931.413357,1,0,0.0
ds_live_1.0_20261008_165141,1791445931.372531,camera_color_optical_frame,699,640,480,1,503.0,91.2,0.5720,-0.6200,0.01189,1,1,0.973,0.4350,0.1283,-0.1106,11.31,0.00,1791445931.446074,1,0,0.0
ds_live_1.0_20261008_165141,1791445931.405889,camera_color_optical_frame,700,640,480,1,503.1,91.2,0.5721,-0.6199,0.01188,1,1,0.980,0.4350,0.1283,-0.1105,13.14,0.00,1791445931.481736,1,0,0.0
ds_live_1.0_20261008_165141,1791445931.439247,camera_color_optical_frame,701,640,480,1,503.2,91.1,0.5724,-0.6202,0.01184,1,1,0.990,0.4340,0.1281,-0.1103,11.39,0.00,1791445931.513493,1,0,0.0
ds_live_1.0_20261008_165141,1791445931.472604,camera_color_optical_frame,702,640,480,1,503.2,91.2,0.5724,-0.6202,0.01183,1,1,0.966,0.4360,0.1287,-0.1108,12.01,0.00,1791445931.548483,1,0,0.0
ds_live_1.0_20261008_165141,1791445931.505962,camera_color_optical_frame,703,640,480,1,503.2,91.2,0.5725,-0.6201,0.01182,1,1,0.964,0.4360,0.1287,-0.1108,12.78,0.00,1791445931.583285,1,0,0.0
ds_live_1.0_20261008_165141,1791445931.539320,camera_color_optical_frame,704,640,480,1,503.1,91.3,0.5721,-0.6196,0.01186,1,1,0.981,0.4340,0.1280,-0.1102,12.36,0.00,1791445931.616476,1,0,0.0
ds_live_1.0_20261008_165141,1791445931.572678,camera_color_optical_frame,705,640,480,1,503.0,91.3,0.5720,-0.6198,0.01181,1,1,0.982,0.4350,0.1283,-0.1105,12.36,0.00,1791445931.649452,1,0,0.0
ds_live_1.0_20261008_165141,1791445931.606036,camera_color_optical_frame,706,640,480,1,503.1,91.2,0.5723,-0.6200,0.01182,1,1,0.986,0.4350,0.1283,-0.1106,11.56,0.00,1791445931.681061,1,0,0.0
ds_live_1.0_20261008_165141,1791445931.639393,camera_color_optical_frame,707,640,480,1,503.1,91.3,0.5721,-0.6197,0.01187,1,1,0.970,0.4350,0.1283,-0.1105,11.50,0.00,1791445931.714146,1,0,0.0
ds_live_1.0_20261008_165141,1791445931.672751,camera_color_optical_frame,708,640,480,1,503.1,91.2,0.5721,-0.6200,0.01185,1,1,0.969,0.4340,0.1280,-0.1103,11.66,0.00,1791445931.747962,1,0,0.0
ds_live_1.0_20261008_165141,1791445931.706109,camera_color_optical_frame,709,640,480,1,503.2,91.1,0.5724,-0.6203,0.01184,1,1,0.983,0.4340,0.1281,-0.1103,12.75,0.00,1791445931.782547,1,0,0.0
ds_live_1.0_20261008_165141,1791445931.739466,camera_color_optical_frame,710,640,480,1,503.1,91.2,0.5721,-0.6199,0.01185,1,1,0.973,0.4350,0.1283,-0.1105,12.34,0.00,1791445931.815895,1,0,0.0
ds_live_1.0_20261008_165141,1791445931.772823,camera_color_optical_frame,711,640,480,1,503.0,91.2,0.5720,-0.6199,0.01187,1,1,0.986,0.4340,0.1280,-0.1103,13.12,0.00,1791445931.848635,1,0,0.0
ds_live_1.0_20261008_165141,1791445931.806180,camera_color_optical_frame,712,640,480,1,503.1,91.2,0.5721,-0.6198,0.01184,1,1,0.967,0.4350,0.1283,-0.1105,10.72,0.00,1791445931.879378,1,0,0.0
ds_live_1.0_20261008_165141,1791445931.839537,camera_color_optical_frame,713,640,480,1,503.0,91.3,0.5719,-0.6195,0.01187,1,1,0.983,0.4350,0.1283,-0.1105,11.78,0.00,1791445931.914980,1,0,0.0
ds_live_1.0_20261008_165141,1791445931.872894,camera_color_optical_frame,714,640,480,1,503.1,91.2,0.5721,-0.6199,0.01187,1,1,0.987,0.4350,0.1283,-0.1105,12.54,0.00,1791445931.949602,1,0,0.0
ds_live_1.0_20261008_165141,1791445931.906251,camera_color_optical_frame,715,640,480,1,503.1,91.2,0.5722,-0.6200,0.01181,1,1,0.979,0.4340,0.1280,-0.1103,12.94,0.00,1791445931.983382,1,0,0.0
ds_live_1.0_20261008_165141,1791445931.939608,camera_color_optical_frame,716,640,480,1,503.1,91.2,0.5721,-0.6199,0.01184,1,1,0.956,0.4340,0.1280,-0.1103,12.82,0.00,1791445932.016941,1,0,0.0
ds_live_1.0_20261008_165141,1791445931.972965,camera_color_optical_frame,717,640,480,1,503.1,91.2,0.5723,-0.6201,0.01189,1,1,0.966,0.4350,0.1284,-0.1106,13.11,0.00,1791445932.049933,1,0,0.0
ds_live_1.0_20261008_165141,1791445932.006322,camera_color_optical_frame,718,640,480,1,503.0,91.3,0.5719,-0.6195,0.01188,1,1,0.984,0.4350,0.1283,-0.1105,11.85,0.00,1791445932.081841,1,0,0.0
ds_live_1.0_20261008_165141,1791445932.039679,camera_color_optical_frame,719,640,480,1,503.0,91.2,0.5720,-0.6200,0.01184,1,1,0.986,0.4340,0.1280,-0.1103,12.53,0.00,1791445932.116390,1,0,0.0
ds_live_1.0_20261008_165141,1791445932.073036,camera_color_optical_frame,720,640,480,1,503.1,91.2,0.5722,-0.6199,0.01186,1,1,0.979,0.4340,0.1280,-0.1103,11.37,0.00,1791445932.148237,1,0,0.0
ds_live_1.0_20261008_165141,1791445932.106393,camera_color_optical_frame,721,640,480,1,503.1,91.1,0.5721,-0.6204,0.01186,1,1,0.965,0.4340,0.1280,-0.1104,12.15,0.00,1791445932.182327,1,0,0.0
ds_live_1.0_20261008_165141,1791445932.139750,camera_color_optical_frame,722,640,480,1,503.1,91.2,0.5720,-0.6200,0.01187,1,1,0.974,0.4350,0.1283,-0.1106,11.97,0.00,1791445932.214589,1,0,0.0
ds_live_1.0_20261008_165141,1791445932.173107,camera_color_optical_frame,723,640,480,1,503.0,91.3,0.5719,-0.6195,0.01188,1,1,0.973,0.4350,0.1283,-0.1105,10.50,0.00,1791445932.245990,1,0,0.0
ds_live_1.0_20261008_165141,1791445932.206464,camera_color_optical_frame,724,640,480,1,503.0,91.3,0.5719,-0.6198,0.01189,1,1,0.967,0.4360,0.1286,-0.1108,11.58,0.00,1791445932.281658,1,0,0.0
ds_live_1.0_20261008_165141,1791445932.239821,camera_color_optical_frame,725,640,480,1,503.1,91.2,0.5721,-0.6198,0.01191,1,1,0.956,0.4370,0.1289,-0.1110,12.63,0.00,1791445932.316581,1,0,0.0
ds_live_1.0_20261008_165141,1791445932.273178,camera_color_optical_frame,726,640,480,1,503.1,91.3,0.5720,-0.6198,0.01188,1,1,0.971,0.4340,0.1280,-0.1103,12.59,0.00,1791445932.350207,1,0,0.0
ds_live_1.0_20261008_165141,1791445932.306535,camera_color_optical_frame,727,640,480,1,503.1,91.2,0.5723,-0.6201,0.01183,1,1,0.976,0.4350,0.1284,-0.1106,12.20,0.00,1791445932.383132,1,0,0.0
ds_live_1.0_20261008_165141,1791445932.339892,camera_color_optical_frame,728,640,480,1,503.2,91.2,0.5724,-0.6201,0.01183,1,1,0.975,0.4350,0.1284,-0.1106,11.86,0.00,1791445932.415109,1,0,0.0
ds_live_1.0_20261008_165141,1791445932.373249,camera_color_optical_frame,729,640,480,1,503.0,91.3,0.5719,-0.6198,0.01188,1,1,0.984,0.4360,0.1285,-0.1108,11.62,0.00,1791445932.448070,1,0,0.0
ds_live_1.0_20261008_165141,1791445932.406606,camera_color_optical_frame,730,640,480,1,503.1,91.3,0.5720,-0.6194,0.01188,1,1,0.979,0.4350,0.1283,-0.1105,12.44,0.00,1791445932.482591,1,0,0.0
ds_live_1.0_20261008_165141,1791445932.439963,camera_color_optical_frame,731,640,480,1,503.0,91.3,0.5720,-0.6198,0.01188,1,1,0.987,0.4350,0.1283,-0.1105,12.47,0.00,1791445932.516565,1,0,0.0
ds_live_1.0_20261008_165141,1791445932.473320,camera_color_optical_frame,732,640,480,1,503.1,91.3,0.5721,-0.6197,0.01188,1,1,0.964,0.4360,0.1286,-0.1108,13.07,0.00,1791445932.550357,1,0,0.0
ds_live_1.0_20261008_165141,1791445932.506677,camera_color_optical_frame,733,640,480,1,503.0,91.3,0.5718,-0.6197,0.01189,1,1,0.972,0.4350,0.1282,-0.1105,11.92,0.00,1791445932.581498,1,0,0.0
ds_live_1.0_20261008_165141,1791445932.540035,camera_color_optical_frame,734,640,480,1,503.1,91.3,0.5720,-0.6197,0.01188,1,1,0.977,0.4370,0.1289,-0.1110,10.77,0.00,1791445932.613057,1,0,0.0
ds_live_1.0_20261008_165141,1791445932.573391,camera_color_optical_frame,735,640,480,1,503.0,91.3,0.5720,-0.6196,0.01187,1,1,0.980,0.4360,0.1286,-0.1108,12.48,0.00,1791445932.649783,1,0,0.0
ds_live_1.0_20261008_165141,1791445932.606749,camera_color_optical_frame,736,640,480,1,503.1,91.1,0.5723,-0.6203,0.01182,1,1,0.964,0.4350,0.1284,-0.1106,12.96,0.00,1791445932.683996,1,0,0.0
ds_live_1.0_20261008_165141,1791445932.640105,camera_color_optical_frame,737,640,480,1,503.2,91.3,0.5724,-0.6198,0.01185,1,1,0.987,0.4340,0.1281,-0.1103,12.18,0.00,1791445932.717261,1,0,0.0
ds_live_1.0_20261008_165141,1791445932.673462,camera_color_optical_frame,738,640,480,1,503.1,91.1,0.5722,-0.6205,0.01181,1,1,0.971,0.4370,0.1289,-0.1112,12.98,0.00,1791445932.751240,1,0,0.0
ds_live_1.0_20261008_165141,1791445932.706820,camera_color_optical_frame,739,640,480,1,503.0,91.2,0.5720,-0.6201,0.01181,1,1,0.981,0.4360,0.1286,-0.1108,11.79,0.00,1791445932.781032,1,0,0.0
ds_live_1.0_20261008_165141,1791445932.740177,camera_color_optical_frame,740,640,480,1,503.2,91.1,0.5725,-0.6203,0.01183,1,1,0.969,0.4370,0.1290,-0.1111,10.83,0.00,1791445932.812677,1,0,0.0
ds_live_1.0_20261008_165141,1791445932.773535,camera_color_optical_frame,741,640,480,1,503.1,91.2,0.5721,-0.6199,0.01185,1,1,0.980,0.4370,0.1289,-0.1111,11.90,0.00,1791445932.848413,1,0,0.0
ds_live_1.0_20261008_165141,1791445932.806893,camera_color_optical_frame,742,640,480,1,503.1,91.1,0.5722,-0.6205,0.01177,1,1,0.990,0.4340,0.1280,-0.1104,10.54,0.00,1791445932.879458,1,0,0.0
ds_live_1.0_20261008_165141,1791445932.840250,camera_color_optical_frame,743,640,480,1,503.0,91.3,0.5720,-0.6196,0.01187,1,1,0.984,0.4350,0.1283,-0.1105,11.57,0.00,1791445932.913899,1,0,0.0
ds_live_1.0_20261008_165141,1791445932.873609,camera_color_optical_frame,744,640,480,1,503.1,91.1,0.5722,-0.6204,0.01186,1,1,0.972,0.4350,0.1283,-0.1106,12.84,0.00,1791445932.947963,1,0,0.0
ds_live_1.0_20261008_165141,1791445932.906966,camera_color_optical_frame,745,640,480,1,503.0,91.3,0.5718,-0.6196,0.01182,1,1,0.976,0.4350,0.1282,-0.1105,11.84,0.00,1791445932.980282,1,0,0.0
ds_live_1.0_20261008_165141,1791445932.940324,camera_color_optical_frame,746,640,480,1,503.1,91.1,0.5722,-0.6204,0.01186,1,1,0.966,0.4360,0.1286,-0.1109,13.40,0.00,1791445933.016721,1,0,0.0
ds_live_1.0_20261008_165141,1791445932.973682,camera_color_optical_frame,747,640,480,1,503.1,91.2,0.5723,-0.6199,0.01186,1,1,0.964,0.4350,0.1283,-0.1105,13.67,0.00,1791445933.050233,1,0,0.0
ds_live_1.0_20261008_165141,1791445933.007040,camera_color_optical_frame,748,640,480,1,503.1,91.3,0.5722,-0.6197,0.01184,1,1,0.988,0.4340,0.1280,-0.1103,12.95,0.00,1791445933.082768,1,0,0.0
ds_live_1.0_20261008_165141,1791445933.040398,camera_color_optical_frame,749,640,480,1,503.1,91.2,0.5722,-0.6200,0.01183,1,1,0.976,0.4360,0.1286,-0.1108,12.80,0.00,1791445933.115686,1,0,0.0
ds_live_1.0_20261008_165141,1791445933.073756,camera_color_optical_frame,750,640,480,1,503.1,91.3,0.5721,-0.6198,0.01185,1,1,0.975,0.4350,0.1283,-0.1105,12.92,0.00,1791445933.148514,1,0,0.0
ds_live_1.0_20261008_165141,1791445933.107113,camera_color_optical_frame,751,640,480,1,503.1,91.2,0.5722,-0.6199,0.01185,1,1,0.971,0.4350,0.1283,-0.1105,13.17,0.00,1791445933.182110,1,0,0.0
ds_live_1.0_20261008_165141,1791445933.140471,camera_color_optical_frame,752,640,480,1,503.1,91.2,0.5721,-0.6200,0.01186,1,1,0.984,0.4350,0.1283,-0.1106,14.33,0.00,1791445933.217315,1,0,0.0
ds_live_1.0_20261008_165141,1791445933.173829,camera_color_optical_frame,753,640,480,1,503.1,91.3,0.5720,-0.6195,0.01186,1,1,0.977,0.4350,0.1283,-0.1105,14.22,0.00,1791445933.250458,1,0,0.0
ds_live_1.0_20261008_165141,1791445933.207187,camera_color_optical_frame,754,640,480,1,503.1,91.2,0.5723,-0.6202,0.01183,1,1,0.973,0.4360,0.1286,-0.1108,14.33,0.00,1791445933.283937,1,0,0.0
ds_live_1.0_20261008_165141,1791445933.240545,camera_color_optical_frame,755,640,480,1,503.1,91.2,0.5721,-0.6198,0.01189,1,1,0.978,0.4360,0.1286,-0.1108,11.79,0.00,1791445933.313569,1,0,0.0
ds_live_1.0_20261008_165141,1791445933.273903,camera_color_optical_frame,756,640,480,1,503.1,91.3,0.5721,-0.6198,0.01185,1,1,0.988,0.4350,0.1283,-0.1105,11.34,0.00,1791445933.346504,1,0,0.0
ds_live_1.0_20261008_165141,1791445933.307261,camera_color_optical_frame,757,640,480,1,503.1,91.2,0.5722,-0.6199,0.01187,1,1,0.969,0.4360,0.1286,-0.1108,12.09,0.00,1791445933.381532,1,0,0.0
ds_live_1.0_20261008_165141,1791445933.340619,camera_color_optical_frame,758,640,480,1,503.1,91.3,0.5721,-0.6198,0.01188,1,1,0.970,0.4350,0.1283,-0.1105,12.08,0.00,1791445933.415131,1,0,0.0
ds_live_1.0_20261008_165141,1791445933.373977,camera_color_optical_frame,759,640,480,1,503.1,91.2,0.5722,-0.6199,0.01184,1,1,0.993,0.4350,0.1283,-0.1105,12.22,0.00,1791445933.449062,1,0,0.0
ds_live_1.0_20261008_165141,1791445933.407335,camera_color_optical_frame,760,640,480,1,503.1,91.2,0.5721,-0.6201,0.01186,1,1,0.976,0.4350,0.1283,-0.1106,13.75,0.00,1791445933.483533,1,0,0.0
ds_live_1.0_20261008_165141,1791445933.440693,camera_color_optical_frame,761,640,480,1,503.0,91.3,0.5719,-0.6197,0.01187,1,1,0.963,0.4350,0.1283,-0.1105,12.90,0.00,1791445933.515444,1,0,0.0
ds_live_1.0_20261008_165141,1791445933.474051,camera_color_optical_frame,762,640,480,1,503.0,91.3,0.5720,-0.6197,0.01187,1,1,0.956,0.4370,0.1289,-0.1110,11.01,0.00,1791445933.546713,1,0,0.0
ds_live_1.0_20261008_165141,1791445933.507408,camera_color_optical_frame,763,640,480,1,503.1,91.2,0.5723,-0.6201,0.01184,1,1,0.979,0.4360,0.1287,-0.1108,12.51,0.00,1791445933.581990,1,0,0.0
ds_live_1.0_20261008_165141,1791445933.540766,camera_color_optical_frame,764,640,480,1,503.1,91.2,0.5723,-0.6200,0.01186,1,1,0.961,0.4350,0.1284,-0.1106,12.94,0.00,1791445933.615784,1,0,0.0
ds_live_1.0_20261008_165141,1791445933.574124,camera_color_optical_frame,765,640,480,1,503.0,91.2,0.5720,-0.6201,0.01187,1,1,0.964,0.4350,0.1283,-0.1106,12.82,0.00,1791445933.648971,1,0,0.0
ds_live_1.0_20261008_165141,1791445933.607482,camera_color_optical_frame,766,640,480,1,503.0,91.3,0.5719,-0.6198,0.01184,1,1,0.968,0.4340,0.1280,-0.1103,12.37,0.00,1791445933.680771,1,0,0.0
ds_live_1.0_20261008_165141,1791445933.640840,camera_color_optical_frame,767,640,480,1,503.1,91.2,0.5721,-0.6201,0.01186,1,1,0.986,0.4340,0.1280,-0.1103,9.50,0.00,1791445933.711292,1,0,0.0
ds_live_1.0_20261008_165141,1791445933.674198,camera_color_optical_frame,768,640,480,1,503.1,91.2,0.5721,-0.6199,0.01188,1,1,0.970,0.4360,0.1286,-0.1108,12.06,0.00,1791445933.748630,1,0,0.0
ds_live_1.0_20261008_165141,1791445933.707556,camera_color_optical_frame,769,640,480,1,503.1,91.2,0.5721,-0.6199,0.01187,1,1,0.967,0.4350,0.1283,-0.1105,13.74,0.00,1791445933.784057,1,0,0.0
ds_live_1.0_20261008_165141,1791445933.740914,camera_color_optical_frame,770,640,480,1,503.1,91.2,0.5722,-0.6199,0.01181,1,1,0.963,0.4370,0.1289,-0.1111,12.14,0.00,1791445933.815617,1,0,0.0
ds_live_1.0_20261008_165141,1791445933.774272,camera_color_optical_frame,771,640,480,1,503.2,91.1,0.5724,-0.6203,0.01181,1,1,0.977,0.4360,0.1287,-0.1109,13.67,0.00,1791445933.850685,1,0,0.0
ds_live_1.0_20261008_165141,1791445933.807630,camera_color_optical_frame,772,640,480,1,503.1,91.2,0.5722,-0.6200,0.01185,1,1,0.981,0.4370,0.1289,-0.1111,12.52,0.00,1791445933.881680,1,0,0.0
ds_live_1.0_20261008_165141,1791445933.840988,camera_color_optical_frame,773,640,480,1,503.1,91.2,0.5722,-0.6199,0.01187,1,1,0.983,0.4340,0.1280,-0.1103,12.68,0.00,1791445933.915481,1,0,0.0
ds_live_1.0_20261008_165141,1791445933.874346,camera_color_optical_frame,774,640,480,1,503.0,91.2,0.5720,-0.6199,0.01188,1,1,0.981,0.4360,0.1286,-0.1108,11.61,0.00,1791445933.948068,1,0,0.0
ds_live_1.0_20261008_165141,1791445933.907703,camera_color_optical_frame,775,640,480,1,503.0,91.3,0.5719,-0.6194,0.01188,1,1,0.971,0.4350,0.1283,-0.1105,12.32,0.00,1791445933.982486,1,0,0.0
ds_live_1.0_20261008_165141,1791445933.941062,camera_color_optical_frame,776,640,480,1,503.2,91.2,0.5724,-0.6201,0.01184,1,1,0.984,0.4360,0.1287,-0.1108,12.04,0.00,1791445934.015179,1,0,0.0
ds_live_1.0_20261008_165141,1791445933.974420,camera_color_optical_frame,777,640,480,1,503.1,91.3,0.5721,-0.6197,0.01187,1,1,0.968,0.4350,0.1283,-0.1105,12.60,0.00,1791445934.048736,1,0,0.0
ds_live_1.0_20261008_165141,1791445934.007777,camera_color_optical_frame,778,640,480,1,503.1,91.1,0.5723,-0.6203,0.01185,1,1,0.981,0.4350,0.1284,-0.1106,10.83,0.00,1791445934.079478,1,0,0.0
ds_live_1.0_20261008_165141,1791445934.041136,camera_color_optical_frame,779,640,480,1,503.0,91.3,0.5720,-0.6197,0.01185,1,1,0.985,0.4350,0.1283,-0.1105,13.94,0.00,1791445934.117772,1,0,0.0
ds_live_1.0_20261008_165141,1791445934.074493,camera_color_optical_frame,780,640,480,1,503.1,91.1,0.5721,-0.6203,0.01182,1,1,0.976,0.4350,0.1283,-0.1106,14.06,0.00,1791445934.151432,1,0,0.0
ds_live_1.0_20261008_165141,1791445934.107851,camera_color_optical_frame,781,640,480,1,503.0,91.3,0.5720,-0.6196,0.01185,1,1,0.993,0.4350,0.1283,-0.1105,12.86,0.00,1791445934.183591,1,0,0.0
ds_live_1.0_20261008_165141,1791445934.141209,camera_color_optical_frame,782,640,480,1,503.1,91.2,0.5722,-0.6198,0.01184,1,1,0.986,0.4360,0.1286,-0.1108,13.72,0.00,1791445934.217700,1,0,0.0
ds_live_1.0_20261008_165141,1791445934.174567,camera_color_optical_frame,783,640,480,1,503.1,91.1,0.5723,-0.6203,0.01181,1,1,0.991,0.4360,0.1286,-0.1109,12.38,0.00,1791445934.248901,1,0,0.0
ds_live_1.0_20261008_165141,1791445934.207925,camera_color_optical_frame,784,640,480,1,503.1,91.3,0.5722,-0.6197,0.01184,1,1,0.966,0.4360,0.1286,-0.1108,11.38,0.00,1791445934.280782,1,0,0.0
ds_live_1.0_20261008_165141,1791445934.241283,camera_color_optical_frame,785,640,480,1,503.0,91.3,0.5720,-0.6198,0.01186,1,1,0.983,0.4360,0.1286,-0.1108,11.93,0.00,1791445934.315410,1,0,0.0
ds_live_1.0_20261008_165141,1791445934.274641,camera_color_optical_frame,786,640,480,1,503.1,91.1,0.5723,-0.6204,0.01181,1,1,0.991,0.4340,0.1281,-0.1104,12.50,0.00,1791445934.349129,1,0,0.0
ds_live_1.0_20261008_165141,1791445934.307999,camera_color_optical_frame,787,640,480,1,503.0,91.2,0.5720,-0.6199,0.01185,1,1,0.970,0.4350,0.1283,-0.1105,12.34,0.00,1791445934.382962,1,0,0.0
ds_live_1.0_20261008_165141,1791445934.341357,camera_color_optical_frame,788,640,480,1,503.1,91.1,0.5722,-0.6203,0.01184,1,1,0.980,0.4340,0.1280,-0.1103,11.32,0.00,1791445934.413786,1,0,0.0
ds_live_1.0_20261008_165141,1791445934.374715,camera_color_optical_frame,789,640,480,1,503.0,91.3,0.5719,-0.6197,0.01182,1,1,0.978,0.4340,0.1280,-0.1102,10.96,0.00,1791445934.446908,1,0,0.0
ds_live_1.0_20261008_165141,1791445934.408073,camera_color_optical_frame,790,640,480,1,503.0,91.2,0.5719,-0.6199,0.01186,1,1,0.974,0.4350,0.1283,-0.1106,14.57,0.00,1791445934.485544,1,0,0.0
ds_live_1.0_20261008_165141,1791445934.441431,camera_color_optical_frame,791,640,480,1,503.1,91.3,0.5721,-0.6196,0.01187,1,1,0.977,0.4350,0.1283,-0.1105,14.33,0.00,1791445934.518948,1,0,0.0
ds_live_1.0_20261008_165141,1791445934.474789,camera_color_optical_frame,792,640,480,1,503.0,91.2,0.5720,-0.6200,0.01187,1,1,0.984,0.4360,0.1286,-0.1108,13.96,0.00,1791445934.552033,1,0,0.0
ds_live_1.0_20261008_165141,1791445934.508147,camera_color_optical_frame,793,640,480,1,503.0,91.3,0.5720,-0.6197,0.01189,1,1,0.977,0.4350,0.1283,-0.1105,14.09,0.00,1791445934.585504,1,0,0.0
ds_live_1.0_20261008_165141,1791445934.541505,camera_color_optical_frame,794,640,480,1,503.1,91.3,0.5721,-0.6197,0.01188,1,1,0.981,0.4340,0.1280,-0.1103,14.40,0.00,1791445934.618122,1,0,0.0
ds_live_1.0_20261008_165141,1791445934.574863,camera_color_optical_frame,795,640,480,1,503.0,91.2,0.5720,-0.6199,0.01187,1,1,0.980,0.4360,0.1286,-0.1108,14.65,0.00,1791445934.651168,1,0,0.0
ds_live_1.0_20261008_165141,1791445934.608221,camera_color_optical_frame,796,640,480,1,503.2,91.1,0.5724,-0.6203,0.01185,1,1,0.961,0.4370,0.1290,-0.1111,14.35,0.00,1791445934.685139,1,0,0.0
ds_live_1.0_20261008_165141,1791445934.641579,camera_color_optical_frame,797,640,480,1,503.0,91.2,0.5720,-0.6199,0.01188,1,1,0.987,0.4340,0.1280,-0.1103,14.24,0.00,1791445934.718420,1,0,0.0
ds_live_1.0_20261008_165141,1791445934.674937,camera_color_optical_frame,798,640,480,1,503.1,91.2,0.5721,-0.6198,0.01182,1,1,0.973,0.4350,0.1283,-0.1105,14.44,0.00,1791445934.751940,1,0,0.0
ds_live_1.0_20261008_165141,1791445934.708295,camera_color_optical_frame,799,640,480,1,503.1,91.4,0.5721,-0.6193,0.01187,1,1,0.976,0.4360,0.1286,-0.1107,14.41,0.00,1791445934.784714,1,0,0.0
ds_live_1.0_20261008_165141,1791445934.741652,camera_color_optical_frame,800,640,480,1,503.1,91.3,0.5720,-0.6196,0.01188,1,1,0.969,0.4370,0.1289,-0.1110,14.84,0.00,1791445934.817898,1,0,0.0
ds_live_1.0_20261008_165141,1791445934.775008,camera_color_optical_frame,801,640,480,1,503.2,91.2,0.5724,-0.6199,0.01182,1,1,0.968,0.4340,0.1281,-0.1103,14.21,0.00,1791445934.851727,1,0,0.0
ds_live_1.0_20261008_165141,1791445934.808365,camera_color_optical_frame,802,640,480,1,503.1,91.1,0.5722,-0.6205,0.01183,1,1,0.972,0.4370,0.1289,-0.1111,13.87,0.00,1791445934.884774,1,0,0.0
ds_live_1.0_20261008_165141,1791445934.841722,camera_color_optical_frame,803,640,480,1,503.1,91.3,0.5721,-0.6197,0.01185,1,1,0.988,0.4340,0.1280,-0.1103,12.47,0.00,1791445934.916616,1,0,0.0
ds_live_1.0_20261008_165141,1791445934.875078,camera_color_optical_frame,804,640,480,1,503.0,91.3,0.5720,-0.6198,0.01187,1,1,0.970,0.4350,0.1283,-0.1105,13.87,0.00,1791445934.951717,1,0,0.0
ds_live_1.0_20261008_165141,1791445934.908435,camera_color_optical_frame,805,640,480,1,503.1,91.3,0.5721,-0.6195,0.01183,1,1,0.968,0.4360,0.1286,-0.1107,12.70,0.00,1791445934.982712,1,0,0.0
ds_live_1.0_20261008_165141,1791445934.941791,camera_color_optical_frame,806,640,480,1,503.1,91.1,0.5722,-0.6204,0.01179,1,1,0.976,0.4340,0.1280,-0.1104,14.44,0.00,1791445935.018122,1,0,0.0
ds_live_1.0_20261008_165141,1791445934.975148,camera_color_optical_frame,807,640,480,1,503.0,91.2,0.5720,-0.6198,0.01185,1,1,0.987,0.4360,0.1286,-0.1108,14.17,0.00,1791445935.052059,1,0,0.0
ds_live_1.0_20261008_165141,1791445935.008505,camera_color_optical_frame,808,640,480,1,503.1,91.2,0.5722,-0.6199,0.01187,1,1,0.983,0.4360,0.1286,-0.1108,12.02,0.00,1791445935.083498,1,0,0.0
ds_live_1.0_20261008_165141,1791445935.041862,camera_color_optical_frame,809,640,480,1,503.0,91.2,0.5720,-0.6198,0.01184,1,1,0.987,0.4360,0.1286,-0.1108,13.11,0.00,1791445935.118543,1,0,0.0
ds_live_1.0_20261008_165141,1791445935.075218,camera_color_optical_frame,810,640,480,1,503.0,91.3,0.5720,-0.6198,0.01187,1,1,0.959,0.4360,0.1286,-0.1108,10.92,0.00,1791445935.147463,1,0,0.0
ds_live_1.0_20261008_165141,1791445935.108575,camera_color_optical_frame,811,640,480,1,503.2,91.2,0.5724,-0.6200,0.01178,1,1,0.972,0.4360,0.1287,-0.1108,12.63,0.00,1791445935.182749,1,0,0.0
ds_live_1.0_20261008_165141,1791445935.141932,camera_color_optical_frame,812,640,480,1,503.1,91.2,0.5720,-0.6199,0.01186,1,1,0.972,0.4370,0.1289,-0.1111,12.19,0.00,1791445935.216713,1,0,0.0
ds_live_1.0_20261008_165141,1791445935.175288,camera_color_optical_frame,813,640,480,1,503.1,91.1,0.5722,-0.6202,0.01187,1,1,0.972,0.4350,0.1283,-0.1106,13.70,0.00,1791445935.251757,1,0,0.0
ds_live_1.0_20261008_165141,1791445935.208645,camera_color_optical_frame,814,640,480,1,503.0,91.3,0.5720,-0.6195,0.01186,1,1,0.965,0.4350,0.1283,-0.1105,13.13,0.00,1791445935.284577,1,0,0.0
ds_live_1.0_20261008_165141,1791445935.242001,camera_color_optical_frame,815,640,480,1,503.2,91.2,0.5724,-0.6201,0.01188,1,1,0.978,0.4360,0.1287,-0.1108,12.28,0.00,1791445935.316925,1,0,0.0
ds_live_1.0_20261008_165141,1791445935.275358,camera_color_optical_frame,816,640,480,1,503.1,91.2,0.5723,-0.6200,0.01187,1,1,0.993,0.4350,0.1283,-0.1106,14.50,0.00,1791445935.351831,1,0,0.0
ds_live_1.0_20261008_165141,1791445935.308715,camera_color_optical_frame,817,640,480,1,503.1,91.3,0.5721,-0.6195,0.01186,1,1,0.990,0.4360,0.1286,-0.1107,14.51,0.00,1791445935.384984,1,0,0.0
ds_live_1.0_20261008_165141,1791445935.342071,camera_color_optical_frame,818,640,480,1,503.1,91.2,0.5721,-0.6199,0.01188,1,1,0.977,0.4350,0.1283,-0.1105,13.95,0.00,1791445935.418550,1,0,0.0
ds_live_1.0_20261008_165141,1791445935.375428,camera_color_optical_frame,819,640,480,1,503.0,91.2,0.5720,-0.6200,0.01186,1,1,0.967,0.4350,0.1283,-0.1106,13.94,0.00,1791445935.451719,1,0,0.0
ds_live_1.0_20261008_165141,1791445935.408784,camera_color_optical_frame,820,640,480,1,503.0,91.3,0.5720,-0.6196,0.01185,1,1,0.966,0.4340,0.1280,-0.1102,14.17,0.00,1791445935.485230,1,0,0.0
ds_live_1.0_20261008_165141,1791445935.442141,camera_color_optical_frame,821,640,480,1,503.1,91.3,0.5720,-0.6197,0.01188,1,1,0.980,0.4350,0.1283,-0.1105,10.98,0.00,1791445935.514391,1,0,0.0
ds_live_1.0_20261008_165141,1791445935.475498,camera_color_optical_frame,822,640,480,1,503.1,91.2,0.5721,-0.6199,0.01186,1,1,0.946,0.4360,0.1286,-0.1108,12.13,0.00,1791445935.548877,1,0,0.0
ds_live_1.0_20261008_165141,1791445935.508855,camera_color_optical_frame,823,640,480,1,503.0,91.2,0.5720,-0.6199,0.01185,1,1,0.979,0.4340,0.1280,-0.1103,13.19,0.00,1791445935.584412,1,0,0.0
ds_live_1.0_20261008_165141,1791445935.542211,camera_color_optical_frame,824,640,480,1,503.1,91.2,0.5722,-0.6199,0.01185,1,1,0.987,0.4350,0.1283,-0.1105,12.85,0.00,1791445935.617760,1,0,0.0
ds_live_1.0_20261008_165141,1791445935.575568,camera_color_optical_frame,825,640,480,1,503.1,91.1,0.5722,-0.6203,0.01183,1,1,0.980,0.4360,0.1286,-0.1109,12.57,0.00,1791445935.650584,1,0,0.0
ds_live_1.0_20261008_165141,1791445935.608925,camera_color_optical_frame,826,640,480,1,503.1,91.2,0.5723,-0.6200,0.01185,1,1,0.973,0.4360,0.1287,-0.1108,13.62,0.00,1791445935.685490,1,0,0.0
ds_live_1.0_20261008_165141,1791445935.642281,camera_color_optical_frame,827,640,480,1,503.1,91.2,0.5721,-0.6198,0.01184,1,1,0.968,0.4350,0.1283,-0.1105,13.41,0.00,1791445935.717791,1,0,0.0
ds_live_1.0_20261008_165141,1791445935.675638,camera_color_optical_frame,828,640,480,1,503.1,91.2,0.5721,-0.6201,0.01185,1,1,0.976,0.4360,0.1286,-0.1108,10.50,0.00,1791445935.747759,1,0,0.0
ds_live_1.0_20261008_165141,1791445935.708994,camera_color_optical_frame,829,640,480,1,503.0,91.3,0.5720,-0.6197,0.01189,1,1,0.982,0.4350,0.1283,-0.1105,14.07,0.00,1791445935.785368,1,0,0.0
ds_live_1.0_20261008_165141,1791445935.742351,camera_color_optical_frame,830,640,480,1,503.1,91.2,0.5720,-0.6200,0.01189,1,1,0.993,0.4350,0.1283,-0.1106,14.18,0.00,1791445935.818829,1,0,0.0
ds_live_1.0_20261008_165141,1791445935.775707,camera_color_optical_frame,831,640,480,1,503.0,91.2,0.5720,-0.6200,0.01186,1,1,0.968,0.4360,0.1286,-0.1108,14.11,0.00,1791445935.852110,1,0,0.0
ds_live_1.0_20261008_165141,1791445935.809063,camera_color_optical_frame,832,640,480,1,503.1,91.2,0.5722,-0.6199,0.01184,1,1,0.980,0.4360,0.1286,-0.1108,13.01,0.00,1791445935.883413,1,0,0.0
ds_live_1.0_20261008_165141,1791445935.842420,camera_color_optical_frame,833,640,480,1,503.0,91.3,0.5720,-0.6197,0.01188,1,1,0.971,0.4360,0.1286,-0.1108,13.50,0.00,1791445935.917154,1,0,0.0
ds_live_1.0_20261008_165141,1791445935.875776,camera_color_optical_frame,834,640,480,1,503.1,91.3,0.5721,-0.6197,0.01187,1,1,0.980,0.4350,0.1283,-0.1105,13.98,0.00,1791445935.952392,1,0,0.0
ds_live_1.0_20261008_165141,1791445935.909133,camera_color_optical_frame,835,640,480,1,503.2,91.1,0.5724,-0.6203,0.01181,1,1,0.966,0.4370,0.1290,-0.1111,14.14,0.00,1791445935.986168,1,0,0.0
ds_live_1.0_20261008_165141,1791445935.942489,camera_color_optical_frame,836,640,480,1,503.1,91.3,0.5721,-0.6197,0.01189,1,1,0.973,0.4350,0.1283,-0.1105,14.56,0.00,1791445936.020166,1,0,0.0
ds_live_1.0_20261008_165141,1791445935.975845,camera_color_optical_frame,837,640,480,1,503.0,91.2,0.5720,-0.6200,0.01187,1,1,0.995,0.4340,0.1280,-0.1103,14.02,0.00,1791445936.053172,1,0,0.0
ds_live_1.0_20261008_165141,1791445936.009202,camera_color_optical_frame,838,640,480,1,503.1,91.2,0.5723,-0.6202,0.01182,1,1,0.966,0.4340,0.1281,-0.1103,14.43,0.00,1791445936.085951,1,0,0.0
ds_live_1.0_20261008_165141,1791445936.042558,camera_color_optical_frame,839,640,480,1,503.1,91.2,0.5721,-0.6200,0.01187,1,1,0.961,0.4350,0.1283,-0.1106,14.38,0.00,1791445936.118867,1,0,0.0
ds_live_1.0_20261008_165141,1791445936.075914,camera_color_optical_frame,840,640,480,1,503.0,91.3,0.5720,-0.6196,0.01183,1,1,0.955,0.4350,0.1283,-0.1105,13.95,0.00,1791445936.152482,1,0,0.0
ds_live_1.0_20261008_165141,1791445936.109271,camera_color_optical_frame,841,640,480,1,503.1,91.2,0.5721,-0.6198,0.01183,1,1,0.965,0.4370,0.1289,-0.1110,14.28,0.00,1791445936.185792,1,0,0.0
ds_live_1.0_20261008_165141,1791445936.142627,camera_color_optical_frame,842,640,480,1,503.0,91.3,0.5719,-0.6197,0.01189,1,1,0.976,0.4350,0.1283,-0.1105,14.06,0.00,1791445936.219200,1,0,0.0
ds_live_1.0_20261008_165141,1791445936.175983,camera_color_optical_frame,843,640,480,1,503.0,91.2,0.5720,-0.6199,0.01185,1,1,0.980,0.4350,0.1283,-0.1105,13.55,0.00,1791445936.250861,1,0,0.0
ds_live_1.0_20261008_165141,1791445936.209340,camera_color_optical_frame,844,640,480,1,503.1,91.2,0.5720,-0.6198,0.01184,1,1,0.980,0.4340,0.1280,-0.1103,13.78,0.00,1791445936.283882,1,0,0.0
ds_live_1.0_20261008_165141,1791445936.242696,camera_color_optical_frame,845,640,480,1,503.1,91.1,0.5722,-0.6203,0.01184,1,1,0.964,0.4360,0.1286,-0.1109,14.68,0.00,1791445936.319948,1,0,0.0
ds_live_1.0_20261008_165141,1791445936.276052,camera_color_optical_frame,846,640,480,1,503.1,91.2,0.5721,-0.6199,0.01184,1,1,0.974,0.4340,0.1280,-0.1103,14.56,0.00,1791445936.353447,1,0,0.0
ds_live_1.0_20261008_165141,1791445936.309409,camera_color_optical_frame,847,640,480,1,503.1,91.2,0.5721,-0.6199,0.01182,1,1,0.976,0.4340,0.1280,-0.1103,14.20,0.00,1791445936.386763,1,0,0.0
ds_live_1.0_20261008_165141,1791445936.342765,camera_color_optical_frame,848,640,480,1,503.0,91.3,0.5720,-0.6198,0.01189,1,1,0.972,0.4350,0.1283,-0.1105,14.32,0.00,1791445936.420115,1,0,0.0
ds_live_1.0_20261008_165141,1791445936.376122,camera_color_optical_frame,849,640,480,1,503.0,91.3,0.5720,-0.6196,0.01185,1,1,0.986,0.4350,0.1283,-0.1105,14.17,0.00,1791445936.452447,1,0,0.0
ds_live_1.0_20261008_165141,1791445936.409478,camera_color_optical_frame,850,640,480,1,503.0,91.2,0.5719,-0.6199,0.01186,1,1,0.972,0.4350,0.1283,-0.1105,14.12,0.00,1791445936.485239,1,0,0.0
ds_live_1.0_20261008_165141,1791445936.442834,camera_color_optical_frame,851,640,480,1,503.1,91.3,0.5720,-0.6198,0.01185,1,1,0.985,0.4340,0.1280,-0.1103,14.44,0.00,1791445936.519789,1,0,0.0
ds_live_1.0_20261008_165141,1791445936.476191,camera_color_optical_frame,852,640,480,1,503.0,91.3,0.5719,-0.6197,0.01187,1,1,0.969,0.4340,0.1280,-0.1102,14.18,0.00,1791445936.552972,1,0,0.0
ds_live_1.0_20261008_165141,1791445936.509547,camera_color_optical_frame,853,640,480,1,503.0,91.2,0.5720,-0.6199,0.01187,1,1,0.984,0.4340,0.1280,-0.1103,14.04,0.00,1791445936.586116,1,0,0.0
ds_live_1.0_20261008_165141,1791445936.542903,camera_color_optical_frame,854,640,480,1,503.1,91.3,0.5721,-0.6198,0.01188,1,1,0.987,0.4340,0.1280,-0.1103,13.17,0.00,1791445936.617201,1,0,0.0
ds_live_1.0_20261008_165141,1791445936.576259,camera_color_optical_frame,855,640,480,1,503.0,91.3,0.5719,-0.6197,0.01186,1,1,0.973,0.4350,0.1283,-0.1105,13.98,0.00,1791445936.651256,1,0,0.0
ds_live_1.0_20261008_165141,1791445936.609616,camera_color_optical_frame,856,640,480,1,503.0,91.3,0.5720,-0.6196,0.01187,1,1,0.995,0.4340,0.1280,-0.1102,14.01,0.00,1791445936.686122,1,0,0.0
ds_live_1.0_20261008_165141,1791445936.642972,camera_color_optical_frame,857,640,480,1,503.0,91.2,0.5720,-0.6201,0.01187,1,1,0.977,0.4360,0.1286,-0.1108,14.19,0.00,1791445936.719974,1,0,0.0
ds_live_1.0_20261008_165141,1791445936.676328,camera_color_optical_frame,858,640,480,1,503.0,91.3,0.5720,-0.6195,0.01187,1,1,0.983,0.4350,0.1283,-0.1105,14.41,0.00,1791445936.753640,1,0,0.0
ds_live_1.0_20261008_165141,1791445936.709685,camera_color_optical_frame,859,640,480,1,503.1,91.3,0.5721,-0.6197,0.01188,1,1,0.977,0.4360,0.1286,-0.1108,14.10,0.00,1791445936.786936,1,0,0.0
ds_live_1.0_20261008_165141,1791445936.743043,camera_color_optical_frame,860,640,480,1,503.0,91.3,0.5719,-0.6195,0.01187,1,1,0.974,0.4370,0.1288,-0.1110,14.09,0.00,1791445936.819407,1,0,0.0
ds_live_1.0_20261008_165141,1791445936.776401,camera_color_optical_frame,861,640,480,1,503.1,91.1,0.5721,-0.6202,0.01184,1,1,0.991,0.4340,0.1280,-0.1103,14.33,0.00,1791445936.852627,1,0,0.0
ds_live_1.0_20261008_165141,1791445936.809758,camera_color_optical_frame,862,640,480,1,503.1,91.2,0.5721,-0.6199,0.01187,1,1,0.988,0.4350,0.1283,-0.1105,13.52,0.00,1791445936.885625,1,0,0.0
ds_live_1.0_20261008_165141,1791445936.843116,camera_color_optical_frame,863,640,480,1,503.1,91.2,0.5721,-0.6198,0.01186,1,1,0.973,0.4340,0.1280,-0.1103,12.88,0.00,1791445936.918473,1,0,0.0
ds_live_1.0_20261008_165141,1791445936.876474,camera_color_optical_frame,864,640,480,1,503.1,91.4,0.5721,-0.6193,0.01186,1,1,0.978,0.4340,0.1280,-0.1102,12.32,0.00,1791445936.950705,1,0,0.0
ds_live_1.0_20261008_165141,1791445936.909832,camera_color_optical_frame,865,640,480,1,503.0,91.3,0.5720,-0.6196,0.01186,1,1,0.985,0.4330,0.1277,-0.1100,12.14,0.00,1791445936.983442,1,0,0.0
ds_live_1.0_20261008_165141,1791445936.943190,camera_color_optical_frame,866,640,480,1,503.0,91.3,0.5719,-0.6196,0.01188,1,1,0.961,0.4350,0.1283,-0.1105,12.32,0.00,1791445937.016711,1,0,0.0
ds_live_1.0_20261008_165141,1791445936.976548,camera_color_optical_frame,867,640,480,1,503.1,91.2,0.5721,-0.6200,0.01186,1,1,0.985,0.4340,0.1280,-0.1103,13.09,0.00,1791445937.053109,1,0,0.0
ds_live_1.0_20261008_165141,1791445937.009906,camera_color_optical_frame,868,640,480,1,503.0,91.3,0.5719,-0.6196,0.01185,1,1,0.984,0.4340,0.1280,-0.1102,13.52,0.00,1791445937.086452,1,0,0.0
ds_live_1.0_20261008_165141,1791445937.043264,camera_color_optical_frame,869,640,480,1,503.1,91.2,0.5722,-0.6200,0.01183,1,1,0.984,0.4340,0.1280,-0.1103,13.55,0.00,1791445937.120152,1,0,0.0
ds_live_1.0_20261008_165141,1791445937.076622,camera_color_optical_frame,870,640,480,1,503.1,91.3,0.5722,-0.6196,0.01187,1,1,0.969,0.4350,0.1283,-0.1105,11.01,0.00,1791445937.150531,1,0,0.0
ds_live_1.0_20261008_165141,1791445937.109980,camera_color_optical_frame,871,640,480,1,503.1,91.2,0.5722,-0.6202,0.01182,1,1,0.981,0.4340,0.1280,-0.1103,12.17,0.00,1791445937.185352,1,0,0.0
ds_live_1.0_20261008_165141,1791445937.143339,camera_color_optical_frame,872,640,480,1,503.1,91.2,0.5721,-0.6201,0.01182,1,1,0.991,0.4350,0.1283,-0.1106,11.57,0.00,1791445937.218354,1,0,0.0
ds_live_1.0_20261008_165141,1791445937.176697,camera_color_optical_frame,873,640,480,1,503.1,91.2,0.5720,-0.6200,0.01184,1,1,0.966,0.4360,0.1286,-0.1108,11.24,0.00,1791445937.251508,1,0,0.0
ds_live_1.0_20261008_165141,1791445937.210054,camera_color_optical_frame,874,640,480,1,503.0,91.3,0.5720,-0.6194,0.01187,1,1,0.961,0.4350,0.1283,-0.1105,12.42,0.00,1791445937.285892,1,0,0.0
ds_live_1.0_20261008_165141,1791445937.243412,camera_color_optical_frame,875,640,480,1,503.1,91.1,0.5722,-0.6203,0.01179,1,1,0.994,0.4350,0.1283,-0.1106,12.55,0.00,1791445937.320746,1,0,0.0
ds_live_1.0_20261008_165141,1791445937.276771,camera_color_optical_frame,876,640,480,1,503.1,91.3,0.5720,-0.6197,0.01184,1,1,0.980,0.4350,0.1283,-0.1105,12.63,0.00,1791445937.352413,1,0,0.0
ds_live_1.0_20261008_165141,1791445937.310128,camera_color_optical_frame,877,640,480,1,503.1,91.2,0.5721,-0.6200,0.01185,1,1,0.975,0.4350,0.1283,-0.1106,10.52,0.00,1791445937.383378,1,0,0.0
ds_live_1.0_20261008_165141,1791445937.343487,camera_color_optical_frame,878,640,480,1,503.1,91.2,0.5722,-0.6199,0.01184,1,1,0.961,0.4350,0.1283,-0.1105,12.97,0.00,1791445937.420005,1,0,0.0
ds_live_1.0_20261008_165141,1791445937.376845,camera_color_optical_frame,879,640,480,1,503.0,91.3,0.5719,-0.6194,0.01186,1,1,0.988,0.4360,0.1286,-0.1107,13.51,0.00,1791445937.453701,1,0,0.0
ds_live_1.0_20261008_165141,1791445937.410203,camera_color_optical_frame,880,640,480,1,503.1,91.2,0.5721,-0.6198,0.01189,1,1,0.983,0.4340,0.1280,-0.1103,13.65,0.00,1791445937.486951,1,0,0.0
ds_live_1.0_20261008_165141,1791445937.443561,camera_color_optical_frame,881,640,480,1,503.1,91.2,0.5722,-0.6199,0.01187,1,1,0.978,0.4350,0.1283,-0.1105,13.32,0.00,1791445937.519893,1,0,0.0
ds_live_1.0_20261008_165141,1791445937.476919,camera_color_optical_frame,882,640,480,1,503.0,91.3,0.5719,-0.6194,0.01183,1,1,0.971,0.4350,0.1283,-0.1105,10.74,0.00,1791445937.549635,1,0,0.0
ds_live_1.0_20261008_165141,1791445937.510277,camera_color_optical_frame,883,640,480,1,503.1,91.2,0.5721,-0.6199,0.01184,1,1,0.991,0.4350,0.1283,-0.1105,11.43,0.00,1791445937.583376,1,0,0.0
ds_live_1.0_20261008_165141,1791445937.543635,camera_color_optical_frame,884,640,480,1,503.2,91.1,0.5725,-0.6202,0.01181,1,1,0.959,0.4340,0.1281,-0.1103,12.21,0.00,1791445937.618138,1,0,0.0
ds_live_1.0_20261008_165141,1791445937.576993,camera_color_optical_frame,885,640,480,1,503.0,91.2,0.5720,-0.6198,0.01188,1,1,0.970,0.4340,0.1280,-0.1103,12.39,0.00,1791445937.651793,1,0,0.0
ds_live_1.0_20261008_165141,1791445937.610351,camera_color_optical_frame,886,640,480,1,503.0,91.4,0.5719,-0.6193,0.01183,1,1,0.989,0.4350,0.1283,-0.1104,12.29,0.00,1791445937.684703,1,0,0.0
ds_live_1.0_20261008_165141,1791445937.643709,camera_color_optical_frame,887,640,480,1,503.1,91.4,0.5720,-0.6193,0.01189,1,1,0.986,0.4340,0.1280,-0.1102,13.17,0.00,1791445937.718338,1,0,0.0
ds_live_1.0_20261008_165141,1791445937.677067,camera_color_optical_frame,888,640,480,1,503.1,91.2,0.5721,-0.6202,0.01184,1,1,0.979,0.4350,0.1283,-0.1106,11.58,0.00,1791445937.749639,1,0,0.0
ds_live_1.0_20261008_165141,1791445937.710426,camera_color_optical_frame,889,640,480,1,503.1,91.2,0.5721,-0.6199,0.01187,1,1,0.979,0.4340,0.1280,-0.1103,13.79,0.00,1791445937.786955,1,0,0.0
ds_live_1.0_20261008_165141,1791445937.743781,camera_color_optical_frame,890,640,480,1,503.1,91.3,0.5721,-0.6195,0.01186,1,1,0.986,0.4330,0.1277,-0.1100,13.55,0.00,1791445937.819890,1,0,0.0
ds_live_1.0_20261008_165141,1791445937.777136,camera_color_optical_frame,891,640,480,1,503.0,91.3,0.5720,-0.6197,0.01186,1,1,0.978,0.4340,0.1280,-0.1102,13.62,0.00,1791445937.854025,1,0,0.0
ds_live_1.0_20261008_165141,1791445937.810491,camera_color_optical_frame,892,640,480,1,503.1,91.2,0.5722,-0.6200,0.01184,1,1,0.963,0.4340,0.1280,-0.1103,13.16,0.00,1791445937.886627,1,0,0.0
ds_live_1.0_20261008_165141,1791445937.843847,camera_color_optical_frame,893,640,480,1,503.1,91.2,0.5722,-0.6201,0.01184,1,1,0.982,0.4340,0.1280,-0.1103,12.90,0.00,1791445937.918449,1,0,0.0
ds_live_1.0_20261008_165141,1791445937.877202,camera_color_optical_frame,894,640,480,1,503.1,91.3,0.5721,-0.6194,0.01185,1,1,0.969,0.4340,0.1280,-0.1102,11.22,0.00,1791445937.950399,1,0,0.0
ds_live_1.0_20261008_165141,1791445937.910557,camera_color_optical_frame,895,640,480,1,503.1,91.2,0.5720,-0.6199,0.01187,1,1,0.969,0.4340,0.1280,-0.1103,12.40,0.00,1791445937.985429,1,0,0.0
ds_live_1.0_20261008_165141,1791445937.943913,camera_color_optical_frame,896,640,480,1,503.0,91.3,0.5720,-0.6195,0.01182,1,1,0.977,0.4340,0.1280,-0.1102,12.49,0.00,1791445938.018490,1,0,0.0
ds_live_1.0_20261008_165141,1791445937.977268,camera_color_optical_frame,897,640,480,1,503.1,91.2,0.5722,-0.6201,0.01182,1,1,0.963,0.4350,0.1283,-0.1106,11.39,0.00,1791445938.050895,1,0,0.0
ds_live_1.0_20261008_165141,1791445938.010623,camera_color_optical_frame,898,640,480,1,503.1,91.3,0.5721,-0.6196,0.01186,1,1,0.982,0.4340,0.1280,-0.1102,10.49,0.00,1791445938.082526,1,0,0.0
ds_live_1.0_20261008_165141,1791445938.043978,camera_color_optical_frame,899,640,480,1,503.1,91.1,0.5722,-0.6202,0.01185,1,1,0.960,0.4340,0.1280,-0.1103,10.82,0.00,1791445938.116051,1,0,0.0
ds_live_1.0_20261008_165141,1791445938.077333,camera_color_optical_frame,900,640,480,1,503.0,91.3,0.5720,-0.6197,0.01185,1,1,0.976,0.4340,0.1280,-0.1103,12.46,0.00,1791445938.152231,1,0,0.0
ds_live_1.0_20261008_165141,1791445938.110688,camera_color_optical_frame,901,640,480,1,503.1,91.2,0.5721,-0.6200,0.01184,1,1,0.978,0.4340,0.1280,-0.1103,12.65,0.00,1791445938.185924,1,0,0.0
ds_live_1.0_20261008_165141,1791445938.144044,camera_color_optical_frame,902,640,480,1,503.0,91.3,0.5720,-0.6197,0.01190,1,1,0.965,0.4340,0.1280,-0.1102,13.60,0.00,1791445938.220577,1,0,0.0
ds_live_1.0_20261008_165141,1791445938.177399,camera_color_optical_frame,903,640,480,1,503.0,91.3,0.5720,-0.6197,0.01183,1,1,0.982,0.4345,0.1281,-0.1104,13.64,0.00,1791445938.254018,1,0,0.0
ds_live_1.0_20261008_165141,1791445938.210754,camera_color_optical_frame,904,640,480,1,503.1,91.2,0.5722,-0.6200,0.01183,1,1,0.989,0.4340,0.1280,-0.1103,12.71,0.00,1791445938.285275,1,0,0.0
ds_live_1.0_20261008_165141,1791445938.244109,camera_color_optical_frame,905,640,480,1,503.1,91.2,0.5721,-0.6199,0.01186,1,1,0.976,0.4340,0.1280,-0.1103,12.69,0.00,1791445938.318622,1,0,0.0
ds_live_1.0_20261008_165141,1791445938.277464,camera_color_optical_frame,906,640,480,1,503.0,91.3,0.5720,-0.6196,0.01187,1,1,0.989,0.4330,0.1277,-0.1100,13.86,0.00,1791445938.354027,1,0,0.0
ds_live_1.0_20261008_165141,1791445938.310819,camera_color_optical_frame,907,640,480,1,503.1,91.2,0.5721,-0.6198,0.01185,1,1,0.982,0.4330,0.1277,-0.1100,11.76,0.00,1791445938.385324,1,0,0.0
ds_live_1.0_20261008_165141,1791445938.344174,camera_color_optical_frame,908,640,480,1,503.0,91.4,0.5718,-0.6193,0.01185,1,1,0.978,0.4330,0.1277,-0.1099,11.99,0.00,1791445938.418465,1,0,0.0
ds_live_1.0_20261008_165141,1791445938.377529,camera_color_optical_frame,909,640,480,1,503.1,91.3,0.5723,-0.6197,0.01184,1,1,0.976,0.4350,0.1284,-0.1105,12.22,0.00,1791445938.451387,1,0,0.0
ds_live_1.0_20261008_165141,1791445938.410884,camera_color_optical_frame,910,640,480,1,503.1,91.3,0.5722,-0.6198,0.01184,1,1,0.964,0.4340,0.1280,-0.1103,11.40,0.00,1791445938.483572,1,0,0.0
ds_live_1.0_20261008_165141,1791445938.444240,camera_color_optical_frame,911,640,480,1,503.0,91.3,0.5720,-0.6194,0.01183,1,1,0.976,0.4350,0.1283,-0.1105,13.64,0.00,1791445938.520696,1,0,0.0
ds_live_1.0_20261008_165141,1791445938.477594,camera_color_optical_frame,912,640,480,1,503.1,91.2,0.5721,-0.6200,0.01184,1,1,0.983,0.4330,0.1277,-0.1100,12.32,0.00,1791445938.552592,1,0,0.0
ds_live_1.0_20261008_165141,1791445938.510949,camera_color_optical_frame,913,640,480,1,503.1,91.2,0.5722,-0.6200,0.01190,1,1,0.969,0.4350,0.1283,-0.1106,12.06,0.00,1791445938.585575,1,0,0.0
ds_live_1.0_20261008_165141,1791445938.544305,camera_color_optical_frame,914,640,480,1,503.0,91.3,0.5720,-0.6196,0.01187,1,1,0.963,0.4340,0.1280,-0.1102,12.79,0.00,1791445938.619506,1,0,0.0
ds_live_1.0_20261008_165141,1791445938.577660,camera_color_optical_frame,915,640,480,1,503.0,91.3,0.5719,-0.6196,0.01185,1,1,0.968,0.4340,0.1280,-0.1102,12.50,0.00,1791445938.651972,1,0,0.0
ds_live_1.0_20261008_165141,1791445938.611015,camera_color_optical_frame,916,640,480,1,503.1,91.2,0.5721,-0.6200,0.01182,1,1,0.985,0.4340,0.1280,-0.1103,10.34,0.00,1791445938.683006,1,0,0.0
ds_live_1.0_20261008_165141,1791445938.644370,camera_color_optical_frame,917,640,480,1,503.0,91.4,0.5720,-0.6193,0.01182,1,1,0.991,0.4330,0.1277,-0.1099,12.09,0.00,1791445938.718933,1,0,0.0
ds_live_1.0_20261008_165141,1791445938.677725,camera_color_optical_frame,918,640,480,1,503.0,91.3,0.5719,-0.6195,0.01188,1,1,0.986,0.4330,0.1277,-0.1100,13.18,0.00,1791445938.753021,1,0,0.0
ds_live_1.0_20261008_165141,1791445938.711080,camera_color_optical_frame,919,640,480,1,503.1,91.2,0.5722,-0.6200,0.01183,1,1,0.975,0.4340,0.1280,-0.1103,14.08,0.00,1791445938.787863,1,0,0.0
ds_live_1.0_20261008_165141,1791445938.744437,camera_color_optical_frame,920,640,480,1,503.1,91.3,0.5722,-0.6196,0.01183,1,1,0.963,0.4330,0.1277,-0.1100,14.23,0.00,1791445938.820080,1,0,0.0
ds_live_1.0_20261008_165141,1791445938.777795,camera_color_optical_frame,921,640,480,1,503.0,91.3,0.5720,-0.6196,0.01185,1,1,0.982,0.4330,0.1277,-0.1100,13.79,0.00,1791445938.852344,1,0,0.0
ds_live_1.0_20261008_165141,1791445938.811153,camera_color_optical_frame,922,640,480,1,503.0,91.3,0.5720,-0.6195,0.01187,1,1,0.969,0.4340,0.1280,-0.1102,14.63,0.00,1791445938.888419,1,0,0.0
ds_live_1.0_20261008_165141,1791445938.844511,camera_color_optical_frame,923,640,480,1,503.1,91.3,0.5721,-0.6197,0.01189,1,1,0.984,0.4330,0.1277,-0.1100,14.48,0.00,1791445938.921980,1,0,0.0
ds_live_1.0_20261008_165141,1791445938.877868,camera_color_optical_frame,924,640,480,1,503.0,91.4,0.5719,-0.6192,0.01185,1,1,0.974,0.4340,0.1280,-0.1102,14.19,0.00,1791445938.955232,1,0,0.0
ds_live_1.0_20261008_165141,1791445938.911227,camera_color_optical_frame,925,640,480,1,503.0,91.3,0.5720,-0.6197,0.01185,1,1,0.967,0.4330,0.1277,-0.1100,14.07,0.00,1791445938.988249,1,0,0.0
ds_live_1.0_20261008_165141,1791445938.944584,camera_color_optical_frame,926,640,480,1,503.1,91.3,0.5721,-0.6197,0.01186,1,1,0.978,0.4340,0.1280,-0.1103,13.87,0.00,1791445939.020069,1,0,0.0
ds_live_1.0_20261008_165141,1791445938.977942,camera_color_optical_frame,927,640,480,1,503.1,91.2,0.5722,-0.6199,0.01181,1,1,0.981,0.4330,0.1278,-0.1100,13.20,0.00,1791445939.052533,1,0,0.0
ds_live_1.0_20261008_165141,1791445939.011300,camera_color_optical_frame,928,640,480,1,503.0,91.4,0.5719,-0.6193,0.01184,1,1,0.966,0.4350,0.1283,-0.1104,14.26,0.00,1791445939.087678,1,0,0.0
ds_live_1.0_20261008_165141,1791445939.044657,camera_color_optical_frame,929,640,480,1,503.0,91.3,0.5719,-0.6195,0.01188,1,1,0.978,0.4330,0.1277,-0.1100,14.22,0.00,1791445939.121348,1,0,0.0
ds_live_1.0_20261008_165141,1791445939.078015,camera_color_optical_frame,930,640,480,1,503.1,91.3,0.5721,-0.6198,0.01186,1,1,0.977,0.4340,0.1280,-0.1103,14.31,0.00,1791445939.154664,1,0,0.0
ds_live_1.0_20261008_165141,1791445939.111373,camera_color_optical_frame,931,640,480,1,503.1,91.3,0.5722,-0.6195,0.01184,1,1,0.975,0.4340,0.1280,-0.1102,13.23,0.00,1791445939.185764,1,0,0.0
ds_live_1.0_20261008_165141,1791445939.144731,camera_color_optical_frame,932,640,480,1,503.0,91.3,0.5719,-0.6195,0.01187,1,1,0.976,0.4340,0.1280,-0.1102,10.16,0.00,1791445939.215934,1,0,0.0
ds_live_1.0_20261008_165141,1791445939.178089,camera_color_optical_frame,933,640,480,1,503.0,91.3,0.5719,-0.6195,0.01186,1,1,0.961,0.4350,0.1283,-0.1105,13.38,0.00,1791445939.255189,1,0,0.0
ds_live_1.0_20261008_165141,1791445939.211446,camera_color_optical_frame,934,640,480,1,503.1,91.3,0.5722,-0.6198,0.01185,1,1,0.972,0.4340,0.1280,-0.1103,12.46,0.00,1791445939.288084,1,0,0.0
ds_live_1.0_20261008_165141,1791445939.244804,camera_color_optical_frame,935,640,480,1,503.1,91.3,0.5722,-0.6195,0.01183,1,1,0.983,0.4330,0.1277,-0.1100,12.88,0.00,1791445939.322327,1,0,0.0
ds_live_1.0_20261008_165141,1791445939.278162,camera_color_optical_frame,936,640,480,1,503.0,91.3,0.5719,-0.6196,0.01183,1,1,0.952,0.4340,0.1280,-0.1102,12.77,0.00,1791445939.355464,1,0,0.0
ds_live_1.0_20261008_165141,1791445939.311520,camera_color_optical_frame,937,640,480,1,503.1,91.3,0.5721,-0.6194,0.01187,1,1,0.964,0.4340,0.1280,-0.1102,11.83,0.00,1791445939.386750,1,0,0.0
ds_live_1.0_20261008_165141,1791445939.344878,camera_color_optical_frame,938,640,480,1,503.1,91.4,0.5720,-0.6191,0.01185,1,1,0.965,0.4330,0.1277,-0.1099,12.10,0.00,1791445939.420386,1,0,0.0
ds_live_1.0_20261008_165141,1791445939.378236,camera_color_optical_frame,939,640,480,1,503.0,91.4,0.5719,-0.6192,0.01185,1,1,0.965,0.4340,0.1280,-0.1102,12.38,0.00,1791445939.454534,1,0,0.0
ds_live_1.0_20261008_165141,1791445939.411593,camera_color_optical_frame,940,640,480,1,503.0,91.3,0.5719,-0.6198,0.01183,1,1,0.973,0.4340,0.1280,-0.1103,12.66,0.00,1791445939.488242,1,0,0.0
ds_live_1.0_20261008_165141,1791445939.444951,camera_color_optical_frame,941,640,480,1,503.1,91.2,0.5722,-0.6201,0.01182,1,1,0.962,0.4330,0.1278,-0.1101,12.80,0.00,1791445939.521933,1,0,0.0
ds_live_1.0_20261008_165141,1791445939.478309,camera_color_optical_frame,942,640,480,1,503.1,91.2,0.5721,-0.6200,0.01186,1,1,0.960,0.4350,0.1283,-0.1106,11.16,0.00,1791445939.553198,1,0,0.0
ds_live_1.0_20261008_165141,1791445939.511667,camera_color_optical_frame,943,640,480,1,503.1,91.3,0.5723,-0.6195,0.01183,1,1,0.991,0.4330,0.1278,-0.1100,11.19,0.00,1791445939.585588,1,0,0.0
ds_live_1.0_20261008_165141,1791445939.545025,camera_color_optical_frame,944,640,480,1,503.0,91.3,0.5720,-0.6195,0.01186,1,1,0.961,0.4350,0.1283,-0.1105,12.30,0.00,1791445939.620718,1,0,0.0
ds_live_1.0_20261008_165141,1791445939.578382,camera_color_optical_frame,945,640,480,1,503.0,91.3,0.5720,-0.6195,0.01186,1,1,0.951,0.4340,0.1280,-0.1102,11.83,0.00,1791445939.653931,1,0,0.0
ds_live_1.0_20261008_165141,1791445939.611740,camera_color_optical_frame,946,640,480,1,503.0,91.3,0.5720,-0.6196,0.01186,1,1,0.970,0.4340,0.1280,-0.1102,12.54,0.00,1791445939.688787,1,0,0.0
ds_live_1.0_20261008_165141,1791445939.645098,camera_color_optical_frame,947,640,480,1,503.0,91.4,0.5718,-0.6193,0.01185,1,1,0.979,0.4340,0.1280,-0.1102,12.58,0.00,1791445939.722182,1,0,0.0
ds_live_1.0_20261008_165141,1791445939.678456,camera_color_optical_frame,948,640,480,1,503.0,91.3,0.5720,-0.6196,0.01186,1,1,0.952,0.4350,0.1283,-0.1105,11.65,0.00,1791445939.753434,1,0,0.0
ds_live_1.0_20261008_165141,1791445939.711813,camera_color_optical_frame,949,640,480,1,503.0,91.3,0.5719,-0.6196,0.01183,1,1,0.970,0.4340,0.1280,-0.1102,11.41,0.00,1791445939.786242,1,0,0.0
ds_live_1.0_20261008_165141,1791445939.745172,camera_color_optical_frame,950,640,480,1,503.1,91.3,0.5723,-0.6196,0.01182,1,1,0.950,0.4340,0.1281,-0.1102,12.34,0.00,1791445939.821485,1,0,0.0
ds_live_1.0_20261008_165141,1791445939.778530,camera_color_optical_frame,951,640,480,1,503.0,91.4,0.5719,-0.6192,0.01181,1,1,0.966,0.4330,0.1277,-0.1099,12.76,0.00,1791445939.855329,1,0,0.0
ds_live_1.0_20261008_165141,1791445939.811889,camera_color_optical_frame,952,640,480,1,503.1,91.3,0.5721,-0.6197,0.01186,1,1,0.977,0.4350,0.1283,-0.1105,13.16,0.00,1791445939.889094,1,0,0.0
ds_live_1.0_20261008_165141,1791445939.845247,camera_color_optical_frame,953,640,480,1,503.1,91.3,0.5721,-0.6198,0.01186,1,1,0.967,0.4340,0.1280,-0.1103,11.88,0.00,1791445939.920784,1,0,0.0
ds_live_1.0_20261008_165141,1791445939.878606,camera_color_optical_frame,954,640,480,1,503.1,91.2,0.5721,-0.6199,0.01184,1,1,0.966,0.4330,0.1277,-0.1100,10.51,0.00,1791445939.951576,1,0,0.0
ds_live_1.0_20261008_165141,1791445939.911964,camera_color_optical_frame,955,640,480,1,503.1,91.2,0.5722,-0.6202,0.01185,1,1,0.968,0.4330,0.1277,-0.1101,13.45,0.00,1791445939.989413,1,0,0.0
ds_live_1.0_20261008_165141,1791445939.945323,camera_color_optical_frame,956,640,480,1,503.0,91.4,0.5719,-0.6193,0.01185,1,1,0.969,0.4340,0.1280,-0.1102,13.40,0.00,1791445940.022179,1,0,0.0
ds_live_1.0_20261008_165141,1791445939.978681,camera_color_optical_frame,957,640,480,1,503.1,91.1,0.5722,-0.6203,0.01177,1,1,0.967,0.4330,0.1277,-0.1101,12.49,0.00,1791445940.054175,1,0,0.0
ds_live_1.0_20261008_165141,1791445940.012039,camera_color_optical_frame,958,640,480,1,503.0,91.4,0.5719,-0.6191,0.01187,1,1,0.986,0.4330,0.1277,-0.1099,13.67,0.00,1791445940.088589,1,0,0.0
ds_live_1.0_20261008_165141,1791445940.045398,camera_color_optical_frame,959,640,480,1,503.1,91.3,0.5721,-0.6197,0.01190,1,1,0.979,0.4340,0.1280,-0.1103,12.46,0.00,1791445940.119750,1,0,0.0
ds_live_1.0_20261008_165141,1791445940.078757,camera_color_optical_frame,960,640,480,1,503.1,91.3,0.5721,-0.6195,0.01188,1,1,0.977,0.4320,0.1274,-0.1097,11.64,0.00,1791445940.152174,1,0,0.0
ds_live_1.0_20261008_165141,1791445940.112115,camera_color_optical_frame,961,640,480,1,503.0,91.4,0.5719,-0.6193,0.01185,1,1,0.980,0.4330,0.1277,-0.1099,13.87,0.00,1791445940.188595,1,0,0.0
ds_live_1.0_20261008_165141,1791445940.145473,camera_color_optical_frame,962,640,480,1,503.0,91.3,0.5718,-0.6195,0.01183,1,1,0.977,0.4320,0.1274,-0.1097,14.14,0.00,1791445940.221726,1,0,0.0
ds_live_1.0_20261008_165141,1791445940.178832,camera_color_optical_frame,963,640,480,1,503.0,91.3,0.5719,-0.6195,0.01185,1,1,0.953,0.4350,0.1283,-0.1105,14.10,0.00,1791445940.255172,1,0,0.0
ds_live_1.0_20261008_165141,1791445940.212191,camera_color_optical_frame,964,640,480,1,503.1,91.3,0.5721,-0.6194,0.01186,1,1,0.976,0.4340,0.1280,-0.1102,10.93,0.00,1791445940.284281,1,0,0.0
ds_live_1.0_20261008_165141,1791445940.245549,camera_color_optical_frame,965,640,480,1,503.0,91.4,0.5719,-0.6193,0.01185,1,1,0.958,0.4340,0.1280,-0.1102,11.01,0.00,1791445940.317502,1,0,0.0
ds_live_1.0_20261008_165141,1791445940.278907,camera_color_optical_frame,966,640,480,1,503.0,91.3,0.5719,-0.6195,0.01182,1,1,0.989,0.4340,0.1280,-0.1102,12.21,0.00,1791445940.353600,1,0,0.0
ds_live_1.0_20261008_165141,1791445940.312266,camera_color_optical_frame,967,640,480,1,503.0,91.3,0.5719,-0.6196,0.01188,1,1,0.952,0.4340,0.1280,-0.1102,13.47,0.00,1791445940.388629,1,0,0.0
ds_live_1.0_20261008_165141,1791445940.345624,camera_color_optical_frame,968,640,480,1,503.1,91.2,0.5721,-0.6200,0.01187,1,1,0.977,0.4330,0.1277,-0.1101,13.49,0.00,1791445940.422284,1,0,0.0
ds_live_1.0_20261008_165141,1791445940.378983,camera_color_optical_frame,969,640,480,1,503.0,91.2,0.5720,-0.6199,0.01185,1,1,0.969,0.4340,0.1280,-0.1103,13.19,0.00,1791445940.455487,1,0,0.0
ds_live_1.0_20261008_165141,1791445940.412341,camera_color_optical_frame,970,640,480,1,503.1,91.3,0.5721,-0.6194,0.01190,1,1,0.991,0.4340,0.1280,-0.1102,12.73,0.00,1791445940.487302,1,0,0.0
ds_live_1.0_20261008_165141,1791445940.445700,camera_color_optical_frame,971,640,480,1,503.1,91.3,0.5721,-0.6197,0.01186,1,1,0.953,0.4340,0.1280,-0.1103,12.65,0.00,1791445940.520080,1,0,0.0
ds_live_1.0_20261008_165141,1791445940.479059,camera_color_optical_frame,972,640,480,1,503.0,91.3,0.5719,-0.6194,0.01186,1,1,0.967,0.4340,0.1280,-0.1102,11.81,0.00,1791445940.553550,1,0,0.0
ds_live_1.0_20261008_165141,1791445940.512417,camera_color_optical_frame,973,640,480,1,503.1,91.3,0.5721,-0.6196,0.01187,1,1,0.971,0.4330,0.1277,-0.1100,12.80,0.00,1791445940.587636,1,0,0.0
ds_live_1.0_20261008_165141,1791445940.545775,camera_color_optical_frame,974,640,480,1,503.0,91.3,0.5720,-0.6194,0.01184,1,1,0.966,0.4330,0.1277,-0.1100,12.58,0.00,1791445940.620753,1,0,0.0
ds_live_1.0_20261008_165141,1791445940.579134,camera_color_optical_frame,975,640,480,1,503.0,91.4,0.5719,-0.6192,0.01182,1,1,0.967,0.4350,0.1283,-0.1104,11.22,0.00,1791445940.651711,1,0,0.0
ds_live_1.0_20261008_165141,1791445940.612493,camera_color_optical_frame,976,640,480,1,503.0,91.3,0.5718,-0.6195,0.01185,1,1,0.969,0.4340,0.1279,-0.1102,12.05,0.00,1791445940.685560,1,0,0.0
ds_live_1.0_20261008_165141,1791445940.645851,camera_color_optical_frame,977,640,480,1,503.0,91.3,0.5720,-0.6196,0.01187,1,1,0.960,0.4340,0.1280,-0.1102,12.20,0.00,1791445940.720724,1,0,0.0
ds_live_1.0_20261008_165141,1791445940.679209,camera_color_optical_frame,978,640,480,1,503.1,91.3,0.5721,-0.6197,0.01186,1,1,0.951,0.4320,0.1274,-0.1097,12.33,0.00,1791445940.754284,1,0,0.0
ds_live_1.0_20261008_165141,1791445940.712568,camera_color_optical_frame,979,640,480,1,503.0,91.3,0.5719,-0.6195,0.01185,1,1,0.970,0.4330,0.1277,-0.1100,13.85,0.00,1791445940.789130,1,0,0.0
ds_live_1.0_20261008_165141,1791445940.745925,camera_color_optical_frame,980,640,480,1,503.1,91.3,0.5722,-0.6195,0.01185,1,1,0.992,0.4330,0.1277,-0.1100,12.61,0.00,1791445940.821302,1,0,0.0
ds_live_1.0_20261008_165141,1791445940.779281,camera_color_optical_frame,981,640,480,1,503.0,91.3,0.5719,-0.6195,0.01184,1,1,0.960,0.4340,0.1280,-0.1102,12.19,0.00,1791445940.853467,1,0,0.0
ds_live_1.0_20261008_165141,1791445940.812638,camera_color_optical_frame,982,640,480,1,503.0,91.3,0.5718,-0.6194,0.01182,1,1,0.967,0.4330,0.1277,-0.1100,12.48,0.00,1791445940.887209,1,0,0.0
ds_live_1.0_20261008_165141,1791445940.845994,camera_color_optical_frame,983,640,480,1,503.1,91.3,0.5721,-0.6197,0.01186,1,1,0.978,0.4330,0.1277,-0.1100,12.52,0.00,1791445940.920919,1,0,0.0
ds_live_1.0_20261008_165141,1791445940.879351,camera_color_optical_frame,984,640,480,1,503.0,91.4,0.5720,-0.6193,0.01188,1,1,0.961,0.4325,0.1275,-0.1098,12.06,0.00,1791445940.953572,1,0,0.0
ds_live_1.0_20261008_165141,1791445940.912707,camera_color_optical_frame,985,640,480,1,503.0,91.3,0.5720,-0.6197,0.01186,1,1,0.974,0.4330,0.1277,-0.1100,12.45,0.00,1791445940.987939,1,0,0.0
ds_live_1.0_20261008_165141,1791445940.946064,camera_color_optical_frame,986,640,480,1,503.0,91.4,0.5720,-0.6193,0.01186,1,1,0.952,0.4340,0.1280,-0.1102,11.12,0.00,1791445941.018785,1,0,0.0
ds_live_1.0_20261008_165141,1791445940.979420,camera_color_optical_frame,987,640,480,1,503.0,91.2,0.5720,-0.6198,0.01186,1,1,0.961,0.4340,0.1280,-0.1103,12.15,0.00,1791445941.052968,1,0,0.0
ds_live_1.0_20261008_165141,1791445941.012777,camera_color_optical_frame,988,640,480,1,503.1,91.3,0.5721,-0.6197,0.01188,1,1,0.978,0.4340,0.1280,-0.1102,12.43,0.00,1791445941.087520,1,0,0.0
ds_live_1.0_20261008_165141,1791445941.046133,camera_color_optical_frame,989,640,480,1,503.1,91.3,0.5721,-0.6197,0.01185,1,1,0.971,0.4330,0.1277,-0.1100,13.73,0.00,1791445941.123075,1,0,0.0
ds_live_1.0_20261008_165141,1791445941.079490,camera_color_optical_frame,990,640,480,1,503.0,91.4,0.5719,-0.6193,0.01186,1,1,0.976,0.4330,0.1277,-0.1099,13.45,0.00,1791445941.156002,1,0,0.0
ds_live_1.0_20261008_165141,1791445941.112846,camera_color_optical_frame,991,640,480,1,503.0,91.4,0.5719,-0.6193,0.01186,1,1,0.963,0.4340,0.1280,-0.1102,13.59,0.00,1791445941.189578,1,0,0.0
ds_live_1.0_20261008_165141,1791445941.146203,camera_color_optical_frame,992,640,480,1,503.1,91.4,0.5721,-0.6194,0.01186,1,1,0.977,0.4330,0.1277,-0.1099,10.74,0.00,1791445941.219383,1,0,0.0
ds_live_1.0_20261008_165141,1791445941.179559,camera_color_optical_frame,993,640,480,1,503.0,91.3,0.5720,-0.6195,0.01183,1,1,0.961,0.4330,0.1277,-0.1100,11.81,0.00,1791445941.254178,1,0,0.0
ds_live_1.0_20261008_165141,1791445941.212915,camera_color_optical_frame,994,640,480,1,503.0,91.4,0.5719,-0.6194,0.01186,1,1,0.985,0.4330,0.1277,-0.1099,12.41,0.00,1791445941.287470,1,0,0.0
ds_live_1.0_20261008_165141,1791445941.246272,camera_color_optical_frame,995,640,480,1,503.0,91.3,0.5720,-0.6194,0.01186,1,1,0.973,0.4320,0.1274,-0.1097,12.06,0.00,1791445941.320696,1,0,0.0
ds_live_1.0_20261008_165141,1791445941.279629,camera_color_optical_frame,996,640,480,1,502.9,91.2,0.5717,-0.6199,0.01180,1,1,0.973,0.4340,0.1279,-0.1103,13.64,0.00,1791445941.355740,1,0,0.0
ds_live_1.0_20261008_165141,1791445941.312985,camera_color_optical_frame,997,640,480,1,503.1,91.4,0.5721,-0.6192,0.01182,1,1,0.982,0.4330,0.1277,-0.1099,10.64,0.00,1791445941.385376,1,0,0.0
ds_live_1.0_20261008_165141,1791445941.346341,camera_color_optical_frame,998,640,480,1,503.1,91.2,0.5721,-0.6200,0.01183,1,1,0.973,0.4340,0.1280,-0.1103,9.55,0.00,1791445941.416984,1,0,0.0
ds_live_1.0_20261008_165141,1791445941.379698,camera_color_optical_frame,999,640,480,1,503.1,91.3,0.5720,-0.6197,0.01186,1,1,0.985,0.4330,0.1277,-0.1100,13.09,0.00,1791445941.455094,1,0,0.0
ds_live_1.0_20261008_165141,1791445941.413054,camera_color_optical_frame,1000,640,480,1,503.0,91.4,0.5719,-0.6191,0.01187,1,1,0.955,0.4330,0.1277,-0.1099,12.22,0.00,1791445941.488060,1,0,0.0
ds_live_1.0_20261008_165141,1791445941.446411,camera_color_optical_frame,1001,640,480,1,503.0,91.4,0.5719,-0.6192,0.01187,1,1,0.980,0.4320,0.1274,-0.1097,12.92,0.00,1791445941.521970,1,0,0.0
ds_live_1.0_20261008_165141,1791445941.479767,camera_color_optical_frame,1002,640,480,1,503.1,91.3,0.5722,-0.6195,0.01183,1,1,0.958,0.4330,0.1277,-0.1100,13.38,0.00,1791445941.556227,1,0,0.0
ds_live_1.0_20261008_165141,1791445941.513124,camera_color_optical_frame,1003,640,480,1,503.0,91.4,0.5719,-0.6192,0.01189,1,1,0.954,0.4330,0.1277,-0.1099,12.78,0.00,1791445941.587943,1,0,0.0
ds_live_1.0_20261008_165141,1791445941.546480,camera_color_optical_frame,1004,640,480,1,503.1,91.2,0.5721,-0.6200,0.01183,1,1,0.973,0.4330,0.1277,-0.1101,12.41,0.00,1791445941.620707,1,0,0.0
ds_live_1.0_20261008_165141,1791445941.579836,camera_color_optical_frame,1005,640,480,1,503.0,91.3,0.5720,-0.6195,0.01183,1,1,0.983,0.4330,0.1277,-0.1100,12.30,0.00,1791445941.654480,1,0,0.0
ds_live_1.0_20261008_165141,1791445941.613193,camera_color_optical_frame,1006,640,480,1,503.0,91.4,0.5718,-0.6193,0.01187,1,1,0.975,0.4330,0.1276,-0.1099,12.23,0.00,1791445941.687742,1,0,0.0
ds_live_1.0_20261008_165141,1791445941.646549,camera_color_optical_frame,1007,640,480,1,503.1,91.2,0.5721,-0.6200,0.01184,1,1,0.957,0.4320,0.1274,-0.1098,12.52,0.00,1791445941.721751,1,0,0.0
ds_live_1.0_20261008_165141,1791445941.679905,camera_color_optical_frame,1008,640,480,1,503.1,91.4,0.5722,-0.6193,0.01182,1,1,0.970,0.4330,0.1277,-0.1099,11.02,0.00,1791445941.752387,1,0,0.0
ds_live_1.0_20261008_165141,1791445941.713262,camera_color_optical_frame,1009,640,480,1,503.0,91.3,0.5719,-0.6194,0.01183,1,1,0.973,0.4340,0.1280,-0.1102,10.52,0.00,1791445941.785549,1,0,0.0
ds_live_1.0_20261008_165141,1791445941.746619,camera_color_optical_frame,1010,640,480,1,503.0,91.4,0.5719,-0.6192,0.01185,1,1,0.976,0.4330,0.1277,-0.1099,12.62,0.00,1791445941.821250,1,0,0.0
ds_live_1.0_20261008_165141,1791445941.779976,camera_color_optical_frame,1011,640,480,1,503.0,91.3,0.5719,-0.6196,0.01184,1,1,0.983,0.4330,0.1277,-0.1100,13.76,0.00,1791445941.856675,1,0,0.0
ds_live_1.0_20261008_165141,1791445941.813333,camera_color_optical_frame,1012,640,480,1,503.0,91.3,0.5720,-0.6197,0.01184,1,1,0.972,0.4330,0.1277,-0.1100,13.70,0.00,1791445941.889931,1,0,0.0
ds_live_1.0_20261008_165141,1791445941.846690,camera_color_optical_frame,1013,640,480,1,503.1,91.3,0.5721,-0.6197,0.01188,1,1,0.973,0.4330,0.1277,-0.1100,13.35,0.00,1791445941.923043,1,0,0.0
ds_live_1.0_20261008_165141,1791445941.880046,camera_color_optical_frame,1014,640,480,1,503.0,91.4,0.5720,-0.6193,0.01188,1,1,0.957,0.4340,0.1280,-0.1102,11.26,0.00,1791445941.953065,1,0,0.0
ds_live_1.0_20261008_165141,1791445941.913404,camera_color_optical_frame,1015,640,480,1,503.1,91.3,0.5721,-0.6195,0.01185,1,1,0.956,0.4340,0.1280,-0.1102,11.71,0.00,1791445941.986604,1,0,0.0
ds_live_1.0_20261008_165141,1791445941.946760,camera_color_optical_frame,1016,640,480,1,503.1,91.3,0.5721,-0.6195,0.01185,1,1,0.970,0.4340,0.1280,-0.1102,12.26,0.00,1791445942.021308,1,0,0.0
ds_live_1.0_20261008_165141,1791445941.980117,camera_color_optical_frame,1017,640,480,1,503.2,91.2,0.5724,-0.6200,0.01183,1,1,0.960,0.4340,0.1281,-0.1103,12.16,0.00,1791445942.054913,1,0,0.0
ds_live_1.0_20261008_165141,1791445942.013474,camera_color_optical_frame,1018,640,480,1,502.9,91.5,0.5717,-0.6189,0.01181,1,1,0.968,0.4340,0.1279,-0.1101,12.10,0.00,1791445942.087502,1,0,0.0
ds_live_1.0_20261008_165141,1791445942.046831,camera_color_optical_frame,1019,640,480,1,503.1,91.4,0.5721,-0.6194,0.01182,1,1,0.966,0.4330,0.1277,-0.1099,12.79,0.00,1791445942.121592,1,0,0.0
ds_live_1.0_20261008_165141,1791445942.080188,camera_color_optical_frame,1020,640,480,1,503.0,91.4,0.5719,-0.6191,0.01186,1,1,0.977,0.4330,0.1277,-0.1099,11.12,0.00,1791445942.152529,1,0,0.0
ds_live_1.0_20261008_165141,1791445942.113545,camera_color_optical_frame,1021,640,480,1,503.0,91.3,0.5720,-0.6194,0.01188,1,1,0.975,0.4340,0.1280,-0.1102,13.54,0.00,1791445942.189843,1,0,0.0
ds_live_1.0_20261008_165141,1791445942.146902,camera_color_optical_frame,1022,640,480,1,503.0,91.4,0.5719,-0.6194,0.01180,1,1,0.967,0.4340,0.1280,-0.1102,13.94,0.00,1791445942.223869,1,0,0.0
ds_live_1.0_20261008_165141,1791445942.180259,camera_color_optical_frame,1023,640,480,1,503.0,91.4,0.5719,-0.6192,0.01184,1,1,0.955,0.4340,0.1280,-0.1102,13.65,0.00,1791445942.257296,1,0,0.0
ds_live_1.0_20261008_165141,1791445942.213616,camera_color_optical_frame,1024,640,480,1,503.0,91.2,0.5719,-0.6200,0.01180,1,1,0.973,0.4330,0.1277,-0.1101,13.62,0.00,1791445942.290414,1,0,0.0
ds_live_1.0_20261008_165141,1791445942.246973,camera_color_optical_frame,1025,640,480,1,503.1,91.3,0.5723,-0.6196,0.01182,1,1,0.944,0.4340,0.1281,-0.1102,13.07,0.00,1791445942.322198,1,0,0.0
ds_live_1.0_20261008_165141,1791445942.280329,camera_color_optical_frame,1026,640,480,1,503.0,91.4,0.5719,-0.6193,0.01184,1,1,0.966,0.4340,0.1280,-0.1102,12.71,0.00,1791445942.355224,1,0,0.0
ds_live_1.0_20261008_165141,1791445942.313687,camera_color_optical_frame,1027,640,480,1,503.1,91.3,0.5721,-0.6196,0.01179,1,1,0.959,0.4340,0.1280,-0.1102,13.72,0.00,1791445942.389724,1,0,0.0
ds_live_1.0_20261008_165141,1791445942.347044,camera_color_optical_frame,1028,640,480,1,503.1,91.3,0.5723,-0.6196,0.01181,1,1,0.960,0.4340,0.1281,-0.1102,12.36,0.00,1791445942.421594,1,0,0.0
ds_live_1.0_20261008_165141,1791445942.380400,camera_color_optical_frame,1029,640,480,1,503.0,91.4,0.5720,-0.6193,0.01185,1,1,0.978,0.4320,0.1274,-0.1097,11.87,0.00,1791445942.454691,1,0,0.0
ds_live_1.0_20261008_165141,1791445942.413758,camera_color_optical_frame,1030,640,480,1,503.1,91.3,0.5721,-0.6197,0.01181,1,1,0.969,0.4340,0.1280,-0.1103,10.47,0.00,1791445942.485449,1,0,0.0
ds_live_1.0_20261008_165141,1791445942.447114,camera_color_optical_frame,1031,640,480,1,503.1,91.3,0.5722,-0.6197,0.01182,1,1,0.949,0.4340,0.1280,-0.1103,11.75,0.00,1791445942.521314,1,0,0.0
ds_live_1.0_20261008_165141,1791445942.480471,camera_color_optical_frame,1032,640,480,1,503.0,91.4,0.5720,-0.6194,0.01185,1,1,0.964,0.4330,0.1277,-0.1099,12.71,0.00,1791445942.557395,1,0,0.0
ds_live_1.0_20261008_165141,1791445942.513828,camera_color_optical_frame,1033,640,480,1,503.0,91.4,0.5720,-0.6192,0.01186,1,1,0.975,0.4340,0.1280,-0.1102,12.87,0.00,1791445942.591114,1,0,0.0
ds_live_1.0_20261008_165141,1791445942.547185,camera_color_optical_frame,1034,640,480,1,503.1,91.2,0.5723,-0.6199,0.01181,1,1,0.973,0.4330,0.1278,-0.1100,12.69,0.00,1791445942.624276,1,0,0.0
ds_live_1.0_20261008_165141,1791445942.580542,camera_color_optical_frame,1035,640,480,1,503.1,91.3,0.5721,-0.6197,0.01183,1,1,0.972,0.4330,0.1277,-0.1100,12.79,0.00,1791445942.657352,1,0,0.0
ds_live_1.0_20261008_165141,1791445942.613899,camera_color_optical_frame,1036,640,480,1,503.0,91.4,0.5719,-0.6193,0.01189,1,1,0.975,0.4340,0.1280,-0.1102,12.66,0.00,1791445942.689937,1,0,0.0
ds_live_1.0_20261008_165141,1791445942.647256,camera_color_optical_frame,1037,640,480,1,503.0,91.3,0.5720,-0.6196,0.01188,1,1,0.971,0.4340,0.1280,-0.1102,11.68,0.00,1791445942.722162,1,0,0.0
ds_live_1.0_20261008_165141,1791445942.680613,camera_color_optical_frame,1038,640,480,1,503.1,91.3,0.5720,-0.6196,0.01188,1,1,0.971,0.4320,0.1274,-0.1097,11.52,0.00,1791445942.755740,1,0,0.0
ds_live_1.0_20261008_165141,1791445942.713970,camera_color_optical_frame,1039,640,480,1,503.1,91.2,0.5721,-0.6200,0.01181,1,1,0.968,0.4330,0.1277,-0.1100,12.80,0.00,1791445942.790693,1,0,0.0
ds_live_1.0_20261008_165141,1791445942.747327,camera_color_optical_frame,1040,640,480,1,503.1,91.3,0.5723,-0.6197,0.01180,1,1,0.966,0.4330,0.1278,-0.1100,12.36,0.00,1791445942.824268,1,0,0.0
ds_live_1.0_20261008_165141,1791445942.780684,camera_color_optical_frame,1041,640,480,1,503.2,91.2,0.5723,-0.6198,0.01179,1,1,0.962,0.4330,0.1278,-0.1100,12.59,0.00,1791445942.857547,1,0,0.0
ds_live_1.0_20261008_165141,1791445942.814041,camera_color_optical_frame,1042,640,480,1,503.1,91.3,0.5723,-0.6194,0.01184,1,1,0.968,0.4340,0.1281,-0.1102,10.58,0.00,1791445942.887165,1,0,0.0
ds_live_1.0_20261008_165141,1791445942.847398,camera_color_optical_frame,1043,640,480,1,503.1,91.3,0.5722,-0.6197,0.01183,1,1,0.962,0.4340,0.1280,-0.1103,11.67,0.00,1791445942.922793,1,0,0.0
ds_live_1.0_20261008_165141,1791445942.880754,camera_color_optical_frame,1044,640,480,1,503.1,91.3,0.5721,-0.6196,0.01185,1,1,0.972,0.4340,0.1280,-0.1102,12.37,0.00,1791445942.957474,1,0,0.0
ds_live_1.0_20261008_165141,1791445942.914111,camera_color_optical_frame,1045,640,480,1,503.1,91.3,0.5721,-0.6196,0.01185,1,1,0.983,0.4320,0.1274,-0.1097,12.67,0.00,1791445942.991608,1,0,0.0
ds_live_1.0_20261008_165141,1791445942.947468,camera_color_optical_frame,1046,640,480,1,503.1,91.3,0.5723,-0.6197,0.01181,1,1,0.958,0.4340,0.1281,-0.1103,12.54,0.00,1791445943.024019,1,0,0.0
ds_live_1.0_20261008_165141,1791445942.980825,camera_color_optical_frame,1047,640,480,1,503.1,91.3,0.5721,-0.6197,0.01181,1,1,0.987,0.4330,0.1277,-0.1100,12.65,0.00,1791445943.056594,1,0,0.0
ds_live_1.0_20261008_165141,1791445943.014182,camera_color_optical_frame,1048,640,480,1,503.0,91.3,0.5720,-0.6195,0.01182,1,1,0.970,0.4340,0.1280,-0.1102,11.51,0.00,1791445943.088937,1,0,0.0
ds_live_1.0_20261008_165141,1791445943.047539,camera_color_optical_frame,1049,640,480,1,503.0,91.3,0.5720,-0.6194,0.01181,1,1,0.952,0.4330,0.1277,-0.1100,12.55,0.00,1791445943.124160,1,0,0.0
ds_live_1.0_20261008_165141,1791445943.080896,camera_color_optical_frame,1050,640,480,1,503.0,91.4,0.5720,-0.6193,0.01184,1,1,0.985,0.4340,0.1280,-0.1102,12.31,0.00,1791445943.157166,1,0,0.0
ds_live_1.0_20261008_165141,1791445943.114253,camera_color_optical_frame,1051,640,480,1,503.1,91.3,0.5722,-0.6197,0.01186,1,1,0.955,0.4350,0.1283,-0.1105,12.45,0.00,1791445943.191144,1,0,0.0
ds_live_1.0_20261008_165141,1791445943.147610,camera_color_optical_frame,1052,640,480,1,503.0,91.4,0.5720,-0.6193,0.01186,1,1,0.956,0.4340,0.1280,-0.1102,12.66,0.00,1791445943.224356,1,0,0.0
ds_live_1.0_20261008_165141,1791445943.180967,camera_color_optical_frame,1053,640,480,1,503.0,91.4,0.5719,-0.6193,0.01181,1,1,0.962,0.4330,0.1277,-0.1099,11.53,0.00,1791445943.255530,1,0,0.0
ds_live_1.0_20261008_165141,1791445943.214324,camera_color_optical_frame,1054,640,480,1,503.1,91.3,0.5721,-0.6197,0.01184,1,1,0.984,0.4330,0.1277,-0.1100,13.00,0.00,1791445943.291618,1,0,0.0
ds_live_1.0_20261008_165141,1791445943.247681,camera_color_optical_frame,1055,640,480,1,503.1,91.3,0.5722,-0.6196,0.01181,1,1,0.981,0.4330,0.1278,-0.1100,13.39,0.00,1791445943.324477,1,0,0.0
ds_live_1.0_20261008_165141,1791445943.281037,camera_color_optical_frame,1056,640,480,1,503.1,91.3,0.5722,-0.6196,0.01188,1,1,0.968,0.4320,0.1275,-0.1097,13.48,0.00,1791445943.357722,1,0,0.0
ds_live_1.0_20261008_165141,1791445943.314394,camera_color_optical_frame,1057,640,480,1,503.1,91.3,0.5720,-0.6194,0.01180,1,1,0.952,0.4340,0.1280,-0.1102,13.11,0.00,1791445943.391554,1,0,0.0
ds_live_1.0_20261008_165141,1791445943.347751,camera_color_optical_frame,1058,640,480,1,503.0,91.3,0.5720,-0.6194,0.01185,1,1,0.967,0.4340,0.1280,-0.1102,12.32,0.00,1791445943.422695,1,0,0.0
ds_live_1.0_20261008_165141,1791445943.381108,camera_color_optical_frame,1059,640,480,1,503.1,91.1,0.5722,-0.6202,0.01181,1,1,0.976,0.4330,0.1278,-0.1101,12.63,0.00,1791445943.455688,1,0,0.0
ds_live_1.0_20261008_165141,1791445943.414465,camera_color_optical_frame,1060,640,480,1,503.0,91.4,0.5719,-0.6194,0.01186,1,1,0.942,0.4340,0.1280,-0.1102,13.72,0.00,1791445943.490791,1,0,0.0
ds_live_1.0_20261008_165141,1791445943.447822,camera_color_optical_frame,1061,640,480,1,503.1,91.4,0.5721,-0.6193,0.01184,1,1,0.970,0.4330,0.1277,-0.1099,12.54,0.00,1791445943.522742,1,0,0.0
ds_live_1.0_20261008_165141,1791445943.481179,camera_color_optical_frame,1062,640,480,1,503.0,91.3,0.5720,-0.6196,0.01189,1,1,0.965,0.4330,0.1277,-0.1100,12.26,0.00,1791445943.555672,1,0,0.0
ds_live_1.0_20261008_165141,1791445943.514535,camera_color_optical_frame,1063,640,480,1,503.1,91.3,0.5723,-0.6194,0.01180,1,1,0.980,0.4330,0.1278,-0.1100,12.69,0.00,1791445943.589557,1,0,0.0
ds_live_1.0_20261008_165141,1791445943.547892,camera_color_optical_frame,1064,640,480,1,503.0,91.3,0.5720,-0.6196,0.01186,1,1,0.974,0.4320,0.1274,-0.1097,12.08,0.00,1791445943.620986,1,0,0.0
ds_live_1.0_20261008_165141,1791445943.581249,camera_color_optical_frame,1065,640,480,1,503.0,91.3,0.5720,-0.6197,0.01183,1,1,0.964,0.4320,0.1274,-0.1097,11.49,0.00,1791445943.655075,1,0,0.0
ds_live_1.0_20261008_165141,1791445943.614606,camera_color_optical_frame,1066,640,480,1,503.1,91.3,0.5721,-0.6195,0.01184,1,1,0.975,0.4320,0.1274,-0.1097,14.09,0.00,1791445943.692149,1,0,0.0
ds_live_1.0_20261008_165141,1791445943.647963,camera_color_optical_frame,1067,640,480,1,503.0,91.4,0.5719,-0.6194,0.01185,1,1,0.971,0.4330,0.1277,-0.1099,14.05,0.00,1791445943.725529,1,0,0.0
ds_live_1.0_20261008_165141,1791445943.681320,camera_color_optical_frame,1068,640,480,1,503.1,91.3,0.5721,-0.6196,0.01182,1,1,0.987,0.4320,0.1274,-0.1097,14.35,0.00,1791445943.759399,1,0,0.0
ds_live_1.0_20261008_165141,1791445943.714677,camera_color_optical_frame,1069,640,480,1,503.1,91.3,0.5722,-0.6197,0.01184,1,1,0.961,0.4330,0.1278,-0.1100,14.23,0.00,1791445943.791570,1,0,0.0
ds_live_1.0_20261008_165141,1791445943.748033,camera_color_optical_frame,1070,640,480,1,503.0,91.3,0.5719,-0.6195,0.01186,1,1,0.973,0.4330,0.1277,-0.1100,14.29,0.00,1791445943.824363,1,0,0.0
ds_live_1.0_20261008_165141,1791445943.781389,camera_color_optical_frame,1071,640,480,1,503.0,91.5,0.5720,-0.6189,0.01181,1,1,0.972,0.4330,0.1277,-0.1099,12.76,0.00,1791445943.856617,1,0,0.0
ds_live_1.0_20261008_165141,1791445943.814745,camera_color_optical_frame,1072,640,480,1,503.1,91.3,0.5721,-0.6197,0.01184,1,1,0.970,0.4340,0.1280,-0.1103,12.62,0.00,1791445943.889499,1,0,0.0
ds_live_1.0_20261008_165141,1791445943.848102,camera_color_optical_frame,1073,640,480,1,503.2,91.2,0.5724,-0.6198,0.01180,1,1,0.963,0.4340,0.1281,-0.1103,12.13,0.00,1791445943.922688,1,0,0.0
ds_live_1.0_20261008_165141,1791445943.881458,camera_color_optical_frame,1074,640,480,1,503.0,91.3,0.5720,-0.6195,0.01184,1,1,0.980,0.4330,0.1277,-0.1100,10.99,0.00,1791445943.954439,1,0,0.0
ds_live_1.0_20261008_165141,1791445943.914814,camera_color_optical_frame,1075,640,480,1,503.1,91.4,0.5721,-0.6193,0.01184,1,1,0.972,0.4340,0.1280,-0.1102,9.79,0.00,1791445943.985722,1,0,0.0
ds_live_1.0_20261008_165141,1791445943.948171,camera_color_optical_frame,1076,640,480,1,503.0,91.3,0.5720,-0.6195,0.01184,1,1,0.974,0.4320,0.1274,-0.1097,13.38,0.00,1791445944.024854,1,0,0.0
ds_live_1.0_20261008_165141,1791445943.981527,camera_color_optical_frame,1077,640,480,1,503.1,91.4,0.5722,-0.6193,0.01184,1,1,0.987,0.4330,0.1277,-0.1099,11.97,0.00,1791445944.056103,1,0,0.0
ds_live_1.0_20261008_165141,1791445944.014883,camera_color_optical_frame,1078,640,480,1,503.1,91.5,0.5722,-0.6189,0.01183,1,1,0.966,0.4340,0.1280,-0.1101,14.26,0.00,1791445944.091496,1,0,0.0
ds_live_1.0_20261008_165141,1791445944.048239,camera_color_optical_frame,1079,640,480,1,503.0,91.4,0.5720,-0.6191,0.01185,1,1,0.975,0.4340,0.1280,-0.1102,14.28,0.00,1791445944.124676,1,0,0.0
ds_live_1.0_20261008_165141,1791445944.081595,camera_color_optical_frame,1080,640,480,1,503.1,91.3,0.5721,-0.6196,0.01183,1,1,0.977,0.4340,0.1280,-0.1102,14.84,0.00,1791445944.158195,1,0,0.0
ds_live_1.0_20261008_165141,1791445944.114952,camera_color_optical_frame,1081,640,480,1,503.0,91.3,0.5718,-0.6195,0.01184,1,1,0.986,0.4320,0.1274,-0.1097,14.63,0.00,1791445944.191580,1,0,0.0
ds_live_1.0_20261008_165141,1791445944.148308,camera_color_optical_frame,1082,640,480,1,503.1,91.3,0.5722,-0.6197,0.01185,1,1,0.974,0.4330,0.1277,-0.1100,14.19,0.00,1791445944.225110,1,0,0.0
ds_live_1.0_20261008_165141,1791445944.181664,camera_color_optical_frame,1083,640,480,1,503.0,91.4,0.5718,-0.6192,0.01184,1,1,0.945,0.4340,0.1280,-0.1102,14.23,0.00,1791445944.258498,1,0,0.0
ds_live_1.0_20261008_165141,1791445944.215020,camera_color_optical_frame,1084,640,480,1,503.1,91.3,0.5721,-0.6198,0.01185,1,1,0.976,0.4330,0.1277,-0.1100,13.98,0.00,1791445944.291674,1,0,0.0
ds_live_1.0_20261008_165141,1791445944.248376,camera_color_optical_frame,1085,640,480,1,503.1,91.4,0.5722,-0.6193,0.01184,1,1,0.959,0.4330,0.1277,-0.1099,14.34,0.00,1791445944.325357,1,0,0.0
ds_live_1.0_20261008_165141,1791445944.281732,camera_color_optical_frame,1086,640,480,1,503.0,91.4,0.5720,-0.6192,0.01189,1,1,0.977,0.4340,0.1280,-0.1102,13.75,0.00,1791445944.356673,1,0,0.0
ds_live_1.0_20261008_165141,1791445944.315088,camera_color_optical_frame,1087,640,480,1,503.1,91.4,0.5720,-0.6193,0.01186,1,1,0.977,0.4340,0.1280,-0.1102,14.28,0.00,1791445944.391937,1,0,0.0
ds_live_1.0_20261008_165141,1791445944.348444,camera_color_optical_frame,1088,640,480,1,503.1,91.4,0.5721,-0.6192,0.01181,1,1,0.974,0.4330,0.1277,-0.1099,12.67,0.00,1791445944.423589,1,0,0.0
ds_live_1.0_20261008_165141,1791445944.381800,camera_color_optical_frame,1089,640,480,1,503.0,91.4,0.5719,-0.6193,0.01182,1,1,0.969,0.4340,0.1280,-0.1102,12.08,0.00,1791445944.456498,1,0,0.0
ds_live_1.0_20261008_165141,1791445944.415157,camera_color_optical_frame,1090,640,480,1,503.1,91.4,0.5722,-0.6192,0.01185,1,1,0.980,0.4340,0.1280,-0.1102,13.47,0.00,1791445944.491762,1,0,0.0
ds_live_1.0_20261008_165141,1791445944.448513,camera_color_optical_frame,1091,640,480,1,503.1,91.2,0.5722,-0.6199,0.01181,1,1,0.972,0.4330,0.1277,-0.1100,12.74,0.00,1791445944.523311,1,0,0.0
ds_live_1.0_20261008_165141,1791445944.481869,camera_color_optical_frame,1092,640,480,1,503.0,91.3,0.5720,-0.6194,0.01184,1,1,0.962,0.4340,0.1280,-0.1102,10.96,0.00,1791445944.554741,1,0,0.0
ds_live_1.0_20261008_165141,1791445944.515225,camera_color_optical_frame,1093,640,480,1,503.1,91.3,0.5722,-0.6198,0.01179,1,1,0.965,0.4340,0.1280,-0.1103,13.61,0.00,1791445944.591380,1,0,0.0
ds_live_1.0_20261008_165141,1791445944.548581,camera_color_optical_frame,1094,640,480,1,503.0,91.4,0.5719,-0.6193,0.01186,1,1,0.955,0.4340,0.1280,-0.1102,13.97,0.00,1791445944.625165,1,0,0.0
ds_live_1.0_20261008_165141,1791445944.581937,camera_color_optical_frame,1095,640,480,1,503.1,91.3,0.5721,-0.6194,0.01181,1,1,0.964,0.4340,0.1280,-0.1102,14.16,0.00,1791445944.658617,1,0,0.0
ds_live_1.0_20261008_165141,1791445944.615293,camera_color_optical_frame,1096,640,480,1,503.1,91.3,0.5721,-0.6197,0.01184,1,1,0.955,0.4340,0.1280,-0.1102,12.36,0.00,1791445944.689755,1,0,0.0
ds_live_1.0_20261008_165141,1791445944.648649,camera_color_optical_frame,1097,640,480,1,503.0,91.4,0.5720,-0.6192,0.01185,1,1,0.956,0.4340,0.1280,-0.1102,10.97,0.00,1791445944.720567,1,0,0.0
ds_live_1.0_20261008_165141,1791445944.682005,camera_color_optical_frame,1098,640,480,1,503.0,91.4,0.5720,-0.6193,0.01183,1,1,0.969,0.4330,0.1277,-0.1099,13.97,0.00,1791445944.758401,1,0,0.0
ds_live_1.0_20261008_165141,1791445944.715361,camera_color_optical_frame,1099,640,480,1,503.1,91.3,0.5721,-0.6196,0.01182,1,1,0.960,0.4330,0.1277,-0.1100,14.05,0.00,1791445944.792541,1,0,0.0
ds_live_1.0_20261008_165141,1791445944.748718,camera_color_optical_frame,1100,640,480,1,503.1,91.3,0.5722,-0.6198,0.01181,1,1,0.967,0.4330,0.1277,-0.1100,13.79,0.00,1791445944.825569,1,0,0.0
ds_live_1.0_20261008_165141,1791445944.782075,camera_color_optical_frame,1101,640,480,1,503.1,91.3,0.5721,-0.6197,0.01184,1,1,0.962,0.4340,0.1280,-0.1103,14.36,0.00,1791445944.859366,1,0,0.0
ds_live_1.0_20261008_165141,1791445944.815433,camera_color_optical_frame,1102,640,480,1,503.0,91.4,0.5720,-0.6191,0.01188,1,1,0.974,0.4330,0.1277,-0.1099,14.56,0.00,1791445944.892090,1,0,0.0
ds_live_1.0_20261008_165141,1791445944.848790,camera_color_optical_frame,1103,640,480,1,503.1,91.3,0.5721,-0.6195,0.01183,1,1,0.945,0.4330,0.1277,-0.1100,14.11,0.00,1791445944.925436,1,0,0.0
ds_live_1.0_20261008_165141,1791445944.882148,camera_color_optical_frame,1104,640,480,1,503.0,91.3,0.5718,-0.6195,0.01184,1,1,0.974,0.4320,0.1274,-0.1097,14.00,0.00,1791445944.958500,1,0,0.0
ds_live_1.0_20261008_165141,1791445944.915505,camera_color_optical_frame,1105,640,480,1,503.1,91.4,0.5721,-0.6193,0.01184,1,1,0.954,0.4340,0.1280,-0.1102,15.13,0.00,1791445944.992974,1,0,0.0
ds_live_1.0_20261008_165141,1791445944.948862,camera_color_optical_frame,1106,640,480,1,503.0,91.3,0.5718,-0.6195,0.01183,1,1,0.963,0.4330,0.1277,-0.1100,14.28,0.00,1791445945.025458,1,0,0.0
ds_live_1.0_20261008_165141,1791445944.982220,camera_color_optical_frame,1107,640,480,1,503.1,91.4,0.5720,-0.6191,0.01178,1,1,0.941,0.4340,0.1280,-0.1102,14.17,0.00,1791445945.058623,1,0,0.0
ds_live_1.0_20261008_165141,1791445945.015577,camera_color_optical_frame,1108,640,480,1,503.0,91.3,0.5718,-0.6195,0.01182,1,1,0.978,0.4320,0.1274,-0.1097,11.32,0.00,1791445945.087830,1,0,0.0
ds_live_1.0_20261008_165141,1791445945.048935,camera_color_optical_frame,1109,640,480,1,503.0,91.4,0.5720,-0.6193,0.01189,1,1,0.966,0.4330,0.1277,-0.1099,14.55,0.00,1791445945.125784,1,0,0.0
ds_live_1.0_20261008_165141,1791445945.082292,camera_color_optical_frame,1110,640,480,1,503.0,91.3,0.5720,-0.6196,0.01186,1,1,0.967,0.4340,0.1280,-0.1102,12.52,0.00,1791445945.157125,1,0,0.0
ds_live_1.0_20261008_165141,1791445945.115650,camera_color_optical_frame,1111,640,480,1,503.0,91.5,0.5718,-0.6188,0.01184,1,1,0.957,0.4340,0.1279,-0.1101,12.81,0.00,1791445945.191284,1,0,0.0
ds_live_1.0_20261008_165141,1791445945.149007,camera_color_optical_frame,1112,640,480,1,503.0,91.3,0.5720,-0.6194,0.01182,1,1,0.958,0.4350,0.1283,-0.1105,13.02,0.00,1791445945.224583,1,0,0.0
ds_live_1.0_20261008_165141,1791445945.182364,camera_color_optical_frame,1113,640,480,1,503.0,91.4,0.5720,-0.6190,0.01183,1,1,0.969,0.4330,0.1277,-0.1099,12.96,0.00,1791445945.257408,1,0,0.0
ds_live_1.0_20261008_165141,1791445945.215722,camera_color_optical_frame,1114,640,480,1,503.1,91.3,0.5721,-0.6197,0.01184,1,1,0.958,0.4340,0.1280,-0.1102,12.42,0.00,1791445945.290222,1,0,0.0
ds_live_1.0_20261008_165141,1791445945.249079,camera_color_optical_frame,1115,640,480,1,503.1,91.2,0.5722,-0.6200,0.01183,1,1,0.962,0.4340,0.1280,-0.1103,12.31,0.00,1791445945.323967,1,0,0.0
ds_live_1.0_20261008_165141,1791445945.282436,camera_color_optical_frame,1116,640,480,1,503.1,91.2,0.5723,-0.6199,0.01182,1,1,0.964,0.4340,0.1281,-0.1103,12.67,0.00,1791445945.357311,1,0,0.0
ds_live_1.0_20261008_165141,1791445945.315794,camera_color_optical_frame,1117,640,480,1,503.0,91.4,0.5719,-0.6191,0.01185,1,1,0.955,0.4340,0.1280,-0.1101,14.16,0.00,1791445945.392546,1,0,0.0
ds_live_1.0_20261008_165141,1791445945.349151,camera_color_optical_frame,1118,640,480,1,503.1,91.3,0.5721,-0.6197,0.01184,1,1,0.974,0.4330,0.1277,-0.1100,13.02,0.00,1791445945.424797,1,0,0.0
ds_live_1.0_20261008_165141,1791445945.382509,camera_color_optical_frame,1119,640,480,1,503.1,91.3,0.5721,-0.6195,0.01186,1,1,0.971,0.4340,0.1280,-0.1102,11.66,0.00,1791445945.455557,1,0,0.0
ds_live_1.0_20261008_165141,1791445945.415866,camera_color_optical_frame,1120,640,480,1,503.0,91.4,0.5719,-0.6191,0.01188,1,1,0.968,0.4340,0.1280,-0.1102,12.29,0.00,1791445945.490497,1,0,0.0
ds_live_1.0_20261008_165141,1791445945.449223,camera_color_optical_frame,1121,640,480,1,503.1,91.3,0.5722,-0.6195,0.01181,1,1,0.959,0.4330,0.1277,-0.1100,13.79,0.00,1791445945.525690,1,0,0.0
ds_live_1.0_20261008_165141,1791445945.482580,camera_color_optical_frame,1122,640,480,1,503.0,91.3,0.5719,-0.6196,0.01183,1,1,0.973,0.4340,0.1280,-0.1102,13.81,0.00,1791445945.559413,1,0,0.0
ds_live_1.0_20261008_165141,1791445945.515938,camera_color_optical_frame,1123,640,480,1,503.0,91.4,0.5720,-0.6193,0.01183,1,1,0.975,0.4330,0.1277,-0.1099,13.71,0.00,1791445945.592753,1,0,0.0
ds_live_1.0_20261008_165141,1791445945.549295,camera_color_optical_frame,1124,640,480,1,503.0,91.3,0.5720,-0.6197,0.01185,1,1,0.974,0.4340,0.1280,-0.1102,12.35,0.00,1791445945.623720,1,0,0.0
ds_live_1.0_20261008_165141,1791445945.582653,camera_color_optical_frame,1125,640,480,1,503.0,91.3,0.5719,-0.6196,0.01183,1,1,0.969,0.4330,0.1277,-0.1100,12.41,0.00,1791445945.657065,1,0,0.0
ds_live_1.0_20261008_165141,1791445945.616010,camera_color_optical_frame,1126,640,480,1,503.1,91.3,0.5723,-0.6198,0.01184,1,1,0.973,0.4330,0.1278,-0.1100,12.62,0.00,1791445945.691189,1,0,0.0
ds_live_1.0_20261008_165141,1791445945.649367,camera_color_optical_frame,1127,640,480,1,503.0,91.4,0.5719,-0.6192,0.01187,1,1,0.970,0.4330,0.1277,-0.1099,11.86,0.00,1791445945.723454,1,0,0.0
ds_live_1.0_20261008_165141,1791445945.682724,camera_color_optical_frame,1128,640,480,1,503.1,91.3,0.5722,-0.6196,0.01181,1,1,0.988,0.4330,0.1278,-0.1100,12.41,0.00,1791445945.757710,1,0,0.0
ds_live_1.0_20261008_165141,1791445945.716082,camera_color_optical_frame,1129,640,480,1,503.1,91.4,0.5722,-0.6193,0.01178,1,1,0.961,0.4330,0.1277,-0.1099,12.64,0.00,1791445945.790842,1,0,0.0
ds_live_1.0_20261008_165141,1791445945.749440,camera_color_optical_frame,1130,640,480,1,503.0,91.3,0.5720,-0.6194,0.01186,1,1,0.979,0.4320,0.1274,-0.1097,10.52,0.00,1791445945.821287,1,0,0.0
ds_live_1.0_20261008_165141,1791445945.782797,camera_color_optical_frame,1131,640,480,1,503.0,91.4,0.5720,-0.6192,0.01184,1,1,0.967,0.4330,0.1277,-0.1099,12.49,0.00,1791445945.857737,1,0,0.0
ds_live_1.0_20261008_165141,1791445945.816155,camera_color_optical_frame,1132,640,480,1,503.1,91.3,0.5721,-0.6196,0.01186,1,1,0.965,0.4330,0.1277,-0.1100,14.06,0.00,1791445945.893040,1,0,0.0
ds_live_1.0_20261008_165141,1791445945.849513,camera_color_optical_frame,1133,640,480,1,503.0,91.3,0.5719,-0.6195,0.01188,1,1,0.985,0.4330,0.1277,-0.1100,13.71,0.00,1791445945.926181,1,0,0.0
ds_live_1.0_20261008_165141,1791445945.882870,camera_color_optical_frame,1134,640,480,1,503.1,91.3,0.5722,-0.6197,0.01181,1,1,0.963,0.4340,0.1280,-0.1102,12.55,0.00,1791445945.958369,1,0,0.0
ds_live_1.0_20261008_165141,1791445945.916228,camera_color_optical_frame,1135,640,480,1,503.1,91.2,0.5722,-0.6198,0.01181,1,1,0.978,0.4330,0.1277,-0.1100,12.92,0.00,1791445945.991129,1,0,0.0
ds_live_1.0_20261008_165141,1791445945.949586,camera_color_optical_frame,1136,640,480,1,503.0,91.3,0.5720,-0.6198,0.01187,1,1,0.940,0.4350,0.1283,-0.1105,11.65,0.00,1791445946.022913,1,0,0.0
ds_live_1.0_20261008_165141,1791445945.982944,camera_color_optical_frame,1137,640,480,1,503.0,91.2,0.5720,-0.6198,0.01185,1,1,0.975,0.4340,0.1280,-0.1103,11.79,0.00,1791445946.057531,1,0,0.0
ds_live_1.0_20261008_165141,1791445946.016302,camera_color_optical_frame,1138,640,480,1,503.0,91.3,0.5719,-0.6198,0.01181,1,1,0.971,0.4330,0.1277,-0.1100,12.57,0.00,1791445946.090938,1,0,0.0
ds_live_1.0_20261008_165141,1791445946.049659,camera_color_optical_frame,1139,640,480,1,503.1,91.3,0.5721,-0.6197,0.01186,1,1,0.971,0.4340,0.1280,-0.1102,12.83,0.00,1791445946.125026,1,0,0.0
ds_live_1.0_20261008_165141,1791445946.083017,camera_color_optical_frame,1140,640,480,1,503.0,91.4,0.5719,-0.6193,0.01185,1,1,0.969,0.4350,0.1283,-0.1104,12.04,0.00,1791445946.157240,1,0,0.0
ds_live_1.0_20261008_165141,1791445946.116375,camera_color_optical_frame,1141,640,480,1,503.0,91.3,0.5719,-0.6195,0.01187,1,1,0.969,0.4340,0.1280,-0.1102,12.36,0.00,1791445946.189592,1,0,0.0
ds_live_1.0_20261008_165141,1791445946.149733,camera_color_optical_frame,1142,640,480,1,503.1,91.2,0.5722,-0.6200,0.01184,1,1,0.973,0.4320,0.1275,-0.1098,13.42,0.00,1791445946.225439,1,0,0.0
ds_live_1.0_20261008_165141,1791445946.183091,camera_color_optical_frame,1143,640,480,1,503.0,91.3,0.5719,-0.6194,0.01189,1,1,0.974,0.4330,0.1277,-0.1099,13.52,0.00,1791445946.259903,1,0,0.0
ds_live_1.0_20261008_165141,1791445946.216448,camera_color_optical_frame,1144,640,480,1,503.1,91.3,0.5722,-0.6198,0.01180,1,1,0.968,0.4330,0.1278,-0.1100,12.32,0.00,1791445946.291420,1,0,0.0
ds_live_1.0_20261008_165141,1791445946.249806,camera_color_optical_frame,1145,640,480,1,503.0,91.3,0.5720,-0.6195,0.01183,1,1,0.971,0.4330,0.1277,-0.1100,13.59,0.00,1791445946.325637,1,0,0.0
ds_live_1.0_20261008_165141,1791445946.283164,camera_color_optical_frame,1146,640,480,1,503.0,91.5,0.5719,-0.6190,0.01184,1,1,0.956,0.4340,0.1280,-0.1101,11.37,0.00,1791445946.355919,1,0,0.0
ds_live_1.0_20261008_165141,1791445946.316522,camera_color_optical_frame,1147,640,480,1,503.1,91.3,0.5721,-0.6196,0.01186,1,1,0.965,0.4350,0.1283,-0.1105,10.37,0.00,1791445946.388285,1,0,0.0
ds_live_1.0_20261008_165141,1791445946.349880,camera_color_optical_frame,1148,640,480,1,503.2,91.2,0.5724,-0.6200,0.01178,1,1,0.955,0.4340,0.1281,-0.1103,11.98,0.00,1791445946.424107,1,0,0.0
ds_live_1.0_20261008_165141,1791445946.383238,camera_color_optical_frame,1149,640,480,1,503.2,91.1,0.5725,-0.6206,0.01179,1,1,0.968,0.4340,0.1281,-0.1104,11.99,0.00,1791445946.457689,1,0,0.0
ds_live_1.0_20261008_165141,1791445946.416596,camera_color_optical_frame,1150,640,480,1,503.0,91.4,0.5720,-0.6194,0.01184,1,1,0.974,0.4330,0.1277,-0.1099,12.77,0.00,1791445946.494097,1,0,0.0
ds_live_1.0_20261008_165141,1791445946.449954,camera_color_optical_frame,1151,640,480,1,503.1,91.3,0.5720,-0.6194,0.01181,1,1,0.972,0.4350,0.1283,-0.1105,12.60,0.00,1791445946.527034,1,0,0.0
ds_live_1.0_20261008_165141,1791445946.483312,camera_color_optical_frame,1152,640,480,1,503.0,91.4,0.5720,-0.6193,0.01183,1,1,0.976,0.4340,0.1280,-0.1102,11.61,0.00,1791445946.557565,1,0,0.0
ds_live_1.0_20261008_165141,1791445946.516670,camera_color_optical_frame,1153,640,480,1,503.2,91.1,0.5725,-0.6204,0.01181,1,1,0.958,0.4340,0.1281,-0.1104,12.98,0.00,1791445946.593864,1,0,0.0
ds_live_1.0_20261008_165141,1791445946.550027,camera_color_optical_frame,1154,640,480,1,503.1,91.2,0.5721,-0.6200,0.01180,1,1,0.974,0.4330,0.1277,-0.1101,12.80,0.00,1791445946.627367,1,0,0.0
ds_live_1.0_20261008_165141,1791445946.583386,camera_color_optical_frame,1155,640,480,1,503.1,91.2,0.5723,-0.6202,0.01180,1,1,0.976,0.4340,0.1281,-0.1103,12.27,0.00,1791445946.660597,1,0,0.0
ds_live_1.0_20261008_165141,1791445946.616744,camera_color_optical_frame,1156,640,480,1,503.1,91.2,0.5721,-0.6202,0.01182,1,1,0.975,0.4330,0.1277,-0.1101,12.86,0.00,1791445946.694392,1,0,0.0
ds_live_1.0_20261008_165141,1791445946.650101,camera_color_optical_frame,1157,640,480,1,503.0,91.4,0.5719,-0.6192,0.01187,1,1,0.980,0.4340,0.1280,-0.1102,12.61,0.00,1791445946.726064,1,0,0.0
ds_live_1.0_20261008_165141,1791445946.683460,camera_color_optical_frame,1158,640,480,1,503.0,91.3,0.5720,-0.6195,0.01182,1,1,0.965,0.4340,0.1280,-0.1102,11.40,0.00,1791445946.758135,1,0,0.0
ds_live_1.0_20261008_165141,1791445946.716818,camera_color_optical_frame,1159,640,480,1,503.0,91.3,0.5719,-0.6197,0.01184,1,1,0.956,0.4350,0.1283,-0.1105,13.11,0.00,1791445946.794072,1,0,0.0
ds_live_1.0_20261008_165141,1791445946.750175,camera_color_optical_frame,1160,640,480,1,503.1,91.1,0.5723,-0.6205,0.01177,1,1,0.974,0.4340,0.1281,-0.1104,13.27,0.00,1791445946.826726,1,0,0.0
ds_live_1.0_20261008_165141,1791445946.783532,camera_color_optical_frame,1161,640,480,1,503.0,91.3,0.5719,-0.6194,0.01184,1,1,0.947,0.4340,0.1280,-0.1102,13.72,0.00,1791445946.859945,1,0,0.0
ds_live_1.0_20261008_165141,1791445946.816889,camera_color_optical_frame,1162,640,480,1,503.1,91.3,0.5722,-0.6195,0.01181,1,1,0.978,0.4330,0.1277,-0.1100,11.95,0.00,1791445946.891336,1,0,0.0
ds_live_1.0_20261008_165141,1791445946.850246,camera_color_optical_frame,1163,640,480,1,503.0,91.2,0.5720,-0.6199,0.01186,1,1,0.964,0.4330,0.1277,-0.1100,11.31,0.00,1791445946.922771,1,0,0.0
ds_live_1.0_20261008_165141,1791445946.883604,camera_color_optical_frame,1164,640,480,1,503.0,91.2,0.5720,-0.6199,0.01184,1,1,0.973,0.4320,0.1274,-0.1098,12.65,0.00,1791445946.958837,1,0,0.0
ds_live_1.0_20261008_165141,1791445946.916961,camera_color_optical_frame,1165,640,480,1,503.0,91.3,0.5718,-0.6194,0.01184,1,1,0.964,0.4340,0.1280,-0.1102,12.43,0.00,1791445946.992270,1,0,0.0
ds_live_1.0_20261008_165141,1791445946.950318,camera_color_optical_frame,1166,640,480,1,503.1,91.3,0.5720,-0.6197,0.01182,1,1,0.974,0.4340,0.1280,-0.1103,13.63,0.00,1791445947.026917,1,0,0.0
ds_live_1.0_20261008_165141,1791445946.983675,camera_color_optical_frame,1167,640,480,1,503.1,91.3,0.5721,-0.6196,0.01179,1,1,0.978,0.4340,0.1280,-0.1102,13.42,0.00,1791445947.060106,1,0,0.0
ds_live_1.0_20261008_165141,1791445947.017033,camera_color_optical_frame,1168,640,480,1,503.0,91.5,0.5718,-0.6188,0.01187,1,1,0.955,0.4350,0.1282,-0.1104,12.40,0.00,1791445947.091571,1,0,0.0
ds_live_1.0_20261008_165141,1791445947.050390,camera_color_optical_frame,1169,640,480,1,503.1,91.2,0.5723,-0.6200,0.01180,1,1,0.973,0.4330,0.1278,-0.1101,10.78,0.00,1791445947.122886,1,0,0.0
ds_live_1.0_20261008_165141,1791445947.083747,camera_color_optical_frame,1170,640,480,1,503.0,91.3,0.5719,-0.6194,0.01177,1,1,0.975,0.4340,0.1280,-0.1102,12.55,0.00,1791445947.158558,1,0,0.0
ds_live_1.0_20261008_165141,1791445947.117104,camera_color_optical_frame,1171,640,480,1,503.0,91.4,0.5720,-0.6191,0.01184,1,1,0.961,0.4340,0.1280,-0.1102,11.46,0.00,1791445947.190849,1,0,0.0
ds_live_1.0_20261008_165141,1791445947.150461,camera_color_optical_frame,1172,640,480,1,503.1,91.3,0.5720,-0.6197,0.01183,1,1,0.960,0.4350,0.1283,-0.1105,11.64,0.00,1791445947.225442,1,0,0.0
ds_live_1.0_20261008_165141,1791445947.183819,camera_color_optical_frame,1173,640,480,1,503.0,91.3,0.5719,-0.6195,0.01185,1,1,0.962,0.4340,0.1280,-0.1102,12.89,0.00,1791445947.260404,1,0,0.0
ds_live_1.0_20261008_165141,1791445947.217176,camera_color_optical_frame,1174,640,480,1,503.1,91.3,0.5723,-0.6197,0.01182,1,1,0.962,0.4340,0.1281,-0.1102,11.75,0.00,1791445947.291649,1,0,0.0
ds_live_1.0_20261008_165141,1791445947.250533,camera_color_optical_frame,1175,640,480,1,503.1,91.2,0.5722,-0.6199,0.01183,1,1,0.955,0.4340,0.1280,-0.1103,12.80,0.00,1791445947.327636,1,0,0.0
ds_live_1.0_20261008_165141,1791445947.283890,camera_color_optical_frame,1176,640,480,1,503.2,91.3,0.5724,-0.6196,0.01184,1,1,0.977,0.4330,0.1278,-0.1100,12.74,0.00,1791445947.361008,1,0,0.0
ds_live_1.0_20261008_165141,1791445947.317248,camera_color_optical_frame,1177,640,480,1,503.0,91.4,0.5720,-0.6193,0.01186,1,1,0.981,0.4330,0.1277,-0.1099,12.93,0.00,1791445947.394467,1,0,0.0
ds_live_1.0_20261008_165141,1791445947.350605,camera_color_optical_frame,1178,640,480,1,503.1,91.2,0.5723,-0.6199,0.01178,1,1,0.960,0.4350,0.1284,-0.1105,12.94,0.00,1791445947.427797,1,0,0.0
ds_live_1.0_20261008_165141,1791445947.383962,camera_color_optical_frame,1179,640,480,1,503.1,91.4,0.5720,-0.6193,0.01185,1,1,0.960,0.4340,0.1280,-0.1102,12.68,0.00,1791445947.460672,1,0,0.0
ds_live_1.0_20261008_165141,1791445947.417320,camera_color_optical_frame,1180,640,480,1,503.0,91.3,0.5720,-0.6198,0.01187,1,1,0.963,0.4340,0.1280,-0.1103,11.69,0.00,1791445947.492363,1,0,0.0
ds_live_1.0_20261008_165141,1791445947.450677,camera_color_optical_frame,1181,640,480,1,503.0,91.3,0.5720,-0.6197,0.01188,1,1,0.979,0.4340,0.1280,-0.1103,12.69,0.00,1791445947.526668,1,0,0.0
ds_live_1.0_20261008_165141,1791445947.484034,camera_color_optical_frame,1182,640,480,1,503.0,91.3,0.5719,-0.6197,0.01183,1,1,0.968,0.4330,0.1277,-0.1100,12.69,0.00,1791445947.560931,1,0,0.0
ds_live_1.0_20261008_165141,1791445947.517391,camera_color_optical_frame,1183,640,480,1,503.0,91.3,0.5719,-0.6196,0.01183,1,1,0.964,0.4360,0.1286,-0.1107,12.92,0.00,1791445947.594446,1,0,0.0
ds_live_1.0_20261008_165141,1791445947.550749,camera_color_optical_frame,1184,640,480,1,503.1,91.2,0.5723,-0.6200,0.01180,1,1,0.952,0.4340,0.1281,-0.1103,12.61,0.00,1791445947.626164,1,0,0.0
ds_live_1.0_20261008_165141,1791445947.584106,camera_color_optical_frame,1185,640,480,1,503.0,91.4,0.5718,-0.6191,0.01187,1,1,0.974,0.4340,0.1279,-0.1102,10.06,0.00,1791445947.655269,1,0,0.0
ds_live_1.0_20261008_165141,1791445947.617463,camera_color_optical_frame,1186,640,480,1,503.1,91.2,0.5721,-0.6199,0.01185,1,1,0.975,0.4340,0.1280,-0.1103,12.61,0.00,1791445947.692480,1,0,0.0
ds_live_1.0_20261008_165141,1791445947.650821,camera_color_optical_frame,1187,640,480,1,503.1,91.2,0.5722,-0.6200,0.01183,1,1,0.956,0.4330,0.1277,-0.1101,12.35,0.00,1791445947.725770,1,0,0.0
ds_live_1.0_20261008_165141,1791445947.684178,camera_color_optical_frame,1188,640,480,1,503.1,91.2,0.5721,-0.6199,0.01184,1,1,0.985,0.4350,0.1283,-0.1105,13.98,0.00,1791445947.761182,1,0,0.0
ds_live_1.0_20261008_165141,1791445947.717535,camera_color_optical_frame,1189,640,480,1,503.0,91.3,0.5720,-0.6194,0.01184,1,1,0.985,0.4340,0.1280,-0.1102,14.16,0.00,1791445947.794597,1,0,0.0
ds_live_1.0_20261008_165141,1791445947.750892,camera_color_optical_frame,1190,640,480,1,503.0,91.3,0.5718,-0.6195,0.01184,1,1,0.981,0.4340,0.1280,-0.1102,10.52,0.00,1791445947.823244,1,0,0.0
ds_live_1.0_20261008_165141,1791445947.784248,camera_color_optical_frame,1191,640,480,1,503.1,91.2,0.5723,-0.6201,0.01183,1,1,0.974,0.4330,0.1278,-0.1101,13.91,0.00,1791445947.859923,1,0,0.0
ds_live_1.0_20261008_165141,1791445947.817605,camera_color_optical_frame,1192,640,480,1,503.0,91.3,0.5719,-0.6195,0.01186,1,1,0.966,0.4340,0.1280,-0.1102,14.08,0.00,1791445947.894223,1,0,0.0
ds_live_1.0_20261008_165141,1791445947.850962,camera_color_optical_frame,1193,640,480,1,503.0,91.3,0.5720,-0.6195,0.01188,1,1,0.968,0.4340,0.1280,-0.1102,14.09,0.00,1791445947.927340,1,0,0.0
ds_live_1.0_20261008_165141,1791445947.884319,camera_color_optical_frame,1194,640,480,1,503.0,91.3,0.5719,-0.6197,0.01186,1,1,0.974,0.4340,0.1280,-0.1103,14.08,0.00,1791445947.960651,1,0,0.0
ds_live_1.0_20261008_165141,1791445947.917675,camera_color_optical_frame,1195,640,480,1,503.1,91.4,0.5721,-0.6193,0.01186,1,1,0.976,0.4350,0.1283,-0.1104,14.12,0.00,1791445947.994411,1,0,0.0
ds_live_1.0_20261008_165141,1791445947.951032,camera_color_optical_frame,1196,640,480,1,503.0,91.4,0.5719,-0.6193,0.01186,1,1,0.963,0.4360,0.1286,-0.1107,13.76,0.00,1791445948.025987,1,0,0.0
ds_live_1.0_20261008_165141,1791445947.984388,camera_color_optical_frame,1197,640,480,1,503.0,91.3,0.5718,-0.6197,0.01183,1,1,0.964,0.4340,0.1280,-0.1102,14.37,0.00,1791445948.061788,1,0,0.0
ds_live_1.0_20261008_165141,1791445948.017745,camera_color_optical_frame,1198,640,480,1,503.1,91.3,0.5722,-0.6197,0.01184,1,1,0.973,0.4330,0.1278,-0.1100,14.07,0.00,1791445948.095186,1,0,0.0
ds_live_1.0_20261008_165141,1791445948.051101,camera_color_optical_frame,1199,640,480,1,503.1,91.2,0.5723,-0.6202,0.01191,1,1,0.981,0.4340,0.1281,-0.1103,14.33,0.00,1791445948.128627,1,0,0.0
ds_live_1.0_20261008_165141,1791445948.084458,camera_color_optical_frame,1200,640,480,1,502.9,91.4,0.5717,-0.6191,0.01186,1,1,0.984,0.4350,0.1282,-0.1104,13.00,0.00,1791445948.162462,1,0,0.0
ds_live_1.0_20261008_165141,1791445948.117815,camera_color_optical_frame,1201,640,480,1,503.1,91.3,0.5721,-0.6196,0.01183,1,1,0.970,0.4340,0.1280,-0.1102,13.48,0.00,1791445948.193903,1,0,0.0
ds_live_1.0_20261008_165141,1791445948.151171,camera_color_optical_frame,1202,640,480,1,503.0,91.3,0.5718,-0.6197,0.01184,1,1,0.953,0.4340,0.1280,-0.1103,12.73,0.00,1791445948.226102,1,0,0.0
ds_live_1.0_20261008_165141,1791445948.184528,camera_color_optical_frame,1203,640,480,1,503.1,91.2,0.5721,-0.6199,0.01184,1,1,0.986,0.4330,0.1277,-0.1100,13.22,0.00,1791445948.260084,1,0,0.0
ds_live_1.0_20261008_165141,1791445948.217885,camera_color_optical_frame,1204,640,480,1,503.1,91.1,0.5722,-0.6205,0.01182,1,1,0.973,0.4350,0.1283,-0.1106,14.07,0.00,1791445948.294398,1,0,0.0
ds_live_1.0_20261008_165141,1791445948.251241,camera_color_optical_frame,1205,640,480,1,503.1,91.2,0.5723,-0.6199,0.01186,1,1,0.979,0.4340,0.1281,-0.1103,14.22,0.00,1791445948.328056,1,0,0.0
ds_live_1.0_20261008_165141,1791445948.284598,camera_color_optical_frame,1206,640,480,1,503.1,91.3,0.5720,-0.6196,0.01181,1,1,0.959,0.4340,0.1280,-0.1102,14.40,0.00,1791445948.361721,1,0,0.0
ds_live_1.0_20261008_165141,1791445948.317954,camera_color_optical_frame,1207,640,480,1,503.0,91.4,0.5719,-0.6194,0.01185,1,1,0.983,0.4330,0.1277,-0.1099,13.14,0.00,1791445948.392054,1,0,0.0
ds_live_1.0_20261008_165141,1791445948.351311,camera_color_optical_frame,1208,640,480,1,503.1,91.2,0.5721,-0.6198,0.01184,1,1,0.978,0.4340,0.1280,-0.1103,12.22,0.00,1791445948.425776,1,0,0.0
ds_live_1.0_20261008_165141,1791445948.384667,camera_color_optical_frame,1209,640,480,1,503.0,91.2,0.5719,-0.6199,0.01187,1,1,0.980,0.4340,0.1280,-0.1103,13.05,0.00,1791445948.460448,1,0,0.0
ds_live_1.0_20261008_165141,1791445948.418024,camera_color_optical_frame,1210,640,480,1,503.1,91.2,0.5723,-0.6199,0.01183,1,1,0.968,0.4340,0.1281,-0.1103,13.56,0.00,1791445948.495158,1,0,0.0
ds_live_1.0_20261008_165141,1791445948.451381,camera_color_optical_frame,1211,640,480,1,503.0,91.3,0.5720,-0.6196,0.01187,1,1,0.965,0.4350,0.1283,-0.1105,13.64,0.00,1791445948.528056,1,0,0.0
ds_live_1.0_20261008_165141,1791445948.484737,camera_color_optical_frame,1212,640,480,1,503.2,91.1,0.5726,-0.6204,0.01178,1,1,0.984,0.4330,0.1278,-0.1101,12.49,0.00,1791445948.559591,1,0,0.0
ds_live_1.0_20261008_165141,1791445948.518094,camera_color_optical_frame,1213,640,480,1,503.0,91.2,0.5720,-0.6198,0.01185,1,1,0.985,0.4330,0.1277,-0.1100,11.47,0.00,1791445948.591300,1,0,0.0
ds_live_1.0_20261008_165141,1791445948.551450,camera_color_optical_frame,1214,640,480,1,503.0,91.4,0.5718,-0.6193,0.01184,1,1,0.971,0.4350,0.1283,-0.1104,12.11,0.00,1791445948.626240,1,0,0.0
ds_live_1.0_20261008_165141,1791445948.584807,camera_color_optical_frame,1215,640,480,1,503.1,91.3,0.5720,-0.6197,0.01183,1,1,0.973,0.4350,0.1283,-0.1105,12.31,0.00,1791445948.660507,1,0,0.0
ds_live_1.0_20261008_165141,1791445948.618164,camera_color_optical_frame,1216,640,480,1,503.1,91.3,0.5721,-0.6195,0.01187,1,1,0.978,0.4340,0.1280,-0.1102,12.85,0.00,1791445948.694928,1,0,0.0
ds_live_1.0_20261008_165141,1791445948.651520,camera_color_optical_frame,1217,640,480,1,503.1,91.2,0.5721,-0.6199,0.01184,1,1,0.978,0.4340,0.1280,-0.1103,12.35,0.00,1791445948.728205,1,0,0.0
ds_live_1.0_20261008_165141,1791445948.684876,camera_color_optical_frame,1218,640,480,1,503.0,91.3,0.5720,-0.6198,0.01187,1,1,0.973,0.4340,0.1280,-0.1103,11.08,0.00,1791445948.759111,1,0,0.0
ds_live_1.0_20261008_165141,1791445948.718233,camera_color_optical_frame,1219,640,480,1,503.1,91.2,0.5721,-0.6199,0.01179,1,1,0.969,0.4350,0.1283,-0.1105,12.76,0.00,1791445948.795229,1,0,0.0
ds_live_1.0_20261008_165141,1791445948.751590,camera_color_optical_frame,1220,640,480,1,503.1,91.1,0.5722,-0.6203,0.01185,1,1,0.973,0.4360,0.1286,-0.1109,13.44,0.00,1791445948.829796,1,0,0.0
ds_live_1.0_20261008_165141,1791445948.784948,camera_color_optical_frame,1221,640,480,1,503.1,91.2,0.5720,-0.6201,0.01180,1,1,0.966,0.4360,0.1286,-0.1108,12.35,0.00,1791445948.862388,1,0,0.0
ds_live_1.0_20261008_165141,1791445948.818305,camera_color_optical_frame,1222,640,480,1,503.0,91.3,0.5720,-0.6195,0.01188,1,1,0.966,0.4350,0.1283,-0.1105,14.15,0.00,1791445948.897533,1,0,0.0
ds_live_1.0_20261008_165141,1791445948.851662,camera_color_optical_frame,1223,640,480,1,503.1,91.2,0.5723,-0.6200,0.01184,1,1,0.973,0.4350,0.1284,-0.1106,12.41,0.00,1791445948.928971,1,0,0.0
ds_live_1.0_20261008_165141,1791445948.885020,camera_color_optical_frame,1224,640,480,1,503.1,91.2,0.5721,-0.6200,0.01183,1,1,0.985,0.4340,0.1280,-0.1103,13.00,0.00,1791445948.961979,1,0,0.0
ds_live_1.0_20261008_165141,1791445948.918377,camera_color_optical_frame,1225,640,480,1,503.1,91.2,0.5722,-0.6198,0.01180,1,1,0.973,0.4340,0.1280,-0.1103,12.07,0.00,1791445948.994284,1,0,0.0
ds_live_1.0_20261008_165141,1791445948.951734,camera_color_optical_frame,1226,640,480,1,503.1,91.3,0.5721,-0.6196,0.01187,1,1,0.968,0.4340,0.1280,-0.1102,11.97,0.00,1791445949.027761,1,0,0.0
ds_live_1.0_20261008_165141,1791445948.985091,camera_color_optical_frame,1227,640,480,1,503.1,91.3,0.5721,-0.6196,0.01183,1,1,0.968,0.4350,0.1283,-0.1105,11.40,0.00,1791445949.060420,1,0,0.0
ds_live_1.0_20261008_165141,1791445949.018449,camera_color_optical_frame,1228,640,480,1,503.0,91.2,0.5719,-0.6199,0.01188,1,1,0.977,0.4350,0.1283,-0.1105,11.25,0.00,1791445949.093454,1,0,0.0
ds_live_1.0_20261008_165141,1791445949.051806,camera_color_optical_frame,1229,640,480,1,503.1,91.1,0.5721,-0.6203,0.01181,1,1,0.976,0.4340,0.1280,-0.1104,10.29,0.00,1791445949.124609,1,0,0.0
ds_live_1.0_20261008_165141,1791445949.085163,camera_color_optical_frame,1230,640,480,1,503.1,91.2,0.5722,-0.6200,0.01184,1,1,0.969,0.4350,0.1283,-0.1106,12.68,0.00,1791445949.161788,1,0,0.0
ds_live_1.0_20261008_165141,1791445949.118521,camera_color_optical_frame,1231,640,480,1,503.1,91.3,0.5722,-0.6195,0.01183,1,1,0.982,0.4350,0.1283,-0.1105,12.87,0.00,1791445949.195570,1,0,0.0
ds_live_1.0_20261008_165141,1791445949.151878,camera_color_optical_frame,1232,640,480,1,503.1,91.2,0.5721,-0.6200,0.01185,1,1,0.980,0.4340,0.1280,-0.1103,12.63,0.00,1791445949.229144,1,0,0.0
ds_live_1.0_20261008_165141,1791445949.185235,camera_color_optical_frame,1233,640,480,1,503.1,91.2,0.5722,-0.6198,0.01183,1,1,0.991,0.4340,0.1280,-0.1103,12.59,0.00,1791445949.262161,1,0,0.0
ds_live_1.0_20261008_165141,1791445949.218593,camera_color_optical_frame,1234,640,480,1,503.1,91.3,0.5721,-0.6198,0.01180,1,1,0.985,0.4340,0.1280,-0.1103,13.36,0.00,1791445949.295501,1,0,0.0
ds_live_1.0_20261008_165141,1791445949.251950,camera_color_optical_frame,1235,640,480,1,503.2,91.1,0.5724,-0.6203,0.01182,1,1,0.975,0.4350,0.1284,-0.1106,12.89,0.00,1791445949.326997,1,0,0.0
ds_live_1.0_20261008_165141,1791445949.285307,camera_color_optical_frame,1236,640,480,1,503.1,91.0,0.5722,-0.6207,0.01184,1,1,0.965,0.4340,0.1280,-0.1104,11.97,0.00,1791445949.359574,1,0,0.0
ds_live_1.0_20261008_165141,1791445949.318665,camera_color_optical_frame,1237,640,480,1,503.1,91.3,0.5721,-0.6197,0.01186,1,1,0.973,0.4340,0.1280,-0.1102,12.40,0.00,1791445949.393563,1,0,0.0
ds_live_1.0_20261008_165141,1791445949.352022,camera_color_optical_frame,1238,640,480,1,503.1,91.2,0.5722,-0.6200,0.01186,1,1,0.970,0.4340,0.1280,-0.1103,13.82,0.00,1791445949.428470,1,0,0.0
ds_live_1.0_20261008_165141,1791445949.385379,camera_color_optical_frame,1239,640,480,1,503.1,91.1,0.5722,-0.6202,0.01183,1,1,0.981,0.4335,0.1279,-0.1102,13.52,0.00,1791445949.461535,1,0,0.0
ds_live_1.0_20261008_165141,1791445949.418737,camera_color_optical_frame,1240,640,480,1,503.0,91.2,0.5720,-0.6199,0.01184,1,1,0.969,0.4350,0.1283,-0.1105,12.08,0.00,1791445949.491964,1,0,0.0
ds_live_1.0_20261008_165141,1791445949.452094,camera_color_optical_frame,1241,640,480,1,503.1,91.2,0.5722,-0.6200,0.01182,1,1,0.984,0.4350,0.1283,-0.1106,13.80,0.00,1791445949.528602,1,0,0.0
ds_live_1.0_20261008_165141,1791445949.485451,camera_color_optical_frame,1242,640,480,1,503.1,91.3,0.5722,-0.6196,0.01187,1,1,0.971,0.4340,0.1280,-0.1102,13.65,0.00,1791445949.561970,1,0,0.0
ds_live_1.0_20261008_165141,1791445949.518808,camera_color_optical_frame,1243,640,480,1,503.1,91.2,0.5721,-0.6201,0.01184,1,1,0.972,0.4350,0.1283,-0.1106,12.79,0.00,1791445949.594267,1,0,0.0
ds_live_1.0_20261008_165141,1791445949.552166,camera_color_optical_frame,1244,640,480,1,503.0,91.2,0.5720,-0.6198,0.01187,1,1,0.989,0.4340,0.1280,-0.1103,13.56,0.00,1791445949.628630,1,0,0.0
ds_live_1.0_20261008_165141,1791445949.585523,camera_color_optical_frame,1245,640,480,1,503.0,91.3,0.5719,-0.6198,0.01187,1,1,0.975,0.4350,0.1283,-0.1105,12.42,0.00,1791445949.660158,1,0,0.0
ds_live_1.0_20261008_165141,1791445949.618880,camera_color_optical_frame,1246,640,480,1,503.0,91.2,0.5718,-0.6199,0.01188,1,1,0.961,0.4350,0.1282,-0.1105,10.57,0.00,1791445949.691472,1,0,0.0
ds_live_1.0_20261008_165141,1791445949.652238,camera_color_optical_frame,1247,640,480,1,503.1,91.1,0.5722,-0.6203,0.01182,1,1,0.959,0.4360,0.1286,-0.1109,13.27,0.00,1791445949.728555,1,0,0.0
ds_live_1.0_20261008_165141,1791445949.685595,camera_color_optical_frame,1248,640,480,1,503.0,91.2,0.5720,-0.6198,0.01186,1,1,0.969,0.4350,0.1283,-0.1105,13.74,0.00,1791445949.762112,1,0,0.0
ds_live_1.0_20261008_165141,1791445949.718953,camera_color_optical_frame,1249,640,480,1,503.2,91.0,0.5725,-0.6206,0.01180,1,1,0.961,0.4350,0.1284,-0.1107,12.91,0.00,1791445949.794696,1,0,0.0
ds_live_1.0_20261008_165141,1791445949.752310,camera_color_optical_frame,1250,640,480,1,503.1,91.2,0.5723,-0.6199,0.01179,1,1,0.993,0.4350,0.1284,-0.1105,13.71,0.00,1791445949.828672,1,0,0.0
ds_live_1.0_20261008_165141,1791445949.785668,camera_color_optical_frame,1251,640,480,1,503.1,91.2,0.5721,-0.6198,0.01185,1,1,0.983,0.4360,0.1286,-0.1108,11.96,0.00,1791445949.858891,1,0,0.0
ds_live_1.0_20261008_165141,1791445949.819026,camera_color_optical_frame,1252,640,480,1,503.1,91.2,0.5721,-0.6198,0.01186,1,1,0.974,0.4350,0.1283,-0.1105,12.87,0.00,1791445949.894409,1,0,0.0
ds_live_1.0_20261008_165141,1791445949.852383,camera_color_optical_frame,1253,640,480,1,503.1,91.2,0.5722,-0.6200,0.01184,1,1,0.987,0.4340,0.1280,-0.1103,13.94,0.00,1791445949.929225,1,0,0.0
ds_live_1.0_20261008_165141,1791445949.885741,camera_color_optical_frame,1254,640,480,1,503.0,91.2,0.5719,-0.6199,0.01185,1,1,0.964,0.4350,0.1283,-0.1105,13.57,0.00,1791445949.962751,1,0,0.0
ds_live_1.0_20261008_165141,1791445949.919098,camera_color_optical_frame,1255,640,480,1,503.1,91.2,0.5721,-0.6199,0.01182,1,1,0.993,0.4340,0.1280,-0.1103,13.14,0.00,1791445949.996260,1,0,0.0
ds_live_1.0_20261008_165141,1791445949.952456,camera_color_optical_frame,1256,640,480,1,503.1,91.3,0.5720,-0.6198,0.01186,1,1,0.972,0.4350,0.1283,-0.1105,13.11,0.00,1791445950.028077,1,0,0.0
ds_live_1.0_20261008_165141,1791445949.985814,camera_color_optical_frame,1257,640,480,1,503.1,91.2,0.5723,-0.6201,0.01183,1,1,0.978,0.4340,0.1281,-0.1103,11.68,0.00,1791445950.059628,1,0,0.0
ds_live_1.0_20261008_165141,1791445950.019171,camera_color_optical_frame,1258,640,480,1,503.2,91.1,0.5725,-0.6204,0.01183,1,1,0.957,0.4340,0.1281,-0.1104,11.78,0.00,1791445950.093650,1,0,0.0
ds_live_1.0_20261008_165141,1791445950.052529,camera_color_optical_frame,1259,640,480,1,503.0,91.3,0.5720,-0.6195,0.01188,1,1,0.979,0.4360,0.1286,-0.1107,12.14,0.00,1791445950.127067,1,0,0.0
ds_live_1.0_20261008_165141,1791445950.085887,camera_color_optical_frame,1260,640,480,1,503.0,91.3,0.5720,-0.6195,0.01188,1,1,0.975,0.4350,0.1283,-0.1105,12.44,0.00,1791445950.160684,1,0,0.0
ds_live_1.0_20261008_165141,1791445950.119245,camera_color_optical_frame,1261,640,480,1,503.1,91.2,0.5722,-0.6200,0.01187,1,1,0.965,0.4350,0.1283,-0.1106,12.08,0.00,1791445950.193575,1,0,0.0
ds_live_1.0_20261008_165141,1791445950.152602,camera_color_optical_frame,1262,640,480,1,503.1,91.2,0.5723,-0.6201,0.01185,1,1,0.992,0.4340,0.1281,-0.1103,13.38,0.00,1791445950.226962,1,0,0.0
ds_live_1.0_20261008_165141,1791445950.185960,camera_color_optical_frame,1263,640,480,1,503.0,91.3,0.5718,-0.6196,0.01185,1,1,0.971,0.4350,0.1282,-0.1105,12.01,0.00,1791445950.260839,1,0,0.0
ds_live_1.0_20261008_165141,1791445950.219318,camera_color_optical_frame,1264,640,480,1,503.1,91.2,0.5721,-0.6198,0.01186,1,1,0.973,0.4350,0.1283,-0.1105,12.31,0.00,1791445950.294378,1,0,0.0
ds_live_1.0_20261008_165141,1791445950.252676,camera_color_optical_frame,1265,640,480,1,503.0,91.3,0.5720,-0.6196,0.01188,1,1,0.990,0.4360,0.1286,-0.1107,13.58,0.00,1791445950.329628,1,0,0.0
ds_live_1.0_20261008_165141,1791445950.286033,camera_color_optical_frame,1266,640,480,1,503.1,91.3,0.5722,-0.6197,0.01184,1,1,0.981,0.4340,0.1280,-0.1103,13.49,0.00,1791445950.362779,1,0,0.0
ds_live_1.0_20261008_165141,1791445950.319391,camera_color_optical_frame,1267,640,480,1,503.1,91.2,0.5722,-0.6199,0.01183,1,1,0.957,0.4360,0.1286,-0.1108,12.72,0.00,1791445950.394399,1,0,0.0
ds_live_1.0_20261008_165141,1791445950.352749,camera_color_optical_frame,1268,640,480,1,503.2,91.2,0.5723,-0.6202,0.01185,1,1,0.980,0.4350,0.1284,-0.1106,12.62,0.00,1791445950.427467,1,0,0.0
ds_live_1.0_20261008_165141,1791445950.386106,camera_color_optical_frame,1269,640,480,1,503.1,91.2,0.5721,-0.6200,0.01188,1,1,0.953,0.4370,0.1289,-0.1111,11.81,0.00,1791445950.460575,1,0,0.0
ds_live_1.0_20261008_165141,1791445950.419465,camera_color_optical_frame,1270,640,480,1,503.0,91.3,0.5720,-0.6197,0.01188,1,1,0.971,0.4360,0.1286,-0.1108,12.40,0.00,1791445950.494281,1,0,0.0
ds_live_1.0_20261008_165141,1791445950.452822,camera_color_optical_frame,1271,640,480,1,503.1,91.2,0.5721,-0.6200,0.01185,1,1,0.974,0.4350,0.1283,-0.1106,11.48,0.00,1791445950.526715,1,0,0.0
ds_live_1.0_20261008_165141,1791445950.486180,camera_color_optical_frame,1272,640,480,1,503.0,91.3,0.5719,-0.6194,0.01186,1,1,0.959,0.4350,0.1283,-0.1105,12.27,0.00,1791445950.562098,1,0,0.0
ds_live_1.0_20261008_165141,1791445950.519538,camera_color_optical_frame,1273,640,480,1,503.1,91.3,0.5722,-0.6196,0.01187,1,1,0.973,0.4360,0.1286,-0.1107,11.70,0.00,1791445950.593590,1,0,0.0
ds_live_1.0_20261008_165141,1791445950.552896,camera_color_optical_frame,1274,640,480,1,503.1,91.2,0.5720,-0.6202,0.01182,1,1,0.981,0.4350,0.1283,-0.1106,13.41,0.00,1791445950.630319,1,0,0.0
ds_live_1.0_20261008_165141,1791445950.586253,camera_color_optical_frame,1275,640,480,1,503.0,91.2,0.5719,-0.6198,0.01188,1,1,0.982,0.4360,0.1286,-0.1108,12.87,0.00,1791445950.663369,1,0,0.0
ds_live_1.0_20261008_165141,1791445950.619612,camera_color_optical_frame,1276,640,480,1,503.2,91.1,0.5725,-0.6204,0.01178,1,1,0.990,0.4340,0.1281,-0.1104,13.13,0.00,1791445950.697234,1,0,0.0
ds_live_1.0_20261008_165141,1791445950.652969,camera_color_optical_frame,1277,640,480,1,503.1,91.1,0.5723,-0.6206,0.01180,1,1,0.963,0.4360,0.1286,-0.1109,12.66,0.00,1791445950.731492,1,0,0.0
ds_live_1.0_20261008_165141,1791445950.686327,camera_color_optical_frame,1278,640,480,1,503.1,91.2,0.5722,-0.6200,0.01183,1,1,0.973,0.4360,0.1286,-0.1108,13.55,0.00,1791445950.764062,1,0,0.0
ds_live_1.0_20261008_165141,1791445950.719685,camera_color_optical_frame,1279,640,480,1,503.1,91.2,0.5721,-0.6200,0.01183,1,1,0.991,0.4340,0.1280,-0.1103,13.00,0.00,1791445950.795690,1,0,0.0
ds_live_1.0_20261008_165141,1791445950.753042,camera_color_optical_frame,1280,640,480,1,503.2,91.2,0.5724,-0.6201,0.01183,1,1,0.981,0.4350,0.1284,-0.1106,11.72,0.00,1791445950.826787,1,0,0.0
ds_live_1.0_20261008_165141,1791445950.786400,camera_color_optical_frame,1281,640,480,1,503.1,91.3,0.5721,-0.6196,0.01185,1,1,0.984,0.4350,0.1283,-0.1105,14.61,0.00,1791445950.863089,1,0,0.0
ds_live_1.0_20261008_165141,1791445950.819757,camera_color_optical_frame,1282,640,480,1,503.0,91.3,0.5720,-0.6196,0.01184,1,1,0.986,0.4360,0.1286,-0.1107,14.65,0.00,1791445950.896273,1,0,0.0
ds_live_1.0_20261008_165141,1791445950.853115,camera_color_optical_frame,1283,640,480,1,503.2,91.2,0.5724,-0.6198,0.01183,1,1,0.964,0.4370,0.1290,-0.1110,14.33,0.00,1791445950.929535,1,0,0.0
ds_live_1.0_20261008_165141,1791445950.886472,camera_color_optical_frame,1284,640,480,1,503.1,91.3,0.5721,-0.6198,0.01188,1,1,0.978,0.4340,0.1280,-0.1103,13.45,0.00,1791445950.960994,1,0,0.0
ds_live_1.0_20261008_165141,1791445950.919829,camera_color_optical_frame,1285,640,480,1,503.1,91.2,0.5721,-0.6201,0.01184,1,1,0.970,0.4360,0.1286,-0.1108,14.33,0.00,1791445950.996322,1,0,0.0
ds_live_1.0_20261008_165141,1791445950.953187,camera_color_optical_frame,1286,640,480,1,503.0,91.3,0.5720,-0.6197,0.01187,1,1,0.972,0.4340,0.1280,-0.1103,14.64,0.00,1791445951.030256,1,0,0.0
ds_live_1.0_20261008_165141,1791445950.986544,camera_color_optical_frame,1287,640,480,1,503.1,91.2,0.5721,-0.6198,0.01188,1,1,0.979,0.4350,0.1283,-0.1105,14.42,0.00,1791445951.063609,1,0,0.0
ds_live_1.0_20261008_165141,1791445951.019902,camera_color_optical_frame,1288,640,480,1,503.1,91.1,0.5722,-0.6204,0.01182,1,1,0.975,0.4360,0.1286,-0.1109,14.72,0.00,1791445951.097181,1,0,0.0
ds_live_1.0_20261008_165141,1791445951.053259,camera_color_optical_frame,1289,640,480,1,503.1,91.2,0.5722,-0.6199,0.01188,1,1,0.985,0.4340,0.1280,-0.1103,15.07,0.00,1791445951.130268,1,0,0.0
ds_live_1.0_20261008_165141,1791445951.086617,camera_color_optical_frame,1290,640,480,1,503.1,91.2,0.5721,-0.6199,0.01188,1,1,0.965,0.4360,0.1286,-0.1108,12.24,0.00,1791445951.160444,1,0,0.0
ds_live_1.0_20261008_165141,1791445951.119974,camera_color_optical_frame,1291,640,480,1,503.1,91.1,0.5721,-0.6203,0.01182,1,1,0.981,0.4340,0.1280,-0.1104,12.27,0.00,1791445951.194348,1,0,0.0
ds_live_1.0_20261008_165141,1791445951.153331,camera_color_optical_frame,1292,640,480,1,503.0,91.3,0.5719,-0.6196,0.01185,1,1,0.984,0.4350,0.1283,-0.1105,11.36,0.00,1791445951.226494,1,0,0.0
ds_live_1.0_20261008_165141,1791445951.186689,camera_color_optical_frame,1293,640,480,1,503.0,91.3,0.5719,-0.6196,0.01186,1,1,0.964,0.4350,0.1283,-0.1105,14.39,0.00,1791445951.263216,1,0,0.0
ds_live_1.0_20261008_165141,1791445951.220046,camera_color_optical_frame,1294,640,480,1,503.1,91.2,0.5720,-0.6200,0.01187,1,1,0.992,0.4350,0.1283,-0.1106,14.41,0.00,1791445951.296396,1,0,0.0
ds_live_1.0_20261008_165141,1791445951.253404,camera_color_optical_frame,1295,640,480,1,503.1,91.2,0.5722,-0.6199,0.01184,1,1,0.992,0.4360,0.1286,-0.1108,13.40,0.00,1791445951.328222,1,0,0.0
ds_live_1.0_20261008_165141,1791445951.286761,camera_color_optical_frame,1296,640,480,1,503.0,91.2,0.5720,-0.6198,0.01189,1,1,0.980,0.4350,0.1283,-0.1105,14.37,0.00,1791445951.363035,1,0,0.0
ds_live_1.0_20261008_165141,1791445951.320119,camera_color_optical_frame,1297,640,480,1,503.0,91.3,0.5720,-0.6197,0.01188,1,1,0.968,0.4360,0.1286,-0.1108,14.15,0.00,1791445951.396735,1,0,0.0
ds_live_1.0_20261008_165141,1791445951.353476,camera_color_optical_frame,1298,640,480,1,503.1,91.3,0.5720,-0.6196,0.01192,1,1,0.961,0.4360,0.1286,-0.1107,14.40,0.00,1791445951.430233,1,0,0.0
ds_live_1.0_20261008_165141,1791445951.386833,camera_color_optical_frame,1299,640,480,1,503.1,91.3,0.5720,-0.6197,0.01192,1,1,0.969,0.4360,0.1286,-0.1108,14.24,0.00,1791445951.463454,1,0,0.0
ds_live_1.0_20261008_165141,1791445951.420191,camera_color_optical_frame,1300,640,480,1,503.1,91.1,0.5723,-0.6204,0.01185,1,1,0.961,0.4350,0.1284,-0.1106,14.59,0.00,1791445951.496661,1,0,0.0
ds_live_1.0_20261008_165141,1791445951.453548,camera_color_optical_frame,1301,640,480,1,503.1,91.2,0.5720,-0.6200,0.01186,1,1,0.946,0.4350,0.1283,-0.1106,14.58,0.00,1791445951.529992,1,0,0.0
ds_live_1.0_20261008_165141,1791445951.486906,camera_color_optical_frame,1302,640,480,1,503.0,91.2,0.5719,-0.6199,0.01187,1,1,0.981,0.4350,0.1283,-0.1105,14.23,0.00,1791445951.563115,1,0,0.0
ds_live_1.0_20261008_165141,1791445951.520263,camera_color_optical_frame,1303,640,480,1,503.1,91.2,0.5721,-0.6198,0.01183,1,1,0.984,0.4350,0.1283,-0.1105,14.09,0.00,1791445951.596603,1,0,0.0
ds_live_1.0_20261008_165141,1791445951.553621,camera_color_optical_frame,1304,640,480,1,503.0,91.2,0.5720,-0.6200,0.01182,1,1,0.976,0.4350,0.1283,-0.1106,14.03,0.00,1791445951.629342,1,0,0.0
ds_live_1.0_20261008_165141,1791445951.586978,camera_color_optical_frame,1305,640,480,1,503.1,91.3,0.5722,-0.6196,0.01181,1,1,0.977,0.4350,0.1283,-0.1105,14.25,0.00,1791445951.663434,1,0,0.0
ds_live_1.0_20261008_165141,1791445951.620336,camera_color_optical_frame,1306,640,480,1,503.1,91.2,0.5721,-0.6202,0.01183,1,1,0.973,0.4360,0.1286,-0.1108,13.49,0.00,1791445951.695208,1,0,0.0
ds_live_1.0_20261008_165141,1791445951.653693,camera_color_optical_frame,1307,640,480,1,503.1,91.2,0.5721,-0.6199,0.01187,1,1,0.993,0.4360,0.1286,-0.1108,14.57,0.00,1791445951.730169,1,0,0.0
ds_live_1.0_20261008_165141,1791445951.687050,camera_color_optical_frame,1308,640,480,1,503.1,91.3,0.5721,-0.6195,0.01184,1,1,0.979,0.4360,0.1286,-0.1107,13.96,0.00,1791445951.763778,1,0,0.0
ds_live_1.0_20261008_165141,1791445951.720408,camera_color_optical_frame,1309,640,480,1,503.0,91.2,0.5720,-0.6201,0.01188,1,1,0.977,0.4350,0.1283,-0.1106,14.24,0.00,1791445951.797166,1,0,0.0
ds_live_1.0_20261008_165141,1791445951.753766,camera_color_optical_frame,1310,640,480,1,503.1,91.2,0.5721,-0.6201,0.01185,1,1,0.992,0.4350,0.1283,-0.1106,14.23,0.00,1791445951.830544,1,0,0.0
ds_live_1.0_20261008_165141,1791445951.787123,camera_color_optical_frame,1311,640,480,1,503.1,91.3,0.5722,-0.6197,0.01184,1,1,0.970,0.4350,0.1283,-0.1105,14.42,0.00,1791445951.863250,1,0,0.0
ds_live_1.0_20261008_165141,1791445951.820481,camera_color_optical_frame,1312,640,480,1,503.0,91.3,0.5720,-0.6198,0.01182,1,1,0.985,0.4360,0.1286,-0.1108,14.78,0.00,1791445951.896997,1,0,0.0
ds_live_1.0_20261008_165141,1791445951.853838,camera_color_optical_frame,1313,640,480,1,503.1,91.1,0.5722,-0.6204,0.01187,1,1,0.986,0.4340,0.1280,-0.1104,13.92,0.00,1791445951.930404,1,0,0.0
ds_live_1.0_20261008_165141,1791445951.887196,camera_color_optical_frame,1314,640,480,1,503.1,91.2,0.5723,-0.6200,0.01184,1,1,0.982,0.4350,0.1284,-0.1106,14.44,0.00,1791445951.963519,1,0,0.0
ds_live_1.0_20261008_165141,1791445951.920553,camera_color_optical_frame,1315,640,480,1,503.1,91.2,0.5721,-0.6198,0.01184,1,1,0.978,0.4350,0.1283,-0.1105,14.34,0.00,1791445951.996963,1,0,0.0
ds_live_1.0_20261008_165141,1791445951.953911,camera_color_optical_frame,1316,640,480,1,503.1,91.1,0.5721,-0.6203,0.01182,1,1,0.982,0.4360,0.1286,-0.1109,13.97,0.00,1791445952.029770,1,0,0.0
ds_live_1.0_20261008_165141,1791445951.987269,camera_color_optical_frame,1317,640,480,1,503.0,91.2,0.5720,-0.6198,0.01189,1,1,0.979,0.4350,0.1283,-0.1105,13.25,0.00,1791445952.061631,1,0,0.0
ds_live_1.0_20261008_165141,1791445952.020626,camera_color_optical_frame,1318,640,480,1,503.1,91.3,0.5720,-0.6197,0.01188,1,1,0.971,0.4370,0.1289,-0.1110,14.54,0.00,1791445952.097191,1,0,0.0
ds_live_1.0_20261008_165141,1791445952.053984,camera_color_optical_frame,1319,640,480,1,503.0,91.3,0.5720,-0.6196,0.01181,1,1,0.972,0.4360,0.1286,-0.1107,14.92,0.00,1791445952.131501,1,0,0.0
ds_live_1.0_20261008_165141,1791445952.087341,camera_color_optical_frame,1320,640,480,1,503.1,91.2,0.5721,-0.6200,0.01188,1,1,0.983,0.4370,0.1289,-0.1111,13.98,0.00,1791445952.164197,1,0,0.0
ds_live_1.0_20261008_165141,1791445952.120699,camera_color_optical_frame,1321,640,480,1,503.1,91.2,0.5721,-0.6202,0.01184,1,1,0.976,0.4360,0.1286,-0.1108,13.24,0.00,1791445952.196222,1,0,0.0
ds_live_1.0_20261008_165141,1791445952.154057,camera_color_optical_frame,1322,640,480,1,503.1,91.1,0.5722,-0.6203,0.01180,1,1,0.972,0.4350,0.1283,-0.1106,11.71,0.00,1791445952.227608,1,0,0.0
ds_live_1.0_20261008_165141,1791445952.187414,camera_color_optical_frame,1323,640,480,1,503.0,91.1,0.5720,-0.6204,0.01180,1,1,0.995,0.4360,0.1286,-0.1109,12.23,0.00,1791445952.261552,1,0,0.0
ds_live_1.0_20261008_165141,1791445952.220772,camera_color_optical_frame,1324,640,480,1,503.0,91.3,0.5719,-0.6198,0.01188,1,1,0.964,0.4360,0.1286,-0.1108,12.26,0.00,1791445952.294968,1,0,0.0
ds_live_1.0_20261008_165141,1791445952.254129,camera_color_optical_frame,1325,640,480,1,503.1,91.2,0.5722,-0.6201,0.01181,1,1,0.975,0.4360,0.1286,-0.1108,11.73,0.00,1791445952.327849,1,0,0.0
ds_live_1.0_20261008_165141,1791445952.287487,camera_color_optical_frame,1326,640,480,1,503.1,91.2,0.5722,-0.6198,0.01185,1,1,0.978,0.4350,0.1283,-0.1105,10.96,0.00,1791445952.360358,1,0,0.0
ds_live_1.0_20261008_165141,1791445952.320845,camera_color_optical_frame,1327,640,480,1,503.1,91.3,0.5721,-0.6196,0.01191,1,1,0.968,0.4350,0.1283,-0.1105,12.36,0.00,1791445952.395135,1,0,0.0
ds_live_1.0_20261008_165141,1791445952.354203,camera_color_optical_frame,1328,640,480,1,503.1,91.3,0.5721,-0.6197,0.01186,1,1,0.975,0.4360,0.1286,-0.1108,13.22,0.00,1791445952.428684,1,0,0.0
ds_live_1.0_20261008_165141,1791445952.387560,camera_color_optical_frame,1329,640,480,1,503.1,91.2,0.5722,-0.6202,0.01186,1,1,0.972,0.4350,0.1283,-0.1106,14.26,0.00,1791445952.463968,1,0,0.0
ds_live_1.0_20261008_165141,1791445952.420918,camera_color_optical_frame,1330,640,480,1,503.1,91.1,0.5722,-0.6202,0.01186,1,1,0.975,0.4360,0.1286,-0.1109,14.68,0.00,1791445952.498194,1,0,0.0
ds_live_1.0_20261008_165141,1791445952.454275,camera_color_optical_frame,1331,640,480,1,503.0,91.3,0.5720,-0.6197,0.01186,1,1,0.975,0.4370,0.1289,-0.1110,14.58,0.00,1791445952.531754,1,0,0.0
ds_live_1.0_20261008_165141,1791445952.487633,camera_color_optical_frame,1332,640,480,1,503.1,91.1,0.5723,-0.6203,0.01181,1,1,0.981,0.4360,0.1286,-0.1109,14.45,0.00,1791445952.564692,1,0,0.0
ds_live_1.0_20261008_165141,1791445952.520991,camera_color_optical_frame,1333,640,480,1,503.1,91.2,0.5721,-0.6199,0.01188,1,1,0.973,0.4360,0.1286,-0.1108,14.46,0.00,1791445952.597477,1,0,0.0
ds_live_1.0_20261008_165141,1791445952.554348,camera_color_optical_frame,1334,640,480,1,503.1,91.2,0.5721,-0.6198,0.01186,1,1,0.978,0.4350,0.1283,-0.1105,13.59,0.00,1791445952.629530,1,0,0.0
ds_live_1.0_20261008_165141,1791445952.587706,camera_color_optical_frame,1335,640,480,1,503.1,91.2,0.5721,-0.6201,0.01185,1,1,0.976,0.4360,0.1286,-0.1108,14.15,0.00,1791445952.664224,1,0,0.0
ds_live_1.0_20261008_165141,1791445952.621063,camera_color_optical_frame,1336,640,480,1,503.2,91.2,0.5725,-0.6202,0.01178,1,1,0.969,0.4350,0.1284,-0.1106,14.12,0.00,1791445952.697308,1,0,0.0
ds_live_1.0_20261008_165141,1791445952.654421,camera_color_optical_frame,1337,640,480,1,503.1,91.2,0.5721,-0.6198,0.01186,1,1,0.967,0.4360,0.1286,-0.1108,14.14,0.00,1791445952.730697,1,0,0.0
ds_live_1.0_20261008_165141,1791445952.687779,camera_color_optical_frame,1338,640,480,1,503.0,91.2,0.5719,-0.6199,0.01181,1,1,0.986,0.4340,0.1280,-0.1103,13.89,0.00,1791445952.764230,1,0,0.0
ds_live_1.0_20261008_165141,1791445952.721136,camera_color_optical_frame,1339,640,480,1,503.0,91.3,0.5720,-0.6198,0.01186,1,1,0.970,0.4340,0.1280,-0.1103,14.75,0.00,1791445952.797243,1,0,0.0
ds_live_1.0_20261008_165141,1791445952.754495,camera_color_optical_frame,1340,640,480,1,503.1,91.2,0.5722,-0.6200,0.01185,1,1,0.969,0.4360,0.1286,-0.1108,14.06,0.00,1791445952.830868,1,0,0.0
ds_live_1.0_20261008_165141,1791445952.787853,camera_color_optical_frame,1341,640,480,1,503.1,91.3,0.5720,-0.6196,0.01180,1,1,0.982,0.4340,0.1280,-0.1102,14.22,0.00,1791445952.864439,1,0,0.0
ds_live_1.0_20261008_165141,1791445952.821211,camera_color_optical_frame,1342,640,480,1,503.1,91.3,0.5722,-0.6197,0.01185,1,1,0.975,0.4350,0.1283,-0.1105,14.01,0.00,1791445952.897666,1,0,0.0
ds_live_1.0_20261008_165141,1791445952.854570,camera_color_optical_frame,1343,640,480,1,503.1,91.1,0.5722,-0.6202,0.01184,1,1,0.989,0.4350,0.1283,-0.1106,14.17,0.00,1791445952.931198,1,0,0.0
ds_live_1.0_20261008_165141,1791445952.887928,camera_color_optical_frame,1344,640,480,1,503.1,91.3,0.5722,-0.6196,0.01186,1,1,0.977,0.4350,0.1283,-0.1105,14.48,0.00,1791445952.964383,1,0,0.0
ds_live_1.0_20261008_165141,1791445952.921287,camera_color_optical_frame,1345,640,480,1,503.1,91.3,0.5722,-0.6197,0.01184,1,1,0.993,0.4350,0.1283,-0.1105,14.02,0.00,1791445952.997465,1,0,0.0
ds_live_1.0_20261008_165141,1791445952.954645,camera_color_optical_frame,1346,640,480,1,503.1,91.3,0.5720,-0.6197,0.01185,1,1,0.991,0.4350,0.1283,-0.1105,14.21,0.00,1791445953.031157,1,0,0.0
ds_live_1.0_20261008_165141,1791445952.988003,camera_color_optical_frame,1347,640,480,1,503.1,91.3,0.5721,-0.6197,0.01187,1,1,0.956,0.4360,0.1286,-0.1108,14.38,0.00,1791445953.064439,1,0,0.0
ds_live_1.0_20261008_165141,1791445953.021362,camera_color_optical_frame,1348,640,480,1,503.1,91.3,0.5722,-0.6196,0.01180,1,1,0.983,0.4350,0.1283,-0.1105,14.38,0.00,1791445953.097950,1,0,0.0
ds_live_1.0_20261008_165141,1791445953.054720,camera_color_optical_frame,1349,640,480,1,503.2,91.1,0.5724,-0.6204,0.01183,1,1,0.979,0.4370,0.1290,-0.1111,12.04,0.00,1791445953.128730,1,0,0.0
ds_live_1.0_20261008_165141,1791445953.088078,camera_color_optical_frame,1350,640,480,1,503.1,91.2,0.5721,-0.6200,0.01187,1,1,0.982,0.4370,0.1289,-0.1111,14.26,0.00,1791445953.164452,1,0,0.0
ds_live_1.0_20261008_165141,1791445953.121437,camera_color_optical_frame,1351,640,480,1,503.0,91.3,0.5719,-0.6195,0.01186,1,1,0.993,0.4350,0.1283,-0.1105,12.21,0.00,1791445953.195703,1,0,0.0
ds_live_1.0_20261008_165141,1791445953.154795,camera_color_optical_frame,1352,640,480,1,503.1,91.3,0.5720,-0.6195,0.01182,1,1,0.972,0.4350,0.1283,-0.1105,12.67,0.00,1791445953.229568,1,0,0.0
ds_live_1.0_20261008_165141,1791445953.188154,camera_color_optical_frame,1353,640,480,1,503.0,91.3,0.5720,-0.6198,0.01185,1,1,0.979,0.4350,0.1283,-0.1105,13.24,0.00,1791445953.264741,1,0,0.0
ds_live_1.0_20261008_165141,1791445953.221512,camera_color_optical_frame,1354,640,480,1,503.0,91.3,0.5720,-0.6197,0.01189,1,1,0.986,0.4350,0.1283,-0.1105,13.42,0.00,1791445953.297457,1,0,0.0
ds_live_1.0_20261008_165141,1791445953.254871,camera_color_optical_frame,1355,640,480,1,503.1,91.3,0.5722,-0.6197,0.01191,1,1,0.981,0.4350,0.1283,-0.1105,10.83,0.00,1791445953.327412,1,0,0.0
ds_live_1.0_20261008_165141,1791445953.288229,camera_color_optical_frame,1356,640,480,1,503.1,91.2,0.5720,-0.6201,0.01182,1,1,0.976,0.4360,0.1286,-0.1108,11.58,0.00,1791445953.361356,1,0,0.0
ds_live_1.0_20261008_165141,1791445953.321588,camera_color_optical_frame,1357,640,480,1,503.1,91.2,0.5722,-0.6199,0.01187,1,1,0.977,0.4340,0.1280,-0.1103,12.57,0.00,1791445953.396291,1,0,0.0
ds_live_1.0_20261008_165141,1791445953.354946,camera_color_optical_frame,1358,640,480,1,503.1,91.2,0.5721,-0.6201,0.01184,1,1,0.986,0.4360,0.1286,-0.1108,12.65,0.00,1791445953.429733,1,0,0.0
ds_live_1.0_20261008_165141,1791445953.388304,camera_color_optical_frame,1359,640,480,1,503.0,91.2,0.5720,-0.6198,0.01187,1,1,0.973,0.4350,0.1283,-0.1105,11.79,0.00,1791445953.461694,1,0,0.0
ds_live_1.0_20261008_165141,1791445953.421663,camera_color_optical_frame,1360,640,480,1,503.1,91.1,0.5721,-0.6203,0.01183,1,1,0.987,0.4350,0.1283,-0.1106,15.06,0.00,1791445953.498540,1,0,0.0
ds_live_1.0_20261008_165141,1791445953.455021,camera_color_optical_frame,1361,640,480,1,503.0,91.3,0.5720,-0.6194,0.01185,1,1,0.976,0.4350,0.1283,-0.1105,13.21,0.00,1791445953.529162,1,0,0.0
ds_live_1.0_20261008_165141,1791445953.488380,camera_color_optical_frame,1362,640,480,1,503.1,91.2,0.5721,-0.6198,0.01186,1,1,0.976,0.4350,0.1283,-0.1105,14.47,0.00,1791445953.564793,1,0,0.0
ds_live_1.0_20261008_165141,1791445953.521738,camera_color_optical_frame,1363,640,480,1,503.1,91.2,0.5723,-0.6201,0.01186,1,1,0.981,0.4360,0.1286,-0.1108,14.27,0.00,1791445953.598390,1,0,0.0
ds_live_1.0_20261008_165141,1791445953.555097,camera_color_optical_frame,1364,640,480,1,503.1,91.2,0.5721,-0.6202,0.01184,1,1,0.968,0.4360,0.1286,-0.1108,14.47,0.00,1791445953.631932,1,0,0.0
ds_live_1.0_20261008_165141,1791445953.588455,camera_color_optical_frame,1365,640,480,1,503.1,91.1,0.5721,-0.6202,0.01185,1,1,0.980,0.4350,0.1283,-0.1106,12.54,0.00,1791445953.663009,1,0,0.0
ds_live_1.0_20261008_165141,1791445953.621814,camera_color_optical_frame,1366,640,480,1,503.0,91.2,0.5720,-0.6198,0.01186,1,1,0.967,0.4360,0.1286,-0.1108,12.63,0.00,1791445953.696059,1,0,0.0
ds_live_1.0_20261008_165141,1791445953.655172,camera_color_optical_frame,1367,640,480,1,503.1,91.2,0.5722,-0.6200,0.01187,1,1,0.993,0.4350,0.1283,-0.1106,12.51,0.00,1791445953.729340,1,0,0.0
ds_live_1.0_20261008_165141,1791445953.688531,camera_color_optical_frame,1368,640,480,1,503.1,91.2,0.5721,-0.6201,0.01186,1,1,0.981,0.4340,0.1280,-0.1103,12.76,0.00,1791445953.763448,1,0,0.0
ds_live_1.0_20261008_165141,1791445953.721889,camera_color_optical_frame,1369,640,480,1,503.1,91.3,0.5722,-0.6197,0.01186,1,1,0.979,0.4360,0.1286,-0.1108,10.36,0.00,1791445953.794460,1,0,0.0
ds_live_1.0_20261008_165141,1791445953.755246,camera_color_optical_frame,1370,640,480,1,503.0,91.2,0.5719,-0.6198,0.01186,1,1,0.973,0.4350,0.1283,-0.1105,13.00,0.00,1791445953.831968,1,0,0.0
ds_live_1.0_20261008_165141,1791445953.788602,camera_color_optical_frame,1371,640,480,1,503.0,91.2,0.5720,-0.6198,0.01187,1,1,0.963,0.4350,0.1283,-0.1105,11.42,0.00,1791445953.863618,1,0,0.0
ds_live_1.0_20261008_165141,1791445953.821958,camera_color_optical_frame,1372,640,480,1,503.1,91.2,0.5721,-0.6201,0.01185,1,1,0.973,0.4345,0.1282,-0.1104,12.63,0.00,1791445953.897363,1,0,0.0
ds_live_1.0_20261008_165141,1791445953.855314,camera_color_optical_frame,1373,640,480,1,503.1,91.2,0.5722,-0.6199,0.01189,1,1,0.975,0.4360,0.1286,-0.1108,12.62,0.00,1791445953.931765,1,0,0.0
ds_live_1.0_20261008_165141,1791445953.888670,camera_color_optical_frame,1374,640,480,1,503.1,91.2,0.5721,-0.6201,0.01185,1,1,0.985,0.4350,0.1283,-0.1106,12.65,0.00,1791445953.965248,1,0,0.0
ds_live_1.0_20261008_165141,1791445953.922026,camera_color_optical_frame,1375,640,480,1,503.1,91.2,0.5720,-0.6201,0.01186,1,1,0.993,0.4340,0.1280,-0.1103,12.85,0.00,1791445953.999126,1,0,0.0
ds_live_1.0_20261008_165141,1791445953.955382,camera_color_optical_frame,1376,640,480,1,503.1,91.1,0.5722,-0.6204,0.01183,1,1,0.967,0.4360,0.1286,-0.1109,12.24,0.00,1791445954.031868,1,0,0.0
ds_live_1.0_20261008_165141,1791445953.988739,camera_color_optical_frame,1377,640,480,1,503.0,91.4,0.5719,-0.6191,0.01179,1,1,0.987,0.4360,0.1286,-0.1107,13.61,0.00,1791445954.065590,1,0,0.0
ds_live_1.0_20261008_165141,1791445954.022095,camera_color_optical_frame,1378,640,480,1,503.1,91.2,0.5722,-0.6200,0.01187,1,1,0.960,0.4340,0.1280,-0.1103,12.61,0.00,1791445954.096911,1,0,0.0
ds_live_1.0_20261008_165141,1791445954.055451,camera_color_optical_frame,1379,640,480,1,503.2,91.3,0.5724,-0.6197,0.01180,1,1,0.980,0.4350,0.1284,-0.1105,12.40,0.00,1791445954.129763,1,0,0.0
ds_live_1.0_20261008_165141,1791445954.088807,camera_color_optical_frame,1380,640,480,1,503.0,91.3,0.5720,-0.6195,0.01185,1,1,0.957,0.4360,0.1286,-0.1107,12.67,0.00,1791445954.163554,1,0,0.0
ds_live_1.0_20261008_165141,1791445954.122163,camera_color_optical_frame,1381,640,480,1,503.1,91.1,0.5721,-0.6202,0.01184,1,1,0.971,0.4350,0.1283,-0.1106,12.31,0.00,1791445954.196421,1,0,0.0
ds_live_1.0_20261008_165141,1791445954.155519,camera_color_optical_frame,1382,640,480,1,503.1,91.3,0.5721,-0.6197,0.01184,1,1,0.989,0.4340,0.1280,-0.1103,12.81,0.00,1791445954.230449,1,0,0.0
ds_live_1.0_20261008_165141,1791445954.188875,camera_color_optical_frame,1383,640,480,1,503.0,91.2,0.5718,-0.6200,0.01188,1,1,0.977,0.4340,0.1280,-0.1103,11.45,0.00,1791445954.261621,1,0,0.0
ds_live_1.0_20261008_165141,1791445954.222231,camera_color_optical_frame,1384,640,480,1,503.1,91.1,0.5721,-0.6202,0.01185,1,1,0.980,0.4350,0.1283,-0.1106,12.72,0.00,1791445954.297110,1,0,0.0
ds_live_1.0_20261008_165141,1791445954.255587,camera_color_optical_frame,1385,640,480,1,503.1,91.2,0.5721,-0.6199,0.01183,1,1,0.983,0.4360,0.1286,-0.1108,12.49,0.00,1791445954.330416,1,0,0.0
ds_live_1.0_20261008_165141,1791445954.288943,camera_color_optical_frame,1386,640,480,1,503.1,91.2,0.5722,-0.6198,0.01189,1,1,0.943,0.4350,0.1283,-0.1105,13.43,0.00,1791445954.364714,1,0,0.0
ds_live_1.0_20261008_165141,1791445954.322299,camera_color_optical_frame,1387,640,480,1,503.1,91.2,0.5720,-0.6199,0.01182,1,1,0.964,0.4360,0.1286,-0.1108,12.02,0.00,1791445954.396751,1,0,0.0
ds_live_1.0_20261008_165141,1791445954.355655,camera_color_optical_frame,1388,640,480,1,503.1,91.2,0.5721,-0.6198,0.01186,1,1,0.981,0.4360,0.1286,-0.1108,11.67,0.00,1791445954.429046,1,0,0.0
ds_live_1.0_20261008_165141,1791445954.389011,camera_color_optical_frame,1389,640,480,1,503.0,91.2,0.5719,-0.6201,0.01183,1,1,0.955,0.4365,0.1287,-0.1110,12.58,0.00,1791445954.463271,1,0,0.0
ds_live_1.0_20261008_165141,1791445954.422367,camera_color_optical_frame,1390,640,480,1,503.1,91.2,0.5721,-0.6202,0.01184,1,1,0.986,0.4340,0.1280,-0.1103,12.88,0.00,1791445954.497426,1,0,0.0
ds_live_1.0_20261008_165141,1791445954.455723,camera_color_optical_frame,1391,640,480,1,503.1,91.2,0.5721,-0.6199,0.01184,1,1,0.992,0.4340,0.1280,-0.1103,12.77,0.00,1791445954.530356,1,0,0.0
ds_live_1.0_20261008_165141,1791445954.489079,camera_color_optical_frame,1392,640,480,1,503.1,91.3,0.5721,-0.6197,0.01186,1,1,0.965,0.4350,0.1283,-0.1105,12.79,0.00,1791445954.563663,1,0,0.0
ds_live_1.0_20261008_165141,1791445954.522435,camera_color_optical_frame,1393,640,480,1,503.1,91.2,0.5722,-0.6200,0.01181,1,1,0.985,0.4340,0.1280,-0.1103,13.29,0.00,1791445954.597577,1,0,0.0
ds_live_1.0_20261008_165141,1791445954.555791,camera_color_optical_frame,1394,640,480,1,503.0,91.3,0.5720,-0.6197,0.01185,1,1,0.978,0.4360,0.1286,-0.1108,11.43,0.00,1791445954.628639,1,0,0.0
ds_live_1.0_20261008_165141,1791445954.589147,camera_color_optical_frame,1395,640,480,1,503.0,91.3,0.5720,-0.6196,0.01185,1,1,0.971,0.4350,0.1283,-0.1105,11.96,0.00,1791445954.663391,1,0,0.0
ds_live_1.0_20261008_165141,1791445954.622503,camera_color_optical_frame,1396,640,480,1,503.1,91.3,0.5720,-0.6198,0.01187,1,1,0.970,0.4350,0.1283,-0.1105,12.60,0.00,1791445954.697126,1,0,0.0
ds_live_1.0_20261008_165141,1791445954.655859,camera_color_optical_frame,1397,640,480,1,503.1,91.3,0.5722,-0.6198,0.01184,1,1,0.966,0.4340,0.1280,-0.1103,11.87,0.00,1791445954.730356,1,0,0.0
ds_live_1.0_20261008_165141,1791445954.689215,camera_color_optical_frame,1398,640,480,1,503.0,91.3,0.5720,-0.6194,0.01188,1,1,0.961,0.4350,0.1283,-0.1105,11.56,0.00,1791445954.762950,1,0,0.0
ds_live_1.0_20261008_165141,1791445954.722571,camera_color_optical_frame,1399,640,480,1,503.1,91.2,0.5722,-0.6199,0.01184,1,1,0.975,0.4350,0.1283,-0.1105,14.34,0.00,1791445954.801346,1,0,0.0
