0.013	>>> 
0.013	>>> B 1654 2007
0.013	>>> I
0.126	>>> V 0.00 0.00
0.127	.00 0.00 HOLD
0.127	S 20500458 -31.20 -7.73 0.00 0.00 HOLD
0.134	S 20500478 -31.20 -7.73 0.00 0.00 HOLD
0.136	S 20500498 -31.20 -7.65 0.00 0.00 HOLD
0.138	S 20500518 -31.20 -7.65 0.00 0.00 HOLD
0.139	S 20500538 -31.20 -7.65 0.00 0.00 HOLD
0.141	S 20500558 -31.20 -7.73 0.00 0.00 HOLD
0.143	S 20500578 -31.20 -7.73 0.00 0.00 HOLD
0.144	S 20500598 -31.20 -7.65 0.00 0.00 HOLD
0.145	S 20500618 -31.20 -7.65 0.00 0.00 HOLD
0.145	S 20521881 -31.20 -7.65 0.00 0.00 HOLD
0.146	B 1654 2007
0.148	S 20521901 -31.20 -7.65 0.00 0.00 HOMING
0.153	S 20521921 -31.20 -7.56 0.00 0.00 HOMING
0.154	S 20521941 -31.03 -7.47 0.00 0.00 HOMING
0.155	S 20521961 -30.67 -7.21 2.75 2.75 HOMING
0.156	S 20521981 -30.32 -6.94 8.24 6.87 HOMING
0.158	>>> V 0.00 0.00
0.158	S 20522001 -29.97 -6.77 13.74 9.62 HOMING
0.159	S 20522021 -29.44 -6.50 17.86 10.99 HOMING
0.171	>>> V 0.00 0.00
0.190	>>> V 0.00 0.00
0.190	S 20522041 -28.83 -6.24 21.98 10.99 HOMING
0.213	>>> V 0.00 0.00
0.213	S 20522061 -28.30 -5.89 24.73 12.37 HOMING
0.231	>>> V 0.00 0.00
0.231	S 20522081 -27.77 -5.62 26.11 12.37 HOMING
0.250	>>> V 0.00 0.00
0.250	S 20522101 -27.16 -5.45 26.11 12.37 HOMING
0.273	>>> V 0.00 0.00
0.273	S 20522121 -26.63 -5.19 27.48 12.37 HOMING
0.290	>>> V 0.00 0.00
0.290	S 20522141 -25.93 -4.92 28.85 12.37 HOMING
0.311	>>> V 0.00 0.00
0.312	S 20522161 -25.40 -4.66 28.85 10.99 HOMING
0.333	>>> V 0.00 0.00
0.334	S 20522181 -24.79 -4.48 28.85 9.62 HOMING
0.350	>>> V 0.00 0.00
0.351	S 20522201 -24.17 -4.31 28.85 9.62 HOMING
0.372	>>> V 0.00 0.00
0.373	S 20522221 -23.55 -4.04 28.85 9.62 HOMING
0.391	>>> V 0.00 0.00
0.391	S 20522241 -23.03 -3.87 28.85 9.62 HOMING
0.410	>>> V 0.00 0.00
0.411	S 20522261 -22.50 -3.69 27.48 9.62 HOMING
0.430	>>> V 0.00 0.00
0.431	S 20522281 -21.88 -3.52 27.48 9.62 HOMING
0.450	>>> V 0.00 0.00
0.450	S 20522301 -21.27 -3.34 28.85 8.24 HOMING
0.472	>>> V 0.00 0.00
0.472	S 20522321 -20.57 -3.25 30.23 8.24 HOMING
0.490	>>> V 0.00 0.00
0.490	S 20522341 -19.95 -3.08 30.23 6.87 HOMING
0.510	>>> V 0.00 0.00
0.512	S 20522361 -19.34 -2.99 30.23 6.87 HOMING
0.531	>>> V 0.00 0.00
0.532	S 20522381 -18.72 -2.81 30.23 6.87 HOMING
0.550	>>> V 0.00 0.00
0.550	S 20522401 -18.11 -2.72 30.23 5.50 HOMING
0.570	>>> V 0.00 0.00
0.571	S 20522421 -17.58 -2.64 30.23 4.12 HOMING
0.590	>>> V 0.00 0.00
0.591	S 20522441 -16.87 -2.55 30.23 4.12 HOMING
0.610	>>> V 0.00 0.00
0.610	S 20522461 -16.26 -2.46 30.23 4.12 HOMING
0.631	>>> V 0.00 0.00
0.632	S 20522481 -15.73 -2.29 30.23 4.12 HOMING
0.650	>>> V 0.00 0.00
0.650	S 20522501 -15.12 -2.20 28.85 4.12 HOMING
0.672	>>> V 0.00 0.00
0.672	S 20522521 -14.50 -2.11 28.85 5.50 HOMING
0.690	>>> V 0.00 0.00
0.690	S 20522541 -13.89 -2.02 28.85 4.12 HOMING
0.710	>>> V 0.00 0.00
0.710	S 20522561 -13.27 -1.93 28.85 4.12 HOMING
0.731	>>> V 0.00 0.00
0.732	S 20522581 -12.83 -1.85 28.85 4.12 HOMING
0.750	>>> V 0.00 0.00
0.750	S 20522601 -12.22 -1.76 28.85 4.12 HOMING
0.770	>>> V 0.00 0.00
0.771	S 20522621 -11.69 -1.67 27.48 4.12 HOMING
0.790	>>> V 0.00 0.00
0.790	S 20522641 -11.25 -1.58 26.11 4.12 HOMING
0.810	>>> V 0.00 0.00
0.810	S 20522661 -10.81 -1.49 26.11 4.12 HOMING
0.833	>>> V 0.00 0.00
0.834	S 20522681 -10.28 -1.41 24.73 4.12 HOMING
0.850	>>> V 0.00 0.00
0.851	S 20522701 -9.76 -1.32 23.36 4.12 HOMING
0.872	>>> V 0.00 0.00
0.873	S 20522721 -9.40 -1.23 23.36 2.75 HOMING
0.890	>>> V 0.00 0.00
0.890	S 20522741 -8.88 -1.23 21.98 2.75 HOMING
0.911	>>> V 0.00 0.00
0.911	S 20522761 -8.53 -1.23 20.61 2.75 HOMING
0.932	>>> V 0.00 0.00
0.932	S 20522781 -8.09 -1.14 20.61 1.37 HOMING
0.950	>>> V 0.00 0.00
0.950	S 20522801 -7.73 -1.05 19.24 1.37 HOMING
0.971	>>> V 0.00 0.00
0.971	S 20522821 -7.38 -0.97 19.24 1.37 HOMING
0.991	>>> V 0.00 0.00
0.991	S 20522841 -7.03 -0.97 17.86 2.75 HOMING
1.010	>>> V 0.00 0.00
1.011	S 20522861 -6.77 -0.97 16.49 1.37 HOMING
1.031	>>> V 0.00 0.00
1.031	S 20522881 -6.42 -0.97 16.49 0.00 HOMING
1.050	>>> V 0.00 0.00
1.050	S 20522901 -6.06 -0.97 15.11 0.00 HOMING
1.071	>>> V 0.00 0.00
1.072	S 20522921 -5.80 -0.97 13.74 0.00 HOMING
1.090	>>> V 0.00 0.00
1.090	S 20522941 -5.45 -0.88 13.74 0.00 HOMING
1.111	>>> V 0.00 0.00
1.111	S 20522961 -5.19 -0.88 13.74 0.00 HOMING
1.139	>>> V 0.00 0.00
1.139	S 20522981 -5.01 -0.79 12.37 1.37 HOMING
1.141	S 20523001 -4.75 -0.79 12.37 1.37 HOMING
1.150	>>> V 0.00 0.00
1.173	>>> V 0.00 0.00
1.173	S 20523021 -4.57 -0.79 10.99 1.37 HOMING
1.190	>>> V 0.00 0.00
1.190	S 20523041 -4.48 -0.79 9.62 0.00 HOMING
1.210	>>> V 0.00 0.00
1.211	S 20523061 -4.22 -0.79 9.62 0.00 HOMING
1.232	>>> V 0.00 0.00
1.234	S 20523081 -4.04 -0.70 9.62 0.00 HOMING
1.250	>>> V 0.00 0.00
1.250	S 20523101 -3.87 -0.62 9.62 1.37 HOMING
1.271	>>> V 0.00 0.00
1.272	S 20523121 -3.60 -0.62 9.62 1.37 HOMING
1.290	>>> V 0.00 0.00
1.290	S 20523141 -3.52 -0.62 8.24 1.37 HOMING
1.312	>>> V 0.00 0.00
1.312	S 20523161 -3.34 -0.62 8.24 0.00 HOMING
1.334	>>> V 0.00 0.00
1.335	S 20523181 -3.25 -0.62 6.87 0.00 HOMING
1.338	S 20523201 -3.08 -0.53 6.87 0.00 HOMING
1.350	>>> V 0.00 0.00
1.371	>>> V 0.00 0.00
1.371	S 20523221 -2.99 -0.44 6.87 1.37 HOMING
1.390	>>> V 0.00 0.00
1.391	S 20523241 -2.81 -0.44 5.50 1.37 HOMING
1.410	>>> V 0.00 0.00
1.411	S 20523261 -2.72 -0.44 5.50 1.37 HOMING
1.433	>>> V 0.00 0.00
1.434	S 20523281 -2.64 -0.44 5.50 0.00 HOMING
1.450	>>> V 0.00 0.00
1.450	S 20523301 -2.55 -0.44 5.50 0.00 HOMING
1.473	>>> V 0.00 0.00
1.473	S 20523321 -2.37 -0.35 5.50 0.00 HOMING
1.490	>>> V 0.00 0.00
1.491	S 20523341 -2.29 -0.26 5.50 0.00 HOMING
1.511	>>> V 0.00 0.00
1.513	S 20523361 -2.20 -0.26 5.50 1.37 HOMING
1.533	>>> V 0.00 0.00
1.533	S 20523381 -2.02 -0.26 5.50 1.37 HOMING
1.550	>>> V 0.00 0.00
1.551	S 20523401 -1.93 -0.26 4.12 1.37 HOMING
1.571	>>> V 0.00 0.00
1.572	S 20523421 -1.85 -0.26 4.12 0.00 HOMING
1.590	>>> V 0.00 0.00
1.590	S 20523441 -1.76 -0.26 4.12 0.00 HOMING
1.610	>>> V 0.00 0.00
1.612	S 20523461 -1.67 -0.26 4.12 0.00 HOMING
1.632	>>> V 0.00 0.00
1.634	S 20523481 -1.58 -0.26 4.12 0.00 HOMING
1.650	>>> V 0.00 0.00
1.651	S 20523501 -1.58 -0.26 4.12 0.00 HOMING
1.672	>>> V 0.00 0.00
1.672	S 20523521 -1.58 -0.26 2.75 0.00 HOMING
1.690	>>> V 0.00 0.00
1.690	S 20523541 -1.58 -0.26 0.00 0.00 HOMING
1.710	>>> V 0.00 0.00
1.711	S 20523561 -1.41 -0.26 0.00 0.00 HOMING
1.731	>>> V 0.00 0.00
1.731	S 20523581 -1.41 -0.26 1.37 0.00 HOMING
1.750	>>> V 0.00 0.00
1.750	S 20523601 -1.32 -0.26 2.75 0.00 HOMING
1.770	>>> V 0.00 0.00
1.770	S 20523621 -1.23 -0.26 2.75 0.00 HOMING
1.790	>>> V 0.00 0.00
1.790	S 20523641 -1.14 -0.26 2.75 0.00 HOMING
1.811	>>> V 0.00 0.00
1.812	S 20523661 -1.14 -0.26 2.75 0.00 HOMING
1.831	>>> V 0.00 0.00
1.831	S 20523681 -1.05 -0.26 2.75 0.00 HOMING
1.850	>>> V 0.00 0.00
1.851	S 20523701 -0.97 -0.26 2.75 0.00 HOMING
1.872	>>> V 0.00 0.00
1.872	S 20523721 -0.97 -0.26 2.75 0.00 HOMING
1.890	>>> V 0.00 0.00
1.891	S 20523741 -0.97 -0.26 1.37 0.00 HOMING
1.913	>>> V 0.00 0.00
1.914	S 20523761 -0.97 -0.26 1.37 0.00 HOMING
1.931	>>> V 0.00 0.00
1.932	S 20523781 -0.97 -0.26 0.00 0.00 HOMING
1.952	>>> V 0.00 0.00
1.954	S 20523801 -0.97 -0.26 0.00 0.00 HOMING
1.971	>>> V 0.00 0.00
1.973	S 20523821 -0.88 -0.26 0.00 0.00 HOMING
1.991	>>> V 0.00 0.00
1.992	S 20523841 -0.79 -0.26 1.37 0.00 HOMING
2.010	>>> V 0.00 0.00
2.011	S 20523861 -0.79 -0.26 1.37 0.00 HOMING
2.032	>>> V 0.00 0.00
2.033	S 20523881 -0.79 -0.26 1.37 0.00 HOMING
2.052	>>> V 0.00 0.00
2.052	S 20523901 -0.79 -0.26 1.37 0.00 HOMING
2.072	>>> V 0.00 0.00
2.073	S 20523921 -0.79 -0.26 0.00 0.00 HOMING
2.091	>>> V 0.00 0.00
2.091	S 20523941 -0.79 -0.26 0.00 0.00 HOMING
2.110	>>> V 0.00 0.00
2.111	S 20523961 -0.62 -0.26 0.00 0.00 HOMING
2.133	>>> V 0.00 0.00
2.135	S 20523981 -0.62 -0.26 1.37 0.00 HOMING
2.151	>>> V 0.00 0.00
2.151	S 20524001 -0.62 -0.26 1.37 0.00 HOMING
2.172	>>> V 0.00 0.00
2.172	S 20524021 -0.62 -0.26 1.37 0.00 HOMING
2.190	>>> V 0.00 0.00
2.191	S 20524041 -0.62 -0.26 0.00 0.00 HOMING
2.212	>>> V 0.00 0.00
2.213	S 20524061 -0.62 -0.26 0.00 0.00 HOMING
2.230	>>> V 0.00 0.00
2.231	S 20524081 -0.53 -0.26 0.00 0.00 HOMING
2.251	>>> V 0.00 0.00
2.251	S 20524101 -0.44 -0.26 1.37 0.00 HOLD
2.271	>>> V 0.00 0.00
2.271	S 20524121 -0.44 -0.26 1.37 0.00 HOLD
2.291	>>> V 0.00 0.00
2.291	S 20524141 -0.44 -0.26 1.37 0.00 HOLD
2.316	>>> V 0.00 0.00
2.316	S 20524161 -0.44 -0.26 0.00 0.00 HOLD
2.318	S 20524181 -0.44 -0.26 0.00 0.00 HOLD
2.331	>>> V 0.00 0.00
2.335	S 20524201 -0.44 -0.26 0.00 0.00 HOLD
2.351	>>> V 0.00 0.00
2.373	>>> V 0.00 0.00
2.374	S 20524221 -0.44 -0.26 0.00 0.00 HOLD
2.390	>>> V 0.00 0.00
2.391	S 20524241 -0.44 -0.26 0.00 0.00 HOLD
2.412	>>> V 0.00 0.00
2.412	S 20524261 -0.44 -0.26 0.00 0.00 HOLD
2.431	>>> V 0.00 0.00
2.432	S 20524281 -0.44 -0.26 0.00 0.00 HOLD
2.450	>>> V 0.00 0.00
2.451	S 20524301 -0.44 -0.26 0.00 0.00 HOLD
2.471	>>> V 0.00 0.00
2.473	S 20524321 -0.44 -0.26 0.00 0.00 HOLD
2.490	>>> V 0.00 0.00
2.491	S 20524341 -0.44 -0.26 0.00 0.00 HOLD
2.512	>>> V 0.00 0.00
2.513	S 20524361 -0.44 -0.26 0.00 0.00 HOLD
2.530	>>> V 0.00 0.00
2.531	S 20524381 -0.44 -0.26 0.00 0.00 HOLD
2.551	>>> V 0.00 0.00
2.551	S 20524401 -0.44 -0.26 0.00 0.00 HOLD
2.570	>>> V 0.00 0.00
2.571	S 20524421 -0.44 -0.26 0.00 0.00 HOLD
2.590	>>> V 0.00 0.00
2.591	S 20524441 -0.44 -0.26 0.00 0.00 HOLD
2.612	>>> V 0.00 0.00
2.613	S 20524461 -0.44 -0.26 0.00 0.00 HOLD
2.630	>>> V 0.00 0.00
2.631	S 20524481 -0.44 -0.26 0.00 0.00 HOLD
2.651	>>> V 0.00 0.00
2.652	S 20524501 -0.44 -0.26 0.00 0.00 HOLD
2.670	>>> V 0.00 0.00
2.671	S 20524521 -0.44 -0.26 0.00 0.00 HOLD
2.692	>>> V 0.00 0.00
2.692	S 20524541 -0.44 -0.26 0.00 0.00 HOLD
2.711	>>> V 0.00 0.00
2.711	S 20524561 -0.44 -0.26 0.00 0.00 HOLD
2.731	>>> V 0.00 0.00
2.732	S 20524581 -0.44 -0.26 0.00 0.00 HOLD
2.752	>>> V 0.00 0.00
2.752	S 20524601 -0.44 -0.26 0.00 0.00 HOLD
2.770	>>> V 0.00 0.00
2.771	S 20524621 -0.44 -0.26 0.00 0.00 HOLD
2.792	>>> V 0.00 0.00
2.793	S 20524641 -0.44 -0.26 0.00 0.00 HOLD
2.810	>>> V 0.00 0.00
2.812	S 20524661 -0.44 -0.26 0.00 0.00 HOLD
2.832	>>> V 0.00 0.00
2.833	S 20524681 -0.44 -0.26 0.00 0.00 HOLD
2.851	>>> V 0.00 0.00
2.852	S 20524701 -0.44 -0.26 0.00 0.00 HOLD
2.871	>>> V 0.00 0.00
2.871	S 20524721 -0.44 -0.26 0.00 0.00 HOLD
2.892	>>> V 0.00 0.00
2.893	S 20524741 -0.44 -0.26 0.00 0.00 HOLD
2.910	>>> V 0.00 0.00
2.911	S 20524761 -0.44 -0.26 0.00 0.00 HOLD
2.931	>>> V 0.00 0.00
2.931	S 20524781 -0.44 -0.26 0.00 0.00 HOLD
2.950	>>> V 0.00 0.00
2.951	S 20524801 -0.44 -0.26 0.00 0.00 HOLD
2.972	>>> V 0.00 0.00
2.974	S 20524821 -0.44 -0.26 0.00 0.00 HOLD
2.990	>>> V 0.00 0.00
2.991	S 20524841 -0.44 -0.26 0.00 0.00 HOLD
3.014	>>> V 0.00 0.00
3.014	S 20524861 -0.44 -0.26 0.00 0.00 HOLD
3.031	>>> V 0.00 0.00
3.031	S 20524881 -0.44 -0.26 0.00 0.00 HOLD
3.052	>>> V 0.00 0.00
3.052	S 20524901 -0.44 -0.26 0.00 0.00 HOLD
3.070	>>> V 0.00 0.00
3.071	S 20524921 -0.44 -0.26 0.00 0.00 HOLD
3.093	>>> V 0.00 0.00
3.094	S 20524941 -0.44 -0.26 0.00 0.00 HOLD
3.112	>>> V 0.00 0.00
3.112	S 20524961 -0.44 -0.26 0.00 0.00 HOLD
3.131	>>> V 0.00 0.00
3.132	S 20524981 -0.44 -0.26 0.00 0.00 HOLD
3.150	>>> V 0.00 0.00
3.150	S 20525001 -0.44 -0.26 0.00 0.00 HOLD
3.173	>>> V 0.00 0.00
3.173	S 20525021 -0.44 -0.26 0.00 0.00 HOLD
3.190	>>> V 0.00 0.00
3.191	S 20525041 -0.44 -0.26 0.00 0.00 HOLD
3.211	>>> V 0.00 0.00
3.211	S 20525061 -0.44 -0.26 0.00 0.00 HOLD
3.231	>>> V 0.00 0.00
3.232	S 20525081 -0.44 -0.26 0.00 0.00 HOLD
3.251	>>> V 0.00 0.00
3.251	S 20525101 -0.44 -0.26 0.00 0.00 HOLD
3.272	>>> V 0.00 0.00
3.274	S 20525121 -0.44 -0.26 0.00 0.00 HOLD
3.290	>>> V 0.00 0.00
3.291	S 20525141 -0.44 -0.26 0.00 0.00 HOLD
3.312	>>> V 0.00 0.00
3.312	S 20525161 -0.44 -0.26 0.00 0.00 HOLD
3.331	>>> V 0.00 0.00
3.331	S 20525181 -0.44 -0.26 0.00 0.00 HOLD
3.351	>>> V 0.00 0.00
3.351	S 20525201 -0.44 -0.26 0.00 0.00 HOLD
3.370	>>> V 0.00 0.00
3.371	S 20525221 -0.44 -0.26 0.00 0.00 HOLD
3.391	>>> V 0.00 0.00
3.392	S 20525241 -0.44 -0.26 0.00 0.00 HOLD
3.411	>>> V 0.00 0.00
3.412	S 20525261 -0.44 -0.26 0.00 0.00 HOLD
3.430	>>> V 0.00 0.00
3.431	S 20525281 -0.44 -0.26 0.00 0.00 HOLD
3.452	>>> V 0.00 0.00
3.453	S 20525301 -0.44 -0.26 0.00 0.00 HOLD
3.471	>>> V 0.00 0.00
3.473	S 20525321 -0.44 -0.26 0.00 0.00 HOLD
3.491	>>> V 0.00 0.00
3.492	S 20525341 -0.44 -0.26 0.00 0.00 HOLD
3.510	>>> V 0.00 0.00
3.511	S 20525361 -0.44 -0.26 0.00 0.00 HOLD
3.530	>>> V 0.00 0.00
3.531	S 20525381 -0.44 -0.26 0.00 0.00 HOLD
3.552	>>> V 0.00 0.00
3.552	S 20525401 -0.44 -0.26 0.00 0.00 HOLD
3.571	>>> V 0.00 0.00
3.572	S 20525421 -0.44 -0.26 0.00 0.00 HOLD
3.591	>>> V 0.00 0.00
3.592	S 20525441 -0.44 -0.26 0.00 0.00 HOLD
3.610	>>> V 0.00 0.00
3.611	S 20525461 -0.44 -0.26 0.00 0.00 HOLD
3.631	>>> V 0.00 0.00
3.633	S 20525481 -0.44 -0.26 0.00 0.00 HOLD
3.651	>>> V 0.00 0.00
3.652	S 20525501 -0.44 -0.26 0.00 0.00 HOLD
3.670	>>> V 0.00 0.00
3.670	S 20525521 -0.44 -0.26 0.00 0.00 HOLD
3.692	>>> V 0.00 0.00
3.693	S 20525541 -0.44 -0.26 0.00 0.00 HOLD
3.710	>>> V 0.00 0.00
3.711	S 20525561 -0.44 -0.26 0.00 0.00 HOLD
3.730	>>> V 0.00 0.00
3.731	S 20525581 -0.44 -0.26 0.00 0.00 HOLD
3.750	>>> V 0.00 0.00
3.751	S 20525601 -0.44 -0.26 0.00 0.00 HOLD
3.771	>>> V 0.00 0.00
3.771	S 20525621 -0.44 -0.26 0.00 0.00 HOLD
3.791	>>> V 0.00 0.00
3.791	S 20525641 -0.44 -0.26 0.00 0.00 HOLD
3.810	>>> V 0.00 0.00
3.811	S 20525661 -0.44 -0.26 0.00 0.00 HOLD
3.832	>>> V 0.00 0.00
3.834	S 20525681 -0.44 -0.26 0.00 0.00 HOLD
3.850	>>> V 0.00 0.00
3.850	S 20525701 -0.44 -0.26 0.00 0.00 HOLD
3.873	>>> V 0.00 0.00
3.875	S 20525721 -0.44 -0.26 0.00 0.00 HOLD
3.890	>>> V 0.00 0.00
3.890	S 20525741 -0.44 -0.26 0.00 0.00 HOLD
3.912	>>> V 0.00 0.00
3.912	S 20525761 -0.44 -0.26 0.00 0.00 HOLD
3.930	>>> V 0.00 0.00
3.931	S 20525781 -0.53 -0.26 0.00 0.00 HOLD
3.950	>>> V 0.00 0.00
3.951	S 20525801 -0.44 -0.26 0.00 0.00 HOLD
3.971	>>> V 0.00 0.00
3.972	S 20525821 -0.44 -0.26 0.00 0.00 HOLD
3.990	>>> V 0.00 0.00
3.990	S 20525841 -0.44 -0.26 0.00 0.00 HOLD
4.011	>>> V 0.00 0.00
4.012	S 20525861 -0.44 -0.26 0.00 0.00 HOLD
4.031	>>> V 0.00 0.00
4.032	S 20525881 -0.44 -0.26 0.00 0.00 HOLD
4.078	>>> V 0.00 0.00
4.079	S 20525901 -0.44 -0.26 0.00 0.00 HOLD
4.081	S 20525921 -0.44 -0.26 0.00 0.00 HOLD
4.083	S 20525941 -0.44 -0.26 0.00 0.00 HOLD
4.088	>>> V 0.00 0.00
4.092	>>> V 0.00 0.00
4.112	>>> V 0.00 0.00
4.113	S 20525961 -0.44 -0.26 0.00 0.00 HOLD
4.132	>>> V 0.00 0.00
4.132	S 20525981 -0.44 -0.26 0.00 0.00 HOLD
4.152	>>> V 0.00 0.00
4.153	S 20526001 -0.44 -0.26 0.00 0.00 HOLD
4.171	>>> V 0.00 0.00
4.171	S 20526021 -0.44 -0.26 0.00 0.00 HOLD
4.192	>>> V 0.00 0.00
4.192	S 20526041 -0.44 -0.26 0.00 0.00 HOLD
4.210	>>> V 0.00 0.00
4.211	S 20526061 -0.44 -0.26 0.00 0.00 HOLD
4.235	>>> V 0.00 0.00
4.236	S 20526081 -0.44 -0.26 0.00 0.00 HOLD
4.238	S 20526101 -0.44 -0.26 0.00 0.00 HOLD
4.251	>>> V 0.00 0.00
4.271	>>> V 0.00 0.00
4.271	S 20526121 -0.44 -0.26 0.00 0.00 HOLD
4.291	>>> V 0.00 0.00
4.291	S 20526141 -0.44 -0.26 0.00 0.00 HOLD
4.310	>>> V 0.00 0.00
4.311	S 20526161 -0.44 -0.26 0.00 0.00 HOLD
4.331	>>> V 0.00 0.00
4.331	S 20526181 -0.44 -0.26 0.00 0.00 HOLD
4.351	>>> V 0.00 0.00
4.351	S 20526201 -0.44 -0.26 0.00 0.00 HOLD
4.372	>>> V 0.00 0.00
4.372	S 20526221 -0.44 -0.26 0.00 0.00 HOLD
4.390	>>> V 0.00 0.00
4.391	S 20526241 -0.44 -0.26 0.00 0.00 HOLD
4.411	>>> V 0.00 0.00
4.412	S 20526261 -0.44 -0.26 0.00 0.00 HOLD
4.430	>>> V 0.00 0.00
4.431	S 20526281 -0.44 -0.26 0.00 0.00 HOLD
4.451	>>> V 0.00 0.00
4.452	S 20526301 -0.44 -0.26 0.00 0.00 HOLD
4.470	>>> V 0.00 0.00
4.471	S 20526321 -0.44 -0.26 0.00 0.00 HOLD
4.492	>>> V 0.00 0.00
4.492	S 20526341 -0.44 -0.26 0.00 0.00 HOLD
4.510	>>> V 0.00 0.00
4.511	S 20526361 -0.44 -0.26 0.00 0.00 HOLD
4.532	>>> V 0.00 0.00
4.532	S 20526381 -0.44 -0.26 0.00 0.00 HOLD
4.550	>>> V 0.00 0.00
4.550	S 20526401 -0.44 -0.26 0.00 0.00 HOLD
4.572	>>> V 0.00 0.00
4.572	S 20526421 -0.44 -0.26 0.00 0.00 HOLD
4.590	>>> V 0.00 0.00
4.591	S 20526441 -0.44 -0.26 0.00 0.00 HOLD
4.612	>>> V 0.00 0.00
4.612	S 20526461 -0.44 -0.26 0.00 0.00 HOLD
4.630	>>> V 0.00 0.00
4.631	S 20526481 -0.44 -0.26 0.00 0.00 HOLD
4.650	>>> V 0.00 0.00
4.651	S 20526501 -0.44 -0.26 0.00 0.00 HOLD
4.671	>>> V 0.00 0.00
4.671	S 20526521 -0.53 -0.26 0.00 0.00 HOLD
4.691	>>> V 0.00 0.00
4.691	S 20526541 -0.44 -0.26 0.00 0.00 HOLD
4.710	>>> V 0.00 0.00
4.710	S 20526561 -0.44 -0.26 0.00 0.00 HOLD
4.732	>>> V 0.00 0.00
4.733	S 20526581 -0.44 -0.26 0.00 0.00 HOLD
4.750	>>> V 0.00 0.00
4.750	S 20526601 -0.44 -0.26 0.00 0.00 HOLD
4.771	>>> V 0.00 0.00
4.771	S 20526621 -0.44 -0.26 0.00 0.00 HOLD
4.790	>>> V 0.00 0.00
4.791	S 20526641 -0.44 -0.26 0.00 0.00 HOLD
4.810	>>> V 0.00 0.00
4.810	S 20526661 -0.44 -0.26 0.00 0.00 HOLD
4.831	>>> V 0.00 0.00
4.833	S 20526681 -0.44 -0.26 0.00 0.00 HOLD
4.850	>>> V 0.00 0.00
4.850	S 20526701 -0.44 -0.26 0.00 0.00 HOLD
4.875	>>> V 0.00 0.00
4.875	S 20526721 -0.44 -0.26 0.00 0.00 HOLD
4.879	S 20526741 -0.53 -0.26 0.00 0.00 HOLD
4.890	>>> V 0.00 0.00
4.912	>>> V 0.00 0.00
4.913	S 20526761 -0.44 -0.26 0.00 0.00 HOLD
4.931	>>> V 0.00 0.00
4.931	S 20526781 -0.44 -0.26 0.00 0.00 HOLD
4.951	>>> V 0.00 0.00
4.951	S 20526801 -0.44 -0.26 0.00 0.00 HOLD
4.971	>>> V 0.00 0.00
4.971	S 20526821 -0.44 -0.26 0.00 0.00 HOLD
4.990	>>> V 0.00 0.00
4.991	S 20526841 -0.44 -0.26 0.00 0.00 HOLD
5.010	>>> V 0.00 0.00
5.011	S 20526861 -0.44 -0.26 0.00 0.00 HOLD
5.030	>>> V 0.00 0.00
5.031	S 20526881 -0.44 -0.26 0.00 0.00 HOLD
5.051	>>> V 0.00 0.00
5.052	S 20526901 -0.44 -0.26 0.00 0.00 HOLD
5.070	>>> V 0.00 0.00
5.070	S 20526921 -0.44 -0.26 0.00 0.00 HOLD
5.092	>>> V 0.00 0.00
5.092	S 20526941 -0.44 -0.26 0.00 0.00 HOLD
5.111	>>> V 0.00 0.00
5.111	S 20526961 -0.44 -0.26 0.00 0.00 HOLD
5.132	>>> V 0.00 0.00
5.133	S 20526982 -0.44 -0.26 0.00 0.00 HOLD
5.150	>>> V 0.00 0.00
5.151	S 20527002 -0.44 -0.26 0.00 0.00 HOLD
5.171	>>> V 0.00 0.00
5.171	S 20527022 -0.44 -0.26 0.00 0.00 HOLD
5.191	>>> V 0.00 0.00
5.192	S 20527042 -0.44 -0.26 0.00 0.00 HOLD
5.210	>>> V 0.00 0.00
5.210	S 20527062 -0.44 -0.26 0.00 0.00 HOLD
5.232	>>> V 0.00 0.00
5.232	S 20527082 -0.44 -0.26 0.00 0.00 HOLD
5.250	>>> V 0.00 0.00
5.251	S 20527102 -0.44 -0.26 0.00 0.00 HOLD
5.272	>>> V 0.00 0.00
5.273	S 20527122 -0.44 -0.26 0.00 0.00 HOLD
5.290	>>> V 0.00 0.00
5.291	S 20527142 -0.44 -0.26 0.00 0.00 HOLD
5.310	>>> V 0.00 0.00
5.311	S 20527162 -0.44 -0.26 0.00 0.00 HOLD
5.331	>>> V 0.00 0.00
5.332	S 20527182 -0.44 -0.26 0.00 0.00 HOLD
5.350	>>> V 0.00 0.00
5.350	S 20527202 -0.44 -0.26 0.00 0.00 HOLD
5.372	>>> V 0.00 0.00
5.372	S 20527222 -0.44 -0.26 0.00 0.00 HOLD
5.391	>>> V 0.00 0.00
5.391	S 20527242 -0.44 -0.26 0.00 0.00 HOLD
5.412	>>> V 0.00 0.00
5.412	S 20527262 -0.44 -0.26 0.00 0.00 HOLD
5.431	>>> V 0.00 0.00
5.431	S 20527282 -0.44 -0.26 0.00 0.00 HOLD
5.452	>>> V 0.00 0.00
5.452	S 20527302 -0.44 -0.26 0.00 0.00 HOLD
5.470	>>> V 0.00 0.00
5.471	S 20527322 -0.44 -0.26 0.00 0.00 HOLD
5.491	>>> V 0.00 0.00
5.491	S 20527342 -0.44 -0.26 0.00 0.00 HOLD
5.510	>>> V 0.00 0.00
5.511	S 20527362 -0.44 -0.26 0.00 0.00 HOLD
5.530	>>> V 0.00 0.00
5.530	S 20527382 -0.44 -0.26 0.00 0.00 HOLD
5.551	>>> V 0.00 0.00
5.551	S 20527402 -0.44 -0.26 0.00 0.00 HOLD
5.570	>>> V 0.00 0.00
5.571	S 20527422 -0.44 -0.26 0.00 0.00 HOLD
5.593	>>> V 0.00 0.00
5.594	S 20527442 -0.44 -0.26 0.00 0.00 HOLD
5.612	>>> V 0.00 0.00
5.612	S 20527462 -0.44 -0.26 0.00 0.00 HOLD
5.631	>>> V 0.00 0.00
5.632	S 20527482 -0.44 -0.26 0.00 0.00 HOLD
5.651	>>> V 0.00 0.00
5.651	S 20527502 -0.44 -0.26 0.00 0.00 HOLD
5.671	>>> V 0.00 0.00
5.671	S 20527522 -0.44 -0.26 0.00 0.00 HOLD
5.691	>>> V 0.00 0.00
5.692	S 20527542 -0.44 -0.26 0.00 0.00 HOLD
5.710	>>> V 0.00 0.00
5.711	S 20527562 -0.44 -0.26 0.00 0.00 HOLD
5.732	>>> V 0.00 0.00
5.732	S 20527582 -0.44 -0.26 0.00 0.00 HOLD
5.751	>>> V 0.00 0.00
5.752	S 20527602 -0.44 -0.26 0.00 0.00 HOLD
5.771	>>> V 0.00 0.00
5.772	S 20527622 -0.44 -0.26 0.00 0.00 HOLD
5.791	>>> V 0.00 0.00
5.792	S 20527642 -0.44 -0.26 0.00 0.00 HOLD
5.810	>>> V 0.00 0.00
5.812	S 20527662 -0.44 -0.26 0.00 0.00 HOLD
5.831	>>> V 0.00 0.00
5.832	S 20527682 -0.44 -0.26 0.00 0.00 HOLD
5.852	>>> V 0.00 0.00
5.853	S 20527702 -0.44 -0.26 0.00 0.00 HOLD
5.870	>>> V 0.00 0.00
5.871	S 20527722 -0.44 -0.26 0.00 0.00 HOLD
5.892	>>> V 0.00 0.00
5.892	S 20527742 -0.44 -0.26 0.00 0.00 HOLD
5.912	>>> V 0.00 0.00
5.913	S 20527762 -0.44 -0.26 0.00 0.00 HOLD
5.931	>>> V 0.00 0.00
5.932	S 20527782 -0.44 -0.26 0.00 0.00 HOLD
5.954	>>> V 0.00 0.00
5.954	S 20527802 -0.44 -0.26 0.00 0.00 HOLD
5.971	>>> V 0.00 0.00
5.973	S 20527822 -0.44 -0.26 0.00 0.00 HOLD
5.992	>>> V 0.00 0.00
5.992	S 20527842 -0.44 -0.26 0.00 0.00 HOLD
6.011	>>> V 0.00 0.00
6.012	S 20527862 -0.44 -0.26 0.00 0.00 HOLD
6.031	>>> V 0.00 0.00
6.032	S 20527882 -0.44 -0.26 0.00 0.00 HOLD
6.050	>>> V 0.00 0.00
6.051	S 20527902 -0.44 -0.26 0.00 0.00 HOLD
6.070	>>> V 0.00 0.00
6.071	S 20527922 -0.53 -0.26 0.00 0.00 HOLD
6.091	>>> V 0.00 0.00
6.092	S 20527942 -0.44 -0.26 0.00 0.00 HOLD
6.110	>>> V 0.00 0.00
6.111	S 20527962 -0.44 -0.26 0.00 0.00 HOLD
6.132	>>> V 0.00 0.00
6.133	S 20527982 -0.44 -0.26 0.00 0.00 HOLD
6.150	>>> V 0.00 0.00
6.151	S 20528002 -0.44 -0.26 0.00 0.00 HOLD
6.172	>>> V 0.00 0.00
6.173	S 20528022 -0.44 -0.26 0.00 0.00 HOLD
6.191	>>> V 0.00 0.00
6.191	S 20528042 -0.44 -0.26 0.00 0.00 HOLD
6.212	>>> V 0.00 0.00
6.212	S 20528062 -0.44 -0.26 0.00 0.00 HOLD
6.231	>>> V 0.00 0.00
6.231	S 20528082 -0.44 -0.26 0.00 0.00 HOLD
6.251	>>> V 0.00 0.00
6.253	S 20528102 -0.44 -0.26 0.00 0.00 HOLD
6.270	>>> V 0.00 0.00
6.271	S 20528122 -0.44 -0.26 0.00 0.00 HOLD
6.292	>>> V 0.00 0.00
6.292	S 20528142 -0.44 -0.26 0.00 0.00 HOLD
6.310	>>> V 0.00 0.00
6.310	S 20528162 -0.44 -0.26 0.00 0.00 HOLD
6.331	>>> V 0.00 0.00
6.331	S 20528182 -0.44 -0.26 0.00 0.00 HOLD
6.350	>>> V 0.00 0.00
6.350	S 20528202 -0.44 -0.26 0.00 0.00 HOLD
6.372	>>> V 0.00 0.00
6.372	S 20528222 -0.44 -0.26 0.00 0.00 HOLD
6.390	>>> V 0.00 0.00
6.392	S 20528242 -0.44 -0.26 0.00 0.00 HOLD
6.412	>>> V 0.00 0.00
6.412	S 20528262 -0.44 -0.26 0.00 0.00 HOLD
6.431	>>> V 0.00 0.00
6.431	S 20528282 -0.44 -0.26 0.00 0.00 HOLD
6.452	>>> V 0.00 0.00
6.452	S 20528302 -0.44 -0.26 0.00 0.00 HOLD
6.470	>>> V 0.00 0.00
6.471	S 20528322 -0.53 -0.26 0.00 0.00 HOLD
6.490	>>> V 0.00 0.00
6.491	S 20528342 -0.44 -0.26 0.00 0.00 HOLD
6.511	>>> V 0.00 0.00
6.512	S 20528362 -0.44 -0.26 0.00 0.00 HOLD
6.530	>>> V 0.00 0.00
6.531	S 20528382 -0.44 -0.26 0.00 0.00 HOLD
6.552	>>> V 0.00 0.00
6.553	S 20528402 -0.44 -0.26 0.00 0.00 HOLD
6.572	>>> V 0.00 0.00
6.573	S 20528422 -0.44 -0.26 0.00 0.00 HOLD
6.592	>>> V 0.00 0.00
6.592	S 20528442 -0.44 -0.26 0.00 0.00 HOLD
6.611	>>> V 0.00 0.00
6.611	S 20528462 -0.44 -0.26 0.00 0.00 HOLD
6.632	>>> V 0.00 0.00
6.632	S 20528482 -0.44 -0.26 0.00 0.00 HOLD
6.650	>>> V 0.00 0.00
6.652	S 20528502 -0.44 -0.26 0.00 0.00 HOLD
6.670	>>> V 0.00 0.00
6.671	S 20528522 -0.44 -0.26 0.00 0.00 HOLD
6.691	>>> V 0.00 0.00
6.692	S 20528542 -0.44 -0.26 0.00 0.00 HOLD
6.711	>>> V 0.00 0.00
6.711	S 20528562 -0.44 -0.26 0.00 0.00 HOLD
6.733	>>> V 0.00 0.00
6.733	S 20528582 -0.44 -0.26 0.00 0.00 HOLD
6.751	>>> V 0.00 0.00
6.751	S 20528602 -0.44 -0.26 0.00 0.00 HOLD
6.770	>>> V 0.00 0.00
6.771	S 20528622 -0.44 -0.26 0.00 0.00 HOLD
6.790	>>> V 0.00 0.00
6.791	S 20528642 -0.44 -0.26 0.00 0.00 HOLD
6.810	>>> V 0.00 0.00
6.810	S 20528662 -0.44 -0.26 0.00 0.00 HOLD
6.831	>>> V 0.00 0.00
6.832	S 20528682 -0.44 -0.26 0.00 0.00 HOLD
6.851	>>> V 0.00 0.00
6.851	S 20528702 -0.44 -0.26 0.00 0.00 HOLD
6.872	>>> V 0.00 0.00
6.872	S 20528722 -0.44 -0.26 0.00 0.00 HOLD
6.891	>>> V 0.00 0.00
6.891	S 20528742 -0.44 -0.26 0.00 0.00 HOLD
6.912	>>> V 0.00 0.00
6.913	S 20528762 -0.44 -0.26 0.00 0.00 HOLD
6.931	>>> V 0.00 0.00
6.931	S 20528782 -0.44 -0.26 0.00 0.00 HOLD
6.950	>>> V 0.00 0.00
6.951	S 20528802 -0.44 -0.26 0.00 0.00 HOLD
6.971	>>> V 0.00 0.00
6.972	S 20528822 -0.44 -0.26 0.00 0.00 HOLD
6.990	>>> V 0.00 0.00
6.990	S 20528842 -0.44 -0.26 0.00 0.00 HOLD
7.012	>>> V 0.00 0.00
7.012	S 20528862 -0.44 -0.26 0.00 0.00 HOLD
7.031	>>> V 0.00 0.00
7.031	S 20528882 -0.44 -0.26 0.00 0.00 HOLD
7.051	>>> V 0.00 0.00
7.051	S 20528902 -0.44 -0.26 0.00 0.00 HOLD
7.071	>>> V 0.00 0.00
7.071	S 20528922 -0.44 -0.26 0.00 0.00 HOLD
7.091	>>> V 0.00 0.00
7.092	S 20528942 -0.44 -0.26 0.00 0.00 HOLD
7.113	>>> V 0.00 0.00
7.113	S 20528962 -0.44 -0.26 0.00 0.00 HOLD
7.130	>>> V 0.00 0.00
7.131	S 20528982 -0.44 -0.26 0.00 0.00 HOLD
7.151	>>> V 0.00 0.00
7.151	S 20529002 -0.44 -0.26 0.00 0.00 HOLD
7.171	>>> V 0.00 0.00
7.171	S 20529022 -0.44 -0.26 0.00 0.00 HOLD
7.191	>>> V 0.00 0.00
7.191	S 20529042 -0.44 -0.26 0.00 0.00 HOLD
7.210	>>> V 0.00 0.00
7.210	S 20529062 -0.44 -0.26 0.00 0.00 HOLD
7.231	>>> V 0.00 0.00
7.231	S 20529082 -0.44 -0.26 0.00 0.00 HOLD
7.250	>>> V 0.00 0.00
7.250	S 20529102 -0.44 -0.26 0.00 0.00 HOLD
7.271	>>> V 0.00 0.00
7.271	S 20529122 -0.44 -0.26 0.00 0.00 HOLD
7.290	>>> V 0.00 0.00
7.290	S 20529142 -0.44 -0.26 0.00 0.00 HOLD
7.312	>>> V 0.00 0.00
7.312	S 20529162 -0.44 -0.26 0.00 0.00 HOLD
7.331	>>> V 0.00 0.00
7.331	S 20529182 -0.44 -0.26 0.00 0.00 HOLD
7.352	>>> V 0.00 0.00
7.353	S 20529202 -0.44 -0.26 0.00 0.00 HOLD
7.371	>>> V 0.00 0.00
7.371	S 20529222 -0.44 -0.26 0.00 0.00 HOLD
7.391	>>> V 0.00 0.00
7.391	S 20529242 -0.44 -0.26 0.00 0.00 HOLD
7.411	>>> V 0.00 0.00
7.411	S 20529262 -0.44 -0.26 0.00 0.00 HOLD
7.430	>>> V 0.00 0.00
7.430	S 20529282 -0.44 -0.26 0.00 0.00 HOLD
7.452	>>> V 0.00 0.00
7.453	S 20529302 -0.44 -0.26 0.00 0.00 HOLD
7.471	>>> V 0.00 0.00
7.472	S 20529322 -0.44 -0.26 0.00 0.00 HOLD
7.492	>>> V 0.00 0.00
7.492	S 20529342 -0.44 -0.26 0.00 0.00 HOLD
7.512	>>> V 0.00 0.00
7.513	S 20529362 -0.44 -0.26 0.00 0.00 HOLD
7.531	>>> V 0.00 0.00
7.531	S 20529382 -0.44 -0.26 0.00 0.00 HOLD
7.551	>>> V 0.00 0.00
7.552	S 20529402 -0.44 -0.26 0.00 0.00 HOLD
7.571	>>> V 0.00 0.00
7.571	S 20529422 -0.44 -0.26 0.00 0.00 HOLD
7.591	>>> V 0.00 0.00
7.591	S 20529442 -0.44 -0.26 0.00 0.00 HOLD
7.610	>>> V 0.00 0.00
7.611	S 20529462 -0.44 -0.26 0.00 0.00 HOLD
7.630	>>> V 0.00 0.00
7.631	S 20529482 -0.44 -0.26 0.00 0.00 HOLD
7.650	>>> V 0.00 0.00
7.650	S 20529502 -0.44 -0.26 0.00 0.00 HOLD
7.671	>>> V 0.00 0.00
7.671	S 20529522 -0.44 -0.26 0.00 0.00 HOLD
7.690	>>> V 0.00 0.00
7.690	S 20529542 -0.44 -0.26 0.00 0.00 HOLD
7.712	>>> V 0.00 0.00
7.713	S 20529562 -0.44 -0.26 0.00 0.00 HOLD
7.730	>>> V 0.00 0.00
7.732	S 20529582 -0.44 -0.26 0.00 0.00 HOLD
7.754	>>> V 0.00 0.00
7.754	S 20529602 -0.44 -0.26 0.00 0.00 HOLD
7.771	>>> V 0.00 0.00
7.771	S 20529622 -0.44 -0.26 0.00 0.00 HOLD
7.790	>>> V 0.00 0.00
7.791	S 20529642 -0.44 -0.26 0.00 0.00 HOLD
7.811	>>> V 0.00 0.00
7.813	S 20529662 -0.44 -0.26 0.00 0.00 HOLD
7.830	>>> V 0.00 0.00
7.831	S 20529682 -0.44 -0.26 0.00 0.00 HOLD
7.850	>>> V 0.00 0.00
7.851	S 20529702 -0.44 -0.26 0.00 0.00 HOLD
7.871	>>> V 0.00 0.00
7.872	S 20529722 -0.44 -0.26 0.00 0.00 HOLD
7.890	>>> V 0.00 0.00
7.891	S 20529742 -0.44 -0.26 0.00 0.00 HOLD
7.910	>>> V 0.00 0.00
7.911	S 20529762 -0.44 -0.26 0.00 0.00 HOLD
7.932	>>> V 0.00 0.00
7.932	S 20529782 -0.44 -0.26 0.00 0.00 HOLD
7.950	>>> V 0.00 0.00
7.950	S 20529802 -0.44 -0.26 0.00 0.00 HOLD
7.972	>>> V 0.00 0.00
7.973	S 20529822 -0.44 -0.26 0.00 0.00 HOLD
7.990	>>> V 0.00 0.00
7.991	S 20529842 -0.44 -0.26 0.00 0.00 HOLD
8.011	>>> V 0.00 0.00
8.013	S 20529862 -0.44 -0.26 0.00 0.00 HOLD
8.031	>>> V 0.00 0.00
8.032	S 20529882 -0.44 -0.26 0.00 0.00 HOLD
8.052	>>> V 0.00 0.00
8.052	S 20529902 -0.44 -0.26 0.00 0.00 HOLD
8.070	>>> V 0.00 0.00
8.071	S 20529922 -0.44 -0.26 0.00 0.00 HOLD
8.091	>>> V 0.00 0.00
8.091	S 20529942 -0.44 -0.26 0.00 0.00 HOLD
8.112	>>> V 0.00 0.00
8.112	S 20529962 -0.44 -0.26 0.00 0.00 HOLD
8.130	>>> V 0.00 0.00
8.130	S 20529982 -0.44 -0.26 0.00 0.00 HOLD
8.151	>>> V 0.00 0.00
8.152	S 20530002 -0.44 -0.26 0.00 0.00 HOLD
8.170	>>> V 0.00 0.00
8.171	S 20530022 -0.44 -0.26 0.00 0.00 HOLD
8.192	>>> V 0.00 0.00
8.192	S 20530042 -0.44 -0.26 0.00 0.00 HOLD
8.211	>>> V 0.00 0.00
8.212	S 20530062 -0.44 -0.26 0.00 0.00 HOLD
8.230	>>> V 0.00 0.00
8.232	S 20530082 -0.44 -0.26 0.00 0.00 HOLD
8.250	>>> V 0.00 0.00
8.251	S 20530102 -0.44 -0.26 0.00 0.00 HOLD
8.271	>>> V 0.00 0.00
8.271	S 20530122 -0.44 -0.26 0.00 0.00 HOLD
8.291	>>> V 0.00 0.00
8.291	S 20530142 -0.44 -0.26 0.00 0.00 HOLD
8.310	>>> V 0.00 0.00
8.310	S 20530162 -0.44 -0.26 0.00 0.00 HOLD
8.332	>>> V 0.00 0.00
8.333	S 20530182 -0.44 -0.26 0.00 0.00 HOLD
8.350	>>> V 0.00 0.00
8.351	S 20530202 -0.44 -0.26 0.00 0.00 HOLD
8.372	>>> V 0.00 0.00
8.373	S 20530222 -0.44 -0.26 0.00 0.00 HOLD
8.391	>>> V 0.00 0.00
8.391	S 20530242 -0.44 -0.26 0.00 0.00 HOLD
8.411	>>> V 0.00 0.00
8.411	S 20530262 -0.44 -0.26 0.00 0.00 HOLD
8.430	>>> V 0.00 0.00
8.431	S 20530282 -0.44 -0.26 0.00 0.00 HOLD
8.450	>>> V 0.00 0.00
8.451	S 20530302 -0.44 -0.26 0.00 0.00 HOLD
8.470	>>> V 0.00 0.00
8.471	S 20530322 -0.44 -0.26 0.00 0.00 HOLD
8.491	>>> V 0.00 0.00
8.491	S 20530342 -0.44 -0.26 0.00 0.00 HOLD
8.513	>>> V 0.00 0.00
8.513	S 20530362 -0.44 -0.26 0.00 0.00 HOLD
8.530	>>> V 0.00 0.00
8.531	S 20530382 -0.44 -0.26 0.00 0.00 HOLD
8.551	>>> V 0.00 0.00
8.553	S 20530402 -0.44 -0.26 0.00 0.00 HOLD
8.570	>>> V 0.00 0.00
8.571	S 20530422 -0.44 -0.26 0.00 0.00 HOLD
8.591	>>> V 0.00 0.00
8.592	S 20530442 -0.44 -0.26 0.00 0.00 HOLD
8.612	>>> V 0.00 0.00
8.616	S 20530462 -0.44 -0.26 0.00 0.00 HOLD
8.630	>>> V 0.00 0.00
8.630	S 20530482 -0.44 -0.26 0.00 0.00 HOLD
8.650	>>> V 0.00 0.00
8.651	S 20530502 -0.44 -0.26 0.00 0.00 HOLD
8.670	>>> V 0.00 0.00
8.671	S 20530522 -0.44 -0.26 0.00 0.00 HOLD
8.691	>>> V 0.00 0.00
8.691	S 20530542 -0.44 -0.26 0.00 0.00 HOLD
8.713	>>> V 0.00 0.00
8.714	S 20530562 -0.44 -0.26 0.00 0.00 HOLD
8.730	>>> V 0.00 0.00
8.731	S 20530582 -0.44 -0.26 0.00 0.00 HOLD
8.751	>>> V 0.00 0.00
8.752	S 20530602 -0.44 -0.26 0.00 0.00 HOLD
8.771	>>> V 0.00 0.00
8.772	S 20530622 -0.44 -0.26 0.00 0.00 HOLD
8.790	>>> V 0.00 0.00
8.791	S 20530642 -0.44 -0.26 0.00 0.00 HOLD
8.813	>>> V 0.00 0.00
8.814	S 20530662 -0.44 -0.26 0.00 0.00 HOLD
8.831	>>> V 0.00 0.00
8.831	S 20530682 -0.44 -0.26 0.00 0.00 HOLD
8.851	>>> V 0.00 0.00
8.851	S 20530702 -0.44 -0.26 0.00 0.00 HOLD
8.876	>>> V 0.00 0.00
8.878	S 20530722 -0.44 -0.26 0.00 0.00 HOLD
8.881	S 20530742 -0.44 -0.26 0.00 0.00 HOLD
8.891	>>> V 0.00 0.00
8.913	>>> V 0.00 0.00
8.914	S 20530762 -0.44 -0.26 0.00 0.00 HOLD
8.931	>>> V 0.00 0.00
8.932	S 20530782 -0.44 -0.26 0.00 0.00 HOLD
8.951	>>> V 0.00 0.00
8.952	S 20530802 -0.44 -0.26 0.00 0.00 HOLD
8.973	>>> V 0.00 0.00
8.973	S 20530822 -0.44 -0.26 0.00 0.00 HOLD
8.990	>>> V 0.00 0.00
8.991	S 20530842 -0.44 -0.26 0.00 0.00 HOLD
9.012	>>> V 0.00 0.00
9.012	S 20530862 -0.44 -0.26 0.00 0.00 HOLD
9.031	>>> V 0.00 0.00
9.031	S 20530882 -0.44 -0.26 0.00 0.00 HOLD
9.051	>>> V 0.00 0.00
9.051	S 20530902 -0.44 -0.26 0.00 0.00 HOLD
9.073	>>> V 0.00 0.00
9.074	S 20530922 -0.44 -0.26 0.00 0.00 HOLD
9.091	>>> V 0.00 0.00
9.091	S 20530942 -0.44 -0.26 0.00 0.00 HOLD
9.112	>>> V 0.00 0.00
9.113	S 20530962 -0.44 -0.26 0.00 0.00 HOLD
9.130	>>> V 0.00 0.00
9.131	S 20530982 -0.44 -0.26 0.00 0.00 HOLD
9.151	>>> V 0.00 0.00
9.152	S 20531002 -0.44 -0.26 0.00 0.00 HOLD
9.171	>>> V 0.00 0.00
9.172	S 20531022 -0.44 -0.26 0.00 0.00 HOLD
9.190	>>> V 0.00 0.00
9.191	S 20531042 -0.44 -0.26 0.00 0.00 HOLD
9.210	>>> V 0.00 0.00
9.211	S 20531062 -0.44 -0.26 0.00 0.00 HOLD
9.230	>>> V 0.00 0.00
9.231	S 20531082 -0.44 -0.26 0.00 0.00 HOLD
9.251	>>> V 0.00 0.00
9.253	S 20531102 -0.44 -0.26 0.00 0.00 HOLD
9.270	>>> V 0.00 0.00
9.271	S 20531122 -0.44 -0.26 0.00 0.00 HOLD
9.293	>>> V 0.00 0.00
9.293	S 20531142 -0.44 -0.26 0.00 0.00 HOLD
9.310	>>> V 0.00 0.00
9.311	S 20531162 -0.44 -0.26 0.00 0.00 HOLD
9.331	>>> V 0.00 0.00
9.331	S 20531182 -0.44 -0.26 0.00 0.00 HOLD
9.350	>>> V 0.00 0.00
9.352	S 20531202 -0.44 -0.26 0.00 0.00 HOLD
9.371	>>> V 0.00 0.00
9.372	S 20531222 -0.44 -0.26 0.00 0.00 HOLD
9.392	>>> V 0.00 0.00
9.394	S 20531242 -0.44 -0.26 0.00 0.00 HOLD
9.413	>>> V 0.00 0.00
9.413	S 20531262 -0.44 -0.26 0.00 0.00 HOLD
9.431	>>> V 0.00 0.00
9.432	S 20531282 -0.44 -0.26 0.00 0.00 HOLD
9.452	>>> V 0.00 0.00
9.454	S 20531302 -0.44 -0.26 0.00 0.00 HOLD
9.470	>>> V 0.00 0.00
9.471	S 20531322 -0.44 -0.26 0.00 0.00 HOLD
9.491	>>> V 0.00 0.00
9.491	S 20531342 -0.44 -0.26 0.00 0.00 HOLD
9.511	>>> V 0.00 0.00
9.511	S 20531362 -0.53 -0.26 0.00 0.00 HOLD
9.532	>>> V 0.00 0.00
9.532	S 20531382 -0.44 -0.26 0.00 0.00 HOLD
9.550	>>> V 0.00 0.00
9.551	S 20531402 -0.44 -0.26 0.00 0.00 HOLD
9.572	>>> V 0.00 0.00
9.573	S 20531422 -0.44 -0.26 0.00 0.00 HOLD
9.590	>>> V 0.00 0.00
9.591	S 20531442 -0.44 -0.26 0.00 0.00 HOLD
9.611	>>> V 0.00 0.00
9.611	S 20531462 -0.44 -0.26 0.00 0.00 HOLD
9.631	>>> V 0.00 0.00
9.632	S 20531482 -0.44 -0.26 0.00 0.00 HOLD
9.650	>>> V 0.00 0.00
9.651	S 20531502 -0.44 -0.26 0.00 0.00 HOLD
9.673	>>> V 0.00 0.00
9.674	S 20531522 -0.53 -0.26 0.00 0.00 HOLD
9.691	>>> V 0.00 0.00
9.692	S 20531542 -0.44 -0.26 0.00 0.00 HOLD
9.713	>>> V 0.00 0.00
9.713	S 20531562 -0.44 -0.26 0.00 0.00 HOLD
9.730	>>> V 0.00 0.00
9.731	S 20531582 -0.44 -0.26 0.00 0.00 HOLD
9.751	>>> V 0.00 0.00
9.751	S 20531602 -0.44 -0.26 0.00 0.00 HOLD
9.771	>>> V 0.00 0.00
9.773	S 20531622 -0.44 -0.26 0.00 0.00 HOLD
9.790	>>> V 0.00 0.00
9.791	S 20531642 -0.44 -0.26 0.00 0.00 HOLD
9.811	>>> V 0.00 0.00
9.811	S 20531662 -0.44 -0.26 0.00 0.00 HOLD
9.830	>>> V 0.00 0.00
9.831	S 20531682 -0.44 -0.26 0.00 0.00 HOLD
9.850	>>> V 0.00 0.00
9.850	S 20531702 -0.44 -0.26 0.00 0.00 HOLD
9.878	>>> V 0.00 0.00
9.878	S 20531722 -0.44 -0.26 0.00 0.00 HOLD
9.880	S 20531742 -0.44 -0.26 0.00 0.00 HOLD
9.892	>>> V 0.00 0.00
9.913	>>> V 0.00 0.00
9.914	S 20531762 -0.44 -0.26 0.00 0.00 HOLD
9.930	>>> V 0.00 0.00
9.931	S 20531782 -0.44 -0.26 0.00 0.00 HOLD
9.952	>>> V 0.00 0.00
9.952	S 20531802 -0.44 -0.26 0.00 0.00 HOLD
9.970	>>> V 0.00 0.00
9.971	S 20531822 -0.44 -0.26 0.00 0.00 HOLD
9.990	>>> V 0.00 0.00
9.991	S 20531842 -0.44 -0.26 0.00 0.00 HOLD
10.012	>>> V 0.00 0.00
10.012	S 20531862 -0.44 -0.26 0.00 0.00 HOLD
10.030	>>> V 0.00 0.00
10.031	S 20531882 -0.44 -0.26 0.00 0.00 HOLD
10.052	>>> V 0.00 0.00
10.052	S 20531902 -0.53 -0.26 0.00 0.00 HOLD
10.070	>>> V 0.00 0.00
10.071	S 20531922 -0.44 -0.26 0.00 0.00 HOLD
10.093	>>> V 0.00 0.00
10.094	S 20531942 -0.44 -0.26 0.00 0.00 HOLD
10.111	>>> V 0.00 0.00
10.112	S 20531962 -0.44 -0.26 0.00 0.00 HOLD
10.131	>>> V 0.00 0.00
10.131	S 20531982 -0.44 -0.26 0.00 0.00 HOLD
10.150	>>> V 0.00 0.00
10.151	S 20532002 -0.44 -0.26 0.00 0.00 HOLD
10.172	>>> V 0.00 0.00
10.172	S 20532022 -0.44 -0.26 0.00 0.00 HOLD
10.191	>>> V 0.00 0.00
10.191	S 20532042 -0.44 -0.26 0.00 0.00 HOLD
10.212	>>> V 0.00 0.00
10.212	S 20532062 -0.44 -0.26 0.00 0.00 HOLD
10.230	>>> V 0.00 0.00
10.230	S 20532082 -0.44 -0.26 0.00 0.00 HOLD
10.250	>>> V 0.00 0.00
10.252	S 20532102 -0.44 -0.26 0.00 0.00 HOLD
10.270	>>> V 0.00 0.00
10.271	S 20532122 -0.44 -0.26 0.00 0.00 HOLD
10.291	>>> V 0.00 0.00
10.291	S 20532142 -0.44 -0.26 0.00 0.00 HOLD
10.311	>>> V 0.00 0.00
10.312	S 20532162 -0.44 -0.26 0.00 0.00 HOLD
10.330	>>> V 0.00 0.00
10.331	S 20532182 -0.44 -0.26 0.00 0.00 HOLD
10.351	>>> V 0.00 0.00
10.352	S 20532202 -0.44 -0.26 0.00 0.00 HOLD
10.370	>>> V 0.00 0.00
10.371	S 20532222 -0.44 -0.26 0.00 0.00 HOLD
10.392	>>> V 0.00 0.00
10.393	S 20532242 -0.44 -0.26 0.00 0.00 HOLD
10.411	>>> V 0.00 0.00
10.412	S 20532262 -0.44 -0.26 0.00 0.00 HOLD
10.431	>>> V 0.00 0.00
10.432	S 20532282 -0.44 -0.26 0.00 0.00 HOLD
10.451	>>> V 0.00 0.00
10.452	S 20532302 -0.44 -0.26 0.00 0.00 HOLD
10.472	>>> V 0.00 0.00
10.473	S 20532322 -0.44 -0.26 0.00 0.00 HOLD
10.491	>>> V 0.00 0.00
10.491	S 20532342 -0.44 -0.26 0.00 0.00 HOLD
10.512	>>> V 0.00 0.00
10.513	S 20532362 -0.44 -0.26 0.00 0.00 HOLD
10.530	>>> V 0.00 0.00
10.531	S 20532382 -0.44 -0.26 0.00 0.00 HOLD
10.551	>>> V 0.00 0.00
10.551	S 20532402 -0.44 -0.26 0.00 0.00 HOLD
10.572	>>> V 0.00 0.00
10.572	S 20532422 -0.44 -0.26 0.00 0.00 HOLD
10.590	>>> V 0.00 0.00
10.591	S 20532442 -0.44 -0.26 0.00 0.00 HOLD
10.611	>>> V 0.00 0.00
10.612	S 20532462 -0.44 -0.26 0.00 0.00 HOLD
10.630	>>> V 0.00 0.00
10.630	S 20532482 -0.44 -0.26 0.00 0.00 HOLD
10.651	>>> V 0.00 0.00
10.652	S 20532502 -0.44 -0.26 0.00 0.00 HOLD
10.670	>>> V 0.00 0.00
10.670	S 20532522 -0.44 -0.26 0.00 0.00 HOLD
10.690	>>> V 0.00 0.00
10.691	S 20532542 -0.44 -0.26 0.00 0.00 HOLD
10.711	>>> V 0.00 0.00
10.711	S 20532562 -0.44 -0.26 0.00 0.00 HOLD
10.732	>>> V 0.00 0.00
10.732	S 20532582 -0.44 -0.26 0.00 0.00 HOLD
10.751	>>> V 0.00 0.00
10.752	S 20532602 -0.44 -0.26 0.00 0.00 HOLD
10.772	>>> V 0.00 0.00
10.772	S 20532622 -0.44 -0.26 0.00 0.00 HOLD
10.791	>>> V 0.00 0.00
10.791	S 20532642 -0.44 -0.26 0.00 0.00 HOLD
10.812	>>> V 0.00 0.00
10.812	S 20532662 -0.44 -0.26 0.00 0.00 HOLD
10.832	>>> V 0.00 0.00
10.832	S 20532682 -0.44 -0.26 0.00 0.00 HOLD
10.852	>>> V 0.00 0.00
10.852	S 20532702 -0.44 -0.26 0.00 0.00 HOLD
10.871	>>> V 0.00 0.00
10.871	S 20532722 -0.44 -0.26 0.00 0.00 HOLD
10.892	>>> V 0.00 0.00
10.892	S 20532742 -0.44 -0.26 0.00 0.00 HOLD
10.911	>>> V 0.00 0.00
10.911	S 20532762 -0.44 -0.26 0.00 0.00 HOLD
10.930	>>> V 0.00 0.00
10.931	S 20532782 -0.44 -0.26 0.00 0.00 HOLD
10.950	>>> V 0.00 0.00
10.951	S 20532802 -0.44 -0.26 0.00 0.00 HOLD
10.971	>>> V 0.00 0.00
10.971	S 20532822 -0.44 -0.26 0.00 0.00 HOLD
10.991	>>> V 0.00 0.00
10.993	S 20532842 -0.44 -0.26 0.00 0.00 HOLD
11.012	>>> V 0.00 0.00
11.013	S 20532862 -0.44 -0.26 0.00 0.00 HOLD
11.031	>>> V 0.00 0.00
11.032	S 20532882 -0.44 -0.26 0.00 0.00 HOLD
11.052	>>> V 0.00 0.00
11.052	S 20532902 -0.44 -0.26 0.00 0.00 HOLD
11.072	>>> V 0.00 0.00
11.072	S 20532922 -0.44 -0.26 0.00 0.00 HOLD
11.091	>>> V 0.00 0.00
11.091	S 20532942 -0.44 -0.26 0.00 0.00 HOLD
11.112	>>> V 0.00 0.00
11.113	S 20532962 -0.44 -0.26 0.00 0.00 HOLD
11.130	>>> V 0.00 0.00
11.130	S 20532982 -0.44 -0.26 0.00 0.00 HOLD
11.151	>>> V 0.00 0.00
11.152	S 20533002 -0.44 -0.26 0.00 0.00 HOLD
11.170	>>> V 0.00 0.00
11.171	S 20533022 -0.53 -0.26 0.00 0.00 HOLD
11.192	>>> V 0.00 0.00
11.193	S 20533042 -0.44 -0.26 0.00 0.00 HOLD
11.210	>>> V 0.00 0.00
11.211	S 20533062 -0.44 -0.26 0.00 0.00 HOLD
11.232	>>> V 0.00 0.00
11.233	S 20533082 -0.44 -0.26 0.00 0.00 HOLD
11.251	>>> V 0.00 0.00
11.251	S 20533102 -0.44 -0.26 0.00 0.00 HOLD
11.271	>>> V 0.00 0.00
11.271	S 20533122 -0.44 -0.26 0.00 0.00 HOLD
11.292	>>> V 0.00 0.00
11.294	S 20533142 -0.44 -0.26 0.00 0.00 HOLD
11.310	>>> V 0.00 0.00
11.311	S 20533162 -0.44 -0.26 0.00 0.00 HOLD
11.332	>>> V 0.00 0.00
11.333	S 20533182 -0.44 -0.26 0.00 0.00 HOLD
11.350	>>> V 0.00 0.00
11.351	S 20533202 -0.44 -0.26 0.00 0.00 HOLD
11.374	>>> V 0.00 0.00
11.374	S 20533222 -0.44 -0.26 0.00 0.00 HOLD
11.390	>>> V 0.00 0.00
11.391	S 20533242 -0.44 -0.26 0.00 0.00 HOLD
11.410	>>> V 0.00 0.00
11.411	S 20533262 -0.44 -0.26 0.00 0.00 HOLD
11.431	>>> V 0.00 0.00
11.431	S 20533282 -0.44 -0.26 0.00 0.00 HOLD
11.450	>>> V 0.00 0.00
11.450	S 20533302 -0.44 -0.26 0.00 0.00 HOLD
11.472	>>> V 0.00 0.00
11.473	S 20533322 -0.44 -0.26 0.00 0.00 HOLD
11.493	>>> V 0.00 0.00
11.493	S 20533342 -0.44 -0.26 0.00 0.00 HOLD
11.511	>>> V 0.00 0.00
11.512	S 20533362 -0.44 -0.26 0.00 0.00 HOLD
11.531	>>> V 0.00 0.00
11.531	S 20533382 -0.44 -0.26 0.00 0.00 HOLD
11.550	>>> V 0.00 0.00
11.551	S 20533402 -0.44 -0.26 0.00 0.00 HOLD
11.570	>>> V 0.00 0.00
11.571	S 20533422 -0.44 -0.26 0.00 0.00 HOLD
11.591	>>> V 0.00 0.00
11.592	S 20533442 -0.44 -0.26 0.00 0.00 HOLD
11.610	>>> V 0.00 0.00
11.611	S 20533462 -0.44 -0.26 0.00 0.00 HOLD
11.632	>>> V 0.00 0.00
11.632	S 20533482 -0.44 -0.26 0.00 0.00 HOLD
11.650	>>> V 0.00 0.00
11.652	S 20533502 -0.44 -0.26 0.00 0.00 HOLD
11.672	>>> V 0.00 0.00
11.672	S 20533522 -0.44 -0.26 0.00 0.00 HOLD
11.691	>>> V 0.00 0.00
11.691	S 20533542 -0.44 -0.26 0.00 0.00 HOLD
11.711	>>> V 0.00 0.00
11.711	S 20533562 -0.53 -0.26 0.00 0.00 HOLD
11.731	>>> V 0.00 0.00
11.732	S 20533582 -0.44 -0.26 0.00 0.00 HOLD
11.750	>>> V 0.00 0.00
11.750	S 20533602 -0.44 -0.26 0.00 0.00 HOLD
11.771	>>> V 0.00 0.00
11.772	S 20533622 -0.44 -0.26 0.00 0.00 HOLD
11.790	>>> V 0.00 0.00
11.792	S 20533642 -0.44 -0.26 0.00 0.00 HOLD
11.812	>>> V 0.00 0.00
11.812	S 20533662 -0.44 -0.26 0.00 0.00 HOLD
11.830	>>> V 0.00 0.00
11.831	S 20533682 -0.44 -0.26 0.00 0.00 HOLD
11.850	>>> V 0.00 0.00
11.851	S 20533702 -0.44 -0.26 0.00 0.00 HOLD
11.870	>>> V 0.00 0.00
11.871	S 20533722 -0.44 -0.26 0.00 0.00 HOLD
11.890	>>> V 0.00 0.00
11.891	S 20533742 -0.44 -0.26 0.00 0.00 HOLD
11.912	>>> V 0.00 0.00
11.913	S 20533762 -0.44 -0.26 0.00 0.00 HOLD
11.930	>>> V 0.00 0.00
11.931	S 20533782 -0.53 -0.26 0.00 0.00 HOLD
11.951	>>> V 0.00 0.00
11.951	S 20533802 -0.44 -0.26 0.00 0.00 HOLD
11.971	>>> V 0.00 0.00
11.972	S 20533822 -0.44 -0.26 0.00 0.00 HOLD
11.991	>>> V 0.00 0.00
11.991	S 20533842 -0.44 -0.26 0.00 0.00 HOLD
12.011	>>> V 0.00 0.00
12.011	S 20533862 -0.44 -0.26 0.00 0.00 HOLD
12.031	>>> V 0.00 0.00
12.032	S 20533882 -0.44 -0.26 0.00 0.00 HOLD
12.051	>>> V 0.00 0.00
12.051	S 20533902 -0.44 -0.26 0.00 0.00 HOLD
12.072	>>> V 0.00 0.00
12.073	S 20533922 -0.44 -0.26 0.00 0.00 HOLD
12.091	>>> V 0.00 0.00
12.091	S 20533942 -0.44 -0.26 0.00 0.00 HOLD
12.111	>>> V 0.00 0.00
12.111	S 20533962 -0.44 -0.26 0.00 0.00 HOLD
12.130	>>> V 0.00 0.00
12.131	S 20533982 -0.44 -0.26 0.00 0.00 HOLD
12.153	>>> V 0.00 0.00
12.153	S 20534002 -0.44 -0.26 0.00 0.00 HOLD
12.170	>>> V 0.00 0.00
12.171	S 20534022 -0.44 -0.26 0.00 0.00 HOLD
12.192	>>> V 0.00 0.00
12.192	S 20534042 -0.44 -0.26 0.00 0.00 HOLD
12.210	>>> V 0.00 0.00
12.211	S 20534062 -0.44 -0.26 0.00 0.00 HOLD
12.231	>>> V 0.00 0.00
12.231	S 20534082 -0.44 -0.26 0.00 0.00 HOLD
12.252	>>> V 0.00 0.00
12.252	S 20534102 -0.44 -0.26 0.00 0.00 HOLD
12.270	>>> V 0.00 0.00
12.271	S 20534122 -0.44 -0.26 0.00 0.00 HOLD
12.292	>>> V 0.00 0.00
12.293	S 20534142 -0.44 -0.26 0.00 0.00 HOLD
12.311	>>> V 0.00 0.00
12.312	S 20534162 -0.44 -0.26 0.00 0.00 HOLD
12.331	>>> V 0.00 0.00
12.333	S 20534182 -0.53 -0.26 0.00 0.00 HOLD
12.353	>>> V 0.00 0.00
12.354	S 20534202 -0.44 -0.26 0.00 0.00 HOLD
12.371	>>> V 0.00 0.00
12.373	S 20534222 -0.44 -0.26 0.00 0.00 HOLD
12.391	>>> V 0.00 0.00
12.391	S 20534242 -0.44 -0.26 0.00 0.00 HOLD
12.413	>>> V 0.00 0.00
12.414	S 20534262 -0.44 -0.26 0.00 0.00 HOLD
12.430	>>> V 0.00 0.00
12.430	S 20534282 -0.44 -0.26 0.00 0.00 HOLD
12.452	>>> V 0.00 0.00
12.453	S 20534302 -0.44 -0.26 0.00 0.00 HOLD
12.470	>>> V 0.00 0.00
12.470	S 20534322 -0.44 -0.26 0.00 0.00 HOLD
12.491	>>> V 0.00 0.00
12.491	S 20534342 -0.44 -0.26 0.00 0.00 HOLD
12.511	>>> V 0.00 0.00
12.512	S 20534362 -0.44 -0.26 0.00 0.00 HOLD
12.531	>>> V 0.00 0.00
12.532	S 20534382 -0.53 -0.26 0.00 0.00 HOLD
12.552	>>> V 0.00 0.00
12.553	S 20534402 -0.44 -0.26 0.00 0.00 HOLD
12.571	>>> V 0.00 0.00
12.571	S 20534422 -0.44 -0.26 0.00 0.00 HOLD
12.591	>>> V 0.00 0.00
12.592	S 20534442 -0.44 -0.26 0.00 0.00 HOLD
12.610	>>> V 0.00 0.00
12.611	S 20534462 -0.44 -0.26 0.00 0.00 HOLD
12.630	>>> V 0.00 0.00
12.631	S 20534482 -0.44 -0.26 0.00 0.00 HOLD
12.651	>>> V 0.00 0.00
12.651	S 20534502 -0.44 -0.26 0.00 0.00 HOLD
12.670	>>> V 0.00 0.00
12.671	S 20534522 -0.44 -0.26 0.00 0.00 HOLD
12.695	>>> V 0.00 0.00
12.696	S 20534542 -0.44 -0.26 0.00 0.00 HOLD
12.711	>>> V 0.00 0.00
12.712	S 20534562 -0.44 -0.26 0.00 0.00 HOLD
12.731	>>> V 0.00 0.00
12.731	S 20534582 -0.44 -0.26 0.00 0.00 HOLD
12.751	>>> V 0.00 0.00
12.753	S 20534603 -0.44 -0.26 0.00 0.00 HOLD
12.770	>>> V 0.00 0.00
12.771	S 20534622 -0.44 -0.26 0.00 0.00 HOLD
12.794	>>> V 0.00 0.00
12.795	S 20534643 -0.44 -0.26 0.00 0.00 HOLD
12.812	>>> V 0.00 0.00
12.814	S 20534663 -0.44 -0.26 0.00 0.00 HOLD
12.832	>>> V 0.00 0.00
12.832	S 20534683 -0.44 -0.26 0.00 0.00 HOLD
12.853	>>> V 0.00 0.00
12.854	S 20534703 -0.44 -0.26 0.00 0.00 HOLD
12.870	>>> V 0.00 0.00
12.871	S 20534723 -0.44 -0.26 0.00 0.00 HOLD
12.891	>>> V 0.00 0.00
12.892	S 20534743 -0.44 -0.26 0.00 0.00 HOLD
12.910	>>> V 0.00 0.00
12.912	S 20534763 -0.44 -0.26 0.00 0.00 HOLD
12.930	>>> V 0.00 0.00
12.931	S 20534783 -0.44 -0.26 0.00 0.00 HOLD
12.953	>>> V 0.00 0.00
12.954	S 20534803 -0.44 -0.26 0.00 0.00 HOLD
12.970	>>> V 0.00 0.00
12.971	S 20534823 -0.44 -0.26 0.00 0.00 HOLD
12.993	>>> V 0.00 0.00
12.994	S 20534843 -0.44 -0.26 0.00 0.00 HOLD
13.011	>>> V 0.00 0.00
13.012	S 20534863 -0.44 -0.26 0.00 0.00 HOLD
13.031	>>> V 0.00 0.00
13.031	S 20534883 -0.44 -0.26 0.00 0.00 HOLD
13.050	>>> V 0.00 0.00
13.051	S 20534903 -0.44 -0.26 0.00 0.00 HOLD
13.070	>>> V 0.00 0.00
13.071	S 20534923 -0.44 -0.26 0.00 0.00 HOLD
13.091	>>> V 0.00 0.00
13.092	S 20534943 -0.44 -0.26 0.00 0.00 HOLD
13.111	>>> V 0.00 0.00
13.112	S 20534963 -0.44 -0.26 0.00 0.00 HOLD
13.131	>>> V 0.00 0.00
13.131	S 20534983 -0.44 -0.26 0.00 0.00 HOLD
13.150	>>> V 0.00 0.00
13.151	S 20535003 -0.44 -0.26 0.00 0.00 HOLD
13.170	>>> V 0.00 0.00
13.171	S 20535023 -0.44 -0.26 0.00 0.00 HOLD
13.190	>>> V 0.00 0.00
13.190	S 20535043 -0.44 -0.26 0.00 0.00 HOLD
13.211	>>> V 0.00 0.00
13.211	S 20535063 -0.44 -0.26 0.00 0.00 HOLD
13.230	>>> V 0.00 0.00
13.231	S 20535083 -0.44 -0.26 0.00 0.00 HOLD
13.250	>>> V 0.00 0.00
13.251	S 20535103 -0.44 -0.26 0.00 0.00 HOLD
13.271	>>> V 0.00 0.00
13.273	S 20535123 -0.44 -0.26 0.00 0.00 HOLD
13.290	>>> V 0.00 0.00
13.291	S 20535143 -0.44 -0.26 0.00 0.00 HOLD
13.312	>>> V 0.00 0.00
13.314	S 20535163 -0.44 -0.26 0.00 0.00 HOLD
13.331	>>> V 0.00 0.00
13.331	S 20535183 -0.44 -0.26 0.00 0.00 HOLD
13.352	>>> V 0.00 0.00
13.353	S 20535203 -0.44 -0.26 0.00 0.00 HOLD
13.371	>>> V 0.00 0.00
13.371	S 20535223 -0.44 -0.26 0.00 0.00 HOLD
13.390	>>> V 0.00 0.00
13.391	S 20535243 -0.44 -0.26 0.00 0.00 HOLD
13.412	>>> V 0.00 0.00
13.412	S 20535263 -0.44 -0.26 0.00 0.00 HOLD
13.430	>>> V 0.00 0.00
13.432	S 20535283 -0.44 -0.26 0.00 0.00 HOLD
13.452	>>> V 0.00 0.00
13.453	S 20535303 -0.44 -0.26 0.00 0.00 HOLD
13.470	>>> V 0.00 0.00
13.471	S 20535323 -0.44 -0.26 0.00 0.00 HOLD
13.491	>>> V 0.00 0.00
13.491	S 20535343 -0.44 -0.26 0.00 0.00 HOLD
13.512	>>> V 0.00 0.00
13.515	S 20535363 -0.44 -0.26 0.00 0.00 HOLD
13.530	>>> V 0.00 0.00
13.532	S 20535383 -0.44 -0.26 0.00 0.00 HOLD
13.552	>>> V 0.00 0.00
13.555	S 20535403 -0.44 -0.26 0.00 0.00 HOLD
13.570	>>> V 0.00 0.00
13.571	S 20535423 -0.44 -0.26 0.00 0.00 HOLD
13.593	>>> V 0.00 0.00
13.594	S 20535443 -0.44 -0.26 0.00 0.00 HOLD
13.611	>>> V 0.00 0.00
13.612	S 20535463 -0.44 -0.26 0.00 0.00 HOLD
13.632	>>> V 0.00 0.00
13.632	S 20535483 -0.44 -0.26 0.00 0.00 HOLD
13.650	>>> V 0.00 0.00
13.651	S 20535503 -0.44 -0.26 0.00 0.00 HOLD
13.671	>>> V 0.00 0.00
13.672	S 20535523 -0.44 -0.26 0.00 0.00 HOLD
13.690	>>> V 0.00 0.00
13.691	S 20535543 -0.44 -0.26 0.00 0.00 HOLD
13.710	>>> V 0.00 0.00
13.711	S 20535563 -0.44 -0.26 0.00 0.00 HOLD
13.732	>>> V 0.00 0.00
13.733	S 20535583 -0.44 -0.26 0.00 0.00 HOLD
13.750	>>> V 0.00 0.00
13.751	S 20535603 -0.44 -0.26 0.00 0.00 HOLD
13.772	>>> V 0.00 0.00
13.772	S 20535623 -0.44 -0.26 0.00 0.00 HOLD
13.790	>>> V 0.00 0.00
13.791	S 20535643 -0.44 -0.26 0.00 0.00 HOLD
13.812	>>> V 0.00 0.00
13.812	S 20535663 -0.44 -0.26 0.00 0.00 HOLD
13.831	>>> V 0.00 0.00
13.831	S 20535683 -0.44 -0.26 0.00 0.00 HOLD
13.851	>>> V 0.00 0.00
13.852	S 20535703 -0.44 -0.26 0.00 0.00 HOLD
13.870	>>> V 0.00 0.00
13.871	S 20535723 -0.44 -0.26 0.00 0.00 HOLD
13.891	>>> V 0.00 0.00
13.891	S 20535743 -0.44 -0.26 0.00 0.00 HOLD
13.911	>>> V 0.00 0.00
13.912	S 20535763 -0.44 -0.26 0.00 0.00 HOLD
13.930	>>> V 0.00 0.00
13.931	S 20535783 -0.44 -0.26 0.00 0.00 HOLD
13.952	>>> V 0.00 0.00
13.953	S 20535803 -0.44 -0.26 0.00 0.00 HOLD
13.970	>>> V 0.00 0.00
13.971	S 20535823 -0.44 -0.26 0.00 0.00 HOLD
13.992	>>> V 0.00 0.00
13.992	S 20535843 -0.44 -0.26 0.00 0.00 HOLD
14.011	>>> V 0.00 0.00
14.013	S 20535863 -0.44 -0.26 0.00 0.00 HOLD
14.032	>>> V 0.00 0.00
14.033	S 20535883 -0.44 -0.26 0.00 0.00 HOLD
14.052	>>> V 0.00 0.00
14.052	S 20535903 -0.44 -0.26 0.00 0.00 HOLD
14.070	>>> V 0.00 0.00
14.071	S 20535923 -0.44 -0.26 0.00 0.00 HOLD
14.092	>>> V 0.00 0.00
14.094	S 20535943 -0.44 -0.26 0.00 0.00 HOLD
14.111	>>> V 0.00 0.00
14.113	S 20535963 -0.44 -0.26 0.00 0.00 HOLD
14.132	>>> V 0.00 0.00
14.133	S 20535983 -0.44 -0.26 0.00 0.00 HOLD
14.151	>>> V 0.00 0.00
14.152	S 20536003 -0.44 -0.26 0.00 0.00 HOLD
14.172	>>> V 0.00 0.00
14.172	S 20536023 -0.44 -0.26 0.00 0.00 HOLD
14.192	>>> V 0.00 0.00
14.193	S 20536043 -0.44 -0.26 0.00 0.00 HOLD
14.210	>>> V 0.00 0.00
14.212	S 20536063 -0.44 -0.26 0.00 0.00 HOLD
14.234	>>> V 0.00 0.00
14.235	S 20536083 -0.44 -0.26 0.00 0.00 HOLD
14.251	>>> V 0.00 0.00
14.252	S 20536103 -0.44 -0.26 0.00 0.00 HOLD
14.272	>>> V 0.00 0.00
14.273	S 20536123 -0.44 -0.26 0.00 0.00 HOLD
14.292	>>> V 0.00 0.00
14.292	S 20536143 -0.44 -0.26 0.00 0.00 HOLD
14.311	>>> V 0.00 0.00
14.311	S 20536163 -0.44 -0.26 0.00 0.00 HOLD
14.332	>>> V 0.00 0.00
14.333	S 20536183 -0.44 -0.26 0.00 0.00 HOLD
14.350	>>> V 0.00 0.00
14.351	S 20536203 -0.44 -0.26 0.00 0.00 HOLD
14.372	>>> V 0.00 0.00
14.373	S 20536223 -0.44 -0.26 0.00 0.00 HOLD
14.390	>>> V 0.00 0.00
14.392	S 20536243 -0.44 -0.26 0.00 0.00 HOLD
14.413	>>> V 0.00 0.00
14.414	S 20536263 -0.44 -0.26 0.00 0.00 HOLD
14.431	>>> V 0.00 0.00
14.431	S 20536283 -0.44 -0.26 0.00 0.00 HOLD
14.451	>>> V 0.00 0.00
14.453	S 20536303 -0.44 -0.26 0.00 0.00 HOLD
14.471	>>> V 0.00 0.00
14.471	S 20536323 -0.44 -0.26 0.00 0.00 HOLD
14.490	>>> V 0.00 0.00
14.491	S 20536343 -0.44 -0.26 0.00 0.00 HOLD
14.511	>>> V 0.00 0.00
14.511	S 20536363 -0.44 -0.26 0.00 0.00 HOLD
14.530	>>> V 0.00 0.00
14.530	S 20536383 -0.44 -0.26 0.00 0.00 HOLD
14.550	>>> V 0.00 0.00
14.550	S 20536403 -0.44 -0.26 0.00 0.00 HOLD
14.573	>>> V 0.00 0.00
14.573	S 20536423 -0.44 -0.26 0.00 0.00 HOLD
14.590	>>> V 0.00 0.00
14.590	S 20536443 -0.44 -0.26 0.00 0.00 HOLD
14.611	>>> V 0.00 0.00
14.611	S 20536463 -0.44 -0.26 0.00 0.00 HOLD
14.631	>>> V 0.00 0.00
14.631	S 20536483 -0.44 -0.26 0.00 0.00 HOLD
14.650	>>> V 0.00 0.00
14.650	S 20536503 -0.44 -0.26 0.00 0.00 HOLD
14.670	>>> V 0.00 0.00
14.672	S 20536523 -0.44 -0.26 0.00 0.00 HOLD
14.690	>>> V 0.00 0.00
14.690	S 20536543 -0.44 -0.26 0.00 0.00 HOLD
14.713	>>> V 0.00 0.00
14.713	S 20536563 -0.44 -0.26 0.00 0.00 HOLD
14.730	>>> V 0.00 0.00
14.731	S 20536583 -0.44 -0.26 0.00 0.00 HOLD
14.751	>>> V 0.00 0.00
14.751	S 20536603 -0.44 -0.26 0.00 0.00 HOLD
14.770	>>> V 0.00 0.00
14.770	S 20536623 -0.44 -0.26 0.00 0.00 HOLD
14.791	>>> V 0.00 0.00
14.791	S 20536643 -0.53 -0.26 0.00 0.00 HOLD
14.812	>>> V 0.00 0.00
14.813	S 20536663 -0.44 -0.26 0.00 0.00 HOLD
14.830	>>> V 0.00 0.00
14.832	S 20536683 -0.44 -0.26 0.00 0.00 HOLD
14.854	>>> V 0.00 0.00
14.855	S 20536703 -0.44 -0.26 0.00 0.00 HOLD
14.871	>>> V 0.00 0.00
14.872	S 20536723 -0.44 -0.26 0.00 0.00 HOLD
14.892	>>> V 0.00 0.00
14.893	S 20536743 -0.44 -0.26 0.00 0.00 HOLD
14.911	>>> V 0.00 0.00
14.911	S 20536763 -0.44 -0.26 0.00 0.00 HOLD
14.932	>>> V 0.00 0.00
14.933	S 20536783 -0.44 -0.26 0.00 0.00 HOLD
14.951	>>> V 0.00 0.00
14.951	S 20536803 -0.44 -0.26 0.00 0.00 HOLD
14.971	>>> V 0.00 0.00
14.971	S 20536823 -0.44 -0.26 0.00 0.00 HOLD
14.990	>>> V 0.00 0.00
14.991	S 20536843 -0.44 -0.26 0.00 0.00 HOLD
15.010	>>> V 0.00 0.00
15.012	S 20536863 -0.44 -0.26 0.00 0.00 HOLD
15.030	>>> V 0.00 0.00
15.031	S 20536883 -0.44 -0.26 0.00 0.00 HOLD
15.050	>>> V 0.00 0.00
15.051	S 20536903 -0.44 -0.26 0.00 0.00 HOLD
15.070	>>> V 0.00 0.00
15.071	S 20536923 -0.44 -0.26 0.00 0.00 HOLD
15.090	>>> V 0.00 0.00
15.090	S 20536943 -0.44 -0.26 0.00 0.00 HOLD
15.111	>>> V 0.00 0.00
15.112	S 20536963 -0.44 -0.26 0.00 0.00 HOLD
15.130	>>> V 0.00 0.00
15.130	S 20536983 -0.44 -0.26 0.00 0.00 HOLD
15.150	>>> V 0.00 0.00
15.151	S 20537003 -0.44 -0.26 0.00 0.00 HOLD
15.172	>>> V 0.00 0.00
15.174	S 20537023 -0.44 -0.26 0.00 0.00 HOLD
15.190	>>> V 0.00 0.00
15.190	S 20537043 -0.44 -0.26 0.00 0.00 HOLD
15.211	>>> V 0.00 0.00
15.212	S 20537063 -0.44 -0.26 0.00 0.00 HOLD
15.231	>>> V 0.00 0.00
15.231	S 20537083 -0.44 -0.26 0.00 0.00 HOLD
15.251	>>> V 0.00 0.00
15.252	S 20537103 -0.53 -0.26 0.00 0.00 HOLD
15.270	>>> V 0.00 0.00
15.271	S 20537123 -0.44 -0.26 0.00 0.00 HOLD
15.292	>>> V 0.00 0.00
15.292	S 20537143 -0.44 -0.26 0.00 0.00 HOLD
15.310	>>> V 0.00 0.00
15.310	S 20537163 -0.44 -0.26 0.00 0.00 HOLD
15.332	>>> V 0.00 0.00
15.332	S 20537183 -0.44 -0.26 0.00 0.00 HOLD
15.351	>>> V 0.00 0.00
15.351	S 20537203 -0.44 -0.26 0.00 0.00 HOLD
15.371	>>> V 0.00 0.00
15.372	S 20537223 -0.44 -0.26 0.00 0.00 HOLD
15.390	>>> V 0.00 0.00
15.391	S 20537243 -0.44 -0.26 0.00 0.00 HOLD
15.411	>>> V 0.00 0.00
15.413	S 20537263 -0.44 -0.26 0.00 0.00 HOLD
15.431	>>> V 0.00 0.00
15.432	S 20537283 -0.44 -0.26 0.00 0.00 HOLD
15.450	>>> V 0.00 0.00
15.450	S 20537303 -0.44 -0.26 0.00 0.00 HOLD
15.472	>>> V 0.00 0.00
15.473	S 20537323 -0.44 -0.26 0.00 0.00 HOLD
15.490	>>> V 0.00 0.00
15.491	S 20537343 -0.44 -0.26 0.00 0.00 HOLD
15.512	>>> V 0.00 0.00
15.512	S 20537363 -0.44 -0.26 0.00 0.00 HOLD
15.531	>>> V 0.00 0.00
15.531	S 20537383 -0.44 -0.26 0.00 0.00 HOLD
15.551	>>> V 0.00 0.00
15.552	S 20537403 -0.44 -0.26 0.00 0.00 HOLD
15.570	>>> V 0.00 0.00
15.571	S 20537423 -0.44 -0.26 0.00 0.00 HOLD
15.591	>>> V 0.00 0.00
15.591	S 20537443 -0.44 -0.26 0.00 0.00 HOLD
15.611	>>> V 0.00 0.00
15.612	S 20537463 -0.44 -0.26 0.00 0.00 HOLD
15.630	>>> V 0.00 0.00
15.630	S 20537483 -0.44 -0.26 0.00 0.00 HOLD
15.652	>>> V 0.00 0.00
15.653	S 20537503 -0.44 -0.26 0.00 0.00 HOLD
15.670	>>> V 0.00 0.00
15.671	S 20537523 -0.44 -0.26 0.00 0.00 HOLD
15.692	>>> V 0.00 0.00
15.693	S 20537543 -0.44 -0.26 0.00 0.00 HOLD
15.711	>>> V 0.00 0.00
15.712	S 20537563 -0.44 -0.26 0.00 0.00 HOLD
15.730	>>> V 0.00 0.00
15.731	S 20537583 -0.44 -0.26 0.00 0.00 HOLD
15.750	>>> V 0.00 0.00
15.751	S 20537603 -0.44 -0.26 0.00 0.00 HOLD
15.771	>>> V 0.00 0.00
15.771	S 20537623 -0.44 -0.26 0.00 0.00 HOLD
15.793	>>> V 0.00 0.00
15.794	S 20537643 -0.44 -0.26 0.00 0.00 HOLD
15.810	>>> V 0.00 0.00
15.811	S 20537663 -0.44 -0.26 0.00 0.00 HOLD
15.831	>>> V 0.00 0.00
15.832	S 20537683 -0.44 -0.26 0.00 0.00 HOLD
15.852	>>> V 0.00 0.00
15.853	S 20537703 -0.44 -0.26 0.00 0.00 HOLD
15.873	>>> V 0.00 0.00
15.873	S 20537723 -0.44 -0.26 0.00 0.00 HOLD
15.891	>>> V 0.00 0.00
15.891	S 20537743 -0.44 -0.26 0.00 0.00 HOLD
15.911	>>> V 0.00 0.00
15.911	S 20537763 -0.44 -0.26 0.00 0.00 HOLD
15.932	>>> V 0.00 0.00
15.932	S 20537783 -0.44 -0.26 0.00 0.00 HOLD
15.950	>>> V 0.00 0.00
15.950	S 20537803 -0.44 -0.26 0.00 0.00 HOLD
15.972	>>> V 0.00 0.00
15.973	S 20537823 -0.44 -0.26 0.00 0.00 HOLD
15.990	>>> V 0.00 0.00
15.991	S 20537843 -0.44 -0.26 0.00 0.00 HOLD
16.012	>>> V 0.00 0.00
16.013	S 20537863 -0.44 -0.26 0.00 0.00 HOLD
16.030	>>> V 0.00 0.00
16.031	S 20537883 -0.44 -0.26 0.00 0.00 HOLD
16.051	>>> V 0.00 0.00
16.051	S 20537903 -0.44 -0.26 0.00 0.00 HOLD
16.071	>>> V 0.00 0.00
16.071	S 20537923 -0.44 -0.26 0.00 0.00 HOLD
16.090	>>> V 0.00 0.00
16.090	S 20537943 -0.44 -0.26 0.00 0.00 HOLD
16.112	>>> V 0.00 0.00
16.112	S 20537963 -0.44 -0.26 0.00 0.00 HOLD
16.130	>>> V 0.00 0.00
16.131	S 20537983 -0.44 -0.26 0.00 0.00 HOLD
16.152	>>> V 0.00 0.00
16.152	S 20538003 -0.44 -0.26 0.00 0.00 HOLD
16.170	>>> V 0.00 0.00
16.171	S 20538023 -0.44 -0.26 0.00 0.00 HOLD
16.191	>>> V 0.00 0.00
16.193	S 20538043 -0.44 -0.26 0.00 0.00 HOLD
16.211	>>> V 0.00 0.00
16.211	S 20538063 -0.44 -0.26 0.00 0.00 HOLD
16.232	>>> V 0.00 0.00
16.232	S 20538083 -0.44 -0.26 0.00 0.00 HOLD
16.250	>>> V 0.00 0.00
16.251	S 20538103 -0.44 -0.26 0.00 0.00 HOLD
16.270	>>> V 0.00 0.00
16.271	S 20538123 -0.44 -0.26 0.00 0.00 HOLD
16.291	>>> V 0.00 0.00
16.292	S 20538143 -0.44 -0.26 0.00 0.00 HOLD
16.310	>>> V 0.00 0.00
16.311	S 20538163 -0.44 -0.26 0.00 0.00 HOLD
16.331	>>> V 0.00 0.00
16.331	S 20538183 -0.44 -0.26 0.00 0.00 HOLD
16.351	>>> V 0.00 0.00
16.352	S 20538203 -0.44 -0.26 0.00 0.00 HOLD
16.372	>>> V 0.00 0.00
16.372	S 20538223 -0.44 -0.26 0.00 0.00 HOLD
16.391	>>> V 0.00 0.00
16.391	S 20538243 -0.44 -0.26 0.00 0.00 HOLD
16.411	>>> V 0.00 0.00
16.411	S 20538263 -0.44 -0.26 0.00 0.00 HOLD
16.431	>>> V 0.00 0.00
16.431	S 20538283 -0.44 -0.26 0.00 0.00 HOLD
16.452	>>> V 0.00 0.00
16.453	S 20538303 -0.44 -0.26 0.00 0.00 HOLD
16.470	>>> V 0.00 0.00
16.471	S 20538323 -0.44 -0.26 0.00 0.00 HOLD
16.490	>>> V 0.00 0.00
16.491	S 20538343 -0.44 -0.26 0.00 0.00 HOLD
16.510	>>> V 0.00 0.00
16.511	S 20538363 -0.44 -0.26 0.00 0.00 HOLD
16.530	>>> V 0.00 0.00
16.532	S 20538383 -0.44 -0.26 0.00 0.00 HOLD
16.551	>>> V 0.00 0.00
16.551	S 20538403 -0.44 -0.26 0.00 0.00 HOLD
16.571	>>> V 0.00 0.00
16.573	S 20538423 -0.44 -0.26 0.00 0.00 HOLD
16.591	>>> V 0.00 0.00
16.591	S 20538443 -0.44 -0.26 0.00 0.00 HOLD
16.611	>>> V 0.00 0.00
16.612	S 20538463 -0.44 -0.26 0.00 0.00 HOLD
16.630	>>> V 0.00 0.00
16.632	S 20538483 -0.44 -0.26 0.00 0.00 HOLD
16.652	>>> V 0.00 0.00
16.653	S 20538503 -0.44 -0.26 0.00 0.00 HOLD
16.671	>>> V 0.00 0.00
16.671	S 20538523 -0.44 -0.26 0.00 0.00 HOLD
16.691	>>> V 0.00 0.00
16.693	S 20538543 -0.44 -0.26 0.00 0.00 HOLD
16.711	>>> V 0.00 0.00
16.715	S 20538563 -0.44 -0.26 0.00 0.00 HOLD
16.731	>>> V 0.00 0.00
16.732	S 20538583 -0.44 -0.26 0.00 0.00 HOLD
16.752	>>> V 0.00 0.00
16.753	S 20538603 -0.44 -0.26 0.00 0.00 HOLD
16.772	>>> V 0.00 0.00
16.772	S 20538623 -0.44 -0.26 0.00 0.00 HOLD
16.790	>>> V 0.00 0.00
16.791	S 20538643 -0.44 -0.26 0.00 0.00 HOLD
16.811	>>> V 0.00 0.00
16.811	S 20538663 -0.44 -0.26 0.00 0.00 HOLD
16.831	>>> V 0.00 0.00
16.831	S 20538683 -0.44 -0.26 0.00 0.00 HOLD
16.851	>>> V 0.00 0.00
16.851	S 20538703 -0.44 -0.26 0.00 0.00 HOLD
16.871	>>> V 0.00 0.00
16.871	S 20538723 -0.44 -0.26 0.00 0.00 HOLD
16.890	>>> V 0.00 0.00
16.891	S 20538743 -0.44 -0.26 0.00 0.00 HOLD
16.918	>>> V 0.00 0.00
16.919	S 20538763 -0.44 -0.26 0.00 0.00 HOLD
16.920	S 20538783 -0.44 -0.26 0.00 0.00 HOLD
16.930	>>> V 0.00 0.00
16.952	>>> V 0.00 0.00
16.953	S 20538803 -0.44 -0.26 0.00 0.00 HOLD
16.970	>>> V 0.00 0.00
16.971	S 20538823 -0.44 -0.26 0.00 0.00 HOLD
16.990	>>> V 0.00 0.00
16.992	S 20538843 -0.44 -0.26 0.00 0.00 HOLD
17.012	>>> V 0.00 0.00
17.013	S 20538863 -0.44 -0.26 0.00 0.00 HOLD
17.032	>>> V 0.00 0.00
17.033	S 20538883 -0.44 -0.26 0.00 0.00 HOLD
17.051	>>> V 0.00 0.00
17.051	S 20538903 -0.44 -0.26 0.00 0.00 HOLD
17.071	>>> V 0.00 0.00
17.073	S 20538923 -0.44 -0.26 0.00 0.00 HOLD
17.091	>>> V 0.00 0.00
17.091	S 20538943 -0.44 -0.26 0.00 0.00 HOLD
17.111	>>> V 0.00 0.00
17.112	S 20538963 -0.44 -0.26 0.00 0.00 HOLD
17.131	>>> V 0.00 0.00
17.131	S 20538983 -0.44 -0.26 0.00 0.00 HOLD
17.153	>>> V 0.00 0.00
17.154	S 20539003 -0.44 -0.26 0.00 0.00 HOLD
17.171	>>> V 0.00 0.00
17.171	S 20539023 -0.44 -0.26 0.00 0.00 HOLD
17.191	>>> V 0.00 0.00
17.191	S 20539043 -0.44 -0.26 0.00 0.00 HOLD
17.210	>>> V 0.00 0.00
17.211	S 20539063 -0.44 -0.26 0.00 0.00 HOLD
17.231	>>> V 0.00 0.00
17.231	S 20539083 -0.44 -0.26 0.00 0.00 HOLD
17.251	>>> V 0.00 0.00
17.252	S 20539103 -0.44 -0.26 0.00 0.00 HOLD
17.271	>>> V 0.00 0.00
17.271	S 20539123 -0.44 -0.26 0.00 0.00 HOLD
17.290	>>> V 0.00 0.00
17.290	S 20539143 -0.44 -0.26 0.00 0.00 HOLD
17.311	>>> V 0.00 0.00
17.312	S 20539163 -0.44 -0.26 0.00 0.00 HOLD
17.331	>>> V 0.00 0.00
17.332	S 20539183 -0.44 -0.26 0.00 0.00 HOLD
17.353	>>> V 0.00 0.00
17.353	S 20539203 -0.44 -0.26 0.00 0.00 HOLD
17.370	>>> V 0.00 0.00
17.371	S 20539223 -0.44 -0.26 0.00 0.00 HOLD
17.391	>>> V 0.00 0.00
17.391	S 20539243 -0.44 -0.26 0.00 0.00 HOLD
17.412	>>> V 0.00 0.00
17.412	S 20539263 -0.44 -0.26 0.00 0.00 HOLD
17.431	>>> V 0.00 0.00
17.431	S 20539283 -0.44 -0.26 0.00 0.00 HOLD
17.451	>>> V 0.00 0.00
17.451	S 20539303 -0.44 -0.26 0.00 0.00 HOLD
17.470	>>> V 0.00 0.00
17.471	S 20539323 -0.44 -0.26 0.00 0.00 HOLD
17.492	>>> V 0.00 0.00
17.492	S 20539343 -0.44 -0.26 0.00 0.00 HOLD
17.510	>>> V 0.00 0.00
17.511	S 20539363 -0.44 -0.26 0.00 0.00 HOLD
17.532	>>> V 0.00 0.00
17.532	S 20539383 -0.44 -0.26 0.00 0.00 HOLD
17.551	>>> V 0.00 0.00
17.552	S 20539403 -0.44 -0.26 0.00 0.00 HOLD
17.571	>>> V 0.00 0.00
17.571	S 20539423 -0.44 -0.26 0.00 0.00 HOLD
17.590	>>> V 0.00 0.00
17.591	S 20539443 -0.44 -0.26 0.00 0.00 HOLD
17.611	>>> V 0.00 0.00
17.612	S 20539463 -0.44 -0.26 0.00 0.00 HOLD
17.630	>>> V 0.00 0.00
17.630	S 20539483 -0.44 -0.26 0.00 0.00 HOLD
17.652	>>> V 0.00 0.00
17.653	S 20539503 -0.44 -0.26 0.00 0.00 HOLD
17.670	>>> V 0.00 0.00
17.670	S 20539523 -0.44 -0.26 0.00 0.00 HOLD
17.692	>>> V 0.00 0.00
17.693	S 20539543 -0.44 -0.26 0.00 0.00 HOLD
17.711	>>> V 0.00 0.00
17.712	S 20539563 -0.44 -0.26 0.00 0.00 HOLD
17.732	>>> V 0.00 0.00
17.732	S 20539583 -0.44 -0.26 0.00 0.00 HOLD
17.751	>>> V 0.00 0.00
17.751	S 20539603 -0.44 -0.26 0.00 0.00 HOLD
17.773	>>> V 0.00 0.00
17.774	S 20539623 -0.44 -0.26 0.00 0.00 HOLD
17.790	>>> V 0.00 0.00
17.790	S 20539643 -0.44 -0.26 0.00 0.00 HOLD
17.810	>>> V 0.00 0.00
17.811	S 20539663 -0.44 -0.26 0.00 0.00 HOLD
17.831	>>> V 0.00 0.00
17.831	S 20539683 -0.44 -0.26 0.00 0.00 HOLD
17.850	>>> V 0.00 0.00
17.851	S 20539703 -0.44 -0.26 0.00 0.00 HOLD
17.871	>>> V 0.00 0.00
17.872	S 20539723 -0.44 -0.26 0.00 0.00 HOLD
17.890	>>> V 0.00 0.00
17.891	S 20539743 -0.44 -0.26 0.00 0.00 HOLD
17.912	>>> V 0.00 0.00
17.913	S 20539763 -0.44 -0.26 0.00 0.00 HOLD
17.930	>>> V 0.00 0.00
17.931	S 20539783 -0.44 -0.26 0.00 0.00 HOLD
17.951	>>> V 0.00 0.00
17.951	S 20539803 -0.44 -0.26 0.00 0.00 HOLD
17.971	>>> V 0.00 0.00
17.972	S 20539823 -0.44 -0.26 0.00 0.00 HOLD
17.990	>>> V 0.00 0.00
17.991	S 20539843 -0.44 -0.26 0.00 0.00 HOLD
18.010	>>> V 0.00 0.00
18.011	S 20539863 -0.44 -0.26 0.00 0.00 HOLD
18.031	>>> V 0.00 0.00
18.031	S 20539883 -0.44 -0.26 0.00 0.00 HOLD
18.052	>>> V 0.00 0.00
18.053	S 20539903 -0.44 -0.26 0.00 0.00 HOLD
18.070	>>> V 0.00 0.00
18.071	S 20539923 -0.44 -0.26 0.00 0.00 HOLD
18.093	>>> V 0.00 0.00
18.094	S 20539943 -0.44 -0.26 0.00 0.00 HOLD
18.111	>>> V 0.00 0.00
18.111	S 20539963 -0.44 -0.26 0.00 0.00 HOLD
18.130	>>> V 0.00 0.00
18.131	S 20539983 -0.44 -0.26 0.00 0.00 HOLD
18.150	>>> V 0.00 0.00
18.151	S 20540003 -0.44 -0.26 0.00 0.00 HOLD
18.170	>>> V 0.00 0.00
18.170	S 20540023 -0.44 -0.26 0.00 0.00 HOLD
18.192	>>> V 0.00 0.00
18.192	S 20540043 -0.44 -0.26 0.00 0.00 HOLD
18.211	>>> V 0.00 0.00
18.212	S 20540063 -0.44 -0.26 0.00 0.00 HOLD
18.231	>>> V 0.00 0.00
18.231	S 20540083 -0.44 -0.26 0.00 0.00 HOLD
18.252	>>> V 0.00 0.00
18.253	S 20540103 -0.44 -0.26 0.00 0.00 HOLD
18.271	>>> V 0.00 0.00
18.271	S 20540123 -0.44 -0.26 0.00 0.00 HOLD
18.291	>>> V 0.00 0.00
18.292	S 20540143 -0.44 -0.26 0.00 0.00 HOLD
18.310	>>> V 0.00 0.00
18.311	S 20540163 -0.44 -0.26 0.00 0.00 HOLD
18.332	>>> V 0.00 0.00
18.333	S 20540183 -0.44 -0.26 0.00 0.00 HOLD
18.351	>>> V 0.00 0.00
18.352	S 20540203 -0.44 -0.26 0.00 0.00 HOLD
18.371	>>> V 0.00 0.00
18.371	S 20540223 -0.44 -0.26 0.00 0.00 HOLD
18.390	>>> V 0.00 0.00
18.391	S 20540243 -0.44 -0.26 0.00 0.00 HOLD
18.411	>>> V 0.00 0.00
18.411	S 20540263 -0.53 -0.26 0.00 0.00 HOLD
18.431	>>> V 0.00 0.00
18.434	S 20540283 -0.44 -0.26 0.00 0.00 HOLD
18.450	>>> V 0.00 0.00
18.451	S 20540303 -0.44 -0.26 0.00 0.00 HOLD
18.471	>>> V 0.00 0.00
18.472	S 20540323 -0.44 -0.26 0.00 0.00 HOLD
18.490	>>> V 0.00 0.00
18.490	S 20540343 -0.44 -0.26 0.00 0.00 HOLD
18.511	>>> V 0.00 0.00
18.512	S 20540363 -0.44 -0.26 0.00 0.00 HOLD
18.531	>>> V 0.00 0.00
18.531	S 20540383 -0.44 -0.26 0.00 0.00 HOLD
18.552	>>> V 0.00 0.00
18.554	S 20540403 -0.44 -0.26 0.00 0.00 HOLD
18.571	>>> V 0.00 0.00
18.571	S 20540423 -0.44 -0.26 0.00 0.00 HOLD
18.593	>>> V 0.00 0.00
18.594	S 20540443 -0.44 -0.26 0.00 0.00 HOLD
18.611	>>> V 0.00 0.00
18.611	S 20540463 -0.44 -0.26 0.00 0.00 HOLD
18.632	>>> V 0.00 0.00
18.632	S 20540483 -0.44 -0.26 0.00 0.00 HOLD
18.650	>>> V 0.00 0.00
18.651	S 20540503 -0.44 -0.26 0.00 0.00 HOLD
18.672	>>> V 0.00 0.00
18.672	S 20540523 -0.44 -0.26 0.00 0.00 HOLD
18.691	>>> V 0.00 0.00
18.692	S 20540543 -0.44 -0.26 0.00 0.00 HOLD
18.711	>>> V 0.00 0.00
18.712	S 20540563 -0.44 -0.26 0.00 0.00 HOLD
18.731	>>> V 0.00 0.00
18.731	S 20540583 -0.44 -0.26 0.00 0.00 HOLD
18.751	>>> V 0.00 0.00
18.751	S 20540603 -0.44 -0.26 0.00 0.00 HOLD
18.770	>>> V 0.00 0.00
18.771	S 20540623 -0.44 -0.26 0.00 0.00 HOLD
18.791	>>> V 0.00 0.00
18.792	S 20540643 -0.44 -0.26 0.00 0.00 HOLD
18.811	>>> V 0.00 0.00
18.812	S 20540663 -0.44 -0.26 0.00 0.00 HOLD
18.831	>>> V 0.00 0.00
18.832	S 20540683 -0.44 -0.26 0.00 0.00 HOLD
18.851	>>> V 0.00 0.00
18.851	S 20540703 -0.44 -0.26 0.00 0.00 HOLD
18.870	>>> V 0.00 0.00
18.871	S 20540723 -0.44 -0.26 0.00 0.00 HOLD
18.891	>>> V 0.00 0.00
18.892	S 20540743 -0.44 -0.26 0.00 0.00 HOLD
18.910	>>> V 0.00 0.00
18.911	S 20540763 -0.44 -0.26 0.00 0.00 HOLD
18.932	>>> V 0.00 0.00
18.933	S 20540783 -0.44 -0.26 0.00 0.00 HOLD
18.951	>>> V 0.00 0.00
18.951	S 20540803 -0.44 -0.26 0.00 0.00 HOLD
18.971	>>> V 0.00 0.00
18.972	S 20540823 -0.44 -0.26 0.00 0.00 HOLD
18.991	>>> V 0.00 0.00
18.991	S 20540843 -0.44 -0.26 0.00 0.00 HOLD
19.011	>>> V 0.00 0.00
19.011	S 20540863 -0.44 -0.26 0.00 0.00 HOLD
19.030	>>> V 0.00 0.00
19.031	S 20540883 -0.44 -0.26 0.00 0.00 HOLD
19.051	>>> V 0.00 0.00
19.051	S 20540903 -0.44 -0.26 0.00 0.00 HOLD
19.071	>>> V 0.00 0.00
19.072	S 20540923 -0.44 -0.26 0.00 0.00 HOLD
19.090	>>> V 0.00 0.00
19.090	S 20540943 -0.44 -0.26 0.00 0.00 HOLD
19.112	>>> V 0.00 0.00
19.112	S 20540963 -0.44 -0.26 0.00 0.00 HOLD
19.130	>>> V 0.00 0.00
19.131	S 20540983 -0.44 -0.26 0.00 0.00 HOLD
19.153	>>> V 0.00 0.00
19.153	S 20541003 -0.44 -0.26 0.00 0.00 HOLD
19.171	>>> V 0.00 0.00
19.172	S 20541023 -0.44 -0.26 0.00 0.00 HOLD
19.191	>>> V 0.00 0.00
19.191	S 20541043 -0.44 -0.26 0.00 0.00 HOLD
19.210	>>> V 0.00 0.00
19.211	S 20541063 -0.44 -0.26 0.00 0.00 HOLD
19.230	>>> V 0.00 0.00
19.231	S 20541083 -0.44 -0.26 0.00 0.00 HOLD
19.251	>>> V 0.00 0.00
19.252	S 20541103 -0.44 -0.26 0.00 0.00 HOLD
19.270	>>> V 0.00 0.00
19.271	S 20541123 -0.44 -0.26 0.00 0.00 HOLD
19.291	>>> V 0.00 0.00
19.292	S 20541143 -0.44 -0.26 0.00 0.00 HOLD
19.310	>>> V 0.00 0.00
19.311	S 20541163 -0.44 -0.26 0.00 0.00 HOLD
19.331	>>> V 0.00 0.00
19.332	S 20541183 -0.44 -0.26 0.00 0.00 HOLD
19.351	>>> V 0.00 0.00
19.351	S 20541203 -0.44 -0.26 0.00 0.00 HOLD
19.371	>>> V 0.00 0.00
19.372	S 20541223 -0.44 -0.26 0.00 0.00 HOLD
19.390	>>> V 0.00 0.00
19.391	S 20541243 -0.44 -0.26 0.00 0.00 HOLD
19.411	>>> V 0.00 0.00
19.412	S 20541263 -0.44 -0.26 0.00 0.00 HOLD
19.430	>>> V 0.00 0.00
19.432	S 20541283 -0.44 -0.26 0.00 0.00 HOLD
19.452	>>> V 0.00 0.00
19.453	S 20541303 -0.44 -0.26 0.00 0.00 HOLD
19.471	>>> V 0.00 0.00
19.471	S 20541323 -0.44 -0.26 0.00 0.00 HOLD
19.491	>>> V 0.00 0.00
19.492	S 20541343 -0.44 -0.26 0.00 0.00 HOLD
19.513	>>> V 0.00 0.00
19.513	S 20541363 -0.44 -0.26 0.00 0.00 HOLD
19.530	>>> V 0.00 0.00
19.531	S 20541383 -0.44 -0.26 0.00 0.00 HOLD
19.552	>>> V 0.00 0.00
19.553	S 20541403 -0.44 -0.26 0.00 0.00 HOLD
19.571	>>> V 0.00 0.00
19.571	S 20541423 -0.44 -0.26 0.00 0.00 HOLD
19.591	>>> V 0.00 0.00
19.592	S 20541443 -0.44 -0.26 0.00 0.00 HOLD
19.610	>>> V 0.00 0.00
19.611	S 20541463 -0.44 -0.26 0.00 0.00 HOLD
19.630	>>> V 0.00 0.00
19.631	S 20541483 -0.44 -0.26 0.00 0.00 HOLD
19.653	>>> V 0.00 0.00
19.653	S 20541503 -0.44 -0.26 0.00 0.00 HOLD
19.670	>>> V 0.00 0.00
19.672	S 20541523 -0.44 -0.26 0.00 0.00 HOLD
19.691	>>> V 0.00 0.00
19.691	S 20541543 -0.44 -0.26 0.00 0.00 HOLD
19.710	>>> V 0.00 0.00
19.714	S 20541563 -0.44 -0.26 0.00 0.00 HOLD
19.731	>>> V 0.00 0.00
19.731	S 20541583 -0.44 -0.26 0.00 0.00 HOLD
19.752	>>> V 0.00 0.00
19.754	S 20541603 -0.44 -0.26 0.00 0.00 HOLD
19.772	>>> V 0.00 0.00
19.773	S 20541623 -0.44 -0.26 0.00 0.00 HOLD
19.791	>>> V 0.00 0.00
19.791	S 20541643 -0.44 -0.26 0.00 0.00 HOLD
19.810	>>> V 0.00 0.00
19.813	S 20541663 -0.44 -0.26 0.00 0.00 HOLD
19.830	>>> V 0.00 0.00
19.831	S 20541683 -0.44 -0.26 0.00 0.00 HOLD
19.852	>>> V 0.00 0.00
19.854	S 20541703 -0.44 -0.26 0.00 0.00 HOLD
19.871	>>> V 0.00 0.00
19.871	S 20541723 -0.44 -0.26 0.00 0.00 HOLD
19.891	>>> V 0.00 0.00
19.892	S 20541743 -0.44 -0.26 0.00 0.00 HOLD
19.911	>>> V 0.00 0.00
19.911	S 20541763 -0.44 -0.26 0.00 0.00 HOLD
19.930	>>> V 0.00 0.00
19.931	S 20541783 -0.44 -0.26 0.00 0.00 HOLD
19.952	>>> V 0.00 0.00
19.953	S 20541803 -0.44 -0.26 0.00 0.00 HOLD
19.970	>>> V 0.00 0.00
19.971	S 20541823 -0.44 -0.26 0.00 0.00 HOLD
19.994	>>> V 0.00 0.00
19.994	S 20541843 -0.44 -0.26 0.00 0.00 HOLD
20.011	>>> V 0.00 0.00
20.011	S 20541863 -0.44 -0.26 0.00 0.00 HOLD
20.031	>>> V 0.00 0.00
20.032	S 20541883 -0.44 -0.26 0.00 0.00 HOLD
20.052	>>> V 0.00 0.00
20.053	S 20541903 -0.44 -0.26 0.00 0.00 HOLD
20.070	>>> V 0.00 0.00
20.071	S 20541923 -0.44 -0.26 0.00 0.00 HOLD
20.093	>>> V 0.00 0.00
20.094	S 20541943 -0.44 -0.26 0.00 0.00 HOLD
20.110	>>> V 0.00 0.00
20.111	S 20541963 -0.44 -0.26 0.00 0.00 HOLD
20.131	>>> V 0.00 0.00
20.132	S 20541983 -0.44 -0.26 0.00 0.00 HOLD
20.153	>>> V 0.00 0.00
20.153	S 20542003 -0.44 -0.26 0.00 0.00 HOLD
20.171	>>> V 0.00 0.00
20.172	S 20542023 -0.44 -0.26 0.00 0.00 HOLD
20.192	>>> V 0.00 0.00
20.193	S 20542043 -0.44 -0.26 0.00 0.00 HOLD
20.211	>>> V 0.00 0.00
20.211	S 20542063 -0.44 -0.26 0.00 0.00 HOLD
20.232	>>> V 0.00 0.00
20.233	S 20542083 -0.44 -0.26 0.00 0.00 HOLD
20.252	>>> V 0.00 0.00
20.252	S 20542103 -0.44 -0.26 0.00 0.00 HOLD
20.271	>>> V 0.00 0.00
20.271	S 20542123 -0.44 -0.26 0.00 0.00 HOLD
20.290	>>> V 0.00 0.00
20.291	S 20542143 -0.44 -0.26 0.00 0.00 HOLD
20.310	>>> V 0.00 0.00
20.311	S 20542163 -0.44 -0.26 0.00 0.00 HOLD
20.331	>>> V 0.00 0.00
20.332	S 20542184 -0.44 -0.26 0.00 0.00 HOLD
20.350	>>> V 0.00 0.00
20.351	S 20542204 -0.44 -0.26 0.00 0.00 HOLD
20.371	>>> V 0.00 0.00
20.371	S 20542224 -0.44 -0.26 0.00 0.00 HOLD
20.392	>>> V 0.00 0.00
20.393	S 20542244 -0.53 -0.26 0.00 0.00 HOLD
20.412	>>> V 0.00 0.00
20.412	S 20542264 -0.44 -0.26 0.00 0.00 HOLD
20.432	>>> V 0.00 0.00
20.433	S 20542284 -0.44 -0.26 0.00 0.00 HOLD
20.452	>>> V 0.00 0.00
20.454	S 20542304 -0.44 -0.26 0.00 0.00 HOLD
20.470	>>> V 0.00 0.00
20.471	S 20542324 -0.44 -0.26 0.00 0.00 HOLD
20.491	>>> V 0.00 0.00
20.491	S 20542344 -0.44 -0.26 0.00 0.00 HOLD
20.510	>>> V 0.00 0.00
20.511	S 20542364 -0.44 -0.26 0.00 0.00 HOLD
20.532	>>> V 0.00 0.00
20.533	S 20542384 -0.44 -0.26 0.00 0.00 HOLD
20.550	>>> V 0.00 0.00
20.551	S 20542404 -0.44 -0.26 0.00 0.00 HOLD
20.571	>>> V 0.00 0.00
20.573	S 20542424 -0.44 -0.26 0.00 0.00 HOLD
20.590	>>> V 0.00 0.00
20.591	S 20542444 -0.44 -0.35 0.00 0.00 HOLD
20.611	>>> V 0.00 0.00
20.612	S 20542464 -0.44 -0.26 0.00 0.00 HOLD
20.630	>>> V 0.00 0.00
20.631	S 20542484 -0.44 -0.26 0.00 0.00 HOLD
20.650	>>> V 0.00 0.00
20.651	S 20542504 -0.53 -0.26 0.00 0.00 HOLD
20.672	>>> V 0.00 0.00
20.672	S 20542524 -0.44 -0.26 0.00 0.00 HOLD
20.690	>>> V 0.00 0.00
20.690	S 20542544 -0.44 -0.26 0.00 0.00 HOLD
20.711	>>> V 0.00 0.00
20.712	S 20542564 -0.44 -0.26 0.00 0.00 HOLD
20.732	>>> V 0.00 0.00
20.733	S 20542584 -0.44 -0.26 0.00 0.00 HOLD
20.751	>>> V 0.00 0.00
20.752	S 20542604 -0.44 -0.26 0.00 0.00 HOLD
20.772	>>> V 0.00 0.00
20.772	S 20542624 -0.44 -0.26 0.00 0.00 HOLD
20.790	>>> V 0.00 0.00
20.791	S 20542644 -0.44 -0.26 0.00 0.00 HOLD
20.811	>>> V 0.00 0.00
20.811	S 20542664 -0.44 -0.26 0.00 0.00 HOLD
20.831	>>> V 0.00 0.00
20.832	S 20542684 -0.44 -0.26 0.00 0.00 HOLD
20.850	>>> V 0.00 0.00
20.852	S 20542704 -0.44 -0.26 0.00 0.00 HOLD
20.872	>>> V 0.00 0.00
20.872	S 20542724 -0.44 -0.26 0.00 0.00 HOLD
20.890	>>> V 0.00 0.00
20.891	S 20542744 -0.44 -0.26 0.00 0.00 HOLD
20.911	>>> V 0.00 0.00
20.913	S 20542764 -0.44 -0.26 0.00 0.00 HOLD
20.930	>>> V 0.00 0.00
20.931	S 20542784 -0.44 -0.26 0.00 0.00 HOLD
20.950	>>> V 0.00 0.00
20.951	S 20542804 -0.44 -0.26 0.00 0.00 HOLD
20.971	>>> V 0.00 0.00
20.971	S 20542824 -0.44 -0.26 0.00 0.00 HOLD
20.990	>>> V 0.00 0.00
20.990	S 20542844 -0.44 -0.26 0.00 0.00 HOLD
21.011	>>> V 0.00 0.00
21.012	S 20542864 -0.44 -0.26 0.00 0.00 HOLD
21.030	>>> V 0.00 0.00
21.031	S 20542884 -0.44 -0.26 0.00 0.00 HOLD
21.051	>>> V 0.00 0.00
21.052	S 20542904 -0.44 -0.26 0.00 0.00 HOLD
21.071	>>> V 0.00 0.00
21.071	S 20542924 -0.44 -0.26 0.00 0.00 HOLD
21.092	>>> V 0.00 0.00
21.092	S 20542944 -0.44 -0.26 0.00 0.00 HOLD
21.110	>>> V 0.00 0.00
21.111	S 20542964 -0.44 -0.26 0.00 0.00 HOLD
21.130	>>> V 0.00 0.00
21.131	S 20542984 -0.44 -0.26 0.00 0.00 HOLD
21.151	>>> V 0.00 0.00
21.151	S 20543004 -0.44 -0.26 0.00 0.00 HOLD
21.170	>>> V 0.00 0.00
21.171	S 20543024 -0.44 -0.26 0.00 0.00 HOLD
21.192	>>> V 0.00 0.00
21.194	S 20543044 -0.44 -0.26 0.00 0.00 HOLD
21.210	>>> V 0.00 0.00
21.211	S 20543064 -0.44 -0.26 0.00 0.00 HOLD
21.231	>>> V 0.00 0.00
21.232	S 20543084 -0.44 -0.26 0.00 0.00 HOLD
21.250	>>> V 0.00 0.00
21.251	S 20543104 -0.44 -0.26 0.00 0.00 HOLD
21.270	>>> V 0.00 0.00
21.271	S 20543124 -0.44 -0.26 0.00 0.00 HOLD
21.291	>>> V 0.00 0.00
21.292	S 20543144 -0.44 -0.26 0.00 0.00 HOLD
21.314	>>> V 0.00 0.00
21.317	S 20543164 -0.44 -0.26 0.00 0.00 HOLD
21.331	>>> V 0.00 0.00
21.331	S 20543184 -0.44 -0.26 0.00 0.00 HOLD
21.351	>>> V 0.00 0.00
21.351	S 20543204 -0.44 -0.26 0.00 0.00 HOLD
21.371	>>> V 0.00 0.00
21.371	S 20543224 -0.44 -0.26 0.00 0.00 HOLD
21.390	>>> V 0.00 0.00
21.391	S 20543244 -0.44 -0.26 0.00 0.00 HOLD
21.412	>>> V 0.00 0.00
21.414	S 20543264 -0.44 -0.26 0.00 0.00 HOLD
21.430	>>> V 0.00 0.00
21.431	S 20543284 -0.44 -0.26 0.00 0.00 HOLD
21.451	>>> V 0.00 0.00
21.451	S 20543304 -0.44 -0.26 0.00 0.00 HOLD
21.470	>>> V 0.00 0.00
21.471	S 20543324 -0.44 -0.26 0.00 0.00 HOLD
21.490	>>> V 0.00 0.00
21.490	S 20543344 -0.44 -0.26 0.00 0.00 HOLD
21.515	>>> V 0.00 0.00
21.518	S 20543364 -0.44 -0.26 0.00 0.00 HOLD
21.530	>>> V 0.00 0.00
21.531	S 20543384 -0.44 -0.26 0.00 0.00 HOLD
21.555	>>> V 0.00 0.00
21.556	S 20543404 -0.44 -0.26 0.00 0.00 HOLD
21.571	>>> V 0.00 0.00
21.571	S 20543424 -0.44 -0.26 0.00 0.00 HOLD
21.591	>>> V 0.00 0.00
21.592	S 20543444 -0.44 -0.26 0.00 0.00 HOLD
21.610	>>> V 0.00 0.00
21.611	S 20543464 -0.44 -0.26 0.00 0.00 HOLD
21.630	>>> V 0.00 0.00
21.630	S 20543484 -0.44 -0.26 0.00 0.00 HOLD
21.651	>>> V 0.00 0.00
21.652	S 20543504 -0.44 -0.26 0.00 0.00 HOLD
21.670	>>> V 0.00 0.00
21.671	S 20543524 -0.44 -0.26 0.00 0.00 HOLD
21.690	>>> V 0.00 0.00
21.691	S 20543544 -0.44 -0.26 0.00 0.00 HOLD
21.711	>>> V 0.00 0.00
21.711	S 20543564 -0.44 -0.26 0.00 0.00 HOLD
21.731	>>> V 0.00 0.00
21.731	S 20543584 -0.44 -0.26 0.00 0.00 HOLD
21.752	>>> V 0.00 0.00
21.754	S 20543604 -0.44 -0.26 0.00 0.00 HOLD
21.770	>>> V 0.00 0.00
21.771	S 20543624 -0.44 -0.26 0.00 0.00 HOLD
21.791	>>> V 0.00 0.00
21.792	S 20543644 -0.44 -0.26 0.00 0.00 HOLD
21.810	>>> V 0.00 0.00
21.813	S 20543664 -0.44 -0.26 0.00 0.00 HOLD
21.831	>>> V 0.00 0.00
21.831	S 20543684 -0.44 -0.26 0.00 0.00 HOLD
21.851	>>> V 0.00 0.00
21.852	S 20543704 -0.44 -0.26 0.00 0.00 HOLD
21.870	>>> V 0.00 0.00
21.871	S 20543724 -0.44 -0.26 0.00 0.00 HOLD
21.891	>>> V 0.00 0.00
21.891	S 20543744 -0.44 -0.26 0.00 0.00 HOLD
21.914	>>> V 0.00 0.00
21.915	S 20543764 -0.44 -0.26 0.00 0.00 HOLD
21.931	>>> V 0.00 0.00
21.931	S 20543784 -0.44 -0.26 0.00 0.00 HOLD
21.953	>>> V 0.00 0.00
21.953	S 20543804 -0.44 -0.26 0.00 0.00 HOLD
21.971	>>> V 0.00 0.00
21.973	S 20543824 -0.44 -0.26 0.00 0.00 HOLD
21.992	>>> V 0.00 0.00
21.992	S 20543844 -0.44 -0.26 0.00 0.00 HOLD
22.011	>>> V 0.00 0.00
22.011	S 20543864 -0.44 -0.26 0.00 0.00 HOLD
22.031	>>> V 0.00 0.00
22.032	S 20543884 -0.44 -0.26 0.00 0.00 HOLD
22.051	>>> V 0.00 0.00
22.052	S 20543904 -0.44 -0.26 0.00 0.00 HOLD
22.071	>>> V 0.00 0.00
22.071	S 20543924 -0.44 -0.26 0.00 0.00 HOLD
22.091	>>> V 0.00 0.00
22.092	S 20543944 -0.44 -0.26 0.00 0.00 HOLD
22.111	>>> V 0.00 0.00
22.111	S 20543964 -0.44 -0.26 0.00 0.00 HOLD
22.131	>>> V 0.00 0.00
22.132	S 20543984 -0.44 -0.26 0.00 0.00 HOLD
22.152	>>> V 0.00 0.00
22.152	S 20544004 -0.44 -0.26 0.00 0.00 HOLD
22.171	>>> V 0.00 0.00
22.171	S 20544024 -0.44 -0.26 0.00 0.00 HOLD
22.191	>>> V 0.00 0.00
22.192	S 20544044 -0.44 -0.26 0.00 0.00 HOLD
22.210	>>> V 0.00 0.00
22.210	S 20544064 -0.44 -0.26 0.00 0.00 HOLD
22.231	>>> V 0.00 0.00
22.233	S 20544084 -0.44 -0.26 0.00 0.00 HOLD
22.251	>>> V 0.00 0.00
22.251	S 20544104 -0.44 -0.26 0.00 0.00 HOLD
22.272	>>> V 0.00 0.00
22.272	S 20544124 -0.44 -0.26 0.00 0.00 HOLD
22.291	>>> V 0.00 0.00
22.291	S 20544144 -0.44 -0.26 0.00 0.00 HOLD
22.310	>>> V 0.00 0.00
22.311	S 20544164 -0.44 -0.26 0.00 0.00 HOLD
22.331	>>> V 0.00 0.00
22.331	S 20544184 -0.44 -0.26 0.00 0.00 HOLD
22.352	>>> V 0.00 0.00
22.354	S 20544204 -0.44 -0.26 0.00 0.00 HOLD
22.370	>>> V 0.00 0.00
22.371	S 20544224 -0.44 -0.26 0.00 0.00 HOLD
22.393	>>> V 0.00 0.00
22.393	S 20544244 -0.44 -0.26 0.00 0.00 HOLD
22.411	>>> V 0.00 0.00
22.412	S 20544264 -0.44 -0.26 0.00 0.00 HOLD
22.431	>>> V 0.00 0.00
22.431	S 20544284 -0.44 -0.26 0.00 0.00 HOLD
22.451	>>> V 0.00 0.00
22.451	S 20544304 -0.44 -0.26 0.00 0.00 HOLD
22.470	>>> V 0.00 0.00
22.471	S 20544324 -0.44 -0.26 0.00 0.00 HOLD
22.490	>>> V 0.00 0.00
22.490	S 20544344 -0.44 -0.26 0.00 0.00 HOLD
22.511	>>> V 0.00 0.00
22.512	S 20544364 -0.44 -0.26 0.00 0.00 HOLD
22.531	>>> V 0.00 0.00
22.532	S 20544384 -0.44 -0.26 0.00 0.00 HOLD
22.551	>>> V 0.00 0.00
22.552	S 20544404 -0.44 -0.26 0.00 0.00 HOLD
22.570	>>> V 0.00 0.00
22.570	S 20544424 -0.44 -0.26 0.00 0.00 HOLD
22.590	>>> V 0.00 0.00
22.591	S 20544444 -0.44 -0.26 0.00 0.00 HOLD
22.610	>>> V 0.00 0.00
22.610	S 20544464 -0.44 -0.26 0.00 0.00 HOLD
22.631	>>> V 0.00 0.00
22.632	S 20544484 -0.44 -0.26 0.00 0.00 HOLD
22.650	>>> V 0.00 0.00
22.651	S 20544504 -0.44 -0.26 0.00 0.00 HOLD
22.672	>>> V 0.00 0.00
22.673	S 20544524 -0.44 -0.26 0.00 0.00 HOLD
22.691	>>> V 0.00 0.00
22.692	S 20544544 -0.44 -0.26 0.00 0.00 HOLD
22.711	>>> V 0.00 0.00
22.711	S 20544564 -0.44 -0.26 0.00 0.00 HOLD
22.730	>>> V 0.00 0.00
22.731	S 20544584 -0.44 -0.26 0.00 0.00 HOLD
22.752	>>> V 0.00 0.00
22.752	S 20544604 -0.44 -0.26 0.00 0.00 HOLD
22.771	>>> V 0.00 0.00
22.772	S 20544624 -0.44 -0.26 0.00 0.00 HOLD
22.790	>>> V 0.00 0.00
22.790	S 20544644 -0.44 -0.26 0.00 0.00 HOLD
22.811	>>> V 0.00 0.00
22.812	S 20544664 -0.44 -0.26 0.00 0.00 HOLD
22.830	>>> V 0.00 0.00
22.831	S 20544684 -0.44 -0.26 0.00 0.00 HOLD
22.853	>>> V 0.00 0.00
22.855	S 20544704 -0.44 -0.26 0.00 0.00 HOLD
22.871	>>> V 0.00 0.00
22.872	S 20544724 -0.44 -0.26 0.00 0.00 HOLD
22.892	>>> V 0.00 0.00
22.893	S 20544744 -0.44 -0.26 0.00 0.00 HOLD
22.910	>>> V 0.00 0.00
22.911	S 20544764 -0.44 -0.26 0.00 0.00 HOLD
22.930	>>> V 0.00 0.00
22.931	S 20544784 -0.44 -0.26 0.00 0.00 HOLD
22.951	>>> V 0.00 0.00
22.952	S 20544804 -0.35 -0.26 0.00 0.00 HOLD
22.970	>>> V 0.00 0.00
22.970	S 20544824 -0.44 -0.26 0.00 0.00 HOLD
22.991	>>> V 0.00 0.00
22.991	S 20544844 -0.44 -0.26 0.00 0.00 HOLD
23.011	>>> V 0.00 0.00
23.011	S 20544864 -0.44 -0.26 0.00 0.00 HOLD
23.030	>>> V 0.00 0.00
23.031	S 20544884 -0.44 -0.26 0.00 0.00 HOLD
23.050	>>> V 0.00 0.00
23.051	S 20544904 -0.44 -0.26 0.00 0.00 HOLD
23.071	>>> V 0.00 0.00
23.072	S 20544924 -0.44 -0.26 0.00 0.00 HOLD
23.090	>>> V 0.00 0.00
23.090	S 20544944 -0.44 -0.26 0.00 0.00 HOLD
23.112	>>> V 0.00 0.00
23.112	S 20544964 -0.44 -0.26 0.00 0.00 HOLD
23.130	>>> V 0.00 0.00
23.131	S 20544984 -0.44 -0.26 0.00 0.00 HOLD
23.153	>>> V 0.00 0.00
23.154	S 20545004 -0.44 -0.26 0.00 0.00 HOLD
23.171	>>> V 0.00 0.00
23.171	S 20545024 -0.44 -0.26 0.00 0.00 HOLD
23.192	>>> V 0.00 0.00
23.193	S 20545044 -0.44 -0.26 0.00 0.00 HOLD
23.212	>>> V 0.00 0.00
23.212	S 20545064 -0.44 -0.26 0.00 0.00 HOLD
23.231	>>> V 0.00 0.00
23.233	S 20545084 -0.44 -0.26 0.00 0.00 HOLD
23.251	>>> V 0.00 0.00
23.252	S 20545104 -0.44 -0.26 0.00 0.00 HOLD
23.271	>>> V 0.00 0.00
23.272	S 20545124 -0.44 -0.26 0.00 0.00 HOLD
23.290	>>> V 0.00 0.00
23.291	S 20545144 -0.44 -0.26 0.00 0.00 HOLD
23.312	>>> V 0.00 0.00
23.312	S 20545164 -0.44 -0.26 0.00 0.00 HOLD
23.331	>>> V 0.00 0.00
23.333	S 20545184 -0.44 -0.26 0.00 0.00 HOLD
23.351	>>> V 0.00 0.00
23.351	S 20545204 -0.44 -0.26 0.00 0.00 HOLD
23.371	>>> V 0.00 0.00
23.372	S 20545224 -0.44 -0.26 0.00 0.00 HOLD
23.390	>>> V 0.00 0.00
23.390	S 20545244 -0.44 -0.26 0.00 0.00 HOLD
23.412	>>> V 0.00 0.00
23.412	S 20545264 -0.44 -0.26 0.00 0.00 HOLD
23.431	>>> V 0.00 0.00
23.432	S 20545284 -0.44 -0.26 0.00 0.00 HOLD
23.454	>>> V 0.00 0.00
23.454	S 20545304 -0.44 -0.26 0.00 0.00 HOLD
23.470	>>> V 0.00 0.00
23.471	S 20545324 -0.44 -0.26 0.00 0.00 HOLD
23.493	>>> V 0.00 0.00
23.493	S 20545344 -0.44 -0.26 0.00 0.00 HOLD
23.512	>>> V 0.00 0.00
23.512	S 20545364 -0.44 -0.26 0.00 0.00 HOLD
23.530	>>> V 0.00 0.00
23.531	S 20545384 -0.44 -0.26 0.00 0.00 HOLD
23.551	>>> V 0.00 0.00
23.552	S 20545404 -0.44 -0.26 0.00 0.00 HOLD
23.570	>>> V 0.00 0.00
23.571	S 20545424 -0.44 -0.26 0.00 0.00 HOLD
23.592	>>> V 0.00 0.00
23.593	S 20545444 -0.44 -0.26 0.00 0.00 HOLD
23.611	>>> V 0.00 0.00
23.612	S 20545464 -0.44 -0.26 0.00 0.00 HOLD
23.631	>>> V 0.00 0.00
23.631	S 20545484 -0.44 -0.26 0.00 0.00 HOLD
23.650	>>> V 0.00 0.00
23.651	S 20545504 -0.44 -0.26 0.00 0.00 HOLD
23.671	>>> V 0.00 0.00
23.671	S 20545524 -0.44 -0.26 0.00 0.00 HOLD
23.691	>>> V 0.00 0.00
23.691	S 20545544 -0.44 -0.26 0.00 0.00 HOLD
23.710	>>> V 0.00 0.00
23.710	S 20545564 -0.44 -0.26 0.00 0.00 HOLD
23.731	>>> V 0.00 0.00
23.731	S 20545584 -0.44 -0.26 0.00 0.00 HOLD
23.755	>>> V 0.00 0.00
23.756	S 20545604 -0.44 -0.26 0.00 0.00 HOLD
23.772	>>> V 0.00 0.00
23.773	S 20545624 -0.44 -0.26 0.00 0.00 HOLD
23.793	>>> V 0.00 0.00
23.793	S 20545644 -0.44 -0.26 0.00 0.00 HOLD
23.810	>>> V 0.00 0.00
23.811	S 20545664 -0.44 -0.26 0.00 0.00 HOLD
23.830	>>> V 0.00 0.00
23.831	S 20545684 -0.44 -0.26 0.00 0.00 HOLD
23.850	>>> V 0.00 0.00
23.852	S 20545704 -0.44 -0.26 0.00 0.00 HOLD
23.871	>>> V 0.00 0.00
23.873	S 20545724 -0.44 -0.26 0.00 0.00 HOLD
23.892	>>> V 0.00 0.00
23.892	S 20545744 -0.44 -0.26 0.00 0.00 HOLD
23.911	>>> V 0.00 0.00
23.911	S 20545764 -0.44 -0.26 0.00 0.00 HOLD
23.931	>>> V 0.00 0.00
23.932	S 20545784 -0.44 -0.26 0.00 0.00 HOLD
23.951	>>> V 0.00 0.00
23.955	S 20545804 -0.44 -0.26 0.00 0.00 HOLD
23.971	>>> V 0.00 0.00
23.971	S 20545824 -0.44 -0.26 0.00 0.00 HOLD
23.991	>>> V 0.00 0.00
23.992	S 20545844 -0.44 -0.26 0.00 0.00 HOLD
24.011	>>> V 0.00 0.00
24.012	S 20545864 -0.44 -0.26 0.00 0.00 HOLD
24.031	>>> V 0.00 0.00
24.032	S 20545884 -0.44 -0.26 0.00 0.00 HOLD
24.051	>>> V 0.00 0.00
24.052	S 20545904 -0.44 -0.26 0.00 0.00 HOLD
24.070	>>> V 0.00 0.00
24.071	S 20545924 -0.44 -0.26 0.00 0.00 HOLD
24.091	>>> V 0.00 0.00
24.092	S 20545944 -0.44 -0.26 0.00 0.00 HOLD
24.111	>>> V 0.00 0.00
24.112	S 20545964 -0.44 -0.26 0.00 0.00 HOLD
24.131	>>> V 0.00 0.00
24.131	S 20545984 -0.44 -0.26 0.00 0.00 HOLD
24.152	>>> V 0.00 0.00
24.154	S 20546004 -0.44 -0.26 0.00 0.00 HOLD
24.170	>>> V 0.00 0.00
24.172	S 20546024 -0.44 -0.26 0.00 0.00 HOLD
24.192	>>> V 0.00 0.00
24.193	S 20546044 -0.44 -0.26 0.00 0.00 HOLD
24.211	>>> V 0.00 0.00
24.211	S 20546064 -0.44 -0.26 0.00 0.00 HOLD
24.232	>>> V 0.00 0.00
24.233	S 20546084 -0.44 -0.26 0.00 0.00 HOLD
24.251	>>> V 0.00 0.00
24.251	S 20546104 -0.44 -0.26 0.00 0.00 HOLD
24.271	>>> V 0.00 0.00
24.271	S 20546124 -0.44 -0.26 0.00 0.00 HOLD
24.290	>>> V 0.00 0.00
24.292	S 20546144 -0.44 -0.26 0.00 0.00 HOLD
24.310	>>> V 0.00 0.00
24.310	S 20546164 -0.44 -0.26 0.00 0.00 HOLD
24.331	>>> V 0.00 0.00
24.332	S 20546184 -0.44 -0.26 0.00 0.00 HOLD
24.351	>>> V 0.00 0.00
24.353	S 20546204 -0.44 -0.26 0.00 0.00 HOLD
24.370	>>> V 0.00 0.00
24.371	S 20546224 -0.44 -0.26 0.00 0.00 HOLD
24.392	>>> V 0.00 0.00
24.393	S 20546244 -0.44 -0.26 0.00 0.00 HOLD
24.411	>>> V 0.00 0.00
24.411	S 20546264 -0.44 -0.26 0.00 0.00 HOLD
24.431	>>> V 0.00 0.00
24.432	S 20546284 -0.44 -0.26 0.00 0.00 HOLD
24.450	>>> V 0.00 0.00
24.451	S 20546304 -0.44 -0.26 0.00 0.00 HOLD
24.470	>>> V 0.00 0.00
24.471	S 20546324 -0.44 -0.26 0.00 0.00 HOLD
24.491	>>> V 0.00 0.00
24.492	S 20546344 -0.44 -0.26 0.00 0.00 HOLD
24.510	>>> V 0.00 0.00
24.510	S 20546364 -0.44 -0.26 0.00 0.00 HOLD
24.531	>>> V 0.00 0.00
24.531	S 20546384 -0.44 -0.26 0.00 0.00 HOLD
24.550	>>> V 0.00 0.00
24.551	S 20546404 -0.44 -0.26 0.00 0.00 HOLD
24.572	>>> V 0.00 0.00
24.573	S 20546424 -0.44 -0.26 0.00 0.00 HOLD
24.590	>>> V 0.00 0.00
24.591	S 20546444 -0.44 -0.26 0.00 0.00 HOLD
24.611	>>> V 0.00 0.00
24.611	S 20546464 -0.44 -0.26 0.00 0.00 HOLD
24.631	>>> V 0.00 0.00
24.632	S 20546484 -0.44 -0.26 0.00 0.00 HOLD
24.651	>>> V 0.00 0.00
24.651	S 20546504 -0.44 -0.26 0.00 0.00 HOLD
24.672	>>> V 0.00 0.00
24.673	S 20546524 -0.44 -0.26 0.00 0.00 HOLD
24.690	>>> V 0.00 0.00
24.691	S 20546544 -0.44 -0.26 0.00 0.00 HOLD
24.712	>>> V 0.00 0.00
24.712	S 20546564 -0.44 -0.26 0.00 0.00 HOLD
24.731	>>> V 0.00 0.00
24.731	S 20546584 -0.44 -0.26 0.00 0.00 HOLD
24.751	>>> V 0.00 0.00
24.751	S 20546604 -0.44 -0.26 0.00 0.00 HOLD
24.773	>>> V 0.00 0.00
24.773	S 20546624 -0.44 -0.26 0.00 0.00 HOLD
24.791	>>> V 0.00 0.00
24.792	S 20546644 -0.44 -0.26 0.00 0.00 HOLD
24.810	>>> V 0.00 0.00
24.811	S 20546664 -0.44 -0.26 0.00 0.00 HOLD
24.832	>>> V 0.00 0.00
24.832	S 20546684 -0.44 -0.26 0.00 0.00 HOLD
24.851	>>> V 0.00 0.00
24.852	S 20546704 -0.44 -0.26 0.00 0.00 HOLD
24.870	>>> V 0.00 0.00
24.871	S 20546724 -0.44 -0.26 0.00 0.00 HOLD
24.891	>>> V 0.00 0.00
24.892	S 20546744 -0.44 -0.26 0.00 0.00 HOLD
24.910	>>> V 0.00 0.00
24.911	S 20546764 -0.44 -0.26 0.00 0.00 HOLD
24.932	>>> V 0.00 0.00
24.932	S 20546784 -0.44 -0.26 0.00 0.00 HOLD
24.951	>>> V 0.00 0.00
24.951	S 20546804 -0.44 -0.26 0.00 0.00 HOLD
24.973	>>> V 0.00 0.00
24.973	S 20546824 -0.44 -0.26 0.00 0.00 HOLD
24.992	>>> V 0.00 0.00
24.992	S 20546844 -0.44 -0.26 0.00 0.00 HOLD
25.012	>>> V 0.00 0.00
25.012	S 20546864 -0.44 -0.26 0.00 0.00 HOLD
25.030	>>> V 0.00 0.00
25.031	S 20546884 -0.44 -0.26 0.00 0.00 HOLD
25.051	>>> V 0.00 0.00
25.051	S 20546904 -0.44 -0.26 0.00 0.00 HOLD
25.072	>>> V 0.00 0.00
25.072	S 20546924 -0.44 -0.26 0.00 0.00 HOLD
25.090	>>> V 0.00 0.00
25.091	S 20546944 -0.44 -0.26 0.00 0.00 HOLD
25.112	>>> V 0.00 0.00
25.113	S 20546964 -0.44 -0.26 0.00 0.00 HOLD
25.131	>>> V 0.00 0.00
25.132	S 20546984 -0.44 -0.26 0.00 0.00 HOLD
25.152	>>> V 0.00 0.00
25.152	S 20547004 -0.44 -0.26 0.00 0.00 HOLD
25.171	>>> V 0.00 0.00
25.171	S 20547024 -0.44 -0.26 0.00 0.00 HOLD
25.192	>>> V 0.00 0.00
25.192	S 20547044 -0.44 -0.26 0.00 0.00 HOLD
25.210	>>> V 0.00 0.00
25.211	S 20547064 -0.44 -0.26 0.00 0.00 HOLD
25.231	>>> V 0.00 0.00
25.231	S 20547084 -0.44 -0.26 0.00 0.00 HOLD
25.251	>>> V 0.00 0.00
25.252	S 20547104 -0.44 -0.26 0.00 0.00 HOLD
25.270	>>> V 0.00 0.00
25.271	S 20547124 -0.44 -0.26 0.00 0.00 HOLD
25.292	>>> V 0.00 0.00
25.293	S 20547144 -0.44 -0.26 0.00 0.00 HOLD
25.310	>>> V 0.00 0.00
25.310	S 20547164 -0.44 -0.26 0.00 0.00 HOLD
25.331	>>> V 0.00 0.00
25.331	S 20547184 -0.44 -0.26 0.00 0.00 HOLD
25.350	>>> V 0.00 0.00
25.350	S 20547204 -0.44 -0.26 0.00 0.00 HOLD
25.372	>>> V 0.00 0.00
25.374	S 20547224 -0.44 -0.26 0.00 0.00 HOLD
25.390	>>> V 0.00 0.00
25.391	S 20547244 -0.44 -0.26 0.00 0.00 HOLD
25.412	>>> V 0.00 0.00
25.412	S 20547264 -0.44 -0.26 0.00 0.00 HOLD
25.430	>>> V 0.00 0.00
25.431	S 20547284 -0.44 -0.26 0.00 0.00 HOLD
25.451	>>> V 0.00 0.00
25.452	S 20547304 -0.44 -0.26 0.00 0.00 HOLD
25.472	>>> V 0.00 0.00
25.474	S 20547324 -0.44 -0.26 0.00 0.00 HOLD
25.493	>>> V 0.00 0.00
25.493	S 20547344 -0.53 -0.26 0.00 0.00 HOLD
25.510	>>> V 0.00 0.00
25.511	S 20547364 -0.44 -0.26 0.00 0.00 HOLD
25.531	>>> V 0.00 0.00
25.531	S 20547384 -0.44 -0.26 0.00 0.00 HOLD
25.551	>>> V 0.00 0.00
25.551	S 20547404 -0.44 -0.26 0.00 0.00 HOLD
25.570	>>> V 0.00 0.00
25.570	S 20547424 -0.44 -0.26 0.00 0.00 HOLD
25.592	>>> V 0.00 0.00
25.592	S 20547444 -0.44 -0.26 0.00 0.00 HOLD
25.610	>>> V 0.00 0.00
25.611	S 20547464 -0.44 -0.26 0.00 0.00 HOLD
25.631	>>> V 0.00 0.00
25.632	S 20547484 -0.44 -0.26 0.00 0.00 HOLD
25.650	>>> V 0.00 0.00
25.651	S 20547504 -0.44 -0.26 0.00 0.00 HOLD
25.672	>>> V 0.00 0.00
25.673	S 20547524 -0.44 -0.26 0.00 0.00 HOLD
25.690	>>> V 0.00 0.00
25.691	S 20547544 -0.44 -0.26 0.00 0.00 HOLD
25.712	>>> V 0.00 0.00
25.712	S 20547564 -0.44 -0.26 0.00 0.00 HOLD
25.731	>>> V 0.00 0.00
25.731	S 20547584 -0.44 -0.26 0.00 0.00 HOLD
25.752	>>> V 0.00 0.00
25.752	S 20547604 -0.44 -0.26 0.00 0.00 HOLD
25.770	>>> V 0.00 0.00
25.772	S 20547624 -0.44 -0.26 0.00 0.00 HOLD
25.791	>>> V 0.00 0.00
25.792	S 20547644 -0.44 -0.26 0.00 0.00 HOLD
25.811	>>> V 0.00 0.00
25.812	S 20547664 -0.44 -0.26 0.00 0.00 HOLD
25.830	>>> V 0.00 0.00
25.830	S 20547684 -0.44 -0.26 0.00 0.00 HOLD
25.853	>>> V 0.00 0.00
25.854	S 20547704 -0.44 -0.26 0.00 0.00 HOLD
25.870	>>> V 0.00 0.00
25.871	S 20547724 -0.44 -0.26 0.00 0.00 HOLD
25.892	>>> V 0.00 0.00
25.892	S 20547744 -0.44 -0.26 0.00 0.00 HOLD
25.911	>>> V 0.00 0.00
25.911	S 20547764 -0.44 -0.26 0.00 0.00 HOLD
25.932	>>> V 0.00 0.00
25.933	S 20547784 -0.44 -0.26 0.00 0.00 HOLD
25.951	>>> V 0.00 0.00
25.951	S 20547804 -0.44 -0.26 0.00 0.00 HOLD
25.971	>>> V 0.00 0.00
25.972	S 20547824 -0.44 -0.26 0.00 0.00 HOLD
25.990	>>> V 0.00 0.00
25.991	S 20547844 -0.44 -0.26 0.00 0.00 HOLD
26.010	>>> V 0.00 0.00
26.011	S 20547864 -0.44 -0.26 0.00 0.00 HOLD
26.031	>>> V 0.00 0.00
26.032	S 20547884 -0.44 -0.26 0.00 0.00 HOLD
26.050	>>> V 0.00 0.00
26.051	S 20547904 -0.44 -0.26 0.00 0.00 HOLD
26.071	>>> V 0.00 0.00
26.072	S 20547924 -0.44 -0.26 0.00 0.00 HOLD
26.090	>>> V 0.00 0.00
26.091	S 20547944 -0.44 -0.26 0.00 0.00 HOLD
26.112	>>> V 0.00 0.00
26.113	S 20547964 -0.44 -0.26 0.00 0.00 HOLD
26.131	>>> V 0.00 0.00
26.131	S 20547984 -0.44 -0.26 0.00 0.00 HOLD
26.151	>>> V 0.00 0.00
26.152	S 20548004 -0.44 -0.26 0.00 0.00 HOLD
26.170	>>> V 0.00 0.00
26.174	S 20548024 -0.44 -0.26 0.00 0.00 HOLD
26.192	>>> V 0.00 0.00
26.192	S 20548044 -0.44 -0.26 0.00 0.00 HOLD
26.211	>>> V 0.00 0.00
26.211	S 20548064 -0.44 -0.26 0.00 0.00 HOLD
26.231	>>> V 0.00 0.00
26.231	S 20548084 -0.44 -0.26 0.00 0.00 HOLD
26.251	>>> V 0.00 0.00
26.251	S 20548104 -0.44 -0.26 0.00 0.00 HOLD
26.270	>>> V 0.00 0.00
26.271	S 20548124 -0.44 -0.26 0.00 0.00 HOLD
26.291	>>> V 0.00 0.00
26.291	S 20548144 -0.44 -0.26 0.00 0.00 HOLD
26.310	>>> V 0.00 0.00
26.311	S 20548164 -0.44 -0.26 0.00 0.00 HOLD
26.331	>>> V 0.00 0.00
26.331	S 20548184 -0.44 -0.26 0.00 0.00 HOLD
26.351	>>> V 0.00 0.00
26.351	S 20548204 -0.44 -0.26 0.00 0.00 HOLD
26.371	>>> V 0.00 0.00
26.371	S 20548224 -0.44 -0.26 0.00 0.00 HOLD
26.390	>>> V 0.00 0.00
26.393	S 20548244 -0.44 -0.26 0.00 0.00 HOLD
26.410	>>> V 0.00 0.00
26.412	S 20548264 -0.44 -0.26 0.00 0.00 HOLD
26.432	>>> V 0.00 0.00
26.434	S 20548284 -0.44 -0.26 0.00 0.00 HOLD
26.451	>>> V 0.00 0.00
26.452	S 20548304 -0.44 -0.26 0.00 0.00 HOLD
26.471	>>> V 0.00 0.00
26.472	S 20548324 -0.44 -0.26 0.00 0.00 HOLD
26.490	>>> V 0.00 0.00
26.491	S 20548344 -0.44 -0.26 0.00 0.00 HOLD
26.511	>>> V 0.00 0.00
26.511	S 20548364 -0.44 -0.26 0.00 0.00 HOLD
26.531	>>> V 0.00 0.00
26.532	S 20548384 -0.44 -0.26 0.00 0.00 HOLD
26.551	>>> V 0.00 0.00
26.551	S 20548404 -0.44 -0.26 0.00 0.00 HOLD
26.572	>>> V 0.00 0.00
26.573	S 20548424 -0.44 -0.26 0.00 0.00 HOLD
26.591	>>> V 0.00 0.00
26.591	S 20548444 -0.44 -0.26 0.00 0.00 HOLD
26.612	>>> V 0.00 0.00
26.612	S 20548464 -0.44 -0.26 0.00 0.00 HOLD
26.631	>>> V 0.00 0.00
26.632	S 20548484 -0.44 -0.26 0.00 0.00 HOLD
26.652	>>> V 0.00 0.00
26.653	S 20548504 -0.44 -0.26 0.00 0.00 HOLD
26.670	>>> V 0.00 0.00
26.671	S 20548524 -0.44 -0.26 0.00 0.00 HOLD
26.692	>>> V 0.00 0.00
26.692	S 20548544 -0.44 -0.26 0.00 0.00 HOLD
26.711	>>> V 0.00 0.00
26.712	S 20548564 -0.44 -0.26 0.00 0.00 HOLD
26.730	>>> V 0.00 0.00
26.731	S 20548584 -0.44 -0.26 0.00 0.00 HOLD
26.751	>>> V 0.00 0.00
26.752	S 20548604 -0.44 -0.26 0.00 0.00 HOLD
26.770	>>> V 0.00 0.00
26.771	S 20548624 -0.44 -0.26 0.00 0.00 HOLD
26.793	>>> V 0.00 0.00
26.793	S 20548644 -0.44 -0.26 0.00 0.00 HOLD
26.811	>>> V 0.00 0.00
26.811	S 20548664 -0.44 -0.26 0.00 0.00 HOLD
26.830	>>> V 0.00 0.00
26.835	S 20548684 -0.44 -0.26 0.00 0.00 HOLD
26.851	>>> V 0.00 0.00
26.852	S 20548704 -0.44 -0.26 0.00 0.00 HOLD
26.871	>>> V 0.00 0.00
26.872	S 20548724 -0.44 -0.26 0.00 0.00 HOLD
26.890	>>> V 0.00 0.00
26.891	S 20548744 -0.44 -0.26 0.00 0.00 HOLD
26.911	>>> V 0.00 0.00
26.912	S 20548764 -0.44 -0.26 0.00 0.00 HOLD
26.930	>>> V 0.00 0.00
26.931	S 20548784 -0.44 -0.26 0.00 0.00 HOLD
26.953	>>> V 0.00 0.00
26.953	S 20548804 -0.44 -0.26 0.00 0.00 HOLD
26.970	>>> V 0.00 0.00
26.971	S 20548824 -0.44 -0.26 0.00 0.00 HOLD
26.993	>>> V 0.00 0.00
26.994	S 20548844 -0.44 -0.26 0.00 0.00 HOLD
27.011	>>> V 0.00 0.00
27.011	S 20548864 -0.44 -0.26 0.00 0.00 HOLD
27.031	>>> V 0.00 0.00
27.031	S 20548884 -0.44 -0.26 0.00 0.00 HOLD
27.050	>>> V 0.00 0.00
27.051	S 20548904 -0.44 -0.26 0.00 0.00 HOLD
27.070	>>> V 0.00 0.00
27.071	S 20548924 -0.44 -0.26 0.00 0.00 HOLD
27.091	>>> V 0.00 0.00
27.091	S 20548944 -0.44 -0.26 0.00 0.00 HOLD
27.110	>>> V 0.00 0.00
27.111	S 20548964 -0.44 -0.26 0.00 0.00 HOLD
27.132	>>> V 0.00 0.00
27.133	S 20548984 -0.44 -0.26 0.00 0.00 HOLD
27.151	>>> V 0.00 0.00
27.152	S 20549004 -0.44 -0.26 0.00 0.00 HOLD
27.175	>>> V 0.00 0.00
27.175	S 20549024 -0.44 -0.26 0.00 0.00 HOLD
27.193	>>> V 0.00 0.00
27.194	S 20549044 -0.44 -0.26 0.00 0.00 HOLD
27.210	>>> V 0.00 0.00
27.210	S 20549064 -0.44 -0.26 0.00 0.00 HOLD
27.230	>>> V 0.00 0.00
27.230	S 20549084 -0.44 -0.26 0.00 0.00 HOLD
27.253	>>> V 0.00 0.00
27.253	S 20549104 -0.44 -0.26 0.00 0.00 HOLD
27.271	>>> V 0.00 0.00
27.271	S 20549124 -0.44 -0.26 0.00 0.00 HOLD
27.290	>>> V 0.00 0.00
27.291	S 20549144 -0.44 -0.26 0.00 0.00 HOLD
27.310	>>> V 0.00 0.00
27.311	S 20549164 -0.44 -0.26 0.00 0.00 HOLD
27.330	>>> V 0.00 0.00
27.331	S 20549184 -0.44 -0.26 0.00 0.00 HOLD
27.350	>>> V 0.00 0.00
27.352	S 20549204 -0.44 -0.26 0.00 0.00 HOLD
27.370	>>> V 0.00 0.00
27.371	S 20549224 -0.44 -0.26 0.00 0.00 HOLD
27.391	>>> V 0.00 0.00
27.392	S 20549244 -0.44 -0.26 0.00 0.00 HOLD
27.411	>>> V 0.00 0.00
27.411	S 20549264 -0.44 -0.26 0.00 0.00 HOLD
27.430	>>> V 0.00 0.00
27.431	S 20549284 -0.44 -0.26 0.00 0.00 HOLD
27.451	>>> V 0.00 0.00
27.451	S 20549304 -0.44 -0.26 0.00 0.00 HOLD
27.471	>>> V 0.00 0.00
27.472	S 20549324 -0.44 -0.26 0.00 0.00 HOLD
27.492	>>> V 0.00 0.00
27.492	S 20549344 -0.44 -0.26 0.00 0.00 HOLD
27.510	>>> V 0.00 0.00
27.511	S 20549364 -0.44 -0.26 0.00 0.00 HOLD
27.531	>>> V 0.00 0.00
27.531	S 20549384 -0.44 -0.26 0.00 0.00 HOLD
27.553	>>> V 0.00 0.00
27.555	S 20549404 -0.44 -0.26 0.00 0.00 HOLD
27.570	>>> V 0.00 0.00
27.571	S 20549424 -0.44 -0.26 0.00 0.00 HOLD
27.590	>>> V 0.00 0.00
27.591	S 20549444 -0.44 -0.26 0.00 0.00 HOLD
27.610	>>> V 0.00 0.00
27.611	S 20549464 -0.44 -0.26 0.00 0.00 HOLD
27.632	>>> V 0.00 0.00
27.633	S 20549484 -0.44 -0.26 0.00 0.00 HOLD
27.650	>>> V 0.00 0.00
27.652	S 20549504 -0.44 -0.26 0.00 0.00 HOLD
27.672	>>> V 0.00 0.00
27.672	S 20549524 -0.44 -0.26 0.00 0.00 HOLD
27.691	>>> V 0.00 0.00
27.691	S 20549544 -0.44 -0.26 0.00 0.00 HOLD
27.710	>>> V 0.00 0.00
27.711	S 20549564 -0.44 -0.26 0.00 0.00 HOLD
27.734	>>> V 0.00 0.00
27.734	S 20549584 -0.44 -0.26 0.00 0.00 HOLD
27.751	>>> V 0.00 0.00
27.751	S 20549604 -0.44 -0.26 0.00 0.00 HOLD
27.771	>>> V 0.00 0.00
27.771	S 20549624 -0.44 -0.26 0.00 0.00 HOLD
27.790	>>> V 0.00 0.00
27.791	S 20549644 -0.44 -0.26 0.00 0.00 HOLD
27.810	>>> V 0.00 0.00
27.811	S 20549664 -0.44 -0.26 0.00 0.00 HOLD
27.834	>>> V 0.00 0.00
27.835	S 20549684 -0.44 -0.26 0.00 0.00 HOLD
27.851	>>> V 0.00 0.00
27.851	S 20549704 -0.44 -0.26 0.00 0.00 HOLD
27.875	>>> V 0.00 0.00
27.876	S 20549724 -0.44 -0.26 0.00 0.00 HOLD
27.891	>>> V 0.00 0.00
27.891	S 20549744 -0.44 -0.26 0.00 0.00 HOLD
27.911	>>> V 0.00 0.00
27.911	S 20549764 -0.44 -0.26 0.00 0.00 HOLD
27.931	>>> V 0.00 0.00
27.932	S 20549784 -0.44 -0.26 0.00 0.00 HOLD
27.950	>>> V 0.00 0.00
27.951	S 20549804 -0.44 -0.26 0.00 0.00 HOLD
27.975	>>> V 0.00 0.00
27.975	S 20549824 -0.44 -0.26 0.00 0.00 HOLD
27.991	>>> V 0.00 0.00
27.992	S 20549844 -0.44 -0.26 0.00 0.00 HOLD
28.012	>>> V 0.00 0.00
28.013	S 20549864 -0.44 -0.26 0.00 0.00 HOLD
28.031	>>> V 0.00 0.00
28.031	S 20549885 -0.44 -0.26 0.00 0.00 HOLD
28.051	>>> V 0.00 0.00
28.051	S 20549905 -0.44 -0.26 0.00 0.00 HOLD
28.073	>>> V 0.00 0.00
28.074	S 20549925 -0.44 -0.26 0.00 0.00 HOLD
28.094	>>> V 0.00 0.00
28.094	S 20549945 -0.44 -0.26 0.00 0.00 HOLD
28.112	>>> V 0.00 0.00
28.112	S 20549965 -0.44 -0.26 0.00 0.00 HOLD
28.131	>>> V 0.00 0.00
28.132	S 20549985 -0.44 -0.26 0.00 0.00 HOLD
28.151	>>> V 0.00 0.00
28.151	S 20550005 -0.44 -0.26 0.00 0.00 HOLD
28.171	>>> V 0.00 0.00
28.172	S 20550025 -0.44 -0.26 0.00 0.00 HOLD
28.191	>>> V 0.00 0.00
28.191	S 20550045 -0.44 -0.26 0.00 0.00 HOLD
28.214	>>> V 0.00 0.00
28.214	S 20550065 -0.44 -0.26 0.00 0.00 HOLD
28.232	>>> V 0.00 0.00
28.232	S 20550085 -0.44 -0.26 0.00 0.00 HOLD
28.251	>>> V 0.00 0.00
28.252	S 20550105 -0.44 -0.26 0.00 0.00 HOLD
28.271	>>> V 0.00 0.00
28.274	S 20550125 -0.44 -0.26 0.00 0.00 HOLD
28.292	>>> V 0.00 0.00
28.293	S 20550145 -0.44 -0.26 0.00 0.00 HOLD
28.312	>>> V 0.00 0.00
28.312	S 20550165 -0.44 -0.26 0.00 0.00 HOLD
28.332	>>> V 0.00 0.00
28.332	S 20550185 -0.44 -0.26 0.00 0.00 HOLD
28.353	>>> V 0.00 0.00
28.354	S 20550205 -0.44 -0.26 0.00 0.00 HOLD
28.374	>>> V 0.00 0.00
28.374	S 20550225 -0.44 -0.26 0.00 0.00 HOLD
28.391	>>> V 0.00 0.00
28.391	S 20550245 -0.44 -0.26 0.00 0.00 HOLD
28.413	>>> V 0.00 0.00
28.414	S 20550265 -0.44 -0.26 0.00 0.00 HOLD
28.430	>>> V 0.00 0.00
28.431	S 20550285 -0.44 -0.26 0.00 0.00 HOLD
28.452	>>> V 0.00 0.00
28.452	S 20550305 -0.44 -0.26 0.00 0.00 HOLD
28.472	>>> V 0.00 0.00
28.473	S 20550325 -0.44 -0.26 0.00 0.00 HOLD
28.491	>>> V 0.00 0.00
28.491	S 20550345 -0.44 -0.26 0.00 0.00 HOLD
28.512	>>> V 0.00 0.00
28.513	S 20550365 -0.44 -0.26 0.00 0.00 HOLD
28.531	>>> V 0.00 0.00
28.531	S 20550385 -0.44 -0.26 0.00 0.00 HOLD
28.556	>>> V 0.00 0.00
28.557	S 20550405 -0.44 -0.26 0.00 0.00 HOLD
28.571	>>> V 0.00 0.00
28.571	S 20550425 -0.44 -0.26 0.00 0.00 HOLD
28.591	>>> V 0.00 0.00
28.591	S 20550445 -0.44 -0.26 0.00 0.00 HOLD
28.614	>>> V 0.00 0.00
28.615	S 20550465 -0.53 -0.26 0.00 0.00 HOLD
28.632	>>> V 0.00 0.00
28.633	S 20550485 -0.44 -0.26 0.00 0.00 HOLD
28.651	>>> V 0.00 0.00
28.652	S 20550505 -0.44 -0.26 0.00 0.00 HOLD
28.671	>>> V 0.00 0.00
28.671	S 20550525 -0.44 -0.26 0.00 0.00 HOLD
28.691	>>> V 0.00 0.00
28.691	S 20550545 -0.44 -0.26 0.00 0.00 HOLD
28.712	>>> V 0.00 0.00
28.712	S 20550565 -0.44 -0.26 0.00 0.00 HOLD
28.731	>>> V 0.00 0.00
28.731	S 20550585 -0.44 -0.26 0.00 0.00 HOLD
28.751	>>> V 0.00 0.00
28.752	S 20550605 -0.44 -0.26 0.00 0.00 HOLD
28.771	>>> V 0.00 0.00
28.771	S 20550625 -0.44 -0.26 0.00 0.00 HOLD
28.791	>>> V 0.00 0.00
28.791	S 20550645 -0.44 -0.26 0.00 0.00 HOLD
28.811	>>> V 0.00 0.00
28.812	S 20550665 -0.44 -0.26 0.00 0.00 HOLD
28.831	>>> V 0.00 0.00
28.831	S 20550685 -0.44 -0.26 0.00 0.00 HOLD
28.854	>>> V 0.00 0.00
28.854	S 20550705 -0.44 -0.26 0.00 0.00 HOLD
28.871	>>> V 0.00 0.00
28.871	S 20550725 -0.44 -0.26 0.00 0.00 HOLD
28.891	>>> V 0.00 0.00
28.892	S 20550745 -0.44 -0.26 0.00 0.00 HOLD
28.910	>>> V 0.00 0.00
28.914	S 20550765 -0.44 -0.26 0.00 0.00 HOLD
28.931	>>> V 0.00 0.00
28.931	S 20550785 -0.44 -0.26 0.00 0.00 HOLD
28.951	>>> V 0.00 0.00
28.952	S 20550805 -0.44 -0.26 0.00 0.00 HOLD
28.974	>>> V 0.00 0.00
28.977	S 20550825 -0.44 -0.26 0.00 0.00 HOLD
28.992	>>> V 0.00 0.00
28.993	S 20550845 -0.44 -0.26 0.00 0.00 HOLD
29.011	>>> V 0.00 0.00
29.015	S 20550865 -0.44 -0.26 0.00 0.00 HOLD
29.030	>>> V 0.00 0.00
29.031	S 20550885 -0.44 -0.26 0.00 0.00 HOLD
29.051	>>> V 0.00 0.00
29.051	S 20550905 -0.44 -0.26 0.00 0.00 HOLD
29.071	>>> V 0.00 0.00
29.071	S 20550925 -0.44 -0.26 0.00 0.00 HOLD
29.091	>>> V 0.00 0.00
29.092	S 20550945 -0.44 -0.26 0.00 0.00 HOLD
29.110	>>> V 0.00 0.00
29.111	S 20550965 -0.44 -0.26 0.00 0.00 HOLD
29.130	>>> V 0.00 0.00
29.131	S 20550985 -0.44 -0.26 0.00 0.00 HOLD
29.153	>>> V 0.00 0.00
29.155	S 20551005 -0.44 -0.26 0.00 0.00 HOLD
29.170	>>> V 0.00 0.00
29.170	S 20551025 -0.44 -0.26 0.00 0.00 HOLD
29.192	>>> V 0.00 0.00
29.192	S 20551045 -0.44 -0.26 0.00 0.00 HOLD
29.211	>>> V 0.00 0.00
29.211	S 20551065 -0.44 -0.26 0.00 0.00 HOLD
29.230	>>> V 0.00 0.00
29.231	S 20551085 -0.44 -0.26 0.00 0.00 HOLD
29.250	>>> V 0.00 0.00
29.251	S 20551105 -0.44 -0.26 0.00 0.00 HOLD
29.271	>>> V 0.00 0.00
29.271	S 20551125 -0.44 -0.26 0.00 0.00 HOLD
29.291	>>> V 0.00 0.00
29.291	S 20551145 -0.44 -0.26 0.00 0.00 HOLD
29.310	>>> V 0.00 0.00
29.311	S 20551165 -0.44 -0.26 0.00 0.00 HOLD
29.331	>>> V 0.00 0.00
29.332	S 20551185 -0.44 -0.26 0.00 0.00 HOLD
29.351	>>> V 0.00 0.00
29.351	S 20551205 -0.44 -0.26 0.00 0.00 HOLD
29.371	>>> V 0.00 0.00
29.372	S 20551225 -0.44 -0.26 0.00 0.00 HOLD
29.391	>>> V 0.00 0.00
29.393	S 20551245 -0.44 -0.26 0.00 0.00 HOLD
29.410	>>> V 0.00 0.00
29.411	S 20551265 -0.44 -0.26 0.00 0.00 HOLD
29.432	>>> V 0.00 0.00
29.433	S 20551285 -0.44 -0.26 0.00 0.00 HOLD
29.450	>>> V 0.00 0.00
29.451	S 20551305 -0.44 -0.26 0.00 0.00 HOLD
29.470	>>> V 0.00 0.00
29.471	S 20551325 -0.44 -0.26 0.00 0.00 HOLD
29.491	>>> V 0.00 0.00
29.493	S 20551345 -0.44 -0.26 0.00 0.00 HOLD
29.510	>>> V 0.00 0.00
29.511	S 20551365 -0.44 -0.26 0.00 0.00 HOLD
29.532	>>> V 0.00 0.00
29.533	S 20551385 -0.44 -0.26 0.00 0.00 HOLD
29.551	>>> V 0.00 0.00
29.551	S 20551405 -0.44 -0.26 0.00 0.00 HOLD
29.571	>>> V 0.00 0.00
29.571	S 20551425 -0.44 -0.26 0.00 0.00 HOLD
29.592	>>> V 0.00 0.00
29.594	S 20551445 -0.44 -0.26 0.00 0.00 HOLD
29.611	>>> V 0.00 0.00
29.612	S 20551465 -0.44 -0.26 0.00 0.00 HOLD
29.630	>>> V 0.00 0.00
29.631	S 20551485 -0.44 -0.26 0.00 0.00 HOLD
29.651	>>> V 0.00 0.00
29.651	S 20551505 -0.44 -0.26 0.00 0.00 HOLD
29.671	>>> V 0.00 0.00
29.671	S 20551525 -0.44 -0.26 0.00 0.00 HOLD
29.694	>>> V 0.00 0.00
29.694	S 20551545 -0.44 -0.26 0.00 0.00 HOLD
29.711	>>> V 0.00 0.00
29.711	S 20551565 -0.44 -0.26 0.00 0.00 HOLD
29.731	>>> V 0.00 0.00
29.731	S 20551585 -0.44 -0.26 0.00 0.00 HOLD
29.751	>>> V 0.00 0.00
29.752	S 20551605 -0.53 -0.26 0.00 0.00 HOLD
29.771	>>> V 0.00 0.00
29.771	S 20551625 -0.44 -0.26 0.00 0.00 HOLD
29.791	>>> V 0.00 0.00
29.793	S 20551645 -0.44 -0.26 0.00 0.00 HOLD
29.811	>>> V 0.00 0.00
29.811	S 20551665 -0.44 -0.26 0.00 0.00 HOLD
29.830	>>> V 0.00 0.00
29.831	S 20551685 -0.44 -0.26 0.00 0.00 HOLD
29.850	>>> V 0.00 0.00
29.855	S 20551705 -0.44 -0.26 0.00 0.00 HOLD
29.870	>>> V 0.00 0.00
29.871	S 20551725 -0.44 -0.26 0.00 0.00 HOLD
29.894	>>> V 0.00 0.00
29.894	S 20551745 -0.44 -0.26 0.00 0.00 HOLD
29.911	>>> V 0.00 0.00
29.911	S 20551765 -0.44 -0.26 0.00 0.00 HOLD
29.935	>>> V 0.00 0.00
29.937	S 20551785 -0.44 -0.26 0.00 0.00 HOLD
29.951	>>> V 0.00 0.00
29.952	S 20551805 -0.44 -0.26 0.00 0.00 HOLD
29.970	>>> V 0.00 0.00
29.971	S 20551825 -0.44 -0.26 0.00 0.00 HOLD
29.991	>>> V 0.00 0.00
29.993	S 20551845 -0.44 -0.26 0.00 0.00 HOLD
30.010	>>> V 0.00 0.00
30.011	S 20551865 -0.44 -0.26 0.00 0.00 HOLD
30.030	>>> V 0.00 0.00
30.031	S 20551885 -0.44 -0.26 0.00 0.00 HOLD
30.050	>>> V 0.00 0.00
30.051	S 20551905 -0.44 -0.26 0.00 0.00 HOLD
30.070	>>> V 0.00 0.00
30.071	S 20551925 -0.44 -0.26 0.00 0.00 HOLD
30.094	>>> V 0.00 0.00
30.095	S 20551945 -0.44 -0.26 0.00 0.00 HOLD
30.110	>>> V 0.00 0.00
30.111	S 20551965 -0.44 -0.26 0.00 0.00 HOLD
30.131	>>> V 0.00 0.00
30.132	S 20551985 -0.44 -0.26 0.00 0.00 HOLD
30.150	>>> V 0.00 0.00
30.153	S 20552005 -0.44 -0.26 0.00 0.00 HOLD
30.170	>>> V 0.00 0.00
30.171	S 20552025 -0.44 -0.26 0.00 0.00 HOLD
30.194	>>> V 0.00 0.00
30.194	S 20552045 -0.44 -0.26 0.00 0.00 HOLD
30.210	>>> V 0.00 0.00
30.211	S 20552065 -0.44 -0.26 0.00 0.00 HOLD
30.231	>>> V 0.00 0.00
30.233	S 20552085 -0.44 -0.26 0.00 0.00 HOLD
30.250	>>> V 0.00 0.00
30.251	S 20552105 -0.44 -0.26 0.00 0.00 HOLD
30.272	>>> V 0.00 0.00
30.273	S 20552125 -0.44 -0.26 0.00 0.00 HOLD
30.291	>>> V 0.00 0.00
30.293	S 20552145 -0.44 -0.26 0.00 0.00 HOLD
30.311	>>> V 0.00 0.00
30.311	S 20552165 -0.44 -0.26 0.00 0.00 HOLD
30.332	>>> V 0.00 0.00
30.333	S 20552185 -0.44 -0.26 0.00 0.00 HOLD
30.351	>>> V 0.00 0.00
30.351	S 20552205 -0.44 -0.26 0.00 0.00 HOLD
30.373	>>> V 0.00 0.00
30.374	S 20552225 -0.44 -0.26 0.00 0.00 HOLD
30.391	>>> V 0.00 0.00
30.391	S 20552245 -0.44 -0.26 0.00 0.00 HOLD
30.410	>>> V 0.00 0.00
30.411	S 20552265 -0.44 -0.26 0.00 0.00 HOLD
30.431	>>> V 0.00 0.00
30.432	S 20552285 -0.44 -0.26 0.00 0.00 HOLD
30.451	>>> V 0.00 0.00
30.452	S 20552305 -0.44 -0.26 0.00 0.00 HOLD
30.471	>>> V 0.00 0.00
30.471	S 20552325 -0.44 -0.26 0.00 0.00 HOLD
30.492	>>> V 0.00 0.00
30.494	S 20552345 -0.44 -0.26 0.00 0.00 HOLD
30.511	>>> V 0.00 0.00
30.512	S 20552365 -0.44 -0.26 0.00 0.00 HOLD
30.531	>>> V 0.00 0.00
30.532	S 20552385 -0.44 -0.26 0.00 0.00 HOLD
30.553	>>> V 0.00 0.00
30.553	S 20552405 -0.44 -0.26 0.00 0.00 HOLD
30.570	>>> V 0.00 0.00
30.571	S 20552425 -0.44 -0.26 0.00 0.00 HOLD
30.594	>>> V 0.00 0.00
30.595	S 20552445 -0.53 -0.26 0.00 0.00 HOLD
30.611	>>> V 0.00 0.00
30.612	S 20552465 -0.44 -0.26 0.00 0.00 HOLD
30.632	>>> V 0.00 0.00
30.632	S 20552485 -0.44 -0.26 0.00 0.00 HOLD
30.651	>>> V 0.00 0.00
30.651	S 20552505 -0.44 -0.26 0.00 0.00 HOLD
30.671	>>> V 0.00 0.00
30.671	S 20552525 -0.44 -0.26 0.00 0.00 HOLD
30.691	>>> V 0.00 0.00
30.694	S 20552545 -0.44 -0.26 0.00 0.00 HOLD
30.711	>>> V 0.00 0.00
30.712	S 20552565 -0.44 -0.26 0.00 0.00 HOLD
30.732	>>> V 0.00 0.00
30.733	S 20552585 -0.44 -0.26 0.00 0.00 HOLD
30.751	>>> V 0.00 0.00
30.752	S 20552605 -0.44 -0.26 0.00 0.00 HOLD
30.771	>>> V 0.00 0.00
30.772	S 20552625 -0.53 -0.26 0.00 0.00 HOLD
30.792	>>> V 0.00 0.00
30.793	S 20552645 -0.44 -0.26 0.00 0.00 HOLD
30.812	>>> V 0.00 0.00
30.812	S 20552665 -0.44 -0.26 0.00 0.00 HOLD
30.834	>>> V 0.00 0.00
30.835	S 20552685 -0.44 -0.26 0.00 0.00 HOLD
30.851	>>> V 0.00 0.00
30.851	S 20552705 -0.44 -0.26 0.00 0.00 HOLD
30.873	>>> V 0.00 0.00
30.873	S 20552725 -0.44 -0.26 0.00 0.00 HOLD
30.893	>>> V 0.00 0.00
30.893	S 20552745 -0.44 -0.26 0.00 0.00 HOLD
30.911	>>> V 0.00 0.00
30.911	S 20552765 -0.44 -0.26 0.00 0.00 HOLD
30.933	>>> V 0.00 0.00
30.934	S 20552785 -0.44 -0.26 0.00 0.00 HOLD
30.951	>>> V 0.00 0.00
30.952	S 20552805 -0.44 -0.26 0.00 0.00 HOLD
30.970	>>> V 0.00 0.00
30.971	S 20552825 -0.44 -0.26 0.00 0.00 HOLD
30.990	>>> V 0.00 0.00
30.993	S 20552845 -0.44 -0.26 0.00 0.00 HOLD
31.011	>>> V 0.00 0.00
31.011	S 20552865 -0.44 -0.26 0.00 0.00 HOLD
31.031	>>> V 0.00 0.00
31.032	S 20552885 -0.44 -0.26 0.00 0.00 HOLD
31.050	>>> V 0.00 0.00
31.052	S 20552905 -0.44 -0.26 0.00 0.00 HOLD
31.070	>>> V 0.00 0.00
31.071	S 20552925 -0.44 -0.26 0.00 0.00 HOLD
31.094	>>> V 0.00 0.00
31.096	S 20552945 -0.44 -0.26 0.00 0.00 HOLD
31.111	>>> V 0.00 0.00
31.111	S 20552965 -0.44 -0.26 0.00 0.00 HOLD
31.134	>>> V 0.00 0.00
31.134	S 20552985 -0.44 -0.26 0.00 0.00 HOLD
31.151	>>> V 0.00 0.00
31.151	S 20553005 -0.44 -0.26 0.00 0.00 HOLD
31.171	>>> V 0.00 0.00
31.171	S 20553025 -0.44 -0.26 0.00 0.00 HOLD
31.190	>>> V 0.00 0.00
31.191	S 20553045 -0.44 -0.26 0.00 0.00 HOLD
31.212	>>> V 0.00 0.00
31.212	S 20553065 -0.44 -0.26 0.00 0.00 HOLD
31.231	>>> V 0.00 0.00
31.231	S 20553085 -0.44 -0.26 0.00 0.00 HOLD
31.250	>>> V 0.00 0.00
31.251	S 20553105 -0.44 -0.26 0.00 0.00 HOLD
31.271	>>> V 0.00 0.00
31.271	S 20553125 -0.44 -0.26 0.00 0.00 HOLD
31.291	>>> V 0.00 0.00
31.291	S 20553145 -0.44 -0.26 0.00 0.00 HOLD
31.311	>>> V 0.00 0.00
31.311	S 20553165 -0.44 -0.26 0.00 0.00 HOLD
31.330	>>> V 0.00 0.00
31.331	S 20553185 -0.44 -0.26 0.00 0.00 HOLD
31.351	>>> V 0.00 0.00
31.351	S 20553205 -0.44 -0.26 0.00 0.00 HOLD
31.371	>>> V 0.00 0.00
31.371	S 20553225 -0.44 -0.26 0.00 0.00 HOLD
31.392	>>> V 0.00 0.00
31.392	S 20553245 -0.44 -0.26 0.00 0.00 HOLD
31.410	>>> V 0.00 0.00
31.411	S 20553265 -0.44 -0.26 0.00 0.00 HOLD
31.431	>>> V 0.00 0.00
31.431	S 20553285 -0.44 -0.26 0.00 0.00 HOLD
31.456	>>> V 0.00 0.00
31.458	S 20553305 -0.44 -0.26 0.00 0.00 HOLD
31.471	>>> V 0.00 0.00
31.472	S 20553325 -0.44 -0.26 0.00 0.00 HOLD
31.491	>>> V 0.00 0.00
31.491	S 20553345 -0.44 -0.26 0.00 0.00 HOLD
31.512	>>> V 0.00 0.00
31.513	S 20553365 -0.44 -0.26 0.00 0.00 HOLD
31.530	>>> V 0.00 0.00
31.532	S 20553385 -0.44 -0.26 0.00 0.00 HOLD
31.552	>>> V 0.00 0.00
31.553	S 20553405 -0.44 -0.26 0.00 0.00 HOLD
31.570	>>> V 0.00 0.00
31.571	S 20553425 -0.44 -0.26 0.00 0.00 HOLD
31.591	>>> V 0.00 0.00
31.591	S 20553445 -0.44 -0.26 0.00 0.00 HOLD
31.611	>>> V 0.00 0.00
31.611	S 20553465 -0.44 -0.26 0.00 0.00 HOLD
31.630	>>> V 0.00 0.00
31.631	S 20553485 -0.44 -0.26 0.00 0.00 HOLD
31.651	>>> V 0.00 0.00
31.654	S 20553505 -0.44 -0.26 0.00 0.00 HOLD
31.670	>>> V 0.00 0.00
31.671	S 20553525 -0.44 -0.26 0.00 0.00 HOLD
31.691	>>> V 0.00 0.00
31.691	S 20553545 -0.44 -0.26 0.00 0.00 HOLD
31.710	>>> V 0.00 0.00
31.711	S 20553565 -0.44 -0.26 0.00 0.00 HOLD
31.731	>>> V 0.00 0.00
31.732	S 20553585 -0.44 -0.26 0.00 0.00 HOLD
31.751	>>> V 0.00 0.00
31.751	S 20553605 -0.44 -0.26 0.00 0.00 HOLD
31.774	>>> V 0.00 0.00
31.775	S 20553625 -0.44 -0.26 0.00 0.00 HOLD
31.790	>>> V 0.00 0.00
31.792	S 20553645 -0.44 -0.26 0.00 0.00 HOLD
31.812	>>> V 0.00 0.00
31.812	S 20553665 -0.44 -0.26 0.00 0.00 HOLD
31.831	>>> V 0.00 0.00
31.831	S 20553685 -0.44 -0.26 0.00 0.00 HOLD
31.852	>>> V 0.00 0.00
31.853	S 20553705 -0.44 -0.26 0.00 0.00 HOLD
31.871	>>> V 0.00 0.00
31.871	S 20553725 -0.44 -0.26 0.00 0.00 HOLD
31.891	>>> V 0.00 0.00
31.894	S 20553745 -0.44 -0.26 0.00 0.00 HOLD
31.911	>>> V 0.00 0.00
31.912	S 20553765 -0.44 -0.26 0.00 0.00 HOLD
31.932	>>> V 0.00 0.00
31.932	S 20553785 -0.44 -0.26 0.00 0.00 HOLD
31.951	>>> V 0.00 0.00
31.951	S 20553805 -0.44 -0.26 0.00 0.00 HOLD
31.971	>>> V 0.00 0.00
31.971	S 20553825 -0.44 -0.26 0.00 0.00 HOLD
31.991	>>> V 0.00 0.00
31.991	S 20553845 -0.44 -0.26 0.00 0.00 HOLD
32.011	>>> V 0.00 0.00
32.011	S 20553865 -0.44 -0.26 0.00 0.00 HOLD
32.031	>>> V 0.00 0.00
32.034	S 20553885 -0.44 -0.26 0.00 0.00 HOLD
32.050	>>> V 0.00 0.00
32.051	S 20553905 -0.44 -0.26 0.00 0.00 HOLD
32.071	>>> V 0.00 0.00
32.072	S 20553925 -0.44 -0.26 0.00 0.00 HOLD
32.090	>>> V 0.00 0.00
32.091	S 20553945 -0.44 -0.26 0.00 0.00 HOLD
32.113	>>> V 0.00 0.00
32.113	S 20553965 -0.44 -0.26 0.00 0.00 HOLD
32.130	>>> V 0.00 0.00
32.131	S 20553985 -0.44 -0.26 0.00 0.00 HOLD
32.152	>>> V 0.00 0.00
32.153	S 20554005 -0.44 -0.26 0.00 0.00 HOLD
32.171	>>> V 0.00 0.00
32.171	S 20554025 -0.44 -0.26 0.00 0.00 HOLD
32.191	>>> V 0.00 0.00
32.192	S 20554045 -0.44 -0.26 0.00 0.00 HOLD
32.211	>>> V 0.00 0.00
32.212	S 20554065 -0.44 -0.26 0.00 0.00 HOLD
32.231	>>> V 0.00 0.00
32.232	S 20554085 -0.44 -0.26 0.00 0.00 HOLD
32.251	>>> V 0.00 0.00
32.251	S 20554105 -0.44 -0.26 0.00 0.00 HOLD
32.270	>>> V 0.00 0.00
32.271	S 20554125 -0.44 -0.26 0.00 0.00 HOLD
32.291	>>> V 0.00 0.00
32.291	S 20554145 -0.44 -0.26 0.00 0.00 HOLD
32.310	>>> V 0.00 0.00
32.310	S 20554165 -0.44 -0.26 0.00 0.00 HOLD
32.332	>>> V 0.00 0.00
32.333	S 20554185 -0.44 -0.26 0.00 0.00 HOLD
32.350	>>> V 0.00 0.00
32.351	S 20554205 -0.44 -0.26 0.00 0.00 HOLD
32.371	>>> V 0.00 0.00
32.373	S 20554225 -0.44 -0.26 0.00 0.00 HOLD
32.393	>>> V 0.00 0.00
32.393	S 20554245 -0.44 -0.26 0.00 0.00 HOLD
32.413	>>> V 0.00 0.00
32.413	S 20554265 -0.44 -0.26 0.00 0.00 HOLD
32.431	>>> V 0.00 0.00
32.431	S 20554285 -0.44 -0.26 0.00 0.00 HOLD
32.451	>>> V 0.00 0.00
32.451	S 20554305 -0.44 -0.26 0.00 0.00 HOLD
32.470	>>> V 0.00 0.00
32.471	S 20554325 -0.44 -0.26 0.00 0.00 HOLD
32.491	>>> V 0.00 0.00
32.491	S 20554345 -0.44 -0.26 0.00 0.00 HOLD
32.511	>>> V 0.00 0.00
32.512	S 20554365 -0.44 -0.26 0.00 0.00 HOLD
32.532	>>> V 0.00 0.00
32.532	S 20554385 -0.44 -0.26 0.00 0.00 HOLD
32.553	>>> V 0.00 0.00
32.553	S 20554405 -0.44 -0.26 0.00 0.00 HOLD
32.570	>>> V 0.00 0.00
32.570	S 20554425 -0.44 -0.26 0.00 0.00 HOLD
32.591	>>> V 0.00 0.00
32.591	S 20554445 -0.44 -0.26 0.00 0.00 HOLD
32.610	>>> V 0.00 0.00
32.611	S 20554465 -0.44 -0.26 0.00 0.00 HOLD
32.631	>>> V 0.00 0.00
32.631	S 20554485 -0.44 -0.26 0.00 0.00 HOLD
32.650	>>> V 0.00 0.00
32.651	S 20554505 -0.44 -0.26 0.00 0.00 HOLD
32.672	>>> V 0.00 0.00
32.672	S 20554525 -0.44 -0.26 0.00 0.00 HOLD
32.691	>>> V 0.00 0.00
32.691	S 20554545 -0.44 -0.26 0.00 0.00 HOLD
32.712	>>> V 0.00 0.00
32.712	S 20554565 -0.44 -0.26 0.00 0.00 HOLD
32.731	>>> V 0.00 0.00
32.731	S 20554585 -0.44 -0.26 0.00 0.00 HOLD
32.752	>>> V 0.00 0.00
32.753	S 20554605 -0.44 -0.26 0.00 0.00 HOLD
32.770	>>> V 0.00 0.00
32.772	S 20554625 -0.44 -0.26 0.00 0.00 HOLD
32.791	>>> V 0.00 0.00
32.792	S 20554645 -0.44 -0.26 0.00 0.00 HOLD
32.810	>>> V 0.00 0.00
32.811	S 20554665 -0.44 -0.26 0.00 0.00 HOLD
32.832	>>> V 0.00 0.00
32.833	S 20554685 -0.44 -0.26 0.00 0.00 HOLD
32.851	>>> V 0.00 0.00
32.851	S 20554705 -0.44 -0.26 0.00 0.00 HOLD
32.871	>>> V 0.00 0.00
32.871	S 20554725 -0.44 -0.26 0.00 0.00 HOLD
32.890	>>> V 0.00 0.00
32.891	S 20554745 -0.44 -0.26 0.00 0.00 HOLD
32.911	>>> V 0.00 0.00
32.911	S 20554765 -0.44 -0.26 0.00 0.00 HOLD
32.934	>>> V 0.00 0.00
32.936	S 20554785 -0.44 -0.26 0.00 0.00 HOLD
32.951	>>> V 0.00 0.00
32.952	S 20554805 -0.44 -0.26 0.00 0.00 HOLD
32.974	>>> V 0.00 0.00
32.975	S 20554825 -0.53 -0.26 0.00 0.00 HOLD
32.992	>>> V 0.00 0.00
32.992	S 20554845 -0.44 -0.26 0.00 0.00 HOLD
33.013	>>> V 0.00 0.00
33.016	S 20554865 -0.44 -0.26 0.00 0.00 HOLD
33.031	>>> V 0.00 0.00
33.032	S 20554885 -0.44 -0.26 0.00 0.00 HOLD
33.051	>>> V 0.00 0.00
33.057	S 20554905 -0.44 -0.26 0.00 0.00 HOLD
33.071	>>> V 0.00 0.00
33.071	S 20554925 -0.44 -0.26 0.00 0.00 HOLD
33.095	>>> V 0.00 0.00
33.096	S 20554945 -0.44 -0.26 0.00 0.00 HOLD
33.111	>>> V 0.00 0.00
33.112	S 20554965 -0.44 -0.26 0.00 0.00 HOLD
33.131	>>> V 0.00 0.00
33.131	S 20554985 -0.44 -0.26 0.00 0.00 HOLD
33.150	>>> V 0.00 0.00
33.152	S 20555005 -0.44 -0.26 0.00 0.00 HOLD
33.170	>>> V 0.00 0.00
33.171	S 20555025 -0.44 -0.26 0.00 0.00 HOLD
33.192	>>> V 0.00 0.00
33.193	S 20555045 -0.44 -0.26 0.00 0.00 HOLD
33.210	>>> V 0.00 0.00
33.211	S 20555065 -0.44 -0.26 0.00 0.00 HOLD
33.232	>>> V 0.00 0.00
33.232	S 20555085 -0.44 -0.26 0.00 0.00 HOLD
33.252	>>> V 0.00 0.00
33.253	S 20555105 -0.44 -0.26 0.00 0.00 HOLD
33.270	>>> V 0.00 0.00
33.271	S 20555125 -0.44 -0.26 0.00 0.00 HOLD
33.292	>>> V 0.00 0.00
33.292	S 20555145 -0.44 -0.26 0.00 0.00 HOLD
33.310	>>> V 0.00 0.00
33.311	S 20555165 -0.44 -0.26 0.00 0.00 HOLD
33.332	>>> V 0.00 0.00
33.332	S 20555185 -0.44 -0.26 0.00 0.00 HOLD
33.350	>>> V 0.00 0.00
33.351	S 20555205 -0.53 -0.26 0.00 0.00 HOLD
33.370	>>> V 0.00 0.00
33.370	S 20555225 -0.53 -0.26 0.00 0.00 HOLD
33.391	>>> V 0.00 0.00
33.393	S 20555245 -0.44 -0.26 0.00 0.00 HOLD
33.410	>>> V 0.00 0.00
33.411	S 20555265 -0.44 -0.26 0.00 0.00 HOLD
33.432	>>> V 0.00 0.00
33.433	S 20555285 -0.44 -0.26 0.00 0.00 HOLD
33.451	>>> V 0.00 0.00
33.453	S 20555305 -0.44 -0.26 0.00 0.00 HOLD
33.472	>>> V 0.00 0.00
33.472	S 20555325 -0.44 -0.26 0.00 0.00 HOLD
33.491	>>> V 0.00 0.00
33.491	S 20555345 -0.44 -0.26 0.00 0.00 HOLD
33.512	>>> V 0.00 0.00
33.513	S 20555365 -0.44 -0.26 0.00 0.00 HOLD
33.531	>>> V 0.00 0.00
33.531	S 20555385 -0.44 -0.26 0.00 0.00 HOLD
33.551	>>> V 0.00 0.00
33.551	S 20555405 -0.44 -0.26 0.00 0.00 HOLD
33.570	>>> V 0.00 0.00
33.572	S 20555425 -0.44 -0.26 0.00 0.00 HOLD
33.591	>>> V 0.00 0.00
33.591	S 20555445 -0.53 -0.26 0.00 0.00 HOLD
33.611	>>> V 0.00 0.00
33.612	S 20555465 -0.44 -0.26 0.00 0.00 HOLD
33.630	>>> V 0.00 0.00
33.631	S 20555485 -0.44 -0.26 0.00 0.00 HOLD
33.652	>>> V 0.00 0.00
33.653	S 20555505 -0.44 -0.26 0.00 0.00 HOLD
33.670	>>> V 0.00 0.00
33.671	S 20555525 -0.44 -0.26 0.00 0.00 HOLD
33.691	>>> V 0.00 0.00
33.691	S 20555545 -0.44 -0.26 0.00 0.00 HOLD
33.710	>>> V 0.00 0.00
33.711	S 20555565 -0.44 -0.26 0.00 0.00 HOLD
33.731	>>> V 0.00 0.00
33.731	S 20555585 -0.44 -0.26 0.00 0.00 HOLD
33.752	>>> V 0.00 0.00
33.753	S 20555605 -0.44 -0.26 0.00 0.00 HOLD
33.775	>>> V 0.00 0.00
33.776	S 20555625 -0.44 -0.26 0.00 0.00 HOLD
33.790	>>> V 0.00 0.00
33.791	S 20555645 -0.44 -0.26 0.00 0.00 HOLD
33.812	>>> V 0.00 0.00
33.812	S 20555665 -0.44 -0.26 0.00 0.00 HOLD
33.830	>>> V 0.00 0.00
33.830	S 20555685 -0.44 -0.26 0.00 0.00 HOLD
33.852	>>> V 0.00 0.00
33.853	S 20555705 -0.44 -0.26 0.00 0.00 HOLD
33.871	>>> V 0.00 0.00
33.871	S 20555725 -0.44 -0.26 0.00 0.00 HOLD
33.892	>>> V 0.00 0.00
33.892	S 20555745 -0.44 -0.26 0.00 0.00 HOLD
33.911	>>> V 0.00 0.00
33.911	S 20555765 -0.44 -0.26 0.00 0.00 HOLD
33.931	>>> V 0.00 0.00
33.932	S 20555785 -0.44 -0.26 0.00 0.00 HOLD
33.950	>>> V 0.00 0.00
33.951	S 20555805 -0.44 -0.26 0.00 0.00 HOLD
33.971	>>> V 0.00 0.00
33.972	S 20555825 -0.44 -0.26 0.00 0.00 HOLD
33.990	>>> V 0.00 0.00
33.991	S 20555845 -0.44 -0.26 0.00 0.00 HOLD
34.011	>>> V 0.00 0.00
34.011	S 20555865 -0.44 -0.26 0.00 0.00 HOLD
34.030	>>> V 0.00 0.00
34.031	S 20555885 -0.44 -0.26 0.00 0.00 HOLD
34.050	>>> V 0.00 0.00
34.051	S 20555905 -0.44 -0.26 0.00 0.00 HOLD
34.071	>>> V 0.00 0.00
34.071	S 20555925 -0.44 -0.26 0.00 0.00 HOLD
34.090	>>> V 0.00 0.00
34.091	S 20555945 -0.44 -0.26 0.00 0.00 HOLD
34.112	>>> V 0.00 0.00
34.112	S 20555965 -0.44 -0.26 0.00 0.00 HOLD
34.130	>>> V 0.00 0.00
34.131	S 20555985 -0.44 -0.26 0.00 0.00 HOLD
34.152	>>> V 0.00 0.00
34.152	S 20556005 -0.44 -0.26 0.00 0.00 HOLD
34.170	>>> V 0.00 0.00
34.170	S 20556025 -0.44 -0.26 0.00 0.00 HOLD
34.192	>>> V 0.00 0.00
34.192	S 20556045 -0.44 -0.26 0.00 0.00 HOLD
34.210	>>> V 0.00 0.00
34.211	S 20556065 -0.44 -0.26 0.00 0.00 HOLD
34.232	>>> V 0.00 0.00
34.232	S 20556085 -0.44 -0.26 0.00 0.00 HOLD
34.251	>>> V 0.00 0.00
34.251	S 20556105 -0.44 -0.26 0.00 0.00 HOLD
34.271	>>> V 0.00 0.00
34.271	S 20556125 -0.44 -0.26 0.00 0.00 HOLD
34.290	>>> V 0.00 0.00
34.291	S 20556145 -0.44 -0.26 0.00 0.00 HOLD
34.312	>>> V 0.00 0.00
34.312	S 20556165 -0.44 -0.26 0.00 0.00 HOLD
34.331	>>> V 0.00 0.00
34.331	S 20556185 -0.44 -0.26 0.00 0.00 HOLD
34.350	>>> V 0.00 0.00
34.352	S 20556205 -0.44 -0.26 0.00 0.00 HOLD
34.371	>>> V 0.00 0.00
34.373	S 20556225 -0.44 -0.26 0.00 0.00 HOLD
34.390	>>> V 0.00 0.00
34.391	S 20556245 -0.44 -0.26 0.00 0.00 HOLD
34.411	>>> V 0.00 0.00
34.412	S 20556265 -0.44 -0.26 0.00 0.00 HOLD
34.431	>>> V 0.00 0.00
34.431	S 20556285 -0.44 -0.26 0.00 0.00 HOLD
34.452	>>> V 0.00 0.00
34.452	S 20556305 -0.44 -0.26 0.00 0.00 HOLD
34.470	>>> V 0.00 0.00
34.471	S 20556325 -0.44 -0.26 0.00 0.00 HOLD
34.493	>>> V 0.00 0.00
34.493	S 20556345 -0.44 -0.26 0.00 0.00 HOLD
34.515	>>> V 0.00 0.00
34.516	S 20556365 -0.44 -0.26 0.00 0.00 HOLD
34.536	>>> V 0.00 0.00
34.536	S 20556385 -0.44 -0.26 0.00 0.00 HOLD
34.550	>>> V 0.00 0.00
34.551	S 20556405 -0.44 -0.26 0.00 0.00 HOLD
34.570	>>> V 0.00 0.00
34.570	S 20556425 -0.44 -0.26 0.00 0.00 HOLD
34.592	>>> V 0.00 0.00
34.593	S 20556445 -0.44 -0.26 0.00 0.00 HOLD
34.610	>>> V 0.00 0.00
34.611	S 20556465 -0.44 -0.26 0.00 0.00 HOLD
34.631	>>> V 0.00 0.00
34.632	S 20556485 -0.44 -0.26 0.00 0.00 HOLD
34.651	>>> V 0.00 0.00
34.651	S 20556505 -0.44 -0.26 0.00 0.00 HOLD
34.671	>>> V 0.00 0.00
34.672	S 20556525 -0.44 -0.26 0.00 0.00 HOLD
34.691	>>> V 0.00 0.00
34.691	S 20556545 -0.44 -0.26 0.00 0.00 HOLD
34.713	>>> V 0.00 0.00
34.713	S 20556565 -0.44 -0.26 0.00 0.00 HOLD
34.731	>>> V 0.00 0.00
34.731	S 20556585 -0.44 -0.26 0.00 0.00 HOLD
34.752	>>> V 0.00 0.00
34.752	S 20556605 -0.44 -0.26 0.00 0.00 HOLD
34.770	>>> V 0.00 0.00
34.771	S 20556625 -0.44 -0.26 0.00 0.00 HOLD
34.790	>>> V 0.00 0.00
34.791	S 20556645 -0.44 -0.26 0.00 0.00 HOLD
34.811	>>> V 0.00 0.00
34.812	S 20556665 -0.44 -0.26 0.00 0.00 HOLD
34.830	>>> V 0.00 0.00
34.831	S 20556685 -0.44 -0.26 0.00 0.00 HOLD
34.851	>>> V 0.00 0.00
34.852	S 20556705 -0.44 -0.26 0.00 0.00 HOLD
34.870	>>> V 0.00 0.00
34.870	S 20556725 -0.44 -0.26 0.00 0.00 HOLD
34.891	>>> V 0.00 0.00
34.892	S 20556745 -0.44 -0.26 0.00 0.00 HOLD
34.911	>>> V 0.00 0.00
34.911	S 20556765 -0.44 -0.26 0.00 0.00 HOLD
34.931	>>> V 0.00 0.00
34.932	S 20556785 -0.44 -0.26 0.00 0.00 HOLD
34.951	>>> V 0.00 0.00
34.952	S 20556805 -0.44 -0.26 0.00 0.00 HOLD
34.970	>>> V 0.00 0.00
34.971	S 20556825 -0.44 -0.26 0.00 0.00 HOLD
34.991	>>> V 0.00 0.00
34.992	S 20556845 -0.44 -0.26 0.00 0.00 HOLD
35.010	>>> V 0.00 0.00
35.011	S 20556865 -0.44 -0.26 0.00 0.00 HOLD
35.033	>>> V 0.00 0.00
35.033	S 20556885 -0.44 -0.26 0.00 0.00 HOLD
35.051	>>> V 0.00 0.00
35.052	S 20556905 -0.44 -0.26 0.00 0.00 HOLD
35.072	>>> V 0.00 0.00
35.073	S 20556925 -0.44 -0.26 0.00 0.00 HOLD
35.091	>>> V 0.00 0.00
35.091	S 20556945 -0.44 -0.26 0.00 0.00 HOLD
35.110	>>> V 0.00 0.00
35.111	S 20556965 -0.44 -0.26 0.00 0.00 HOLD
35.130	>>> V 0.00 0.00
35.131	S 20556985 -0.44 -0.26 0.00 0.00 HOLD
35.151	>>> V 0.00 0.00
35.151	S 20557005 -0.44 -0.26 0.00 0.00 HOLD
35.171	>>> V 0.00 0.00
35.172	S 20557025 -0.44 -0.26 0.00 0.00 HOLD
35.190	>>> V 0.00 0.00
35.191	S 20557045 -0.44 -0.26 0.00 0.00 HOLD
35.211	>>> V 0.00 0.00
35.212	S 20557065 -0.44 -0.26 0.00 0.00 HOLD
35.231	>>> V 0.00 0.00
35.231	S 20557085 -0.44 -0.26 0.00 0.00 HOLD
35.251	>>> V 0.00 0.00
35.252	S 20557105 -0.44 -0.26 0.00 0.00 HOLD
35.271	>>> V 0.00 0.00
35.272	S 20557125 -0.44 -0.26 0.00 0.00 HOLD
35.292	>>> V 0.00 0.00
35.292	S 20557145 -0.44 -0.35 0.00 0.00 HOLD
35.311	>>> V 0.00 0.00
35.312	S 20557165 -0.44 -0.26 0.00 0.00 HOLD
35.331	>>> V 0.00 0.00
35.332	S 20557185 -0.53 -0.26 0.00 0.00 HOLD
35.351	>>> V 0.00 0.00
35.351	S 20557205 -0.44 -0.26 0.00 0.00 HOLD
35.371	>>> V 0.00 0.00
35.371	S 20557225 -0.44 -0.26 0.00 0.00 HOLD
35.392	>>> V 0.00 0.00
35.392	S 20557245 -0.44 -0.26 0.00 0.00 HOLD
35.410	>>> V 0.00 0.00
35.410	S 20557266 -0.44 -0.26 0.00 0.00 HOLD
35.431	>>> V 0.00 0.00
35.432	S 20557285 -0.44 -0.26 0.00 0.00 HOLD
35.451	>>> V 0.00 0.00
35.452	S 20557305 -0.44 -0.26 0.00 0.00 HOLD
35.471	>>> V 0.00 0.00
35.471	S 20557325 -0.44 -0.26 0.00 0.00 HOLD
35.491	>>> V 0.00 0.00
35.491	S 20557345 -0.44 -0.26 0.00 0.00 HOLD
35.511	>>> V 0.00 0.00
35.511	S 20557365 -0.44 -0.26 0.00 0.00 HOLD
35.531	>>> V 0.00 0.00
35.531	S 20557386 -0.44 -0.26 0.00 0.00 HOLD
35.552	>>> V 0.00 0.00
35.552	S 20557406 -0.44 -0.26 0.00 0.00 HOLD
35.571	>>> V 0.00 0.00
35.572	S 20557425 -0.44 -0.26 0.00 0.00 HOLD
35.591	>>> V 0.00 0.00
35.591	S 20557446 -0.44 -0.26 0.00 0.00 HOLD
35.611	>>> V 0.00 0.00
35.611	S 20557466 -0.44 -0.26 0.00 0.00 HOLD
35.631	>>> V 0.00 0.00
35.632	S 20557486 -0.44 -0.26 0.00 0.00 HOLD
35.651	>>> V 0.00 0.00
35.652	S 20557506 -0.44 -0.26 0.00 0.00 HOLD
35.671	>>> V 0.00 0.00
35.672	S 20557526 -0.44 -0.26 0.00 0.00 HOLD
35.690	>>> V 0.00 0.00
35.693	S 20557546 -0.44 -0.26 0.00 0.00 HOLD
35.711	>>> V 0.00 0.00
35.711	S 20557566 -0.44 -0.26 0.00 0.00 HOLD
35.732	>>> V 0.00 0.00
35.733	S 20557586 -0.44 -0.26 0.00 0.00 HOLD
35.751	>>> V 0.00 0.00
35.752	S 20557606 -0.44 -0.26 0.00 0.00 HOLD
35.771	>>> V 0.00 0.00
35.772	S 20557626 -0.44 -0.26 0.00 0.00 HOLD
35.791	>>> V 0.00 0.00
35.791	S 20557646 -0.44 -0.26 0.00 0.00 HOLD
35.810	>>> V 0.00 0.00
35.811	S 20557666 -0.44 -0.26 0.00 0.00 HOLD
35.832	>>> V 0.00 0.00
35.833	S 20557686 -0.44 -0.26 0.00 0.00 HOLD
35.850	>>> V 0.00 0.00
35.851	S 20557706 -0.44 -0.26 0.00 0.00 HOLD
35.872	>>> V 0.00 0.00
35.872	S 20557726 -0.44 -0.26 0.00 0.00 HOLD
35.890	>>> V 0.00 0.00
35.891	S 20557746 -0.44 -0.26 0.00 0.00 HOLD
35.912	>>> V 0.00 0.00
35.912	S 20557766 -0.44 -0.26 0.00 0.00 HOLD
35.931	>>> V 0.00 0.00
35.932	S 20557786 -0.44 -0.26 0.00 0.00 HOLD
35.950	>>> V 0.00 0.00
35.951	S 20557806 -0.44 -0.26 0.00 0.00 HOLD
35.971	>>> V 0.00 0.00
35.972	S 20557826 -0.44 -0.26 0.00 0.00 HOLD
35.991	>>> V 0.00 0.00
35.992	S 20557846 -0.44 -0.26 0.00 0.00 HOLD
36.012	>>> V 0.00 0.00
36.013	S 20557866 -0.44 -0.26 0.00 0.00 HOLD
36.031	>>> V 0.00 0.00
36.031	S 20557886 -0.44 -0.26 0.00 0.00 HOLD
36.051	>>> V 0.00 0.00
36.051	S 20557906 -0.44 -0.26 0.00 0.00 HOLD
36.071	>>> V 0.00 0.00
36.072	S 20557926 -0.44 -0.26 0.00 0.00 HOLD
36.090	>>> V 0.00 0.00
36.091	S 20557946 -0.44 -0.26 0.00 0.00 HOLD
36.112	>>> V 0.00 0.00
36.113	S 20557966 -0.44 -0.26 0.00 0.00 HOLD
36.131	>>> V 0.00 0.00
36.131	S 20557986 -0.44 -0.26 0.00 0.00 HOLD
36.150	>>> V 0.00 0.00
36.152	S 20558006 -0.44 -0.26 0.00 0.00 HOLD
36.171	>>> V 0.00 0.00
36.172	S 20558026 -0.44 -0.26 0.00 0.00 HOLD
36.193	>>> V 0.00 0.00
36.194	S 20558046 -0.44 -0.26 0.00 0.00 HOLD
36.210	>>> V 0.00 0.00
36.213	S 20558066 -0.44 -0.26 0.00 0.00 HOLD
36.232	>>> V 0.00 0.00
36.232	S 20558086 -0.44 -0.26 0.00 0.00 HOLD
36.251	>>> V 0.00 0.00
36.251	S 20558106 -0.44 -0.26 0.00 0.00 HOLD
36.271	>>> V 0.00 0.00
36.271	S 20558126 -0.53 -0.26 0.00 0.00 HOLD
36.292	>>> V 0.00 0.00
36.293	S 20558146 -0.44 -0.26 0.00 0.00 HOLD
36.311	>>> V 0.00 0.00
36.312	S 20558166 -0.44 -0.26 0.00 0.00 HOLD
36.331	>>> V 0.00 0.00
36.333	S 20558186 -0.44 -0.26 0.00 0.00 HOLD
36.350	>>> V 0.00 0.00
36.351	S 20558206 -0.44 -0.26 0.00 0.00 HOLD
36.372	>>> V 0.00 0.00
36.372	S 20558226 -0.44 -0.26 0.00 0.00 HOLD
36.391	>>> V 0.00 0.00
36.392	S 20558246 -0.44 -0.26 0.00 0.00 HOLD
36.411	>>> V 0.00 0.00
36.411	S 20558266 -0.44 -0.26 0.00 0.00 HOLD
36.432	>>> V 0.00 0.00
36.432	S 20558286 -0.44 -0.26 0.00 0.00 HOLD
36.450	>>> V 0.00 0.00
36.450	S 20558306 -0.44 -0.26 0.00 0.00 HOLD
36.470	>>> V 0.00 0.00
36.470	S 20558326 -0.44 -0.26 0.00 0.00 HOLD
36.494	>>> V 0.00 0.00
36.495	S 20558346 -0.44 -0.26 0.00 0.00 HOLD
36.511	>>> V 0.00 0.00
36.513	S 20558366 -0.44 -0.26 0.00 0.00 HOLD
36.533	>>> V 0.00 0.00
36.533	S 20558386 -0.44 -0.26 0.00 0.00 HOLD
36.551	>>> V 0.00 0.00
36.553	S 20558406 -0.44 -0.26 0.00 0.00 HOLD
36.571	>>> V 0.00 0.00
36.572	S 20558426 -0.44 -0.26 0.00 0.00 HOLD
36.596	>>> V 0.00 0.00
36.597	S 20558446 -0.44 -0.26 0.00 0.00 HOLD
36.611	>>> V 0.00 0.00
36.611	S 20558466 -0.44 -0.26 0.00 0.00 HOLD
36.631	>>> V 0.00 0.00
36.632	S 20558486 -0.44 -0.26 0.00 0.00 HOLD
36.651	>>> V 0.00 0.00
36.651	S 20558506 -0.44 -0.26 0.00 0.00 HOLD
36.673	>>> V 0.00 0.00
36.674	S 20558526 -0.44 -0.26 0.00 0.00 HOLD
36.691	>>> V 0.00 0.00
36.691	S 20558546 -0.44 -0.26 0.00 0.00 HOLD
36.710	>>> V 0.00 0.00
36.711	S 20558566 -0.44 -0.26 0.00 0.00 HOLD
36.734	>>> V 0.00 0.00
36.734	S 20558586 -0.44 -0.26 0.00 0.00 HOLD
36.750	>>> V 0.00 0.00
36.752	S 20558606 -0.44 -0.26 0.00 0.00 HOLD
36.772	>>> V 0.00 0.00
36.772	S 20558626 -0.44 -0.26 0.00 0.00 HOLD
36.791	>>> V 0.00 0.00
36.791	S 20558646 -0.44 -0.26 0.00 0.00 HOLD
36.811	>>> V 0.00 0.00
36.811	S 20558666 -0.44 -0.26 0.00 0.00 HOLD
36.831	>>> V 0.00 0.00
36.834	S 20558686 -0.44 -0.26 0.00 0.00 HOLD
36.851	>>> V 0.00 0.00
36.851	S 20558706 -0.44 -0.26 0.00 0.00 HOLD
36.871	>>> V 0.00 0.00
36.872	S 20558726 -0.44 -0.26 0.00 0.00 HOLD
36.890	>>> V 0.00 0.00
36.893	S 20558746 -0.44 -0.26 0.00 0.00 HOLD
36.911	>>> V 0.00 0.00
36.912	S 20558766 -0.44 -0.26 0.00 0.00 HOLD
36.933	>>> V 0.00 0.00
36.935	S 20558786 -0.44 -0.26 0.00 0.00 HOLD
36.951	>>> V 0.00 0.00
36.951	S 20558806 -0.44 -0.26 0.00 0.00 HOLD
36.971	>>> V 0.00 0.00
36.973	S 20558826 -0.44 -0.26 0.00 0.00 HOLD
36.991	>>> V 0.00 0.00
36.991	S 20558846 -0.44 -0.26 0.00 0.00 HOLD
37.012	>>> V 0.00 0.00
37.013	S 20558866 -0.44 -0.26 0.00 0.00 HOLD
37.031	>>> V 0.00 0.00
37.031	S 20558886 -0.44 -0.26 0.00 0.00 HOLD
37.050	>>> V 0.00 0.00
37.052	S 20558906 -0.44 -0.26 0.00 0.00 HOLD
37.073	>>> V 0.00 0.00
37.073	S 20558926 -0.44 -0.26 0.00 0.00 HOLD
37.092	>>> V 0.00 0.00
37.093	S 20558946 -0.44 -0.26 0.00 0.00 HOLD
37.112	>>> V 0.00 0.00
37.113	S 20558966 -0.44 -0.26 0.00 0.00 HOLD
37.132	>>> V 0.00 0.00
37.133	S 20558986 -0.44 -0.26 0.00 0.00 HOLD
37.152	>>> V 0.00 0.00
37.152	S 20559006 -0.44 -0.26 0.00 0.00 HOLD
37.170	>>> V 0.00 0.00
37.171	S 20559026 -0.44 -0.26 0.00 0.00 HOLD
37.192	>>> V 0.00 0.00
37.193	S 20559046 -0.44 -0.26 0.00 0.00 HOLD
37.211	>>> V 0.00 0.00
37.211	S 20559066 -0.44 -0.26 0.00 0.00 HOLD
37.231	>>> V 0.00 0.00
37.231	S 20559086 -0.44 -0.26 0.00 0.00 HOLD
37.252	>>> V 0.00 0.00
37.253	S 20559106 -0.44 -0.26 0.00 0.00 HOLD
37.270	>>> V 0.00 0.00
37.272	S 20559126 -0.44 -0.26 0.00 0.00 HOLD
37.292	>>> V 0.00 0.00
37.293	S 20559146 -0.44 -0.26 0.00 0.00 HOLD
37.312	>>> V 0.00 0.00
37.312	S 20559166 -0.44 -0.26 0.00 0.00 HOLD
37.334	>>> V 0.00 0.00
37.335	S 20559186 -0.44 -0.26 0.00 0.00 HOLD
37.351	>>> V 0.00 0.00
37.351	S 20559206 -0.44 -0.26 0.00 0.00 HOLD
37.371	>>> V 0.00 0.00
37.372	S 20559226 -0.44 -0.26 0.00 0.00 HOLD
37.391	>>> V 0.00 0.00
37.393	S 20559246 -0.44 -0.26 0.00 0.00 HOLD
37.410	>>> V 0.00 0.00
37.411	S 20559266 -0.44 -0.26 0.00 0.00 HOLD
37.431	>>> V 0.00 0.00
37.432	S 20559286 -0.44 -0.26 0.00 0.00 HOLD
37.451	>>> V 0.00 0.00
37.451	S 20559306 -0.44 -0.26 0.00 0.00 HOLD
37.471	>>> V 0.00 0.00
37.471	S 20559326 -0.44 -0.26 0.00 0.00 HOLD
37.491	>>> V 0.00 0.00
37.491	S 20559346 -0.44 -0.26 0.00 0.00 HOLD
37.511	>>> V 0.00 0.00
37.512	S 20559366 -0.44 -0.26 0.00 0.00 HOLD
37.531	>>> V 0.00 0.00
37.532	S 20559386 -0.44 -0.26 0.00 0.00 HOLD
37.552	>>> V 0.00 0.00
37.553	S 20559406 -0.44 -0.26 0.00 0.00 HOLD
37.571	>>> V 0.00 0.00
37.572	S 20559426 -0.44 -0.26 0.00 0.00 HOLD
37.591	>>> V 0.00 0.00
37.592	S 20559446 -0.44 -0.26 0.00 0.00 HOLD
37.610	>>> V 0.00 0.00
37.611	S 20559466 -0.44 -0.26 0.00 0.00 HOLD
37.630	>>> V 0.00 0.00
37.631	S 20559486 -0.44 -0.26 0.00 0.00 HOLD
37.651	>>> V 0.00 0.00
37.651	S 20559506 -0.44 -0.26 0.00 0.00 HOLD
37.670	>>> V 0.00 0.00
37.671	S 20559526 -0.44 -0.26 0.00 0.00 HOLD
37.696	>>> V 0.00 0.00
37.697	S 20559546 -0.44 -0.26 0.00 0.00 HOLD
37.711	>>> V 0.00 0.00
37.711	S 20559566 -0.44 -0.26 0.00 0.00 HOLD
37.732	>>> V 0.00 0.00
37.733	S 20559586 -0.44 -0.26 0.00 0.00 HOLD
37.751	>>> V 0.00 0.00
37.751	S 20559606 -0.44 -0.26 0.00 0.00 HOLD
37.772	>>> V 0.00 0.00
37.772	S 20559626 -0.44 -0.26 0.00 0.00 HOLD
37.790	>>> V 0.00 0.00
37.791	S 20559646 -0.44 -0.26 0.00 0.00 HOLD
37.811	>>> V 0.00 0.00
37.812	S 20559666 -0.44 -0.26 0.00 0.00 HOLD
37.832	>>> V 0.00 0.00
37.832	S 20559686 -0.44 -0.26 0.00 0.00 HOLD
37.852	>>> V 0.00 0.00
37.853	S 20559706 -0.44 -0.26 0.00 0.00 HOLD
37.871	>>> V 0.00 0.00
37.871	S 20559726 -0.44 -0.26 0.00 0.00 HOLD
37.891	>>> V 0.00 0.00
37.891	S 20559746 -0.44 -0.26 0.00 0.00 HOLD
37.910	>>> V 0.00 0.00
37.911	S 20559766 -0.44 -0.26 0.00 0.00 HOLD
37.931	>>> V 0.00 0.00
37.931	S 20559786 -0.44 -0.26 0.00 0.00 HOLD
37.950	>>> V 0.00 0.00
37.951	S 20559806 -0.44 -0.26 0.00 0.00 HOLD
37.971	>>> V 0.00 0.00
37.971	S 20559826 -0.44 -0.26 0.00 0.00 HOLD
37.990	>>> V 0.00 0.00
37.992	S 20559846 -0.44 -0.26 0.00 0.00 HOLD
38.010	>>> V 0.00 0.00
38.011	S 20559866 -0.44 -0.26 0.00 0.00 HOLD
38.032	>>> V 0.00 0.00
38.033	S 20559886 -0.44 -0.26 0.00 0.00 HOLD
38.050	>>> V 0.00 0.00
38.051	S 20559906 -0.44 -0.26 0.00 0.00 HOLD
38.071	>>> V 0.00 0.00
38.072	S 20559926 -0.44 -0.26 0.00 0.00 HOLD
38.091	>>> V 0.00 0.00
38.093	S 20559946 -0.44 -0.26 0.00 0.00 HOLD
38.111	>>> V 0.00 0.00
38.113	S 20559966 -0.44 -0.26 0.00 0.00 HOLD
38.131	>>> V 0.00 0.00
38.131	S 20559986 -0.44 -0.26 0.00 0.00 HOLD
38.153	>>> V 0.00 0.00
38.156	S 20560006 -0.44 -0.26 0.00 0.00 HOLD
38.170	>>> V 0.00 0.00
38.173	S 20560026 -0.44 -0.26 0.00 0.00 HOLD
38.191	>>> V 0.00 0.00
38.192	S 20560046 -0.44 -0.26 0.00 0.00 HOLD
38.212	>>> V 0.00 0.00
38.212	S 20560066 -0.44 -0.26 0.00 0.00 HOLD
38.232	>>> V -15.35 42.17
38.233	S 20560086 -0.44 -0.26 0.00 0.00 HOLD
38.250	>>> V -15.35 42.17
38.250	S 20560106 -0.53 -0.26 0.00 0.00 TRACK
38.271	>>> V -15.37 42.12
38.273	S 20560126 -0.44 -0.26 0.00 0.00 TRACK
38.290	>>> V -15.37 42.12
38.290	S 20560146 -0.53 -0.18 0.00 0.00 TRACK
38.310	>>> V -15.47 42.13
38.310	S 20560166 -0.70 0.09 -1.37 1.37 TRACK
38.331	>>> V -15.40 42.20
38.331	S 20560186 -0.88 0.44 -4.12 5.50 TRACK
38.354	>>> V -15.40 42.20
38.356	S 20560206 -1.14 1.05 -6.87 10.99 TRACK
38.370	>>> V -15.33 42.00
38.371	S 20560226 -1.41 1.76 -9.62 19.24 TRACK
38.395	>>> V -15.33 42.00
38.395	S 20560246 -1.67 2.46 -10.99 24.73 TRACK
38.411	>>> V -15.33 42.00
38.411	S 20560266 -1.93 3.25 -12.37 30.23 TRACK
38.435	>>> V -14.77 41.00
38.435	S 20560286 -2.20 4.04 -12.37 35.72 TRACK
38.451	>>> V -14.77 41.00
38.452	S 20560306 -2.55 4.92 -12.37 37.10 TRACK
38.472	>>> V -13.91 38.94
38.472	S 20560326 -2.90 5.71 -13.74 39.85 TRACK
38.490	>>> V -13.91 38.94
38.491	S 20560346 -3.16 6.59 -15.11 39.85 TRACK
38.512	>>> V -13.01 35.96
38.513	S 20560366 -3.43 7.38 -15.11 41.22 TRACK
38.530	>>> V -13.01 35.96
38.531	S 20560386 -3.69 8.26 -13.74 41.22 TRACK
38.551	>>> V -13.01 35.96
38.551	S 20560406 -4.04 9.05 -13.74 41.22 TRACK
38.570	>>> V -12.18 32.79
38.570	S 20560426 -4.31 9.84 -13.74 39.85 TRACK
38.591	>>> V -11.12 29.45
38.591	S 20560446 -4.57 10.72 -13.74 39.85 TRACK
38.610	>>> V -11.12 29.45
38.611	S 20560466 -4.92 11.60 -13.74 41.22 TRACK
38.632	>>> V -10.20 26.07
38.632	S 20560486 -5.10 12.30 -13.74 41.22 TRACK
38.652	>>> V -10.20 26.07
38.653	S 20560506 -5.36 12.66 -12.37 38.47 TRACK
38.674	>>> V -9.28 22.58
38.674	S 20560526 -5.62 13.18 -12.37 31.60 TRACK
38.691	>>> V -9.28 22.58
38.691	S 20560546 -5.80 13.80 -10.99 27.48 TRACK
38.714	>>> V -9.28 22.58
38.715	S 20560566 -5.98 14.59 -10.99 27.48 TRACK
38.732	>>> V -8.36 18.87
38.732	S 20560586 -6.33 15.12 -9.62 30.23 TRACK
38.752	>>> V -8.36 18.87
38.753	S 20560606 -6.50 15.64 -9.62 31.60 TRACK
38.774	>>> V -7.55 14.25
38.774	S 20560626 -6.77 16.08 -9.62 28.85 TRACK
38.794	>>> V -7.55 14.25
38.796	S 20560646 -6.94 16.52 -9.62 24.73 TRACK
38.813	>>> V -6.67 9.47
38.814	S 20560666 -7.12 16.87 -9.62 21.98 TRACK
38.834	>>> V -5.92 6.93
38.834	S 20560686 -7.21 17.23 -8.24 20.61 TRACK
38.852	>>> V -5.92 6.93
38.852	S 20560706 -7.38 17.58 -8.24 19.24 TRACK
38.870	>>> V -5.20 5.18
38.871	S 20560726 -7.56 18.02 -6.87 17.86 TRACK
38.891	>>> V -4.47 0.00
38.892	S 20560746 -7.65 18.19 -6.87 16.49 TRACK
38.910	>>> V -4.47 0.00
38.911	S 20560766 -7.73 18.46 -5.50 13.74 TRACK
38.933	>>> V -3.89 0.00
38.933	S 20560786 -7.82 18.54 -5.50 10.99 TRACK
38.952	>>> V -3.89 0.00
38.952	S 20560806 -8.00 18.63 -5.50 8.24 TRACK
38.973	>>> V -3.89 0.00
38.973	S 20560826 -8.09 18.63 -5.50 5.50 TRACK
38.998	>>> V -3.29 0.00
39.001	S 20560846 -8.26 18.63 -5.50 2.75 TRACK
39.007	S 20560866 -8.35 18.63 -5.50 1.37 TRACK
39.012	>>> V -3.29 0.00
39.038	>>> V -2.58 -3.79
39.039	S 20560886 -8.44 18.63 -5.50 0.00 TRACK
39.051	>>> V -2.18 -5.32
39.053	S 20560906 -8.44 18.63 -4.12 0.00 TRACK
39.070	>>> V -2.18 -5.32
39.073	S 20560926 -8.53 18.63 -2.75 0.00 TRACK
39.091	>>> V 0.00 -6.56
39.094	S 20560946 -8.53 18.63 -2.75 0.00 TRACK
39.110	>>> V 0.00 -6.56
39.110	S 20560966 -8.53 18.54 -1.37 0.00 TRACK
39.132	>>> V 0.00 -8.44
39.134	S 20560986 -8.61 18.37 -1.37 -1.37 TRACK
39.150	>>> V 0.00 -8.60
39.151	S 20561006 -8.61 18.28 -1.37 -2.75 TRACK
39.170	>>> V 0.00 -8.60
39.171	S 20561026 -8.61 18.19 -1.37 -4.12 TRACK
39.195	>>> V 0.00 -8.70
39.195	S 20561046 -8.61 18.11 0.00 -4.12 TRACK
39.211	>>> V 0.00 -8.73
39.211	S 20561066 -8.61 18.02 0.00 -4.12 TRACK
39.235	>>> V 0.00 -8.73
39.235	S 20561086 -8.61 17.84 0.00 -5.50 TRACK
39.252	>>> V 0.00 -8.73
39.252	S 20561106 -8.61 17.58 0.00 -5.50 TRACK
39.271	>>> V 0.00 -8.73
39.274	S 20561126 -8.61 17.40 0.00 -6.87 TRACK
39.290	>>> V 0.00 -8.73
39.291	S 20561146 -8.61 17.23 0.00 -6.87 TRACK
39.312	>>> V 0.00 -8.34
39.313	S 20561166 -8.61 17.05 0.00 -6.87 TRACK
39.332	>>> V 0.00 -8.34
39.332	S 20561186 -8.61 16.87 0.00 -6.87 TRACK
39.353	>>> V 0.00 -7.79
39.354	S 20561206 -8.61 16.61 0.00 -8.24 TRACK
39.371	>>> V 0.00 -7.79
39.372	S 20561226 -8.61 16.52 0.00 -8.24 TRACK
39.392	>>> V 0.00 -7.07
39.395	S 20561246 -8.61 16.35 0.00 -8.24 TRACK
39.410	>>> V 0.00 -7.07
39.410	S 20561266 -8.61 16.17 0.00 -8.24 TRACK
39.432	>>> V 0.00 -6.30
39.432	S 20561286 -8.61 16.00 0.00 -8.24 TRACK
39.452	>>> V 0.00 -6.30
39.452	S 20561306 -8.61 15.91 0.00 -8.24 TRACK
39.471	>>> V 0.00 -5.52
39.472	S 20561326 -8.61 15.73 0.00 -6.87 TRACK
39.492	>>> V 0.00 -5.52
39.492	S 20561346 -8.61 15.56 0.00 -6.87 TRACK
39.513	>>> V 0.00 -4.74
39.514	S 20561366 -8.61 15.47 0.00 -6.87 TRACK
39.531	>>> V 0.00 -4.74
39.532	S 20561386 -8.61 15.38 0.00 -5.50 TRACK
39.556	>>> V 0.00 -4.74
39.557	S 20561406 -8.61 15.29 0.00 -5.50 TRACK
39.571	>>> V 0.00 -4.07
39.572	S 20561426 -8.61 15.21 0.00 -4.12 TRACK
39.591	>>> V 0.00 -3.40
39.591	S 20561446 -8.61 15.12 0.00 -4.12 TRACK
39.612	>>> V 0.00 -3.40
39.612	S 20561466 -8.61 15.03 0.00 -4.12 TRACK
39.633	>>> V 0.00 -3.40
39.633	S 20561486 -8.61 14.94 0.00 -4.12 TRACK
39.652	>>> V 0.00 -2.85
39.654	S 20561506 -8.61 14.85 0.00 -4.12 TRACK
39.671	>>> V 0.00 0.00
39.671	S 20561526 -8.61 14.77 0.00 -4.12 TRACK
39.693	>>> V 0.00 0.00
39.693	S 20561546 -8.61 14.68 0.00 -4.12 TRACK
39.714	>>> V 0.00 0.00
39.716	S 20561566 -8.53 14.59 0.00 -4.12 TRACK
39.731	>>> V 0.00 0.00
39.733	S 20561586 -8.61 14.59 0.00 -2.75 TRACK
39.752	>>> V 0.00 0.00
39.754	S 20561606 -8.61 14.59 0.00 -1.37 TRACK
39.774	>>> V 0.00 0.00
39.775	S 20561626 -8.61 14.59 0.00 0.00 TRACK
39.794	>>> V 0.00 0.00
39.795	S 20561646 -8.61 14.59 0.00 0.00 TRACK
39.817	>>> V 0.00 0.00
39.821	S 20561666 -8.53 14.59 0.00 0.00 TRACK
39.823	S 20561686 -8.61 14.59 0.00 0.00 TRACK
39.834	>>> V 0.00 0.00
39.851	>>> V 0.00 0.00
39.853	S 20561706 -8.61 14.59 0.00 0.00 TRACK
39.879	>>> V 0.00 0.00
39.883	S 20561726 -8.61 14.59 0.00 0.00 TRACK
39.888	S 20561746 -8.61 14.59 0.00 0.00 TRACK
39.899	>>> V 0.00 0.00
39.900	S 20561766 -8.61 14.59 0.00 0.00 TRACK
39.918	>>> V 0.00 0.00
39.921	S 20561786 -8.61 14.59 0.00 0.00 TRACK
39.933	>>> V 0.00 0.00
39.955	>>> V 0.00 0.00
39.955	S 20561806 -8.61 14.59 0.00 0.00 TRACK
39.973	>>> V 0.00 0.00
39.975	S 20561826 -8.61 14.59 0.00 0.00 TRACK
39.994	>>> V 0.00 0.00
39.995	S 20561846 -8.61 14.59 0.00 0.00 TRACK
40.014	>>> V 0.00 0.00
40.016	S 20561866 -8.61 14.59 0.00 0.00 TRACK
40.031	>>> V 0.00 0.00
40.033	S 20561886 -8.61 14.59 0.00 0.00 TRACK
40.055	>>> V 0.00 0.00
40.056	S 20561906 -8.61 14.68 0.00 0.00 TRACK
40.071	>>> V 0.00 0.00
40.072	S 20561926 -8.61 14.59 0.00 0.00 TRACK
40.092	>>> V 0.00 0.00
40.093	S 20561946 -8.61 14.59 0.00 0.00 TRACK
40.114	>>> V 0.00 0.00
40.115	S 20561966 -8.53 14.59 0.00 0.00 TRACK
40.131	>>> V 0.00 0.00
40.133	S 20561986 -8.61 14.59 0.00 0.00 TRACK
40.151	>>> V 0.00 0.00
40.152	S 20562006 -8.61 14.68 0.00 0.00 TRACK
40.173	>>> V 0.00 0.00
40.174	S 20562026 -8.61 14.59 0.00 0.00 TRACK
40.192	>>> V 0.00 0.00
40.194	S 20562046 -8.61 14.59 0.00 0.00 TRACK
40.212	>>> V 0.00 0.00
40.213	S 20562066 -8.61 14.59 0.00 0.00 TRACK
40.233	>>> V 0.00 0.00
40.235	S 20562086 -8.61 14.59 0.00 0.00 TRACK
40.253	>>> V 0.00 0.00
40.254	S 20562106 -8.61 14.59 0.00 0.00 TRACK
40.271	>>> V 0.00 0.00
40.271	S 20562126 -8.61 14.59 0.00 0.00 TRACK
40.291	>>> V 0.00 0.00
40.292	S 20562146 -8.61 14.59 0.00 0.00 TRACK
40.313	>>> V 0.00 0.00
40.313	S 20562166 -8.61 14.59 0.00 0.00 TRACK
40.331	>>> V 0.00 0.00
40.331	S 20562186 -8.61 14.59 0.00 0.00 TRACK
40.351	>>> V 0.00 0.00
40.352	S 20562206 -8.61 14.59 0.00 0.00 TRACK
40.370	>>> V 0.00 0.00
40.371	S 20562226 -8.61 14.59 0.00 0.00 TRACK
40.393	>>> V 0.00 0.00
40.394	S 20562246 -8.53 14.59 0.00 0.00 TRACK
40.412	>>> V 0.00 0.00
40.413	S 20562266 -8.53 14.59 0.00 0.00 TRACK
40.432	>>> V 0.00 0.00
40.432	S 20562286 -8.61 14.59 0.00 0.00 TRACK
40.452	>>> V 0.00 0.00
40.452	S 20562306 -8.53 14.59 0.00 0.00 TRACK
40.474	>>> V 0.00 0.00
40.475	S 20562326 -8.61 14.59 0.00 0.00 TRACK
40.490	>>> V 0.00 0.00
40.492	S 20562346 -8.61 14.59 0.00 0.00 TRACK
40.510	>>> V 0.00 0.00
40.510	S 20562366 -8.61 14.59 0.00 0.00 TRACK
40.531	>>> V 0.00 0.00
40.531	S 20562386 -8.61 14.59 0.00 0.00 TRACK
40.555	>>> V 0.00 0.00
40.556	S 20562406 -8.61 14.59 0.00 0.00 TRACK
40.571	>>> V 0.00 0.00
40.573	S 20562426 -8.61 14.59 0.00 0.00 TRACK
40.599	>>> V 0.00 0.00
40.602	S 20562446 -8.61 14.59 0.00 0.00 TRACK
40.603	S 20562466 -8.61 14.59 0.00 0.00 TRACK
40.611	>>> V 0.00 0.00
40.631	>>> V 0.00 0.00
40.632	S 20562486 -8.61 14.59 0.00 0.00 TRACK
40.651	>>> V 0.00 0.00
40.652	S 20562506 -8.61 14.59 0.00 0.00 TRACK
40.675	>>> V 0.00 0.00
40.676	S 20562526 -8.61 14.59 0.00 0.00 TRACK
40.691	>>> V 0.00 0.00
40.691	S 20562546 -8.61 14.59 0.00 0.00 TRACK
40.712	>>> V 0.00 0.00
40.712	S 20562566 -8.61 14.59 0.00 0.00 TRACK
40.732	>>> V 0.00 0.00
40.732	S 20562586 -8.53 14.59 0.00 0.00 TRACK
40.753	>>> V 0.00 0.00
40.753	S 20562606 -8.53 14.59 0.00 0.00 TRACK
40.771	>>> V 0.00 0.00
40.771	S 20562626 -8.61 14.59 0.00 0.00 TRACK
40.792	>>> V 0.00 0.00
40.793	S 20562646 -8.61 14.59 0.00 0.00 TRACK
40.812	>>> V 0.00 0.00
40.812	S 20562666 -8.61 14.59 0.00 0.00 TRACK
40.835	>>> V 0.00 0.00
40.836	S 20562686 -8.61 14.59 0.00 0.00 TRACK
40.851	>>> V 0.00 0.00
40.851	S 20562706 -8.61 14.59 0.00 0.00 TRACK
40.872	>>> V 0.00 0.00
40.872	S 20562726 -8.61 14.59 0.00 0.00 TRACK
40.891	>>> V 0.00 0.00
40.891	S 20562746 -8.61 14.59 0.00 0.00 TRACK
40.911	>>> V 0.00 0.00
40.912	S 20562766 -8.61 14.59 0.00 0.00 TRACK
40.931	>>> V 0.00 0.00
40.932	S 20562786 -8.61 14.59 0.00 0.00 TRACK
40.950	>>> V 0.00 0.00
40.950	S 20562806 -8.61 14.59 0.00 0.00 TRACK
40.972	>>> V 0.00 0.00
40.973	S 20562826 -8.61 14.59 0.00 0.00 TRACK
40.994	>>> V 0.00 0.00
40.995	S 20562846 -8.61 14.59 0.00 0.00 TRACK
41.011	>>> V 0.00 0.00
41.012	S 20562866 -8.61 14.59 0.00 0.00 TRACK
41.032	>>> V 0.00 0.00
41.032	S 20562886 -8.61 14.59 0.00 0.00 TRACK
41.054	>>> V 0.00 0.00
41.055	S 20562906 -8.61 14.59 0.00 0.00 TRACK
41.071	>>> V 0.00 0.00
41.071	S 20562926 -8.61 14.59 0.00 0.00 TRACK
41.093	>>> V 0.00 0.00
41.094	S 20562946 -8.61 14.59 0.00 0.00 TRACK
41.112	>>> V 0.00 0.00
41.113	S 20562966 -8.61 14.59 0.00 0.00 TRACK
41.134	>>> V 0.00 0.00
41.134	S 20562986 -8.53 14.59 0.00 0.00 TRACK
41.152	>>> V 0.00 0.00
41.154	S 20563006 -8.61 14.59 0.00 0.00 TRACK
41.171	>>> V 0.00 0.00
41.171	S 20563026 -8.61 14.68 0.00 0.00 TRACK
41.191	>>> V 0.00 0.00
41.191	S 20563046 -8.61 14.59 0.00 0.00 TRACK
41.210	>>> V 0.00 0.00
41.211	S 20563066 -8.61 14.59 0.00 0.00 TRACK
41.232	>>> V 0.00 0.00
41.233	S 20563086 -8.61 14.59 0.00 0.00 TRACK
41.250	>>> V 0.00 0.00
41.250	S 20563106 -8.61 14.59 0.00 0.00 TRACK
41.273	>>> V 0.00 0.00
41.274	S 20563126 -8.53 14.59 0.00 0.00 TRACK
41.292	>>> V 0.00 0.00
41.292	S 20563146 -8.61 14.59 0.00 0.00 TRACK
41.310	>>> V 0.00 0.00
41.310	S 20563166 -8.61 14.59 0.00 0.00 TRACK
41.332	>>> V 0.00 0.00
41.333	S 20563186 -8.61 14.59 0.00 0.00 TRACK
41.350	>>> V 0.00 0.00
41.350	S 20563206 -8.61 14.59 0.00 0.00 TRACK
41.371	>>> V 0.00 0.00
41.372	S 20563226 -8.61 14.59 0.00 0.00 TRACK
41.391	>>> V 0.00 0.00
41.391	S 20563246 -8.53 14.68 0.00 0.00 TRACK
41.414	>>> V 0.00 0.00
41.414	S 20563266 -8.61 14.59 0.00 0.00 TRACK
41.434	>>> V 0.00 0.00
41.434	S 20563286 -8.61 14.59 0.00 0.00 TRACK
41.453	>>> V 0.00 0.00
41.454	S 20563306 -8.61 14.59 0.00 0.00 TRACK
41.473	>>> V 0.00 0.00
41.474	S 20563326 -8.61 14.59 0.00 0.00 TRACK
41.492	>>> V 0.00 0.00
41.493	S 20563346 -8.53 14.59 0.00 0.00 TRACK
41.511	>>> V 0.00 0.00
41.511	S 20563366 -8.61 14.59 0.00 0.00 TRACK
41.532	>>> V 0.00 0.00
41.532	S 20563386 -8.61 14.59 0.00 0.00 TRACK
41.556	>>> V 0.00 0.00
41.558	S 20563406 -8.53 14.59 0.00 0.00 TRACK
41.575	>>> V 0.00 0.00
41.576	S 20563426 -8.61 14.59 0.00 0.00 TRACK
41.595	>>> V 0.00 0.00
41.595	S 20563446 -8.61 14.59 0.00 0.00 TRACK
41.613	>>> V 0.00 0.00
41.613	S 20563466 -8.61 14.59 0.00 0.00 TRACK
41.631	>>> V 0.00 0.00
41.633	S 20563486 -8.53 14.59 0.00 0.00 TRACK
41.662	>>> V 0.00 0.00
41.662	S 20563506 -8.61 14.59 0.00 0.00 TRACK
41.668	S 20563526 -8.61 14.59 0.00 0.00 TRACK
41.675	>>> V 0.00 0.00
41.692	>>> V 0.00 0.00
41.692	S 20563546 -8.61 14.59 0.00 0.00 TRACK
41.710	>>> V 0.00 0.00
41.713	S 20563566 -8.61 14.59 0.00 0.00 TRACK
41.731	>>> V 0.00 0.00
41.732	S 20563586 -8.61 14.59 0.00 0.00 TRACK
41.751	>>> V 0.00 0.00
41.752	S 20563606 -8.61 14.59 0.00 0.00 TRACK
41.771	>>> V 0.00 0.00
41.771	S 20563626 -8.61 14.59 0.00 0.00 TRACK
41.793	>>> V 0.00 0.00
41.794	S 20563646 -8.61 14.59 0.00 0.00 TRACK
41.810	>>> V 0.00 0.00
41.811	S 20563666 -8.61 14.59 0.00 0.00 TRACK
41.834	>>> V 0.00 0.00
41.839	S 20563686 -8.61 14.59 0.00 0.00 TRACK
41.854	>>> V 0.00 0.00
41.855	S 20563706 -8.61 14.59 0.00 0.00 TRACK
41.871	>>> V 0.00 0.00
41.873	S 20563726 -8.53 14.59 0.00 0.00 TRACK
41.895	>>> V 0.00 3.12
41.896	S 20563746 -8.61 14.59 0.00 0.00 TRACK
41.911	>>> V 0.00 3.72
41.911	S 20563766 -8.61 14.59 0.00 0.00 TRACK
41.932	>>> V 0.00 3.72
41.933	S 20563786 -8.61 14.59 0.00 0.00 TRACK
41.953	>>> V 0.00 0.00
41.955	S 20563806 -8.61 14.59 0.00 0.00 TRACK
41.971	>>> V 0.00 0.00
41.972	S 20563826 -8.61 14.59 0.00 0.00 TRACK
41.990	>>> V 0.00 0.00
41.991	S 20563846 -8.61 14.59 0.00 0.00 TRACK
42.015	>>> V 0.00 0.00
42.015	S 20563866 -8.61 14.59 0.00 0.00 TRACK
42.032	>>> V 0.00 0.00
42.032	S 20563886 -8.53 14.59 0.00 0.00 TRACK
42.054	>>> V 0.00 0.00
42.055	S 20563906 -8.61 14.59 0.00 0.00 TRACK
42.070	>>> V 0.00 0.00
42.071	S 20563926 -8.61 14.59 0.00 0.00 TRACK
42.091	>>> V 0.00 0.00
42.092	S 20563946 -8.61 14.59 0.00 0.00 TRACK
42.110	>>> V 0.00 0.00
42.111	S 20563966 -8.61 14.59 0.00 0.00 TRACK
42.131	>>> V 0.00 0.00
42.132	S 20563986 -8.61 14.59 0.00 0.00 TRACK
42.152	>>> V 0.00 0.00
42.152	S 20564006 -8.61 14.68 0.00 0.00 TRACK
42.173	>>> V 0.00 0.00
42.174	S 20564026 -8.61 14.59 0.00 0.00 TRACK
42.192	>>> V 0.00 0.00
42.193	S 20564046 -8.53 14.59 0.00 0.00 TRACK
42.211	>>> V 0.00 0.00
42.212	S 20564066 -8.61 14.59 0.00 0.00 TRACK
42.234	>>> V 0.00 0.00
42.234	S 20564086 -8.61 14.59 0.00 0.00 TRACK
42.252	>>> V 0.00 0.00
42.253	S 20564106 -8.61 14.59 0.00 0.00 TRACK
42.272	>>> V 0.00 0.00
42.273	S 20564126 -8.61 14.59 0.00 0.00 TRACK
42.291	>>> V 0.00 0.00
42.291	S 20564146 -8.61 14.59 0.00 0.00 TRACK
42.311	>>> V 0.00 0.00
42.311	S 20564166 -8.61 14.59 0.00 0.00 TRACK
42.331	>>> V 0.00 0.00
42.332	S 20564186 -8.61 14.59 0.00 0.00 TRACK
42.351	>>> V 0.00 0.00
42.351	S 20564206 -8.61 14.59 0.00 0.00 TRACK
42.370	>>> V 0.00 0.00
42.374	S 20564226 -8.61 14.59 0.00 0.00 TRACK
42.391	>>> V 0.00 0.00
42.392	S 20564246 -8.61 14.59 0.00 0.00 TRACK
42.412	>>> V 0.00 0.00
42.412	S 20564266 -8.61 14.59 0.00 0.00 TRACK
42.431	>>> V 0.00 0.00
42.431	S 20564286 -8.61 14.59 0.00 0.00 TRACK
42.451	>>> V 0.00 0.00
42.451	S 20564306 -8.61 14.59 0.00 0.00 TRACK
42.471	>>> V 0.00 0.00
42.471	S 20564326 -8.61 14.59 0.00 0.00 TRACK
42.492	>>> V 0.00 0.00
42.493	S 20564346 -8.61 14.59 0.00 0.00 TRACK
42.511	>>> V 0.00 0.00
42.511	S 20564366 -8.61 14.59 0.00 0.00 TRACK
42.531	>>> V 0.00 0.00
42.532	S 20564386 -8.61 14.59 0.00 0.00 TRACK
42.551	>>> V 0.00 0.00
42.553	S 20564406 -8.61 14.59 0.00 0.00 TRACK
42.571	>>> V 0.00 0.00
42.575	S 20564426 -8.61 14.68 0.00 0.00 TRACK
42.591	>>> V 0.00 0.00
42.595	S 20564446 -8.61 14.59 0.00 0.00 TRACK
42.617	>>> V 0.00 0.00
42.617	S 20564466 -8.61 14.59 0.00 0.00 TRACK
42.630	>>> V 0.00 0.00
42.631	S 20564486 -8.53 14.59 0.00 0.00 TRACK
42.655	>>> V 0.00 0.00
42.656	S 20564506 -8.61 14.59 0.00 0.00 TRACK
42.671	>>> V 0.00 0.00
42.673	S 20564526 -8.61 14.59 0.00 0.00 TRACK
42.690	>>> V 0.00 0.00
42.691	S 20564546 -8.61 14.59 0.00 0.00 TRACK
42.715	>>> V 0.00 0.00
42.716	S 20564566 -8.61 14.59 0.00 0.00 TRACK
42.735	>>> V 0.00 0.00
42.736	S 20564586 -8.61 14.59 0.00 0.00 TRACK
42.754	>>> V 0.00 0.00
42.757	S 20564606 -8.53 14.59 0.00 0.00 TRACK
42.771	>>> V 0.00 0.00
42.771	S 20564626 -8.61 14.59 0.00 0.00 TRACK
42.796	>>> V 0.00 0.00
42.796	S 20564646 -8.61 14.59 0.00 0.00 TRACK
42.813	>>> V 0.00 0.00
42.816	S 20564666 -8.53 14.59 0.00 0.00 TRACK
42.838	>>> V 0.00 0.00
42.840	S 20564686 -8.53 14.59 0.00 0.00 TRACK
42.844	S 20564706 -8.61 14.59 0.00 0.00 TRACK
42.851	>>> V 0.00 0.00
42.872	>>> V 0.00 0.00
42.873	S 20564726 -8.61 14.59 0.00 0.00 TRACK
42.892	>>> V 0.00 0.00
42.893	S 20564746 -8.61 14.68 0.00 0.00 TRACK
42.913	>>> V 0.00 0.00
42.914	S 20564766 -8.61 14.59 0.00 0.00 TRACK
42.932	>>> V 0.00 0.00
42.932	S 20564787 -8.53 14.68 0.00 0.00 TRACK
42.951	>>> V 0.00 0.00
42.953	S 20564807 -8.61 14.59 0.00 0.00 TRACK
42.976	>>> V 0.00 0.00
42.977	S 20564827 -8.53 14.59 0.00 0.00 TRACK
42.991	>>> V 0.00 0.00
42.992	S 20564847 -8.53 14.59 0.00 0.00 TRACK
43.011	>>> V 0.00 0.00
43.012	S 20564867 -8.61 14.59 0.00 0.00 TRACK
43.040	>>> V 0.00 0.00
43.041	S 20564887 -8.61 14.59 0.00 0.00 TRACK
43.044	S 20564907 -8.53 14.59 0.00 0.00 TRACK
43.053	>>> V 0.00 0.00
43.072	>>> V 0.00 0.00
43.072	S 20564927 -8.61 14.59 0.00 0.00 TRACK
43.090	>>> V 0.00 0.00
43.092	S 20564947 -8.61 14.59 0.00 0.00 TRACK
43.110	>>> V 0.00 0.00
43.111	S 20564967 -8.61 14.59 0.00 0.00 TRACK
43.136	>>> V 0.00 0.00
43.136	S 20564987 -8.61 14.59 0.00 0.00 TRACK
43.150	>>> V 0.00 0.00
43.151	S 20565007 -8.61 14.59 0.00 0.00 TRACK
43.170	>>> V 0.00 0.00
43.172	S 20565027 -8.61 14.59 0.00 0.00 TRACK
43.191	>>> V 0.00 0.00
43.192	S 20565047 -8.61 14.59 0.00 0.00 TRACK
43.212	>>> V 0.00 0.00
43.212	S 20565067 -8.53 14.59 0.00 0.00 TRACK
43.231	>>> V 0.00 0.00
43.234	S 20565087 -8.61 14.59 0.00 0.00 TRACK
43.250	>>> V 0.00 0.00
43.251	S 20565107 -8.61 14.59 0.00 0.00 TRACK
43.275	>>> V 0.00 0.00
43.276	S 20565127 -8.61 14.59 0.00 0.00 TRACK
43.291	>>> V 0.00 0.00
43.291	S 20565147 -8.61 14.59 0.00 0.00 TRACK
43.312	>>> V 0.00 0.00
43.313	S 20565167 -8.53 14.59 0.00 0.00 TRACK
43.330	>>> V 0.00 0.00
43.331	S 20565187 -8.53 14.59 0.00 0.00 TRACK
43.352	>>> V 0.00 0.00
43.352	S 20565207 -8.61 14.59 0.00 0.00 TRACK
43.370	>>> V 0.00 0.00
43.371	S 20565227 -8.53 14.59 0.00 0.00 TRACK
43.391	>>> V 0.00 0.00
43.392	S 20565247 -8.61 14.59 0.00 0.00 TRACK
43.410	>>> V 0.00 0.00
43.412	S 20565267 -8.61 14.59 0.00 0.00 TRACK
43.431	>>> V 0.00 0.00
43.431	S 20565287 -8.53 14.59 0.00 0.00 TRACK
43.451	>>> V 0.00 0.00
43.452	S 20565307 -8.61 14.59 0.00 0.00 TRACK
43.471	>>> V 0.00 0.00
43.472	S 20565327 -8.61 14.59 0.00 0.00 TRACK
43.492	>>> V 0.00 0.00
43.492	S 20565347 -8.61 14.59 0.00 0.00 TRACK
43.511	>>> V 0.00 0.00
43.512	S 20565367 -8.61 14.59 0.00 0.00 TRACK
43.531	>>> V 0.00 0.00
43.532	S 20565387 -8.61 14.59 0.00 0.00 TRACK
43.551	>>> V 0.00 0.00
43.553	S 20565407 -8.61 14.59 0.00 0.00 TRACK
43.570	>>> V 0.00 0.00
43.571	S 20565427 -8.61 14.59 0.00 0.00 TRACK
43.590	>>> V 0.00 0.00
43.592	S 20565447 -8.61 14.59 0.00 0.00 TRACK
43.610	>>> V 0.00 0.00
43.614	S 20565467 -8.61 14.59 0.00 0.00 TRACK
43.632	>>> V 0.00 0.00
43.633	S 20565487 -8.61 14.59 0.00 0.00 TRACK
43.653	>>> V 0.00 0.00
43.655	S 20565507 -8.61 14.59 0.00 0.00 TRACK
43.674	>>> V 0.00 0.00
43.675	S 20565527 -8.61 14.59 0.00 0.00 TRACK
43.693	>>> V 0.00 0.00
43.693	S 20565547 -8.53 14.59 0.00 0.00 TRACK
43.715	>>> V 0.00 0.00
43.716	S 20565567 -8.61 14.59 0.00 0.00 TRACK
43.731	>>> V 0.00 0.00
43.731	S 20565587 -8.61 14.59 0.00 0.00 TRACK
43.753	>>> V 0.00 0.00
43.754	S 20565607 -8.61 14.59 0.00 0.00 TRACK
43.772	>>> V 0.00 0.00
43.774	S 20565627 -8.61 14.59 0.00 0.00 TRACK
43.791	>>> V 0.00 0.00
43.791	S 20565647 -8.53 14.59 0.00 0.00 TRACK
43.813	>>> V 0.00 0.00
43.813	S 20565667 -8.61 14.59 0.00 0.00 TRACK
43.831	>>> V 0.00 0.00
43.831	S 20565687 -8.61 14.59 0.00 0.00 TRACK
43.851	>>> V 0.00 0.00
43.852	S 20565707 -8.53 14.59 0.00 0.00 TRACK
43.871	>>> V 0.00 0.00
43.871	S 20565727 -8.53 14.59 0.00 0.00 TRACK
43.891	>>> V 0.00 0.00
43.895	S 20565747 -8.61 14.59 0.00 0.00 TRACK
43.914	>>> V 0.00 0.00
43.915	S 20565767 -8.53 14.68 0.00 0.00 TRACK
43.934	>>> V 0.00 0.00
43.935	S 20565787 -8.61 14.59 0.00 0.00 TRACK
43.950	>>> V 0.00 0.00
43.951	S 20565807 -8.61 14.59 0.00 0.00 TRACK
43.977	>>> V 0.00 0.00
43.978	S 20565827 -8.61 14.59 0.00 0.00 TRACK
43.991	>>> V 0.00 0.00
43.992	S 20565847 -8.61 14.59 0.00 0.00 TRACK
44.011	>>> V 0.00 0.00
44.012	S 20565867 -8.53 14.59 0.00 0.00 TRACK
44.031	>>> V 0.00 0.00
44.032	S 20565887 -8.61 14.59 0.00 0.00 TRACK
44.053	>>> V 0.00 0.00
44.053	S 20565907 -8.61 14.59 0.00 0.00 TRACK
44.073	>>> V 0.00 0.00
44.075	S 20565927 -8.53 14.59 0.00 0.00 TRACK
44.092	>>> V 0.00 0.00
44.093	S 20565947 -8.61 14.59 0.00 0.00 TRACK
44.111	>>> V 0.00 0.00
44.114	S 20565967 -8.61 14.59 0.00 0.00 TRACK
44.132	>>> V 0.00 0.00
44.133	S 20565987 -8.53 14.59 0.00 0.00 TRACK
44.152	>>> V 0.00 0.00
44.155	S 20566007 -8.61 14.59 0.00 0.00 TRACK
44.180	>>> V 0.00 0.00
44.181	S 20566027 -8.53 14.59 0.00 0.00 TRACK
44.191	S 20566047 -8.61 14.59 0.00 0.00 TRACK
44.198	>>> V 0.00 0.00
44.213	>>> V 0.00 0.00
44.214	S 20566067 -8.61 14.59 0.00 0.00 TRACK
44.234	>>> V 0.00 0.00
44.236	S 20566087 -8.61 14.59 0.00 0.00 TRACK
44.253	>>> V 0.00 0.00
44.255	S 20566107 -8.61 14.59 0.00 0.00 TRACK
44.272	>>> V 0.00 0.00
44.274	S 20566127 -8.61 14.59 0.00 0.00 TRACK
44.294	>>> V 0.00 0.00
44.295	S 20566147 -8.61 14.59 0.00 0.00 TRACK
44.313	>>> V 0.00 0.00
44.315	S 20566167 -8.53 14.59 0.00 0.00 TRACK
44.336	>>> V 0.00 0.00
44.336	S 20566187 -8.61 14.59 0.00 0.00 TRACK
44.350	>>> V 0.00 0.00
44.351	S 20566207 -8.61 14.68 0.00 0.00 TRACK
44.371	>>> V 0.00 0.00
44.372	S 20566227 -8.61 14.59 0.00 0.00 TRACK
44.390	>>> V 0.00 0.00
44.390	S 20566247 -8.61 14.59 0.00 0.00 TRACK
44.411	>>> V 0.00 0.00
44.412	S 20566267 -8.53 14.59 0.00 0.00 TRACK
44.431	>>> V 0.00 0.00
44.431	S 20566287 -8.61 14.59 0.00 0.00 TRACK
44.451	>>> V 0.00 0.00
44.453	S 20566307 -8.53 14.59 0.00 0.00 TRACK
44.470	>>> V 0.00 0.00
44.470	S 20566327 -8.61 14.59 0.00 0.00 TRACK
44.491	>>> V 0.00 0.00
44.492	S 20566347 -8.61 14.59 0.00 0.00 TRACK
44.510	>>> V 0.00 0.00
44.510	S 20566367 -8.53 14.59 0.00 0.00 TRACK
44.531	>>> V 0.00 0.00
44.532	S 20566387 -8.61 14.59 0.00 0.00 TRACK
44.550	>>> V 0.00 0.00
44.551	S 20566407 -8.61 14.59 0.00 0.00 TRACK
44.572	>>> V 0.00 0.00
44.572	S 20566427 -8.61 14.59 0.00 0.00 TRACK
44.591	>>> V 0.00 0.00
44.591	S 20566447 -8.61 14.59 0.00 0.00 TRACK
44.612	>>> V 0.00 0.00
44.612	S 20566467 -8.61 14.59 0.00 0.00 TRACK
44.630	>>> V 0.00 0.00
44.632	S 20566487 -8.61 14.68 0.00 0.00 TRACK
44.657	>>> V 0.00 3.55
44.658	S 20566507 -8.61 14.59 0.00 0.00 TRACK
44.671	>>> V 0.00 3.55
44.671	S 20566527 -8.53 14.59 0.00 0.00 TRACK
44.691	>>> V 0.00 3.55
44.694	S 20566547 -8.61 14.59 0.00 0.00 TRACK
44.713	>>> V 0.00 0.00
44.715	S 20566567 -8.61 14.68 0.00 0.00 TRACK
44.733	>>> V 0.00 0.00
44.733	S 20566587 -8.61 14.77 0.00 1.37 TRACK
44.751	>>> V 0.00 0.00
44.751	S 20566607 -8.61 14.85 0.00 2.75 TRACK
44.774	>>> V 0.00 0.00
44.776	S 20566627 -8.61 14.85 0.00 2.75 TRACK
44.790	>>> V 0.00 0.00
44.791	S 20566647 -8.53 14.85 0.00 1.37 TRACK
44.816	>>> V 0.00 0.00
44.816	S 20566667 -8.61 14.85 0.00 1.37 TRACK
44.832	>>> V 0.00 0.00
44.832	S 20566687 -8.61 14.85 0.00 0.00 TRACK
44.850	>>> V 0.00 0.00
44.850	S 20566707 -8.61 14.85 0.00 0.00 TRACK
44.871	>>> V 0.00 0.00
44.872	S 20566727 -8.61 14.85 0.00 0.00 TRACK
44.892	>>> V 0.00 0.00
44.894	S 20566747 -8.61 14.85 0.00 0.00 TRACK
44.912	>>> V 0.00 0.00
44.913	S 20566767 -8.61 14.85 0.00 0.00 TRACK
44.930	>>> V 0.00 0.00
44.931	S 20566787 -8.61 14.85 0.00 0.00 TRACK
44.952	>>> V 0.00 0.00
44.953	S 20566807 -8.61 14.85 0.00 0.00 TRACK
44.970	>>> V 0.00 0.00
44.971	S 20566827 -8.61 14.85 0.00 0.00 TRACK
44.992	>>> V 0.00 0.00
44.992	S 20566847 -8.61 14.85 0.00 0.00 TRACK
45.013	>>> V 0.00 0.00
45.014	S 20566867 -8.61 14.85 0.00 0.00 TRACK
45.035	>>> V 0.00 0.00
45.035	S 20566887 -8.53 14.85 0.00 0.00 TRACK
45.051	>>> V 0.00 0.00
45.052	S 20566907 -8.61 14.85 0.00 0.00 TRACK
45.076	>>> V 0.00 0.00
45.076	S 20566927 -8.61 14.85 0.00 0.00 TRACK
45.092	>>> V 0.00 0.00
45.095	S 20566947 -8.61 14.85 0.00 0.00 TRACK
45.113	>>> V 0.00 0.00
45.115	S 20566967 -8.61 14.85 0.00 0.00 TRACK
45.135	>>> V 0.00 0.00
45.138	S 20566987 -8.61 14.85 0.00 0.00 TRACK
45.151	>>> V 0.00 0.00
45.152	S 20567007 -8.61 14.85 0.00 0.00 TRACK
45.177	>>> V 0.00 0.00
45.177	S 20567027 -8.61 14.85 0.00 0.00 TRACK
45.190	>>> V 0.00 0.00
45.191	S 20567047 -8.61 14.85 0.00 0.00 TRACK
45.214	>>> V 0.00 0.00
45.214	S 20567067 -8.61 14.85 0.00 0.00 TRACK
45.231	>>> V 0.00 0.00
45.232	S 20567087 -8.53 14.85 0.00 0.00 TRACK
45.253	>>> V 0.00 0.00
45.253	S 20567107 -8.61 14.85 0.00 0.00 TRACK
45.275	>>> V 0.00 0.00
45.275	S 20567127 -8.61 14.85 0.00 0.00 TRACK
45.291	>>> V 0.00 0.00
45.294	S 20567147 -8.53 14.85 0.00 0.00 TRACK
45.311	>>> V 0.00 0.00
45.311	S 20567167 -8.61 14.85 0.00 0.00 TRACK
45.330	>>> V 0.00 0.00
45.331	S 20567187 -8.61 14.85 0.00 0.00 TRACK
45.351	>>> V 0.00 0.00
45.351	S 20567207 -8.61 14.85 0.00 0.00 TRACK
45.370	>>> V 0.00 0.00
45.372	S 20567227 -8.61 14.85 0.00 0.00 TRACK
45.393	>>> V 0.00 0.00
45.394	S 20567247 -8.61 14.85 0.00 0.00 TRACK
45.412	>>> V 0.00 0.00
45.414	S 20567267 -8.61 14.85 0.00 0.00 TRACK
45.432	>>> V 0.00 0.00
45.432	S 20567287 -8.61 14.85 0.00 0.00 TRACK
45.451	>>> V 0.00 0.00
45.452	S 20567307 -8.53 14.85 0.00 0.00 TRACK
45.471	>>> V 0.00 0.00
45.474	S 20567327 -8.61 14.85 0.00 0.00 TRACK
45.492	>>> V 0.00 0.00
45.492	S 20567347 -8.61 14.85 0.00 0.00 TRACK
45.513	>>> V 0.00 0.00
45.516	S 20567367 -8.53 14.85 0.00 0.00 TRACK
45.535	>>> V 0.00 0.00
45.537	S 20567387 -8.61 14.85 0.00 0.00 TRACK
45.551	>>> V 0.00 0.00
45.553	S 20567407 -8.61 14.85 0.00 0.00 TRACK
45.576	>>> V 0.00 0.00
45.576	S 20567427 -8.61 14.85 0.00 0.00 TRACK
45.592	>>> V 0.00 0.00
45.592	S 20567447 -8.53 14.85 0.00 0.00 TRACK
45.611	>>> V 0.00 0.00
45.611	S 20567467 -8.61 14.85 0.00 0.00 TRACK
45.631	>>> V 0.00 0.00
45.633	S 20567487 -8.53 14.85 0.00 0.00 TRACK
45.651	>>> V 0.00 0.00
45.654	S 20567507 -8.61 14.85 0.00 0.00 TRACK
45.676	>>> V 0.00 0.00
45.678	S 20567527 -8.53 14.85 0.00 0.00 TRACK
45.695	>>> V 0.00 0.00
45.697	S 20567547 -8.61 14.85 0.00 0.00 TRACK
45.713	>>> V 0.00 0.00
45.716	S 20567567 -8.53 14.85 0.00 0.00 TRACK
45.732	>>> V 0.00 0.00
45.733	S 20567587 -8.61 14.85 0.00 0.00 TRACK
45.754	>>> V 0.00 0.00
45.756	S 20567607 -8.53 14.85 0.00 0.00 TRACK
45.773	>>> V 0.00 0.00
45.773	S 20567627 -8.61 14.85 0.00 0.00 TRACK
45.795	>>> V 0.00 0.00
45.796	S 20567647 -8.53 14.85 0.00 0.00 TRACK
45.811	>>> V 0.00 0.00
45.811	S 20567667 -8.53 14.85 0.00 0.00 TRACK
45.831	>>> V 0.00 0.00
45.832	S 20567687 -8.53 14.85 0.00 0.00 TRACK
45.851	>>> V 0.00 0.00
45.852	S 20567707 -8.61 14.85 0.00 0.00 TRACK
45.871	>>> V 0.00 0.00
45.872	S 20567727 -8.53 14.85 0.00 0.00 TRACK
45.891	>>> V 0.00 0.00
45.892	S 20567747 -8.61 14.85 0.00 0.00 TRACK
45.912	>>> V 0.00 0.00
45.912	S 20567767 -8.61 14.85 0.00 0.00 TRACK
45.935	>>> V 0.00 0.00
45.937	S 20567787 -8.61 14.85 0.00 0.00 TRACK
45.954	>>> V 0.00 0.00
45.956	S 20567807 -8.61 14.85 0.00 0.00 TRACK
45.972	>>> V 0.00 0.00
45.972	S 20567827 -8.61 14.85 0.00 0.00 TRACK
45.993	>>> V 0.00 0.00
45.995	S 20567847 -8.53 14.85 0.00 0.00 TRACK
46.013	>>> V 0.00 0.00
46.013	S 20567867 -8.61 14.85 0.00 0.00 TRACK
46.032	>>> V 0.00 0.00
46.033	S 20567887 -8.61 14.85 0.00 0.00 TRACK
46.052	>>> V 0.00 0.00
46.052	S 20567907 -8.53 14.85 0.00 0.00 TRACK
46.071	>>> V 0.00 0.00
46.075	S 20567927 -8.53 14.85 0.00 0.00 TRACK
46.094	>>> V 0.00 0.00
46.095	S 20567947 -8.61 14.85 0.00 0.00 TRACK
46.115	>>> V 0.00 0.00
46.116	S 20567967 -8.61 14.85 0.00 0.00 TRACK
46.131	>>> V 0.00 0.00
46.133	S 20567987 -8.61 14.85 0.00 0.00 TRACK
46.152	>>> V 0.00 0.00
46.154	S 20568007 -8.61 14.85 0.00 0.00 TRACK
46.175	>>> V 0.00 0.00
46.176	S 20568027 -8.53 14.85 0.00 0.00 TRACK
46.190	>>> V 0.00 0.00
46.191	S 20568047 -8.61 14.85 0.00 0.00 TRACK
46.212	>>> V 0.00 0.00
46.213	S 20568067 -8.61 14.85 0.00 0.00 TRACK
46.232	>>> V 0.00 0.00
46.233	S 20568087 -8.61 14.85 0.00 0.00 TRACK
46.252	>>> V 0.00 0.00
46.252	S 20568107 -8.61 14.85 0.00 0.00 TRACK
46.271	>>> V 0.00 0.00
46.273	S 20568127 -8.61 14.85 0.00 0.00 TRACK
46.293	>>> V 0.00 0.00
46.294	S 20568147 -8.61 14.85 0.00 0.00 TRACK
46.311	>>> V 0.00 0.00
46.312	S 20568167 -8.61 14.85 0.00 0.00 TRACK
46.331	>>> V 0.00 0.00
46.331	S 20568187 -8.61 14.85 0.00 0.00 TRACK
46.351	>>> V 0.00 0.00
46.352	S 20568207 -8.61 14.85 0.00 0.00 TRACK
46.372	>>> V 0.00 0.00
46.373	S 20568227 -8.53 14.85 0.00 0.00 TRACK
46.390	>>> V 0.00 0.00
46.391	S 20568247 -8.61 14.85 0.00 0.00 TRACK
46.413	>>> V 0.00 0.00
46.414	S 20568267 -8.61 14.85 0.00 0.00 TRACK
46.430	>>> V 0.00 0.00
46.431	S 20568287 -8.61 14.85 0.00 0.00 TRACK
46.451	>>> V 0.00 0.00
46.452	S 20568307 -8.61 14.85 0.00 0.00 TRACK
46.471	>>> V 0.00 0.00
46.472	S 20568327 -8.61 14.85 0.00 0.00 TRACK
46.490	>>> V 0.00 0.00
46.491	S 20568347 -8.61 14.85 0.00 0.00 TRACK
46.511	>>> V 0.00 0.00
46.512	S 20568367 -8.61 14.85 0.00 0.00 TRACK
46.534	>>> V 0.00 0.00
46.535	S 20568387 -8.53 14.85 0.00 0.00 TRACK
46.552	>>> V 0.00 0.00
46.553	S 20568407 -8.61 14.85 0.00 0.00 TRACK
46.571	>>> V 0.00 0.00
46.571	S 20568427 -8.61 14.85 0.00 0.00 TRACK
46.591	>>> V 0.00 0.00
46.592	S 20568447 -8.61 14.85 0.00 0.00 TRACK
46.610	>>> V 0.00 0.00
46.611	S 20568467 -8.61 14.85 0.00 0.00 TRACK
46.632	>>> V 0.00 0.00
46.633	S 20568487 -8.61 14.85 0.00 0.00 TRACK
46.651	>>> V 0.00 0.00
46.652	S 20568507 -8.53 14.85 0.00 0.00 TRACK
46.672	>>> V 0.00 0.00
46.673	S 20568527 -8.53 14.85 0.00 0.00 TRACK
46.691	>>> V 0.00 0.00
46.692	S 20568547 -8.61 14.85 0.00 0.00 TRACK
46.713	>>> V 0.00 0.00
46.713	S 20568567 -8.53 14.85 0.00 0.00 TRACK
46.731	>>> V 0.00 0.00
46.731	S 20568587 -8.53 14.85 0.00 0.00 TRACK
46.752	>>> V 0.00 0.00
46.752	S 20568607 -8.53 14.85 0.00 0.00 TRACK
46.772	>>> V 0.00 0.00
46.772	S 20568627 -8.61 14.85 0.00 0.00 TRACK
46.792	>>> V 0.00 0.00
46.794	S 20568647 -8.61 14.85 0.00 0.00 TRACK
46.818	>>> V 0.00 0.00
46.819	S 20568667 -8.61 14.85 0.00 0.00 TRACK
46.834	>>> V 0.00 0.00
46.835	S 20568687 -8.53 14.85 0.00 0.00 TRACK
46.853	>>> V 0.00 0.00
46.854	S 20568707 -8.61 14.85 0.00 0.00 TRACK
46.874	>>> V 0.00 0.00
46.875	S 20568727 -8.61 14.85 0.00 0.00 TRACK
46.890	>>> V 0.00 0.00
46.894	S 20568747 -8.61 14.85 0.00 0.00 TRACK
46.911	>>> V 0.00 0.00
46.911	S 20568767 -8.61 14.85 0.00 0.00 TRACK
46.930	>>> V 0.00 0.00
46.931	S 20568787 -8.53 14.85 0.00 0.00 TRACK
46.951	>>> V 0.00 0.00
46.952	S 20568807 -8.61 14.85 0.00 0.00 TRACK
46.971	>>> V 0.00 0.00
46.973	S 20568827 -8.61 14.85 0.00 0.00 TRACK
46.993	>>> V 0.00 0.00
46.993	S 20568847 -8.61 14.85 0.00 0.00 TRACK
47.011	>>> V 0.00 0.00
47.012	S 20568867 -8.53 14.85 0.00 0.00 TRACK
47.031	>>> V 0.00 0.00
47.035	S 20568887 -8.53 14.85 0.00 0.00 TRACK
47.052	>>> V 0.00 0.00
47.052	S 20568907 -8.53 14.85 0.00 0.00 TRACK
47.074	>>> V 0.00 0.00
47.075	S 20568927 -8.53 14.85 0.00 0.00 TRACK
47.090	>>> V 0.00 0.00
47.092	S 20568947 -8.61 14.85 0.00 0.00 TRACK
47.112	>>> V 0.00 0.00
47.113	S 20568967 -8.61 14.85 0.00 0.00 TRACK
47.130	>>> V 0.00 0.00
47.131	S 20568987 -8.61 14.85 0.00 0.00 TRACK
47.152	>>> V 0.00 0.00
47.153	S 20569007 -8.61 14.85 0.00 0.00 TRACK
47.174	>>> V 0.00 0.00
47.174	S 20569027 -8.61 14.85 0.00 0.00 TRACK
47.190	>>> V 0.00 0.00
47.191	S 20569047 -8.61 14.85 0.00 0.00 TRACK
47.211	>>> V 0.00 0.00
47.211	S 20569067 -8.61 14.85 0.00 0.00 TRACK
47.232	>>> V 0.00 0.00
47.232	S 20569087 -8.53 14.85 0.00 0.00 TRACK
47.254	>>> V 0.00 0.00
47.254	S 20569107 -8.53 14.85 0.00 0.00 TRACK
47.272	>>> V 0.00 0.00
47.272	S 20569127 -8.53 14.85 0.00 0.00 TRACK
47.296	>>> V 0.00 0.00
47.296	S 20569147 -8.61 14.85 0.00 0.00 TRACK
47.314	>>> V 0.00 0.00
47.315	S 20569167 -8.61 14.85 0.00 0.00 TRACK
47.331	>>> V 0.00 0.00
47.332	S 20569187 -8.53 14.85 0.00 0.00 TRACK
47.350	>>> V 0.00 0.00
47.353	S 20569207 -8.53 14.85 0.00 0.00 TRACK
47.374	>>> V 0.00 0.00
47.374	S 20569227 -8.61 14.85 0.00 0.00 TRACK
47.391	>>> V 0.00 0.00
47.393	S 20569247 -8.61 14.85 0.00 0.00 TRACK
47.412	>>> V 0.00 0.00
47.413	S 20569267 -8.61 14.85 0.00 0.00 TRACK
47.431	>>> V 0.00 0.00
47.432	S 20569287 -8.61 14.85 0.00 0.00 TRACK
47.450	>>> V 0.00 0.00
47.450	S 20569307 -8.61 14.85 0.00 0.00 TRACK
47.472	>>> V 0.00 0.00
47.472	S 20569327 -8.53 14.77 0.00 0.00 TRACK
47.490	>>> V 0.00 0.00
47.491	S 20569347 -8.61 14.85 0.00 0.00 TRACK
47.511	>>> V 0.00 0.00
47.512	S 20569367 -8.61 14.85 0.00 0.00 TRACK
47.530	>>> V 0.00 0.00
47.531	S 20569387 -8.61 14.85 0.00 0.00 TRACK
47.551	>>> V 0.00 0.00
47.552	S 20569407 -8.61 14.85 0.00 0.00 TRACK
47.574	>>> V 0.00 0.00
47.575	S 20569427 -8.61 14.85 0.00 0.00 TRACK
47.592	>>> V 0.00 0.00
47.593	S 20569447 -8.61 14.85 0.00 0.00 TRACK
47.611	>>> V 0.00 0.00
47.613	S 20569467 -8.61 14.85 0.00 0.00 TRACK
47.631	>>> V 0.00 0.00
47.632	S 20569487 -8.61 14.77 0.00 0.00 TRACK
47.650	>>> V 0.00 0.00
47.651	S 20569507 -8.61 14.85 0.00 0.00 TRACK
47.672	>>> V 0.00 0.00
47.673	S 20569527 -8.61 14.85 0.00 0.00 TRACK
47.692	>>> V 0.00 0.00
47.692	S 20569547 -8.53 14.85 0.00 0.00 TRACK
47.714	>>> V 0.00 0.00
47.714	S 20569567 -8.53 14.85 0.00 0.00 TRACK
47.731	>>> V 0.00 0.00
47.731	S 20569587 -8.53 14.85 0.00 0.00 TRACK
47.751	>>> V 0.00 0.00
47.752	S 20569607 -8.61 14.85 0.00 0.00 TRACK
47.773	>>> V 0.00 0.00
47.774	S 20569627 -8.61 14.85 0.00 0.00 TRACK
47.791	>>> V 0.00 0.00
47.792	S 20569647 -8.61 14.85 0.00 0.00 TRACK
47.814	>>> V 0.00 0.00
47.816	S 20569667 -8.61 14.77 0.00 0.00 TRACK
47.835	>>> V 0.00 0.00
47.838	S 20569687 -8.61 14.85 0.00 0.00 TRACK
47.854	>>> V 0.00 0.00
47.855	S 20569707 -8.61 14.85 0.00 0.00 TRACK
47.873	>>> V 0.00 0.00
47.873	S 20569727 -8.61 14.85 0.00 0.00 TRACK
47.891	>>> V 0.00 0.00
47.892	S 20569747 -8.53 14.85 0.00 0.00 TRACK
47.912	>>> V 0.00 0.00
47.913	S 20569767 -8.53 14.85 0.00 0.00 TRACK
47.930	>>> V 0.00 0.00
47.931	S 20569787 -8.61 14.85 0.00 0.00 TRACK
47.950	>>> V 0.00 0.00
47.951	S 20569807 -8.61 14.85 0.00 0.00 TRACK
47.970	>>> V 0.00 0.00
47.971	S 20569827 -8.61 14.85 0.00 0.00 TRACK
47.990	>>> V 0.00 0.00
47.991	S 20569847 -8.61 14.85 0.00 0.00 TRACK
48.011	>>> V 0.00 0.00
48.013	S 20569867 -8.61 14.85 0.00 0.00 TRACK
48.031	>>> V 0.00 0.00
48.031	S 20569887 -8.61 14.85 0.00 0.00 TRACK
48.051	>>> V 0.00 0.00
48.054	S 20569907 -8.61 14.85 0.00 0.00 TRACK
48.071	>>> V 0.00 0.00
48.073	S 20569927 -8.53 14.85 0.00 0.00 TRACK
48.091	>>> V 0.00 0.00
48.092	S 20569947 -8.61 14.85 0.00 0.00 TRACK
48.111	>>> V 0.00 0.00
48.111	S 20569967 -8.53 14.85 0.00 0.00 TRACK
48.131	>>> V 0.00 0.00
48.131	S 20569987 -8.61 14.85 0.00 0.00 TRACK
48.151	>>> V 0.00 0.00
48.151	S 20570007 -8.61 14.85 0.00 0.00 TRACK
48.171	>>> V 0.00 0.00
48.171	S 20570027 -8.53 14.85 0.00 0.00 TRACK
48.191	>>> V 0.00 0.00
48.192	S 20570047 -8.61 14.85 0.00 0.00 TRACK
48.213	>>> V 0.00 0.00
48.213	S 20570067 -8.61 14.85 0.00 0.00 TRACK
48.231	>>> V 0.00 0.00
48.233	S 20570087 -8.61 14.85 0.00 0.00 TRACK
48.251	>>> V 0.00 0.00
48.253	S 20570107 -8.61 14.85 0.00 0.00 TRACK
48.274	>>> V 0.00 0.00
48.275	S 20570127 -8.61 14.85 0.00 0.00 TRACK
48.291	>>> V 0.00 0.00
48.292	S 20570147 -8.61 14.85 0.00 0.00 TRACK
48.316	>>> V 0.00 0.00
48.316	S 20570167 -8.53 14.85 0.00 0.00 TRACK
48.331	>>> V 0.00 0.00
48.331	S 20570187 -8.61 14.85 0.00 0.00 TRACK
48.354	>>> V 0.00 0.00
48.355	S 20570207 -8.61 14.85 0.00 0.00 TRACK
48.370	>>> V 0.00 0.00
48.371	S 20570227 -8.61 14.85 0.00 0.00 TRACK
48.391	>>> V 0.00 0.00
48.393	S 20570247 -8.61 14.85 0.00 0.00 TRACK
48.412	>>> V 0.00 0.00
48.415	S 20570267 -8.61 14.85 0.00 0.00 TRACK
48.433	>>> V 0.00 0.00
48.433	S 20570287 -8.61 14.85 0.00 0.00 TRACK
48.451	>>> V 0.00 0.00
48.451	S 20570307 -8.61 14.85 0.00 0.00 TRACK
48.470	>>> V 0.00 0.00
48.471	S 20570327 -8.53 14.85 0.00 0.00 TRACK
48.491	>>> V 0.00 0.00
48.492	S 20570347 -8.61 14.85 0.00 0.00 TRACK
48.512	>>> V 0.00 0.00
48.512	S 20570367 -8.53 14.85 0.00 0.00 TRACK
48.531	>>> V 0.00 0.00
48.531	S 20570387 -8.61 14.85 0.00 0.00 TRACK
48.550	>>> V 0.00 0.00
48.551	S 20570407 -8.61 14.85 0.00 0.00 TRACK
48.571	>>> V 0.00 0.00
48.572	S 20570427 -8.53 14.85 0.00 0.00 TRACK
48.590	>>> V 0.00 0.00
48.591	S 20570447 -8.61 14.85 0.00 0.00 TRACK
48.611	>>> V 0.00 0.00
48.611	S 20570467 -8.61 14.85 0.00 0.00 TRACK
48.633	>>> V 0.00 0.00
48.634	S 20570487 -8.53 14.85 0.00 0.00 TRACK
48.653	>>> V 0.00 0.00
48.654	S 20570507 -8.53 14.85 0.00 0.00 TRACK
48.678	>>> V 0.00 0.00
48.678	S 20570527 -8.61 14.85 0.00 0.00 TRACK
48.695	>>> V 0.00 0.00
48.697	S 20570547 -8.61 14.85 0.00 0.00 TRACK
48.713	>>> V 0.00 0.00
48.713	S 20570567 -8.61 14.85 0.00 0.00 TRACK
48.731	>>> V 0.00 0.00
48.731	S 20570587 -8.53 14.85 0.00 0.00 TRACK
48.751	>>> V 0.00 0.00
48.752	S 20570607 -8.61 14.85 0.00 0.00 TRACK
48.770	>>> V 0.00 0.00
48.773	S 20570627 -8.61 14.85 0.00 0.00 TRACK
48.792	>>> V 0.00 0.00
48.792	S 20570647 -8.53 14.85 0.00 0.00 TRACK
48.812	>>> V 0.00 0.00
48.812	S 20570667 -8.61 14.85 0.00 0.00 TRACK
48.831	>>> V 0.00 0.00
48.831	S 20570687 -8.61 14.85 0.00 0.00 TRACK
48.852	>>> V 0.00 0.00
48.853	S 20570707 -8.53 14.85 0.00 0.00 TRACK
48.873	>>> V 0.00 0.00
48.873	S 20570727 -8.61 14.85 0.00 0.00 TRACK
48.891	>>> V 0.00 0.00
48.892	S 20570747 -8.61 14.85 0.00 0.00 TRACK
48.911	>>> V 0.00 0.00
48.912	S 20570767 -8.61 14.85 0.00 0.00 TRACK
48.936	>>> V 0.00 0.00
48.941	S 20570787 -8.61 14.85 0.00 0.00 TRACK
48.943	S 20570807 -8.53 14.85 0.00 0.00 TRACK
48.954	>>> V 0.00 0.00
48.975	>>> V 0.00 0.00
48.975	S 20570827 -8.61 14.85 0.00 0.00 TRACK
48.991	>>> V 0.00 0.00
48.992	S 20570847 -8.61 14.85 0.00 0.00 TRACK
49.011	>>> V 0.00 0.00
49.013	S 20570867 -8.53 14.85 0.00 0.00 TRACK
49.031	>>> V 0.00 0.00
49.035	S 20570887 -8.61 14.85 0.00 0.00 TRACK
49.052	>>> V 0.00 0.00
49.053	S 20570907 -8.61 14.85 0.00 0.00 TRACK
49.078	>>> V 0.00 0.00
49.078	S 20570927 -8.61 14.85 0.00 0.00 TRACK
49.091	>>> V 0.00 0.00
49.093	S 20570947 -8.61 14.85 0.00 0.00 TRACK
49.112	>>> V 0.00 0.00
49.114	S 20570967 -8.61 14.85 0.00 0.00 TRACK
49.133	>>> V 0.00 0.00
49.133	S 20570987 -8.61 14.85 0.00 0.00 TRACK
49.151	>>> V 0.00 0.00
49.153	S 20571007 -8.61 14.85 0.00 0.00 TRACK
49.173	>>> V 0.00 0.00
49.175	S 20571027 -8.61 14.85 0.00 0.00 TRACK
49.191	>>> V 0.00 0.00
49.192	S 20571047 -8.61 14.85 0.00 0.00 TRACK
49.212	>>> V 0.00 0.00
49.215	S 20571067 -8.61 14.85 0.00 0.00 TRACK
49.233	>>> V 0.00 0.00
49.234	S 20571087 -8.61 14.85 0.00 0.00 TRACK
49.253	>>> V 0.00 0.00
49.254	S 20571107 -8.61 14.85 0.00 0.00 TRACK
49.270	>>> V 0.00 0.00
49.271	S 20571127 -8.61 14.77 0.00 0.00 TRACK
49.292	>>> V 0.00 0.00
49.293	S 20571147 -8.61 14.85 0.00 0.00 TRACK
49.311	>>> V 0.00 0.00
49.311	S 20571167 -8.53 14.85 0.00 0.00 TRACK
49.332	>>> V 0.00 0.00
49.332	S 20571187 -8.61 14.85 0.00 0.00 TRACK
49.351	>>> V 0.00 0.00
49.352	S 20571207 -8.61 14.77 0.00 0.00 TRACK
49.371	>>> V 0.00 0.00
49.372	S 20571227 -8.61 14.85 0.00 0.00 TRACK
49.393	>>> V 0.00 0.00
49.394	S 20571247 -8.53 14.85 0.00 0.00 TRACK
49.412	>>> V 0.00 0.00
49.413	S 20571267 -8.53 14.85 0.00 0.00 TRACK
49.434	>>> V 0.00 0.00
49.437	S 20571287 -8.61 14.85 0.00 0.00 TRACK
49.450	>>> V 0.00 0.00
49.451	S 20571307 -8.61 14.85 0.00 0.00 TRACK
49.471	>>> V 0.00 0.00
49.471	S 20571327 -8.61 14.85 0.00 0.00 TRACK
49.490	>>> V 0.00 0.00
49.491	S 20571347 -8.61 14.85 0.00 0.00 TRACK
49.513	>>> V 0.00 0.00
49.514	S 20571367 -8.53 14.85 0.00 0.00 TRACK
49.531	>>> V 0.00 0.00
49.534	S 20571387 -8.61 14.85 0.00 0.00 TRACK
49.551	>>> V 0.00 0.00
49.551	S 20571407 -8.53 14.85 0.00 0.00 TRACK
49.571	>>> V 0.00 0.00
49.572	S 20571427 -8.53 14.85 0.00 0.00 TRACK
49.592	>>> V 0.00 0.00
49.592	S 20571447 -8.53 14.85 0.00 0.00 TRACK
49.611	>>> V 0.00 0.00
49.611	S 20571467 -8.53 14.85 0.00 0.00 TRACK
49.632	>>> V 0.00 0.00
49.632	S 20571487 -8.61 14.85 0.00 0.00 TRACK
49.652	>>> V 0.00 0.00
49.652	S 20571507 -8.61 14.85 0.00 0.00 TRACK
49.673	>>> V 0.00 0.00
49.673	S 20571527 -8.53 14.85 0.00 0.00 TRACK
49.691	>>> V 0.00 0.00
49.691	S 20571547 -8.61 14.85 0.00 0.00 TRACK
49.712	>>> V 0.00 0.00
49.712	S 20571567 -8.61 14.85 0.00 0.00 TRACK
49.733	>>> V 0.00 0.00
49.733	S 20571587 -8.61 14.85 0.00 0.00 TRACK
49.751	>>> V 0.00 0.00
49.754	S 20571607 -8.53 14.85 0.00 0.00 TRACK
49.773	>>> V 0.00 0.00
49.774	S 20571627 -8.53 14.85 0.00 0.00 TRACK
49.793	>>> V 0.00 0.00
49.794	S 20571647 -8.53 14.85 0.00 0.00 TRACK
49.811	>>> V 0.00 0.00
49.812	S 20571667 -8.61 14.85 0.00 0.00 TRACK
49.835	>>> V 0.00 0.00
49.836	S 20571687 -8.61 14.85 0.00 0.00 TRACK
49.853	>>> V 0.00 0.00
49.854	S 20571707 -8.61 14.85 0.00 0.00 TRACK
49.870	>>> V 0.00 0.00
49.871	S 20571727 -8.61 14.85 0.00 0.00 TRACK
49.892	>>> V 0.00 0.00
49.892	S 20571747 -8.53 14.85 0.00 0.00 TRACK
49.914	>>> V 0.00 0.00
49.914	S 20571767 -8.61 14.85 0.00 0.00 TRACK
49.932	>>> V 0.00 0.00
49.932	S 20571787 -8.61 14.85 0.00 0.00 TRACK
49.952	>>> V 0.00 0.00
49.954	S 20571807 -8.61 14.85 0.00 0.00 TRACK
49.973	>>> V 0.00 0.00
49.973	S 20571827 -8.61 14.85 0.00 0.00 TRACK
49.991	>>> V 0.00 0.00
49.992	S 20571847 -8.53 14.85 0.00 0.00 TRACK
50.012	>>> V 0.00 0.00
50.012	S 20571867 -8.61 14.85 0.00 0.00 TRACK
50.030	>>> V 0.00 0.00
50.031	S 20571887 -8.61 14.85 0.00 0.00 TRACK
50.052	>>> V 0.00 0.00
50.055	S 20571907 -8.61 14.85 0.00 0.00 TRACK
50.071	>>> V 0.00 0.00
50.071	S 20571927 -8.61 14.85 0.00 0.00 TRACK
50.093	>>> V 0.00 0.00
50.093	S 20571947 -8.53 14.85 0.00 0.00 TRACK
50.111	>>> V 0.00 0.00
50.112	S 20571967 -8.53 14.85 0.00 0.00 TRACK
50.133	>>> V 0.00 0.00
50.134	S 20571987 -8.53 14.85 0.00 0.00 TRACK
50.151	>>> V 0.00 0.00
50.152	S 20572007 -8.61 14.85 0.00 0.00 TRACK
50.174	>>> V 0.00 0.00
50.176	S 20572027 -8.61 14.85 0.00 0.00 TRACK
50.191	>>> V 0.00 0.00
50.194	S 20572047 -8.61 14.85 0.00 0.00 TRACK
50.212	>>> V 0.00 0.00
50.214	S 20572067 -8.61 14.85 0.00 0.00 TRACK
50.234	>>> V 0.00 0.00
50.235	S 20572087 -8.61 14.85 0.00 0.00 TRACK
50.251	>>> V 0.00 0.00
50.252	S 20572107 -8.61 14.85 0.00 0.00 TRACK
50.272	>>> V 0.00 0.00
50.272	S 20572128 -8.61 14.85 0.00 0.00 TRACK
50.292	>>> V 0.00 0.00
50.294	S 20572148 -8.61 14.85 0.00 0.00 TRACK
50.310	>>> V 0.00 0.00
50.311	S 20572168 -8.61 14.85 0.00 0.00 TRACK
50.331	>>> V 0.00 0.00
50.331	S 20572188 -8.61 14.85 0.00 0.00 TRACK
50.351	>>> V 0.00 0.00
50.351	S 20572208 -8.61 14.85 0.00 0.00 TRACK
50.373	>>> V 0.00 0.00
50.374	S 20572228 -8.61 14.85 0.00 0.00 TRACK
50.391	>>> V 0.00 0.00
50.391	S 20572248 -8.61 14.85 0.00 0.00 TRACK
50.410	>>> V 0.00 0.00
50.413	S 20572268 -8.61 14.85 0.00 0.00 TRACK
50.430	>>> V 0.00 0.00
50.431	S 20572288 -8.61 14.85 0.00 0.00 TRACK
50.452	>>> V 0.00 0.00
50.452	S 20572308 -8.61 14.85 0.00 0.00 TRACK
50.470	>>> V 0.00 0.00
50.471	S 20572328 -8.53 14.85 0.00 0.00 TRACK
50.490	>>> V 0.00 0.00
50.491	S 20572348 -8.61 14.85 0.00 0.00 TRACK
50.511	>>> V 0.00 0.00
50.511	S 20572368 -8.61 14.85 0.00 0.00 TRACK
50.531	>>> V 0.00 0.00
50.531	S 20572388 -8.61 14.85 0.00 0.00 TRACK
50.551	>>> V 0.00 0.00
50.551	S 20572408 -8.61 14.85 0.00 0.00 TRACK
50.570	>>> V 0.00 0.00
50.571	S 20572428 -8.61 14.85 0.00 0.00 TRACK
50.591	>>> V 0.00 0.00
50.591	S 20572448 -8.61 14.85 0.00 0.00 TRACK
50.611	>>> V 0.00 0.00
50.611	S 20572468 -8.61 14.85 0.00 0.00 TRACK
50.631	>>> V 0.00 0.00
50.632	S 20572488 -8.53 14.85 0.00 0.00 TRACK
50.650	>>> V 0.00 0.00
50.651	S 20572508 -8.53 14.85 0.00 0.00 TRACK
50.675	>>> V 0.00 0.00
50.675	S 20572528 -8.61 14.85 0.00 0.00 TRACK
50.693	>>> V 0.00 0.00
50.694	S 20572548 -8.61 14.85 0.00 0.00 TRACK
50.715	>>> V 0.00 0.00
50.715	S 20572568 -8.61 14.85 0.00 0.00 TRACK
50.731	>>> V 0.00 0.00
50.731	S 20572588 -8.61 14.85 0.00 0.00 TRACK
50.751	>>> V 0.00 0.00
50.752	S 20572608 -8.53 14.85 0.00 0.00 TRACK
50.772	>>> V 0.00 0.00
50.772	S 20572628 -8.61 14.85 0.00 0.00 TRACK
50.791	>>> V 0.00 0.00
50.791	S 20572648 -8.61 14.85 0.00 0.00 TRACK
50.811	>>> V 0.00 0.00
50.812	S 20572668 -8.61 14.85 0.00 0.00 TRACK
50.831	>>> V 0.00 0.00
50.832	S 20572688 -8.53 14.85 0.00 0.00 TRACK
50.851	>>> V 0.00 0.00
50.854	S 20572708 -8.61 14.85 0.00 0.00 TRACK
50.872	>>> V 0.00 0.00
50.873	S 20572728 -8.61 14.85 0.00 0.00 TRACK
50.890	>>> V 0.00 0.00
50.891	S 20572748 -8.53 14.85 0.00 0.00 TRACK
50.912	>>> V 0.00 0.00
50.913	S 20572768 -8.61 14.85 0.00 0.00 TRACK
50.930	>>> V 0.00 0.00
50.931	S 20572788 -8.53 14.85 0.00 0.00 TRACK
50.951	>>> V 0.00 0.00
50.953	S 20572808 -8.61 14.85 0.00 0.00 TRACK
50.976	>>> V 0.00 0.00
50.976	S 20572828 -8.53 14.85 0.00 0.00 TRACK
50.991	>>> V 0.00 0.00
50.993	S 20572848 -8.61 14.85 0.00 0.00 TRACK
51.015	>>> V 0.00 0.00
51.018	S 20572868 -8.53 14.85 0.00 0.00 TRACK
51.031	>>> V 0.00 0.00
51.031	S 20572888 -8.53 14.85 0.00 0.00 TRACK
51.052	>>> V 0.00 0.00
51.053	S 20572908 -8.53 14.85 0.00 0.00 TRACK
51.071	>>> V 0.00 0.00
51.071	S 20572928 -8.53 14.85 0.00 0.00 TRACK
51.092	>>> V 0.00 0.00
51.093	S 20572948 -8.61 14.85 0.00 0.00 TRACK
51.110	>>> V 0.00 0.00
51.111	S 20572968 -8.61 14.85 0.00 0.00 TRACK
51.134	>>> V 0.00 0.00
51.134	S 20572988 -8.61 14.85 0.00 0.00 TRACK
51.150	>>> V 0.00 0.00
51.151	S 20573008 -8.53 14.85 0.00 0.00 TRACK
51.171	>>> V 0.00 0.00
51.171	S 20573028 -8.61 14.85 0.00 0.00 TRACK
51.191	>>> V 0.00 0.00
51.191	S 20573048 -8.61 14.85 0.00 0.00 TRACK
51.212	>>> V 0.00 0.00
51.213	S 20573068 -8.61 14.85 0.00 0.00 TRACK
51.231	>>> V 0.00 0.00
51.231	S 20573088 -8.61 14.85 0.00 0.00 TRACK
51.251	>>> V 0.00 0.00
51.251	S 20573108 -8.61 14.85 0.00 0.00 TRACK
51.272	>>> V 0.00 0.00
51.273	S 20573128 -8.61 14.85 0.00 0.00 TRACK
51.294	>>> V 0.00 0.00
51.295	S 20573148 -8.53 14.85 0.00 0.00 TRACK
51.314	>>> V 0.00 0.00
51.317	S 20573168 -8.61 14.85 0.00 0.00 TRACK
51.340	>>> V 0.00 0.00
51.341	S 20573188 -8.61 14.85 0.00 0.00 TRACK
51.359	>>> V 0.00 0.00
51.361	S 20573208 -8.61 14.85 0.00 0.00 TRACK
51.363	S 20573228 -8.61 14.85 0.00 0.00 TRACK
51.373	>>> V 0.00 0.00
51.393	>>> V 0.00 0.00
51.394	S 20573248 -8.61 14.85 0.00 0.00 TRACK
51.415	>>> V 0.00 0.00
51.416	S 20573268 -8.53 14.85 0.00 0.00 TRACK
51.434	>>> V 0.00 0.00
51.434	S 20573288 -8.53 14.85 0.00 0.00 TRACK
51.453	>>> V 0.00 0.00
51.453	S 20573308 -8.61 14.85 0.00 0.00 TRACK
51.471	>>> V 0.00 0.00
51.471	S 20573328 -8.53 14.85 0.00 0.00 TRACK
51.491	>>> V 0.00 0.00
51.493	S 20573348 -8.61 14.85 0.00 0.00 TRACK
51.510	>>> V 0.00 0.00
51.513	S 20573368 -8.61 14.85 0.00 0.00 TRACK
51.533	>>> V 0.00 0.00
51.535	S 20573388 -8.61 14.85 0.00 0.00 TRACK
51.550	>>> V 0.00 0.00
51.552	S 20573408 -8.61 14.85 0.00 0.00 TRACK
51.572	>>> V 0.00 0.00
51.573	S 20573428 -8.53 14.85 0.00 0.00 TRACK
51.591	>>> V 0.00 0.00
51.591	S 20573448 -8.53 14.85 0.00 0.00 TRACK
51.612	>>> V 0.00 0.00
51.613	S 20573468 -8.61 14.85 0.00 0.00 TRACK
51.631	>>> V 0.00 0.00
51.631	S 20573488 -8.61 14.85 0.00 0.00 TRACK
51.650	>>> V 0.00 0.00
51.655	S 20573508 -8.61 14.85 0.00 0.00 TRACK
51.671	>>> V 0.00 0.00
51.673	S 20573528 -8.61 14.85 0.00 0.00 TRACK
51.693	>>> V 0.00 0.00
51.693	S 20573548 -8.61 14.85 0.00 0.00 TRACK
51.712	>>> V 0.00 0.00
51.713	S 20573568 -8.61 14.85 0.00 0.00 TRACK
51.734	>>> V 0.00 0.00
51.735	S 20573588 -8.53 14.85 0.00 0.00 TRACK
51.754	>>> V 0.00 0.00
51.757	S 20573608 -8.53 14.85 0.00 0.00 TRACK
51.772	>>> V 0.00 0.00
51.773	S 20573628 -8.53 14.85 0.00 0.00 TRACK
51.792	>>> V 0.00 0.00
51.792	S 20573648 -8.61 14.85 0.00 0.00 TRACK
51.811	>>> V 0.00 0.00
51.815	S 20573668 -8.53 14.85 0.00 0.00 TRACK
51.830	>>> V 0.00 0.00
51.831	S 20573688 -8.61 14.85 0.00 0.00 TRACK
51.854	>>> V 0.00 0.00
51.856	S 20573708 -8.61 14.85 0.00 0.00 TRACK
51.876	>>> V 0.00 0.00
51.876	S 20573728 -8.61 14.85 0.00 0.00 TRACK
51.891	>>> V 0.00 0.00
51.892	S 20573748 -8.61 14.85 0.00 0.00 TRACK
51.911	>>> V 0.00 0.00
51.912	S 20573768 -8.61 14.85 0.00 0.00 TRACK
51.931	>>> V 0.00 0.00
51.933	S 20573788 -8.61 14.85 0.00 0.00 TRACK
51.952	>>> V -1.85 0.00
51.954	S 20573808 -8.61 14.85 0.00 0.00 TRACK
51.972	>>> V -2.37 0.00
51.973	S 20573828 -8.61 14.85 0.00 0.00 TRACK
51.992	>>> V -2.37 0.00
51.993	S 20573848 -8.61 14.85 0.00 0.00 TRACK
52.014	>>> V -3.02 0.00
52.014	S 20573868 -8.61 14.85 0.00 0.00 TRACK
52.032	>>> V -3.02 0.00
52.034	S 20573888 -8.70 14.85 0.00 0.00 TRACK
52.051	>>> V -3.50 0.00
52.057	S 20573908 -8.79 14.85 -1.37 0.00 TRACK
52.070	>>> V -3.50 0.00
52.071	S 20573928 -8.88 14.85 -1.37 0.00 TRACK
52.090	>>> V -4.00 0.00
52.092	S 20573948 -9.05 14.85 -2.75 0.00 TRACK
52.111	>>> V -4.56 0.00
52.112	S 20573968 -9.05 14.85 -2.75 0.00 TRACK
52.134	>>> V -4.56 0.00
52.134	S 20573988 -9.23 14.85 -2.75 0.00 TRACK
52.151	>>> V -5.14 0.00
52.152	S 20574008 -9.23 14.85 -2.75 0.00 TRACK
52.174	>>> V -5.14 0.00
52.174	S 20574028 -9.40 14.85 -2.75 0.00 TRACK
52.192	>>> V -5.14 0.00
52.193	S 20574048 -9.40 14.85 -2.75 0.00 TRACK
52.214	>>> V -5.96 0.00
52.215	S 20574068 -9.58 14.77 -2.75 0.00 TRACK
52.231	>>> V -5.96 0.00
52.231	S 20574088 -9.67 14.85 -4.12 0.00 TRACK
52.250	>>> V -6.36 4.63
52.251	S 20574108 -9.76 14.85 -4.12 0.00 TRACK
52.271	>>> V -6.36 4.63
52.272	S 20574128 -9.84 14.85 -4.12 0.00 TRACK
52.291	>>> V -6.36 4.63
52.291	S 20574148 -9.93 14.85 -4.12 0.00 TRACK
52.315	>>> V -6.20 5.47
52.317	S 20574168 -10.11 14.85 -4.12 0.00 TRACK
52.334	>>> V -6.20 5.47
52.334	S 20574188 -10.20 14.94 -5.50 0.00 TRACK
52.354	>>> V -5.65 5.52
52.357	S 20574208 -10.28 15.03 -5.50 1.37 TRACK
52.371	>>> V -5.65 5.52
52.372	S 20574228 -10.46 15.21 -5.50 2.75 TRACK
52.391	>>> V -5.20 5.67
52.391	S 20574248 -10.55 15.38 -4.12 4.12 TRACK
52.412	>>> V -5.20 5.67
52.412	S 20574268 -10.63 15.38 -4.12 5.50 TRACK
52.431	>>> V -4.85 5.80
52.431	S 20574288 -10.72 15.56 -5.50 5.50 TRACK
52.451	>>> V -4.85 5.80
52.452	S 20574308 -10.81 15.64 -5.50 5.50 TRACK
52.474	>>> V -4.08 5.59
52.475	S 20574328 -10.99 15.82 -5.50 5.50 TRACK
52.490	>>> V -4.08 5.59
52.491	S 20574348 -11.07 15.91 -5.50 5.50 TRACK
52.511	>>> V -4.01 5.49
52.511	S 20574368 -11.25 16.00 -5.50 5.50 TRACK
52.530	>>> V -3.93 5.00
52.531	S 20574388 -11.25 16.17 -5.50 5.50 TRACK
52.553	>>> V -3.93 5.00
52.553	S 20574408 -11.43 16.26 -5.50 5.50 TRACK
52.570	>>> V -3.93 5.00
52.571	S 20574428 -11.51 16.35 -5.50 5.50 TRACK
52.593	>>> V -3.82 4.60
52.593	S 20574448 -11.60 16.44 -4.12 5.50 TRACK
52.611	>>> V -3.82 4.60
52.612	S 20574468 -11.69 16.61 -4.12 5.50 TRACK
52.632	>>> V -3.42 4.01
52.633	S 20574488 -11.78 16.61 -4.12 4.12 TRACK
52.650	>>> V -3.42 4.01
52.652	S 20574508 -11.95 16.79 -4.12 4.12 TRACK
52.672	>>> V -3.24 3.53
52.672	S 20574528 -11.95 16.87 -4.12 4.12 TRACK
52.691	>>> V -3.24 3.53
52.692	S 20574548 -12.04 16.96 -4.12 4.12 TRACK
52.711	>>> V -3.40 3.08
52.712	S 20574568 -12.04 16.96 -2.75 4.12 TRACK
52.733	>>> V -3.40 3.08
52.733	S 20574588 -12.04 17.05 -1.37 4.12 TRACK
52.751	>>> V -3.64 0.00
52.752	S 20574608 -12.13 17.14 0.00 4.12 TRACK
52.770	>>> V -3.64 0.00
52.771	S 20574628 -12.22 17.14 0.00 2.75 TRACK
52.790	>>> V -3.74 0.00
52.791	S 20574648 -12.30 17.14 -1.37 1.37 TRACK
52.810	>>> V -3.74 0.00
52.811	S 20574668 -12.39 17.14 -2.75 0.00 TRACK
52.831	>>> V -3.80 0.00
52.832	S 20574688 -12.48 17.14 -4.12 0.00 TRACK
52.851	>>> V -3.80 0.00
52.851	S 20574708 -12.57 17.14 -4.12 0.00 TRACK
52.871	>>> V -4.17 0.00
52.872	S 20574728 -12.66 17.14 -4.12 0.00 TRACK
52.890	>>> V -4.17 0.00
52.892	S 20574748 -12.74 17.14 -4.12 0.00 TRACK
52.911	>>> V -4.65 3.05
52.912	S 20574768 -12.83 17.14 -2.75 0.00 TRACK
52.930	>>> V -4.65 3.05
52.933	S 20574788 -12.92 17.14 -2.75 0.00 TRACK
52.952	>>> V -5.14 3.72
52.952	S 20574808 -12.92 17.14 -2.75 0.00 TRACK
52.973	>>> V -5.14 3.72
52.975	S 20574828 -13.10 17.23 -2.75 0.00 TRACK
52.991	>>> V -5.05 0.00
52.992	S 20574848 -13.10 17.31 -2.75 0.00 TRACK
53.010	>>> V -5.05 0.00
53.011	S 20574868 -13.18 17.40 -2.75 2.75 TRACK
53.033	>>> V -4.82 2.88
53.033	S 20574888 -13.27 17.49 -2.75 2.75 TRACK
53.053	>>> V -4.82 2.88
53.055	S 20574908 -13.36 17.49 -4.12 2.75 TRACK
53.071	>>> V -4.50 3.10
53.071	S 20574928 -13.45 17.49 -4.12 1.37 TRACK
53.091	>>> V -3.57 3.11
53.092	S 20574948 -13.54 17.49 -4.12 0.00 TRACK
53.111	>>> V -3.30 3.19
53.113	S 20574968 -13.62 17.58 -4.12 0.00 TRACK
53.130	>>> V -2.80 0.00
53.131	S 20574988 -13.80 17.75 -4.12 0.00 TRACK
53.153	>>> V -2.43 0.00
53.154	S 20575008 -13.89 17.84 -4.12 2.75 TRACK
53.171	>>> V -2.43 0.00
53.173	S 20575028 -13.89 17.84 -4.12 2.75 TRACK
53.195	>>> V -2.24 2.85
53.195	S 20575048 -13.97 17.84 -2.75 2.75 TRACK
53.212	>>> V -2.24 2.85
53.212	S 20575068 -13.97 17.84 -2.75 1.37 TRACK
53.230	>>> V -2.30 0.00
53.231	S 20575088 -14.06 17.84 -1.37 0.00 TRACK
53.251	>>> V -2.30 0.00
53.251	S 20575108 -14.06 17.84 -1.37 0.00 TRACK
53.275	>>> V -2.01 0.00
53.278	S 20575128 -14.24 17.84 -2.75 0.00 TRACK
53.290	>>> V -1.94 0.00
53.291	S 20575148 -14.24 17.93 -2.75 0.00 TRACK
53.311	>>> V -1.94 0.00
53.312	S 20575168 -14.24 17.84 -2.75 0.00 TRACK
53.330	>>> V 0.00 0.00
53.331	S 20575188 -14.24 17.93 -1.37 0.00 TRACK
53.354	>>> V 0.00 0.00
53.355	S 20575208 -14.24 17.84 0.00 0.00 TRACK
53.370	>>> V 0.00 0.00
53.371	S 20575228 -14.33 17.84 0.00 0.00 TRACK
53.392	>>> V 0.00 0.00
53.394	S 20575248 -14.33 17.84 0.00 0.00 TRACK
53.410	>>> V 0.00 0.00
53.411	S 20575268 -14.33 17.84 0.00 0.00 TRACK
53.431	>>> V 0.00 0.00
53.432	S 20575288 -14.24 17.84 0.00 0.00 TRACK
53.451	>>> V 0.00 0.00
53.451	S 20575308 -14.33 17.93 0.00 0.00 TRACK
53.471	>>> V 0.00 0.00
53.473	S 20575328 -14.24 17.84 0.00 0.00 TRACK
53.490	>>> V 0.00 0.00
53.492	S 20575348 -14.33 17.84 0.00 0.00 TRACK
53.512	>>> V 0.00 0.00
53.513	S 20575368 -14.33 17.84 0.00 0.00 TRACK
53.530	>>> V 0.00 0.00
53.532	S 20575388 -14.33 17.84 0.00 0.00 TRACK
53.551	>>> V 0.00 0.00
53.552	S 20575408 -14.33 17.93 0.00 0.00 TRACK
53.570	>>> V 0.00 0.00
53.571	S 20575428 -14.24 17.93 0.00 0.00 TRACK
53.591	>>> V 0.00 0.00
53.591	S 20575448 -14.33 17.93 0.00 0.00 TRACK
53.610	>>> V 0.00 0.00
53.613	S 20575468 -14.33 17.84 0.00 0.00 TRACK
53.630	>>> V 0.00 0.00
53.631	S 20575488 -14.33 17.93 0.00 0.00 TRACK
53.651	>>> V 0.00 0.00
53.651	S 20575508 -14.33 17.93 0.00 0.00 TRACK
53.671	>>> V 0.00 0.00
53.671	S 20575528 -14.33 17.84 0.00 0.00 TRACK
53.691	>>> V 0.00 0.00
53.693	S 20575548 -14.33 17.84 0.00 0.00 TRACK
53.712	>>> V 0.00 0.00
53.712	S 20575568 -14.24 17.93 0.00 0.00 TRACK
53.731	>>> V 0.00 0.00
53.731	S 20575588 -14.33 17.84 0.00 0.00 TRACK
53.752	>>> V 0.00 0.00
53.752	S 20575608 -14.33 17.84 0.00 0.00 TRACK
53.773	>>> V 0.00 0.00
53.774	S 20575628 -14.33 17.84 0.00 0.00 TRACK
53.791	>>> V 0.00 0.00
53.791	S 20575648 -14.33 17.84 0.00 0.00 TRACK
53.811	>>> V 0.00 0.00
53.812	S 20575668 -14.33 17.84 0.00 0.00 TRACK
53.831	>>> V 0.00 0.00
53.832	S 20575688 -14.33 17.84 0.00 0.00 TRACK
53.853	>>> V 0.00 0.00
53.854	S 20575708 -14.33 17.93 0.00 0.00 TRACK
53.872	>>> V 0.00 0.00
53.872	S 20575728 -14.33 17.84 0.00 0.00 TRACK
53.895	>>> V 0.00 0.00
53.897	S 20575748 -14.33 17.84 0.00 0.00 TRACK
53.911	>>> V 0.00 0.00
53.912	S 20575768 -14.33 17.84 0.00 0.00 TRACK
53.934	>>> V 0.00 0.00
53.935	S 20575788 -14.33 17.84 0.00 0.00 TRACK
53.950	>>> V 0.00 0.00
53.952	S 20575808 -14.24 17.93 0.00 0.00 TRACK
53.976	>>> V 0.00 0.00
53.976	S 20575828 -14.33 17.84 0.00 0.00 TRACK
53.992	>>> V 0.00 0.00
53.994	S 20575848 -14.33 17.93 0.00 0.00 TRACK
54.013	>>> V 0.00 0.00
54.014	S 20575868 -14.33 17.84 0.00 0.00 TRACK
54.030	>>> V 0.00 4.10
54.031	S 20575888 -14.24 17.84 0.00 0.00 TRACK
54.051	>>> V 0.00 4.10
54.052	S 20575908 -14.33 17.93 0.00 0.00 TRACK
54.074	>>> V 0.00 0.00
54.074	S 20575928 -14.33 17.93 0.00 0.00 TRACK
54.090	>>> V 0.00 0.00
54.091	S 20575948 -14.33 18.02 0.00 0.00 TRACK
54.116	>>> V 0.00 0.00
54.116	S 20575968 -14.33 18.11 0.00 1.37 TRACK
54.131	>>> V 0.00 0.00
54.132	S 20575988 -14.24 18.11 0.00 2.75 TRACK
54.155	>>> V 0.00 0.00
54.156	S 20576008 -14.33 18.11 0.00 1.37 TRACK
54.173	>>> V 0.00 0.00
54.173	S 20576028 -14.33 18.11 0.00 1.37 TRACK
54.191	>>> V 0.00 0.00
54.192	S 20576048 -14.24 18.11 0.00 0.00 TRACK
54.211	>>> V 0.00 0.00
54.211	S 20576068 -14.33 18.11 0.00 0.00 TRACK
54.231	>>> V 0.00 0.00
54.231	S 20576088 -14.33 18.11 0.00 0.00 TRACK
54.252	>>> V 0.00 0.00
54.253	S 20576108 -14.24 18.11 0.00 0.00 TRACK
54.272	>>> V 0.00 0.00
54.273	S 20576128 -14.33 18.11 0.00 0.00 TRACK
54.296	>>> V 0.00 0.00
54.297	S 20576148 -14.24 18.11 0.00 0.00 TRACK
54.311	>>> V 0.00 0.00
54.311	S 20576168 -14.33 18.11 0.00 0.00 TRACK
54.333	>>> V 0.00 0.00
54.333	S 20576188 -14.33 18.11 0.00 0.00 TRACK
54.354	>>> V 0.00 0.00
54.356	S 20576208 -14.33 18.11 0.00 0.00 TRACK
54.375	>>> V 0.00 0.00
54.377	S 20576228 -14.33 18.11 0.00 0.00 TRACK
54.391	>>> V 0.00 0.00
54.392	S 20576248 -14.33 18.11 0.00 0.00 TRACK
54.415	>>> V 0.00 0.00
54.416	S 20576268 -14.33 18.11 0.00 0.00 TRACK
54.430	>>> V 0.00 0.00
54.431	S 20576288 -14.33 18.11 0.00 0.00 TRACK
54.452	>>> V 0.00 0.00
54.452	S 20576308 -14.33 18.11 0.00 0.00 TRACK
54.470	>>> V 0.00 0.00
54.471	S 20576328 -14.24 18.11 0.00 0.00 TRACK
54.493	>>> V 0.00 0.00
54.495	S 20576348 -14.33 18.11 0.00 0.00 TRACK
54.516	>>> V 0.00 0.00
54.517	S 20576368 -14.33 18.11 0.00 0.00 TRACK
54.532	>>> V 0.00 0.00
54.533	S 20576388 -14.33 18.11 0.00 0.00 TRACK
54.551	>>> V 0.00 0.00
54.555	S 20576408 -14.33 18.11 0.00 0.00 TRACK
54.571	>>> V 0.00 0.00
54.571	S 20576428 -14.33 18.11 0.00 0.00 TRACK
54.592	>>> V 0.00 0.00
54.592	S 20576448 -14.33 18.11 0.00 0.00 TRACK
54.613	>>> V 0.00 0.00
54.614	S 20576468 -14.33 18.11 0.00 0.00 TRACK
54.632	>>> V 0.00 0.00
54.632	S 20576488 -14.24 18.11 0.00 0.00 TRACK
54.650	>>> V 0.00 0.00
54.651	S 20576508 -14.33 18.11 0.00 0.00 TRACK
54.671	>>> V 0.00 0.00
54.672	S 20576528 -14.33 18.11 0.00 0.00 TRACK
54.692	>>> V 0.00 0.00
54.694	S 20576548 -14.33 18.11 0.00 0.00 TRACK
54.714	>>> V 0.00 0.00
54.717	S 20576568 -14.33 18.11 0.00 0.00 TRACK
54.732	>>> V 0.00 0.00
54.732	S 20576588 -14.24 18.11 0.00 0.00 TRACK
54.751	>>> V 0.00 0.00
54.752	S 20576608 -14.24 18.11 0.00 0.00 TRACK
54.771	>>> V 0.00 0.00
54.772	S 20576628 -14.33 18.11 0.00 0.00 TRACK
54.791	>>> V 0.00 0.00
54.792	S 20576648 -14.33 18.11 0.00 0.00 TRACK
54.810	>>> V 0.00 0.00
54.811	S 20576668 -14.33 18.11 0.00 0.00 TRACK
54.832	>>> V 0.00 0.00
54.832	S 20576688 -14.33 18.11 0.00 0.00 TRACK
54.850	>>> V 0.00 0.00
54.850	S 20576708 -14.33 18.11 0.00 0.00 TRACK
54.877	>>> V 0.00 0.00
54.877	S 20576728 -14.33 18.11 0.00 0.00 TRACK
54.891	>>> V 0.00 0.00
54.891	S 20576748 -14.33 18.11 0.00 0.00 TRACK
54.913	>>> V 0.00 0.00
54.913	S 20576768 -14.24 18.11 0.00 0.00 TRACK
54.930	>>> V 0.00 0.00
54.931	S 20576788 -14.33 18.11 0.00 0.00 TRACK
54.951	>>> V 0.00 0.00
54.951	S 20576808 -14.33 18.11 0.00 0.00 TRACK
54.975	>>> V 0.00 0.00
54.977	S 20576828 -14.33 18.11 0.00 0.00 TRACK
54.993	>>> V 0.00 0.00
54.993	S 20576848 -14.24 18.11 0.00 0.00 TRACK
55.012	>>> V 0.00 0.00
55.012	S 20576868 -14.33 18.11 0.00 0.00 TRACK
55.031	>>> V 0.00 0.00
55.031	S 20576888 -14.33 18.11 0.00 0.00 TRACK
55.050	>>> V 0.00 0.00
55.051	S 20576908 -14.33 18.11 0.00 0.00 TRACK
55.073	>>> V 0.00 0.00
55.075	S 20576928 -14.33 18.11 0.00 0.00 TRACK
55.091	>>> V 0.00 0.00
55.091	S 20576948 -14.33 18.11 0.00 0.00 TRACK
55.112	>>> V 0.00 0.00
55.112	S 20576968 -14.33 18.11 0.00 0.00 TRACK
55.137	>>> V 0.00 0.00
55.137	S 20576988 -14.33 18.11 0.00 0.00 TRACK
55.154	>>> V 0.00 0.00
55.154	S 20577008 -14.33 18.11 0.00 0.00 TRACK
55.174	>>> V 0.00 0.00
55.174	S 20577028 -14.33 18.11 0.00 0.00 TRACK
55.191	>>> V 0.00 0.00
55.191	S 20577048 -14.33 18.02 0.00 0.00 TRACK
55.212	>>> V 0.00 0.00
55.213	S 20577068 -14.24 18.11 0.00 0.00 TRACK
55.230	>>> V 0.00 0.00
55.232	S 20577088 -14.33 18.11 0.00 0.00 TRACK
55.250	>>> V 0.00 0.00
55.251	S 20577108 -14.33 18.11 0.00 0.00 TRACK
55.276	>>> V 0.00 0.00
55.278	S 20577128 -14.33 18.11 0.00 0.00 TRACK
55.291	>>> V 0.00 0.00
55.292	S 20577148 -14.33 18.11 0.00 0.00 TRACK
55.316	>>> V 0.00 0.00
55.317	S 20577168 -14.33 18.11 0.00 0.00 TRACK
55.332	>>> V 0.00 0.00
55.337	S 20577188 -14.33 18.11 0.00 0.00 TRACK
55.352	>>> V 0.00 0.00
55.354	S 20577208 -14.33 18.11 0.00 0.00 TRACK
55.371	>>> V 0.00 0.00
55.371	S 20577228 -14.33 18.11 0.00 0.00 TRACK
55.394	>>> V 0.00 0.00
55.394	S 20577248 -14.33 18.11 0.00 0.00 TRACK
55.413	>>> V 0.00 0.00
55.414	S 20577268 -14.33 18.11 0.00 0.00 TRACK
55.431	>>> V 0.00 0.00
55.431	S 20577288 -14.33 18.11 0.00 0.00 TRACK
55.452	>>> V 0.00 0.00
55.452	S 20577308 -14.33 18.11 0.00 0.00 TRACK
55.471	>>> V 0.00 0.00
55.471	S 20577328 -14.33 18.11 0.00 0.00 TRACK
55.491	>>> V 0.00 0.00
55.491	S 20577348 -14.33 18.11 0.00 0.00 TRACK
55.512	>>> V 0.00 0.00
55.512	S 20577368 -14.24 18.11 0.00 0.00 TRACK
55.530	>>> V 0.00 0.00
55.531	S 20577388 -14.24 18.11 0.00 0.00 TRACK
55.551	>>> V 0.00 0.00
55.552	S 20577408 -14.24 18.11 0.00 0.00 TRACK
55.571	>>> V 0.00 0.00
55.571	S 20577428 -14.33 18.11 0.00 0.00 TRACK
55.590	>>> V 0.00 0.00
55.591	S 20577448 -14.33 18.11 0.00 0.00 TRACK
55.613	>>> V 0.00 0.00
55.614	S 20577468 -14.33 18.11 0.00 0.00 TRACK
55.631	>>> V 0.00 0.00
55.632	S 20577488 -14.24 18.11 0.00 0.00 TRACK
55.650	>>> V 0.00 0.00
55.651	S 20577508 -14.33 18.11 0.00 0.00 TRACK
55.671	>>> V 0.00 0.00
55.671	S 20577528 -14.24 18.11 0.00 0.00 TRACK
55.691	>>> V 0.00 0.00
55.691	S 20577548 -14.24 18.11 0.00 0.00 TRACK
55.713	>>> V 0.00 0.00
55.713	S 20577568 -14.33 18.11 0.00 0.00 TRACK
55.732	>>> V 0.00 0.00
55.732	S 20577588 -14.33 18.11 0.00 0.00 TRACK
55.751	>>> V 0.00 0.00
55.752	S 20577608 -14.33 18.11 0.00 0.00 TRACK
55.770	>>> V 0.00 0.00
55.771	S 20577628 -14.24 18.11 0.00 0.00 TRACK
55.791	>>> V 0.00 0.00
55.791	S 20577648 -14.33 18.11 0.00 0.00 TRACK
55.812	>>> V 0.00 0.00
55.813	S 20577668 -14.24 18.11 0.00 0.00 TRACK
55.832	>>> V 0.00 0.00
55.833	S 20577688 -14.33 18.11 0.00 0.00 TRACK
55.855	>>> V 0.00 0.00
55.856	S 20577708 -14.33 18.11 0.00 0.00 TRACK
55.871	>>> V 0.00 0.00
55.871	S 20577728 -14.33 18.11 0.00 0.00 TRACK
55.895	>>> V 0.00 0.00
55.896	S 20577748 -14.33 18.11 0.00 0.00 TRACK
55.912	>>> V 0.00 0.00
55.913	S 20577768 -14.33 18.11 0.00 0.00 TRACK
55.932	>>> V 0.00 0.00
55.933	S 20577788 -14.33 18.11 0.00 0.00 TRACK
55.953	>>> V 0.00 0.00
55.954	S 20577808 -14.33 18.11 0.00 0.00 TRACK
55.971	>>> V 0.00 0.00
55.972	S 20577828 -14.33 18.11 0.00 0.00 TRACK
55.991	>>> V 0.00 0.00
55.992	S 20577848 -14.24 18.11 0.00 0.00 TRACK
56.012	>>> V 0.00 0.00
56.014	S 20577868 -14.33 18.11 0.00 0.00 TRACK
56.032	>>> V 0.00 0.00
56.033	S 20577888 -14.33 18.11 0.00 0.00 TRACK
56.050	>>> V 0.00 0.00
56.051	S 20577908 -14.33 18.11 0.00 0.00 TRACK
56.081	>>> V 0.00 0.00
56.081	S 20577928 -14.24 18.11 0.00 0.00 TRACK
56.091	>>> V 0.00 0.00
56.092	S 20577948 -14.24 18.11 0.00 0.00 TRACK
56.116	>>> V 0.00 0.00
56.119	S 20577968 -14.24 18.11 0.00 0.00 TRACK
56.135	>>> V 0.00 0.00
56.136	S 20577988 -14.33 18.11 0.00 0.00 TRACK
56.156	>>> V 0.00 0.00
56.158	S 20578008 -14.33 18.11 0.00 0.00 TRACK
56.171	>>> V 0.00 0.00
56.172	S 20578028 -14.33 18.11 0.00 0.00 TRACK
56.195	>>> V 0.00 0.00
56.198	S 20578048 -14.33 18.11 0.00 0.00 TRACK
56.212	>>> V 0.00 0.00
56.212	S 20578068 -14.33 18.11 0.00 0.00 TRACK
56.232	>>> V 0.00 0.00
56.233	S 20578088 -14.33 18.11 0.00 0.00 TRACK
56.252	>>> V 0.00 0.00
56.252	S 20578108 -14.33 18.11 0.00 0.00 TRACK
56.271	>>> V 0.00 0.00
56.274	S 20578128 -14.33 18.11 0.00 0.00 TRACK
56.296	>>> V 0.00 0.00
56.297	S 20578148 -14.33 18.11 0.00 0.00 TRACK
56.312	>>> V 0.00 0.00
56.312	S 20578168 -14.33 18.11 0.00 0.00 TRACK
56.332	>>> V 0.00 0.00
56.332	S 20578188 -14.33 18.11 0.00 0.00 TRACK
56.351	>>> V 0.00 0.00
56.352	S 20578208 -14.33 18.11 0.00 0.00 TRACK
56.371	>>> V 0.00 0.00
56.372	S 20578228 -14.24 18.11 0.00 0.00 TRACK
56.391	>>> V 0.00 0.00
56.393	S 20578248 -14.33 18.11 0.00 0.00 TRACK
56.414	>>> V 0.00 0.00
56.418	S 20578268 -14.24 18.11 0.00 0.00 TRACK
56.431	>>> V 0.00 0.00
56.432	S 20578288 -14.33 18.11 0.00 0.00 TRACK
56.452	>>> V 0.00 0.00
56.453	S 20578308 -14.33 18.11 0.00 0.00 TRACK
56.470	>>> V 0.00 0.00
56.472	S 20578328 -14.33 18.11 0.00 0.00 TRACK
56.494	>>> V 0.00 0.00
56.495	S 20578348 -14.33 18.11 0.00 0.00 TRACK
56.512	>>> V 0.00 0.00
56.514	S 20578368 -14.33 18.11 0.00 0.00 TRACK
56.531	>>> V 0.00 0.00
56.534	S 20578388 -14.33 18.11 0.00 0.00 TRACK
56.551	>>> V 0.00 0.00
56.551	S 20578408 -14.33 18.11 0.00 0.00 TRACK
56.571	>>> V 0.00 0.00
56.572	S 20578428 -14.33 18.11 0.00 0.00 TRACK
56.591	>>> V 0.00 0.00
56.592	S 20578448 -14.33 18.11 0.00 0.00 TRACK
56.611	>>> V 0.00 0.00
56.612	S 20578468 -14.33 18.11 0.00 0.00 TRACK
56.631	>>> V 0.00 0.00
56.632	S 20578488 -14.33 18.11 0.00 0.00 TRACK
56.656	>>> V 0.00 0.00
56.656	S 20578508 -14.33 18.11 0.00 0.00 TRACK
56.672	>>> V 0.00 0.00
56.672	S 20578528 -14.33 18.11 0.00 0.00 TRACK
56.695	>>> V 0.00 0.00
56.695	S 20578548 -14.33 18.11 0.00 0.00 TRACK
56.711	>>> V 0.00 0.00
56.711	S 20578568 -14.33 18.11 0.00 0.00 TRACK
56.731	>>> V 0.00 0.00
56.732	S 20578588 -14.33 18.11 0.00 0.00 TRACK
56.750	>>> V 0.00 0.00
56.751	S 20578608 -14.33 18.11 0.00 0.00 TRACK
56.771	>>> V 0.00 0.00
56.772	S 20578628 -14.33 18.11 0.00 0.00 TRACK
56.791	>>> V 0.00 0.00
56.792	S 20578648 -14.24 18.11 0.00 0.00 TRACK
56.811	>>> V 0.00 0.00
56.812	S 20578668 -14.24 18.11 0.00 0.00 TRACK
56.831	>>> V 0.00 0.00
56.831	S 20578688 -14.33 18.11 0.00 0.00 TRACK
56.851	>>> V 0.00 0.00
56.852	S 20578708 -14.33 18.11 0.00 0.00 TRACK
56.873	>>> V 0.00 0.00
56.874	S 20578728 -14.33 18.11 0.00 0.00 TRACK
56.890	>>> V 0.00 0.00
56.891	S 20578748 -14.33 18.11 0.00 0.00 TRACK
56.912	>>> V 0.00 0.00
56.912	S 20578768 -14.24 18.11 0.00 0.00 TRACK
56.931	>>> V 0.00 0.00
56.931	S 20578788 -14.33 18.11 0.00 0.00 TRACK
56.954	>>> V 0.00 0.00
56.954	S 20578808 -14.33 18.02 0.00 0.00 TRACK
56.970	>>> V 0.00 0.00
56.970	S 20578828 -14.33 18.11 0.00 0.00 TRACK
56.990	>>> V 0.00 0.00
56.991	S 20578848 -14.33 18.11 0.00 0.00 TRACK
57.012	>>> V 0.00 0.00
57.012	S 20578868 -14.24 18.11 0.00 0.00 TRACK
57.031	>>> V 0.00 0.00
57.031	S 20578888 -14.33 18.11 0.00 0.00 TRACK
57.050	>>> V 0.00 0.00
57.051	S 20578908 -14.33 18.11 0.00 0.00 TRACK
57.070	>>> V 0.00 0.00
57.071	S 20578928 -14.33 18.11 0.00 0.00 TRACK
57.091	>>> V 0.00 0.00
57.092	S 20578948 -14.33 18.11 0.00 0.00 TRACK
57.114	>>> V 0.00 0.00
57.114	S 20578968 -14.33 18.11 0.00 0.00 TRACK
57.131	>>> V 0.00 0.00
57.132	S 20578988 -14.33 18.11 0.00 0.00 TRACK
57.151	>>> V 0.00 0.00
57.151	S 20579008 -14.33 18.11 0.00 0.00 TRACK
57.172	>>> V 0.00 0.00
57.174	S 20579028 -14.24 18.11 0.00 0.00 TRACK
57.191	>>> V 0.00 0.00
57.192	S 20579048 -14.33 18.11 0.00 0.00 TRACK
57.214	>>> V 0.00 0.00
57.214	S 20579068 -14.33 18.11 0.00 0.00 TRACK
57.234	>>> V 0.00 0.00
57.235	S 20579088 -14.33 18.11 0.00 0.00 TRACK
57.255	>>> V 0.00 0.00
57.258	S 20579108 -14.33 18.11 0.00 0.00 TRACK
57.275	>>> V 0.00 0.00
57.276	S 20579128 -14.33 18.11 0.00 0.00 TRACK
57.295	>>> V 0.00 0.00
57.295	S 20579148 -14.33 18.11 0.00 0.00 TRACK
57.311	>>> V 0.00 0.00
57.312	S 20579168 -14.33 18.11 0.00 0.00 TRACK
57.332	>>> V 0.00 0.00
57.333	S 20579188 -14.33 18.11 0.00 0.00 TRACK
57.351	>>> V 0.00 0.00
57.351	S 20579208 -14.33 18.11 0.00 0.00 TRACK
57.371	>>> V 0.00 0.00
57.371	S 20579228 -14.33 18.11 0.00 0.00 TRACK
57.390	>>> V 0.00 0.00
57.391	S 20579248 -14.33 18.11 0.00 0.00 TRACK
57.411	>>> V 0.00 0.00
57.411	S 20579268 -14.24 18.11 0.00 0.00 TRACK
57.430	>>> V 0.00 0.00
57.431	S 20579288 -14.33 18.11 0.00 0.00 TRACK
57.450	>>> V 0.00 0.00
57.450	S 20579308 -14.33 18.11 0.00 0.00 TRACK
57.471	>>> V 0.00 0.00
57.471	S 20579328 -14.33 18.11 0.00 0.00 TRACK
57.492	>>> V 0.00 0.00
57.492	S 20579348 -14.33 18.11 0.00 0.00 TRACK
57.511	>>> V 0.00 0.00
57.512	S 20579368 -14.33 18.11 0.00 0.00 TRACK
57.532	>>> V 0.00 0.00
57.533	S 20579388 -14.24 18.11 0.00 0.00 TRACK
57.551	>>> V 0.00 0.00
57.551	S 20579408 -14.24 18.11 0.00 0.00 TRACK
57.571	>>> V 0.00 0.00
57.571	S 20579428 -14.24 18.11 0.00 0.00 TRACK
57.590	>>> V 0.00 0.00
57.591	S 20579448 -14.24 18.11 0.00 0.00 TRACK
57.613	>>> V 0.00 0.00
57.614	S 20579468 -14.33 18.11 0.00 0.00 TRACK
57.631	>>> V 0.00 0.00
57.633	S 20579488 -14.24 18.11 0.00 0.00 TRACK
57.652	>>> V 0.00 0.00
57.653	S 20579508 -14.24 18.11 0.00 0.00 TRACK
57.670	>>> V 0.00 0.00
57.671	S 20579528 -14.33 18.11 0.00 0.00 TRACK
57.692	>>> V 0.00 0.00
57.693	S 20579548 -14.33 18.11 0.00 0.00 TRACK
57.711	>>> V 0.00 0.00
57.714	S 20579568 -14.33 18.11 0.00 0.00 TRACK
57.732	>>> V 0.00 0.00
57.733	S 20579588 -14.24 18.11 0.00 0.00 TRACK
57.751	>>> V 0.00 0.00
57.753	S 20579608 -14.33 18.11 0.00 0.00 TRACK
57.772	>>> V 0.00 0.00
57.773	S 20579628 -14.33 18.11 0.00 0.00 TRACK
57.790	>>> V 0.00 0.00
57.791	S 20579648 -14.33 18.11 0.00 0.00 TRACK
57.813	>>> V 0.00 0.00
57.815	S 20579669 -14.33 18.11 0.00 0.00 TRACK
57.831	>>> V 0.00 0.00
57.831	S 20579689 -14.24 18.11 0.00 0.00 TRACK
57.852	>>> V 0.00 0.00
57.853	S 20579709 -14.33 18.11 0.00 0.00 TRACK
57.871	>>> V 0.00 0.00
57.871	S 20579729 -14.33 18.11 0.00 0.00 TRACK
57.892	>>> V 0.00 0.00
57.892	S 20579749 -14.24 18.11 0.00 0.00 TRACK
57.911	>>> V 0.00 0.00
57.912	S 20579769 -14.24 18.11 0.00 0.00 TRACK
57.931	>>> V 0.00 0.00
57.932	S 20579789 -14.33 18.11 0.00 0.00 TRACK
57.950	>>> V 0.00 0.00
57.953	S 20579809 -14.24 18.11 0.00 0.00 TRACK
57.971	>>> V 0.00 0.00
57.974	S 20579829 -14.33 18.11 0.00 0.00 TRACK
57.990	>>> V 0.00 0.00
57.990	S 20579849 -14.24 18.11 0.00 0.00 TRACK
58.011	>>> V 0.00 0.00
58.012	S 20579869 -14.33 18.11 0.00 0.00 TRACK
58.030	>>> V 0.00 0.00
58.031	S 20579889 -14.24 18.11 0.00 0.00 TRACK
58.052	>>> V 0.00 0.00
58.053	S 20579909 -14.33 18.11 0.00 0.00 TRACK
58.071	>>> V 0.00 0.00
58.071	S 20579929 -14.33 18.11 0.00 0.00 TRACK
58.092	>>> V 0.00 0.00
58.096	S 20579949 -14.33 18.11 0.00 0.00 TRACK
58.111	>>> V 0.00 0.00
58.112	S 20579969 -14.24 18.11 0.00 0.00 TRACK
58.132	>>> V 0.00 0.00
58.132	S 20579989 -14.33 18.11 0.00 0.00 TRACK
58.151	>>> V 0.00 0.00
58.151	S 20580009 -14.33 18.11 0.00 0.00 TRACK
58.172	>>> V 0.00 0.00
58.173	S 20580029 -14.33 18.11 0.00 0.00 TRACK
58.190	>>> V 0.00 0.00
58.191	S 20580049 -14.33 18.11 0.00 0.00 TRACK
58.213	>>> V 0.00 0.00
58.214	S 20580069 -14.33 18.11 0.00 0.00 TRACK
58.230	>>> V 0.00 0.00
58.230	S 20580089 -14.33 18.11 0.00 0.00 TRACK
58.251	>>> V 0.00 0.00
58.252	S 20580109 -14.33 18.11 0.00 0.00 TRACK
58.273	>>> V 0.00 0.00
58.275	S 20580129 -14.24 18.11 0.00 0.00 TRACK
58.291	>>> V 0.00 0.00
58.292	S 20580149 -14.33 18.11 0.00 0.00 TRACK
58.312	>>> V 0.00 0.00
58.312	S 20580169 -14.33 18.11 0.00 0.00 TRACK
58.332	>>> V 0.00 0.00
58.332	S 20580189 -14.33 18.11 0.00 0.00 TRACK
58.350	>>> V 0.00 0.00
58.351	S 20580209 -14.33 18.11 0.00 0.00 TRACK
58.372	>>> V 0.00 0.00
58.373	S 20580229 -14.33 18.11 0.00 0.00 TRACK
58.392	>>> V 0.00 0.00
58.392	S 20580249 -14.24 18.11 0.00 0.00 TRACK
58.410	>>> V 0.00 0.00
58.411	S 20580269 -14.33 18.02 0.00 0.00 TRACK
58.433	>>> V 0.00 0.00
58.433	S 20580289 -14.24 18.11 0.00 0.00 TRACK
58.451	>>> V 0.00 0.00
58.451	S 20580309 -14.33 18.11 0.00 0.00 TRACK
58.470	>>> V 0.00 0.00
58.470	S 20580329 -14.33 18.11 0.00 0.00 TRACK
58.491	>>> V 0.00 0.00
58.491	S 20580349 -14.33 18.11 0.00 0.00 TRACK
58.511	>>> V 0.00 0.00
58.513	S 20580369 -14.24 18.11 0.00 0.00 TRACK
58.530	>>> V 0.00 0.00
58.531	S 20580389 -14.24 18.11 0.00 0.00 TRACK
58.551	>>> V 0.00 0.00
58.552	S 20580409 -14.33 18.11 0.00 0.00 TRACK
58.574	>>> V 0.00 0.00
58.577	S 20580429 -14.33 18.11 0.00 0.00 TRACK
58.591	>>> V 0.00 0.00
58.591	S 20580449 -14.33 18.11 0.00 0.00 TRACK
58.611	>>> V 0.00 0.00
58.613	S 20580469 -14.33 18.11 0.00 0.00 TRACK
58.631	>>> V 0.00 0.00
58.631	S 20580489 -14.33 18.11 0.00 0.00 TRACK
58.651	>>> V 0.00 0.00
58.651	S 20580509 -14.33 18.11 0.00 0.00 TRACK
58.671	>>> V 0.00 0.00
58.672	S 20580529 -14.33 18.11 0.00 0.00 TRACK
58.693	>>> V 0.00 0.00
58.695	S 20580549 -14.24 18.11 0.00 0.00 TRACK
58.711	>>> V 0.00 0.00
58.711	S 20580569 -14.33 18.11 0.00 0.00 TRACK
58.731	>>> V 0.00 0.00
58.733	S 20580589 -14.33 18.11 0.00 0.00 TRACK
58.752	>>> V 0.00 0.00
58.752	S 20580609 -14.33 18.11 0.00 0.00 TRACK
58.771	>>> V 0.00 0.00
58.772	S 20580629 -14.33 18.11 0.00 0.00 TRACK
58.792	>>> V 0.00 0.00
58.792	S 20580649 -14.24 18.11 0.00 0.00 TRACK
58.813	>>> V 0.00 0.00
58.813	S 20580669 -14.33 18.11 0.00 0.00 TRACK
58.833	>>> V 0.00 0.00
58.833	S 20580689 -14.24 18.11 0.00 0.00 TRACK
58.851	>>> V 0.00 0.00
58.851	S 20580709 -14.24 18.11 0.00 0.00 TRACK
58.874	>>> V 0.00 0.00
58.875	S 20580729 -14.33 18.11 0.00 0.00 TRACK
58.891	>>> V 0.00 0.00
58.891	S 20580749 -14.33 18.11 0.00 0.00 TRACK
58.913	>>> V 0.00 0.00
58.913	S 20580769 -14.33 18.11 0.00 0.00 TRACK
58.930	>>> V 0.00 0.00
58.931	S 20580789 -14.33 18.11 0.00 0.00 TRACK
58.953	>>> V 0.00 0.00
58.954	S 20580809 -14.33 18.11 0.00 0.00 TRACK
58.970	>>> V 0.00 0.00
58.970	S 20580829 -14.24 18.11 0.00 0.00 TRACK
58.991	>>> V 0.00 0.00
58.993	S 20580849 -14.33 18.11 0.00 0.00 TRACK
59.013	>>> V 0.00 0.00
59.016	S 20580869 -14.33 18.11 0.00 0.00 TRACK
59.035	>>> V 0.00 0.00
59.035	S 20580889 -14.33 18.02 0.00 0.00 TRACK
59.051	>>> V 0.00 0.00
59.054	S 20580909 -14.33 18.11 0.00 0.00 TRACK
59.071	>>> V 0.00 0.00
59.074	S 20580929 -14.33 18.11 0.00 0.00 TRACK
59.092	>>> V 0.00 0.00
59.096	S 20580949 -14.33 18.11 0.00 0.00 TRACK
59.114	>>> V 0.00 0.00
59.116	S 20580969 -14.33 18.11 0.00 0.00 TRACK
59.134	>>> V 0.00 0.00
59.135	S 20580989 -14.33 18.11 0.00 0.00 TRACK
59.153	>>> V 0.00 0.00
59.155	S 20581009 -14.24 18.11 0.00 0.00 TRACK
59.172	>>> V 0.00 0.00
59.174	S 20581029 -14.33 18.11 0.00 0.00 TRACK
59.192	>>> V 0.00 0.00
59.194	S 20581049 -14.33 18.11 0.00 0.00 TRACK
59.212	>>> V 0.00 0.00
59.213	S 20581069 -14.33 18.11 0.00 0.00 TRACK
59.236	>>> V 0.00 0.00
59.236	S 20581089 -14.33 18.11 0.00 0.00 TRACK
59.251	>>> V 0.00 0.00
59.252	S 20581109 -14.24 18.11 0.00 0.00 TRACK
59.275	>>> V 0.00 0.00
59.276	S 20581129 -14.33 18.11 0.00 0.00 TRACK
59.295	>>> V 0.00 0.00
59.298	S 20581149 -14.33 18.11 0.00 0.00 TRACK
59.311	>>> V 0.00 0.00
59.312	S 20581169 -14.24 18.11 0.00 0.00 TRACK
59.340	>>> V 0.00 0.00
59.342	S 20581189 -14.24 18.11 0.00 0.00 TRACK
59.352	>>> V 0.00 0.00
59.355	S 20581209 -14.24 18.11 0.00 0.00 TRACK
59.379	>>> V 0.00 0.00
59.379	S 20581229 -14.33 18.11 0.00 0.00 TRACK
59.391	>>> V 0.00 0.00
59.391	S 20581249 -14.24 18.11 0.00 0.00 TRACK
59.412	>>> V 0.00 0.00
59.413	S 20581269 -14.24 18.11 0.00 0.00 TRACK
59.431	>>> V 0.00 0.00
59.431	S 20581289 -14.33 18.11 0.00 0.00 TRACK
59.452	>>> V 0.00 0.00
59.453	S 20581309 -14.33 18.11 0.00 0.00 TRACK
59.470	>>> V 0.00 0.00
59.471	S 20581329 -14.24 18.11 0.00 0.00 TRACK
59.492	>>> V 0.00 0.00
59.493	S 20581349 -14.33 18.11 0.00 0.00 TRACK
59.513	>>> V 0.00 0.00
59.513	S 20581369 -14.33 18.11 0.00 0.00 TRACK
59.532	>>> V 0.00 0.00
59.533	S 20581389 -14.33 18.11 0.00 0.00 TRACK
59.550	>>> V 0.00 0.00
59.550	S 20581409 -14.33 18.11 0.00 0.00 TRACK
59.572	>>> V 0.00 0.00
59.573	S 20581429 -14.24 18.11 0.00 0.00 TRACK
59.592	>>> V 0.00 0.00
59.593	S 20581449 -14.33 18.11 0.00 0.00 TRACK
59.616	>>> V 0.00 0.00
59.617	S 20581469 -14.24 18.11 0.00 0.00 TRACK
59.631	>>> V 0.00 0.00
59.631	S 20581489 -14.33 18.11 0.00 0.00 TRACK
59.651	>>> V 0.00 0.00
59.652	S 20581509 -14.24 18.11 0.00 0.00 TRACK
59.672	>>> V 0.00 0.00
59.672	S 20581529 -14.33 18.11 0.00 0.00 TRACK
59.690	>>> V 0.00 0.00
59.691	S 20581549 -14.33 18.11 0.00 0.00 TRACK
59.712	>>> V 0.00 0.00
59.712	S 20581569 -14.33 18.11 0.00 0.00 TRACK
59.733	>>> V 0.00 0.00
59.733	S 20581589 -14.33 18.11 0.00 0.00 TRACK
59.752	>>> V 0.00 0.00
59.752	S 20581609 -14.24 18.11 0.00 0.00 TRACK
59.771	>>> V 0.00 0.00
59.772	S 20581629 -14.33 18.11 0.00 0.00 TRACK
59.792	>>> V 0.00 0.00
59.792	S 20581649 -14.24 18.11 0.00 0.00 TRACK
59.812	>>> V 0.00 0.00
59.814	S 20581669 -14.33 18.11 0.00 0.00 TRACK
59.830	>>> V 0.00 0.00
59.831	S 20581689 -14.33 18.11 0.00 0.00 TRACK
59.852	>>> V 0.00 0.00
59.852	S 20581709 -14.24 18.11 0.00 0.00 TRACK
59.870	>>> V 0.00 0.00
59.871	S 20581729 -14.33 18.11 0.00 0.00 TRACK
59.892	>>> V 0.00 0.00
59.893	S 20581749 -14.24 18.11 0.00 0.00 TRACK
59.910	>>> V 0.00 0.00
59.911	S 20581769 -14.33 18.02 0.00 0.00 TRACK
59.931	>>> V 0.00 0.00
59.931	S 20581789 -14.24 18.11 0.00 0.00 TRACK
59.951	>>> V 0.00 0.00
59.953	S 20581809 -14.24 18.11 0.00 0.00 TRACK
59.971	>>> V 0.00 0.00
59.971	S 20581829 -14.33 18.11 0.00 0.00 TRACK
59.991	>>> V 0.00 0.00
59.991	S 20581849 -14.24 18.11 0.00 0.00 TRACK
60.012	>>> V 0.00 0.00
60.012	S 20581869 -14.33 18.11 0.00 0.00 TRACK
60.030	>>> V 0.00 0.00
60.033	S 20581889 -14.24 18.11 0.00 0.00 TRACK
60.053	>>> V 0.00 0.00
60.054	S 20581909 -14.33 18.11 0.00 0.00 TRACK
60.073	>>> V 0.00 0.00
60.073	S 20581929 -14.33 18.11 0.00 0.00 TRACK
60.093	>>> V 0.00 0.00
60.093	S 20581949 -14.24 18.11 0.00 0.00 TRACK
60.110	>>> V 0.00 0.00
60.112	S 20581969 -14.33 18.11 0.00 0.00 TRACK
60.136	>>> V 0.00 0.00
60.136	S 20581989 -14.33 18.11 0.00 0.00 TRACK
60.152	>>> V 0.00 0.00
60.156	S 20582009 -14.33 18.11 0.00 0.00 TRACK
60.171	>>> V 0.00 0.00
60.174	S 20582029 -14.24 18.11 0.00 0.00 TRACK
60.197	>>> V 0.00 0.00
60.198	S 20582049 -14.33 18.11 0.00 0.00 TRACK
60.211	>>> V 0.00 0.00
60.211	S 20582069 -14.33 18.11 0.00 0.00 TRACK
60.235	>>> V 0.00 0.00
60.237	S 20582089 -14.24 18.11 0.00 0.00 TRACK
60.250	>>> V 0.00 0.00
60.251	S 20582109 -14.33 18.11 0.00 0.00 TRACK
60.270	>>> V 0.00 0.00
60.271	S 20582129 -14.33 18.11 0.00 0.00 TRACK
60.293	>>> V 0.00 0.00
60.293	S 20582149 -14.33 18.11 0.00 0.00 TRACK
60.311	>>> V 0.00 0.00
60.312	S 20582169 -14.33 18.11 0.00 0.00 TRACK
60.330	>>> V 0.00 0.00
60.332	S 20582189 -14.33 18.11 0.00 0.00 TRACK
60.353	>>> V 0.00 0.00
60.354	S 20582209 -14.33 18.11 0.00 0.00 TRACK
60.370	>>> V 0.00 0.00
60.371	S 20582229 -14.33 18.11 0.00 0.00 TRACK
60.393	>>> V 0.00 0.00
60.393	S 20582249 -14.33 18.11 0.00 0.00 TRACK
60.413	>>> V 0.00 0.00
60.413	S 20582269 -14.33 18.11 0.00 0.00 TRACK
60.432	>>> V 0.00 0.00
60.433	S 20582289 -14.33 18.11 0.00 0.00 TRACK
60.450	>>> V 0.00 0.00
60.451	S 20582309 -14.33 18.11 0.00 0.00 TRACK
60.472	>>> V 0.00 0.00
60.473	S 20582329 -14.33 18.11 0.00 0.00 TRACK
60.490	>>> V 0.00 0.00
60.492	S 20582349 -14.33 18.11 0.00 0.00 TRACK
60.513	>>> V 0.00 0.00
60.513	S 20582369 -14.33 18.11 0.00 0.00 TRACK
60.530	>>> V 0.00 0.00
60.532	S 20582389 -14.33 18.11 0.00 0.00 TRACK
60.551	>>> V 0.00 0.00
60.552	S 20582409 -14.33 18.11 0.00 0.00 TRACK
60.570	>>> V 0.00 0.00
60.571	S 20582429 -14.24 18.11 0.00 0.00 TRACK
60.593	>>> V 0.00 0.00
60.593	S 20582449 -14.24 18.11 0.00 0.00 TRACK
60.611	>>> V 0.00 0.00
60.611	S 20582469 -14.24 18.11 0.00 0.00 TRACK
60.632	>>> V 0.00 0.00
60.633	S 20582489 -14.24 18.02 0.00 0.00 TRACK
60.651	>>> V 0.00 0.00
60.652	S 20582509 -14.24 18.11 0.00 0.00 TRACK
60.672	>>> V 0.00 0.00
60.674	S 20582529 -14.24 18.11 0.00 0.00 TRACK
60.693	>>> V 0.00 0.00
60.696	S 20582549 -14.24 18.11 0.00 0.00 TRACK
60.713	>>> V 0.00 0.00
60.713	S 20582569 -14.33 18.11 0.00 0.00 TRACK
60.731	>>> V 0.00 0.00
60.732	S 20582589 -14.33 18.11 0.00 0.00 TRACK
60.751	>>> V 0.00 0.00
60.752	S 20582609 -14.24 18.11 0.00 0.00 TRACK
60.772	>>> V 0.00 0.00
60.773	S 20582629 -14.33 18.11 0.00 0.00 TRACK
60.793	>>> V 0.00 0.00
60.794	S 20582649 -14.24 18.11 0.00 0.00 TRACK
60.810	>>> V 0.00 0.00
60.811	S 20582669 -14.33 18.11 0.00 0.00 TRACK
60.831	>>> V 0.00 0.00
60.833	S 20582689 -14.33 18.11 0.00 0.00 TRACK
60.851	>>> V 0.00 0.00
60.851	S 20582709 -14.33 18.11 0.00 0.00 TRACK
60.872	>>> V 0.00 0.00
60.872	S 20582729 -14.33 18.11 0.00 0.00 TRACK
60.891	>>> V 0.00 0.00
60.891	S 20582749 -14.24 18.11 0.00 0.00 TRACK
60.914	>>> V 0.00 0.00
60.915	S 20582769 -14.33 18.11 0.00 0.00 TRACK
60.930	>>> V 0.00 0.00
60.930	S 20582789 -14.33 18.11 0.00 0.00 TRACK
60.952	>>> V 0.00 0.00
60.952	S 20582809 -14.33 18.11 0.00 0.00 TRACK
60.970	>>> V 0.00 0.00
60.971	S 20582829 -14.33 18.11 0.00 0.00 TRACK
60.991	>>> V 0.00 0.00
60.991	S 20582849 -14.33 18.11 0.00 0.00 TRACK
61.011	>>> V 0.00 0.00
61.011	S 20582869 -14.33 18.11 0.00 0.00 TRACK
61.032	>>> V 0.00 0.00
61.032	S 20582889 -14.33 18.11 0.00 0.00 TRACK
61.050	>>> V 0.00 0.00
61.051	S 20582909 -14.33 18.11 0.00 0.00 TRACK
61.071	>>> V 0.00 0.00
61.072	S 20582929 -14.33 18.11 0.00 0.00 TRACK
61.092	>>> V 0.00 0.00
61.094	S 20582949 -14.33 18.11 0.00 0.00 TRACK
61.114	>>> V 0.00 0.00
61.114	S 20582969 -14.24 18.11 0.00 0.00 TRACK
61.131	>>> V 0.00 0.00
61.132	S 20582989 -14.24 18.02 0.00 0.00 TRACK
61.151	>>> V 0.00 0.00
61.152	S 20583009 -14.24 18.11 0.00 0.00 TRACK
61.170	>>> V 0.00 0.00
61.172	S 20583029 -14.33 18.11 0.00 0.00 TRACK
61.194	>>> V 0.00 0.00
61.195	S 20583049 -14.33 18.11 0.00 0.00 TRACK
61.218	>>> V 0.00 0.00
61.221	S 20583069 -14.33 18.11 0.00 0.00 TRACK
61.232	>>> V 0.00 0.00
61.233	S 20583089 -14.33 18.11 0.00 0.00 TRACK
61.252	>>> V 0.00 0.00
61.256	S 20583109 -14.33 18.11 0.00 0.00 TRACK
61.272	>>> V 0.00 0.00
61.273	S 20583129 -14.33 18.11 0.00 0.00 TRACK
61.295	>>> V 0.00 0.00
61.296	S 20583149 -14.24 18.11 0.00 0.00 TRACK
61.313	>>> V 0.00 0.00
61.313	S 20583169 -14.33 18.11 0.00 0.00 TRACK
61.333	>>> V 0.00 0.00
61.333	S 20583189 -14.33 18.11 0.00 0.00 TRACK
61.351	>>> V 0.00 0.00
61.352	S 20583209 -14.33 18.11 0.00 0.00 TRACK
61.373	>>> V 0.00 0.00
61.374	S 20583229 -14.33 18.11 0.00 0.00 TRACK
61.390	>>> V 0.00 0.00
61.390	S 20583249 -14.24 18.11 0.00 0.00 TRACK
61.412	>>> V 0.00 0.00
61.412	S 20583269 -14.24 18.11 0.00 0.00 TRACK
61.432	>>> V 0.00 0.00
61.432	S 20583289 -14.33 18.11 0.00 0.00 TRACK
61.452	>>> V 0.00 0.00
61.453	S 20583309 -14.33 18.11 0.00 0.00 TRACK
61.470	>>> V 0.00 0.00
61.470	S 20583329 -14.24 18.11 0.00 0.00 TRACK
61.492	>>> V 0.00 0.00
61.492	S 20583349 -14.24 18.11 0.00 0.00 TRACK
61.511	>>> V 0.00 0.00
61.511	S 20583369 -14.33 18.11 0.00 0.00 TRACK
61.531	>>> V 0.00 0.00
61.531	S 20583389 -14.24 18.11 0.00 0.00 TRACK
61.551	>>> V 0.00 0.00
61.551	S 20583409 -14.33 18.11 0.00 0.00 TRACK
61.571	>>> V 0.00 0.00
61.571	S 20583429 -14.33 18.11 0.00 0.00 TRACK
61.592	>>> V 0.00 0.00
61.594	S 20583449 -14.33 18.11 0.00 0.00 TRACK
61.611	>>> V 0.00 0.00
61.612	S 20583469 -14.33 18.11 0.00 0.00 TRACK
61.630	>>> V 0.00 0.00
61.631	S 20583489 -14.33 18.11 0.00 0.00 TRACK
61.653	>>> V 0.00 0.00
61.653	S 20583509 -14.33 18.11 0.00 0.00 TRACK
61.670	>>> V 0.00 0.00
61.671	S 20583529 -14.33 18.11 0.00 0.00 TRACK
61.691	>>> V 0.00 0.00
61.691	S 20583549 -14.33 18.11 0.00 0.00 TRACK
61.711	>>> V 0.00 0.00
61.711	S 20583569 -14.24 18.11 0.00 0.00 TRACK
61.731	>>> V 0.00 0.00
61.732	S 20583589 -14.24 18.11 0.00 0.00 TRACK
61.750	>>> V 0.00 0.00
61.752	S 20583609 -14.24 18.11 0.00 0.00 TRACK
61.771	>>> V 0.00 0.00
61.771	S 20583629 -14.24 18.11 0.00 0.00 TRACK
61.790	>>> V 0.00 0.00
61.791	S 20583649 -14.33 18.11 0.00 0.00 TRACK
61.810	>>> V 0.00 0.00
61.812	S 20583669 -14.33 18.11 0.00 0.00 TRACK
61.834	>>> V 0.00 0.00
61.835	S 20583689 -14.33 18.11 0.00 0.00 TRACK
61.850	>>> V 0.00 0.00
61.851	S 20583709 -14.33 18.11 0.00 0.00 TRACK
61.872	>>> V 0.00 0.00
61.873	S 20583729 -14.24 18.11 0.00 0.00 TRACK
61.891	>>> V 0.00 0.00
61.891	S 20583749 -14.24 18.11 0.00 0.00 TRACK
61.915	>>> V 0.00 0.00
61.915	S 20583769 -14.33 18.11 0.00 0.00 TRACK
61.930	>>> V 0.00 0.00
61.931	S 20583789 -14.33 18.11 0.00 0.00 TRACK
61.951	>>> V 0.00 0.00
61.951	S 20583809 -14.24 18.11 0.00 0.00 TRACK
61.971	>>> V 0.00 0.00
61.972	S 20583829 -14.33 18.11 0.00 0.00 TRACK
61.991	>>> V 0.00 0.00
61.992	S 20583849 -14.33 18.11 0.00 0.00 TRACK
62.012	>>> V 0.00 0.00
62.013	S 20583869 -14.33 18.11 0.00 0.00 TRACK
62.033	>>> V 0.00 0.00
62.034	S 20583889 -14.33 18.11 0.00 0.00 TRACK
62.051	>>> V 0.00 0.00
62.054	S 20583909 -14.33 18.11 0.00 0.00 TRACK
62.071	>>> V 0.00 0.00
62.071	S 20583929 -14.33 18.11 0.00 0.00 TRACK
62.090	>>> V 0.00 0.00
62.091	S 20583949 -14.33 18.11 0.00 0.00 TRACK
62.111	>>> V 0.00 0.00
62.112	S 20583969 -14.24 18.11 0.00 0.00 TRACK
62.130	>>> V 0.00 0.00
62.132	S 20583989 -14.33 18.11 0.00 0.00 TRACK
62.152	>>> V 0.00 0.00
62.153	S 20584009 -14.33 18.11 0.00 0.00 TRACK
62.171	>>> V 0.00 0.00
62.171	S 20584029 -14.33 18.11 0.00 0.00 TRACK
62.192	>>> V 0.00 0.00
62.193	S 20584049 -14.24 18.11 0.00 0.00 TRACK
62.211	>>> V 0.00 0.00
62.212	S 20584069 -14.33 18.11 0.00 0.00 TRACK
62.232	>>> V 0.00 0.00
62.232	S 20584089 -14.33 18.11 0.00 0.00 TRACK
62.252	>>> V 0.00 0.00
62.254	S 20584109 -14.33 18.11 0.00 0.00 TRACK
62.271	>>> V 0.00 0.00
62.274	S 20584129 -14.33 18.11 0.00 0.00 TRACK
62.290	>>> V 0.00 0.00
62.293	S 20584149 -14.33 18.11 0.00 0.00 TRACK
62.311	>>> V 0.00 0.00
62.312	S 20584169 -14.33 18.11 0.00 0.00 TRACK
62.331	>>> V 0.00 0.00
62.333	S 20584189 -14.33 18.11 0.00 0.00 TRACK
62.353	>>> V 0.00 0.00
62.353	S 20584209 -14.33 18.11 0.00 0.00 TRACK
62.374	>>> V 0.00 0.00
62.375	S 20584229 -14.33 18.11 0.00 0.00 TRACK
62.392	>>> V 0.00 0.00
62.392	S 20584249 -14.33 18.11 0.00 0.00 TRACK
62.412	>>> V 0.00 0.00
62.413	S 20584269 -14.33 18.11 0.00 0.00 TRACK
62.431	>>> V 0.00 0.00
62.431	S 20584289 -14.33 18.11 0.00 0.00 TRACK
62.452	>>> V 0.00 0.00
62.453	S 20584309 -14.33 18.11 0.00 0.00 TRACK
62.470	>>> V 0.00 0.00
62.470	S 20584329 -14.33 18.11 0.00 0.00 TRACK
62.492	>>> V 0.00 0.00
62.493	S 20584349 -14.33 18.11 0.00 0.00 TRACK
62.512	>>> V 0.00 0.00
62.512	S 20584369 -14.33 18.11 0.00 0.00 TRACK
62.533	>>> V 0.00 0.00
62.533	S 20584389 -14.33 18.11 0.00 0.00 TRACK
62.552	>>> V 0.00 0.00
62.553	S 20584409 -14.33 18.11 0.00 0.00 TRACK
62.571	>>> V 0.00 0.00
62.573	S 20584429 -14.33 18.11 0.00 0.00 TRACK
62.591	>>> V 0.00 0.00
62.591	S 20584449 -14.33 18.11 0.00 0.00 TRACK
62.612	>>> V 0.00 0.00
62.613	S 20584469 -14.33 18.11 0.00 0.00 TRACK
62.631	>>> V 0.00 0.00
62.632	S 20584489 -14.33 18.11 0.00 0.00 TRACK
62.653	>>> V 0.00 0.00
62.653	S 20584509 -14.33 18.11 0.00 0.00 TRACK
62.671	>>> V 0.00 0.00
62.672	S 20584529 -14.33 18.11 0.00 0.00 TRACK
62.690	>>> V 0.00 0.00
62.690	S 20584549 -14.33 18.11 0.00 0.00 TRACK
62.712	>>> V 0.00 0.00
62.712	S 20584569 -14.24 18.11 0.00 0.00 TRACK
62.731	>>> V 0.00 0.00
62.731	S 20584589 -14.33 18.11 0.00 0.00 TRACK
62.753	>>> V 0.00 0.00
62.753	S 20584609 -14.33 18.11 0.00 0.00 TRACK
62.770	>>> V 0.00 0.00
62.771	S 20584629 -14.24 18.11 0.00 0.00 TRACK
62.794	>>> V 0.00 0.00
62.795	S 20584649 -14.24 18.11 0.00 0.00 TRACK
62.811	>>> V 0.00 0.00
62.812	S 20584669 -14.33 18.11 0.00 0.00 TRACK
62.832	>>> V 0.00 0.00
62.832	S 20584689 -14.33 18.11 0.00 0.00 TRACK
62.852	>>> V 0.00 0.00
62.852	S 20584709 -14.33 18.11 0.00 0.00 TRACK
62.873	>>> V 0.00 0.00
62.873	S 20584729 -14.33 18.11 0.00 0.00 TRACK
62.891	>>> V 0.00 0.00
62.892	S 20584749 -14.33 18.11 0.00 0.00 TRACK
62.913	>>> V 0.00 0.00
62.913	S 20584769 -14.24 18.11 0.00 0.00 TRACK
62.931	>>> V 0.00 0.00
62.932	S 20584789 -14.33 18.11 0.00 0.00 TRACK
62.952	>>> V 0.00 0.00
62.953	S 20584809 -14.33 18.11 0.00 0.00 TRACK
62.970	>>> V 0.00 0.00
62.971	S 20584829 -14.33 18.11 0.00 0.00 TRACK
62.994	>>> V 0.00 0.00
62.996	S 20584849 -14.24 18.11 0.00 0.00 TRACK
63.014	>>> V 0.00 0.00
63.015	S 20584869 -14.24 18.11 0.00 0.00 TRACK
63.035	>>> V 0.00 0.00
63.035	S 20584889 -14.33 18.11 0.00 0.00 TRACK
63.054	>>> V 0.00 0.00
63.054	S 20584909 -14.33 18.11 0.00 0.00 TRACK
63.070	>>> V 0.00 0.00
63.070	S 20584929 -14.24 18.11 0.00 0.00 TRACK
63.090	>>> V 0.00 0.00
63.091	S 20584949 -14.24 18.11 0.00 0.00 TRACK
63.110	>>> V 0.00 0.00
63.111	S 20584969 -14.24 18.11 0.00 0.00 TRACK
63.131	>>> V 0.00 0.00
63.132	S 20584989 -14.24 18.11 0.00 0.00 TRACK
63.158	>>> V 0.00 0.00
63.158	S 20585009 -14.33 18.11 0.00 0.00 TRACK
63.171	>>> V 0.00 0.00
63.173	S 20585029 -14.33 18.11 0.00 0.00 TRACK
63.193	>>> V 0.00 0.00
63.193	S 20585049 -14.33 18.11 0.00 0.00 TRACK
63.212	>>> V 0.00 0.00
63.213	S 20585069 -14.24 18.11 0.00 0.00 TRACK
63.232	>>> V 0.00 0.00
63.233	S 20585089 -14.24 18.11 0.00 0.00 TRACK
63.255	>>> V 0.00 0.00
63.257	S 20585109 -14.24 18.11 0.00 0.00 TRACK
63.271	>>> V 0.00 0.00
63.272	S 20585129 -14.24 18.11 0.00 0.00 TRACK
63.295	>>> V 0.00 0.00
63.298	S 20585149 -14.33 18.11 0.00 0.00 TRACK
63.311	>>> V 0.00 0.00
63.312	S 20585169 -14.33 18.11 0.00 0.00 TRACK
63.333	>>> V 0.00 0.00
63.334	S 20585189 -14.24 18.11 0.00 0.00 TRACK
63.351	>>> V 0.00 0.00
63.352	S 20585209 -14.33 18.11 0.00 0.00 TRACK
63.376	>>> V 0.00 0.00
63.377	S 20585229 -14.33 18.11 0.00 0.00 TRACK
63.392	>>> V 0.00 0.00
63.394	S 20585249 -14.24 18.11 0.00 0.00 TRACK
63.412	>>> V 0.00 0.00
63.412	S 20585269 -14.33 18.11 0.00 0.00 TRACK
63.433	>>> V 0.00 0.00
63.434	S 20585289 -14.24 18.11 0.00 0.00 TRACK
63.451	>>> V 0.00 0.00
63.454	S 20585309 -14.24 18.11 0.00 0.00 TRACK
63.473	>>> V 0.00 0.00
63.477	S 20585329 -14.33 18.11 0.00 0.00 TRACK
63.491	>>> V 0.00 0.00
63.492	S 20585349 -14.33 18.11 0.00 0.00 TRACK
63.513	>>> V 0.00 0.00
63.513	S 20585369 -14.24 18.11 0.00 0.00 TRACK
63.533	>>> V 0.00 0.00
63.534	S 20585389 -14.33 18.11 0.00 0.00 TRACK
63.557	>>> V 0.00 0.00
63.560	S 20585409 -14.33 18.11 0.00 0.00 TRACK
63.577	>>> V 0.00 0.00
63.578	S 20585429 -14.33 18.11 0.00 0.00 TRACK
63.591	>>> V 0.00 0.00
63.593	S 20585449 -14.33 18.11 0.00 0.00 TRACK
63.613	>>> V 0.00 0.00
63.613	S 20585469 -14.33 18.11 0.00 0.00 TRACK
63.631	>>> V 0.00 0.00
63.632	S 20585489 -14.33 18.11 0.00 0.00 TRACK
63.651	>>> V 0.00 0.00
63.651	S 20585509 -14.33 18.11 0.00 0.00 TRACK
63.674	>>> V 0.00 0.00
63.675	S 20585529 -14.33 18.11 0.00 0.00 TRACK
63.691	>>> V 0.00 0.00
63.693	S 20585549 -14.33 18.11 0.00 0.00 TRACK
63.716	>>> V 0.00 0.00
63.717	S 20585569 -14.24 18.11 0.00 0.00 TRACK
63.731	>>> V 0.00 0.00
63.731	S 20585589 -14.33 18.11 0.00 0.00 TRACK
63.755	>>> V 0.00 0.00
63.755	S 20585609 -14.33 18.11 0.00 0.00 TRACK
63.782	>>> V 0.00 0.00
63.783	S 20585629 -14.24 18.11 0.00 0.00 TRACK
63.796	>>> V 0.00 0.00
63.797	S 20585649 -14.24 18.11 0.00 0.00 TRACK
63.816	>>> V 0.00 0.00
63.817	S 20585669 -14.33 18.11 0.00 0.00 TRACK
63.831	>>> V 0.00 0.00
63.832	S 20585689 -14.33 18.11 0.00 0.00 TRACK
63.854	>>> V 0.00 0.00
63.855	S 20585709 -14.33 18.11 0.00 0.00 TRACK
63.872	>>> V 0.00 0.00
63.873	S 20585729 -14.33 18.11 0.00 0.00 TRACK
63.893	>>> V 0.00 0.00
63.894	S 20585749 -14.24 18.11 0.00 0.00 TRACK
63.912	>>> V 0.00 0.00
63.912	S 20585769 -14.33 18.11 0.00 0.00 TRACK
63.932	>>> V 0.00 0.00
63.933	S 20585789 -14.33 18.11 0.00 0.00 TRACK
63.953	>>> V 0.00 0.00
63.954	S 20585809 -14.33 18.11 0.00 0.00 TRACK
63.970	>>> V 0.00 0.00
63.973	S 20585829 -14.33 18.11 0.00 0.00 TRACK
63.992	>>> V 0.00 0.00
63.993	S 20585849 -14.33 18.11 0.00 0.00 TRACK
64.011	>>> V 0.00 0.00
64.013	S 20585869 -14.33 18.11 0.00 0.00 TRACK
64.031	>>> V 0.00 0.00
64.032	S 20585889 -14.24 18.11 0.00 0.00 TRACK
64.050	>>> V 0.00 0.00
64.050	S 20585909 -14.24 18.11 0.00 0.00 TRACK
64.070	>>> V 0.00 0.00
64.071	S 20585929 -14.24 18.11 0.00 0.00 TRACK
64.093	>>> V 0.00 0.00
64.093	S 20585949 -14.24 18.11 0.00 0.00 TRACK
64.113	>>> V 0.00 0.00
64.114	S 20585969 -14.33 18.11 0.00 0.00 TRACK
64.132	>>> V 0.00 0.00
64.133	S 20585989 -14.24 18.11 0.00 0.00 TRACK
64.155	>>> V 0.00 0.00
64.157	S 20586009 -14.24 18.11 0.00 0.00 TRACK
64.171	>>> V 0.00 0.00
64.171	S 20586029 -14.24 18.11 0.00 0.00 TRACK
64.191	>>> V 0.00 0.00
64.192	S 20586049 -14.33 18.11 0.00 0.00 TRACK
64.210	>>> V 0.00 0.00
64.213	S 20586069 -14.24 18.11 0.00 0.00 TRACK
64.232	>>> V 0.00 0.00
64.232	S 20586089 -14.24 18.11 0.00 0.00 TRACK
64.255	>>> V 0.00 0.00
64.256	S 20586109 -14.33 18.11 0.00 0.00 TRACK
64.270	>>> V 0.00 0.00
64.271	S 20586129 -14.24 18.11 0.00 0.00 TRACK
64.293	>>> V 0.00 0.00
64.294	S 20586149 -14.33 18.11 0.00 0.00 TRACK
64.313	>>> V 0.00 0.00
64.315	S 20586169 -14.33 18.11 0.00 0.00 TRACK
64.330	>>> V 0.00 0.00
64.331	S 20586189 -14.24 18.11 0.00 0.00 TRACK
64.351	>>> V 0.00 0.00
64.354	S 20586209 -14.33 18.11 0.00 0.00 TRACK
64.372	>>> V 0.00 0.00
64.372	S 20586229 -14.33 18.11 0.00 0.00 TRACK
64.391	>>> V 0.00 0.00
64.392	S 20586249 -14.33 18.11 0.00 0.00 TRACK
64.410	>>> V 0.00 0.00
64.413	S 20586269 -14.33 18.11 0.00 0.00 TRACK
64.430	>>> V 0.00 0.00
64.431	S 20586289 -14.33 18.11 0.00 0.00 TRACK
64.451	>>> V 0.00 0.00
64.452	S 20586309 -14.33 18.11 0.00 0.00 TRACK
64.470	>>> V 0.00 0.00
64.471	S 20586329 -14.33 18.11 0.00 0.00 TRACK
64.491	>>> V 0.00 0.00
64.491	S 20586349 -14.33 18.11 0.00 0.00 TRACK
64.510	>>> V 0.00 0.00
64.510	S 20586369 -14.33 18.11 0.00 0.00 TRACK
64.530	>>> V 0.00 0.00
64.531	S 20586389 -14.33 18.11 0.00 0.00 TRACK
64.551	>>> V 0.00 0.00
64.551	S 20586409 -14.33 18.11 0.00 0.00 TRACK
64.571	>>> V 0.00 0.00
64.571	S 20586429 -14.33 18.11 0.00 0.00 TRACK
64.592	>>> V 0.00 0.00
64.592	S 20586449 -14.24 18.11 0.00 0.00 TRACK
64.613	>>> V 0.00 0.00
64.613	S 20586469 -14.33 18.11 0.00 0.00 TRACK
64.630	>>> V 0.00 0.00
64.631	S 20586489 -14.33 18.11 0.00 0.00 TRACK
64.651	>>> V 0.00 0.00
64.652	S 20586509 -14.33 18.11 0.00 0.00 TRACK
64.671	>>> V 0.00 0.00
64.672	S 20586529 -14.33 18.02 0.00 0.00 TRACK
64.692	>>> V 0.00 0.00
64.692	S 20586549 -14.33 18.11 0.00 0.00 TRACK
64.710	>>> V 0.00 0.00
64.711	S 20586569 -14.24 18.11 0.00 0.00 TRACK
64.731	>>> V 0.00 0.00
64.731	S 20586589 -14.33 18.11 0.00 0.00 TRACK
64.750	>>> V 0.00 0.00
64.751	S 20586609 -14.24 18.11 0.00 0.00 TRACK
64.771	>>> V 0.00 0.00
64.772	S 20586629 -14.24 18.11 0.00 0.00 TRACK
64.791	>>> V 0.00 0.00
64.791	S 20586649 -14.33 18.11 0.00 0.00 TRACK
64.810	>>> V 0.00 0.00
64.811	S 20586669 -14.33 18.11 0.00 0.00 TRACK
64.831	>>> V 0.00 0.00
64.832	S 20586689 -14.33 18.11 0.00 0.00 TRACK
64.851	>>> V 0.00 0.00
64.854	S 20586709 -14.33 18.11 0.00 0.00 TRACK
64.870	>>> V 0.00 0.00
64.871	S 20586729 -14.33 18.11 0.00 0.00 TRACK
64.892	>>> V 0.00 0.00
64.894	S 20586749 -14.33 18.11 0.00 0.00 TRACK
64.910	>>> V 0.00 0.00
64.911	S 20586769 -14.24 18.11 0.00 0.00 TRACK
64.931	>>> V 0.00 0.00
64.931	S 20586789 -14.33 18.11 0.00 0.00 TRACK
64.951	>>> V 0.00 0.00
64.952	S 20586809 -14.33 18.11 0.00 0.00 TRACK
64.970	>>> V 0.00 0.00
64.971	S 20586829 -14.24 18.11 0.00 0.00 TRACK
64.990	>>> V 0.00 0.00
64.991	S 20586849 -14.33 18.11 0.00 0.00 TRACK
65.010	>>> V 0.00 0.00
65.012	S 20586869 -14.24 18.11 0.00 0.00 TRACK
65.031	>>> V 0.00 0.00
65.032	S 20586889 -14.33 18.11 0.00 0.00 TRACK
65.050	>>> V 0.00 0.00
65.051	S 20586909 -14.24 18.11 0.00 0.00 TRACK
65.071	>>> V 0.00 0.00
65.071	S 20586929 -14.33 18.11 0.00 0.00 TRACK
65.090	>>> V 0.00 0.00
65.090	S 20586949 -14.33 18.11 0.00 0.00 TRACK
65.111	>>> V 0.00 0.00
65.111	S 20586969 -14.33 18.11 0.00 0.00 TRACK
65.130	>>> V 0.00 0.00
65.130	S 20586989 -14.24 18.11 0.00 0.00 TRACK
65.151	>>> V 0.00 0.00
65.151	S 20587009 -14.33 18.11 0.00 0.00 TRACK
65.172	>>> V 0.00 0.00
65.177	S 20587029 -14.24 18.11 0.00 0.00 TRACK
65.195	>>> V 0.00 0.00
65.198	S 20587049 -14.33 18.11 0.00 0.00 TRACK
65.214	>>> V 0.00 0.00
65.215	S 20587069 -14.33 18.11 0.00 0.00 TRACK
65.230	>>> V 0.00 0.00
65.230	S 20587089 -14.33 18.11 0.00 0.00 TRACK
65.250	>>> V 0.00 0.00
65.251	S 20587109 -14.24 18.11 0.00 0.00 TRACK
65.270	>>> V 0.00 0.00
65.271	S 20587129 -14.33 18.11 0.00 0.00 TRACK
65.292	>>> V 0.00 0.00
65.292	S 20587149 -14.24 18.11 0.00 0.00 TRACK
65.310	>>> V 0.00 0.00
65.311	S 20587169 -14.33 18.11 0.00 0.00 TRACK
65.332	>>> V 0.00 0.00
65.332	S 20587189 -14.33 18.11 0.00 0.00 TRACK
65.351	>>> V 0.00 0.00
65.351	S 20587210 -14.33 18.11 0.00 0.00 TRACK
65.372	>>> V 0.00 0.00
65.372	S 20587230 -14.33 18.11 0.00 0.00 TRACK
65.391	>>> V 0.00 0.00
65.392	S 20587250 -14.33 18.11 0.00 0.00 TRACK
65.411	>>> V 0.00 0.00
65.412	S 20587270 -14.24 18.11 0.00 0.00 TRACK
65.431	>>> V 0.00 0.00
65.431	S 20587290 -14.33 18.11 0.00 0.00 TRACK
65.452	>>> V 0.00 0.00
65.452	S 20587310 -14.33 18.11 0.00 0.00 TRACK
65.470	>>> V 0.00 0.00
65.471	S 20587330 -14.24 18.11 0.00 0.00 TRACK
65.491	>>> V 0.00 0.00
65.493	S 20587350 -14.24 18.11 0.00 0.00 TRACK
65.512	>>> V 0.00 0.00
65.512	S 20587370 -14.24 18.11 0.00 0.00 TRACK
65.531	>>> V 0.00 0.00
65.531	S 20587390 -14.33 18.11 0.00 0.00 TRACK
65.551	>>> V 0.00 0.00
65.551	S 20587410 -14.33 18.11 0.00 0.00 TRACK
65.570	>>> V 0.00 0.00
65.570	S 20587430 -14.33 18.11 0.00 0.00 TRACK
65.591	>>> V 0.00 0.00
65.592	S 20587450 -14.33 18.11 0.00 0.00 TRACK
65.611	>>> V 0.00 0.00
65.612	S 20587470 -14.24 18.11 0.00 0.00 TRACK
65.631	>>> V 0.00 0.00
65.632	S 20587490 -14.33 18.11 0.00 0.00 TRACK
65.651	>>> V 0.00 0.00
65.651	S 20587510 -14.24 18.11 0.00 0.00 TRACK
65.671	>>> V 0.00 0.00
65.672	S 20587530 -14.33 18.11 0.00 0.00 TRACK
65.691	>>> V 0.00 0.00
65.692	S 20587550 -14.33 18.11 0.00 0.00 TRACK
65.712	>>> V 0.00 0.00
65.712	S 20587570 -14.33 18.11 0.00 0.00 TRACK
65.731	>>> V 0.00 0.00
65.732	S 20587590 -14.33 18.02 0.00 0.00 TRACK
65.752	>>> V 0.00 0.00
65.753	S 20587610 -14.33 18.11 0.00 0.00 TRACK
65.771	>>> V 0.00 0.00
65.771	S 20587630 -14.33 18.11 0.00 0.00 TRACK
65.797	>>> V 0.00 0.00
65.798	S 20587650 -14.33 18.11 0.00 0.00 TRACK
65.811	>>> V 0.00 0.00
65.811	S 20587670 -14.33 18.11 0.00 0.00 TRACK
65.830	>>> V 0.00 0.00
65.831	S 20587690 -14.33 18.11 0.00 0.00 TRACK
65.853	>>> V 0.00 0.00
65.854	S 20587710 -14.33 18.11 0.00 0.00 TRACK
65.876	>>> V 0.00 0.00
65.878	S 20587730 -14.33 18.11 0.00 0.00 TRACK
65.892	>>> V 0.00 0.00
65.895	S 20587750 -14.33 18.11 0.00 0.00 TRACK
65.912	>>> V 0.00 0.00
65.915	S 20587770 -14.33 18.11 0.00 0.00 TRACK
65.933	>>> V 0.00 0.00
65.934	S 20587790 -14.33 18.11 0.00 0.00 TRACK
65.951	>>> V 0.00 0.00
65.951	S 20587810 -14.33 18.11 0.00 0.00 TRACK
65.973	>>> V 0.00 0.00
65.973	S 20587830 -14.24 18.11 0.00 0.00 TRACK
65.991	>>> V 0.00 0.00
65.992	S 20587850 -14.33 18.11 0.00 0.00 TRACK
66.011	>>> V 0.00 0.00
66.012	S 20587870 -14.33 18.11 0.00 0.00 TRACK
66.032	>>> V 0.00 0.00
66.032	S 20587890 -14.24 18.11 0.00 0.00 TRACK
66.051	>>> V 0.00 0.00
66.052	S 20587910 -14.33 18.11 0.00 0.00 TRACK
66.071	>>> V 0.00 0.00
66.072	S 20587930 -14.24 18.11 0.00 0.00 TRACK
66.092	>>> V 0.00 0.00
66.093	S 20587950 -14.24 18.11 0.00 0.00 TRACK
66.115	>>> V 0.00 0.00
66.116	S 20587970 -14.33 18.11 0.00 0.00 TRACK
66.131	>>> V 0.00 0.00
66.134	S 20587990 -14.24 18.11 0.00 0.00 TRACK
66.155	>>> V 0.00 0.00
66.155	S 20588010 -14.33 18.11 0.00 0.00 TRACK
66.171	>>> V 0.00 0.00
66.171	S 20588030 -14.24 18.11 0.00 0.00 TRACK
66.193	>>> V 0.00 0.00
66.193	S 20588050 -14.33 18.11 0.00 0.00 TRACK
66.211	>>> V 0.00 0.00
66.211	S 20588070 -14.33 18.11 0.00 0.00 TRACK
66.232	>>> V 0.00 0.00
66.236	S 20588090 -14.33 18.11 0.00 0.00 TRACK
66.251	>>> V 0.00 0.00
66.252	S 20588110 -14.33 18.11 0.00 0.00 TRACK
66.272	>>> V 0.00 0.00
66.272	S 20588130 -14.33 18.11 0.00 0.00 TRACK
66.291	>>> V 0.00 0.00
66.291	S 20588150 -14.33 18.11 0.00 0.00 TRACK
66.311	>>> V 0.00 0.00
66.313	S 20588170 -14.24 18.11 0.00 0.00 TRACK
66.331	>>> V 0.00 0.00
66.331	S 20588190 -14.24 18.11 0.00 0.00 TRACK
66.351	>>> V 0.00 0.00
66.351	S 20588210 -14.33 18.11 0.00 0.00 TRACK
66.371	>>> V 0.00 0.00
66.372	S 20588230 -14.33 18.11 0.00 0.00 TRACK
66.390	>>> V 0.00 0.00
66.391	S 20588250 -14.33 18.11 0.00 0.00 TRACK
66.410	>>> V 0.00 0.00
66.411	S 20588270 -14.24 18.11 0.00 0.00 TRACK
66.430	>>> V 0.00 0.00
66.430	S 20588290 -14.24 18.11 0.00 0.00 TRACK
66.451	>>> V 0.00 0.00
66.453	S 20588310 -14.33 18.11 0.00 0.00 TRACK
66.471	>>> V 0.00 0.00
66.473	S 20588330 -14.33 18.11 0.00 0.00 TRACK
66.490	>>> V 0.00 0.00
66.494	S 20588350 -14.24 18.11 0.00 0.00 TRACK
66.510	>>> V 0.00 0.00
66.510	S 20588370 -14.33 18.11 0.00 0.00 TRACK
66.531	>>> V 0.00 0.00
66.532	S 20588390 -14.33 18.11 0.00 0.00 TRACK
66.551	>>> V 0.00 0.00
66.553	S 20588410 -14.24 18.11 0.00 0.00 TRACK
66.572	>>> V 0.00 0.00
66.572	S 20588430 -14.33 18.11 0.00 0.00 TRACK
66.592	>>> V 0.00 0.00
66.594	S 20588450 -14.33 18.11 0.00 0.00 TRACK
66.611	>>> V 0.00 0.00
66.612	S 20588470 -14.33 18.11 0.00 0.00 TRACK
66.631	>>> V 0.00 0.00
66.634	S 20588490 -14.33 18.11 0.00 0.00 TRACK
66.651	>>> V 0.00 0.00
66.651	S 20588510 -14.33 18.11 0.00 0.00 TRACK
66.673	>>> V 0.00 0.00
66.675	S 20588530 -14.33 18.11 0.00 0.00 TRACK
66.694	>>> V 0.00 0.00
66.695	S 20588550 -14.33 18.11 0.00 0.00 TRACK
66.712	>>> V 0.00 0.00
66.713	S 20588570 -14.24 18.02 0.00 0.00 TRACK
66.732	>>> V 0.00 0.00
66.733	S 20588590 -14.33 18.11 0.00 0.00 TRACK
66.751	>>> V 0.00 0.00
66.752	S 20588610 -14.33 18.11 0.00 0.00 TRACK
66.772	>>> V 0.00 0.00
66.774	S 20588630 -14.33 18.02 0.00 0.00 TRACK
66.791	>>> V 0.00 0.00
66.792	S 20588650 -14.33 18.11 0.00 0.00 TRACK
66.813	>>> V 0.00 0.00
66.814	S 20588670 -14.33 18.11 0.00 0.00 TRACK
66.832	>>> V 0.00 0.00
66.836	S 20588690 -14.33 18.11 0.00 0.00 TRACK
66.852	>>> V 0.00 0.00
66.852	S 20588710 -14.33 18.11 0.00 0.00 TRACK
66.873	>>> V 0.00 0.00
66.873	S 20588730 -14.33 18.11 0.00 0.00 TRACK
66.890	>>> V 0.00 0.00
66.891	S 20588750 -14.33 18.11 0.00 0.00 TRACK
66.910	>>> V 0.00 0.00
66.911	S 20588770 -14.33 18.11 0.00 0.00 TRACK
66.932	>>> V 0.00 0.00
66.935	S 20588790 -14.33 18.11 0.00 0.00 TRACK
66.952	>>> V 0.00 0.00
66.952	S 20588810 -14.33 18.02 0.00 0.00 TRACK
66.970	>>> V 0.00 0.00
66.971	S 20588830 -14.33 18.11 0.00 0.00 TRACK
66.991	>>> V 0.00 0.00
66.992	S 20588850 -14.24 18.11 0.00 0.00 TRACK
67.011	>>> V 0.00 0.00
67.013	S 20588870 -14.33 18.11 0.00 0.00 TRACK
67.032	>>> V 0.00 0.00
67.035	S 20588890 -14.33 18.11 0.00 0.00 TRACK
67.052	>>> V 0.00 0.00
67.052	S 20588910 -14.33 18.11 0.00 0.00 TRACK
67.072	>>> V 0.00 0.00
67.072	S 20588930 -14.33 18.11 0.00 0.00 TRACK
67.090	>>> V 0.00 0.00
67.091	S 20588950 -14.33 18.11 0.00 0.00 TRACK
67.117	>>> V 0.00 0.00
67.118	S 20588970 -14.24 18.11 0.00 0.00 TRACK
67.134	>>> V 0.00 0.00
67.135	S 20588990 -14.33 18.11 0.00 0.00 TRACK
67.155	>>> V 0.00 0.00
67.156	S 20589010 -14.33 18.11 0.00 0.00 TRACK
67.172	>>> V 0.00 0.00
67.173	S 20589030 -14.33 18.11 0.00 0.00 TRACK
67.191	>>> V 0.00 0.00
67.191	S 20589050 -14.33 18.11 0.00 0.00 TRACK
67.212	>>> V 0.00 0.00
67.212	S 20589070 -14.33 18.11 0.00 0.00 TRACK
67.231	>>> V 0.00 0.00
67.231	S 20589090 -14.33 18.11 0.00 0.00 TRACK
67.252	>>> V 0.00 0.00
67.254	S 20589110 -14.33 18.11 0.00 0.00 TRACK
67.271	>>> V 0.00 0.00
67.271	S 20589130 -14.24 18.11 0.00 0.00 TRACK
67.292	>>> V 0.00 0.00
67.293	S 20589150 -14.24 18.11 0.00 0.00 TRACK
67.311	>>> V 0.00 0.00
67.312	S 20589170 -14.24 18.11 0.00 0.00 TRACK
67.332	>>> V 0.00 0.00
67.332	S 20589190 -14.24 18.11 0.00 0.00 TRACK
67.350	>>> V 0.00 0.00
67.351	S 20589210 -14.33 18.11 0.00 0.00 TRACK
67.373	>>> V 0.00 0.00
67.374	S 20589230 -14.24 18.11 0.00 0.00 TRACK
67.390	>>> V 0.00 0.00
67.391	S 20589250 -14.24 18.11 0.00 0.00 TRACK
67.411	>>> V 0.00 0.00
67.412	S 20589270 -14.33 18.11 0.00 0.00 TRACK
67.431	>>> V 0.00 0.00
67.432	S 20589290 -14.33 18.11 0.00 0.00 TRACK
67.453	>>> V 0.00 0.00
67.453	S 20589310 -14.33 18.11 0.00 0.00 TRACK
67.471	>>> V 0.00 0.00
67.472	S 20589330 -14.33 18.11 0.00 0.00 TRACK
67.492	>>> V 0.00 0.00
67.492	S 20589350 -14.33 18.11 0.00 0.00 TRACK
67.511	>>> V 0.00 0.00
67.511	S 20589370 -14.33 18.11 0.00 0.00 TRACK
67.535	>>> V 0.00 0.00
67.535	S 20589390 -14.33 18.11 0.00 0.00 TRACK
67.552	>>> V 0.00 0.00
67.552	S 20589410 -14.24 18.11 0.00 0.00 TRACK
67.572	>>> V 0.00 0.00
67.572	S 20589430 -14.33 18.11 0.00 0.00 TRACK
67.591	>>> V 0.00 0.00
67.591	S 20589450 -14.33 18.11 0.00 0.00 TRACK
67.612	>>> V 0.00 0.00
67.613	S 20589470 -14.33 18.11 0.00 0.00 TRACK
67.632	>>> V 0.00 0.00
67.633	S 20589490 -14.33 18.11 0.00 0.00 TRACK
67.651	>>> V 0.00 0.00
67.652	S 20589510 -14.33 18.11 0.00 0.00 TRACK
67.671	>>> V 2.05 0.00
67.671	S 20589530 -14.33 18.02 0.00 0.00 TRACK
67.692	>>> V 3.32 0.00
67.695	S 20589550 -14.33 18.11 0.00 0.00 TRACK
67.711	>>> V 3.82 0.00
67.711	S 20589570 -14.33 18.11 0.00 0.00 TRACK
67.731	>>> V 4.39 0.00
67.731	S 20589590 -14.33 18.11 0.00 0.00 TRACK
67.753	>>> V 4.39 0.00
67.755	S 20589610 -14.24 18.11 0.00 0.00 TRACK
67.771	>>> V 4.82 0.00
67.772	S 20589630 -14.33 18.11 0.00 0.00 TRACK
67.791	>>> V 4.82 0.00
67.791	S 20589650 -14.24 18.11 0.00 0.00 TRACK
67.810	>>> V 5.25 0.00
67.811	S 20589670 -14.06 18.11 1.37 0.00 TRACK
67.832	>>> V 5.83 0.00
67.832	S 20589690 -13.97 18.11 2.75 0.00 TRACK
67.853	>>> V 5.83 0.00
67.853	S 20589710 -13.89 18.11 4.12 0.00 TRACK
67.871	>>> V 6.29 0.00
67.873	S 20589730 -13.80 18.11 4.12 0.00 TRACK
67.890	>>> V 6.29 0.00
67.891	S 20589750 -13.62 18.11 5.50 0.00 TRACK
67.911	>>> V 6.43 0.00
67.912	S 20589770 -13.54 18.11 5.50 0.00 TRACK
67.931	>>> V 6.43 0.00
67.932	S 20589790 -13.45 18.02 5.50 0.00 TRACK
67.952	>>> V 6.39 0.00
67.952	S 20589810 -13.27 18.11 5.50 0.00 TRACK
67.974	>>> V 6.39 0.00
67.974	S 20589830 -13.18 18.11 5.50 0.00 TRACK
67.994	>>> V 6.34 0.00
67.995	S 20589850 -13.10 18.11 5.50 0.00 TRACK
68.011	>>> V 6.34 0.00
68.013	S 20589870 -13.01 18.11 5.50 0.00 TRACK
68.031	>>> V 6.33 0.00
68.032	S 20589890 -12.92 18.11 5.50 0.00 TRACK
68.054	>>> V 6.33 0.00
68.054	S 20589910 -12.74 18.11 5.50 0.00 TRACK
68.071	>>> V 6.33 0.00
68.071	S 20589930 -12.66 18.11 5.50 0.00 TRACK
68.091	>>> V 6.33 0.00
68.094	S 20589950 -12.48 18.11 5.50 0.00 TRACK
68.111	>>> V 6.30 0.00
68.112	S 20589970 -12.30 18.11 5.50 0.00 TRACK
68.131	>>> V 6.30 0.00
68.133	S 20589990 -12.22 18.11 6.87 0.00 TRACK
68.150	>>> V 6.08 0.00
68.151	S 20590010 -12.13 18.11 6.87 0.00 TRACK
68.171	>>> V 5.94 0.00
68.172	S 20590030 -11.95 18.11 6.87 0.00 TRACK
68.194	>>> V 5.94 0.00
68.194	S 20590050 -11.78 18.11 6.87 0.00 TRACK
68.215	>>> V 5.77 0.00
68.215	S 20590070 -11.69 18.11 6.87 0.00 TRACK
68.230	>>> V 5.77 0.00
68.230	S 20590090 -11.51 18.11 6.87 0.00 TRACK
68.252	>>> V 5.56 0.00
68.253	S 20590110 -11.43 18.11 5.50 0.00 TRACK
68.272	>>> V 5.56 0.00
68.272	S 20590130 -11.34 18.11 5.50 0.00 TRACK
68.290	>>> V 5.19 0.00
68.291	S 20590150 -11.25 18.11 5.50 0.00 TRACK
68.310	>>> V 5.19 0.00
68.311	S 20590170 -11.16 18.11 5.50 0.00 TRACK
68.331	>>> V 4.98 0.00
68.332	S 20590190 -11.07 18.11 5.50 0.00 TRACK
68.350	>>> V 4.98 0.00
68.351	S 20590210 -10.99 18.11 4.12 0.00 TRACK
68.372	>>> V 4.79 0.00
68.372	S 20590230 -10.81 18.11 4.12 0.00 TRACK
68.390	>>> V 4.79 0.00
68.391	S 20590250 -10.72 18.11 4.12 0.00 TRACK
68.413	>>> V 4.50 0.00
68.413	S 20590270 -10.55 18.11 4.12 0.00 TRACK
68.431	>>> V 4.50 0.00
68.432	S 20590290 -10.55 18.11 5.50 0.00 TRACK
68.451	>>> V 4.41 0.00
68.452	S 20590310 -10.37 18.11 5.50 0.00 TRACK
68.474	>>> V 4.41 0.00
68.475	S 20590330 -10.28 18.11 5.50 0.00 TRACK
68.492	>>> V 4.27 0.00
68.492	S 20590350 -10.20 18.11 5.50 0.00 TRACK
68.511	>>> V 4.27 0.00
68.511	S 20590370 -10.02 18.11 4.12 0.00 TRACK
68.534	>>> V 4.17 0.00
68.534	S 20590390 -9.93 18.11 4.12 0.00 TRACK
68.552	>>> V 4.17 0.00
68.554	S 20590410 -9.84 18.11 4.12 0.00 TRACK
68.570	>>> V 4.14 0.00
68.571	S 20590430 -9.84 18.11 4.12 0.00 TRACK
68.591	>>> V 4.04 0.00
68.591	S 20590450 -9.76 18.11 4.12 0.00 TRACK
68.611	>>> V 4.04 0.00
68.611	S 20590470 -9.67 18.11 2.75 0.00 TRACK
68.631	>>> V 4.04 0.00
68.634	S 20590490 -9.67 18.11 2.75 0.00 TRACK
68.653	>>> V 4.02 0.00
68.655	S 20590510 -9.49 18.11 2.75 0.00 TRACK
68.671	>>> V 4.02 0.00
68.672	S 20590530 -9.40 18.11 2.75 0.00 TRACK
68.690	>>> V 3.45 0.00
68.691	S 20590550 -9.32 18.11 4.12 0.00 TRACK
68.711	>>> V 3.20 0.00
68.712	S 20590570 -9.23 18.11 4.12 0.00 TRACK
68.735	>>> V 3.20 0.00
68.735	S 20590590 -9.14 18.11 4.12 0.00 TRACK
68.751	>>> V 2.92 0.00
68.751	S 20590610 -9.05 18.11 4.12 0.00 TRACK
68.775	>>> V 2.56 0.00
68.775	S 20590630 -9.05 18.11 2.75 0.00 TRACK
68.791	>>> V 2.56 0.00
68.792	S 20590650 -9.05 18.11 1.37 0.00 TRACK
68.812	>>> V 2.18 0.00
68.813	S 20590670 -9.05 18.11 0.00 0.00 TRACK
68.835	>>> V 2.18 0.00
68.836	S 20590690 -8.88 18.11 0.00 0.00 TRACK
68.852	>>> V 1.88 0.00
68.853	S 20590710 -8.79 18.11 1.37 0.00 TRACK
68.871	>>> V 0.00 0.00
68.871	S 20590730 -8.70 18.11 2.75 0.00 TRACK
68.890	>>> V 0.00 0.00
68.892	S 20590750 -8.61 18.11 4.12 0.00 TRACK
68.913	>>> V 0.00 0.00
68.914	S 20590770 -8.61 18.11 2.75 0.00 TRACK
68.933	>>> V 0.00 0.00
68.934	S 20590790 -8.61 18.11 1.37 0.00 TRACK
68.951	>>> V 0.00 0.00
68.953	S 20590810 -8.61 18.11 0.00 0.00 TRACK
68.971	>>> V 0.00 0.00
68.972	S 20590830 -8.61 18.11 0.00 0.00 TRACK
68.991	>>> V 0.00 0.00
68.992	S 20590850 -8.61 18.11 0.00 0.00 TRACK
69.013	>>> V 0.00 0.00
69.014	S 20590870 -8.61 18.11 0.00 0.00 TRACK
69.030	>>> V 0.00 0.00
69.031	S 20590890 -8.61 18.11 0.00 0.00 TRACK
69.059	>>> V 0.00 0.00
69.060	S 20590910 -8.61 18.11 0.00 0.00 TRACK
69.075	>>> V 0.00 0.00
69.077	S 20590930 -8.61 18.11 0.00 0.00 TRACK
69.090	>>> V 0.00 0.00
69.091	S 20590950 -8.61 18.11 0.00 0.00 TRACK
69.112	>>> V 0.00 0.00
69.115	S 20590970 -8.61 18.11 0.00 0.00 TRACK
69.131	>>> V 0.00 0.00
69.134	S 20590990 -8.61 18.11 0.00 0.00 TRACK
69.160	>>> V 0.00 0.00
69.160	S 20591010 -8.61 18.11 0.00 0.00 TRACK
69.175	>>> V 0.00 0.00
69.176	S 20591030 -8.70 18.11 0.00 0.00 TRACK
69.192	>>> V 0.00 0.00
69.192	S 20591050 -8.61 18.11 0.00 0.00 TRACK
69.210	>>> V 0.00 0.00
69.211	S 20591070 -8.61 18.11 0.00 0.00 TRACK
69.233	>>> V 0.00 0.00
69.234	S 20591090 -8.61 18.11 0.00 0.00 TRACK
69.250	>>> V 0.00 0.00
69.251	S 20591110 -8.61 18.11 0.00 0.00 TRACK
69.272	>>> V 0.00 0.00
69.272	S 20591130 -8.61 18.11 0.00 0.00 TRACK
69.293	>>> V 0.00 0.00
69.294	S 20591150 -8.61 18.11 0.00 0.00 TRACK
69.311	>>> V 0.00 0.00
69.312	S 20591170 -8.61 18.11 0.00 0.00 TRACK
69.331	>>> V 0.00 0.00
69.332	S 20591190 -8.61 18.11 0.00 0.00 TRACK
69.353	>>> V 0.00 0.00
69.354	S 20591210 -8.61 18.11 0.00 0.00 TRACK
69.370	>>> V 0.00 0.00
69.371	S 20591230 -8.61 18.11 0.00 0.00 TRACK
69.393	>>> V 0.00 0.00
69.394	S 20591250 -8.61 18.11 0.00 0.00 TRACK
69.411	>>> V 0.00 0.00
69.411	S 20591270 -8.61 18.11 0.00 0.00 TRACK
69.434	>>> V 0.00 0.00
69.435	S 20591290 -8.61 18.11 0.00 0.00 TRACK
69.450	>>> V 0.00 0.00
69.451	S 20591310 -8.61 18.11 0.00 0.00 TRACK
69.471	>>> V 0.00 0.00
69.471	S 20591330 -8.70 18.11 0.00 0.00 TRACK
69.490	>>> V 0.00 0.00
69.491	S 20591350 -8.61 18.11 0.00 0.00 TRACK
69.510	>>> V 0.00 0.00
69.511	S 20591370 -8.61 18.11 0.00 0.00 TRACK
69.530	>>> V 0.00 0.00
69.531	S 20591390 -8.61 18.11 0.00 0.00 TRACK
69.550	>>> V 0.00 0.00
69.551	S 20591410 -8.61 18.11 0.00 0.00 TRACK
69.572	>>> V 0.00 0.00
69.572	S 20591430 -8.61 18.02 0.00 0.00 TRACK
69.591	>>> V 0.00 0.00
69.592	S 20591450 -8.61 18.11 0.00 0.00 TRACK
69.616	>>> V 0.00 0.00
69.618	S 20591470 -8.61 18.11 0.00 0.00 TRACK
69.635	>>> V 0.00 0.00
69.635	S 20591490 -8.61 18.11 0.00 0.00 TRACK
69.652	>>> V 0.00 0.00
69.653	S 20591510 -8.61 18.02 0.00 0.00 TRACK
69.674	>>> V 0.00 0.00
69.675	S 20591530 -8.61 18.11 0.00 0.00 TRACK
69.693	>>> V 0.00 0.00
69.693	S 20591550 -8.61 18.11 0.00 0.00 TRACK
69.720	>>> V 0.00 0.00
69.721	S 20591570 -8.70 18.11 0.00 0.00 TRACK
69.732	>>> V 0.00 0.00
69.733	S 20591590 -8.61 18.11 0.00 0.00 TRACK
69.756	>>> V 0.00 0.00
69.756	S 20591610 -8.61 18.11 0.00 0.00 TRACK
69.771	>>> V 0.00 0.00
69.772	S 20591630 -8.61 18.11 0.00 0.00 TRACK
69.799	>>> V 0.00 0.00
69.800	S 20591650 -8.61 18.11 0.00 0.00 TRACK
69.813	>>> V 0.00 0.00
69.816	S 20591670 -8.61 18.11 0.00 0.00 TRACK
69.831	>>> V 0.00 0.00
69.832	S 20591690 -8.61 18.11 0.00 0.00 TRACK
69.851	>>> V 0.00 0.00
69.851	S 20591710 -8.61 18.11 0.00 0.00 TRACK
69.872	>>> V 0.00 0.00
69.873	S 20591730 -8.61 18.11 0.00 0.00 TRACK
69.893	>>> V 0.00 0.00
69.894	S 20591750 -8.61 18.11 0.00 0.00 TRACK
69.914	>>> V 0.00 0.00
69.916	S 20591770 -8.61 18.11 0.00 0.00 TRACK
69.931	>>> V 0.00 0.00
69.932	S 20591790 -8.61 18.11 0.00 0.00 TRACK
69.956	>>> V 0.00 0.00
69.956	S 20591810 -8.61 18.11 0.00 0.00 TRACK
69.971	>>> V 0.00 0.00
69.972	S 20591830 -8.61 18.11 0.00 0.00 TRACK
69.991	>>> V 0.00 0.00
69.993	S 20591850 -8.61 18.11 0.00 0.00 TRACK
70.013	>>> V 0.00 0.00
70.014	S 20591870 -8.61 18.11 0.00 0.00 TRACK
70.032	>>> V 0.00 0.00
70.033	S 20591890 -8.61 18.11 0.00 0.00 TRACK
70.063	>>> V 0.00 0.00
70.064	S 20591910 -8.61 18.11 0.00 0.00 TRACK
70.066	S 20591930 -8.61 18.11 0.00 0.00 TRACK
70.089	>>> V 0.00 0.00
70.091	S 20591950 -8.61 18.11 0.00 0.00 TRACK
70.099	>>> V 0.00 0.00
70.111	>>> V 0.00 0.00
70.111	S 20591970 -8.61 18.11 0.00 0.00 TRACK
70.131	>>> V 0.00 0.00
70.132	S 20591990 -8.61 18.11 0.00 0.00 TRACK
70.150	>>> V 0.00 0.00
70.151	S 20592010 -8.61 18.11 0.00 0.00 TRACK
70.171	>>> V 0.00 0.00
70.171	S 20592030 -8.61 18.11 0.00 0.00 TRACK
70.191	>>> V 0.00 0.00
70.191	S 20592050 -8.61 18.11 0.00 0.00 TRACK
70.211	>>> V 0.00 0.00
70.213	S 20592070 -8.61 18.11 0.00 0.00 TRACK
70.232	>>> V 0.00 0.00
70.232	S 20592090 -8.61 18.11 0.00 0.00 TRACK
70.251	>>> V 0.00 0.00
70.251	S 20592110 -8.61 18.11 0.00 0.00 TRACK
70.271	>>> V 0.00 0.00
70.272	S 20592130 -8.61 18.11 0.00 0.00 TRACK
70.292	>>> V 0.00 0.00
70.292	S 20592150 -8.61 18.11 0.00 0.00 TRACK
70.310	>>> V 0.00 0.00
70.311	S 20592170 -8.61 18.11 0.00 0.00 TRACK
70.331	>>> V 0.00 0.00
70.331	S 20592190 -8.61 18.11 0.00 0.00 TRACK
70.350	>>> V 0.00 0.00
70.350	S 20592210 -8.61 18.11 0.00 0.00 TRACK
70.370	>>> V 0.00 0.00
70.371	S 20592230 -8.61 18.11 0.00 0.00 TRACK
70.390	>>> V 0.00 0.00
70.390	S 20592250 -8.61 18.11 0.00 0.00 TRACK
70.412	>>> V 0.00 0.00
70.412	S 20592270 -8.61 18.11 0.00 0.00 TRACK
70.431	>>> V 0.00 0.00
70.431	S 20592290 -8.61 18.11 0.00 0.00 TRACK
70.452	>>> V 0.00 0.00
70.452	S 20592310 -8.61 18.11 0.00 0.00 TRACK
70.471	>>> V 0.00 0.00
70.473	S 20592330 -8.61 18.11 0.00 0.00 TRACK
70.493	>>> V 0.00 0.00
70.494	S 20592350 -8.61 18.11 0.00 0.00 TRACK
70.512	>>> V 0.00 0.00
70.513	S 20592370 -8.61 18.11 0.00 0.00 TRACK
70.533	>>> V 0.00 0.00
70.534	S 20592390 -8.61 18.11 0.00 0.00 TRACK
70.551	>>> V 0.00 0.00
70.552	S 20592410 -8.61 18.11 0.00 0.00 TRACK
70.574	>>> V 0.00 0.00
70.575	S 20592430 -8.61 18.11 0.00 0.00 TRACK
70.592	>>> V 0.00 0.00
70.592	S 20592450 -8.61 18.11 0.00 0.00 TRACK
70.611	>>> V 0.00 0.00
70.611	S 20592470 -8.61 18.11 0.00 0.00 TRACK
70.630	>>> V 0.00 0.00
70.631	S 20592490 -8.61 18.11 0.00 0.00 TRACK
70.650	>>> V 0.00 0.00
70.651	S 20592510 -8.61 18.11 0.00 0.00 TRACK
70.671	>>> V 0.00 0.00
70.671	S 20592530 -8.61 18.11 0.00 0.00 TRACK
70.690	>>> V 0.00 0.00
70.691	S 20592550 -8.61 18.11 0.00 0.00 TRACK
70.711	>>> V 0.00 0.00
70.712	S 20592570 -8.61 18.11 0.00 0.00 TRACK
70.730	>>> V 0.00 0.00
70.730	S 20592590 -8.61 18.11 0.00 0.00 TRACK
70.751	>>> V 0.00 0.00
70.751	S 20592610 -8.61 18.11 0.00 0.00 TRACK
70.771	>>> V 0.00 0.00
70.773	S 20592630 -8.61 18.11 0.00 0.00 TRACK
70.791	>>> V 0.00 0.00
70.792	S 20592650 -8.61 18.11 0.00 0.00 TRACK
70.813	>>> V 0.00 0.00
70.813	S 20592670 -8.61 18.11 0.00 0.00 TRACK
70.831	>>> V 0.00 0.00
70.831	S 20592690 -8.61 18.11 0.00 0.00 TRACK
70.852	>>> V 0.00 0.00
70.852	S 20592710 -8.61 18.11 0.00 0.00 TRACK
70.872	>>> V 0.00 0.00
70.872	S 20592730 -8.61 18.11 0.00 0.00 TRACK
70.890	>>> V 0.00 0.00
70.891	S 20592750 -8.61 18.11 0.00 0.00 TRACK
70.910	>>> V 0.00 0.00
70.911	S 20592770 -8.61 18.11 0.00 0.00 TRACK
70.933	>>> V 0.00 0.00
70.934	S 20592790 -8.61 18.11 0.00 0.00 TRACK
70.951	>>> V 0.00 0.00
70.951	S 20592810 -8.61 18.11 0.00 0.00 TRACK
70.970	>>> V 0.00 0.00
70.971	S 20592830 -8.61 18.11 0.00 0.00 TRACK
70.991	>>> V 0.00 0.00
70.991	S 20592850 -8.70 18.11 0.00 0.00 TRACK
71.011	>>> V 0.00 0.00
71.011	S 20592870 -8.61 18.11 0.00 0.00 TRACK
71.032	>>> V 0.00 0.00
71.032	S 20592890 -8.61 18.11 0.00 0.00 TRACK
71.051	>>> V 0.00 0.00
71.051	S 20592910 -8.61 18.11 0.00 0.00 TRACK
71.071	>>> V 0.00 0.00
71.072	S 20592930 -8.61 18.11 0.00 0.00 TRACK
71.091	>>> V 0.00 0.00
71.094	S 20592950 -8.61 18.11 0.00 0.00 TRACK
71.112	>>> V 0.00 0.00
71.113	S 20592970 -8.61 18.11 0.00 0.00 TRACK
71.130	>>> V 0.00 0.00
71.132	S 20592990 -8.61 18.11 0.00 0.00 TRACK
71.151	>>> V 0.00 0.00
71.152	S 20593010 -8.61 18.11 0.00 0.00 TRACK
71.171	>>> V 0.00 0.00
71.172	S 20593030 -8.61 18.11 0.00 0.00 TRACK
71.193	>>> V 0.00 0.00
71.193	S 20593050 -8.61 18.11 0.00 0.00 TRACK
71.211	>>> V 0.00 0.00
71.212	S 20593070 -8.61 18.11 0.00 0.00 TRACK
71.231	>>> V 0.00 0.00
71.231	S 20593090 -8.61 18.11 0.00 0.00 TRACK
71.250	>>> V 0.00 0.00
71.251	S 20593110 -8.61 18.11 0.00 0.00 TRACK
71.270	>>> V 0.00 0.00
71.272	S 20593130 -8.61 18.11 0.00 0.00 TRACK
71.292	>>> V 0.00 0.00
71.292	S 20593150 -8.61 18.11 0.00 0.00 TRACK
71.314	>>> V 0.00 0.00
71.314	S 20593170 -8.61 18.11 0.00 0.00 TRACK
71.332	>>> V 0.00 0.00
71.333	S 20593190 -8.61 18.11 0.00 0.00 TRACK
71.351	>>> V 0.00 0.00
71.353	S 20593210 -8.61 18.11 0.00 0.00 TRACK
71.371	>>> V 0.00 0.00
71.372	S 20593230 -8.61 18.11 0.00 0.00 TRACK
71.392	>>> V 0.00 0.00
71.395	S 20593250 -8.61 18.11 0.00 0.00 TRACK
71.416	>>> V 0.00 0.00
71.418	S 20593270 -8.61 18.11 0.00 0.00 TRACK
71.430	>>> V 0.00 0.00
71.431	S 20593290 -8.70 18.11 0.00 0.00 TRACK
71.451	>>> V 0.00 0.00
71.452	S 20593310 -8.61 18.11 0.00 0.00 TRACK
71.471	>>> V 0.00 0.00
71.471	S 20593330 -8.61 18.11 0.00 0.00 TRACK
71.492	>>> V 0.00 0.00
71.492	S 20593350 -8.61 18.11 0.00 0.00 TRACK
71.512	>>> V 0.00 0.00
71.514	S 20593370 -8.61 18.11 0.00 0.00 TRACK
71.531	>>> V 0.00 0.00
71.532	S 20593390 -8.61 18.11 0.00 0.00 TRACK
71.553	>>> V 0.00 0.00
71.554	S 20593410 -8.61 18.11 0.00 0.00 TRACK
71.575	>>> V 0.00 0.00
71.576	S 20593430 -8.61 18.11 0.00 0.00 TRACK
71.592	>>> V 0.00 0.00
71.592	S 20593450 -8.61 18.11 0.00 0.00 TRACK
71.611	>>> V 0.00 0.00
71.616	S 20593470 -8.61 18.11 0.00 0.00 TRACK
71.631	>>> V 0.00 0.00
71.632	S 20593490 -8.61 18.11 0.00 0.00 TRACK
71.658	>>> V 0.00 0.00
71.664	S 20593510 -8.61 18.11 0.00 0.00 TRACK
71.666	S 20593530 -8.61 18.11 0.00 0.00 TRACK
71.672	>>> V 0.00 0.00
71.691	>>> V 0.00 0.00
71.691	S 20593550 -8.61 18.11 0.00 0.00 TRACK
71.711	>>> V 0.00 0.00
71.711	S 20593570 -8.61 18.11 0.00 0.00 TRACK
71.734	>>> V 0.00 0.00
71.736	S 20593590 -8.61 18.11 0.00 0.00 TRACK
71.751	>>> V 0.00 0.00
71.751	S 20593610 -8.61 18.11 0.00 0.00 TRACK
71.772	>>> V 0.00 0.00
71.772	S 20593630 -8.61 18.11 0.00 0.00 TRACK
71.794	>>> V 0.00 0.00
71.794	S 20593650 -8.61 18.11 0.00 0.00 TRACK
71.814	>>> V 0.00 0.00
71.815	S 20593670 -8.61 18.11 0.00 0.00 TRACK
71.834	>>> V 0.00 0.00
71.834	S 20593690 -8.61 18.11 0.00 0.00 TRACK
71.853	>>> V 0.00 0.00
71.853	S 20593710 -8.70 18.11 0.00 0.00 TRACK
71.871	>>> V 0.00 0.00
71.872	S 20593730 -8.70 18.11 0.00 0.00 TRACK
71.890	>>> V 0.00 0.00
71.891	S 20593750 -8.61 18.11 0.00 0.00 TRACK
71.910	>>> V 0.00 0.00
71.912	S 20593770 -8.61 18.11 0.00 0.00 TRACK
71.930	>>> V 0.00 0.00
71.931	S 20593790 -8.61 18.11 0.00 0.00 TRACK
71.950	>>> V 0.00 0.00
71.951	S 20593810 -8.61 18.11 0.00 0.00 TRACK
71.973	>>> V 0.00 0.00
71.973	S 20593830 -8.61 18.11 0.00 0.00 TRACK
71.992	>>> V 0.00 0.00
71.993	S 20593850 -8.61 18.11 0.00 0.00 TRACK
72.014	>>> V 0.00 0.00
72.016	S 20593870 -8.61 18.11 0.00 0.00 TRACK
72.031	>>> V 0.00 0.00
72.031	S 20593890 -8.61 18.11 0.00 0.00 TRACK
72.051	>>> V 0.00 0.00
72.051	S 20593910 -8.61 18.11 0.00 0.00 TRACK
72.071	>>> V 0.00 0.00
72.071	S 20593930 -8.61 18.11 0.00 0.00 TRACK
72.092	>>> V 0.00 0.00
72.093	S 20593950 -8.61 18.11 0.00 0.00 TRACK
72.111	>>> V 0.00 0.00
72.114	S 20593970 -8.61 18.11 0.00 0.00 TRACK
72.131	>>> V 0.00 0.00
72.131	S 20593990 -8.61 18.11 0.00 0.00 TRACK
72.151	>>> V 0.00 0.00
72.152	S 20594010 -8.61 18.11 0.00 0.00 TRACK
72.171	>>> V 0.00 0.00
72.171	S 20594030 -8.61 18.11 0.00 0.00 TRACK
72.191	>>> V 0.00 0.00
72.191	S 20594050 -8.61 18.11 0.00 0.00 TRACK
72.212	>>> V 0.00 0.00
72.213	S 20594070 -8.61 18.11 0.00 0.00 TRACK
72.230	>>> V 0.00 0.00
72.231	S 20594090 -8.61 18.11 0.00 0.00 TRACK
72.250	>>> V 0.00 0.00
72.253	S 20594110 -8.61 18.11 0.00 0.00 TRACK
72.270	>>> V 0.00 0.00
72.272	S 20594130 -8.61 18.11 0.00 0.00 TRACK
72.293	>>> V 0.00 0.00
72.294	S 20594150 -8.61 18.11 0.00 0.00 TRACK
72.311	>>> V 0.00 0.00
72.311	S 20594170 -8.61 18.11 0.00 0.00 TRACK
72.333	>>> V 0.00 0.00
72.334	S 20594190 -8.61 18.11 0.00 0.00 TRACK
72.354	>>> V 0.00 0.00
72.354	S 20594210 -8.61 18.11 0.00 0.00 TRACK
72.376	>>> V 0.00 0.00
72.376	S 20594230 -8.61 18.11 0.00 0.00 TRACK
72.397	>>> V 0.00 0.00
72.397	S 20594250 -8.61 18.11 0.00 0.00 TRACK
72.411	>>> V 0.00 0.00
72.411	S 20594270 -8.61 18.11 0.00 0.00 TRACK
72.436	>>> V 0.00 0.00
72.438	S 20594290 -8.61 18.11 0.00 0.00 TRACK
72.451	>>> V 0.00 0.00
72.451	S 20594310 -8.61 18.11 0.00 0.00 TRACK
72.473	>>> V 0.00 0.00
72.474	S 20594330 -8.61 18.11 0.00 0.00 TRACK
72.494	>>> V 0.00 0.00
72.496	S 20594350 -8.61 18.11 0.00 0.00 TRACK
72.511	>>> V 0.00 0.00
72.512	S 20594370 -8.61 18.11 0.00 0.00 TRACK
72.532	>>> V 0.00 0.00
72.533	S 20594390 -8.61 18.11 0.00 0.00 TRACK
72.551	>>> V 0.00 0.00
72.552	S 20594410 -8.61 18.11 0.00 0.00 TRACK
72.574	>>> V 0.00 0.00
72.576	S 20594430 -8.70 18.11 0.00 0.00 TRACK
72.595	>>> V 0.00 0.00
72.597	S 20594450 -8.61 18.11 0.00 0.00 TRACK
72.614	>>> V 0.00 0.00
72.615	S 20594470 -8.61 18.11 0.00 0.00 TRACK
72.634	>>> V 0.00 0.00
72.634	S 20594490 -8.61 18.11 0.00 0.00 TRACK
72.651	>>> V 0.00 0.00
72.652	S 20594510 -8.70 18.11 0.00 0.00 TRACK
72.678	>>> V 0.00 0.00
72.680	S 20594530 -8.61 18.11 0.00 0.00 TRACK
72.695	>>> V 0.00 0.00
72.696	S 20594550 -8.61 18.11 0.00 0.00 TRACK
72.711	>>> V 0.00 0.00
72.713	S 20594570 -8.61 18.11 0.00 0.00 TRACK
72.732	>>> V 0.00 0.00
72.733	S 20594590 -8.61 18.11 0.00 0.00 TRACK
72.751	>>> V 0.00 0.00
72.751	S 20594610 -8.61 18.11 0.00 0.00 TRACK
72.773	>>> V 0.00 0.00
72.777	S 20594630 -8.61 18.11 0.00 0.00 TRACK
72.794	>>> V 0.00 0.00
72.797	S 20594650 -8.61 18.11 0.00 0.00 TRACK
72.818	>>> V 0.00 0.00
72.819	S 20594670 -8.61 18.11 0.00 0.00 TRACK
72.832	>>> V 0.00 0.00
72.833	S 20594690 -8.61 18.11 0.00 0.00 TRACK
72.858	>>> V 0.00 0.00
72.859	S 20594710 -8.61 18.11 0.00 0.00 TRACK
72.871	>>> V 0.00 0.00
72.872	S 20594730 -8.61 18.11 0.00 0.00 TRACK
72.890	>>> V 0.00 0.00
72.892	S 20594750 -8.61 18.11 0.00 0.00 TRACK
72.910	>>> V 0.00 0.00
72.911	S 20594770 -8.61 18.11 0.00 0.00 TRACK
72.931	>>> V 0.00 0.00
72.933	S 20594790 -8.61 18.11 0.00 0.00 TRACK
72.951	>>> V 0.00 0.00
72.952	S 20594811 -8.61 18.11 0.00 0.00 TRACK
72.971	>>> V 0.00 0.00
72.971	S 20594831 -8.61 18.11 0.00 0.00 TRACK
72.991	>>> V 0.00 0.00
72.991	S 20594851 -8.61 18.11 0.00 0.00 TRACK
73.010	>>> V 0.00 0.00
73.012	S 20594871 -8.61 18.11 0.00 0.00 TRACK
73.031	>>> V 0.00 0.00
73.031	S 20594891 -8.61 18.11 0.00 0.00 TRACK
73.051	>>> V 0.00 0.00
73.054	S 20594911 -8.61 18.11 0.00 0.00 TRACK
73.073	>>> V 0.00 0.00
73.074	S 20594931 -8.61 18.11 0.00 0.00 TRACK
73.091	>>> V 0.00 0.00
73.091	S 20594951 -8.61 18.11 0.00 0.00 TRACK
73.112	>>> V 0.00 0.00
73.112	S 20594971 -8.61 18.11 0.00 0.00 TRACK
73.133	>>> V 0.00 0.00
73.134	S 20594991 -8.61 18.11 0.00 0.00 TRACK
73.151	>>> V 0.00 0.00
73.151	S 20595011 -8.61 18.11 0.00 0.00 TRACK
73.171	>>> V 0.00 0.00
73.172	S 20595031 -8.61 18.11 0.00 0.00 TRACK
73.191	>>> V 0.00 0.00
73.192	S 20595051 -8.61 18.11 0.00 0.00 TRACK
73.211	>>> V 0.00 0.00
73.216	S 20595071 -8.61 18.11 0.00 0.00 TRACK
73.234	>>> V 0.00 0.00
73.236	S 20595091 -8.61 18.11 0.00 0.00 TRACK
73.254	>>> V 0.00 0.00
73.254	S 20595111 -8.61 18.11 0.00 0.00 TRACK
73.270	>>> V 0.00 0.00
73.270	S 20595131 -8.61 18.11 0.00 0.00 TRACK
73.291	>>> V 0.00 0.00
73.292	S 20595151 -8.61 18.11 0.00 0.00 TRACK
73.311	>>> V 0.00 0.00
73.311	S 20595171 -8.61 18.11 0.00 0.00 TRACK
73.332	>>> V 0.00 0.00
73.332	S 20595191 -8.61 18.11 0.00 0.00 TRACK
73.350	>>> V 0.00 0.00
73.351	S 20595211 -8.61 18.11 0.00 0.00 TRACK
73.373	>>> V 0.00 0.00
73.374	S 20595231 -8.61 18.11 0.00 0.00 TRACK
73.390	>>> V 0.00 0.00
73.391	S 20595251 -8.61 18.11 0.00 0.00 TRACK
73.413	>>> V 0.00 0.00
73.413	S 20595271 -8.61 18.11 0.00 0.00 TRACK
73.431	>>> V 0.00 0.00
73.431	S 20595291 -8.61 18.11 0.00 0.00 TRACK
73.451	>>> V 0.00 0.00
73.451	S 20595311 -8.61 18.11 0.00 0.00 TRACK
73.471	>>> V 0.00 0.00
73.473	S 20595331 -8.61 18.11 0.00 0.00 TRACK
73.494	>>> V 0.00 0.00
73.494	S 20595351 -8.61 18.11 0.00 0.00 TRACK
73.512	>>> V 0.00 0.00
73.512	S 20595371 -8.61 18.11 0.00 0.00 TRACK
73.530	>>> V 0.00 0.00
73.531	S 20595391 -8.61 18.11 0.00 0.00 TRACK
73.552	>>> V 0.00 0.00
73.553	S 20595411 -8.61 18.11 0.00 0.00 TRACK
73.570	>>> V 0.00 0.00
73.572	S 20595431 -8.61 18.11 0.00 0.00 TRACK
73.591	>>> V 0.00 0.00
73.592	S 20595451 -8.61 18.11 0.00 0.00 TRACK
73.610	>>> V 0.00 0.00
73.611	S 20595471 -8.70 18.11 0.00 0.00 TRACK
73.636	>>> V 0.00 0.00
73.636	S 20595491 -8.61 18.11 0.00 0.00 TRACK
73.652	>>> V 0.00 0.00
73.653	S 20595511 -8.61 18.11 0.00 0.00 TRACK
73.676	>>> V 0.00 0.00
73.676	S 20595531 -8.61 18.11 0.00 0.00 TRACK
73.692	>>> V 0.00 0.00
73.692	S 20595551 -8.61 18.11 0.00 0.00 TRACK
73.710	>>> V 0.00 0.00
73.711	S 20595571 -8.61 18.11 0.00 0.00 TRACK
73.730	>>> V 0.00 0.00
73.733	S 20595591 -8.61 18.11 0.00 0.00 TRACK
73.752	>>> V 0.00 0.00
73.754	S 20595611 -8.61 18.11 0.00 0.00 TRACK
73.771	>>> V 0.00 0.00
73.772	S 20595631 -8.61 18.11 0.00 0.00 TRACK
73.793	>>> V 0.00 0.00
73.793	S 20595651 -8.61 18.11 0.00 0.00 TRACK
73.812	>>> V 0.00 0.00
73.815	S 20595671 -8.61 18.11 0.00 0.00 TRACK
73.837	>>> V 0.00 0.00
73.838	S 20595691 -8.61 18.11 0.00 0.00 TRACK
73.852	>>> V 0.00 0.00
73.855	S 20595711 -8.61 18.11 0.00 0.00 TRACK
73.872	>>> V 0.00 0.00
73.872	S 20595731 -8.61 18.11 0.00 0.00 TRACK
73.896	>>> V 0.00 0.00
73.898	S 20595751 -8.70 18.11 0.00 0.00 TRACK
73.913	>>> V 0.00 0.00
73.918	S 20595771 -8.61 18.11 0.00 0.00 TRACK
73.931	>>> V 0.00 0.00
73.931	S 20595791 -8.61 18.11 0.00 0.00 TRACK
73.958	>>> V 0.00 0.00
73.959	S 20595811 -8.61 18.11 0.00 0.00 TRACK
73.972	>>> V 0.00 0.00
73.973	S 20595831 -8.61 18.11 0.00 0.00 TRACK
73.994	>>> V 0.00 0.00
73.994	S 20595851 -8.61 18.11 0.00 0.00 TRACK
74.011	>>> V 0.00 0.00
74.013	S 20595871 -8.61 18.11 0.00 0.00 TRACK
74.033	>>> V 0.00 0.00
74.033	S 20595891 -8.61 18.11 0.00 0.00 TRACK
74.057	>>> V 0.00 0.00
74.059	S 20595911 -8.61 18.11 0.00 0.00 TRACK
74.075	>>> V 0.00 0.00
74.077	S 20595931 -8.61 18.11 0.00 0.00 TRACK
74.097	>>> V 0.00 0.00
74.101	S 20595951 -8.61 18.11 0.00 0.00 TRACK
74.116	>>> V 0.00 0.00
74.119	S 20595971 -8.70 18.11 0.00 0.00 TRACK
74.133	>>> V 0.00 0.00
74.135	S 20595991 -8.61 18.11 0.00 0.00 TRACK
74.151	>>> V 0.00 0.00
74.154	S 20596011 -8.61 18.11 0.00 0.00 TRACK
74.173	>>> V 0.00 0.00
74.173	S 20596031 -8.61 18.11 0.00 0.00 TRACK
74.197	>>> V 0.00 0.00
74.200	S 20596051 -8.61 18.11 0.00 0.00 TRACK
74.212	>>> V 0.00 0.00
74.212	S 20596071 -8.61 18.11 0.00 0.00 TRACK
74.234	>>> V 0.00 0.00
74.235	S 20596091 -8.61 18.11 0.00 0.00 TRACK
74.250	>>> V 0.00 0.00
74.250	S 20596111 -8.61 18.11 0.00 0.00 TRACK
74.271	>>> V 0.00 0.00
74.274	S 20596131 -8.61 18.11 0.00 0.00 TRACK
74.295	>>> V 0.00 0.00
74.296	S 20596151 -8.61 18.11 0.00 0.00 TRACK
74.314	>>> V 0.00 0.00
74.314	S 20596171 -8.61 18.11 0.00 0.00 TRACK
74.330	>>> V 0.00 0.00
74.331	S 20596191 -8.61 18.11 0.00 0.00 TRACK
74.354	>>> V 0.00 0.00
74.354	S 20596211 -8.61 18.11 0.00 0.00 TRACK
74.371	>>> V 0.00 0.00
74.371	S 20596231 -8.61 18.11 0.00 0.00 TRACK
74.392	>>> V 0.00 0.00
74.394	S 20596251 -8.61 18.11 0.00 0.00 TRACK
74.411	>>> V 0.00 0.00
74.411	S 20596271 -8.61 18.11 0.00 0.00 TRACK
74.434	>>> V 0.00 0.00
74.434	S 20596291 -8.61 18.11 0.00 0.00 TRACK
74.450	>>> V 0.00 0.00
74.453	S 20596311 -8.61 18.11 0.00 0.00 TRACK
74.471	>>> V 0.00 0.00
74.472	S 20596331 -8.61 18.11 0.00 0.00 TRACK
74.490	>>> V 0.00 0.00
74.491	S 20596351 -8.61 18.11 0.00 0.00 TRACK
74.510	>>> V 0.00 0.00
74.510	S 20596371 -8.61 18.11 0.00 0.00 TRACK
74.530	>>> V 0.00 0.00
74.532	S 20596391 -8.61 18.11 0.00 0.00 TRACK
74.551	>>> V 0.00 0.00
74.552	S 20596411 -8.61 18.11 0.00 0.00 TRACK
74.571	>>> V 0.00 0.00
74.573	S 20596431 -8.61 18.11 0.00 0.00 TRACK
74.591	>>> V 0.00 0.00
74.591	S 20596451 -8.61 18.11 0.00 0.00 TRACK
74.612	>>> V 0.00 0.00
74.612	S 20596471 -8.61 18.11 0.00 0.00 TRACK
74.633	>>> V 0.00 0.00
74.633	S 20596491 -8.61 18.11 0.00 0.00 TRACK
74.651	>>> V 0.00 0.00
74.652	S 20596511 -8.61 18.11 0.00 0.00 TRACK
74.671	>>> V 0.00 0.00
74.671	S 20596531 -8.61 18.11 0.00 0.00 TRACK
74.691	>>> V 0.00 0.00
74.691	S 20596551 -8.61 18.11 0.00 0.00 TRACK
74.710	>>> V 0.00 0.00
74.711	S 20596571 -8.61 18.11 0.00 0.00 TRACK
74.730	>>> V 0.00 0.00
74.731	S 20596591 -8.61 18.11 0.00 0.00 TRACK
74.751	>>> V 0.00 0.00
74.752	S 20596611 -8.61 18.11 0.00 0.00 TRACK
74.772	>>> V 0.00 0.00
74.772	S 20596631 -8.61 18.11 0.00 0.00 TRACK
74.793	>>> V 0.00 0.00
74.796	S 20596651 -8.61 18.11 0.00 0.00 TRACK
74.825	>>> V 0.00 0.00
74.827	S 20596671 -8.61 18.11 0.00 0.00 TRACK
74.832	S 20596691 -8.61 18.11 0.00 0.00 TRACK
74.840	>>> V 0.00 0.00
74.860	>>> V 0.00 0.00
74.861	S 20596711 -8.61 18.11 0.00 0.00 TRACK
74.870	>>> V 0.00 0.00
74.871	S 20596731 -8.61 18.11 0.00 0.00 TRACK
74.891	>>> V 0.00 0.00
74.892	S 20596751 -8.61 18.11 0.00 0.00 TRACK
74.911	>>> V 0.00 0.00
74.912	S 20596771 -8.61 18.11 0.00 0.00 TRACK
74.934	>>> V 0.00 0.00
74.937	S 20596791 -8.61 18.11 0.00 0.00 TRACK
74.952	>>> V 0.00 0.00
74.953	S 20596811 -8.61 18.11 0.00 0.00 TRACK
74.971	>>> V 0.00 0.00
74.971	S 20596831 -8.61 18.11 0.00 0.00 TRACK
74.992	>>> V 0.00 0.00
74.992	S 20596851 -8.61 18.11 0.00 0.00 TRACK
75.011	>>> V 0.00 0.00
75.013	S 20596871 -8.61 18.11 0.00 0.00 TRACK
75.032	>>> V 0.00 0.00
75.033	S 20596891 -8.70 18.11 0.00 0.00 TRACK
75.061	>>> V 0.00 0.00
75.062	S 20596911 -8.61 18.02 0.00 0.00 TRACK
75.075	>>> V 0.00 0.00
75.075	S 20596931 -8.61 18.11 0.00 0.00 TRACK
75.092	>>> V 0.00 0.00
75.094	S 20596951 -8.61 18.11 0.00 0.00 TRACK
75.113	>>> V 0.00 0.00
75.114	S 20596971 -8.61 18.11 0.00 0.00 TRACK
75.132	>>> V 0.00 0.00
75.133	S 20596991 -8.61 18.11 0.00 0.00 TRACK
75.153	>>> V 0.00 0.00
75.154	S 20597011 -8.61 18.11 0.00 0.00 TRACK
75.170	>>> V 0.00 0.00
75.172	S 20597031 -8.61 18.11 0.00 0.00 TRACK
75.192	>>> V 0.00 0.00
75.194	S 20597051 -8.61 18.11 0.00 0.00 TRACK
75.211	>>> V 0.00 0.00
75.212	S 20597071 -8.61 18.11 0.00 0.00 TRACK
75.231	>>> V 0.00 0.00
75.232	S 20597091 -8.61 18.11 0.00 0.00 TRACK
75.251	>>> V 0.00 0.00
75.251	S 20597111 -8.61 18.11 0.00 0.00 TRACK
75.273	>>> V 0.00 0.00
75.273	S 20597131 -8.61 18.11 0.00 0.00 TRACK
75.291	>>> V 0.00 0.00
75.292	S 20597151 -8.61 18.11 0.00 0.00 TRACK
75.315	>>> V 0.00 0.00
75.315	S 20597171 -8.61 18.11 0.00 0.00 TRACK
75.334	>>> V 0.00 0.00
75.336	S 20597191 -8.61 18.11 0.00 0.00 TRACK
75.352	>>> V 0.00 0.00
75.354	S 20597211 -8.61 18.11 0.00 0.00 TRACK
75.371	>>> V 0.00 0.00
75.371	S 20597231 -8.61 18.11 0.00 0.00 TRACK
75.391	>>> V 0.00 0.00
75.391	S 20597251 -8.61 18.11 0.00 0.00 TRACK
75.412	>>> V 0.00 0.00
75.412	S 20597271 -8.61 18.11 0.00 0.00 TRACK
75.430	>>> V 0.00 0.00
75.433	S 20597291 -8.61 18.11 0.00 0.00 TRACK
75.451	>>> V 0.00 0.00
75.452	S 20597311 -8.61 18.11 0.00 0.00 TRACK
75.471	>>> V 0.00 0.00
75.471	S 20597331 -8.61 18.11 0.00 0.00 TRACK
75.495	>>> V 0.00 0.00
75.495	S 20597351 -8.61 18.11 0.00 0.00 TRACK
75.511	>>> V 0.00 0.00
75.513	S 20597371 -8.61 18.11 0.00 0.00 TRACK
75.535	>>> V 0.00 0.00
75.536	S 20597391 -8.61 18.11 0.00 0.00 TRACK
75.551	>>> V 0.00 0.00
75.551	S 20597411 -8.61 18.11 0.00 0.00 TRACK
75.572	>>> V 0.00 0.00
75.572	S 20597431 -8.61 18.11 0.00 0.00 TRACK
75.592	>>> V 0.00 0.00
75.592	S 20597451 -8.61 18.11 0.00 0.00 TRACK
75.616	>>> V 0.00 0.00
75.616	S 20597471 -8.61 18.11 0.00 0.00 TRACK
75.636	>>> V 0.00 0.00
75.640	S 20597491 -8.61 18.11 0.00 0.00 TRACK
75.655	>>> V 0.00 0.00
75.659	S 20597511 -8.61 18.11 0.00 0.00 TRACK
75.670	>>> V 0.00 0.00
75.672	S 20597531 -8.61 18.02 0.00 0.00 TRACK
75.692	>>> V 0.00 0.00
75.695	S 20597551 -8.61 18.11 0.00 0.00 TRACK
75.714	>>> V 0.00 0.00
75.715	S 20597571 -8.61 18.11 0.00 0.00 TRACK
75.732	>>> V 0.00 0.00
75.733	S 20597591 -8.61 18.11 0.00 0.00 TRACK
75.751	>>> V 0.00 0.00
75.752	S 20597611 -8.61 18.11 0.00 0.00 TRACK
75.771	>>> V 0.00 0.00
75.771	S 20597631 -8.61 18.11 0.00 0.00 TRACK
75.791	>>> V 0.00 0.00
75.794	S 20597651 -8.61 18.11 0.00 0.00 TRACK
75.811	>>> V 0.00 0.00
75.812	S 20597671 -8.61 18.11 0.00 0.00 TRACK
75.832	>>> V 0.00 0.00
75.832	S 20597691 -8.61 18.11 0.00 0.00 TRACK
75.853	>>> V 0.00 0.00
75.854	S 20597711 -8.61 18.11 0.00 0.00 TRACK
75.872	>>> V 0.00 0.00
75.873	S 20597731 -8.61 18.11 0.00 0.00 TRACK
75.891	>>> V 0.00 0.00
75.891	S 20597751 -8.61 18.11 0.00 0.00 TRACK
75.913	>>> V 0.00 0.00
75.913	S 20597771 -8.61 18.11 0.00 0.00 TRACK
75.935	>>> V 0.00 0.00
75.936	S 20597791 -8.61 18.11 0.00 0.00 TRACK
75.951	>>> V 0.00 0.00
75.951	S 20597811 -8.61 18.11 0.00 0.00 TRACK
75.972	>>> V 0.00 0.00
75.973	S 20597831 -8.61 18.11 0.00 0.00 TRACK
75.992	>>> V 0.00 0.00
75.993	S 20597851 -8.61 18.11 0.00 0.00 TRACK
76.014	>>> V 0.00 0.00
76.016	S 20597871 -8.70 18.11 0.00 0.00 TRACK
76.031	>>> V 0.00 0.00
76.033	S 20597891 -8.61 18.11 0.00 0.00 TRACK
76.050	>>> V 0.00 0.00
76.051	S 20597911 -8.61 18.11 0.00 0.00 TRACK
76.072	>>> V 0.00 0.00
76.073	S 20597931 -8.61 18.11 0.00 0.00 TRACK
76.094	>>> V 0.00 0.00
76.097	S 20597951 -8.61 18.11 0.00 0.00 TRACK
76.115	>>> V 0.00 0.00
76.116	S 20597971 -8.61 18.11 0.00 0.00 TRACK
76.132	>>> V 0.00 0.00
76.134	S 20597991 -8.61 18.11 0.00 0.00 TRACK
76.152	>>> V 0.00 0.00
76.152	S 20598011 -8.61 18.11 0.00 0.00 TRACK
76.170	>>> V 0.00 0.00
76.176	S 20598031 -8.61 18.11 0.00 0.00 TRACK
76.191	>>> V 0.00 0.00
76.192	S 20598051 -8.61 18.11 0.00 0.00 TRACK
76.212	>>> V 0.00 0.00
76.212	S 20598071 -8.61 18.11 0.00 0.00 TRACK
76.231	>>> V 0.00 0.00
76.231	S 20598091 -8.61 18.11 0.00 0.00 TRACK
76.255	>>> V 0.00 0.00
76.256	S 20598111 -8.61 18.11 0.00 0.00 TRACK
76.273	>>> V 0.00 0.00
76.274	S 20598131 -8.61 18.11 0.00 0.00 TRACK
76.292	>>> V 0.00 0.00
76.292	S 20598151 -8.61 18.11 0.00 0.00 TRACK
76.311	>>> V 0.00 0.00
76.313	S 20598171 -8.61 18.11 0.00 0.00 TRACK
76.334	>>> V 0.00 0.00
76.335	S 20598191 -8.61 18.11 0.00 0.00 TRACK
76.359	>>> V 0.00 0.00
76.359	S 20598211 -8.61 18.11 0.00 0.00 TRACK
76.372	>>> V 0.00 0.00
76.373	S 20598231 -8.61 18.11 0.00 0.00 TRACK
76.394	>>> V 0.00 0.00
76.394	S 20598251 -8.61 18.11 0.00 0.00 TRACK
76.411	>>> V 0.00 0.00
76.412	S 20598271 -8.61 18.11 0.00 0.00 TRACK
76.432	>>> V 0.00 0.00
76.433	S 20598291 -8.61 18.11 0.00 0.00 TRACK
76.453	>>> V 0.00 0.00
76.454	S 20598311 -8.61 18.11 0.00 0.00 TRACK
76.471	>>> V 0.00 0.00
76.472	S 20598331 -8.61 18.11 0.00 0.00 TRACK
76.491	>>> V 0.00 0.00
76.495	S 20598351 -8.61 18.11 0.00 0.00 TRACK
76.511	>>> V 0.00 0.00
76.514	S 20598371 -8.61 18.11 0.00 0.00 TRACK
76.533	>>> V 0.00 0.00
76.537	S 20598391 -8.61 18.11 0.00 0.00 TRACK
76.550	>>> V 0.00 0.00
76.551	S 20598411 -8.61 18.11 0.00 0.00 TRACK
76.572	>>> V 0.00 0.00
76.576	S 20598431 -8.61 18.11 0.00 0.00 TRACK
76.594	>>> V 0.00 0.00
76.594	S 20598451 -8.61 18.11 0.00 0.00 TRACK
76.612	>>> V 0.00 0.00
76.613	S 20598471 -8.61 18.11 0.00 0.00 TRACK
76.631	>>> V 0.00 0.00
76.632	S 20598491 -8.61 18.11 0.00 0.00 TRACK
76.653	>>> V 0.00 0.00
76.654	S 20598511 -8.61 18.11 0.00 0.00 TRACK
76.675	>>> V 0.00 0.00
76.677	S 20598531 -8.61 18.11 0.00 0.00 TRACK
76.692	>>> V 0.00 0.00
76.694	S 20598551 -8.61 18.11 0.00 0.00 TRACK
76.719	>>> V 0.00 0.00
76.722	S 20598571 -8.70 18.11 0.00 0.00 TRACK
76.732	>>> V 0.00 0.00
76.732	S 20598591 -8.61 18.11 0.00 0.00 TRACK
76.757	>>> V 0.00 0.00
76.759	S 20598611 -8.61 18.11 0.00 0.00 TRACK
76.774	>>> V 0.00 0.00
76.777	S 20598631 -8.61 18.11 0.00 0.00 TRACK
76.795	>>> V 0.00 0.00
76.796	S 20598651 -8.61 18.11 0.00 0.00 TRACK
76.810	>>> V 0.00 0.00
76.810	S 20598671 -8.61 18.11 0.00 0.00 TRACK
76.831	>>> V 0.00 0.00
76.832	S 20598691 -8.61 18.11 0.00 0.00 TRACK
76.851	>>> V 0.00 0.00
76.852	S 20598711 -8.61 18.11 0.00 0.00 TRACK
76.871	>>> V 0.00 0.00
76.872	S 20598731 -8.61 18.11 0.00 0.00 TRACK
76.892	>>> V 0.00 0.00
76.893	S 20598751 -8.61 18.11 0.00 0.00 TRACK
76.910	>>> V 0.00 0.00
76.911	S 20598771 -8.70 18.11 0.00 0.00 TRACK
76.932	>>> V 0.00 0.00
76.933	S 20598791 -8.61 18.11 0.00 0.00 TRACK
76.951	>>> V 0.00 0.00
76.952	S 20598811 -8.61 18.11 0.00 0.00 TRACK
76.973	>>> V 0.00 0.00
76.973	S 20598831 -8.61 18.11 0.00 0.00 TRACK
76.994	>>> V 0.00 0.00
76.994	S 20598851 -8.61 18.11 0.00 0.00 TRACK
77.011	>>> V 0.00 0.00
77.012	S 20598871 -8.61 18.11 0.00 0.00 TRACK
77.032	>>> V 0.00 0.00
77.033	S 20598891 -8.61 18.11 0.00 0.00 TRACK
77.051	>>> V 0.00 0.00
77.051	S 20598911 -8.61 18.11 0.00 0.00 TRACK
77.070	>>> V 0.00 0.00
77.070	S 20598931 -8.61 18.11 0.00 0.00 TRACK
77.090	>>> V 0.00 0.00
77.091	S 20598951 -8.61 18.11 0.00 0.00 TRACK
77.110	>>> V 0.00 0.00
77.110	S 20598971 -8.61 18.11 0.00 0.00 TRACK
77.131	>>> V 0.00 0.00
77.133	S 20598991 -8.61 18.11 0.00 0.00 TRACK
77.151	>>> V 0.00 0.00
77.151	S 20599011 -8.61 18.11 0.00 0.00 TRACK
77.175	>>> V 0.00 0.00
77.175	S 20599031 -8.61 18.11 0.00 0.00 TRACK
77.194	>>> V 0.00 0.00
77.197	S 20599051 -8.61 18.02 0.00 0.00 TRACK
77.212	>>> V 0.00 0.00
77.217	S 20599071 -8.61 18.11 0.00 0.00 TRACK
77.237	>>> V 0.00 0.00
77.239	S 20599091 -8.61 18.11 0.00 0.00 TRACK
77.251	>>> V 0.00 0.00
77.253	S 20599111 -8.61 18.11 0.00 0.00 TRACK
77.271	>>> V 0.00 0.00
77.272	S 20599131 -8.61 18.11 0.00 0.00 TRACK
77.290	>>> V 0.00 0.00
77.291	S 20599151 -8.61 18.11 0.00 0.00 TRACK
77.311	>>> V 0.00 0.00
77.311	S 20599171 -8.61 18.11 0.00 0.00 TRACK
77.331	>>> V 0.00 0.00
77.331	S 20599191 -8.61 18.11 0.00 0.00 TRACK
77.355	>>> V 0.00 0.00
77.356	S 20599211 -8.61 18.11 0.00 0.00 TRACK
77.371	>>> V 0.00 0.00
77.372	S 20599231 -8.61 18.11 0.00 0.00 TRACK
77.393	>>> V 0.00 0.00
77.393	S 20599251 -8.61 18.11 0.00 0.00 TRACK
77.411	>>> V 0.00 0.00
77.411	S 20599271 -8.61 18.11 0.00 0.00 TRACK
77.433	>>> V 0.00 0.00
77.433	S 20599291 -8.61 18.11 0.00 0.00 TRACK
77.451	>>> V 0.00 0.00
77.451	S 20599311 -8.61 18.11 0.00 0.00 TRACK
77.473	>>> V 0.00 0.00
77.475	S 20599331 -8.61 18.11 0.00 0.00 TRACK
77.492	>>> V 0.00 0.00
77.493	S 20599351 -8.61 18.11 0.00 0.00 TRACK
77.512	>>> V 0.00 0.00
77.512	S 20599371 -8.61 18.11 0.00 0.00 TRACK
77.532	>>> V 0.00 0.00
77.533	S 20599391 -8.61 18.11 0.00 0.00 TRACK
77.552	>>> V 0.00 0.00
77.553	S 20599411 -8.61 18.11 0.00 0.00 TRACK
77.571	>>> V 0.00 0.00
77.572	S 20599431 -8.61 18.11 0.00 0.00 TRACK
77.593	>>> V 0.00 0.00
77.593	S 20599451 -8.61 18.11 0.00 0.00 TRACK
77.611	>>> V 0.00 0.00
77.611	S 20599471 -8.61 18.11 0.00 0.00 TRACK
77.631	>>> V 0.00 0.00
77.632	S 20599491 -8.61 18.11 0.00 0.00 TRACK
77.652	>>> V 0.00 0.00
77.652	S 20599511 -8.61 18.11 0.00 0.00 TRACK
77.672	>>> V 0.00 0.00
77.672	S 20599531 -8.61 18.11 0.00 0.00 TRACK
77.691	>>> V 0.00 0.00
77.692	S 20599551 -8.61 18.11 0.00 0.00 TRACK
77.712	>>> V 0.00 0.00
77.712	S 20599571 -8.61 18.11 0.00 0.00 TRACK
77.732	>>> V 0.00 0.00
77.734	S 20599591 -8.61 18.11 0.00 0.00 TRACK
77.753	>>> V 0.00 0.00
77.754	S 20599611 -8.61 18.11 0.00 0.00 TRACK
77.771	>>> V 0.00 0.00
77.771	S 20599631 -8.61 18.11 0.00 0.00 TRACK
77.792	>>> V 0.00 0.00
77.792	S 20599651 -8.61 18.11 0.00 0.00 TRACK
77.811	>>> V 0.00 0.00
77.811	S 20599671 -8.61 18.11 0.00 0.00 TRACK
77.831	>>> V 0.00 0.00
77.832	S 20599691 -8.61 18.11 0.00 0.00 TRACK
77.853	>>> V 0.00 0.00
77.854	S 20599711 -8.61 18.11 0.00 0.00 TRACK
77.870	>>> V 0.00 0.00
77.871	S 20599731 -8.61 18.11 0.00 0.00 TRACK
77.893	>>> V 0.00 0.00
77.895	S 20599751 -8.61 18.11 0.00 0.00 TRACK
77.912	>>> V 0.00 0.00
77.913	S 20599771 -8.61 18.11 0.00 0.00 TRACK
77.934	>>> V 0.00 0.00
77.934	S 20599791 -8.61 18.11 0.00 0.00 TRACK
77.950	>>> V 0.00 0.00
77.950	S 20599811 -8.61 18.11 0.00 0.00 TRACK
77.970	>>> V 0.00 0.00
77.971	S 20599831 -8.61 18.11 0.00 0.00 TRACK
77.990	>>> V 0.00 0.00
77.991	S 20599851 -8.61 18.11 0.00 0.00 TRACK
78.011	>>> V 0.00 0.00
78.011	S 20599871 -8.61 18.11 0.00 0.00 TRACK
78.031	>>> V 0.00 0.00
78.031	S 20599891 -8.61 18.11 0.00 0.00 TRACK
78.051	>>> V 0.00 0.00
78.051	S 20599911 -8.61 18.11 0.00 0.00 TRACK
78.072	>>> V 0.00 0.00
78.073	S 20599931 -8.61 18.11 0.00 0.00 TRACK
78.091	>>> V 0.00 0.00
78.091	S 20599951 -8.61 18.11 0.00 0.00 TRACK
78.110	>>> V 0.00 0.00
78.111	S 20599971 -8.61 18.11 0.00 0.00 TRACK
78.130	>>> V 0.00 0.00
78.130	S 20599991 -8.61 18.11 0.00 0.00 TRACK
78.152	>>> V 0.00 0.00
78.154	S 20600011 -8.61 18.11 0.00 0.00 TRACK
78.171	>>> V 0.00 0.00
78.175	S 20600031 -8.61 18.11 0.00 0.00 TRACK
78.191	>>> V 0.00 0.00
78.195	S 20600051 -8.61 18.11 0.00 0.00 TRACK
78.210	>>> V 0.00 0.00
78.211	S 20600071 -8.61 18.11 0.00 0.00 TRACK
78.231	>>> V 0.00 0.00
78.233	S 20600091 -8.61 18.11 0.00 0.00 TRACK
78.250	>>> V 0.00 0.00
78.251	S 20600111 -8.61 18.11 0.00 0.00 TRACK
78.272	>>> V 0.00 0.00
78.272	S 20600131 -8.61 18.11 0.00 0.00 TRACK
78.290	>>> V 0.00 0.00
78.291	S 20600151 -8.61 18.11 0.00 0.00 TRACK
78.311	>>> V 0.00 0.00
78.312	S 20600171 -8.61 18.11 0.00 0.00 TRACK
78.331	>>> V 0.00 0.00
78.331	S 20600191 -8.61 18.11 0.00 0.00 TRACK
78.350	>>> V 0.00 0.00
78.351	S 20600211 -8.61 18.11 0.00 0.00 TRACK
78.372	>>> V 0.00 0.00
78.374	S 20600231 -8.61 18.11 0.00 0.00 TRACK
78.394	>>> V 0.00 0.00
78.394	S 20600251 -8.61 18.11 0.00 0.00 TRACK
78.412	>>> V 0.00 0.00
78.414	S 20600271 -8.61 18.11 0.00 0.00 TRACK
78.435	>>> V 0.00 0.00
78.436	S 20600291 -8.61 18.11 0.00 0.00 TRACK
78.451	>>> V 0.00 0.00
78.452	S 20600311 -8.61 18.11 0.00 0.00 TRACK
78.470	>>> V 0.00 0.00
78.471	S 20600331 -8.61 18.11 0.00 0.00 TRACK
78.493	>>> V 0.00 0.00
78.494	S 20600351 -8.61 18.11 0.00 0.00 TRACK
78.510	>>> V 0.00 0.00
78.511	S 20600371 -8.61 18.11 0.00 0.00 TRACK
78.531	>>> V 0.00 0.00
78.532	S 20600391 -8.61 18.11 0.00 0.00 TRACK
78.551	>>> V 0.00 0.00
78.551	S 20600411 -8.61 18.11 0.00 0.00 TRACK
78.571	>>> V 0.00 0.00
78.571	S 20600431 -8.61 18.11 0.00 0.00 TRACK
78.590	>>> V 0.00 0.00
78.591	S 20600451 -8.61 18.11 0.00 0.00 TRACK
78.611	>>> V 0.00 0.00
78.614	S 20600471 -8.61 18.11 0.00 0.00 TRACK
78.630	>>> V 0.00 0.00
78.631	S 20600491 -8.61 18.11 0.00 0.00 TRACK
78.650	>>> V 0.00 0.00
78.651	S 20600511 -8.61 18.11 0.00 0.00 TRACK
78.672	>>> V 0.00 0.00
78.672	S 20600531 -8.61 18.11 0.00 0.00 TRACK
78.690	>>> V 0.00 0.00
78.691	S 20600551 -8.61 18.11 0.00 0.00 TRACK
78.712	>>> V 0.00 0.00
78.713	S 20600571 -8.61 18.11 0.00 0.00 TRACK
78.730	>>> V 0.00 0.00
78.730	S 20600591 -8.61 18.11 0.00 0.00 TRACK
78.751	>>> V 0.00 0.00
78.751	S 20600611 -8.61 18.11 0.00 0.00 TRACK
78.771	>>> V 0.00 0.00
78.771	S 20600631 -8.61 18.11 0.00 0.00 TRACK
78.790	>>> V 0.00 0.00
78.791	S 20600651 -8.61 18.11 0.00 0.00 TRACK
78.811	>>> V 0.00 0.00
78.811	S 20600671 -8.70 18.11 0.00 0.00 TRACK
78.830	>>> V 0.00 0.00
78.831	S 20600691 -8.61 18.11 0.00 0.00 TRACK
78.851	>>> V 0.00 0.00
78.852	S 20600711 -8.61 18.11 0.00 0.00 TRACK
78.870	>>> V 0.00 0.00
78.870	S 20600731 -8.61 18.11 0.00 0.00 TRACK
78.891	>>> V 0.00 0.00
78.892	S 20600751 -8.61 18.11 0.00 0.00 TRACK
78.910	>>> V 0.00 0.00
78.911	S 20600771 -8.61 18.11 0.00 0.00 TRACK
78.931	>>> V 0.00 0.00
78.932	S 20600791 -8.61 18.11 0.00 0.00 TRACK
78.951	>>> V 0.00 0.00
78.951	S 20600811 -8.70 18.11 0.00 0.00 TRACK
78.971	>>> V 0.00 0.00
78.971	S 20600831 -8.61 18.11 0.00 0.00 TRACK
78.991	>>> V 0.00 0.00
78.992	S 20600851 -8.61 18.11 0.00 0.00 TRACK
79.011	>>> V 0.00 0.00
79.012	S 20600871 -8.61 18.11 0.00 0.00 TRACK
79.030	>>> V 0.00 0.00
79.031	S 20600891 -8.61 18.11 0.00 0.00 TRACK
79.054	>>> V 0.00 0.00
79.055	S 20600911 -8.61 18.11 0.00 0.00 TRACK
79.072	>>> V 0.00 0.00
79.072	S 20600931 -8.61 18.11 0.00 0.00 TRACK
79.091	>>> V 0.00 0.00
79.092	S 20600951 -8.61 18.11 0.00 0.00 TRACK
79.111	>>> V 0.00 0.00
79.112	S 20600971 -8.61 18.11 0.00 0.00 TRACK
79.132	>>> V 0.00 0.00
79.134	S 20600991 -8.61 18.11 0.00 0.00 TRACK
79.151	>>> V 0.00 0.00
79.152	S 20601011 -8.61 18.11 0.00 0.00 TRACK
79.171	>>> V 0.00 0.00
79.171	S 20601031 -8.61 18.11 0.00 0.00 TRACK
79.198	>>> V 0.00 0.00
79.198	S 20601051 -8.61 18.11 0.00 0.00 TRACK
79.213	>>> V 0.00 0.00
79.215	S 20601071 -8.61 18.11 0.00 0.00 TRACK
79.231	>>> V 0.00 0.00
79.234	S 20601091 -8.61 18.11 0.00 0.00 TRACK
79.250	>>> V 0.00 0.00
79.253	S 20601111 -8.61 18.11 0.00 0.00 TRACK
79.278	>>> V 0.00 0.00
79.279	S 20601131 -8.61 18.11 0.00 0.00 TRACK
79.292	>>> V 0.00 0.00
79.294	S 20601151 -8.61 18.11 0.00 0.00 TRACK
79.311	>>> V 0.00 0.00
79.312	S 20601171 -8.61 18.11 0.00 0.00 TRACK
79.332	>>> V 0.00 0.00
79.333	S 20601191 -8.61 18.11 0.00 0.00 TRACK
79.350	>>> V 0.00 0.00
79.352	S 20601211 -8.61 18.11 0.00 0.00 TRACK
79.372	>>> V 0.00 0.00
79.373	S 20601231 -8.61 18.11 0.00 0.00 TRACK
79.392	>>> V 0.00 0.00
79.393	S 20601251 -8.61 18.11 0.00 0.00 TRACK
79.411	>>> V 0.00 0.00
79.411	S 20601271 -8.61 18.11 0.00 0.00 TRACK
79.434	>>> V 0.00 0.00
79.435	S 20601291 -8.61 18.11 0.00 0.00 TRACK
79.452	>>> V 0.00 0.00
79.454	S 20601311 -8.70 18.11 0.00 0.00 TRACK
79.472	>>> V 0.00 0.00
79.473	S 20601331 -8.61 18.11 0.00 0.00 TRACK
79.490	>>> V 0.00 0.00
79.491	S 20601351 -8.61 18.11 0.00 0.00 TRACK
79.511	>>> V 0.00 0.00
79.514	S 20601371 -8.61 18.11 0.00 0.00 TRACK
79.532	>>> V 0.00 0.00
79.533	S 20601391 -8.61 18.11 0.00 0.00 TRACK
79.553	>>> V 0.00 0.00
79.553	S 20601411 -8.61 18.11 0.00 0.00 TRACK
79.572	>>> V 0.00 0.00
79.573	S 20601431 -8.61 18.11 0.00 0.00 TRACK
79.591	>>> V 0.00 0.00
79.592	S 20601451 -8.61 18.11 0.00 0.00 TRACK
79.611	>>> V 0.00 0.00
79.613	S 20601471 -8.61 18.11 0.00 0.00 TRACK
79.631	>>> V 0.00 0.00
79.632	S 20601491 -8.61 18.11 0.00 0.00 TRACK
79.654	>>> V 0.00 0.00
79.654	S 20601511 -8.61 18.11 0.00 0.00 TRACK
79.672	>>> V 0.00 0.00
79.673	S 20601531 -8.61 18.11 0.00 0.00 TRACK
79.691	>>> V 0.00 0.00
79.691	S 20601551 -8.61 18.11 0.00 0.00 TRACK
79.710	>>> V 0.00 0.00
79.710	S 20601571 -8.61 18.11 0.00 0.00 TRACK
79.732	>>> V 0.00 0.00
79.732	S 20601591 -8.61 18.11 0.00 0.00 TRACK
79.752	>>> V 0.00 0.00
79.753	S 20601611 -8.61 18.11 0.00 0.00 TRACK
79.772	>>> V 0.00 0.00
79.773	S 20601631 -8.61 18.11 0.00 0.00 TRACK
79.790	>>> V 0.00 0.00
79.792	S 20601651 -8.61 18.11 0.00 0.00 TRACK
79.811	>>> V 0.00 0.00
79.812	S 20601671 -8.61 18.11 0.00 0.00 TRACK
79.831	>>> V 0.00 0.00
79.832	S 20601691 -8.61 18.11 0.00 0.00 TRACK
79.855	>>> V 0.00 0.00
79.855	S 20601711 -8.61 18.11 0.00 0.00 TRACK
79.871	>>> V 0.00 0.00
79.872	S 20601731 -8.61 18.11 0.00 0.00 TRACK
79.891	>>> V 0.00 0.00
79.891	S 20601751 -8.61 18.11 0.00 0.00 TRACK
79.911	>>> V 0.00 0.00
79.912	S 20601771 -8.61 18.11 0.00 0.00 TRACK
79.932	>>> V 0.00 0.00
79.932	S 20601791 -8.61 18.11 0.00 0.00 TRACK
79.951	>>> V 0.00 0.00
79.951	S 20601811 -8.61 18.11 0.00 0.00 TRACK
79.971	>>> V 0.00 0.00
79.971	S 20601831 -8.61 18.11 0.00 0.00 TRACK
79.991	>>> V 0.00 0.00
79.992	S 20601851 -8.61 18.11 0.00 0.00 TRACK
80.010	>>> V 0.00 0.00
80.011	S 20601871 -8.61 18.11 0.00 0.00 TRACK
80.031	>>> V 0.00 0.00
80.031	S 20601891 -8.61 18.11 0.00 0.00 TRACK
80.051	>>> V 0.00 0.00
80.052	S 20601911 -8.61 18.11 0.00 0.00 TRACK
80.075	>>> V 0.00 0.00
80.076	S 20601931 -8.61 18.11 0.00 0.00 TRACK
80.091	>>> V 0.00 0.00
80.091	S 20601951 -8.61 18.11 0.00 0.00 TRACK
80.113	>>> V 0.00 0.00
80.114	S 20601971 -8.61 18.11 0.00 0.00 TRACK
80.131	>>> V 0.00 0.00
80.132	S 20601991 -8.61 18.11 0.00 0.00 TRACK
80.152	>>> V 0.00 0.00
80.153	S 20602011 -8.61 18.11 0.00 0.00 TRACK
80.171	>>> V 0.00 0.00
80.172	S 20602031 -8.61 18.11 0.00 0.00 TRACK
80.193	>>> V 0.00 0.00
80.193	S 20602051 -8.61 18.11 0.00 0.00 TRACK
80.212	>>> V 0.00 0.00
80.212	S 20602071 -8.61 18.11 0.00 0.00 TRACK
80.234	>>> V 0.00 0.00
80.235	S 20602091 -8.61 18.11 0.00 0.00 TRACK
80.251	>>> V 0.00 0.00
80.252	S 20602111 -8.61 18.11 0.00 0.00 TRACK
80.274	>>> V 0.00 0.00
80.274	S 20602131 -8.61 18.11 0.00 0.00 TRACK
80.291	>>> V 0.00 0.00
80.291	S 20602151 -8.61 18.11 0.00 0.00 TRACK
80.311	>>> V 0.00 0.00
80.311	S 20602171 -8.61 18.11 0.00 0.00 TRACK
80.330	>>> V 0.00 0.00
80.331	S 20602191 -8.61 18.11 0.00 0.00 TRACK
80.352	>>> V 0.00 0.00
80.353	S 20602211 -8.61 18.11 0.00 0.00 TRACK
80.371	>>> V 0.00 0.00
80.372	S 20602231 -8.61 18.11 0.00 0.00 TRACK
80.391	>>> V 0.00 0.00
80.392	S 20602251 -8.61 18.11 0.00 0.00 TRACK
80.411	>>> V 0.00 0.00
80.413	S 20602271 -8.61 18.11 0.00 0.00 TRACK
80.435	>>> V 0.00 0.00
80.435	S 20602291 -8.61 18.11 0.00 0.00 TRACK
80.451	>>> V 0.00 0.00
80.452	S 20602311 -8.61 18.11 0.00 0.00 TRACK
80.473	>>> V 0.00 0.00
80.473	S 20602331 -8.61 18.11 0.00 0.00 TRACK
80.491	>>> V 0.00 0.00
80.491	S 20602351 -8.61 18.11 0.00 0.00 TRACK
80.511	>>> V 0.00 0.00
80.512	S 20602371 -8.61 18.11 0.00 0.00 TRACK
80.531	>>> V 0.00 0.00
80.532	S 20602391 -8.61 18.11 0.00 0.00 TRACK
80.554	>>> V 0.00 0.00
80.556	S 20602411 -8.61 18.11 0.00 0.00 TRACK
80.571	>>> V 0.00 0.00
80.572	S 20602431 -8.61 18.11 0.00 0.00 TRACK
80.591	>>> V 0.00 0.00
80.592	S 20602451 -8.61 18.11 0.00 0.00 TRACK
80.611	>>> V 0.00 0.00
80.611	S 20602471 -8.61 18.11 0.00 0.00 TRACK
80.632	>>> V 0.00 0.00
80.633	S 20602492 -8.61 18.11 0.00 0.00 TRACK
80.651	>>> V 0.00 0.00
80.651	S 20602512 -8.61 18.11 0.00 0.00 TRACK
80.670	>>> V 0.00 0.00
80.671	S 20602532 -8.70 18.11 0.00 0.00 TRACK
80.692	>>> V 0.00 0.00
80.693	S 20602552 -8.61 18.11 0.00 0.00 TRACK
80.712	>>> V 0.00 0.00
80.714	S 20602572 -8.70 18.11 0.00 0.00 TRACK
80.734	>>> V 0.00 0.00
80.736	S 20602592 -8.61 18.11 0.00 0.00 TRACK
80.752	>>> V 0.00 0.00
80.755	S 20602612 -8.61 18.11 0.00 0.00 TRACK
80.774	>>> V 0.00 0.00
80.775	S 20602632 -8.61 18.11 0.00 0.00 TRACK
80.793	>>> V 0.00 0.00
80.794	S 20602652 -8.61 18.11 0.00 0.00 TRACK
80.814	>>> V 0.00 0.00
80.815	S 20602672 -8.61 18.11 0.00 0.00 TRACK
80.833	>>> V 0.00 0.00
80.835	S 20602692 -8.61 18.11 0.00 0.00 TRACK
80.855	>>> V 0.00 0.00
80.855	S 20602712 -8.61 18.11 0.00 0.00 TRACK
80.870	>>> V 0.00 0.00
80.871	S 20602732 -8.61 18.11 0.00 0.00 TRACK
80.893	>>> V 0.00 0.00
80.893	S 20602752 -8.61 18.11 0.00 0.00 TRACK
80.913	>>> V 0.00 0.00
80.915	S 20602772 -8.61 18.11 0.00 0.00 TRACK
80.930	>>> V 0.00 0.00
80.931	S 20602792 -8.61 18.11 0.00 0.00 TRACK
80.951	>>> V 0.00 0.00
80.952	S 20602812 -8.61 18.11 0.00 0.00 TRACK
80.970	>>> V 0.00 0.00
80.971	S 20602832 -8.61 18.11 0.00 0.00 TRACK
80.991	>>> V 0.00 0.00
80.991	S 20602852 -8.61 18.11 0.00 0.00 TRACK
81.011	>>> V 0.00 0.00
81.014	S 20602872 -8.61 18.11 0.00 0.00 TRACK
81.032	>>> V 0.00 0.00
81.034	S 20602892 -8.61 18.11 0.00 0.00 TRACK
81.052	>>> V 0.00 0.00
81.052	S 20602912 -8.61 18.11 0.00 0.00 TRACK
81.074	>>> V 0.00 0.00
81.077	S 20602932 -8.61 18.11 0.00 0.00 TRACK
81.091	>>> V 0.00 0.00
81.091	S 20602952 -8.61 18.11 0.00 0.00 TRACK
81.114	>>> V 0.00 0.00
81.115	S 20602972 -8.61 18.11 0.00 0.00 TRACK
81.131	>>> V 0.00 0.00
81.132	S 20602992 -8.61 18.11 0.00 0.00 TRACK
81.151	>>> V 0.00 0.00
81.153	S 20603012 -8.61 18.11 0.00 0.00 TRACK
81.171	>>> V 0.00 0.00
81.171	S 20603032 -8.61 18.11 0.00 0.00 TRACK
81.194	>>> V 0.00 0.00
81.196	S 20603052 -8.61 18.11 0.00 0.00 TRACK
81.210	>>> V 0.00 0.00
81.211	S 20603072 -8.61 18.11 0.00 0.00 TRACK
81.231	>>> V 0.00 0.00
81.231	S 20603092 -8.61 18.11 0.00 0.00 TRACK
81.253	>>> V 0.00 0.00
81.253	S 20603112 -8.61 18.11 0.00 0.00 TRACK
81.270	>>> V 0.00 0.00
81.271	S 20603132 -8.61 18.11 0.00 0.00 TRACK
81.291	>>> V 0.00 0.00
81.291	S 20603152 -8.61 18.11 0.00 0.00 TRACK
81.310	>>> V 0.00 0.00
81.313	S 20603172 -8.61 18.11 0.00 0.00 TRACK
81.331	>>> V 0.00 0.00
81.331	S 20603192 -8.61 18.11 0.00 0.00 TRACK
81.352	>>> V 0.00 0.00
81.353	S 20603212 -8.61 18.11 0.00 0.00 TRACK
81.371	>>> V 0.00 0.00
81.372	S 20603232 -8.61 18.11 0.00 0.00 TRACK
81.391	>>> V 0.00 0.00
81.393	S 20603252 -8.61 18.11 0.00 0.00 TRACK
81.410	>>> V 0.00 0.00
81.412	S 20603272 -8.61 18.11 0.00 0.00 TRACK
81.435	>>> V 0.00 0.00
81.436	S 20603292 -8.61 18.11 0.00 0.00 TRACK
81.451	>>> V 0.00 0.00
81.451	S 20603312 -8.61 18.11 0.00 0.00 TRACK
81.472	>>> V 0.00 0.00
81.473	S 20603332 -8.61 18.11 0.00 0.00 TRACK
81.498	>>> V 0.00 0.00
81.499	S 20603352 -8.61 18.11 0.00 0.00 TRACK
81.511	>>> V 0.00 0.00
81.513	S 20603372 -8.61 18.11 0.00 0.00 TRACK
81.536	>>> V 0.00 0.00
81.536	S 20603392 -8.61 18.11 0.00 0.00 TRACK
81.552	>>> V 0.00 0.00
81.552	S 20603412 -8.61 18.11 0.00 0.00 TRACK
81.573	>>> V 0.00 0.00
81.574	S 20603432 -8.61 18.11 0.00 0.00 TRACK
81.591	>>> V 0.00 0.00
81.591	S 20603452 -8.61 18.11 0.00 0.00 TRACK
81.612	>>> V 0.00 0.00
81.613	S 20603472 -8.61 18.11 0.00 0.00 TRACK
81.631	>>> V 0.00 0.00
81.632	S 20603492 -8.61 18.11 0.00 0.00 TRACK
81.650	>>> V 0.00 0.00
81.651	S 20603512 -8.61 18.11 0.00 0.00 TRACK
81.674	>>> V 0.00 0.00
81.676	S 20603532 -8.61 18.11 0.00 0.00 TRACK
81.692	>>> V 0.00 0.00
81.693	S 20603552 -8.61 18.11 0.00 0.00 TRACK
81.712	>>> V 0.00 0.00
81.713	S 20603572 -8.61 18.11 0.00 0.00 TRACK
81.733	>>> V 0.00 0.00
81.734	S 20603592 -8.61 18.11 0.00 0.00 TRACK
81.751	>>> V 0.00 0.00
81.751	S 20603612 -8.61 18.11 0.00 0.00 TRACK
81.771	>>> V 0.00 0.00
81.773	S 20603632 -8.61 18.11 0.00 0.00 TRACK
81.791	>>> V 0.00 0.00
81.792	S 20603652 -8.61 18.11 0.00 0.00 TRACK
81.811	>>> V 0.00 0.00
81.812	S 20603672 -8.61 18.11 0.00 0.00 TRACK
81.831	>>> V 0.00 0.00
81.831	S 20603692 -8.61 18.11 0.00 0.00 TRACK
81.852	>>> V 0.00 0.00
81.854	S 20603712 -8.61 18.11 0.00 0.00 TRACK
81.875	>>> V 0.00 0.00
81.876	S 20603732 -8.61 18.11 0.00 0.00 TRACK
81.891	>>> V 0.00 0.00
81.892	S 20603752 -8.61 18.11 0.00 0.00 TRACK
81.913	>>> V 0.00 0.00
81.917	S 20603772 -8.61 18.11 0.00 0.00 TRACK
81.936	>>> V 0.00 0.00
81.938	S 20603792 -8.61 18.11 0.00 0.00 TRACK
81.954	>>> V 0.00 0.00
81.956	S 20603812 -8.61 18.11 0.00 0.00 TRACK
81.972	>>> V 0.00 0.00
81.973	S 20603832 -8.61 18.11 0.00 0.00 TRACK
81.993	>>> V 0.00 0.00
81.997	S 20603852 -8.61 18.11 0.00 0.00 TRACK
82.011	>>> V 0.00 0.00
82.011	S 20603872 -8.61 18.11 0.00 0.00 TRACK
82.032	>>> V 0.00 0.00
82.033	S 20603892 -8.61 18.11 0.00 0.00 TRACK
82.050	>>> V 0.00 0.00
82.050	S 20603912 -8.61 18.11 0.00 0.00 TRACK
82.072	>>> V 0.00 0.00
82.072	S 20603932 -8.61 18.11 0.00 0.00 TRACK
82.091	>>> V 0.00 0.00
82.091	S 20603952 -8.61 18.11 0.00 0.00 TRACK
82.111	>>> V 0.00 0.00
82.112	S 20603972 -8.61 18.11 0.00 0.00 TRACK
82.135	>>> V 0.00 0.00
82.135	S 20603992 -8.61 18.11 0.00 0.00 TRACK
82.151	>>> V 0.00 0.00
82.153	S 20604012 -8.61 18.11 0.00 0.00 TRACK
82.173	>>> V 0.00 0.00
82.175	S 20604032 -8.61 18.11 0.00 0.00 TRACK
82.190	>>> V 0.00 0.00
82.191	S 20604052 -8.61 18.11 0.00 0.00 TRACK
82.211	>>> V 0.00 0.00
82.212	S 20604072 -8.61 18.11 0.00 0.00 TRACK
82.233	>>> V 0.00 0.00
82.233	S 20604092 -8.61 18.11 0.00 0.00 TRACK
82.255	>>> V 0.00 0.00
82.256	S 20604112 -8.61 18.11 0.00 0.00 TRACK
82.271	>>> V 0.00 0.00
82.271	S 20604132 -8.61 18.11 0.00 0.00 TRACK
82.290	>>> V 0.00 0.00
82.292	S 20604152 -8.61 18.11 0.00 0.00 TRACK
82.314	>>> V 0.00 0.00
82.316	S 20604172 -8.61 18.11 0.00 0.00 TRACK
82.331	>>> V 0.00 0.00
82.332	S 20604192 -8.61 18.11 0.00 0.00 TRACK
82.351	>>> V 0.00 0.00
82.351	S 20604212 -8.61 18.11 0.00 0.00 TRACK
82.371	>>> V 0.00 0.00
82.371	S 20604232 -8.61 18.11 0.00 0.00 TRACK
82.392	>>> V 0.00 0.00
82.393	S 20604252 -8.61 18.11 0.00 0.00 TRACK
82.412	>>> V 0.00 0.00
82.413	S 20604272 -8.61 18.11 0.00 0.00 TRACK
82.432	>>> V 0.00 0.00
82.432	S 20604292 -8.61 18.11 0.00 0.00 TRACK
82.452	>>> V 0.00 0.00
82.455	S 20604312 -8.61 18.11 0.00 0.00 TRACK
82.472	>>> V 0.00 0.00
82.475	S 20604332 -8.61 18.11 0.00 0.00 TRACK
82.496	>>> V 0.00 0.00
82.497	S 20604352 -8.61 18.11 0.00 0.00 TRACK
82.512	>>> V 0.00 0.00
82.513	S 20604372 -8.70 18.11 0.00 0.00 TRACK
82.533	>>> V 0.00 0.00
82.534	S 20604392 -8.61 18.11 0.00 0.00 TRACK
82.553	>>> V 0.00 0.00
82.555	S 20604412 -8.61 18.11 0.00 0.00 TRACK
82.575	>>> V 0.00 0.00
82.575	S 20604432 -8.61 18.11 0.00 0.00 TRACK
82.592	>>> V 0.00 0.00
82.593	S 20604452 -8.61 18.11 0.00 0.00 TRACK
82.614	>>> V 0.00 0.00
82.614	S 20604472 -8.61 18.11 0.00 0.00 TRACK
82.635	>>> V 0.00 0.00
82.636	S 20604492 -8.61 18.11 0.00 0.00 TRACK
82.652	>>> V 0.00 0.00
82.652	S 20604512 -8.61 18.11 0.00 0.00 TRACK
82.676	>>> V 0.00 0.00
82.676	S 20604532 -8.70 18.11 0.00 0.00 TRACK
82.696	>>> V 0.00 0.00
82.696	S 20604552 -8.61 18.11 0.00 0.00 TRACK
82.712	>>> V 0.00 0.00
82.713	S 20604572 -8.61 18.11 0.00 0.00 TRACK
82.730	>>> V 0.00 0.00
82.732	S 20604592 -8.61 18.11 0.00 0.00 TRACK
82.756	>>> V 0.00 0.00
82.757	S 20604612 -8.61 18.11 0.00 0.00 TRACK
82.775	>>> V 0.00 0.00
82.776	S 20604632 -8.61 18.11 0.00 0.00 TRACK
82.794	>>> V 0.00 0.00
82.797	S 20604652 -8.61 18.11 0.00 0.00 TRACK
82.811	>>> V 0.00 0.00
82.812	S 20604672 -8.61 18.11 0.00 0.00 TRACK
82.836	>>> V 0.00 0.00
82.836	S 20604692 -8.61 18.11 0.00 0.00 TRACK
82.851	>>> V 0.00 0.00
82.851	S 20604712 -8.61 18.11 0.00 0.00 TRACK
82.876	>>> V 0.00 0.00
82.876	S 20604732 -8.61 18.11 0.00 0.00 TRACK
82.897	>>> V 0.00 0.00
82.898	S 20604752 -8.61 18.11 0.00 0.00 TRACK
82.911	>>> V 0.00 0.00
82.914	S 20604772 -8.61 18.11 0.00 0.00 TRACK
82.932	>>> V 0.00 0.00
82.932	S 20604792 -8.61 18.11 0.00 0.00 TRACK
82.950	>>> V 0.00 0.00
82.952	S 20604812 -8.61 18.11 0.00 0.00 TRACK
82.970	>>> V 0.00 0.00
82.971	S 20604832 -8.61 18.11 0.00 0.00 TRACK
82.990	>>> V 0.00 0.00
82.991	S 20604852 -8.61 18.11 0.00 0.00 TRACK
83.011	>>> V 0.00 0.00
83.011	S 20604872 -8.61 18.11 0.00 0.00 TRACK
83.031	>>> V 0.00 0.00
83.033	S 20604892 -8.61 18.11 0.00 0.00 TRACK
83.050	>>> V 0.00 0.00
83.051	S 20604912 -8.61 18.11 0.00 0.00 TRACK
83.071	>>> V 0.00 0.00
83.072	S 20604932 -8.61 18.11 0.00 0.00 TRACK
83.092	>>> V 0.00 0.00
83.093	S 20604952 -8.61 18.11 0.00 0.00 TRACK
83.115	>>> V -7.19 0.00
83.116	S 20604972 -8.61 18.11 0.00 0.00 TRACK
83.133	>>> V -7.19 0.00
83.134	S 20604992 -8.61 18.11 0.00 0.00 TRACK
83.152	>>> V -7.24 0.00
83.152	S 20605012 -8.61 18.11 0.00 0.00 TRACK
83.173	>>> V -7.24 0.00
83.173	S 20605032 -8.61 18.11 0.00 0.00 TRACK
83.191	>>> V -7.35 0.00
83.193	S 20605052 -8.61 18.11 0.00 0.00 TRACK
83.213	>>> V -7.35 0.00
83.216	S 20605072 -8.70 18.11 0.00 0.00 TRACK
83.231	>>> V -7.35 0.00
83.231	S 20605092 -8.88 18.11 -1.37 0.00 TRACK
83.256	>>> V -7.33 0.00
83.257	S 20605112 -9.14 18.11 -4.12 0.00 TRACK
83.271	>>> V -7.32 0.00
83.272	S 20605132 -9.32 18.11 -5.50 0.00 TRACK
83.293	>>> V -7.32 0.00
83.293	S 20605152 -9.49 18.11 -6.87 0.00 TRACK
83.312	>>> V -7.32 0.00
83.312	S 20605172 -9.67 18.11 -8.24 0.00 TRACK
83.330	>>> V -7.28 0.00
83.332	S 20605192 -9.76 18.11 -6.87 0.00 TRACK
83.351	>>> V -7.28 0.00
83.354	S 20605212 -9.93 18.11 -6.87 0.00 TRACK
83.372	>>> V -7.28 0.00
83.373	S 20605232 -10.02 18.11 -6.87 0.00 TRACK
83.395	>>> V -6.21 0.00
83.395	S 20605252 -10.11 18.11 -5.50 0.00 TRACK
83.411	>>> V -6.21 0.00
83.413	S 20605272 -10.28 18.11 -5.50 0.00 TRACK
83.432	>>> V -5.65 0.00
83.433	S 20605292 -10.37 18.11 -5.50 0.00 TRACK
83.450	>>> V -5.65 0.00
83.451	S 20605312 -10.55 18.11 -5.50 0.00 TRACK
83.472	>>> V -5.19 0.00
83.473	S 20605332 -10.72 18.11 -5.50 0.00 TRACK
83.493	>>> V -5.19 0.00
83.494	S 20605352 -10.81 18.11 -5.50 0.00 TRACK
83.510	>>> V -4.77 0.00
83.512	S 20605372 -10.90 18.11 -5.50 0.00 TRACK
83.533	>>> V -4.77 0.00
83.534	S 20605392 -10.99 18.11 -5.50 0.00 TRACK
83.551	>>> V -4.36 0.00
83.552	S 20605412 -11.07 18.11 -5.50 0.00 TRACK
83.572	>>> V -4.36 0.00
83.575	S 20605432 -11.25 18.11 -5.50 0.00 TRACK
83.592	>>> V -3.94 0.00
83.592	S 20605452 -11.34 18.11 -5.50 0.00 TRACK
83.610	>>> V -3.94 0.00
83.612	S 20605472 -11.51 18.11 -5.50 0.00 TRACK
83.630	>>> V -3.49 0.00
83.631	S 20605492 -11.60 18.11 -5.50 0.00 TRACK
83.653	>>> V -3.49 0.00
83.654	S 20605512 -11.69 18.11 -4.12 0.00 TRACK
83.670	>>> V -3.06 0.00
83.671	S 20605532 -11.78 18.11 -4.12 0.00 TRACK
83.690	>>> V -3.06 0.00
83.691	S 20605552 -11.87 18.11 -4.12 0.00 TRACK
83.710	>>> V -2.69 0.00
83.711	S 20605572 -11.95 18.11 -4.12 0.00 TRACK
83.731	>>> V -2.69 0.00
83.731	S 20605592 -11.95 18.11 -4.12 0.00 TRACK
83.752	>>> V -2.69 0.00
83.753	S 20605612 -12.04 18.11 -2.75 0.00 TRACK
83.770	>>> V -2.69 0.00
83.772	S 20605632 -12.04 18.11 -1.37 0.00 TRACK
83.791	>>> V -1.96 0.00
83.792	S 20605652 -12.13 18.11 -1.37 0.00 TRACK
83.810	>>> V -1.96 0.00
83.812	S 20605672 -12.13 18.11 -1.37 0.00 TRACK
83.831	>>> V 0.00 0.00
83.832	S 20605692 -12.22 18.11 -2.75 0.00 TRACK
83.851	>>> V 0.00 0.00
83.851	S 20605712 -12.22 18.11 -2.75 0.00 TRACK
83.871	>>> V 0.00 0.00
83.871	S 20605732 -12.22 18.11 -1.37 0.00 TRACK
83.894	>>> V 0.00 0.00
83.895	S 20605752 -12.22 18.11 0.00 0.00 TRACK
83.910	>>> V 0.00 0.00
83.911	S 20605772 -12.22 18.11 0.00 0.00 TRACK
83.931	>>> V 0.00 0.00
83.933	S 20605792 -12.22 18.11 0.00 0.00 TRACK
83.952	>>> V 0.00 0.00
83.954	S 20605812 -12.22 18.11 0.00 0.00 TRACK
83.970	>>> V 0.00 0.00
83.971	S 20605832 -12.22 18.11 0.00 0.00 TRACK
83.992	>>> V 0.00 0.00
83.992	S 20605852 -12.22 18.11 0.00 0.00 TRACK
84.010	>>> V 0.00 0.00
84.010	S 20605872 -12.22 18.11 0.00 0.00 TRACK
84.030	>>> V 0.00 0.00
84.031	S 20605892 -12.22 18.11 0.00 0.00 TRACK
84.051	>>> V 0.00 0.00
84.053	S 20605912 -12.22 18.11 0.00 0.00 TRACK
84.070	>>> V 0.00 0.00
84.071	S 20605932 -12.22 18.11 0.00 0.00 TRACK
84.092	>>> V 0.00 0.00
84.093	S 20605952 -12.22 18.11 0.00 0.00 TRACK
84.111	>>> V 0.00 0.00
84.112	S 20605972 -12.22 18.11 0.00 0.00 TRACK
84.133	>>> V 0.00 0.00
84.133	S 20605992 -12.22 18.11 0.00 0.00 TRACK
84.151	>>> V 0.00 0.00
84.151	S 20606012 -12.22 18.11 0.00 0.00 TRACK
84.171	>>> V 0.00 0.00
84.175	S 20606032 -12.22 18.11 0.00 0.00 TRACK
84.191	>>> V 0.00 0.00
84.193	S 20606052 -12.22 18.11 0.00 0.00 TRACK
84.214	>>> V 0.00 0.00
84.215	S 20606072 -12.22 18.11 0.00 0.00 TRACK
84.231	>>> V 0.00 0.00
84.231	S 20606092 -12.22 18.11 0.00 0.00 TRACK
84.251	>>> V 0.00 0.00
84.251	S 20606112 -12.22 18.11 0.00 0.00 TRACK
84.270	>>> V 0.00 0.00
84.270	S 20606132 -12.22 18.11 0.00 0.00 TRACK
84.291	>>> V 0.00 0.00
84.291	S 20606152 -12.22 18.11 0.00 0.00 TRACK
84.311	>>> V 0.00 0.00
84.311	S 20606172 -12.22 18.11 0.00 0.00 TRACK
84.331	>>> V 0.00 0.00
84.332	S 20606192 -12.22 18.11 0.00 0.00 TRACK
84.351	>>> V 0.00 0.00
84.352	S 20606212 -12.22 18.11 0.00 0.00 TRACK
84.370	>>> V 0.00 0.00
84.370	S 20606232 -12.22 18.11 0.00 0.00 TRACK
84.390	>>> V 0.00 0.00
84.390	S 20606252 -12.22 18.11 0.00 0.00 TRACK
84.410	>>> V 0.00 0.00
84.413	S 20606272 -12.22 18.11 0.00 0.00 TRACK
84.432	>>> V 0.00 0.00
84.432	S 20606292 -12.22 18.11 0.00 0.00 TRACK
84.450	>>> V 0.00 0.00
84.451	S 20606312 -12.22 18.11 0.00 0.00 TRACK
84.471	>>> V 0.00 0.00
84.471	S 20606332 -12.22 18.11 0.00 0.00 TRACK
84.490	>>> V 0.00 0.00
84.491	S 20606352 -12.22 18.11 0.00 0.00 TRACK
84.510	>>> V 0.00 0.00
84.511	S 20606372 -12.22 18.11 0.00 0.00 TRACK
84.532	>>> V 0.00 0.00
84.533	S 20606392 -12.22 18.11 0.00 0.00 TRACK
84.553	>>> V 0.00 0.00
84.553	S 20606412 -12.22 18.11 0.00 0.00 TRACK
84.572	>>> V 0.00 0.00
84.572	S 20606432 -12.22 18.11 0.00 0.00 TRACK
84.591	>>> V 0.00 0.00
84.592	S 20606452 -12.22 18.11 0.00 0.00 TRACK
84.611	>>> V 0.00 0.00
84.611	S 20606472 -12.22 18.11 0.00 0.00 TRACK
84.634	>>> V 0.00 0.00
84.635	S 20606492 -12.22 18.02 0.00 0.00 TRACK
84.651	>>> V 0.00 0.00
84.651	S 20606512 -12.22 18.11 0.00 0.00 TRACK
84.670	>>> V 0.00 0.00
84.671	S 20606532 -12.22 18.11 0.00 0.00 TRACK
84.691	>>> V 0.00 0.00
84.692	S 20606552 -12.22 18.11 0.00 0.00 TRACK
84.711	>>> V 0.00 0.00
84.713	S 20606572 -12.22 18.11 0.00 0.00 TRACK
84.730	>>> V 0.00 0.00
84.731	S 20606592 -12.22 18.11 0.00 0.00 TRACK
84.751	>>> V 0.00 0.00
84.754	S 20606612 -12.22 18.11 0.00 0.00 TRACK
84.774	>>> V 0.00 0.00
84.775	S 20606632 -12.22 18.11 0.00 0.00 TRACK
84.792	>>> V 0.00 0.00
84.793	S 20606652 -12.22 18.11 0.00 0.00 TRACK
84.811	>>> V 0.00 0.00
84.811	S 20606672 -12.22 18.11 0.00 0.00 TRACK
84.833	>>> V 0.00 0.00
84.833	S 20606692 -12.22 18.11 0.00 0.00 TRACK
84.850	>>> V 0.00 0.00
84.851	S 20606712 -12.22 18.11 0.00 0.00 TRACK
84.872	>>> V 0.00 0.00
84.873	S 20606732 -12.22 18.11 0.00 0.00 TRACK
84.890	>>> V 0.00 0.00
84.891	S 20606752 -12.22 18.11 0.00 0.00 TRACK
84.911	>>> V 0.00 0.00
84.911	S 20606772 -12.22 18.11 0.00 0.00 TRACK
84.931	>>> V 0.00 0.00
84.931	S 20606792 -12.22 18.11 0.00 0.00 TRACK
84.952	>>> V 0.00 0.00
84.953	S 20606812 -12.22 18.11 0.00 0.00 TRACK
84.971	>>> V 0.00 0.00
84.972	S 20606832 -12.22 18.11 0.00 0.00 TRACK
84.991	>>> V 0.00 0.00
84.994	S 20606852 -12.22 18.11 0.00 0.00 TRACK
85.014	>>> V 0.00 0.00
85.016	S 20606872 -12.22 18.11 0.00 0.00 TRACK
85.031	>>> V 0.00 0.00
85.032	S 20606892 -12.22 18.11 0.00 0.00 TRACK
85.053	>>> V 0.00 0.00
85.054	S 20606912 -12.22 18.11 0.00 0.00 TRACK
85.072	>>> V 0.00 0.00
85.073	S 20606932 -12.22 18.11 0.00 0.00 TRACK
85.091	>>> V 0.00 0.00
85.091	S 20606952 -12.22 18.11 0.00 0.00 TRACK
85.113	>>> V 0.00 0.00
85.114	S 20606972 -12.22 18.11 0.00 0.00 TRACK
85.132	>>> V 0.00 0.00
85.133	S 20606992 -12.22 18.11 0.00 0.00 TRACK
85.151	>>> V 0.00 0.00
85.151	S 20607012 -12.13 18.11 0.00 0.00 TRACK
85.171	>>> V 0.00 0.00
85.171	S 20607032 -12.22 18.11 0.00 0.00 TRACK
85.192	>>> V 0.00 0.00
85.193	S 20607052 -12.22 18.11 0.00 0.00 TRACK
85.211	>>> V 0.00 0.00
85.211	S 20607072 -12.22 18.11 0.00 0.00 TRACK
85.236	>>> V 0.00 0.00
85.236	S 20607092 -12.22 18.11 0.00 0.00 TRACK
85.250	>>> V 0.00 0.00
85.250	S 20607112 -12.22 18.11 0.00 0.00 TRACK
85.275	>>> V 0.00 0.00
85.275	S 20607132 -12.22 18.11 0.00 0.00 TRACK
85.291	>>> V 0.00 0.00
85.291	S 20607152 -12.22 18.11 0.00 0.00 TRACK
85.310	>>> V 0.00 0.00
85.311	S 20607172 -12.22 18.11 0.00 0.00 TRACK
85.332	>>> V 0.00 0.00
85.333	S 20607192 -12.22 18.11 0.00 0.00 TRACK
85.352	>>> V 0.00 0.00
85.352	S 20607212 -12.22 18.11 0.00 0.00 TRACK
85.371	>>> V 0.00 0.00
85.372	S 20607232 -12.22 18.11 0.00 0.00 TRACK
85.394	>>> V 0.00 0.00
85.395	S 20607252 -12.22 18.11 0.00 0.00 TRACK
85.410	>>> V 0.00 0.00
85.413	S 20607272 -12.22 18.11 0.00 0.00 TRACK
85.436	>>> V 0.00 0.00
85.438	S 20607292 -12.22 18.11 0.00 0.00 TRACK
85.454	>>> V 0.00 0.00
85.455	S 20607312 -12.22 18.11 0.00 0.00 TRACK
85.472	>>> V 0.00 0.00
85.473	S 20607332 -12.22 18.11 0.00 0.00 TRACK
85.490	>>> V 0.00 0.00
85.491	S 20607352 -12.22 18.11 0.00 0.00 TRACK
85.512	>>> V 0.00 0.00
85.513	S 20607372 -12.22 18.11 0.00 0.00 TRACK
85.532	>>> V 0.00 0.00
85.532	S 20607392 -12.22 18.11 0.00 0.00 TRACK
85.552	>>> V 0.00 0.00
85.552	S 20607412 -12.22 18.11 0.00 0.00 TRACK
85.574	>>> V 0.00 0.00
85.576	S 20607432 -12.22 18.11 0.00 0.00 TRACK
85.592	>>> V 0.00 0.00
85.595	S 20607452 -12.22 18.11 0.00 0.00 TRACK
85.613	>>> V 0.00 0.00
85.614	S 20607472 -12.22 18.11 0.00 0.00 TRACK
85.630	>>> V 0.00 0.00
85.631	S 20607492 -12.22 18.11 0.00 0.00 TRACK
85.651	>>> V 0.00 0.00
85.652	S 20607512 -12.22 18.11 0.00 0.00 TRACK
85.671	>>> V 0.00 0.00
85.673	S 20607532 -12.22 18.11 0.00 0.00 TRACK
85.691	>>> V 0.00 0.00
85.692	S 20607552 -12.22 18.11 0.00 0.00 TRACK
85.711	>>> V 0.00 0.00
85.713	S 20607572 -12.22 18.11 0.00 0.00 TRACK
85.733	>>> V 0.00 0.00
85.733	S 20607592 -12.22 18.11 0.00 0.00 TRACK
85.751	>>> V 0.00 0.00
85.751	S 20607612 -12.22 18.11 0.00 0.00 TRACK
85.771	>>> V 0.00 0.00
85.771	S 20607632 -12.22 18.11 0.00 0.00 TRACK
85.790	>>> V 0.00 0.00
85.791	S 20607652 -12.22 18.11 0.00 0.00 TRACK
85.811	>>> V 0.00 0.00
85.812	S 20607672 -12.22 18.11 0.00 0.00 TRACK
85.832	>>> V 0.00 0.00
85.835	S 20607692 -12.22 18.11 0.00 0.00 TRACK
85.851	>>> V 0.00 0.00
85.853	S 20607712 -12.22 18.11 0.00 0.00 TRACK
85.875	>>> V 0.00 0.00
85.875	S 20607732 -12.22 18.11 0.00 0.00 TRACK
85.897	>>> V 0.00 0.00
85.899	S 20607752 -12.22 18.11 0.00 0.00 TRACK
85.910	>>> V 0.00 0.00
85.911	S 20607772 -12.22 18.11 0.00 0.00 TRACK
85.933	>>> V 0.00 0.00
85.933	S 20607792 -12.22 18.11 0.00 0.00 TRACK
85.955	>>> V 0.00 0.00
85.955	S 20607812 -12.22 18.11 0.00 0.00 TRACK
85.970	>>> V 0.00 0.00
85.971	S 20607832 -12.22 18.11 0.00 0.00 TRACK
85.994	>>> V 0.00 0.00
85.994	S 20607852 -12.22 18.11 0.00 0.00 TRACK
86.012	>>> V 0.00 0.00
86.012	S 20607872 -12.22 18.11 0.00 0.00 TRACK
86.035	>>> V 0.00 0.00
86.036	S 20607892 -12.22 18.11 0.00 0.00 TRACK
86.050	>>> V 0.00 0.00
86.050	S 20607912 -12.22 18.11 0.00 0.00 TRACK
86.071	>>> V 0.00 0.00
86.072	S 20607932 -12.22 18.11 0.00 0.00 TRACK
86.091	>>> V 0.00 0.00
86.092	S 20607952 -12.22 18.11 0.00 0.00 TRACK
86.113	>>> V 0.00 0.00
86.113	S 20607972 -12.22 18.11 0.00 0.00 TRACK
86.134	>>> V 0.00 0.00
86.135	S 20607992 -12.22 18.11 0.00 0.00 TRACK
86.150	>>> V 0.00 0.00
86.150	S 20608012 -12.22 18.11 0.00 0.00 TRACK
86.170	>>> V 0.00 0.00
86.172	S 20608032 -12.22 18.11 0.00 0.00 TRACK
86.191	>>> V 0.00 0.00
86.192	S 20608052 -12.22 18.11 0.00 0.00 TRACK
86.213	>>> V 0.00 0.00
86.213	S 20608072 -12.22 18.11 0.00 0.00 TRACK
86.231	>>> V 0.00 0.00
86.234	S 20608092 -12.22 18.11 0.00 0.00 TRACK
86.251	>>> V 0.00 0.00
86.252	S 20608112 -12.22 18.11 0.00 0.00 TRACK
86.271	>>> V 0.00 0.00
86.272	S 20608132 -12.22 18.11 0.00 0.00 TRACK
86.290	>>> V 0.00 0.00
86.290	S 20608152 -12.22 18.11 0.00 0.00 TRACK
86.310	>>> V 0.00 0.00
86.311	S 20608172 -12.22 18.11 0.00 0.00 TRACK
86.331	>>> V 0.00 0.00
86.332	S 20608192 -12.22 18.11 0.00 0.00 TRACK
86.350	>>> V 0.00 0.00
86.351	S 20608212 -12.22 18.11 0.00 0.00 TRACK
86.372	>>> V 0.00 0.00
86.373	S 20608232 -12.22 18.11 0.00 0.00 TRACK
86.391	>>> V 0.00 0.00
86.391	S 20608252 -12.22 18.11 0.00 0.00 TRACK
86.412	>>> V 0.00 0.00
86.413	S 20608272 -12.22 18.11 0.00 0.00 TRACK
86.431	>>> V 0.00 0.00
86.432	S 20608292 -12.22 18.11 0.00 0.00 TRACK
86.450	>>> V 0.00 0.00
86.451	S 20608312 -12.22 18.11 0.00 0.00 TRACK
86.473	>>> V 0.00 0.00
86.476	S 20608332 -12.22 18.11 0.00 0.00 TRACK
86.493	>>> V 0.00 0.00
86.494	S 20608352 -12.22 18.11 0.00 0.00 TRACK
86.511	>>> V 0.00 0.00
86.512	S 20608372 -12.22 18.11 0.00 0.00 TRACK
86.531	>>> V 0.00 0.00
86.531	S 20608392 -12.22 18.11 0.00 0.00 TRACK
86.551	>>> V 0.00 0.00
86.552	S 20608412 -12.22 18.11 0.00 0.00 TRACK
86.573	>>> V 0.00 0.00
86.573	S 20608432 -12.22 18.11 0.00 0.00 TRACK
86.592	>>> V 0.00 0.00
86.593	S 20608452 -12.22 18.11 0.00 0.00 TRACK
86.611	>>> V 0.00 0.00
86.613	S 20608472 -12.22 18.11 0.00 0.00 TRACK
86.632	>>> V 0.00 0.00
86.632	S 20608492 -12.22 18.11 0.00 0.00 TRACK
86.652	>>> V 0.00 0.00
86.652	S 20608512 -12.22 18.11 0.00 0.00 TRACK
86.671	>>> V 0.00 0.00
86.672	S 20608532 -12.22 18.11 0.00 0.00 TRACK
86.694	>>> V 0.00 0.00
86.694	S 20608552 -12.22 18.11 0.00 0.00 TRACK
86.711	>>> V 0.00 0.00
86.712	S 20608572 -12.22 18.11 0.00 0.00 TRACK
86.730	>>> V 0.00 0.00
86.731	S 20608592 -12.22 18.11 0.00 0.00 TRACK
86.750	>>> V 0.00 0.00
86.751	S 20608612 -12.22 18.11 0.00 0.00 TRACK
86.771	>>> V 0.00 0.00
86.771	S 20608632 -12.22 18.11 0.00 0.00 TRACK
86.794	>>> V 0.00 0.00
86.795	S 20608652 -12.22 18.11 0.00 0.00 TRACK
86.812	>>> V 0.00 0.00
86.814	S 20608672 -12.22 18.11 0.00 0.00 TRACK
86.831	>>> V 0.00 0.00
86.831	S 20608692 -12.22 18.11 0.00 0.00 TRACK
86.852	>>> V 0.00 0.00
86.853	S 20608712 -12.22 18.11 0.00 0.00 TRACK
86.871	>>> V 0.00 0.00
86.872	S 20608732 -12.22 18.11 0.00 0.00 TRACK
86.892	>>> V 0.00 0.00
86.892	S 20608752 -12.22 18.11 0.00 0.00 TRACK
86.911	>>> V 0.00 0.00
86.911	S 20608772 -12.22 18.11 0.00 0.00 TRACK
86.931	>>> V 0.00 0.00
86.931	S 20608792 -12.22 18.11 0.00 0.00 TRACK
86.951	>>> V 0.00 0.00
86.952	S 20608812 -12.22 18.11 0.00 0.00 TRACK
86.973	>>> V 0.00 0.00
86.973	S 20608832 -12.22 18.11 0.00 0.00 TRACK
86.991	>>> V 0.00 0.00
86.991	S 20608852 -12.22 18.11 0.00 0.00 TRACK
87.013	>>> V 0.00 0.00
87.013	S 20608872 -12.22 18.11 0.00 0.00 TRACK
87.032	>>> V 0.00 0.00
87.033	S 20608892 -12.22 18.11 0.00 0.00 TRACK
87.051	>>> V 0.00 0.00
87.052	S 20608912 -12.22 18.11 0.00 0.00 TRACK
87.071	>>> V 0.00 0.00
87.071	S 20608932 -12.22 18.11 0.00 0.00 TRACK
87.091	>>> V 0.00 0.00
87.092	S 20608952 -12.22 18.11 0.00 0.00 TRACK
87.111	>>> V 0.00 0.00
87.111	S 20608972 -12.22 18.11 0.00 0.00 TRACK
87.132	>>> V 0.00 0.00
87.133	S 20608992 -12.22 18.11 0.00 0.00 TRACK
87.150	>>> V 0.00 0.00
87.150	S 20609012 -12.22 18.11 0.00 0.00 TRACK
87.172	>>> V 0.00 0.00
87.172	S 20609032 -12.22 18.11 0.00 0.00 TRACK
87.191	>>> V 0.00 0.00
87.191	S 20609052 -12.22 18.11 0.00 0.00 TRACK
87.211	>>> V 0.00 0.00
87.212	S 20609072 -12.22 18.11 0.00 0.00 TRACK
87.230	>>> V 0.00 0.00
87.231	S 20609092 -12.22 18.11 0.00 0.00 TRACK
87.254	>>> V 0.00 0.00
87.255	S 20609112 -12.22 18.11 0.00 0.00 TRACK
87.272	>>> V 0.00 0.00
87.272	S 20609132 -12.22 18.11 0.00 0.00 TRACK
87.293	>>> V 0.00 0.00
87.294	S 20609152 -12.13 18.11 0.00 0.00 TRACK
87.311	>>> V 0.00 0.00
87.311	S 20609172 -12.22 18.11 0.00 0.00 TRACK
87.331	>>> V 0.00 0.00
87.332	S 20609192 -12.22 18.11 0.00 0.00 TRACK
87.352	>>> V 0.00 0.00
87.354	S 20609212 -12.22 18.11 0.00 0.00 TRACK
87.370	>>> V 0.00 0.00
87.371	S 20609232 -12.22 18.11 0.00 0.00 TRACK
87.390	>>> V 0.00 0.00
87.391	S 20609252 -12.22 18.11 0.00 0.00 TRACK
87.411	>>> V 0.00 0.00
87.412	S 20609272 -12.22 18.11 0.00 0.00 TRACK
87.431	>>> V 0.00 0.00
87.432	S 20609292 -12.22 18.11 0.00 0.00 TRACK
87.455	>>> V 0.00 0.00
87.456	S 20609312 -12.22 18.11 0.00 0.00 TRACK
87.474	>>> V 0.00 0.00
87.475	S 20609332 -12.22 18.11 0.00 0.00 TRACK
87.494	>>> V 0.00 0.00
87.496	S 20609352 -12.22 18.11 0.00 0.00 TRACK
87.512	>>> V 0.00 0.00
87.513	S 20609372 -12.22 18.11 0.00 0.00 TRACK
87.532	>>> V 0.00 0.00
87.533	S 20609392 -12.22 18.11 0.00 0.00 TRACK
87.552	>>> V 0.00 0.00
87.552	S 20609412 -12.22 18.11 0.00 0.00 TRACK
87.575	>>> V 0.00 0.00
87.576	S 20609432 -12.22 18.11 0.00 0.00 TRACK
87.591	>>> V 0.00 0.00
87.593	S 20609452 -12.22 18.11 0.00 0.00 TRACK
87.613	>>> V 0.00 0.00
87.613	S 20609472 -12.22 18.11 0.00 0.00 TRACK
87.630	>>> V 0.00 0.00
87.630	S 20609492 -12.22 18.11 0.00 0.00 TRACK
87.651	>>> V 0.00 0.00
87.652	S 20609512 -12.13 18.11 0.00 0.00 TRACK
87.670	>>> V 0.00 0.00
87.672	S 20609532 -12.22 18.11 0.00 0.00 TRACK
87.690	>>> V 0.00 0.00
87.691	S 20609552 -12.22 18.11 0.00 0.00 TRACK
87.710	>>> V 0.00 0.00
87.711	S 20609572 -12.22 18.11 0.00 0.00 TRACK
87.730	>>> V 0.00 0.00
87.731	S 20609592 -12.22 18.11 0.00 0.00 TRACK
87.750	>>> V 0.00 0.00
87.751	S 20609612 -12.22 18.11 0.00 0.00 TRACK
87.771	>>> V 0.00 0.00
87.771	S 20609632 -12.22 18.11 0.00 0.00 TRACK
87.792	>>> V 0.00 0.00
87.792	S 20609652 -12.22 18.11 0.00 0.00 TRACK
87.811	>>> V 0.00 0.00
87.813	S 20609672 -12.22 18.11 0.00 0.00 TRACK
87.834	>>> V 0.00 0.00
87.834	S 20609692 -12.22 18.11 0.00 0.00 TRACK
87.851	>>> V 0.00 0.00
87.852	S 20609712 -12.22 18.11 0.00 0.00 TRACK
87.872	>>> V 0.00 0.00
87.873	S 20609732 -12.22 18.11 0.00 0.00 TRACK
87.891	>>> V 0.00 0.00
87.891	S 20609752 -12.22 18.11 0.00 0.00 TRACK
87.911	>>> V 0.00 0.00
87.912	S 20609772 -12.22 18.11 0.00 0.00 TRACK
87.931	>>> V 0.00 0.00
87.931	S 20609792 -12.22 18.11 0.00 0.00 TRACK
87.951	>>> V 0.00 0.00
87.951	S 20609813 -12.22 18.11 0.00 0.00 TRACK
87.971	>>> V 0.00 0.00
87.971	S 20609833 -12.22 18.11 0.00 0.00 TRACK
87.991	>>> V 0.00 0.00
87.992	S 20609852 -12.22 18.11 0.00 0.00 TRACK
88.011	>>> V 0.00 0.00
88.011	S 20609873 -12.22 18.11 0.00 0.00 TRACK
88.033	>>> V 0.00 0.00
88.033	S 20609893 -12.22 18.11 0.00 0.00 TRACK
88.051	>>> V 0.00 0.00
88.051	S 20609912 -12.22 18.11 0.00 0.00 TRACK
88.072	>>> V 0.00 0.00
88.072	S 20609932 -12.22 18.11 0.00 0.00 TRACK
88.090	>>> V 0.00 0.00
88.091	S 20609953 -12.22 18.11 0.00 0.00 TRACK
88.110	>>> V 0.00 0.00
88.113	S 20609973 -12.22 18.11 0.00 0.00 TRACK
88.131	>>> V 0.00 0.00
88.132	S 20609993 -12.22 18.11 0.00 0.00 TRACK
88.150	>>> V 0.00 0.00
88.151	S 20610013 -12.22 18.11 0.00 0.00 TRACK
88.172	>>> V 0.00 0.00
88.176	S 20610033 -12.22 18.11 0.00 0.00 TRACK
88.190	>>> V 0.00 0.00
88.191	S 20610053 -12.22 18.11 0.00 0.00 TRACK
88.211	>>> V 0.00 0.00
88.212	S 20610073 -12.22 18.11 0.00 0.00 TRACK
88.231	>>> V 0.00 0.00
88.232	S 20610093 -12.22 18.11 0.00 0.00 TRACK
88.251	>>> V 0.00 0.00
88.251	S 20610113 -12.22 18.11 0.00 0.00 TRACK
88.271	>>> V 0.00 0.00
88.271	S 20610133 -12.22 18.11 0.00 0.00 TRACK
88.290	>>> V 0.00 0.00
88.291	S 20610153 -12.22 18.11 0.00 0.00 TRACK
88.311	>>> V 0.00 0.00
88.313	S 20610173 -12.22 18.11 0.00 0.00 TRACK
88.331	>>> V 0.00 0.00
88.331	S 20610193 -12.22 18.11 0.00 0.00 TRACK
88.351	>>> V 0.00 0.00
88.351	S 20610213 -12.22 18.11 0.00 0.00 TRACK
88.373	>>> V 0.00 0.00
88.373	S 20610233 -12.22 18.11 0.00 0.00 TRACK
88.376	>>> X
