0.009	>>> 
0.009	>>> B 1654 2007
0.010	>>> I
0.116	>>> V 0.00 0.00
0.117	S 12571471 -22.76 19.95 0.00 0.00 HOLD
0.120	S 12571491 -22.76 20.04 0.00 0.00 HOLD
0.121	S 12571511 -22.76 19.95 0.00 0.00 HOLD
0.122	S 12571531 -22.68 20.04 0.00 0.00 HOLD
0.123	S 12571551 -22.76 19.95 0.00 0.00 HOLD
0.125	S 12571571 -22.76 20.04 0.00 0.00 HOLD
0.126	S 12571591 -22.68 20.04 0.00 0.00 HOLD
0.127	S 12571611 -22.76 20.04 0.00 0.00 HOLD
0.128	S 12571631 -22.76 19.95 0.00 0.00 HOLD
0.129	S 12571651 -22.76 19.95 0.00 0.00 HOLD
0.130	S 12571671 -22.68 19.95 0.00 0.00 HOLD
0.131	S 12571691 -22.76 19.95 0.00 0.00 HOLD
0.132	S 12571711 -22.68 19.95 0.00 0.00 HOLD
0.134	S 12571731 -22.68 19.95 0.00 0.00 HOLD
0.135	S 12571751 -22.68 20.04 0.00 0.00 HOLD
0.136	S 12571771 -22.68 19.95 0.00 0.00 HOLD
0.137	S 12571791 -22.76 19.95 0.00 0.00 HOLD
0.138	S 12571811 -22.76 19.95 0.00 0.00 HOLD
0.139	S 12571831 -22.76 19.95 0.00 0.00 HOLD
0.139	S 12571851 -22.68 20.04 0.00 0.00 HOLD
0.140	S 12571871 -22.76 20.04 0.00 0.00 HOLD
0.141	S 12571891 -22.76 19.95 0.00 0.00 HOLD
0.142	S 12571911 -22.76 20.04 0.00 0.00 HOLD
0.143	S 12571931 -22.76 19.95 0.00 0.00 HOLD
0.143	S 12571951 -22.76 19.95 0.00 0.00 HOLD
0.146	S 12571971 -22.76 20.04 0.00 0.00 HOLD
0.147	S 12571991 -22.76 20.04 0.00 0.00 HOLD
0.148	S 12572011 -22.68 19.95 0.00 0.00 HOLD
0.149	S 12572031 -22.76 20.04 0.00 0.00 HOLD
0.150	S 12572051 -22.76 19.95 0.00 0.00 HOLD
0.150	S 12572071 -22.76 19.95 0.00 0.00 HOLD
0.153	S 12572091 -22.68 19.95 0.00 0.00 HOLD
0.154	S 12572111 -22.76 19.95 0.00 0.00 HOLD
0.156	S 12572131 -22.76 19.95 0.00 0.00 HOLD
0.158	S 12572151 -22.76 19.95 0.00 0.00 HOLD
0.159	B 1654 2007
0.164	S 12679427 -22.76 20.04 0.00 0.00 HOMING
0.172	S 12679447 -22.68 19.95 0.00 0.00 HOMING
0.173	S 12679467 -22.50 19.86 1.37 0.00 HOMING
0.174	S 12679487 -22.15 19.60 4.12 -2.75 HOMING
0.175	S 12679507 -21.71 19.16 9.62 -6.87 HOMING
0.179	>>> V 0.00 0.00
0.179	S 12679527 -21.27 18.63 15.11 -13.74 HOMING
0.181	S 12679547 -20.83 18.11 19.24 -19.24 HOMING
0.182	S 12679567 -20.30 17.49 20.61 -21.98 HOMING
0.192	>>> V 0.00 0.00
0.193	S 12679587 -19.60 16.87 23.36 -24.73 HOMING
0.211	>>> V 0.00 0.00
0.213	S 12679607 -18.98 16.35 26.11 -27.48 HOMING
0.231	>>> V 0.00 0.00
0.233	S 12679627 -18.37 15.73 28.85 -28.85 HOMING
0.251	>>> V 0.00 0.00
0.251	S 12679647 -17.75 15.12 30.23 -28.85 HOMING
0.271	>>> V 0.00 0.00
0.272	S 12679667 -17.14 14.50 30.23 -28.85 HOMING
0.292	>>> V 0.00 0.00
0.292	S 12679687 -16.52 13.97 30.23 -28.85 HOMING
0.311	>>> V 0.00 0.00
0.312	S 12679707 -15.91 13.36 30.23 -28.85 HOMING
0.332	>>> V 0.00 0.00
0.333	S 12679727 -15.38 12.83 30.23 -28.85 HOMING
0.351	>>> V 0.00 0.00
0.352	S 12679747 -14.77 12.30 30.23 -28.85 HOMING
0.371	>>> V 0.00 0.00
0.372	S 12679767 -14.15 11.69 30.23 -28.85 HOMING
0.392	>>> V 0.00 0.00
0.392	S 12679787 -13.54 11.16 30.23 -27.48 HOMING
0.411	>>> V 0.00 0.00
0.411	S 12679807 -13.10 10.63 28.85 -26.11 HOMING
0.431	>>> V 0.00 0.00
0.432	S 12679827 -12.48 10.20 28.85 -24.73 HOMING
0.451	>>> V 0.00 0.00
0.451	S 12679847 -11.95 9.76 27.48 -24.73 HOMING
0.471	>>> V 0.00 0.00
0.472	S 12679867 -11.43 9.23 27.48 -23.36 HOMING
0.492	>>> V 0.00 0.00
0.492	S 12679887 -10.90 8.88 26.11 -21.98 HOMING
0.511	>>> V 0.00 0.00
0.512	S 12679907 -10.46 8.53 24.73 -20.61 HOMING
0.532	>>> V 0.00 0.00
0.533	S 12679927 -10.02 8.09 23.36 -20.61 HOMING
0.551	>>> V 0.00 0.00
0.552	S 12679947 -9.58 7.73 23.36 -19.24 HOMING
0.571	>>> V 0.00 0.00
0.573	S 12679967 -9.14 7.38 23.36 -17.86 HOMING
0.592	>>> V 0.00 0.00
0.593	S 12679987 -8.70 7.03 21.98 -17.86 HOMING
0.611	>>> V 0.00 0.00
0.612	S 12680007 -8.26 6.77 20.61 -16.49 HOMING
0.633	>>> V 0.00 0.00
0.633	S 12680027 -7.91 6.42 19.24 -16.49 HOMING
0.651	>>> V 0.00 0.00
0.651	S 12680047 -7.47 6.15 19.24 -15.11 HOMING
0.671	>>> V 0.00 0.00
0.672	S 12680067 -7.12 5.89 17.86 -13.74 HOMING
0.692	>>> V 0.00 0.00
0.693	S 12680087 -6.86 5.62 17.86 -13.74 HOMING
0.711	>>> V 0.00 0.00
0.712	S 12680107 -6.50 5.36 16.49 -13.74 HOMING
0.732	>>> V 0.00 0.00
0.733	S 12680127 -6.24 5.10 15.11 -12.37 HOMING
0.751	>>> V 0.00 0.00
0.752	S 12680147 -5.89 4.92 15.11 -12.37 HOMING
0.771	>>> V 0.00 0.00
0.772	S 12680167 -5.62 4.66 13.74 -10.99 HOMING
0.793	>>> V 0.00 0.00
0.793	S 12680187 -5.36 4.48 13.74 -10.99 HOMING
0.811	>>> V 0.00 0.00
0.812	S 12680207 -5.10 4.22 12.37 -9.62 HOMING
0.832	>>> V 0.00 0.00
0.833	S 12680227 -4.92 4.13 12.37 -9.62 HOMING
0.851	>>> V 0.00 0.00
0.851	S 12680247 -4.66 3.87 10.99 -9.62 HOMING
0.871	>>> V 0.00 0.00
0.871	S 12680267 -4.48 3.69 10.99 -9.62 HOMING
0.892	>>> V 0.00 0.00
0.893	S 12680287 -4.22 3.52 9.62 -9.62 HOMING
0.912	>>> V 0.00 0.00
0.912	S 12680307 -4.04 3.34 9.62 -8.24 HOMING
0.932	>>> V 0.00 0.00
0.932	S 12680327 -3.87 3.25 9.62 -8.24 HOMING
0.951	>>> V 0.00 0.00
0.951	S 12680347 -3.69 3.08 8.24 -6.87 HOMING
0.971	>>> V 0.00 0.00
0.972	S 12680367 -3.60 2.99 8.24 -6.87 HOMING
0.992	>>> V 0.00 0.00
0.993	S 12680387 -3.34 2.81 8.24 -5.50 HOMING
1.011	>>> V 0.00 0.00
1.013	S 12680407 -3.25 2.72 8.24 -5.50 HOMING
1.031	>>> V 0.00 0.00
1.031	S 12680427 -3.16 2.64 6.87 -5.50 HOMING
1.051	>>> V 0.00 0.00
1.051	S 12680447 -3.08 2.55 5.50 -5.50 HOMING
1.071	>>> V 0.00 0.00
1.072	S 12680467 -2.90 2.37 5.50 -5.50 HOMING
1.092	>>> V 0.00 0.00
1.093	S 12680487 -2.81 2.37 5.50 -5.50 HOMING
1.111	>>> V 0.00 0.00
1.112	S 12680507 -2.64 2.20 5.50 -4.12 HOMING
1.133	>>> V 0.00 0.00
1.136	S 12680527 -2.55 2.11 5.50 -4.12 HOMING
1.151	>>> V 0.00 0.00
1.152	S 12680547 -2.46 2.02 5.50 -4.12 HOMING
1.171	>>> V 0.00 0.00
1.172	S 12680567 -2.29 1.93 5.50 -4.12 HOMING
1.192	>>> V 0.00 0.00
1.193	S 12680587 -2.20 1.76 5.50 -4.12 HOMING
1.213	>>> V 0.00 0.00
1.213	S 12680607 -2.11 1.67 5.50 -4.12 HOMING
1.235	>>> V 0.00 0.00
1.235	S 12680627 -2.02 1.58 5.50 -4.12 HOMING
1.251	>>> V 0.00 0.00
1.252	S 12680647 -1.93 1.49 4.12 -4.12 HOMING
1.271	>>> V 0.00 0.00
1.272	S 12680667 -1.85 1.49 4.12 -4.12 HOMING
1.291	>>> V 0.00 0.00
1.292	S 12680687 -1.67 1.49 4.12 -2.75 HOMING
1.311	>>> V 0.00 0.00
1.312	S 12680707 -1.67 1.41 4.12 -1.37 HOMING
1.333	>>> V 0.00 0.00
1.334	S 12680727 -1.58 1.32 4.12 -1.37 HOMING
1.352	>>> V 0.00 0.00
1.353	S 12680747 -1.58 1.23 2.75 -2.75 HOMING
1.373	>>> V 0.00 0.00
1.374	S 12680767 -1.58 1.23 1.37 -2.75 HOMING
1.391	>>> V 0.00 0.00
1.392	S 12680787 -1.49 1.14 0.00 -2.75 HOMING
1.411	>>> V 0.00 0.00
1.412	S 12680807 -1.41 1.14 1.37 -1.37 HOMING
1.432	>>> V 0.00 0.00
1.433	S 12680827 -1.32 1.14 1.37 -1.37 HOMING
1.451	>>> V 0.00 0.00
1.451	S 12680847 -1.23 1.05 2.75 0.00 HOMING
1.471	>>> V 0.00 0.00
1.472	S 12680867 -1.14 0.97 2.75 -1.37 HOMING
1.492	>>> V 0.00 0.00
1.492	S 12680887 -1.23 0.88 2.75 -2.75 HOMING
1.511	>>> V 0.00 0.00
1.512	S 12680907 -1.14 0.88 2.75 -2.75 HOMING
1.535	>>> V 0.00 0.00
1.535	S 12680927 -1.14 0.88 1.37 -2.75 HOMING
1.551	>>> V 0.00 0.00
1.551	S 12680947 -1.05 0.88 1.37 -1.37 HOMING
1.571	>>> V 0.00 0.00
1.572	S 12680967 -0.97 0.88 1.37 0.00 HOMING
1.591	>>> V 0.00 0.00
1.592	S 12680987 -0.88 0.70 2.75 0.00 HOMING
1.612	>>> V 0.00 0.00
1.613	S 12681007 -0.88 0.70 2.75 0.00 HOMING
1.632	>>> V 0.00 0.00
1.633	S 12681027 -0.88 0.62 1.37 -1.37 HOMING
1.651	>>> V 0.00 0.00
1.653	S 12681047 -0.88 0.62 0.00 -1.37 HOMING
1.671	>>> V 0.00 0.00
1.672	S 12681067 -0.88 0.62 0.00 -1.37 HOMING
1.691	>>> V 0.00 0.00
1.692	S 12681087 -0.88 0.62 0.00 0.00 HOMING
1.713	>>> V 0.00 0.00
1.713	S 12681107 -0.79 0.53 0.00 0.00 HOMING
1.732	>>> V 0.00 0.00
1.732	S 12681127 -0.79 0.53 0.00 0.00 HOMING
1.752	>>> V 0.00 0.00
1.752	S 12681147 -0.70 0.44 1.37 -1.37 HOMING
1.777	>>> V 0.00 0.00
1.777	S 12681167 -0.70 0.44 1.37 -1.37 HOMING
1.792	>>> V 0.00 0.00
1.794	S 12681187 -0.70 0.44 1.37 -1.37 HOMING
1.813	>>> V 0.00 0.00
1.813	S 12681207 -0.70 0.44 0.00 0.00 HOMING
1.831	>>> V 0.00 0.00
1.832	S 12681227 -0.70 0.35 0.00 0.00 HOMING
1.854	>>> V 0.00 0.00
1.854	S 12681247 -0.53 0.35 0.00 0.00 HOMING
1.872	>>> V 0.00 0.00
1.872	S 12681267 -0.53 0.35 1.37 0.00 HOMING
1.893	>>> V 0.00 0.00
1.894	S 12681287 -0.53 0.26 1.37 -1.37 HOMING
1.911	>>> V 0.00 0.00
1.912	S 12681307 -0.53 0.26 1.37 -1.37 HOMING
1.934	>>> V 0.00 0.00
1.935	S 12681327 -0.53 0.26 0.00 -1.37 HOMING
1.952	>>> V 0.00 0.00
1.952	S 12681347 -0.44 0.35 0.00 0.00 HOLD
1.973	>>> V 0.00 0.00
1.974	S 12681367 -0.53 0.26 0.00 0.00 HOLD
1.992	>>> V 0.00 0.00
1.993	S 12681387 -0.44 0.26 0.00 0.00 HOLD
2.013	>>> V 0.00 0.00
2.013	S 12681407 -0.44 0.26 0.00 0.00 HOLD
2.032	>>> V 0.00 0.00
2.036	S 12681427 -0.44 0.26 0.00 0.00 HOLD
2.056	>>> V 0.00 0.00
2.059	S 12681447 -0.44 0.26 0.00 0.00 HOLD
2.073	>>> V 0.00 0.00
2.076	S 12681467 -0.44 0.26 0.00 0.00 HOLD
2.100	>>> V 0.00 0.00
2.104	S 12681487 -0.44 0.26 0.00 0.00 HOLD
2.114	>>> V 0.00 0.00
2.119	S 12681507 -0.44 0.26 0.00 0.00 HOLD
2.132	>>> V 0.00 0.00
2.136	S 12681527 -0.44 0.26 0.00 0.00 HOLD
2.152	>>> V 0.00 0.00
2.153	S 12681547 -0.44 0.26 0.00 0.00 HOLD
2.174	>>> V 0.00 0.00
2.177	S 12681567 -0.44 0.26 0.00 0.00 HOLD
2.194	>>> V 0.00 0.00
2.195	S 12681587 -0.44 0.26 0.00 0.00 HOLD
2.212	>>> V 0.00 0.00
2.213	S 12681607 -0.44 0.26 0.00 0.00 HOLD
2.237	>>> V 0.00 0.00
2.237	S 12681627 -0.44 0.26 0.00 0.00 HOLD
2.255	>>> V 0.00 0.00
2.256	S 12681647 -0.44 0.26 0.00 0.00 HOLD
2.277	>>> V 0.00 0.00
2.279	S 12681667 -0.44 0.26 0.00 0.00 HOLD
2.292	>>> V 0.00 0.00
2.293	S 12681687 -0.44 0.26 0.00 0.00 HOLD
2.315	>>> V 0.00 0.00
2.319	S 12681707 -0.44 0.26 0.00 0.00 HOLD
2.333	>>> V 0.00 0.00
2.336	S 12681727 -0.44 0.26 0.00 0.00 HOLD
2.356	>>> V 0.00 0.00
2.357	S 12681747 -0.44 0.35 0.00 0.00 HOLD
2.376	>>> V 0.00 0.00
2.379	S 12681767 -0.44 0.26 0.00 0.00 HOLD
2.393	>>> V 0.00 0.00
2.396	S 12681787 -0.44 0.26 0.00 0.00 HOLD
2.414	>>> V 0.00 0.00
2.417	S 12681807 -0.44 0.26 0.00 0.00 HOLD
2.435	>>> V 0.00 0.00
2.438	S 12681827 -0.53 0.26 0.00 0.00 HOLD
2.455	>>> V 0.00 0.00
2.457	S 12681847 -0.44 0.26 0.00 0.00 HOLD
2.476	>>> V 0.00 0.00
2.479	S 12681867 -0.44 0.26 0.00 0.00 HOLD
2.496	>>> V 0.00 0.00
2.499	S 12681887 -0.44 0.26 0.00 0.00 HOLD
2.518	>>> V 0.00 0.00
2.521	S 12681907 -0.44 0.26 0.00 0.00 HOLD
2.534	>>> V 0.00 0.00
2.538	S 12681927 -0.44 0.26 0.00 0.00 HOLD
2.552	>>> V 0.00 0.00
2.553	S 12681947 -0.53 0.26 0.00 0.00 HOLD
2.573	>>> V 0.00 0.00
2.574	S 12681967 -0.44 0.26 0.00 0.00 HOLD
2.595	>>> V 0.00 0.00
2.596	S 12681987 -0.44 0.26 0.00 0.00 HOLD
2.611	>>> V 0.00 0.00
2.612	S 12682007 -0.44 0.26 0.00 0.00 HOLD
2.635	>>> V 0.00 0.00
2.635	S 12682027 -0.44 0.26 0.00 0.00 HOLD
2.651	>>> V 0.00 0.00
2.652	S 12682047 -0.44 0.26 0.00 0.00 HOLD
2.673	>>> V 0.00 0.00
2.673	S 12682067 -0.44 0.26 0.00 0.00 HOLD
2.693	>>> V 0.00 0.00
2.693	S 12682087 -0.44 0.26 0.00 0.00 HOLD
2.712	>>> V 0.00 0.00
2.712	S 12682107 -0.44 0.26 0.00 0.00 HOLD
2.738	>>> V 0.00 0.00
2.738	S 12682127 -0.44 0.26 0.00 0.00 HOLD
2.752	>>> V 0.00 0.00
2.752	S 12682147 -0.44 0.26 0.00 0.00 HOLD
2.771	>>> V 0.00 0.00
2.774	S 12682167 -0.44 0.26 0.00 0.00 HOLD
2.791	>>> V 0.00 0.00
2.792	S 12682187 -0.44 0.26 0.00 0.00 HOLD
2.813	>>> V 0.00 0.00
2.814	S 12682207 -0.44 0.26 0.00 0.00 HOLD
2.832	>>> V 0.00 0.00
2.832	S 12682227 -0.44 0.26 0.00 0.00 HOLD
2.853	>>> V 0.00 0.00
2.854	S 12682247 -0.44 0.26 0.00 0.00 HOLD
2.872	>>> V 0.00 0.00
2.872	S 12682267 -0.44 0.26 0.00 0.00 HOLD
2.892	>>> V 0.00 0.00
2.893	S 12682287 -0.44 0.26 0.00 0.00 HOLD
2.911	>>> V 0.00 0.00
2.912	S 12682307 -0.44 0.26 0.00 0.00 HOLD
2.932	>>> V 0.00 0.00
2.932	S 12682327 -0.44 0.35 0.00 0.00 HOLD
2.952	>>> V 0.00 0.00
2.952	S 12682347 -0.44 0.26 0.00 0.00 HOLD
2.972	>>> V 0.00 0.00
2.972	S 12682367 -0.44 0.26 0.00 0.00 HOLD
2.991	>>> V 0.00 0.00
2.993	S 12682387 -0.44 0.26 0.00 0.00 HOLD
3.011	>>> V 0.00 0.00
3.012	S 12682407 -0.44 0.26 0.00 0.00 HOLD
3.032	>>> V 0.00 0.00
3.033	S 12682427 -0.44 0.26 0.00 0.00 HOLD
3.052	>>> V 0.00 0.00
3.052	S 12682447 -0.44 0.26 0.00 0.00 HOLD
3.074	>>> V 0.00 0.00
3.076	S 12682467 -0.44 0.26 0.00 0.00 HOLD
3.092	>>> V 0.00 0.00
3.093	S 12682487 -0.44 0.35 0.00 0.00 HOLD
3.113	>>> V 0.00 0.00
3.113	S 12682507 -0.44 0.35 0.00 0.00 HOLD
3.132	>>> V 0.00 0.00
3.132	S 12682527 -0.44 0.26 0.00 0.00 HOLD
3.151	>>> V 0.00 0.00
3.152	S 12682547 -0.44 0.26 0.00 0.00 HOLD
3.171	>>> V 0.00 0.00
3.172	S 12682567 -0.53 0.26 0.00 0.00 HOLD
3.192	>>> V 0.00 0.00
3.192	S 12682587 -0.44 0.26 0.00 0.00 HOLD
3.211	>>> V 0.00 0.00
3.212	S 12682607 -0.53 0.35 0.00 0.00 HOLD
3.231	>>> V 0.00 0.00
3.232	S 12682627 -0.44 0.26 0.00 0.00 HOLD
3.253	>>> V 0.00 0.00
3.253	S 12682647 -0.44 0.26 0.00 0.00 HOLD
3.271	>>> V 0.00 0.00
3.272	S 12682667 -0.44 0.26 0.00 0.00 HOLD
3.292	>>> V 0.00 0.00
3.294	S 12682687 -0.44 0.26 0.00 0.00 HOLD
3.312	>>> V 0.00 0.00
3.312	S 12682707 -0.44 0.26 0.00 0.00 HOLD
3.333	>>> V 0.00 0.00
3.334	S 12682727 -0.44 0.26 0.00 0.00 HOLD
3.351	>>> V 0.00 0.00
3.354	S 12682747 -0.44 0.26 0.00 0.00 HOLD
3.373	>>> V 0.00 0.00
3.374	S 12682767 -0.44 0.26 0.00 0.00 HOLD
3.391	>>> V 0.00 0.00
3.393	S 12682787 -0.44 0.26 0.00 0.00 HOLD
3.413	>>> V 0.00 0.00
3.414	S 12682807 -0.44 0.26 0.00 0.00 HOLD
3.432	>>> V 0.00 0.00
3.432	S 12682827 -0.44 0.26 0.00 0.00 HOLD
3.453	>>> V 0.00 0.00
3.453	S 12682847 -0.44 0.26 0.00 0.00 HOLD
3.471	>>> V 0.00 0.00
3.472	S 12682867 -0.53 0.26 0.00 0.00 HOLD
3.492	>>> V 0.00 0.00
3.492	S 12682887 -0.44 0.26 0.00 0.00 HOLD
3.511	>>> V 0.00 0.00
3.512	S 12682907 -0.44 0.26 0.00 0.00 HOLD
3.532	>>> V 0.00 0.00
3.533	S 12682927 -0.44 0.26 0.00 0.00 HOLD
3.551	>>> V 0.00 0.00
3.552	S 12682947 -0.53 0.26 0.00 0.00 HOLD
3.572	>>> V 0.00 0.00
3.573	S 12682967 -0.53 0.35 0.00 0.00 HOLD
3.592	>>> V 0.00 0.00
3.593	S 12682987 -0.44 0.26 0.00 0.00 HOLD
3.612	>>> V 0.00 0.00
3.612	S 12683007 -0.44 0.26 0.00 0.00 HOLD
3.632	>>> V 0.00 0.00
3.633	S 12683027 -0.44 0.26 0.00 0.00 HOLD
3.653	>>> V 0.00 0.00
3.653	S 12683047 -0.44 0.26 0.00 0.00 HOLD
3.673	>>> V 0.00 0.00
3.674	S 12683067 -0.44 0.26 0.00 0.00 HOLD
3.691	>>> V 0.00 0.00
3.692	S 12683087 -0.44 0.26 0.00 0.00 HOLD
3.712	>>> V 0.00 0.00
3.712	S 12683107 -0.44 0.26 0.00 0.00 HOLD
3.735	>>> V 0.00 0.00
3.736	S 12683127 -0.44 0.26 0.00 0.00 HOLD
3.753	>>> V 0.00 0.00
3.754	S 12683147 -0.44 0.26 0.00 0.00 HOLD
3.773	>>> V 0.00 0.00
3.773	S 12683167 -0.53 0.26 0.00 0.00 HOLD
3.793	>>> V 0.00 0.00
3.795	S 12683187 -0.44 0.26 0.00 0.00 HOLD
3.812	>>> V 0.00 0.00
3.812	S 12683207 -0.44 0.26 0.00 0.00 HOLD
3.833	>>> V 0.00 0.00
3.834	S 12683227 -0.53 0.35 0.00 0.00 HOLD
3.852	>>> V 0.00 0.00
3.852	S 12683247 -0.44 0.26 0.00 0.00 HOLD
3.874	>>> V 0.00 0.00
3.874	S 12683267 -0.44 0.26 0.00 0.00 HOLD
3.892	>>> V 0.00 0.00
3.893	S 12683287 -0.44 0.26 0.00 0.00 HOLD
3.915	>>> V 0.00 0.00
3.918	S 12683307 -0.44 0.26 0.00 0.00 HOLD
3.931	>>> V 0.00 0.00
3.932	S 12683327 -0.53 0.26 0.00 0.00 HOLD
3.953	>>> V 0.00 0.00
3.954	S 12683347 -0.44 0.26 0.00 0.00 HOLD
3.971	>>> V 0.00 0.00
3.972	S 12683367 -0.44 0.35 0.00 0.00 HOLD
3.993	>>> V 0.00 0.00
3.996	S 12683387 -0.44 0.26 0.00 0.00 HOLD
4.011	>>> V 0.00 0.00
4.012	S 12683407 -0.44 0.26 0.00 0.00 HOLD
4.033	>>> V 0.00 0.00
4.035	S 12683427 -0.44 0.26 0.00 0.00 HOLD
4.051	>>> V 0.00 0.00
4.053	S 12683447 -0.44 0.26 0.00 0.00 HOLD
4.071	>>> V 0.00 0.00
4.072	S 12683467 -0.53 0.26 0.00 0.00 HOLD
4.092	>>> V 0.00 0.00
4.092	S 12683487 -0.53 0.26 0.00 0.00 HOLD
4.111	>>> V 0.00 0.00
4.113	S 12683507 -0.44 0.26 0.00 0.00 HOLD
4.132	>>> V 0.00 0.00
4.133	S 12683527 -0.44 0.26 0.00 0.00 HOLD
4.153	>>> V 0.00 0.00
4.153	S 12683547 -0.44 0.26 0.00 0.00 HOLD
4.173	>>> V 0.00 0.00
4.177	S 12683567 -0.44 0.26 0.00 0.00 HOLD
4.192	>>> V 0.00 0.00
4.192	S 12683587 -0.44 0.26 0.00 0.00 HOLD
4.214	>>> V 0.00 0.00
4.215	S 12683607 -0.44 0.26 0.00 0.00 HOLD
4.235	>>> V 0.00 0.00
4.236	S 12683627 -0.44 0.26 0.00 0.00 HOLD
4.255	>>> V 0.00 0.00
4.257	S 12683647 -0.44 0.26 0.00 0.00 HOLD
4.272	>>> V 0.00 0.00
4.272	S 12683667 -0.44 0.26 0.00 0.00 HOLD
4.292	>>> V 0.00 0.00
4.293	S 12683687 -0.44 0.26 0.00 0.00 HOLD
4.314	>>> V 0.00 0.00
4.314	S 12683707 -0.44 0.26 0.00 0.00 HOLD
4.333	>>> V 0.00 0.00
4.333	S 12683727 -0.53 0.26 0.00 0.00 HOLD
4.353	>>> V 0.00 0.00
4.354	S 12683747 -0.44 0.26 0.00 0.00 HOLD
4.373	>>> V 0.00 0.00
4.374	S 12683767 -0.44 0.26 0.00 0.00 HOLD
4.395	>>> V 0.00 0.00
4.396	S 12683787 -0.44 0.26 0.00 0.00 HOLD
4.413	>>> V 0.00 0.00
4.416	S 12683807 -0.44 0.26 0.00 0.00 HOLD
4.431	>>> V 0.00 0.00
4.434	S 12683827 -0.44 0.26 0.00 0.00 HOLD
4.453	>>> V 0.00 0.00
4.456	S 12683847 -0.44 0.35 0.00 0.00 HOLD
4.473	>>> V 0.00 0.00
4.476	S 12683867 -0.44 0.26 0.00 0.00 HOLD
4.492	>>> V 0.00 0.00
4.493	S 12683887 -0.44 0.26 0.00 0.00 HOLD
4.511	>>> V 0.00 0.00
4.513	S 12683907 -0.44 0.26 0.00 0.00 HOLD
4.534	>>> V 0.00 0.00
4.535	S 12683927 -0.44 0.26 0.00 0.00 HOLD
4.552	>>> V 0.00 0.00
4.555	S 12683947 -0.44 0.26 0.00 0.00 HOLD
4.574	>>> V 0.00 0.00
4.575	S 12683967 -0.44 0.26 0.00 0.00 HOLD
4.593	>>> V 0.00 0.00
4.593	S 12683987 -0.44 0.26 0.00 0.00 HOLD
4.614	>>> V 0.00 0.00
4.615	S 12684007 -0.44 0.26 0.00 0.00 HOLD
4.631	>>> V 0.00 0.00
4.634	S 12684027 -0.53 0.26 0.00 0.00 HOLD
4.651	>>> V 0.00 0.00
4.655	S 12684047 -0.44 0.35 0.00 0.00 HOLD
4.671	>>> V 0.00 0.00
4.672	S 12684067 -0.44 0.35 0.00 0.00 HOLD
4.693	>>> V 0.00 0.00
4.694	S 12684087 -0.44 0.26 0.00 0.00 HOLD
4.712	>>> V 0.00 0.00
4.712	S 12684107 -0.44 0.26 0.00 0.00 HOLD
4.732	>>> V 0.00 0.00
4.733	S 12684127 -0.44 0.35 0.00 0.00 HOLD
4.751	>>> V 0.00 0.00
4.752	S 12684147 -0.44 0.26 0.00 0.00 HOLD
4.773	>>> V 0.00 0.00
4.773	S 12684167 -0.44 0.26 0.00 0.00 HOLD
4.791	>>> V 0.00 0.00
4.794	S 12684187 -0.44 0.26 0.00 0.00 HOLD
4.811	>>> V 0.00 0.00
4.813	S 12684207 -0.44 0.26 0.00 0.00 HOLD
4.832	>>> V 0.00 0.00
4.832	S 12684227 -0.44 0.26 0.00 0.00 HOLD
4.852	>>> V 0.00 0.00
4.853	S 12684247 -0.44 0.26 0.00 0.00 HOLD
4.871	>>> V 0.00 0.00
4.872	S 12684267 -0.53 0.26 0.00 0.00 HOLD
4.892	>>> V 0.00 0.00
4.893	S 12684287 -0.44 0.26 0.00 0.00 HOLD
4.912	>>> V 0.00 0.00
4.915	S 12684307 -0.44 0.26 0.00 0.00 HOLD
4.932	>>> V 0.00 0.00
4.935	S 12684327 -0.44 0.26 0.00 0.00 HOLD
4.956	>>> V 0.00 0.00
4.957	S 12684347 -0.44 0.35 0.00 0.00 HOLD
4.972	>>> V 0.00 0.00
4.974	S 12684367 -0.44 0.26 0.00 0.00 HOLD
4.992	>>> V 0.00 0.00
4.995	S 12684387 -0.44 0.26 0.00 0.00 HOLD
5.015	>>> V 0.00 0.00
5.017	S 12684407 -0.44 0.26 0.00 0.00 HOLD
5.032	>>> V 0.00 0.00
5.035	S 12684427 -0.44 0.26 0.00 0.00 HOLD
5.053	>>> V 0.00 0.00
5.054	S 12684447 -0.44 0.26 0.00 0.00 HOLD
5.071	>>> V 0.00 0.00
5.074	S 12684467 -0.44 0.26 0.00 0.00 HOLD
5.094	>>> V 0.00 0.00
5.095	S 12684487 -0.44 0.26 0.00 0.00 HOLD
5.112	>>> V 0.00 0.00
5.113	S 12684507 -0.53 0.26 0.00 0.00 HOLD
5.134	>>> V 0.00 0.00
5.135	S 12684527 -0.44 0.26 0.00 0.00 HOLD
5.154	>>> V 0.00 0.00
5.154	S 12684547 -0.44 0.26 0.00 0.00 HOLD
5.175	>>> V 0.00 0.00
5.177	S 12684567 -0.44 0.26 0.00 0.00 HOLD
5.192	>>> V 0.00 0.00
5.194	S 12684587 -0.44 0.26 0.00 0.00 HOLD
5.211	>>> V 0.00 0.00
5.212	S 12684607 -0.44 0.26 0.00 0.00 HOLD
5.237	>>> V 0.00 0.00
5.240	S 12684627 -0.44 0.26 0.00 0.00 HOLD
5.253	>>> V 0.00 0.00
5.253	S 12684647 -0.44 0.26 0.00 0.00 HOLD
5.276	>>> V 0.00 0.00
5.279	S 12684667 -0.44 0.26 0.00 0.00 HOLD
5.295	>>> V 0.00 0.00
5.296	S 12684687 -0.44 0.26 0.00 0.00 HOLD
5.311	>>> V 0.00 0.00
5.312	S 12684707 -0.44 0.26 0.00 0.00 HOLD
5.336	>>> V 0.00 0.00
5.336	S 12684727 -0.44 0.35 0.00 0.00 HOLD
5.352	>>> V 0.00 0.00
5.353	S 12684747 -0.44 0.26 0.00 0.00 HOLD
5.378	>>> V 0.00 0.00
5.380	S 12684767 -0.44 0.26 0.00 0.00 HOLD
5.392	>>> V 0.00 0.00
5.393	S 12684787 -0.44 0.35 0.00 0.00 HOLD
5.419	>>> V 0.00 0.00
5.419	S 12684807 -0.44 0.26 0.00 0.00 HOLD
5.435	>>> V 0.00 0.00
5.435	S 12684827 -0.44 0.26 0.00 0.00 HOLD
5.452	>>> V 0.00 0.00
5.452	S 12684847 -0.44 0.26 0.00 0.00 HOLD
5.472	>>> V 0.00 0.00
5.473	S 12684867 -0.44 0.26 0.00 0.00 HOLD
5.492	>>> V 0.00 0.00
5.494	S 12684887 -0.44 0.26 0.00 0.00 HOLD
5.513	>>> V 0.00 0.00
5.525	S 12684907 -0.44 0.26 0.00 0.00 HOLD
5.532	>>> V 0.00 0.00
5.532	S 12684927 -0.53 0.26 0.00 0.00 HOLD
5.551	>>> V 0.00 0.00
5.552	S 12684947 -0.44 0.35 0.00 0.00 HOLD
5.572	>>> V 0.00 0.00
5.572	S 12684967 -0.53 0.26 0.00 0.00 HOLD
5.591	>>> V 0.00 0.00
5.593	S 12684987 -0.44 0.26 0.00 0.00 HOLD
5.612	>>> V 0.00 0.00
5.612	S 12685007 -0.44 0.26 0.00 0.00 HOLD
5.631	>>> V 0.00 0.00
5.632	S 12685027 -0.44 0.26 0.00 0.00 HOLD
5.652	>>> V 0.00 0.00
5.652	S 12685047 -0.44 0.26 0.00 0.00 HOLD
5.671	>>> V 0.00 0.00
5.672	S 12685067 -0.44 0.35 0.00 0.00 HOLD
5.691	>>> V 0.00 0.00
5.692	S 12685087 -0.44 0.26 0.00 0.00 HOLD
5.712	>>> V 0.00 0.00
5.713	S 12685107 -0.44 0.26 0.00 0.00 HOLD
5.733	>>> V 0.00 0.00
5.733	S 12685127 -0.44 0.26 0.00 0.00 HOLD
5.752	>>> V 0.00 0.00
5.752	S 12685147 -0.44 0.26 0.00 0.00 HOLD
5.773	>>> V 0.00 0.00
5.774	S 12685167 -0.44 0.26 0.00 0.00 HOLD
5.792	>>> V 0.00 0.00
5.792	S 12685187 -0.44 0.26 0.00 0.00 HOLD
5.813	>>> V 0.00 0.00
5.814	S 12685207 -0.44 0.26 0.00 0.00 HOLD
5.831	>>> V 0.00 0.00
5.832	S 12685227 -0.44 0.26 0.00 0.00 HOLD
5.854	>>> V 0.00 0.00
5.854	S 12685247 -0.44 0.26 0.00 0.00 HOLD
5.872	>>> V 0.00 0.00
5.872	S 12685267 -0.44 0.26 0.00 0.00 HOLD
5.892	>>> V 0.00 0.00
5.898	S 12685287 -0.44 0.26 0.00 0.00 HOLD
5.912	>>> V 0.00 0.00
5.912	S 12685307 -0.44 0.26 0.00 0.00 HOLD
5.932	>>> V 0.00 0.00
5.934	S 12685327 -0.53 0.26 0.00 0.00 HOLD
5.952	>>> V 0.00 0.00
5.957	S 12685347 -0.53 0.26 0.00 0.00 HOLD
5.972	>>> V 0.00 0.00
5.975	S 12685367 -0.44 0.35 0.00 0.00 HOLD
5.992	>>> V 0.00 0.00
5.993	S 12685387 -0.44 0.26 0.00 0.00 HOLD
6.012	>>> V 0.00 0.00
6.013	S 12685407 -0.44 0.26 0.00 0.00 HOLD
6.034	>>> V 0.00 0.00
6.034	S 12685427 -0.44 0.26 0.00 0.00 HOLD
6.051	>>> V 0.00 0.00
6.052	S 12685447 -0.44 0.26 0.00 0.00 HOLD
6.073	>>> V 0.00 0.00
6.074	S 12685467 -0.44 0.26 0.00 0.00 HOLD
6.091	>>> V 0.00 0.00
6.092	S 12685487 -0.44 0.26 0.00 0.00 HOLD
6.113	>>> V 0.00 0.00
6.114	S 12685507 -0.44 0.26 0.00 0.00 HOLD
6.132	>>> V 0.00 0.00
6.132	S 12685527 -0.44 0.35 0.00 0.00 HOLD
6.152	>>> V 0.00 0.00
6.157	S 12685547 -0.44 0.26 0.00 0.00 HOLD
6.172	>>> V 0.00 0.00
6.174	S 12685567 -0.44 0.35 0.00 0.00 HOLD
6.192	>>> V 0.00 0.00
6.193	S 12685587 -0.44 0.26 0.00 0.00 HOLD
6.212	>>> V 0.00 0.00
6.212	S 12685607 -0.44 0.35 0.00 0.00 HOLD
6.234	>>> V 0.00 0.00
6.234	S 12685627 -0.44 0.26 0.00 0.00 HOLD
6.251	>>> V 0.00 0.00
6.252	S 12685647 -0.44 0.26 0.00 0.00 HOLD
6.277	>>> V 0.00 0.00
6.278	S 12685667 -0.44 0.26 0.00 0.00 HOLD
6.293	>>> V 0.00 0.00
6.296	S 12685687 -0.44 0.26 0.00 0.00 HOLD
6.313	>>> V 0.00 0.00
6.316	S 12685707 -0.44 0.26 0.00 0.00 HOLD
6.331	>>> V 0.00 0.00
6.334	S 12685727 -0.53 0.26 0.00 0.00 HOLD
6.354	>>> V 0.00 0.00
6.363	S 12685747 -0.44 0.26 0.00 0.00 HOLD
6.372	>>> V 0.00 0.00
6.372	S 12685767 -0.44 0.26 0.00 0.00 HOLD
6.395	>>> V 0.00 0.00
6.395	S 12685787 -0.44 0.26 0.00 0.00 HOLD
6.412	>>> V 0.00 0.00
6.413	S 12685807 -0.44 0.35 0.00 0.00 HOLD
6.431	>>> V 0.00 0.00
6.435	S 12685827 -0.44 0.35 0.00 0.00 HOLD
6.453	>>> V 0.00 0.00
6.454	S 12685847 -0.44 0.26 0.00 0.00 HOLD
6.477	>>> V 0.00 0.00
6.479	S 12685867 -0.44 0.26 0.00 0.00 HOLD
6.493	>>> V 0.00 0.00
6.494	S 12685887 -0.44 0.26 0.00 0.00 HOLD
6.515	>>> V 0.00 0.00
6.516	S 12685907 -0.44 0.26 0.00 0.00 HOLD
6.532	>>> V 0.00 0.00
6.534	S 12685927 -0.53 0.26 0.00 0.00 HOLD
6.554	>>> V 0.00 0.00
6.557	S 12685947 -0.44 0.26 0.00 0.00 HOLD
6.573	>>> V 0.00 0.00
6.575	S 12685967 -0.44 0.26 0.00 0.00 HOLD
6.593	>>> V 0.00 0.00
6.597	S 12685987 -0.44 0.26 0.00 0.00 HOLD
6.611	>>> V 0.00 0.00
6.612	S 12686007 -0.44 0.26 0.00 0.00 HOLD
6.633	>>> V 0.00 0.00
6.636	S 12686027 -0.44 0.26 0.00 0.00 HOLD
6.653	>>> V 0.00 0.00
6.655	S 12686047 -0.44 0.26 0.00 0.00 HOLD
6.671	>>> V 0.00 0.00
6.673	S 12686067 -0.44 0.26 0.00 0.00 HOLD
6.694	>>> V 0.00 0.00
6.695	S 12686087 -0.44 0.35 0.00 0.00 HOLD
6.714	>>> V 0.00 0.00
6.715	S 12686107 -0.44 0.26 0.00 0.00 HOLD
6.733	>>> V 0.00 0.00
6.733	S 12686127 -0.44 0.26 0.00 0.00 HOLD
6.752	>>> V 0.00 0.00
6.753	S 12686147 -0.44 0.26 0.00 0.00 HOLD
6.772	>>> V 0.00 0.00
6.774	S 12686167 -0.44 0.26 0.00 0.00 HOLD
6.794	>>> V 0.00 0.00
6.797	S 12686187 -0.44 0.26 0.00 0.00 HOLD
6.814	>>> V 0.00 0.00
6.815	S 12686207 -0.53 0.26 0.00 0.00 HOLD
6.836	>>> V 0.00 0.00
6.837	S 12686227 -0.44 0.26 0.00 0.00 HOLD
6.861	>>> V 0.00 0.00
6.861	S 12686247 -0.44 0.26 0.00 0.00 HOLD
6.872	>>> V 0.00 0.00
6.875	S 12686267 -0.53 0.26 0.00 0.00 HOLD
6.898	>>> V 0.00 0.00
6.899	S 12686287 -0.44 0.26 0.00 0.00 HOLD
6.911	>>> V 0.00 0.00
6.914	S 12686307 -0.44 0.26 0.00 0.00 HOLD
6.932	>>> V 0.00 0.00
6.932	S 12686327 -0.44 0.35 0.00 0.00 HOLD
6.951	>>> V 0.00 0.00
6.953	S 12686347 -0.53 0.26 0.00 0.00 HOLD
6.972	>>> V 0.00 0.00
6.974	S 12686367 -0.44 0.26 0.00 0.00 HOLD
6.994	>>> V 0.00 0.00
6.994	S 12686387 -0.44 0.26 0.00 0.00 HOLD
7.018	>>> V 0.00 0.00
7.019	S 12686407 -0.44 0.26 0.00 0.00 HOLD
7.037	>>> V 0.00 0.00
7.040	S 12686427 -0.44 0.26 0.00 0.00 HOLD
7.056	>>> V 0.00 0.00
7.058	S 12686447 -0.44 0.26 0.00 0.00 HOLD
7.083	>>> V 0.00 0.00
7.086	S 12686467 -0.53 0.26 0.00 0.00 HOLD
7.109	>>> V 0.00 0.00
7.109	S 12686487 -0.44 0.26 0.00 0.00 HOLD
7.114	S 12686507 -0.44 0.26 0.00 0.00 HOLD
7.128	>>> V 0.00 0.00
7.130	S 12686527 -0.44 0.35 0.00 0.00 HOLD
7.145	>>> V 0.00 0.00
7.153	>>> V 0.00 0.00
7.156	S 12686547 -0.44 0.26 0.00 0.00 HOLD
7.180	>>> V 0.00 0.00
7.180	S 12686567 -0.44 0.35 0.00 0.00 HOLD
7.191	>>> V 0.00 0.00
7.192	S 12686587 -0.44 0.26 0.00 0.00 HOLD
7.217	>>> V 0.00 0.00
7.223	S 12686607 -0.44 0.26 0.00 0.00 HOLD
7.233	>>> V 0.00 0.00
7.233	S 12686627 -0.44 0.26 0.00 0.00 HOLD
7.258	>>> V 0.00 0.00
7.259	S 12686647 -0.44 0.35 0.00 0.00 HOLD
7.272	>>> V 0.00 0.00
7.273	S 12686667 -0.44 0.26 0.00 0.00 HOLD
7.292	>>> V 0.00 0.00
7.292	S 12686687 -0.53 0.26 0.00 0.00 HOLD
7.314	>>> V 0.00 0.00
7.315	S 12686707 -0.44 0.26 0.00 0.00 HOLD
7.333	>>> V 0.00 0.00
7.333	S 12686727 -0.53 0.26 0.00 0.00 HOLD
7.352	>>> V 0.00 0.00
7.354	S 12686747 -0.53 0.26 0.00 0.00 HOLD
7.373	>>> V 0.00 0.00
7.373	S 12686767 -0.44 0.26 0.00 0.00 HOLD
7.393	>>> V 0.00 0.00
7.393	S 12686787 -0.44 0.26 0.00 0.00 HOLD
7.412	>>> V 0.00 0.00
7.414	S 12686807 -0.44 0.26 0.00 0.00 HOLD
7.436	>>> V 0.00 0.00
7.437	S 12686827 -0.53 0.26 0.00 0.00 HOLD
7.452	>>> V 0.00 0.00
7.456	S 12686847 -0.44 0.26 0.00 0.00 HOLD
7.475	>>> V 0.00 0.00
7.476	S 12686867 -0.44 0.26 0.00 0.00 HOLD
7.493	>>> V 0.00 0.00
7.493	S 12686887 -0.44 0.35 0.00 0.00 HOLD
7.512	>>> V 0.00 0.00
7.515	S 12686907 -0.44 0.26 0.00 0.00 HOLD
7.532	>>> V 0.00 0.00
7.532	S 12686927 -0.44 0.26 0.00 0.00 HOLD
7.552	>>> V 0.00 0.00
7.554	S 12686947 -0.53 0.26 0.00 0.00 HOLD
7.576	>>> V 0.00 0.00
7.577	S 12686967 -0.44 0.26 0.00 0.00 HOLD
7.592	>>> V 0.00 0.00
7.593	S 12686987 -0.44 0.26 0.00 0.00 HOLD
7.611	>>> V 0.00 0.00
7.613	S 12687007 -0.44 0.26 0.00 0.00 HOLD
7.632	>>> V 0.00 0.00
7.633	S 12687027 -0.44 0.35 0.00 0.00 HOLD
7.651	>>> V 0.00 0.00
7.654	S 12687047 -0.53 0.26 0.00 0.00 HOLD
7.672	>>> V 0.00 0.00
7.674	S 12687067 -0.44 0.26 0.00 0.00 HOLD
7.692	>>> V 0.00 0.00
7.692	S 12687087 -0.44 0.26 0.00 0.00 HOLD
7.712	>>> V 0.00 0.00
7.712	S 12687107 -0.44 0.35 0.00 0.00 HOLD
7.733	>>> V 0.00 0.00
7.734	S 12687127 -0.44 0.26 0.00 0.00 HOLD
7.753	>>> V 0.00 0.00
7.756	S 12687147 -0.44 0.26 0.00 0.00 HOLD
7.773	>>> V 0.00 0.00
7.774	S 12687167 -0.44 0.26 0.00 0.00 HOLD
7.791	>>> V 0.00 0.00
7.792	S 12687187 -0.53 0.26 0.00 0.00 HOLD
7.813	>>> V 0.00 0.00
7.814	S 12687207 -0.44 0.26 0.00 0.00 HOLD
7.832	>>> V 0.00 0.00
7.833	S 12687227 -0.44 0.26 0.00 0.00 HOLD
7.855	>>> V 0.00 0.00
7.857	S 12687247 -0.44 0.35 0.00 0.00 HOLD
7.873	>>> V 0.00 0.00
7.875	S 12687267 -0.44 0.26 0.00 0.00 HOLD
7.892	>>> V 0.00 0.00
7.893	S 12687287 -0.44 0.26 0.00 0.00 HOLD
7.912	>>> V 0.00 0.00
7.912	S 12687307 -0.44 0.26 0.00 0.00 HOLD
7.932	>>> V 0.00 0.00
7.932	S 12687327 -0.53 0.26 0.00 0.00 HOLD
7.954	>>> V 0.00 0.00
7.955	S 12687347 -0.44 0.26 0.00 0.00 HOLD
7.972	>>> V 0.00 0.00
7.973	S 12687367 -0.44 0.26 0.00 0.00 HOLD
7.993	>>> V 0.00 0.00
7.994	S 12687387 -0.44 0.35 0.00 0.00 HOLD
8.011	>>> V 0.00 0.00
8.013	S 12687407 -0.44 0.26 0.00 0.00 HOLD
8.033	>>> V 0.00 0.00
8.034	S 12687427 -0.44 0.26 0.00 0.00 HOLD
8.052	>>> V 0.00 0.00
8.054	S 12687447 -0.44 0.35 0.00 0.00 HOLD
8.072	>>> V 0.00 0.00
8.073	S 12687467 -0.53 0.26 0.00 0.00 HOLD
8.092	>>> V 0.00 0.00
8.093	S 12687487 -0.44 0.26 0.00 0.00 HOLD
8.112	>>> V 0.00 0.00
8.114	S 12687507 -0.44 0.26 0.00 0.00 HOLD
8.133	>>> V 0.00 0.00
8.134	S 12687527 -0.44 0.26 0.00 0.00 HOLD
8.151	>>> V 0.00 0.00
8.152	S 12687547 -0.44 0.26 0.00 0.00 HOLD
8.176	>>> V 0.00 0.00
8.176	S 12687567 -0.44 0.26 0.00 0.00 HOLD
8.191	>>> V 0.00 0.00
8.192	S 12687587 -0.44 0.26 0.00 0.00 HOLD
8.211	>>> V 0.00 0.00
8.214	S 12687607 -0.44 0.26 0.00 0.00 HOLD
8.231	>>> V 0.00 0.00
8.233	S 12687627 -0.44 0.26 0.00 0.00 HOLD
8.251	>>> V 0.00 0.00
8.253	S 12687647 -0.44 0.26 0.00 0.00 HOLD
8.271	>>> V 0.00 0.00
8.272	S 12687667 -0.44 0.35 0.00 0.00 HOLD
8.292	>>> V 0.00 0.00
8.292	S 12687687 -0.44 0.26 0.00 0.00 HOLD
8.313	>>> V 0.00 0.00
8.313	S 12687707 -0.44 0.26 0.00 0.00 HOLD
8.331	>>> V 0.00 0.00
8.332	S 12687727 -0.44 0.26 0.00 0.00 HOLD
8.353	>>> V 0.00 0.00
8.353	S 12687747 -0.44 0.26 0.00 0.00 HOLD
8.371	>>> V 0.00 0.00
8.372	S 12687767 -0.44 0.26 0.00 0.00 HOLD
8.393	>>> V 0.00 0.00
8.393	S 12687787 -0.44 0.35 0.00 0.00 HOLD
8.411	>>> V 0.00 0.00
8.411	S 12687807 -0.44 0.26 0.00 0.00 HOLD
8.433	>>> V 0.00 0.00
8.434	S 12687827 -0.53 0.26 0.00 0.00 HOLD
8.452	>>> V 0.00 0.00
8.452	S 12687847 -0.44 0.26 0.00 0.00 HOLD
8.472	>>> V 0.00 0.00
8.473	S 12687867 -0.44 0.26 0.00 0.00 HOLD
8.491	>>> V 0.00 0.00
8.492	S 12687887 -0.44 0.26 0.00 0.00 HOLD
8.512	>>> V 0.00 0.00
8.513	S 12687907 -0.44 0.26 0.00 0.00 HOLD
8.531	>>> V 0.00 0.00
8.532	S 12687927 -0.44 0.26 0.00 0.00 HOLD
8.553	>>> V 0.00 0.00
8.554	S 12687947 -0.44 0.26 0.00 0.00 HOLD
8.571	>>> V 0.00 0.00
8.572	S 12687967 -0.44 0.35 0.00 0.00 HOLD
8.592	>>> V 0.00 0.00
8.595	S 12687987 -0.44 0.26 0.00 0.00 HOLD
8.611	>>> V 0.00 0.00
8.613	S 12688007 -0.44 0.26 0.00 0.00 HOLD
8.633	>>> V 0.00 0.00
8.634	S 12688027 -0.53 0.35 0.00 0.00 HOLD
8.652	>>> V 0.00 0.00
8.653	S 12688047 -0.44 0.35 0.00 0.00 HOLD
8.673	>>> V 0.00 0.00
8.674	S 12688067 -0.44 0.26 0.00 0.00 HOLD
8.693	>>> V 0.00 0.00
8.693	S 12688087 -0.44 0.26 0.00 0.00 HOLD
8.712	>>> V 0.00 0.00
8.713	S 12688107 -0.44 0.26 0.00 0.00 HOLD
8.732	>>> V 0.00 0.00
8.732	S 12688127 -0.44 0.26 0.00 0.00 HOLD
8.752	>>> V 0.00 0.00
8.752	S 12688147 -0.44 0.26 0.00 0.00 HOLD
8.772	>>> V 0.00 0.00
8.773	S 12688167 -0.44 0.26 0.00 0.00 HOLD
8.791	>>> V 0.00 0.00
8.792	S 12688187 -0.44 0.35 0.00 0.00 HOLD
8.813	>>> V 0.00 0.00
8.814	S 12688207 -0.44 0.35 0.00 0.00 HOLD
8.831	>>> V 0.00 0.00
8.832	S 12688227 -0.44 0.26 0.00 0.00 HOLD
8.852	>>> V 0.00 0.00
8.853	S 12688247 -0.44 0.26 0.00 0.00 HOLD
8.872	>>> V 0.00 0.00
8.872	S 12688267 -0.44 0.26 0.00 0.00 HOLD
8.892	>>> V 0.00 0.00
8.893	S 12688287 -0.44 0.26 0.00 0.00 HOLD
8.912	>>> V 0.00 0.00
8.913	S 12688307 -0.53 0.26 0.00 0.00 HOLD
8.932	>>> V 0.00 0.00
8.933	S 12688327 -0.44 0.26 0.00 0.00 HOLD
8.953	>>> V 0.00 0.00
8.954	S 12688347 -0.44 0.26 0.00 0.00 HOLD
8.971	>>> V 0.00 0.00
8.972	S 12688367 -0.44 0.26 0.00 0.00 HOLD
8.992	>>> V 0.00 0.00
8.992	S 12688387 -0.44 0.26 0.00 0.00 HOLD
9.011	>>> V 0.00 0.00
9.012	S 12688407 -0.44 0.26 0.00 0.00 HOLD
9.031	>>> V 0.00 0.00
9.032	S 12688427 -0.44 0.26 0.00 0.00 HOLD
9.051	>>> V 0.00 0.00
9.053	S 12688447 -0.44 0.26 0.00 0.00 HOLD
9.072	>>> V 0.00 0.00
9.072	S 12688467 -0.44 0.35 0.00 0.00 HOLD
9.093	>>> V 0.00 0.00
9.096	S 12688487 -0.44 0.35 0.00 0.00 HOLD
9.111	>>> V 0.00 0.00
9.112	S 12688507 -0.53 0.26 0.00 0.00 HOLD
9.132	>>> V 0.00 0.00
9.133	S 12688527 -0.53 0.26 0.00 0.00 HOLD
9.151	>>> V 0.00 0.00
9.152	S 12688547 -0.44 0.26 0.00 0.00 HOLD
9.172	>>> V 0.00 0.00
9.172	S 12688567 -0.44 0.26 0.00 0.00 HOLD
9.191	>>> V 0.00 0.00
9.192	S 12688587 -0.44 0.26 0.00 0.00 HOLD
9.213	>>> V 0.00 0.00
9.213	S 12688607 -0.44 0.26 0.00 0.00 HOLD
9.232	>>> V 0.00 0.00
9.232	S 12688627 -0.44 0.35 0.00 0.00 HOLD
9.253	>>> V 0.00 0.00
9.254	S 12688647 -0.44 0.26 0.00 0.00 HOLD
9.272	>>> V 0.00 0.00
9.272	S 12688667 -0.44 0.26 0.00 0.00 HOLD
9.293	>>> V 0.00 0.00
9.295	S 12688687 -0.44 0.35 0.00 0.00 HOLD
9.312	>>> V 0.00 0.00
9.313	S 12688707 -0.44 0.35 0.00 0.00 HOLD
9.333	>>> V 0.00 0.00
9.335	S 12688727 -0.44 0.26 0.00 0.00 HOLD
9.352	>>> V 0.00 0.00
9.353	S 12688747 -0.44 0.26 0.00 0.00 HOLD
9.372	>>> V 0.00 0.00
9.372	S 12688767 -0.44 0.26 0.00 0.00 HOLD
9.391	>>> V 0.00 0.00
9.393	S 12688787 -0.44 0.26 0.00 0.00 HOLD
9.411	>>> V 0.00 0.00
9.412	S 12688807 -0.44 0.35 0.00 0.00 HOLD
9.432	>>> V 0.00 0.00
9.433	S 12688827 -0.44 0.26 0.00 0.00 HOLD
9.451	>>> V 0.00 0.00
9.452	S 12688847 -0.44 0.26 0.00 0.00 HOLD
9.472	>>> V 0.00 0.00
9.472	S 12688867 -0.44 0.26 0.00 0.00 HOLD
9.491	>>> V 0.00 0.00
9.491	S 12688887 -0.44 0.26 0.00 0.00 HOLD
9.512	>>> V 0.00 0.00
9.512	S 12688907 -0.44 0.26 0.00 0.00 HOLD
9.531	>>> V 0.00 0.00
9.532	S 12688927 -0.44 0.26 0.00 0.00 HOLD
9.552	>>> V 0.00 0.00
9.553	S 12688947 -0.44 0.26 0.00 0.00 HOLD
9.571	>>> V 0.00 0.00
9.572	S 12688967 -0.44 0.35 0.00 0.00 HOLD
9.593	>>> V 0.00 0.00
9.594	S 12688987 -0.44 0.26 0.00 0.00 HOLD
9.611	>>> V 0.00 0.00
9.612	S 12689007 -0.44 0.26 0.00 0.00 HOLD
9.633	>>> V 0.00 0.00
9.633	S 12689027 -0.44 0.35 0.00 0.00 HOLD
9.653	>>> V 0.00 0.00
9.654	S 12689047 -0.44 0.26 0.00 0.00 HOLD
9.675	>>> V 0.00 0.00
9.676	S 12689067 -0.44 0.35 0.00 0.00 HOLD
9.691	>>> V 0.00 0.00
9.693	S 12689087 -0.44 0.26 0.00 0.00 HOLD
9.715	>>> V 0.00 0.00
9.715	S 12689107 -0.44 0.26 0.00 0.00 HOLD
9.733	>>> V 0.00 0.00
9.733	S 12689127 -0.44 0.26 0.00 0.00 HOLD
9.752	>>> V 0.00 0.00
9.753	S 12689147 -0.44 0.26 0.00 0.00 HOLD
9.772	>>> V 0.00 0.00
9.772	S 12689167 -0.44 0.26 0.00 0.00 HOLD
9.792	>>> V 0.00 0.00
9.793	S 12689187 -0.44 0.26 0.00 0.00 HOLD
9.812	>>> V 0.00 0.00
9.813	S 12689207 -0.44 0.26 0.00 0.00 HOLD
9.832	>>> V 0.00 0.00
9.832	S 12689227 -0.44 0.26 0.00 0.00 HOLD
9.853	>>> V 0.00 0.00
9.853	S 12689247 -0.44 0.26 0.00 0.00 HOLD
9.872	>>> V 0.00 0.00
9.872	S 12689267 -0.44 0.26 0.00 0.00 HOLD
9.892	>>> V 0.00 0.00
9.892	S 12689287 -0.44 0.26 0.00 0.00 HOLD
9.912	>>> V 0.00 0.00
9.912	S 12689307 -0.53 0.35 0.00 0.00 HOLD
9.932	>>> V 0.00 0.00
9.932	S 12689327 -0.44 0.26 0.00 0.00 HOLD
9.951	>>> V 0.00 0.00
9.953	S 12689347 -0.53 0.26 0.00 0.00 HOLD
9.971	>>> V 0.00 0.00
9.973	S 12689367 -0.44 0.26 0.00 0.00 HOLD
9.991	>>> V 0.00 0.00
9.991	S 12689387 -0.44 0.35 0.00 0.00 HOLD
10.012	>>> V 0.00 0.00
10.012	S 12689407 -0.44 0.26 0.00 0.00 HOLD
10.031	>>> V 0.00 0.00
10.031	S 12689427 -0.44 0.26 0.00 0.00 HOLD
10.052	>>> V 0.00 0.00
10.053	S 12689447 -0.44 0.26 0.00 0.00 HOLD
10.072	>>> V 0.00 0.00
10.072	S 12689467 -0.44 0.26 0.00 0.00 HOLD
10.093	>>> V 0.00 0.00
10.094	S 12689487 -0.53 0.26 0.00 0.00 HOLD
10.112	>>> V 0.00 0.00
10.113	S 12689507 -0.44 0.26 0.00 0.00 HOLD
10.131	>>> V 0.00 0.00
10.132	S 12689527 -0.44 0.26 0.00 0.00 HOLD
10.153	>>> V 0.00 0.00
10.153	S 12689547 -0.44 0.26 0.00 0.00 HOLD
10.172	>>> V 0.00 0.00
10.172	S 12689567 -0.44 0.26 0.00 0.00 HOLD
10.194	>>> V 0.00 0.00
10.195	S 12689587 -0.44 0.26 0.00 0.00 HOLD
10.211	>>> V 0.00 0.00
10.212	S 12689607 -0.44 0.26 0.00 0.00 HOLD
10.234	>>> V 0.00 0.00
10.234	S 12689627 -0.44 0.26 0.00 0.00 HOLD
10.251	>>> V 0.00 0.00
10.252	S 12689647 -0.53 0.26 0.00 0.00 HOLD
10.274	>>> V 0.00 0.00
10.275	S 12689667 -0.44 0.26 0.00 0.00 HOLD
10.292	>>> V 0.00 0.00
10.293	S 12689687 -0.44 0.26 0.00 0.00 HOLD
10.312	>>> V 0.00 0.00
10.312	S 12689707 -0.44 0.26 0.00 0.00 HOLD
10.339	>>> V 0.00 0.00
10.342	S 12689727 -0.44 0.35 0.00 0.00 HOLD
10.351	>>> V 0.00 0.00
10.354	S 12689747 -0.44 0.26 0.00 0.00 HOLD
10.373	>>> V 0.00 0.00
10.375	S 12689767 -0.44 0.26 0.00 0.00 HOLD
10.392	>>> V 0.00 0.00
10.392	S 12689787 -0.53 0.26 0.00 0.00 HOLD
10.412	>>> V 0.00 0.00
10.412	S 12689807 -0.44 0.26 0.00 0.00 HOLD
10.432	>>> V 0.00 0.00
10.432	S 12689827 -0.44 0.26 0.00 0.00 HOLD
10.452	>>> V 0.00 0.00
10.452	S 12689847 -0.44 0.26 0.00 0.00 HOLD
10.475	>>> V 0.00 0.00
10.475	S 12689867 -0.44 0.26 0.00 0.00 HOLD
10.492	>>> V 0.00 0.00
10.492	S 12689887 -0.44 0.26 0.00 0.00 HOLD
10.513	>>> V 0.00 0.00
10.513	S 12689907 -0.44 0.35 0.00 0.00 HOLD
10.532	>>> V 0.00 0.00
10.533	S 12689927 -0.44 0.26 0.00 0.00 HOLD
10.552	>>> V 0.00 0.00
10.552	S 12689948 -0.44 0.26 0.00 0.00 HOLD
10.572	>>> V 0.00 0.00
10.573	S 12689968 -0.44 0.26 0.00 0.00 HOLD
10.592	>>> V 0.00 0.00
10.594	S 12689988 -0.44 0.26 0.00 0.00 HOLD
10.613	>>> V 0.00 0.00
10.614	S 12690008 -0.44 0.26 0.00 0.00 HOLD
10.632	>>> V 0.00 0.00
10.633	S 12690028 -0.44 0.26 0.00 0.00 HOLD
10.652	>>> V 0.00 0.00
10.653	S 12690048 -0.44 0.26 0.00 0.00 HOLD
10.676	>>> V 0.00 0.00
10.679	S 12690067 -0.44 0.26 0.00 0.00 HOLD
10.692	>>> V 0.00 0.00
10.693	S 12690088 -0.44 0.26 0.00 0.00 HOLD
10.714	>>> V 0.00 0.00
10.715	S 12690108 -0.44 0.26 0.00 0.00 HOLD
10.731	>>> V 0.00 0.00
10.732	S 12690128 -0.44 0.26 0.00 0.00 HOLD
10.753	>>> V 0.00 0.00
10.753	S 12690148 -0.44 0.26 0.00 0.00 HOLD
10.772	>>> V 0.00 0.00
10.772	S 12690168 -0.44 0.35 0.00 0.00 HOLD
10.792	>>> V 0.00 0.00
10.793	S 12690188 -0.44 0.26 0.00 0.00 HOLD
10.815	>>> V 0.00 0.00
10.816	S 12690208 -0.44 0.26 0.00 0.00 HOLD
10.832	>>> V 0.00 0.00
10.833	S 12690228 -0.44 0.26 0.00 0.00 HOLD
10.854	>>> V 0.00 0.00
10.855	S 12690248 -0.44 0.26 0.00 0.00 HOLD
10.872	>>> V 0.00 0.00
10.873	S 12690268 -0.44 0.26 0.00 0.00 HOLD
10.893	>>> V 0.00 0.00
10.893	S 12690288 -0.53 0.26 0.00 0.00 HOLD
10.914	>>> V 0.00 0.00
10.917	S 12690308 -0.44 0.26 0.00 0.00 HOLD
10.931	>>> V 0.00 0.00
10.932	S 12690328 -0.44 0.26 0.00 0.00 HOLD
10.952	>>> V 0.00 0.00
10.952	S 12690348 -0.44 0.26 0.00 0.00 HOLD
10.972	>>> V 0.00 0.00
10.972	S 12690368 -0.53 0.26 0.00 0.00 HOLD
10.993	>>> V 0.00 0.00
10.996	S 12690388 -0.53 0.26 0.00 0.00 HOLD
11.012	>>> V 0.00 0.00
11.013	S 12690408 -0.44 0.26 0.00 0.00 HOLD
11.032	>>> V 0.00 0.00
11.032	S 12690428 -0.44 0.26 0.00 0.00 HOLD
11.051	>>> V 0.00 0.00
11.054	S 12690448 -0.44 0.26 0.00 0.00 HOLD
11.072	>>> V 0.00 0.00
11.073	S 12690468 -0.44 0.26 0.00 0.00 HOLD
11.091	>>> V 0.00 0.00
11.092	S 12690488 -0.44 0.26 0.00 0.00 HOLD
11.114	>>> V 0.00 0.00
11.114	S 12690508 -0.44 0.26 0.00 0.00 HOLD
11.131	>>> V 0.00 0.00
11.132	S 12690528 -0.53 0.26 0.00 0.00 HOLD
11.151	>>> V 0.00 0.00
11.152	S 12690548 -0.44 0.26 0.00 0.00 HOLD
11.173	>>> V 0.00 0.00
11.176	S 12690568 -0.53 0.26 0.00 0.00 HOLD
11.192	>>> V 0.00 0.00
11.192	S 12690588 -0.44 0.26 0.00 0.00 HOLD
11.213	>>> V 0.00 0.00
11.213	S 12690608 -0.44 0.26 0.00 0.00 HOLD
11.232	>>> V 0.00 0.00
11.235	S 12690628 -0.44 0.26 0.00 0.00 HOLD
11.252	>>> V 0.00 0.00
11.252	S 12690648 -0.53 0.26 0.00 0.00 HOLD
11.273	>>> V 0.00 0.00
11.274	S 12690668 -0.44 0.26 0.00 0.00 HOLD
11.291	>>> V 0.00 0.00
11.292	S 12690688 -0.44 0.26 0.00 0.00 HOLD
11.313	>>> V 0.00 0.00
11.314	S 12690708 -0.44 0.35 0.00 0.00 HOLD
11.331	>>> V 0.00 0.00
11.333	S 12690728 -0.44 0.26 0.00 0.00 HOLD
11.353	>>> V 0.00 0.00
11.356	S 12690748 -0.44 0.26 0.00 0.00 HOLD
11.372	>>> V 0.00 0.00
11.373	S 12690768 -0.44 0.26 0.00 0.00 HOLD
11.392	>>> V 0.00 0.00
11.392	S 12690788 -0.44 0.26 0.00 0.00 HOLD
11.412	>>> V 0.00 0.00
11.413	S 12690808 -0.44 0.26 0.00 0.00 HOLD
11.433	>>> V 0.00 0.00
11.434	S 12690828 -0.44 0.26 0.00 0.00 HOLD
11.451	>>> V 0.00 0.00
11.452	S 12690848 -0.44 0.35 0.00 0.00 HOLD
11.474	>>> V 0.00 0.00
11.477	S 12690868 -0.53 0.26 0.00 0.00 HOLD
11.492	>>> V 0.00 0.00
11.492	S 12690888 -0.44 0.35 0.00 0.00 HOLD
11.513	>>> V 0.00 0.00
11.514	S 12690908 -0.44 0.26 0.00 0.00 HOLD
11.532	>>> V 0.00 0.00
11.535	S 12690928 -0.44 0.26 0.00 0.00 HOLD
11.552	>>> V 0.00 0.00
11.553	S 12690948 -0.44 0.26 0.00 0.00 HOLD
11.571	>>> V 0.00 0.00
11.573	S 12690968 -0.44 0.26 0.00 0.00 HOLD
11.592	>>> V 0.00 0.00
11.592	S 12690988 -0.44 0.35 0.00 0.00 HOLD
11.612	>>> V 0.00 0.00
11.612	S 12691008 -0.44 0.26 0.00 0.00 HOLD
11.632	>>> V 0.00 0.00
11.632	S 12691028 -0.44 0.26 0.00 0.00 HOLD
11.651	>>> V 0.00 0.00
11.653	S 12691048 -0.44 0.26 0.00 0.00 HOLD
11.671	>>> V 0.00 0.00
11.674	S 12691068 -0.44 0.26 0.00 0.00 HOLD
11.693	>>> V 0.00 0.00
11.694	S 12691088 -0.53 0.35 0.00 0.00 HOLD
11.712	>>> V 0.00 0.00
11.713	S 12691108 -0.53 0.26 0.00 0.00 HOLD
11.733	>>> V 0.00 0.00
11.734	S 12691128 -0.44 0.26 0.00 0.00 HOLD
11.751	>>> V 0.00 0.00
11.752	S 12691148 -0.44 0.26 0.00 0.00 HOLD
11.773	>>> V 0.00 0.00
11.774	S 12691168 -0.44 0.26 0.00 0.00 HOLD
11.791	>>> V 0.00 0.00
11.792	S 12691188 -0.44 0.26 0.00 0.00 HOLD
11.812	>>> V 0.00 0.00
11.813	S 12691208 -0.53 0.26 0.00 0.00 HOLD
11.831	>>> V 0.00 0.00
11.832	S 12691228 -0.44 0.26 0.00 0.00 HOLD
11.851	>>> V 0.00 0.00
11.853	S 12691248 -0.44 0.26 0.00 0.00 HOLD
11.871	>>> V 0.00 0.00
11.872	S 12691268 -0.44 0.26 0.00 0.00 HOLD
11.894	>>> V 0.00 0.00
11.895	S 12691288 -0.44 0.35 0.00 0.00 HOLD
11.911	>>> V 0.00 0.00
11.912	S 12691308 -0.44 0.26 0.00 0.00 HOLD
11.933	>>> V 0.00 0.00
11.936	S 12691328 -0.44 0.26 0.00 0.00 HOLD
11.952	>>> V 0.00 0.00
11.952	S 12691348 -0.44 0.26 0.00 0.00 HOLD
11.978	>>> V 0.00 0.00
11.978	S 12691368 -0.44 0.35 0.00 0.00 HOLD
11.991	>>> V 0.00 0.00
11.992	S 12691388 -0.44 0.26 0.00 0.00 HOLD
12.015	>>> V 0.00 0.00
12.016	S 12691408 -0.44 0.26 0.00 0.00 HOLD
12.032	>>> V 0.00 0.00
12.033	S 12691428 -0.44 0.26 0.00 0.00 HOLD
12.053	>>> V 0.00 0.00
12.053	S 12691448 -0.44 0.26 0.00 0.00 HOLD
12.072	>>> V 0.00 0.00
12.073	S 12691468 -0.44 0.26 0.00 0.00 HOLD
12.091	>>> V 0.00 0.00
12.092	S 12691488 -0.44 0.26 0.00 0.00 HOLD
12.111	>>> V 0.00 0.00
12.113	S 12691508 -0.44 0.26 0.00 0.00 HOLD
12.132	>>> V 0.00 0.00
12.133	S 12691528 -0.44 0.26 0.00 0.00 HOLD
12.152	>>> V 0.00 0.00
12.154	S 12691548 -0.44 0.26 0.00 0.00 HOLD
12.173	>>> V 0.00 0.00
12.175	S 12691568 -0.44 0.26 0.00 0.00 HOLD
12.191	>>> V 0.00 0.00
12.192	S 12691588 -0.44 0.26 0.00 0.00 HOLD
12.213	>>> V 0.00 0.00
12.214	S 12691608 -0.44 0.26 0.00 0.00 HOLD
12.232	>>> V 0.00 0.00
12.233	S 12691628 -0.44 0.35 0.00 0.00 HOLD
12.254	>>> V 0.00 0.00
12.254	S 12691648 -0.44 0.26 0.00 0.00 HOLD
12.272	>>> V 0.00 0.00
12.273	S 12691668 -0.44 0.26 0.00 0.00 HOLD
12.291	>>> V 0.00 0.00
12.293	S 12691688 -0.44 0.26 0.00 0.00 HOLD
12.312	>>> V 0.00 0.00
12.312	S 12691708 -0.53 0.26 0.00 0.00 HOLD
12.332	>>> V 0.00 0.00
12.332	S 12691728 -0.44 0.26 0.00 0.00 HOLD
12.352	>>> V 0.00 0.00
12.353	S 12691748 -0.44 0.26 0.00 0.00 HOLD
12.371	>>> V 0.00 0.00
12.372	S 12691768 -0.44 0.26 0.00 0.00 HOLD
12.394	>>> V 0.00 0.00
12.395	S 12691788 -0.44 0.26 0.00 0.00 HOLD
12.411	>>> V 0.00 0.00
12.412	S 12691808 -0.44 0.26 0.00 0.00 HOLD
12.433	>>> V 0.00 0.00
12.434	S 12691828 -0.44 0.26 0.00 0.00 HOLD
12.451	>>> V 0.00 0.00
12.452	S 12691848 -0.44 0.26 0.00 0.00 HOLD
12.472	>>> V 0.00 0.00
12.473	S 12691868 -0.44 0.26 0.00 0.00 HOLD
12.491	>>> V 0.00 0.00
12.492	S 12691888 -0.44 0.26 0.00 0.00 HOLD
12.513	>>> V 0.00 0.00
12.514	S 12691908 -0.44 0.26 0.00 0.00 HOLD
12.532	>>> V 0.00 0.00
12.532	S 12691928 -0.44 0.26 0.00 0.00 HOLD
12.553	>>> V 0.00 0.00
12.555	S 12691948 -0.44 0.35 0.00 0.00 HOLD
12.572	>>> V 0.00 0.00
12.573	S 12691968 -0.44 0.26 0.00 0.00 HOLD
12.591	>>> V 0.00 0.00
12.594	S 12691988 -0.44 0.26 0.00 0.00 HOLD
12.612	>>> V 0.00 0.00
12.612	S 12692008 -0.44 0.26 0.00 0.00 HOLD
12.632	>>> V 0.00 0.00
12.632	S 12692028 -0.44 0.35 0.00 0.00 HOLD
12.651	>>> V 0.00 0.00
12.652	S 12692048 -0.44 0.26 0.00 0.00 HOLD
12.672	>>> V 0.00 0.00
12.672	S 12692068 -0.44 0.35 0.00 0.00 HOLD
12.693	>>> V 0.00 0.00
12.693	S 12692088 -0.44 0.26 0.00 0.00 HOLD
12.711	>>> V 0.00 0.00
12.712	S 12692108 -0.44 0.26 0.00 0.00 HOLD
12.733	>>> V 0.00 0.00
12.733	S 12692128 -0.44 0.26 0.00 0.00 HOLD
12.751	>>> V 0.00 0.00
12.752	S 12692148 -0.53 0.26 0.00 0.00 HOLD
12.773	>>> V 0.00 0.00
12.773	S 12692168 -0.44 0.35 0.00 0.00 HOLD
12.791	>>> V 0.00 0.00
12.792	S 12692188 -0.44 0.26 0.00 0.00 HOLD
12.813	>>> V 0.00 0.00
12.814	S 12692208 -0.44 0.26 0.00 0.00 HOLD
12.831	>>> V 0.00 0.00
12.832	S 12692228 -0.44 0.26 0.00 0.00 HOLD
12.852	>>> V 0.00 0.00
12.852	S 12692248 -0.44 0.26 0.00 0.00 HOLD
12.871	>>> V 0.00 0.00
12.872	S 12692268 -0.44 0.26 0.00 0.00 HOLD
12.892	>>> V 0.00 0.00
12.893	S 12692288 -0.44 0.26 0.00 0.00 HOLD
12.911	>>> V 0.00 0.00
12.912	S 12692308 -0.44 0.26 0.00 0.00 HOLD
12.933	>>> V 0.00 0.00
12.933	S 12692328 -0.53 0.26 0.00 0.00 HOLD
12.951	>>> V 0.00 0.00
12.952	S 12692348 -0.44 0.26 0.00 0.00 HOLD
12.973	>>> V 0.00 0.00
12.973	S 12692368 -0.44 0.26 0.00 0.00 HOLD
12.992	>>> V 0.00 0.00
12.992	S 12692388 -0.44 0.26 0.00 0.00 HOLD
13.012	>>> V 0.00 0.00
13.013	S 12692408 -0.44 0.26 0.00 0.00 HOLD
13.031	>>> V 0.00 0.00
13.033	S 12692428 -0.44 0.26 0.00 0.00 HOLD
13.053	>>> V 0.00 0.00
13.053	S 12692448 -0.44 0.26 0.00 0.00 HOLD
13.072	>>> V 0.00 0.00
13.073	S 12692468 -0.53 0.26 0.00 0.00 HOLD
13.092	>>> V 0.00 0.00
13.093	S 12692488 -0.44 0.26 0.00 0.00 HOLD
13.112	>>> V 0.00 0.00
13.112	S 12692508 -0.44 0.35 0.00 0.00 HOLD
13.131	>>> V 0.00 0.00
13.132	S 12692528 -0.44 0.26 0.00 0.00 HOLD
13.151	>>> V 0.00 0.00
13.152	S 12692548 -0.53 0.35 0.00 0.00 HOLD
13.172	>>> V 0.00 0.00
13.175	S 12692568 -0.53 0.35 0.00 0.00 HOLD
13.192	>>> V 0.00 0.00
13.193	S 12692588 -0.44 0.26 0.00 0.00 HOLD
13.213	>>> V 0.00 0.00
13.214	S 12692608 -0.44 0.26 0.00 0.00 HOLD
13.232	>>> V 0.00 0.00
13.233	S 12692628 -0.44 0.26 0.00 0.00 HOLD
13.255	>>> V 0.00 0.00
13.255	S 12692648 -0.44 0.26 0.00 0.00 HOLD
13.273	>>> V 0.00 0.00
13.273	S 12692668 -0.53 0.26 0.00 0.00 HOLD
13.292	>>> V 0.00 0.00
13.292	S 12692688 -0.44 0.26 0.00 0.00 HOLD
13.311	>>> V 0.00 0.00
13.312	S 12692708 -0.53 0.26 0.00 0.00 HOLD
13.331	>>> V 0.00 0.00
13.332	S 12692728 -0.44 0.26 0.00 0.00 HOLD
13.351	>>> V 0.00 0.00
13.352	S 12692748 -0.44 0.26 0.00 0.00 HOLD
13.371	>>> V 0.00 0.00
13.372	S 12692768 -0.44 0.26 0.00 0.00 HOLD
13.392	>>> V 0.00 0.00
13.392	S 12692788 -0.44 0.26 0.00 0.00 HOLD
13.411	>>> V 0.00 0.00
13.412	S 12692808 -0.53 0.26 0.00 0.00 HOLD
13.433	>>> V 0.00 0.00
13.434	S 12692828 -0.53 0.26 0.00 0.00 HOLD
13.451	>>> V 0.00 0.00
13.452	S 12692848 -0.44 0.26 0.00 0.00 HOLD
13.473	>>> V 0.00 0.00
13.474	S 12692868 -0.44 0.26 0.00 0.00 HOLD
13.491	>>> V 0.00 0.00
13.493	S 12692888 -0.44 0.26 0.00 0.00 HOLD
13.513	>>> V 0.00 0.00
13.517	S 12692908 -0.44 0.26 0.00 0.00 HOLD
13.531	>>> V 0.00 0.00
13.533	S 12692928 -0.44 0.26 0.00 0.00 HOLD
13.553	>>> V 0.00 0.00
13.553	S 12692948 -0.44 0.26 0.00 0.00 HOLD
13.572	>>> V 0.00 0.00
13.572	S 12692968 -0.44 0.26 0.00 0.00 HOLD
13.592	>>> V 0.00 0.00
13.593	S 12692988 -0.44 0.26 0.00 0.00 HOLD
13.613	>>> V 0.00 0.00
13.614	S 12693008 -0.44 0.26 0.00 0.00 HOLD
13.631	>>> V 0.00 0.00
13.632	S 12693028 -0.44 0.26 0.00 0.00 HOLD
13.653	>>> V 0.00 0.00
13.654	S 12693048 -0.44 0.26 0.00 0.00 HOLD
13.672	>>> V 0.00 0.00
13.672	S 12693068 -0.44 0.26 0.00 0.00 HOLD
13.693	>>> V 0.00 0.00
13.696	S 12693088 -0.44 0.26 0.00 0.00 HOLD
13.713	>>> V 0.00 0.00
13.714	S 12693108 -0.44 0.26 0.00 0.00 HOLD
13.732	>>> V 0.00 0.00
13.734	S 12693128 -0.44 0.26 0.00 0.00 HOLD
13.752	>>> V 0.00 0.00
13.753	S 12693148 -0.44 0.26 0.00 0.00 HOLD
13.772	>>> V 0.00 0.00
13.772	S 12693168 -0.44 0.26 0.00 0.00 HOLD
13.792	>>> V 0.00 0.00
13.793	S 12693188 -0.44 0.26 0.00 0.00 HOLD
13.811	>>> V 0.00 0.00
13.812	S 12693208 -0.44 0.26 0.00 0.00 HOLD
13.833	>>> V 0.00 0.00
13.834	S 12693228 -0.53 0.26 0.00 0.00 HOLD
13.852	>>> V 0.00 0.00
13.852	S 12693248 -0.44 0.26 0.00 0.00 HOLD
13.873	>>> V 0.00 0.00
13.873	S 12693268 -0.44 0.26 0.00 0.00 HOLD
13.891	>>> V 0.00 0.00
13.892	S 12693288 -0.44 0.26 0.00 0.00 HOLD
13.913	>>> V 0.00 0.00
13.914	S 12693308 -0.53 0.26 0.00 0.00 HOLD
13.931	>>> V 0.00 0.00
13.932	S 12693328 -0.44 0.26 0.00 0.00 HOLD
13.953	>>> V 0.00 0.00
13.954	S 12693348 -0.53 0.26 0.00 0.00 HOLD
13.972	>>> V 0.00 0.00
13.973	S 12693368 -0.44 0.26 0.00 0.00 HOLD
13.992	>>> V 0.00 0.00
13.993	S 12693388 -0.44 0.26 0.00 0.00 HOLD
14.012	>>> V 0.00 0.00
14.013	S 12693408 -0.44 0.26 0.00 0.00 HOLD
14.032	>>> V 0.00 0.00
14.032	S 12693428 -0.44 0.26 0.00 0.00 HOLD
14.052	>>> V 0.00 0.00
14.055	S 12693448 -0.44 0.26 0.00 0.00 HOLD
14.072	>>> V 0.00 0.00
14.072	S 12693468 -0.53 0.26 0.00 0.00 HOLD
14.093	>>> V 0.00 0.00
14.096	S 12693488 -0.44 0.26 0.00 0.00 HOLD
14.112	>>> V 0.00 0.00
14.112	S 12693508 -0.44 0.26 0.00 0.00 HOLD
14.133	>>> V 0.00 0.00
14.134	S 12693528 -0.44 0.26 0.00 0.00 HOLD
14.152	>>> V 0.00 0.00
14.153	S 12693548 -0.44 0.26 0.00 0.00 HOLD
14.172	>>> V 0.00 0.00
14.173	S 12693568 -0.44 0.26 0.00 0.00 HOLD
14.193	>>> V 0.00 0.00
14.193	S 12693588 -0.44 0.35 0.00 0.00 HOLD
14.212	>>> V 0.00 0.00
14.212	S 12693608 -0.44 0.26 0.00 0.00 HOLD
14.233	>>> V 0.00 0.00
14.234	S 12693628 -0.44 0.26 0.00 0.00 HOLD
14.252	>>> V 0.00 0.00
14.252	S 12693648 -0.44 0.26 0.00 0.00 HOLD
14.273	>>> V 0.00 0.00
14.274	S 12693668 -0.44 0.26 0.00 0.00 HOLD
14.291	>>> V 0.00 0.00
14.293	S 12693688 -0.44 0.26 0.00 0.00 HOLD
14.311	>>> V 0.00 0.00
14.313	S 12693708 -0.44 0.26 0.00 0.00 HOLD
14.332	>>> V 0.00 0.00
14.334	S 12693728 -0.44 0.26 0.00 0.00 HOLD
14.352	>>> V 0.00 0.00
14.352	S 12693748 -0.44 0.26 0.00 0.00 HOLD
14.374	>>> V 0.00 0.00
14.375	S 12693768 -0.44 0.26 0.00 0.00 HOLD
14.392	>>> V 0.00 0.00
14.393	S 12693788 -0.44 0.26 0.00 0.00 HOLD
14.413	>>> V 0.00 0.00
14.413	S 12693808 -0.44 0.26 0.00 0.00 HOLD
14.432	>>> V 0.00 0.00
14.432	S 12693828 -0.44 0.26 0.00 0.00 HOLD
14.451	>>> V 0.00 0.00
14.452	S 12693848 -0.44 0.26 0.00 0.00 HOLD
14.472	>>> V 0.00 0.00
14.472	S 12693868 -0.44 0.26 0.00 0.00 HOLD
14.492	>>> V 0.00 0.00
14.493	S 12693888 -0.44 0.35 0.00 0.00 HOLD
14.514	>>> V 0.00 0.00
14.515	S 12693908 -0.44 0.26 0.00 0.00 HOLD
14.532	>>> V 0.00 0.00
14.532	S 12693928 -0.44 0.35 0.00 0.00 HOLD
14.551	>>> V 0.00 0.00
14.552	S 12693948 -0.44 0.26 0.00 0.00 HOLD
14.572	>>> V 0.00 0.00
14.573	S 12693968 -0.53 0.35 0.00 0.00 HOLD
14.592	>>> V 0.00 0.00
14.593	S 12693988 -0.44 0.26 0.00 0.00 HOLD
14.613	>>> V 0.00 0.00
14.613	S 12694008 -0.44 0.26 0.00 0.00 HOLD
14.635	>>> V 0.00 0.00
14.635	S 12694028 -0.44 0.26 0.00 0.00 HOLD
14.651	>>> V 0.00 0.00
14.652	S 12694048 -0.44 0.26 0.00 0.00 HOLD
14.672	>>> V 0.00 0.00
14.673	S 12694068 -0.44 0.26 0.00 0.00 HOLD
14.692	>>> V 0.00 0.00
14.693	S 12694088 -0.44 0.26 0.00 0.00 HOLD
14.714	>>> V 0.00 0.00
14.715	S 12694108 -0.44 0.26 0.00 0.00 HOLD
14.732	>>> V 0.00 0.00
14.732	S 12694128 -0.44 0.26 0.00 0.00 HOLD
14.752	>>> V 0.00 0.00
14.752	S 12694148 -0.44 0.26 0.00 0.00 HOLD
14.773	>>> V 0.00 0.00
14.774	S 12694168 -0.44 0.26 0.00 0.00 HOLD
14.792	>>> V 0.00 0.00
14.792	S 12694188 -0.44 0.26 0.00 0.00 HOLD
14.814	>>> V 0.00 0.00
14.815	S 12694208 -0.44 0.26 0.00 0.00 HOLD
14.831	>>> V 0.00 0.00
14.833	S 12694228 -0.44 0.26 0.00 0.00 HOLD
14.852	>>> V 0.00 0.00
14.852	S 12694248 -0.44 0.26 0.00 0.00 HOLD
14.871	>>> V 0.00 0.00
14.874	S 12694268 -0.44 0.35 0.00 0.00 HOLD
14.892	>>> V 0.00 0.00
14.892	S 12694288 -0.44 0.26 0.00 0.00 HOLD
14.913	>>> V 0.00 0.00
14.915	S 12694308 -0.44 0.26 0.00 0.00 HOLD
14.933	>>> V 0.00 0.00
14.934	S 12694328 -0.44 0.35 0.00 0.00 HOLD
14.953	>>> V 0.00 0.00
14.954	S 12694348 -0.44 0.35 0.00 0.00 HOLD
14.972	>>> V 0.00 0.00
14.972	S 12694368 -0.44 0.26 0.00 0.00 HOLD
14.992	>>> V 0.00 0.00
14.993	S 12694388 -0.44 0.26 0.00 0.00 HOLD
15.014	>>> V 0.00 0.00
15.014	S 12694408 -0.53 0.26 0.00 0.00 HOLD
15.032	>>> V 0.00 0.00
15.032	S 12694428 -0.53 0.26 0.00 0.00 HOLD
15.052	>>> V 0.00 0.00
15.053	S 12694448 -0.44 0.26 0.00 0.00 HOLD
15.071	>>> V 0.00 0.00
15.072	S 12694468 -0.53 0.26 0.00 0.00 HOLD
15.092	>>> V 0.00 0.00
15.092	S 12694488 -0.44 0.26 0.00 0.00 HOLD
15.113	>>> V 0.00 0.00
15.114	S 12694508 -0.44 0.26 0.00 0.00 HOLD
15.132	>>> V 0.00 0.00
15.132	S 12694528 -0.53 0.35 0.00 0.00 HOLD
15.153	>>> V 0.00 0.00
15.154	S 12694548 -0.53 0.26 0.00 0.00 HOLD
15.172	>>> V 0.00 0.00
15.173	S 12694568 -0.44 0.26 0.00 0.00 HOLD
15.192	>>> V 0.00 0.00
15.192	S 12694588 -0.44 0.26 0.00 0.00 HOLD
15.212	>>> V 0.00 0.00
15.213	S 12694608 -0.53 0.26 0.00 0.00 HOLD
15.231	>>> V 0.00 0.00
15.232	S 12694628 -0.44 0.26 0.00 0.00 HOLD
15.253	>>> V 0.00 0.00
15.253	S 12694648 -0.44 0.26 0.00 0.00 HOLD
15.271	>>> V 0.00 0.00
15.274	S 12694668 -0.44 0.26 0.00 0.00 HOLD
15.292	>>> V 0.00 0.00
15.292	S 12694688 -0.44 0.26 0.00 0.00 HOLD
15.314	>>> V 0.00 0.00
15.315	S 12694708 -0.44 0.35 0.00 0.00 HOLD
15.332	>>> V 0.00 0.00
15.333	S 12694728 -0.44 0.26 0.00 0.00 HOLD
15.351	>>> V 0.00 0.00
15.352	S 12694748 -0.44 0.26 0.00 0.00 HOLD
15.378	>>> V 0.00 0.00
15.379	S 12694768 -0.53 0.35 0.00 0.00 HOLD
15.391	>>> V 0.00 0.00
15.392	S 12694788 -0.44 0.26 0.00 0.00 HOLD
15.414	>>> V 0.00 0.00
15.415	S 12694808 -0.44 0.26 0.00 0.00 HOLD
15.432	>>> V 0.00 0.00
15.433	S 12694828 -0.44 0.26 0.00 0.00 HOLD
15.452	>>> V 0.00 0.00
15.452	S 12694848 -0.44 0.35 0.00 0.00 HOLD
15.483	>>> V 0.00 0.00
15.483	S 12694868 -0.44 0.26 0.00 0.00 HOLD
15.493	>>> V 0.00 0.00
15.493	S 12694888 -0.44 0.26 0.00 0.00 HOLD
15.513	>>> V 0.00 0.00
15.515	S 12694908 -0.44 0.26 0.00 0.00 HOLD
15.532	>>> V 0.00 0.00
15.532	S 12694928 -0.44 0.26 0.00 0.00 HOLD
15.552	>>> V 0.00 0.00
15.553	S 12694948 -0.44 0.26 0.00 0.00 HOLD
15.580	>>> V 0.00 0.00
15.581	S 12694968 -0.44 0.26 0.00 0.00 HOLD
15.592	>>> V 0.00 0.00
15.592	S 12694988 -0.44 0.26 0.00 0.00 HOLD
15.614	>>> V 0.00 0.00
15.615	S 12695008 -0.44 0.26 0.00 0.00 HOLD
15.631	>>> V 0.00 0.00
15.632	S 12695028 -0.44 0.35 0.00 0.00 HOLD
15.654	>>> V 0.00 0.00
15.655	S 12695048 -0.53 0.26 0.00 0.00 HOLD
15.672	>>> V 0.00 0.00
15.674	S 12695068 -0.44 0.26 0.00 0.00 HOLD
15.694	>>> V 0.00 0.00
15.695	S 12695088 -0.44 0.26 0.00 0.00 HOLD
15.711	>>> V 0.00 0.00
15.712	S 12695108 -0.44 0.26 0.00 0.00 HOLD
15.732	>>> V 0.00 0.00
15.734	S 12695128 -0.44 0.26 0.00 0.00 HOLD
15.752	>>> V 0.00 0.00
15.753	S 12695148 -0.44 0.35 0.00 0.00 HOLD
15.773	>>> V 0.00 0.00
15.774	S 12695168 -0.44 0.26 0.00 0.00 HOLD
15.792	>>> V 0.00 0.00
15.792	S 12695188 -0.44 0.26 0.00 0.00 HOLD
15.813	>>> V 0.00 0.00
15.814	S 12695208 -0.44 0.26 0.00 0.00 HOLD
15.832	>>> V 0.00 0.00
15.832	S 12695228 -0.44 0.26 0.00 0.00 HOLD
15.851	>>> V 0.00 0.00
15.852	S 12695248 -0.44 0.26 0.00 0.00 HOLD
15.873	>>> V 0.00 0.00
15.875	S 12695268 -0.44 0.26 0.00 0.00 HOLD
15.892	>>> V 0.00 0.00
15.893	S 12695288 -0.44 0.26 0.00 0.00 HOLD
15.914	>>> V 0.00 0.00
15.915	S 12695308 -0.44 0.35 0.00 0.00 HOLD
15.932	>>> V 0.00 0.00
15.933	S 12695328 -0.44 0.26 0.00 0.00 HOLD
15.955	>>> V 0.00 0.00
15.957	S 12695348 -0.44 0.26 0.00 0.00 HOLD
15.972	>>> V 0.00 0.00
15.973	S 12695368 -0.44 0.26 0.00 0.00 HOLD
15.994	>>> V 0.00 0.00
15.995	S 12695388 -0.53 0.26 0.00 0.00 HOLD
16.013	>>> V 0.00 0.00
16.013	S 12695408 -0.44 0.35 0.00 0.00 HOLD
16.034	>>> V 0.00 0.00
16.035	S 12695428 -0.44 0.26 0.00 0.00 HOLD
16.052	>>> V 0.00 0.00
16.053	S 12695448 -0.53 0.26 0.00 0.00 HOLD
16.073	>>> V 0.00 0.00
16.073	S 12695468 -0.44 0.35 0.00 0.00 HOLD
16.091	>>> V 0.00 0.00
16.091	S 12695488 -0.44 0.35 0.00 0.00 HOLD
16.114	>>> V 0.00 0.00
16.115	S 12695508 -0.44 0.26 0.00 0.00 HOLD
16.132	>>> V 0.00 0.00
16.132	S 12695528 -0.44 0.26 0.00 0.00 HOLD
16.152	>>> V 0.00 0.00
16.152	S 12695548 -0.44 0.26 0.00 0.00 HOLD
16.172	>>> V 0.00 0.00
16.172	S 12695568 -0.44 0.26 0.00 0.00 HOLD
16.192	>>> V 0.00 0.00
16.192	S 12695588 -0.53 0.26 0.00 0.00 HOLD
16.212	>>> V 0.00 0.00
16.213	S 12695608 -0.44 0.26 0.00 0.00 HOLD
16.232	>>> V 0.00 0.00
16.232	S 12695628 -0.44 0.26 0.00 0.00 HOLD
16.252	>>> V 0.00 0.00
16.252	S 12695648 -0.53 0.26 0.00 0.00 HOLD
16.271	>>> V 0.00 0.00
16.272	S 12695668 -0.44 0.26 0.00 0.00 HOLD
16.291	>>> V 0.00 0.00
16.292	S 12695688 -0.44 0.26 0.00 0.00 HOLD
16.311	>>> V 0.00 0.00
16.312	S 12695708 -0.44 0.26 0.00 0.00 HOLD
16.332	>>> V 0.00 0.00
16.333	S 12695728 -0.53 0.35 0.00 0.00 HOLD
16.351	>>> V 0.00 0.00
16.352	S 12695748 -0.53 0.26 0.00 0.00 HOLD
16.373	>>> V 0.00 0.00
16.374	S 12695768 -0.44 0.35 0.00 0.00 HOLD
16.391	>>> V 0.00 0.00
16.392	S 12695788 -0.44 0.26 0.00 0.00 HOLD
16.414	>>> V 0.00 0.00
16.417	S 12695808 -0.44 0.26 0.00 0.00 HOLD
16.431	>>> V 0.00 0.00
16.434	S 12695828 -0.44 0.26 0.00 0.00 HOLD
16.453	>>> V 0.00 0.00
16.453	S 12695848 -0.44 0.26 0.00 0.00 HOLD
16.472	>>> V 0.00 0.00
16.475	S 12695868 -0.44 0.35 0.00 0.00 HOLD
16.492	>>> V 0.00 0.00
16.492	S 12695888 -0.44 0.26 0.00 0.00 HOLD
16.512	>>> V 0.00 0.00
16.513	S 12695908 -0.44 0.26 0.00 0.00 HOLD
16.532	>>> V 0.00 0.00
16.532	S 12695928 -0.44 0.26 0.00 0.00 HOLD
16.551	>>> V 0.00 0.00
16.552	S 12695948 -0.44 0.26 0.00 0.00 HOLD
16.571	>>> V 0.00 0.00
16.572	S 12695968 -0.44 0.26 0.00 0.00 HOLD
16.592	>>> V 0.00 0.00
16.593	S 12695988 -0.44 0.26 0.00 0.00 HOLD
16.612	>>> V 0.00 0.00
16.615	S 12696008 -0.44 0.26 0.00 0.00 HOLD
16.632	>>> V 0.00 0.00
16.634	S 12696028 -0.44 0.26 0.00 0.00 HOLD
16.652	>>> V 0.00 0.00
16.652	S 12696048 -0.44 0.26 0.00 0.00 HOLD
16.672	>>> V 0.00 0.00
16.672	S 12696068 -0.44 0.26 0.00 0.00 HOLD
16.691	>>> V 0.00 0.00
16.692	S 12696088 -0.44 0.35 0.00 0.00 HOLD
16.713	>>> V 0.00 0.00
16.714	S 12696108 -0.44 0.26 0.00 0.00 HOLD
16.732	>>> V 0.00 0.00
16.732	S 12696128 -0.44 0.35 0.00 0.00 HOLD
16.753	>>> V 0.00 0.00
16.753	S 12696148 -0.44 0.26 0.00 0.00 HOLD
16.771	>>> V 0.00 0.00
16.772	S 12696168 -0.44 0.26 0.00 0.00 HOLD
16.792	>>> V 0.00 0.00
16.792	S 12696188 -0.44 0.26 0.00 0.00 HOLD
16.812	>>> V 0.00 0.00
16.812	S 12696208 -0.44 0.26 0.00 0.00 HOLD
16.833	>>> V 0.00 0.00
16.834	S 12696228 -0.44 0.26 0.00 0.00 HOLD
16.852	>>> V 0.00 0.00
16.852	S 12696248 -0.44 0.26 0.00 0.00 HOLD
16.872	>>> V 0.00 0.00
16.873	S 12696268 -0.44 0.26 0.00 0.00 HOLD
16.893	>>> V 0.00 0.00
16.893	S 12696288 -0.44 0.26 0.00 0.00 HOLD
16.911	>>> V 0.00 0.00
16.912	S 12696308 -0.44 0.26 0.00 0.00 HOLD
16.933	>>> V 0.00 0.00
16.935	S 12696328 -0.44 0.26 0.00 0.00 HOLD
16.952	>>> V 0.00 0.00
16.952	S 12696348 -0.44 0.26 0.00 0.00 HOLD
16.974	>>> V 0.00 0.00
16.975	S 12696368 -0.44 0.35 0.00 0.00 HOLD
16.991	>>> V 0.00 0.00
16.993	S 12696388 -0.44 0.26 0.00 0.00 HOLD
17.012	>>> V 0.00 0.00
17.014	S 12696408 -0.53 0.26 0.00 0.00 HOLD
17.032	>>> V 0.00 0.00
17.033	S 12696428 -0.44 0.26 0.00 0.00 HOLD
17.052	>>> V 0.00 0.00
17.053	S 12696448 -0.53 0.26 0.00 0.00 HOLD
17.072	>>> V 0.00 0.00
17.072	S 12696468 -0.44 0.35 0.00 0.00 HOLD
17.091	>>> V 0.00 0.00
17.092	S 12696488 -0.44 0.26 0.00 0.00 HOLD
17.113	>>> V 0.00 0.00
17.113	S 12696508 -0.44 0.26 0.00 0.00 HOLD
17.131	>>> V 0.00 0.00
17.132	S 12696528 -0.44 0.26 0.00 0.00 HOLD
17.151	>>> V 0.00 0.00
17.152	S 12696548 -0.44 0.26 0.00 0.00 HOLD
17.171	>>> V 0.00 0.00
17.172	S 12696568 -0.44 0.35 0.00 0.00 HOLD
17.191	>>> V 0.00 0.00
17.192	S 12696588 -0.44 0.26 0.00 0.00 HOLD
17.213	>>> V 0.00 0.00
17.213	S 12696608 -0.44 0.26 0.00 0.00 HOLD
17.232	>>> V 0.00 0.00
17.233	S 12696628 -0.44 0.26 0.00 0.00 HOLD
17.251	>>> V 0.00 0.00
17.252	S 12696648 -0.44 0.26 0.00 0.00 HOLD
17.279	>>> V 0.00 0.00
17.280	S 12696668 -0.44 0.26 0.00 0.00 HOLD
17.291	>>> V 0.00 0.00
17.293	S 12696688 -0.44 0.26 0.00 0.00 HOLD
17.314	>>> V 0.00 0.00
17.315	S 12696708 -0.44 0.26 0.00 0.00 HOLD
17.332	>>> V 0.00 0.00
17.332	S 12696728 -0.53 0.26 0.00 0.00 HOLD
17.351	>>> V 0.00 0.00
17.352	S 12696748 -0.44 0.26 0.00 0.00 HOLD
17.371	>>> V 0.00 0.00
17.372	S 12696768 -0.53 0.26 0.00 0.00 HOLD
17.392	>>> V 0.00 0.00
17.392	S 12696788 -0.44 0.26 0.00 0.00 HOLD
17.411	>>> V 0.00 0.00
17.412	S 12696808 -0.44 0.26 0.00 0.00 HOLD
17.432	>>> V 0.00 0.00
17.433	S 12696828 -0.44 0.26 0.00 0.00 HOLD
17.452	>>> V 0.00 0.00
17.452	S 12696848 -0.44 0.26 0.00 0.00 HOLD
17.473	>>> V 0.00 0.00
17.473	S 12696868 -0.44 0.26 0.00 0.00 HOLD
17.492	>>> V 0.00 0.00
17.493	S 12696888 -0.44 0.26 0.00 0.00 HOLD
17.512	>>> V 0.00 0.00
17.513	S 12696908 -0.44 0.26 0.00 0.00 HOLD
17.532	>>> V 0.00 0.00
17.532	S 12696928 -0.44 0.26 0.00 0.00 HOLD
17.553	>>> V 0.00 0.00
17.553	S 12696948 -0.44 0.26 0.00 0.00 HOLD
17.572	>>> V 0.00 0.00
17.572	S 12696968 -0.44 0.26 0.00 0.00 HOLD
17.593	>>> V 0.00 0.00
17.593	S 12696988 -0.53 0.26 0.00 0.00 HOLD
17.612	>>> V 0.00 0.00
17.613	S 12697008 -0.44 0.26 0.00 0.00 HOLD
17.632	>>> V 0.00 0.00
17.632	S 12697028 -0.44 0.26 0.00 0.00 HOLD
17.651	>>> V 0.00 0.00
17.652	S 12697048 -0.53 0.26 0.00 0.00 HOLD
17.672	>>> V 0.00 0.00
17.672	S 12697068 -0.44 0.26 0.00 0.00 HOLD
17.691	>>> V 0.00 0.00
17.692	S 12697088 -0.44 0.26 0.00 0.00 HOLD
17.712	>>> V 0.00 0.00
17.713	S 12697108 -0.44 0.26 0.00 0.00 HOLD
17.731	>>> V 0.00 0.00
17.732	S 12697128 -0.44 0.26 0.00 0.00 HOLD
17.753	>>> V 0.00 0.00
17.754	S 12697148 -0.44 0.26 0.00 0.00 HOLD
17.772	>>> V 0.00 0.00
17.774	S 12697168 -0.44 0.35 0.00 0.00 HOLD
17.792	>>> V 0.00 0.00
17.793	S 12697188 -0.44 0.26 0.00 0.00 HOLD
17.812	>>> V 0.00 0.00
17.818	S 12697208 -0.44 0.35 0.00 0.00 HOLD
17.831	>>> V 0.00 0.00
17.832	S 12697228 -0.44 0.26 0.00 0.00 HOLD
17.853	>>> V 0.00 0.00
17.854	S 12697248 -0.44 0.26 0.00 0.00 HOLD
17.872	>>> V 0.00 0.00
17.872	S 12697268 -0.44 0.26 0.00 0.00 HOLD
17.894	>>> V 0.00 0.00
17.895	S 12697288 -0.44 0.26 0.00 0.00 HOLD
17.912	>>> V 0.00 0.00
17.912	S 12697309 -0.44 0.35 0.00 0.00 HOLD
17.934	>>> V 0.00 0.00
17.935	S 12697329 -0.44 0.26 0.00 0.00 HOLD
17.952	>>> V 0.00 0.00
17.952	S 12697349 -0.44 0.26 0.00 0.00 HOLD
17.972	>>> V 0.00 0.00
17.974	S 12697369 -0.44 0.26 0.00 0.00 HOLD
17.992	>>> V 0.00 0.00
17.992	S 12697389 -0.44 0.26 0.00 0.00 HOLD
18.012	>>> V 0.00 0.00
18.013	S 12697409 -0.44 0.26 0.00 0.00 HOLD
18.031	>>> V 0.00 0.00
18.032	S 12697429 -0.44 0.26 0.00 0.00 HOLD
18.052	>>> V 0.00 0.00
18.052	S 12697449 -0.44 0.26 0.00 0.00 HOLD
18.071	>>> V 0.00 0.00
18.072	S 12697469 -0.44 0.35 0.00 0.00 HOLD
18.092	>>> V 0.00 0.00
18.092	S 12697489 -0.44 0.26 0.00 0.00 HOLD
18.111	>>> V 0.00 0.00
18.111	S 12697509 -0.44 0.26 0.00 0.00 HOLD
18.132	>>> V 0.00 0.00
18.133	S 12697529 -0.44 0.26 0.00 0.00 HOLD
18.151	>>> V 0.00 0.00
18.152	S 12697549 -0.44 0.26 0.00 0.00 HOLD
18.171	>>> V 0.00 0.00
18.172	S 12697569 -0.44 0.26 0.00 0.00 HOLD
18.191	>>> V 0.00 0.00
18.193	S 12697589 -0.44 0.26 0.00 0.00 HOLD
18.212	>>> V 0.00 0.00
18.212	S 12697609 -0.44 0.26 0.00 0.00 HOLD
18.233	>>> V 0.00 0.00
18.233	S 12697629 -0.44 0.26 0.00 0.00 HOLD
18.251	>>> V 0.00 0.00
18.252	S 12697649 -0.44 0.26 0.00 0.00 HOLD
18.271	>>> V 0.00 0.00
18.272	S 12697669 -0.44 0.35 0.00 0.00 HOLD
18.291	>>> V 0.00 0.00
18.292	S 12697689 -0.44 0.35 0.00 0.00 HOLD
18.314	>>> V 0.00 0.00
18.317	S 12697709 -0.53 0.26 0.00 0.00 HOLD
18.331	>>> V 0.00 0.00
18.332	S 12697729 -0.44 0.26 0.00 0.00 HOLD
18.352	>>> V 0.00 0.00
18.353	S 12697749 -0.44 0.26 0.00 0.00 HOLD
18.371	>>> V 0.00 0.00
18.372	S 12697769 -0.44 0.26 0.00 0.00 HOLD
18.392	>>> V 0.00 0.00
18.393	S 12697789 -0.44 0.35 0.00 0.00 HOLD
18.411	>>> V 0.00 0.00
18.412	S 12697809 -0.44 0.26 0.00 0.00 HOLD
18.432	>>> V 0.00 0.00
18.433	S 12697829 -0.44 0.26 0.00 0.00 HOLD
18.452	>>> V 0.00 0.00
18.453	S 12697849 -0.44 0.26 0.00 0.00 HOLD
18.473	>>> V 0.00 0.00
18.474	S 12697869 -0.44 0.26 0.00 0.00 HOLD
18.493	>>> V 0.00 0.00
18.493	S 12697889 -0.53 0.26 0.00 0.00 HOLD
18.516	>>> V 0.00 0.00
18.516	S 12697909 -0.44 0.26 0.00 0.00 HOLD
18.532	>>> V 0.00 0.00
18.532	S 12697929 -0.44 0.26 0.00 0.00 HOLD
18.554	>>> V 0.00 0.00
18.555	S 12697949 -0.44 0.26 0.00 0.00 HOLD
18.572	>>> V 0.00 0.00
18.573	S 12697969 -0.53 0.26 0.00 0.00 HOLD
18.593	>>> V 0.00 0.00
18.593	S 12697989 -0.53 0.26 0.00 0.00 HOLD
18.613	>>> V 0.00 0.00
18.614	S 12698009 -0.44 0.26 0.00 0.00 HOLD
18.633	>>> V 0.00 0.00
18.634	S 12698029 -0.44 0.26 0.00 0.00 HOLD
18.652	>>> V 0.00 0.00
18.653	S 12698049 -0.44 0.26 0.00 0.00 HOLD
18.675	>>> V 0.00 0.00
18.675	S 12698069 -0.44 0.26 0.00 0.00 HOLD
18.692	>>> V 0.00 0.00
18.693	S 12698089 -0.44 0.26 0.00 0.00 HOLD
18.714	>>> V 0.00 0.00
18.715	S 12698109 -0.44 0.26 0.00 0.00 HOLD
18.732	>>> V 0.00 0.00
18.732	S 12698129 -0.44 0.26 0.00 0.00 HOLD
18.754	>>> V 0.00 0.00
18.755	S 12698149 -0.44 0.26 0.00 0.00 HOLD
18.773	>>> V 0.00 0.00
18.773	S 12698169 -0.44 0.26 0.00 0.00 HOLD
18.791	>>> V 0.00 0.00
18.793	S 12698189 -0.44 0.26 0.00 0.00 HOLD
18.811	>>> V 0.00 0.00
18.814	S 12698209 -0.44 0.26 0.00 0.00 HOLD
18.832	>>> V 0.00 0.00
18.835	S 12698229 -0.44 0.26 0.00 0.00 HOLD
18.851	>>> V 0.00 0.00
18.852	S 12698249 -0.44 0.26 0.00 0.00 HOLD
18.873	>>> V 0.00 0.00
18.874	S 12698269 -0.44 0.35 0.00 0.00 HOLD
18.892	>>> V 0.00 0.00
18.892	S 12698289 -0.44 0.35 0.00 0.00 HOLD
18.914	>>> V 0.00 0.00
18.914	S 12698309 -0.44 0.26 0.00 0.00 HOLD
18.932	>>> V 0.00 0.00
18.932	S 12698329 -0.44 0.26 0.00 0.00 HOLD
18.954	>>> V 0.00 0.00
18.954	S 12698349 -0.44 0.26 0.00 0.00 HOLD
18.972	>>> V 0.00 0.00
18.973	S 12698369 -0.44 0.26 0.00 0.00 HOLD
18.991	>>> V 0.00 0.00
18.992	S 12698389 -0.44 0.26 0.00 0.00 HOLD
19.012	>>> V 0.00 0.00
19.012	S 12698409 -0.44 0.26 0.00 0.00 HOLD
19.031	>>> V 0.00 0.00
19.032	S 12698429 -0.53 0.26 0.00 0.00 HOLD
19.051	>>> V 0.00 0.00
19.051	S 12698449 -0.44 0.26 0.00 0.00 HOLD
19.072	>>> V 0.00 0.00
19.072	S 12698469 -0.44 0.26 0.00 0.00 HOLD
19.091	>>> V 0.00 0.00
19.091	S 12698489 -0.53 0.26 0.00 0.00 HOLD
19.111	>>> V 0.00 0.00
19.113	S 12698509 -0.44 0.26 0.00 0.00 HOLD
19.132	>>> V 0.00 0.00
19.132	S 12698529 -0.44 0.26 0.00 0.00 HOLD
19.152	>>> V 0.00 0.00
19.153	S 12698549 -0.44 0.26 0.00 0.00 HOLD
19.172	>>> V 0.00 0.00
19.172	S 12698569 -0.44 0.26 0.00 0.00 HOLD
19.193	>>> V 0.00 0.00
19.194	S 12698589 -0.44 0.26 0.00 0.00 HOLD
19.212	>>> V 0.00 0.00
19.212	S 12698609 -0.44 0.26 0.00 0.00 HOLD
19.234	>>> V 0.00 0.00
19.235	S 12698629 -0.44 0.26 0.00 0.00 HOLD
19.252	>>> V 0.00 0.00
19.253	S 12698649 -0.44 0.26 0.00 0.00 HOLD
19.273	>>> V 0.00 0.00
19.273	S 12698669 -0.44 0.26 0.00 0.00 HOLD
19.291	>>> V 0.00 0.00
19.292	S 12698689 -0.44 0.26 0.00 0.00 HOLD
19.312	>>> V 0.00 0.00
19.312	S 12698709 -0.44 0.26 0.00 0.00 HOLD
19.332	>>> V 0.00 0.00
19.332	S 12698729 -0.44 0.26 0.00 0.00 HOLD
19.352	>>> V 0.00 0.00
19.355	S 12698749 -0.44 0.26 0.00 0.00 HOLD
19.371	>>> V 0.00 0.00
19.372	S 12698769 -0.53 0.26 0.00 0.00 HOLD
19.392	>>> V 0.00 0.00
19.392	S 12698789 -0.44 0.26 0.00 0.00 HOLD
19.413	>>> V 0.00 0.00
19.414	S 12698809 -0.44 0.26 0.00 0.00 HOLD
19.431	>>> V 0.00 0.00
19.432	S 12698829 -0.44 0.26 0.00 0.00 HOLD
19.452	>>> V 0.00 0.00
19.454	S 12698849 -0.44 0.26 0.00 0.00 HOLD
19.472	>>> V 0.00 0.00
19.473	S 12698869 -0.53 0.26 0.00 0.00 HOLD
19.491	>>> V 0.00 0.00
19.493	S 12698889 -0.44 0.26 0.00 0.00 HOLD
19.512	>>> V 0.00 0.00
19.514	S 12698909 -0.44 0.26 0.00 0.00 HOLD
19.532	>>> V 0.00 0.00
19.532	S 12698929 -0.44 0.35 0.00 0.00 HOLD
19.551	>>> V 0.00 0.00
19.552	S 12698949 -0.44 0.26 0.00 0.00 HOLD
19.574	>>> V 0.00 0.00
19.574	S 12698969 -0.44 0.26 0.00 0.00 HOLD
19.593	>>> V 0.00 0.00
19.594	S 12698989 -0.44 0.26 0.00 0.00 HOLD
19.611	>>> V 0.00 0.00
19.612	S 12699009 -0.44 0.26 0.00 0.00 HOLD
19.632	>>> V 0.00 0.00
19.633	S 12699029 -0.44 0.26 0.00 0.00 HOLD
19.652	>>> V 0.00 0.00
19.652	S 12699049 -0.53 0.26 0.00 0.00 HOLD
19.674	>>> V 0.00 0.00
19.675	S 12699069 -0.44 0.26 0.00 0.00 HOLD
19.692	>>> V 0.00 0.00
19.693	S 12699089 -0.44 0.26 0.00 0.00 HOLD
19.712	>>> V 0.00 0.00
19.713	S 12699109 -0.44 0.26 0.00 0.00 HOLD
19.731	>>> V 0.00 0.00
19.732	S 12699129 -0.44 0.26 0.00 0.00 HOLD
19.751	>>> V 0.00 0.00
19.752	S 12699149 -0.44 0.26 0.00 0.00 HOLD
19.775	>>> V 0.00 0.00
19.781	S 12699169 -0.44 0.26 0.00 0.00 HOLD
19.792	>>> V 0.00 0.00
19.792	S 12699189 -0.44 0.26 0.00 0.00 HOLD
19.813	>>> V 0.00 0.00
19.814	S 12699209 -0.44 0.26 0.00 0.00 HOLD
19.832	>>> V 0.00 0.00
19.836	S 12699229 -0.44 0.26 0.00 0.00 HOLD
19.853	>>> V 0.00 0.00
19.855	S 12699249 -0.44 0.26 0.00 0.00 HOLD
19.873	>>> V 0.00 0.00
19.873	S 12699269 -0.44 0.26 0.00 0.00 HOLD
19.891	>>> V 0.00 0.00
19.892	S 12699289 -0.44 0.26 0.00 0.00 HOLD
19.911	>>> V 0.00 0.00
19.912	S 12699309 -0.53 0.26 0.00 0.00 HOLD
19.931	>>> V 0.00 0.00
19.932	S 12699329 -0.44 0.26 0.00 0.00 HOLD
19.952	>>> V 0.00 0.00
19.953	S 12699349 -0.44 0.26 0.00 0.00 HOLD
19.972	>>> V 0.00 0.00
19.973	S 12699369 -0.44 0.26 0.00 0.00 HOLD
19.992	>>> V 0.00 0.00
19.992	S 12699389 -0.44 0.26 0.00 0.00 HOLD
20.012	>>> V 0.00 0.00
20.013	S 12699409 -0.44 0.26 0.00 0.00 HOLD
20.032	>>> V 0.00 0.00
20.033	S 12699429 -0.44 0.26 0.00 0.00 HOLD
20.054	>>> V 0.00 0.00
20.054	S 12699449 -0.44 0.26 0.00 0.00 HOLD
20.072	>>> V 0.00 0.00
20.072	S 12699469 -0.44 0.26 0.00 0.00 HOLD
20.092	>>> V 0.00 0.00
20.092	S 12699489 -0.44 0.26 0.00 0.00 HOLD
20.112	>>> V 0.00 0.00
20.113	S 12699509 -0.44 0.35 0.00 0.00 HOLD
20.131	>>> V 0.00 0.00
20.131	S 12699529 -0.44 0.35 0.00 0.00 HOLD
20.153	>>> V 0.00 0.00
20.154	S 12699549 -0.44 0.26 0.00 0.00 HOLD
20.172	>>> V 0.00 0.00
20.173	S 12699569 -0.44 0.26 0.00 0.00 HOLD
20.192	>>> V 0.00 0.00
20.194	S 12699589 -0.44 0.26 0.00 0.00 HOLD
20.211	>>> V 0.00 0.00
20.212	S 12699609 -0.44 0.26 0.00 0.00 HOLD
20.233	>>> V 0.00 0.00
20.234	S 12699629 -0.44 0.35 0.00 0.00 HOLD
20.251	>>> V 0.00 0.00
20.252	S 12699649 -0.44 0.26 0.00 0.00 HOLD
20.272	>>> V 0.00 0.00
20.274	S 12699669 -0.44 0.26 0.00 0.00 HOLD
20.291	>>> V 0.00 0.00
20.292	S 12699689 -0.53 0.26 0.00 0.00 HOLD
20.313	>>> V 0.00 0.00
20.313	S 12699709 -0.44 0.26 0.00 0.00 HOLD
20.332	>>> V 0.00 0.00
20.332	S 12699729 -0.44 0.26 0.00 0.00 HOLD
20.352	>>> V 0.00 0.00
20.352	S 12699749 -0.44 0.26 0.00 0.00 HOLD
20.373	>>> V 0.00 0.00
20.377	S 12699769 -0.53 0.26 0.00 0.00 HOLD
20.392	>>> V 0.00 0.00
20.395	S 12699789 -0.44 0.26 0.00 0.00 HOLD
20.413	>>> V 0.00 0.00
20.414	S 12699809 -0.44 0.26 0.00 0.00 HOLD
20.433	>>> V 0.00 0.00
20.435	S 12699829 -0.44 0.26 0.00 0.00 HOLD
20.451	>>> V 0.00 0.00
20.452	S 12699849 -0.44 0.26 0.00 0.00 HOLD
20.481	>>> V 0.00 0.00
20.482	S 12699869 -0.44 0.26 0.00 0.00 HOLD
20.492	>>> V 0.00 0.00
20.493	S 12699889 -0.44 0.26 0.00 0.00 HOLD
20.515	>>> V 0.00 0.00
20.515	S 12699909 -0.44 0.26 0.00 0.00 HOLD
20.533	>>> V 0.00 0.00
20.534	S 12699929 -0.44 0.26 0.00 0.00 HOLD
20.553	>>> V 0.00 0.00
20.553	S 12699949 -0.44 0.26 0.00 0.00 HOLD
20.572	>>> V 0.00 0.00
20.573	S 12699969 -0.44 0.26 0.00 0.00 HOLD
20.591	>>> V 0.00 0.00
20.591	S 12699989 -0.44 0.26 0.00 0.00 HOLD
20.612	>>> V 0.00 0.00
20.612	S 12700009 -0.44 0.26 0.00 0.00 HOLD
20.631	>>> V 0.00 0.00
20.632	S 12700029 -0.44 0.35 0.00 0.00 HOLD
20.653	>>> V 0.00 0.00
20.654	S 12700049 -0.44 0.26 0.00 0.00 HOLD
20.672	>>> V 0.00 0.00
20.672	S 12700069 -0.44 0.26 0.00 0.00 HOLD
20.692	>>> V 0.00 0.00
20.693	S 12700089 -0.44 0.26 0.00 0.00 HOLD
20.712	>>> V 0.00 0.00
20.713	S 12700109 -0.44 0.26 0.00 0.00 HOLD
20.731	>>> V 0.00 0.00
20.731	S 12700129 -0.44 0.26 0.00 0.00 HOLD
20.751	>>> V 0.00 0.00
20.752	S 12700149 -0.44 0.26 0.00 0.00 HOLD
20.771	>>> V 0.00 0.00
20.773	S 12700169 -0.44 0.26 0.00 0.00 HOLD
20.792	>>> V 0.00 0.00
20.792	S 12700189 -0.44 0.26 0.00 0.00 HOLD
20.812	>>> V 0.00 0.00
20.812	S 12700209 -0.44 0.26 0.00 0.00 HOLD
20.831	>>> V 0.00 0.00
20.832	S 12700229 -0.44 0.26 0.00 0.00 HOLD
20.855	>>> V 0.00 0.00
20.856	S 12700249 -0.44 0.26 0.00 0.00 HOLD
20.872	>>> V 0.00 0.00
20.874	S 12700269 -0.44 0.35 0.00 0.00 HOLD
20.892	>>> V 0.00 0.00
20.893	S 12700289 -0.44 0.26 0.00 0.00 HOLD
20.912	>>> V 0.00 0.00
20.912	S 12700309 -0.44 0.26 0.00 0.00 HOLD
20.933	>>> V 0.00 0.00
20.934	S 12700329 -0.44 0.26 0.00 0.00 HOLD
20.953	>>> V 0.00 0.00
20.956	S 12700349 -0.44 0.26 0.00 0.00 HOLD
20.972	>>> V 0.00 0.00
20.972	S 12700369 -0.53 0.26 0.00 0.00 HOLD
20.992	>>> V 0.00 0.00
20.993	S 12700389 -0.44 0.26 0.00 0.00 HOLD
21.012	>>> V 0.00 0.00
21.015	S 12700409 -0.44 0.26 0.00 0.00 HOLD
21.032	>>> V 0.00 0.00
21.032	S 12700429 -0.53 0.26 0.00 0.00 HOLD
21.052	>>> V 0.00 0.00
21.053	S 12700449 -0.44 0.26 0.00 0.00 HOLD
21.072	>>> V 0.00 0.00
21.072	S 12700469 -0.44 0.35 0.00 0.00 HOLD
21.093	>>> V 0.00 0.00
21.094	S 12700489 -0.44 0.26 0.00 0.00 HOLD
21.112	>>> V 0.00 0.00
21.114	S 12700509 -0.44 0.26 0.00 0.00 HOLD
21.131	>>> V 0.00 0.00
21.132	S 12700529 -0.44 0.26 0.00 0.00 HOLD
21.152	>>> V 0.00 0.00
21.152	S 12700549 -0.44 0.26 0.00 0.00 HOLD
21.172	>>> V 0.00 0.00
21.172	S 12700569 -0.44 0.26 0.00 0.00 HOLD
21.192	>>> V 0.00 0.00
21.192	S 12700589 -0.44 0.26 0.00 0.00 HOLD
21.212	>>> V 0.00 0.00
21.213	S 12700609 -0.44 0.26 0.00 0.00 HOLD
21.233	>>> V 0.00 0.00
21.234	S 12700629 -0.44 0.26 0.00 0.00 HOLD
21.251	>>> V 0.00 0.00
21.252	S 12700649 -0.44 0.26 0.00 0.00 HOLD
21.272	>>> V 0.00 0.00
21.273	S 12700669 -0.44 0.26 0.00 0.00 HOLD
21.291	>>> V 0.00 0.00
21.292	S 12700689 -0.53 0.35 0.00 0.00 HOLD
21.312	>>> V 0.00 0.00
21.313	S 12700709 -0.53 0.26 0.00 0.00 HOLD
21.332	>>> V 0.00 0.00
21.333	S 12700729 -0.44 0.26 0.00 0.00 HOLD
21.351	>>> V 0.00 0.00
21.352	S 12700749 -0.44 0.26 0.00 0.00 HOLD
21.373	>>> V 0.00 0.00
21.374	S 12700769 -0.44 0.35 0.00 0.00 HOLD
21.392	>>> V 0.00 0.00
21.393	S 12700789 -0.44 0.26 0.00 0.00 HOLD
21.412	>>> V 0.00 0.00
21.413	S 12700809 -0.44 0.26 0.00 0.00 HOLD
21.433	>>> V 0.00 0.00
21.434	S 12700829 -0.44 0.26 0.00 0.00 HOLD
21.452	>>> V 0.00 0.00
21.455	S 12700849 -0.44 0.26 0.00 0.00 HOLD
21.472	>>> V 0.00 0.00
21.475	S 12700869 -0.44 0.26 0.00 0.00 HOLD
21.492	>>> V 0.00 0.00
21.492	S 12700889 -0.44 0.35 0.00 0.00 HOLD
21.512	>>> V 0.00 0.00
21.512	S 12700909 -0.44 0.26 0.00 0.00 HOLD
21.531	>>> V 0.00 0.00
21.533	S 12700929 -0.53 0.26 0.00 0.00 HOLD
21.552	>>> V 0.00 0.00
21.552	S 12700949 -0.44 0.26 0.00 0.00 HOLD
21.572	>>> V 0.00 0.00
21.572	S 12700969 -0.44 0.35 0.00 0.00 HOLD
21.592	>>> V 0.00 0.00
21.593	S 12700989 -0.44 0.26 0.00 0.00 HOLD
21.612	>>> V 0.00 0.00
21.612	S 12701009 -0.44 0.26 0.00 0.00 HOLD
21.635	>>> V 0.00 0.00
21.636	S 12701029 -0.44 0.26 0.00 0.00 HOLD
21.653	>>> V 0.00 0.00
21.654	S 12701049 -0.44 0.26 0.00 0.00 HOLD
21.672	>>> V 0.00 0.00
21.673	S 12701069 -0.44 0.26 0.00 0.00 HOLD
21.691	>>> V 0.00 0.00
21.692	S 12701089 -0.44 0.26 0.00 0.00 HOLD
21.713	>>> V 0.00 0.00
21.713	S 12701109 -0.44 0.26 0.00 0.00 HOLD
21.731	>>> V 0.00 0.00
21.733	S 12701129 -0.44 0.26 0.00 0.00 HOLD
21.751	>>> V 0.00 0.00
21.752	S 12701149 -0.44 0.35 0.00 0.00 HOLD
21.773	>>> V 0.00 0.00
21.774	S 12701169 -0.44 0.26 0.00 0.00 HOLD
21.791	>>> V 0.00 0.00
21.792	S 12701189 -0.44 0.26 0.00 0.00 HOLD
21.811	>>> V 0.00 0.00
21.814	S 12701209 -0.44 0.26 0.00 0.00 HOLD
21.832	>>> V 0.00 0.00
21.833	S 12701229 -0.53 0.26 0.00 0.00 HOLD
21.853	>>> V 0.00 0.00
21.853	S 12701249 -0.44 0.26 0.00 0.00 HOLD
21.871	>>> V 0.00 0.00
21.872	S 12701269 -0.44 0.35 0.00 0.00 HOLD
21.892	>>> V 0.00 0.00
21.892	S 12701289 -0.44 0.26 0.00 0.00 HOLD
21.913	>>> V 0.00 0.00
21.914	S 12701309 -0.44 0.26 0.00 0.00 HOLD
21.931	>>> V 0.00 0.00
21.932	S 12701329 -0.44 0.26 0.00 0.00 HOLD
21.958	>>> V 0.00 0.00
21.959	S 12701349 -0.44 0.26 0.00 0.00 HOLD
21.972	>>> V 0.00 0.00
21.973	S 12701369 -0.44 0.26 0.00 0.00 HOLD
21.993	>>> V 0.00 0.00
21.993	S 12701389 -0.44 0.26 0.00 0.00 HOLD
22.012	>>> V 0.00 0.00
22.014	S 12701409 -0.44 0.26 0.00 0.00 HOLD
22.031	>>> V 0.00 0.00
22.032	S 12701429 -0.44 0.26 0.00 0.00 HOLD
22.052	>>> V 0.00 0.00
22.053	S 12701449 -0.44 0.26 0.00 0.00 HOLD
22.071	>>> V 0.00 0.00
22.072	S 12701469 -0.44 0.26 0.00 0.00 HOLD
22.094	>>> V 0.00 0.00
22.095	S 12701489 -0.44 0.26 0.00 0.00 HOLD
22.112	>>> V 0.00 0.00
22.112	S 12701509 -0.53 0.26 0.00 0.00 HOLD
22.133	>>> V 0.00 0.00
22.133	S 12701529 -0.44 0.26 0.00 0.00 HOLD
22.151	>>> V 0.00 0.00
22.152	S 12701549 -0.44 0.26 0.00 0.00 HOLD
22.173	>>> V 0.00 0.00
22.174	S 12701569 -0.53 0.26 0.00 0.00 HOLD
22.192	>>> V 0.00 0.00
22.193	S 12701589 -0.44 0.26 0.00 0.00 HOLD
22.211	>>> V 0.00 0.00
22.215	S 12701609 -0.53 0.26 0.00 0.00 HOLD
22.231	>>> V 0.00 0.00
22.232	S 12701629 -0.44 0.26 0.00 0.00 HOLD
22.251	>>> V 0.00 0.00
22.252	S 12701649 -0.44 0.35 0.00 0.00 HOLD
22.272	>>> V 0.00 0.00
22.276	S 12701669 -0.44 0.26 0.00 0.00 HOLD
22.291	>>> V 0.00 0.00
22.292	S 12701689 -0.44 0.26 0.00 0.00 HOLD
22.312	>>> V 0.00 0.00
22.313	S 12701709 -0.44 0.26 0.00 0.00 HOLD
22.331	>>> V 0.00 0.00
22.332	S 12701729 -0.44 0.26 0.00 0.00 HOLD
22.354	>>> V 0.00 0.00
22.354	S 12701749 -0.44 0.26 0.00 0.00 HOLD
22.372	>>> V 0.00 0.00
22.374	S 12701769 -0.53 0.26 0.00 0.00 HOLD
22.391	>>> V 0.00 0.00
22.393	S 12701789 -0.44 0.26 0.00 0.00 HOLD
22.412	>>> V 0.00 0.00
22.412	S 12701809 -0.44 0.26 0.00 0.00 HOLD
22.432	>>> V 0.00 0.00
22.432	S 12701829 -0.44 0.26 0.00 0.00 HOLD
22.452	>>> V 0.00 0.00
22.452	S 12701849 -0.44 0.26 0.00 0.00 HOLD
22.473	>>> V 0.00 0.00
22.474	S 12701869 -0.44 0.26 0.00 0.00 HOLD
22.492	>>> V 0.00 0.00
22.492	S 12701889 -0.53 0.26 0.00 0.00 HOLD
22.513	>>> V 0.00 0.00
22.514	S 12701909 -0.44 0.35 0.00 0.00 HOLD
22.532	>>> V 0.00 0.00
22.532	S 12701929 -0.44 0.35 0.00 0.00 HOLD
22.553	>>> V 0.00 0.00
22.554	S 12701949 -0.53 0.26 0.00 0.00 HOLD
22.572	>>> V 0.00 0.00
22.572	S 12701969 -0.44 0.26 0.00 0.00 HOLD
22.593	>>> V 0.00 0.00
22.593	S 12701989 -0.44 0.26 0.00 0.00 HOLD
22.612	>>> V 0.00 0.00
22.613	S 12702009 -0.44 0.26 0.00 0.00 HOLD
22.631	>>> V 0.00 0.00
22.632	S 12702029 -0.44 0.26 0.00 0.00 HOLD
22.653	>>> V 0.00 0.00
22.654	S 12702049 -0.44 0.26 0.00 0.00 HOLD
22.672	>>> V 0.00 0.00
22.672	S 12702069 -0.44 0.26 0.00 0.00 HOLD
22.694	>>> V 0.00 0.00
22.694	S 12702089 -0.44 0.26 0.00 0.00 HOLD
22.712	>>> V 0.00 0.00
22.713	S 12702109 -0.44 0.26 0.00 0.00 HOLD
22.731	>>> V 0.00 0.00
22.732	S 12702129 -0.44 0.35 0.00 0.00 HOLD
22.753	>>> V 0.00 0.00
22.753	S 12702149 -0.44 0.26 0.00 0.00 HOLD
22.771	>>> V 0.00 0.00
22.772	S 12702169 -0.44 0.35 0.00 0.00 HOLD
22.793	>>> V 0.00 0.00
22.794	S 12702189 -0.44 0.26 0.00 0.00 HOLD
22.811	>>> V 0.00 0.00
22.812	S 12702209 -0.44 0.26 0.00 0.00 HOLD
22.833	>>> V 0.00 0.00
22.834	S 12702229 -0.44 0.26 0.00 0.00 HOLD
22.852	>>> V 0.00 0.00
22.852	S 12702249 -0.44 0.26 0.00 0.00 HOLD
22.872	>>> V 0.00 0.00
22.873	S 12702269 -0.44 0.26 0.00 0.00 HOLD
22.892	>>> V 0.00 0.00
22.893	S 12702289 -0.44 0.26 0.00 0.00 HOLD
22.912	>>> V 0.00 0.00
22.912	S 12702309 -0.44 0.26 0.00 0.00 HOLD
22.932	>>> V 0.00 0.00
22.932	S 12702329 -0.44 0.26 0.00 0.00 HOLD
22.951	>>> V 0.00 0.00
22.952	S 12702349 -0.44 0.26 0.00 0.00 HOLD
22.973	>>> V 0.00 0.00
22.974	S 12702369 -0.44 0.26 0.00 0.00 HOLD
22.991	>>> V 0.00 0.00
22.991	S 12702389 -0.44 0.26 0.00 0.00 HOLD
23.013	>>> V 0.00 0.00
23.013	S 12702409 -0.44 0.35 0.00 0.00 HOLD
23.032	>>> V 0.00 0.00
23.033	S 12702429 -0.44 0.26 0.00 0.00 HOLD
23.052	>>> V 0.00 0.00
23.053	S 12702449 -0.44 0.35 0.00 0.00 HOLD
23.072	>>> V 0.00 0.00
23.074	S 12702469 -0.44 0.26 0.00 0.00 HOLD
23.092	>>> V 0.00 0.00
23.092	S 12702489 -0.44 0.26 0.00 0.00 HOLD
23.113	>>> V 0.00 0.00
23.113	S 12702509 -0.44 0.26 0.00 0.00 HOLD
23.131	>>> V 0.00 0.00
23.132	S 12702529 -0.44 0.26 0.00 0.00 HOLD
23.151	>>> V 0.00 0.00
23.152	S 12702549 -0.44 0.26 0.00 0.00 HOLD
23.174	>>> V 0.00 0.00
23.176	S 12702569 -0.44 0.26 0.00 0.00 HOLD
23.191	>>> V 0.00 0.00
23.192	S 12702589 -0.44 0.26 0.00 0.00 HOLD
23.212	>>> V 0.00 0.00
23.213	S 12702609 -0.44 0.26 0.00 0.00 HOLD
23.231	>>> V 0.00 0.00
23.255	>>> V 0.00 0.00
23.256	S 12702629 -0.44 0.26 0.00 0.00 HOLD
23.260	S 12702649 -0.44 0.26 0.00 0.00 HOLD
23.271	>>> V 0.00 0.00
23.274	S 12702669 -0.44 0.26 0.00 0.00 HOLD
23.294	>>> V 0.00 0.00
23.294	S 12702689 -0.44 0.26 0.00 0.00 HOLD
23.312	>>> V 0.00 0.00
23.312	S 12702709 -0.44 0.26 0.00 0.00 HOLD
23.331	>>> V 0.00 0.00
23.332	S 12702729 -0.44 0.35 0.00 0.00 HOLD
23.351	>>> V 0.00 0.00
23.352	S 12702749 -0.44 0.26 0.00 0.00 HOLD
23.372	>>> V 0.00 0.00
23.372	S 12702769 -0.44 0.26 0.00 0.00 HOLD
23.392	>>> V 0.00 0.00
23.392	S 12702789 -0.44 0.26 0.00 0.00 HOLD
23.414	>>> V 0.00 0.00
23.414	S 12702809 -0.44 0.26 0.00 0.00 HOLD
23.438	>>> V 0.00 0.00
23.444	S 12702829 -0.44 0.26 0.00 0.00 HOLD
23.452	>>> V 0.00 0.00
23.452	S 12702849 -0.53 0.26 0.00 0.00 HOLD
23.476	>>> V 0.00 0.00
23.476	S 12702869 -0.44 0.26 0.00 0.00 HOLD
23.492	>>> V 0.00 0.00
23.492	S 12702889 -0.44 0.26 0.00 0.00 HOLD
23.512	>>> V 0.00 0.00
23.513	S 12702909 -0.44 0.26 0.00 0.00 HOLD
23.532	>>> V 0.00 0.00
23.533	S 12702929 -0.44 0.26 0.00 0.00 HOLD
23.552	>>> V 0.00 0.00
23.553	S 12702949 -0.44 0.26 0.00 0.00 HOLD
23.574	>>> V 0.00 0.00
23.578	S 12702969 -0.44 0.35 0.00 0.00 HOLD
23.591	>>> V 0.00 0.00
23.593	S 12702989 -0.44 0.26 0.00 0.00 HOLD
23.615	>>> V 0.00 0.00
23.617	S 12703009 -0.44 0.26 0.00 0.00 HOLD
23.632	>>> V 0.00 0.00
23.632	S 12703029 -0.53 0.26 0.00 0.00 HOLD
23.653	>>> V 0.00 0.00
23.654	S 12703049 -0.44 0.26 0.00 0.00 HOLD
23.672	>>> V 0.00 0.00
23.674	S 12703069 -0.44 0.26 0.00 0.00 HOLD
23.693	>>> V 0.00 0.00
23.694	S 12703089 -0.44 0.26 0.00 0.00 HOLD
23.715	>>> V 0.00 0.00
23.716	S 12703109 -0.44 0.26 0.00 0.00 HOLD
23.732	>>> V 0.00 0.00
23.732	S 12703129 -0.44 0.26 0.00 0.00 HOLD
23.753	>>> V 0.00 0.00
23.756	S 12703149 -0.44 0.26 0.00 0.00 HOLD
23.772	>>> V 0.00 0.00
23.773	S 12703169 -0.44 0.26 0.00 0.00 HOLD
23.794	>>> V 0.00 0.00
23.795	S 12703189 -0.44 0.26 0.00 0.00 HOLD
23.817	>>> V 0.00 0.00
23.819	S 12703209 -0.44 0.26 0.00 0.00 HOLD
23.831	>>> V 0.00 0.00
23.832	S 12703229 -0.44 0.26 0.00 0.00 HOLD
23.854	>>> V 0.00 0.00
23.855	S 12703249 -0.53 0.26 0.00 0.00 HOLD
23.872	>>> V 0.00 0.00
23.872	S 12703269 -0.53 0.35 0.00 0.00 HOLD
23.892	>>> V 0.00 0.00
23.893	S 12703289 -0.53 0.26 0.00 0.00 HOLD
23.912	>>> V 0.00 0.00
23.912	S 12703309 -0.44 0.26 0.00 0.00 HOLD
23.931	>>> V 0.00 0.00
23.932	S 12703329 -0.44 0.26 0.00 0.00 HOLD
23.952	>>> V 0.00 0.00
23.953	S 12703349 -0.44 0.26 0.00 0.00 HOLD
23.972	>>> V 0.00 0.00
23.973	S 12703369 -0.44 0.26 0.00 0.00 HOLD
23.993	>>> V 0.00 0.00
23.993	S 12703389 -0.44 0.26 0.00 0.00 HOLD
24.012	>>> V 0.00 0.00
24.012	S 12703409 -0.44 0.26 0.00 0.00 HOLD
24.031	>>> V 0.00 0.00
24.032	S 12703429 -0.44 0.26 0.00 0.00 HOLD
24.052	>>> V 0.00 0.00
24.052	S 12703449 -0.44 0.26 0.00 0.00 HOLD
24.071	>>> V 0.00 0.00
24.072	S 12703469 -0.44 0.26 0.00 0.00 HOLD
24.092	>>> V 0.00 0.00
24.094	S 12703489 -0.44 0.26 0.00 0.00 HOLD
24.112	>>> V 0.00 0.00
24.112	S 12703509 -0.44 0.26 0.00 0.00 HOLD
24.133	>>> V 0.00 0.00
24.133	S 12703529 -0.44 0.35 0.00 0.00 HOLD
24.152	>>> V 0.00 0.00
24.152	S 12703549 -0.44 0.26 0.00 0.00 HOLD
24.172	>>> V 0.00 0.00
24.172	S 12703569 -0.44 0.26 0.00 0.00 HOLD
24.191	>>> V 0.00 0.00
24.192	S 12703589 -0.44 0.26 0.00 0.00 HOLD
24.212	>>> V 0.00 0.00
24.213	S 12703609 -0.44 0.26 0.00 0.00 HOLD
24.232	>>> V 0.00 0.00
24.233	S 12703629 -0.44 0.26 0.00 0.00 HOLD
24.252	>>> V 0.00 0.00
24.252	S 12703649 -0.44 0.26 0.00 0.00 HOLD
24.271	>>> V 0.00 0.00
24.271	S 12703669 -0.44 0.35 0.00 0.00 HOLD
24.292	>>> V 0.00 0.00
24.292	S 12703689 -0.44 0.26 0.00 0.00 HOLD
24.312	>>> V 0.00 0.00
24.313	S 12703709 -0.44 0.26 0.00 0.00 HOLD
24.331	>>> V 0.00 0.00
24.332	S 12703729 -0.44 0.26 0.00 0.00 HOLD
24.353	>>> V 0.00 0.00
24.353	S 12703749 -0.44 0.26 0.00 0.00 HOLD
24.372	>>> V 0.00 0.00
24.372	S 12703769 -0.44 0.26 0.00 0.00 HOLD
24.391	>>> V 0.00 0.00
24.392	S 12703789 -0.53 0.26 0.00 0.00 HOLD
24.412	>>> V 0.00 0.00
24.413	S 12703809 -0.44 0.26 0.00 0.00 HOLD
24.431	>>> V 0.00 0.00
24.432	S 12703829 -0.44 0.35 0.00 0.00 HOLD
24.452	>>> V 0.00 0.00
24.452	S 12703849 -0.44 0.26 0.00 0.00 HOLD
24.471	>>> V 0.00 0.00
24.472	S 12703869 -0.44 0.26 0.00 0.00 HOLD
24.493	>>> V 0.00 0.00
24.494	S 12703889 -0.44 0.26 0.00 0.00 HOLD
24.511	>>> V 0.00 0.00
24.512	S 12703909 -0.44 0.26 0.00 0.00 HOLD
24.534	>>> V 0.00 0.00
24.535	S 12703929 -0.44 0.26 0.00 0.00 HOLD
24.552	>>> V 0.00 0.00
24.553	S 12703949 -0.53 0.26 0.00 0.00 HOLD
24.571	>>> V 0.00 0.00
24.573	S 12703969 -0.44 0.26 0.00 0.00 HOLD
24.591	>>> V 0.00 0.00
24.592	S 12703989 -0.44 0.35 0.00 0.00 HOLD
24.612	>>> V 0.00 0.00
24.612	S 12704009 -0.44 0.26 0.00 0.00 HOLD
24.631	>>> V 0.00 0.00
24.634	S 12704029 -0.44 0.26 0.00 0.00 HOLD
24.653	>>> V 0.00 0.00
24.653	S 12704049 -0.44 0.26 0.00 0.00 HOLD
24.673	>>> V 0.00 0.00
24.674	S 12704069 -0.53 0.26 0.00 0.00 HOLD
24.692	>>> V 0.00 0.00
24.692	S 12704089 -0.53 0.26 0.00 0.00 HOLD
24.713	>>> V 0.00 0.00
24.714	S 12704109 -0.44 0.26 0.00 0.00 HOLD
24.731	>>> V 0.00 0.00
24.732	S 12704129 -0.44 0.35 0.00 0.00 HOLD
24.752	>>> V 0.00 0.00
24.753	S 12704149 -0.44 0.26 0.00 0.00 HOLD
24.772	>>> V 0.00 0.00
24.774	S 12704169 -0.44 0.26 0.00 0.00 HOLD
24.792	>>> V 0.00 0.00
24.794	S 12704189 -0.53 0.26 0.00 0.00 HOLD
24.811	>>> V 0.00 0.00
24.814	S 12704209 -0.44 0.26 0.00 0.00 HOLD
24.832	>>> V 0.00 0.00
24.832	S 12704229 -0.53 0.26 0.00 0.00 HOLD
24.852	>>> V 0.00 0.00
24.853	S 12704249 -0.44 0.26 0.00 0.00 HOLD
24.871	>>> V 0.00 0.00
24.872	S 12704269 -0.44 0.26 0.00 0.00 HOLD
24.892	>>> V 0.00 0.00
24.894	S 12704289 -0.44 0.26 0.00 0.00 HOLD
24.912	>>> V 0.00 0.00
24.912	S 12704309 -0.44 0.26 0.00 0.00 HOLD
24.934	>>> V 0.00 0.00
24.935	S 12704329 -0.44 0.26 0.00 0.00 HOLD
24.952	>>> V 0.00 0.00
24.953	S 12704349 -0.44 0.26 0.00 0.00 HOLD
24.974	>>> V 0.00 0.00
24.976	S 12704369 -0.53 0.26 0.00 0.00 HOLD
24.991	>>> V 0.00 0.00
24.992	S 12704389 -0.44 0.26 0.00 0.00 HOLD
25.014	>>> V 0.00 0.00
25.014	S 12704409 -0.53 0.26 0.00 0.00 HOLD
25.032	>>> V 0.00 0.00
25.033	S 12704429 -0.53 0.26 0.00 0.00 HOLD
25.052	>>> V 0.00 0.00
25.052	S 12704449 -0.44 0.26 0.00 0.00 HOLD
25.074	>>> V 0.00 0.00
25.077	S 12704469 -0.44 0.26 0.00 0.00 HOLD
25.092	>>> V 0.00 0.00
25.093	S 12704489 -0.44 0.35 0.00 0.00 HOLD
25.111	>>> V 0.00 0.00
25.113	S 12704509 -0.53 0.26 0.00 0.00 HOLD
25.132	>>> V 0.00 0.00
25.132	S 12704529 -0.44 0.26 0.00 0.00 HOLD
25.152	>>> V 0.00 0.00
25.152	S 12704549 -0.44 0.26 0.00 0.00 HOLD
25.171	>>> V 0.00 0.00
25.172	S 12704569 -0.44 0.35 0.00 0.00 HOLD
25.192	>>> V 0.00 0.00
25.192	S 12704589 -0.44 0.26 0.00 0.00 HOLD
25.211	>>> V 0.00 0.00
25.212	S 12704609 -0.53 0.26 0.00 0.00 HOLD
25.233	>>> V 0.00 0.00
25.233	S 12704629 -0.44 0.26 0.00 0.00 HOLD
25.252	>>> V 0.00 0.00
25.253	S 12704649 -0.44 0.26 0.00 0.00 HOLD
25.272	>>> V 0.00 0.00
25.273	S 12704669 -0.44 0.26 0.00 0.00 HOLD
25.292	>>> V 0.00 0.00
25.292	S 12704689 -0.44 0.26 0.00 0.00 HOLD
25.313	>>> V 0.00 0.00
25.314	S 12704709 -0.44 0.26 0.00 0.00 HOLD
25.331	>>> V 0.00 0.00
25.332	S 12704729 -0.44 0.26 0.00 0.00 HOLD
25.352	>>> V 0.00 0.00
25.353	S 12704749 -0.44 0.26 0.00 0.00 HOLD
25.373	>>> V 0.00 0.00
25.374	S 12704769 -0.44 0.26 0.00 0.00 HOLD
25.391	>>> V 0.00 0.00
25.392	S 12704789 -0.44 0.26 0.00 0.00 HOLD
25.412	>>> V 0.00 0.00
25.413	S 12704809 -0.44 0.26 0.00 0.00 HOLD
25.431	>>> V 0.00 0.00
25.432	S 12704829 -0.44 0.26 0.00 0.00 HOLD
25.454	>>> V 0.00 0.00
25.454	S 12704850 -0.44 0.26 0.00 0.00 HOLD
25.471	>>> V 0.00 0.00
25.472	S 12704869 -0.44 0.26 0.00 0.00 HOLD
25.493	>>> V 0.00 0.00
25.494	S 12704889 -0.53 0.26 0.00 0.00 HOLD
25.512	>>> V 0.00 0.00
25.512	S 12704910 -0.44 0.26 0.00 0.00 HOLD
25.532	>>> V 0.00 0.00
25.533	S 12704930 -0.44 0.26 0.00 0.00 HOLD
25.551	>>> V 0.00 0.00
25.552	S 12704950 -0.44 0.26 0.00 0.00 HOLD
25.572	>>> V 0.00 0.00
25.572	S 12704970 -0.44 0.26 0.00 0.00 HOLD
25.592	>>> V 0.00 0.00
25.592	S 12704990 -0.53 0.26 0.00 0.00 HOLD
25.617	>>> V 0.00 0.00
25.619	S 12705010 -0.44 0.26 0.00 0.00 HOLD
25.632	>>> V 0.00 0.00
25.632	S 12705030 -0.53 0.26 0.00 0.00 HOLD
25.652	>>> V 0.00 0.00
25.652	S 12705050 -0.53 0.35 0.00 0.00 HOLD
25.672	>>> V 0.00 0.00
25.674	S 12705070 -0.44 0.26 0.00 0.00 HOLD
25.693	>>> V 0.00 0.00
25.701	S 12705090 -0.44 0.35 0.00 0.00 HOLD
25.714	>>> V 0.00 0.00
25.715	S 12705110 -0.53 0.26 0.00 0.00 HOLD
25.734	>>> V 0.00 0.00
25.737	S 12705130 -0.44 0.26 0.00 0.00 HOLD
25.754	>>> V 0.00 0.00
25.757	S 12705150 -0.44 0.26 0.00 0.00 HOLD
25.771	>>> V 0.00 0.00
25.773	S 12705170 -0.44 0.26 0.00 0.00 HOLD
25.791	>>> V 0.00 0.00
25.793	S 12705190 -0.44 0.35 0.00 0.00 HOLD
25.814	>>> V 0.00 0.00
25.816	S 12705210 -0.44 0.26 0.00 0.00 HOLD
25.832	>>> V 0.00 0.00
25.832	S 12705230 -0.44 0.26 0.00 0.00 HOLD
25.858	>>> V 0.00 0.00
25.858	S 12705250 -0.44 0.26 0.00 0.00 HOLD
25.876	>>> V 0.00 0.00
25.877	S 12705270 -0.44 0.26 0.00 0.00 HOLD
25.896	>>> V 0.00 0.00
25.899	S 12705290 -0.44 0.26 0.00 0.00 HOLD
25.914	>>> V 0.00 0.00
25.914	S 12705310 -0.44 0.26 0.00 0.00 HOLD
25.933	>>> V 0.00 0.00
25.934	S 12705330 -0.44 0.26 0.00 0.00 HOLD
25.952	>>> V 0.00 0.00
25.955	S 12705350 -0.44 0.26 0.00 0.00 HOLD
25.972	>>> V 0.00 0.00
25.973	S 12705370 -0.44 0.26 0.00 0.00 HOLD
25.992	>>> V 0.00 0.00
25.992	S 12705390 -0.44 0.26 0.00 0.00 HOLD
26.012	>>> V 0.00 0.00
26.013	S 12705410 -0.44 0.26 0.00 0.00 HOLD
26.035	>>> V 0.00 0.00
26.037	S 12705430 -0.53 0.26 0.00 0.00 HOLD
26.052	>>> V 0.00 0.00
26.052	S 12705450 -0.44 0.26 0.00 0.00 HOLD
26.072	>>> V 0.00 0.00
26.074	S 12705470 -0.44 0.26 0.00 0.00 HOLD
26.091	>>> V 0.00 0.00
26.093	S 12705490 -0.44 0.26 0.00 0.00 HOLD
26.115	>>> V 0.00 0.00
26.115	S 12705510 -0.44 0.26 0.00 0.00 HOLD
26.131	>>> V 0.00 0.00
26.132	S 12705530 -0.44 0.26 0.00 0.00 HOLD
26.152	>>> V 0.00 0.00
26.153	S 12705550 -0.44 0.26 0.00 0.00 HOLD
26.174	>>> V 0.00 0.00
26.174	S 12705570 -0.44 0.26 0.00 0.00 HOLD
26.191	>>> V 0.00 0.00
26.192	S 12705590 -0.53 0.26 0.00 0.00 HOLD
26.218	>>> V 0.00 0.00
26.219	S 12705610 -0.44 0.26 0.00 0.00 HOLD
26.234	>>> V 0.00 0.00
26.235	S 12705630 -0.53 0.26 0.00 0.00 HOLD
26.255	>>> V 0.00 0.00
26.256	S 12705650 -0.44 0.26 0.00 0.00 HOLD
26.272	>>> V 0.00 0.00
26.274	S 12705670 -0.44 0.26 0.00 0.00 HOLD
26.293	>>> V 0.00 0.00
26.295	S 12705690 -0.44 0.26 0.00 0.00 HOLD
26.316	>>> V 0.00 0.00
26.318	S 12705710 -0.44 0.26 0.00 0.00 HOLD
26.333	>>> V 0.00 0.00
26.333	S 12705730 -0.44 0.26 0.00 0.00 HOLD
26.352	>>> V 0.00 0.00
26.352	S 12705750 -0.44 0.26 0.00 0.00 HOLD
26.373	>>> V 0.00 0.00
26.376	S 12705770 -0.44 0.35 0.00 0.00 HOLD
26.396	>>> V 0.00 0.00
26.397	S 12705790 -0.44 0.35 0.00 0.00 HOLD
26.424	>>> V 0.00 0.00
26.426	S 12705810 -0.44 0.26 0.00 0.00 HOLD
26.437	>>> V 0.00 0.00
26.441	S 12705830 -0.44 0.26 0.00 0.00 HOLD
26.458	>>> V 0.00 0.00
26.463	S 12705850 -0.44 0.26 0.00 0.00 HOLD
26.478	>>> V 0.00 0.00
26.478	S 12705870 -0.44 0.26 0.00 0.00 HOLD
26.498	>>> V 0.00 0.00
26.500	S 12705890 -0.44 0.26 0.00 0.00 HOLD
26.521	>>> V 0.00 0.00
26.524	S 12705910 -0.44 0.26 0.00 0.00 HOLD
26.535	>>> V 0.00 0.00
26.538	S 12705930 -0.44 0.35 0.00 0.00 HOLD
26.560	>>> V 0.00 0.00
26.561	S 12705950 -0.53 0.26 0.00 0.00 HOLD
26.580	>>> V 0.00 0.00
26.580	S 12705970 -0.53 0.26 0.00 0.00 HOLD
26.600	>>> V 0.00 0.00
26.601	S 12705990 -0.44 0.26 0.00 0.00 HOLD
26.612	>>> V 0.00 0.00
26.619	S 12706010 -0.44 0.26 0.00 0.00 HOLD
26.642	>>> V 0.00 0.00
26.642	S 12706030 -0.44 0.26 0.00 0.00 HOLD
26.656	>>> V 0.00 0.00
26.657	S 12706050 -0.44 0.26 0.00 0.00 HOLD
26.676	>>> V 0.00 0.00
26.677	S 12706070 -0.53 0.26 0.00 0.00 HOLD
26.698	>>> V 0.00 0.00
26.698	S 12706090 -0.44 0.26 0.00 0.00 HOLD
26.715	>>> V 0.00 0.00
26.716	S 12706110 -0.53 0.26 0.00 0.00 HOLD
26.734	>>> V 0.00 0.00
26.736	S 12706130 -0.44 0.26 0.00 0.00 HOLD
26.753	>>> V 0.00 0.00
26.753	S 12706150 -0.44 0.26 0.00 0.00 HOLD
26.776	>>> V 0.00 0.00
26.778	S 12706170 -0.44 0.26 0.00 0.00 HOLD
26.792	>>> V 0.00 0.00
26.792	S 12706190 -0.44 0.26 0.00 0.00 HOLD
26.812	>>> V 0.00 0.00
26.813	S 12706210 -0.44 0.26 0.00 0.00 HOLD
26.833	>>> V 0.00 0.00
26.834	S 12706230 -0.44 0.26 0.00 0.00 HOLD
26.852	>>> V 0.00 0.00
26.852	S 12706250 -0.53 0.26 0.00 0.00 HOLD
26.872	>>> V 0.00 0.00
26.873	S 12706270 -0.44 0.26 0.00 0.00 HOLD
26.891	>>> V 0.00 0.00
26.892	S 12706290 -0.44 0.26 0.00 0.00 HOLD
26.913	>>> V 0.00 0.00
26.914	S 12706310 -0.44 0.26 0.00 0.00 HOLD
26.933	>>> V 0.00 0.00
26.934	S 12706330 -0.44 0.26 0.00 0.00 HOLD
26.952	>>> V 0.00 0.00
26.952	S 12706350 -0.44 0.26 0.00 0.00 HOLD
26.975	>>> V 0.00 0.00
26.976	S 12706370 -0.44 0.26 0.00 0.00 HOLD
26.994	>>> V 0.00 0.00
26.997	S 12706390 -0.44 0.26 0.00 0.00 HOLD
27.014	>>> V 0.00 0.00
27.015	S 12706410 -0.44 0.26 0.00 0.00 HOLD
27.034	>>> V 0.00 0.00
27.037	S 12706430 -0.44 0.35 0.00 0.00 HOLD
27.054	>>> V 0.00 0.00
27.054	S 12706450 -0.53 0.26 0.00 0.00 HOLD
27.071	>>> V 0.00 0.00
27.072	S 12706470 -0.44 0.35 0.00 0.00 HOLD
27.092	>>> V 0.00 0.00
27.093	S 12706490 -0.44 0.26 0.00 0.00 HOLD
27.113	>>> V 0.00 0.00
27.113	S 12706510 -0.44 0.26 0.00 0.00 HOLD
27.134	>>> V 0.00 0.00
27.136	S 12706530 -0.44 0.26 0.00 0.00 HOLD
27.154	>>> V 0.00 0.00
27.155	S 12706550 -0.44 0.26 0.00 0.00 HOLD
27.174	>>> V 0.00 0.00
27.174	S 12706570 -0.44 0.35 0.00 0.00 HOLD
27.194	>>> V 0.00 0.00
27.198	S 12706590 -0.44 0.26 0.00 0.00 HOLD
27.214	>>> V 0.00 0.00
27.214	S 12706610 -0.53 0.26 0.00 0.00 HOLD
27.232	>>> V 0.00 0.00
27.233	S 12706630 -0.44 0.26 0.00 0.00 HOLD
27.255	>>> V 0.00 0.00
27.256	S 12706650 -0.44 0.35 0.00 0.00 HOLD
27.272	>>> V 0.00 0.00
27.275	S 12706670 -0.44 0.26 0.00 0.00 HOLD
27.292	>>> V 0.00 0.00
27.295	S 12706690 -0.44 0.26 0.00 0.00 HOLD
27.312	>>> V 0.00 0.00
27.314	S 12706710 -0.53 0.26 0.00 0.00 HOLD
27.336	>>> V 0.00 0.00
27.339	S 12706730 -0.44 0.26 0.00 0.00 HOLD
27.353	>>> V 0.00 0.00
27.354	S 12706750 -0.44 0.26 0.00 0.00 HOLD
27.373	>>> V 0.00 0.00
27.374	S 12706770 -0.44 0.26 0.00 0.00 HOLD
27.391	>>> V 0.00 0.00
27.393	S 12706790 -0.44 0.26 0.00 0.00 HOLD
27.412	>>> V 0.00 0.00
27.413	S 12706810 -0.44 0.26 0.00 0.00 HOLD
27.432	>>> V 0.00 0.00
27.434	S 12706830 -0.44 0.26 0.00 0.00 HOLD
27.454	>>> V 0.00 0.00
27.455	S 12706850 -0.44 0.26 0.00 0.00 HOLD
27.473	>>> V 0.00 0.00
27.473	S 12706870 -0.44 0.26 0.00 0.00 HOLD
27.492	>>> V 0.00 0.00
27.495	S 12706890 -0.44 0.35 0.00 0.00 HOLD
27.513	>>> V 0.00 0.00
27.513	S 12706910 -0.44 0.26 0.00 0.00 HOLD
27.534	>>> V 0.00 0.00
27.535	S 12706930 -0.44 0.26 0.00 0.00 HOLD
27.551	>>> V 0.00 0.00
27.571	>>> V 0.00 0.00
27.572	S 12706950 -0.44 0.26 0.00 0.00 HOLD
27.576	S 12706970 -0.44 0.26 0.00 0.00 HOLD
27.592	>>> V 0.00 0.00
27.593	S 12706990 -0.44 0.26 0.00 0.00 HOLD
27.611	>>> V 0.00 0.00
27.613	S 12707010 -0.44 0.26 0.00 0.00 HOLD
27.641	>>> V 0.00 0.00
27.654	S 12707030 -0.44 0.26 0.00 0.00 HOLD
27.655	S 12707050 -0.44 0.26 0.00 0.00 HOLD
27.669	>>> V 0.00 0.00
27.672	S 12707070 -0.44 0.26 0.00 0.00 HOLD
27.678	>>> V 0.00 0.00
27.696	>>> V 0.00 0.00
27.699	S 12707090 -0.44 0.26 0.00 0.00 HOLD
27.721	>>> V 0.00 0.00
27.723	S 12707110 -0.53 0.26 0.00 0.00 HOLD
27.735	>>> V 0.00 0.00
27.736	S 12707130 -0.44 0.26 0.00 0.00 HOLD
27.756	>>> V 0.00 0.00
27.757	S 12707150 -0.44 0.26 0.00 0.00 HOLD
27.771	>>> V 0.00 0.00
27.772	S 12707170 -0.44 0.35 0.00 0.00 HOLD
27.797	>>> V 0.00 0.00
27.798	S 12707190 -0.44 0.26 0.00 0.00 HOLD
27.811	>>> V 0.00 0.00
27.812	S 12707210 -0.44 0.26 0.00 0.00 HOLD
27.832	>>> V 0.00 0.00
27.833	S 12707230 -0.44 0.26 0.00 0.00 HOLD
27.852	>>> V 0.00 0.00
27.852	S 12707250 -0.44 0.26 0.00 0.00 HOLD
27.873	>>> V 0.00 0.00
27.873	S 12707270 -0.44 0.26 0.00 0.00 HOLD
27.893	>>> V 0.00 0.00
27.897	S 12707290 -0.44 0.26 0.00 0.00 HOLD
27.914	>>> V 0.00 0.00
27.915	S 12707310 -0.44 0.35 0.00 0.00 HOLD
27.931	>>> V 0.00 0.00
27.932	S 12707330 -0.44 0.26 0.00 0.00 HOLD
27.959	>>> V 0.00 0.00
27.962	S 12707350 -0.44 0.26 0.00 0.00 HOLD
27.973	>>> V 0.00 0.00
27.974	S 12707370 -0.44 0.26 0.00 0.00 HOLD
27.993	>>> V 0.00 0.00
27.994	S 12707390 -0.44 0.26 0.00 0.00 HOLD
28.013	>>> V 0.00 0.00
28.015	S 12707410 -0.44 0.26 0.00 0.00 HOLD
28.032	>>> V 0.00 0.00
28.033	S 12707430 -0.44 0.26 0.00 0.00 HOLD
28.053	>>> V 0.00 0.00
28.057	S 12707450 -0.44 0.26 0.00 0.00 HOLD
28.071	>>> V 0.00 0.00
28.072	S 12707470 -0.44 0.35 0.00 0.00 HOLD
28.092	>>> V 0.00 0.00
28.093	S 12707490 -0.44 0.35 0.00 0.00 HOLD
28.117	>>> V 0.00 0.00
28.118	S 12707510 -0.44 0.35 0.00 0.00 HOLD
28.132	>>> V 0.00 0.00
28.135	S 12707530 -0.44 0.26 0.00 0.00 HOLD
28.153	>>> V 0.00 0.00
28.155	S 12707550 -0.44 0.35 0.00 0.00 HOLD
28.171	>>> V 0.00 0.00
28.174	S 12707570 -0.44 0.26 0.00 0.00 HOLD
28.192	>>> V 0.00 0.00
28.192	S 12707590 -0.44 0.26 0.00 0.00 HOLD
28.214	>>> V 0.00 0.00
28.215	S 12707610 -0.44 0.26 0.00 0.00 HOLD
28.231	>>> V 0.00 0.00
28.234	S 12707630 -0.53 0.26 0.00 0.00 HOLD
28.252	>>> V 0.00 0.00
28.253	S 12707650 -0.44 0.26 0.00 0.00 HOLD
28.271	>>> V 0.00 0.00
28.275	S 12707670 -0.44 0.26 0.00 0.00 HOLD
28.292	>>> V 0.00 0.00
28.292	S 12707690 -0.44 0.26 0.00 0.00 HOLD
28.313	>>> V 0.00 0.00
28.313	S 12707710 -0.44 0.26 0.00 0.00 HOLD
28.332	>>> V 0.00 0.00
28.332	S 12707730 -0.44 0.26 0.00 0.00 HOLD
28.352	>>> V 0.00 0.00
28.353	S 12707750 -0.44 0.26 0.00 0.00 HOLD
28.372	>>> V 0.00 0.00
28.372	S 12707770 -0.44 0.26 0.00 0.00 HOLD
28.395	>>> V 0.00 0.00
28.395	S 12707790 -0.44 0.26 0.00 0.00 HOLD
28.414	>>> V 0.00 0.00
28.416	S 12707810 -0.44 0.26 0.00 0.00 HOLD
28.432	>>> V 0.00 0.00
28.435	S 12707830 -0.44 0.35 0.00 0.00 HOLD
28.459	>>> V 0.00 0.00
28.462	S 12707850 -0.53 0.26 0.00 0.00 HOLD
28.473	>>> V 0.00 0.00
28.475	S 12707870 -0.44 0.26 0.00 0.00 HOLD
28.493	>>> V 0.00 0.00
28.494	S 12707890 -0.53 0.26 0.00 0.00 HOLD
28.512	>>> V 0.00 0.00
28.514	S 12707910 -0.44 0.26 0.00 0.00 HOLD
28.532	>>> V 0.00 0.00
28.533	S 12707930 -0.44 0.26 0.00 0.00 HOLD
28.557	>>> V 0.00 0.00
28.557	S 12707950 -0.44 0.26 0.00 0.00 HOLD
28.571	>>> V 0.00 0.00
28.572	S 12707970 -0.44 0.26 0.00 0.00 HOLD
28.593	>>> V 0.00 0.00
28.594	S 12707990 -0.44 0.26 0.00 0.00 HOLD
28.612	>>> V 0.00 0.00
28.614	S 12708010 -0.53 0.26 0.00 0.00 HOLD
28.634	>>> V 0.00 0.00
28.635	S 12708030 -0.44 0.26 0.00 0.00 HOLD
28.652	>>> V 0.00 0.00
28.653	S 12708050 -0.44 0.26 0.00 0.00 HOLD
28.673	>>> V 0.00 0.00
28.676	S 12708070 -0.44 0.35 0.00 0.00 HOLD
28.691	>>> V 0.00 0.00
28.692	S 12708090 -0.44 0.26 0.00 0.00 HOLD
28.711	>>> V 0.00 0.00
28.712	S 12708110 -0.53 0.26 0.00 0.00 HOLD
28.733	>>> V 0.00 0.00
28.734	S 12708130 -0.53 0.26 0.00 0.00 HOLD
28.753	>>> V 0.00 0.00
28.754	S 12708150 -0.44 0.26 0.00 0.00 HOLD
28.773	>>> V 0.00 0.00
28.776	S 12708170 -0.44 0.26 0.00 0.00 HOLD
28.792	>>> V 0.00 0.00
28.795	S 12708190 -0.44 0.26 0.00 0.00 HOLD
28.820	>>> V 0.00 0.00
28.823	S 12708210 -0.44 0.26 0.00 0.00 HOLD
28.835	>>> V 0.00 0.00
28.835	S 12708230 -0.44 0.26 0.00 0.00 HOLD
28.856	>>> V 0.00 0.00
28.857	S 12708250 -0.44 0.26 0.00 0.00 HOLD
28.874	>>> V 0.00 0.00
28.878	S 12708270 -0.53 0.26 0.00 0.00 HOLD
28.892	>>> V 0.00 0.00
28.893	S 12708290 -0.44 0.26 0.00 0.00 HOLD
28.913	>>> V 0.00 0.00
28.913	S 12708310 -0.44 0.26 0.00 0.00 HOLD
28.932	>>> V 0.00 0.00
28.935	S 12708330 -0.44 0.26 0.00 0.00 HOLD
28.951	>>> V 0.00 0.00
28.952	S 12708350 -0.44 0.26 0.00 0.00 HOLD
28.972	>>> V 0.00 0.00
28.973	S 12708370 -0.53 0.26 0.00 0.00 HOLD
28.992	>>> V 0.00 0.00
28.992	S 12708390 -0.53 0.26 0.00 0.00 HOLD
29.011	>>> V 0.00 0.00
29.013	S 12708410 -0.44 0.26 0.00 0.00 HOLD
29.032	>>> V 0.00 0.00
29.034	S 12708430 -0.44 0.26 0.00 0.00 HOLD
29.053	>>> V 0.00 0.00
29.053	S 12708450 -0.53 0.26 0.00 0.00 HOLD
29.074	>>> V 0.00 0.00
29.078	S 12708470 -0.44 0.26 0.00 0.00 HOLD
29.091	>>> V 0.00 0.00
29.092	S 12708490 -0.44 0.35 0.00 0.00 HOLD
29.111	>>> V 0.00 0.00
29.112	S 12708510 -0.44 0.26 0.00 0.00 HOLD
29.131	>>> V 0.00 0.00
29.134	S 12708530 -0.44 0.26 0.00 0.00 HOLD
29.152	>>> V 0.00 0.00
29.154	S 12708550 -0.44 0.26 0.00 0.00 HOLD
29.172	>>> V 0.00 0.00
29.173	S 12708570 -0.44 0.26 0.00 0.00 HOLD
29.191	>>> V 0.00 0.00
29.194	S 12708590 -0.44 0.26 0.00 0.00 HOLD
29.211	>>> V 0.00 0.00
29.213	S 12708610 -0.53 0.35 0.00 0.00 HOLD
29.232	>>> V 0.00 0.00
29.232	S 12708630 -0.53 0.26 0.00 0.00 HOLD
29.251	>>> V 0.00 0.00
29.252	S 12708650 -0.44 0.26 0.00 0.00 HOLD
29.275	>>> V 0.00 0.00
29.279	S 12708670 -0.44 0.26 0.00 0.00 HOLD
29.298	>>> V 0.00 0.00
29.301	S 12708690 -0.44 0.26 0.00 0.00 HOLD
29.312	>>> V 0.00 0.00
29.313	S 12708710 -0.44 0.26 0.00 0.00 HOLD
29.333	>>> V 0.00 0.00
29.336	S 12708730 -0.44 0.35 0.00 0.00 HOLD
29.352	>>> V 0.00 0.00
29.352	S 12708750 -0.44 0.26 0.00 0.00 HOLD
29.372	>>> V 0.00 0.00
29.375	S 12708770 -0.44 0.35 0.00 0.00 HOLD
29.392	>>> V 0.00 0.00
29.393	S 12708790 -0.44 0.26 0.00 0.00 HOLD
29.412	>>> V 0.00 0.00
29.413	S 12708810 -0.44 0.26 0.00 0.00 HOLD
29.432	>>> V 0.00 0.00
29.432	S 12708830 -0.44 0.26 0.00 0.00 HOLD
29.452	>>> V 0.00 0.00
29.452	S 12708850 -0.44 0.26 0.00 0.00 HOLD
29.472	>>> V 0.00 0.00
29.475	S 12708870 -0.44 0.26 0.00 0.00 HOLD
29.494	>>> V 0.00 0.00
29.494	S 12708890 -0.53 0.35 0.00 0.00 HOLD
29.512	>>> V 0.00 0.00
29.513	S 12708910 -0.44 0.26 0.00 0.00 HOLD
29.533	>>> V 0.00 0.00
29.533	S 12708930 -0.44 0.26 0.00 0.00 HOLD
29.553	>>> V 0.00 0.00
29.553	S 12708950 -0.44 0.26 0.00 0.00 HOLD
29.574	>>> V 0.00 0.00
29.575	S 12708970 -0.44 0.26 0.00 0.00 HOLD
29.592	>>> V 0.00 0.00
29.596	S 12708990 -0.44 0.26 0.00 0.00 HOLD
29.617	>>> V 0.00 0.00
29.624	S 12709010 -0.44 0.26 0.00 0.00 HOLD
29.634	>>> V 0.00 0.00
29.637	S 12709030 -0.53 0.26 0.00 0.00 HOLD
29.654	>>> V 0.00 0.00
29.655	S 12709050 -0.44 0.26 0.00 0.00 HOLD
29.674	>>> V 0.00 0.00
29.677	S 12709070 -0.44 0.26 0.00 0.00 HOLD
29.697	>>> V 0.00 0.00
29.700	S 12709090 -0.44 0.26 0.00 0.00 HOLD
29.714	>>> V 0.00 0.00
29.716	S 12709110 -0.53 0.26 0.00 0.00 HOLD
29.736	>>> V 0.00 0.00
29.737	S 12709130 -0.44 0.26 0.00 0.00 HOLD
29.754	>>> V 0.00 0.00
29.759	S 12709150 -0.53 0.26 0.00 0.00 HOLD
29.776	>>> V 0.00 0.00
29.777	S 12709170 -0.44 0.26 0.00 0.00 HOLD
29.794	>>> V 0.00 0.00
29.795	S 12709190 -0.44 0.26 0.00 0.00 HOLD
29.811	>>> V 0.00 0.00
29.814	S 12709210 -0.44 0.26 0.00 0.00 HOLD
29.832	>>> V 0.00 0.00
29.835	S 12709230 -0.44 0.26 0.00 0.00 HOLD
29.854	>>> V 0.00 0.00
29.855	S 12709250 -0.53 0.26 0.00 0.00 HOLD
29.877	>>> V 0.00 0.00
29.881	S 12709270 -0.44 0.26 0.00 0.00 HOLD
29.897	>>> V 0.00 0.00
29.899	S 12709290 -0.44 0.26 0.00 0.00 HOLD
29.918	>>> V 0.00 0.00
29.922	S 12709310 -0.44 0.26 0.00 0.00 HOLD
29.936	>>> V 0.00 0.00
29.938	S 12709330 -0.44 0.26 0.00 0.00 HOLD
29.957	>>> V 0.00 0.00
29.960	S 12709350 -0.53 0.26 0.00 0.00 HOLD
29.988	>>> V 0.00 0.00
29.990	S 12709370 -0.44 0.26 0.00 0.00 HOLD
30.011	>>> V 0.00 0.00
30.014	S 12709390 -0.44 0.26 0.00 0.00 HOLD
30.016	S 12709410 -0.44 0.26 0.00 0.00 HOLD
30.034	>>> V 0.00 0.00
30.034	S 12709430 -0.44 0.35 0.00 0.00 HOLD
30.056	>>> V 0.00 0.00
30.059	S 12709450 -0.44 0.26 0.00 0.00 HOLD
30.072	>>> V 0.00 0.00
30.075	S 12709470 -0.44 0.26 0.00 0.00 HOLD
30.096	>>> V 0.00 0.00
30.097	S 12709490 -0.44 0.26 0.00 0.00 HOLD
30.112	>>> V 0.00 0.00
30.117	S 12709510 -0.44 0.26 0.00 0.00 HOLD
30.137	>>> V 0.00 0.00
30.138	S 12709530 -0.53 0.26 0.00 0.00 HOLD
30.154	>>> V 0.00 0.00
30.157	S 12709550 -0.44 0.35 0.00 0.00 HOLD
30.174	>>> V 0.00 0.00
30.177	S 12709570 -0.44 0.26 0.00 0.00 HOLD
30.194	>>> V 0.00 0.00
30.194	S 12709590 -0.44 0.26 0.00 0.00 HOLD
30.212	>>> V 0.00 0.00
30.215	S 12709610 -0.53 0.26 0.00 0.00 HOLD
30.234	>>> V 0.00 0.00
30.237	S 12709630 -0.44 0.26 0.00 0.00 HOLD
30.252	>>> V 0.00 0.00
30.255	S 12709650 -0.44 0.26 0.00 0.00 HOLD
30.272	>>> V 0.00 0.00
30.275	S 12709670 -0.44 0.26 0.00 0.00 HOLD
30.293	>>> V 0.00 0.00
30.296	S 12709690 -0.44 0.26 0.00 0.00 HOLD
30.322	>>> V 0.00 0.00
30.327	S 12709710 -0.44 0.26 0.00 0.00 HOLD
30.347	>>> V 0.00 0.00
30.353	S 12709730 -0.44 0.26 0.00 0.00 HOLD
30.369	S 12709750 -0.44 0.26 0.00 0.00 HOLD
30.402	>>> V 0.00 0.00
30.406	S 12709770 -0.44 0.26 0.00 0.00 HOLD
30.408	S 12709790 -0.44 0.26 0.00 0.00 HOLD
30.426	>>> V 0.00 0.00
30.429	S 12709810 -0.44 0.26 0.00 0.00 HOLD
30.443	>>> V 0.00 0.00
30.445	S 12709830 -0.44 0.35 0.00 0.00 HOLD
30.456	>>> V 0.00 0.00
30.458	S 12709850 -0.44 0.35 0.00 0.00 HOLD
30.472	>>> V 0.00 0.00
30.476	S 12709870 -0.44 0.26 0.00 0.00 HOLD
30.499	>>> V 0.00 0.00
30.500	S 12709890 -0.44 0.26 0.00 0.00 HOLD
30.514	>>> V 0.00 0.00
30.515	S 12709910 -0.44 0.26 0.00 0.00 HOLD
30.533	>>> V 0.00 0.00
30.534	S 12709930 -0.44 0.26 0.00 0.00 HOLD
30.556	>>> V 0.00 0.00
30.559	S 12709950 -0.53 0.26 0.00 0.00 HOLD
30.582	>>> V 0.00 0.00
30.582	S 12709970 -0.44 0.26 0.00 0.00 HOLD
30.593	>>> V 0.00 0.00
30.599	S 12709990 -0.44 0.26 0.00 0.00 HOLD
30.612	>>> V 0.00 0.00
30.613	S 12710010 -0.44 0.26 0.00 0.00 HOLD
30.631	>>> V 0.00 0.00
30.633	S 12710030 -0.44 0.26 0.00 0.00 HOLD
30.652	>>> V 0.00 0.00
30.655	S 12710050 -0.53 0.26 0.00 0.00 HOLD
30.672	>>> V 0.00 0.00
30.673	S 12710070 -0.44 0.26 0.00 0.00 HOLD
30.701	>>> V 0.00 0.00
30.703	S 12710090 -0.44 0.26 0.00 0.00 HOLD
30.713	>>> V 0.00 0.00
30.713	S 12710110 -0.44 0.26 0.00 0.00 HOLD
30.733	>>> V 0.00 0.00
30.734	S 12710130 -0.44 0.26 0.00 0.00 HOLD
30.763	>>> V 0.00 0.00
30.767	S 12710150 -0.44 0.26 0.00 0.00 HOLD
30.773	>>> V 0.00 0.00
30.774	S 12710170 -0.44 0.26 0.00 0.00 HOLD
30.793	>>> V 0.00 0.00
30.796	S 12710190 -0.44 0.26 0.00 0.00 HOLD
30.819	>>> V 0.00 0.00
30.819	S 12710210 -0.53 0.26 0.00 0.00 HOLD
30.837	>>> V 0.00 0.00
30.839	S 12710230 -0.44 0.26 0.00 0.00 HOLD
30.855	>>> V 0.00 0.00
30.855	S 12710250 -0.44 0.26 0.00 0.00 HOLD
30.877	>>> V 0.00 0.00
30.879	S 12710270 -0.44 0.26 0.00 0.00 HOLD
30.895	>>> V 0.00 0.00
30.895	S 12710290 -0.44 0.26 0.00 0.00 HOLD
30.921	>>> V 0.00 0.00
30.924	S 12710310 -0.44 0.26 0.00 0.00 HOLD
30.936	>>> V 0.00 0.00
30.941	S 12710330 -0.44 0.26 0.00 0.00 HOLD
30.964	>>> V 0.00 0.00
30.964	S 12710350 -0.44 0.26 0.00 0.00 HOLD
30.976	>>> V 0.00 0.00
30.980	S 12710370 -0.44 0.26 0.00 0.00 HOLD
30.992	>>> V 0.00 0.00
30.993	S 12710390 -0.44 0.26 0.00 0.00 HOLD
31.011	>>> V 0.00 0.00
31.013	S 12710410 -0.44 0.26 0.00 0.00 HOLD
31.033	>>> V 0.00 0.00
31.036	S 12710430 -0.44 0.26 0.00 0.00 HOLD
31.052	>>> V 0.00 0.00
31.054	S 12710450 -0.44 0.26 0.00 0.00 HOLD
31.197	>>> V 0.00 0.00
31.198	S 12710470 -0.44 0.26 0.00 0.00 HOLD
31.199	S 12710490 -0.53 0.26 0.00 0.00 HOLD
31.200	S 12710510 -0.44 0.26 0.00 0.00 HOLD
31.204	S 12710530 -0.44 0.26 0.00 0.00 HOLD
31.208	S 12710550 -0.44 0.26 0.00 0.00 HOLD
31.210	S 12710570 -0.44 0.26 0.00 0.00 HOLD
31.211	S 12710590 -0.44 0.26 0.00 0.00 HOLD
31.232	>>> V 0.00 0.00
31.233	S 12710610 -0.44 0.35 0.00 0.00 HOLD
31.234	S 12710630 -0.44 0.26 0.00 0.00 HOLD
31.242	>>> V 0.00 0.00
31.255	>>> V 0.00 0.00
31.258	S 12710650 -0.44 0.26 0.00 0.00 HOLD
31.272	>>> V 0.00 0.00
31.273	S 12710670 -0.44 0.35 0.00 0.00 HOLD
31.293	>>> V 0.00 0.00
31.293	S 12710690 -0.44 0.26 0.00 0.00 HOLD
31.313	>>> V 0.00 0.00
31.316	S 12710710 -0.44 0.26 0.00 0.00 HOLD
31.336	>>> V 0.00 0.00
31.338	S 12710730 -0.44 0.26 0.00 0.00 HOLD
31.358	>>> V 0.00 0.00
31.361	S 12710750 -0.44 0.26 0.00 0.00 HOLD
31.380	>>> V 0.00 0.00
31.381	S 12710770 -0.53 0.26 0.00 0.00 HOLD
31.400	>>> V 0.00 0.00
31.401	S 12710790 -0.44 0.26 0.00 0.00 HOLD
31.419	>>> V 0.00 0.00
31.421	S 12710810 -0.44 0.26 0.00 0.00 HOLD
31.433	>>> V 0.00 0.00
31.435	S 12710830 -0.44 0.26 0.00 0.00 HOLD
31.452	>>> V 0.00 0.00
31.454	S 12710850 -0.44 0.26 0.00 0.00 HOLD
31.472	>>> V 0.00 0.00
31.473	S 12710870 -0.53 0.26 0.00 0.00 HOLD
31.494	>>> V 0.00 0.00
31.495	S 12710890 -0.44 0.26 0.00 0.00 HOLD
31.511	>>> V 0.00 0.00
31.514	S 12710910 -0.44 0.26 0.00 0.00 HOLD
31.531	>>> V 0.00 0.00
31.532	S 12710930 -0.53 0.26 0.00 0.00 HOLD
31.551	>>> V 0.00 0.00
31.554	S 12710950 -0.44 0.26 0.00 0.00 HOLD
31.571	>>> V 0.00 0.00
31.573	S 12710970 -0.44 0.26 0.00 0.00 HOLD
31.593	>>> V 0.00 0.00
31.593	S 12710990 -0.44 0.35 0.00 0.00 HOLD
31.611	>>> V 0.00 0.00
31.613	S 12711010 -0.44 0.26 0.00 0.00 HOLD
31.631	>>> V 0.00 0.00
31.651	>>> V 0.00 0.00
31.652	S 12711030 -0.44 0.35 0.00 0.00 HOLD
31.654	S 12711050 -0.53 0.26 0.00 0.00 HOLD
31.673	>>> V 0.00 0.00
31.673	S 12711070 -0.44 0.26 0.00 0.00 HOLD
31.695	>>> V 0.00 0.00
31.697	S 12711090 -0.44 0.26 0.00 0.00 HOLD
31.713	>>> V 0.00 0.00
31.713	S 12711110 -0.44 0.26 0.00 0.00 HOLD
31.731	>>> V 0.00 0.00
31.733	S 12711130 -0.44 0.26 0.00 0.00 HOLD
31.751	>>> V 0.00 0.00
31.754	S 12711150 -0.44 0.26 0.00 0.00 HOLD
31.771	>>> V 0.00 0.00
31.773	S 12711170 -0.44 0.26 0.00 0.00 HOLD
31.793	>>> V 0.00 0.00
31.796	S 12711190 -0.44 0.26 0.00 0.00 HOLD
31.814	>>> V 0.00 0.00
31.815	S 12711210 -0.44 0.26 0.00 0.00 HOLD
31.835	>>> V 0.00 0.00
31.838	S 12711230 -0.44 0.26 0.00 0.00 HOLD
31.857	>>> V 0.00 0.00
31.858	S 12711250 -0.44 0.26 0.00 0.00 HOLD
31.875	>>> V 0.00 0.00
31.877	S 12711270 -0.44 0.26 0.00 0.00 HOLD
31.895	>>> V 0.00 0.00
31.902	S 12711290 -0.44 0.35 0.00 0.00 HOLD
31.912	>>> V 0.00 0.00
31.914	S 12711310 -0.44 0.26 0.00 0.00 HOLD
31.942	>>> V 0.00 0.00
31.943	S 12711330 -0.53 0.26 0.00 0.00 HOLD
31.952	>>> V 0.00 0.00
31.954	S 12711350 -0.44 0.26 0.00 0.00 HOLD
31.977	>>> V 0.00 0.00
31.980	S 12711370 -0.44 0.26 0.00 0.00 HOLD
31.993	>>> V 0.00 0.00
31.997	S 12711390 -0.44 0.35 0.00 0.00 HOLD
32.019	>>> V 0.00 0.00
32.021	S 12711410 -0.44 0.26 0.00 0.00 HOLD
32.038	>>> V 0.00 0.00
32.039	S 12711430 -0.44 0.26 0.00 0.00 HOLD
32.055	>>> V 0.00 0.00
32.059	S 12711450 -0.44 0.26 0.00 0.00 HOLD
32.084	>>> V 0.00 0.00
32.084	S 12711470 -0.44 0.26 0.00 0.00 HOLD
32.096	>>> V 0.00 0.00
32.099	S 12711490 -0.53 0.26 0.00 0.00 HOLD
32.114	>>> V 0.00 0.00
32.116	S 12711510 -0.44 0.26 0.00 0.00 HOLD
32.140	>>> V 0.00 0.00
32.141	S 12711530 -0.44 0.26 0.00 0.00 HOLD
32.159	>>> V 0.00 0.00
32.163	S 12711550 -0.44 0.26 0.00 0.00 HOLD
32.175	>>> V 0.00 0.00
32.177	S 12711570 -0.44 0.26 0.00 0.00 HOLD
32.193	>>> V 0.00 0.00
32.197	S 12711590 -0.53 0.26 0.00 0.00 HOLD
32.215	>>> V 0.00 0.00
32.216	S 12711610 -0.53 0.35 0.00 0.00 HOLD
32.238	>>> V 0.00 0.00
32.242	S 12711630 -0.44 0.26 0.00 0.00 HOLD
32.254	>>> V 0.00 0.00
32.257	S 12711650 -0.44 0.26 0.00 0.00 HOLD
32.279	>>> V 0.00 0.00
32.280	S 12711670 -0.44 0.26 0.00 0.00 HOLD
32.292	>>> V 0.00 0.00
32.292	S 12711690 -0.44 0.26 0.00 0.00 HOLD
32.313	>>> V 0.00 0.00
32.316	S 12711710 -0.44 0.26 0.00 0.00 HOLD
32.335	>>> V 0.00 0.00
32.336	S 12711730 -0.44 0.26 0.00 0.00 HOLD
32.358	>>> V 0.00 0.00
32.360	S 12711750 -0.44 0.26 0.00 0.00 HOLD
32.372	>>> V 0.00 0.00
32.374	S 12711770 -0.44 0.26 0.00 0.00 HOLD
32.398	>>> V 0.00 0.00
32.403	S 12711790 -0.44 0.26 0.00 0.00 HOLD
32.416	>>> V 0.00 0.00
32.417	S 12711810 -0.44 0.26 0.00 0.00 HOLD
32.434	>>> V 0.00 0.00
32.438	S 12711830 -0.53 0.26 0.00 0.00 HOLD
32.452	>>> V 0.00 0.00
32.455	S 12711850 -0.44 0.26 0.00 0.00 HOLD
32.476	>>> V 0.00 0.00
32.477	S 12711870 -0.44 0.26 0.00 0.00 HOLD
32.492	>>> V 0.00 0.00
32.495	S 12711890 -0.44 0.26 0.00 0.00 HOLD
32.515	>>> V 0.00 0.00
32.516	S 12711910 -0.44 0.26 0.00 0.00 HOLD
32.535	>>> V 0.00 0.00
32.536	S 12711930 -0.44 0.26 0.00 0.00 HOLD
32.554	>>> V 0.00 0.00
32.556	S 12711950 -0.44 0.35 0.00 0.00 HOLD
32.576	>>> V 0.00 0.00
32.578	S 12711970 -0.44 0.26 0.00 0.00 HOLD
32.596	>>> V 0.00 0.00
32.596	S 12711990 -0.44 0.26 0.00 0.00 HOLD
32.612	>>> V 0.00 0.00
32.615	S 12712010 -0.44 0.26 0.00 0.00 HOLD
32.633	>>> V 0.00 0.00
32.634	S 12712030 -0.44 0.26 0.00 0.00 HOLD
32.652	>>> V 0.00 0.00
32.653	S 12712050 -0.44 0.26 0.00 0.00 HOLD
32.675	>>> V 0.00 0.00
32.676	S 12712070 -0.44 0.26 0.00 0.00 HOLD
32.691	>>> V 0.00 0.00
32.712	>>> V 0.00 0.00
32.714	S 12712090 -0.44 0.26 0.00 0.00 HOLD
32.719	S 12712110 -0.44 0.26 0.00 0.00 HOLD
32.733	>>> V 0.00 0.00
32.736	S 12712130 -0.44 0.26 0.00 0.00 HOLD
32.752	>>> V 0.00 0.00
32.754	S 12712150 -0.53 0.26 0.00 0.00 HOLD
32.773	>>> V 0.00 0.00
32.774	S 12712170 -0.44 0.26 0.00 0.00 HOLD
32.792	>>> V 0.00 0.00
32.792	S 12712190 -0.44 0.26 0.00 0.00 HOLD
32.814	>>> V 0.00 0.00
32.818	S 12712210 -0.44 0.26 0.00 0.00 HOLD
32.833	>>> V 0.00 0.00
32.833	S 12712230 -0.44 0.35 0.00 0.00 HOLD
32.852	>>> V 0.00 0.00
32.853	S 12712250 -0.44 0.26 0.00 0.00 HOLD
32.874	>>> V 0.00 0.00
32.877	S 12712270 -0.44 0.26 0.00 0.00 HOLD
32.892	>>> V 0.00 0.00
32.892	S 12712290 -0.44 0.35 0.00 0.00 HOLD
32.912	>>> V 0.00 0.00
32.913	S 12712310 -0.44 0.26 0.00 0.00 HOLD
32.935	>>> V 0.00 0.00
32.939	S 12712330 -0.44 0.26 0.00 0.00 HOLD
32.956	>>> V 0.00 0.00
32.957	S 12712350 -0.44 0.26 0.00 0.00 HOLD
32.973	>>> V 0.00 0.00
32.975	S 12712370 -0.53 0.26 0.00 0.00 HOLD
32.998	>>> V 0.00 0.00
33.005	S 12712390 -0.44 0.26 0.00 0.00 HOLD
33.027	>>> V 0.00 0.00
33.028	S 12712411 -0.44 0.26 0.00 0.00 HOLD
33.037	>>> V 0.00 0.00
33.038	S 12712430 -0.44 0.26 0.00 0.00 HOLD
33.052	>>> V 0.00 0.00
33.052	S 12712451 -0.44 0.26 0.00 0.00 HOLD
33.073	>>> V 0.00 0.00
33.078	S 12712471 -0.44 0.26 0.00 0.00 HOLD
33.095	>>> V 0.00 0.00
33.096	S 12712491 -0.44 0.26 0.00 0.00 HOLD
33.111	>>> V 0.00 0.00
33.117	S 12712511 -0.44 0.26 0.00 0.00 HOLD
33.132	>>> V 0.00 0.00
33.135	S 12712531 -0.53 0.26 0.00 0.00 HOLD
33.151	>>> V 0.00 0.00
33.153	S 12712551 -0.44 0.26 0.00 0.00 HOLD
33.174	>>> V 0.00 0.00
33.177	S 12712571 -0.44 0.26 0.00 0.00 HOLD
33.194	>>> V 0.00 0.00
33.199	S 12712591 -0.44 0.26 0.00 0.00 HOLD
33.215	>>> V 0.00 0.00
33.217	S 12712611 -0.44 0.26 0.00 0.00 HOLD
33.231	>>> V 0.00 0.00
33.253	>>> V 0.00 0.00
33.254	S 12712631 -0.44 0.26 0.00 0.00 HOLD
33.255	S 12712651 -0.44 0.26 0.00 0.00 HOLD
33.271	>>> V 0.00 0.00
33.294	>>> V 0.00 0.00
33.296	S 12712671 -0.44 0.26 0.00 0.00 HOLD
33.297	S 12712691 -0.44 0.26 0.00 0.00 HOLD
33.312	>>> V 0.00 0.00
33.312	S 12712711 -0.44 0.35 0.00 0.00 HOLD
33.332	>>> V 0.00 0.00
33.334	S 12712731 -0.44 0.35 0.00 0.00 HOLD
33.353	>>> V 0.00 0.00
33.353	S 12712751 -0.53 0.26 0.00 0.00 HOLD
33.373	>>> V 0.00 0.00
33.373	S 12712771 -0.53 0.26 0.00 0.00 HOLD
33.392	>>> V 0.00 0.00
33.392	S 12712791 -0.44 0.26 0.00 0.00 HOLD
33.415	>>> V 0.00 0.00
33.415	S 12712811 -0.44 0.26 0.00 0.00 HOLD
33.431	>>> V 0.00 0.00
33.432	S 12712831 -0.44 0.26 0.00 0.00 HOLD
33.452	>>> V 0.00 0.00
33.453	S 12712851 -0.44 0.26 0.00 0.00 HOLD
33.471	>>> V 0.00 0.00
33.492	>>> V 0.00 0.00
33.493	S 12712871 -0.44 0.26 0.00 0.00 HOLD
33.498	S 12712891 -0.44 0.35 0.00 0.00 HOLD
33.512	>>> V 0.00 0.00
33.512	S 12712911 -0.44 0.26 0.00 0.00 HOLD
33.532	>>> V 0.00 0.00
33.533	S 12712931 -0.53 0.26 0.00 0.00 HOLD
33.551	>>> V 0.00 0.00
33.572	>>> V 0.00 0.00
33.573	S 12712951 -0.44 0.26 0.00 0.00 HOLD
33.577	S 12712971 -0.44 0.35 0.00 0.00 HOLD
33.592	>>> V 0.00 0.00
33.612	>>> V 0.00 0.00
33.613	S 12712991 -0.44 0.35 0.00 0.00 HOLD
33.616	S 12713011 -0.44 0.26 0.00 0.00 HOLD
33.632	>>> V 0.00 0.00
33.632	S 12713031 -0.53 0.26 0.00 0.00 HOLD
33.652	>>> V 0.00 0.00
33.652	S 12713051 -0.44 0.26 0.00 0.00 HOLD
33.672	>>> V 0.00 0.00
33.672	S 12713071 -0.44 0.26 0.00 0.00 HOLD
33.692	>>> V 0.00 0.00
33.693	S 12713091 -0.53 0.26 0.00 0.00 HOLD
33.712	>>> V 0.00 0.00
33.733	>>> V 0.00 0.00
33.734	S 12713111 -0.44 0.26 0.00 0.00 HOLD
33.737	S 12713131 -0.44 0.35 0.00 0.00 HOLD
33.751	>>> V 0.00 0.00
33.773	>>> V 0.00 0.00
33.774	S 12713151 -0.44 0.26 0.00 0.00 HOLD
33.778	S 12713171 -0.44 0.35 0.00 0.00 HOLD
33.792	>>> V 0.00 0.00
33.793	S 12713191 -0.44 0.26 0.00 0.00 HOLD
33.812	>>> V 0.00 0.00
33.815	S 12713211 -0.53 0.26 0.00 0.00 HOLD
33.834	>>> V 0.00 0.00
33.837	S 12713231 -0.44 0.26 0.00 0.00 HOLD
33.852	>>> V 0.00 0.00
33.855	S 12713251 -0.44 0.26 0.00 0.00 HOLD
33.872	>>> V 0.00 0.00
33.874	S 12713271 -0.44 0.26 0.00 0.00 HOLD
33.893	>>> V 0.00 0.00
33.893	S 12713291 -0.44 0.26 0.00 0.00 HOLD
33.911	>>> V 0.00 0.00
33.913	S 12713311 -0.44 0.26 0.00 0.00 HOLD
33.931	>>> V 0.00 0.00
33.953	>>> V 0.00 0.00
33.954	S 12713331 -0.44 0.26 0.00 0.00 HOLD
33.958	S 12713351 -0.44 0.26 0.00 0.00 HOLD
33.972	>>> V 0.00 0.00
33.973	S 12713371 -0.44 0.26 0.00 0.00 HOLD
33.992	>>> V 0.00 0.00
33.992	S 12713391 -0.44 0.35 0.00 0.00 HOLD
34.016	>>> V 0.00 0.00
34.017	S 12713411 -0.44 0.26 0.00 0.00 HOLD
34.035	>>> V 0.00 0.00
34.036	S 12713431 -0.44 0.26 0.00 0.00 HOLD
34.055	>>> V 0.00 0.00
34.057	S 12713451 -0.44 0.26 0.00 0.00 HOLD
34.077	>>> V 0.00 0.00
34.078	S 12713471 -0.44 0.26 0.00 0.00 HOLD
34.092	>>> V 0.00 0.00
34.094	S 12713491 -0.44 0.26 0.00 0.00 HOLD
34.113	>>> V 0.00 0.00
34.115	S 12713511 -0.44 0.26 0.00 0.00 HOLD
34.135	>>> V 0.00 0.00
34.138	S 12713531 -0.44 0.26 0.00 0.00 HOLD
34.152	>>> V 0.00 0.00
34.153	S 12713551 -0.44 0.26 0.00 0.00 HOLD
34.172	>>> V 0.00 0.00
34.173	S 12713571 -0.44 0.26 0.00 0.00 HOLD
34.196	>>> V 0.00 0.00
34.197	S 12713591 -0.44 0.26 0.00 0.00 HOLD
34.212	>>> V 0.00 0.00
34.215	S 12713611 -0.44 0.26 0.00 0.00 HOLD
34.234	>>> V 0.00 0.00
34.235	S 12713631 -0.44 0.26 0.00 0.00 HOLD
34.251	>>> V 0.00 0.00
34.273	>>> V 0.00 0.00
34.273	S 12713651 -0.44 0.26 0.00 0.00 HOLD
34.277	S 12713671 -0.44 0.26 0.00 0.00 HOLD
34.293	>>> V 0.00 0.00
34.293	S 12713691 -0.44 0.26 0.00 0.00 HOLD
34.312	>>> V 0.00 0.00
34.314	S 12713711 -0.44 0.26 0.00 0.00 HOLD
34.331	>>> V 0.00 0.00
34.359	>>> V 0.00 0.00
34.359	S 12713731 -0.44 0.26 0.00 0.00 HOLD
34.361	S 12713751 -0.44 0.26 0.00 0.00 HOLD
34.374	>>> V 0.00 0.00
34.375	S 12713771 -0.44 0.26 0.00 0.00 HOLD
34.395	>>> V 0.00 0.00
34.395	S 12713791 -0.44 0.26 0.00 0.00 HOLD
34.412	>>> V 0.00 0.00
34.432	>>> V 0.00 0.00
34.433	S 12713811 -0.44 0.26 0.00 0.00 HOLD
34.437	S 12713831 -0.44 0.26 0.00 0.00 HOLD
34.453	>>> V 0.00 0.00
34.453	S 12713851 -0.44 0.26 0.00 0.00 HOLD
34.475	>>> V 0.00 0.00
34.476	S 12713871 -0.44 0.26 0.00 0.00 HOLD
34.492	>>> V 0.00 0.00
34.492	S 12713891 -0.44 0.26 0.00 0.00 HOLD
34.513	>>> V 0.00 0.00
34.514	S 12713911 -0.44 0.26 0.00 0.00 HOLD
34.538	>>> V 0.00 0.00
34.538	S 12713931 -0.44 0.26 0.00 0.00 HOLD
34.553	>>> V 0.00 0.00
34.555	S 12713951 -0.44 0.26 0.00 0.00 HOLD
34.572	>>> V 0.00 0.00
34.573	S 12713971 -0.44 0.26 0.00 0.00 HOLD
34.597	>>> V 0.00 0.00
34.598	S 12713991 -0.44 0.26 0.00 0.00 HOLD
34.612	>>> V 0.00 0.00
34.613	S 12714011 -0.44 0.26 0.00 0.00 HOLD
34.632	>>> V 0.00 0.00
34.636	S 12714031 -0.44 0.26 0.00 0.00 HOLD
34.653	>>> V 0.00 0.00
34.653	S 12714051 -0.44 0.26 0.00 0.00 HOLD
34.676	>>> V 0.00 0.00
34.680	S 12714071 -0.44 0.26 0.00 0.00 HOLD
34.701	>>> V 0.00 0.00
34.702	S 12714091 -0.44 0.26 0.00 0.00 HOLD
34.713	>>> V 0.00 0.00
34.714	S 12714111 -0.53 0.26 0.00 0.00 HOLD
34.732	>>> V 0.00 0.00
34.739	S 12714131 -0.44 0.35 0.00 0.00 HOLD
34.753	>>> V 0.00 0.00
34.754	S 12714151 -0.44 0.35 0.00 0.00 HOLD
34.774	>>> V 0.00 0.00
34.775	S 12714171 -0.44 0.26 0.00 0.00 HOLD
34.792	>>> V 0.00 0.00
34.793	S 12714191 -0.44 0.26 0.00 0.00 HOLD
34.815	>>> V 0.00 0.00
34.818	S 12714211 -0.44 0.26 0.00 0.00 HOLD
34.839	>>> V 0.00 0.00
34.840	S 12714231 -0.44 0.26 0.00 0.00 HOLD
34.873	>>> V 0.00 0.00
34.873	S 12714251 -0.44 0.26 0.00 0.00 HOLD
34.875	S 12714271 -0.44 0.26 0.00 0.00 HOLD
34.881	>>> V 0.00 0.00
34.896	>>> V 0.00 0.00
34.897	S 12714291 -0.44 0.35 0.00 0.00 HOLD
34.911	>>> V 0.00 0.00
34.937	>>> V 0.00 0.00
34.941	S 12714311 -0.44 0.26 0.00 0.00 HOLD
34.944	S 12714331 -0.44 0.26 0.00 0.00 HOLD
34.957	>>> V 0.00 0.00
34.957	S 12714351 -0.44 0.26 0.00 0.00 HOLD
34.973	>>> V 0.00 0.00
34.973	S 12714371 -0.53 0.26 0.00 0.00 HOLD
34.992	>>> V 0.00 0.00
34.996	S 12714391 -0.53 0.26 0.00 0.00 HOLD
35.025	>>> V 0.00 0.00
35.037	S 12714411 -0.44 0.26 0.00 0.00 HOLD
35.038	S 12714431 -0.44 0.35 0.00 0.00 HOLD
35.045	>>> V 0.00 0.00
35.052	>>> V 0.00 0.00
35.054	S 12714451 -0.44 0.26 0.00 0.00 HOLD
35.080	>>> V 0.00 0.00
35.081	S 12714471 -0.44 0.35 0.00 0.00 HOLD
35.100	>>> V 0.00 0.00
35.103	S 12714491 -0.53 0.26 0.00 0.00 HOLD
35.126	>>> V 0.00 0.00
35.127	S 12714511 -0.44 0.26 0.00 0.00 HOLD
35.133	>>> V 0.00 0.00
35.135	S 12714531 -0.44 0.26 0.00 0.00 HOLD
35.152	>>> V 0.00 0.00
35.153	S 12714551 -0.44 0.26 0.00 0.00 HOLD
35.172	>>> V 0.00 0.00
35.175	S 12714571 -0.44 0.26 0.00 0.00 HOLD
35.192	>>> V 0.00 0.00
35.211	>>> V 0.00 0.00
35.213	S 12714591 -0.53 0.26 0.00 0.00 HOLD
35.217	S 12714611 -0.44 0.35 0.00 0.00 HOLD
35.231	>>> V 0.00 0.00
35.252	>>> V 0.00 0.00
35.252	S 12714631 -0.44 0.26 0.00 0.00 HOLD
35.271	>>> V 0.00 0.00
35.271	S 12714651 -0.44 0.26 0.00 0.00 HOLD
35.292	>>> V 0.00 0.00
35.293	S 12714671 -0.44 0.26 0.00 0.00 HOLD
35.296	S 12714691 -0.44 0.26 0.00 0.00 HOLD
35.311	>>> V 0.00 0.00
35.332	>>> V 0.00 0.00
35.334	S 12714711 -0.44 0.26 0.00 0.00 HOLD
35.338	S 12714731 -0.44 0.26 0.00 0.00 HOLD
35.351	>>> V 0.00 0.00
35.372	>>> V 0.00 0.00
35.373	S 12714751 -0.44 0.26 0.00 0.00 HOLD
35.378	S 12714771 -0.44 0.26 0.00 0.00 HOLD
35.392	>>> V 0.00 0.00
35.413	>>> V 0.00 0.00
35.413	S 12714791 -0.44 0.26 0.00 0.00 HOLD
35.415	S 12714811 -0.44 0.26 0.00 0.00 HOLD
35.432	>>> V 0.00 0.00
35.452	>>> V 0.00 0.00
35.453	S 12714831 -0.44 0.26 0.00 0.00 HOLD
35.455	S 12714851 -0.44 0.26 0.00 0.00 HOLD
35.473	>>> V 0.00 0.00
35.474	S 12714871 -0.44 0.26 0.00 0.00 HOLD
35.493	>>> V 0.00 0.00
35.496	S 12714891 -0.44 0.26 0.00 0.00 HOLD
35.511	>>> V 0.00 0.00
35.531	>>> V 0.00 0.00
35.532	S 12714911 -0.44 0.26 0.00 0.00 HOLD
35.552	>>> V 0.00 0.00
35.554	S 12714931 -0.44 0.26 0.00 0.00 HOLD
35.556	S 12714951 -0.53 0.35 0.00 0.00 HOLD
35.571	>>> V 0.00 0.00
35.592	>>> V 0.00 0.00
35.593	S 12714971 -0.44 0.26 0.00 0.00 HOLD
35.595	S 12714991 -0.44 0.26 0.00 0.00 HOLD
35.611	>>> V 0.00 0.00
35.632	>>> V 0.00 0.00
35.632	S 12715011 -0.44 0.26 0.00 0.00 HOLD
35.651	>>> V 0.00 0.00
35.653	S 12715031 -0.44 0.26 0.00 0.00 HOLD
35.654	S 12715051 -0.53 0.26 0.00 0.00 HOLD
35.671	>>> V 0.00 0.00
35.691	>>> V 0.00 0.00
35.692	S 12715071 -0.44 0.26 0.00 0.00 HOLD
35.712	>>> V 0.00 0.00
35.712	S 12715091 -0.44 0.26 0.00 0.00 HOLD
35.732	>>> V 0.00 0.00
35.733	S 12715111 -0.44 0.26 0.00 0.00 HOLD
35.735	S 12715131 -0.44 0.26 0.00 0.00 HOLD
35.751	>>> V 0.00 0.00
35.772	>>> V 0.00 0.00
35.772	S 12715151 -0.44 0.26 0.00 0.00 HOLD
35.775	S 12715171 -0.44 0.26 0.00 0.00 HOLD
35.791	>>> V 0.00 0.00
35.813	>>> V 0.00 0.00
35.813	S 12715191 -0.44 0.26 0.00 0.00 HOLD
35.816	S 12715211 -0.44 0.26 0.00 0.00 HOLD
35.831	>>> V 0.00 0.00
35.853	>>> V 0.00 0.00
35.854	S 12715231 -0.44 0.26 0.00 0.00 HOLD
35.856	S 12715251 -0.44 0.26 0.00 0.00 HOLD
35.871	>>> V 0.00 0.00
35.894	>>> V 0.00 0.00
35.894	S 12715271 -0.44 0.35 0.00 0.00 HOLD
35.897	S 12715291 -0.44 0.26 0.00 0.00 HOLD
35.911	>>> V 0.00 0.00
35.933	>>> V 0.00 0.00
35.934	S 12715311 -0.44 0.26 0.00 0.00 HOLD
35.939	S 12715331 -0.44 0.26 0.00 0.00 HOLD
35.951	>>> V 0.00 0.00
35.972	>>> V 0.00 0.00
35.973	S 12715351 -0.44 0.26 0.00 0.00 HOLD
35.992	>>> V 0.00 0.00
35.994	S 12715371 -0.44 0.26 0.00 0.00 HOLD
35.996	S 12715391 -0.44 0.26 0.00 0.00 HOLD
36.012	>>> V 0.00 0.00
36.031	>>> V 0.00 0.00
36.032	S 12715411 -0.44 0.26 0.00 0.00 HOLD
36.052	>>> V 0.00 0.00
36.052	S 12715431 -0.44 0.26 0.00 0.00 HOLD
36.072	>>> V 0.00 0.00
36.073	S 12715451 -0.44 0.26 0.00 0.00 HOLD
36.077	S 12715471 -0.44 0.35 0.00 0.00 HOLD
36.091	>>> V 0.00 0.00
36.112	>>> V 0.00 0.00
36.113	S 12715491 -0.44 0.35 0.00 0.00 HOLD
36.117	S 12715511 -0.44 0.26 0.00 0.00 HOLD
36.131	>>> V 0.00 0.00
36.153	>>> V 0.00 0.00
36.153	S 12715531 -0.44 0.26 0.00 0.00 HOLD
36.158	S 12715551 -0.44 0.26 0.00 0.00 HOLD
36.171	>>> V 0.00 0.00
36.193	>>> V 0.00 0.00
36.196	S 12715571 -0.53 0.26 0.00 0.00 HOLD
36.200	S 12715591 -0.44 0.26 0.00 0.00 HOLD
36.212	>>> V 0.00 0.00
36.232	>>> V 0.00 0.00
36.233	S 12715611 -0.44 0.26 0.00 0.00 HOLD
36.237	S 12715631 -0.44 0.26 0.00 0.00 HOLD
36.252	>>> V 0.00 0.00
36.272	>>> V 0.00 0.00
36.272	S 12715651 -0.44 0.26 0.00 0.00 HOLD
36.291	>>> V 0.00 0.00
36.292	S 12715671 -0.44 0.26 0.00 0.00 HOLD
36.311	>>> V 0.00 0.00
36.311	S 12715691 -0.44 0.26 0.00 0.00 HOLD
36.334	>>> V 0.00 0.00
36.334	S 12715711 -0.44 0.26 0.00 0.00 HOLD
36.337	S 12715731 -0.44 0.26 0.00 0.00 HOLD
36.351	>>> V 0.00 0.00
36.372	>>> V 0.00 0.00
36.373	S 12715751 -0.44 0.26 0.00 0.00 HOLD
36.376	S 12715771 -0.44 0.26 0.00 0.00 HOLD
36.392	>>> V 0.00 0.00
36.412	>>> V 0.00 0.00
36.412	S 12715791 -0.44 0.26 0.00 0.00 HOLD
36.431	>>> V 0.00 0.00
36.432	S 12715811 -0.44 0.26 0.00 0.00 HOLD
36.451	>>> V 0.00 0.00
36.452	S 12715831 -0.44 0.26 0.00 0.00 HOLD
36.473	>>> V 0.00 0.00
36.473	S 12715851 -0.44 0.26 0.00 0.00 HOLD
36.476	S 12715871 -0.44 0.26 0.00 0.00 HOLD
36.492	>>> V 0.00 0.00
36.512	>>> V 0.00 0.00
36.513	S 12715891 -0.44 0.26 0.00 0.00 HOLD
36.516	S 12715911 -0.44 0.26 0.00 0.00 HOLD
36.531	>>> V 0.00 0.00
36.552	>>> V 0.00 0.00
36.552	S 12715931 -0.44 0.26 0.00 0.00 HOLD
36.572	>>> V 0.00 0.00
36.572	S 12715951 -0.44 0.26 0.00 0.00 HOLD
36.591	>>> V 0.00 0.00
36.592	S 12715971 -0.44 0.26 0.00 0.00 HOLD
36.613	>>> V 0.00 0.00
36.614	S 12715991 -0.44 0.26 0.00 0.00 HOLD
36.617	S 12716011 -0.44 0.26 0.00 0.00 HOLD
36.631	>>> V 0.00 0.00
36.651	>>> V 0.00 0.00
36.652	S 12716031 -0.44 0.26 0.00 0.00 HOLD
36.672	>>> V 0.00 0.00
36.672	S 12716051 -0.44 0.26 0.00 0.00 HOLD
36.692	>>> V 0.00 0.00
36.692	S 12716071 -0.44 0.35 0.00 0.00 HOLD
36.711	>>> V 0.00 0.00
36.712	S 12716091 -0.44 0.26 0.00 0.00 HOLD
36.732	>>> V 0.00 0.00
36.732	S 12716111 -0.44 0.26 0.00 0.00 HOLD
36.752	>>> V 0.00 0.00
36.752	S 12716131 -0.44 0.26 0.00 0.00 HOLD
36.771	>>> V 0.00 0.00
36.772	S 12716151 -0.44 0.26 0.00 0.00 HOLD
36.792	>>> V 0.00 0.00
36.792	S 12716171 -0.44 0.26 0.00 0.00 HOLD
36.812	>>> V 0.00 0.00
36.812	S 12716191 -0.44 0.26 0.00 0.00 HOLD
36.832	>>> V 0.00 0.00
36.832	S 12716211 -0.44 0.26 0.00 0.00 HOLD
36.852	>>> V 0.00 0.00
36.852	S 12716231 -0.44 0.26 0.00 0.00 HOLD
36.871	>>> V 0.00 0.00
36.872	S 12716251 -0.44 0.26 0.00 0.00 HOLD
36.892	>>> V 0.00 0.00
36.892	S 12716271 -0.44 0.35 0.00 0.00 HOLD
36.912	>>> V 0.00 0.00
36.912	S 12716291 -0.44 0.26 0.00 0.00 HOLD
36.931	>>> V 0.00 0.00
36.932	S 12716311 -0.44 0.35 0.00 0.00 HOLD
36.952	>>> V 0.00 0.00
36.952	S 12716331 -0.44 0.26 0.00 0.00 HOLD
36.972	>>> V 0.00 0.00
36.972	S 12716351 -0.53 0.26 0.00 0.00 HOLD
36.991	>>> V 0.00 0.00
36.992	S 12716371 -0.44 0.26 0.00 0.00 HOLD
37.012	>>> V 0.00 0.00
37.012	S 12716391 -0.53 0.26 0.00 0.00 HOLD
37.032	>>> V 0.00 0.00
37.032	S 12716411 -0.53 0.26 0.00 0.00 HOLD
37.051	>>> V 0.00 0.00
37.052	S 12716431 -0.44 0.26 0.00 0.00 HOLD
41.094	>>> V 0.00 0.00
41.095	S 12716451 -0.44 0.26 0.00 0.00 HOLD
41.099	S 12716471 -0.44 0.26 0.00 0.00 HOLD
41.100	S 12716491 -0.44 0.26 0.00 0.00 HOLD
41.101	S 12716511 -0.44 0.26 0.00 0.00 HOLD
41.104	S 12716531 -0.44 0.26 0.00 0.00 HOLD
41.106	S 12716551 -0.44 0.26 0.00 0.00 HOLD
41.107	S 12716571 -0.44 0.26 0.00 0.00 HOLD
41.109	S 12716591 -0.44 0.26 0.00 0.00 HOLD
41.111	S 12716611 -0.44 0.26 0.00 0.00 HOLD
41.113	S 12716631 -0.53 0.35 0.00 0.00 HOLD
41.114	S 12716651 -0.44 0.26 0.00 0.00 HOLD
41.115	S 12716671 -0.44 0.26 0.00 0.00 HOLD
41.117	S 12716691 -0.44 0.26 0.00 0.00 HOLD
41.118	S 12716711 -0.44 0.26 0.00 0.00 HOLD
41.119	S 12716731 -0.44 0.26 0.00 0.00 HOLD
41.121	S 12716751 -0.44 0.26 0.00 0.00 HOLD
41.144	S 12716771 -0.44 0.26 0.00 0.00 HOLD
41.145	S 12716791 -0.44 0.26 0.00 0.00 HOLD
41.150	S 12716811 -0.44 0.26 0.00 0.00 HOLD
41.154	S 12716831 -0.44 0.26 0.00 0.00 HOLD
41.160	S 12716851 -0.44 0.26 0.00 0.00 HOLD
41.164	S 12716871 -0.44 0.26 0.00 0.00 HOLD
41.167	S 12716891 -0.44 0.26 0.00 0.00 HOLD
41.168	S 12716911 -0.44 0.26 0.00 0.00 HOLD
41.173	S 12716931 -0.44 0.26 0.00 0.00 HOLD
41.175	S 12716951 -0.44 0.26 0.00 0.00 HOLD
41.176	S 12716971 -0.53 0.26 0.00 0.00 HOLD
41.178	S 12716991 -0.44 0.26 0.00 0.00 HOLD
41.180	S 12717011 -0.53 0.26 0.00 0.00 HOLD
41.182	S 12717031 -0.44 0.26 0.00 0.00 HOLD
41.183	S 12717051 -0.44 0.26 0.00 0.00 HOLD
41.184	S 12717071 -0.44 0.26 0.00 0.00 HOLD
41.186	S 12717091 -0.44 0.26 0.00 0.00 HOLD
41.187	S 12717111 -0.44 0.26 0.00 0.00 HOLD
41.189	S 12717131 -0.44 0.26 0.00 0.00 HOLD
41.192	S 12717151 -0.53 0.35 0.00 0.00 HOLD
41.194	S 12717171 -0.44 0.26 0.00 0.00 HOLD
41.196	S 12717191 -0.44 0.35 0.00 0.00 HOLD
41.197	S 12717211 -0.44 0.26 0.00 0.00 HOLD
41.199	S 12717231 -0.53 0.26 0.00 0.00 HOLD
41.200	S 12717251 -0.44 0.26 0.00 0.00 HOLD
41.201	S 12717271 -0.44 0.26 0.00 0.00 HOLD
41.202	S 12717291 -0.44 0.26 0.00 0.00 HOLD
41.203	S 12717311 -0.44 0.26 0.00 0.00 HOLD
41.204	S 12717331 -0.53 0.26 0.00 0.00 HOLD
41.205	S 12717351 -0.44 0.26 0.00 0.00 HOLD
41.206	S 12717371 -0.53 0.26 0.00 0.00 HOLD
41.207	S 12717391 -0.44 0.26 0.00 0.00 HOLD
41.208	S 12717411 -0.44 0.26 0.00 0.00 HOLD
41.209	S 12717431 -0.44 0.35 0.00 0.00 HOLD
41.213	S 12717451 -0.44 0.26 0.00 0.00 HOLD
41.216	S 12717471 -0.44 0.26 0.00 0.00 HOLD
41.218	S 12717491 -0.44 0.26 0.00 0.00 HOLD
41.219	S 12717511 -0.44 0.26 0.00 0.00 HOLD
41.220	S 12717531 -0.53 0.26 0.00 0.00 HOLD
41.221	S 12717551 -0.44 0.26 0.00 0.00 HOLD
41.222	S 12717571 -0.44 0.26 0.00 0.00 HOLD
41.223	S 12717591 -0.44 0.26 0.00 0.00 HOLD
41.225	S 12717611 -0.44 0.26 0.00 0.00 HOLD
41.226	S 12717631 -0.44 0.26 0.00 0.00 HOLD
41.228	S 12717651 -0.44 0.35 0.00 0.00 HOLD
41.231	S 12717671 -0.44 0.26 0.00 0.00 HOLD
41.232	S 12717691 -0.44 0.26 0.00 0.00 HOLD
41.233	S 12717711 -0.44 0.26 0.00 0.00 HOLD
41.234	S 12717731 -0.53 0.35 0.00 0.00 HOLD
41.235	S 12717751 -0.44 0.35 0.00 0.00 HOLD
41.235	S 12717771 -0.44 0.26 0.00 0.00 HOLD
41.236	S 12717791 -0.44 0.26 0.00 0.00 HOLD
41.237	S 12717811 -0.53 0.26 0.00 0.00 HOLD
41.240	S 12717831 -0.44 0.26 0.00 0.00 HOLD
41.242	S 12717851 -0.44 0.26 0.00 0.00 HOLD
41.243	S 12717871 -0.44 0.26 0.00 0.00 HOLD
41.244	S 12717891 -0.44 0.26 0.00 0.00 HOLD
41.245	S 12717911 -0.44 0.26 0.00 0.00 HOLD
41.246	S 12717931 -0.44 0.26 0.00 0.00 HOLD
41.246	S 12717951 -0.44 0.26 0.00 0.00 HOLD
41.247	S 12717971 -0.44 0.26 0.00 0.00 HOLD
41.248	S 12717991 -0.53 0.26 0.00 0.00 HOLD
41.249	S 12718011 -0.44 0.26 0.00 0.00 HOLD
41.250	S 12718031 -0.44 0.26 0.00 0.00 HOLD
41.251	S 12718051 -0.44 0.26 0.00 0.00 HOLD
41.252	S 12718071 -0.44 0.26 0.00 0.00 HOLD
41.253	S 12718091 -0.44 0.26 0.00 0.00 HOLD
41.254	S 12718111 -0.44 0.26 0.00 0.00 HOLD
41.255	S 12718131 -0.44 0.26 0.00 0.00 HOLD
41.256	S 12718151 -0.44 0.26 0.00 0.00 HOLD
41.257	S 12718171 -0.44 0.26 0.00 0.00 HOLD
41.258	S 12718191 -0.44 0.26 0.00 0.00 HOLD
41.260	S 12718211 -0.44 0.26 0.00 0.00 HOLD
41.261	S 12718231 -0.44 0.26 0.00 0.00 HOLD
41.262	S 12718251 -0.44 0.26 0.00 0.00 HOLD
41.264	S 12718271 -0.53 0.26 0.00 0.00 HOLD
41.265	S 12718291 -0.44 0.26 0.00 0.00 HOLD
41.267	S 12718311 -0.44 0.26 0.00 0.00 HOLD
41.268	S 12718331 -0.53 0.26 0.00 0.00 HOLD
41.270	S 12718351 -0.53 0.26 0.00 0.00 HOLD
41.272	S 12718371 -0.44 0.26 0.00 0.00 HOLD
41.276	S 12718391 -0.44 0.26 0.00 0.00 HOLD
41.280	S 12718411 -0.44 0.26 0.00 0.00 HOLD
41.283	S 12718431 -0.44 0.26 0.00 0.00 HOLD
41.284	S 12718451 -0.44 0.26 0.00 0.00 HOLD
41.285	S 12718471 -0.44 0.26 0.00 0.00 HOLD
41.286	S 12718491 -0.44 0.26 0.00 0.00 HOLD
41.287	S 12718511 -0.53 0.26 0.00 0.00 HOLD
41.288	S 12718531 -0.44 0.26 0.00 0.00 HOLD
41.290	S 12718551 -0.44 0.26 0.00 0.00 HOLD
41.291	S 12718571 -0.53 0.26 0.00 0.00 HOLD
41.298	>>> V 0.00 0.00
41.298	S 12718591 -0.44 0.35 0.00 0.00 HOLD
41.300	S 12718611 -0.44 0.26 0.00 0.00 HOLD
41.300	S 12718631 -0.44 0.26 0.00 0.00 HOLD
41.301	S 12718651 -0.44 0.26 0.00 0.00 HOLD
41.303	S 12718671 -0.44 0.26 0.00 0.00 HOLD
41.304	S 12718691 -0.44 0.26 0.00 0.00 HOLD
41.306	S 12718711 -0.44 0.26 0.00 0.00 HOLD
41.308	S 12718731 -0.44 0.26 0.00 0.00 HOLD
41.314	S 12718751 -0.44 0.26 0.00 0.00 HOLD
41.317	S 12718771 -0.44 0.26 0.00 0.00 HOLD
41.324	S 12718791 -0.44 0.26 0.00 0.00 HOLD
41.328	S 12718811 -0.44 0.26 0.00 0.00 HOLD
41.331	S 12718831 -0.44 0.35 0.00 0.00 HOLD
41.334	S 12718851 -0.44 0.26 0.00 0.00 HOLD
41.336	S 12718871 -0.44 0.26 0.00 0.00 HOLD
41.338	S 12718891 -0.44 0.26 0.00 0.00 HOLD
41.340	S 12718911 -0.44 0.26 0.00 0.00 HOLD
41.340	S 12718931 -0.44 0.26 0.00 0.00 HOLD
41.342	S 12718951 -0.44 0.26 0.00 0.00 HOLD
41.343	S 12718971 -0.44 0.26 0.00 0.00 HOLD
41.345	S 12718991 -0.44 0.26 0.00 0.00 HOLD
41.346	S 12719011 -0.44 0.26 0.00 0.00 HOLD
41.348	S 12719031 -0.44 0.26 0.00 0.00 HOLD
41.349	S 12719051 -0.53 0.35 0.00 0.00 HOLD
41.350	S 12719071 -0.44 0.26 0.00 0.00 HOLD
41.351	S 12719091 -0.44 0.26 0.00 0.00 HOLD
41.352	S 12719111 -0.44 0.26 0.00 0.00 HOLD
41.353	S 12719131 -0.44 0.35 0.00 0.00 HOLD
41.354	S 12719151 -0.44 0.35 0.00 0.00 HOLD
41.354	S 12719171 -0.44 0.26 0.00 0.00 HOLD
41.355	S 12719191 -0.44 0.26 0.00 0.00 HOLD
41.357	S 12719211 -0.44 0.26 0.00 0.00 HOLD
41.358	S 12719231 -0.44 0.26 0.00 0.00 HOLD
41.359	S 12719251 -0.53 0.26 0.00 0.00 HOLD
41.360	S 12719271 -0.44 0.26 0.00 0.00 HOLD
41.361	S 12719291 -0.44 0.26 0.00 0.00 HOLD
41.362	S 12719311 -0.44 0.26 0.00 0.00 HOLD
41.364	S 12719331 -0.44 0.26 0.00 0.00 HOLD
41.366	S 12719351 -0.44 0.26 0.00 0.00 HOLD
41.367	S 12719371 -0.44 0.26 0.00 0.00 HOLD
41.369	S 12719391 -0.44 0.26 0.00 0.00 HOLD
41.371	S 12719411 -0.44 0.26 0.00 0.00 HOLD
41.385	S 12719431 -0.44 0.26 0.00 0.00 HOLD
41.386	S 12719451 -0.44 0.26 0.00 0.00 HOLD
41.387	S 12719471 -0.53 0.26 0.00 0.00 HOLD
41.395	S 12719491 -0.44 0.26 0.00 0.00 HOLD
41.396	S 12719511 -0.44 0.26 0.00 0.00 HOLD
41.397	S 12719531 -0.44 0.26 0.00 0.00 HOLD
41.398	S 12719551 -0.44 0.26 0.00 0.00 HOLD
41.399	S 12719571 -0.44 0.26 0.00 0.00 HOLD
41.400	S 12719591 -0.44 0.26 0.00 0.00 HOLD
41.401	S 12719611 -0.44 0.26 0.00 0.00 HOLD
41.402	S 12719631 -0.44 0.26 0.00 0.00 HOLD
41.404	S 12719651 -0.44 0.26 0.00 0.00 HOLD
41.405	S 12719671 -0.44 0.26 0.00 0.00 HOLD
41.407	S 12719691 -0.44 0.26 0.00 0.00 HOLD
41.408	S 12719711 -0.44 0.26 0.00 0.00 HOLD
41.409	S 12719731 -0.44 0.26 0.00 0.00 HOLD
41.410	S 12719751 -0.44 0.26 0.00 0.00 HOLD
41.411	S 12719771 -0.44 0.26 0.00 0.00 HOLD
41.421	S 12719791 -0.44 0.26 0.00 0.00 HOLD
41.423	S 12719811 -0.44 0.26 0.00 0.00 HOLD
41.426	S 12719831 -0.53 0.26 0.00 0.00 HOLD
41.429	S 12719851 -0.44 0.26 0.00 0.00 HOLD
41.432	S 12719871 -0.53 0.26 0.00 0.00 HOLD
41.434	S 12719891 -0.44 0.26 0.00 0.00 HOLD
41.435	S 12719911 -0.44 0.26 0.00 0.00 HOLD
41.439	S 12720512 -0.44 0.26 0.00 0.00 HOLD
41.440	S 12720532 -0.44 0.26 0.00 0.00 HOLD
41.441	S 12720552 -0.44 0.26 0.00 0.00 HOLD
41.442	S 12720572 -0.44 0.26 0.00 0.00 HOLD
41.445	S 12720592 -0.44 0.26 0.00 0.00 HOLD
41.465	S 12720612 -0.44 0.26 0.00 0.00 HOLD
41.467	S 12720632 -0.44 0.35 0.00 0.00 HOLD
41.470	S 12720652 -0.44 0.35 0.00 0.00 HOLD
41.473	S 12720672 -0.44 0.26 0.00 0.00 HOLD
41.476	S 12720692 -0.44 0.26 0.00 0.00 HOLD
41.481	>>> V 0.00 0.00
41.481	S 12720712 -0.44 0.26 0.00 0.00 HOLD
41.483	S 12720732 -0.44 0.35 0.00 0.00 HOLD
41.485	S 12720752 -0.44 0.35 0.00 0.00 HOLD
41.486	S 12720772 -0.53 0.26 0.00 0.00 HOLD
41.487	S 12720792 -0.44 0.26 0.00 0.00 HOLD
41.488	S 12720812 -0.44 0.26 0.00 0.00 HOLD
41.489	S 12720832 -0.44 0.26 0.00 0.00 HOLD
41.491	S 12720852 -0.44 0.26 0.00 0.00 HOLD
41.492	S 12720872 -0.53 0.26 0.00 0.00 HOLD
41.497	>>> V 0.00 0.00
41.498	S 12720892 -0.53 0.26 0.00 0.00 HOLD
41.515	>>> V 0.00 0.00
41.515	S 12720912 -0.44 0.26 0.00 0.00 HOLD
41.532	>>> V 0.00 0.00
41.554	>>> V 0.00 0.00
41.554	S 12720932 -0.53 0.26 0.00 0.00 HOLD
41.556	S 12720952 -0.44 0.26 0.00 0.00 HOLD
41.578	>>> V 0.00 0.00
41.579	S 12720972 -0.44 0.26 0.00 0.00 HOLD
41.592	>>> V 0.00 0.00
41.614	>>> V 0.00 0.00
41.618	S 12720992 -0.44 0.26 0.00 0.00 HOLD
41.619	S 12721012 -0.44 0.26 0.00 0.00 HOLD
41.632	>>> V 0.00 0.00
41.635	S 12721032 -0.44 0.35 0.00 0.00 HOLD
41.652	>>> V 0.00 0.00
41.674	>>> V 0.00 0.00
41.674	S 12721052 -0.44 0.26 0.00 0.00 HOLD
41.676	S 12721072 -0.44 0.26 0.00 0.00 HOLD
41.692	>>> V 0.00 0.00
41.712	>>> V 0.00 0.00
41.713	S 12721092 -0.44 0.26 0.00 0.00 HOLD
41.733	>>> V 0.00 0.00
41.736	S 12721112 -0.53 0.26 0.00 0.00 HOLD
41.738	S 12721132 -0.44 0.26 0.00 0.00 HOLD
41.753	>>> V 0.00 0.00
41.756	S 12721152 -0.44 0.26 0.00 0.00 HOLD
41.771	>>> V 0.00 0.00
41.793	>>> V 0.00 0.00
41.794	S 12721172 -0.44 0.26 0.00 0.00 HOLD
41.812	>>> V 0.00 0.00
41.814	S 12721192 -0.44 0.26 0.00 0.00 HOLD
41.815	S 12721212 -0.44 0.26 0.00 0.00 HOLD
41.835	>>> V 0.00 0.00
41.837	S 12721232 -0.44 0.26 0.00 0.00 HOLD
41.855	>>> V 0.00 0.00
41.856	S 12721252 -0.44 0.26 0.00 0.00 HOLD
41.873	>>> V 0.00 0.00
41.893	>>> V 0.00 0.00
41.893	S 12721272 -0.44 0.26 0.00 0.00 HOLD
41.912	>>> V 0.00 0.00
41.913	S 12721292 -0.44 0.26 0.00 0.00 HOLD
41.933	>>> V 0.00 0.00
41.934	S 12721312 -0.44 0.26 0.00 0.00 HOLD
41.954	>>> V 0.00 0.00
41.957	S 12721332 -0.44 0.26 0.00 0.00 HOLD
41.959	S 12721352 -0.44 0.26 0.00 0.00 HOLD
41.973	>>> V 0.00 0.00
41.976	S 12721372 -0.44 0.26 0.00 0.00 HOLD
41.993	>>> V 0.00 0.00
42.012	>>> V 0.00 0.00
42.014	S 12721392 -0.44 0.26 0.00 0.00 HOLD
42.018	S 12721412 -0.44 0.26 0.00 0.00 HOLD
42.032	>>> V 0.00 0.00
42.052	>>> V 0.00 0.00
42.053	S 12721432 -0.44 0.26 0.00 0.00 HOLD
42.072	>>> V 0.00 0.00
42.072	S 12721452 -0.44 0.26 0.00 0.00 HOLD
42.091	>>> V 0.00 0.00
42.094	S 12721472 -0.44 0.26 0.00 0.00 HOLD
42.095	S 12721492 -0.53 0.26 0.00 0.00 HOLD
42.112	>>> V 0.00 0.00
42.116	S 12721512 -0.53 0.26 0.00 0.00 HOLD
42.132	>>> V 0.00 0.00
42.135	S 12721532 -0.44 0.26 0.00 0.00 HOLD
42.152	>>> V 0.00 0.00
42.174	>>> V 0.00 0.00
42.176	S 12721552 -0.44 0.26 0.00 0.00 HOLD
42.177	S 12721572 -0.44 0.26 0.00 0.00 HOLD
42.191	>>> V 0.00 0.00
42.212	>>> V 0.00 0.00
42.212	S 12721592 -0.44 0.26 0.00 0.00 HOLD
42.231	>>> V 0.00 0.00
42.232	S 12721612 -0.44 0.26 0.00 0.00 HOLD
42.252	>>> V 0.00 0.00
42.253	S 12721632 -0.44 0.26 0.00 0.00 HOLD
42.277	>>> V 0.00 0.00
42.278	S 12721652 -0.44 0.26 0.00 0.00 HOLD
42.284	S 12721672 -0.44 0.26 0.00 0.00 HOLD
42.301	>>> V 0.00 0.00
42.306	S 12721692 -0.44 0.26 0.00 0.00 HOLD
42.319	>>> V 0.00 0.00
42.322	S 12721712 -0.44 0.26 0.00 0.00 HOLD
42.338	>>> V 0.00 0.00
42.339	S 12721732 -0.44 0.26 0.00 0.00 HOLD
42.353	>>> V 0.00 0.00
42.354	S 12721752 -0.44 0.26 0.00 0.00 HOLD
42.372	>>> V 0.00 0.00
42.374	S 12721772 -0.44 0.26 0.00 0.00 HOLD
42.391	>>> V 0.00 0.00
42.412	>>> V 0.00 0.00
42.414	S 12721792 -0.44 0.26 0.00 0.00 HOLD
42.419	S 12721812 -0.53 0.26 0.00 0.00 HOLD
42.435	>>> V 0.00 0.00
42.439	S 12721832 -0.44 0.26 0.00 0.00 HOLD
42.453	>>> V 0.00 0.00
42.456	S 12721852 -0.44 0.26 0.00 0.00 HOLD
42.483	>>> V 0.00 0.00
42.485	S 12721872 -0.53 0.26 0.00 0.00 HOLD
42.492	>>> V 0.00 0.00
42.521	>>> V 0.00 0.00
42.524	S 12721892 -0.44 0.26 0.00 0.00 HOLD
42.528	S 12721912 -0.44 0.26 0.00 0.00 HOLD
42.534	>>> V 0.00 0.00
42.536	S 12721932 -0.44 0.26 0.00 0.00 HOLD
42.552	>>> V 0.00 0.00
42.573	>>> V 0.00 0.00
42.573	S 12721952 -0.53 0.26 0.00 0.00 HOLD
42.599	>>> V 0.00 0.00
42.600	S 12721972 -0.53 0.26 0.00 0.00 HOLD
42.604	S 12721992 -0.44 0.26 0.00 0.00 HOLD
42.615	>>> V 0.00 0.00
42.616	S 12722012 -0.44 0.26 0.00 0.00 HOLD
42.634	>>> V 0.00 0.00
42.637	S 12722032 -0.44 0.26 0.00 0.00 HOLD
42.652	>>> V 0.00 0.00
42.671	>>> V 0.00 0.00
42.672	S 12722052 -0.44 0.26 0.00 0.00 HOLD
42.693	>>> V 0.00 0.00
42.693	S 12722072 -0.44 0.35 0.00 0.00 HOLD
42.712	>>> V 0.00 0.00
42.712	S 12722092 -0.44 0.26 0.00 0.00 HOLD
42.732	>>> V 0.00 0.00
42.732	S 12722112 -0.44 0.26 0.00 0.00 HOLD
42.754	>>> V 0.00 0.00
42.755	S 12722132 -0.44 0.26 0.00 0.00 HOLD
42.759	S 12722152 -0.44 0.26 0.00 0.00 HOLD
42.772	>>> V 0.00 0.00
42.794	>>> V 0.00 0.00
42.795	S 12722172 -0.44 0.26 0.00 0.00 HOLD
42.797	S 12722192 -0.44 0.26 0.00 0.00 HOLD
42.812	>>> V 0.00 0.00
42.831	>>> V 0.00 0.00
42.832	S 12722212 -0.44 0.35 0.00 0.00 HOLD
42.852	>>> V 0.00 0.00
42.853	S 12722232 -0.44 0.26 0.00 0.00 HOLD
42.871	>>> V 0.00 0.00
42.872	S 12722252 -0.44 0.26 0.00 0.00 HOLD
42.893	>>> V 0.00 0.00
42.893	S 12722272 -0.53 0.26 0.00 0.00 HOLD
42.913	>>> V 0.00 0.00
42.913	S 12722292 -0.53 0.26 0.00 0.00 HOLD
42.931	>>> V 0.00 0.00
42.932	S 12722312 -0.53 0.26 0.00 0.00 HOLD
42.952	>>> V 0.00 0.00
42.952	S 12722332 -0.44 0.26 0.00 0.00 HOLD
42.971	>>> V 0.00 0.00
42.972	S 12722352 -0.44 0.26 0.00 0.00 HOLD
42.992	>>> V 0.00 0.00
42.992	S 12722372 -0.44 0.26 0.00 0.00 HOLD
43.012	>>> V 0.00 0.00
43.013	S 12722392 -0.44 0.26 0.00 0.00 HOLD
43.034	>>> V 0.00 0.00
43.035	S 12722412 -0.44 0.35 0.00 0.00 HOLD
43.038	S 12722432 -0.44 0.26 0.00 0.00 HOLD
43.051	>>> V 0.00 0.00
43.073	>>> V 0.00 0.00
43.073	S 12722452 -0.53 0.35 0.00 0.00 HOLD
43.092	>>> V 0.00 0.00
43.092	S 12722472 -0.44 0.26 0.00 0.00 HOLD
43.111	>>> V 0.00 0.00
43.114	S 12722492 -0.53 0.26 0.00 0.00 HOLD
43.132	>>> V 0.00 0.00
43.133	S 12722512 -0.44 0.26 0.00 0.00 HOLD
43.152	>>> V 0.00 0.00
43.153	S 12722532 -0.44 0.35 0.00 0.00 HOLD
43.173	>>> V 0.00 0.00
43.173	S 12722552 -0.44 0.35 0.00 0.00 HOLD
43.192	>>> V 0.00 0.00
43.192	S 12722572 -0.53 0.35 0.00 0.00 HOLD
43.211	>>> V 0.00 0.00
43.212	S 12722592 -0.44 0.26 0.00 0.00 HOLD
43.232	>>> V 0.00 0.00
43.232	S 12722612 -0.44 0.26 0.00 0.00 HOLD
43.252	>>> V 0.00 0.00
43.252	S 12722632 -0.44 0.26 0.00 0.00 HOLD
43.274	>>> V 0.00 0.00
43.277	S 12722652 -0.44 0.35 0.00 0.00 HOLD
43.287	S 12722672 -0.44 0.35 0.00 0.00 HOLD
43.302	>>> V 0.00 0.00
43.303	S 12722692 -0.44 0.26 0.00 0.00 HOLD
43.316	>>> V 0.00 0.00
43.317	S 12722712 -0.44 0.35 0.00 0.00 HOLD
43.335	>>> V 0.00 0.00
43.336	S 12722732 -0.53 0.26 0.00 0.00 HOLD
43.354	>>> V 0.00 0.00
43.356	S 12722752 -0.44 0.35 0.00 0.00 HOLD
43.372	>>> V 0.00 0.00
43.374	S 12722772 -0.44 0.26 0.00 0.00 HOLD
43.392	>>> V 0.00 0.00
43.415	>>> V 0.00 0.00
43.416	S 12722792 -0.44 0.26 0.00 0.00 HOLD
43.419	S 12722812 -0.53 0.26 0.00 0.00 HOLD
43.447	>>> V 0.00 0.00
43.451	S 12722832 -0.44 0.26 0.00 0.00 HOLD
43.468	>>> V 0.00 0.00
43.469	S 12722852 -0.44 0.26 0.00 0.00 HOLD
43.477	>>> V 0.00 0.00
43.481	S 12722872 -0.44 0.26 0.00 0.00 HOLD
43.492	>>> V 0.00 0.00
43.513	>>> V 0.00 0.00
43.514	S 12722892 -0.44 0.26 0.00 0.00 HOLD
43.532	>>> V 0.00 0.00
43.533	S 12722912 -0.44 0.26 0.00 0.00 HOLD
43.552	>>> V 0.00 0.00
43.553	S 12722932 -0.44 0.26 0.00 0.00 HOLD
43.572	>>> V 0.00 0.00
43.574	S 12722952 -0.44 0.26 0.00 0.00 HOLD
43.579	S 12722972 -0.44 0.26 0.00 0.00 HOLD
43.592	>>> V 0.00 0.00
43.594	S 12722992 -0.44 0.26 0.00 0.00 HOLD
43.612	>>> V 0.00 0.00
43.633	>>> V 0.00 0.00
43.633	S 12723012 -0.44 0.26 0.00 0.00 HOLD
43.652	>>> V 0.00 0.00
43.653	S 12723032 -0.44 0.26 0.00 0.00 HOLD
43.672	>>> V 0.00 0.00
43.673	S 12723052 -0.44 0.26 0.00 0.00 HOLD
43.696	>>> V 0.00 0.00
43.697	S 12723072 -0.53 0.26 0.00 0.00 HOLD
43.699	S 12723092 -0.44 0.26 0.00 0.00 HOLD
43.717	>>> V 0.00 0.00
43.717	S 12723112 -0.44 0.26 0.00 0.00 HOLD
43.731	>>> V 0.00 0.00
43.753	>>> V 0.00 0.00
43.753	S 12723132 -0.44 0.26 0.00 0.00 HOLD
43.773	>>> V 0.00 0.00
43.773	S 12723152 -0.44 0.35 0.00 0.00 HOLD
43.793	>>> V 0.00 0.00
43.794	S 12723172 -0.44 0.26 0.00 0.00 HOLD
43.796	S 12723192 -0.44 0.35 0.00 0.00 HOLD
43.814	>>> V 0.00 0.00
43.815	S 12723212 -0.53 0.26 0.00 0.00 HOLD
43.833	>>> V 0.00 0.00
43.844	S 12723232 -0.44 0.26 0.00 0.00 HOLD
43.853	>>> V 0.00 0.00
43.872	>>> V 0.00 0.00
43.875	S 12723252 -0.44 0.26 0.00 0.00 HOLD
43.882	S 12723272 -0.53 0.26 0.00 0.00 HOLD
43.892	>>> V 0.00 0.00
43.913	>>> V 0.00 0.00
43.913	S 12723292 -0.44 0.26 0.00 0.00 HOLD
43.935	>>> V 0.00 0.00
43.936	S 12723312 -0.44 0.26 0.00 0.00 HOLD
43.937	S 12723332 -0.44 0.26 0.00 0.00 HOLD
43.952	>>> V 0.00 0.00
43.974	>>> V 0.00 0.00
43.974	S 12723352 -0.44 0.26 0.00 0.00 HOLD
43.975	S 12723372 -0.53 0.26 0.00 0.00 HOLD
43.994	>>> V 0.00 0.00
43.997	S 12723392 -0.44 0.26 0.00 0.00 HOLD
44.011	>>> V 0.00 0.00
44.032	>>> V 0.00 0.00
44.033	S 12723412 -0.44 0.26 0.00 0.00 HOLD
44.051	>>> V 0.00 0.00
44.053	S 12723432 -0.44 0.26 0.00 0.00 HOLD
44.072	>>> V 0.00 0.00
44.075	S 12723452 -0.44 0.26 0.00 0.00 HOLD
44.077	S 12723472 -0.44 0.26 0.00 0.00 HOLD
44.094	>>> V 0.00 0.00
44.097	S 12723492 -0.44 0.26 0.00 0.00 HOLD
44.117	>>> V 0.00 0.00
44.118	S 12723512 -0.53 0.35 0.00 0.00 HOLD
44.132	>>> V 0.00 0.00
44.135	S 12723532 -0.44 0.26 0.00 0.00 HOLD
44.158	>>> V 0.00 0.00
44.161	S 12723552 -0.44 0.26 0.00 0.00 HOLD
44.172	>>> V 0.00 0.00
44.174	S 12723572 -0.44 0.26 0.00 0.00 HOLD
44.196	>>> V 0.00 0.00
44.199	S 12723592 -0.44 0.26 0.00 0.00 HOLD
44.215	>>> V 0.00 0.00
44.217	S 12723612 -0.53 0.26 0.00 0.00 HOLD
44.234	>>> V 0.00 0.00
44.238	S 12723632 -0.44 0.26 0.00 0.00 HOLD
44.256	>>> V 0.00 0.00
44.260	S 12723652 -0.44 0.26 0.00 0.00 HOLD
44.272	>>> V 0.00 0.00
44.275	S 12723672 -0.44 0.26 0.00 0.00 HOLD
44.293	>>> V 0.00 0.00
44.296	S 12723692 -0.44 0.26 0.00 0.00 HOLD
44.314	>>> V 0.00 0.00
44.315	S 12723712 -0.53 0.26 0.00 0.00 HOLD
44.333	>>> V 0.00 0.00
44.336	S 12723732 -0.44 0.26 0.00 0.00 HOLD
44.353	>>> V 0.00 0.00
44.383	>>> V 0.00 0.00
44.386	S 12723752 -0.44 0.26 0.00 0.00 HOLD
44.388	S 12723772 -0.44 0.26 0.00 0.00 HOLD
44.395	>>> V 0.00 0.00
44.399	S 12723792 -0.44 0.26 0.00 0.00 HOLD
44.412	>>> V 0.00 0.00
44.432	>>> V 0.00 0.00
44.435	S 12723812 -0.53 0.26 0.00 0.00 HOLD
44.438	S 12723832 -0.44 0.26 0.00 0.00 HOLD
44.453	>>> V 0.00 0.00
44.454	S 12723852 -0.53 0.26 0.00 0.00 HOLD
44.472	>>> V 0.00 0.00
44.493	>>> V 0.00 0.00
44.495	S 12723872 -0.44 0.26 0.00 0.00 HOLD
44.506	S 12723892 -0.53 0.26 0.00 0.00 HOLD
44.513	>>> V 0.00 0.00
44.532	>>> V 0.00 0.00
44.537	S 12723912 -0.44 0.26 0.00 0.00 HOLD
44.546	S 12723932 -0.53 0.35 0.00 0.00 HOLD
44.559	>>> V 0.00 0.00
44.560	S 12723952 -0.44 0.26 0.00 0.00 HOLD
44.572	>>> V 0.00 0.00
44.594	>>> V 0.00 0.00
44.596	S 12723972 -0.44 0.26 0.00 0.00 HOLD
44.603	S 12723992 -0.44 0.26 0.00 0.00 HOLD
44.612	>>> V 0.00 0.00
44.640	>>> V 0.00 0.00
44.643	S 12724012 -0.53 0.35 0.00 0.00 HOLD
44.647	S 12724032 -0.44 0.26 0.00 0.00 HOLD
44.658	>>> V 0.00 0.00
44.659	S 12724052 -0.53 0.26 0.00 0.00 HOLD
44.688	>>> V 0.00 0.00
44.691	S 12724072 -0.53 0.26 0.00 0.00 HOLD
44.704	>>> V 0.00 0.00
44.707	S 12724092 -0.53 0.26 0.00 0.00 HOLD
44.724	>>> V 0.00 0.00
44.724	S 12724112 -0.44 0.26 0.00 0.00 HOLD
44.732	>>> V 0.00 0.00
44.751	>>> V 0.00 0.00
44.753	S 12724132 -0.44 0.26 0.00 0.00 HOLD
44.772	>>> V 0.00 0.00
44.773	S 12724152 -0.44 0.26 0.00 0.00 HOLD
44.793	>>> V 0.00 0.00
44.793	S 12724172 -0.44 0.26 0.00 0.00 HOLD
44.812	>>> V 0.00 0.00
44.818	S 12724192 -0.44 0.26 0.00 0.00 HOLD
44.822	S 12724212 -0.44 0.26 0.00 0.00 HOLD
44.833	>>> V 0.00 0.00
44.835	S 12724232 -0.44 0.35 0.00 0.00 HOLD
44.852	>>> V 0.00 0.00
44.857	S 12724252 -0.44 0.26 0.00 0.00 HOLD
44.874	>>> V 0.00 0.00
44.876	S 12724272 -0.44 0.26 0.00 0.00 HOLD
44.896	>>> V 0.00 0.00
44.901	S 12724292 -0.44 0.26 0.00 0.00 HOLD
44.912	>>> V 0.00 0.00
44.933	>>> V 0.00 0.00
44.935	S 12724312 -0.44 0.35 0.00 0.00 HOLD
44.937	S 12724332 -0.44 0.26 0.00 0.00 HOLD
44.951	>>> V 0.00 0.00
44.971	>>> V 0.00 0.00
44.973	S 12724352 -0.53 0.26 0.00 0.00 HOLD
44.992	>>> V 0.00 0.00
44.993	S 12724372 -0.53 0.26 0.00 0.00 HOLD
45.014	>>> V 0.00 0.00
45.015	S 12724392 -0.44 0.26 0.00 0.00 HOLD
45.020	S 12724412 -0.44 0.26 0.00 0.00 HOLD
45.038	>>> V 0.00 0.00
45.043	S 12724432 -0.53 0.26 0.00 0.00 HOLD
45.052	>>> V 0.00 0.00
45.056	S 12724452 -0.53 0.26 0.00 0.00 HOLD
45.079	>>> V 0.00 0.00
45.079	S 12724472 -0.53 0.26 0.00 0.00 HOLD
45.100	>>> V 0.00 0.00
45.100	S 12724492 -0.44 0.26 0.00 0.00 HOLD
45.112	>>> V 0.00 0.00
45.133	>>> V 0.00 0.00
45.136	S 12724512 -0.44 0.26 0.00 0.00 HOLD
45.146	S 12724532 -0.44 0.26 0.00 0.00 HOLD
45.151	>>> V 0.00 0.00
45.172	>>> V 0.00 0.00
45.173	S 12724552 -0.44 0.26 0.00 0.00 HOLD
45.191	>>> V 0.00 0.00
45.192	S 12724572 -0.53 0.26 0.00 0.00 HOLD
45.212	>>> V 0.00 0.00
45.213	S 12724592 -0.53 0.26 0.00 0.00 HOLD
45.233	>>> V 0.00 0.00
45.233	S 12724612 -0.44 0.26 0.00 0.00 HOLD
45.255	>>> V 0.00 0.00
45.258	S 12724632 -0.44 0.26 0.00 0.00 HOLD
45.262	S 12724652 -0.53 0.26 0.00 0.00 HOLD
45.273	>>> V 0.00 0.00
45.293	>>> V 0.00 0.00
45.294	S 12724672 -0.44 0.26 0.00 0.00 HOLD
45.296	S 12724692 -0.53 0.26 0.00 0.00 HOLD
45.313	>>> V 0.00 0.00
45.334	>>> V 0.00 0.00
45.334	S 12724712 -0.53 0.26 0.00 0.00 HOLD
45.335	S 12724732 -0.44 0.26 0.00 0.00 HOLD
45.351	>>> V 0.00 0.00
45.372	>>> V 0.00 0.00
45.373	S 12724752 -0.44 0.26 0.00 0.00 HOLD
45.392	>>> V 0.00 0.00
45.392	S 12724772 -0.44 0.26 0.00 0.00 HOLD
45.411	>>> V 0.00 0.00
45.412	S 12724792 -0.44 0.26 0.00 0.00 HOLD
45.432	>>> V 0.00 0.00
45.433	S 12724812 -0.44 0.26 0.00 0.00 HOLD
45.451	>>> V 0.00 0.00
45.452	S 12724832 -0.53 0.26 0.00 0.00 HOLD
45.471	>>> V 0.00 0.00
45.472	S 12724852 -0.44 0.26 0.00 0.00 HOLD
45.492	>>> V 0.00 0.00
45.492	S 12724872 -0.53 0.26 0.00 0.00 HOLD
45.513	>>> V 0.00 0.00
45.514	S 12724892 -0.44 0.26 0.00 0.00 HOLD
45.518	S 12724912 -0.53 0.26 0.00 0.00 HOLD
45.531	>>> V 0.00 0.00
45.553	>>> V 0.00 0.00
45.553	S 12724932 -0.44 0.26 0.00 0.00 HOLD
45.572	>>> V 0.00 0.00
45.573	S 12724952 -0.44 0.26 0.00 0.00 HOLD
45.592	>>> V 0.00 0.00
45.592	S 12724972 -0.44 0.26 0.00 0.00 HOLD
45.612	>>> V 0.00 0.00
45.613	S 12724992 -0.44 0.26 0.00 0.00 HOLD
45.631	>>> V 0.00 0.00
45.632	S 12725012 -0.44 0.26 0.00 0.00 HOLD
45.653	>>> V 0.00 0.00
45.654	S 12725032 -0.53 0.35 0.00 0.00 HOLD
45.671	>>> V 0.00 0.00
45.673	S 12725052 -0.44 0.26 0.00 0.00 HOLD
45.693	>>> V 0.00 0.00
45.694	S 12725072 -0.44 0.26 0.00 0.00 HOLD
45.697	S 12725092 -0.44 0.26 0.00 0.00 HOLD
45.712	>>> V 0.00 0.00
45.732	>>> V 0.00 0.00
45.732	S 12725112 -0.44 0.26 0.00 0.00 HOLD
45.753	>>> V 0.00 0.00
45.753	S 12725132 -0.44 0.26 0.00 0.00 HOLD
45.771	>>> V 0.00 0.00
45.772	S 12725152 -0.44 0.26 0.00 0.00 HOLD
45.793	>>> V 0.00 0.00
45.797	S 12725172 -0.44 0.26 0.00 0.00 HOLD
45.801	S 12725192 -0.44 0.26 0.00 0.00 HOLD
45.811	>>> V 0.00 0.00
45.833	>>> V 0.00 0.00
45.835	S 12725212 -0.44 0.26 0.00 0.00 HOLD
45.852	>>> V 0.00 0.00
45.853	S 12725232 -0.44 0.26 0.00 0.00 HOLD
45.872	>>> V 0.00 0.00
45.873	S 12725252 -0.44 0.26 0.00 0.00 HOLD
45.892	>>> V 0.00 0.00
45.892	S 12725272 -0.44 0.26 0.00 0.00 HOLD
45.912	>>> V 0.00 0.00
45.913	S 12725292 -0.53 0.26 0.00 0.00 HOLD
45.932	>>> V 0.00 0.00
45.933	S 12725312 -0.44 0.26 0.00 0.00 HOLD
45.951	>>> V 0.00 0.00
45.952	S 12725332 -0.53 0.26 0.00 0.00 HOLD
45.973	>>> V 0.00 0.00
45.974	S 12725352 -0.53 0.35 0.00 0.00 HOLD
45.977	S 12725372 -0.44 0.26 0.00 0.00 HOLD
45.991	>>> V 0.00 0.00
46.012	>>> V 0.00 0.00
46.014	S 12725392 -0.44 0.26 0.00 0.00 HOLD
46.031	>>> V 0.00 0.00
46.032	S 12725412 -0.53 0.35 0.00 0.00 HOLD
46.052	>>> V 0.00 0.00
46.052	S 12725432 -0.44 0.26 0.00 0.00 HOLD
46.071	>>> V 0.00 0.00
46.072	S 12725452 -0.44 0.26 0.00 0.00 HOLD
46.091	>>> V 0.00 0.00
46.092	S 12725472 -0.53 0.26 0.00 0.00 HOLD
46.112	>>> V 0.00 0.00
46.113	S 12725492 -0.44 0.26 0.00 0.00 HOLD
46.131	>>> V 0.00 0.00
46.132	S 12725512 -0.44 0.26 0.00 0.00 HOLD
46.152	>>> V 0.00 0.00
46.153	S 12725532 -0.44 0.26 0.00 0.00 HOLD
46.171	>>> V 0.00 0.00
46.172	S 12725552 -0.53 0.26 0.00 0.00 HOLD
46.193	>>> V 0.00 0.00
46.194	S 12725572 -0.44 0.26 0.00 0.00 HOLD
46.211	>>> V 0.00 0.00
46.212	S 12725592 -0.44 0.26 0.00 0.00 HOLD
46.232	>>> V 0.00 0.00
46.232	S 12725612 -0.53 0.26 0.00 0.00 HOLD
46.251	>>> V 0.00 0.00
46.252	S 12725632 -0.44 0.26 0.00 0.00 HOLD
46.273	>>> V 0.00 0.00
46.274	S 12725652 -0.53 0.26 0.00 0.00 HOLD
46.291	>>> V 0.00 0.00
46.292	S 12725672 -0.44 0.26 0.00 0.00 HOLD
46.312	>>> V 0.00 0.00
46.313	S 12725692 -0.44 0.35 0.00 0.00 HOLD
46.331	>>> V 0.00 0.00
46.332	S 12725712 -0.53 0.26 0.00 0.00 HOLD
46.353	>>> V 0.00 0.00
46.354	S 12725732 -0.44 0.26 0.00 0.00 HOLD
46.372	>>> V 0.00 0.00
46.375	S 12725752 -0.53 0.26 0.00 0.00 HOLD
46.377	S 12725772 -0.44 0.26 0.00 0.00 HOLD
46.393	>>> V 0.00 0.00
46.395	S 12725792 -0.44 0.26 0.00 0.00 HOLD
46.411	>>> V 0.00 0.00
46.432	>>> V 0.00 0.00
46.432	S 12725812 -0.44 0.26 0.00 0.00 HOLD
46.451	>>> V 0.00 0.00
46.452	S 12725832 -0.44 0.26 0.00 0.00 HOLD
46.472	>>> V 0.00 0.00
46.472	S 12725852 -0.53 0.26 0.00 0.00 HOLD
46.491	>>> V 0.00 0.00
46.492	S 12725872 -0.44 0.26 0.00 0.00 HOLD
46.511	>>> V 0.00 0.00
46.512	S 12725892 -0.44 0.26 0.00 0.00 HOLD
46.531	>>> V 0.00 0.00
46.532	S 12725912 -0.44 0.26 0.00 0.00 HOLD
46.552	>>> V 0.00 0.00
46.552	S 12725932 -0.44 0.26 0.00 0.00 HOLD
46.572	>>> V 0.00 0.00
46.573	S 12725952 -0.53 0.26 0.00 0.00 HOLD
46.592	>>> V 0.00 0.00
46.592	S 12725972 -0.53 0.26 0.00 0.00 HOLD
46.613	>>> V 0.00 0.00
46.614	S 12725992 -0.44 0.26 0.00 0.00 HOLD
46.632	>>> V 0.00 0.00
46.632	S 12726012 -0.44 0.35 0.00 0.00 HOLD
46.652	>>> V 0.00 0.00
46.653	S 12726032 -0.44 0.26 0.00 0.00 HOLD
46.671	>>> V 0.00 0.00
46.672	S 12726052 -0.44 0.26 0.00 0.00 HOLD
46.692	>>> V 0.00 0.00
46.693	S 12726072 -0.44 0.26 0.00 0.00 HOLD
46.712	>>> V 0.00 0.00
46.713	S 12726092 -0.44 0.26 0.00 0.00 HOLD
46.732	>>> V 0.00 0.00
46.732	S 12726112 -0.53 0.26 0.00 0.00 HOLD
46.751	>>> V 0.00 0.00
46.752	S 12726132 -0.44 0.26 0.00 0.00 HOLD
46.771	>>> V 0.00 0.00
46.772	S 12726152 -0.44 0.26 0.00 0.00 HOLD
46.792	>>> V 0.00 0.00
46.792	S 12726172 -0.53 0.26 0.00 0.00 HOLD
46.811	>>> V 0.00 0.00
46.812	S 12726192 -0.53 0.26 0.00 0.00 HOLD
46.833	>>> V 0.00 0.00
46.833	S 12726212 -0.44 0.26 0.00 0.00 HOLD
46.851	>>> V 0.00 0.00
46.852	S 12726232 -0.44 0.26 0.00 0.00 HOLD
46.873	>>> V 0.00 0.00
46.874	S 12726252 -0.53 0.26 0.00 0.00 HOLD
46.892	>>> V 0.00 0.00
46.892	S 12726272 -0.53 0.26 0.00 0.00 HOLD
46.913	>>> V 0.00 0.00
46.914	S 12726292 -0.44 0.26 0.00 0.00 HOLD
46.932	>>> V 0.00 0.00
46.932	S 12726312 -0.44 0.26 0.00 0.00 HOLD
46.953	>>> V 0.00 0.00
46.953	S 12726332 -0.44 0.35 0.00 0.00 HOLD
46.972	>>> V 0.00 0.00
46.973	S 12726352 -0.44 0.26 0.00 0.00 HOLD
46.992	>>> V 0.00 0.00
46.992	S 12726372 -0.53 0.26 0.00 0.00 HOLD
47.012	>>> V 0.00 0.00
47.013	S 12726392 -0.44 0.26 0.00 0.00 HOLD
47.031	>>> V 0.00 0.00
47.032	S 12726412 -0.53 0.26 0.00 0.00 HOLD
47.052	>>> V 0.00 0.00
47.053	S 12726432 -0.53 0.26 0.00 0.00 HOLD
47.071	>>> V 0.00 0.00
47.072	S 12726452 -0.44 0.35 0.00 0.00 HOLD
47.092	>>> V 0.00 0.00
47.093	S 12726472 -0.53 0.26 0.00 0.00 HOLD
47.112	>>> V 0.00 0.00
47.114	S 12726492 -0.44 0.26 0.00 0.00 HOLD
47.133	>>> V 0.00 0.00
47.134	S 12726512 -0.44 0.26 0.00 0.00 HOLD
47.152	>>> V 0.00 0.00
47.152	S 12726532 -0.44 0.26 0.00 0.00 HOLD
47.175	>>> V 0.00 0.00
47.176	S 12726552 -0.44 0.26 0.00 0.00 HOLD
47.178	S 12726572 -0.44 0.26 0.00 0.00 HOLD
47.191	>>> V 0.00 0.00
47.213	>>> V 0.00 0.00
47.213	S 12726592 -0.53 0.26 0.00 0.00 HOLD
47.232	>>> V 0.00 0.00
47.232	S 12726612 -0.44 0.26 0.00 0.00 HOLD
47.251	>>> V 0.00 0.00
47.252	S 12726632 -0.44 0.26 0.00 0.00 HOLD
47.271	>>> V 0.00 0.00
47.273	S 12726652 -0.53 0.26 0.00 0.00 HOLD
47.292	>>> V 0.00 0.00
47.292	S 12726672 -0.53 0.26 0.00 0.00 HOLD
47.314	>>> V 0.00 0.00
47.315	S 12726692 -0.44 0.26 0.00 0.00 HOLD
47.331	>>> V 0.00 0.00
47.332	S 12726712 -0.44 0.26 0.00 0.00 HOLD
47.354	>>> V 0.00 0.00
47.354	S 12726732 -0.44 0.26 0.00 0.00 HOLD
47.371	>>> V 0.00 0.00
47.372	S 12726752 -0.44 0.26 0.00 0.00 HOLD
47.392	>>> V 0.00 0.00
47.392	S 12726772 -0.44 0.26 0.00 0.00 HOLD
47.411	>>> V 0.00 0.00
47.412	S 12726792 -0.53 0.26 0.00 0.00 HOLD
47.432	>>> V 0.00 0.00
47.433	S 12726812 -0.44 0.26 0.00 0.00 HOLD
47.451	>>> V 0.00 0.00
47.452	S 12726832 -0.44 0.26 0.00 0.00 HOLD
47.473	>>> V 0.00 0.00
47.474	S 12726852 -0.44 0.26 0.00 0.00 HOLD
47.480	S 12726872 -0.44 0.26 0.00 0.00 HOLD
47.491	>>> V 0.00 0.00
47.513	>>> V 0.00 0.00
47.513	S 12726892 -0.44 0.26 0.00 0.00 HOLD
47.531	>>> V 0.00 0.00
47.532	S 12726912 -0.53 0.35 0.00 0.00 HOLD
47.552	>>> V 0.00 0.00
47.554	S 12726932 -0.44 0.26 0.00 0.00 HOLD
47.558	S 12726952 -0.53 0.26 0.00 0.00 HOLD
47.571	>>> V 0.00 0.00
47.593	>>> V 0.00 0.00
47.593	S 12726972 -0.53 0.26 0.00 0.00 HOLD
47.611	>>> V 0.00 0.00
47.612	S 12726992 -0.44 0.26 0.00 0.00 HOLD
47.632	>>> V 0.00 0.00
47.632	S 12727012 -0.44 0.26 0.00 0.00 HOLD
47.651	>>> V 0.00 0.00
47.652	S 12727032 -0.44 0.26 0.00 0.00 HOLD
47.672	>>> V 0.00 0.00
47.672	S 12727052 -0.44 0.26 0.00 0.00 HOLD
47.691	>>> V 0.00 0.00
47.694	S 12727072 -0.53 0.26 0.00 0.00 HOLD
47.711	>>> V 0.00 0.00
47.712	S 12727092 -0.53 0.35 0.00 0.00 HOLD
47.732	>>> V 0.00 0.00
47.733	S 12727112 -0.44 0.26 0.00 0.00 HOLD
47.751	>>> V 0.00 0.00
47.752	S 12727132 -0.44 0.26 0.00 0.00 HOLD
47.773	>>> V 0.00 0.00
47.774	S 12727152 -0.44 0.26 0.00 0.00 HOLD
47.791	>>> V 0.00 0.00
47.792	S 12727172 -0.44 0.26 0.00 0.00 HOLD
47.813	>>> V 0.00 0.00
47.813	S 12727192 -0.44 0.26 0.00 0.00 HOLD
47.831	>>> V 0.00 0.00
47.832	S 12727212 -0.53 0.26 0.00 0.00 HOLD
47.852	>>> V 0.00 0.00
47.853	S 12727232 -0.53 0.26 0.00 0.00 HOLD
47.871	>>> V 0.00 0.00
47.872	S 12727252 -0.44 0.26 0.00 0.00 HOLD
47.893	>>> V 0.00 0.00
47.896	S 12727272 -0.53 0.26 0.00 0.00 HOLD
47.911	>>> V 0.00 0.00
47.912	S 12727292 -0.44 0.26 0.00 0.00 HOLD
47.933	>>> V 0.00 0.00
47.933	S 12727312 -0.44 0.26 0.00 0.00 HOLD
47.951	>>> V 0.00 0.00
47.953	S 12727332 -0.53 0.26 0.00 0.00 HOLD
47.973	>>> V 0.00 0.00
47.974	S 12727352 -0.44 0.26 0.00 0.00 HOLD
47.977	S 12727372 -0.44 0.26 0.00 0.00 HOLD
47.991	>>> V 0.00 0.00
48.012	>>> V 0.00 0.00
48.013	S 12727392 -0.44 0.26 0.00 0.00 HOLD
48.031	>>> V 0.00 0.00
48.032	S 12727412 -0.53 0.26 0.00 0.00 HOLD
48.052	>>> V 0.00 0.00
48.052	S 12727432 -0.44 0.26 0.00 0.00 HOLD
48.072	>>> V 0.00 0.00
48.074	S 12727452 -0.44 0.26 0.00 0.00 HOLD
48.091	>>> V 0.00 0.00
48.092	S 12727472 -0.44 0.26 0.00 0.00 HOLD
48.111	>>> V 0.00 0.00
48.113	S 12727492 -0.44 0.26 0.00 0.00 HOLD
48.131	>>> V 0.00 0.00
48.132	S 12727512 -0.44 0.26 0.00 0.00 HOLD
48.152	>>> V 0.00 0.00
48.153	S 12727533 -0.53 0.26 0.00 0.00 HOLD
48.171	>>> V 0.00 0.00
48.172	S 12727553 -0.44 0.26 0.00 0.00 HOLD
48.193	>>> V 0.00 0.00
48.193	S 12727573 -0.53 0.26 0.00 0.00 HOLD
48.211	>>> V 0.00 0.00
48.212	S 12727593 -0.44 0.26 0.00 0.00 HOLD
48.232	>>> V 0.00 0.00
48.232	S 12727613 -0.53 0.26 0.00 0.00 HOLD
48.251	>>> V 0.00 0.00
48.251	S 12727633 -0.44 0.26 0.00 0.00 HOLD
48.272	>>> V 0.00 0.00
48.272	S 12727653 -0.44 0.26 0.00 0.00 HOLD
48.291	>>> V 0.00 0.00
48.292	S 12727673 -0.44 0.26 0.00 0.00 HOLD
48.313	>>> V 0.00 0.00
48.313	S 12727693 -0.44 0.26 0.00 0.00 HOLD
48.331	>>> V 0.00 0.00
48.333	S 12727713 -0.53 0.26 0.00 0.00 HOLD
48.354	>>> V 0.00 0.00
48.357	S 12727733 -0.44 0.26 0.00 0.00 HOLD
48.360	S 12727753 -0.53 0.26 0.00 0.00 HOLD
48.371	>>> V 0.00 0.00
48.393	>>> V 0.00 0.00
48.394	S 12727773 -0.44 0.26 0.00 0.00 HOLD
48.411	>>> V 0.00 0.00
48.412	S 12727793 -0.44 0.26 0.00 0.00 HOLD
48.433	>>> V 0.00 0.00
48.433	S 12727813 -0.44 0.26 0.00 0.00 HOLD
48.452	>>> V 0.00 0.00
48.452	S 12727833 -0.53 0.26 0.00 0.00 HOLD
48.473	>>> V 0.00 0.00
48.473	S 12727853 -0.44 0.26 0.00 0.00 HOLD
48.492	>>> V 0.00 0.00
48.495	S 12727873 -0.44 0.26 0.00 0.00 HOLD
48.497	S 12727893 -0.44 0.26 0.00 0.00 HOLD
48.513	>>> V 0.00 0.00
48.531	>>> V 0.00 0.00
48.532	S 12727913 -0.44 0.26 0.00 0.00 HOLD
48.553	>>> V 0.00 0.00
48.554	S 12727933 -0.53 0.26 0.00 0.00 HOLD
48.572	>>> V 0.00 0.00
48.572	S 12727953 -0.44 0.26 0.00 0.00 HOLD
48.593	>>> V 0.00 0.00
48.593	S 12727973 -0.44 0.26 0.00 0.00 HOLD
48.611	>>> V 0.00 0.00
48.612	S 12727993 -0.44 0.26 0.00 0.00 HOLD
48.632	>>> V 0.00 0.00
48.633	S 12728013 -0.44 0.26 0.00 0.00 HOLD
48.652	>>> V 0.00 0.00
48.652	S 12728033 -0.53 0.26 0.00 0.00 HOLD
48.672	>>> V 0.00 0.00
48.673	S 12728053 -0.44 0.26 0.00 0.00 HOLD
48.691	>>> V 0.00 0.00
48.692	S 12728073 -0.44 0.26 0.00 0.00 HOLD
48.712	>>> V 0.00 0.00
48.713	S 12728093 -0.44 0.26 0.00 0.00 HOLD
48.731	>>> V 0.00 0.00
48.732	S 12728113 -0.53 0.35 0.00 0.00 HOLD
48.752	>>> V 0.00 0.00
48.753	S 12728133 -0.44 0.26 0.00 0.00 HOLD
48.773	>>> V 0.00 0.00
48.774	S 12728153 -0.44 0.35 0.00 0.00 HOLD
48.793	>>> V 0.00 0.00
48.794	S 12728173 -0.44 0.26 0.00 0.00 HOLD
48.813	>>> V 0.00 0.00
48.814	S 12728193 -0.53 0.26 0.00 0.00 HOLD
48.831	>>> V 0.00 0.00
48.832	S 12728213 -0.44 0.26 0.00 0.00 HOLD
48.851	>>> V 0.00 0.00
48.852	S 12728233 -0.44 0.26 0.00 0.00 HOLD
48.871	>>> V 0.00 0.00
48.871	S 12728253 -0.44 0.35 0.00 0.00 HOLD
48.891	>>> V 0.00 0.00
48.894	S 12728273 -0.44 0.26 0.00 0.00 HOLD
48.911	>>> V 0.00 0.00
48.912	S 12728293 -0.53 0.26 0.00 0.00 HOLD
48.933	>>> V 0.00 0.00
48.933	S 12728313 -0.44 0.26 0.00 0.00 HOLD
48.951	>>> V 0.00 0.00
48.952	S 12728333 -0.53 0.26 0.00 0.00 HOLD
48.973	>>> V 0.00 0.00
48.974	S 12728353 -0.53 0.26 0.00 0.00 HOLD
48.991	>>> V 0.00 0.00
48.993	S 12728373 -0.44 0.26 0.00 0.00 HOLD
49.012	>>> V 0.00 0.00
49.012	S 12728393 -0.44 0.35 0.00 0.00 HOLD
49.032	>>> V 0.00 0.00
49.032	S 12728413 -0.44 0.26 0.00 0.00 HOLD
49.052	>>> V 0.00 0.00
49.053	S 12728433 -0.53 0.26 0.00 0.00 HOLD
49.081	>>> V 0.00 0.00
49.082	S 12728453 -0.53 0.26 0.00 0.00 HOLD
49.083	S 12728473 -0.44 0.26 0.00 0.00 HOLD
49.091	>>> V 0.00 0.00
49.112	>>> V 0.00 0.00
49.112	S 12728493 -0.44 0.26 0.00 0.00 HOLD
49.131	>>> V 0.00 0.00
49.132	S 12728513 -0.44 0.26 0.00 0.00 HOLD
49.153	>>> V 0.00 0.00
49.153	S 12728533 -0.44 0.26 0.00 0.00 HOLD
49.172	>>> V 0.00 0.00
49.172	S 12728553 -0.44 0.26 0.00 0.00 HOLD
49.193	>>> V 0.00 0.00
49.194	S 12728573 -0.53 0.26 0.00 0.00 HOLD
49.212	>>> V 0.00 0.00
49.212	S 12728593 -0.53 0.26 0.00 0.00 HOLD
49.232	>>> V 0.00 0.00
49.232	S 12728613 -0.53 0.35 0.00 0.00 HOLD
49.252	>>> V 0.00 0.00
49.253	S 12728633 -0.53 0.26 0.00 0.00 HOLD
49.272	>>> V 0.00 0.00
49.272	S 12728653 -0.53 0.26 0.00 0.00 HOLD
49.292	>>> V 0.00 0.00
49.292	S 12728673 -0.44 0.26 0.00 0.00 HOLD
49.311	>>> V 0.00 0.00
49.312	S 12728693 -0.53 0.26 0.00 0.00 HOLD
49.336	>>> V 0.00 0.00
49.337	S 12728713 -0.44 0.35 0.00 0.00 HOLD
49.340	S 12728733 -0.44 0.26 0.00 0.00 HOLD
49.351	>>> V 0.00 0.00
49.375	>>> V 0.00 0.00
49.375	S 12728753 -0.53 0.26 0.00 0.00 HOLD
49.377	S 12728773 -0.44 0.26 0.00 0.00 HOLD
49.392	>>> V 0.00 0.00
49.411	>>> V 0.00 0.00
49.412	S 12728793 -0.53 0.26 0.00 0.00 HOLD
49.436	>>> V 0.00 0.00
49.440	S 12728813 -0.53 0.35 0.00 0.00 HOLD
49.443	S 12728833 -0.44 0.26 0.00 0.00 HOLD
49.452	>>> V 0.00 0.00
49.473	>>> V 0.00 0.00
49.475	S 12728853 -0.53 0.26 0.00 0.00 HOLD
49.492	>>> V 0.00 0.00
49.492	S 12728873 -0.53 0.26 0.00 0.00 HOLD
49.512	>>> V 0.00 0.00
49.513	S 12728893 -0.53 0.26 0.00 0.00 HOLD
49.534	>>> V 0.00 0.00
49.534	S 12728913 -0.44 0.26 0.00 0.00 HOLD
49.552	>>> V 0.00 0.00
49.552	S 12728933 -0.44 0.26 0.00 0.00 HOLD
49.574	>>> V 0.00 0.00
49.575	S 12728953 -0.44 0.26 0.00 0.00 HOLD
49.578	S 12728973 -0.44 0.26 0.00 0.00 HOLD
49.592	>>> V 0.00 0.00
49.612	>>> V 0.00 0.00
49.613	S 12728993 -0.44 0.26 0.00 0.00 HOLD
49.632	>>> V 0.00 0.00
49.632	S 12729013 -0.44 0.26 0.00 0.00 HOLD
49.653	>>> V 0.00 0.00
49.654	S 12729033 -0.44 0.26 0.00 0.00 HOLD
49.673	>>> V 0.00 0.00
49.673	S 12729053 -0.44 0.26 0.00 0.00 HOLD
49.693	>>> V 0.00 0.00
49.694	S 12729073 -0.44 0.26 0.00 0.00 HOLD
49.711	>>> V 0.00 0.00
49.715	S 12729093 -0.44 0.26 0.00 0.00 HOLD
49.716	S 12729113 -0.44 0.26 0.00 0.00 HOLD
49.735	>>> V 0.00 0.00
49.736	S 12729133 -0.44 0.26 0.00 0.00 HOLD
49.752	>>> V 0.00 0.00
49.771	>>> V 0.00 0.00
49.772	S 12729153 -0.44 0.26 0.00 0.00 HOLD
49.792	>>> V 0.00 0.00
49.793	S 12729173 -0.44 0.26 0.00 0.00 HOLD
49.811	>>> V 0.00 0.00
49.812	S 12729193 -0.44 0.26 0.00 0.00 HOLD
49.836	>>> V 0.00 0.00
49.837	S 12729213 -0.44 0.26 0.00 0.00 HOLD
49.843	S 12729233 -0.44 0.26 0.00 0.00 HOLD
49.851	>>> V 0.00 0.00
49.873	>>> V 0.00 0.00
49.873	S 12729253 -0.44 0.26 0.00 0.00 HOLD
49.891	>>> V 0.00 0.00
49.892	S 12729273 -0.44 0.26 0.00 0.00 HOLD
49.914	>>> V 0.00 0.00
49.915	S 12729293 -0.44 0.35 0.00 0.00 HOLD
49.920	S 12729313 -0.44 0.35 0.00 0.00 HOLD
49.932	>>> V 0.00 0.00
49.953	>>> V 0.00 0.00
49.954	S 12729333 -0.44 0.26 0.00 0.00 HOLD
49.971	>>> V 0.00 0.00
49.972	S 12729353 -0.44 0.26 0.00 0.00 HOLD
49.993	>>> V 0.00 0.00
49.994	S 12729373 -0.44 0.26 0.00 0.00 HOLD
50.011	>>> V 0.00 0.00
50.012	S 12729393 -0.53 0.26 0.00 0.00 HOLD
50.033	>>> V 0.00 0.00
50.034	S 12729413 -0.44 0.26 0.00 0.00 HOLD
50.052	>>> V 0.00 0.00
50.053	S 12729433 -0.44 0.26 0.00 0.00 HOLD
50.072	>>> V 0.00 0.00
50.073	S 12729453 -0.44 0.26 0.00 0.00 HOLD
50.091	>>> V 0.00 0.00
50.092	S 12729473 -0.44 0.26 0.00 0.00 HOLD
50.112	>>> V 0.00 0.00
50.113	S 12729493 -0.44 0.26 0.00 0.00 HOLD
50.132	>>> V 0.00 0.00
50.132	S 12729513 -0.53 0.26 0.00 0.00 HOLD
50.153	>>> V 0.00 0.00
50.153	S 12729533 -0.44 0.26 0.00 0.00 HOLD
50.172	>>> V 0.00 0.00
50.172	S 12729553 -0.44 0.26 0.00 0.00 HOLD
50.193	>>> V 0.00 0.00
50.193	S 12729573 -0.53 0.26 0.00 0.00 HOLD
50.212	>>> V 0.00 0.00
50.213	S 12729593 -0.53 0.26 0.00 0.00 HOLD
50.233	>>> V 0.00 0.00
50.234	S 12729613 -0.53 0.26 0.00 0.00 HOLD
50.252	>>> V 0.00 0.00
50.253	S 12729633 -0.44 0.35 0.00 0.00 HOLD
50.273	>>> V 0.00 0.00
50.274	S 12729653 -0.44 0.26 0.00 0.00 HOLD
50.291	>>> V 0.00 0.00
50.292	S 12729673 -0.44 0.26 0.00 0.00 HOLD
50.314	>>> V 0.00 0.00
50.314	S 12729693 -0.53 0.26 0.00 0.00 HOLD
50.332	>>> V 0.00 0.00
50.332	S 12729713 -0.44 0.26 0.00 0.00 HOLD
50.352	>>> V 0.00 0.00
50.352	S 12729733 -0.53 0.26 0.00 0.00 HOLD
50.371	>>> V 0.00 0.00
50.374	S 12729753 -0.44 0.26 0.00 0.00 HOLD
50.392	>>> V 0.00 0.00
50.392	S 12729773 -0.44 0.26 0.00 0.00 HOLD
50.412	>>> V 0.00 0.00
50.413	S 12729793 -0.44 0.26 0.00 0.00 HOLD
50.431	>>> V 0.00 0.00
50.432	S 12729813 -0.44 0.26 0.00 0.00 HOLD
50.453	>>> V 0.00 0.00
50.454	S 12729833 -0.44 0.26 0.00 0.00 HOLD
50.472	>>> V 0.00 0.00
50.472	S 12729853 -0.44 0.26 0.00 0.00 HOLD
50.493	>>> V 0.00 0.00
50.493	S 12729873 -0.53 0.26 0.00 0.00 HOLD
50.512	>>> V 0.00 0.00
50.513	S 12729893 -0.44 0.26 0.00 0.00 HOLD
50.532	>>> V 0.00 0.00
50.532	S 12729913 -0.53 0.26 0.00 0.00 HOLD
50.552	>>> V 0.00 0.00
50.553	S 12729933 -0.44 0.26 0.00 0.00 HOLD
50.571	>>> V 0.00 0.00
50.572	S 12729953 -0.44 0.26 0.00 0.00 HOLD
50.591	>>> V 0.00 0.00
50.593	S 12729973 -0.44 0.26 0.00 0.00 HOLD
50.611	>>> V 0.00 0.00
50.612	S 12729993 -0.44 0.26 0.00 0.00 HOLD
50.633	>>> V 0.00 0.00
50.634	S 12730013 -0.53 0.26 0.00 0.00 HOLD
50.652	>>> V 0.00 0.00
50.652	S 12730033 -0.44 0.26 0.00 0.00 HOLD
50.673	>>> V 0.00 0.00
50.674	S 12730053 -0.44 0.26 0.00 0.00 HOLD
50.692	>>> V 0.00 0.00
50.693	S 12730073 -0.44 0.26 0.00 0.00 HOLD
50.713	>>> V 0.00 0.00
50.714	S 12730093 -0.44 0.26 0.00 0.00 HOLD
50.732	>>> V 0.00 0.00
50.732	S 12730113 -0.53 0.26 0.00 0.00 HOLD
50.753	>>> V 0.00 0.00
50.754	S 12730133 -0.44 0.26 0.00 0.00 HOLD
50.772	>>> V 0.00 0.00
50.773	S 12730153 -0.44 0.26 0.00 0.00 HOLD
50.793	>>> V 0.00 0.00
50.794	S 12730173 -0.44 0.26 0.00 0.00 HOLD
50.811	>>> V 0.00 0.00
50.813	S 12730193 -0.44 0.26 0.00 0.00 HOLD
50.832	>>> V 0.00 0.00
50.833	S 12730213 -0.44 0.26 0.00 0.00 HOLD
50.852	>>> V 0.00 0.00
50.852	S 12730233 -0.44 0.26 0.00 0.00 HOLD
50.873	>>> V 0.00 0.00
50.874	S 12730253 -0.44 0.26 0.00 0.00 HOLD
50.891	>>> V 0.00 0.00
50.892	S 12730273 -0.53 0.26 0.00 0.00 HOLD
50.913	>>> V 0.00 0.00
50.914	S 12730293 -0.44 0.26 0.00 0.00 HOLD
50.931	>>> V 0.00 0.00
50.932	S 12730313 -0.44 0.35 0.00 0.00 HOLD
50.953	>>> V 0.00 0.00
50.954	S 12730333 -0.53 0.26 0.00 0.00 HOLD
50.971	>>> V 0.00 0.00
50.971	S 12730353 -0.44 0.26 0.00 0.00 HOLD
50.992	>>> V 0.00 0.00
50.993	S 12730373 -0.53 0.26 0.00 0.00 HOLD
51.011	>>> V 0.00 0.00
51.012	S 12730393 -0.53 0.26 0.00 0.00 HOLD
51.032	>>> V 0.00 0.00
51.032	S 12730413 -0.44 0.26 0.00 0.00 HOLD
51.051	>>> V 0.00 0.00
51.052	S 12730433 -0.44 0.26 0.00 0.00 HOLD
51.072	>>> V 0.00 0.00
51.073	S 12730453 -0.44 0.26 0.00 0.00 HOLD
51.091	>>> V 0.00 0.00
51.092	S 12730473 -0.44 0.26 0.00 0.00 HOLD
51.113	>>> V 0.00 0.00
51.114	S 12730493 -0.44 0.35 0.00 0.00 HOLD
51.131	>>> V 0.00 0.00
51.132	S 12730513 -0.44 0.26 0.00 0.00 HOLD
51.154	>>> V 0.00 0.00
51.154	S 12730533 -0.44 0.26 0.00 0.00 HOLD
51.172	>>> V 0.00 0.00
51.172	S 12730553 -0.44 0.35 0.00 0.00 HOLD
51.193	>>> V 0.00 0.00
51.194	S 12730573 -0.44 0.35 0.00 0.00 HOLD
51.212	>>> V 0.00 0.00
51.212	S 12730593 -0.44 0.26 0.00 0.00 HOLD
51.232	>>> V 0.00 0.00
51.234	S 12730613 -0.44 0.26 0.00 0.00 HOLD
51.251	>>> V 0.00 0.00
51.253	S 12730633 -0.53 0.26 0.00 0.00 HOLD
51.273	>>> V 0.00 0.00
51.274	S 12730653 -0.44 0.26 0.00 0.00 HOLD
51.292	>>> V 0.00 0.00
51.293	S 12730673 -0.44 0.26 0.00 0.00 HOLD
51.315	>>> V 0.00 0.00
51.316	S 12730693 -0.44 0.26 0.00 0.00 HOLD
51.317	S 12730713 -0.44 0.26 0.00 0.00 HOLD
51.332	>>> V 0.00 0.00
51.354	>>> V 0.00 0.00
51.356	S 12730733 -0.44 0.35 0.00 0.00 HOLD
51.357	S 12730753 -0.44 0.26 0.00 0.00 HOLD
51.372	>>> V 0.00 0.00
51.392	>>> V 0.00 0.00
51.392	S 12730773 -0.53 0.35 0.00 0.00 HOLD
51.411	>>> V 0.00 0.00
51.414	S 12730793 -0.53 0.26 0.00 0.00 HOLD
51.432	>>> V 0.00 0.00
51.432	S 12730813 -0.44 0.26 0.00 0.00 HOLD
51.453	>>> V 0.00 0.00
51.453	S 12730833 -0.44 0.26 0.00 0.00 HOLD
51.472	>>> V 0.00 0.00
51.474	S 12730853 -0.44 0.26 0.00 0.00 HOLD
51.493	>>> V 0.00 0.00
51.494	S 12730873 -0.44 0.35 0.00 0.00 HOLD
51.512	>>> V 0.00 0.00
51.513	S 12730893 -0.44 0.26 0.00 0.00 HOLD
51.531	>>> V 0.00 0.00
51.532	S 12730913 -0.44 0.26 0.00 0.00 HOLD
51.552	>>> V 0.00 0.00
51.553	S 12730933 -0.53 0.26 0.00 0.00 HOLD
51.572	>>> V 0.00 0.00
51.572	S 12730953 -0.44 0.26 0.00 0.00 HOLD
51.593	>>> V 0.00 0.00
51.594	S 12730973 -0.44 0.26 0.00 0.00 HOLD
51.612	>>> V 0.00 0.00
51.612	S 12730993 -0.44 0.26 0.00 0.00 HOLD
51.633	>>> V 0.00 0.00
51.634	S 12731013 -0.44 0.35 0.00 0.00 HOLD
51.652	>>> V 0.00 0.00
51.652	S 12731033 -0.44 0.26 0.00 0.00 HOLD
51.672	>>> V 0.00 0.00
51.672	S 12731053 -0.44 0.26 0.00 0.00 HOLD
51.691	>>> V 0.00 0.00
51.693	S 12731073 -0.53 0.26 0.00 0.00 HOLD
51.711	>>> V 0.00 0.00
51.712	S 12731093 -0.44 0.26 0.00 0.00 HOLD
51.734	>>> V 0.00 0.00
51.739	S 12731113 -0.44 0.26 0.00 0.00 HOLD
51.743	S 12731133 -0.44 0.26 0.00 0.00 HOLD
51.751	>>> V 0.00 0.00
51.773	>>> V 0.00 0.00
51.774	S 12731153 -0.53 0.26 0.00 0.00 HOLD
51.793	>>> V 0.00 0.00
51.793	S 12731173 -0.44 0.26 0.00 0.00 HOLD
51.812	>>> V 0.00 0.00
51.812	S 12731193 -0.44 0.26 0.00 0.00 HOLD
51.832	>>> V 0.00 0.00
51.833	S 12731213 -0.44 0.26 0.00 0.00 HOLD
51.852	>>> V 0.00 0.00
51.852	S 12731233 -0.53 0.35 0.00 0.00 HOLD
51.873	>>> V 0.00 0.00
51.874	S 12731253 -0.44 0.26 0.00 0.00 HOLD
51.891	>>> V 0.00 0.00
51.893	S 12731273 -0.44 0.26 0.00 0.00 HOLD
51.913	>>> V 0.00 0.00
51.914	S 12731293 -0.44 0.26 0.00 0.00 HOLD
51.932	>>> V 0.00 0.00
51.932	S 12731313 -0.44 0.26 0.00 0.00 HOLD
51.953	>>> V 0.00 0.00
51.953	S 12731333 -0.44 0.26 0.00 0.00 HOLD
51.972	>>> V 0.00 0.00
51.972	S 12731353 -0.53 0.26 0.00 0.00 HOLD
51.992	>>> V 0.00 0.00
51.992	S 12731373 -0.53 0.26 0.00 0.00 HOLD
52.012	>>> V 0.00 0.00
52.012	S 12731393 -0.44 0.26 0.00 0.00 HOLD
52.032	>>> V 0.00 0.00
52.032	S 12731413 -0.53 0.26 0.00 0.00 HOLD
52.052	>>> V 0.00 0.00
52.052	S 12731433 -0.44 0.26 0.00 0.00 HOLD
52.071	>>> V 0.00 0.00
52.072	S 12731453 -0.44 0.26 0.00 0.00 HOLD
52.092	>>> V 0.00 0.00
52.092	S 12731473 -0.53 0.26 0.00 0.00 HOLD
52.111	>>> V 0.00 0.00
52.112	S 12731493 -0.44 0.26 0.00 0.00 HOLD
52.133	>>> V 0.00 0.00
52.134	S 12731513 -0.53 0.26 0.00 0.00 HOLD
52.151	>>> V 0.00 0.00
52.153	S 12731533 -0.44 0.26 0.00 0.00 HOLD
52.172	>>> V 0.00 0.00
52.173	S 12731553 -0.44 0.26 0.00 0.00 HOLD
52.191	>>> V 0.00 0.00
52.192	S 12731573 -0.44 0.26 0.00 0.00 HOLD
52.212	>>> V 0.00 0.00
52.213	S 12731593 -0.53 0.26 0.00 0.00 HOLD
52.231	>>> V 0.00 0.00
52.232	S 12731613 -0.44 0.26 0.00 0.00 HOLD
52.252	>>> V 0.00 0.00
52.253	S 12731633 -0.53 0.26 0.00 0.00 HOLD
52.271	>>> V 0.00 0.00
52.272	S 12731653 -0.44 0.26 0.00 0.00 HOLD
52.292	>>> V 0.00 0.00
52.293	S 12731673 -0.44 0.26 0.00 0.00 HOLD
52.311	>>> V 0.00 0.00
52.312	S 12731693 -0.44 0.26 0.00 0.00 HOLD
52.332	>>> V 0.00 0.00
52.333	S 12731713 -0.53 0.26 0.00 0.00 HOLD
52.351	>>> V 0.00 0.00
52.352	S 12731733 -0.53 0.26 0.00 0.00 HOLD
52.373	>>> V 0.00 0.00
52.374	S 12731753 -0.44 0.26 0.00 0.00 HOLD
52.391	>>> V 0.00 0.00
52.392	S 12731773 -0.44 0.26 0.00 0.00 HOLD
52.413	>>> V 0.00 0.00
52.414	S 12731793 -0.44 0.35 0.00 0.00 HOLD
52.432	>>> V 0.00 0.00
52.432	S 12731813 -0.44 0.26 0.00 0.00 HOLD
52.452	>>> V 0.00 0.00
52.454	S 12731833 -0.53 0.26 0.00 0.00 HOLD
52.472	>>> V 0.00 0.00
52.472	S 12731853 -0.44 0.26 0.00 0.00 HOLD
52.492	>>> V 0.00 0.00
52.493	S 12731873 -0.44 0.26 0.00 0.00 HOLD
52.512	>>> V 0.00 0.00
52.512	S 12731893 -0.44 0.35 0.00 0.00 HOLD
52.533	>>> V 0.00 0.00
52.533	S 12731913 -0.44 0.26 0.00 0.00 HOLD
52.552	>>> V 0.00 0.00
52.552	S 12731933 -0.44 0.26 0.00 0.00 HOLD
52.572	>>> V 0.00 0.00
52.573	S 12731953 -0.53 0.26 0.00 0.00 HOLD
52.591	>>> V 0.00 0.00
52.592	S 12731973 -0.44 0.26 0.00 0.00 HOLD
52.612	>>> V 0.00 0.00
52.612	S 12731993 -0.44 0.26 0.00 0.00 HOLD
52.632	>>> V 0.00 0.00
52.633	S 12732013 -0.44 0.26 0.00 0.00 HOLD
52.651	>>> V 0.00 0.00
52.652	S 12732033 -0.44 0.26 0.00 0.00 HOLD
52.672	>>> V 0.00 0.00
52.673	S 12732053 -0.44 0.26 0.00 0.00 HOLD
52.691	>>> V 0.00 0.00
52.692	S 12732073 -0.44 0.26 0.00 0.00 HOLD
52.714	>>> V 0.00 0.00
52.715	S 12732093 -0.53 0.26 0.00 0.00 HOLD
52.731	>>> V 0.00 0.00
52.732	S 12732113 -0.44 0.26 0.00 0.00 HOLD
52.753	>>> V 0.00 0.00
52.754	S 12732133 -0.44 0.26 0.00 0.00 HOLD
52.773	>>> V 0.00 0.00
52.774	S 12732153 -0.53 0.26 0.00 0.00 HOLD
52.792	>>> V 0.00 0.00
52.794	S 12732173 -0.44 0.26 0.00 0.00 HOLD
52.812	>>> V 0.00 0.00
52.812	S 12732193 -0.53 0.26 0.00 0.00 HOLD
52.832	>>> V 0.00 0.00
52.832	S 12732213 -0.53 0.26 0.00 0.00 HOLD
52.851	>>> V 0.00 0.00
52.852	S 12732233 -0.44 0.35 0.00 0.00 HOLD
52.872	>>> V 0.00 0.00
52.872	S 12732253 -0.44 0.26 0.00 0.00 HOLD
52.893	>>> V 0.00 0.00
52.893	S 12732273 -0.44 0.26 0.00 0.00 HOLD
52.911	>>> V 0.00 0.00
52.912	S 12732293 -0.44 0.26 0.00 0.00 HOLD
52.932	>>> V 0.00 0.00
52.933	S 12732313 -0.53 0.35 0.00 0.00 HOLD
52.951	>>> V 0.00 0.00
52.952	S 12732333 -0.44 0.26 0.00 0.00 HOLD
52.973	>>> V 0.00 0.00
52.973	S 12732353 -0.53 0.26 0.00 0.00 HOLD
52.994	>>> V 0.00 0.00
52.995	S 12732373 -0.44 0.26 0.00 0.00 HOLD
53.012	>>> V 0.00 0.00
53.013	S 12732393 -0.44 0.26 0.00 0.00 HOLD
53.032	>>> V 0.00 0.00
53.034	S 12732413 -0.53 0.26 0.00 0.00 HOLD
53.051	>>> V 0.00 0.00
53.052	S 12732433 -0.53 0.26 0.00 0.00 HOLD
53.073	>>> V 0.00 0.00
53.073	S 12732453 -0.44 0.26 0.00 0.00 HOLD
53.091	>>> V 0.00 0.00
53.092	S 12732473 -0.44 0.26 0.00 0.00 HOLD
53.112	>>> V 0.00 0.00
53.112	S 12732493 -0.53 0.26 0.00 0.00 HOLD
53.132	>>> V 0.00 0.00
53.133	S 12732513 -0.53 0.26 0.00 0.00 HOLD
53.152	>>> V 0.00 0.00
53.152	S 12732533 -0.44 0.26 0.00 0.00 HOLD
53.172	>>> V 0.00 0.00
53.173	S 12732553 -0.44 0.26 0.00 0.00 HOLD
53.191	>>> V 0.00 0.00
53.192	S 12732573 -0.44 0.26 0.00 0.00 HOLD
53.214	>>> V 0.00 0.00
53.215	S 12732593 -0.44 0.26 0.00 0.00 HOLD
53.232	>>> V 0.00 0.00
53.232	S 12732613 -0.53 0.26 0.00 0.00 HOLD
53.252	>>> V 0.00 0.00
53.254	S 12732633 -0.44 0.35 0.00 0.00 HOLD
53.272	>>> V 0.00 0.00
53.272	S 12732653 -0.53 0.26 0.00 0.00 HOLD
53.293	>>> V 0.00 0.00
53.294	S 12732673 -0.44 0.26 0.00 0.00 HOLD
53.311	>>> V 0.00 0.00
53.312	S 12732693 -0.44 0.26 0.00 0.00 HOLD
53.332	>>> V 0.00 0.00
53.332	S 12732713 -0.44 0.26 0.00 0.00 HOLD
53.351	>>> V 0.00 0.00
53.352	S 12732733 -0.44 0.26 0.00 0.00 HOLD
53.373	>>> V 0.00 0.00
53.375	S 12732753 -0.44 0.26 0.00 0.00 HOLD
53.392	>>> V 0.00 0.00
53.392	S 12732773 -0.44 0.26 0.00 0.00 HOLD
53.414	>>> V 0.00 0.00
53.415	S 12732793 -0.44 0.26 0.00 0.00 HOLD
53.433	>>> V 0.00 0.00
53.433	S 12732813 -0.53 0.35 0.00 0.00 HOLD
53.452	>>> V 0.00 0.00
53.453	S 12732833 -0.44 0.26 0.00 0.00 HOLD
53.472	>>> V 0.00 0.00
53.472	S 12732853 -0.53 0.26 0.00 0.00 HOLD
53.492	>>> V 0.00 0.00
53.492	S 12732873 -0.53 0.26 0.00 0.00 HOLD
53.511	>>> V 0.00 0.00
53.512	S 12732893 -0.44 0.26 0.00 0.00 HOLD
53.532	>>> V 0.00 0.00
53.532	S 12732913 -0.53 0.26 0.00 0.00 HOLD
53.552	>>> V 0.00 0.00
53.553	S 12732933 -0.44 0.26 0.00 0.00 HOLD
53.571	>>> V 0.00 0.00
53.571	S 12732953 -0.44 0.26 0.00 0.00 HOLD
53.592	>>> V 0.00 0.00
53.593	S 12732973 -0.53 0.35 0.00 0.00 HOLD
53.611	>>> V 0.00 0.00
53.612	S 12732993 -0.53 0.26 0.00 0.00 HOLD
53.632	>>> V 0.00 0.00
53.633	S 12733013 -0.44 0.26 0.00 0.00 HOLD
53.652	>>> V 0.00 0.00
53.652	S 12733033 -0.44 0.26 0.00 0.00 HOLD
53.672	>>> V 0.00 0.00
53.675	S 12733053 -0.53 0.26 0.00 0.00 HOLD
53.678	S 12733073 -0.44 0.26 0.00 0.00 HOLD
53.691	>>> V 0.00 0.00
53.713	>>> V 0.00 0.00
53.714	S 12733093 -0.44 0.26 0.00 0.00 HOLD
53.731	>>> V 0.00 0.00
53.732	S 12733113 -0.44 0.35 0.00 0.00 HOLD
53.752	>>> V 0.00 0.00
53.752	S 12733133 -0.44 0.26 0.00 0.00 HOLD
53.771	>>> V 0.00 0.00
53.772	S 12733153 -0.44 0.26 0.00 0.00 HOLD
53.792	>>> V 0.00 0.00
53.792	S 12733173 -0.53 0.26 0.00 0.00 HOLD
53.812	>>> V 0.00 0.00
53.813	S 12733193 -0.44 0.35 0.00 0.00 HOLD
53.831	>>> V 0.00 0.00
53.832	S 12733213 -0.53 0.35 0.00 0.00 HOLD
53.853	>>> V 0.00 0.00
53.854	S 12733233 -0.44 0.26 0.00 0.00 HOLD
53.871	>>> V 0.00 0.00
53.872	S 12733253 -0.44 0.26 0.00 0.00 HOLD
53.894	>>> V 0.00 0.00
53.894	S 12733273 -0.44 0.26 0.00 0.00 HOLD
53.911	>>> V 0.00 0.00
53.912	S 12733293 -0.44 0.26 0.00 0.00 HOLD
53.933	>>> V 0.00 0.00
53.934	S 12733313 -0.44 0.26 0.00 0.00 HOLD
53.951	>>> V 0.00 0.00
53.952	S 12733333 -0.44 0.26 0.00 0.00 HOLD
53.972	>>> V 0.00 0.00
53.973	S 12733353 -0.53 0.26 0.00 0.00 HOLD
53.992	>>> V 0.00 0.00
53.992	S 12733373 -0.44 0.26 0.00 0.00 HOLD
54.011	>>> V 0.00 0.00
54.013	S 12733393 -0.44 0.26 0.00 0.00 HOLD
54.032	>>> V 0.00 0.00
54.032	S 12733413 -0.44 0.26 0.00 0.00 HOLD
54.053	>>> V 0.00 0.00
54.054	S 12733433 -0.44 0.26 0.00 0.00 HOLD
54.074	>>> V 0.00 0.00
54.075	S 12733453 -0.53 0.26 0.00 0.00 HOLD
54.081	S 12733473 -0.53 0.26 0.00 0.00 HOLD
54.092	>>> V 0.00 0.00
54.112	>>> V 0.00 0.00
54.113	S 12733493 -0.44 0.26 0.00 0.00 HOLD
54.132	>>> V 0.00 0.00
54.132	S 12733513 -0.53 0.26 0.00 0.00 HOLD
54.151	>>> V 0.00 0.00
54.152	S 12733533 -0.44 0.26 0.00 0.00 HOLD
54.175	>>> V 0.00 0.00
54.175	S 12733553 -0.53 0.26 0.00 0.00 HOLD
54.180	S 12733573 -0.53 0.26 0.00 0.00 HOLD
54.192	>>> V 0.00 0.00
54.212	>>> V 0.00 0.00
54.213	S 12733593 -0.44 0.26 0.00 0.00 HOLD
54.232	>>> V 0.00 0.00
54.233	S 12733613 -0.53 0.26 0.00 0.00 HOLD
54.255	>>> V 0.00 0.00
54.256	S 12733633 -0.53 0.26 0.00 0.00 HOLD
54.259	S 12733653 -0.44 0.26 0.00 0.00 HOLD
54.272	>>> V 0.00 0.00
54.292	>>> V 0.00 0.00
54.292	S 12733673 -0.53 0.26 0.00 0.00 HOLD
54.312	>>> V 0.00 0.00
54.313	S 12733693 -0.53 0.26 0.00 0.00 HOLD
54.332	>>> V 0.00 0.00
54.335	S 12733713 -0.44 0.26 0.00 0.00 HOLD
54.342	S 12733733 -0.53 0.26 0.00 0.00 HOLD
54.351	>>> V 0.00 0.00
54.372	>>> V 0.00 0.00
54.374	S 12733753 -0.53 0.26 0.00 0.00 HOLD
54.392	>>> V 0.00 0.00
54.392	S 12733773 -0.44 0.26 0.00 0.00 HOLD
54.411	>>> V 0.00 0.00
54.412	S 12733793 -0.44 0.26 0.00 0.00 HOLD
54.432	>>> V 0.00 0.00
54.433	S 12733813 -0.44 0.26 0.00 0.00 HOLD
54.451	>>> V 0.00 0.00
54.452	S 12733833 -0.53 0.26 0.00 0.00 HOLD
54.473	>>> V 0.00 0.00
54.477	S 12733853 -0.44 0.26 0.00 0.00 HOLD
54.479	S 12733873 -0.53 0.26 0.00 0.00 HOLD
54.492	>>> V 0.00 0.00
54.513	>>> V 0.00 0.00
54.513	S 12733893 -0.44 0.26 0.00 0.00 HOLD
54.534	>>> V 0.00 0.00
54.536	S 12733913 -0.44 0.26 0.00 0.00 HOLD
54.552	>>> V 0.00 0.00
54.552	S 12733933 -0.44 0.26 0.00 0.00 HOLD
54.573	>>> V 0.00 0.00
54.576	S 12733953 -0.44 0.26 0.00 0.00 HOLD
54.581	S 12733973 -0.44 0.26 0.00 0.00 HOLD
54.591	>>> V 0.00 0.00
54.616	>>> V 0.00 0.00
54.617	S 12733993 -0.44 0.26 0.00 0.00 HOLD
54.618	S 12734013 -0.44 0.26 0.00 0.00 HOLD
54.632	>>> V 0.00 0.00
54.652	>>> V 0.00 0.00
54.653	S 12734033 -0.44 0.26 0.00 0.00 HOLD
54.672	>>> V 0.00 0.00
54.674	S 12734053 -0.53 0.26 0.00 0.00 HOLD
54.692	>>> V 0.00 0.00
54.692	S 12734073 -0.53 0.26 0.00 0.00 HOLD
54.712	>>> V 0.00 0.00
54.714	S 12734093 -0.53 0.26 0.00 0.00 HOLD
54.732	>>> V 0.00 0.00
54.734	S 12734113 -0.44 0.26 0.00 0.00 HOLD
54.752	>>> V 0.00 0.00
54.753	S 12734133 -0.44 0.26 0.00 0.00 HOLD
54.772	>>> V 0.00 0.00
54.772	S 12734153 -0.53 0.26 0.00 0.00 HOLD
54.792	>>> V 0.00 0.00
54.792	S 12734173 -0.44 0.26 0.00 0.00 HOLD
54.812	>>> V 0.00 0.00
54.815	S 12734193 -0.44 0.26 0.00 0.00 HOLD
54.832	>>> V 0.00 0.00
54.832	S 12734213 -0.44 0.26 0.00 0.00 HOLD
54.853	>>> V 0.00 0.00
54.853	S 12734233 -0.44 0.26 0.00 0.00 HOLD
54.871	>>> V 0.00 0.00
54.872	S 12734253 -0.44 0.26 0.00 0.00 HOLD
54.891	>>> V 0.00 0.00
54.892	S 12734273 -0.44 0.26 0.00 0.00 HOLD
54.912	>>> V 0.00 0.00
54.914	S 12734293 -0.44 0.26 0.00 0.00 HOLD
54.932	>>> V 0.00 0.00
54.933	S 12734313 -0.53 0.26 0.00 0.00 HOLD
54.953	>>> V 0.00 0.00
54.953	S 12734333 -0.44 0.26 0.00 0.00 HOLD
54.973	>>> V 0.00 0.00
54.975	S 12734353 -0.44 0.26 0.00 0.00 HOLD
54.993	>>> V 0.00 0.00
54.993	S 12734373 -0.44 0.26 0.00 0.00 HOLD
55.012	>>> V 0.00 0.00
55.012	S 12734393 -0.44 0.26 0.00 0.00 HOLD
55.032	>>> V 0.00 0.00
55.032	S 12734413 -0.44 0.26 0.00 0.00 HOLD
55.052	>>> V 0.00 0.00
55.053	S 12734433 -0.44 0.26 0.00 0.00 HOLD
55.072	>>> V 0.00 0.00
55.072	S 12734453 -0.53 0.26 0.00 0.00 HOLD
55.093	>>> V 0.00 0.00
55.094	S 12734473 -0.53 0.26 0.00 0.00 HOLD
55.112	>>> V 0.00 0.00
55.112	S 12734493 -0.53 0.26 0.00 0.00 HOLD
55.131	>>> V 0.00 0.00
55.132	S 12734513 -0.44 0.26 0.00 0.00 HOLD
55.152	>>> V 0.00 0.00
55.153	S 12734533 -0.44 0.26 0.00 0.00 HOLD
55.172	>>> V 0.00 0.00
55.172	S 12734553 -0.44 0.26 0.00 0.00 HOLD
55.192	>>> V 0.00 0.00
55.192	S 12734573 -0.44 0.26 0.00 0.00 HOLD
55.212	>>> V 0.00 0.00
55.213	S 12734593 -0.44 0.26 0.00 0.00 HOLD
55.233	>>> V 0.00 0.00
55.233	S 12734613 -0.44 0.26 0.00 0.00 HOLD
55.252	>>> V 0.00 0.00
55.252	S 12734633 -0.44 0.26 0.00 0.00 HOLD
55.272	>>> V 0.00 0.00
55.273	S 12734653 -0.44 0.26 0.00 0.00 HOLD
55.292	>>> V 0.00 0.00
55.294	S 12734673 -0.53 0.26 0.00 0.00 HOLD
55.311	>>> V 0.00 0.00
55.312	S 12734693 -0.44 0.26 0.00 0.00 HOLD
55.333	>>> V 0.00 0.00
55.335	S 12734713 -0.53 0.26 0.00 0.00 HOLD
55.351	>>> V 0.00 0.00
55.352	S 12734733 -0.44 0.26 0.00 0.00 HOLD
55.373	>>> V 0.00 0.00
55.374	S 12734753 -0.44 0.26 0.00 0.00 HOLD
55.392	>>> V 0.00 0.00
55.392	S 12734773 -0.44 0.26 0.00 0.00 HOLD
55.412	>>> V 0.00 0.00
55.412	S 12734793 -0.44 0.26 0.00 0.00 HOLD
55.433	>>> V 0.00 0.00
55.435	S 12734813 -0.44 0.26 0.00 0.00 HOLD
55.451	>>> V 0.00 0.00
55.452	S 12734833 -0.44 0.26 0.00 0.00 HOLD
55.472	>>> V 0.00 0.00
55.473	S 12734853 -0.53 0.26 0.00 0.00 HOLD
55.491	>>> V 0.00 0.00
55.493	S 12734873 -0.44 0.26 0.00 0.00 HOLD
55.513	>>> V 0.00 0.00
55.513	S 12734893 -0.53 0.26 0.00 0.00 HOLD
55.534	>>> V 0.00 0.00
55.534	S 12734913 -0.44 0.26 0.00 0.00 HOLD
55.552	>>> V 0.00 0.00
55.552	S 12734933 -0.44 0.26 0.00 0.00 HOLD
55.573	>>> V 0.00 0.00
55.575	S 12734953 -0.44 0.26 0.00 0.00 HOLD
55.592	>>> V 0.00 0.00
55.592	S 12734973 -0.44 0.26 0.00 0.00 HOLD
55.613	>>> V 0.00 0.00
55.613	S 12734993 -0.44 0.26 0.00 0.00 HOLD
55.632	>>> V 0.00 0.00
55.633	S 12735013 -0.53 0.26 0.00 0.00 HOLD
55.652	>>> V 0.00 0.00
55.652	S 12735033 -0.44 0.26 0.00 0.00 HOLD
55.673	>>> V 0.00 0.00
55.674	S 12735053 -0.44 0.26 0.00 0.00 HOLD
55.692	>>> V 0.00 0.00
55.692	S 12735074 -0.44 0.26 0.00 0.00 HOLD
55.711	>>> V 0.00 0.00
55.711	S 12735093 -0.44 0.26 0.00 0.00 HOLD
55.732	>>> V 0.00 0.00
55.732	S 12735114 -0.44 0.26 0.00 0.00 HOLD
55.751	>>> V 0.00 0.00
55.752	S 12735134 -0.44 0.26 0.00 0.00 HOLD
55.773	>>> V 0.00 0.00
55.773	S 12735154 -0.44 0.26 0.00 0.00 HOLD
55.792	>>> V 0.00 0.00
55.793	S 12735174 -0.44 0.26 0.00 0.00 HOLD
55.812	>>> V 0.00 0.00
55.813	S 12735194 -0.44 0.26 0.00 0.00 HOLD
55.832	>>> V 0.00 0.00
55.833	S 12735214 -0.44 0.26 0.00 0.00 HOLD
55.852	>>> V 0.00 0.00
55.852	S 12735234 -0.44 0.26 0.00 0.00 HOLD
55.871	>>> V 0.00 0.00
55.874	S 12735254 -0.53 0.26 0.00 0.00 HOLD
55.892	>>> V 0.00 0.00
55.892	S 12735274 -0.44 0.26 0.00 0.00 HOLD
55.914	>>> V 0.00 0.00
55.914	S 12735294 -0.44 0.26 0.00 0.00 HOLD
55.932	>>> V 0.00 0.00
55.933	S 12735314 -0.44 0.26 0.00 0.00 HOLD
55.952	>>> V 0.00 0.00
55.953	S 12735334 -0.44 0.26 0.00 0.00 HOLD
55.972	>>> V 0.00 0.00
55.975	S 12735354 -0.53 0.26 0.00 0.00 HOLD
55.991	>>> V 0.00 0.00
55.991	S 12735374 -0.44 0.35 0.00 0.00 HOLD
56.012	>>> V 0.00 0.00
56.012	S 12735394 -0.44 0.26 0.00 0.00 HOLD
56.031	>>> V 0.00 0.00
56.032	S 12735414 -0.53 0.26 0.00 0.00 HOLD
56.051	>>> V 0.00 0.00
56.052	S 12735434 -0.53 0.35 0.00 0.00 HOLD
56.071	>>> V 0.00 0.00
56.072	S 12735454 -0.44 0.26 0.00 0.00 HOLD
56.091	>>> V 0.00 0.00
56.092	S 12735474 -0.44 0.26 0.00 0.00 HOLD
56.111	>>> V 0.00 0.00
56.112	S 12735494 -0.44 0.26 0.00 0.00 HOLD
56.131	>>> V 0.00 0.00
56.132	S 12735514 -0.44 0.26 0.00 0.00 HOLD
56.154	>>> V 0.00 0.00
56.157	S 12735534 -0.44 0.26 0.00 0.00 HOLD
56.160	S 12735554 -0.44 0.26 0.00 0.00 HOLD
56.171	>>> V 0.00 0.00
56.192	>>> V 0.00 0.00
56.192	S 12735574 -0.53 0.35 0.00 0.00 HOLD
56.211	>>> V 0.00 0.00
56.212	S 12735594 -0.44 0.26 0.00 0.00 HOLD
56.232	>>> V 0.00 0.00
56.232	S 12735614 -0.44 0.26 0.00 0.00 HOLD
56.251	>>> V 0.00 0.00
56.252	S 12735634 -0.44 0.26 0.00 0.00 HOLD
56.274	>>> V 0.00 0.00
56.274	S 12735654 -0.44 0.26 0.00 0.00 HOLD
56.291	>>> V 0.00 0.00
56.292	S 12735674 -0.44 0.35 0.00 0.00 HOLD
56.313	>>> V 0.00 0.00
56.314	S 12735694 -0.44 0.35 0.00 0.00 HOLD
56.332	>>> V 0.00 0.00
56.332	S 12735714 -0.44 0.35 0.00 0.00 HOLD
56.352	>>> V 0.00 0.00
56.353	S 12735734 -0.53 0.26 0.00 0.00 HOLD
56.374	>>> V 0.00 0.00
56.374	S 12735754 -0.44 0.26 0.00 0.00 HOLD
56.392	>>> V 0.00 0.00
56.392	S 12735774 -0.44 0.26 0.00 0.00 HOLD
56.411	>>> V 0.00 0.00
56.411	S 12735794 -0.44 0.26 0.00 0.00 HOLD
56.433	>>> V 0.00 0.00
56.433	S 12735814 -0.44 0.26 0.00 0.00 HOLD
56.451	>>> V 0.00 0.00
56.452	S 12735834 -0.53 0.26 0.00 0.00 HOLD
56.472	>>> V 0.00 0.00
56.473	S 12735854 -0.44 0.35 0.00 0.00 HOLD
56.492	>>> V 0.00 0.00
56.493	S 12735874 -0.44 0.26 0.00 0.00 HOLD
56.511	>>> V 0.00 0.00
56.511	S 12735894 -0.44 0.26 0.00 0.00 HOLD
56.531	>>> V 0.00 0.00
56.532	S 12735914 -0.44 0.26 0.00 0.00 HOLD
56.552	>>> V 0.00 0.00
56.552	S 12735934 -0.44 0.26 0.00 0.00 HOLD
56.573	>>> V 0.00 0.00
56.578	S 12735954 -0.53 0.26 0.00 0.00 HOLD
56.583	S 12735974 -0.44 0.26 0.00 0.00 HOLD
56.591	>>> V 0.00 0.00
56.613	>>> V 0.00 0.00
56.614	S 12735994 -0.44 0.26 0.00 0.00 HOLD
56.632	>>> V 0.00 0.00
56.632	S 12736014 -0.44 0.26 0.00 0.00 HOLD
56.652	>>> V 0.00 0.00
56.652	S 12736034 -0.44 0.26 0.00 0.00 HOLD
56.672	>>> V 0.00 0.00
56.673	S 12736054 -0.44 0.26 0.00 0.00 HOLD
56.692	>>> V 0.00 0.00
56.692	S 12736074 -0.44 0.26 0.00 0.00 HOLD
56.713	>>> V 0.00 0.00
56.714	S 12736094 -0.44 0.26 0.00 0.00 HOLD
56.732	>>> V 0.00 0.00
56.732	S 12736114 -0.44 0.26 0.00 0.00 HOLD
56.752	>>> V 0.00 0.00
56.753	S 12736134 -0.44 0.26 0.00 0.00 HOLD
56.774	>>> V 0.00 0.00
56.776	S 12736154 -0.44 0.26 0.00 0.00 HOLD
56.792	>>> V 0.00 0.00
56.792	S 12736174 -0.53 0.26 0.00 0.00 HOLD
56.813	>>> V 0.00 0.00
56.814	S 12736194 -0.53 0.26 0.00 0.00 HOLD
56.832	>>> V 0.00 0.00
56.832	S 12736214 -0.53 0.26 0.00 0.00 HOLD
56.851	>>> V 0.00 0.00
56.852	S 12736234 -0.44 0.26 0.00 0.00 HOLD
56.874	>>> V 0.00 0.00
56.876	S 12736254 -0.44 0.26 0.00 0.00 HOLD
56.882	S 12736274 -0.44 0.26 0.00 0.00 HOLD
56.892	>>> V 0.00 0.00
56.912	>>> V 0.00 0.00
56.913	S 12736294 -0.44 0.26 0.00 0.00 HOLD
56.931	>>> V 0.00 0.00
56.932	S 12736314 -0.44 0.26 0.00 0.00 HOLD
56.951	>>> V 0.00 0.00
56.952	S 12736334 -0.44 0.26 0.00 0.00 HOLD
56.974	>>> V 0.00 0.00
56.976	S 12736354 -0.53 0.26 0.00 0.00 HOLD
56.981	S 12736374 -0.44 0.26 0.00 0.00 HOLD
56.992	>>> V 0.00 0.00
57.013	>>> V 0.00 0.00
57.013	S 12736394 -0.53 0.26 0.00 0.00 HOLD
57.031	>>> V 0.00 0.00
57.032	S 12736414 -0.44 0.26 0.00 0.00 HOLD
57.052	>>> V 0.00 0.00
57.053	S 12736434 -0.44 0.26 0.00 0.00 HOLD
57.073	>>> V 0.00 0.00
57.077	S 12736454 -0.44 0.26 0.00 0.00 HOLD
57.083	S 12736474 -0.53 0.26 0.00 0.00 HOLD
57.092	>>> V 0.00 0.00
57.112	>>> V 0.00 0.00
57.113	S 12736494 -0.44 0.26 0.00 0.00 HOLD
57.132	>>> V 0.00 0.00
57.132	S 12736514 -0.44 0.26 0.00 0.00 HOLD
57.152	>>> V 0.00 0.00
57.152	S 12736534 -0.44 0.26 0.00 0.00 HOLD
57.172	>>> V 0.00 0.00
57.175	S 12736554 -0.44 0.35 0.00 0.00 HOLD
57.192	>>> V 0.00 0.00
57.192	S 12736574 -0.44 0.26 0.00 0.00 HOLD
57.212	>>> V 0.00 0.00
57.213	S 12736594 -0.44 0.26 0.00 0.00 HOLD
57.231	>>> V 0.00 0.00
57.233	S 12736614 -0.53 0.26 0.00 0.00 HOLD
57.252	>>> V 0.00 0.00
57.252	S 12736634 -0.53 0.26 0.00 0.00 HOLD
57.272	>>> V 0.00 0.00
57.273	S 12736654 -0.44 0.35 0.00 0.00 HOLD
57.292	>>> V 0.00 0.00
57.292	S 12736674 -0.44 0.26 0.00 0.00 HOLD
57.318	>>> V 0.00 0.00
57.318	S 12736694 -0.44 0.26 0.00 0.00 HOLD
57.320	S 12736714 -0.44 0.26 0.00 0.00 HOLD
57.332	>>> V 0.00 0.00
57.352	>>> V 0.00 0.00
57.352	S 12736734 -0.44 0.26 0.00 0.00 HOLD
57.371	>>> V 0.00 0.00
57.374	S 12736754 -0.53 0.26 0.00 0.00 HOLD
57.392	>>> V 0.00 0.00
57.392	S 12736774 -0.44 0.26 0.00 0.00 HOLD
57.412	>>> V 0.00 0.00
57.412	S 12736794 -0.44 0.26 0.00 0.00 HOLD
57.432	>>> V 0.00 0.00
57.432	S 12736814 -0.44 0.35 0.00 0.00 HOLD
57.452	>>> V 0.00 0.00
57.453	S 12736834 -0.44 0.26 0.00 0.00 HOLD
57.472	>>> V 0.00 0.00
57.472	S 12736854 -0.44 0.26 0.00 0.00 HOLD
57.492	>>> V 0.00 0.00
57.492	S 12736874 -0.44 0.26 0.00 0.00 HOLD
57.512	>>> V 0.00 0.00
57.515	S 12736894 -0.44 0.26 0.00 0.00 HOLD
57.532	>>> V 0.00 0.00
57.532	S 12736914 -0.44 0.26 0.00 0.00 HOLD
57.552	>>> V 0.00 0.00
57.553	S 12736934 -0.44 0.26 0.00 0.00 HOLD
57.571	>>> V 0.00 0.00
57.573	S 12736954 -0.44 0.26 0.00 0.00 HOLD
57.591	>>> V 0.00 0.00
57.592	S 12736974 -0.53 0.26 0.00 0.00 HOLD
57.611	>>> V 0.00 0.00
57.614	S 12736994 -0.44 0.26 0.00 0.00 HOLD
57.632	>>> V 0.00 0.00
57.632	S 12737014 -0.53 0.26 0.00 0.00 HOLD
57.651	>>> V 0.00 0.00
57.652	S 12737034 -0.44 0.35 0.00 0.00 HOLD
57.672	>>> V 0.00 0.00
57.672	S 12737054 -0.44 0.26 0.00 0.00 HOLD
57.692	>>> V 0.00 0.00
57.692	S 12737074 -0.44 0.26 0.00 0.00 HOLD
57.712	>>> V 0.00 0.00
57.712	S 12737094 -0.44 0.35 0.00 0.00 HOLD
57.733	>>> V 0.00 0.00
57.735	S 12737114 -0.44 0.26 0.00 0.00 HOLD
57.752	>>> V 0.00 0.00
57.752	S 12737134 -0.44 0.26 0.00 0.00 HOLD
57.772	>>> V 0.00 0.00
57.774	S 12737154 -0.44 0.26 0.00 0.00 HOLD
57.792	>>> V 0.00 0.00
57.794	S 12737174 -0.44 0.26 0.00 0.00 HOLD
57.812	>>> V 0.00 0.00
57.812	S 12737194 -0.44 0.26 0.00 0.00 HOLD
57.834	>>> V 0.00 0.00
57.834	S 12737214 -0.44 0.26 0.00 0.00 HOLD
57.851	>>> V 0.00 0.00
57.852	S 12737234 -0.44 0.26 0.00 0.00 HOLD
57.871	>>> V 0.00 0.00
57.873	S 12737254 -0.44 0.26 0.00 0.00 HOLD
57.892	>>> V 0.00 0.00
57.892	S 12737274 -0.44 0.26 0.00 0.00 HOLD
57.912	>>> V 0.00 0.00
57.913	S 12737294 -0.44 0.26 0.00 0.00 HOLD
57.931	>>> V 0.00 0.00
57.932	S 12737314 -0.53 0.26 0.00 0.00 HOLD
57.951	>>> V 0.00 0.00
57.952	S 12737334 -0.44 0.26 0.00 0.00 HOLD
57.973	>>> V 0.00 0.00
57.974	S 12737354 -0.53 0.26 0.00 0.00 HOLD
57.991	>>> V 0.00 0.00
57.992	S 12737374 -0.44 0.35 0.00 0.00 HOLD
58.013	>>> V 0.00 0.00
58.014	S 12737394 -0.44 0.26 0.00 0.00 HOLD
58.031	>>> V 0.00 0.00
58.032	S 12737414 -0.44 0.26 0.00 0.00 HOLD
58.054	>>> V 0.00 0.00
58.055	S 12737434 -0.44 0.26 0.00 0.00 HOLD
58.072	>>> V 0.00 0.00
58.076	S 12737454 -0.44 0.26 0.00 0.00 HOLD
58.093	>>> V 0.00 0.00
58.094	S 12737474 -0.44 0.26 0.00 0.00 HOLD
58.112	>>> V 0.00 0.00
58.115	S 12737494 -0.44 0.26 0.00 0.00 HOLD
58.132	>>> V 0.00 0.00
58.132	S 12737514 -0.53 0.26 0.00 0.00 HOLD
58.153	>>> V 0.00 0.00
58.154	S 12737534 -0.44 0.26 0.00 0.00 HOLD
58.173	>>> V 0.00 0.00
58.174	S 12737554 -0.44 0.26 0.00 0.00 HOLD
58.194	>>> V 0.00 0.00
58.196	S 12737574 -0.44 0.26 0.00 0.00 HOLD
58.212	>>> V 0.00 0.00
58.213	S 12737594 -0.53 0.26 0.00 0.00 HOLD
58.233	>>> V 0.00 0.00
58.234	S 12737614 -0.44 0.26 0.00 0.00 HOLD
58.252	>>> V 0.00 0.00
58.252	S 12737634 -0.44 0.26 0.00 0.00 HOLD
58.277	>>> V 0.00 0.00
58.277	S 12737654 -0.53 0.26 0.00 0.00 HOLD
58.279	S 12737674 -0.53 0.26 0.00 0.00 HOLD
58.292	>>> V 0.00 0.00
58.312	>>> V 0.00 0.00
58.312	S 12737694 -0.44 0.26 0.00 0.00 HOLD
58.332	>>> V 0.00 0.00
58.332	S 12737714 -0.44 0.26 0.00 0.00 HOLD
58.352	>>> V 0.00 0.00
58.352	S 12737734 -0.53 0.26 0.00 0.00 HOLD
58.375	>>> V 0.00 0.00
58.378	S 12737754 -0.44 0.26 0.00 0.00 HOLD
58.381	S 12737774 -0.53 0.26 0.00 0.00 HOLD
58.392	>>> V 0.00 0.00
58.411	>>> V 0.00 0.00
58.412	S 12737794 -0.53 0.26 0.00 0.00 HOLD
58.431	>>> V 0.00 0.00
58.432	S 12737814 -0.53 0.26 0.00 0.00 HOLD
58.451	>>> V 0.00 0.00
58.452	S 12737834 -0.44 0.26 0.00 0.00 HOLD
58.472	>>> V 0.00 0.00
58.473	S 12737854 -0.53 0.26 0.00 0.00 HOLD
58.495	>>> V 0.00 0.00
58.495	S 12737874 -0.53 0.26 0.00 0.00 HOLD
58.511	>>> V 0.00 0.00
58.512	S 12737894 -0.44 0.26 0.00 0.00 HOLD
58.532	>>> V 0.00 0.00
58.534	S 12737914 -0.44 0.26 0.00 0.00 HOLD
58.551	>>> V 0.00 0.00
58.552	S 12737934 -0.53 0.26 0.00 0.00 HOLD
58.575	>>> V 0.00 0.00
58.578	S 12737954 -0.44 0.26 0.00 0.00 HOLD
58.580	S 12737974 -0.44 0.26 0.00 0.00 HOLD
58.591	>>> V 0.00 0.00
58.612	>>> V 0.00 0.00
58.613	S 12737994 -0.44 0.26 0.00 0.00 HOLD
58.632	>>> V 0.00 0.00
58.632	S 12738014 -0.44 0.26 0.00 0.00 HOLD
58.654	>>> V 0.00 0.00
58.656	S 12738034 -0.44 0.26 0.00 0.00 HOLD
58.657	S 12738054 -0.44 0.26 0.00 0.00 HOLD
58.672	>>> V 0.00 0.00
58.692	>>> V 0.00 0.00
58.692	S 12738074 -0.44 0.26 0.00 0.00 HOLD
58.712	>>> V 0.00 0.00
58.712	S 12738094 -0.44 0.26 0.00 0.00 HOLD
58.732	>>> V 0.00 0.00
58.732	S 12738114 -0.53 0.26 0.00 0.00 HOLD
58.752	>>> V 0.00 0.00
58.752	S 12738134 -0.53 0.26 0.00 0.00 HOLD
58.772	>>> V 0.00 0.00
58.772	S 12738154 -0.53 0.26 0.00 0.00 HOLD
58.792	>>> V 0.00 0.00
58.792	S 12738174 -0.44 0.26 0.00 0.00 HOLD
58.814	>>> V 0.00 0.00
58.815	S 12738194 -0.44 0.26 0.00 0.00 HOLD
58.832	>>> V 0.00 0.00
58.833	S 12738214 -0.53 0.26 0.00 0.00 HOLD
58.853	>>> V 0.00 0.00
58.854	S 12738234 -0.44 0.26 0.00 0.00 HOLD
58.872	>>> V 0.00 0.00
58.872	S 12738254 -0.44 0.26 0.00 0.00 HOLD
58.894	>>> V 0.00 0.00
58.894	S 12738274 -0.53 0.26 0.00 0.00 HOLD
58.911	>>> V 0.00 0.00
58.912	S 12738294 -0.44 0.26 0.00 0.00 HOLD
58.933	>>> V 0.00 0.00
58.933	S 12738314 -0.53 0.26 0.00 0.00 HOLD
58.951	>>> V 0.00 0.00
58.952	S 12738334 -0.53 0.26 0.00 0.00 HOLD
58.973	>>> V 0.00 0.00
58.973	S 12738354 -0.53 0.35 0.00 0.00 HOLD
58.992	>>> V 0.00 0.00
58.992	S 12738374 -0.53 0.26 0.00 0.00 HOLD
59.012	>>> V 0.00 0.00
59.013	S 12738394 -0.44 0.26 0.00 0.00 HOLD
59.032	>>> V 0.00 0.00
59.032	S 12738414 -0.44 0.26 0.00 0.00 HOLD
59.052	>>> V 0.00 0.00
59.052	S 12738434 -0.44 0.26 0.00 0.00 HOLD
59.071	>>> V 0.00 0.00
59.071	S 12738454 -0.44 0.26 0.00 0.00 HOLD
59.092	>>> V 0.00 0.00
59.092	S 12738474 -0.44 0.35 0.00 0.00 HOLD
59.112	>>> V 0.00 0.00
59.113	S 12738494 -0.44 0.26 0.00 0.00 HOLD
59.135	>>> V 0.00 0.00
59.135	S 12738514 -0.44 0.26 0.00 0.00 HOLD
59.152	>>> V 0.00 0.00
59.152	S 12738534 -0.44 0.26 0.00 0.00 HOLD
59.174	>>> V 0.00 0.00
59.174	S 12738554 -0.44 0.26 0.00 0.00 HOLD
59.192	>>> V 0.00 0.00
59.193	S 12738574 -0.44 0.26 0.00 0.00 HOLD
59.213	>>> V 0.00 0.00
59.214	S 12738594 -0.44 0.26 0.00 0.00 HOLD
59.231	>>> V 0.00 0.00
59.233	S 12738614 -0.53 0.26 0.00 0.00 HOLD
59.253	>>> V 0.00 0.00
59.255	S 12738634 -0.44 0.26 0.00 0.00 HOLD
59.271	>>> V 0.00 0.00
59.273	S 12738654 -0.44 0.26 0.00 0.00 HOLD
59.291	>>> V 0.00 0.00
59.292	S 12738674 -0.44 0.26 0.00 0.00 HOLD
59.312	>>> V 0.00 0.00
59.312	S 12738694 -0.44 0.26 0.00 0.00 HOLD
59.332	>>> V 0.00 0.00
59.333	S 12738714 -0.44 0.26 0.00 0.00 HOLD
59.351	>>> V 0.00 0.00
59.352	S 12738734 -0.44 0.26 0.00 0.00 HOLD
59.374	>>> V 0.00 0.00
59.376	S 12738754 -0.44 0.26 0.00 0.00 HOLD
59.381	S 12738774 -0.53 0.26 0.00 0.00 HOLD
59.391	>>> V 0.00 0.00
59.413	>>> V 0.00 0.00
59.414	S 12738794 -0.53 0.26 0.00 0.00 HOLD
59.432	>>> V 0.00 0.00
59.433	S 12738814 -0.44 0.35 0.00 0.00 HOLD
59.454	>>> V 0.00 0.00
59.455	S 12738834 -0.44 0.26 0.00 0.00 HOLD
59.473	>>> V 0.00 0.00
59.473	S 12738854 -0.44 0.35 0.00 0.00 HOLD
59.493	>>> V 0.00 0.00
59.495	S 12738874 -0.53 0.35 0.00 0.00 HOLD
59.512	>>> V 0.00 0.00
59.512	S 12738894 -0.53 0.35 0.00 0.00 HOLD
59.533	>>> V 0.00 0.00
59.533	S 12738914 -0.44 0.26 0.00 0.00 HOLD
59.551	>>> V 0.00 0.00
59.552	S 12738934 -0.44 0.26 0.00 0.00 HOLD
59.573	>>> V 0.00 0.00
59.574	S 12738954 -0.53 0.26 0.00 0.00 HOLD
59.591	>>> V 0.00 0.00
59.594	S 12738974 -0.53 0.26 0.00 0.00 HOLD
59.611	>>> V 0.00 0.00
59.612	S 12738994 -0.53 0.26 0.00 0.00 HOLD
59.633	>>> V 0.00 0.00
59.633	S 12739014 -0.44 0.26 0.00 0.00 HOLD
59.651	>>> V 0.00 0.00
59.652	S 12739034 -0.44 0.26 0.00 0.00 HOLD
59.672	>>> V 0.00 0.00
59.672	S 12739054 -0.44 0.26 0.00 0.00 HOLD
59.691	>>> V 0.00 0.00
59.692	S 12739074 -0.44 0.26 0.00 0.00 HOLD
59.712	>>> V 0.00 0.00
59.713	S 12739094 -0.44 0.26 0.00 0.00 HOLD
59.731	>>> V 0.00 0.00
59.732	S 12739114 -0.44 0.26 0.00 0.00 HOLD
59.752	>>> V 0.00 0.00
59.753	S 12739134 -0.44 0.26 0.00 0.00 HOLD
59.771	>>> V 0.00 0.00
59.772	S 12739154 -0.44 0.26 0.00 0.00 HOLD
59.792	>>> V 0.00 0.00
59.793	S 12739174 -0.44 0.26 0.00 0.00 HOLD
59.812	>>> V 0.00 0.00
59.812	S 12739194 -0.44 0.35 0.00 0.00 HOLD
59.833	>>> V 0.00 0.00
59.834	S 12739214 -0.44 0.26 0.00 0.00 HOLD
59.852	>>> V 0.00 0.00
59.852	S 12739234 -0.44 0.26 0.00 0.00 HOLD
59.873	>>> V 0.00 0.00
59.874	S 12739254 -0.53 0.26 0.00 0.00 HOLD
59.891	>>> V 0.00 0.00
59.892	S 12739274 -0.53 0.26 0.00 0.00 HOLD
59.913	>>> V 0.00 0.00
59.917	S 12739294 -0.44 0.26 0.00 0.00 HOLD
59.919	S 12739314 -0.44 0.26 0.00 0.00 HOLD
59.933	>>> V 0.00 0.00
59.954	>>> V 0.00 0.00
59.954	S 12739334 -0.44 0.26 0.00 0.00 HOLD
59.973	>>> V 0.00 0.00
59.974	S 12739354 -0.53 0.26 0.00 0.00 HOLD
59.992	>>> V 0.00 0.00
59.993	S 12739374 -0.44 0.26 0.00 0.00 HOLD
60.011	>>> V 0.00 0.00
60.012	S 12739394 -0.44 0.26 0.00 0.00 HOLD
60.032	>>> V 0.00 0.00
60.033	S 12739414 -0.44 0.26 0.00 0.00 HOLD
60.051	>>> V 0.00 0.00
60.052	S 12739434 -0.44 0.26 0.00 0.00 HOLD
60.072	>>> V 0.00 0.00
60.073	S 12739454 -0.44 0.35 0.00 0.00 HOLD
60.092	>>> V 0.00 0.00
60.092	S 12739474 -0.44 0.26 0.00 0.00 HOLD
60.111	>>> V 0.00 0.00
60.112	S 12739494 -0.44 0.26 0.00 0.00 HOLD
60.131	>>> V 0.00 0.00
60.132	S 12739514 -0.53 0.35 0.00 0.00 HOLD
60.152	>>> V 0.00 0.00
60.152	S 12739534 -0.53 0.26 0.00 0.00 HOLD
60.171	>>> V 0.00 0.00
60.173	S 12739554 -0.44 0.26 0.00 0.00 HOLD
60.192	>>> V 0.00 0.00
60.192	S 12739574 -0.44 0.26 0.00 0.00 HOLD
60.213	>>> V 0.00 0.00
60.213	S 12739594 -0.44 0.26 0.00 0.00 HOLD
60.231	>>> V 0.00 0.00
60.231	S 12739614 -0.44 0.26 0.00 0.00 HOLD
60.255	>>> V 0.00 0.00
60.256	S 12739634 -0.44 0.26 0.00 0.00 HOLD
60.261	S 12739654 -0.44 0.26 0.00 0.00 HOLD
60.271	>>> V 0.00 0.00
60.293	>>> V 0.00 0.00
60.294	S 12739674 -0.53 0.26 0.00 0.00 HOLD
60.312	>>> V 0.00 0.00
60.312	S 12739694 -0.44 0.26 0.00 0.00 HOLD
60.333	>>> V 0.00 0.00
60.334	S 12739714 -0.44 0.26 0.00 0.00 HOLD
60.352	>>> V 0.00 0.00
60.352	S 12739734 -0.44 0.26 0.00 0.00 HOLD
60.373	>>> V 0.00 0.00
60.374	S 12739754 -0.44 0.26 0.00 0.00 HOLD
60.391	>>> V 0.00 0.00
60.392	S 12739774 -0.44 0.26 0.00 0.00 HOLD
60.412	>>> V 0.00 0.00
60.413	S 12739794 -0.44 0.26 0.00 0.00 HOLD
60.431	>>> V 0.00 0.00
60.433	S 12739814 -0.44 0.26 0.00 0.00 HOLD
60.453	>>> V 0.00 0.00
60.454	S 12739834 -0.44 0.26 0.00 0.00 HOLD
60.472	>>> V 0.00 0.00
60.474	S 12739854 -0.53 0.26 0.00 0.00 HOLD
60.493	>>> V 0.00 0.00
60.494	S 12739874 -0.44 0.26 0.00 0.00 HOLD
60.512	>>> V 0.00 0.00
60.513	S 12739894 -0.53 0.26 0.00 0.00 HOLD
60.533	>>> V 0.00 0.00
60.534	S 12739914 -0.53 0.26 0.00 0.00 HOLD
60.552	>>> V 0.00 0.00
60.553	S 12739934 -0.44 0.26 0.00 0.00 HOLD
60.574	>>> V 0.00 0.00
60.574	S 12739954 -0.53 0.35 0.00 0.00 HOLD
60.591	>>> V 0.00 0.00
60.593	S 12739974 -0.44 0.26 0.00 0.00 HOLD
60.612	>>> V 0.00 0.00
60.612	S 12739994 -0.44 0.26 0.00 0.00 HOLD
60.632	>>> V 0.00 0.00
60.633	S 12740014 -0.44 0.26 0.00 0.00 HOLD
60.652	>>> V 0.00 0.00
60.652	S 12740034 -0.44 0.26 0.00 0.00 HOLD
60.671	>>> V 0.00 0.00
60.673	S 12740054 -0.44 0.26 0.00 0.00 HOLD
60.692	>>> V 0.00 0.00
60.695	S 12740074 -0.44 0.26 0.00 0.00 HOLD
60.713	>>> V 0.00 0.00
60.714	S 12740094 -0.44 0.26 0.00 0.00 HOLD
60.731	>>> V 0.00 0.00
60.732	S 12740114 -0.53 0.26 0.00 0.00 HOLD
60.752	>>> V 0.00 0.00
60.752	S 12740134 -0.53 0.26 0.00 0.00 HOLD
60.771	>>> V 0.00 0.00
60.772	S 12740154 -0.44 0.26 0.00 0.00 HOLD
60.792	>>> V 0.00 0.00
60.792	S 12740174 -0.53 0.26 0.00 0.00 HOLD
60.812	>>> V 0.00 0.00
60.813	S 12740194 -0.53 0.26 0.00 0.00 HOLD
60.831	>>> V 0.00 0.00
60.832	S 12740214 -0.44 0.35 0.00 0.00 HOLD
60.856	>>> V 0.00 0.00
60.858	S 12740234 -0.44 0.26 0.00 0.00 HOLD
60.862	S 12740254 -0.44 0.26 0.00 0.00 HOLD
60.872	>>> V 0.00 0.00
60.893	>>> V 0.00 0.00
60.894	S 12740274 -0.53 0.26 0.00 0.00 HOLD
60.912	>>> V 0.00 0.00
60.912	S 12740294 -0.53 0.26 0.00 0.00 HOLD
60.932	>>> V 0.00 0.00
60.933	S 12740314 -0.44 0.26 0.00 0.00 HOLD
60.951	>>> V 0.00 0.00
60.951	S 12740334 -0.44 0.26 0.00 0.00 HOLD
60.973	>>> V 0.00 0.00
60.973	S 12740354 -0.44 0.26 0.00 0.00 HOLD
60.992	>>> V 0.00 0.00
60.992	S 12740374 -0.53 0.26 0.00 0.00 HOLD
61.014	>>> V 0.00 0.00
61.015	S 12740394 -0.44 0.26 0.00 0.00 HOLD
61.031	>>> V 0.00 0.00
61.032	S 12740414 -0.44 0.26 0.00 0.00 HOLD
61.053	>>> V 0.00 0.00
61.054	S 12740434 -0.44 0.26 0.00 0.00 HOLD
61.071	>>> V 0.00 0.00
61.073	S 12740454 -0.53 0.26 0.00 0.00 HOLD
61.093	>>> V 0.00 0.00
61.094	S 12740474 -0.53 0.26 0.00 0.00 HOLD
61.112	>>> V 0.00 0.00
61.114	S 12740494 -0.44 0.26 0.00 0.00 HOLD
61.132	>>> V 0.00 0.00
61.133	S 12740514 -0.53 0.26 0.00 0.00 HOLD
61.152	>>> V 0.00 0.00
61.153	S 12740534 -0.53 0.26 0.00 0.00 HOLD
61.172	>>> V 0.00 0.00
61.172	S 12740554 -0.53 0.26 0.00 0.00 HOLD
61.191	>>> V 0.00 0.00
61.192	S 12740574 -0.53 0.26 0.00 0.00 HOLD
61.212	>>> V 0.00 0.00
61.212	S 12740594 -0.44 0.26 0.00 0.00 HOLD
61.232	>>> V 0.00 0.00
61.232	S 12740614 -0.53 0.26 0.00 0.00 HOLD
61.251	>>> V 0.00 0.00
61.252	S 12740634 -0.44 0.26 0.00 0.00 HOLD
61.272	>>> V 0.00 0.00
61.273	S 12740654 -0.44 0.35 0.00 0.00 HOLD
61.291	>>> V 0.00 0.00
61.292	S 12740674 -0.53 0.26 0.00 0.00 HOLD
61.313	>>> V 0.00 0.00
61.315	S 12740694 -0.44 0.26 0.00 0.00 HOLD
61.332	>>> V 0.00 0.00
61.332	S 12740714 -0.53 0.26 0.00 0.00 HOLD
61.353	>>> V 0.00 0.00
61.357	S 12740734 -0.44 0.26 0.00 0.00 HOLD
61.360	S 12740754 -0.44 0.26 0.00 0.00 HOLD
61.372	>>> V 0.00 0.00
61.393	>>> V 0.00 0.00
61.394	S 12740774 -0.44 0.26 0.00 0.00 HOLD
61.412	>>> V 0.00 0.00
61.412	S 12740794 -0.53 0.26 0.00 0.00 HOLD
61.432	>>> V 0.00 0.00
61.434	S 12740814 -0.44 0.26 0.00 0.00 HOLD
61.452	>>> V 0.00 0.00
61.452	S 12740834 -0.44 0.26 0.00 0.00 HOLD
61.473	>>> V 0.00 0.00
61.474	S 12740854 -0.53 0.26 0.00 0.00 HOLD
61.492	>>> V 0.00 0.00
61.492	S 12740874 -0.44 0.26 0.00 0.00 HOLD
61.512	>>> V 0.00 0.00
61.512	S 12740894 -0.44 0.26 0.00 0.00 HOLD
61.531	>>> V 0.00 0.00
61.532	S 12740914 -0.44 0.35 0.00 0.00 HOLD
61.552	>>> V 0.00 0.00
61.552	S 12740934 -0.53 0.26 0.00 0.00 HOLD
61.573	>>> V 0.00 0.00
61.578	S 12740954 -0.44 0.26 0.00 0.00 HOLD
61.581	S 12740974 -0.44 0.26 0.00 0.00 HOLD
61.591	>>> V 0.00 0.00
61.614	>>> V 0.00 0.00
61.614	S 12740994 -0.44 0.26 0.00 0.00 HOLD
61.632	>>> V 0.00 0.00
61.632	S 12741014 -0.44 0.26 0.00 0.00 HOLD
61.653	>>> V 0.00 0.00
61.656	S 12741034 -0.44 0.26 0.00 0.00 HOLD
61.661	S 12741054 -0.53 0.26 0.00 0.00 HOLD
61.671	>>> V 0.00 0.00
61.692	>>> V 0.00 0.00
61.694	S 12741074 -0.44 0.26 0.00 0.00 HOLD
61.712	>>> V 0.00 0.00
61.713	S 12741094 -0.53 0.26 0.00 0.00 HOLD
61.732	>>> V 0.00 0.00
61.733	S 12741114 -0.44 0.35 0.00 0.00 HOLD
61.753	>>> V 0.00 0.00
61.753	S 12741134 -0.44 0.26 0.00 0.00 HOLD
61.772	>>> V 0.00 0.00
61.772	S 12741154 -0.44 0.26 0.00 0.00 HOLD
61.793	>>> V 0.00 0.00
61.794	S 12741174 -0.44 0.26 0.00 0.00 HOLD
61.812	>>> V 0.00 0.00
61.812	S 12741194 -0.53 0.26 0.00 0.00 HOLD
61.832	>>> V 0.00 0.00
61.832	S 12741214 -0.53 0.26 0.00 0.00 HOLD
61.851	>>> V 0.00 0.00
61.852	S 12741234 -0.44 0.26 0.00 0.00 HOLD
61.872	>>> V 0.00 0.00
61.872	S 12741254 -0.44 0.26 0.00 0.00 HOLD
61.891	>>> V 0.00 0.00
61.892	S 12741274 -0.44 0.26 0.00 0.00 HOLD
61.912	>>> V 0.00 0.00
61.912	S 12741294 -0.44 0.26 0.00 0.00 HOLD
61.932	>>> V 0.00 0.00
61.933	S 12741314 -0.44 0.26 0.00 0.00 HOLD
61.951	>>> V 0.00 0.00
61.952	S 12741334 -0.44 0.26 0.00 0.00 HOLD
61.972	>>> V 0.00 0.00
61.973	S 12741354 -0.53 0.26 0.00 0.00 HOLD
61.991	>>> V 0.00 0.00
61.992	S 12741374 -0.44 0.26 0.00 0.00 HOLD
62.013	>>> V 0.00 0.00
62.014	S 12741394 -0.53 0.26 0.00 0.00 HOLD
62.032	>>> V 0.00 0.00
62.033	S 12741414 -0.44 0.26 0.00 0.00 HOLD
62.053	>>> V 0.00 0.00
62.054	S 12741434 -0.44 0.35 0.00 0.00 HOLD
62.071	>>> V 0.00 0.00
62.073	S 12741454 -0.44 0.35 0.00 0.00 HOLD
62.093	>>> V 0.00 0.00
62.094	S 12741474 -0.53 0.26 0.00 0.00 HOLD
62.112	>>> V 0.00 0.00
62.113	S 12741494 -0.44 0.26 0.00 0.00 HOLD
62.133	>>> V 0.00 0.00
62.133	S 12741514 -0.44 0.26 0.00 0.00 HOLD
62.152	>>> V 0.00 0.00
62.152	S 12741534 -0.44 0.26 0.00 0.00 HOLD
62.172	>>> V 0.00 0.00
62.172	S 12741554 -0.53 0.26 0.00 0.00 HOLD
62.192	>>> V 0.00 0.00
62.193	S 12741574 -0.44 0.26 0.00 0.00 HOLD
62.212	>>> V 0.00 0.00
62.213	S 12741594 -0.44 0.26 0.00 0.00 HOLD
62.232	>>> V 0.00 0.00
62.232	S 12741614 -0.44 0.35 0.00 0.00 HOLD
62.251	>>> V 0.00 0.00
62.252	S 12741634 -0.44 0.26 0.00 0.00 HOLD
62.272	>>> V 0.00 0.00
62.274	S 12741654 -0.53 0.26 0.00 0.00 HOLD
62.291	>>> V 0.00 0.00
62.292	S 12741674 -0.44 0.26 0.00 0.00 HOLD
62.313	>>> V 0.00 0.00
62.313	S 12741694 -0.44 0.26 0.00 0.00 HOLD
62.331	>>> V 0.00 0.00
62.332	S 12741714 -0.44 0.26 0.00 0.00 HOLD
62.353	>>> V 0.00 0.00
62.354	S 12741734 -0.44 0.26 0.00 0.00 HOLD
62.371	>>> V 0.00 0.00
62.372	S 12741754 -0.53 0.35 0.00 0.00 HOLD
62.391	>>> V 0.00 0.00
62.393	S 12741774 -0.44 0.26 0.00 0.00 HOLD
62.413	>>> V 0.00 0.00
62.413	S 12741794 -0.44 0.26 0.00 0.00 HOLD
62.432	>>> V 0.00 0.00
62.432	S 12741814 -0.53 0.26 0.00 0.00 HOLD
62.452	>>> V 0.00 0.00
62.453	S 12741834 -0.44 0.26 0.00 0.00 HOLD
62.471	>>> V 0.00 0.00
62.471	S 12741854 -0.53 0.26 0.00 0.00 HOLD
62.491	>>> V 0.00 0.00
62.492	S 12741874 -0.53 0.26 0.00 0.00 HOLD
62.512	>>> V 0.00 0.00
62.513	S 12741894 -0.44 0.26 0.00 0.00 HOLD
62.531	>>> V 0.00 0.00
62.532	S 12741914 -0.44 0.26 0.00 0.00 HOLD
62.551	>>> V 0.00 0.00
62.554	S 12741934 -0.44 0.35 0.00 0.00 HOLD
62.571	>>> V 0.00 0.00
62.572	S 12741954 -0.44 0.26 0.00 0.00 HOLD
62.592	>>> V 0.00 0.00
62.593	S 12741974 -0.53 0.26 0.00 0.00 HOLD
62.612	>>> V 0.00 0.00
62.612	S 12741994 -0.44 0.26 0.00 0.00 HOLD
62.632	>>> V 0.00 0.00
62.633	S 12742014 -0.44 0.26 0.00 0.00 HOLD
62.651	>>> V 0.00 0.00
62.652	S 12742034 -0.53 0.26 0.00 0.00 HOLD
62.673	>>> V 0.00 0.00
62.674	S 12742054 -0.53 0.26 0.00 0.00 HOLD
62.692	>>> V 0.00 0.00
62.693	S 12742074 -0.53 0.26 0.00 0.00 HOLD
62.714	>>> V 0.00 0.00
62.714	S 12742094 -0.44 0.26 0.00 0.00 HOLD
62.732	>>> V 0.00 0.00
62.733	S 12742114 -0.44 0.26 0.00 0.00 HOLD
62.754	>>> V 0.00 0.00
62.755	S 12742134 -0.44 0.26 0.00 0.00 HOLD
62.772	>>> V 0.00 0.00
62.772	S 12742154 -0.44 0.26 0.00 0.00 HOLD
62.793	>>> V 0.00 0.00
62.793	S 12742174 -0.44 0.26 0.00 0.00 HOLD
62.813	>>> V 0.00 0.00
62.813	S 12742194 -0.44 0.26 0.00 0.00 HOLD
62.832	>>> V 0.00 0.00
62.833	S 12742214 -0.53 0.26 0.00 0.00 HOLD
62.851	>>> V 0.00 0.00
62.852	S 12742234 -0.44 0.26 0.00 0.00 HOLD
62.872	>>> V 0.00 0.00
62.872	S 12742254 -0.44 0.26 0.00 0.00 HOLD
62.891	>>> V 0.00 0.00
62.893	S 12742274 -0.44 0.26 0.00 0.00 HOLD
62.912	>>> V 0.00 0.00
62.912	S 12742294 -0.44 0.26 0.00 0.00 HOLD
62.933	>>> V 0.00 0.00
62.933	S 12742314 -0.44 0.26 0.00 0.00 HOLD
62.951	>>> V 0.00 0.00
62.952	S 12742334 -0.53 0.26 0.00 0.00 HOLD
62.972	>>> V 0.00 0.00
62.972	S 12742354 -0.44 0.26 0.00 0.00 HOLD
62.991	>>> V 0.00 0.00
62.992	S 12742374 -0.44 0.26 0.00 0.00 HOLD
63.012	>>> V 0.00 0.00
63.013	S 12742394 -0.53 0.26 0.00 0.00 HOLD
63.031	>>> V 0.00 0.00
63.032	S 12742414 -0.44 0.26 0.00 0.00 HOLD
63.053	>>> V 0.00 0.00
63.054	S 12742434 -0.44 0.26 0.00 0.00 HOLD
63.072	>>> V 0.00 0.00
63.072	S 12742454 -0.44 0.26 0.00 0.00 HOLD
63.092	>>> V 0.00 0.00
63.093	S 12742474 -0.44 0.26 0.00 0.00 HOLD
63.113	>>> V 0.00 0.00
63.114	S 12742494 -0.44 0.26 0.00 0.00 HOLD
63.132	>>> V 0.00 0.00
63.135	S 12742514 -0.44 0.26 0.00 0.00 HOLD
63.152	>>> V 0.00 0.00
63.155	S 12742534 -0.44 0.26 0.00 0.00 HOLD
63.173	>>> V 0.00 0.00
63.174	S 12742554 -0.53 0.26 0.00 0.00 HOLD
63.191	>>> V 0.00 0.00
63.191	S 12742574 -0.53 0.26 0.00 0.00 HOLD
63.213	>>> V 0.00 0.00
63.214	S 12742594 -0.53 0.26 0.00 0.00 HOLD
63.232	>>> V 0.00 0.00
63.233	S 12742615 -0.44 0.26 0.00 0.00 HOLD
63.251	>>> V 0.00 0.00
63.252	S 12742635 -0.44 0.26 0.00 0.00 HOLD
63.273	>>> V 0.00 0.00
63.274	S 12742654 -0.44 0.26 0.00 0.00 HOLD
63.291	>>> V 0.00 0.00
63.293	S 12742675 -0.44 0.35 0.00 0.00 HOLD
63.315	>>> V 0.00 0.00
63.318	S 12742695 -0.44 0.26 0.00 0.00 HOLD
63.322	S 12742715 -0.44 0.26 0.00 0.00 HOLD
63.332	>>> V 0.00 0.00
63.353	>>> V 0.00 0.00
63.354	S 12742735 -0.44 0.26 0.00 0.00 HOLD
63.373	>>> V 0.00 0.00
63.373	S 12742755 -0.53 0.35 0.00 0.00 HOLD
63.406	>>> V 0.00 0.00
63.408	S 12742775 -0.44 0.26 0.00 0.00 HOLD
63.416	S 12742795 -0.53 0.26 0.00 0.00 HOLD
63.421	>>> V 0.00 0.00
63.423	S 12742815 -0.53 0.26 0.00 0.00 HOLD
63.431	>>> V 0.00 0.00
63.452	>>> V 0.00 0.00
63.453	S 12742835 -0.44 0.26 0.00 0.00 HOLD
63.471	>>> V 0.00 0.00
63.472	S 12742855 -0.44 0.26 0.00 0.00 HOLD
63.492	>>> V 0.00 0.00
63.493	S 12742875 -0.44 0.26 0.00 0.00 HOLD
63.514	>>> V 0.00 0.00
63.515	S 12742895 -0.44 0.26 0.00 0.00 HOLD
63.532	>>> V 0.00 0.00
63.535	S 12742915 -0.53 0.26 0.00 0.00 HOLD
63.552	>>> V 0.00 0.00
63.553	S 12742935 -0.44 0.26 0.00 0.00 HOLD
63.573	>>> V 0.00 0.00
63.577	S 12742955 -0.44 0.26 0.00 0.00 HOLD
63.583	S 12742975 -0.44 0.35 0.00 0.00 HOLD
63.591	>>> V 0.00 0.00
63.612	>>> V 0.00 0.00
63.612	S 12742995 -0.44 0.26 0.00 0.00 HOLD
63.633	>>> V 0.00 0.00
63.634	S 12743015 -0.44 0.26 0.00 0.00 HOLD
63.652	>>> V 0.00 0.00
63.652	S 12743035 -0.44 0.26 0.00 0.00 HOLD
63.675	>>> V 0.00 0.00
63.678	S 12743055 -0.44 0.26 0.00 0.00 HOLD
63.679	S 12743075 -0.44 0.26 0.00 0.00 HOLD
63.692	>>> V 0.00 0.00
63.712	>>> V 0.00 0.00
63.712	S 12743095 -0.53 0.26 0.00 0.00 HOLD
63.731	>>> V 0.00 0.00
63.732	S 12743115 -0.44 0.26 0.00 0.00 HOLD
63.752	>>> V 0.00 0.00
63.754	S 12743135 -0.44 0.26 0.00 0.00 HOLD
63.773	>>> V 0.00 0.00
63.774	S 12743155 -0.53 0.26 0.00 0.00 HOLD
63.791	>>> V 0.00 0.00
63.793	S 12743175 -0.53 0.26 0.00 0.00 HOLD
63.812	>>> V 0.00 0.00
63.814	S 12743195 -0.53 0.35 0.00 0.00 HOLD
63.832	>>> V 0.00 0.00
63.832	S 12743215 -0.44 0.26 0.00 0.00 HOLD
63.854	>>> V 0.00 0.00
63.855	S 12743235 -0.44 0.26 0.00 0.00 HOLD
63.875	>>> V 0.00 0.00
63.876	S 12743255 -0.44 0.26 0.00 0.00 HOLD
63.891	>>> V 0.00 0.00
63.892	S 12743275 -0.44 0.26 0.00 0.00 HOLD
63.916	>>> V 0.00 0.00
63.917	S 12743295 -0.53 0.35 0.00 0.00 HOLD
63.921	S 12743315 -0.44 0.26 0.00 0.00 HOLD
63.932	>>> V 0.00 0.00
63.953	>>> V 0.00 0.00
63.957	S 12743335 -0.44 0.26 0.00 0.00 HOLD
63.959	S 12743355 -0.44 0.26 0.00 0.00 HOLD
63.971	>>> V 0.00 0.00
63.993	>>> V 0.00 0.00
63.994	S 12743375 -0.53 0.26 0.00 0.00 HOLD
64.015	>>> V 0.00 0.00
64.016	S 12743395 -0.44 0.26 0.00 0.00 HOLD
64.032	>>> V 0.00 0.00
64.032	S 12743415 -0.44 0.26 0.00 0.00 HOLD
64.052	>>> V 0.00 0.00
64.053	S 12743435 -0.53 0.26 0.00 0.00 HOLD
64.071	>>> V 0.00 0.00
64.072	S 12743455 -0.53 0.26 0.00 0.00 HOLD
64.091	>>> V 0.00 0.00
64.093	S 12743475 -0.53 0.26 0.00 0.00 HOLD
64.112	>>> V 0.00 0.00
64.112	S 12743495 -0.44 0.26 0.00 0.00 HOLD
64.133	>>> V 0.00 0.00
64.136	S 12743515 -0.53 0.26 0.00 0.00 HOLD
64.151	>>> V 0.00 0.00
64.152	S 12743535 -0.44 0.26 0.00 0.00 HOLD
64.172	>>> V 0.00 0.00
64.173	S 12743555 -0.44 0.26 0.00 0.00 HOLD
64.191	>>> V 0.00 0.00
64.192	S 12743575 -0.44 0.26 0.00 0.00 HOLD
64.214	>>> V 0.00 0.00
64.214	S 12743595 -0.44 0.26 0.00 0.00 HOLD
64.232	>>> V 0.00 0.00
64.234	S 12743615 -0.44 0.26 0.00 0.00 HOLD
64.253	>>> V 0.00 0.00
64.256	S 12743635 -0.44 0.26 0.00 0.00 HOLD
64.272	>>> V 0.00 0.00
64.272	S 12743655 -0.44 0.26 0.00 0.00 HOLD
64.292	>>> V 0.00 0.00
64.296	S 12743675 -0.44 0.26 0.00 0.00 HOLD
64.312	>>> V 0.00 0.00
64.313	S 12743695 -0.53 0.26 0.00 0.00 HOLD
64.338	>>> V 0.00 0.00
64.339	S 12743715 -0.44 0.35 0.00 0.00 HOLD
64.345	S 12743735 -0.44 0.26 0.00 0.00 HOLD
64.356	>>> V 0.00 0.00
64.359	S 12743755 -0.44 0.35 0.00 0.00 HOLD
64.376	>>> V 0.00 0.00
64.392	>>> V 0.00 0.00
64.393	S 12743775 -0.44 0.26 0.00 0.00 HOLD
64.412	>>> V 0.00 0.00
64.413	S 12743795 -0.53 0.26 0.00 0.00 HOLD
64.432	>>> V 0.00 0.00
64.434	S 12743815 -0.44 0.26 0.00 0.00 HOLD
64.452	>>> V 0.00 0.00
64.453	S 12743835 -0.44 0.26 0.00 0.00 HOLD
64.474	>>> V 0.00 0.00
64.477	S 12743855 -0.53 0.26 0.00 0.00 HOLD
64.478	S 12743875 -0.53 0.26 0.00 0.00 HOLD
64.493	>>> V 0.00 0.00
64.520	>>> V 0.00 0.00
64.520	S 12743895 -0.44 0.26 0.00 0.00 HOLD
64.521	S 12743915 -0.44 0.26 0.00 0.00 HOLD
64.532	>>> V 0.00 0.00
64.553	>>> V 0.00 0.00
64.554	S 12743935 -0.44 0.26 0.00 0.00 HOLD
64.574	>>> V 0.00 0.00
64.576	S 12743955 -0.44 0.26 0.00 0.00 HOLD
64.579	S 12743975 -0.53 0.26 0.00 0.00 HOLD
64.594	>>> V 0.00 0.00
64.613	>>> V 0.00 0.00
64.614	S 12743995 -0.44 0.26 0.00 0.00 HOLD
64.633	>>> V 0.00 0.00
64.633	S 12744015 -0.53 0.26 0.00 0.00 HOLD
64.652	>>> V 0.00 0.00
64.652	S 12744035 -0.53 0.26 0.00 0.00 HOLD
64.673	>>> V 0.00 0.00
64.674	S 12744055 -0.53 0.26 0.00 0.00 HOLD
64.692	>>> V 0.00 0.00
64.695	S 12744075 -0.44 0.26 0.00 0.00 HOLD
64.711	>>> V 0.00 0.00
64.712	S 12744095 -0.44 0.26 0.00 0.00 HOLD
64.732	>>> V 0.00 0.00
64.733	S 12744115 -0.44 0.26 0.00 0.00 HOLD
64.753	>>> V 0.00 0.00
64.756	S 12744135 -0.44 0.26 0.00 0.00 HOLD
64.771	>>> V 0.00 0.00
64.774	S 12744155 -0.53 0.26 0.00 0.00 HOLD
64.792	>>> V 0.00 0.00
64.793	S 12744175 -0.53 0.26 0.00 0.00 HOLD
64.812	>>> V 0.00 0.00
64.813	S 12744195 -0.53 0.35 0.00 0.00 HOLD
64.831	>>> V 0.00 0.00
64.834	S 12744215 -0.53 0.26 0.00 0.00 HOLD
64.853	>>> V 0.00 0.00
64.854	S 12744235 -0.53 0.26 0.00 0.00 HOLD
64.875	>>> V 0.00 0.00
64.877	S 12744255 -0.44 0.26 0.00 0.00 HOLD
64.878	S 12744275 -0.53 0.26 0.00 0.00 HOLD
64.897	>>> V 0.00 0.00
64.897	S 12744295 -0.44 0.26 0.00 0.00 HOLD
64.912	>>> V 0.00 0.00
64.932	>>> V 0.00 0.00
64.932	S 12744315 -0.53 0.26 0.00 0.00 HOLD
64.951	>>> V 0.00 0.00
64.953	S 12744335 -0.44 0.26 0.00 0.00 HOLD
64.972	>>> V 0.00 0.00
64.973	S 12744355 -0.53 0.26 0.00 0.00 HOLD
64.991	>>> V 0.00 0.00
64.992	S 12744375 -0.44 0.26 0.00 0.00 HOLD
65.012	>>> V 0.00 0.00
65.012	S 12744395 -0.44 0.35 0.00 0.00 HOLD
65.031	>>> V 0.00 0.00
65.032	S 12744415 -0.44 0.26 0.00 0.00 HOLD
65.051	>>> V 0.00 0.00
65.052	S 12744435 -0.44 0.26 0.00 0.00 HOLD
65.071	>>> V 0.00 0.00
65.072	S 12744455 -0.53 0.26 0.00 0.00 HOLD
65.092	>>> V 0.00 0.00
65.092	S 12744475 -0.44 0.26 0.00 0.00 HOLD
65.112	>>> V 0.00 0.00
65.112	S 12744495 -0.44 0.26 0.00 0.00 HOLD
65.131	>>> V 0.00 0.00
65.132	S 12744515 -0.44 0.26 0.00 0.00 HOLD
65.152	>>> V 0.00 0.00
65.152	S 12744535 -0.53 0.26 0.00 0.00 HOLD
65.172	>>> V 0.00 0.00
65.172	S 12744555 -0.53 0.26 0.00 0.00 HOLD
65.191	>>> V 0.00 0.00
65.192	S 12744575 -0.44 0.26 0.00 0.00 HOLD
65.212	>>> V 0.00 0.00
65.213	S 12744595 -0.44 0.26 0.00 0.00 HOLD
65.231	>>> V 0.00 0.00
65.232	S 12744615 -0.44 0.26 0.00 0.00 HOLD
65.253	>>> V 0.00 0.00
65.254	S 12744635 -0.44 0.26 0.00 0.00 HOLD
65.271	>>> V 0.00 0.00
65.272	S 12744655 -0.44 0.35 0.00 0.00 HOLD
65.293	>>> V 0.00 0.00
65.296	S 12744675 -0.44 0.26 0.00 0.00 HOLD
65.317	>>> V 0.00 0.00
65.317	S 12744695 -0.53 0.26 0.00 0.00 HOLD
65.321	S 12744715 -0.44 0.26 0.00 0.00 HOLD
65.332	>>> V 0.00 0.00
65.352	>>> V 0.00 0.00
65.353	S 12744735 -0.53 0.26 0.00 0.00 HOLD
65.372	>>> V 0.00 0.00
65.372	S 12744755 -0.53 0.26 0.00 0.00 HOLD
65.391	>>> V 0.00 0.00
65.392	S 12744775 -0.53 0.26 0.00 0.00 HOLD
65.412	>>> V 0.00 0.00
65.413	S 12744795 -0.44 0.26 0.00 0.00 HOLD
65.433	>>> V 0.00 0.00
65.434	S 12744815 -0.53 0.26 0.00 0.00 HOLD
65.452	>>> V 0.00 0.00
65.452	S 12744835 -0.44 0.26 0.00 0.00 HOLD
65.472	>>> V 0.00 0.00
65.473	S 12744855 -0.44 0.26 0.00 0.00 HOLD
65.492	>>> V 0.00 0.00
65.492	S 12744875 -0.44 0.26 0.00 0.00 HOLD
65.512	>>> V 0.00 0.00
65.512	S 12744895 -0.53 0.26 0.00 0.00 HOLD
65.534	>>> V 0.00 0.00
65.535	S 12744915 -0.44 0.26 0.00 0.00 HOLD
65.552	>>> V 0.00 0.00
65.552	S 12744935 -0.44 0.26 0.00 0.00 HOLD
65.573	>>> V 0.00 0.00
65.574	S 12744955 -0.44 0.26 0.00 0.00 HOLD
65.592	>>> V 0.00 0.00
65.593	S 12744975 -0.44 0.26 0.00 0.00 HOLD
65.612	>>> V 0.00 0.00
65.612	S 12744995 -0.53 0.26 0.00 0.00 HOLD
65.631	>>> V 0.00 0.00
65.632	S 12745015 -0.53 0.26 0.00 0.00 HOLD
65.652	>>> V 0.00 0.00
65.653	S 12745035 -0.53 0.26 0.00 0.00 HOLD
65.675	>>> V 0.00 0.00
65.676	S 12745055 -0.53 0.26 0.00 0.00 HOLD
65.692	>>> V 0.00 0.00
65.692	S 12745075 -0.44 0.26 0.00 0.00 HOLD
65.712	>>> V 0.00 0.00
65.713	S 12745095 -0.44 0.26 0.00 0.00 HOLD
65.731	>>> V 0.00 0.00
65.734	S 12745115 -0.44 0.26 0.00 0.00 HOLD
65.752	>>> V 0.00 0.00
65.753	S 12745135 -0.44 0.26 0.00 0.00 HOLD
65.771	>>> V 0.00 0.00
65.774	S 12745155 -0.44 0.26 0.00 0.00 HOLD
65.792	>>> V 0.00 0.00
65.792	S 12745175 -0.44 0.26 0.00 0.00 HOLD
65.812	>>> V 0.00 0.00
65.813	S 12745195 -0.53 0.26 0.00 0.00 HOLD
65.832	>>> V 0.00 0.00
65.833	S 12745215 -0.44 0.26 0.00 0.00 HOLD
65.851	>>> V 0.00 0.00
65.852	S 12745235 -0.44 0.26 0.00 0.00 HOLD
65.871	>>> V 0.00 0.00
65.872	S 12745255 -0.44 0.26 0.00 0.00 HOLD
65.893	>>> V 0.00 0.00
65.895	S 12745275 -0.53 0.26 0.00 0.00 HOLD
65.911	>>> V 0.00 0.00
65.914	S 12745295 -0.53 0.26 0.00 0.00 HOLD
65.933	>>> V 0.00 0.00
65.934	S 12745315 -0.44 0.26 0.00 0.00 HOLD
65.953	>>> V 0.00 0.00
65.954	S 12745335 -0.53 0.26 0.00 0.00 HOLD
65.972	>>> V 0.00 0.00
65.972	S 12745355 -0.44 0.26 0.00 0.00 HOLD
65.991	>>> V 0.00 0.00
65.992	S 12745375 -0.53 0.26 0.00 0.00 HOLD
66.011	>>> V 0.00 0.00
66.012	S 12745395 -0.53 0.26 0.00 0.00 HOLD
66.031	>>> V 0.00 0.00
66.032	S 12745415 -0.53 0.26 0.00 0.00 HOLD
66.051	>>> V 0.00 0.00
66.052	S 12745435 -0.44 0.26 0.00 0.00 HOLD
66.072	>>> V 0.00 0.00
66.073	S 12745455 -0.44 0.26 0.00 0.00 HOLD
66.091	>>> V 0.00 0.00
66.092	S 12745475 -0.53 0.26 0.00 0.00 HOLD
66.112	>>> V 0.00 0.00
66.113	S 12745495 -0.44 0.26 0.00 0.00 HOLD
66.131	>>> V 0.00 0.00
66.132	S 12745515 -0.44 0.26 0.00 0.00 HOLD
66.152	>>> V 0.00 0.00
66.152	S 12745535 -0.44 0.26 0.00 0.00 HOLD
66.171	>>> V 0.00 0.00
66.172	S 12745555 -0.53 0.26 0.00 0.00 HOLD
66.192	>>> V 0.00 0.00
66.193	S 12745575 -0.44 0.26 0.00 0.00 HOLD
66.212	>>> V 0.00 0.00
66.212	S 12745595 -0.44 0.26 0.00 0.00 HOLD
66.233	>>> V 0.00 0.00
66.234	S 12745615 -0.53 0.26 0.00 0.00 HOLD
66.251	>>> V 0.00 0.00
66.252	S 12745635 -0.53 0.35 0.00 0.00 HOLD
66.273	>>> V 0.00 0.00
66.274	S 12745655 -0.44 0.26 0.00 0.00 HOLD
66.291	>>> V 0.00 0.00
66.292	S 12745675 -0.53 0.26 0.00 0.00 HOLD
66.312	>>> V 0.00 0.00
66.312	S 12745695 -0.44 0.26 0.00 0.00 HOLD
66.332	>>> V 0.00 0.00
66.333	S 12745715 -0.44 0.35 0.00 0.00 HOLD
66.352	>>> V 0.00 0.00
66.352	S 12745735 -0.44 0.26 0.00 0.00 HOLD
66.371	>>> V 0.00 0.00
66.372	S 12745755 -0.44 0.26 0.00 0.00 HOLD
66.392	>>> V 0.00 0.00
66.392	S 12745775 -0.53 0.26 0.00 0.00 HOLD
66.411	>>> V 0.00 0.00
66.412	S 12745795 -0.53 0.26 0.00 0.00 HOLD
66.432	>>> V 0.00 0.00
66.432	S 12745815 -0.44 0.26 0.00 0.00 HOLD
66.453	>>> V 0.00 0.00
66.453	S 12745835 -0.44 0.26 0.00 0.00 HOLD
66.471	>>> V 0.00 0.00
66.472	S 12745855 -0.44 0.26 0.00 0.00 HOLD
66.494	>>> V 0.00 0.00
66.495	S 12745875 -0.44 0.26 0.00 0.00 HOLD
66.512	>>> V 0.00 0.00
66.513	S 12745895 -0.53 0.26 0.00 0.00 HOLD
66.532	>>> V 0.00 0.00
66.533	S 12745915 -0.44 0.26 0.00 0.00 HOLD
66.551	>>> V 0.00 0.00
66.551	S 12745935 -0.53 0.26 0.00 0.00 HOLD
66.572	>>> V 0.00 0.00
66.573	S 12745955 -0.44 0.26 0.00 0.00 HOLD
66.591	>>> V 0.00 0.00
66.592	S 12745975 -0.44 0.26 0.00 0.00 HOLD
66.612	>>> V 0.00 0.00
66.612	S 12745995 -0.44 0.26 0.00 0.00 HOLD
66.631	>>> V 0.00 0.00
66.632	S 12746015 -0.53 0.26 0.00 0.00 HOLD
66.652	>>> V 0.00 0.00
66.653	S 12746035 -0.44 0.26 0.00 0.00 HOLD
66.671	>>> V 0.00 0.00
66.672	S 12746055 -0.44 0.35 0.00 0.00 HOLD
66.692	>>> V 0.00 0.00
66.693	S 12746075 -0.44 0.26 0.00 0.00 HOLD
66.711	>>> V 0.00 0.00
66.712	S 12746095 -0.44 0.26 0.00 0.00 HOLD
66.733	>>> V 0.00 0.00
66.734	S 12746115 -0.44 0.26 0.00 0.00 HOLD
66.751	>>> V 0.00 0.00
66.752	S 12746135 -0.44 0.26 0.00 0.00 HOLD
66.774	>>> V 0.00 0.00
66.775	S 12746155 -0.44 0.26 0.00 0.00 HOLD
66.791	>>> V 0.00 0.00
66.792	S 12746175 -0.44 0.26 0.00 0.00 HOLD
66.814	>>> V 0.00 0.00
66.815	S 12746195 -0.44 0.26 0.00 0.00 HOLD
66.832	>>> V 0.00 0.00
66.832	S 12746215 -0.44 0.26 0.00 0.00 HOLD
66.855	>>> V 0.00 0.00
66.856	S 12746235 -0.53 0.26 0.00 0.00 HOLD
66.872	>>> V 0.00 0.00
66.873	S 12746255 -0.44 0.26 0.00 0.00 HOLD
66.893	>>> V 0.00 0.00
66.893	S 12746275 -0.44 0.26 0.00 0.00 HOLD
66.911	>>> V 0.00 0.00
66.912	S 12746295 -0.44 0.26 0.00 0.00 HOLD
66.933	>>> V 0.00 0.00
66.934	S 12746315 -0.44 0.26 0.00 0.00 HOLD
66.951	>>> V 0.00 0.00
66.952	S 12746335 -0.44 0.26 0.00 0.00 HOLD
66.974	>>> V 0.00 0.00
66.975	S 12746355 -0.44 0.26 0.00 0.00 HOLD
66.992	>>> V 0.00 0.00
66.993	S 12746375 -0.53 0.26 0.00 0.00 HOLD
67.013	>>> V 0.00 0.00
67.013	S 12746395 -0.44 0.26 0.00 0.00 HOLD
67.031	>>> V 0.00 0.00
67.032	S 12746415 -0.44 0.26 0.00 0.00 HOLD
67.053	>>> V 0.00 0.00
67.053	S 12746435 -0.44 0.26 0.00 0.00 HOLD
67.071	>>> V 0.00 0.00
67.072	S 12746455 -0.53 0.26 0.00 0.00 HOLD
67.092	>>> V 0.00 0.00
67.093	S 12746475 -0.53 0.26 0.00 0.00 HOLD
67.112	>>> V 0.00 0.00
67.113	S 12746495 -0.44 0.26 0.00 0.00 HOLD
67.132	>>> V 0.00 0.00
67.132	S 12746515 -0.44 0.26 0.00 0.00 HOLD
67.152	>>> V 0.00 0.00
67.154	S 12746535 -0.44 0.26 0.00 0.00 HOLD
67.172	>>> V 0.00 0.00
67.172	S 12746555 -0.44 0.26 0.00 0.00 HOLD
67.193	>>> V 0.00 0.00
67.195	S 12746575 -0.44 0.26 0.00 0.00 HOLD
67.212	>>> V 0.00 0.00
67.212	S 12746595 -0.53 0.26 0.00 0.00 HOLD
67.233	>>> V 0.00 0.00
67.234	S 12746615 -0.44 0.26 0.00 0.00 HOLD
67.252	>>> V 0.00 0.00
67.252	S 12746635 -0.44 0.26 0.00 0.00 HOLD
67.273	>>> V 0.00 0.00
67.274	S 12746655 -0.53 0.26 0.00 0.00 HOLD
67.291	>>> V 0.00 0.00
67.292	S 12746675 -0.44 0.26 0.00 0.00 HOLD
67.312	>>> V 0.00 0.00
67.313	S 12746695 -0.44 0.26 0.00 0.00 HOLD
67.331	>>> V 0.00 0.00
67.332	S 12746715 -0.53 0.26 0.00 0.00 HOLD
67.353	>>> V 0.00 0.00
67.354	S 12746735 -0.44 0.26 0.00 0.00 HOLD
67.371	>>> V 0.00 0.00
67.372	S 12746755 -0.53 0.26 0.00 0.00 HOLD
67.393	>>> V 0.00 0.00
67.394	S 12746775 -0.44 0.26 0.00 0.00 HOLD
67.411	>>> V 0.00 0.00
67.412	S 12746795 -0.44 0.26 0.00 0.00 HOLD
67.434	>>> V 0.00 0.00
67.434	S 12746815 -0.44 0.26 0.00 0.00 HOLD
67.452	>>> V 0.00 0.00
67.452	S 12746835 -0.44 0.26 0.00 0.00 HOLD
67.473	>>> V 0.00 0.00
67.473	S 12746855 -0.53 0.26 0.00 0.00 HOLD
67.491	>>> V 0.00 0.00
67.493	S 12746875 -0.44 0.26 0.00 0.00 HOLD
67.513	>>> V 0.00 0.00
67.514	S 12746895 -0.44 0.26 0.00 0.00 HOLD
67.532	>>> V 0.00 0.00
67.532	S 12746915 -0.44 0.26 0.00 0.00 HOLD
67.553	>>> V 0.00 0.00
67.553	S 12746935 -0.44 0.26 0.00 0.00 HOLD
67.571	>>> V 0.00 0.00
67.572	S 12746955 -0.44 0.26 0.00 0.00 HOLD
67.592	>>> V 0.00 0.00
67.592	S 12746975 -0.44 0.26 0.00 0.00 HOLD
67.617	>>> V 0.00 0.00
67.620	S 12746995 -0.44 0.26 0.00 0.00 HOLD
67.624	S 12747015 -0.44 0.26 0.00 0.00 HOLD
67.632	>>> V 0.00 0.00
67.653	>>> V 0.00 0.00
67.653	S 12747035 -0.53 0.26 0.00 0.00 HOLD
67.672	>>> V 0.00 0.00
67.672	S 12747055 -0.53 0.26 0.00 0.00 HOLD
67.692	>>> V 0.00 0.00
67.693	S 12747075 -0.44 0.26 0.00 0.00 HOLD
67.712	>>> V 0.00 0.00
67.714	S 12747095 -0.44 0.26 0.00 0.00 HOLD
67.731	>>> V 0.00 0.00
67.732	S 12747115 -0.53 0.35 0.00 0.00 HOLD
67.751	>>> V 0.00 0.00
67.752	S 12747135 -0.44 0.26 0.00 0.00 HOLD
67.772	>>> V 0.00 0.00
67.772	S 12747155 -0.53 0.26 0.00 0.00 HOLD
67.793	>>> V 0.00 0.00
67.793	S 12747175 -0.44 0.35 0.00 0.00 HOLD
67.811	>>> V 0.00 0.00
67.812	S 12747195 -0.44 0.26 0.00 0.00 HOLD
67.833	>>> V 0.00 0.00
67.833	S 12747215 -0.53 0.26 0.00 0.00 HOLD
67.851	>>> V 0.00 0.00
67.852	S 12747235 -0.53 0.26 0.00 0.00 HOLD
67.872	>>> V 0.00 0.00
67.873	S 12747255 -0.53 0.26 0.00 0.00 HOLD
67.891	>>> V 0.00 0.00
67.892	S 12747275 -0.44 0.26 0.00 0.00 HOLD
67.916	>>> V 0.00 0.00
67.916	S 12747295 -0.44 0.26 0.00 0.00 HOLD
67.931	>>> V 0.00 0.00
67.933	S 12747315 -0.53 0.26 0.00 0.00 HOLD
67.954	>>> V 0.00 0.00
67.954	S 12747335 -0.44 0.26 0.00 0.00 HOLD
67.971	>>> V 0.00 0.00
67.973	S 12747355 -0.44 0.26 0.00 0.00 HOLD
67.995	>>> V 0.00 0.00
67.998	S 12747375 -0.44 0.26 0.00 0.00 HOLD
67.999	S 12747395 -0.44 0.26 0.00 0.00 HOLD
68.012	>>> V 0.00 0.00
68.032	>>> V 0.00 0.00
68.034	S 12747415 -0.53 0.26 0.00 0.00 HOLD
68.052	>>> V 0.00 0.00
68.053	S 12747435 -0.53 0.26 0.00 0.00 HOLD
68.071	>>> V 0.00 0.00
68.074	S 12747455 -0.44 0.26 0.00 0.00 HOLD
68.092	>>> V 0.00 0.00
68.093	S 12747475 -0.53 0.26 0.00 0.00 HOLD
68.113	>>> V 0.00 0.00
68.113	S 12747495 -0.44 0.26 0.00 0.00 HOLD
68.131	>>> V 0.00 0.00
68.132	S 12747515 -0.53 0.26 0.00 0.00 HOLD
68.151	>>> V 0.00 0.00
68.152	S 12747535 -0.53 0.26 0.00 0.00 HOLD
68.171	>>> V 0.00 0.00
68.174	S 12747555 -0.44 0.26 0.00 0.00 HOLD
68.191	>>> V 0.00 0.00
68.192	S 12747575 -0.44 0.35 0.00 0.00 HOLD
68.212	>>> V 0.00 0.00
68.212	S 12747595 -0.44 0.26 0.00 0.00 HOLD
68.232	>>> V 0.00 0.00
68.232	S 12747615 -0.44 0.26 0.00 0.00 HOLD
68.253	>>> V 0.00 0.00
68.255	S 12747635 -0.53 0.26 0.00 0.00 HOLD
68.272	>>> V 0.00 0.00
68.272	S 12747655 -0.44 0.26 0.00 0.00 HOLD
68.291	>>> V 0.00 0.00
68.293	S 12747675 -0.44 0.26 0.00 0.00 HOLD
68.312	>>> V 0.00 0.00
68.312	S 12747695 -0.53 0.26 0.00 0.00 HOLD
68.334	>>> V 0.00 0.00
68.334	S 12747715 -0.53 0.26 0.00 0.00 HOLD
68.351	>>> V 0.00 0.00
68.352	S 12747735 -0.44 0.26 0.00 0.00 HOLD
68.373	>>> V 0.00 0.00
68.374	S 12747755 -0.44 0.26 0.00 0.00 HOLD
68.391	>>> V 0.00 0.00
68.392	S 12747775 -0.53 0.26 0.00 0.00 HOLD
68.414	>>> V 0.00 0.00
68.415	S 12747795 -0.53 0.35 0.00 0.00 HOLD
68.432	>>> V 0.00 0.00
68.432	S 12747815 -0.53 0.26 0.00 0.00 HOLD
68.453	>>> V 0.00 0.00
68.453	S 12747835 -0.53 0.26 0.00 0.00 HOLD
68.471	>>> V 0.00 0.00
68.472	S 12747855 -0.44 0.26 0.00 0.00 HOLD
68.493	>>> V 0.00 0.00
68.494	S 12747875 -0.44 0.26 0.00 0.00 HOLD
68.512	>>> V 0.00 0.00
68.513	S 12747895 -0.44 0.26 0.00 0.00 HOLD
68.533	>>> V 0.00 0.00
68.534	S 12747915 -0.44 0.26 0.00 0.00 HOLD
68.552	>>> V 0.00 0.00
68.552	S 12747935 -0.44 0.26 0.00 0.00 HOLD
68.573	>>> V 0.00 0.00
68.573	S 12747955 -0.44 0.26 0.00 0.00 HOLD
68.592	>>> V 0.00 0.00
68.593	S 12747975 -0.44 0.26 0.00 0.00 HOLD
68.611	>>> V 0.00 0.00
68.613	S 12747995 -0.53 0.26 0.00 0.00 HOLD
68.632	>>> V 0.00 0.00
68.634	S 12748015 -0.53 0.35 0.00 0.00 HOLD
68.652	>>> V 0.00 0.00
68.652	S 12748035 -0.53 0.26 0.00 0.00 HOLD
68.671	>>> V 0.00 0.00
68.673	S 12748055 -0.44 0.26 0.00 0.00 HOLD
68.692	>>> V 0.00 0.00
68.692	S 12748075 -0.44 0.26 0.00 0.00 HOLD
68.711	>>> V 0.00 0.00
68.712	S 12748095 -0.53 0.26 0.00 0.00 HOLD
68.731	>>> V 0.00 0.00
68.731	S 12748115 -0.53 0.26 0.00 0.00 HOLD
68.752	>>> V 0.00 0.00
68.752	S 12748135 -0.44 0.26 0.00 0.00 HOLD
68.771	>>> V 0.00 0.00
68.773	S 12748155 -0.53 0.26 0.00 0.00 HOLD
68.792	>>> V 0.00 0.00
68.792	S 12748175 -0.44 0.26 0.00 0.00 HOLD
68.812	>>> V 0.00 0.00
68.813	S 12748195 -0.44 0.26 0.00 0.00 HOLD
68.831	>>> V 0.00 0.00
68.832	S 12748215 -0.44 0.26 0.00 0.00 HOLD
68.852	>>> V 0.00 0.00
68.852	S 12748235 -0.53 0.26 0.00 0.00 HOLD
68.871	>>> V 0.00 0.00
68.872	S 12748255 -0.44 0.26 0.00 0.00 HOLD
68.893	>>> V 0.00 0.00
68.894	S 12748275 -0.44 0.26 0.00 0.00 HOLD
68.911	>>> V 0.00 0.00
68.912	S 12748295 -0.44 0.26 0.00 0.00 HOLD
68.932	>>> V 0.00 0.00
68.933	S 12748315 -0.44 0.26 0.00 0.00 HOLD
68.952	>>> V 0.00 0.00
68.952	S 12748335 -0.44 0.26 0.00 0.00 HOLD
68.973	>>> V 0.00 0.00
68.976	S 12748355 -0.44 0.35 0.00 0.00 HOLD
68.992	>>> V 0.00 0.00
68.993	S 12748375 -0.44 0.26 0.00 0.00 HOLD
69.013	>>> V 0.00 0.00
69.013	S 12748395 -0.53 0.26 0.00 0.00 HOLD
69.033	>>> V 0.00 0.00
69.033	S 12748415 -0.44 0.26 0.00 0.00 HOLD
69.052	>>> V 0.00 0.00
69.052	S 12748435 -0.44 0.26 0.00 0.00 HOLD
69.071	>>> V 0.00 0.00
69.074	S 12748455 -0.44 0.26 0.00 0.00 HOLD
69.092	>>> V 0.00 0.00
69.092	S 12748475 -0.53 0.26 0.00 0.00 HOLD
69.112	>>> V 0.00 0.00
69.113	S 12748495 -0.53 0.26 0.00 0.00 HOLD
69.131	>>> V 0.00 0.00
69.132	S 12748515 -0.44 0.26 0.00 0.00 HOLD
69.152	>>> V 0.00 0.00
69.153	S 12748535 -0.44 0.26 0.00 0.00 HOLD
69.171	>>> V 0.00 0.00
69.172	S 12748555 -0.44 0.26 0.00 0.00 HOLD
69.195	>>> V 0.00 0.00
69.196	S 12748575 -0.44 0.26 0.00 0.00 HOLD
69.211	>>> V 0.00 0.00
69.212	S 12748595 -0.53 0.26 0.00 0.00 HOLD
69.233	>>> V 0.00 0.00
69.234	S 12748615 -0.44 0.26 0.00 0.00 HOLD
69.251	>>> V 0.00 0.00
69.252	S 12748635 -0.44 0.26 0.00 0.00 HOLD
69.273	>>> V 0.00 0.00
69.273	S 12748655 -0.53 0.35 0.00 0.00 HOLD
69.291	>>> V 0.00 0.00
69.292	S 12748675 -0.53 0.26 0.00 0.00 HOLD
69.312	>>> V 0.00 0.00
69.312	S 12748695 -0.53 0.26 0.00 0.00 HOLD
69.333	>>> V 0.00 0.00
69.334	S 12748715 -0.44 0.26 0.00 0.00 HOLD
69.351	>>> V 0.00 0.00
69.352	S 12748735 -0.44 0.26 0.00 0.00 HOLD
69.373	>>> V 0.00 0.00
69.374	S 12748755 -0.44 0.26 0.00 0.00 HOLD
69.391	>>> V 0.00 0.00
69.392	S 12748775 -0.44 0.26 0.00 0.00 HOLD
69.413	>>> V 0.00 0.00
69.416	S 12748795 -0.53 0.26 0.00 0.00 HOLD
69.431	>>> V 0.00 0.00
69.433	S 12748815 -0.44 0.35 0.00 0.00 HOLD
69.453	>>> V 0.00 0.00
69.454	S 12748835 -0.44 0.26 0.00 0.00 HOLD
69.472	>>> V 0.00 0.00
69.472	S 12748855 -0.44 0.26 0.00 0.00 HOLD
69.493	>>> V 0.00 0.00
69.495	S 12748875 -0.44 0.26 0.00 0.00 HOLD
69.512	>>> V 0.00 0.00
69.512	S 12748895 -0.44 0.26 0.00 0.00 HOLD
69.535	>>> V 0.00 0.00
69.536	S 12748915 -0.44 0.26 0.00 0.00 HOLD
69.551	>>> V 0.00 0.00
69.552	S 12748935 -0.44 0.26 0.00 0.00 HOLD
69.572	>>> V 0.00 0.00
69.572	S 12748955 -0.53 0.26 0.00 0.00 HOLD
69.592	>>> V 0.00 0.00
69.592	S 12748975 -0.44 0.26 0.00 0.00 HOLD
69.611	>>> V 0.00 0.00
69.612	S 12748995 -0.53 0.35 0.00 0.00 HOLD
69.634	>>> V 0.00 0.00
69.634	S 12749015 -0.44 0.26 0.00 0.00 HOLD
69.652	>>> V 0.00 0.00
69.652	S 12749035 -0.44 0.26 0.00 0.00 HOLD
69.673	>>> V 0.00 0.00
69.676	S 12749055 -0.53 0.26 0.00 0.00 HOLD
69.691	>>> V 0.00 0.00
69.692	S 12749075 -0.53 0.26 0.00 0.00 HOLD
69.714	>>> V 0.00 0.00
69.714	S 12749095 -0.44 0.26 0.00 0.00 HOLD
69.732	>>> V 0.00 0.00
69.733	S 12749115 -0.44 0.26 0.00 0.00 HOLD
69.752	>>> V 0.00 0.00
69.752	S 12749135 -0.53 0.26 0.00 0.00 HOLD
69.771	>>> V 0.00 0.00
69.772	S 12749155 -0.44 0.26 0.00 0.00 HOLD
69.793	>>> V 0.00 0.00
69.794	S 12749175 -0.44 0.26 0.00 0.00 HOLD
69.811	>>> V 0.00 0.00
69.813	S 12749195 -0.44 0.26 0.00 0.00 HOLD
69.832	>>> V 0.00 0.00
69.833	S 12749215 -0.53 0.26 0.00 0.00 HOLD
69.853	>>> V 0.00 0.00
69.855	S 12749235 -0.44 0.26 0.00 0.00 HOLD
69.872	>>> V 0.00 0.00
69.873	S 12749255 -0.44 0.26 0.00 0.00 HOLD
69.891	>>> V 0.00 0.00
69.893	S 12749275 -0.44 0.26 0.00 0.00 HOLD
69.914	>>> V 0.00 0.00
69.916	S 12749295 -0.53 0.26 0.00 0.00 HOLD
69.931	>>> V 0.00 0.00
69.932	S 12749315 -0.44 0.35 0.00 0.00 HOLD
69.953	>>> V 0.00 0.00
69.954	S 12749335 -0.44 0.26 0.00 0.00 HOLD
69.971	>>> V 0.00 0.00
69.974	S 12749355 -0.53 0.26 0.00 0.00 HOLD
69.994	>>> V 0.00 0.00
69.994	S 12749375 -0.53 0.26 0.00 0.00 HOLD
70.012	>>> V 0.00 0.00
70.013	S 12749395 -0.53 0.26 0.00 0.00 HOLD
70.031	>>> V 0.00 0.00
70.032	S 12749415 -0.44 0.26 0.00 0.00 HOLD
70.055	>>> V 0.00 0.00
70.056	S 12749435 -0.44 0.26 0.00 0.00 HOLD
70.071	>>> V 0.00 0.00
70.072	S 12749455 -0.53 0.26 0.00 0.00 HOLD
70.096	>>> V 0.00 0.00
70.098	S 12749475 -0.44 0.26 0.00 0.00 HOLD
70.104	S 12749495 -0.44 0.26 0.00 0.00 HOLD
70.114	>>> V 0.00 0.00
70.132	>>> V 0.00 0.00
70.133	S 12749515 -0.44 0.26 0.00 0.00 HOLD
70.152	>>> V 0.00 0.00
70.157	S 12749535 -0.44 0.26 0.00 0.00 HOLD
70.177	>>> V 0.00 0.00
70.177	S 12749555 -0.44 0.26 0.00 0.00 HOLD
70.192	>>> V 0.00 0.00
70.194	S 12749575 -0.53 0.26 0.00 0.00 HOLD
70.212	>>> V 0.00 0.00
70.215	S 12749595 -0.53 0.26 0.00 0.00 HOLD
70.232	>>> V 0.00 0.00
70.232	S 12749615 -0.53 0.26 0.00 0.00 HOLD
70.255	>>> V 0.00 0.00
70.256	S 12749635 -0.53 0.26 0.00 0.00 HOLD
70.272	>>> V 0.00 0.00
70.273	S 12749655 -0.44 0.26 0.00 0.00 HOLD
70.292	>>> V 0.00 0.00
70.292	S 12749675 -0.44 0.26 0.00 0.00 HOLD
70.323	>>> V 0.00 0.00
70.326	S 12749695 -0.53 0.26 0.00 0.00 HOLD
70.328	S 12749715 -0.44 0.26 0.00 0.00 HOLD
70.338	>>> V 0.00 0.00
70.341	S 12749735 -0.44 0.26 0.00 0.00 HOLD
70.364	>>> V 0.00 0.00
70.365	S 12749755 -0.53 0.26 0.00 0.00 HOLD
70.373	>>> V 0.00 0.00
70.394	>>> V 0.00 0.00
70.397	S 12749775 -0.53 0.26 0.00 0.00 HOLD
70.414	>>> V 0.00 0.00
70.418	S 12749795 -0.44 0.26 0.00 0.00 HOLD
70.425	S 12749815 -0.44 0.26 0.00 0.00 HOLD
70.441	>>> V 0.00 0.00
70.442	S 12749835 -0.44 0.26 0.00 0.00 HOLD
70.458	>>> V 0.00 0.00
70.459	S 12749855 -0.44 0.26 0.00 0.00 HOLD
70.475	>>> V 0.00 0.00
70.498	>>> V 0.00 0.00
70.500	S 12749875 -0.53 0.26 0.00 0.00 HOLD
70.506	S 12749895 -0.53 0.26 0.00 0.00 HOLD
70.519	>>> V 0.00 0.00
70.522	S 12749915 -0.53 0.26 0.00 0.00 HOLD
70.540	>>> V 0.00 0.00
70.543	S 12749935 -0.44 0.26 0.00 0.00 HOLD
70.555	>>> V 0.00 0.00
70.573	>>> V 0.00 0.00
70.576	S 12749955 -0.44 0.26 0.00 0.00 HOLD
70.595	>>> V 0.00 0.00
70.595	S 12749975 -0.44 0.26 0.00 0.00 HOLD
70.617	>>> V 0.00 0.00
70.618	S 12749995 -0.44 0.26 0.00 0.00 HOLD
70.625	S 12750015 -0.53 0.26 0.00 0.00 HOLD
70.631	>>> V 0.00 0.00
70.653	>>> V 0.00 0.00
70.658	S 12750035 -0.44 0.26 0.00 0.00 HOLD
70.664	S 12750055 -0.44 0.26 0.00 0.00 HOLD
70.675	>>> V 0.00 0.00
70.694	>>> V 0.00 0.00
70.696	S 12750075 -0.44 0.26 0.00 0.00 HOLD
70.713	>>> V 0.00 0.00
70.717	S 12750095 -0.44 0.26 0.00 0.00 HOLD
70.737	>>> V 0.00 0.00
70.738	S 12750115 -0.44 0.26 0.00 0.00 HOLD
70.746	S 12750135 -0.44 0.35 0.00 0.00 HOLD
70.757	>>> V 0.00 0.00
70.758	S 12750155 -0.44 0.26 0.00 0.00 HOLD
70.776	>>> V 0.00 0.00
70.798	>>> V 0.00 0.00
70.800	S 12750175 -0.44 0.26 0.00 0.00 HOLD
70.806	S 12750195 -0.53 0.26 0.00 0.00 HOLD
70.822	>>> V 0.00 0.00
70.823	S 12750216 -0.44 0.26 0.00 0.00 HOLD
70.835	>>> V 0.00 0.00
70.839	S 12750236 -0.53 0.26 0.00 0.00 HOLD
70.860	>>> V 0.00 0.00
70.862	S 12750256 -0.53 0.26 0.00 0.00 HOLD
70.881	>>> V 0.00 0.00
70.883	S 12750276 -0.44 0.26 0.00 0.00 HOLD
70.904	>>> V 0.00 0.00
70.909	S 12750296 -0.53 0.26 0.00 0.00 HOLD
70.921	>>> V 0.00 0.00
70.928	S 12750316 -0.44 0.26 0.00 0.00 HOLD
70.948	>>> V 0.00 0.00
70.950	S 12750336 -0.53 0.26 0.00 0.00 HOLD
70.957	>>> V 0.00 0.00
70.962	S 12750356 -0.44 0.26 0.00 0.00 HOLD
70.975	>>> V 0.00 0.00
70.977	S 12750376 -0.44 0.26 0.00 0.00 HOLD
70.992	>>> V 0.00 0.00
71.014	>>> V 0.00 0.00
71.014	S 12750396 -0.44 0.26 0.00 0.00 HOLD
71.032	>>> V 0.00 0.00
71.034	S 12750416 -0.44 0.26 0.00 0.00 HOLD
71.052	>>> V 0.00 0.00
71.053	S 12750436 -0.53 0.26 0.00 0.00 HOLD
71.072	>>> V 0.00 0.00
71.072	S 12750456 -0.44 0.26 0.00 0.00 HOLD
71.095	>>> V 0.00 0.00
71.096	S 12750476 -0.44 0.26 0.00 0.00 HOLD
71.113	>>> V 0.00 0.00
71.114	S 12750496 -0.44 0.26 0.00 0.00 HOLD
71.132	>>> V 0.00 0.00
71.134	S 12750516 -0.44 0.35 0.00 0.00 HOLD
71.156	>>> V 0.00 0.00
71.158	S 12750536 -0.44 0.26 0.00 0.00 HOLD
71.160	S 12750556 -0.44 0.26 0.00 0.00 HOLD
71.174	>>> V 0.00 0.00
71.191	>>> V 0.00 0.00
71.192	S 12750576 -0.44 0.26 0.00 0.00 HOLD
71.213	>>> V 0.00 0.00
71.217	S 12750596 -0.44 0.26 0.00 0.00 HOLD
71.232	>>> V 0.00 0.00
71.235	S 12750616 -0.44 0.26 0.00 0.00 HOLD
71.253	>>> V 0.00 0.00
71.255	S 12750636 -0.44 0.26 0.00 0.00 HOLD
71.272	>>> V 0.00 0.00
71.275	S 12750656 -0.44 0.26 0.00 0.00 HOLD
71.291	>>> V 0.00 0.00
71.292	S 12750676 -0.53 0.26 0.00 0.00 HOLD
71.312	>>> V 0.00 0.00
71.312	S 12750696 -0.44 0.26 0.00 0.00 HOLD
71.333	>>> V 0.00 0.00
71.334	S 12750716 -0.44 0.26 0.00 0.00 HOLD
71.352	>>> V 0.00 0.00
71.355	S 12750736 -0.44 0.26 0.00 0.00 HOLD
71.373	>>> V 0.00 0.00
71.377	S 12750756 -0.44 0.26 0.00 0.00 HOLD
71.395	>>> V 0.00 0.00
71.396	S 12750776 -0.44 0.26 0.00 0.00 HOLD
71.415	>>> V 0.00 0.00
71.417	S 12750796 -0.53 0.26 0.00 0.00 HOLD
71.437	>>> V 0.00 0.00
71.437	S 12750816 -0.44 0.26 0.00 0.00 HOLD
71.452	>>> V 0.00 0.00
71.454	S 12750836 -0.53 0.26 0.00 0.00 HOLD
71.475	>>> V 0.00 0.00
71.475	S 12750856 -0.44 0.35 0.00 0.00 HOLD
71.493	>>> V 0.00 0.00
71.494	S 12750876 -0.53 0.26 0.00 0.00 HOLD
71.512	>>> V 0.00 0.00
71.515	S 12750896 -0.44 0.26 0.00 0.00 HOLD
71.533	>>> V 0.00 0.00
71.536	S 12750916 -0.44 0.26 0.00 0.00 HOLD
71.552	>>> V 0.00 0.00
71.552	S 12750936 -0.53 0.26 0.00 0.00 HOLD
71.572	>>> V 0.00 0.00
71.574	S 12750956 -0.44 0.26 0.00 0.00 HOLD
71.591	>>> V 0.00 0.00
71.592	S 12750976 -0.44 0.26 0.00 0.00 HOLD
71.614	>>> V 0.00 0.00
71.614	S 12750996 -0.44 0.26 0.00 0.00 HOLD
71.632	>>> V 0.00 0.00
71.633	S 12751016 -0.44 0.26 0.00 0.00 HOLD
71.653	>>> V 0.00 0.00
71.654	S 12751036 -0.44 0.26 0.00 0.00 HOLD
71.672	>>> V 0.00 0.00
71.672	S 12751056 -0.53 0.35 0.00 0.00 HOLD
71.693	>>> V 0.00 0.00
71.693	S 12751076 -0.44 0.26 0.00 0.00 HOLD
71.711	>>> V 0.00 0.00
71.715	S 12751096 -0.53 0.26 0.00 0.00 HOLD
71.732	>>> V 0.00 0.00
71.733	S 12751116 -0.44 0.26 0.00 0.00 HOLD
71.753	>>> V 0.00 0.00
71.756	S 12751136 -0.44 0.26 0.00 0.00 HOLD
71.773	>>> V 0.00 0.00
71.774	S 12751156 -0.44 0.26 0.00 0.00 HOLD
71.791	>>> V 0.00 0.00
71.793	S 12751176 -0.44 0.26 0.00 0.00 HOLD
71.813	>>> V 0.00 0.00
71.814	S 12751196 -0.44 0.26 0.00 0.00 HOLD
71.831	>>> V 0.00 0.00
71.836	S 12751216 -0.53 0.26 0.00 0.00 HOLD
71.852	>>> V 0.00 0.00
71.853	S 12751236 -0.53 0.35 0.00 0.00 HOLD
71.873	>>> V 0.00 0.00
71.876	S 12751256 -0.44 0.26 0.00 0.00 HOLD
71.893	>>> V 0.00 0.00
71.894	S 12751276 -0.44 0.26 0.00 0.00 HOLD
71.912	>>> V 0.00 0.00
71.913	S 12751296 -0.44 0.26 0.00 0.00 HOLD
71.933	>>> V 0.00 0.00
71.933	S 12751316 -0.53 0.26 0.00 0.00 HOLD
71.953	>>> V 0.00 0.00
71.953	S 12751336 -0.53 0.26 0.00 0.00 HOLD
71.974	>>> V 0.00 0.00
71.975	S 12751356 -0.44 0.26 0.00 0.00 HOLD
71.998	>>> V 0.00 0.00
71.999	S 12751376 -0.44 0.26 0.00 0.00 HOLD
72.005	S 12751396 -0.44 0.26 0.00 0.00 HOLD
72.015	>>> V 0.00 0.00
72.034	>>> V 0.00 0.00
72.037	S 12751416 -0.44 0.26 0.00 0.00 HOLD
72.057	>>> V 0.00 0.00
72.060	S 12751436 -0.44 0.26 0.00 0.00 HOLD
72.061	S 12751456 -0.44 0.26 0.00 0.00 HOLD
72.078	>>> V 0.00 0.00
72.079	S 12751476 -0.53 0.26 0.00 0.00 HOLD
72.096	>>> V 0.00 0.00
72.099	S 12751496 -0.44 0.26 0.00 0.00 HOLD
72.122	>>> V 0.00 0.00
72.123	S 12751516 -0.53 0.26 0.00 0.00 HOLD
72.137	>>> V 0.00 0.00
72.139	S 12751536 -0.44 0.26 0.00 0.00 HOLD
72.156	>>> V 0.00 0.00
72.172	>>> V 0.00 0.00
72.173	S 12751556 -0.44 0.26 0.00 0.00 HOLD
72.193	>>> V 0.00 0.00
72.193	S 12751576 -0.44 0.26 0.00 0.00 HOLD
72.211	>>> V 0.00 0.00
72.212	S 12751596 -0.44 0.26 0.00 0.00 HOLD
72.236	>>> V 0.00 0.00
72.237	S 12751616 -0.44 0.26 0.00 0.00 HOLD
72.252	>>> V 0.00 0.00
72.255	S 12751636 -0.44 0.26 0.00 0.00 HOLD
72.273	>>> V 0.00 0.00
72.273	S 12751656 -0.44 0.26 0.00 0.00 HOLD
72.292	>>> V 0.00 0.00
72.294	S 12751676 -0.53 0.26 0.00 0.00 HOLD
72.312	>>> V 0.00 0.00
72.314	S 12751696 -0.44 0.26 0.00 0.00 HOLD
72.334	>>> V 0.00 0.00
72.340	S 12751716 -0.44 0.26 0.00 0.00 HOLD
72.341	S 12751736 -0.44 0.26 0.00 0.00 HOLD
72.361	>>> V 0.00 0.00
72.362	S 12751756 -0.53 0.26 0.00 0.00 HOLD
72.376	>>> V 0.00 0.00
72.379	S 12751776 -0.53 0.26 0.00 0.00 HOLD
72.392	>>> V 0.00 0.00
72.412	>>> V 0.00 0.00
72.413	S 12751796 -0.44 0.26 0.00 0.00 HOLD
72.433	>>> V 0.00 0.00
72.435	S 12751816 -0.53 0.26 0.00 0.00 HOLD
72.452	>>> V 0.00 0.00
72.452	S 12751836 -0.53 0.26 0.00 0.00 HOLD
72.471	>>> V 0.00 0.00
72.473	S 12751856 -0.44 0.26 0.00 0.00 HOLD
72.494	>>> V 0.00 0.00
72.497	S 12751876 -0.53 0.26 0.00 0.00 HOLD
72.512	>>> V 0.00 0.00
72.512	S 12751896 -0.53 0.26 0.00 0.00 HOLD
72.534	>>> V 0.00 0.00
72.534	S 12751916 -0.44 0.26 0.00 0.00 HOLD
72.553	>>> V 0.00 0.00
72.554	S 12751936 -0.44 0.26 0.00 0.00 HOLD
72.574	>>> V 0.00 0.00
72.574	S 12751956 -0.44 0.26 0.00 0.00 HOLD
72.592	>>> V 0.00 0.00
72.594	S 12751976 -0.44 0.26 0.00 0.00 HOLD
72.615	>>> V 0.00 0.00
72.616	S 12751996 -0.44 0.26 0.00 0.00 HOLD
72.632	>>> V 0.00 0.00
72.633	S 12752016 -0.53 0.26 0.00 0.00 HOLD
72.658	>>> V 0.00 0.00
72.660	S 12752036 -0.44 0.26 0.00 0.00 HOLD
72.665	S 12752056 -0.53 0.26 0.00 0.00 HOLD
72.674	>>> V 0.00 0.00
72.693	>>> V 0.00 0.00
72.697	S 12752076 -0.44 0.26 0.00 0.00 HOLD
72.713	>>> V 0.00 0.00
72.715	S 12752096 -0.44 0.26 0.00 0.00 HOLD
72.733	>>> V 0.00 0.00
72.735	S 12752116 -0.44 0.26 0.00 0.00 HOLD
72.752	>>> V 0.00 0.00
72.752	S 12752136 -0.53 0.26 0.00 0.00 HOLD
72.776	>>> V 0.00 0.00
72.779	S 12752156 -0.44 0.26 0.00 0.00 HOLD
72.781	S 12752176 -0.53 0.26 0.00 0.00 HOLD
72.792	>>> V 0.00 0.00
72.814	>>> V 0.00 0.00
72.817	S 12752196 -0.44 0.26 0.00 0.00 HOLD
72.832	>>> V 0.00 0.00
72.832	S 12752216 -0.44 0.26 0.00 0.00 HOLD
72.856	>>> V 0.00 0.00
72.859	S 12752236 -0.44 0.26 0.00 0.00 HOLD
72.860	S 12752256 -0.44 0.26 0.00 0.00 HOLD
72.873	>>> V 0.00 0.00
72.879	S 12752276 -0.44 0.26 0.00 0.00 HOLD
72.903	>>> V 0.00 0.00
72.903	S 12752296 -0.53 0.26 0.00 0.00 HOLD
72.913	>>> V 0.00 0.00
72.933	>>> V 0.00 0.00
72.936	S 12752316 -0.44 0.26 0.00 0.00 HOLD
72.954	>>> V 0.00 0.00
72.958	S 12752336 -0.44 0.26 0.00 0.00 HOLD
72.960	S 12752356 -0.53 0.26 0.00 0.00 HOLD
72.991	>>> V 0.00 0.00
72.993	S 12752376 -0.44 0.26 0.00 0.00 HOLD
73.018	>>> V 0.00 0.00
73.020	S 12752396 -0.44 0.26 0.00 0.00 HOLD
73.021	S 12752416 -0.44 0.26 0.00 0.00 HOLD
73.035	>>> V 0.00 0.00
73.038	S 12752436 -0.44 0.26 0.00 0.00 HOLD
73.054	>>> V 0.00 0.00
73.077	>>> V 0.00 0.00
73.077	S 12752456 -0.53 0.26 0.00 0.00 HOLD
73.093	>>> V 0.00 0.00
73.093	S 12752476 -0.53 0.26 0.00 0.00 HOLD
73.111	>>> V 0.00 0.00
73.113	S 12752496 -0.44 0.26 0.00 0.00 HOLD
73.131	>>> V 0.00 0.00
73.132	S 12752516 -0.44 0.26 0.00 0.00 HOLD
73.152	>>> V 0.00 0.00
73.156	S 12752536 -0.44 0.26 0.00 0.00 HOLD
73.172	>>> V 0.00 0.00
73.172	S 12752556 -0.44 0.35 0.00 0.00 HOLD
73.196	>>> V 0.00 0.00
73.197	S 12752576 -0.53 0.26 0.00 0.00 HOLD
73.216	>>> V 0.00 0.00
73.219	S 12752596 -0.44 0.26 0.00 0.00 HOLD
73.221	S 12752616 -0.44 0.26 0.00 0.00 HOLD
73.235	>>> V 0.00 0.00
73.238	S 12752636 -0.44 0.26 0.00 0.00 HOLD
73.258	>>> V 0.00 0.00
73.258	S 12752656 -0.44 0.26 0.00 0.00 HOLD
73.276	>>> V 0.00 0.00
73.299	>>> V 0.00 0.00
73.302	S 12752676 -0.53 0.26 0.00 0.00 HOLD
73.308	S 12752696 -0.44 0.26 0.00 0.00 HOLD
73.320	>>> V 0.00 0.00
73.323	S 12752716 -0.53 0.26 0.00 0.00 HOLD
73.341	>>> V 0.00 0.00
73.344	S 12752736 -0.53 0.26 0.00 0.00 HOLD
73.359	>>> V 0.00 0.00
73.362	S 12752756 -0.44 0.26 0.00 0.00 HOLD
73.385	>>> V 0.00 0.00
73.386	S 12752776 -0.44 0.26 0.00 0.00 HOLD
73.397	>>> V 0.00 0.00
73.401	S 12752796 -0.44 0.26 0.00 0.00 HOLD
73.419	>>> V 0.00 0.00
73.421	S 12752816 -0.44 0.26 0.00 0.00 HOLD
73.437	>>> V 0.00 0.00
73.459	>>> V 0.00 0.00
73.460	S 12752836 -0.53 0.26 0.00 0.00 HOLD
73.462	S 12752856 -0.44 0.26 0.00 0.00 HOLD
73.478	>>> V 0.00 0.00
73.479	S 12752876 -0.44 0.26 0.00 0.00 HOLD
73.496	>>> V 0.00 0.00
73.498	S 12752896 -0.44 0.35 0.00 0.00 HOLD
73.514	>>> V 0.00 0.00
73.532	>>> V 0.00 0.00
73.533	S 12752916 -0.44 0.26 0.00 0.00 HOLD
73.557	>>> V 0.00 0.00
73.560	S 12752936 -0.53 0.26 0.00 0.00 HOLD
73.565	S 12752956 -0.53 0.26 0.00 0.00 HOLD
73.578	>>> V 0.00 0.00
73.583	S 12752976 -0.44 0.26 0.00 0.00 HOLD
73.595	>>> V 0.00 0.00
73.612	>>> V 0.00 0.00
73.613	S 12752996 -0.44 0.26 0.00 0.00 HOLD
73.635	>>> V 0.00 0.00
73.638	S 12753016 -0.44 0.26 0.00 0.00 HOLD
73.642	S 12753036 -0.44 0.26 0.00 0.00 HOLD
73.654	>>> V 0.00 0.00
73.672	>>> V 0.00 0.00
73.673	S 12753056 -0.44 0.26 0.00 0.00 HOLD
73.695	>>> V 0.00 0.00
73.700	S 12753076 -0.44 0.26 0.00 0.00 HOLD
73.707	S 12753096 -0.53 0.26 0.00 0.00 HOLD
73.715	>>> V 0.00 0.00
73.741	>>> V 0.00 0.00
73.741	S 12753116 -0.44 0.26 0.00 0.00 HOLD
73.744	S 12753136 -0.44 0.26 0.00 0.00 HOLD
73.754	>>> V 0.00 0.00
73.775	>>> V 0.00 0.00
73.778	S 12753156 -0.53 0.26 0.00 0.00 HOLD
73.780	S 12753176 -0.44 0.26 0.00 0.00 HOLD
73.792	>>> V 0.00 0.00
73.811	>>> V 0.00 0.00
73.814	S 12753196 -0.44 0.26 0.00 0.00 HOLD
73.833	>>> V 0.00 0.00
73.836	S 12753216 -0.44 0.26 0.00 0.00 HOLD
73.856	>>> V 0.00 0.00
73.858	S 12753236 -0.44 0.26 0.00 0.00 HOLD
73.860	S 12753256 -0.44 0.26 0.00 0.00 HOLD
73.873	>>> V 0.00 0.00
73.893	>>> V 0.00 0.00
73.896	S 12753276 -0.44 0.26 0.00 0.00 HOLD
73.915	>>> V 0.00 0.00
73.917	S 12753296 -0.53 0.26 0.00 0.00 HOLD
73.938	>>> V 0.00 0.00
73.941	S 12753316 -0.44 0.26 0.00 0.00 HOLD
73.943	S 12753336 -0.44 0.26 0.00 0.00 HOLD
73.959	>>> V 0.00 0.00
73.962	S 12753356 -0.44 0.26 0.00 0.00 HOLD
73.976	>>> V 0.00 0.00
73.978	S 12753376 -0.44 0.26 0.00 0.00 HOLD
73.998	>>> V 0.00 0.00
73.999	S 12753396 -0.44 0.26 0.00 0.00 HOLD
74.020	>>> V 0.00 0.00
74.026	S 12753416 -0.53 0.35 0.00 0.00 HOLD
74.039	>>> V 0.00 0.00
74.042	S 12753436 -0.44 0.26 0.00 0.00 HOLD
74.058	>>> V 0.00 0.00
74.061	S 12753456 -0.44 0.26 0.00 0.00 HOLD
74.082	>>> V 0.00 0.00
74.085	S 12753476 -0.44 0.26 0.00 0.00 HOLD
74.113	>>> V 0.00 0.00
74.115	S 12753496 -0.44 0.26 0.00 0.00 HOLD
74.125	>>> V 0.00 0.00
74.129	S 12753516 -0.44 0.26 0.00 0.00 HOLD
74.137	>>> V 0.00 0.00
74.140	S 12753536 -0.53 0.35 0.00 0.00 HOLD
74.154	>>> V 0.00 0.00
74.158	S 12753556 -0.44 0.26 0.00 0.00 HOLD
74.172	>>> V 0.00 0.00
74.196	>>> V 0.00 0.00
74.199	S 12753576 -0.44 0.26 0.00 0.00 HOLD
74.205	S 12753596 -0.44 0.26 0.00 0.00 HOLD
74.217	>>> V 0.00 0.00
74.219	S 12753616 -0.44 0.26 0.00 0.00 HOLD
74.237	>>> V 0.00 0.00
74.251	>>> V 0.00 0.00
74.254	S 12753636 -0.44 0.26 0.00 0.00 HOLD
74.272	>>> V 0.00 0.00
74.275	S 12753656 -0.44 0.26 0.00 0.00 HOLD
74.292	>>> V 0.00 0.00
74.293	S 12753676 -0.44 0.26 0.00 0.00 HOLD
74.311	>>> V 0.00 0.00
74.314	S 12753696 -0.44 0.26 0.00 0.00 HOLD
74.332	>>> V 0.00 0.00
74.332	S 12753716 -0.44 0.26 0.00 0.00 HOLD
74.351	>>> V 0.00 0.00
74.353	S 12753736 -0.53 0.26 0.00 0.00 HOLD
74.371	>>> V 0.00 0.00
74.373	S 12753756 -0.44 0.26 0.00 0.00 HOLD
74.392	>>> V 0.00 0.00
74.393	S 12753776 -0.44 0.26 0.00 0.00 HOLD
74.416	>>> V 0.00 0.00
74.416	S 12753796 -0.44 0.26 0.00 0.00 HOLD
74.432	>>> V 0.00 0.00
74.433	S 12753816 -0.44 0.35 0.00 0.00 HOLD
74.452	>>> V 0.00 0.00
74.453	S 12753836 -0.44 0.26 0.00 0.00 HOLD
74.471	>>> V 0.00 0.00
74.472	S 12753856 -0.44 0.26 0.00 0.00 HOLD
74.492	>>> V 0.00 0.00
74.492	S 12753876 -0.44 0.26 0.00 0.00 HOLD
74.511	>>> V 0.00 0.00
74.512	S 12753896 -0.53 0.26 0.00 0.00 HOLD
74.532	>>> V 0.00 0.00
74.533	S 12753916 -0.44 0.26 0.00 0.00 HOLD
74.552	>>> V 0.00 0.00
74.553	S 12753936 -0.44 0.26 0.00 0.00 HOLD
74.575	>>> V 0.00 0.00
74.577	S 12753956 -0.44 0.26 0.00 0.00 HOLD
74.592	>>> V 0.00 0.00
74.593	S 12753976 -0.44 0.26 0.00 0.00 HOLD
74.612	>>> V 0.00 0.00
74.617	S 12753996 -0.44 0.26 0.00 0.00 HOLD
74.633	>>> V 0.00 0.00
74.634	S 12754016 -0.44 0.26 0.00 0.00 HOLD
74.652	>>> V 0.00 0.00
74.653	S 12754036 -0.44 0.26 0.00 0.00 HOLD
74.672	>>> V 0.00 0.00
74.673	S 12754056 -0.53 0.26 0.00 0.00 HOLD
74.692	>>> V 0.00 0.00
74.693	S 12754076 -0.53 0.26 0.00 0.00 HOLD
74.712	>>> V 0.00 0.00
74.714	S 12754096 -0.44 0.26 0.00 0.00 HOLD
74.732	>>> V 0.00 0.00
74.732	S 12754116 -0.44 0.26 0.00 0.00 HOLD
74.753	>>> V 0.00 0.00
74.753	S 12754136 -0.53 0.26 0.00 0.00 HOLD
74.773	>>> V 0.00 0.00
74.774	S 12754156 -0.44 0.26 0.00 0.00 HOLD
74.791	>>> V 0.00 0.00
74.793	S 12754176 -0.53 0.26 0.00 0.00 HOLD
74.811	>>> V 0.00 0.00
74.814	S 12754196 -0.44 0.26 0.00 0.00 HOLD
74.832	>>> V 0.00 0.00
74.832	S 12754216 -0.44 0.26 0.00 0.00 HOLD
74.853	>>> V 0.00 0.00
74.856	S 12754236 -0.44 0.26 0.00 0.00 HOLD
74.872	>>> V 0.00 0.00
74.872	S 12754256 -0.53 0.26 0.00 0.00 HOLD
74.896	>>> V 0.00 0.00
74.897	S 12754276 -0.44 0.26 0.00 0.00 HOLD
74.918	>>> V 0.00 0.00
74.920	S 12754296 -0.44 0.26 0.00 0.00 HOLD
74.925	S 12754316 -0.44 0.26 0.00 0.00 HOLD
74.939	>>> V 0.00 0.00
74.940	S 12754336 -0.44 0.35 0.00 0.00 HOLD
74.953	>>> V 0.00 0.00
74.980	>>> V 0.00 0.00
74.981	S 12754356 -0.53 0.26 0.00 0.00 HOLD
74.983	S 12754376 -0.44 0.35 0.00 0.00 HOLD
74.992	>>> V 0.00 0.00
75.011	>>> V 0.00 0.00
75.012	S 12754396 -0.44 0.26 0.00 0.00 HOLD
75.031	>>> V 0.00 0.00
75.035	S 12754416 -0.44 0.26 0.00 0.00 HOLD
75.052	>>> V 0.00 0.00
75.053	S 12754436 -0.44 0.26 0.00 0.00 HOLD
75.072	>>> V 0.00 0.00
75.073	S 12754456 -0.44 0.26 0.00 0.00 HOLD
75.092	>>> V 0.00 0.00
75.092	S 12754476 -0.44 0.26 0.00 0.00 HOLD
75.122	>>> V 0.00 0.00
75.123	S 12754496 -0.44 0.26 0.00 0.00 HOLD
75.126	S 12754516 -0.53 0.26 0.00 0.00 HOLD
75.132	>>> V 0.00 0.00
75.153	>>> V 0.00 0.00
75.153	S 12754536 -0.44 0.26 0.00 0.00 HOLD
75.172	>>> V 0.00 0.00
75.172	S 12754556 -0.53 0.26 0.00 0.00 HOLD
75.192	>>> V 0.00 0.00
75.195	S 12754576 -0.44 0.26 0.00 0.00 HOLD
75.211	>>> V 0.00 0.00
75.212	S 12754596 -0.44 0.35 0.00 0.00 HOLD
75.232	>>> V 0.00 0.00
75.233	S 12754616 -0.44 0.26 0.00 0.00 HOLD
75.251	>>> V 0.00 0.00
75.252	S 12754636 -0.44 0.26 0.00 0.00 HOLD
75.272	>>> V 0.00 0.00
75.274	S 12754656 -0.44 0.26 0.00 0.00 HOLD
75.295	>>> V 0.00 0.00
75.299	S 12754676 -0.44 0.26 0.00 0.00 HOLD
75.300	S 12754696 -0.53 0.26 0.00 0.00 HOLD
75.317	>>> V 0.00 0.00
75.324	S 12754716 -0.44 0.26 0.00 0.00 HOLD
75.334	>>> V 0.00 0.00
75.353	>>> V 0.00 0.00
75.353	S 12754736 -0.44 0.26 0.00 0.00 HOLD
75.372	>>> V 0.00 0.00
75.373	S 12754756 -0.44 0.26 0.00 0.00 HOLD
75.391	>>> V 0.00 0.00
75.392	S 12754776 -0.44 0.26 0.00 0.00 HOLD
75.411	>>> V 0.00 0.00
75.412	S 12754796 -0.53 0.26 0.00 0.00 HOLD
75.431	>>> V 0.00 0.00
75.432	S 12754816 -0.44 0.26 0.00 0.00 HOLD
75.451	>>> V 0.00 0.00
75.453	S 12754836 -0.44 0.26 0.00 0.00 HOLD
75.472	>>> V 0.00 0.00
75.472	S 12754856 -0.44 0.26 0.00 0.00 HOLD
75.492	>>> V 0.00 0.00
75.492	S 12754876 -0.44 0.35 0.00 0.00 HOLD
75.522	>>> V 0.00 0.00
75.526	S 12754896 -0.44 0.26 0.00 0.00 HOLD
75.534	S 12754916 -0.53 0.26 0.00 0.00 HOLD
75.542	>>> V 0.00 0.00
75.542	S 12754936 -0.44 0.26 0.00 0.00 HOLD
75.555	>>> V 0.00 0.00
75.572	>>> V 0.00 0.00
75.573	S 12754956 -0.44 0.26 0.00 0.00 HOLD
75.591	>>> V 0.00 0.00
75.592	S 12754976 -0.53 0.26 0.00 0.00 HOLD
75.614	>>> V 0.00 0.00
75.617	S 12754996 -0.53 0.26 0.00 0.00 HOLD
75.632	>>> V 0.00 0.00
75.633	S 12755016 -0.44 0.26 0.00 0.00 HOLD
75.652	>>> V 0.00 0.00
75.653	S 12755036 -0.44 0.26 0.00 0.00 HOLD
75.672	>>> V 0.00 0.00
75.674	S 12755056 -0.44 0.26 0.00 0.00 HOLD
75.693	>>> V 0.00 0.00
75.694	S 12755076 -0.44 0.26 0.00 0.00 HOLD
75.713	>>> V 0.00 0.00
75.715	S 12755096 -0.44 0.26 0.00 0.00 HOLD
75.732	>>> V 0.00 0.00
75.732	S 12755116 -0.44 0.26 0.00 0.00 HOLD
75.752	>>> V 0.00 0.00
75.752	S 12755136 -0.44 0.26 0.00 0.00 HOLD
75.771	>>> V 0.00 0.00
75.771	S 12755156 -0.44 0.26 0.00 0.00 HOLD
75.792	>>> V 0.00 0.00
75.792	S 12755176 -0.44 0.26 0.00 0.00 HOLD
75.812	>>> V 0.00 0.00
75.813	S 12755196 -0.53 0.26 0.00 0.00 HOLD
75.833	>>> V 0.00 0.00
75.833	S 12755216 -0.44 0.26 0.00 0.00 HOLD
75.852	>>> V 0.00 0.00
75.853	S 12755236 -0.44 0.26 0.00 0.00 HOLD
75.875	>>> V 0.00 0.00
75.880	S 12755256 -0.44 0.26 0.00 0.00 HOLD
75.882	S 12755276 -0.44 0.26 0.00 0.00 HOLD
75.893	>>> V 0.00 0.00
75.912	>>> V 0.00 0.00
75.913	S 12755296 -0.53 0.26 0.00 0.00 HOLD
75.931	>>> V 0.00 0.00
75.932	S 12755316 -0.44 0.26 0.00 0.00 HOLD
75.952	>>> V 0.00 0.00
75.953	S 12755336 -0.44 0.26 0.00 0.00 HOLD
75.972	>>> V 0.00 0.00
75.972	S 12755356 -0.44 0.35 0.00 0.00 HOLD
75.991	>>> V 0.00 0.00
75.992	S 12755376 -0.44 0.26 0.00 0.00 HOLD
76.011	>>> V 0.00 0.00
76.014	S 12755396 -0.53 0.26 0.00 0.00 HOLD
76.032	>>> V 0.00 0.00
76.033	S 12755416 -0.44 0.26 0.00 0.00 HOLD
76.052	>>> V 0.00 0.00
76.053	S 12755436 -0.44 0.26 0.00 0.00 HOLD
76.072	>>> V 0.00 0.00
76.073	S 12755456 -0.53 0.26 0.00 0.00 HOLD
76.091	>>> V 0.00 0.00
76.092	S 12755476 -0.44 0.26 0.00 0.00 HOLD
76.112	>>> V 0.00 0.00
76.112	S 12755496 -0.44 0.26 0.00 0.00 HOLD
76.131	>>> V 0.00 0.00
76.132	S 12755516 -0.44 0.26 0.00 0.00 HOLD
76.155	>>> V 0.00 0.00
76.155	S 12755536 -0.53 0.26 0.00 0.00 HOLD
76.176	>>> V 0.00 0.00
76.179	S 12755556 -0.44 0.26 0.00 0.00 HOLD
76.195	>>> V 0.00 0.00
76.197	S 12755576 -0.44 0.26 0.00 0.00 HOLD
76.217	>>> V 0.00 0.00
76.218	S 12755596 -0.53 0.26 0.00 0.00 HOLD
76.221	S 12755616 -0.44 0.26 0.00 0.00 HOLD
76.234	>>> V 0.00 0.00
76.256	>>> V 0.00 0.00
76.257	S 12755636 -0.53 0.35 0.00 0.00 HOLD
76.272	>>> V 0.00 0.00
76.272	S 12755656 -0.44 0.26 0.00 0.00 HOLD
76.291	>>> V 0.00 0.00
76.292	S 12755676 -0.44 0.26 0.00 0.00 HOLD
76.314	>>> V 0.00 0.00
76.316	S 12755696 -0.44 0.26 0.00 0.00 HOLD
76.334	>>> V 0.00 0.00
76.339	S 12755716 -0.44 0.35 0.00 0.00 HOLD
76.359	>>> V 0.00 0.00
76.362	S 12755736 -0.44 0.26 0.00 0.00 HOLD
76.364	S 12755756 -0.53 0.35 0.00 0.00 HOLD
76.380	>>> V 0.00 0.00
76.383	S 12755776 -0.44 0.26 0.00 0.00 HOLD
76.397	>>> V 0.00 0.00
76.413	>>> V 0.00 0.00
76.413	S 12755796 -0.44 0.26 0.00 0.00 HOLD
76.432	>>> V 0.00 0.00
76.435	S 12755816 -0.53 0.26 0.00 0.00 HOLD
76.452	>>> V 0.00 0.00
76.452	S 12755836 -0.44 0.26 0.00 0.00 HOLD
76.472	>>> V 0.00 0.00
76.472	S 12755856 -0.44 0.26 0.00 0.00 HOLD
76.493	>>> V 0.00 0.00
76.495	S 12755876 -0.53 0.26 0.00 0.00 HOLD
76.513	>>> V 0.00 0.00
76.526	S 12755896 -0.44 0.26 0.00 0.00 HOLD
76.534	S 12755916 -0.44 0.26 0.00 0.00 HOLD
76.543	>>> V 0.00 0.00
76.546	S 12755936 -0.53 0.26 0.00 0.00 HOLD
76.561	>>> V 0.00 0.00
76.564	S 12755956 -0.44 0.26 0.00 0.00 HOLD
76.577	>>> V 0.00 0.00
76.581	S 12755976 -0.44 0.26 0.00 0.00 HOLD
76.596	>>> V 0.00 0.00
76.598	S 12755996 -0.44 0.26 0.00 0.00 HOLD
76.614	>>> V 0.00 0.00
76.632	>>> V 0.00 0.00
76.632	S 12756016 -0.44 0.26 0.00 0.00 HOLD
76.654	>>> V 0.00 0.00
76.655	S 12756036 -0.44 0.26 0.00 0.00 HOLD
76.671	>>> V 0.00 0.00
76.672	S 12756056 -0.44 0.26 0.00 0.00 HOLD
76.693	>>> V 0.00 0.00
76.693	S 12756076 -0.44 0.35 0.00 0.00 HOLD
76.712	>>> V 0.00 0.00
76.714	S 12756096 -0.44 0.26 0.00 0.00 HOLD
76.737	>>> V 0.00 0.00
76.737	S 12756116 -0.53 0.26 0.00 0.00 HOLD
76.751	>>> V 0.00 0.00
76.754	S 12756136 -0.44 0.26 0.00 0.00 HOLD
76.773	>>> V 0.00 0.00
76.773	S 12756156 -0.44 0.26 0.00 0.00 HOLD
76.792	>>> V 0.00 0.00
76.792	S 12756176 -0.44 0.26 0.00 0.00 HOLD
76.812	>>> V 0.00 0.00
76.813	S 12756196 -0.53 0.26 0.00 0.00 HOLD
76.831	>>> V 0.00 0.00
76.831	S 12756216 -0.44 0.26 0.00 0.00 HOLD
76.851	>>> V 0.00 0.00
76.852	S 12756236 -0.44 0.26 0.00 0.00 HOLD
76.871	>>> V 0.00 0.00
76.872	S 12756256 -0.44 0.26 0.00 0.00 HOLD
76.892	>>> V 0.00 0.00
76.893	S 12756276 -0.44 0.26 0.00 0.00 HOLD
76.912	>>> V 0.00 0.00
76.914	S 12756296 -0.44 0.26 0.00 0.00 HOLD
76.932	>>> V 0.00 0.00
76.935	S 12756316 -0.44 0.26 0.00 0.00 HOLD
76.951	>>> V 0.00 0.00
76.952	S 12756336 -0.44 0.26 0.00 0.00 HOLD
76.973	>>> V 0.00 0.00
76.974	S 12756356 -0.44 0.26 0.00 0.00 HOLD
76.991	>>> V 0.00 0.00
76.992	S 12756376 -0.53 0.26 0.00 0.00 HOLD
77.012	>>> V 0.00 0.00
77.013	S 12756396 -0.53 0.26 0.00 0.00 HOLD
77.031	>>> V 0.00 0.00
77.033	S 12756416 -0.44 0.26 0.00 0.00 HOLD
77.051	>>> V 0.00 0.00
77.052	S 12756436 -0.53 0.26 0.00 0.00 HOLD
77.071	>>> V 0.00 0.00
77.073	S 12756456 -0.44 0.26 0.00 0.00 HOLD
77.092	>>> V 0.00 0.00
77.092	S 12756476 -0.44 0.26 0.00 0.00 HOLD
77.113	>>> V 0.00 0.00
77.114	S 12756496 -0.44 0.26 0.00 0.00 HOLD
77.133	>>> V 0.00 0.00
77.133	S 12756516 -0.44 0.26 0.00 0.00 HOLD
77.152	>>> V 0.00 0.00
77.153	S 12756536 -0.44 0.26 0.00 0.00 HOLD
77.171	>>> V 0.00 0.00
77.172	S 12756556 -0.53 0.26 0.00 0.00 HOLD
77.192	>>> V 0.00 0.00
77.194	S 12756576 -0.53 0.26 0.00 0.00 HOLD
77.212	>>> V 0.00 0.00
77.212	S 12756596 -0.44 0.26 0.00 0.00 HOLD
77.233	>>> V 0.00 0.00
77.233	S 12756616 -0.44 0.26 0.00 0.00 HOLD
77.251	>>> V 0.00 0.00
77.252	S 12756636 -0.53 0.26 0.00 0.00 HOLD
77.272	>>> V 0.00 0.00
77.273	S 12756656 -0.44 0.26 0.00 0.00 HOLD
77.295	>>> V 0.00 0.00
77.296	S 12756676 -0.44 0.26 0.00 0.00 HOLD
77.318	>>> V 0.00 0.00
77.322	S 12756696 -0.53 0.26 0.00 0.00 HOLD
77.325	S 12756716 -0.44 0.26 0.00 0.00 HOLD
77.334	>>> V 0.00 0.00
77.355	>>> V 0.00 0.00
77.357	S 12756736 -0.53 0.26 0.00 0.00 HOLD
77.371	>>> V 0.00 0.00
77.373	S 12756756 -0.44 0.35 0.00 0.00 HOLD
77.394	>>> V 0.00 0.00
77.397	S 12756776 -0.44 0.26 0.00 0.00 HOLD
77.413	>>> V 0.00 0.00
77.414	S 12756796 -0.53 0.26 0.00 0.00 HOLD
77.432	>>> V 0.00 0.00
77.433	S 12756816 -0.53 0.35 0.00 0.00 HOLD
77.452	>>> V 0.00 0.00
77.453	S 12756836 -0.53 0.26 0.00 0.00 HOLD
77.472	>>> V 0.00 0.00
77.473	S 12756856 -0.44 0.26 0.00 0.00 HOLD
77.497	>>> V 0.00 0.00
77.498	S 12756876 -0.53 0.26 0.00 0.00 HOLD
77.513	>>> V 0.00 0.00
77.524	S 12756896 -0.44 0.26 0.00 0.00 HOLD
77.531	S 12756916 -0.44 0.26 0.00 0.00 HOLD
77.546	>>> V 0.00 0.00
77.549	S 12756936 -0.53 0.26 0.00 0.00 HOLD
77.559	>>> V 0.00 0.00
77.561	S 12756956 -0.44 0.26 0.00 0.00 HOLD
77.583	>>> V 0.00 0.00
77.583	S 12756976 -0.53 0.26 0.00 0.00 HOLD
77.593	>>> V 0.00 0.00
77.613	>>> V 0.00 0.00
77.615	S 12756996 -0.53 0.26 0.00 0.00 HOLD
77.632	>>> V 0.00 0.00
77.632	S 12757016 -0.44 0.26 0.00 0.00 HOLD
77.652	>>> V 0.00 0.00
77.653	S 12757036 -0.53 0.26 0.00 0.00 HOLD
77.671	>>> V 0.00 0.00
77.672	S 12757056 -0.53 0.26 0.00 0.00 HOLD
77.692	>>> V 0.00 0.00
77.693	S 12757076 -0.53 0.26 0.00 0.00 HOLD
77.715	>>> V 0.00 0.00
77.716	S 12757096 -0.53 0.26 0.00 0.00 HOLD
77.732	>>> V 0.00 0.00
77.734	S 12757116 -0.44 0.26 0.00 0.00 HOLD
77.755	>>> V 0.00 0.00
77.758	S 12757136 -0.53 0.26 0.00 0.00 HOLD
77.773	>>> V 0.00 0.00
77.773	S 12757156 -0.44 0.26 0.00 0.00 HOLD
77.792	>>> V 0.00 0.00
77.792	S 12757176 -0.44 0.26 0.00 0.00 HOLD
77.812	>>> V 0.00 0.00
77.812	S 12757196 -0.44 0.26 0.00 0.00 HOLD
77.831	>>> V 0.00 0.00
77.832	S 12757216 -0.53 0.26 0.00 0.00 HOLD
77.851	>>> V 0.00 0.00
77.852	S 12757236 -0.44 0.26 0.00 0.00 HOLD
77.874	>>> V 0.00 0.00
77.877	S 12757256 -0.44 0.26 0.00 0.00 HOLD
77.892	>>> V 0.00 0.00
77.893	S 12757276 -0.44 0.26 0.00 0.00 HOLD
77.917	>>> V 0.00 0.00
77.918	S 12757296 -0.53 0.26 0.00 0.00 HOLD
77.933	>>> V 0.00 0.00
77.936	S 12757316 -0.53 0.26 0.00 0.00 HOLD
77.953	>>> V 0.00 0.00
77.956	S 12757336 -0.53 0.26 0.00 0.00 HOLD
77.971	>>> V 0.00 0.00
77.972	S 12757356 -0.44 0.26 0.00 0.00 HOLD
77.993	>>> V 0.00 0.00
77.994	S 12757376 -0.44 0.26 0.00 0.00 HOLD
78.012	>>> V 0.00 0.00
78.013	S 12757396 -0.53 0.26 0.00 0.00 HOLD
78.034	>>> V 0.00 0.00
78.035	S 12757416 -0.53 0.26 0.00 0.00 HOLD
78.052	>>> V 0.00 0.00
78.054	S 12757436 -0.44 0.26 0.00 0.00 HOLD
78.072	>>> V 0.00 0.00
78.072	S 12757456 -0.44 0.26 0.00 0.00 HOLD
78.094	>>> V 0.00 0.00
78.097	S 12757476 -0.53 0.26 0.00 0.00 HOLD
78.112	>>> V 0.00 0.00
78.113	S 12757496 -0.44 0.26 0.00 0.00 HOLD
78.132	>>> V 0.00 0.00
78.133	S 12757516 -0.44 0.26 0.00 0.00 HOLD
78.153	>>> V 0.00 0.00
78.153	S 12757536 -0.44 0.26 0.00 0.00 HOLD
78.172	>>> V 0.00 0.00
78.172	S 12757556 -0.53 0.26 0.00 0.00 HOLD
78.193	>>> V 0.00 0.00
78.194	S 12757576 -0.44 0.26 0.00 0.00 HOLD
78.212	>>> V 0.00 0.00
78.214	S 12757596 -0.44 0.26 0.00 0.00 HOLD
78.234	>>> V 0.00 0.00
78.234	S 12757616 -0.44 0.26 0.00 0.00 HOLD
78.254	>>> V 0.00 0.00
78.254	S 12757636 -0.44 0.26 0.00 0.00 HOLD
78.272	>>> V 0.00 0.00
78.274	S 12757656 -0.44 0.26 0.00 0.00 HOLD
78.292	>>> V 0.00 0.00
78.293	S 12757676 -0.44 0.26 0.00 0.00 HOLD
78.311	>>> V 0.00 0.00
78.312	S 12757696 -0.44 0.26 0.00 0.00 HOLD
78.332	>>> V 0.00 0.00
78.334	S 12757716 -0.53 0.26 0.00 0.00 HOLD
78.351	>>> V 0.00 0.00
78.352	S 12757736 -0.53 0.26 0.00 0.00 HOLD
78.374	>>> V 0.00 0.00
78.375	S 12757757 -0.53 0.26 0.00 0.00 HOLD
78.392	>>> V 0.00 0.00
78.392	S 12757777 -0.53 0.26 0.00 0.00 HOLD
78.412	>>> V 0.00 0.00
78.414	S 12757797 -0.44 0.26 0.00 0.00 HOLD
78.432	>>> V 0.00 0.00
78.432	S 12757817 -0.53 0.26 0.00 0.00 HOLD
78.454	>>> V 0.00 0.00
78.455	S 12757837 -0.44 0.26 0.00 0.00 HOLD
78.472	>>> V 0.00 0.00
78.473	S 12757857 -0.44 0.26 0.00 0.00 HOLD
78.493	>>> V 0.00 0.00
78.496	S 12757877 -0.44 0.26 0.00 0.00 HOLD
78.513	>>> V 0.00 0.00
78.513	S 12757897 -0.44 0.26 0.00 0.00 HOLD
78.532	>>> V 0.00 0.00
78.532	S 12757917 -0.53 0.26 0.00 0.00 HOLD
78.552	>>> V 0.00 0.00
78.552	S 12757937 -0.44 0.26 0.00 0.00 HOLD
78.573	>>> V 0.00 0.00
78.574	S 12757957 -0.44 0.26 0.00 0.00 HOLD
78.592	>>> V 0.00 0.00
78.593	S 12757977 -0.44 0.26 0.00 0.00 HOLD
78.614	>>> V 0.00 0.00
78.621	S 12757997 -0.44 0.26 0.00 0.00 HOLD
78.624	S 12758017 -0.53 0.26 0.00 0.00 HOLD
78.641	>>> V 0.00 0.00
78.641	S 12758037 -0.44 0.26 0.00 0.00 HOLD
78.658	>>> V 0.00 0.00
78.661	S 12758057 -0.53 0.26 0.00 0.00 HOLD
78.672	>>> V 0.00 0.00
78.691	>>> V 0.00 0.00
78.692	S 12758077 -0.53 0.26 0.00 0.00 HOLD
78.711	>>> V 0.00 0.00
78.712	S 12758097 -0.44 0.26 0.00 0.00 HOLD
78.732	>>> V 0.00 0.00
78.733	S 12758117 -0.44 0.26 0.00 0.00 HOLD
78.751	>>> V 0.00 0.00
78.752	S 12758137 -0.53 0.26 0.00 0.00 HOLD
78.771	>>> V 0.00 0.00
78.772	S 12758157 -0.53 0.26 0.00 0.00 HOLD
78.792	>>> V 0.00 0.00
78.792	S 12758177 -0.53 0.26 0.00 0.00 HOLD
78.812	>>> V 0.00 0.00
78.813	S 12758197 -0.44 0.26 0.00 0.00 HOLD
78.836	>>> V 0.00 0.00
78.838	S 12758217 -0.44 0.26 0.00 0.00 HOLD
78.851	>>> V 0.00 0.00
78.852	S 12758237 -0.44 0.35 0.00 0.00 HOLD
78.873	>>> V 0.00 0.00
78.873	S 12758257 -0.44 0.26 0.00 0.00 HOLD
78.895	>>> V 0.00 0.00
78.896	S 12758277 -0.44 0.26 0.00 0.00 HOLD
78.911	>>> V 0.00 0.00
78.912	S 12758297 -0.44 0.26 0.00 0.00 HOLD
78.936	>>> V 0.00 0.00
78.937	S 12758317 -0.44 0.26 0.00 0.00 HOLD
78.953	>>> V 0.00 0.00
78.953	S 12758337 -0.44 0.26 0.00 0.00 HOLD
78.972	>>> V 0.00 0.00
78.972	S 12758357 -0.44 0.26 0.00 0.00 HOLD
78.994	>>> V 0.00 0.00
78.994	S 12758377 -0.44 0.26 0.00 0.00 HOLD
79.012	>>> V 0.00 0.00
79.015	S 12758397 -0.53 0.26 0.00 0.00 HOLD
79.041	>>> V 0.00 0.00
79.043	S 12758417 -0.53 0.26 0.00 0.00 HOLD
79.046	S 12758437 -0.44 0.26 0.00 0.00 HOLD
79.056	>>> V 0.00 0.00
79.074	>>> V 0.00 0.00
79.075	S 12758457 -0.44 0.26 0.00 0.00 HOLD
79.092	>>> V 0.00 0.00
79.093	S 12758477 -0.44 0.26 0.00 0.00 HOLD
79.112	>>> V 0.00 0.00
79.113	S 12758497 -0.53 0.26 0.00 0.00 HOLD
79.131	>>> V 0.00 0.00
79.134	S 12758517 -0.44 0.26 0.00 0.00 HOLD
79.152	>>> V 0.00 0.00
79.155	S 12758537 -0.44 0.26 0.00 0.00 HOLD
79.173	>>> V 0.00 0.00
79.173	S 12758557 -0.53 0.26 0.00 0.00 HOLD
79.191	>>> V 0.00 0.00
79.192	S 12758577 -0.44 0.26 0.00 0.00 HOLD
79.211	>>> V 0.00 0.00
79.213	S 12758597 -0.44 0.26 0.00 0.00 HOLD
79.233	>>> V 0.00 0.00
79.234	S 12758617 -0.44 0.26 0.00 0.00 HOLD
79.252	>>> V 0.00 0.00
79.253	S 12758637 -0.44 0.26 0.00 0.00 HOLD
79.272	>>> V 0.00 0.00
79.272	S 12758657 -0.53 0.26 0.00 0.00 HOLD
79.292	>>> V 0.00 0.00
79.293	S 12758677 -0.44 0.35 0.00 0.00 HOLD
79.312	>>> V 0.00 0.00
79.312	S 12758697 -0.44 0.26 0.00 0.00 HOLD
79.336	>>> V 0.00 0.00
79.337	S 12758717 -0.44 0.35 0.00 0.00 HOLD
79.353	>>> V 0.00 0.00
79.355	S 12758737 -0.44 0.26 0.00 0.00 HOLD
79.378	>>> V 0.00 0.00
79.381	S 12758757 -0.44 0.26 0.00 0.00 HOLD
79.387	S 12758777 -0.44 0.26 0.00 0.00 HOLD
79.397	>>> V 0.00 0.00
79.403	S 12758797 -0.44 0.26 0.00 0.00 HOLD
79.414	>>> V 0.00 0.00
79.434	>>> V 0.00 0.00
79.435	S 12758817 -0.44 0.26 0.00 0.00 HOLD
79.452	>>> V 0.00 0.00
79.452	S 12758837 -0.44 0.26 0.00 0.00 HOLD
79.475	>>> V 0.00 0.00
79.476	S 12758857 -0.44 0.26 0.00 0.00 HOLD
79.492	>>> V 0.00 0.00
79.493	S 12758877 -0.44 0.35 0.00 0.00 HOLD
79.514	>>> V 0.00 0.00
79.515	S 12758897 -0.44 0.26 0.00 0.00 HOLD
79.532	>>> V 0.00 0.00
79.534	S 12758917 -0.44 0.26 0.00 0.00 HOLD
79.554	>>> V 0.00 0.00
79.556	S 12758937 -0.44 0.35 0.00 0.00 HOLD
79.574	>>> V 0.00 0.00
79.582	S 12758957 -0.44 0.26 0.00 0.00 HOLD
79.584	S 12758977 -0.44 0.26 0.00 0.00 HOLD
79.614	>>> V 0.00 0.00
79.615	S 12758997 -0.53 0.26 0.00 0.00 HOLD
79.633	>>> V 0.00 0.00
79.634	S 12759017 -0.53 0.26 0.00 0.00 HOLD
79.652	>>> V 0.00 0.00
79.652	S 12759037 -0.44 0.26 0.00 0.00 HOLD
79.672	>>> V 0.00 0.00
79.672	S 12759057 -0.44 0.26 0.00 0.00 HOLD
79.692	>>> V 0.00 0.00
79.693	S 12759077 -0.44 0.26 0.00 0.00 HOLD
79.717	>>> V 0.00 0.00
79.727	S 12759097 -0.44 0.26 0.00 0.00 HOLD
79.728	S 12759117 -0.44 0.26 0.00 0.00 HOLD
79.732	>>> V 0.00 0.00
79.752	>>> V 0.00 0.00
79.753	S 12759137 -0.44 0.26 0.00 0.00 HOLD
79.777	>>> V 0.00 0.00
79.777	S 12759157 -0.44 0.26 0.00 0.00 HOLD
79.791	>>> V 0.00 0.00
79.792	S 12759177 -0.44 0.26 0.00 0.00 HOLD
79.811	>>> V 0.00 0.00
79.812	S 12759197 -0.44 0.26 0.00 0.00 HOLD
79.835	>>> V 0.00 0.00
79.836	S 12759217 -0.53 0.26 0.00 0.00 HOLD
79.851	>>> V 0.00 0.00
79.852	S 12759237 -0.44 0.26 0.00 0.00 HOLD
79.874	>>> V 0.00 0.00
79.875	S 12759257 -0.44 0.26 0.00 0.00 HOLD
79.892	>>> V 0.00 0.00
79.892	S 12759277 -0.53 0.26 0.00 0.00 HOLD
79.913	>>> V 0.00 0.00
79.916	S 12759297 -0.44 0.26 0.00 0.00 HOLD
79.937	>>> V 0.00 0.00
79.940	S 12759317 -0.53 0.26 0.00 0.00 HOLD
79.941	S 12759337 -0.44 0.26 0.00 0.00 HOLD
79.954	>>> V 0.00 0.00
79.974	>>> V 0.00 0.00
79.974	S 12759357 -0.53 0.26 0.00 0.00 HOLD
79.993	>>> V 0.00 0.00
79.994	S 12759377 -0.53 0.26 0.00 0.00 HOLD
80.033	>>> V 0.00 0.00
80.034	S 12759397 -0.44 0.26 0.00 0.00 HOLD
80.038	S 12759417 -0.44 0.26 0.00 0.00 HOLD
80.055	>>> V 0.00 0.00
80.062	S 12759437 -0.44 0.26 0.00 0.00 HOLD
80.065	S 12759457 -0.53 0.26 0.00 0.00 HOLD
80.072	>>> V 0.00 0.00
80.097	>>> V 0.00 0.00
80.098	S 12759477 -0.44 0.26 0.00 0.00 HOLD
80.112	>>> V 0.00 0.00
80.113	S 12759497 -0.44 0.26 0.00 0.00 HOLD
80.132	>>> V 0.00 0.00
80.133	S 12759517 -0.53 0.26 0.00 0.00 HOLD
80.152	>>> V 0.00 0.00
80.152	S 12759537 -0.44 0.26 0.00 0.00 HOLD
80.172	>>> V 0.00 0.00
80.174	S 12759557 -0.44 0.26 0.00 0.00 HOLD
80.192	>>> V 0.00 0.00
80.192	S 12759577 -0.44 0.26 0.00 0.00 HOLD
80.212	>>> V 0.00 0.00
80.212	S 12759597 -0.44 0.26 0.00 0.00 HOLD
80.231	>>> V 0.00 0.00
80.232	S 12759617 -0.53 0.26 0.00 0.00 HOLD
80.252	>>> V 0.00 0.00
80.252	S 12759637 -0.44 0.26 0.00 0.00 HOLD
80.271	>>> V 0.00 0.00
80.273	S 12759657 -0.44 0.26 0.00 0.00 HOLD
80.292	>>> V 0.00 0.00
80.293	S 12759677 -0.44 0.26 0.00 0.00 HOLD
80.312	>>> V 0.00 0.00
80.313	S 12759697 -0.53 0.26 0.00 0.00 HOLD
80.332	>>> V 0.00 0.00
80.333	S 12759717 -0.53 0.26 0.00 0.00 HOLD
80.353	>>> V 0.00 0.00
80.353	S 12759737 -0.53 0.26 0.00 0.00 HOLD
80.371	>>> V 0.00 0.00
80.372	S 12759757 -0.44 0.26 0.00 0.00 HOLD
80.395	>>> V 0.00 0.00
80.395	S 12759777 -0.44 0.26 0.00 0.00 HOLD
80.412	>>> V 0.00 0.00
80.412	S 12759797 -0.44 0.26 0.00 0.00 HOLD
80.433	>>> V 0.00 0.00
80.433	S 12759817 -0.44 0.35 0.00 0.00 HOLD
80.452	>>> V 0.00 0.00
80.452	S 12759837 -0.44 0.26 0.00 0.00 HOLD
80.472	>>> V 0.00 0.00
80.472	S 12759857 -0.44 0.26 0.00 0.00 HOLD
80.494	>>> V 0.00 0.00
80.495	S 12759877 -0.44 0.26 0.00 0.00 HOLD
80.512	>>> V 0.00 0.00
80.513	S 12759897 -0.53 0.26 0.00 0.00 HOLD
80.531	>>> V 0.00 0.00
80.532	S 12759917 -0.53 0.26 0.00 0.00 HOLD
80.551	>>> V 0.00 0.00
80.552	S 12759937 -0.44 0.26 0.00 0.00 HOLD
80.573	>>> V 0.00 0.00
80.574	S 12759957 -0.44 0.26 0.00 0.00 HOLD
80.591	>>> V 0.00 0.00
80.592	S 12759977 -0.44 0.35 0.00 0.00 HOLD
80.613	>>> V 0.00 0.00
80.614	S 12759997 -0.44 0.26 0.00 0.00 HOLD
80.632	>>> V 0.00 0.00
80.632	S 12760017 -0.44 0.26 0.00 0.00 HOLD
80.651	>>> V 0.00 0.00
80.652	S 12760037 -0.44 0.26 0.00 0.00 HOLD
80.672	>>> V 0.00 0.00
80.672	S 12760057 -0.53 0.26 0.00 0.00 HOLD
80.692	>>> V 0.00 0.00
80.692	S 12760077 -0.44 0.35 0.00 0.00 HOLD
80.711	>>> V 0.00 0.00
80.712	S 12760097 -0.44 0.26 0.00 0.00 HOLD
80.732	>>> V 0.00 0.00
80.733	S 12760117 -0.44 0.26 0.00 0.00 HOLD
80.751	>>> V 0.00 0.00
80.752	S 12760137 -0.44 0.26 0.00 0.00 HOLD
80.771	>>> V 0.00 0.00
80.772	S 12760157 -0.44 0.26 0.00 0.00 HOLD
80.792	>>> V 0.00 0.00
80.793	S 12760177 -0.44 0.26 0.00 0.00 HOLD
80.812	>>> V 0.00 0.00
80.812	S 12760197 -0.44 0.26 0.00 0.00 HOLD
80.832	>>> V 0.00 0.00
80.832	S 12760217 -0.53 0.26 0.00 0.00 HOLD
80.852	>>> V 0.00 0.00
80.852	S 12760237 -0.53 0.26 0.00 0.00 HOLD
80.872	>>> V 0.00 0.00
80.872	S 12760257 -0.44 0.26 0.00 0.00 HOLD
80.891	>>> V 0.00 0.00
80.892	S 12760277 -0.44 0.35 0.00 0.00 HOLD
80.912	>>> V 0.00 0.00
80.912	S 12760297 -0.44 0.26 0.00 0.00 HOLD
80.932	>>> V 0.00 0.00
80.932	S 12760317 -0.53 0.26 0.00 0.00 HOLD
80.951	>>> V 0.00 0.00
80.952	S 12760337 -0.44 0.26 0.00 0.00 HOLD
80.972	>>> V 0.00 0.00
80.973	S 12760357 -0.44 0.26 0.00 0.00 HOLD
80.992	>>> V 0.00 0.00
80.992	S 12760377 -0.44 0.26 0.00 0.00 HOLD
81.011	>>> V 0.00 0.00
81.012	S 12760397 -0.44 0.26 0.00 0.00 HOLD
81.032	>>> V 0.00 0.00
81.032	S 12760417 -0.53 0.26 0.00 0.00 HOLD
81.051	>>> V 0.00 0.00
81.052	S 12760437 -0.44 0.26 0.00 0.00 HOLD
82.968	>>> V 0.00 0.00
82.968	S 12760457 -0.44 0.26 0.00 0.00 HOLD
82.969	S 12760477 -0.44 0.26 0.00 0.00 HOLD
82.970	S 12760497 -0.44 0.26 0.00 0.00 HOLD
82.972	S 12760517 -0.53 0.26 0.00 0.00 HOLD
82.974	S 12760537 -0.44 0.26 0.00 0.00 HOLD
82.976	S 12760557 -0.44 0.26 0.00 0.00 HOLD
82.978	S 12760577 -0.53 0.26 0.00 0.00 HOLD
82.980	S 12760597 -0.44 0.26 0.00 0.00 HOLD
82.983	S 12760617 -0.44 0.35 0.00 0.00 HOLD
82.986	S 12760637 -0.44 0.26 0.00 0.00 HOLD
82.987	S 12760657 -0.44 0.26 0.00 0.00 HOLD
82.988	S 12760677 -0.44 0.26 0.00 0.00 HOLD
82.992	S 12760697 -0.44 0.26 0.00 0.00 HOLD
82.994	S 12760717 -0.44 0.35 0.00 0.00 HOLD
82.997	S 12760737 -0.44 0.26 0.00 0.00 HOLD
83.001	S 12760757 -0.53 0.26 0.00 0.00 HOLD
83.003	S 12760777 -0.44 0.26 0.00 0.00 HOLD
83.005	S 12760797 -0.44 0.26 0.00 0.00 HOLD
83.007	S 12760817 -0.53 0.26 0.00 0.00 HOLD
83.008	S 12760837 -0.44 0.26 0.00 0.00 HOLD
83.010	S 12760857 -0.44 0.35 0.00 0.00 HOLD
83.012	S 12760877 -0.44 0.26 0.00 0.00 HOLD
83.014	S 12760897 -0.44 0.26 0.00 0.00 HOLD
83.015	S 12760917 -0.44 0.26 0.00 0.00 HOLD
83.016	S 12760937 -0.44 0.26 0.00 0.00 HOLD
83.018	S 12760957 -0.44 0.26 0.00 0.00 HOLD
83.022	S 12760977 -0.44 0.26 0.00 0.00 HOLD
83.023	S 12760997 -0.44 0.26 0.00 0.00 HOLD
83.026	S 12761017 -0.44 0.26 0.00 0.00 HOLD
83.028	S 12761037 -0.44 0.26 0.00 0.00 HOLD
83.035	S 12761057 -0.53 0.26 0.00 0.00 HOLD
83.038	S 12761077 -0.44 0.35 0.00 0.00 HOLD
83.039	S 12761097 -0.44 0.26 0.00 0.00 HOLD
83.040	S 12761117 -0.44 0.35 0.00 0.00 HOLD
83.041	S 12761137 -0.44 0.26 0.00 0.00 HOLD
83.042	S 12761157 -0.44 0.35 0.00 0.00 HOLD
83.043	S 12761177 -0.53 0.26 0.00 0.00 HOLD
83.044	S 12761197 -0.53 0.26 0.00 0.00 HOLD
83.046	S 12761217 -0.44 0.26 0.00 0.00 HOLD
83.048	S 12761237 -0.53 0.26 0.00 0.00 HOLD
83.050	S 12761257 -0.53 0.26 0.00 0.00 HOLD
83.051	S 12761277 -0.44 0.26 0.00 0.00 HOLD
83.054	S 12761297 -0.53 0.26 0.00 0.00 HOLD
83.056	S 12761317 -0.44 0.35 0.00 0.00 HOLD
83.058	S 12761337 -0.53 0.26 0.00 0.00 HOLD
83.060	S 12761357 -0.44 0.26 0.00 0.00 HOLD
83.062	S 12761377 -0.44 0.26 0.00 0.00 HOLD
83.064	S 12761397 -0.53 0.26 0.00 0.00 HOLD
83.066	S 12761417 -0.53 0.26 0.00 0.00 HOLD
83.073	S 12761437 -0.44 0.26 0.00 0.00 HOLD
83.075	S 12761457 -0.44 0.26 0.00 0.00 HOLD
83.078	S 12761477 -0.44 0.26 0.00 0.00 HOLD
83.078	S 12761497 -0.44 0.26 0.00 0.00 HOLD
83.080	S 12761517 -0.53 0.26 0.00 0.00 HOLD
83.081	S 12761537 -0.44 0.26 0.00 0.00 HOLD
83.082	S 12761557 -0.44 0.26 0.00 0.00 HOLD
83.098	S 12761577 -0.53 0.35 0.00 0.00 HOLD
83.100	S 12761597 -0.44 0.35 0.00 0.00 HOLD
83.133	S 12761617 -0.44 0.26 0.00 0.00 HOLD
83.136	S 12761637 -0.44 0.26 0.00 0.00 HOLD
83.137	S 12761657 -0.53 0.26 0.00 0.00 HOLD
83.138	S 12761677 -0.44 0.26 0.00 0.00 HOLD
83.139	S 12761697 -0.44 0.26 0.00 0.00 HOLD
83.141	S 12761717 -0.53 0.26 0.00 0.00 HOLD
83.142	S 12761737 -0.44 0.26 0.00 0.00 HOLD
83.144	S 12761757 -0.44 0.26 0.00 0.00 HOLD
83.146	S 12761777 -0.44 0.26 0.00 0.00 HOLD
83.149	S 12761797 -0.44 0.26 0.00 0.00 HOLD
83.152	S 12761817 -0.44 0.26 0.00 0.00 HOLD
83.157	S 12761837 -0.44 0.26 0.00 0.00 HOLD
83.158	S 12761857 -0.44 0.26 0.00 0.00 HOLD
83.160	S 12761877 -0.44 0.26 0.00 0.00 HOLD
83.162	S 12761897 -0.44 0.26 0.00 0.00 HOLD
83.164	S 12761917 -0.44 0.26 0.00 0.00 HOLD
83.167	S 12761937 -0.53 0.26 0.00 0.00 HOLD
83.169	S 12761957 -0.44 0.26 0.00 0.00 HOLD
83.170	S 12761977 -0.44 0.26 0.00 0.00 HOLD
83.171	S 12761997 -0.44 0.26 0.00 0.00 HOLD
83.172	S 12762017 -0.44 0.26 0.00 0.00 HOLD
83.173	S 12762037 -0.44 0.26 0.00 0.00 HOLD
83.174	S 12762057 -0.44 0.35 0.00 0.00 HOLD
83.175	S 12762077 -0.44 0.26 0.00 0.00 HOLD
83.177	S 12762097 -0.44 0.26 0.00 0.00 HOLD
83.179	S 12762117 -0.44 0.26 0.00 0.00 HOLD
83.180	S 12762137 -0.53 0.26 0.00 0.00 HOLD
83.181	S 12762157 -0.44 0.26 0.00 0.00 HOLD
83.182	S 12762177 -0.53 0.26 0.00 0.00 HOLD
83.183	S 12762197 -0.44 0.26 0.00 0.00 HOLD
83.184	S 12762217 -0.53 0.26 0.00 0.00 HOLD
83.185	S 12762237 -0.53 0.26 0.00 0.00 HOLD
83.186	S 12762257 -0.44 0.26 0.00 0.00 HOLD
83.187	S 12762277 -0.44 0.26 0.00 0.00 HOLD
83.188	S 12762297 -0.44 0.26 0.00 0.00 HOLD
83.190	S 12762317 -0.44 0.26 0.00 0.00 HOLD
83.193	S 12762337 -0.53 0.26 0.00 0.00 HOLD
83.196	S 12762357 -0.44 0.26 0.00 0.00 HOLD
83.206	>>> V 0.00 0.00
83.207	S 12762377 -0.53 0.26 0.00 0.00 HOLD
83.209	S 12762397 -0.44 0.26 0.00 0.00 HOLD
83.210	S 12762417 -0.53 0.26 0.00 0.00 HOLD
83.211	S 12762437 -0.44 0.26 0.00 0.00 HOLD
83.212	S 12762457 -0.44 0.26 0.00 0.00 HOLD
83.213	S 12762477 -0.44 0.26 0.00 0.00 HOLD
83.214	S 12762497 -0.44 0.26 0.00 0.00 HOLD
83.216	S 12762517 -0.53 0.26 0.00 0.00 HOLD
83.217	S 12762537 -0.44 0.26 0.00 0.00 HOLD
83.218	S 12762557 -0.53 0.26 0.00 0.00 HOLD
83.219	S 12762577 -0.44 0.26 0.00 0.00 HOLD
83.220	S 12762597 -0.44 0.26 0.00 0.00 HOLD
83.227	>>> V 0.00 0.00
83.228	S 12762617 -0.53 0.26 0.00 0.00 HOLD
83.234	>>> V 0.00 0.00
83.253	>>> V 0.00 0.00
83.254	S 12762637 -0.53 0.26 0.00 0.00 HOLD
83.273	>>> V 0.00 0.00
83.273	S 12762657 -0.44 0.26 0.00 0.00 HOLD
83.291	>>> V 0.00 0.00
83.295	S 12762677 -0.44 0.26 0.00 0.00 HOLD
83.311	>>> V 0.00 0.00
83.312	S 12762697 -0.44 0.26 0.00 0.00 HOLD
83.331	>>> V 0.00 0.00
83.333	S 12762717 -0.44 0.26 0.00 0.00 HOLD
83.352	>>> V 0.00 0.00
83.352	S 12762737 -0.44 0.26 0.00 0.00 HOLD
83.372	>>> V 0.00 0.00
83.372	S 12762757 -0.44 0.26 0.00 0.00 HOLD
83.391	>>> V 0.00 0.00
83.392	S 12762777 -0.53 0.26 0.00 0.00 HOLD
83.414	>>> V 0.00 0.00
83.414	S 12762797 -0.44 0.26 0.00 0.00 HOLD
83.433	>>> V 0.00 0.00
83.434	S 12762817 -0.44 0.26 0.00 0.00 HOLD
83.453	>>> V 0.00 0.00
83.454	S 12762837 -0.44 0.26 0.00 0.00 HOLD
83.472	>>> V 0.00 0.00
83.475	S 12762857 -0.44 0.26 0.00 0.00 HOLD
83.495	>>> V 0.00 0.00
83.495	S 12762877 -0.53 0.26 0.00 0.00 HOLD
83.512	>>> V 0.00 0.00
83.512	S 12762897 -0.53 0.26 0.00 0.00 HOLD
83.531	>>> V 0.00 0.00
83.532	S 12762917 -0.53 0.26 0.00 0.00 HOLD
83.552	>>> V 0.00 0.00
83.552	S 12762937 -0.44 0.26 0.00 0.00 HOLD
83.573	>>> V 0.00 0.00
83.574	S 12762957 -0.53 0.26 0.00 0.00 HOLD
83.592	>>> V 0.00 0.00
83.593	S 12762977 -0.53 0.26 0.00 0.00 HOLD
83.612	>>> V 0.00 0.00
83.612	S 12762997 -0.44 0.26 0.00 0.00 HOLD
83.631	>>> V 0.00 0.00
83.634	S 12763017 -0.44 0.26 0.00 0.00 HOLD
83.652	>>> V 0.00 0.00
83.657	S 12763037 -0.44 0.26 0.00 0.00 HOLD
83.675	>>> V 0.00 0.00
83.675	S 12763057 -0.44 0.26 0.00 0.00 HOLD
83.692	>>> V 0.00 0.00
83.693	S 12763077 -0.53 0.35 0.00 0.00 HOLD
83.713	>>> V 0.00 0.00
83.714	S 12763097 -0.53 0.26 0.00 0.00 HOLD
83.735	>>> V 0.00 0.00
83.736	S 12763117 -0.53 0.26 0.00 0.00 HOLD
83.752	>>> V 0.00 0.00
83.752	S 12763137 -0.44 0.26 0.00 0.00 HOLD
83.772	>>> V 0.00 0.00
83.773	S 12763157 -0.44 0.26 0.00 0.00 HOLD
83.809	>>> V 0.00 0.00
83.810	S 12763177 -0.44 0.26 0.00 0.00 HOLD
83.814	S 12763197 -0.44 0.26 0.00 0.00 HOLD
83.820	>>> V 0.00 0.00
83.821	S 12763217 -0.53 0.26 0.00 0.00 HOLD
83.831	>>> V 0.00 0.00
83.863	>>> V 0.00 0.00
83.864	S 12763237 -0.53 0.26 0.00 0.00 HOLD
83.868	S 12763257 -0.44 0.35 0.00 0.00 HOLD
83.872	>>> V 0.00 0.00
83.892	>>> V 0.00 0.00
83.893	S 12763277 -0.44 0.26 0.00 0.00 HOLD
83.911	>>> V 0.00 0.00
83.912	S 12763297 -0.53 0.26 0.00 0.00 HOLD
83.933	>>> V 0.00 0.00
83.934	S 12763317 -0.53 0.26 0.00 0.00 HOLD
83.951	>>> V 0.00 0.00
83.953	S 12763337 -0.53 0.26 0.00 0.00 HOLD
83.974	>>> V 0.00 0.00
83.976	S 12763357 -0.53 0.26 0.00 0.00 HOLD
83.996	>>> V 0.00 0.00
83.997	S 12763377 -0.44 0.26 0.00 0.00 HOLD
84.017	>>> V 0.00 0.00
84.018	S 12763397 -0.44 0.26 0.00 0.00 HOLD
84.032	>>> V 0.00 0.00
84.036	S 12763417 -0.53 0.35 0.00 0.00 HOLD
84.052	>>> V 0.00 0.00
84.052	S 12763437 -0.44 0.26 0.00 0.00 HOLD
84.072	>>> V 0.00 0.00
84.073	S 12763457 -0.44 0.26 0.00 0.00 HOLD
84.092	>>> V 0.00 0.00
84.093	S 12763477 -0.44 0.26 0.00 0.00 HOLD
84.112	>>> V 0.00 0.00
84.115	S 12763497 -0.44 0.26 0.00 0.00 HOLD
84.132	>>> V 0.00 0.00
84.133	S 12763517 -0.44 0.26 0.00 0.00 HOLD
84.161	>>> V 0.00 0.00
84.165	S 12763537 -0.44 0.26 0.00 0.00 HOLD
84.169	S 12763557 -0.44 0.26 0.00 0.00 HOLD
84.180	>>> V 0.00 0.00
84.182	S 12763577 -0.44 0.26 0.00 0.00 HOLD
84.205	>>> V 0.00 0.00
84.209	S 12763597 -0.53 0.26 0.00 0.00 HOLD
84.234	>>> V 0.00 0.00
84.236	S 12763617 -0.44 0.26 0.00 0.00 HOLD
84.252	>>> V 0.00 0.00
84.253	S 12763637 -0.44 0.26 0.00 0.00 HOLD
84.272	>>> V 0.00 0.00
84.272	S 12763657 -0.44 0.26 0.00 0.00 HOLD
84.293	>>> V 0.00 0.00
84.294	S 12763677 -0.44 0.26 0.00 0.00 HOLD
84.312	>>> V 0.00 0.00
84.312	S 12763697 -0.53 0.26 0.00 0.00 HOLD
84.333	>>> V 0.00 0.00
84.333	S 12763717 -0.53 0.26 0.00 0.00 HOLD
84.352	>>> V 0.00 0.00
84.353	S 12763737 -0.44 0.26 0.00 0.00 HOLD
84.374	>>> V 0.00 0.00
84.374	S 12763757 -0.44 0.26 0.00 0.00 HOLD
84.393	>>> V 0.00 0.00
84.398	S 12763777 -0.44 0.35 0.00 0.00 HOLD
84.416	>>> V 0.00 0.00
84.417	S 12763797 -0.44 0.26 0.00 0.00 HOLD
84.433	>>> V 0.00 0.00
84.436	S 12763817 -0.53 0.26 0.00 0.00 HOLD
84.451	>>> V 0.00 0.00
84.452	S 12763837 -0.44 0.26 0.00 0.00 HOLD
84.473	>>> V 0.00 0.00
84.475	S 12763857 -0.44 0.26 0.00 0.00 HOLD
84.491	>>> V 0.00 0.00
84.492	S 12763877 -0.44 0.26 0.00 0.00 HOLD
84.512	>>> V 0.00 0.00
84.513	S 12763897 -0.44 0.26 0.00 0.00 HOLD
84.533	>>> V 0.00 0.00
84.534	S 12763917 -0.53 0.26 0.00 0.00 HOLD
84.552	>>> V 0.00 0.00
84.552	S 12763937 -0.44 0.26 0.00 0.00 HOLD
84.572	>>> V 0.00 0.00
84.573	S 12763957 -0.44 0.26 0.00 0.00 HOLD
84.592	>>> V 0.00 0.00
84.592	S 12763977 -0.44 0.26 0.00 0.00 HOLD
84.611	>>> V 0.00 0.00
84.612	S 12763997 -0.53 0.26 0.00 0.00 HOLD
84.634	>>> V 0.00 0.00
84.637	S 12764017 -0.53 0.26 0.00 0.00 HOLD
84.652	>>> V 0.00 0.00
84.652	S 12764037 -0.53 0.26 0.00 0.00 HOLD
84.673	>>> V 0.00 0.00
84.673	S 12764057 -0.44 0.26 0.00 0.00 HOLD
84.693	>>> V 0.00 0.00
84.694	S 12764077 -0.53 0.26 0.00 0.00 HOLD
84.713	>>> V 0.00 0.00
84.714	S 12764097 -0.53 0.26 0.00 0.00 HOLD
84.735	>>> V 0.00 0.00
84.735	S 12764117 -0.44 0.26 0.00 0.00 HOLD
84.752	>>> V 0.00 0.00
84.755	S 12764137 -0.44 0.26 0.00 0.00 HOLD
84.775	>>> V 0.00 0.00
84.775	S 12764157 -0.53 0.26 0.00 0.00 HOLD
84.793	>>> V 0.00 0.00
84.793	S 12764177 -0.44 0.26 0.00 0.00 HOLD
84.811	>>> V 0.00 0.00
84.812	S 12764197 -0.44 0.26 0.00 0.00 HOLD
84.833	>>> V 0.00 0.00
84.834	S 12764217 -0.44 0.26 0.00 0.00 HOLD
84.851	>>> V 0.00 0.00
84.852	S 12764237 -0.53 0.26 0.00 0.00 HOLD
84.876	>>> V 0.00 0.00
84.876	S 12764257 -0.44 0.26 0.00 0.00 HOLD
84.893	>>> V 0.00 0.00
84.893	S 12764277 -0.44 0.35 0.00 0.00 HOLD
84.913	>>> V 0.00 0.00
84.914	S 12764297 -0.44 0.26 0.00 0.00 HOLD
84.932	>>> V 0.00 0.00
84.935	S 12764317 -0.53 0.35 0.00 0.00 HOLD
84.956	>>> V 0.00 0.00
84.958	S 12764337 -0.44 0.26 0.00 0.00 HOLD
84.972	>>> V 0.00 0.00
84.972	S 12764357 -0.44 0.26 0.00 0.00 HOLD
84.991	>>> V 0.00 0.00
84.992	S 12764377 -0.44 0.26 0.00 0.00 HOLD
85.011	>>> V 0.00 0.00
85.012	S 12764397 -0.44 0.26 0.00 0.00 HOLD
85.032	>>> V 0.00 0.00
85.033	S 12764417 -0.53 0.26 0.00 0.00 HOLD
85.051	>>> V 0.00 0.00
85.052	S 12764437 -0.44 0.26 0.00 0.00 HOLD
85.076	>>> V 0.00 0.00
85.080	S 12764457 -0.44 0.26 0.00 0.00 HOLD
85.087	S 12764477 -0.44 0.26 0.00 0.00 HOLD
85.100	>>> V 0.00 0.00
85.100	S 12764497 -0.53 0.26 0.00 0.00 HOLD
85.117	>>> V 0.00 0.00
85.132	>>> V 0.00 0.00
85.132	S 12764517 -0.44 0.26 0.00 0.00 HOLD
85.155	>>> V 0.00 0.00
85.156	S 12764537 -0.53 0.26 0.00 0.00 HOLD
85.172	>>> V 0.00 0.00
85.172	S 12764557 -0.53 0.26 0.00 0.00 HOLD
85.194	>>> V 0.00 0.00
85.194	S 12764577 -0.44 0.26 0.00 0.00 HOLD
85.212	>>> V 0.00 0.00
85.212	S 12764597 -0.44 0.26 0.00 0.00 HOLD
85.232	>>> V 0.00 0.00
85.232	S 12764617 -0.44 0.26 0.00 0.00 HOLD
85.252	>>> V 0.00 0.00
85.253	S 12764637 -0.44 0.26 0.00 0.00 HOLD
85.278	>>> V 0.00 0.00
85.281	S 12764657 -0.53 0.26 0.00 0.00 HOLD
85.283	S 12764677 -0.53 0.26 0.00 0.00 HOLD
85.292	>>> V 0.00 0.00
85.314	>>> V 0.00 0.00
85.322	S 12764697 -0.53 0.26 0.00 0.00 HOLD
85.339	S 12764717 -0.44 0.26 0.00 0.00 HOLD
85.343	>>> V 0.00 0.00
85.345	S 12764737 -0.44 0.26 0.00 0.00 HOLD
85.352	>>> V 0.00 0.00
85.371	>>> V 0.00 0.00
85.372	S 12764757 -0.53 0.26 0.00 0.00 HOLD
85.393	>>> V 0.00 0.00
85.393	S 12764777 -0.44 0.26 0.00 0.00 HOLD
85.412	>>> V 0.00 0.00
85.412	S 12764797 -0.44 0.26 0.00 0.00 HOLD
85.433	>>> V 0.00 0.00
85.434	S 12764817 -0.44 0.26 0.00 0.00 HOLD
85.465	>>> V 0.00 0.00
85.465	S 12764837 -0.53 0.26 0.00 0.00 HOLD
85.470	S 12764857 -0.44 0.26 0.00 0.00 HOLD
85.476	>>> V 0.00 0.00
85.497	>>> V 0.00 0.00
85.500	S 12764877 -0.53 0.26 0.00 0.00 HOLD
85.502	S 12764897 -0.53 0.26 0.00 0.00 HOLD
85.512	>>> V 0.00 0.00
85.533	>>> V 0.00 0.00
85.534	S 12764917 -0.44 0.26 0.00 0.00 HOLD
85.551	>>> V 0.00 0.00
85.553	S 12764937 -0.53 0.26 0.00 0.00 HOLD
85.573	>>> V 0.00 0.00
85.574	S 12764957 -0.44 0.26 0.00 0.00 HOLD
85.593	>>> V 0.00 0.00
85.597	S 12764977 -0.53 0.26 0.00 0.00 HOLD
85.613	>>> V 0.00 0.00
85.614	S 12764997 -0.44 0.26 0.00 0.00 HOLD
85.635	>>> V 0.00 0.00
85.635	S 12765017 -0.53 0.26 0.00 0.00 HOLD
85.653	>>> V 0.00 0.00
85.654	S 12765037 -0.53 0.26 0.00 0.00 HOLD
85.672	>>> V 0.00 0.00
85.673	S 12765057 -0.44 0.26 0.00 0.00 HOLD
85.693	>>> V 0.00 0.00
85.696	S 12765077 -0.53 0.26 0.00 0.00 HOLD
85.712	>>> V 0.00 0.00
85.712	S 12765097 -0.44 0.26 0.00 0.00 HOLD
85.732	>>> V 0.00 0.00
85.732	S 12765117 -0.44 0.26 0.00 0.00 HOLD
85.753	>>> V 0.00 0.00
85.754	S 12765137 -0.44 0.26 0.00 0.00 HOLD
85.773	>>> V 0.00 0.00
85.774	S 12765157 -0.44 0.26 0.00 0.00 HOLD
85.792	>>> V 0.00 0.00
85.795	S 12765177 -0.44 0.26 0.00 0.00 HOLD
85.813	>>> V 0.00 0.00
85.814	S 12765197 -0.44 0.26 0.00 0.00 HOLD
85.832	>>> V 0.00 0.00
85.833	S 12765217 -0.53 0.26 0.00 0.00 HOLD
85.853	>>> V 0.00 0.00
85.857	S 12765237 -0.44 0.26 0.00 0.00 HOLD
85.873	>>> V 0.00 0.00
85.873	S 12765257 -0.44 0.26 0.00 0.00 HOLD
85.891	>>> V 0.00 0.00
85.892	S 12765278 -0.44 0.26 0.00 0.00 HOLD
85.911	>>> V 0.00 0.00
85.912	S 12765298 -0.44 0.26 0.00 0.00 HOLD
85.931	>>> V 0.00 0.00
85.932	S 12765318 -0.53 0.26 0.00 0.00 HOLD
85.952	>>> V 0.00 0.00
85.953	S 12765338 -0.44 0.26 0.00 0.00 HOLD
85.972	>>> V 0.00 0.00
85.972	S 12765358 -0.44 0.26 0.00 0.00 HOLD
85.991	>>> V 0.00 0.00
85.994	S 12765378 -0.44 0.26 0.00 0.00 HOLD
86.013	>>> V 0.00 0.00
86.014	S 12765398 -0.44 0.26 0.00 0.00 HOLD
86.032	>>> V 0.00 0.00
86.033	S 12765418 -0.44 0.26 0.00 0.00 HOLD
86.054	>>> V 0.00 0.00
86.056	S 12765438 -0.44 0.26 0.00 0.00 HOLD
86.072	>>> V 0.00 0.00
86.072	S 12765458 -0.53 0.26 0.00 0.00 HOLD
86.094	>>> V 0.00 0.00
86.096	S 12765478 -0.44 0.26 0.00 0.00 HOLD
86.111	>>> V 0.00 0.00
86.112	S 12765498 -0.53 0.26 0.00 0.00 HOLD
86.132	>>> V 0.00 0.00
86.132	S 12765518 -0.44 0.26 0.00 0.00 HOLD
86.151	>>> V 0.00 0.00
86.152	S 12765538 -0.53 0.26 0.00 0.00 HOLD
86.173	>>> V 0.00 0.00
86.174	S 12765558 -0.44 0.26 0.00 0.00 HOLD
86.191	>>> V 0.00 0.00
86.192	S 12765578 -0.44 0.26 0.00 0.00 HOLD
86.214	>>> V 0.00 0.00
86.216	S 12765598 -0.44 0.26 0.00 0.00 HOLD
86.232	>>> V 0.00 0.00
86.235	S 12765618 -0.44 0.35 0.00 0.00 HOLD
86.251	>>> V 0.00 0.00
86.254	S 12765638 -0.44 0.26 0.00 0.00 HOLD
86.272	>>> V 0.00 0.00
86.273	S 12765658 -0.44 0.26 0.00 0.00 HOLD
86.292	>>> V 0.00 0.00
86.293	S 12765678 -0.44 0.26 0.00 0.00 HOLD
86.312	>>> V 0.00 0.00
86.313	S 12765698 -0.44 0.26 0.00 0.00 HOLD
86.334	>>> V 0.00 0.00
86.338	S 12765718 -0.53 0.26 0.00 0.00 HOLD
86.352	>>> V 0.00 0.00
86.356	S 12765738 -0.44 0.26 0.00 0.00 HOLD
86.373	>>> V 0.00 0.00
86.376	S 12765758 -0.44 0.26 0.00 0.00 HOLD
86.393	>>> V 0.00 0.00
86.393	S 12765778 -0.44 0.26 0.00 0.00 HOLD
86.412	>>> V 0.00 0.00
86.413	S 12765798 -0.53 0.26 0.00 0.00 HOLD
86.431	>>> V 0.00 0.00
86.432	S 12765818 -0.53 0.26 0.00 0.00 HOLD
86.452	>>> V 0.00 0.00
86.453	S 12765838 -0.44 0.26 0.00 0.00 HOLD
86.471	>>> V 0.00 0.00
86.472	S 12765858 -0.44 0.26 0.00 0.00 HOLD
86.493	>>> V 0.00 0.00
86.493	S 12765878 -0.53 0.26 0.00 0.00 HOLD
86.511	>>> V 0.00 0.00
86.512	S 12765898 -0.44 0.26 0.00 0.00 HOLD
86.532	>>> V 0.00 0.00
86.533	S 12765918 -0.44 0.26 0.00 0.00 HOLD
86.552	>>> V 0.00 0.00
86.556	S 12765938 -0.53 0.26 0.00 0.00 HOLD
86.574	>>> V 0.00 0.00
86.575	S 12765958 -0.44 0.26 0.00 0.00 HOLD
86.592	>>> V 0.00 0.00
86.592	S 12765978 -0.44 0.35 0.00 0.00 HOLD
86.614	>>> V 0.00 0.00
86.614	S 12765998 -0.44 0.26 0.00 0.00 HOLD
86.632	>>> V 0.00 0.00
86.634	S 12766018 -0.53 0.26 0.00 0.00 HOLD
86.653	>>> V 0.00 0.00
86.653	S 12766038 -0.44 0.26 0.00 0.00 HOLD
86.672	>>> V 0.00 0.00
86.673	S 12766058 -0.53 0.26 0.00 0.00 HOLD
86.692	>>> V 0.00 0.00
86.693	S 12766078 -0.44 0.26 0.00 0.00 HOLD
86.713	>>> V 0.00 0.00
86.716	S 12766098 -0.44 0.26 0.00 0.00 HOLD
86.734	>>> V 0.00 0.00
86.735	S 12766118 -0.53 0.26 0.00 0.00 HOLD
86.752	>>> V 0.00 0.00
86.755	S 12766138 -0.53 0.26 0.00 0.00 HOLD
86.772	>>> V 0.00 0.00
86.773	S 12766158 -0.44 0.35 0.00 0.00 HOLD
86.792	>>> V 0.00 0.00
86.792	S 12766178 -0.44 0.26 0.00 0.00 HOLD
86.812	>>> V 0.00 0.00
86.813	S 12766198 -0.44 0.26 0.00 0.00 HOLD
86.832	>>> V 0.00 0.00
86.833	S 12766218 -0.53 0.26 0.00 0.00 HOLD
86.852	>>> V 0.00 0.00
86.854	S 12766238 -0.44 0.26 0.00 0.00 HOLD
86.874	>>> V 0.00 0.00
86.875	S 12766258 -0.53 0.26 0.00 0.00 HOLD
86.892	>>> V 0.00 0.00
86.893	S 12766278 -0.53 0.26 0.00 0.00 HOLD
86.915	>>> V 0.00 0.00
86.916	S 12766298 -0.44 0.26 0.00 0.00 HOLD
86.933	>>> V 0.00 0.00
86.936	S 12766318 -0.44 0.26 0.00 0.00 HOLD
86.952	>>> V 0.00 0.00
86.953	S 12766338 -0.44 0.26 0.00 0.00 HOLD
86.971	>>> V 0.00 0.00
86.972	S 12766358 -0.44 0.26 0.00 0.00 HOLD
86.991	>>> V 0.00 0.00
86.992	S 12766378 -0.44 0.26 0.00 0.00 HOLD
87.012	>>> V 0.00 0.00
87.012	S 12766398 -0.44 0.26 0.00 0.00 HOLD
87.031	>>> V 0.00 0.00
87.033	S 12766418 -0.44 0.26 0.00 0.00 HOLD
87.052	>>> V 0.00 0.00
87.053	S 12766438 -0.44 0.26 0.00 0.00 HOLD
87.072	>>> V 0.00 0.00
87.073	S 12766458 -0.44 0.26 0.00 0.00 HOLD
87.096	>>> V 0.00 0.00
87.098	S 12766478 -0.53 0.26 0.00 0.00 HOLD
87.120	>>> V 0.00 0.00
87.121	S 12766498 -0.44 0.26 0.00 0.00 HOLD
87.125	S 12766518 -0.53 0.26 0.00 0.00 HOLD
87.132	>>> V 0.00 0.00
87.152	>>> V 0.00 0.00
87.153	S 12766538 -0.44 0.26 0.00 0.00 HOLD
87.172	>>> V 0.00 0.00
87.173	S 12766558 -0.44 0.26 0.00 0.00 HOLD
87.194	>>> V 0.00 0.00
87.195	S 12766578 -0.44 0.26 0.00 0.00 HOLD
87.212	>>> V 0.00 0.00
87.212	S 12766598 -0.44 0.26 0.00 0.00 HOLD
87.236	>>> V 0.00 0.00
87.236	S 12766618 -0.44 0.26 0.00 0.00 HOLD
87.255	>>> V 0.00 0.00
87.256	S 12766638 -0.53 0.26 0.00 0.00 HOLD
87.273	>>> V 0.00 0.00
87.273	S 12766658 -0.44 0.35 0.00 0.00 HOLD
87.292	>>> V 0.00 0.00
87.294	S 12766678 -0.44 0.26 0.00 0.00 HOLD
87.315	>>> V 0.00 0.00
87.315	S 12766698 -0.53 0.26 0.00 0.00 HOLD
87.332	>>> V 0.00 0.00
87.333	S 12766718 -0.44 0.26 0.00 0.00 HOLD
87.353	>>> V 0.00 0.00
87.353	S 12766738 -0.53 0.35 0.00 0.00 HOLD
87.372	>>> V 0.00 0.00
87.372	S 12766758 -0.44 0.26 0.00 0.00 HOLD
87.393	>>> V 0.00 0.00
87.393	S 12766778 -0.44 0.26 0.00 0.00 HOLD
87.412	>>> V 0.00 0.00
87.412	S 12766798 -0.44 0.26 0.00 0.00 HOLD
87.435	>>> V 0.00 0.00
87.440	S 12766818 -0.44 0.26 0.00 0.00 HOLD
87.442	S 12766838 -0.44 0.26 0.00 0.00 HOLD
87.460	>>> V 0.00 0.00
87.461	S 12766858 -0.44 0.26 0.00 0.00 HOLD
87.472	>>> V 0.00 0.00
87.495	>>> V 0.00 0.00
87.498	S 12766878 -0.44 0.35 0.00 0.00 HOLD
87.512	>>> V 0.00 0.00
87.513	S 12766898 -0.53 0.26 0.00 0.00 HOLD
87.532	>>> V 0.00 0.00
87.532	S 12766918 -0.44 0.26 0.00 0.00 HOLD
87.552	>>> V 0.00 0.00
87.553	S 12766938 -0.44 0.26 0.00 0.00 HOLD
87.571	>>> V 0.00 0.00
87.572	S 12766958 -0.44 0.26 0.00 0.00 HOLD
87.592	>>> V 0.00 0.00
87.592	S 12766978 -0.44 0.26 0.00 0.00 HOLD
87.614	>>> V 0.00 0.00
87.615	S 12766998 -0.44 0.26 0.00 0.00 HOLD
87.635	>>> V 0.00 0.00
87.638	S 12767018 -0.44 0.26 0.00 0.00 HOLD
87.656	>>> V 0.00 0.00
87.658	S 12767038 -0.53 0.26 0.00 0.00 HOLD
87.672	>>> V 0.00 0.00
87.675	S 12767058 -0.44 0.26 0.00 0.00 HOLD
87.693	>>> V 0.00 0.00
87.694	S 12767078 -0.44 0.26 0.00 0.00 HOLD
87.712	>>> V 0.00 0.00
87.713	S 12767098 -0.44 0.26 0.00 0.00 HOLD
87.732	>>> V 0.00 0.00
87.733	S 12767118 -0.53 0.26 0.00 0.00 HOLD
87.752	>>> V 0.00 0.00
87.752	S 12767138 -0.44 0.26 0.00 0.00 HOLD
87.772	>>> V 0.00 0.00
87.774	S 12767158 -0.44 0.26 0.00 0.00 HOLD
87.793	>>> V 0.00 0.00
87.794	S 12767178 -0.44 0.26 0.00 0.00 HOLD
87.812	>>> V 0.00 0.00
87.813	S 12767198 -0.53 0.26 0.00 0.00 HOLD
87.833	>>> V 0.00 0.00
87.834	S 12767218 -0.44 0.26 0.00 0.00 HOLD
87.854	>>> V 0.00 0.00
87.859	S 12767238 -0.44 0.26 0.00 0.00 HOLD
87.873	>>> V 0.00 0.00
87.877	S 12767258 -0.44 0.26 0.00 0.00 HOLD
87.898	>>> V 0.00 0.00
87.898	S 12767278 -0.53 0.26 0.00 0.00 HOLD
87.912	>>> V 0.00 0.00
87.913	S 12767298 -0.53 0.26 0.00 0.00 HOLD
87.932	>>> V 0.00 0.00
87.932	S 12767318 -0.53 0.26 0.00 0.00 HOLD
87.952	>>> V 0.00 0.00
87.952	S 12767338 -0.44 0.26 0.00 0.00 HOLD
87.973	>>> V 0.00 0.00
87.973	S 12767358 -0.53 0.26 0.00 0.00 HOLD
87.993	>>> V 0.00 0.00
87.994	S 12767378 -0.44 0.26 0.00 0.00 HOLD
88.011	>>> V 0.00 0.00
88.014	S 12767398 -0.44 0.26 0.00 0.00 HOLD
88.032	>>> V 0.00 0.00
88.033	S 12767418 -0.53 0.26 0.00 0.00 HOLD
88.051	>>> V 0.00 0.00
88.052	S 12767438 -0.44 0.26 0.00 0.00 HOLD
88.072	>>> V 0.00 0.00
88.073	S 12767458 -0.44 0.26 0.00 0.00 HOLD
88.092	>>> V 0.00 0.00
88.092	S 12767478 -0.44 0.35 0.00 0.00 HOLD
88.112	>>> V 0.00 0.00
88.112	S 12767498 -0.44 0.26 0.00 0.00 HOLD
88.132	>>> V 0.00 0.00
88.132	S 12767518 -0.44 0.26 0.00 0.00 HOLD
88.152	>>> V 0.00 0.00
88.153	S 12767538 -0.44 0.26 0.00 0.00 HOLD
88.171	>>> V 0.00 0.00
88.175	S 12767558 -0.44 0.26 0.00 0.00 HOLD
88.193	>>> V 0.00 0.00
88.194	S 12767578 -0.53 0.26 0.00 0.00 HOLD
88.212	>>> V 0.00 0.00
88.212	S 12767598 -0.44 0.26 0.00 0.00 HOLD
88.232	>>> V 0.00 0.00
88.233	S 12767618 -0.44 0.26 0.00 0.00 HOLD
88.254	>>> V 0.00 0.00
88.255	S 12767638 -0.44 0.26 0.00 0.00 HOLD
88.271	>>> V 0.00 0.00
88.272	S 12767658 -0.44 0.26 0.00 0.00 HOLD
88.292	>>> V 0.00 0.00
88.293	S 12767678 -0.44 0.26 0.00 0.00 HOLD
88.311	>>> V 0.00 0.00
88.312	S 12767698 -0.53 0.26 0.00 0.00 HOLD
88.336	>>> V 0.00 0.00
88.336	S 12767718 -0.53 0.26 0.00 0.00 HOLD
88.353	>>> V 0.00 0.00
88.353	S 12767738 -0.44 0.26 0.00 0.00 HOLD
88.373	>>> V 0.00 0.00
88.374	S 12767758 -0.44 0.26 0.00 0.00 HOLD
88.391	>>> V 0.00 0.00
88.393	S 12767778 -0.44 0.26 0.00 0.00 HOLD
88.414	>>> V 0.00 0.00
88.414	S 12767798 -0.53 0.26 0.00 0.00 HOLD
88.432	>>> V 0.00 0.00
88.433	S 12767818 -0.53 0.26 0.00 0.00 HOLD
88.451	>>> V 0.00 0.00
88.452	S 12767838 -0.44 0.26 0.00 0.00 HOLD
88.472	>>> V 0.00 0.00
88.474	S 12767858 -0.53 0.26 0.00 0.00 HOLD
88.493	>>> V 0.00 0.00
88.493	S 12767878 -0.44 0.26 0.00 0.00 HOLD
88.511	>>> V 0.00 0.00
88.512	S 12767898 -0.44 0.26 0.00 0.00 HOLD
88.533	>>> V 0.00 0.00
88.534	S 12767918 -0.44 0.26 0.00 0.00 HOLD
88.551	>>> V 0.00 0.00
88.552	S 12767938 -0.53 0.26 0.00 0.00 HOLD
88.579	>>> V 0.00 0.00
88.581	S 12767958 -0.44 0.26 0.00 0.00 HOLD
88.585	S 12767978 -0.44 0.26 0.00 0.00 HOLD
88.596	>>> V 0.00 0.00
88.614	>>> V 0.00 0.00
88.616	S 12767998 -0.44 0.26 0.00 0.00 HOLD
88.632	>>> V 0.00 0.00
88.633	S 12768018 -0.53 0.26 0.00 0.00 HOLD
88.652	>>> V 0.00 0.00
88.652	S 12768038 -0.44 0.26 0.00 0.00 HOLD
88.671	>>> V 0.00 0.00
88.672	S 12768058 -0.53 0.26 0.00 0.00 HOLD
88.691	>>> V 0.00 0.00
88.692	S 12768078 -0.53 0.26 0.00 0.00 HOLD
88.712	>>> V 0.00 0.00
88.712	S 12768098 -0.44 0.26 0.00 0.00 HOLD
88.736	>>> V 0.00 0.00
88.739	S 12768118 -0.44 0.35 0.00 0.00 HOLD
88.763	>>> V 0.00 0.00
88.765	S 12768138 -0.44 0.26 0.00 0.00 HOLD
88.769	S 12768158 -0.53 0.26 0.00 0.00 HOLD
88.780	>>> V 0.00 0.00
88.786	S 12768178 -0.44 0.26 0.00 0.00 HOLD
88.802	>>> V 0.00 0.00
88.803	S 12768198 -0.53 0.26 0.00 0.00 HOLD
88.817	>>> V 0.00 0.00
88.834	>>> V 0.00 0.00
88.834	S 12768218 -0.44 0.26 0.00 0.00 HOLD
88.852	>>> V 0.00 0.00
88.852	S 12768238 -0.53 0.35 0.00 0.00 HOLD
88.872	>>> V 0.00 0.00
88.872	S 12768258 -0.44 0.26 0.00 0.00 HOLD
88.893	>>> V 0.00 0.00
88.895	S 12768278 -0.53 0.26 0.00 0.00 HOLD
88.912	>>> V 0.00 0.00
88.912	S 12768298 -0.44 0.26 0.00 0.00 HOLD
88.933	>>> V 0.00 0.00
88.933	S 12768318 -0.44 0.26 0.00 0.00 HOLD
88.959	>>> V 0.00 0.00
88.959	S 12768338 -0.53 0.26 0.00 0.00 HOLD
88.971	>>> V 0.00 0.00
88.972	S 12768358 -0.44 0.26 0.00 0.00 HOLD
88.992	>>> V 0.00 0.00
88.992	S 12768378 -0.44 0.26 0.00 0.00 HOLD
89.013	>>> V 0.00 0.00
89.013	S 12768398 -0.44 0.26 0.00 0.00 HOLD
89.033	>>> V 0.00 0.00
89.033	S 12768418 -0.44 0.26 0.00 0.00 HOLD
89.052	>>> V 0.00 0.00
89.053	S 12768438 -0.44 0.26 0.00 0.00 HOLD
89.071	>>> V 0.00 0.00
89.071	S 12768458 -0.44 0.26 0.00 0.00 HOLD
89.093	>>> V 0.00 0.00
89.093	S 12768478 -0.53 0.26 0.00 0.00 HOLD
89.112	>>> V 0.00 0.00
89.113	S 12768498 -0.53 0.26 0.00 0.00 HOLD
89.132	>>> V 0.00 0.00
89.133	S 12768518 -0.53 0.26 0.00 0.00 HOLD
89.152	>>> V 0.00 0.00
89.153	S 12768538 -0.53 0.26 0.00 0.00 HOLD
89.172	>>> V 0.00 0.00
89.174	S 12768558 -0.44 0.26 0.00 0.00 HOLD
89.192	>>> V 0.00 0.00
89.193	S 12768578 -0.44 0.26 0.00 0.00 HOLD
89.215	>>> V 0.00 0.00
89.215	S 12768598 -0.53 0.26 0.00 0.00 HOLD
89.232	>>> V 0.00 0.00
89.232	S 12768618 -0.44 0.26 0.00 0.00 HOLD
89.252	>>> V 0.00 0.00
89.252	S 12768638 -0.44 0.26 0.00 0.00 HOLD
89.274	>>> V 0.00 0.00
89.274	S 12768658 -0.44 0.26 0.00 0.00 HOLD
89.307	>>> V 0.00 0.00
89.309	S 12768678 -0.44 0.26 0.00 0.00 HOLD
89.311	S 12768698 -0.44 0.35 0.00 0.00 HOLD
89.317	>>> V 0.00 0.00
89.332	>>> V 0.00 0.00
89.336	S 12768718 -0.44 0.35 0.00 0.00 HOLD
89.353	>>> V 0.00 0.00
89.353	S 12768738 -0.44 0.26 0.00 0.00 HOLD
89.374	>>> V 0.00 0.00
89.375	S 12768758 -0.53 0.26 0.00 0.00 HOLD
89.392	>>> V 0.00 0.00
89.393	S 12768778 -0.44 0.26 0.00 0.00 HOLD
89.413	>>> V 0.00 0.00
89.413	S 12768798 -0.44 0.26 0.00 0.00 HOLD
89.431	>>> V 0.00 0.00
89.433	S 12768818 -0.53 0.26 0.00 0.00 HOLD
89.452	>>> V 0.00 0.00
89.453	S 12768838 -0.44 0.26 0.00 0.00 HOLD
89.472	>>> V 0.00 0.00
89.476	S 12768858 -0.44 0.26 0.00 0.00 HOLD
89.492	>>> V 0.00 0.00
89.493	S 12768878 -0.44 0.26 0.00 0.00 HOLD
89.517	>>> V 0.00 0.00
89.521	S 12768898 -0.44 0.26 0.00 0.00 HOLD
89.523	S 12768918 -0.44 0.35 0.00 0.00 HOLD
89.535	>>> V 0.00 0.00
89.557	>>> V 0.00 0.00
89.561	S 12768938 -0.53 0.26 0.00 0.00 HOLD
89.562	S 12768958 -0.44 0.26 0.00 0.00 HOLD
89.576	>>> V 0.00 0.00
89.591	>>> V 0.00 0.00
89.592	S 12768978 -0.44 0.26 0.00 0.00 HOLD
89.612	>>> V 0.00 0.00
89.612	S 12768998 -0.44 0.26 0.00 0.00 HOLD
89.634	>>> V 0.00 0.00
89.636	S 12769018 -0.44 0.26 0.00 0.00 HOLD
89.652	>>> V 0.00 0.00
89.652	S 12769038 -0.44 0.26 0.00 0.00 HOLD
89.672	>>> V 0.00 0.00
89.673	S 12769058 -0.53 0.26 0.00 0.00 HOLD
89.691	>>> V 0.00 0.00
89.693	S 12769078 -0.44 0.26 0.00 0.00 HOLD
89.719	>>> V 0.00 0.00
89.721	S 12769098 -0.44 0.26 0.00 0.00 HOLD
89.724	S 12769118 -0.44 0.26 0.00 0.00 HOLD
89.731	>>> V 0.00 0.00
89.755	>>> V 0.00 0.00
89.758	S 12769138 -0.53 0.26 0.00 0.00 HOLD
89.772	>>> V 0.00 0.00
89.772	S 12769158 -0.44 0.26 0.00 0.00 HOLD
89.792	>>> V 0.00 0.00
89.793	S 12769178 -0.44 0.26 0.00 0.00 HOLD
89.812	>>> V 0.00 0.00
89.812	S 12769198 -0.53 0.26 0.00 0.00 HOLD
89.832	>>> V 0.00 0.00
89.833	S 12769218 -0.53 0.26 0.00 0.00 HOLD
89.851	>>> V 0.00 0.00
89.852	S 12769238 -0.44 0.26 0.00 0.00 HOLD
89.872	>>> V 0.00 0.00
89.879	S 12769258 -0.53 0.26 0.00 0.00 HOLD
89.892	>>> V 0.00 0.00
89.894	S 12769278 -0.44 0.26 0.00 0.00 HOLD
89.912	>>> V 0.00 0.00
89.913	S 12769298 -0.53 0.26 0.00 0.00 HOLD
89.933	>>> V 0.00 0.00
89.933	S 12769318 -0.44 0.26 0.00 0.00 HOLD
89.954	>>> V 0.00 0.00
89.955	S 12769338 -0.44 0.26 0.00 0.00 HOLD
89.972	>>> V 0.00 0.00
89.972	S 12769358 -0.44 0.26 0.00 0.00 HOLD
89.992	>>> V 0.00 0.00
89.992	S 12769378 -0.44 0.26 0.00 0.00 HOLD
90.012	>>> V 0.00 0.00
90.012	S 12769398 -0.44 0.26 0.00 0.00 HOLD
90.035	>>> V 0.00 0.00
90.036	S 12769418 -0.53 0.26 0.00 0.00 HOLD
90.051	>>> V 0.00 0.00
90.056	S 12769438 -0.53 0.26 0.00 0.00 HOLD
90.073	>>> V 0.00 0.00
90.074	S 12769458 -0.53 0.26 0.00 0.00 HOLD
90.096	>>> V 0.00 0.00
90.099	S 12769478 -0.44 0.26 0.00 0.00 HOLD
90.113	>>> V 0.00 0.00
90.116	S 12769498 -0.44 0.26 0.00 0.00 HOLD
90.133	>>> V 0.00 0.00
90.136	S 12769518 -0.44 0.26 0.00 0.00 HOLD
90.152	>>> V 0.00 0.00
90.152	S 12769538 -0.44 0.26 0.00 0.00 HOLD
90.171	>>> V 0.00 0.00
90.171	S 12769558 -0.44 0.26 0.00 0.00 HOLD
90.191	>>> V 0.00 0.00
90.191	S 12769578 -0.44 0.26 0.00 0.00 HOLD
90.212	>>> V 0.00 0.00
90.212	S 12769598 -0.44 0.26 0.00 0.00 HOLD
90.232	>>> V 0.00 0.00
90.232	S 12769618 -0.44 0.26 0.00 0.00 HOLD
90.256	>>> V 0.00 0.00
90.260	S 12769638 -0.44 0.26 0.00 0.00 HOLD
90.265	S 12769658 -0.44 0.26 0.00 0.00 HOLD
90.276	>>> V 0.00 0.00
90.294	>>> V 0.00 0.00
90.294	S 12769678 -0.44 0.26 0.00 0.00 HOLD
90.312	>>> V 0.00 0.00
90.312	S 12769698 -0.53 0.26 0.00 0.00 HOLD
90.331	>>> V 0.00 0.00
90.335	S 12769718 -0.53 0.26 0.00 0.00 HOLD
90.352	>>> V 0.00 0.00
90.353	S 12769738 -0.44 0.35 0.00 0.00 HOLD
90.372	>>> V 0.00 0.00
90.372	S 12769758 -0.53 0.26 0.00 0.00 HOLD
90.391	>>> V 0.00 0.00
90.393	S 12769778 -0.44 0.26 0.00 0.00 HOLD
90.411	>>> V 0.00 0.00
90.412	S 12769798 -0.53 0.26 0.00 0.00 HOLD
90.431	>>> V 0.00 0.00
90.432	S 12769818 -0.44 0.26 0.00 0.00 HOLD
90.451	>>> V 0.00 0.00
90.452	S 12769838 -0.44 0.26 0.00 0.00 HOLD
90.472	>>> V 0.00 0.00
90.472	S 12769858 -0.44 0.26 0.00 0.00 HOLD
90.494	>>> V 0.00 0.00
90.494	S 12769878 -0.44 0.26 0.00 0.00 HOLD
90.512	>>> V 0.00 0.00
90.513	S 12769898 -0.44 0.26 0.00 0.00 HOLD
90.536	>>> V 0.00 0.00
90.539	S 12769918 -0.44 0.26 0.00 0.00 HOLD
90.552	>>> V 0.00 0.00
90.555	S 12769938 -0.44 0.26 0.00 0.00 HOLD
90.572	>>> V 0.00 0.00
90.572	S 12769958 -0.44 0.26 0.00 0.00 HOLD
90.594	>>> V 0.00 0.00
90.594	S 12769978 -0.44 0.26 0.00 0.00 HOLD
90.611	>>> V 0.00 0.00
90.612	S 12769998 -0.44 0.26 0.00 0.00 HOLD
90.635	>>> V 0.00 0.00
90.635	S 12770018 -0.44 0.26 0.00 0.00 HOLD
90.653	>>> V 0.00 0.00
90.655	S 12770038 -0.44 0.26 0.00 0.00 HOLD
90.672	>>> V 0.00 0.00
90.675	S 12770058 -0.44 0.26 0.00 0.00 HOLD
90.694	>>> V 0.00 0.00
90.695	S 12770078 -0.53 0.26 0.00 0.00 HOLD
90.715	>>> V 0.00 0.00
90.716	S 12770098 -0.53 0.26 0.00 0.00 HOLD
90.732	>>> V 0.00 0.00
90.732	S 12770118 -0.53 0.26 0.00 0.00 HOLD
90.751	>>> V 0.00 0.00
90.752	S 12770138 -0.53 0.26 0.00 0.00 HOLD
90.771	>>> V 0.00 0.00
90.772	S 12770158 -0.53 0.35 0.00 0.00 HOLD
90.794	>>> V 0.00 0.00
90.796	S 12770178 -0.44 0.26 0.00 0.00 HOLD
90.812	>>> V 0.00 0.00
90.812	S 12770198 -0.44 0.26 0.00 0.00 HOLD
90.838	>>> V 0.00 0.00
90.842	S 12770218 -0.44 0.26 0.00 0.00 HOLD
90.844	S 12770238 -0.53 0.26 0.00 0.00 HOLD
90.854	>>> V 0.00 0.00
90.873	>>> V 0.00 0.00
90.878	S 12770258 -0.53 0.26 0.00 0.00 HOLD
90.897	>>> V 0.00 0.00
90.897	S 12770278 -0.44 0.26 0.00 0.00 HOLD
90.915	>>> V 0.00 0.00
90.915	S 12770298 -0.44 0.35 0.00 0.00 HOLD
90.933	>>> V 0.00 0.00
90.934	S 12770318 -0.53 0.26 0.00 0.00 HOLD
90.951	>>> V 0.00 0.00
90.952	S 12770338 -0.44 0.26 0.00 0.00 HOLD
90.972	>>> V 0.00 0.00
90.974	S 12770358 -0.44 0.26 0.00 0.00 HOLD
90.991	>>> V 0.00 0.00
90.993	S 12770378 -0.44 0.26 0.00 0.00 HOLD
91.015	>>> V 0.00 0.00
91.017	S 12770398 -0.44 0.26 0.00 0.00 HOLD
91.032	>>> V 0.00 0.00
91.035	S 12770418 -0.44 0.26 0.00 0.00 HOLD
91.060	>>> V 0.00 0.00
91.063	S 12770438 -0.44 0.26 0.00 0.00 HOLD
91.065	S 12770458 -0.44 0.26 0.00 0.00 HOLD
91.086	>>> V 0.00 0.00
91.090	S 12770478 -0.44 0.26 0.00 0.00 HOLD
91.103	>>> V 0.00 0.00
91.104	S 12770498 -0.53 0.26 0.00 0.00 HOLD
91.112	>>> V 0.00 0.00
91.135	>>> V 0.00 0.00
91.135	S 12770518 -0.44 0.26 0.00 0.00 HOLD
91.153	>>> V 0.00 0.00
91.155	S 12770538 -0.44 0.26 0.00 0.00 HOLD
91.171	>>> V 0.00 0.00
91.172	S 12770558 -0.53 0.26 0.00 0.00 HOLD
91.192	>>> V 0.00 0.00
91.193	S 12770578 -0.53 0.26 0.00 0.00 HOLD
91.212	>>> V 0.00 0.00
91.215	S 12770598 -0.44 0.26 0.00 0.00 HOLD
91.238	>>> V 0.00 0.00
91.239	S 12770618 -0.44 0.26 0.00 0.00 HOLD
91.252	>>> V 0.00 0.00
91.252	S 12770638 -0.44 0.26 0.00 0.00 HOLD
91.277	>>> V 0.00 0.00
91.278	S 12770658 -0.53 0.26 0.00 0.00 HOLD
91.292	>>> V 0.00 0.00
91.293	S 12770678 -0.44 0.26 0.00 0.00 HOLD
91.317	>>> V 0.00 0.00
91.319	S 12770698 -0.44 0.35 0.00 0.00 HOLD
91.332	>>> V 0.00 0.00
91.333	S 12770718 -0.44 0.26 0.00 0.00 HOLD
91.352	>>> V 0.00 0.00
91.352	S 12770738 -0.44 0.26 0.00 0.00 HOLD
91.373	>>> V 0.00 0.00
91.373	S 12770758 -0.44 0.26 0.00 0.00 HOLD
91.392	>>> V 0.00 0.00
91.392	S 12770778 -0.44 0.26 0.00 0.00 HOLD
91.412	>>> V 0.00 0.00
91.413	S 12770798 -0.44 0.26 0.00 0.00 HOLD
91.432	>>> V 0.00 0.00
91.433	S 12770818 -0.53 0.26 0.00 0.00 HOLD
91.451	>>> V 0.00 0.00
91.454	S 12770838 -0.44 0.26 0.00 0.00 HOLD
91.472	>>> V 0.00 0.00
91.472	S 12770858 -0.53 0.26 0.00 0.00 HOLD
91.494	>>> V 0.00 0.00
91.494	S 12770878 -0.44 0.26 0.00 0.00 HOLD
91.512	>>> V 0.00 0.00
91.513	S 12770898 -0.53 0.26 0.00 0.00 HOLD
91.531	>>> V 0.00 0.00
91.533	S 12770918 -0.53 0.26 0.00 0.00 HOLD
91.552	>>> V 0.00 0.00
91.554	S 12770938 -0.44 0.26 0.00 0.00 HOLD
91.571	>>> V 0.00 0.00
91.572	S 12770958 -0.53 0.26 0.00 0.00 HOLD
91.593	>>> V 0.00 0.00
91.593	S 12770978 -0.53 0.26 0.00 0.00 HOLD
91.613	>>> V 0.00 0.00
91.616	S 12770998 -0.53 0.26 0.00 0.00 HOLD
91.639	>>> V 0.00 0.00
91.640	S 12771018 -0.44 0.26 0.00 0.00 HOLD
91.661	>>> V 0.00 0.00
91.662	S 12771038 -0.44 0.26 0.00 0.00 HOLD
91.672	S 12771058 -0.44 0.26 0.00 0.00 HOLD
91.678	>>> V 0.00 0.00
91.692	>>> V 0.00 0.00
91.695	S 12771078 -0.53 0.26 0.00 0.00 HOLD
91.711	>>> V 0.00 0.00
91.712	S 12771098 -0.44 0.26 0.00 0.00 HOLD
91.732	>>> V 0.00 0.00
91.733	S 12771118 -0.53 0.26 0.00 0.00 HOLD
91.752	>>> V 0.00 0.00
91.752	S 12771138 -0.44 0.26 0.00 0.00 HOLD
91.773	>>> V 0.00 0.00
91.774	S 12771158 -0.44 0.26 0.00 0.00 HOLD
91.794	>>> V 0.00 0.00
91.797	S 12771178 -0.44 0.26 0.00 0.00 HOLD
91.813	>>> V 0.00 0.00
91.813	S 12771198 -0.44 0.26 0.00 0.00 HOLD
91.832	>>> V 0.00 0.00
91.837	S 12771218 -0.44 0.26 0.00 0.00 HOLD
91.853	>>> V 0.00 0.00
91.853	S 12771238 -0.53 0.26 0.00 0.00 HOLD
91.871	>>> V 0.00 0.00
91.872	S 12771258 -0.44 0.35 0.00 0.00 HOLD
91.892	>>> V 0.00 0.00
91.892	S 12771278 -0.53 0.26 0.00 0.00 HOLD
91.912	>>> V 0.00 0.00
91.913	S 12771298 -0.44 0.26 0.00 0.00 HOLD
91.932	>>> V 0.00 0.00
91.934	S 12771318 -0.44 0.26 0.00 0.00 HOLD
91.955	>>> V 0.00 0.00
91.956	S 12771338 -0.44 0.26 0.00 0.00 HOLD
91.972	>>> V 0.00 0.00
91.973	S 12771358 -0.44 0.26 0.00 0.00 HOLD
91.993	>>> V 0.00 0.00
91.995	S 12771378 -0.53 0.26 0.00 0.00 HOLD
92.013	>>> V 0.00 0.00
92.013	S 12771398 -0.44 0.26 0.00 0.00 HOLD
92.039	>>> V 0.00 0.00
92.042	S 12771418 -0.44 0.35 0.00 0.00 HOLD
92.044	S 12771438 -0.44 0.26 0.00 0.00 HOLD
92.051	>>> V 0.00 0.00
92.072	>>> V 0.00 0.00
92.073	S 12771458 -0.53 0.26 0.00 0.00 HOLD
92.091	>>> V 0.00 0.00
92.092	S 12771478 -0.44 0.26 0.00 0.00 HOLD
92.115	>>> V 0.00 0.00
92.116	S 12771498 -0.44 0.26 0.00 0.00 HOLD
92.131	>>> V 0.00 0.00
92.133	S 12771518 -0.44 0.26 0.00 0.00 HOLD
92.152	>>> V 0.00 0.00
92.152	S 12771538 -0.44 0.26 0.00 0.00 HOLD
92.172	>>> V 0.00 0.00
92.172	S 12771558 -0.53 0.26 0.00 0.00 HOLD
92.194	>>> V 0.00 0.00
92.197	S 12771578 -0.53 0.26 0.00 0.00 HOLD
92.215	>>> V 0.00 0.00
92.216	S 12771598 -0.44 0.26 0.00 0.00 HOLD
92.232	>>> V 0.00 0.00
92.234	S 12771618 -0.44 0.26 0.00 0.00 HOLD
92.252	>>> V 0.00 0.00
92.252	S 12771638 -0.44 0.26 0.00 0.00 HOLD
92.272	>>> V 0.00 0.00
92.273	S 12771658 -0.44 0.26 0.00 0.00 HOLD
92.292	>>> V 0.00 0.00
92.293	S 12771678 -0.44 0.26 0.00 0.00 HOLD
92.313	>>> V 0.00 0.00
92.314	S 12771698 -0.44 0.26 0.00 0.00 HOLD
92.331	>>> V 0.00 0.00
92.332	S 12771718 -0.44 0.35 0.00 0.00 HOLD
92.353	>>> V 0.00 0.00
92.354	S 12771738 -0.44 0.26 0.00 0.00 HOLD
92.372	>>> V 0.00 0.00
92.372	S 12771758 -0.53 0.26 0.00 0.00 HOLD
92.393	>>> V 0.00 0.00
92.395	S 12771778 -0.44 0.26 0.00 0.00 HOLD
92.411	>>> V 0.00 0.00
92.412	S 12771798 -0.44 0.26 0.00 0.00 HOLD
92.431	>>> V 0.00 0.00
92.433	S 12771818 -0.44 0.26 0.00 0.00 HOLD
92.451	>>> V 0.00 0.00
92.452	S 12771838 -0.44 0.26 0.00 0.00 HOLD
92.473	>>> V 0.00 0.00
92.474	S 12771858 -0.44 0.26 0.00 0.00 HOLD
92.494	>>> V 0.00 0.00
92.494	S 12771878 -0.44 0.26 0.00 0.00 HOLD
92.517	>>> V 0.00 0.00
92.517	S 12771898 -0.53 0.26 0.00 0.00 HOLD
92.531	>>> V 0.00 0.00
92.532	S 12771918 -0.44 0.26 0.00 0.00 HOLD
92.552	>>> V 0.00 0.00
92.553	S 12771938 -0.44 0.26 0.00 0.00 HOLD
92.575	>>> V 0.00 0.00
92.578	S 12771958 -0.44 0.26 0.00 0.00 HOLD
92.592	>>> V 0.00 0.00
92.593	S 12771978 -0.44 0.35 0.00 0.00 HOLD
92.612	>>> V 0.00 0.00
92.612	S 12771998 -0.44 0.26 0.00 0.00 HOLD
92.632	>>> V 0.00 0.00
92.633	S 12772018 -0.44 0.26 0.00 0.00 HOLD
92.651	>>> V 0.00 0.00
92.653	S 12772038 -0.44 0.26 0.00 0.00 HOLD
92.673	>>> V 0.00 0.00
92.673	S 12772058 -0.44 0.26 0.00 0.00 HOLD
92.692	>>> V 0.00 0.00
92.692	S 12772078 -0.44 0.35 0.00 0.00 HOLD
92.714	>>> V 0.00 0.00
92.717	S 12772098 -0.44 0.26 0.00 0.00 HOLD
92.732	>>> V 0.00 0.00
92.732	S 12772118 -0.44 0.26 0.00 0.00 HOLD
92.753	>>> V 0.00 0.00
92.754	S 12772138 -0.44 0.26 0.00 0.00 HOLD
92.772	>>> V 0.00 0.00
92.774	S 12772158 -0.53 0.26 0.00 0.00 HOLD
92.793	>>> V 0.00 0.00
92.794	S 12772178 -0.44 0.35 0.00 0.00 HOLD
92.811	>>> V 0.00 0.00
92.812	S 12772198 -0.44 0.26 0.00 0.00 HOLD
92.832	>>> V 0.00 0.00
92.834	S 12772218 -0.44 0.26 0.00 0.00 HOLD
92.852	>>> V 0.00 0.00
92.853	S 12772238 -0.44 0.26 0.00 0.00 HOLD
92.872	>>> V 0.00 0.00
92.874	S 12772258 -0.44 0.26 0.00 0.00 HOLD
92.892	>>> V 0.00 0.00
92.894	S 12772278 -0.44 0.35 0.00 0.00 HOLD
92.914	>>> V 0.00 0.00
92.915	S 12772298 -0.53 0.26 0.00 0.00 HOLD
92.934	>>> V 0.00 0.00
92.936	S 12772318 -0.44 0.26 0.00 0.00 HOLD
92.953	>>> V 0.00 0.00
92.954	S 12772338 -0.44 0.26 0.00 0.00 HOLD
92.972	>>> V 0.00 0.00
92.972	S 12772358 -0.44 0.26 0.00 0.00 HOLD
92.993	>>> V 0.00 0.00
92.994	S 12772378 -0.53 0.26 0.00 0.00 HOLD
93.011	>>> V 0.00 0.00
93.012	S 12772398 -0.44 0.26 0.00 0.00 HOLD
93.032	>>> V 0.00 0.00
93.033	S 12772418 -0.44 0.26 0.00 0.00 HOLD
93.052	>>> V 0.00 0.00
93.056	S 12772438 -0.53 0.26 0.00 0.00 HOLD
93.073	>>> V 0.00 0.00
93.073	S 12772458 -0.44 0.26 0.00 0.00 HOLD
93.092	>>> V 0.00 0.00
93.093	S 12772478 -0.44 0.26 0.00 0.00 HOLD
93.120	>>> V 0.00 0.00
93.120	S 12772498 -0.53 0.26 0.00 0.00 HOLD
93.133	>>> V 0.00 0.00
93.137	S 12772518 -0.44 0.26 0.00 0.00 HOLD
93.153	>>> V 0.00 0.00
93.154	S 12772538 -0.53 0.26 0.00 0.00 HOLD
93.171	>>> V 0.00 0.00
93.172	S 12772558 -0.53 0.26 0.00 0.00 HOLD
93.191	>>> V 0.00 0.00
93.193	S 12772578 -0.44 0.26 0.00 0.00 HOLD
93.212	>>> V 0.00 0.00
93.214	S 12772598 -0.53 0.26 0.00 0.00 HOLD
93.231	>>> V 0.00 0.00
93.232	S 12772618 -0.44 0.26 0.00 0.00 HOLD
93.263	>>> V 0.00 0.00
93.270	S 12772638 -0.44 0.26 0.00 0.00 HOLD
93.272	S 12772658 -0.44 0.26 0.00 0.00 HOLD
93.281	>>> V 0.00 0.00
93.283	S 12772678 -0.53 0.26 0.00 0.00 HOLD
93.304	>>> V 0.00 0.00
93.305	S 12772698 -0.44 0.26 0.00 0.00 HOLD
93.318	>>> V 0.00 0.00
93.335	>>> V 0.00 0.00
93.337	S 12772718 -0.44 0.26 0.00 0.00 HOLD
93.351	>>> V 0.00 0.00
93.352	S 12772738 -0.53 0.26 0.00 0.00 HOLD
93.372	>>> V 0.00 0.00
93.372	S 12772758 -0.44 0.26 0.00 0.00 HOLD
93.392	>>> V 0.00 0.00
93.393	S 12772778 -0.44 0.26 0.00 0.00 HOLD
93.412	>>> V 0.00 0.00
93.413	S 12772798 -0.44 0.35 0.00 0.00 HOLD
93.433	>>> V 0.00 0.00
93.434	S 12772818 -0.44 0.26 0.00 0.00 HOLD
93.451	>>> V 0.00 0.00
93.452	S 12772839 -0.44 0.26 0.00 0.00 HOLD
93.479	>>> V 0.00 0.00
93.481	S 12772859 -0.53 0.26 0.00 0.00 HOLD
93.485	S 12772878 -0.44 0.26 0.00 0.00 HOLD
93.499	>>> V 0.00 0.00
93.512	>>> V 0.00 0.00
93.512	S 12772899 -0.44 0.26 0.00 0.00 HOLD
93.541	>>> V 0.00 0.00
93.544	S 12772919 -0.44 0.26 0.00 0.00 HOLD
93.552	S 12772939 -0.53 0.26 0.00 0.00 HOLD
93.558	>>> V 0.00 0.00
93.572	>>> V 0.00 0.00
93.573	S 12772959 -0.44 0.26 0.00 0.00 HOLD
93.592	>>> V 0.00 0.00
93.592	S 12772979 -0.53 0.26 0.00 0.00 HOLD
93.613	>>> V 0.00 0.00
93.613	S 12772999 -0.53 0.26 0.00 0.00 HOLD
93.632	>>> V 0.00 0.00
93.633	S 12773019 -0.44 0.26 0.00 0.00 HOLD
93.652	>>> V 0.00 0.00
93.653	S 12773039 -0.44 0.26 0.00 0.00 HOLD
93.671	>>> V 0.00 0.00
93.673	S 12773059 -0.44 0.26 0.00 0.00 HOLD
93.692	>>> V 0.00 0.00
93.692	S 12773079 -0.53 0.35 0.00 0.00 HOLD
93.720	>>> V 0.00 0.00
93.721	S 12773099 -0.44 0.26 0.00 0.00 HOLD
93.723	S 12773119 -0.53 0.26 0.00 0.00 HOLD
93.737	>>> V 0.00 0.00
93.751	>>> V 0.00 0.00
93.752	S 12773139 -0.44 0.26 0.00 0.00 HOLD
93.773	>>> V 0.00 0.00
93.774	S 12773159 -0.53 0.26 0.00 0.00 HOLD
93.792	>>> V 0.00 0.00
93.792	S 12773179 -0.44 0.26 0.00 0.00 HOLD
93.813	>>> V 0.00 0.00
93.814	S 12773199 -0.53 0.26 0.00 0.00 HOLD
93.831	>>> V 0.00 0.00
93.832	S 12773219 -0.53 0.26 0.00 0.00 HOLD
93.853	>>> V 0.00 0.00
93.854	S 12773239 -0.44 0.26 0.00 0.00 HOLD
93.874	>>> V 0.00 0.00
93.874	S 12773259 -0.44 0.35 0.00 0.00 HOLD
93.895	>>> V 0.00 0.00
93.896	S 12773279 -0.44 0.26 0.00 0.00 HOLD
93.912	>>> V 0.00 0.00
93.913	S 12773299 -0.53 0.26 0.00 0.00 HOLD
93.932	>>> V 0.00 0.00
93.934	S 12773319 -0.44 0.26 0.00 0.00 HOLD
93.952	>>> V 0.00 0.00
93.952	S 12773339 -0.44 0.26 0.00 0.00 HOLD
93.971	>>> V 0.00 0.00
93.971	S 12773359 -0.44 0.26 0.00 0.00 HOLD
93.992	>>> V 0.00 0.00
93.993	S 12773379 -0.44 0.26 0.00 0.00 HOLD
94.011	>>> V 0.00 0.00
94.012	S 12773399 -0.53 0.26 0.00 0.00 HOLD
94.032	>>> V 0.00 0.00
94.033	S 12773419 -0.44 0.35 0.00 0.00 HOLD
94.052	>>> V 0.00 0.00
94.052	S 12773439 -0.44 0.26 0.00 0.00 HOLD
94.074	>>> V 0.00 0.00
94.074	S 12773459 -0.44 0.26 0.00 0.00 HOLD
94.092	>>> V 0.00 0.00
94.092	S 12773479 -0.44 0.26 0.00 0.00 HOLD
94.113	>>> V 0.00 0.00
94.114	S 12773499 -0.44 0.26 0.00 0.00 HOLD
94.131	>>> V 0.00 0.00
94.134	S 12773519 -0.44 0.26 0.00 0.00 HOLD
94.152	>>> V 0.00 0.00
94.153	S 12773539 -0.44 0.26 0.00 0.00 HOLD
94.173	>>> V 0.00 0.00
94.173	S 12773559 -0.44 0.35 0.00 0.00 HOLD
94.192	>>> V 0.00 0.00
94.192	S 12773579 -0.44 0.26 0.00 0.00 HOLD
94.212	>>> V 0.00 0.00
94.213	S 12773599 -0.44 0.26 0.00 0.00 HOLD
94.232	>>> V 0.00 0.00
94.234	S 12773619 -0.44 0.26 0.00 0.00 HOLD
94.255	>>> V 0.00 0.00
94.256	S 12773639 -0.44 0.26 0.00 0.00 HOLD
94.274	>>> V 0.00 0.00
94.275	S 12773659 -0.44 0.26 0.00 0.00 HOLD
94.292	>>> V 0.00 0.00
94.298	S 12773679 -0.53 0.26 0.00 0.00 HOLD
94.312	>>> V 0.00 0.00
94.313	S 12773699 -0.44 0.26 0.00 0.00 HOLD
94.338	>>> V 0.00 0.00
94.339	S 12773719 -0.44 0.26 0.00 0.00 HOLD
94.354	>>> V 0.00 0.00
94.355	S 12773739 -0.44 0.26 0.00 0.00 HOLD
94.372	>>> V 0.00 0.00
94.373	S 12773759 -0.53 0.26 0.00 0.00 HOLD
94.392	>>> V 0.00 0.00
94.394	S 12773779 -0.53 0.26 0.00 0.00 HOLD
94.415	>>> V 0.00 0.00
94.418	S 12773799 -0.44 0.26 0.00 0.00 HOLD
94.432	>>> V 0.00 0.00
94.434	S 12773819 -0.44 0.26 0.00 0.00 HOLD
94.453	>>> V 0.00 0.00
94.456	S 12773839 -0.44 0.26 0.00 0.00 HOLD
94.472	>>> V 0.00 0.00
94.473	S 12773859 -0.44 0.26 0.00 0.00 HOLD
94.493	>>> V 0.00 0.00
94.493	S 12773879 -0.53 0.26 0.00 0.00 HOLD
94.511	>>> V 0.00 0.00
94.512	S 12773899 -0.53 0.26 0.00 0.00 HOLD
94.532	>>> V 0.00 0.00
94.533	S 12773919 -0.44 0.26 0.00 0.00 HOLD
94.552	>>> V 0.00 0.00
94.553	S 12773939 -0.53 0.26 0.00 0.00 HOLD
94.573	>>> V 0.00 0.00
94.573	S 12773959 -0.44 0.26 0.00 0.00 HOLD
94.592	>>> V 0.00 0.00
94.593	S 12773979 -0.44 0.26 0.00 0.00 HOLD
94.613	>>> V 0.00 0.00
94.613	S 12773999 -0.44 0.26 0.00 0.00 HOLD
94.632	>>> V 0.00 0.00
94.632	S 12774019 -0.53 0.26 0.00 0.00 HOLD
94.652	>>> V 0.00 0.00
94.653	S 12774039 -0.44 0.26 0.00 0.00 HOLD
94.672	>>> V 0.00 0.00
94.672	S 12774059 -0.44 0.26 0.00 0.00 HOLD
94.692	>>> V 0.00 0.00
94.693	S 12774079 -0.44 0.26 0.00 0.00 HOLD
94.711	>>> V 0.00 0.00
94.712	S 12774099 -0.53 0.26 0.00 0.00 HOLD
94.732	>>> V 0.00 0.00
94.732	S 12774119 -0.44 0.26 0.00 0.00 HOLD
94.751	>>> V 0.00 0.00
94.752	S 12774139 -0.53 0.26 0.00 0.00 HOLD
94.773	>>> V 0.00 0.00
94.777	S 12774159 -0.53 0.26 0.00 0.00 HOLD
94.794	>>> V 0.00 0.00
94.797	S 12774179 -0.44 0.26 0.00 0.00 HOLD
94.812	>>> V 0.00 0.00
94.813	S 12774199 -0.44 0.26 0.00 0.00 HOLD
94.832	>>> V 0.00 0.00
94.832	S 12774219 -0.53 0.26 0.00 0.00 HOLD
94.851	>>> V 0.00 0.00
94.852	S 12774239 -0.53 0.26 0.00 0.00 HOLD
94.871	>>> V 0.00 0.00
94.872	S 12774259 -0.53 0.26 0.00 0.00 HOLD
94.891	>>> V 0.00 0.00
94.892	S 12774279 -0.53 0.26 0.00 0.00 HOLD
94.912	>>> V 0.00 0.00
94.912	S 12774299 -0.44 0.26 0.00 0.00 HOLD
94.931	>>> V 0.00 0.00
94.932	S 12774319 -0.44 0.26 0.00 0.00 HOLD
94.952	>>> V 0.00 0.00
94.954	S 12774339 -0.44 0.26 0.00 0.00 HOLD
94.972	>>> V 0.00 0.00
94.975	S 12774359 -0.53 0.26 0.00 0.00 HOLD
94.995	>>> V 0.00 0.00
94.995	S 12774379 -0.53 0.26 0.00 0.00 HOLD
95.012	>>> V 0.00 0.00
95.015	S 12774399 -0.53 0.26 0.00 0.00 HOLD
95.031	>>> V 0.00 0.00
95.032	S 12774419 -0.44 0.26 0.00 0.00 HOLD
95.052	>>> V 0.00 0.00
95.052	S 12774439 -0.44 0.26 0.00 0.00 HOLD
95.073	>>> V 0.00 0.00
95.074	S 12774459 -0.44 0.26 0.00 0.00 HOLD
95.091	>>> V 0.00 0.00
95.092	S 12774479 -0.44 0.26 0.00 0.00 HOLD
95.112	>>> V 0.00 0.00
95.112	S 12774499 -0.44 0.26 0.00 0.00 HOLD
95.142	>>> V 0.00 0.00
95.143	S 12774519 -0.44 0.26 0.00 0.00 HOLD
95.146	S 12774539 -0.53 0.26 0.00 0.00 HOLD
95.155	>>> V 0.00 0.00
95.174	>>> V 0.00 0.00
95.174	S 12774559 -0.44 0.26 0.00 0.00 HOLD
95.193	>>> V 0.00 0.00
95.196	S 12774579 -0.44 0.26 0.00 0.00 HOLD
95.212	>>> V 0.00 0.00
95.212	S 12774599 -0.53 0.35 0.00 0.00 HOLD
95.232	>>> V 0.00 0.00
95.232	S 12774619 -0.44 0.26 0.00 0.00 HOLD
95.251	>>> V 0.00 0.00
95.252	S 12774639 -0.53 0.26 0.00 0.00 HOLD
95.273	>>> V 0.00 0.00
95.274	S 12774659 -0.44 0.26 0.00 0.00 HOLD
95.291	>>> V 0.00 0.00
95.292	S 12774679 -0.44 0.26 0.00 0.00 HOLD
95.313	>>> V 0.00 0.00
95.313	S 12774699 -0.53 0.26 0.00 0.00 HOLD
95.331	>>> V 0.00 0.00
95.332	S 12774719 -0.44 0.26 0.00 0.00 HOLD
95.351	>>> V 0.00 0.00
95.352	S 12774739 -0.44 0.26 0.00 0.00 HOLD
95.371	>>> V 0.00 0.00
95.372	S 12774759 -0.44 0.26 0.00 0.00 HOLD
95.391	>>> V 0.00 0.00
95.393	S 12774779 -0.44 0.26 0.00 0.00 HOLD
95.411	>>> V 0.00 0.00
95.412	S 12774799 -0.44 0.26 0.00 0.00 HOLD
95.435	>>> V 0.00 0.00
95.436	S 12774819 -0.44 0.26 0.00 0.00 HOLD
95.451	>>> V 0.00 0.00
95.454	S 12774839 -0.53 0.26 0.00 0.00 HOLD
95.474	>>> V 0.00 0.00
95.474	S 12774859 -0.44 0.26 0.00 0.00 HOLD
95.493	>>> V 0.00 0.00
95.506	S 12774879 -0.44 0.35 0.00 0.00 HOLD
95.511	>>> V 0.00 0.00
95.512	S 12774899 -0.53 0.26 0.00 0.00 HOLD
95.538	>>> V 0.00 0.00
95.541	S 12774919 -0.44 0.26 0.00 0.00 HOLD
95.544	S 12774939 -0.44 0.26 0.00 0.00 HOLD
95.553	>>> V 0.00 0.00
95.574	>>> V 0.00 0.00
95.575	S 12774959 -0.44 0.26 0.00 0.00 HOLD
95.592	>>> V 0.00 0.00
95.593	S 12774979 -0.44 0.26 0.00 0.00 HOLD
95.611	>>> V 0.00 0.00
95.612	S 12774999 -0.44 0.26 0.00 0.00 HOLD
95.636	>>> V 0.00 0.00
95.637	S 12775019 -0.44 0.26 0.00 0.00 HOLD
95.652	>>> V 0.00 0.00
95.653	S 12775039 -0.44 0.26 0.00 0.00 HOLD
95.678	>>> V 0.00 0.00
95.680	S 12775059 -0.44 0.26 0.00 0.00 HOLD
95.693	>>> V 0.00 0.00
95.696	S 12775079 -0.44 0.26 0.00 0.00 HOLD
95.712	>>> V 0.00 0.00
95.714	S 12775099 -0.53 0.26 0.00 0.00 HOLD
95.733	>>> V 0.00 0.00
95.734	S 12775119 -0.44 0.26 0.00 0.00 HOLD
95.752	>>> V 0.00 0.00
95.753	S 12775139 -0.44 0.26 0.00 0.00 HOLD
95.772	>>> V 0.00 0.00
95.773	S 12775159 -0.44 0.26 0.00 0.00 HOLD
95.792	>>> V 0.00 0.00
95.792	S 12775179 -0.44 0.26 0.00 0.00 HOLD
95.812	>>> V 0.00 0.00
95.812	S 12775199 -0.44 0.26 0.00 0.00 HOLD
95.833	>>> V 0.00 0.00
95.834	S 12775219 -0.44 0.26 0.00 0.00 HOLD
95.853	>>> V 0.00 0.00
95.854	S 12775239 -0.44 0.26 0.00 0.00 HOLD
95.871	>>> V 0.00 0.00
95.873	S 12775259 -0.44 0.26 0.00 0.00 HOLD
95.894	>>> V 0.00 0.00
95.895	S 12775279 -0.44 0.26 0.00 0.00 HOLD
95.912	>>> V 0.00 0.00
95.912	S 12775299 -0.44 0.26 0.00 0.00 HOLD
95.932	>>> V 0.00 0.00
95.933	S 12775319 -0.53 0.26 0.00 0.00 HOLD
95.951	>>> V 0.00 0.00
95.952	S 12775339 -0.44 0.26 0.00 0.00 HOLD
95.971	>>> V 0.00 0.00
95.971	S 12775359 -0.44 0.26 0.00 0.00 HOLD
95.991	>>> V 0.00 0.00
95.991	S 12775379 -0.44 0.35 0.00 0.00 HOLD
96.016	>>> V 0.00 0.00
96.017	S 12775399 -0.53 0.26 0.00 0.00 HOLD
96.032	>>> V 0.00 0.00
96.034	S 12775419 -0.44 0.26 0.00 0.00 HOLD
96.052	>>> V 0.00 0.00
96.053	S 12775439 -0.44 0.26 0.00 0.00 HOLD
96.073	>>> V 0.00 0.00
96.073	S 12775459 -0.44 0.35 0.00 0.00 HOLD
96.093	>>> V 0.00 0.00
96.093	S 12775479 -0.53 0.26 0.00 0.00 HOLD
96.112	>>> V 0.00 0.00
96.112	S 12775499 -0.44 0.26 0.00 0.00 HOLD
96.133	>>> V 0.00 0.00
96.134	S 12775519 -0.53 0.35 0.00 0.00 HOLD
96.152	>>> V 0.00 0.00
96.152	S 12775539 -0.44 0.26 0.00 0.00 HOLD
96.171	>>> V 0.00 0.00
96.172	S 12775559 -0.44 0.26 0.00 0.00 HOLD
96.192	>>> V 0.00 0.00
96.192	S 12775579 -0.44 0.26 0.00 0.00 HOLD
96.212	>>> V 0.00 0.00
96.216	S 12775599 -0.44 0.26 0.00 0.00 HOLD
96.231	>>> V 0.00 0.00
96.232	S 12775619 -0.53 0.35 0.00 0.00 HOLD
96.253	>>> V 0.00 0.00
96.253	S 12775639 -0.53 0.26 0.00 0.00 HOLD
96.272	>>> V 0.00 0.00
96.272	S 12775659 -0.44 0.26 0.00 0.00 HOLD
96.293	>>> V 0.00 0.00
96.294	S 12775679 -0.44 0.26 0.00 0.00 HOLD
96.312	>>> V 0.00 0.00
96.312	S 12775699 -0.53 0.26 0.00 0.00 HOLD
96.332	>>> V 0.00 0.00
96.332	S 12775719 -0.44 0.26 0.00 0.00 HOLD
96.352	>>> V 0.00 0.00
96.355	S 12775739 -0.44 0.26 0.00 0.00 HOLD
96.374	>>> V 0.00 0.00
96.375	S 12775759 -0.44 0.26 0.00 0.00 HOLD
96.396	>>> V 0.00 0.00
96.396	S 12775779 -0.44 0.26 0.00 0.00 HOLD
96.415	>>> V 0.00 0.00
96.416	S 12775799 -0.53 0.26 0.00 0.00 HOLD
96.431	>>> V 0.00 0.00
96.432	S 12775819 -0.44 0.26 0.00 0.00 HOLD
96.452	>>> V 0.00 0.00
96.453	S 12775839 -0.53 0.26 0.00 0.00 HOLD
96.472	>>> V 0.00 0.00
96.473	S 12775859 -0.44 0.26 0.00 0.00 HOLD
96.492	>>> V 0.00 0.00
96.492	S 12775879 -0.44 0.26 0.00 0.00 HOLD
96.515	>>> V 0.00 0.00
96.516	S 12775899 -0.53 0.26 0.00 0.00 HOLD
96.531	>>> V 0.00 0.00
96.532	S 12775919 -0.44 0.26 0.00 0.00 HOLD
96.552	>>> V 0.00 0.00
96.552	S 12775939 -0.53 0.26 0.00 0.00 HOLD
96.573	>>> V 0.00 0.00
96.575	S 12775959 -0.44 0.26 0.00 0.00 HOLD
96.591	>>> V 0.00 0.00
96.592	S 12775979 -0.53 0.26 0.00 0.00 HOLD
96.614	>>> V 0.00 0.00
96.614	S 12775999 -0.53 0.26 0.00 0.00 HOLD
96.633	>>> V 0.00 0.00
96.635	S 12776019 -0.53 0.26 0.00 0.00 HOLD
96.655	>>> V 0.00 0.00
96.656	S 12776039 -0.44 0.26 0.00 0.00 HOLD
96.672	>>> V 0.00 0.00
96.673	S 12776059 -0.44 0.26 0.00 0.00 HOLD
96.692	>>> V 0.00 0.00
96.693	S 12776079 -0.44 0.26 0.00 0.00 HOLD
96.711	>>> V 0.00 0.00
96.712	S 12776099 -0.44 0.26 0.00 0.00 HOLD
96.733	>>> V 0.00 0.00
96.734	S 12776119 -0.44 0.26 0.00 0.00 HOLD
96.751	>>> V 0.00 0.00
96.752	S 12776139 -0.44 0.26 0.00 0.00 HOLD
96.772	>>> V 0.00 0.00
96.773	S 12776159 -0.53 0.26 0.00 0.00 HOLD
96.792	>>> V 0.00 0.00
96.795	S 12776179 -0.44 0.26 0.00 0.00 HOLD
96.811	>>> V 0.00 0.00
96.813	S 12776199 -0.44 0.26 0.00 0.00 HOLD
96.832	>>> V 0.00 0.00
96.833	S 12776219 -0.53 0.26 0.00 0.00 HOLD
96.852	>>> V 0.00 0.00
96.853	S 12776239 -0.44 0.26 0.00 0.00 HOLD
96.872	>>> V 0.00 0.00
96.873	S 12776259 -0.44 0.26 0.00 0.00 HOLD
96.892	>>> V 0.00 0.00
96.892	S 12776279 -0.44 0.26 0.00 0.00 HOLD
96.912	>>> V 0.00 0.00
96.912	S 12776299 -0.44 0.26 0.00 0.00 HOLD
96.932	>>> V 0.00 0.00
96.932	S 12776319 -0.53 0.26 0.00 0.00 HOLD
96.953	>>> V 0.00 0.00
96.953	S 12776339 -0.53 0.26 0.00 0.00 HOLD
96.975	>>> V 0.00 0.00
96.975	S 12776359 -0.44 0.26 0.00 0.00 HOLD
96.992	>>> V 0.00 0.00
96.992	S 12776379 -0.44 0.26 0.00 0.00 HOLD
97.012	>>> V 0.00 0.00
97.013	S 12776399 -0.44 0.26 0.00 0.00 HOLD
97.033	>>> V 0.00 0.00
97.033	S 12776419 -0.44 0.26 0.00 0.00 HOLD
97.052	>>> V 0.00 0.00
97.053	S 12776439 -0.44 0.26 0.00 0.00 HOLD
97.071	>>> V 0.00 0.00
97.074	S 12776459 -0.44 0.35 0.00 0.00 HOLD
97.091	>>> V 0.00 0.00
97.092	S 12776479 -0.44 0.26 0.00 0.00 HOLD
97.119	>>> V 0.00 0.00
97.121	S 12776499 -0.53 0.26 0.00 0.00 HOLD
97.133	>>> V 0.00 0.00
97.135	S 12776519 -0.53 0.26 0.00 0.00 HOLD
97.152	>>> V 0.00 0.00
97.154	S 12776539 -0.53 0.26 0.00 0.00 HOLD
97.173	>>> V 0.00 0.00
97.174	S 12776559 -0.53 0.26 0.00 0.00 HOLD
97.191	>>> V 0.00 0.00
97.193	S 12776579 -0.44 0.26 0.00 0.00 HOLD
97.212	>>> V 0.00 0.00
97.212	S 12776599 -0.53 0.26 0.00 0.00 HOLD
97.231	>>> V 0.00 0.00
97.232	S 12776619 -0.44 0.26 0.00 0.00 HOLD
97.253	>>> V 0.00 0.00
97.256	S 12776639 -0.44 0.26 0.00 0.00 HOLD
97.271	>>> V 0.00 0.00
97.272	S 12776659 -0.44 0.26 0.00 0.00 HOLD
97.292	>>> V 0.00 0.00
97.299	S 12776679 -0.53 0.26 0.00 0.00 HOLD
97.315	>>> V 0.00 0.00
97.315	S 12776699 -0.44 0.26 0.00 0.00 HOLD
97.335	>>> V 0.00 0.00
97.335	S 12776719 -0.44 0.26 0.00 0.00 HOLD
97.357	>>> V 0.00 0.00
97.358	S 12776739 -0.53 0.26 0.00 0.00 HOLD
97.374	>>> V 0.00 0.00
97.377	S 12776759 -0.44 0.35 0.00 0.00 HOLD
97.393	>>> V 0.00 0.00
97.394	S 12776779 -0.53 0.26 0.00 0.00 HOLD
97.412	>>> V 0.00 0.00
97.412	S 12776799 -0.44 0.26 0.00 0.00 HOLD
97.433	>>> V 0.00 0.00
97.433	S 12776819 -0.44 0.26 0.00 0.00 HOLD
97.451	>>> V 0.00 0.00
97.452	S 12776839 -0.53 0.26 0.00 0.00 HOLD
97.472	>>> V 0.00 0.00
97.473	S 12776859 -0.44 0.26 0.00 0.00 HOLD
97.498	>>> V 0.00 0.00
97.501	S 12776879 -0.44 0.26 0.00 0.00 HOLD
97.511	S 12776899 -0.44 0.26 0.00 0.00 HOLD
97.518	>>> V 0.00 0.00
97.526	S 12776919 -0.53 0.26 0.00 0.00 HOLD
97.542	>>> V 0.00 0.00
97.546	S 12776939 -0.44 0.26 0.00 0.00 HOLD
97.554	>>> V 0.00 0.00
97.573	>>> V 0.00 0.00
97.573	S 12776959 -0.53 0.26 0.00 0.00 HOLD
97.592	>>> V 0.00 0.00
97.592	S 12776979 -0.44 0.26 0.00 0.00 HOLD
97.613	>>> V 0.00 0.00
97.614	S 12776999 -0.44 0.26 0.00 0.00 HOLD
97.632	>>> V 0.00 0.00
97.633	S 12777019 -0.44 0.26 0.00 0.00 HOLD
97.651	>>> V 0.00 0.00
97.652	S 12777039 -0.53 0.26 0.00 0.00 HOLD
97.672	>>> V 0.00 0.00
97.674	S 12777059 -0.44 0.26 0.00 0.00 HOLD
97.696	>>> V 0.00 0.00
97.697	S 12777079 -0.53 0.35 0.00 0.00 HOLD
97.718	>>> V 0.00 0.00
97.718	S 12777099 -0.44 0.26 0.00 0.00 HOLD
97.736	>>> V 0.00 0.00
97.736	S 12777119 -0.44 0.26 0.00 0.00 HOLD
97.751	>>> V 0.00 0.00
97.752	S 12777139 -0.53 0.35 0.00 0.00 HOLD
97.771	>>> V 0.00 0.00
97.774	S 12777159 -0.53 0.26 0.00 0.00 HOLD
97.792	>>> V 0.00 0.00
97.792	S 12777179 -0.44 0.26 0.00 0.00 HOLD
97.812	>>> V 0.00 0.00
97.812	S 12777199 -0.44 0.35 0.00 0.00 HOLD
97.832	>>> V 0.00 0.00
97.832	S 12777219 -0.44 0.26 0.00 0.00 HOLD
97.852	>>> V 0.00 0.00
97.852	S 12777239 -0.44 0.26 0.00 0.00 HOLD
97.873	>>> V 0.00 0.00
97.873	S 12777259 -0.44 0.26 0.00 0.00 HOLD
97.892	>>> V 0.00 0.00
97.892	S 12777279 -0.53 0.26 0.00 0.00 HOLD
97.911	>>> V 0.00 0.00
97.912	S 12777299 -0.53 0.26 0.00 0.00 HOLD
97.933	>>> V 0.00 0.00
97.933	S 12777319 -0.44 0.26 0.00 0.00 HOLD
97.951	>>> V 0.00 0.00
97.952	S 12777339 -0.44 0.26 0.00 0.00 HOLD
97.971	>>> V 0.00 0.00
97.973	S 12777359 -0.53 0.26 0.00 0.00 HOLD
97.992	>>> V 0.00 0.00
97.992	S 12777379 -0.44 0.26 0.00 0.00 HOLD
98.012	>>> V 0.00 0.00
98.012	S 12777399 -0.53 0.26 0.00 0.00 HOLD
98.037	>>> V 0.00 0.00
98.039	S 12777419 -0.44 0.26 0.00 0.00 HOLD
98.055	>>> V 0.00 0.00
98.058	S 12777439 -0.44 0.26 0.00 0.00 HOLD
98.077	>>> V 0.00 0.00
98.079	S 12777459 -0.44 0.26 0.00 0.00 HOLD
98.095	>>> V 0.00 0.00
98.095	S 12777479 -0.44 0.26 0.00 0.00 HOLD
98.112	>>> V 0.00 0.00
98.113	S 12777499 -0.53 0.26 0.00 0.00 HOLD
98.132	>>> V 0.00 0.00
98.132	S 12777519 -0.44 0.26 0.00 0.00 HOLD
98.151	>>> V 0.00 0.00
98.152	S 12777539 -0.53 0.26 0.00 0.00 HOLD
98.172	>>> V 0.00 0.00
98.172	S 12777559 -0.53 0.26 0.00 0.00 HOLD
98.191	>>> V 0.00 0.00
98.193	S 12777579 -0.44 0.26 0.00 0.00 HOLD
98.212	>>> V 0.00 0.00
98.212	S 12777599 -0.53 0.26 0.00 0.00 HOLD
98.233	>>> V 0.00 0.00
98.235	S 12777619 -0.44 0.26 0.00 0.00 HOLD
98.252	>>> V 0.00 0.00
98.253	S 12777639 -0.53 0.26 0.00 0.00 HOLD
98.272	>>> V 0.00 0.00
98.272	S 12777659 -0.53 0.26 0.00 0.00 HOLD
98.293	>>> V 0.00 0.00
98.294	S 12777679 -0.44 0.26 0.00 0.00 HOLD
98.312	>>> V 0.00 0.00
98.312	S 12777699 -0.44 0.35 0.00 0.00 HOLD
98.332	>>> V 0.00 0.00
98.333	S 12777719 -0.53 0.26 0.00 0.00 HOLD
98.352	>>> V 0.00 0.00
98.356	S 12777739 -0.53 0.26 0.00 0.00 HOLD
98.385	>>> V 0.00 0.00
98.392	S 12777759 -0.44 0.26 0.00 0.00 HOLD
98.394	S 12777779 -0.44 0.26 0.00 0.00 HOLD
98.408	>>> V 0.00 0.00
98.408	S 12777799 -0.44 0.26 0.00 0.00 HOLD
98.414	>>> V 0.00 0.00
98.442	>>> V 0.00 0.00
98.443	S 12777819 -0.44 0.26 0.00 0.00 HOLD
98.444	S 12777839 -0.44 0.26 0.00 0.00 HOLD
98.452	>>> V 0.00 0.00
98.473	>>> V 0.00 0.00
98.473	S 12777859 -0.53 0.26 0.00 0.00 HOLD
98.492	>>> V 0.00 0.00
98.493	S 12777879 -0.53 0.26 0.00 0.00 HOLD
98.516	>>> V 0.00 0.00
98.517	S 12777899 -0.44 0.26 0.00 0.00 HOLD
98.533	>>> V 0.00 0.00
98.533	S 12777919 -0.44 0.26 0.00 0.00 HOLD
98.552	>>> V 0.00 0.00
98.556	S 12777939 -0.44 0.26 0.00 0.00 HOLD
98.575	>>> V 0.00 0.00
98.577	S 12777959 -0.53 0.26 0.00 0.00 HOLD
98.594	>>> V 0.00 0.00
98.597	S 12777979 -0.53 0.26 0.00 0.00 HOLD
98.621	>>> V 0.00 0.00
98.622	S 12777999 -0.44 0.26 0.00 0.00 HOLD
98.629	S 12778019 -0.44 0.26 0.00 0.00 HOLD
98.640	>>> V 0.00 0.00
98.644	S 12778039 -0.44 0.26 0.00 0.00 HOLD
98.657	>>> V 0.00 0.00
98.672	>>> V 0.00 0.00
98.672	S 12778059 -0.44 0.26 0.00 0.00 HOLD
98.693	>>> V 0.00 0.00
98.693	S 12778079 -0.53 0.35 0.00 0.00 HOLD
98.712	>>> V 0.00 0.00
98.712	S 12778099 -0.44 0.26 0.00 0.00 HOLD
98.731	>>> V 0.00 0.00
98.733	S 12778119 -0.44 0.26 0.00 0.00 HOLD
98.752	>>> V 0.00 0.00
98.754	S 12778139 -0.44 0.26 0.00 0.00 HOLD
98.773	>>> V 0.00 0.00
98.773	S 12778159 -0.53 0.26 0.00 0.00 HOLD
98.791	>>> V 0.00 0.00
98.792	S 12778179 -0.44 0.26 0.00 0.00 HOLD
98.813	>>> V 0.00 0.00
98.813	S 12778199 -0.53 0.26 0.00 0.00 HOLD
98.833	>>> V 0.00 0.00
98.833	S 12778219 -0.44 0.26 0.00 0.00 HOLD
98.853	>>> V 0.00 0.00
98.853	S 12778239 -0.44 0.26 0.00 0.00 HOLD
98.873	>>> V 0.00 0.00
98.873	S 12778259 -0.44 0.26 0.00 0.00 HOLD
98.892	>>> V 0.00 0.00
98.892	S 12778279 -0.44 0.26 0.00 0.00 HOLD
98.912	>>> V 0.00 0.00
98.915	S 12778299 -0.53 0.26 0.00 0.00 HOLD
98.933	>>> V 0.00 0.00
98.935	S 12778319 -0.53 0.26 0.00 0.00 HOLD
98.954	>>> V 0.00 0.00
98.956	S 12778339 -0.53 0.26 0.00 0.00 HOLD
98.975	>>> V 0.00 0.00
98.975	S 12778359 -0.44 0.26 0.00 0.00 HOLD
98.992	>>> V 0.00 0.00
98.993	S 12778379 -0.44 0.26 0.00 0.00 HOLD
99.012	>>> V 0.00 0.00
99.013	S 12778399 -0.53 0.26 0.00 0.00 HOLD
99.033	>>> V 0.00 0.00
99.033	S 12778419 -0.44 0.26 0.00 0.00 HOLD
99.052	>>> V 0.00 0.00
99.052	S 12778439 -0.53 0.26 0.00 0.00 HOLD
99.072	>>> V 0.00 0.00
99.073	S 12778459 -0.44 0.26 0.00 0.00 HOLD
99.092	>>> V 0.00 0.00
99.094	S 12778479 -0.44 0.26 0.00 0.00 HOLD
99.112	>>> V 0.00 0.00
99.112	S 12778499 -0.53 0.26 0.00 0.00 HOLD
99.132	>>> V 0.00 0.00
99.134	S 12778519 -0.44 0.26 0.00 0.00 HOLD
99.152	>>> V 0.00 0.00
99.154	S 12778539 -0.44 0.26 0.00 0.00 HOLD
99.171	>>> V 0.00 0.00
99.172	S 12778559 -0.44 0.26 0.00 0.00 HOLD
99.192	>>> V 0.00 0.00
99.193	S 12778579 -0.44 0.26 0.00 0.00 HOLD
99.212	>>> V 0.00 0.00
99.212	S 12778599 -0.44 0.26 0.00 0.00 HOLD
99.231	>>> V 0.00 0.00
99.232	S 12778619 -0.44 0.26 0.00 0.00 HOLD
99.252	>>> V 0.00 0.00
99.254	S 12778639 -0.44 0.26 0.00 0.00 HOLD
99.282	>>> V 0.00 0.00
99.286	S 12778659 -0.53 0.26 0.00 0.00 HOLD
99.288	S 12778679 -0.53 0.26 0.00 0.00 HOLD
99.295	>>> V 0.00 0.00
99.316	>>> V 0.00 0.00
99.318	S 12778699 -0.44 0.26 0.00 0.00 HOLD
99.333	>>> V 0.00 0.00
99.333	S 12778719 -0.53 0.26 0.00 0.00 HOLD
99.352	>>> V 0.00 0.00
99.352	S 12778739 -0.44 0.26 0.00 0.00 HOLD
99.373	>>> V 0.00 0.00
99.373	S 12778759 -0.44 0.26 0.00 0.00 HOLD
99.392	>>> V 0.00 0.00
99.394	S 12778779 -0.44 0.26 0.00 0.00 HOLD
99.413	>>> V 0.00 0.00
99.413	S 12778799 -0.44 0.26 0.00 0.00 HOLD
99.432	>>> V 0.00 0.00
99.432	S 12778819 -0.44 0.26 0.00 0.00 HOLD
99.455	>>> V 0.00 0.00
99.457	S 12778839 -0.44 0.35 0.00 0.00 HOLD
99.472	>>> V 0.00 0.00
99.473	S 12778859 -0.44 0.26 0.00 0.00 HOLD
99.499	>>> V 0.00 0.00
99.500	S 12778879 -0.53 0.26 0.00 0.00 HOLD
99.512	>>> V 0.00 0.00
99.513	S 12778899 -0.44 0.26 0.00 0.00 HOLD
99.536	>>> V 0.00 0.00
99.536	S 12778919 -0.44 0.26 0.00 0.00 HOLD
99.552	>>> V 0.00 0.00
99.553	S 12778939 -0.53 0.26 0.00 0.00 HOLD
99.572	>>> V 0.00 0.00
99.573	S 12778959 -0.44 0.26 0.00 0.00 HOLD
99.591	>>> V 0.00 0.00
99.594	S 12778979 -0.44 0.26 0.00 0.00 HOLD
99.612	>>> V 0.00 0.00
99.612	S 12778999 -0.53 0.26 0.00 0.00 HOLD
99.634	>>> V 0.00 0.00
99.637	S 12779019 -0.44 0.26 0.00 0.00 HOLD
99.652	>>> V 0.00 0.00
99.652	S 12779039 -0.53 0.26 0.00 0.00 HOLD
99.674	>>> V 0.00 0.00
99.676	S 12779059 -0.44 0.26 0.00 0.00 HOLD
99.692	>>> V 0.00 0.00
99.693	S 12779079 -0.44 0.26 0.00 0.00 HOLD
99.714	>>> V 0.00 0.00
99.717	S 12779099 -0.53 0.26 0.00 0.00 HOLD
99.732	>>> V 0.00 0.00
99.733	S 12779119 -0.44 0.35 0.00 0.00 HOLD
99.752	>>> V 0.00 0.00
99.752	S 12779139 -0.44 0.26 0.00 0.00 HOLD
99.772	>>> V 0.00 0.00
99.772	S 12779159 -0.44 0.26 0.00 0.00 HOLD
99.791	>>> V 0.00 0.00
99.793	S 12779179 -0.44 0.26 0.00 0.00 HOLD
99.815	>>> V 0.00 0.00
99.815	S 12779199 -0.44 0.26 0.00 0.00 HOLD
99.834	>>> V 0.00 0.00
99.836	S 12779219 -0.44 0.35 0.00 0.00 HOLD
99.857	>>> V 0.00 0.00
99.858	S 12779239 -0.44 0.26 0.00 0.00 HOLD
99.879	>>> V 0.00 0.00
99.880	S 12779259 -0.44 0.26 0.00 0.00 HOLD
99.892	>>> V 0.00 0.00
99.892	S 12779279 -0.44 0.26 0.00 0.00 HOLD
99.911	>>> V 0.00 0.00
99.912	S 12779299 -0.44 0.26 0.00 0.00 HOLD
99.932	>>> V 0.00 0.00
99.933	S 12779319 -0.44 0.26 0.00 0.00 HOLD
99.951	>>> V 0.00 0.00
99.952	S 12779339 -0.44 0.26 0.00 0.00 HOLD
99.972	>>> V 0.00 0.00
99.973	S 12779359 -0.53 0.26 0.00 0.00 HOLD
99.991	>>> V 0.00 0.00
99.992	S 12779379 -0.44 0.26 0.00 0.00 HOLD
100.011	>>> V 0.00 0.00
100.012	S 12779399 -0.53 0.26 0.00 0.00 HOLD
100.033	>>> V 0.00 0.00
100.034	S 12779419 -0.44 0.26 0.00 0.00 HOLD
100.058	>>> V 0.00 0.00
100.058	S 12779439 -0.44 0.26 0.00 0.00 HOLD
100.072	>>> V 0.00 0.00
100.075	S 12779459 -0.44 0.26 0.00 0.00 HOLD
100.092	>>> V 0.00 0.00
100.092	S 12779479 -0.44 0.26 0.00 0.00 HOLD
100.111	>>> V 0.00 0.00
100.113	S 12779499 -0.44 0.26 0.00 0.00 HOLD
100.131	>>> V 0.00 0.00
100.132	S 12779519 -0.44 0.26 0.00 0.00 HOLD
100.153	>>> V 0.00 0.00
100.153	S 12779539 -0.44 0.26 0.00 0.00 HOLD
100.171	>>> V 0.00 0.00
100.172	S 12779559 -0.53 0.26 0.00 0.00 HOLD
100.191	>>> V 0.00 0.00
100.192	S 12779579 -0.44 0.26 0.00 0.00 HOLD
100.213	>>> V 0.00 0.00
100.214	S 12779599 -0.53 0.35 0.00 0.00 HOLD
100.249	>>> V 0.00 0.00
100.249	S 12779619 -0.53 0.35 0.00 0.00 HOLD
100.250	S 12779639 -0.44 0.26 0.00 0.00 HOLD
100.253	>>> V 0.00 0.00
100.273	>>> V 0.00 0.00
100.273	S 12779659 -0.44 0.26 0.00 0.00 HOLD
100.292	>>> V 0.00 0.00
100.292	S 12779679 -0.44 0.26 0.00 0.00 HOLD
100.313	>>> V 0.00 0.00
100.314	S 12779699 -0.44 0.26 0.00 0.00 HOLD
100.335	>>> V 0.00 0.00
100.336	S 12779719 -0.53 0.26 0.00 0.00 HOLD
100.353	>>> V 0.00 0.00
100.366	S 12779739 -0.44 0.26 0.00 0.00 HOLD
100.370	S 12779759 -0.53 0.26 0.00 0.00 HOLD
100.379	>>> V 0.00 0.00
100.382	S 12779779 -0.44 0.26 0.00 0.00 HOLD
100.396	>>> V 0.00 0.00
100.413	>>> V 0.00 0.00
100.416	S 12779799 -0.44 0.26 0.00 0.00 HOLD
100.432	>>> V 0.00 0.00
100.432	S 12779819 -0.53 0.26 0.00 0.00 HOLD
100.455	>>> V 0.00 0.00
100.455	S 12779839 -0.53 0.26 0.00 0.00 HOLD
100.472	>>> V 0.00 0.00
100.472	S 12779859 -0.44 0.26 0.00 0.00 HOLD
100.492	>>> V 0.00 0.00
100.493	S 12779879 -0.44 0.26 0.00 0.00 HOLD
100.513	>>> V 0.00 0.00
100.515	S 12779899 -0.44 0.26 0.00 0.00 HOLD
100.534	>>> V 0.00 0.00
100.535	S 12779919 -0.53 0.26 0.00 0.00 HOLD
100.557	>>> V 0.00 0.00
100.558	S 12779939 -0.44 0.26 0.00 0.00 HOLD
100.575	>>> V 0.00 0.00
100.577	S 12779959 -0.44 0.26 0.00 0.00 HOLD
100.592	>>> V 0.00 0.00
100.595	S 12779979 -0.44 0.26 0.00 0.00 HOLD
100.618	>>> V 0.00 0.00
100.620	S 12779999 -0.44 0.26 0.00 0.00 HOLD
100.631	>>> V 0.00 0.00
100.633	S 12780019 -0.53 0.26 0.00 0.00 HOLD
100.652	>>> V 0.00 0.00
100.652	S 12780039 -0.44 0.26 0.00 0.00 HOLD
100.673	>>> V 0.00 0.00
100.673	S 12780059 -0.53 0.26 0.00 0.00 HOLD
100.692	>>> V 0.00 0.00
100.692	S 12780079 -0.53 0.26 0.00 0.00 HOLD
100.712	>>> V 0.00 0.00
100.712	S 12780099 -0.53 0.26 0.00 0.00 HOLD
100.733	>>> V 0.00 0.00
100.736	S 12780119 -0.44 0.26 0.00 0.00 HOLD
100.754	>>> V 0.00 0.00
100.755	S 12780139 -0.44 0.26 0.00 0.00 HOLD
100.772	>>> V 0.00 0.00
100.774	S 12780159 -0.44 0.26 0.00 0.00 HOLD
100.793	>>> V 0.00 0.00
100.796	S 12780179 -0.44 0.26 0.00 0.00 HOLD
100.811	>>> V 0.00 0.00
100.812	S 12780199 -0.53 0.26 0.00 0.00 HOLD
100.832	>>> V 0.00 0.00
100.833	S 12780219 -0.44 0.26 0.00 0.00 HOLD
100.851	>>> V 0.00 0.00
100.852	S 12780239 -0.44 0.26 0.00 0.00 HOLD
100.872	>>> V 0.00 0.00
100.872	S 12780259 -0.53 0.26 0.00 0.00 HOLD
100.891	>>> V 0.00 0.00
100.892	S 12780279 -0.53 0.26 0.00 0.00 HOLD
100.911	>>> V 0.00 0.00
100.912	S 12780299 -0.44 0.26 0.00 0.00 HOLD
100.933	>>> V 0.00 0.00
100.933	S 12780319 -0.44 0.35 0.00 0.00 HOLD
100.952	>>> V 0.00 0.00
100.953	S 12780339 -0.53 0.26 0.00 0.00 HOLD
100.972	>>> V 0.00 0.00
100.972	S 12780359 -0.53 0.26 0.00 0.00 HOLD
100.991	>>> V 0.00 0.00
100.992	S 12780380 -0.44 0.26 0.00 0.00 HOLD
101.011	>>> V 0.00 0.00
101.012	S 12780400 -0.44 0.26 0.00 0.00 HOLD
101.031	>>> V 0.00 0.00
101.032	S 12780419 -0.44 0.26 0.00 0.00 HOLD
101.052	>>> V 0.00 0.00
101.053	S 12780440 -0.53 0.26 0.00 0.00 HOLD
101.073	>>> V 0.00 0.00
101.075	S 12780460 -0.44 0.26 0.00 0.00 HOLD
101.092	>>> V 0.00 0.00
101.092	S 12780480 -0.53 0.26 0.00 0.00 HOLD
101.113	>>> V 0.00 0.00
101.117	S 12780500 -0.53 0.26 0.00 0.00 HOLD
101.134	>>> V 0.00 0.00
101.135	S 12780520 -0.44 0.26 0.00 0.00 HOLD
101.154	>>> V 0.00 0.00
101.155	S 12780540 -0.44 0.26 0.00 0.00 HOLD
101.172	>>> V 0.00 0.00
101.173	S 12780560 -0.44 0.26 0.00 0.00 HOLD
101.191	>>> V 0.00 0.00
101.192	S 12780580 -0.44 0.26 0.00 0.00 HOLD
101.211	>>> V 0.00 0.00
101.212	S 12780600 -0.44 0.26 0.00 0.00 HOLD
101.232	>>> V 0.00 0.00
101.233	S 12780620 -0.53 0.26 0.00 0.00 HOLD
101.251	>>> V 0.00 0.00
101.252	S 12780640 -0.44 0.35 0.00 0.00 HOLD
101.272	>>> V 0.00 0.00
101.273	S 12780660 -0.44 0.26 0.00 0.00 HOLD
101.294	>>> V 0.00 0.00
101.295	S 12780680 -0.53 0.26 0.00 0.00 HOLD
101.311	>>> V 0.00 0.00
101.313	S 12780700 -0.44 0.26 0.00 0.00 HOLD
101.333	>>> V 0.00 0.00
101.334	S 12780720 -0.44 0.35 0.00 0.00 HOLD
101.351	>>> V 0.00 0.00
101.352	S 12780740 -0.44 0.26 0.00 0.00 HOLD
101.372	>>> V 0.00 0.00
101.374	S 12780760 -0.53 0.26 0.00 0.00 HOLD
101.392	>>> V 0.00 0.00
101.393	S 12780780 -0.53 0.26 0.00 0.00 HOLD
101.412	>>> V 0.00 0.00
101.412	S 12780800 -0.53 0.26 0.00 0.00 HOLD
101.434	>>> V 0.00 0.00
101.435	S 12780820 -0.53 0.26 0.00 0.00 HOLD
101.454	>>> V 0.00 0.00
101.457	S 12780840 -0.44 0.26 0.00 0.00 HOLD
101.472	>>> V 0.00 0.00
101.474	S 12780860 -0.44 0.26 0.00 0.00 HOLD
101.498	>>> V 0.00 0.00
101.499	S 12780880 -0.44 0.26 0.00 0.00 HOLD
101.513	>>> V 0.00 0.00
101.514	S 12780900 -0.44 0.26 0.00 0.00 HOLD
101.532	>>> V 0.00 0.00
101.532	S 12780920 -0.44 0.26 0.00 0.00 HOLD
101.552	>>> V 0.00 0.00
101.553	S 12780940 -0.44 0.26 0.00 0.00 HOLD
101.571	>>> V 0.00 0.00
101.572	S 12780960 -0.44 0.26 0.00 0.00 HOLD
101.593	>>> V 0.00 0.00
101.594	S 12780980 -0.44 0.26 0.00 0.00 HOLD
101.613	>>> V 0.00 0.00
101.613	S 12781000 -0.44 0.26 0.00 0.00 HOLD
101.637	>>> V 0.00 0.00
101.639	S 12781020 -0.44 0.26 0.00 0.00 HOLD
101.652	>>> V 0.00 0.00
101.653	S 12781040 -0.44 0.26 0.00 0.00 HOLD
101.672	>>> V 0.00 0.00
101.674	S 12781060 -0.44 0.26 0.00 0.00 HOLD
101.691	>>> V 0.00 0.00
101.692	S 12781080 -0.53 0.26 0.00 0.00 HOLD
101.712	>>> V 0.00 0.00
101.712	S 12781100 -0.44 0.26 0.00 0.00 HOLD
101.732	>>> V 0.00 0.00
101.732	S 12781120 -0.44 0.26 0.00 0.00 HOLD
101.752	>>> V 0.00 0.00
101.753	S 12781140 -0.44 0.26 0.00 0.00 HOLD
101.772	>>> V 0.00 0.00
101.772	S 12781160 -0.53 0.26 0.00 0.00 HOLD
101.794	>>> V 0.00 0.00
101.794	S 12781180 -0.44 0.26 0.00 0.00 HOLD
101.813	>>> V 0.00 0.00
101.815	S 12781200 -0.44 0.26 0.00 0.00 HOLD
101.832	>>> V 0.00 0.00
101.835	S 12781220 -0.44 0.26 0.00 0.00 HOLD
101.856	>>> V 0.00 0.00
101.861	S 12781240 -0.44 0.26 0.00 0.00 HOLD
101.872	>>> V 0.00 0.00
101.872	S 12781260 -0.44 0.26 0.00 0.00 HOLD
101.891	>>> V 0.00 0.00
101.893	S 12781280 -0.44 0.26 0.00 0.00 HOLD
101.912	>>> V 0.00 0.00
101.914	S 12781300 -0.44 0.35 0.00 0.00 HOLD
101.931	>>> V 0.00 0.00
101.931	S 12781320 -0.44 0.35 0.00 0.00 HOLD
101.951	>>> V 0.00 0.00
101.953	S 12781340 -0.44 0.26 0.00 0.00 HOLD
101.972	>>> V 0.00 0.00
101.972	S 12781360 -0.44 0.26 0.00 0.00 HOLD
101.992	>>> V 0.00 0.00
101.992	S 12781380 -0.53 0.26 0.00 0.00 HOLD
102.017	>>> V 0.00 0.00
102.017	S 12781400 -0.44 0.26 0.00 0.00 HOLD
102.033	>>> V 0.00 0.00
102.038	S 12781420 -0.53 0.26 0.00 0.00 HOLD
102.056	>>> V 0.00 0.00
102.057	S 12781440 -0.44 0.26 0.00 0.00 HOLD
102.072	>>> V 0.00 0.00
102.076	S 12781460 -0.44 0.26 0.00 0.00 HOLD
102.092	>>> V 0.00 0.00
102.093	S 12781480 -0.44 0.26 0.00 0.00 HOLD
102.111	>>> V 0.00 0.00
102.114	S 12781500 -0.53 0.26 0.00 0.00 HOLD
102.132	>>> V 0.00 0.00
102.133	S 12781520 -0.44 0.26 0.00 0.00 HOLD
102.152	>>> V 0.00 0.00
102.152	S 12781540 -0.44 0.26 0.00 0.00 HOLD
102.172	>>> V 0.00 0.00
102.172	S 12781560 -0.44 0.26 0.00 0.00 HOLD
102.193	>>> V 0.00 0.00
102.196	S 12781580 -0.53 0.26 0.00 0.00 HOLD
102.214	>>> V 0.00 0.00
102.217	S 12781600 -0.53 0.26 0.00 0.00 HOLD
102.231	>>> V 0.00 0.00
102.233	S 12781620 -0.44 0.35 0.00 0.00 HOLD
102.254	>>> V 0.00 0.00
102.256	S 12781640 -0.53 0.26 0.00 0.00 HOLD
102.275	>>> V 0.00 0.00
102.276	S 12781660 -0.44 0.35 0.00 0.00 HOLD
102.293	>>> V 0.00 0.00
102.293	S 12781680 -0.53 0.26 0.00 0.00 HOLD
102.312	>>> V 0.00 0.00
102.312	S 12781700 -0.44 0.26 0.00 0.00 HOLD
102.346	>>> V 0.00 0.00
102.347	S 12781720 -0.53 0.26 0.00 0.00 HOLD
102.352	S 12781740 -0.44 0.26 0.00 0.00 HOLD
102.357	>>> V 0.00 0.00
102.372	>>> V 0.00 0.00
102.375	S 12781760 -0.44 0.26 0.00 0.00 HOLD
102.393	>>> V 0.00 0.00
102.395	S 12781780 -0.53 0.26 0.00 0.00 HOLD
102.411	>>> V 0.00 0.00
102.412	S 12781800 -0.53 0.26 0.00 0.00 HOLD
102.434	>>> V 0.00 0.00
102.435	S 12781820 -0.53 0.26 0.00 0.00 HOLD
102.451	>>> V 0.00 0.00
102.452	S 12781840 -0.44 0.26 0.00 0.00 HOLD
102.472	>>> V 0.00 0.00
102.472	S 12781860 -0.44 0.26 0.00 0.00 HOLD
102.492	>>> V 0.00 0.00
102.492	S 12781880 -0.44 0.26 0.00 0.00 HOLD
102.514	>>> V 0.00 0.00
102.517	S 12781900 -0.44 0.26 0.00 0.00 HOLD
102.533	>>> V 0.00 0.00
102.533	S 12781920 -0.53 0.26 0.00 0.00 HOLD
102.553	>>> V 0.00 0.00
102.557	S 12781940 -0.44 0.35 0.00 0.00 HOLD
102.572	>>> V 0.00 0.00
102.574	S 12781960 -0.44 0.26 0.00 0.00 HOLD
102.593	>>> V 0.00 0.00
102.597	S 12781980 -0.44 0.26 0.00 0.00 HOLD
102.614	>>> V 0.00 0.00
102.615	S 12782000 -0.44 0.26 0.00 0.00 HOLD
102.633	>>> V 0.00 0.00
102.633	S 12782020 -0.44 0.26 0.00 0.00 HOLD
102.652	>>> V 0.00 0.00
102.652	S 12782040 -0.53 0.35 0.00 0.00 HOLD
102.672	>>> V 0.00 0.00
102.673	S 12782060 -0.44 0.26 0.00 0.00 HOLD
102.692	>>> V 0.00 0.00
102.695	S 12782080 -0.53 0.26 0.00 0.00 HOLD
102.712	>>> V 0.00 0.00
102.713	S 12782100 -0.44 0.26 0.00 0.00 HOLD
102.731	>>> V 0.00 0.00
102.732	S 12782120 -0.44 0.26 0.00 0.00 HOLD
102.753	>>> V 0.00 0.00
102.754	S 12782140 -0.44 0.26 0.00 0.00 HOLD
102.771	>>> V 0.00 0.00
102.772	S 12782160 -0.44 0.26 0.00 0.00 HOLD
102.792	>>> V 0.00 0.00
102.793	S 12782180 -0.44 0.26 0.00 0.00 HOLD
102.811	>>> V 0.00 0.00
102.812	S 12782200 -0.53 0.26 0.00 0.00 HOLD
102.833	>>> V 0.00 0.00
102.834	S 12782220 -0.44 0.26 0.00 0.00 HOLD
102.852	>>> V 0.00 0.00
102.852	S 12782240 -0.44 0.26 0.00 0.00 HOLD
102.873	>>> V 0.00 0.00
102.874	S 12782260 -0.44 0.26 0.00 0.00 HOLD
102.892	>>> V 0.00 0.00
102.893	S 12782280 -0.53 0.26 0.00 0.00 HOLD
102.913	>>> V 0.00 0.00
102.914	S 12782300 -0.44 0.26 0.00 0.00 HOLD
102.935	>>> V 0.00 0.00
102.936	S 12782320 -0.44 0.26 0.00 0.00 HOLD
102.959	>>> V 0.00 0.00
102.962	S 12782340 -0.44 0.35 0.00 0.00 HOLD
102.978	>>> V 0.00 0.00
102.979	S 12782360 -0.53 0.26 0.00 0.00 HOLD
102.995	>>> V 0.00 0.00
102.996	S 12782380 -0.53 0.26 0.00 0.00 HOLD
103.011	>>> V 0.00 0.00
103.012	S 12782400 -0.53 0.26 0.00 0.00 HOLD
103.032	>>> V 0.00 0.00
103.033	S 12782420 -0.44 0.26 0.00 0.00 HOLD
103.052	>>> V 0.00 0.00
103.052	S 12782440 -0.44 0.26 0.00 0.00 HOLD
103.073	>>> V 0.00 0.00
103.074	S 12782460 -0.44 0.26 0.00 0.00 HOLD
103.105	>>> V 0.00 0.00
103.106	S 12782480 -0.53 0.26 0.00 0.00 HOLD
103.119	S 12782500 -0.44 0.26 0.00 0.00 HOLD
103.136	>>> V 0.00 0.00
103.137	S 12782520 -0.44 0.26 0.00 0.00 HOLD
103.158	>>> V 0.00 0.00
103.159	S 12782540 -0.44 0.26 0.00 0.00 HOLD
103.171	>>> V 0.00 0.00
103.172	S 12782560 -0.44 0.26 0.00 0.00 HOLD
103.192	>>> V 0.00 0.00
103.193	S 12782580 -0.53 0.26 0.00 0.00 HOLD
103.211	>>> V 0.00 0.00
103.212	S 12782600 -0.53 0.35 0.00 0.00 HOLD
103.233	>>> V 0.00 0.00
103.234	S 12782620 -0.44 0.26 0.00 0.00 HOLD
103.252	>>> V 0.00 0.00
103.253	S 12782640 -0.44 0.26 0.00 0.00 HOLD
103.275	>>> V 0.00 0.00
103.275	S 12782660 -0.44 0.26 0.00 0.00 HOLD
103.296	>>> V 0.00 0.00
103.297	S 12782680 -0.44 0.26 0.00 0.00 HOLD
103.316	>>> V 0.00 0.00
103.319	S 12782700 -0.53 0.26 0.00 0.00 HOLD
103.334	>>> V 0.00 0.00
103.335	S 12782720 -0.44 0.26 0.00 0.00 HOLD
103.352	>>> V 0.00 0.00
103.353	S 12782740 -0.53 0.26 0.00 0.00 HOLD
103.371	>>> V 0.00 0.00
103.372	S 12782760 -0.44 0.26 0.00 0.00 HOLD
103.392	>>> V 0.00 0.00
103.394	S 12782780 -0.44 0.26 0.00 0.00 HOLD
103.411	>>> V 0.00 0.00
103.413	S 12782800 -0.44 0.26 0.00 0.00 HOLD
103.433	>>> V 0.00 0.00
103.433	S 12782820 -0.53 0.26 0.00 0.00 HOLD
103.453	>>> V 0.00 0.00
103.453	S 12782840 -0.44 0.26 0.00 0.00 HOLD
103.472	>>> V 0.00 0.00
103.474	S 12782860 -0.44 0.26 0.00 0.00 HOLD
103.492	>>> V 0.00 0.00
103.492	S 12782880 -0.44 0.26 0.00 0.00 HOLD
103.515	>>> V 0.00 0.00
103.516	S 12782900 -0.44 0.26 0.00 0.00 HOLD
103.531	>>> V 0.00 0.00
103.531	S 12782920 -0.44 0.26 0.00 0.00 HOLD
103.554	>>> V 0.00 0.00
103.554	S 12782940 -0.44 0.26 0.00 0.00 HOLD
103.572	>>> V 0.00 0.00
103.573	S 12782960 -0.44 0.26 0.00 0.00 HOLD
103.592	>>> V 0.00 0.00
103.593	S 12782980 -0.44 0.35 0.00 0.00 HOLD
103.611	>>> V 0.00 0.00
103.612	S 12783000 -0.53 0.26 0.00 0.00 HOLD
103.637	>>> V 0.00 0.00
103.637	S 12783020 -0.44 0.35 0.00 0.00 HOLD
103.652	>>> V 0.00 0.00
103.653	S 12783040 -0.53 0.35 0.00 0.00 HOLD
103.672	>>> V 0.00 0.00
103.673	S 12783060 -0.44 0.26 0.00 0.00 HOLD
103.694	>>> V 0.00 0.00
103.696	S 12783080 -0.44 0.26 0.00 0.00 HOLD
103.712	>>> V 0.00 0.00
103.715	S 12783100 -0.44 0.26 0.00 0.00 HOLD
103.731	>>> V 0.00 0.00
103.733	S 12783120 -0.44 0.26 0.00 0.00 HOLD
103.751	>>> V 0.00 0.00
103.752	S 12783140 -0.44 0.26 0.00 0.00 HOLD
103.772	>>> V 0.00 0.00
103.772	S 12783160 -0.53 0.26 0.00 0.00 HOLD
103.792	>>> V 0.00 0.00
103.792	S 12783180 -0.53 0.26 0.00 0.00 HOLD
103.811	>>> V 0.00 0.00
103.812	S 12783200 -0.53 0.26 0.00 0.00 HOLD
103.834	>>> V 0.00 0.00
103.837	S 12783220 -0.44 0.26 0.00 0.00 HOLD
103.852	>>> V 0.00 0.00
103.853	S 12783240 -0.44 0.26 0.00 0.00 HOLD
103.872	>>> V 0.00 0.00
103.874	S 12783260 -0.53 0.26 0.00 0.00 HOLD
103.893	>>> V 0.00 0.00
103.894	S 12783280 -0.53 0.26 0.00 0.00 HOLD
103.912	>>> V 0.00 0.00
103.912	S 12783300 -0.44 0.26 0.00 0.00 HOLD
103.932	>>> V 0.00 0.00
103.932	S 12783320 -0.44 0.26 0.00 0.00 HOLD
103.952	>>> V 0.00 0.00
103.953	S 12783340 -0.44 0.26 0.00 0.00 HOLD
103.972	>>> V 0.00 0.00
103.972	S 12783360 -0.44 0.26 0.00 0.00 HOLD
103.994	>>> V 0.00 0.00
103.995	S 12783380 -0.53 0.26 0.00 0.00 HOLD
104.019	>>> V 0.00 0.00
104.029	S 12783400 -0.53 0.26 0.00 0.00 HOLD
104.045	S 12783420 -0.44 0.26 0.00 0.00 HOLD
104.049	>>> V 0.00 0.00
104.050	S 12783440 -0.44 0.35 0.00 0.00 HOLD
104.054	>>> V 0.00 0.00
104.073	>>> V 0.00 0.00
104.075	S 12783460 -0.44 0.26 0.00 0.00 HOLD
104.103	>>> V 0.00 0.00
104.109	S 12783480 -0.44 0.35 0.00 0.00 HOLD
104.113	S 12783500 -0.44 0.26 0.00 0.00 HOLD
104.122	>>> V 0.00 0.00
104.122	S 12783520 -0.44 0.26 0.00 0.00 HOLD
104.134	>>> V 0.00 0.00
104.152	>>> V 0.00 0.00
104.152	S 12783540 -0.44 0.26 0.00 0.00 HOLD
104.174	>>> V 0.00 0.00
104.177	S 12783560 -0.53 0.26 0.00 0.00 HOLD
104.192	>>> V 0.00 0.00
104.195	S 12783580 -0.53 0.35 0.00 0.00 HOLD
104.214	>>> V 0.00 0.00
104.215	S 12783600 -0.44 0.26 0.00 0.00 HOLD
104.232	>>> V 0.00 0.00
104.234	S 12783620 -0.44 0.26 0.00 0.00 HOLD
104.252	>>> V 0.00 0.00
104.254	S 12783640 -0.44 0.26 0.00 0.00 HOLD
104.272	>>> V 0.00 0.00
104.274	S 12783660 -0.44 0.26 0.00 0.00 HOLD
104.291	>>> V 0.00 0.00
104.293	S 12783680 -0.44 0.26 0.00 0.00 HOLD
104.314	>>> V 0.00 0.00
104.314	S 12783700 -0.44 0.26 0.00 0.00 HOLD
104.331	>>> V 0.00 0.00
104.332	S 12783720 -0.53 0.26 0.00 0.00 HOLD
104.353	>>> V 0.00 0.00
104.357	S 12783740 -0.44 0.26 0.00 0.00 HOLD
104.375	>>> V 0.00 0.00
104.375	S 12783760 -0.44 0.26 0.00 0.00 HOLD
104.393	>>> V 0.00 0.00
104.393	S 12783780 -0.44 0.26 0.00 0.00 HOLD
104.413	>>> V 0.00 0.00
104.414	S 12783800 -0.44 0.26 0.00 0.00 HOLD
104.432	>>> V 0.00 0.00
104.435	S 12783820 -0.53 0.26 0.00 0.00 HOLD
104.454	>>> V 0.00 0.00
104.457	S 12783840 -0.44 0.26 0.00 0.00 HOLD
104.472	>>> V 0.00 0.00
104.473	S 12783860 -0.44 0.26 0.00 0.00 HOLD
104.494	>>> V 0.00 0.00
104.496	S 12783880 -0.44 0.35 0.00 0.00 HOLD
104.512	>>> V 0.00 0.00
104.513	S 12783900 -0.44 0.26 0.00 0.00 HOLD
104.533	>>> V 0.00 0.00
104.534	S 12783920 -0.44 0.26 0.00 0.00 HOLD
104.552	>>> V 0.00 0.00
104.552	S 12783940 -0.44 0.26 0.00 0.00 HOLD
104.572	>>> V 0.00 0.00
104.573	S 12783960 -0.44 0.26 0.00 0.00 HOLD
104.592	>>> V 0.00 0.00
104.595	S 12783980 -0.53 0.26 0.00 0.00 HOLD
104.614	>>> V 0.00 0.00
104.614	S 12784000 -0.44 0.26 0.00 0.00 HOLD
104.632	>>> V 0.00 0.00
104.632	S 12784020 -0.53 0.35 0.00 0.00 HOLD
104.652	>>> V 0.00 0.00
104.653	S 12784040 -0.44 0.35 0.00 0.00 HOLD
104.671	>>> V 0.00 0.00
104.672	S 12784060 -0.44 0.35 0.00 0.00 HOLD
104.694	>>> V 0.00 0.00
104.694	S 12784080 -0.44 0.26 0.00 0.00 HOLD
104.712	>>> V 0.00 0.00
104.713	S 12784100 -0.44 0.26 0.00 0.00 HOLD
104.733	>>> V 0.00 0.00
104.734	S 12784120 -0.53 0.26 0.00 0.00 HOLD
104.752	>>> V 0.00 0.00
104.754	S 12784140 -0.44 0.26 0.00 0.00 HOLD
104.773	>>> V 0.00 0.00
104.774	S 12784160 -0.44 0.26 0.00 0.00 HOLD
104.792	>>> V 0.00 0.00
104.793	S 12784180 -0.44 0.26 0.00 0.00 HOLD
104.813	>>> V 0.00 0.00
104.813	S 12784200 -0.53 0.26 0.00 0.00 HOLD
104.832	>>> V 0.00 0.00
104.832	S 12784220 -0.44 0.26 0.00 0.00 HOLD
104.851	>>> V 0.00 0.00
104.851	S 12784240 -0.44 0.26 0.00 0.00 HOLD
104.872	>>> V 0.00 0.00
104.872	S 12784260 -0.44 0.26 0.00 0.00 HOLD
104.891	>>> V 0.00 0.00
104.893	S 12784280 -0.53 0.26 0.00 0.00 HOLD
104.911	>>> V 0.00 0.00
104.912	S 12784300 -0.44 0.26 0.00 0.00 HOLD
104.931	>>> V 0.00 0.00
104.932	S 12784320 -0.53 0.26 0.00 0.00 HOLD
104.955	>>> V 0.00 0.00
104.958	S 12784340 -0.53 0.26 0.00 0.00 HOLD
104.972	>>> V 0.00 0.00
104.972	S 12784360 -0.53 0.26 0.00 0.00 HOLD
104.992	>>> V 0.00 0.00
104.993	S 12784380 -0.44 0.26 0.00 0.00 HOLD
105.012	>>> V 0.00 0.00
105.012	S 12784400 -0.53 0.26 0.00 0.00 HOLD
105.032	>>> V 0.00 0.00
105.032	S 12784420 -0.44 0.26 0.00 0.00 HOLD
105.052	>>> V 0.00 0.00
105.052	S 12784440 -0.53 0.26 0.00 0.00 HOLD
105.073	>>> V 0.00 0.00
105.074	S 12784460 -0.44 0.26 0.00 0.00 HOLD
105.093	>>> V 0.00 0.00
105.094	S 12784480 -0.53 0.26 0.00 0.00 HOLD
105.114	>>> V 0.00 0.00
105.117	S 12784500 -0.44 0.26 0.00 0.00 HOLD
105.132	>>> V 0.00 0.00
105.133	S 12784520 -0.44 0.26 0.00 0.00 HOLD
105.152	>>> V 0.00 0.00
105.153	S 12784540 -0.44 0.26 0.00 0.00 HOLD
105.174	>>> V 0.00 0.00
105.175	S 12784560 -0.53 0.26 0.00 0.00 HOLD
105.192	>>> V 0.00 0.00
105.193	S 12784580 -0.44 0.26 0.00 0.00 HOLD
105.211	>>> V 0.00 0.00
105.212	S 12784600 -0.44 0.26 0.00 0.00 HOLD
105.232	>>> V 0.00 0.00
105.233	S 12784620 -0.44 0.26 0.00 0.00 HOLD
105.251	>>> V 0.00 0.00
105.254	S 12784640 -0.44 0.26 0.00 0.00 HOLD
105.274	>>> V 0.00 0.00
105.285	S 12784660 -0.44 0.26 0.00 0.00 HOLD
105.296	S 12784680 -0.44 0.26 0.00 0.00 HOLD
105.302	>>> V 0.00 0.00
105.304	S 12784700 -0.44 0.26 0.00 0.00 HOLD
105.313	>>> V 0.00 0.00
105.332	>>> V 0.00 0.00
105.333	S 12784720 -0.44 0.26 0.00 0.00 HOLD
105.352	>>> V 0.00 0.00
105.353	S 12784740 -0.53 0.35 0.00 0.00 HOLD
105.372	>>> V 0.00 0.00
105.374	S 12784760 -0.44 0.26 0.00 0.00 HOLD
105.392	>>> V 0.00 0.00
105.395	S 12784780 -0.44 0.26 0.00 0.00 HOLD
105.412	>>> V 0.00 0.00
105.412	S 12784800 -0.53 0.26 0.00 0.00 HOLD
105.431	>>> V 0.00 0.00
105.434	S 12784820 -0.44 0.26 0.00 0.00 HOLD
105.452	>>> V 0.00 0.00
105.452	S 12784840 -0.53 0.26 0.00 0.00 HOLD
105.473	>>> V 0.00 0.00
105.473	S 12784860 -0.53 0.26 0.00 0.00 HOLD
105.503	>>> V 0.00 0.00
105.504	S 12784880 -0.44 0.26 0.00 0.00 HOLD
105.511	S 12784900 -0.53 0.26 0.00 0.00 HOLD
105.532	>>> V 0.00 0.00
105.532	S 12784920 -0.53 0.26 0.00 0.00 HOLD
105.552	>>> V 0.00 0.00
105.553	S 12784940 -0.44 0.26 0.00 0.00 HOLD
105.572	>>> V 0.00 0.00
105.572	S 12784960 -0.53 0.26 0.00 0.00 HOLD
105.591	>>> V 0.00 0.00
105.592	S 12784980 -0.44 0.26 0.00 0.00 HOLD
105.612	>>> V 0.00 0.00
105.612	S 12785000 -0.44 0.35 0.00 0.00 HOLD
105.633	>>> V 0.00 0.00
105.633	S 12785020 -0.44 0.26 0.00 0.00 HOLD
105.653	>>> V 0.00 0.00
105.654	S 12785040 -0.44 0.26 0.00 0.00 HOLD
105.672	>>> V 0.00 0.00
105.674	S 12785060 -0.44 0.26 0.00 0.00 HOLD
105.692	>>> V 0.00 0.00
105.693	S 12785080 -0.44 0.35 0.00 0.00 HOLD
105.714	>>> V 0.00 0.00
105.716	S 12785100 -0.44 0.26 0.00 0.00 HOLD
105.731	>>> V 0.00 0.00
105.733	S 12785120 -0.44 0.26 0.00 0.00 HOLD
105.753	>>> V 0.00 0.00
105.754	S 12785140 -0.44 0.35 0.00 0.00 HOLD
105.771	>>> V 0.00 0.00
105.773	S 12785160 -0.44 0.26 0.00 0.00 HOLD
105.793	>>> V 0.00 0.00
105.793	S 12785180 -0.44 0.35 0.00 0.00 HOLD
105.811	>>> V 0.00 0.00
105.812	S 12785200 -0.44 0.26 0.00 0.00 HOLD
105.833	>>> V 0.00 0.00
105.837	S 12785220 -0.44 0.26 0.00 0.00 HOLD
105.852	>>> V 0.00 0.00
105.854	S 12785240 -0.44 0.26 0.00 0.00 HOLD
105.872	>>> V 0.00 0.00
105.875	S 12785260 -0.44 0.26 0.00 0.00 HOLD
105.892	>>> V 0.00 0.00
105.893	S 12785280 -0.44 0.26 0.00 0.00 HOLD
105.917	>>> V 0.00 0.00
105.920	S 12785300 -0.44 0.26 0.00 0.00 HOLD
105.933	>>> V 0.00 0.00
105.933	S 12785320 -0.53 0.26 0.00 0.00 HOLD
105.951	>>> V 0.00 0.00
105.952	S 12785340 -0.53 0.26 0.00 0.00 HOLD
105.972	>>> V 0.00 0.00
105.972	S 12785360 -0.44 0.26 0.00 0.00 HOLD
105.991	>>> V 0.00 0.00
105.992	S 12785380 -0.44 0.26 0.00 0.00 HOLD
106.012	>>> V 0.00 0.00
106.012	S 12785400 -0.44 0.35 0.00 0.00 HOLD
106.031	>>> V 0.00 0.00
106.032	S 12785420 -0.44 0.26 0.00 0.00 HOLD
106.053	>>> V 0.00 0.00
106.053	S 12785440 -0.44 0.26 0.00 0.00 HOLD
106.072	>>> V 0.00 0.00
106.072	S 12785460 -0.44 0.26 0.00 0.00 HOLD
106.092	>>> V 0.00 0.00
106.094	S 12785480 -0.44 0.26 0.00 0.00 HOLD
106.112	>>> V 0.00 0.00
106.112	S 12785500 -0.44 0.26 0.00 0.00 HOLD
106.134	>>> V 0.00 0.00
106.136	S 12785520 -0.44 0.26 0.00 0.00 HOLD
106.152	>>> V 0.00 0.00
106.153	S 12785540 -0.44 0.26 0.00 0.00 HOLD
106.174	>>> V 0.00 0.00
106.175	S 12785560 -0.53 0.35 0.00 0.00 HOLD
106.194	>>> V 0.00 0.00
106.196	S 12785580 -0.44 0.26 0.00 0.00 HOLD
106.212	>>> V 0.00 0.00
106.214	S 12785600 -0.44 0.26 0.00 0.00 HOLD
106.235	>>> V 0.00 0.00
106.238	S 12785620 -0.53 0.35 0.00 0.00 HOLD
106.255	>>> V 0.00 0.00
106.259	S 12785640 -0.44 0.26 0.00 0.00 HOLD
106.278	>>> V 0.00 0.00
106.279	S 12785660 -0.53 0.26 0.00 0.00 HOLD
106.292	>>> V 0.00 0.00
106.293	S 12785680 -0.44 0.35 0.00 0.00 HOLD
106.314	>>> V 0.00 0.00
106.315	S 12785700 -0.53 0.26 0.00 0.00 HOLD
106.331	>>> V 0.00 0.00
106.332	S 12785720 -0.44 0.26 0.00 0.00 HOLD
106.354	>>> V 0.00 0.00
106.354	S 12785740 -0.44 0.26 0.00 0.00 HOLD
106.382	>>> V 0.00 0.00
106.383	S 12785760 -0.44 0.26 0.00 0.00 HOLD
106.395	>>> V 0.00 0.00
106.396	S 12785780 -0.44 0.26 0.00 0.00 HOLD
106.413	>>> V 0.00 0.00
106.414	S 12785800 -0.44 0.26 0.00 0.00 HOLD
106.431	>>> V 0.00 0.00
106.433	S 12785820 -0.44 0.26 0.00 0.00 HOLD
106.454	>>> V 0.00 0.00
106.457	S 12785840 -0.44 0.26 0.00 0.00 HOLD
106.475	>>> V 0.00 0.00
106.477	S 12785860 -0.53 0.26 0.00 0.00 HOLD
106.493	>>> V 0.00 0.00
106.493	S 12785880 -0.44 0.26 0.00 0.00 HOLD
106.514	>>> V 0.00 0.00
106.514	S 12785900 -0.44 0.26 0.00 0.00 HOLD
106.532	>>> V 0.00 0.00
106.532	S 12785920 -0.44 0.26 0.00 0.00 HOLD
106.552	>>> V 0.00 0.00
106.552	S 12785940 -0.44 0.26 0.00 0.00 HOLD
106.573	>>> V 0.00 0.00
106.585	S 12785960 -0.44 0.26 0.00 0.00 HOLD
106.590	S 12785980 -0.44 0.26 0.00 0.00 HOLD
106.602	>>> V 0.00 0.00
106.602	S 12786000 -0.53 0.35 0.00 0.00 HOLD
106.617	>>> V 0.00 0.00
106.632	>>> V 0.00 0.00
106.635	S 12786020 -0.44 0.26 0.00 0.00 HOLD
106.652	>>> V 0.00 0.00
106.653	S 12786040 -0.44 0.26 0.00 0.00 HOLD
106.672	>>> V 0.00 0.00
106.672	S 12786060 -0.44 0.26 0.00 0.00 HOLD
106.692	>>> V 0.00 0.00
106.692	S 12786080 -0.53 0.26 0.00 0.00 HOLD
106.712	>>> V 0.00 0.00
106.713	S 12786100 -0.44 0.26 0.00 0.00 HOLD
106.732	>>> V 0.00 0.00
106.732	S 12786120 -0.44 0.26 0.00 0.00 HOLD
106.753	>>> V 0.00 0.00
106.755	S 12786140 -0.44 0.26 0.00 0.00 HOLD
106.772	>>> V 0.00 0.00
106.773	S 12786160 -0.44 0.26 0.00 0.00 HOLD
106.796	>>> V 0.00 0.00
106.799	S 12786180 -0.44 0.26 0.00 0.00 HOLD
106.812	>>> V 0.00 0.00
106.814	S 12786200 -0.44 0.26 0.00 0.00 HOLD
106.837	>>> V 0.00 0.00
106.837	S 12786220 -0.44 0.26 0.00 0.00 HOLD
106.852	>>> V 0.00 0.00
106.852	S 12786240 -0.44 0.26 0.00 0.00 HOLD
106.872	>>> V 0.00 0.00
106.872	S 12786260 -0.53 0.35 0.00 0.00 HOLD
106.892	>>> V 0.00 0.00
106.895	S 12786280 -0.44 0.26 0.00 0.00 HOLD
106.912	>>> V 0.00 0.00
106.914	S 12786300 -0.44 0.26 0.00 0.00 HOLD
106.932	>>> V 0.00 0.00
106.932	S 12786320 -0.44 0.26 0.00 0.00 HOLD
106.953	>>> V 0.00 0.00
106.956	S 12786340 -0.44 0.26 0.00 0.00 HOLD
106.971	>>> V 0.00 0.00
106.973	S 12786360 -0.53 0.26 0.00 0.00 HOLD
106.995	>>> V 0.00 0.00
106.996	S 12786380 -0.44 0.26 0.00 0.00 HOLD
107.012	>>> V 0.00 0.00
107.013	S 12786400 -0.44 0.26 0.00 0.00 HOLD
107.031	>>> V 0.00 0.00
107.033	S 12786420 -0.44 0.26 0.00 0.00 HOLD
107.051	>>> V 0.00 0.00
107.052	S 12786440 -0.44 0.26 0.00 0.00 HOLD
107.072	>>> V 0.00 0.00
107.074	S 12786460 -0.44 0.26 0.00 0.00 HOLD
107.091	>>> V 0.00 0.00
107.093	S 12786480 -0.44 0.26 0.00 0.00 HOLD
107.112	>>> V 0.00 0.00
107.114	S 12786500 -0.53 0.26 0.00 0.00 HOLD
107.132	>>> V 0.00 0.00
107.133	S 12786520 -0.44 0.26 0.00 0.00 HOLD
107.155	>>> V 0.00 0.00
107.158	S 12786540 -0.44 0.26 0.00 0.00 HOLD
107.173	>>> V 0.00 0.00
107.180	S 12786560 -0.44 0.26 0.00 0.00 HOLD
107.202	>>> V 0.00 0.00
107.203	S 12786580 -0.44 0.26 0.00 0.00 HOLD
107.208	S 12786600 -0.44 0.35 0.00 0.00 HOLD
107.215	>>> V 0.00 0.00
107.233	>>> V 0.00 0.00
107.234	S 12786620 -0.44 0.26 0.00 0.00 HOLD
107.252	>>> V 0.00 0.00
107.252	S 12786640 -0.53 0.26 0.00 0.00 HOLD
107.272	>>> V 0.00 0.00
107.272	S 12786660 -0.44 0.35 0.00 0.00 HOLD
107.291	>>> V 0.00 0.00
107.293	S 12786680 -0.44 0.26 0.00 0.00 HOLD
107.312	>>> V 0.00 0.00
107.313	S 12786700 -0.53 0.26 0.00 0.00 HOLD
107.332	>>> V 0.00 0.00
107.335	S 12786720 -0.44 0.26 0.00 0.00 HOLD
107.353	>>> V 0.00 0.00
107.356	S 12786740 -0.53 0.26 0.00 0.00 HOLD
107.371	>>> V 0.00 0.00
107.373	S 12786760 -0.44 0.26 0.00 0.00 HOLD
107.392	>>> V 0.00 0.00
107.392	S 12786780 -0.44 0.26 0.00 0.00 HOLD
107.411	>>> V 0.00 0.00
107.412	S 12786800 -0.44 0.26 0.00 0.00 HOLD
107.433	>>> V 0.00 0.00
107.433	S 12786820 -0.44 0.26 0.00 0.00 HOLD
107.451	>>> V 0.00 0.00
107.452	S 12786840 -0.44 0.35 0.00 0.00 HOLD
107.472	>>> V 0.00 0.00
107.472	S 12786860 -0.53 0.26 0.00 0.00 HOLD
107.491	>>> V 0.00 0.00
107.493	S 12786880 -0.53 0.26 0.00 0.00 HOLD
107.513	>>> V 0.00 0.00
107.514	S 12786900 -0.44 0.35 0.00 0.00 HOLD
107.532	>>> V 0.00 0.00
107.535	S 12786920 -0.44 0.26 0.00 0.00 HOLD
107.552	>>> V 0.00 0.00
107.553	S 12786940 -0.53 0.26 0.00 0.00 HOLD
107.572	>>> V 0.00 0.00
107.574	S 12786960 -0.44 0.26 0.00 0.00 HOLD
107.592	>>> V 0.00 0.00
107.592	S 12786980 -0.44 0.26 0.00 0.00 HOLD
107.612	>>> V 0.00 0.00
107.613	S 12787000 -0.44 0.26 0.00 0.00 HOLD
107.632	>>> V 0.00 0.00
107.632	S 12787020 -0.44 0.26 0.00 0.00 HOLD
107.653	>>> V 0.00 0.00
107.653	S 12787040 -0.53 0.26 0.00 0.00 HOLD
107.671	>>> V 0.00 0.00
107.672	S 12787060 -0.44 0.26 0.00 0.00 HOLD
107.692	>>> V 0.00 0.00
107.695	S 12787080 -0.53 0.26 0.00 0.00 HOLD
107.712	>>> V 0.00 0.00
107.712	S 12787100 -0.44 0.26 0.00 0.00 HOLD
107.732	>>> V 0.00 0.00
107.733	S 12787120 -0.53 0.26 0.00 0.00 HOLD
107.751	>>> V 0.00 0.00
107.752	S 12787140 -0.53 0.26 0.00 0.00 HOLD
107.779	>>> V 0.00 0.00
107.780	S 12787160 -0.44 0.26 0.00 0.00 HOLD
107.792	>>> V 0.00 0.00
107.792	S 12787180 -0.44 0.35 0.00 0.00 HOLD
107.815	>>> V 0.00 0.00
107.815	S 12787200 -0.53 0.26 0.00 0.00 HOLD
107.832	>>> V 0.00 0.00
107.833	S 12787220 -0.44 0.35 0.00 0.00 HOLD
107.858	>>> V 0.00 0.00
107.859	S 12787240 -0.53 0.26 0.00 0.00 HOLD
107.876	>>> V 0.00 0.00
107.878	S 12787260 -0.53 0.26 0.00 0.00 HOLD
107.897	>>> V 0.00 0.00
107.898	S 12787280 -0.53 0.26 0.00 0.00 HOLD
107.912	>>> V 0.00 0.00
107.914	S 12787300 -0.44 0.26 0.00 0.00 HOLD
107.932	>>> V 0.00 0.00
107.933	S 12787320 -0.44 0.26 0.00 0.00 HOLD
107.952	>>> V 0.00 0.00
107.952	S 12787340 -0.44 0.26 0.00 0.00 HOLD
107.973	>>> V 0.00 0.00
107.975	S 12787360 -0.44 0.26 0.00 0.00 HOLD
107.993	>>> V 0.00 0.00
107.993	S 12787380 -0.44 0.26 0.00 0.00 HOLD
108.011	>>> V 0.00 0.00
108.012	S 12787400 -0.53 0.26 0.00 0.00 HOLD
108.034	>>> V 0.00 0.00
108.037	S 12787420 -0.44 0.26 0.00 0.00 HOLD
108.053	>>> V 0.00 0.00
108.054	S 12787440 -0.44 0.26 0.00 0.00 HOLD
108.072	>>> V 0.00 0.00
108.072	S 12787460 -0.44 0.26 0.00 0.00 HOLD
108.092	>>> V 0.00 0.00
108.094	S 12787480 -0.53 0.26 0.00 0.00 HOLD
108.115	>>> V 0.00 0.00
108.115	S 12787500 -0.44 0.26 0.00 0.00 HOLD
108.131	>>> V 0.00 0.00
108.132	S 12787520 -0.53 0.26 0.00 0.00 HOLD
108.151	>>> V 0.00 0.00
108.152	S 12787540 -0.53 0.26 0.00 0.00 HOLD
108.173	>>> V 0.00 0.00
108.173	S 12787560 -0.53 0.26 0.00 0.00 HOLD
108.193	>>> V 0.00 0.00
108.193	S 12787580 -0.44 0.26 0.00 0.00 HOLD
108.212	>>> V 0.00 0.00
108.213	S 12787600 -0.44 0.26 0.00 0.00 HOLD
108.232	>>> V 0.00 0.00
108.234	S 12787620 -0.44 0.26 0.00 0.00 HOLD
108.252	>>> V 0.00 0.00
108.253	S 12787640 -0.53 0.26 0.00 0.00 HOLD
108.272	>>> V 0.00 0.00
108.274	S 12787660 -0.44 0.26 0.00 0.00 HOLD
108.291	>>> V 0.00 0.00
108.292	S 12787680 -0.44 0.35 0.00 0.00 HOLD
108.312	>>> V 0.00 0.00
108.313	S 12787700 -0.53 0.26 0.00 0.00 HOLD
108.331	>>> V 0.00 0.00
108.332	S 12787720 -0.44 0.26 0.00 0.00 HOLD
108.353	>>> V 0.00 0.00
108.354	S 12787740 -0.53 0.26 0.00 0.00 HOLD
108.372	>>> V 0.00 0.00
108.373	S 12787760 -0.44 0.26 0.00 0.00 HOLD
108.391	>>> V 0.00 0.00
108.392	S 12787780 -0.53 0.26 0.00 0.00 HOLD
108.412	>>> V 0.00 0.00
108.413	S 12787800 -0.44 0.26 0.00 0.00 HOLD
108.433	>>> V 0.00 0.00
108.434	S 12787820 -0.44 0.26 0.00 0.00 HOLD
108.452	>>> V 0.00 0.00
108.455	S 12787840 -0.44 0.26 0.00 0.00 HOLD
108.473	>>> V 0.00 0.00
108.473	S 12787860 -0.44 0.26 0.00 0.00 HOLD
108.492	>>> V 0.00 0.00
108.492	S 12787880 -0.44 0.26 0.00 0.00 HOLD
108.513	>>> V 0.00 0.00
108.514	S 12787900 -0.44 0.26 0.00 0.00 HOLD
108.532	>>> V 0.00 0.00
108.533	S 12787920 -0.44 0.26 0.00 0.00 HOLD
108.552	>>> V 0.00 0.00
108.552	S 12787941 -0.44 0.26 0.00 0.00 HOLD
108.575	>>> V 0.00 0.00
108.576	S 12787961 -0.53 0.26 0.00 0.00 HOLD
108.591	>>> V 0.00 0.00
108.594	S 12787981 -0.53 0.26 0.00 0.00 HOLD
108.612	>>> V 0.00 0.00
108.613	S 12788001 -0.44 0.26 0.00 0.00 HOLD
108.634	>>> V 0.00 0.00
108.637	S 12788021 -0.53 0.26 0.00 0.00 HOLD
108.651	>>> V 0.00 0.00
108.653	S 12788041 -0.53 0.26 0.00 0.00 HOLD
108.672	>>> V 0.00 0.00
108.674	S 12788061 -0.44 0.26 0.00 0.00 HOLD
108.692	>>> V 0.00 0.00
108.692	S 12788081 -0.44 0.35 0.00 0.00 HOLD
108.712	>>> V 0.00 0.00
108.713	S 12788101 -0.44 0.26 0.00 0.00 HOLD
108.731	>>> V 0.00 0.00
108.732	S 12788121 -0.53 0.26 0.00 0.00 HOLD
108.752	>>> V 0.00 0.00
108.756	S 12788141 -0.53 0.26 0.00 0.00 HOLD
108.772	>>> V 0.00 0.00
108.773	S 12788161 -0.44 0.26 0.00 0.00 HOLD
108.792	>>> V 0.00 0.00
108.792	S 12788181 -0.44 0.26 0.00 0.00 HOLD
108.813	>>> V 0.00 0.00
108.815	S 12788201 -0.44 0.35 0.00 0.00 HOLD
108.831	>>> V 0.00 0.00
108.832	S 12788221 -0.53 0.26 0.00 0.00 HOLD
108.852	>>> V 0.00 0.00
108.852	S 12788241 -0.44 0.26 0.00 0.00 HOLD
108.871	>>> V 0.00 0.00
108.872	S 12788261 -0.44 0.26 0.00 0.00 HOLD
108.892	>>> V 0.00 0.00
108.893	S 12788281 -0.44 0.26 0.00 0.00 HOLD
108.915	>>> V 0.00 0.00
108.915	S 12788301 -0.44 0.26 0.00 0.00 HOLD
108.932	>>> V 0.00 0.00
108.936	S 12788321 -0.44 0.26 0.00 0.00 HOLD
108.951	>>> V 0.00 0.00
108.952	S 12788341 -0.44 0.26 0.00 0.00 HOLD
108.972	>>> V 0.00 0.00
108.973	S 12788361 -0.53 0.35 0.00 0.00 HOLD
108.998	>>> V 0.00 0.00
108.999	S 12788381 -0.53 0.26 0.00 0.00 HOLD
109.012	>>> V 0.00 0.00
109.013	S 12788401 -0.44 0.26 0.00 0.00 HOLD
109.035	>>> V 0.00 0.00
109.036	S 12788421 -0.53 0.26 0.00 0.00 HOLD
109.051	>>> V 0.00 0.00
109.053	S 12788441 -0.53 0.26 0.00 0.00 HOLD
109.072	>>> V 0.00 0.00
109.074	S 12788461 -0.44 0.26 0.00 0.00 HOLD
109.092	>>> V 0.00 0.00
109.092	S 12788481 -0.53 0.26 0.00 0.00 HOLD
109.114	>>> V 0.00 0.00
109.114	S 12788501 -0.53 0.35 0.00 0.00 HOLD
109.133	>>> V 0.00 0.00
109.134	S 12788521 -0.44 0.26 0.00 0.00 HOLD
109.159	>>> V 0.00 0.00
109.162	S 12788541 -0.44 0.26 0.00 0.00 HOLD
109.177	>>> V 0.00 0.00
109.183	S 12788561 -0.44 0.26 0.00 0.00 HOLD
109.192	S 12788581 -0.44 0.26 0.00 0.00 HOLD
109.201	>>> V 0.00 0.00
109.211	>>> V 0.00 0.00
109.214	S 12788601 -0.44 0.26 0.00 0.00 HOLD
109.234	>>> V 0.00 0.00
109.236	S 12788621 -0.53 0.26 0.00 0.00 HOLD
109.251	>>> V 0.00 0.00
109.252	S 12788641 -0.44 0.26 0.00 0.00 HOLD
109.272	>>> V 0.00 0.00
109.273	S 12788661 -0.53 0.26 0.00 0.00 HOLD
109.292	>>> V 0.00 0.00
109.292	S 12788681 -0.44 0.26 0.00 0.00 HOLD
109.316	>>> V 0.00 0.00
109.316	S 12788701 -0.44 0.26 0.00 0.00 HOLD
109.334	>>> V 0.00 0.00
109.334	S 12788721 -0.53 0.26 0.00 0.00 HOLD
109.354	>>> V 0.00 0.00
109.354	S 12788741 -0.53 0.26 0.00 0.00 HOLD
109.376	>>> V 0.00 0.00
109.377	S 12788761 -0.44 0.26 0.00 0.00 HOLD
109.392	>>> V 0.00 0.00
109.393	S 12788781 -0.44 0.26 0.00 0.00 HOLD
109.411	>>> V 0.00 0.00
109.412	S 12788801 -0.44 0.26 0.00 0.00 HOLD
109.432	>>> V 0.00 0.00
109.433	S 12788821 -0.44 0.26 0.00 0.00 HOLD
109.451	>>> V 0.00 0.00
109.452	S 12788841 -0.44 0.26 0.00 0.00 HOLD
109.472	>>> V 0.00 0.00
109.473	S 12788861 -0.44 0.26 0.00 0.00 HOLD
109.493	>>> V 0.00 0.00
109.494	S 12788881 -0.53 0.26 0.00 0.00 HOLD
109.511	>>> V 0.00 0.00
109.512	S 12788901 -0.53 0.26 0.00 0.00 HOLD
109.532	>>> V 0.00 0.00
109.533	S 12788921 -0.44 0.26 0.00 0.00 HOLD
109.551	>>> V 0.00 0.00
109.554	S 12788941 -0.44 0.26 0.00 0.00 HOLD
109.572	>>> V 0.00 0.00
109.572	S 12788961 -0.44 0.26 0.00 0.00 HOLD
109.592	>>> V 0.00 0.00
109.592	S 12788981 -0.44 0.26 0.00 0.00 HOLD
109.612	>>> V 0.00 0.00
109.613	S 12789001 -0.53 0.26 0.00 0.00 HOLD
109.632	>>> V 0.00 0.00
109.632	S 12789021 -0.53 0.26 0.00 0.00 HOLD
109.651	>>> V 0.00 0.00
109.653	S 12789041 -0.44 0.26 0.00 0.00 HOLD
109.671	>>> V 0.00 0.00
109.673	S 12789061 -0.44 0.26 0.00 0.00 HOLD
109.694	>>> V 0.00 0.00
109.694	S 12789081 -0.44 0.26 0.00 0.00 HOLD
109.718	>>> V 0.00 0.00
109.719	S 12789101 -0.44 0.26 0.00 0.00 HOLD
109.732	>>> V 0.00 0.00
109.738	S 12789121 -0.44 0.26 0.00 0.00 HOLD
109.753	>>> V 0.00 0.00
109.754	S 12789141 -0.44 0.26 0.00 0.00 HOLD
109.771	>>> V 0.00 0.00
109.772	S 12789161 -0.53 0.26 0.00 0.00 HOLD
109.791	>>> V 0.00 0.00
109.792	S 12789181 -0.44 0.26 0.00 0.00 HOLD
109.812	>>> V 0.00 0.00
109.813	S 12789201 -0.53 0.26 0.00 0.00 HOLD
109.832	>>> V 0.00 0.00
109.834	S 12789221 -0.44 0.26 0.00 0.00 HOLD
109.853	>>> V 0.00 0.00
109.854	S 12789241 -0.44 0.26 0.00 0.00 HOLD
109.873	>>> V 0.00 0.00
109.874	S 12789261 -0.44 0.26 0.00 0.00 HOLD
109.894	>>> V 0.00 0.00
109.895	S 12789281 -0.44 0.35 0.00 0.00 HOLD
109.913	>>> V 0.00 0.00
109.917	S 12789301 -0.53 0.26 0.00 0.00 HOLD
109.932	>>> V 0.00 0.00
109.933	S 12789321 -0.44 0.26 0.00 0.00 HOLD
109.953	>>> V 0.00 0.00
109.954	S 12789341 -0.53 0.26 0.00 0.00 HOLD
109.971	>>> V 0.00 0.00
109.972	S 12789361 -0.53 0.26 0.00 0.00 HOLD
109.992	>>> V 0.00 0.00
109.993	S 12789381 -0.44 0.26 0.00 0.00 HOLD
110.011	>>> V 0.00 0.00
110.012	S 12789401 -0.44 0.26 0.00 0.00 HOLD
110.031	>>> V 0.00 0.00
110.032	S 12789421 -0.44 0.26 0.00 0.00 HOLD
110.058	>>> V 0.00 0.00
110.059	S 12789441 -0.44 0.26 0.00 0.00 HOLD
110.072	>>> V 0.00 0.00
110.074	S 12789461 -0.44 0.35 0.00 0.00 HOLD
110.091	>>> V 0.00 0.00
110.092	S 12789481 -0.44 0.26 0.00 0.00 HOLD
110.118	>>> V 0.00 0.00
110.125	S 12789501 -0.53 0.26 0.00 0.00 HOLD
110.130	S 12789521 -0.44 0.26 0.00 0.00 HOLD
110.135	>>> V 0.00 0.00
110.151	>>> V 0.00 0.00
110.153	S 12789541 -0.44 0.26 0.00 0.00 HOLD
110.172	>>> V 0.00 0.00
110.172	S 12789561 -0.44 0.26 0.00 0.00 HOLD
110.192	>>> V 0.00 0.00
110.193	S 12789581 -0.44 0.26 0.00 0.00 HOLD
110.211	>>> V 0.00 0.00
110.212	S 12789601 -0.44 0.26 0.00 0.00 HOLD
110.233	>>> V 0.00 0.00
110.235	S 12789621 -0.44 0.26 0.00 0.00 HOLD
110.255	>>> V 0.00 0.00
110.258	S 12789641 -0.44 0.26 0.00 0.00 HOLD
110.272	>>> V 0.00 0.00
110.275	S 12789661 -0.44 0.26 0.00 0.00 HOLD
110.292	>>> V 0.00 0.00
110.292	S 12789681 -0.44 0.26 0.00 0.00 HOLD
110.314	>>> V 0.00 0.00
110.318	S 12789701 -0.44 0.26 0.00 0.00 HOLD
110.332	>>> V 0.00 0.00
110.332	S 12789721 -0.53 0.26 0.00 0.00 HOLD
110.355	>>> V 0.00 0.00
110.358	S 12789741 -0.44 0.26 0.00 0.00 HOLD
110.373	>>> V 0.00 0.00
110.373	S 12789761 -0.44 0.26 0.00 0.00 HOLD
110.393	>>> V 0.00 0.00
110.394	S 12789781 -0.44 0.26 0.00 0.00 HOLD
110.412	>>> V 0.00 0.00
110.413	S 12789801 -0.44 0.26 0.00 0.00 HOLD
110.432	>>> V 0.00 0.00
110.432	S 12789821 -0.44 0.26 0.00 0.00 HOLD
110.451	>>> V 0.00 0.00
110.452	S 12789841 -0.53 0.26 0.00 0.00 HOLD
110.473	>>> V 0.00 0.00
110.475	S 12789861 -0.53 0.26 0.00 0.00 HOLD
110.498	>>> V 0.00 0.00
110.501	S 12789881 -0.44 0.26 0.00 0.00 HOLD
110.513	>>> V 0.00 0.00
110.514	S 12789901 -0.44 0.26 0.00 0.00 HOLD
110.532	>>> V 0.00 0.00
110.534	S 12789921 -0.44 0.26 0.00 0.00 HOLD
110.552	>>> V 0.00 0.00
110.553	S 12789941 -0.53 0.26 0.00 0.00 HOLD
110.575	>>> V 0.00 0.00
110.575	S 12789961 -0.44 0.26 0.00 0.00 HOLD
110.592	>>> V 0.00 0.00
110.594	S 12789981 -0.44 0.26 0.00 0.00 HOLD
110.613	>>> V 0.00 0.00
110.616	S 12790001 -0.44 0.26 0.00 0.00 HOLD
110.634	>>> V 0.00 0.00
110.636	S 12790021 -0.44 0.26 0.00 0.00 HOLD
110.651	>>> V 0.00 0.00
110.652	S 12790041 -0.44 0.26 0.00 0.00 HOLD
110.672	>>> V 0.00 0.00
110.675	S 12790061 -0.44 0.26 0.00 0.00 HOLD
110.691	>>> V 0.00 0.00
110.692	S 12790081 -0.44 0.26 0.00 0.00 HOLD
110.715	>>> V 0.00 0.00
110.716	S 12790101 -0.44 0.26 0.00 0.00 HOLD
110.731	>>> V 0.00 0.00
110.732	S 12790121 -0.44 0.26 0.00 0.00 HOLD
110.753	>>> V 0.00 0.00
110.753	S 12790141 -0.44 0.35 0.00 0.00 HOLD
110.772	>>> V 0.00 0.00
110.772	S 12790161 -0.44 0.26 0.00 0.00 HOLD
110.792	>>> V 0.00 0.00
110.794	S 12790181 -0.44 0.26 0.00 0.00 HOLD
110.814	>>> V 0.00 0.00
110.814	S 12790201 -0.44 0.26 0.00 0.00 HOLD
110.833	>>> V 0.00 0.00
110.833	S 12790221 -0.44 0.26 0.00 0.00 HOLD
110.852	>>> V 0.00 0.00
110.852	S 12790241 -0.44 0.26 0.00 0.00 HOLD
110.872	>>> V 0.00 0.00
110.873	S 12790261 -0.44 0.26 0.00 0.00 HOLD
110.892	>>> V 0.00 0.00
110.892	S 12790281 -0.44 0.26 0.00 0.00 HOLD
110.912	>>> V 0.00 0.00
110.915	S 12790301 -0.44 0.26 0.00 0.00 HOLD
110.931	>>> V 0.00 0.00
110.941	S 12790321 -0.53 0.26 0.00 0.00 HOLD
110.951	>>> V 0.00 0.00
110.952	S 12790341 -0.44 0.26 0.00 0.00 HOLD
110.972	>>> V 0.00 0.00
110.973	S 12790361 -0.44 0.26 0.00 0.00 HOLD
110.991	>>> V 0.00 0.00
110.992	S 12790381 -0.44 0.26 0.00 0.00 HOLD
111.014	>>> V 0.00 0.00
111.015	S 12790401 -0.44 0.26 0.00 0.00 HOLD
111.035	>>> V 0.00 0.00
111.037	S 12790421 -0.44 0.26 0.00 0.00 HOLD
111.060	>>> V 0.00 0.00
111.061	S 12790441 -0.44 0.26 0.00 0.00 HOLD
111.072	>>> V 0.00 0.00
111.072	S 12790461 -0.53 0.26 0.00 0.00 HOLD
111.093	>>> V 0.00 0.00
111.093	S 12790481 -0.44 0.26 0.00 0.00 HOLD
111.111	>>> V 0.00 0.00
111.112	S 12790501 -0.44 0.26 0.00 0.00 HOLD
111.133	>>> V 0.00 0.00
111.134	S 12790521 -0.44 0.26 0.00 0.00 HOLD
111.152	>>> V 0.00 0.00
111.152	S 12790541 -0.44 0.26 0.00 0.00 HOLD
111.174	>>> V 0.00 0.00
111.174	S 12790561 -0.44 0.26 0.00 0.00 HOLD
111.194	>>> V 0.00 0.00
111.194	S 12790581 -0.44 0.26 0.00 0.00 HOLD
111.217	>>> V 0.00 0.00
111.218	S 12790601 -0.44 0.26 0.00 0.00 HOLD
111.232	>>> V 0.00 0.00
111.233	S 12790621 -0.44 0.26 0.00 0.00 HOLD
111.252	>>> V 0.00 0.00
111.253	S 12790641 -0.44 0.26 0.00 0.00 HOLD
111.272	>>> V 0.00 0.00
111.272	S 12790661 -0.53 0.26 0.00 0.00 HOLD
111.292	>>> V 0.00 0.00
111.292	S 12790681 -0.53 0.26 0.00 0.00 HOLD
111.314	>>> V 0.00 0.00
111.316	S 12790701 -0.44 0.26 0.00 0.00 HOLD
111.332	>>> V 0.00 0.00
111.332	S 12790721 -0.44 0.26 0.00 0.00 HOLD
111.354	>>> V 0.00 0.00
111.357	S 12790741 -0.44 0.26 0.00 0.00 HOLD
111.376	>>> V 0.00 0.00
111.378	S 12790761 -0.44 0.26 0.00 0.00 HOLD
111.391	>>> V 0.00 0.00
111.392	S 12790781 -0.44 0.26 0.00 0.00 HOLD
111.421	>>> V 0.00 0.00
111.422	S 12790801 -0.44 0.26 0.00 0.00 HOLD
111.433	>>> V 0.00 0.00
111.436	S 12790821 -0.44 0.26 0.00 0.00 HOLD
111.452	>>> V 0.00 0.00
111.453	S 12790841 -0.44 0.26 0.00 0.00 HOLD
111.473	>>> V 0.00 0.00
111.475	S 12790861 -0.44 0.26 0.00 0.00 HOLD
111.493	>>> V 0.00 0.00
111.494	S 12790881 -0.44 0.35 0.00 0.00 HOLD
111.512	>>> V 0.00 0.00
111.512	S 12790901 -0.53 0.26 0.00 0.00 HOLD
111.533	>>> V 0.00 0.00
111.536	S 12790921 -0.53 0.26 0.00 0.00 HOLD
111.555	>>> V 0.00 0.00
111.556	S 12790941 -0.53 0.26 0.00 0.00 HOLD
111.577	>>> V 0.00 0.00
111.577	S 12790961 -0.53 0.26 0.00 0.00 HOLD
111.592	>>> V 0.00 0.00
111.593	S 12790981 -0.44 0.26 0.00 0.00 HOLD
111.611	>>> V 0.00 0.00
111.614	S 12791001 -0.44 0.26 0.00 0.00 HOLD
111.633	>>> V 0.00 0.00
111.634	S 12791021 -0.44 0.26 0.00 0.00 HOLD
111.651	>>> V 0.00 0.00
111.653	S 12791041 -0.44 0.26 0.00 0.00 HOLD
111.673	>>> V 0.00 0.00
111.674	S 12791061 -0.44 0.26 0.00 0.00 HOLD
111.692	>>> V 0.00 0.00
111.692	S 12791081 -0.44 0.26 0.00 0.00 HOLD
111.712	>>> V 0.00 0.00
111.713	S 12791101 -0.44 0.26 0.00 0.00 HOLD
111.732	>>> V 0.00 0.00
111.733	S 12791121 -0.44 0.26 0.00 0.00 HOLD
111.756	>>> V 0.00 0.00
111.759	S 12791141 -0.44 0.26 0.00 0.00 HOLD
111.773	>>> V 0.00 0.00
111.775	S 12791161 -0.44 0.26 0.00 0.00 HOLD
111.792	>>> V 0.00 0.00
111.792	S 12791181 -0.44 0.26 0.00 0.00 HOLD
111.816	>>> V 0.00 0.00
111.817	S 12791201 -0.44 0.26 0.00 0.00 HOLD
111.831	>>> V 0.00 0.00
111.832	S 12791221 -0.44 0.26 0.00 0.00 HOLD
111.852	>>> V 0.00 0.00
111.852	S 12791241 -0.44 0.26 0.00 0.00 HOLD
111.871	>>> V 0.00 0.00
111.874	S 12791261 -0.44 0.26 0.00 0.00 HOLD
111.891	>>> V 0.00 0.00
111.891	S 12791281 -0.44 0.26 0.00 0.00 HOLD
111.914	>>> V 0.00 0.00
111.915	S 12791301 -0.44 0.35 0.00 0.00 HOLD
111.951	>>> V 0.00 0.00
111.953	S 12791321 -0.44 0.26 0.00 0.00 HOLD
111.957	S 12791341 -0.44 0.26 0.00 0.00 HOLD
111.963	>>> V 0.00 0.00
111.963	S 12791361 -0.44 0.26 0.00 0.00 HOLD
111.972	>>> V 0.00 0.00
111.993	>>> V 0.00 0.00
111.994	S 12791381 -0.44 0.26 0.00 0.00 HOLD
112.015	>>> V 0.00 0.00
112.016	S 12791401 -0.44 0.26 0.00 0.00 HOLD
112.032	>>> V 0.00 0.00
112.033	S 12791421 -0.44 0.26 0.00 0.00 HOLD
112.051	>>> V 0.00 0.00
112.052	S 12791441 -0.44 0.26 0.00 0.00 HOLD
112.078	>>> V 0.00 0.00
112.078	S 12791461 -0.53 0.26 0.00 0.00 HOLD
112.091	>>> V 0.00 0.00
112.092	S 12791481 -0.44 0.26 0.00 0.00 HOLD
112.114	>>> V 0.00 0.00
112.116	S 12791501 -0.44 0.26 0.00 0.00 HOLD
112.132	>>> V 0.00 0.00
112.132	S 12791521 -0.44 0.26 0.00 0.00 HOLD
112.152	>>> V 0.00 0.00
112.153	S 12791541 -0.44 0.26 0.00 0.00 HOLD
112.180	>>> V 0.00 0.00
112.182	S 12791561 -0.53 0.35 0.00 0.00 HOLD
112.193	>>> V 0.00 0.00
112.195	S 12791581 -0.44 0.26 0.00 0.00 HOLD
112.211	>>> V 0.00 0.00
112.212	S 12791601 -0.53 0.26 0.00 0.00 HOLD
112.234	>>> V 0.00 0.00
112.235	S 12791621 -0.44 0.26 0.00 0.00 HOLD
112.251	>>> V 0.00 0.00
112.252	S 12791641 -0.44 0.26 0.00 0.00 HOLD
112.273	>>> V 0.00 0.00
112.274	S 12791661 -0.44 0.26 0.00 0.00 HOLD
112.292	>>> V 0.00 0.00
112.293	S 12791681 -0.53 0.26 0.00 0.00 HOLD
112.315	>>> V 0.00 0.00
112.319	S 12791701 -0.44 0.26 0.00 0.00 HOLD
112.332	>>> V 0.00 0.00
112.335	S 12791721 -0.44 0.35 0.00 0.00 HOLD
112.356	>>> V 0.00 0.00
112.356	S 12791741 -0.44 0.26 0.00 0.00 HOLD
112.372	>>> V 0.00 0.00
112.373	S 12791761 -0.53 0.26 0.00 0.00 HOLD
112.393	>>> V 0.00 0.00
112.393	S 12791781 -0.44 0.26 0.00 0.00 HOLD
112.412	>>> V 0.00 0.00
112.412	S 12791801 -0.53 0.26 0.00 0.00 HOLD
112.432	>>> V 0.00 0.00
112.433	S 12791821 -0.53 0.26 0.00 0.00 HOLD
112.452	>>> V 0.00 0.00
112.453	S 12791841 -0.44 0.26 0.00 0.00 HOLD
112.472	>>> V 0.00 0.00
112.475	S 12791861 -0.44 0.26 0.00 0.00 HOLD
112.492	>>> V 0.00 0.00
112.492	S 12791881 -0.44 0.26 0.00 0.00 HOLD
112.513	>>> V 0.00 0.00
112.516	S 12791901 -0.44 0.26 0.00 0.00 HOLD
112.533	>>> V 0.00 0.00
112.536	S 12791921 -0.44 0.26 0.00 0.00 HOLD
112.554	>>> V 0.00 0.00
112.557	S 12791941 -0.53 0.26 0.00 0.00 HOLD
112.572	>>> V 0.00 0.00
112.572	S 12791961 -0.44 0.26 0.00 0.00 HOLD
112.592	>>> V 0.00 0.00
112.593	S 12791981 -0.44 0.26 0.00 0.00 HOLD
112.620	>>> V 0.00 0.00
112.623	S 12792001 -0.44 0.26 0.00 0.00 HOLD
112.632	>>> V 0.00 0.00
112.633	S 12792021 -0.53 0.26 0.00 0.00 HOLD
112.660	>>> V 0.00 0.00
112.661	S 12792041 -0.53 0.26 0.00 0.00 HOLD
112.672	>>> V 0.00 0.00
112.675	S 12792061 -0.44 0.26 0.00 0.00 HOLD
112.697	>>> V 0.00 0.00
112.698	S 12792081 -0.44 0.26 0.00 0.00 HOLD
112.714	>>> V 0.00 0.00
112.716	S 12792101 -0.44 0.26 0.00 0.00 HOLD
112.731	>>> V 0.00 0.00
112.733	S 12792121 -0.44 0.26 0.00 0.00 HOLD
112.752	>>> V 0.00 0.00
112.754	S 12792141 -0.44 0.26 0.00 0.00 HOLD
112.772	>>> V 0.00 0.00
112.772	S 12792161 -0.44 0.26 0.00 0.00 HOLD
112.792	>>> V 0.00 0.00
112.792	S 12792181 -0.44 0.26 0.00 0.00 HOLD
112.812	>>> V 0.00 0.00
112.812	S 12792201 -0.44 0.26 0.00 0.00 HOLD
112.833	>>> V 0.00 0.00
112.834	S 12792221 -0.44 0.26 0.00 0.00 HOLD
112.851	>>> V 0.00 0.00
112.853	S 12792241 -0.53 0.26 0.00 0.00 HOLD
112.873	>>> V 0.00 0.00
112.876	S 12792261 -0.53 0.26 0.00 0.00 HOLD
112.891	>>> V 0.00 0.00
112.893	S 12792281 -0.44 0.26 0.00 0.00 HOLD
112.911	>>> V 0.00 0.00
112.912	S 12792301 -0.44 0.26 0.00 0.00 HOLD
112.932	>>> V 0.00 0.00
112.932	S 12792321 -0.44 0.26 0.00 0.00 HOLD
112.952	>>> V 0.00 0.00
112.953	S 12792341 -0.53 0.26 0.00 0.00 HOLD
112.972	>>> V 0.00 0.00
112.972	S 12792361 -0.53 0.26 0.00 0.00 HOLD
112.993	>>> V 0.00 0.00
112.994	S 12792381 -0.44 0.26 0.00 0.00 HOLD
113.012	>>> V 0.00 0.00
113.013	S 12792401 -0.53 0.26 0.00 0.00 HOLD
113.032	>>> V 0.00 0.00
113.033	S 12792421 -0.53 0.26 0.00 0.00 HOLD
113.054	>>> V 0.00 0.00
113.056	S 12792441 -0.44 0.26 0.00 0.00 HOLD
113.074	>>> V 0.00 0.00
113.075	S 12792461 -0.44 0.35 0.00 0.00 HOLD
113.094	>>> V 0.00 0.00
113.097	S 12792481 -0.53 0.26 0.00 0.00 HOLD
113.112	>>> V 0.00 0.00
113.112	S 12792501 -0.53 0.35 0.00 0.00 HOLD
113.131	>>> V 0.00 0.00
113.133	S 12792521 -0.44 0.26 0.00 0.00 HOLD
113.152	>>> V 0.00 0.00
113.152	S 12792541 -0.44 0.26 0.00 0.00 HOLD
113.172	>>> V 0.00 0.00
113.172	S 12792561 -0.44 0.26 0.00 0.00 HOLD
113.192	>>> V 0.00 0.00
113.192	S 12792581 -0.44 0.26 0.00 0.00 HOLD
113.212	>>> V 0.00 0.00
113.213	S 12792601 -0.53 0.26 0.00 0.00 HOLD
113.233	>>> V 0.00 0.00
113.236	S 12792621 -0.44 0.26 0.00 0.00 HOLD
113.258	>>> V 0.00 0.00
113.258	S 12792641 -0.53 0.26 0.00 0.00 HOLD
113.272	>>> V 0.00 0.00
113.272	S 12792661 -0.44 0.26 0.00 0.00 HOLD
113.293	>>> V 0.00 0.00
113.294	S 12792681 -0.44 0.26 0.00 0.00 HOLD
113.311	>>> V 0.00 0.00
113.312	S 12792701 -0.44 0.26 0.00 0.00 HOLD
113.333	>>> V 0.00 0.00
113.334	S 12792721 -0.53 0.26 0.00 0.00 HOLD
113.352	>>> V 0.00 0.00
113.353	S 12792741 -0.44 0.26 0.00 0.00 HOLD
113.372	>>> V 0.00 0.00
113.374	S 12792761 -0.44 0.26 0.00 0.00 HOLD
113.391	>>> V 0.00 0.00
113.392	S 12792781 -0.44 0.26 0.00 0.00 HOLD
113.420	>>> V 0.00 0.00
113.422	S 12792801 -0.44 0.26 0.00 0.00 HOLD
113.436	>>> V 0.00 0.00
113.437	S 12792821 -0.53 0.26 0.00 0.00 HOLD
113.454	>>> V 0.00 0.00
113.456	S 12792841 -0.53 0.26 0.00 0.00 HOLD
113.472	>>> V 0.00 0.00
113.472	S 12792861 -0.53 0.26 0.00 0.00 HOLD
113.494	>>> V 0.00 0.00
113.495	S 12792881 -0.44 0.26 0.00 0.00 HOLD
113.512	>>> V 0.00 0.00
113.512	S 12792901 -0.53 0.26 0.00 0.00 HOLD
113.532	>>> V 0.00 0.00
113.532	S 12792921 -0.53 0.26 0.00 0.00 HOLD
113.552	>>> V 0.00 0.00
113.555	S 12792941 -0.44 0.35 0.00 0.00 HOLD
113.573	>>> V 0.00 0.00
113.573	S 12792961 -0.44 0.26 0.00 0.00 HOLD
113.592	>>> V 0.00 0.00
113.593	S 12792981 -0.53 0.26 0.00 0.00 HOLD
113.612	>>> V 0.00 0.00
113.613	S 12793001 -0.44 0.26 0.00 0.00 HOLD
113.637	>>> V 0.00 0.00
113.637	S 12793021 -0.44 0.26 0.00 0.00 HOLD
113.652	>>> V 0.00 0.00
113.653	S 12793041 -0.44 0.26 0.00 0.00 HOLD
113.671	>>> V 0.00 0.00
113.673	S 12793061 -0.44 0.26 0.00 0.00 HOLD
113.692	>>> V 0.00 0.00
113.692	S 12793081 -0.44 0.26 0.00 0.00 HOLD
113.711	>>> V 0.00 0.00
113.712	S 12793101 -0.44 0.35 0.00 0.00 HOLD
113.731	>>> V 0.00 0.00
113.732	S 12793121 -0.44 0.35 0.00 0.00 HOLD
113.752	>>> V 0.00 0.00
113.753	S 12793141 -0.44 0.26 0.00 0.00 HOLD
113.771	>>> V 0.00 0.00
113.772	S 12793161 -0.53 0.26 0.00 0.00 HOLD
113.792	>>> V 0.00 0.00
113.792	S 12793181 -0.44 0.26 0.00 0.00 HOLD
113.813	>>> V 0.00 0.00
113.816	S 12793201 -0.44 0.26 0.00 0.00 HOLD
113.832	>>> V 0.00 0.00
113.835	S 12793221 -0.44 0.26 0.00 0.00 HOLD
113.853	>>> V 0.00 0.00
113.854	S 12793241 -0.53 0.26 0.00 0.00 HOLD
113.871	>>> V 0.00 0.00
113.872	S 12793261 -0.44 0.26 0.00 0.00 HOLD
113.893	>>> V 0.00 0.00
113.894	S 12793281 -0.44 0.26 0.00 0.00 HOLD
113.912	>>> V 0.00 0.00
113.913	S 12793301 -0.53 0.26 0.00 0.00 HOLD
113.933	>>> V 0.00 0.00
113.933	S 12793321 -0.44 0.26 0.00 0.00 HOLD
113.952	>>> V 0.00 0.00
113.954	S 12793341 -0.53 0.26 0.00 0.00 HOLD
113.973	>>> V 0.00 0.00
113.977	S 12793361 -0.44 0.26 0.00 0.00 HOLD
113.992	>>> V 0.00 0.00
113.992	S 12793381 -0.53 0.35 0.00 0.00 HOLD
114.012	>>> V 0.00 0.00
114.012	S 12793401 -0.53 0.26 0.00 0.00 HOLD
114.031	>>> V 0.00 0.00
114.032	S 12793421 -0.53 0.26 0.00 0.00 HOLD
114.054	>>> V 0.00 0.00
114.054	S 12793441 -0.44 0.26 0.00 0.00 HOLD
114.071	>>> V 0.00 0.00
114.072	S 12793461 -0.53 0.26 0.00 0.00 HOLD
114.095	>>> V 0.00 0.00
114.096	S 12793481 -0.53 0.26 0.00 0.00 HOLD
114.112	>>> V 0.00 0.00
114.113	S 12793501 -0.44 0.26 0.00 0.00 HOLD
114.132	>>> V 0.00 0.00
114.132	S 12793521 -0.44 0.26 0.00 0.00 HOLD
114.156	>>> V 0.00 0.00
114.156	S 12793541 -0.44 0.26 0.00 0.00 HOLD
114.172	>>> V 0.00 0.00
114.174	S 12793561 -0.44 0.26 0.00 0.00 HOLD
114.194	>>> V 0.00 0.00
114.195	S 12793581 -0.44 0.26 0.00 0.00 HOLD
114.212	>>> V 0.00 0.00
114.213	S 12793601 -0.44 0.26 0.00 0.00 HOLD
114.232	>>> V 0.00 0.00
114.233	S 12793621 -0.44 0.35 0.00 0.00 HOLD
114.254	>>> V 0.00 0.00
114.255	S 12793641 -0.44 0.26 0.00 0.00 HOLD
114.272	>>> V 0.00 0.00
114.272	S 12793661 -0.53 0.26 0.00 0.00 HOLD
114.296	>>> V 0.00 0.00
114.298	S 12793681 -0.44 0.26 0.00 0.00 HOLD
114.317	>>> V 0.00 0.00
114.318	S 12793701 -0.53 0.26 0.00 0.00 HOLD
114.342	>>> V 0.00 0.00
114.342	S 12793721 -0.44 0.26 0.00 0.00 HOLD
114.353	>>> V 0.00 0.00
114.354	S 12793741 -0.53 0.26 0.00 0.00 HOLD
114.372	>>> V 0.00 0.00
114.375	S 12793761 -0.53 0.26 0.00 0.00 HOLD
114.391	>>> V 0.00 0.00
114.392	S 12793781 -0.44 0.26 0.00 0.00 HOLD
114.413	>>> V 0.00 0.00
114.415	S 12793801 -0.44 0.26 0.00 0.00 HOLD
114.432	>>> V 0.00 0.00
114.432	S 12793821 -0.44 0.26 0.00 0.00 HOLD
114.453	>>> V 0.00 0.00
114.454	S 12793841 -0.44 0.35 0.00 0.00 HOLD
114.472	>>> V 0.00 0.00
114.472	S 12793861 -0.44 0.26 0.00 0.00 HOLD
114.496	>>> V 0.00 0.00
114.500	S 12793881 -0.44 0.26 0.00 0.00 HOLD
114.514	>>> V 0.00 0.00
114.517	S 12793901 -0.44 0.26 0.00 0.00 HOLD
114.535	>>> V 0.00 0.00
114.537	S 12793921 -0.53 0.26 0.00 0.00 HOLD
114.555	>>> V 0.00 0.00
114.558	S 12793941 -0.44 0.26 0.00 0.00 HOLD
114.572	>>> V 0.00 0.00
114.572	S 12793961 -0.44 0.26 0.00 0.00 HOLD
114.592	>>> V 0.00 0.00
114.592	S 12793981 -0.44 0.26 0.00 0.00 HOLD
114.611	>>> V 0.00 0.00
114.612	S 12794001 -0.44 0.26 0.00 0.00 HOLD
114.632	>>> V 0.00 0.00
114.633	S 12794021 -0.44 0.26 0.00 0.00 HOLD
114.651	>>> V 0.00 0.00
114.652	S 12794041 -0.44 0.26 0.00 0.00 HOLD
114.673	>>> V 0.00 0.00
114.674	S 12794061 -0.44 0.26 0.00 0.00 HOLD
114.692	>>> V 0.00 0.00
114.694	S 12794081 -0.44 0.26 0.00 0.00 HOLD
114.713	>>> V 0.00 0.00
114.718	S 12794101 -0.44 0.26 0.00 0.00 HOLD
114.732	>>> V 0.00 0.00
114.732	S 12794121 -0.53 0.26 0.00 0.00 HOLD
114.752	>>> V 0.00 0.00
114.753	S 12794141 -0.44 0.26 0.00 0.00 HOLD
114.771	>>> V 0.00 0.00
114.772	S 12794161 -0.44 0.26 0.00 0.00 HOLD
114.793	>>> V 0.00 0.00
114.793	S 12794181 -0.44 0.26 0.00 0.00 HOLD
114.811	>>> V 0.00 0.00
114.812	S 12794201 -0.53 0.26 0.00 0.00 HOLD
114.832	>>> V 0.00 0.00
114.833	S 12794221 -0.44 0.26 0.00 0.00 HOLD
114.852	>>> V 0.00 0.00
114.855	S 12794241 -0.44 0.26 0.00 0.00 HOLD
114.874	>>> V 0.00 0.00
114.877	S 12794261 -0.53 0.26 0.00 0.00 HOLD
114.892	>>> V 0.00 0.00
114.893	S 12794281 -0.44 0.26 0.00 0.00 HOLD
114.911	>>> V 0.00 0.00
114.913	S 12794301 -0.44 0.26 0.00 0.00 HOLD
114.932	>>> V 0.00 0.00
114.933	S 12794321 -0.44 0.26 0.00 0.00 HOLD
114.952	>>> V 0.00 0.00
114.952	S 12794341 -0.44 0.26 0.00 0.00 HOLD
114.972	>>> V 0.00 0.00
114.973	S 12794361 -0.44 0.26 0.00 0.00 HOLD
114.991	>>> V 0.00 0.00
114.992	S 12794381 -0.44 0.26 0.00 0.00 HOLD
115.012	>>> V 0.00 0.00
115.015	S 12794401 -0.44 0.26 0.00 0.00 HOLD
115.034	>>> V 0.00 0.00
115.035	S 12794421 -0.53 0.26 0.00 0.00 HOLD
115.053	>>> V 0.00 0.00
115.054	S 12794441 -0.44 0.26 0.00 0.00 HOLD
115.071	>>> V 0.00 0.00
115.072	S 12794461 -0.53 0.26 0.00 0.00 HOLD
115.091	>>> V 0.00 0.00
115.092	S 12794481 -0.44 0.26 0.00 0.00 HOLD
115.111	>>> V 0.00 0.00
115.112	S 12794501 -0.44 0.26 0.00 0.00 HOLD
115.132	>>> V 0.00 0.00
115.132	S 12794521 -0.44 0.26 0.00 0.00 HOLD
115.151	>>> V 0.00 0.00
115.152	S 12794541 -0.44 0.26 0.00 0.00 HOLD
115.172	>>> V 0.00 0.00
115.173	S 12794561 -0.44 0.26 0.00 0.00 HOLD
115.191	>>> V 0.00 0.00
115.192	S 12794581 -0.44 0.26 0.00 0.00 HOLD
115.212	>>> V 0.00 0.00
115.214	S 12794601 -0.44 0.26 0.00 0.00 HOLD
115.233	>>> V 0.00 0.00
115.234	S 12794621 -0.44 0.26 0.00 0.00 HOLD
115.252	>>> V 0.00 0.00
115.256	S 12794641 -0.44 0.26 0.00 0.00 HOLD
115.273	>>> V 0.00 0.00
115.274	S 12794661 -0.53 0.26 0.00 0.00 HOLD
115.293	>>> V 0.00 0.00
115.293	S 12794681 -0.44 0.26 0.00 0.00 HOLD
115.314	>>> V 0.00 0.00
115.315	S 12794701 -0.44 0.26 0.00 0.00 HOLD
115.332	>>> V 0.00 0.00
115.332	S 12794721 -0.44 0.26 0.00 0.00 HOLD
115.352	>>> V 0.00 0.00
115.353	S 12794741 -0.44 0.26 0.00 0.00 HOLD
115.372	>>> V 0.00 0.00
115.372	S 12794761 -0.44 0.26 0.00 0.00 HOLD
115.392	>>> V 0.00 0.00
115.393	S 12794781 -0.53 0.26 0.00 0.00 HOLD
115.412	>>> V 0.00 0.00
115.413	S 12794801 -0.53 0.26 0.00 0.00 HOLD
115.434	>>> V 0.00 0.00
115.435	S 12794821 -0.44 0.26 0.00 0.00 HOLD
115.451	>>> V 0.00 0.00
115.452	S 12794841 -0.44 0.26 0.00 0.00 HOLD
115.473	>>> V 0.00 0.00
115.474	S 12794861 -0.44 0.26 0.00 0.00 HOLD
115.491	>>> V 0.00 0.00
115.493	S 12794881 -0.44 0.26 0.00 0.00 HOLD
115.513	>>> V 0.00 0.00
115.514	S 12794901 -0.44 0.26 0.00 0.00 HOLD
115.532	>>> V 0.00 0.00
115.533	S 12794921 -0.53 0.35 0.00 0.00 HOLD
115.552	>>> V 0.00 0.00
115.552	S 12794941 -0.53 0.26 0.00 0.00 HOLD
115.572	>>> V 0.00 0.00
115.573	S 12794961 -0.44 0.26 0.00 0.00 HOLD
115.593	>>> V 0.00 0.00
115.594	S 12794981 -0.44 0.26 0.00 0.00 HOLD
115.616	>>> V 0.00 0.00
115.618	S 12795001 -0.44 0.26 0.00 0.00 HOLD
115.643	>>> V 0.00 0.00
115.643	S 12795021 -0.44 0.26 0.00 0.00 HOLD
115.653	>>> V 0.00 0.00
115.654	S 12795041 -0.53 0.35 0.00 0.00 HOLD
115.672	>>> V 0.00 0.00
115.673	S 12795061 -0.44 0.26 0.00 0.00 HOLD
115.692	>>> V 0.00 0.00
115.694	S 12795081 -0.44 0.26 0.00 0.00 HOLD
115.714	>>> V 0.00 0.00
115.714	S 12795101 -0.44 0.26 0.00 0.00 HOLD
115.732	>>> V 0.00 0.00
115.733	S 12795121 -0.44 0.26 0.00 0.00 HOLD
115.753	>>> V 0.00 0.00
115.754	S 12795141 -0.53 0.26 0.00 0.00 HOLD
115.774	>>> V 0.00 0.00
115.775	S 12795161 -0.53 0.26 0.00 0.00 HOLD
115.792	>>> V 0.00 0.00
115.797	S 12795181 -0.53 0.26 0.00 0.00 HOLD
115.817	>>> V 0.00 0.00
115.818	S 12795201 -0.53 0.26 0.00 0.00 HOLD
115.832	>>> V 0.00 0.00
115.832	S 12795221 -0.44 0.26 0.00 0.00 HOLD
115.851	>>> V 0.00 0.00
115.853	S 12795241 -0.44 0.26 0.00 0.00 HOLD
115.871	>>> V 0.00 0.00
115.872	S 12795261 -0.44 0.26 0.00 0.00 HOLD
115.893	>>> V 0.00 0.00
115.894	S 12795281 -0.53 0.26 0.00 0.00 HOLD
115.911	>>> V 0.00 0.00
115.912	S 12795301 -0.53 0.26 0.00 0.00 HOLD
115.932	>>> V 0.00 0.00
115.933	S 12795321 -0.44 0.26 0.00 0.00 HOLD
115.952	>>> V 0.00 0.00
115.952	S 12795341 -0.44 0.26 0.00 0.00 HOLD
115.972	>>> V 0.00 0.00
115.975	S 12795361 -0.44 0.26 0.00 0.00 HOLD
115.993	>>> V 0.00 0.00
115.993	S 12795381 -0.44 0.26 0.00 0.00 HOLD
116.012	>>> V 0.00 0.00
116.012	S 12795401 -0.53 0.26 0.00 0.00 HOLD
116.032	>>> V 0.00 0.00
116.032	S 12795421 -0.53 0.26 0.00 0.00 HOLD
116.052	>>> V 0.00 0.00
116.053	S 12795441 -0.44 0.26 0.00 0.00 HOLD
116.072	>>> V 0.00 0.00
116.072	S 12795461 -0.53 0.26 0.00 0.00 HOLD
116.093	>>> V 0.00 0.00
116.094	S 12795481 -0.44 0.26 0.00 0.00 HOLD
116.112	>>> V 0.00 0.00
116.113	S 12795502 -0.44 0.26 0.00 0.00 HOLD
116.132	>>> V 0.00 0.00
116.134	S 12795522 -0.44 0.26 0.00 0.00 HOLD
116.153	>>> V 0.00 0.00
116.154	S 12795542 -0.44 0.26 0.00 0.00 HOLD
116.172	>>> V 0.00 0.00
116.172	S 12795562 -0.53 0.26 0.00 0.00 HOLD
116.194	>>> V 0.00 0.00
116.195	S 12795582 -0.44 0.26 0.00 0.00 HOLD
116.213	>>> V 0.00 0.00
116.215	S 12795602 -0.53 0.35 0.00 0.00 HOLD
116.233	>>> V 0.00 0.00
116.233	S 12795622 -0.44 0.26 0.00 0.00 HOLD
116.253	>>> V 0.00 0.00
116.255	S 12795642 -0.44 0.26 0.00 0.00 HOLD
116.272	>>> V 0.00 0.00
116.272	S 12795662 -0.44 0.26 0.00 0.00 HOLD
116.299	>>> V 0.00 0.00
116.299	S 12795682 -0.44 0.35 0.00 0.00 HOLD
116.314	>>> V 0.00 0.00
116.316	S 12795702 -0.44 0.26 0.00 0.00 HOLD
116.333	>>> V 0.00 0.00
116.333	S 12795722 -0.53 0.26 0.00 0.00 HOLD
116.351	>>> V 0.00 0.00
116.352	S 12795742 -0.44 0.26 0.00 0.00 HOLD
116.374	>>> V 0.00 0.00
116.374	S 12795762 -0.44 0.26 0.00 0.00 HOLD
116.391	>>> V 0.00 0.00
116.394	S 12795782 -0.44 0.26 0.00 0.00 HOLD
116.415	>>> V 0.00 0.00
116.416	S 12795802 -0.44 0.26 0.00 0.00 HOLD
116.432	>>> V 0.00 0.00
116.433	S 12795822 -0.53 0.26 0.00 0.00 HOLD
116.454	>>> V 0.00 0.00
116.456	S 12795842 -0.44 0.26 0.00 0.00 HOLD
116.471	>>> V 0.00 0.00
116.472	S 12795862 -0.44 0.35 0.00 0.00 HOLD
116.496	>>> V 0.00 0.00
116.498	S 12795882 -0.44 0.26 0.00 0.00 HOLD
116.512	>>> V 0.00 0.00
116.512	S 12795902 -0.44 0.26 0.00 0.00 HOLD
116.533	>>> V 0.00 0.00
116.534	S 12795922 -0.44 0.26 0.00 0.00 HOLD
116.552	>>> V 0.00 0.00
116.552	S 12795942 -0.44 0.26 0.00 0.00 HOLD
116.575	>>> V 0.00 0.00
116.575	S 12795962 -0.53 0.26 0.00 0.00 HOLD
116.591	>>> V 0.00 0.00
116.592	S 12795982 -0.53 0.26 0.00 0.00 HOLD
116.612	>>> V 0.00 0.00
116.613	S 12796002 -0.53 0.26 0.00 0.00 HOLD
116.636	>>> V 0.00 0.00
116.637	S 12796022 -0.53 0.26 0.00 0.00 HOLD
116.652	>>> V 0.00 0.00
116.655	S 12796042 -0.44 0.26 0.00 0.00 HOLD
116.672	>>> V 0.00 0.00
116.673	S 12796062 -0.44 0.26 0.00 0.00 HOLD
116.693	>>> V 0.00 0.00
116.694	S 12796082 -0.44 0.26 0.00 0.00 HOLD
116.711	>>> V 0.00 0.00
116.712	S 12796102 -0.44 0.26 0.00 0.00 HOLD
116.733	>>> V 0.00 0.00
116.735	S 12796122 -0.44 0.26 0.00 0.00 HOLD
116.752	>>> V 0.00 0.00
116.752	S 12796142 -0.44 0.26 0.00 0.00 HOLD
116.772	>>> V 0.00 0.00
116.772	S 12796162 -0.44 0.35 0.00 0.00 HOLD
116.795	>>> V 0.00 0.00
116.798	S 12796182 -0.53 0.26 0.00 0.00 HOLD
116.812	>>> V 0.00 0.00
116.813	S 12796202 -0.44 0.26 0.00 0.00 HOLD
116.832	>>> V 0.00 0.00
116.833	S 12796222 -0.44 0.26 0.00 0.00 HOLD
116.852	>>> V 0.00 0.00
116.853	S 12796242 -0.44 0.26 0.00 0.00 HOLD
116.873	>>> V 0.00 0.00
116.876	S 12796262 -0.53 0.26 0.00 0.00 HOLD
116.893	>>> V 0.00 0.00
116.894	S 12796282 -0.44 0.26 0.00 0.00 HOLD
116.911	>>> V 0.00 0.00
116.912	S 12796302 -0.44 0.26 0.00 0.00 HOLD
116.933	>>> V 0.00 0.00
116.934	S 12796322 -0.44 0.26 0.00 0.00 HOLD
116.951	>>> V 0.00 0.00
116.952	S 12796342 -0.44 0.35 0.00 0.00 HOLD
116.973	>>> V 0.00 0.00
116.974	S 12796362 -0.44 0.26 0.00 0.00 HOLD
116.993	>>> V 0.00 0.00
116.995	S 12796382 -0.44 0.26 0.00 0.00 HOLD
117.012	>>> V 0.00 0.00
117.014	S 12796402 -0.53 0.26 0.00 0.00 HOLD
117.037	>>> V 0.00 0.00
117.037	S 12796422 -0.53 0.26 0.00 0.00 HOLD
117.052	>>> V 0.00 0.00
117.055	S 12796442 -0.53 0.26 0.00 0.00 HOLD
117.073	>>> V 0.00 0.00
117.074	S 12796462 -0.44 0.26 0.00 0.00 HOLD
117.092	>>> V 0.00 0.00
117.092	S 12796482 -0.44 0.26 0.00 0.00 HOLD
117.111	>>> V 0.00 0.00
117.112	S 12796502 -0.53 0.26 0.00 0.00 HOLD
117.132	>>> V 0.00 0.00
117.133	S 12796522 -0.53 0.26 0.00 0.00 HOLD
117.152	>>> V 0.00 0.00
117.152	S 12796542 -0.53 0.26 0.00 0.00 HOLD
117.175	>>> V 0.00 0.00
117.176	S 12796562 -0.53 0.26 0.00 0.00 HOLD
117.193	>>> V 0.00 0.00
117.194	S 12796582 -0.44 0.26 0.00 0.00 HOLD
117.214	>>> V 0.00 0.00
117.215	S 12796602 -0.44 0.26 0.00 0.00 HOLD
117.233	>>> V 0.00 0.00
117.234	S 12796622 -0.44 0.26 0.00 0.00 HOLD
117.251	>>> V 0.00 0.00
117.253	S 12796642 -0.53 0.26 0.00 0.00 HOLD
117.272	>>> V 0.00 0.00
117.273	S 12796662 -0.44 0.26 0.00 0.00 HOLD
117.291	>>> V 0.00 0.00
117.292	S 12796682 -0.44 0.26 0.00 0.00 HOLD
117.313	>>> V 0.00 0.00
117.314	S 12796702 -0.44 0.26 0.00 0.00 HOLD
117.331	>>> V 0.00 0.00
117.332	S 12796722 -0.53 0.26 0.00 0.00 HOLD
117.353	>>> V 0.00 0.00
117.354	S 12796742 -0.44 0.26 0.00 0.00 HOLD
117.373	>>> V 0.00 0.00
117.373	S 12796762 -0.53 0.26 0.00 0.00 HOLD
117.392	>>> V 0.00 0.00
117.394	S 12796782 -0.53 0.26 0.00 0.00 HOLD
117.412	>>> V 0.00 0.00
117.413	S 12796802 -0.44 0.26 0.00 0.00 HOLD
117.436	>>> V 0.00 0.00
117.437	S 12796822 -0.44 0.26 0.00 0.00 HOLD
117.455	>>> V 0.00 0.00
117.458	S 12796842 -0.53 0.35 0.00 0.00 HOLD
117.474	>>> V 0.00 0.00
117.474	S 12796862 -0.44 0.26 0.00 0.00 HOLD
117.494	>>> V -17.35 48.92
117.497	S 12796882 -0.44 0.26 0.00 0.00 HOLD
117.511	>>> V -17.35 48.92
117.512	S 12796902 -0.53 0.26 0.00 0.00 TRACK
117.535	>>> V -17.35 48.94
117.536	S 12796922 -0.44 0.26 0.00 0.00 TRACK
117.552	>>> V -17.35 48.94
117.553	S 12796942 -0.53 0.26 0.00 0.00 TRACK
117.575	>>> V -17.35 48.94
117.577	S 12796962 -0.70 0.35 -1.37 0.00 TRACK
117.595	>>> V -17.35 48.92
117.599	S 12796982 -0.97 0.70 -4.12 1.37 TRACK
117.621	>>> V -17.35 48.92
117.625	S 12797002 -1.23 1.41 -8.24 8.24 TRACK
117.630	S 12797022 -1.41 2.02 -9.62 16.49 TRACK
117.634	>>> V -17.35 48.92
117.653	>>> V -17.34 48.93
117.653	S 12797042 -1.67 2.90 -10.99 26.11 TRACK
117.672	>>> V -17.34 48.93
117.673	S 12797062 -2.02 3.78 -12.37 32.98 TRACK
117.693	>>> V -17.35 48.92
117.695	S 12797082 -2.46 4.75 -13.74 38.47 TRACK
117.712	>>> V -17.34 48.93
117.712	S 12797102 -2.90 5.71 -16.49 42.59 TRACK
117.731	>>> V -17.35 48.93
117.732	S 12797122 -3.25 6.68 -17.86 46.72 TRACK
117.760	>>> V -17.35 48.93
117.766	S 12797142 -3.60 7.73 -17.86 48.09 TRACK
117.768	S 12797162 -3.96 8.88 -17.86 49.46 TRACK
117.785	>>> V -17.35 48.93
117.791	S 12797182 -4.31 10.02 -17.86 52.21 TRACK
117.801	>>> V -17.35 48.93
117.804	S 12797202 -4.66 11.07 -17.86 53.59 TRACK
117.816	>>> V -17.35 48.93
117.832	>>> V -15.92 48.75
117.832	S 12797222 -5.01 11.78 -17.86 52.21 TRACK
117.853	>>> V -15.04 48.32
117.854	S 12797242 -5.36 12.66 -16.49 48.09 TRACK
117.874	>>> V -15.04 48.32
117.875	S 12797262 -5.71 13.62 -16.49 43.97 TRACK
117.893	>>> V -13.95 44.96
117.894	S 12797282 -6.06 14.77 -16.49 45.34 TRACK
117.913	>>> V -13.95 44.96
117.914	S 12797302 -6.50 15.91 -16.49 49.46 TRACK
117.931	>>> V -13.95 44.96
117.932	S 12797322 -6.86 16.87 -16.49 52.21 TRACK
117.952	>>> V -12.64 40.52
117.954	S 12797342 -7.21 17.93 -16.49 52.21 TRACK
117.972	>>> V -12.64 40.52
117.972	S 12797362 -7.47 18.81 -15.11 49.46 TRACK
117.994	>>> V -10.32 30.31
117.994	S 12797382 -7.73 19.69 -15.11 46.72 TRACK
118.011	>>> V -10.32 30.31
118.014	S 12797402 -8.00 20.57 -13.74 45.34 TRACK
118.032	>>> V -9.20 25.24
118.033	S 12797422 -8.35 21.36 -13.74 43.97 TRACK
118.052	>>> V -9.20 25.24
118.052	S 12797442 -8.53 22.15 -12.37 41.22 TRACK
118.071	>>> V -8.09 21.73
118.072	S 12797462 -8.79 22.85 -12.37 39.85 TRACK
118.092	>>> V -8.09 21.73
118.093	S 12797482 -9.05 23.47 -10.99 37.10 TRACK
118.113	>>> V -8.09 21.73
118.114	S 12797502 -9.32 23.99 -10.99 34.35 TRACK
118.133	>>> V -5.93 13.95
118.134	S 12797522 -9.49 24.52 -9.62 30.23 TRACK
118.155	>>> V -5.93 13.95
118.156	S 12797542 -9.67 25.05 -9.62 27.48 TRACK
118.172	>>> V -5.93 13.95
118.172	S 12797562 -9.84 25.49 -9.62 26.11 TRACK
118.192	>>> V -4.89 9.46
118.193	S 12797582 -9.93 25.93 -8.24 23.36 TRACK
118.214	>>> V -4.89 9.46
118.217	S 12797602 -10.11 26.28 -6.87 21.98 TRACK
118.231	>>> V -3.94 5.49
118.233	S 12797622 -10.20 26.63 -6.87 19.24 TRACK
118.252	>>> V -2.20 0.00
118.252	S 12797642 -10.28 26.89 -5.50 17.86 TRACK
118.274	>>> V -2.20 0.00
118.277	S 12797662 -10.46 27.07 -5.50 15.11 TRACK
118.292	>>> V -2.20 0.00
118.297	S 12797682 -10.55 27.25 -4.12 13.74 TRACK
118.312	>>> V 0.00 -5.81
118.316	S 12797702 -10.63 27.33 -4.12 10.99 TRACK
118.331	>>> V 0.00 -5.81
118.332	S 12797722 -10.63 27.33 -4.12 6.87 TRACK
118.352	>>> V 0.00 -5.81
118.352	S 12797742 -10.72 27.33 -4.12 4.12 TRACK
118.371	>>> V 0.00 -9.00
118.373	S 12797762 -10.72 27.33 -2.75 1.37 TRACK
118.392	>>> V 0.00 -13.45
118.392	S 12797782 -10.72 27.33 -1.37 0.00 TRACK
118.416	>>> V 0.00 -13.45
118.418	S 12797802 -10.72 27.25 0.00 0.00 TRACK
118.433	>>> V 0.00 -13.45
118.434	S 12797822 -10.72 27.07 0.00 -1.37 TRACK
118.457	>>> V 0.00 -15.25
118.458	S 12797842 -10.72 26.89 0.00 -4.12 TRACK
118.472	>>> V 0.00 -15.25
118.473	S 12797862 -10.72 26.63 0.00 -5.50 TRACK
118.493	>>> V 0.00 -15.25
118.494	S 12797882 -10.72 26.37 0.00 -8.24 TRACK
118.512	>>> V 0.00 -18.03
118.515	S 12797902 -10.72 26.10 0.00 -10.99 TRACK
118.540	>>> V 0.00 -18.03
118.541	S 12797922 -10.72 25.84 0.00 -10.99 TRACK
118.556	>>> V 2.11 -19.03
118.558	S 12797942 -10.72 25.58 0.00 -12.37 TRACK
118.573	>>> V 2.11 -19.03
118.575	S 12797962 -10.72 25.31 0.00 -12.37 TRACK
118.594	>>> V 2.42 -19.41
118.594	S 12797982 -10.72 24.87 0.00 -13.74 TRACK
118.612	>>> V 2.42 -19.41
118.613	S 12798002 -10.72 24.52 0.00 -15.11 TRACK
118.634	>>> V 2.49 -19.30
118.636	S 12798022 -10.72 24.17 0.00 -16.49 TRACK
118.656	>>> V 2.49 -19.30
118.657	S 12798042 -10.63 23.82 0.00 -16.49 TRACK
118.671	>>> V 2.49 -18.94
118.672	S 12798062 -10.55 23.47 0.00 -16.49 TRACK
118.693	>>> V 2.49 -18.94
118.694	S 12798082 -10.46 23.03 1.37 -17.86 TRACK
118.712	>>> V 2.49 -18.27
118.713	S 12798102 -10.46 22.68 2.75 -17.86 TRACK
118.732	>>> V 2.49 -18.27
118.733	S 12798122 -10.37 22.32 2.75 -17.86 TRACK
118.752	>>> V 2.49 -18.27
118.753	S 12798142 -10.46 21.88 2.75 -17.86 TRACK
118.773	>>> V 2.51 -16.06
118.774	S 12798162 -10.37 21.53 0.00 -17.86 TRACK
118.793	>>> V 2.51 -16.06
118.794	S 12798182 -10.28 21.18 0.00 -17.86 TRACK
118.812	>>> V 2.52 -14.86
118.815	S 12798202 -10.20 20.83 1.37 -17.86 TRACK
118.833	>>> V 2.52 -13.42
118.835	S 12798222 -10.11 20.48 2.75 -17.86 TRACK
118.853	>>> V 2.52 -13.42
118.854	S 12798242 -10.02 20.13 4.12 -17.86 TRACK
118.873	>>> V 2.52 -13.42
118.876	S 12798262 -10.02 19.78 4.12 -16.49 TRACK
118.893	>>> V 2.52 -10.27
118.896	S 12798282 -10.02 19.51 2.75 -16.49 TRACK
118.912	>>> V 2.52 -10.27
118.913	S 12798302 -10.02 19.16 1.37 -15.11 TRACK
118.932	>>> V 2.52 -10.27
118.932	S 12798322 -9.93 18.90 1.37 -15.11 TRACK
118.952	>>> V 2.06 -6.99
118.952	S 12798342 -9.76 18.63 1.37 -15.11 TRACK
118.972	>>> V 2.06 -6.99
118.973	S 12798362 -9.67 18.37 2.75 -13.74 TRACK
118.994	>>> V 2.08 -5.32
118.994	S 12798382 -9.67 18.19 4.12 -12.37 TRACK
119.021	>>> V 1.82 -3.66
119.021	S 12798402 -9.67 18.02 2.75 -10.99 TRACK
119.034	>>> V 1.82 -3.66
119.034	S 12798422 -9.67 17.84 1.37 -9.62 TRACK
119.057	>>> V 1.82 -3.66
119.057	S 12798442 -9.67 17.58 0.00 -8.24 TRACK
119.073	>>> V 0.00 0.00
119.074	S 12798462 -9.67 17.49 0.00 -6.87 TRACK
119.091	>>> V 0.00 0.00
119.093	S 12798482 -9.58 17.40 0.00 -6.87 TRACK
119.111	>>> V 0.00 0.00
119.113	S 12798502 -9.49 17.31 1.37 -5.50 TRACK
119.134	>>> V 0.00 0.00
119.136	S 12798522 -9.49 17.31 1.37 -4.12 TRACK
119.152	>>> V 0.00 0.00
119.154	S 12798542 -9.49 17.23 1.37 -2.75 TRACK
119.171	>>> V 0.00 0.00
119.172	S 12798562 -9.49 17.23 0.00 -1.37 TRACK
119.194	>>> V 0.00 2.96
119.197	S 12798582 -9.49 17.23 0.00 -1.37 TRACK
119.211	>>> V 0.00 2.96
119.214	S 12798602 -9.49 17.31 0.00 0.00 TRACK
119.233	>>> V 0.00 4.00
119.236	S 12798622 -9.49 17.23 0.00 0.00 TRACK
119.252	>>> V 0.00 4.00
119.253	S 12798642 -9.49 17.23 0.00 0.00 TRACK
119.273	>>> V 0.00 4.77
119.274	S 12798662 -9.49 17.31 0.00 0.00 TRACK
119.292	>>> V 0.00 4.77
119.293	S 12798682 -9.49 17.23 0.00 0.00 TRACK
119.313	>>> V 0.00 5.74
119.316	S 12798702 -9.49 17.40 0.00 0.00 TRACK
119.331	>>> V 0.00 5.74
119.332	S 12798722 -9.49 17.49 0.00 1.37 TRACK
119.354	>>> V 0.00 5.98
119.356	S 12798742 -9.58 17.58 0.00 4.12 TRACK
119.372	>>> V 0.00 5.98
119.373	S 12798762 -9.49 17.84 0.00 4.12 TRACK
119.394	>>> V 0.00 5.98
119.395	S 12798782 -9.49 17.93 0.00 4.12 TRACK
119.412	>>> V 0.00 5.98
119.412	S 12798802 -9.49 18.02 0.00 5.50 TRACK
119.433	>>> V 0.00 6.11
119.434	S 12798822 -9.49 18.11 0.00 5.50 TRACK
119.452	>>> V 0.00 6.14
119.454	S 12798842 -9.49 18.19 0.00 4.12 TRACK
119.472	>>> V 0.00 6.14
119.472	S 12798862 -9.49 18.37 0.00 4.12 TRACK
119.492	>>> V 0.00 6.12
119.495	S 12798882 -9.49 18.46 0.00 4.12 TRACK
119.513	>>> V 0.00 6.04
119.513	S 12798902 -9.58 18.54 0.00 4.12 TRACK
119.536	>>> V 0.00 5.86
119.538	S 12798922 -9.49 18.63 0.00 5.50 TRACK
119.554	>>> V 0.00 5.86
119.554	S 12798942 -9.49 18.81 0.00 5.50 TRACK
119.579	>>> V 0.00 5.86
119.581	S 12798962 -9.49 18.90 0.00 5.50 TRACK
119.593	>>> V 0.00 3.82
119.594	S 12798982 -9.49 19.07 0.00 5.50 TRACK
119.613	>>> V 0.00 3.82
119.614	S 12799002 -9.49 19.16 0.00 5.50 TRACK
119.633	>>> V 0.00 3.38
119.634	S 12799022 -9.49 19.25 0.00 5.50 TRACK
119.652	>>> V 0.00 2.94
119.654	S 12799042 -9.58 19.25 0.00 4.12 TRACK
119.674	>>> V 0.00 2.94
119.674	S 12799062 -9.58 19.34 0.00 2.75 TRACK
119.693	>>> V 0.00 0.00
119.693	S 12799082 -9.49 19.34 0.00 2.75 TRACK
119.712	>>> V 0.00 0.00
119.712	S 12799102 -9.49 19.42 0.00 1.37 TRACK
119.732	>>> V 0.00 0.00
119.734	S 12799122 -9.49 19.42 0.00 1.37 TRACK
119.757	>>> V 0.00 0.00
119.760	S 12799142 -9.49 19.42 0.00 1.37 TRACK
119.771	>>> V 0.00 0.00
119.774	S 12799162 -9.49 19.51 0.00 1.37 TRACK
119.792	>>> V 0.00 0.00
119.792	S 12799182 -9.49 19.42 0.00 0.00 TRACK
119.814	>>> V 0.00 0.00
119.814	S 12799202 -9.49 19.51 0.00 0.00 TRACK
119.833	>>> V 0.00 0.00
119.834	S 12799222 -9.49 19.51 0.00 0.00 TRACK
119.852	>>> V 0.00 0.00
119.852	S 12799242 -9.58 19.42 0.00 0.00 TRACK
119.874	>>> V 0.00 0.00
119.874	S 12799262 -9.58 19.51 0.00 0.00 TRACK
119.900	>>> V 0.00 0.00
119.900	S 12799282 -9.49 19.51 0.00 0.00 TRACK
119.913	>>> V 0.00 0.00
119.915	S 12799302 -9.49 19.42 0.00 0.00 TRACK
119.932	>>> V 0.00 0.00
119.932	S 12799322 -9.49 19.42 0.00 0.00 TRACK
119.951	>>> V 0.00 0.00
119.952	S 12799342 -9.49 19.42 0.00 0.00 TRACK
119.973	>>> V 0.00 0.00
119.974	S 12799362 -9.49 19.42 0.00 0.00 TRACK
119.992	>>> V 0.00 0.00
119.994	S 12799382 -9.49 19.42 0.00 0.00 TRACK
120.012	>>> V 0.00 0.00
120.013	S 12799402 -9.58 19.42 0.00 0.00 TRACK
120.032	>>> V 0.00 0.00
120.032	S 12799422 -9.49 19.51 0.00 0.00 TRACK
120.052	>>> V 0.00 0.00
120.054	S 12799442 -9.49 19.51 0.00 0.00 TRACK
120.071	>>> V 0.00 0.00
120.072	S 12799462 -9.49 19.51 0.00 0.00 TRACK
120.094	>>> V 0.00 0.00
120.094	S 12799482 -9.49 19.42 0.00 0.00 TRACK
120.113	>>> V 0.00 0.00
120.113	S 12799502 -9.49 19.51 0.00 0.00 TRACK
120.132	>>> V 0.00 0.00
120.133	S 12799522 -9.49 19.51 0.00 0.00 TRACK
120.152	>>> V 0.00 0.00
120.152	S 12799542 -9.49 19.42 0.00 0.00 TRACK
120.173	>>> V 0.00 0.00
120.173	S 12799562 -9.49 19.42 0.00 0.00 TRACK
120.192	>>> V 0.00 0.00
120.193	S 12799582 -9.49 19.51 0.00 0.00 TRACK
120.215	>>> V 0.00 0.00
120.215	S 12799602 -9.49 19.51 0.00 0.00 TRACK
120.233	>>> V 0.00 0.00
120.233	S 12799622 -9.49 19.42 0.00 0.00 TRACK
120.254	>>> V 0.00 0.00
120.255	S 12799642 -9.49 19.42 0.00 0.00 TRACK
120.272	>>> V 0.00 0.00
120.273	S 12799662 -9.49 19.42 0.00 0.00 TRACK
120.293	>>> V 0.00 0.00
120.296	S 12799682 -9.49 19.51 0.00 0.00 TRACK
120.313	>>> V 0.00 0.00
120.314	S 12799702 -9.49 19.51 0.00 0.00 TRACK
120.332	>>> V 0.00 0.00
120.333	S 12799722 -9.49 19.42 0.00 0.00 TRACK
120.352	>>> V 0.00 0.00
120.353	S 12799742 -9.49 19.42 0.00 0.00 TRACK
120.374	>>> V 0.00 0.00
120.376	S 12799762 -9.49 19.51 0.00 0.00 TRACK
120.392	>>> V 0.00 0.00
120.392	S 12799782 -9.49 19.51 0.00 0.00 TRACK
120.415	>>> V 0.00 0.00
120.418	S 12799802 -9.58 19.42 0.00 0.00 TRACK
120.433	>>> V 0.00 0.00
120.434	S 12799822 -9.49 19.42 0.00 0.00 TRACK
120.454	>>> V 0.00 0.00
120.457	S 12799842 -9.49 19.51 0.00 0.00 TRACK
120.474	>>> V 0.00 0.00
120.475	S 12799862 -9.49 19.42 0.00 0.00 TRACK
120.495	>>> V 0.00 0.00
120.496	S 12799882 -9.49 19.42 0.00 0.00 TRACK
120.512	>>> V 0.00 0.00
120.515	S 12799902 -9.49 19.42 0.00 0.00 TRACK
120.536	>>> V 0.00 0.00
120.536	S 12799922 -9.49 19.42 0.00 0.00 TRACK
120.555	>>> V 0.00 0.00
120.555	S 12799942 -9.49 19.42 0.00 0.00 TRACK
120.571	>>> V 0.00 0.00
120.574	S 12799962 -9.49 19.42 0.00 0.00 TRACK
120.592	>>> V 0.00 0.00
120.593	S 12799982 -9.49 19.42 0.00 0.00 TRACK
120.616	>>> V 0.00 0.00
120.616	S 12800002 -9.49 19.42 0.00 0.00 TRACK
120.636	>>> V 0.00 0.00
120.639	S 12800022 -9.49 19.42 0.00 0.00 TRACK
120.653	>>> V 0.00 0.00
120.653	S 12800042 -9.49 19.51 0.00 0.00 TRACK
120.673	>>> V 0.00 0.00
120.680	S 12800062 -9.49 19.51 0.00 0.00 TRACK
120.693	>>> V 0.00 0.00
120.694	S 12800082 -9.49 19.42 0.00 0.00 TRACK
120.713	>>> V 0.00 0.00
120.717	S 12800102 -9.49 19.42 0.00 0.00 TRACK
120.732	>>> V 0.00 0.00
120.732	S 12800122 -9.49 19.42 0.00 0.00 TRACK
120.755	>>> V 0.00 0.00
120.756	S 12800142 -9.49 19.51 0.00 0.00 TRACK
120.772	>>> V 0.00 0.00
120.772	S 12800162 -9.49 19.51 0.00 0.00 TRACK
120.794	>>> V 0.00 0.00
120.796	S 12800182 -9.49 19.42 0.00 0.00 TRACK
120.811	>>> V 0.00 0.00
120.813	S 12800202 -9.49 19.51 0.00 0.00 TRACK
120.832	>>> V 0.00 0.00
120.835	S 12800222 -9.49 19.42 0.00 0.00 TRACK
120.853	>>> V 0.00 0.00
120.856	S 12800242 -9.49 19.51 0.00 0.00 TRACK
120.877	>>> V 0.00 0.00
120.878	S 12800262 -9.49 19.51 0.00 0.00 TRACK
120.892	>>> V 0.00 0.00
120.893	S 12800282 -9.49 19.42 0.00 0.00 TRACK
120.912	>>> V 0.00 0.00
120.915	S 12800302 -9.49 19.42 0.00 0.00 TRACK
120.932	>>> V 0.00 0.00
120.932	S 12800322 -9.49 19.42 0.00 0.00 TRACK
120.952	>>> V 0.00 0.00
120.953	S 12800342 -9.49 19.42 0.00 0.00 TRACK
120.972	>>> V 0.00 0.00
120.972	S 12800362 -9.49 19.42 0.00 0.00 TRACK
120.993	>>> V 0.00 0.00
120.994	S 12800382 -9.49 19.51 0.00 0.00 TRACK
121.011	>>> V 0.00 0.00
121.012	S 12800402 -9.49 19.42 0.00 0.00 TRACK
121.035	>>> V 0.00 0.00
121.036	S 12800422 -9.49 19.42 0.00 0.00 TRACK
121.054	>>> V 0.00 0.00
121.055	S 12800442 -9.49 19.51 0.00 0.00 TRACK
121.079	>>> V 0.00 0.00
121.084	S 12800462 -9.49 19.51 0.00 0.00 TRACK
121.086	S 12800482 -9.49 19.42 0.00 0.00 TRACK
121.092	>>> V 0.00 0.00
121.112	>>> V 0.00 0.00
121.112	S 12800502 -9.49 19.51 0.00 0.00 TRACK
121.131	>>> V 0.00 0.00
121.132	S 12800522 -9.49 19.42 0.00 0.00 TRACK
121.151	>>> V 0.00 0.00
121.154	S 12800542 -9.49 19.51 0.00 0.00 TRACK
121.171	>>> V 0.00 0.00
121.172	S 12800562 -9.49 19.51 0.00 0.00 TRACK
121.200	>>> V 0.00 0.00
121.201	S 12800582 -9.49 19.42 0.00 0.00 TRACK
121.223	>>> V 0.00 0.00
121.224	S 12800602 -9.49 19.51 0.00 0.00 TRACK
121.233	>>> V 0.00 0.00
121.234	S 12800622 -9.49 19.42 0.00 0.00 TRACK
121.254	>>> V 0.00 0.00
121.257	S 12800642 -9.49 19.42 0.00 0.00 TRACK
121.281	>>> V 0.00 0.00
121.281	S 12800662 -9.49 19.42 0.00 0.00 TRACK
121.292	>>> V 0.00 0.00
121.293	S 12800682 -9.49 19.51 0.00 0.00 TRACK
121.312	>>> V 0.00 0.00
121.312	S 12800702 -9.49 19.42 0.00 0.00 TRACK
121.331	>>> V 0.00 0.00
121.333	S 12800722 -9.49 19.42 0.00 0.00 TRACK
121.352	>>> V 0.00 0.00
121.353	S 12800742 -9.49 19.42 0.00 0.00 TRACK
121.372	>>> V 0.00 0.00
121.372	S 12800762 -9.49 19.51 0.00 0.00 TRACK
121.391	>>> V 0.00 0.00
121.393	S 12800782 -9.49 19.42 0.00 0.00 TRACK
121.415	>>> V 0.00 0.00
121.415	S 12800802 -9.49 19.51 0.00 0.00 TRACK
121.437	>>> V 0.00 0.00
121.437	S 12800822 -9.49 19.42 0.00 0.00 TRACK
121.453	>>> V 0.00 0.00
121.455	S 12800842 -9.49 19.42 0.00 0.00 TRACK
121.476	>>> V 0.00 0.00
121.480	S 12800862 -9.49 19.42 0.00 0.00 TRACK
121.494	>>> V 0.00 0.00
121.495	S 12800882 -9.58 19.51 0.00 0.00 TRACK
121.513	>>> V 0.00 0.00
121.513	S 12800902 -9.49 19.51 0.00 0.00 TRACK
121.532	>>> V 0.00 0.00
121.533	S 12800922 -9.49 19.51 0.00 0.00 TRACK
121.551	>>> V 0.00 0.00
121.552	S 12800942 -9.49 19.42 0.00 0.00 TRACK
121.573	>>> V 0.00 0.00
121.574	S 12800962 -9.49 19.42 0.00 0.00 TRACK
121.592	>>> V 0.00 0.00
121.592	S 12800982 -9.49 19.51 0.00 0.00 TRACK
121.612	>>> V 0.00 4.36
121.616	S 12801002 -9.49 19.42 0.00 0.00 TRACK
121.632	>>> V 0.00 4.36
121.632	S 12801022 -9.49 19.42 0.00 0.00 TRACK
121.652	>>> V 0.00 0.00
121.654	S 12801042 -9.49 19.51 0.00 0.00 TRACK
121.671	>>> V 0.00 0.00
121.672	S 12801062 -9.49 19.51 0.00 0.00 TRACK
121.693	>>> V 0.00 0.00
121.693	S 12801082 -9.49 19.60 0.00 0.00 TRACK
121.712	>>> V 0.00 0.00
121.713	S 12801102 -9.49 19.60 0.00 1.37 TRACK
121.733	>>> V 0.00 0.00
121.733	S 12801122 -9.49 19.60 0.00 1.37 TRACK
121.755	>>> V 0.00 0.00
121.756	S 12801142 -9.49 19.60 0.00 0.00 TRACK
121.774	>>> V 0.00 0.00
121.775	S 12801162 -9.49 19.60 0.00 0.00 TRACK
121.795	>>> V 0.00 0.00
121.796	S 12801182 -9.49 19.69 0.00 0.00 TRACK
121.814	>>> V 0.00 0.00
121.815	S 12801202 -9.49 19.60 0.00 0.00 TRACK
121.834	>>> V 0.00 0.00
121.835	S 12801222 -9.49 19.60 0.00 0.00 TRACK
121.853	>>> V 0.00 0.00
121.854	S 12801242 -9.49 19.60 0.00 0.00 TRACK
121.872	>>> V 0.00 0.00
121.873	S 12801262 -9.49 19.60 0.00 0.00 TRACK
121.891	>>> V 0.00 0.00
121.892	S 12801282 -9.49 19.60 0.00 0.00 TRACK
121.912	>>> V 0.00 0.00
121.913	S 12801302 -9.49 19.60 0.00 0.00 TRACK
121.933	>>> V 0.00 0.00
121.933	S 12801322 -9.49 19.60 0.00 0.00 TRACK
121.951	>>> V 0.00 0.00
121.955	S 12801342 -9.49 19.60 0.00 0.00 TRACK
121.972	>>> V 0.00 0.00
121.974	S 12801362 -9.49 19.60 0.00 0.00 TRACK
121.994	>>> V 0.00 0.00
121.997	S 12801382 -9.49 19.60 0.00 0.00 TRACK
122.012	>>> V 0.00 0.00
122.012	S 12801402 -9.49 19.60 0.00 0.00 TRACK
122.033	>>> V -35.02 0.00
122.033	S 12801422 -9.49 19.60 0.00 0.00 TRACK
122.052	>>> V -35.02 0.00
122.052	S 12801442 -9.49 19.69 0.00 0.00 TRACK
122.073	>>> V -35.02 0.00
122.074	S 12801462 -9.49 19.60 0.00 0.00 TRACK
122.095	>>> V -35.02 0.00
122.096	S 12801482 -9.58 19.60 0.00 0.00 TRACK
122.113	>>> V -35.00 0.00
122.114	S 12801502 -9.84 19.60 -1.37 0.00 TRACK
122.131	>>> V -35.00 0.00
122.136	S 12801522 -10.20 19.60 -5.50 0.00 TRACK
122.153	>>> V -35.00 0.00
122.153	S 12801542 -10.63 19.60 -10.99 0.00 TRACK
122.173	>>> V -35.01 0.00
122.173	S 12801562 -11.25 19.69 -16.49 0.00 TRACK
122.195	>>> V -35.01 0.00
122.196	S 12801582 -11.78 19.60 -21.98 0.00 TRACK
122.214	>>> V -35.01 0.00
122.215	S 12801602 -12.48 19.60 -26.11 0.00 TRACK
122.233	>>> V -35.01 0.00
122.234	S 12801622 -13.18 19.60 -28.85 0.00 TRACK
122.252	>>> V -35.01 0.00
122.252	S 12801642 -13.80 19.60 -30.23 0.00 TRACK
122.273	>>> V -35.01 0.00
122.273	S 12801662 -14.41 19.60 -31.60 0.00 TRACK
122.292	>>> V -34.73 0.00
122.293	S 12801682 -15.12 19.69 -32.98 0.00 TRACK
122.313	>>> V -33.74 0.00
122.316	S 12801702 -15.82 19.69 -32.98 0.00 TRACK
122.332	>>> V -33.74 0.00
122.335	S 12801722 -16.44 19.60 -32.98 0.00 TRACK
122.353	>>> V -33.74 0.00
122.357	S 12801742 -17.23 19.60 -32.98 0.00 TRACK
122.371	>>> V -32.12 0.00
122.372	S 12801762 -17.84 19.60 -34.35 0.00 TRACK
122.391	>>> V -32.12 0.00
122.392	S 12801782 -18.54 19.60 -34.35 0.00 TRACK
122.412	>>> V -30.15 0.00
122.412	S 12801802 -19.25 19.60 -32.98 0.00 TRACK
122.431	>>> V -30.15 0.00
122.432	S 12801822 -19.86 19.60 -32.98 0.00 TRACK
122.451	>>> V -27.98 0.00
122.452	S 12801842 -20.57 19.60 -32.98 0.00 TRACK
122.474	>>> V -27.98 0.00
122.476	S 12801862 -21.09 19.60 -31.60 0.00 TRACK
122.492	>>> V -25.74 0.00
122.493	S 12801882 -21.80 19.60 -31.60 0.00 TRACK
122.525	>>> V -25.74 0.00
122.526	S 12801902 -22.41 19.60 -31.60 0.00 TRACK
122.532	S 12801922 -23.03 19.60 -30.23 0.00 TRACK
122.549	>>> V -25.74 0.00
122.552	S 12801942 -23.55 19.60 -30.23 0.00 TRACK
122.565	>>> V -25.74 0.00
122.569	S 12801962 -24.08 19.60 -28.85 0.00 TRACK
122.572	>>> V -21.21 0.00
122.592	>>> V -21.21 0.00
122.593	S 12801982 -24.70 19.60 -27.48 0.00 TRACK
122.611	>>> V -18.86 0.00
122.614	S 12802002 -25.14 19.69 -27.48 0.00 TRACK
122.634	>>> V -14.45 0.00
122.635	S 12802022 -25.66 19.60 -26.11 0.00 TRACK
122.651	>>> V -14.45 0.00
122.653	S 12802042 -26.10 19.60 -24.73 0.00 TRACK
122.673	>>> V -14.45 0.00
122.675	S 12802062 -26.54 19.60 -23.36 0.00 TRACK
122.700	>>> V -12.32 0.00
122.701	S 12802082 -26.98 19.60 -21.98 0.00 TRACK
122.713	>>> V -12.32 0.00
122.713	S 12802102 -27.25 19.60 -20.61 0.00 TRACK
122.731	>>> V -10.26 0.00
122.732	S 12802122 -27.60 19.60 -19.24 0.00 TRACK
122.752	>>> V -10.26 0.00
122.752	S 12802142 -27.86 19.60 -16.49 0.00 TRACK
122.771	>>> V -8.29 0.00
122.772	S 12802162 -28.21 19.60 -16.49 0.00 TRACK
122.794	>>> V -8.29 0.00
122.795	S 12802182 -28.48 19.69 -15.11 0.00 TRACK
122.812	>>> V -6.40 0.00
122.812	S 12802202 -28.65 19.69 -13.74 0.00 TRACK
122.832	>>> V -6.40 0.00
122.833	S 12802222 -28.83 19.60 -12.37 0.00 TRACK
122.853	>>> V -2.93 0.00
122.853	S 12802242 -29.09 19.60 -10.99 0.00 TRACK
122.873	>>> V -2.93 0.00
122.876	S 12802262 -29.27 19.60 -9.62 0.00 TRACK
122.893	>>> V 0.00 0.00
122.899	S 12802282 -29.44 19.60 -9.62 0.00 TRACK
122.913	>>> V 0.00 0.00
122.917	S 12802302 -29.53 19.60 -8.24 0.00 TRACK
122.934	>>> V 0.00 0.00
122.935	S 12802322 -29.53 19.60 -6.87 0.00 TRACK
122.951	>>> V 0.00 0.00
122.952	S 12802342 -29.62 19.60 -4.12 0.00 TRACK
122.973	>>> V 0.00 0.00
122.976	S 12802362 -29.62 19.69 -2.75 0.00 TRACK
122.993	>>> V 0.00 0.00
122.996	S 12802382 -29.62 19.60 -1.37 0.00 TRACK
123.012	>>> V 2.93 0.00
123.013	S 12802402 -29.62 19.60 0.00 0.00 TRACK
123.032	>>> V 3.66 0.00
123.033	S 12802422 -29.62 19.60 0.00 0.00 TRACK
123.054	>>> V 4.28 0.00
123.057	S 12802442 -29.62 19.69 0.00 0.00 TRACK
123.073	>>> V 4.28 0.00
123.073	S 12802462 -29.53 19.60 0.00 0.00 TRACK
123.093	>>> V 5.20 0.00
123.097	S 12802482 -29.62 19.60 0.00 0.00 TRACK
123.111	>>> V 5.20 0.00
123.114	S 12802502 -29.53 19.60 0.00 0.00 TRACK
123.135	>>> V 5.20 0.00
123.136	S 12802522 -29.44 19.60 1.37 0.00 TRACK
123.152	>>> V 5.20 0.00
123.154	S 12802542 -29.27 19.60 2.75 0.00 TRACK
123.172	>>> V 5.19 0.00
123.173	S 12802562 -29.18 19.69 4.12 0.00 TRACK
123.193	>>> V 5.20 0.00
123.194	S 12802582 -29.09 19.60 5.50 0.00 TRACK
123.212	>>> V 5.20 0.00
123.212	S 12802602 -28.92 19.69 5.50 0.00 TRACK
123.232	>>> V 5.13 0.00
123.234	S 12802622 -28.83 19.69 5.50 0.00 TRACK
123.252	>>> V 5.13 0.00
123.254	S 12802642 -28.65 19.60 5.50 0.00 TRACK
123.277	>>> V 4.77 0.00
123.278	S 12802662 -28.56 19.60 4.12 0.00 TRACK
123.292	>>> V 4.77 0.00
123.292	S 12802682 -28.48 19.69 4.12 0.00 TRACK
123.312	>>> V 4.77 0.00
123.314	S 12802702 -28.39 19.69 5.50 0.00 TRACK
123.332	>>> V 4.37 0.00
123.333	S 12802722 -28.30 19.60 5.50 0.00 TRACK
123.353	>>> V 4.37 0.00
123.357	S 12802742 -28.21 19.60 4.12 0.00 TRACK
123.372	>>> V 3.98 0.00
123.373	S 12802762 -28.21 19.69 2.75 0.00 TRACK
123.393	>>> V 3.98 0.00
123.394	S 12802782 -28.04 19.60 2.75 0.00 TRACK
123.411	>>> V 3.61 0.00
123.412	S 12802802 -27.95 19.69 2.75 0.00 TRACK
123.433	>>> V 3.61 0.00
123.434	S 12802822 -27.86 19.60 4.12 0.00 TRACK
123.451	>>> V 3.27 0.00
123.452	S 12802842 -27.77 19.60 4.12 0.00 TRACK
123.479	>>> V 3.27 0.00
123.479	S 12802862 -27.69 19.60 4.12 0.00 TRACK
123.491	>>> V 2.90 0.00
123.492	S 12802882 -27.69 19.60 2.75 0.00 TRACK
123.511	>>> V 2.90 0.00
123.514	S 12802902 -27.69 19.60 2.75 0.00 TRACK
123.532	>>> V 2.59 0.00
123.532	S 12802922 -27.69 19.60 1.37 0.00 TRACK
123.558	>>> V 2.59 0.00
123.558	S 12802942 -27.60 19.60 1.37 0.00 TRACK
123.574	>>> V 2.59 0.00
123.575	S 12802962 -27.42 19.69 1.37 0.00 TRACK
123.597	>>> V 2.38 0.00
123.599	S 12802982 -27.42 19.60 2.75 0.00 TRACK
123.612	>>> V 2.10 0.00
123.612	S 12803002 -27.33 19.60 4.12 0.00 TRACK
123.632	>>> V 2.10 0.00
123.632	S 12803022 -27.33 19.69 2.75 0.00 TRACK
123.653	>>> V 0.00 0.00
123.653	S 12803043 -27.33 19.60 1.37 0.00 TRACK
123.671	>>> V 0.00 0.00
123.672	S 12803063 -27.25 19.69 0.00 0.00 TRACK
123.691	>>> V 0.00 0.00
123.694	S 12803082 -27.16 19.60 1.37 0.00 TRACK
123.712	>>> V 0.00 0.00
123.712	S 12803103 -27.16 19.60 1.37 0.00 TRACK
123.732	>>> V 0.00 0.00
123.735	S 12803123 -27.16 19.69 1.37 0.00 TRACK
123.752	>>> V 0.00 0.00
123.753	S 12803143 -27.16 19.69 0.00 0.00 TRACK
123.772	>>> V 0.00 0.00
123.772	S 12803163 -27.16 19.60 0.00 0.00 TRACK
123.795	>>> V 0.00 0.00
123.795	S 12803183 -27.16 19.69 0.00 0.00 TRACK
123.817	>>> V 0.00 0.00
123.817	S 12803203 -27.16 19.69 0.00 0.00 TRACK
123.835	>>> V 0.00 0.00
123.838	S 12803223 -27.16 19.69 0.00 0.00 TRACK
123.853	>>> V 0.00 0.00
123.856	S 12803243 -27.16 19.60 0.00 0.00 TRACK
123.873	>>> V 0.00 0.00
123.873	S 12803263 -27.16 19.69 0.00 0.00 TRACK
123.893	>>> V 0.00 0.00
123.896	S 12803283 -27.16 19.69 0.00 0.00 TRACK
123.913	>>> V 0.00 0.00
123.914	S 12803303 -27.16 19.60 0.00 0.00 TRACK
123.932	>>> V 0.00 0.00
123.932	S 12803323 -27.16 19.60 0.00 0.00 TRACK
123.951	>>> V 0.00 0.00
123.952	S 12803343 -27.16 19.60 0.00 0.00 TRACK
123.973	>>> V 0.00 0.00
123.974	S 12803363 -27.16 19.60 0.00 0.00 TRACK
123.992	>>> V 0.00 0.00
123.992	S 12803383 -27.16 19.69 0.00 0.00 TRACK
124.015	>>> V 0.00 0.00
124.018	S 12803403 -27.16 19.69 0.00 0.00 TRACK
124.032	>>> V 0.00 0.00
124.032	S 12803423 -27.16 19.69 0.00 0.00 TRACK
124.052	>>> V 0.00 0.00
124.053	S 12803443 -27.16 19.69 0.00 0.00 TRACK
124.072	>>> V 0.00 0.00
124.072	S 12803463 -27.16 19.69 0.00 0.00 TRACK
124.092	>>> V 0.00 0.00
124.092	S 12803483 -27.16 19.60 0.00 0.00 TRACK
124.114	>>> V 0.00 0.00
124.114	S 12803503 -27.16 19.60 0.00 0.00 TRACK
124.137	>>> V 0.00 0.00
124.140	S 12803523 -27.16 19.60 0.00 0.00 TRACK
124.154	>>> V 0.00 0.00
124.157	S 12803543 -27.16 19.69 0.00 0.00 TRACK
124.171	>>> V 0.00 0.00
124.175	S 12803563 -27.16 19.69 0.00 0.00 TRACK
124.191	>>> V 0.00 0.00
124.194	S 12803583 -27.16 19.60 0.00 0.00 TRACK
124.215	>>> V 0.00 0.00
124.217	S 12803603 -27.16 19.60 0.00 0.00 TRACK
124.232	>>> V 0.00 0.00
124.235	S 12803623 -27.16 19.60 0.00 0.00 TRACK
124.252	>>> V 0.00 0.00
124.253	S 12803643 -27.16 19.60 0.00 0.00 TRACK
124.272	>>> V 0.00 0.00
124.272	S 12803663 -27.16 19.60 0.00 0.00 TRACK
124.291	>>> V 0.00 0.00
124.292	S 12803683 -27.16 19.60 0.00 0.00 TRACK
124.311	>>> V 0.00 0.00
124.313	S 12803703 -27.16 19.60 0.00 0.00 TRACK
124.331	>>> V 0.00 0.00
124.334	S 12803723 -27.16 19.60 0.00 0.00 TRACK
124.355	>>> V 0.00 0.00
124.357	S 12803743 -27.16 19.69 0.00 0.00 TRACK
124.374	>>> V 0.00 0.00
124.374	S 12803763 -27.16 19.69 0.00 0.00 TRACK
124.392	>>> V 0.00 0.00
124.392	S 12803783 -27.16 19.69 0.00 0.00 TRACK
124.414	>>> V 0.00 0.00
124.417	S 12803803 -27.16 19.60 0.00 0.00 TRACK
124.431	>>> V 0.00 0.00
124.432	S 12803823 -27.16 19.60 0.00 0.00 TRACK
124.453	>>> V 0.00 0.00
124.455	S 12803843 -27.25 19.60 0.00 0.00 TRACK
124.472	>>> V 0.00 0.00
124.475	S 12803863 -27.16 19.69 0.00 0.00 TRACK
124.492	>>> V 0.00 0.00
124.492	S 12803883 -27.16 19.60 0.00 0.00 TRACK
124.513	>>> V 0.00 0.00
124.513	S 12803903 -27.16 19.69 0.00 0.00 TRACK
124.538	>>> V 0.00 0.00
124.540	S 12803923 -27.16 19.69 0.00 0.00 TRACK
124.563	>>> V 0.00 0.00
124.566	S 12803943 -27.16 19.69 0.00 0.00 TRACK
124.573	S 12803963 -27.16 19.60 0.00 0.00 TRACK
124.588	>>> V 0.00 0.00
124.590	S 12803983 -27.16 19.60 0.00 0.00 TRACK
124.607	>>> V 0.00 0.00
124.609	S 12804003 -27.16 19.60 0.00 0.00 TRACK
124.626	>>> V 0.00 0.00
124.626	S 12804023 -27.16 19.60 0.00 0.00 TRACK
124.645	>>> V 0.00 0.00
124.648	S 12804043 -27.16 19.60 0.00 0.00 TRACK
124.671	>>> V 0.00 0.00
124.673	S 12804063 -27.16 19.69 0.00 0.00 TRACK
124.698	>>> V 0.00 0.00
124.701	S 12804083 -27.16 19.60 0.00 0.00 TRACK
124.717	>>> V 0.00 0.00
124.719	S 12804103 -27.16 19.60 0.00 0.00 TRACK
124.737	>>> V 0.00 0.00
124.747	S 12804123 -27.16 19.69 0.00 0.00 TRACK
124.748	S 12804143 -27.16 19.60 0.00 0.00 TRACK
124.764	>>> V 0.00 0.00
124.767	S 12804163 -27.16 19.60 0.00 0.00 TRACK
124.773	>>> V 0.00 0.00
124.801	>>> V 0.00 0.00
124.803	S 12804183 -27.16 19.69 0.00 0.00 TRACK
124.812	>>> V 0.00 0.00
124.816	S 12804203 -27.16 19.69 0.00 0.00 TRACK
124.839	>>> V 0.00 0.00
124.840	S 12804223 -27.16 19.60 0.00 0.00 TRACK
124.855	>>> V 0.00 0.00
124.857	S 12804243 -27.16 19.60 0.00 0.00 TRACK
124.875	>>> V 0.00 0.00
124.878	S 12804263 -27.16 19.69 0.00 0.00 TRACK
124.891	>>> V 0.00 0.00
124.892	S 12804283 -27.16 19.60 0.00 0.00 TRACK
124.914	>>> V 0.00 0.00
124.916	S 12804303 -27.16 19.69 0.00 0.00 TRACK
124.935	>>> V 0.00 0.00
124.935	S 12804323 -27.16 19.69 0.00 0.00 TRACK
124.952	>>> V 0.00 0.00
124.952	S 12804343 -27.16 19.69 0.00 0.00 TRACK
124.975	>>> V 0.00 0.00
124.977	S 12804363 -27.16 19.60 0.00 0.00 TRACK
124.995	>>> V 0.00 0.00
125.000	S 12804383 -27.16 19.60 0.00 0.00 TRACK
125.016	>>> V 0.00 0.00
125.019	S 12804403 -27.16 19.60 0.00 0.00 TRACK
125.034	>>> V 0.00 0.00
125.040	S 12804423 -27.16 19.69 0.00 0.00 TRACK
125.056	>>> V 0.00 0.00
125.057	S 12804443 -27.16 19.69 0.00 0.00 TRACK
125.072	>>> V 0.00 0.00
125.075	S 12804463 -27.16 19.60 0.00 0.00 TRACK
125.094	>>> V 0.00 0.00
125.095	S 12804483 -27.16 19.69 0.00 0.00 TRACK
125.112	>>> V 0.00 0.00
125.113	S 12804503 -27.16 19.60 0.00 0.00 TRACK
125.133	>>> V 0.00 0.00
125.133	S 12804523 -27.16 19.69 0.00 0.00 TRACK
125.159	>>> V 0.00 0.00
125.159	S 12804543 -27.16 19.69 0.00 0.00 TRACK
125.177	>>> V 0.00 0.00
125.178	S 12804563 -27.16 19.60 0.00 0.00 TRACK
125.195	>>> V 0.00 0.00
125.197	S 12804583 -27.16 19.69 0.00 0.00 TRACK
125.214	>>> V 0.00 0.00
125.215	S 12804603 -27.16 19.60 0.00 0.00 TRACK
125.233	>>> V 0.00 0.00
125.235	S 12804623 -27.16 19.69 0.00 0.00 TRACK
125.253	>>> V 0.00 0.00
125.254	S 12804643 -27.16 19.60 0.00 0.00 TRACK
125.272	>>> V 0.00 0.00
125.275	S 12804663 -27.16 19.69 0.00 0.00 TRACK
125.293	>>> V 0.00 0.00
125.294	S 12804683 -27.16 19.69 0.00 0.00 TRACK
125.314	>>> V 0.00 0.00
125.314	S 12804703 -27.16 19.69 0.00 0.00 TRACK
125.332	>>> V 0.00 0.00
125.334	S 12804723 -27.16 19.60 0.00 0.00 TRACK
125.353	>>> V 0.00 0.00
125.354	S 12804743 -27.16 19.60 0.00 0.00 TRACK
125.372	>>> V 0.00 0.00
125.374	S 12804763 -27.16 19.69 0.00 0.00 TRACK
125.392	>>> V 0.00 0.00
125.395	S 12804783 -27.16 19.69 0.00 0.00 TRACK
125.412	>>> V 0.00 0.00
125.414	S 12804803 -27.16 19.69 0.00 0.00 TRACK
125.433	>>> V 0.00 0.00
125.433	S 12804823 -27.16 19.60 0.00 0.00 TRACK
125.454	>>> V 0.00 0.00
125.456	S 12804843 -27.16 19.60 0.00 0.00 TRACK
125.473	>>> V 0.00 0.00
125.476	S 12804863 -27.16 19.60 0.00 0.00 TRACK
125.494	>>> V 0.00 0.00
125.496	S 12804883 -27.16 19.60 0.00 0.00 TRACK
125.516	>>> V 0.00 0.00
125.516	S 12804903 -27.16 19.60 0.00 0.00 TRACK
125.538	>>> V 0.00 0.00
125.541	S 12804923 -27.16 19.69 0.00 0.00 TRACK
125.561	>>> V 0.00 0.00
125.564	S 12804943 -27.16 19.60 0.00 0.00 TRACK
125.571	>>> V 0.00 0.00
125.572	S 12804963 -27.16 19.60 0.00 0.00 TRACK
125.591	>>> V 0.00 0.00
125.594	S 12804983 -27.16 19.60 0.00 0.00 TRACK
125.613	>>> V 0.00 0.00
125.617	S 12805003 -27.16 19.69 0.00 0.00 TRACK
125.633	>>> V 0.00 0.00
125.633	S 12805023 -27.16 19.69 0.00 0.00 TRACK
125.653	>>> V 0.00 0.00
125.655	S 12805043 -27.16 19.69 0.00 0.00 TRACK
125.674	>>> V 0.00 0.00
125.674	S 12805063 -27.16 19.60 0.00 0.00 TRACK
125.694	>>> V 0.00 0.00
125.694	S 12805083 -27.16 19.60 0.00 0.00 TRACK
125.713	>>> V 0.00 0.00
125.718	S 12805103 -27.16 19.69 0.00 0.00 TRACK
125.734	>>> V 0.00 0.00
125.735	S 12805123 -27.16 19.69 0.00 0.00 TRACK
125.758	>>> V 0.00 0.00
125.759	S 12805143 -27.16 19.69 0.00 0.00 TRACK
125.772	>>> V 0.00 0.00
125.774	S 12805163 -27.16 19.69 0.00 0.00 TRACK
125.791	>>> V 0.00 0.00
125.792	S 12805183 -27.16 19.60 0.00 0.00 TRACK
125.811	>>> V 0.00 0.00
125.812	S 12805203 -27.16 19.60 0.00 0.00 TRACK
125.840	>>> V 0.00 0.00
125.842	S 12805223 -27.16 19.60 0.00 0.00 TRACK
125.856	>>> V 0.00 0.00
125.857	S 12805243 -27.16 19.60 0.00 0.00 TRACK
125.872	>>> V 0.00 0.00
125.873	S 12805263 -27.16 19.60 0.00 0.00 TRACK
125.896	>>> V 0.00 0.00
125.902	S 12805283 -27.16 19.60 0.00 0.00 TRACK
125.915	>>> V 0.00 0.00
125.918	S 12805303 -27.16 19.69 0.00 0.00 TRACK
125.947	>>> V 0.00 0.00
125.948	S 12805323 -27.16 19.69 0.00 0.00 TRACK
125.954	S 12805343 -27.16 19.69 0.00 0.00 TRACK
125.966	>>> V 0.00 0.00
125.970	S 12805363 -27.16 19.60 0.00 0.00 TRACK
125.987	>>> V 0.00 0.00
125.992	S 12805383 -27.16 19.69 0.00 0.00 TRACK
126.013	>>> V 0.00 0.00
126.014	S 12805403 -27.16 19.60 0.00 0.00 TRACK
126.026	>>> V 0.00 0.00
126.028	S 12805423 -27.16 19.60 0.00 0.00 TRACK
126.044	>>> V 0.00 0.00
126.052	>>> V 0.00 0.00
126.055	S 12805443 -27.16 19.60 0.00 0.00 TRACK
126.071	>>> V 0.00 0.00
126.074	S 12805463 -27.16 19.69 0.00 0.00 TRACK
126.093	>>> V 0.00 0.00
126.095	S 12805483 -27.16 19.69 0.00 0.00 TRACK
126.113	>>> V 0.00 0.00
126.115	S 12805503 -27.16 19.60 0.00 0.00 TRACK
126.136	>>> V 0.00 0.00
126.140	S 12805523 -27.16 19.60 0.00 0.00 TRACK
126.153	>>> V 0.00 0.00
126.154	S 12805543 -27.16 19.69 0.00 0.00 TRACK
126.171	>>> V 0.00 0.00
126.173	S 12805563 -27.16 19.60 0.00 0.00 TRACK
126.194	>>> V 0.00 0.00
126.196	S 12805583 -27.16 19.69 0.00 0.00 TRACK
126.211	>>> V 0.00 0.00
126.213	S 12805603 -27.16 19.60 0.00 0.00 TRACK
126.233	>>> V 0.00 0.00
126.233	S 12805623 -27.16 19.60 0.00 0.00 TRACK
126.252	>>> V 0.00 0.00
126.253	S 12805643 -27.16 19.69 0.00 0.00 TRACK
126.271	>>> V 0.00 0.00
126.273	S 12805663 -27.16 19.60 0.00 0.00 TRACK
126.298	>>> V 0.00 0.00
126.299	S 12805683 -27.16 19.69 0.00 0.00 TRACK
126.313	>>> V 0.00 0.00
126.313	S 12805703 -27.16 19.60 0.00 0.00 TRACK
126.332	>>> V 0.00 0.00
126.335	S 12805723 -27.16 19.60 0.00 0.00 TRACK
126.358	>>> V 0.00 0.00
126.361	S 12805743 -27.25 19.69 0.00 0.00 TRACK
126.379	>>> V 0.00 0.00
126.379	S 12805763 -27.16 19.60 0.00 0.00 TRACK
126.397	>>> V 0.00 0.00
126.404	S 12805783 -27.16 19.69 0.00 0.00 TRACK
126.414	>>> V 0.00 0.00
126.414	S 12805803 -27.16 19.69 0.00 0.00 TRACK
126.434	>>> V 0.00 0.00
126.435	S 12805823 -27.16 19.60 0.00 0.00 TRACK
126.453	>>> V 0.00 0.00
126.455	S 12805843 -27.16 19.60 0.00 0.00 TRACK
126.481	>>> V 0.00 0.00
126.482	S 12805863 -27.16 19.60 0.00 0.00 TRACK
126.495	>>> V 0.00 0.00
126.497	S 12805883 -27.16 19.69 0.00 0.00 TRACK
126.515	>>> V 0.00 0.00
126.519	S 12805903 -27.16 19.69 0.00 0.00 TRACK
126.533	>>> V 0.00 0.00
126.536	S 12805923 -27.16 19.60 0.00 0.00 TRACK
126.562	>>> V 0.00 0.00
126.562	S 12805943 -27.16 19.60 0.00 0.00 TRACK
126.573	>>> V 0.00 0.00
126.579	S 12805963 -27.16 19.60 0.00 0.00 TRACK
126.594	>>> V 0.00 0.00
126.601	S 12805983 -27.16 19.69 0.00 0.00 TRACK
126.624	>>> V 0.00 0.00
126.625	S 12806003 -27.16 19.69 0.00 0.00 TRACK
126.629	S 12806023 -27.16 19.69 0.00 0.00 TRACK
126.644	>>> V 0.00 0.00
126.650	S 12806043 -27.16 19.60 0.00 0.00 TRACK
126.662	>>> V 0.00 0.00
126.669	S 12806063 -27.16 19.69 0.00 0.00 TRACK
126.681	>>> V 0.00 0.00
126.692	>>> V 0.00 0.00
126.695	S 12806083 -27.16 19.60 0.00 0.00 TRACK
126.713	>>> V 0.00 0.00
126.714	S 12806103 -27.16 19.60 0.00 0.00 TRACK
126.733	>>> V 0.00 0.00
126.733	S 12806123 -27.16 19.60 0.00 0.00 TRACK
126.752	>>> V 0.00 0.00
126.752	S 12806143 -27.16 19.60 0.00 0.00 TRACK
126.776	>>> V 0.00 0.00
126.776	S 12806163 -27.16 19.60 0.00 0.00 TRACK
126.793	>>> V 0.00 0.00
126.796	S 12806183 -27.16 19.69 0.00 0.00 TRACK
126.812	>>> V 0.00 0.00
126.815	S 12806203 -27.16 19.69 0.00 0.00 TRACK
126.834	>>> V 0.00 0.00
126.835	S 12806223 -27.25 19.60 0.00 0.00 TRACK
126.854	>>> V 0.00 0.00
126.854	S 12806243 -27.16 19.60 0.00 0.00 TRACK
126.872	>>> V 0.00 0.00
126.879	S 12806263 -27.16 19.69 0.00 0.00 TRACK
126.894	>>> V 0.00 0.00
126.895	S 12806283 -27.16 19.60 0.00 0.00 TRACK
126.914	>>> V 0.00 0.00
126.917	S 12806303 -27.16 19.60 0.00 0.00 TRACK
126.936	>>> V 0.00 0.00
126.938	S 12806323 -27.16 19.60 0.00 0.00 TRACK
126.951	>>> V 0.00 0.00
126.957	S 12806343 -27.16 19.60 0.00 0.00 TRACK
126.972	>>> V 0.00 0.00
126.975	S 12806363 -27.16 19.69 0.00 0.00 TRACK
126.992	>>> V 0.00 0.00
126.993	S 12806383 -27.16 19.60 0.00 0.00 TRACK
127.014	>>> V 0.00 0.00
127.015	S 12806403 -27.16 19.60 0.00 0.00 TRACK
127.032	>>> V 0.00 0.00
127.033	S 12806423 -27.16 19.60 0.00 0.00 TRACK
127.054	>>> V 0.00 0.00
127.057	S 12806443 -27.16 19.69 0.00 0.00 TRACK
127.072	>>> V 0.00 0.00
127.072	S 12806463 -27.16 19.69 0.00 0.00 TRACK
127.092	>>> V 0.00 0.00
127.094	S 12806483 -27.16 19.60 0.00 0.00 TRACK
127.111	>>> V 0.00 0.00
127.113	S 12806503 -27.16 19.69 0.00 0.00 TRACK
127.133	>>> V 0.00 0.00
127.136	S 12806523 -27.16 19.60 0.00 0.00 TRACK
127.152	>>> V 0.00 0.00
127.154	S 12806543 -27.16 19.60 0.00 0.00 TRACK
127.172	>>> V 0.00 0.00
127.173	S 12806563 -27.16 19.60 0.00 0.00 TRACK
127.192	>>> V 0.00 0.00
127.194	S 12806583 -27.16 19.60 0.00 0.00 TRACK
127.212	>>> V 0.00 0.00
127.214	S 12806603 -27.16 19.60 0.00 0.00 TRACK
127.234	>>> V 0.00 0.00
127.236	S 12806623 -27.16 19.69 0.00 0.00 TRACK
127.253	>>> V 0.00 0.00
127.256	S 12806643 -27.16 19.69 0.00 0.00 TRACK
127.279	>>> V 0.00 0.00
127.281	S 12806663 -27.16 19.60 0.00 0.00 TRACK
127.292	>>> V 0.00 0.00
127.300	S 12806683 -27.16 19.69 0.00 0.00 TRACK
127.313	>>> V 0.00 0.00
127.314	S 12806703 -27.16 19.60 0.00 0.00 TRACK
127.338	>>> V 0.00 0.00
127.339	S 12806723 -27.16 19.69 0.00 0.00 TRACK
127.351	>>> V 0.00 0.00
127.352	S 12806743 -27.16 19.69 0.00 0.00 TRACK
127.376	>>> V 0.00 0.00
127.377	S 12806763 -27.16 19.60 0.00 0.00 TRACK
127.391	>>> V 0.00 0.00
127.393	S 12806783 -27.16 19.69 0.00 0.00 TRACK
127.411	>>> V 0.00 0.00
127.412	S 12806803 -27.16 19.60 0.00 0.00 TRACK
127.431	>>> V 0.00 0.00
127.432	S 12806823 -27.16 19.60 0.00 0.00 TRACK
127.452	>>> V 0.00 0.00
127.454	S 12806843 -27.16 19.60 0.00 0.00 TRACK
127.474	>>> V 0.00 0.00
127.475	S 12806863 -27.16 19.60 0.00 0.00 TRACK
127.493	>>> V 0.00 0.00
127.493	S 12806883 -27.16 19.60 0.00 0.00 TRACK
127.511	>>> V 0.00 0.00
127.514	S 12806903 -27.16 19.60 0.00 0.00 TRACK
127.532	>>> V 0.00 0.00
127.537	S 12806923 -27.16 19.69 0.00 0.00 TRACK
127.551	>>> V 0.00 0.00
127.553	S 12806943 -27.16 19.60 0.00 0.00 TRACK
127.577	>>> V 0.00 0.00
127.578	S 12806963 -27.16 19.60 0.00 0.00 TRACK
127.592	>>> V 0.00 0.00
127.593	S 12806983 -27.16 19.69 0.00 0.00 TRACK
127.611	>>> V 0.00 0.00
127.613	S 12807003 -27.16 19.69 0.00 0.00 TRACK
127.632	>>> V 0.00 0.00
127.634	S 12807023 -27.16 19.60 0.00 0.00 TRACK
127.651	>>> V 0.00 0.00
127.655	S 12807043 -27.16 19.60 0.00 0.00 TRACK
127.676	>>> V 0.00 0.00
127.677	S 12807063 -27.16 19.60 0.00 0.00 TRACK
127.693	>>> V 0.00 0.00
127.696	S 12807083 -27.16 19.60 0.00 0.00 TRACK
127.718	>>> V 0.00 0.00
127.721	S 12807103 -27.16 19.69 0.00 0.00 TRACK
127.736	>>> V 0.00 0.00
127.741	S 12807123 -27.16 19.60 0.00 0.00 TRACK
127.752	>>> V 0.00 0.00
127.754	S 12807143 -27.16 19.69 0.00 0.00 TRACK
127.775	>>> V 0.00 0.00
127.776	S 12807163 -27.16 19.60 0.00 0.00 TRACK
127.792	>>> V 0.00 0.00
127.795	S 12807183 -27.16 19.69 0.00 0.00 TRACK
127.814	>>> V 0.00 0.00
127.814	S 12807203 -27.16 19.69 0.00 0.00 TRACK
127.831	>>> V 0.00 0.00
127.835	S 12807223 -27.16 19.69 0.00 0.00 TRACK
127.913	>>> V 0.00 0.00
127.913	S 12807243 -27.16 19.60 0.00 0.00 TRACK
127.920	S 12807263 -27.16 19.60 0.00 0.00 TRACK
127.926	S 12807283 -27.16 19.69 0.00 0.00 TRACK
127.932	S 12807303 -27.16 19.69 0.00 0.00 TRACK
127.942	>>> V 0.00 0.00
127.945	S 12807323 -27.16 19.60 0.00 0.00 TRACK
127.950	S 12807343 -27.16 19.60 0.00 0.00 TRACK
127.965	>>> V 0.00 0.00
127.966	S 12807363 -27.16 19.60 0.00 0.00 TRACK
127.982	>>> V 0.00 0.00
127.988	S 12807383 -27.16 19.69 0.00 0.00 TRACK
128.001	>>> V 0.00 0.00
128.013	>>> V 0.00 0.00
128.016	S 12807403 -27.16 19.60 0.00 0.00 TRACK
128.040	>>> V 0.00 0.00
128.045	S 12807423 -27.16 19.60 0.00 0.00 TRACK
128.056	>>> V 0.00 0.00
128.061	S 12807443 -27.16 19.60 0.00 0.00 TRACK
128.078	>>> V 0.00 0.00
128.085	S 12807463 -27.16 19.69 0.00 0.00 TRACK
128.102	>>> V 0.00 0.00
128.103	S 12807483 -27.16 19.69 0.00 0.00 TRACK
128.119	>>> V 0.00 0.00
128.119	S 12807503 -27.16 19.60 0.00 0.00 TRACK
128.139	>>> V 0.00 0.00
128.143	S 12807523 -27.16 19.60 0.00 0.00 TRACK
128.153	>>> V 0.00 0.00
128.155	S 12807543 -27.16 19.60 0.00 0.00 TRACK
128.174	>>> V 0.00 0.00
128.177	S 12807563 -27.16 19.60 0.00 0.00 TRACK
128.196	>>> V 0.00 0.00
128.197	S 12807583 -27.16 19.60 0.00 0.00 TRACK
128.211	>>> V 0.00 0.00
128.216	S 12807603 -27.16 19.60 0.00 0.00 TRACK
128.232	>>> V 0.00 0.00
128.234	S 12807623 -27.16 19.69 0.00 0.00 TRACK
128.253	>>> V 0.00 0.00
128.255	S 12807643 -27.16 19.60 0.00 0.00 TRACK
128.273	>>> V 0.00 0.00
128.274	S 12807663 -27.16 19.69 0.00 0.00 TRACK
128.292	>>> V 0.00 0.00
128.292	S 12807683 -27.16 19.69 0.00 0.00 TRACK
128.311	>>> V 0.00 0.00
128.312	S 12807703 -27.16 19.69 0.00 0.00 TRACK
128.331	>>> V 0.00 0.00
128.333	S 12807723 -27.16 19.60 0.00 0.00 TRACK
128.352	>>> V 0.00 0.00
128.354	S 12807743 -27.16 19.69 0.00 0.00 TRACK
128.371	>>> V 0.00 0.00
128.373	S 12807763 -27.16 19.60 0.00 0.00 TRACK
128.395	>>> V 0.00 0.00
128.396	S 12807783 -27.16 19.69 0.00 0.00 TRACK
128.413	>>> V 0.00 0.00
128.415	S 12807803 -27.16 19.69 0.00 0.00 TRACK
128.433	>>> V 0.00 0.00
128.435	S 12807823 -27.16 19.60 0.00 0.00 TRACK
128.453	>>> V 0.00 0.00
128.455	S 12807843 -27.16 19.69 0.00 0.00 TRACK
128.475	>>> V 0.00 0.00
128.476	S 12807863 -27.16 19.69 0.00 0.00 TRACK
128.494	>>> V 0.00 0.00
128.496	S 12807883 -27.16 19.60 0.00 0.00 TRACK
128.512	>>> V 0.00 0.00
128.514	S 12807903 -27.16 19.69 0.00 0.00 TRACK
128.532	>>> V 0.00 0.00
128.533	S 12807923 -27.16 19.69 0.00 0.00 TRACK
128.558	>>> V 0.00 0.00
128.558	S 12807943 -27.16 19.60 0.00 0.00 TRACK
128.574	>>> V 0.00 0.00
128.577	S 12807963 -27.16 19.69 0.00 0.00 TRACK
128.595	>>> V 0.00 0.00
128.595	S 12807983 -27.16 19.60 0.00 0.00 TRACK
128.614	>>> V 0.00 0.00
128.616	S 12808003 -27.16 19.60 0.00 0.00 TRACK
128.638	>>> V 0.00 0.00
128.642	S 12808023 -27.16 19.60 0.00 0.00 TRACK
128.653	>>> V 0.00 0.00
128.656	S 12808043 -27.16 19.60 0.00 0.00 TRACK
128.673	>>> V 0.00 0.00
128.676	S 12808063 -27.16 19.60 0.00 0.00 TRACK
128.693	>>> V 0.00 0.00
128.698	S 12808083 -27.16 19.69 0.00 0.00 TRACK
128.716	>>> V 0.00 0.00
128.719	S 12808103 -27.16 19.60 0.00 0.00 TRACK
128.732	>>> V 0.00 0.00
128.733	S 12808123 -27.16 19.69 0.00 0.00 TRACK
128.760	>>> V 0.00 0.00
128.764	S 12808143 -27.16 19.69 0.00 0.00 TRACK
128.780	>>> V 0.00 0.00
128.780	S 12808163 -27.16 19.69 0.00 0.00 TRACK
128.795	>>> V 0.00 0.00
128.796	S 12808183 -27.16 19.69 0.00 0.00 TRACK
128.813	>>> V 0.00 0.00
128.813	S 12808203 -27.16 19.69 0.00 0.00 TRACK
128.833	>>> V 0.00 0.00
128.835	S 12808223 -27.16 19.69 0.00 0.00 TRACK
128.851	>>> V 0.00 0.00
128.853	S 12808243 -27.16 19.60 0.00 0.00 TRACK
128.878	>>> V 0.00 0.00
128.879	S 12808263 -27.16 19.60 0.00 0.00 TRACK
128.894	>>> V 0.00 0.00
128.895	S 12808283 -27.16 19.60 0.00 0.00 TRACK
128.912	>>> V 0.00 0.00
128.913	S 12808303 -27.16 19.69 0.00 0.00 TRACK
128.932	>>> V 0.00 0.00
128.934	S 12808323 -27.16 19.60 0.00 0.00 TRACK
128.957	>>> V 0.00 0.00
128.959	S 12808343 -27.16 19.60 0.00 0.00 TRACK
128.973	>>> V 0.00 0.00
128.974	S 12808363 -27.16 19.69 0.00 0.00 TRACK
129.008	>>> V 0.00 0.00
129.011	S 12808383 -27.16 19.60 0.00 0.00 TRACK
129.019	S 12808403 -27.16 19.60 0.00 0.00 TRACK
129.039	>>> V 0.00 0.00
129.039	S 12808423 -27.16 19.60 0.00 0.00 TRACK
129.063	>>> V 0.00 0.00
129.066	S 12808443 -27.16 19.69 0.00 0.00 TRACK
129.068	S 12808463 -27.16 19.60 0.00 0.00 TRACK
129.078	>>> V 0.00 0.00
129.098	>>> V 0.00 0.00
129.103	S 12808483 -27.16 19.60 0.00 0.00 TRACK
129.114	>>> V 0.00 0.00
129.117	S 12808503 -27.16 19.60 0.00 0.00 TRACK
129.135	>>> V 0.00 0.00
129.138	S 12808523 -27.16 19.60 0.00 0.00 TRACK
129.161	>>> V 0.00 0.00
129.161	S 12808543 -27.25 19.60 0.00 0.00 TRACK
129.172	>>> V 0.00 0.00
129.172	S 12808563 -27.16 19.60 0.00 0.00 TRACK
129.193	>>> V 0.00 0.00
129.194	S 12808583 -27.16 19.60 0.00 0.00 TRACK
129.214	>>> V 0.00 0.00
129.215	S 12808603 -27.16 19.69 0.00 0.00 TRACK
129.231	>>> V 0.00 0.00
129.232	S 12808623 -27.16 19.60 0.00 0.00 TRACK
129.251	>>> V 0.00 0.00
129.253	S 12808643 -27.16 19.60 0.00 0.00 TRACK
129.274	>>> V 0.00 0.00
129.280	S 12808663 -27.16 19.60 0.00 0.00 TRACK
129.407	>>> V 0.00 0.00
129.407	S 12808683 -27.16 19.60 0.00 0.00 TRACK
129.411	S 12808703 -27.16 19.69 0.00 0.00 TRACK
129.418	S 12808723 -27.16 19.60 0.00 0.00 TRACK
129.420	S 12808743 -27.16 19.60 0.00 0.00 TRACK
129.423	S 12808763 -27.16 19.60 0.00 0.00 TRACK
129.426	S 12808783 -27.16 19.69 0.00 0.00 TRACK
129.432	S 12808803 -27.16 19.60 0.00 0.00 TRACK
129.450	>>> V 0.00 0.00
129.451	S 12808823 -27.16 19.60 0.00 0.00 TRACK
129.452	S 12808843 -27.16 19.60 0.00 0.00 TRACK
129.460	>>> V 0.00 0.00
129.475	>>> V 0.00 0.00
129.477	S 12808863 -27.16 19.60 0.00 0.00 TRACK
129.496	>>> V 0.00 0.00
129.496	S 12808883 -27.16 19.60 0.00 0.00 TRACK
129.514	>>> V 0.00 0.00
129.514	S 12808903 -27.16 19.60 0.00 0.00 TRACK
129.532	>>> V 0.00 0.00
129.534	S 12808923 -27.16 19.60 0.00 0.00 TRACK
129.576	>>> V 0.00 0.00
129.578	S 12808943 -27.16 19.60 0.00 0.00 TRACK
129.585	S 12808963 -27.16 19.60 0.00 0.00 TRACK
129.612	>>> V 0.00 0.00
129.612	S 12808983 -27.16 19.60 0.00 0.00 TRACK
129.614	S 12809003 -27.16 19.60 0.00 0.00 TRACK
129.636	>>> V 0.00 0.00
129.642	S 12809023 -27.16 19.60 0.00 0.00 TRACK
129.655	>>> V 0.00 0.00
129.655	S 12809043 -27.16 19.60 0.00 0.00 TRACK
129.682	>>> V 0.00 0.00
129.682	S 12809063 -27.16 19.69 0.00 0.00 TRACK
129.693	>>> V 0.00 0.00
129.693	S 12809083 -27.16 19.69 0.00 0.00 TRACK
129.720	>>> V 0.00 0.00
129.720	S 12809103 -27.16 19.69 0.00 0.00 TRACK
129.741	>>> V 0.00 0.00
129.742	S 12809123 -27.16 19.60 0.00 0.00 TRACK
129.759	>>> V 0.00 0.00
129.761	S 12809143 -27.16 19.60 0.00 0.00 TRACK
129.772	>>> V 0.00 0.00
129.774	S 12809163 -27.16 19.60 0.00 0.00 TRACK
129.812	>>> V 0.00 0.00
129.817	S 12809183 -27.16 19.60 0.00 0.00 TRACK
129.821	S 12809203 -27.16 19.60 0.00 0.00 TRACK
129.835	>>> V 0.00 0.00
129.838	S 12809223 -27.16 19.69 0.00 0.00 TRACK
129.853	>>> V 0.00 0.00
129.856	S 12809243 -27.16 19.60 0.00 0.00 TRACK
129.878	>>> V 0.00 0.00
129.884	S 12809263 -27.16 19.60 0.00 0.00 TRACK
129.894	>>> V 0.00 0.00
129.898	S 12809283 -27.16 19.60 0.00 0.00 TRACK
129.922	>>> V 0.00 0.00
129.928	S 12809303 -27.16 19.60 0.00 0.00 TRACK
129.930	S 12809323 -27.16 19.60 0.00 0.00 TRACK
129.938	>>> V 0.00 0.00
129.953	>>> V 0.00 0.00
129.956	S 12809343 -27.16 19.69 0.00 0.00 TRACK
129.972	>>> V 0.00 0.00
129.978	S 12809363 -27.16 19.60 0.00 0.00 TRACK
129.995	>>> V 0.00 0.00
129.997	S 12809383 -27.16 19.69 0.00 0.00 TRACK
130.015	>>> V 0.00 0.00
130.017	S 12809403 -27.16 19.69 0.00 0.00 TRACK
130.039	>>> V 0.00 0.00
130.041	S 12809423 -27.16 19.69 0.00 0.00 TRACK
130.054	>>> V 0.00 0.00
130.055	S 12809443 -27.16 19.60 0.00 0.00 TRACK
130.076	>>> V 0.00 0.00
130.077	S 12809463 -27.16 19.69 0.00 0.00 TRACK
130.093	>>> V 0.00 0.00
130.094	S 12809483 -27.16 19.69 0.00 0.00 TRACK
130.112	>>> V 0.00 0.00
130.115	S 12809503 -27.16 19.60 0.00 0.00 TRACK
130.135	>>> V 0.00 0.00
130.136	S 12809523 -27.16 19.69 0.00 0.00 TRACK
130.156	>>> V 0.00 0.00
130.156	S 12809543 -27.16 19.60 0.00 0.00 TRACK
130.174	>>> V 0.00 0.00
130.175	S 12809563 -27.16 19.60 0.00 0.00 TRACK
130.197	>>> V 0.00 0.00
130.200	S 12809583 -27.16 19.60 0.00 0.00 TRACK
130.212	>>> V 0.00 0.00
130.217	S 12809603 -27.16 19.60 0.00 0.00 TRACK
130.237	>>> V 0.00 0.00
130.238	S 12809623 -27.16 19.69 0.00 0.00 TRACK
130.264	>>> V 0.00 0.00
130.266	S 12809643 -27.16 19.69 0.00 0.00 TRACK
130.267	S 12809663 -27.16 19.60 0.00 0.00 TRACK
130.272	>>> V 0.00 0.00
130.299	>>> V 0.00 0.00
130.300	S 12809683 -27.16 19.60 0.00 0.00 TRACK
130.311	>>> V 0.00 0.00
130.312	S 12809703 -27.16 19.69 0.00 0.00 TRACK
130.333	>>> V 0.00 0.00
130.333	S 12809723 -27.16 19.60 0.00 0.00 TRACK
130.369	>>> V 0.00 0.00
130.370	S 12809743 -27.16 19.69 0.00 0.00 TRACK
130.372	S 12809763 -27.16 19.60 0.00 0.00 TRACK
130.386	>>> V 0.00 0.00
130.387	S 12809783 -27.16 19.69 0.00 0.00 TRACK
130.392	>>> V 0.00 0.00
130.411	>>> V 0.00 0.00
130.412	S 12809803 -27.16 19.60 0.00 0.00 TRACK
130.432	>>> V 0.00 0.00
130.432	S 12809823 -27.16 19.69 0.00 0.00 TRACK
130.452	>>> V 0.00 0.00
130.452	S 12809843 -27.16 19.60 0.00 0.00 TRACK
130.472	>>> V 0.00 0.00
130.473	S 12809863 -27.16 19.69 0.00 0.00 TRACK
130.494	>>> V 0.00 0.00
130.495	S 12809883 -27.16 19.69 0.00 0.00 TRACK
130.514	>>> V 0.00 0.00
130.517	S 12809903 -27.16 19.60 0.00 0.00 TRACK
130.532	>>> V 0.00 0.00
130.535	S 12809923 -27.16 19.60 0.00 0.00 TRACK
130.555	>>> V 0.00 0.00
130.555	S 12809943 -27.25 19.69 0.00 0.00 TRACK
130.573	>>> V 0.00 0.00
130.576	S 12809963 -27.16 19.69 0.00 0.00 TRACK
130.606	>>> V 0.00 0.00
130.610	S 12809983 -27.25 19.60 0.00 0.00 TRACK
130.623	S 12810003 -27.16 19.60 0.00 0.00 TRACK
130.629	>>> V 0.00 0.00
130.630	S 12810023 -27.16 19.69 0.00 0.00 TRACK
130.638	>>> V 0.00 0.00
130.651	>>> V 0.00 0.00
130.653	S 12810043 -27.16 19.69 0.00 0.00 TRACK
130.677	>>> V 0.00 0.00
130.682	S 12810063 -27.16 19.60 0.00 0.00 TRACK
130.695	>>> V 0.00 0.00
130.698	S 12810083 -27.16 19.69 0.00 0.00 TRACK
130.712	>>> V 0.00 0.00
130.713	S 12810103 -27.16 19.60 0.00 0.00 TRACK
130.735	>>> V 0.00 0.00
130.737	S 12810123 -27.16 19.60 0.00 0.00 TRACK
130.754	>>> V 0.00 0.00
130.755	S 12810143 -27.16 19.69 0.00 0.00 TRACK
130.771	>>> V 0.00 0.00
130.775	S 12810163 -27.16 19.69 0.00 0.00 TRACK
130.802	>>> V 0.00 0.00
130.805	S 12810183 -27.16 19.69 0.00 0.00 TRACK
130.816	>>> V 0.00 0.00
130.821	S 12810203 -27.16 19.60 0.00 0.00 TRACK
130.832	>>> V 0.00 0.00
130.832	S 12810223 -27.16 19.69 0.00 0.00 TRACK
130.851	>>> V 0.00 0.00
130.853	S 12810243 -27.16 19.69 0.00 0.00 TRACK
130.872	>>> V 0.00 0.00
130.874	S 12810263 -27.16 19.60 0.00 0.00 TRACK
130.891	>>> V 0.00 0.00
130.892	S 12810283 -27.16 19.69 0.00 0.00 TRACK
130.914	>>> V 0.00 0.00
130.915	S 12810303 -27.16 19.60 0.00 0.00 TRACK
130.933	>>> V 0.00 0.00
130.936	S 12810323 -27.16 19.69 0.00 0.00 TRACK
130.957	>>> V 0.00 0.00
130.963	S 12810343 -27.16 19.69 0.00 0.00 TRACK
130.973	>>> V 0.00 0.00
130.976	S 12810363 -27.16 19.60 0.00 0.00 TRACK
130.996	>>> V 0.00 0.00
130.999	S 12810383 -27.16 19.60 0.00 0.00 TRACK
131.017	>>> V 0.00 0.00
131.020	S 12810403 -27.16 19.60 0.00 0.00 TRACK
131.035	>>> V 0.00 0.00
131.041	S 12810423 -27.16 19.60 0.00 0.00 TRACK
131.059	>>> V 0.00 0.00
131.059	S 12810443 -27.16 19.60 0.00 0.00 TRACK
131.078	>>> V 0.00 0.00
131.086	S 12810463 -27.16 19.69 0.00 0.00 TRACK
131.088	S 12810483 -27.16 19.60 0.00 0.00 TRACK
131.104	>>> V 0.00 0.00
131.109	S 12810503 -27.16 19.69 0.00 0.00 TRACK
131.127	>>> V 0.00 0.00
131.130	S 12810523 -27.16 19.60 0.00 0.00 TRACK
131.141	>>> V 0.00 0.00
131.156	>>> V 0.00 0.00
131.159	S 12810543 -27.16 19.69 0.00 0.00 TRACK
131.178	>>> V 0.00 0.00
131.179	S 12810563 -27.16 19.69 0.00 0.00 TRACK
131.198	>>> V 0.00 0.00
131.203	S 12810583 -27.16 19.60 0.00 0.00 TRACK
131.221	>>> V 0.00 0.00
131.222	S 12810603 -27.16 19.69 0.00 0.00 TRACK
131.232	>>> V 0.00 0.00
131.232	S 12810623 -27.16 19.69 0.00 0.00 TRACK
131.252	>>> V 0.00 0.00
131.255	S 12810643 -27.16 19.69 0.00 0.00 TRACK
131.273	>>> V 0.00 0.00
131.276	S 12810663 -27.16 19.60 0.00 0.00 TRACK
131.292	>>> V 0.00 0.00
131.294	S 12810683 -27.16 19.69 0.00 0.00 TRACK
131.323	>>> V 0.00 0.00
131.326	S 12810703 -27.16 19.69 0.00 0.00 TRACK
131.327	S 12810723 -27.16 19.69 0.00 0.00 TRACK
131.334	>>> V 0.00 0.00
131.357	>>> V 0.00 0.00
131.358	S 12810743 -27.16 19.60 0.00 0.00 TRACK
131.371	>>> V 0.00 0.00
131.374	S 12810764 -27.16 19.60 0.00 0.00 TRACK
131.396	>>> V 0.00 0.00
131.400	S 12810784 -27.16 19.60 0.00 0.00 TRACK
131.411	>>> V 0.00 0.00
131.414	S 12810804 -27.16 19.60 0.00 0.00 TRACK
131.433	>>> V 0.00 0.00
131.437	S 12810824 -27.16 19.60 0.00 0.00 TRACK
131.452	>>> V 0.00 0.00
131.457	S 12810844 -27.16 19.60 0.00 0.00 TRACK
131.472	>>> V 0.00 0.00
131.480	S 12810864 -27.16 19.60 0.00 0.00 TRACK
131.493	>>> V 0.00 0.00
131.495	S 12810884 -27.16 19.60 0.00 0.00 TRACK
131.519	>>> V 0.00 0.00
131.520	S 12810904 -27.16 19.60 0.00 0.00 TRACK
131.531	>>> V 0.00 0.00
131.533	S 12810924 -27.16 19.69 0.00 0.00 TRACK
131.554	>>> V 0.00 0.00
131.554	S 12810944 -27.16 19.69 0.00 0.00 TRACK
131.576	>>> V 0.00 0.00
131.579	S 12810964 -27.16 19.69 0.00 0.00 TRACK
131.593	>>> V 0.00 0.00
131.593	S 12810984 -27.16 19.60 0.00 0.00 TRACK
131.612	>>> V 0.00 0.00
131.614	S 12811004 -27.16 19.69 0.00 0.00 TRACK
131.633	>>> V 0.00 0.00
131.634	S 12811024 -27.16 19.60 0.00 0.00 TRACK
131.654	>>> V 0.00 0.00
131.655	S 12811044 -27.16 19.60 0.00 0.00 TRACK
131.672	>>> V 0.00 0.00
131.675	S 12811064 -27.16 19.69 0.00 0.00 TRACK
131.709	>>> V 0.00 0.00
131.710	S 12811084 -27.16 19.60 0.00 0.00 TRACK
131.712	S 12811104 -27.16 19.60 0.00 0.00 TRACK
131.732	>>> V 0.00 0.00
131.735	S 12811124 -27.16 19.60 0.00 0.00 TRACK
131.754	>>> V 0.00 0.00
131.756	S 12811144 -27.16 19.69 0.00 0.00 TRACK
131.771	>>> V 0.00 0.00
131.774	S 12811164 -27.16 19.60 0.00 0.00 TRACK
131.792	>>> V 0.00 0.00
131.794	S 12811184 -27.16 19.60 0.00 0.00 TRACK
131.817	>>> V 0.00 0.00
131.818	S 12811204 -27.16 19.69 0.00 0.00 TRACK
131.832	>>> V 0.00 0.00
131.833	S 12811224 -27.16 19.60 0.00 0.00 TRACK
131.855	>>> V 0.00 0.00
131.858	S 12811244 -27.16 19.60 0.00 0.00 TRACK
131.871	>>> V 0.00 0.00
131.873	S 12811264 -27.16 19.60 0.00 0.00 TRACK
131.900	>>> V 0.00 0.00
131.901	S 12811284 -27.16 19.60 0.00 0.00 TRACK
131.914	>>> V 0.00 0.00
131.917	S 12811304 -27.16 19.60 0.00 0.00 TRACK
131.935	>>> V 0.00 0.00
131.937	S 12811324 -27.16 19.60 0.00 0.00 TRACK
131.955	>>> V 0.00 0.00
131.955	S 12811344 -27.16 19.69 0.00 0.00 TRACK
131.974	>>> V 0.00 0.00
131.977	S 12811364 -27.16 19.69 0.00 0.00 TRACK
131.996	>>> V 0.00 0.00
131.998	S 12811384 -27.16 19.60 0.00 0.00 TRACK
132.020	>>> V 0.00 0.00
132.024	S 12811404 -27.25 19.69 0.00 0.00 TRACK
132.044	>>> V 0.00 0.00
132.045	S 12811424 -27.16 19.60 0.00 0.00 TRACK
132.056	>>> V 0.00 0.00
132.063	S 12811444 -27.16 19.60 0.00 0.00 TRACK
132.083	>>> V 0.00 0.00
132.086	S 12811464 -27.16 19.69 0.00 0.00 TRACK
132.093	>>> V 0.00 0.00
132.101	S 12811484 -27.16 19.60 0.00 0.00 TRACK
132.112	>>> V 0.00 0.00
132.116	S 12811504 -27.16 19.60 0.00 0.00 TRACK
132.138	>>> V 0.00 0.00
132.142	S 12811524 -27.16 19.69 0.00 0.00 TRACK
132.156	>>> V 0.00 0.00
132.158	S 12811544 -27.16 19.60 0.00 0.00 TRACK
132.179	>>> V 0.00 0.00
132.181	S 12811564 -27.16 19.69 0.00 0.00 TRACK
132.193	>>> V 0.00 0.00
132.193	S 12811584 -27.16 19.60 0.00 0.00 TRACK
132.215	>>> V 0.00 0.00
132.217	S 12811604 -27.16 19.60 0.00 0.00 TRACK
132.231	>>> V 0.00 0.00
132.235	S 12811624 -27.16 19.60 0.00 0.00 TRACK
132.252	>>> V 0.00 0.00
132.253	S 12811644 -27.16 19.60 0.00 0.00 TRACK
132.273	>>> V 0.00 0.00
132.274	S 12811664 -27.16 19.69 0.00 0.00 TRACK
132.292	>>> V 0.00 0.00
132.308	S 12811684 -27.16 19.69 0.00 0.00 TRACK
132.310	S 12811704 -27.16 19.69 0.00 0.00 TRACK
132.325	>>> V 0.00 0.00
132.336	S 12811724 -27.16 19.60 0.00 0.00 TRACK
132.346	>>> V 0.00 0.00
132.347	S 12811744 -27.16 19.60 0.00 0.00 TRACK
132.363	>>> V 0.00 0.00
132.372	>>> V 0.00 0.00
132.372	S 12811764 -27.16 19.60 0.00 0.00 TRACK
132.394	>>> V 0.00 0.00
132.397	S 12811784 -27.16 19.69 0.00 0.00 TRACK
132.412	>>> V 0.00 0.00
132.412	S 12811804 -27.16 19.69 0.00 0.00 TRACK
132.432	>>> V 0.00 0.00
132.434	S 12811824 -27.16 19.60 0.00 0.00 TRACK
132.452	>>> V 0.00 0.00
132.454	S 12811844 -27.16 19.60 0.00 0.00 TRACK
132.472	>>> V 0.00 0.00
132.474	S 12811864 -27.16 19.60 0.00 0.00 TRACK
132.492	>>> V 0.00 0.00
132.494	S 12811884 -27.16 19.69 0.00 0.00 TRACK
132.516	>>> V 0.00 0.00
132.517	S 12811904 -27.16 19.60 0.00 0.00 TRACK
132.542	>>> V 0.00 0.00
132.543	S 12811924 -27.16 19.69 0.00 0.00 TRACK
132.553	>>> V 0.00 0.00
132.554	S 12811944 -27.16 19.60 0.00 0.00 TRACK
132.571	>>> V 0.00 0.00
132.572	S 12811964 -27.16 19.69 0.00 0.00 TRACK
132.598	>>> V 0.00 0.00
132.600	S 12811984 -27.16 19.69 0.00 0.00 TRACK
132.611	>>> V 0.00 0.00
132.612	S 12812004 -27.16 19.69 0.00 0.00 TRACK
132.632	>>> V 0.00 0.00
132.635	S 12812024 -27.16 19.69 0.00 0.00 TRACK
132.657	>>> V 0.00 0.00
132.657	S 12812044 -27.16 19.69 0.00 0.00 TRACK
132.693	>>> V 0.00 0.00
132.701	S 12812064 -27.16 19.60 0.00 0.00 TRACK
132.708	S 12812084 -27.16 19.69 0.00 0.00 TRACK
132.729	>>> V 0.00 0.00
132.729	S 12812104 -27.16 19.69 0.00 0.00 TRACK
132.733	S 12812124 -27.16 19.60 0.00 0.00 TRACK
132.746	>>> V 0.00 0.00
132.747	S 12812144 -27.16 19.69 0.00 0.00 TRACK
132.764	>>> V 0.00 0.00
132.766	S 12812164 -27.16 19.69 0.00 0.00 TRACK
132.775	>>> V 0.00 0.00
132.797	>>> V 0.00 0.00
132.798	S 12812184 -27.16 19.60 0.00 0.00 TRACK
132.812	>>> V 0.00 0.00
132.812	S 12812204 -27.16 19.69 0.00 0.00 TRACK
132.831	>>> V 0.00 0.00
132.832	S 12812224 -27.16 19.69 0.00 0.00 TRACK
132.852	>>> V 0.00 0.00
132.854	S 12812244 -27.16 19.69 0.00 0.00 TRACK
132.874	>>> V 0.00 0.00
132.876	S 12812264 -27.16 19.60 0.00 0.00 TRACK
132.897	>>> V 0.00 0.00
132.899	S 12812284 -27.16 19.60 0.00 0.00 TRACK
132.914	>>> V 0.00 0.00
132.915	S 12812304 -27.25 19.60 0.00 0.00 TRACK
132.934	>>> V 0.00 0.00
132.935	S 12812324 -27.16 19.60 0.00 0.00 TRACK
132.953	>>> V 0.00 0.00
132.954	S 12812344 -27.16 19.60 0.00 0.00 TRACK
132.972	>>> V 0.00 0.00
132.972	S 12812364 -27.16 19.69 0.00 0.00 TRACK
132.993	>>> V 0.00 0.00
132.994	S 12812384 -27.16 19.60 0.00 0.00 TRACK
133.013	>>> V 0.00 0.00
133.014	S 12812404 -27.16 19.60 0.00 0.00 TRACK
133.032	>>> V 0.00 0.00
133.033	S 12812424 -27.16 19.69 0.00 0.00 TRACK
133.057	>>> V 0.00 0.00
133.058	S 12812444 -27.16 19.60 0.00 0.00 TRACK
133.078	>>> V 0.00 0.00
133.079	S 12812464 -27.16 19.69 0.00 0.00 TRACK
133.095	>>> V 0.00 0.00
133.096	S 12812484 -27.16 19.69 0.00 0.00 TRACK
133.112	>>> V 0.00 0.00
133.113	S 12812504 -27.16 19.69 0.00 0.00 TRACK
133.133	>>> V 0.00 0.00
133.134	S 12812524 -27.16 19.69 0.00 0.00 TRACK
133.154	>>> V 0.00 0.00
133.157	S 12812544 -27.16 19.60 0.00 0.00 TRACK
133.172	>>> V 0.00 0.00
133.173	S 12812564 -27.16 19.69 0.00 0.00 TRACK
133.192	>>> V 0.00 0.00
133.192	S 12812584 -27.16 19.60 0.00 0.00 TRACK
133.220	>>> V 0.00 0.00
133.223	S 12812604 -27.16 19.69 0.00 0.00 TRACK
133.233	>>> V 0.00 0.00
133.234	S 12812624 -27.16 19.60 0.00 0.00 TRACK
133.252	>>> V 0.00 0.00
133.253	S 12812644 -27.16 19.69 0.00 0.00 TRACK
133.276	>>> V 0.00 0.00
133.282	S 12812664 -27.25 19.69 0.00 0.00 TRACK
133.295	>>> V 0.00 0.00
133.296	S 12812684 -27.16 19.60 0.00 0.00 TRACK
133.313	>>> V 0.00 0.00
133.314	S 12812704 -27.16 19.69 0.00 0.00 TRACK
133.337	>>> V 0.00 0.00
133.339	S 12812724 -27.25 19.69 0.00 0.00 TRACK
133.352	>>> V 0.00 0.00
133.353	S 12812744 -27.16 19.60 0.00 0.00 TRACK
133.373	>>> V 0.00 0.00
133.377	S 12812764 -27.16 19.69 0.00 0.00 TRACK
133.391	>>> V 0.00 0.00
133.394	S 12812784 -27.16 19.69 0.00 0.00 TRACK
133.413	>>> V 0.00 0.00
133.413	S 12812804 -27.16 19.69 0.00 0.00 TRACK
133.431	>>> V 0.00 0.00
133.432	S 12812824 -27.16 19.60 0.00 0.00 TRACK
133.452	>>> V 0.00 0.00
133.453	S 12812844 -27.16 19.60 0.00 0.00 TRACK
133.473	>>> V 0.00 0.00
133.476	S 12812864 -27.16 19.69 0.00 0.00 TRACK
133.498	>>> V 0.00 0.00
133.499	S 12812884 -27.16 19.60 0.00 0.00 TRACK
133.511	>>> V 0.00 0.00
133.514	S 12812904 -27.16 19.60 0.00 0.00 TRACK
133.532	>>> V 0.00 0.00
133.534	S 12812924 -27.16 19.69 0.00 0.00 TRACK
133.551	>>> V 0.00 0.00
133.554	S 12812944 -27.16 19.60 0.00 0.00 TRACK
133.572	>>> V 0.00 0.00
133.572	S 12812964 -27.16 19.60 0.00 0.00 TRACK
133.591	>>> V 0.00 0.00
133.593	S 12812984 -27.16 19.69 0.00 0.00 TRACK
133.611	>>> V 0.00 0.00
133.614	S 12813004 -27.16 19.60 0.00 0.00 TRACK
133.632	>>> V 0.00 0.00
133.633	S 12813024 -27.16 19.60 0.00 0.00 TRACK
133.651	>>> V 0.00 0.00
133.652	S 12813044 -27.16 19.69 0.00 0.00 TRACK
133.673	>>> V 0.00 0.00
133.673	S 12813064 -27.16 19.69 0.00 0.00 TRACK
133.699	>>> V 0.00 0.00
133.700	S 12813084 -27.16 19.60 0.00 0.00 TRACK
133.718	>>> V 0.00 0.00
133.723	S 12813104 -27.16 19.69 0.00 0.00 TRACK
133.734	>>> V 0.00 0.00
133.736	S 12813124 -27.16 19.69 0.00 0.00 TRACK
133.753	>>> V 0.00 0.00
133.756	S 12813144 -27.16 19.69 0.00 0.00 TRACK
133.776	>>> V 0.00 0.00
133.778	S 12813164 -27.16 19.60 0.00 0.00 TRACK
133.792	>>> V 0.00 0.00
133.794	S 12813184 -27.16 19.69 0.00 0.00 TRACK
133.813	>>> V 0.00 0.00
133.816	S 12813204 -27.16 19.69 0.00 0.00 TRACK
133.833	>>> V 0.00 0.00
133.834	S 12813224 -27.16 19.69 0.00 0.00 TRACK
133.852	>>> V 0.00 0.00
133.853	S 12813244 -27.16 19.69 0.00 0.00 TRACK
133.880	>>> V 0.00 0.00
133.882	S 12813264 -27.16 19.60 0.00 0.00 TRACK
133.904	>>> V 0.00 0.00
133.904	S 12813284 -27.16 19.60 0.00 0.00 TRACK
133.916	>>> V 0.00 0.00
133.919	S 12813304 -27.16 19.69 0.00 0.00 TRACK
133.944	>>> V 0.00 0.00
133.948	S 12813324 -27.25 19.60 0.00 0.00 TRACK
133.949	S 12813344 -27.16 19.60 0.00 0.00 TRACK
133.965	>>> V 0.00 0.00
133.974	>>> V 0.00 0.00
133.976	S 12813364 -27.16 19.60 0.00 0.00 TRACK
133.991	>>> V 0.00 0.00
133.998	S 12813384 -27.16 19.69 0.00 0.00 TRACK
134.022	>>> V 0.00 0.00
134.025	S 12813404 -27.16 19.60 0.00 0.00 TRACK
134.037	>>> V 0.00 0.00
134.038	S 12813424 -27.16 19.69 0.00 0.00 TRACK
134.055	>>> V 0.00 0.00
134.056	S 12813444 -27.16 19.60 0.00 0.00 TRACK
134.075	>>> V 0.00 0.00
134.076	S 12813464 -27.16 19.60 0.00 0.00 TRACK
134.094	>>> V 0.00 0.00
134.095	S 12813484 -27.16 19.60 0.00 0.00 TRACK
134.113	>>> V 0.00 0.00
134.115	S 12813504 -27.16 19.69 0.00 0.00 TRACK
134.132	>>> V 0.00 0.00
134.134	S 12813524 -27.16 19.60 0.00 0.00 TRACK
134.153	>>> V 0.00 0.00
134.155	S 12813544 -27.16 19.69 0.00 0.00 TRACK
134.172	>>> V 0.00 0.00
134.174	S 12813564 -27.16 19.60 0.00 0.00 TRACK
134.193	>>> V 0.00 0.00
134.194	S 12813584 -27.16 19.60 0.00 0.00 TRACK
134.212	>>> V 0.00 0.00
134.219	S 12813604 -27.16 19.60 0.00 0.00 TRACK
134.244	>>> V 0.00 0.00
134.257	S 12813624 -27.16 19.60 0.00 0.00 TRACK
134.269	S 12813644 -27.16 19.60 0.00 0.00 TRACK
134.278	>>> V 0.00 0.00
134.289	S 12813664 -27.16 19.69 0.00 0.00 TRACK
134.294	S 12813684 -27.16 19.69 0.00 0.00 TRACK
134.312	>>> V 0.00 0.00
134.312	S 12813704 -27.16 19.60 0.00 0.00 TRACK
134.321	>>> V 0.00 0.00
134.353	>>> V 0.00 0.00
134.353	S 12813724 -27.16 19.69 0.00 0.00 TRACK
134.360	S 12813744 -27.16 19.69 0.00 0.00 TRACK
134.373	>>> V 0.00 0.00
134.374	S 12813764 -27.16 19.69 0.00 0.00 TRACK
134.396	>>> V 0.00 0.00
134.399	S 12813784 -27.16 19.69 0.00 0.00 TRACK
134.418	>>> V 0.00 0.00
134.418	S 12813804 -27.16 19.60 0.00 0.00 TRACK
134.443	>>> V 0.00 0.00
134.444	S 12813824 -27.16 19.60 0.00 0.00 TRACK
134.455	>>> V 0.00 0.00
134.456	S 12813844 -27.16 19.60 0.00 0.00 TRACK
134.473	>>> V 0.00 0.00
134.480	S 12813864 -27.16 19.60 0.00 0.00 TRACK
134.493	>>> V 0.00 0.00
134.496	S 12813884 -27.16 19.60 0.00 0.00 TRACK
134.561	>>> V 0.00 0.00
134.564	S 12813904 -27.16 19.69 0.00 0.00 TRACK
134.567	S 12813924 -27.16 19.60 0.00 0.00 TRACK
134.570	S 12813944 -27.16 19.60 0.00 0.00 TRACK
134.578	>>> V 0.00 0.00
134.578	S 12813964 -27.16 19.69 0.00 0.00 TRACK
134.595	>>> V 0.00 0.00
134.596	S 12813984 -27.16 19.60 0.00 0.00 TRACK
134.619	>>> V 0.00 0.00
134.622	S 12814004 -27.16 19.69 0.00 0.00 TRACK
134.633	>>> V 0.00 0.00
134.633	S 12814024 -27.25 19.60 0.00 0.00 TRACK
134.652	>>> V 0.00 0.00
134.654	S 12814044 -27.16 19.69 0.00 0.00 TRACK
134.672	>>> V 0.00 0.00
134.675	S 12814064 -27.16 19.60 0.00 0.00 TRACK
134.694	>>> V 0.00 0.00
134.696	S 12814084 -27.16 19.69 0.00 0.00 TRACK
134.716	>>> V 0.00 0.00
134.718	S 12814104 -27.16 19.69 0.00 0.00 TRACK
134.734	>>> V 0.00 0.00
134.736	S 12814124 -27.16 19.60 0.00 0.00 TRACK
134.754	>>> V 0.00 0.00
134.755	S 12814144 -27.16 19.60 0.00 0.00 TRACK
134.774	>>> V 0.00 0.00
134.777	S 12814164 -27.16 19.60 0.00 0.00 TRACK
134.794	>>> V 0.00 0.00
134.797	S 12814184 -27.16 19.69 0.00 0.00 TRACK
134.812	>>> V 0.00 0.00
134.814	S 12814204 -27.16 19.69 0.00 0.00 TRACK
134.832	>>> V 0.00 0.00
134.836	S 12814224 -27.16 19.69 0.00 0.00 TRACK
134.852	>>> V 0.00 0.00
134.852	S 12814244 -27.16 19.60 0.00 0.00 TRACK
134.873	>>> V 0.00 0.00
134.874	S 12814264 -27.16 19.60 0.00 0.00 TRACK
134.896	>>> V 0.00 0.00
134.899	S 12814284 -27.16 19.69 0.00 0.00 TRACK
134.913	>>> V 0.00 0.00
134.916	S 12814304 -27.16 19.60 0.00 0.00 TRACK
134.934	>>> V 0.00 0.00
134.935	S 12814324 -27.16 19.60 0.00 0.00 TRACK
134.952	>>> V 0.00 0.00
134.954	S 12814344 -27.16 19.60 0.00 0.00 TRACK
134.974	>>> V 0.00 0.00
134.976	S 12814364 -27.16 19.69 0.00 0.00 TRACK
134.993	>>> V 0.00 0.00
134.993	S 12814384 -27.16 19.60 0.00 0.00 TRACK
135.013	>>> V 0.00 0.00
135.017	S 12814404 -27.16 19.60 0.00 0.00 TRACK
135.043	>>> V 0.00 0.00
135.048	S 12814424 -27.16 19.60 0.00 0.00 TRACK
135.058	S 12814444 -27.16 19.60 0.00 0.00 TRACK
135.081	>>> V 0.00 0.00
135.084	S 12814464 -27.16 19.60 0.00 0.00 TRACK
135.107	>>> V 0.00 0.00
135.117	S 12814484 -27.16 19.69 0.00 0.00 TRACK
135.122	S 12814504 -27.16 19.69 0.00 0.00 TRACK
135.133	>>> V 0.00 0.00
135.136	S 12814524 -27.16 19.69 0.00 0.00 TRACK
135.155	>>> V 0.00 0.00
135.155	S 12814544 -27.16 19.60 0.00 0.00 TRACK
135.172	>>> V 0.00 0.00
135.173	S 12814564 -27.16 19.60 0.00 0.00 TRACK
135.195	>>> V 0.00 0.00
135.196	S 12814584 -27.16 19.60 0.00 0.00 TRACK
135.214	>>> V 0.00 0.00
135.217	S 12814604 -27.16 19.60 0.00 0.00 TRACK
135.240	>>> V 0.00 0.00
135.240	S 12814624 -27.16 19.60 0.00 0.00 TRACK
135.269	>>> V 0.00 0.00
135.271	S 12814644 -27.16 19.69 0.00 0.00 TRACK
135.276	S 12814664 -27.16 19.60 0.00 0.00 TRACK
135.300	>>> V 0.00 0.00
135.304	S 12814684 -27.16 19.60 0.00 0.00 TRACK
135.337	>>> V 0.00 0.00
135.338	S 12814704 -27.16 19.60 0.00 0.00 TRACK
135.346	S 12814724 -27.16 19.69 0.00 0.00 TRACK
135.357	>>> V 0.00 0.00
135.358	S 12814744 -27.16 19.69 0.00 0.00 TRACK
135.383	>>> V 0.00 0.00
135.386	S 12814764 -27.16 19.60 0.00 0.00 TRACK
135.404	>>> V 0.00 0.00
135.411	S 12814784 -27.16 19.60 0.00 0.00 TRACK
135.435	>>> V 0.00 0.00
135.436	S 12814804 -27.16 19.69 0.00 0.00 TRACK
135.441	S 12814824 -27.16 19.69 0.00 0.00 TRACK
135.452	>>> V 0.00 0.00
135.459	S 12814844 -27.16 19.69 0.00 0.00 TRACK
135.480	>>> V 0.00 0.00
135.485	S 12814864 -27.16 19.60 0.00 0.00 TRACK
135.503	>>> V 0.00 0.00
135.504	S 12814884 -27.16 19.69 0.00 0.00 TRACK
135.527	>>> V 0.00 0.00
135.531	S 12814904 -27.16 19.60 0.00 0.00 TRACK
135.539	S 12814924 -27.16 19.69 0.00 0.00 TRACK
135.546	>>> V 0.00 0.00
135.551	S 12814944 -27.16 19.69 0.00 0.00 TRACK
135.572	>>> V 0.00 0.00
135.573	S 12814964 -27.16 19.69 0.00 0.00 TRACK
135.588	>>> V 0.00 0.00
135.590	S 12814984 -27.16 19.60 0.00 0.00 TRACK
135.604	>>> V 0.00 0.00
135.608	S 12815004 -27.16 19.69 0.00 0.00 TRACK
135.627	>>> V 0.00 0.00
135.627	S 12815024 -27.16 19.60 0.00 0.00 TRACK
135.635	>>> V 0.00 0.00
135.653	>>> V 0.00 0.00
135.656	S 12815044 -27.16 19.60 0.00 0.00 TRACK
135.672	>>> V 0.00 0.00
135.672	S 12815064 -27.16 19.69 0.00 0.00 TRACK
135.700	>>> V 0.00 0.00
135.701	S 12815084 -27.16 19.69 0.00 0.00 TRACK
135.734	>>> V 0.00 0.00
135.740	S 12815104 -27.16 19.60 0.00 0.00 TRACK
135.756	S 12815124 -27.16 19.60 0.00 0.00 TRACK
135.767	>>> V 0.00 0.00
135.770	S 12815144 -27.16 19.60 0.00 0.00 TRACK
135.774	S 12815164 -27.16 19.60 0.00 0.00 TRACK
135.781	>>> V 0.00 0.00
135.794	>>> V 0.00 0.00
135.794	S 12815184 -27.16 19.60 0.00 0.00 TRACK
135.811	>>> V 0.00 0.00
135.814	S 12815204 -27.16 19.69 0.00 0.00 TRACK
135.836	>>> V 0.00 0.00
135.836	S 12815224 -27.16 19.60 0.00 0.00 TRACK
135.853	>>> V 0.00 0.00
135.853	S 12815244 -27.16 19.60 0.00 0.00 TRACK
135.872	>>> V 0.00 0.00
135.872	S 12815264 -27.16 19.69 0.00 0.00 TRACK
135.896	>>> V 0.00 0.00
135.896	S 12815284 -27.16 19.69 0.00 0.00 TRACK
135.912	>>> V 0.00 0.00
135.915	S 12815304 -27.16 19.69 0.00 0.00 TRACK
135.934	>>> V 0.00 0.00
135.934	S 12815324 -27.16 19.60 0.00 0.00 TRACK
135.952	>>> V 0.00 0.00
135.953	S 12815344 -27.16 19.60 0.00 0.00 TRACK
135.972	>>> V 0.00 0.00
135.972	S 12815364 -27.16 19.60 0.00 0.00 TRACK
135.998	>>> V 0.00 0.00
136.001	S 12815384 -27.16 19.60 0.00 0.00 TRACK
136.017	>>> V 0.00 0.00
136.017	S 12815404 -27.16 19.60 0.00 0.00 TRACK
136.033	>>> V 0.00 0.00
136.034	S 12815424 -27.16 19.60 0.00 0.00 TRACK
136.052	>>> V 0.00 0.00
136.053	S 12815444 -27.16 19.60 0.00 0.00 TRACK
136.080	>>> V 0.00 0.00
136.082	S 12815464 -27.16 19.60 0.00 0.00 TRACK
136.092	>>> V 0.00 0.00
136.095	S 12815484 -27.16 19.69 0.00 0.00 TRACK
136.117	>>> V 0.00 0.00
136.125	S 12815504 -27.16 19.69 0.00 0.00 TRACK
136.135	>>> V 0.00 0.00
136.138	S 12815524 -27.16 19.60 0.00 0.00 TRACK
136.152	>>> V 0.00 0.00
136.158	S 12815544 -27.16 19.60 0.00 0.00 TRACK
136.180	>>> V 0.00 0.00
136.183	S 12815564 -27.25 19.69 0.00 0.00 TRACK
136.193	>>> V 0.00 0.00
136.199	S 12815584 -27.16 19.60 0.00 0.00 TRACK
136.218	>>> V 0.00 0.00
136.221	S 12815604 -27.25 19.60 0.00 0.00 TRACK
136.232	>>> V 0.00 0.00
136.238	S 12815624 -27.16 19.69 0.00 0.00 TRACK
136.267	>>> V 0.00 0.00
136.268	S 12815644 -27.16 19.60 0.00 0.00 TRACK
136.270	S 12815664 -27.16 19.60 0.00 0.00 TRACK
136.284	>>> V 0.00 0.00
136.287	S 12815684 -27.16 19.60 0.00 0.00 TRACK
136.295	>>> V 0.00 0.00
136.312	>>> V 0.00 0.00
136.312	S 12815704 -27.16 19.69 0.00 0.00 TRACK
136.333	>>> V 0.00 0.00
136.335	S 12815724 -27.16 19.69 0.00 0.00 TRACK
136.352	>>> V 0.00 0.00
136.358	S 12815744 -27.16 19.60 0.00 0.00 TRACK
136.374	>>> V 0.00 0.00
136.377	S 12815764 -27.16 19.60 0.00 0.00 TRACK
136.394	>>> V 0.00 0.00
136.396	S 12815784 -27.16 19.60 0.00 0.00 TRACK
136.418	>>> V 0.00 0.00
136.419	S 12815804 -27.16 19.60 0.00 0.00 TRACK
136.432	>>> V 0.00 0.00
136.435	S 12815824 -27.16 19.69 0.00 0.00 TRACK
136.451	>>> V 0.00 0.00
136.454	S 12815844 -27.16 19.69 0.00 0.00 TRACK
136.473	>>> V 0.00 0.00
136.474	S 12815864 -27.16 19.60 0.00 0.00 TRACK
136.497	>>> V 0.00 0.00
136.497	S 12815884 -27.16 19.60 0.00 0.00 TRACK
136.513	>>> V 0.00 0.00
136.514	S 12815904 -27.16 19.60 0.00 0.00 TRACK
136.535	>>> V 0.00 0.00
136.538	S 12815924 -27.16 19.69 0.00 0.00 TRACK
136.551	>>> V 0.00 0.00
136.552	S 12815944 -27.16 19.69 0.00 0.00 TRACK
136.575	>>> V 0.00 0.00
136.576	S 12815964 -27.16 19.60 0.00 0.00 TRACK
136.591	>>> V 0.00 0.00
136.592	S 12815984 -27.16 19.69 0.00 0.00 TRACK
136.613	>>> V 0.00 0.00
136.613	S 12816004 -27.25 19.60 0.00 0.00 TRACK
136.632	>>> V 0.00 0.00
136.635	S 12816024 -27.16 19.60 0.00 0.00 TRACK
136.651	>>> V 0.00 0.00
136.653	S 12816044 -27.16 19.60 0.00 0.00 TRACK
136.673	>>> V 0.00 0.00
136.674	S 12816064 -27.16 19.60 0.00 0.00 TRACK
136.699	>>> V 0.00 0.00
136.701	S 12816084 -27.16 19.60 0.00 0.00 TRACK
136.714	>>> V 0.00 0.00
136.717	S 12816104 -27.16 19.60 0.00 0.00 TRACK
136.742	>>> V 0.00 0.00
136.742	S 12816124 -27.16 19.60 0.00 0.00 TRACK
136.751	>>> V 0.00 0.00
136.755	S 12816144 -27.16 19.60 0.00 0.00 TRACK
136.774	>>> V 0.00 0.00
136.774	S 12816164 -27.16 19.60 0.00 0.00 TRACK
136.796	>>> V 0.00 0.00
136.799	S 12816184 -27.16 19.69 0.00 0.00 TRACK
136.816	>>> V 0.00 0.00
136.819	S 12816204 -27.16 19.69 0.00 0.00 TRACK
136.844	>>> V 0.00 0.00
136.849	S 12816224 -27.16 19.60 0.00 0.00 TRACK
136.850	S 12816244 -27.16 19.60 0.00 0.00 TRACK
136.856	>>> V 0.00 0.00
136.873	>>> V 0.00 0.00
136.876	S 12816264 -27.16 19.69 0.00 0.00 TRACK
136.892	>>> V 0.00 0.00
136.894	S 12816284 -27.16 19.60 0.00 0.00 TRACK
136.919	>>> V 0.00 0.00
136.922	S 12816304 -27.16 19.60 0.00 0.00 TRACK
136.934	>>> V 0.00 0.00
136.934	S 12816324 -27.16 19.69 0.00 0.00 TRACK
136.961	>>> V 0.00 0.00
136.966	S 12816344 -27.16 19.60 0.00 0.00 TRACK
136.981	>>> V 0.00 0.00
136.982	S 12816364 -27.16 19.60 0.00 0.00 TRACK
136.995	>>> V 0.00 0.00
137.000	S 12816384 -27.16 19.69 0.00 0.00 TRACK
137.014	>>> V 0.00 0.00
137.015	S 12816404 -27.16 19.60 0.00 0.00 TRACK
137.033	>>> V 0.00 0.00
137.034	S 12816424 -27.16 19.60 0.00 0.00 TRACK
137.056	>>> V 0.00 0.00
137.057	S 12816444 -27.16 19.60 0.00 0.00 TRACK
137.071	>>> V 0.00 0.00
137.072	S 12816464 -27.16 19.60 0.00 0.00 TRACK
137.094	>>> V 0.00 0.00
137.095	S 12816484 -27.16 19.60 0.00 0.00 TRACK
137.112	>>> V 0.00 0.00
137.115	S 12816504 -27.16 19.69 0.00 0.00 TRACK
137.135	>>> V 0.00 0.00
137.135	S 12816524 -27.16 19.60 0.00 0.00 TRACK
137.153	>>> V 0.00 0.00
137.154	S 12816544 -27.16 19.60 0.00 0.00 TRACK
137.171	>>> V 0.00 0.00
137.173	S 12816564 -27.16 19.69 0.00 0.00 TRACK
137.191	>>> V 0.00 0.00
137.192	S 12816584 -27.16 19.69 0.00 0.00 TRACK
137.217	>>> V 0.00 0.00
137.220	S 12816604 -27.16 19.60 0.00 0.00 TRACK
137.236	>>> V 0.00 0.00
137.244	S 12816624 -27.16 19.69 0.00 0.00 TRACK
137.258	>>> V 0.00 0.00
137.259	S 12816644 -27.16 19.60 0.00 0.00 TRACK
137.272	>>> V 0.00 0.00
137.275	S 12816664 -27.16 19.69 0.00 0.00 TRACK
137.295	>>> V 0.00 0.00
137.297	S 12816684 -27.16 19.69 0.00 0.00 TRACK
137.314	>>> V 0.00 0.00
137.314	S 12816704 -27.16 19.60 0.00 0.00 TRACK
137.334	>>> V 0.00 0.00
137.334	S 12816724 -27.16 19.60 0.00 0.00 TRACK
137.352	>>> V 0.00 0.00
137.357	S 12816744 -27.16 19.60 0.00 0.00 TRACK
137.382	>>> V 0.00 0.00
137.387	S 12816764 -27.16 19.69 0.00 0.00 TRACK
137.389	S 12816784 -27.16 19.60 0.00 0.00 TRACK
137.404	>>> V 0.00 0.00
137.415	>>> V 0.00 0.00
137.418	S 12816804 -27.16 19.60 0.00 0.00 TRACK
137.432	>>> V 0.00 0.00
137.440	S 12816824 -27.16 19.69 0.00 0.00 TRACK
137.453	>>> V 0.00 0.00
137.456	S 12816844 -27.16 19.60 0.00 0.00 TRACK
137.471	>>> V 0.00 0.00
137.478	S 12816864 -27.16 19.69 0.00 0.00 TRACK
137.495	>>> V 0.00 0.00
137.498	S 12816884 -27.16 19.69 0.00 0.00 TRACK
137.514	>>> V 0.00 0.00
137.517	S 12816904 -27.16 19.69 0.00 0.00 TRACK
137.534	>>> V 0.00 0.00
137.536	S 12816924 -27.16 19.69 0.00 0.00 TRACK
137.551	>>> V 0.00 0.00
137.560	S 12816944 -27.16 19.60 0.00 0.00 TRACK
137.572	>>> V 0.00 0.00
137.574	S 12816964 -27.16 19.69 0.00 0.00 TRACK
137.592	>>> V 0.00 0.00
137.597	S 12816984 -27.16 19.69 0.00 0.00 TRACK
137.611	>>> V 0.00 0.00
137.614	S 12817004 -27.16 19.60 0.00 0.00 TRACK
137.631	>>> V 0.00 0.00
137.633	S 12817024 -27.16 19.69 0.00 0.00 TRACK
137.652	>>> V 0.00 0.00
137.652	S 12817044 -27.16 19.60 0.00 0.00 TRACK
137.678	>>> V 0.00 0.00
137.678	S 12817064 -27.16 19.60 0.00 0.00 TRACK
137.700	>>> V 0.00 0.00
137.710	S 12817084 -27.16 19.60 0.00 0.00 TRACK
137.719	S 12817104 -27.16 19.69 0.00 0.00 TRACK
137.835	>>> V 0.00 0.00
137.836	S 12817124 -27.16 19.60 0.00 0.00 TRACK
137.837	S 12817144 -27.16 19.60 0.00 0.00 TRACK
137.838	S 12817164 -27.16 19.60 0.00 0.00 TRACK
137.841	S 12817184 -27.16 19.69 0.00 0.00 TRACK
137.846	S 12817204 -27.16 19.60 0.00 0.00 TRACK
137.848	S 12817224 -27.16 19.60 0.00 0.00 TRACK
137.859	>>> V 0.00 0.00
137.859	S 12817244 -27.16 19.60 0.00 0.00 TRACK
137.871	>>> V 0.00 0.00
137.872	S 12817264 -27.16 19.69 0.00 0.00 TRACK
137.891	>>> V 0.00 0.00
137.895	S 12817284 -27.16 19.60 0.00 0.00 TRACK
137.915	>>> V 0.00 0.00
137.916	S 12817304 -27.16 19.60 0.00 0.00 TRACK
137.936	>>> V 0.00 0.00
137.936	S 12817324 -27.16 19.69 0.00 0.00 TRACK
137.952	>>> V 0.00 0.00
137.958	S 12817344 -27.16 19.69 0.00 0.00 TRACK
137.978	>>> V 0.00 0.00
137.978	S 12817364 -27.16 19.60 0.00 0.00 TRACK
137.993	>>> V 0.00 0.00
137.995	S 12817384 -27.16 19.60 0.00 0.00 TRACK
138.013	>>> V 0.00 0.00
138.013	S 12817404 -27.16 19.69 0.00 0.00 TRACK
138.032	>>> V 0.00 0.00
138.032	S 12817424 -27.16 19.60 0.00 0.00 TRACK
138.059	>>> V 0.00 0.00
138.062	S 12817444 -27.16 19.60 0.00 0.00 TRACK
138.091	>>> V 0.00 0.00
138.097	S 12817464 -27.16 19.69 0.00 0.00 TRACK
138.100	S 12817484 -27.16 19.60 0.00 0.00 TRACK
138.117	>>> V 0.00 0.00
138.117	S 12817504 -27.16 19.69 0.00 0.00 TRACK
138.134	>>> V 0.00 0.00
138.136	S 12817524 -27.16 19.69 0.00 0.00 TRACK
138.152	>>> V 0.00 0.00
138.154	S 12817544 -27.16 19.69 0.00 0.00 TRACK
138.173	>>> V 0.00 0.00
138.181	S 12817564 -27.16 19.69 0.00 0.00 TRACK
138.192	>>> V 0.00 0.00
138.195	S 12817584 -27.16 19.60 0.00 0.00 TRACK
138.212	>>> V 0.00 0.00
138.214	S 12817604 -27.16 19.60 0.00 0.00 TRACK
138.232	>>> V 0.00 0.00
138.239	S 12817624 -27.16 19.60 0.00 0.00 TRACK
138.253	>>> V 0.00 0.00
138.254	S 12817644 -27.16 19.60 0.00 0.00 TRACK
138.271	>>> V 0.00 0.00
138.272	S 12817664 -27.16 19.60 0.00 0.00 TRACK
138.292	>>> V 0.00 0.00
138.294	S 12817684 -27.16 19.69 0.00 0.00 TRACK
138.313	>>> V 0.00 0.00
138.313	S 12817704 -27.16 19.69 0.00 0.00 TRACK
138.332	>>> V 0.00 0.00
138.334	S 12817724 -27.16 19.69 0.00 0.00 TRACK
138.367	>>> V 0.00 0.00
138.371	S 12817744 -27.16 19.60 0.00 0.00 TRACK
138.387	S 12817764 -27.16 19.60 0.00 0.00 TRACK
138.402	>>> V 0.00 0.00
138.405	S 12817784 -27.16 19.60 0.00 0.00 TRACK
138.414	>>> V 0.00 0.00
138.419	S 12817804 -27.16 19.69 0.00 0.00 TRACK
138.440	>>> V 0.00 0.00
138.443	S 12817824 -27.16 19.60 0.00 0.00 TRACK
138.460	>>> V 0.00 0.00
138.462	S 12817844 -27.25 19.69 0.00 0.00 TRACK
138.475	>>> V 0.00 0.00
138.479	S 12817864 -27.16 19.60 0.00 0.00 TRACK
138.493	>>> V 0.00 0.00
138.496	S 12817884 -27.16 19.60 0.00 0.00 TRACK
138.513	>>> V 0.00 0.00
138.516	S 12817904 -27.16 19.60 0.00 0.00 TRACK
138.532	>>> V 0.00 0.00
138.535	S 12817924 -27.16 19.60 0.00 0.00 TRACK
138.553	>>> V 0.00 0.00
138.556	S 12817944 -27.16 19.69 0.00 0.00 TRACK
138.571	>>> V 0.00 0.00
138.574	S 12817964 -27.16 19.60 0.00 0.00 TRACK
138.592	>>> V 0.00 0.00
138.602	S 12817984 -27.16 19.60 0.00 0.00 TRACK
138.617	>>> V 0.00 0.00
138.619	S 12818004 -27.16 19.69 0.00 0.00 TRACK
138.636	>>> V 0.00 0.00
138.639	S 12818024 -27.16 19.69 0.00 0.00 TRACK
138.660	>>> V 0.00 0.00
138.664	S 12818044 -27.16 19.69 0.00 0.00 TRACK
138.678	>>> V 0.00 0.00
138.679	S 12818064 -27.16 19.60 0.00 0.00 TRACK
138.693	>>> V 0.00 0.00
138.694	S 12818084 -27.16 19.69 0.00 0.00 TRACK
138.715	>>> V 0.00 0.00
138.717	S 12818104 -27.16 19.69 0.00 0.00 TRACK
138.744	>>> V 0.00 0.00
138.746	S 12818124 -27.16 19.69 0.00 0.00 TRACK
138.755	>>> V 0.00 0.00
138.759	S 12818144 -27.16 19.60 0.00 0.00 TRACK
138.772	>>> V 0.00 0.00
138.772	S 12818164 -27.16 19.60 0.00 0.00 TRACK
138.792	>>> V 0.00 0.00
138.793	S 12818184 -27.16 19.69 0.00 0.00 TRACK
138.812	>>> V 0.00 0.00
138.814	S 12818204 -27.16 19.60 0.00 0.00 TRACK
138.833	>>> V 0.00 0.00
138.834	S 12818224 -27.16 19.60 0.00 0.00 TRACK
138.861	>>> V 0.00 0.00
138.861	S 12818244 -27.16 19.69 0.00 0.00 TRACK
138.876	>>> V 0.00 0.00
138.877	S 12818264 -27.16 19.69 0.00 0.00 TRACK
138.893	>>> V 0.00 0.00
138.894	S 12818284 -27.16 19.69 0.00 0.00 TRACK
138.912	>>> V 0.00 0.00
138.919	S 12818304 -27.16 19.60 0.00 0.00 TRACK
138.936	>>> V 0.00 0.00
138.936	S 12818324 -27.16 19.69 0.00 0.00 TRACK
138.953	>>> V 0.00 0.00
138.954	S 12818345 -27.25 19.60 0.00 0.00 TRACK
138.974	>>> V 0.00 0.00
138.977	S 12818365 -27.16 19.69 0.00 0.00 TRACK
138.994	>>> V 0.00 0.00
138.994	S 12818385 -27.16 19.69 0.00 0.00 TRACK
139.012	>>> V 0.00 0.00
139.013	S 12818405 -27.16 19.60 0.00 0.00 TRACK
139.033	>>> V 0.00 0.00
139.034	S 12818425 -27.16 19.60 0.00 0.00 TRACK
139.052	>>> V 0.00 0.00
139.053	S 12818445 -27.16 19.60 0.00 0.00 TRACK
139.074	>>> V 0.00 0.00
139.077	S 12818465 -27.16 19.69 0.00 0.00 TRACK
139.141	>>> V 0.00 0.00
139.143	S 12818485 -27.16 19.60 0.00 0.00 TRACK
139.146	S 12818505 -27.16 19.69 0.00 0.00 TRACK
139.147	S 12818525 -27.16 19.69 0.00 0.00 TRACK
139.162	>>> V 0.00 0.00
139.162	S 12818545 -27.16 19.60 0.00 0.00 TRACK
139.180	>>> V 0.00 0.00
139.183	S 12818565 -27.25 19.60 0.00 0.00 TRACK
139.198	>>> V 0.00 0.00
139.204	S 12818585 -27.16 19.69 0.00 0.00 TRACK
139.225	>>> V 0.00 0.00
139.228	S 12818605 -27.16 19.69 0.00 0.00 TRACK
139.233	S 12818625 -27.16 19.60 0.00 0.00 TRACK
139.247	>>> V 0.00 0.00
139.250	S 12818645 -27.16 19.69 0.00 0.00 TRACK
139.257	>>> V 0.00 0.00
139.276	>>> V 0.00 0.00
139.277	S 12818665 -27.16 19.60 0.00 0.00 TRACK
139.292	>>> V 0.00 0.00
139.295	S 12818685 -27.16 19.60 0.00 0.00 TRACK
139.313	>>> V 0.00 0.00
139.316	S 12818705 -27.16 19.60 0.00 0.00 TRACK
139.332	>>> V 0.00 0.00
139.333	S 12818725 -27.16 19.69 0.00 0.00 TRACK
139.352	>>> V 0.00 0.00
139.352	S 12818745 -27.16 19.60 0.00 0.00 TRACK
139.379	>>> V 0.00 0.00
139.380	S 12818765 -27.16 19.60 0.00 0.00 TRACK
139.394	>>> V 0.00 0.00
139.397	S 12818785 -27.16 19.60 0.00 0.00 TRACK
139.414	>>> V 0.00 0.00
139.417	S 12818805 -27.16 19.60 0.00 0.00 TRACK
139.434	>>> V 0.00 0.00
139.434	S 12818825 -27.16 19.60 0.00 0.00 TRACK
139.453	>>> V 0.00 0.00
139.456	S 12818845 -27.16 19.60 0.00 0.00 TRACK
139.471	>>> V 0.00 0.00
139.473	S 12818865 -27.16 19.60 0.00 0.00 TRACK
139.491	>>> V 0.00 0.00
139.494	S 12818885 -27.16 19.69 0.00 0.00 TRACK
139.513	>>> V 0.00 0.00
139.513	S 12818905 -27.16 19.60 0.00 0.00 TRACK
139.535	>>> V 0.00 0.00
139.536	S 12818925 -27.16 19.69 0.00 0.00 TRACK
139.555	>>> V 0.00 0.00
139.559	S 12818945 -27.16 19.69 0.00 0.00 TRACK
139.573	>>> V 0.00 0.00
139.577	S 12818965 -27.16 19.69 0.00 0.00 TRACK
139.593	>>> V 0.00 0.00
139.601	S 12818985 -27.16 19.69 0.00 0.00 TRACK
139.631	>>> V 0.00 0.00
139.652	S 12819005 -27.16 19.69 0.00 0.00 TRACK
139.653	S 12819025 -27.16 19.60 0.00 0.00 TRACK
139.654	S 12819045 -27.16 19.60 0.00 0.00 TRACK
139.680	>>> V 0.00 0.00
139.684	S 12819065 -27.16 19.60 0.00 0.00 TRACK
139.702	>>> V 0.00 0.00
139.705	S 12819085 -27.16 19.60 0.00 0.00 TRACK
139.719	>>> V 0.00 0.00
139.720	S 12819105 -27.16 19.69 0.00 0.00 TRACK
139.734	>>> V 0.00 0.00
139.737	S 12819125 -27.16 19.69 0.00 0.00 TRACK
139.762	>>> V 0.00 0.00
139.765	S 12819145 -27.16 19.60 0.00 0.00 TRACK
139.773	>>> V 0.00 0.00
139.780	S 12819165 -27.16 19.69 0.00 0.00 TRACK
139.791	>>> V 0.00 0.00
139.794	S 12819185 -27.16 19.60 0.00 0.00 TRACK
139.821	>>> V 0.00 0.00
139.824	S 12819205 -27.16 19.60 0.00 0.00 TRACK
139.833	>>> V 0.00 0.00
139.836	S 12819225 -27.16 19.60 0.00 0.00 TRACK
139.858	>>> V 0.00 0.00
139.860	S 12819245 -27.16 19.60 0.00 0.00 TRACK
139.884	>>> V 0.00 0.00
139.889	S 12819265 -27.16 19.69 0.00 0.00 TRACK
139.890	S 12819285 -27.16 19.60 0.00 0.00 TRACK
139.906	>>> V 0.00 0.00
139.909	S 12819305 -27.16 19.60 0.00 0.00 TRACK
139.930	>>> V 0.00 0.00
139.930	S 12819325 -27.16 19.60 0.00 0.00 TRACK
139.940	>>> V 0.00 0.00
139.950	S 12819345 -27.16 19.60 0.00 0.00 TRACK
139.974	>>> V 0.00 0.00
139.974	S 12819365 -27.16 19.69 0.00 0.00 TRACK
139.982	>>> V 0.00 0.00
140.001	>>> V 0.00 0.00
140.003	S 12819385 -27.16 19.60 0.00 0.00 TRACK
140.014	>>> V 0.00 0.00
140.017	S 12819405 -27.16 19.60 0.00 0.00 TRACK
140.036	>>> V 0.00 0.00
140.041	S 12819425 -27.16 19.69 0.00 0.00 TRACK
140.062	>>> V 0.00 0.00
140.063	S 12819445 -27.16 19.60 0.00 0.00 TRACK
140.086	>>> V 0.00 0.00
140.089	S 12819465 -27.16 19.69 0.00 0.00 TRACK
140.097	S 12819485 -27.16 19.60 0.00 0.00 TRACK
140.110	>>> V 0.00 0.00
140.113	S 12819505 -27.25 19.60 0.00 0.00 TRACK
140.123	>>> V 0.00 0.00
140.136	>>> V 0.00 0.00
140.139	S 12819525 -27.16 19.69 0.00 0.00 TRACK
140.152	>>> V 0.00 0.00
140.155	S 12819545 -27.16 19.69 0.00 0.00 TRACK
140.176	>>> V 0.00 0.00
140.177	S 12819565 -27.16 19.60 0.00 0.00 TRACK
140.194	>>> V 0.00 0.00
140.197	S 12819585 -27.16 19.60 0.00 0.00 TRACK
140.211	>>> V 0.00 0.00
140.214	S 12819605 -27.16 19.60 0.00 0.00 TRACK
140.233	>>> V 0.00 0.00
140.236	S 12819625 -27.16 19.60 0.00 0.00 TRACK
140.251	>>> V 0.00 0.00
140.254	S 12819645 -27.16 19.69 0.00 0.00 TRACK
140.273	>>> V 0.00 0.00
140.273	S 12819665 -27.16 19.60 0.00 0.00 TRACK
140.291	>>> V 0.00 0.00
140.294	S 12819685 -27.16 19.60 0.00 0.00 TRACK
140.315	>>> V 0.00 0.00
140.317	S 12819705 -27.16 19.60 0.00 0.00 TRACK
140.333	>>> V 0.00 0.00
140.333	S 12819725 -27.16 19.69 0.00 0.00 TRACK
140.351	>>> V 0.00 0.00
140.353	S 12819745 -27.16 19.60 0.00 0.00 TRACK
140.372	>>> V 0.00 0.00
140.373	S 12819765 -27.16 19.60 0.00 0.00 TRACK
140.393	>>> V 0.00 0.00
140.393	S 12819785 -27.16 19.69 0.00 0.00 TRACK
140.414	>>> V 0.00 0.00
140.425	S 12819805 -27.16 19.60 0.00 0.00 TRACK
140.433	>>> V 0.00 0.00
140.435	S 12819825 -27.16 19.69 0.00 0.00 TRACK
140.459	>>> V 0.00 0.00
140.487	S 12819845 -27.16 19.69 0.00 0.00 TRACK
140.489	S 12819865 -27.16 19.69 0.00 0.00 TRACK
140.508	>>> V 0.00 0.00
140.511	S 12819885 -27.16 19.69 0.00 0.00 TRACK
140.513	S 12819905 -27.16 19.60 0.00 0.00 TRACK
140.528	>>> V 0.00 0.00
140.530	S 12819925 -27.16 19.60 0.00 0.00 TRACK
140.544	>>> V 0.00 0.00
140.557	>>> V 0.00 0.00
140.559	S 12819945 -27.16 19.69 0.00 0.00 TRACK
140.581	>>> V 0.00 0.00
140.581	S 12819965 -27.16 19.60 0.00 0.00 TRACK
140.594	>>> V 0.00 0.00
140.595	S 12819985 -27.16 19.60 0.00 0.00 TRACK
140.630	>>> V 0.00 0.00
140.638	S 12820005 -27.16 19.60 0.00 0.00 TRACK
140.644	S 12820025 -27.16 19.69 0.00 0.00 TRACK
140.677	>>> V 0.00 0.00
140.679	S 12820045 -27.16 19.60 0.00 0.00 TRACK
140.681	S 12820065 -27.16 19.69 0.00 0.00 TRACK
140.718	>>> V 0.00 0.00
140.719	S 12820085 -27.16 19.60 0.00 0.00 TRACK
140.724	S 12820105 -27.16 19.69 0.00 0.00 TRACK
140.757	>>> V 0.00 0.00
140.769	S 12820125 -27.16 19.60 0.00 0.00 TRACK
140.783	S 12820145 -27.16 19.69 0.00 0.00 TRACK
140.800	S 12820165 -27.16 19.69 0.00 0.00 TRACK
140.824	>>> V 0.00 0.00
140.827	S 12820185 -27.16 19.69 0.00 0.00 TRACK
140.845	S 12820205 -27.16 19.60 0.00 0.00 TRACK
140.854	S 12820225 -27.16 19.60 0.00 0.00 TRACK
140.893	>>> V 0.00 0.00
140.897	S 12820245 -27.16 19.60 0.00 0.00 TRACK
140.904	S 12820265 -27.16 19.69 0.00 0.00 TRACK
140.913	S 12820285 -27.16 19.69 0.00 0.00 TRACK
140.933	>>> V 0.00 0.00
140.936	S 12820305 -27.16 19.60 0.00 0.00 TRACK
140.937	S 12820325 -27.16 19.69 0.00 0.00 TRACK
140.964	>>> V 0.00 0.00
140.968	S 12820345 -27.16 19.69 0.00 0.00 TRACK
140.972	S 12820365 -27.16 19.60 0.00 0.00 TRACK
140.996	>>> V 0.00 0.00
141.001	S 12820385 -27.16 19.60 0.00 0.00 TRACK
141.025	>>> V 0.00 0.00
141.033	S 12820405 -27.16 19.69 0.00 0.00 TRACK
141.049	S 12820425 -27.16 19.60 0.00 0.00 TRACK
141.072	>>> V 0.00 0.00
141.081	S 12820445 -27.16 19.69 0.00 0.00 TRACK
141.103	S 12820465 -27.16 19.69 0.00 0.00 TRACK
141.154	>>> V 0.00 0.00
141.154	S 12820485 -27.16 19.69 0.00 0.00 TRACK
141.159	S 12820505 -27.16 19.60 0.00 0.00 TRACK
141.163	S 12820525 -27.16 19.60 0.00 0.00 TRACK
141.165	S 12820545 -27.16 19.60 0.00 0.00 TRACK
141.174	>>> V 0.00 0.00
141.175	S 12820565 -27.16 19.69 0.00 0.00 TRACK
141.194	>>> V 0.00 0.00
141.194	S 12820585 -27.16 19.60 0.00 0.00 TRACK
141.211	>>> V 0.00 0.00
141.212	S 12820605 -27.16 19.69 0.00 0.00 TRACK
141.231	>>> V 0.00 0.00
141.232	S 12820625 -27.16 19.60 0.00 0.00 TRACK
141.253	>>> V 0.00 0.00
141.256	S 12820645 -27.16 19.60 0.00 0.00 TRACK
141.284	>>> V 0.00 0.00
141.285	S 12820665 -27.16 19.60 0.00 0.00 TRACK
141.293	>>> V 0.00 0.00
141.296	S 12820685 -27.16 19.69 0.00 0.00 TRACK
141.317	>>> V 0.00 0.00
141.319	S 12820705 -27.16 19.69 0.00 0.00 TRACK
141.337	>>> V 0.00 0.00
141.339	S 12820725 -27.16 19.69 0.00 0.00 TRACK
141.351	>>> V 0.00 0.00
141.355	S 12820745 -27.16 19.60 0.00 0.00 TRACK
141.384	>>> V 0.00 0.00
141.385	S 12820765 -27.16 19.69 0.00 0.00 TRACK
141.397	>>> V 0.00 0.00
141.398	S 12820785 -27.16 19.60 0.00 0.00 TRACK
141.412	>>> V 0.00 0.00
141.416	S 12820805 -27.16 19.69 0.00 0.00 TRACK
141.439	>>> V 0.00 0.00
141.440	S 12820825 -27.16 19.60 0.00 0.00 TRACK
141.453	>>> V 0.00 0.00
141.455	S 12820845 -27.16 19.60 0.00 0.00 TRACK
141.477	>>> V 0.00 0.00
141.478	S 12820865 -27.16 19.60 0.00 0.00 TRACK
141.498	>>> V 0.00 0.00
141.498	S 12820885 -27.25 19.60 0.00 0.00 TRACK
141.512	>>> V 0.00 0.00
141.513	S 12820905 -27.16 19.69 0.00 0.00 TRACK
141.540	>>> V 0.00 0.00
141.549	S 12820925 -27.16 19.60 0.00 0.00 TRACK
141.554	S 12820945 -27.16 19.60 0.00 0.00 TRACK
141.560	>>> V 0.00 0.00
141.568	S 12820965 -27.16 19.60 0.00 0.00 TRACK
141.590	>>> V 0.00 0.00
141.596	S 12820985 -27.16 19.69 0.00 0.00 TRACK
141.659	>>> V 0.00 0.00
141.660	S 12821005 -27.16 19.69 0.00 0.00 TRACK
141.665	S 12821025 -27.16 19.60 0.00 0.00 TRACK
141.669	S 12821045 -27.16 19.60 0.00 0.00 TRACK
141.691	>>> V 0.00 0.00
141.692	S 12821065 -27.16 19.69 0.00 0.00 TRACK
141.697	S 12821085 -27.16 19.60 0.00 0.00 TRACK
141.712	>>> V 0.00 0.00
141.718	S 12821105 -27.16 19.60 0.00 0.00 TRACK
141.734	>>> V 0.00 0.00
141.737	S 12821125 -27.16 19.69 0.00 0.00 TRACK
141.764	>>> V 0.00 0.00
141.766	S 12821145 -27.16 19.69 0.00 0.00 TRACK
141.775	>>> V 0.00 0.00
141.777	S 12821165 -27.16 19.60 0.00 0.00 TRACK
141.804	>>> V 0.00 0.00
141.810	S 12821185 -27.16 19.69 0.00 0.00 TRACK
141.815	S 12821205 -27.16 19.60 0.00 0.00 TRACK
141.843	>>> V 0.00 0.00
141.845	S 12821225 -27.16 19.69 0.00 0.00 TRACK
141.874	>>> V 0.00 0.00
141.880	S 12821245 -27.16 19.60 0.00 0.00 TRACK
141.885	S 12821265 -27.16 19.69 0.00 0.00 TRACK
141.912	>>> V 0.00 0.00
141.914	S 12821285 -27.16 19.69 0.00 0.00 TRACK
141.917	S 12821305 -27.16 19.69 0.00 0.00 TRACK
141.950	>>> V 0.00 0.00
141.951	S 12821325 -27.16 19.69 0.00 0.00 TRACK
141.952	S 12821345 -27.16 19.60 0.00 0.00 TRACK
141.970	>>> V 0.00 0.00
141.975	S 12821365 -27.16 19.60 0.00 0.00 TRACK
141.990	>>> V 0.00 0.00
141.991	S 12821385 -27.16 19.60 0.00 0.00 TRACK
142.015	>>> V 0.00 0.00
142.016	S 12821405 -27.16 19.60 0.00 0.00 TRACK
142.047	>>> V 0.00 0.00
142.047	S 12821425 -27.16 19.69 0.00 0.00 TRACK
142.048	S 12821445 -27.16 19.60 0.00 0.00 TRACK
142.062	>>> V 0.00 0.00
142.069	S 12821465 -27.16 19.60 0.00 0.00 TRACK
142.086	>>> V 0.00 0.00
142.114	>>> V 0.00 0.00
142.122	S 12821485 -27.16 19.60 0.00 0.00 TRACK
142.127	S 12821505 -27.16 19.60 0.00 0.00 TRACK
142.155	>>> V 0.00 0.00
142.173	S 12821525 -27.16 19.69 0.00 0.00 TRACK
142.176	S 12821545 -27.16 19.60 0.00 0.00 TRACK
142.181	S 12821565 -27.16 19.69 0.00 0.00 TRACK
142.202	>>> V 0.00 0.00
142.205	S 12821585 -27.16 19.60 0.00 0.00 TRACK
142.225	>>> V 0.00 0.00
142.227	S 12821605 -27.16 19.69 0.00 0.00 TRACK
142.243	>>> V 0.00 0.00
142.244	S 12821625 -27.16 19.69 0.00 0.00 TRACK
142.256	>>> V 0.00 0.00
142.257	S 12821645 -27.16 19.69 0.00 0.00 TRACK
142.287	>>> V 0.00 0.00
142.293	S 12821665 -27.16 19.69 0.00 0.00 TRACK
142.305	S 12821685 -27.16 19.60 0.00 0.00 TRACK
142.321	>>> V 0.00 0.00
142.327	S 12821705 -27.16 19.60 0.00 0.00 TRACK
142.350	>>> V 0.00 0.00
142.355	S 12821725 -27.16 19.69 0.00 0.00 TRACK
142.365	S 12821745 -27.16 19.69 0.00 0.00 TRACK
142.380	>>> V 0.00 0.00
142.381	S 12821765 -27.16 19.60 0.00 0.00 TRACK
142.396	>>> V 0.00 0.00
142.398	S 12821785 -27.16 19.69 0.00 0.00 TRACK
142.412	>>> V 0.00 0.00
142.412	S 12821805 -27.16 19.69 0.00 0.00 TRACK
142.432	>>> V 0.00 0.00
142.434	S 12821825 -27.16 19.60 0.00 0.00 TRACK
142.452	>>> V 0.00 0.00
142.454	S 12821845 -27.16 19.60 0.00 0.00 TRACK
142.471	>>> V 0.00 0.00
142.472	S 12821865 -27.16 19.69 0.00 0.00 TRACK
142.491	>>> V 0.00 0.00
142.492	S 12821885 -27.16 19.60 0.00 0.00 TRACK
142.511	>>> V 0.00 0.00
142.512	S 12821905 -27.16 19.69 0.00 0.00 TRACK
142.531	>>> V 0.00 0.00
142.532	S 12821925 -27.16 19.60 0.00 0.00 TRACK
142.553	>>> V 0.00 0.00
142.555	S 12821945 -27.16 19.69 0.00 0.00 TRACK
142.575	>>> V 0.00 0.00
142.575	S 12821965 -27.16 19.60 0.00 0.00 TRACK
142.593	>>> V 0.00 0.00
142.596	S 12821985 -27.16 19.60 0.00 0.00 TRACK
142.612	>>> V 0.00 0.00
142.613	S 12822005 -27.16 19.60 0.00 0.00 TRACK
142.635	>>> V 0.00 0.00
142.638	S 12822025 -27.16 19.69 0.00 0.00 TRACK
142.653	>>> V 0.00 0.00
142.654	S 12822045 -27.16 19.60 0.00 0.00 TRACK
142.676	>>> V 0.00 0.00
142.678	S 12822065 -27.16 19.69 0.00 0.00 TRACK
142.694	>>> V 0.00 0.00
142.696	S 12822085 -27.16 19.69 0.00 0.00 TRACK
142.715	>>> V 0.00 0.00
142.715	S 12822105 -27.16 19.60 0.00 0.00 TRACK
142.732	>>> V 0.00 0.00
142.734	S 12822125 -27.16 19.69 0.00 0.00 TRACK
142.751	>>> V 0.00 0.00
142.753	S 12822145 -27.16 19.69 0.00 0.00 TRACK
142.774	>>> V 0.00 0.00
142.775	S 12822165 -27.16 19.60 0.00 0.00 TRACK
142.792	>>> V 0.00 0.00
142.793	S 12822185 -27.16 19.69 0.00 0.00 TRACK
142.814	>>> V 0.00 0.00
142.814	S 12822205 -27.16 19.69 0.00 0.00 TRACK
142.833	>>> V 0.00 0.00
142.836	S 12822225 -27.16 19.60 0.00 0.00 TRACK
142.853	>>> V 0.00 0.00
142.858	S 12822245 -27.16 19.60 0.00 0.00 TRACK
142.872	>>> V 0.00 0.00
142.875	S 12822265 -27.16 19.60 0.00 0.00 TRACK
142.959	>>> V 0.00 0.00
142.960	S 12822285 -27.16 19.69 0.00 0.00 TRACK
142.962	S 12822305 -27.16 19.69 0.00 0.00 TRACK
142.966	S 12822325 -27.16 19.60 0.00 0.00 TRACK
142.967	S 12822345 -27.16 19.69 0.00 0.00 TRACK
142.981	>>> V 0.00 0.00
142.982	S 12822365 -27.16 19.69 0.00 0.00 TRACK
142.996	>>> V 0.00 0.00
142.997	S 12822385 -27.16 19.60 0.00 0.00 TRACK
143.015	>>> V 2.21 -3.43
143.016	S 12822405 -27.16 19.60 0.00 0.00 TRACK
143.036	>>> V 2.21 -3.43
143.037	S 12822425 -27.16 19.60 0.00 0.00 TRACK
143.052	>>> V 0.00 0.00
143.053	S 12822445 -27.16 19.60 0.00 0.00 TRACK
143.077	>>> V 0.00 0.00
143.077	S 12822465 -27.16 19.69 0.00 0.00 TRACK
143.094	>>> V 0.00 0.00
143.100	S 12822485 -27.16 19.60 0.00 0.00 TRACK
143.114	>>> V 0.00 0.00
143.117	S 12822505 -27.16 19.69 0.00 0.00 TRACK
143.135	>>> V 0.00 0.00
143.141	S 12822525 -27.16 19.60 0.00 0.00 TRACK
143.151	>>> V 0.00 0.00
143.152	S 12822545 -27.16 19.69 0.00 0.00 TRACK
143.171	>>> V 0.00 0.00
143.173	S 12822565 -27.16 19.60 0.00 0.00 TRACK
143.193	>>> V 0.00 0.00
143.194	S 12822585 -27.16 19.60 0.00 0.00 TRACK
143.211	>>> V 0.00 0.00
143.212	S 12822605 -27.16 19.60 0.00 0.00 TRACK
143.239	>>> V 0.00 0.00
143.240	S 12822625 -27.16 19.60 0.00 0.00 TRACK
143.257	>>> V 0.00 0.00
143.257	S 12822645 -27.16 19.60 0.00 0.00 TRACK
143.272	>>> V 0.00 0.00
143.272	S 12822665 -27.16 19.69 0.00 0.00 TRACK
143.294	>>> V 0.00 0.00
143.297	S 12822685 -27.16 19.69 0.00 0.00 TRACK
143.313	>>> V 0.00 0.00
143.314	S 12822705 -27.16 19.60 0.00 0.00 TRACK
143.332	>>> V 0.00 0.00
143.334	S 12822725 -27.16 19.60 0.00 0.00 TRACK
143.354	>>> V 0.00 0.00
143.355	S 12822745 -27.16 19.69 0.00 0.00 TRACK
143.372	>>> V 0.00 0.00
143.373	S 12822765 -27.16 19.69 0.00 0.00 TRACK
143.396	>>> V 0.00 0.00
143.397	S 12822785 -27.16 19.69 0.00 0.00 TRACK
143.412	>>> V 0.00 0.00
143.413	S 12822805 -27.16 19.60 0.00 0.00 TRACK
143.432	>>> V 0.00 0.00
143.432	S 12822825 -27.16 19.60 0.00 0.00 TRACK
143.451	>>> V 0.00 0.00
143.453	S 12822845 -27.16 19.60 0.00 0.00 TRACK
143.472	>>> V 0.00 0.00
143.475	S 12822865 -27.16 19.60 0.00 0.00 TRACK
143.494	>>> V 0.00 0.00
143.498	S 12822885 -27.16 19.69 0.00 0.00 TRACK
143.512	>>> V 0.00 0.00
143.515	S 12822905 -27.16 19.60 0.00 0.00 TRACK
143.531	>>> V 0.00 0.00
143.533	S 12822925 -27.16 19.60 0.00 0.00 TRACK
143.552	>>> V 0.00 0.00
143.554	S 12822945 -27.16 19.69 0.00 0.00 TRACK
143.572	>>> V 0.00 0.00
143.574	S 12822965 -27.16 19.60 0.00 0.00 TRACK
143.591	>>> V 0.00 0.00
143.593	S 12822985 -27.16 19.69 0.00 0.00 TRACK
143.611	>>> V 0.00 0.00
143.614	S 12823005 -27.16 19.60 0.00 0.00 TRACK
143.632	>>> V 36.26 0.00
143.634	S 12823025 -27.16 19.60 0.00 0.00 TRACK
143.652	>>> V 36.26 0.00
143.655	S 12823045 -27.16 19.60 0.00 0.00 TRACK
143.678	>>> V 36.26 0.00
143.678	S 12823065 -27.16 19.69 0.00 0.00 TRACK
143.692	>>> V 36.26 0.00
143.692	S 12823085 -26.98 19.69 0.00 0.00 TRACK
143.712	>>> V 36.26 0.00
143.714	S 12823105 -26.81 19.60 2.75 0.00 TRACK
143.734	>>> V 36.26 0.00
143.734	S 12823125 -26.37 19.69 6.87 0.00 TRACK
143.753	>>> V 36.25 0.00
143.754	S 12823145 -25.75 19.69 12.37 0.00 TRACK
143.774	>>> V 36.25 0.00
143.775	S 12823165 -25.22 19.60 19.24 0.00 TRACK
143.792	>>> V 36.26 0.00
143.792	S 12823185 -24.61 19.60 24.73 0.00 TRACK
143.812	>>> V 36.26 0.00
143.813	S 12823205 -23.91 19.60 27.48 0.00 TRACK
143.832	>>> V 36.26 0.00
143.832	S 12823225 -23.20 19.60 30.23 0.00 TRACK
143.857	>>> V 36.24 0.00
143.860	S 12823245 -22.59 19.69 32.98 0.00 TRACK
143.881	>>> V 36.24 0.00
143.883	S 12823265 -21.80 19.60 32.98 0.00 TRACK
143.903	>>> V 36.24 0.00
143.904	S 12823285 -21.09 19.69 34.35 0.00 TRACK
143.929	>>> V 36.24 0.00
143.935	S 12823305 -20.39 19.60 34.35 0.00 TRACK
143.946	S 12823325 -19.69 19.69 34.35 0.00 TRACK
143.980	>>> V 35.52 0.00
143.984	S 12823345 -18.98 19.60 34.35 0.00 TRACK
143.997	S 12823365 -18.37 19.60 32.98 0.00 TRACK
144.012	>>> V 35.52 0.00
144.016	S 12823385 -17.75 19.69 32.98 0.00 TRACK
144.018	S 12823405 -16.96 19.69 32.98 0.00 TRACK
144.033	>>> V 35.52 0.00
144.036	S 12823425 -16.26 19.60 34.35 0.00 TRACK
144.055	>>> V 35.52 0.00
144.056	S 12823445 -15.56 19.60 35.72 0.00 TRACK
144.077	>>> V 29.90 0.00
144.077	S 12823465 -14.77 19.69 35.72 0.00 TRACK
144.096	>>> V 27.57 0.00
144.098	S 12823485 -14.06 19.60 35.72 0.00 TRACK
144.119	>>> V 25.15 0.00
144.121	S 12823505 -13.27 19.69 35.72 0.00 TRACK
144.139	>>> V 25.15 0.00
144.140	S 12823525 -12.74 19.60 35.72 0.00 TRACK
144.152	>>> V 25.15 0.00
144.154	S 12823545 -12.13 19.69 34.35 0.00 TRACK
144.182	>>> V 22.76 0.00
144.182	S 12823565 -11.51 19.69 32.98 0.00 TRACK
144.192	>>> V 22.76 0.00
144.195	S 12823585 -10.99 19.60 30.23 0.00 TRACK
144.213	>>> V 22.76 0.00
144.216	S 12823605 -10.46 19.60 28.85 0.00 TRACK
144.234	>>> V 20.44 0.00
144.235	S 12823625 -9.93 19.60 26.11 0.00 TRACK
144.256	>>> V 20.44 0.00
144.259	S 12823645 -9.40 19.60 26.11 0.00 TRACK
144.272	>>> V 18.25 0.00
144.274	S 12823665 -8.88 19.69 24.73 0.00 TRACK
144.298	>>> V 18.25 0.00
144.299	S 12823685 -8.44 19.69 23.36 0.00 TRACK
144.317	>>> V 18.25 0.00
144.317	S 12823705 -8.00 19.69 21.98 0.00 TRACK
144.332	>>> V 18.25 0.00
144.335	S 12823725 -7.56 19.60 21.98 0.00 TRACK
144.360	>>> V 18.25 0.00
144.361	S 12823745 -7.21 19.69 21.98 0.00 TRACK
144.379	>>> V 15.90 0.00
144.383	S 12823765 -6.77 19.60 20.61 0.00 TRACK
144.405	>>> V 15.90 0.00
144.411	S 12823785 -6.42 19.60 19.24 0.00 TRACK
144.416	S 12823805 -5.98 19.60 19.24 0.00 TRACK
144.429	>>> V 15.90 0.00
144.435	S 12823825 -5.62 19.69 17.86 0.00 TRACK
144.461	>>> V 10.95 0.00
144.463	S 12823845 -5.27 19.69 17.86 0.00 TRACK
144.481	>>> V 10.95 0.00
144.482	S 12823865 -4.92 19.69 16.49 0.00 TRACK
144.498	>>> V 10.95 0.00
144.499	S 12823885 -4.57 19.60 16.49 0.00 TRACK
144.516	>>> V 10.95 0.00
144.519	S 12823905 -4.31 19.60 16.49 0.00 TRACK
144.537	>>> V 10.95 0.00
144.541	S 12823925 -4.04 19.60 15.11 0.00 TRACK
144.560	>>> V 8.49 0.00
144.560	S 12823945 -3.78 19.60 13.74 0.00 TRACK
144.579	>>> V 6.24 0.00
144.583	S 12823965 -3.52 19.60 13.74 0.00 TRACK
144.606	>>> V 6.24 0.00
144.608	S 12823985 -3.34 19.60 12.37 0.00 TRACK
144.609	S 12824005 -3.16 19.69 10.99 0.00 TRACK
144.648	>>> V 2.51 0.00
144.649	S 12824025 -2.90 19.69 9.62 0.00 TRACK
144.650	S 12824045 -2.72 19.69 9.62 0.00 TRACK
144.672	>>> V 2.51 0.00
144.686	S 12824065 -2.64 19.69 8.24 0.00 TRACK
144.725	>>> V -8.55 0.00
144.727	S 12824085 -2.55 19.60 6.87 0.00 TRACK
144.730	S 12824105 -2.37 19.60 6.87 0.00 TRACK
144.753	>>> V -8.55 0.00
144.759	S 12824125 -2.29 19.69 5.50 0.00 TRACK
144.767	S 12824145 -2.29 19.69 4.12 0.00 TRACK
144.780	>>> V -10.49 0.00
144.783	S 12824165 -2.29 19.69 2.75 0.00 TRACK
144.798	>>> V -10.49 0.00
144.799	S 12824185 -2.37 19.69 1.37 0.00 TRACK
144.813	>>> V -12.56 0.00
144.813	S 12824205 -2.46 19.60 0.00 0.00 TRACK
144.843	>>> V -12.56 0.00
144.843	S 12824225 -2.64 19.69 -2.75 0.00 TRACK
144.858	>>> V -12.56 0.00
144.859	S 12824245 -2.81 19.69 -5.50 0.00 TRACK
144.876	>>> V -12.56 0.00
144.877	S 12824265 -3.08 19.69 -6.87 0.00 TRACK
144.892	>>> V -12.56 0.00
144.895	S 12824285 -3.25 19.69 -8.24 0.00 TRACK
144.922	>>> V -12.56 0.00
144.926	S 12824305 -3.43 19.69 -8.24 0.00 TRACK
144.939	>>> V -12.56 0.00
144.941	S 12824325 -3.69 19.69 -9.62 0.00 TRACK
144.959	>>> V -12.56 0.00
144.961	S 12824345 -3.96 19.69 -9.62 0.00 TRACK
144.980	>>> V -12.56 0.00
144.983	S 12824365 -4.13 19.69 -10.99 0.00 TRACK
144.994	>>> V -12.56 0.00
144.997	S 12824385 -4.48 19.69 -12.37 0.00 TRACK
145.025	>>> V -12.56 0.00
145.027	S 12824405 -4.66 19.60 -12.37 0.00 TRACK
145.049	>>> V -13.07 0.00
145.052	S 12824425 -4.92 19.69 -12.37 0.00 TRACK
145.054	S 12824445 -5.19 19.69 -10.99 0.00 TRACK
145.066	>>> V -13.07 0.00
145.069	S 12824465 -5.45 19.60 -10.99 0.00 TRACK
145.093	>>> V -13.07 0.00
145.098	S 12824485 -5.71 19.69 -12.37 0.00 TRACK
145.115	>>> V -12.14 0.00
145.124	S 12824505 -5.98 19.69 -12.37 0.00 TRACK
145.141	>>> V -12.14 0.00
145.145	S 12824525 -6.33 19.69 -12.37 0.00 TRACK
145.161	>>> V -11.53 0.00
145.167	S 12824545 -6.59 19.69 -12.37 0.00 TRACK
145.178	>>> V -11.53 0.00
145.181	S 12824565 -6.86 19.69 -12.37 0.00 TRACK
145.200	>>> V -11.53 0.00
145.202	S 12824585 -7.12 19.69 -12.37 0.00 TRACK
145.219	>>> V -11.53 0.00
145.222	S 12824605 -7.38 19.69 -12.37 0.00 TRACK
145.236	>>> V -11.53 0.00
145.238	S 12824625 -7.56 19.69 -12.37 0.00 TRACK
145.259	>>> V -9.86 0.00
145.262	S 12824645 -7.82 19.69 -10.99 0.00 TRACK
145.281	>>> V -9.86 0.00
145.284	S 12824665 -8.09 19.60 -10.99 0.00 TRACK
145.295	>>> V -9.86 0.00
145.298	S 12824685 -8.26 19.69 -10.99 0.00 TRACK
145.314	>>> V -9.05 0.00
145.318	S 12824705 -8.44 19.69 -10.99 0.00 TRACK
145.334	>>> V -9.05 0.00
145.341	S 12824725 -8.70 19.60 -9.62 0.00 TRACK
145.352	>>> V -9.05 0.00
145.357	S 12824745 -8.88 19.69 -9.62 0.00 TRACK
145.374	>>> V -8.28 0.00
145.377	S 12824765 -9.14 19.69 -9.62 0.00 TRACK
145.396	>>> V -7.41 0.00
145.396	S 12824785 -9.40 19.69 -9.62 0.00 TRACK
145.420	>>> V -7.41 0.00
145.423	S 12824805 -9.58 19.60 -9.62 0.00 TRACK
145.433	>>> V -7.41 0.00
145.434	S 12824825 -9.76 19.69 -9.62 0.00 TRACK
145.452	>>> V -7.41 0.00
145.454	S 12824845 -9.93 19.60 -9.62 0.00 TRACK
145.472	>>> V -7.41 0.00
145.473	S 12824865 -10.11 19.60 -8.24 0.00 TRACK
145.492	>>> V -7.41 0.00
145.492	S 12824885 -10.20 19.69 -6.87 0.00 TRACK
145.516	>>> V -5.63 0.00
145.522	S 12824905 -10.37 19.60 -6.87 0.00 TRACK
145.545	>>> V -5.63 0.00
145.552	S 12824925 -10.37 19.69 -5.50 0.00 TRACK
145.553	S 12824945 -10.55 19.60 -5.50 0.00 TRACK
145.579	>>> V -5.63 0.00
145.579	S 12824965 -10.63 19.60 -5.50 0.00 TRACK
145.584	>>> V -5.63 0.00
145.600	>>> V -5.63 0.00
145.601	S 12824985 -10.81 19.69 -5.50 0.00 TRACK
145.621	>>> V -3.09 0.00
145.623	S 12825005 -10.90 19.69 -5.50 0.00 TRACK
145.636	>>> V -3.09 0.00
145.646	S 12825025 -10.99 19.69 -5.50 0.00 TRACK
145.674	>>> V -3.09 0.00
145.683	S 12825045 -11.16 19.69 -5.50 0.00 TRACK
145.684	S 12825065 -11.25 19.60 -5.50 0.00 TRACK
145.692	>>> V 0.00 0.00
145.692	S 12825085 -11.34 19.69 -5.50 0.00 TRACK
145.711	>>> V 0.00 0.00
145.713	S 12825105 -11.43 19.69 -5.50 0.00 TRACK
145.732	>>> V 0.00 0.00
145.733	S 12825125 -11.51 19.69 -4.12 0.00 TRACK
145.751	>>> V 0.00 0.00
145.752	S 12825145 -11.51 19.60 -2.75 0.00 TRACK
145.773	>>> V 0.00 0.00
145.777	S 12825165 -11.51 19.69 -1.37 0.00 TRACK
145.792	>>> V 0.00 0.00
145.795	S 12825185 -11.51 19.69 0.00 0.00 TRACK
145.811	>>> V 0.00 0.00
145.812	S 12825205 -11.51 19.69 0.00 0.00 TRACK
145.833	>>> V 0.00 0.00
145.834	S 12825225 -11.51 19.60 0.00 0.00 TRACK
145.851	>>> V 0.00 0.00
145.852	S 12825245 -11.51 19.60 0.00 0.00 TRACK
145.873	>>> V 0.00 0.00
145.876	S 12825265 -11.51 19.60 0.00 0.00 TRACK
145.892	>>> V 2.24 0.00
145.894	S 12825285 -11.51 19.60 0.00 0.00 TRACK
145.917	>>> V 2.24 0.00
145.919	S 12825305 -11.51 19.60 0.00 0.00 TRACK
145.936	>>> V 2.24 0.00
145.937	S 12825325 -11.51 19.69 0.00 0.00 TRACK
145.953	>>> V 3.46 0.00
145.954	S 12825345 -11.51 19.69 0.00 0.00 TRACK
145.979	>>> V 3.46 0.00
145.980	S 12825365 -11.51 19.69 0.00 0.00 TRACK
146.000	>>> V 3.46 0.00
146.001	S 12825385 -11.43 19.60 0.00 0.00 TRACK
146.016	>>> V 3.83 0.00
146.020	S 12825405 -11.34 19.69 0.00 0.00 TRACK
146.041	>>> V 3.83 0.00
146.041	S 12825425 -11.25 19.60 1.37 0.00 TRACK
146.058	>>> V 3.83 0.00
146.059	S 12825445 -11.16 19.69 4.12 0.00 TRACK
146.078	>>> V 3.83 0.00
146.080	S 12825465 -10.99 19.69 4.12 0.00 TRACK
146.095	>>> V 4.35 0.00
146.098	S 12825485 -10.90 19.60 4.12 0.00 TRACK
146.120	>>> V 4.34 0.00
146.123	S 12825505 -10.90 19.60 4.12 0.00 TRACK
146.133	>>> V 4.34 0.00
146.135	S 12825525 -10.81 19.60 2.75 0.00 TRACK
146.156	>>> V 4.34 0.00
146.161	S 12825545 -10.72 19.69 2.75 0.00 TRACK
146.174	>>> V 4.34 0.00
146.177	S 12825565 -10.63 19.69 2.75 0.00 TRACK
146.195	>>> V 4.35 0.00
146.197	S 12825585 -10.55 19.69 4.12 0.00 TRACK
146.213	>>> V 4.35 0.00
146.214	S 12825605 -10.37 19.69 4.12 0.00 TRACK
146.237	>>> V 4.35 0.00
146.237	S 12825625 -10.37 19.69 4.12 0.00 TRACK
146.314	>>> V 4.35 0.00
146.314	S 12825645 -10.28 19.69 2.75 0.00 TRACK
146.315	S 12825665 -10.28 19.60 2.75 0.00 TRACK
146.316	S 12825685 -10.28 19.69 1.37 0.00 TRACK
146.318	S 12825705 -10.20 19.69 1.37 0.00 TRACK
146.336	>>> V 4.35 0.00
146.344	S 12825725 -10.11 19.69 1.37 0.00 TRACK
146.355	>>> V 4.06 0.00
146.356	S 12825745 -9.93 19.60 2.75 0.00 TRACK
146.378	>>> V 3.68 0.00
146.378	S 12825766 -9.84 19.60 4.12 0.00 TRACK
146.396	>>> V 3.68 0.00
146.398	S 12825786 -9.76 19.69 5.50 0.00 TRACK
146.416	>>> V 3.68 0.00
146.421	S 12825806 -9.67 19.69 5.50 0.00 TRACK
146.433	>>> V 3.68 0.00
146.438	S 12825825 -9.58 19.69 4.12 0.00 TRACK
146.455	>>> V 3.68 0.00
146.461	S 12825846 -9.49 19.69 4.12 0.00 TRACK
146.474	>>> V 2.89 0.00
146.476	S 12825866 -9.40 19.69 4.12 0.00 TRACK
146.493	>>> V 2.89 0.00
146.496	S 12825886 -9.32 19.69 4.12 0.00 TRACK
146.512	>>> V 2.17 0.00
146.512	S 12825906 -9.23 19.60 2.75 0.00 TRACK
146.531	>>> V 2.17 0.00
146.534	S 12825926 -9.32 19.69 1.37 0.00 TRACK
146.556	>>> V 1.83 0.00
146.557	S 12825946 -9.23 19.60 1.37 0.00 TRACK
146.589	>>> V 1.83 0.00
146.593	S 12825966 -9.05 19.60 2.75 0.00 TRACK
146.598	S 12825986 -9.05 19.69 2.75 0.00 TRACK
146.620	>>> V 1.83 0.00
146.623	S 12826006 -9.05 19.69 2.75 0.00 TRACK
146.646	>>> V 1.83 0.00
146.646	S 12826026 -9.05 19.69 1.37 0.00 TRACK
146.666	>>> V 0.00 0.00
146.668	S 12826046 -9.05 19.69 0.00 0.00 TRACK
146.673	S 12826066 -9.05 19.69 0.00 0.00 TRACK
146.687	>>> V 0.00 0.00
146.690	S 12826086 -9.05 19.69 0.00 0.00 TRACK
146.702	>>> V 0.00 0.00
146.710	S 12826106 -8.88 19.60 0.00 0.00 TRACK
146.728	>>> V 0.00 0.00
146.731	S 12826126 -8.88 19.60 0.00 0.00 TRACK
146.751	>>> V 0.00 0.00
146.753	S 12826146 -8.88 19.69 0.00 0.00 TRACK
146.769	>>> V 0.00 0.00
146.779	S 12826166 -8.88 19.69 0.00 0.00 TRACK
146.800	>>> V 0.00 0.00
146.806	S 12826186 -8.88 19.60 0.00 0.00 TRACK
146.836	>>> V 0.00 0.00
146.836	S 12826206 -8.88 19.69 0.00 0.00 TRACK
146.843	S 12826226 -8.88 19.69 0.00 0.00 TRACK
146.860	>>> V 0.00 0.00
146.861	S 12826246 -8.88 19.60 0.00 0.00 TRACK
146.878	>>> V 0.00 0.00
146.879	S 12826266 -8.88 19.69 0.00 0.00 TRACK
146.903	>>> V 0.00 0.00
146.911	S 12826286 -8.88 19.69 0.00 0.00 TRACK
146.913	S 12826306 -8.88 19.60 0.00 0.00 TRACK
146.920	>>> V 0.00 0.00
146.932	>>> V 0.00 0.00
146.935	S 12826326 -8.88 19.69 0.00 0.00 TRACK
146.952	>>> V 0.00 0.00
146.956	S 12826346 -8.88 19.69 0.00 0.00 TRACK
146.972	>>> V 0.00 0.00
146.977	S 12826366 -8.88 19.69 0.00 0.00 TRACK
146.994	>>> V 0.00 0.00
146.998	S 12826386 -8.88 19.69 0.00 0.00 TRACK
147.012	>>> V 0.00 0.00
147.013	S 12826406 -9.05 19.69 0.00 0.00 TRACK
147.033	>>> V 0.00 0.00
147.036	S 12826426 -8.88 19.60 0.00 0.00 TRACK
147.053	>>> V 0.00 0.00
147.057	S 12826446 -8.88 19.60 0.00 0.00 TRACK
147.078	>>> V 0.00 0.00
147.079	S 12826466 -8.88 19.69 0.00 0.00 TRACK
147.092	>>> V 0.00 0.00
147.096	S 12826486 -8.88 19.69 0.00 0.00 TRACK
147.113	>>> V 0.00 0.00
147.113	S 12826506 -8.88 19.60 0.00 0.00 TRACK
147.131	>>> V 0.00 0.00
147.135	S 12826526 -9.05 19.69 0.00 0.00 TRACK
147.151	>>> V 0.00 0.00
147.153	S 12826546 -8.88 19.69 0.00 0.00 TRACK
147.171	>>> V 0.00 0.00
147.172	S 12826566 -8.88 19.69 0.00 0.00 TRACK
147.194	>>> V 0.00 0.00
147.194	S 12826586 -8.88 19.60 0.00 0.00 TRACK
147.213	>>> V 0.00 0.00
147.216	S 12826606 -8.88 19.69 0.00 0.00 TRACK
147.255	>>> V 0.00 0.00
147.257	S 12826626 -9.05 19.60 0.00 0.00 TRACK
147.258	S 12826646 -8.88 19.69 0.00 0.00 TRACK
147.272	>>> V 0.00 0.00
147.274	S 12826666 -8.88 19.60 0.00 0.00 TRACK
147.291	>>> V 0.00 0.00
147.292	S 12826686 -9.05 19.69 0.00 0.00 TRACK
147.311	>>> V 0.00 0.00
147.313	S 12826706 -8.88 19.69 0.00 0.00 TRACK
147.336	>>> V 0.00 0.00
147.336	S 12826726 -8.88 19.69 0.00 0.00 TRACK
147.355	>>> V 0.00 0.00
147.356	S 12826746 -8.88 19.60 0.00 0.00 TRACK
147.374	>>> V 0.00 0.00
147.378	S 12826766 -8.88 19.60 0.00 0.00 TRACK
147.401	>>> V 0.00 0.00
147.405	S 12826786 -8.88 19.69 0.00 0.00 TRACK
147.414	>>> V 0.00 0.00
147.417	S 12826806 -8.88 19.69 0.00 0.00 TRACK
147.434	>>> V 0.00 0.00
147.437	S 12826826 -8.88 19.60 0.00 0.00 TRACK
147.459	>>> V 0.00 0.00
147.460	S 12826846 -8.88 19.60 0.00 0.00 TRACK
147.472	>>> V 0.00 0.00
147.474	S 12826866 -8.88 19.60 0.00 0.00 TRACK
147.491	>>> V 0.00 0.00
147.493	S 12826886 -8.88 19.69 0.00 0.00 TRACK
147.512	>>> V 0.00 0.00
147.514	S 12826906 -8.88 19.69 0.00 0.00 TRACK
147.535	>>> V 0.00 0.00
147.537	S 12826926 -8.88 19.69 0.00 0.00 TRACK
147.556	>>> V 0.00 0.00
147.559	S 12826946 -8.88 19.69 0.00 0.00 TRACK
147.573	>>> V 0.00 0.00
147.575	S 12826966 -8.88 19.69 0.00 0.00 TRACK
147.592	>>> V 0.00 0.00
147.592	S 12826986 -8.88 19.69 0.00 0.00 TRACK
147.612	>>> V 0.00 0.00
147.614	S 12827006 -8.88 19.69 0.00 0.00 TRACK
147.635	>>> V 0.00 0.00
147.636	S 12827026 -8.88 19.69 0.00 0.00 TRACK
147.654	>>> V 0.00 0.00
147.656	S 12827046 -8.88 19.69 0.00 0.00 TRACK
147.671	>>> V 0.00 0.00
147.673	S 12827066 -8.88 19.60 0.00 0.00 TRACK
147.696	>>> V 0.00 0.00
147.699	S 12827086 -8.88 19.69 0.00 0.00 TRACK
147.713	>>> V 0.00 0.00
147.714	S 12827106 -8.88 19.69 0.00 0.00 TRACK
147.735	>>> V 0.00 0.00
147.736	S 12827126 -8.88 19.60 0.00 0.00 TRACK
147.752	>>> V 0.00 0.00
147.753	S 12827146 -8.88 19.69 0.00 0.00 TRACK
147.775	>>> V 0.00 0.00
147.775	S 12827166 -8.88 19.69 0.00 0.00 TRACK
147.818	>>> V 0.00 0.00
147.820	S 12827186 -8.88 19.69 0.00 0.00 TRACK
147.827	S 12827206 -8.88 19.60 0.00 0.00 TRACK
147.844	>>> V 0.00 0.00
147.848	S 12827226 -8.88 19.69 0.00 0.00 TRACK
147.852	S 12827246 -8.88 19.60 0.00 0.00 TRACK
147.856	>>> V 0.00 0.00
147.872	>>> V 0.00 0.00
147.874	S 12827266 -8.88 19.69 0.00 0.00 TRACK
147.892	>>> V 0.00 0.00
147.892	S 12827286 -8.88 19.69 0.00 0.00 TRACK
147.912	>>> V 0.00 0.00
147.917	S 12827306 -8.88 19.60 0.00 0.00 TRACK
147.936	>>> V 0.00 0.00
147.939	S 12827326 -8.88 19.60 0.00 0.00 TRACK
147.952	>>> V 0.00 0.00
147.953	S 12827346 -8.88 19.69 0.00 0.00 TRACK
148.006	>>> V 0.00 0.00
148.008	S 12827366 -8.88 19.60 0.00 0.00 TRACK
148.010	S 12827386 -8.88 19.69 0.00 0.00 TRACK
148.014	>>> V 0.00 0.00
148.015	S 12827406 -8.88 19.60 0.00 0.00 TRACK
148.032	>>> V 0.00 0.00
148.033	S 12827426 -8.88 19.60 0.00 0.00 TRACK
148.053	>>> V 0.00 0.00
148.053	S 12827446 -8.88 19.69 0.00 0.00 TRACK
148.077	>>> V 0.00 0.00
148.080	S 12827466 -8.88 19.69 0.00 0.00 TRACK
148.140	>>> V 0.00 0.00
148.140	S 12827486 -8.88 19.69 0.00 0.00 TRACK
148.142	S 12827506 -8.88 19.69 0.00 0.00 TRACK
148.143	S 12827526 -8.88 19.60 0.00 0.00 TRACK
148.152	>>> V 0.00 0.00
148.152	S 12827546 -9.05 19.69 0.00 0.00 TRACK
148.173	>>> V 0.00 0.00
148.173	S 12827566 -9.05 19.69 0.00 0.00 TRACK
148.208	>>> V 0.00 0.00
148.215	S 12827586 -8.88 19.69 0.00 0.00 TRACK
148.219	S 12827606 -8.88 19.69 0.00 0.00 TRACK
148.232	>>> V 0.00 0.00
148.234	S 12827626 -9.05 19.69 0.00 0.00 TRACK
148.251	>>> V 0.00 0.00
148.252	S 12827646 -8.88 19.60 0.00 0.00 TRACK
148.271	>>> V 0.00 0.00
148.274	S 12827666 -8.88 19.60 0.00 0.00 TRACK
148.293	>>> V 0.00 0.00
148.294	S 12827686 -8.88 19.69 0.00 0.00 TRACK
148.311	>>> V 0.00 0.00
148.312	S 12827706 -8.88 19.60 0.00 0.00 TRACK
148.334	>>> V 0.00 0.00
148.337	S 12827726 -8.88 19.60 0.00 0.00 TRACK
148.353	>>> V 0.00 0.00
148.357	S 12827746 -8.88 19.69 0.00 0.00 TRACK
148.371	>>> V 0.00 0.00
148.372	S 12827766 -8.88 19.60 0.00 0.00 TRACK
148.393	>>> V 0.00 0.00
148.394	S 12827786 -8.88 19.60 0.00 0.00 TRACK
148.412	>>> V 0.00 0.00
148.417	S 12827806 -8.88 19.69 0.00 0.00 TRACK
148.431	>>> V 0.00 0.00
148.433	S 12827826 -8.88 19.69 0.00 0.00 TRACK
148.452	>>> V 0.00 0.00
148.452	S 12827846 -8.88 19.69 0.00 0.00 TRACK
148.474	>>> V 0.00 0.00
148.477	S 12827866 -8.88 19.69 0.00 0.00 TRACK
148.493	>>> V 0.00 0.00
148.495	S 12827886 -8.88 19.69 0.00 0.00 TRACK
148.512	>>> V 0.00 0.00
148.513	S 12827906 -8.88 19.60 0.00 0.00 TRACK
148.532	>>> V 0.00 0.00
148.533	S 12827926 -8.88 19.69 0.00 0.00 TRACK
148.555	>>> V 0.00 0.00
148.558	S 12827946 -8.88 19.60 0.00 0.00 TRACK
148.573	>>> V 0.00 0.00
148.573	S 12827966 -8.88 19.60 0.00 0.00 TRACK
148.592	>>> V 0.00 0.00
148.595	S 12827986 -8.88 19.60 0.00 0.00 TRACK
148.613	>>> V 0.00 0.00
148.616	S 12828006 -8.88 19.69 0.00 0.00 TRACK
148.640	>>> V 0.00 0.00
148.640	S 12828026 -8.88 19.60 0.00 0.00 TRACK
148.657	>>> V 0.00 0.00
148.657	S 12828046 -8.88 19.69 0.00 0.00 TRACK
148.677	>>> V 0.00 0.00
148.677	S 12828066 -8.88 19.69 0.00 0.00 TRACK
148.691	>>> V 0.00 0.00
148.692	S 12828086 -8.88 19.69 0.00 0.00 TRACK
148.720	>>> V 0.00 0.00
148.726	S 12828106 -8.88 19.69 0.00 0.00 TRACK
148.732	>>> V 0.00 0.00
148.735	S 12828126 -8.88 19.69 0.00 0.00 TRACK
148.754	>>> V 0.00 0.00
148.754	S 12828146 -8.88 19.69 0.00 0.00 TRACK
148.772	>>> V 0.00 0.00
148.773	S 12828166 -8.88 19.69 0.00 0.00 TRACK
148.792	>>> V 0.00 0.00
148.792	S 12828186 -8.88 19.69 0.00 0.00 TRACK
148.813	>>> V 0.00 0.00
148.813	S 12828206 -8.88 19.69 0.00 0.00 TRACK
148.832	>>> V 0.00 0.00
148.833	S 12828226 -8.88 19.69 0.00 0.00 TRACK
148.852	>>> V 0.00 0.00
148.855	S 12828246 -8.88 19.69 0.00 0.00 TRACK
148.878	>>> V 0.00 0.00
148.878	S 12828266 -8.88 19.69 0.00 0.00 TRACK
148.892	>>> V 0.00 0.00
148.892	S 12828286 -8.88 19.69 0.00 0.00 TRACK
148.911	>>> V 0.00 0.00
148.914	S 12828306 -8.88 19.69 0.00 0.00 TRACK
148.931	>>> V 0.00 0.00
148.933	S 12828326 -8.88 19.69 0.00 0.00 TRACK
148.966	>>> V 0.00 0.00
148.966	S 12828346 -8.88 19.60 0.00 0.00 TRACK
148.984	>>> V 0.00 0.00
148.986	S 12828366 -8.88 19.69 0.00 0.00 TRACK
148.997	>>> V 0.00 0.00
149.002	S 12828386 -8.88 19.69 0.00 0.00 TRACK
149.019	>>> V 0.00 0.00
149.020	S 12828406 -8.88 19.69 0.00 0.00 TRACK
149.032	>>> V 0.00 0.00
149.036	S 12828426 -8.88 19.60 0.00 0.00 TRACK
149.052	>>> V 0.00 0.00
149.052	S 12828446 -8.88 19.69 0.00 0.00 TRACK
149.073	>>> V 0.00 0.00
149.075	S 12828466 -8.88 19.69 0.00 0.00 TRACK
149.094	>>> V 0.00 0.00
149.096	S 12828486 -8.88 19.69 0.00 0.00 TRACK
149.112	>>> V 0.00 0.00
149.115	S 12828506 -8.88 19.69 0.00 0.00 TRACK
149.132	>>> V 0.00 0.00
149.134	S 12828526 -8.88 19.69 0.00 0.00 TRACK
149.158	>>> V 0.00 0.00
149.160	S 12828546 -8.88 19.69 0.00 0.00 TRACK
149.176	>>> V 0.00 0.00
149.178	S 12828566 -8.88 19.69 0.00 0.00 TRACK
149.195	>>> V 0.00 0.00
149.198	S 12828586 -8.88 19.69 0.00 0.00 TRACK
149.217	>>> V 0.00 0.00
149.218	S 12828606 -8.88 19.69 0.00 0.00 TRACK
149.232	>>> V 0.00 0.00
149.233	S 12828626 -8.88 19.69 0.00 0.00 TRACK
149.257	>>> V 0.00 0.00
149.258	S 12828646 -8.88 19.69 0.00 0.00 TRACK
149.278	>>> V 0.00 0.00
149.287	S 12828666 -8.88 19.69 0.00 0.00 TRACK
149.314	>>> V 0.00 0.00
149.317	S 12828686 -8.88 19.69 0.00 0.00 TRACK
149.325	S 12828706 -8.88 19.69 0.00 0.00 TRACK
149.342	>>> V 0.00 0.00
149.346	S 12828726 -8.88 19.69 0.00 0.00 TRACK
149.359	>>> V 0.00 0.00
149.363	S 12828746 -8.88 19.60 0.00 0.00 TRACK
149.376	>>> V 0.00 0.00
149.381	S 12828766 -8.88 19.69 0.00 0.00 TRACK
149.398	>>> V 0.00 0.00
149.400	S 12828786 -8.88 19.69 0.00 0.00 TRACK
149.419	>>> V 0.00 0.00
149.421	S 12828806 -8.88 19.60 0.00 0.00 TRACK
149.435	>>> V 0.00 0.00
149.436	S 12828826 -8.88 19.69 0.00 0.00 TRACK
149.452	>>> V 0.00 0.00
149.453	S 12828846 -9.05 19.69 0.00 0.00 TRACK
149.472	>>> V 0.00 0.00
149.472	S 12828866 -8.88 19.69 0.00 0.00 TRACK
149.493	>>> V 0.00 0.00
149.494	S 12828886 -8.88 19.69 0.00 0.00 TRACK
149.512	>>> V 0.00 0.00
149.513	S 12828906 -8.88 19.69 0.00 0.00 TRACK
149.539	>>> V 0.00 0.00
149.540	S 12828926 -8.88 19.69 0.00 0.00 TRACK
149.571	>>> V 0.00 0.00
149.571	S 12828946 -8.88 19.69 0.00 0.00 TRACK
149.576	S 12828966 -8.88 19.60 0.00 0.00 TRACK
149.594	>>> V 0.00 0.00
149.597	S 12828986 -8.88 19.69 0.00 0.00 TRACK
149.613	>>> V 0.00 0.00
149.614	S 12829006 -8.88 19.69 0.00 0.00 TRACK
149.634	>>> V 0.00 0.00
149.640	S 12829026 -8.88 19.69 0.00 0.00 TRACK
149.667	>>> V 0.00 0.00
149.667	S 12829046 -8.88 19.69 0.00 0.00 TRACK
149.678	>>> V 0.00 0.00
149.679	S 12829066 -9.05 19.60 0.00 0.00 TRACK
149.701	>>> V 0.00 0.00
149.704	S 12829086 -8.88 19.60 0.00 0.00 TRACK
149.718	>>> V 0.00 0.00
149.724	S 12829106 -8.88 19.60 0.00 0.00 TRACK
149.767	>>> V 0.00 0.00
149.769	S 12829126 -8.88 19.69 0.00 0.00 TRACK
149.776	S 12829146 -8.88 19.69 0.00 0.00 TRACK
149.780	S 12829166 -8.88 19.69 0.00 0.00 TRACK
149.793	>>> V 0.00 0.00
149.795	S 12829186 -8.88 19.69 0.00 0.00 TRACK
149.815	>>> V 0.00 0.00
149.819	S 12829206 -8.88 19.69 0.00 0.00 TRACK
149.836	>>> V 0.00 0.00
149.836	S 12829226 -8.88 19.69 0.00 0.00 TRACK
149.856	>>> V 0.00 0.00
149.861	S 12829246 -9.05 19.69 0.00 0.00 TRACK
149.886	>>> V 0.00 0.00
149.887	S 12829266 -8.88 19.60 0.00 0.00 TRACK
149.904	>>> V 0.00 0.00
149.906	S 12829286 -8.88 19.69 0.00 0.00 TRACK
149.921	>>> V 0.00 0.00
149.924	S 12829306 -8.88 19.69 0.00 0.00 TRACK
149.942	>>> V 0.00 0.00
149.943	S 12829326 -8.88 19.60 0.00 0.00 TRACK
149.959	>>> V 0.00 0.00
149.960	S 12829346 -8.88 19.69 0.00 0.00 TRACK
149.974	>>> V 0.00 0.00
149.977	S 12829366 -8.88 19.69 0.00 0.00 TRACK
149.994	>>> V 0.00 0.00
149.995	S 12829386 -8.88 19.69 0.00 0.00 TRACK
150.020	>>> V 0.00 0.00
150.023	S 12829406 -8.88 19.60 0.00 0.00 TRACK
150.037	>>> V 0.00 0.00
150.039	S 12829426 -8.88 19.69 0.00 0.00 TRACK
150.054	>>> V 0.00 0.00
150.057	S 12829446 -8.88 19.69 0.00 0.00 TRACK
150.075	>>> V 0.00 0.00
150.077	S 12829466 -8.88 19.69 0.00 0.00 TRACK
150.093	>>> V 0.00 0.00
150.094	S 12829486 -8.88 19.60 0.00 0.00 TRACK
150.115	>>> V 0.00 0.00
150.118	S 12829506 -8.88 19.69 0.00 0.00 TRACK
150.137	>>> V 0.00 0.00
150.140	S 12829526 -8.88 19.69 0.00 0.00 TRACK
150.152	>>> V 0.00 0.00
150.152	S 12829546 -8.88 19.69 0.00 0.00 TRACK
150.178	>>> V 0.00 0.00
150.180	S 12829566 -8.88 19.60 0.00 0.00 TRACK
150.197	>>> V 0.00 0.00
150.202	S 12829586 -8.88 19.69 0.00 0.00 TRACK
150.219	>>> V 0.00 0.00
150.230	S 12829606 -8.88 19.60 0.00 0.00 TRACK
150.237	S 12829626 -8.88 19.60 0.00 0.00 TRACK
150.245	>>> V 0.00 0.00
150.257	>>> V 0.00 0.00
150.259	S 12829646 -8.88 19.69 0.00 0.00 TRACK
150.274	>>> V 0.00 0.00
150.275	S 12829666 -8.88 19.60 0.00 0.00 TRACK
150.294	>>> V 0.00 0.00
150.297	S 12829686 -8.88 19.69 0.00 0.00 TRACK
150.322	>>> V 0.00 0.00
150.328	S 12829706 -8.88 19.69 0.00 0.00 TRACK
150.337	S 12829726 -8.88 19.60 0.00 0.00 TRACK
150.342	>>> V 0.00 0.00
150.352	>>> V 0.00 0.00
150.352	S 12829746 -8.88 19.69 0.00 0.00 TRACK
150.372	>>> V 0.00 0.00
150.374	S 12829766 -8.88 19.69 0.00 0.00 TRACK
150.393	>>> V 0.00 0.00
150.393	S 12829786 -8.88 19.69 0.00 0.00 TRACK
150.420	>>> V 0.00 0.00
150.422	S 12829806 -8.88 19.69 0.00 0.00 TRACK
150.440	>>> V 0.00 0.00
150.441	S 12829826 -8.88 19.69 0.00 0.00 TRACK
150.452	>>> V 0.00 0.00
150.452	S 12829846 -8.88 19.69 0.00 0.00 TRACK
150.474	>>> V 0.00 0.00
150.475	S 12829866 -8.88 19.69 0.00 0.00 TRACK
150.492	>>> V 0.00 0.00
150.494	S 12829886 -8.88 19.69 0.00 0.00 TRACK
150.512	>>> V 0.00 0.00
150.515	S 12829906 -8.88 19.69 0.00 0.00 TRACK
150.534	>>> V 0.00 0.00
150.537	S 12829926 -8.88 19.69 0.00 0.00 TRACK
150.552	>>> V 0.00 0.00
150.555	S 12829946 -8.88 19.69 0.00 0.00 TRACK
150.580	>>> V 0.00 0.00
150.580	S 12829966 -8.88 19.69 0.00 0.00 TRACK
150.592	>>> V 0.00 0.00
150.598	S 12829986 -8.88 19.69 0.00 0.00 TRACK
150.614	>>> V 0.00 0.00
150.614	S 12830006 -8.88 19.69 0.00 0.00 TRACK
150.631	>>> V 0.00 0.00
150.634	S 12830026 -8.88 19.69 0.00 0.00 TRACK
150.652	>>> V 0.00 0.00
150.653	S 12830046 -8.88 19.69 0.00 0.00 TRACK
150.680	>>> V 0.00 0.00
150.687	S 12830066 -8.88 19.69 0.00 0.00 TRACK
150.700	>>> V 0.00 0.00
150.703	S 12830086 -9.05 19.69 0.00 0.00 TRACK
150.718	>>> V 0.00 0.00
150.719	S 12830106 -8.88 19.60 0.00 0.00 TRACK
150.732	>>> V 0.00 0.00
150.733	S 12830126 -8.88 19.60 0.00 0.00 TRACK
150.752	>>> V 0.00 0.00
150.752	S 12830146 -8.88 19.69 0.00 0.00 TRACK
150.775	>>> V 0.00 0.00
150.776	S 12830166 -8.88 19.60 0.00 0.00 TRACK
150.793	>>> V 0.00 0.00
150.794	S 12830186 -8.88 19.60 0.00 0.00 TRACK
150.812	>>> V 0.00 0.00
150.814	S 12830206 -8.88 19.69 0.00 0.00 TRACK
150.868	>>> V 0.00 0.00
150.869	S 12830226 -8.88 19.60 0.00 0.00 TRACK
150.876	S 12830246 -8.88 19.69 0.00 0.00 TRACK
150.880	S 12830266 -8.88 19.60 0.00 0.00 TRACK
150.886	>>> V 0.00 0.00
150.893	>>> V 0.00 0.00
150.894	S 12830286 -8.88 19.69 0.00 0.00 TRACK
150.914	>>> V 0.00 0.00
150.915	S 12830306 -8.88 19.69 0.00 0.00 TRACK
150.935	>>> V 0.00 0.00
150.936	S 12830326 -8.88 19.69 0.00 0.00 TRACK
150.952	>>> V 0.00 0.00
150.952	S 12830346 -8.88 19.69 0.00 0.00 TRACK
150.979	>>> V 0.00 0.00
150.982	S 12830366 -8.88 19.60 0.00 0.00 TRACK
151.005	>>> V 0.00 0.00
151.006	S 12830386 -8.88 19.60 0.00 0.00 TRACK
151.015	>>> V 0.00 0.00
151.017	S 12830406 -8.88 19.69 0.00 0.00 TRACK
151.032	>>> V 0.00 0.00
151.032	S 12830426 -9.05 19.60 0.00 0.00 TRACK
151.052	>>> V 0.00 0.00
151.054	S 12830446 -8.88 19.69 0.00 0.00 TRACK
151.074	>>> V 0.00 0.00
151.077	S 12830466 -8.88 19.69 0.00 0.00 TRACK
151.092	>>> V 0.00 0.00
151.095	S 12830486 -8.88 19.69 0.00 0.00 TRACK
151.113	>>> V 0.00 0.00
151.116	S 12830506 -8.88 19.60 0.00 0.00 TRACK
151.132	>>> V 0.00 0.00
151.135	S 12830526 -8.88 19.69 0.00 0.00 TRACK
151.156	>>> V 0.00 0.00
151.157	S 12830546 -8.88 19.60 0.00 0.00 TRACK
151.173	>>> V 0.00 0.00
151.178	S 12830566 -8.88 19.60 0.00 0.00 TRACK
151.193	>>> V 0.00 0.00
151.193	S 12830586 -8.88 19.69 0.00 0.00 TRACK
151.214	>>> V 0.00 0.00
151.218	S 12830606 -8.88 19.69 0.00 0.00 TRACK
151.231	>>> V 0.00 0.00
151.232	S 12830626 -8.88 19.69 0.00 0.00 TRACK
151.252	>>> V 0.00 0.00
151.252	S 12830646 -8.88 19.69 0.00 0.00 TRACK
151.272	>>> V 0.00 0.00
151.273	S 12830666 -8.88 19.69 0.00 0.00 TRACK
151.292	>>> V 0.00 0.00
151.292	S 12830686 -8.88 19.60 0.00 0.00 TRACK
151.313	>>> V 0.00 0.00
151.314	S 12830706 -8.88 19.69 0.00 0.00 TRACK
151.331	>>> V 0.00 0.00
151.332	S 12830726 -8.88 19.69 0.00 0.00 TRACK
151.352	>>> V 0.00 3.61
151.354	S 12830746 -8.88 19.60 0.00 0.00 TRACK
151.371	>>> V 0.00 3.61
151.372	S 12830766 -8.88 19.60 0.00 0.00 TRACK
151.391	>>> V 0.00 3.61
151.394	S 12830786 -8.88 19.69 0.00 0.00 TRACK
151.413	>>> V 0.00 5.66
151.415	S 12830806 -8.88 19.69 0.00 0.00 TRACK
151.433	>>> V 0.00 0.00
151.435	S 12830826 -8.88 19.69 0.00 0.00 TRACK
151.454	>>> V 0.00 0.00
151.455	S 12830846 -8.88 19.78 0.00 0.00 TRACK
151.474	>>> V 0.00 0.00
151.477	S 12830866 -8.88 19.86 0.00 1.37 TRACK
151.492	>>> V 0.00 0.00
151.494	S 12830886 -8.88 19.95 0.00 2.75 TRACK
151.513	>>> V 0.00 0.00
151.517	S 12830906 -8.88 19.95 0.00 2.75 TRACK
151.533	>>> V 0.00 0.00
151.536	S 12830926 -8.88 19.95 0.00 1.37 TRACK
151.553	>>> V 0.00 0.00
151.554	S 12830946 -8.88 19.95 0.00 0.00 TRACK
151.573	>>> V 0.00 0.00
151.576	S 12830966 -8.88 19.95 0.00 0.00 TRACK
151.593	>>> V 0.00 0.00
151.596	S 12830986 -8.88 19.95 0.00 0.00 TRACK
151.611	>>> V 0.00 0.00
151.612	S 12831006 -8.88 19.95 0.00 0.00 TRACK
151.632	>>> V 0.00 0.00
151.632	S 12831026 -8.88 19.95 0.00 0.00 TRACK
151.652	>>> V 0.00 0.00
151.652	S 12831046 -8.88 19.95 0.00 0.00 TRACK
151.674	>>> V 0.00 0.00
151.677	S 12831066 -8.88 19.95 0.00 0.00 TRACK
151.718	>>> V 0.00 0.00
151.720	S 12831086 -8.88 19.86 0.00 0.00 TRACK
151.734	S 12831106 -8.88 19.95 0.00 0.00 TRACK
151.753	>>> V 0.00 0.00
151.759	S 12831126 -8.88 19.95 0.00 0.00 TRACK
151.760	S 12831146 -8.88 19.95 0.00 0.00 TRACK
151.787	>>> V 0.00 0.00
151.788	S 12831166 -8.88 19.95 0.00 0.00 TRACK
151.802	S 12831186 -8.88 19.95 0.00 0.00 TRACK
151.821	>>> V 0.00 0.00
151.824	S 12831206 -8.88 19.95 0.00 0.00 TRACK
151.834	>>> V 0.00 0.00
151.836	S 12831226 -8.88 19.95 0.00 0.00 TRACK
151.854	>>> V 0.00 0.00
151.858	S 12831246 -8.88 19.95 0.00 0.00 TRACK
151.903	>>> V 0.00 0.00
151.906	S 12831266 -8.88 19.95 0.00 0.00 TRACK
151.907	S 12831286 -8.88 19.95 0.00 0.00 TRACK
151.943	>>> V 0.00 0.00
151.947	S 12831306 -8.88 19.95 0.00 0.00 TRACK
151.949	S 12831326 -8.88 19.95 0.00 0.00 TRACK
151.974	>>> V 0.00 0.00
151.978	S 12831346 -9.05 19.86 0.00 0.00 TRACK
151.983	S 12831366 -8.88 19.95 0.00 0.00 TRACK
151.997	>>> V 0.00 0.00
151.998	S 12831386 -8.88 19.95 0.00 0.00 TRACK
152.016	>>> V 0.00 0.00
152.018	S 12831406 -8.88 19.95 0.00 0.00 TRACK
152.032	>>> V 0.00 0.00
152.032	S 12831426 -8.88 19.95 0.00 0.00 TRACK
152.058	>>> V -36.11 0.00
152.059	S 12831446 -8.88 19.95 0.00 0.00 TRACK
152.074	>>> V -36.11 0.00
152.077	S 12831466 -8.88 19.95 0.00 0.00 TRACK
152.092	>>> V -36.11 0.00
152.094	S 12831486 -8.88 19.95 0.00 0.00 TRACK
152.115	>>> V -36.08 0.00
152.117	S 12831506 -8.88 19.95 0.00 0.00 TRACK
152.133	>>> V -36.08 0.00
152.135	S 12831526 -9.05 19.95 0.00 0.00 TRACK
152.154	>>> V -36.08 0.00
152.157	S 12831546 -9.40 19.95 -2.75 0.00 TRACK
152.179	>>> V -36.08 0.00
152.181	S 12831566 -10.02 19.95 -8.24 0.00 TRACK
152.192	>>> V -36.08 0.00
152.195	S 12831586 -10.63 19.95 -16.49 0.00 TRACK
152.212	>>> V -36.08 0.00
152.214	S 12831606 -11.25 19.95 -24.73 0.00 TRACK
152.234	>>> V -36.08 0.00
152.238	S 12831626 -11.95 19.95 -28.85 0.00 TRACK
152.252	>>> V -36.08 0.00
152.255	S 12831646 -12.66 19.95 -31.60 0.00 TRACK
152.272	>>> V -36.08 0.00
152.272	S 12831666 -13.27 19.95 -32.98 0.00 TRACK
152.294	>>> V -36.08 0.00
152.297	S 12831686 -13.97 19.95 -34.35 0.00 TRACK
152.312	>>> V -36.08 0.00
152.317	S 12831706 -14.68 19.95 -34.35 0.00 TRACK
152.333	>>> V -36.08 0.00
152.334	S 12831726 -15.38 19.95 -34.35 0.00 TRACK
152.389	>>> V -36.08 0.00
152.391	S 12831746 -16.17 19.95 -34.35 0.00 TRACK
152.392	S 12831766 -16.87 19.95 -35.72 0.00 TRACK
152.396	S 12831786 -17.58 19.95 -35.72 0.00 TRACK
152.412	>>> V -36.08 0.00
152.413	S 12831806 -18.28 19.95 -35.72 0.00 TRACK
152.430	>>> V -36.08 0.00
152.433	S 12831826 -18.98 19.95 -34.35 0.00 TRACK
152.455	>>> V -36.08 0.00
152.457	S 12831846 -19.69 19.95 -34.35 0.00 TRACK
152.479	>>> V -36.06 0.00
152.482	S 12831866 -20.39 19.95 -34.35 0.00 TRACK
152.506	>>> V -36.06 0.00
152.511	S 12831886 -21.09 19.95 -34.35 0.00 TRACK
152.513	S 12831906 -21.80 19.95 -34.35 0.00 TRACK
152.530	>>> V -29.19 0.00
152.531	S 12831926 -22.59 19.95 -34.35 0.00 TRACK
152.541	>>> V -29.19 0.00
152.564	>>> V -26.84 0.00
152.564	S 12831946 -23.20 19.95 -35.72 0.00 TRACK
152.574	>>> V -26.84 0.00
152.578	S 12831966 -23.91 19.95 -35.72 0.00 TRACK
152.598	>>> V -24.47 0.00
152.601	S 12831986 -24.61 19.95 -35.72 0.00 TRACK
152.620	>>> V -24.47 0.00
152.622	S 12832006 -25.22 19.95 -32.98 0.00 TRACK
152.633	>>> V -22.10 0.00
152.636	S 12832026 -25.84 19.95 -31.60 0.00 TRACK
152.653	>>> V -22.10 0.00
152.656	S 12832046 -26.37 19.95 -30.23 0.00 TRACK
152.673	>>> V -19.75 0.00
152.679	S 12832066 -26.89 19.95 -28.85 0.00 TRACK
152.697	>>> V -19.75 0.00
152.700	S 12832086 -27.42 19.95 -27.48 0.00 TRACK
152.720	>>> V -19.75 0.00
152.722	S 12832106 -27.86 19.95 -26.11 0.00 TRACK
152.746	>>> V -19.75 0.00
152.747	S 12832126 -28.30 19.95 -24.73 0.00 TRACK
152.762	>>> V -19.75 0.00
152.765	S 12832146 -28.74 19.95 -21.98 0.00 TRACK
152.774	>>> V -15.09 0.00
152.776	S 12832166 -29.09 19.95 -20.61 0.00 TRACK
152.806	>>> V -15.09 0.00
152.810	S 12832186 -29.53 19.95 -20.61 0.00 TRACK
152.822	S 12832206 -29.97 19.95 -20.61 0.00 TRACK
152.856	>>> V -15.09 0.00
152.863	S 12832226 -30.23 19.95 -19.24 0.00 TRACK
152.872	S 12832246 -30.59 19.95 -19.24 0.00 TRACK
152.894	>>> V -12.75 0.00
152.896	S 12832266 -30.94 19.95 -17.86 0.00 TRACK
152.904	S 12832286 -31.29 19.95 -17.86 0.00 TRACK
152.931	>>> V -12.75 0.00
152.935	S 12832306 -31.55 19.95 -16.49 0.00 TRACK
152.949	S 12832326 -31.90 19.95 -15.11 0.00 TRACK
152.975	>>> V -12.75 0.00
152.981	S 12832346 -32.17 19.95 -15.11 0.00 TRACK
152.993	S 12832366 -32.43 19.95 -15.11 0.00 TRACK
152.998	>>> V -12.75 0.00
152.999	S 12832386 -32.61 19.95 -13.74 0.00 TRACK
153.017	>>> V -12.75 0.00
153.017	S 12832406 -32.87 19.95 -12.37 0.00 TRACK
153.034	>>> V -12.75 0.00
153.037	S 12832426 -33.13 19.95 -12.37 0.00 TRACK
153.054	>>> V -10.41 0.00
153.055	S 12832446 -33.40 19.86 -12.37 0.00 TRACK
153.072	>>> V -10.41 0.00
153.076	S 12832466 -33.66 19.95 -12.37 0.00 TRACK
153.092	>>> V -10.41 0.00
153.093	S 12832486 -33.93 19.95 -12.37 0.00 TRACK
153.115	>>> V 5.86 0.00
153.115	S 12832506 -34.10 19.95 -12.37 0.00 TRACK
153.132	>>> V 5.86 0.00
153.133	S 12832526 -34.37 19.95 -10.99 0.00 TRACK
153.154	>>> V 5.86 0.00
153.155	S 12832546 -34.54 19.95 -10.99 0.00 TRACK
153.174	>>> V 5.86 0.00
153.174	S 12832566 -34.72 19.95 -9.62 0.00 TRACK
153.198	>>> V 10.31 0.00
153.201	S 12832586 -34.72 19.95 -8.24 0.00 TRACK
153.214	>>> V 10.31 0.00
153.216	S 12832606 -34.72 19.95 -5.50 0.00 TRACK
153.236	>>> V 10.31 0.00
153.237	S 12832626 -34.63 19.95 -2.75 0.00 TRACK
153.253	>>> V 10.31 0.00
153.254	S 12832646 -34.54 19.95 0.00 0.00 TRACK
153.276	>>> V 11.95 0.00
153.278	S 12832666 -34.28 19.95 2.75 0.00 TRACK
153.297	>>> V 11.95 0.00
153.297	S 12832686 -34.10 19.95 6.87 0.00 TRACK
153.313	>>> V 11.95 0.00
153.314	S 12832706 -33.84 19.95 8.24 0.00 TRACK
153.333	>>> V 12.82 0.00
153.333	S 12832726 -33.66 19.95 9.62 0.00 TRACK
153.354	>>> V 12.82 0.00
153.357	S 12832746 -33.40 19.95 9.62 0.00 TRACK
153.372	>>> V 13.70 0.00
153.376	S 12832766 -33.13 19.95 10.99 0.00 TRACK
153.392	>>> V 13.70 0.00
153.394	S 12832786 -32.96 19.95 10.99 0.00 TRACK
153.412	>>> V 13.70 0.00
153.417	S 12832806 -32.70 19.95 10.99 0.00 TRACK
153.431	>>> V 13.70 0.00
153.433	S 12832826 -32.43 19.95 10.99 0.00 TRACK
153.452	>>> V 14.48 0.00
153.452	S 12832846 -32.17 19.95 10.99 0.00 TRACK
153.472	>>> V 14.48 0.00
153.475	S 12832866 -31.90 19.95 12.37 0.00 TRACK
153.493	>>> V 14.48 0.00
153.496	S 12832886 -31.64 19.95 12.37 0.00 TRACK
153.517	>>> V 14.48 0.00
153.519	S 12832906 -31.29 19.95 12.37 0.00 TRACK
153.531	>>> V 15.20 0.00
153.536	S 12832926 -31.03 19.95 13.74 0.00 TRACK
153.554	>>> V 15.20 0.00
153.557	S 12832946 -30.67 19.95 13.74 0.00 TRACK
153.573	>>> V 15.23 0.00
153.575	S 12832966 -30.41 19.95 13.74 0.00 TRACK
153.594	>>> V 15.23 0.00
153.596	S 12832986 -30.06 19.95 15.11 0.00 TRACK
153.614	>>> V 15.23 0.00
153.615	S 12833006 -29.88 19.95 15.11 0.00 TRACK
153.634	>>> V 9.65 0.00
153.638	S 12833026 -29.53 19.95 15.11 0.00 TRACK
153.654	>>> V 9.65 0.00
153.654	S 12833046 -29.27 19.86 15.11 0.00 TRACK
153.671	>>> V 8.73 0.00
153.674	S 12833066 -29.00 19.95 15.11 0.00 TRACK
153.693	>>> V 8.73 0.00
153.696	S 12833086 -28.74 19.95 13.74 0.00 TRACK
153.717	>>> V 8.73 0.00
153.719	S 12833106 -28.48 19.95 12.37 0.00 TRACK
153.734	>>> V 8.73 0.00
153.738	S 12833126 -28.30 19.95 10.99 0.00 TRACK
153.753	>>> V 7.71 0.00
153.754	S 12833146 -28.12 19.95 9.62 0.00 TRACK
153.776	>>> V 7.71 0.00
153.779	S 12833166 -27.95 19.95 9.62 0.00 TRACK
153.794	>>> V 7.71 0.00
153.794	S 12833186 -27.77 19.95 9.62 0.00 TRACK
153.813	>>> V 5.63 0.00
153.816	S 12833206 -27.60 19.86 8.24 0.00 TRACK
153.832	>>> V 5.63 0.00
153.835	S 12833226 -27.42 19.95 8.24 0.00 TRACK
153.853	>>> V 5.63 0.00
153.858	S 12833247 -27.33 19.95 6.87 0.00 TRACK
153.877	>>> V 4.66 0.00
153.877	S 12833267 -27.16 19.95 6.87 0.00 TRACK
153.892	>>> V 4.66 0.00
153.893	S 12833287 -27.07 19.95 6.87 0.00 TRACK
153.913	>>> V 4.66 0.00
153.914	S 12833307 -26.98 19.95 5.50 0.00 TRACK
153.934	>>> V 3.70 0.00
153.937	S 12833327 -26.81 19.95 5.50 0.00 TRACK
153.954	>>> V 2.94 0.00
153.955	S 12833347 -26.72 19.95 5.50 0.00 TRACK
153.973	>>> V 2.94 0.00
153.976	S 12833367 -26.54 19.95 5.50 0.00 TRACK
153.994	>>> V 2.94 0.00
153.995	S 12833387 -26.54 19.95 5.50 0.00 TRACK
154.012	>>> V 2.34 0.00
154.013	S 12833407 -26.54 19.95 4.12 0.00 TRACK
154.042	>>> V 2.34 0.00
154.049	S 12833427 -26.54 19.95 2.75 0.00 TRACK
154.053	S 12833447 -26.46 19.95 0.00 0.00 TRACK
154.066	>>> V 2.34 0.00
154.077	>>> V 0.00 0.00
154.077	S 12833467 -26.37 19.95 1.37 0.00 TRACK
154.092	>>> V 0.00 0.00
154.096	S 12833487 -26.28 19.95 2.75 0.00 TRACK
154.111	>>> V 0.00 0.00
154.113	S 12833507 -26.28 19.95 2.75 0.00 TRACK
154.132	>>> V 0.00 0.00
154.133	S 12833527 -26.19 19.95 2.75 0.00 TRACK
154.153	>>> V 0.00 0.00
154.156	S 12833547 -26.28 19.95 1.37 0.00 TRACK
154.174	>>> V 0.00 0.00
154.176	S 12833567 -26.19 19.95 0.00 0.00 TRACK
154.192	>>> V 0.00 0.00
154.195	S 12833587 -26.28 19.95 0.00 0.00 TRACK
154.213	>>> V 0.00 0.00
154.214	S 12833607 -26.19 19.95 0.00 0.00 TRACK
154.232	>>> V 0.00 0.00
154.235	S 12833627 -26.19 19.95 0.00 0.00 TRACK
154.252	>>> V 0.00 0.00
154.253	S 12833647 -26.19 19.95 0.00 0.00 TRACK
154.271	>>> V 0.00 0.00
154.273	S 12833667 -26.19 19.95 0.00 0.00 TRACK
154.294	>>> V 0.00 0.00
154.294	S 12833687 -26.28 19.95 0.00 0.00 TRACK
154.311	>>> V 0.00 0.00
154.312	S 12833707 -26.19 19.95 0.00 0.00 TRACK
154.334	>>> V 0.00 0.00
154.335	S 12833727 -26.28 19.95 0.00 0.00 TRACK
154.357	>>> V 0.00 0.00
154.360	S 12833747 -26.19 19.95 0.00 0.00 TRACK
154.377	>>> V 0.00 0.00
154.380	S 12833767 -26.19 19.95 0.00 0.00 TRACK
154.403	>>> V 0.00 0.00
154.403	S 12833787 -26.28 19.95 0.00 0.00 TRACK
154.418	>>> V 0.00 0.00
154.419	S 12833807 -26.19 19.95 0.00 0.00 TRACK
154.432	>>> V 0.00 0.00
154.434	S 12833827 -26.19 19.95 0.00 0.00 TRACK
154.453	>>> V 0.00 0.00
154.453	S 12833847 -26.19 19.95 0.00 0.00 TRACK
154.475	>>> V 0.00 0.00
154.476	S 12833867 -26.19 19.95 0.00 0.00 TRACK
154.496	>>> V 0.00 0.00
154.498	S 12833887 -26.19 19.95 0.00 0.00 TRACK
154.515	>>> V 0.00 0.00
154.516	S 12833907 -26.28 19.95 0.00 0.00 TRACK
154.531	>>> V 0.00 0.00
154.534	S 12833927 -26.28 19.95 0.00 0.00 TRACK
154.560	>>> V 0.00 0.00
154.565	S 12833947 -26.19 19.95 0.00 0.00 TRACK
154.578	>>> V 0.00 0.00
154.580	S 12833967 -26.28 19.95 0.00 0.00 TRACK
154.592	>>> V 0.00 0.00
154.597	S 12833987 -26.28 19.95 0.00 0.00 TRACK
154.614	>>> V 0.00 0.00
154.617	S 12834007 -26.19 19.95 0.00 0.00 TRACK
154.633	>>> V 0.00 0.00
154.637	S 12834027 -26.28 19.95 0.00 0.00 TRACK
154.651	>>> V 0.00 0.00
154.654	S 12834047 -26.28 19.95 0.00 0.00 TRACK
154.674	>>> V 0.00 0.00
154.674	S 12834067 -26.19 19.86 0.00 0.00 TRACK
154.694	>>> V 0.00 0.00
154.695	S 12834087 -26.19 19.95 0.00 0.00 TRACK
154.714	>>> V 0.00 0.00
154.717	S 12834107 -26.19 19.95 0.00 0.00 TRACK
154.732	>>> V 0.00 0.00
154.734	S 12834127 -26.19 19.95 0.00 0.00 TRACK
154.752	>>> V 0.00 0.00
154.752	S 12834147 -26.19 19.95 0.00 0.00 TRACK
154.788	>>> V 0.00 0.00
154.794	S 12834167 -26.19 19.95 0.00 0.00 TRACK
154.806	S 12834187 -26.19 19.95 0.00 0.00 TRACK
154.829	>>> V 0.00 0.00
154.832	S 12834207 -26.19 19.95 0.00 0.00 TRACK
154.839	S 12834227 -26.19 19.95 0.00 0.00 TRACK
154.853	>>> V 0.00 0.00
154.854	S 12834247 -26.28 19.95 0.00 0.00 TRACK
154.864	>>> V 0.00 0.00
154.871	>>> V 0.00 0.00
154.872	S 12834267 -26.19 19.95 0.00 0.00 TRACK
154.892	>>> V 0.00 0.00
154.892	S 12834287 -26.19 19.95 0.00 0.00 TRACK
154.913	>>> V 0.00 0.00
154.914	S 12834307 -26.28 19.95 0.00 0.00 TRACK
154.932	>>> V 0.00 0.00
154.932	S 12834327 -26.19 19.95 0.00 0.00 TRACK
154.952	>>> V 0.00 0.00
154.953	S 12834347 -26.19 19.95 0.00 0.00 TRACK
154.975	>>> V 0.00 0.00
154.976	S 12834367 -26.19 19.95 0.00 0.00 TRACK
154.992	>>> V 0.00 0.00
154.992	S 12834387 -26.28 19.95 0.00 0.00 TRACK
155.012	>>> V 0.00 0.00
155.013	S 12834407 -26.28 19.95 0.00 0.00 TRACK
155.050	>>> V 0.00 0.00
155.050	S 12834427 -26.19 19.95 0.00 0.00 TRACK
155.052	S 12834447 -26.28 19.95 0.00 0.00 TRACK
155.055	>>> V 0.00 0.00
155.072	>>> V 0.00 0.00
155.073	S 12834467 -26.28 19.95 0.00 0.00 TRACK
155.091	>>> V 0.00 0.00
155.092	S 12834487 -26.19 19.95 0.00 0.00 TRACK
155.117	>>> V 0.00 0.00
155.121	S 12834507 -26.19 19.95 0.00 0.00 TRACK
155.133	>>> V 0.00 0.00
155.134	S 12834527 -26.19 19.95 0.00 0.00 TRACK
155.154	>>> V 0.00 0.00
155.154	S 12834547 -26.19 19.86 0.00 0.00 TRACK
155.180	>>> V 0.00 0.00
155.185	S 12834567 -26.19 19.95 0.00 0.00 TRACK
155.192	>>> V 0.00 0.00
155.195	S 12834587 -26.19 19.95 0.00 0.00 TRACK
155.213	>>> V 0.00 0.00
155.215	S 12834607 -26.19 19.95 0.00 0.00 TRACK
155.233	>>> V 0.00 0.00
155.233	S 12834627 -26.19 19.95 0.00 0.00 TRACK
155.259	>>> V 0.00 0.00
155.263	S 12834647 -26.19 19.95 0.00 0.00 TRACK
155.273	>>> V 0.00 0.00
155.320	S 12834667 -26.19 19.95 0.00 0.00 TRACK
155.322	S 12834687 -26.19 19.95 0.00 0.00 TRACK
155.323	S 12834707 -26.19 19.95 0.00 0.00 TRACK
155.332	>>> V 0.00 0.00
155.333	S 12834727 -26.19 19.95 0.00 0.00 TRACK
155.339	>>> V 0.00 0.00
155.353	>>> V 0.00 0.00
155.356	S 12834747 -26.19 19.95 0.00 0.00 TRACK
155.376	>>> V 0.00 0.00
155.382	S 12834767 -26.19 19.95 0.00 0.00 TRACK
155.392	>>> V 0.00 0.00
155.397	S 12834787 -26.28 19.95 0.00 0.00 TRACK
155.413	>>> V 0.00 0.00
155.414	S 12834807 -26.19 19.95 0.00 0.00 TRACK
155.434	>>> V 0.00 0.00
155.437	S 12834827 -26.19 19.95 0.00 0.00 TRACK
155.457	>>> V 0.00 0.00
155.459	S 12834847 -26.19 19.95 0.00 0.00 TRACK
155.478	>>> V 0.00 0.00
155.479	S 12834867 -26.28 19.95 0.00 0.00 TRACK
155.495	>>> V 0.00 0.00
155.496	S 12834887 -26.28 19.95 0.00 0.00 TRACK
155.514	>>> V 0.00 0.00
155.517	S 12834907 -26.28 19.95 0.00 0.00 TRACK
155.532	>>> V 0.00 0.00
155.537	S 12834927 -26.19 19.95 0.00 0.00 TRACK
155.552	>>> V 0.00 0.00
155.553	S 12834947 -26.19 19.95 0.00 0.00 TRACK
155.575	>>> V 0.00 0.00
155.580	S 12834967 -26.28 19.95 0.00 0.00 TRACK
155.594	>>> V 0.00 0.00
155.597	S 12834987 -26.19 19.95 0.00 0.00 TRACK
155.613	>>> V 0.00 0.00
155.616	S 12835007 -26.19 19.95 0.00 0.00 TRACK
155.633	>>> V 0.00 0.00
155.634	S 12835027 -26.19 19.95 0.00 0.00 TRACK
155.652	>>> V 0.00 0.00
155.654	S 12835047 -26.19 19.95 0.00 0.00 TRACK
155.672	>>> V 0.00 0.00
155.672	S 12835067 -26.28 19.95 0.00 0.00 TRACK
155.702	>>> V 0.00 0.00
155.704	S 12835087 -26.19 19.86 0.00 0.00 TRACK
155.723	>>> V 0.00 0.00
155.724	S 12835107 -26.28 19.95 0.00 0.00 TRACK
155.738	>>> V 0.00 0.00
155.738	S 12835127 -26.19 19.95 0.00 0.00 TRACK
155.755	>>> V 0.00 0.00
155.764	S 12835147 -26.19 19.95 0.00 0.00 TRACK
155.777	>>> V 0.00 0.00
155.780	S 12835167 -26.19 19.95 0.00 0.00 TRACK
155.797	>>> V 0.00 0.00
155.798	S 12835187 -26.28 19.95 0.00 0.00 TRACK
155.820	>>> V 0.00 0.00
155.821	S 12835207 -26.19 19.95 0.00 0.00 TRACK
155.833	>>> V 0.00 0.00
155.838	S 12835227 -26.19 19.95 0.00 0.00 TRACK
155.852	>>> V 0.00 0.00
155.854	S 12835247 -26.19 19.95 0.00 0.00 TRACK
155.871	>>> V 0.00 0.00
155.875	S 12835267 -26.19 19.95 0.00 0.00 TRACK
155.893	>>> V 0.00 0.00
155.895	S 12835287 -26.19 19.95 0.00 0.00 TRACK
155.911	>>> V 0.00 0.00
155.913	S 12835307 -26.19 19.95 0.00 0.00 TRACK
155.935	>>> V 0.00 0.00
155.935	S 12835327 -26.19 19.95 0.00 0.00 TRACK
155.953	>>> V 0.00 0.00
155.953	S 12835347 -26.28 19.95 0.00 0.00 TRACK
155.973	>>> V 0.00 0.00
155.976	S 12835367 -26.19 19.95 0.00 0.00 TRACK
155.997	>>> V 0.00 0.00
155.997	S 12835387 -26.19 19.95 0.00 0.00 TRACK
156.012	>>> V 0.00 0.00
156.013	S 12835407 -26.19 19.95 0.00 0.00 TRACK
156.031	>>> V 0.00 0.00
156.034	S 12835427 -26.19 19.95 0.00 0.00 TRACK
156.052	>>> V 0.00 0.00
156.054	S 12835447 -26.19 19.95 0.00 0.00 TRACK
156.072	>>> V 0.00 0.00
156.073	S 12835467 -26.19 19.95 0.00 0.00 TRACK
156.107	>>> V 0.00 0.00
156.108	S 12835487 -26.19 19.95 0.00 0.00 TRACK
156.121	>>> V 0.00 0.00
156.128	S 12835507 -26.19 19.95 0.00 0.00 TRACK
156.141	>>> V 0.00 0.00
156.148	S 12835527 -26.19 19.95 0.00 0.00 TRACK
156.161	>>> V 0.00 0.00
156.162	S 12835547 -26.19 19.95 0.00 0.00 TRACK
156.174	>>> V 0.00 0.00
156.179	S 12835567 -26.19 19.86 0.00 0.00 TRACK
156.206	>>> V 0.00 0.00
156.207	S 12835587 -26.19 19.95 0.00 0.00 TRACK
156.218	>>> V 0.00 0.00
156.220	S 12835607 -26.28 19.95 0.00 0.00 TRACK
156.242	>>> V 0.00 0.00
156.247	S 12835627 -26.19 19.95 0.00 0.00 TRACK
156.258	>>> V 0.00 0.00
156.270	S 12835647 -26.28 19.95 0.00 0.00 TRACK
156.285	S 12835667 -26.28 19.95 0.00 0.00 TRACK
156.297	>>> V 0.00 0.00
156.299	S 12835687 -26.28 19.95 0.00 0.00 TRACK
156.318	>>> V 0.00 0.00
156.319	S 12835707 -26.19 19.95 0.00 0.00 TRACK
156.332	>>> V 0.00 0.00
156.344	S 12835727 -26.19 19.95 0.00 0.00 TRACK
156.367	>>> V 0.00 0.00
156.397	S 12835747 -26.19 19.95 0.00 0.00 TRACK
156.398	S 12835767 -26.28 19.95 0.00 0.00 TRACK
156.400	S 12835787 -26.19 19.95 0.00 0.00 TRACK
156.403	>>> V 0.00 0.00
156.412	>>> V 0.00 0.00
156.413	S 12835807 -26.19 19.95 0.00 0.00 TRACK
156.436	>>> V 0.00 0.00
156.437	S 12835827 -26.19 19.95 0.00 0.00 TRACK
156.462	>>> V 0.00 0.00
156.463	S 12835847 -26.19 19.95 0.00 0.00 TRACK
156.479	>>> V 0.00 0.00
156.480	S 12835867 -26.19 19.95 0.00 0.00 TRACK
156.510	>>> V 0.00 0.00
156.511	S 12835887 -26.19 19.95 0.00 0.00 TRACK
156.516	S 12835907 -26.19 19.95 0.00 0.00 TRACK
156.538	>>> V 0.00 0.00
156.538	S 12835927 -26.19 19.95 0.00 0.00 TRACK
156.561	>>> V 0.00 0.00
156.563	S 12835947 -26.28 19.95 0.00 0.00 TRACK
156.583	>>> V 0.00 0.00
156.587	S 12835967 -26.28 19.95 0.00 0.00 TRACK
156.612	>>> V 0.00 0.00
156.613	S 12835987 -26.19 19.95 0.00 0.00 TRACK
156.627	S 12836007 -26.19 19.95 0.00 0.00 TRACK
156.646	>>> V 0.00 0.00
156.649	S 12836027 -26.28 19.95 0.00 0.00 TRACK
156.664	>>> V 0.00 0.00
156.665	S 12836047 -26.28 19.95 0.00 0.00 TRACK
156.677	>>> V 0.00 0.00
156.677	S 12836067 -26.28 19.95 0.00 0.00 TRACK
156.696	>>> V 0.00 0.00
156.699	S 12836087 -26.28 19.95 0.00 0.00 TRACK
156.713	>>> V 0.00 0.00
156.715	S 12836107 -26.19 19.95 0.00 0.00 TRACK
156.733	>>> V 0.00 0.00
156.735	S 12836127 -26.19 19.95 0.00 0.00 TRACK
156.753	>>> V 0.00 0.00
156.754	S 12836147 -26.19 19.95 0.00 0.00 TRACK
156.780	>>> V 0.00 0.00
156.781	S 12836167 -26.19 19.95 0.00 0.00 TRACK
156.792	>>> V 0.00 0.00
156.793	S 12836187 -26.19 19.95 0.00 0.00 TRACK
156.812	>>> V 0.00 0.00
156.815	S 12836207 -26.19 19.95 0.00 0.00 TRACK
156.832	>>> V 0.00 0.00
156.834	S 12836227 -26.28 19.95 0.00 0.00 TRACK
156.851	>>> V 0.00 0.00
156.854	S 12836247 -26.19 19.95 0.00 0.00 TRACK
156.872	>>> V 0.00 0.00
156.876	S 12836267 -26.19 19.95 0.00 0.00 TRACK
156.892	>>> V 0.00 0.00
156.893	S 12836287 -26.19 19.95 0.00 0.00 TRACK
156.917	>>> V 0.00 0.00
156.917	S 12836307 -26.19 19.95 0.00 0.00 TRACK
156.933	>>> V 0.00 0.00
156.934	S 12836327 -26.19 19.95 0.00 0.00 TRACK
156.954	>>> V 0.00 0.00
156.958	S 12836347 -26.19 19.95 0.00 0.00 TRACK
156.974	>>> V 0.00 0.00
156.976	S 12836367 -26.19 19.95 0.00 0.00 TRACK
156.993	>>> V 0.00 0.00
156.994	S 12836387 -26.19 19.95 0.00 0.00 TRACK
157.011	>>> V 0.00 0.00
157.014	S 12836407 -26.19 19.95 0.00 0.00 TRACK
157.033	>>> V 0.00 0.00
157.036	S 12836427 -26.19 19.95 0.00 0.00 TRACK
157.055	>>> V 0.00 0.00
157.058	S 12836447 -26.28 19.95 0.00 0.00 TRACK
157.099	>>> V 0.00 0.00
157.100	S 12836467 -26.19 19.95 0.00 0.00 TRACK
157.101	S 12836487 -26.28 19.95 0.00 0.00 TRACK
157.109	>>> V 0.00 0.00
157.114	S 12836507 -26.19 19.95 0.00 0.00 TRACK
157.120	>>> V 0.00 0.00
157.137	>>> V 0.00 0.00
157.139	S 12836527 -26.19 19.95 0.00 0.00 TRACK
157.159	>>> V 0.00 0.00
157.161	S 12836547 -26.19 19.95 0.00 0.00 TRACK
157.173	>>> V 0.00 0.00
157.185	S 12836567 -26.19 19.95 0.00 0.00 TRACK
157.199	>>> V 0.00 0.00
157.201	S 12836587 -26.19 19.95 0.00 0.00 TRACK
157.214	>>> V 0.00 0.00
157.215	S 12836607 -26.28 19.95 0.00 0.00 TRACK
157.231	>>> V 0.00 0.00
157.234	S 12836627 -26.19 19.95 0.00 0.00 TRACK
157.252	>>> V 0.00 0.00
157.255	S 12836647 -26.28 19.95 0.00 0.00 TRACK
157.274	>>> V 0.00 0.00
157.275	S 12836667 -26.19 19.95 0.00 0.00 TRACK
157.294	>>> V 0.00 0.00
157.297	S 12836687 -26.19 19.95 0.00 0.00 TRACK
157.312	>>> V 0.00 0.00
157.313	S 12836707 -26.19 19.95 0.00 0.00 TRACK
157.332	>>> V 0.00 0.00
157.335	S 12836727 -26.19 19.95 0.00 0.00 TRACK
157.356	>>> V 0.00 0.00
157.359	S 12836747 -26.19 19.95 0.00 0.00 TRACK
157.371	>>> V 0.00 0.00
157.375	S 12836767 -26.28 19.95 0.00 0.00 TRACK
157.392	>>> V 0.00 0.00
157.393	S 12836787 -26.19 19.95 0.00 0.00 TRACK
157.415	>>> V 0.00 0.00
157.417	S 12836807 -26.19 19.95 0.00 0.00 TRACK
157.432	>>> V 0.00 0.00
157.437	S 12836827 -26.28 19.95 0.00 0.00 TRACK
157.458	>>> V 0.00 0.00
157.459	S 12836847 -26.19 19.95 0.00 0.00 TRACK
157.475	>>> V 0.00 0.00
157.477	S 12836867 -26.28 19.95 0.00 0.00 TRACK
157.495	>>> V 0.00 0.00
157.497	S 12836887 -26.19 19.95 0.00 0.00 TRACK
157.515	>>> V 0.00 0.00
157.515	S 12836907 -26.19 19.95 0.00 0.00 TRACK
157.532	>>> V 0.00 0.00
157.533	S 12836927 -26.19 19.95 0.00 0.00 TRACK
157.554	>>> V 0.00 0.00
157.555	S 12836947 -26.28 19.95 0.00 0.00 TRACK
157.576	>>> V 0.00 0.00
157.583	S 12836967 -26.28 19.95 0.00 0.00 TRACK
157.597	>>> V 0.00 0.00
157.603	S 12836987 -26.19 19.95 0.00 0.00 TRACK
157.611	>>> V 0.00 0.00
157.614	S 12837007 -26.19 19.95 0.00 0.00 TRACK
157.641	>>> V 0.00 0.00
157.646	S 12837027 -26.19 19.95 0.00 0.00 TRACK
157.658	>>> V 0.00 0.00
157.660	S 12837047 -26.19 19.95 0.00 0.00 TRACK
157.674	>>> V 0.00 0.00
157.677	S 12837067 -26.28 19.95 0.00 0.00 TRACK
157.691	>>> V 0.00 0.00
157.693	S 12837087 -26.28 19.95 0.00 0.00 TRACK
157.716	>>> V 0.00 0.00
157.716	S 12837107 -26.19 19.95 0.00 0.00 TRACK
157.738	>>> V 0.00 0.00
157.739	S 12837127 -26.19 19.95 0.00 0.00 TRACK
157.760	>>> V 0.00 0.00
157.762	S 12837147 -26.19 19.95 0.00 0.00 TRACK
157.772	>>> V 0.00 0.00
157.774	S 12837167 -26.28 19.95 0.00 0.00 TRACK
157.798	>>> V 0.00 0.00
157.799	S 12837187 -26.28 19.95 0.00 0.00 TRACK
157.811	>>> V 0.00 0.00
157.813	S 12837207 -26.19 19.95 0.00 0.00 TRACK
157.832	>>> V 0.00 0.00
157.834	S 12837227 -26.28 19.95 0.00 0.00 TRACK
157.853	>>> V 0.00 0.00
157.854	S 12837247 -26.28 19.95 0.00 0.00 TRACK
157.893	>>> V 0.00 0.00
157.898	S 12837267 -26.28 19.95 0.00 0.00 TRACK
157.899	S 12837287 -26.19 19.95 0.00 0.00 TRACK
157.917	>>> V 0.00 0.00
157.918	S 12837307 -26.19 19.95 0.00 0.00 TRACK
157.932	>>> V 0.00 0.00
157.933	S 12837327 -26.19 19.95 0.00 0.00 TRACK
157.951	>>> V 0.00 0.00
157.953	S 12837347 -26.28 19.95 0.00 0.00 TRACK
157.971	>>> V 0.00 0.00
157.973	S 12837367 -26.19 19.95 0.00 0.00 TRACK
157.992	>>> V 0.00 0.00
157.996	S 12837387 -26.28 19.95 0.00 0.00 TRACK
158.016	>>> V 0.00 0.00
158.016	S 12837407 -26.19 19.95 0.00 0.00 TRACK
158.032	>>> V 0.00 0.00
158.036	S 12837427 -26.19 19.95 0.00 0.00 TRACK
158.053	>>> V 0.00 0.00
158.054	S 12837447 -26.19 19.95 0.00 0.00 TRACK
158.073	>>> V 0.00 0.00
158.078	S 12837467 -26.19 19.95 0.00 0.00 TRACK
158.094	>>> V 0.00 0.00
158.097	S 12837487 -26.19 19.95 0.00 0.00 TRACK
158.111	>>> V 0.00 0.00
158.115	S 12837507 -26.19 19.95 0.00 0.00 TRACK
158.133	>>> V 0.00 0.00
158.134	S 12837527 -26.19 19.95 0.00 0.00 TRACK
158.155	>>> V 0.00 0.00
158.158	S 12837547 -26.19 19.95 0.00 0.00 TRACK
158.174	>>> V 0.00 0.00
158.174	S 12837567 -26.19 19.95 0.00 0.00 TRACK
158.193	>>> V 0.00 0.00
158.196	S 12837587 -26.28 19.95 0.00 0.00 TRACK
158.212	>>> V 0.00 0.00
158.213	S 12837607 -26.19 19.95 0.00 0.00 TRACK
158.234	>>> V 0.00 0.00
158.236	S 12837627 -26.19 19.95 0.00 0.00 TRACK
158.255	>>> V 0.00 0.00
158.256	S 12837647 -26.28 19.95 0.00 0.00 TRACK
158.274	>>> V 0.00 0.00
158.275	S 12837667 -26.19 19.95 0.00 0.00 TRACK
158.305	>>> V 0.00 0.00
158.306	S 12837687 -26.19 19.95 0.00 0.00 TRACK
158.316	>>> V 0.00 0.00
158.318	S 12837707 -26.19 19.95 0.00 0.00 TRACK
158.339	>>> V 0.00 0.00
158.341	S 12837727 -26.28 19.95 0.00 0.00 TRACK
158.357	>>> V 0.00 0.00
158.360	S 12837747 -26.19 19.95 0.00 0.00 TRACK
158.374	>>> V 0.00 0.00
158.377	S 12837767 -26.19 19.95 0.00 0.00 TRACK
158.393	>>> V 0.00 0.00
158.397	S 12837787 -26.19 19.95 0.00 0.00 TRACK
158.418	>>> V 0.00 0.00
158.421	S 12837807 -26.19 19.95 0.00 0.00 TRACK
158.435	>>> V 0.00 0.00
158.439	S 12837827 -26.28 19.95 0.00 0.00 TRACK
158.471	>>> V 0.00 0.00
158.472	S 12837847 -26.19 19.95 0.00 0.00 TRACK
158.480	S 12837867 -26.28 19.95 0.00 0.00 TRACK
158.502	>>> V 0.00 0.00
158.504	S 12837887 -26.28 19.95 0.00 0.00 TRACK
158.513	>>> V 0.00 0.00
158.513	S 12837907 -26.19 19.95 0.00 0.00 TRACK
158.586	>>> V 0.00 0.00
158.589	S 12837927 -26.19 19.95 0.00 0.00 TRACK
158.591	S 12837947 -26.19 19.95 0.00 0.00 TRACK
158.602	S 12837967 -26.19 19.95 0.00 0.00 TRACK
158.634	>>> V 0.00 0.00
158.640	S 12837987 -26.19 19.95 0.00 0.00 TRACK
158.649	S 12838007 -26.28 19.95 0.00 0.00 TRACK
158.658	S 12838027 -26.19 19.95 0.00 0.00 TRACK
158.690	>>> V 0.00 0.00
158.701	S 12838047 -26.28 19.95 0.00 0.00 TRACK
158.706	S 12838067 -26.19 19.95 0.00 0.00 TRACK
158.719	S 12838087 -26.19 19.95 0.00 0.00 TRACK
158.730	>>> V 0.00 0.00
158.731	S 12838107 -26.19 19.95 0.00 0.00 TRACK
158.733	S 12838127 -26.19 19.95 0.00 0.00 TRACK
158.737	>>> V 0.00 0.00
158.756	>>> V 0.00 0.00
158.757	S 12838147 -26.19 19.95 0.00 0.00 TRACK
158.772	>>> V 0.00 0.00
158.775	S 12838167 -26.19 19.95 0.00 0.00 TRACK
158.794	>>> V 0.00 0.00
158.797	S 12838187 -26.19 19.95 0.00 0.00 TRACK
158.813	>>> V 0.00 0.00
158.816	S 12838207 -26.19 19.95 0.00 0.00 TRACK
158.838	>>> V 0.00 0.00
158.840	S 12838227 -26.19 19.95 0.00 0.00 TRACK
158.854	>>> V 0.00 0.00
158.856	S 12838247 -26.19 19.86 0.00 0.00 TRACK
158.875	>>> V 0.00 0.00
158.876	S 12838267 -26.28 19.86 0.00 0.00 TRACK
158.894	>>> V 0.00 0.00
158.895	S 12838287 -26.28 19.86 0.00 0.00 TRACK
158.925	>>> V 0.00 0.00
158.925	S 12838307 -26.19 19.95 0.00 0.00 TRACK
158.936	>>> V 0.00 0.00
158.938	S 12838327 -26.19 19.95 0.00 0.00 TRACK
158.953	>>> V 0.00 0.00
158.954	S 12838347 -26.28 19.95 0.00 0.00 TRACK
158.974	>>> V 0.00 0.00
158.976	S 12838367 -26.19 19.95 0.00 0.00 TRACK
158.994	>>> V 0.00 0.00
158.996	S 12838387 -26.28 19.95 0.00 0.00 TRACK
159.012	>>> V 0.00 0.00
159.014	S 12838407 -26.19 19.95 0.00 0.00 TRACK
159.032	>>> V 0.00 0.00
159.035	S 12838427 -26.28 19.95 0.00 0.00 TRACK
159.053	>>> V 0.00 0.00
159.054	S 12838447 -26.19 19.95 0.00 0.00 TRACK
159.072	>>> V 0.00 0.00
159.076	S 12838467 -26.19 19.95 0.00 0.00 TRACK
159.094	>>> V 0.00 0.00
159.095	S 12838487 -26.19 19.95 0.00 0.00 TRACK
159.112	>>> V 0.00 0.00
159.115	S 12838507 -26.19 19.95 0.00 0.00 TRACK
159.137	>>> V 0.00 0.00
159.142	S 12838527 -26.19 19.95 0.00 0.00 TRACK
159.153	>>> V 0.00 0.00
159.155	S 12838547 -26.19 19.95 0.00 0.00 TRACK
159.174	>>> V 0.00 0.00
159.178	S 12838567 -26.19 19.95 0.00 0.00 TRACK
159.194	>>> V 0.00 0.00
159.202	S 12838587 -26.19 19.95 0.00 0.00 TRACK
159.218	>>> V 0.00 0.00
159.218	S 12838607 -26.19 19.95 0.00 0.00 TRACK
159.237	>>> V 0.00 0.00
159.240	S 12838627 -26.19 19.95 0.00 0.00 TRACK
159.253	>>> V 0.00 0.00
159.256	S 12838647 -26.28 19.95 0.00 0.00 TRACK
159.274	>>> V 0.00 0.00
159.276	S 12838667 -26.19 19.95 0.00 0.00 TRACK
159.296	>>> V 0.00 0.00
159.296	S 12838687 -26.19 19.95 0.00 0.00 TRACK
159.315	>>> V 0.00 0.00
159.315	S 12838707 -26.19 19.86 0.00 0.00 TRACK
159.332	>>> V 0.00 0.00
159.338	S 12838727 -26.28 19.95 0.00 0.00 TRACK
159.353	>>> V 0.00 0.00
159.354	S 12838747 -26.19 19.95 0.00 0.00 TRACK
159.372	>>> V 0.00 0.00
159.372	S 12838767 -26.19 19.95 0.00 0.00 TRACK
159.392	>>> V 0.00 0.00
159.399	S 12838787 -26.28 19.95 0.00 0.00 TRACK
159.416	>>> V 0.00 0.00
159.417	S 12838807 -26.28 19.95 0.00 0.00 TRACK
159.437	>>> V 0.00 0.00
159.438	S 12838827 -26.19 19.95 0.00 0.00 TRACK
159.454	>>> V 0.00 0.00
159.458	S 12838847 -26.28 19.95 0.00 0.00 TRACK
159.473	>>> V 0.00 0.00
159.474	S 12838867 -26.19 19.95 0.00 0.00 TRACK
159.492	>>> V 0.00 0.00
159.493	S 12838887 -26.28 19.95 0.00 0.00 TRACK
159.518	>>> V 0.00 0.00
159.519	S 12838907 -26.28 19.95 0.00 0.00 TRACK
159.534	>>> V 0.00 0.00
159.542	S 12838927 -26.28 19.95 0.00 0.00 TRACK
159.557	>>> V 0.00 0.00
159.560	S 12838947 -26.28 19.95 0.00 0.00 TRACK
159.576	>>> V 0.00 0.00
159.578	S 12838967 -26.19 19.95 0.00 0.00 TRACK
159.598	>>> V 0.00 0.00
159.601	S 12838987 -26.19 19.95 0.00 0.00 TRACK
159.615	>>> V 0.00 0.00
159.619	S 12839007 -26.28 19.95 0.00 0.00 TRACK
159.636	>>> V 0.00 0.00
159.637	S 12839027 -26.19 19.95 0.00 0.00 TRACK
159.652	>>> V 0.00 0.00
159.654	S 12839047 -26.28 19.95 0.00 0.00 TRACK
159.672	>>> V 0.00 0.00
159.672	S 12839067 -26.28 19.86 0.00 0.00 TRACK
159.696	>>> V 0.00 0.00
159.698	S 12839087 -26.19 19.95 0.00 0.00 TRACK
159.713	>>> V 0.00 0.00
159.713	S 12839107 -26.19 19.95 0.00 0.00 TRACK
159.732	>>> V 0.00 0.00
159.732	S 12839127 -26.19 19.95 0.00 0.00 TRACK
159.755	>>> V 0.00 0.00
159.756	S 12839147 -26.19 19.95 0.00 0.00 TRACK
159.772	>>> V 0.00 0.00
159.772	S 12839167 -26.19 19.95 0.00 0.00 TRACK
159.792	>>> V 0.00 0.00
159.792	S 12839187 -26.28 19.95 0.00 0.00 TRACK
159.813	>>> V 0.00 0.00
159.814	S 12839207 -26.19 19.95 0.00 0.00 TRACK
159.832	>>> V 0.00 0.00
159.833	S 12839227 -26.28 19.95 0.00 0.00 TRACK
159.852	>>> V 0.00 0.00
159.853	S 12839247 -26.28 19.95 0.00 0.00 TRACK
159.878	>>> V 0.00 0.00
159.881	S 12839267 -26.19 19.95 0.00 0.00 TRACK
159.894	>>> V 0.00 0.00
159.896	S 12839287 -26.19 19.86 0.00 0.00 TRACK
159.911	>>> V 0.00 0.00
159.913	S 12839307 -26.28 19.95 0.00 0.00 TRACK
159.931	>>> V 0.00 0.00
159.933	S 12839327 -26.19 19.95 0.00 0.00 TRACK
159.953	>>> V 0.00 0.00
159.954	S 12839347 -26.19 19.95 0.00 0.00 TRACK
159.976	>>> V 0.00 0.00
159.977	S 12839367 -26.19 19.95 0.00 0.00 TRACK
159.993	>>> V 0.00 0.00
159.993	S 12839387 -26.28 19.95 0.00 0.00 TRACK
160.013	>>> V 0.00 0.00
160.015	S 12839407 -26.28 19.95 0.00 0.00 TRACK
160.032	>>> V 0.00 0.00
160.033	S 12839427 -26.19 19.95 0.00 0.00 TRACK
160.052	>>> V 0.00 0.00
160.053	S 12839447 -26.19 19.95 0.00 0.00 TRACK
160.073	>>> V 0.00 0.00
160.073	S 12839467 -26.19 19.95 0.00 0.00 TRACK
160.093	>>> V 0.00 0.00
160.094	S 12839487 -26.28 19.95 0.00 0.00 TRACK
160.117	>>> V 0.00 0.00
160.119	S 12839507 -26.28 19.95 0.00 0.00 TRACK
160.131	>>> V 0.00 0.00
160.131	S 12839527 -26.28 19.95 0.00 0.00 TRACK
160.152	>>> V 0.00 0.00
160.152	S 12839547 -26.19 19.95 0.00 0.00 TRACK
160.174	>>> V 0.00 0.00
160.175	S 12839567 -26.19 19.95 0.00 0.00 TRACK
160.197	>>> V 0.00 0.00
160.198	S 12839587 -26.19 19.95 0.00 0.00 TRACK
160.222	>>> V 0.00 0.00
160.224	S 12839607 -26.28 19.95 0.00 0.00 TRACK
160.235	>>> V 0.00 0.00
160.236	S 12839627 -26.19 19.95 0.00 0.00 TRACK
160.252	>>> V 0.00 0.00
160.257	S 12839647 -26.28 19.95 0.00 0.00 TRACK
160.284	>>> V 0.00 0.00
160.285	S 12839667 -26.19 19.95 0.00 0.00 TRACK
160.294	>>> V 0.00 0.00
160.295	S 12839687 -26.19 19.95 0.00 0.00 TRACK
160.312	>>> V 0.00 0.00
160.312	S 12839707 -26.19 19.95 0.00 0.00 TRACK
160.331	>>> V 0.00 0.00
160.340	S 12839727 -26.19 19.95 0.00 0.00 TRACK
160.353	>>> V 0.00 0.00
160.355	S 12839747 -26.19 19.95 0.00 0.00 TRACK
160.373	>>> V 0.00 0.00
160.374	S 12839767 -26.19 19.86 0.00 0.00 TRACK
160.391	>>> V 0.00 0.00
160.393	S 12839787 -26.19 19.95 0.00 0.00 TRACK
160.412	>>> V 0.00 0.00
160.412	S 12839807 -26.19 19.95 0.00 0.00 TRACK
160.433	>>> V 0.00 0.00
160.436	S 12839827 -26.19 19.95 0.00 0.00 TRACK
160.453	>>> V 0.00 0.00
160.457	S 12839847 -26.28 19.95 0.00 0.00 TRACK
160.483	>>> V 0.00 0.00
160.496	S 12839867 -26.19 19.95 0.00 0.00 TRACK
160.499	S 12839887 -26.19 19.95 0.00 0.00 TRACK
160.506	>>> V 0.00 0.00
160.512	>>> V 0.00 0.00
160.513	S 12839907 -26.28 19.95 0.00 0.00 TRACK
160.533	>>> V 0.00 0.00
160.535	S 12839927 -26.19 19.95 0.00 0.00 TRACK
160.552	>>> V 0.00 2.97
160.554	S 12839947 -26.28 19.95 0.00 0.00 TRACK
160.572	>>> V 0.00 2.97
160.575	S 12839967 -26.19 19.95 0.00 0.00 TRACK
160.593	>>> V 0.00 2.97
160.599	S 12839987 -26.19 19.95 0.00 0.00 TRACK
160.614	>>> V 0.00 2.97
160.617	S 12840007 -26.19 19.95 0.00 0.00 TRACK
160.633	>>> V 0.00 2.97
160.636	S 12840027 -26.28 19.95 0.00 0.00 TRACK
160.652	>>> V 0.00 0.00
160.653	S 12840047 -26.28 20.04 0.00 0.00 TRACK
160.671	>>> V 0.00 0.00
160.674	S 12840067 -26.28 20.21 0.00 1.37 TRACK
160.693	>>> V 0.00 0.00
160.698	S 12840087 -26.28 20.21 0.00 2.75 TRACK
160.713	>>> V 0.00 0.00
160.714	S 12840107 -26.19 20.21 0.00 2.75 TRACK
160.740	>>> V 0.00 0.00
160.740	S 12840127 -26.19 20.21 0.00 1.37 TRACK
160.753	>>> V 0.00 0.00
160.753	S 12840147 -26.19 20.21 0.00 0.00 TRACK
160.771	>>> V 0.00 0.00
160.772	S 12840167 -26.19 20.21 0.00 0.00 TRACK
160.792	>>> V 0.00 0.00
160.792	S 12840187 -26.28 20.21 0.00 0.00 TRACK
160.811	>>> V 0.00 0.00
160.812	S 12840207 -26.28 20.21 0.00 0.00 TRACK
160.832	>>> V 0.00 0.00
160.835	S 12840227 -26.28 20.21 0.00 0.00 TRACK
160.852	>>> V 0.00 0.00
160.853	S 12840247 -26.19 20.21 0.00 0.00 TRACK
160.872	>>> V 0.00 0.00
160.876	S 12840267 -26.28 20.21 0.00 0.00 TRACK
160.917	>>> V 0.00 0.00
160.926	S 12840287 -26.19 20.21 0.00 0.00 TRACK
160.929	S 12840307 -26.19 20.21 0.00 0.00 TRACK
160.942	>>> V 0.00 0.00
160.943	S 12840327 -26.28 20.21 0.00 0.00 TRACK
160.954	>>> V 0.00 0.00
160.955	S 12840347 -26.19 20.21 0.00 0.00 TRACK
160.972	>>> V 0.00 0.00
160.974	S 12840367 -26.28 20.21 0.00 0.00 TRACK
160.991	>>> V 0.00 0.00
160.992	S 12840387 -26.19 20.21 0.00 0.00 TRACK
161.013	>>> V 0.00 0.00
161.014	S 12840407 -26.19 20.21 0.00 0.00 TRACK
161.035	>>> V 0.00 0.00
161.037	S 12840427 -26.19 20.21 0.00 0.00 TRACK
161.052	>>> V 0.00 0.00
161.054	S 12840447 -26.19 20.21 0.00 0.00 TRACK
161.079	>>> V 0.00 0.00
161.082	S 12840467 -26.28 20.21 0.00 0.00 TRACK
161.094	>>> V 0.00 0.00
161.097	S 12840487 -26.19 20.21 0.00 0.00 TRACK
161.113	>>> V 0.00 0.00
161.116	S 12840507 -26.19 20.21 0.00 0.00 TRACK
161.136	>>> V 0.00 0.00
161.138	S 12840527 -26.19 20.21 0.00 0.00 TRACK
161.155	>>> V 0.00 0.00
161.157	S 12840547 -26.28 20.21 0.00 0.00 TRACK
161.175	>>> V 0.00 0.00
161.177	S 12840567 -26.28 20.21 0.00 0.00 TRACK
161.196	>>> V 34.34 0.00
161.197	S 12840587 -26.28 20.21 0.00 0.00 TRACK
161.217	>>> V 34.34 0.00
161.221	S 12840607 -26.19 20.21 0.00 0.00 TRACK
161.231	>>> V 34.34 0.00
161.233	S 12840627 -26.28 20.21 0.00 0.00 TRACK
161.252	>>> V 34.34 0.00
161.254	S 12840647 -26.10 20.21 0.00 0.00 TRACK
161.273	>>> V 34.33 0.00
161.273	S 12840667 -25.93 20.21 1.37 0.00 TRACK
161.291	>>> V 34.33 0.00
161.292	S 12840687 -25.58 20.21 5.50 0.00 TRACK
161.312	>>> V 34.33 0.00
161.313	S 12840707 -25.14 20.21 10.99 0.00 TRACK
161.334	>>> V 34.33 0.00
161.337	S 12840727 -24.61 20.21 15.11 0.00 TRACK
161.351	>>> V 34.33 0.00
161.354	S 12840747 -23.99 20.21 20.61 0.00 TRACK
161.374	>>> V 34.33 0.00
161.376	S 12840767 -23.29 20.21 26.11 0.00 TRACK
161.394	>>> V 34.33 0.00
161.396	S 12840787 -22.68 20.21 30.23 0.00 TRACK
161.413	>>> V 34.33 0.00
161.413	S 12840807 -21.88 20.21 31.60 0.00 TRACK
161.432	>>> V 34.33 0.00
161.435	S 12840827 -21.18 20.21 32.98 0.00 TRACK
161.456	>>> V 34.32 0.00
161.458	S 12840847 -20.57 20.21 34.35 0.00 TRACK
161.471	>>> V 34.32 0.00
161.472	S 12840867 -19.78 20.21 34.35 0.00 TRACK
161.493	>>> V 34.33 0.00
161.496	S 12840888 -19.07 20.21 34.35 0.00 TRACK
161.512	>>> V 34.33 0.00
161.514	S 12840908 -18.37 20.21 34.35 0.00 TRACK
161.533	>>> V 34.33 0.00
161.534	S 12840928 -17.75 20.21 34.35 0.00 TRACK
161.552	>>> V 34.33 0.00
161.558	S 12840948 -17.05 20.21 34.35 0.00 TRACK
161.580	>>> V 34.12 0.00
161.582	S 12840968 -16.35 20.21 32.98 0.00 TRACK
161.592	>>> V 34.12 0.00
161.594	S 12840988 -15.73 20.21 32.98 0.00 TRACK
161.612	>>> V 25.10 0.00
161.618	S 12841008 -15.03 20.21 32.98 0.00 TRACK
161.633	>>> V 20.40 0.00
161.633	S 12841028 -14.33 20.21 32.98 0.00 TRACK
161.652	>>> V 20.40 0.00
161.652	S 12841048 -13.71 20.21 32.98 0.00 TRACK
161.672	>>> V 20.40 0.00
161.672	S 12841068 -13.18 20.21 32.98 0.00 TRACK
161.691	>>> V 18.11 0.00
161.692	S 12841088 -12.66 20.21 31.60 0.00 TRACK
161.715	>>> V 18.11 0.00
161.718	S 12841108 -12.13 20.21 28.85 0.00 TRACK
161.736	>>> V 18.11 0.00
161.737	S 12841128 -11.69 20.21 26.11 0.00 TRACK
161.753	>>> V 15.82 0.00
161.754	S 12841148 -11.34 20.21 23.36 0.00 TRACK
161.774	>>> V 15.82 0.00
161.777	S 12841168 -10.90 20.21 21.98 0.00 TRACK
161.792	>>> V 15.82 0.00
161.795	S 12841188 -10.55 20.21 19.24 0.00 TRACK
161.813	>>> V 15.82 0.00
161.814	S 12841208 -10.20 20.21 17.86 0.00 TRACK
161.832	>>> V 15.82 0.00
161.834	S 12841228 -9.84 20.21 17.86 0.00 TRACK
161.853	>>> V 15.82 0.00
161.855	S 12841248 -9.49 20.21 17.86 0.00 TRACK
161.888	>>> V 15.82 0.00
161.891	S 12841268 -9.14 20.21 16.49 0.00 TRACK
161.892	S 12841288 -8.79 20.21 16.49 0.00 TRACK
161.898	>>> V 15.82 0.00
161.912	>>> V 8.97 0.00
161.912	S 12841308 -8.35 20.21 16.49 0.00 TRACK
161.932	>>> V 8.97 0.00
161.934	S 12841328 -8.09 20.21 16.49 0.00 TRACK
161.954	>>> V 8.97 0.00
161.955	S 12841348 -7.73 20.21 16.49 0.00 TRACK
161.973	>>> V 7.08 0.00
161.975	S 12841368 -7.47 20.21 15.11 0.00 TRACK
161.992	>>> V 7.08 0.00
161.994	S 12841388 -7.29 20.21 15.11 0.00 TRACK
162.022	>>> V 5.43 0.00
162.024	S 12841408 -7.03 20.21 12.37 0.00 TRACK
162.033	>>> V 5.43 0.00
162.034	S 12841428 -6.86 20.21 10.99 0.00 TRACK
162.067	>>> V 5.43 0.00
162.069	S 12841448 -6.68 20.21 9.62 0.00 TRACK
162.089	>>> V 5.43 0.00
162.093	S 12841468 -6.59 20.21 8.24 0.00 TRACK
162.096	S 12841488 -6.50 20.21 6.87 0.00 TRACK
162.106	>>> V 5.43 0.00
162.119	>>> V 5.43 0.00
162.120	S 12841508 -6.42 20.21 5.50 0.00 TRACK
162.135	>>> V 2.74 0.00
162.139	S 12841528 -6.33 20.21 4.12 0.00 TRACK
162.152	>>> V 2.74 0.00
162.157	S 12841548 -6.06 20.21 4.12 0.00 TRACK
162.175	>>> V 2.74 0.00
162.178	S 12841568 -5.98 20.21 5.50 0.00 TRACK
162.195	>>> V 0.00 0.00
162.198	S 12841588 -5.89 20.21 5.50 0.00 TRACK
162.216	>>> V 0.00 0.00
162.216	S 12841608 -5.80 20.21 5.50 0.00 TRACK
162.235	>>> V 0.00 0.00
162.239	S 12841628 -5.80 20.21 4.12 0.00 TRACK
162.255	>>> V 0.00 0.00
162.258	S 12841648 -5.71 20.21 2.75 0.00 TRACK
162.272	>>> V 0.00 0.00
162.277	S 12841668 -5.80 20.21 1.37 0.00 TRACK
162.296	>>> V 0.00 0.00
162.299	S 12841688 -5.80 20.21 0.00 0.00 TRACK
162.321	>>> V 0.00 0.00
162.324	S 12841708 -5.71 20.21 0.00 0.00 TRACK
162.337	>>> V 0.00 0.00
162.339	S 12841728 -5.71 20.21 0.00 0.00 TRACK
162.359	>>> V 0.00 0.00
162.360	S 12841748 -5.71 20.21 0.00 0.00 TRACK
162.379	>>> V 0.00 0.00
162.380	S 12841768 -5.80 20.21 0.00 0.00 TRACK
162.397	>>> V -2.93 0.00
162.398	S 12841788 -5.80 20.21 0.00 0.00 TRACK
162.411	>>> V -5.02 0.00
162.414	S 12841808 -5.71 20.21 0.00 0.00 TRACK
162.431	>>> V -5.02 0.00
162.433	S 12841828 -5.71 20.21 0.00 0.00 TRACK
162.451	>>> V -5.79 0.00
162.453	S 12841848 -5.80 20.21 0.00 0.00 TRACK
162.475	>>> V -5.79 0.00
162.478	S 12841868 -5.80 20.21 0.00 0.00 TRACK
162.491	>>> V -6.52 0.00
162.494	S 12841888 -5.89 20.21 0.00 0.00 TRACK
162.513	>>> V -6.52 0.00
162.513	S 12841908 -6.06 20.21 -2.75 0.00 TRACK
162.534	>>> V -6.88 0.00
162.535	S 12841928 -6.24 20.21 -4.12 0.00 TRACK
162.553	>>> V -6.88 0.00
162.555	S 12841948 -6.33 20.21 -4.12 0.00 TRACK
162.575	>>> V -6.88 0.00
162.575	S 12841968 -6.33 20.21 -4.12 0.00 TRACK
162.592	>>> V -6.89 0.00
162.593	S 12841988 -6.50 20.21 -2.75 0.00 TRACK
162.613	>>> V -6.89 0.00
162.614	S 12842008 -6.68 20.21 -4.12 0.00 TRACK
162.634	>>> V -6.86 0.00
162.636	S 12842028 -6.86 20.21 -5.50 0.00 TRACK
162.652	>>> V -6.86 0.00
162.653	S 12842048 -7.03 20.21 -6.87 0.00 TRACK
162.675	>>> V -6.86 0.00
162.677	S 12842068 -7.12 20.21 -6.87 0.00 TRACK
162.694	>>> V -6.57 0.00
162.695	S 12842088 -7.29 20.21 -6.87 0.00 TRACK
162.713	>>> V -6.57 0.00
162.715	S 12842108 -7.47 20.21 -6.87 0.00 TRACK
162.736	>>> V -6.57 0.00
162.738	S 12842128 -7.56 20.21 -6.87 0.00 TRACK
162.753	>>> V -6.57 0.00
162.755	S 12842148 -7.73 20.21 -6.87 0.00 TRACK
162.772	>>> V -6.57 0.00
162.772	S 12842168 -7.82 20.21 -6.87 0.00 TRACK
162.792	>>> V -6.21 0.00
162.793	S 12842188 -8.00 20.21 -5.50 0.00 TRACK
162.818	>>> V -6.21 0.00
162.820	S 12842208 -8.09 20.21 -5.50 0.00 TRACK
162.835	>>> V -6.21 0.00
162.837	S 12842228 -8.26 20.21 -5.50 0.00 TRACK
162.857	>>> V -6.21 0.00
162.858	S 12842248 -8.35 20.21 -5.50 0.00 TRACK
162.873	>>> V -6.21 0.00
162.875	S 12842268 -8.53 20.21 -5.50 0.00 TRACK
162.893	>>> V -6.00 0.00
162.894	S 12842288 -8.70 20.21 -5.50 0.00 TRACK
162.912	>>> V -6.00 0.00
162.913	S 12842308 -8.79 20.21 -5.50 0.00 TRACK
162.934	>>> V -6.00 0.00
162.935	S 12842328 -9.05 20.21 -5.50 0.00 TRACK
162.958	>>> V -5.70 0.00
162.961	S 12842348 -9.14 20.21 -5.50 0.00 TRACK
162.975	>>> V -5.70 0.00
162.975	S 12842368 -9.32 20.21 -5.50 0.00 TRACK
162.993	>>> V -5.70 0.00
162.994	S 12842388 -9.40 20.21 -5.50 0.00 TRACK
163.014	>>> V -5.70 0.00
163.017	S 12842408 -9.49 20.21 -5.50 0.00 TRACK
163.034	>>> V -5.08 0.00
163.035	S 12842428 -9.58 20.21 -5.50 0.00 TRACK
163.053	>>> V -5.08 0.00
163.053	S 12842448 -9.67 20.21 -5.50 0.00 TRACK
163.073	>>> V -5.08 0.00
163.074	S 12842468 -9.84 20.21 -5.50 0.00 TRACK
163.110	>>> V -5.08 0.00
163.112	S 12842488 -9.93 20.21 -5.50 0.00 TRACK
163.117	S 12842508 -10.02 20.21 -5.50 0.00 TRACK
163.133	>>> V -2.29 0.00
163.135	S 12842528 -10.11 20.21 -5.50 0.00 TRACK
163.153	>>> V -2.29 0.00
163.157	S 12842548 -10.28 20.21 -5.50 0.00 TRACK
163.171	>>> V 0.00 0.00
163.174	S 12842568 -10.37 20.21 -4.12 0.00 TRACK
163.195	>>> V 0.00 0.00
163.196	S 12842588 -10.46 20.21 -4.12 0.00 TRACK
163.213	>>> V 0.00 0.00
163.214	S 12842608 -10.46 20.21 -4.12 0.00 TRACK
163.231	>>> V 0.00 0.00
163.232	S 12842628 -10.46 20.21 -2.75 0.00 TRACK
163.251	>>> V 0.00 0.00
163.253	S 12842648 -10.55 20.21 -1.37 0.00 TRACK
163.284	>>> V 0.00 0.00
163.284	S 12842668 -10.46 20.21 0.00 0.00 TRACK
163.308	>>> V 0.00 0.00
163.310	S 12842688 -10.55 20.21 0.00 0.00 TRACK
163.313	S 12842708 -10.46 20.21 0.00 0.00 TRACK
163.328	>>> V 0.00 0.00
163.333	S 12842728 -10.55 20.21 0.00 0.00 TRACK
163.345	>>> V 0.00 0.00
163.354	>>> V 0.00 0.00
163.356	S 12842748 -10.55 20.21 0.00 0.00 TRACK
163.372	>>> V 0.00 0.00
163.372	S 12842768 -10.55 20.21 0.00 0.00 TRACK
163.393	>>> V 0.00 0.00
163.394	S 12842788 -10.46 20.21 0.00 0.00 TRACK
163.412	>>> V 0.00 0.00
163.413	S 12842808 -10.55 20.21 0.00 0.00 TRACK
163.432	>>> V 2.17 0.00
163.435	S 12842828 -10.46 20.21 0.00 0.00 TRACK
163.452	>>> V 2.17 0.00
163.455	S 12842848 -10.46 20.21 0.00 0.00 TRACK
163.473	>>> V 2.17 0.00
163.474	S 12842868 -10.55 20.21 0.00 0.00 TRACK
163.505	>>> V 2.20 0.00
163.506	S 12842888 -10.46 20.21 0.00 0.00 TRACK
163.520	>>> V 2.20 0.00
163.520	S 12842908 -10.46 20.21 0.00 0.00 TRACK
163.536	>>> V 2.20 0.00
163.536	S 12842928 -10.46 20.21 0.00 0.00 TRACK
163.551	>>> V 2.20 0.00
163.552	S 12842948 -10.37 20.21 0.00 0.00 TRACK
163.572	>>> V 2.20 0.00
163.575	S 12842968 -10.28 20.21 1.37 0.00 TRACK
163.592	>>> V 2.20 0.00
163.592	S 12842988 -10.20 20.21 2.75 0.00 TRACK
163.613	>>> V 2.20 0.00
163.613	S 12843008 -10.20 20.21 2.75 0.00 TRACK
163.632	>>> V 2.20 0.00
163.635	S 12843028 -10.11 20.21 2.75 0.00 TRACK
163.655	>>> V 2.20 0.00
163.656	S 12843048 -10.02 20.21 2.75 0.00 TRACK
163.673	>>> V 2.22 0.00
163.675	S 12843068 -10.02 20.21 2.75 0.00 TRACK
163.691	>>> V 2.22 0.00
163.692	S 12843088 -10.02 20.21 1.37 0.00 TRACK
163.712	>>> V 2.21 0.00
163.715	S 12843108 -9.93 20.21 1.37 0.00 TRACK
163.733	>>> V 2.21 0.00
163.735	S 12843128 -9.93 20.21 1.37 0.00 TRACK
163.752	>>> V 2.21 0.00
163.754	S 12843148 -9.84 20.21 1.37 0.00 TRACK
163.774	>>> V 2.21 0.00
163.776	S 12843168 -9.76 20.21 1.37 0.00 TRACK
163.795	>>> V 2.20 0.00
163.796	S 12843188 -9.67 20.21 2.75 0.00 TRACK
163.811	>>> V 2.20 0.00
163.812	S 12843208 -9.67 20.21 2.75 0.00 TRACK
163.831	>>> V 2.20 0.00
163.832	S 12843228 -9.49 20.21 4.12 0.00 TRACK
163.852	>>> V 2.21 0.00
163.854	S 12843248 -9.49 20.21 4.12 0.00 TRACK
163.871	>>> V 2.21 0.00
163.873	S 12843268 -9.49 20.21 2.75 0.00 TRACK
163.892	>>> V 2.21 0.00
163.895	S 12843288 -9.58 20.21 1.37 0.00 TRACK
163.912	>>> V 2.07 0.00
163.912	S 12843308 -9.40 20.21 0.00 0.00 TRACK
163.938	>>> V 2.07 0.00
163.941	S 12843328 -9.32 20.21 1.37 0.00 TRACK
163.952	>>> V 2.07 0.00
163.959	S 12843348 -9.23 20.21 2.75 0.00 TRACK
163.972	>>> V 0.00 0.00
163.972	S 12843368 -9.14 20.21 4.12 0.00 TRACK
163.998	>>> V 0.00 0.00
163.999	S 12843388 -9.14 20.21 4.12 0.00 TRACK
164.015	>>> V 0.00 0.00
164.018	S 12843408 -9.05 20.21 2.75 0.00 TRACK
164.035	>>> V 0.00 0.00
164.036	S 12843428 -9.14 20.21 0.00 0.00 TRACK
164.062	>>> V 0.00 0.00
164.063	S 12843448 -9.14 20.21 0.00 0.00 TRACK
164.091	>>> V 0.00 0.00
164.092	S 12843468 -9.14 20.21 0.00 0.00 TRACK
164.099	S 12843488 -9.14 20.21 0.00 0.00 TRACK
164.120	>>> V 0.00 0.00
164.121	S 12843508 -9.14 20.21 0.00 0.00 TRACK
164.131	>>> V 0.00 0.00
164.132	S 12843528 -9.14 20.21 0.00 0.00 TRACK
164.155	>>> V 0.00 0.00
164.156	S 12843548 -9.14 20.21 0.00 0.00 TRACK
164.171	>>> V 0.00 0.00
164.174	S 12843568 -9.14 20.21 0.00 0.00 TRACK
164.196	>>> V 0.00 0.00
164.197	S 12843588 -9.14 20.21 0.00 0.00 TRACK
164.220	>>> V 0.00 0.00
164.224	S 12843608 -9.14 20.21 0.00 0.00 TRACK
164.234	>>> V 0.00 0.00
164.234	S 12843628 -9.14 20.21 0.00 0.00 TRACK
164.255	>>> V 0.00 0.00
164.256	S 12843648 -9.14 20.21 0.00 0.00 TRACK
164.276	>>> V 0.00 0.00
164.277	S 12843668 -9.14 20.21 0.00 0.00 TRACK
164.299	>>> V 0.00 0.00
164.300	S 12843688 -9.14 20.21 0.00 0.00 TRACK
164.316	>>> V 0.00 0.00
164.317	S 12843708 -9.14 20.21 0.00 0.00 TRACK
164.337	>>> V 0.00 0.00
164.338	S 12843728 -9.14 20.21 0.00 0.00 TRACK
164.356	>>> V 0.00 0.00
164.357	S 12843748 -9.14 20.21 0.00 0.00 TRACK
164.372	>>> V 0.00 0.00
164.375	S 12843768 -9.14 20.21 0.00 0.00 TRACK
164.395	>>> V 0.00 0.00
164.395	S 12843788 -9.14 20.21 0.00 0.00 TRACK
164.438	>>> V 0.00 0.00
164.449	S 12843808 -9.14 20.21 0.00 0.00 TRACK
164.458	S 12843828 -9.14 20.13 0.00 0.00 TRACK
164.523	>>> V 0.00 0.00
164.525	S 12843848 -9.14 20.21 0.00 0.00 TRACK
164.526	S 12843868 -9.14 20.21 0.00 0.00 TRACK
164.528	S 12843888 -9.14 20.21 0.00 0.00 TRACK
164.530	S 12843908 -9.14 20.21 0.00 0.00 TRACK
164.534	>>> V 0.00 0.00
164.535	S 12843928 -9.14 20.21 0.00 0.00 TRACK
164.551	>>> V 0.00 0.00
164.552	S 12843948 -9.14 20.21 0.00 0.00 TRACK
164.572	>>> V 0.00 0.00
164.572	S 12843968 -9.14 20.21 0.00 0.00 TRACK
164.592	>>> V 0.00 0.00
164.601	S 12843988 -9.14 20.21 0.00 0.00 TRACK
164.612	>>> V 0.00 0.00
164.613	S 12844008 -9.14 20.21 0.00 0.00 TRACK
164.632	>>> V 0.00 0.00
164.633	S 12844028 -9.14 20.21 0.00 0.00 TRACK
164.654	>>> V 0.00 0.00
164.656	S 12844048 -9.14 20.21 0.00 0.00 TRACK
164.671	>>> V 0.00 0.00
164.675	S 12844068 -9.14 20.21 0.00 0.00 TRACK
164.693	>>> V 0.00 0.00
164.696	S 12844088 -9.14 20.21 0.00 0.00 TRACK
164.713	>>> V 0.00 0.00
164.713	S 12844108 -9.14 20.21 0.00 0.00 TRACK
164.736	>>> V 0.00 0.00
164.737	S 12844128 -9.14 20.21 0.00 0.00 TRACK
164.757	>>> V 0.00 0.00
164.760	S 12844148 -9.14 20.21 0.00 0.00 TRACK
164.773	>>> V 0.00 0.00
164.773	S 12844168 -9.14 20.21 0.00 0.00 TRACK
164.792	>>> V 0.00 0.00
164.797	S 12844188 -9.14 20.21 0.00 0.00 TRACK
164.816	>>> V 0.00 0.00
164.825	S 12844208 -9.14 20.21 0.00 0.00 TRACK
164.838	>>> V 0.00 0.00
164.844	S 12844228 -9.14 20.21 0.00 0.00 TRACK
164.854	>>> V 0.00 0.00
164.857	S 12844248 -9.14 20.21 0.00 0.00 TRACK
164.880	>>> V 0.00 0.00
164.886	S 12844268 -9.14 20.21 0.00 0.00 TRACK
164.895	>>> V 0.00 0.00
164.898	S 12844288 -9.14 20.21 0.00 0.00 TRACK
164.913	>>> V 0.00 0.00
164.919	S 12844308 -9.14 20.21 0.00 0.00 TRACK
164.939	>>> V 0.00 0.00
164.941	S 12844328 -9.14 20.21 0.00 0.00 TRACK
164.955	>>> V 0.00 0.00
164.959	S 12844348 -9.14 20.21 0.00 0.00 TRACK
164.976	>>> V 0.00 0.00
164.979	S 12844368 -9.14 20.21 0.00 0.00 TRACK
164.992	>>> V 0.00 0.00
164.994	S 12844388 -9.14 20.21 0.00 0.00 TRACK
165.017	>>> V 0.00 0.00
165.020	S 12844408 -9.14 20.21 0.00 0.00 TRACK
165.035	>>> V 0.00 0.00
165.038	S 12844428 -9.14 20.21 0.00 0.00 TRACK
165.056	>>> V 0.00 0.00
165.062	S 12844448 -9.14 20.21 0.00 0.00 TRACK
165.080	>>> V 0.00 0.00
165.084	S 12844468 -9.14 20.21 0.00 0.00 TRACK
165.099	>>> V 0.00 0.00
165.102	S 12844488 -9.14 20.21 0.00 0.00 TRACK
165.126	>>> V 0.00 0.00
165.126	S 12844508 -9.14 20.21 0.00 0.00 TRACK
165.134	>>> V 0.00 0.00
165.135	S 12844528 -9.14 20.21 0.00 0.00 TRACK
165.152	>>> V 0.00 0.00
165.154	S 12844548 -9.14 20.21 0.00 0.00 TRACK
165.178	>>> V 0.00 0.00
165.181	S 12844568 -9.14 20.21 0.00 0.00 TRACK
165.192	>>> V 0.00 0.00
165.194	S 12844588 -9.14 20.21 0.00 0.00 TRACK
165.216	>>> V 0.00 0.00
165.220	S 12844608 -9.14 20.21 0.00 0.00 TRACK
165.237	>>> V 0.00 0.00
165.238	S 12844628 -9.05 20.21 0.00 0.00 TRACK
165.254	>>> V 0.00 0.00
165.257	S 12844648 -9.14 20.21 0.00 0.00 TRACK
165.275	>>> V 0.00 0.00
165.278	S 12844668 -9.14 20.21 0.00 0.00 TRACK
165.296	>>> V 0.00 0.00
165.299	S 12844688 -9.14 20.21 0.00 0.00 TRACK
165.317	>>> V 0.00 0.00
165.319	S 12844708 -9.14 20.21 0.00 0.00 TRACK
165.343	>>> V 0.00 0.00
165.346	S 12844728 -9.14 20.21 0.00 0.00 TRACK
165.358	>>> V 0.00 0.00
165.360	S 12844748 -9.14 20.21 0.00 0.00 TRACK
165.383	>>> V 0.00 0.00
165.384	S 12844768 -9.14 20.21 0.00 0.00 TRACK
165.394	>>> V 0.00 0.00
165.397	S 12844788 -9.14 20.21 0.00 0.00 TRACK
165.425	>>> V 0.00 0.00
165.436	S 12844808 -9.14 20.21 0.00 0.00 TRACK
165.454	S 12844828 -9.14 20.21 0.00 0.00 TRACK
165.490	>>> V 0.00 0.00
165.491	S 12844848 -9.14 20.21 0.00 0.00 TRACK
165.501	S 12844868 -9.14 20.21 0.00 0.00 TRACK
165.507	S 12844888 -9.14 20.21 0.00 0.00 TRACK
165.516	>>> V 0.00 0.00
165.521	S 12844908 -9.14 20.21 0.00 0.00 TRACK
165.533	>>> V 0.00 0.00
165.534	S 12844928 -9.14 20.21 0.00 0.00 TRACK
165.555	>>> V 0.00 0.00
165.559	S 12844948 -9.14 20.21 0.00 0.00 TRACK
165.577	>>> V 0.00 0.00
165.578	S 12844968 -9.14 20.21 0.00 0.00 TRACK
165.593	>>> V 0.00 0.00
165.594	S 12844988 -9.14 20.21 0.00 0.00 TRACK
165.614	>>> V 0.00 0.00
165.614	S 12845008 -9.14 20.21 0.00 0.00 TRACK
165.633	>>> V 0.00 0.00
165.639	S 12845028 -9.14 20.21 0.00 0.00 TRACK
165.652	>>> V 0.00 0.00
165.655	S 12845048 -9.14 20.21 0.00 0.00 TRACK
165.674	>>> V 0.00 0.00
165.676	S 12845068 -9.14 20.21 0.00 0.00 TRACK
165.698	>>> V 0.00 0.00
165.701	S 12845088 -9.14 20.21 0.00 0.00 TRACK
165.712	>>> V 0.00 0.00
165.716	S 12845108 -9.14 20.21 0.00 0.00 TRACK
165.734	>>> V 0.00 0.00
165.738	S 12845128 -9.14 20.21 0.00 0.00 TRACK
165.753	>>> V 0.00 0.00
165.755	S 12845148 -9.14 20.21 0.00 0.00 TRACK
165.774	>>> V 0.00 0.00
165.775	S 12845168 -9.14 20.21 0.00 0.00 TRACK
165.794	>>> V 0.00 0.00
165.794	S 12845188 -9.14 20.21 0.00 0.00 TRACK
165.830	>>> V 0.00 0.00
165.832	S 12845208 -9.14 20.21 0.00 0.00 TRACK
165.833	S 12845228 -9.14 20.21 0.00 0.00 TRACK
165.841	>>> V 0.00 0.00
165.852	>>> V 0.00 0.00
165.854	S 12845248 -9.14 20.21 0.00 0.00 TRACK
165.871	>>> V 0.00 0.00
165.872	S 12845268 -9.14 20.21 0.00 0.00 TRACK
165.892	>>> V 0.00 0.00
165.894	S 12845288 -9.14 20.21 0.00 0.00 TRACK
165.911	>>> V 0.00 0.00
165.912	S 12845308 -9.14 20.21 0.00 0.00 TRACK
165.932	>>> V 0.00 0.00
165.934	S 12845328 -9.14 20.21 0.00 0.00 TRACK
165.952	>>> V 0.00 0.00
165.956	S 12845348 -9.14 20.21 0.00 0.00 TRACK
165.971	>>> V 0.00 0.00
165.973	S 12845368 -9.14 20.21 0.00 0.00 TRACK
165.991	>>> V 0.00 0.00
165.994	S 12845388 -9.14 20.21 0.00 0.00 TRACK
166.012	>>> V 0.00 0.00
166.012	S 12845408 -9.14 20.21 0.00 0.00 TRACK
166.031	>>> V 0.00 0.00
166.033	S 12845428 -9.14 20.21 0.00 0.00 TRACK
166.051	>>> V 0.00 0.00
166.053	S 12845448 -9.14 20.21 0.00 0.00 TRACK
166.074	>>> V 0.00 0.00
166.075	S 12845468 -9.14 20.21 0.00 0.00 TRACK
166.094	>>> V 0.00 0.00
166.097	S 12845488 -9.14 20.21 0.00 0.00 TRACK
166.112	>>> V 0.00 0.00
166.114	S 12845508 -9.14 20.21 0.00 0.00 TRACK
166.134	>>> V 0.00 0.00
166.136	S 12845528 -9.14 20.21 0.00 0.00 TRACK
166.167	>>> V 0.00 0.00
166.168	S 12845548 -9.14 20.21 0.00 0.00 TRACK
166.178	>>> V 0.00 0.00
166.184	S 12845568 -9.14 20.21 0.00 0.00 TRACK
166.207	>>> V 0.00 0.00
166.208	S 12845588 -9.14 20.21 0.00 0.00 TRACK
166.222	>>> V 0.00 0.00
166.224	S 12845608 -9.14 20.21 0.00 0.00 TRACK
166.236	>>> V 0.00 0.00
166.237	S 12845628 -9.14 20.21 0.00 0.00 TRACK
166.252	>>> V 0.00 0.00
166.252	S 12845648 -9.14 20.21 0.00 0.00 TRACK
166.271	>>> V 0.00 0.00
166.272	S 12845668 -9.14 20.21 0.00 0.00 TRACK
166.292	>>> V 0.00 0.00
166.293	S 12845688 -9.14 20.21 0.00 0.00 TRACK
166.314	>>> V 0.00 0.00
166.315	S 12845708 -9.14 20.21 0.00 0.00 TRACK
166.333	>>> V 0.00 0.00
166.333	S 12845728 -9.14 20.21 0.00 0.00 TRACK
166.357	>>> V 0.00 0.00
166.357	S 12845748 -9.14 20.21 0.00 0.00 TRACK
166.374	>>> V 0.00 0.00
166.377	S 12845768 -9.14 20.21 0.00 0.00 TRACK
166.392	>>> V 0.00 0.00
166.392	S 12845788 -9.14 20.21 0.00 0.00 TRACK
166.413	>>> V 0.00 0.00
166.415	S 12845808 -9.14 20.21 0.00 0.00 TRACK
166.432	>>> V 0.00 0.00
166.435	S 12845828 -9.14 20.21 0.00 0.00 TRACK
166.452	>>> V 0.00 0.00
166.454	S 12845848 -9.14 20.21 0.00 0.00 TRACK
166.478	>>> V 0.00 0.00
166.482	S 12845868 -9.14 20.21 0.00 0.00 TRACK
166.496	>>> V 0.00 0.00
166.497	S 12845888 -9.14 20.21 0.00 0.00 TRACK
166.512	>>> V 0.00 0.00
166.516	S 12845908 -9.14 20.21 0.00 0.00 TRACK
166.534	>>> V 0.00 0.00
166.534	S 12845928 -9.14 20.21 0.00 0.00 TRACK
166.555	>>> V 0.00 0.00
166.558	S 12845948 -9.14 20.21 0.00 0.00 TRACK
166.571	>>> V 0.00 0.00
166.574	S 12845968 -9.14 20.21 0.00 0.00 TRACK
166.594	>>> V 0.00 0.00
166.597	S 12845988 -9.14 20.21 0.00 0.00 TRACK
166.612	>>> V 0.00 0.00
166.613	S 12846008 -9.14 20.21 0.00 0.00 TRACK
166.638	>>> V 0.00 0.00
166.640	S 12846028 -9.05 20.21 0.00 0.00 TRACK
166.656	>>> V 0.00 0.00
166.657	S 12846048 -9.14 20.21 0.00 0.00 TRACK
166.674	>>> V 0.00 0.00
166.676	S 12846068 -9.14 20.21 0.00 0.00 TRACK
166.695	>>> V 0.00 0.00
166.697	S 12846088 -9.14 20.21 0.00 0.00 TRACK
166.713	>>> V 0.00 0.00
166.716	S 12846108 -9.14 20.21 0.00 0.00 TRACK
166.734	>>> V 0.00 0.00
166.735	S 12846128 -9.14 20.21 0.00 0.00 TRACK
166.755	>>> V 0.00 0.00
166.756	S 12846148 -9.14 20.21 0.00 0.00 TRACK
166.775	>>> V 0.00 0.00
166.776	S 12846168 -9.14 20.21 0.00 0.00 TRACK
166.794	>>> V 0.00 0.00
166.796	S 12846188 -9.14 20.21 0.00 0.00 TRACK
166.812	>>> V 0.00 0.00
166.814	S 12846208 -9.14 20.21 0.00 0.00 TRACK
166.837	>>> V 0.00 0.00
166.842	S 12846228 -9.14 20.21 0.00 0.00 TRACK
166.852	>>> V 0.00 0.00
166.853	S 12846248 -9.14 20.21 0.00 0.00 TRACK
166.873	>>> V 0.00 0.00
166.879	S 12846268 -9.14 20.21 0.00 0.00 TRACK
166.893	>>> V 0.00 0.00
166.893	S 12846288 -9.14 20.21 0.00 0.00 TRACK
166.913	>>> V 0.00 0.00
166.914	S 12846308 -9.14 20.21 0.00 0.00 TRACK
166.931	>>> V 0.00 0.00
166.932	S 12846328 -9.14 20.21 0.00 0.00 TRACK
166.954	>>> V 0.00 0.00
166.955	S 12846348 -9.14 20.21 0.00 0.00 TRACK
166.972	>>> V 0.00 0.00
166.974	S 12846368 -9.14 20.21 0.00 0.00 TRACK
166.994	>>> V 0.00 0.00
166.996	S 12846388 -9.14 20.21 0.00 0.00 TRACK
167.018	>>> V 0.00 0.00
167.023	S 12846408 -9.14 20.21 0.00 0.00 TRACK
167.034	>>> V 0.00 0.00
167.035	S 12846428 -9.14 20.21 0.00 0.00 TRACK
167.056	>>> V 0.00 0.00
167.058	S 12846448 -9.14 20.21 0.00 0.00 TRACK
167.075	>>> V 0.00 0.00
167.077	S 12846468 -9.14 20.21 0.00 0.00 TRACK
167.095	>>> V 0.00 0.00
167.096	S 12846488 -9.14 20.21 0.00 0.00 TRACK
167.115	>>> V 0.00 0.00
167.118	S 12846508 -9.14 20.21 0.00 0.00 TRACK
167.132	>>> V 0.00 0.00
167.133	S 12846528 -9.14 20.21 0.00 0.00 TRACK
167.152	>>> V 0.00 0.00
167.154	S 12846548 -9.14 20.21 0.00 0.00 TRACK
167.176	>>> V 0.00 0.00
167.178	S 12846568 -9.14 20.21 0.00 0.00 TRACK
167.194	>>> V 0.00 0.00
167.195	S 12846588 -9.14 20.21 0.00 0.00 TRACK
167.214	>>> V 0.00 0.00
167.215	S 12846608 -9.14 20.21 0.00 0.00 TRACK
167.231	>>> V 0.00 0.00
167.233	S 12846628 -9.14 20.21 0.00 0.00 TRACK
167.251	>>> V 0.00 0.00
167.252	S 12846648 -9.14 20.21 0.00 0.00 TRACK
167.271	>>> V 0.00 0.00
167.273	S 12846668 -9.14 20.21 0.00 0.00 TRACK
167.292	>>> V 0.00 0.00
167.292	S 12846688 -9.14 20.21 0.00 0.00 TRACK
167.312	>>> V 0.00 0.00
167.316	S 12846708 -9.14 20.21 0.00 0.00 TRACK
167.333	>>> V 0.00 0.00
167.334	S 12846728 -9.14 20.21 0.00 0.00 TRACK
167.353	>>> V 0.00 0.00
167.354	S 12846748 -9.14 20.21 0.00 0.00 TRACK
167.373	>>> V 0.00 0.00
167.375	S 12846768 -9.14 20.21 0.00 0.00 TRACK
167.392	>>> V 0.00 0.00
167.394	S 12846788 -9.14 20.21 0.00 0.00 TRACK
167.413	>>> V 0.00 0.00
167.416	S 12846808 -9.14 20.21 0.00 0.00 TRACK
167.433	>>> V 0.00 0.00
167.438	S 12846828 -9.14 20.21 0.00 0.00 TRACK
167.452	>>> V 0.00 0.00
167.453	S 12846848 -9.14 20.21 0.00 0.00 TRACK
167.472	>>> V 0.00 0.00
167.477	S 12846868 -9.14 20.21 0.00 0.00 TRACK
167.492	>>> V 0.00 0.00
167.498	S 12846888 -9.14 20.21 0.00 0.00 TRACK
167.525	>>> V 0.00 0.00
167.530	S 12846908 -9.14 20.21 0.00 0.00 TRACK
167.542	>>> V 0.00 0.00
167.551	S 12846928 -9.14 20.21 0.00 0.00 TRACK
167.553	S 12846948 -9.14 20.21 0.00 0.00 TRACK
167.582	>>> V 0.00 0.00
167.590	S 12846968 -9.14 20.30 0.00 0.00 TRACK
167.629	>>> V 0.00 0.00
167.631	S 12846988 -9.14 20.21 0.00 0.00 TRACK
167.644	S 12847008 -9.14 20.21 0.00 0.00 TRACK
167.657	S 12847028 -9.14 20.21 0.00 0.00 TRACK
167.670	>>> V 0.00 0.00
167.679	S 12847048 -9.14 20.21 0.00 0.00 TRACK
167.681	S 12847068 -9.14 20.21 0.00 0.00 TRACK
167.714	>>> V 0.00 0.00
167.717	S 12847088 -9.14 20.21 0.00 0.00 TRACK
167.719	S 12847108 -9.14 20.21 0.00 0.00 TRACK
167.742	>>> V 0.00 0.00
167.743	S 12847128 -9.14 20.21 0.00 0.00 TRACK
167.755	>>> V 0.00 0.00
167.761	S 12847148 -9.14 20.21 0.00 0.00 TRACK
167.772	>>> V 0.00 0.00
167.775	S 12847168 -9.14 20.21 0.00 0.00 TRACK
167.797	>>> X
