run_id,stamp_s,frame_id,frame_seq,width,height,detected,cx_px,cy_px,ex,ey,area_ratio,n_candidates,depth_valid,depth_valid_ratio,z_m,x_m,y_m,proc_ms,depth_dt_ms,pub_time_s,target_id,n_rejected,rot_speed_deg_s
exp4_rot_20261008_174201,1791448927.931473,camera_color_optical_frame,1,640,480,1,415.5,453.5,0.2984,0.8895,0.00438,2,0,,,,,23.09,95.07,1791448928.019062,1,0,0.0
exp4_rot_20261008_174201,1791448927.963090,camera_color_optical_frame,2,640,480,0,,,0.0000,0.0000,0.00000,2,0,,,,,9.78,63.27,1791448928.049268,,0,1.4
exp4_rot_20261008_174201,1791448928.057719,camera_color_optical_frame,3,640,480,0,,,0.0000,0.0000,0.00000,2,0,,,,,10.72,94.63,1791448928.171576,,0,0.0
exp4_rot_20261008_174201,1791448928.089189,camera_color_optical_frame,4,640,480,0,,,0.0000,0.0000,0.00000,2,0,,,,,35.66,0.00,1791448928.234547,,0,0.0
exp4_rot_20261008_174201,1791448928.118706,camera_color_optical_frame,5,640,480,0,,,0.0000,0.0000,0.00000,2,0,,,,,12.35,0.00,1791448928.256733,,0,0.0
exp4_rot_20261008_174201,1791448928.152066,camera_color_optical_frame,6,640,480,0,,,0.0000,0.0000,0.00000,2,0,,,,,17.42,0.00,1791448928.295107,,0,0.0
exp4_rot_20261008_174201,1791448928.185426,camera_color_optical_frame,7,640,480,0,,,0.0000,0.0000,0.00000,2,0,,,,,19.49,0.00,1791448928.359116,,0,0.0
exp4_rot_20261008_174201,1791448928.218786,camera_color_optical_frame,8,640,480,0,,,0.0000,0.0000,0.00000,2,0,,,,,24.32,0.00,1791448928.436900,,0,0.0
exp4_rot_20261008_174201,1791448928.252147,camera_color_optical_frame,9,640,480,0,,,0.0000,0.0000,0.00000,2,0,,,,,19.17,0.00,1791448928.508182,,0,0.0
exp4_rot_20261008_174201,1791448928.285507,camera_color_optical_frame,10,640,480,0,,,0.0000,0.0000,0.00000,2,0,,,,,16.05,0.00,1791448928.562964,,0,0.0
exp4_rot_20261008_174201,1791448928.318868,camera_color_optical_frame,11,640,480,0,,,0.0000,0.0000,0.00000,2,0,,,,,20.37,0.00,1791448928.645354,,0,0.0
exp4_rot_20261008_174201,1791448928.352228,camera_color_optical_frame,12,640,480,0,,,0.0000,0.0000,0.00000,2,0,,,,,15.83,0.00,1791448928.688365,,0,0.0
exp4_rot_20261008_174201,1791448928.418949,camera_color_optical_frame,13,640,480,0,,,0.0000,0.0000,0.00000,2,0,,,,,15.54,0.00,1791448928.743676,,0,0.0
exp4_rot_20261008_174201,1791448928.485671,camera_color_optical_frame,14,640,480,1,415.4,454.5,0.2980,0.8937,0.00431,2,0,,,,,12.71,66.72,1791448928.779553,3,0,0.0
exp4_rot_20261008_174201,1791448928.552392,camera_color_optical_frame,15,640,480,1,415.4,454.3,0.2980,0.8931,0.00431,2,1,1.000,0.6250,0.0939,0.2159,19.67,0.00,1791448928.826995,3,0,0.0
exp4_rot_20261008_174201,1791448928.619113,camera_color_optical_frame,16,640,480,1,415.4,454.4,0.2981,0.8932,0.00432,2,1,1.000,0.6250,0.0939,0.2159,27.96,0.00,1791448928.893151,3,0,0.0
exp4_rot_20261008_174201,1791448928.652474,camera_color_optical_frame,17,640,480,1,415.4,454.4,0.2980,0.8932,0.00433,2,1,1.000,0.6250,0.0939,0.2159,13.96,0.00,1791448928.919726,3,0,0.0
exp4_rot_20261008_174201,1791448928.719196,camera_color_optical_frame,18,640,480,1,415.4,454.4,0.2981,0.8934,0.00432,2,1,1.000,0.6240,0.0937,0.2156,13.70,0.00,1791448928.949653,3,0,0.0
exp4_rot_20261008_174201,1791448928.752557,camera_color_optical_frame,19,640,480,1,415.4,454.4,0.2980,0.8932,0.00433,2,1,1.000,0.6230,0.0936,0.2152,12.28,0.00,1791448928.981184,3,0,0.0
exp4_rot_20261008_174201,1791448928.819279,camera_color_optical_frame,20,640,480,1,415.3,454.4,0.2979,0.8933,0.00432,2,1,1.000,0.6220,0.0934,0.2149,12.06,0.00,1791448929.014673,3,0,0.0
exp4_rot_20261008_174201,1791448928.852640,camera_color_optical_frame,21,640,480,1,415.3,454.4,0.2980,0.8934,0.00430,2,1,1.000,0.6240,0.0937,0.2156,14.05,0.00,1791448929.054280,3,0,0.0
exp4_rot_20261008_174201,1791448928.886001,camera_color_optical_frame,22,640,480,1,415.4,454.5,0.2981,0.8937,0.00431,2,1,1.000,0.6230,0.0936,0.2153,11.58,0.00,1791448929.088007,3,0,0.0
exp4_rot_20261008_174201,1791448928.919362,camera_color_optical_frame,23,640,480,1,415.5,454.4,0.2984,0.8935,0.00428,2,1,1.000,0.6250,0.0940,0.2160,12.64,0.00,1791448929.124945,3,0,0.0
exp4_rot_20261008_174201,1791448928.986084,camera_color_optical_frame,24,640,480,1,415.4,454.4,0.2980,0.8934,0.00432,2,1,1.000,0.6250,0.0939,0.2159,13.51,0.00,1791448929.164363,3,0,0.0
exp4_rot_20261008_174201,1791448929.019446,camera_color_optical_frame,25,640,480,1,415.4,454.4,0.2983,0.8933,0.00432,2,1,1.000,0.6230,0.0937,0.2152,13.22,0.00,1791448929.199737,3,0,0.0
exp4_rot_20261008_174201,1791448929.052818,camera_color_optical_frame,26,640,480,1,415.4,454.5,0.2981,0.8938,0.00430,2,1,1.000,0.6240,0.0938,0.2157,13.99,0.00,1791448929.237312,3,0,0.0
exp4_rot_20261008_174201,1791448929.086176,camera_color_optical_frame,27,640,480,1,415.3,454.4,0.2979,0.8932,0.00432,2,1,1.000,0.6240,0.0937,0.2156,13.88,0.00,1791448929.276444,3,0,0.0
exp4_rot_20261008_174201,1791448929.119534,camera_color_optical_frame,28,640,480,1,415.4,454.5,0.2981,0.8936,0.00431,2,1,1.000,0.6250,0.0939,0.2160,12.41,0.00,1791448929.314572,3,0,0.0
exp4_rot_20261008_174201,1791448929.152891,camera_color_optical_frame,29,640,480,1,415.3,454.4,0.2980,0.8933,0.00432,2,1,1.000,0.6230,0.0936,0.2152,12.37,0.00,1791448929.354581,3,0,0.0
exp4_rot_20261008_174201,1791448929.186249,camera_color_optical_frame,30,640,480,1,415.4,454.4,0.2981,0.8935,0.00431,2,1,1.000,0.6250,0.0939,0.2160,15.66,0.00,1791448929.394977,3,0,0.0
exp4_rot_20261008_174201,1791448929.219606,camera_color_optical_frame,31,640,480,1,415.4,454.5,0.2980,0.8937,0.00431,2,1,1.000,0.6240,0.0937,0.2157,13.77,0.00,1791448929.435853,3,0,0.0
exp4_rot_20261008_174201,1791448929.286321,camera_color_optical_frame,32,640,480,1,415.4,454.3,0.2981,0.8930,0.00431,2,1,1.000,0.6230,0.0936,0.2152,13.54,0.00,1791448929.474719,3,0,0.0
exp4_rot_20261008_174201,1791448929.319678,camera_color_optical_frame,33,640,480,1,415.4,454.4,0.2981,0.8933,0.00432,2,1,1.000,0.6230,0.0936,0.2152,13.04,0.00,1791448929.515630,3,0,0.0
exp4_rot_20261008_174201,1791448929.353036,camera_color_optical_frame,34,640,480,1,415.3,454.4,0.2980,0.8933,0.00432,2,1,1.000,0.6230,0.0936,0.2152,11.82,0.00,1791448929.552736,3,0,0.0
exp4_rot_20261008_174201,1791448929.386393,camera_color_optical_frame,35,640,480,1,415.4,454.5,0.2981,0.8936,0.00431,2,1,1.000,0.6240,0.0937,0.2157,12.39,0.00,1791448929.587198,3,0,0.0
exp4_rot_20261008_174201,1791448929.419750,camera_color_optical_frame,36,640,480,1,415.4,454.4,0.2981,0.8935,0.00431,2,1,1.000,0.6240,0.0937,0.2156,13.51,0.00,1791448929.623761,3,0,0.0
exp4_rot_20261008_174201,1791448929.453107,camera_color_optical_frame,37,640,480,1,415.5,454.3,0.2984,0.8931,0.00426,2,0,,,,,10.60,33.36,1791448929.643493,3,0,0.0
exp4_rot_20261008_174201,1791448929.553177,camera_color_optical_frame,38,640,480,1,415.4,454.4,0.2981,0.8935,0.00431,2,0,,,,,12.77,133.43,1791448929.668401,3,0,0.0
exp4_rot_20261008_174201,1791448929.619890,camera_color_optical_frame,39,640,480,1,415.4,454.5,0.2981,0.8937,0.00431,2,0,,,,,7.12,200.14,1791448929.683303,3,0,0.0
exp4_rot_20261008_174201,1791448929.653247,camera_color_optical_frame,40,640,480,1,415.4,454.4,0.2981,0.8935,0.00431,2,1,1.000,0.6230,0.0936,0.2153,15.19,0.00,1791448929.744529,3,0,0.0
exp4_rot_20261008_174201,1791448929.686604,camera_color_optical_frame,41,640,480,1,415.4,454.4,0.2981,0.8935,0.00431,2,1,1.000,0.6230,0.0936,0.2153,12.13,0.00,1791448929.780674,3,0,0.0
exp4_rot_20261008_174201,1791448929.719960,camera_color_optical_frame,42,640,480,1,415.4,454.4,0.2981,0.8934,0.00432,2,1,1.000,0.6240,0.0937,0.2156,13.66,0.00,1791448929.816564,3,0,0.0
exp4_rot_20261008_174201,1791448929.753316,camera_color_optical_frame,43,640,480,1,415.4,454.4,0.2981,0.8935,0.00431,2,1,1.000,0.6230,0.0936,0.2153,12.22,0.00,1791448929.849095,3,0,0.0
exp4_rot_20261008_174201,1791448929.786673,camera_color_optical_frame,44,640,480,1,415.5,454.2,0.2984,0.8927,0.00428,2,1,1.000,0.6250,0.0940,0.2158,12.00,0.00,1791448929.885187,3,0,0.0
exp4_rot_20261008_174201,1791448929.820029,camera_color_optical_frame,45,640,480,1,415.4,454.3,0.2980,0.8929,0.00434,2,1,1.000,0.6250,0.0939,0.2158,12.26,0.00,1791448929.923120,3,0,0.0
exp4_rot_20261008_174201,1791448929.853385,camera_color_optical_frame,46,640,480,1,415.4,454.3,0.2981,0.8930,0.00434,2,1,1.000,0.6230,0.0936,0.2152,13.64,0.00,1791448929.961962,3,0,0.0
exp4_rot_20261008_174201,1791448929.886741,camera_color_optical_frame,47,640,480,1,415.4,454.4,0.2980,0.8932,0.00432,2,1,1.000,0.6230,0.0936,0.2152,13.03,0.00,1791448930.002578,3,0,0.0
exp4_rot_20261008_174201,1791448929.920097,camera_color_optical_frame,48,640,480,1,415.4,454.4,0.2980,0.8933,0.00432,2,1,1.000,0.6250,0.0939,0.2159,13.67,0.00,1791448930.039752,3,0,0.0
exp4_rot_20261008_174201,1791448929.953453,camera_color_optical_frame,49,640,480,1,415.4,454.3,0.2980,0.8931,0.00433,2,1,1.000,0.6240,0.0937,0.2155,10.67,0.00,1791448930.086750,3,0,0.0
exp4_rot_20261008_174201,1791448929.986809,camera_color_optical_frame,50,640,480,1,415.4,454.4,0.2980,0.8933,0.00432,2,1,1.000,0.6240,0.0937,0.2156,11.00,0.00,1791448930.126079,3,0,0.0
exp4_rot_20261008_174201,1791448930.020165,camera_color_optical_frame,51,640,480,1,415.4,454.4,0.2981,0.8935,0.00431,2,1,1.000,0.6260,0.0940,0.2163,11.41,0.00,1791448930.159433,3,0,0.0
exp4_rot_20261008_174201,1791448930.053520,camera_color_optical_frame,52,640,480,1,415.3,454.4,0.2980,0.8934,0.00432,2,1,1.000,0.6250,0.0939,0.2159,11.82,0.00,1791448930.201252,3,0,0.0
exp4_rot_20261008_174201,1791448930.086872,camera_color_optical_frame,53,640,480,1,415.4,454.4,0.2980,0.8932,0.00433,2,1,1.000,0.6240,0.0937,0.2155,13.27,0.00,1791448930.239491,3,0,0.0
exp4_rot_20261008_174201,1791448930.120229,camera_color_optical_frame,54,640,480,1,415.3,454.5,0.2980,0.8938,0.00430,2,1,1.000,0.6250,0.0939,0.2160,15.23,0.00,1791448930.276552,3,0,0.0
exp4_rot_20261008_174201,1791448930.153587,camera_color_optical_frame,55,640,480,1,415.4,454.4,0.2980,0.8935,0.00431,2,1,1.000,0.6250,0.0939,0.2160,10.31,0.00,1791448930.323342,3,0,0.0
exp4_rot_20261008_174201,1791448930.186945,camera_color_optical_frame,56,640,480,1,415.4,454.5,0.2981,0.8936,0.00431,2,1,1.000,0.6240,0.0937,0.2157,11.33,0.00,1791448930.359348,3,0,0.0
exp4_rot_20261008_174201,1791448930.220303,camera_color_optical_frame,57,640,480,1,415.5,454.1,0.2985,0.8921,0.00425,2,1,1.000,0.6250,0.0940,0.2156,12.65,0.00,1791448930.398793,3,0,0.0
exp4_rot_20261008_174201,1791448930.253660,camera_color_optical_frame,58,640,480,1,415.4,454.5,0.2980,0.8937,0.00431,2,1,1.000,0.6230,0.0936,0.2153,12.73,0.00,1791448930.435349,3,0,0.0
exp4_rot_20261008_174201,1791448930.287018,camera_color_optical_frame,59,640,480,1,415.4,454.5,0.2981,0.8938,0.00430,2,1,1.000,0.6230,0.0936,0.2154,11.89,0.00,1791448930.473457,3,0,0.0
exp4_rot_20261008_174201,1791448930.320376,camera_color_optical_frame,60,640,480,1,415.4,454.4,0.2981,0.8934,0.00432,2,1,1.000,0.6240,0.0937,0.2156,11.58,0.00,1791448930.515208,3,0,0.0
exp4_rot_20261008_174201,1791448930.353734,camera_color_optical_frame,61,640,480,1,415.4,454.5,0.2981,0.8938,0.00430,2,1,1.000,0.6250,0.0939,0.2161,12.31,0.00,1791448930.553465,3,0,0.0
exp4_rot_20261008_174201,1791448930.387091,camera_color_optical_frame,62,640,480,1,415.4,454.4,0.2981,0.8935,0.00431,2,1,1.000,0.6230,0.0936,0.2153,14.68,0.00,1791448930.594752,3,0,0.0
exp4_rot_20261008_174201,1791448930.420449,camera_color_optical_frame,63,640,480,1,415.4,454.5,0.2980,0.8937,0.00431,2,0,,,,,11.16,33.36,1791448930.616205,3,0,0.0
exp4_rot_20261008_174201,1791448930.520522,camera_color_optical_frame,64,640,480,1,415.4,454.5,0.2980,0.8937,0.00430,2,0,,,,,9.19,133.43,1791448930.636163,3,0,0.0
exp4_rot_20261008_174201,1791448930.553879,camera_color_optical_frame,65,640,480,1,415.4,454.4,0.2980,0.8933,0.00432,2,0,,,,,6.83,166.79,1791448930.651284,3,0,0.0
exp4_rot_20261008_174201,1791448930.587237,camera_color_optical_frame,66,640,480,1,415.4,454.4,0.2981,0.8935,0.00431,2,0,,,,,8.87,200.15,1791448930.672376,3,0,0.0
exp4_rot_20261008_174201,1791448930.620595,camera_color_optical_frame,67,640,480,1,415.5,454.3,0.2984,0.8930,0.00428,2,1,1.000,0.6250,0.0940,0.2159,13.49,0.00,1791448930.714908,3,0,0.0
exp4_rot_20261008_174201,1791448930.653952,camera_color_optical_frame,68,640,480,1,415.4,454.5,0.2981,0.8936,0.00431,2,1,1.000,0.6250,0.0939,0.2160,12.83,0.00,1791448930.754637,3,0,0.0
exp4_rot_20261008_174201,1791448930.687310,camera_color_optical_frame,69,640,480,1,415.4,454.4,0.2981,0.8933,0.00432,2,1,1.000,0.6250,0.0939,0.2159,18.55,0.00,1791448930.800354,3,0,0.0
exp4_rot_20261008_174201,1791448930.720667,camera_color_optical_frame,70,640,480,1,415.4,454.4,0.2982,0.8932,0.00428,2,1,1.000,0.6230,0.0936,0.2152,18.98,0.00,1791448930.834159,3,0,0.0
exp4_rot_20261008_174201,1791448930.754025,camera_color_optical_frame,71,640,480,1,415.5,454.2,0.2985,0.8924,0.00428,2,1,1.000,0.6230,0.0937,0.2150,20.05,0.00,1791448930.870209,3,0,0.0
exp4_rot_20261008_174201,1791448930.787382,camera_color_optical_frame,72,640,480,1,415.4,454.4,0.2981,0.8934,0.00432,2,1,1.000,0.6230,0.0936,0.2153,19.77,0.00,1791448930.905725,3,0,0.0
exp4_rot_20261008_174201,1791448930.820740,camera_color_optical_frame,73,640,480,1,415.4,454.4,0.2980,0.8932,0.00433,2,1,1.000,0.6240,0.0937,0.2156,17.34,0.00,1791448930.937195,3,0,0.0
exp4_rot_20261008_174201,1791448930.854097,camera_color_optical_frame,74,640,480,1,415.4,454.5,0.2981,0.8936,0.00431,2,1,1.000,0.6240,0.0937,0.2157,17.88,0.00,1791448930.970767,3,0,0.0
exp4_rot_20261008_174201,1791448930.887454,camera_color_optical_frame,75,640,480,1,415.5,454.3,0.2984,0.8930,0.00428,2,1,1.000,0.6240,0.0939,0.2155,14.50,0.00,1791448931.001051,3,0,0.0
exp4_rot_20261008_174201,1791448930.920812,camera_color_optical_frame,76,640,480,1,415.6,454.1,0.2987,0.8922,0.00424,2,1,1.000,0.6240,0.0939,0.2153,14.17,0.00,1791448931.035435,3,0,0.0
exp4_rot_20261008_174201,1791448930.954169,camera_color_optical_frame,77,640,480,1,415.4,454.4,0.2981,0.8935,0.00431,2,1,1.000,0.6260,0.0940,0.2163,15.29,0.00,1791448931.074403,3,0,0.0
exp4_rot_20261008_174201,1791448930.987526,camera_color_optical_frame,78,640,480,1,415.4,454.5,0.2980,0.8937,0.00431,2,1,1.000,0.6250,0.0939,0.2160,14.80,0.00,1791448931.109109,3,0,0.0
exp4_rot_20261008_174201,1791448931.020884,camera_color_optical_frame,79,640,480,1,415.4,454.4,0.2980,0.8934,0.00432,2,1,1.000,0.6260,0.0940,0.2163,13.84,0.00,1791448931.141506,3,0,0.0
exp4_rot_20261008_174201,1791448931.054241,camera_color_optical_frame,80,640,480,1,415.4,454.4,0.2980,0.8933,0.00432,2,1,1.000,0.6240,0.0937,0.2156,14.82,0.00,1791448931.174433,3,0,0.0
exp4_rot_20261008_174201,1791448931.087598,camera_color_optical_frame,81,640,480,1,415.4,454.5,0.2981,0.8936,0.00431,2,1,1.000,0.6250,0.0939,0.2160,14.59,0.00,1791448931.207974,3,0,0.0
exp4_rot_20261008_174201,1791448931.120955,camera_color_optical_frame,82,640,480,1,415.3,454.5,0.2980,0.8939,0.00430,2,1,1.000,0.6230,0.0936,0.2154,14.08,0.00,1791448931.241003,3,0,0.0
exp4_rot_20261008_174201,1791448931.154317,camera_color_optical_frame,83,640,480,1,415.4,454.3,0.2980,0.8929,0.00434,2,1,1.000,0.6230,0.0936,0.2151,14.38,0.00,1791448931.275664,3,0,0.0
exp4_rot_20261008_174201,1791448931.187679,camera_color_optical_frame,84,640,480,1,415.4,454.3,0.2981,0.8929,0.00431,2,1,1.000,0.6260,0.0940,0.2162,13.89,0.00,1791448931.311167,3,0,0.0
exp4_rot_20261008_174201,1791448931.221041,camera_color_optical_frame,85,640,480,1,415.4,454.4,0.2981,0.8935,0.00431,2,1,1.000,0.6230,0.0936,0.2153,14.16,0.00,1791448931.343791,3,0,0.0
exp4_rot_20261008_174201,1791448931.254403,camera_color_optical_frame,86,640,480,1,415.4,454.5,0.2980,0.8937,0.00431,2,1,1.000,0.6230,0.0936,0.2153,13.06,0.00,1791448931.376318,3,0,0.0
exp4_rot_20261008_174201,1791448931.287765,camera_color_optical_frame,87,640,480,1,415.4,454.5,0.2980,0.8939,0.00429,2,1,1.000,0.6230,0.0936,0.2154,12.84,0.00,1791448931.409649,3,0,0.0
exp4_rot_20261008_174201,1791448931.321127,camera_color_optical_frame,88,640,480,1,415.4,454.4,0.2981,0.8934,0.00432,2,1,1.000,0.6250,0.0939,0.2159,15.38,0.00,1791448931.444857,3,0,0.0
exp4_rot_20261008_174201,1791448931.354489,camera_color_optical_frame,89,640,480,1,415.4,454.4,0.2980,0.8933,0.00427,2,0,,,,,10.75,33.36,1791448931.464410,3,0,0.0
exp4_rot_20261008_174201,1791448931.387851,camera_color_optical_frame,90,640,480,1,415.4,454.4,0.2981,0.8934,0.00432,2,1,1.000,0.6250,0.0939,0.2159,16.44,0.00,1791448931.500029,3,0,0.0
exp4_rot_20261008_174201,1791448931.421214,camera_color_optical_frame,91,640,480,1,415.3,454.2,0.2978,0.8925,0.00428,2,1,1.000,0.6260,0.0939,0.2161,14.92,0.00,1791448931.530900,3,0,0.0
exp4_rot_20261008_174201,1791448931.454576,camera_color_optical_frame,92,640,480,1,415.4,454.4,0.2981,0.8935,0.00431,2,1,1.000,0.6250,0.0939,0.2160,14.52,0.00,1791448931.563733,3,0,0.0
exp4_rot_20261008_174201,1791448931.487938,camera_color_optical_frame,93,640,480,1,415.4,454.5,0.2982,0.8936,0.00431,2,1,1.000,0.6240,0.0938,0.2157,13.78,0.00,1791448931.595285,3,0,0.0
exp4_rot_20261008_174201,1791448931.521300,camera_color_optical_frame,94,640,480,1,415.4,454.4,0.2981,0.8932,0.00432,2,1,1.000,0.6250,0.0939,0.2159,12.71,0.00,1791448931.629480,3,0,0.0
exp4_rot_20261008_174201,1791448931.554663,camera_color_optical_frame,95,640,480,1,415.3,454.5,0.2979,0.8936,0.00431,2,1,1.000,0.6250,0.0938,0.2160,13.01,0.00,1791448931.665718,3,0,0.0
exp4_rot_20261008_174201,1791448931.588025,camera_color_optical_frame,96,640,480,1,415.4,454.4,0.2981,0.8935,0.00431,2,1,1.000,0.6250,0.0939,0.2160,12.92,0.00,1791448931.697984,3,0,0.0
exp4_rot_20261008_174201,1791448931.621388,camera_color_optical_frame,97,640,480,1,415.4,454.4,0.2980,0.8934,0.00432,2,1,1.000,0.6250,0.0939,0.2160,12.24,0.00,1791448931.734634,3,0,0.0
exp4_rot_20261008_174201,1791448931.654750,camera_color_optical_frame,98,640,480,1,415.4,454.3,0.2983,0.8929,0.00432,2,1,1.000,0.6260,0.0941,0.2162,11.91,0.00,1791448931.770753,3,0,0.0
exp4_rot_20261008_174201,1791448931.688113,camera_color_optical_frame,99,640,480,1,415.3,454.5,0.2980,0.8939,0.00430,2,1,1.000,0.6250,0.0939,0.2161,11.27,0.00,1791448931.806366,3,0,0.0
exp4_rot_20261008_174201,1791448931.721475,camera_color_optical_frame,100,640,480,1,415.4,454.3,0.2980,0.8930,0.00434,2,1,1.000,0.6240,0.0937,0.2155,13.42,0.00,1791448931.839058,3,0,0.0
exp4_rot_20261008_174201,1791448931.754838,camera_color_optical_frame,101,640,480,1,415.4,454.4,0.2980,0.8933,0.00432,2,1,1.000,0.6230,0.0936,0.2152,11.84,0.00,1791448931.874549,3,0,0.0
exp4_rot_20261008_174201,1791448931.788201,camera_color_optical_frame,102,640,480,1,415.4,454.4,0.2981,0.8934,0.00432,2,1,1.000,0.6230,0.0936,0.2153,10.97,0.00,1791448931.912875,3,0,0.0
exp4_rot_20261008_174201,1791448931.821563,camera_color_optical_frame,103,640,480,1,415.4,454.5,0.2980,0.8936,0.00431,2,1,1.000,0.6250,0.0939,0.2160,11.20,0.00,1791448931.948854,3,0,0.0
exp4_rot_20261008_174201,1791448931.854926,camera_color_optical_frame,104,640,480,1,415.4,454.4,0.2981,0.8935,0.00431,2,1,1.000,0.6250,0.0939,0.2160,14.01,0.00,1791448931.983311,3,0,0.0
exp4_rot_20261008_174201,1791448931.888289,camera_color_optical_frame,105,640,480,1,415.5,454.4,0.2983,0.8932,0.00431,2,1,1.000,0.6250,0.0940,0.2159,11.20,0.00,1791448932.020776,3,0,0.0
exp4_rot_20261008_174201,1791448931.921652,camera_color_optical_frame,106,640,480,1,415.3,454.4,0.2978,0.8933,0.00430,2,1,1.000,0.6250,0.0938,0.2159,12.24,0.00,1791448932.053407,3,0,0.0
exp4_rot_20261008_174201,1791448931.955015,camera_color_optical_frame,107,640,480,1,415.4,454.3,0.2982,0.8929,0.00430,2,1,1.000,0.6240,0.0938,0.2155,13.27,0.00,1791448932.094275,3,0,0.0
exp4_rot_20261008_174201,1791448931.988378,camera_color_optical_frame,108,640,480,1,415.5,454.3,0.2984,0.8929,0.00428,2,1,1.000,0.6260,0.0942,0.2162,12.04,0.00,1791448932.124610,3,0,0.0
exp4_rot_20261008_174201,1791448932.021741,camera_color_optical_frame,109,640,480,1,415.4,454.3,0.2981,0.8930,0.00434,2,1,1.000,0.6250,0.0939,0.2158,18.04,0.00,1791448932.169332,3,0,0.0
exp4_rot_20261008_174201,1791448932.055104,camera_color_optical_frame,110,640,480,1,415.4,454.3,0.2982,0.8931,0.00433,2,1,1.000,0.6240,0.0938,0.2155,12.87,0.00,1791448932.197531,3,0,0.0
exp4_rot_20261008_174201,1791448932.088467,camera_color_optical_frame,111,640,480,1,415.4,454.3,0.2980,0.8931,0.00429,2,1,1.000,0.6260,0.0940,0.2162,13.81,0.00,1791448932.238268,3,0,0.0
exp4_rot_20261008_174201,1791448932.121831,camera_color_optical_frame,112,640,480,1,415.4,454.2,0.2982,0.8926,0.00429,2,1,1.000,0.6250,0.0939,0.2157,12.26,0.00,1791448932.273448,3,0,0.0
exp4_rot_20261008_174201,1791448932.155195,camera_color_optical_frame,113,640,480,1,415.4,454.3,0.2982,0.8927,0.00431,2,1,1.000,0.6260,0.0941,0.2161,14.11,0.00,1791448932.312925,3,0,0.0
exp4_rot_20261008_174201,1791448932.188558,camera_color_optical_frame,114,640,480,1,415.4,454.5,0.2981,0.8936,0.00431,2,1,1.000,0.6240,0.0937,0.2157,13.12,0.00,1791448932.348958,3,0,0.0
exp4_rot_20261008_174201,1791448932.221922,camera_color_optical_frame,115,640,480,1,415.4,454.4,0.2980,0.8935,0.00431,2,1,1.000,0.6250,0.0939,0.2160,12.09,0.00,1791448932.387256,3,0,0.0
exp4_rot_20261008_174201,1791448932.255286,camera_color_optical_frame,116,640,480,1,415.4,454.4,0.2980,0.8933,0.00432,2,1,1.000,0.6250,0.0939,0.2159,13.38,0.00,1791448932.423890,3,0,0.0
exp4_rot_20261008_174201,1791448932.288650,camera_color_optical_frame,117,640,480,1,415.5,454.4,0.2983,0.8932,0.00428,2,1,1.000,0.6250,0.0940,0.2159,11.83,0.00,1791448932.461290,3,0,0.0
exp4_rot_20261008_174201,1791448932.322014,camera_color_optical_frame,118,640,480,1,415.4,454.4,0.2981,0.8934,0.00432,2,1,1.000,0.6240,0.0938,0.2156,12.12,0.00,1791448932.493460,3,0,0.0
exp4_rot_20261008_174201,1791448932.355378,camera_color_optical_frame,119,640,480,1,415.5,454.2,0.2985,0.8925,0.00429,2,1,1.000,0.6240,0.0939,0.2154,12.95,0.00,1791448932.533545,3,0,0.0
exp4_rot_20261008_174201,1791448932.388742,camera_color_optical_frame,120,640,480,1,415.4,454.4,0.2981,0.8932,0.00433,2,1,1.000,0.6260,0.0940,0.2163,13.97,0.00,1791448932.574619,3,0,0.0
exp4_rot_20261008_174201,1791448932.422106,camera_color_optical_frame,121,640,480,1,415.4,454.4,0.2983,0.8933,0.00430,2,1,1.000,0.6250,0.0940,0.2159,13.20,0.00,1791448932.611484,3,0,0.0
exp4_rot_20261008_174201,1791448932.455471,camera_color_optical_frame,122,640,480,1,415.4,454.4,0.2981,0.8933,0.00432,2,1,1.000,0.6240,0.0938,0.2156,13.58,0.00,1791448932.654230,3,0,0.0
exp4_rot_20261008_174201,1791448932.488835,camera_color_optical_frame,123,640,480,1,415.5,454.3,0.2983,0.8928,0.00435,2,1,1.000,0.6240,0.0938,0.2155,12.53,0.00,1791448932.691396,3,0,0.0
exp4_rot_20261008_174201,1791448932.522199,camera_color_optical_frame,124,640,480,1,415.5,454.3,0.2983,0.8927,0.00429,2,1,1.000,0.6230,0.0937,0.2151,12.08,0.00,1791448932.736124,3,0,0.0
exp4_rot_20261008_174201,1791448932.555563,camera_color_optical_frame,125,640,480,1,415.3,454.5,0.2980,0.8936,0.00431,2,1,1.000,0.6260,0.0940,0.2164,13.88,0.00,1791448932.771599,3,0,0.0
exp4_rot_20261008_174201,1791448932.622292,camera_color_optical_frame,126,640,480,1,415.4,454.4,0.2981,0.8935,0.00431,2,1,1.000,0.6250,0.0939,0.2160,13.50,0.00,1791448932.815166,3,0,0.0
exp4_rot_20261008_174201,1791448932.655656,camera_color_optical_frame,127,640,480,1,415.5,454.1,0.2984,0.8922,0.00426,2,1,1.000,0.6230,0.0937,0.2150,13.03,0.00,1791448932.853278,3,0,0.0
exp4_rot_20261008_174201,1791448932.689021,camera_color_optical_frame,128,640,480,1,415.4,454.5,0.2980,0.8936,0.00431,2,1,1.000,0.6250,0.0939,0.2160,12.48,0.00,1791448932.893891,3,0,0.0
exp4_rot_20261008_174201,1791448932.722385,camera_color_optical_frame,129,640,480,1,415.4,454.5,0.2981,0.8938,0.00430,2,1,1.000,0.6250,0.0939,0.2160,12.03,0.00,1791448932.927222,3,0,0.0
exp4_rot_20261008_174201,1791448932.755750,camera_color_optical_frame,130,640,480,1,415.4,454.4,0.2981,0.8934,0.00432,2,1,1.000,0.6250,0.0939,0.2160,12.05,0.00,1791448932.965458,3,0,0.0
exp4_rot_20261008_174201,1791448932.822480,camera_color_optical_frame,131,640,480,1,415.4,454.4,0.2983,0.8931,0.00429,2,1,1.000,0.6250,0.0940,0.2159,11.98,0.00,1791448933.005313,3,0,0.0
exp4_rot_20261008_174201,1791448932.855844,camera_color_optical_frame,132,640,480,1,415.4,454.4,0.2983,0.8933,0.00430,2,1,1.000,0.6250,0.0940,0.2159,11.45,0.00,1791448933.038543,3,0,0.0
exp4_rot_20261008_174201,1791448932.889210,camera_color_optical_frame,133,640,480,1,415.3,454.4,0.2979,0.8933,0.00430,2,1,1.000,0.6240,0.0937,0.2156,13.02,0.00,1791448933.074126,3,0,0.0
exp4_rot_20261008_174201,1791448932.922574,camera_color_optical_frame,134,640,480,1,415.4,454.5,0.2981,0.8936,0.00431,2,1,1.000,0.6240,0.0938,0.2157,13.46,0.00,1791448933.111585,3,0,0.0
exp4_rot_20261008_174201,1791448932.955939,camera_color_optical_frame,135,640,480,1,415.5,454.3,0.2984,0.8928,0.00429,2,1,1.000,0.6250,0.0940,0.2158,11.16,0.00,1791448933.148746,3,0,0.0
exp4_rot_20261008_174201,1791448932.989304,camera_color_optical_frame,136,640,480,1,415.6,454.2,0.2986,0.8924,0.00426,2,0,,,,,7.20,33.36,1791448933.164749,3,0,0.0
exp4_rot_20261008_174201,1791448933.022669,camera_color_optical_frame,137,640,480,1,415.4,454.4,0.2981,0.8935,0.00431,2,0,,,,,10.13,66.73,1791448933.185399,3,0,0.0
exp4_rot_20261008_174201,1791448933.056034,camera_color_optical_frame,138,640,480,1,415.4,454.5,0.2981,0.8938,0.00430,2,0,,,,,9.25,100.10,1791448933.203230,3,0,0.0
exp4_rot_20261008_174201,1791448933.122760,camera_color_optical_frame,139,640,480,1,415.4,454.4,0.2981,0.8935,0.00431,2,0,,,,,6.82,166.82,1791448933.220125,3,0,0.0
exp4_rot_20261008_174201,1791448933.156132,camera_color_optical_frame,140,640,480,1,415.4,454.4,0.2981,0.8934,0.00432,2,0,,,,,9.65,200.19,1791448933.239548,3,0,0.0
exp4_rot_20261008_174201,1791448933.189504,camera_color_optical_frame,141,640,480,1,415.5,454.3,0.2984,0.8929,0.00426,2,1,1.000,0.6240,0.0939,0.2155,14.08,0.00,1791448933.279122,3,0,0.0
exp4_rot_20261008_174201,1791448933.222877,camera_color_optical_frame,142,640,480,1,415.4,454.4,0.2981,0.8934,0.00432,2,1,1.000,0.6250,0.0939,0.2159,12.58,0.00,1791448933.317685,3,0,0.0
exp4_rot_20261008_174201,1791448933.256249,camera_color_optical_frame,143,640,480,1,415.4,454.4,0.2980,0.8933,0.00432,2,1,1.000,0.6240,0.0937,0.2156,12.59,0.00,1791448933.353848,3,0,0.0
exp4_rot_20261008_174201,1791448933.289622,camera_color_optical_frame,144,640,480,1,415.3,454.3,0.2980,0.8927,0.00430,2,1,1.000,0.6260,0.0940,0.2161,12.27,0.00,1791448933.392272,3,0,0.0
exp4_rot_20261008_174201,1791448933.322994,camera_color_optical_frame,145,640,480,1,415.5,454.3,0.2983,0.8928,0.00427,2,1,1.000,0.6230,0.0937,0.2151,12.47,0.00,1791448933.430601,3,0,0.0
exp4_rot_20261008_174201,1791448933.356368,camera_color_optical_frame,146,640,480,1,415.4,454.4,0.2981,0.8932,0.00432,2,1,1.000,0.6260,0.0941,0.2163,12.17,0.00,1791448933.469022,3,0,0.0
exp4_rot_20261008_174201,1791448933.389741,camera_color_optical_frame,147,640,480,1,415.4,454.4,0.2980,0.8933,0.00432,2,1,1.000,0.6240,0.0937,0.2156,11.84,0.00,1791448933.503483,3,0,0.0
exp4_rot_20261008_174201,1791448933.423114,camera_color_optical_frame,148,640,480,1,415.4,454.5,0.2980,0.8938,0.00430,2,1,1.000,0.6250,0.0939,0.2161,13.39,0.00,1791448933.538905,3,0,0.0
exp4_rot_20261008_174201,1791448933.456487,camera_color_optical_frame,149,640,480,1,415.4,454.4,0.2980,0.8933,0.00432,2,1,1.000,0.6260,0.0940,0.2163,12.86,0.00,1791448933.575564,3,0,0.0
exp4_rot_20261008_174201,1791448933.489860,camera_color_optical_frame,150,640,480,1,415.4,454.4,0.2981,0.8934,0.00432,2,1,1.000,0.6250,0.0939,0.2159,13.42,0.00,1791448933.613529,3,0,0.0
exp4_rot_20261008_174201,1791448933.523234,camera_color_optical_frame,151,640,480,1,415.4,454.3,0.2981,0.8930,0.00429,2,1,1.000,0.6250,0.0939,0.2158,12.68,0.00,1791448933.653509,3,0,0.0
exp4_rot_20261008_174201,1791448933.556607,camera_color_optical_frame,152,640,480,1,415.4,454.4,0.2980,0.8933,0.00432,2,1,1.000,0.6250,0.0939,0.2159,12.30,0.00,1791448933.690436,3,0,0.0
exp4_rot_20261008_174201,1791448933.589981,camera_color_optical_frame,153,640,480,1,415.5,454.3,0.2983,0.8931,0.00428,2,1,1.000,0.6230,0.0937,0.2152,11.64,0.00,1791448933.729022,3,0,0.0
exp4_rot_20261008_174201,1791448933.623355,camera_color_optical_frame,154,640,480,1,415.3,454.5,0.2979,0.8938,0.00430,2,1,1.000,0.6240,0.0937,0.2157,11.37,0.00,1791448933.768956,3,0,0.0
exp4_rot_20261008_174201,1791448933.656729,camera_color_optical_frame,155,640,480,1,415.4,454.4,0.2980,0.8933,0.00432,2,1,1.000,0.6240,0.0937,0.2156,11.11,0.00,1791448933.803459,3,0,0.0
exp4_rot_20261008_174201,1791448933.690103,camera_color_optical_frame,156,640,480,1,415.4,454.4,0.2981,0.8935,0.00431,2,1,1.000,0.6250,0.0939,0.2160,13.28,0.00,1791448933.839257,3,0,0.0
exp4_rot_20261008_174201,1791448933.723477,camera_color_optical_frame,157,640,480,1,415.4,454.4,0.2981,0.8935,0.00431,2,1,1.000,0.6230,0.0936,0.2153,15.43,0.00,1791448933.876868,3,0,0.0
exp4_rot_20261008_174201,1791448933.756852,camera_color_optical_frame,158,640,480,1,415.4,454.3,0.2981,0.8928,0.00432,2,0,,,,,9.41,33.37,1791448933.898354,3,0,0.0
exp4_rot_20261008_174201,1791448933.823601,camera_color_optical_frame,159,640,480,1,415.4,454.3,0.2983,0.8931,0.00426,2,0,,,,,7.50,100.12,1791448933.916159,3,0,0.0
exp4_rot_20261008_174201,1791448933.856976,camera_color_optical_frame,160,640,480,1,415.4,454.3,0.2980,0.8931,0.00433,2,0,,,,,12.20,133.50,1791448933.934913,3,0,0.0
exp4_rot_20261008_174201,1791448933.890350,camera_color_optical_frame,161,640,480,1,415.4,454.5,0.2981,0.8937,0.00431,2,1,1.000,0.6260,0.0940,0.2164,12.47,0.00,1791448933.979233,3,0,0.0
exp4_rot_20261008_174201,1791448933.923725,camera_color_optical_frame,162,640,480,1,415.5,454.2,0.2985,0.8924,0.00427,2,1,1.000,0.6250,0.0940,0.2157,11.81,0.00,1791448934.018320,3,0,0.0
exp4_rot_20261008_174201,1791448933.957100,camera_color_optical_frame,163,640,480,1,415.4,454.4,0.2980,0.8932,0.00433,2,1,1.000,0.6250,0.0939,0.2159,12.62,0.00,1791448934.055276,3,0,0.0
exp4_rot_20261008_174201,1791448933.990476,camera_color_optical_frame,164,640,480,1,415.4,454.3,0.2981,0.8931,0.00429,2,1,1.000,0.6260,0.0941,0.2162,12.17,0.00,1791448934.093202,3,0,0.0
exp4_rot_20261008_174201,1791448934.023851,camera_color_optical_frame,165,640,480,1,415.3,454.4,0.2980,0.8935,0.00431,2,1,1.000,0.6250,0.0939,0.2160,12.83,0.00,1791448934.131465,3,0,0.0
exp4_rot_20261008_174201,1791448934.057226,camera_color_optical_frame,166,640,480,1,415.3,454.4,0.2979,0.8935,0.00431,2,1,1.000,0.6260,0.0940,0.2163,11.46,0.00,1791448934.169359,3,0,0.0
exp4_rot_20261008_174201,1791448934.090602,camera_color_optical_frame,167,640,480,1,415.5,454.1,0.2986,0.8922,0.00427,2,1,1.000,0.6240,0.0939,0.2153,11.39,0.00,1791448934.207544,3,0,0.0
exp4_rot_20261008_174201,1791448934.123977,camera_color_optical_frame,168,640,480,1,415.4,454.5,0.2981,0.8938,0.00430,2,1,1.000,0.6250,0.0939,0.2161,14.20,0.00,1791448934.241303,3,0,0.0
exp4_rot_20261008_174201,1791448934.157340,camera_color_optical_frame,169,640,480,1,415.4,454.3,0.2980,0.8931,0.00433,2,1,1.000,0.6230,0.0936,0.2152,14.08,0.00,1791448934.281722,3,0,0.0
exp4_rot_20261008_174201,1791448934.190703,camera_color_optical_frame,170,640,480,1,415.4,454.4,0.2981,0.8934,0.00432,2,1,1.000,0.6240,0.0938,0.2156,10.27,0.00,1791448934.324275,3,0,0.0
exp4_rot_20261008_174201,1791448934.224066,camera_color_optical_frame,171,640,480,1,415.4,454.4,0.2982,0.8933,0.00428,2,1,1.000,0.6240,0.0938,0.2156,11.79,0.00,1791448934.358284,3,0,0.0
exp4_rot_20261008_174201,1791448934.257429,camera_color_optical_frame,172,640,480,1,415.4,454.5,0.2981,0.8937,0.00431,2,1,1.000,0.6250,0.0939,0.2160,12.01,0.00,1791448934.396491,3,0,0.0
exp4_rot_20261008_174201,1791448934.290791,camera_color_optical_frame,173,640,480,1,415.4,454.4,0.2980,0.8933,0.00432,2,1,1.000,0.6230,0.0936,0.2152,13.56,0.00,1791448934.434489,3,0,0.0
exp4_rot_20261008_174201,1791448934.324154,camera_color_optical_frame,174,640,480,1,415.4,454.4,0.2981,0.8935,0.00431,2,0,,,,,9.68,33.36,1791448934.453921,3,0,0.0
exp4_rot_20261008_174201,1791448934.390880,camera_color_optical_frame,175,640,480,1,415.5,454.4,0.2984,0.8934,0.00427,2,0,,,,,9.35,100.09,1791448934.474872,3,0,0.0
exp4_rot_20261008_174201,1791448934.424243,camera_color_optical_frame,176,640,480,1,415.5,454.3,0.2985,0.8929,0.00427,2,1,1.000,0.6240,0.0939,0.2155,12.96,0.00,1791448934.515269,3,0,0.0
exp4_rot_20261008_174201,1791448934.457606,camera_color_optical_frame,177,640,480,1,415.4,454.3,0.2982,0.8930,0.00430,2,1,1.000,0.6250,0.0939,0.2159,12.48,0.00,1791448934.555196,3,0,0.0
exp4_rot_20261008_174201,1791448934.490969,camera_color_optical_frame,178,640,480,1,415.5,454.3,0.2986,0.8931,0.00425,2,1,1.000,0.6250,0.0941,0.2159,11.81,0.00,1791448934.594390,3,0,0.0
exp4_rot_20261008_174201,1791448934.524332,camera_color_optical_frame,179,640,480,1,415.5,454.4,0.2983,0.8932,0.00428,2,1,1.000,0.6250,0.0940,0.2159,11.31,0.00,1791448934.628026,3,0,0.0
exp4_rot_20261008_174201,1791448934.557695,camera_color_optical_frame,180,640,480,1,415.4,454.5,0.2981,0.8938,0.00430,2,1,1.000,0.6240,0.0937,0.2157,13.53,0.00,1791448934.667009,3,0,0.0
exp4_rot_20261008_174201,1791448934.591058,camera_color_optical_frame,181,640,480,1,415.4,454.4,0.2981,0.8934,0.00432,2,1,1.000,0.6250,0.0939,0.2159,15.05,0.00,1791448934.703424,3,0,0.0
exp4_rot_20261008_174201,1791448934.624420,camera_color_optical_frame,182,640,480,1,415.5,454.4,0.2984,0.8931,0.00426,2,1,1.000,0.6240,0.0938,0.2155,12.46,0.00,1791448934.739760,3,0,0.0
exp4_rot_20261008_174201,1791448934.657784,camera_color_optical_frame,183,640,480,1,415.4,454.4,0.2981,0.8935,0.00431,2,1,1.000,0.6270,0.0942,0.2167,13.48,0.00,1791448934.778339,3,0,0.0
exp4_rot_20261008_174201,1791448934.691146,camera_color_optical_frame,184,640,480,1,415.3,454.4,0.2979,0.8933,0.00432,2,1,1.000,0.6240,0.0937,0.2156,12.27,0.00,1791448934.817894,3,0,0.0
exp4_rot_20261008_174201,1791448934.724509,camera_color_optical_frame,185,640,480,1,415.4,454.4,0.2981,0.8933,0.00432,2,1,1.000,0.6250,0.0939,0.2159,13.58,0.00,1791448934.858306,3,0,0.0
exp4_rot_20261008_174201,1791448934.757873,camera_color_optical_frame,186,640,480,1,415.4,454.4,0.2980,0.8935,0.00431,2,1,1.000,0.6270,0.0942,0.2167,14.56,0.00,1791448934.894544,3,0,0.0
exp4_rot_20261008_174201,1791448934.791235,camera_color_optical_frame,187,640,480,1,415.4,454.4,0.2980,0.8934,0.00432,2,1,1.000,0.6260,0.0940,0.2163,15.31,0.00,1791448934.929478,3,0,0.0
exp4_rot_20261008_174201,1791448934.824598,camera_color_optical_frame,188,640,480,1,415.4,454.4,0.2981,0.8935,0.00431,2,1,1.000,0.6260,0.0940,0.2163,15.05,0.00,1791448934.962995,3,0,0.0
exp4_rot_20261008_174201,1791448934.857961,camera_color_optical_frame,189,640,480,1,415.5,454.3,0.2985,0.8928,0.00427,2,1,1.000,0.6250,0.0940,0.2158,15.04,0.00,1791448934.996590,3,0,0.0
exp4_rot_20261008_174201,1791448934.891324,camera_color_optical_frame,190,640,480,1,415.4,454.5,0.2980,0.8936,0.00431,2,1,1.000,0.6240,0.0937,0.2156,15.14,0.00,1791448935.030342,3,0,0.0
exp4_rot_20261008_174201,1791448934.924687,camera_color_optical_frame,191,640,480,1,415.4,454.5,0.2980,0.8936,0.00431,2,1,1.000,0.6230,0.0936,0.2153,13.49,0.00,1791448935.059988,3,0,0.0
exp4_rot_20261008_174201,1791448934.958050,camera_color_optical_frame,192,640,480,1,415.4,454.4,0.2981,0.8935,0.00431,2,1,1.000,0.6260,0.0940,0.2163,14.32,0.00,1791448935.097280,3,0,0.0
exp4_rot_20261008_174201,1791448934.991413,camera_color_optical_frame,193,640,480,1,415.4,454.4,0.2980,0.8935,0.00431,2,1,1.000,0.6250,0.0939,0.2160,16.53,0.00,1791448935.133467,3,0,0.0
exp4_rot_20261008_174201,1791448935.024776,camera_color_optical_frame,194,640,480,1,415.3,454.3,0.2979,0.8930,0.00433,2,1,1.000,0.6250,0.0939,0.2159,18.08,0.00,1791448935.168941,3,0,0.0
exp4_rot_20261008_174201,1791448935.058140,camera_color_optical_frame,195,640,480,1,415.5,454.2,0.2983,0.8927,0.00426,2,1,1.000,0.6240,0.0938,0.2154,14.40,0.00,1791448935.199398,3,0,0.0
exp4_rot_20261008_174201,1791448935.091502,camera_color_optical_frame,196,640,480,1,415.4,454.4,0.2981,0.8934,0.00432,2,1,1.000,0.6270,0.0942,0.2166,16.36,0.00,1791448935.235012,3,0,0.0
exp4_rot_20261008_174201,1791448935.124855,camera_color_optical_frame,197,640,480,1,415.5,454.2,0.2984,0.8925,0.00428,2,1,1.000,0.6250,0.0940,0.2157,17.32,0.00,1791448935.269961,3,0,0.0
exp4_rot_20261008_174201,1791448935.158208,camera_color_optical_frame,198,640,480,1,415.4,454.4,0.2981,0.8934,0.00432,2,1,1.000,0.6250,0.0939,0.2159,17.12,0.00,1791448935.303449,3,0,0.0
exp4_rot_20261008_174201,1791448935.191560,camera_color_optical_frame,199,640,480,1,415.4,454.5,0.2980,0.8937,0.00431,2,1,1.000,0.6260,0.0940,0.2164,15.37,0.00,1791448935.334856,3,0,0.0
exp4_rot_20261008_174201,1791448935.224912,camera_color_optical_frame,200,640,480,1,415.6,453.9,0.2987,0.8915,0.00425,2,1,1.000,0.6250,0.0941,0.2155,12.54,0.00,1791448935.366590,3,0,0.0
exp4_rot_20261008_174201,1791448935.258265,camera_color_optical_frame,201,640,480,1,415.4,454.4,0.2981,0.8935,0.00431,2,1,1.000,0.6250,0.0939,0.2160,13.10,0.00,1791448935.405938,3,0,0.0
exp4_rot_20261008_174201,1791448935.291617,camera_color_optical_frame,202,640,480,1,415.4,454.4,0.2980,0.8934,0.00432,2,1,1.000,0.6250,0.0939,0.2160,13.95,0.00,1791448935.440878,3,0,0.0
exp4_rot_20261008_174201,1791448935.324969,camera_color_optical_frame,203,640,480,1,415.3,454.3,0.2978,0.8930,0.00429,2,1,1.000,0.6250,0.0938,0.2159,19.30,0.00,1791448935.476989,3,0,0.0
exp4_rot_20261008_174201,1791448935.391673,camera_color_optical_frame,204,640,480,1,415.3,454.6,0.2980,0.8940,0.00429,2,0,,,,,13.31,66.70,1791448935.499448,3,0,0.0
exp4_rot_20261008_174201,1791448935.425025,camera_color_optical_frame,205,640,480,1,415.4,454.5,0.2982,0.8937,0.00431,2,0,,,,,10.49,100.06,1791448935.518037,3,0,0.0
exp4_rot_20261008_174201,1791448935.458377,camera_color_optical_frame,206,640,480,1,415.4,454.4,0.2981,0.8932,0.00432,2,1,1.000,0.6250,0.0939,0.2159,13.92,0.00,1791448935.553174,3,0,0.0
exp4_rot_20261008_174201,1791448935.491729,camera_color_optical_frame,207,640,480,1,415.4,454.4,0.2980,0.8935,0.00431,2,1,1.000,0.6250,0.0939,0.2160,14.05,0.00,1791448935.586906,3,0,0.0
exp4_rot_20261008_174201,1791448935.525080,camera_color_optical_frame,208,640,480,1,415.4,454.5,0.2980,0.8937,0.00430,2,1,1.000,0.6250,0.0939,0.2160,10.31,0.00,1791448935.617435,3,0,0.0
exp4_rot_20261008_174201,1791448935.558432,camera_color_optical_frame,209,640,480,1,415.3,454.3,0.2980,0.8929,0.00434,2,1,1.000,0.6240,0.0937,0.2155,11.70,0.00,1791448935.655226,3,0,0.0
exp4_rot_20261008_174201,1791448935.591783,camera_color_optical_frame,210,640,480,1,415.4,454.5,0.2981,0.8940,0.00429,2,1,1.000,0.6250,0.0939,0.2161,12.63,0.00,1791448935.692185,3,0,0.0
exp4_rot_20261008_174201,1791448935.625135,camera_color_optical_frame,211,640,480,1,415.4,454.5,0.2980,0.8937,0.00431,2,1,1.000,0.6260,0.0940,0.2164,17.50,0.00,1791448935.731352,3,0,0.0
exp4_rot_20261008_174201,1791448935.658486,camera_color_optical_frame,212,640,480,1,415.4,454.4,0.2981,0.8933,0.00432,2,1,1.000,0.6250,0.0939,0.2159,14.99,0.00,1791448935.765600,3,0,0.0
exp4_rot_20261008_174201,1791448935.691837,camera_color_optical_frame,213,640,480,1,415.4,454.4,0.2982,0.8935,0.00427,2,1,1.000,0.6250,0.0939,0.2160,14.71,0.00,1791448935.799717,3,0,0.0
exp4_rot_20261008_174201,1791448935.725188,camera_color_optical_frame,214,640,480,1,415.5,454.3,0.2985,0.8928,0.00431,2,1,1.000,0.6230,0.0937,0.2151,15.93,0.00,1791448935.833745,3,0,0.0
exp4_rot_20261008_174201,1791448935.758539,camera_color_optical_frame,215,640,480,1,415.4,454.4,0.2980,0.8931,0.00433,2,1,1.000,0.6250,0.0939,0.2159,15.68,0.00,1791448935.867729,3,0,0.0
exp4_rot_20261008_174201,1791448935.791891,camera_color_optical_frame,216,640,480,1,415.4,454.4,0.2981,0.8934,0.00429,2,1,1.000,0.6230,0.0936,0.2153,14.54,0.00,1791448935.901643,3,0,0.0
exp4_rot_20261008_174201,1791448935.825242,camera_color_optical_frame,217,640,480,1,415.4,454.5,0.2981,0.8937,0.00431,2,1,1.000,0.6250,0.0939,0.2160,15.65,0.00,1791448935.935622,3,0,0.0
exp4_rot_20261008_174201,1791448935.858592,camera_color_optical_frame,218,640,480,1,415.4,454.5,0.2980,0.8938,0.00430,2,1,1.000,0.6260,0.0940,0.2164,16.33,0.00,1791448935.971192,3,0,0.0
exp4_rot_20261008_174201,1791448935.891943,camera_color_optical_frame,219,640,480,1,415.4,454.4,0.2982,0.8932,0.00429,2,1,1.000,0.6270,0.0942,0.2166,14.75,0.00,1791448936.003714,3,0,0.0
exp4_rot_20261008_174201,1791448935.925294,camera_color_optical_frame,220,640,480,1,415.4,454.4,0.2982,0.8931,0.00428,2,1,1.000,0.6250,0.0939,0.2159,15.26,0.00,1791448936.037939,3,0,0.0
exp4_rot_20261008_174201,1791448935.958645,camera_color_optical_frame,221,640,480,1,415.3,454.3,0.2978,0.8929,0.00430,2,1,1.000,0.6270,0.0941,0.2165,16.44,0.00,1791448936.073847,3,0,0.0
exp4_rot_20261008_174201,1791448935.991995,camera_color_optical_frame,222,640,480,1,415.4,454.5,0.2981,0.8939,0.00430,2,1,1.000,0.6250,0.0939,0.2161,14.84,0.00,1791448936.105778,3,0,0.0
exp4_rot_20261008_174201,1791448936.025346,camera_color_optical_frame,223,640,480,1,415.6,454.3,0.2986,0.8931,0.00424,2,1,1.000,0.6240,0.0939,0.2155,13.71,0.00,1791448936.139300,3,0,0.0
exp4_rot_20261008_174201,1791448936.058696,camera_color_optical_frame,224,640,480,1,415.3,454.4,0.2979,0.8933,0.00432,2,1,1.000,0.6270,0.0941,0.2166,14.52,0.00,1791448936.173044,3,0,0.0
exp4_rot_20261008_174201,1791448936.092047,camera_color_optical_frame,225,640,480,1,415.4,454.5,0.2980,0.8936,0.00429,2,1,1.000,0.6250,0.0939,0.2160,13.53,0.00,1791448936.206733,3,0,0.0
exp4_rot_20261008_174201,1791448936.125408,camera_color_optical_frame,226,640,480,1,415.4,454.5,0.2980,0.8936,0.00431,2,1,1.000,0.6250,0.0939,0.2160,12.96,0.00,1791448936.239856,3,0,0.0
exp4_rot_20261008_174201,1791448936.158780,camera_color_optical_frame,227,640,480,1,415.4,454.4,0.2982,0.8935,0.00431,2,1,1.000,0.6240,0.0938,0.2156,14.22,0.00,1791448936.272591,3,0,0.0
exp4_rot_20261008_174201,1791448936.192152,camera_color_optical_frame,228,640,480,1,415.4,454.4,0.2980,0.8935,0.00431,2,1,1.000,0.6240,0.0937,0.2156,15.97,0.00,1791448936.314098,3,0,0.0
exp4_rot_20261008_174201,1791448936.225525,camera_color_optical_frame,229,640,480,1,415.4,454.5,0.2980,0.8936,0.00431,2,1,1.000,0.6250,0.0939,0.2160,16.49,0.00,1791448936.352009,3,0,0.0
exp4_rot_20261008_174201,1791448936.258897,camera_color_optical_frame,230,640,480,1,415.4,454.4,0.2981,0.8935,0.00431,2,1,1.000,0.6250,0.0939,0.2160,13.66,0.00,1791448936.384574,3,0,0.0
exp4_rot_20261008_174201,1791448936.292270,camera_color_optical_frame,231,640,480,1,415.3,454.4,0.2979,0.8934,0.00432,2,1,1.000,0.6230,0.0936,0.2153,13.49,0.00,1791448936.416257,3,0,0.0
exp4_rot_20261008_174201,1791448936.325642,camera_color_optical_frame,232,640,480,1,415.3,454.5,0.2979,0.8936,0.00431,2,1,1.000,0.6250,0.0938,0.2160,12.19,0.00,1791448936.445154,3,0,0.0
exp4_rot_20261008_174201,1791448936.359015,camera_color_optical_frame,233,640,480,1,415.4,454.2,0.2982,0.8924,0.00431,2,1,1.000,0.6230,0.0936,0.2150,11.26,0.00,1791448936.478157,3,0,0.0
exp4_rot_20261008_174201,1791448936.392388,camera_color_optical_frame,234,640,480,1,415.4,454.4,0.2981,0.8934,0.00432,2,1,1.000,0.6260,0.0941,0.2163,12.33,0.00,1791448936.513791,3,0,0.0
exp4_rot_20261008_174201,1791448936.425761,camera_color_optical_frame,235,640,480,1,415.3,454.5,0.2979,0.8939,0.00429,2,1,1.000,0.6250,0.0938,0.2161,14.17,0.00,1791448936.551230,3,0,0.0
exp4_rot_20261008_174201,1791448936.459134,camera_color_optical_frame,236,640,480,1,415.3,454.4,0.2978,0.8933,0.00429,2,0,,,,,10.69,33.37,1791448936.569349,3,0,0.0
exp4_rot_20261008_174201,1791448936.492507,camera_color_optical_frame,237,640,480,1,415.4,454.4,0.2980,0.8935,0.00431,2,1,1.000,0.6250,0.0939,0.2160,16.18,0.00,1791448936.600572,3,0,0.0
exp4_rot_20261008_174201,1791448936.525880,camera_color_optical_frame,238,640,480,1,415.4,454.4,0.2980,0.8935,0.00431,2,0,,,,,9.12,33.37,1791448936.616047,3,0,0.0
exp4_rot_20261008_174201,1791448936.559253,camera_color_optical_frame,239,640,480,1,415.5,454.2,0.2985,0.8925,0.00427,2,1,1.000,0.6250,0.0940,0.2157,12.84,0.00,1791448936.650456,3,0,0.0
exp4_rot_20261008_174201,1791448936.592626,camera_color_optical_frame,240,640,480,1,415.5,454.4,0.2983,0.8932,0.00428,2,1,1.000,0.6260,0.0941,0.2162,11.72,0.00,1791448936.688527,3,0,0.0
exp4_rot_20261008_174201,1791448936.626000,camera_color_optical_frame,241,640,480,1,415.4,454.4,0.2981,0.8934,0.00432,2,1,1.000,0.6250,0.0939,0.2159,14.35,0.00,1791448936.725724,3,0,0.0
exp4_rot_20261008_174201,1791448936.659373,camera_color_optical_frame,242,640,480,1,415.3,454.4,0.2980,0.8934,0.00431,2,1,1.000,0.6250,0.0939,0.2160,14.54,0.00,1791448936.760911,3,0,0.0
exp4_rot_20261008_174201,1791448936.692747,camera_color_optical_frame,243,640,480,1,415.3,454.4,0.2980,0.8935,0.00431,2,1,1.000,0.6240,0.0937,0.2156,14.54,0.00,1791448936.794654,3,0,0.0
exp4_rot_20261008_174201,1791448936.726120,camera_color_optical_frame,244,640,480,1,415.4,454.5,0.2982,0.8936,0.00431,2,1,1.000,0.6240,0.0938,0.2157,10.75,0.00,1791448936.818786,3,0,0.0
exp4_rot_20261008_174201,1791448936.759494,camera_color_optical_frame,245,640,480,1,415.4,454.4,0.2981,0.8934,0.00428,2,0,,,,,13.02,33.37,1791448936.839896,3,0,0.0
exp4_rot_20261008_174201,1791448936.792868,camera_color_optical_frame,246,640,480,1,415.5,454.4,0.2983,0.8934,0.00428,2,1,1.000,0.6230,0.0937,0.2153,12.29,0.00,1791448936.882214,3,0,0.0
exp4_rot_20261008_174201,1791448936.826242,camera_color_optical_frame,247,640,480,1,415.4,454.5,0.2981,0.8936,0.00431,2,1,1.000,0.6250,0.0939,0.2160,13.96,0.00,1791448936.920762,3,0,0.0
exp4_rot_20261008_174201,1791448936.859616,camera_color_optical_frame,248,640,480,1,415.5,454.2,0.2984,0.8925,0.00426,2,1,1.000,0.6250,0.0940,0.2157,13.90,0.00,1791448936.955258,3,0,0.0
exp4_rot_20261008_174201,1791448936.892990,camera_color_optical_frame,249,640,480,1,415.4,454.5,0.2981,0.8938,0.00430,2,1,1.000,0.6250,0.0939,0.2161,14.44,0.00,1791448936.990508,3,0,0.0
exp4_rot_20261008_174201,1791448936.926364,camera_color_optical_frame,250,640,480,1,415.4,454.5,0.2981,0.8936,0.00431,2,1,1.000,0.6250,0.0939,0.2160,13.44,0.00,1791448937.024527,3,0,0.0
exp4_rot_20261008_174201,1791448936.959738,camera_color_optical_frame,251,640,480,1,415.3,454.5,0.2979,0.8936,0.00431,2,1,1.000,0.6250,0.0939,0.2160,13.28,0.00,1791448937.058350,3,0,0.0
exp4_rot_20261008_174201,1791448936.993112,camera_color_optical_frame,252,640,480,1,415.3,454.4,0.2980,0.8932,0.00433,2,1,1.000,0.6270,0.0942,0.2166,14.07,0.00,1791448937.092076,3,0,0.0
exp4_rot_20261008_174201,1791448937.026487,camera_color_optical_frame,253,640,480,1,415.4,454.5,0.2980,0.8937,0.00431,2,1,1.000,0.6230,0.0936,0.2153,14.01,0.00,1791448937.126915,3,0,0.0
exp4_rot_20261008_174201,1791448937.059861,camera_color_optical_frame,254,640,480,1,415.4,454.4,0.2981,0.8933,0.00432,2,1,1.000,0.6250,0.0939,0.2159,12.74,0.00,1791448937.159250,3,0,0.0
exp4_rot_20261008_174201,1791448937.093236,camera_color_optical_frame,255,640,480,1,415.5,454.3,0.2983,0.8929,0.00429,2,1,1.000,0.6230,0.0937,0.2151,14.88,0.00,1791448937.195538,3,0,0.0
exp4_rot_20261008_174201,1791448937.126611,camera_color_optical_frame,256,640,480,1,415.4,454.5,0.2980,0.8936,0.00431,2,1,1.000,0.6250,0.0939,0.2160,15.07,0.00,1791448937.230971,3,0,0.0
exp4_rot_20261008_174201,1791448937.159972,camera_color_optical_frame,257,640,480,1,415.4,454.5,0.2981,0.8937,0.00431,2,1,1.000,0.6240,0.0938,0.2157,14.04,0.00,1791448937.262479,3,0,0.0
exp4_rot_20261008_174201,1791448937.193321,camera_color_optical_frame,258,640,480,1,415.4,454.5,0.2980,0.8937,0.00431,2,1,1.000,0.6270,0.0942,0.2167,11.69,0.00,1791448937.294659,3,0,0.0
exp4_rot_20261008_174201,1791448937.226669,camera_color_optical_frame,259,640,480,1,415.4,454.4,0.2981,0.8935,0.00431,2,1,1.000,0.6250,0.0939,0.2160,20.44,0.00,1791448937.339430,3,0,0.0
exp4_rot_20261008_174201,1791448937.260018,camera_color_optical_frame,260,640,480,1,415.4,454.4,0.2981,0.8935,0.00431,2,1,1.000,0.6250,0.0939,0.2160,20.14,0.00,1791448937.374593,3,0,0.0
exp4_rot_20261008_174201,1791448937.293365,camera_color_optical_frame,261,640,480,1,415.4,454.4,0.2980,0.8934,0.00431,2,1,1.000,0.6250,0.0939,0.2160,16.69,0.00,1791448937.405401,3,0,0.0
exp4_rot_20261008_174201,1791448937.326714,camera_color_optical_frame,262,640,480,1,415.5,454.3,0.2983,0.8929,0.00428,2,1,1.000,0.6250,0.0940,0.2158,15.88,0.00,1791448937.438732,3,0,0.0
exp4_rot_20261008_174201,1791448937.360061,camera_color_optical_frame,263,640,480,1,415.3,454.4,0.2980,0.8933,0.00432,2,1,1.000,0.6270,0.0942,0.2166,13.42,0.00,1791448937.470338,3,0,0.0
exp4_rot_20261008_174201,1791448937.393409,camera_color_optical_frame,264,640,480,1,415.3,454.5,0.2979,0.8938,0.00430,2,1,1.000,0.6250,0.0938,0.2160,15.01,0.00,1791448937.504180,3,0,0.0
exp4_rot_20261008_174201,1791448937.426757,camera_color_optical_frame,265,640,480,1,415.4,454.2,0.2980,0.8925,0.00436,2,1,1.000,0.6250,0.0939,0.2157,17.86,0.00,1791448937.539894,3,0,0.0
exp4_rot_20261008_174201,1791448937.460104,camera_color_optical_frame,266,640,480,1,415.5,454.2,0.2986,0.8927,0.00426,2,0,,,,,9.69,33.35,1791448937.558660,3,0,0.0
exp4_rot_20261008_174201,1791448937.493452,camera_color_optical_frame,267,640,480,1,415.5,454.4,0.2983,0.8932,0.00428,2,1,1.000,0.6230,0.0937,0.2152,13.63,0.00,1791448937.591054,3,0,0.0
exp4_rot_20261008_174201,1791448937.526799,camera_color_optical_frame,268,640,480,1,415.4,454.4,0.2981,0.8935,0.00431,2,1,1.000,0.6260,0.0940,0.2163,13.07,0.00,1791448937.624986,3,0,0.0
exp4_rot_20261008_174201,1791448937.560147,camera_color_optical_frame,269,640,480,1,415.4,454.4,0.2981,0.8935,0.00431,2,1,1.000,0.6240,0.0937,0.2156,11.88,0.00,1791448937.657568,3,0,0.0
exp4_rot_20261008_174201,1791448937.593494,camera_color_optical_frame,270,640,480,1,415.4,454.5,0.2981,0.8936,0.00431,2,1,1.000,0.6260,0.0940,0.2164,14.76,0.00,1791448937.694533,3,0,0.0
exp4_rot_20261008_174201,1791448937.626842,camera_color_optical_frame,271,640,480,1,415.4,454.3,0.2981,0.8927,0.00433,2,1,1.000,0.6250,0.0939,0.2158,11.09,0.00,1791448937.724924,3,0,0.0
exp4_rot_20261008_174201,1791448937.660188,camera_color_optical_frame,272,640,480,1,415.4,454.4,0.2981,0.8935,0.00431,2,1,1.000,0.6250,0.0939,0.2160,12.00,0.00,1791448937.756709,3,0,0.0
exp4_rot_20261008_174201,1791448937.693536,camera_color_optical_frame,273,640,480,1,415.3,454.5,0.2979,0.8936,0.00431,2,1,1.000,0.6250,0.0938,0.2160,13.04,0.00,1791448937.794492,3,0,0.0
exp4_rot_20261008_174201,1791448937.726882,camera_color_optical_frame,274,640,480,1,415.4,454.3,0.2980,0.8930,0.00434,2,1,1.000,0.6250,0.0939,0.2158,13.33,0.00,1791448937.833477,3,0,0.0
exp4_rot_20261008_174201,1791448937.760229,camera_color_optical_frame,275,640,480,1,415.4,454.4,0.2980,0.8934,0.00432,2,1,1.000,0.6260,0.0940,0.2163,13.25,0.00,1791448937.872253,3,0,0.0
exp4_rot_20261008_174201,1791448937.793576,camera_color_optical_frame,276,640,480,1,415.4,454.4,0.2981,0.8935,0.00431,2,1,1.000,0.6260,0.0941,0.2163,13.40,0.00,1791448937.911417,3,0,0.0
exp4_rot_20261008_174201,1791448937.826922,camera_color_optical_frame,277,640,480,1,415.4,454.5,0.2981,0.8937,0.00431,2,1,1.000,0.6250,0.0939,0.2160,12.62,0.00,1791448937.950944,3,0,0.0
exp4_rot_20261008_174201,1791448937.860269,camera_color_optical_frame,278,640,480,1,415.4,454.4,0.2980,0.8933,0.00432,2,1,1.000,0.6240,0.0937,0.2156,11.47,0.00,1791448937.991274,3,0,0.0
exp4_rot_20261008_174201,1791448937.893615,camera_color_optical_frame,279,640,480,1,415.4,454.5,0.2980,0.8937,0.00431,2,1,1.000,0.6250,0.0939,0.2160,11.36,0.00,1791448938.028476,3,0,0.0
exp4_rot_20261008_174201,1791448937.926962,camera_color_optical_frame,280,640,480,1,415.3,454.5,0.2979,0.8936,0.00431,2,1,1.000,0.6260,0.0940,0.2164,12.59,0.00,1791448938.069476,3,0,0.0
exp4_rot_20261008_174201,1791448937.960308,camera_color_optical_frame,281,640,480,1,415.4,454.5,0.2982,0.8937,0.00428,2,1,1.000,0.6250,0.0939,0.2160,10.58,0.00,1791448938.100247,3,0,0.0
exp4_rot_20261008_174201,1791448937.993654,camera_color_optical_frame,282,640,480,1,415.4,454.4,0.2982,0.8934,0.00432,2,1,1.000,0.6260,0.0941,0.2163,17.30,0.00,1791448938.143772,3,0,0.0
exp4_rot_20261008_174201,1791448938.027001,camera_color_optical_frame,283,640,480,1,415.4,454.5,0.2981,0.8937,0.00431,2,1,1.000,0.6250,0.0939,0.2160,16.28,0.00,1791448938.177072,3,0,0.0
exp4_rot_20261008_174201,1791448938.060346,camera_color_optical_frame,284,640,480,1,415.4,454.4,0.2980,0.8934,0.00432,2,1,1.000,0.6250,0.0939,0.2159,19.66,0.00,1791448938.215971,3,0,0.0
exp4_rot_20261008_174201,1791448938.093693,camera_color_optical_frame,285,640,480,1,415.5,454.2,0.2986,0.8927,0.00424,2,1,1.000,0.6260,0.0942,0.2161,15.81,0.00,1791448938.247307,3,0,0.0
exp4_rot_20261008_174201,1791448938.127047,camera_color_optical_frame,286,640,480,1,415.6,454.2,0.2986,0.8923,0.00425,2,1,1.000,0.6250,0.0941,0.2157,15.63,0.00,1791448938.279111,3,0,0.0
exp4_rot_20261008_174201,1791448938.160402,camera_color_optical_frame,287,640,480,1,415.3,454.5,0.2980,0.8940,0.00429,2,1,1.000,0.6270,0.0942,0.2168,16.07,0.00,1791448938.312607,3,0,0.0
exp4_rot_20261008_174201,1791448938.193756,camera_color_optical_frame,288,640,480,1,415.4,454.5,0.2981,0.8938,0.00430,2,1,1.000,0.6240,0.0938,0.2157,17.10,0.00,1791448938.347929,3,0,0.0
exp4_rot_20261008_174201,1791448938.227111,camera_color_optical_frame,289,640,480,1,415.5,454.4,0.2985,0.8932,0.00424,2,1,1.000,0.6250,0.0940,0.2159,14.62,0.00,1791448938.380420,3,0,0.0
exp4_rot_20261008_174201,1791448938.260465,camera_color_optical_frame,290,640,480,1,415.3,454.4,0.2979,0.8934,0.00432,2,1,1.000,0.6250,0.0938,0.2159,15.44,0.00,1791448938.413686,3,0,0.0
exp4_rot_20261008_174201,1791448938.293819,camera_color_optical_frame,291,640,480,1,415.5,454.3,0.2983,0.8930,0.00428,2,1,1.000,0.6250,0.0940,0.2159,14.16,0.00,1791448938.446553,3,0,0.0
exp4_rot_20261008_174201,1791448938.327173,camera_color_optical_frame,292,640,480,1,415.4,454.4,0.2981,0.8934,0.00429,2,1,1.000,0.6250,0.0939,0.2160,15.33,0.00,1791448938.482709,3,0,0.0
exp4_rot_20261008_174201,1791448938.360528,camera_color_optical_frame,293,640,480,1,415.4,454.3,0.2980,0.8930,0.00433,2,1,1.000,0.6250,0.0939,0.2158,14.42,0.00,1791448938.514933,3,0,0.0
exp4_rot_20261008_174201,1791448938.393882,camera_color_optical_frame,294,640,480,1,415.4,454.3,0.2981,0.8931,0.00433,2,1,1.000,0.6230,0.0936,0.2152,14.09,0.00,1791448938.548224,3,0,0.0
exp4_rot_20261008_174201,1791448938.427236,camera_color_optical_frame,295,640,480,1,415.4,454.5,0.2980,0.8936,0.00431,2,1,1.000,0.6260,0.0940,0.2164,12.68,0.00,1791448938.578932,3,0,0.0
exp4_rot_20261008_174201,1791448938.460590,camera_color_optical_frame,296,640,480,1,415.4,454.2,0.2982,0.8926,0.00430,2,1,1.000,0.6240,0.0938,0.2154,13.51,0.00,1791448938.616094,3,0,0.0
exp4_rot_20261008_174201,1791448938.493944,camera_color_optical_frame,297,640,480,1,415.4,454.5,0.2981,0.8937,0.00431,2,1,1.000,0.6250,0.0939,0.2160,12.92,0.00,1791448938.649426,3,0,0.0
exp4_rot_20261008_174201,1791448938.527298,camera_color_optical_frame,298,640,480,1,415.3,454.4,0.2979,0.8931,0.00431,2,1,1.000,0.6240,0.0937,0.2155,11.44,0.00,1791448938.680546,3,0,0.0
exp4_rot_20261008_174201,1791448938.560652,camera_color_optical_frame,299,640,480,1,415.5,454.5,0.2985,0.8936,0.00425,2,1,1.000,0.6230,0.0937,0.2153,12.62,0.00,1791448938.715218,3,0,0.0
exp4_rot_20261008_174201,1791448938.594006,camera_color_optical_frame,300,640,480,1,415.4,454.4,0.2981,0.8935,0.00429,2,1,1.000,0.6240,0.0937,0.2156,14.33,0.00,1791448938.751281,3,0,0.0
exp4_rot_20261008_174201,1791448938.627360,camera_color_optical_frame,301,640,480,1,415.4,454.4,0.2980,0.8935,0.00431,2,1,1.000,0.6250,0.0939,0.2160,16.23,0.00,1791448938.784230,3,0,0.0
exp4_rot_20261008_174201,1791448938.694068,camera_color_optical_frame,302,640,480,1,415.4,454.4,0.2980,0.8934,0.00432,2,0,,,,,10.40,66.71,1791448938.805682,3,0,0.0
exp4_rot_20261008_174201,1791448938.760776,camera_color_optical_frame,303,640,480,1,415.4,454.5,0.2981,0.8937,0.00431,2,0,,,,,6.72,133.42,1791448938.820067,3,0,0.0
exp4_rot_20261008_174201,1791448938.794129,camera_color_optical_frame,304,640,480,1,415.4,454.4,0.2983,0.8933,0.00427,2,1,1.000,0.6250,0.0940,0.2159,15.84,0.00,1791448938.876995,3,0,0.0
exp4_rot_20261008_174201,1791448938.827483,camera_color_optical_frame,305,640,480,1,415.4,454.6,0.2981,0.8941,0.00429,2,1,1.000,0.6250,0.0939,0.2161,12.17,0.00,1791448938.916083,3,0,0.0
exp4_rot_20261008_174201,1791448938.860837,camera_color_optical_frame,306,640,480,1,415.4,454.4,0.2981,0.8935,0.00431,2,1,1.000,0.6260,0.0940,0.2163,11.50,0.00,1791448938.946976,3,0,0.0
exp4_rot_20261008_174201,1791448938.894190,camera_color_optical_frame,307,640,480,1,415.4,454.5,0.2981,0.8936,0.00431,2,0,,,,,8.20,33.35,1791448938.961051,3,0,0.0
exp4_rot_20261008_174201,1791448938.927544,camera_color_optical_frame,308,640,480,1,415.5,454.2,0.2985,0.8927,0.00427,2,1,1.000,0.6250,0.0940,0.2158,11.96,0.00,1791448939.017139,3,0,0.0
exp4_rot_20261008_174201,1791448938.960897,camera_color_optical_frame,309,640,480,1,415.4,454.5,0.2981,0.8938,0.00430,2,1,1.000,0.6270,0.0942,0.2167,12.18,0.00,1791448939.053032,3,0,0.0
exp4_rot_20261008_174201,1791448938.994250,camera_color_optical_frame,310,640,480,1,415.4,454.5,0.2980,0.8937,0.00431,2,1,1.000,0.6240,0.0937,0.2157,10.74,0.00,1791448939.086941,3,0,0.0
exp4_rot_20261008_174201,1791448939.027604,camera_color_optical_frame,311,640,480,1,415.6,454.2,0.2987,0.8926,0.00425,2,1,1.000,0.6250,0.0941,0.2158,12.59,0.00,1791448939.127228,3,0,0.0
exp4_rot_20261008_174201,1791448939.060957,camera_color_optical_frame,312,640,480,1,415.4,454.5,0.2980,0.8937,0.00431,2,1,1.000,0.6250,0.0939,0.2160,13.73,0.00,1791448939.172074,3,0,0.0
exp4_rot_20261008_174201,1791448939.094311,camera_color_optical_frame,313,640,480,1,415.4,454.4,0.2980,0.8932,0.00432,2,1,1.000,0.6250,0.0939,0.2159,13.57,0.00,1791448939.208676,3,0,0.0
exp4_rot_20261008_174201,1791448939.127671,camera_color_optical_frame,314,640,480,1,415.4,454.5,0.2980,0.8936,0.00431,2,1,1.000,0.6270,0.0942,0.2167,16.23,0.00,1791448939.251320,3,0,0.0
exp4_rot_20261008_174201,1791448939.161006,camera_color_optical_frame,315,640,480,1,415.4,454.4,0.2980,0.8934,0.00432,2,0,,,,,8.48,33.34,1791448939.266257,3,0,0.0
exp4_rot_20261008_174201,1791448939.194342,camera_color_optical_frame,316,640,480,1,415.4,454.5,0.2980,0.8936,0.00431,2,1,1.000,0.6240,0.0937,0.2157,10.98,0.00,1791448939.299225,3,0,0.0
exp4_rot_20261008_174201,1791448939.227677,camera_color_optical_frame,317,640,480,1,415.6,454.1,0.2988,0.8923,0.00425,2,1,1.000,0.6250,0.0941,0.2157,12.63,0.00,1791448939.339233,3,0,0.0
exp4_rot_20261008_174201,1791448939.261013,camera_color_optical_frame,318,640,480,1,415.4,454.4,0.2981,0.8935,0.00431,2,1,1.000,0.6250,0.0939,0.2160,11.96,0.00,1791448939.372867,3,0,0.0
exp4_rot_20261008_174201,1791448939.294348,camera_color_optical_frame,319,640,480,1,415.4,454.4,0.2981,0.8933,0.00432,2,1,1.000,0.6230,0.0936,0.2152,12.19,0.00,1791448939.417729,3,0,0.0
exp4_rot_20261008_174201,1791448939.327683,camera_color_optical_frame,320,640,480,1,415.4,454.4,0.2980,0.8932,0.00433,2,1,1.000,0.6270,0.0942,0.2166,13.73,0.00,1791448939.456658,3,0,0.0
exp4_rot_20261008_174201,1791448939.361018,camera_color_optical_frame,321,640,480,1,415.4,454.4,0.2981,0.8933,0.00432,2,1,1.000,0.6250,0.0939,0.2159,15.06,0.00,1791448939.491960,3,0,0.0
exp4_rot_20261008_174201,1791448939.394352,camera_color_optical_frame,322,640,480,1,415.4,454.5,0.2980,0.8937,0.00431,2,1,1.000,0.6260,0.0940,0.2164,14.40,0.00,1791448939.525021,3,0,0.0
exp4_rot_20261008_174201,1791448939.427687,camera_color_optical_frame,323,640,480,1,415.4,454.4,0.2981,0.8935,0.00431,2,1,1.000,0.6240,0.0938,0.2156,14.39,0.00,1791448939.557826,3,0,0.0
exp4_rot_20261008_174201,1791448939.461021,camera_color_optical_frame,324,640,480,1,415.4,454.5,0.2980,0.8938,0.00430,2,1,1.000,0.6250,0.0939,0.2161,16.91,0.00,1791448939.594085,3,0,0.0
exp4_rot_20261008_174201,1791448939.494356,camera_color_optical_frame,325,640,480,1,415.4,454.4,0.2981,0.8934,0.00432,2,1,1.000,0.6250,0.0939,0.2159,15.21,0.00,1791448939.627272,3,0,0.0
exp4_rot_20261008_174201,1791448939.527690,camera_color_optical_frame,326,640,480,1,415.4,454.5,0.2980,0.8937,0.00431,2,1,1.000,0.6240,0.0937,0.2157,15.68,0.00,1791448939.661232,3,0,0.0
exp4_rot_20261008_174201,1791448939.561024,camera_color_optical_frame,327,640,480,1,415.4,454.4,0.2981,0.8935,0.00431,2,1,1.000,0.6250,0.0939,0.2160,13.62,0.00,1791448939.692962,3,0,0.0
exp4_rot_20261008_174201,1791448939.594358,camera_color_optical_frame,328,640,480,1,415.4,454.3,0.2982,0.8930,0.00428,2,1,1.000,0.6270,0.0942,0.2165,14.12,0.00,1791448939.727357,3,0,0.0
exp4_rot_20261008_174201,1791448939.627691,camera_color_optical_frame,329,640,480,1,415.4,454.4,0.2981,0.8933,0.00432,2,1,1.000,0.6250,0.0939,0.2159,12.90,0.00,1791448939.764115,3,0,0.0
exp4_rot_20261008_174201,1791448939.661025,camera_color_optical_frame,330,640,480,1,415.4,454.3,0.2981,0.8929,0.00431,2,1,1.000,0.6250,0.0939,0.2158,12.41,0.00,1791448939.793499,3,0,0.0
exp4_rot_20261008_174201,1791448939.694358,camera_color_optical_frame,331,640,480,1,415.5,454.3,0.2984,0.8927,0.00429,2,1,1.000,0.6240,0.0939,0.2154,12.99,0.00,1791448939.828161,3,0,0.0
exp4_rot_20261008_174201,1791448939.727692,camera_color_optical_frame,332,640,480,1,415.4,454.5,0.2981,0.8936,0.00431,2,1,1.000,0.6260,0.0941,0.2164,12.23,0.00,1791448939.858161,3,0,0.0
exp4_rot_20261008_174201,1791448939.761025,camera_color_optical_frame,333,640,480,1,415.4,454.5,0.2980,0.8936,0.00431,2,1,1.000,0.6230,0.0936,0.2153,13.17,0.00,1791448939.891776,3,0,0.0
exp4_rot_20261008_174201,1791448939.794358,camera_color_optical_frame,334,640,480,1,415.4,454.4,0.2981,0.8935,0.00431,2,1,1.000,0.6250,0.0939,0.2160,13.37,0.00,1791448939.927278,3,0,0.0
exp4_rot_20261008_174201,1791448939.827691,camera_color_optical_frame,335,640,480,1,415.4,454.5,0.2983,0.8937,0.00427,2,1,1.000,0.6230,0.0937,0.2153,12.17,0.00,1791448939.963480,3,0,0.0
exp4_rot_20261008_174201,1791448939.861024,camera_color_optical_frame,336,640,480,1,415.4,454.6,0.2981,0.8940,0.00429,2,1,1.000,0.6250,0.0939,0.2161,12.14,0.00,1791448939.998132,3,0,0.0
exp4_rot_20261008_174201,1791448939.894356,camera_color_optical_frame,337,640,480,1,415.4,454.5,0.2980,0.8936,0.00431,2,1,1.000,0.6250,0.0939,0.2160,11.92,0.00,1791448940.033231,3,0,0.0
exp4_rot_20261008_174201,1791448939.927689,camera_color_optical_frame,338,640,480,1,415.4,454.4,0.2981,0.8934,0.00432,2,1,1.000,0.6250,0.0939,0.2160,16.19,0.00,1791448940.075210,3,0,0.0
exp4_rot_20261008_174201,1791448939.961021,camera_color_optical_frame,339,640,480,1,415.6,454.2,0.2986,0.8923,0.00425,2,1,1.000,0.6270,0.0944,0.2164,15.38,0.00,1791448940.111270,3,0,0.0
exp4_rot_20261008_174201,1791448939.994353,camera_color_optical_frame,340,640,480,1,415.4,454.4,0.2981,0.8932,0.00430,2,1,1.000,0.6250,0.0939,0.2159,14.93,0.00,1791448940.146636,3,0,0.0
exp4_rot_20261008_174201,1791448940.027685,camera_color_optical_frame,341,640,480,1,415.4,454.5,0.2981,0.8936,0.00431,2,1,1.000,0.6230,0.0936,0.2153,13.96,0.00,1791448940.179645,3,0,0.0
exp4_rot_20261008_174201,1791448940.061018,camera_color_optical_frame,342,640,480,1,415.4,454.5,0.2980,0.8937,0.00430,2,1,1.000,0.6270,0.0942,0.2167,14.72,0.00,1791448940.214716,3,0,0.0
exp4_rot_20261008_174201,1791448940.094349,camera_color_optical_frame,343,640,480,1,415.4,454.4,0.2981,0.8935,0.00431,2,1,1.000,0.6230,0.0936,0.2153,15.24,0.00,1791448940.249105,3,0,0.0
exp4_rot_20261008_174201,1791448940.127717,camera_color_optical_frame,344,640,480,1,415.6,454.2,0.2987,0.8924,0.00424,2,1,1.000,0.6250,0.0941,0.2157,18.54,0.00,1791448940.280418,3,0,0.0
exp4_rot_20261008_174201,1791448940.194450,camera_color_optical_frame,345,640,480,1,415.4,454.5,0.2983,0.8938,0.00427,2,0,,,,,14.12,66.73,1791448940.304235,3,0,0.0
exp4_rot_20261008_174201,1791448940.227817,camera_color_optical_frame,346,640,480,1,415.4,454.3,0.2980,0.8929,0.00434,2,0,,,,,9.52,100.10,1791448940.321048,3,0,0.0
exp4_rot_20261008_174201,1791448940.261184,camera_color_optical_frame,347,640,480,1,415.3,454.4,0.2980,0.8932,0.00433,2,1,1.000,0.6250,0.0939,0.2159,13.03,0.00,1791448940.356633,3,0,0.0
exp4_rot_20261008_174201,1791448940.294551,camera_color_optical_frame,348,640,480,1,415.4,454.4,0.2981,0.8935,0.00431,2,1,1.000,0.6250,0.0939,0.2160,14.99,0.00,1791448940.393193,3,0,0.0
exp4_rot_20261008_174201,1791448940.327919,camera_color_optical_frame,349,640,480,1,415.3,454.4,0.2979,0.8935,0.00428,2,1,1.000,0.6240,0.0937,0.2156,13.13,0.00,1791448940.425734,3,0,0.0
exp4_rot_20261008_174201,1791448940.361285,camera_color_optical_frame,350,640,480,1,415.4,454.4,0.2981,0.8934,0.00432,2,1,1.000,0.6240,0.0937,0.2156,12.62,0.00,1791448940.458583,3,0,0.0
exp4_rot_20261008_174201,1791448940.394652,camera_color_optical_frame,351,640,480,1,415.4,454.4,0.2981,0.8934,0.00432,2,1,1.000,0.6250,0.0939,0.2159,14.83,0.00,1791448940.494978,3,0,0.0
exp4_rot_20261008_174201,1791448940.428019,camera_color_optical_frame,352,640,480,1,415.4,454.4,0.2981,0.8935,0.00431,2,1,1.000,0.6250,0.0939,0.2160,22.21,0.00,1791448940.535992,3,0,0.0
exp4_rot_20261008_174201,1791448940.461386,camera_color_optical_frame,353,640,480,1,415.4,454.5,0.2981,0.8936,0.00431,2,1,1.000,0.6250,0.0939,0.2160,12.33,0.00,1791448940.562539,3,0,0.0
exp4_rot_20261008_174201,1791448940.494753,camera_color_optical_frame,354,640,480,1,415.4,454.4,0.2981,0.8934,0.00430,2,1,1.000,0.6250,0.0939,0.2159,10.17,0.00,1791448940.586661,3,0,0.0
exp4_rot_20261008_174201,1791448940.528120,camera_color_optical_frame,355,640,480,1,415.4,454.5,0.2982,0.8936,0.00429,2,0,,,,,12.30,33.37,1791448940.605192,3,0,0.0
exp4_rot_20261008_174201,1791448940.561487,camera_color_optical_frame,356,640,480,1,415.4,454.4,0.2981,0.8934,0.00432,2,1,1.000,0.6250,0.0939,0.2159,12.84,0.00,1791448940.648516,3,0,0.0
exp4_rot_20261008_174201,1791448940.594854,camera_color_optical_frame,357,640,480,1,415.3,454.5,0.2979,0.8938,0.00430,2,1,1.000,0.6230,0.0935,0.2154,12.37,0.00,1791448940.686579,3,0,0.0
exp4_rot_20261008_174201,1791448940.628221,camera_color_optical_frame,358,640,480,1,415.3,454.5,0.2980,0.8936,0.00431,2,1,1.000,0.6250,0.0939,0.2160,13.06,0.00,1791448940.716303,3,0,0.0
exp4_rot_20261008_174201,1791448940.661588,camera_color_optical_frame,359,640,480,1,415.4,454.4,0.2980,0.8935,0.00431,2,1,1.000,0.6240,0.0937,0.2156,12.09,0.00,1791448940.751456,3,0,0.0
exp4_rot_20261008_174201,1791448940.694955,camera_color_optical_frame,360,640,480,1,415.4,454.5,0.2981,0.8938,0.00430,2,1,1.000,0.6260,0.0940,0.2164,11.71,0.00,1791448940.791382,3,0,0.0
exp4_rot_20261008_174201,1791448940.728322,camera_color_optical_frame,361,640,480,1,415.4,454.4,0.2980,0.8932,0.00433,2,1,1.000,0.6250,0.0939,0.2159,11.61,0.00,1791448940.824983,3,0,0.0
exp4_rot_20261008_174201,1791448940.761689,camera_color_optical_frame,362,640,480,1,415.4,454.5,0.2981,0.8936,0.00429,2,1,1.000,0.6240,0.0938,0.2156,11.05,0.00,1791448940.858542,3,0,0.0
exp4_rot_20261008_174201,1791448940.795056,camera_color_optical_frame,363,640,480,1,415.4,454.5,0.2981,0.8938,0.00430,2,1,1.000,0.6250,0.0939,0.2161,11.44,0.00,1791448940.894198,3,0,0.0
exp4_rot_20261008_174201,1791448940.828423,camera_color_optical_frame,364,640,480,1,415.6,454.2,0.2986,0.8925,0.00426,2,1,1.000,0.6270,0.0944,0.2164,12.00,0.00,1791448940.930353,3,0,0.0
exp4_rot_20261008_174201,1791448940.861790,camera_color_optical_frame,365,640,480,1,415.4,454.4,0.2980,0.8935,0.00431,2,1,1.000,0.6250,0.0939,0.2160,12.54,0.00,1791448940.963733,3,0,0.0
exp4_rot_20261008_174201,1791448940.895157,camera_color_optical_frame,366,640,480,1,415.5,454.4,0.2986,0.8934,0.00426,2,1,1.000,0.6260,0.0942,0.2163,12.45,0.00,1791448941.002678,3,0,0.0
exp4_rot_20261008_174201,1791448940.928524,camera_color_optical_frame,367,640,480,1,415.3,454.4,0.2978,0.8935,0.00427,2,1,1.000,0.6240,0.0937,0.2156,12.20,0.00,1791448941.036606,3,0,0.0
exp4_rot_20261008_174201,1791448940.961891,camera_color_optical_frame,368,640,480,1,415.4,454.4,0.2980,0.8935,0.00431,2,1,1.000,0.6250,0.0939,0.2160,12.72,0.00,1791448941.073626,3,0,0.0
exp4_rot_20261008_174201,1791448940.995258,camera_color_optical_frame,369,640,480,1,415.4,454.4,0.2981,0.8935,0.00431,2,1,1.000,0.6250,0.0939,0.2160,14.11,0.00,1791448941.105237,3,0,0.0
exp4_rot_20261008_174201,1791448941.028625,camera_color_optical_frame,370,640,480,1,415.6,454.2,0.2987,0.8925,0.00423,2,1,1.000,0.6250,0.0941,0.2157,20.59,0.00,1791448941.149481,3,0,0.0
exp4_rot_20261008_174201,1791448941.061992,camera_color_optical_frame,371,640,480,1,415.4,454.3,0.2980,0.8931,0.00433,2,0,,,,,11.93,33.37,1791448941.168014,3,0,0.0
exp4_rot_20261008_174201,1791448941.095359,camera_color_optical_frame,372,640,480,1,415.4,454.4,0.2981,0.8933,0.00432,2,1,1.000,0.6250,0.0939,0.2159,16.93,0.00,1791448941.202992,3,0,0.0
exp4_rot_20261008_174201,1791448941.128717,camera_color_optical_frame,373,640,480,1,415.4,454.4,0.2981,0.8934,0.00432,2,1,1.000,0.6240,0.0937,0.2156,10.87,0.00,1791448941.230963,3,0,0.0
exp4_rot_20261008_174201,1791448941.162080,camera_color_optical_frame,374,640,480,1,415.5,454.3,0.2983,0.8929,0.00428,2,1,1.000,0.6250,0.0940,0.2158,12.76,0.00,1791448941.271029,3,0,0.0
exp4_rot_20261008_174201,1791448941.195442,camera_color_optical_frame,375,640,480,1,415.5,454.2,0.2984,0.8927,0.00430,2,1,1.000,0.6230,0.0937,0.2151,12.46,0.00,1791448941.305488,3,0,0.0
exp4_rot_20261008_174201,1791448941.228805,camera_color_optical_frame,376,640,480,1,415.5,454.3,0.2983,0.8930,0.00429,2,1,1.000,0.6250,0.0940,0.2158,13.00,0.00,1791448941.340345,3,0,0.0
exp4_rot_20261008_174201,1791448941.262168,camera_color_optical_frame,377,640,480,1,415.4,454.4,0.2981,0.8935,0.00431,2,1,1.000,0.6260,0.0940,0.2163,12.98,0.00,1791448941.377128,3,0,0.0
exp4_rot_20261008_174201,1791448941.295530,camera_color_optical_frame,378,640,480,1,415.4,454.5,0.2981,0.8936,0.00431,2,1,1.000,0.6260,0.0940,0.2164,13.21,0.00,1791448941.416414,3,0,0.0
exp4_rot_20261008_174201,1791448941.328893,camera_color_optical_frame,379,640,480,1,415.6,454.2,0.2987,0.8927,0.00423,2,1,1.000,0.6240,0.0939,0.2154,11.36,0.00,1791448941.455374,3,0,0.0
exp4_rot_20261008_174201,1791448941.362256,camera_color_optical_frame,380,640,480,1,415.5,454.2,0.2985,0.8926,0.00427,2,1,1.000,0.6260,0.0942,0.2161,12.67,0.00,1791448941.493295,3,0,0.0
exp4_rot_20261008_174201,1791448941.395618,camera_color_optical_frame,381,640,480,1,415.4,454.4,0.2981,0.8935,0.00431,2,1,1.000,0.6260,0.0940,0.2163,12.47,0.00,1791448941.529902,3,0,0.0
exp4_rot_20261008_174201,1791448941.428981,camera_color_optical_frame,382,640,480,1,415.4,454.5,0.2981,0.8937,0.00431,2,1,1.000,0.6250,0.0939,0.2160,11.24,0.00,1791448941.566607,3,0,0.0
exp4_rot_20261008_174201,1791448941.462343,camera_color_optical_frame,383,640,480,1,415.4,454.4,0.2981,0.8935,0.00431,2,1,1.000,0.6240,0.0937,0.2156,11.65,0.00,1791448941.601621,3,0,0.0
exp4_rot_20261008_174201,1791448941.495706,camera_color_optical_frame,384,640,480,1,415.4,454.5,0.2980,0.8937,0.00431,2,1,1.000,0.6240,0.0937,0.2157,15.03,0.00,1791448941.641224,3,0,0.0
exp4_rot_20261008_174201,1791448941.529069,camera_color_optical_frame,385,640,480,1,415.5,454.3,0.2983,0.8929,0.00428,2,1,1.000,0.6240,0.0938,0.2155,17.77,0.00,1791448941.678087,3,0,0.0
exp4_rot_20261008_174201,1791448941.562431,camera_color_optical_frame,386,640,480,1,415.4,454.4,0.2981,0.8935,0.00431,2,1,1.000,0.6250,0.0939,0.2160,18.17,0.00,1791448941.713727,3,0,0.0
exp4_rot_20261008_174201,1791448941.595794,camera_color_optical_frame,387,640,480,1,415.4,454.5,0.2981,0.8936,0.00431,2,1,1.000,0.6220,0.0934,0.2150,16.89,0.00,1791448941.748574,3,0,0.0
exp4_rot_20261008_174201,1791448941.629156,camera_color_optical_frame,388,640,480,1,415.3,454.4,0.2979,0.8934,0.00429,2,1,1.000,0.6270,0.0942,0.2167,15.28,0.00,1791448941.778757,3,0,0.0
exp4_rot_20261008_174201,1791448941.662519,camera_color_optical_frame,389,640,480,1,415.4,454.4,0.2980,0.8933,0.00432,2,1,1.000,0.6240,0.0937,0.2156,15.68,0.00,1791448941.812757,3,0,0.0
exp4_rot_20261008_174201,1791448941.695882,camera_color_optical_frame,390,640,480,1,415.4,454.4,0.2981,0.8934,0.00432,2,1,1.000,0.6240,0.0938,0.2156,15.99,0.00,1791448941.846689,3,0,0.0
exp4_rot_20261008_174201,1791448941.729244,camera_color_optical_frame,391,640,480,1,415.4,454.5,0.2980,0.8936,0.00431,2,1,1.000,0.6270,0.0942,0.2167,15.41,0.00,1791448941.880657,3,0,0.0
exp4_rot_20261008_174201,1791448941.762606,camera_color_optical_frame,392,640,480,1,415.4,454.4,0.2981,0.8933,0.00432,2,1,1.000,0.6250,0.0939,0.2159,15.55,0.00,1791448941.918044,3,0,0.0
exp4_rot_20261008_174201,1791448941.795969,camera_color_optical_frame,393,640,480,1,415.5,454.3,0.2984,0.8928,0.00425,2,1,1.000,0.6250,0.0940,0.2158,14.87,0.00,1791448941.950230,3,0,0.0
exp4_rot_20261008_174201,1791448941.829331,camera_color_optical_frame,394,640,480,1,415.4,454.5,0.2980,0.8939,0.00430,2,1,1.000,0.6270,0.0942,0.2168,14.27,0.00,1791448941.985546,3,0,0.0
exp4_rot_20261008_174201,1791448941.862694,camera_color_optical_frame,395,640,480,1,415.4,454.4,0.2980,0.8935,0.00431,2,1,1.000,0.6270,0.0942,0.2167,14.15,0.00,1791448942.018363,3,0,0.0
exp4_rot_20261008_174201,1791448941.896056,camera_color_optical_frame,396,640,480,1,415.4,454.4,0.2983,0.8935,0.00428,2,1,1.000,0.6250,0.0940,0.2160,11.93,0.00,1791448942.049881,3,0,0.0
exp4_rot_20261008_174201,1791448941.929419,camera_color_optical_frame,397,640,480,1,415.6,454.2,0.2987,0.8924,0.00424,2,1,1.000,0.6250,0.0941,0.2157,11.25,0.00,1791448942.087251,3,0,0.0
exp4_rot_20261008_174201,1791448941.962781,camera_color_optical_frame,398,640,480,1,415.4,454.4,0.2981,0.8933,0.00432,2,1,1.000,0.6270,0.0942,0.2166,13.40,0.00,1791448942.125756,3,0,0.0
exp4_rot_20261008_174201,1791448941.996144,camera_color_optical_frame,399,640,480,1,415.4,454.3,0.2982,0.8931,0.00430,2,1,1.000,0.6250,0.0939,0.2159,11.77,0.00,1791448942.161690,3,0,0.0
exp4_rot_20261008_174201,1791448942.029506,camera_color_optical_frame,400,640,480,1,415.4,454.3,0.2980,0.8929,0.00434,2,1,1.000,0.6250,0.0939,0.2158,15.53,0.00,1791448942.197899,3,0,0.0
exp4_rot_20261008_174201,1791448942.062868,camera_color_optical_frame,401,640,480,1,415.4,454.4,0.2980,0.8935,0.00431,2,0,,,,,10.15,33.36,1791448942.217140,3,0,0.0
exp4_rot_20261008_174201,1791448942.096231,camera_color_optical_frame,402,640,480,1,415.4,454.4,0.2981,0.8933,0.00432,2,0,,,,,10.43,66.72,1791448942.235770,3,0,0.0
exp4_rot_20261008_174201,1791448942.129594,camera_color_optical_frame,403,640,480,1,415.4,454.5,0.2981,0.8936,0.00431,2,0,,,,,9.14,100.09,1791448942.257370,3,0,0.0
exp4_rot_20261008_174201,1791448942.196321,camera_color_optical_frame,404,640,480,1,415.3,454.3,0.2979,0.8929,0.00429,2,0,,,,,10.25,166.82,1791448942.278845,3,0,0.0
exp4_rot_20261008_174201,1791448942.229685,camera_color_optical_frame,405,640,480,1,415.4,454.5,0.2980,0.8937,0.00431,2,1,1.000,0.6260,0.0940,0.2164,15.20,0.00,1791448942.328590,3,0,0.0
exp4_rot_20261008_174201,1791448942.263048,camera_color_optical_frame,406,640,480,1,415.5,454.4,0.2983,0.8934,0.00427,2,1,1.000,0.6250,0.0940,0.2159,14.58,0.00,1791448942.366145,3,0,0.0
exp4_rot_20261008_174201,1791448942.296412,camera_color_optical_frame,407,640,480,1,415.3,454.5,0.2978,0.8936,0.00430,2,1,1.000,0.6260,0.0940,0.2163,15.77,0.00,1791448942.403360,3,0,0.0
exp4_rot_20261008_174201,1791448942.329775,camera_color_optical_frame,408,640,480,1,415.4,454.4,0.2981,0.8933,0.00432,2,1,1.000,0.6240,0.0937,0.2156,14.18,0.00,1791448942.434632,3,0,0.0
exp4_rot_20261008_174201,1791448942.363139,camera_color_optical_frame,409,640,480,1,415.4,454.5,0.2980,0.8937,0.00431,2,1,1.000,0.6250,0.0939,0.2160,14.65,0.00,1791448942.469221,3,0,0.0
exp4_rot_20261008_174201,1791448942.396502,camera_color_optical_frame,410,640,480,1,415.4,454.4,0.2981,0.8935,0.00431,2,1,1.000,0.6250,0.0939,0.2160,14.56,0.00,1791448942.503976,3,0,0.0
exp4_rot_20261008_174201,1791448942.429866,camera_color_optical_frame,411,640,480,1,415.4,454.5,0.2980,0.8936,0.00431,2,1,1.000,0.6270,0.0942,0.2167,13.98,0.00,1791448942.537138,3,0,0.0
exp4_rot_20261008_174201,1791448942.463229,camera_color_optical_frame,412,640,480,1,415.4,454.3,0.2982,0.8928,0.00429,2,1,1.000,0.6250,0.0939,0.2158,17.75,0.00,1791448942.575709,3,0,0.0
exp4_rot_20261008_174201,1791448942.496593,camera_color_optical_frame,413,640,480,1,415.5,454.3,0.2984,0.8928,0.00428,2,1,1.000,0.6250,0.0940,0.2158,13.33,0.00,1791448942.605392,3,0,0.0
exp4_rot_20261008_174201,1791448942.529956,camera_color_optical_frame,414,640,480,1,415.4,454.5,0.2980,0.8937,0.00431,2,1,1.000,0.6230,0.0936,0.2153,13.63,0.00,1791448942.640069,3,0,0.0
exp4_rot_20261008_174201,1791448942.563319,camera_color_optical_frame,415,640,480,1,415.4,454.5,0.2981,0.8937,0.00431,2,1,1.000,0.6250,0.0939,0.2160,13.39,0.00,1791448942.673465,3,0,0.0
exp4_rot_20261008_174201,1791448942.596683,camera_color_optical_frame,416,640,480,1,415.5,454.1,0.2985,0.8921,0.00427,2,1,1.000,0.6240,0.0939,0.2153,13.83,0.00,1791448942.708833,3,0,0.0
exp4_rot_20261008_174201,1791448942.630047,camera_color_optical_frame,417,640,480,1,415.3,454.3,0.2979,0.8931,0.00429,2,1,1.000,0.6240,0.0937,0.2155,11.69,0.00,1791448942.738032,3,0,0.0
exp4_rot_20261008_174201,1791448942.663410,camera_color_optical_frame,418,640,480,1,415.4,454.5,0.2981,0.8939,0.00430,2,1,1.000,0.6240,0.0937,0.2157,16.07,0.00,1791448942.779550,3,0,0.0
exp4_rot_20261008_174201,1791448942.696773,camera_color_optical_frame,419,640,480,1,415.5,454.3,0.2983,0.8930,0.00429,2,0,,,,,9.49,33.36,1791448942.795308,3,0,0.0
exp4_rot_20261008_174201,1791448942.730137,camera_color_optical_frame,420,640,480,1,415.6,454.3,0.2987,0.8929,0.00424,2,1,1.000,0.6270,0.0944,0.2165,13.85,0.00,1791448942.829654,3,0,0.0
exp4_rot_20261008_174201,1791448942.763500,camera_color_optical_frame,421,640,480,1,415.5,454.3,0.2985,0.8928,0.00427,2,1,1.000,0.6270,0.0943,0.2165,11.64,0.00,1791448942.861413,3,0,0.0
exp4_rot_20261008_174201,1791448942.796864,camera_color_optical_frame,422,640,480,1,415.4,454.4,0.2982,0.8932,0.00430,2,1,1.000,0.6260,0.0941,0.2163,12.18,0.00,1791448942.896730,3,0,0.0
exp4_rot_20261008_174201,1791448942.830227,camera_color_optical_frame,423,640,480,1,415.5,454.4,0.2984,0.8931,0.00424,2,1,1.000,0.6260,0.0942,0.2162,11.51,0.00,1791448942.930106,3,0,0.0
exp4_rot_20261008_174201,1791448942.863590,camera_color_optical_frame,424,640,480,1,415.4,454.5,0.2981,0.8938,0.00430,2,1,1.000,0.6240,0.0938,0.2157,11.14,0.00,1791448942.966622,3,0,0.0
exp4_rot_20261008_174201,1791448942.896954,camera_color_optical_frame,425,640,480,1,415.4,454.5,0.2981,0.8936,0.00431,2,1,1.000,0.6250,0.0939,0.2160,11.02,0.00,1791448943.003007,3,0,0.0
exp4_rot_20261008_174201,1791448942.930317,camera_color_optical_frame,426,640,480,1,415.4,454.4,0.2981,0.8935,0.00431,2,1,1.000,0.6240,0.0938,0.2156,12.41,0.00,1791448943.038186,3,0,0.0
exp4_rot_20261008_174201,1791448942.963681,camera_color_optical_frame,427,640,480,1,415.3,454.5,0.2979,0.8938,0.00430,2,1,1.000,0.6250,0.0938,0.2161,12.12,0.00,1791448943.074343,3,0,0.0
exp4_rot_20261008_174201,1791448942.997044,camera_color_optical_frame,428,640,480,1,415.5,454.3,0.2983,0.8929,0.00434,2,1,1.000,0.6250,0.0940,0.2158,12.01,0.00,1791448943.111126,3,0,0.0
exp4_rot_20261008_174201,1791448943.030407,camera_color_optical_frame,429,640,480,1,415.5,454.3,0.2984,0.8930,0.00429,2,1,1.000,0.6260,0.0942,0.2162,12.54,0.00,1791448943.148260,3,0,0.0
exp4_rot_20261008_174201,1791448943.063771,camera_color_optical_frame,430,640,480,1,415.5,454.2,0.2983,0.8926,0.00428,2,1,1.000,0.6250,0.0940,0.2157,12.74,0.00,1791448943.188257,3,0,0.0
exp4_rot_20261008_174201,1791448943.097134,camera_color_optical_frame,431,640,480,1,415.5,454.3,0.2983,0.8931,0.00428,2,1,1.000,0.6230,0.0937,0.2152,13.17,0.00,1791448943.228760,3,0,0.0
exp4_rot_20261008_174201,1791448943.130494,camera_color_optical_frame,432,640,480,1,415.4,454.5,0.2981,0.8936,0.00431,2,1,1.000,0.6250,0.0939,0.2160,12.10,0.00,1791448943.273150,3,0,0.0
exp4_rot_20261008_174201,1791448943.163850,camera_color_optical_frame,433,640,480,1,415.3,454.5,0.2978,0.8939,0.00429,2,1,1.000,0.6250,0.0938,0.2161,11.55,0.00,1791448943.310249,3,0,0.0
exp4_rot_20261008_174201,1791448943.197206,camera_color_optical_frame,434,640,480,1,415.4,454.5,0.2981,0.8937,0.00431,2,1,1.000,0.6250,0.0939,0.2160,13.31,0.00,1791448943.346912,3,0,0.0
exp4_rot_20261008_174201,1791448943.230561,camera_color_optical_frame,435,640,480,1,415.4,454.5,0.2980,0.8938,0.00430,2,1,1.000,0.6240,0.0937,0.2157,12.34,0.00,1791448943.388421,3,0,0.0
exp4_rot_20261008_174201,1791448943.263917,camera_color_optical_frame,436,640,480,1,415.5,454.1,0.2984,0.8923,0.00428,2,1,1.000,0.6250,0.0940,0.2157,11.75,0.00,1791448943.430075,3,0,0.0
exp4_rot_20261008_174201,1791448943.297273,camera_color_optical_frame,437,640,480,1,415.4,454.5,0.2980,0.8936,0.00431,2,1,1.000,0.6250,0.0939,0.2160,13.76,0.00,1791448943.472351,3,0,0.0
exp4_rot_20261008_174201,1791448943.330628,camera_color_optical_frame,438,640,480,1,415.4,454.4,0.2982,0.8932,0.00430,2,1,1.000,0.6240,0.0938,0.2156,14.46,0.00,1791448943.507598,3,0,0.0
exp4_rot_20261008_174201,1791448943.397339,camera_color_optical_frame,439,640,480,1,415.4,454.4,0.2981,0.8935,0.00431,2,0,,,,,11.08,66.71,1791448943.529222,3,0,0.0
exp4_rot_20261008_174201,1791448943.430695,camera_color_optical_frame,440,640,480,1,415.4,454.0,0.2982,0.8916,0.00424,2,0,,,,,10.06,100.07,1791448943.548448,3,0,0.0
exp4_rot_20261008_174201,1791448943.497406,camera_color_optical_frame,441,640,480,1,415.5,454.4,0.2983,0.8933,0.00427,2,0,,,,,7.34,166.78,1791448943.562667,3,0,0.0
exp4_rot_20261008_174201,1791448943.530761,camera_color_optical_frame,442,640,480,1,415.4,454.3,0.2982,0.8928,0.00429,2,1,1.000,0.6240,0.0938,0.2155,13.40,0.00,1791448943.616888,3,0,0.0
exp4_rot_20261008_174201,1791448943.564116,camera_color_optical_frame,443,640,480,1,415.4,454.4,0.2980,0.8935,0.00431,2,1,1.000,0.6250,0.0939,0.2160,13.02,0.00,1791448943.654713,3,0,0.0
exp4_rot_20261008_174201,1791448943.597472,camera_color_optical_frame,444,640,480,1,415.4,454.4,0.2980,0.8933,0.00432,2,1,1.000,0.6230,0.0936,0.2152,13.83,0.00,1791448943.693244,3,0,0.0
exp4_rot_20261008_174201,1791448943.630827,camera_color_optical_frame,445,640,480,1,415.4,454.4,0.2980,0.8933,0.00432,2,1,1.000,0.6240,0.0937,0.2156,13.89,0.00,1791448943.734035,3,0,0.0
exp4_rot_20261008_174201,1791448943.664182,camera_color_optical_frame,446,640,480,1,415.4,454.5,0.2980,0.8939,0.00429,2,1,1.000,0.6250,0.0939,0.2161,12.25,0.00,1791448943.774580,3,0,0.0
exp4_rot_20261008_174201,1791448943.697537,camera_color_optical_frame,447,640,480,1,415.4,454.5,0.2980,0.8936,0.00431,2,1,1.000,0.6230,0.0936,0.2153,12.12,0.00,1791448943.809917,3,0,0.0
exp4_rot_20261008_174201,1791448943.730892,camera_color_optical_frame,448,640,480,1,415.5,454.4,0.2983,0.8933,0.00427,2,1,1.000,0.6250,0.0940,0.2159,12.57,0.00,1791448943.847779,3,0,0.0
exp4_rot_20261008_174201,1791448943.764247,camera_color_optical_frame,449,640,480,1,415.4,454.4,0.2980,0.8935,0.00431,2,1,1.000,0.6260,0.0940,0.2163,12.20,0.00,1791448943.884243,3,0,0.0
exp4_rot_20261008_174201,1791448943.797602,camera_color_optical_frame,450,640,480,1,415.4,454.4,0.2981,0.8935,0.00431,2,1,1.000,0.6250,0.0939,0.2160,13.99,0.00,1791448943.921543,3,0,0.0
exp4_rot_20261008_174201,1791448943.830957,camera_color_optical_frame,451,640,480,1,415.3,454.4,0.2978,0.8934,0.00428,2,1,1.000,0.6250,0.0938,0.2160,12.39,0.00,1791448943.957621,3,0,0.0
exp4_rot_20261008_174201,1791448943.864312,camera_color_optical_frame,452,640,480,1,415.4,454.4,0.2982,0.8931,0.00431,2,1,1.000,0.6250,0.0939,0.2159,11.82,0.00,1791448943.996469,3,0,0.0
exp4_rot_20261008_174201,1791448943.897667,camera_color_optical_frame,453,640,480,1,415.5,454.4,0.2985,0.8933,0.00425,2,1,1.000,0.6230,0.0937,0.2152,12.25,0.00,1791448944.033667,3,0,0.0
exp4_rot_20261008_174201,1791448943.931022,camera_color_optical_frame,454,640,480,1,415.4,454.4,0.2980,0.8932,0.00433,2,1,1.000,0.6250,0.0939,0.2159,11.83,0.00,1791448944.069910,3,0,0.0
exp4_rot_20261008_174201,1791448943.964377,camera_color_optical_frame,455,640,480,1,415.5,454.3,0.2985,0.8929,0.00426,2,1,1.000,0.6240,0.0939,0.2155,12.01,0.00,1791448944.107706,3,0,0.0
exp4_rot_20261008_174201,1791448943.997732,camera_color_optical_frame,456,640,480,1,415.4,454.5,0.2980,0.8938,0.00430,2,1,1.000,0.6250,0.0939,0.2161,14.26,0.00,1791448944.144840,3,0,0.0
exp4_rot_20261008_174201,1791448944.031087,camera_color_optical_frame,457,640,480,1,415.4,454.4,0.2981,0.8934,0.00431,2,1,1.000,0.6260,0.0941,0.2163,14.41,0.00,1791448944.190223,3,0,0.0
exp4_rot_20261008_174201,1791448944.064441,camera_color_optical_frame,458,640,480,1,415.4,454.4,0.2980,0.8932,0.00432,2,1,1.000,0.6260,0.0940,0.2163,12.00,0.00,1791448944.224077,3,0,0.0
exp4_rot_20261008_174201,1791448944.097796,camera_color_optical_frame,459,640,480,1,415.4,454.4,0.2980,0.8933,0.00432,2,1,1.000,0.6250,0.0939,0.2159,11.25,0.00,1791448944.259400,3,0,0.0
exp4_rot_20261008_174201,1791448944.131155,camera_color_optical_frame,460,640,480,1,415.4,454.5,0.2980,0.8936,0.00431,2,1,1.000,0.6240,0.0937,0.2157,11.25,0.00,1791448944.297202,3,0,0.0
exp4_rot_20261008_174201,1791448944.164515,camera_color_optical_frame,461,640,480,1,415.4,454.4,0.2981,0.8935,0.00431,2,1,1.000,0.6230,0.0936,0.2153,12.62,0.00,1791448944.338327,3,0,0.0
exp4_rot_20261008_174201,1791448944.197875,camera_color_optical_frame,462,640,480,1,415.3,454.5,0.2979,0.8936,0.00431,2,1,1.000,0.6250,0.0938,0.2160,15.64,0.00,1791448944.376651,3,0,0.0
exp4_rot_20261008_174201,1791448944.231234,camera_color_optical_frame,463,640,480,1,415.4,454.2,0.2983,0.8925,0.00429,2,1,1.000,0.6240,0.0938,0.2154,14.67,0.00,1791448944.416299,3,0,0.0
exp4_rot_20261008_174201,1791448944.264594,camera_color_optical_frame,464,640,480,1,415.4,454.4,0.2981,0.8933,0.00428,2,1,1.000,0.6250,0.0939,0.2159,12.18,0.00,1791448944.451087,3,0,0.0
exp4_rot_20261008_174201,1791448944.297954,camera_color_optical_frame,465,640,480,1,415.3,454.5,0.2978,0.8936,0.00429,2,1,1.000,0.6240,0.0937,0.2157,12.22,0.00,1791448944.485148,3,0,0.0
exp4_rot_20261008_174201,1791448944.331313,camera_color_optical_frame,466,640,480,1,415.4,454.4,0.2981,0.8934,0.00432,2,1,1.000,0.6260,0.0940,0.2163,14.04,0.00,1791448944.518361,3,0,0.0
exp4_rot_20261008_174201,1791448944.364673,camera_color_optical_frame,467,640,480,1,415.4,454.5,0.2981,0.8937,0.00431,2,1,1.000,0.6240,0.0938,0.2157,12.61,0.00,1791448944.553132,3,0,0.0
exp4_rot_20261008_174201,1791448944.398033,camera_color_optical_frame,468,640,480,1,415.4,454.6,0.2980,0.8941,0.00429,2,1,1.000,0.6230,0.0936,0.2154,13.47,0.00,1791448944.594099,3,0,0.0
exp4_rot_20261008_174201,1791448944.431393,camera_color_optical_frame,469,640,480,1,415.4,454.4,0.2981,0.8935,0.00431,2,1,1.000,0.6230,0.0936,0.2153,13.65,0.00,1791448944.630173,3,0,0.0
exp4_rot_20261008_174201,1791448944.464752,camera_color_optical_frame,470,640,480,1,415.4,454.5,0.2982,0.8938,0.00426,2,1,1.000,0.6250,0.0939,0.2160,14.27,0.00,1791448944.666101,3,0,0.0
exp4_rot_20261008_174201,1791448944.498112,camera_color_optical_frame,471,640,480,1,415.7,454.1,0.2990,0.8921,0.00422,2,1,1.000,0.6230,0.0939,0.2150,12.87,0.00,1791448944.697883,3,0,0.0
exp4_rot_20261008_174201,1791448944.564832,camera_color_optical_frame,472,640,480,1,415.4,454.3,0.2981,0.8930,0.00431,2,1,1.000,0.6250,0.0939,0.2159,13.34,0.00,1791448944.731972,3,0,0.0
exp4_rot_20261008_174201,1791448944.598192,camera_color_optical_frame,473,640,480,1,415.4,454.4,0.2981,0.8935,0.00427,2,1,1.000,0.6260,0.0941,0.2163,14.45,0.00,1791448944.769133,3,0,0.0
exp4_rot_20261008_174201,1791448944.631552,camera_color_optical_frame,474,640,480,1,415.4,454.5,0.2980,0.8937,0.00430,2,1,1.000,0.6250,0.0939,0.2160,18.71,0.00,1791448944.808932,3,0,0.0
exp4_rot_20261008_174201,1791448944.664912,camera_color_optical_frame,475,640,480,1,415.4,454.6,0.2980,0.8940,0.00429,2,1,1.000,0.6240,0.0937,0.2157,14.31,0.00,1791448944.838999,3,0,0.0
exp4_rot_20261008_174201,1791448944.698272,camera_color_optical_frame,476,640,480,1,415.5,454.2,0.2985,0.8925,0.00426,2,1,1.000,0.6250,0.0940,0.2157,18.54,0.00,1791448944.874613,3,0,0.0
exp4_rot_20261008_174201,1791448944.798352,camera_color_optical_frame,477,640,480,1,415.5,454.4,0.2984,0.8932,0.00427,2,0,,,,,7.43,100.08,1791448944.894337,3,0,0.0
exp4_rot_20261008_174201,1791448944.831713,camera_color_optical_frame,478,640,480,1,415.4,454.5,0.2980,0.8937,0.00430,2,0,,,,,9.98,133.44,1791448944.917342,3,0,0.0
exp4_rot_20261008_174201,1791448944.865073,camera_color_optical_frame,479,640,480,1,415.4,454.5,0.2980,0.8937,0.00431,2,1,1.000,0.6250,0.0939,0.2160,13.43,0.00,1791448944.958901,3,0,0.0
exp4_rot_20261008_174201,1791448944.898433,camera_color_optical_frame,480,640,480,1,415.4,454.4,0.2980,0.8935,0.00431,2,1,1.000,0.6240,0.0937,0.2156,14.43,0.00,1791448944.993024,3,0,0.0
exp4_rot_20261008_174201,1791448944.931793,camera_color_optical_frame,481,640,480,1,415.4,454.5,0.2981,0.8939,0.00430,2,1,1.000,0.6250,0.0939,0.2161,14.36,0.00,1791448945.026755,3,0,0.0
exp4_rot_20261008_174201,1791448944.965154,camera_color_optical_frame,482,640,480,1,415.4,454.4,0.2982,0.8932,0.00433,2,1,1.000,0.6250,0.0939,0.2159,11.92,0.00,1791448945.059910,3,0,0.0
exp4_rot_20261008_174201,1791448944.998514,camera_color_optical_frame,483,640,480,1,415.4,454.4,0.2980,0.8935,0.00431,2,1,1.000,0.6260,0.0940,0.2163,11.89,0.00,1791448945.093288,3,0,0.0
exp4_rot_20261008_174201,1791448945.031874,camera_color_optical_frame,484,640,480,1,415.3,454.5,0.2979,0.8938,0.00430,2,1,1.000,0.6240,0.0937,0.2157,12.66,0.00,1791448945.128994,3,0,0.0
exp4_rot_20261008_174201,1791448945.065235,camera_color_optical_frame,485,640,480,1,415.3,454.3,0.2977,0.8929,0.00427,2,1,1.000,0.6250,0.0938,0.2158,12.18,0.00,1791448945.164790,3,0,0.0
exp4_rot_20261008_174201,1791448945.098595,camera_color_optical_frame,486,640,480,1,415.3,454.6,0.2979,0.8941,0.00428,2,1,1.000,0.6260,0.0940,0.2165,14.02,0.00,1791448945.206610,3,0,0.0
exp4_rot_20261008_174201,1791448945.131953,camera_color_optical_frame,487,640,480,1,415.3,454.4,0.2979,0.8933,0.00430,2,1,1.000,0.6250,0.0938,0.2159,14.94,0.00,1791448945.245242,3,0,0.0
exp4_rot_20261008_174201,1791448945.165292,camera_color_optical_frame,488,640,480,1,415.3,454.4,0.2980,0.8934,0.00432,2,1,1.000,0.6250,0.0939,0.2160,13.27,0.00,1791448945.280858,3,0,0.0
exp4_rot_20261008_174201,1791448945.198631,camera_color_optical_frame,489,640,480,1,415.4,454.4,0.2980,0.8935,0.00431,2,1,1.000,0.6270,0.0942,0.2167,13.94,0.00,1791448945.316581,3,0,0.0
exp4_rot_20261008_174201,1791448945.231969,camera_color_optical_frame,490,640,480,1,415.4,454.5,0.2981,0.8937,0.00431,2,1,1.000,0.6250,0.0939,0.2160,12.07,0.00,1791448945.355382,3,0,0.0
exp4_rot_20261008_174201,1791448945.265308,camera_color_optical_frame,491,640,480,1,415.3,454.4,0.2980,0.8935,0.00431,2,1,1.000,0.6250,0.0939,0.2160,14.78,0.00,1791448945.399431,3,0,0.0
exp4_rot_20261008_174201,1791448945.298646,camera_color_optical_frame,492,640,480,1,415.4,454.5,0.2980,0.8937,0.00431,2,1,1.000,0.6240,0.0937,0.2157,12.74,0.00,1791448945.435910,3,0,0.0
exp4_rot_20261008_174201,1791448945.331985,camera_color_optical_frame,493,640,480,1,415.4,454.5,0.2980,0.8938,0.00430,2,1,1.000,0.6230,0.0936,0.2154,13.03,0.00,1791448945.471792,3,0,0.0
exp4_rot_20261008_174201,1791448945.365322,camera_color_optical_frame,494,640,480,1,415.4,454.5,0.2980,0.8936,0.00431,2,1,1.000,0.6250,0.0939,0.2160,15.92,0.00,1791448945.516874,3,0,0.0
exp4_rot_20261008_174201,1791448945.398660,camera_color_optical_frame,495,640,480,1,415.4,454.5,0.2981,0.8936,0.00431,2,1,1.000,0.6250,0.0939,0.2160,15.05,0.00,1791448945.552762,3,0,0.0
exp4_rot_20261008_174201,1791448945.431998,camera_color_optical_frame,496,640,480,1,415.4,454.5,0.2981,0.8937,0.00431,2,1,1.000,0.6270,0.0942,0.2167,14.70,0.00,1791448945.585998,3,0,0.0
exp4_rot_20261008_174201,1791448945.465336,camera_color_optical_frame,497,640,480,1,415.4,454.4,0.2980,0.8933,0.00432,2,1,1.000,0.6250,0.0939,0.2159,14.26,0.00,1791448945.619570,3,0,0.0
exp4_rot_20261008_174201,1791448945.498673,camera_color_optical_frame,498,640,480,1,415.4,454.5,0.2980,0.8936,0.00431,2,1,1.000,0.6250,0.0939,0.2160,13.71,0.00,1791448945.650955,3,0,0.0
exp4_rot_20261008_174201,1791448945.532011,camera_color_optical_frame,499,640,480,1,415.3,454.4,0.2979,0.8934,0.00432,2,1,1.000,0.6250,0.0938,0.2159,12.74,0.00,1791448945.686466,3,0,0.0
exp4_rot_20261008_174201,1791448945.565348,camera_color_optical_frame,500,640,480,1,415.4,454.3,0.2980,0.8931,0.00433,2,1,1.000,0.6250,0.0939,0.2159,13.29,0.00,1791448945.725125,3,0,0.0
exp4_rot_20261008_174201,1791448945.598685,camera_color_optical_frame,501,640,480,1,415.3,454.5,0.2979,0.8936,0.00431,2,1,1.000,0.6240,0.0937,0.2157,11.59,0.00,1791448945.765559,3,0,0.0
exp4_rot_20261008_174201,1791448945.632022,camera_color_optical_frame,502,640,480,1,415.5,454.3,0.2984,0.8929,0.00428,2,1,1.000,0.6240,0.0939,0.2155,13.86,0.00,1791448945.801935,3,0,0.0
exp4_rot_20261008_174201,1791448945.665359,camera_color_optical_frame,503,640,480,1,415.5,454.4,0.2984,0.8934,0.00426,2,0,,,,,10.39,33.34,1791448945.819767,3,0,0.0
exp4_rot_20261008_174201,1791448945.698696,camera_color_optical_frame,504,640,480,1,415.3,454.5,0.2980,0.8939,0.00430,2,0,,,,,9.01,66.67,1791448945.839182,3,0,0.0
exp4_rot_20261008_174201,1791448945.765369,camera_color_optical_frame,505,640,480,1,415.4,454.5,0.2980,0.8937,0.00430,2,0,,,,,7.87,133.35,1791448945.855960,3,0,0.0
exp4_rot_20261008_174201,1791448945.798706,camera_color_optical_frame,506,640,480,1,415.4,454.5,0.2981,0.8938,0.00430,2,0,,,,,10.69,166.68,1791448945.872170,3,0,0.0
exp4_rot_20261008_174201,1791448945.832042,camera_color_optical_frame,507,640,480,1,415.4,454.2,0.2982,0.8926,0.00431,2,1,1.000,0.6250,0.0939,0.2158,11.44,0.00,1791448945.914963,3,0,0.0
exp4_rot_20261008_174201,1791448945.865378,camera_color_optical_frame,508,640,480,1,415.4,454.5,0.2982,0.8937,0.00431,2,0,,,,,7.47,33.34,1791448945.929089,3,0,0.0
exp4_rot_20261008_174201,1791448945.898714,camera_color_optical_frame,509,640,480,1,415.3,454.4,0.2980,0.8933,0.00432,2,1,1.000,0.6250,0.0939,0.2159,13.11,0.00,1791448945.984186,3,0,0.0
exp4_rot_20261008_174201,1791448945.932050,camera_color_optical_frame,510,640,480,1,415.3,454.4,0.2979,0.8935,0.00431,2,1,1.000,0.6250,0.0938,0.2160,13.38,0.00,1791448946.023200,3,0,0.0
exp4_rot_20261008_174201,1791448945.965385,camera_color_optical_frame,511,640,480,1,415.4,454.3,0.2983,0.8930,0.00429,2,1,1.000,0.6230,0.0937,0.2152,13.13,0.00,1791448946.062278,3,0,0.0
exp4_rot_20261008_174201,1791448945.998721,camera_color_optical_frame,512,640,480,1,415.4,454.4,0.2980,0.8932,0.00432,2,1,1.000,0.6240,0.0937,0.2156,11.05,0.00,1791448946.102274,3,0,0.0
exp4_rot_20261008_174201,1791448946.032056,camera_color_optical_frame,513,640,480,1,415.4,454.5,0.2982,0.8937,0.00426,2,1,1.000,0.6240,0.0938,0.2157,15.08,0.00,1791448946.136436,3,0,0.0
exp4_rot_20261008_174201,1791448946.065392,camera_color_optical_frame,514,640,480,1,415.4,454.5,0.2980,0.8937,0.00431,2,1,1.000,0.6250,0.0939,0.2160,16.14,0.00,1791448946.175646,3,0,0.0
exp4_rot_20261008_174201,1791448946.098727,camera_color_optical_frame,515,640,480,1,415.4,454.5,0.2981,0.8938,0.00430,2,1,1.000,0.6240,0.0938,0.2157,15.09,0.00,1791448946.212060,3,0,0.0
exp4_rot_20261008_174201,1791448946.132062,camera_color_optical_frame,516,640,480,1,415.4,454.5,0.2981,0.8936,0.00431,2,1,1.000,0.6250,0.0939,0.2160,13.56,0.00,1791448946.250562,3,0,0.0
exp4_rot_20261008_174201,1791448946.165415,camera_color_optical_frame,517,640,480,1,415.4,454.5,0.2981,0.8939,0.00430,2,1,1.000,0.6240,0.0937,0.2157,14.08,0.00,1791448946.292367,3,0,0.0
exp4_rot_20261008_174201,1791448946.198766,camera_color_optical_frame,518,640,480,1,415.3,454.5,0.2979,0.8940,0.00429,2,1,1.000,0.6250,0.0938,0.2161,14.54,0.00,1791448946.326885,3,0,0.0
exp4_rot_20261008_174201,1791448946.232118,camera_color_optical_frame,519,640,480,1,415.4,454.4,0.2983,0.8933,0.00429,2,1,1.000,0.6250,0.0940,0.2159,13.99,0.00,1791448946.368442,3,0,0.0
exp4_rot_20261008_174201,1791448946.265470,camera_color_optical_frame,520,640,480,1,415.6,454.1,0.2987,0.8921,0.00424,2,1,1.000,0.6230,0.0938,0.2150,10.79,0.00,1791448946.399450,3,0,0.0
exp4_rot_20261008_174201,1791448946.298822,camera_color_optical_frame,521,640,480,1,415.4,454.5,0.2980,0.8937,0.00430,2,1,1.000,0.6250,0.0939,0.2160,12.69,0.00,1791448946.434025,3,0,0.0
exp4_rot_20261008_174201,1791448946.332173,camera_color_optical_frame,522,640,480,1,415.3,454.3,0.2979,0.8931,0.00430,2,1,1.000,0.6250,0.0938,0.2159,18.66,0.00,1791448946.475093,3,0,0.0
exp4_rot_20261008_174201,1791448946.365525,camera_color_optical_frame,523,640,480,1,415.4,454.4,0.2981,0.8933,0.00432,2,1,1.000,0.6250,0.0939,0.2159,16.19,0.00,1791448946.503587,3,0,0.0
exp4_rot_20261008_174201,1791448946.432228,camera_color_optical_frame,524,640,480,1,415.4,454.1,0.2980,0.8921,0.00422,2,0,,,,,7.34,66.70,1791448946.521724,3,0,0.0
exp4_rot_20261008_174201,1791448946.465579,camera_color_optical_frame,525,640,480,1,415.4,454.4,0.2980,0.8933,0.00432,2,0,,,,,12.64,100.05,1791448946.539858,3,0,0.0
exp4_rot_20261008_174201,1791448946.498930,camera_color_optical_frame,526,640,480,1,415.4,454.3,0.2980,0.8930,0.00433,2,1,1.000,0.6250,0.0939,0.2159,12.99,0.00,1791448946.588484,3,0,0.0
exp4_rot_20261008_174201,1791448946.532282,camera_color_optical_frame,527,640,480,1,415.4,454.4,0.2981,0.8934,0.00432,2,1,1.000,0.6230,0.0936,0.2153,12.72,0.00,1791448946.625859,3,0,0.0
exp4_rot_20261008_174201,1791448946.565633,camera_color_optical_frame,528,640,480,1,415.4,454.4,0.2981,0.8935,0.00431,2,1,1.000,0.6250,0.0939,0.2160,13.00,0.00,1791448946.664146,3,0,0.0
exp4_rot_20261008_174201,1791448946.598984,camera_color_optical_frame,529,640,480,1,415.4,454.5,0.2980,0.8936,0.00431,2,1,1.000,0.6240,0.0937,0.2157,12.06,0.00,1791448946.707067,3,0,0.0
exp4_rot_20261008_174201,1791448946.632335,camera_color_optical_frame,530,640,480,1,415.4,454.5,0.2981,0.8936,0.00431,2,1,1.000,0.6250,0.0939,0.2160,14.84,0.00,1791448946.739020,3,0,0.0
exp4_rot_20261008_174201,1791448946.665685,camera_color_optical_frame,531,640,480,1,415.3,454.5,0.2979,0.8939,0.00429,2,1,1.000,0.6250,0.0938,0.2161,14.32,0.00,1791448946.774276,3,0,0.0
exp4_rot_20261008_174201,1791448946.699036,camera_color_optical_frame,532,640,480,1,415.4,454.4,0.2981,0.8934,0.00429,2,1,1.000,0.6250,0.0939,0.2160,14.82,0.00,1791448946.811128,3,0,0.0
exp4_rot_20261008_174201,1791448946.732387,camera_color_optical_frame,533,640,480,1,415.4,454.5,0.2980,0.8937,0.00430,2,1,1.000,0.6250,0.0939,0.2160,12.67,0.00,1791448946.849856,3,0,0.0
exp4_rot_20261008_174201,1791448946.765738,camera_color_optical_frame,534,640,480,1,415.4,454.3,0.2981,0.8930,0.00431,2,1,1.000,0.6250,0.0939,0.2158,11.64,0.00,1791448946.888839,3,0,0.0
exp4_rot_20261008_174201,1791448946.799088,camera_color_optical_frame,535,640,480,1,415.4,454.4,0.2982,0.8933,0.00429,2,1,1.000,0.6260,0.0941,0.2163,11.85,0.00,1791448946.925217,3,0,0.0
exp4_rot_20261008_174201,1791448946.832439,camera_color_optical_frame,536,640,480,1,415.4,454.5,0.2980,0.8936,0.00431,2,1,1.000,0.6270,0.0942,0.2167,12.80,0.00,1791448946.964455,3,0,0.0
exp4_rot_20261008_174201,1791448946.865789,camera_color_optical_frame,537,640,480,1,415.5,454.4,0.2983,0.8932,0.00426,2,1,1.000,0.6240,0.0938,0.2156,12.39,0.00,1791448946.999019,3,0,0.0
exp4_rot_20261008_174201,1791448946.899139,camera_color_optical_frame,538,640,480,1,415.5,454.3,0.2983,0.8931,0.00428,2,1,1.000,0.6240,0.0938,0.2155,12.71,0.00,1791448947.035534,3,0,0.0
exp4_rot_20261008_174201,1791448946.932490,camera_color_optical_frame,539,640,480,1,415.4,454.3,0.2982,0.8929,0.00431,2,1,1.000,0.6230,0.0936,0.2151,13.83,0.00,1791448947.074178,3,0,0.0
exp4_rot_20261008_174201,1791448946.965840,camera_color_optical_frame,540,640,480,1,415.4,454.4,0.2980,0.8935,0.00431,2,1,1.000,0.6250,0.0939,0.2160,13.60,0.00,1791448947.111566,3,0,0.0
exp4_rot_20261008_174201,1791448946.999190,camera_color_optical_frame,541,640,480,1,415.4,454.3,0.2981,0.8928,0.00431,2,1,1.000,0.6240,0.0938,0.2155,12.28,0.00,1791448947.150487,3,0,0.0
exp4_rot_20261008_174201,1791448947.032540,camera_color_optical_frame,542,640,480,1,415.4,454.4,0.2981,0.8935,0.00431,2,1,1.000,0.6250,0.0939,0.2160,13.52,0.00,1791448947.186198,3,0,0.0
exp4_rot_20261008_174201,1791448947.065890,camera_color_optical_frame,543,640,480,1,415.5,454.2,0.2983,0.8923,0.00429,2,1,1.000,0.6260,0.0941,0.2160,13.77,0.00,1791448947.225346,3,0,0.0
exp4_rot_20261008_174201,1791448947.099240,camera_color_optical_frame,544,640,480,1,415.5,454.3,0.2984,0.8931,0.00427,2,1,1.000,0.6260,0.0941,0.2162,15.58,0.00,1791448947.266917,3,0,0.0
exp4_rot_20261008_174201,1791448947.132580,camera_color_optical_frame,545,640,480,1,415.4,454.5,0.2981,0.8937,0.00431,2,1,1.000,0.6230,0.0936,0.2153,11.13,0.00,1791448947.304729,3,0,0.0
exp4_rot_20261008_174201,1791448947.165940,camera_color_optical_frame,546,640,480,1,415.4,454.4,0.2981,0.8934,0.00432,2,1,1.000,0.6250,0.0939,0.2160,13.01,0.00,1791448947.336992,3,0,0.0
exp4_rot_20261008_174201,1791448947.199300,camera_color_optical_frame,547,640,480,1,415.5,454.5,0.2984,0.8937,0.00425,2,1,1.000,0.6240,0.0939,0.2157,13.48,0.00,1791448947.376424,3,0,0.0
exp4_rot_20261008_174201,1791448947.232660,camera_color_optical_frame,548,640,480,1,415.4,454.5,0.2981,0.8939,0.00430,2,1,1.000,0.6250,0.0939,0.2161,14.69,0.00,1791448947.414938,3,0,0.0
exp4_rot_20261008_174201,1791448947.266020,camera_color_optical_frame,549,640,480,1,415.4,454.5,0.2981,0.8938,0.00430,2,1,1.000,0.6250,0.0939,0.2161,14.80,0.00,1791448947.453193,3,0,0.0
exp4_rot_20261008_174201,1791448947.299380,camera_color_optical_frame,550,640,480,1,415.3,454.5,0.2979,0.8937,0.00430,2,1,1.000,0.6250,0.0938,0.2160,13.11,0.00,1791448947.492689,3,0,0.0
exp4_rot_20261008_174201,1791448947.332740,camera_color_optical_frame,551,640,480,1,415.4,454.5,0.2981,0.8936,0.00431,2,1,1.000,0.6270,0.0942,0.2167,12.82,0.00,1791448947.531193,3,0,0.0
exp4_rot_20261008_174201,1791448947.366100,camera_color_optical_frame,552,640,480,1,415.4,454.5,0.2980,0.8939,0.00430,2,1,1.000,0.6240,0.0937,0.2157,11.86,0.00,1791448947.568739,3,0,0.0
exp4_rot_20261008_174201,1791448947.399461,camera_color_optical_frame,553,640,480,1,415.4,454.3,0.2982,0.8931,0.00431,2,1,1.000,0.6250,0.0939,0.2159,15.71,0.00,1791448947.612282,3,0,0.0
exp4_rot_20261008_174201,1791448947.466182,camera_color_optical_frame,554,640,480,1,415.4,454.4,0.2981,0.8935,0.00431,2,1,1.000,0.6250,0.0939,0.2160,12.71,0.00,1791448947.640383,3,0,0.0
exp4_rot_20261008_174201,1791448947.499543,camera_color_optical_frame,555,640,480,1,415.4,454.5,0.2982,0.8936,0.00431,2,1,1.000,0.6230,0.0936,0.2153,16.84,0.00,1791448947.676708,3,0,0.0
exp4_rot_20261008_174201,1791448947.532903,camera_color_optical_frame,556,640,480,1,415.4,454.5,0.2980,0.8937,0.00431,2,1,1.000,0.6260,0.0940,0.2164,16.93,0.00,1791448947.713586,3,0,0.0
exp4_rot_20261008_174201,1791448947.566264,camera_color_optical_frame,557,640,480,1,415.4,454.5,0.2982,0.8936,0.00431,2,1,1.000,0.6250,0.0939,0.2160,11.98,0.00,1791448947.742549,3,0,0.0
exp4_rot_20261008_174201,1791448947.599625,camera_color_optical_frame,558,640,480,1,415.4,454.5,0.2980,0.8939,0.00429,2,1,1.000,0.6260,0.0940,0.2164,13.23,0.00,1791448947.773132,3,0,0.0
exp4_rot_20261008_174201,1791448947.632986,camera_color_optical_frame,559,640,480,1,415.4,454.4,0.2981,0.8935,0.00431,2,1,1.000,0.6260,0.0941,0.2163,12.48,0.00,1791448947.810486,3,0,0.0
exp4_rot_20261008_174201,1791448947.666347,camera_color_optical_frame,560,640,480,1,415.4,454.3,0.2980,0.8931,0.00433,2,1,1.000,0.6250,0.0939,0.2159,12.63,0.00,1791448947.848637,3,0,0.0
exp4_rot_20261008_174201,1791448947.699708,camera_color_optical_frame,561,640,480,1,415.4,454.5,0.2980,0.8938,0.00430,2,1,1.000,0.6250,0.0939,0.2161,14.72,0.00,1791448947.885616,3,0,0.0
exp4_rot_20261008_174201,1791448947.733069,camera_color_optical_frame,562,640,480,1,415.3,454.5,0.2978,0.8937,0.00430,2,1,1.000,0.6270,0.0941,0.2167,13.92,0.00,1791448947.918464,3,0,0.0
exp4_rot_20261008_174201,1791448947.766430,camera_color_optical_frame,563,640,480,1,415.4,454.4,0.2980,0.8932,0.00433,2,1,1.000,0.6250,0.0939,0.2159,14.24,0.00,1791448947.953431,3,0,0.0
exp4_rot_20261008_174201,1791448947.799792,camera_color_optical_frame,564,640,480,1,415.6,454.1,0.2988,0.8922,0.00428,2,1,1.000,0.6250,0.0941,0.2157,16.26,0.00,1791448947.988717,3,0,0.0
exp4_rot_20261008_174201,1791448947.833153,camera_color_optical_frame,565,640,480,1,415.4,454.4,0.2981,0.8934,0.00432,2,1,1.000,0.6250,0.0939,0.2159,13.59,0.00,1791448948.019115,3,0,0.0
exp4_rot_20261008_174201,1791448947.866514,camera_color_optical_frame,566,640,480,1,415.4,454.4,0.2981,0.8935,0.00431,2,1,1.000,0.6270,0.0942,0.2167,15.56,0.00,1791448948.055513,3,0,0.0
exp4_rot_20261008_174201,1791448947.899876,camera_color_optical_frame,567,640,480,1,415.4,454.5,0.2982,0.8937,0.00431,2,1,1.000,0.6270,0.0942,0.2167,15.94,0.00,1791448948.087870,3,0,0.0
exp4_rot_20261008_174201,1791448947.933238,camera_color_optical_frame,568,640,480,1,415.4,454.4,0.2981,0.8935,0.00431,2,1,1.000,0.6250,0.0939,0.2160,12.62,0.00,1791448948.118947,3,0,0.0
exp4_rot_20261008_174201,1791448947.966599,camera_color_optical_frame,569,640,480,1,415.4,454.5,0.2980,0.8938,0.00430,2,1,1.000,0.6250,0.0939,0.2161,12.79,0.00,1791448948.150450,3,0,0.0
exp4_rot_20261008_174201,1791448947.999961,camera_color_optical_frame,570,640,480,1,415.4,454.4,0.2981,0.8933,0.00432,2,1,1.000,0.6260,0.0941,0.2163,12.16,0.00,1791448948.189787,3,0,0.0
exp4_rot_20261008_174201,1791448948.033323,camera_color_optical_frame,571,640,480,1,415.4,454.3,0.2982,0.8930,0.00433,2,1,1.000,0.6250,0.0939,0.2159,12.49,0.00,1791448948.220498,3,0,0.0
exp4_rot_20261008_174201,1791448948.066685,camera_color_optical_frame,572,640,480,1,415.4,454.4,0.2983,0.8931,0.00429,2,1,1.000,0.6240,0.0938,0.2155,10.97,0.00,1791448948.258905,3,0,0.0
exp4_rot_20261008_174201,1791448948.100046,camera_color_optical_frame,573,640,480,1,415.5,454.3,0.2984,0.8928,0.00428,2,1,1.000,0.6240,0.0938,0.2155,12.45,0.00,1791448948.292959,3,0,0.0
exp4_rot_20261008_174201,1791448948.133408,camera_color_optical_frame,574,640,480,1,415.4,454.5,0.2980,0.8937,0.00431,2,1,1.000,0.6240,0.0937,0.2157,13.78,0.00,1791448948.331263,3,0,0.0
exp4_rot_20261008_174201,1791448948.166769,camera_color_optical_frame,575,640,480,1,415.4,454.2,0.2982,0.8923,0.00434,2,1,1.000,0.6250,0.0939,0.2157,13.70,0.00,1791448948.359367,3,0,0.0
exp4_rot_20261008_174201,1791448948.266854,camera_color_optical_frame,576,640,480,1,415.4,454.4,0.2980,0.8932,0.00433,2,0,,,,,12.09,100.08,1791448948.381006,3,0,0.0
exp4_rot_20261008_174201,1791448948.300216,camera_color_optical_frame,577,640,480,1,415.3,454.5,0.2979,0.8939,0.00429,2,0,,,,,7.14,133.45,1791448948.395648,3,0,0.0
exp4_rot_20261008_174201,1791448948.333577,camera_color_optical_frame,578,640,480,1,415.3,454.5,0.2979,0.8938,0.00428,2,0,,,,,11.95,166.81,1791448948.416163,3,0,0.0
exp4_rot_20261008_174201,1791448948.366939,camera_color_optical_frame,579,640,480,1,415.4,454.3,0.2983,0.8930,0.00428,2,1,1.000,0.6250,0.0940,0.2158,13.21,0.00,1791448948.455406,3,0,0.0
exp4_rot_20261008_174201,1791448948.400301,camera_color_optical_frame,580,640,480,1,415.4,454.6,0.2980,0.8941,0.00429,2,1,1.000,0.6240,0.0937,0.2158,12.58,0.00,1791448948.494116,3,0,0.0
exp4_rot_20261008_174201,1791448948.433663,camera_color_optical_frame,581,640,480,1,415.3,454.4,0.2979,0.8934,0.00431,2,1,1.000,0.6250,0.0939,0.2160,12.76,0.00,1791448948.531367,3,0,0.0
exp4_rot_20261008_174201,1791448948.467025,camera_color_optical_frame,582,640,480,1,415.4,454.5,0.2980,0.8938,0.00430,2,1,1.000,0.6250,0.0939,0.2161,11.38,0.00,1791448948.568324,3,0,0.0
exp4_rot_20261008_174201,1791448948.500386,camera_color_optical_frame,583,640,480,1,415.4,454.4,0.2980,0.8932,0.00433,2,1,1.000,0.6240,0.0937,0.2156,11.79,0.00,1791448948.598391,3,0,0.0
exp4_rot_20261008_174201,1791448948.533748,camera_color_optical_frame,584,640,480,1,415.4,454.4,0.2980,0.8933,0.00432,2,1,1.000,0.6250,0.0939,0.2159,11.06,0.00,1791448948.636063,3,0,0.0
exp4_rot_20261008_174201,1791448948.567111,camera_color_optical_frame,585,640,480,1,415.4,454.5,0.2981,0.8936,0.00431,2,1,1.000,0.6250,0.0939,0.2160,12.18,0.00,1791448948.669502,3,0,0.0
exp4_rot_20261008_174201,1791448948.600472,camera_color_optical_frame,586,640,480,1,415.4,454.4,0.2982,0.8933,0.00428,2,1,1.000,0.6250,0.0939,0.2159,20.38,0.00,1791448948.710487,3,0,0.0
exp4_rot_20261008_174201,1791448948.633835,camera_color_optical_frame,587,640,480,1,415.4,454.5,0.2981,0.8939,0.00430,2,1,1.000,0.6250,0.0939,0.2161,13.48,0.00,1791448948.742656,3,0,0.0
exp4_rot_20261008_174201,1791448948.667197,camera_color_optical_frame,588,640,480,1,415.4,454.5,0.2981,0.8936,0.00431,2,1,1.000,0.6230,0.0936,0.2153,22.22,0.00,1791448948.782556,3,0,0.0
exp4_rot_20261008_174201,1791448948.700559,camera_color_optical_frame,589,640,480,1,415.4,454.5,0.2981,0.8939,0.00430,2,1,1.000,0.6250,0.0939,0.2161,18.45,0.00,1791448948.814162,3,0,0.0
exp4_rot_20261008_174201,1791448948.733921,camera_color_optical_frame,590,640,480,1,415.4,454.5,0.2981,0.8936,0.00431,2,1,1.000,0.6250,0.0939,0.2160,12.09,0.00,1791448948.839944,3,0,0.0
exp4_rot_20261008_174201,1791448948.767283,camera_color_optical_frame,591,640,480,1,415.4,454.5,0.2981,0.8939,0.00430,2,1,1.000,0.6260,0.0940,0.2164,11.81,0.00,1791448948.871225,3,0,0.0
exp4_rot_20261008_174201,1791448948.800646,camera_color_optical_frame,592,640,480,1,415.5,454.5,0.2983,0.8937,0.00426,2,1,1.000,0.6240,0.0938,0.2157,11.51,0.00,1791448948.905484,3,0,0.0
exp4_rot_20261008_174201,1791448948.834008,camera_color_optical_frame,593,640,480,1,415.4,454.4,0.2980,0.8934,0.00432,2,1,1.000,0.6250,0.0939,0.2159,12.76,0.00,1791448948.938394,3,0,0.0
exp4_rot_20261008_174201,1791448948.867370,camera_color_optical_frame,594,640,480,1,415.4,454.4,0.2981,0.8935,0.00431,2,1,1.000,0.6250,0.0939,0.2160,12.93,0.00,1791448948.978310,3,0,0.0
exp4_rot_20261008_174201,1791448948.900733,camera_color_optical_frame,595,640,480,1,415.4,454.5,0.2981,0.8938,0.00430,2,1,1.000,0.6210,0.0933,0.2147,14.28,0.00,1791448949.016689,3,0,0.0
exp4_rot_20261008_174201,1791448948.934095,camera_color_optical_frame,596,640,480,1,415.5,454.4,0.2983,0.8932,0.00429,2,1,1.000,0.6250,0.0940,0.2159,13.80,0.00,1791448949.053782,3,0,0.0
exp4_rot_20261008_174201,1791448948.967458,camera_color_optical_frame,597,640,480,1,415.4,454.4,0.2980,0.8934,0.00432,2,1,1.000,0.6250,0.0939,0.2160,14.00,0.00,1791448949.092140,3,0,0.0
exp4_rot_20261008_174201,1791448949.000820,camera_color_optical_frame,598,640,480,1,415.4,454.4,0.2981,0.8935,0.00429,2,1,1.000,0.6250,0.0939,0.2160,14.51,0.00,1791448949.134832,3,0,0.0
exp4_rot_20261008_174201,1791448949.034183,camera_color_optical_frame,599,640,480,1,415.4,454.4,0.2980,0.8932,0.00433,2,1,1.000,0.6250,0.0939,0.2159,11.44,0.00,1791448949.168292,3,0,0.0
exp4_rot_20261008_174201,1791448949.067545,camera_color_optical_frame,600,640,480,1,415.4,454.4,0.2980,0.8933,0.00432,2,1,1.000,0.6270,0.0942,0.2166,10.66,0.00,1791448949.205539,3,0,0.0
exp4_rot_20261008_174201,1791448949.100902,camera_color_optical_frame,601,640,480,1,415.4,454.4,0.2981,0.8935,0.00431,2,1,1.000,0.6250,0.0939,0.2160,11.31,0.00,1791448949.240098,3,0,0.0
exp4_rot_20261008_174201,1791448949.134273,camera_color_optical_frame,602,640,480,1,415.3,454.4,0.2980,0.8935,0.00431,2,1,1.000,0.6250,0.0939,0.2160,12.74,0.00,1791448949.277692,3,0,0.0
exp4_rot_20261008_174201,1791448949.167623,camera_color_optical_frame,603,640,480,1,415.5,454.6,0.2983,0.8942,0.00428,2,1,1.000,0.6270,0.0943,0.2168,14.11,0.00,1791448949.312162,3,0,0.0
exp4_rot_20261008_174201,1791448949.200972,camera_color_optical_frame,604,640,480,1,415.4,454.5,0.2980,0.8939,0.00429,2,1,1.000,0.6250,0.0939,0.2161,13.43,0.00,1791448949.350981,3,0,0.0
exp4_rot_20261008_174201,1791448949.234321,camera_color_optical_frame,605,640,480,1,415.4,454.5,0.2980,0.8937,0.00430,2,1,1.000,0.6250,0.0939,0.2160,12.59,0.00,1791448949.387865,3,0,0.0
exp4_rot_20261008_174201,1791448949.267670,camera_color_optical_frame,606,640,480,1,415.4,454.4,0.2981,0.8934,0.00432,2,1,1.000,0.6250,0.0939,0.2160,14.03,0.00,1791448949.422299,3,0,0.0
exp4_rot_20261008_174201,1791448949.301019,camera_color_optical_frame,607,640,480,1,415.4,454.1,0.2980,0.8920,0.00424,2,1,1.000,0.6240,0.0937,0.2153,13.33,0.00,1791448949.456928,3,0,0.0
exp4_rot_20261008_174201,1791448949.334369,camera_color_optical_frame,608,640,480,1,415.4,454.6,0.2980,0.8941,0.00429,2,1,1.000,0.6250,0.0939,0.2161,14.05,0.00,1791448949.493617,3,0,0.0
exp4_rot_20261008_174201,1791448949.367718,camera_color_optical_frame,609,640,480,1,415.3,454.4,0.2979,0.8934,0.00430,2,1,1.000,0.6250,0.0938,0.2159,13.22,0.00,1791448949.531267,3,0,0.0
exp4_rot_20261008_174201,1791448949.401067,camera_color_optical_frame,610,640,480,1,415.4,454.1,0.2982,0.8922,0.00425,2,1,1.000,0.6260,0.0941,0.2160,13.30,0.00,1791448949.569895,3,0,0.0
exp4_rot_20261008_174201,1791448949.434416,camera_color_optical_frame,611,640,480,1,415.3,454.5,0.2979,0.8938,0.00430,2,0,,,,,9.73,33.35,1791448949.587776,3,0,0.0
exp4_rot_20261008_174201,1791448949.467765,camera_color_optical_frame,612,640,480,1,415.4,454.4,0.2980,0.8933,0.00432,2,0,,,,,11.71,66.70,1791448949.608331,3,0,0.0
exp4_rot_20261008_174201,1791448949.534463,camera_color_optical_frame,613,640,480,1,415.5,454.3,0.2984,0.8930,0.00427,2,0,,,,,8.76,133.40,1791448949.626568,3,0,0.0
exp4_rot_20261008_174201,1791448949.567811,camera_color_optical_frame,614,640,480,1,415.5,454.3,0.2985,0.8928,0.00427,2,1,1.000,0.6250,0.0940,0.2158,12.81,0.00,1791448949.658256,3,0,0.0
exp4_rot_20261008_174201,1791448949.601160,camera_color_optical_frame,615,640,480,1,415.4,454.4,0.2980,0.8935,0.00431,2,1,1.000,0.6250,0.0939,0.2160,12.68,0.00,1791448949.695016,3,0,0.0
exp4_rot_20261008_174201,1791448949.634509,camera_color_optical_frame,616,640,480,1,415.4,454.5,0.2983,0.8935,0.00429,2,1,1.000,0.6250,0.0940,0.2160,12.55,0.00,1791448949.733749,3,0,0.0
exp4_rot_20261008_174201,1791448949.667858,camera_color_optical_frame,617,640,480,1,415.3,454.4,0.2979,0.8935,0.00431,2,1,1.000,0.6230,0.0935,0.2153,11.65,0.00,1791448949.770010,3,0,0.0
exp4_rot_20261008_174201,1791448949.701207,camera_color_optical_frame,618,640,480,1,415.4,454.4,0.2982,0.8934,0.00429,2,0,,,,,9.05,33.35,1791448949.789944,3,0,0.0
exp4_rot_20261008_174201,1791448949.734555,camera_color_optical_frame,619,640,480,1,415.4,454.4,0.2982,0.8935,0.00431,2,1,1.000,0.6250,0.0939,0.2160,11.93,0.00,1791448949.821569,3,0,0.0
exp4_rot_20261008_174201,1791448949.767904,camera_color_optical_frame,620,640,480,1,415.4,454.3,0.2982,0.8931,0.00429,2,1,1.000,0.6260,0.0941,0.2162,14.15,0.00,1791448949.856290,3,0,0.0
exp4_rot_20261008_174201,1791448949.801253,camera_color_optical_frame,621,640,480,1,415.4,454.4,0.2981,0.8935,0.00431,2,0,,,,,9.96,33.35,1791448949.872108,3,0,0.0
exp4_rot_20261008_174201,1791448951.035304,camera_color_optical_frame,622,640,480,1,415.4,454.5,0.2981,0.8936,0.00431,2,0,,,,,18.26,100.06,1791448951.153550,3,0,0.0
exp4_rot_20261008_174201,1791448951.068659,camera_color_optical_frame,623,640,480,1,415.4,454.5,0.2980,0.8936,0.00431,2,0,,,,,12.87,100.06,1791448951.177279,3,0,0.0
exp4_rot_20261008_174201,1791448951.102014,camera_color_optical_frame,624,640,480,1,415.4,454.4,0.2982,0.8933,0.00430,2,0,,,,,14.81,66.71,1791448951.214041,3,0,0.0
exp4_rot_20261008_174201,1791448951.135369,camera_color_optical_frame,625,640,480,1,415.4,454.4,0.2982,0.8935,0.00431,2,1,1.000,0.6230,0.0936,0.2153,19.72,0.00,1791448951.262681,3,0,0.0
exp4_rot_20261008_174201,1791448951.168720,camera_color_optical_frame,626,640,480,1,415.4,454.4,0.2981,0.8935,0.00431,2,1,1.000,0.6240,0.0938,0.2156,23.23,0.00,1791448951.302658,3,0,0.0
exp4_rot_20261008_174201,1791448951.202079,camera_color_optical_frame,627,640,480,1,415.4,454.6,0.2980,0.8941,0.00429,2,1,1.000,0.6240,0.0937,0.2158,13.32,0.00,1791448951.332597,3,0,0.0
exp4_rot_20261008_174201,1791448951.235438,camera_color_optical_frame,628,640,480,1,415.4,454.5,0.2980,0.8939,0.00429,2,1,1.000,0.6250,0.0939,0.2161,13.98,0.00,1791448951.365392,3,0,0.0
exp4_rot_20261008_174201,1791448951.268798,camera_color_optical_frame,629,640,480,1,415.4,454.6,0.2980,0.8940,0.00429,2,1,1.000,0.6250,0.0939,0.2161,11.51,0.00,1791448951.396644,3,0,0.0
exp4_rot_20261008_174201,1791448951.302156,camera_color_optical_frame,630,640,480,1,415.4,454.5,0.2980,0.8937,0.00430,2,1,1.000,0.6250,0.0939,0.2160,12.36,0.00,1791448951.433021,3,0,0.0
exp4_rot_20261008_174201,1791448951.335515,camera_color_optical_frame,631,640,480,1,415.3,454.5,0.2979,0.8936,0.00431,2,1,1.000,0.6240,0.0937,0.2156,13.12,0.00,1791448951.475701,3,0,0.0
exp4_rot_20261008_174201,1791448951.368875,camera_color_optical_frame,632,640,480,1,415.4,454.4,0.2982,0.8933,0.00432,2,1,1.000,0.6250,0.0939,0.2159,13.34,0.00,1791448951.508326,3,0,0.0
exp4_rot_20261008_174201,1791448951.402234,camera_color_optical_frame,633,640,480,1,415.4,454.5,0.2981,0.8938,0.00430,2,1,1.000,0.6240,0.0938,0.2157,16.84,0.00,1791448951.569777,3,0,0.0
exp4_rot_20261008_174201,1791448951.435593,camera_color_optical_frame,634,640,480,1,415.4,454.4,0.2980,0.8932,0.00432,2,1,1.000,0.6240,0.0937,0.2156,11.48,0.00,1791448951.596889,3,0,0.0
exp4_rot_20261008_174201,1791448951.468952,camera_color_optical_frame,635,640,480,1,415.4,454.4,0.2981,0.8935,0.00431,2,1,1.000,0.6250,0.0939,0.2160,13.07,0.00,1791448951.631233,3,0,0.0
exp4_rot_20261008_174201,1791448951.502311,camera_color_optical_frame,636,640,480,1,415.4,454.6,0.2980,0.8940,0.00429,2,1,1.000,0.6260,0.0940,0.2164,11.96,0.00,1791448951.674680,3,0,0.0
exp4_rot_20261008_174201,1791448951.535671,camera_color_optical_frame,637,640,480,1,415.5,454.3,0.2984,0.8929,0.00428,2,1,1.000,0.6250,0.0940,0.2158,14.14,0.00,1791448951.711262,3,0,0.0
exp4_rot_20261008_174201,1791448951.569031,camera_color_optical_frame,638,640,480,1,415.5,454.2,0.2985,0.8926,0.00427,2,0,,,,,26.98,33.36,1791448951.755286,3,0,0.0
exp4_rot_20261008_174201,1791448951.702468,camera_color_optical_frame,639,640,480,1,415.3,454.4,0.2979,0.8932,0.00432,2,0,,,,,10.15,166.80,1791448951.773996,3,0,0.0
exp4_rot_20261008_174201,1791448951.735828,camera_color_optical_frame,640,640,480,1,415.6,454.1,0.2988,0.8920,0.00425,2,1,1.000,0.6250,0.0941,0.2156,11.55,0.00,1791448951.822441,3,0,0.0
exp4_rot_20261008_174201,1791448951.769188,camera_color_optical_frame,641,640,480,1,415.5,454.2,0.2985,0.8927,0.00426,2,1,1.000,0.6260,0.0942,0.2161,11.38,0.00,1791448951.865264,3,0,0.0
exp4_rot_20261008_174201,1791448951.802547,camera_color_optical_frame,642,640,480,1,415.4,454.4,0.2982,0.8934,0.00429,2,1,1.000,0.6250,0.0939,0.2160,10.82,0.00,1791448951.900743,3,0,0.0
exp4_rot_20261008_174201,1791448951.835907,camera_color_optical_frame,643,640,480,1,415.4,454.4,0.2981,0.8932,0.00433,2,1,1.000,0.6230,0.0936,0.2152,11.11,0.00,1791448951.935031,3,0,0.0
exp4_rot_20261008_174201,1791448951.869267,camera_color_optical_frame,644,640,480,1,415.4,454.5,0.2981,0.8940,0.00429,2,1,1.000,0.6250,0.0939,0.2161,10.77,0.00,1791448951.968875,3,0,0.0
exp4_rot_20261008_174201,1791448951.902627,camera_color_optical_frame,645,640,480,1,415.4,454.5,0.2980,0.8938,0.00430,2,1,1.000,0.6230,0.0936,0.2154,13.40,0.00,1791448952.007524,3,0,0.0
exp4_rot_20261008_174201,1791448951.935986,camera_color_optical_frame,646,640,480,1,415.4,454.4,0.2980,0.8934,0.00432,2,1,1.000,0.6250,0.0939,0.2159,16.36,0.00,1791448952.045774,3,0,0.0
exp4_rot_20261008_174201,1791448951.969346,camera_color_optical_frame,647,640,480,1,415.4,454.4,0.2981,0.8933,0.00432,2,1,1.000,0.6270,0.0942,0.2166,19.09,0.00,1791448952.083076,3,0,0.0
exp4_rot_20261008_174201,1791448952.002706,camera_color_optical_frame,648,640,480,1,415.3,454.4,0.2979,0.8933,0.00432,2,0,,,,,7.92,33.36,1791448952.097312,3,0,0.0
exp4_rot_20261008_174201,1791448952.036066,camera_color_optical_frame,649,640,480,1,415.4,454.4,0.2982,0.8934,0.00428,2,1,1.000,0.6250,0.0939,0.2160,11.27,0.00,1791448952.132565,3,0,0.0
exp4_rot_20261008_174201,1791448952.069426,camera_color_optical_frame,650,640,480,1,415.4,454.4,0.2981,0.8935,0.00431,2,1,1.000,0.6260,0.0940,0.2163,13.44,0.00,1791448952.172317,3,0,0.0
exp4_rot_20261008_174201,1791448952.102786,camera_color_optical_frame,651,640,480,1,415.4,454.4,0.2982,0.8934,0.00429,2,1,1.000,0.6250,0.0939,0.2160,10.57,0.00,1791448952.201277,3,0,0.0
exp4_rot_20261008_174201,1791448952.136146,camera_color_optical_frame,652,640,480,1,415.4,454.3,0.2981,0.8931,0.00430,2,0,,,,,11.51,33.36,1791448952.223228,3,0,0.0
exp4_rot_20261008_174201,1791448952.169506,camera_color_optical_frame,653,640,480,1,415.4,454.4,0.2982,0.8933,0.00428,2,1,1.000,0.6250,0.0939,0.2159,10.28,0.00,1791448952.259631,3,0,0.0
exp4_rot_20261008_174201,1791448952.202866,camera_color_optical_frame,654,640,480,1,415.4,454.6,0.2982,0.8940,0.00426,2,1,1.000,0.6260,0.0941,0.2165,10.67,0.00,1791448952.296503,3,0,0.0
exp4_rot_20261008_174201,1791448952.236223,camera_color_optical_frame,655,640,480,1,415.4,454.5,0.2981,0.8936,0.00431,2,1,1.000,0.6250,0.0939,0.2160,11.82,0.00,1791448952.330957,3,0,0.0
exp4_rot_20261008_174201,1791448952.269579,camera_color_optical_frame,656,640,480,1,415.4,454.4,0.2981,0.8935,0.00431,2,0,,,,,13.63,33.36,1791448952.350068,3,0,0.0
exp4_rot_20261008_174201,1791448952.302936,camera_color_optical_frame,657,640,480,1,415.4,454.4,0.2981,0.8934,0.00432,2,1,1.000,0.6260,0.0941,0.2163,13.20,0.00,1791448952.396288,3,0,0.0
exp4_rot_20261008_174201,1791448952.336293,camera_color_optical_frame,658,640,480,1,415.4,454.3,0.2982,0.8930,0.00431,2,1,1.000,0.6250,0.0939,0.2159,11.99,0.00,1791448952.431714,3,0,0.0
exp4_rot_20261008_174201,1791448952.369649,camera_color_optical_frame,659,640,480,1,415.4,454.4,0.2982,0.8934,0.00429,2,1,1.000,0.6250,0.0939,0.2160,11.86,0.00,1791448952.469623,3,0,0.0
exp4_rot_20261008_174201,1791448952.403006,camera_color_optical_frame,660,640,480,1,415.4,454.4,0.2981,0.8935,0.00431,2,1,1.000,0.6250,0.0939,0.2160,11.23,0.00,1791448952.507486,3,0,0.0
exp4_rot_20261008_174201,1791448952.436363,camera_color_optical_frame,661,640,480,1,415.5,454.4,0.2985,0.8933,0.00426,2,1,1.000,0.6250,0.0940,0.2159,11.99,0.00,1791448952.551080,3,0,0.0
exp4_rot_20261008_174201,1791448952.469720,camera_color_optical_frame,662,640,480,1,415.5,454.3,0.2984,0.8930,0.00425,2,1,1.000,0.6260,0.0941,0.2162,11.90,0.00,1791448952.586747,3,0,0.0
exp4_rot_20261008_174201,1791448952.503076,camera_color_optical_frame,663,640,480,1,415.5,454.3,0.2983,0.8928,0.00430,2,1,1.000,0.6250,0.0940,0.2158,11.61,0.00,1791448952.626690,3,0,0.0
exp4_rot_20261008_174201,1791448952.536433,camera_color_optical_frame,664,640,480,1,415.4,454.4,0.2981,0.8935,0.00431,2,1,1.000,0.6250,0.0939,0.2160,11.11,0.00,1791448952.667374,3,0,0.0
exp4_rot_20261008_174201,1791448952.569790,camera_color_optical_frame,665,640,480,1,415.4,454.4,0.2981,0.8934,0.00432,2,1,1.000,0.6250,0.0939,0.2160,13.78,0.00,1791448952.706012,3,0,0.0
exp4_rot_20261008_174201,1791448952.603147,camera_color_optical_frame,666,640,480,1,415.4,454.4,0.2980,0.8935,0.00431,2,1,1.000,0.6240,0.0937,0.2156,14.61,0.00,1791448952.741435,3,0,0.0
exp4_rot_20261008_174201,1791448952.636504,camera_color_optical_frame,667,640,480,1,415.4,454.4,0.2980,0.8934,0.00432,2,1,1.000,0.6240,0.0937,0.2156,15.39,0.00,1791448952.776262,3,0,0.0
exp4_rot_20261008_174201,1791448952.669861,camera_color_optical_frame,668,640,480,1,415.4,454.4,0.2980,0.8933,0.00430,2,1,1.000,0.6240,0.0937,0.2156,19.38,0.00,1791448952.814953,3,0,0.0
exp4_rot_20261008_174201,1791448952.703218,camera_color_optical_frame,669,640,480,1,415.4,454.5,0.2980,0.8938,0.00430,2,1,1.000,0.6240,0.0937,0.2157,20.31,0.00,1791448952.850106,3,0,0.0
exp4_rot_20261008_174201,1791448952.736575,camera_color_optical_frame,670,640,480,1,415.5,454.3,0.2984,0.8929,0.00428,2,1,1.000,0.6240,0.0938,0.2155,18.44,0.00,1791448952.881578,3,0,0.0
exp4_rot_20261008_174201,1791448952.769932,camera_color_optical_frame,671,640,480,1,415.3,454.5,0.2979,0.8939,0.00429,2,1,1.000,0.6250,0.0938,0.2161,21.04,0.00,1791448952.918180,3,0,0.0
exp4_rot_20261008_174201,1791448952.803289,camera_color_optical_frame,672,640,480,1,415.5,454.3,0.2983,0.8928,0.00428,2,1,1.000,0.6240,0.0938,0.2155,17.90,0.00,1791448952.948491,3,0,0.0
exp4_rot_20261008_174201,1791448952.836646,camera_color_optical_frame,673,640,480,1,415.4,454.6,0.2980,0.8941,0.00429,2,1,1.000,0.6250,0.0939,0.2161,17.86,0.00,1791448952.983208,3,0,0.0
exp4_rot_20261008_174201,1791448952.870003,camera_color_optical_frame,674,640,480,1,415.4,454.6,0.2980,0.8940,0.00429,2,1,1.000,0.6260,0.0940,0.2164,15.21,0.00,1791448953.011637,3,0,0.0
exp4_rot_20261008_174201,1791448952.903360,camera_color_optical_frame,675,640,480,1,415.5,454.3,0.2984,0.8929,0.00427,2,1,1.000,0.6240,0.0939,0.2155,15.60,0.00,1791448953.047385,3,0,0.0
exp4_rot_20261008_174201,1791448952.936718,camera_color_optical_frame,676,640,480,1,415.4,454.5,0.2980,0.8938,0.00430,2,1,1.000,0.6230,0.0936,0.2154,14.13,0.00,1791448953.081214,3,0,0.0
exp4_rot_20261008_174201,1791448952.970075,camera_color_optical_frame,677,640,480,1,415.5,454.3,0.2984,0.8928,0.00427,2,1,1.000,0.6250,0.0940,0.2158,14.34,0.00,1791448953.110121,3,0,0.0
exp4_rot_20261008_174201,1791448953.003432,camera_color_optical_frame,678,640,480,1,415.4,454.4,0.2981,0.8935,0.00431,2,0,,,,,9.86,33.36,1791448953.126904,3,0,0.0
exp4_rot_20261008_174201,1791448953.036789,camera_color_optical_frame,679,640,480,1,415.4,454.5,0.2982,0.8936,0.00428,2,0,,,,,9.97,66.71,1791448953.143985,3,0,0.0
exp4_rot_20261008_174201,1791448953.070147,camera_color_optical_frame,680,640,480,1,415.5,454.1,0.2985,0.8923,0.00427,2,0,,,,,9.02,100.07,1791448953.164256,3,0,0.0
exp4_rot_20261008_174201,1791448953.103504,camera_color_optical_frame,681,640,480,1,415.4,454.4,0.2980,0.8935,0.00431,2,1,1.000,0.6260,0.0940,0.2163,13.19,0.00,1791448953.207375,3,0,0.0
exp4_rot_20261008_174201,1791448953.136861,camera_color_optical_frame,682,640,480,1,415.3,454.4,0.2979,0.8934,0.00432,2,1,1.000,0.6250,0.0938,0.2159,11.63,0.00,1791448953.238304,3,0,0.0
exp4_rot_20261008_174201,1791448953.170219,camera_color_optical_frame,683,640,480,1,415.4,454.4,0.2981,0.8935,0.00431,2,1,1.000,0.6260,0.0940,0.2163,11.80,0.00,1791448953.275207,3,0,0.0
exp4_rot_20261008_174201,1791448953.203576,camera_color_optical_frame,684,640,480,1,415.4,454.6,0.2980,0.8940,0.00429,2,1,1.000,0.6250,0.0939,0.2161,21.15,0.00,1791448953.322174,3,0,0.0
exp4_rot_20261008_174201,1791448953.236933,camera_color_optical_frame,685,640,480,1,415.4,454.4,0.2982,0.8933,0.00429,2,0,,,,,10.46,33.36,1791448953.339922,3,0,0.0
exp4_rot_20261008_174201,1791448953.270289,camera_color_optical_frame,686,640,480,1,415.4,454.6,0.2980,0.8941,0.00429,2,1,1.000,0.6230,0.0936,0.2154,12.52,0.00,1791448953.371485,3,0,0.0
exp4_rot_20261008_174201,1791448953.303646,camera_color_optical_frame,687,640,480,1,415.4,454.5,0.2980,0.8937,0.00431,2,1,1.000,0.6250,0.0939,0.2160,14.23,0.00,1791448953.406120,3,0,0.0
exp4_rot_20261008_174201,1791448953.337002,camera_color_optical_frame,688,640,480,1,415.6,454.1,0.2986,0.8922,0.00426,2,1,1.000,0.6240,0.0939,0.2153,14.77,0.00,1791448953.450642,3,0,0.0
exp4_rot_20261008_174201,1791448953.370358,camera_color_optical_frame,689,640,480,1,415.5,454.3,0.2984,0.8930,0.00429,2,1,1.000,0.6250,0.0940,0.2159,13.75,0.00,1791448953.487484,3,0,0.0
exp4_rot_20261008_174201,1791448953.403715,camera_color_optical_frame,690,640,480,1,415.4,454.3,0.2982,0.8931,0.00431,2,1,1.000,0.6260,0.0941,0.2162,12.20,0.00,1791448953.524113,3,0,0.0
exp4_rot_20261008_174201,1791448953.437072,camera_color_optical_frame,691,640,480,1,415.4,454.5,0.2981,0.8939,0.00430,2,1,1.000,0.6250,0.0939,0.2161,12.38,0.00,1791448953.563406,3,0,0.0
exp4_rot_20261008_174201,1791448953.470428,camera_color_optical_frame,692,640,480,1,415.4,454.5,0.2981,0.8939,0.00430,2,1,1.000,0.6240,0.0938,0.2157,14.67,0.00,1791448953.598676,3,0,0.0
exp4_rot_20261008_174201,1791448953.503784,camera_color_optical_frame,693,640,480,1,415.3,454.6,0.2980,0.8940,0.00429,2,1,1.000,0.6240,0.0937,0.2158,12.63,0.00,1791448953.637885,3,0,0.0
exp4_rot_20261008_174201,1791448953.537140,camera_color_optical_frame,694,640,480,1,415.4,454.6,0.2980,0.8940,0.00429,2,1,1.000,0.6260,0.0940,0.2165,14.31,0.00,1791448953.677654,3,0,0.0
exp4_rot_20261008_174201,1791448953.570496,camera_color_optical_frame,695,640,480,1,415.3,454.3,0.2978,0.8930,0.00429,2,1,1.000,0.6230,0.0935,0.2152,14.72,0.00,1791448953.717919,3,0,0.0
exp4_rot_20261008_174201,1791448953.603853,camera_color_optical_frame,696,640,480,1,415.4,454.5,0.2981,0.8937,0.00431,2,1,1.000,0.6250,0.0939,0.2160,15.05,0.00,1791448953.750929,3,0,0.0
exp4_rot_20261008_174201,1791448953.637209,camera_color_optical_frame,697,640,480,1,415.4,454.4,0.2982,0.8934,0.00429,2,1,1.000,0.6240,0.0938,0.2156,14.64,0.00,1791448953.780598,3,0,0.0
exp4_rot_20261008_174201,1791448953.670565,camera_color_optical_frame,698,640,480,1,415.4,454.4,0.2981,0.8935,0.00431,2,1,1.000,0.6250,0.0939,0.2160,14.51,0.00,1791448953.818096,3,0,0.0
exp4_rot_20261008_174201,1791448953.703921,camera_color_optical_frame,699,640,480,1,415.4,454.6,0.2980,0.8940,0.00429,2,1,1.000,0.6240,0.0937,0.2157,13.72,0.00,1791448953.850592,3,0,0.0
exp4_rot_20261008_174201,1791448953.737278,camera_color_optical_frame,700,640,480,1,415.4,454.4,0.2981,0.8934,0.00432,2,1,1.000,0.6240,0.0938,0.2156,12.98,0.00,1791448953.885747,3,0,0.0
exp4_rot_20261008_174201,1791448953.770633,camera_color_optical_frame,701,640,480,1,415.4,454.4,0.2982,0.8935,0.00427,2,1,1.000,0.6230,0.0936,0.2153,13.39,0.00,1791448953.924620,3,0,0.0
exp4_rot_20261008_174201,1791448953.803990,camera_color_optical_frame,702,640,480,1,415.4,454.5,0.2980,0.8937,0.00431,2,1,1.000,0.6250,0.0939,0.2160,14.34,0.00,1791448953.958933,3,0,0.0
exp4_rot_20261008_174201,1791448953.837346,camera_color_optical_frame,703,640,480,1,415.4,454.4,0.2981,0.8934,0.00432,2,1,1.000,0.6250,0.0939,0.2159,15.03,0.00,1791448953.992986,3,0,0.0
exp4_rot_20261008_174201,1791448953.870701,camera_color_optical_frame,704,640,480,1,415.4,454.5,0.2980,0.8939,0.00430,2,1,1.000,0.6250,0.0939,0.2161,17.28,0.00,1791448954.027333,3,0,0.0
exp4_rot_20261008_174201,1791448953.970769,camera_color_optical_frame,705,640,480,1,415.5,454.3,0.2984,0.8930,0.00426,2,0,,,,,14.38,100.07,1791448954.048950,3,0,0.0
exp4_rot_20261008_174201,1791448954.004125,camera_color_optical_frame,706,640,480,1,415.5,454.4,0.2983,0.8932,0.00429,2,1,1.000,0.6250,0.0940,0.2159,12.03,0.00,1791448954.094429,3,0,0.0
exp4_rot_20261008_174201,1791448954.037481,camera_color_optical_frame,707,640,480,1,415.5,454.3,0.2984,0.8927,0.00426,2,1,1.000,0.6260,0.0942,0.2161,10.95,0.00,1791448954.129627,3,0,0.0
exp4_rot_20261008_174201,1791448954.070837,camera_color_optical_frame,708,640,480,1,415.4,454.5,0.2982,0.8936,0.00431,2,1,1.000,0.6250,0.0939,0.2160,12.54,0.00,1791448954.170868,3,0,0.0
exp4_rot_20261008_174201,1791448954.104192,camera_color_optical_frame,709,640,480,1,415.3,454.5,0.2980,0.8940,0.00429,2,1,1.000,0.6250,0.0939,0.2161,14.08,0.00,1791448954.210484,3,0,0.0
exp4_rot_20261008_174201,1791448954.137548,camera_color_optical_frame,710,640,480,1,415.3,454.4,0.2980,0.8932,0.00432,2,1,1.000,0.6240,0.0937,0.2156,14.30,0.00,1791448954.247377,3,0,0.0
exp4_rot_20261008_174201,1791448954.170906,camera_color_optical_frame,711,640,480,1,415.4,454.5,0.2980,0.8938,0.00430,2,1,1.000,0.6250,0.0939,0.2161,13.53,0.00,1791448954.288549,3,0,0.0
exp4_rot_20261008_174201,1791448954.204260,camera_color_optical_frame,712,640,480,1,415.4,454.3,0.2980,0.8931,0.00433,2,1,1.000,0.6230,0.0936,0.2152,13.44,0.00,1791448954.324165,3,0,0.0
exp4_rot_20261008_174201,1791448954.237614,camera_color_optical_frame,713,640,480,1,415.4,454.4,0.2980,0.8935,0.00431,2,1,1.000,0.6250,0.0939,0.2160,11.89,0.00,1791448954.364118,3,0,0.0
exp4_rot_20261008_174201,1791448954.270967,camera_color_optical_frame,714,640,480,1,415.4,454.5,0.2981,0.8936,0.00431,2,1,1.000,0.6270,0.0942,0.2167,12.79,0.00,1791448954.398614,3,0,0.0
exp4_rot_20261008_174201,1791448954.304321,camera_color_optical_frame,715,640,480,1,415.4,454.5,0.2981,0.8936,0.00431,2,1,1.000,0.6250,0.0939,0.2160,15.85,0.00,1791448954.438954,3,0,0.0
exp4_rot_20261008_174201,1791448954.337675,camera_color_optical_frame,716,640,480,1,415.4,454.4,0.2981,0.8933,0.00432,2,0,,,,,9.13,33.35,1791448954.456337,3,0,0.0
exp4_rot_20261008_174201,1791448954.371028,camera_color_optical_frame,717,640,480,1,415.6,454.2,0.2987,0.8925,0.00423,2,1,1.000,0.6250,0.0941,0.2157,11.63,0.00,1791448954.493001,3,0,0.0
exp4_rot_20261008_174201,1791448954.404382,camera_color_optical_frame,718,640,480,1,415.4,454.4,0.2981,0.8935,0.00431,2,1,1.000,0.6250,0.0939,0.2160,11.67,0.00,1791448954.528589,3,0,0.0
exp4_rot_20261008_174201,1791448954.437736,camera_color_optical_frame,719,640,480,1,415.4,454.4,0.2981,0.8935,0.00429,2,1,1.000,0.6240,0.0937,0.2156,11.17,0.00,1791448954.564291,3,0,0.0
exp4_rot_20261008_174201,1791448954.471089,camera_color_optical_frame,720,640,480,1,415.4,454.6,0.2980,0.8943,0.00428,2,1,1.000,0.6240,0.0937,0.2158,11.78,0.00,1791448954.597450,3,0,0.0
exp4_rot_20261008_174201,1791448954.504442,camera_color_optical_frame,721,640,480,1,415.4,454.5,0.2981,0.8938,0.00430,2,1,1.000,0.6260,0.0941,0.2164,19.10,0.00,1791448954.643187,3,0,0.0
exp4_rot_20261008_174201,1791448954.537796,camera_color_optical_frame,722,640,480,1,415.4,454.5,0.2980,0.8937,0.00430,2,0,,,,,8.72,33.35,1791448954.659939,3,0,0.0
exp4_rot_20261008_174201,1791448954.571149,camera_color_optical_frame,723,640,480,1,415.3,454.3,0.2979,0.8931,0.00433,2,1,1.000,0.6240,0.0937,0.2155,13.49,0.00,1791448954.690275,3,0,0.0
exp4_rot_20261008_174201,1791448954.604503,camera_color_optical_frame,724,640,480,1,415.4,454.5,0.2980,0.8938,0.00430,2,1,1.000,0.6235,0.0936,0.2155,11.11,0.00,1791448954.726501,3,0,0.0
exp4_rot_20261008_174201,1791448954.637856,camera_color_optical_frame,725,640,480,1,415.3,454.5,0.2980,0.8940,0.00429,2,1,1.000,0.6230,0.0936,0.2154,10.95,0.00,1791448954.761934,3,0,0.0
exp4_rot_20261008_174201,1791448954.671209,camera_color_optical_frame,726,640,480,1,415.3,454.5,0.2979,0.8940,0.00429,2,1,1.000,0.6250,0.0938,0.2161,11.10,0.00,1791448954.797603,3,0,0.0
exp4_rot_20261008_174201,1791448954.704562,camera_color_optical_frame,727,640,480,1,415.4,454.3,0.2982,0.8931,0.00430,2,1,1.000,0.6240,0.0938,0.2155,11.53,0.00,1791448954.832454,3,0,0.0
exp4_rot_20261008_174201,1791448954.737916,camera_color_optical_frame,728,640,480,1,415.4,454.4,0.2982,0.8935,0.00426,2,1,1.000,0.6250,0.0940,0.2160,14.28,0.00,1791448954.873370,3,0,0.0
exp4_rot_20261008_174201,1791448954.771268,camera_color_optical_frame,729,640,480,1,415.5,454.3,0.2985,0.8928,0.00426,2,1,1.000,0.6250,0.0940,0.2158,15.78,0.00,1791448954.911252,3,0,0.0
exp4_rot_20261008_174201,1791448954.804621,camera_color_optical_frame,730,640,480,1,415.4,454.4,0.2981,0.8934,0.00432,2,1,1.000,0.6240,0.0937,0.2156,12.87,0.00,1791448954.942545,3,0,0.0
exp4_rot_20261008_174201,1791448954.837974,camera_color_optical_frame,731,640,480,1,415.4,454.6,0.2980,0.8940,0.00429,2,1,1.000,0.6250,0.0939,0.2161,12.86,0.00,1791448954.973575,3,0,0.0
exp4_rot_20261008_174201,1791448954.871327,camera_color_optical_frame,732,640,480,1,415.3,454.4,0.2979,0.8934,0.00430,2,1,1.000,0.6250,0.0938,0.2159,16.10,0.00,1791448955.011531,3,0,0.0
exp4_rot_20261008_174201,1791448954.904680,camera_color_optical_frame,733,640,480,1,415.4,454.4,0.2980,0.8932,0.00432,2,1,1.000,0.6240,0.0937,0.2156,13.88,0.00,1791448955.045251,3,0,0.0
exp4_rot_20261008_174201,1791448954.938033,camera_color_optical_frame,734,640,480,1,415.4,454.4,0.2981,0.8935,0.00431,2,1,1.000,0.6250,0.0939,0.2160,11.57,0.00,1791448955.074867,3,0,0.0
exp4_rot_20261008_174201,1791448954.971386,camera_color_optical_frame,735,640,480,1,415.4,454.4,0.2981,0.8935,0.00431,2,1,1.000,0.6260,0.0940,0.2163,16.16,0.00,1791448955.114772,3,0,0.0
exp4_rot_20261008_174201,1791448955.004738,camera_color_optical_frame,736,640,480,1,415.5,454.4,0.2983,0.8931,0.00428,2,1,1.000,0.6250,0.0940,0.2159,13.48,0.00,1791448955.144175,3,0,0.0
exp4_rot_20261008_174201,1791448955.038091,camera_color_optical_frame,737,640,480,1,415.4,454.4,0.2980,0.8931,0.00433,2,1,1.000,0.6250,0.0939,0.2159,11.09,0.00,1791448955.187715,3,0,0.0
exp4_rot_20261008_174201,1791448955.071444,camera_color_optical_frame,738,640,480,1,415.4,454.4,0.2982,0.8933,0.00430,2,1,1.000,0.6250,0.0939,0.2159,11.94,0.00,1791448955.225980,3,0,0.0
exp4_rot_20261008_174201,1791448955.104796,camera_color_optical_frame,739,640,480,1,415.4,454.4,0.2982,0.8934,0.00428,2,1,1.000,0.6270,0.0943,0.2166,14.96,0.00,1791448955.259239,3,0,0.0
exp4_rot_20261008_174201,1791448955.138144,camera_color_optical_frame,740,640,480,1,415.4,454.4,0.2982,0.8933,0.00430,2,1,1.000,0.6250,0.0939,0.2159,12.43,0.00,1791448955.298767,3,0,0.0
exp4_rot_20261008_174201,1791448955.171499,camera_color_optical_frame,741,640,480,1,415.4,454.5,0.2981,0.8938,0.00430,2,1,1.000,0.6240,0.0938,0.2157,10.87,0.00,1791448955.341389,3,0,0.0
exp4_rot_20261008_174201,1791448955.204854,camera_color_optical_frame,742,640,480,1,415.3,454.6,0.2979,0.8940,0.00429,2,1,1.000,0.6240,0.0937,0.2158,17.30,0.00,1791448955.386301,3,0,0.0
exp4_rot_20261008_174201,1791448955.238208,camera_color_optical_frame,743,640,480,1,415.4,454.4,0.2981,0.8935,0.00431,2,1,1.000,0.6270,0.0942,0.2167,14.58,0.00,1791448955.419749,3,0,0.0
exp4_rot_20261008_174201,1791448955.271563,camera_color_optical_frame,744,640,480,1,415.5,454.4,0.2985,0.8933,0.00423,2,1,1.000,0.6250,0.0940,0.2159,16.55,0.00,1791448955.452175,3,0,0.0
exp4_rot_20261008_174201,1791448955.304918,camera_color_optical_frame,745,640,480,1,415.4,454.4,0.2980,0.8934,0.00432,2,1,1.000,0.6250,0.0939,0.2159,11.58,0.00,1791448955.484747,3,0,0.0
exp4_rot_20261008_174201,1791448955.338272,camera_color_optical_frame,746,640,480,1,415.4,454.5,0.2981,0.8937,0.00430,2,1,1.000,0.6240,0.0937,0.2157,11.55,0.00,1791448955.519204,3,0,0.0
exp4_rot_20261008_174201,1791448955.371627,camera_color_optical_frame,747,640,480,1,415.4,454.4,0.2983,0.8933,0.00428,2,1,1.000,0.6240,0.0938,0.2156,14.29,0.00,1791448955.558203,3,0,0.0
exp4_rot_20261008_174201,1791448955.404982,camera_color_optical_frame,748,640,480,1,415.6,454.0,0.2989,0.8918,0.00423,2,1,1.000,0.6250,0.0942,0.2156,12.69,0.00,1791448955.598870,3,0,0.0
exp4_rot_20261008_174201,1791448955.438336,camera_color_optical_frame,749,640,480,1,415.5,454.4,0.2984,0.8933,0.00428,2,1,1.000,0.6230,0.0937,0.2152,11.78,0.00,1791448955.639959,3,0,0.0
exp4_rot_20261008_174201,1791448955.471691,camera_color_optical_frame,750,640,480,1,415.4,454.5,0.2980,0.8937,0.00431,2,1,1.000,0.6260,0.0940,0.2164,13.63,0.00,1791448955.679167,3,0,0.0
exp4_rot_20261008_174201,1791448955.505045,camera_color_optical_frame,751,640,480,1,415.7,454.0,0.2992,0.8916,0.00419,2,1,1.000,0.6250,0.0943,0.2155,13.37,0.00,1791448955.718470,3,0,0.0
exp4_rot_20261008_174201,1791448955.605108,camera_color_optical_frame,752,640,480,1,415.4,454.4,0.2982,0.8933,0.00430,2,0,,,,,10.20,100.06,1791448955.745594,3,0,0.0
exp4_rot_20261008_174201,1791448955.638463,camera_color_optical_frame,753,640,480,1,415.4,454.4,0.2981,0.8935,0.00431,2,0,,,,,10.17,133.42,1791448955.763700,3,0,0.0
exp4_rot_20261008_174201,1791448955.671817,camera_color_optical_frame,754,640,480,1,415.5,454.4,0.2983,0.8932,0.00428,2,0,,,,,11.06,166.77,1791448955.781969,3,0,0.0
exp4_rot_20261008_174201,1791448955.705171,camera_color_optical_frame,755,640,480,1,415.4,454.5,0.2981,0.8936,0.00431,2,0,,,,,8.59,200.13,1791448955.799121,3,0,0.0
exp4_rot_20261008_174201,1791448955.738525,camera_color_optical_frame,756,640,480,1,415.4,454.4,0.2981,0.8934,0.00432,2,1,1.000,0.6270,0.0942,0.2166,13.13,0.00,1791448955.832541,3,0,0.0
exp4_rot_20261008_174201,1791448955.771879,camera_color_optical_frame,757,640,480,1,415.4,454.4,0.2981,0.8935,0.00431,2,1,1.000,0.6260,0.0940,0.2163,12.99,0.00,1791448955.872243,3,0,0.0
exp4_rot_20261008_174201,1791448955.805233,camera_color_optical_frame,758,640,480,1,415.4,454.4,0.2981,0.8935,0.00431,2,1,1.000,0.6250,0.0939,0.2160,12.10,0.00,1791448955.911939,3,0,0.0
exp4_rot_20261008_174201,1791448955.838588,camera_color_optical_frame,759,640,480,1,415.4,454.4,0.2981,0.8935,0.00431,2,1,1.000,0.6250,0.0939,0.2160,13.22,0.00,1791448955.953684,3,0,0.0
exp4_rot_20261008_174201,1791448955.871942,camera_color_optical_frame,760,640,480,1,415.3,454.5,0.2979,0.8938,0.00430,2,1,1.000,0.6250,0.0939,0.2160,14.77,0.00,1791448955.992788,3,0,0.0
exp4_rot_20261008_174201,1791448955.905295,camera_color_optical_frame,761,640,480,1,415.4,454.5,0.2982,0.8937,0.00426,2,1,1.000,0.6240,0.0938,0.2157,11.07,0.00,1791448956.022934,3,0,0.0
exp4_rot_20261008_174201,1791448955.938649,camera_color_optical_frame,762,640,480,1,415.5,454.4,0.2984,0.8932,0.00427,2,1,1.000,0.6240,0.0938,0.2156,11.83,0.00,1791448956.054607,3,0,0.0
exp4_rot_20261008_174201,1791448955.972003,camera_color_optical_frame,763,640,480,1,415.4,454.5,0.2982,0.8937,0.00426,2,1,1.000,0.6250,0.0939,0.2160,15.99,0.00,1791448956.096269,3,0,0.0
exp4_rot_20261008_174201,1791448956.005357,camera_color_optical_frame,764,640,480,1,415.4,454.4,0.2981,0.8933,0.00430,2,0,,,,,9.57,33.35,1791448956.113561,3,0,0.0
exp4_rot_20261008_174201,1791448956.038711,camera_color_optical_frame,765,640,480,1,415.4,454.5,0.2981,0.8936,0.00431,2,0,,,,,8.43,66.71,1791448956.133335,3,0,0.0
exp4_rot_20261008_174201,1791448956.072065,camera_color_optical_frame,766,640,480,1,415.5,454.4,0.2984,0.8933,0.00427,2,1,1.000,0.6260,0.0941,0.2163,10.51,0.00,1791448956.168384,3,0,0.0
exp4_rot_20261008_174201,1791448956.105419,camera_color_optical_frame,767,640,480,1,415.4,454.5,0.2981,0.8937,0.00430,2,1,1.000,0.6250,0.0939,0.2160,13.55,0.00,1791448956.209172,3,0,0.0
exp4_rot_20261008_174201,1791448956.138772,camera_color_optical_frame,768,640,480,1,415.3,454.5,0.2979,0.8939,0.00429,2,1,1.000,0.6240,0.0937,0.2157,10.87,0.00,1791448956.241296,3,0,0.0
exp4_rot_20261008_174201,1791448956.172126,camera_color_optical_frame,769,640,480,1,415.5,454.2,0.2985,0.8925,0.00427,2,1,1.000,0.6260,0.0942,0.2161,13.01,0.00,1791448956.275278,3,0,0.0
exp4_rot_20261008_174201,1791448956.205484,camera_color_optical_frame,770,640,480,1,415.4,454.1,0.2983,0.8923,0.00428,2,1,1.000,0.6250,0.0940,0.2157,12.72,0.00,1791448956.319019,3,0,0.0
exp4_rot_20261008_174201,1791448956.238842,camera_color_optical_frame,771,640,480,1,415.5,454.3,0.2984,0.8929,0.00426,2,1,1.000,0.6250,0.0940,0.2158,11.95,0.00,1791448956.357286,3,0,0.0
exp4_rot_20261008_174201,1791448956.272201,camera_color_optical_frame,772,640,480,1,415.4,454.5,0.2981,0.8936,0.00431,2,1,1.000,0.6250,0.0939,0.2160,13.87,0.00,1791448956.392352,3,0,0.0
exp4_rot_20261008_174201,1791448956.305559,camera_color_optical_frame,773,640,480,1,415.4,454.4,0.2982,0.8933,0.00428,2,1,1.000,0.6250,0.0939,0.2159,11.67,0.00,1791448956.432660,3,0,0.0
exp4_rot_20261008_174201,1791448956.338917,camera_color_optical_frame,774,640,480,1,415.4,454.4,0.2982,0.8934,0.00429,2,1,1.000,0.6240,0.0938,0.2156,11.55,0.00,1791448956.468830,3,0,0.0
exp4_rot_20261008_174201,1791448956.372276,camera_color_optical_frame,775,640,480,1,415.4,454.3,0.2980,0.8928,0.00424,2,1,1.000,0.6240,0.0937,0.2154,11.48,0.00,1791448956.507186,3,0,0.0
exp4_rot_20261008_174201,1791448956.405634,camera_color_optical_frame,776,640,480,1,415.4,454.4,0.2981,0.8935,0.00431,2,1,1.000,0.6260,0.0940,0.2163,11.31,0.00,1791448956.542310,3,0,0.0
exp4_rot_20261008_174201,1791448956.438992,camera_color_optical_frame,777,640,480,1,415.4,454.3,0.2981,0.8930,0.00431,2,1,1.000,0.6240,0.0938,0.2155,10.84,0.00,1791448956.580483,3,0,0.0
exp4_rot_20261008_174201,1791448956.472351,camera_color_optical_frame,778,640,480,1,415.4,454.5,0.2981,0.8936,0.00431,2,1,1.000,0.6250,0.0939,0.2160,12.86,0.00,1791448956.616071,3,0,0.0
exp4_rot_20261008_174201,1791448956.505709,camera_color_optical_frame,779,640,480,1,415.4,454.5,0.2980,0.8936,0.00431,2,1,1.000,0.6280,0.0943,0.2170,13.81,0.00,1791448956.653249,3,0,0.0
exp4_rot_20261008_174201,1791448956.539068,camera_color_optical_frame,780,640,480,1,415.6,454.2,0.2987,0.8923,0.00425,2,1,1.000,0.6230,0.0938,0.2150,13.75,0.00,1791448956.692907,3,0,0.0
exp4_rot_20261008_174201,1791448956.572426,camera_color_optical_frame,781,640,480,1,415.3,454.3,0.2978,0.8929,0.00428,2,1,1.000,0.6250,0.0938,0.2158,11.79,0.00,1791448956.728641,3,0,0.0
exp4_rot_20261008_174201,1791448956.605785,camera_color_optical_frame,782,640,480,1,415.4,454.4,0.2982,0.8933,0.00432,2,1,1.000,0.6270,0.0942,0.2166,11.71,0.00,1791448956.768112,3,0,0.0
exp4_rot_20261008_174201,1791448956.639143,camera_color_optical_frame,783,640,480,1,415.4,454.5,0.2981,0.8937,0.00431,2,1,1.000,0.6260,0.0941,0.2164,10.94,0.00,1791448956.804784,3,0,0.0
exp4_rot_20261008_174201,1791448956.672502,camera_color_optical_frame,784,640,480,1,415.4,454.5,0.2980,0.8939,0.00430,2,1,1.000,0.6250,0.0939,0.2161,11.86,0.00,1791448956.846173,3,0,0.0
exp4_rot_20261008_174201,1791448956.705861,camera_color_optical_frame,785,640,480,1,415.3,454.5,0.2980,0.8938,0.00430,2,1,1.000,0.6270,0.0942,0.2167,11.29,0.00,1791448956.876975,3,0,0.0
exp4_rot_20261008_174201,1791448956.739219,camera_color_optical_frame,786,640,480,1,415.5,454.1,0.2985,0.8923,0.00426,2,1,1.000,0.6260,0.0942,0.2160,10.70,0.00,1791448956.916499,3,0,0.0
exp4_rot_20261008_174201,1791448956.772578,camera_color_optical_frame,787,640,480,1,415.3,454.4,0.2978,0.8933,0.00430,2,1,1.000,0.6240,0.0937,0.2156,14.28,0.00,1791448956.955936,3,0,0.0
exp4_rot_20261008_174201,1791448956.805937,camera_color_optical_frame,788,640,480,1,415.4,454.5,0.2980,0.8936,0.00431,2,1,1.000,0.6240,0.0937,0.2157,13.76,0.00,1791448956.995091,3,0,0.0
exp4_rot_20261008_174201,1791448956.839296,camera_color_optical_frame,789,640,480,1,415.4,454.4,0.2980,0.8933,0.00432,2,1,1.000,0.6240,0.0937,0.2156,12.77,0.00,1791448957.027763,3,0,0.0
exp4_rot_20261008_174201,1791448956.872654,camera_color_optical_frame,790,640,480,1,415.4,454.5,0.2981,0.8937,0.00431,2,1,1.000,0.6250,0.0939,0.2160,13.58,0.00,1791448957.058735,3,0,0.0
exp4_rot_20261008_174201,1791448956.906013,camera_color_optical_frame,791,640,480,1,415.4,454.4,0.2981,0.8934,0.00427,2,1,1.000,0.6230,0.0936,0.2153,13.87,0.00,1791448957.095120,3,0,0.0
exp4_rot_20261008_174201,1791448956.939372,camera_color_optical_frame,792,640,480,1,415.4,454.4,0.2980,0.8935,0.00431,2,1,1.000,0.6250,0.0939,0.2160,11.03,0.00,1791448957.133893,3,0,0.0
exp4_rot_20261008_174201,1791448956.972731,camera_color_optical_frame,793,640,480,1,415.4,454.5,0.2980,0.8937,0.00431,2,1,1.000,0.6250,0.0939,0.2160,11.44,0.00,1791448957.173735,3,0,0.0
exp4_rot_20261008_174201,1791448957.006090,camera_color_optical_frame,794,640,480,1,415.4,454.5,0.2981,0.8937,0.00430,2,1,1.000,0.6250,0.0939,0.2160,12.51,0.00,1791448957.210456,3,0,0.0
exp4_rot_20261008_174201,1791448957.039449,camera_color_optical_frame,795,640,480,1,415.4,454.3,0.2981,0.8930,0.00429,2,1,1.000,0.6250,0.0939,0.2158,11.51,0.00,1791448957.248053,3,0,0.0
exp4_rot_20261008_174201,1791448957.106171,camera_color_optical_frame,796,640,480,1,415.3,454.4,0.2978,0.8934,0.00428,2,1,1.000,0.6250,0.0938,0.2160,11.44,0.00,1791448957.279837,3,0,0.0
exp4_rot_20261008_174201,1791448957.139528,camera_color_optical_frame,797,640,480,1,415.5,454.3,0.2986,0.8930,0.00425,2,1,1.000,0.6250,0.0941,0.2159,12.05,0.00,1791448957.316665,3,0,0.0
exp4_rot_20261008_174201,1791448957.172885,camera_color_optical_frame,798,640,480,1,415.4,454.4,0.2980,0.8935,0.00431,2,1,1.000,0.6250,0.0939,0.2160,11.81,0.00,1791448957.350396,3,0,0.0
exp4_rot_20261008_174201,1791448957.206241,camera_color_optical_frame,799,640,480,1,415.5,454.5,0.2984,0.8936,0.00426,2,1,1.000,0.6260,0.0941,0.2163,14.94,0.00,1791448957.388512,3,0,0.0
exp4_rot_20261008_174201,1791448957.239598,camera_color_optical_frame,800,640,480,1,415.4,454.5,0.2981,0.8936,0.00431,2,1,1.000,0.6260,0.0940,0.2164,12.94,0.00,1791448957.422040,3,0,0.0
exp4_rot_20261008_174201,1791448957.272955,camera_color_optical_frame,801,640,480,1,415.4,454.5,0.2981,0.8938,0.00430,2,1,1.000,0.6240,0.0937,0.2157,14.10,0.00,1791448957.455104,3,0,0.0
exp4_rot_20261008_174201,1791448957.306311,camera_color_optical_frame,802,640,480,1,415.4,454.5,0.2980,0.8936,0.00431,2,1,1.000,0.6260,0.0940,0.2164,12.47,0.00,1791448957.486743,3,0,0.0
exp4_rot_20261008_174201,1791448957.339668,camera_color_optical_frame,803,640,480,1,415.4,454.4,0.2981,0.8935,0.00431,2,1,1.000,0.6250,0.0939,0.2160,11.99,0.00,1791448957.518494,3,0,0.0
exp4_rot_20261008_174201,1791448957.373025,camera_color_optical_frame,804,640,480,1,415.4,454.6,0.2980,0.8940,0.00429,2,1,1.000,0.6260,0.0940,0.2165,13.71,0.00,1791448957.553413,3,0,0.0
exp4_rot_20261008_174201,1791448957.406382,camera_color_optical_frame,805,640,480,1,415.4,454.4,0.2981,0.8935,0.00431,2,1,1.000,0.6260,0.0940,0.2163,11.14,0.00,1791448957.590013,3,0,0.0
exp4_rot_20261008_174201,1791448957.439739,camera_color_optical_frame,806,640,480,1,415.4,454.5,0.2980,0.8938,0.00428,2,1,1.000,0.6230,0.0936,0.2154,11.87,0.00,1791448957.623923,3,0,0.0
exp4_rot_20261008_174201,1791448957.473095,camera_color_optical_frame,807,640,480,1,415.3,454.6,0.2979,0.8940,0.00429,2,1,1.000,0.6240,0.0937,0.2158,12.33,0.00,1791448957.656373,3,0,0.0
exp4_rot_20261008_174201,1791448957.506453,camera_color_optical_frame,808,640,480,1,415.4,454.4,0.2981,0.8934,0.00432,2,1,1.000,0.6270,0.0942,0.2166,12.27,0.00,1791448957.693885,3,0,0.0
exp4_rot_20261008_174201,1791448957.539809,camera_color_optical_frame,809,640,480,1,415.4,454.5,0.2980,0.8938,0.00430,2,1,1.000,0.6250,0.0939,0.2161,15.46,0.00,1791448957.735036,3,0,0.0
exp4_rot_20261008_174201,1791448957.573166,camera_color_optical_frame,810,640,480,1,415.4,454.5,0.2980,0.8937,0.00431,2,1,1.000,0.6250,0.0939,0.2160,14.29,0.00,1791448957.767578,3,0,0.0
exp4_rot_20261008_174201,1791448957.606523,camera_color_optical_frame,811,640,480,1,415.3,454.6,0.2979,0.8940,0.00429,2,1,1.000,0.6270,0.0941,0.2168,11.32,0.00,1791448957.797419,3,0,0.0
exp4_rot_20261008_174201,1791448957.639880,camera_color_optical_frame,812,640,480,1,415.4,454.5,0.2980,0.8936,0.00431,2,1,1.000,0.6250,0.0939,0.2160,12.02,0.00,1791448957.833390,3,0,0.0
exp4_rot_20261008_174201,1791448957.673237,camera_color_optical_frame,813,640,480,1,415.4,454.6,0.2980,0.8941,0.00429,2,1,1.000,0.6250,0.0939,0.2161,12.31,0.00,1791448957.863256,3,0,0.0
exp4_rot_20261008_174201,1791448957.706594,camera_color_optical_frame,814,640,480,1,415.4,454.5,0.2981,0.8937,0.00431,2,1,1.000,0.6250,0.0939,0.2160,13.29,0.00,1791448957.900138,3,0,0.0
exp4_rot_20261008_174201,1791448957.739951,camera_color_optical_frame,815,640,480,1,415.4,454.4,0.2981,0.8934,0.00432,2,1,1.000,0.6250,0.0939,0.2160,13.68,0.00,1791448957.940328,3,0,0.0
exp4_rot_20261008_174201,1791448957.773309,camera_color_optical_frame,816,640,480,1,415.4,454.5,0.2981,0.8936,0.00431,2,1,1.000,0.6260,0.0941,0.2164,12.94,0.00,1791448957.973434,3,0,0.0
exp4_rot_20261008_174201,1791448957.806665,camera_color_optical_frame,817,640,480,1,415.4,454.5,0.2981,0.8938,0.00430,2,1,1.000,0.6270,0.0942,0.2167,14.09,0.00,1791448958.012315,3,0,0.0
exp4_rot_20261008_174201,1791448957.873380,camera_color_optical_frame,818,640,480,1,415.4,454.5,0.2980,0.8938,0.00430,2,1,1.000,0.6250,0.0939,0.2161,13.36,0.00,1791448958.046273,3,0,0.0
exp4_rot_20261008_174201,1791448957.906737,camera_color_optical_frame,819,640,480,1,415.3,454.6,0.2979,0.8941,0.00429,2,1,1.000,0.6250,0.0938,0.2161,11.31,0.00,1791448958.079324,3,0,0.0
exp4_rot_20261008_174201,1791448957.940094,camera_color_optical_frame,820,640,480,1,415.5,454.3,0.2983,0.8930,0.00429,2,1,1.000,0.6230,0.0937,0.2152,16.99,0.00,1791448958.121524,3,0,0.0
exp4_rot_20261008_174201,1791448957.973451,camera_color_optical_frame,821,640,480,1,415.4,454.5,0.2980,0.8937,0.00430,2,1,1.000,0.6250,0.0939,0.2160,15.62,0.00,1791448958.158219,3,0,0.0
exp4_rot_20261008_174201,1791448958.006809,camera_color_optical_frame,822,640,480,1,415.4,454.5,0.2980,0.8938,0.00430,2,1,1.000,0.6250,0.0939,0.2161,16.11,0.00,1791448958.193132,3,0,0.0
exp4_rot_20261008_174201,1791448958.040166,camera_color_optical_frame,823,640,480,1,415.5,454.3,0.2984,0.8931,0.00427,2,1,1.000,0.6240,0.0939,0.2155,16.43,0.00,1791448958.226528,3,0,0.0
exp4_rot_20261008_174201,1791448958.073523,camera_color_optical_frame,824,640,480,1,415.4,454.4,0.2981,0.8933,0.00432,2,1,1.000,0.6250,0.0939,0.2159,15.12,0.00,1791448958.261435,3,0,0.0
exp4_rot_20261008_174201,1791448958.106874,camera_color_optical_frame,825,640,480,1,415.5,454.2,0.2986,0.8925,0.00425,2,1,1.000,0.6240,0.0939,0.2154,15.11,0.00,1791448958.295387,3,0,0.0
exp4_rot_20261008_174201,1791448958.140233,camera_color_optical_frame,826,640,480,1,415.4,454.5,0.2981,0.8938,0.00430,2,1,1.000,0.6260,0.0940,0.2164,14.93,0.00,1791448958.330401,3,0,0.0
exp4_rot_20261008_174201,1791448958.173593,camera_color_optical_frame,827,640,480,1,415.4,454.4,0.2981,0.8935,0.00431,2,1,1.000,0.6240,0.0938,0.2156,14.41,0.00,1791448958.362710,3,0,0.0
exp4_rot_20261008_174201,1791448958.206952,camera_color_optical_frame,828,640,480,1,415.3,454.4,0.2979,0.8934,0.00432,2,1,1.000,0.6250,0.0938,0.2159,15.34,0.00,1791448958.396792,3,0,0.0
exp4_rot_20261008_174201,1791448958.240312,camera_color_optical_frame,829,640,480,1,415.4,454.4,0.2981,0.8935,0.00431,2,1,1.000,0.6270,0.0942,0.2167,13.52,0.00,1791448958.430598,3,0,0.0
exp4_rot_20261008_174201,1791448958.273671,camera_color_optical_frame,830,640,480,1,415.4,454.5,0.2980,0.8937,0.00431,2,1,1.000,0.6245,0.0938,0.2159,14.12,0.00,1791448958.461509,3,0,0.0
exp4_rot_20261008_174201,1791448958.307031,camera_color_optical_frame,831,640,480,1,415.3,454.5,0.2979,0.8937,0.00430,2,1,1.000,0.6250,0.0938,0.2160,13.87,0.00,1791448958.495886,3,0,0.0
exp4_rot_20261008_174201,1791448958.340391,camera_color_optical_frame,832,640,480,1,415.3,454.4,0.2980,0.8935,0.00431,2,1,1.000,0.6250,0.0939,0.2160,14.85,0.00,1791448958.532396,3,0,0.0
exp4_rot_20261008_174201,1791448958.373751,camera_color_optical_frame,833,640,480,1,415.4,454.3,0.2982,0.8930,0.00430,2,1,1.000,0.6240,0.0938,0.2155,14.00,0.00,1791448958.568133,3,0,0.0
exp4_rot_20261008_174201,1791448958.407110,camera_color_optical_frame,834,640,480,1,415.4,454.5,0.2980,0.8937,0.00430,2,1,1.000,0.6240,0.0937,0.2157,13.43,0.00,1791448958.601844,3,0,0.0
exp4_rot_20261008_174201,1791448958.440470,camera_color_optical_frame,835,640,480,1,415.4,454.5,0.2981,0.8937,0.00431,2,1,1.000,0.6240,0.0938,0.2157,13.14,0.00,1791448958.634388,3,0,0.0
exp4_rot_20261008_174201,1791448958.473830,camera_color_optical_frame,836,640,480,1,415.4,454.5,0.2981,0.8938,0.00430,2,1,1.000,0.6260,0.0941,0.2164,13.99,0.00,1791448958.668789,3,0,0.0
exp4_rot_20261008_174201,1791448958.507190,camera_color_optical_frame,837,640,480,1,415.4,454.4,0.2982,0.8933,0.00430,2,1,1.000,0.6270,0.0942,0.2166,13.46,0.00,1791448958.701008,3,0,0.0
exp4_rot_20261008_174201,1791448958.540550,camera_color_optical_frame,838,640,480,1,415.4,454.6,0.2981,0.8940,0.00429,2,1,1.000,0.6250,0.0939,0.2161,13.79,0.00,1791448958.737145,3,0,0.0
exp4_rot_20261008_174201,1791448958.573910,camera_color_optical_frame,839,640,480,1,415.4,454.5,0.2981,0.8937,0.00431,2,1,1.000,0.6230,0.0936,0.2153,14.54,0.00,1791448958.772410,3,0,0.0
exp4_rot_20261008_174201,1791448958.607270,camera_color_optical_frame,840,640,480,1,415.4,454.5,0.2980,0.8937,0.00431,2,1,1.000,0.6250,0.0939,0.2160,13.27,0.00,1791448958.805640,3,0,0.0
exp4_rot_20261008_174201,1791448958.640630,camera_color_optical_frame,841,640,480,1,415.4,454.5,0.2981,0.8936,0.00431,2,1,1.000,0.6240,0.0937,0.2157,13.17,0.00,1791448958.839143,3,0,0.0
exp4_rot_20261008_174201,1791448958.673990,camera_color_optical_frame,842,640,480,1,415.5,454.3,0.2984,0.8929,0.00426,2,1,1.000,0.6250,0.0940,0.2158,14.18,0.00,1791448958.873930,3,0,0.0
exp4_rot_20261008_174201,1791448958.707351,camera_color_optical_frame,843,640,480,1,415.4,454.4,0.2981,0.8935,0.00429,2,1,1.000,0.6250,0.0939,0.2160,16.81,0.00,1791448958.913152,3,0,0.0
exp4_rot_20261008_174201,1791448958.740711,camera_color_optical_frame,844,640,480,1,415.4,454.6,0.2981,0.8940,0.00429,2,1,1.000,0.6240,0.0937,0.2158,16.01,0.00,1791448958.945570,3,0,0.0
exp4_rot_20261008_174201,1791448958.807432,camera_color_optical_frame,845,640,480,1,415.4,454.5,0.2980,0.8937,0.00430,2,1,1.000,0.6270,0.0942,0.2167,14.94,0.00,1791448958.977735,3,0,0.0
exp4_rot_20261008_174201,1791448958.840792,camera_color_optical_frame,846,640,480,1,415.4,454.3,0.2981,0.8928,0.00431,2,1,1.000,0.6240,0.0938,0.2155,15.97,0.00,1791448959.013105,3,0,0.0
exp4_rot_20261008_174201,1791448958.874153,camera_color_optical_frame,847,640,480,1,415.4,454.4,0.2981,0.8931,0.00431,2,1,1.000,0.6260,0.0941,0.2162,14.35,0.00,1791448959.044711,3,0,0.0
exp4_rot_20261008_174201,1791448958.907513,camera_color_optical_frame,848,640,480,1,415.5,454.4,0.2983,0.8932,0.00427,2,1,1.000,0.6240,0.0938,0.2156,15.11,0.00,1791448959.080446,3,0,0.0
exp4_rot_20261008_174201,1791448958.940874,camera_color_optical_frame,849,640,480,1,415.5,454.3,0.2984,0.8931,0.00427,2,1,1.000,0.6270,0.0943,0.2166,13.46,0.00,1791448959.110326,3,0,0.0
exp4_rot_20261008_174201,1791448958.974234,camera_color_optical_frame,850,640,480,1,415.5,454.5,0.2984,0.8938,0.00426,2,1,1.000,0.6250,0.0940,0.2161,11.10,0.00,1791448959.141109,3,0,0.0
exp4_rot_20261008_174201,1791448959.007595,camera_color_optical_frame,851,640,480,1,415.5,454.4,0.2985,0.8932,0.00426,2,1,1.000,0.6250,0.0940,0.2159,11.36,0.00,1791448959.174522,3,0,0.0
exp4_rot_20261008_174201,1791448959.040956,camera_color_optical_frame,852,640,480,1,415.4,454.5,0.2980,0.8938,0.00430,2,1,1.000,0.6240,0.0937,0.2157,15.63,0.00,1791448959.213428,3,0,0.0
exp4_rot_20261008_174201,1791448959.074317,camera_color_optical_frame,853,640,480,1,415.3,454.3,0.2980,0.8931,0.00433,2,1,1.000,0.6260,0.0940,0.2162,13.84,0.00,1791448959.247509,3,0,0.0
exp4_rot_20261008_174201,1791448959.107677,camera_color_optical_frame,854,640,480,1,415.4,454.4,0.2980,0.8934,0.00431,2,1,1.000,0.6240,0.0937,0.2156,16.15,0.00,1791448959.284474,3,0,0.0
exp4_rot_20261008_174201,1791448959.141037,camera_color_optical_frame,855,640,480,1,415.5,454.5,0.2983,0.8937,0.00426,2,1,1.000,0.6250,0.0940,0.2160,12.07,0.00,1791448959.311358,3,0,0.0
exp4_rot_20261008_174201,1791448959.174396,camera_color_optical_frame,856,640,480,1,415.4,454.5,0.2980,0.8937,0.00430,2,1,1.000,0.6250,0.0939,0.2160,12.46,0.00,1791448959.347509,3,0,0.0
exp4_rot_20261008_174201,1791448959.207755,camera_color_optical_frame,857,640,480,1,415.4,454.5,0.2981,0.8938,0.00430,2,1,1.000,0.6270,0.0942,0.2167,13.44,0.00,1791448959.382995,3,0,0.0
exp4_rot_20261008_174201,1791448959.241114,camera_color_optical_frame,858,640,480,1,415.4,454.5,0.2981,0.8936,0.00431,2,1,1.000,0.6270,0.0942,0.2167,13.74,0.00,1791448959.415024,3,0,0.0
exp4_rot_20261008_174201,1791448959.274474,camera_color_optical_frame,859,640,480,1,415.4,454.5,0.2980,0.8938,0.00430,2,1,1.000,0.6280,0.0943,0.2171,12.77,0.00,1791448959.446925,3,0,0.0
exp4_rot_20261008_174201,1791448959.307833,camera_color_optical_frame,860,640,480,1,415.3,454.4,0.2980,0.8935,0.00431,2,1,1.000,0.6250,0.0939,0.2160,13.34,0.00,1791448959.484277,3,0,0.0
exp4_rot_20261008_174201,1791448959.341192,camera_color_optical_frame,861,640,480,1,415.4,454.5,0.2981,0.8937,0.00431,2,1,1.000,0.6250,0.0939,0.2160,12.39,0.00,1791448959.517202,3,0,0.0
exp4_rot_20261008_174201,1791448959.374552,camera_color_optical_frame,862,640,480,1,415.5,454.3,0.2983,0.8931,0.00430,2,1,1.000,0.6250,0.0940,0.2159,14.28,0.00,1791448959.549472,3,0,0.0
exp4_rot_20261008_174201,1791448959.441271,camera_color_optical_frame,863,640,480,1,415.3,454.5,0.2979,0.8937,0.00428,2,0,,,,,9.28,66.72,1791448959.567227,3,0,0.0
exp4_rot_20261008_174201,1791448959.474630,camera_color_optical_frame,864,640,480,1,415.3,454.5,0.2980,0.8939,0.00429,2,0,,,,,10.24,100.08,1791448959.585601,3,0,0.0
exp4_rot_20261008_174201,1791448959.507990,camera_color_optical_frame,865,640,480,1,415.5,454.3,0.2985,0.8928,0.00426,2,0,,,,,7.79,133.44,1791448959.604524,3,0,0.0
exp4_rot_20261008_174201,1791448959.541349,camera_color_optical_frame,866,640,480,1,415.3,454.5,0.2979,0.8940,0.00429,2,1,1.000,0.6260,0.0940,0.2164,10.75,0.00,1791448959.640129,3,0,0.0
exp4_rot_20261008_174201,1791448959.574709,camera_color_optical_frame,867,640,480,1,415.4,454.5,0.2980,0.8939,0.00430,2,1,1.000,0.6240,0.0937,0.2157,10.81,0.00,1791448959.678590,3,0,0.0
exp4_rot_20261008_174201,1791448959.608068,camera_color_optical_frame,868,640,480,1,415.4,454.6,0.2980,0.8941,0.00429,2,1,1.000,0.6250,0.0939,0.2161,12.74,0.00,1791448959.718665,3,0,0.0
exp4_rot_20261008_174201,1791448959.641428,camera_color_optical_frame,869,640,480,1,415.4,454.4,0.2982,0.8934,0.00429,2,1,1.000,0.6250,0.0939,0.2159,12.65,0.00,1791448959.755548,3,0,0.0
exp4_rot_20261008_174201,1791448959.674788,camera_color_optical_frame,870,640,480,1,415.4,454.5,0.2981,0.8939,0.00430,2,1,1.000,0.6270,0.0942,0.2168,11.83,0.00,1791448959.792699,3,0,0.0
exp4_rot_20261008_174201,1791448959.708148,camera_color_optical_frame,871,640,480,1,415.5,454.4,0.2983,0.8933,0.00429,2,1,1.000,0.6250,0.0940,0.2159,13.72,0.00,1791448959.826007,3,0,0.0
exp4_rot_20261008_174201,1791448959.741507,camera_color_optical_frame,872,640,480,1,415.4,454.4,0.2980,0.8934,0.00432,2,1,1.000,0.6250,0.0939,0.2159,11.61,0.00,1791448959.865643,3,0,0.0
exp4_rot_20261008_174201,1791448959.774867,camera_color_optical_frame,873,640,480,1,415.5,454.2,0.2985,0.8925,0.00424,2,1,1.000,0.6250,0.0940,0.2157,13.03,0.00,1791448959.903398,3,0,0.0
exp4_rot_20261008_174201,1791448959.808227,camera_color_optical_frame,874,640,480,1,415.4,454.5,0.2980,0.8937,0.00430,2,1,1.000,0.6250,0.0939,0.2160,12.15,0.00,1791448959.939104,3,0,0.0
exp4_rot_20261008_174201,1791448959.841587,camera_color_optical_frame,875,640,480,1,415.4,454.4,0.2980,0.8935,0.00431,2,1,1.000,0.6250,0.0939,0.2160,13.22,0.00,1791448959.970939,3,0,0.0
exp4_rot_20261008_174201,1791448959.874946,camera_color_optical_frame,876,640,480,1,415.4,454.4,0.2981,0.8935,0.00431,2,1,1.000,0.6260,0.0940,0.2163,11.58,0.00,1791448960.004241,3,0,0.0
exp4_rot_20261008_174201,1791448959.908306,camera_color_optical_frame,877,640,480,1,415.4,454.5,0.2981,0.8936,0.00431,2,1,1.000,0.6260,0.0940,0.2164,11.30,0.00,1791448960.039454,3,0,0.0
exp4_rot_20261008_174201,1791448959.941666,camera_color_optical_frame,878,640,480,1,415.4,454.3,0.2982,0.8931,0.00430,2,1,1.000,0.6240,0.0938,0.2155,12.43,0.00,1791448960.075797,3,0,0.0
exp4_rot_20261008_174201,1791448959.975026,camera_color_optical_frame,879,640,480,1,415.4,454.5,0.2981,0.8939,0.00430,2,1,1.000,0.6270,0.0942,0.2168,10.34,0.00,1791448960.108447,3,0,0.0
exp4_rot_20261008_174201,1791448960.008386,camera_color_optical_frame,880,640,480,1,415.4,454.5,0.2982,0.8936,0.00431,2,1,1.000,0.6250,0.0939,0.2160,11.91,0.00,1791448960.146329,3,0,0.0
exp4_rot_20261008_174201,1791448960.041746,camera_color_optical_frame,881,640,480,1,415.5,454.3,0.2985,0.8927,0.00425,2,1,1.000,0.6250,0.0940,0.2158,14.44,0.00,1791448960.181380,3,0,0.0
exp4_rot_20261008_174201,1791448960.075106,camera_color_optical_frame,882,640,480,1,415.4,454.5,0.2982,0.8936,0.00431,2,1,1.000,0.6250,0.0939,0.2160,13.66,0.00,1791448960.219680,3,0,0.0
exp4_rot_20261008_174201,1791448960.108466,camera_color_optical_frame,883,640,480,1,415.3,454.3,0.2978,0.8930,0.00429,2,1,1.000,0.6240,0.0937,0.2155,11.78,0.00,1791448960.259879,3,0,0.0
exp4_rot_20261008_174201,1791448960.141821,camera_color_optical_frame,884,640,480,1,415.4,454.5,0.2981,0.8938,0.00430,2,1,1.000,0.6230,0.0936,0.2154,12.25,0.00,1791448960.291875,3,0,0.0
exp4_rot_20261008_174201,1791448960.175179,camera_color_optical_frame,885,640,480,1,415.4,454.5,0.2981,0.8938,0.00430,2,1,1.000,0.6250,0.0939,0.2161,11.57,0.00,1791448960.331428,3,0,0.0
exp4_rot_20261008_174201,1791448960.208537,camera_color_optical_frame,886,640,480,1,415.4,454.5,0.2980,0.8937,0.00431,2,1,1.000,0.6260,0.0940,0.2164,12.02,0.00,1791448960.370323,3,0,0.0
exp4_rot_20261008_174201,1791448960.241895,camera_color_optical_frame,887,640,480,1,415.4,454.5,0.2981,0.8936,0.00431,2,1,1.000,0.6250,0.0939,0.2160,11.87,0.00,1791448960.409151,3,0,0.0
exp4_rot_20261008_174201,1791448960.275253,camera_color_optical_frame,888,640,480,1,415.3,454.4,0.2979,0.8934,0.00432,2,1,1.000,0.6240,0.0937,0.2156,12.55,0.00,1791448960.442634,3,0,0.0
exp4_rot_20261008_174201,1791448960.308611,camera_color_optical_frame,889,640,480,1,415.4,454.4,0.2981,0.8935,0.00431,2,1,1.000,0.6260,0.0940,0.2163,10.69,0.00,1791448960.485905,3,0,0.0
exp4_rot_20261008_174201,1791448960.341969,camera_color_optical_frame,890,640,480,1,415.4,454.5,0.2980,0.8939,0.00429,2,1,1.000,0.6250,0.0939,0.2161,12.75,0.00,1791448960.523997,3,0,0.0
exp4_rot_20261008_174201,1791448960.375328,camera_color_optical_frame,891,640,480,1,415.4,454.4,0.2981,0.8935,0.00431,2,1,1.000,0.6260,0.0940,0.2163,10.43,0.00,1791448960.565890,3,0,0.0
exp4_rot_20261008_174201,1791448960.408686,camera_color_optical_frame,892,640,480,1,415.4,454.5,0.2981,0.8938,0.00430,2,1,1.000,0.6250,0.0939,0.2161,12.25,0.00,1791448960.605225,3,0,0.0
exp4_rot_20261008_174201,1791448960.442044,camera_color_optical_frame,893,640,480,1,415.4,454.5,0.2982,0.8936,0.00431,2,1,1.000,0.6250,0.0939,0.2160,10.70,0.00,1791448960.643427,3,0,0.0
exp4_rot_20261008_174201,1791448960.475402,camera_color_optical_frame,894,640,480,1,415.4,454.5,0.2980,0.8936,0.00431,2,1,1.000,0.6250,0.0939,0.2160,12.75,0.00,1791448960.677846,3,0,0.0
exp4_rot_20261008_174201,1791448960.508760,camera_color_optical_frame,895,640,480,1,415.3,454.4,0.2980,0.8933,0.00432,2,1,1.000,0.6250,0.0939,0.2159,11.99,0.00,1791448960.718692,3,0,0.0
exp4_rot_20261008_174201,1791448960.542118,camera_color_optical_frame,896,640,480,1,415.4,454.4,0.2982,0.8933,0.00426,2,1,1.000,0.6250,0.0940,0.2159,13.49,0.00,1791448960.758284,3,0,0.0
exp4_rot_20261008_174201,1791448960.608835,camera_color_optical_frame,897,640,480,1,415.4,454.4,0.2980,0.8933,0.00432,2,1,1.000,0.6270,0.0942,0.2166,12.46,0.00,1791448960.796311,3,0,0.0
exp4_rot_20261008_174201,1791448960.642193,camera_color_optical_frame,898,640,480,1,415.4,454.5,0.2980,0.8937,0.00431,2,1,1.000,0.6250,0.0939,0.2160,14.75,0.00,1791448960.835646,3,0,0.0
exp4_rot_20261008_174201,1791448960.675550,camera_color_optical_frame,899,640,480,1,415.5,454.4,0.2983,0.8935,0.00426,2,1,1.000,0.6260,0.0941,0.2163,14.11,0.00,1791448960.870434,3,0,0.0
exp4_rot_20261008_174201,1791448960.708909,camera_color_optical_frame,900,640,480,1,415.3,454.4,0.2977,0.8931,0.00427,2,1,1.000,0.6250,0.0938,0.2159,13.33,0.00,1791448960.905024,3,0,0.0
exp4_rot_20261008_174201,1791448960.742267,camera_color_optical_frame,901,640,480,1,415.5,454.4,0.2983,0.8934,0.00428,2,1,1.000,0.6260,0.0941,0.2163,20.27,0.00,1791448960.944614,3,0,0.0
exp4_rot_20261008_174201,1791448960.775625,camera_color_optical_frame,902,640,480,1,415.4,454.5,0.2981,0.8936,0.00431,2,1,1.000,0.6250,0.0939,0.2160,13.89,0.00,1791448960.975380,3,0,0.0
exp4_rot_20261008_174201,1791448960.808984,camera_color_optical_frame,903,640,480,1,415.4,454.5,0.2980,0.8937,0.00430,2,1,1.000,0.6250,0.0939,0.2160,13.97,0.00,1791448961.008574,3,0,0.0
exp4_rot_20261008_174201,1791448960.842342,camera_color_optical_frame,904,640,480,1,415.4,454.4,0.2980,0.8934,0.00432,2,1,1.000,0.6250,0.0939,0.2159,13.56,0.00,1791448961.041017,3,0,0.0
exp4_rot_20261008_174201,1791448960.875700,camera_color_optical_frame,905,640,480,1,415.4,454.5,0.2981,0.8939,0.00430,2,1,1.000,0.6240,0.0937,0.2157,13.17,0.00,1791448961.074259,3,0,0.0
exp4_rot_20261008_174201,1791448960.909058,camera_color_optical_frame,906,640,480,1,415.4,454.5,0.2981,0.8937,0.00431,2,1,1.000,0.6250,0.0939,0.2160,14.67,0.00,1791448961.110075,3,0,0.0
exp4_rot_20261008_174201,1791448960.975775,camera_color_optical_frame,907,640,480,1,415.4,454.5,0.2980,0.8937,0.00430,2,1,1.000,0.6250,0.0939,0.2160,12.36,0.00,1791448961.142411,3,0,0.0
exp4_rot_20261008_174201,1791448961.009133,camera_color_optical_frame,908,640,480,1,415.4,454.5,0.2980,0.8938,0.00430,2,1,1.000,0.6250,0.0939,0.2160,12.82,0.00,1791448961.175446,3,0,0.0
exp4_rot_20261008_174201,1791448961.042492,camera_color_optical_frame,909,640,480,1,415.4,454.4,0.2983,0.8932,0.00429,2,1,1.000,0.6240,0.0938,0.2156,15.12,0.00,1791448961.217422,3,0,0.0
exp4_rot_20261008_174201,1791448961.075850,camera_color_optical_frame,910,640,480,1,415.4,454.5,0.2981,0.8936,0.00431,2,1,1.000,0.6250,0.0939,0.2160,14.21,0.00,1791448961.254796,3,0,0.0
exp4_rot_20261008_174201,1791448961.109208,camera_color_optical_frame,911,640,480,1,415.3,454.5,0.2979,0.8939,0.00429,2,1,1.000,0.6260,0.0940,0.2164,13.52,0.00,1791448961.291409,3,0,0.0
exp4_rot_20261008_174201,1791448961.142565,camera_color_optical_frame,912,640,480,1,415.4,454.4,0.2981,0.8935,0.00431,2,1,1.000,0.6260,0.0940,0.2163,13.66,0.00,1791448961.322607,3,0,0.0
exp4_rot_20261008_174201,1791448961.175921,camera_color_optical_frame,913,640,480,1,415.3,454.3,0.2979,0.8930,0.00429,2,1,1.000,0.6230,0.0935,0.2152,16.91,0.00,1791448961.371152,3,0,0.0
exp4_rot_20261008_174201,1791448961.209278,camera_color_optical_frame,914,640,480,1,415.4,454.6,0.2980,0.8941,0.00429,2,1,1.000,0.6250,0.0939,0.2161,11.12,0.00,1791448961.407841,3,0,0.0
exp4_rot_20261008_174201,1791448961.242634,camera_color_optical_frame,915,640,480,1,415.5,454.3,0.2984,0.8929,0.00425,2,1,1.000,0.6250,0.0940,0.2158,9.74,0.00,1791448961.446755,3,0,0.0
exp4_rot_20261008_174201,1791448961.275991,camera_color_optical_frame,916,640,480,1,415.4,454.5,0.2982,0.8936,0.00426,2,1,1.000,0.6260,0.0941,0.2163,10.25,0.00,1791448961.485561,3,0,0.0
exp4_rot_20261008_174201,1791448961.309347,camera_color_optical_frame,917,640,480,1,415.4,454.5,0.2980,0.8938,0.00430,2,1,1.000,0.6230,0.0936,0.2154,10.99,0.00,1791448961.525853,3,0,0.0
exp4_rot_20261008_174201,1791448961.376060,camera_color_optical_frame,918,640,480,1,415.4,454.5,0.2980,0.8936,0.00431,2,1,1.000,0.6270,0.0942,0.2167,12.66,0.00,1791448961.572338,3,0,0.0
exp4_rot_20261008_174201,1791448961.409417,camera_color_optical_frame,919,640,480,1,415.5,454.3,0.2984,0.8931,0.00428,2,1,1.000,0.6240,0.0938,0.2155,12.12,0.00,1791448961.609119,3,0,0.0
exp4_rot_20261008_174201,1791448961.442773,camera_color_optical_frame,920,640,480,1,415.4,454.5,0.2981,0.8937,0.00431,2,1,1.000,0.6280,0.0944,0.2171,14.37,0.00,1791448961.652248,3,0,0.0
exp4_rot_20261008_174201,1791448961.476129,camera_color_optical_frame,921,640,480,1,415.4,454.6,0.2980,0.8940,0.00429,2,1,1.000,0.6250,0.0939,0.2161,14.19,0.00,1791448961.686266,3,0,0.0
exp4_rot_20261008_174201,1791448961.509486,camera_color_optical_frame,922,640,480,1,415.4,454.4,0.2981,0.8935,0.00431,2,1,1.000,0.6270,0.0942,0.2167,13.63,0.00,1791448961.723183,3,0,0.0
exp4_rot_20261008_174201,1791448961.576198,camera_color_optical_frame,923,640,480,1,415.4,454.5,0.2981,0.8938,0.00430,2,1,1.000,0.6240,0.0937,0.2157,12.96,0.00,1791448961.758311,3,0,0.0
exp4_rot_20261008_174201,1791448961.609555,camera_color_optical_frame,924,640,480,1,415.4,454.6,0.2981,0.8940,0.00429,2,1,1.000,0.6240,0.0938,0.2158,12.45,0.00,1791448961.792521,3,0,0.0
exp4_rot_20261008_174201,1791448961.642911,camera_color_optical_frame,925,640,480,1,415.4,454.4,0.2981,0.8934,0.00432,2,1,1.000,0.6260,0.0940,0.2163,17.06,0.00,1791448961.831919,3,0,0.0
exp4_rot_20261008_174201,1791448961.676267,camera_color_optical_frame,926,640,480,1,415.4,454.3,0.2983,0.8930,0.00429,2,1,1.000,0.6230,0.0937,0.2152,13.97,0.00,1791448961.859499,3,0,0.0
exp4_rot_20261008_174201,1791448961.709624,camera_color_optical_frame,927,640,480,1,415.4,454.4,0.2980,0.8935,0.00431,2,1,1.000,0.6250,0.0939,0.2160,12.64,0.00,1791448961.904316,3,0,0.0
exp4_rot_20261008_174201,1791448961.742980,camera_color_optical_frame,928,640,480,1,415.4,454.4,0.2981,0.8933,0.00432,2,1,1.000,0.6220,0.0934,0.2149,13.55,0.00,1791448961.940182,3,0,0.0
exp4_rot_20261008_174201,1791448961.776336,camera_color_optical_frame,929,640,480,1,415.4,454.5,0.2980,0.8937,0.00430,2,1,1.000,0.6270,0.0942,0.2167,14.95,0.00,1791448961.975169,3,0,0.0
exp4_rot_20261008_174201,1791448961.809693,camera_color_optical_frame,930,640,480,1,415.3,454.5,0.2980,0.8940,0.00429,2,1,1.000,0.6250,0.0939,0.2161,13.31,0.00,1791448962.008929,3,0,0.0
exp4_rot_20261008_174201,1791448961.843049,camera_color_optical_frame,931,640,480,1,415.4,454.4,0.2981,0.8932,0.00432,2,1,1.000,0.6230,0.0936,0.2152,11.34,0.00,1791448962.040443,3,0,0.0
exp4_rot_20261008_174201,1791448961.909761,camera_color_optical_frame,932,640,480,1,415.4,454.4,0.2981,0.8935,0.00431,2,1,1.000,0.6250,0.0939,0.2160,12.87,0.00,1791448962.075791,3,0,0.0
exp4_rot_20261008_174201,1791448961.943117,camera_color_optical_frame,933,640,480,1,415.4,454.5,0.2980,0.8938,0.00430,2,1,1.000,0.6260,0.0940,0.2164,14.71,0.00,1791448962.114574,3,0,0.0
exp4_rot_20261008_174201,1791448961.976474,camera_color_optical_frame,934,640,480,1,415.3,454.5,0.2979,0.8937,0.00430,2,1,1.000,0.6230,0.0935,0.2153,12.16,0.00,1791448962.147120,3,0,0.0
exp4_rot_20261008_174201,1791448962.009830,camera_color_optical_frame,935,640,480,1,415.5,454.4,0.2986,0.8932,0.00424,2,1,1.000,0.6260,0.0942,0.2163,13.02,0.00,1791448962.177245,3,0,0.0
exp4_rot_20261008_174201,1791448962.043186,camera_color_optical_frame,936,640,480,1,415.4,454.4,0.2981,0.8934,0.00429,2,1,1.000,0.6260,0.0941,0.2163,13.60,0.00,1791448962.221872,3,0,0.0
exp4_rot_20261008_174201,1791448962.076542,camera_color_optical_frame,937,640,480,1,415.5,454.3,0.2984,0.8930,0.00424,2,1,1.000,0.6250,0.0940,0.2159,14.06,0.00,1791448962.260928,3,0,0.0
exp4_rot_20261008_174201,1791448962.109903,camera_color_optical_frame,938,640,480,1,415.4,454.5,0.2981,0.8938,0.00430,2,1,1.000,0.6250,0.0939,0.2161,12.56,0.00,1791448962.291775,3,0,0.0
exp4_rot_20261008_174201,1791448962.143259,camera_color_optical_frame,939,640,480,1,415.5,454.3,0.2984,0.8930,0.00425,2,1,1.000,0.6250,0.0940,0.2159,11.70,0.00,1791448962.328256,3,0,0.0
exp4_rot_20261008_174201,1791448962.176614,camera_color_optical_frame,940,640,480,1,415.4,454.5,0.2981,0.8938,0.00430,2,1,1.000,0.6250,0.0939,0.2160,11.63,0.00,1791448962.363042,3,0,0.0
exp4_rot_20261008_174201,1791448962.209970,camera_color_optical_frame,941,640,480,1,415.4,454.5,0.2980,0.8937,0.00431,2,1,1.000,0.6250,0.0939,0.2160,18.53,0.00,1791448962.411923,3,0,0.0
exp4_rot_20261008_174201,1791448962.276682,camera_color_optical_frame,942,640,480,1,415.4,454.5,0.2982,0.8938,0.00430,2,0,,,,,10.19,66.71,1791448962.431199,3,0,0.0
exp4_rot_20261008_174201,1791448962.343393,camera_color_optical_frame,943,640,480,1,415.4,454.5,0.2980,0.8938,0.00430,2,0,,,,,8.52,133.42,1791448962.446122,3,0,0.0
exp4_rot_20261008_174201,1791448962.410105,camera_color_optical_frame,944,640,480,1,415.4,454.4,0.2982,0.8932,0.00428,2,0,,,,,7.03,200.13,1791448962.464015,3,0,0.0
exp4_rot_20261008_174201,1791448962.443460,camera_color_optical_frame,945,640,480,1,415.4,454.4,0.2981,0.8933,0.00432,2,1,1.000,0.6270,0.0942,0.2166,11.62,0.00,1791448962.534285,3,0,0.0
exp4_rot_20261008_174201,1791448962.476816,camera_color_optical_frame,946,640,480,1,415.4,454.5,0.2980,0.8936,0.00431,2,1,1.000,0.6240,0.0937,0.2157,12.72,0.00,1791448962.570026,3,0,0.0
exp4_rot_20261008_174201,1791448962.510172,camera_color_optical_frame,947,640,480,1,415.4,454.4,0.2981,0.8935,0.00431,2,1,1.000,0.6250,0.0939,0.2160,13.90,0.00,1791448962.616973,3,0,0.0
exp4_rot_20261008_174201,1791448962.543528,camera_color_optical_frame,948,640,480,1,415.4,454.4,0.2982,0.8933,0.00432,2,1,1.000,0.6260,0.0941,0.2163,14.83,0.00,1791448962.649230,3,0,0.0
exp4_rot_20261008_174201,1791448962.576883,camera_color_optical_frame,949,640,480,1,415.4,454.4,0.2981,0.8933,0.00432,2,1,1.000,0.6240,0.0938,0.2156,13.31,0.00,1791448962.694116,3,0,0.0
exp4_rot_20261008_174201,1791448962.610239,camera_color_optical_frame,950,640,480,1,415.4,454.6,0.2980,0.8940,0.00429,2,1,1.000,0.6250,0.0939,0.2161,13.91,0.00,1791448962.730153,3,0,0.0
exp4_rot_20261008_174201,1791448962.643595,camera_color_optical_frame,951,640,480,1,415.4,454.4,0.2982,0.8934,0.00428,2,1,1.000,0.6250,0.0939,0.2160,11.77,0.00,1791448962.772035,3,0,0.0
exp4_rot_20261008_174201,1791448962.676951,camera_color_optical_frame,952,640,480,1,415.3,454.5,0.2979,0.8936,0.00431,2,1,1.000,0.6250,0.0938,0.2160,13.83,0.00,1791448962.806315,3,0,0.0
exp4_rot_20261008_174201,1791448962.710306,camera_color_optical_frame,953,640,480,1,415.5,454.4,0.2983,0.8932,0.00428,2,1,1.000,0.6250,0.0940,0.2159,11.89,0.00,1791448962.848740,3,0,0.0
exp4_rot_20261008_174201,1791448962.743662,camera_color_optical_frame,954,640,480,1,415.4,454.5,0.2981,0.8936,0.00431,2,1,1.000,0.6250,0.0939,0.2160,11.88,0.00,1791448962.881337,3,0,0.0
exp4_rot_20261008_174201,1791448962.777017,camera_color_optical_frame,955,640,480,1,415.4,454.5,0.2980,0.8938,0.00430,2,1,1.000,0.6250,0.0939,0.2160,14.03,0.00,1791448962.920842,3,0,0.0
exp4_rot_20261008_174201,1791448962.810373,camera_color_optical_frame,956,640,480,1,415.4,454.6,0.2980,0.8941,0.00429,2,1,1.000,0.6240,0.0937,0.2158,14.98,0.00,1791448962.954993,3,0,0.0
exp4_rot_20261008_174201,1791448962.843729,camera_color_optical_frame,957,640,480,1,415.4,454.5,0.2980,0.8938,0.00430,2,1,1.000,0.6230,0.0936,0.2154,16.10,0.00,1791448962.990651,3,0,0.0
exp4_rot_20261008_174201,1791448962.877084,camera_color_optical_frame,958,640,480,1,415.4,454.6,0.2980,0.8941,0.00429,2,1,1.000,0.6230,0.0936,0.2154,19.73,0.00,1791448963.031758,3,0,0.0
exp4_rot_20261008_174201,1791448962.910440,camera_color_optical_frame,959,640,480,1,415.3,454.5,0.2980,0.8936,0.00431,2,1,1.000,0.6250,0.0939,0.2160,16.96,0.00,1791448963.063764,3,0,0.0
exp4_rot_20261008_174201,1791448962.943796,camera_color_optical_frame,960,640,480,1,415.3,454.6,0.2979,0.8941,0.00429,2,1,1.000,0.6250,0.0938,0.2161,17.87,0.00,1791448963.097095,3,0,0.0
exp4_rot_20261008_174201,1791448962.977151,camera_color_optical_frame,961,640,480,1,415.4,454.5,0.2981,0.8938,0.00430,2,1,1.000,0.6260,0.0940,0.2164,17.69,0.00,1791448963.130178,3,0,0.0
exp4_rot_20261008_174201,1791448963.010507,camera_color_optical_frame,962,640,480,1,415.3,454.4,0.2979,0.8934,0.00431,2,1,1.000,0.6250,0.0939,0.2160,14.47,0.00,1791448963.162356,3,0,0.0
exp4_rot_20261008_174201,1791448963.043862,camera_color_optical_frame,963,640,480,1,415.4,454.4,0.2981,0.8934,0.00432,2,1,1.000,0.6250,0.0939,0.2159,13.82,0.00,1791448963.195840,3,0,0.0
exp4_rot_20261008_174201,1791448963.077218,camera_color_optical_frame,964,640,480,1,415.4,454.4,0.2981,0.8935,0.00431,2,1,1.000,0.6260,0.0940,0.2163,12.98,0.00,1791448963.230946,3,0,0.0
exp4_rot_20261008_174201,1791448963.110574,camera_color_optical_frame,965,640,480,1,415.4,454.5,0.2981,0.8936,0.00431,2,1,1.000,0.6260,0.0940,0.2163,12.17,0.00,1791448963.269706,3,0,0.0
exp4_rot_20261008_174201,1791448963.143921,camera_color_optical_frame,966,640,480,1,415.4,454.5,0.2980,0.8937,0.00431,2,1,1.000,0.6250,0.0939,0.2160,12.40,0.00,1791448963.304886,3,0,0.0
exp4_rot_20261008_174201,1791448963.177280,camera_color_optical_frame,967,640,480,1,415.4,454.5,0.2980,0.8937,0.00431,2,1,1.000,0.6250,0.0939,0.2160,12.41,0.00,1791448963.341682,3,0,0.0
exp4_rot_20261008_174201,1791448963.210640,camera_color_optical_frame,968,640,480,1,415.4,454.3,0.2980,0.8930,0.00433,2,1,1.000,0.6250,0.0939,0.2159,11.51,0.00,1791448963.380572,3,0,0.0
exp4_rot_20261008_174201,1791448963.243999,camera_color_optical_frame,969,640,480,1,415.4,454.4,0.2980,0.8934,0.00432,2,1,1.000,0.6250,0.0939,0.2159,12.56,0.00,1791448963.419109,3,0,0.0
exp4_rot_20261008_174201,1791448963.277359,camera_color_optical_frame,970,640,480,1,415.4,454.4,0.2980,0.8932,0.00432,2,1,1.000,0.6240,0.0937,0.2156,13.06,0.00,1791448963.456999,3,0,0.0
exp4_rot_20261008_174201,1791448963.310719,camera_color_optical_frame,971,640,480,1,415.4,454.4,0.2981,0.8932,0.00431,2,1,1.000,0.6240,0.0937,0.2155,15.18,0.00,1791448963.494125,3,0,0.0
exp4_rot_20261008_174201,1791448963.344079,camera_color_optical_frame,972,640,480,1,415.4,454.5,0.2980,0.8939,0.00429,2,1,1.000,0.6245,0.0938,0.2159,11.82,0.00,1791448963.534282,3,0,0.0
exp4_rot_20261008_174201,1791448963.377438,camera_color_optical_frame,973,640,480,1,415.3,454.5,0.2979,0.8938,0.00430,2,1,1.000,0.6270,0.0941,0.2168,10.55,0.00,1791448963.573625,3,0,0.0
exp4_rot_20261008_174201,1791448963.410798,camera_color_optical_frame,974,640,480,1,415.4,454.4,0.2981,0.8935,0.00431,2,1,1.000,0.6240,0.0937,0.2156,11.99,0.00,1791448963.616400,3,0,0.0
exp4_rot_20261008_174201,1791448963.444158,camera_color_optical_frame,975,640,480,1,415.5,454.3,0.2983,0.8931,0.00427,2,1,1.000,0.6270,0.0943,0.2166,16.58,0.00,1791448963.657602,3,0,0.0
exp4_rot_20261008_174201,1791448963.477518,camera_color_optical_frame,976,640,480,1,415.4,454.5,0.2980,0.8936,0.00431,2,1,1.000,0.6260,0.0940,0.2163,14.39,0.00,1791448963.690059,3,0,0.0
exp4_rot_20261008_174201,1791448963.544237,camera_color_optical_frame,977,640,480,1,415.4,454.4,0.2981,0.8935,0.00431,2,1,1.000,0.6240,0.0937,0.2156,16.65,0.00,1791448963.726786,3,0,0.0
exp4_rot_20261008_174201,1791448963.577597,camera_color_optical_frame,978,640,480,1,415.4,454.5,0.2980,0.8939,0.00430,2,1,1.000,0.6250,0.0939,0.2161,17.30,0.00,1791448963.763784,3,0,0.0
exp4_rot_20261008_174201,1791448963.610957,camera_color_optical_frame,979,640,480,1,415.5,454.3,0.2985,0.8930,0.00424,2,1,1.000,0.6260,0.0942,0.2162,14.14,0.00,1791448963.793203,3,0,0.0
exp4_rot_20261008_174201,1791448963.644317,camera_color_optical_frame,980,640,480,1,415.4,454.5,0.2980,0.8939,0.00429,2,1,1.000,0.6250,0.0939,0.2161,14.32,0.00,1791448963.830991,3,0,0.0
exp4_rot_20261008_174201,1791448963.677677,camera_color_optical_frame,981,640,480,1,415.3,454.4,0.2979,0.8935,0.00431,2,1,1.000,0.6250,0.0938,0.2160,13.50,0.00,1791448963.871452,3,0,0.0
exp4_rot_20261008_174201,1791448963.711037,camera_color_optical_frame,982,640,480,1,415.5,454.4,0.2983,0.8933,0.00426,2,1,1.000,0.6240,0.0938,0.2156,12.33,0.00,1791448963.908194,3,0,0.0
exp4_rot_20261008_174201,1791448963.744397,camera_color_optical_frame,983,640,480,1,415.4,454.4,0.2982,0.8933,0.00428,2,1,1.000,0.6230,0.0936,0.2152,10.99,0.00,1791448963.939929,3,0,0.0
exp4_rot_20261008_174201,1791448963.777757,camera_color_optical_frame,984,640,480,1,415.3,454.4,0.2979,0.8934,0.00432,2,1,1.000,0.6250,0.0938,0.2159,12.16,0.00,1791448963.976603,3,0,0.0
exp4_rot_20261008_174201,1791448963.811117,camera_color_optical_frame,985,640,480,1,415.7,454.2,0.2990,0.8924,0.00424,2,1,1.000,0.6250,0.0942,0.2157,13.09,0.00,1791448964.008527,3,0,0.0
exp4_rot_20261008_174201,1791448963.844477,camera_color_optical_frame,986,640,480,1,415.4,454.4,0.2981,0.8934,0.00432,2,1,1.000,0.6240,0.0937,0.2156,13.22,0.00,1791448964.047734,3,0,0.0
exp4_rot_20261008_174201,1791448963.877837,camera_color_optical_frame,987,640,480,1,415.4,454.5,0.2980,0.8939,0.00430,2,1,1.000,0.6260,0.0940,0.2164,14.17,0.00,1791448964.088565,3,0,0.0
exp4_rot_20261008_174201,1791448963.944557,camera_color_optical_frame,988,640,480,1,415.4,454.4,0.2981,0.8935,0.00431,2,1,1.000,0.6240,0.0937,0.2156,12.96,0.00,1791448964.126408,3,0,0.0
exp4_rot_20261008_174201,1791448963.977917,camera_color_optical_frame,989,640,480,1,415.5,454.4,0.2985,0.8934,0.00424,2,1,1.000,0.6250,0.0940,0.2160,14.63,0.00,1791448964.166339,3,0,0.0
exp4_rot_20261008_174201,1791448964.011277,camera_color_optical_frame,990,640,480,1,415.4,454.4,0.2981,0.8935,0.00431,2,1,1.000,0.6250,0.0939,0.2160,15.67,0.00,1791448964.197669,3,0,0.0
exp4_rot_20261008_174201,1791448964.044637,camera_color_optical_frame,991,640,480,1,415.3,454.5,0.2979,0.8938,0.00430,2,1,1.000,0.6260,0.0940,0.2164,11.02,0.00,1791448964.243963,3,0,0.0
exp4_rot_20261008_174201,1791448964.077997,camera_color_optical_frame,992,640,480,1,415.5,454.4,0.2983,0.8934,0.00428,2,1,1.000,0.6240,0.0938,0.2156,13.24,0.00,1791448964.283126,3,0,0.0
exp4_rot_20261008_174201,1791448964.111359,camera_color_optical_frame,993,640,480,1,415.4,454.5,0.2980,0.8937,0.00431,2,1,1.000,0.6250,0.0939,0.2160,12.89,0.00,1791448964.326701,3,0,0.0
exp4_rot_20261008_174201,1791448964.144720,camera_color_optical_frame,994,640,480,1,415.4,454.5,0.2982,0.8936,0.00428,2,1,1.000,0.6260,0.0941,0.2164,11.79,0.00,1791448964.359715,3,0,0.0
exp4_rot_20261008_174201,1791448964.211443,camera_color_optical_frame,995,640,480,1,415.4,454.5,0.2980,0.8937,0.00431,2,1,1.000,0.6250,0.0939,0.2160,13.54,0.00,1791448964.397990,3,0,0.0
exp4_rot_20261008_174201,1791448964.244804,camera_color_optical_frame,996,640,480,1,415.3,454.4,0.2978,0.8934,0.00428,2,1,1.000,0.6240,0.0937,0.2156,12.21,0.00,1791448964.436383,3,0,0.0
exp4_rot_20261008_174201,1791448964.278166,camera_color_optical_frame,997,640,480,1,415.4,454.4,0.2981,0.8933,0.00426,2,1,1.000,0.6250,0.0939,0.2159,13.07,0.00,1791448964.474603,3,0,0.0
exp4_rot_20261008_174201,1791448964.311527,camera_color_optical_frame,998,640,480,1,415.4,454.4,0.2981,0.8935,0.00431,2,1,1.000,0.6270,0.0942,0.2167,11.93,0.00,1791448964.514275,3,0,0.0
exp4_rot_20261008_174201,1791448964.344888,camera_color_optical_frame,999,640,480,1,415.4,454.4,0.2981,0.8935,0.00431,2,1,1.000,0.6260,0.0941,0.2163,12.03,0.00,1791448964.552707,3,0,0.0
exp4_rot_20261008_174201,1791448964.378250,camera_color_optical_frame,1000,640,480,1,415.4,454.5,0.2981,0.8936,0.00431,2,1,1.000,0.6250,0.0939,0.2160,12.42,0.00,1791448964.591631,3,0,0.0
exp4_rot_20261008_174201,1791448964.444973,camera_color_optical_frame,1001,640,480,1,415.4,454.5,0.2981,0.8938,0.00430,2,1,1.000,0.6230,0.0936,0.2154,14.39,0.00,1791448964.631607,3,0,0.0
exp4_rot_20261008_174201,1791448964.478335,camera_color_optical_frame,1002,640,480,1,415.4,454.5,0.2981,0.8937,0.00431,2,1,1.000,0.6250,0.0939,0.2160,10.99,0.00,1791448964.674951,3,0,0.0
exp4_rot_20261008_174201,1791448964.511696,camera_color_optical_frame,1003,640,480,1,415.4,454.5,0.2981,0.8938,0.00430,2,1,1.000,0.6230,0.0936,0.2154,12.96,0.00,1791448964.713412,3,0,0.0
exp4_rot_20261008_174201,1791448964.545058,camera_color_optical_frame,1004,640,480,1,415.3,454.4,0.2980,0.8934,0.00431,2,1,1.000,0.6260,0.0940,0.2163,13.36,0.00,1791448964.754858,3,0,0.0
exp4_rot_20261008_174201,1791448964.578419,camera_color_optical_frame,1005,640,480,1,415.4,454.4,0.2981,0.8935,0.00431,2,1,1.000,0.6250,0.0939,0.2160,14.60,0.00,1791448964.796951,3,0,0.0
exp4_rot_20261008_174201,1791448964.645143,camera_color_optical_frame,1006,640,480,1,415.4,454.4,0.2981,0.8933,0.00430,2,1,1.000,0.6250,0.0939,0.2159,12.39,0.00,1791448964.835464,3,0,0.0
exp4_rot_20261008_174201,1791448964.678504,camera_color_optical_frame,1007,640,480,1,415.4,454.6,0.2980,0.8940,0.00429,2,1,1.000,0.6250,0.0939,0.2161,11.47,0.00,1791448964.875058,3,0,0.0
exp4_rot_20261008_174201,1791448964.711866,camera_color_optical_frame,1008,640,480,1,415.4,454.5,0.2981,0.8939,0.00429,2,1,1.000,0.6260,0.0940,0.2164,12.06,0.00,1791448964.910723,3,0,0.0
exp4_rot_20261008_174201,1791448964.745228,camera_color_optical_frame,1009,640,480,1,415.4,454.5,0.2980,0.8938,0.00430,2,1,1.000,0.6250,0.0939,0.2160,17.04,0.00,1791448964.949987,3,0,0.0
exp4_rot_20261008_174201,1791448964.845313,camera_color_optical_frame,1010,640,480,1,415.3,454.5,0.2979,0.8938,0.00430,2,0,,,,,9.66,100.09,1791448964.971319,3,0,0.0
exp4_rot_20261008_174201,1791448964.912037,camera_color_optical_frame,1011,640,480,1,415.4,454.5,0.2981,0.8938,0.00430,2,0,,,,,14.09,166.81,1791448964.992685,3,0,0.0
exp4_rot_20261008_174201,1791448964.945399,camera_color_optical_frame,1012,640,480,1,415.4,454.5,0.2980,0.8936,0.00431,2,1,1.000,0.6250,0.0939,0.2160,11.59,0.00,1791448965.037166,3,0,0.0
exp4_rot_20261008_174201,1791448964.978761,camera_color_optical_frame,1013,640,480,1,415.4,454.4,0.2982,0.8933,0.00432,2,1,1.000,0.6230,0.0936,0.2152,13.60,0.00,1791448965.075935,3,0,0.0
exp4_rot_20261008_174201,1791448965.012123,camera_color_optical_frame,1014,640,480,1,415.4,454.5,0.2980,0.8936,0.00431,2,1,1.000,0.6240,0.0937,0.2157,14.00,0.00,1791448965.110736,3,0,0.0
exp4_rot_20261008_174201,1791448965.045485,camera_color_optical_frame,1015,640,480,1,415.3,454.5,0.2979,0.8938,0.00430,2,1,1.000,0.6240,0.0937,0.2157,14.82,0.00,1791448965.147710,3,0,0.0
exp4_rot_20261008_174201,1791448965.078847,camera_color_optical_frame,1016,640,480,1,415.5,454.3,0.2984,0.8929,0.00427,2,1,1.000,0.6270,0.0943,0.2165,14.28,0.00,1791448965.182331,3,0,0.0
exp4_rot_20261008_174201,1791448965.112204,camera_color_optical_frame,1017,640,480,1,415.4,454.5,0.2980,0.8939,0.00429,2,1,1.000,0.6250,0.0939,0.2161,11.57,0.00,1791448965.213129,3,0,0.0
exp4_rot_20261008_174201,1791448965.145562,camera_color_optical_frame,1018,640,480,1,415.4,454.5,0.2980,0.8939,0.00429,2,1,1.000,0.6250,0.0939,0.2161,14.25,0.00,1791448965.248573,3,0,0.0
exp4_rot_20261008_174201,1791448965.178920,camera_color_optical_frame,1019,640,480,1,415.4,454.4,0.2981,0.8932,0.00424,2,1,1.000,0.6250,0.0939,0.2159,18.84,0.00,1791448965.285251,3,0,0.0
exp4_rot_20261008_174201,1791448965.212284,camera_color_optical_frame,1020,640,480,1,415.6,454.1,0.2989,0.8920,0.00422,2,0,,,,,9.56,33.36,1791448965.304668,3,0,0.0
exp4_rot_20261008_174201,1791448965.245647,camera_color_optical_frame,1021,640,480,1,415.5,454.3,0.2984,0.8930,0.00426,2,1,1.000,0.6230,0.0937,0.2152,11.85,0.00,1791448965.340901,3,0,0.0
exp4_rot_20261008_174201,1791448965.279011,camera_color_optical_frame,1022,640,480,1,415.4,454.4,0.2980,0.8935,0.00431,2,1,1.000,0.6240,0.0937,0.2156,12.08,0.00,1791448965.377520,3,0,0.0
exp4_rot_20261008_174201,1791448965.312375,camera_color_optical_frame,1023,640,480,1,415.3,454.3,0.2979,0.8928,0.00432,2,1,1.000,0.6240,0.0937,0.2155,13.17,0.00,1791448965.411679,3,0,0.0
exp4_rot_20261008_174201,1791448965.345739,camera_color_optical_frame,1024,640,480,1,415.4,454.5,0.2980,0.8939,0.00429,2,1,1.000,0.6250,0.0939,0.2161,14.55,0.00,1791448965.452971,3,0,0.0
exp4_rot_20261008_174201,1791448965.379102,camera_color_optical_frame,1025,640,480,1,415.4,454.5,0.2980,0.8936,0.00431,2,1,1.000,0.6260,0.0940,0.2164,15.94,0.00,1791448965.491792,3,0,0.0
exp4_rot_20261008_174201,1791448965.412467,camera_color_optical_frame,1026,640,480,1,415.4,454.5,0.2980,0.8939,0.00429,2,1,1.000,0.6250,0.0939,0.2161,16.10,0.00,1791448965.528087,3,0,0.0
exp4_rot_20261008_174201,1791448965.445830,camera_color_optical_frame,1027,640,480,1,415.4,454.5,0.2981,0.8937,0.00431,2,1,1.000,0.6240,0.0938,0.2157,12.55,0.00,1791448965.565058,3,0,0.0
exp4_rot_20261008_174201,1791448965.479194,camera_color_optical_frame,1028,640,480,1,415.4,454.4,0.2982,0.8934,0.00428,2,1,1.000,0.6250,0.0939,0.2160,12.19,0.00,1791448965.601423,3,0,0.0
exp4_rot_20261008_174201,1791448965.512558,camera_color_optical_frame,1029,640,480,1,415.3,454.4,0.2979,0.8932,0.00432,2,1,1.000,0.6250,0.0938,0.2159,11.33,0.00,1791448965.638175,3,0,0.0
exp4_rot_20261008_174201,1791448965.545922,camera_color_optical_frame,1030,640,480,1,415.7,454.2,0.2989,0.8924,0.00423,2,1,1.000,0.6230,0.0939,0.2150,12.79,0.00,1791448965.670824,3,0,0.0
exp4_rot_20261008_174201,1791448965.579286,camera_color_optical_frame,1031,640,480,1,415.4,454.5,0.2981,0.8938,0.00427,2,1,1.000,0.6240,0.0938,0.2157,11.89,0.00,1791448965.707766,3,0,0.0
exp4_rot_20261008_174201,1791448965.612650,camera_color_optical_frame,1032,640,480,1,415.4,454.4,0.2982,0.8932,0.00430,2,1,1.000,0.6230,0.0936,0.2152,12.62,0.00,1791448965.748686,3,0,0.0
exp4_rot_20261008_174201,1791448965.646014,camera_color_optical_frame,1033,640,480,1,415.4,454.6,0.2980,0.8941,0.00428,2,1,1.000,0.6250,0.0939,0.2161,14.31,0.00,1791448965.780300,3,0,0.0
exp4_rot_20261008_174201,1791448965.679378,camera_color_optical_frame,1034,640,480,1,415.4,454.4,0.2981,0.8934,0.00432,2,0,,,,,10.11,33.36,1791448965.796721,3,0,0.0
exp4_rot_20261008_174201,1791448965.712743,camera_color_optical_frame,1035,640,480,1,415.4,454.5,0.2980,0.8939,0.00430,2,0,,,,,9.45,66.73,1791448965.813372,3,0,0.0
exp4_rot_20261008_174201,1791448965.746106,camera_color_optical_frame,1036,640,480,1,415.3,454.5,0.2980,0.8939,0.00429,2,0,,,,,10.62,100.09,1791448965.832293,3,0,0.0
exp4_rot_20261008_174201,1791448965.779471,camera_color_optical_frame,1037,640,480,1,415.4,454.5,0.2980,0.8939,0.00429,2,1,1.000,0.6230,0.0936,0.2154,13.25,0.00,1791448965.874379,3,0,0.0
exp4_rot_20261008_174201,1791448965.812835,camera_color_optical_frame,1038,640,480,1,415.4,454.5,0.2982,0.8936,0.00431,2,0,,,,,12.04,33.36,1791448965.894659,3,0,0.0
exp4_rot_20261008_174201,1791448965.846200,camera_color_optical_frame,1039,640,480,1,415.3,454.2,0.2978,0.8927,0.00424,2,1,1.000,0.6250,0.0938,0.2158,12.44,0.00,1791448965.936128,3,0,0.0
exp4_rot_20261008_174201,1791448965.879564,camera_color_optical_frame,1040,640,480,1,415.3,454.6,0.2979,0.8940,0.00429,2,1,1.000,0.6270,0.0942,0.2168,13.25,0.00,1791448965.976395,3,0,0.0
exp4_rot_20261008_174201,1791448965.912928,camera_color_optical_frame,1041,640,480,1,415.4,454.4,0.2983,0.8933,0.00429,2,1,1.000,0.6250,0.0940,0.2159,13.24,0.00,1791448966.011139,3,0,0.0
exp4_rot_20261008_174201,1791448965.946292,camera_color_optical_frame,1042,640,480,1,415.5,454.3,0.2984,0.8930,0.00426,2,1,1.000,0.6250,0.0940,0.2159,13.14,0.00,1791448966.044994,3,0,0.0
exp4_rot_20261008_174201,1791448965.979656,camera_color_optical_frame,1043,640,480,1,415.4,454.5,0.2981,0.8936,0.00431,2,1,1.000,0.6250,0.0939,0.2160,11.20,0.00,1791448966.078343,3,0,0.0
exp4_rot_20261008_174201,1791448966.013021,camera_color_optical_frame,1044,640,480,1,415.5,454.3,0.2984,0.8931,0.00426,2,1,1.000,0.6250,0.0940,0.2159,13.18,0.00,1791448966.113580,3,0,0.0
exp4_rot_20261008_174201,1791448966.046385,camera_color_optical_frame,1045,640,480,1,415.4,454.3,0.2983,0.8930,0.00428,2,1,1.000,0.6250,0.0940,0.2159,11.76,0.00,1791448966.142025,3,0,0.0
exp4_rot_20261008_174201,1791448966.079750,camera_color_optical_frame,1046,640,480,1,415.5,454.4,0.2983,0.8935,0.00427,2,1,1.000,0.6250,0.0940,0.2160,11.85,0.00,1791448966.180259,3,0,0.0
exp4_rot_20261008_174201,1791448966.113115,camera_color_optical_frame,1047,640,480,1,415.4,454.4,0.2981,0.8933,0.00432,2,1,1.000,0.6250,0.0939,0.2159,13.05,0.00,1791448966.218656,3,0,0.0
exp4_rot_20261008_174201,1791448966.146479,camera_color_optical_frame,1048,640,480,1,415.4,454.5,0.2980,0.8937,0.00431,2,1,1.000,0.6270,0.0942,0.2167,12.94,0.00,1791448966.259110,3,0,0.0
exp4_rot_20261008_174201,1791448966.179846,camera_color_optical_frame,1049,640,480,1,415.5,454.2,0.2985,0.8926,0.00426,2,1,1.000,0.6240,0.0939,0.2154,13.89,0.00,1791448966.298508,3,0,0.0
exp4_rot_20261008_174201,1791448966.213202,camera_color_optical_frame,1050,640,480,1,415.4,454.6,0.2980,0.8940,0.00429,2,1,1.000,0.6260,0.0940,0.2165,15.96,0.00,1791448966.349287,3,0,0.0
exp4_rot_20261008_174201,1791448966.246557,camera_color_optical_frame,1051,640,480,1,415.4,454.5,0.2980,0.8937,0.00431,2,1,1.000,0.6250,0.0939,0.2160,11.68,0.00,1791448966.378154,3,0,0.0
exp4_rot_20261008_174201,1791448966.279912,camera_color_optical_frame,1052,640,480,1,415.4,454.5,0.2980,0.8939,0.00430,2,1,1.000,0.6260,0.0940,0.2164,12.70,0.00,1791448966.419661,3,0,0.0
exp4_rot_20261008_174201,1791448966.313267,camera_color_optical_frame,1053,640,480,1,415.3,454.5,0.2979,0.8938,0.00430,2,1,1.000,0.6250,0.0939,0.2161,12.59,0.00,1791448966.457468,3,0,0.0
exp4_rot_20261008_174201,1791448966.346622,camera_color_optical_frame,1054,640,480,1,415.4,454.4,0.2981,0.8935,0.00431,2,1,1.000,0.6270,0.0942,0.2167,15.32,0.00,1791448966.494588,3,0,0.0
exp4_rot_20261008_174201,1791448966.379977,camera_color_optical_frame,1055,640,480,1,415.4,454.5,0.2981,0.8938,0.00430,2,1,1.000,0.6250,0.0939,0.2161,11.30,0.00,1791448966.535227,3,0,0.0
exp4_rot_20261008_174201,1791448966.413333,camera_color_optical_frame,1056,640,480,1,415.4,454.5,0.2980,0.8938,0.00430,2,1,1.000,0.6230,0.0936,0.2154,12.72,0.00,1791448966.574134,3,0,0.0
exp4_rot_20261008_174201,1791448966.446688,camera_color_optical_frame,1057,640,480,1,415.4,454.4,0.2981,0.8935,0.00428,2,1,1.000,0.6260,0.0941,0.2163,11.91,0.00,1791448966.612505,3,0,0.0
exp4_rot_20261008_174201,1791448966.480043,camera_color_optical_frame,1058,640,480,1,415.4,454.6,0.2980,0.8940,0.00429,2,1,1.000,0.6260,0.0940,0.2165,11.66,0.00,1791448966.650782,3,0,0.0
exp4_rot_20261008_174201,1791448966.513398,camera_color_optical_frame,1059,640,480,1,415.4,454.5,0.2980,0.8936,0.00431,2,1,1.000,0.6250,0.0939,0.2160,10.24,0.00,1791448966.691909,3,0,0.0
exp4_rot_20261008_174201,1791448966.546754,camera_color_optical_frame,1060,640,480,1,415.4,454.4,0.2980,0.8934,0.00432,2,1,1.000,0.6250,0.0939,0.2160,11.83,0.00,1791448966.730740,3,0,0.0
exp4_rot_20261008_174201,1791448966.580109,camera_color_optical_frame,1061,640,480,1,415.4,454.5,0.2980,0.8938,0.00430,2,1,1.000,0.6250,0.0939,0.2160,12.12,0.00,1791448966.771157,3,0,0.0
exp4_rot_20261008_174201,1791448966.613464,camera_color_optical_frame,1062,640,480,1,415.4,454.6,0.2981,0.8940,0.00429,2,1,1.000,0.6230,0.0936,0.2154,12.27,0.00,1791448966.811452,3,0,0.0
exp4_rot_20261008_174201,1791448966.646819,camera_color_optical_frame,1063,640,480,1,415.4,454.4,0.2981,0.8935,0.00431,2,1,1.000,0.6250,0.0939,0.2160,11.32,0.00,1791448966.850429,3,0,0.0
exp4_rot_20261008_174201,1791448966.680174,camera_color_optical_frame,1064,640,480,1,415.4,454.4,0.2980,0.8934,0.00432,2,1,1.000,0.6250,0.0939,0.2159,13.82,0.00,1791448966.891454,3,0,0.0
exp4_rot_20261008_174201,1791448966.713529,camera_color_optical_frame,1065,640,480,1,415.4,454.4,0.2980,0.8935,0.00431,2,1,1.000,0.6270,0.0942,0.2167,15.02,0.00,1791448966.934769,3,0,0.0
exp4_rot_20261008_174201,1791448966.780240,camera_color_optical_frame,1066,640,480,1,415.5,454.4,0.2985,0.8932,0.00427,2,1,1.000,0.6250,0.0940,0.2159,13.51,0.00,1791448966.966471,3,0,0.0
exp4_rot_20261008_174201,1791448966.813594,camera_color_optical_frame,1067,640,480,1,415.4,454.5,0.2981,0.8937,0.00431,2,1,1.000,0.6250,0.0939,0.2160,11.42,0.00,1791448966.997789,3,0,0.0
exp4_rot_20261008_174201,1791448966.846950,camera_color_optical_frame,1068,640,480,1,415.5,454.4,0.2984,0.8933,0.00427,2,1,1.000,0.6240,0.0938,0.2156,12.97,0.00,1791448967.033900,3,0,0.0
exp4_rot_20261008_174201,1791448966.880305,camera_color_optical_frame,1069,640,480,1,415.4,454.4,0.2982,0.8934,0.00432,2,1,1.000,0.6240,0.0938,0.2156,12.80,0.00,1791448967.067789,3,0,0.0
exp4_rot_20261008_174201,1791448966.913660,camera_color_optical_frame,1070,640,480,1,415.4,454.5,0.2981,0.8937,0.00431,2,1,1.000,0.6245,0.0938,0.2158,14.08,0.00,1791448967.097436,3,0,0.0
exp4_rot_20261008_174201,1791448966.947015,camera_color_optical_frame,1071,640,480,1,415.4,454.4,0.2981,0.8935,0.00431,2,1,1.000,0.6270,0.0942,0.2167,12.38,0.00,1791448967.144684,3,0,0.0
exp4_rot_20261008_174201,1791448967.013725,camera_color_optical_frame,1072,640,480,1,415.4,454.5,0.2981,0.8936,0.00431,2,0,,,,,11.36,66.71,1791448967.164621,3,0,0.0
exp4_rot_20261008_174201,1791448967.047080,camera_color_optical_frame,1073,640,480,1,415.4,454.4,0.2981,0.8934,0.00427,2,0,,,,,7.13,100.07,1791448967.179937,3,0,0.0
exp4_rot_20261008_174201,1791448967.080435,camera_color_optical_frame,1074,640,480,1,415.4,454.6,0.2980,0.8941,0.00429,2,0,,,,,8.35,133.42,1791448967.196924,3,0,0.0
exp4_rot_20261008_174201,1791448967.147145,camera_color_optical_frame,1075,640,480,1,415.4,454.4,0.2981,0.8934,0.00430,2,0,,,,,7.58,200.13,1791448967.210264,3,0,0.0
exp4_rot_20261008_174201,1791448967.180500,camera_color_optical_frame,1076,640,480,1,415.4,454.4,0.2981,0.8935,0.00431,2,1,1.000,0.6240,0.0937,0.2156,13.55,0.00,1791448967.265557,3,0,0.0
exp4_rot_20261008_174201,1791448967.213855,camera_color_optical_frame,1077,640,480,1,415.4,454.4,0.2980,0.8935,0.00431,2,1,1.000,0.6270,0.0942,0.2167,12.66,0.00,1791448967.305326,3,0,0.0
exp4_rot_20261008_174201,1791448967.247222,camera_color_optical_frame,1078,640,480,1,415.4,454.4,0.2983,0.8932,0.00427,2,1,1.000,0.6240,0.0938,0.2155,11.18,0.00,1791448967.343851,3,0,0.0
exp4_rot_20261008_174201,1791448967.280590,camera_color_optical_frame,1079,640,480,1,415.4,454.4,0.2981,0.8935,0.00431,2,1,1.000,0.6270,0.0942,0.2167,13.46,0.00,1791448967.380847,3,0,0.0
exp4_rot_20261008_174201,1791448967.313958,camera_color_optical_frame,1080,640,480,1,415.3,454.5,0.2980,0.8938,0.00430,2,1,1.000,0.6260,0.0940,0.2164,15.21,0.00,1791448967.423593,3,0,0.0
exp4_rot_20261008_174201,1791448967.347326,camera_color_optical_frame,1081,640,480,1,415.4,454.4,0.2980,0.8935,0.00431,2,1,1.000,0.6250,0.0939,0.2160,11.76,0.00,1791448967.466970,3,0,0.0
exp4_rot_20261008_174201,1791448967.380694,camera_color_optical_frame,1082,640,480,1,415.3,454.5,0.2979,0.8937,0.00431,2,1,1.000,0.6250,0.0938,0.2160,12.17,0.00,1791448967.504823,3,0,0.0
exp4_rot_20261008_174201,1791448967.414062,camera_color_optical_frame,1083,640,480,1,415.4,454.5,0.2980,0.8937,0.00431,2,1,1.000,0.6250,0.0939,0.2160,11.85,0.00,1791448967.536784,3,0,0.0
exp4_rot_20261008_174201,1791448967.447430,camera_color_optical_frame,1084,640,480,1,415.5,454.3,0.2983,0.8930,0.00428,2,1,1.000,0.6250,0.0940,0.2158,10.81,0.00,1791448967.572891,3,0,0.0
exp4_rot_20261008_174201,1791448967.480798,camera_color_optical_frame,1085,640,480,1,415.3,454.5,0.2980,0.8937,0.00430,2,0,,,,,10.74,33.37,1791448967.593139,3,0,0.0
exp4_rot_20261008_174201,1791448967.514166,camera_color_optical_frame,1086,640,480,1,415.5,454.1,0.2984,0.8922,0.00429,2,1,1.000,0.6250,0.0940,0.2157,13.16,0.00,1791448967.635705,3,0,0.0
exp4_rot_20261008_174201,1791448967.547534,camera_color_optical_frame,1087,640,480,1,415.4,454.5,0.2981,0.8936,0.00431,2,1,1.000,0.6250,0.0939,0.2160,11.93,0.00,1791448967.675940,3,0,0.0
exp4_rot_20261008_174201,1791448967.580903,camera_color_optical_frame,1088,640,480,1,415.4,454.5,0.2981,0.8938,0.00430,2,1,1.000,0.6240,0.0938,0.2157,12.21,0.00,1791448967.717262,3,0,0.0
exp4_rot_20261008_174201,1791448967.614271,camera_color_optical_frame,1089,640,480,1,415.3,454.5,0.2980,0.8940,0.00429,2,1,1.000,0.6250,0.0939,0.2161,15.06,0.00,1791448967.757912,3,0,0.0
exp4_rot_20261008_174201,1791448967.647640,camera_color_optical_frame,1090,640,480,1,415.5,454.5,0.2985,0.8939,0.00424,2,1,1.000,0.6250,0.0940,0.2161,14.60,0.00,1791448967.795873,3,0,0.0
exp4_rot_20261008_174201,1791448967.681009,camera_color_optical_frame,1091,640,480,1,415.4,454.4,0.2981,0.8935,0.00431,2,1,1.000,0.6250,0.0939,0.2160,14.45,0.00,1791448967.835099,3,0,0.0
exp4_rot_20261008_174201,1791448967.714377,camera_color_optical_frame,1092,640,480,1,415.4,454.4,0.2981,0.8935,0.00431,2,1,1.000,0.6240,0.0937,0.2156,13.54,0.00,1791448967.869084,3,0,0.0
exp4_rot_20261008_174201,1791448967.747746,camera_color_optical_frame,1093,640,480,1,415.5,454.3,0.2984,0.8931,0.00427,2,1,1.000,0.6260,0.0941,0.2162,11.56,0.00,1791448967.909270,3,0,0.0
exp4_rot_20261008_174201,1791448967.781115,camera_color_optical_frame,1094,640,480,1,415.4,454.4,0.2981,0.8934,0.00432,2,1,1.000,0.6250,0.0939,0.2159,23.20,0.00,1791448967.961054,3,0,0.0
exp4_rot_20261008_174201,1791448967.814483,camera_color_optical_frame,1095,640,480,1,415.4,454.5,0.2980,0.8939,0.00429,2,1,1.000,0.6250,0.0939,0.2161,20.45,0.00,1791448967.994031,3,0,0.0
exp4_rot_20261008_174201,1791448967.847852,camera_color_optical_frame,1096,640,480,1,415.4,454.5,0.2980,0.8937,0.00430,2,1,1.000,0.6270,0.0942,0.2167,13.62,0.00,1791448968.020535,3,0,0.0
exp4_rot_20261008_174201,1791448967.881221,camera_color_optical_frame,1097,640,480,1,415.3,454.5,0.2979,0.8936,0.00431,2,1,1.000,0.6260,0.0940,0.2164,14.65,0.00,1791448968.054274,3,0,0.0
exp4_rot_20261008_174201,1791448967.914590,camera_color_optical_frame,1098,640,480,1,415.5,454.4,0.2983,0.8933,0.00426,2,1,1.000,0.6250,0.0940,0.2159,14.42,0.00,1791448968.085513,3,0,0.0
exp4_rot_20261008_174201,1791448967.947959,camera_color_optical_frame,1099,640,480,1,415.5,454.4,0.2983,0.8933,0.00429,2,1,1.000,0.6240,0.0938,0.2156,14.16,0.00,1791448968.120082,3,0,0.0
exp4_rot_20261008_174201,1791448967.981328,camera_color_optical_frame,1100,640,480,1,415.4,454.4,0.2981,0.8934,0.00429,2,1,1.000,0.6240,0.0938,0.2156,16.30,0.00,1791448968.157253,3,0,0.0
exp4_rot_20261008_174201,1791448968.014698,camera_color_optical_frame,1101,640,480,1,415.4,454.4,0.2980,0.8934,0.00432,2,1,1.000,0.6250,0.0939,0.2159,16.60,0.00,1791448968.190736,3,0,0.0
exp4_rot_20261008_174201,1791448968.048067,camera_color_optical_frame,1102,640,480,1,415.3,454.4,0.2980,0.8935,0.00431,2,1,1.000,0.6270,0.0942,0.2167,21.60,0.00,1791448968.227884,3,0,0.0
exp4_rot_20261008_174201,1791448968.081436,camera_color_optical_frame,1103,640,480,1,415.4,454.3,0.2980,0.8930,0.00434,2,1,1.000,0.6270,0.0942,0.2165,21.52,0.00,1791448968.262752,3,0,0.0
exp4_rot_20261008_174201,1791448968.114806,camera_color_optical_frame,1104,640,480,1,415.5,454.2,0.2985,0.8925,0.00427,2,1,1.000,0.6240,0.0939,0.2154,20.19,0.00,1791448968.291687,3,0,0.0
exp4_rot_20261008_174201,1791448968.148175,camera_color_optical_frame,1105,640,480,1,415.4,454.5,0.2982,0.8936,0.00431,2,1,1.000,0.6270,0.0942,0.2167,16.13,0.00,1791448968.318065,3,0,0.0
exp4_rot_20261008_174201,1791448968.181545,camera_color_optical_frame,1106,640,480,1,415.4,454.4,0.2981,0.8935,0.00431,2,1,1.000,0.6230,0.0936,0.2153,12.54,0.00,1791448968.343610,3,0,0.0
exp4_rot_20261008_174201,1791448968.214902,camera_color_optical_frame,1107,640,480,1,415.4,454.5,0.2981,0.8936,0.00431,2,1,1.000,0.6250,0.0939,0.2160,13.76,0.00,1791448968.378011,3,0,0.0
exp4_rot_20261008_174201,1791448968.248260,camera_color_optical_frame,1108,640,480,1,415.4,454.5,0.2980,0.8937,0.00430,2,1,1.000,0.6250,0.0939,0.2160,13.72,0.00,1791448968.409412,3,0,0.0
exp4_rot_20261008_174201,1791448968.281617,camera_color_optical_frame,1109,640,480,1,415.4,454.4,0.2981,0.8934,0.00432,2,1,1.000,0.6250,0.0939,0.2159,11.82,0.00,1791448968.446883,3,0,0.0
exp4_rot_20261008_174201,1791448968.314975,camera_color_optical_frame,1110,640,480,1,415.3,454.4,0.2977,0.8934,0.00427,2,1,1.000,0.6250,0.0938,0.2160,12.59,0.00,1791448968.486766,3,0,0.0
exp4_rot_20261008_174201,1791448968.348333,camera_color_optical_frame,1111,640,480,1,415.4,454.4,0.2983,0.8932,0.00429,2,1,1.000,0.6250,0.0940,0.2159,13.20,0.00,1791448968.520141,3,0,0.0
exp4_rot_20261008_174201,1791448968.381691,camera_color_optical_frame,1112,640,480,1,415.4,454.5,0.2981,0.8937,0.00431,2,1,1.000,0.6240,0.0937,0.2157,12.98,0.00,1791448968.556490,3,0,0.0
exp4_rot_20261008_174201,1791448968.415048,camera_color_optical_frame,1113,640,480,1,415.4,454.6,0.2980,0.8941,0.00429,2,1,1.000,0.6230,0.0936,0.2154,11.98,0.00,1791448968.594665,3,0,0.0
exp4_rot_20261008_174201,1791448968.448406,camera_color_optical_frame,1114,640,480,1,415.4,454.3,0.2981,0.8930,0.00420,2,1,1.000,0.6240,0.0938,0.2155,10.93,0.00,1791448968.634160,3,0,0.0
exp4_rot_20261008_174201,1791448968.481763,camera_color_optical_frame,1115,640,480,1,415.4,454.5,0.2980,0.8937,0.00431,2,1,1.000,0.6250,0.0939,0.2160,11.67,0.00,1791448968.670333,3,0,0.0
exp4_rot_20261008_174201,1791448968.515121,camera_color_optical_frame,1116,640,480,1,415.4,454.5,0.2981,0.8936,0.00431,2,1,1.000,0.6240,0.0938,0.2156,11.96,0.00,1791448968.707438,3,0,0.0
exp4_rot_20261008_174201,1791448968.548478,camera_color_optical_frame,1117,640,480,1,415.4,454.5,0.2980,0.8939,0.00430,2,1,1.000,0.6250,0.0939,0.2161,11.97,0.00,1791448968.748089,3,0,0.0
exp4_rot_20261008_174201,1791448968.581836,camera_color_optical_frame,1118,640,480,1,415.5,454.3,0.2985,0.8928,0.00425,2,1,1.000,0.6250,0.0940,0.2158,15.05,0.00,1791448968.785149,3,0,0.0
exp4_rot_20261008_174201,1791448968.615194,camera_color_optical_frame,1119,640,480,1,415.4,454.6,0.2980,0.8941,0.00428,2,1,1.000,0.6240,0.0937,0.2158,18.91,0.00,1791448968.822584,3,0,0.0
exp4_rot_20261008_174201,1791448968.648551,camera_color_optical_frame,1120,640,480,1,415.4,454.5,0.2981,0.8938,0.00430,2,0,,,,,9.77,33.36,1791448968.838874,3,0,0.0
exp4_rot_20261008_174201,1791448968.681909,camera_color_optical_frame,1121,640,480,1,415.4,454.3,0.2983,0.8931,0.00428,2,1,1.000,0.6270,0.0943,0.2166,14.20,0.00,1791448968.873446,3,0,0.0
exp4_rot_20261008_174201,1791448968.715266,camera_color_optical_frame,1122,640,480,1,415.4,454.5,0.2981,0.8939,0.00427,2,1,1.000,0.6250,0.0939,0.2161,13.08,0.00,1791448968.908514,3,0,0.0
exp4_rot_20261008_174201,1791448968.748624,camera_color_optical_frame,1123,640,480,1,415.3,454.5,0.2980,0.8937,0.00428,2,1,1.000,0.6250,0.0939,0.2160,13.82,0.00,1791448968.939791,3,0,0.0
exp4_rot_20261008_174201,1791448968.781981,camera_color_optical_frame,1124,640,480,1,415.4,454.6,0.2980,0.8940,0.00429,2,1,1.000,0.6260,0.0940,0.2164,16.91,0.00,1791448968.972180,3,0,0.0
exp4_rot_20261008_174201,1791448968.815339,camera_color_optical_frame,1125,640,480,1,415.5,454.3,0.2983,0.8930,0.00428,2,0,,,,,14.11,33.36,1791448968.992181,3,0,0.0
exp4_rot_20261008_174201,1791448968.848696,camera_color_optical_frame,1126,640,480,1,415.4,454.6,0.2980,0.8941,0.00429,2,1,1.000,0.6240,0.0937,0.2158,16.27,0.00,1791448969.027787,3,0,0.0
exp4_rot_20261008_174201,1791448968.882054,camera_color_optical_frame,1127,640,480,1,415.4,454.5,0.2980,0.8938,0.00430,2,1,1.000,0.6260,0.0940,0.2164,15.91,0.00,1791448969.060881,3,0,0.0
exp4_rot_20261008_174201,1791448968.915411,camera_color_optical_frame,1128,640,480,1,415.4,454.5,0.2981,0.8937,0.00431,2,1,1.000,0.6250,0.0939,0.2160,17.18,0.00,1791448969.094544,3,0,0.0
exp4_rot_20261008_174201,1791448968.948769,camera_color_optical_frame,1129,640,480,1,415.4,454.4,0.2980,0.8933,0.00432,2,0,,,,,9.34,33.36,1791448969.111300,3,0,0.0
exp4_rot_20261008_174201,1791448968.982127,camera_color_optical_frame,1130,640,480,1,415.4,454.5,0.2980,0.8937,0.00430,2,1,1.000,0.6250,0.0939,0.2160,14.02,0.00,1791448969.145138,3,0,0.0
exp4_rot_20261008_174201,1791448969.015484,camera_color_optical_frame,1131,640,480,1,415.4,454.4,0.2981,0.8934,0.00429,2,1,1.000,0.6250,0.0939,0.2160,12.02,0.00,1791448969.173882,3,0,0.0
exp4_rot_20261008_174201,1791448969.048841,camera_color_optical_frame,1132,640,480,1,415.4,454.4,0.2981,0.8934,0.00430,2,1,1.000,0.6250,0.0939,0.2160,11.39,0.00,1791448969.209944,3,0,0.0
exp4_rot_20261008_174201,1791448969.082199,camera_color_optical_frame,1133,640,480,1,415.3,454.4,0.2979,0.8935,0.00431,2,1,1.000,0.6250,0.0939,0.2160,12.46,0.00,1791448969.242686,3,0,0.0
exp4_rot_20261008_174201,1791448969.115557,camera_color_optical_frame,1134,640,480,1,415.4,454.4,0.2981,0.8935,0.00431,2,1,1.000,0.6230,0.0936,0.2153,11.12,0.00,1791448969.277913,3,0,0.0
exp4_rot_20261008_174201,1791448969.148914,camera_color_optical_frame,1135,640,480,1,415.4,454.5,0.2980,0.8937,0.00431,2,1,1.000,0.6240,0.0937,0.2157,12.86,0.00,1791448969.313419,3,0,0.0
exp4_rot_20261008_174201,1791448969.215681,camera_color_optical_frame,1136,640,480,1,415.4,454.5,0.2981,0.8938,0.00430,2,0,,,,,10.45,66.77,1791448969.334161,3,0,0.0
exp4_rot_20261008_174201,1791448969.249056,camera_color_optical_frame,1137,640,480,1,415.5,454.2,0.2985,0.8926,0.00426,2,1,1.000,0.6250,0.0940,0.2157,11.47,0.00,1791448969.373742,3,0,0.0
exp4_rot_20261008_174201,1791448969.282431,camera_color_optical_frame,1138,640,480,1,415.4,454.5,0.2980,0.8940,0.00429,2,1,1.000,0.6250,0.0939,0.2161,11.01,0.00,1791448969.409870,3,0,0.0
exp4_rot_20261008_174201,1791448969.315806,camera_color_optical_frame,1139,640,480,1,415.4,454.4,0.2981,0.8934,0.00432,2,1,1.000,0.6250,0.0939,0.2160,11.19,0.00,1791448969.447339,3,0,0.0
exp4_rot_20261008_174201,1791448969.349181,camera_color_optical_frame,1140,640,480,1,415.2,454.6,0.2976,0.8943,0.00426,2,1,1.000,0.6250,0.0937,0.2162,13.98,0.00,1791448969.476985,3,0,0.0
exp4_rot_20261008_174201,1791448969.382556,camera_color_optical_frame,1141,640,480,1,415.3,454.6,0.2979,0.8940,0.00429,2,1,1.000,0.6240,0.0937,0.2158,15.83,0.00,1791448969.525834,3,0,0.0
exp4_rot_20261008_174201,1791448969.415931,camera_color_optical_frame,1142,640,480,1,415.4,454.4,0.2983,0.8932,0.00429,2,1,1.000,0.6260,0.0941,0.2163,12.29,0.00,1791448969.555408,3,0,0.0
exp4_rot_20261008_174201,1791448969.449307,camera_color_optical_frame,1143,640,480,1,415.4,454.4,0.2981,0.8933,0.00432,2,1,1.000,0.6260,0.0941,0.2163,13.32,0.00,1791448969.590836,3,0,0.0
exp4_rot_20261008_174201,1791448969.482682,camera_color_optical_frame,1144,640,480,1,415.4,454.4,0.2981,0.8933,0.00427,2,1,1.000,0.6250,0.0939,0.2159,14.65,0.00,1791448969.623548,3,0,0.0
exp4_rot_20261008_174201,1791448969.516058,camera_color_optical_frame,1145,640,480,1,415.4,454.6,0.2982,0.8940,0.00426,2,1,1.000,0.6250,0.0939,0.2161,12.58,0.00,1791448969.657521,3,0,0.0
exp4_rot_20261008_174201,1791448969.549433,camera_color_optical_frame,1146,640,480,1,415.6,454.2,0.2986,0.8925,0.00429,2,1,1.000,0.6270,0.0944,0.2164,12.93,0.00,1791448969.690929,3,0,0.0
exp4_rot_20261008_174201,1791448969.582809,camera_color_optical_frame,1147,640,480,1,415.4,454.5,0.2980,0.8936,0.00431,2,1,1.000,0.6250,0.0939,0.2160,13.09,0.00,1791448969.725247,3,0,0.0
exp4_rot_20261008_174201,1791448969.616185,camera_color_optical_frame,1148,640,480,1,415.4,454.4,0.2981,0.8935,0.00431,2,1,1.000,0.6250,0.0939,0.2160,12.87,0.00,1791448969.759934,3,0,0.0
exp4_rot_20261008_174201,1791448969.649561,camera_color_optical_frame,1149,640,480,1,415.4,454.4,0.2981,0.8935,0.00431,2,1,1.000,0.6260,0.0940,0.2163,11.99,0.00,1791448969.793303,3,0,0.0
exp4_rot_20261008_174201,1791448969.682937,camera_color_optical_frame,1150,640,480,1,415.4,454.5,0.2981,0.8937,0.00431,2,1,1.000,0.6240,0.0938,0.2157,12.08,0.00,1791448969.836939,3,0,0.0
exp4_rot_20261008_174201,1791448969.716313,camera_color_optical_frame,1151,640,480,1,415.3,454.6,0.2980,0.8942,0.00428,2,1,1.000,0.6250,0.0939,0.2162,9.02,0.00,1791448969.873361,3,0,0.0
exp4_rot_20261008_174201,1791448969.749689,camera_color_optical_frame,1152,640,480,1,415.5,454.3,0.2983,0.8931,0.00427,2,1,1.000,0.6230,0.0937,0.2152,12.11,0.00,1791448969.912483,3,0,0.0
exp4_rot_20261008_174201,1791448969.783065,camera_color_optical_frame,1153,640,480,1,415.6,454.1,0.2986,0.8921,0.00426,2,1,1.000,0.6250,0.0941,0.2156,12.23,0.00,1791448969.943206,3,0,0.0
exp4_rot_20261008_174201,1791448969.816442,camera_color_optical_frame,1154,640,480,1,415.4,454.4,0.2980,0.8932,0.00432,2,1,1.000,0.6240,0.0937,0.2156,15.00,0.00,1791448969.988181,3,0,0.0
exp4_rot_20261008_174201,1791448969.849818,camera_color_optical_frame,1155,640,480,1,415.6,454.2,0.2986,0.8925,0.00427,2,1,1.000,0.6250,0.0941,0.2157,16.68,0.00,1791448970.023964,3,0,0.0
exp4_rot_20261008_174201,1791448969.883194,camera_color_optical_frame,1156,640,480,1,415.5,454.2,0.2983,0.8925,0.00427,2,1,1.000,0.6250,0.0940,0.2157,15.50,0.00,1791448970.052933,3,0,0.0
exp4_rot_20261008_174201,1791448969.916571,camera_color_optical_frame,1157,640,480,1,415.3,454.5,0.2980,0.8937,0.00430,2,1,1.000,0.6250,0.0939,0.2160,13.36,0.00,1791448970.082039,3,0,0.0
exp4_rot_20261008_174201,1791448969.949948,camera_color_optical_frame,1158,640,480,1,415.6,454.2,0.2986,0.8923,0.00426,2,1,1.000,0.6250,0.0941,0.2157,12.92,0.00,1791448970.112373,3,0,0.0
exp4_rot_20261008_174201,1791448969.983324,camera_color_optical_frame,1159,640,480,1,415.4,454.4,0.2981,0.8935,0.00431,2,1,1.000,0.6270,0.0942,0.2167,10.80,0.00,1791448970.140783,3,0,0.0
exp4_rot_20261008_174201,1791448970.016701,camera_color_optical_frame,1160,640,480,1,415.4,454.4,0.2982,0.8935,0.00428,2,1,1.000,0.6260,0.0941,0.2163,11.52,0.00,1791448970.175306,3,0,0.0
exp4_rot_20261008_174201,1791448970.050078,camera_color_optical_frame,1161,640,480,1,415.7,454.0,0.2991,0.8918,0.00420,2,1,1.000,0.6240,0.0941,0.2152,11.07,0.00,1791448970.209170,3,0,0.0
exp4_rot_20261008_174201,1791448970.083455,camera_color_optical_frame,1162,640,480,1,415.4,454.4,0.2981,0.8934,0.00432,2,1,1.000,0.6250,0.0939,0.2159,11.66,0.00,1791448970.243297,3,0,0.0
exp4_rot_20261008_174201,1791448970.116832,camera_color_optical_frame,1163,640,480,1,415.6,454.3,0.2987,0.8928,0.00424,2,1,1.000,0.6250,0.0941,0.2158,10.77,0.00,1791448970.280842,3,0,0.0
exp4_rot_20261008_174201,1791448970.150192,camera_color_optical_frame,1164,640,480,1,415.4,454.5,0.2980,0.8939,0.00430,2,1,1.000,0.6250,0.0939,0.2161,14.54,0.00,1791448970.319206,3,0,0.0
exp4_rot_20261008_174201,1791448970.183552,camera_color_optical_frame,1165,640,480,1,415.4,454.4,0.2981,0.8932,0.00433,2,1,1.000,0.6250,0.0939,0.2159,12.13,0.00,1791448970.350131,3,0,0.0
exp4_rot_20261008_174201,1791448970.216872,camera_color_optical_frame,1166,640,480,1,415.4,454.5,0.2980,0.8938,0.00430,2,1,1.000,0.6250,0.0939,0.2161,11.64,0.00,1791448970.381798,3,0,0.0
exp4_rot_20261008_174201,1791448970.250218,camera_color_optical_frame,1167,640,480,1,415.5,454.3,0.2985,0.8927,0.00424,2,1,1.000,0.6260,0.0942,0.2161,12.29,0.00,1791448970.413614,3,0,0.0
exp4_rot_20261008_174201,1791448970.283565,camera_color_optical_frame,1168,640,480,1,415.4,454.5,0.2980,0.8938,0.00430,2,1,1.000,0.6250,0.0939,0.2161,11.23,0.00,1791448970.451701,3,0,0.0
exp4_rot_20261008_174201,1791448970.316911,camera_color_optical_frame,1169,640,480,1,415.4,454.5,0.2980,0.8939,0.00429,2,1,1.000,0.6240,0.0937,0.2157,12.71,0.00,1791448970.488634,3,0,0.0
exp4_rot_20261008_174201,1791448970.350258,camera_color_optical_frame,1170,640,480,1,415.4,454.5,0.2980,0.8936,0.00431,2,1,1.000,0.6270,0.0942,0.2167,14.05,0.00,1791448970.530577,3,0,0.0
exp4_rot_20261008_174201,1791448970.383604,camera_color_optical_frame,1171,640,480,1,415.6,454.4,0.2986,0.8935,0.00425,2,1,1.000,0.6250,0.0941,0.2160,12.15,0.00,1791448970.562056,3,0,0.0
exp4_rot_20261008_174201,1791448970.416950,camera_color_optical_frame,1172,640,480,1,415.6,454.3,0.2987,0.8930,0.00424,2,1,1.000,0.6230,0.0938,0.2152,13.19,0.00,1791448970.592997,3,0,0.0
exp4_rot_20261008_174201,1791448970.450296,camera_color_optical_frame,1173,640,480,1,415.4,454.5,0.2981,0.8937,0.00431,2,1,1.000,0.6250,0.0939,0.2160,13.98,0.00,1791448970.634993,3,0,0.0
exp4_rot_20261008_174201,1791448970.483642,camera_color_optical_frame,1174,640,480,1,415.6,454.2,0.2988,0.8923,0.00424,2,1,1.000,0.6250,0.0941,0.2157,10.55,0.00,1791448970.665571,3,0,0.0
exp4_rot_20261008_174201,1791448970.516988,camera_color_optical_frame,1175,640,480,1,415.3,454.4,0.2977,0.8935,0.00426,2,1,1.000,0.6240,0.0936,0.2156,12.14,0.00,1791448970.698343,3,0,0.0
exp4_rot_20261008_174201,1791448970.550334,camera_color_optical_frame,1176,640,480,1,415.4,454.3,0.2983,0.8930,0.00429,2,1,1.000,0.6250,0.0940,0.2158,11.23,0.00,1791448970.737468,3,0,0.0
exp4_rot_20261008_174201,1791448970.583680,camera_color_optical_frame,1177,640,480,1,415.5,454.4,0.2984,0.8932,0.00426,2,1,1.000,0.6230,0.0937,0.2152,11.86,0.00,1791448970.774346,3,0,0.0
exp4_rot_20261008_174201,1791448970.617026,camera_color_optical_frame,1178,640,480,1,415.3,454.5,0.2979,0.8937,0.00431,2,1,1.000,0.6270,0.0942,0.2167,12.21,0.00,1791448970.810975,3,0,0.0
exp4_rot_20261008_174201,1791448970.650372,camera_color_optical_frame,1179,640,480,1,415.3,454.4,0.2980,0.8933,0.00430,2,1,1.000,0.6240,0.0937,0.2156,10.66,0.00,1791448970.839897,3,0,0.0
exp4_rot_20261008_174201,1791448970.683718,camera_color_optical_frame,1180,640,480,1,415.4,454.5,0.2981,0.8938,0.00430,2,1,1.000,0.6250,0.0939,0.2160,10.89,0.00,1791448970.875464,3,0,0.0
exp4_rot_20261008_174201,1791448970.717064,camera_color_optical_frame,1181,640,480,1,415.4,454.5,0.2980,0.8938,0.00430,2,1,1.000,0.6240,0.0937,0.2157,11.37,0.00,1791448970.913991,3,0,0.0
exp4_rot_20261008_174201,1791448970.750410,camera_color_optical_frame,1182,640,480,1,415.4,454.4,0.2982,0.8933,0.00430,2,0,,,,,8.55,33.35,1791448970.931221,3,0,0.0
exp4_rot_20261008_174201,1791448970.783755,camera_color_optical_frame,1183,640,480,1,415.3,454.5,0.2979,0.8937,0.00431,2,1,1.000,0.6240,0.0937,0.2157,12.24,0.00,1791448970.957424,3,0,0.0
exp4_rot_20261008_174201,1791448970.817101,camera_color_optical_frame,1184,640,480,1,415.4,454.4,0.2981,0.8934,0.00432,2,1,1.000,0.6250,0.0939,0.2159,13.24,0.00,1791448970.989882,3,0,0.0
exp4_rot_20261008_174201,1791448970.850446,camera_color_optical_frame,1185,640,480,1,415.4,454.5,0.2981,0.8938,0.00430,2,1,1.000,0.6250,0.0939,0.2161,13.46,0.00,1791448971.028303,3,0,0.0
exp4_rot_20261008_174201,1791448970.883792,camera_color_optical_frame,1186,640,480,1,415.4,454.5,0.2980,0.8936,0.00431,2,1,1.000,0.6230,0.0936,0.2153,12.26,0.00,1791448971.064768,3,0,0.0
exp4_rot_20261008_174201,1791448970.917137,camera_color_optical_frame,1187,640,480,1,415.4,454.5,0.2981,0.8938,0.00430,2,1,1.000,0.6250,0.0939,0.2161,16.44,0.00,1791448971.097883,3,0,0.0
exp4_rot_20261008_174201,1791448970.950483,camera_color_optical_frame,1188,640,480,1,415.4,454.4,0.2982,0.8932,0.00430,2,1,1.000,0.6260,0.0941,0.2163,13.27,0.00,1791448971.138387,3,0,0.0
exp4_rot_20261008_174201,1791448970.983828,camera_color_optical_frame,1189,640,480,1,415.3,454.6,0.2980,0.8941,0.00429,2,1,1.000,0.6250,0.0939,0.2161,11.84,0.00,1791448971.165189,3,0,0.0
exp4_rot_20261008_174201,1791448971.017173,camera_color_optical_frame,1190,640,480,1,415.4,454.5,0.2980,0.8936,0.00431,2,1,1.000,0.6260,0.0940,0.2163,13.62,0.00,1791448971.197429,3,0,0.0
exp4_rot_20261008_174201,1791448971.050518,camera_color_optical_frame,1191,640,480,1,415.4,454.4,0.2983,0.8932,0.00427,2,1,1.000,0.6240,0.0938,0.2156,11.85,0.00,1791448971.239058,3,0,0.0
exp4_rot_20261008_174201,1791448971.083863,camera_color_optical_frame,1192,640,480,1,415.5,454.3,0.2984,0.8930,0.00428,2,1,1.000,0.6250,0.0940,0.2158,10.18,0.00,1791448971.273183,3,0,0.0
exp4_rot_20261008_174201,1791448971.117209,camera_color_optical_frame,1193,640,480,1,415.4,454.4,0.2980,0.8935,0.00431,2,1,1.000,0.6270,0.0942,0.2167,14.42,0.00,1791448971.316321,3,0,0.0
exp4_rot_20261008_174201,1791448971.150568,camera_color_optical_frame,1194,640,480,1,415.4,454.5,0.2981,0.8936,0.00431,2,1,1.000,0.6250,0.0939,0.2160,18.76,0.00,1791448971.368482,3,0,0.0
exp4_rot_20261008_174201,1791448971.183928,camera_color_optical_frame,1195,640,480,1,415.4,454.4,0.2981,0.8935,0.00431,2,1,1.000,0.6250,0.0939,0.2160,12.50,0.00,1791448971.410947,3,0,0.0
exp4_rot_20261008_174201,1791448971.217277,camera_color_optical_frame,1196,640,480,1,415.4,454.4,0.2983,0.8932,0.00429,2,1,1.000,0.6250,0.0940,0.2159,22.17,0.00,1791448971.476445,3,0,0.0
exp4_rot_20261008_174201,1791448971.250627,camera_color_optical_frame,1197,640,480,1,415.5,454.4,0.2984,0.8935,0.00426,2,0,,,,,19.92,33.35,1791448971.511088,3,0,0.0
exp4_rot_20261008_174201,1791448971.283976,camera_color_optical_frame,1198,640,480,1,415.4,454.5,0.2980,0.8936,0.00431,2,1,1.000,0.6240,0.0937,0.2156,20.64,0.00,1791448971.550885,3,0,0.0
exp4_rot_20261008_174201,1791448971.317326,camera_color_optical_frame,1199,640,480,1,415.4,454.4,0.2981,0.8935,0.00431,2,1,1.000,0.6250,0.0939,0.2160,13.88,0.00,1791448971.575160,3,0,0.0
exp4_rot_20261008_174201,1791448971.350676,camera_color_optical_frame,1200,640,480,1,415.4,454.4,0.2982,0.8932,0.00429,2,1,1.000,0.6250,0.0939,0.2159,16.43,0.00,1791448971.606975,3,0,0.0
exp4_rot_20261008_174201,1791448971.384025,camera_color_optical_frame,1201,640,480,1,415.3,454.3,0.2979,0.8931,0.00431,2,0,,,,,14.46,33.35,1791448971.629552,3,0,0.0
exp4_rot_20261008_174201,1791448971.417375,camera_color_optical_frame,1202,640,480,1,415.4,454.5,0.2980,0.8937,0.00431,2,1,1.000,0.6230,0.0936,0.2153,12.82,0.00,1791448971.662481,3,0,0.0
exp4_rot_20261008_174201,1791448971.450724,camera_color_optical_frame,1203,640,480,1,415.4,454.5,0.2981,0.8936,0.00431,2,1,1.000,0.6260,0.0940,0.2164,14.95,0.00,1791448971.713627,3,0,0.0
exp4_rot_20261008_174201,1791448971.484073,camera_color_optical_frame,1204,640,480,1,415.4,454.4,0.2981,0.8935,0.00431,2,0,,,,,10.64,33.35,1791448971.733065,3,0,0.0
exp4_rot_20261008_174201,1791448971.517422,camera_color_optical_frame,1205,640,480,1,415.4,454.4,0.2982,0.8934,0.00428,2,1,1.000,0.6250,0.0939,0.2160,16.98,0.00,1791448971.772180,3,0,0.0
exp4_rot_20261008_174201,1791448971.550772,camera_color_optical_frame,1206,640,480,1,415.4,454.5,0.2982,0.8936,0.00431,2,1,1.000,0.6260,0.0941,0.2164,16.54,0.00,1791448971.818192,3,0,0.0
exp4_rot_20261008_174201,1791448971.584121,camera_color_optical_frame,1207,640,480,1,415.4,454.5,0.2980,0.8938,0.00430,2,1,1.000,0.6230,0.0936,0.2154,25.13,0.00,1791448971.866336,3,0,0.0
exp4_rot_20261008_174201,1791448971.617470,camera_color_optical_frame,1208,640,480,1,415.3,454.6,0.2978,0.8943,0.00428,2,0,,,,,13.68,33.35,1791448971.886866,3,0,0.0
exp4_rot_20261008_174201,1791448971.650819,camera_color_optical_frame,1209,640,480,1,415.4,454.4,0.2982,0.8935,0.00425,2,1,1.000,0.6270,0.0943,0.2167,18.40,0.00,1791448971.933207,3,0,0.0
exp4_rot_20261008_174201,1791448971.684168,camera_color_optical_frame,1210,640,480,1,415.5,454.3,0.2983,0.8930,0.00427,2,1,1.000,0.6230,0.0937,0.2152,15.84,0.00,1791448971.966954,3,0,0.0
exp4_rot_20261008_174201,1791448971.717517,camera_color_optical_frame,1211,640,480,1,415.4,454.5,0.2980,0.8937,0.00431,2,0,,,,,15.81,33.35,1791448972.004589,3,0,0.0
exp4_rot_20261008_174201,1791448971.750866,camera_color_optical_frame,1212,640,480,1,415.4,454.5,0.2980,0.8937,0.00431,2,1,1.000,0.6260,0.0940,0.2164,16.55,0.00,1791448972.039034,3,0,0.0
exp4_rot_20261008_174201,1791448971.784215,camera_color_optical_frame,1213,640,480,1,415.4,454.2,0.2981,0.8925,0.00426,2,0,,,,,9.79,33.35,1791448972.055704,3,0,0.0
exp4_rot_20261008_174201,1791448971.817564,camera_color_optical_frame,1214,640,480,1,415.5,454.4,0.2983,0.8933,0.00424,2,1,1.000,0.6270,0.0943,0.2166,14.50,0.00,1791448972.098321,3,0,0.0
exp4_rot_20261008_174201,1791448971.850913,camera_color_optical_frame,1215,640,480,1,415.4,454.5,0.2981,0.8937,0.00431,2,1,1.000,0.6240,0.0938,0.2157,20.57,0.00,1791448972.152689,3,0,0.0
exp4_rot_20261008_174201,1791448971.884261,camera_color_optical_frame,1216,640,480,1,415.4,454.3,0.2981,0.8929,0.00427,2,0,,,,,15.31,33.35,1791448972.181790,3,0,0.0
exp4_rot_20261008_174201,1791448971.917610,camera_color_optical_frame,1217,640,480,1,415.4,454.5,0.2981,0.8938,0.00430,2,1,1.000,0.6250,0.0939,0.2161,13.29,0.00,1791448972.208479,3,0,0.0
exp4_rot_20261008_174201,1791448971.950959,camera_color_optical_frame,1218,640,480,1,415.4,454.5,0.2980,0.8936,0.00431,2,1,1.000,0.6260,0.0940,0.2164,19.49,0.00,1791448972.243985,3,0,0.0
exp4_rot_20261008_174201,1791448971.984308,camera_color_optical_frame,1219,640,480,1,415.3,454.5,0.2979,0.8939,0.00429,2,0,,,,,13.25,33.35,1791448972.268747,3,0,0.0
exp4_rot_20261008_174201,1791448972.017656,camera_color_optical_frame,1220,640,480,1,415.3,454.5,0.2978,0.8939,0.00430,2,1,1.000,0.6250,0.0938,0.2161,18.52,0.00,1791448972.300632,3,0,0.0
exp4_rot_20261008_174201,1791448972.051005,camera_color_optical_frame,1221,640,480,1,415.4,454.5,0.2981,0.8938,0.00430,2,0,,,,,13.60,33.35,1791448972.322390,3,0,0.0
exp4_rot_20261008_174201,1791448972.084353,camera_color_optical_frame,1222,640,480,1,415.4,454.5,0.2980,0.8937,0.00431,2,1,1.000,0.6240,0.0937,0.2157,17.75,0.00,1791448972.377317,3,0,0.0
exp4_rot_20261008_174201,1791448972.151050,camera_color_optical_frame,1223,640,480,1,415.3,454.4,0.2980,0.8933,0.00430,2,1,1.000,0.6240,0.0937,0.2156,17.46,0.00,1791448972.415753,3,0,0.0
exp4_rot_20261008_174201,1791448972.184398,camera_color_optical_frame,1224,640,480,1,415.4,454.6,0.2980,0.8942,0.00428,2,1,1.000,0.6230,0.0936,0.2155,13.26,0.00,1791448972.449498,3,0,0.0
exp4_rot_20261008_174201,1791448972.217747,camera_color_optical_frame,1225,640,480,1,415.4,454.4,0.2981,0.8935,0.00428,2,1,1.000,0.6270,0.0942,0.2167,21.71,0.00,1791448972.499256,3,0,0.0
exp4_rot_20261008_174201,1791448972.251096,camera_color_optical_frame,1226,640,480,1,415.4,454.5,0.2981,0.8936,0.00431,2,0,,,,,10.79,33.35,1791448972.519971,3,0,0.0
exp4_rot_20261008_174201,1791448972.284445,camera_color_optical_frame,1227,640,480,1,415.3,454.6,0.2979,0.8941,0.00429,2,1,1.000,0.6250,0.0938,0.2161,23.00,0.00,1791448972.563987,3,0,0.0
exp4_rot_20261008_174201,1791448972.317794,camera_color_optical_frame,1228,640,480,1,415.4,454.4,0.2981,0.8935,0.00431,2,0,,,,,13.00,33.35,1791448972.587401,3,0,0.0
exp4_rot_20261008_174201,1791448972.351142,camera_color_optical_frame,1229,640,480,1,415.4,454.4,0.2982,0.8934,0.00432,2,1,1.000,0.6230,0.0936,0.2153,21.47,0.00,1791448972.630785,3,0,0.0
exp4_rot_20261008_174201,1791448972.384490,camera_color_optical_frame,1230,640,480,1,415.4,454.4,0.2980,0.8935,0.00431,2,1,1.000,0.6230,0.0936,0.2153,20.59,0.00,1791448972.667775,3,0,0.0
exp4_rot_20261008_174201,1791448972.417839,camera_color_optical_frame,1231,640,480,1,415.4,454.5,0.2981,0.8936,0.00431,2,1,1.000,0.6230,0.0936,0.2153,24.46,0.00,1791448972.704173,3,0,0.0
exp4_rot_20261008_174201,1791448972.451187,camera_color_optical_frame,1232,640,480,1,415.5,454.4,0.2984,0.8932,0.00428,2,0,,,,,13.32,33.35,1791448972.727452,3,0,0.0
exp4_rot_20261008_174201,1791448972.484536,camera_color_optical_frame,1233,640,480,1,415.4,454.5,0.2981,0.8936,0.00431,2,1,1.000,0.6250,0.0939,0.2160,22.25,0.00,1791448972.765331,3,0,0.0
exp4_rot_20261008_174201,1791448972.551232,camera_color_optical_frame,1234,640,480,1,415.4,454.5,0.2980,0.8939,0.00429,2,1,1.000,0.6250,0.0939,0.2161,21.91,0.00,1791448972.801386,3,0,0.0
exp4_rot_20261008_174201,1791448972.584580,camera_color_optical_frame,1235,640,480,1,415.4,454.4,0.2980,0.8932,0.00432,2,0,,,,,13.33,33.35,1791448972.824521,3,0,0.0
exp4_rot_20261008_174201,1791448972.617928,camera_color_optical_frame,1236,640,480,1,415.4,454.4,0.2983,0.8933,0.00432,2,1,1.000,0.6270,0.0943,0.2166,19.98,0.00,1791448972.861017,3,0,0.0
exp4_rot_20261008_174201,1791448972.651276,camera_color_optical_frame,1237,640,480,1,415.4,454.4,0.2980,0.8935,0.00431,2,1,1.000,0.6250,0.0939,0.2160,19.09,0.00,1791448972.899610,3,0,0.0
exp4_rot_20261008_174201,1791448972.684624,camera_color_optical_frame,1238,640,480,1,415.5,454.3,0.2985,0.8930,0.00425,2,1,1.000,0.6240,0.0939,0.2155,19.18,0.00,1791448972.936600,3,0,0.0
exp4_rot_20261008_174201,1791448972.717971,camera_color_optical_frame,1239,640,480,1,415.4,454.4,0.2982,0.8934,0.00429,2,0,,,,,18.02,33.35,1791448972.966575,3,0,0.0
exp4_rot_20261008_174201,1791448972.751319,camera_color_optical_frame,1240,640,480,1,415.3,454.5,0.2978,0.8936,0.00428,2,1,1.000,0.6250,0.0938,0.2160,22.17,0.00,1791448972.997370,3,0,0.0
exp4_rot_20261008_174201,1791448972.784667,camera_color_optical_frame,1241,640,480,1,415.4,454.5,0.2981,0.8938,0.00430,2,1,1.000,0.6260,0.0941,0.2164,22.12,0.00,1791448973.038129,3,0,0.0
exp4_rot_20261008_174201,1791448972.851361,camera_color_optical_frame,1242,640,480,1,415.5,454.4,0.2984,0.8935,0.00426,2,1,1.000,0.6230,0.0937,0.2153,18.80,0.00,1791448973.084722,3,0,0.0
exp4_rot_20261008_174201,1791448972.884709,camera_color_optical_frame,1243,640,480,1,415.4,454.6,0.2980,0.8940,0.00429,2,1,1.000,0.6250,0.0939,0.2161,17.76,0.00,1791448973.120012,3,0,0.0
exp4_rot_20261008_174201,1791448972.951403,camera_color_optical_frame,1244,640,480,1,415.4,454.4,0.2981,0.8935,0.00431,2,0,,,,,15.95,33.35,1791448973.155156,3,0,0.0
exp4_rot_20261008_174201,1791448972.984751,camera_color_optical_frame,1245,640,480,1,415.3,454.6,0.2979,0.8941,0.00429,2,1,1.000,0.6250,0.0938,0.2161,17.55,0.00,1791448973.187154,3,0,0.0
exp4_rot_20261008_174201,1791448973.018097,camera_color_optical_frame,1246,640,480,1,415.4,454.6,0.2980,0.8940,0.00429,2,1,1.000,0.6250,0.0939,0.2161,13.23,0.00,1791448973.216373,3,0,0.0
exp4_rot_20261008_174201,1791448973.051444,camera_color_optical_frame,1247,640,480,1,415.4,454.6,0.2981,0.8940,0.00429,2,1,1.000,0.6250,0.0939,0.2161,14.70,0.00,1791448973.256308,3,0,0.0
exp4_rot_20261008_174201,1791448973.084791,camera_color_optical_frame,1248,640,480,1,415.4,454.5,0.2981,0.8939,0.00430,2,1,1.000,0.6260,0.0941,0.2164,12.89,0.00,1791448973.296792,3,0,0.0
exp4_rot_20261008_174201,1791448973.118138,camera_color_optical_frame,1249,640,480,1,415.4,454.4,0.2982,0.8931,0.00433,2,1,1.000,0.6250,0.0939,0.2159,25.76,0.00,1791448973.362949,3,0,0.0
exp4_rot_20261008_174201,1791448973.184832,camera_color_optical_frame,1250,640,480,1,415.3,454.5,0.2977,0.8936,0.00427,2,0,,,,,11.78,33.35,1791448973.396834,3,0,0.0
exp4_rot_20261008_174201,1791448973.251555,camera_color_optical_frame,1251,640,480,1,415.4,454.5,0.2981,0.8938,0.00430,2,0,,,,,11.78,100.07,1791448973.418741,3,0,0.0
exp4_rot_20261008_174201,1791448973.284908,camera_color_optical_frame,1252,640,480,1,415.4,454.5,0.2980,0.8938,0.00430,2,0,,,,,10.14,133.42,1791448973.439640,3,0,0.0
exp4_rot_20261008_174201,1791448973.351614,camera_color_optical_frame,1253,640,480,1,415.4,454.2,0.2981,0.8923,0.00424,2,0,,,,,10.27,200.13,1791448973.456530,3,0,0.0
exp4_rot_20261008_174201,1791448973.384966,camera_color_optical_frame,1254,640,480,1,415.4,454.5,0.2982,0.8938,0.00427,2,0,,,,,9.42,233.48,1791448973.473431,3,0,0.0
exp4_rot_20261008_174201,1791448973.418319,camera_color_optical_frame,1255,640,480,1,415.4,454.4,0.2982,0.8934,0.00426,2,0,,,,,9.10,266.83,1791448973.493358,3,0,0.0
exp4_rot_20261008_174201,1791448973.451671,camera_color_optical_frame,1256,640,480,1,415.5,454.4,0.2983,0.8933,0.00425,2,1,1.000,0.6250,0.0940,0.2159,13.29,0.00,1791448973.564885,3,0,0.0
exp4_rot_20261008_174201,1791448973.485024,camera_color_optical_frame,1257,640,480,1,415.4,454.5,0.2980,0.8938,0.00430,2,1,1.000,0.6250,0.0939,0.2161,20.14,0.00,1791448973.616068,3,0,0.0
exp4_rot_20261008_174201,1791448973.518376,camera_color_optical_frame,1258,640,480,1,415.4,454.5,0.2980,0.8938,0.00430,2,1,1.000,0.6270,0.0942,0.2167,13.73,0.00,1791448973.655510,3,0,0.0
exp4_rot_20261008_174201,1791448973.551729,camera_color_optical_frame,1259,640,480,1,415.4,454.4,0.2980,0.8932,0.00432,2,1,1.000,0.6250,0.0939,0.2159,12.19,0.00,1791448973.687025,3,0,0.0
exp4_rot_20261008_174201,1791448973.585081,camera_color_optical_frame,1260,640,480,1,415.5,454.4,0.2983,0.8932,0.00430,2,1,1.000,0.6250,0.0940,0.2159,13.24,0.00,1791448973.720200,3,0,0.0
exp4_rot_20261008_174201,1791448973.618434,camera_color_optical_frame,1261,640,480,1,415.4,454.5,0.2981,0.8938,0.00430,2,1,1.000,0.6240,0.0938,0.2157,11.72,0.00,1791448973.759991,3,0,0.0
exp4_rot_20261008_174201,1791448973.651786,camera_color_optical_frame,1262,640,480,1,415.4,454.4,0.2982,0.8933,0.00428,2,1,1.000,0.6250,0.0939,0.2159,13.61,0.00,1791448973.794307,3,0,0.0
exp4_rot_20261008_174201,1791448973.685138,camera_color_optical_frame,1263,640,480,1,415.4,454.5,0.2981,0.8938,0.00430,2,1,1.000,0.6250,0.0939,0.2161,14.41,0.00,1791448973.835769,3,0,0.0
exp4_rot_20261008_174201,1791448973.718491,camera_color_optical_frame,1264,640,480,1,415.4,454.6,0.2980,0.8940,0.00429,2,0,,,,,12.82,33.35,1791448973.864445,3,0,0.0
exp4_rot_20261008_174201,1791448973.818547,camera_color_optical_frame,1265,640,480,1,415.4,454.6,0.2980,0.8940,0.00429,2,0,,,,,7.40,133.41,1791448973.880035,3,0,0.0
exp4_rot_20261008_174201,1791448973.851900,camera_color_optical_frame,1266,640,480,1,415.4,454.4,0.2981,0.8935,0.00431,2,1,1.000,0.6230,0.0936,0.2153,17.13,0.00,1791448973.949535,3,0,0.0
exp4_rot_20261008_174201,1791448973.885252,camera_color_optical_frame,1267,640,480,1,415.3,454.2,0.2980,0.8925,0.00423,2,1,1.000,0.6250,0.0939,0.2157,12.58,0.00,1791448973.991014,3,0,0.0
exp4_rot_20261008_174201,1791448973.918604,camera_color_optical_frame,1268,640,480,1,415.4,454.5,0.2980,0.8937,0.00431,2,1,1.000,0.6250,0.0939,0.2160,14.68,0.00,1791448974.034265,3,0,0.0
exp4_rot_20261008_174201,1791448973.951956,camera_color_optical_frame,1269,640,480,1,415.5,454.2,0.2986,0.8927,0.00430,2,1,1.000,0.6260,0.0942,0.2161,12.46,0.00,1791448974.076407,3,0,0.0
exp4_rot_20261008_174201,1791448973.985308,camera_color_optical_frame,1270,640,480,1,415.4,454.5,0.2981,0.8938,0.00430,2,1,1.000,0.6260,0.0940,0.2164,22.55,0.00,1791448974.126405,3,0,0.0
exp4_rot_20261008_174201,1791448974.018660,camera_color_optical_frame,1271,640,480,1,415.5,454.3,0.2984,0.8931,0.00427,2,1,1.000,0.6250,0.0940,0.2159,13.09,0.00,1791448974.162019,3,0,0.0
exp4_rot_20261008_174201,1791448974.052012,camera_color_optical_frame,1272,640,480,1,415.5,454.3,0.2986,0.8929,0.00426,2,1,1.000,0.6260,0.0942,0.2162,23.13,0.00,1791448974.212423,3,0,0.0
exp4_rot_20261008_174201,1791448974.085364,camera_color_optical_frame,1273,640,480,1,415.4,454.4,0.2980,0.8934,0.00432,2,1,1.000,0.6250,0.0939,0.2159,15.73,0.00,1791448974.243094,3,0,0.0
exp4_rot_20261008_174201,1791448974.118721,camera_color_optical_frame,1274,640,480,1,415.4,454.4,0.2981,0.8935,0.00431,2,1,1.000,0.6250,0.0939,0.2160,22.95,0.00,1791448974.287504,3,0,0.0
exp4_rot_20261008_174201,1791448974.152078,camera_color_optical_frame,1275,640,480,1,415.4,454.5,0.2981,0.8936,0.00429,2,1,1.000,0.6270,0.0942,0.2167,24.19,0.00,1791448974.322937,3,0,0.0
exp4_rot_20261008_174201,1791448974.185431,camera_color_optical_frame,1276,640,480,1,415.4,454.5,0.2980,0.8938,0.00430,2,1,1.000,0.6240,0.0937,0.2157,18.92,0.00,1791448974.349741,3,0,0.0
exp4_rot_20261008_174201,1791448974.218785,camera_color_optical_frame,1277,640,480,1,415.4,454.5,0.2980,0.8937,0.00428,2,1,1.000,0.6250,0.0939,0.2160,30.11,0.00,1791448974.399429,3,0,0.0
exp4_rot_20261008_174201,1791448974.252138,camera_color_optical_frame,1278,640,480,1,415.4,454.5,0.2980,0.8938,0.00430,2,1,1.000,0.6260,0.0940,0.2164,27.28,0.00,1791448974.444606,3,0,0.0
exp4_rot_20261008_174201,1791448974.285491,camera_color_optical_frame,1279,640,480,1,415.5,454.4,0.2983,0.8933,0.00429,2,1,1.000,0.6260,0.0941,0.2163,14.94,0.00,1791448974.486750,3,0,0.0
exp4_rot_20261008_174201,1791448974.318844,camera_color_optical_frame,1280,640,480,1,415.4,454.4,0.2982,0.8933,0.00429,2,1,1.000,0.6250,0.0939,0.2159,15.26,0.00,1791448974.522903,3,0,0.0
exp4_rot_20261008_174201,1791448974.385550,camera_color_optical_frame,1281,640,480,1,415.4,454.3,0.2983,0.8931,0.00428,2,0,,,,,8.79,33.35,1791448974.550288,3,0,0.0
exp4_rot_20261008_174201,1791448974.418903,camera_color_optical_frame,1282,640,480,1,415.5,454.3,0.2984,0.8931,0.00427,2,1,1.000,0.6250,0.0940,0.2159,22.87,0.00,1791448974.604379,3,0,0.0
exp4_rot_20261008_174201,1791448974.452256,camera_color_optical_frame,1283,640,480,1,415.4,454.5,0.2980,0.8938,0.00430,2,1,1.000,0.6250,0.0939,0.2161,15.25,0.00,1791448974.635253,3,0,0.0
exp4_rot_20261008_174201,1791448974.485609,camera_color_optical_frame,1284,640,480,1,415.4,454.4,0.2982,0.8933,0.00430,2,1,1.000,0.6240,0.0938,0.2156,14.51,0.00,1791448974.671869,3,0,0.0
exp4_rot_20261008_174201,1791448974.518962,camera_color_optical_frame,1285,640,480,1,415.3,454.4,0.2978,0.8935,0.00428,2,1,1.000,0.6250,0.0938,0.2160,14.50,0.00,1791448974.710443,3,0,0.0
exp4_rot_20261008_174201,1791448974.552315,camera_color_optical_frame,1286,640,480,1,415.3,454.5,0.2979,0.8938,0.00430,2,1,1.000,0.6260,0.0940,0.2164,14.96,0.00,1791448974.748608,3,0,0.0
exp4_rot_20261008_174201,1791448974.585668,camera_color_optical_frame,1287,640,480,1,415.3,454.4,0.2978,0.8934,0.00428,2,1,1.000,0.6250,0.0938,0.2160,14.05,0.00,1791448974.783670,3,0,0.0
exp4_rot_20261008_174201,1791448974.619020,camera_color_optical_frame,1288,640,480,1,415.4,454.5,0.2981,0.8938,0.00430,2,1,1.000,0.6270,0.0942,0.2167,13.17,0.00,1791448974.819183,3,0,0.0
exp4_rot_20261008_174201,1791448974.652373,camera_color_optical_frame,1289,640,480,1,415.2,454.5,0.2975,0.8937,0.00426,2,1,1.000,0.6250,0.0937,0.2160,12.49,0.00,1791448974.851273,3,0,0.0
exp4_rot_20261008_174201,1791448974.685726,camera_color_optical_frame,1290,640,480,1,415.4,454.5,0.2980,0.8938,0.00430,2,1,1.000,0.6240,0.0937,0.2157,11.02,0.00,1791448974.888668,3,0,0.0
exp4_rot_20261008_174201,1791448974.719079,camera_color_optical_frame,1291,640,480,1,415.4,454.4,0.2983,0.8934,0.00427,2,1,1.000,0.6250,0.0940,0.2159,26.67,0.00,1791448974.965380,3,0,0.0
exp4_rot_20261008_174201,1791448974.752431,camera_color_optical_frame,1292,640,480,1,415.4,454.4,0.2981,0.8935,0.00431,2,1,1.000,0.6230,0.0936,0.2153,26.18,0.00,1791448975.006556,3,0,0.0
exp4_rot_20261008_174201,1791448974.852489,camera_color_optical_frame,1293,640,480,1,415.4,454.5,0.2980,0.8937,0.00430,2,0,,,,,19.39,66.71,1791448975.050941,3,0,0.0
exp4_rot_20261008_174201,1791448974.885842,camera_color_optical_frame,1294,640,480,1,415.4,454.3,0.2982,0.8930,0.00431,2,0,,,,,16.34,33.35,1791448975.083509,3,0,0.0
exp4_rot_20261008_174201,1791448974.919194,camera_color_optical_frame,1295,640,480,1,415.5,454.3,0.2983,0.8931,0.00430,2,0,,,,,20.90,33.35,1791448975.140271,3,0,0.0
exp4_rot_20261008_174201,1791448974.952547,camera_color_optical_frame,1296,640,480,1,415.4,454.5,0.2982,0.8936,0.00429,2,0,,,,,12.35,33.35,1791448975.167398,3,0,0.0
exp4_rot_20261008_174201,1791448974.985900,camera_color_optical_frame,1297,640,480,1,415.4,454.5,0.2980,0.8936,0.00431,2,0,,,,,9.27,33.35,1791448975.187901,3,0,0.0
exp4_rot_20261008_174201,1791448975.019252,camera_color_optical_frame,1298,640,480,1,415.4,454.4,0.2982,0.8932,0.00427,2,1,1.000,0.6250,0.0939,0.2159,15.45,0.00,1791448975.238091,3,0,0.0
exp4_rot_20261008_174201,1791448975.052604,camera_color_optical_frame,1299,640,480,1,415.4,454.5,0.2981,0.8937,0.00431,2,1,1.000,0.6260,0.0941,0.2164,15.56,0.00,1791448975.270491,3,0,0.0
exp4_rot_20261008_174201,1791448975.085957,camera_color_optical_frame,1300,640,480,1,415.3,454.5,0.2980,0.8940,0.00429,2,1,1.000,0.6250,0.0939,0.2161,20.01,0.00,1791448975.317140,3,0,0.0
exp4_rot_20261008_174201,1791448975.119316,camera_color_optical_frame,1301,640,480,1,415.4,454.6,0.2981,0.8942,0.00428,2,1,1.000,0.6250,0.0939,0.2161,13.74,0.00,1791448975.341591,3,0,0.0
exp4_rot_20261008_174201,1791448975.152675,camera_color_optical_frame,1302,640,480,1,415.4,454.5,0.2982,0.8936,0.00431,2,1,1.000,0.6260,0.0941,0.2163,18.11,0.00,1791448975.383024,3,0,0.0
exp4_rot_20261008_174201,1791448975.219393,camera_color_optical_frame,1303,640,480,1,415.4,454.4,0.2982,0.8933,0.00426,2,1,1.000,0.6250,0.0939,0.2159,17.22,0.00,1791448975.436442,3,0,0.0
exp4_rot_20261008_174201,1791448975.252752,camera_color_optical_frame,1304,640,480,1,415.4,454.5,0.2981,0.8939,0.00427,2,1,1.000,0.6230,0.0936,0.2154,15.48,0.00,1791448975.461902,3,0,0.0
exp4_rot_20261008_174201,1791448975.286111,camera_color_optical_frame,1305,640,480,1,415.4,454.4,0.2981,0.8935,0.00431,2,1,1.000,0.6260,0.0940,0.2163,15.57,0.00,1791448975.493216,3,0,0.0
exp4_rot_20261008_174201,1791448975.319470,camera_color_optical_frame,1306,640,480,1,415.4,454.5,0.2981,0.8936,0.00431,2,1,1.000,0.6240,0.0937,0.2157,32.14,0.00,1791448975.560563,3,0,0.0
exp4_rot_20261008_174201,1791448975.419547,camera_color_optical_frame,1307,640,480,1,415.3,454.5,0.2979,0.8936,0.00431,2,0,,,,,22.63,33.36,1791448975.605080,3,0,0.0
exp4_rot_20261008_174201,1791448975.452906,camera_color_optical_frame,1308,640,480,1,415.4,454.5,0.2981,0.8936,0.00431,2,0,,,,,18.16,33.36,1791448975.646482,3,0,0.0
exp4_rot_20261008_174201,1791448975.486265,camera_color_optical_frame,1309,640,480,1,415.4,454.4,0.2981,0.8935,0.00431,2,0,,,,,21.16,33.36,1791448975.694095,3,0,0.0
exp4_rot_20261008_174201,1791448975.552983,camera_color_optical_frame,1310,640,480,1,415.4,454.4,0.2981,0.8934,0.00432,2,0,,,,,24.57,66.72,1791448975.746022,3,0,0.0
exp4_rot_20261008_174201,1791448975.586342,camera_color_optical_frame,1311,640,480,1,415.4,454.5,0.2981,0.8936,0.00431,2,0,,,,,17.96,66.72,1791448975.791011,3,0,0.0
exp4_rot_20261008_174201,1791448975.653060,camera_color_optical_frame,1312,640,480,1,415.3,454.4,0.2979,0.8934,0.00432,2,0,,,,,17.83,100.08,1791448975.832767,3,0,0.0
exp4_rot_20261008_174201,1791448975.686419,camera_color_optical_frame,1313,640,480,1,415.4,454.4,0.2980,0.8933,0.00432,2,0,,,,,14.08,66.72,1791448975.876958,3,0,0.0
exp4_rot_20261008_174201,1791448975.719778,camera_color_optical_frame,1314,640,480,1,415.4,454.5,0.2981,0.8936,0.00431,2,0,,,,,10.71,66.72,1791448975.913224,3,0,0.0
exp4_rot_20261008_174201,1791448975.753138,camera_color_optical_frame,1315,640,480,1,415.4,454.5,0.2981,0.8938,0.00430,2,1,1.000,0.6260,0.0941,0.2164,12.46,0.00,1791448975.951980,3,0,0.0
exp4_rot_20261008_174201,1791448975.786497,camera_color_optical_frame,1316,640,480,1,415.5,454.3,0.2984,0.8929,0.00427,2,1,1.000,0.6240,0.0938,0.2155,13.91,0.00,1791448975.985717,3,0,0.0
exp4_rot_20261008_174201,1791448975.819856,camera_color_optical_frame,1317,640,480,1,415.4,454.4,0.2981,0.8932,0.00431,2,1,1.000,0.6270,0.0942,0.2166,42.55,0.00,1791448976.058924,3,0,0.0
exp4_rot_20261008_174201,1791448975.886575,camera_color_optical_frame,1318,640,480,1,415.4,454.4,0.2982,0.8935,0.00429,2,0,,,,,20.10,33.36,1791448976.115929,3,0,0.0
exp4_rot_20261008_174201,1791448975.953293,camera_color_optical_frame,1319,640,480,1,415.4,454.5,0.2980,0.8937,0.00431,2,0,,,,,11.45,66.72,1791448976.142168,3,0,0.0
exp4_rot_20261008_174201,1791448975.986652,camera_color_optical_frame,1320,640,480,1,415.3,454.3,0.2977,0.8928,0.00425,2,1,1.000,0.6270,0.0941,0.2165,14.99,0.00,1791448976.176977,3,0,0.0
exp4_rot_20261008_174201,1791448976.020011,camera_color_optical_frame,1321,640,480,1,415.4,454.3,0.2982,0.8929,0.00425,2,1,1.000,0.6230,0.0936,0.2151,16.09,0.00,1791448976.214986,3,0,0.0
exp4_rot_20261008_174201,1791448976.053370,camera_color_optical_frame,1322,640,480,1,415.4,454.5,0.2981,0.8938,0.00430,2,1,1.000,0.6250,0.0939,0.2160,22.47,0.00,1791448976.251080,3,0,0.0
exp4_rot_20261008_174201,1791448976.086730,camera_color_optical_frame,1323,640,480,1,415.4,454.5,0.2980,0.8937,0.00431,2,1,1.000,0.6250,0.0939,0.2160,15.72,0.00,1791448976.294454,3,0,0.0
exp4_rot_20261008_174201,1791448976.120087,camera_color_optical_frame,1324,640,480,1,415.4,454.5,0.2980,0.8938,0.00430,2,1,1.000,0.6250,0.0939,0.2161,26.02,0.00,1791448976.352973,3,0,0.0
exp4_rot_20261008_174201,1791448976.153449,camera_color_optical_frame,1325,640,480,1,415.4,454.4,0.2981,0.8935,0.00431,2,1,1.000,0.6250,0.0939,0.2160,20.75,0.00,1791448976.385339,3,0,0.0
exp4_rot_20261008_174201,1791448976.186811,camera_color_optical_frame,1326,640,480,1,415.3,454.6,0.2977,0.8943,0.00427,2,1,1.000,0.6250,0.0938,0.2162,15.23,0.00,1791448976.415576,3,0,0.0
exp4_rot_20261008_174201,1791448976.220174,camera_color_optical_frame,1327,640,480,1,415.4,454.4,0.2981,0.8935,0.00431,2,1,1.000,0.6250,0.0939,0.2160,24.58,0.00,1791448976.461756,3,0,0.0
exp4_rot_20261008_174201,1791448976.253536,camera_color_optical_frame,1328,640,480,1,415.3,454.4,0.2979,0.8934,0.00432,2,1,1.000,0.6280,0.0943,0.2170,24.28,0.00,1791448976.499741,3,0,0.0
exp4_rot_20261008_174201,1791448976.320261,camera_color_optical_frame,1329,640,480,1,415.5,454.3,0.2985,0.8928,0.00427,2,1,1.000,0.6240,0.0939,0.2155,15.71,0.00,1791448976.526604,3,0,0.0
exp4_rot_20261008_174201,1791448976.353624,camera_color_optical_frame,1330,640,480,1,415.4,454.5,0.2981,0.8938,0.00430,2,1,1.000,0.6250,0.0939,0.2161,13.89,0.00,1791448976.565877,3,0,0.0
exp4_rot_20261008_174201,1791448976.386986,camera_color_optical_frame,1331,640,480,1,415.4,454.5,0.2980,0.8937,0.00430,2,1,1.000,0.6260,0.0940,0.2164,15.34,0.00,1791448976.603703,3,0,0.0
exp4_rot_20261008_174201,1791448976.420349,camera_color_optical_frame,1332,640,480,1,415.5,454.4,0.2986,0.8932,0.00423,2,1,1.000,0.6245,0.0940,0.2157,11.95,0.00,1791448976.634925,3,0,0.0
exp4_rot_20261008_174201,1791448976.453711,camera_color_optical_frame,1333,640,480,1,415.5,454.5,0.2984,0.8936,0.00425,2,1,1.000,0.6250,0.0940,0.2160,13.94,0.00,1791448976.675876,3,0,0.0
exp4_rot_20261008_174201,1791448976.487074,camera_color_optical_frame,1334,640,480,1,415.5,454.3,0.2984,0.8931,0.00425,2,1,1.000,0.6250,0.0940,0.2159,15.87,0.00,1791448976.711738,3,0,0.0
exp4_rot_20261008_174201,1791448976.553800,camera_color_optical_frame,1335,640,480,1,415.4,454.5,0.2980,0.8938,0.00430,2,1,1.000,0.6240,0.0937,0.2157,13.20,0.00,1791448976.745071,3,0,0.0
exp4_rot_20261008_174201,1791448976.587162,camera_color_optical_frame,1336,640,480,1,415.4,454.5,0.2981,0.8936,0.00431,2,1,1.000,0.6250,0.0939,0.2160,12.31,0.00,1791448976.778543,3,0,0.0
exp4_rot_20261008_174201,1791448976.620525,camera_color_optical_frame,1337,640,480,1,415.4,454.4,0.2981,0.8935,0.00431,2,1,1.000,0.6250,0.0939,0.2160,13.88,0.00,1791448976.816038,3,0,0.0
exp4_rot_20261008_174201,1791448976.653888,camera_color_optical_frame,1338,640,480,1,415.4,454.4,0.2980,0.8935,0.00431,2,1,1.000,0.6240,0.0937,0.2156,12.95,0.00,1791448976.859053,3,0,0.0
exp4_rot_20261008_174201,1791448976.687251,camera_color_optical_frame,1339,640,480,1,415.3,454.5,0.2978,0.8940,0.00429,2,1,1.000,0.6230,0.0935,0.2154,10.78,0.00,1791448976.889922,3,0,0.0
exp4_rot_20261008_174201,1791448976.720613,camera_color_optical_frame,1340,640,480,1,415.4,454.5,0.2981,0.8938,0.00430,2,1,1.000,0.6250,0.0939,0.2161,11.27,0.00,1791448976.927271,3,0,0.0
exp4_rot_20261008_174201,1791448976.787339,camera_color_optical_frame,1341,640,480,1,415.4,454.5,0.2981,0.8938,0.00430,2,1,1.000,0.6250,0.0939,0.2161,11.91,0.00,1791448976.964228,3,0,0.0
exp4_rot_20261008_174201,1791448976.820702,camera_color_optical_frame,1342,640,480,1,415.4,454.4,0.2982,0.8933,0.00432,2,1,1.000,0.6270,0.0942,0.2166,12.25,0.00,1791448977.003864,3,0,0.0
exp4_rot_20261008_174201,1791448976.854065,camera_color_optical_frame,1343,640,480,1,415.6,454.2,0.2988,0.8924,0.00425,2,1,1.000,0.6240,0.0940,0.2154,13.18,0.00,1791448977.037694,3,0,0.0
exp4_rot_20261008_174201,1791448976.887428,camera_color_optical_frame,1344,640,480,1,415.5,454.4,0.2983,0.8931,0.00430,2,1,1.000,0.6230,0.0937,0.2152,11.41,0.00,1791448977.072474,3,0,0.0
exp4_rot_20261008_174201,1791448976.920791,camera_color_optical_frame,1345,640,480,1,415.4,454.5,0.2980,0.8938,0.00430,2,1,1.000,0.6260,0.0940,0.2164,12.67,0.00,1791448977.118099,3,0,0.0
exp4_rot_20261008_174201,1791448976.954154,camera_color_optical_frame,1346,640,480,1,415.5,454.3,0.2986,0.8928,0.00427,2,1,1.000,0.6250,0.0941,0.2158,17.63,0.00,1791448977.164711,3,0,0.0
exp4_rot_20261008_174201,1791448976.987518,camera_color_optical_frame,1347,640,480,1,415.4,454.4,0.2982,0.8935,0.00429,2,1,1.000,0.6240,0.0938,0.2156,31.43,0.00,1791448977.217650,3,0,0.0
exp4_rot_20261008_174201,1791448977.020881,camera_color_optical_frame,1348,640,480,1,415.4,454.4,0.2980,0.8935,0.00431,2,1,1.000,0.6260,0.0940,0.2163,15.98,0.00,1791448977.256630,3,0,0.0
exp4_rot_20261008_174201,1791448977.120970,camera_color_optical_frame,1349,640,480,1,415.4,454.6,0.2980,0.8940,0.00429,2,0,,,,,24.13,66.73,1791448977.308705,3,0,0.0
exp4_rot_20261008_174201,1791448977.154318,camera_color_optical_frame,1350,640,480,1,415.4,454.5,0.2981,0.8939,0.00430,2,0,,,,,12.70,33.35,1791448977.341597,3,0,0.0
exp4_rot_20261008_174201,1791448977.187666,camera_color_optical_frame,1351,640,480,1,415.4,454.4,0.2982,0.8932,0.00429,2,0,,,,,9.75,33.35,1791448977.363432,3,0,0.0
exp4_rot_20261008_174201,1791448977.221014,camera_color_optical_frame,1352,640,480,1,415.4,454.5,0.2981,0.8936,0.00431,2,1,1.000,0.6240,0.0937,0.2156,14.96,0.00,1791448977.417786,3,0,0.0
exp4_rot_20261008_174201,1791448977.254362,camera_color_optical_frame,1353,640,480,1,415.3,454.4,0.2980,0.8933,0.00430,2,1,1.000,0.6250,0.0939,0.2159,11.59,0.00,1791448977.466274,3,0,0.0
exp4_rot_20261008_174201,1791448977.287709,camera_color_optical_frame,1354,640,480,1,415.3,454.5,0.2979,0.8936,0.00431,2,1,1.000,0.6250,0.0939,0.2160,12.52,0.00,1791448977.516411,3,0,0.0
exp4_rot_20261008_174201,1791448977.321057,camera_color_optical_frame,1355,640,480,1,415.4,454.5,0.2981,0.8936,0.00431,2,1,1.000,0.6250,0.0939,0.2160,13.15,0.00,1791448977.553330,3,0,0.0
exp4_rot_20261008_174201,1791448977.354405,camera_color_optical_frame,1356,640,480,1,415.5,454.2,0.2984,0.8926,0.00428,2,1,1.000,0.6250,0.0940,0.2158,13.32,0.00,1791448977.591435,3,0,0.0
exp4_rot_20261008_174201,1791448977.387753,camera_color_optical_frame,1357,640,480,1,415.4,454.5,0.2981,0.8938,0.00430,2,1,1.000,0.6250,0.0939,0.2161,11.30,0.00,1791448977.633016,3,0,0.0
exp4_rot_20261008_174201,1791448977.454448,camera_color_optical_frame,1358,640,480,1,415.5,454.4,0.2983,0.8931,0.00427,2,1,1.000,0.6250,0.0940,0.2159,12.09,0.00,1791448977.667066,3,0,0.0
exp4_rot_20261008_174201,1791448977.487795,camera_color_optical_frame,1359,640,480,1,415.4,454.5,0.2980,0.8937,0.00430,2,1,1.000,0.6250,0.0939,0.2160,15.65,0.00,1791448977.705912,3,0,0.0
exp4_rot_20261008_174201,1791448977.554489,camera_color_optical_frame,1360,640,480,1,415.4,454.4,0.2981,0.8935,0.00431,2,1,1.000,0.6250,0.0939,0.2160,11.69,0.00,1791448977.742072,3,0,0.0
exp4_rot_20261008_174201,1791448977.587837,camera_color_optical_frame,1361,640,480,1,415.4,454.4,0.2982,0.8934,0.00426,2,1,1.000,0.6270,0.0942,0.2166,9.48,0.00,1791448977.775418,3,0,0.0
exp4_rot_20261008_174201,1791448977.621184,camera_color_optical_frame,1362,640,480,1,415.4,454.4,0.2982,0.8935,0.00428,2,1,1.000,0.6250,0.0939,0.2160,11.21,0.00,1791448977.815395,3,0,0.0
exp4_rot_20261008_174201,1791448977.654531,camera_color_optical_frame,1363,640,480,1,415.4,454.4,0.2982,0.8934,0.00429,2,1,1.000,0.6230,0.0936,0.2153,11.65,0.00,1791448977.847850,3,0,0.0
exp4_rot_20261008_174201,1791448977.687878,camera_color_optical_frame,1364,640,480,1,415.4,454.5,0.2980,0.8937,0.00431,2,1,1.000,0.6250,0.0939,0.2160,13.44,0.00,1791448977.887116,3,0,2.8
exp4_rot_20261008_174201,1791448977.721225,camera_color_optical_frame,1365,640,480,1,415.4,454.5,0.2980,0.8936,0.00431,2,1,1.000,0.6250,0.0939,0.2160,25.90,0.00,1791448977.933226,3,0,5.5
exp4_rot_20261008_174201,1791448977.754571,camera_color_optical_frame,1366,640,480,1,415.4,454.3,0.2983,0.8929,0.00430,2,1,1.000,0.6250,0.0940,0.2158,16.84,0.00,1791448977.965675,3,0,5.5
exp4_rot_20261008_174201,1791448977.821265,camera_color_optical_frame,1367,640,480,1,410.4,453.8,0.2826,0.8909,0.00409,2,1,1.000,0.6260,0.0889,0.2157,15.13,0.00,1791448978.007033,3,0,39.9
exp4_rot_20261008_174201,1791448977.854612,camera_color_optical_frame,1368,640,480,1,406.3,452.1,0.2698,0.8838,0.00431,2,1,1.000,0.6250,0.0846,0.2136,17.77,0.00,1791448978.046254,3,0,44.0
exp4_rot_20261008_174201,1791448977.887958,camera_color_optical_frame,1369,640,480,1,399.7,444.5,0.2489,0.8519,0.00400,2,1,1.000,0.6280,0.0780,0.2067,14.53,0.00,1791448978.084265,3,0,46.7
exp4_rot_20261008_174201,1791448977.921305,camera_color_optical_frame,1370,640,480,1,393.0,425.0,0.2282,0.7707,0.00373,2,1,0.997,0.6340,0.0719,0.1882,14.02,0.00,1791448978.121580,3,0,52.2
exp4_rot_20261008_174201,1791448977.954651,camera_color_optical_frame,1371,640,480,1,385.8,404.8,0.2055,0.6865,0.00360,2,1,1.000,0.6400,0.0649,0.1687,15.61,0.00,1791448978.171191,3,0,42.6
exp4_rot_20261008_174201,1791448977.987998,camera_color_optical_frame,1372,640,480,1,379.8,381.4,0.1869,0.5891,0.00332,2,1,1.000,0.6440,0.0589,0.1449,20.04,0.00,1791448978.223700,3,0,50.8
exp4_rot_20261008_174201,1791448978.021344,camera_color_optical_frame,1373,640,480,1,373.8,357.0,0.1680,0.4873,0.00356,2,1,1.000,0.6440,0.0525,0.1189,30.29,0.00,1791448978.301642,3,0,0.0
exp4_rot_20261008_174201,1791448978.154763,camera_color_optical_frame,1374,640,480,1,351.0,290.0,0.0968,0.2085,0.00357,2,0,,,,,19.33,133.42,1791448978.337212,3,0,45.3
exp4_rot_20261008_174201,1791448978.288193,camera_color_optical_frame,1375,640,480,1,332.5,230.6,0.0390,-0.0391,0.00395,2,0,,,,,11.85,266.85,1791448978.362870,3,0,42.6
exp4_rot_20261008_174201,1791448978.321551,camera_color_optical_frame,1376,640,480,1,328.8,214.3,0.0274,-0.1070,0.00402,2,1,1.000,0.6430,0.0047,-0.0327,32.31,0.00,1791448978.451407,3,0,34.4
exp4_rot_20261008_174201,1791448978.354908,camera_color_optical_frame,1377,640,480,1,325.2,201.2,0.0161,-0.1618,0.00424,2,1,1.000,0.6400,0.0008,-0.0465,18.46,0.00,1791448978.486283,3,0,33.0
exp4_rot_20261008_174201,1791448978.388266,camera_color_optical_frame,1378,640,480,1,321.9,189.6,0.0058,-0.2101,0.00428,2,1,1.000,0.6400,-0.0026,-0.0587,16.27,0.00,1791448978.526273,3,0,30.2
exp4_rot_20261008_174201,1791448978.421623,camera_color_optical_frame,1379,640,480,1,318.6,178.6,-0.0044,-0.2559,0.00446,2,1,1.000,0.6350,-0.0061,-0.0698,15.20,0.00,1791448978.561668,3,0,22.0
exp4_rot_20261008_174201,1791448978.454980,camera_color_optical_frame,1380,640,480,1,316.5,172.2,-0.0108,-0.2825,0.00469,2,1,1.000,0.6340,-0.0082,-0.0763,43.56,0.00,1791448978.643710,3,0,1.4
exp4_rot_20261008_174201,1791448978.488338,camera_color_optical_frame,1381,640,480,1,314.8,169.4,-0.0162,-0.2944,0.00487,2,1,1.000,0.6360,-0.0100,-0.0796,18.84,0.00,1791448978.675201,3,0,1.4
exp4_rot_20261008_174201,1791448978.521695,camera_color_optical_frame,1382,640,480,1,314.4,169.2,-0.0173,-0.2952,0.00495,2,1,1.000,0.6370,-0.0104,-0.0799,15.39,0.00,1791448978.705028,3,0,0.0
exp4_rot_20261008_174201,1791448978.555053,camera_color_optical_frame,1383,640,480,1,314.6,169.1,-0.0168,-0.2953,0.00489,2,1,1.000,0.6350,-0.0102,-0.0797,13.22,0.00,1791448978.733385,3,0,0.0
exp4_rot_20261008_174201,1791448978.588410,camera_color_optical_frame,1384,640,480,1,314.6,169.9,-0.0169,-0.2922,0.00498,2,1,1.000,0.6340,-0.0102,-0.0788,14.63,0.00,1791448978.772059,3,0,11.0
exp4_rot_20261008_174201,1791448978.621767,camera_color_optical_frame,1385,640,480,1,314.7,172.3,-0.0166,-0.2820,0.00485,2,1,1.000,0.6380,-0.0102,-0.0767,11.38,0.00,1791448978.800781,3,0,13.7
exp4_rot_20261008_174201,1791448978.655125,camera_color_optical_frame,1386,640,480,1,314.7,176.6,-0.0167,-0.2642,0.00479,2,1,1.000,0.6340,-0.0102,-0.0717,13.42,0.00,1791448978.834381,3,0,13.7
exp4_rot_20261008_174201,1791448978.688482,camera_color_optical_frame,1387,640,480,1,314.5,181.7,-0.0172,-0.2431,0.00483,2,1,1.000,0.6400,-0.0104,-0.0671,14.02,0.00,1791448978.875451,3,0,15.1
exp4_rot_20261008_174201,1791448978.721839,camera_color_optical_frame,1388,640,480,1,314.5,187.3,-0.0173,-0.2196,0.00483,2,1,1.000,0.6400,-0.0105,-0.0611,11.04,0.00,1791448978.906243,3,0,15.1
exp4_rot_20261008_174201,1791448978.755197,camera_color_optical_frame,1389,640,480,1,314.3,192.9,-0.0178,-0.1961,0.00478,2,1,1.000,0.6420,-0.0106,-0.0553,11.79,0.00,1791448978.941357,3,0,15.1
exp4_rot_20261008_174201,1791448978.788554,camera_color_optical_frame,1390,640,480,1,314.2,198.9,-0.0181,-0.1712,0.00481,2,1,1.000,0.6460,-0.0108,-0.0493,12.28,0.00,1791448978.973101,3,0,16.5
exp4_rot_20261008_174201,1791448978.821911,camera_color_optical_frame,1391,640,480,1,314.0,205.2,-0.0187,-0.1451,0.00486,2,1,1.000,0.6460,-0.0110,-0.0426,15.64,0.00,1791448979.011792,3,0,15.1
exp4_rot_20261008_174201,1791448978.855268,camera_color_optical_frame,1392,640,480,1,314.2,211.3,-0.0182,-0.1198,0.00478,2,1,1.000,0.6420,-0.0108,-0.0359,10.71,0.00,1791448979.042363,3,0,13.7
exp4_rot_20261008_174201,1791448978.888625,camera_color_optical_frame,1393,640,480,1,314.3,217.3,-0.0177,-0.0947,0.00470,2,1,1.000,0.6460,-0.0107,-0.0297,12.49,0.00,1791448979.076960,3,0,13.7
exp4_rot_20261008_174201,1791448978.921983,camera_color_optical_frame,1394,640,480,1,313.9,223.2,-0.0190,-0.0701,0.00487,2,1,1.000,0.6470,-0.0111,-0.0235,13.29,0.00,1791448979.111502,3,0,11.0
exp4_rot_20261008_174201,1791448978.955340,camera_color_optical_frame,1395,640,480,1,313.9,228.4,-0.0191,-0.0482,0.00478,2,0,,,,,11.23,33.36,1791448979.132013,3,0,11.0
exp4_rot_20261008_174201,1791448979.022054,camera_color_optical_frame,1396,640,480,1,313.5,237.7,-0.0203,-0.0094,0.00489,2,0,,,,,7.57,100.07,1791448979.147451,3,0,11.0
exp4_rot_20261008_174201,1791448979.055411,camera_color_optical_frame,1397,640,480,1,313.4,241.2,-0.0205,0.0050,0.00492,2,0,,,,,10.05,133.43,1791448979.163235,3,0,9.6
exp4_rot_20261008_174201,1791448979.122124,camera_color_optical_frame,1398,640,480,1,313.3,247.9,-0.0209,0.0329,0.00495,2,1,1.000,0.6490,-0.0118,0.0029,12.79,0.00,1791448979.208614,3,0,8.2
exp4_rot_20261008_174201,1791448979.155480,camera_color_optical_frame,1399,640,480,1,313.3,250.2,-0.0209,0.0424,0.00498,2,1,1.000,0.6490,-0.0118,0.0054,10.04,0.00,1791448979.246660,3,0,4.1
exp4_rot_20261008_174201,1791448979.188836,camera_color_optical_frame,1400,640,480,1,313.3,251.9,-0.0210,0.0494,0.00494,2,1,1.000,0.6510,-0.0119,0.0072,11.48,0.00,1791448979.282008,3,0,2.8
exp4_rot_20261008_174201,1791448979.222192,camera_color_optical_frame,1401,640,480,1,313.2,252.2,-0.0211,0.0507,0.00493,2,1,1.000,0.6500,-0.0119,0.0075,12.93,0.00,1791448979.317751,3,0,1.4
exp4_rot_20261008_174201,1791448979.255553,camera_color_optical_frame,1402,640,480,1,313.3,252.4,-0.0211,0.0518,0.00497,2,1,1.000,0.6500,-0.0119,0.0078,24.26,0.00,1791448979.366956,3,0,0.0
exp4_rot_20261008_174201,1791448979.288914,camera_color_optical_frame,1403,640,480,1,313.2,252.0,-0.0211,0.0499,0.00492,2,1,1.000,0.6480,-0.0119,0.0073,13.33,0.00,1791448979.392175,3,0,0.0
exp4_rot_20261008_174201,1791448979.322275,camera_color_optical_frame,1404,640,480,1,313.3,252.4,-0.0211,0.0518,0.00498,2,1,1.000,0.6490,-0.0119,0.0078,10.68,0.00,1791448979.415592,3,0,0.0
exp4_rot_20261008_174201,1791448979.355636,camera_color_optical_frame,1405,640,480,1,313.3,252.3,-0.0211,0.0513,0.00498,2,1,1.000,0.6500,-0.0119,0.0077,12.75,0.00,1791448979.460670,3,0,0.0
exp4_rot_20261008_174201,1791448979.388997,camera_color_optical_frame,1406,640,480,1,313.2,252.4,-0.0211,0.0516,0.00496,2,1,1.000,0.6500,-0.0119,0.0078,13.53,0.00,1791448979.494593,3,0,0.0
exp4_rot_20261008_174201,1791448979.422358,camera_color_optical_frame,1407,640,480,1,313.3,252.3,-0.0210,0.0514,0.00498,2,1,1.000,0.6490,-0.0119,0.0077,12.31,0.00,1791448979.526793,3,0,0.0
exp4_rot_20261008_174201,1791448979.455719,camera_color_optical_frame,1408,640,480,1,313.2,252.4,-0.0211,0.0515,0.00495,2,1,1.000,0.6490,-0.0119,0.0077,13.07,0.00,1791448979.557439,3,0,0.0
exp4_rot_20261008_174201,1791448979.489080,camera_color_optical_frame,1409,640,480,1,313.2,251.8,-0.0214,0.0493,0.00488,2,1,1.000,0.6500,-0.0120,0.0072,13.29,0.00,1791448979.591748,3,0,2.8
exp4_rot_20261008_174201,1791448979.522441,camera_color_optical_frame,1410,640,480,1,313.2,249.8,-0.0213,0.0410,0.00489,2,1,1.000,0.6480,-0.0120,0.0050,13.41,0.00,1791448979.623561,3,0,2.8
exp4_rot_20261008_174201,1791448979.555802,camera_color_optical_frame,1411,640,480,1,313.1,248.6,-0.0214,0.0359,0.00496,2,1,1.000,0.6460,-0.0120,0.0037,13.29,0.00,1791448979.656691,3,0,1.4
exp4_rot_20261008_174201,1791448979.589163,camera_color_optical_frame,1412,640,480,1,313.1,248.6,-0.0215,0.0360,0.00495,2,1,1.000,0.6460,-0.0120,0.0037,14.29,0.00,1791448979.688737,3,0,1.4
exp4_rot_20261008_174201,1791448979.622524,camera_color_optical_frame,1413,640,480,1,313.1,247.0,-0.0215,0.0290,0.00489,2,1,1.000,0.6480,-0.0120,0.0019,13.52,0.00,1791448979.723641,3,0,2.8
exp4_rot_20261008_174201,1791448979.655885,camera_color_optical_frame,1414,640,480,1,313.2,246.5,-0.0214,0.0271,0.00498,2,1,1.000,0.6500,-0.0120,0.0015,10.15,0.00,1791448979.744630,3,0,2.8
exp4_rot_20261008_174201,1791448979.689245,camera_color_optical_frame,1415,640,480,1,313.2,246.5,-0.0214,0.0272,0.00497,2,0,,,,,8.02,33.36,1791448979.758670,3,0,1.4
exp4_rot_20261008_174201,1791448979.722606,camera_color_optical_frame,1416,640,480,1,313.2,246.7,-0.0213,0.0279,0.00495,2,1,1.000,0.6480,-0.0120,0.0017,11.32,0.00,1791448979.804881,3,0,0.0
exp4_rot_20261008_174201,1791448979.755967,camera_color_optical_frame,1417,640,480,1,313.2,246.8,-0.0213,0.0282,0.00493,2,0,,,,,6.47,33.36,1791448979.820650,3,0,0.0
exp4_rot_20261008_174201,1791448979.789328,camera_color_optical_frame,1418,640,480,1,313.2,246.7,-0.0214,0.0278,0.00494,2,1,1.000,0.6490,-0.0120,0.0016,16.28,0.00,1791448979.872259,3,0,0.0
exp4_rot_20261008_174201,1791448979.822689,camera_color_optical_frame,1419,640,480,1,313.2,246.6,-0.0214,0.0275,0.00496,2,1,1.000,0.6490,-0.0120,0.0016,11.21,0.00,1791448979.912169,3,0,0.0
exp4_rot_20261008_174201,1791448979.856050,camera_color_optical_frame,1420,640,480,1,313.2,246.7,-0.0214,0.0279,0.00494,2,1,1.000,0.6480,-0.0120,0.0017,12.47,0.00,1791448979.947286,3,0,0.0
exp4_rot_20261008_174201,1791448979.889411,camera_color_optical_frame,1421,640,480,1,313.2,246.6,-0.0214,0.0276,0.00496,2,1,1.000,0.6460,-0.0119,0.0016,11.50,0.00,1791448979.978356,3,0,0.0
exp4_rot_20261008_174201,1791448979.922772,camera_color_optical_frame,1422,640,480,1,313.2,246.6,-0.0214,0.0276,0.00496,2,1,1.000,0.6470,-0.0120,0.0016,12.40,0.00,1791448980.010728,3,0,0.0
exp4_rot_20261008_174201,1791448979.956133,camera_color_optical_frame,1423,640,480,1,313.1,246.6,-0.0214,0.0273,0.00496,2,1,1.000,0.6480,-0.0120,0.0015,13.02,0.00,1791448980.046403,3,0,0.0
exp4_rot_20261008_174201,1791448979.989494,camera_color_optical_frame,1424,640,480,1,313.2,246.7,-0.0213,0.0281,0.00494,2,1,1.000,0.6470,-0.0120,0.0017,10.24,0.00,1791448980.086222,3,0,0.0
exp4_rot_20261008_174201,1791448980.022855,camera_color_optical_frame,1425,640,480,1,313.2,246.8,-0.0214,0.0283,0.00492,2,1,1.000,0.6500,-0.0120,0.0018,11.49,0.00,1791448980.119950,3,0,0.0
exp4_rot_20261008_174201,1791448980.056216,camera_color_optical_frame,1426,640,480,1,313.2,246.5,-0.0214,0.0273,0.00497,2,1,1.000,0.6490,-0.0120,0.0015,11.37,0.00,1791448980.154963,3,0,0.0
exp4_rot_20261008_174201,1791448980.089576,camera_color_optical_frame,1427,640,480,1,313.2,246.6,-0.0213,0.0277,0.00497,2,1,1.000,0.6480,-0.0120,0.0016,11.22,0.00,1791448980.188830,3,0,0.0
exp4_rot_20261008_174201,1791448980.122937,camera_color_optical_frame,1428,640,480,1,313.2,246.7,-0.0212,0.0278,0.00497,2,1,1.000,0.6470,-0.0119,0.0016,16.41,0.00,1791448980.230451,3,0,0.0
exp4_rot_20261008_174201,1791448980.156298,camera_color_optical_frame,1429,640,480,1,313.2,246.7,-0.0212,0.0279,0.00497,2,1,1.000,0.6500,-0.0120,0.0017,13.22,0.00,1791448980.258726,3,0,0.0
exp4_rot_20261008_174201,1791448980.189659,camera_color_optical_frame,1430,640,480,1,313.2,246.7,-0.0213,0.0280,0.00495,2,1,1.000,0.6470,-0.0119,0.0017,9.08,0.00,1791448980.285671,3,0,0.0
exp4_rot_20261008_174201,1791448980.223012,camera_color_optical_frame,1431,640,480,1,313.2,246.6,-0.0213,0.0274,0.00498,2,0,,,,,10.84,33.35,1791448980.304477,3,0,0.0
exp4_rot_20261008_174201,1791448980.256366,camera_color_optical_frame,1432,640,480,1,313.2,246.6,-0.0213,0.0276,0.00497,2,1,1.000,0.6490,-0.0120,0.0016,14.96,0.00,1791448980.351454,3,0,0.0
exp4_rot_20261008_174201,1791448980.289720,camera_color_optical_frame,1433,640,480,1,313.2,246.8,-0.0212,0.0282,0.00494,2,1,1.000,0.6460,-0.0119,0.0017,14.05,0.00,1791448980.383315,3,0,0.0
exp4_rot_20261008_174201,1791448980.323074,camera_color_optical_frame,1434,640,480,1,313.2,246.6,-0.0213,0.0275,0.00497,2,1,1.000,0.6470,-0.0119,0.0016,14.43,0.00,1791448980.416761,3,0,0.0
exp4_rot_20261008_174201,1791448980.356427,camera_color_optical_frame,1435,640,480,1,313.2,246.6,-0.0213,0.0276,0.00497,2,1,1.000,0.6470,-0.0119,0.0016,10.91,0.00,1791448980.447448,3,0,0.0
exp4_rot_20261008_174201,1791448980.389781,camera_color_optical_frame,1436,640,480,1,313.2,246.6,-0.0213,0.0274,0.00498,2,1,1.000,0.6460,-0.0119,0.0015,12.23,0.00,1791448980.477172,3,0,0.0
exp4_rot_20261008_174201,1791448980.423135,camera_color_optical_frame,1437,640,480,1,313.2,246.5,-0.0213,0.0271,0.00498,2,0,,,,,8.40,33.35,1791448980.491515,3,0,0.0
exp4_rot_20261008_174201,1791448980.456489,camera_color_optical_frame,1438,640,480,1,313.2,246.6,-0.0213,0.0275,0.00497,2,1,1.000,0.6450,-0.0119,0.0016,14.41,0.00,1791448980.540349,3,0,0.0
exp4_rot_20261008_174201,1791448980.489842,camera_color_optical_frame,1439,640,480,1,313.2,246.6,-0.0212,0.0276,0.00497,2,1,1.000,0.6460,-0.0119,0.0016,11.70,0.00,1791448980.579292,3,0,0.0
exp4_rot_20261008_174201,1791448980.523196,camera_color_optical_frame,1440,640,480,1,313.2,246.6,-0.0213,0.0276,0.00497,2,1,1.000,0.6450,-0.0119,0.0016,10.70,0.00,1791448980.611866,3,0,0.0
exp4_rot_20261008_174201,1791448980.556550,camera_color_optical_frame,1441,640,480,1,313.2,246.7,-0.0214,0.0277,0.00495,2,1,1.000,0.6490,-0.0120,0.0016,11.68,0.00,1791448980.650119,3,0,0.0
exp4_rot_20261008_174201,1791448980.589904,camera_color_optical_frame,1442,640,480,1,313.2,246.6,-0.0211,0.0274,0.00498,2,1,1.000,0.6460,-0.0119,0.0015,13.06,0.00,1791448980.682227,3,0,0.0
exp4_rot_20261008_174201,1791448980.623257,camera_color_optical_frame,1443,640,480,1,313.2,246.6,-0.0212,0.0275,0.00498,2,1,1.000,0.6510,-0.0120,0.0016,10.95,0.00,1791448980.717958,3,0,0.0
exp4_rot_20261008_174201,1791448980.656611,camera_color_optical_frame,1444,640,480,1,313.2,246.7,-0.0213,0.0278,0.00496,2,1,1.000,0.6480,-0.0120,0.0016,13.48,0.00,1791448980.750063,3,0,0.0
exp4_rot_20261008_174201,1791448980.689965,camera_color_optical_frame,1445,640,480,1,313.2,246.6,-0.0213,0.0277,0.00496,2,1,1.000,0.6500,-0.0120,0.0016,12.10,0.00,1791448980.790479,3,0,0.0
exp4_rot_20261008_174201,1791448980.723319,camera_color_optical_frame,1446,640,480,1,313.2,246.6,-0.0214,0.0275,0.00496,2,1,1.000,0.6450,-0.0119,0.0016,11.93,0.00,1791448980.825054,3,0,0.0
exp4_rot_20261008_174201,1791448980.756673,camera_color_optical_frame,1447,640,480,1,313.2,246.5,-0.0213,0.0273,0.00498,2,1,1.000,0.6460,-0.0119,0.0015,13.43,0.00,1791448980.859937,3,0,0.0
exp4_rot_20261008_174201,1791448980.790027,camera_color_optical_frame,1448,640,480,1,313.2,246.7,-0.0212,0.0277,0.00497,2,1,1.000,0.6470,-0.0119,0.0016,14.84,0.00,1791448980.906059,3,0,0.0
exp4_rot_20261008_174201,1791448980.823381,camera_color_optical_frame,1449,640,480,1,313.2,246.7,-0.0213,0.0279,0.00495,2,1,1.000,0.6460,-0.0119,0.0017,11.37,0.00,1791448980.936365,3,0,0.0
exp4_rot_20261008_174201,1791448980.856735,camera_color_optical_frame,1450,640,480,1,313.2,246.7,-0.0212,0.0279,0.00495,2,1,1.000,0.6460,-0.0119,0.0016,12.11,0.00,1791448980.972278,3,0,0.0
exp4_rot_20261008_174201,1791448980.890089,camera_color_optical_frame,1451,640,480,1,313.2,246.7,-0.0214,0.0278,0.00496,2,1,1.000,0.6480,-0.0120,0.0016,11.63,0.00,1791448981.004451,3,0,0.0
exp4_rot_20261008_174201,1791448980.923443,camera_color_optical_frame,1452,640,480,1,313.2,246.6,-0.0212,0.0274,0.00499,2,1,1.000,0.6480,-0.0119,0.0015,11.62,0.00,1791448981.036610,3,0,0.0
exp4_rot_20261008_174201,1791448980.956797,camera_color_optical_frame,1453,640,480,1,313.2,246.7,-0.0213,0.0277,0.00497,2,1,1.000,0.6480,-0.0120,0.0016,15.16,0.00,1791448981.076101,3,0,0.0
exp4_rot_20261008_174201,1791448980.990150,camera_color_optical_frame,1454,640,480,1,313.2,246.6,-0.0213,0.0276,0.00496,2,1,1.000,0.6500,-0.0120,0.0016,14.59,0.00,1791448981.113725,3,0,0.0
exp4_rot_20261008_174201,1791448981.023504,camera_color_optical_frame,1455,640,480,1,313.2,246.6,-0.0213,0.0277,0.00495,2,1,1.000,0.6480,-0.0120,0.0016,11.94,0.00,1791448981.143009,3,0,0.0
exp4_rot_20261008_174201,1791448981.056859,camera_color_optical_frame,1456,640,480,1,313.2,246.5,-0.0213,0.0272,0.00497,2,1,1.000,0.6460,-0.0119,0.0015,12.41,0.00,1791448981.175027,3,0,0.0
exp4_rot_20261008_174201,1791448981.090212,camera_color_optical_frame,1457,640,480,1,313.2,246.6,-0.0212,0.0277,0.00497,2,1,1.000,0.6480,-0.0119,0.0016,11.43,0.00,1791448981.210396,3,0,0.0
exp4_rot_20261008_174201,1791448981.123567,camera_color_optical_frame,1458,640,480,1,313.2,246.6,-0.0213,0.0275,0.00497,2,1,1.000,0.6500,-0.0120,0.0016,11.58,0.00,1791448981.244414,3,0,0.0
exp4_rot_20261008_174201,1791448981.156921,camera_color_optical_frame,1459,640,480,1,313.2,246.5,-0.0212,0.0273,0.00499,2,1,1.000,0.6480,-0.0119,0.0015,37.93,0.00,1791448981.315783,3,0,0.0
exp4_rot_20261008_174201,1791448981.223637,camera_color_optical_frame,1460,640,480,1,313.2,246.8,-0.0212,0.0282,0.00494,2,0,,,,,9.14,33.36,1791448981.335554,3,0,0.0
exp4_rot_20261008_174201,1791448981.256999,camera_color_optical_frame,1461,640,480,1,313.2,246.6,-0.0213,0.0277,0.00497,2,1,1.000,0.6480,-0.0119,0.0016,20.65,0.00,1791448981.374337,3,0,0.0
exp4_rot_20261008_174201,1791448981.290362,camera_color_optical_frame,1462,640,480,1,313.2,246.6,-0.0213,0.0277,0.00497,2,1,1.000,0.6470,-0.0119,0.0016,13.65,0.00,1791448981.405690,3,0,0.0
exp4_rot_20261008_174201,1791448981.323724,camera_color_optical_frame,1463,640,480,1,313.2,246.6,-0.0213,0.0275,0.00497,2,1,1.000,0.6500,-0.0120,0.0016,13.44,0.00,1791448981.437963,3,0,0.0
exp4_rot_20261008_174201,1791448981.357087,camera_color_optical_frame,1464,640,480,1,313.2,246.6,-0.0211,0.0275,0.00498,2,1,1.000,0.6500,-0.0119,0.0016,19.14,0.00,1791448981.478602,3,0,0.0
exp4_rot_20261008_174201,1791448981.390449,camera_color_optical_frame,1465,640,480,1,313.2,246.5,-0.0212,0.0271,0.00499,2,1,1.000,0.6480,-0.0119,0.0015,12.82,0.00,1791448981.511771,3,0,0.0
exp4_rot_20261008_174201,1791448981.423812,camera_color_optical_frame,1466,640,480,1,313.2,246.6,-0.0213,0.0273,0.00498,2,1,1.000,0.6500,-0.0120,0.0015,33.33,0.00,1791448981.584512,3,0,0.0
exp4_rot_20261008_174201,1791448981.457175,camera_color_optical_frame,1467,640,480,1,313.2,246.6,-0.0214,0.0276,0.00496,2,1,1.000,0.6470,-0.0120,0.0016,15.52,0.00,1791448981.614758,3,0,0.0
exp4_rot_20261008_174201,1791448981.490537,camera_color_optical_frame,1468,640,480,1,313.2,246.7,-0.0212,0.0278,0.00496,2,1,1.000,0.6510,-0.0120,0.0016,14.77,0.00,1791448981.640036,3,0,0.0
exp4_rot_20261008_174201,1791448981.523900,camera_color_optical_frame,1469,640,480,1,313.2,246.5,-0.0213,0.0272,0.00498,2,1,1.000,0.6490,-0.0120,0.0015,14.49,0.00,1791448981.667978,3,0,0.0
exp4_rot_20261008_174201,1791448981.557263,camera_color_optical_frame,1470,640,480,1,313.2,246.7,-0.0212,0.0278,0.00496,2,1,1.000,0.6500,-0.0120,0.0016,15.92,0.00,1791448981.710516,3,0,0.0
exp4_rot_20261008_174201,1791448981.590626,camera_color_optical_frame,1471,640,480,1,313.2,246.5,-0.0213,0.0272,0.00499,2,1,1.000,0.6480,-0.0120,0.0015,16.98,0.00,1791448981.771097,3,0,0.0
exp4_rot_20261008_174201,1791448981.623989,camera_color_optical_frame,1472,640,480,1,313.2,246.6,-0.0213,0.0274,0.00497,2,1,1.000,0.6480,-0.0120,0.0015,54.24,0.00,1791448981.894706,3,0,0.0
exp4_rot_20261008_174201,1791448981.690715,camera_color_optical_frame,1473,640,480,1,313.2,246.6,-0.0213,0.0275,0.00497,2,0,,,,,16.78,33.36,1791448981.952105,3,0,0.0
exp4_rot_20261008_174201,1791448981.724078,camera_color_optical_frame,1474,640,480,1,313.2,246.5,-0.0213,0.0273,0.00497,2,0,,,,,24.65,33.36,1791448981.990225,3,0,0.0
exp4_rot_20261008_174201,1791448981.824167,camera_color_optical_frame,1475,640,480,1,313.2,246.6,-0.0213,0.0276,0.00496,2,0,,,,,39.09,100.09,1791448982.061366,3,0,0.0
exp4_rot_20261008_174201,1791448981.857531,camera_color_optical_frame,1476,640,480,1,313.2,246.6,-0.0213,0.0274,0.00497,2,0,,,,,53.74,100.09,1791448982.158158,3,0,0.0
exp4_rot_20261008_174201,1791448981.957621,camera_color_optical_frame,1477,640,480,1,313.2,246.6,-0.0212,0.0276,0.00497,2,0,,,,,37.81,133.45,1791448982.244568,3,0,0.0
exp4_rot_20261008_174201,1791448982.091075,camera_color_optical_frame,1478,640,480,1,313.2,246.6,-0.0213,0.0275,0.00497,2,0,,,,,48.81,166.82,1791448982.333154,3,0,0.0
exp4_rot_20261008_174201,1791448982.157798,camera_color_optical_frame,1479,640,480,1,313.2,246.6,-0.0212,0.0275,0.00498,2,0,,,,,26.37,133.45,1791448982.434954,3,0,0.0
exp4_rot_20261008_174201,1791448982.224517,camera_color_optical_frame,1480,640,480,1,313.2,246.5,-0.0213,0.0272,0.00498,2,0,,,,,16.04,133.44,1791448982.474268,3,0,0.0
exp4_rot_20261008_174201,1791448982.257877,camera_color_optical_frame,1481,640,480,1,313.2,246.5,-0.0213,0.0271,0.00499,2,0,,,,,24.82,133.44,1791448982.536967,3,0,0.0
exp4_rot_20261008_174201,1791448982.357956,camera_color_optical_frame,1482,640,480,1,313.2,246.6,-0.0213,0.0276,0.00498,2,0,,,,,32.48,166.80,1791448982.607527,3,0,0.0
exp4_rot_20261008_174201,1791448982.458035,camera_color_optical_frame,1483,640,480,1,313.2,246.8,-0.0212,0.0282,0.00494,2,0,,,,,31.86,200.16,1791448982.675236,3,0,0.0
exp4_rot_20261008_174201,1791448982.524754,camera_color_optical_frame,1484,640,480,1,313.2,246.6,-0.0213,0.0274,0.00498,2,0,,,,,43.07,166.80,1791448982.757003,3,0,0.0
exp4_rot_20261008_174201,1791448982.591473,camera_color_optical_frame,1485,640,480,1,313.2,246.6,-0.0213,0.0275,0.00498,2,0,,,,,46.24,133.44,1791448982.844620,3,0,0.0
exp4_rot_20261008_174201,1791448982.658192,camera_color_optical_frame,1486,640,480,1,313.2,246.5,-0.0212,0.0272,0.00499,2,0,,,,,31.64,133.44,1791448982.950230,3,0,0.0
exp4_rot_20261008_174201,1791448982.791631,camera_color_optical_frame,1487,640,480,1,313.2,246.5,-0.0213,0.0272,0.00499,2,0,,,,,24.55,166.80,1791448983.005215,3,0,0.0
exp4_rot_20261008_174201,1791448982.824990,camera_color_optical_frame,1488,640,480,1,313.2,246.6,-0.0214,0.0276,0.00496,2,0,,,,,16.52,166.80,1791448983.044463,3,0,0.0
exp4_rot_20261008_174201,1791448982.858350,camera_color_optical_frame,1489,640,480,1,313.2,246.5,-0.0211,0.0270,0.00500,2,1,1.000,0.6480,-0.0119,0.0014,36.37,0.00,1791448983.147711,3,0,0.0
exp4_rot_20261008_174201,1791448982.891710,camera_color_optical_frame,1490,640,480,1,313.2,246.5,-0.0212,0.0270,0.00499,2,1,1.000,0.6510,-0.0120,0.0014,28.02,0.00,1791448983.216165,3,0,0.0
exp4_rot_20261008_174201,1791448982.991789,camera_color_optical_frame,1491,640,480,1,313.2,246.6,-0.0212,0.0275,0.00498,2,0,,,,,9.59,33.36,1791448983.247432,3,0,0.0
exp4_rot_20261008_174201,1791448983.025148,camera_color_optical_frame,1492,640,480,1,313.2,246.6,-0.0213,0.0274,0.00497,2,1,1.000,0.6470,-0.0120,0.0015,15.39,0.00,1791448983.296930,3,0,0.0
exp4_rot_20261008_174201,1791448983.158582,camera_color_optical_frame,1493,640,480,1,313.2,246.6,-0.0214,0.0274,0.00497,2,0,,,,,8.86,133.43,1791448983.318379,3,0,0.0
exp4_rot_20261008_174201,1791448983.225299,camera_color_optical_frame,1494,640,480,1,313.2,246.6,-0.0212,0.0275,0.00498,2,0,,,,,10.13,200.15,1791448983.336193,3,0,0.0
exp4_rot_20261008_174201,1791448983.292016,camera_color_optical_frame,1495,640,480,1,313.2,246.6,-0.0213,0.0276,0.00497,2,1,1.000,0.6460,-0.0119,0.0016,37.85,0.00,1791448983.440961,3,0,0.0
exp4_rot_20261008_174201,1791448983.358732,camera_color_optical_frame,1496,640,480,1,313.2,246.7,-0.0213,0.0279,0.00496,2,0,,,,,27.63,33.36,1791448983.509188,3,0,0.0
exp4_rot_20261008_174201,1791448983.425449,camera_color_optical_frame,1497,640,480,1,313.2,246.7,-0.0212,0.0279,0.00495,2,0,,,,,22.60,66.72,1791448983.566857,3,0,0.0
exp4_rot_20261008_174201,1791448983.458808,camera_color_optical_frame,1498,640,480,1,313.2,246.6,-0.0213,0.0275,0.00498,2,0,,,,,26.68,66.72,1791448983.608738,3,0,0.0
exp4_rot_20261008_174201,1791448983.492166,camera_color_optical_frame,1499,640,480,1,313.2,246.5,-0.0213,0.0272,0.00499,2,0,,,,,11.57,66.72,1791448983.641995,3,0,0.0
exp4_rot_20261008_174201,1791448983.525525,camera_color_optical_frame,1500,640,480,1,313.2,246.6,-0.0212,0.0274,0.00497,2,0,,,,,11.29,66.72,1791448983.666540,3,0,0.0
exp4_rot_20261008_174201,1791448983.558883,camera_color_optical_frame,1501,640,480,1,313.2,246.6,-0.0212,0.0276,0.00497,2,1,1.000,0.6480,-0.0119,0.0016,15.58,0.00,1791448983.729280,3,0,0.0
exp4_rot_20261008_174201,1791448983.592242,camera_color_optical_frame,1502,640,480,1,313.2,246.5,-0.0212,0.0272,0.00499,2,1,1.000,0.6480,-0.0119,0.0015,32.49,0.00,1791448983.812727,3,0,0.0
exp4_rot_20261008_174201,1791448983.625601,camera_color_optical_frame,1503,640,480,1,313.2,246.6,-0.0213,0.0275,0.00498,2,1,1.000,0.6490,-0.0120,0.0016,15.42,0.00,1791448983.855356,3,0,0.0
exp4_rot_20261008_174201,1791448983.658959,camera_color_optical_frame,1504,640,480,1,313.2,246.5,-0.0211,0.0270,0.00500,2,1,1.000,0.6510,-0.0120,0.0014,12.44,0.00,1791448983.883929,3,0,0.0
exp4_rot_20261008_174201,1791448983.692318,camera_color_optical_frame,1505,640,480,1,313.2,246.6,-0.0213,0.0274,0.00498,2,1,1.000,0.6470,-0.0119,0.0015,14.87,0.00,1791448983.932561,3,0,0.0
exp4_rot_20261008_174201,1791448983.725677,camera_color_optical_frame,1506,640,480,1,313.2,246.7,-0.0213,0.0278,0.00496,2,1,1.000,0.6480,-0.0120,0.0016,24.27,0.00,1791448984.005684,3,0,0.0
exp4_rot_20261008_174201,1791448983.759036,camera_color_optical_frame,1507,640,480,1,313.2,246.5,-0.0212,0.0270,0.00500,2,1,1.000,0.6480,-0.0119,0.0014,29.18,0.00,1791448984.068905,3,0,0.0
exp4_rot_20261008_174201,1791448983.859112,camera_color_optical_frame,1508,640,480,1,313.2,246.7,-0.0212,0.0280,0.00495,2,0,,,,,18.89,33.36,1791448984.114770,3,0,0.0
exp4_rot_20261008_174201,1791448983.959189,camera_color_optical_frame,1509,640,480,1,313.2,246.7,-0.0213,0.0279,0.00496,2,0,,,,,19.17,100.08,1791448984.169127,3,0,0.0
exp4_rot_20261008_174201,1791448983.992548,camera_color_optical_frame,1510,640,480,1,313.2,246.6,-0.0213,0.0277,0.00497,2,0,,,,,15.80,66.72,1791448984.203975,3,0,0.0
exp4_rot_20261008_174201,1791448984.025907,camera_color_optical_frame,1511,640,480,1,313.2,246.7,-0.0213,0.0280,0.00495,2,0,,,,,15.15,33.36,1791448984.253537,3,0,0.0
exp4_rot_20261008_174201,1791448984.059266,camera_color_optical_frame,1512,640,480,1,313.2,246.6,-0.0213,0.0277,0.00497,2,1,1.000,0.6490,-0.0120,0.0016,29.92,0.00,1791448984.330454,3,0,0.0
exp4_rot_20261008_174201,1791448984.092610,camera_color_optical_frame,1513,640,480,1,313.2,246.6,-0.0213,0.0277,0.00495,2,1,1.000,0.6460,-0.0119,0.0016,13.47,0.00,1791448984.398093,3,0,0.0
exp4_rot_20261008_174201,1791448984.125973,camera_color_optical_frame,1514,640,480,1,313.2,246.6,-0.0213,0.0277,0.00497,2,0,,,,,10.14,33.36,1791448984.416198,3,0,0.0
exp4_rot_20261008_174201,1791448984.159336,camera_color_optical_frame,1515,640,480,1,313.2,246.8,-0.0212,0.0284,0.00492,2,0,,,,,11.39,66.73,1791448984.436398,3,0,0.0
exp4_rot_20261008_174201,1791448984.226062,camera_color_optical_frame,1516,640,480,1,313.2,246.7,-0.0213,0.0278,0.00496,2,0,,,,,11.11,133.45,1791448984.455712,3,0,0.0
exp4_rot_20261008_174201,1791448984.292788,camera_color_optical_frame,1517,640,480,1,313.2,246.9,-0.0213,0.0286,0.00492,2,0,,,,,10.81,200.18,1791448984.474958,3,0,0.0
exp4_rot_20261008_174201,1791448984.392878,camera_color_optical_frame,1518,640,480,1,313.1,247.0,-0.0215,0.0290,0.00490,2,0,,,,,9.80,300.27,1791448984.497040,3,0,0.0
exp4_rot_20261008_174201,1791448984.426241,camera_color_optical_frame,1519,640,480,1,313.1,247.0,-0.0215,0.0290,0.00490,2,1,1.000,0.6490,-0.0121,0.0020,15.76,0.00,1791448984.539481,3,0,0.0
exp4_rot_20261008_174201,1791448984.459605,camera_color_optical_frame,1520,640,480,1,313.1,247.2,-0.0215,0.0301,0.00486,2,1,1.000,0.6510,-0.0121,0.0022,53.26,0.00,1791448984.628956,3,0,0.0
exp4_rot_20261008_174201,1791448984.526332,camera_color_optical_frame,1521,640,480,1,313.0,248.0,-0.0218,0.0331,0.00473,2,0,,,,,35.12,33.36,1791448984.715405,3,0,0.0
exp4_rot_20261008_174201,1791448984.626422,camera_color_optical_frame,1522,640,480,1,313.0,248.6,-0.0218,0.0357,0.00463,2,0,,,,,34.68,100.09,1791448984.801543,3,0,0.0
exp4_rot_20261008_174201,1791448984.693150,camera_color_optical_frame,1523,640,480,1,313.8,249.2,-0.0195,0.0382,0.00444,2,0,,,,,36.92,133.45,1791448984.908907,3,0,0.0
exp4_rot_20261008_174201,1791448984.759877,camera_color_optical_frame,1524,640,480,1,314.4,249.8,-0.0173,0.0407,0.00431,2,0,,,,,36.21,100.09,1791448984.999356,3,0,0.0
exp4_rot_20261008_174201,1791448984.960062,camera_color_optical_frame,1525,640,480,1,311.2,248.8,-0.0275,0.0368,0.00448,2,0,,,,,18.47,266.91,1791448985.061619,3,0,0.0
exp4_rot_20261008_174201,1791448984.993426,camera_color_optical_frame,1526,640,480,1,310.9,248.1,-0.0284,0.0337,0.00445,2,1,1.000,0.6500,-0.0144,0.0032,14.56,0.00,1791448985.144375,3,0,0.0
exp4_rot_20261008_174201,1791448985.026790,camera_color_optical_frame,1527,640,480,1,309.5,247.8,-0.0329,0.0323,0.00469,2,1,1.000,0.6490,-0.0159,0.0028,21.34,0.00,1791448985.229731,3,0,0.0
exp4_rot_20261008_174201,1791448985.060154,camera_color_optical_frame,1528,640,480,1,308.8,247.0,-0.0350,0.0291,0.00456,2,1,1.000,0.6480,-0.0166,0.0020,34.64,0.00,1791448985.314544,3,0,0.0
exp4_rot_20261008_174201,1791448985.093519,camera_color_optical_frame,1529,640,480,1,308.1,246.9,-0.0371,0.0287,0.00462,2,1,1.000,0.6470,-0.0174,0.0019,24.09,0.00,1791448985.393434,3,0,0.0
exp4_rot_20261008_174201,1791448985.126886,camera_color_optical_frame,1530,640,480,1,306.7,246.4,-0.0416,0.0267,0.00459,2,1,1.000,0.6500,-0.0190,0.0013,28.42,0.00,1791448985.454002,3,0,0.0
exp4_rot_20261008_174201,1791448985.160253,camera_color_optical_frame,1531,640,480,1,305.1,246.8,-0.0465,0.0282,0.00450,2,1,1.000,0.6500,-0.0207,0.0018,57.15,0.00,1791448985.554335,3,0,0.0
exp4_rot_20261008_174201,1791448985.493928,camera_color_optical_frame,1532,640,480,1,282.2,238.1,-0.1180,-0.0077,0.00457,2,0,,,,,19.76,333.68,1791448985.591452,3,0,0.0
exp4_rot_20261008_174201,1791448985.527296,camera_color_optical_frame,1533,640,480,1,279.3,238.2,-0.1272,-0.0073,0.00457,2,1,1.000,0.6440,-0.0479,-0.0073,26.96,0.00,1791448985.681225,3,0,1.4
exp4_rot_20261008_174201,1791448985.560664,camera_color_optical_frame,1534,640,480,1,275.8,237.2,-0.1382,-0.0117,0.00474,2,1,1.000,0.6440,-0.0517,-0.0084,24.70,0.00,1791448985.732947,3,0,2.8
exp4_rot_20261008_174201,1791448985.594032,camera_color_optical_frame,1535,640,480,1,274.0,236.2,-0.1437,-0.0157,0.00469,2,1,1.000,0.6400,-0.0532,-0.0094,18.94,0.00,1791448985.795670,3,0,4.1
exp4_rot_20261008_174201,1791448985.627400,camera_color_optical_frame,1536,640,480,1,272.5,235.8,-0.1484,-0.0175,0.00478,2,1,1.000,0.6420,-0.0549,-0.0099,26.32,0.00,1791448985.840472,3,0,5.5
exp4_rot_20261008_174201,1791448985.660768,camera_color_optical_frame,1537,640,480,1,269.9,235.6,-0.1567,-0.0182,0.00477,2,1,1.000,0.6410,-0.0577,-0.0101,20.84,0.00,1791448985.908672,3,0,8.2
exp4_rot_20261008_174201,1791448985.727504,camera_color_optical_frame,1538,640,480,1,268.0,234.7,-0.1625,-0.0222,0.00474,2,0,,,,,13.86,33.37,1791448985.938673,3,0,8.2
exp4_rot_20261008_174201,1791448985.760873,camera_color_optical_frame,1539,640,480,1,269.3,233.7,-0.1583,-0.0261,0.00488,2,0,,,,,14.74,33.37,1791448985.969169,3,0,8.2
exp4_rot_20261008_174201,1791448985.794241,camera_color_optical_frame,1540,640,480,1,270.0,233.2,-0.1562,-0.0285,0.00476,2,1,1.000,0.6385,-0.0573,-0.0126,21.63,0.00,1791448986.015768,3,0,8.2
exp4_rot_20261008_174201,1791448985.827609,camera_color_optical_frame,1541,640,480,1,271.2,232.1,-0.1524,-0.0331,0.00483,2,1,1.000,0.6410,-0.0562,-0.0138,13.53,0.00,1791448986.061222,3,0,8.2
exp4_rot_20261008_174201,1791448985.860977,camera_color_optical_frame,1542,640,480,1,271.6,231.4,-0.1511,-0.0358,0.00487,2,1,1.000,0.6390,-0.0556,-0.0145,24.02,0.00,1791448986.122465,3,0,8.2
exp4_rot_20261008_174201,1791448985.894346,camera_color_optical_frame,1543,640,480,1,271.8,230.7,-0.1506,-0.0387,0.00483,2,1,1.000,0.6390,-0.0554,-0.0152,15.10,0.00,1791448986.161894,3,0,8.2
exp4_rot_20261008_174201,1791448985.961083,camera_color_optical_frame,1544,640,480,1,272.0,228.7,-0.1499,-0.0471,0.00489,2,1,1.000,0.6380,-0.0551,-0.0173,17.03,0.00,1791448986.201993,3,0,8.2
exp4_rot_20261008_174201,1791448985.994452,camera_color_optical_frame,1545,640,480,1,272.9,227.7,-0.1472,-0.0511,0.00470,2,1,1.000,0.6380,-0.0542,-0.0183,14.16,0.00,1791448986.247262,3,0,0.0
exp4_rot_20261008_174201,1791448986.061189,camera_color_optical_frame,1546,640,480,1,273.7,225.1,-0.1447,-0.0622,0.00482,2,1,1.000,0.6360,-0.0532,-0.0211,16.59,0.00,1791448986.288395,3,0,9.6
exp4_rot_20261008_174201,1791448986.094557,camera_color_optical_frame,1547,640,480,1,273.7,223.1,-0.1446,-0.0702,0.00491,2,1,1.000,0.6400,-0.0535,-0.0232,14.90,0.00,1791448986.340350,3,0,0.0
exp4_rot_20261008_174201,1791448986.127916,camera_color_optical_frame,1548,640,480,1,273.7,221.7,-0.1447,-0.0760,0.00487,2,1,1.000,0.6410,-0.0536,-0.0248,29.92,0.00,1791448986.404723,3,0,0.0
exp4_rot_20261008_174201,1791448986.194635,camera_color_optical_frame,1549,640,480,1,272.6,219.6,-0.1480,-0.0851,0.00498,2,1,1.000,0.6350,-0.0542,-0.0268,28.74,0.00,1791448986.457535,3,0,9.6
exp4_rot_20261008_174201,1791448986.227994,camera_color_optical_frame,1550,640,480,1,272.3,218.9,-0.1492,-0.0878,0.00491,2,1,1.000,0.6390,-0.0550,-0.0277,25.32,0.00,1791448986.506830,3,0,8.2
exp4_rot_20261008_174201,1791448986.294712,camera_color_optical_frame,1551,640,480,1,272.3,215.7,-0.1490,-0.1014,0.00513,2,1,1.000,0.6360,-0.0546,-0.0309,25.20,0.00,1791448986.555575,3,0,8.2
exp4_rot_20261008_174201,1791448986.328071,camera_color_optical_frame,1552,640,480,1,272.2,214.7,-0.1495,-0.1054,0.00498,2,1,1.000,0.6340,-0.0546,-0.0319,15.45,0.00,1791448986.588783,3,0,8.2
exp4_rot_20261008_174201,1791448986.361430,camera_color_optical_frame,1553,640,480,1,270.6,213.1,-0.1543,-0.1123,0.00517,2,1,1.000,0.6380,-0.0566,-0.0338,35.83,0.00,1791448986.692676,3,0,0.0
exp4_rot_20261008_174201,1791448986.394789,camera_color_optical_frame,1554,640,480,1,269.8,212.6,-0.1567,-0.1142,0.00514,2,1,1.000,0.6340,-0.0570,-0.0341,37.11,0.00,1791448986.762546,3,0,0.0
exp4_rot_20261008_174201,1791448986.494866,camera_color_optical_frame,1555,640,480,1,267.2,213.0,-0.1650,-0.1126,0.00539,2,0,,,,,20.50,66.72,1791448986.819259,3,0,8.2
exp4_rot_20261008_174201,1791448986.661662,camera_color_optical_frame,1556,640,480,1,270.3,216.2,-0.1553,-0.0991,0.00519,2,0,,,,,16.02,166.80,1791448986.859841,3,0,8.2
exp4_rot_20261008_174201,1791448986.695021,camera_color_optical_frame,1557,640,480,1,271.9,217.5,-0.1503,-0.0938,0.00525,2,0,,,,,20.10,133.44,1791448986.899194,3,0,9.6
exp4_rot_20261008_174201,1791448986.728380,camera_color_optical_frame,1558,640,480,1,274.3,219.3,-0.1429,-0.0864,0.00516,2,0,,,,,20.26,66.72,1791448986.939462,3,0,9.6
exp4_rot_20261008_174201,1791448986.761739,camera_color_optical_frame,1559,640,480,1,277.0,220.6,-0.1344,-0.0809,0.00525,2,0,,,,,17.19,66.72,1791448986.972548,3,0,9.6
exp4_rot_20261008_174201,1791448986.795098,camera_color_optical_frame,1560,640,480,1,279.8,222.2,-0.1256,-0.0742,0.00521,2,0,,,,,17.38,66.72,1791448987.005762,3,0,9.6
exp4_rot_20261008_174201,1791448986.828457,camera_color_optical_frame,1561,640,480,1,283.4,224.1,-0.1143,-0.0663,0.00511,2,1,1.000,0.6400,-0.0433,-0.0223,21.72,0.00,1791448987.060717,3,0,9.6
exp4_rot_20261008_174201,1791448986.861816,camera_color_optical_frame,1562,640,480,1,287.8,226.3,-0.1008,-0.0572,0.00506,2,1,1.000,0.6380,-0.0386,-0.0199,21.49,0.00,1791448987.100169,3,0,9.6
exp4_rot_20261008_174201,1791448986.928535,camera_color_optical_frame,1563,640,480,1,297.4,231.1,-0.0705,-0.0371,0.00491,1,0,,,,,11.54,33.36,1791448987.130878,3,0,9.6
exp4_rot_20261008_174201,1791448986.961894,camera_color_optical_frame,1564,640,480,1,302.3,233.6,-0.0553,-0.0268,0.00505,1,0,,,,,10.33,33.36,1791448987.161509,3,0,9.6
exp4_rot_20261008_174201,1791448986.995253,camera_color_optical_frame,1565,640,480,1,307.8,235.6,-0.0382,-0.0183,0.00492,1,1,1.000,0.6430,-0.0176,-0.0101,15.71,0.00,1791448987.207981,3,0,9.6
exp4_rot_20261008_174201,1791448987.028612,camera_color_optical_frame,1566,640,480,1,313.4,237.8,-0.0206,-0.0091,0.00485,1,1,0.994,0.6410,-0.0116,-0.0077,15.42,0.00,1791448987.260939,3,0,8.2
exp4_rot_20261008_174201,1791448987.061971,camera_color_optical_frame,1567,640,480,1,319.3,239.7,-0.0022,-0.0013,0.00482,1,1,1.000,0.6420,-0.0054,-0.0058,16.74,0.00,1791448987.334404,3,0,6.9
exp4_rot_20261008_174201,1791448987.095330,camera_color_optical_frame,1568,640,480,1,325.5,241.1,0.0171,0.0047,0.00485,1,1,1.000,0.6440,0.0012,-0.0043,11.60,0.00,1791448987.364367,3,0,6.9
exp4_rot_20261008_174201,1791448987.161953,camera_color_optical_frame,1569,640,480,1,338.6,243.8,0.0581,0.0159,0.00465,1,1,1.000,0.6440,0.0151,-0.0014,17.16,0.00,1791448987.406015,3,0,4.1
exp4_rot_20261008_174201,1791448987.195335,camera_color_optical_frame,1570,640,480,1,345.2,245.5,0.0786,0.0228,0.00466,1,1,1.000,0.6460,0.0222,0.0004,19.76,0.00,1791448987.460850,3,0,2.8
exp4_rot_20261008_174201,1791448987.262101,camera_color_optical_frame,1571,640,480,1,357.3,248.6,0.1165,0.0360,0.00471,1,1,1.000,0.6480,0.0352,0.0037,20.22,0.00,1791448987.510156,3,0,0.0
exp4_rot_20261008_174201,1791448987.295485,camera_color_optical_frame,1572,640,480,1,362.4,248.4,0.1324,0.0349,0.00483,1,1,1.000,0.6530,0.0410,0.0035,14.52,0.00,1791448987.541310,3,0,0.0
exp4_rot_20261008_174201,1791448987.362251,camera_color_optical_frame,1573,640,480,1,370.1,247.5,0.1566,0.0312,0.00495,1,1,1.000,0.6500,0.0491,0.0025,13.12,0.00,1791448987.589148,3,0,0.0
exp4_rot_20261008_174201,1791448987.395635,camera_color_optical_frame,1574,640,480,1,373.8,247.3,0.1683,0.0306,0.00492,1,1,1.000,0.6500,0.0531,0.0024,22.19,0.00,1791448987.664043,3,0,0.0
exp4_rot_20261008_174201,1791448987.429018,camera_color_optical_frame,1575,640,480,1,377.9,247.8,0.1810,0.0325,0.00483,1,1,1.000,0.6540,0.0578,0.0029,13.23,0.00,1791448987.691550,3,0,4.1
exp4_rot_20261008_174201,1791448987.495786,camera_color_optical_frame,1576,640,480,1,385.1,247.3,0.2033,0.0306,0.00470,1,1,1.000,0.6520,0.0653,0.0024,20.33,0.00,1791448987.738550,3,0,5.5
exp4_rot_20261008_174201,1791448987.529170,camera_color_optical_frame,1577,640,480,1,388.1,247.3,0.2129,0.0306,0.00493,1,1,1.000,0.6520,0.0686,0.0024,34.91,0.00,1791448987.822471,3,0,6.9
exp4_rot_20261008_174201,1791448987.629323,camera_color_optical_frame,1578,640,480,1,392.1,247.2,0.2253,0.0301,0.00472,1,0,,,,,33.97,66.77,1791448987.905008,3,0,8.2
exp4_rot_20261008_174201,1791448987.696092,camera_color_optical_frame,1579,640,480,1,392.0,247.4,0.2249,0.0307,0.00463,1,0,,,,,24.99,66.77,1791448987.953340,3,0,8.2
exp4_rot_20261008_174201,1791448987.729477,camera_color_optical_frame,1580,640,480,1,391.4,246.9,0.2232,0.0287,0.00469,1,0,,,,,11.16,33.38,1791448987.979853,3,0,9.6
exp4_rot_20261008_174201,1791448987.762862,camera_color_optical_frame,1581,640,480,1,391.6,247.0,0.2237,0.0294,0.00468,1,1,1.000,0.6560,0.0728,0.0021,14.91,0.00,1791448988.031459,3,0,11.0
exp4_rot_20261008_174201,1791448987.796247,camera_color_optical_frame,1582,640,480,1,391.5,247.1,0.2234,0.0296,0.00466,1,1,1.000,0.6560,0.0727,0.0021,18.63,0.00,1791448988.095682,3,0,0.0
exp4_rot_20261008_174201,1791448987.863017,camera_color_optical_frame,1583,640,480,1,390.0,247.5,0.2187,0.0311,0.00468,1,1,1.000,0.6580,0.0713,0.0025,12.77,0.00,1791448988.144122,3,0,0.0
exp4_rot_20261008_174201,1791448987.896403,camera_color_optical_frame,1584,640,480,1,388.6,248.1,0.2142,0.0336,0.00456,2,1,1.000,0.6590,0.0698,0.0032,12.98,0.00,1791448988.192190,3,0,0.0
exp4_rot_20261008_174201,1791448987.963173,camera_color_optical_frame,1585,640,480,1,385.1,249.0,0.2034,0.0375,0.00461,2,1,1.000,0.6550,0.0656,0.0042,18.17,0.00,1791448988.248212,3,0,0.0
exp4_rot_20261008_174201,1791448988.029945,camera_color_optical_frame,1586,640,480,1,380.6,250.1,0.1893,0.0422,0.00452,2,1,1.000,0.6540,0.0607,0.0054,16.25,0.00,1791448988.281157,3,0,0.0
exp4_rot_20261008_174201,1791448988.096717,camera_color_optical_frame,1587,640,480,1,376.2,251.0,0.1758,0.0460,0.00461,2,1,1.000,0.6570,0.0563,0.0064,14.47,0.00,1791448988.328108,3,0,13.7
exp4_rot_20261008_174201,1791448988.130103,camera_color_optical_frame,1588,640,480,1,374.2,251.7,0.1695,0.0488,0.00456,2,1,1.000,0.6540,0.0538,0.0071,13.85,0.00,1791448988.364174,3,0,12.4
exp4_rot_20261008_174201,1791448988.163518,camera_color_optical_frame,1589,640,480,1,372.3,252.1,0.1635,0.0505,0.00453,2,1,1.000,0.6570,0.0520,0.0076,15.54,0.00,1791448988.422714,3,0,11.0
exp4_rot_20261008_174201,1791448988.230276,camera_color_optical_frame,1590,640,480,1,368.8,253.3,0.1526,0.0556,0.00449,2,1,1.000,0.6550,0.0481,0.0089,13.60,0.00,1791448988.466478,3,0,11.0
exp4_rot_20261008_174201,1791448988.263656,camera_color_optical_frame,1591,640,480,1,367.3,254.1,0.1478,0.0586,0.00457,2,1,1.000,0.6550,0.0464,0.0097,18.07,0.00,1791448988.529414,3,0,11.0
exp4_rot_20261008_174201,1791448988.330415,camera_color_optical_frame,1592,640,480,1,365.7,255.5,0.1427,0.0645,0.00458,2,1,1.000,0.6560,0.0447,0.0112,13.71,0.00,1791448988.565709,3,0,11.0
exp4_rot_20261008_174201,1791448988.363795,camera_color_optical_frame,1593,640,480,1,364.3,256.3,0.1383,0.0679,0.00446,2,1,1.000,0.6570,0.0433,0.0121,42.06,0.00,1791448988.673776,3,0,0.0
exp4_rot_20261008_174201,1791448988.463935,camera_color_optical_frame,1594,640,480,1,359.1,257.9,0.1221,0.0744,0.00449,2,0,,,,,11.05,33.38,1791448988.697448,3,0,9.6
exp4_rot_20261008_174201,1791448988.497315,camera_color_optical_frame,1595,640,480,1,357.6,258.3,0.1174,0.0762,0.00456,2,1,1.000,0.6540,0.0358,0.0142,20.38,0.00,1791448988.744402,3,0,8.2
exp4_rot_20261008_174201,1791448988.564076,camera_color_optical_frame,1596,640,480,1,354.6,259.4,0.1080,0.0807,0.00444,2,1,1.000,0.6490,0.0323,0.0152,35.83,0.00,1791448988.846046,3,0,6.9
exp4_rot_20261008_174201,1791448988.597456,camera_color_optical_frame,1597,640,480,1,353.1,259.9,0.1034,0.0828,0.00451,2,1,1.000,0.6490,0.0308,0.0158,42.08,0.00,1791448988.926241,3,0,6.9
exp4_rot_20261008_174201,1791448988.630836,camera_color_optical_frame,1598,640,480,1,352.3,260.3,0.1008,0.0846,0.00446,2,1,1.000,0.6480,0.0298,0.0162,18.89,0.00,1791448988.966740,3,0,6.9
exp4_rot_20261008_174201,1791448988.664217,camera_color_optical_frame,1599,640,480,1,351.7,260.3,0.0990,0.0844,0.00457,2,1,1.000,0.6480,0.0292,0.0162,15.44,0.00,1791448988.995860,3,0,6.9
exp4_rot_20261008_174201,1791448988.730978,camera_color_optical_frame,1600,640,480,1,350.5,258.2,0.0954,0.0760,0.00446,2,1,1.000,0.6460,0.0279,0.0140,19.21,0.00,1791448989.036538,3,0,5.5
exp4_rot_20261008_174201,1791448988.797740,camera_color_optical_frame,1601,640,480,1,350.1,256.4,0.0940,0.0684,0.00459,2,1,1.000,0.6420,0.0273,0.0119,41.65,0.00,1791448989.136070,3,0,0.0
exp4_rot_20261008_174201,1791448988.831121,camera_color_optical_frame,1602,640,480,1,350.8,256.1,0.0962,0.0672,0.00447,2,1,1.000,0.6420,0.0280,0.0117,13.83,0.00,1791448989.159539,3,0,0.0
exp4_rot_20261008_174201,1791448988.897884,camera_color_optical_frame,1603,640,480,1,351.3,253.1,0.0979,0.0546,0.00462,2,1,1.000,0.6410,0.0285,0.0084,10.95,0.00,1791448989.192651,3,0,5.5
exp4_rot_20261008_174201,1791448989.031410,camera_color_optical_frame,1604,640,480,1,350.3,248.0,0.0947,0.0333,0.00461,2,0,,,,,9.17,66.76,1791448989.313611,3,0,5.5
exp4_rot_20261008_174201,1791448989.098173,camera_color_optical_frame,1605,640,480,1,349.9,245.4,0.0935,0.0226,0.00460,2,1,1.000,0.6440,0.0272,0.0003,11.42,0.00,1791448989.386347,3,0,0.0
exp4_rot_20261008_174201,1791448989.131617,camera_color_optical_frame,1606,640,480,1,349.0,244.0,0.0906,0.0167,0.00452,2,1,1.000,0.6450,0.0262,-0.0012,12.73,0.00,1791448989.429705,3,0,0.0
exp4_rot_20261008_174201,1791448989.198356,camera_color_optical_frame,1607,640,480,1,346.4,240.6,0.0826,0.0027,0.00445,2,1,1.000,0.6460,0.0235,-0.0048,15.03,0.00,1791448989.470030,3,0,0.0
exp4_rot_20261008_174201,1791448989.231726,camera_color_optical_frame,1608,640,480,1,344.9,239.8,0.0780,-0.0010,0.00447,2,1,0.999,0.6450,0.0219,-0.0057,11.89,0.00,1791448989.526962,3,0,0.0
exp4_rot_20261008_174201,1791448989.298465,camera_color_optical_frame,1609,640,480,1,341.4,238.7,0.0668,-0.0056,0.00455,2,1,1.000,0.6440,0.0181,-0.0069,28.30,0.00,1791448989.593472,3,0,0.0
exp4_rot_20261008_174201,1791448989.398575,camera_color_optical_frame,1610,640,480,1,335.2,235.8,0.0476,-0.0176,0.00452,2,0,,,,,22.29,100.11,1791448989.636680,3,0,4.1
exp4_rot_20261008_174201,1791448989.465315,camera_color_optical_frame,1611,640,480,1,329.6,234.7,0.0301,-0.0221,0.00453,2,0,,,,,16.20,166.85,1791448989.673326,3,0,5.5
exp4_rot_20261008_174201,1791448989.565425,camera_color_optical_frame,1612,640,480,1,318.0,232.8,-0.0061,-0.0301,0.00445,2,0,,,,,21.95,266.96,1791448989.718908,3,0,5.5
exp4_rot_20261008_174201,1791448989.598795,camera_color_optical_frame,1613,640,480,1,313.0,232.1,-0.0219,-0.0329,0.00431,2,0,,,,,14.19,300.33,1791448989.754030,3,0,5.5
exp4_rot_20261008_174201,1791448989.665535,camera_color_optical_frame,1614,640,480,1,302.5,230.3,-0.0548,-0.0404,0.00435,2,0,,,,,17.54,367.07,1791448989.795429,3,0,4.1
exp4_rot_20261008_174201,1791448989.732275,camera_color_optical_frame,1615,640,480,1,292.1,229.5,-0.0871,-0.0439,0.00444,2,0,,,,,9.65,433.81,1791448989.820334,3,0,4.1
exp4_rot_20261008_174201,1791448989.765646,camera_color_optical_frame,1616,640,480,1,287.8,229.3,-0.1006,-0.0446,0.00454,2,1,1.000,0.6510,-0.0393,-0.0170,30.57,0.00,1791448989.908503,3,0,0.0
exp4_rot_20261008_174201,1791448989.799016,camera_color_optical_frame,1617,640,480,1,282.8,230.3,-0.1162,-0.0405,0.00433,2,1,1.000,0.6540,-0.0449,-0.0160,22.35,0.00,1791448989.951680,3,0,0.0
exp4_rot_20261008_174201,1791448989.832387,camera_color_optical_frame,1618,640,480,1,277.9,230.2,-0.1315,-0.0407,0.00450,2,1,1.000,0.6560,-0.0503,-0.0162,19.30,0.00,1791448989.982696,3,0,0.0
exp4_rot_20261008_174201,1791448989.865757,camera_color_optical_frame,1619,640,480,1,272.6,231.5,-0.1482,-0.0356,0.00436,2,1,1.000,0.6540,-0.0559,-0.0148,17.50,0.00,1791448990.017471,3,0,0.0
exp4_rot_20261008_174201,1791448989.965868,camera_color_optical_frame,1620,640,480,1,259.7,235.5,-0.1884,-0.0186,0.00463,2,0,,,,,9.86,100.11,1791448990.035639,3,0,0.0
exp4_rot_20261008_174201,1791448989.999238,camera_color_optical_frame,1621,640,480,1,256.0,236.8,-0.1999,-0.0132,0.00451,2,0,,,,,23.44,133.48,1791448990.085398,3,0,5.5
exp4_rot_20261008_174201,1791448990.032609,camera_color_optical_frame,1622,640,480,1,252.1,237.9,-0.2123,-0.0087,0.00464,2,1,1.000,0.6450,-0.0770,-0.0077,18.09,0.00,1791448990.163185,3,0,5.5
exp4_rot_20261008_174201,1791448990.065980,camera_color_optical_frame,1623,640,480,1,248.2,239.3,-0.2243,-0.0029,0.00463,2,1,1.000,0.6480,-0.0814,-0.0062,15.22,0.00,1791448990.221184,3,0,5.5
exp4_rot_20261008_174201,1791448990.099350,camera_color_optical_frame,1624,640,480,1,244.6,240.6,-0.2356,0.0026,0.00468,2,1,1.000,0.6420,-0.0845,-0.0048,28.40,0.00,1791448990.296612,3,0,8.2
exp4_rot_20261008_174201,1791448990.132721,camera_color_optical_frame,1625,640,480,1,241.1,242.2,-0.2466,0.0092,0.00472,2,1,1.000,0.6420,-0.0882,-0.0031,17.88,0.00,1791448990.332903,3,0,9.6
exp4_rot_20261008_174201,1791448990.166092,camera_color_optical_frame,1626,640,480,1,238.2,242.8,-0.2557,0.0116,0.00495,2,1,1.000,0.6420,-0.0913,-0.0025,13.26,0.00,1791448990.364759,3,0,11.0
exp4_rot_20261008_174201,1791448990.199462,camera_color_optical_frame,1627,640,480,1,236.3,243.5,-0.2616,0.0147,0.00499,2,1,1.000,0.6400,-0.0930,-0.0017,15.27,0.00,1791448990.406433,3,0,11.0
exp4_rot_20261008_174201,1791448990.232849,camera_color_optical_frame,1628,640,480,1,234.6,243.3,-0.2670,0.0138,0.00514,2,1,1.000,0.6410,-0.0950,-0.0019,12.17,0.00,1791448990.447954,3,0,13.7
exp4_rot_20261008_174201,1791448990.466560,camera_color_optical_frame,1629,640,480,1,240.2,238.8,-0.2493,-0.0048,0.00506,2,0,,,,,10.91,200.32,1791448990.561522,3,0,13.7
exp4_rot_20261008_174201,1791448990.499948,camera_color_optical_frame,1630,640,480,1,243.1,237.3,-0.2402,-0.0113,0.00499,2,1,1.000,0.6440,-0.0863,-0.0084,14.29,0.00,1791448990.600121,3,0,15.1
exp4_rot_20261008_174201,1791448990.533336,camera_color_optical_frame,1631,640,480,1,246.1,236.3,-0.2308,-0.0152,0.00496,2,1,1.000,0.6460,-0.0834,-0.0094,13.25,0.00,1791448990.644074,3,0,15.1
exp4_rot_20261008_174201,1791448990.566724,camera_color_optical_frame,1632,640,480,1,249.4,235.2,-0.2206,-0.0199,0.00494,2,1,1.000,0.6470,-0.0801,-0.0106,22.49,0.00,1791448990.694420,3,0,15.1
exp4_rot_20261008_174201,1791448990.600112,camera_color_optical_frame,1633,640,480,1,253.0,234.4,-0.2093,-0.0233,0.00487,2,1,1.000,0.6490,-0.0764,-0.0115,36.17,0.00,1791448990.753307,3,0,15.1
exp4_rot_20261008_174201,1791448990.633500,camera_color_optical_frame,1634,640,480,1,256.4,233.2,-0.1987,-0.0282,0.00487,2,1,1.000,0.6470,-0.0726,-0.0127,26.16,0.00,1791448990.842953,3,0,13.7
exp4_rot_20261008_174201,1791448990.666889,camera_color_optical_frame,1635,640,480,1,260.1,231.7,-0.1871,-0.0346,0.00489,2,1,1.000,0.6500,-0.0689,-0.0144,37.26,0.00,1791448990.946536,3,0,13.7
exp4_rot_20261008_174201,1791448990.700277,camera_color_optical_frame,1636,640,480,1,263.5,230.6,-0.1766,-0.0390,0.00485,2,1,1.000,0.6510,-0.0654,-0.0156,28.44,0.00,1791448991.001945,3,0,13.7
exp4_rot_20261008_174201,1791448990.733666,camera_color_optical_frame,1637,640,480,1,266.8,229.2,-0.1661,-0.0449,0.00486,2,1,1.000,0.6510,-0.0618,-0.0171,48.03,0.00,1791448991.075570,3,0,13.7
exp4_rot_20261008_174201,1791448990.800443,camera_color_optical_frame,1638,640,480,1,274.6,226.7,-0.1419,-0.0553,0.00484,2,0,,,,,31.64,33.39,1791448991.145442,3,0,12.4
exp4_rot_20261008_174201,1791448990.900611,camera_color_optical_frame,1639,640,480,1,287.5,223.1,-0.1014,-0.0705,0.00473,2,0,,,,,24.79,100.17,1791448991.194431,3,0,11.0
exp4_rot_20261008_174201,1791448990.934000,camera_color_optical_frame,1640,640,480,1,291.4,222.1,-0.0892,-0.0747,0.00471,2,0,,,,,11.62,33.39,1791448991.241112,3,0,11.0
exp4_rot_20261008_174201,1791448991.000779,camera_color_optical_frame,1641,640,480,1,300.2,219.6,-0.0618,-0.0849,0.00469,2,0,,,,,11.20,66.78,1791448991.267711,3,0,12.4
exp4_rot_20261008_174201,1791448991.067558,camera_color_optical_frame,1642,640,480,1,309.0,218.5,-0.0345,-0.0896,0.00463,2,1,1.000,0.6620,-0.0168,-0.0291,17.25,0.00,1791448991.311342,3,0,11.0
exp4_rot_20261008_174201,1791448991.100948,camera_color_optical_frame,1643,640,480,1,313.4,218.5,-0.0206,-0.0896,0.00462,2,1,1.000,0.6620,-0.0120,-0.0291,14.97,0.00,1791448991.353451,3,0,9.6
exp4_rot_20261008_174201,1791448991.167728,camera_color_optical_frame,1644,640,480,1,323.1,219.0,0.0097,-0.0873,0.00452,2,1,1.000,0.6620,-0.0014,-0.0285,18.40,0.00,1791448991.393470,3,0,11.0
exp4_rot_20261008_174201,1791448991.201107,camera_color_optical_frame,1645,640,480,1,328.2,219.5,0.0256,-0.0855,0.00450,1,1,1.000,0.6620,0.0042,-0.0280,21.24,0.00,1791448991.434180,3,0,11.0
exp4_rot_20261008_174201,1791448991.234486,camera_color_optical_frame,1646,640,480,1,333.5,220.3,0.0421,-0.0822,0.00443,1,1,1.000,0.6630,0.0099,-0.0272,12.02,0.00,1791448991.459428,3,0,9.6
exp4_rot_20261008_174201,1791448991.301245,camera_color_optical_frame,1647,640,480,1,342.9,220.9,0.0715,-0.0798,0.00448,1,1,1.000,0.6650,0.0203,-0.0267,26.11,0.00,1791448991.508316,3,0,9.6
exp4_rot_20261008_174201,1791448991.334625,camera_color_optical_frame,1648,640,480,1,347.0,222.2,0.0844,-0.0740,0.00449,1,1,1.000,0.6630,0.0248,-0.0251,23.59,0.00,1791448991.542360,3,0,8.2
exp4_rot_20261008_174201,1791448991.368005,camera_color_optical_frame,1649,640,480,1,350.9,223.8,0.0964,-0.0675,0.00446,1,1,1.000,0.6670,0.0292,-0.0235,22.73,0.00,1791448991.577929,3,0,6.9
exp4_rot_20261008_174201,1791448991.401385,camera_color_optical_frame,1650,640,480,1,354.4,225.8,0.1074,-0.0593,0.00445,1,1,1.000,0.6670,0.0330,-0.0213,15.37,0.00,1791448991.603302,3,0,5.5
exp4_rot_20261008_174201,1791448991.434765,camera_color_optical_frame,1651,640,480,1,356.3,227.4,0.1135,-0.0526,0.00452,1,1,1.000,0.6660,0.0351,-0.0195,15.00,0.00,1791448991.633686,3,0,5.5
exp4_rot_20261008_174201,1791448991.468145,camera_color_optical_frame,1652,640,480,1,358.5,229.4,0.1203,-0.0442,0.00452,1,1,1.000,0.6665,0.0375,-0.0173,15.59,0.00,1791448991.677549,3,0,4.1
exp4_rot_20261008_174201,1791448991.501526,camera_color_optical_frame,1653,640,480,1,360.9,231.8,0.1280,-0.0341,0.00446,1,1,1.000,0.6630,0.0400,-0.0146,13.94,0.00,1791448991.720582,3,0,4.1
exp4_rot_20261008_174201,1791448991.534906,camera_color_optical_frame,1654,640,480,1,363.8,234.0,0.1367,-0.0250,0.00446,1,1,1.000,0.6670,0.0434,-0.0123,19.79,0.00,1791448991.780157,3,0,5.5
exp4_rot_20261008_174201,1791448991.568287,camera_color_optical_frame,1655,640,480,1,366.3,235.6,0.1447,-0.0182,0.00450,1,1,1.000,0.6660,0.0461,-0.0105,13.26,0.00,1791448991.807708,3,0,4.1
exp4_rot_20261008_174201,1791448991.635049,camera_color_optical_frame,1656,640,480,1,368.4,238.5,0.1513,-0.0064,0.00446,1,1,1.000,0.6650,0.0483,-0.0073,13.85,0.00,1791448991.839782,3,0,4.1
exp4_rot_20261008_174201,1791448991.668430,camera_color_optical_frame,1657,640,480,1,369.7,239.6,0.1552,-0.0016,0.00448,1,1,1.000,0.6640,0.0496,-0.0061,13.94,0.00,1791448991.873245,3,0,4.1
exp4_rot_20261008_174201,1791448991.701811,camera_color_optical_frame,1658,640,480,1,371.3,241.1,0.1602,0.0045,0.00441,1,1,1.000,0.6640,0.0514,-0.0045,11.81,0.00,1791448991.932229,3,0,6.9
exp4_rot_20261008_174201,1791448991.768574,camera_color_optical_frame,1659,640,480,1,375.0,242.9,0.1719,0.0120,0.00437,1,1,1.000,0.6650,0.0556,-0.0025,26.00,0.00,1791448991.963621,3,0,8.2
exp4_rot_20261008_174201,1791448991.801956,camera_color_optical_frame,1660,640,480,1,377.0,242.8,0.1782,0.0115,0.00434,1,1,1.000,0.6650,0.0578,-0.0026,27.80,0.00,1791448992.004599,3,0,8.2
exp4_rot_20261008_174201,1791448991.835338,camera_color_optical_frame,1661,640,480,1,377.6,242.5,0.1800,0.0104,0.00441,2,1,1.000,0.6670,0.0586,-0.0029,26.15,0.00,1791448992.046619,3,0,9.6
exp4_rot_20261008_174201,1791448991.868720,camera_color_optical_frame,1662,640,480,1,378.0,242.2,0.1812,0.0094,0.00446,2,1,1.000,0.6670,0.0590,-0.0032,12.48,0.00,1791448992.072574,3,0,9.6
exp4_rot_20261008_174201,1791448991.902102,camera_color_optical_frame,1663,640,480,1,378.4,242.5,0.1825,0.0105,0.00440,2,1,1.000,0.6650,0.0593,-0.0029,13.80,0.00,1791448992.104005,3,0,8.2
exp4_rot_20261008_174201,1791448991.935485,camera_color_optical_frame,1664,640,480,1,379.2,243.0,0.1851,0.0123,0.00437,2,1,1.000,0.6640,0.0601,-0.0024,13.48,0.00,1791448992.148053,3,0,8.2
exp4_rot_20261008_174201,1791448991.968867,camera_color_optical_frame,1665,640,480,1,380.2,242.9,0.1881,0.0121,0.00443,2,1,1.000,0.6640,0.0612,-0.0025,15.09,0.00,1791448992.186608,3,0,9.6
exp4_rot_20261008_174201,1791448992.002250,camera_color_optical_frame,1666,640,480,1,381.4,243.5,0.1920,0.0146,0.00441,2,1,1.000,0.6640,0.0625,-0.0018,13.28,0.00,1791448992.223614,3,0,9.6
exp4_rot_20261008_174201,1791448992.035633,camera_color_optical_frame,1667,640,480,1,382.1,243.9,0.1939,0.0164,0.00436,2,1,1.000,0.6620,0.0630,-0.0013,14.72,0.00,1791448992.259979,3,0,9.6
exp4_rot_20261008_174201,1791448992.102399,camera_color_optical_frame,1668,640,480,1,381.2,244.4,0.1914,0.0184,0.00443,2,1,1.000,0.6650,0.0624,-0.0008,14.77,0.00,1791448992.304164,3,0,11.0
exp4_rot_20261008_174201,1791448992.135782,camera_color_optical_frame,1669,640,480,1,380.4,244.4,0.1887,0.0185,0.00438,2,1,1.000,0.6620,0.0612,-0.0008,42.39,0.00,1791448992.380085,3,0,11.0
exp4_rot_20261008_174201,1791448992.169165,camera_color_optical_frame,1670,640,480,1,379.3,244.8,0.1852,0.0199,0.00441,2,1,1.000,0.6630,0.0601,-0.0004,38.69,0.00,1791448992.444541,3,0,11.0
exp4_rot_20261008_174201,1791448992.202578,camera_color_optical_frame,1671,640,480,1,378.1,244.9,0.1816,0.0203,0.00432,2,1,1.000,0.6620,0.0587,-0.0003,29.64,0.00,1791448992.484468,3,0,11.0
exp4_rot_20261008_174201,1791448992.269289,camera_color_optical_frame,1672,640,480,1,375.0,245.1,0.1719,0.0213,0.00430,2,1,1.000,0.6640,0.0555,-0.0000,40.57,0.00,1791448992.548758,3,0,11.0
exp4_rot_20261008_174201,1791448992.302644,camera_color_optical_frame,1673,640,480,1,373.2,245.2,0.1663,0.0215,0.00433,2,1,1.000,0.6610,0.0533,0.0000,15.60,0.00,1791448992.585838,3,0,11.0
exp4_rot_20261008_174201,1791448992.335999,camera_color_optical_frame,1674,640,480,1,371.8,245.3,0.1619,0.0220,0.00437,2,1,1.000,0.6610,0.0518,0.0001,14.05,0.00,1791448992.609998,3,0,11.0
exp4_rot_20261008_174201,1791448992.402710,camera_color_optical_frame,1675,640,480,1,368.2,245.6,0.1505,0.0233,0.00442,2,1,1.000,0.6570,0.0475,0.0005,14.16,0.00,1791448992.646317,3,0,9.6
exp4_rot_20261008_174201,1791448992.436065,camera_color_optical_frame,1676,640,480,1,367.5,245.7,0.1485,0.0236,0.00437,2,1,1.000,0.6580,0.0469,0.0006,15.46,0.00,1791448992.691626,3,0,0.0
exp4_rot_20261008_174201,1791448992.502775,camera_color_optical_frame,1677,640,480,1,366.2,246.0,0.1444,0.0250,0.00446,2,1,1.000,0.6490,0.0448,0.0009,14.88,0.00,1791448992.741068,3,0,11.0
exp4_rot_20261008_174201,1791448992.536130,camera_color_optical_frame,1678,640,480,1,365.7,246.3,0.1428,0.0262,0.00440,2,1,1.000,0.6570,0.0448,0.0012,24.69,0.00,1791448992.805376,3,0,9.6
exp4_rot_20261008_174201,1791448992.636194,camera_color_optical_frame,1679,640,480,1,365.1,246.5,0.1408,0.0272,0.00445,2,1,1.000,0.6570,0.0441,0.0015,34.55,0.00,1791448992.919355,3,0,9.6
exp4_rot_20261008_174201,1791448992.736258,camera_color_optical_frame,1680,640,480,1,364.7,247.9,0.1398,0.0330,0.00435,2,0,,,,,22.81,33.35,1791448992.974081,3,0,9.6
exp4_rot_20261008_174201,1791448992.769613,camera_color_optical_frame,1681,640,480,1,364.7,248.3,0.1398,0.0348,0.00433,2,0,,,,,13.65,33.35,1791448993.008020,3,0,9.6
exp4_rot_20261008_174201,1791448992.836321,camera_color_optical_frame,1682,640,480,1,364.1,249.0,0.1377,0.0377,0.00424,2,0,,,,,17.14,66.71,1791448993.038951,3,0,9.6
exp4_rot_20261008_174201,1791448992.869676,camera_color_optical_frame,1683,640,480,1,363.1,248.8,0.1346,0.0368,0.00436,2,1,1.000,0.6620,0.0423,0.0040,18.27,0.00,1791448993.105064,3,0,8.2
exp4_rot_20261008_174201,1791448992.903030,camera_color_optical_frame,1684,640,480,1,362.8,248.9,0.1338,0.0371,0.00432,2,1,1.000,0.6590,0.0418,0.0041,16.18,0.00,1791448993.139863,3,0,6.9
exp4_rot_20261008_174201,1791448992.936384,camera_color_optical_frame,1685,640,480,1,362.3,249.2,0.1321,0.0382,0.00417,2,1,1.000,0.6610,0.0414,0.0044,13.10,0.00,1791448993.174236,3,0,6.9
exp4_rot_20261008_174201,1791448992.969738,camera_color_optical_frame,1686,640,480,1,361.0,249.6,0.1280,0.0401,0.00436,2,1,1.000,0.6600,0.0399,0.0049,18.65,0.00,1791448993.221768,3,0,8.2
exp4_rot_20261008_174201,1791448993.036447,camera_color_optical_frame,1687,640,480,1,360.7,251.2,0.1273,0.0468,0.00433,2,1,1.000,0.6630,0.0398,0.0067,21.21,0.00,1791448993.263964,3,0,8.2
exp4_rot_20261008_174201,1791448993.069801,camera_color_optical_frame,1688,640,480,1,360.3,251.6,0.1258,0.0483,0.00417,2,1,1.000,0.6600,0.0391,0.0070,19.97,0.00,1791448993.300199,3,0,6.9
exp4_rot_20261008_174201,1791448993.136508,camera_color_optical_frame,1689,640,480,1,356.2,251.3,0.1130,0.0472,0.00413,2,1,1.000,0.6620,0.0348,0.0068,19.88,0.00,1791448993.340082,3,0,6.9
exp4_rot_20261008_174201,1791448993.169862,camera_color_optical_frame,1690,640,480,1,354.1,250.8,0.1066,0.0449,0.00408,2,1,1.000,0.6610,0.0324,0.0062,14.66,0.00,1791448993.374946,3,0,6.9
exp4_rot_20261008_174201,1791448993.203216,camera_color_optical_frame,1691,640,480,1,351.2,250.1,0.0975,0.0423,0.00415,2,1,1.000,0.6600,0.0292,0.0055,21.38,0.00,1791448993.440770,3,0,8.2
exp4_rot_20261008_174201,1791448993.236572,camera_color_optical_frame,1692,640,480,1,348.9,250.0,0.0904,0.0417,0.00426,2,1,1.000,0.6620,0.0268,0.0053,15.79,0.00,1791448993.468878,3,0,8.2
exp4_rot_20261008_174201,1791448993.269927,camera_color_optical_frame,1693,640,480,1,346.7,250.4,0.0834,0.0432,0.00433,2,1,1.000,0.6650,0.0245,0.0057,15.65,0.00,1791448993.498205,3,0,8.2
exp4_rot_20261008_174201,1791448993.336638,camera_color_optical_frame,1694,640,480,1,344.5,251.8,0.0766,0.0492,0.00424,2,1,1.000,0.6560,0.0218,0.0072,14.28,0.00,1791448993.536640,3,0,6.9
exp4_rot_20261008_174201,1791448993.369993,camera_color_optical_frame,1695,640,480,1,343.2,252.0,0.0727,0.0501,0.00435,2,1,1.000,0.6570,0.0205,0.0075,30.66,0.00,1791448993.594673,3,0,6.9
exp4_rot_20261008_174201,1791448993.403349,camera_color_optical_frame,1696,640,480,1,342.5,253.5,0.0703,0.0563,0.00429,2,1,1.000,0.6590,0.0197,0.0091,39.20,0.00,1791448993.659412,3,0,6.9
exp4_rot_20261008_174201,1791448993.470060,camera_color_optical_frame,1697,640,480,1,339.8,256.0,0.0617,0.0666,0.00424,2,0,,,,,30.80,33.36,1791448993.730286,3,0,6.9
exp4_rot_20261008_174201,1791448993.503415,camera_color_optical_frame,1698,640,480,1,338.6,257.3,0.0581,0.0721,0.00432,2,0,,,,,27.91,33.36,1791448993.787452,3,0,6.9
exp4_rot_20261008_174201,1791448993.570126,camera_color_optical_frame,1699,640,480,1,334.2,259.1,0.0443,0.0794,0.00417,2,0,,,,,19.36,66.71,1791448993.831536,3,0,5.5
exp4_rot_20261008_174201,1791448993.636837,camera_color_optical_frame,1700,640,480,1,326.7,259.0,0.0211,0.0790,0.00422,2,0,,,,,19.19,66.71,1791448993.878657,3,0,5.5
exp4_rot_20261008_174201,1791448993.670192,camera_color_optical_frame,1701,640,480,1,321.9,259.1,0.0060,0.0797,0.00406,2,0,,,,,9.62,33.36,1791448993.942605,3,0,4.1
exp4_rot_20261008_174201,1791448993.736903,camera_color_optical_frame,1702,640,480,1,310.8,258.0,-0.0286,0.0752,0.00407,2,0,,,,,12.53,66.71,1791448993.977999,3,0,4.1
exp4_rot_20261008_174201,1791448993.770258,camera_color_optical_frame,1703,640,480,1,304.4,257.6,-0.0489,0.0733,0.00409,2,0,,,,,8.24,33.36,1791448993.999375,3,0,4.1
exp4_rot_20261008_174201,1791448993.803614,camera_color_optical_frame,1704,640,480,1,297.7,256.2,-0.0698,0.0674,0.00392,2,1,1.000,0.6560,-0.0289,0.0120,19.27,0.00,1791448994.063323,3,0,4.1
exp4_rot_20261008_174201,1791448993.870325,camera_color_optical_frame,1705,640,480,1,281.6,251.4,-0.1200,0.0477,0.00396,2,1,1.000,0.6570,-0.0464,0.0068,16.77,0.00,1791448994.096998,3,0,2.8
exp4_rot_20261008_174201,1791448993.903680,camera_color_optical_frame,1706,640,480,1,272.7,249.7,-0.1477,0.0405,0.00403,2,1,1.000,0.6520,-0.0556,0.0049,18.58,0.00,1791448994.133189,3,0,4.1
exp4_rot_20261008_174201,1791448993.937035,camera_color_optical_frame,1707,640,480,1,264.7,248.2,-0.1728,0.0340,0.00423,2,1,1.000,0.6520,-0.0642,0.0033,25.62,0.00,1791448994.205702,3,0,2.8
exp4_rot_20261008_174201,1791448993.970391,camera_color_optical_frame,1708,640,480,1,257.3,245.9,-0.1961,0.0246,0.00424,2,1,1.000,0.6460,-0.0716,0.0008,28.19,0.00,1791448994.248645,3,0,2.8
exp4_rot_20261008_174201,1791448994.037102,camera_color_optical_frame,1709,640,480,1,244.7,241.8,-0.2353,0.0074,0.00450,2,1,1.000,0.6420,-0.0844,-0.0036,21.95,0.00,1791448994.288591,3,0,2.8
exp4_rot_20261008_174201,1791448994.070457,camera_color_optical_frame,1710,640,480,1,239.4,239.6,-0.2518,-0.0018,0.00458,2,1,1.000,0.6440,-0.0903,-0.0059,33.00,0.00,1791448994.358505,3,0,0.0
exp4_rot_20261008_174201,1791448994.103812,camera_color_optical_frame,1711,640,480,1,234.8,237.2,-0.2663,-0.0116,0.00462,2,1,1.000,0.6420,-0.0949,-0.0084,16.13,0.00,1791448994.403723,3,0,6.9
exp4_rot_20261008_174201,1791448994.203870,camera_color_optical_frame,1712,640,480,1,222.0,232.2,-0.3064,-0.0325,0.00487,2,0,,,,,9.82,33.35,1791448994.432947,3,0,8.2
exp4_rot_20261008_174201,1791448994.270563,camera_color_optical_frame,1713,640,480,1,217.6,230.8,-0.3200,-0.0384,0.00490,2,1,1.000,0.6400,-0.1128,-0.0152,32.06,0.00,1791448994.498112,3,0,11.0
exp4_rot_20261008_174201,1791448994.303910,camera_color_optical_frame,1714,640,480,1,216.5,230.5,-0.3234,-0.0398,0.00502,2,1,1.000,0.6380,-0.1136,-0.0155,21.09,0.00,1791448994.534657,3,0,11.0
exp4_rot_20261008_174201,1791448994.370602,camera_color_optical_frame,1715,640,480,1,217.1,230.2,-0.3215,-0.0408,0.00513,2,1,1.000,0.6380,-0.1130,-0.0157,19.57,0.00,1791448994.567891,3,0,12.4
exp4_rot_20261008_174201,1791448994.403948,camera_color_optical_frame,1716,640,480,1,218.0,229.6,-0.3186,-0.0434,0.00521,2,1,1.000,0.6400,-0.1123,-0.0164,22.85,0.00,1791448994.604916,3,0,12.4
exp4_rot_20261008_174201,1791448994.437294,camera_color_optical_frame,1717,640,480,1,219.3,229.7,-0.3148,-0.0430,0.00527,2,1,1.000,0.6380,-0.1107,-0.0163,19.12,0.00,1791448994.638385,3,0,13.7
exp4_rot_20261008_174201,1791448994.470640,camera_color_optical_frame,1718,640,480,1,220.5,229.5,-0.3110,-0.0436,0.00521,2,1,1.000,0.6400,-0.1098,-0.0165,14.78,0.00,1791448994.663257,3,0,13.7
exp4_rot_20261008_174201,1791448994.503986,camera_color_optical_frame,1719,640,480,1,221.3,229.4,-0.3085,-0.0443,0.00520,2,1,1.000,0.6390,-0.1087,-0.0166,12.81,0.00,1791448994.701630,3,0,15.1
exp4_rot_20261008_174201,1791448994.537332,camera_color_optical_frame,1720,640,480,1,222.3,229.3,-0.3053,-0.0447,0.00519,2,1,1.000,0.6400,-0.1078,-0.0168,12.13,0.00,1791448994.733067,3,0,16.5
exp4_rot_20261008_174201,1791448994.570677,camera_color_optical_frame,1721,640,480,1,223.8,229.4,-0.3006,-0.0442,0.00512,2,1,1.000,0.6400,-0.1062,-0.0166,14.48,0.00,1791448994.773625,3,0,19.2
exp4_rot_20261008_174201,1791448994.604023,camera_color_optical_frame,1722,640,480,1,226.7,230.1,-0.2915,-0.0413,0.00497,2,1,1.000,0.6420,-0.1035,-0.0160,14.49,0.00,1791448994.819430,3,0,19.2
exp4_rot_20261008_174201,1791448994.637368,camera_color_optical_frame,1723,640,480,1,230.5,230.5,-0.2797,-0.0397,0.00488,2,1,1.000,0.6420,-0.0995,-0.0155,11.11,0.00,1791448994.856096,3,0,19.2
exp4_rot_20261008_174201,1791448994.670713,camera_color_optical_frame,1724,640,480,1,233.8,230.4,-0.2695,-0.0398,0.00486,2,1,1.000,0.6420,-0.0960,-0.0156,13.95,0.00,1791448994.899263,3,0,17.9
exp4_rot_20261008_174201,1791448994.737403,camera_color_optical_frame,1725,640,480,1,241.2,230.4,-0.2463,-0.0399,0.00473,2,1,1.000,0.6450,-0.0886,-0.0157,29.62,0.00,1791448994.967782,3,0,17.9
exp4_rot_20261008_174201,1791448994.770748,camera_color_optical_frame,1726,640,480,1,245.3,230.5,-0.2335,-0.0398,0.00472,2,1,1.000,0.6470,-0.0845,-0.0157,21.40,0.00,1791448994.999418,3,0,17.9
exp4_rot_20261008_174201,1791448994.804093,camera_color_optical_frame,1727,640,480,1,248.9,230.2,-0.2223,-0.0409,0.00465,2,1,1.000,0.6480,-0.0807,-0.0160,25.82,0.00,1791448995.037925,3,0,17.9
exp4_rot_20261008_174201,1791448994.837438,camera_color_optical_frame,1728,640,480,1,252.4,229.8,-0.2111,-0.0427,0.00465,2,1,1.000,0.6480,-0.0769,-0.0165,21.48,0.00,1791448995.070660,3,0,17.9
exp4_rot_20261008_174201,1791448994.904127,camera_color_optical_frame,1729,640,480,1,259.7,228.7,-0.1884,-0.0473,0.00461,2,1,1.000,0.6520,-0.0696,-0.0177,23.85,0.00,1791448995.106909,3,0,17.9
exp4_rot_20261008_174201,1791448994.937471,camera_color_optical_frame,1730,640,480,1,262.9,227.9,-0.1785,-0.0506,0.00461,2,1,1.000,0.6500,-0.0660,-0.0185,26.92,0.00,1791448995.147447,3,0,16.5
exp4_rot_20261008_174201,1791448994.970815,camera_color_optical_frame,1731,640,480,1,265.5,227.3,-0.1702,-0.0528,0.00473,2,1,1.000,0.6500,-0.0631,-0.0191,26.25,0.00,1791448995.181986,3,0,16.5
exp4_rot_20261008_174201,1791448995.004159,camera_color_optical_frame,1732,640,480,1,268.1,227.1,-0.1622,-0.0539,0.00474,2,1,1.000,0.6540,-0.0607,-0.0195,13.56,0.00,1791448995.205751,3,0,16.5
exp4_rot_20261008_174201,1791448995.037503,camera_color_optical_frame,1733,640,480,1,270.9,226.8,-0.1534,-0.0551,0.00484,2,1,1.000,0.6520,-0.0575,-0.0198,12.66,0.00,1791448995.237430,3,0,16.5
exp4_rot_20261008_174201,1791448995.070847,camera_color_optical_frame,1734,640,480,1,273.9,225.7,-0.1442,-0.0594,0.00490,2,1,1.000,0.6520,-0.0543,-0.0209,14.92,0.00,1791448995.288207,3,0,12.4
exp4_rot_20261008_174201,1791448995.104191,camera_color_optical_frame,1735,640,480,1,276.7,225.3,-0.1354,-0.0612,0.00488,2,1,1.000,0.6530,-0.0514,-0.0214,13.87,0.00,1791448995.323261,3,0,11.0
exp4_rot_20261008_174201,1791448995.170879,camera_color_optical_frame,1736,640,480,1,282.0,224.1,-0.1186,-0.0664,0.00491,2,1,1.000,0.6500,-0.0454,-0.0226,12.74,0.00,1791448995.361534,3,0,9.6
exp4_rot_20261008_174201,1791448995.204243,camera_color_optical_frame,1737,640,480,1,284.5,223.3,-0.1109,-0.0698,0.00493,2,1,1.000,0.6520,-0.0429,-0.0236,15.42,0.00,1791448995.404879,3,0,9.6
exp4_rot_20261008_174201,1791448995.237707,camera_color_optical_frame,1738,640,480,1,286.7,222.6,-0.1041,-0.0724,0.00497,2,1,1.000,0.6540,-0.0407,-0.0243,14.45,0.00,1791448995.442598,3,0,9.6
exp4_rot_20261008_174201,1791448995.271038,camera_color_optical_frame,1739,640,480,1,288.9,222.4,-0.0972,-0.0735,0.00498,2,1,1.000,0.6540,-0.0383,-0.0246,39.54,0.00,1791448995.509954,3,0,9.6
exp4_rot_20261008_174201,1791448995.304369,camera_color_optical_frame,1740,640,480,1,291.0,222.9,-0.0907,-0.0712,0.00497,2,1,1.000,0.6540,-0.0360,-0.0240,22.10,0.00,1791448995.544365,3,0,9.6
exp4_rot_20261008_174201,1791448995.337700,camera_color_optical_frame,1741,640,480,1,292.8,223.6,-0.0849,-0.0683,0.00486,2,1,1.000,0.6530,-0.0340,-0.0232,16.34,0.00,1791448995.594898,3,0,0.0
exp4_rot_20261008_174201,1791448995.404361,camera_color_optical_frame,1742,640,480,1,298.2,225.5,-0.0682,-0.0603,0.00475,2,1,1.000,0.6550,-0.0283,-0.0212,16.05,0.00,1791448995.640693,3,0,5.5
exp4_rot_20261008_174201,1791448995.437692,camera_color_optical_frame,1743,640,480,1,301.6,226.4,-0.0575,-0.0565,0.00480,1,1,1.000,0.6550,-0.0246,-0.0202,13.74,0.00,1791448995.677766,3,0,5.5
exp4_rot_20261008_174201,1791448995.471022,camera_color_optical_frame,1744,640,480,1,305.0,227.9,-0.0468,-0.0503,0.00475,1,1,1.000,0.6580,-0.0210,-0.0187,29.44,0.00,1791448995.737045,3,0,0.0
exp4_rot_20261008_174201,1791448995.504352,camera_color_optical_frame,1745,640,480,1,308.3,229.7,-0.0365,-0.0429,0.00476,1,1,1.000,0.6620,-0.0175,-0.0169,27.51,0.00,1791448995.796040,3,0,5.5
exp4_rot_20261008_174201,1791448995.571012,camera_color_optical_frame,1746,640,480,1,315.4,233.8,-0.0143,-0.0256,0.00475,1,1,1.000,0.6560,-0.0097,-0.0122,23.69,0.00,1791448995.839784,3,0,5.5
exp4_rot_20261008_174201,1791448995.637671,camera_color_optical_frame,1747,640,480,1,322.9,237.5,0.0092,-0.0106,0.00475,1,1,1.000,0.6590,-0.0016,-0.0084,17.98,0.00,1791448995.885245,3,0,5.5
exp4_rot_20261008_174201,1791448995.704330,camera_color_optical_frame,1748,640,480,1,331.6,240.7,0.0361,0.0028,0.00468,1,0,,,,,12.39,33.33,1791448995.923057,3,0,5.5
exp4_rot_20261008_174201,1791448995.737659,camera_color_optical_frame,1749,640,480,1,336.4,242.3,0.0512,0.0095,0.00472,1,1,1.000,0.6550,0.0130,-0.0031,15.35,0.00,1791448995.963387,3,0,4.1
exp4_rot_20261008_174201,1791448995.804317,camera_color_optical_frame,1750,640,480,1,345.6,245.1,0.0800,0.0214,0.00464,1,1,1.000,0.6620,0.0232,-0.0000,17.08,0.00,1791448996.002938,3,0,1.4
exp4_rot_20261008_174201,1791448995.837645,camera_color_optical_frame,1751,640,480,1,349.1,245.8,0.0911,0.0240,0.00468,1,1,1.000,0.6590,0.0269,0.0007,15.94,0.00,1791448996.030305,3,0,2.8
exp4_rot_20261008_174201,1791448995.870974,camera_color_optical_frame,1752,640,480,1,352.8,245.6,0.1026,0.0234,0.00463,1,1,1.000,0.6630,0.0312,0.0005,12.84,0.00,1791448996.055946,3,0,2.8
exp4_rot_20261008_174201,1791448995.904302,camera_color_optical_frame,1753,640,480,1,358.4,246.1,0.1200,0.0252,0.00457,1,1,1.000,0.6610,0.0371,0.0010,14.01,0.00,1791448996.088613,3,0,1.4
exp4_rot_20261008_174201,1791448995.937630,camera_color_optical_frame,1754,640,480,1,364.5,246.6,0.1391,0.0274,0.00449,1,1,1.000,0.6620,0.0439,0.0016,15.78,0.00,1791448996.123368,3,0,0.0
exp4_rot_20261008_174201,1791448995.970958,camera_color_optical_frame,1755,640,480,1,370.2,247.1,0.1570,0.0296,0.00454,1,1,1.000,0.6590,0.0499,0.0021,14.24,0.00,1791448996.155275,3,0,0.0
exp4_rot_20261008_174201,1791448996.004286,camera_color_optical_frame,1756,640,480,1,375.6,248.0,0.1736,0.0334,0.00449,1,1,1.000,0.6620,0.0559,0.0031,21.70,0.00,1791448996.194201,3,0,0.0
exp4_rot_20261008_174201,1791448996.037613,camera_color_optical_frame,1757,640,480,1,381.5,248.6,0.1922,0.0359,0.00442,1,1,1.000,0.6630,0.0625,0.0038,42.25,0.00,1791448996.261747,3,0,0.0
exp4_rot_20261008_174201,1791448996.104268,camera_color_optical_frame,1758,640,480,1,393.6,249.8,0.2301,0.0409,0.00445,1,0,,,,,14.33,33.33,1791448996.298337,3,0,1.4
exp4_rot_20261008_174201,1791448996.137595,camera_color_optical_frame,1759,640,480,1,398.1,250.3,0.2442,0.0428,0.00446,1,0,,,,,26.01,33.33,1791448996.339096,3,0,2.8
exp4_rot_20261008_174201,1791448996.204248,camera_color_optical_frame,1760,640,480,1,407.1,251.3,0.2721,0.0472,0.00445,1,0,,,,,21.70,66.65,1791448996.396163,3,0,4.1
exp4_rot_20261008_174201,1791448996.237575,camera_color_optical_frame,1761,640,480,1,411.0,252.2,0.2844,0.0507,0.00442,1,0,,,,,17.60,66.65,1791448996.429039,3,0,5.5
exp4_rot_20261008_174201,1791448996.270918,camera_color_optical_frame,1762,640,480,1,413.5,252.7,0.2923,0.0528,0.00441,1,0,,,,,14.14,66.67,1791448996.465942,3,0,5.5
exp4_rot_20261008_174201,1791448996.304260,camera_color_optical_frame,1763,640,480,1,415.7,253.1,0.2989,0.0545,0.00441,1,0,,,,,14.21,66.69,1791448996.496425,3,0,5.5
exp4_rot_20261008_174201,1791448996.337603,camera_color_optical_frame,1764,640,480,0,,,0.0000,0.0000,0.00000,1,0,,,,,12.12,0.00,1791448996.534601,,0,9.6
exp4_rot_20261008_174201,1791448996.370945,camera_color_optical_frame,1765,640,480,0,,,0.0000,0.0000,0.00000,1,0,,,,,15.32,0.00,1791448996.568738,,0,9.6
exp4_rot_20261008_174201,1791448996.404287,camera_color_optical_frame,1766,640,480,0,,,0.0000,0.0000,0.00000,1,0,,,,,9.66,0.00,1791448996.618135,,0,15.1
exp4_rot_20261008_174201,1791448996.437629,camera_color_optical_frame,1767,640,480,0,,,0.0000,0.0000,0.00000,2,0,,,,,11.20,0.00,1791448996.668659,,0,16.5
exp4_rot_20261008_174201,1791448996.470971,camera_color_optical_frame,1768,640,480,0,,,0.0000,0.0000,0.00000,2,0,,,,,12.98,0.00,1791448996.715147,,0,0.0
exp4_rot_20261008_174201,1791448996.504313,camera_color_optical_frame,1769,640,480,0,,,0.0000,0.0000,0.00000,2,0,,,,,12.13,0.00,1791448996.753407,,0,6.9
exp4_rot_20261008_174201,1791448996.537654,camera_color_optical_frame,1770,640,480,0,,,0.0000,0.0000,0.00000,2,0,,,,,11.73,0.00,1791448996.789758,,0,0.0
exp4_rot_20261008_174201,1791448996.604337,camera_color_optical_frame,1771,640,480,0,,,0.0000,0.0000,0.00000,2,0,,,,,12.10,0.00,1791448996.829436,,0,0.0
exp4_rot_20261008_174201,1791448996.671020,camera_color_optical_frame,1772,640,480,0,,,0.0000,0.0000,0.00000,2,0,,,,,10.22,0.00,1791448996.858361,,0,0.0
exp4_rot_20261008_174201,1791448996.704360,camera_color_optical_frame,1773,640,480,0,,,0.0000,0.0000,0.00000,2,0,,,,,12.35,0.00,1791448996.895364,,0,0.0
exp4_rot_20261008_174201,1791448996.804382,camera_color_optical_frame,1774,640,480,1,429.9,261.4,0.3434,0.0893,0.00421,2,0,,,,,10.05,66.68,1791448996.930215,7,0,0.0
exp4_rot_20261008_174201,1791448996.871063,camera_color_optical_frame,1775,640,480,1,437.9,262.7,0.3685,0.0945,0.00421,2,0,,,,,12.14,133.36,1791448996.954300,7,0,0.0
exp4_rot_20261008_174201,1791448996.904403,camera_color_optical_frame,1776,640,480,1,441.6,263.1,0.3801,0.0961,0.00430,2,1,1.000,0.6580,0.1274,0.0195,13.91,0.00,1791448996.993847,7,0,0.0
exp4_rot_20261008_174201,1791448996.937743,camera_color_optical_frame,1777,640,480,1,444.6,263.9,0.3894,0.0994,0.00432,2,1,1.000,0.6570,0.1304,0.0203,15.84,0.00,1791448997.030055,7,0,0.0
exp4_rot_20261008_174201,1791448996.971083,camera_color_optical_frame,1778,640,480,1,446.7,263.6,0.3958,0.0982,0.00435,2,1,1.000,0.6590,0.1330,0.0201,13.45,0.00,1791448997.063747,7,0,0.0
exp4_rot_20261008_174201,1791448997.004423,camera_color_optical_frame,1779,640,480,1,447.6,263.3,0.3988,0.0973,0.00424,2,1,1.000,0.6610,0.1345,0.0199,12.04,0.00,1791448997.094314,7,0,0.0
exp4_rot_20261008_174201,1791448997.037763,camera_color_optical_frame,1780,640,480,1,447.0,262.6,0.3967,0.0942,0.00422,2,1,1.000,0.6670,0.1350,0.0192,14.10,0.00,1791448997.131012,7,0,0.0
exp4_rot_20261008_174201,1791448997.071102,camera_color_optical_frame,1781,640,480,1,442.9,259.9,0.3841,0.0829,0.00385,2,1,1.000,0.6620,0.1295,0.0161,13.22,0.00,1791448997.165122,7,0,2.8
exp4_rot_20261008_174201,1791448997.104441,camera_color_optical_frame,1782,640,480,1,433.6,256.7,0.3550,0.0694,0.00345,2,1,1.000,0.6670,0.1202,0.0127,11.59,0.00,1791448997.193599,7,0,8.2
exp4_rot_20261008_174201,1791448997.137781,camera_color_optical_frame,1783,640,480,1,421.9,252.1,0.3184,0.0505,0.00317,2,1,1.000,0.6650,0.1071,0.0077,12.42,0.00,1791448997.231025,7,0,17.9
exp4_rot_20261008_174201,1791448997.171120,camera_color_optical_frame,1784,640,480,1,409.1,246.4,0.2785,0.0268,0.00323,2,1,1.000,0.6670,0.0933,0.0014,30.41,0.00,1791448997.293450,7,0,20.6
exp4_rot_20261008_174201,1791448997.204459,camera_color_optical_frame,1785,640,480,1,395.5,241.1,0.2360,0.0045,0.00318,2,1,1.000,0.6700,0.0787,-0.0045,26.79,0.00,1791448997.334166,7,0,20.6
exp4_rot_20261008_174201,1791448997.237798,camera_color_optical_frame,1786,640,480,1,381.2,236.0,0.1914,-0.0167,0.00319,2,1,1.000,0.6740,0.0633,-0.0102,18.66,0.00,1791448997.374981,7,0,22.0
exp4_rot_20261008_174201,1791448997.271158,camera_color_optical_frame,1787,640,480,1,367.1,231.3,0.1473,-0.0363,0.00326,2,1,1.000,0.6770,0.0478,-0.0155,14.03,0.00,1791448997.400650,7,0,22.0
exp4_rot_20261008_174201,1791448997.304518,camera_color_optical_frame,1788,640,480,1,353.2,228.9,0.1038,-0.0462,0.00338,2,1,1.000,0.6710,0.0319,-0.0180,19.74,0.00,1791448997.448394,7,0,20.6
exp4_rot_20261008_174201,1791448997.337849,camera_color_optical_frame,1789,640,480,1,339.7,226.9,0.0616,-0.0545,0.00355,2,1,1.000,0.6700,0.0170,-0.0202,14.73,0.00,1791448997.505044,7,0,17.9
exp4_rot_20261008_174201,1791448997.371180,camera_color_optical_frame,1790,640,480,1,328.0,224.4,0.0249,-0.0649,0.00369,2,1,1.000,0.6680,0.0040,-0.0228,43.57,0.00,1791448997.581975,7,0,12.4
exp4_rot_20261008_174201,1791448997.537832,camera_color_optical_frame,1791,640,480,1,301.0,226.2,-0.0595,-0.0575,0.00438,2,0,,,,,10.25,133.32,1791448997.607627,7,0,11.0
exp4_rot_20261008_174201,1791448997.571162,camera_color_optical_frame,1792,640,480,1,301.8,227.7,-0.0569,-0.0511,0.00438,2,1,1.000,0.6640,-0.0247,-0.0191,14.18,0.00,1791448997.667217,7,0,5.5
exp4_rot_20261008_174201,1791448997.604492,camera_color_optical_frame,1793,640,480,1,303.2,229.4,-0.0525,-0.0442,0.00435,2,1,1.000,0.6620,-0.0231,-0.0172,13.49,0.00,1791448997.700650,7,0,5.5
exp4_rot_20261008_174201,1791448997.737808,camera_color_optical_frame,1794,640,480,1,317.2,237.1,-0.0086,-0.0121,0.00415,2,0,,,,,8.49,99.99,1791448997.822632,7,0,5.5
exp4_rot_20261008_174201,1791448997.771137,camera_color_optical_frame,1795,640,480,1,321.6,238.5,0.0049,-0.0062,0.00427,2,0,,,,,11.64,99.99,1791448997.842039,7,0,4.1
exp4_rot_20261008_174201,1791448997.804465,camera_color_optical_frame,1796,640,480,1,324.1,238.9,0.0128,-0.0045,0.00425,2,1,1.000,0.6640,-0.0003,-0.0068,12.96,0.00,1791448997.890092,7,0,2.8
exp4_rot_20261008_174201,1791448997.837793,camera_color_optical_frame,1797,640,480,1,327.6,239.0,0.0239,-0.0041,0.00418,2,1,1.000,0.6620,0.0036,-0.0067,12.14,0.00,1791448997.927563,7,0,1.4
exp4_rot_20261008_174201,1791448997.871121,camera_color_optical_frame,1798,640,480,1,331.5,239.3,0.0359,-0.0030,0.00426,2,1,1.000,0.6640,0.0078,-0.0064,12.68,0.00,1791448997.965883,7,0,2.8
exp4_rot_20261008_174201,1791448997.904449,camera_color_optical_frame,1799,640,480,1,334.1,239.6,0.0440,-0.0015,0.00428,2,1,1.000,0.6620,0.0106,-0.0060,23.06,0.00,1791448998.015707,7,0,0.0
exp4_rot_20261008_174201,1791448997.937777,camera_color_optical_frame,1800,640,480,1,336.5,239.8,0.0516,-0.0010,0.00429,2,1,1.000,0.6620,0.0133,-0.0059,25.83,0.00,1791448998.060896,7,0,0.0
exp4_rot_20261008_174201,1791448997.971104,camera_color_optical_frame,1801,640,480,1,338.5,240.0,0.0579,-0.0002,0.00428,2,1,1.000,0.6620,0.0155,-0.0057,31.72,0.00,1791448998.115693,7,0,0.0
exp4_rot_20261008_174201,1791448998.037758,camera_color_optical_frame,1802,640,480,1,342.1,239.9,0.0692,-0.0006,0.00431,2,0,,,,,15.34,33.33,1791448998.157302,7,0,0.0
exp4_rot_20261008_174201,1791448998.071085,camera_color_optical_frame,1803,640,480,1,343.5,239.9,0.0736,-0.0006,0.00432,2,1,1.000,0.6580,0.0208,-0.0057,27.88,0.00,1791448998.219341,7,0,0.0
exp4_rot_20261008_174201,1791448998.104412,camera_color_optical_frame,1804,640,480,1,344.0,239.7,0.0751,-0.0012,0.00434,2,1,1.000,0.6580,0.0213,-0.0059,37.88,0.00,1791448998.287307,7,0,0.0
exp4_rot_20261008_174201,1791448998.171064,camera_color_optical_frame,1805,640,480,1,343.5,239.9,0.0736,-0.0003,0.00433,2,0,,,,,16.56,33.33,1791448998.323421,7,0,0.0
exp4_rot_20261008_174201,1791448998.204390,camera_color_optical_frame,1806,640,480,1,344.5,240.0,0.0766,-0.0002,0.00434,2,1,1.000,0.6570,0.0219,-0.0056,41.51,0.00,1791448998.408020,7,0,2.8
exp4_rot_20261008_174201,1791448998.271042,camera_color_optical_frame,1807,640,480,1,344.8,241.1,0.0774,0.0044,0.00431,2,1,1.000,0.6570,0.0221,-0.0044,31.46,0.00,1791448998.470774,7,0,2.8
exp4_rot_20261008_174201,1791448998.337714,camera_color_optical_frame,1808,640,480,1,344.9,242.7,0.0778,0.0114,0.00430,2,0,,,,,12.26,33.34,1791448998.516924,7,0,1.4
exp4_rot_20261008_174201,1791448998.371050,camera_color_optical_frame,1809,640,480,1,345.4,243.6,0.0793,0.0150,0.00428,2,1,1.000,0.6630,0.0230,-0.0017,16.80,0.00,1791448998.562996,7,0,4.1
exp4_rot_20261008_174201,1791448998.404386,camera_color_optical_frame,1810,640,480,1,345.9,244.4,0.0809,0.0183,0.00423,2,1,1.000,0.6620,0.0235,-0.0008,16.52,0.00,1791448998.594280,7,0,4.1
exp4_rot_20261008_174201,1791448998.437722,camera_color_optical_frame,1811,640,480,1,346.1,245.4,0.0816,0.0223,0.00422,2,0,,,,,14.40,33.34,1791448998.619994,7,0,4.1
exp4_rot_20261008_174201,1791448998.504393,camera_color_optical_frame,1812,640,480,1,346.9,246.8,0.0841,0.0285,0.00428,2,0,,,,,15.36,100.01,1791448998.649978,7,0,4.1
exp4_rot_20261008_174201,1791448998.537729,camera_color_optical_frame,1813,640,480,1,346.9,247.5,0.0842,0.0313,0.00427,2,0,,,,,11.13,133.34,1791448998.668114,7,0,4.1
exp4_rot_20261008_174201,1791448998.571065,camera_color_optical_frame,1814,640,480,1,347.0,248.1,0.0845,0.0339,0.00418,2,0,,,,,11.20,166.68,1791448998.686974,7,0,2.8
exp4_rot_20261008_174201,1791448998.604400,camera_color_optical_frame,1815,640,480,1,347.4,248.6,0.0858,0.0360,0.00420,2,0,,,,,9.08,200.01,1791448998.705883,7,0,2.8
exp4_rot_20261008_174201,1791448998.637736,camera_color_optical_frame,1816,640,480,1,347.9,249.4,0.0873,0.0390,0.00420,2,1,1.000,0.6640,0.0258,0.0046,17.39,0.00,1791448998.752679,7,0,2.8
exp4_rot_20261008_174201,1791448998.671071,camera_color_optical_frame,1817,640,480,1,348.0,249.6,0.0876,0.0401,0.00422,2,1,1.000,0.6660,0.0260,0.0049,13.56,0.00,1791448998.790753,7,0,4.1
exp4_rot_20261008_174201,1791448998.704406,camera_color_optical_frame,1818,640,480,1,348.0,250.1,0.0874,0.0420,0.00419,2,1,1.000,0.6660,0.0260,0.0054,12.07,0.00,1791448998.822498,7,0,4.1
exp4_rot_20261008_174201,1791448998.737741,camera_color_optical_frame,1819,640,480,1,348.1,250.4,0.0877,0.0435,0.00415,2,1,1.000,0.6640,0.0260,0.0058,15.16,0.00,1791448998.860117,7,0,4.1
exp4_rot_20261008_174201,1791448998.771076,camera_color_optical_frame,1820,640,480,1,348.1,250.6,0.0880,0.0440,0.00417,2,1,1.000,0.6670,0.0262,0.0060,17.62,0.00,1791448998.893766,7,0,4.1
exp4_rot_20261008_174201,1791448998.804411,camera_color_optical_frame,1821,640,480,1,348.3,250.9,0.0886,0.0452,0.00416,2,0,,,,,14.15,33.33,1791448998.920485,7,0,4.1
exp4_rot_20261008_174201,1791448998.837746,camera_color_optical_frame,1822,640,480,1,348.5,250.9,0.0891,0.0455,0.00416,2,1,1.000,0.6650,0.0265,0.0064,17.99,0.00,1791448998.950769,7,0,4.1
exp4_rot_20261008_174201,1791448998.871081,camera_color_optical_frame,1823,640,480,1,348.8,250.6,0.0901,0.0442,0.00421,2,1,1.000,0.6690,0.0270,0.0060,16.91,0.00,1791448998.981266,7,0,4.1
exp4_rot_20261008_174201,1791448998.904415,camera_color_optical_frame,1824,640,480,1,349.2,250.3,0.0911,0.0429,0.00420,2,1,1.000,0.6710,0.0275,0.0057,14.46,0.00,1791448999.006320,7,0,4.1
exp4_rot_20261008_174201,1791448998.937750,camera_color_optical_frame,1825,640,480,1,349.7,250.0,0.0929,0.0416,0.00415,2,1,1.000,0.6710,0.0281,0.0054,22.52,0.00,1791448999.050561,7,0,4.1
exp4_rot_20261008_174201,1791448998.971084,camera_color_optical_frame,1826,640,480,1,350.0,249.4,0.0937,0.0391,0.00416,2,1,1.000,0.6740,0.0285,0.0047,17.51,0.00,1791448999.081502,7,0,4.1
exp4_rot_20261008_174201,1791448999.004418,camera_color_optical_frame,1827,640,480,1,350.0,248.9,0.0937,0.0371,0.00411,2,1,1.000,0.6750,0.0285,0.0042,14.63,0.00,1791448999.119047,7,0,4.1
exp4_rot_20261008_174201,1791448999.037752,camera_color_optical_frame,1828,640,480,1,349.9,248.6,0.0935,0.0359,0.00408,2,1,1.000,0.6790,0.0286,0.0039,14.82,0.00,1791448999.162308,7,0,4.1
exp4_rot_20261008_174201,1791448999.071087,camera_color_optical_frame,1829,640,480,1,349.7,247.9,0.0928,0.0329,0.00409,2,1,1.000,0.6800,0.0284,0.0031,17.42,0.00,1791448999.219452,7,0,4.1
exp4_rot_20261008_174201,1791448999.104421,camera_color_optical_frame,1830,640,480,1,348.9,247.6,0.0904,0.0316,0.00405,2,1,1.000,0.6820,0.0277,0.0028,18.98,0.00,1791448999.262923,7,0,4.1
exp4_rot_20261008_174201,1791448999.137755,camera_color_optical_frame,1831,640,480,1,348.0,247.2,0.0875,0.0301,0.00403,2,1,1.000,0.6830,0.0266,0.0024,22.56,0.00,1791448999.305380,7,0,4.1
exp4_rot_20261008_174201,1791448999.171089,camera_color_optical_frame,1832,640,480,1,347.1,246.8,0.0846,0.0284,0.00401,2,1,1.000,0.6840,0.0256,0.0019,23.01,0.00,1791448999.343058,7,0,4.1
exp4_rot_20261008_174201,1791448999.204422,camera_color_optical_frame,1833,640,480,1,345.9,246.7,0.0809,0.0277,0.00400,2,1,1.000,0.6820,0.0242,0.0017,22.38,0.00,1791448999.382832,7,0,4.1
exp4_rot_20261008_174201,1791448999.237756,camera_color_optical_frame,1834,640,480,1,344.6,246.6,0.0769,0.0275,0.00396,2,1,1.000,0.6870,0.0229,0.0017,19.95,0.00,1791448999.420108,7,0,4.1
exp4_rot_20261008_174201,1791448999.271091,camera_color_optical_frame,1835,640,480,1,343.0,246.6,0.0718,0.0274,0.00395,2,1,1.000,0.6875,0.0211,0.0016,19.85,0.00,1791448999.457975,7,0,4.1
exp4_rot_20261008_174201,1791448999.337779,camera_color_optical_frame,1836,640,480,1,338.6,246.7,0.0581,0.0279,0.00394,2,0,,,,,13.93,33.34,1791448999.491381,7,0,4.1
exp4_rot_20261008_174201,1791448999.371124,camera_color_optical_frame,1837,640,480,1,336.1,246.6,0.0502,0.0277,0.00393,2,0,,,,,12.27,33.34,1791448999.520332,7,0,4.1
exp4_rot_20261008_174201,1791448999.404468,camera_color_optical_frame,1838,640,480,1,332.9,246.7,0.0402,0.0281,0.00388,2,1,1.000,0.6870,0.0096,0.0018,15.31,0.00,1791448999.564906,7,0,5.5
exp4_rot_20261008_174201,1791448999.437812,camera_color_optical_frame,1839,640,480,1,329.4,246.3,0.0294,0.0263,0.00394,2,1,1.000,0.6860,0.0057,0.0013,17.73,0.00,1791448999.605139,7,0,4.1
exp4_rot_20261008_174201,1791448999.471156,camera_color_optical_frame,1840,640,480,1,325.5,246.2,0.0173,0.0259,0.00391,2,1,1.000,0.6840,0.0013,0.0012,13.25,0.00,1791448999.635443,7,0,5.5
exp4_rot_20261008_174201,1791448999.504499,camera_color_optical_frame,1841,640,480,1,321.3,245.8,0.0040,0.0243,0.00393,2,1,1.000,0.6890,-0.0035,0.0008,22.13,0.00,1791448999.680118,7,0,4.1
exp4_rot_20261008_174201,1791448999.537843,camera_color_optical_frame,1842,640,480,1,317.2,245.5,-0.0087,0.0228,0.00390,2,1,1.000,0.6870,-0.0081,0.0004,20.46,0.00,1791448999.728648,7,0,5.5
exp4_rot_20261008_174201,1791448999.571186,camera_color_optical_frame,1843,640,480,1,312.9,245.2,-0.0223,0.0215,0.00393,2,1,1.000,0.6850,-0.0130,0.0000,28.29,0.00,1791448999.782275,7,0,4.1
exp4_rot_20261008_174201,1791448999.604530,camera_color_optical_frame,1844,640,480,1,308.6,244.6,-0.0357,0.0194,0.00396,2,1,1.000,0.6840,-0.0178,-0.0006,12.95,0.00,1791448999.814135,7,0,4.1
exp4_rot_20261008_174201,1791448999.637873,camera_color_optical_frame,1845,640,480,1,304.6,244.5,-0.0481,0.0188,0.00403,2,1,1.000,0.6840,-0.0223,-0.0007,14.68,0.00,1791448999.843776,7,0,4.1
exp4_rot_20261008_174201,1791448999.671216,camera_color_optical_frame,1846,640,480,1,301.7,244.2,-0.0572,0.0175,0.00397,2,1,1.000,0.6820,-0.0255,-0.0011,14.78,0.00,1791448999.899297,7,0,0.0
exp4_rot_20261008_174201,1791448999.704559,camera_color_optical_frame,1847,640,480,1,298.6,243.9,-0.0668,0.0164,0.00400,2,1,1.000,0.6830,-0.0290,-0.0013,14.47,0.00,1791448999.945099,7,0,0.0
exp4_rot_20261008_174201,1791448999.737902,camera_color_optical_frame,1848,640,480,1,295.5,243.7,-0.0766,0.0155,0.00400,2,1,1.000,0.6820,-0.0325,-0.0016,13.61,0.00,1791448999.986269,7,0,0.0
exp4_rot_20261008_174201,1791448999.771245,camera_color_optical_frame,1849,640,480,1,292.3,243.8,-0.0867,0.0159,0.00403,2,1,1.000,0.6790,-0.0360,-0.0015,14.20,0.00,1791449000.024976,7,0,1.4
exp4_rot_20261008_174201,1791448999.837930,camera_color_optical_frame,1850,640,480,1,286.4,243.9,-0.1050,0.0161,0.00407,2,1,1.000,0.6750,-0.0423,-0.0014,13.72,0.00,1791449000.064101,7,0,4.1
exp4_rot_20261008_174201,1791448999.871272,camera_color_optical_frame,1851,640,480,1,283.0,244.0,-0.1155,0.0167,0.00411,2,1,1.000,0.6760,-0.0461,-0.0013,15.21,0.00,1791449000.096842,7,0,4.1
exp4_rot_20261008_174201,1791448999.937957,camera_color_optical_frame,1852,640,480,1,277.3,244.0,-0.1333,0.0166,0.00423,2,1,1.000,0.6720,-0.0522,-0.0013,12.41,0.00,1791449000.139602,7,0,2.8
exp4_rot_20261008_174201,1791448999.971298,camera_color_optical_frame,1853,640,480,1,275.8,243.8,-0.1381,0.0159,0.00425,2,1,1.000,0.6710,-0.0538,-0.0015,14.23,0.00,1791449000.183536,7,0,4.1
exp4_rot_20261008_174201,1791449000.004640,camera_color_optical_frame,1854,640,480,1,274.2,243.7,-0.1433,0.0153,0.00424,2,1,1.000,0.6690,-0.0554,-0.0016,14.73,0.00,1791449000.228430,7,0,5.5
exp4_rot_20261008_174201,1791449000.037982,camera_color_optical_frame,1855,640,480,1,271.8,243.3,-0.1505,0.0137,0.00423,2,1,1.000,0.6670,-0.0578,-0.0021,13.04,0.00,1791449000.269972,7,0,5.5
exp4_rot_20261008_174201,1791449000.104665,camera_color_optical_frame,1856,640,480,1,268.2,243.1,-0.1620,0.0129,0.00430,2,1,1.000,0.6680,-0.0620,-0.0023,15.97,0.00,1791449000.321364,7,0,5.5
exp4_rot_20261008_174201,1791449000.138006,camera_color_optical_frame,1857,640,480,1,267.0,243.1,-0.1657,0.0130,0.00427,2,1,1.000,0.6700,-0.0635,-0.0022,26.40,0.00,1791449000.365046,7,0,5.5
exp4_rot_20261008_174201,1791449000.171348,camera_color_optical_frame,1858,640,480,1,266.2,243.1,-0.1682,0.0128,0.00431,2,1,1.000,0.6650,-0.0639,-0.0023,14.95,0.00,1791449000.389429,7,0,6.9
exp4_rot_20261008_174201,1791449000.204689,camera_color_optical_frame,1859,640,480,1,265.5,243.0,-0.1702,0.0125,0.00432,2,1,1.000,0.6640,-0.0645,-0.0024,13.63,0.00,1791449000.414687,7,0,6.9
exp4_rot_20261008_174201,1791449000.271360,camera_color_optical_frame,1860,640,480,1,264.8,242.5,-0.1724,0.0104,0.00431,2,1,1.000,0.6650,-0.0654,-0.0029,17.04,0.00,1791449000.460090,7,0,8.2
exp4_rot_20261008_174201,1791449000.304695,camera_color_optical_frame,1861,640,480,1,264.6,242.5,-0.1731,0.0106,0.00430,2,1,1.000,0.6640,-0.0655,-0.0029,14.67,0.00,1791449000.505033,7,0,9.6
exp4_rot_20261008_174201,1791449000.338031,camera_color_optical_frame,1862,640,480,1,264.4,242.1,-0.1737,0.0089,0.00429,2,1,1.000,0.6650,-0.0658,-0.0033,14.99,0.00,1791449000.546237,7,0,9.6
exp4_rot_20261008_174201,1791449000.371366,camera_color_optical_frame,1863,640,480,1,264.3,241.9,-0.1741,0.0080,0.00431,2,1,1.000,0.6640,-0.0658,-0.0035,15.52,0.00,1791449000.584469,7,0,9.6
exp4_rot_20261008_174201,1791449000.404700,camera_color_optical_frame,1864,640,480,1,264.3,241.8,-0.1742,0.0074,0.00432,2,1,1.000,0.6640,-0.0659,-0.0037,17.15,0.00,1791449000.624742,7,0,9.6
exp4_rot_20261008_174201,1791449000.438035,camera_color_optical_frame,1865,640,480,1,264.3,241.6,-0.1741,0.0066,0.00431,2,1,1.000,0.6640,-0.0659,-0.0039,15.89,0.00,1791449000.655594,7,0,9.6
exp4_rot_20261008_174201,1791449000.504704,camera_color_optical_frame,1866,640,480,1,264.6,241.4,-0.1730,0.0058,0.00434,2,1,1.000,0.6620,-0.0653,-0.0041,16.10,0.00,1791449000.689607,7,0,8.2
exp4_rot_20261008_174201,1791449000.538037,camera_color_optical_frame,1867,640,480,1,264.6,241.3,-0.1732,0.0056,0.00435,2,1,1.000,0.6630,-0.0654,-0.0042,17.00,0.00,1791449000.725127,7,0,9.6
exp4_rot_20261008_174201,1791449000.571371,camera_color_optical_frame,1868,640,480,1,264.7,241.3,-0.1729,0.0055,0.00435,2,1,1.000,0.6590,-0.0649,-0.0042,15.58,0.00,1791449000.760638,7,0,9.6
exp4_rot_20261008_174201,1791449000.604705,camera_color_optical_frame,1869,640,480,1,265.5,241.1,-0.1703,0.0044,0.00435,2,1,1.000,0.6590,-0.0640,-0.0044,17.28,0.00,1791449000.796040,7,0,11.0
exp4_rot_20261008_174201,1791449000.638038,camera_color_optical_frame,1870,640,480,1,266.6,241.0,-0.1670,0.0042,0.00439,2,1,1.000,0.6590,-0.0629,-0.0045,17.52,0.00,1791449000.830646,7,0,9.6
exp4_rot_20261008_174201,1791449000.671371,camera_color_optical_frame,1871,640,480,1,268.0,241.0,-0.1625,0.0043,0.00434,2,1,1.000,0.6590,-0.0613,-0.0045,13.05,0.00,1791449000.864311,7,0,9.6
exp4_rot_20261008_174201,1791449000.704704,camera_color_optical_frame,1872,640,480,1,269.4,241.1,-0.1580,0.0045,0.00436,2,1,1.000,0.6570,-0.0596,-0.0044,13.88,0.00,1791449000.896467,7,0,9.6
exp4_rot_20261008_174201,1791449000.738037,camera_color_optical_frame,1873,640,480,1,270.6,241.5,-0.1545,0.0061,0.00434,2,1,1.000,0.6590,-0.0585,-0.0040,13.19,0.00,1791449000.932208,7,0,11.0
exp4_rot_20261008_174201,1791449000.771370,camera_color_optical_frame,1874,640,480,1,271.9,241.4,-0.1503,0.0060,0.00436,2,1,1.000,0.6590,-0.0571,-0.0040,16.52,0.00,1791449000.974989,7,0,9.6
exp4_rot_20261008_174201,1791449000.804702,camera_color_optical_frame,1875,640,480,1,273.7,241.9,-0.1446,0.0078,0.00431,2,1,1.000,0.6600,-0.0552,-0.0036,28.35,0.00,1791449001.024691,7,0,9.6
exp4_rot_20261008_174201,1791449000.838035,camera_color_optical_frame,1876,640,480,1,275.8,242.3,-0.1382,0.0098,0.00435,2,1,1.000,0.6620,-0.0531,-0.0031,42.27,0.00,1791449001.078515,7,0,9.6
exp4_rot_20261008_174201,1791449000.904698,camera_color_optical_frame,1877,640,480,1,279.0,242.6,-0.1283,0.0109,0.00434,2,0,,,,,24.22,33.33,1791449001.129566,7,0,9.6
exp4_rot_20261008_174201,1791449000.971361,camera_color_optical_frame,1878,640,480,1,281.3,242.4,-0.1209,0.0100,0.00432,2,0,,,,,22.25,66.66,1791449001.176142,7,0,9.6
exp4_rot_20261008_174201,1791449001.038023,camera_color_optical_frame,1879,640,480,1,282.9,241.9,-0.1161,0.0080,0.00434,2,0,,,,,27.08,66.66,1791449001.227623,7,0,9.6
exp4_rot_20261008_174201,1791449001.071354,camera_color_optical_frame,1880,640,480,1,283.4,241.7,-0.1142,0.0070,0.00434,2,0,,,,,10.31,66.66,1791449001.247308,7,0,9.6
exp4_rot_20261008_174201,1791449001.104685,camera_color_optical_frame,1881,640,480,1,283.6,241.1,-0.1136,0.0045,0.00433,2,1,1.000,0.6630,-0.0446,-0.0044,14.85,0.00,1791449001.288912,7,0,9.6
exp4_rot_20261008_174201,1791449001.138015,camera_color_optical_frame,1882,640,480,1,283.3,240.9,-0.1145,0.0039,0.00437,2,1,1.000,0.6630,-0.0449,-0.0046,26.65,0.00,1791449001.344140,7,0,8.2
exp4_rot_20261008_174201,1791449001.171345,camera_color_optical_frame,1883,640,480,1,283.1,240.6,-0.1152,0.0025,0.00436,2,1,1.000,0.6620,-0.0450,-0.0049,29.68,0.00,1791449001.398649,7,0,8.2
exp4_rot_20261008_174201,1791449001.238027,camera_color_optical_frame,1884,640,480,1,282.8,240.1,-0.1161,0.0002,0.00439,2,0,,,,,15.18,33.35,1791449001.429336,7,0,6.9
exp4_rot_20261008_174201,1791449001.271374,camera_color_optical_frame,1885,640,480,1,282.5,239.8,-0.1172,-0.0007,0.00438,2,1,1.000,0.6640,-0.0459,-0.0058,18.02,0.00,1791449001.466516,7,0,6.9
exp4_rot_20261008_174201,1791449001.304720,camera_color_optical_frame,1886,640,480,1,282.4,239.7,-0.1174,-0.0014,0.00437,2,1,1.000,0.6610,-0.0458,-0.0060,12.13,0.00,1791449001.494260,7,0,6.9
exp4_rot_20261008_174201,1791449001.338067,camera_color_optical_frame,1887,640,480,1,282.2,239.2,-0.1183,-0.0031,0.00437,2,1,1.000,0.6630,-0.0462,-0.0065,13.50,0.00,1791449001.521960,7,0,6.9
exp4_rot_20261008_174201,1791449001.371413,camera_color_optical_frame,1888,640,480,1,282.6,239.0,-0.1169,-0.0042,0.00438,2,1,1.000,0.6620,-0.0457,-0.0067,11.69,0.00,1791449001.570912,7,0,6.9
exp4_rot_20261008_174201,1791449001.404760,camera_color_optical_frame,1889,640,480,1,283.4,238.7,-0.1144,-0.0052,0.00440,2,1,1.000,0.6640,-0.0449,-0.0070,23.03,0.00,1791449001.632965,7,0,5.5
exp4_rot_20261008_174201,1791449001.438106,camera_color_optical_frame,1890,640,480,1,284.0,238.6,-0.1124,-0.0060,0.00436,2,1,1.000,0.6640,-0.0442,-0.0072,20.24,0.00,1791449001.676177,7,0,5.5
exp4_rot_20261008_174201,1791449001.471452,camera_color_optical_frame,1891,640,480,1,284.8,238.3,-0.1101,-0.0070,0.00436,2,1,1.000,0.6650,-0.0435,-0.0075,19.46,0.00,1791449001.708388,7,0,5.5
exp4_rot_20261008_174201,1791449001.504798,camera_color_optical_frame,1892,640,480,1,285.3,238.2,-0.1086,-0.0074,0.00432,2,1,1.000,0.6660,-0.0430,-0.0076,18.34,0.00,1791449001.739378,7,0,6.9
exp4_rot_20261008_174201,1791449001.571490,camera_color_optical_frame,1893,640,480,1,285.8,237.0,-0.1070,-0.0125,0.00438,2,1,1.000,0.6650,-0.0424,-0.0089,17.08,0.00,1791449001.777302,7,0,6.9
exp4_rot_20261008_174201,1791449001.604836,camera_color_optical_frame,1894,640,480,1,286.2,236.5,-0.1056,-0.0147,0.00431,2,1,1.000,0.6640,-0.0418,-0.0095,15.38,0.00,1791449001.811651,7,0,6.9
exp4_rot_20261008_174201,1791449001.638181,camera_color_optical_frame,1895,640,480,1,286.8,235.7,-0.1038,-0.0179,0.00437,2,1,1.000,0.6660,-0.0413,-0.0104,20.52,0.00,1791449001.866049,7,0,5.5
exp4_rot_20261008_174201,1791449001.671527,camera_color_optical_frame,1896,640,480,1,287.4,235.0,-0.1019,-0.0208,0.00434,2,1,1.000,0.6640,-0.0405,-0.0111,14.75,0.00,1791449001.899292,7,0,6.9
exp4_rot_20261008_174201,1791449001.704873,camera_color_optical_frame,1897,640,480,1,287.9,234.2,-0.1004,-0.0240,0.00437,2,1,1.000,0.6670,-0.0402,-0.0120,15.82,0.00,1791449001.936282,7,0,5.5
exp4_rot_20261008_174201,1791449001.738218,camera_color_optical_frame,1898,640,480,1,288.3,233.5,-0.0991,-0.0271,0.00437,2,1,1.000,0.6670,-0.0397,-0.0128,15.11,0.00,1791449001.971302,7,0,5.5
exp4_rot_20261008_174201,1791449001.804909,camera_color_optical_frame,1899,640,480,1,289.3,232.5,-0.0961,-0.0313,0.00431,2,1,1.000,0.6670,-0.0387,-0.0139,14.17,0.00,1791449002.007094,7,0,5.5
exp4_rot_20261008_174201,1791449001.838254,camera_color_optical_frame,1900,640,480,1,290.0,231.9,-0.0938,-0.0338,0.00431,2,1,1.000,0.6670,-0.0378,-0.0146,20.81,0.00,1791449002.048042,7,0,5.5
exp4_rot_20261008_174201,1791449001.871599,camera_color_optical_frame,1901,640,480,1,290.6,231.3,-0.0919,-0.0361,0.00431,2,1,1.000,0.6670,-0.0372,-0.0152,23.03,0.00,1791449002.092458,7,0,5.5
exp4_rot_20261008_174201,1791449001.904944,camera_color_optical_frame,1902,640,480,1,290.9,230.6,-0.0909,-0.0391,0.00430,2,1,1.000,0.6670,-0.0368,-0.0160,22.42,0.00,1791449002.128302,7,0,5.5
exp4_rot_20261008_174201,1791449001.938288,camera_color_optical_frame,1903,640,480,1,290.9,229.8,-0.0909,-0.0427,0.00434,2,1,1.000,0.6700,-0.0370,-0.0170,16.26,0.00,1791449002.154752,7,0,5.5
exp4_rot_20261008_174201,1791449002.004978,camera_color_optical_frame,1904,640,480,1,289.9,228.6,-0.0940,-0.0474,0.00434,2,1,1.000,0.6690,-0.0381,-0.0182,28.63,0.00,1791449002.199340,7,0,5.5
exp4_rot_20261008_174201,1791449002.038322,camera_color_optical_frame,1905,640,480,1,289.7,227.9,-0.0945,-0.0503,0.00432,2,1,1.000,0.6690,-0.0382,-0.0190,12.67,0.00,1791449002.237942,7,0,4.1
exp4_rot_20261008_174201,1791449002.071667,camera_color_optical_frame,1906,640,480,1,289.7,227.1,-0.0947,-0.0537,0.00433,2,1,1.000,0.6720,-0.0385,-0.0200,13.43,0.00,1791449002.261769,7,0,4.1
exp4_rot_20261008_174201,1791449002.105011,camera_color_optical_frame,1907,640,480,1,289.7,226.2,-0.0945,-0.0577,0.00432,2,1,1.000,0.6690,-0.0382,-0.0210,11.43,0.00,1791449002.294511,7,0,5.5
exp4_rot_20261008_174201,1791449002.138355,camera_color_optical_frame,1908,640,480,1,289.4,225.4,-0.0957,-0.0607,0.00433,2,1,1.000,0.6720,-0.0388,-0.0219,13.96,0.00,1791449002.335431,7,0,5.5
exp4_rot_20261008_174201,1791449002.171700,camera_color_optical_frame,1909,640,480,1,289.0,224.5,-0.0967,-0.0644,0.00435,2,1,1.000,0.6710,-0.0391,-0.0228,34.36,0.00,1791449002.407939,7,0,4.1
exp4_rot_20261008_174201,1791449002.205044,camera_color_optical_frame,1910,640,480,1,288.6,223.7,-0.0981,-0.0680,0.00435,2,1,1.000,0.6730,-0.0397,-0.0238,18.15,0.00,1791449002.446627,7,0,4.1
exp4_rot_20261008_174201,1791449002.238394,camera_color_optical_frame,1911,640,480,1,288.3,222.9,-0.0990,-0.0713,0.00436,2,1,1.000,0.6710,-0.0399,-0.0246,16.20,0.00,1791449002.474210,7,0,4.1
exp4_rot_20261008_174201,1791449002.371791,camera_color_optical_frame,1912,640,480,1,290.4,224.0,-0.0926,-0.0665,0.00445,2,0,,,,,10.68,100.05,1791449002.499252,7,0,4.1
exp4_rot_20261008_174201,1791449002.405141,camera_color_optical_frame,1913,640,480,1,291.8,224.9,-0.0881,-0.0628,0.00444,2,0,,,,,10.45,133.40,1791449002.517631,7,0,5.5
exp4_rot_20261008_174201,1791449002.438490,camera_color_optical_frame,1914,640,480,1,293.7,226.2,-0.0823,-0.0574,0.00444,2,0,,,,,8.81,166.75,1791449002.536264,7,0,5.5
exp4_rot_20261008_174201,1791449002.471839,camera_color_optical_frame,1915,640,480,1,296.2,227.6,-0.0745,-0.0518,0.00443,2,1,1.000,0.6700,-0.0312,-0.0194,20.66,0.00,1791449002.590249,7,0,5.5
exp4_rot_20261008_174201,1791449002.505188,camera_color_optical_frame,1916,640,480,1,299.0,229.2,-0.0657,-0.0449,0.00439,1,1,1.000,0.6720,-0.0282,-0.0177,12.74,0.00,1791449002.624465,7,0,4.1
exp4_rot_20261008_174201,1791449002.538537,camera_color_optical_frame,1917,640,480,1,302.2,230.8,-0.0556,-0.0384,0.00439,1,1,1.000,0.6750,-0.0247,-0.0160,10.64,0.00,1791449002.674827,7,0,5.5
exp4_rot_20261008_174201,1791449002.571886,camera_color_optical_frame,1918,640,480,1,305.9,232.2,-0.0440,-0.0326,0.00438,1,1,1.000,0.6720,-0.0205,-0.0144,17.62,0.00,1791449002.732202,7,0,5.5
exp4_rot_20261008_174201,1791449002.605235,camera_color_optical_frame,1919,640,480,1,309.7,233.5,-0.0321,-0.0271,0.00440,1,1,1.000,0.6750,-0.0163,-0.0130,24.98,0.00,1791449002.774646,7,0,5.5
exp4_rot_20261008_174201,1791449002.705282,camera_color_optical_frame,1920,640,480,1,324.1,236.4,0.0129,-0.0148,0.00429,1,0,,,,,6.90,100.05,1791449002.803234,7,0,4.1
exp4_rot_20261008_174201,1791449002.738631,camera_color_optical_frame,1921,640,480,1,329.2,236.8,0.0288,-0.0134,0.00427,1,0,,,,,8.83,133.40,1791449002.821102,7,0,4.1
exp4_rot_20261008_174201,1791449002.771980,camera_color_optical_frame,1922,640,480,1,333.4,237.1,0.0419,-0.0123,0.00433,1,1,1.000,0.6810,0.0101,-0.0091,10.18,0.00,1791449002.883547,7,0,1.4
exp4_rot_20261008_174201,1791449002.805328,camera_color_optical_frame,1923,640,480,1,336.8,237.3,0.0524,-0.0112,0.00430,1,1,1.000,0.6760,0.0138,-0.0087,11.23,0.00,1791449002.917476,7,0,0.0
exp4_rot_20261008_174201,1791449002.838677,camera_color_optical_frame,1924,640,480,1,341.1,237.5,0.0659,-0.0106,0.00433,1,0,,,,,9.62,33.35,1791449002.940978,7,0,0.0
exp4_rot_20261008_174201,1791449002.872026,camera_color_optical_frame,1925,640,480,1,344.1,237.7,0.0754,-0.0094,0.00431,1,1,1.000,0.6770,0.0221,-0.0083,13.55,0.00,1791449002.992786,7,0,0.0
exp4_rot_20261008_174201,1791449002.905374,camera_color_optical_frame,1926,640,480,1,346.7,237.6,0.0836,-0.0098,0.00429,1,1,1.000,0.6760,0.0250,-0.0084,17.30,0.00,1791449003.049600,7,0,0.0
exp4_rot_20261008_174201,1791449002.938723,camera_color_optical_frame,1927,640,480,1,349.3,237.4,0.0916,-0.0110,0.00436,1,1,1.000,0.6750,0.0278,-0.0087,19.76,0.00,1791449003.092307,7,0,0.0
exp4_rot_20261008_174201,1791449002.972071,camera_color_optical_frame,1928,640,480,1,352.0,237.5,0.1001,-0.0103,0.00429,1,1,1.000,0.6760,0.0309,-0.0085,19.88,0.00,1791449003.135722,7,0,1.4
exp4_rot_20261008_174201,1791449003.005420,camera_color_optical_frame,1929,640,480,1,354.2,237.3,0.1069,-0.0111,0.00432,1,1,1.000,0.6780,0.0334,-0.0087,20.16,0.00,1791449003.170854,7,0,2.8
exp4_rot_20261008_174201,1791449003.038768,camera_color_optical_frame,1930,640,480,1,355.1,237.2,0.1098,-0.0117,0.00433,1,1,1.000,0.6780,0.0344,-0.0089,23.01,0.00,1791449003.211779,7,0,4.1
exp4_rot_20261008_174201,1791449003.072117,camera_color_optical_frame,1931,640,480,1,355.9,236.9,0.1122,-0.0128,0.00430,1,1,1.000,0.6780,0.0353,-0.0092,14.27,0.00,1791449003.238151,7,0,4.1
exp4_rot_20261008_174201,1791449003.105465,camera_color_optical_frame,1932,640,480,1,356.5,236.6,0.1142,-0.0140,0.00431,1,1,1.000,0.6790,0.0361,-0.0095,12.02,0.00,1791449003.272052,7,0,4.1
exp4_rot_20261008_174201,1791449003.138813,camera_color_optical_frame,1933,640,480,1,357.3,236.5,0.1167,-0.0146,0.00434,1,1,1.000,0.6800,0.0370,-0.0097,27.90,0.00,1791449003.340563,7,0,5.5
exp4_rot_20261008_174201,1791449003.172161,camera_color_optical_frame,1934,640,480,1,357.8,236.3,0.1182,-0.0155,0.00432,1,1,1.000,0.6800,0.0376,-0.0099,19.82,0.00,1791449003.381476,7,0,5.5
exp4_rot_20261008_174201,1791449003.205509,camera_color_optical_frame,1935,640,480,1,358.2,236.3,0.1193,-0.0152,0.00429,1,1,1.000,0.6800,0.0380,-0.0099,22.01,0.00,1791449003.418630,7,0,5.5
exp4_rot_20261008_174201,1791449003.238858,camera_color_optical_frame,1936,640,480,1,358.3,236.2,0.1196,-0.0160,0.00428,1,1,1.000,0.6780,0.0379,-0.0100,25.47,0.00,1791449003.454709,7,0,4.1
exp4_rot_20261008_174201,1791449003.272218,camera_color_optical_frame,1937,640,480,1,358.5,236.3,0.1204,-0.0156,0.00430,1,1,1.000,0.6820,0.0384,-0.0100,21.04,0.00,1791449003.489453,7,0,4.1
exp4_rot_20261008_174201,1791449003.305577,camera_color_optical_frame,1938,640,480,1,360.0,236.3,0.1250,-0.0154,0.00433,2,1,1.000,0.6810,0.0400,-0.0099,26.60,0.00,1791449003.526176,7,0,2.8
exp4_rot_20261008_174201,1791449003.338936,camera_color_optical_frame,1939,640,480,1,361.3,236.4,0.1291,-0.0149,0.00436,2,1,1.000,0.6780,0.0413,-0.0098,12.93,0.00,1791449003.548525,7,0,2.8
exp4_rot_20261008_174201,1791449003.372295,camera_color_optical_frame,1940,640,480,1,361.3,236.5,0.1290,-0.0144,0.00431,2,1,1.000,0.6800,0.0414,-0.0096,12.53,0.00,1791449003.596436,7,0,5.5
exp4_rot_20261008_174201,1791449003.405655,camera_color_optical_frame,1941,640,480,1,361.2,236.8,0.1288,-0.0135,0.00431,2,1,1.000,0.6780,0.0412,-0.0094,30.28,0.00,1791449003.662208,7,0,5.5
exp4_rot_20261008_174201,1791449003.439014,camera_color_optical_frame,1942,640,480,1,362.0,236.9,0.1313,-0.0128,0.00428,2,1,1.000,0.6770,0.0421,-0.0092,13.02,0.00,1791449003.686780,7,0,5.5
exp4_rot_20261008_174201,1791449003.472374,camera_color_optical_frame,1943,640,480,1,362.7,237.3,0.1335,-0.0113,0.00429,2,1,1.000,0.6780,0.0429,-0.0088,14.15,0.00,1791449003.720242,7,0,6.9
exp4_rot_20261008_174201,1791449003.539094,camera_color_optical_frame,1944,640,480,1,364.9,237.8,0.1403,-0.0090,0.00425,2,1,1.000,0.6800,0.0455,-0.0082,15.42,0.00,1791449003.758319,7,0,8.2
exp4_rot_20261008_174201,1791449003.572453,camera_color_optical_frame,1945,640,480,1,365.9,238.1,0.1435,-0.0077,0.00430,2,1,1.000,0.6760,0.0464,-0.0078,23.94,0.00,1791449003.814937,7,0,8.2
exp4_rot_20261008_174201,1791449003.639174,camera_color_optical_frame,1946,640,480,1,367.3,239.6,0.1480,-0.0017,0.00429,2,1,1.000,0.6740,0.0478,-0.0062,14.43,0.00,1791449003.860913,7,0,6.9
exp4_rot_20261008_174201,1791449003.672534,camera_color_optical_frame,1947,640,480,1,367.8,240.6,0.1495,0.0026,0.00429,2,1,1.000,0.6720,0.0482,-0.0050,12.94,0.00,1791449003.905573,7,0,6.9
exp4_rot_20261008_174201,1791449003.705895,camera_color_optical_frame,1948,640,480,1,368.1,241.0,0.1503,0.0042,0.00428,2,1,1.000,0.6720,0.0485,-0.0046,13.53,0.00,1791449003.943015,7,0,8.2
exp4_rot_20261008_174201,1791449003.739255,camera_color_optical_frame,1949,640,480,1,368.2,241.4,0.1507,0.0058,0.00430,2,1,1.000,0.6730,0.0487,-0.0042,13.69,0.00,1791449003.978436,7,0,8.2
exp4_rot_20261008_174201,1791449003.805976,camera_color_optical_frame,1950,640,480,1,368.6,241.7,0.1518,0.0072,0.00433,2,1,1.000,0.6680,0.0487,-0.0038,21.71,0.00,1791449004.032552,7,0,8.2
exp4_rot_20261008_174201,1791449003.839337,camera_color_optical_frame,1951,640,480,1,368.8,241.9,0.1524,0.0080,0.00437,2,1,1.000,0.6690,0.0490,-0.0036,14.93,0.00,1791449004.070255,7,0,8.2
exp4_rot_20261008_174201,1791449003.906059,camera_color_optical_frame,1952,640,480,1,369.3,242.2,0.1541,0.0094,0.00434,2,1,1.000,0.6660,0.0494,-0.0032,17.07,0.00,1791449004.122194,7,0,8.2
exp4_rot_20261008_174201,1791449003.939420,camera_color_optical_frame,1953,640,480,1,369.2,242.4,0.1537,0.0098,0.00427,2,1,1.000,0.6670,0.0494,-0.0031,17.55,0.00,1791449004.156475,7,0,8.2
exp4_rot_20261008_174201,1791449003.972781,camera_color_optical_frame,1954,640,480,1,368.1,242.1,0.1504,0.0087,0.00429,2,1,1.000,0.6670,0.0482,-0.0033,20.44,0.00,1791449004.193849,7,0,8.2
exp4_rot_20261008_174201,1791449004.006143,camera_color_optical_frame,1955,640,480,1,367.2,242.0,0.1474,0.0083,0.00433,2,1,1.000,0.6640,0.0469,-0.0034,19.39,0.00,1791449004.249535,7,0,8.2
exp4_rot_20261008_174201,1791449004.039504,camera_color_optical_frame,1956,640,480,1,365.9,242.4,0.1434,0.0099,0.00433,2,1,1.000,0.6660,0.0456,-0.0030,18.75,0.00,1791449004.290442,7,0,8.2
exp4_rot_20261008_174201,1791449004.106227,camera_color_optical_frame,1957,640,480,1,363.2,243.1,0.1351,0.0130,0.00431,2,1,0.988,0.6660,0.0427,-0.0022,16.30,0.00,1791449004.328366,7,0,8.2
exp4_rot_20261008_174201,1791449004.139589,camera_color_optical_frame,1958,640,480,1,362.0,243.5,0.1313,0.0146,0.00432,2,1,0.987,0.6620,0.0411,-0.0018,12.40,0.00,1791449004.358867,7,0,8.2
exp4_rot_20261008_174201,1791449004.172951,camera_color_optical_frame,1959,640,480,1,360.8,244.1,0.1275,0.0171,0.00437,2,1,1.000,0.6640,0.0399,-0.0011,13.82,0.00,1791449004.395258,7,0,8.2
exp4_rot_20261008_174201,1791449004.239675,camera_color_optical_frame,1960,640,480,1,358.7,245.1,0.1209,0.0214,0.00439,2,1,0.999,0.6590,0.0373,0.0000,14.19,0.00,1791449004.436773,7,0,8.2
exp4_rot_20261008_174201,1791449004.273034,camera_color_optical_frame,1961,640,480,1,357.6,245.7,0.1175,0.0238,0.00440,2,1,1.000,0.6600,0.0362,0.0006,12.03,0.00,1791449004.467540,7,0,8.2
exp4_rot_20261008_174201,1791449004.306393,camera_color_optical_frame,1962,640,480,1,356.6,246.2,0.1144,0.0258,0.00441,2,1,1.000,0.6600,0.0351,0.0011,11.74,0.00,1791449004.498998,7,0,8.2
exp4_rot_20261008_174201,1791449004.339752,camera_color_optical_frame,1963,640,480,1,355.6,246.6,0.1114,0.0276,0.00441,2,1,1.000,0.6580,0.0340,0.0016,14.98,0.00,1791449004.537940,7,0,6.9
exp4_rot_20261008_174201,1791449004.373112,camera_color_optical_frame,1964,640,480,1,354.7,247.0,0.1084,0.0291,0.00441,2,1,1.000,0.6570,0.0329,0.0020,12.45,0.00,1791449004.565498,7,0,6.9
exp4_rot_20261008_174201,1791449004.473190,camera_color_optical_frame,1965,640,480,1,353.1,246.1,0.1035,0.0255,0.00434,2,0,,,,,10.99,100.08,1791449004.587257,7,0,6.9
exp4_rot_20261008_174201,1791449004.506550,camera_color_optical_frame,1966,640,480,1,352.4,245.6,0.1011,0.0233,0.00432,2,0,,,,,7.38,133.44,1791449004.602040,7,0,6.9
exp4_rot_20261008_174201,1791449004.539910,camera_color_optical_frame,1967,640,480,1,352.2,244.7,0.1005,0.0195,0.00436,2,0,,,,,12.14,166.80,1791449004.621332,7,0,6.9
exp4_rot_20261008_174201,1791449004.573269,camera_color_optical_frame,1968,640,480,1,352.5,244.1,0.1015,0.0173,0.00432,2,1,1.000,0.6630,0.0308,-0.0011,15.20,0.00,1791449004.659378,7,0,5.5
exp4_rot_20261008_174201,1791449004.606629,camera_color_optical_frame,1969,640,480,1,352.5,243.5,0.1016,0.0145,0.00428,2,1,1.000,0.6650,0.0309,-0.0018,11.25,0.00,1791449004.697480,7,0,5.5
exp4_rot_20261008_174201,1791449004.639989,camera_color_optical_frame,1970,640,480,1,352.3,242.7,0.1011,0.0113,0.00427,2,1,1.000,0.6650,0.0307,-0.0027,12.02,0.00,1791449004.733002,7,0,5.5
exp4_rot_20261008_174201,1791449004.673349,camera_color_optical_frame,1971,640,480,1,352.7,242.0,0.1022,0.0085,0.00423,2,1,1.000,0.6660,0.0312,-0.0034,12.67,0.00,1791449004.769402,7,0,5.5
exp4_rot_20261008_174201,1791449004.706709,camera_color_optical_frame,1972,640,480,1,353.0,241.6,0.1032,0.0066,0.00420,2,1,1.000,0.6670,0.0315,-0.0039,13.14,0.00,1791449004.802486,7,0,5.5
exp4_rot_20261008_174201,1791449004.740069,camera_color_optical_frame,1973,640,480,1,353.2,241.2,0.1038,0.0050,0.00418,2,1,1.000,0.6710,0.0319,-0.0044,12.32,0.00,1791449004.833364,7,0,5.5
exp4_rot_20261008_174201,1791449004.773429,camera_color_optical_frame,1974,640,480,1,353.4,240.9,0.1044,0.0039,0.00418,2,1,1.000,0.6690,0.0321,-0.0046,11.63,0.00,1791449004.876635,7,0,4.1
exp4_rot_20261008_174201,1791449004.806789,camera_color_optical_frame,1975,640,480,1,353.8,240.9,0.1056,0.0036,0.00414,2,1,1.000,0.6690,0.0325,-0.0047,15.64,0.00,1791449004.915050,7,0,4.1
exp4_rot_20261008_174201,1791449004.840150,camera_color_optical_frame,1976,640,480,1,354.2,240.8,0.1070,0.0033,0.00414,2,1,1.000,0.6720,0.0331,-0.0048,26.43,0.00,1791449004.979562,7,0,4.1
exp4_rot_20261008_174201,1791449004.873510,camera_color_optical_frame,1977,640,480,1,354.1,241.0,0.1066,0.0041,0.00416,2,1,1.000,0.6740,0.0331,-0.0046,14.49,0.00,1791449005.015414,7,0,5.5
exp4_rot_20261008_174201,1791449004.906871,camera_color_optical_frame,1978,640,480,1,353.5,241.2,0.1048,0.0050,0.00416,2,1,1.000,0.6720,0.0324,-0.0044,12.77,0.00,1791449005.048369,7,0,6.9
exp4_rot_20261008_174201,1791449004.940231,camera_color_optical_frame,1979,640,480,1,353.0,241.5,0.1031,0.0060,0.00419,2,1,1.000,0.6720,0.0317,-0.0041,18.98,0.00,1791449005.090210,7,0,6.9
exp4_rot_20261008_174201,1791449004.973592,camera_color_optical_frame,1980,640,480,1,352.5,242.1,0.1014,0.0088,0.00418,2,1,1.000,0.6720,0.0312,-0.0034,18.21,0.00,1791449005.137289,7,0,5.5
exp4_rot_20261008_174201,1791449005.006952,camera_color_optical_frame,1981,640,480,1,352.2,243.0,0.1007,0.0127,0.00417,2,0,,,,,10.65,33.36,1791449005.155525,7,0,5.5
exp4_rot_20261008_174201,1791449005.040313,camera_color_optical_frame,1982,640,480,1,352.2,243.8,0.1007,0.0157,0.00417,2,0,,,,,10.79,66.72,1791449005.173928,7,0,5.5
exp4_rot_20261008_174201,1791449005.073673,camera_color_optical_frame,1983,640,480,1,352.1,244.9,0.1004,0.0203,0.00416,2,0,,,,,16.99,100.08,1791449005.199044,7,0,5.5
exp4_rot_20261008_174201,1791449005.107034,camera_color_optical_frame,1984,640,480,1,351.9,245.8,0.0997,0.0241,0.00416,2,0,,,,,9.89,133.44,1791449005.220157,7,0,6.9
exp4_rot_20261008_174201,1791449005.140395,camera_color_optical_frame,1985,640,480,1,351.8,246.7,0.0995,0.0280,0.00416,2,1,1.000,0.6680,0.0303,0.0017,15.22,0.00,1791449005.256242,7,0,5.5
exp4_rot_20261008_174201,1791449005.173756,camera_color_optical_frame,1986,640,480,1,351.5,247.1,0.0984,0.0297,0.00421,2,1,1.000,0.6710,0.0301,0.0022,11.98,0.00,1791449005.304871,7,0,5.5
exp4_rot_20261008_174201,1791449005.273830,camera_color_optical_frame,1987,640,480,1,351.6,247.7,0.0988,0.0319,0.00415,2,0,,,,,7.68,66.71,1791449005.419332,7,0,5.5
exp4_rot_20261008_174201,1791449005.307187,camera_color_optical_frame,1988,640,480,1,351.7,247.6,0.0991,0.0317,0.00417,2,1,1.000,0.6690,0.0302,0.0027,14.79,0.00,1791449005.454327,7,0,4.1
exp4_rot_20261008_174201,1791449005.340545,camera_color_optical_frame,1989,640,480,1,352.0,247.8,0.1001,0.0323,0.00415,2,1,1.000,0.6750,0.0308,0.0029,13.16,0.00,1791449005.495396,7,0,5.5
exp4_rot_20261008_174201,1791449005.373902,camera_color_optical_frame,1990,640,480,1,352.3,247.7,0.1008,0.0320,0.00413,2,1,1.000,0.6730,0.0310,0.0028,14.63,0.00,1791449005.532246,7,0,5.5
exp4_rot_20261008_174201,1791449005.407259,camera_color_optical_frame,1991,640,480,1,352.1,248.1,0.1003,0.0339,0.00410,2,1,1.000,0.6770,0.0310,0.0033,11.64,0.00,1791449005.567491,7,0,5.5
exp4_rot_20261008_174201,1791449005.440617,camera_color_optical_frame,1992,640,480,1,352.0,248.1,0.0999,0.0336,0.00414,2,1,1.000,0.6750,0.0307,0.0033,18.64,0.00,1791449005.614623,7,0,5.5
exp4_rot_20261008_174201,1791449005.473974,camera_color_optical_frame,1993,640,480,1,351.5,248.4,0.0984,0.0351,0.00410,2,1,1.000,0.6790,0.0304,0.0037,17.41,0.00,1791449005.683457,7,0,5.5
exp4_rot_20261008_174201,1791449005.507332,camera_color_optical_frame,1994,640,480,1,350.7,248.8,0.0960,0.0368,0.00409,2,1,1.000,0.6780,0.0295,0.0041,45.95,0.00,1791449005.787872,7,0,4.1
exp4_rot_20261008_174201,1791449005.540689,camera_color_optical_frame,1995,640,480,1,350.0,249.0,0.0938,0.0377,0.00413,2,1,1.000,0.6790,0.0287,0.0044,16.52,0.00,1791449005.825227,7,0,4.1
exp4_rot_20261008_174201,1791449005.574047,camera_color_optical_frame,1996,640,480,1,349.2,249.6,0.0911,0.0401,0.00410,2,1,1.000,0.6780,0.0278,0.0050,16.04,0.00,1791449005.869956,7,0,4.1
exp4_rot_20261008_174201,1791449005.607404,camera_color_optical_frame,1997,640,480,1,348.6,250.3,0.0895,0.0429,0.00412,2,1,1.000,0.6770,0.0271,0.0058,19.96,0.00,1791449005.922184,7,0,0.0
exp4_rot_20261008_174201,1791449005.674119,camera_color_optical_frame,1998,640,480,1,348.0,251.5,0.0876,0.0481,0.00411,2,1,1.000,0.6770,0.0264,0.0072,56.93,0.00,1791449006.032788,7,0,0.0
exp4_rot_20261008_174201,1791449005.907621,camera_color_optical_frame,1999,640,480,1,339.7,252.5,0.0615,0.0520,0.00389,2,0,,,,,15.00,166.79,1791449006.071190,7,0,5.5
exp4_rot_20261008_174201,1791449006.007693,camera_color_optical_frame,2000,640,480,1,329.1,251.3,0.0283,0.0470,0.00382,2,0,,,,,14.02,266.86,1791449006.101196,7,0,4.1
exp4_rot_20261008_174201,1791449006.041051,camera_color_optical_frame,2001,640,480,1,325.1,251.1,0.0160,0.0461,0.00380,2,1,1.000,0.6820,0.0008,0.0067,13.18,0.00,1791449006.161200,7,0,4.1
exp4_rot_20261008_174201,1791449006.074408,camera_color_optical_frame,2002,640,480,1,321.1,250.8,0.0035,0.0449,0.00379,2,1,1.000,0.6810,-0.0036,0.0063,15.85,0.00,1791449006.204907,7,0,5.5
exp4_rot_20261008_174201,1791449006.107766,camera_color_optical_frame,2003,640,480,1,317.0,250.6,-0.0094,0.0443,0.00380,2,1,1.000,0.6800,-0.0083,0.0062,23.75,0.00,1791449006.248849,7,0,5.5
exp4_rot_20261008_174201,1791449006.141123,camera_color_optical_frame,2004,640,480,1,312.8,250.6,-0.0226,0.0442,0.00384,2,1,1.000,0.6780,-0.0130,0.0061,20.44,0.00,1791449006.280250,7,0,4.1
exp4_rot_20261008_174201,1791449006.174480,camera_color_optical_frame,2005,640,480,1,308.7,250.5,-0.0353,0.0437,0.00396,2,1,1.000,0.6760,-0.0175,0.0060,18.70,0.00,1791449006.311105,7,0,4.1
exp4_rot_20261008_174201,1791449006.207838,camera_color_optical_frame,2006,640,480,1,306.0,250.2,-0.0438,0.0423,0.00400,2,1,1.000,0.6800,-0.0206,0.0056,21.01,0.00,1791449006.343095,7,0,2.8
exp4_rot_20261008_174201,1791449006.241196,camera_color_optical_frame,2007,640,480,1,303.0,249.9,-0.0530,0.0411,0.00395,2,1,1.000,0.6780,-0.0239,0.0053,19.65,0.00,1791449006.374408,7,0,1.4
exp4_rot_20261008_174201,1791449006.274553,camera_color_optical_frame,2008,640,480,1,299.8,249.3,-0.0632,0.0389,0.00398,2,1,1.000,0.6740,-0.0274,0.0047,17.79,0.00,1791449006.404931,7,0,0.0
exp4_rot_20261008_174201,1791449006.307904,camera_color_optical_frame,2009,640,480,1,296.4,248.9,-0.0737,0.0369,0.00398,2,1,1.000,0.6750,-0.0311,0.0041,19.21,0.00,1791449006.436184,7,0,0.0
exp4_rot_20261008_174201,1791449006.341271,camera_color_optical_frame,2010,640,480,1,293.0,248.4,-0.0844,0.0349,0.00396,2,1,1.000,0.6750,-0.0350,0.0036,17.52,0.00,1791449006.466942,7,0,0.0
exp4_rot_20261008_174201,1791449006.374638,camera_color_optical_frame,2011,640,480,1,289.5,247.6,-0.0954,0.0316,0.00401,2,1,1.000,0.6730,-0.0388,0.0027,16.38,0.00,1791449006.497876,7,0,0.0
exp4_rot_20261008_174201,1791449006.408005,camera_color_optical_frame,2012,640,480,1,285.6,247.3,-0.1075,0.0305,0.00399,2,1,1.000,0.6710,-0.0429,0.0024,24.72,0.00,1791449006.546126,7,0,0.0
exp4_rot_20261008_174201,1791449006.441373,camera_color_optical_frame,2013,640,480,1,282.1,247.0,-0.1185,0.0293,0.00409,2,1,1.000,0.6710,-0.0468,0.0021,23.06,0.00,1791449006.583725,7,0,0.0
exp4_rot_20261008_174201,1791449006.474741,camera_color_optical_frame,2014,640,480,1,280.2,246.7,-0.1244,0.0278,0.00416,2,1,1.000,0.6690,-0.0488,0.0017,22.93,0.00,1791449006.620987,7,0,0.0
exp4_rot_20261008_174201,1791449006.508108,camera_color_optical_frame,2015,640,480,1,278.8,246.4,-0.1289,0.0267,0.00417,2,1,1.000,0.6700,-0.0504,0.0014,22.33,0.00,1791449006.656368,7,0,0.0
exp4_rot_20261008_174201,1791449006.541476,camera_color_optical_frame,2016,640,480,1,277.3,246.0,-0.1335,0.0249,0.00416,2,1,1.000,0.6690,-0.0520,0.0009,22.64,0.00,1791449006.691880,7,0,0.0
exp4_rot_20261008_174201,1791449006.574844,camera_color_optical_frame,2017,640,480,1,275.4,245.5,-0.1393,0.0230,0.00417,2,1,1.000,0.6690,-0.0540,0.0004,24.57,0.00,1791449006.729205,7,0,0.0
exp4_rot_20261008_174201,1791449006.608212,camera_color_optical_frame,2018,640,480,1,273.4,244.9,-0.1455,0.0206,0.00422,2,1,1.000,0.6690,-0.0562,-0.0002,22.21,0.00,1791449006.765188,7,0,4.1
exp4_rot_20261008_174201,1791449006.641580,camera_color_optical_frame,2019,640,480,1,271.5,244.6,-0.1516,0.0193,0.00424,2,1,1.000,0.6690,-0.0584,-0.0006,20.19,0.00,1791449006.802387,7,0,5.5
exp4_rot_20261008_174201,1791449006.674949,camera_color_optical_frame,2020,640,480,1,269.7,244.4,-0.1571,0.0184,0.00427,2,1,1.000,0.6680,-0.0602,-0.0008,20.00,0.00,1791449006.837973,7,0,5.5
exp4_rot_20261008_174201,1791449006.708318,camera_color_optical_frame,2021,640,480,1,268.1,244.4,-0.1622,0.0184,0.00427,2,1,1.000,0.6640,-0.0617,-0.0008,23.07,0.00,1791449006.875465,7,0,5.5
exp4_rot_20261008_174201,1791449006.741686,camera_color_optical_frame,2022,640,480,1,266.7,244.6,-0.1664,0.0192,0.00433,2,1,1.000,0.6640,-0.0632,-0.0006,18.07,0.00,1791449006.905550,7,0,5.5
exp4_rot_20261008_174201,1791449006.775055,camera_color_optical_frame,2023,640,480,1,266.0,244.8,-0.1688,0.0199,0.00435,2,1,1.000,0.6650,-0.0641,-0.0004,21.68,0.00,1791449006.939085,7,0,5.5
exp4_rot_20261008_174201,1791449006.808424,camera_color_optical_frame,2024,640,480,1,265.7,245.1,-0.1697,0.0213,0.00436,2,1,1.000,0.6640,-0.0643,-0.0000,18.49,0.00,1791449006.985470,7,0,5.5
exp4_rot_20261008_174201,1791449006.841793,camera_color_optical_frame,2025,640,480,1,265.1,245.5,-0.1716,0.0228,0.00440,2,1,1.000,0.6640,-0.0650,0.0004,14.30,0.00,1791449007.010501,7,0,5.5
exp4_rot_20261008_174201,1791449006.875163,camera_color_optical_frame,2026,640,480,1,264.3,246.0,-0.1740,0.0249,0.00440,2,1,1.000,0.6610,-0.0655,0.0009,23.10,0.00,1791449007.050639,7,0,6.9
exp4_rot_20261008_174201,1791449006.908532,camera_color_optical_frame,2027,640,480,1,264.2,246.4,-0.1745,0.0266,0.00438,2,1,1.000,0.6590,-0.0655,0.0013,23.86,0.00,1791449007.101389,7,0,8.2
exp4_rot_20261008_174201,1791449006.941902,camera_color_optical_frame,2028,640,480,1,264.3,246.6,-0.1742,0.0274,0.00441,2,1,1.000,0.6610,-0.0656,0.0016,31.35,0.00,1791449007.147501,7,0,8.2
exp4_rot_20261008_174201,1791449006.975271,camera_color_optical_frame,2029,640,480,1,264.4,246.4,-0.1736,0.0266,0.00449,2,1,1.000,0.6580,-0.0651,0.0013,18.42,0.00,1791449007.180787,7,0,8.2
exp4_rot_20261008_174201,1791449007.008641,camera_color_optical_frame,2030,640,480,1,264.4,246.3,-0.1737,0.0262,0.00450,2,1,1.000,0.6570,-0.0650,0.0013,16.54,0.00,1791449007.208359,7,0,8.2
exp4_rot_20261008_174201,1791449007.042011,camera_color_optical_frame,2031,640,480,1,264.6,246.4,-0.1731,0.0267,0.00448,2,1,1.000,0.6550,-0.0646,0.0014,14.41,0.00,1791449007.237537,7,0,8.2
exp4_rot_20261008_174201,1791449007.075382,camera_color_optical_frame,2032,640,480,1,264.6,246.4,-0.1730,0.0267,0.00451,2,1,1.000,0.6540,-0.0645,0.0014,12.80,0.00,1791449007.267977,7,0,9.6
exp4_rot_20261008_174201,1791449007.108752,camera_color_optical_frame,2033,640,480,1,264.5,246.2,-0.1734,0.0260,0.00453,2,1,1.000,0.6530,-0.0645,0.0012,13.97,0.00,1791449007.307797,7,0,8.2
exp4_rot_20261008_174201,1791449007.142123,camera_color_optical_frame,2034,640,480,1,265.0,246.4,-0.1718,0.0266,0.00454,2,1,1.000,0.6520,-0.0639,0.0013,12.67,0.00,1791449007.349006,7,0,11.0
exp4_rot_20261008_174201,1791449007.175493,camera_color_optical_frame,2035,640,480,1,266.3,246.4,-0.1679,0.0265,0.00452,2,1,1.000,0.6520,-0.0625,0.0013,14.05,0.00,1791449007.382485,7,0,11.0
exp4_rot_20261008_174201,1791449007.208864,camera_color_optical_frame,2036,640,480,1,267.5,246.3,-0.1640,0.0263,0.00452,2,1,1.000,0.6510,-0.0611,0.0013,13.09,0.00,1791449007.431733,7,0,11.0
exp4_rot_20261008_174201,1791449007.242228,camera_color_optical_frame,2037,640,480,1,269.3,246.1,-0.1584,0.0254,0.00454,2,1,1.000,0.6510,-0.0592,0.0010,14.76,0.00,1791449007.469010,7,0,11.0
exp4_rot_20261008_174201,1791449007.308954,camera_color_optical_frame,2038,640,480,1,272.9,245.7,-0.1472,0.0236,0.00454,2,1,1.000,0.6520,-0.0554,0.0006,35.19,0.00,1791449007.529590,7,0,11.0
exp4_rot_20261008_174201,1791449007.375681,camera_color_optical_frame,2039,640,480,1,276.6,245.2,-0.1357,0.0216,0.00450,2,0,,,,,11.87,33.36,1791449007.566131,7,0,11.0
exp4_rot_20261008_174201,1791449007.409045,camera_color_optical_frame,2040,640,480,1,278.2,244.7,-0.1307,0.0196,0.00455,2,1,1.000,0.6520,-0.0497,-0.0005,15.53,0.00,1791449007.610683,7,0,9.6
exp4_rot_20261008_174201,1791449007.442409,camera_color_optical_frame,2041,640,480,1,279.5,244.4,-0.1264,0.0183,0.00454,2,1,1.000,0.6510,-0.0482,-0.0008,15.41,0.00,1791449007.646210,7,0,9.6
exp4_rot_20261008_174201,1791449007.475773,camera_color_optical_frame,2042,640,480,1,280.5,244.3,-0.1236,0.0180,0.00454,2,1,1.000,0.6540,-0.0474,-0.0009,17.29,0.00,1791449007.682928,7,0,9.6
exp4_rot_20261008_174201,1791449007.542501,camera_color_optical_frame,2043,640,480,1,282.6,244.0,-0.1168,0.0168,0.00447,2,0,,,,,11.14,66.73,1791449007.706209,7,0,9.6
exp4_rot_20261008_174201,1791449007.575865,camera_color_optical_frame,2044,640,480,1,284.2,243.8,-0.1117,0.0157,0.00453,2,0,,,,,10.42,100.09,1791449007.725374,7,0,8.2
exp4_rot_20261008_174201,1791449007.642593,camera_color_optical_frame,2045,640,480,1,286.0,243.2,-0.1062,0.0133,0.00453,2,0,,,,,11.78,166.82,1791449007.747354,7,0,8.2
exp4_rot_20261008_174201,1791449007.675957,camera_color_optical_frame,2046,640,480,1,286.2,242.9,-0.1056,0.0120,0.00450,2,1,1.000,0.6550,-0.0413,-0.0024,30.73,0.00,1791449007.808336,7,0,6.9
exp4_rot_20261008_174201,1791449007.709322,camera_color_optical_frame,2047,640,480,1,286.2,241.9,-0.1057,0.0080,0.00452,2,1,1.000,0.6570,-0.0414,-0.0035,17.35,0.00,1791449007.836425,7,0,6.9
exp4_rot_20261008_174201,1791449007.742686,camera_color_optical_frame,2048,640,480,1,286.3,240.9,-0.1053,0.0037,0.00454,2,1,1.000,0.6560,-0.0412,-0.0046,15.25,0.00,1791449007.869475,7,0,6.9
exp4_rot_20261008_174201,1791449007.776051,camera_color_optical_frame,2049,640,480,1,286.4,239.7,-0.1051,-0.0011,0.00456,2,1,1.000,0.6590,-0.0413,-0.0059,15.22,0.00,1791449007.903381,7,0,6.9
exp4_rot_20261008_174201,1791449007.809416,camera_color_optical_frame,2050,640,480,1,286.1,238.5,-0.1059,-0.0063,0.00450,2,1,1.000,0.6570,-0.0415,-0.0072,15.18,0.00,1791449007.939480,7,0,5.5
exp4_rot_20261008_174201,1791449007.842781,camera_color_optical_frame,2051,640,480,1,285.9,236.7,-0.1066,-0.0137,0.00460,2,1,1.000,0.6580,-0.0418,-0.0091,16.64,0.00,1791449007.980566,7,0,6.9
exp4_rot_20261008_174201,1791449007.876146,camera_color_optical_frame,2052,640,480,1,286.1,235.5,-0.1059,-0.0187,0.00461,2,1,1.000,0.6580,-0.0416,-0.0105,19.47,0.00,1791449008.023886,7,0,6.9
exp4_rot_20261008_174201,1791449007.909511,camera_color_optical_frame,2053,640,480,1,286.7,234.2,-0.1042,-0.0242,0.00466,2,1,1.000,0.6590,-0.0410,-0.0119,25.17,0.00,1791449008.066691,7,0,5.5
exp4_rot_20261008_174201,1791449007.942875,camera_color_optical_frame,2054,640,480,1,287.3,233.2,-0.1022,-0.0282,0.00466,2,1,1.000,0.6590,-0.0403,-0.0130,21.62,0.00,1791449008.102907,7,0,5.5
exp4_rot_20261008_174201,1791449007.976241,camera_color_optical_frame,2055,640,480,1,288.5,232.2,-0.0985,-0.0324,0.00463,2,1,1.000,0.6620,-0.0392,-0.0141,17.84,0.00,1791449008.141520,7,0,5.5
exp4_rot_20261008_174201,1791449008.076337,camera_color_optical_frame,2056,640,480,1,292.1,229.7,-0.0873,-0.0430,0.00468,2,0,,,,,11.06,100.10,1791449008.161344,7,0,5.5
exp4_rot_20261008_174201,1791449008.109703,camera_color_optical_frame,2057,640,480,1,293.2,228.6,-0.0839,-0.0475,0.00471,2,1,1.000,0.6610,-0.0341,-0.0181,18.90,0.00,1791449008.223430,7,0,5.5
exp4_rot_20261008_174201,1791449008.143068,camera_color_optical_frame,2058,640,480,1,294.2,227.7,-0.0807,-0.0513,0.00468,2,1,1.000,0.6620,-0.0330,-0.0191,19.30,0.00,1791449008.263665,7,0,6.9
exp4_rot_20261008_174201,1791449008.176434,camera_color_optical_frame,2059,640,480,1,294.8,226.5,-0.0787,-0.0561,0.00476,2,1,1.000,0.6630,-0.0323,-0.0204,16.08,0.00,1791449008.299060,7,0,5.5
exp4_rot_20261008_174201,1791449008.209800,camera_color_optical_frame,2060,640,480,1,295.2,225.7,-0.0773,-0.0595,0.00481,2,1,1.000,0.6620,-0.0318,-0.0212,20.32,0.00,1791449008.341385,7,0,5.5
exp4_rot_20261008_174201,1791449008.243154,camera_color_optical_frame,2061,640,480,1,295.5,225.0,-0.0766,-0.0625,0.00475,2,1,1.000,0.6630,-0.0316,-0.0220,18.22,0.00,1791449008.379463,7,0,5.5
exp4_rot_20261008_174201,1791449008.276509,camera_color_optical_frame,2062,640,480,1,296.5,224.5,-0.0734,-0.0646,0.00478,2,1,1.000,0.6620,-0.0304,-0.0226,18.83,0.00,1791449008.427620,7,0,5.5
exp4_rot_20261008_174201,1791449008.309860,camera_color_optical_frame,2063,640,480,1,297.6,224.1,-0.0700,-0.0663,0.00474,2,1,1.000,0.6620,-0.0293,-0.0230,18.05,0.00,1791449008.463305,7,0,5.5
exp4_rot_20261008_174201,1791449008.343219,camera_color_optical_frame,2064,640,480,1,299.4,224.0,-0.0644,-0.0666,0.00476,2,1,1.000,0.6590,-0.0272,-0.0230,15.15,0.00,1791449008.499927,7,0,5.5
exp4_rot_20261008_174201,1791449008.376578,camera_color_optical_frame,2065,640,480,1,301.4,224.1,-0.0580,-0.0661,0.00478,2,1,1.000,0.6570,-0.0249,-0.0228,15.74,0.00,1791449008.538088,7,0,5.5
exp4_rot_20261008_174201,1791449008.409937,camera_color_optical_frame,2066,640,480,1,303.9,225.7,-0.0502,-0.0595,0.00480,2,1,1.000,0.6580,-0.0222,-0.0211,13.79,0.00,1791449008.573411,7,0,4.1
exp4_rot_20261008_174201,1791449008.443296,camera_color_optical_frame,2067,640,480,1,306.6,227.4,-0.0418,-0.0526,0.00473,2,1,1.000,0.6570,-0.0192,-0.0193,13.00,0.00,1791449008.613124,7,0,4.1
exp4_rot_20261008_174201,1791449008.476655,camera_color_optical_frame,2068,640,480,1,309.9,229.4,-0.0316,-0.0441,0.00486,2,1,1.000,0.6600,-0.0158,-0.0171,12.14,0.00,1791449008.648413,7,0,2.8
exp4_rot_20261008_174201,1791449008.510014,camera_color_optical_frame,2069,640,480,1,313.2,231.7,-0.0212,-0.0347,0.00481,2,1,1.000,0.6560,-0.0121,-0.0146,14.20,0.00,1791449008.689856,7,0,2.8
exp4_rot_20261008_174201,1791449008.543373,camera_color_optical_frame,2070,640,480,1,316.7,233.9,-0.0103,-0.0256,0.00481,2,1,1.000,0.6570,-0.0083,-0.0122,14.32,0.00,1791449008.730271,7,0,4.1
exp4_rot_20261008_174201,1791449008.576733,camera_color_optical_frame,2071,640,480,1,320.7,236.2,0.0022,-0.0156,0.00476,2,1,1.000,0.6570,-0.0040,-0.0096,13.97,0.00,1791449008.767963,7,0,2.8
exp4_rot_20261008_174201,1791449008.610092,camera_color_optical_frame,2072,640,480,1,325.0,238.7,0.0156,-0.0055,0.00479,2,1,1.000,0.6580,0.0007,-0.0070,15.08,0.00,1791449008.812019,7,0,1.4
exp4_rot_20261008_174201,1791449008.643451,camera_color_optical_frame,2073,640,480,1,328.2,240.6,0.0255,0.0024,0.00470,2,1,1.000,0.6620,0.0041,-0.0050,20.92,0.00,1791449008.857126,7,0,1.4
exp4_rot_20261008_174201,1791449008.676811,camera_color_optical_frame,2074,640,480,1,330.9,242.5,0.0340,0.0106,0.00469,2,1,1.000,0.6600,0.0071,-0.0028,27.09,0.00,1791449008.906455,7,0,0.0
exp4_rot_20261008_174201,1791449008.710171,camera_color_optical_frame,2075,640,480,1,334.8,243.7,0.0462,0.0153,0.00471,2,1,1.000,0.6630,0.0114,-0.0016,13.42,0.00,1791449008.929616,7,0,0.0
exp4_rot_20261008_174201,1791449008.743530,camera_color_optical_frame,2076,640,480,1,338.0,243.9,0.0562,0.0162,0.00470,2,1,1.000,0.6600,0.0148,-0.0014,11.49,0.00,1791449008.956784,7,0,0.0
exp4_rot_20261008_174201,1791449008.810249,camera_color_optical_frame,2077,640,480,1,343.2,244.8,0.0725,0.0200,0.00470,2,1,1.000,0.6600,0.0205,-0.0004,11.69,0.00,1791449008.995267,7,0,0.0
exp4_rot_20261008_174201,1791449008.843609,camera_color_optical_frame,2078,640,480,1,345.6,245.5,0.0799,0.0227,0.00464,2,1,1.000,0.6590,0.0230,0.0003,33.95,0.00,1791449009.053343,7,0,0.0
exp4_rot_20261008_174201,1791449008.876969,camera_color_optical_frame,2079,640,480,1,348.0,245.7,0.0874,0.0238,0.00464,2,1,1.000,0.6600,0.0257,0.0006,10.93,0.00,1791449009.075434,7,0,0.0
exp4_rot_20261008_174201,1791449008.910329,camera_color_optical_frame,2080,640,480,1,350.4,246.2,0.0950,0.0257,0.00464,2,1,1.000,0.6610,0.0284,0.0011,16.28,0.00,1791449009.120557,7,0,0.0
exp4_rot_20261008_174201,1791449008.943689,camera_color_optical_frame,2081,640,480,1,353.1,246.7,0.1036,0.0279,0.00463,2,1,1.000,0.6640,0.0315,0.0017,15.35,0.00,1791449009.156129,7,0,1.4
exp4_rot_20261008_174201,1791449008.977048,camera_color_optical_frame,2082,640,480,1,355.8,247.5,0.1119,0.0312,0.00450,2,1,1.000,0.6610,0.0343,0.0026,14.82,0.00,1791449009.191331,7,0,4.1
exp4_rot_20261008_174201,1791449009.010409,camera_color_optical_frame,2083,640,480,1,358.5,247.7,0.1203,0.0321,0.00454,2,1,1.000,0.6590,0.0371,0.0028,20.98,0.00,1791449009.236033,7,0,4.1
exp4_rot_20261008_174201,1791449009.043768,camera_color_optical_frame,2084,640,480,1,360.4,247.7,0.1263,0.0322,0.00455,2,1,1.000,0.6620,0.0394,0.0028,16.25,0.00,1791449009.265704,7,0,4.1
exp4_rot_20261008_174201,1791449009.110489,camera_color_optical_frame,2085,640,480,1,361.4,248.5,0.1295,0.0356,0.00456,2,1,1.000,0.6640,0.0406,0.0037,13.47,0.00,1791449009.296672,7,0,2.8
exp4_rot_20261008_174201,1791449009.143849,camera_color_optical_frame,2086,640,480,1,362.2,249.0,0.1319,0.0373,0.00454,2,1,1.000,0.6630,0.0414,0.0042,15.65,0.00,1791449009.336221,7,0,2.8
exp4_rot_20261008_174201,1791449009.177209,camera_color_optical_frame,2087,640,480,1,363.7,249.7,0.1366,0.0404,0.00454,2,1,1.000,0.6620,0.0430,0.0050,12.46,0.00,1791449009.367446,7,0,5.5
exp4_rot_20261008_174201,1791449009.210569,camera_color_optical_frame,2088,640,480,1,364.9,250.7,0.1404,0.0448,0.00451,2,1,1.000,0.6630,0.0444,0.0061,12.60,0.00,1791449009.399708,7,0,5.5
exp4_rot_20261008_174201,1791449009.243929,camera_color_optical_frame,2089,640,480,1,364.6,251.4,0.1393,0.0474,0.00455,2,1,1.000,0.6630,0.0440,0.0068,15.51,0.00,1791449009.436932,7,0,6.9
exp4_rot_20261008_174201,1791449009.277288,camera_color_optical_frame,2090,640,480,1,364.1,252.0,0.1380,0.0500,0.00453,2,1,1.000,0.6640,0.0436,0.0075,12.96,0.00,1791449009.482887,7,0,8.2
exp4_rot_20261008_174201,1791449009.310646,camera_color_optical_frame,2091,640,480,1,363.9,252.7,0.1371,0.0529,0.00454,2,1,1.000,0.6630,0.0432,0.0083,13.66,0.00,1791449009.522937,7,0,8.2
exp4_rot_20261008_174201,1791449009.344004,camera_color_optical_frame,2092,640,480,1,363.6,253.5,0.1362,0.0562,0.00452,2,1,1.000,0.6620,0.0429,0.0091,12.81,0.00,1791449009.560431,7,0,6.9
exp4_rot_20261008_174201,1791449009.377363,camera_color_optical_frame,2093,640,480,1,362.6,254.1,0.1332,0.0588,0.00451,2,1,1.000,0.6640,0.0419,0.0098,17.16,0.00,1791449009.602263,7,0,6.9
exp4_rot_20261008_174201,1791449009.444080,camera_color_optical_frame,2094,640,480,1,361.2,255.6,0.1289,0.0649,0.00445,2,1,1.000,0.6620,0.0403,0.0114,15.84,0.00,1791449009.638438,7,0,6.9
exp4_rot_20261008_174201,1791449009.477438,camera_color_optical_frame,2095,640,480,1,360.6,256.0,0.1270,0.0665,0.00446,2,1,1.000,0.6620,0.0396,0.0118,13.45,0.00,1791449009.666696,7,0,6.9
exp4_rot_20261008_174201,1791449009.510797,camera_color_optical_frame,2096,640,480,1,360.1,256.2,0.1252,0.0676,0.00445,2,1,1.000,0.6630,0.0391,0.0121,20.15,0.00,1791449009.717395,7,0,6.9
exp4_rot_20261008_174201,1791449009.544156,camera_color_optical_frame,2097,640,480,1,359.3,256.6,0.1229,0.0692,0.00442,2,1,1.000,0.6620,0.0382,0.0125,15.39,0.00,1791449009.752718,7,0,6.9
exp4_rot_20261008_174201,1791449009.577514,camera_color_optical_frame,2098,640,480,1,358.4,256.8,0.1200,0.0701,0.00444,2,1,1.000,0.6640,0.0373,0.0128,13.70,0.00,1791449009.788748,7,0,6.9
exp4_rot_20261008_174201,1791449009.610873,camera_color_optical_frame,2099,640,480,1,357.6,257.0,0.1176,0.0707,0.00441,2,1,1.000,0.6650,0.0365,0.0130,12.43,0.00,1791449009.825224,7,0,8.2
exp4_rot_20261008_174201,1791449009.644232,camera_color_optical_frame,2100,640,480,1,356.5,257.0,0.1139,0.0707,0.00443,2,1,0.991,0.6610,0.0350,0.0129,21.67,0.00,1791449009.879209,7,0,8.2
exp4_rot_20261008_174201,1791449009.710949,camera_color_optical_frame,2101,640,480,1,353.7,256.6,0.1054,0.0693,0.00441,2,1,0.981,0.6620,0.0321,0.0125,13.91,0.00,1791449009.913108,7,0,8.2
exp4_rot_20261008_174201,1791449009.744308,camera_color_optical_frame,2102,640,480,1,352.4,255.9,0.1011,0.0663,0.00439,2,1,0.975,0.6630,0.0306,0.0118,14.20,0.00,1791449009.946592,7,0,5.5
exp4_rot_20261008_174201,1791449009.777668,camera_color_optical_frame,2103,640,480,1,351.0,254.6,0.0969,0.0609,0.00437,2,1,0.991,0.6610,0.0291,0.0103,15.23,0.00,1791449009.989121,7,0,5.5
exp4_rot_20261008_174201,1791449009.811026,camera_color_optical_frame,2104,640,480,1,349.8,253.2,0.0930,0.0548,0.00435,2,1,1.000,0.6610,0.0277,0.0088,13.58,0.00,1791449010.021560,7,0,5.5
exp4_rot_20261008_174201,1791449009.844385,camera_color_optical_frame,2105,640,480,1,349.0,251.4,0.0905,0.0474,0.00437,2,1,1.000,0.6620,0.0269,0.0068,29.63,0.00,1791449010.081642,7,0,5.5
exp4_rot_20261008_174201,1791449009.877744,camera_color_optical_frame,2106,640,480,1,348.6,249.6,0.0894,0.0399,0.00435,2,1,1.000,0.6610,0.0265,0.0049,21.17,0.00,1791449010.128342,7,0,6.9
exp4_rot_20261008_174201,1791449009.944463,camera_color_optical_frame,2107,640,480,1,347.8,246.6,0.0867,0.0274,0.00437,2,1,1.000,0.6610,0.0255,0.0016,18.17,0.00,1791449010.166360,7,0,6.9
exp4_rot_20261008_174201,1791449009.977822,camera_color_optical_frame,2108,640,480,1,347.3,245.2,0.0854,0.0217,0.00435,2,1,1.000,0.6630,0.0251,0.0001,20.11,0.00,1791449010.202765,7,0,6.9
exp4_rot_20261008_174201,1791449010.011182,camera_color_optical_frame,2109,640,480,1,346.9,243.8,0.0842,0.0160,0.00431,2,1,1.000,0.6620,0.0247,-0.0014,17.33,0.00,1791449010.231258,7,0,5.5
exp4_rot_20261008_174201,1791449010.044541,camera_color_optical_frame,2110,640,480,1,346.7,242.3,0.0834,0.0095,0.00433,2,1,1.000,0.6630,0.0244,-0.0031,14.51,0.00,1791449010.255895,7,0,5.5
exp4_rot_20261008_174201,1791449010.077900,camera_color_optical_frame,2111,640,480,1,346.5,241.0,0.0829,0.0041,0.00432,2,1,1.000,0.6640,0.0243,-0.0046,36.00,0.00,1791449010.311543,7,0,4.1
exp4_rot_20261008_174201,1791449010.111260,camera_color_optical_frame,2112,640,480,1,346.5,239.7,0.0827,-0.0011,0.00431,2,1,1.000,0.6600,0.0241,-0.0059,22.79,0.00,1791449010.357051,7,0,4.1
exp4_rot_20261008_174201,1791449010.211339,camera_color_optical_frame,2113,640,480,1,345.2,238.5,0.0788,-0.0061,0.00435,2,0,,,,,22.78,66.72,1791449010.398195,7,0,4.1
exp4_rot_20261008_174201,1791449010.244699,camera_color_optical_frame,2114,640,480,1,344.8,238.8,0.0774,-0.0052,0.00436,2,1,1.000,0.6630,0.0223,-0.0070,17.71,0.00,1791449010.440116,7,0,4.1
exp4_rot_20261008_174201,1791449010.278055,camera_color_optical_frame,2115,640,480,1,344.0,239.1,0.0751,-0.0036,0.00433,2,1,1.000,0.6620,0.0215,-0.0066,13.07,0.00,1791449010.463274,7,0,4.1
exp4_rot_20261008_174201,1791449010.311411,camera_color_optical_frame,2116,640,480,1,343.1,239.4,0.0722,-0.0026,0.00434,2,1,1.000,0.6610,0.0205,-0.0063,15.24,0.00,1791449010.498797,7,0,4.1
exp4_rot_20261008_174201,1791449010.344767,camera_color_optical_frame,2117,640,480,1,342.2,239.8,0.0694,-0.0010,0.00431,2,1,1.000,0.6640,0.0195,-0.0059,14.57,0.00,1791449010.527292,7,0,4.1
exp4_rot_20261008_174201,1791449010.378124,camera_color_optical_frame,2118,640,480,1,341.3,240.0,0.0667,-0.0001,0.00434,2,1,1.000,0.6600,0.0185,-0.0056,14.04,0.00,1791449010.573157,7,0,4.1
exp4_rot_20261008_174201,1791449010.411480,camera_color_optical_frame,2119,640,480,1,340.4,240.2,0.0636,0.0009,0.00433,2,1,1.000,0.6600,0.0174,-0.0054,14.80,0.00,1791449010.608792,7,0,4.1
exp4_rot_20261008_174201,1791449010.444837,camera_color_optical_frame,2120,640,480,1,339.1,240.4,0.0598,0.0019,0.00434,2,1,1.000,0.6620,0.0161,-0.0051,13.97,0.00,1791449010.651360,7,0,4.1
exp4_rot_20261008_174201,1791449010.478193,camera_color_optical_frame,2121,640,480,1,338.2,240.7,0.0570,0.0030,0.00435,2,1,1.000,0.6590,0.0151,-0.0048,13.99,0.00,1791449010.686496,7,0,4.1
exp4_rot_20261008_174201,1791449010.511549,camera_color_optical_frame,2122,640,480,1,337.3,241.0,0.0542,0.0040,0.00433,2,1,1.000,0.6600,0.0141,-0.0046,19.38,0.00,1791449010.741426,7,0,4.1
exp4_rot_20261008_174201,1791449010.578263,camera_color_optical_frame,2123,640,480,1,335.9,241.3,0.0497,0.0054,0.00430,2,1,1.000,0.6620,0.0126,-0.0042,15.69,0.00,1791449010.771752,7,0,4.1
exp4_rot_20261008_174201,1791449010.611619,camera_color_optical_frame,2124,640,480,1,335.4,241.4,0.0481,0.0057,0.00432,2,1,1.000,0.6610,0.0120,-0.0041,13.35,0.00,1791449010.804273,7,0,2.8
exp4_rot_20261008_174201,1791449010.644976,camera_color_optical_frame,2125,640,480,1,335.0,241.2,0.0468,0.0051,0.00432,2,1,1.000,0.6600,0.0116,-0.0043,29.86,0.00,1791449010.857157,7,0,2.8
exp4_rot_20261008_174201,1791449010.678333,camera_color_optical_frame,2126,640,480,1,334.7,241.1,0.0460,0.0044,0.00433,2,1,1.000,0.6590,0.0113,-0.0044,14.53,0.00,1791449010.892942,7,0,4.1
exp4_rot_20261008_174201,1791449010.711689,camera_color_optical_frame,2127,640,480,1,334.5,241.2,0.0452,0.0050,0.00431,2,1,1.000,0.6640,0.0111,-0.0043,17.02,0.00,1791449010.930550,7,0,4.1
exp4_rot_20261008_174201,1791449010.745046,camera_color_optical_frame,2128,640,480,1,334.2,241.5,0.0443,0.0063,0.00425,2,1,1.000,0.6650,0.0108,-0.0040,15.56,0.00,1791449010.968852,7,0,1.4
exp4_rot_20261008_174201,1791449010.778403,camera_color_optical_frame,2129,640,480,1,334.1,241.6,0.0441,0.0068,0.00429,2,1,1.000,0.6610,0.0106,-0.0038,13.83,0.00,1791449011.004023,7,0,2.8
exp4_rot_20261008_174201,1791449010.845117,camera_color_optical_frame,2130,640,480,1,337.0,242.5,0.0531,0.0103,0.00427,2,1,1.000,0.6620,0.0138,-0.0029,14.19,0.00,1791449011.039029,7,0,2.8
exp4_rot_20261008_174201,1791449010.878474,camera_color_optical_frame,2131,640,480,1,337.3,242.9,0.0541,0.0119,0.00426,2,1,1.000,0.6640,0.0142,-0.0025,29.05,0.00,1791449011.099480,7,0,1.4
exp4_rot_20261008_174201,1791449010.911830,camera_color_optical_frame,2132,640,480,1,337.1,243.3,0.0533,0.0136,0.00428,2,1,1.000,0.6620,0.0139,-0.0021,16.71,0.00,1791449011.128913,7,0,1.4
exp4_rot_20261008_174201,1791449010.945187,camera_color_optical_frame,2133,640,480,1,337.4,243.6,0.0544,0.0148,0.00426,2,1,1.000,0.6640,0.0143,-0.0017,13.46,0.00,1791449011.163771,7,0,2.8
exp4_rot_20261008_174201,1791449010.978544,camera_color_optical_frame,2134,640,480,1,338.9,244.2,0.0590,0.0175,0.00423,2,1,1.000,0.6630,0.0159,-0.0010,16.16,0.00,1791449011.208044,7,0,1.4
exp4_rot_20261008_174201,1791449011.011901,camera_color_optical_frame,2135,640,480,1,339.9,244.7,0.0623,0.0197,0.00427,2,1,1.000,0.6630,0.0170,-0.0004,13.02,0.00,1791449011.243166,7,0,1.4
exp4_rot_20261008_174201,1791449011.078615,camera_color_optical_frame,2136,640,480,1,340.1,245.8,0.0628,0.0240,0.00427,2,1,1.000,0.6620,0.0172,0.0007,14.10,0.00,1791449011.280087,7,0,1.4
exp4_rot_20261008_174201,1791449011.111973,camera_color_optical_frame,2137,640,480,1,341.2,246.1,0.0663,0.0255,0.00423,2,1,1.000,0.6640,0.0185,0.0011,24.26,0.00,1791449011.332087,7,0,2.8
exp4_rot_20261008_174201,1791449011.145330,camera_color_optical_frame,2138,640,480,1,342.0,246.5,0.0687,0.0271,0.00424,2,1,1.000,0.6640,0.0193,0.0015,22.24,0.00,1791449011.370118,7,0,2.8
exp4_rot_20261008_174201,1791449011.178687,camera_color_optical_frame,2139,640,480,1,341.7,246.7,0.0679,0.0280,0.00427,2,1,1.000,0.6610,0.0190,0.0017,17.89,0.00,1791449011.401370,7,0,2.8
exp4_rot_20261008_174201,1791449011.245401,camera_color_optical_frame,2140,640,480,1,341.7,246.9,0.0677,0.0289,0.00427,2,1,1.000,0.6620,0.0189,0.0020,16.85,0.00,1791449011.436470,7,0,1.4
exp4_rot_20261008_174201,1791449011.278760,camera_color_optical_frame,2141,640,480,1,341.4,247.0,0.0668,0.0292,0.00423,2,1,1.000,0.6640,0.0186,0.0021,13.51,0.00,1791449011.483612,7,0,4.1
exp4_rot_20261008_174201,1791449011.312118,camera_color_optical_frame,2142,640,480,1,340.3,247.0,0.0633,0.0292,0.00425,2,1,1.000,0.6620,0.0174,0.0020,14.19,0.00,1791449011.517464,7,0,4.1
exp4_rot_20261008_174201,1791449011.345477,camera_color_optical_frame,2143,640,480,1,339.2,246.9,0.0601,0.0289,0.00422,2,1,1.000,0.6620,0.0163,0.0020,14.29,0.00,1791449011.551036,7,0,2.8
exp4_rot_20261008_174201,1791449011.378836,camera_color_optical_frame,2144,640,480,1,338.0,247.0,0.0562,0.0293,0.00423,2,1,1.000,0.6630,0.0149,0.0021,24.89,0.00,1791449011.604427,7,0,2.8
exp4_rot_20261008_174201,1791449011.412194,camera_color_optical_frame,2145,640,480,1,336.8,247.1,0.0526,0.0297,0.00426,2,1,1.000,0.6600,0.0136,0.0022,14.81,0.00,1791449011.630185,7,0,2.8
exp4_rot_20261008_174201,1791449011.445553,camera_color_optical_frame,2146,640,480,1,335.8,247.2,0.0493,0.0302,0.00429,2,1,1.000,0.6610,0.0124,0.0023,13.29,0.00,1791449011.659055,7,0,4.1
exp4_rot_20261008_174201,1791449011.512270,camera_color_optical_frame,2147,640,480,1,334.1,247.5,0.0440,0.0314,0.00426,2,1,1.000,0.6650,0.0106,0.0026,37.33,0.00,1791449011.724929,7,0,4.1
exp4_rot_20261008_174201,1791449011.578987,camera_color_optical_frame,2148,640,480,1,332.3,247.7,0.0385,0.0322,0.00427,2,0,,,,,20.89,33.36,1791449011.770871,7,0,4.1
exp4_rot_20261008_174201,1791449011.612346,camera_color_optical_frame,2149,640,480,1,331.2,247.8,0.0349,0.0325,0.00425,2,1,1.000,0.6610,0.0074,0.0029,19.25,0.00,1791449011.826671,7,0,2.8
exp4_rot_20261008_174201,1791449011.645705,camera_color_optical_frame,2150,640,480,1,330.0,247.9,0.0313,0.0331,0.00427,2,1,1.000,0.6620,0.0062,0.0031,18.52,0.00,1791449011.853896,7,0,2.8
exp4_rot_20261008_174201,1791449011.679063,camera_color_optical_frame,2151,640,480,1,329.1,247.9,0.0284,0.0328,0.00425,2,1,1.000,0.6620,0.0052,0.0030,13.11,0.00,1791449011.880107,7,0,2.8
exp4_rot_20261008_174201,1791449011.712422,camera_color_optical_frame,2152,640,480,1,328.8,247.7,0.0276,0.0321,0.00428,2,1,1.000,0.6620,0.0049,0.0028,13.62,0.00,1791449011.912508,7,0,1.4
exp4_rot_20261008_174201,1791449011.745781,camera_color_optical_frame,2153,640,480,1,327.6,247.6,0.0237,0.0319,0.00427,2,1,1.000,0.6620,0.0035,0.0027,11.36,0.00,1791449011.942305,7,0,2.8
exp4_rot_20261008_174201,1791449011.779140,camera_color_optical_frame,2154,640,480,1,325.8,247.6,0.0181,0.0318,0.00428,2,1,1.000,0.6640,0.0016,0.0027,13.09,0.00,1791449011.973058,7,0,1.4
exp4_rot_20261008_174201,1791449011.812498,camera_color_optical_frame,2155,640,480,1,324.6,247.5,0.0143,0.0312,0.00431,2,1,1.000,0.6610,0.0002,0.0026,12.39,0.00,1791449012.012249,7,0,2.8
exp4_rot_20261008_174201,1791449011.879216,camera_color_optical_frame,2156,640,480,1,322.4,247.4,0.0074,0.0308,0.00428,2,1,1.000,0.6610,-0.0022,0.0025,13.37,0.00,1791449012.050880,7,0,1.4
exp4_rot_20261008_174201,1791449011.912574,camera_color_optical_frame,2157,640,480,1,320.1,247.8,0.0002,0.0323,0.00431,2,1,1.000,0.6590,-0.0047,0.0028,11.75,0.00,1791449012.083397,7,0,0.0
exp4_rot_20261008_174201,1791449011.945933,camera_color_optical_frame,2158,640,480,1,319.0,247.6,-0.0031,0.0317,0.00434,2,1,1.000,0.6570,-0.0058,0.0027,12.14,0.00,1791449012.116337,7,0,0.0
exp4_rot_20261008_174201,1791449011.979292,camera_color_optical_frame,2159,640,480,1,317.9,247.7,-0.0064,0.0322,0.00432,2,1,1.000,0.6610,-0.0070,0.0028,22.39,0.00,1791449012.163691,7,0,0.0
exp4_rot_20261008_174201,1791449012.012651,camera_color_optical_frame,2160,640,480,1,316.6,248.0,-0.0105,0.0331,0.00433,2,1,1.000,0.6610,-0.0084,0.0031,13.22,0.00,1791449012.190001,7,0,0.0
exp4_rot_20261008_174201,1791449012.046010,camera_color_optical_frame,2161,640,480,1,315.4,247.8,-0.0144,0.0325,0.00433,2,1,1.000,0.6540,-0.0097,0.0029,12.54,0.00,1791449012.219640,7,0,0.0
exp4_rot_20261008_174201,1791449012.079368,camera_color_optical_frame,2162,640,480,1,313.7,247.7,-0.0196,0.0320,0.00432,2,1,1.000,0.6560,-0.0115,0.0028,12.55,0.00,1791449012.254520,7,0,0.0
exp4_rot_20261008_174201,1791449012.112727,camera_color_optical_frame,2163,640,480,1,311.9,247.3,-0.0252,0.0304,0.00431,2,1,1.000,0.6580,-0.0135,0.0023,12.97,0.00,1791449012.292795,7,0,0.0
exp4_rot_20261008_174201,1791449012.146086,camera_color_optical_frame,2164,640,480,1,310.0,246.9,-0.0312,0.0286,0.00429,2,1,1.000,0.6590,-0.0156,0.0019,13.41,0.00,1791449012.328092,7,0,0.0
exp4_rot_20261008_174201,1791449012.179445,camera_color_optical_frame,2165,640,480,1,308.0,246.3,-0.0374,0.0262,0.00431,2,1,1.000,0.6570,-0.0177,0.0013,14.03,0.00,1791449012.363998,7,0,0.0
exp4_rot_20261008_174201,1791449012.212804,camera_color_optical_frame,2166,640,480,1,305.9,245.6,-0.0441,0.0234,0.00429,2,1,1.000,0.6570,-0.0200,0.0005,30.35,0.00,1791449012.423186,7,0,0.0
exp4_rot_20261008_174201,1791449012.246163,camera_color_optical_frame,2167,640,480,1,303.5,245.3,-0.0515,0.0220,0.00425,2,1,1.000,0.6550,-0.0225,0.0002,31.93,0.00,1791449012.466630,7,0,0.0
exp4_rot_20261008_174201,1791449012.279525,camera_color_optical_frame,2168,640,480,1,300.7,244.7,-0.0603,0.0197,0.00428,2,1,1.000,0.6560,-0.0256,-0.0004,17.62,0.00,1791449012.501610,7,0,0.0
exp4_rot_20261008_174201,1791449012.312880,camera_color_optical_frame,2169,640,480,1,297.9,244.2,-0.0691,0.0174,0.00431,2,1,1.000,0.6540,-0.0286,-0.0011,23.00,0.00,1791449012.538209,7,0,0.0
exp4_rot_20261008_174201,1791449012.346235,camera_color_optical_frame,2170,640,480,1,295.0,243.6,-0.0781,0.0148,0.00432,2,1,1.000,0.6530,-0.0316,-0.0017,24.12,0.00,1791449012.573185,7,0,0.0
exp4_rot_20261008_174201,1791449012.379590,camera_color_optical_frame,2171,640,480,1,291.8,243.0,-0.0880,0.0125,0.00432,2,1,1.000,0.6520,-0.0350,-0.0023,15.06,0.00,1791449012.610002,7,0,0.0
exp4_rot_20261008_174201,1791449012.412945,camera_color_optical_frame,2172,640,480,1,288.9,242.7,-0.0971,0.0114,0.00437,2,1,1.000,0.6510,-0.0381,-0.0026,15.15,0.00,1791449012.648563,7,0,0.0
exp4_rot_20261008_174201,1791449012.446300,camera_color_optical_frame,2173,640,480,1,286.0,242.3,-0.1062,0.0096,0.00438,2,1,1.000,0.6510,-0.0412,-0.0031,15.42,0.00,1791449012.696329,7,0,1.4
exp4_rot_20261008_174201,1791449012.513009,camera_color_optical_frame,2174,640,480,1,283.0,241.9,-0.1156,0.0078,0.00449,2,1,1.000,0.6490,-0.0443,-0.0035,15.95,0.00,1791449012.728095,7,0,1.4
exp4_rot_20261008_174201,1791449012.546364,camera_color_optical_frame,2175,640,480,1,281.2,241.5,-0.1213,0.0061,0.00443,2,1,1.000,0.6485,-0.0462,-0.0039,17.72,0.00,1791449012.764528,7,0,4.1
exp4_rot_20261008_174201,1791449012.579719,camera_color_optical_frame,2176,640,480,1,278.7,241.0,-0.1290,0.0040,0.00452,2,1,1.000,0.6500,-0.0490,-0.0045,19.73,0.00,1791449012.800958,7,0,4.1
exp4_rot_20261008_174201,1791449012.646428,camera_color_optical_frame,2177,640,480,1,277.0,240.2,-0.1343,0.0007,0.00456,2,1,1.000,0.6480,-0.0506,-0.0053,19.27,0.00,1791449012.834730,7,0,4.1
exp4_rot_20261008_174201,1791449012.679783,camera_color_optical_frame,2178,640,480,1,276.5,239.7,-0.1359,-0.0012,0.00456,2,1,1.000,0.6500,-0.0513,-0.0058,11.53,0.00,1791449012.860635,7,0,5.5
exp4_rot_20261008_174201,1791449012.713137,camera_color_optical_frame,2179,640,480,1,275.9,239.3,-0.1377,-0.0031,0.00454,2,1,1.000,0.6480,-0.0518,-0.0063,13.96,0.00,1791449012.902402,7,0,5.5
exp4_rot_20261008_174201,1791449012.813201,camera_color_optical_frame,2180,640,480,1,275.4,237.4,-0.1395,-0.0108,0.00456,2,0,,,,,10.80,66.71,1791449013.024920,7,0,5.5
exp4_rot_20261008_174201,1791449012.846555,camera_color_optical_frame,2181,640,480,1,275.4,236.7,-0.1393,-0.0138,0.00458,2,0,,,,,10.69,66.71,1791449013.047286,7,0,5.5
exp4_rot_20261008_174201,1791449012.879910,camera_color_optical_frame,2182,640,480,1,275.7,236.4,-0.1384,-0.0148,0.00456,2,0,,,,,11.06,66.71,1791449013.071961,7,0,5.5
exp4_rot_20261008_174201,1791449012.946619,camera_color_optical_frame,2183,640,480,1,277.5,235.4,-0.1327,-0.0192,0.00458,2,0,,,,,15.46,100.06,1791449013.100467,7,0,5.5
exp4_rot_20261008_174201,1791449013.046682,camera_color_optical_frame,2184,640,480,1,281.8,234.0,-0.1195,-0.0252,0.00456,2,0,,,,,9.37,166.77,1791449013.117781,7,0,5.5
exp4_rot_20261008_174201,1791449013.080036,camera_color_optical_frame,2185,640,480,1,283.0,233.4,-0.1157,-0.0276,0.00459,2,1,1.000,0.6480,-0.0443,-0.0126,14.40,0.00,1791449013.165873,7,0,6.9
exp4_rot_20261008_174201,1791449013.113391,camera_color_optical_frame,2186,640,480,1,283.7,232.8,-0.1134,-0.0299,0.00459,2,1,1.000,0.6490,-0.0435,-0.0132,13.43,0.00,1791449013.207874,7,0,6.9
exp4_rot_20261008_174201,1791449013.146745,camera_color_optical_frame,2187,640,480,1,284.5,232.4,-0.1110,-0.0317,0.00458,2,1,1.000,0.6490,-0.0427,-0.0137,16.02,0.00,1791449013.254197,7,0,6.9
exp4_rot_20261008_174201,1791449013.180099,camera_color_optical_frame,2188,640,480,1,285.9,232.0,-0.1066,-0.0335,0.00458,2,1,1.000,0.6500,-0.0413,-0.0141,40.12,0.00,1791449013.338076,7,0,6.9
exp4_rot_20261008_174201,1791449013.213453,camera_color_optical_frame,2189,640,480,1,287.1,231.4,-0.1029,-0.0358,0.00464,2,1,1.000,0.6480,-0.0399,-0.0147,33.50,0.00,1791449013.395040,7,0,6.9
exp4_rot_20261008_174201,1791449013.280161,camera_color_optical_frame,2190,640,480,1,288.7,231.0,-0.0977,-0.0374,0.00463,2,0,,,,,26.97,33.35,1791449013.458025,7,0,6.9
exp4_rot_20261008_174201,1791449013.313504,camera_color_optical_frame,2191,640,480,1,289.2,230.5,-0.0962,-0.0395,0.00464,2,0,,,,,27.53,33.34,1791449013.507797,7,0,6.9
exp4_rot_20261008_174201,1791449013.346864,camera_color_optical_frame,2192,640,480,1,289.8,230.4,-0.0944,-0.0400,0.00463,2,0,,,,,28.55,33.36,1791449013.568968,7,0,5.5
exp4_rot_20261008_174201,1791449013.413584,camera_color_optical_frame,2193,640,480,1,290.6,229.7,-0.0918,-0.0431,0.00466,2,0,,,,,32.73,66.72,1791449013.635941,7,0,6.9
exp4_rot_20261008_174201,1791449013.446944,camera_color_optical_frame,2194,640,480,1,291.4,229.2,-0.0895,-0.0450,0.00465,2,0,,,,,26.40,66.72,1791449013.689995,7,0,5.5
exp4_rot_20261008_174201,1791449013.513664,camera_color_optical_frame,2195,640,480,1,292.5,228.9,-0.0858,-0.0464,0.00463,2,0,,,,,24.44,100.08,1791449013.743962,7,0,5.5
exp4_rot_20261008_174201,1791449013.547024,camera_color_optical_frame,2196,640,480,1,293.0,228.7,-0.0845,-0.0471,0.00469,2,0,,,,,24.04,100.08,1791449013.798159,7,0,6.9
exp4_rot_20261008_174201,1791449013.580384,camera_color_optical_frame,2197,640,480,1,293.2,228.6,-0.0839,-0.0476,0.00468,2,0,,,,,23.83,100.08,1791449013.844239,7,0,5.5
exp4_rot_20261008_174201,1791449013.647104,camera_color_optical_frame,2198,640,480,1,293.7,228.2,-0.0821,-0.0493,0.00467,2,0,,,,,27.36,133.44,1791449013.894978,7,0,5.5
exp4_rot_20261008_174201,1791449013.713825,camera_color_optical_frame,2199,640,480,1,295.6,227.7,-0.0763,-0.0511,0.00465,2,0,,,,,21.73,166.80,1791449013.938006,7,0,5.5
exp4_rot_20261008_174201,1791449013.747185,camera_color_optical_frame,2200,640,480,1,296.7,227.6,-0.0729,-0.0517,0.00468,2,1,1.000,0.6460,-0.0295,-0.0187,18.72,0.00,1791449014.008258,7,0,5.5
exp4_rot_20261008_174201,1791449013.813906,camera_color_optical_frame,2201,640,480,1,300.8,227.6,-0.0601,-0.0515,0.00467,2,1,1.000,0.6460,-0.0251,-0.0187,26.48,0.00,1791449014.096658,7,0,0.0
exp4_rot_20261008_174201,1791449013.847266,camera_color_optical_frame,2202,640,480,1,303.6,227.7,-0.0513,-0.0514,0.00464,2,1,1.000,0.6480,-0.0222,-0.0187,27.66,0.00,1791449014.171180,7,0,0.0
exp4_rot_20261008_174201,1791449013.880627,camera_color_optical_frame,2203,640,480,1,306.7,228.2,-0.0417,-0.0492,0.00460,2,1,1.000,0.6470,-0.0189,-0.0181,29.75,0.00,1791449014.244389,7,0,0.0
exp4_rot_20261008_174201,1791449014.147512,camera_color_optical_frame,2204,640,480,1,346.1,240.2,0.0817,0.0008,0.00420,2,0,,,,,12.73,266.89,1791449014.268039,7,0,2.8
exp4_rot_20261008_174201,1791449014.214234,camera_color_optical_frame,2205,640,480,1,355.4,248.4,0.1108,0.0349,0.00420,2,0,,,,,8.34,333.61,1791449014.282546,7,0,2.8
exp4_rot_20261008_174201,1791449014.247595,camera_color_optical_frame,2206,640,480,1,358.6,251.9,0.1207,0.0497,0.00434,2,1,1.000,0.6560,0.0371,0.0074,13.86,0.00,1791449014.341129,7,0,1.4
exp4_rot_20261008_174201,1791449014.280956,camera_color_optical_frame,2207,640,480,1,360.7,255.0,0.1272,0.0624,0.00430,2,1,1.000,0.6580,0.0395,0.0107,17.71,0.00,1791449014.386577,7,0,1.4
exp4_rot_20261008_174201,1791449014.314317,camera_color_optical_frame,2208,640,480,1,362.9,258.2,0.1340,0.0759,0.00441,2,1,1.000,0.6570,0.0418,0.0142,39.62,0.00,1791449014.449638,7,0,1.4
exp4_rot_20261008_174201,1791449014.347678,camera_color_optical_frame,2209,640,480,1,363.5,259.6,0.1358,0.0817,0.00446,2,1,1.000,0.6590,0.0425,0.0157,27.33,0.00,1791449014.498531,7,0,1.4
exp4_rot_20261008_174201,1791449014.381035,camera_color_optical_frame,2210,640,480,1,362.2,259.9,0.1320,0.0827,0.00448,2,1,1.000,0.6590,0.0412,0.0160,26.91,0.00,1791449014.551836,7,0,1.4
exp4_rot_20261008_174201,1791449014.414391,camera_color_optical_frame,2211,640,480,1,360.7,259.5,0.1271,0.0814,0.00447,2,1,1.000,0.6620,0.0397,0.0157,29.03,0.00,1791449014.603010,7,0,1.4
exp4_rot_20261008_174201,1791449014.447748,camera_color_optical_frame,2212,640,480,1,359.4,258.0,0.1231,0.0750,0.00436,2,1,1.000,0.6610,0.0382,0.0140,24.18,0.00,1791449014.641752,7,0,4.1
exp4_rot_20261008_174201,1791449014.481105,camera_color_optical_frame,2213,640,480,1,355.7,256.0,0.1114,0.0666,0.00427,2,1,1.000,0.6630,0.0342,0.0119,16.24,0.00,1791449014.688530,7,0,4.1
exp4_rot_20261008_174201,1791449014.514461,camera_color_optical_frame,2214,640,480,1,351.7,253.5,0.0992,0.0562,0.00427,2,1,1.000,0.6650,0.0300,0.0092,15.61,0.00,1791449014.737256,7,0,6.9
exp4_rot_20261008_174201,1791449014.547818,camera_color_optical_frame,2215,640,480,1,348.5,251.1,0.0890,0.0461,0.00430,2,1,1.000,0.6630,0.0264,0.0065,46.07,0.00,1791449014.848999,7,0,6.9
exp4_rot_20261008_174201,1791449014.714601,camera_color_optical_frame,2216,640,480,1,339.0,235.5,0.0592,-0.0187,0.00425,2,0,,,,,29.00,133.43,1791449014.902481,7,0,6.9
exp4_rot_20261008_174201,1791449014.814671,camera_color_optical_frame,2217,640,480,1,333.6,226.6,0.0426,-0.0557,0.00439,2,0,,,,,21.15,233.50,1791449014.944957,7,0,6.9
exp4_rot_20261008_174201,1791449014.848027,camera_color_optical_frame,2218,640,480,1,332.1,223.7,0.0378,-0.0679,0.00444,2,1,1.000,0.6550,0.0084,-0.0232,29.86,0.00,1791449015.001836,7,0,5.5
exp4_rot_20261008_174201,1791449014.881384,camera_color_optical_frame,2219,640,480,1,330.0,220.5,0.0314,-0.0811,0.00447,2,1,1.000,0.6520,0.0061,-0.0265,26.47,0.00,1791449015.060026,7,0,5.5
exp4_rot_20261008_174201,1791449014.914740,camera_color_optical_frame,2220,640,480,1,328.4,217.9,0.0264,-0.0920,0.00459,2,1,0.998,0.6500,0.0044,-0.0292,28.27,0.00,1791449015.131078,7,0,5.5
exp4_rot_20261008_174201,1791449014.948097,camera_color_optical_frame,2221,640,480,1,327.2,216.7,0.0226,-0.0969,0.00471,2,1,0.989,0.6460,0.0031,-0.0303,26.54,0.00,1791449015.183038,7,0,5.5
exp4_rot_20261008_174201,1791449014.981453,camera_color_optical_frame,2222,640,480,1,325.7,215.8,0.0179,-0.1009,0.00477,2,1,0.992,0.6440,0.0015,-0.0312,24.13,0.00,1791449015.234019,7,0,5.5
exp4_rot_20261008_174201,1791449015.014810,camera_color_optical_frame,2223,640,480,1,324.3,214.7,0.0133,-0.1053,0.00476,2,1,0.991,0.6420,-0.0001,-0.0322,15.40,0.00,1791449015.260498,7,0,5.5
exp4_rot_20261008_174201,1791449015.048167,camera_color_optical_frame,2224,640,480,1,323.3,214.0,0.0102,-0.1083,0.00482,2,1,0.992,0.6390,-0.0012,-0.0329,15.02,0.00,1791449015.292243,7,0,4.1
exp4_rot_20261008_174201,1791449015.081523,camera_color_optical_frame,2225,640,480,1,323.9,214.0,0.0122,-0.1084,0.00490,2,1,0.963,0.6320,-0.0005,-0.0325,14.79,0.00,1791449015.326966,7,0,2.8
exp4_rot_20261008_174201,1791449015.148237,camera_color_optical_frame,2226,640,480,1,324.2,214.9,0.0131,-0.1044,0.00493,2,1,0.988,0.6260,-0.0002,-0.0312,15.25,0.00,1791449015.364784,7,0,2.8
exp4_rot_20261008_174201,1791449015.181593,camera_color_optical_frame,2227,640,480,1,324.8,214.9,0.0151,-0.1047,0.00493,2,1,1.000,0.6240,0.0005,-0.0312,15.33,0.00,1791449015.405889,7,0,2.8
exp4_rot_20261008_174201,1791449015.214949,camera_color_optical_frame,2228,640,480,1,326.8,215.5,0.0214,-0.1021,0.00492,2,1,1.000,0.6220,0.0025,-0.0304,14.50,0.00,1791449015.439334,7,0,4.1
exp4_rot_20261008_174201,1791449015.281651,camera_color_optical_frame,2229,640,480,1,331.9,216.5,0.0371,-0.0978,0.00523,2,1,1.000,0.6200,0.0077,-0.0293,14.98,0.00,1791449015.477502,7,0,5.5
exp4_rot_20261008_174201,1791449015.315012,camera_color_optical_frame,2230,640,480,1,333.8,217.4,0.0431,-0.0943,0.00522,2,1,1.000,0.6160,0.0096,-0.0283,25.22,0.00,1791449015.536554,7,0,4.1
exp4_rot_20261008_174201,1791449015.348372,camera_color_optical_frame,2231,640,480,1,335.7,218.4,0.0491,-0.0899,0.00526,2,1,1.000,0.6120,0.0114,-0.0270,25.22,0.00,1791449015.574318,7,0,4.1
exp4_rot_20261008_174201,1791449015.381732,camera_color_optical_frame,2232,640,480,1,337.7,219.8,0.0555,-0.0841,0.00528,2,1,1.000,0.6105,0.0135,-0.0255,23.88,0.00,1791449015.607787,7,0,4.1
exp4_rot_20261008_174201,1791449015.415093,camera_color_optical_frame,2233,640,480,1,339.9,220.7,0.0623,-0.0805,0.00536,2,1,1.000,0.6090,0.0157,-0.0246,18.97,0.00,1791449015.641274,7,0,4.1
exp4_rot_20261008_174201,1791449015.448453,camera_color_optical_frame,2234,640,480,1,341.8,221.2,0.0680,-0.0782,0.00540,2,1,1.000,0.6070,0.0174,-0.0239,13.36,0.00,1791449015.668949,7,0,5.5
exp4_rot_20261008_174201,1791449015.481814,camera_color_optical_frame,2235,640,480,1,343.8,221.4,0.0742,-0.0774,0.00541,2,1,1.000,0.6060,0.0194,-0.0237,35.56,0.00,1791449015.747056,7,0,4.1
exp4_rot_20261008_174201,1791449015.581896,camera_color_optical_frame,2236,640,480,1,346.4,224.2,0.0824,-0.0660,0.00548,2,0,,,,,19.48,33.36,1791449015.790880,7,0,4.1
exp4_rot_20261008_174201,1791449015.615256,camera_color_optical_frame,2237,640,480,1,346.7,225.1,0.0834,-0.0621,0.00550,2,0,,,,,24.60,33.36,1791449015.844719,7,0,4.1
exp4_rot_20261008_174201,1791449015.648617,camera_color_optical_frame,2238,640,480,1,347.9,225.9,0.0871,-0.0589,0.00549,2,0,,,,,18.36,33.36,1791449015.885609,7,0,4.1
exp4_rot_20261008_174201,1791449015.681978,camera_color_optical_frame,2239,640,480,1,347.7,227.3,0.0864,-0.0531,0.00545,2,0,,,,,20.65,33.36,1791449015.933529,7,0,4.1
exp4_rot_20261008_174201,1791449015.782060,camera_color_optical_frame,2240,640,480,1,343.2,233.4,0.0725,-0.0273,0.00539,2,0,,,,,19.92,100.08,1791449015.983597,7,0,4.1
exp4_rot_20261008_174201,1791449015.815421,camera_color_optical_frame,2241,640,480,1,340.3,236.3,0.0636,-0.0156,0.00535,2,0,,,,,24.68,33.36,1791449016.045130,7,0,4.1
exp4_rot_20261008_174201,1791449015.848782,camera_color_optical_frame,2242,640,480,1,337.0,239.6,0.0530,-0.0016,0.00521,2,0,,,,,22.54,33.36,1791449016.088840,7,0,4.1
exp4_rot_20261008_174201,1791449015.882143,camera_color_optical_frame,2243,640,480,1,332.6,243.4,0.0395,0.0140,0.00509,2,0,,,,,25.25,33.36,1791449016.138746,7,0,4.1
exp4_rot_20261008_174201,1791449015.948865,camera_color_optical_frame,2244,640,480,1,323.5,250.7,0.0109,0.0446,0.00496,2,0,,,,,31.12,66.72,1791449016.198908,7,0,4.1
exp4_rot_20261008_174201,1791449016.015587,camera_color_optical_frame,2245,640,480,1,313.6,258.7,-0.0200,0.0778,0.00485,2,0,,,,,22.56,100.08,1791449016.250017,7,0,4.1
exp4_rot_20261008_174201,1791449016.082309,camera_color_optical_frame,2246,640,480,1,301.9,264.6,-0.0565,0.1025,0.00487,2,0,,,,,22.47,133.44,1791449016.296934,7,0,4.1
exp4_rot_20261008_174201,1791449016.115670,camera_color_optical_frame,2247,640,480,1,296.1,266.3,-0.0748,0.1097,0.00486,2,0,,,,,27.06,100.08,1791449016.347976,7,0,4.1
exp4_rot_20261008_174201,1791449016.149031,camera_color_optical_frame,2248,640,480,1,290.6,267.1,-0.0917,0.1130,0.00505,2,0,,,,,24.61,100.08,1791449016.390265,7,0,4.1
exp4_rot_20261008_174201,1791449016.182393,camera_color_optical_frame,2249,640,480,1,286.7,267.6,-0.1039,0.1151,0.00514,2,0,,,,,19.48,100.08,1791449016.441389,7,0,4.1
exp4_rot_20261008_174201,1791449016.282467,camera_color_optical_frame,2250,640,480,1,277.7,268.5,-0.1321,0.1189,0.00504,2,0,,,,,18.14,166.80,1791449016.475526,7,0,1.4
exp4_rot_20261008_174201,1791449016.315823,camera_color_optical_frame,2251,640,480,1,276.0,269.9,-0.1374,0.1245,0.00506,2,0,,,,,11.05,100.07,1791449016.521722,7,0,0.0
exp4_rot_20261008_174201,1791449016.349179,camera_color_optical_frame,2252,640,480,1,274.9,272.2,-0.1410,0.1343,0.00494,2,0,,,,,9.74,33.36,1791449016.557049,7,0,0.0
exp4_rot_20261008_174201,1791449016.382535,camera_color_optical_frame,2253,640,480,0,,,0.0000,0.0000,0.00000,2,0,,,,,16.56,0.00,1791449016.603421,,0,2.8
exp4_rot_20261008_174201,1791449016.415892,camera_color_optical_frame,2254,640,480,0,,,0.0000,0.0000,0.00000,2,0,,,,,19.39,0.00,1791449016.644055,,0,5.5
exp4_rot_20261008_174201,1791449016.449248,camera_color_optical_frame,2255,640,480,0,,,0.0000,0.0000,0.00000,2,0,,,,,12.05,0.00,1791449016.672705,,0,5.5
exp4_rot_20261008_174201,1791449016.515960,camera_color_optical_frame,2256,640,480,0,,,0.0000,0.0000,0.00000,2,0,,,,,15.03,0.00,1791449016.720676,,0,6.9
exp4_rot_20261008_174201,1791449016.549317,camera_color_optical_frame,2257,640,480,0,,,0.0000,0.0000,0.00000,2,0,,,,,13.36,0.00,1791449016.756200,,0,6.9
exp4_rot_20261008_174201,1791449016.582673,camera_color_optical_frame,2258,640,480,0,,,0.0000,0.0000,0.00000,2,0,,,,,11.26,0.00,1791449016.791532,,0,6.9
exp4_rot_20261008_174201,1791449016.616029,camera_color_optical_frame,2259,640,480,0,,,0.0000,0.0000,0.00000,2,0,,,,,18.45,0.00,1791449016.837644,,0,5.5
exp4_rot_20261008_174201,1791449016.649385,camera_color_optical_frame,2260,640,480,0,,,0.0000,0.0000,0.00000,2,0,,,,,14.45,0.00,1791449016.874597,,0,1.4
exp4_rot_20261008_174201,1791449016.716098,camera_color_optical_frame,2261,640,480,0,,,0.0000,0.0000,0.00000,2,0,,,,,32.24,0.00,1791449016.934949,,0,0.0
exp4_rot_20261008_174201,1791449016.749454,camera_color_optical_frame,2262,640,480,0,,,0.0000,0.0000,0.00000,2,0,,,,,23.75,0.00,1791449016.982137,,0,0.0
exp4_rot_20261008_174201,1791449016.782810,camera_color_optical_frame,2263,640,480,0,,,0.0000,0.0000,0.00000,2,0,,,,,28.34,0.00,1791449017.038750,,0,0.0
exp4_rot_20261008_174201,1791449016.849522,camera_color_optical_frame,2264,640,480,1,270.5,289.0,-0.1546,0.2040,0.00454,2,0,,,,,36.82,33.36,1791449017.102407,3,0,0.0
exp4_rot_20261008_174201,1791449016.916234,camera_color_optical_frame,2265,640,480,1,270.6,292.6,-0.1543,0.2193,0.00465,2,0,,,,,27.84,66.71,1791449017.166481,3,0,0.0
exp4_rot_20261008_174201,1791449016.982947,camera_color_optical_frame,2266,640,480,1,270.6,293.7,-0.1545,0.2239,0.00469,2,0,,,,,16.26,100.07,1791449017.203920,3,0,0.0
exp4_rot_20261008_174201,1791449017.016303,camera_color_optical_frame,2267,640,480,1,270.4,293.9,-0.1551,0.2246,0.00465,2,0,,,,,20.49,100.07,1791449017.250468,3,0,0.0
exp4_rot_20261008_174201,1791449017.049659,camera_color_optical_frame,2268,640,480,1,270.0,294.4,-0.1563,0.2268,0.00463,2,0,,,,,23.37,66.71,1791449017.301698,3,0,0.0
exp4_rot_20261008_174201,1791449017.083015,camera_color_optical_frame,2269,640,480,1,269.7,294.8,-0.1572,0.2281,0.00466,2,0,,,,,25.13,66.71,1791449017.348174,3,0,0.0
exp4_rot_20261008_174201,1791449017.149727,camera_color_optical_frame,2270,640,480,1,268.4,296.0,-0.1611,0.2335,0.00462,2,0,,,,,22.32,100.07,1791449017.413081,3,0,0.0
exp4_rot_20261008_174201,1791449017.216440,camera_color_optical_frame,2271,640,480,1,267.3,296.4,-0.1648,0.2350,0.00467,2,0,,,,,30.01,133.42,1791449017.476062,3,0,0.0
exp4_rot_20261008_174201,1791449017.283151,camera_color_optical_frame,2272,640,480,1,265.4,296.8,-0.1706,0.2365,0.00468,2,0,,,,,21.80,166.78,1791449017.521939,3,0,0.0
exp4_rot_20261008_174201,1791449017.316505,camera_color_optical_frame,2273,640,480,1,266.8,296.2,-0.1663,0.2342,0.00454,2,0,,,,,18.98,166.78,1791449017.562329,3,0,0.0
exp4_rot_20261008_174201,1791449017.349859,camera_color_optical_frame,2274,640,480,1,269.3,294.8,-0.1585,0.2285,0.00458,2,0,,,,,18.61,133.42,1791449017.605450,3,0,4.1
exp4_rot_20261008_174201,1791449017.416568,camera_color_optical_frame,2275,640,480,1,276.7,285.0,-0.1353,0.1875,0.00433,2,0,,,,,20.82,133.42,1791449017.657508,3,0,8.2
exp4_rot_20261008_174201,1791449017.483276,camera_color_optical_frame,2276,640,480,1,283.7,275.8,-0.1135,0.1492,0.00440,2,0,,,,,22.13,166.77,1791449017.704084,3,0,11.0
exp4_rot_20261008_174201,1791449017.516630,camera_color_optical_frame,2277,640,480,1,286.9,271.3,-0.1035,0.1305,0.00416,2,0,,,,,23.61,166.77,1791449017.753779,3,0,11.0
exp4_rot_20261008_174201,1791449017.549984,camera_color_optical_frame,2278,640,480,1,290.5,265.9,-0.0921,0.1081,0.00431,2,0,,,,,21.23,133.42,1791449017.798977,3,0,12.4
exp4_rot_20261008_174201,1791449017.583337,camera_color_optical_frame,2279,640,480,1,294.4,259.6,-0.0799,0.0815,0.00426,2,0,,,,,22.68,133.42,1791449017.842045,3,0,12.4
exp4_rot_20261008_174201,1791449017.650045,camera_color_optical_frame,2280,640,480,1,300.7,246.4,-0.0604,0.0267,0.00424,2,0,,,,,21.81,133.42,1791449017.893234,3,0,13.7
exp4_rot_20261008_174201,1791449017.716752,camera_color_optical_frame,2281,640,480,1,307.8,236.2,-0.0382,-0.0160,0.00439,2,0,,,,,22.49,166.77,1791449017.942242,3,0,12.4
exp4_rot_20261008_174201,1791449017.750106,camera_color_optical_frame,2282,640,480,1,310.5,232.0,-0.0296,-0.0334,0.00446,2,0,,,,,23.16,166.77,1791449017.986585,3,0,12.4
exp4_rot_20261008_174201,1791449017.783459,camera_color_optical_frame,2283,640,480,1,312.7,227.9,-0.0227,-0.0505,0.00453,2,0,,,,,9.89,133.41,1791449018.009696,3,0,11.0
exp4_rot_20261008_174201,1791449017.816813,camera_color_optical_frame,2284,640,480,1,315.9,224.4,-0.0129,-0.0650,0.00459,2,0,,,,,9.75,100.06,1791449018.040204,3,0,9.6
exp4_rot_20261008_174201,1791449017.883520,camera_color_optical_frame,2285,640,480,1,320.3,220.0,0.0010,-0.0833,0.00458,2,1,1.000,0.6480,-0.0043,-0.0269,13.92,0.00,1791449018.084343,3,0,6.9
exp4_rot_20261008_174201,1791449017.916873,camera_color_optical_frame,2286,640,480,1,322.4,217.5,0.0076,-0.0939,0.00457,2,1,1.000,0.6460,-0.0021,-0.0295,14.47,0.00,1791449018.127280,3,0,4.1
exp4_rot_20261008_174201,1791449017.950227,camera_color_optical_frame,2287,640,480,1,324.4,215.5,0.0137,-0.1022,0.00457,2,1,1.000,0.6440,0.0000,-0.0315,22.35,0.00,1791449018.166372,3,0,1.4
exp4_rot_20261008_174201,1791449017.983580,camera_color_optical_frame,2288,640,480,1,326.4,214.7,0.0200,-0.1055,0.00463,2,1,1.000,0.6440,0.0022,-0.0324,28.91,0.00,1791449018.220557,3,0,0.0
exp4_rot_20261008_174201,1791449018.016933,camera_color_optical_frame,2289,640,480,1,327.9,214.7,0.0246,-0.1055,0.00479,2,1,1.000,0.6440,0.0037,-0.0324,12.40,0.00,1791449018.251976,3,0,0.0
exp4_rot_20261008_174201,1791449018.050286,camera_color_optical_frame,2290,640,480,1,328.3,214.8,0.0258,-0.1048,0.00471,2,1,1.000,0.6470,0.0042,-0.0324,23.78,0.00,1791449018.296177,3,0,2.8
exp4_rot_20261008_174201,1791449018.116992,camera_color_optical_frame,2291,640,480,1,328.3,214.7,0.0261,-0.1054,0.00464,2,1,1.000,0.6460,0.0042,-0.0325,22.29,0.00,1791449018.346650,3,0,2.8
exp4_rot_20261008_174201,1791449018.150345,camera_color_optical_frame,2292,640,480,1,328.4,215.6,0.0263,-0.1015,0.00466,2,1,1.000,0.6480,0.0043,-0.0316,19.30,0.00,1791449018.395957,3,0,4.1
exp4_rot_20261008_174201,1791449018.183698,camera_color_optical_frame,2293,640,480,1,328.5,217.0,0.0265,-0.0956,0.00467,2,1,1.000,0.6475,0.0044,-0.0300,31.96,0.00,1791449018.450432,3,0,4.1
exp4_rot_20261008_174201,1791449018.283753,camera_color_optical_frame,2294,640,480,1,328.3,221.4,0.0259,-0.0775,0.00466,2,0,,,,,22.32,66.72,1791449018.509678,3,0,4.1
exp4_rot_20261008_174201,1791449018.317114,camera_color_optical_frame,2295,640,480,1,328.2,223.4,0.0257,-0.0691,0.00469,2,0,,,,,32.98,33.36,1791449018.566577,3,0,4.1
exp4_rot_20261008_174201,1791449018.417195,camera_color_optical_frame,2296,640,480,1,328.1,229.2,0.0254,-0.0449,0.00472,2,0,,,,,24.07,100.08,1791449018.620295,3,0,4.1
exp4_rot_20261008_174201,1791449018.483916,camera_color_optical_frame,2297,640,480,1,328.1,233.2,0.0253,-0.0282,0.00472,2,0,,,,,28.39,100.08,1791449018.683560,3,0,4.1
exp4_rot_20261008_174201,1791449018.517276,camera_color_optical_frame,2298,640,480,1,328.0,235.3,0.0251,-0.0195,0.00468,2,0,,,,,19.10,100.08,1791449018.772888,3,0,5.5
exp4_rot_20261008_174201,1791449018.550637,camera_color_optical_frame,2299,640,480,1,327.9,237.2,0.0248,-0.0116,0.00471,2,0,,,,,8.89,66.72,1791449018.791389,3,0,5.5
exp4_rot_20261008_174201,1791449018.617358,camera_color_optical_frame,2300,640,480,1,327.8,240.8,0.0244,0.0035,0.00474,2,0,,,,,9.86,100.08,1791449018.811177,3,0,5.5
exp4_rot_20261008_174201,1791449018.650719,camera_color_optical_frame,2301,640,480,1,327.7,242.4,0.0240,0.0099,0.00483,2,0,,,,,11.55,33.36,1791449018.855431,3,0,4.1
exp4_rot_20261008_174201,1791449018.684080,camera_color_optical_frame,2302,640,480,1,327.6,243.9,0.0239,0.0162,0.00486,2,1,1.000,0.6490,0.0035,-0.0013,15.56,0.00,1791449018.917244,3,0,0.0
exp4_rot_20261008_174201,1791449018.717441,camera_color_optical_frame,2303,640,480,1,327.5,245.3,0.0235,0.0221,0.00489,2,1,1.000,0.6500,0.0034,0.0002,19.67,0.00,1791449018.983021,3,0,0.0
exp4_rot_20261008_174201,1791449018.750801,camera_color_optical_frame,2304,640,480,1,327.5,245.9,0.0236,0.0247,0.00486,2,1,1.000,0.6520,0.0034,0.0009,14.57,0.00,1791449019.012327,3,0,0.0
exp4_rot_20261008_174201,1791449018.784163,camera_color_optical_frame,2305,640,480,1,327.5,245.9,0.0233,0.0244,0.00484,2,1,1.000,0.6500,0.0033,0.0008,13.09,0.00,1791449019.046463,3,0,0.0
exp4_rot_20261008_174201,1791449018.850884,camera_color_optical_frame,2306,640,480,1,327.5,245.7,0.0234,0.0237,0.00488,2,1,1.000,0.6500,0.0034,0.0006,13.94,0.00,1791449019.081231,3,0,0.0
exp4_rot_20261008_174201,1791449018.917607,camera_color_optical_frame,2307,640,480,1,327.5,245.8,0.0234,0.0241,0.00483,2,1,1.000,0.6480,0.0033,0.0007,12.98,0.00,1791449019.115731,3,0,0.0
exp4_rot_20261008_174201,1791449018.950968,camera_color_optical_frame,2308,640,480,1,327.5,245.7,0.0233,0.0239,0.00485,2,1,1.000,0.6480,0.0033,0.0007,13.43,0.00,1791449019.153795,3,0,0.0
exp4_rot_20261008_174201,1791449018.984329,camera_color_optical_frame,2309,640,480,1,327.5,245.9,0.0233,0.0245,0.00485,2,1,1.000,0.6480,0.0033,0.0008,19.08,0.00,1791449019.204298,3,0,0.0
exp4_rot_20261008_174201,1791449019.017690,camera_color_optical_frame,2310,640,480,1,327.5,245.6,0.0233,0.0234,0.00488,2,1,1.000,0.6510,0.0033,0.0005,30.93,0.00,1791449019.260297,3,0,0.0
exp4_rot_20261008_174201,1791449019.051052,camera_color_optical_frame,2311,640,480,1,327.5,245.7,0.0233,0.0239,0.00489,2,1,1.000,0.6495,0.0033,0.0006,29.72,0.00,1791449019.314571,3,0,0.0
exp4_rot_20261008_174201,1791449019.151136,camera_color_optical_frame,2312,640,480,1,327.4,245.7,0.0232,0.0239,0.00486,2,0,,,,,18.35,66.72,1791449019.349197,3,0,0.0
exp4_rot_20261008_174201,1791449019.184498,camera_color_optical_frame,2313,640,480,1,327.5,245.7,0.0235,0.0239,0.00486,2,0,,,,,17.92,33.36,1791449019.383436,3,0,0.0
exp4_rot_20261008_174201,1791449019.217859,camera_color_optical_frame,2314,640,480,1,327.4,245.5,0.0232,0.0227,0.00488,2,0,,,,,10.25,33.36,1791449019.404824,3,0,0.0
exp4_rot_20261008_174201,1791449019.251221,camera_color_optical_frame,2315,640,480,1,327.5,245.6,0.0233,0.0233,0.00491,2,1,1.000,0.6520,0.0033,0.0005,11.79,0.00,1791449019.444208,3,0,0.0
exp4_rot_20261008_174201,1791449019.284579,camera_color_optical_frame,2316,640,480,1,327.5,245.6,0.0233,0.0235,0.00487,2,1,1.000,0.6470,0.0033,0.0005,16.61,0.00,1791449019.492224,3,0,0.0
exp4_rot_20261008_174201,1791449019.317938,camera_color_optical_frame,2317,640,480,1,327.4,245.6,0.0232,0.0235,0.00491,2,1,1.000,0.6470,0.0033,0.0005,13.59,0.00,1791449019.544642,3,0,0.0
exp4_rot_20261008_174201,1791449019.351297,camera_color_optical_frame,2318,640,480,1,327.5,245.7,0.0234,0.0238,0.00490,2,1,1.000,0.6500,0.0034,0.0006,33.09,0.00,1791449019.617991,3,0,0.0
exp4_rot_20261008_174201,1791449019.384655,camera_color_optical_frame,2319,640,480,1,327.4,245.5,0.0232,0.0227,0.00489,2,1,1.000,0.6500,0.0033,0.0003,33.00,0.00,1791449019.679010,3,0,0.0
exp4_rot_20261008_174201,1791449019.484731,camera_color_optical_frame,2320,640,480,1,327.5,245.6,0.0234,0.0233,0.00489,2,0,,,,,34.47,66.72,1791449019.742907,3,0,0.0
exp4_rot_20261008_174201,1791449019.618167,camera_color_optical_frame,2321,640,480,1,327.5,245.6,0.0233,0.0232,0.00490,2,0,,,,,29.92,133.44,1791449019.806854,3,0,0.0
exp4_rot_20261008_174201,1791449019.651526,camera_color_optical_frame,2322,640,480,1,327.5,245.6,0.0233,0.0233,0.00490,2,0,,,,,56.33,133.44,1791449019.907373,3,0,0.0
exp4_rot_20261008_174201,1791449019.784962,camera_color_optical_frame,2323,640,480,1,327.5,245.7,0.0233,0.0236,0.00490,2,0,,,,,48.09,133.44,1791449020.023544,3,0,0.0
exp4_rot_20261008_174201,1791449019.885039,camera_color_optical_frame,2324,640,480,1,327.4,245.5,0.0232,0.0230,0.00490,2,0,,,,,25.50,133.44,1791449020.104047,3,0,0.0
exp4_rot_20261008_174201,1791449019.951757,camera_color_optical_frame,2325,640,480,1,327.4,245.6,0.0233,0.0231,0.00489,2,0,,,,,12.82,133.44,1791449020.127540,3,0,0.0
exp4_rot_20261008_174201,1791449019.985116,camera_color_optical_frame,2326,640,480,1,327.4,245.6,0.0232,0.0233,0.00489,2,0,,,,,14.45,100.08,1791449020.164702,3,0,0.0
exp4_rot_20261008_174201,1791449020.018475,camera_color_optical_frame,2327,640,480,1,327.4,245.5,0.0233,0.0231,0.00492,2,0,,,,,23.15,33.36,1791449020.234233,3,0,0.0
exp4_rot_20261008_174201,1791449020.085194,camera_color_optical_frame,2328,640,480,1,327.4,245.5,0.0232,0.0228,0.00491,2,0,,,,,21.22,66.72,1791449020.266129,3,0,0.0
exp4_rot_20261008_174201,1791449020.118553,camera_color_optical_frame,2329,640,480,1,327.4,245.5,0.0233,0.0229,0.00491,2,0,,,,,24.46,66.72,1791449020.307057,3,0,0.0
exp4_rot_20261008_174201,1791449020.151912,camera_color_optical_frame,2330,640,480,1,327.4,245.5,0.0232,0.0230,0.00489,2,0,,,,,18.86,66.72,1791449020.351904,3,0,0.0
exp4_rot_20261008_174201,1791449020.218631,camera_color_optical_frame,2331,640,480,1,327.4,245.6,0.0233,0.0233,0.00491,2,0,,,,,19.51,100.08,1791449020.410946,3,0,0.0
exp4_rot_20261008_174201,1791449020.251990,camera_color_optical_frame,2332,640,480,1,327.5,245.6,0.0234,0.0234,0.00487,2,0,,,,,8.59,100.08,1791449020.439970,3,0,0.0
exp4_rot_20261008_174201,1791449020.285348,camera_color_optical_frame,2333,640,480,1,327.5,245.6,0.0233,0.0235,0.00489,2,0,,,,,11.32,100.08,1791449020.467304,3,0,0.0
exp4_rot_20261008_174201,1791449020.318708,camera_color_optical_frame,2334,640,480,1,327.4,245.5,0.0232,0.0230,0.00490,2,0,,,,,9.58,100.08,1791449020.492511,3,0,0.0
exp4_rot_20261008_174201,1791449020.352065,camera_color_optical_frame,2335,640,480,1,327.5,245.6,0.0235,0.0235,0.00490,2,1,1.000,0.6500,0.0034,0.0005,16.69,0.00,1791449020.553105,3,0,0.0
exp4_rot_20261008_174201,1791449020.385420,camera_color_optical_frame,2336,640,480,1,327.5,245.6,0.0234,0.0234,0.00491,2,1,1.000,0.6470,0.0033,0.0005,54.95,0.00,1791449020.643317,3,0,0.0
exp4_rot_20261008_174201,1791449020.452133,camera_color_optical_frame,2337,640,480,1,327.5,245.6,0.0233,0.0235,0.00491,2,0,,,,,25.92,33.36,1791449020.705442,3,0,0.0
exp4_rot_20261008_174201,1791449020.518845,camera_color_optical_frame,2338,640,480,1,327.4,245.6,0.0232,0.0231,0.00492,2,0,,,,,25.29,66.71,1791449020.761399,3,0,0.0
exp4_rot_20261008_174201,1791449020.585557,camera_color_optical_frame,2339,640,480,1,327.4,245.5,0.0232,0.0230,0.00490,2,1,1.000,0.6450,0.0032,0.0004,45.15,0.00,1791449020.875117,3,0,0.0
exp4_rot_20261008_174201,1791449020.618913,camera_color_optical_frame,2340,640,480,1,327.5,245.6,0.0234,0.0234,0.00487,2,1,1.000,0.6500,0.0033,0.0005,58.51,0.00,1791449021.002095,3,0,0.0
exp4_rot_20261008_174201,1791449020.752338,camera_color_optical_frame,2341,640,480,1,327.5,245.5,0.0233,0.0231,0.00492,2,0,,,,,45.58,100.07,1791449021.099015,3,0,0.0
exp4_rot_20261008_174201,1791449020.852406,camera_color_optical_frame,2342,640,480,1,327.5,245.7,0.0234,0.0237,0.00487,2,0,,,,,33.16,166.78,1791449021.192183,3,0,0.0
exp4_rot_20261008_174201,1791449020.952474,camera_color_optical_frame,2343,640,480,1,327.4,245.5,0.0233,0.0231,0.00491,2,0,,,,,11.96,133.42,1791449021.232639,3,0,0.0
exp4_rot_20261008_174201,1791449021.019186,camera_color_optical_frame,2344,640,480,1,327.4,245.5,0.0233,0.0231,0.00490,2,0,,,,,13.14,166.78,1791449021.258614,3,0,0.0
exp4_rot_20261008_174201,1791449021.085898,camera_color_optical_frame,2345,640,480,1,327.4,245.6,0.0233,0.0231,0.00490,2,0,,,,,10.68,166.78,1791449021.283634,3,0,0.0
exp4_rot_20261008_174201,1791449021.119254,camera_color_optical_frame,2346,640,480,1,327.5,245.6,0.0233,0.0234,0.00490,2,0,,,,,9.39,100.07,1791449021.313920,3,0,0.0
exp4_rot_20261008_174201,1791449021.152610,camera_color_optical_frame,2347,640,480,1,327.5,245.6,0.0233,0.0233,0.00490,2,1,1.000,0.6480,0.0033,0.0005,11.77,0.00,1791449021.354060,3,0,0.0
exp4_rot_20261008_174201,1791449021.185966,camera_color_optical_frame,2348,640,480,1,327.4,245.5,0.0232,0.0229,0.00491,2,1,1.000,0.6480,0.0033,0.0004,13.12,0.00,1791449021.404033,3,0,0.0
exp4_rot_20261008_174201,1791449021.219322,camera_color_optical_frame,2349,640,480,1,327.5,245.6,0.0233,0.0232,0.00490,2,1,1.000,0.6460,0.0033,0.0005,16.38,0.00,1791449021.453730,3,0,0.0
exp4_rot_20261008_174201,1791449021.252680,camera_color_optical_frame,2350,640,480,1,327.4,245.5,0.0233,0.0230,0.00491,2,1,1.000,0.6500,0.0033,0.0004,30.14,0.00,1791449021.511601,3,0,0.0
exp4_rot_20261008_174201,1791449021.286035,camera_color_optical_frame,2351,640,480,1,327.5,245.6,0.0234,0.0235,0.00492,2,1,1.000,0.6500,0.0033,0.0005,16.21,0.00,1791449021.540410,3,0,0.0
exp4_rot_20261008_174201,1791449021.352746,camera_color_optical_frame,2352,640,480,1,327.4,245.5,0.0232,0.0228,0.00490,2,1,1.000,0.6490,0.0033,0.0004,14.23,0.00,1791449021.573920,3,0,0.0
exp4_rot_20261008_174201,1791449021.386102,camera_color_optical_frame,2353,640,480,1,327.5,245.6,0.0233,0.0233,0.00490,2,1,1.000,0.6500,0.0033,0.0005,14.68,0.00,1791449021.617110,3,0,0.0
exp4_rot_20261008_174201,1791449021.452813,camera_color_optical_frame,2354,640,480,1,327.5,245.6,0.0233,0.0233,0.00491,2,1,1.000,0.6500,0.0033,0.0005,13.85,0.00,1791449021.650517,3,0,0.0
exp4_rot_20261008_174201,1791449021.486169,camera_color_optical_frame,2355,640,480,1,327.5,245.6,0.0233,0.0233,0.00491,2,1,1.000,0.6500,0.0033,0.0005,15.24,0.00,1791449021.689067,3,0,0.0
exp4_rot_20261008_174201,1791449021.519524,camera_color_optical_frame,2356,640,480,1,327.4,245.5,0.0232,0.0230,0.00489,2,1,1.000,0.6500,0.0033,0.0004,11.39,0.00,1791449021.715442,3,0,0.0
exp4_rot_20261008_174201,1791449021.552880,camera_color_optical_frame,2357,640,480,1,327.4,245.5,0.0232,0.0229,0.00491,2,1,1.000,0.6460,0.0033,0.0004,16.40,0.00,1791449021.760523,3,0,0.0
exp4_rot_20261008_174201,1791449021.619591,camera_color_optical_frame,2358,640,480,1,327.5,245.6,0.0233,0.0232,0.00490,2,1,1.000,0.6470,0.0033,0.0005,16.28,0.00,1791449021.797028,3,0,0.0
exp4_rot_20261008_174201,1791449021.652946,camera_color_optical_frame,2359,640,480,1,327.5,245.5,0.0234,0.0230,0.00490,2,1,1.000,0.6480,0.0033,0.0004,14.63,0.00,1791449021.830540,3,0,0.0
exp4_rot_20261008_174201,1791449021.686301,camera_color_optical_frame,2360,640,480,1,327.4,245.5,0.0232,0.0229,0.00491,2,1,1.000,0.6490,0.0033,0.0004,13.97,0.00,1791449021.863311,3,0,0.0
exp4_rot_20261008_174201,1791449021.719657,camera_color_optical_frame,2361,640,480,1,327.4,245.5,0.0232,0.0230,0.00492,2,1,1.000,0.6510,0.0033,0.0004,16.83,0.00,1791449021.896450,3,0,0.0
exp4_rot_20261008_174201,1791449021.753012,camera_color_optical_frame,2362,640,480,1,327.5,245.5,0.0233,0.0230,0.00490,2,1,1.000,0.6490,0.0033,0.0004,14.35,0.00,1791449021.932036,3,0,0.0
exp4_rot_20261008_174201,1791449021.786368,camera_color_optical_frame,2363,640,480,1,327.5,245.7,0.0234,0.0236,0.00490,2,1,1.000,0.6490,0.0033,0.0006,18.00,0.00,1791449021.964589,3,0,0.0
exp4_rot_20261008_174201,1791449021.819723,camera_color_optical_frame,2364,640,480,1,327.5,245.6,0.0233,0.0232,0.00492,2,1,1.000,0.6530,0.0033,0.0005,13.73,0.00,1791449022.006213,3,0,0.0
exp4_rot_20261008_174201,1791449021.853078,camera_color_optical_frame,2365,640,480,1,327.5,245.6,0.0233,0.0234,0.00491,2,1,1.000,0.6500,0.0033,0.0005,15.75,0.00,1791449022.038546,3,0,0.0
exp4_rot_20261008_174201,1791449021.886433,camera_color_optical_frame,2366,640,480,1,327.4,245.5,0.0233,0.0227,0.00490,2,1,1.000,0.6490,0.0033,0.0003,12.32,0.00,1791449022.070993,3,0,0.0
exp4_rot_20261008_174201,1791449021.919789,camera_color_optical_frame,2367,640,480,1,327.5,245.6,0.0234,0.0233,0.00492,2,1,1.000,0.6480,0.0033,0.0005,15.97,0.00,1791449022.109047,3,0,0.0
exp4_rot_20261008_174201,1791449021.953144,camera_color_optical_frame,2368,640,480,1,327.4,245.5,0.0232,0.0229,0.00490,2,1,1.000,0.6490,0.0033,0.0004,12.50,0.00,1791449022.141786,3,0,0.0
exp4_rot_20261008_174201,1791449021.986499,camera_color_optical_frame,2369,640,480,1,327.5,245.6,0.0234,0.0234,0.00487,2,1,1.000,0.6500,0.0033,0.0005,15.48,0.00,1791449022.176785,3,0,0.0
exp4_rot_20261008_174201,1791449022.019855,camera_color_optical_frame,2370,640,480,1,327.4,245.5,0.0232,0.0229,0.00491,2,1,1.000,0.6470,0.0033,0.0004,16.97,0.00,1791449022.226995,3,0,0.0
