0.010	>>> 
0.011	>>> B 1654 2007
0.012	>>> I
0.136	>>> V 0.00 0.00
0.136	-9.49 20.74 0.00 0.00 HOLD
0.136	S 13040075 -9.49 20.74 0.00 0.00 HOLD
0.140	S 13040095 -9.40 20.74 0.00 0.00 HOLD
0.141	S 13040115 -9.49 20.74 0.00 0.00 HOLD
0.145	S 13040135 -9.49 20.74 0.00 0.00 HOLD
0.147	S 13040155 -9.49 20.74 0.00 0.00 HOLD
0.149	S 13040175 -9.49 20.74 0.00 0.00 HOLD
0.151	S 13040195 -9.49 20.74 0.00 0.00 HOLD
0.153	S 13040215 -9.49 20.74 0.00 0.00 HOLD
0.154	S 13040235 -9.49 20.74 0.00 0.00 HOLD
0.155	S 13040255 -9.40 20.74 0.00 0.00 HOLD
0.157	S 13040275 -9.49 20.74 0.00 0.00 HOLD
0.158	S 13040295 -9.49 20.74 0.00 0.00 HOLD
0.159	S 13040315 -9.40 20.74 0.00 0.00 HOLD
0.160	S 13040335 -9.49 20.74 0.00 0.00 HOLD
0.162	S 13040355 -9.49 20.74 0.00 0.00 HOLD
0.163	S 13040375 -9.49 20.74 0.00 0.00 HOLD
0.164	S 13040395 -9.49 20.74 0.00 0.00 HOLD
0.165	S 13040415 -9.40 20.74 0.00 0.00 HOLD
0.166	S 13040435 -9.49 20.74 0.00 0.00 HOLD
0.166	S 13040455 -9.49 20.74 0.00 0.00 HOLD
0.167	S 13040475 -9.49 20.74 0.00 0.00 HOLD
0.169	B 1654 2007
0.171	S 13228820 -9.49 20.74 0.00 0.00 HOMING
0.175	S 13228840 -9.49 20.74 0.00 0.00 HOMING
0.177	S 13228860 -9.40 20.65 0.00 0.00 HOMING
0.179	S 13228880 -9.23 20.48 1.37 -1.37 HOMING
0.182	S 13228900 -9.05 20.13 4.12 -4.12 HOMING
0.185	S 13228920 -8.70 19.78 6.87 -9.62 HOMING
0.188	>>> V 0.00 0.00
0.189	S 13228940 -8.35 19.25 9.62 -15.11 HOMING
0.190	S 13228960 -8.00 18.63 12.37 -20.61 HOMING
0.191	S 13228980 -7.65 18.11 15.11 -23.36 HOMING
0.194	>>> V 0.00 0.00
0.214	>>> V 0.00 0.00
0.217	S 13229000 -7.29 17.40 16.49 -26.11 HOMING
0.233	>>> V 0.00 0.00
0.234	S 13229020 -6.94 16.79 17.86 -27.48 HOMING
0.254	>>> V 0.00 0.00
0.255	S 13229040 -6.59 16.17 16.49 -28.85 HOMING
0.274	>>> V 0.00 0.00
0.275	S 13229060 -6.33 15.64 16.49 -28.85 HOMING
0.293	>>> V 0.00 0.00
0.293	S 13229080 -5.98 15.03 15.11 -28.85 HOMING
0.316	>>> V 0.00 0.00
0.317	S 13229100 -5.71 14.41 13.74 -28.85 HOMING
0.333	>>> V 0.00 0.00
0.334	S 13229120 -5.45 13.80 13.74 -28.85 HOMING
0.353	>>> V 0.00 0.00
0.354	S 13229140 -5.19 13.27 13.74 -28.85 HOMING
0.374	>>> V 0.00 0.00
0.374	S 13229160 -4.92 12.66 12.37 -28.85 HOMING
0.393	>>> V 0.00 0.00
0.394	S 13229180 -4.75 12.13 10.99 -28.85 HOMING
0.416	>>> V 0.00 0.00
0.416	S 13229200 -4.57 11.60 10.99 -27.48 HOMING
0.433	>>> V 0.00 0.00
0.434	S 13229220 -4.31 11.07 9.62 -27.48 HOMING
0.453	>>> V 0.00 0.00
0.454	S 13229240 -4.13 10.55 9.62 -26.11 HOMING
0.474	>>> V 0.00 0.00
0.475	S 13229260 -3.96 10.02 9.62 -24.73 HOMING
0.493	>>> V 0.00 0.00
0.494	S 13229280 -3.78 9.58 9.62 -23.36 HOMING
0.513	>>> V 0.00 0.00
0.514	S 13229300 -3.60 9.23 8.24 -23.36 HOMING
0.533	>>> V 0.00 0.00
0.533	S 13229320 -3.43 8.79 8.24 -21.98 HOMING
0.553	>>> V 0.00 0.00
0.554	S 13229340 -3.25 8.35 8.24 -20.61 HOMING
0.574	>>> V 0.00 0.00
0.574	S 13229360 -3.16 8.00 6.87 -19.24 HOMING
0.593	>>> V 0.00 0.00
0.593	S 13229380 -2.99 7.65 6.87 -19.24 HOMING
0.614	>>> V 0.00 0.00
0.615	S 13229400 -2.90 7.29 6.87 -17.86 HOMING
0.633	>>> V 0.00 0.00
0.633	S 13229420 -2.72 6.94 6.87 -17.86 HOMING
0.653	>>> V 0.00 0.00
0.653	S 13229440 -2.64 6.68 5.50 -16.49 HOMING
0.674	>>> V 0.00 0.00
0.674	S 13229460 -2.55 6.33 5.50 -16.49 HOMING
0.693	>>> V 0.00 0.00
0.694	S 13229480 -2.46 6.06 5.50 -15.11 HOMING
0.715	>>> V 0.00 0.00
0.716	S 13229500 -2.37 5.80 5.50 -13.74 HOMING
0.733	>>> V 0.00 0.00
0.733	S 13229520 -2.20 5.54 5.50 -13.74 HOMING
0.753	>>> V 0.00 0.00
0.754	S 13229540 -2.11 5.27 5.50 -12.37 HOMING
0.774	>>> V 0.00 0.00
0.774	S 13229560 -2.02 5.10 5.50 -12.37 HOMING
0.793	>>> V 0.00 0.00
0.794	S 13229580 -1.93 4.83 4.12 -12.37 HOMING
0.816	>>> V 0.00 0.00
0.816	S 13229600 -1.85 4.66 4.12 -10.99 HOMING
0.833	>>> V 0.00 0.00
0.833	S 13229620 -1.76 4.39 4.12 -10.99 HOMING
0.853	>>> V 0.00 0.00
0.854	S 13229640 -1.67 4.22 4.12 -9.62 HOMING
0.874	>>> V 0.00 0.00
0.874	S 13229660 -1.58 4.04 4.12 -9.62 HOMING
0.893	>>> V 0.00 0.00
0.893	S 13229680 -1.58 3.78 2.75 -9.62 HOMING
0.914	>>> V 0.00 0.00
0.915	S 13229700 -1.58 3.60 1.37 -9.62 HOMING
0.933	>>> V 0.00 0.00
0.933	S 13229720 -1.49 3.43 0.00 -9.62 HOMING
0.953	>>> V 0.00 0.00
0.954	S 13229740 -1.41 3.34 1.37 -8.24 HOMING
0.974	>>> V 0.00 0.00
0.974	S 13229760 -1.41 3.16 1.37 -6.87 HOMING
0.993	>>> V 0.00 0.00
0.993	S 13229780 -1.23 3.08 2.75 -6.87 HOMING
1.015	>>> V 0.00 0.00
1.015	S 13229800 -1.23 2.99 2.75 -5.50 HOMING
1.033	>>> V 0.00 0.00
1.034	S 13229820 -1.14 2.81 2.75 -5.50 HOMING
1.053	>>> V 0.00 0.00
1.054	S 13229840 -1.14 2.72 2.75 -5.50 HOMING
1.074	>>> V 0.00 0.00
1.074	S 13229860 -1.14 2.64 1.37 -5.50 HOMING
1.093	>>> V 0.00 0.00
1.094	S 13229880 -1.05 2.55 1.37 -5.50 HOMING
1.116	>>> V 0.00 0.00
1.116	S 13229900 -0.97 2.37 1.37 -5.50 HOMING
1.133	>>> V 0.00 0.00
1.133	S 13229920 -0.88 2.29 2.75 -5.50 HOMING
1.153	>>> V 0.00 0.00
1.154	S 13229940 -0.97 2.20 2.75 -5.50 HOMING
1.174	>>> V 0.00 0.00
1.174	S 13229960 -0.88 2.11 1.37 -4.12 HOMING
1.193	>>> V 0.00 0.00
1.194	S 13229980 -0.88 2.02 0.00 -4.12 HOMING
1.214	>>> V 0.00 0.00
1.215	S 13230000 -0.97 1.85 0.00 -4.12 HOMING
1.233	>>> V 0.00 0.00
1.233	S 13230020 -0.88 1.76 0.00 -4.12 HOMING
1.253	>>> V 0.00 0.00
1.254	S 13230040 -0.79 1.67 0.00 -4.12 HOMING
1.274	>>> V 0.00 0.00
1.275	S 13230060 -0.70 1.58 1.37 -4.12 HOMING
1.293	>>> V 0.00 0.00
1.293	S 13230080 -0.70 1.49 1.37 -4.12 HOMING
1.314	>>> V 0.00 0.00
1.315	S 13230100 -0.70 1.49 1.37 -2.75 HOMING
1.333	>>> V 0.00 0.00
1.333	S 13230120 -0.70 1.49 0.00 -2.75 HOMING
1.353	>>> V 0.00 0.00
1.354	S 13230140 -0.70 1.41 0.00 -1.37 HOMING
1.374	>>> V 0.00 0.00
1.375	S 13230160 -0.70 1.32 0.00 -1.37 HOMING
1.393	>>> V 0.00 0.00
1.393	S 13230180 -0.53 1.23 0.00 -2.75 HOMING
1.414	>>> V 0.00 0.00
1.415	S 13230200 -0.53 1.23 1.37 -2.75 HOMING
1.433	>>> V 0.00 0.00
1.433	S 13230220 -0.53 1.23 1.37 -2.75 HOMING
1.454	>>> V 0.00 0.00
1.460	S 13230240 -0.53 1.14 1.37 -1.37 HOMING
1.485	>>> V 0.00 0.00
1.486	S 13230260 -0.53 1.05 0.00 -1.37 HOMING
1.494	>>> V 0.00 0.00
1.494	S 13230280 -0.53 0.97 0.00 -1.37 HOMING
1.514	>>> V 0.00 0.00
1.515	S 13230300 -0.44 0.97 0.00 -2.75 HOMING
1.533	>>> V 0.00 0.00
1.533	S 13230320 -0.35 0.88 1.37 -2.75 HOMING
1.553	>>> V 0.00 0.00
1.554	S 13230340 -0.35 0.88 1.37 -1.37 HOMING
1.574	>>> V 0.00 0.00
1.575	S 13230360 -0.35 0.97 1.37 0.00 HOMING
1.593	>>> V 0.00 0.00
1.594	S 13230380 -0.35 0.88 0.00 0.00 HOMING
1.615	>>> V 0.00 0.00
1.615	S 13230400 -0.35 0.88 0.00 0.00 HOMING
1.633	>>> V 0.00 0.00
1.633	S 13230420 -0.26 0.70 0.00 0.00 HOMING
1.653	>>> V 0.00 0.00
1.653	S 13230440 -0.26 0.62 0.00 -1.37 HOMING
1.674	>>> V 0.00 0.00
1.675	S 13230460 -0.26 0.70 0.00 -1.37 HOMING
1.694	>>> V 0.00 0.00
1.694	S 13230480 -0.26 0.70 1.37 0.00 HOMING
1.713	>>> V 0.00 0.00
1.714	S 13230500 -0.26 0.62 0.00 0.00 HOMING
1.734	>>> V 0.00 0.00
1.735	S 13230520 -0.26 0.62 0.00 0.00 HOMING
1.754	>>> V 0.00 0.00
1.755	S 13230540 -0.26 0.53 0.00 -1.37 HOMING
1.774	>>> V 0.00 0.00
1.774	S 13230560 -0.26 0.53 0.00 -1.37 HOMING
1.793	>>> V 0.00 0.00
1.794	S 13230580 -0.26 0.53 0.00 -1.37 HOMING
1.813	>>> V 0.00 0.00
1.813	S 13230600 -0.26 0.53 0.00 0.00 HOMING
1.833	>>> V 0.00 0.00
1.833	S 13230620 -0.18 0.44 0.00 0.00 HOLD
1.853	>>> V 0.00 0.00
1.856	S 13230640 -0.26 0.44 0.00 0.00 HOLD
1.875	>>> V 0.00 0.00
1.875	S 13230660 -0.18 0.44 0.00 0.00 HOLD
1.894	>>> V 0.00 0.00
1.896	S 13230680 -0.26 0.44 0.00 0.00 HOLD
1.914	>>> V 0.00 0.00
1.916	S 13230700 -0.26 0.44 0.00 0.00 HOLD
1.935	>>> V 0.00 0.00
1.935	S 13230720 -0.18 0.44 0.00 0.00 HOLD
1.954	>>> V 0.00 0.00
1.954	S 13230740 -0.26 0.44 0.00 0.00 HOLD
1.973	>>> V 0.00 0.00
1.974	S 13230760 -0.26 0.44 0.00 0.00 HOLD
1.994	>>> V 0.00 0.00
1.995	S 13230780 -0.18 0.44 0.00 0.00 HOLD
2.014	>>> V 0.00 0.00
2.016	S 13230800 -0.26 0.44 0.00 0.00 HOLD
2.033	>>> V 0.00 0.00
2.034	S 13230820 -0.18 0.44 0.00 0.00 HOLD
2.054	>>> V 0.00 0.00
2.056	S 13230840 -0.18 0.44 0.00 0.00 HOLD
2.074	>>> V 0.00 0.00
2.074	S 13230860 -0.18 0.44 0.00 0.00 HOLD
2.094	>>> V 0.00 0.00
2.094	S 13230880 -0.26 0.44 0.00 0.00 HOLD
2.114	>>> V 0.00 0.00
2.115	S 13230900 -0.26 0.44 0.00 0.00 HOLD
2.158	>>> V 0.00 0.00
2.181	S 13230920 -0.18 0.44 0.00 0.00 HOLD
2.191	S 13230940 -0.26 0.44 0.00 0.00 HOLD
2.195	S 13230960 -0.26 0.44 0.00 0.00 HOLD
2.203	>>> V 0.00 0.00
2.203	S 13230980 -0.18 0.44 0.00 0.00 HOLD
2.216	>>> V 0.00 0.00
2.217	S 13231000 -0.18 0.44 0.00 0.00 HOLD
2.238	>>> V 0.00 0.00
2.238	S 13231020 -0.18 0.44 0.00 0.00 HOLD
2.254	>>> V 0.00 0.00
2.254	S 13231040 -0.18 0.44 0.00 0.00 HOLD
2.276	>>> V 0.00 0.00
2.276	S 13231060 -0.26 0.44 0.00 0.00 HOLD
2.297	>>> V 0.00 0.00
2.298	S 13231080 -0.18 0.44 0.00 0.00 HOLD
2.316	>>> V 0.00 0.00
2.319	S 13231100 -0.18 0.44 0.00 0.00 HOLD
2.334	>>> V 0.00 0.00
2.335	S 13231120 -0.26 0.44 0.00 0.00 HOLD
2.358	>>> V 0.00 0.00
2.358	S 13231140 -0.18 0.44 0.00 0.00 HOLD
2.376	>>> V 0.00 0.00
2.376	S 13231160 -0.26 0.44 0.00 0.00 HOLD
2.394	>>> V 0.00 0.00
2.394	S 13231180 -0.18 0.44 0.00 0.00 HOLD
2.419	>>> V 0.00 0.00
2.419	S 13231200 -0.18 0.44 0.00 0.00 HOLD
2.437	>>> V 0.00 0.00
2.437	S 13231220 -0.26 0.44 0.00 0.00 HOLD
2.455	>>> V 0.00 0.00
2.456	S 13231240 -0.18 0.44 0.00 0.00 HOLD
2.476	>>> V 0.00 0.00
2.477	S 13231260 -0.26 0.44 0.00 0.00 HOLD
2.499	>>> V 0.00 0.00
2.500	S 13231280 -0.26 0.44 0.00 0.00 HOLD
2.519	>>> V 0.00 0.00
2.520	S 13231300 -0.26 0.44 0.00 0.00 HOLD
2.534	>>> V 0.00 0.00
2.535	S 13231320 -0.26 0.44 0.00 0.00 HOLD
2.554	>>> V 0.00 0.00
2.556	S 13231340 -0.26 0.44 0.00 0.00 HOLD
2.574	>>> V 0.00 0.00
2.574	S 13231360 -0.18 0.44 0.00 0.00 HOLD
2.597	>>> V 0.00 0.00
2.597	S 13231380 -0.18 0.44 0.00 0.00 HOLD
2.621	>>> V 0.00 0.00
2.622	S 13231400 -0.26 0.44 0.00 0.00 HOLD
2.638	>>> V 0.00 0.00
2.640	S 13231420 -0.26 0.44 0.00 0.00 HOLD
2.656	>>> V 0.00 0.00
2.660	S 13231440 -0.18 0.44 0.00 0.00 HOLD
2.674	>>> V 0.00 0.00
2.678	S 13231460 -0.26 0.44 0.00 0.00 HOLD
2.694	>>> V 0.00 0.00
2.695	S 13231480 -0.26 0.44 0.00 0.00 HOLD
2.716	>>> V 0.00 0.00
2.717	S 13231500 -0.18 0.44 0.00 0.00 HOLD
2.734	>>> V 0.00 0.00
2.735	S 13231520 -0.26 0.44 0.00 0.00 HOLD
2.753	>>> V 0.00 0.00
2.754	S 13231540 -0.26 0.44 0.00 0.00 HOLD
2.773	>>> V 0.00 0.00
2.774	S 13231560 -0.18 0.44 0.00 0.00 HOLD
2.794	>>> V 0.00 0.00
2.795	S 13231580 -0.26 0.44 0.00 0.00 HOLD
2.814	>>> V 0.00 0.00
2.814	S 13231600 -0.26 0.44 0.00 0.00 HOLD
2.833	>>> V 0.00 0.00
2.835	S 13231620 -0.26 0.44 0.00 0.00 HOLD
2.854	>>> V 0.00 0.00
2.854	S 13231640 -0.26 0.44 0.00 0.00 HOLD
2.874	>>> V 0.00 0.00
2.874	S 13231660 -0.18 0.44 0.00 0.00 HOLD
2.895	>>> V 0.00 0.00
2.895	S 13231680 -0.26 0.44 0.00 0.00 HOLD
2.914	>>> V 0.00 0.00
2.915	S 13231700 -0.26 0.44 0.00 0.00 HOLD
2.934	>>> V 0.00 0.00
2.934	S 13231720 -0.18 0.44 0.00 0.00 HOLD
2.954	>>> V 0.00 0.00
2.954	S 13231740 -0.26 0.44 0.00 0.00 HOLD
2.975	>>> V 0.00 0.00
2.975	S 13231760 -0.18 0.44 0.00 0.00 HOLD
2.993	>>> V 0.00 0.00
2.994	S 13231780 -0.18 0.44 0.00 0.00 HOLD
3.014	>>> V 0.00 0.00
3.014	S 13231800 -0.26 0.44 0.00 0.00 HOLD
3.033	>>> V 0.00 0.00
3.035	S 13231820 -0.18 0.44 0.00 0.00 HOLD
3.053	>>> V 0.00 0.00
3.054	S 13231840 -0.18 0.44 0.00 0.00 HOLD
3.074	>>> V 0.00 0.00
3.075	S 13231860 -0.26 0.44 0.00 0.00 HOLD
3.093	>>> V 0.00 0.00
3.094	S 13231880 -0.26 0.44 0.00 0.00 HOLD
3.115	>>> V 0.00 0.00
3.116	S 13231900 -0.18 0.44 0.00 0.00 HOLD
3.134	>>> V 0.00 0.00
3.134	S 13231920 -0.26 0.44 0.00 0.00 HOLD
3.156	>>> V 0.00 0.00
3.156	S 13231940 -0.18 0.44 0.00 0.00 HOLD
3.173	>>> V 0.00 0.00
3.174	S 13231960 -0.18 0.44 0.00 0.00 HOLD
3.196	>>> V 0.00 0.00
3.196	S 13231980 -0.18 0.44 0.00 0.00 HOLD
3.213	>>> V 0.00 0.00
3.214	S 13232000 -0.18 0.44 0.00 0.00 HOLD
3.235	>>> V 0.00 0.00
3.235	S 13232020 -0.26 0.44 0.00 0.00 HOLD
3.255	>>> V 0.00 0.00
3.255	S 13232040 -0.18 0.44 0.00 0.00 HOLD
3.275	>>> V 0.00 0.00
3.276	S 13232060 -0.26 0.44 0.00 0.00 HOLD
3.293	>>> V 0.00 0.00
3.294	S 13232080 -0.26 0.44 0.00 0.00 HOLD
3.315	>>> V 0.00 0.00
3.316	S 13232100 -0.18 0.44 0.00 0.00 HOLD
3.334	>>> V 0.00 0.00
3.334	S 13232120 -0.18 0.44 0.00 0.00 HOLD
3.356	>>> V 0.00 0.00
3.356	S 13232140 -0.26 0.44 0.00 0.00 HOLD
3.373	>>> V 0.00 0.00
3.374	S 13232160 -0.26 0.44 0.00 0.00 HOLD
3.395	>>> V 0.00 0.00
3.395	S 13232180 -0.26 0.44 0.00 0.00 HOLD
3.414	>>> V 0.00 0.00
3.415	S 13232200 -0.26 0.44 0.00 0.00 HOLD
3.434	>>> V 0.00 0.00
3.435	S 13232220 -0.26 0.44 0.00 0.00 HOLD
3.454	>>> V 0.00 0.00
3.454	S 13232240 -0.18 0.44 0.00 0.00 HOLD
3.473	>>> V 0.00 0.00
3.474	S 13232260 -0.26 0.44 0.00 0.00 HOLD
3.494	>>> V 0.00 0.00
3.494	S 13232280 -0.18 0.44 0.00 0.00 HOLD
3.517	>>> V 0.00 0.00
3.518	S 13232300 -0.26 0.44 0.00 0.00 HOLD
3.534	>>> V 0.00 0.00
3.534	S 13232320 -0.26 0.44 0.00 0.00 HOLD
3.553	>>> V 0.00 0.00
3.553	S 13232340 -0.18 0.44 0.00 0.00 HOLD
3.573	>>> V 0.00 0.00
3.574	S 13232360 -0.26 0.44 0.00 0.00 HOLD
3.594	>>> V 0.00 0.00
3.594	S 13232380 -0.26 0.44 0.00 0.00 HOLD
3.614	>>> V 0.00 0.00
3.615	S 13232400 -0.18 0.44 0.00 0.00 HOLD
3.633	>>> V 0.00 0.00
3.634	S 13232420 -0.26 0.44 0.00 0.00 HOLD
3.655	>>> V 0.00 0.00
3.656	S 13232440 -0.26 0.44 0.00 0.00 HOLD
3.673	>>> V 0.00 0.00
3.676	S 13232460 -0.26 0.44 0.00 0.00 HOLD
3.694	>>> V 0.00 0.00
3.695	S 13232480 -0.18 0.44 0.00 0.00 HOLD
3.713	>>> V 0.00 0.00
3.714	S 13232500 -0.18 0.44 0.00 0.00 HOLD
3.734	>>> V 0.00 0.00
3.734	S 13232520 -0.26 0.44 0.00 0.00 HOLD
3.754	>>> V 0.00 0.00
3.755	S 13232540 -0.18 0.44 0.00 0.00 HOLD
3.774	>>> V 0.00 0.00
3.774	S 13232560 -0.26 0.44 0.00 0.00 HOLD
3.796	>>> V 0.00 0.00
3.797	S 13232580 -0.26 0.44 0.00 0.00 HOLD
3.814	>>> V 0.00 0.00
3.814	S 13232600 -0.18 0.44 0.00 0.00 HOLD
3.835	>>> V 0.00 0.00
3.836	S 13232620 -0.26 0.44 0.00 0.00 HOLD
3.856	>>> V 0.00 0.00
3.856	S 13232640 -0.26 0.44 0.00 0.00 HOLD
3.873	>>> V 0.00 0.00
3.874	S 13232660 -0.18 0.44 0.00 0.00 HOLD
3.893	>>> V 0.00 0.00
3.893	S 13232680 -0.18 0.44 0.00 0.00 HOLD
3.913	>>> V 0.00 0.00
3.913	S 13232700 -0.18 0.44 0.00 0.00 HOLD
3.934	>>> V 0.00 0.00
3.934	S 13232720 -0.26 0.44 0.00 0.00 HOLD
3.953	>>> V 0.00 0.00
3.954	S 13232740 -0.18 0.35 0.00 0.00 HOLD
3.973	>>> V 0.00 0.00
3.974	S 13232760 -0.18 0.44 0.00 0.00 HOLD
3.993	>>> V 0.00 0.00
3.994	S 13232780 -0.18 0.44 0.00 0.00 HOLD
4.013	>>> V 0.00 0.00
4.014	S 13232800 -0.26 0.44 0.00 0.00 HOLD
4.033	>>> V 0.00 0.00
4.034	S 13232820 -0.26 0.44 0.00 0.00 HOLD
4.053	>>> V 0.00 0.00
4.054	S 13232840 -0.18 0.44 0.00 0.00 HOLD
4.073	>>> V 0.00 0.00
4.074	S 13232860 -0.18 0.44 0.00 0.00 HOLD
4.093	>>> V 0.00 0.00
4.094	S 13232880 -0.18 0.44 0.00 0.00 HOLD
4.114	>>> V 0.00 0.00
4.115	S 13232900 -0.26 0.44 0.00 0.00 HOLD
4.133	>>> V 0.00 0.00
4.134	S 13232920 -0.18 0.44 0.00 0.00 HOLD
4.153	>>> V 0.00 0.00
4.154	S 13232940 -0.26 0.44 0.00 0.00 HOLD
4.174	>>> V 0.00 0.00
4.174	S 13232960 -0.26 0.44 0.00 0.00 HOLD
4.193	>>> V 0.00 0.00
4.195	S 13232980 -0.26 0.44 0.00 0.00 HOLD
4.213	>>> V 0.00 0.00
4.214	S 13233000 -0.26 0.44 0.00 0.00 HOLD
4.235	>>> V 0.00 0.00
4.235	S 13233020 -0.18 0.44 0.00 0.00 HOLD
4.253	>>> V 0.00 0.00
4.254	S 13233040 -0.18 0.44 0.00 0.00 HOLD
4.274	>>> V 0.00 0.00
4.275	S 13233060 -0.18 0.44 0.00 0.00 HOLD
4.294	>>> V 0.00 0.00
4.294	S 13233080 -0.26 0.44 0.00 0.00 HOLD
4.314	>>> V 0.00 0.00
4.315	S 13233100 -0.26 0.44 0.00 0.00 HOLD
4.333	>>> V 0.00 0.00
4.333	S 13233120 -0.18 0.44 0.00 0.00 HOLD
4.354	>>> V 0.00 0.00
4.355	S 13233140 -0.18 0.44 0.00 0.00 HOLD
4.373	>>> V 0.00 0.00
4.374	S 13233160 -0.18 0.44 0.00 0.00 HOLD
4.394	>>> V 0.00 0.00
4.395	S 13233180 -0.26 0.44 0.00 0.00 HOLD
4.414	>>> V 0.00 0.00
4.414	S 13233200 -0.26 0.44 0.00 0.00 HOLD
4.434	>>> V 0.00 0.00
4.434	S 13233220 -0.26 0.44 0.00 0.00 HOLD
4.457	>>> V 0.00 0.00
4.458	S 13233240 -0.26 0.44 0.00 0.00 HOLD
4.477	>>> V 0.00 0.00
4.478	S 13233260 -0.18 0.44 0.00 0.00 HOLD
4.493	>>> V 0.00 0.00
4.494	S 13233280 -0.26 0.44 0.00 0.00 HOLD
4.515	>>> V 0.00 0.00
4.515	S 13233300 -0.26 0.44 0.00 0.00 HOLD
4.533	>>> V 0.00 0.00
4.534	S 13233320 -0.18 0.44 0.00 0.00 HOLD
4.555	>>> V 0.00 0.00
4.555	S 13233340 -0.18 0.44 0.00 0.00 HOLD
4.573	>>> V 0.00 0.00
4.574	S 13233360 -0.18 0.44 0.00 0.00 HOLD
4.595	>>> V 0.00 0.00
4.596	S 13233380 -0.26 0.44 0.00 0.00 HOLD
4.613	>>> V 0.00 0.00
4.614	S 13233400 -0.26 0.44 0.00 0.00 HOLD
4.634	>>> V 0.00 0.00
4.635	S 13233420 -0.26 0.44 0.00 0.00 HOLD
4.653	>>> V 0.00 0.00
4.654	S 13233440 -0.18 0.44 0.00 0.00 HOLD
4.674	>>> V 0.00 0.00
4.674	S 13233460 -0.26 0.44 0.00 0.00 HOLD
4.697	>>> V 0.00 0.00
4.697	S 13233480 -0.18 0.44 0.00 0.00 HOLD
4.714	>>> V 0.00 0.00
4.715	S 13233500 -0.18 0.44 0.00 0.00 HOLD
4.733	>>> V 0.00 0.00
4.734	S 13233520 -0.26 0.44 0.00 0.00 HOLD
4.753	>>> V 0.00 0.00
4.756	S 13233540 -0.18 0.44 0.00 0.00 HOLD
4.774	>>> V 0.00 0.00
4.774	S 13233560 -0.26 0.44 0.00 0.00 HOLD
4.795	>>> V 0.00 0.00
4.795	S 13233580 -0.18 0.44 0.00 0.00 HOLD
4.814	>>> V 0.00 0.00
4.814	S 13233601 -0.18 0.44 0.00 0.00 HOLD
4.834	>>> V 0.00 0.00
4.834	S 13233620 -0.18 0.44 0.00 0.00 HOLD
4.853	>>> V 0.00 0.00
4.853	S 13233641 -0.18 0.44 0.00 0.00 HOLD
4.875	>>> V 0.00 0.00
4.875	S 13233661 -0.26 0.44 0.00 0.00 HOLD
4.894	>>> V 0.00 0.00
4.894	S 13233681 -0.26 0.44 0.00 0.00 HOLD
4.914	>>> V 0.00 0.00
4.914	S 13233701 -0.26 0.44 0.00 0.00 HOLD
4.935	>>> V 0.00 0.00
4.936	S 13233721 -0.26 0.44 0.00 0.00 HOLD
4.954	>>> V 0.00 0.00
4.954	S 13233741 -0.18 0.44 0.00 0.00 HOLD
4.975	>>> V 0.00 0.00
4.976	S 13233761 -0.26 0.44 0.00 0.00 HOLD
4.993	>>> V 0.00 0.00
4.994	S 13233781 -0.26 0.44 0.00 0.00 HOLD
5.014	>>> V 0.00 0.00
5.014	S 13233801 -0.26 0.44 0.00 0.00 HOLD
5.036	>>> V 0.00 0.00
5.037	S 13233821 -0.18 0.44 0.00 0.00 HOLD
5.053	>>> V 0.00 0.00
5.054	S 13233841 -0.18 0.44 0.00 0.00 HOLD
5.075	>>> V 0.00 0.00
5.075	S 13233861 -0.18 0.44 0.00 0.00 HOLD
5.093	>>> V 0.00 0.00
5.094	S 13233881 -0.26 0.44 0.00 0.00 HOLD
5.114	>>> V 0.00 0.00
5.115	S 13233901 -0.18 0.44 0.00 0.00 HOLD
5.133	>>> V 0.00 0.00
5.136	S 13233921 -0.18 0.44 0.00 0.00 HOLD
5.155	>>> V 0.00 0.00
5.155	S 13233941 -0.26 0.44 0.00 0.00 HOLD
5.175	>>> V 0.00 0.00
5.176	S 13233961 -0.18 0.44 0.00 0.00 HOLD
5.194	>>> V 0.00 0.00
5.196	S 13233981 -0.26 0.44 0.00 0.00 HOLD
5.215	>>> V 0.00 0.00
5.216	S 13234001 -0.18 0.44 0.00 0.00 HOLD
5.233	>>> V 0.00 0.00
5.235	S 13234021 -0.18 0.44 0.00 0.00 HOLD
5.254	>>> V 0.00 0.00
5.255	S 13234041 -0.26 0.44 0.00 0.00 HOLD
5.274	>>> V 0.00 0.00
5.274	S 13234061 -0.18 0.44 0.00 0.00 HOLD
5.295	>>> V 0.00 0.00
5.296	S 13234081 -0.26 0.44 0.00 0.00 HOLD
5.315	>>> V 0.00 0.00
5.315	S 13234101 -0.18 0.44 0.00 0.00 HOLD
5.333	>>> V 0.00 0.00
5.334	S 13234121 -0.26 0.44 0.00 0.00 HOLD
5.354	>>> V 0.00 0.00
5.355	S 13234141 -0.26 0.44 0.00 0.00 HOLD
5.374	>>> V 0.00 0.00
5.374	S 13234161 -0.26 0.44 0.00 0.00 HOLD
5.395	>>> V 0.00 0.00
5.395	S 13234181 -0.18 0.44 0.00 0.00 HOLD
5.413	>>> V 0.00 0.00
5.414	S 13234201 -0.18 0.44 0.00 0.00 HOLD
5.436	>>> V 0.00 0.00
5.436	S 13234221 -0.18 0.44 0.00 0.00 HOLD
5.454	>>> V 0.00 0.00
5.454	S 13234241 -0.26 0.44 0.00 0.00 HOLD
5.474	>>> V 0.00 0.00
5.474	S 13234261 -0.18 0.44 0.00 0.00 HOLD
5.493	>>> V 0.00 0.00
5.496	S 13234281 -0.18 0.44 0.00 0.00 HOLD
5.513	>>> V 0.00 0.00
5.514	S 13234301 -0.26 0.44 0.00 0.00 HOLD
5.534	>>> V 0.00 0.00
5.534	S 13234321 -0.18 0.44 0.00 0.00 HOLD
5.553	>>> V 0.00 0.00
5.554	S 13234341 -0.26 0.44 0.00 0.00 HOLD
5.575	>>> V 0.00 0.00
5.576	S 13234361 -0.26 0.44 0.00 0.00 HOLD
5.594	>>> V 0.00 0.00
5.594	S 13234381 -0.26 0.44 0.00 0.00 HOLD
5.616	>>> V 0.00 0.00
5.616	S 13234401 -0.18 0.44 0.00 0.00 HOLD
5.633	>>> V 0.00 0.00
5.634	S 13234421 -0.18 0.44 0.00 0.00 HOLD
5.654	>>> V 0.00 0.00
5.655	S 13234441 -0.26 0.44 0.00 0.00 HOLD
5.675	>>> V 0.00 0.00
5.675	S 13234461 -0.26 0.44 0.00 0.00 HOLD
5.693	>>> V 0.00 0.00
5.694	S 13234481 -0.18 0.44 0.00 0.00 HOLD
5.718	>>> V 0.00 0.00
5.721	S 13234501 -0.26 0.44 0.00 0.00 HOLD
5.733	>>> V 0.00 0.00
5.734	S 13234521 -0.26 0.44 0.00 0.00 HOLD
5.757	>>> V 0.00 0.00
5.758	S 13234541 -0.26 0.44 0.00 0.00 HOLD
5.774	>>> V 0.00 0.00
5.775	S 13234561 -0.18 0.44 0.00 0.00 HOLD
5.795	>>> V 0.00 0.00
5.796	S 13234581 -0.26 0.44 0.00 0.00 HOLD
5.814	>>> V 0.00 0.00
5.815	S 13234601 -0.18 0.44 0.00 0.00 HOLD
5.833	>>> V 0.00 0.00
5.834	S 13234621 -0.18 0.44 0.00 0.00 HOLD
5.856	>>> V 0.00 0.00
5.857	S 13234641 -0.18 0.44 0.00 0.00 HOLD
5.874	>>> V 0.00 0.00
5.874	S 13234661 -0.18 0.44 0.00 0.00 HOLD
5.896	>>> V 0.00 0.00
5.897	S 13234681 -0.18 0.44 0.00 0.00 HOLD
5.914	>>> V 0.00 0.00
5.915	S 13234701 -0.18 0.44 0.00 0.00 HOLD
5.935	>>> V 0.00 0.00
5.936	S 13234721 -0.18 0.44 0.00 0.00 HOLD
5.956	>>> V 0.00 0.00
5.957	S 13234741 -0.26 0.44 0.00 0.00 HOLD
5.974	>>> V 0.00 0.00
5.974	S 13234761 -0.26 0.44 0.00 0.00 HOLD
5.995	>>> V 0.00 0.00
5.995	S 13234781 -0.18 0.44 0.00 0.00 HOLD
6.014	>>> V 0.00 0.00
6.014	S 13234801 -0.26 0.44 0.00 0.00 HOLD
6.034	>>> V 0.00 0.00
6.035	S 13234821 -0.26 0.44 0.00 0.00 HOLD
6.053	>>> V 0.00 0.00
6.054	S 13234841 -0.26 0.44 0.00 0.00 HOLD
6.076	>>> V 0.00 0.00
6.077	S 13234861 -0.26 0.44 0.00 0.00 HOLD
6.093	>>> V 0.00 0.00
6.094	S 13234881 -0.26 0.44 0.00 0.00 HOLD
6.118	>>> V 0.00 0.00
6.119	S 13234901 -0.26 0.44 0.00 0.00 HOLD
6.133	>>> V 0.00 0.00
6.134	S 13234921 -0.18 0.44 0.00 0.00 HOLD
6.155	>>> V 0.00 0.00
6.157	S 13234941 -0.18 0.44 0.00 0.00 HOLD
6.174	>>> V 0.00 0.00
6.174	S 13234961 -0.26 0.35 0.00 0.00 HOLD
6.196	>>> V 0.00 0.00
6.197	S 13234981 -0.26 0.44 0.00 0.00 HOLD
6.215	>>> V 0.00 0.00
6.216	S 13235001 -0.26 0.44 0.00 0.00 HOLD
6.236	>>> V 0.00 0.00
6.236	S 13235021 -0.18 0.44 0.00 0.00 HOLD
6.254	>>> V 0.00 0.00
6.255	S 13235041 -0.26 0.44 0.00 0.00 HOLD
6.274	>>> V 0.00 0.00
6.274	S 13235061 -0.26 0.44 0.00 0.00 HOLD
6.294	>>> V 0.00 0.00
6.295	S 13235081 -0.26 0.44 0.00 0.00 HOLD
6.313	>>> V 0.00 0.00
6.314	S 13235101 -0.26 0.44 0.00 0.00 HOLD
6.335	>>> V 0.00 0.00
6.336	S 13235121 -0.26 0.44 0.00 0.00 HOLD
6.353	>>> V 0.00 0.00
6.354	S 13235141 -0.18 0.44 0.00 0.00 HOLD
6.375	>>> V 0.00 0.00
6.376	S 13235161 -0.26 0.44 0.00 0.00 HOLD
6.394	>>> V 0.00 0.00
6.394	S 13235181 -0.18 0.44 0.00 0.00 HOLD
6.420	>>> V 0.00 0.00
6.421	S 13235201 -0.26 0.44 0.00 0.00 HOLD
6.433	>>> V 0.00 0.00
6.434	S 13235221 -0.26 0.44 0.00 0.00 HOLD
6.454	>>> V 0.00 0.00
6.455	S 13235241 -0.26 0.44 0.00 0.00 HOLD
6.474	>>> V 0.00 0.00
6.474	S 13235261 -0.26 0.44 0.00 0.00 HOLD
6.496	>>> V 0.00 0.00
6.497	S 13235281 -0.18 0.44 0.00 0.00 HOLD
6.516	>>> V 0.00 0.00
6.517	S 13235301 -0.26 0.44 0.00 0.00 HOLD
6.535	>>> V 0.00 0.00
6.536	S 13235321 -0.26 0.44 0.00 0.00 HOLD
6.553	>>> V 0.00 0.00
6.554	S 13235341 -0.26 0.44 0.00 0.00 HOLD
6.575	>>> V 0.00 0.00
6.576	S 13235361 -0.26 0.44 0.00 0.00 HOLD
6.594	>>> V 0.00 0.00
6.594	S 13235381 -0.18 0.44 0.00 0.00 HOLD
6.616	>>> V 0.00 0.00
6.617	S 13235401 -0.26 0.44 0.00 0.00 HOLD
6.633	>>> V 0.00 0.00
6.633	S 13235421 -0.18 0.44 0.00 0.00 HOLD
6.655	>>> V 0.00 0.00
6.656	S 13235441 -0.26 0.44 0.00 0.00 HOLD
6.674	>>> V 0.00 0.00
6.674	S 13235461 -0.26 0.44 0.00 0.00 HOLD
6.695	>>> V 0.00 0.00
6.696	S 13235481 -0.18 0.44 0.00 0.00 HOLD
6.714	>>> V 0.00 0.00
6.715	S 13235501 -0.26 0.44 0.00 0.00 HOLD
6.735	>>> V 0.00 0.00
6.736	S 13235521 -0.18 0.44 0.00 0.00 HOLD
6.754	>>> V 0.00 0.00
6.755	S 13235541 -0.26 0.44 0.00 0.00 HOLD
6.775	>>> V 0.00 0.00
6.776	S 13235561 -0.26 0.44 0.00 0.00 HOLD
6.794	>>> V 0.00 0.00
6.794	S 13235581 -0.26 0.44 0.00 0.00 HOLD
6.815	>>> V 0.00 0.00
6.816	S 13235601 -0.18 0.44 0.00 0.00 HOLD
6.834	>>> V 0.00 0.00
6.834	S 13235621 -0.18 0.44 0.00 0.00 HOLD
6.854	>>> V 0.00 0.00
6.854	S 13235641 -0.26 0.44 0.00 0.00 HOLD
6.875	>>> V 0.00 0.00
6.876	S 13235661 -0.26 0.44 0.00 0.00 HOLD
6.893	>>> V 0.00 0.00
6.894	S 13235681 -0.26 0.44 0.00 0.00 HOLD
6.915	>>> V 0.00 0.00
6.916	S 13235701 -0.26 0.44 0.00 0.00 HOLD
6.934	>>> V 0.00 0.00
6.934	S 13235721 -0.18 0.44 0.00 0.00 HOLD
6.955	>>> V 0.00 0.00
6.956	S 13235741 -0.26 0.44 0.00 0.00 HOLD
6.973	>>> V 0.00 0.00
6.974	S 13235761 -0.18 0.44 0.00 0.00 HOLD
6.993	>>> V 0.00 0.00
6.995	S 13235781 -0.26 0.44 0.00 0.00 HOLD
7.014	>>> V 0.00 0.00
7.015	S 13235801 -0.26 0.44 0.00 0.00 HOLD
7.034	>>> V 0.00 0.00
7.035	S 13235821 -0.18 0.44 0.00 0.00 HOLD
7.054	>>> V 0.00 0.00
7.056	S 13235841 -0.18 0.44 0.00 0.00 HOLD
7.073	>>> V 0.00 0.00
7.074	S 13235861 -0.18 0.44 0.00 0.00 HOLD
7.094	>>> V 0.00 0.00
7.094	S 13235881 -0.18 0.44 0.00 0.00 HOLD
7.113	>>> V 0.00 0.00
7.114	S 13235901 -0.26 0.44 0.00 0.00 HOLD
7.133	>>> V 0.00 0.00
7.133	S 13235921 -0.18 0.44 0.00 0.00 HOLD
7.155	>>> V 0.00 0.00
7.156	S 13235941 -0.26 0.44 0.00 0.00 HOLD
7.173	>>> V 0.00 0.00
7.174	S 13235961 -0.26 0.44 0.00 0.00 HOLD
7.195	>>> V 0.00 0.00
7.196	S 13235981 -0.18 0.44 0.00 0.00 HOLD
7.214	>>> V 0.00 0.00
7.214	S 13236001 -0.18 0.44 0.00 0.00 HOLD
7.235	>>> V 0.00 0.00
7.235	S 13236021 -0.18 0.44 0.00 0.00 HOLD
7.253	>>> V 0.00 0.00
7.254	S 13236041 -0.18 0.44 0.00 0.00 HOLD
7.274	>>> V 0.00 0.00
7.276	S 13236061 -0.26 0.44 0.00 0.00 HOLD
7.294	>>> V 0.00 0.00
7.295	S 13236081 -0.18 0.44 0.00 0.00 HOLD
7.314	>>> V 0.00 0.00
7.315	S 13236101 -0.18 0.44 0.00 0.00 HOLD
7.333	>>> V 0.00 0.00
7.334	S 13236121 -0.26 0.44 0.00 0.00 HOLD
7.354	>>> V 0.00 0.00
7.355	S 13236141 -0.26 0.44 0.00 0.00 HOLD
7.374	>>> V 0.00 0.00
7.374	S 13236161 -0.26 0.44 0.00 0.00 HOLD
7.393	>>> V 0.00 0.00
7.394	S 13236181 -0.26 0.44 0.00 0.00 HOLD
7.416	>>> V 0.00 0.00
7.416	S 13236201 -0.18 0.44 0.00 0.00 HOLD
7.433	>>> V 0.00 0.00
7.434	S 13236221 -0.18 0.44 0.00 0.00 HOLD
7.454	>>> V 0.00 0.00
7.455	S 13236241 -0.18 0.44 0.00 0.00 HOLD
7.473	>>> V 0.00 0.00
7.474	S 13236261 -0.26 0.44 0.00 0.00 HOLD
7.495	>>> V 0.00 0.00
7.495	S 13236281 -0.26 0.44 0.00 0.00 HOLD
7.514	>>> V 0.00 0.00
7.514	S 13236301 -0.26 0.44 0.00 0.00 HOLD
7.534	>>> V 0.00 0.00
7.536	S 13236321 -0.26 0.44 0.00 0.00 HOLD
7.555	>>> V 0.00 0.00
7.555	S 13236341 -0.26 0.44 0.00 0.00 HOLD
7.575	>>> V 0.00 0.00
7.576	S 13236361 -0.26 0.44 0.00 0.00 HOLD
7.595	>>> V 0.00 0.00
7.595	S 13236381 -0.18 0.44 0.00 0.00 HOLD
7.613	>>> V 0.00 0.00
7.614	S 13236401 -0.26 0.44 0.00 0.00 HOLD
7.634	>>> V 0.00 0.00
7.634	S 13236421 -0.18 0.44 0.00 0.00 HOLD
7.654	>>> V 0.00 0.00
7.655	S 13236441 -0.18 0.44 0.00 0.00 HOLD
7.674	>>> V 0.00 0.00
7.674	S 13236461 -0.18 0.44 0.00 0.00 HOLD
7.693	>>> V 0.00 0.00
7.693	S 13236481 -0.26 0.44 0.00 0.00 HOLD
7.714	>>> V 0.00 0.00
7.715	S 13236501 -0.26 0.44 0.00 0.00 HOLD
7.733	>>> V 0.00 0.00
7.735	S 13236521 -0.26 0.44 0.00 0.00 HOLD
7.755	>>> V 0.00 0.00
7.756	S 13236541 -0.26 0.44 0.00 0.00 HOLD
7.775	>>> V 0.00 0.00
7.776	S 13236561 -0.18 0.44 0.00 0.00 HOLD
7.793	>>> V 0.00 0.00
7.794	S 13236581 -0.26 0.44 0.00 0.00 HOLD
7.813	>>> V 0.00 0.00
7.814	S 13236601 -0.18 0.44 0.00 0.00 HOLD
7.833	>>> V 0.00 0.00
7.834	S 13236621 -0.18 0.44 0.00 0.00 HOLD
7.854	>>> V 0.00 0.00
7.854	S 13236641 -0.26 0.44 0.00 0.00 HOLD
7.873	>>> V 0.00 0.00
7.874	S 13236661 -0.26 0.44 0.00 0.00 HOLD
7.894	>>> V 0.00 0.00
7.895	S 13236681 -0.26 0.44 0.00 0.00 HOLD
7.913	>>> V 0.00 0.00
7.914	S 13236701 -0.26 0.44 0.00 0.00 HOLD
7.935	>>> V 0.00 0.00
7.936	S 13236721 -0.26 0.44 0.00 0.00 HOLD
7.954	>>> V 0.00 0.00
7.954	S 13236741 -0.26 0.44 0.00 0.00 HOLD
7.975	>>> V 0.00 0.00
7.977	S 13236761 -0.26 0.44 0.00 0.00 HOLD
7.993	>>> V 0.00 0.00
7.994	S 13236781 -0.18 0.44 0.00 0.00 HOLD
8.015	>>> V 0.00 0.00
8.016	S 13236801 -0.18 0.44 0.00 0.00 HOLD
8.034	>>> V 0.00 0.00
8.035	S 13236821 -0.26 0.44 0.00 0.00 HOLD
8.054	>>> V 0.00 0.00
8.055	S 13236841 -0.26 0.44 0.00 0.00 HOLD
8.074	>>> V 0.00 0.00
8.076	S 13236861 -0.26 0.44 0.00 0.00 HOLD
8.093	>>> V 0.00 0.00
8.094	S 13236881 -0.18 0.44 0.00 0.00 HOLD
8.114	>>> V 0.00 0.00
8.115	S 13236901 -0.18 0.44 0.00 0.00 HOLD
8.133	>>> V 0.00 0.00
8.134	S 13236921 -0.26 0.44 0.00 0.00 HOLD
8.153	>>> V 0.00 0.00
8.154	S 13236941 -0.26 0.44 0.00 0.00 HOLD
8.174	>>> V 0.00 0.00
8.174	S 13236961 -0.18 0.44 0.00 0.00 HOLD
8.194	>>> V 0.00 0.00
8.194	S 13236981 -0.26 0.44 0.00 0.00 HOLD
8.213	>>> V 0.00 0.00
8.214	S 13237001 -0.26 0.44 0.00 0.00 HOLD
8.234	>>> V 0.00 0.00
8.235	S 13237021 -0.18 0.44 0.00 0.00 HOLD
8.253	>>> V 0.00 0.00
8.254	S 13237041 -0.26 0.44 0.00 0.00 HOLD
8.274	>>> V 0.00 0.00
8.274	S 13237061 -0.18 0.44 0.00 0.00 HOLD
8.293	>>> V 0.00 0.00
8.296	S 13237081 -0.26 0.44 0.00 0.00 HOLD
8.313	>>> V 0.00 0.00
8.314	S 13237101 -0.26 0.44 0.00 0.00 HOLD
8.333	>>> V 0.00 0.00
8.334	S 13237121 -0.26 0.44 0.00 0.00 HOLD
8.355	>>> V 0.00 0.00
8.355	S 13237141 -0.26 0.44 0.00 0.00 HOLD
8.373	>>> V 0.00 0.00
8.374	S 13237161 -0.26 0.44 0.00 0.00 HOLD
8.396	>>> V 0.00 0.00
8.396	S 13237181 -0.18 0.44 0.00 0.00 HOLD
8.414	>>> V 0.00 0.00
8.414	S 13237201 -0.26 0.44 0.00 0.00 HOLD
8.435	>>> V 0.00 0.00
8.436	S 13237221 -0.18 0.44 0.00 0.00 HOLD
8.453	>>> V 0.00 0.00
8.454	S 13237241 -0.26 0.44 0.00 0.00 HOLD
8.476	>>> V 0.00 0.00
8.477	S 13237261 -0.18 0.44 0.00 0.00 HOLD
8.494	>>> V 0.00 0.00
8.495	S 13237281 -0.18 0.44 0.00 0.00 HOLD
8.515	>>> V 0.00 0.00
8.515	S 13237301 -0.26 0.44 0.00 0.00 HOLD
8.534	>>> V 0.00 0.00
8.534	S 13237321 -0.18 0.44 0.00 0.00 HOLD
8.554	>>> V 0.00 0.00
8.554	S 13237341 -0.18 0.44 0.00 0.00 HOLD
8.574	>>> V 0.00 0.00
8.574	S 13237361 -0.18 0.44 0.00 0.00 HOLD
8.593	>>> V 0.00 0.00
8.594	S 13237381 -0.18 0.44 0.00 0.00 HOLD
8.614	>>> V 0.00 0.00
8.614	S 13237401 -0.18 0.44 0.00 0.00 HOLD
8.633	>>> V 0.00 0.00
8.634	S 13237421 -0.18 0.44 0.00 0.00 HOLD
8.655	>>> V 0.00 0.00
8.655	S 13237441 -0.26 0.44 0.00 0.00 HOLD
8.673	>>> V 0.00 0.00
8.675	S 13237461 -0.26 0.44 0.00 0.00 HOLD
8.695	>>> V 0.00 0.00
8.696	S 13237481 -0.18 0.44 0.00 0.00 HOLD
8.714	>>> V 0.00 0.00
8.714	S 13237501 -0.26 0.44 0.00 0.00 HOLD
8.734	>>> V 0.00 0.00
8.734	S 13237521 -0.18 0.44 0.00 0.00 HOLD
8.756	>>> V 0.00 0.00
8.756	S 13237541 -0.18 0.44 0.00 0.00 HOLD
8.773	>>> V 0.00 0.00
8.774	S 13237561 -0.26 0.44 0.00 0.00 HOLD
8.795	>>> V 0.00 0.00
8.795	S 13237581 -0.18 0.44 0.00 0.00 HOLD
8.813	>>> V 0.00 0.00
8.814	S 13237601 -0.26 0.44 0.00 0.00 HOLD
8.834	>>> V 0.00 0.00
8.835	S 13237621 -0.26 0.35 0.00 0.00 HOLD
8.856	>>> V 0.00 0.00
8.857	S 13237641 -0.26 0.44 0.00 0.00 HOLD
8.873	>>> V 0.00 0.00
8.874	S 13237661 -0.26 0.44 0.00 0.00 HOLD
8.895	>>> V 0.00 0.00
8.896	S 13237681 -0.26 0.44 0.00 0.00 HOLD
8.914	>>> V 0.00 0.00
8.914	S 13237701 -0.18 0.44 0.00 0.00 HOLD
8.934	>>> V 0.00 0.00
8.935	S 13237721 -0.26 0.44 0.00 0.00 HOLD
8.953	>>> V 0.00 0.00
8.957	S 13237741 -0.26 0.44 0.00 0.00 HOLD
8.975	>>> V 0.00 0.00
8.975	S 13237761 -0.18 0.44 0.00 0.00 HOLD
8.994	>>> V 0.00 0.00
8.995	S 13237781 -0.26 0.44 0.00 0.00 HOLD
9.014	>>> V 0.00 0.00
9.014	S 13237801 -0.26 0.44 0.00 0.00 HOLD
9.035	>>> V 0.00 0.00
9.035	S 13237821 -0.26 0.44 0.00 0.00 HOLD
9.054	>>> V 0.00 0.00
9.056	S 13237841 -0.26 0.44 0.00 0.00 HOLD
9.074	>>> V 0.00 0.00
9.074	S 13237861 -0.26 0.44 0.00 0.00 HOLD
9.094	>>> V 0.00 0.00
9.094	S 13237881 -0.18 0.44 0.00 0.00 HOLD
9.114	>>> V 0.00 0.00
9.115	S 13237901 -0.18 0.44 0.00 0.00 HOLD
9.135	>>> V 0.00 0.00
9.136	S 13237921 -0.26 0.44 0.00 0.00 HOLD
9.154	>>> V 0.00 0.00
9.154	S 13237941 -0.26 0.44 0.00 0.00 HOLD
9.174	>>> V 0.00 0.00
9.174	S 13237961 -0.18 0.44 0.00 0.00 HOLD
9.194	>>> V 0.00 0.00
9.194	S 13237981 -0.26 0.44 0.00 0.00 HOLD
9.213	>>> V 0.00 0.00
9.214	S 13238001 -0.26 0.44 0.00 0.00 HOLD
9.233	>>> V 0.00 0.00
9.235	S 13238021 -0.18 0.44 0.00 0.00 HOLD
9.254	>>> V 0.00 0.00
9.254	S 13238041 -0.18 0.44 0.00 0.00 HOLD
9.273	>>> V 0.00 0.00
9.274	S 13238061 -0.18 0.44 0.00 0.00 HOLD
9.294	>>> V 0.00 0.00
9.295	S 13238081 -0.18 0.44 0.00 0.00 HOLD
9.314	>>> V 0.00 0.00
9.315	S 13238101 -0.18 0.44 0.00 0.00 HOLD
9.334	>>> V 0.00 0.00
9.334	S 13238121 -0.18 0.44 0.00 0.00 HOLD
9.357	>>> V 0.00 0.00
9.357	S 13238141 -0.26 0.44 0.00 0.00 HOLD
9.374	>>> V 0.00 0.00
9.374	S 13238161 -0.18 0.44 0.00 0.00 HOLD
9.393	>>> V 0.00 0.00
9.394	S 13238181 -0.26 0.44 0.00 0.00 HOLD
9.416	>>> V 0.00 0.00
9.416	S 13238201 -0.26 0.44 0.00 0.00 HOLD
9.434	>>> V 0.00 0.00
9.434	S 13238221 -0.26 0.44 0.00 0.00 HOLD
9.454	>>> V 0.00 0.00
9.454	S 13238241 -0.18 0.44 0.00 0.00 HOLD
9.474	>>> V 0.00 0.00
9.474	S 13238261 -0.26 0.44 0.00 0.00 HOLD
9.494	>>> V 0.00 0.00
9.497	S 13238281 -0.26 0.44 0.00 0.00 HOLD
9.514	>>> V 0.00 0.00
9.516	S 13238301 -0.26 0.44 0.00 0.00 HOLD
9.535	>>> V 0.00 0.00
9.535	S 13238321 -0.26 0.44 0.00 0.00 HOLD
9.555	>>> V 0.00 0.00
9.556	S 13238341 -0.26 0.44 0.00 0.00 HOLD
9.573	>>> V 0.00 0.00
9.574	S 13238361 -0.26 0.44 0.00 0.00 HOLD
9.594	>>> V 0.00 0.00
9.594	S 13238381 -0.18 0.44 0.00 0.00 HOLD
9.614	>>> V 0.00 0.00
9.614	S 13238401 -0.26 0.44 0.00 0.00 HOLD
9.634	>>> V 0.00 0.00
9.635	S 13238421 -0.26 0.44 0.00 0.00 HOLD
9.654	>>> V 0.00 0.00
9.654	S 13238441 -0.26 0.44 0.00 0.00 HOLD
9.673	>>> V 0.00 0.00
9.674	S 13238461 -0.26 0.44 0.00 0.00 HOLD
9.695	>>> V 0.00 0.00
9.696	S 13238481 -0.18 0.44 0.00 0.00 HOLD
9.714	>>> V 0.00 0.00
9.714	S 13238501 -0.26 0.44 0.00 0.00 HOLD
9.735	>>> V 0.00 0.00
9.735	S 13238521 -0.18 0.44 0.00 0.00 HOLD
9.753	>>> V 0.00 0.00
9.754	S 13238541 -0.26 0.44 0.00 0.00 HOLD
9.774	>>> V 0.00 0.00
9.775	S 13238561 -0.26 0.44 0.00 0.00 HOLD
9.793	>>> V 0.00 0.00
9.796	S 13238581 -0.18 0.44 0.00 0.00 HOLD
9.814	>>> V 0.00 0.00
9.814	S 13238601 -0.18 0.44 0.00 0.00 HOLD
9.835	>>> V 0.00 0.00
9.835	S 13238621 -0.18 0.44 0.00 0.00 HOLD
9.854	>>> V 0.00 0.00
9.855	S 13238641 -0.18 0.44 0.00 0.00 HOLD
9.875	>>> V 0.00 0.00
9.876	S 13238661 -0.26 0.44 0.00 0.00 HOLD
9.894	>>> V 0.00 0.00
9.894	S 13238681 -0.26 0.44 0.00 0.00 HOLD
9.913	>>> V 0.00 0.00
9.914	S 13238701 -0.26 0.44 0.00 0.00 HOLD
9.934	>>> V 0.00 0.00
9.935	S 13238721 -0.18 0.44 0.00 0.00 HOLD
9.954	>>> V 0.00 0.00
9.955	S 13238741 -0.26 0.44 0.00 0.00 HOLD
9.975	>>> V 0.00 0.00
9.976	S 13238761 -0.26 0.44 0.00 0.00 HOLD
9.993	>>> V 0.00 0.00
9.994	S 13238781 -0.18 0.44 0.00 0.00 HOLD
10.014	>>> V 0.00 0.00
10.014	S 13238801 -0.26 0.44 0.00 0.00 HOLD
10.035	>>> V 0.00 0.00
10.036	S 13238821 -0.26 0.44 0.00 0.00 HOLD
10.054	>>> V 0.00 0.00
10.054	S 13238841 -0.18 0.44 0.00 0.00 HOLD
10.074	>>> V 0.00 0.00
10.074	S 13238861 -0.26 0.44 0.00 0.00 HOLD
10.094	>>> V 0.00 0.00
10.094	S 13238881 -0.26 0.44 0.00 0.00 HOLD
10.115	>>> V 0.00 0.00
10.115	S 13238901 -0.18 0.44 0.00 0.00 HOLD
10.134	>>> V 0.00 0.00
10.135	S 13238921 -0.26 0.44 0.00 0.00 HOLD
10.154	>>> V 0.00 0.00
10.154	S 13238941 -0.26 0.44 0.00 0.00 HOLD
10.174	>>> V 0.00 0.00
10.175	S 13238961 -0.26 0.44 0.00 0.00 HOLD
10.194	>>> V 0.00 0.00
10.194	S 13238981 -0.26 0.44 0.00 0.00 HOLD
10.214	>>> V 0.00 0.00
10.215	S 13239001 -0.26 0.44 0.00 0.00 HOLD
10.234	>>> V 0.00 0.00
10.234	S 13239021 -0.18 0.44 0.00 0.00 HOLD
10.253	>>> V 0.00 0.00
10.254	S 13239041 -0.26 0.44 0.00 0.00 HOLD
10.274	>>> V 0.00 0.00
10.274	S 13239061 -0.26 0.44 0.00 0.00 HOLD
10.294	>>> V 0.00 0.00
10.294	S 13239081 -0.26 0.44 0.00 0.00 HOLD
10.315	>>> V 0.00 0.00
10.316	S 13239101 -0.26 0.44 0.00 0.00 HOLD
10.335	>>> V 0.00 0.00
10.336	S 13239121 -0.26 0.44 0.00 0.00 HOLD
10.355	>>> V 0.00 0.00
10.356	S 13239141 -0.26 0.44 0.00 0.00 HOLD
10.375	>>> V 0.00 0.00
10.375	S 13239161 -0.26 0.44 0.00 0.00 HOLD
10.395	>>> V 0.00 0.00
10.396	S 13239181 -0.26 0.44 0.00 0.00 HOLD
10.414	>>> V 0.00 0.00
10.415	S 13239201 -0.26 0.44 0.00 0.00 HOLD
10.434	>>> V 0.00 0.00
10.434	S 13239221 -0.18 0.44 0.00 0.00 HOLD
10.456	>>> V 0.00 0.00
10.457	S 13239241 -0.18 0.44 0.00 0.00 HOLD
10.473	>>> V 0.00 0.00
10.474	S 13239261 -0.26 0.44 0.00 0.00 HOLD
10.494	>>> V 0.00 0.00
10.496	S 13239281 -0.26 0.44 0.00 0.00 HOLD
10.514	>>> V 0.00 0.00
10.514	S 13239301 -0.18 0.44 0.00 0.00 HOLD
10.534	>>> V 0.00 0.00
10.534	S 13239321 -0.26 0.44 0.00 0.00 HOLD
10.555	>>> V 0.00 0.00
10.555	S 13239341 -0.26 0.44 0.00 0.00 HOLD
10.575	>>> V 0.00 0.00
10.575	S 13239361 -0.26 0.44 0.00 0.00 HOLD
10.595	>>> V 0.00 0.00
10.595	S 13239381 -0.26 0.44 0.00 0.00 HOLD
10.614	>>> V 0.00 0.00
10.614	S 13239401 -0.26 0.44 0.00 0.00 HOLD
10.634	>>> V 0.00 0.00
10.635	S 13239421 -0.18 0.44 0.00 0.00 HOLD
10.654	>>> V 0.00 0.00
10.657	S 13239441 -0.26 0.44 0.00 0.00 HOLD
10.673	>>> V 0.00 0.00
10.673	S 13239461 -0.26 0.44 0.00 0.00 HOLD
10.694	>>> V 0.00 0.00
10.694	S 13239481 -0.18 0.44 0.00 0.00 HOLD
10.714	>>> V 0.00 0.00
10.715	S 13239501 -0.18 0.44 0.00 0.00 HOLD
10.733	>>> V 0.00 0.00
10.734	S 13239521 -0.26 0.44 0.00 0.00 HOLD
10.755	>>> V 0.00 0.00
10.756	S 13239541 -0.26 0.44 0.00 0.00 HOLD
10.774	>>> V 0.00 0.00
10.774	S 13239561 -0.26 0.44 0.00 0.00 HOLD
10.794	>>> V 0.00 0.00
10.794	S 13239581 -0.26 0.44 0.00 0.00 HOLD
10.814	>>> V 0.00 0.00
10.817	S 13239601 -0.26 0.44 0.00 0.00 HOLD
10.834	>>> V 0.00 0.00
10.834	S 13239621 -0.18 0.44 0.00 0.00 HOLD
10.855	>>> V 0.00 0.00
10.855	S 13239641 -0.26 0.44 0.00 0.00 HOLD
10.874	>>> V 0.00 0.00
10.874	S 13239661 -0.26 0.44 0.00 0.00 HOLD
10.894	>>> V 0.00 0.00
10.895	S 13239681 -0.26 0.44 0.00 0.00 HOLD
10.914	>>> V 0.00 0.00
10.914	S 13239701 -0.26 0.44 0.00 0.00 HOLD
10.933	>>> V 0.00 0.00
10.935	S 13239721 -0.26 0.44 0.00 0.00 HOLD
10.955	>>> V 0.00 0.00
10.956	S 13239741 -0.26 0.44 0.00 0.00 HOLD
10.974	>>> V 0.00 0.00
10.975	S 13239761 -0.18 0.44 0.00 0.00 HOLD
10.994	>>> V 0.00 0.00
10.995	S 13239781 -0.18 0.44 0.00 0.00 HOLD
11.014	>>> V 0.00 0.00
11.014	S 13239801 -0.26 0.44 0.00 0.00 HOLD
11.034	>>> V 0.00 0.00
11.035	S 13239821 -0.26 0.44 0.00 0.00 HOLD
11.055	>>> V 0.00 0.00
11.056	S 13239841 -0.18 0.44 0.00 0.00 HOLD
11.074	>>> V 0.00 0.00
11.074	S 13239861 -0.26 0.44 0.00 0.00 HOLD
11.094	>>> V 0.00 0.00
11.095	S 13239881 -0.18 0.44 0.00 0.00 HOLD
11.113	>>> V 0.00 0.00
11.114	S 13239901 -0.26 0.44 0.00 0.00 HOLD
11.135	>>> V 0.00 0.00
11.137	S 13239921 -0.18 0.44 0.00 0.00 HOLD
11.154	>>> V 0.00 0.00
11.154	S 13239941 -0.26 0.44 0.00 0.00 HOLD
11.174	>>> V 0.00 0.00
11.174	S 13239961 -0.26 0.44 0.00 0.00 HOLD
11.194	>>> V 0.00 0.00
11.194	S 13239981 -0.26 0.44 0.00 0.00 HOLD
11.214	>>> V 0.00 0.00
11.214	S 13240001 -0.26 0.35 0.00 0.00 HOLD
11.234	>>> V 0.00 0.00
11.235	S 13240021 -0.18 0.44 0.00 0.00 HOLD
11.254	>>> V 0.00 0.00
11.254	S 13240041 -0.26 0.44 0.00 0.00 HOLD
11.273	>>> V 0.00 0.00
11.274	S 13240061 -0.18 0.44 0.00 0.00 HOLD
11.294	>>> V 0.00 0.00
11.295	S 13240081 -0.26 0.44 0.00 0.00 HOLD
11.314	>>> V 0.00 0.00
11.315	S 13240101 -0.26 0.44 0.00 0.00 HOLD
11.334	>>> V 0.00 0.00
11.334	S 13240121 -0.26 0.44 0.00 0.00 HOLD
11.354	>>> V 0.00 0.00
11.354	S 13240141 -0.26 0.44 0.00 0.00 HOLD
11.376	>>> V 0.00 0.00
11.377	S 13240161 -0.18 0.44 0.00 0.00 HOLD
11.393	>>> V 0.00 0.00
11.394	S 13240181 -0.26 0.44 0.00 0.00 HOLD
11.413	>>> V 0.00 0.00
11.416	S 13240201 -0.18 0.44 0.00 0.00 HOLD
11.433	>>> V 0.00 0.00
11.434	S 13240221 -0.18 0.44 0.00 0.00 HOLD
11.454	>>> V 0.00 0.00
11.455	S 13240241 -0.18 0.44 0.00 0.00 HOLD
11.474	>>> V 0.00 0.00
11.474	S 13240261 -0.26 0.44 0.00 0.00 HOLD
11.494	>>> V 0.00 0.00
11.495	S 13240281 -0.26 0.44 0.00 0.00 HOLD
11.514	>>> V 0.00 0.00
11.514	S 13240301 -0.26 0.44 0.00 0.00 HOLD
11.534	>>> V 0.00 0.00
11.534	S 13240321 -0.26 0.44 0.00 0.00 HOLD
11.554	>>> V 0.00 0.00
11.555	S 13240341 -0.18 0.44 0.00 0.00 HOLD
11.574	>>> V 0.00 0.00
11.574	S 13240361 -0.18 0.44 0.00 0.00 HOLD
11.594	>>> V 0.00 0.00
11.595	S 13240381 -0.26 0.44 0.00 0.00 HOLD
11.613	>>> V 0.00 0.00
11.614	S 13240401 -0.26 0.44 0.00 0.00 HOLD
11.634	>>> V 0.00 0.00
11.634	S 13240421 -0.18 0.44 0.00 0.00 HOLD
11.653	>>> V 0.00 0.00
11.654	S 13240441 -0.26 0.44 0.00 0.00 HOLD
11.675	>>> V 0.00 0.00
11.676	S 13240461 -0.26 0.44 0.00 0.00 HOLD
11.693	>>> V 0.00 0.00
11.694	S 13240481 -0.26 0.44 0.00 0.00 HOLD
11.715	>>> V 0.00 0.00
11.717	S 13240501 -0.26 0.44 0.00 0.00 HOLD
11.734	>>> V 0.00 0.00
11.734	S 13240521 -0.18 0.44 0.00 0.00 HOLD
11.754	>>> V 0.00 0.00
11.756	S 13240541 -0.18 0.44 0.00 0.00 HOLD
11.773	>>> V 0.00 0.00
11.775	S 13240561 -0.18 0.44 0.00 0.00 HOLD
11.794	>>> V 0.00 0.00
11.796	S 13240581 -0.26 0.44 0.00 0.00 HOLD
11.814	>>> V 0.00 0.00
11.814	S 13240601 -0.26 0.44 0.00 0.00 HOLD
11.835	>>> V 0.00 0.00
11.835	S 13240621 -0.18 0.44 0.00 0.00 HOLD
11.854	>>> V 0.00 0.00
11.854	S 13240641 -0.26 0.44 0.00 0.00 HOLD
11.874	>>> V 0.00 0.00
11.875	S 13240661 -0.26 0.44 0.00 0.00 HOLD
11.893	>>> V 0.00 0.00
11.895	S 13240681 -0.26 0.44 0.00 0.00 HOLD
11.914	>>> V 0.00 0.00
11.914	S 13240701 -0.18 0.44 0.00 0.00 HOLD
11.934	>>> V 0.00 0.00
11.935	S 13240721 -0.26 0.44 0.00 0.00 HOLD
11.954	>>> V 0.00 0.00
11.954	S 13240741 -0.18 0.44 0.00 0.00 HOLD
11.975	>>> V 0.00 0.00
11.976	S 13240761 -0.18 0.44 0.00 0.00 HOLD
11.994	>>> V 0.00 0.00
11.994	S 13240781 -0.26 0.44 0.00 0.00 HOLD
12.014	>>> V 0.00 0.00
12.015	S 13240801 -0.26 0.44 0.00 0.00 HOLD
12.033	>>> V 0.00 0.00
12.034	S 13240821 -0.26 0.44 0.00 0.00 HOLD
12.054	>>> V 0.00 0.00
12.055	S 13240841 -0.18 0.44 0.00 0.00 HOLD
12.075	>>> V 0.00 0.00
12.075	S 13240861 -0.26 0.44 0.00 0.00 HOLD
12.094	>>> V 0.00 0.00
12.094	S 13240881 -0.26 0.44 0.00 0.00 HOLD
12.114	>>> V 0.00 0.00
12.114	S 13240901 -0.26 0.44 0.00 0.00 HOLD
12.133	>>> V 0.00 0.00
12.136	S 13240921 -0.18 0.44 0.00 0.00 HOLD
12.154	>>> V 0.00 0.00
12.154	S 13240941 -0.26 0.44 0.00 0.00 HOLD
12.174	>>> V 0.00 0.00
12.175	S 13240961 -0.26 0.44 0.00 0.00 HOLD
12.194	>>> V 0.00 0.00
12.196	S 13240981 -0.18 0.44 0.00 0.00 HOLD
12.214	>>> V 0.00 0.00
12.215	S 13241001 -0.18 0.44 0.00 0.00 HOLD
12.233	>>> V 0.00 0.00
12.235	S 13241021 -0.26 0.44 0.00 0.00 HOLD
12.254	>>> V 0.00 0.00
12.254	S 13241041 -0.18 0.44 0.00 0.00 HOLD
12.273	>>> V 0.00 0.00
12.274	S 13241061 -0.26 0.44 0.00 0.00 HOLD
12.294	>>> V 0.00 0.00
12.295	S 13241081 -0.26 0.44 0.00 0.00 HOLD
12.314	>>> V 0.00 0.00
12.315	S 13241101 -0.26 0.44 0.00 0.00 HOLD
12.334	>>> V 0.00 0.00
12.334	S 13241121 -0.26 0.44 0.00 0.00 HOLD
12.354	>>> V 0.00 0.00
12.354	S 13241142 -0.18 0.44 0.00 0.00 HOLD
12.375	>>> V 0.00 0.00
12.376	S 13241161 -0.26 0.44 0.00 0.00 HOLD
12.393	>>> V 0.00 0.00
12.394	S 13241181 -0.18 0.44 0.00 0.00 HOLD
12.415	>>> V 0.00 0.00
12.416	S 13241202 -0.26 0.44 0.00 0.00 HOLD
12.434	>>> V 0.00 0.00
12.436	S 13241222 -0.18 0.44 0.00 0.00 HOLD
12.455	>>> V 0.00 0.00
12.455	S 13241242 -0.26 0.44 0.00 0.00 HOLD
12.473	>>> V 0.00 0.00
12.475	S 13241262 -0.26 0.44 0.00 0.00 HOLD
12.494	>>> V 0.00 0.00
12.495	S 13241282 -0.26 0.44 0.00 0.00 HOLD
12.514	>>> V 0.00 0.00
12.514	S 13241302 -0.26 0.44 0.00 0.00 HOLD
12.534	>>> V 0.00 0.00
12.534	S 13241322 -0.18 0.44 0.00 0.00 HOLD
12.558	>>> V 0.00 0.00
12.560	S 13241342 -0.18 0.44 0.00 0.00 HOLD
12.574	>>> V 0.00 0.00
12.575	S 13241362 -0.26 0.44 0.00 0.00 HOLD
12.594	>>> V 0.00 0.00
12.595	S 13241382 -0.26 0.44 0.00 0.00 HOLD
12.614	>>> V 0.00 0.00
12.615	S 13241402 -0.26 0.44 0.00 0.00 HOLD
12.633	>>> V 0.00 0.00
12.634	S 13241422 -0.18 0.44 0.00 0.00 HOLD
12.654	>>> V 0.00 0.00
12.655	S 13241442 -0.18 0.44 0.00 0.00 HOLD
12.673	>>> V 0.00 0.00
12.674	S 13241462 -0.26 0.44 0.00 0.00 HOLD
12.693	>>> V 0.00 0.00
12.693	S 13241482 -0.18 0.44 0.00 0.00 HOLD
12.714	>>> V 0.00 0.00
12.714	S 13241502 -0.26 0.44 0.00 0.00 HOLD
12.733	>>> V 0.00 0.00
12.734	S 13241522 -0.18 0.44 0.00 0.00 HOLD
12.755	>>> V 0.00 0.00
12.757	S 13241542 -0.18 0.44 0.00 0.00 HOLD
12.773	>>> V 0.00 0.00
12.775	S 13241562 -0.26 0.44 0.00 0.00 HOLD
12.794	>>> V 0.00 0.00
12.794	S 13241582 -0.26 0.44 0.00 0.00 HOLD
12.813	>>> V 0.00 0.00
12.814	S 13241602 -0.26 0.44 0.00 0.00 HOLD
12.833	>>> V 0.00 0.00
12.834	S 13241622 -0.26 0.44 0.00 0.00 HOLD
12.855	>>> V 0.00 0.00
12.855	S 13241642 -0.18 0.44 0.00 0.00 HOLD
12.873	>>> V 0.00 0.00
12.875	S 13241662 -0.18 0.44 0.00 0.00 HOLD
12.894	>>> V 0.00 0.00
12.894	S 13241682 -0.26 0.44 0.00 0.00 HOLD
12.915	>>> V 0.00 0.00
12.915	S 13241702 -0.26 0.44 0.00 0.00 HOLD
12.935	>>> V 0.00 0.00
12.936	S 13241722 -0.26 0.44 0.00 0.00 HOLD
12.955	>>> V 0.00 0.00
12.956	S 13241742 -0.26 0.44 0.00 0.00 HOLD
12.975	>>> V 0.00 0.00
12.975	S 13241762 -0.26 0.44 0.00 0.00 HOLD
12.993	>>> V 0.00 0.00
12.994	S 13241782 -0.26 0.44 0.00 0.00 HOLD
13.014	>>> V 0.00 0.00
13.015	S 13241802 -0.26 0.44 0.00 0.00 HOLD
13.034	>>> V 0.00 0.00
13.035	S 13241822 -0.18 0.44 0.00 0.00 HOLD
13.055	>>> V 0.00 0.00
13.057	S 13241842 -0.18 0.44 0.00 0.00 HOLD
13.074	>>> V 0.00 0.00
13.075	S 13241862 -0.26 0.44 0.00 0.00 HOLD
13.094	>>> V 0.00 0.00
13.095	S 13241882 -0.26 0.44 0.00 0.00 HOLD
13.114	>>> V 0.00 0.00
13.114	S 13241902 -0.26 0.44 0.00 0.00 HOLD
13.134	>>> V 0.00 0.00
13.134	S 13241922 -0.26 0.44 0.00 0.00 HOLD
13.153	>>> V 0.00 0.00
13.154	S 13241942 -0.18 0.44 0.00 0.00 HOLD
13.174	>>> V 0.00 0.00
13.177	S 13241962 -0.18 0.44 0.00 0.00 HOLD
13.193	>>> V 0.00 0.00
13.194	S 13241982 -0.26 0.44 0.00 0.00 HOLD
13.215	>>> V 0.00 0.00
13.216	S 13242002 -0.26 0.44 0.00 0.00 HOLD
13.233	>>> V 0.00 0.00
13.233	S 13242022 -0.26 0.44 0.00 0.00 HOLD
13.256	>>> V 0.00 0.00
13.256	S 13242042 -0.18 0.44 0.00 0.00 HOLD
13.274	>>> V 0.00 0.00
13.276	S 13242062 -0.26 0.44 0.00 0.00 HOLD
13.293	>>> V 0.00 0.00
13.294	S 13242082 -0.26 0.44 0.00 0.00 HOLD
13.313	>>> V 0.00 0.00
13.315	S 13242102 -0.26 0.44 0.00 0.00 HOLD
13.335	>>> V 0.00 0.00
13.335	S 13242122 -0.26 0.44 0.00 0.00 HOLD
13.354	>>> V 0.00 0.00
13.355	S 13242142 -0.26 0.44 0.00 0.00 HOLD
13.374	>>> V 0.00 0.00
13.375	S 13242162 -0.18 0.44 0.00 0.00 HOLD
13.394	>>> V 0.00 0.00
13.394	S 13242182 -0.18 0.44 0.00 0.00 HOLD
13.415	>>> V 0.00 0.00
13.416	S 13242202 -0.18 0.44 0.00 0.00 HOLD
13.434	>>> V 0.00 0.00
13.434	S 13242222 -0.26 0.44 0.00 0.00 HOLD
13.454	>>> V 0.00 0.00
13.455	S 13242242 -0.18 0.44 0.00 0.00 HOLD
13.474	>>> V 0.00 0.00
13.475	S 13242262 -0.18 0.44 0.00 0.00 HOLD
13.493	>>> V 0.00 0.00
13.494	S 13242282 -0.26 0.44 0.00 0.00 HOLD
13.513	>>> V 0.00 0.00
13.515	S 13242302 -0.26 0.44 0.00 0.00 HOLD
13.534	>>> V 0.00 0.00
13.534	S 13242322 -0.18 0.44 0.00 0.00 HOLD
13.554	>>> V 0.00 0.00
13.554	S 13242342 -0.26 0.44 0.00 0.00 HOLD
13.574	>>> V 0.00 0.00
13.575	S 13242362 -0.26 0.44 0.00 0.00 HOLD
13.594	>>> V 0.00 0.00
13.595	S 13242382 -0.26 0.44 0.00 0.00 HOLD
13.614	>>> V 0.00 0.00
13.615	S 13242402 -0.18 0.44 0.00 0.00 HOLD
13.634	>>> V 0.00 0.00
13.635	S 13242422 -0.26 0.44 0.00 0.00 HOLD
13.655	>>> V 0.00 0.00
13.655	S 13242442 -0.26 0.44 0.00 0.00 HOLD
13.674	>>> V 0.00 0.00
13.674	S 13242462 -0.26 0.44 0.00 0.00 HOLD
13.695	>>> V 0.00 0.00
13.696	S 13242482 -0.18 0.44 0.00 0.00 HOLD
13.714	>>> V 0.00 0.00
13.714	S 13242502 -0.18 0.44 0.00 0.00 HOLD
13.735	>>> V 0.00 0.00
13.735	S 13242522 -0.26 0.44 0.00 0.00 HOLD
13.753	>>> V 0.00 0.00
13.754	S 13242542 -0.26 0.44 0.00 0.00 HOLD
13.775	>>> V 0.00 0.00
13.775	S 13242562 -0.26 0.44 0.00 0.00 HOLD
13.793	>>> V 0.00 0.00
13.794	S 13242582 -0.26 0.44 0.00 0.00 HOLD
13.815	>>> V 0.00 0.00
13.815	S 13242602 -0.18 0.44 0.00 0.00 HOLD
13.834	>>> V 0.00 0.00
13.835	S 13242622 -0.26 0.44 0.00 0.00 HOLD
13.853	>>> V 0.00 0.00
13.854	S 13242642 -0.26 0.44 0.00 0.00 HOLD
13.875	>>> V 0.00 0.00
13.876	S 13242662 -0.26 0.44 0.00 0.00 HOLD
13.893	>>> V 0.00 0.00
13.895	S 13242682 -0.26 0.44 0.00 0.00 HOLD
13.915	>>> V 0.00 0.00
13.915	S 13242702 -0.26 0.44 0.00 0.00 HOLD
13.933	>>> V 0.00 0.00
13.935	S 13242722 -0.26 0.44 0.00 0.00 HOLD
13.954	>>> V 0.00 0.00
13.954	S 13242742 -0.26 0.44 0.00 0.00 HOLD
13.974	>>> V 0.00 0.00
13.974	S 13242762 -0.18 0.44 0.00 0.00 HOLD
13.994	>>> V 0.00 0.00
13.995	S 13242782 -0.18 0.44 0.00 0.00 HOLD
14.014	>>> V 0.00 0.00
14.016	S 13242802 -0.18 0.44 0.00 0.00 HOLD
14.034	>>> V 0.00 0.00
14.034	S 13242822 -0.26 0.44 0.00 0.00 HOLD
14.054	>>> V 0.00 0.00
14.054	S 13242842 -0.18 0.44 0.00 0.00 HOLD
14.075	>>> V 0.00 0.00
14.075	S 13242862 -0.18 0.44 0.00 0.00 HOLD
14.094	>>> V 0.00 0.00
14.094	S 13242882 -0.26 0.44 0.00 0.00 HOLD
14.114	>>> V 0.00 0.00
14.116	S 13242902 -0.18 0.44 0.00 0.00 HOLD
14.135	>>> V 0.00 0.00
14.136	S 13242922 -0.18 0.44 0.00 0.00 HOLD
14.155	>>> V 0.00 0.00
14.156	S 13242942 -0.26 0.44 0.00 0.00 HOLD
14.174	>>> V 0.00 0.00
14.176	S 13242962 -0.26 0.44 0.00 0.00 HOLD
14.194	>>> V 0.00 0.00
14.195	S 13242982 -0.26 0.44 0.00 0.00 HOLD
14.213	>>> V 0.00 0.00
14.215	S 13243002 -0.26 0.44 0.00 0.00 HOLD
14.234	>>> V 0.00 0.00
14.234	S 13243022 -0.26 0.44 0.00 0.00 HOLD
14.254	>>> V 0.00 0.00
14.255	S 13243042 -0.26 0.44 0.00 0.00 HOLD
14.274	>>> V 0.00 0.00
14.275	S 13243062 -0.26 0.44 0.00 0.00 HOLD
14.294	>>> V 0.00 0.00
14.295	S 13243082 -0.26 0.44 0.00 0.00 HOLD
14.314	>>> V 0.00 0.00
14.314	S 13243102 -0.26 0.44 0.00 0.00 HOLD
14.334	>>> V 0.00 0.00
14.334	S 13243122 -0.26 0.44 0.00 0.00 HOLD
14.354	>>> V 0.00 0.00
14.355	S 13243142 -0.26 0.44 0.00 0.00 HOLD
14.374	>>> V 0.00 0.00
14.375	S 13243162 -0.26 0.44 0.00 0.00 HOLD
14.395	>>> V 0.00 0.00
14.396	S 13243182 -0.26 0.44 0.00 0.00 HOLD
14.414	>>> V 0.00 0.00
14.414	S 13243202 -0.26 0.44 0.00 0.00 HOLD
14.435	>>> V 0.00 0.00
14.435	S 13243222 -0.26 0.44 0.00 0.00 HOLD
14.458	>>> V 0.00 0.00
14.461	S 13243242 -0.26 0.44 0.00 0.00 HOLD
14.474	>>> V 0.00 0.00
14.474	S 13243262 -0.26 0.44 0.00 0.00 HOLD
14.496	>>> V 0.00 0.00
14.497	S 13243282 -0.26 0.44 0.00 0.00 HOLD
14.514	>>> V 0.00 0.00
14.514	S 13243302 -0.26 0.44 0.00 0.00 HOLD
14.533	>>> V 0.00 0.00
14.534	S 13243322 -0.26 0.44 0.00 0.00 HOLD
14.554	>>> V 0.00 0.00
14.554	S 13243342 -0.26 0.44 0.00 0.00 HOLD
14.573	>>> V 0.00 0.00
14.574	S 13243362 -0.26 0.44 0.00 0.00 HOLD
14.596	>>> V 0.00 0.00
14.597	S 13243382 -0.26 0.44 0.00 0.00 HOLD
14.613	>>> V 0.00 0.00
14.614	S 13243402 -0.18 0.44 0.00 0.00 HOLD
14.635	>>> V 0.00 0.00
14.635	S 13243422 -0.18 0.44 0.00 0.00 HOLD
14.654	>>> V 0.00 0.00
14.656	S 13243442 -0.26 0.44 0.00 0.00 HOLD
14.674	>>> V 0.00 0.00
14.675	S 13243462 -0.26 0.44 0.00 0.00 HOLD
14.694	>>> V 0.00 0.00
14.695	S 13243482 -0.26 0.44 0.00 0.00 HOLD
14.714	>>> V 0.00 0.00
14.714	S 13243502 -0.18 0.44 0.00 0.00 HOLD
14.738	>>> V 0.00 0.00
14.739	S 13243522 -0.26 0.44 0.00 0.00 HOLD
14.754	>>> V 0.00 0.00
14.754	S 13243542 -0.18 0.44 0.00 0.00 HOLD
14.774	>>> V 0.00 0.00
14.775	S 13243562 -0.26 0.44 0.00 0.00 HOLD
14.793	>>> V 0.00 0.00
14.794	S 13243582 -0.26 0.44 0.00 0.00 HOLD
14.813	>>> V 0.00 0.00
14.814	S 13243602 -0.26 0.44 0.00 0.00 HOLD
14.833	>>> V 0.00 0.00
14.836	S 13243622 -0.18 0.44 0.00 0.00 HOLD
14.853	>>> V 0.00 0.00
14.854	S 13243642 -0.26 0.44 0.00 0.00 HOLD
14.874	>>> V 0.00 0.00
14.875	S 13243662 -0.26 0.44 0.00 0.00 HOLD
14.894	>>> V 0.00 0.00
14.894	S 13243682 -0.18 0.44 0.00 0.00 HOLD
14.915	>>> V 0.00 0.00
14.916	S 13243702 -0.26 0.44 0.00 0.00 HOLD
14.934	>>> V 0.00 0.00
14.934	S 13243722 -0.18 0.44 0.00 0.00 HOLD
14.955	>>> V 0.00 0.00
14.956	S 13243742 -0.26 0.44 0.00 0.00 HOLD
14.974	>>> V 0.00 0.00
14.974	S 13243762 -0.26 0.44 0.00 0.00 HOLD
14.995	>>> V 0.00 0.00
14.996	S 13243782 -0.26 0.44 0.00 0.00 HOLD
15.014	>>> V 0.00 0.00
15.015	S 13243802 -0.26 0.44 0.00 0.00 HOLD
15.035	>>> V 0.00 0.00
15.035	S 13243822 -0.26 0.44 0.00 0.00 HOLD
15.054	>>> V 0.00 0.00
15.054	S 13243842 -0.26 0.44 0.00 0.00 HOLD
15.074	>>> V 0.00 0.00
15.074	S 13243862 -0.26 0.44 0.00 0.00 HOLD
15.094	>>> V 0.00 0.00
15.095	S 13243882 -0.26 0.44 0.00 0.00 HOLD
15.114	>>> V 0.00 0.00
15.114	S 13243902 -0.26 0.44 0.00 0.00 HOLD
15.133	>>> V 0.00 0.00
15.134	S 13243922 -0.18 0.44 0.00 0.00 HOLD
15.154	>>> V 0.00 0.00
15.154	S 13243942 -0.18 0.44 0.00 0.00 HOLD
15.174	>>> V 0.00 0.00
15.174	S 13243962 -0.26 0.44 0.00 0.00 HOLD
15.193	>>> V 0.00 0.00
15.194	S 13243982 -0.26 0.44 0.00 0.00 HOLD
15.214	>>> V 0.00 0.00
15.215	S 13244002 -0.18 0.44 0.00 0.00 HOLD
15.233	>>> V 0.00 0.00
15.234	S 13244022 -0.26 0.44 0.00 0.00 HOLD
15.254	>>> V 0.00 0.00
15.255	S 13244042 -0.18 0.44 0.00 0.00 HOLD
15.273	>>> V 0.00 0.00
15.274	S 13244062 -0.18 0.44 0.00 0.00 HOLD
15.296	>>> V 0.00 0.00
15.296	S 13244082 -0.26 0.44 0.00 0.00 HOLD
15.313	>>> V 0.00 0.00
15.314	S 13244102 -0.26 0.44 0.00 0.00 HOLD
15.335	>>> V 0.00 0.00
15.336	S 13244122 -0.18 0.44 0.00 0.00 HOLD
15.354	>>> V 0.00 0.00
15.355	S 13244142 -0.18 0.44 0.00 0.00 HOLD
15.377	>>> V 0.00 0.00
15.377	S 13244162 -0.18 0.44 0.00 0.00 HOLD
15.395	>>> V 0.00 0.00
15.396	S 13244182 -0.26 0.44 0.00 0.00 HOLD
15.414	>>> V 0.00 0.00
15.414	S 13244202 -0.18 0.44 0.00 0.00 HOLD
15.433	>>> V 0.00 0.00
15.434	S 13244222 -0.18 0.44 0.00 0.00 HOLD
15.453	>>> V 0.00 0.00
15.454	S 13244242 -0.26 0.44 0.00 0.00 HOLD
15.475	>>> V 0.00 0.00
15.476	S 13244262 -0.26 0.44 0.00 0.00 HOLD
15.494	>>> V 0.00 0.00
15.495	S 13244282 -0.18 0.44 0.00 0.00 HOLD
15.514	>>> V 0.00 0.00
15.515	S 13244302 -0.26 0.44 0.00 0.00 HOLD
15.533	>>> V 0.00 0.00
15.536	S 13244322 -0.18 0.44 0.00 0.00 HOLD
15.554	>>> V 0.00 0.00
15.555	S 13244342 -0.26 0.44 0.00 0.00 HOLD
15.574	>>> V 0.00 0.00
15.575	S 13244362 -0.26 0.44 0.00 0.00 HOLD
15.596	>>> V 0.00 0.00
15.596	S 13244382 -0.26 0.44 0.00 0.00 HOLD
15.614	>>> V 0.00 0.00
15.614	S 13244402 -0.26 0.44 0.00 0.00 HOLD
15.634	>>> V 0.00 0.00
15.635	S 13244422 -0.26 0.44 0.00 0.00 HOLD
15.655	>>> V 0.00 0.00
15.655	S 13244442 -0.26 0.44 0.00 0.00 HOLD
15.676	>>> V 0.00 0.00
15.677	S 13244462 -0.26 0.44 0.00 0.00 HOLD
15.694	>>> V 0.00 0.00
15.695	S 13244482 -0.18 0.44 0.00 0.00 HOLD
15.715	>>> V 0.00 0.00
15.715	S 13244502 -0.18 0.44 0.00 0.00 HOLD
15.734	>>> V 0.00 0.00
15.734	S 13244522 -0.26 0.44 0.00 0.00 HOLD
15.753	>>> V 0.00 0.00
15.754	S 13244542 -0.18 0.44 0.00 0.00 HOLD
15.773	>>> V 0.00 0.00
15.775	S 13244562 -0.26 0.44 0.00 0.00 HOLD
15.794	>>> V 0.00 0.00
15.794	S 13244582 -0.18 0.44 0.00 0.00 HOLD
15.814	>>> V 0.00 0.00
15.815	S 13244602 -0.26 0.44 0.00 0.00 HOLD
15.834	>>> V 0.00 0.00
15.836	S 13244622 -0.26 0.44 0.00 0.00 HOLD
15.854	>>> V 0.00 0.00
15.855	S 13244642 -0.26 0.44 0.00 0.00 HOLD
15.874	>>> V 0.00 0.00
15.877	S 13244662 -0.18 0.44 0.00 0.00 HOLD
15.894	>>> V 0.00 0.00
15.895	S 13244682 -0.18 0.44 0.00 0.00 HOLD
15.914	>>> V 0.00 0.00
15.914	S 13244702 -0.18 0.44 0.00 0.00 HOLD
15.934	>>> V 0.00 0.00
15.934	S 13244722 -0.26 0.44 0.00 0.00 HOLD
15.956	>>> V 0.00 0.00
15.956	S 13244742 -0.26 0.44 0.00 0.00 HOLD
15.974	>>> V 0.00 0.00
15.974	S 13244762 -0.18 0.44 0.00 0.00 HOLD
15.994	>>> V 0.00 0.00
15.995	S 13244782 -0.18 0.44 0.00 0.00 HOLD
16.013	>>> V 0.00 0.00
16.014	S 13244802 -0.18 0.44 0.00 0.00 HOLD
16.034	>>> V 0.00 0.00
16.036	S 13244822 -0.26 0.44 0.00 0.00 HOLD
16.053	>>> V 0.00 0.00
16.054	S 13244842 -0.18 0.44 0.00 0.00 HOLD
16.073	>>> V 0.00 0.00
16.074	S 13244862 -0.18 0.44 0.00 0.00 HOLD
16.094	>>> V 0.00 0.00
16.094	S 13244882 -0.26 0.44 0.00 0.00 HOLD
16.113	>>> V 0.00 0.00
16.114	S 13244902 -0.26 0.44 0.00 0.00 HOLD
16.133	>>> V 0.00 0.00
16.134	S 13244922 -0.26 0.44 0.00 0.00 HOLD
16.153	>>> V 0.00 0.00
16.153	S 13244942 -0.26 0.44 0.00 0.00 HOLD
16.174	>>> V 0.00 0.00
16.174	S 13244962 -0.26 0.44 0.00 0.00 HOLD
16.195	>>> V 0.00 0.00
16.197	S 13244982 -0.26 0.44 0.00 0.00 HOLD
16.214	>>> V 0.00 0.00
16.214	S 13245002 -0.18 0.44 0.00 0.00 HOLD
16.234	>>> V 0.00 0.00
16.235	S 13245022 -0.26 0.44 0.00 0.00 HOLD
16.254	>>> V 0.00 0.00
16.254	S 13245042 -0.26 0.44 0.00 0.00 HOLD
16.273	>>> V 0.00 0.00
16.274	S 13245062 -0.26 0.44 0.00 0.00 HOLD
16.296	>>> V 0.00 0.00
16.298	S 13245082 -0.18 0.44 0.00 0.00 HOLD
16.313	>>> V 0.00 0.00
16.314	S 13245102 -0.26 0.44 0.00 0.00 HOLD
16.334	>>> V 0.00 0.00
16.335	S 13245122 -0.26 0.44 0.00 0.00 HOLD
16.354	>>> V 0.00 0.00
16.354	S 13245142 -0.26 0.44 0.00 0.00 HOLD
16.375	>>> V 0.00 0.00
16.376	S 13245162 -0.26 0.44 0.00 0.00 HOLD
16.395	>>> V 0.00 0.00
16.396	S 13245182 -0.26 0.44 0.00 0.00 HOLD
16.414	>>> V 0.00 0.00
16.415	S 13245202 -0.18 0.44 0.00 0.00 HOLD
16.435	>>> V 0.00 0.00
16.435	S 13245222 -0.26 0.44 0.00 0.00 HOLD
16.455	>>> V 0.00 0.00
16.456	S 13245242 -0.26 0.44 0.00 0.00 HOLD
16.475	>>> V 0.00 0.00
16.476	S 13245262 -0.26 0.44 0.00 0.00 HOLD
16.494	>>> V 0.00 0.00
16.495	S 13245282 -0.26 0.44 0.00 0.00 HOLD
16.514	>>> V 0.00 0.00
16.514	S 13245302 -0.26 0.44 0.00 0.00 HOLD
16.534	>>> V 0.00 0.00
16.534	S 13245322 -0.18 0.44 0.00 0.00 HOLD
16.554	>>> V 0.00 0.00
16.554	S 13245342 -0.18 0.44 0.00 0.00 HOLD
16.574	>>> V 0.00 0.00
16.575	S 13245362 -0.26 0.44 0.00 0.00 HOLD
16.595	>>> V 0.00 0.00
16.596	S 13245382 -0.26 0.44 0.00 0.00 HOLD
16.614	>>> V 0.00 0.00
16.614	S 13245402 -0.26 0.44 0.00 0.00 HOLD
16.634	>>> V 0.00 0.00
16.634	S 13245422 -0.18 0.35 0.00 0.00 HOLD
16.661	>>> V 0.00 0.00
16.662	S 13245442 -0.26 0.44 0.00 0.00 HOLD
16.674	>>> V 0.00 0.00
16.674	S 13245462 -0.26 0.44 0.00 0.00 HOLD
16.694	>>> V 0.00 0.00
16.695	S 13245482 -0.26 0.44 0.00 0.00 HOLD
16.714	>>> V 0.00 0.00
16.716	S 13245502 -0.26 0.44 0.00 0.00 HOLD
16.735	>>> V 0.00 0.00
16.735	S 13245522 -0.26 0.44 0.00 0.00 HOLD
16.756	>>> V 0.00 0.00
16.757	S 13245542 -0.18 0.44 0.00 0.00 HOLD
16.774	>>> V 0.00 0.00
16.774	S 13245562 -0.18 0.44 0.00 0.00 HOLD
16.793	>>> V 0.00 0.00
16.794	S 13245582 -0.26 0.44 0.00 0.00 HOLD
16.813	>>> V 0.00 0.00
16.814	S 13245602 -0.18 0.44 0.00 0.00 HOLD
16.834	>>> V 0.00 0.00
16.835	S 13245622 -0.18 0.44 0.00 0.00 HOLD
16.855	>>> V 0.00 0.00
16.856	S 13245642 -0.26 0.44 0.00 0.00 HOLD
16.874	>>> V 0.00 0.00
16.875	S 13245662 -0.18 0.44 0.00 0.00 HOLD
16.893	>>> V 0.00 0.00
16.894	S 13245682 -0.18 0.44 0.00 0.00 HOLD
16.915	>>> V 0.00 0.00
16.916	S 13245702 -0.18 0.44 0.00 0.00 HOLD
16.933	>>> V 0.00 0.00
16.934	S 13245722 -0.26 0.44 0.00 0.00 HOLD
16.954	>>> V 0.00 0.00
16.957	S 13245742 -0.26 0.44 0.00 0.00 HOLD
16.974	>>> V 0.00 0.00
16.974	S 13245762 -0.26 0.44 0.00 0.00 HOLD
16.996	>>> V 0.00 0.00
16.997	S 13245782 -0.26 0.44 0.00 0.00 HOLD
17.014	>>> V 0.00 0.00
17.014	S 13245802 -0.26 0.44 0.00 0.00 HOLD
17.035	>>> V 0.00 0.00
17.036	S 13245822 -0.18 0.44 0.00 0.00 HOLD
17.054	>>> V 0.00 0.00
17.054	S 13245842 -0.26 0.44 0.00 0.00 HOLD
17.075	>>> V 0.00 0.00
17.075	S 13245862 -0.26 0.44 0.00 0.00 HOLD
17.093	>>> V 0.00 0.00
17.095	S 13245882 -0.26 0.44 0.00 0.00 HOLD
17.115	>>> V 0.00 0.00
17.116	S 13245902 -0.26 0.44 0.00 0.00 HOLD
17.133	>>> V 0.00 0.00
17.134	S 13245922 -0.26 0.44 0.00 0.00 HOLD
17.155	>>> V 0.00 0.00
17.156	S 13245942 -0.26 0.44 0.00 0.00 HOLD
17.174	>>> V 0.00 0.00
17.174	S 13245962 -0.18 0.44 0.00 0.00 HOLD
17.196	>>> V 0.00 0.00
17.197	S 13245982 -0.18 0.44 0.00 0.00 HOLD
17.214	>>> V 0.00 0.00
17.215	S 13246002 -0.18 0.44 0.00 0.00 HOLD
17.235	>>> V 0.00 0.00
17.236	S 13246022 -0.26 0.44 0.00 0.00 HOLD
17.253	>>> V 0.00 0.00
17.254	S 13246042 -0.26 0.44 0.00 0.00 HOLD
17.274	>>> V 0.00 0.00
17.276	S 13246062 -0.18 0.44 0.00 0.00 HOLD
17.294	>>> V 0.00 0.00
17.296	S 13246082 -0.26 0.44 0.00 0.00 HOLD
17.314	>>> V 0.00 0.00
17.315	S 13246102 -0.18 0.44 0.00 0.00 HOLD
17.334	>>> V 0.00 0.00
17.334	S 13246122 -0.18 0.44 0.00 0.00 HOLD
17.354	>>> V 0.00 0.00
17.355	S 13246142 -0.26 0.44 0.00 0.00 HOLD
17.374	>>> V 0.00 0.00
17.376	S 13246162 -0.26 0.44 0.00 0.00 HOLD
17.394	>>> V 0.00 0.00
17.395	S 13246182 -0.26 0.44 0.00 0.00 HOLD
17.413	>>> V 0.00 0.00
17.414	S 13246202 -0.26 0.44 0.00 0.00 HOLD
17.433	>>> V 0.00 0.00
17.434	S 13246222 -0.18 0.44 0.00 0.00 HOLD
17.456	>>> V 0.00 0.00
17.457	S 13246242 -0.18 0.44 0.00 0.00 HOLD
17.473	>>> V 0.00 0.00
17.474	S 13246262 -0.26 0.44 0.00 0.00 HOLD
17.494	>>> V 0.00 0.00
17.495	S 13246282 -0.18 0.44 0.00 0.00 HOLD
17.513	>>> V 0.00 0.00
17.514	S 13246302 -0.26 0.44 0.00 0.00 HOLD
17.534	>>> V 0.00 0.00
17.535	S 13246322 -0.18 0.44 0.00 0.00 HOLD
17.553	>>> V 0.00 0.00
17.553	S 13246342 -0.26 0.44 0.00 0.00 HOLD
17.575	>>> V 0.00 0.00
17.576	S 13246362 -0.26 0.44 0.00 0.00 HOLD
17.594	>>> V 0.00 0.00
17.594	S 13246382 -0.26 0.44 0.00 0.00 HOLD
17.615	>>> V 0.00 0.00
17.615	S 13246402 -0.26 0.44 0.00 0.00 HOLD
17.633	>>> V 0.00 0.00
17.635	S 13246422 -0.26 0.44 0.00 0.00 HOLD
17.654	>>> V 0.00 0.00
17.655	S 13246442 -0.26 0.44 0.00 0.00 HOLD
17.674	>>> V 0.00 0.00
17.675	S 13246462 -0.26 0.44 0.00 0.00 HOLD
17.695	>>> V 0.00 0.00
17.695	S 13246482 -0.18 0.44 0.00 0.00 HOLD
17.713	>>> V 0.00 0.00
17.714	S 13246502 -0.26 0.44 0.00 0.00 HOLD
17.733	>>> V 0.00 0.00
17.734	S 13246522 -0.26 0.44 0.00 0.00 HOLD
17.754	>>> V 0.00 0.00
17.754	S 13246542 -0.18 0.44 0.00 0.00 HOLD
17.773	>>> V 0.00 0.00
17.774	S 13246562 -0.26 0.44 0.00 0.00 HOLD
17.793	>>> V 0.00 0.00
17.796	S 13246582 -0.18 0.44 0.00 0.00 HOLD
17.813	>>> V 0.00 0.00
17.814	S 13246602 -0.26 0.44 0.00 0.00 HOLD
17.834	>>> V 0.00 0.00
17.835	S 13246622 -0.18 0.44 0.00 0.00 HOLD
17.854	>>> V 0.00 0.00
17.854	S 13246642 -0.26 0.44 0.00 0.00 HOLD
17.876	>>> V 0.00 0.00
17.877	S 13246662 -0.26 0.44 0.00 0.00 HOLD
17.895	>>> V 0.00 0.00
17.896	S 13246682 -0.26 0.44 0.00 0.00 HOLD
17.914	>>> V 0.00 0.00
17.916	S 13246702 -0.26 0.44 0.00 0.00 HOLD
17.934	>>> V 0.00 0.00
17.935	S 13246722 -0.26 0.44 0.00 0.00 HOLD
17.957	>>> V 0.00 0.00
17.958	S 13246742 -0.18 0.44 0.00 0.00 HOLD
17.974	>>> V 0.00 0.00
17.974	S 13246762 -0.26 0.44 0.00 0.00 HOLD
17.995	>>> V 0.00 0.00
17.995	S 13246782 -0.18 0.44 0.00 0.00 HOLD
18.013	>>> V 0.00 0.00
18.015	S 13246802 -0.26 0.44 0.00 0.00 HOLD
18.034	>>> V 0.00 0.00
18.035	S 13246822 -0.26 0.44 0.00 0.00 HOLD
18.054	>>> V 0.00 0.00
18.054	S 13246842 -0.26 0.44 0.00 0.00 HOLD
18.074	>>> V 0.00 0.00
18.075	S 13246862 -0.26 0.44 0.00 0.00 HOLD
18.094	>>> V 0.00 0.00
18.095	S 13246882 -0.18 0.44 0.00 0.00 HOLD
18.113	>>> V 0.00 0.00
18.114	S 13246902 -0.18 0.44 0.00 0.00 HOLD
18.134	>>> V 0.00 0.00
18.135	S 13246922 -0.26 0.44 0.00 0.00 HOLD
18.154	>>> V 0.00 0.00
18.154	S 13246942 -0.26 0.44 0.00 0.00 HOLD
18.175	>>> V 0.00 0.00
18.176	S 13246962 -0.26 0.44 0.00 0.00 HOLD
18.194	>>> V 0.00 0.00
18.194	S 13246982 -0.26 0.44 0.00 0.00 HOLD
18.215	>>> V 0.00 0.00
18.216	S 13247002 -0.18 0.44 0.00 0.00 HOLD
18.234	>>> V 0.00 0.00
18.234	S 13247022 -0.26 0.44 0.00 0.00 HOLD
18.255	>>> V 0.00 0.00
18.256	S 13247042 -0.26 0.44 0.00 0.00 HOLD
18.273	>>> V 0.00 0.00
18.274	S 13247062 -0.26 0.44 0.00 0.00 HOLD
18.294	>>> V 0.00 0.00
18.294	S 13247082 -0.18 0.44 0.00 0.00 HOLD
18.313	>>> V 0.00 0.00
18.315	S 13247102 -0.26 0.44 0.00 0.00 HOLD
18.333	>>> V 0.00 0.00
18.334	S 13247122 -0.26 0.44 0.00 0.00 HOLD
18.354	>>> V 0.00 0.00
18.356	S 13247142 -0.18 0.44 0.00 0.00 HOLD
18.373	>>> V 0.00 0.00
18.374	S 13247162 -0.26 0.44 0.00 0.00 HOLD
18.395	>>> V 0.00 0.00
18.396	S 13247182 -0.26 0.44 0.00 0.00 HOLD
18.413	>>> V 0.00 0.00
18.414	S 13247202 -0.26 0.44 0.00 0.00 HOLD
18.435	>>> V 0.00 0.00
18.435	S 13247222 -0.18 0.44 0.00 0.00 HOLD
18.454	>>> V 0.00 0.00
18.455	S 13247242 -0.18 0.44 0.00 0.00 HOLD
18.474	>>> V 0.00 0.00
18.474	S 13247262 -0.26 0.44 0.00 0.00 HOLD
18.494	>>> V 0.00 0.00
18.495	S 13247282 -0.18 0.44 0.00 0.00 HOLD
18.514	>>> V 0.00 0.00
18.515	S 13247302 -0.26 0.44 0.00 0.00 HOLD
18.534	>>> V 0.00 0.00
18.536	S 13247322 -0.26 0.44 0.00 0.00 HOLD
18.553	>>> V 0.00 0.00
18.554	S 13247342 -0.18 0.44 0.00 0.00 HOLD
18.575	>>> V 0.00 0.00
18.577	S 13247362 -0.18 0.44 0.00 0.00 HOLD
18.595	>>> V 0.00 0.00
18.597	S 13247382 -0.26 0.44 0.00 0.00 HOLD
18.614	>>> V 0.00 0.00
18.614	S 13247402 -0.26 0.44 0.00 0.00 HOLD
18.633	>>> V 0.00 0.00
18.634	S 13247422 -0.18 0.44 0.00 0.00 HOLD
18.654	>>> V 0.00 0.00
18.654	S 13247442 -0.18 0.44 0.00 0.00 HOLD
18.675	>>> V 0.00 0.00
18.675	S 13247462 -0.18 0.44 0.00 0.00 HOLD
18.694	>>> V 0.00 0.00
18.696	S 13247482 -0.18 0.44 0.00 0.00 HOLD
18.715	>>> V 0.00 0.00
18.715	S 13247502 -0.26 0.44 0.00 0.00 HOLD
18.734	>>> V 0.00 0.00
18.734	S 13247522 -0.26 0.44 0.00 0.00 HOLD
18.755	>>> V 0.00 0.00
18.755	S 13247542 -0.26 0.44 0.00 0.00 HOLD
18.773	>>> V 0.00 0.00
18.774	S 13247562 -0.18 0.44 0.00 0.00 HOLD
18.794	>>> V 0.00 0.00
18.796	S 13247582 -0.18 0.44 0.00 0.00 HOLD
18.814	>>> V 0.00 0.00
18.814	S 13247602 -0.26 0.44 0.00 0.00 HOLD
18.834	>>> V 0.00 0.00
18.834	S 13247622 -0.26 0.44 0.00 0.00 HOLD
18.857	>>> V 0.00 0.00
18.860	S 13247642 -0.26 0.44 0.00 0.00 HOLD
18.874	>>> V 0.00 0.00
18.875	S 13247662 -0.26 0.44 0.00 0.00 HOLD
18.894	>>> V 0.00 0.00
18.896	S 13247682 -0.26 0.44 0.00 0.00 HOLD
18.913	>>> V 0.00 0.00
18.914	S 13247702 -0.26 0.44 0.00 0.00 HOLD
18.935	>>> V 0.00 0.00
18.936	S 13247722 -0.18 0.44 0.00 0.00 HOLD
18.954	>>> V 0.00 0.00
18.955	S 13247742 -0.26 0.44 0.00 0.00 HOLD
18.976	>>> V 0.00 0.00
18.976	S 13247762 -0.18 0.44 0.00 0.00 HOLD
18.994	>>> V 0.00 0.00
18.994	S 13247782 -0.26 0.44 0.00 0.00 HOLD
19.014	>>> V 0.00 0.00
19.014	S 13247802 -0.26 0.44 0.00 0.00 HOLD
19.034	>>> V 0.00 0.00
19.034	S 13247822 -0.26 0.44 0.00 0.00 HOLD
19.053	>>> V 0.00 0.00
19.054	S 13247842 -0.18 0.44 0.00 0.00 HOLD
19.073	>>> V 0.00 0.00
19.074	S 13247862 -0.18 0.44 0.00 0.00 HOLD
19.094	>>> V 0.00 0.00
19.096	S 13247882 -0.18 0.44 0.00 0.00 HOLD
19.114	>>> V 0.00 0.00
19.115	S 13247902 -0.26 0.44 0.00 0.00 HOLD
19.134	>>> V 0.00 0.00
19.134	S 13247922 -0.26 0.44 0.00 0.00 HOLD
19.154	>>> V 0.00 0.00
19.155	S 13247942 -0.26 0.44 0.00 0.00 HOLD
19.173	>>> V 0.00 0.00
19.174	S 13247962 -0.26 0.44 0.00 0.00 HOLD
19.196	>>> V 0.00 0.00
19.197	S 13247982 -0.18 0.44 0.00 0.00 HOLD
19.215	>>> V 0.00 0.00
19.216	S 13248002 -0.26 0.35 0.00 0.00 HOLD
19.235	>>> V 0.00 0.00
19.236	S 13248022 -0.18 0.44 0.00 0.00 HOLD
19.253	>>> V 0.00 0.00
19.254	S 13248042 -0.26 0.44 0.00 0.00 HOLD
19.275	>>> V 0.00 0.00
19.277	S 13248062 -0.26 0.44 0.00 0.00 HOLD
19.294	>>> V 0.00 0.00
19.294	S 13248082 -0.18 0.44 0.00 0.00 HOLD
19.315	>>> V 0.00 0.00
19.316	S 13248102 -0.26 0.44 0.00 0.00 HOLD
19.334	>>> V 0.00 0.00
19.334	S 13248122 -0.26 0.44 0.00 0.00 HOLD
19.355	>>> V 0.00 0.00
19.355	S 13248142 -0.18 0.44 0.00 0.00 HOLD
19.374	>>> V 0.00 0.00
19.374	S 13248162 -0.26 0.44 0.00 0.00 HOLD
19.393	>>> V 0.00 0.00
19.395	S 13248182 -0.18 0.44 0.00 0.00 HOLD
19.414	>>> V 0.00 0.00
19.415	S 13248202 -0.26 0.44 0.00 0.00 HOLD
19.434	>>> V 0.00 0.00
19.435	S 13248222 -0.18 0.44 0.00 0.00 HOLD
19.455	>>> V 0.00 0.00
19.456	S 13248242 -0.26 0.44 0.00 0.00 HOLD
19.474	>>> V 0.00 0.00
19.474	S 13248262 -0.18 0.44 0.00 0.00 HOLD
19.494	>>> V 0.00 0.00
19.494	S 13248282 -0.26 0.44 0.00 0.00 HOLD
19.514	>>> V 0.00 0.00
19.515	S 13248302 -0.26 0.44 0.00 0.00 HOLD
19.535	>>> V 0.00 0.00
19.535	S 13248322 -0.26 0.44 0.00 0.00 HOLD
19.554	>>> V 0.00 0.00
19.554	S 13248342 -0.18 0.44 0.00 0.00 HOLD
19.575	>>> V 0.00 0.00
19.575	S 13248362 -0.18 0.44 0.00 0.00 HOLD
19.594	>>> V 0.00 0.00
19.594	S 13248382 -0.18 0.44 0.00 0.00 HOLD
19.614	>>> V 0.00 0.00
19.614	S 13248402 -0.18 0.44 0.00 0.00 HOLD
19.634	>>> V 0.00 0.00
19.634	S 13248422 -0.18 0.44 0.00 0.00 HOLD
19.654	>>> V 0.00 0.00
19.654	S 13248442 -0.18 0.44 0.00 0.00 HOLD
19.674	>>> V 0.00 0.00
19.675	S 13248462 -0.26 0.44 0.00 0.00 HOLD
19.694	>>> V 0.00 0.00
19.694	S 13248482 -0.26 0.44 0.00 0.00 HOLD
19.713	>>> V 0.00 0.00
19.714	S 13248502 -0.26 0.44 0.00 0.00 HOLD
19.733	>>> V 0.00 0.00
19.734	S 13248522 -0.26 0.44 0.00 0.00 HOLD
19.753	>>> V 0.00 0.00
19.755	S 13248542 -0.18 0.35 0.00 0.00 HOLD
19.773	>>> V 0.00 0.00
19.774	S 13248562 -0.18 0.44 0.00 0.00 HOLD
19.794	>>> V 0.00 0.00
19.794	S 13248582 -0.26 0.44 0.00 0.00 HOLD
19.814	>>> V 0.00 0.00
19.815	S 13248602 -0.26 0.44 0.00 0.00 HOLD
19.834	>>> V 0.00 0.00
19.835	S 13248622 -0.18 0.44 0.00 0.00 HOLD
19.853	>>> V 0.00 0.00
19.854	S 13248642 -0.26 0.44 0.00 0.00 HOLD
19.874	>>> V 0.00 0.00
19.875	S 13248662 -0.26 0.44 0.00 0.00 HOLD
19.893	>>> V 0.00 0.00
19.894	S 13248682 -0.26 0.44 0.00 0.00 HOLD
19.914	>>> V 0.00 0.00
19.914	S 13248702 -0.26 0.44 0.00 0.00 HOLD
19.933	>>> V 0.00 0.00
19.934	S 13248722 -0.26 0.44 0.00 0.00 HOLD
19.953	>>> V 0.00 0.00
19.954	S 13248742 -0.18 0.44 0.00 0.00 HOLD
19.974	>>> V 0.00 0.00
19.975	S 13248763 -0.26 0.44 0.00 0.00 HOLD
19.993	>>> V 0.00 0.00
19.994	S 13248783 -0.26 0.44 0.00 0.00 HOLD
20.015	>>> V 0.00 0.00
20.015	S 13248803 -0.26 0.44 0.00 0.00 HOLD
20.033	>>> V 0.00 0.00
20.034	S 13248823 -0.26 0.44 0.00 0.00 HOLD
20.055	>>> V 0.00 0.00
20.056	S 13248843 -0.18 0.44 0.00 0.00 HOLD
20.073	>>> V 0.00 0.00
20.073	S 13248863 -0.18 0.44 0.00 0.00 HOLD
20.095	>>> V 0.00 0.00
20.097	S 13248883 -0.26 0.44 0.00 0.00 HOLD
20.113	>>> V 0.00 0.00
20.114	S 13248903 -0.26 0.44 0.00 0.00 HOLD
20.134	>>> V 0.00 0.00
20.137	S 13248923 -0.26 0.44 0.00 0.00 HOLD
20.153	>>> V 0.00 0.00
20.154	S 13248943 -0.26 0.44 0.00 0.00 HOLD
20.175	>>> V 0.00 0.00
20.176	S 13248963 -0.26 0.44 0.00 0.00 HOLD
20.194	>>> V 0.00 0.00
20.194	S 13248983 -0.26 0.44 0.00 0.00 HOLD
20.213	>>> V 0.00 0.00
20.214	S 13249003 -0.26 0.44 0.00 0.00 HOLD
20.234	>>> V 0.00 0.00
20.234	S 13249023 -0.26 0.44 0.00 0.00 HOLD
20.254	>>> V 0.00 0.00
20.254	S 13249043 -0.26 0.44 0.00 0.00 HOLD
20.275	>>> V 0.00 0.00
20.276	S 13249063 -0.26 0.44 0.00 0.00 HOLD
20.294	>>> V 0.00 0.00
20.295	S 13249083 -0.26 0.44 0.00 0.00 HOLD
20.314	>>> V 0.00 0.00
20.315	S 13249103 -0.26 0.44 0.00 0.00 HOLD
20.334	>>> V 0.00 0.00
20.334	S 13249123 -0.26 0.44 0.00 0.00 HOLD
20.357	>>> V 0.00 0.00
20.358	S 13249143 -0.18 0.44 0.00 0.00 HOLD
20.373	>>> V 0.00 0.00
20.374	S 13249163 -0.26 0.44 0.00 0.00 HOLD
20.394	>>> V 0.00 0.00
20.395	S 13249183 -0.18 0.44 0.00 0.00 HOLD
20.414	>>> V 0.00 0.00
20.415	S 13249203 -0.26 0.44 0.00 0.00 HOLD
20.435	>>> V 0.00 0.00
20.436	S 13249223 -0.18 0.44 0.00 0.00 HOLD
20.454	>>> V 0.00 0.00
20.455	S 13249243 -0.18 0.44 0.00 0.00 HOLD
20.475	>>> V 0.00 0.00
20.476	S 13249263 -0.26 0.44 0.00 0.00 HOLD
20.494	>>> V 0.00 0.00
20.494	S 13249283 -0.18 0.44 0.00 0.00 HOLD
20.515	>>> V 0.00 0.00
20.515	S 13249303 -0.26 0.44 0.00 0.00 HOLD
20.534	>>> V 0.00 0.00
20.534	S 13249323 -0.18 0.44 0.00 0.00 HOLD
20.554	>>> V 0.00 0.00
20.554	S 13249343 -0.26 0.44 0.00 0.00 HOLD
20.575	>>> V 0.00 0.00
20.576	S 13249363 -0.18 0.44 0.00 0.00 HOLD
20.593	>>> V 0.00 0.00
20.594	S 13249383 -0.26 0.44 0.00 0.00 HOLD
20.614	>>> V 0.00 0.00
20.614	S 13249403 -0.26 0.44 0.00 0.00 HOLD
20.633	>>> V 0.00 0.00
20.634	S 13249423 -0.18 0.44 0.00 0.00 HOLD
20.655	>>> V 0.00 0.00
20.656	S 13249443 -0.26 0.44 0.00 0.00 HOLD
20.674	>>> V 0.00 0.00
20.674	S 13249463 -0.18 0.44 0.00 0.00 HOLD
20.696	>>> V 0.00 0.00
20.698	S 13249483 -0.18 0.44 0.00 0.00 HOLD
20.713	>>> V 0.00 0.00
20.714	S 13249503 -0.26 0.44 0.00 0.00 HOLD
20.735	>>> V 0.00 0.00
20.736	S 13249523 -0.18 0.44 0.00 0.00 HOLD
20.754	>>> V 0.00 0.00
20.755	S 13249543 -0.26 0.44 0.00 0.00 HOLD
20.775	>>> V 0.00 0.00
20.776	S 13249563 -0.18 0.44 0.00 0.00 HOLD
20.793	>>> V 0.00 0.00
20.794	S 13249583 -0.26 0.44 0.00 0.00 HOLD
20.813	>>> V 0.00 0.00
20.814	S 13249603 -0.26 0.44 0.00 0.00 HOLD
20.833	>>> V 0.00 0.00
20.835	S 13249623 -0.18 0.44 0.00 0.00 HOLD
20.853	>>> V 0.00 0.00
20.853	S 13249643 -0.18 0.44 0.00 0.00 HOLD
20.874	>>> V 0.00 0.00
20.875	S 13249663 -0.18 0.44 0.00 0.00 HOLD
20.893	>>> V 0.00 0.00
20.893	S 13249683 -0.26 0.44 0.00 0.00 HOLD
20.914	>>> V 0.00 0.00
20.914	S 13249703 -0.26 0.44 0.00 0.00 HOLD
20.933	>>> V 0.00 0.00
20.934	S 13249723 -0.18 0.44 0.00 0.00 HOLD
20.954	>>> V 0.00 0.00
20.956	S 13249743 -0.26 0.44 0.00 0.00 HOLD
20.974	>>> V 0.00 0.00
20.974	S 13249763 -0.18 0.44 0.00 0.00 HOLD
20.994	>>> V 0.00 0.00
20.996	S 13249783 -0.26 0.44 0.00 0.00 HOLD
21.013	>>> V 0.00 0.00
21.015	S 13249803 -0.18 0.44 0.00 0.00 HOLD
21.035	>>> V 0.00 0.00
21.036	S 13249823 -0.26 0.44 0.00 0.00 HOLD
21.054	>>> V 0.00 0.00
21.055	S 13249843 -0.26 0.44 0.00 0.00 HOLD
21.075	>>> V 0.00 0.00
21.076	S 13249863 -0.26 0.44 0.00 0.00 HOLD
21.094	>>> V 0.00 0.00
21.094	S 13249883 -0.26 0.44 0.00 0.00 HOLD
21.114	>>> V 0.00 0.00
21.115	S 13249903 -0.18 0.44 0.00 0.00 HOLD
21.134	>>> V 0.00 0.00
21.134	S 13249923 -0.18 0.44 0.00 0.00 HOLD
21.154	>>> V 0.00 0.00
21.154	S 13249943 -0.26 0.44 0.00 0.00 HOLD
21.175	>>> V 0.00 0.00
21.175	S 13249963 -0.18 0.44 0.00 0.00 HOLD
21.193	>>> V 0.00 0.00
21.194	S 13249983 -0.26 0.44 0.00 0.00 HOLD
21.215	>>> V 0.00 0.00
21.215	S 13250003 -0.18 0.44 0.00 0.00 HOLD
21.233	>>> V 0.00 0.00
21.234	S 13250023 -0.18 0.44 0.00 0.00 HOLD
21.254	>>> V 0.00 0.00
21.254	S 13250043 -0.18 0.44 0.00 0.00 HOLD
21.273	>>> V 0.00 0.00
21.273	S 13250063 -0.18 0.44 0.00 0.00 HOLD
21.294	>>> V 0.00 0.00
21.295	S 13250083 -0.18 0.44 0.00 0.00 HOLD
21.313	>>> V 0.00 0.00
21.313	S 13250103 -0.26 0.44 0.00 0.00 HOLD
21.335	>>> V 0.00 0.00
21.337	S 13250123 -0.26 0.44 0.00 0.00 HOLD
21.354	>>> V 0.00 0.00
21.354	S 13250143 -0.18 0.44 0.00 0.00 HOLD
21.374	>>> V 0.00 0.00
21.375	S 13250163 -0.18 0.44 0.00 0.00 HOLD
21.393	>>> V 0.00 0.00
21.394	S 13250183 -0.18 0.44 0.00 0.00 HOLD
21.416	>>> V 0.00 0.00
21.416	S 13250203 -0.26 0.44 0.00 0.00 HOLD
21.434	>>> V 0.00 0.00
21.435	S 13250223 -0.18 0.44 0.00 0.00 HOLD
21.454	>>> V 0.00 0.00
21.454	S 13250243 -0.26 0.44 0.00 0.00 HOLD
21.474	>>> V 0.00 0.00
21.474	S 13250263 -0.26 0.44 0.00 0.00 HOLD
21.493	>>> V 0.00 0.00
21.494	S 13250283 -0.26 0.44 0.00 0.00 HOLD
21.515	>>> V 0.00 0.00
21.516	S 13250303 -0.26 0.44 0.00 0.00 HOLD
21.534	>>> V 0.00 0.00
21.534	S 13250323 -0.26 0.44 0.00 0.00 HOLD
21.554	>>> V 0.00 0.00
21.555	S 13250343 -0.26 0.44 0.00 0.00 HOLD
21.574	>>> V 0.00 0.00
21.575	S 13250363 -0.18 0.44 0.00 0.00 HOLD
21.593	>>> V 0.00 0.00
21.594	S 13250383 -0.26 0.44 0.00 0.00 HOLD
21.615	>>> V 0.00 0.00
21.616	S 13250403 -0.26 0.44 0.00 0.00 HOLD
21.634	>>> V 0.00 0.00
21.635	S 13250423 -0.18 0.44 0.00 0.00 HOLD
21.655	>>> V 0.00 0.00
21.655	S 13250443 -0.26 0.44 0.00 0.00 HOLD
21.674	>>> V 0.00 0.00
21.675	S 13250463 -0.26 0.44 0.00 0.00 HOLD
21.694	>>> V 0.00 0.00
21.694	S 13250483 -0.26 0.44 0.00 0.00 HOLD
21.713	>>> V 0.00 0.00
21.715	S 13250503 -0.18 0.44 0.00 0.00 HOLD
21.734	>>> V 0.00 0.00
21.734	S 13250523 -0.26 0.44 0.00 0.00 HOLD
21.755	>>> V 0.00 0.00
21.756	S 13250543 -0.26 0.44 0.00 0.00 HOLD
21.773	>>> V 0.00 0.00
21.774	S 13250563 -0.26 0.44 0.00 0.00 HOLD
21.794	>>> V 0.00 0.00
21.795	S 13250583 -0.26 0.44 0.00 0.00 HOLD
21.814	>>> V 0.00 0.00
21.815	S 13250603 -0.26 0.44 0.00 0.00 HOLD
21.834	>>> V 0.00 0.00
21.834	S 13250623 -0.26 0.44 0.00 0.00 HOLD
21.855	>>> V 0.00 0.00
21.856	S 13250643 -0.18 0.44 0.00 0.00 HOLD
21.873	>>> V 0.00 0.00
21.874	S 13250663 -0.26 0.44 0.00 0.00 HOLD
21.894	>>> V 0.00 0.00
21.895	S 13250683 -0.18 0.44 0.00 0.00 HOLD
21.914	>>> V 0.00 0.00
21.914	S 13250703 -0.26 0.44 0.00 0.00 HOLD
21.934	>>> V 0.00 0.00
21.934	S 13250723 -0.18 0.44 0.00 0.00 HOLD
21.954	>>> V 0.00 0.00
21.955	S 13250743 -0.26 0.44 0.00 0.00 HOLD
21.974	>>> V 0.00 0.00
21.974	S 13250763 -0.26 0.44 0.00 0.00 HOLD
21.996	>>> V 0.00 0.00
21.997	S 13250783 -0.26 0.44 0.00 0.00 HOLD
22.014	>>> V 0.00 0.00
22.015	S 13250803 -0.26 0.44 0.00 0.00 HOLD
22.033	>>> V 0.00 0.00
22.035	S 13250823 -0.26 0.44 0.00 0.00 HOLD
22.053	>>> V 0.00 0.00
22.055	S 13250843 -0.18 0.44 0.00 0.00 HOLD
22.073	>>> V 0.00 0.00
22.073	S 13250863 -0.18 0.44 0.00 0.00 HOLD
22.095	>>> V 0.00 0.00
22.095	S 13250883 -0.18 0.44 0.00 0.00 HOLD
22.113	>>> V 0.00 0.00
22.115	S 13250903 -0.18 0.44 0.00 0.00 HOLD
22.137	>>> V 0.00 0.00
22.138	S 13250923 -0.26 0.44 0.00 0.00 HOLD
22.154	>>> V 0.00 0.00
22.155	S 13250943 -0.26 0.44 0.00 0.00 HOLD
22.173	>>> V 0.00 0.00
22.174	S 13250963 -0.18 0.44 0.00 0.00 HOLD
22.194	>>> V 0.00 0.00
22.194	S 13250983 -0.26 0.44 0.00 0.00 HOLD
22.214	>>> V 0.00 0.00
22.217	S 13251003 -0.26 0.44 0.00 0.00 HOLD
22.236	>>> V 0.00 0.00
22.236	S 13251023 -0.26 0.44 0.00 0.00 HOLD
22.253	>>> V 0.00 0.00
22.254	S 13251043 -0.26 0.44 0.00 0.00 HOLD
22.273	>>> V 0.00 0.00
22.274	S 13251063 -0.26 0.44 0.00 0.00 HOLD
22.297	>>> V 0.00 0.00
22.298	S 13251083 -0.26 0.44 0.00 0.00 HOLD
22.314	>>> V 0.00 0.00
22.314	S 13251103 -0.18 0.44 0.00 0.00 HOLD
22.334	>>> V 0.00 0.00
22.335	S 13251123 -0.26 0.44 0.00 0.00 HOLD
22.354	>>> V 0.00 0.00
22.354	S 13251143 -0.26 0.44 0.00 0.00 HOLD
22.376	>>> V 0.00 0.00
22.377	S 13251163 -0.18 0.44 0.00 0.00 HOLD
22.395	>>> V 0.00 0.00
22.395	S 13251183 -0.26 0.44 0.00 0.00 HOLD
22.414	>>> V 0.00 0.00
22.415	S 13251203 -0.18 0.44 0.00 0.00 HOLD
22.434	>>> V 0.00 0.00
22.435	S 13251223 -0.18 0.44 0.00 0.00 HOLD
22.453	>>> V 0.00 0.00
22.454	S 13251243 -0.26 0.44 0.00 0.00 HOLD
22.475	>>> V 0.00 0.00
22.475	S 13251263 -0.26 0.44 0.00 0.00 HOLD
22.493	>>> V 0.00 0.00
22.494	S 13251283 -0.26 0.44 0.00 0.00 HOLD
22.515	>>> V 0.00 0.00
22.516	S 13251303 -0.26 0.44 0.00 0.00 HOLD
22.533	>>> V 0.00 0.00
22.536	S 13251323 -0.18 0.44 0.00 0.00 HOLD
22.554	>>> V 0.00 0.00
22.555	S 13251343 -0.26 0.44 0.00 0.00 HOLD
22.577	>>> V 0.00 0.00
22.578	S 13251363 -0.18 0.44 0.00 0.00 HOLD
22.594	>>> V 0.00 0.00
22.594	S 13251383 -0.26 0.44 0.00 0.00 HOLD
22.615	>>> V 0.00 0.00
22.617	S 13251403 -0.26 0.44 0.00 0.00 HOLD
22.634	>>> V 0.00 0.00
22.634	S 13251423 -0.26 0.44 0.00 0.00 HOLD
22.654	>>> V 0.00 0.00
22.654	S 13251443 -0.18 0.44 0.00 0.00 HOLD
22.675	>>> V 0.00 0.00
22.676	S 13251463 -0.26 0.44 0.00 0.00 HOLD
22.694	>>> V 0.00 0.00
22.695	S 13251483 -0.26 0.44 0.00 0.00 HOLD
22.715	>>> V 0.00 0.00
22.716	S 13251503 -0.26 0.44 0.00 0.00 HOLD
22.734	>>> V 0.00 0.00
22.735	S 13251523 -0.26 0.44 0.00 0.00 HOLD
22.754	>>> V 0.00 0.00
22.754	S 13251543 -0.18 0.44 0.00 0.00 HOLD
22.773	>>> V 0.00 0.00
22.773	S 13251563 -0.18 0.44 0.00 0.00 HOLD
22.793	>>> V 0.00 0.00
22.794	S 13251583 -0.26 0.44 0.00 0.00 HOLD
22.813	>>> V 0.00 0.00
22.815	S 13251603 -0.26 0.44 0.00 0.00 HOLD
22.833	>>> V 0.00 0.00
22.834	S 13251623 -0.26 0.44 0.00 0.00 HOLD
22.854	>>> V 0.00 0.00
22.855	S 13251643 -0.26 0.44 0.00 0.00 HOLD
22.873	>>> V 0.00 0.00
22.874	S 13251663 -0.26 0.44 0.00 0.00 HOLD
22.894	>>> V 0.00 0.00
22.895	S 13251683 -0.26 0.44 0.00 0.00 HOLD
22.913	>>> V 0.00 0.00
22.913	S 13251703 -0.26 0.44 0.00 0.00 HOLD
22.934	>>> V 0.00 0.00
22.936	S 13251723 -0.18 0.44 0.00 0.00 HOLD
22.953	>>> V 0.00 0.00
22.954	S 13251743 -0.26 0.44 0.00 0.00 HOLD
22.975	>>> V 0.00 0.00
22.976	S 13251763 -0.26 0.44 0.00 0.00 HOLD
22.995	>>> V 0.00 0.00
22.996	S 13251783 -0.26 0.44 0.00 0.00 HOLD
23.016	>>> V 0.00 0.00
23.016	S 13251803 -0.26 0.44 0.00 0.00 HOLD
23.034	>>> V 0.00 0.00
23.035	S 13251823 -0.18 0.44 0.00 0.00 HOLD
23.054	>>> V 0.00 0.00
23.054	S 13251843 -0.26 0.44 0.00 0.00 HOLD
23.073	>>> V 0.00 0.00
23.075	S 13251863 -0.26 0.44 0.00 0.00 HOLD
23.093	>>> V 0.00 0.00
23.094	S 13251883 -0.26 0.44 0.00 0.00 HOLD
23.115	>>> V 0.00 0.00
23.115	S 13251903 -0.26 0.44 0.00 0.00 HOLD
23.133	>>> V 0.00 0.00
23.134	S 13251923 -0.18 0.44 0.00 0.00 HOLD
23.154	>>> V 0.00 0.00
23.157	S 13251943 -0.26 0.44 0.00 0.00 HOLD
23.173	>>> V 0.00 0.00
23.174	S 13251963 -0.26 0.44 0.00 0.00 HOLD
23.195	>>> V 0.00 0.00
23.196	S 13251983 -0.26 0.44 0.00 0.00 HOLD
23.214	>>> V 0.00 0.00
23.215	S 13252003 -0.26 0.44 0.00 0.00 HOLD
23.234	>>> V 0.00 0.00
23.235	S 13252023 -0.26 0.44 0.00 0.00 HOLD
23.253	>>> V 0.00 0.00
23.254	S 13252043 -0.26 0.44 0.00 0.00 HOLD
23.273	>>> V 0.00 0.00
23.274	S 13252063 -0.26 0.44 0.00 0.00 HOLD
23.295	>>> V 0.00 0.00
23.295	S 13252083 -0.26 0.44 0.00 0.00 HOLD
23.313	>>> V 0.00 0.00
23.314	S 13252103 -0.26 0.44 0.00 0.00 HOLD
23.334	>>> V 0.00 0.00
23.335	S 13252123 -0.26 0.44 0.00 0.00 HOLD
23.353	>>> V 0.00 0.00
23.354	S 13252143 -0.26 0.44 0.00 0.00 HOLD
23.374	>>> V 0.00 0.00
23.376	S 13252163 -0.26 0.44 0.00 0.00 HOLD
23.393	>>> V 0.00 0.00
23.395	S 13252183 -0.26 0.44 0.00 0.00 HOLD
23.415	>>> V 0.00 0.00
23.417	S 13252203 -0.18 0.44 0.00 0.00 HOLD
23.436	>>> V 0.00 0.00
23.437	S 13252223 -0.26 0.44 0.00 0.00 HOLD
23.456	>>> V 0.00 0.00
23.456	S 13252243 -0.26 0.44 0.00 0.00 HOLD
23.473	>>> V 0.00 0.00
23.475	S 13252263 -0.26 0.44 0.00 0.00 HOLD
23.497	>>> V 0.00 0.00
23.499	S 13252283 -0.18 0.44 0.00 0.00 HOLD
23.513	>>> V 0.00 0.00
23.514	S 13252303 -0.26 0.44 0.00 0.00 HOLD
23.534	>>> V 0.00 0.00
23.535	S 13252323 -0.26 0.44 0.00 0.00 HOLD
23.553	>>> V 0.00 0.00
23.554	S 13252343 -0.26 0.44 0.00 0.00 HOLD
23.576	>>> V 0.00 0.00
23.577	S 13252363 -0.26 0.44 0.00 0.00 HOLD
23.594	>>> V 0.00 0.00
23.595	S 13252383 -0.26 0.44 0.00 0.00 HOLD
23.614	>>> V 0.00 0.00
23.615	S 13252403 -0.18 0.44 0.00 0.00 HOLD
23.635	>>> V 0.00 0.00
23.635	S 13252423 -0.26 0.44 0.00 0.00 HOLD
23.653	>>> V 0.00 0.00
23.655	S 13252443 -0.26 0.44 0.00 0.00 HOLD
23.674	>>> V 0.00 0.00
23.674	S 13252463 -0.26 0.44 0.00 0.00 HOLD
23.693	>>> V 0.00 0.00
23.694	S 13252483 -0.26 0.44 0.00 0.00 HOLD
23.713	>>> V 0.00 0.00
23.713	S 13252503 -0.18 0.44 0.00 0.00 HOLD
23.735	>>> V 0.00 0.00
23.735	S 13252523 -0.26 0.44 0.00 0.00 HOLD
23.753	>>> V 0.00 0.00
23.754	S 13252543 -0.26 0.44 0.00 0.00 HOLD
23.773	>>> V 0.00 0.00
23.773	S 13252563 -0.26 0.44 0.00 0.00 HOLD
23.794	>>> V 0.00 0.00
23.794	S 13252583 -0.18 0.44 0.00 0.00 HOLD
23.813	>>> V 0.00 0.00
23.814	S 13252603 -0.18 0.44 0.00 0.00 HOLD
23.833	>>> V 0.00 0.00
23.833	S 13252623 -0.26 0.44 0.00 0.00 HOLD
23.853	>>> V 0.00 0.00
23.853	S 13252643 -0.26 0.44 0.00 0.00 HOLD
23.873	>>> V 0.00 0.00
23.873	S 13252663 -0.26 0.44 0.00 0.00 HOLD
23.894	>>> V 0.00 0.00
23.894	S 13252683 -0.26 0.44 0.00 0.00 HOLD
23.913	>>> V 0.00 0.00
23.914	S 13252703 -0.18 0.44 0.00 0.00 HOLD
23.933	>>> V 0.00 0.00
23.933	S 13252723 -0.26 0.44 0.00 0.00 HOLD
23.953	>>> V 0.00 0.00
23.953	S 13252743 -0.18 0.44 0.00 0.00 HOLD
23.973	>>> V 0.00 0.00
23.974	S 13252763 -0.18 0.44 0.00 0.00 HOLD
23.994	>>> V 0.00 0.00
23.994	S 13252783 -0.18 0.44 0.00 0.00 HOLD
24.014	>>> V 0.00 0.00
24.014	S 13252803 -0.18 0.44 0.00 0.00 HOLD
24.033	>>> V 0.00 0.00
24.033	S 13252823 -0.26 0.44 0.00 0.00 HOLD
24.053	>>> V 0.00 0.00
24.053	S 13252843 -0.26 0.44 0.00 0.00 HOLD
24.979	>>> V 0.00 0.00
24.980	S 13252863 -0.26 0.44 0.00 0.00 HOLD
24.981	S 13252883 -0.26 0.44 0.00 0.00 HOLD
24.983	S 13252903 -0.26 0.44 0.00 0.00 HOLD
24.987	S 13252923 -0.18 0.44 0.00 0.00 HOLD
24.989	S 13252943 -0.26 0.44 0.00 0.00 HOLD
24.991	S 13252963 -0.26 0.44 0.00 0.00 HOLD
24.992	S 13252983 -0.26 0.44 0.00 0.00 HOLD
24.993	S 13253003 -0.26 0.44 0.00 0.00 HOLD
24.995	S 13253023 -0.18 0.44 0.00 0.00 HOLD
24.999	S 13253043 -0.26 0.44 0.00 0.00 HOLD
25.005	S 13253063 -0.18 0.44 0.00 0.00 HOLD
25.009	S 13253083 -0.26 0.44 0.00 0.00 HOLD
25.010	S 13253103 -0.26 0.44 0.00 0.00 HOLD
25.012	S 13253123 -0.18 0.44 0.00 0.00 HOLD
25.015	S 13253143 -0.26 0.44 0.00 0.00 HOLD
25.017	S 13253163 -0.26 0.44 0.00 0.00 HOLD
25.020	S 13253183 -0.26 0.44 0.00 0.00 HOLD
25.022	S 13253203 -0.18 0.44 0.00 0.00 HOLD
25.023	S 13253223 -0.26 0.44 0.00 0.00 HOLD
25.025	S 13253243 -0.26 0.44 0.00 0.00 HOLD
25.029	S 13253263 -0.26 0.44 0.00 0.00 HOLD
25.031	S 13253283 -0.26 0.44 0.00 0.00 HOLD
25.033	S 13253303 -0.26 0.44 0.00 0.00 HOLD
25.037	S 13253323 -0.26 0.44 0.00 0.00 HOLD
25.041	S 13253343 -0.26 0.44 0.00 0.00 HOLD
25.045	S 13253363 -0.26 0.44 0.00 0.00 HOLD
25.049	S 13253383 -0.26 0.44 0.00 0.00 HOLD
25.051	S 13253403 -0.18 0.44 0.00 0.00 HOLD
25.054	S 13253423 -0.26 0.44 0.00 0.00 HOLD
25.056	S 13253443 -0.26 0.44 0.00 0.00 HOLD
25.059	S 13253463 -0.26 0.44 0.00 0.00 HOLD
25.061	S 13253483 -0.26 0.44 0.00 0.00 HOLD
25.064	S 13253503 -0.26 0.44 0.00 0.00 HOLD
25.068	S 13253523 -0.26 0.44 0.00 0.00 HOLD
25.069	S 13253543 -0.26 0.44 0.00 0.00 HOLD
25.070	S 13253563 -0.26 0.44 0.00 0.00 HOLD
25.072	S 13253583 -0.26 0.44 0.00 0.00 HOLD
25.073	S 13253603 -0.18 0.44 0.00 0.00 HOLD
25.079	S 13253623 -0.26 0.44 0.00 0.00 HOLD
25.086	S 13253643 -0.26 0.44 0.00 0.00 HOLD
25.088	S 13253663 -0.18 0.44 0.00 0.00 HOLD
25.090	S 13253683 -0.18 0.44 0.00 0.00 HOLD
25.092	S 13253703 -0.26 0.44 0.00 0.00 HOLD
25.094	S 13253723 -0.26 0.44 0.00 0.00 HOLD
25.097	S 13253743 -0.18 0.44 0.00 0.00 HOLD
25.100	S 13253763 -0.26 0.44 0.00 0.00 HOLD
25.109	>>> V 0.00 0.00
25.109	S 13253783 -0.18 0.44 0.00 0.00 HOLD
25.113	S 13253803 -0.26 0.44 0.00 0.00 HOLD
25.117	S 13253823 -0.26 0.44 0.00 0.00 HOLD
25.121	S 13253843 -0.18 0.44 0.00 0.00 HOLD
25.124	S 13253863 -0.26 0.44 0.00 0.00 HOLD
25.125	S 13253883 -0.18 0.44 0.00 0.00 HOLD
25.133	>>> V 0.00 0.00
25.136	S 13253903 -0.26 0.44 0.00 0.00 HOLD
25.137	S 13253923 -0.26 0.44 0.00 0.00 HOLD
25.154	>>> V 0.00 0.00
25.155	S 13253943 -0.26 0.44 0.00 0.00 HOLD
25.174	>>> V 0.00 0.00
25.175	S 13253963 -0.26 0.44 0.00 0.00 HOLD
25.194	>>> V 0.00 0.00
25.195	S 13253983 -0.26 0.44 0.00 0.00 HOLD
25.214	>>> V 0.00 0.00
25.214	S 13254003 -0.18 0.44 0.00 0.00 HOLD
25.234	>>> V 0.00 0.00
25.235	S 13254023 -0.26 0.44 0.00 0.00 HOLD
25.254	>>> V 0.00 0.00
25.256	S 13254043 -0.26 0.44 0.00 0.00 HOLD
25.275	>>> V 0.00 0.00
25.276	S 13254063 -0.18 0.44 0.00 0.00 HOLD
25.293	>>> V 0.00 0.00
25.294	S 13254083 -0.26 0.44 0.00 0.00 HOLD
25.316	>>> V 0.00 0.00
25.317	S 13254103 -0.26 0.44 0.00 0.00 HOLD
25.335	>>> V 0.00 0.00
25.336	S 13254123 -0.26 0.44 0.00 0.00 HOLD
25.355	>>> V 0.00 0.00
25.356	S 13254143 -0.26 0.44 0.00 0.00 HOLD
25.374	>>> V 0.00 0.00
25.374	S 13254163 -0.18 0.44 0.00 0.00 HOLD
25.395	>>> V 0.00 0.00
25.396	S 13254183 -0.18 0.44 0.00 0.00 HOLD
25.414	>>> V 0.00 0.00
25.415	S 13254203 -0.26 0.44 0.00 0.00 HOLD
25.435	>>> V 0.00 0.00
25.436	S 13254223 -0.26 0.44 0.00 0.00 HOLD
25.454	>>> V 0.00 0.00
25.454	S 13254243 -0.26 0.44 0.00 0.00 HOLD
25.474	>>> V 0.00 0.00
25.475	S 13254263 -0.26 0.44 0.00 0.00 HOLD
25.494	>>> V 0.00 0.00
25.494	S 13254283 -0.18 0.44 0.00 0.00 HOLD
25.515	>>> V 0.00 0.00
25.516	S 13254303 -0.26 0.44 0.00 0.00 HOLD
25.533	>>> V 0.00 0.00
25.535	S 13254323 -0.26 0.44 0.00 0.00 HOLD
25.554	>>> V 0.00 0.00
25.554	S 13254343 -0.18 0.44 0.00 0.00 HOLD
25.575	>>> V 0.00 0.00
25.577	S 13254363 -0.26 0.44 0.00 0.00 HOLD
25.598	>>> V 0.00 0.00
25.600	S 13254383 -0.26 0.44 0.00 0.00 HOLD
25.613	>>> V 0.00 0.00
25.615	S 13254403 -0.26 0.44 0.00 0.00 HOLD
25.635	>>> V 0.00 0.00
25.635	S 13254423 -0.26 0.44 0.00 0.00 HOLD
25.653	>>> V 0.00 0.00
25.654	S 13254443 -0.26 0.44 0.00 0.00 HOLD
25.674	>>> V 0.00 0.00
25.674	S 13254463 -0.18 0.44 0.00 0.00 HOLD
25.693	>>> V 0.00 0.00
25.694	S 13254483 -0.26 0.44 0.00 0.00 HOLD
25.714	>>> V 0.00 0.00
25.714	S 13254503 -0.26 0.44 0.00 0.00 HOLD
25.734	>>> V 0.00 0.00
25.736	S 13254523 -0.26 0.44 0.00 0.00 HOLD
25.754	>>> V 0.00 0.00
25.754	S 13254543 -0.18 0.44 0.00 0.00 HOLD
25.777	>>> V 0.00 0.00
25.777	S 13254563 -0.26 0.44 0.00 0.00 HOLD
25.794	>>> V 0.00 0.00
25.794	S 13254583 -0.26 0.44 0.00 0.00 HOLD
25.814	>>> V 0.00 0.00
25.815	S 13254603 -0.26 0.44 0.00 0.00 HOLD
25.833	>>> V 0.00 0.00
25.835	S 13254623 -0.18 0.44 0.00 0.00 HOLD
25.854	>>> V 0.00 0.00
25.854	S 13254643 -0.26 0.44 0.00 0.00 HOLD
25.874	>>> V 0.00 0.00
25.875	S 13254663 -0.26 0.44 0.00 0.00 HOLD
25.894	>>> V 0.00 0.00
25.894	S 13254683 -0.18 0.44 0.00 0.00 HOLD
25.914	>>> V 0.00 0.00
25.914	S 13254703 -0.26 0.44 0.00 0.00 HOLD
25.935	>>> V 0.00 0.00
25.935	S 13254723 -0.18 0.44 0.00 0.00 HOLD
25.954	>>> V 0.00 0.00
25.954	S 13254743 -0.18 0.44 0.00 0.00 HOLD
25.975	>>> V 0.00 0.00
25.976	S 13254763 -0.26 0.44 0.00 0.00 HOLD
25.993	>>> V 0.00 0.00
25.995	S 13254783 -0.26 0.44 0.00 0.00 HOLD
26.014	>>> V 0.00 0.00
26.014	S 13254803 -0.18 0.44 0.00 0.00 HOLD
26.034	>>> V 0.00 0.00
26.034	S 13254823 -0.26 0.44 0.00 0.00 HOLD
26.054	>>> V 0.00 0.00
26.054	S 13254843 -0.26 0.44 0.00 0.00 HOLD
26.073	>>> V 0.00 0.00
26.074	S 13254863 -0.26 0.44 0.00 0.00 HOLD
26.095	>>> V 0.00 0.00
26.096	S 13254883 -0.26 0.44 0.00 0.00 HOLD
26.113	>>> V 0.00 0.00
26.114	S 13254903 -0.26 0.44 0.00 0.00 HOLD
26.136	>>> V 0.00 0.00
26.136	S 13254923 -0.26 0.44 0.00 0.00 HOLD
26.153	>>> V 0.00 0.00
26.154	S 13254943 -0.26 0.44 0.00 0.00 HOLD
26.174	>>> V 0.00 0.00
26.176	S 13254963 -0.26 0.44 0.00 0.00 HOLD
26.200	>>> V 0.00 0.00
26.202	S 13254983 -0.26 0.44 0.00 0.00 HOLD
26.214	>>> V 0.00 0.00
26.214	S 13255003 -0.26 0.44 0.00 0.00 HOLD
26.237	>>> V 0.00 0.00
26.238	S 13255023 -0.18 0.44 0.00 0.00 HOLD
26.254	>>> V 0.00 0.00
26.254	S 13255043 -0.26 0.44 0.00 0.00 HOLD
26.273	>>> V 0.00 0.00
26.275	S 13255063 -0.26 0.44 0.00 0.00 HOLD
26.294	>>> V 0.00 0.00
26.295	S 13255083 -0.26 0.44 0.00 0.00 HOLD
26.313	>>> V 0.00 0.00
26.314	S 13255103 -0.26 0.44 0.00 0.00 HOLD
26.334	>>> V 0.00 0.00
26.334	S 13255123 -0.26 0.44 0.00 0.00 HOLD
26.355	>>> V 0.00 0.00
26.355	S 13255143 -0.18 0.44 0.00 0.00 HOLD
26.374	>>> V 0.00 0.00
26.374	S 13255163 -0.26 0.44 0.00 0.00 HOLD
26.394	>>> V 0.00 0.00
26.394	S 13255183 -0.18 0.44 0.00 0.00 HOLD
26.414	>>> V 0.00 0.00
26.414	S 13255203 -0.26 0.44 0.00 0.00 HOLD
26.434	>>> V 0.00 0.00
26.435	S 13255223 -0.18 0.44 0.00 0.00 HOLD
26.454	>>> V 0.00 0.00
26.454	S 13255243 -0.26 0.44 0.00 0.00 HOLD
26.476	>>> V 0.00 0.00
26.476	S 13255263 -0.26 0.44 0.00 0.00 HOLD
26.494	>>> V 0.00 0.00
26.495	S 13255283 -0.26 0.44 0.00 0.00 HOLD
26.514	>>> V 0.00 0.00
26.514	S 13255303 -0.26 0.44 0.00 0.00 HOLD
26.535	>>> V 0.00 0.00
26.535	S 13255323 -0.26 0.44 0.00 0.00 HOLD
26.554	>>> V 0.00 0.00
26.555	S 13255343 -0.26 0.44 0.00 0.00 HOLD
26.574	>>> V 0.00 0.00
26.577	S 13255363 -0.18 0.44 0.00 0.00 HOLD
26.594	>>> V 0.00 0.00
26.595	S 13255383 -0.26 0.44 0.00 0.00 HOLD
26.614	>>> V 0.00 0.00
26.614	S 13255403 -0.18 0.44 0.00 0.00 HOLD
26.633	>>> V 0.00 0.00
26.636	S 13255423 -0.26 0.44 0.00 0.00 HOLD
26.653	>>> V 0.00 0.00
26.654	S 13255443 -0.26 0.44 0.00 0.00 HOLD
26.674	>>> V 0.00 0.00
26.675	S 13255463 -0.26 0.44 0.00 0.00 HOLD
26.694	>>> V 0.00 0.00
26.694	S 13255483 -0.26 0.44 0.00 0.00 HOLD
26.714	>>> V 0.00 0.00
26.714	S 13255503 -0.18 0.44 0.00 0.00 HOLD
26.733	>>> V 0.00 0.00
26.734	S 13255523 -0.26 0.44 0.00 0.00 HOLD
26.753	>>> V 0.00 0.00
26.755	S 13255543 -0.26 0.44 0.00 0.00 HOLD
26.774	>>> V 0.00 0.00
26.775	S 13255563 -0.18 0.44 0.00 0.00 HOLD
26.795	>>> V 0.00 0.00
26.795	S 13255583 -0.18 0.44 0.00 0.00 HOLD
26.814	>>> V 0.00 0.00
26.814	S 13255603 -0.26 0.44 0.00 0.00 HOLD
26.834	>>> V 0.00 0.00
26.835	S 13255623 -0.18 0.44 0.00 0.00 HOLD
26.854	>>> V 0.00 0.00
26.854	S 13255643 -0.26 0.44 0.00 0.00 HOLD
26.876	>>> V 0.00 0.00
26.876	S 13255663 -0.18 0.44 0.00 0.00 HOLD
26.894	>>> V 0.00 0.00
26.895	S 13255683 -0.26 0.44 0.00 0.00 HOLD
26.915	>>> V 0.00 0.00
26.915	S 13255703 -0.26 0.44 0.00 0.00 HOLD
26.934	>>> V 0.00 0.00
26.934	S 13255723 -0.18 0.44 0.00 0.00 HOLD
26.954	>>> V 0.00 0.00
26.954	S 13255743 -0.26 0.44 0.00 0.00 HOLD
26.975	>>> V 0.00 0.00
26.975	S 13255763 -0.18 0.44 0.00 0.00 HOLD
26.994	>>> V 0.00 0.00
26.994	S 13255783 -0.26 0.44 0.00 0.00 HOLD
27.014	>>> V 0.00 0.00
27.014	S 13255803 -0.18 0.44 0.00 0.00 HOLD
27.033	>>> V 0.00 0.00
27.034	S 13255823 -0.26 0.44 0.00 0.00 HOLD
27.053	>>> V 0.00 0.00
27.054	S 13255843 -0.26 0.44 0.00 0.00 HOLD
27.075	>>> V 0.00 0.00
27.075	S 13255863 -0.18 0.44 0.00 0.00 HOLD
27.093	>>> V 0.00 0.00
27.094	S 13255883 -0.18 0.44 0.00 0.00 HOLD
27.116	>>> V 0.00 0.00
27.117	S 13255903 -0.26 0.44 0.00 0.00 HOLD
27.134	>>> V 0.00 0.00
27.135	S 13255923 -0.18 0.44 0.00 0.00 HOLD
27.154	>>> V 0.00 0.00
27.156	S 13255943 -0.18 0.44 0.00 0.00 HOLD
27.173	>>> V 0.00 0.00
27.174	S 13255963 -0.18 0.44 0.00 0.00 HOLD
27.194	>>> V 0.00 0.00
27.194	S 13255983 -0.26 0.44 0.00 0.00 HOLD
27.214	>>> V 0.00 0.00
27.214	S 13256003 -0.26 0.44 0.00 0.00 HOLD
27.234	>>> V 0.00 0.00
27.234	S 13256023 -0.26 0.44 0.00 0.00 HOLD
27.254	>>> V 0.00 0.00
27.254	S 13256043 -0.26 0.44 0.00 0.00 HOLD
27.274	>>> V 0.00 0.00
27.274	S 13256063 -0.26 0.44 0.00 0.00 HOLD
27.294	>>> V 0.00 0.00
27.294	S 13256083 -0.26 0.44 0.00 0.00 HOLD
27.313	>>> V 0.00 0.00
27.314	S 13256103 -0.18 0.44 0.00 0.00 HOLD
27.333	>>> V 0.00 0.00
27.334	S 13256123 -0.26 0.44 0.00 0.00 HOLD
27.354	>>> V 0.00 0.00
27.354	S 13256143 -0.18 0.44 0.00 0.00 HOLD
27.374	>>> V 0.00 0.00
27.374	S 13256163 -0.18 0.44 0.00 0.00 HOLD
27.395	>>> V 0.00 0.00
27.395	S 13256183 -0.26 0.44 0.00 0.00 HOLD
27.413	>>> V 0.00 0.00
27.414	S 13256203 -0.26 0.44 0.00 0.00 HOLD
27.435	>>> V 0.00 0.00
27.435	S 13256223 -0.26 0.44 0.00 0.00 HOLD
27.453	>>> V 0.00 0.00
27.454	S 13256243 -0.18 0.44 0.00 0.00 HOLD
27.474	>>> V 0.00 0.00
27.475	S 13256263 -0.18 0.44 0.00 0.00 HOLD
27.493	>>> V 0.00 0.00
27.494	S 13256283 -0.26 0.44 0.00 0.00 HOLD
27.514	>>> V 0.00 0.00
27.516	S 13256303 -0.18 0.44 0.00 0.00 HOLD
27.537	>>> V 0.00 0.00
27.538	S 13256324 -0.18 0.44 0.00 0.00 HOLD
27.554	>>> V 0.00 0.00
27.555	S 13256344 -0.26 0.44 0.00 0.00 HOLD
27.574	>>> V 0.00 0.00
27.579	S 13256364 -0.26 0.44 0.00 0.00 HOLD
27.594	>>> V 0.00 0.00
27.594	S 13256384 -0.18 0.44 0.00 0.00 HOLD
27.615	>>> V 0.00 0.00
27.616	S 13256404 -0.18 0.44 0.00 0.00 HOLD
27.634	>>> V 0.00 0.00
27.636	S 13256424 -0.26 0.44 0.00 0.00 HOLD
27.655	>>> V 0.00 0.00
27.656	S 13256444 -0.18 0.44 0.00 0.00 HOLD
27.674	>>> V 0.00 0.00
27.674	S 13256464 -0.26 0.44 0.00 0.00 HOLD
27.695	>>> V 0.00 0.00
27.695	S 13256484 -0.26 0.44 0.00 0.00 HOLD
27.713	>>> V 0.00 0.00
27.715	S 13256504 -0.26 0.44 0.00 0.00 HOLD
27.734	>>> V 0.00 0.00
27.734	S 13256524 -0.18 0.44 0.00 0.00 HOLD
27.754	>>> V 0.00 0.00
27.755	S 13256544 -0.18 0.44 0.00 0.00 HOLD
27.774	>>> V 0.00 0.00
27.774	S 13256564 -0.18 0.44 0.00 0.00 HOLD
27.795	>>> V 0.00 0.00
27.795	S 13256584 -0.26 0.44 0.00 0.00 HOLD
27.814	>>> V 0.00 0.00
27.814	S 13256604 -0.26 0.44 0.00 0.00 HOLD
27.835	>>> V 0.00 0.00
27.836	S 13256624 -0.26 0.44 0.00 0.00 HOLD
27.855	>>> V 0.00 0.00
27.855	S 13256644 -0.26 0.44 0.00 0.00 HOLD
27.878	>>> V 0.00 0.00
27.878	S 13256664 -0.26 0.44 0.00 0.00 HOLD
27.894	>>> V 0.00 0.00
27.895	S 13256684 -0.26 0.44 0.00 0.00 HOLD
27.914	>>> V 0.00 0.00
27.914	S 13256704 -0.26 0.44 0.00 0.00 HOLD
27.936	>>> V 0.00 0.00
27.937	S 13256724 -0.26 0.44 0.00 0.00 HOLD
27.954	>>> V 0.00 0.00
27.954	S 13256744 -0.26 0.44 0.00 0.00 HOLD
27.974	>>> V 0.00 0.00
27.976	S 13256764 -0.18 0.44 0.00 0.00 HOLD
27.994	>>> V 0.00 0.00
27.995	S 13256784 -0.26 0.44 0.00 0.00 HOLD
28.014	>>> V 0.00 0.00
28.014	S 13256804 -0.26 0.44 0.00 0.00 HOLD
28.033	>>> V 0.00 0.00
28.034	S 13256824 -0.18 0.44 0.00 0.00 HOLD
28.054	>>> V 0.00 0.00
28.054	S 13256844 -0.26 0.44 0.00 0.00 HOLD
28.073	>>> V 0.00 0.00
28.074	S 13256864 -0.18 0.44 0.00 0.00 HOLD
28.094	>>> V 0.00 0.00
28.094	S 13256884 -0.18 0.44 0.00 0.00 HOLD
28.113	>>> V 0.00 0.00
28.114	S 13256904 -0.26 0.44 0.00 0.00 HOLD
28.133	>>> V 0.00 0.00
28.134	S 13256924 -0.18 0.44 0.00 0.00 HOLD
28.153	>>> V 0.00 0.00
28.153	S 13256944 -0.26 0.44 0.00 0.00 HOLD
28.173	>>> V 0.00 0.00
28.174	S 13256964 -0.26 0.44 0.00 0.00 HOLD
28.193	>>> V 0.00 0.00
28.195	S 13256984 -0.18 0.44 0.00 0.00 HOLD
28.214	>>> V 0.00 0.00
28.214	S 13257004 -0.26 0.44 0.00 0.00 HOLD
28.234	>>> V 0.00 0.00
28.235	S 13257024 -0.26 0.44 0.00 0.00 HOLD
28.253	>>> V 0.00 0.00
28.254	S 13257044 -0.26 0.44 0.00 0.00 HOLD
28.273	>>> V 0.00 0.00
28.275	S 13257064 -0.26 0.44 0.00 0.00 HOLD
28.294	>>> V 0.00 0.00
28.295	S 13257084 -0.26 0.44 0.00 0.00 HOLD
28.314	>>> V 0.00 0.00
28.314	S 13257104 -0.18 0.44 0.00 0.00 HOLD
28.337	>>> V 0.00 0.00
28.337	S 13257124 -0.18 0.44 0.00 0.00 HOLD
28.354	>>> V 0.00 0.00
28.354	S 13257144 -0.26 0.44 0.00 0.00 HOLD
28.376	>>> V 0.00 0.00
28.377	S 13257164 -0.26 0.44 0.00 0.00 HOLD
28.393	>>> V 0.00 0.00
28.394	S 13257184 -0.26 0.44 0.00 0.00 HOLD
28.415	>>> V 0.00 0.00
28.415	S 13257204 -0.26 0.44 0.00 0.00 HOLD
28.434	>>> V 0.00 0.00
28.435	S 13257224 -0.18 0.44 0.00 0.00 HOLD
28.453	>>> V 0.00 0.00
28.454	S 13257244 -0.26 0.44 0.00 0.00 HOLD
28.473	>>> V 0.00 0.00
28.474	S 13257264 -0.26 0.44 0.00 0.00 HOLD
28.495	>>> V 0.00 0.00
28.495	S 13257284 -0.26 0.44 0.00 0.00 HOLD
28.514	>>> V 0.00 0.00
28.515	S 13257304 -0.18 0.44 0.00 0.00 HOLD
28.535	>>> V 0.00 0.00
28.536	S 13257324 -0.26 0.44 0.00 0.00 HOLD
28.554	>>> V 0.00 0.00
28.555	S 13257344 -0.18 0.44 0.00 0.00 HOLD
28.574	>>> V 0.00 0.00
28.574	S 13257364 -0.26 0.44 0.00 0.00 HOLD
28.594	>>> V 0.00 0.00
28.597	S 13257384 -0.18 0.44 0.00 0.00 HOLD
28.613	>>> V 0.00 0.00
28.614	S 13257404 -0.26 0.44 0.00 0.00 HOLD
28.636	>>> V 0.00 0.00
28.637	S 13257424 -0.18 0.44 0.00 0.00 HOLD
28.653	>>> V 0.00 0.00
28.656	S 13257444 -0.26 0.44 0.00 0.00 HOLD
28.675	>>> V 0.00 0.00
28.676	S 13257464 -0.18 0.44 0.00 0.00 HOLD
28.694	>>> V 0.00 0.00
28.694	S 13257484 -0.26 0.44 0.00 0.00 HOLD
28.713	>>> V 0.00 0.00
28.714	S 13257504 -0.26 0.44 0.00 0.00 HOLD
28.733	>>> V 0.00 0.00
28.734	S 13257524 -0.26 0.44 0.00 0.00 HOLD
28.753	>>> V 0.00 0.00
28.754	S 13257544 -0.26 0.44 0.00 0.00 HOLD
28.775	>>> V 0.00 0.00
28.776	S 13257564 -0.26 0.44 0.00 0.00 HOLD
28.793	>>> V 0.00 0.00
28.795	S 13257584 -0.18 0.44 0.00 0.00 HOLD
28.814	>>> V 0.00 0.00
28.815	S 13257604 -0.26 0.44 0.00 0.00 HOLD
28.837	>>> V 0.00 0.00
28.838	S 13257624 -0.18 0.44 0.00 0.00 HOLD
28.853	>>> V 0.00 0.00
28.854	S 13257644 -0.26 0.44 0.00 0.00 HOLD
28.874	>>> V 0.00 0.00
28.876	S 13257664 -0.26 0.44 0.00 0.00 HOLD
28.894	>>> V 0.00 0.00
28.894	S 13257684 -0.26 0.44 0.00 0.00 HOLD
28.915	>>> V 0.00 0.00
28.916	S 13257704 -0.26 0.44 0.00 0.00 HOLD
28.934	>>> V 0.00 0.00
28.935	S 13257724 -0.18 0.44 0.00 0.00 HOLD
28.954	>>> V 0.00 0.00
28.956	S 13257744 -0.26 0.44 0.00 0.00 HOLD
28.974	>>> V 0.00 0.00
28.974	S 13257764 -0.26 0.44 0.00 0.00 HOLD
28.995	>>> V 0.00 0.00
28.995	S 13257784 -0.26 0.44 0.00 0.00 HOLD
29.013	>>> V 0.00 0.00
29.014	S 13257804 -0.18 0.44 0.00 0.00 HOLD
29.034	>>> V 0.00 0.00
29.035	S 13257824 -0.26 0.44 0.00 0.00 HOLD
29.053	>>> V 0.00 0.00
29.054	S 13257844 -0.18 0.44 0.00 0.00 HOLD
29.074	>>> V 0.00 0.00
29.074	S 13257864 -0.18 0.44 0.00 0.00 HOLD
29.093	>>> V 0.00 0.00
29.094	S 13257884 -0.18 0.44 0.00 0.00 HOLD
29.113	>>> V 0.00 0.00
29.114	S 13257904 -0.26 0.44 0.00 0.00 HOLD
29.133	>>> V 0.00 0.00
29.134	S 13257924 -0.26 0.44 0.00 0.00 HOLD
29.153	>>> V 0.00 0.00
29.154	S 13257944 -0.18 0.44 0.00 0.00 HOLD
29.173	>>> V 0.00 0.00
29.174	S 13257964 -0.26 0.35 0.00 0.00 HOLD
29.193	>>> V 0.00 0.00
29.194	S 13257984 -0.18 0.44 0.00 0.00 HOLD
29.214	>>> V 0.00 0.00
29.216	S 13258004 -0.18 0.44 0.00 0.00 HOLD
29.234	>>> V 0.00 0.00
29.234	S 13258024 -0.26 0.44 0.00 0.00 HOLD
29.255	>>> V 0.00 0.00
29.255	S 13258044 -0.26 0.44 0.00 0.00 HOLD
29.274	>>> V 0.00 0.00
29.274	S 13258064 -0.18 0.44 0.00 0.00 HOLD
29.294	>>> V 0.00 0.00
29.294	S 13258084 -0.26 0.44 0.00 0.00 HOLD
29.314	>>> V 0.00 0.00
29.315	S 13258104 -0.26 0.44 0.00 0.00 HOLD
29.334	>>> V 0.00 0.00
29.334	S 13258124 -0.26 0.44 0.00 0.00 HOLD
29.354	>>> V 0.00 0.00
29.355	S 13258144 -0.26 0.44 0.00 0.00 HOLD
29.373	>>> V 0.00 0.00
29.374	S 13258164 -0.26 0.44 0.00 0.00 HOLD
29.394	>>> V 0.00 0.00
29.394	S 13258184 -0.26 0.44 0.00 0.00 HOLD
29.413	>>> V 0.00 0.00
29.414	S 13258204 -0.26 0.44 0.00 0.00 HOLD
29.434	>>> V 0.00 0.00
29.434	S 13258224 -0.26 0.44 0.00 0.00 HOLD
29.453	>>> V 0.00 0.00
29.454	S 13258244 -0.26 0.44 0.00 0.00 HOLD
29.473	>>> V 0.00 0.00
29.474	S 13258264 -0.18 0.44 0.00 0.00 HOLD
29.493	>>> V 0.00 0.00
29.494	S 13258284 -0.26 0.44 0.00 0.00 HOLD
29.513	>>> V 0.00 0.00
29.513	S 13258304 -0.18 0.44 0.00 0.00 HOLD
29.533	>>> V 0.00 0.00
29.534	S 13258324 -0.26 0.44 0.00 0.00 HOLD
29.555	>>> V 0.00 0.00
29.555	S 13258344 -0.18 0.44 0.00 0.00 HOLD
29.573	>>> V 0.00 0.00
29.574	S 13258364 -0.26 0.44 0.00 0.00 HOLD
29.594	>>> V 0.00 0.00
29.594	S 13258384 -0.18 0.44 0.00 0.00 HOLD
29.614	>>> V 0.00 0.00
29.615	S 13258404 -0.26 0.44 0.00 0.00 HOLD
29.634	>>> V 0.00 0.00
29.635	S 13258424 -0.26 0.44 0.00 0.00 HOLD
29.654	>>> V 0.00 0.00
29.654	S 13258444 -0.18 0.44 0.00 0.00 HOLD
29.675	>>> V 0.00 0.00
29.675	S 13258464 -0.18 0.44 0.00 0.00 HOLD
29.693	>>> V 0.00 0.00
29.694	S 13258484 -0.26 0.44 0.00 0.00 HOLD
29.715	>>> V 0.00 0.00
29.715	S 13258504 -0.26 0.44 0.00 0.00 HOLD
29.734	>>> V 0.00 0.00
29.734	S 13258524 -0.18 0.44 0.00 0.00 HOLD
29.755	>>> V 0.00 0.00
29.755	S 13258544 -0.26 0.44 0.00 0.00 HOLD
29.773	>>> V 0.00 0.00
29.774	S 13258564 -0.26 0.44 0.00 0.00 HOLD
29.795	>>> V 0.00 0.00
29.795	S 13258584 -0.26 0.44 0.00 0.00 HOLD
29.814	>>> V 0.00 0.00
29.814	S 13258604 -0.26 0.44 0.00 0.00 HOLD
29.834	>>> V 0.00 0.00
29.834	S 13258624 -0.26 0.44 0.00 0.00 HOLD
29.854	>>> V 0.00 0.00
29.855	S 13258644 -0.18 0.44 0.00 0.00 HOLD
29.874	>>> V 0.00 0.00
29.874	S 13258664 -0.18 0.44 0.00 0.00 HOLD
29.894	>>> V 0.00 0.00
29.895	S 13258684 -0.26 0.44 0.00 0.00 HOLD
29.913	>>> V 0.00 0.00
29.914	S 13258704 -0.18 0.44 0.00 0.00 HOLD
29.934	>>> V 0.00 0.00
29.934	S 13258724 -0.26 0.44 0.00 0.00 HOLD
29.953	>>> V 0.00 0.00
29.954	S 13258744 -0.26 0.44 0.00 0.00 HOLD
29.974	>>> V 0.00 0.00
29.975	S 13258764 -0.18 0.44 0.00 0.00 HOLD
29.995	>>> V 0.00 0.00
29.995	S 13258784 -0.26 0.44 0.00 0.00 HOLD
30.014	>>> V 0.00 0.00
30.015	S 13258804 -0.26 0.44 0.00 0.00 HOLD
30.033	>>> V 0.00 0.00
30.035	S 13258824 -0.26 0.35 0.00 0.00 HOLD
30.053	>>> V 0.00 0.00
30.054	S 13258844 -0.26 0.44 0.00 0.00 HOLD
30.075	>>> V 0.00 0.00
30.075	S 13258864 -0.18 0.44 0.00 0.00 HOLD
30.093	>>> V 0.00 0.00
30.094	S 13258884 -0.18 0.44 0.00 0.00 HOLD
30.114	>>> V 0.00 0.00
30.115	S 13258904 -0.18 0.44 0.00 0.00 HOLD
30.133	>>> V 0.00 0.00
30.134	S 13258924 -0.26 0.44 0.00 0.00 HOLD
30.154	>>> V 0.00 0.00
30.155	S 13258944 -0.26 0.44 0.00 0.00 HOLD
30.173	>>> V 0.00 0.00
30.174	S 13258964 -0.26 0.44 0.00 0.00 HOLD
30.194	>>> V 0.00 0.00
30.195	S 13258984 -0.26 0.44 0.00 0.00 HOLD
30.213	>>> V 0.00 0.00
30.214	S 13259004 -0.26 0.44 0.00 0.00 HOLD
30.234	>>> V 0.00 0.00
30.236	S 13259024 -0.18 0.44 0.00 0.00 HOLD
30.253	>>> V 0.00 0.00
30.255	S 13259044 -0.26 0.44 0.00 0.00 HOLD
30.275	>>> V 0.00 0.00
30.276	S 13259064 -0.26 0.44 0.00 0.00 HOLD
30.294	>>> V 0.00 0.00
30.294	S 13259084 -0.18 0.44 0.00 0.00 HOLD
30.314	>>> V 0.00 0.00
30.314	S 13259104 -0.18 0.44 0.00 0.00 HOLD
30.333	>>> V 0.00 0.00
30.334	S 13259124 -0.18 0.44 0.00 0.00 HOLD
30.354	>>> V 0.00 0.00
30.354	S 13259144 -0.26 0.44 0.00 0.00 HOLD
30.373	>>> V 0.00 0.00
30.375	S 13259164 -0.18 0.44 0.00 0.00 HOLD
30.394	>>> V 0.00 0.00
30.394	S 13259184 -0.18 0.44 0.00 0.00 HOLD
30.413	>>> V 0.00 0.00
30.414	S 13259204 -0.18 0.44 0.00 0.00 HOLD
30.433	>>> V 0.00 0.00
30.434	S 13259224 -0.18 0.44 0.00 0.00 HOLD
30.454	>>> V 0.00 0.00
30.455	S 13259244 -0.18 0.44 0.00 0.00 HOLD
30.473	>>> V 0.00 0.00
30.474	S 13259264 -0.26 0.44 0.00 0.00 HOLD
30.495	>>> V 0.00 0.00
30.495	S 13259284 -0.26 0.44 0.00 0.00 HOLD
30.513	>>> V 0.00 0.00
30.514	S 13259304 -0.26 0.44 0.00 0.00 HOLD
30.535	>>> V 0.00 0.00
30.535	S 13259324 -0.26 0.44 0.00 0.00 HOLD
30.553	>>> V 0.00 0.00
30.555	S 13259344 -0.26 0.44 0.00 0.00 HOLD
30.575	>>> V 0.00 0.00
30.576	S 13259364 -0.26 0.44 0.00 0.00 HOLD
30.595	>>> V 0.00 0.00
30.595	S 13259384 -0.26 0.44 0.00 0.00 HOLD
30.615	>>> V 0.00 0.00
30.615	S 13259404 -0.18 0.44 0.00 0.00 HOLD
30.633	>>> V 0.00 0.00
30.634	S 13259424 -0.18 0.44 0.00 0.00 HOLD
30.653	>>> V 0.00 0.00
30.654	S 13259444 -0.18 0.44 0.00 0.00 HOLD
30.673	>>> V 0.00 0.00
30.674	S 13259464 -0.18 0.44 0.00 0.00 HOLD
30.693	>>> V 0.00 0.00
30.694	S 13259484 -0.26 0.44 0.00 0.00 HOLD
30.714	>>> V 0.00 0.00
30.715	S 13259504 -0.26 0.44 0.00 0.00 HOLD
30.733	>>> V 0.00 0.00
30.734	S 13259524 -0.26 0.44 0.00 0.00 HOLD
30.755	>>> V 0.00 0.00
30.755	S 13259544 -0.26 0.44 0.00 0.00 HOLD
30.773	>>> V 0.00 0.00
30.774	S 13259564 -0.26 0.44 0.00 0.00 HOLD
30.796	>>> V 0.00 0.00
30.797	S 13259584 -0.26 0.44 0.00 0.00 HOLD
30.813	>>> V 0.00 0.00
30.816	S 13259604 -0.26 0.44 0.00 0.00 HOLD
30.834	>>> V 0.00 0.00
30.834	S 13259624 -0.26 0.44 0.00 0.00 HOLD
30.854	>>> V 0.00 0.00
30.856	S 13259644 -0.26 0.44 0.00 0.00 HOLD
30.873	>>> V 0.00 0.00
30.874	S 13259664 -0.26 0.44 0.00 0.00 HOLD
30.896	>>> V 0.00 0.00
30.897	S 13259684 -0.26 0.44 0.00 0.00 HOLD
30.913	>>> V 0.00 0.00
30.913	S 13259704 -0.18 0.44 0.00 0.00 HOLD
30.935	>>> V 0.00 0.00
30.936	S 13259724 -0.26 0.44 0.00 0.00 HOLD
30.953	>>> V 0.00 0.00
30.954	S 13259744 -0.18 0.44 0.00 0.00 HOLD
30.975	>>> V 0.00 0.00
30.976	S 13259764 -0.26 0.44 0.00 0.00 HOLD
30.993	>>> V 0.00 0.00
30.994	S 13259784 -0.26 0.44 0.00 0.00 HOLD
31.015	>>> V 0.00 0.00
31.016	S 13259804 -0.26 0.44 0.00 0.00 HOLD
31.035	>>> V 0.00 0.00
31.036	S 13259824 -0.18 0.44 0.00 0.00 HOLD
31.054	>>> V 0.00 0.00
31.056	S 13259844 -0.26 0.44 0.00 0.00 HOLD
31.074	>>> V 0.00 0.00
31.075	S 13259864 -0.26 0.44 0.00 0.00 HOLD
31.094	>>> V 0.00 0.00
31.094	S 13259884 -0.26 0.44 0.00 0.00 HOLD
31.116	>>> V 0.00 0.00
31.116	S 13259904 -0.26 0.44 0.00 0.00 HOLD
31.133	>>> V 0.00 0.00
31.134	S 13259924 -0.26 0.44 0.00 0.00 HOLD
31.156	>>> V 0.00 0.00
31.157	S 13259944 -0.26 0.44 0.00 0.00 HOLD
31.174	>>> V 0.00 0.00
31.174	S 13259964 -0.18 0.44 0.00 0.00 HOLD
31.194	>>> V 0.00 0.00
31.195	S 13259984 -0.26 0.44 0.00 0.00 HOLD
31.213	>>> V 0.00 0.00
31.215	S 13260004 -0.26 0.44 0.00 0.00 HOLD
31.234	>>> V 0.00 0.00
31.234	S 13260024 -0.18 0.44 0.00 0.00 HOLD
31.254	>>> V 0.00 0.00
31.255	S 13260044 -0.26 0.44 0.00 0.00 HOLD
31.274	>>> V 0.00 0.00
31.275	S 13260064 -0.26 0.44 0.00 0.00 HOLD
31.295	>>> V 0.00 0.00
31.295	S 13260084 -0.18 0.44 0.00 0.00 HOLD
31.314	>>> V 0.00 0.00
31.315	S 13260104 -0.26 0.44 0.00 0.00 HOLD
31.333	>>> V 0.00 0.00
31.334	S 13260124 -0.18 0.44 0.00 0.00 HOLD
31.354	>>> V 0.00 0.00
31.355	S 13260144 -0.26 0.44 0.00 0.00 HOLD
31.374	>>> V 0.00 0.00
31.374	S 13260164 -0.26 0.44 0.00 0.00 HOLD
31.395	>>> V 0.00 0.00
31.396	S 13260184 -0.26 0.44 0.00 0.00 HOLD
31.413	>>> V 0.00 0.00
31.414	S 13260204 -0.18 0.44 0.00 0.00 HOLD
31.434	>>> V 0.00 0.00
31.436	S 13260224 -0.18 0.44 0.00 0.00 HOLD
31.453	>>> V 0.00 0.00
31.455	S 13260244 -0.18 0.44 0.00 0.00 HOLD
31.474	>>> V 0.00 0.00
31.474	S 13260264 -0.26 0.44 0.00 0.00 HOLD
31.494	>>> V 0.00 0.00
31.495	S 13260284 -0.18 0.44 0.00 0.00 HOLD
31.514	>>> V 0.00 0.00
31.514	S 13260304 -0.26 0.44 0.00 0.00 HOLD
31.535	>>> V 0.00 0.00
31.536	S 13260324 -0.18 0.44 0.00 0.00 HOLD
31.554	>>> V 0.00 0.00
31.554	S 13260344 -0.26 0.44 0.00 0.00 HOLD
31.574	>>> V 0.00 0.00
31.575	S 13260364 -0.26 0.44 0.00 0.00 HOLD
31.595	>>> V 0.00 0.00
31.596	S 13260384 -0.26 0.44 0.00 0.00 HOLD
31.614	>>> V 0.00 0.00
31.614	S 13260404 -0.26 0.44 0.00 0.00 HOLD
31.635	>>> V 0.00 0.00
31.635	S 13260424 -0.26 0.44 0.00 0.00 HOLD
31.654	>>> V 0.00 0.00
31.655	S 13260444 -0.26 0.44 0.00 0.00 HOLD
31.675	>>> V 0.00 0.00
31.675	S 13260464 -0.18 0.44 0.00 0.00 HOLD
31.694	>>> V 0.00 0.00
31.698	S 13260484 -0.18 0.44 0.00 0.00 HOLD
31.714	>>> V 0.00 0.00
31.714	S 13260504 -0.26 0.44 0.00 0.00 HOLD
31.736	>>> V 0.00 0.00
31.738	S 13260524 -0.26 0.44 0.00 0.00 HOLD
31.754	>>> V 0.00 0.00
31.754	S 13260544 -0.26 0.44 0.00 0.00 HOLD
31.775	>>> V 0.00 0.00
31.776	S 13260564 -0.26 0.44 0.00 0.00 HOLD
31.794	>>> V 0.00 0.00
31.794	S 13260584 -0.26 0.44 0.00 0.00 HOLD
31.814	>>> V 0.00 0.00
31.814	S 13260604 -0.18 0.44 0.00 0.00 HOLD
31.834	>>> V 0.00 0.00
31.834	S 13260624 -0.18 0.44 0.00 0.00 HOLD
31.854	>>> V 0.00 0.00
31.854	S 13260644 -0.26 0.44 0.00 0.00 HOLD
31.874	>>> V 0.00 0.00
31.875	S 13260664 -0.26 0.44 0.00 0.00 HOLD
31.894	>>> V 0.00 0.00
31.894	S 13260684 -0.18 0.44 0.00 0.00 HOLD
31.914	>>> V 0.00 0.00
31.914	S 13260704 -0.26 0.44 0.00 0.00 HOLD
31.933	>>> V 0.00 0.00
31.934	S 13260724 -0.18 0.44 0.00 0.00 HOLD
31.955	>>> V 0.00 0.00
31.956	S 13260744 -0.26 0.44 0.00 0.00 HOLD
31.975	>>> V 0.00 0.00
31.976	S 13260764 -0.26 0.44 0.00 0.00 HOLD
31.993	>>> V 0.00 0.00
31.993	S 13260784 -0.18 0.44 0.00 0.00 HOLD
32.013	>>> V 0.00 0.00
32.016	S 13260804 -0.26 0.44 0.00 0.00 HOLD
32.034	>>> V 0.00 0.00
32.034	S 13260824 -0.18 0.44 0.00 0.00 HOLD
32.055	>>> V 0.00 0.00
32.055	S 13260844 -0.26 0.44 0.00 0.00 HOLD
32.075	>>> V 0.00 0.00
32.077	S 13260864 -0.26 0.44 0.00 0.00 HOLD
32.095	>>> V 0.00 0.00
32.095	S 13260884 -0.26 0.44 0.00 0.00 HOLD
32.114	>>> V 0.00 0.00
32.114	S 13260904 -0.18 0.44 0.00 0.00 HOLD
32.133	>>> V 0.00 0.00
32.134	S 13260924 -0.26 0.44 0.00 0.00 HOLD
32.154	>>> V 0.00 0.00
32.156	S 13260944 -0.26 0.44 0.00 0.00 HOLD
32.174	>>> V 0.00 0.00
32.174	S 13260964 -0.18 0.44 0.00 0.00 HOLD
32.195	>>> V 0.00 0.00
32.195	S 13260984 -0.18 0.44 0.00 0.00 HOLD
32.214	>>> V 0.00 0.00
32.214	S 13261004 -0.18 0.44 0.00 0.00 HOLD
32.234	>>> V 0.00 0.00
32.234	S 13261024 -0.26 0.44 0.00 0.00 HOLD
32.253	>>> V 0.00 0.00
32.256	S 13261044 -0.18 0.44 0.00 0.00 HOLD
32.275	>>> V 0.00 0.00
32.275	S 13261064 -0.18 0.44 0.00 0.00 HOLD
32.294	>>> V 0.00 0.00
32.295	S 13261084 -0.26 0.44 0.00 0.00 HOLD
32.314	>>> V 0.00 0.00
32.314	S 13261104 -0.26 0.44 0.00 0.00 HOLD
32.335	>>> V 0.00 0.00
32.335	S 13261124 -0.26 0.44 0.00 0.00 HOLD
32.353	>>> V 0.00 0.00
32.356	S 13261144 -0.26 0.44 0.00 0.00 HOLD
32.377	>>> V 0.00 0.00
32.378	S 13261164 -0.26 0.44 0.00 0.00 HOLD
32.395	>>> V 0.00 0.00
32.396	S 13261184 -0.18 0.44 0.00 0.00 HOLD
32.414	>>> V 0.00 0.00
32.414	S 13261204 -0.26 0.44 0.00 0.00 HOLD
32.434	>>> V 0.00 0.00
32.435	S 13261224 -0.26 0.44 0.00 0.00 HOLD
32.454	>>> V 0.00 0.00
32.455	S 13261244 -0.26 0.44 0.00 0.00 HOLD
32.475	>>> V 0.00 0.00
32.476	S 13261264 -0.26 0.44 0.00 0.00 HOLD
32.494	>>> V 0.00 0.00
32.494	S 13261284 -0.26 0.44 0.00 0.00 HOLD
32.514	>>> V 0.00 0.00
32.514	S 13261304 -0.26 0.44 0.00 0.00 HOLD
32.534	>>> V 0.00 0.00
32.535	S 13261324 -0.18 0.44 0.00 0.00 HOLD
32.553	>>> V 0.00 0.00
32.555	S 13261344 -0.26 0.44 0.00 0.00 HOLD
32.574	>>> V 0.00 0.00
32.575	S 13261364 -0.18 0.44 0.00 0.00 HOLD
32.594	>>> V 0.00 0.00
32.597	S 13261384 -0.26 0.44 0.00 0.00 HOLD
32.613	>>> V 0.00 0.00
32.615	S 13261404 -0.18 0.44 0.00 0.00 HOLD
32.634	>>> V 0.00 0.00
32.635	S 13261424 -0.26 0.44 0.00 0.00 HOLD
32.654	>>> V 0.00 0.00
32.655	S 13261444 -0.18 0.44 0.00 0.00 HOLD
32.674	>>> V 0.00 0.00
32.675	S 13261464 -0.18 0.44 0.00 0.00 HOLD
32.694	>>> V 0.00 0.00
32.695	S 13261484 -0.18 0.44 0.00 0.00 HOLD
32.714	>>> V 0.00 0.00
32.714	S 13261504 -0.18 0.44 0.00 0.00 HOLD
32.734	>>> V 0.00 0.00
32.735	S 13261524 -0.26 0.44 0.00 0.00 HOLD
32.755	>>> V 0.00 0.00
32.755	S 13261544 -0.18 0.44 0.00 0.00 HOLD
32.775	>>> V 0.00 0.00
32.776	S 13261564 -0.26 0.44 0.00 0.00 HOLD
32.794	>>> V 0.00 0.00
32.794	S 13261584 -0.26 0.44 0.00 0.00 HOLD
32.814	>>> V 0.00 0.00
32.814	S 13261604 -0.26 0.44 0.00 0.00 HOLD
32.834	>>> V 0.00 0.00
32.834	S 13261624 -0.18 0.44 0.00 0.00 HOLD
32.854	>>> V 0.00 0.00
32.855	S 13261644 -0.26 0.44 0.00 0.00 HOLD
32.875	>>> V 0.00 0.00
32.877	S 13261664 -0.18 0.44 0.00 0.00 HOLD
32.894	>>> V 0.00 0.00
32.896	S 13261684 -0.26 0.44 0.00 0.00 HOLD
32.914	>>> V 0.00 0.00
32.915	S 13261704 -0.26 0.44 0.00 0.00 HOLD
32.934	>>> V 0.00 0.00
32.934	S 13261724 -0.26 0.44 0.00 0.00 HOLD
32.954	>>> V 0.00 0.00
32.955	S 13261744 -0.18 0.44 0.00 0.00 HOLD
32.975	>>> V 0.00 0.00
32.975	S 13261764 -0.18 0.44 0.00 0.00 HOLD
32.994	>>> V 0.00 0.00
32.994	S 13261784 -0.26 0.44 0.00 0.00 HOLD
33.016	>>> V 0.00 0.00
33.017	S 13261804 -0.26 0.44 0.00 0.00 HOLD
33.036	>>> V 0.00 0.00
33.036	S 13261824 -0.18 0.44 0.00 0.00 HOLD
33.053	>>> V 0.00 0.00
33.054	S 13261844 -0.18 0.44 0.00 0.00 HOLD
33.077	>>> V 0.00 0.00
33.077	S 13261864 -0.26 0.44 0.00 0.00 HOLD
33.094	>>> V 0.00 0.00
33.094	S 13261884 -0.18 0.44 0.00 0.00 HOLD
33.115	>>> V 0.00 0.00
33.115	S 13261904 -0.26 0.44 0.00 0.00 HOLD
33.134	>>> V 0.00 0.00
33.134	S 13261924 -0.18 0.44 0.00 0.00 HOLD
33.154	>>> V 0.00 0.00
33.156	S 13261944 -0.18 0.44 0.00 0.00 HOLD
33.173	>>> V 0.00 0.00
33.175	S 13261964 -0.18 0.44 0.00 0.00 HOLD
33.194	>>> V 0.00 0.00
33.194	S 13261984 -0.18 0.44 0.00 0.00 HOLD
33.215	>>> V 0.00 0.00
33.217	S 13262004 -0.18 0.44 0.00 0.00 HOLD
33.236	>>> V 0.00 0.00
33.237	S 13262024 -0.26 0.44 0.00 0.00 HOLD
33.255	>>> V 0.00 0.00
33.256	S 13262044 -0.26 0.44 0.00 0.00 HOLD
33.274	>>> V 0.00 0.00
33.275	S 13262064 -0.26 0.44 0.00 0.00 HOLD
33.295	>>> V 0.00 0.00
33.295	S 13262084 -0.18 0.44 0.00 0.00 HOLD
33.314	>>> V 0.00 0.00
33.315	S 13262104 -0.18 0.44 0.00 0.00 HOLD
33.334	>>> V 0.00 0.00
33.334	S 13262124 -0.26 0.44 0.00 0.00 HOLD
33.354	>>> V 0.00 0.00
33.355	S 13262144 -0.26 0.35 0.00 0.00 HOLD
33.374	>>> V 0.00 0.00
33.375	S 13262164 -0.18 0.44 0.00 0.00 HOLD
33.395	>>> V 0.00 0.00
33.396	S 13262184 -0.18 0.44 0.00 0.00 HOLD
33.414	>>> V 0.00 0.00
33.414	S 13262204 -0.18 0.44 0.00 0.00 HOLD
33.434	>>> V 0.00 0.00
33.434	S 13262224 -0.26 0.44 0.00 0.00 HOLD
33.454	>>> V 0.00 0.00
33.455	S 13262244 -0.26 0.44 0.00 0.00 HOLD
33.475	>>> V 0.00 0.00
33.476	S 13262264 -0.18 0.44 0.00 0.00 HOLD
33.493	>>> V 0.00 0.00
33.494	S 13262284 -0.18 0.44 0.00 0.00 HOLD
33.515	>>> V 0.00 0.00
33.516	S 13262304 -0.26 0.44 0.00 0.00 HOLD
33.533	>>> V 0.00 0.00
33.534	S 13262324 -0.26 0.44 0.00 0.00 HOLD
33.554	>>> V 0.00 0.00
33.555	S 13262344 -0.18 0.44 0.00 0.00 HOLD
33.574	>>> V 0.00 0.00
33.574	S 13262364 -0.26 0.44 0.00 0.00 HOLD
33.595	>>> V 0.00 0.00
33.596	S 13262384 -0.26 0.44 0.00 0.00 HOLD
33.614	>>> V 0.00 0.00
33.614	S 13262404 -0.26 0.44 0.00 0.00 HOLD
33.635	>>> V 0.00 0.00
33.636	S 13262424 -0.26 0.44 0.00 0.00 HOLD
33.654	>>> V 0.00 0.00
33.655	S 13262444 -0.26 0.44 0.00 0.00 HOLD
33.674	>>> V 0.00 0.00
33.674	S 13262464 -0.26 0.44 0.00 0.00 HOLD
33.694	>>> V 0.00 0.00
33.694	S 13262484 -0.26 0.44 0.00 0.00 HOLD
33.716	>>> V 0.00 0.00
33.717	S 13262504 -0.26 0.44 0.00 0.00 HOLD
33.738	>>> V 0.00 0.00
33.741	S 13262524 -0.26 0.44 0.00 0.00 HOLD
33.754	>>> V 0.00 0.00
33.755	S 13262544 -0.26 0.44 0.00 0.00 HOLD
33.774	>>> V 0.00 0.00
33.774	S 13262564 -0.26 0.44 0.00 0.00 HOLD
33.794	>>> V 0.00 0.00
33.796	S 13262584 -0.26 0.44 0.00 0.00 HOLD
33.815	>>> V 0.00 0.00
33.816	S 13262604 -0.26 0.44 0.00 0.00 HOLD
33.835	>>> V 0.00 0.00
33.837	S 13262624 -0.18 0.44 0.00 0.00 HOLD
33.854	>>> V 0.00 0.00
33.855	S 13262644 -0.26 0.44 0.00 0.00 HOLD
33.875	>>> V 0.00 0.00
33.876	S 13262664 -0.26 0.44 0.00 0.00 HOLD
33.894	>>> V 0.00 0.00
33.894	S 13262684 -0.18 0.44 0.00 0.00 HOLD
33.915	>>> V 0.00 0.00
33.916	S 13262704 -0.26 0.44 0.00 0.00 HOLD
33.934	>>> V 0.00 0.00
33.934	S 13262724 -0.26 0.44 0.00 0.00 HOLD
33.954	>>> V 0.00 0.00
33.954	S 13262744 -0.26 0.44 0.00 0.00 HOLD
33.974	>>> V 0.00 0.00
33.975	S 13262764 -0.26 0.44 0.00 0.00 HOLD
33.993	>>> V 0.00 0.00
33.994	S 13262784 -0.18 0.44 0.00 0.00 HOLD
34.013	>>> V 0.00 0.00
34.014	S 13262804 -0.26 0.44 0.00 0.00 HOLD
34.033	>>> V 0.00 0.00
34.034	S 13262824 -0.26 0.44 0.00 0.00 HOLD
34.054	>>> V 0.00 0.00
34.055	S 13262844 -0.26 0.44 0.00 0.00 HOLD
34.073	>>> V 0.00 0.00
34.075	S 13262864 -0.26 0.44 0.00 0.00 HOLD
34.095	>>> V 0.00 0.00
34.095	S 13262884 -0.18 0.44 0.00 0.00 HOLD
34.114	>>> V 0.00 0.00
34.114	S 13262904 -0.26 0.44 0.00 0.00 HOLD
34.137	>>> V 0.00 0.00
34.138	S 13262924 -0.26 0.44 0.00 0.00 HOLD
34.155	>>> V 0.00 0.00
34.156	S 13262944 -0.18 0.44 0.00 0.00 HOLD
34.175	>>> V 0.00 0.00
34.175	S 13262964 -0.26 0.44 0.00 0.00 HOLD
34.194	>>> V 0.00 0.00
34.195	S 13262984 -0.18 0.44 0.00 0.00 HOLD
34.214	>>> V 0.00 0.00
34.215	S 13263004 -0.26 0.44 0.00 0.00 HOLD
34.234	>>> V 0.00 0.00
34.234	S 13263024 -0.18 0.44 0.00 0.00 HOLD
34.254	>>> V 0.00 0.00
34.254	S 13263044 -0.26 0.44 0.00 0.00 HOLD
34.273	>>> V 0.00 0.00
34.274	S 13263064 -0.18 0.44 0.00 0.00 HOLD
34.294	>>> V 0.00 0.00
34.294	S 13263084 -0.26 0.44 0.00 0.00 HOLD
34.313	>>> V 0.00 0.00
34.314	S 13263104 -0.26 0.44 0.00 0.00 HOLD
34.334	>>> V 0.00 0.00
34.334	S 13263124 -0.18 0.44 0.00 0.00 HOLD
34.354	>>> V 0.00 0.00
34.354	S 13263144 -0.26 0.44 0.00 0.00 HOLD
34.375	>>> V 0.00 0.00
34.375	S 13263164 -0.26 0.44 0.00 0.00 HOLD
34.393	>>> V 0.00 0.00
34.394	S 13263184 -0.18 0.44 0.00 0.00 HOLD
34.414	>>> V 0.00 0.00
34.414	S 13263204 -0.18 0.44 0.00 0.00 HOLD
34.433	>>> V 0.00 0.00
34.435	S 13263224 -0.18 0.44 0.00 0.00 HOLD
34.453	>>> V 0.00 0.00
34.454	S 13263244 -0.18 0.44 0.00 0.00 HOLD
34.475	>>> V 0.00 0.00
34.475	S 13263264 -0.26 0.44 0.00 0.00 HOLD
34.494	>>> V 0.00 0.00
34.494	S 13263284 -0.26 0.44 0.00 0.00 HOLD
34.515	>>> V 0.00 0.00
34.515	S 13263304 -0.18 0.44 0.00 0.00 HOLD
34.533	>>> V 0.00 0.00
34.534	S 13263324 -0.18 0.44 0.00 0.00 HOLD
34.554	>>> V 0.00 0.00
34.554	S 13263344 -0.26 0.44 0.00 0.00 HOLD
34.574	>>> V 0.00 0.00
34.574	S 13263364 -0.26 0.44 0.00 0.00 HOLD
34.594	>>> V 0.00 0.00
34.596	S 13263384 -0.26 0.44 0.00 0.00 HOLD
34.613	>>> V 0.00 0.00
34.614	S 13263404 -0.18 0.44 0.00 0.00 HOLD
34.635	>>> V 0.00 0.00
34.637	S 13263424 -0.26 0.44 0.00 0.00 HOLD
34.654	>>> V 0.00 0.00
34.654	S 13263444 -0.26 0.44 0.00 0.00 HOLD
34.675	>>> V 0.00 0.00
34.676	S 13263464 -0.26 0.44 0.00 0.00 HOLD
34.693	>>> V 0.00 0.00
34.694	S 13263484 -0.26 0.44 0.00 0.00 HOLD
34.714	>>> V 0.00 0.00
34.714	S 13263504 -0.18 0.44 0.00 0.00 HOLD
34.734	>>> V 0.00 0.00
34.735	S 13263524 -0.18 0.44 0.00 0.00 HOLD
34.754	>>> V 0.00 0.00
34.757	S 13263544 -0.18 0.35 0.00 0.00 HOLD
34.774	>>> V 0.00 0.00
34.775	S 13263564 -0.26 0.44 0.00 0.00 HOLD
34.794	>>> V 0.00 0.00
34.794	S 13263584 -0.26 0.44 0.00 0.00 HOLD
34.814	>>> V 0.00 0.00
34.814	S 13263604 -0.26 0.44 0.00 0.00 HOLD
34.834	>>> V 0.00 0.00
34.835	S 13263624 -0.18 0.44 0.00 0.00 HOLD
34.854	>>> V 0.00 0.00
34.854	S 13263644 -0.26 0.44 0.00 0.00 HOLD
34.874	>>> V 0.00 0.00
34.876	S 13263664 -0.18 0.44 0.00 0.00 HOLD
34.893	>>> V 0.00 0.00
34.894	S 13263684 -0.18 0.44 0.00 0.00 HOLD
34.914	>>> V 0.00 0.00
34.915	S 13263704 -0.26 0.44 0.00 0.00 HOLD
34.935	>>> V 0.00 0.00
34.937	S 13263724 -0.26 0.44 0.00 0.00 HOLD
34.954	>>> V 0.00 0.00
34.954	S 13263744 -0.26 0.44 0.00 0.00 HOLD
34.974	>>> V 0.00 0.00
34.977	S 13263764 -0.26 0.44 0.00 0.00 HOLD
34.993	>>> V 0.00 0.00
34.994	S 13263784 -0.18 0.44 0.00 0.00 HOLD
35.014	>>> V 0.00 0.00
35.016	S 13263804 -0.18 0.44 0.00 0.00 HOLD
35.033	>>> V 0.00 0.00
35.034	S 13263824 -0.26 0.44 0.00 0.00 HOLD
35.055	>>> V 0.00 0.00
35.056	S 13263844 -0.26 0.44 0.00 0.00 HOLD
35.073	>>> V 0.00 0.00
35.074	S 13263865 -0.26 0.44 0.00 0.00 HOLD
35.094	>>> V 0.00 0.00
35.094	S 13263885 -0.26 0.44 0.00 0.00 HOLD
35.114	>>> V 0.00 0.00
35.115	S 13263905 -0.26 0.44 0.00 0.00 HOLD
35.133	>>> V 0.00 0.00
35.134	S 13263925 -0.18 0.44 0.00 0.00 HOLD
35.154	>>> V 0.00 0.00
35.154	S 13263945 -0.26 0.44 0.00 0.00 HOLD
35.173	>>> V 0.00 0.00
35.176	S 13263965 -0.18 0.44 0.00 0.00 HOLD
35.194	>>> V 0.00 0.00
35.195	S 13263985 -0.26 0.44 0.00 0.00 HOLD
35.214	>>> V 0.00 0.00
35.216	S 13264005 -0.26 0.44 0.00 0.00 HOLD
35.234	>>> V 0.00 0.00
35.234	S 13264025 -0.26 0.44 0.00 0.00 HOLD
35.255	>>> V 0.00 0.00
35.256	S 13264045 -0.26 0.44 0.00 0.00 HOLD
35.274	>>> V 0.00 0.00
35.274	S 13264065 -0.26 0.44 0.00 0.00 HOLD
35.294	>>> V 0.00 0.00
35.295	S 13264085 -0.26 0.44 0.00 0.00 HOLD
35.313	>>> V 0.00 0.00
35.314	S 13264105 -0.26 0.44 0.00 0.00 HOLD
35.334	>>> V 0.00 0.00
35.334	S 13264125 -0.18 0.44 0.00 0.00 HOLD
35.353	>>> V 0.00 0.00
35.354	S 13264145 -0.26 0.44 0.00 0.00 HOLD
35.375	>>> V 0.00 0.00
35.376	S 13264165 -0.26 0.35 0.00 0.00 HOLD
35.394	>>> V 0.00 0.00
35.395	S 13264185 -0.26 0.44 0.00 0.00 HOLD
35.415	>>> V 0.00 0.00
35.415	S 13264205 -0.26 0.44 0.00 0.00 HOLD
35.434	>>> V 0.00 0.00
35.435	S 13264225 -0.18 0.44 0.00 0.00 HOLD
35.454	>>> V 0.00 0.00
35.455	S 13264245 -0.26 0.44 0.00 0.00 HOLD
35.474	>>> V 0.00 0.00
35.475	S 13264265 -0.26 0.44 0.00 0.00 HOLD
35.493	>>> V 0.00 0.00
35.495	S 13264285 -0.18 0.44 0.00 0.00 HOLD
35.514	>>> V 0.00 0.00
35.514	S 13264305 -0.26 0.44 0.00 0.00 HOLD
35.533	>>> V 0.00 0.00
35.534	S 13264325 -0.26 0.44 0.00 0.00 HOLD
35.554	>>> V 0.00 0.00
35.554	S 13264345 -0.18 0.44 0.00 0.00 HOLD
35.574	>>> V 0.00 0.00
35.574	S 13264365 -0.26 0.44 0.00 0.00 HOLD
35.595	>>> V 0.00 0.00
35.596	S 13264385 -0.18 0.44 0.00 0.00 HOLD
35.614	>>> V 0.00 0.00
35.614	S 13264405 -0.26 0.44 0.00 0.00 HOLD
35.635	>>> V 0.00 0.00
35.636	S 13264425 -0.18 0.44 0.00 0.00 HOLD
35.654	>>> V 0.00 0.00
35.654	S 13264445 -0.26 0.44 0.00 0.00 HOLD
35.675	>>> V 0.00 0.00
35.675	S 13264465 -0.18 0.44 0.00 0.00 HOLD
35.694	>>> V 0.00 0.00
35.694	S 13264485 -0.18 0.44 0.00 0.00 HOLD
35.713	>>> V 0.00 0.00
35.714	S 13264505 -0.18 0.44 0.00 0.00 HOLD
35.734	>>> V 0.00 0.00
35.735	S 13264525 -0.26 0.44 0.00 0.00 HOLD
35.754	>>> V 0.00 0.00
35.754	S 13264545 -0.18 0.44 0.00 0.00 HOLD
35.775	>>> V 0.00 0.00
35.775	S 13264565 -0.26 0.44 0.00 0.00 HOLD
35.793	>>> V 0.00 0.00
35.794	S 13264585 -0.18 0.44 0.00 0.00 HOLD
35.814	>>> V 0.00 0.00
35.814	S 13264605 -0.26 0.44 0.00 0.00 HOLD
35.835	>>> V 0.00 0.00
35.837	S 13264625 -0.26 0.44 0.00 0.00 HOLD
35.854	>>> V 0.00 0.00
35.854	S 13264645 -0.26 0.44 0.00 0.00 HOLD
35.875	>>> V 0.00 0.00
35.876	S 13264665 -0.26 0.44 0.00 0.00 HOLD
35.894	>>> V 0.00 0.00
35.894	S 13264685 -0.18 0.44 0.00 0.00 HOLD
35.915	>>> V 0.00 0.00
35.915	S 13264705 -0.26 0.44 0.00 0.00 HOLD
35.934	>>> V 0.00 0.00
35.934	S 13264725 -0.26 0.44 0.00 0.00 HOLD
35.954	>>> V 0.00 0.00
35.954	S 13264745 -0.26 0.44 0.00 0.00 HOLD
35.976	>>> V 0.00 0.00
35.978	S 13264765 -0.26 0.44 0.00 0.00 HOLD
35.994	>>> V 0.00 0.00
35.994	S 13264785 -0.26 0.44 0.00 0.00 HOLD
36.014	>>> V 0.00 0.00
36.015	S 13264805 -0.26 0.44 0.00 0.00 HOLD
36.033	>>> V 0.00 0.00
36.034	S 13264825 -0.18 0.44 0.00 0.00 HOLD
36.053	>>> V 0.00 0.00
36.056	S 13264845 -0.18 0.44 0.00 0.00 HOLD
36.075	>>> V 0.00 0.00
36.076	S 13264865 -0.26 0.44 0.00 0.00 HOLD
36.094	>>> V 0.00 0.00
36.095	S 13264885 -0.18 0.44 0.00 0.00 HOLD
36.113	>>> V 0.00 0.00
36.115	S 13264905 -0.18 0.44 0.00 0.00 HOLD
36.137	>>> V 0.00 0.00
36.138	S 13264925 -0.18 0.44 0.00 0.00 HOLD
36.154	>>> V 0.00 0.00
36.155	S 13264945 -0.26 0.44 0.00 0.00 HOLD
36.174	>>> V 0.00 0.00
36.176	S 13264965 -0.26 0.44 0.00 0.00 HOLD
36.193	>>> V 0.00 0.00
36.194	S 13264985 -0.26 0.35 0.00 0.00 HOLD
36.216	>>> V 0.00 0.00
36.216	S 13265005 -0.26 0.44 0.00 0.00 HOLD
36.235	>>> V 0.00 0.00
36.235	S 13265025 -0.18 0.44 0.00 0.00 HOLD
36.254	>>> V 0.00 0.00
36.257	S 13265045 -0.26 0.44 0.00 0.00 HOLD
36.273	>>> V 0.00 0.00
36.276	S 13265065 -0.18 0.44 0.00 0.00 HOLD
36.293	>>> V 0.00 0.00
36.294	S 13265085 -0.18 0.44 0.00 0.00 HOLD
36.314	>>> V 0.00 0.00
36.314	S 13265105 -0.18 0.44 0.00 0.00 HOLD
36.334	>>> V 0.00 0.00
36.334	S 13265125 -0.26 0.44 0.00 0.00 HOLD
36.354	>>> V 0.00 0.00
36.354	S 13265145 -0.18 0.44 0.00 0.00 HOLD
36.377	>>> V 0.00 0.00
36.378	S 13265165 -0.18 0.44 0.00 0.00 HOLD
36.394	>>> V 0.00 0.00
36.395	S 13265185 -0.18 0.44 0.00 0.00 HOLD
36.415	>>> V 0.00 0.00
36.416	S 13265205 -0.18 0.44 0.00 0.00 HOLD
36.434	>>> V 0.00 0.00
36.434	S 13265225 -0.26 0.44 0.00 0.00 HOLD
36.455	>>> V 0.00 0.00
36.455	S 13265245 -0.18 0.44 0.00 0.00 HOLD
36.474	>>> V 0.00 0.00
36.474	S 13265265 -0.18 0.44 0.00 0.00 HOLD
36.493	>>> V 0.00 0.00
36.496	S 13265285 -0.26 0.44 0.00 0.00 HOLD
36.513	>>> V 0.00 0.00
36.514	S 13265305 -0.18 0.44 0.00 0.00 HOLD
36.535	>>> V 0.00 0.00
36.536	S 13265325 -0.26 0.44 0.00 0.00 HOLD
36.554	>>> V 0.00 0.00
36.555	S 13265345 -0.26 0.44 0.00 0.00 HOLD
36.574	>>> V 0.00 0.00
36.575	S 13265365 -0.26 0.44 0.00 0.00 HOLD
36.595	>>> V 0.00 0.00
36.595	S 13265385 -0.26 0.44 0.00 0.00 HOLD
36.614	>>> V 0.00 0.00
36.614	S 13265405 -0.26 0.44 0.00 0.00 HOLD
36.634	>>> V 0.00 0.00
36.635	S 13265425 -0.18 0.44 0.00 0.00 HOLD
36.655	>>> V 0.00 0.00
36.655	S 13265445 -0.26 0.44 0.00 0.00 HOLD
36.675	>>> V 0.00 0.00
36.675	S 13265465 -0.18 0.44 0.00 0.00 HOLD
36.694	>>> V 0.00 0.00
36.694	S 13265485 -0.26 0.44 0.00 0.00 HOLD
36.715	>>> V 0.00 0.00
36.716	S 13265505 -0.26 0.44 0.00 0.00 HOLD
36.733	>>> V 0.00 0.00
36.734	S 13265525 -0.18 0.44 0.00 0.00 HOLD
36.754	>>> V 0.00 0.00
36.755	S 13265545 -0.26 0.44 0.00 0.00 HOLD
36.774	>>> V 0.00 0.00
36.774	S 13265565 -0.18 0.44 0.00 0.00 HOLD
36.797	>>> V 0.00 0.00
36.798	S 13265585 -0.26 0.44 0.00 0.00 HOLD
36.814	>>> V 0.00 0.00
36.815	S 13265605 -0.18 0.44 0.00 0.00 HOLD
36.833	>>> V 0.00 0.00
36.834	S 13265625 -0.26 0.44 0.00 0.00 HOLD
36.856	>>> V 0.00 0.00
36.857	S 13265645 -0.26 0.44 0.00 0.00 HOLD
36.877	>>> V 0.00 0.00
36.877	S 13265665 -0.26 0.44 0.00 0.00 HOLD
36.893	>>> V 0.00 0.00
36.894	S 13265685 -0.18 0.44 0.00 0.00 HOLD
36.914	>>> V 0.00 0.00
36.914	S 13265705 -0.18 0.44 0.00 0.00 HOLD
36.934	>>> V 0.00 0.00
36.934	S 13265725 -0.26 0.44 0.00 0.00 HOLD
36.954	>>> V 0.00 0.00
36.954	S 13265745 -0.26 0.44 0.00 0.00 HOLD
36.974	>>> V 0.00 0.00
36.976	S 13265765 -0.26 0.44 0.00 0.00 HOLD
36.995	>>> V 0.00 0.00
36.995	S 13265785 -0.26 0.44 0.00 0.00 HOLD
37.014	>>> V 0.00 0.00
37.014	S 13265805 -0.18 0.44 0.00 0.00 HOLD
37.034	>>> V 0.00 0.00
37.034	S 13265825 -0.26 0.44 0.00 0.00 HOLD
37.053	>>> V 0.00 0.00
37.054	S 13265845 -0.18 0.44 0.00 0.00 HOLD
37.074	>>> V 0.00 0.00
37.074	S 13265865 -0.18 0.44 0.00 0.00 HOLD
37.094	>>> V 0.00 0.00
37.094	S 13265885 -0.26 0.44 0.00 0.00 HOLD
37.113	>>> V 0.00 0.00
37.114	S 13265905 -0.26 0.44 0.00 0.00 HOLD
37.133	>>> V 0.00 0.00
37.134	S 13265925 -0.26 0.35 0.00 0.00 HOLD
37.154	>>> V 0.00 0.00
37.154	S 13265945 -0.26 0.44 0.00 0.00 HOLD
37.174	>>> V 0.00 0.00
37.174	S 13265965 -0.26 0.44 0.00 0.00 HOLD
37.194	>>> V 0.00 0.00
37.194	S 13265985 -0.18 0.44 0.00 0.00 HOLD
37.214	>>> V 0.00 0.00
37.214	S 13266005 -0.26 0.44 0.00 0.00 HOLD
37.234	>>> V 0.00 0.00
37.234	S 13266025 -0.18 0.44 0.00 0.00 HOLD
37.254	>>> V 0.00 0.00
37.254	S 13266045 -0.26 0.44 0.00 0.00 HOLD
37.273	>>> V 0.00 0.00
37.274	S 13266065 -0.26 0.44 0.00 0.00 HOLD
37.295	>>> V 0.00 0.00
37.296	S 13266085 -0.26 0.44 0.00 0.00 HOLD
37.314	>>> V 0.00 0.00
37.314	S 13266105 -0.18 0.44 0.00 0.00 HOLD
37.334	>>> V 0.00 0.00
37.335	S 13266125 -0.18 0.44 0.00 0.00 HOLD
37.353	>>> V 0.00 0.00
37.355	S 13266145 -0.26 0.44 0.00 0.00 HOLD
37.374	>>> V 0.00 0.00
37.375	S 13266165 -0.26 0.44 0.00 0.00 HOLD
37.393	>>> V 0.00 0.00
37.394	S 13266185 -0.26 0.44 0.00 0.00 HOLD
37.415	>>> V 0.00 0.00
37.416	S 13266205 -0.26 0.44 0.00 0.00 HOLD
37.433	>>> V 0.00 0.00
37.434	S 13266225 -0.26 0.44 0.00 0.00 HOLD
37.455	>>> V 0.00 0.00
37.456	S 13266245 -0.26 0.44 0.00 0.00 HOLD
37.474	>>> V 0.00 0.00
37.475	S 13266265 -0.26 0.44 0.00 0.00 HOLD
37.496	>>> V 0.00 0.00
37.498	S 13266285 -0.26 0.44 0.00 0.00 HOLD
37.513	>>> V 0.00 0.00
37.516	S 13266305 -0.26 0.44 0.00 0.00 HOLD
37.534	>>> V 0.00 0.00
37.534	S 13266325 -0.26 0.44 0.00 0.00 HOLD
37.553	>>> V 0.00 0.00
37.554	S 13266345 -0.26 0.44 0.00 0.00 HOLD
37.574	>>> V 0.00 0.00
37.574	S 13266365 -0.26 0.44 0.00 0.00 HOLD
37.595	>>> V 0.00 0.00
37.597	S 13266385 -0.26 0.44 0.00 0.00 HOLD
37.614	>>> V 0.00 0.00
37.614	S 13266405 -0.26 0.44 0.00 0.00 HOLD
37.634	>>> V 0.00 0.00
37.635	S 13266425 -0.26 0.44 0.00 0.00 HOLD
37.655	>>> V 0.00 0.00
37.655	S 13266445 -0.26 0.44 0.00 0.00 HOLD
37.674	>>> V 0.00 0.00
37.675	S 13266465 -0.26 0.44 0.00 0.00 HOLD
37.694	>>> V 0.00 0.00
37.694	S 13266485 -0.26 0.44 0.00 0.00 HOLD
37.715	>>> V 0.00 0.00
37.716	S 13266505 -0.18 0.44 0.00 0.00 HOLD
37.733	>>> V 0.00 0.00
37.736	S 13266525 -0.26 0.44 0.00 0.00 HOLD
37.754	>>> V 0.00 0.00
37.755	S 13266545 -0.18 0.44 0.00 0.00 HOLD
37.774	>>> V 0.00 0.00
37.775	S 13266565 -0.26 0.44 0.00 0.00 HOLD
37.794	>>> V 0.00 0.00
37.794	S 13266585 -0.26 0.44 0.00 0.00 HOLD
37.814	>>> V 0.00 0.00
37.815	S 13266605 -0.26 0.35 0.00 0.00 HOLD
37.834	>>> V 0.00 0.00
37.834	S 13266625 -0.26 0.44 0.00 0.00 HOLD
37.855	>>> V 0.00 0.00
37.856	S 13266645 -0.18 0.44 0.00 0.00 HOLD
37.874	>>> V 0.00 0.00
37.875	S 13266665 -0.26 0.44 0.00 0.00 HOLD
37.895	>>> V 0.00 0.00
37.895	S 13266685 -0.26 0.44 0.00 0.00 HOLD
37.913	>>> V 0.00 0.00
37.914	S 13266705 -0.26 0.44 0.00 0.00 HOLD
37.933	>>> V 0.00 0.00
37.934	S 13266725 -0.18 0.44 0.00 0.00 HOLD
37.953	>>> V 0.00 0.00
37.955	S 13266745 -0.18 0.44 0.00 0.00 HOLD
37.974	>>> V 0.00 0.00
37.974	S 13266765 -0.26 0.44 0.00 0.00 HOLD
37.993	>>> V 0.00 0.00
37.993	S 13266785 -0.26 0.44 0.00 0.00 HOLD
38.014	>>> V 0.00 0.00
38.014	S 13266805 -0.18 0.44 0.00 0.00 HOLD
38.034	>>> V 0.00 0.00
38.034	S 13266825 -0.26 0.44 0.00 0.00 HOLD
38.053	>>> V 0.00 0.00
38.054	S 13266845 -0.26 0.44 0.00 0.00 HOLD
38.073	>>> V 0.00 0.00
38.074	S 13266865 -0.18 0.44 0.00 0.00 HOLD
38.094	>>> V 0.00 0.00
38.094	S 13266885 -0.26 0.44 0.00 0.00 HOLD
38.113	>>> V 0.00 0.00
38.114	S 13266905 -0.18 0.44 0.00 0.00 HOLD
38.134	>>> V 0.00 0.00
38.135	S 13266925 -0.26 0.44 0.00 0.00 HOLD
38.153	>>> V 0.00 0.00
38.154	S 13266945 -0.18 0.44 0.00 0.00 HOLD
38.174	>>> V 0.00 0.00
38.174	S 13266965 -0.26 0.44 0.00 0.00 HOLD
38.194	>>> V 0.00 0.00
38.196	S 13266985 -0.26 0.44 0.00 0.00 HOLD
38.213	>>> V 0.00 0.00
38.213	S 13267005 -0.26 0.44 0.00 0.00 HOLD
38.234	>>> V 0.00 0.00
38.235	S 13267025 -0.26 0.44 0.00 0.00 HOLD
38.253	>>> V 0.00 0.00
38.254	S 13267045 -0.26 0.44 0.00 0.00 HOLD
38.274	>>> V 0.00 0.00
38.275	S 13267065 -0.18 0.44 0.00 0.00 HOLD
38.293	>>> V 0.00 0.00
38.294	S 13267085 -0.26 0.44 0.00 0.00 HOLD
38.315	>>> V 0.00 0.00
38.316	S 13267105 -0.18 0.44 0.00 0.00 HOLD
38.334	>>> V 0.00 0.00
38.334	S 13267125 -0.26 0.44 0.00 0.00 HOLD
38.355	>>> V 0.00 0.00
38.356	S 13267145 -0.26 0.44 0.00 0.00 HOLD
38.374	>>> V 0.00 0.00
38.374	S 13267165 -0.26 0.44 0.00 0.00 HOLD
38.395	>>> V 0.00 0.00
38.396	S 13267185 -0.26 0.44 0.00 0.00 HOLD
38.414	>>> V 0.00 0.00
38.414	S 13267205 -0.18 0.44 0.00 0.00 HOLD
38.435	>>> V 0.00 0.00
38.435	S 13267225 -0.26 0.44 0.00 0.00 HOLD
38.454	>>> V 0.00 0.00
38.454	S 13267245 -0.18 0.44 0.00 0.00 HOLD
38.475	>>> V 0.00 0.00
38.476	S 13267265 -0.26 0.44 0.00 0.00 HOLD
38.494	>>> V 0.00 0.00
38.494	S 13267285 -0.18 0.44 0.00 0.00 HOLD
38.515	>>> V 0.00 0.00
38.516	S 13267305 -0.26 0.44 0.00 0.00 HOLD
38.533	>>> V 0.00 0.00
38.534	S 13267325 -0.26 0.44 0.00 0.00 HOLD
38.555	>>> V 0.00 0.00
38.558	S 13267345 -0.26 0.44 0.00 0.00 HOLD
38.573	>>> V 0.00 0.00
38.573	S 13267365 -0.26 0.44 0.00 0.00 HOLD
38.595	>>> V 0.00 0.00
38.595	S 13267385 -0.18 0.44 0.00 0.00 HOLD
38.613	>>> V 0.00 0.00
38.614	S 13267405 -0.26 0.44 0.00 0.00 HOLD
38.634	>>> V 0.00 0.00
38.635	S 13267425 -0.26 0.44 0.00 0.00 HOLD
38.653	>>> V 0.00 0.00
38.654	S 13267445 -0.26 0.44 0.00 0.00 HOLD
38.674	>>> V 0.00 0.00
38.674	S 13267465 -0.26 0.44 0.00 0.00 HOLD
38.693	>>> V 0.00 0.00
38.694	S 13267485 -0.18 0.44 0.00 0.00 HOLD
38.715	>>> V 0.00 0.00
38.716	S 13267505 -0.18 0.44 0.00 0.00 HOLD
38.733	>>> V 0.00 0.00
38.735	S 13267525 -0.18 0.44 0.00 0.00 HOLD
38.754	>>> V 0.00 0.00
38.755	S 13267545 -0.26 0.44 0.00 0.00 HOLD
38.774	>>> V 0.00 0.00
38.775	S 13267565 -0.26 0.44 0.00 0.00 HOLD
38.795	>>> V 0.00 0.00
38.795	S 13267585 -0.26 0.44 0.00 0.00 HOLD
38.814	>>> V 0.00 0.00
38.816	S 13267605 -0.26 0.44 0.00 0.00 HOLD
38.834	>>> V 0.00 0.00
38.835	S 13267625 -0.26 0.44 0.00 0.00 HOLD
38.853	>>> V 0.00 0.00
38.854	S 13267645 -0.26 0.44 0.00 0.00 HOLD
38.874	>>> V 0.00 0.00
38.875	S 13267665 -0.26 0.44 0.00 0.00 HOLD
38.895	>>> V 0.00 0.00
38.895	S 13267685 -0.26 0.44 0.00 0.00 HOLD
38.914	>>> V 0.00 0.00
38.914	S 13267705 -0.26 0.44 0.00 0.00 HOLD
38.933	>>> V 0.00 0.00
38.934	S 13267725 -0.26 0.44 0.00 0.00 HOLD
38.954	>>> V 0.00 0.00
38.954	S 13267745 -0.18 0.44 0.00 0.00 HOLD
38.974	>>> V 0.00 0.00
38.974	S 13267765 -0.26 0.44 0.00 0.00 HOLD
38.994	>>> V 0.00 0.00
38.995	S 13267785 -0.18 0.44 0.00 0.00 HOLD
39.014	>>> V 0.00 0.00
39.015	S 13267805 -0.18 0.44 0.00 0.00 HOLD
39.034	>>> V 0.00 0.00
39.034	S 13267825 -0.18 0.44 0.00 0.00 HOLD
39.054	>>> V 0.00 0.00
39.054	S 13267845 -0.26 0.44 0.00 0.00 HOLD
39.074	>>> V 0.00 0.00
39.075	S 13267865 -0.26 0.44 0.00 0.00 HOLD
39.094	>>> V 0.00 0.00
39.094	S 13267885 -0.18 0.44 0.00 0.00 HOLD
39.116	>>> V 0.00 0.00
39.116	S 13267905 -0.26 0.44 0.00 0.00 HOLD
39.133	>>> V 0.00 0.00
39.134	S 13267925 -0.26 0.44 0.00 0.00 HOLD
39.154	>>> V 0.00 0.00
39.154	S 13267945 -0.18 0.44 0.00 0.00 HOLD
39.175	>>> V 0.00 0.00
39.177	S 13267965 -0.26 0.44 0.00 0.00 HOLD
39.193	>>> V 0.00 0.00
39.194	S 13267985 -0.18 0.44 0.00 0.00 HOLD
39.214	>>> V 0.00 0.00
39.215	S 13268005 -0.26 0.44 0.00 0.00 HOLD
39.234	>>> V 0.00 0.00
39.234	S 13268025 -0.26 0.44 0.00 0.00 HOLD
39.254	>>> V 0.00 0.00
39.255	S 13268045 -0.26 0.44 0.00 0.00 HOLD
39.274	>>> V 0.00 0.00
39.274	S 13268065 -0.26 0.44 0.00 0.00 HOLD
39.294	>>> V 0.00 0.00
39.295	S 13268085 -0.26 0.44 0.00 0.00 HOLD
39.314	>>> V 0.00 0.00
39.314	S 13268105 -0.26 0.44 0.00 0.00 HOLD
39.334	>>> V 0.00 0.00
39.334	S 13268125 -0.26 0.44 0.00 0.00 HOLD
39.353	>>> V 0.00 0.00
39.354	S 13268145 -0.26 0.44 0.00 0.00 HOLD
39.373	>>> V 0.00 0.00
39.374	S 13268165 -0.18 0.44 0.00 0.00 HOLD
39.394	>>> V 0.00 0.00
39.394	S 13268185 -0.26 0.44 0.00 0.00 HOLD
39.414	>>> V 0.00 0.00
39.414	S 13268205 -0.18 0.44 0.00 0.00 HOLD
39.434	>>> V 0.00 0.00
39.435	S 13268225 -0.26 0.44 0.00 0.00 HOLD
39.453	>>> V 0.00 0.00
39.454	S 13268245 -0.26 0.44 0.00 0.00 HOLD
39.475	>>> V 0.00 0.00
39.475	S 13268265 -0.26 0.44 0.00 0.00 HOLD
39.493	>>> V 0.00 0.00
39.494	S 13268285 -0.26 0.44 0.00 0.00 HOLD
39.516	>>> V 0.00 0.00
39.517	S 13268305 -0.18 0.44 0.00 0.00 HOLD
39.533	>>> V 0.00 0.00
39.534	S 13268325 -0.26 0.35 0.00 0.00 HOLD
39.555	>>> V 0.00 0.00
39.556	S 13268345 -0.26 0.44 0.00 0.00 HOLD
39.573	>>> V 0.00 0.00
39.574	S 13268365 -0.26 0.44 0.00 0.00 HOLD
39.595	>>> V 0.00 0.00
39.595	S 13268385 -0.26 0.44 0.00 0.00 HOLD
39.614	>>> V 0.00 0.00
39.615	S 13268405 -0.26 0.44 0.00 0.00 HOLD
39.634	>>> V 0.00 0.00
39.634	S 13268425 -0.18 0.44 0.00 0.00 HOLD
39.659	>>> V 0.00 0.00
39.660	S 13268445 -0.26 0.44 0.00 0.00 HOLD
39.675	>>> V 0.00 0.00
39.675	S 13268465 -0.18 0.44 0.00 0.00 HOLD
39.694	>>> V 0.00 0.00
39.694	S 13268485 -0.26 0.44 0.00 0.00 HOLD
39.714	>>> V 0.00 0.00
39.714	S 13268505 -0.26 0.44 0.00 0.00 HOLD
39.734	>>> V 0.00 0.00
39.734	S 13268525 -0.18 0.44 0.00 0.00 HOLD
39.753	>>> V 0.00 0.00
39.754	S 13268545 -0.26 0.44 0.00 0.00 HOLD
39.775	>>> V 0.00 0.00
39.776	S 13268565 -0.26 0.35 0.00 0.00 HOLD
39.793	>>> V 0.00 0.00
39.796	S 13268585 -0.26 0.44 0.00 0.00 HOLD
39.817	>>> V 0.00 0.00
39.818	S 13268605 -0.26 0.44 0.00 0.00 HOLD
39.834	>>> V 0.00 0.00
39.834	S 13268625 -0.26 0.44 0.00 0.00 HOLD
39.856	>>> V 0.00 0.00
39.856	S 13268645 -0.18 0.44 0.00 0.00 HOLD
39.874	>>> V 0.00 0.00
39.877	S 13268665 -0.26 0.44 0.00 0.00 HOLD
39.894	>>> V 0.00 0.00
39.895	S 13268685 -0.26 0.44 0.00 0.00 HOLD
39.914	>>> V 0.00 0.00
39.915	S 13268705 -0.26 0.44 0.00 0.00 HOLD
39.933	>>> V 0.00 0.00
39.934	S 13268725 -0.26 0.44 0.00 0.00 HOLD
39.954	>>> V 0.00 0.00
39.955	S 13268745 -0.26 0.44 0.00 0.00 HOLD
39.974	>>> V 0.00 0.00
39.976	S 13268765 -0.26 0.44 0.00 0.00 HOLD
39.994	>>> V 0.00 0.00
39.994	S 13268785 -0.18 0.44 0.00 0.00 HOLD
40.013	>>> V 0.00 0.00
40.015	S 13268805 -0.26 0.44 0.00 0.00 HOLD
40.033	>>> V 0.00 0.00
40.034	S 13268825 -0.18 0.44 0.00 0.00 HOLD
40.056	>>> V 0.00 0.00
40.057	S 13268845 -0.18 0.44 0.00 0.00 HOLD
40.073	>>> V 0.00 0.00
40.073	S 13268865 -0.26 0.44 0.00 0.00 HOLD
40.093	>>> V 0.00 0.00
40.095	S 13268885 -0.26 0.44 0.00 0.00 HOLD
40.113	>>> V 0.00 0.00
40.114	S 13268905 -0.26 0.44 0.00 0.00 HOLD
40.134	>>> V 0.00 0.00
40.135	S 13268925 -0.18 0.44 0.00 0.00 HOLD
40.153	>>> V 0.00 0.00
40.154	S 13268945 -0.26 0.44 0.00 0.00 HOLD
40.173	>>> V 0.00 0.00
40.174	S 13268965 -0.26 0.44 0.00 0.00 HOLD
40.194	>>> V 0.00 0.00
40.195	S 13268985 -0.18 0.44 0.00 0.00 HOLD
40.213	>>> V 0.00 0.00
40.214	S 13269005 -0.26 0.44 0.00 0.00 HOLD
40.233	>>> V 0.00 0.00
40.234	S 13269025 -0.26 0.44 0.00 0.00 HOLD
40.254	>>> V 0.00 0.00
40.255	S 13269045 -0.18 0.44 0.00 0.00 HOLD
40.274	>>> V 0.00 0.00
40.275	S 13269065 -0.26 0.44 0.00 0.00 HOLD
40.295	>>> V 0.00 0.00
40.296	S 13269085 -0.26 0.44 0.00 0.00 HOLD
40.313	>>> V 0.00 0.00
40.314	S 13269105 -0.26 0.44 0.00 0.00 HOLD
40.335	>>> V 0.00 0.00
40.338	S 13269125 -0.26 0.44 0.00 0.00 HOLD
40.353	>>> V 0.00 0.00
40.354	S 13269145 -0.26 0.44 0.00 0.00 HOLD
40.377	>>> V 0.00 0.00
40.377	S 13269165 -0.26 0.44 0.00 0.00 HOLD
40.394	>>> V 0.00 0.00
40.396	S 13269185 -0.26 0.44 0.00 0.00 HOLD
40.415	>>> V 0.00 0.00
40.416	S 13269205 -0.26 0.44 0.00 0.00 HOLD
40.433	>>> V 0.00 0.00
40.434	S 13269225 -0.26 0.44 0.00 0.00 HOLD
40.455	>>> V 0.00 0.00
40.456	S 13269245 -0.26 0.44 0.00 0.00 HOLD
40.473	>>> V 0.00 0.00
40.474	S 13269265 -0.18 0.44 0.00 0.00 HOLD
40.494	>>> V 0.00 0.00
40.496	S 13269285 -0.26 0.44 0.00 0.00 HOLD
40.513	>>> V 0.00 0.00
40.514	S 13269305 -0.18 0.44 0.00 0.00 HOLD
40.534	>>> V 0.00 0.00
40.536	S 13269325 -0.26 0.44 0.00 0.00 HOLD
40.553	>>> V 0.00 0.00
40.554	S 13269345 -0.26 0.44 0.00 0.00 HOLD
40.575	>>> V 0.00 0.00
40.575	S 13269365 -0.26 0.44 0.00 0.00 HOLD
40.593	>>> V 0.00 0.00
40.594	S 13269385 -0.18 0.44 0.00 0.00 HOLD
40.615	>>> V 0.00 0.00
40.615	S 13269405 -0.18 0.44 0.00 0.00 HOLD
40.633	>>> V 0.00 0.00
40.634	S 13269425 -0.26 0.44 0.00 0.00 HOLD
40.654	>>> V 0.00 0.00
40.655	S 13269445 -0.18 0.44 0.00 0.00 HOLD
40.673	>>> V 0.00 0.00
40.674	S 13269465 -0.18 0.44 0.00 0.00 HOLD
40.694	>>> V 0.00 0.00
40.697	S 13269485 -0.18 0.44 0.00 0.00 HOLD
40.714	>>> V 0.00 0.00
40.715	S 13269505 -0.26 0.44 0.00 0.00 HOLD
40.734	>>> V 0.00 0.00
40.735	S 13269525 -0.26 0.44 0.00 0.00 HOLD
40.754	>>> V 0.00 0.00
40.755	S 13269545 -0.26 0.44 0.00 0.00 HOLD
40.773	>>> V 0.00 0.00
40.775	S 13269565 -0.26 0.44 0.00 0.00 HOLD
40.795	>>> V 0.00 0.00
40.797	S 13269585 -0.18 0.44 0.00 0.00 HOLD
40.813	>>> V 0.00 0.00
40.814	S 13269605 -0.18 0.44 0.00 0.00 HOLD
40.836	>>> V 0.00 0.00
40.837	S 13269625 -0.18 0.44 0.00 0.00 HOLD
40.853	>>> V 0.00 0.00
40.854	S 13269645 -0.18 0.44 0.00 0.00 HOLD
40.876	>>> V 0.00 0.00
40.876	S 13269665 -0.26 0.44 0.00 0.00 HOLD
40.894	>>> V 0.00 0.00
40.896	S 13269685 -0.18 0.44 0.00 0.00 HOLD
40.916	>>> V 0.00 0.00
40.916	S 13269705 -0.18 0.44 0.00 0.00 HOLD
40.934	>>> V 0.00 0.00
40.935	S 13269725 -0.26 0.44 0.00 0.00 HOLD
40.953	>>> V 0.00 0.00
40.954	S 13269745 -0.26 0.44 0.00 0.00 HOLD
40.973	>>> V 0.00 0.00
40.974	S 13269765 -0.18 0.44 0.00 0.00 HOLD
40.994	>>> V 0.00 0.00
40.994	S 13269785 -0.26 0.44 0.00 0.00 HOLD
41.015	>>> V 0.00 0.00
41.016	S 13269805 -0.26 0.44 0.00 0.00 HOLD
41.034	>>> V 0.00 0.00
41.034	S 13269825 -0.26 0.44 0.00 0.00 HOLD
41.053	>>> V 0.00 0.00
41.054	S 13269845 -0.26 0.44 0.00 0.00 HOLD
41.076	>>> V 0.00 0.00
41.078	S 13269865 -0.26 0.44 0.00 0.00 HOLD
41.094	>>> V 0.00 0.00
41.116	>>> V 0.00 0.00
41.116	S 13269885 -0.26 0.44 0.00 0.00 HOLD
41.117	S 13269905 -0.18 0.44 0.00 0.00 HOLD
41.133	>>> V 0.00 0.00
41.134	S 13269925 -0.26 0.44 0.00 0.00 HOLD
41.154	>>> V 0.00 0.00
41.154	S 13269945 -0.26 0.44 0.00 0.00 HOLD
41.173	>>> V 0.00 0.00
41.174	S 13269965 -0.26 0.44 0.00 0.00 HOLD
41.194	>>> V 0.00 0.00
41.194	S 13269985 -0.26 0.44 0.00 0.00 HOLD
41.214	>>> V 0.00 0.00
41.214	S 13270005 -0.18 0.44 0.00 0.00 HOLD
41.233	>>> V 0.00 0.00
41.234	S 13270025 -0.26 0.44 0.00 0.00 HOLD
41.253	>>> V 0.00 0.00
41.254	S 13270045 -0.18 0.44 0.00 0.00 HOLD
41.275	>>> V 0.00 0.00
41.275	S 13270065 -0.26 0.44 0.00 0.00 HOLD
41.293	>>> V 0.00 0.00
41.294	S 13270085 -0.26 0.44 0.00 0.00 HOLD
41.315	>>> V 0.00 0.00
41.315	S 13270105 -0.26 0.44 0.00 0.00 HOLD
41.334	>>> V 0.00 0.00
41.335	S 13270125 -0.26 0.44 0.00 0.00 HOLD
41.355	>>> V 0.00 0.00
41.355	S 13270145 -0.26 0.44 0.00 0.00 HOLD
41.375	>>> V 0.00 0.00
41.375	S 13270165 -0.26 0.44 0.00 0.00 HOLD
41.393	>>> V 0.00 0.00
41.395	S 13270185 -0.26 0.44 0.00 0.00 HOLD
41.414	>>> V 0.00 0.00
41.414	S 13270205 -0.26 0.44 0.00 0.00 HOLD
41.434	>>> V 0.00 0.00
41.435	S 13270225 -0.26 0.44 0.00 0.00 HOLD
41.453	>>> V 0.00 0.00
41.454	S 13270245 -0.26 0.44 0.00 0.00 HOLD
41.474	>>> V 0.00 0.00
41.475	S 13270265 -0.18 0.44 0.00 0.00 HOLD
41.494	>>> V 0.00 0.00
41.494	S 13270285 -0.18 0.44 0.00 0.00 HOLD
41.514	>>> V 0.00 0.00
41.515	S 13270305 -0.18 0.44 0.00 0.00 HOLD
41.533	>>> V 0.00 0.00
41.534	S 13270325 -0.18 0.44 0.00 0.00 HOLD
41.554	>>> V 0.00 0.00
41.555	S 13270345 -0.26 0.44 0.00 0.00 HOLD
41.574	>>> V 0.00 0.00
41.575	S 13270365 -0.26 0.44 0.00 0.00 HOLD
41.595	>>> V 0.00 0.00
41.596	S 13270385 -0.26 0.44 0.00 0.00 HOLD
41.613	>>> V 0.00 0.00
41.614	S 13270405 -0.18 0.44 0.00 0.00 HOLD
41.636	>>> V 0.00 0.00
41.636	S 13270425 -0.26 0.44 0.00 0.00 HOLD
41.654	>>> V 0.00 0.00
41.655	S 13270445 -0.18 0.44 0.00 0.00 HOLD
41.674	>>> V 0.00 0.00
41.675	S 13270465 -0.18 0.44 0.00 0.00 HOLD
41.694	>>> V 0.00 0.00
41.694	S 13270485 -0.26 0.44 0.00 0.00 HOLD
41.716	>>> V 0.00 0.00
41.716	S 13270505 -0.26 0.44 0.00 0.00 HOLD
41.734	>>> V 0.00 0.00
41.735	S 13270525 -0.26 0.44 0.00 0.00 HOLD
41.755	>>> V 0.00 0.00
41.756	S 13270545 -0.18 0.44 0.00 0.00 HOLD
41.775	>>> V 0.00 0.00
41.776	S 13270565 -0.18 0.44 0.00 0.00 HOLD
41.793	>>> V 0.00 0.00
41.794	S 13270585 -0.18 0.44 0.00 0.00 HOLD
41.814	>>> V 0.00 0.00
41.814	S 13270605 -0.26 0.44 0.00 0.00 HOLD
41.834	>>> V 0.00 0.00
41.835	S 13270625 -0.26 0.44 0.00 0.00 HOLD
41.854	>>> V 0.00 0.00
41.855	S 13270645 -0.26 0.44 0.00 0.00 HOLD
41.874	>>> V 0.00 0.00
41.874	S 13270665 -0.26 0.44 0.00 0.00 HOLD
41.893	>>> V 0.00 0.00
41.894	S 13270685 -0.26 0.44 0.00 0.00 HOLD
41.914	>>> V 0.00 0.00
41.916	S 13270705 -0.18 0.44 0.00 0.00 HOLD
41.934	>>> V 0.00 0.00
41.934	S 13270725 -0.26 0.44 0.00 0.00 HOLD
41.954	>>> V 0.00 0.00
41.955	S 13270745 -0.18 0.44 0.00 0.00 HOLD
41.974	>>> V 0.00 0.00
41.974	S 13270765 -0.26 0.44 0.00 0.00 HOLD
41.995	>>> V 0.00 0.00
41.996	S 13270785 -0.18 0.44 0.00 0.00 HOLD
42.014	>>> V 0.00 0.00
42.015	S 13270805 -0.26 0.44 0.00 0.00 HOLD
42.034	>>> V 0.00 0.00
42.034	S 13270825 -0.26 0.44 0.00 0.00 HOLD
42.055	>>> V 0.00 0.00
42.055	S 13270845 -0.26 0.44 0.00 0.00 HOLD
42.076	>>> V 0.00 0.00
42.076	S 13270865 -0.26 0.44 0.00 0.00 HOLD
42.093	>>> V 0.00 0.00
42.094	S 13270885 -0.26 0.44 0.00 0.00 HOLD
42.115	>>> V 0.00 0.00
42.116	S 13270905 -0.18 0.44 0.00 0.00 HOLD
42.134	>>> V 0.00 0.00
42.135	S 13270925 -0.26 0.44 0.00 0.00 HOLD
42.154	>>> V 0.00 0.00
42.154	S 13270945 -0.26 0.44 0.00 0.00 HOLD
42.175	>>> V 0.00 0.00
42.175	S 13270965 -0.26 0.44 0.00 0.00 HOLD
42.194	>>> V 0.00 0.00
42.194	S 13270985 -0.26 0.44 0.00 0.00 HOLD
42.215	>>> V 0.00 0.00
42.216	S 13271005 -0.26 0.44 0.00 0.00 HOLD
42.233	>>> V 0.00 0.00
42.234	S 13271025 -0.26 0.44 0.00 0.00 HOLD
42.255	>>> V 0.00 0.00
42.255	S 13271045 -0.26 0.44 0.00 0.00 HOLD
42.273	>>> V 0.00 0.00
42.274	S 13271065 -0.26 0.44 0.00 0.00 HOLD
42.296	>>> V 0.00 0.00
42.297	S 13271085 -0.18 0.44 0.00 0.00 HOLD
42.315	>>> V 0.00 0.00
42.315	S 13271105 -0.18 0.44 0.00 0.00 HOLD
42.333	>>> V 0.00 0.00
42.334	S 13271125 -0.26 0.44 0.00 0.00 HOLD
42.353	>>> V 0.00 0.00
42.355	S 13271145 -0.26 0.44 0.00 0.00 HOLD
42.373	>>> V 0.00 0.00
42.374	S 13271165 -0.18 0.44 0.00 0.00 HOLD
42.395	>>> V 0.00 0.00
42.396	S 13271185 -0.18 0.44 0.00 0.00 HOLD
42.413	>>> V 0.00 0.00
42.414	S 13271205 -0.26 0.44 0.00 0.00 HOLD
42.434	>>> V 0.00 0.00
42.436	S 13271225 -0.26 0.44 0.00 0.00 HOLD
42.454	>>> V 0.00 0.00
42.454	S 13271245 -0.26 0.44 0.00 0.00 HOLD
42.475	>>> V 0.00 0.00
42.476	S 13271265 -0.26 0.44 0.00 0.00 HOLD
42.494	>>> V 0.00 0.00
42.494	S 13271285 -0.26 0.44 0.00 0.00 HOLD
42.514	>>> V 0.00 0.00
42.516	S 13271305 -0.18 0.44 0.00 0.00 HOLD
42.534	>>> V 0.00 0.00
42.534	S 13271325 -0.18 0.44 0.00 0.00 HOLD
42.554	>>> V 0.00 0.00
42.555	S 13271345 -0.18 0.44 0.00 0.00 HOLD
42.573	>>> V 0.00 0.00
42.573	S 13271365 -0.26 0.44 0.00 0.00 HOLD
42.594	>>> V 0.00 0.00
42.594	S 13271385 -0.26 0.44 0.00 0.00 HOLD
42.613	>>> V 0.00 0.00
42.614	S 13271405 -0.18 0.44 0.00 0.00 HOLD
42.633	>>> V 0.00 0.00
42.634	S 13271425 -0.26 0.44 0.00 0.00 HOLD
42.654	>>> V 0.00 0.00
42.654	S 13271446 -0.26 0.44 0.00 0.00 HOLD
42.675	>>> V 0.00 0.00
42.676	S 13271466 -0.26 0.44 0.00 0.00 HOLD
42.693	>>> V 0.00 0.00
42.694	S 13271486 -0.26 0.44 0.00 0.00 HOLD
42.714	>>> V 0.00 0.00
42.716	S 13271506 -0.26 0.44 0.00 0.00 HOLD
42.734	>>> V 0.00 0.00
42.735	S 13271526 -0.26 0.44 0.00 0.00 HOLD
42.754	>>> V 0.00 0.00
42.754	S 13271546 -0.26 0.44 0.00 0.00 HOLD
42.774	>>> V 0.00 0.00
42.776	S 13271566 -0.26 0.35 0.00 0.00 HOLD
42.794	>>> V 0.00 0.00
42.794	S 13271586 -0.26 0.44 0.00 0.00 HOLD
42.814	>>> V 0.00 0.00
42.814	S 13271606 -0.26 0.44 0.00 0.00 HOLD
42.833	>>> V 0.00 0.00
42.834	S 13271626 -0.26 0.44 0.00 0.00 HOLD
42.855	>>> V 0.00 0.00
42.855	S 13271646 -0.18 0.44 0.00 0.00 HOLD
42.875	>>> V 0.00 0.00
42.876	S 13271666 -0.26 0.44 0.00 0.00 HOLD
42.895	>>> V 0.00 0.00
42.896	S 13271686 -0.26 0.44 0.00 0.00 HOLD
42.914	>>> V 0.00 0.00
42.914	S 13271706 -0.26 0.44 0.00 0.00 HOLD
42.933	>>> V 0.00 0.00
42.936	S 13271726 -0.26 0.44 0.00 0.00 HOLD
42.954	>>> V 0.00 0.00
42.955	S 13271746 -0.26 0.44 0.00 0.00 HOLD
42.981	>>> V 0.00 0.00
42.981	S 13271766 -0.26 0.44 0.00 0.00 HOLD
42.995	>>> V 0.00 0.00
42.996	S 13271786 -0.18 0.44 0.00 0.00 HOLD
43.017	>>> V 0.00 0.00
43.018	S 13271806 -0.26 0.44 0.00 0.00 HOLD
43.034	>>> V 0.00 0.00
43.035	S 13271826 -0.26 0.44 0.00 0.00 HOLD
43.054	>>> V 0.00 0.00
43.055	S 13271846 -0.26 0.44 0.00 0.00 HOLD
43.073	>>> V 0.00 0.00
43.074	S 13271866 -0.18 0.44 0.00 0.00 HOLD
43.094	>>> V 0.00 0.00
43.094	S 13271886 -0.26 0.44 0.00 0.00 HOLD
43.114	>>> V 0.00 0.00
43.115	S 13271906 -0.26 0.44 0.00 0.00 HOLD
43.134	>>> V 0.00 0.00
43.134	S 13271926 -0.26 0.44 0.00 0.00 HOLD
43.154	>>> V 0.00 0.00
43.154	S 13271946 -0.26 0.44 0.00 0.00 HOLD
43.174	>>> V 0.00 0.00
43.175	S 13271966 -0.26 0.44 0.00 0.00 HOLD
43.193	>>> V 0.00 0.00
43.194	S 13271986 -0.26 0.44 0.00 0.00 HOLD
43.215	>>> V 0.00 0.00
43.216	S 13272006 -0.26 0.44 0.00 0.00 HOLD
43.236	>>> V 0.00 0.00
43.236	S 13272026 -0.26 0.44 0.00 0.00 HOLD
43.254	>>> V 0.00 0.00
43.255	S 13272046 -0.26 0.44 0.00 0.00 HOLD
43.273	>>> V 0.00 0.00
43.274	S 13272066 -0.26 0.44 0.00 0.00 HOLD
43.294	>>> V 0.00 0.00
43.294	S 13272086 -0.18 0.44 0.00 0.00 HOLD
43.314	>>> V 0.00 0.00
43.315	S 13272106 -0.26 0.44 0.00 0.00 HOLD
43.333	>>> V 0.00 0.00
43.334	S 13272126 -0.18 0.44 0.00 0.00 HOLD
43.353	>>> V 0.00 0.00
43.354	S 13272146 -0.26 0.44 0.00 0.00 HOLD
43.376	>>> V 0.00 0.00
43.376	S 13272166 -0.26 0.44 0.00 0.00 HOLD
43.395	>>> V 0.00 0.00
43.395	S 13272186 -0.26 0.44 0.00 0.00 HOLD
43.413	>>> V 0.00 0.00
43.415	S 13272206 -0.26 0.44 0.00 0.00 HOLD
43.434	>>> V 0.00 0.00
43.434	S 13272226 -0.18 0.44 0.00 0.00 HOLD
43.454	>>> V 0.00 0.00
43.455	S 13272246 -0.18 0.44 0.00 0.00 HOLD
43.475	>>> V 0.00 0.00
43.475	S 13272266 -0.26 0.44 0.00 0.00 HOLD
43.495	>>> V 0.00 0.00
43.496	S 13272286 -0.18 0.44 0.00 0.00 HOLD
43.513	>>> V 0.00 0.00
43.514	S 13272306 -0.18 0.44 0.00 0.00 HOLD
43.534	>>> V 0.00 0.00
43.535	S 13272326 -0.18 0.44 0.00 0.00 HOLD
43.554	>>> V 0.00 0.00
43.554	S 13272346 -0.26 0.44 0.00 0.00 HOLD
43.575	>>> V 0.00 0.00
43.575	S 13272366 -0.26 0.44 0.00 0.00 HOLD
43.596	>>> V 0.00 0.00
43.597	S 13272386 -0.26 0.44 0.00 0.00 HOLD
43.614	>>> V 0.00 0.00
43.614	S 13272406 -0.26 0.44 0.00 0.00 HOLD
43.635	>>> V 0.00 0.00
43.636	S 13272426 -0.18 0.44 0.00 0.00 HOLD
43.653	>>> V 0.00 0.00
43.654	S 13272446 -0.26 0.44 0.00 0.00 HOLD
43.675	>>> V 0.00 0.00
43.677	S 13272466 -0.18 0.44 0.00 0.00 HOLD
43.694	>>> V 0.00 0.00
43.694	S 13272486 -0.18 0.44 0.00 0.00 HOLD
43.715	>>> V 0.00 0.00
43.716	S 13272506 -0.26 0.44 0.00 0.00 HOLD
43.734	>>> V 0.00 0.00
43.736	S 13272526 -0.26 0.44 0.00 0.00 HOLD
43.755	>>> V 0.00 0.00
43.755	S 13272546 -0.26 0.44 0.00 0.00 HOLD
43.774	>>> V 0.00 0.00
43.774	S 13272566 -0.18 0.44 0.00 0.00 HOLD
43.793	>>> V 0.00 0.00
43.794	S 13272586 -0.18 0.44 0.00 0.00 HOLD
43.813	>>> V 0.00 0.00
43.813	S 13272606 -0.18 0.44 0.00 0.00 HOLD
43.834	>>> V 0.00 0.00
43.835	S 13272626 -0.26 0.44 0.00 0.00 HOLD
43.855	>>> V 0.00 0.00
43.856	S 13272646 -0.18 0.44 0.00 0.00 HOLD
43.874	>>> V 0.00 0.00
43.877	S 13272666 -0.18 0.44 0.00 0.00 HOLD
43.893	>>> V 0.00 0.00
43.894	S 13272686 -0.26 0.44 0.00 0.00 HOLD
43.915	>>> V 0.00 0.00
43.916	S 13272706 -0.18 0.44 0.00 0.00 HOLD
43.935	>>> V 0.00 0.00
43.935	S 13272726 -0.26 0.44 0.00 0.00 HOLD
43.954	>>> V 0.00 0.00
43.955	S 13272746 -0.26 0.44 0.00 0.00 HOLD
43.974	>>> V 0.00 0.00
43.975	S 13272766 -0.18 0.44 0.00 0.00 HOLD
43.993	>>> V 0.00 0.00
43.993	S 13272786 -0.26 0.44 0.00 0.00 HOLD
44.015	>>> V 0.00 0.00
44.015	S 13272806 -0.26 0.44 0.00 0.00 HOLD
44.035	>>> V 0.00 0.00
44.035	S 13272826 -0.18 0.44 0.00 0.00 HOLD
44.054	>>> V 0.00 0.00
44.055	S 13272846 -0.26 0.44 0.00 0.00 HOLD
44.074	>>> V 0.00 0.00
44.074	S 13272866 -0.18 0.44 0.00 0.00 HOLD
44.094	>>> V 0.00 0.00
44.094	S 13272886 -0.18 0.44 0.00 0.00 HOLD
44.114	>>> V 0.00 0.00
44.114	S 13272906 -0.18 0.44 0.00 0.00 HOLD
44.133	>>> V 0.00 0.00
44.134	S 13272926 -0.26 0.44 0.00 0.00 HOLD
44.154	>>> V 0.00 0.00
44.156	S 13272946 -0.26 0.44 0.00 0.00 HOLD
44.174	>>> V 0.00 0.00
44.175	S 13272966 -0.26 0.44 0.00 0.00 HOLD
44.194	>>> V 0.00 0.00
44.195	S 13272986 -0.26 0.44 0.00 0.00 HOLD
44.213	>>> V 0.00 0.00
44.214	S 13273006 -0.18 0.44 0.00 0.00 HOLD
44.233	>>> V 0.00 0.00
44.234	S 13273026 -0.26 0.44 0.00 0.00 HOLD
44.253	>>> V 0.00 0.00
44.256	S 13273046 -0.26 0.44 0.00 0.00 HOLD
44.274	>>> V 0.00 0.00
44.275	S 13273066 -0.26 0.44 0.00 0.00 HOLD
44.295	>>> V 0.00 0.00
44.296	S 13273086 -0.26 0.44 0.00 0.00 HOLD
44.314	>>> V 0.00 0.00
44.314	S 13273106 -0.26 0.44 0.00 0.00 HOLD
44.334	>>> V 0.00 0.00
44.336	S 13273126 -0.18 0.44 0.00 0.00 HOLD
44.356	>>> V 0.00 0.00
44.356	S 13273146 -0.18 0.44 0.00 0.00 HOLD
44.376	>>> V 0.00 0.00
44.376	S 13273166 -0.26 0.44 0.00 0.00 HOLD
44.397	>>> V 0.00 0.00
44.398	S 13273186 -0.18 0.44 0.00 0.00 HOLD
44.414	>>> V 0.00 0.00
44.415	S 13273206 -0.18 0.44 0.00 0.00 HOLD
44.435	>>> V 0.00 0.00
44.436	S 13273226 -0.26 0.44 0.00 0.00 HOLD
44.453	>>> V 0.00 0.00
44.454	S 13273246 -0.18 0.44 0.00 0.00 HOLD
44.476	>>> V 0.00 0.00
44.478	S 13273266 -0.26 0.44 0.00 0.00 HOLD
44.494	>>> V 0.00 0.00
44.495	S 13273286 -0.18 0.44 0.00 0.00 HOLD
44.517	>>> V 0.00 0.00
44.517	S 13273306 -0.18 0.44 0.00 0.00 HOLD
44.536	>>> V 0.00 0.00
44.537	S 13273326 -0.18 0.44 0.00 0.00 HOLD
44.553	>>> V 0.00 0.00
44.554	S 13273346 -0.26 0.44 0.00 0.00 HOLD
44.575	>>> V 0.00 0.00
44.576	S 13273366 -0.26 0.44 0.00 0.00 HOLD
44.593	>>> V 0.00 0.00
44.594	S 13273386 -0.26 0.44 0.00 0.00 HOLD
44.616	>>> V 0.00 0.00
44.617	S 13273406 -0.26 0.44 0.00 0.00 HOLD
44.635	>>> V 0.00 0.00
44.635	S 13273426 -0.26 0.44 0.00 0.00 HOLD
44.654	>>> V 0.00 0.00
44.655	S 13273446 -0.18 0.44 0.00 0.00 HOLD
44.681	>>> V 0.00 0.00
44.682	S 13273466 -0.26 0.44 0.00 0.00 HOLD
44.694	>>> V 0.00 0.00
44.694	S 13273486 -0.26 0.44 0.00 0.00 HOLD
44.716	>>> V 0.00 0.00
44.717	S 13273506 -0.26 0.44 0.00 0.00 HOLD
44.734	>>> V 0.00 0.00
44.735	S 13273526 -0.26 0.44 0.00 0.00 HOLD
44.758	>>> V 0.00 0.00
44.758	S 13273546 -0.26 0.44 0.00 0.00 HOLD
44.778	>>> V 0.00 0.00
44.780	S 13273566 -0.26 0.44 0.00 0.00 HOLD
44.796	>>> V 0.00 0.00
44.797	S 13273586 -0.26 0.44 0.00 0.00 HOLD
44.814	>>> V 0.00 0.00
44.815	S 13273606 -0.26 0.44 0.00 0.00 HOLD
44.836	>>> V 0.00 0.00
44.836	S 13273626 -0.26 0.35 0.00 0.00 HOLD
44.854	>>> V 0.00 0.00
44.855	S 13273646 -0.18 0.44 0.00 0.00 HOLD
44.876	>>> V 0.00 0.00
44.876	S 13273666 -0.26 0.44 0.00 0.00 HOLD
44.896	>>> V 0.00 0.00
44.896	S 13273686 -0.26 0.44 0.00 0.00 HOLD
44.914	>>> V 0.00 0.00
44.915	S 13273706 -0.26 0.44 0.00 0.00 HOLD
44.936	>>> V 0.00 0.00
44.938	S 13273726 -0.18 0.44 0.00 0.00 HOLD
44.954	>>> V 0.00 0.00
44.954	S 13273746 -0.26 0.44 0.00 0.00 HOLD
44.983	>>> V 0.00 0.00
44.983	S 13273766 -0.26 0.44 0.00 0.00 HOLD
44.994	>>> V 0.00 0.00
44.995	S 13273786 -0.26 0.44 0.00 0.00 HOLD
45.014	>>> V 0.00 0.00
45.015	S 13273806 -0.18 0.44 0.00 0.00 HOLD
45.034	>>> V 0.00 0.00
45.035	S 13273826 -0.26 0.44 0.00 0.00 HOLD
45.054	>>> V 0.00 0.00
45.054	S 13273846 -0.26 0.44 0.00 0.00 HOLD
45.074	>>> V 0.00 0.00
45.078	S 13273866 -0.26 0.44 0.00 0.00 HOLD
45.093	>>> V 0.00 0.00
45.094	S 13273886 -0.26 0.44 0.00 0.00 HOLD
45.115	>>> V 0.00 0.00
45.116	S 13273906 -0.18 0.44 0.00 0.00 HOLD
45.134	>>> V 0.00 0.00
45.135	S 13273926 -0.26 0.44 0.00 0.00 HOLD
45.165	>>> V 0.00 0.00
45.165	S 13273946 -0.18 0.44 0.00 0.00 HOLD
45.185	>>> V 0.00 0.00
45.186	S 13273966 -0.18 0.44 0.00 0.00 HOLD
45.194	>>> V 0.00 0.00
45.197	S 13273986 -0.18 0.44 0.00 0.00 HOLD
45.214	>>> V 0.00 0.00
45.214	S 13274006 -0.26 0.44 0.00 0.00 HOLD
45.237	>>> V 0.00 0.00
45.237	S 13274026 -0.26 0.44 0.00 0.00 HOLD
45.256	>>> V 0.00 0.00
45.257	S 13274046 -0.26 0.44 0.00 0.00 HOLD
45.274	>>> V 0.00 0.00
45.276	S 13274066 -0.26 0.44 0.00 0.00 HOLD
45.294	>>> V 0.00 0.00
45.294	S 13274086 -0.26 0.44 0.00 0.00 HOLD
45.317	>>> V 0.00 0.00
45.321	S 13274106 -0.18 0.44 0.00 0.00 HOLD
45.334	>>> V 0.00 0.00
45.336	S 13274126 -0.26 0.44 0.00 0.00 HOLD
45.361	>>> V 0.00 0.00
45.363	S 13274146 -0.26 0.44 0.00 0.00 HOLD
45.375	>>> V 0.00 0.00
45.376	S 13274166 -0.26 0.44 0.00 0.00 HOLD
45.394	>>> V 0.00 0.00
45.395	S 13274186 -0.26 0.44 0.00 0.00 HOLD
45.417	>>> V 0.00 0.00
45.417	S 13274206 -0.18 0.44 0.00 0.00 HOLD
45.436	>>> V 0.00 0.00
45.440	S 13274226 -0.26 0.44 0.00 0.00 HOLD
45.456	>>> V 0.00 0.00
45.459	S 13274246 -0.26 0.44 0.00 0.00 HOLD
45.477	>>> V 0.00 0.00
45.480	S 13274266 -0.26 0.44 0.00 0.00 HOLD
45.495	>>> V 0.00 0.00
45.498	S 13274286 -0.26 0.44 0.00 0.00 HOLD
45.517	>>> V 0.00 0.00
45.518	S 13274306 -0.26 0.44 0.00 0.00 HOLD
45.534	>>> V 0.00 0.00
45.535	S 13274326 -0.26 0.44 0.00 0.00 HOLD
45.554	>>> V 0.00 0.00
45.555	S 13274346 -0.26 0.44 0.00 0.00 HOLD
45.577	>>> V 0.00 0.00
45.579	S 13274366 -0.26 0.44 0.00 0.00 HOLD
45.598	>>> V 0.00 0.00
45.601	S 13274386 -0.18 0.44 0.00 0.00 HOLD
45.614	>>> V 0.00 0.00
45.618	S 13274406 -0.26 0.44 0.00 0.00 HOLD
45.634	>>> V 0.00 0.00
45.636	S 13274426 -0.26 0.44 0.00 0.00 HOLD
45.657	>>> V 0.00 0.00
45.657	S 13274446 -0.26 0.44 0.00 0.00 HOLD
45.673	>>> V 0.00 0.00
45.675	S 13274466 -0.18 0.44 0.00 0.00 HOLD
45.694	>>> V 0.00 0.00
45.696	S 13274486 -0.26 0.44 0.00 0.00 HOLD
45.717	>>> V 0.00 0.00
45.719	S 13274506 -0.18 0.44 0.00 0.00 HOLD
45.733	>>> V 0.00 0.00
45.736	S 13274526 -0.26 0.44 0.00 0.00 HOLD
45.754	>>> V 0.00 0.00
45.754	S 13274546 -0.18 0.44 0.00 0.00 HOLD
45.781	>>> V 0.00 0.00
45.786	S 13274566 -0.18 0.44 0.00 0.00 HOLD
45.794	>>> V 0.00 0.00
45.797	S 13274586 -0.26 0.44 0.00 0.00 HOLD
45.818	>>> V 0.00 0.00
45.820	S 13274606 -0.26 0.44 0.00 0.00 HOLD
45.837	>>> V 0.00 0.00
45.841	S 13274626 -0.26 0.44 0.00 0.00 HOLD
45.854	>>> V 0.00 0.00
45.855	S 13274646 -0.26 0.44 0.00 0.00 HOLD
45.874	>>> V 0.00 0.00
45.877	S 13274666 -0.26 0.44 0.00 0.00 HOLD
45.895	>>> V 0.00 0.00
45.895	S 13274686 -0.26 0.44 0.00 0.00 HOLD
45.916	>>> V 0.00 0.00
45.919	S 13274706 -0.26 0.44 0.00 0.00 HOLD
45.933	>>> V 0.00 0.00
45.935	S 13274726 -0.18 0.44 0.00 0.00 HOLD
45.953	>>> V 0.00 0.00
45.954	S 13274746 -0.18 0.44 0.00 0.00 HOLD
45.974	>>> V 0.00 0.00
45.974	S 13274766 -0.26 0.44 0.00 0.00 HOLD
45.995	>>> V 0.00 0.00
45.997	S 13274786 -0.26 0.44 0.00 0.00 HOLD
46.014	>>> V 0.00 0.00
46.015	S 13274806 -0.26 0.44 0.00 0.00 HOLD
46.037	>>> V 0.00 0.00
46.037	S 13274826 -0.26 0.44 0.00 0.00 HOLD
46.053	>>> V 0.00 0.00
46.056	S 13274846 -0.26 0.44 0.00 0.00 HOLD
46.075	>>> V 0.00 0.00
46.075	S 13274866 -0.18 0.44 0.00 0.00 HOLD
46.095	>>> V 0.00 0.00
46.095	S 13274886 -0.26 0.44 0.00 0.00 HOLD
46.117	>>> V 0.00 0.00
46.118	S 13274906 -0.26 0.44 0.00 0.00 HOLD
46.136	>>> V 0.00 0.00
46.138	S 13274926 -0.26 0.44 0.00 0.00 HOLD
46.154	>>> V 0.00 0.00
46.154	S 13274946 -0.26 0.44 0.00 0.00 HOLD
46.174	>>> V 0.00 0.00
46.175	S 13274966 -0.26 0.44 0.00 0.00 HOLD
46.194	>>> V 0.00 0.00
46.194	S 13274986 -0.26 0.44 0.00 0.00 HOLD
46.214	>>> V 0.00 0.00
46.216	S 13275006 -0.26 0.44 0.00 0.00 HOLD
46.235	>>> V 0.00 0.00
46.238	S 13275026 -0.26 0.44 0.00 0.00 HOLD
46.258	>>> V 0.00 0.00
46.261	S 13275046 -0.18 0.44 0.00 0.00 HOLD
46.276	>>> V 0.00 0.00
46.276	S 13275066 -0.26 0.44 0.00 0.00 HOLD
46.298	>>> V 0.00 0.00
46.301	S 13275086 -0.18 0.44 0.00 0.00 HOLD
46.314	>>> V 0.00 0.00
46.314	S 13275106 -0.26 0.44 0.00 0.00 HOLD
46.333	>>> V 0.00 0.00
46.334	S 13275126 -0.26 0.44 0.00 0.00 HOLD
46.358	>>> V 0.00 0.00
46.359	S 13275146 -0.26 0.44 0.00 0.00 HOLD
46.374	>>> V 0.00 0.00
46.375	S 13275166 -0.18 0.44 0.00 0.00 HOLD
46.395	>>> V 0.00 0.00
46.396	S 13275186 -0.18 0.44 0.00 0.00 HOLD
46.417	>>> V 0.00 0.00
46.417	S 13275206 -0.18 0.44 0.00 0.00 HOLD
46.436	>>> V 0.00 0.00
46.437	S 13275226 -0.18 0.44 0.00 0.00 HOLD
46.456	>>> V 0.00 0.00
46.460	S 13275246 -0.18 0.44 0.00 0.00 HOLD
46.477	>>> V 0.00 0.00
46.480	S 13275266 -0.26 0.44 0.00 0.00 HOLD
46.498	>>> V 0.00 0.00
46.499	S 13275286 -0.26 0.44 0.00 0.00 HOLD
46.516	>>> V 0.00 0.00
46.517	S 13275306 -0.26 0.44 0.00 0.00 HOLD
46.537	>>> V 0.00 0.00
46.538	S 13275326 -0.18 0.44 0.00 0.00 HOLD
46.555	>>> V 0.00 0.00
46.558	S 13275346 -0.18 0.44 0.00 0.00 HOLD
46.578	>>> V 0.00 0.00
46.579	S 13275366 -0.26 0.44 0.00 0.00 HOLD
46.598	>>> V 0.00 0.00
46.599	S 13275386 -0.18 0.44 0.00 0.00 HOLD
46.613	>>> V 0.00 0.00
46.614	S 13275406 -0.26 0.44 0.00 0.00 HOLD
46.635	>>> V 0.00 0.00
46.637	S 13275426 -0.18 0.44 0.00 0.00 HOLD
46.658	>>> V 0.00 0.00
46.659	S 13275446 -0.18 0.44 0.00 0.00 HOLD
46.677	>>> V 0.00 0.00
46.680	S 13275466 -0.26 0.44 0.00 0.00 HOLD
46.697	>>> V 0.00 0.00
46.699	S 13275486 -0.26 0.44 0.00 0.00 HOLD
46.714	>>> V 0.00 0.00
46.715	S 13275506 -0.26 0.44 0.00 0.00 HOLD
46.737	>>> V 0.00 0.00
46.740	S 13275526 -0.26 0.44 0.00 0.00 HOLD
46.754	>>> V 0.00 0.00
46.754	S 13275546 -0.18 0.44 0.00 0.00 HOLD
46.777	>>> V 0.00 0.00
46.780	S 13275566 -0.26 0.44 0.00 0.00 HOLD
46.796	>>> V 0.00 0.00
46.799	S 13275586 -0.18 0.44 0.00 0.00 HOLD
46.823	>>> V 0.00 0.00
46.824	S 13275606 -0.26 0.44 0.00 0.00 HOLD
46.846	>>> V 0.00 0.00
46.847	S 13275626 -0.26 0.44 0.00 0.00 HOLD
46.860	>>> V 0.00 0.00
46.861	S 13275646 -0.26 0.44 0.00 0.00 HOLD
46.879	>>> V 0.00 0.00
46.881	S 13275666 -0.18 0.44 0.00 0.00 HOLD
46.902	>>> V 0.00 0.00
46.906	S 13275686 -0.18 0.44 0.00 0.00 HOLD
46.914	>>> V 0.00 0.00
46.917	S 13275706 -0.26 0.44 0.00 0.00 HOLD
46.941	>>> V 0.00 0.00
46.942	S 13275726 -0.26 0.44 0.00 0.00 HOLD
46.959	>>> V 0.00 0.00
46.960	S 13275746 -0.26 0.44 0.00 0.00 HOLD
46.980	>>> V 0.00 0.00
46.984	S 13275766 -0.26 0.44 0.00 0.00 HOLD
47.000	>>> V 0.00 0.00
47.001	S 13275786 -0.26 0.44 0.00 0.00 HOLD
47.019	>>> V 0.00 0.00
47.021	S 13275806 -0.26 0.44 0.00 0.00 HOLD
47.035	>>> V 0.00 0.00
47.038	S 13275826 -0.26 0.44 0.00 0.00 HOLD
47.058	>>> V 0.00 0.00
47.062	S 13275846 -0.26 0.44 0.00 0.00 HOLD
47.073	>>> V 0.00 0.00
47.074	S 13275866 -0.18 0.44 0.00 0.00 HOLD
47.097	>>> V 0.00 0.00
47.101	S 13275886 -0.26 0.44 0.00 0.00 HOLD
47.115	>>> V 0.00 0.00
47.115	S 13275906 -0.26 0.44 0.00 0.00 HOLD
47.137	>>> V 0.00 0.00
47.139	S 13275926 -0.26 0.44 0.00 0.00 HOLD
47.153	>>> V 0.00 0.00
47.154	S 13275946 -0.26 0.44 0.00 0.00 HOLD
47.175	>>> V 0.00 0.00
47.175	S 13275966 -0.26 0.44 0.00 0.00 HOLD
47.194	>>> V 0.00 0.00
47.195	S 13275986 -0.26 0.44 0.00 0.00 HOLD
47.213	>>> V 0.00 0.00
47.214	S 13276006 -0.18 0.44 0.00 0.00 HOLD
47.234	>>> V 0.00 0.00
47.235	S 13276026 -0.26 0.44 0.00 0.00 HOLD
47.254	>>> V 0.00 0.00
47.260	S 13276046 -0.26 0.44 0.00 0.00 HOLD
47.280	>>> V 0.00 0.00
47.284	S 13276066 -0.26 0.44 0.00 0.00 HOLD
47.298	>>> V 0.00 0.00
47.299	S 13276086 -0.18 0.44 0.00 0.00 HOLD
47.314	>>> V 0.00 0.00
47.314	S 13276106 -0.26 0.44 0.00 0.00 HOLD
47.334	>>> V 0.00 0.00
47.334	S 13276126 -0.26 0.44 0.00 0.00 HOLD
47.354	>>> V 0.00 0.00
47.355	S 13276146 -0.26 0.44 0.00 0.00 HOLD
47.373	>>> V 0.00 0.00
47.374	S 13276166 -0.18 0.44 0.00 0.00 HOLD
47.395	>>> V 0.00 0.00
47.395	S 13276186 -0.26 0.44 0.00 0.00 HOLD
47.413	>>> V 0.00 0.00
47.414	S 13276206 -0.18 0.44 0.00 0.00 HOLD
47.434	>>> V 0.00 0.00
47.434	S 13276226 -0.18 0.44 0.00 0.00 HOLD
47.457	>>> V 0.00 0.00
47.457	S 13276246 -0.26 0.44 0.00 0.00 HOLD
47.477	>>> V 0.00 0.00
47.479	S 13276266 -0.18 0.44 0.00 0.00 HOLD
47.495	>>> V 0.00 0.00
47.495	S 13276286 -0.26 0.44 0.00 0.00 HOLD
47.521	>>> V 0.00 0.00
47.523	S 13276306 -0.26 0.44 0.00 0.00 HOLD
47.539	>>> V 0.00 0.00
47.540	S 13276326 -0.26 0.44 0.00 0.00 HOLD
47.561	>>> V 0.00 0.00
47.561	S 13276346 -0.18 0.44 0.00 0.00 HOLD
47.574	>>> V 0.00 0.00
47.575	S 13276366 -0.18 0.44 0.00 0.00 HOLD
47.595	>>> V 0.00 0.00
47.598	S 13276386 -0.26 0.44 0.00 0.00 HOLD
47.614	>>> V 0.00 0.00
47.614	S 13276406 -0.26 0.44 0.00 0.00 HOLD
47.635	>>> V 0.00 0.00
47.637	S 13276426 -0.18 0.44 0.00 0.00 HOLD
47.653	>>> V 0.00 0.00
47.654	S 13276446 -0.18 0.44 0.00 0.00 HOLD
47.675	>>> V 0.00 0.00
47.677	S 13276466 -0.26 0.44 0.00 0.00 HOLD
47.697	>>> V 0.00 0.00
47.700	S 13276486 -0.26 0.44 0.00 0.00 HOLD
47.720	>>> V 0.00 0.00
47.723	S 13276506 -0.26 0.44 0.00 0.00 HOLD
47.734	>>> V 0.00 0.00
47.734	S 13276526 -0.18 0.44 0.00 0.00 HOLD
47.753	>>> V 0.00 0.00
47.754	S 13276546 -0.18 0.44 0.00 0.00 HOLD
47.774	>>> V 0.00 0.00
47.774	S 13276566 -0.26 0.44 0.00 0.00 HOLD
47.794	>>> V 0.00 0.00
47.794	S 13276586 -0.18 0.44 0.00 0.00 HOLD
47.813	>>> V 0.00 0.00
47.814	S 13276606 -0.26 0.44 0.00 0.00 HOLD
47.834	>>> V 0.00 0.00
47.835	S 13276626 -0.26 0.44 0.00 0.00 HOLD
47.854	>>> V 0.00 0.00
47.854	S 13276646 -0.18 0.44 0.00 0.00 HOLD
47.875	>>> V 0.00 0.00
47.875	S 13276666 -0.26 0.44 0.00 0.00 HOLD
47.894	>>> V 0.00 0.00
47.896	S 13276686 -0.18 0.44 0.00 0.00 HOLD
47.918	>>> V 0.00 0.00
47.921	S 13276706 -0.26 0.44 0.00 0.00 HOLD
47.935	>>> V 0.00 0.00
47.935	S 13276726 -0.26 0.44 0.00 0.00 HOLD
47.954	>>> V 0.00 0.00
47.954	S 13276746 -0.26 0.44 0.00 0.00 HOLD
47.974	>>> V 0.00 0.00
47.974	S 13276766 -0.18 0.44 0.00 0.00 HOLD
48.001	>>> V 0.00 0.00
48.003	S 13276786 -0.18 0.44 0.00 0.00 HOLD
48.021	>>> V 0.00 0.00
48.025	S 13276806 -0.18 0.44 0.00 0.00 HOLD
48.036	>>> V 0.00 0.00
48.036	S 13276826 -0.18 0.44 0.00 0.00 HOLD
48.056	>>> V 0.00 0.00
48.057	S 13276846 -0.18 0.44 0.00 0.00 HOLD
48.073	>>> V 0.00 0.00
48.074	S 13276866 -0.26 0.44 0.00 0.00 HOLD
48.095	>>> V 0.00 0.00
48.097	S 13276886 -0.18 0.44 0.00 0.00 HOLD
48.113	>>> V 0.00 0.00
48.114	S 13276906 -0.18 0.44 0.00 0.00 HOLD
48.133	>>> V 0.00 0.00
48.136	S 13276926 -0.18 0.44 0.00 0.00 HOLD
48.158	>>> V 0.00 0.00
48.159	S 13276946 -0.18 0.44 0.00 0.00 HOLD
48.182	>>> V 0.00 0.00
48.183	S 13276966 -0.26 0.44 0.00 0.00 HOLD
48.197	>>> V 0.00 0.00
48.197	S 13276986 -0.18 0.44 0.00 0.00 HOLD
48.221	>>> V 0.00 0.00
48.222	S 13277006 -0.18 0.44 0.00 0.00 HOLD
48.237	>>> V 0.00 0.00
48.240	S 13277026 -0.26 0.44 0.00 0.00 HOLD
48.258	>>> V 0.00 0.00
48.260	S 13277046 -0.18 0.44 0.00 0.00 HOLD
48.274	>>> V 0.00 0.00
48.275	S 13277066 -0.18 0.44 0.00 0.00 HOLD
48.294	>>> V 0.00 0.00
48.294	S 13277086 -0.26 0.44 0.00 0.00 HOLD
48.316	>>> V 0.00 0.00
48.318	S 13277106 -0.18 0.44 0.00 0.00 HOLD
48.334	>>> V 0.00 0.00
48.335	S 13277126 -0.26 0.44 0.00 0.00 HOLD
48.362	>>> V 0.00 0.00
48.365	S 13277146 -0.26 0.44 0.00 0.00 HOLD
48.374	>>> V 0.00 0.00
48.377	S 13277166 -0.26 0.44 0.00 0.00 HOLD
48.398	>>> V 0.00 0.00
48.401	S 13277186 -0.26 0.44 0.00 0.00 HOLD
48.414	>>> V 0.00 0.00
48.415	S 13277206 -0.18 0.44 0.00 0.00 HOLD
48.435	>>> V 0.00 0.00
48.435	S 13277226 -0.26 0.44 0.00 0.00 HOLD
48.460	>>> V 0.00 0.00
48.464	S 13277246 -0.26 0.35 0.00 0.00 HOLD
48.474	>>> V 0.00 0.00
48.477	S 13277266 -0.26 0.44 0.00 0.00 HOLD
48.501	>>> V 0.00 0.00
48.505	S 13277286 -0.26 0.44 0.00 0.00 HOLD
48.518	>>> V 0.00 0.00
48.520	S 13277306 -0.26 0.44 0.00 0.00 HOLD
48.543	>>> V 0.00 0.00
48.544	S 13277326 -0.26 0.44 0.00 0.00 HOLD
48.555	>>> V 0.00 0.00
48.558	S 13277346 -0.26 0.44 0.00 0.00 HOLD
48.576	>>> V 0.00 0.00
48.577	S 13277366 -0.18 0.44 0.00 0.00 HOLD
48.597	>>> V 0.00 0.00
48.597	S 13277386 -0.26 0.44 0.00 0.00 HOLD
48.614	>>> V 0.00 0.00
48.618	S 13277406 -0.26 0.44 0.00 0.00 HOLD
48.645	>>> V 0.00 0.00
48.647	S 13277426 -0.26 0.44 0.00 0.00 HOLD
48.660	>>> V 0.00 0.00
48.661	S 13277446 -0.18 0.44 0.00 0.00 HOLD
48.675	>>> V 0.00 0.00
48.676	S 13277466 -0.26 0.44 0.00 0.00 HOLD
48.696	>>> V 0.00 0.00
48.697	S 13277486 -0.18 0.44 0.00 0.00 HOLD
48.716	>>> V 0.00 0.00
48.717	S 13277506 -0.26 0.44 0.00 0.00 HOLD
48.733	>>> V 0.00 0.00
48.735	S 13277526 -0.26 0.44 0.00 0.00 HOLD
48.753	>>> V 0.00 0.00
48.754	S 13277546 -0.18 0.44 0.00 0.00 HOLD
48.777	>>> V 0.00 0.00
48.777	S 13277566 -0.18 0.44 0.00 0.00 HOLD
48.797	>>> V 0.00 0.00
48.797	S 13277586 -0.26 0.44 0.00 0.00 HOLD
48.814	>>> V 0.00 0.00
48.814	S 13277606 -0.26 0.44 0.00 0.00 HOLD
48.834	>>> V 0.00 0.00
48.837	S 13277626 -0.26 0.44 0.00 0.00 HOLD
48.856	>>> V 0.00 0.00
48.856	S 13277646 -0.26 0.44 0.00 0.00 HOLD
48.875	>>> V 0.00 0.00
48.876	S 13277666 -0.26 0.35 0.00 0.00 HOLD
48.896	>>> V 0.00 0.00
48.897	S 13277686 -0.18 0.44 0.00 0.00 HOLD
48.918	>>> V 0.00 0.00
48.919	S 13277706 -0.26 0.44 0.00 0.00 HOLD
48.934	>>> V 0.00 0.00
48.935	S 13277726 -0.26 0.44 0.00 0.00 HOLD
48.956	>>> V 0.00 0.00
48.957	S 13277746 -0.26 0.44 0.00 0.00 HOLD
48.981	>>> V 0.00 0.00
48.982	S 13277766 -0.26 0.44 0.00 0.00 HOLD
48.997	>>> V 0.00 0.00
48.999	S 13277786 -0.18 0.44 0.00 0.00 HOLD
49.016	>>> V 0.00 0.00
49.019	S 13277806 -0.26 0.44 0.00 0.00 HOLD
49.035	>>> V 0.00 0.00
49.036	S 13277826 -0.26 0.44 0.00 0.00 HOLD
49.056	>>> V 0.00 0.00
49.057	S 13277846 -0.26 0.44 0.00 0.00 HOLD
49.075	>>> V 0.00 0.00
49.080	S 13277866 -0.26 0.44 0.00 0.00 HOLD
49.102	>>> V 0.00 0.00
49.106	S 13277886 -0.18 0.44 0.00 0.00 HOLD
49.114	>>> V 0.00 0.00
49.118	S 13277906 -0.18 0.44 0.00 0.00 HOLD
49.141	>>> V 0.00 0.00
49.144	S 13277926 -0.26 0.44 0.00 0.00 HOLD
49.163	>>> V 0.00 0.00
49.164	S 13277946 -0.26 0.44 0.00 0.00 HOLD
49.179	>>> V 0.00 0.00
49.182	S 13277966 -0.26 0.44 0.00 0.00 HOLD
49.195	>>> V 0.00 0.00
49.196	S 13277986 -0.26 0.44 0.00 0.00 HOLD
49.218	>>> V 0.00 0.00
49.219	S 13278006 -0.26 0.44 0.00 0.00 HOLD
49.236	>>> V 0.00 0.00
49.236	S 13278026 -0.18 0.44 0.00 0.00 HOLD
49.256	>>> V 0.00 0.00
49.259	S 13278046 -0.26 0.44 0.00 0.00 HOLD
49.273	>>> V 0.00 0.00
49.276	S 13278066 -0.26 0.44 0.00 0.00 HOLD
49.293	>>> V 0.00 0.00
49.315	>>> V 0.00 0.00
49.317	S 13278086 -0.26 0.44 0.00 0.00 HOLD
49.327	S 13278106 -0.18 0.44 0.00 0.00 HOLD
49.338	>>> V 0.00 0.00
49.341	S 13278126 -0.26 0.44 0.00 0.00 HOLD
49.361	>>> V 0.00 0.00
49.362	S 13278146 -0.26 0.44 0.00 0.00 HOLD
49.379	>>> V 0.00 0.00
49.381	S 13278166 -0.26 0.44 0.00 0.00 HOLD
49.397	>>> V 0.00 0.00
49.398	S 13278186 -0.26 0.44 0.00 0.00 HOLD
49.415	>>> V 0.00 0.00
49.417	S 13278206 -0.26 0.44 0.00 0.00 HOLD
49.435	>>> V 0.00 0.00
49.436	S 13278226 -0.26 0.44 0.00 0.00 HOLD
49.456	>>> V 0.00 0.00
49.461	S 13278246 -0.18 0.44 0.00 0.00 HOLD
49.474	>>> V 0.00 0.00
49.477	S 13278266 -0.18 0.44 0.00 0.00 HOLD
49.494	>>> V 0.00 0.00
49.495	S 13278286 -0.18 0.44 0.00 0.00 HOLD
49.514	>>> V 0.00 0.00
49.515	S 13278306 -0.26 0.44 0.00 0.00 HOLD
49.536	>>> V 0.00 0.00
49.537	S 13278326 -0.26 0.44 0.00 0.00 HOLD
49.558	>>> V 0.00 0.00
49.559	S 13278346 -0.18 0.44 0.00 0.00 HOLD
49.574	>>> V 0.00 0.00
49.575	S 13278366 -0.18 0.44 0.00 0.00 HOLD
49.594	>>> V 0.00 0.00
49.595	S 13278386 -0.26 0.44 0.00 0.00 HOLD
49.614	>>> V 0.00 0.00
49.616	S 13278406 -0.26 0.44 0.00 0.00 HOLD
49.635	>>> V 0.00 0.00
49.636	S 13278426 -0.26 0.44 0.00 0.00 HOLD
49.654	>>> V 0.00 0.00
49.654	S 13278446 -0.18 0.44 0.00 0.00 HOLD
49.674	>>> V 0.00 0.00
49.675	S 13278466 -0.26 0.44 0.00 0.00 HOLD
49.696	>>> V 0.00 0.00
49.697	S 13278486 -0.26 0.44 0.00 0.00 HOLD
49.714	>>> V 0.00 0.00
49.733	>>> V 0.00 0.00
49.734	S 13278506 -0.18 0.44 0.00 0.00 HOLD
49.754	>>> V 0.00 0.00
49.756	S 13278526 -0.18 0.44 0.00 0.00 HOLD
49.760	S 13278546 -0.26 0.44 0.00 0.00 HOLD
49.773	>>> V 0.00 0.00
49.777	S 13278566 -0.26 0.44 0.00 0.00 HOLD
49.798	>>> V 0.00 0.00
49.798	S 13278586 -0.26 0.44 0.00 0.00 HOLD
49.815	>>> V 0.00 0.00
49.816	S 13278606 -0.26 0.44 0.00 0.00 HOLD
49.835	>>> V 0.00 0.00
49.836	S 13278626 -0.26 0.44 0.00 0.00 HOLD
49.853	>>> V 0.00 0.00
49.875	>>> V 0.00 0.00
49.876	S 13278646 -0.26 0.44 0.00 0.00 HOLD
49.880	S 13278666 -0.26 0.44 0.00 0.00 HOLD
49.895	>>> V 0.00 0.00
49.898	S 13278686 -0.26 0.44 0.00 0.00 HOLD
49.917	>>> V 0.00 0.00
49.919	S 13278706 -0.18 0.44 0.00 0.00 HOLD
49.936	>>> V 0.00 0.00
49.938	S 13278726 -0.18 0.44 0.00 0.00 HOLD
49.955	>>> V 0.00 0.00
49.956	S 13278746 -0.26 0.44 0.00 0.00 HOLD
49.974	>>> V 0.00 0.00
49.974	S 13278766 -0.18 0.44 0.00 0.00 HOLD
49.995	>>> V 0.00 0.00
49.997	S 13278786 -0.26 0.44 0.00 0.00 HOLD
50.014	>>> V 0.00 0.00
50.017	S 13278806 -0.26 0.44 0.00 0.00 HOLD
50.039	>>> V 0.00 0.00
50.045	S 13278826 -0.18 0.44 0.00 0.00 HOLD
50.060	>>> V 0.00 0.00
50.063	S 13278846 -0.18 0.44 0.00 0.00 HOLD
50.077	>>> V 0.00 0.00
50.078	S 13278866 -0.26 0.44 0.00 0.00 HOLD
50.098	>>> V 0.00 0.00
50.100	S 13278886 -0.26 0.44 0.00 0.00 HOLD
50.125	>>> V 0.00 0.00
50.130	S 13278906 -0.26 0.44 0.00 0.00 HOLD
50.149	>>> V 0.00 0.00
50.152	S 13278926 -0.18 0.44 0.00 0.00 HOLD
50.159	>>> V 0.00 0.00
50.161	S 13278946 -0.18 0.44 0.00 0.00 HOLD
50.177	>>> V 0.00 0.00
50.179	S 13278966 -0.26 0.44 0.00 0.00 HOLD
50.196	>>> V 0.00 0.00
50.199	S 13278987 -0.26 0.44 0.00 0.00 HOLD
50.214	>>> V 0.00 0.00
50.216	S 13279007 -0.18 0.44 0.00 0.00 HOLD
50.234	>>> V 0.00 0.00
50.235	S 13279027 -0.26 0.44 0.00 0.00 HOLD
50.254	>>> V 0.00 0.00
50.255	S 13279047 -0.18 0.44 0.00 0.00 HOLD
50.275	>>> V 0.00 0.00
50.278	S 13279067 -0.26 0.44 0.00 0.00 HOLD
50.294	>>> V 0.00 0.00
50.295	S 13279087 -0.26 0.44 0.00 0.00 HOLD
50.324	>>> V 0.00 0.00
50.325	S 13279107 -0.26 0.44 0.00 0.00 HOLD
50.338	>>> V 0.00 0.00
50.338	S 13279127 -0.18 0.44 0.00 0.00 HOLD
50.362	>>> V 0.00 0.00
50.363	S 13279147 -0.26 0.44 0.00 0.00 HOLD
50.375	>>> V 0.00 0.00
50.377	S 13279167 -0.26 0.44 0.00 0.00 HOLD
50.394	>>> V 0.00 0.00
50.394	S 13279187 -0.26 0.44 0.00 0.00 HOLD
50.416	>>> V 0.00 0.00
50.418	S 13279207 -0.26 0.44 0.00 0.00 HOLD
50.435	>>> V 0.00 0.00
50.437	S 13279227 -0.26 0.44 0.00 0.00 HOLD
50.453	>>> V 0.00 0.00
50.473	>>> V 0.00 0.00
50.476	S 13279247 -0.26 0.44 0.00 0.00 HOLD
50.478	S 13279267 -0.26 0.44 0.00 0.00 HOLD
50.496	>>> V 0.00 0.00
50.497	S 13279287 -0.18 0.44 0.00 0.00 HOLD
50.518	>>> V 0.00 0.00
50.518	S 13279307 -0.18 0.44 0.00 0.00 HOLD
50.534	>>> V 0.00 0.00
50.535	S 13279327 -0.26 0.44 0.00 0.00 HOLD
50.556	>>> V 0.00 0.00
50.556	S 13279347 -0.26 0.44 0.00 0.00 HOLD
50.574	>>> V 0.00 0.00
50.574	S 13279367 -0.18 0.44 0.00 0.00 HOLD
50.594	>>> V 0.00 0.00
50.594	S 13279387 -0.26 0.44 0.00 0.00 HOLD
50.615	>>> V 0.00 0.00
50.615	S 13279407 -0.26 0.44 0.00 0.00 HOLD
50.633	>>> V 0.00 0.00
50.654	>>> V 0.00 0.00
50.654	S 13279427 -0.26 0.44 0.00 0.00 HOLD
50.660	S 13279447 -0.26 0.44 0.00 0.00 HOLD
50.673	>>> V 0.00 0.00
50.694	>>> V 0.00 0.00
50.697	S 13279467 -0.18 0.44 0.00 0.00 HOLD
50.699	S 13279487 -0.18 0.44 0.00 0.00 HOLD
50.715	>>> V 0.00 0.00
50.715	S 13279507 -0.18 0.44 0.00 0.00 HOLD
50.735	>>> V 0.00 0.00
50.736	S 13279527 -0.26 0.44 0.00 0.00 HOLD
50.754	>>> V 0.00 0.00
50.755	S 13279547 -0.26 0.44 0.00 0.00 HOLD
50.774	>>> V 0.00 0.00
50.775	S 13279567 -0.26 0.44 0.00 0.00 HOLD
50.793	>>> V 0.00 0.00
50.815	>>> V 0.00 0.00
50.815	S 13279587 -0.26 0.44 0.00 0.00 HOLD
50.817	S 13279607 -0.18 0.44 0.00 0.00 HOLD
50.834	>>> V 0.00 0.00
50.834	S 13279627 -0.18 0.44 0.00 0.00 HOLD
50.854	>>> V 0.00 0.00
50.855	S 13279647 -0.26 0.44 0.00 0.00 HOLD
50.876	>>> V 0.00 0.00
50.880	S 13279667 -0.26 0.44 0.00 0.00 HOLD
50.893	>>> V 0.00 0.00
50.916	>>> V 0.00 0.00
50.917	S 13279687 -0.18 0.44 0.00 0.00 HOLD
50.919	S 13279707 -0.26 0.44 0.00 0.00 HOLD
50.935	>>> V 0.00 0.00
50.936	S 13279727 -0.18 0.44 0.00 0.00 HOLD
50.955	>>> V 0.00 0.00
50.956	S 13279747 -0.26 0.44 0.00 0.00 HOLD
50.976	>>> V 0.00 0.00
50.977	S 13279767 -0.26 0.44 0.00 0.00 HOLD
51.002	>>> V 0.00 0.00
51.006	S 13279787 -0.26 0.44 0.00 0.00 HOLD
51.013	>>> V 0.00 0.00
51.034	>>> V 0.00 0.00
51.038	S 13279807 -0.26 0.44 0.00 0.00 HOLD
51.039	S 13279827 -0.26 0.44 0.00 0.00 HOLD
51.057	>>> V 0.00 0.00
51.060	S 13279847 -0.18 0.44 0.00 0.00 HOLD
51.074	>>> V 0.00 0.00
51.102	>>> V 0.00 0.00
51.104	S 13279867 -0.26 0.35 0.00 0.00 HOLD
51.108	S 13279887 -0.26 0.44 0.00 0.00 HOLD
51.116	>>> V 0.00 0.00
51.119	S 13279907 -0.26 0.44 0.00 0.00 HOLD
51.135	>>> V 0.00 0.00
51.136	S 13279927 -0.26 0.44 0.00 0.00 HOLD
51.154	>>> V 0.00 0.00
51.157	S 13279947 -0.18 0.44 0.00 0.00 HOLD
51.173	>>> V 0.00 0.00
51.200	>>> V 0.00 0.00
51.203	S 13279967 -0.18 0.44 0.00 0.00 HOLD
51.206	S 13279987 -0.26 0.44 0.00 0.00 HOLD
51.214	>>> V 0.00 0.00
51.215	S 13280007 -0.26 0.44 0.00 0.00 HOLD
51.234	>>> V 0.00 0.00
51.237	S 13280027 -0.26 0.44 0.00 0.00 HOLD
51.255	>>> V 0.00 0.00
51.256	S 13280047 -0.26 0.44 0.00 0.00 HOLD
51.274	>>> V 0.00 0.00
51.275	S 13280067 -0.18 0.44 0.00 0.00 HOLD
51.293	>>> V 0.00 0.00
51.314	>>> V 0.00 0.00
51.315	S 13280087 -0.26 0.44 0.00 0.00 HOLD
51.318	S 13280107 -0.26 0.44 0.00 0.00 HOLD
51.334	>>> V 0.00 0.00
51.336	S 13280127 -0.26 0.44 0.00 0.00 HOLD
51.353	>>> V 0.00 0.00
51.354	S 13280147 -0.18 0.44 0.00 0.00 HOLD
51.375	>>> V 0.00 0.00
51.376	S 13280167 -0.18 0.44 0.00 0.00 HOLD
51.396	>>> V 0.00 0.00
51.398	S 13280187 -0.26 0.44 0.00 0.00 HOLD
51.416	>>> V 0.00 0.00
51.417	S 13280207 -0.26 0.44 0.00 0.00 HOLD
51.435	>>> V 0.00 0.00
51.437	S 13280227 -0.26 0.44 0.00 0.00 HOLD
51.455	>>> V 0.00 0.00
51.455	S 13280247 -0.26 0.44 0.00 0.00 HOLD
51.474	>>> V 0.00 0.00
51.475	S 13280267 -0.26 0.44 0.00 0.00 HOLD
51.494	>>> V 0.00 0.00
51.515	>>> V 0.00 0.00
51.516	S 13280287 -0.26 0.44 0.00 0.00 HOLD
51.518	S 13280307 -0.18 0.44 0.00 0.00 HOLD
51.534	>>> V 0.00 0.00
51.534	S 13280327 -0.18 0.44 0.00 0.00 HOLD
51.553	>>> V 0.00 0.00
51.575	>>> V 0.00 0.00
51.577	S 13280347 -0.26 0.44 0.00 0.00 HOLD
51.584	S 13280367 -0.26 0.44 0.00 0.00 HOLD
51.594	>>> V 0.00 0.00
51.615	>>> V -17.89 48.72
51.616	S 13280387 -0.18 0.35 0.00 0.00 HOLD
51.621	S 13280407 -0.26 0.44 0.00 0.00 HOLD
51.633	>>> V -17.90 48.70
51.655	>>> V -17.91 48.70
51.656	S 13280427 -0.26 0.44 0.00 0.00 TRACK
51.662	S 13280447 -0.26 0.44 0.00 0.00 TRACK
51.673	>>> V -17.91 48.70
51.694	>>> V -17.91 48.70
51.695	S 13280467 -0.35 0.44 0.00 0.00 TRACK
51.697	S 13280487 -0.62 0.70 -2.75 0.00 TRACK
51.714	>>> V -17.91 48.70
51.714	S 13280507 -0.79 1.23 -5.50 4.12 TRACK
51.734	>>> V -17.91 48.70
51.755	>>> V -17.91 48.70
51.756	S 13280527 -1.05 1.85 -8.24 12.37 TRACK
51.765	S 13280547 -1.32 2.64 -9.62 21.98 TRACK
51.774	>>> V -17.91 48.70
51.776	S 13280567 -1.67 3.43 -10.99 28.85 TRACK
51.795	>>> V -17.90 48.71
51.798	S 13280587 -2.11 4.31 -13.74 35.72 TRACK
51.816	>>> V -17.90 48.71
51.817	S 13280607 -2.46 5.36 -16.49 39.85 TRACK
51.839	>>> V -17.90 48.71
51.842	S 13280627 -2.90 6.33 -17.86 43.97 TRACK
51.859	>>> V -17.91 48.67
51.862	S 13280647 -3.25 7.29 -17.86 46.72 TRACK
51.881	>>> V -17.91 48.67
51.884	S 13280667 -3.60 8.26 -17.86 46.72 TRACK
51.895	>>> V -17.91 48.67
51.897	S 13280687 -3.96 9.58 -17.86 50.84 TRACK
51.920	>>> V -16.98 48.57
51.921	S 13280707 -4.31 10.46 -17.86 52.21 TRACK
51.935	>>> V -16.23 48.22
51.936	S 13280727 -4.66 11.34 -17.86 52.21 TRACK
51.955	>>> V -16.23 48.22
51.959	S 13280747 -5.01 12.04 -16.49 46.72 TRACK
51.976	>>> V -14.99 46.60
51.976	S 13280767 -5.36 13.01 -16.49 43.97 TRACK
51.995	>>> V -13.75 42.43
51.995	S 13280787 -5.71 14.15 -16.49 42.59 TRACK
52.018	>>> V -13.75 42.43
52.019	S 13280807 -6.06 15.29 -16.49 48.09 TRACK
52.034	>>> V -13.75 42.43
52.035	S 13280827 -6.50 16.26 -16.49 50.84 TRACK
52.055	>>> V -12.39 38.02
52.055	S 13280847 -6.77 17.14 -16.49 50.84 TRACK
52.074	>>> V -12.39 38.02
52.078	S 13280867 -7.12 18.02 -15.11 48.09 TRACK
52.095	>>> V -12.39 38.02
52.095	S 13280887 -7.38 18.90 -15.11 45.34 TRACK
52.114	>>> V -11.28 32.82
52.115	S 13280907 -7.65 19.69 -15.11 42.59 TRACK
52.139	>>> V -11.28 32.82
52.141	S 13280927 -7.91 20.48 -13.74 41.22 TRACK
52.159	>>> V -11.28 32.82
52.160	S 13280947 -8.17 21.18 -13.74 39.85 TRACK
52.182	>>> V -11.28 32.82
52.183	S 13280967 -8.35 21.88 -12.37 38.47 TRACK
52.194	>>> V -11.28 32.82
52.196	S 13280987 -8.61 22.68 -10.99 37.10 TRACK
52.218	>>> V -10.15 27.30
52.219	S 13281007 -8.79 23.38 -10.99 35.72 TRACK
52.236	>>> V -5.86 11.80
52.236	S 13281027 -9.05 23.99 -9.62 34.35 TRACK
52.255	>>> V -2.36 0.00
52.256	S 13281047 -9.32 24.61 -9.62 32.98 TRACK
52.283	>>> V -2.36 0.00
52.283	S 13281067 -9.49 25.22 -9.62 32.98 TRACK
52.294	>>> V -2.36 0.00
52.295	S 13281087 -9.67 25.66 -9.62 30.23 TRACK
52.319	>>> V -2.36 0.00
52.319	S 13281107 -9.76 26.02 -8.24 27.48 TRACK
52.334	>>> V -2.36 0.00
52.340	S 13281127 -9.93 26.19 -6.87 21.98 TRACK
52.357	>>> V -2.36 0.00
52.362	S 13281147 -9.93 26.19 -5.50 15.11 TRACK
52.383	>>> V 0.00 -6.06
52.384	S 13281167 -10.02 26.28 -4.12 9.62 TRACK
52.399	>>> V 0.00 -9.16
52.403	S 13281187 -10.02 26.28 -2.75 4.12 TRACK
52.416	>>> V 0.00 -9.16
52.419	S 13281207 -10.02 26.28 -1.37 1.37 TRACK
52.438	>>> V 0.00 -11.89
52.441	S 13281227 -10.02 26.19 0.00 0.00 TRACK
52.459	>>> V 0.00 -14.46
52.460	S 13281247 -10.02 26.10 0.00 0.00 TRACK
52.480	>>> V 0.00 -14.46
52.481	S 13281267 -10.02 26.02 0.00 -1.37 TRACK
52.498	>>> V 0.00 -14.46
52.504	S 13281287 -10.02 25.84 0.00 -4.12 TRACK
52.518	>>> V 0.00 -14.46
52.519	S 13281307 -10.02 25.58 0.00 -5.50 TRACK
52.534	>>> V 0.00 -15.95
52.534	S 13281327 -10.02 25.31 0.00 -8.24 TRACK
52.556	>>> V 0.00 -16.62
52.557	S 13281347 -10.02 24.96 0.00 -10.99 TRACK
52.575	>>> V 0.00 -16.62
52.575	S 13281367 -10.02 24.70 0.00 -12.37 TRACK
52.594	>>> V 0.00 -16.66
52.595	S 13281387 -10.02 24.35 0.00 -13.74 TRACK
52.613	>>> V 0.00 -16.67
52.615	S 13281407 -10.02 24.08 0.00 -13.74 TRACK
52.634	>>> V 0.00 -16.67
52.634	S 13281427 -10.02 23.73 0.00 -13.74 TRACK
52.654	>>> V 0.00 -16.50
52.675	>>> V 0.00 -15.93
52.676	S 13281447 -10.02 23.47 0.00 -15.11 TRACK
52.679	S 13281467 -10.02 23.12 0.00 -15.11 TRACK
52.693	>>> V 0.00 -15.93
52.714	>>> V 0.00 -14.93
52.715	S 13281487 -10.02 22.76 0.00 -15.11 TRACK
52.717	S 13281507 -10.02 22.41 0.00 -15.11 TRACK
52.733	>>> V 0.00 -14.93
52.754	>>> V 0.00 -13.74
52.755	S 13281527 -9.93 22.15 0.00 -16.49 TRACK
52.756	S 13281547 -10.02 21.80 0.00 -15.11 TRACK
52.775	>>> V 0.00 -13.74
52.779	S 13281567 -10.02 21.45 0.00 -16.49 TRACK
52.793	>>> V 0.00 -12.42
52.815	>>> V 0.00 -11.10
52.816	S 13281587 -10.02 21.18 0.00 -15.11 TRACK
52.820	S 13281607 -10.02 20.83 0.00 -15.11 TRACK
52.834	>>> V 0.00 -11.10
52.835	S 13281627 -10.02 20.57 0.00 -15.11 TRACK
52.854	>>> V 0.00 -9.69
52.855	S 13281647 -10.02 20.30 0.00 -13.74 TRACK
52.874	>>> V 0.00 -9.69
52.894	>>> V 0.00 -8.22
52.894	S 13281667 -9.93 20.04 0.00 -13.74 TRACK
52.915	>>> V 0.00 -8.22
52.916	S 13281687 -10.02 19.86 0.00 -12.37 TRACK
52.919	S 13281707 -10.02 19.69 0.00 -10.99 TRACK
52.933	>>> V 0.00 -6.79
52.954	>>> V 0.00 -5.37
52.955	S 13281727 -10.02 19.42 0.00 -10.99 TRACK
52.960	S 13281747 -10.02 19.25 0.00 -9.62 TRACK
52.976	>>> V 0.00 -5.37
52.976	S 13281767 -10.02 19.07 0.00 -9.62 TRACK
52.995	>>> V 0.00 -3.98
52.995	S 13281787 -10.02 18.90 0.00 -9.62 TRACK
53.014	>>> V 0.00 0.00
53.015	S 13281807 -10.02 18.72 0.00 -8.24 TRACK
53.034	>>> V 0.00 0.00
53.054	>>> V 0.00 0.00
53.055	S 13281827 -10.02 18.63 0.00 -6.87 TRACK
53.060	S 13281847 -10.02 18.63 0.00 -5.50 TRACK
53.074	>>> V 0.00 0.00
53.075	S 13281867 -10.02 18.54 0.00 -4.12 TRACK
53.095	>>> V 0.00 0.00
53.095	S 13281887 -10.02 18.54 0.00 -2.75 TRACK
53.114	>>> V 0.00 0.00
53.134	>>> V 0.00 0.00
53.134	S 13281907 -10.02 18.54 0.00 -1.37 TRACK
53.159	>>> V 0.00 0.00
53.160	S 13281927 -10.02 18.54 0.00 0.00 TRACK
53.163	S 13281947 -9.93 18.63 0.00 0.00 TRACK
53.175	>>> V 0.00 0.00
53.175	S 13281967 -9.93 18.54 0.00 0.00 TRACK
53.194	>>> V 0.00 2.87
53.214	>>> V 0.00 2.87
53.215	S 13281987 -10.02 18.63 0.00 0.00 TRACK
53.234	>>> V 0.00 2.87
53.235	S 13282007 -9.93 18.63 0.00 0.00 TRACK
53.238	S 13282027 -10.02 18.63 0.00 0.00 TRACK
53.254	>>> V 0.00 2.94
53.255	S 13282047 -9.93 18.54 0.00 0.00 TRACK
53.274	>>> V 0.00 0.00
53.274	S 13282067 -9.93 18.63 0.00 0.00 TRACK
53.294	>>> V 0.00 2.94
53.295	S 13282087 -10.02 18.54 0.00 0.00 TRACK
53.314	>>> V 0.00 2.94
53.335	>>> V 0.00 2.91
53.335	S 13282107 -10.02 18.63 0.00 0.00 TRACK
53.337	S 13282127 -10.02 18.63 0.00 0.00 TRACK
53.356	>>> V 0.00 2.91
53.357	S 13282147 -9.93 18.63 0.00 0.00 TRACK
53.374	>>> V 0.00 2.93
53.395	>>> V 0.00 2.93
53.396	S 13282167 -9.93 18.72 0.00 1.37 TRACK
53.400	S 13282187 -10.02 18.90 0.00 2.75 TRACK
53.414	>>> V 0.00 2.91
53.414	S 13282207 -10.02 18.90 0.00 2.75 TRACK
53.434	>>> V 0.00 2.91
53.456	>>> V 0.00 2.92
53.458	S 13282227 -9.93 18.90 0.00 2.75 TRACK
53.462	S 13282247 -10.02 18.90 0.00 1.37 TRACK
53.474	>>> V 0.00 0.00
53.495	>>> V 0.00 0.00
53.495	S 13282267 -10.02 18.98 0.00 1.37 TRACK
53.497	S 13282287 -10.02 19.07 0.00 1.37 TRACK
53.514	>>> V 0.00 0.00
53.516	S 13282307 -9.93 19.16 0.00 2.75 TRACK
53.534	>>> V 0.00 0.00
53.535	S 13282327 -10.02 19.16 0.00 2.75 TRACK
53.555	>>> V 0.00 0.00
53.556	S 13282347 -10.02 19.07 0.00 1.37 TRACK
53.574	>>> V 0.00 0.00
53.574	S 13282367 -10.02 19.16 0.00 0.00 TRACK
53.594	>>> V 0.00 0.00
53.614	>>> V 0.00 0.00
53.617	S 13282387 -10.02 19.16 0.00 0.00 TRACK
53.620	S 13282407 -10.02 19.16 0.00 0.00 TRACK
53.633	>>> V 0.00 0.00
53.654	>>> V 0.00 0.00
53.655	S 13282427 -10.02 19.07 0.00 0.00 TRACK
53.657	S 13282447 -10.02 19.16 0.00 0.00 TRACK
53.673	>>> V 0.00 0.00
53.693	>>> V 0.00 0.00
53.693	S 13282467 -9.93 19.16 0.00 0.00 TRACK
53.714	>>> V 0.00 0.00
53.715	S 13282487 -10.02 19.16 0.00 0.00 TRACK
53.720	S 13282507 -9.93 19.16 0.00 0.00 TRACK
53.734	>>> V 0.00 0.00
53.755	>>> V 0.00 0.00
53.756	S 13282527 -10.02 19.16 0.00 0.00 TRACK
53.758	S 13282547 -10.02 19.16 0.00 0.00 TRACK
53.776	>>> V 0.00 0.00
53.777	S 13282567 -10.02 19.16 0.00 0.00 TRACK
53.794	>>> V 0.00 0.00
53.795	S 13282587 -10.02 19.16 0.00 0.00 TRACK
53.817	>>> V 0.00 0.00
53.818	S 13282607 -9.93 19.16 0.00 0.00 TRACK
53.834	>>> V 0.00 0.00
53.855	>>> V 0.00 0.00
53.855	S 13282627 -10.02 19.16 0.00 0.00 TRACK
53.859	S 13282647 -10.02 19.07 0.00 0.00 TRACK
53.874	>>> V 0.00 0.00
53.876	S 13282667 -10.02 19.16 0.00 0.00 TRACK
53.895	>>> V 0.00 0.00
53.895	S 13282687 -10.02 19.16 0.00 0.00 TRACK
53.913	>>> V 0.00 0.00
53.915	S 13282707 -10.02 19.16 0.00 0.00 TRACK
53.934	>>> V 0.00 0.00
53.954	>>> V 0.00 0.00
53.955	S 13282727 -10.02 19.16 0.00 0.00 TRACK
53.958	S 13282747 -10.02 19.16 0.00 0.00 TRACK
53.973	>>> V 0.00 0.00
53.995	>>> V 0.00 0.00
53.995	S 13282767 -9.93 19.16 0.00 0.00 TRACK
53.999	S 13282787 -10.02 19.16 0.00 0.00 TRACK
54.014	>>> V 0.00 0.00
54.033	>>> V 0.00 0.00
54.034	S 13282807 -9.93 19.16 0.00 0.00 TRACK
54.053	>>> V 0.00 0.00
54.056	S 13282827 -9.93 19.16 0.00 0.00 TRACK
54.059	S 13282847 -9.93 19.16 0.00 0.00 TRACK
54.074	>>> V 0.00 0.00
54.094	>>> V 0.00 0.00
54.095	S 13282867 -10.02 19.16 0.00 0.00 TRACK
54.098	S 13282887 -10.02 19.16 0.00 0.00 TRACK
54.114	>>> V 0.00 0.00
54.134	>>> V 0.00 0.00
54.134	S 13282907 -10.02 19.16 0.00 0.00 TRACK
54.153	>>> V 0.00 0.00
54.156	S 13282927 -10.02 19.16 0.00 0.00 TRACK
54.162	S 13282947 -10.02 19.16 0.00 0.00 TRACK
54.174	>>> V 0.00 0.00
54.175	S 13282967 -9.93 19.16 0.00 0.00 TRACK
54.193	>>> V 0.00 0.00
54.214	>>> V 0.00 0.00
54.215	S 13282987 -10.02 19.07 0.00 0.00 TRACK
54.218	S 13283007 -9.93 19.07 0.00 0.00 TRACK
54.234	>>> V 0.00 0.00
54.256	>>> V 0.00 0.00
54.256	S 13283027 -9.93 19.16 0.00 0.00 TRACK
54.260	S 13283047 -9.93 19.16 0.00 0.00 TRACK
54.274	>>> V 0.00 0.00
54.275	S 13283067 -9.93 19.16 0.00 0.00 TRACK
54.294	>>> V 0.00 0.00
54.314	>>> V 0.00 0.00
54.315	S 13283087 -10.02 19.07 0.00 0.00 TRACK
54.316	S 13283107 -10.02 19.16 0.00 0.00 TRACK
54.333	>>> V 0.00 0.00
54.355	>>> V 0.00 0.00
54.356	S 13283127 -10.02 19.16 0.00 0.00 TRACK
54.357	S 13283147 -10.02 19.16 0.00 0.00 TRACK
54.373	>>> V 0.00 0.00
54.375	S 13283167 -10.02 19.16 0.00 0.00 TRACK
54.394	>>> V 0.00 0.00
54.421	>>> V 0.00 0.00
54.423	S 13283187 -10.02 19.16 0.00 0.00 TRACK
54.426	S 13283207 -9.93 19.16 0.00 0.00 TRACK
54.434	>>> V 0.00 0.00
54.457	>>> V 0.00 0.00
54.458	S 13283227 -9.93 19.16 0.00 0.00 TRACK
54.460	S 13283247 -10.02 19.16 0.00 0.00 TRACK
54.474	>>> V 0.00 0.00
54.475	S 13283267 -9.93 19.16 0.00 0.00 TRACK
54.494	>>> V 0.00 0.00
54.495	S 13283287 -10.02 19.07 0.00 0.00 TRACK
54.513	>>> V 0.00 0.00
54.515	S 13283307 -10.02 19.16 0.00 0.00 TRACK
54.534	>>> V 0.00 0.00
54.556	>>> V 0.00 0.00
54.558	S 13283327 -10.02 19.16 0.00 0.00 TRACK
54.562	S 13283347 -10.02 19.16 0.00 0.00 TRACK
54.573	>>> V 0.00 0.00
54.596	>>> V 0.00 0.00
54.597	S 13283367 -10.02 19.16 0.00 0.00 TRACK
54.601	S 13283387 -9.93 19.16 0.00 0.00 TRACK
54.615	>>> V 0.00 0.00
54.616	S 13283407 -9.93 19.16 0.00 0.00 TRACK
54.634	>>> V 0.00 0.00
54.635	S 13283427 -9.93 19.16 0.00 0.00 TRACK
54.654	>>> V 0.00 0.00
54.674	>>> V 0.00 0.00
54.674	S 13283447 -9.93 19.16 0.00 0.00 TRACK
54.693	>>> V 0.00 0.00
54.693	S 13283467 -10.02 19.16 0.00 0.00 TRACK
54.713	>>> V 0.00 0.00
54.714	S 13283487 -10.02 19.16 0.00 0.00 TRACK
54.734	>>> V 0.00 0.00
54.735	S 13283507 -10.02 19.16 0.00 0.00 TRACK
54.740	S 13283527 -10.02 19.16 0.00 0.00 TRACK
54.755	>>> V 0.00 0.00
54.755	S 13283547 -10.02 19.16 0.00 0.00 TRACK
54.776	>>> V 0.00 0.00
54.777	S 13283567 -10.02 19.07 0.00 0.00 TRACK
54.796	>>> V 0.00 0.00
54.797	S 13283587 -10.02 19.07 0.00 0.00 TRACK
54.814	>>> V 0.00 0.00
54.815	S 13283607 -9.93 19.16 0.00 0.00 TRACK
54.833	>>> V 0.00 0.00
54.836	S 13283627 -10.02 19.16 0.00 0.00 TRACK
54.854	>>> V 0.00 0.00
54.855	S 13283647 -10.02 19.16 0.00 0.00 TRACK
54.874	>>> V 0.00 0.00
54.893	>>> V 0.00 0.00
54.894	S 13283667 -9.93 19.16 0.00 0.00 TRACK
54.916	>>> V 0.00 0.00
54.916	S 13283687 -9.93 19.16 0.00 0.00 TRACK
54.921	S 13283707 -10.02 19.16 0.00 0.00 TRACK
54.934	>>> V 0.00 0.00
54.936	S 13283727 -10.02 19.16 0.00 0.00 TRACK
54.955	>>> V 0.00 0.00
54.956	S 13283747 -10.02 19.16 0.00 0.00 TRACK
54.974	>>> V 0.00 0.00
54.975	S 13283767 -9.93 19.16 0.00 0.00 TRACK
54.994	>>> V 0.00 0.00
55.015	>>> V 0.00 0.00
55.015	S 13283787 -10.02 19.07 0.00 0.00 TRACK
55.020	S 13283807 -10.02 19.16 0.00 0.00 TRACK
55.033	>>> V 0.00 0.00
55.036	S 13283827 -9.93 19.07 0.00 0.00 TRACK
55.055	>>> V 0.00 0.00
55.056	S 13283847 -9.93 19.16 0.00 0.00 TRACK
55.074	>>> V 0.00 0.00
55.075	S 13283867 -10.02 19.07 0.00 0.00 TRACK
55.094	>>> V 0.00 0.00
55.115	>>> V 0.00 0.00
55.115	S 13283887 -10.02 19.16 0.00 0.00 TRACK
55.118	S 13283907 -10.02 19.07 0.00 0.00 TRACK
55.137	>>> V 0.00 0.00
55.138	S 13283927 -9.93 19.07 0.00 0.00 TRACK
55.154	>>> V 0.00 0.00
55.155	S 13283947 -9.93 19.16 0.00 0.00 TRACK
55.173	>>> V 0.00 0.00
55.194	>>> V 0.00 0.00
55.196	S 13283967 -10.02 19.16 0.00 0.00 TRACK
55.200	S 13283987 -10.02 19.16 0.00 0.00 TRACK
55.214	>>> V 0.00 0.00
55.215	S 13284007 -10.02 19.16 0.00 0.00 TRACK
55.233	>>> V 0.00 0.00
55.254	>>> V 0.00 0.00
55.254	S 13284027 -9.93 19.16 0.00 0.00 TRACK
55.274	>>> V 0.00 0.00
55.275	S 13284047 -10.02 19.16 0.00 0.00 TRACK
55.294	>>> V 0.00 0.00
55.294	S 13284067 -10.02 19.16 0.00 0.00 TRACK
55.315	>>> V 0.00 0.00
55.316	S 13284087 -10.02 19.16 0.00 0.00 TRACK
55.318	S 13284107 -9.93 19.16 0.00 0.00 TRACK
55.336	>>> V 0.00 0.00
55.336	S 13284127 -10.02 19.16 0.00 0.00 TRACK
55.354	>>> V 0.00 0.00
55.374	>>> V 0.00 0.00
55.375	S 13284147 -9.93 19.16 0.00 0.00 TRACK
55.378	S 13284167 -10.02 19.16 0.00 0.00 TRACK
55.395	>>> V 0.00 0.00
55.397	S 13284187 -10.02 19.16 0.00 0.00 TRACK
55.422	>>> V 0.00 0.00
55.424	S 13284207 -10.02 19.07 0.00 0.00 TRACK
55.435	>>> V 0.00 0.00
55.436	S 13284227 -10.02 19.16 0.00 0.00 TRACK
55.461	>>> V 0.00 0.00
55.462	S 13284247 -10.02 19.16 0.00 0.00 TRACK
55.476	>>> V 0.00 0.00
55.476	S 13284267 -10.02 19.16 0.00 0.00 TRACK
55.494	>>> V 0.00 0.00
55.496	S 13284287 -10.02 19.07 0.00 0.00 TRACK
55.515	>>> V 0.00 0.00
55.517	S 13284307 -10.02 19.16 0.00 0.00 TRACK
55.536	>>> V 0.00 0.00
55.537	S 13284327 -10.02 19.16 0.00 0.00 TRACK
55.554	>>> V 0.00 0.00
55.558	S 13284347 -9.93 19.16 0.00 0.00 TRACK
55.574	>>> V 0.00 0.00
55.576	S 13284367 -10.02 19.07 0.00 0.00 TRACK
55.596	>>> V 0.00 0.00
55.597	S 13284387 -10.02 19.16 0.00 0.00 TRACK
55.621	>>> V 0.00 0.00
55.623	S 13284407 -10.02 19.16 0.00 0.00 TRACK
55.633	>>> V 0.00 0.00
55.703	>>> V 0.00 0.00
55.709	S 13284427 -10.02 19.16 0.00 0.00 TRACK
55.723	S 13284447 -9.93 19.16 0.00 0.00 TRACK
55.724	S 13284467 -10.02 19.16 0.00 0.00 TRACK
55.733	S 13284487 -10.02 19.16 0.00 0.00 TRACK
55.750	>>> V 0.00 0.00
55.750	S 13284507 -10.02 19.16 0.00 0.00 TRACK
55.752	S 13284527 -9.93 19.07 0.00 0.00 TRACK
55.768	>>> V 0.00 0.00
55.774	S 13284547 -10.02 19.16 0.00 0.00 TRACK
55.791	>>> V 0.00 0.00
55.793	S 13284567 -10.02 19.16 0.00 0.00 TRACK
55.810	>>> V 0.00 0.00
55.814	S 13284587 -10.02 19.16 0.00 0.00 TRACK
55.834	>>> V 0.00 0.00
55.835	S 13284607 -10.02 19.07 0.00 0.00 TRACK
55.847	>>> V 0.00 0.00
55.850	S 13284627 -10.02 19.16 0.00 0.00 TRACK
55.861	>>> V 0.00 0.00
55.864	S 13284647 -10.02 19.16 0.00 0.00 TRACK
55.884	>>> V 0.00 0.00
55.889	S 13284667 -9.93 19.16 0.00 0.00 TRACK
55.907	>>> V 0.00 0.00
55.910	S 13284687 -10.02 19.16 0.00 0.00 TRACK
55.924	>>> V 0.00 0.00
55.924	S 13284707 -10.02 19.16 0.00 0.00 TRACK
55.944	>>> V 0.00 0.00
55.947	S 13284727 -10.02 19.16 0.00 0.00 TRACK
55.963	>>> V 0.00 0.00
55.968	S 13284747 -10.02 19.16 0.00 0.00 TRACK
55.981	>>> V 0.00 0.00
55.984	S 13284767 -10.02 19.16 0.00 0.00 TRACK
56.002	>>> V 0.00 0.00
56.009	S 13284787 -10.02 19.16 0.00 0.00 TRACK
56.022	>>> V 0.00 0.00
56.022	S 13284807 -10.02 19.16 0.00 0.00 TRACK
56.047	>>> V 0.00 0.00
56.048	S 13284827 -10.02 19.16 0.00 0.00 TRACK
56.059	>>> V 0.00 0.00
56.067	S 13284847 -9.93 19.16 0.00 0.00 TRACK
56.093	>>> V 0.00 0.00
56.094	S 13284867 -10.02 19.16 0.00 0.00 TRACK
56.104	>>> V 0.00 0.00
56.109	S 13284887 -10.02 19.16 0.00 0.00 TRACK
56.128	>>> V 0.00 0.00
56.131	S 13284907 -9.93 19.16 0.00 0.00 TRACK
56.134	>>> V 0.00 0.00
56.140	S 13284927 -9.93 19.16 0.00 0.00 TRACK
56.165	>>> V 0.00 0.00
56.166	S 13284947 -10.02 19.16 0.00 0.00 TRACK
56.194	>>> V 0.00 0.00
56.200	S 13284967 -10.02 19.07 0.00 0.00 TRACK
56.202	S 13284987 -10.02 19.07 0.00 0.00 TRACK
56.229	>>> V 0.00 0.00
56.230	S 13285007 -10.02 19.16 0.00 0.00 TRACK
56.247	>>> V 0.00 0.00
56.248	S 13285027 -9.93 19.07 0.00 0.00 TRACK
56.260	>>> V 0.00 0.00
56.261	S 13285047 -10.02 19.16 0.00 0.00 TRACK
56.275	>>> V 0.00 0.00
56.279	S 13285067 -9.93 19.16 0.00 0.00 TRACK
56.299	>>> V 0.00 0.00
56.302	S 13285087 -10.02 19.16 0.00 0.00 TRACK
56.322	>>> V 0.00 0.00
56.325	S 13285107 -10.02 19.16 0.00 0.00 TRACK
56.341	>>> V 0.00 0.00
56.341	S 13285127 -10.02 19.16 0.00 0.00 TRACK
56.362	>>> V 0.00 0.00
56.362	S 13285147 -9.93 19.16 0.00 0.00 TRACK
56.375	>>> V 0.00 0.00
56.379	S 13285167 -9.93 19.16 0.00 0.00 TRACK
56.396	>>> V 0.00 0.00
56.398	S 13285187 -10.02 19.16 0.00 0.00 TRACK
56.415	>>> V 0.00 0.00
56.417	S 13285207 -10.02 19.16 0.00 0.00 TRACK
56.436	>>> V 0.00 0.00
56.439	S 13285227 -9.93 19.16 0.00 0.00 TRACK
56.462	>>> V 0.00 0.00
56.465	S 13285247 -10.02 19.07 0.00 0.00 TRACK
56.481	>>> V 0.00 0.00
56.484	S 13285267 -10.02 19.16 0.00 0.00 TRACK
56.494	>>> V 0.00 0.00
56.501	S 13285287 -10.02 19.16 0.00 0.00 TRACK
56.516	>>> V 0.00 0.00
56.519	S 13285307 -10.02 19.16 0.00 0.00 TRACK
56.534	>>> V 0.00 0.00
56.556	>>> V 0.00 0.00
56.559	S 13285327 -9.93 19.16 0.00 0.00 TRACK
56.568	S 13285347 -10.02 19.16 0.00 0.00 TRACK
56.581	>>> V 0.00 0.00
56.581	S 13285367 -10.02 19.16 0.00 0.00 TRACK
56.604	>>> V 0.00 0.00
56.607	S 13285387 -9.93 19.16 0.00 0.00 TRACK
56.616	>>> V 0.00 0.00
56.624	S 13285407 -10.02 19.16 0.00 0.00 TRACK
56.649	>>> V 0.00 0.00
56.650	S 13285427 -10.02 19.16 0.00 0.00 TRACK
56.665	>>> V 0.00 0.00
56.674	S 13285447 -10.02 19.16 0.00 0.00 TRACK
56.686	>>> V 0.00 0.00
56.693	S 13285467 -9.93 19.07 0.00 0.00 TRACK
56.716	>>> V 0.00 0.00
56.718	S 13285487 -10.02 19.16 0.00 0.00 TRACK
56.723	S 13285507 -10.02 19.16 0.00 0.00 TRACK
56.757	>>> V 0.00 0.00
56.760	S 13285527 -9.93 19.16 0.00 0.00 TRACK
56.770	S 13285547 -10.02 19.16 0.00 0.00 TRACK
56.783	>>> V 0.00 0.00
56.789	S 13285567 -10.02 19.16 0.00 0.00 TRACK
56.800	>>> V 0.00 0.00
56.801	S 13285587 -9.93 19.16 0.00 0.00 TRACK
56.814	>>> V 0.00 0.00
56.815	S 13285607 -10.02 19.07 0.00 0.00 TRACK
56.834	>>> V 0.00 0.00
56.836	S 13285627 -10.02 19.16 0.00 0.00 TRACK
56.854	>>> V 0.00 0.00
56.856	S 13285647 -10.02 19.07 0.00 0.00 TRACK
56.877	>>> V 0.00 0.00
56.880	S 13285667 -10.02 19.16 0.00 0.00 TRACK
56.894	>>> V 0.00 0.00
56.896	S 13285687 -10.02 19.16 0.00 0.00 TRACK
56.917	>>> V 0.00 0.00
56.919	S 13285707 -10.02 19.16 0.00 0.00 TRACK
56.934	>>> V 0.00 0.00
56.956	>>> V 0.00 0.00
56.957	S 13285727 -10.02 19.16 0.00 0.00 TRACK
56.959	S 13285747 -10.02 19.07 0.00 0.00 TRACK
56.974	>>> V 0.00 0.00
56.994	>>> V 0.00 0.00
56.996	S 13285767 -10.02 19.16 0.00 0.00 TRACK
57.001	S 13285787 -9.93 19.16 0.00 0.00 TRACK
57.013	>>> V 0.00 0.00
57.015	S 13285807 -9.93 19.16 0.00 0.00 TRACK
57.034	>>> V 0.00 0.00
57.037	S 13285827 -10.02 19.16 0.00 0.00 TRACK
57.054	>>> V 0.00 0.00
57.082	>>> V 0.00 0.00
57.083	S 13285847 -10.02 19.16 0.00 0.00 TRACK
57.091	S 13285867 -10.02 19.16 0.00 0.00 TRACK
57.102	>>> V 0.00 0.00
57.105	S 13285887 -10.02 19.16 0.00 0.00 TRACK
57.114	>>> V 0.00 0.00
57.117	S 13285907 -9.93 19.16 0.00 0.00 TRACK
57.137	>>> V 0.00 0.00
57.137	S 13285927 -9.93 19.16 0.00 0.00 TRACK
57.161	>>> V 0.00 0.00
57.161	S 13285947 -10.02 19.16 0.00 0.00 TRACK
57.175	>>> V 0.00 0.00
57.176	S 13285967 -10.02 19.16 0.00 0.00 TRACK
57.196	>>> V 0.00 0.00
57.198	S 13285987 -10.02 19.16 0.00 0.00 TRACK
57.216	>>> V 0.00 0.00
57.217	S 13286007 -10.02 19.07 0.00 0.00 TRACK
57.241	>>> V 0.00 0.00
57.243	S 13286027 -10.02 19.16 0.00 0.00 TRACK
57.257	>>> V 0.00 0.00
57.259	S 13286047 -10.02 19.07 0.00 0.00 TRACK
57.282	>>> V 0.00 0.00
57.285	S 13286067 -10.02 19.16 0.00 0.00 TRACK
57.298	>>> V 0.00 0.00
57.301	S 13286087 -9.93 19.16 0.00 0.00 TRACK
57.318	>>> V 0.00 0.00
57.319	S 13286107 -10.02 19.16 0.00 0.00 TRACK
57.335	>>> V 0.00 0.00
57.335	S 13286127 -10.02 19.16 0.00 0.00 TRACK
57.357	>>> V 0.00 0.00
57.358	S 13286147 -10.02 19.16 0.00 0.00 TRACK
57.373	>>> V 0.00 0.00
57.376	S 13286167 -9.93 19.16 0.00 0.00 TRACK
57.394	>>> V 0.00 0.00
57.417	>>> V 0.00 0.00
57.423	S 13286187 -9.93 19.16 0.00 0.00 TRACK
57.425	S 13286207 -10.02 19.16 0.00 0.00 TRACK
57.435	>>> V 0.00 0.00
57.440	S 13286227 -10.02 19.16 0.00 0.00 TRACK
57.463	>>> V 0.00 0.00
57.466	S 13286247 -10.02 19.16 0.00 0.00 TRACK
57.478	>>> V 0.00 0.00
57.479	S 13286267 -9.93 19.16 0.00 0.00 TRACK
57.495	>>> V 0.00 0.00
57.497	S 13286287 -10.02 19.16 0.00 0.00 TRACK
57.514	>>> V 0.00 0.00
57.517	S 13286307 -10.02 19.16 0.00 0.00 TRACK
57.535	>>> V 0.00 0.00
57.538	S 13286327 -10.02 19.16 0.00 0.00 TRACK
57.555	>>> V 0.00 0.00
57.556	S 13286347 -10.02 19.07 0.00 0.00 TRACK
57.578	>>> V 0.00 0.00
57.581	S 13286367 -9.93 19.16 0.00 0.00 TRACK
57.596	>>> V 0.00 0.00
57.596	S 13286387 -10.02 19.16 0.00 0.00 TRACK
57.619	>>> V 0.00 0.00
57.620	S 13286407 -10.02 19.16 0.00 0.00 TRACK
57.636	>>> V 0.00 0.00
57.637	S 13286427 -10.02 19.16 0.00 0.00 TRACK
57.659	>>> V 0.00 0.00
57.659	S 13286447 -10.02 19.07 0.00 0.00 TRACK
57.676	>>> V 0.00 0.00
57.678	S 13286467 -10.02 19.16 0.00 0.00 TRACK
57.696	>>> V 0.00 0.00
57.697	S 13286487 -10.02 19.07 0.00 0.00 TRACK
57.713	>>> V 0.00 0.00
57.716	S 13286507 -10.02 19.16 0.00 0.00 TRACK
57.733	>>> V 0.00 0.00
57.735	S 13286528 -9.93 19.16 0.00 0.00 TRACK
57.756	>>> V 0.00 0.00
57.757	S 13286548 -9.93 19.16 0.00 0.00 TRACK
57.775	>>> V 0.00 0.00
57.777	S 13286568 -10.02 19.16 0.00 0.00 TRACK
57.794	>>> V 0.00 0.00
57.795	S 13286588 -9.93 19.16 0.00 0.00 TRACK
57.816	>>> V 0.00 0.00
57.817	S 13286608 -9.93 19.16 0.00 0.00 TRACK
57.835	>>> V 0.00 0.00
57.861	>>> V 0.00 0.00
57.862	S 13286628 -10.02 19.16 0.00 0.00 TRACK
57.863	S 13286648 -9.93 19.16 0.00 0.00 TRACK
57.877	>>> V 0.00 0.00
57.878	S 13286668 -9.93 19.07 0.00 0.00 TRACK
57.896	>>> V 0.00 0.00
57.897	S 13286688 -9.93 19.16 0.00 0.00 TRACK
57.917	>>> V 0.00 0.00
57.920	S 13286708 -9.93 19.16 0.00 0.00 TRACK
57.937	>>> V 0.00 0.00
57.938	S 13286728 -9.93 19.16 0.00 0.00 TRACK
57.954	>>> V 0.00 0.00
57.955	S 13286748 -9.93 19.16 0.00 0.00 TRACK
57.978	>>> V 0.00 0.00
57.981	S 13286768 -9.93 19.16 0.00 0.00 TRACK
57.999	>>> V 0.00 0.00
58.000	S 13286788 -9.93 19.16 0.00 0.00 TRACK
58.015	>>> V 0.00 0.00
58.020	S 13286808 -10.02 19.16 0.00 0.00 TRACK
58.033	>>> V 0.00 0.00
58.055	>>> V 0.00 0.00
58.058	S 13286828 -10.02 19.16 0.00 0.00 TRACK
58.062	S 13286848 -9.93 19.07 0.00 0.00 TRACK
58.077	>>> V 0.00 0.00
58.078	S 13286868 -9.93 19.16 0.00 0.00 TRACK
58.097	>>> V 0.00 0.00
58.100	S 13286888 -9.93 19.16 0.00 0.00 TRACK
58.115	>>> V 0.00 0.00
58.116	S 13286908 -10.02 19.16 0.00 0.00 TRACK
58.133	>>> V 0.00 0.00
58.136	S 13286928 -9.93 19.16 0.00 0.00 TRACK
58.155	>>> V 0.00 0.00
58.157	S 13286948 -9.93 19.16 0.00 0.00 TRACK
58.175	>>> V 0.00 0.00
58.178	S 13286968 -9.93 19.07 0.00 0.00 TRACK
58.194	>>> V 0.00 0.00
58.214	>>> V 0.00 0.00
58.216	S 13286988 -10.02 19.16 0.00 0.00 TRACK
58.218	S 13287008 -10.02 19.16 0.00 0.00 TRACK
58.234	>>> V 0.00 0.00
58.236	S 13287028 -9.93 19.16 0.00 0.00 TRACK
58.253	>>> V 0.00 0.00
58.274	>>> V 0.00 0.00
58.275	S 13287048 -9.93 19.16 0.00 0.00 TRACK
58.276	S 13287068 -10.02 19.16 0.00 0.00 TRACK
58.293	>>> V 0.00 0.00
58.295	S 13287088 -9.93 19.16 0.00 0.00 TRACK
58.316	>>> V 0.00 0.00
58.317	S 13287108 -10.02 19.16 0.00 0.00 TRACK
58.342	>>> V 0.00 0.00
58.343	S 13287128 -9.93 19.16 0.00 0.00 TRACK
58.354	>>> V 0.00 0.00
58.358	S 13287148 -10.02 19.16 0.00 0.00 TRACK
58.378	>>> V 0.00 0.00
58.384	S 13287168 -9.93 19.16 0.00 0.00 TRACK
58.395	>>> V 0.00 0.00
58.400	S 13287188 -10.02 19.16 0.00 0.00 TRACK
58.413	>>> V 0.00 0.00
58.415	S 13287208 -10.02 19.16 0.00 0.00 TRACK
58.435	>>> V 0.00 0.00
58.444	S 13287228 -9.93 19.16 0.00 0.00 TRACK
58.462	>>> V 0.00 0.00
58.463	S 13287248 -10.02 19.16 0.00 0.00 TRACK
58.488	>>> V 0.00 0.00
58.491	S 13287268 -10.02 19.16 0.00 0.00 TRACK
58.498	>>> V 0.00 0.00
58.506	S 13287288 -10.02 19.16 0.00 0.00 TRACK
58.520	>>> V 0.00 0.00
58.524	S 13287308 -10.02 19.16 0.00 0.00 TRACK
58.539	>>> V 0.00 0.00
58.543	S 13287328 -10.02 19.16 0.00 0.00 TRACK
58.567	>>> V 0.00 0.00
58.567	S 13287348 -10.02 19.16 0.00 0.00 TRACK
58.589	>>> V 0.00 0.00
58.589	S 13287368 -10.02 19.16 0.00 0.00 TRACK
58.607	>>> V 0.00 0.00
58.609	S 13287388 -9.93 19.16 0.00 0.00 TRACK
58.625	>>> V 0.00 0.00
58.634	S 13287408 -10.02 19.16 0.00 0.00 TRACK
58.641	>>> V 0.00 0.00
58.647	S 13287428 -10.02 19.16 0.00 0.00 TRACK
58.674	>>> V 0.00 0.00
58.680	S 13287448 -9.93 19.16 0.00 0.00 TRACK
58.685	S 13287468 -9.93 19.16 0.00 0.00 TRACK
58.696	>>> V 0.00 0.00
58.709	S 13287488 -10.02 19.16 0.00 0.00 TRACK
58.726	>>> V 0.00 0.00
58.729	S 13287508 -10.02 19.16 0.00 0.00 TRACK
58.746	>>> V 0.00 0.00
58.755	S 13287528 -10.02 19.16 0.00 0.00 TRACK
58.770	>>> V 0.00 0.00
58.776	S 13287548 -10.02 19.16 0.00 0.00 TRACK
58.780	S 13287568 -10.02 19.16 0.00 0.00 TRACK
58.799	>>> V 0.00 0.00
58.802	S 13287588 -9.93 19.16 0.00 0.00 TRACK
58.818	>>> V 0.00 0.00
58.820	S 13287608 -9.93 19.16 0.00 0.00 TRACK
58.844	>>> V 0.00 0.00
58.849	S 13287628 -10.02 19.16 0.00 0.00 TRACK
58.865	>>> V 0.00 0.00
58.872	S 13287648 -10.02 19.16 0.00 0.00 TRACK
58.879	>>> V 0.00 0.00
58.880	S 13287668 -10.02 19.07 0.00 0.00 TRACK
58.897	>>> V 0.00 0.00
58.899	S 13287688 -10.02 19.07 0.00 0.00 TRACK
58.918	>>> V 0.00 0.00
58.919	S 13287708 -10.02 19.16 0.00 0.00 TRACK
58.933	>>> V 0.00 0.00
58.957	>>> V 0.00 0.00
58.957	S 13287728 -9.93 19.16 0.00 0.00 TRACK
58.959	S 13287748 -10.02 19.16 0.00 0.00 TRACK
58.980	>>> V 0.00 0.00
58.983	S 13287768 -9.93 19.07 0.00 0.00 TRACK
58.998	>>> V 0.00 0.00
59.001	S 13287788 -10.02 19.16 0.00 0.00 TRACK
59.014	>>> V 0.00 0.00
59.034	>>> V 0.00 0.00
59.036	S 13287808 -9.93 19.16 0.00 0.00 TRACK
59.039	S 13287828 -9.93 19.16 0.00 0.00 TRACK
59.053	>>> V 0.00 0.00
59.073	>>> V 0.00 0.00
59.076	S 13287848 -10.02 19.16 0.00 0.00 TRACK
59.077	S 13287868 -10.02 19.16 0.00 0.00 TRACK
59.096	>>> V 0.00 0.00
59.098	S 13287888 -10.02 19.16 0.00 0.00 TRACK
59.114	>>> V 1.99 0.00
59.117	S 13287908 -9.93 19.16 0.00 0.00 TRACK
59.138	>>> V 1.99 0.00
59.141	S 13287928 -9.93 19.07 0.00 0.00 TRACK
59.159	>>> V 1.99 0.00
59.161	S 13287948 -10.02 19.16 0.00 0.00 TRACK
59.177	>>> V 1.99 0.00
59.179	S 13287968 -10.02 19.16 0.00 0.00 TRACK
59.201	>>> V 1.99 0.00
59.207	S 13287988 -9.93 19.16 0.00 0.00 TRACK
59.217	>>> V 2.12 0.00
59.217	S 13288008 -10.02 19.16 0.00 0.00 TRACK
59.234	>>> V 2.12 0.00
59.253	>>> V 2.12 0.00
59.254	S 13288028 -10.02 19.16 0.00 0.00 TRACK
59.274	>>> V 2.25 0.00
59.276	S 13288048 -10.02 19.16 0.00 0.00 TRACK
59.281	S 13288068 -9.93 19.07 0.00 0.00 TRACK
59.295	>>> V 2.25 0.00
59.296	S 13288088 -9.93 19.16 0.00 0.00 TRACK
59.315	>>> V 2.25 0.00
59.317	S 13288108 -9.84 19.16 0.00 0.00 TRACK
59.333	>>> V 2.52 0.00
59.336	S 13288128 -9.76 19.16 1.37 0.00 TRACK
59.353	>>> V 2.52 0.00
59.356	S 13288148 -9.67 19.16 2.75 0.00 TRACK
59.375	>>> V 2.52 0.00
59.376	S 13288168 -9.67 19.16 2.75 0.00 TRACK
59.395	>>> V 2.52 0.00
59.396	S 13288188 -9.67 19.16 1.37 0.00 TRACK
59.415	>>> V 2.52 0.00
59.418	S 13288208 -9.67 19.16 0.00 0.00 TRACK
59.438	>>> V 2.82 0.00
59.439	S 13288228 -9.58 19.16 0.00 0.00 TRACK
59.453	>>> V 2.82 0.00
59.473	>>> V 7.14 0.00
59.474	S 13288248 -9.49 19.07 1.37 0.00 TRACK
59.497	>>> V 7.14 0.00
59.498	S 13288268 -9.32 19.16 2.75 0.00 TRACK
59.501	S 13288288 -9.32 19.16 4.12 0.00 TRACK
59.514	>>> V 7.14 0.00
59.516	S 13288308 -9.32 19.16 2.75 0.00 TRACK
59.535	>>> V 7.14 0.00
59.536	S 13288328 -9.32 19.16 1.37 0.00 TRACK
59.554	>>> V 7.69 0.00
59.573	>>> V 7.69 0.00
59.574	S 13288348 -9.14 19.07 1.37 0.00 TRACK
59.596	>>> V 7.69 0.00
59.597	S 13288368 -9.05 19.16 2.75 0.00 TRACK
59.598	S 13288388 -8.79 19.16 4.12 0.00 TRACK
59.613	>>> V 8.35 0.00
59.616	S 13288408 -8.61 19.16 5.50 0.00 TRACK
59.634	>>> V 8.35 0.00
59.668	>>> V 8.35 0.00
59.669	S 13288428 -8.44 19.16 6.87 0.00 TRACK
59.671	S 13288448 -8.17 19.16 8.24 0.00 TRACK
59.690	>>> V 8.35 0.00
59.694	S 13288468 -8.00 19.16 8.24 0.00 TRACK
59.703	>>> V 8.68 0.00
59.706	S 13288488 -7.82 19.16 8.24 0.00 TRACK
59.718	>>> V 8.68 0.00
59.724	S 13288508 -7.65 19.16 8.24 0.00 TRACK
59.737	>>> V 8.68 0.00
59.743	S 13288528 -7.56 19.16 8.24 0.00 TRACK
59.764	>>> V 8.68 0.00
59.770	S 13288548 -7.38 19.16 8.24 0.00 TRACK
59.787	>>> V 8.97 0.00
59.788	S 13288568 -7.21 19.16 6.87 0.00 TRACK
59.807	>>> V 8.97 0.00
59.810	S 13288588 -7.03 19.16 6.87 0.00 TRACK
59.824	>>> V 8.97 0.00
59.828	S 13288608 -6.86 19.16 6.87 0.00 TRACK
59.847	>>> V 9.46 0.00
59.849	S 13288628 -6.68 19.16 6.87 0.00 TRACK
59.866	>>> V 9.46 0.00
59.866	S 13288648 -6.50 19.16 8.24 0.00 TRACK
59.880	>>> V 9.82 0.00
59.881	S 13288668 -6.33 19.16 8.24 0.00 TRACK
59.901	>>> V 9.56 0.00
59.902	S 13288688 -6.06 19.07 8.24 0.00 TRACK
59.920	>>> V 9.56 0.00
59.927	S 13288708 -5.89 19.16 8.24 0.00 TRACK
59.939	>>> V 9.44 0.00
59.940	S 13288728 -5.71 19.16 8.24 0.00 TRACK
59.961	>>> V 9.21 0.00
59.963	S 13288748 -5.45 19.16 8.24 0.00 TRACK
59.978	>>> V 9.21 0.00
59.984	S 13288768 -5.27 19.16 8.24 0.00 TRACK
59.997	>>> V 9.21 0.00
60.000	S 13288788 -5.10 19.07 8.24 0.00 TRACK
60.017	>>> V 9.21 0.00
60.019	S 13288808 -4.83 19.16 9.62 0.00 TRACK
60.041	>>> V 9.13 0.00
60.042	S 13288828 -4.66 19.16 9.62 0.00 TRACK
60.059	>>> V 9.13 0.00
60.066	S 13288848 -4.48 19.16 9.62 0.00 TRACK
60.076	>>> V 9.13 0.00
60.081	S 13288868 -4.31 19.16 9.62 0.00 TRACK
60.102	>>> V 9.10 0.00
60.102	S 13288888 -4.13 19.16 9.62 0.00 TRACK
60.117	>>> V 9.10 0.00
60.121	S 13288908 -3.96 19.16 8.24 0.00 TRACK
60.142	>>> V 9.06 0.00
60.142	S 13288928 -3.78 19.16 8.24 0.00 TRACK
60.160	>>> V 8.90 -2.90
60.161	S 13288948 -3.52 19.16 8.24 0.00 TRACK
60.178	>>> V 8.90 -2.90
60.181	S 13288968 -3.34 19.16 9.62 0.00 TRACK
60.195	>>> V 8.90 -2.90
60.200	S 13288988 -3.16 19.16 9.62 0.00 TRACK
60.217	>>> V 8.74 -3.53
60.220	S 13289008 -2.99 19.16 8.24 0.00 TRACK
60.235	>>> V 8.74 -3.98
60.239	S 13289028 -2.81 19.16 8.24 0.00 TRACK
60.256	>>> V 8.74 -3.98
60.259	S 13289048 -2.64 19.07 8.24 0.00 TRACK
60.280	>>> V 8.74 -3.98
60.281	S 13289068 -2.46 18.98 8.24 -1.37 TRACK
60.300	>>> V 8.74 -4.31
60.302	S 13289088 -2.29 18.90 8.24 -1.37 TRACK
60.313	>>> V 8.74 -4.31
60.334	>>> V 8.94 -4.83
60.336	S 13289108 -2.20 18.81 8.24 -2.75 TRACK
60.355	>>> V 8.94 -4.83
60.356	S 13289128 -2.02 18.72 8.24 -2.75 TRACK
60.359	S 13289148 -1.85 18.72 8.24 -2.75 TRACK
60.374	>>> V 8.94 -4.83
60.376	S 13289168 -1.67 18.63 8.24 -2.75 TRACK
60.400	>>> V 9.01 -4.98
60.400	S 13289188 -1.49 18.54 6.87 -2.75 TRACK
60.415	>>> V 9.01 -4.98
60.441	>>> V 9.00 -5.75
60.444	S 13289208 -1.32 18.46 8.24 -2.75 TRACK
60.445	S 13289228 -1.14 18.37 8.24 -2.75 TRACK
60.455	>>> V 9.00 -5.75
60.459	S 13289248 -0.97 18.28 8.24 -4.12 TRACK
60.473	>>> V 9.03 -5.97
60.494	>>> V 9.03 -5.97
60.495	S 13289268 -0.70 18.19 8.24 -4.12 TRACK
60.515	>>> V 9.03 -5.97
60.518	S 13289288 -0.53 18.02 8.24 -4.12 TRACK
60.520	S 13289308 -0.35 18.02 8.24 -4.12 TRACK
60.535	>>> V 9.03 -5.97
60.556	>>> V 9.03 -5.97
60.557	S 13289328 -0.18 17.84 9.62 -4.12 TRACK
60.560	S 13289348 0.09 17.58 9.62 -4.12 TRACK
60.581	>>> V 9.03 -5.97
60.582	S 13289368 0.26 17.49 9.62 -5.50 TRACK
60.594	>>> V 9.03 -5.97
60.596	S 13289388 0.44 17.40 9.62 -5.50 TRACK
60.615	>>> V 9.03 -5.97
60.618	S 13289408 0.62 17.31 9.62 -5.50 TRACK
60.633	>>> V 9.03 -5.97
60.638	S 13289428 0.88 17.23 9.62 -5.50 TRACK
60.654	>>> V 9.32 -6.36
60.679	>>> V 9.32 -6.36
60.684	S 13289448 1.05 17.14 9.62 -4.12 TRACK
60.688	S 13289468 1.23 16.96 9.62 -4.12 TRACK
60.700	>>> V 9.47 -6.47
60.703	S 13289488 1.49 16.79 9.62 -4.12 TRACK
60.720	>>> V 9.47 -6.47
60.723	S 13289508 1.67 16.70 9.62 -5.50 TRACK
60.736	>>> V 9.47 -6.47
60.738	S 13289528 1.85 16.52 9.62 -5.50 TRACK
60.757	>>> V 9.47 -6.47
60.762	S 13289548 2.02 16.44 9.62 -5.50 TRACK
60.787	>>> V 9.96 -6.38
60.797	S 13289568 2.20 16.26 9.62 -5.50 TRACK
60.799	S 13289588 2.37 16.17 9.62 -5.50 TRACK
60.822	>>> V 9.08 -5.32
60.828	S 13289608 2.64 16.00 9.62 -5.50 TRACK
60.854	>>> V 9.08 -5.32
60.855	S 13289628 2.72 15.91 9.62 -5.50 TRACK
60.863	>>> V 9.08 -5.32
60.865	S 13289648 2.99 15.73 9.62 -5.50 TRACK
60.888	>>> V 8.13 -4.59
60.888	S 13289668 3.16 15.64 9.62 -5.50 TRACK
60.911	>>> V 8.13 -4.59
60.911	S 13289688 3.34 15.47 8.24 -5.50 TRACK
60.929	>>> V 8.13 -4.59
60.932	S 13289708 3.52 15.38 8.24 -5.50 TRACK
60.945	>>> V 8.13 -4.59
60.946	S 13289728 3.69 15.38 8.24 -4.12 TRACK
60.967	>>> V 7.60 -4.21
60.970	S 13289748 3.87 15.21 8.24 -4.12 TRACK
60.987	>>> V 7.60 -4.21
60.990	S 13289768 4.04 15.12 8.24 -4.12 TRACK
61.004	>>> V 7.60 -4.21
61.023	S 13289788 4.22 15.03 8.24 -4.12 TRACK
61.025	S 13289808 4.39 14.94 8.24 -4.12 TRACK
61.060	>>> V 6.91 -3.76
61.064	S 13289828 4.57 14.85 8.24 -4.12 TRACK
61.065	S 13289848 4.75 14.77 8.24 -4.12 TRACK
61.087	>>> V 4.27 0.00
61.088	S 13289868 4.83 14.77 8.24 -4.12 TRACK
61.105	>>> V 3.35 0.00
61.109	S 13289888 5.01 14.59 6.87 -4.12 TRACK
61.119	>>> V 3.35 0.00
61.120	S 13289908 5.19 14.50 6.87 -4.12 TRACK
61.138	>>> V 2.31 0.00
61.139	S 13289928 5.27 14.50 6.87 -4.12 TRACK
61.156	>>> V 0.00 0.00
61.156	S 13289948 5.36 14.41 5.50 -4.12 TRACK
61.181	>>> V 0.00 0.00
61.184	S 13289968 5.45 14.41 5.50 -2.75 TRACK
61.210	>>> V 0.00 0.00
61.213	S 13289988 5.45 14.41 4.12 -1.37 TRACK
61.229	>>> V 0.00 0.00
61.239	S 13290008 5.45 14.50 2.75 0.00 TRACK
61.260	S 13290028 5.45 14.41 0.00 0.00 TRACK
61.285	>>> V 0.00 0.00
61.287	S 13290048 5.45 14.41 0.00 0.00 TRACK
61.291	S 13290068 5.45 14.41 0.00 0.00 TRACK
61.300	>>> V 0.00 0.00
61.301	S 13290088 5.45 14.50 0.00 0.00 TRACK
61.313	>>> V 0.00 0.00
61.333	>>> V -3.51 0.00
61.336	S 13290108 5.45 14.50 0.00 0.00 TRACK
61.338	S 13290128 5.45 14.41 0.00 0.00 TRACK
61.355	>>> V -3.51 0.00
61.356	S 13290148 5.45 14.50 0.00 0.00 TRACK
61.375	>>> V -3.51 0.00
61.377	S 13290168 5.45 14.41 0.00 0.00 TRACK
61.395	>>> V -7.05 0.00
61.396	S 13290188 5.45 14.41 0.00 0.00 TRACK
61.413	>>> V -7.05 0.00
61.435	>>> V -8.01 0.00
61.436	S 13290208 5.36 14.41 0.00 0.00 TRACK
61.438	S 13290228 5.27 14.50 -1.37 0.00 TRACK
61.458	>>> V -8.01 0.00
61.458	S 13290248 5.10 14.41 -2.75 0.00 TRACK
61.473	>>> V -9.46 0.00
61.476	S 13290268 5.01 14.50 -4.12 0.00 TRACK
61.499	>>> V -9.46 0.00
61.499	S 13290288 4.83 14.41 -5.50 0.00 TRACK
61.515	>>> V -9.46 0.00
61.518	S 13290308 4.66 14.41 -5.50 0.00 TRACK
61.563	>>> V -9.46 0.00
61.577	S 13290328 4.48 14.50 -6.87 0.00 TRACK
61.597	S 13290348 4.31 14.50 -8.24 0.00 TRACK
61.598	S 13290368 4.13 14.41 -8.24 0.00 TRACK
61.611	>>> V -9.46 0.00
61.618	S 13290388 3.87 14.50 -8.24 0.00 TRACK
61.630	>>> V -10.93 0.00
61.630	S 13290408 3.69 14.41 -9.62 0.00 TRACK
61.635	>>> V -10.93 0.00
61.636	S 13290428 3.60 14.41 -8.24 0.00 TRACK
61.663	>>> V -12.26 0.00
61.663	S 13290448 3.43 14.41 -8.24 0.00 TRACK
61.673	>>> V -12.26 0.00
61.696	>>> V -12.26 0.00
61.697	S 13290468 3.16 14.41 -8.24 0.00 TRACK
61.703	S 13290488 2.99 14.41 -8.24 0.00 TRACK
61.714	>>> V -12.26 0.00
61.718	S 13290508 2.72 14.41 -8.24 0.00 TRACK
61.743	>>> V -12.84 0.00
61.745	S 13290528 2.55 14.41 -9.62 0.00 TRACK
61.755	>>> V -12.84 0.00
61.756	S 13290548 2.29 14.50 -9.62 0.00 TRACK
61.775	>>> V -12.84 0.00
61.776	S 13290568 2.11 14.41 -9.62 0.00 TRACK
61.800	>>> V -13.58 0.00
61.800	S 13290588 1.76 14.41 -10.99 0.00 TRACK
61.813	>>> V -13.58 0.00
61.834	>>> V -13.56 0.00
61.841	S 13290608 1.58 14.50 -10.99 0.00 TRACK
61.854	S 13290628 1.23 14.50 -12.37 0.00 TRACK
61.895	>>> V -13.56 0.00
61.897	S 13290648 1.05 14.41 -12.37 0.00 TRACK
61.899	S 13290668 0.70 14.41 -12.37 0.00 TRACK
61.901	S 13290688 0.44 14.50 -12.37 0.00 TRACK
61.914	>>> V -13.48 0.00
61.935	>>> V -13.48 0.00
61.937	S 13290708 0.26 14.50 -12.37 0.00 TRACK
61.940	S 13290728 -0.09 14.50 -12.37 0.00 TRACK
61.957	>>> V -13.48 0.00
61.958	S 13290748 -0.35 14.41 -12.37 0.00 TRACK
61.974	>>> V -13.46 0.00
61.994	>>> V -13.46 0.00
61.995	S 13290768 -0.62 14.41 -12.37 0.00 TRACK
62.014	>>> V -13.46 0.00
62.014	S 13290788 -0.88 14.41 -13.74 0.00 TRACK
62.034	>>> V -13.46 0.00
62.037	S 13290808 -1.14 14.41 -12.37 0.00 TRACK
62.038	S 13290828 -1.41 14.41 -12.37 0.00 TRACK
62.058	>>> V -13.18 0.00
62.059	S 13290848 -1.76 14.41 -12.37 0.00 TRACK
62.075	>>> V -12.92 0.00
62.076	S 13290868 -2.02 14.41 -13.74 0.00 TRACK
62.096	>>> V -12.92 0.00
62.096	S 13290888 -2.29 14.41 -13.74 0.00 TRACK
62.114	>>> V -12.92 0.00
62.134	>>> V -12.27 0.00
62.146	S 13290908 -2.55 14.50 -13.74 0.00 TRACK
62.150	S 13290928 -2.81 14.41 -13.74 0.00 TRACK
62.158	>>> V -12.27 0.00
62.159	S 13290948 -3.08 14.50 -13.74 0.00 TRACK
62.174	>>> V -11.42 0.00
62.177	S 13290968 -3.25 14.50 -12.37 0.00 TRACK
62.200	>>> V -11.42 0.00
62.200	S 13290988 -3.52 14.41 -12.37 0.00 TRACK
62.216	>>> V -10.61 0.00
62.217	S 13291008 -3.78 14.41 -10.99 0.00 TRACK
62.234	>>> V -10.61 0.00
62.262	>>> V -10.24 0.00
62.265	S 13291028 -3.96 14.41 -10.99 0.00 TRACK
62.271	S 13291048 -4.22 14.50 -10.99 0.00 TRACK
62.277	>>> V -10.24 0.00
62.278	S 13291068 -4.39 14.50 -10.99 0.00 TRACK
62.299	>>> V -10.24 0.00
62.299	S 13291088 -4.66 14.41 -10.99 0.00 TRACK
62.315	>>> V -9.87 2.86
62.318	S 13291108 -4.92 14.41 -10.99 0.00 TRACK
62.333	>>> V -9.87 2.86
62.354	>>> V -9.22 3.15
62.354	S 13291128 -5.10 14.41 -10.99 0.00 TRACK
62.383	>>> V -9.22 3.15
62.385	S 13291148 -5.27 14.41 -9.62 0.00 TRACK
62.388	S 13291168 -5.54 14.41 -9.62 0.00 TRACK
62.401	>>> V -9.22 3.15
62.402	S 13291188 -5.71 14.50 -9.62 0.00 TRACK
62.416	>>> V -8.93 3.32
62.416	S 13291208 -5.89 14.41 -9.62 0.00 TRACK
62.434	>>> V -8.93 3.32
62.436	S 13291228 -6.06 14.50 -9.62 0.00 TRACK
62.457	>>> V -8.62 3.66
62.458	S 13291248 -6.33 14.59 -9.62 0.00 TRACK
62.483	>>> V -8.62 3.66
62.491	S 13291268 -6.59 14.68 -9.62 2.75 TRACK
62.494	>>> V -8.62 3.66
62.519	>>> V -8.62 3.66
62.522	S 13291288 -6.77 14.77 -9.62 2.75 TRACK
62.528	S 13291308 -6.94 14.85 -8.24 4.12 TRACK
62.535	>>> V -8.62 3.66
62.536	S 13291328 -7.12 14.94 -8.24 4.12 TRACK
62.553	>>> V -8.62 3.66
62.556	S 13291348 -7.21 15.03 -8.24 2.75 TRACK
62.575	>>> V -7.39 4.22
62.578	S 13291368 -7.38 15.12 -8.24 2.75 TRACK
62.594	>>> V -7.39 4.22
62.596	S 13291388 -7.56 15.21 -6.87 4.12 TRACK
62.613	>>> V -7.39 4.22
62.616	S 13291408 -7.73 15.29 -6.87 4.12 TRACK
62.635	>>> V -7.10 4.32
62.638	S 13291428 -7.82 15.38 -6.87 2.75 TRACK
62.659	>>> V -7.10 4.32
62.660	S 13291448 -8.00 15.38 -6.87 2.75 TRACK
62.675	>>> V -7.10 4.32
62.676	S 13291468 -8.17 15.47 -6.87 2.75 TRACK
62.694	>>> V -7.10 4.32
62.698	S 13291488 -8.26 15.56 -6.87 2.75 TRACK
62.714	>>> V -7.10 4.32
62.736	>>> V -6.53 4.57
62.739	S 13291508 -8.35 15.73 -6.87 4.12 TRACK
62.740	S 13291528 -8.53 15.82 -5.50 4.12 TRACK
62.754	>>> V -6.53 4.57
62.773	>>> V -6.53 4.57
62.776	S 13291548 -8.61 15.91 -5.50 4.12 TRACK
62.780	S 13291568 -8.79 15.91 -5.50 4.12 TRACK
62.800	>>> V -6.53 4.57
62.802	S 13291588 -9.05 16.00 -6.87 2.75 TRACK
62.821	>>> V -6.26 4.70
62.824	S 13291608 -9.14 16.08 -6.87 2.75 TRACK
62.837	>>> V -6.26 4.70
62.840	S 13291628 -9.23 16.17 -6.87 2.75 TRACK
62.853	>>> V -6.10 4.80
62.856	S 13291648 -9.40 16.26 -6.87 4.12 TRACK
62.879	>>> V -5.99 4.78
62.879	S 13291668 -9.58 16.35 -6.87 4.12 TRACK
62.896	>>> V -5.99 4.78
62.915	>>> V -5.77 4.31
62.915	S 13291688 -9.67 16.44 -6.87 2.75 TRACK
62.937	>>> V -5.77 4.31
62.941	S 13291708 -9.76 16.52 -6.87 2.75 TRACK
62.946	S 13291728 -9.93 16.61 -5.50 2.75 TRACK
62.958	>>> V -5.77 4.31
62.958	S 13291748 -10.02 16.70 -5.50 4.12 TRACK
62.981	>>> V -5.77 4.31
62.982	S 13291768 -10.20 16.79 -5.50 4.12 TRACK
62.994	>>> V -5.77 4.31
63.016	>>> V -5.77 4.31
63.016	S 13291788 -10.28 16.79 -5.50 4.12 TRACK
63.017	S 13291808 -10.37 16.96 -4.12 4.12 TRACK
63.034	>>> V -5.69 3.88
63.055	>>> V -5.82 3.81
63.058	S 13291828 -10.46 17.05 -4.12 4.12 TRACK
63.061	S 13291848 -10.55 17.14 -4.12 4.12 TRACK
63.078	>>> V -5.92 3.10
63.078	S 13291868 -10.72 17.23 -4.12 4.12 TRACK
63.094	>>> V -5.92 3.10
63.096	S 13291888 -10.81 17.23 -4.12 2.75 TRACK
63.115	>>> V -5.92 3.10
63.134	>>> V -5.92 3.10
63.135	S 13291908 -10.90 17.31 -4.12 2.75 TRACK
63.154	>>> V -5.92 3.10
63.154	S 13291928 -10.99 17.31 -4.12 1.37 TRACK
63.188	>>> V -5.92 3.10
63.190	S 13291948 -11.07 17.31 -4.12 1.37 TRACK
63.197	S 13291968 -11.25 17.49 -4.12 1.37 TRACK
63.201	>>> V -5.92 3.10
63.201	S 13291988 -11.34 17.58 -4.12 2.75 TRACK
63.216	>>> V -5.73 0.00
63.217	S 13292008 -11.43 17.58 -5.50 2.75 TRACK
63.234	>>> V -5.73 0.00
63.272	>>> V -5.73 0.00
63.275	S 13292028 -11.51 17.58 -5.50 2.75 TRACK
63.278	S 13292048 -11.69 17.58 -5.50 1.37 TRACK
63.285	>>> V -5.73 0.00
63.288	S 13292068 -11.78 17.58 -5.50 0.00 TRACK
63.298	>>> V -5.66 0.00
63.298	S 13292088 -11.87 17.58 -4.12 0.00 TRACK
63.318	>>> V -5.66 0.00
63.319	S 13292108 -12.04 17.58 -4.12 0.00 TRACK
63.333	>>> V -5.66 0.00
63.357	>>> V -5.00 0.00
63.358	S 13292128 -12.13 17.58 -5.50 0.00 TRACK
63.362	S 13292148 -12.22 17.58 -5.50 0.00 TRACK
63.374	>>> V -5.00 0.00
63.398	>>> V -5.00 0.00
63.398	S 13292168 -12.30 17.75 -5.50 0.00 TRACK
63.399	S 13292188 -12.48 17.58 -4.12 0.00 TRACK
63.414	>>> V -4.72 0.00
63.438	>>> V -4.72 0.00
63.438	S 13292208 -12.57 17.58 -5.50 0.00 TRACK
63.440	S 13292228 -12.66 17.58 -5.50 0.00 TRACK
63.454	>>> V -4.72 0.00
63.477	>>> V -4.04 0.00
63.480	S 13292248 -12.74 17.58 -5.50 0.00 TRACK
63.482	S 13292268 -12.83 17.58 -4.12 0.00 TRACK
63.497	>>> V -4.04 0.00
63.497	S 13292288 -12.92 17.58 -4.12 0.00 TRACK
63.517	>>> V -2.88 0.00
63.517	S 13292308 -13.10 17.58 -4.12 0.00 TRACK
63.537	>>> V -2.88 0.00
63.539	S 13292328 -13.18 17.58 -4.12 0.00 TRACK
63.556	>>> V -1.82 0.00
63.559	S 13292348 -13.18 17.58 -4.12 0.00 TRACK
63.576	>>> V -1.82 0.00
63.577	S 13292368 -13.27 17.58 -4.12 0.00 TRACK
63.594	>>> V 0.00 0.00
63.596	S 13292388 -13.27 17.75 -4.12 0.00 TRACK
63.618	>>> V 0.00 0.00
63.619	S 13292408 -13.27 17.58 -2.75 0.00 TRACK
63.636	>>> V 0.00 0.00
63.637	S 13292428 -13.27 17.58 -1.37 0.00 TRACK
63.665	>>> V 0.00 0.00
63.668	S 13292448 -13.27 17.58 0.00 0.00 TRACK
63.674	>>> V 0.00 0.00
63.696	>>> V 5.27 0.00
63.697	S 13292468 -13.27 17.58 0.00 0.00 TRACK
63.703	S 13292488 -13.27 17.58 0.00 0.00 TRACK
63.720	>>> V 5.27 0.00
63.720	S 13292508 -13.27 17.58 0.00 0.00 TRACK
63.736	>>> V 5.27 0.00
63.739	S 13292528 -13.27 17.58 0.00 0.00 TRACK
63.754	>>> V 5.27 0.00
63.774	>>> V 5.27 0.00
63.774	S 13292548 -13.27 17.58 0.00 0.00 TRACK
63.797	>>> V 6.08 0.00
63.800	S 13292568 -13.18 17.58 0.00 0.00 TRACK
63.806	S 13292588 -13.10 17.58 1.37 0.00 TRACK
63.814	>>> V 6.08 0.00
63.816	S 13292608 -13.01 17.58 2.75 0.00 TRACK
63.834	>>> V 6.08 0.00
63.880	>>> V 7.03 0.00
63.881	S 13292628 -12.83 17.58 4.12 0.00 TRACK
63.884	S 13292648 -12.74 17.75 5.50 0.00 TRACK
63.905	S 13292668 -12.66 17.58 5.50 0.00 TRACK
63.942	>>> V 7.03 0.00
63.944	S 13292688 -12.57 17.58 5.50 0.00 TRACK
63.945	S 13292708 -12.39 17.75 5.50 0.00 TRACK
63.946	S 13292728 -12.30 17.58 5.50 0.00 TRACK
63.958	>>> V 8.95 0.00
63.959	S 13292748 -12.13 17.58 5.50 0.00 TRACK
63.976	>>> V 12.06 0.00
63.978	S 13292768 -12.04 17.58 5.50 0.00 TRACK
63.994	>>> V 12.06 0.00
64.014	>>> V 12.06 0.00
64.017	S 13292788 -11.95 17.58 5.50 0.00 TRACK
64.021	S 13292808 -11.69 17.58 5.50 0.00 TRACK
64.034	>>> V 12.06 0.00
64.054	>>> V 12.80 0.00
64.056	S 13292828 -11.51 17.58 6.87 0.00 TRACK
64.062	S 13292848 -11.34 17.58 8.24 0.00 TRACK
64.074	>>> V 12.80 0.00
64.095	>>> V 12.80 0.00
64.097	S 13292868 -11.07 17.58 9.62 0.00 TRACK
64.101	S 13292888 -10.90 17.58 9.62 0.00 TRACK
64.123	>>> V 12.80 0.00
64.126	S 13292908 -10.63 17.58 9.62 0.00 TRACK
64.135	>>> V 13.52 0.00
64.138	S 13292928 -10.37 17.58 10.99 0.00 TRACK
64.160	>>> V 13.52 0.00
64.162	S 13292948 -10.20 17.58 10.99 0.00 TRACK
64.174	>>> V 13.52 0.00
64.194	>>> V 14.19 0.00
64.195	S 13292968 -9.93 17.58 10.99 0.00 TRACK
64.215	>>> V 14.85 0.00
64.218	S 13292988 -9.76 17.58 10.99 0.00 TRACK
64.220	S 13293008 -9.40 17.58 10.99 0.00 TRACK
64.234	>>> V 14.85 0.00
64.256	>>> V 15.39 0.00
64.257	S 13293028 -9.14 17.58 12.37 0.00 TRACK
64.261	S 13293048 -8.79 17.58 12.37 0.00 TRACK
64.276	>>> V 15.39 0.00
64.277	S 13293068 -8.44 17.58 13.74 0.00 TRACK
64.294	>>> V 15.74 0.00
64.314	>>> V 15.74 0.00
64.314	S 13293088 -8.17 17.58 13.74 0.00 TRACK
64.334	>>> V 16.06 0.00
64.334	S 13293108 -7.82 17.75 13.74 0.00 TRACK
64.354	>>> V 16.06 0.00
64.355	S 13293128 -7.56 17.58 13.74 0.00 TRACK
64.373	>>> V 16.06 0.00
64.373	S 13293148 -7.21 17.58 15.11 0.00 TRACK
64.396	>>> V 16.06 0.00
64.396	S 13293168 -6.94 17.58 15.11 0.00 TRACK
64.398	S 13293188 -6.59 17.58 15.11 0.00 TRACK
64.414	>>> V 16.06 0.00
64.434	>>> V 15.01 0.00
64.434	S 13293208 -6.33 17.58 15.11 0.00 TRACK
64.454	>>> V 15.01 0.00
64.457	S 13293228 -5.89 17.75 15.11 0.00 TRACK
64.459	S 13293248 -5.62 17.58 15.11 0.00 TRACK
64.476	>>> V 15.01 0.00
64.477	S 13293268 -5.19 17.58 15.11 0.00 TRACK
64.495	>>> V 15.01 0.00
64.498	S 13293288 -4.92 17.58 15.11 0.00 TRACK
64.513	>>> V 14.46 0.00
64.535	>>> V 13.91 0.00
64.538	S 13293308 -4.57 17.75 15.11 0.00 TRACK
64.539	S 13293328 -4.31 17.75 15.11 0.00 TRACK
64.554	>>> V 13.91 0.00
64.573	>>> V 13.30 0.00
64.577	S 13293348 -3.96 17.58 15.11 0.00 TRACK
64.585	S 13293368 -3.69 17.58 13.74 0.00 TRACK
64.598	>>> V 13.30 0.00
64.599	S 13293388 -3.43 17.75 13.74 0.00 TRACK
64.619	>>> V 13.30 0.00
64.620	S 13293408 -3.16 17.75 13.74 0.00 TRACK
64.636	>>> V 13.30 0.00
64.638	S 13293428 -2.81 17.58 13.74 0.00 TRACK
64.655	>>> V 12.62 0.00
64.658	S 13293448 -2.55 17.58 13.74 0.00 TRACK
64.677	>>> V 12.62 0.00
64.678	S 13293468 -2.29 17.75 13.74 0.00 TRACK
64.694	>>> V 12.62 0.00
64.718	>>> V 12.62 0.00
64.722	S 13293488 -2.02 17.58 13.74 0.00 TRACK
64.726	S 13293508 -1.76 17.58 13.74 0.00 TRACK
64.749	>>> V 12.62 0.00
64.750	S 13293528 -1.49 17.75 12.37 0.00 TRACK
64.767	>>> V 11.98 0.00
64.769	S 13293548 -1.23 17.58 12.37 0.00 TRACK
64.782	>>> V 11.98 0.00
64.785	S 13293568 -1.05 17.58 12.37 0.00 TRACK
64.799	>>> V 11.98 0.00
64.805	S 13293588 -0.79 17.75 10.99 0.00 TRACK
64.818	>>> V 11.98 0.00
64.819	S 13293608 -0.53 17.58 10.99 0.00 TRACK
64.833	>>> V 11.29 0.00
64.854	>>> V 11.29 0.00
64.855	S 13293628 -0.26 17.58 10.99 0.00 TRACK
64.877	>>> V 11.29 0.00
64.878	S 13293648 -0.09 17.58 10.99 0.00 TRACK
64.882	S 13293668 0.18 17.58 12.37 0.00 TRACK
64.901	>>> V 11.29 0.00
64.902	S 13293688 0.44 17.58 10.99 0.00 TRACK
64.918	>>> V 10.66 0.00
64.921	S 13293708 0.62 17.75 10.99 0.00 TRACK
64.940	>>> V 10.66 0.00
64.942	S 13293728 0.88 17.58 10.99 0.00 TRACK
64.960	>>> V 10.66 0.00
64.960	S 13293748 1.05 17.58 10.99 0.00 TRACK
64.980	>>> V 10.66 0.00
64.980	S 13293768 1.32 17.58 9.62 0.00 TRACK
65.003	>>> V 10.03 0.00
65.003	S 13293788 1.49 17.58 9.62 0.00 TRACK
65.017	>>> V 10.03 0.00
65.024	S 13293808 1.76 17.58 9.62 0.00 TRACK
65.045	>>> V 10.03 0.00
65.046	S 13293828 1.93 17.58 10.99 0.00 TRACK
65.059	>>> V 8.58 -3.14
65.062	S 13293848 2.20 17.58 10.99 0.00 TRACK
65.081	>>> V 8.58 -3.14
65.088	S 13293868 2.37 17.75 10.99 0.00 TRACK
65.109	>>> V 8.58 -3.14
65.110	S 13293888 2.64 17.58 9.62 0.00 TRACK
65.121	>>> V 8.58 -3.14
65.121	S 13293908 2.81 17.58 9.62 0.00 TRACK
65.136	>>> V 6.13 -4.00
65.140	S 13293928 2.99 17.75 9.62 0.00 TRACK
65.154	>>> V 6.13 -4.00
65.179	>>> V 6.13 -4.00
65.180	S 13293948 3.16 17.75 8.24 0.00 TRACK
65.189	S 13293968 3.25 17.58 8.24 0.00 TRACK
65.196	>>> V 6.13 -4.00
65.201	S 13293988 3.34 17.49 6.87 0.00 TRACK
65.218	>>> V 2.09 -5.08
65.223	S 13294008 3.43 17.40 5.50 -1.37 TRACK
65.237	>>> V 0.00 -5.08
65.243	S 13294028 3.60 17.31 5.50 -2.75 TRACK
65.261	>>> V 0.00 -5.08
65.263	S 13294048 3.69 17.23 5.50 -2.75 TRACK
65.274	>>> V 0.00 -5.08
65.277	S 13294068 3.78 17.23 4.12 -2.75 TRACK
65.295	>>> V 0.00 -4.95
65.297	S 13294089 3.78 17.14 4.12 -2.75 TRACK
65.316	>>> V 0.00 -4.85
65.316	S 13294109 3.78 16.96 2.75 -2.75 TRACK
65.334	>>> V -2.55 -4.66
65.355	>>> V -2.55 -4.66
65.356	S 13294129 3.78 16.87 1.37 -4.12 TRACK
65.374	>>> V -2.55 -4.66
65.377	S 13294149 3.78 16.79 0.00 -4.12 TRACK
65.382	S 13294169 3.78 16.70 0.00 -4.12 TRACK
65.395	>>> V -2.55 -4.66
65.397	S 13294189 3.78 16.61 0.00 -4.12 TRACK
65.416	>>> V -4.33 -4.52
65.418	S 13294209 3.78 16.52 0.00 -4.12 TRACK
65.436	>>> V -4.33 -4.52
65.437	S 13294229 3.69 16.44 0.00 -4.12 TRACK
65.454	>>> V -5.11 -4.20
65.479	>>> V -5.83 -3.83
65.480	S 13294249 3.60 16.35 -1.37 -4.12 TRACK
65.485	S 13294269 3.52 16.26 -2.75 -4.12 TRACK
65.498	>>> V -6.49 -3.36
65.500	S 13294289 3.43 16.17 -2.75 -4.12 TRACK
65.517	>>> V -6.49 -3.36
65.518	S 13294309 3.34 16.08 -4.12 -4.12 TRACK
65.534	>>> V -6.87 -2.98
65.556	>>> V -6.87 -2.98
65.556	S 13294329 3.16 16.00 -5.50 -4.12 TRACK
65.561	S 13294349 3.08 15.91 -5.50 -4.12 TRACK
65.580	>>> V -7.27 0.00
65.582	S 13294369 2.99 15.82 -5.50 -4.12 TRACK
65.593	>>> V -7.27 0.00
65.596	S 13294389 2.81 15.73 -4.12 -4.12 TRACK
65.614	>>> V -7.74 0.00
65.634	>>> V -7.74 0.00
65.639	S 13294409 2.72 15.64 -4.12 -2.75 TRACK
65.660	>>> V -7.74 0.00
65.661	S 13294429 2.64 15.73 -4.12 -2.75 TRACK
65.662	S 13294449 2.46 15.73 -5.50 -1.37 TRACK
65.679	>>> V -7.74 0.00
65.679	S 13294469 2.37 15.73 -4.12 0.00 TRACK
65.699	>>> V -8.26 0.00
65.700	S 13294489 2.20 15.73 -5.50 0.00 TRACK
65.717	>>> V -8.26 0.00
65.717	S 13294509 2.02 15.73 -6.87 0.00 TRACK
65.738	>>> V -8.74 0.00
65.745	S 13294529 1.76 15.73 -8.24 0.00 TRACK
65.759	>>> V -9.37 0.00
65.761	S 13294549 1.58 15.73 -8.24 0.00 TRACK
65.774	>>> V -9.37 0.00
65.794	>>> V -9.37 0.00
65.794	S 13294569 1.41 15.73 -9.62 0.00 TRACK
65.815	>>> V -9.68 0.00
65.816	S 13294589 1.23 15.73 -9.62 0.00 TRACK
65.835	>>> V -9.68 0.00
65.836	S 13294609 1.05 15.73 -8.24 0.00 TRACK
65.857	>>> V -10.38 0.00
65.860	S 13294629 0.88 15.73 -8.24 0.00 TRACK
65.865	S 13294649 0.70 15.73 -8.24 0.00 TRACK
65.877	>>> V -10.38 0.00
65.878	S 13294669 0.53 15.73 -8.24 0.00 TRACK
65.897	>>> V -10.76 0.00
65.901	S 13294689 0.35 15.73 -8.24 0.00 TRACK
65.914	>>> V -10.76 0.00
65.917	S 13294709 0.18 15.73 -8.24 0.00 TRACK
65.941	>>> V -10.87 0.00
65.943	S 13294729 -0.09 15.73 -8.24 0.00 TRACK
65.955	>>> V -10.87 0.00
65.974	>>> V -10.93 0.00
65.976	S 13294749 -0.26 15.73 -9.62 0.00 TRACK
65.999	>>> V -11.02 0.00
66.002	S 13294769 -0.53 15.73 -9.62 0.00 TRACK
66.004	S 13294789 -0.70 15.73 -9.62 0.00 TRACK
66.022	>>> V -11.02 0.00
66.025	S 13294809 -0.97 15.73 -9.62 0.00 TRACK
66.038	>>> V -11.02 0.00
66.039	S 13294829 -1.14 15.73 -9.62 0.00 TRACK
66.055	>>> V -11.17 0.00
66.075	>>> V -11.35 0.00
66.075	S 13294849 -1.41 15.73 -9.62 0.00 TRACK
66.095	>>> V -11.35 0.00
66.097	S 13294869 -1.58 15.73 -9.62 0.00 TRACK
66.106	S 13294889 -1.85 15.73 -9.62 0.00 TRACK
66.117	>>> V -11.58 0.00
66.120	S 13294909 -2.02 15.73 -10.99 0.00 TRACK
66.133	>>> V -11.58 0.00
66.156	>>> V -11.70 0.00
66.158	S 13294929 -2.29 15.73 -10.99 0.00 TRACK
66.165	S 13294949 -2.55 15.73 -10.99 0.00 TRACK
66.180	>>> V -11.70 0.00
66.183	S 13294969 -2.64 15.73 -10.99 0.00 TRACK
66.195	>>> V -11.55 0.00
66.204	S 13294989 -2.90 15.73 -10.99 0.00 TRACK
66.217	>>> V -11.55 0.00
66.218	S 13295009 -3.16 15.73 -10.99 0.00 TRACK
66.233	>>> V -11.55 0.00
66.257	>>> V -11.55 0.00
66.258	S 13295029 -3.34 15.73 -10.99 0.00 TRACK
66.259	S 13295049 -3.69 15.73 -10.99 0.00 TRACK
66.274	>>> V -11.39 0.00
66.277	S 13295069 -3.87 15.73 -10.99 0.00 TRACK
66.294	>>> V -11.39 0.00
66.313	>>> V -11.39 0.00
66.316	S 13295089 -4.04 15.73 -10.99 0.00 TRACK
66.333	>>> V -11.39 0.00
66.336	S 13295109 -4.31 15.73 -10.99 0.00 TRACK
66.356	>>> V -11.18 0.00
66.358	S 13295129 -4.57 15.73 -9.62 0.00 TRACK
66.362	S 13295149 -4.75 15.73 -9.62 0.00 TRACK
66.379	>>> V -10.96 0.00
66.379	S 13295169 -5.01 15.73 -9.62 0.00 TRACK
66.399	>>> V -10.96 0.00
66.400	S 13295189 -5.19 15.73 -9.62 0.00 TRACK
66.414	>>> V -10.96 0.00
66.437	>>> V -10.38 0.00
66.438	S 13295209 -5.36 15.73 -9.62 0.00 TRACK
66.441	S 13295229 -5.62 15.73 -9.62 0.00 TRACK
66.454	>>> V -10.38 0.00
66.474	>>> V -10.04 0.00
66.476	S 13295249 -5.89 15.73 -9.62 0.00 TRACK
66.496	>>> V -9.78 0.00
66.499	S 13295269 -6.06 15.73 -9.62 0.00 TRACK
66.501	S 13295289 -6.42 15.73 -9.62 0.00 TRACK
66.515	>>> V -9.78 0.00
66.535	>>> V -9.09 0.00
66.536	S 13295309 -6.59 15.73 -9.62 0.00 TRACK
66.553	>>> V -9.09 0.00
66.554	S 13295329 -6.77 15.73 -10.99 0.00 TRACK
66.575	>>> V -8.97 0.00
66.575	S 13295349 -7.03 15.82 -10.99 0.00 TRACK
66.595	>>> V -8.97 0.00
66.597	S 13295369 -7.21 15.73 -9.62 0.00 TRACK
66.614	>>> V -8.97 0.00
66.617	S 13295389 -7.47 15.73 -9.62 0.00 TRACK
66.622	S 13295409 -7.65 15.73 -9.62 0.00 TRACK
66.638	>>> V -8.73 0.00
66.642	S 13295429 -7.82 15.73 -9.62 0.00 TRACK
66.656	>>> V -8.73 0.00
66.658	S 13295449 -8.09 15.73 -9.62 0.00 TRACK
66.676	>>> V -8.73 0.00
66.677	S 13295469 -8.26 15.73 -9.62 0.00 TRACK
66.695	>>> V -8.63 0.00
66.714	>>> V -8.63 0.00
66.714	S 13295489 -8.44 15.73 -9.62 0.00 TRACK
66.733	>>> V -8.63 0.00
66.734	S 13295509 -8.61 15.73 -8.24 0.00 TRACK
66.755	>>> V -8.63 0.00
66.756	S 13295529 -8.79 15.73 -8.24 0.00 TRACK
66.777	>>> V -8.63 0.00
66.780	S 13295549 -8.88 15.73 -6.87 0.00 TRACK
66.785	S 13295569 -9.14 15.73 -6.87 0.00 TRACK
66.796	>>> V -8.63 0.00
66.797	S 13295589 -9.32 15.73 -6.87 0.00 TRACK
66.820	>>> V -8.51 0.00
66.821	S 13295609 -9.49 15.73 -6.87 0.00 TRACK
66.835	>>> V -8.51 0.00
66.838	S 13295629 -9.67 15.73 -8.24 0.00 TRACK
66.857	>>> V -8.45 0.00
66.860	S 13295649 -9.76 15.73 -8.24 0.00 TRACK
66.879	>>> V -8.45 0.00
66.880	S 13295669 -9.93 15.73 -8.24 0.00 TRACK
66.899	>>> V -8.45 0.00
66.899	S 13295689 -10.11 15.73 -8.24 0.00 TRACK
66.914	>>> V -8.45 0.00
66.935	>>> V -8.33 0.00
66.939	S 13295709 -10.28 15.73 -8.24 0.00 TRACK
66.943	S 13295729 -10.46 15.73 -8.24 0.00 TRACK
66.955	>>> V -8.33 0.00
66.958	S 13295749 -10.63 15.73 -6.87 0.00 TRACK
66.982	>>> V -8.33 0.00
66.984	S 13295769 -10.81 15.73 -6.87 0.00 TRACK
66.995	>>> V -8.33 0.00
67.001	S 13295789 -10.90 15.73 -6.87 0.00 TRACK
67.021	>>> V -8.14 0.00
67.024	S 13295809 -11.07 15.73 -6.87 0.00 TRACK
67.034	>>> V -8.14 0.00
67.040	S 13295829 -11.25 15.73 -6.87 0.00 TRACK
67.060	>>> V -8.09 0.00
67.063	S 13295849 -11.51 15.73 -6.87 0.00 TRACK
67.088	>>> V -7.98 0.00
67.092	S 13295869 -11.60 15.73 -8.24 0.00 TRACK
67.109	>>> V -7.98 0.00
67.111	S 13295889 -11.78 15.73 -8.24 0.00 TRACK
67.124	>>> V -7.98 0.00
67.130	S 13295909 -11.95 15.73 -8.24 0.00 TRACK
67.151	>>> V -7.74 0.00
67.157	S 13295929 -12.13 15.73 -8.24 0.00 TRACK
67.159	S 13295949 -12.30 15.73 -8.24 0.00 TRACK
67.181	>>> V -7.74 0.00
67.188	S 13295969 -12.48 15.73 -8.24 0.00 TRACK
67.198	>>> V -7.74 0.00
67.198	S 13295989 -12.57 15.73 -8.24 0.00 TRACK
67.224	>>> V -7.69 0.00
67.224	S 13296009 -12.74 15.73 -8.24 0.00 TRACK
67.245	>>> V -7.61 0.00
67.248	S 13296029 -12.92 15.73 -6.87 0.00 TRACK
67.259	>>> V -7.61 0.00
67.259	S 13296049 -13.10 15.73 -6.87 0.00 TRACK
67.273	>>> V -6.45 0.00
67.279	S 13296069 -13.18 15.73 -6.87 0.00 TRACK
67.293	>>> V -6.45 0.00
67.319	>>> V -6.45 0.00
67.322	S 13296089 -13.36 15.73 -6.87 0.00 TRACK
67.324	S 13296109 -13.45 15.73 -6.87 0.00 TRACK
67.337	>>> V -6.45 0.00
67.340	S 13296129 -13.62 15.73 -6.87 0.00 TRACK
67.363	>>> V -5.90 0.00
67.370	S 13296149 -13.80 15.73 -6.87 0.00 TRACK
67.381	>>> V -5.90 0.00
67.381	S 13296169 -13.89 15.73 -6.87 0.00 TRACK
67.408	>>> V -5.05 0.00
67.410	S 13296189 -13.97 15.73 -5.50 0.00 TRACK
67.426	>>> V -5.05 0.00
67.427	S 13296209 -14.15 15.73 -5.50 0.00 TRACK
67.441	>>> V -5.05 0.00
67.443	S 13296229 -14.24 15.73 -5.50 0.00 TRACK
67.455	>>> V -4.63 0.00
67.457	S 13296249 -14.33 15.73 -5.50 0.00 TRACK
67.476	>>> V -4.63 0.00
67.480	S 13296269 -14.41 15.73 -5.50 0.00 TRACK
67.498	>>> V -4.40 2.84
67.498	S 13296289 -14.59 15.73 -5.50 0.00 TRACK
67.520	>>> V -4.40 2.84
67.523	S 13296309 -14.68 15.73 -5.50 0.00 TRACK
67.542	>>> V -4.40 2.84
67.543	S 13296329 -14.77 15.73 -4.12 0.00 TRACK
67.564	>>> V -4.40 2.84
67.566	S 13296349 -14.94 15.73 -4.12 0.00 TRACK
67.587	>>> V -4.40 2.84
67.587	S 13296369 -14.94 15.73 -4.12 0.00 TRACK
67.606	>>> V -4.26 3.19
67.607	S 13296389 -15.12 15.73 -4.12 0.00 TRACK
67.627	>>> V -4.26 3.19
67.628	S 13296409 -15.21 15.73 -4.12 0.00 TRACK
67.637	>>> V -4.26 3.19
67.641	S 13296429 -15.21 15.82 -4.12 0.00 TRACK
67.659	>>> V -3.74 3.78
67.660	S 13296449 -15.29 15.91 -4.12 1.37 TRACK
67.674	>>> V -3.74 3.78
67.696	>>> V -3.52 4.09
67.697	S 13296469 -15.38 16.00 -4.12 2.75 TRACK
67.707	S 13296489 -15.47 16.08 -4.12 4.12 TRACK
67.717	>>> V -3.52 4.09
67.719	S 13296509 -15.56 16.17 -4.12 4.12 TRACK
67.739	>>> V -2.68 4.50
67.742	S 13296529 -15.73 16.26 -4.12 4.12 TRACK
67.759	>>> V -2.68 4.50
67.759	S 13296549 -15.82 16.35 -4.12 4.12 TRACK
67.783	>>> V -2.68 4.50
67.788	S 13296569 -15.82 16.44 -4.12 2.75 TRACK
67.798	>>> V -2.68 4.50
67.798	S 13296589 -15.91 16.52 -2.75 2.75 TRACK
67.814	>>> V 0.00 4.48
67.836	>>> V 0.00 4.52
67.846	S 13296609 -15.91 16.61 -2.75 4.12 TRACK
67.850	S 13296629 -15.91 16.61 -1.37 4.12 TRACK
67.877	>>> V 0.00 4.52
67.880	S 13296649 -16.00 16.70 -1.37 2.75 TRACK
67.887	S 13296669 -16.00 16.79 -1.37 2.75 TRACK
67.907	>>> V 0.00 4.26
67.907	S 13296689 -16.00 16.96 -1.37 2.75 TRACK
67.923	>>> V 0.00 4.26
67.925	S 13296709 -16.00 16.96 0.00 4.12 TRACK
67.938	>>> V 2.96 4.16
67.944	S 13296729 -16.00 17.05 0.00 4.12 TRACK
67.955	>>> V 2.96 4.16
67.961	S 13296749 -15.91 17.14 0.00 4.12 TRACK
67.977	>>> V 4.22 3.82
67.980	S 13296769 -16.00 17.23 0.00 2.75 TRACK
67.997	>>> V 7.25 0.00
67.997	S 13296789 -16.00 17.31 0.00 2.75 TRACK
68.018	>>> V 8.92 0.00
68.019	S 13296809 -16.00 17.40 0.00 2.75 TRACK
68.034	>>> V 8.92 0.00
68.040	S 13296829 -15.91 17.40 0.00 2.75 TRACK
68.055	>>> V 8.92 0.00
68.076	>>> V 8.92 0.00
68.079	S 13296849 -15.73 17.40 1.37 1.37 TRACK
68.084	S 13296869 -15.64 17.40 2.75 0.00 TRACK
68.095	>>> V 10.44 0.00
68.100	S 13296889 -15.47 17.40 5.50 0.00 TRACK
68.115	>>> V 10.44 0.00
68.119	S 13296909 -15.29 17.40 6.87 0.00 TRACK
68.136	>>> V 11.83 0.00
68.139	S 13296929 -15.12 17.40 6.87 0.00 TRACK
68.159	>>> V 11.83 0.00
68.160	S 13296949 -14.94 17.40 6.87 0.00 TRACK
68.175	>>> V 11.83 0.00
68.196	>>> V 14.17 0.00
68.196	S 13296969 -14.68 17.40 8.24 0.00 TRACK
68.203	S 13296989 -14.50 17.40 9.62 0.00 TRACK
68.216	>>> V 14.17 0.00
68.217	S 13297009 -14.24 17.40 9.62 0.00 TRACK
68.241	>>> V 15.16 0.00
68.244	S 13297029 -13.97 17.40 9.62 0.00 TRACK
68.256	>>> V 15.16 0.00
68.257	S 13297049 -13.71 17.40 10.99 0.00 TRACK
68.276	>>> V 15.16 0.00
68.279	S 13297069 -13.45 17.40 10.99 0.00 TRACK
68.294	>>> V 16.02 0.00
68.316	>>> V 18.39 0.00
68.317	S 13297089 -13.18 17.40 12.37 0.00 TRACK
68.322	S 13297109 -13.01 17.40 12.37 0.00 TRACK
68.338	>>> V 18.39 0.00
68.343	S 13297129 -12.66 17.40 13.74 0.00 TRACK
68.355	>>> V 18.39 0.00
68.379	>>> V 18.39 0.00
68.381	S 13297149 -12.39 17.40 13.74 0.00 TRACK
68.390	S 13297169 -12.04 17.40 13.74 0.00 TRACK
68.397	>>> V 19.19 0.00
68.398	S 13297189 -11.78 17.40 13.74 0.00 TRACK
68.414	>>> V 19.19 0.00
68.419	S 13297209 -11.51 17.40 15.11 0.00 TRACK
68.435	>>> V 19.39 0.00
68.438	S 13297229 -11.07 17.40 15.11 0.00 TRACK
68.460	>>> V 19.39 0.00
68.461	S 13297249 -10.72 17.40 15.11 0.00 TRACK
68.478	>>> V 19.28 0.00
68.484	S 13297269 -10.28 17.40 16.49 0.00 TRACK
68.493	>>> V 19.28 0.00
68.514	>>> V 18.88 0.00
68.515	S 13297289 -9.93 17.40 17.86 0.00 TRACK
68.541	>>> V 18.88 0.00
68.544	S 13297309 -9.58 17.40 17.86 0.00 TRACK
68.552	S 13297329 -9.14 17.40 19.24 0.00 TRACK
68.561	>>> V 18.88 0.00
68.562	S 13297349 -8.70 17.40 19.24 0.00 TRACK
68.577	>>> V 18.66 0.00
68.580	S 13297369 -8.26 17.40 19.24 0.00 TRACK
68.595	>>> V 18.52 0.00
68.598	S 13297389 -7.91 17.40 19.24 0.00 TRACK
68.617	>>> V 18.32 0.00
68.620	S 13297409 -7.47 17.40 19.24 0.00 TRACK
68.633	>>> V 18.32 0.00
68.656	>>> V 18.05 0.00
68.657	S 13297429 -7.12 17.40 19.24 0.00 TRACK
68.666	S 13297449 -6.77 17.40 19.24 0.00 TRACK
68.674	>>> V 18.05 0.00
68.696	>>> V 17.51 0.00
68.698	S 13297469 -6.33 17.40 17.86 0.00 TRACK
68.702	S 13297489 -5.89 17.40 17.86 0.00 TRACK
68.714	>>> V 17.51 0.00
68.717	S 13297509 -5.54 17.40 17.86 0.00 TRACK
68.734	>>> V 16.82 0.00
68.753	>>> V 16.82 0.00
68.754	S 13297529 -5.19 17.40 17.86 0.00 TRACK
68.774	>>> V 16.21 0.00
68.774	S 13297549 -4.83 17.40 17.86 0.00 TRACK
68.795	>>> V 16.21 0.00
68.796	S 13297569 -4.48 17.40 17.86 0.00 TRACK
68.815	>>> V 16.21 0.00
68.815	S 13297589 -4.13 17.40 17.86 0.00 TRACK
68.837	>>> V 16.21 0.00
68.840	S 13297609 -3.87 17.40 16.49 0.00 TRACK
68.845	S 13297629 -3.52 17.40 16.49 0.00 TRACK
68.858	>>> V 16.21 0.00
68.858	S 13297649 -3.16 17.40 16.49 0.00 TRACK
68.875	>>> V 14.83 0.00
68.894	>>> V 14.83 0.00
68.894	S 13297669 -2.81 17.40 15.11 0.00 TRACK
68.914	>>> V 14.07 0.00
68.916	S 13297689 -2.55 17.40 16.49 0.00 TRACK
68.941	>>> V 13.40 0.00
68.941	S 13297709 -2.11 17.40 16.49 0.00 TRACK
68.946	S 13297729 -1.85 17.40 16.49 0.00 TRACK
68.961	>>> V 13.40 0.00
68.962	S 13297749 -1.58 17.40 15.11 0.00 TRACK
68.977	>>> V 13.40 0.00
68.978	S 13297769 -1.32 17.40 15.11 0.00 TRACK
69.002	>>> V 11.37 0.00
69.003	S 13297789 -0.97 17.40 13.74 0.00 TRACK
69.019	>>> V 11.37 0.00
69.020	S 13297809 -0.70 17.40 13.74 0.00 TRACK
69.040	>>> V 10.77 -2.87
69.041	S 13297829 -0.44 17.40 13.74 0.00 TRACK
69.060	>>> V 10.77 -2.87
69.061	S 13297849 -0.18 17.40 13.74 0.00 TRACK
69.080	>>> V 10.28 -2.99
69.081	S 13297869 0.09 17.40 12.37 0.00 TRACK
69.097	>>> V 10.28 -2.99
69.099	S 13297889 0.26 17.40 12.37 0.00 TRACK
69.119	>>> V 10.28 -2.99
69.121	S 13297909 0.53 17.40 10.99 0.00 TRACK
69.142	>>> V 9.26 -3.13
69.143	S 13297929 0.70 17.31 10.99 0.00 TRACK
69.165	>>> V 9.26 -3.13
69.165	S 13297949 0.97 17.31 9.62 0.00 TRACK
69.180	>>> V 9.26 -3.13
69.183	S 13297969 1.14 17.23 9.62 -1.37 TRACK
69.200	>>> V 9.26 -3.13
69.201	S 13297989 1.32 17.23 9.62 -1.37 TRACK
69.216	>>> V 8.71 -3.37
69.220	S 13298009 1.49 17.14 9.62 -2.75 TRACK
69.243	>>> V 8.18 -3.47
69.243	S 13298029 1.76 17.05 9.62 -2.75 TRACK
69.255	>>> V 8.18 -3.47
69.259	S 13298049 1.93 16.96 9.62 -2.75 TRACK
69.274	>>> V 8.18 -3.47
69.277	S 13298069 2.11 16.87 9.62 -2.75 TRACK
69.300	>>> V 7.17 -3.76
69.301	S 13298089 2.29 16.79 9.62 -2.75 TRACK
69.317	>>> V 7.17 -3.76
69.317	S 13298109 2.46 16.79 8.24 -2.75 TRACK
69.341	>>> V 6.30 -4.11
69.341	S 13298129 2.64 16.70 8.24 -2.75 TRACK
69.356	>>> V 6.30 -4.11
69.357	S 13298149 2.72 16.61 6.87 -2.75 TRACK
69.374	>>> V 6.30 -4.11
69.395	>>> V 5.88 -4.17
69.396	S 13298169 2.90 16.52 6.87 -2.75 TRACK
69.414	>>> V 5.88 -4.17
69.414	S 13298189 2.99 16.44 6.87 -2.75 TRACK
69.436	>>> V 5.48 -4.04
69.439	S 13298209 3.08 16.35 5.50 -2.75 TRACK
69.444	S 13298229 3.25 16.35 5.50 -2.75 TRACK
69.460	>>> V 5.48 -4.04
69.463	S 13298249 3.34 16.26 5.50 -2.75 TRACK
69.477	>>> V 5.48 -4.04
69.478	S 13298269 3.52 16.17 5.50 -2.75 TRACK
69.498	>>> V 5.14 -3.88
69.500	S 13298289 3.60 16.08 5.50 -2.75 TRACK
69.518	>>> V 5.14 -3.88
69.519	S 13298309 3.69 16.00 5.50 -2.75 TRACK
69.538	>>> V 5.14 -3.88
69.541	S 13298329 3.78 15.91 5.50 -2.75 TRACK
69.554	>>> V 4.13 -3.42
69.574	>>> V 3.48 -3.21
69.574	S 13298349 3.96 15.82 5.50 -2.75 TRACK
69.597	>>> V 3.48 -3.21
69.600	S 13298369 4.04 15.73 5.50 -2.75 TRACK
69.604	S 13298389 4.13 15.64 5.50 -2.75 TRACK
69.616	>>> V 2.83 -2.85
69.619	S 13298409 4.31 15.56 5.50 -2.75 TRACK
69.637	>>> V 2.83 -2.85
69.638	S 13298429 4.31 15.47 4.12 -2.75 TRACK
69.653	>>> V 2.83 -2.85
69.673	>>> V 2.21 0.00
69.675	S 13298449 4.48 15.47 4.12 -2.75 TRACK
69.694	>>> V 2.21 0.00
69.697	S 13298469 4.57 15.38 4.12 -2.75 TRACK
69.699	S 13298489 4.57 15.38 4.12 -2.75 TRACK
69.721	>>> V 2.21 0.00
69.724	S 13298509 4.57 15.38 2.75 -1.37 TRACK
69.742	>>> V 2.21 0.00
69.744	S 13298529 4.57 15.38 1.37 -1.37 TRACK
69.764	>>> V 2.21 0.00
69.765	S 13298549 4.66 15.38 0.00 0.00 TRACK
69.791	>>> V 0.00 0.00
69.793	S 13298569 4.75 15.38 1.37 0.00 TRACK
69.819	>>> V 0.00 0.00
69.822	S 13298589 4.83 15.38 2.75 0.00 TRACK
69.830	S 13298609 4.92 15.38 2.75 0.00 TRACK
69.857	>>> V 0.00 0.00
69.857	S 13298629 4.92 15.38 2.75 0.00 TRACK
69.861	S 13298649 4.92 15.38 1.37 0.00 TRACK
69.883	>>> V -2.19 0.00
69.888	S 13298669 4.92 15.38 1.37 0.00 TRACK
69.907	>>> V -2.19 0.00
69.909	S 13298689 4.92 15.38 0.00 0.00 TRACK
69.924	>>> V -4.84 0.00
69.928	S 13298709 4.92 15.38 0.00 0.00 TRACK
69.946	>>> V -4.84 0.00
69.947	S 13298729 4.92 15.38 0.00 0.00 TRACK
69.964	>>> V -4.84 0.00
69.970	S 13298749 4.83 15.38 0.00 0.00 TRACK
69.988	>>> V -6.21 0.00
69.989	S 13298769 4.83 15.38 0.00 0.00 TRACK
70.007	>>> V -6.21 0.00
70.008	S 13298789 4.66 15.38 -1.37 0.00 TRACK
70.028	>>> V -7.26 0.00
70.029	S 13298809 4.57 15.38 -2.75 0.00 TRACK
70.040	>>> V -7.26 0.00
70.040	S 13298829 4.48 15.38 -4.12 0.00 TRACK
70.055	>>> V -9.48 0.00
70.074	>>> V -10.48 0.00
70.076	S 13298849 4.31 15.38 -5.50 0.00 TRACK
70.094	>>> V -10.48 0.00
70.094	S 13298869 4.13 15.38 -5.50 0.00 TRACK
70.115	>>> V -10.48 0.00
70.118	S 13298889 4.04 15.38 -5.50 0.00 TRACK
70.121	S 13298909 3.87 15.38 -5.50 0.00 TRACK
70.137	>>> V -11.60 0.00
70.139	S 13298929 3.60 15.38 -6.87 0.00 TRACK
70.158	>>> V -11.60 0.00
70.161	S 13298949 3.43 15.38 -8.24 0.00 TRACK
70.175	>>> V -11.60 0.00
70.179	S 13298969 3.25 15.38 -9.62 0.00 TRACK
70.195	>>> V -13.86 0.00
70.219	>>> V -14.70 0.00
70.220	S 13298989 3.08 15.38 -9.62 0.00 TRACK
70.223	S 13299009 2.99 15.38 -8.24 0.00 TRACK
70.237	>>> V -14.70 0.00
70.238	S 13299029 2.72 15.38 -8.24 0.00 TRACK
70.254	>>> V -14.70 0.00
70.274	>>> V -14.70 0.00
70.276	S 13299049 2.37 15.38 -8.24 0.00 TRACK
70.294	>>> V -16.36 0.00
70.296	S 13299069 2.20 15.38 -9.62 0.00 TRACK
70.318	>>> V -17.09 2.88
70.320	S 13299089 1.93 15.38 -12.37 0.00 TRACK
70.325	S 13299109 1.58 15.38 -12.37 0.00 TRACK
70.340	>>> V -17.09 2.88
70.340	S 13299129 1.23 15.38 -13.74 0.00 TRACK
70.355	>>> V -17.09 2.88
70.375	>>> V -17.09 2.88
70.378	S 13299149 0.97 15.38 -15.11 0.00 TRACK
70.379	S 13299169 0.62 15.38 -15.11 0.00 TRACK
70.396	>>> V -17.95 3.09
70.399	S 13299189 0.26 15.38 -15.11 0.00 TRACK
70.414	>>> V -17.95 3.09
70.436	>>> V 0.00 0.00
70.437	S 13299209 -0.09 15.38 -15.11 0.00 TRACK
70.454	>>> V 0.00 0.00
70.455	S 13299229 -0.44 15.38 -16.49 0.00 TRACK
70.473	>>> V 0.00 0.00
70.474	S 13299249 -0.79 15.47 -16.49 0.00 TRACK
70.493	>>> V 0.00 0.00
70.494	S 13299269 -1.05 15.47 -16.49 0.00 TRACK
70.517	>>> V 0.00 0.00
70.517	S 13299289 -1.32 15.47 -15.11 0.00 TRACK
70.522	S 13299309 -1.41 15.47 -13.74 0.00 TRACK
70.537	>>> V 0.00 0.00
70.538	S 13299329 -1.49 15.47 -10.99 0.00 TRACK
70.557	>>> V 0.00 0.00
70.559	S 13299349 -1.58 15.47 -6.87 0.00 TRACK
70.574	>>> V 0.00 0.00
70.595	>>> V 0.00 0.00
70.597	S 13299369 -1.58 15.47 -4.12 0.00 TRACK
70.614	>>> V 0.00 0.00
70.615	S 13299389 -1.58 15.47 -1.37 0.00 TRACK
70.635	>>> V 0.00 0.00
70.635	S 13299409 -1.58 15.47 0.00 0.00 TRACK
70.653	>>> V 0.00 0.00
70.654	S 13299429 -1.58 15.47 0.00 0.00 TRACK
70.674	>>> V 0.00 0.00
70.674	S 13299449 -1.58 15.47 0.00 0.00 TRACK
70.694	>>> V 0.00 0.00
70.695	S 13299469 -1.58 15.47 0.00 0.00 TRACK
70.714	>>> V 0.00 0.00
70.716	S 13299489 -1.58 15.47 0.00 0.00 TRACK
70.734	>>> V 0.00 0.00
70.734	S 13299509 -1.58 15.47 0.00 0.00 TRACK
70.754	>>> V 0.00 0.00
70.757	S 13299529 -1.58 15.47 0.00 0.00 TRACK
70.774	>>> V 0.00 0.00
70.775	S 13299549 -1.58 15.47 0.00 0.00 TRACK
70.795	>>> V 0.00 0.00
70.795	S 13299569 -1.58 15.47 0.00 0.00 TRACK
70.814	>>> V 0.00 0.00
70.815	S 13299589 -1.49 15.47 0.00 0.00 TRACK
70.835	>>> V 0.00 0.00
70.835	S 13299609 -1.58 15.47 0.00 0.00 TRACK
70.854	>>> V 0.00 0.00
70.855	S 13299629 -1.58 15.47 0.00 0.00 TRACK
70.874	>>> V -22.71 5.45
70.875	S 13299649 -1.58 15.47 0.00 0.00 TRACK
70.895	>>> V -22.71 5.45
70.896	S 13299669 -1.58 15.47 0.00 0.00 TRACK
70.914	>>> V -23.25 5.64
70.915	S 13299689 -1.49 15.47 0.00 0.00 TRACK
70.934	>>> V -23.25 5.64
70.935	S 13299709 -1.58 15.56 0.00 0.00 TRACK
70.954	>>> V -23.63 5.57
70.955	S 13299729 -1.76 15.64 0.00 0.00 TRACK
70.974	>>> V -23.80 5.51
70.975	S 13299749 -2.02 15.73 -2.75 2.75 TRACK
70.994	>>> V -23.80 5.51
70.995	S 13299769 -2.37 15.91 -8.24 4.12 TRACK
71.016	>>> V -23.68 5.34
71.016	S 13299789 -2.81 16.08 -12.37 5.50 TRACK
71.035	>>> V -23.68 5.34
71.035	S 13299809 -3.25 16.17 -16.49 5.50 TRACK
71.054	>>> V -22.94 4.70
71.054	S 13299829 -3.69 16.26 -17.86 5.50 TRACK
71.074	>>> V -21.24 3.94
71.074	S 13299849 -4.04 16.35 -19.24 5.50 TRACK
71.094	>>> V -21.24 3.94
71.096	S 13299869 -4.57 16.52 -20.61 5.50 TRACK
71.116	>>> V -19.10 2.86
71.118	S 13299889 -5.01 16.61 -21.98 5.50 TRACK
71.122	S 13299909 -5.45 16.70 -21.98 4.12 TRACK
71.137	>>> V -19.10 2.86
71.138	S 13299929 -5.89 16.79 -21.98 4.12 TRACK
71.156	>>> V -19.10 2.86
71.159	S 13299949 -6.42 16.79 -21.98 4.12 TRACK
71.175	>>> V -19.10 2.86
71.179	S 13299969 -6.86 16.79 -21.98 2.75 TRACK
71.200	>>> V -16.74 0.00
71.200	S 13299989 -7.21 16.87 -20.61 1.37 TRACK
71.214	>>> V -16.74 0.00
71.218	S 13300009 -7.65 16.87 -20.61 0.00 TRACK
71.235	>>> V -14.22 0.00
71.238	S 13300029 -8.00 16.96 -20.61 1.37 TRACK
71.254	>>> V -11.55 0.00
71.273	>>> V -8.90 0.00
71.276	S 13300049 -8.35 16.96 -19.24 1.37 TRACK
71.294	>>> V -8.90 0.00
71.295	S 13300069 -8.79 16.96 -17.86 1.37 TRACK
71.314	>>> V -8.90 0.00
71.314	S 13300089 -9.14 16.96 -17.86 0.00 TRACK
71.335	>>> V -6.28 0.00
71.336	S 13300109 -9.40 16.96 -15.11 0.00 TRACK
71.359	>>> V -6.28 0.00
71.360	S 13300129 -9.67 16.96 -13.74 0.00 TRACK
71.361	S 13300149 -9.84 16.96 -12.37 0.00 TRACK
71.378	>>> V -6.28 0.00
71.379	S 13300169 -10.02 16.96 -10.99 0.00 TRACK
71.401	>>> V -3.73 -3.09
71.402	S 13300189 -10.20 16.96 -9.62 0.00 TRACK
71.415	>>> V -3.73 -3.09
71.420	S 13300209 -10.28 16.96 -8.24 0.00 TRACK
71.434	>>> V -3.73 -3.09
71.453	>>> V 0.00 -3.68
71.454	S 13300229 -10.37 16.96 -6.87 0.00 TRACK
71.474	>>> V 0.00 -3.68
71.475	S 13300249 -10.55 16.96 -5.50 0.00 TRACK
71.493	>>> V 3.60 -3.26
71.494	S 13300269 -10.63 16.96 -5.50 0.00 TRACK
71.514	>>> V 3.60 -3.26
71.514	S 13300289 -10.72 16.96 -5.50 0.00 TRACK
71.535	>>> V 3.60 -3.26
71.535	S 13300309 -10.72 16.87 -4.12 0.00 TRACK
71.554	>>> V 3.44 -2.90
71.554	S 13300329 -10.72 16.79 -2.75 -1.37 TRACK
71.573	>>> V 3.44 -2.90
71.574	S 13300349 -10.72 16.70 -1.37 -2.75 TRACK
71.603	>>> V 3.18 0.00
71.605	S 13300369 -10.63 16.61 0.00 -2.75 TRACK
71.608	S 13300389 -10.55 16.52 1.37 -2.75 TRACK
71.615	>>> V 3.18 0.00
71.635	>>> V 3.18 0.00
71.636	S 13300409 -10.37 16.61 2.75 -1.37 TRACK
71.654	>>> V 3.18 0.00
71.654	S 13300429 -10.28 16.52 4.12 -1.37 TRACK
71.675	>>> V 3.18 0.00
71.675	S 13300449 -10.37 16.52 2.75 -1.37 TRACK
71.697	>>> V 3.18 0.00
71.698	S 13300469 -10.28 16.52 1.37 -1.37 TRACK
71.702	S 13300489 -10.28 16.52 1.37 0.00 TRACK
71.715	>>> V 0.00 0.00
71.734	>>> V 0.00 0.00
71.735	S 13300509 -10.20 16.52 1.37 0.00 TRACK
71.753	>>> V 0.00 0.00
71.755	S 13300529 -10.02 16.52 2.75 0.00 TRACK
71.774	>>> V 0.00 0.00
71.774	S 13300549 -10.11 16.52 2.75 0.00 TRACK
71.795	>>> V 0.00 0.00
71.796	S 13300569 -10.11 16.52 1.37 0.00 TRACK
71.818	>>> V 0.00 0.00
71.819	S 13300589 -10.11 16.52 0.00 0.00 TRACK
71.825	S 13300609 -10.11 16.52 0.00 0.00 TRACK
71.837	>>> V 0.00 0.00
71.838	S 13300629 -10.11 16.52 0.00 0.00 TRACK
71.859	>>> V -2.18 0.00
71.859	S 13300649 -10.11 16.52 0.00 0.00 TRACK
71.877	>>> V -2.18 0.00
71.878	S 13300669 -10.11 16.52 0.00 0.00 TRACK
71.897	>>> V -2.18 0.00
71.918	>>> V -2.66 0.00
71.918	S 13300689 -10.11 16.52 0.00 0.00 TRACK
71.924	S 13300709 -10.02 16.52 0.00 0.00 TRACK
71.949	>>> V -2.66 0.00
71.953	S 13300729 -10.11 16.52 0.00 0.00 TRACK
71.965	>>> V -3.12 0.00
71.971	S 13300749 -10.11 16.52 0.00 0.00 TRACK
71.987	>>> V -3.12 0.00
71.990	S 13300769 -10.20 16.52 0.00 0.00 TRACK
72.006	>>> V -3.12 0.00
72.009	S 13300789 -10.28 16.52 -1.37 0.00 TRACK
72.027	>>> V -3.12 0.00
72.030	S 13300809 -10.37 16.52 -2.75 0.00 TRACK
72.050	>>> V -3.12 0.00
72.054	S 13300829 -10.46 16.52 -2.75 0.00 TRACK
72.076	>>> V -3.50 0.00
72.082	S 13300849 -10.46 16.52 -2.75 0.00 TRACK
72.085	S 13300869 -10.46 16.52 -1.37 0.00 TRACK
72.117	>>> V -3.50 0.00
72.118	S 13300889 -10.55 16.52 -1.37 0.00 TRACK
72.119	S 13300909 -10.63 16.52 -1.37 0.00 TRACK
72.140	>>> V -4.19 0.00
72.141	S 13300929 -10.72 16.52 -2.75 0.00 TRACK
72.155	>>> V -4.45 0.00
72.178	>>> V -4.54 0.00
72.179	S 13300949 -10.81 16.52 -4.12 0.00 TRACK
72.180	S 13300969 -10.90 16.52 -4.12 0.00 TRACK
72.194	>>> V -4.54 0.00
72.215	>>> V -4.45 0.00
72.216	S 13300989 -10.99 16.52 -4.12 0.00 TRACK
72.234	>>> V -4.45 0.00
72.235	S 13301009 -11.07 16.52 -4.12 0.00 TRACK
72.261	>>> V -4.45 0.00
72.264	S 13301029 -11.16 16.52 -4.12 0.00 TRACK
72.269	S 13301049 -11.25 16.52 -4.12 0.00 TRACK
72.279	>>> V -4.45 0.00
72.280	S 13301069 -11.34 16.52 -4.12 0.00 TRACK
72.294	>>> V -4.45 0.00
72.317	>>> V -4.64 0.00
72.317	S 13301089 -11.43 16.52 -4.12 0.00 TRACK
72.334	>>> V -4.64 0.00
72.337	S 13301109 -11.51 16.52 -4.12 0.00 TRACK
72.340	S 13301129 -11.60 16.52 -2.75 0.00 TRACK
72.359	>>> V -4.68 0.00
72.362	S 13301149 -11.60 16.52 -2.75 0.00 TRACK
72.377	>>> V -4.68 0.00
72.379	S 13301169 -11.78 16.52 -2.75 0.00 TRACK
72.396	>>> V -4.68 0.00
72.401	S 13301189 -11.87 16.52 -2.75 0.00 TRACK
72.415	>>> V -4.71 0.00
72.418	S 13301209 -11.95 16.52 -4.12 0.00 TRACK
72.443	>>> V -4.71 0.00
72.446	S 13301229 -12.04 16.52 -4.12 0.00 TRACK
72.458	>>> V -4.71 0.00
72.461	S 13301249 -12.13 16.52 -4.12 0.00 TRACK
72.475	>>> V -4.80 0.00
72.478	S 13301269 -12.13 16.52 -2.75 0.00 TRACK
72.495	>>> V -4.90 0.00
72.500	S 13301289 -12.22 16.52 -2.75 0.00 TRACK
72.517	>>> V -4.90 0.00
72.520	S 13301309 -12.30 16.52 -2.75 0.00 TRACK
72.535	>>> V -4.94 0.00
72.556	>>> V -5.09 0.00
72.556	S 13301329 -12.39 16.52 -2.75 0.00 TRACK
72.574	>>> V -5.11 0.00
72.574	S 13301349 -12.57 16.52 -2.75 0.00 TRACK
72.595	>>> V -5.19 0.00
72.596	S 13301369 -12.57 16.52 -4.12 0.00 TRACK
72.613	>>> V -5.19 0.00
72.614	S 13301389 -12.74 16.52 -4.12 0.00 TRACK
72.634	>>> V -5.28 0.00
72.634	S 13301409 -12.74 16.52 -4.12 0.00 TRACK
72.654	>>> V -5.28 0.00
72.654	S 13301429 -12.92 16.52 -4.12 0.00 TRACK
72.674	>>> V -5.30 0.00
72.674	S 13301449 -13.01 16.52 -4.12 0.00 TRACK
72.695	>>> V -5.30 0.00
72.696	S 13301469 -13.10 16.52 -4.12 0.00 TRACK
72.714	>>> V -5.29 0.00
72.716	S 13301489 -13.18 16.52 -4.12 0.00 TRACK
72.739	>>> V -5.30 0.00
72.740	S 13301509 -13.27 16.52 -4.12 0.00 TRACK
72.742	S 13301529 -13.36 16.52 -4.12 0.00 TRACK
72.754	>>> V -5.30 0.00
72.773	>>> V -5.32 0.00
72.774	S 13301549 -13.45 16.52 -4.12 0.00 TRACK
72.803	>>> V -5.36 0.00
72.804	S 13301570 -13.62 16.52 -4.12 0.00 TRACK
72.808	S 13301589 -13.62 16.52 -4.12 0.00 TRACK
72.813	>>> V -5.36 0.00
72.836	>>> V -5.39 0.00
72.836	S 13301610 -13.80 16.52 -4.12 0.00 TRACK
72.855	>>> V -5.45 0.00
72.856	S 13301630 -13.89 16.52 -4.12 0.00 TRACK
72.874	>>> V -5.45 0.00
72.875	S 13301650 -14.06 16.52 -4.12 0.00 TRACK
72.897	>>> V -5.51 0.00
72.899	S 13301670 -14.06 16.52 -4.12 0.00 TRACK
72.903	S 13301690 -14.24 16.52 -4.12 0.00 TRACK
72.917	>>> V -5.51 0.00
72.918	S 13301710 -14.33 16.52 -4.12 0.00 TRACK
72.936	>>> V -5.62 0.00
72.954	>>> V -5.67 0.00
72.955	S 13301730 -14.41 16.52 -4.12 0.00 TRACK
72.974	>>> V -5.67 0.00
72.976	S 13301750 -14.50 16.52 -4.12 0.00 TRACK
72.994	>>> V -5.67 0.00
72.994	S 13301770 -14.68 16.52 -4.12 0.00 TRACK
73.014	>>> V -5.67 0.00
73.015	S 13301790 -14.68 16.52 -4.12 0.00 TRACK
73.034	>>> V -5.65 0.00
73.035	S 13301810 -14.85 16.52 -4.12 0.00 TRACK
73.055	>>> V -5.65 0.00
73.056	S 13301830 -14.94 16.52 -4.12 0.00 TRACK
73.078	>>> V -5.65 0.00
73.082	S 13301850 -15.03 16.52 -4.12 0.00 TRACK
73.089	S 13301870 -15.21 16.52 -4.12 0.00 TRACK
73.100	>>> V -5.65 0.00
73.101	S 13301890 -15.29 16.52 -4.12 0.00 TRACK
73.126	>>> V -5.65 0.00
73.129	S 13301910 -15.38 16.52 -4.12 0.00 TRACK
73.141	>>> V -5.61 0.00
73.148	S 13301930 -15.47 16.52 -4.12 0.00 TRACK
73.159	>>> V -5.61 0.00
73.159	S 13301950 -15.56 16.52 -4.12 0.00 TRACK
73.184	>>> V -5.47 0.00
73.187	S 13301970 -15.73 16.52 -5.50 0.00 TRACK
73.196	>>> V -5.47 0.00
73.198	S 13301990 -15.82 16.52 -5.50 0.00 TRACK
73.221	>>> V -5.29 0.00
73.222	S 13302010 -15.91 16.52 -5.50 0.00 TRACK
73.233	>>> V -5.12 0.00
73.260	>>> V -5.12 0.00
73.260	S 13302030 -16.00 16.52 -4.12 0.00 TRACK
73.264	S 13302050 -16.08 16.52 -4.12 0.00 TRACK
73.274	>>> V -5.12 0.00
73.280	S 13302070 -16.26 16.52 -4.12 0.00 TRACK
73.297	>>> V -4.90 0.00
73.300	S 13302090 -16.35 16.52 -5.50 0.00 TRACK
73.320	>>> V -4.90 0.00
73.324	S 13302110 -16.44 16.52 -5.50 0.00 TRACK
73.340	>>> V -4.65 0.00
73.341	S 13302130 -16.61 16.52 -5.50 0.00 TRACK
73.355	>>> V -4.65 0.00
73.376	>>> V -4.34 0.00
73.377	S 13302150 -16.70 16.52 -4.12 0.00 TRACK
73.398	>>> V -3.51 0.00
73.401	S 13302170 -16.79 16.52 -4.12 0.00 TRACK
73.405	S 13302190 -16.87 16.52 -5.50 0.00 TRACK
73.414	>>> V -3.04 0.00
73.434	>>> V -3.04 0.00
73.437	S 13302210 -17.05 16.52 -5.50 0.00 TRACK
73.460	>>> V -2.43 0.00
73.460	S 13302230 -17.14 16.52 -4.12 0.00 TRACK
73.461	S 13302250 -17.14 16.52 -4.12 0.00 TRACK
73.476	>>> V 0.00 0.00
73.479	S 13302270 -17.31 16.52 -4.12 0.00 TRACK
73.494	>>> V 0.00 0.00
73.514	>>> V 0.00 0.00
73.515	S 13302290 -17.40 16.52 -4.12 0.00 TRACK
73.535	>>> V 0.00 0.00
73.537	S 13302310 -17.40 16.52 -4.12 0.00 TRACK
73.555	>>> V 0.00 0.00
73.555	S 13302330 -17.40 16.52 -2.75 0.00 TRACK
73.575	>>> V 0.00 0.00
73.578	S 13302350 -17.40 16.52 -1.37 0.00 TRACK
73.579	S 13302370 -17.40 16.61 0.00 0.00 TRACK
73.594	>>> V 0.00 0.00
73.614	>>> V 0.00 0.00
73.616	S 13302390 -17.31 16.52 0.00 0.00 TRACK
73.637	>>> V 0.00 0.00
73.638	S 13302410 -17.40 16.52 0.00 0.00 TRACK
73.642	S 13302430 -17.31 16.52 0.00 0.00 TRACK
73.654	>>> V 0.00 0.00
73.676	>>> V 0.00 0.00
73.677	S 13302450 -17.40 16.52 0.00 0.00 TRACK
73.694	>>> V 2.16 0.00
73.695	S 13302470 -17.40 16.52 0.00 0.00 TRACK
73.713	>>> V 2.16 0.00
73.714	S 13302490 -17.40 16.52 0.00 0.00 TRACK
73.736	>>> V 2.91 0.00
73.737	S 13302510 -17.40 16.52 0.00 0.00 TRACK
73.754	>>> V 2.91 0.00
73.757	S 13302530 -17.40 16.52 0.00 0.00 TRACK
73.776	>>> V 3.46 0.00
73.778	S 13302550 -17.40 16.52 0.00 0.00 TRACK
73.786	S 13302570 -17.40 16.52 0.00 0.00 TRACK
73.798	>>> V 3.46 0.00
73.800	S 13302590 -17.31 16.52 0.00 0.00 TRACK
73.816	>>> V 3.46 0.00
73.836	>>> V 4.05 0.00
73.837	S 13302610 -17.23 16.52 1.37 0.00 TRACK
73.854	>>> V 4.05 0.00
73.856	S 13302630 -17.05 16.52 2.75 0.00 TRACK
73.878	>>> V 4.64 0.00
73.879	S 13302650 -16.96 16.52 4.12 0.00 TRACK
73.880	S 13302670 -16.87 16.52 4.12 0.00 TRACK
73.896	>>> V 4.64 0.00
73.898	S 13302690 -16.79 16.52 4.12 0.00 TRACK
73.917	>>> V 5.24 0.00
73.918	S 13302710 -16.79 16.52 4.12 0.00 TRACK
73.935	>>> V 5.24 0.00
73.955	>>> V 6.35 0.00
73.957	S 13302730 -16.70 16.52 2.75 0.00 TRACK
73.974	>>> V 6.98 0.00
73.975	S 13302750 -16.52 16.52 2.75 0.00 TRACK
73.997	>>> V 6.98 0.00
73.998	S 13302770 -16.44 16.52 4.12 0.00 TRACK
73.999	S 13302790 -16.35 16.52 4.12 0.00 TRACK
74.023	>>> V 6.98 0.00
74.024	S 13302810 -16.26 16.52 4.12 0.00 TRACK
74.036	>>> V 8.06 0.00
74.039	S 13302830 -16.08 16.52 5.50 0.00 TRACK
74.055	>>> V 8.06 0.00
74.058	S 13302850 -16.00 16.52 5.50 0.00 TRACK
74.077	>>> V 8.06 0.00
74.078	S 13302870 -15.82 16.52 5.50 0.00 TRACK
74.096	>>> V 8.35 0.00
74.115	>>> V 8.66 0.00
74.116	S 13302890 -15.73 16.52 5.50 0.00 TRACK
74.133	>>> V 8.66 0.00
74.134	S 13302910 -15.56 16.52 5.50 0.00 TRACK
74.156	>>> V 9.10 0.00
74.156	S 13302930 -15.38 16.52 5.50 0.00 TRACK
74.176	>>> V 9.10 0.00
74.178	S 13302950 -15.21 16.52 6.87 0.00 TRACK
74.196	>>> V 9.10 0.00
74.199	S 13302970 -15.12 16.52 6.87 0.00 TRACK
74.201	S 13302990 -14.85 16.52 8.24 0.00 TRACK
74.215	>>> V 9.10 0.00
74.239	>>> V 9.78 0.00
74.239	S 13303010 -14.68 16.52 8.24 0.00 TRACK
74.241	S 13303030 -14.50 16.52 8.24 0.00 TRACK
74.254	>>> V 10.01 0.00
74.275	>>> V 10.16 0.00
74.276	S 13303050 -14.33 16.52 8.24 0.00 TRACK
74.294	>>> V 10.28 0.00
74.296	S 13303070 -14.06 16.52 8.24 0.00 TRACK
74.314	>>> V 10.28 0.00
74.315	S 13303090 -13.89 16.52 9.62 0.00 TRACK
74.333	>>> V 10.41 0.00
74.335	S 13303110 -13.71 16.52 9.62 0.00 TRACK
74.355	>>> V 10.41 0.00
74.356	S 13303130 -13.54 16.52 9.62 0.00 TRACK
74.378	>>> V 10.41 0.00
74.381	S 13303150 -13.27 16.52 9.62 0.00 TRACK
74.388	S 13303170 -13.18 16.52 9.62 0.00 TRACK
74.401	>>> V 10.41 0.00
74.401	S 13303190 -13.01 16.52 9.62 0.00 TRACK
74.423	>>> V 10.45 0.00
74.423	S 13303210 -12.83 16.61 9.62 0.00 TRACK
74.439	>>> V 10.45 0.00
74.444	S 13303230 -12.66 16.52 9.62 0.00 TRACK
74.454	>>> V 10.45 0.00
74.476	>>> V 10.51 0.00
74.477	S 13303250 -12.48 16.52 8.24 0.00 TRACK
74.499	>>> V 10.51 0.00
74.502	S 13303270 -12.22 16.52 8.24 0.00 TRACK
74.507	S 13303290 -12.04 16.52 9.62 0.00 TRACK
74.520	>>> V 10.51 0.00
74.523	S 13303310 -11.78 16.52 9.62 0.00 TRACK
74.540	>>> V 10.52 0.00
74.543	S 13303330 -11.60 16.52 9.62 0.00 TRACK
74.558	>>> V 10.52 0.00
74.562	S 13303350 -11.34 16.52 10.99 0.00 TRACK
74.578	>>> V 10.51 0.00
74.580	S 13303370 -11.16 16.52 10.99 0.00 TRACK
74.600	>>> V 10.51 0.00
74.601	S 13303390 -10.99 16.52 9.62 0.00 TRACK
74.622	>>> V 10.45 0.00
74.627	S 13303410 -10.72 16.52 9.62 0.00 TRACK
74.639	>>> V 10.45 0.00
74.640	S 13303430 -10.46 16.52 9.62 0.00 TRACK
74.663	>>> V 10.46 0.00
74.665	S 13303450 -10.28 16.52 9.62 0.00 TRACK
74.688	>>> V 10.44 0.00
74.691	S 13303470 -10.02 16.52 9.62 0.00 TRACK
74.700	>>> V 10.44 0.00
74.703	S 13303490 -9.84 16.52 10.99 0.00 TRACK
74.715	>>> V 10.28 0.00
74.738	>>> V 10.08 0.00
74.739	S 13303510 -9.58 16.52 10.99 0.00 TRACK
74.744	S 13303530 -9.32 16.52 10.99 0.00 TRACK
74.759	>>> V 9.82 0.00
74.760	S 13303550 -9.14 16.52 10.99 0.00 TRACK
74.779	>>> V 9.82 0.00
74.783	S 13303570 -8.88 16.52 9.62 0.00 TRACK
74.794	>>> V 9.82 0.00
74.818	>>> V 9.33 0.00
74.820	S 13303590 -8.61 16.52 9.62 0.00 TRACK
74.822	S 13303610 -8.44 16.52 9.62 0.00 TRACK
74.843	>>> V 9.33 0.00
74.844	S 13303630 -8.26 16.52 9.62 0.00 TRACK
74.859	>>> V 9.33 0.00
74.862	S 13303650 -8.00 16.52 9.62 0.00 TRACK
74.877	>>> V 9.08 0.00
74.880	S 13303670 -7.82 16.52 9.62 0.00 TRACK
74.902	>>> V 9.08 0.00
74.903	S 13303690 -7.65 16.52 9.62 0.00 TRACK
74.916	>>> V 9.08 0.00
74.919	S 13303710 -7.47 16.52 9.62 0.00 TRACK
74.939	>>> V 8.74 0.00
74.940	S 13303730 -7.21 16.52 9.62 0.00 TRACK
74.957	>>> V 8.36 0.00
74.976	>>> V 8.36 0.00
74.978	S 13303750 -7.03 16.52 9.62 0.00 TRACK
74.982	S 13303770 -6.86 16.52 9.62 0.00 TRACK
74.994	>>> V 8.36 0.00
75.015	>>> V 7.75 0.00
75.015	S 13303790 -6.68 16.52 8.24 0.00 TRACK
75.043	>>> V 7.75 0.00
75.045	S 13303810 -6.50 16.52 8.24 0.00 TRACK
75.051	S 13303830 -6.42 16.52 8.24 0.00 TRACK
75.057	>>> V 7.75 0.00
75.077	>>> V 7.31 0.00
75.077	S 13303850 -6.24 16.52 6.87 0.00 TRACK
75.093	>>> V 7.31 0.00
75.094	S 13303870 -5.98 16.52 6.87 0.00 TRACK
75.113	>>> V 7.02 0.00
75.114	S 13303890 -5.80 16.52 6.87 0.00 TRACK
75.135	>>> V 6.91 0.00
75.139	S 13303910 -5.71 16.52 6.87 0.00 TRACK
75.141	S 13303930 -5.54 16.52 6.87 0.00 TRACK
75.160	>>> V 6.91 0.00
75.161	S 13303950 -5.36 16.52 6.87 0.00 TRACK
75.177	>>> V 6.87 0.00
75.179	S 13303970 -5.27 16.52 6.87 0.00 TRACK
75.193	>>> V 6.87 0.00
75.217	>>> V 6.87 0.00
75.221	S 13303990 -5.10 16.52 6.87 0.00 TRACK
75.223	S 13304010 -5.01 16.52 6.87 0.00 TRACK
75.234	>>> V 6.93 0.00
75.254	>>> V 6.93 0.00
75.254	S 13304030 -4.83 16.52 5.50 0.00 TRACK
75.279	>>> V 6.97 0.00
75.283	S 13304050 -4.75 16.52 5.50 0.00 TRACK
75.287	S 13304070 -4.57 16.52 5.50 0.00 TRACK
75.303	>>> V 6.97 0.00
75.306	S 13304090 -4.39 16.52 5.50 0.00 TRACK
75.320	>>> V 6.97 0.00
75.324	S 13304110 -4.31 16.61 6.87 0.00 TRACK
75.341	>>> V 7.02 0.00
75.345	S 13304130 -4.13 16.52 6.87 0.00 TRACK
75.355	>>> V 7.08 0.00
75.373	>>> V 7.10 0.00
75.374	S 13304150 -4.04 16.52 6.87 0.00 TRACK
75.394	>>> V 7.10 0.00
75.395	S 13304170 -3.87 16.52 6.87 0.00 TRACK
75.415	>>> V 7.10 0.00
75.416	S 13304190 -3.78 16.52 5.50 0.00 TRACK
75.437	>>> V 7.15 0.00
75.441	S 13304210 -3.60 16.52 5.50 0.00 TRACK
75.447	S 13304230 -3.52 16.52 5.50 0.00 TRACK
75.453	>>> V 7.07 0.00
75.459	S 13304250 -3.34 16.52 6.87 0.00 TRACK
75.475	>>> V 7.07 0.00
75.494	>>> V 7.07 0.00
75.497	S 13304270 -3.16 16.52 6.87 0.00 TRACK
75.516	>>> V 6.92 0.00
75.517	S 13304290 -3.08 16.52 6.87 0.00 TRACK
75.536	>>> V 6.92 0.00
75.538	S 13304310 -2.90 16.52 6.87 0.00 TRACK
75.542	S 13304330 -2.72 16.52 6.87 0.00 TRACK
75.562	>>> V 6.80 0.00
75.563	S 13304350 -2.64 16.52 6.87 0.00 TRACK
75.576	>>> V 6.80 0.00
75.579	S 13304370 -2.55 16.52 6.87 0.00 TRACK
75.594	>>> V 6.66 0.00
75.616	>>> V 6.57 0.00
75.616	S 13304390 -2.37 16.52 6.87 0.00 TRACK
75.635	>>> V 6.57 0.00
75.638	S 13304410 -2.20 16.52 5.50 0.00 TRACK
75.640	S 13304430 -2.02 16.52 5.50 0.00 TRACK
75.659	>>> V 6.47 0.00
75.659	S 13304450 -1.93 16.52 6.87 0.00 TRACK
75.675	>>> V 6.47 0.00
75.678	S 13304470 -1.85 16.52 5.50 0.00 TRACK
75.694	>>> V 6.39 0.00
75.715	>>> V 6.39 0.00
75.715	S 13304490 -1.67 16.52 5.50 0.00 TRACK
75.736	>>> V 6.39 0.00
75.738	S 13304510 -1.49 16.52 5.50 0.00 TRACK
75.741	S 13304530 -1.41 16.52 5.50 0.00 TRACK
75.753	>>> V 6.28 0.00
75.775	>>> V 6.17 0.00
75.776	S 13304550 -1.32 16.52 5.50 0.00 TRACK
75.795	>>> V 6.17 0.00
75.796	S 13304570 -1.14 16.52 5.50 0.00 TRACK
75.818	>>> V 6.07 0.00
75.818	S 13304590 -0.97 16.52 5.50 0.00 TRACK
75.823	S 13304610 -0.79 16.52 5.50 0.00 TRACK
75.835	>>> V 6.07 0.00
75.839	S 13304630 -0.79 16.52 5.50 0.00 TRACK
75.859	>>> V 6.00 0.00
75.859	S 13304650 -0.62 16.52 5.50 0.00 TRACK
75.874	>>> V 6.00 0.00
75.894	>>> V 5.81 0.00
75.894	S 13304670 -0.53 16.52 5.50 0.00 TRACK
75.915	>>> V 5.81 0.00
75.918	S 13304690 -0.44 16.52 5.50 0.00 TRACK
75.926	S 13304710 -0.26 16.52 5.50 0.00 TRACK
75.940	>>> V 5.67 0.00
75.941	S 13304730 -0.26 16.52 5.50 0.00 TRACK
75.954	>>> V 5.67 0.00
75.976	>>> V 5.67 0.00
75.979	S 13304750 -0.09 16.52 4.12 0.00 TRACK
75.985	S 13304770 0.00 16.52 4.12 0.00 TRACK
75.995	>>> V 5.67 0.00
76.021	>>> V 5.50 0.00
76.024	S 13304790 0.18 16.52 4.12 0.00 TRACK
76.030	S 13304810 0.26 16.52 4.12 0.00 TRACK
76.039	>>> V 5.50 0.00
76.040	S 13304830 0.35 16.52 5.50 0.00 TRACK
76.056	>>> V 5.50 0.00
76.058	S 13304850 0.44 16.52 5.50 0.00 TRACK
76.076	>>> V 5.69 0.00
76.093	>>> V 5.69 0.00
76.095	S 13304870 0.53 16.52 4.12 0.00 TRACK
76.114	>>> V 5.72 -2.85
76.114	S 13304890 0.62 16.61 4.12 0.00 TRACK
76.134	>>> V 5.72 -2.85
76.137	S 13304910 0.79 16.61 4.12 0.00 TRACK
76.155	>>> V 5.73 -3.04
76.155	S 13304930 0.97 16.52 5.50 0.00 TRACK
76.177	>>> V 5.72 -3.27
76.177	S 13304950 1.05 16.52 5.50 0.00 TRACK
76.193	>>> V 5.72 -3.27
76.195	S 13304970 1.05 16.44 4.12 0.00 TRACK
76.213	>>> V 5.79 -3.44
76.214	S 13304990 1.23 16.35 4.12 -1.37 TRACK
76.235	>>> V 5.79 -3.44
76.238	S 13305010 1.32 16.35 4.12 -1.37 TRACK
76.239	S 13305030 1.41 16.26 4.12 -2.75 TRACK
76.260	>>> V 5.79 -3.44
76.261	S 13305050 1.58 16.17 5.50 -2.75 TRACK
76.274	>>> V 5.79 -3.44
76.297	>>> V 5.85 -3.65
76.298	S 13305070 1.67 16.08 5.50 -2.75 TRACK
76.302	S 13305090 1.76 16.00 5.50 -2.75 TRACK
76.318	>>> V 5.85 -3.65
76.319	S 13305110 1.85 16.00 5.50 -2.75 TRACK
76.341	>>> V 5.85 -3.65
76.342	S 13305130 1.93 15.82 4.12 -2.75 TRACK
76.355	>>> V 5.85 -3.65
76.374	>>> V 5.60 -3.77
76.375	S 13305150 2.11 15.82 4.12 -2.75 TRACK
76.398	>>> V 5.33 -3.56
76.398	S 13305170 2.20 15.73 4.12 -2.75 TRACK
76.401	S 13305190 2.29 15.64 5.50 -2.75 TRACK
76.413	>>> V 4.98 -3.26
76.433	>>> V 4.98 -3.26
76.434	S 13305210 2.37 15.56 4.12 -2.75 TRACK
76.454	>>> V 4.98 -3.26
76.454	S 13305230 2.55 15.47 4.12 -2.75 TRACK
76.473	>>> V 4.51 -2.94
76.476	S 13305250 2.64 15.38 4.12 -2.75 TRACK
76.493	>>> V 4.51 -2.94
76.495	S 13305270 2.81 15.38 5.50 -2.75 TRACK
76.516	>>> V 3.98 0.00
76.518	S 13305290 2.90 15.29 5.50 -2.75 TRACK
76.535	>>> V 3.98 0.00
76.536	S 13305310 2.99 15.21 5.50 -2.75 TRACK
76.555	>>> V 3.37 0.00
76.557	S 13305330 3.08 15.12 4.12 -2.75 TRACK
76.575	>>> V 3.37 0.00
76.575	S 13305350 3.16 15.12 4.12 -2.75 TRACK
76.593	>>> V 3.37 0.00
76.594	S 13305370 3.25 15.12 4.12 -1.37 TRACK
76.615	>>> V 2.67 0.00
76.616	S 13305390 3.34 15.12 4.12 0.00 TRACK
76.637	>>> V 2.67 0.00
76.641	S 13305410 3.43 15.12 4.12 0.00 TRACK
76.643	S 13305430 3.52 15.12 4.12 0.00 TRACK
76.654	>>> V 1.94 0.00
76.673	>>> V 1.94 0.00
76.675	S 13305450 3.52 15.12 2.75 0.00 TRACK
76.694	>>> V 0.00 0.00
76.694	S 13305470 3.52 15.12 1.37 0.00 TRACK
76.713	>>> V 0.00 0.00
76.714	S 13305490 3.60 15.12 0.00 0.00 TRACK
76.734	>>> V 0.00 0.00
76.735	S 13305510 3.60 15.12 0.00 0.00 TRACK
76.754	>>> V 0.00 0.00
76.754	S 13305530 3.60 15.12 0.00 0.00 TRACK
76.775	>>> V -2.53 0.00
76.776	S 13305550 3.60 15.12 0.00 0.00 TRACK
76.798	>>> V -3.17 0.00
76.799	S 13305570 3.60 15.12 0.00 0.00 TRACK
76.801	S 13305590 3.60 15.12 0.00 0.00 TRACK
76.816	>>> V -3.99 0.00
76.835	>>> V -3.99 0.00
76.836	S 13305610 3.60 15.12 0.00 0.00 TRACK
76.853	>>> V -3.99 0.00
76.855	S 13305630 3.60 15.12 0.00 0.00 TRACK
76.874	>>> V -4.56 0.00
76.875	S 13305650 3.60 15.12 0.00 0.00 TRACK
76.897	>>> V -4.56 0.00
76.898	S 13305670 3.60 15.12 0.00 0.00 TRACK
76.902	S 13305690 3.52 15.12 0.00 0.00 TRACK
76.921	>>> V -4.56 0.00
76.921	S 13305710 3.34 15.12 -1.37 0.00 TRACK
76.936	>>> V -4.56 0.00
76.940	S 13305730 3.25 15.12 -2.75 0.00 TRACK
76.954	>>> V -4.56 0.00
76.975	>>> V -5.06 0.00
76.981	S 13305750 3.16 15.12 -4.12 0.00 TRACK
76.990	S 13305770 3.08 15.12 -4.12 0.00 TRACK
76.995	>>> V -5.06 0.00
77.019	>>> V -5.54 0.00
77.025	S 13305790 2.99 15.12 -4.12 0.00 TRACK
77.026	S 13305810 2.90 15.12 -4.12 0.00 TRACK
77.042	>>> V -5.54 0.00
77.043	S 13305830 2.81 15.12 -4.12 0.00 TRACK
77.060	>>> V -6.05 0.00
77.061	S 13305850 2.72 15.12 -4.12 0.00 TRACK
77.076	>>> V -6.46 0.00
77.078	S 13305870 2.55 15.12 -4.12 0.00 TRACK
77.094	>>> V -6.64 0.00
77.114	>>> V -6.78 0.00
77.115	S 13305890 2.37 15.12 -4.12 0.00 TRACK
77.135	>>> V -6.78 0.00
77.138	S 13305910 2.37 15.12 -5.50 0.00 TRACK
77.157	>>> V -6.91 0.00
77.157	S 13305930 2.29 15.12 -5.50 0.00 TRACK
77.180	>>> V -6.91 0.00
77.182	S 13305950 2.20 15.12 -4.12 0.00 TRACK
77.186	S 13305970 2.11 15.12 -4.12 0.00 TRACK
77.193	>>> V -6.91 0.00
77.214	>>> V -7.06 0.00
77.215	S 13305990 2.02 15.12 -2.75 0.00 TRACK
77.240	>>> V -7.06 0.00
77.240	S 13306010 1.85 15.12 -2.75 0.00 TRACK
77.244	S 13306030 1.67 15.12 -4.12 0.00 TRACK
77.255	>>> V -7.06 0.00
77.276	>>> V -7.06 0.00
77.276	S 13306050 1.49 15.12 -6.87 0.00 TRACK
77.309	>>> V -7.15 0.00
77.309	S 13306070 1.41 15.12 -6.87 0.00 TRACK
77.311	S 13306090 1.14 15.12 -8.24 0.00 TRACK
77.327	>>> V -7.15 0.00
77.327	S 13306110 1.05 15.12 -8.24 0.00 TRACK
77.346	>>> V -7.22 0.00
77.347	S 13306130 0.97 15.12 -6.87 0.00 TRACK
77.369	>>> V -7.22 0.00
77.371	S 13306150 0.88 15.12 -5.50 0.00 TRACK
77.380	>>> V -7.22 0.00
77.382	S 13306170 0.70 15.12 -5.50 0.00 TRACK
77.394	>>> V -7.28 0.00
77.413	>>> V -7.56 0.00
77.415	S 13306190 0.53 15.12 -5.50 0.00 TRACK
77.433	>>> V -7.56 0.00
77.435	S 13306210 0.44 15.12 -5.50 0.00 TRACK
77.454	>>> V -7.80 0.00
77.456	S 13306230 0.35 15.12 -5.50 0.00 TRACK
77.477	>>> V -7.80 0.00
77.477	S 13306250 0.18 15.12 -5.50 0.00 TRACK
77.494	>>> V -7.80 0.00
77.495	S 13306270 0.00 15.12 -6.87 0.00 TRACK
77.513	>>> V -7.80 0.00
77.514	S 13306290 -0.18 15.12 -6.87 0.00 TRACK
77.536	>>> V -7.80 0.00
77.537	S 13306310 -0.35 15.12 -8.24 0.00 TRACK
77.560	>>> V -7.79 0.00
77.563	S 13306330 -0.62 15.12 -8.24 0.00 TRACK
77.572	S 13306350 -0.70 15.12 -8.24 0.00 TRACK
77.579	>>> V -7.79 0.00
77.579	S 13306370 -0.88 15.12 -8.24 0.00 TRACK
77.594	>>> V -8.07 0.00
77.616	>>> V -8.07 0.00
77.617	S 13306390 -1.05 15.12 -8.24 0.00 TRACK
77.639	>>> V -8.48 0.00
77.642	S 13306410 -1.23 15.12 -8.24 0.00 TRACK
77.650	S 13306430 -1.41 15.12 -8.24 0.00 TRACK
77.656	>>> V -8.48 0.00
77.660	S 13306450 -1.49 15.12 -6.87 0.00 TRACK
77.674	>>> V -8.48 0.00
77.695	>>> V -8.67 0.00
77.696	S 13306470 -1.67 15.12 -6.87 0.00 TRACK
77.714	>>> V -8.67 0.00
77.717	S 13306490 -1.85 15.12 -6.87 0.00 TRACK
77.734	>>> V -8.94 0.00
77.735	S 13306510 -2.02 15.12 -8.24 0.00 TRACK
77.757	>>> V -8.94 0.00
77.759	S 13306530 -2.20 15.12 -8.24 0.00 TRACK
77.761	S 13306550 -2.37 15.12 -8.24 0.00 TRACK
77.774	>>> V -8.94 0.00
77.794	>>> V -9.03 0.00
77.795	S 13306570 -2.55 15.12 -8.24 0.00 TRACK
77.814	>>> V -9.03 0.00
77.817	S 13306590 -2.72 15.12 -8.24 0.00 TRACK
77.833	>>> V -9.08 0.00
77.834	S 13306610 -2.90 15.12 -8.24 0.00 TRACK
77.855	>>> V -9.10 0.00
77.856	S 13306630 -3.08 15.12 -8.24 0.00 TRACK
77.874	>>> V -9.10 0.00
77.876	S 13306650 -3.25 15.12 -8.24 0.00 TRACK
77.897	>>> V -9.10 0.00
77.898	S 13306670 -3.43 15.12 -8.24 0.00 TRACK
77.906	S 13306690 -3.69 15.12 -8.24 0.00 TRACK
77.923	>>> V -9.10 0.00
77.923	S 13306710 -3.87 15.12 -8.24 0.00 TRACK
77.939	>>> V -9.17 0.00
77.944	S 13306730 -4.04 15.12 -8.24 0.00 TRACK
77.958	>>> V -9.21 0.00
77.958	S 13306750 -4.22 15.12 -8.24 0.00 TRACK
77.973	>>> V -9.21 0.00
77.995	>>> V -9.31 0.00
77.997	S 13306770 -4.39 15.12 -8.24 0.00 TRACK
78.014	>>> V -9.31 0.00
78.015	S 13306790 -4.57 15.12 -8.24 0.00 TRACK
78.035	>>> V -9.29 0.00
78.036	S 13306810 -4.83 15.12 -8.24 0.00 TRACK
78.053	>>> V -9.29 0.00
78.055	S 13306830 -5.01 15.12 -8.24 0.00 TRACK
78.076	>>> V -9.09 0.00
78.077	S 13306850 -5.19 15.12 -8.24 0.00 TRACK
78.096	>>> V -9.09 0.00
78.096	S 13306870 -5.36 15.12 -8.24 0.00 TRACK
78.122	>>> V -9.09 0.00
78.125	S 13306890 -5.62 15.12 -8.24 0.00 TRACK
78.127	S 13306910 -5.80 15.12 -8.24 0.00 TRACK
78.135	>>> V -9.09 0.00
78.140	S 13306930 -5.89 15.12 -8.24 0.00 TRACK
78.158	>>> V -8.91 0.00
78.159	S 13306950 -6.24 15.12 -8.24 0.00 TRACK
78.177	>>> V -8.91 0.00
78.179	S 13306970 -6.42 15.12 -8.24 0.00 TRACK
78.194	>>> V -8.66 0.00
78.213	>>> V -8.17 0.00
78.214	S 13306990 -6.59 15.21 -8.24 0.00 TRACK
78.236	>>> V -7.94 0.00
78.236	S 13307010 -6.77 15.12 -8.24 0.00 TRACK
78.255	>>> V -7.94 0.00
78.256	S 13307030 -6.94 15.12 -8.24 0.00 TRACK
78.275	>>> V -7.71 0.00
78.276	S 13307050 -7.12 15.12 -8.24 0.00 TRACK
78.293	>>> V -7.71 0.00
78.296	S 13307070 -7.29 15.03 -8.24 0.00 TRACK
78.314	>>> V -7.31 0.00
78.314	S 13307090 -7.47 15.12 -8.24 0.00 TRACK
78.334	>>> V -7.31 0.00
78.335	S 13307110 -7.65 15.12 -6.87 0.00 TRACK
78.353	>>> V -7.11 0.00
78.354	S 13307130 -7.73 15.12 -6.87 0.00 TRACK
78.375	>>> V -6.92 0.00
78.376	S 13307150 -7.91 15.12 -6.87 0.00 TRACK
78.394	>>> V -6.92 0.00
78.394	S 13307170 -8.09 15.12 -6.87 0.00 TRACK
78.416	>>> V -6.92 0.00
78.416	S 13307190 -8.17 15.12 -6.87 0.00 TRACK
78.434	>>> V -6.73 0.00
78.436	S 13307210 -8.35 15.12 -6.87 0.00 TRACK
78.453	>>> V -6.56 0.00
78.454	S 13307230 -8.44 15.12 -5.50 0.00 TRACK
78.475	>>> V -6.12 0.00
78.476	S 13307250 -8.61 15.12 -5.50 0.00 TRACK
78.494	>>> V -6.12 0.00
78.494	S 13307270 -8.70 15.12 -5.50 0.00 TRACK
78.513	>>> V -6.08 0.00
78.513	S 13307290 -8.79 15.12 -5.50 0.00 TRACK
78.535	>>> V -6.14 0.00
78.536	S 13307310 -9.05 15.12 -5.50 0.00 TRACK
78.554	>>> V -6.14 0.00
78.555	S 13307330 -9.14 15.12 -5.50 0.00 TRACK
78.575	>>> V -6.15 0.00
78.576	S 13307350 -9.32 15.12 -5.50 0.00 TRACK
78.594	>>> V -6.15 0.00
78.596	S 13307370 -9.40 15.12 -5.50 0.00 TRACK
78.614	>>> V -6.11 0.00
78.614	S 13307390 -9.49 15.12 -5.50 0.00 TRACK
78.634	>>> V -6.11 0.00
78.637	S 13307410 -9.67 15.12 -5.50 0.00 TRACK
78.653	>>> V -6.18 0.00
78.656	S 13307430 -9.67 15.12 -5.50 0.00 TRACK
78.675	>>> V -6.18 0.00
78.676	S 13307450 -9.84 15.12 -5.50 0.00 TRACK
78.696	>>> V -6.24 0.00
78.698	S 13307470 -9.93 15.12 -4.12 0.00 TRACK
78.701	S 13307490 -10.11 15.12 -4.12 0.00 TRACK
78.722	>>> V -6.28 0.00
78.725	S 13307510 -10.20 15.12 -4.12 0.00 TRACK
78.737	>>> V -6.28 0.00
78.754	>>> V -6.32 0.00
78.755	S 13307530 -10.28 15.12 -4.12 0.00 TRACK
78.773	>>> V -6.32 0.00
78.776	S 13307550 -10.37 15.12 -4.12 0.00 TRACK
78.794	>>> V -6.39 0.00
78.794	S 13307570 -10.55 15.12 -4.12 0.00 TRACK
78.818	>>> V -6.39 0.00
78.819	S 13307590 -10.72 15.12 -5.50 0.00 TRACK
78.821	S 13307610 -10.81 15.12 -5.50 0.00 TRACK
78.833	>>> V -6.39 0.00
78.857	>>> V -6.47 0.00
78.858	S 13307630 -10.99 15.12 -6.87 0.00 TRACK
78.871	S 13307650 -11.16 15.12 -6.87 0.00 TRACK
78.876	>>> V -6.47 0.00
78.895	>>> V -6.47 0.00
78.896	S 13307670 -11.25 15.12 -6.87 0.00 TRACK
78.918	>>> V -6.44 0.00
78.921	S 13307690 -11.43 15.12 -6.87 0.00 TRACK
78.937	S 13307710 -11.51 15.12 -6.87 0.00 TRACK
78.951	>>> V -6.44 0.00
78.953	S 13307730 -11.69 15.12 -5.50 0.00 TRACK
78.972	>>> V -6.44 0.00
78.974	S 13307750 -11.78 15.12 -5.50 0.00 TRACK
78.985	>>> V -6.34 0.00
78.990	S 13307770 -11.95 15.12 -5.50 0.00 TRACK
78.994	>>> V -6.34 0.00
79.013	>>> V -6.14 0.00
79.015	S 13307790 -12.13 15.12 -6.87 0.00 TRACK
79.034	>>> V -6.09 0.00
79.035	S 13307810 -12.22 15.12 -6.87 0.00 TRACK
79.057	>>> V -6.09 0.00
79.058	S 13307830 -12.39 15.12 -6.87 0.00 TRACK
79.060	S 13307850 -12.48 15.12 -5.50 0.00 TRACK
79.076	>>> V -6.08 0.00
79.079	S 13307870 -12.66 15.12 -5.50 0.00 TRACK
79.096	>>> V -6.03 0.00
79.116	>>> V -6.03 0.00
79.117	S 13307890 -12.74 15.12 -5.50 0.00 TRACK
79.134	>>> V -6.02 0.00
79.134	S 13307910 -12.83 15.12 -5.50 0.00 TRACK
79.153	>>> V -6.02 0.00
79.154	S 13307930 -12.92 15.12 -4.12 0.00 TRACK
79.175	>>> V -6.02 0.00
79.175	S 13307950 -13.01 15.12 -4.12 0.00 TRACK
79.193	>>> V -5.95 0.00
79.194	S 13307970 -13.10 15.12 -4.12 0.00 TRACK
79.215	>>> V -5.95 0.00
79.216	S 13307990 -13.18 15.12 -4.12 0.00 TRACK
79.238	>>> V -5.95 0.00
79.239	S 13308010 -13.27 15.12 -4.12 0.00 TRACK
79.244	S 13308030 -13.36 15.12 -4.12 0.00 TRACK
79.254	>>> V -5.95 0.00
79.274	>>> V -5.95 0.00
79.274	S 13308050 -13.45 15.12 -4.12 0.00 TRACK
79.295	>>> V -5.97 0.00
79.295	S 13308070 -13.62 15.12 -4.12 0.00 TRACK
79.313	>>> V -5.97 0.00
79.313	S 13308090 -13.71 15.12 -5.50 0.00 TRACK
79.335	>>> V -6.00 0.00
79.335	S 13308110 -13.80 15.12 -5.50 0.00 TRACK
79.353	>>> V -6.00 0.00
79.354	S 13308130 -13.89 15.12 -5.50 0.00 TRACK
79.375	>>> V -6.05 0.00
79.376	S 13308150 -14.06 15.12 -5.50 0.00 TRACK
79.394	>>> V -6.05 0.00
79.394	S 13308170 -14.15 15.12 -5.50 0.00 TRACK
79.417	>>> V -6.10 0.00
79.417	S 13308190 -14.24 15.12 -5.50 0.00 TRACK
79.434	>>> V -6.10 0.00
79.435	S 13308210 -14.41 15.12 -5.50 0.00 TRACK
79.455	>>> V -6.07 0.00
79.458	S 13308230 -14.50 15.12 -5.50 0.00 TRACK
79.459	S 13308250 -14.59 15.12 -5.50 0.00 TRACK
79.477	>>> V -6.07 0.00
79.494	>>> V -6.07 0.00
79.495	S 13308270 -14.68 15.12 -5.50 0.00 TRACK
79.516	>>> V -6.04 0.00
79.518	S 13308290 -14.85 15.12 -4.12 0.00 TRACK
79.535	>>> V -6.04 0.00
79.536	S 13308310 -14.94 15.12 -4.12 0.00 TRACK
79.554	>>> V -6.04 0.00
79.554	S 13308330 -15.03 15.12 -4.12 0.00 TRACK
79.576	>>> V -5.95 0.00
79.577	S 13308350 -15.21 15.12 -4.12 0.00 TRACK
79.598	>>> V -5.95 0.00
79.599	S 13308370 -15.21 15.12 -4.12 0.00 TRACK
79.600	S 13308390 -15.38 15.12 -4.12 0.00 TRACK
79.616	>>> V -5.95 0.00
79.628	S 13308410 -15.47 15.12 -4.12 0.00 TRACK
79.639	>>> V -5.95 0.00
79.642	S 13308430 -15.56 15.12 -4.12 0.00 TRACK
79.654	>>> V -5.95 0.00
79.676	>>> V -5.81 0.00
79.677	S 13308450 -15.64 15.12 -4.12 0.00 TRACK
79.694	>>> V -5.81 0.00
79.695	S 13308470 -15.82 15.12 -5.50 0.00 TRACK
79.719	>>> V -5.67 0.00
79.723	S 13308490 -15.91 15.12 -5.50 0.00 TRACK
79.725	S 13308510 -16.00 15.12 -4.12 0.00 TRACK
79.737	>>> V -5.67 0.00
79.741	S 13308530 -16.08 15.12 -4.12 0.00 TRACK
79.768	>>> V -5.67 0.00
79.769	S 13308550 -16.26 15.12 -5.50 0.00 TRACK
79.785	>>> V -5.67 0.00
79.786	S 13308570 -16.35 15.12 -5.50 0.00 TRACK
79.797	>>> V -5.67 0.00
79.800	S 13308590 -16.44 15.12 -5.50 0.00 TRACK
79.821	>>> V -5.51 0.00
79.822	S 13308610 -16.52 15.12 -4.12 0.00 TRACK
79.841	>>> V -5.42 0.00
79.844	S 13308630 -16.70 15.12 -4.12 0.00 TRACK
79.860	>>> V -5.42 0.00
79.865	S 13308650 -16.79 15.12 -4.12 0.00 TRACK
79.885	>>> V -5.42 0.00
79.887	S 13308670 -16.87 15.12 -5.50 0.00 TRACK
79.901	>>> V -5.42 0.00
79.902	S 13308690 -17.05 15.12 -5.50 0.00 TRACK
79.914	>>> V -5.30 0.00
79.935	>>> V -5.30 0.00
79.936	S 13308710 -17.14 15.12 -4.12 0.00 TRACK
79.954	>>> V -3.72 2.95
79.955	S 13308730 -17.23 15.12 -4.12 0.00 TRACK
79.973	>>> V -3.72 2.95
79.974	S 13308750 -17.31 15.12 -4.12 0.00 TRACK
79.995	>>> V 0.00 0.00
79.999	S 13308770 -17.49 15.12 -4.12 0.00 TRACK
80.001	S 13308790 -17.58 15.12 -5.50 0.00 TRACK
80.013	>>> V 0.00 0.00
80.035	>>> V 0.00 0.00
80.036	S 13308810 -17.67 15.12 -5.50 0.00 TRACK
80.055	>>> V 0.00 0.00
80.055	S 13308830 -17.75 15.12 -4.12 0.00 TRACK
80.074	>>> V 0.00 0.00
80.074	S 13308850 -17.75 15.12 -4.12 0.00 TRACK
80.095	>>> V 0.00 0.00
80.096	S 13308870 -17.75 15.12 -2.75 0.00 TRACK
80.114	>>> V 0.00 0.00
80.116	S 13308890 -17.75 15.12 -1.37 0.00 TRACK
80.134	>>> V 0.00 0.00
80.135	S 13308910 -17.75 15.12 0.00 0.00 TRACK
80.154	>>> V 0.00 0.00
80.154	S 13308930 -17.75 15.12 0.00 0.00 TRACK
80.174	>>> V 0.00 0.00
80.175	S 13308950 -17.75 15.12 0.00 0.00 TRACK
80.196	>>> V 2.14 0.00
80.197	S 13308970 -17.75 15.12 0.00 0.00 TRACK
80.215	>>> V 2.65 0.00
80.216	S 13308990 -17.75 15.12 0.00 0.00 TRACK
80.233	>>> V 2.65 0.00
80.234	S 13309010 -17.75 15.12 0.00 0.00 TRACK
80.256	>>> V 3.21 0.00
80.256	S 13309030 -17.75 15.12 0.00 0.00 TRACK
80.275	>>> V 3.21 0.00
80.276	S 13309050 -17.75 15.12 0.00 0.00 TRACK
80.295	>>> V 3.83 0.00
80.295	S 13309070 -17.75 15.12 0.00 0.00 TRACK
80.317	>>> V 4.46 0.00
80.318	S 13309090 -17.75 15.12 0.00 0.00 TRACK
80.334	>>> V 4.46 0.00
80.336	S 13309110 -17.75 15.12 0.00 0.00 TRACK
80.360	>>> V 5.11 0.00
80.361	S 13309130 -17.58 15.12 0.00 0.00 TRACK
80.366	S 13309150 -17.49 15.12 1.37 0.00 TRACK
80.378	>>> V 5.11 0.00
80.387	S 13309170 -17.31 15.12 4.12 0.00 TRACK
80.396	>>> V 5.11 0.00
80.402	S 13309190 -17.23 15.12 5.50 0.00 TRACK
80.420	>>> V 5.77 0.00
80.421	S 13309210 -17.14 15.12 5.50 0.00 TRACK
80.439	>>> V 5.77 0.00
80.440	S 13309230 -17.05 15.12 5.50 0.00 TRACK
80.456	>>> V 6.50 0.00
80.459	S 13309250 -16.96 15.12 5.50 0.00 TRACK
80.475	>>> V 6.50 0.00
80.499	>>> V 7.17 0.00
80.505	S 13309271 -16.79 15.12 5.50 0.00 TRACK
80.510	S 13309291 -16.70 15.12 5.50 0.00 TRACK
80.527	>>> V 7.52 0.00
80.528	S 13309311 -16.61 15.12 5.50 0.00 TRACK
80.543	>>> V 7.52 0.00
80.544	S 13309331 -16.44 15.12 5.50 0.00 TRACK
80.556	>>> V 7.79 0.00
80.559	S 13309351 -16.35 15.12 5.50 0.00 TRACK
80.581	>>> V 7.79 0.00
80.581	S 13309371 -16.17 15.12 5.50 0.00 TRACK
80.597	>>> V 8.07 0.00
80.599	S 13309391 -16.08 15.12 5.50 0.00 TRACK
80.619	>>> V 8.07 0.00
80.620	S 13309411 -15.91 15.12 5.50 0.00 TRACK
80.640	>>> V 8.42 0.00
80.643	S 13309431 -15.82 15.12 5.50 0.00 TRACK
80.657	>>> V 8.42 0.00
80.659	S 13309451 -15.64 15.12 5.50 0.00 TRACK
80.674	>>> V 8.79 0.00
80.695	>>> V 8.79 0.00
80.697	S 13309471 -15.47 15.12 6.87 0.00 TRACK
80.716	>>> V 9.16 0.00
80.718	S 13309491 -15.29 15.12 6.87 0.00 TRACK
80.727	S 13309511 -15.12 15.12 8.24 0.00 TRACK
80.736	>>> V 9.16 0.00
80.760	>>> V 9.49 0.00
80.766	S 13309531 -14.94 15.12 8.24 0.00 TRACK
80.768	S 13309551 -14.77 15.12 8.24 0.00 TRACK
80.779	>>> V 9.49 0.00
80.780	S 13309571 -14.59 15.12 8.24 0.00 TRACK
80.804	>>> V 9.80 0.00
80.804	S 13309591 -14.41 15.12 8.24 0.00 TRACK
80.819	>>> V 10.05 0.00
80.819	S 13309611 -14.15 15.12 8.24 0.00 TRACK
80.835	>>> V 10.05 0.00
80.859	>>> V 10.19 0.00
80.861	S 13309631 -13.97 15.12 8.24 0.00 TRACK
80.866	S 13309651 -13.80 15.12 9.62 0.00 TRACK
80.880	>>> V 10.19 0.00
80.880	S 13309671 -13.54 15.12 9.62 0.00 TRACK
80.898	>>> V 10.25 0.00
80.900	S 13309691 -13.36 15.12 9.62 0.00 TRACK
80.916	>>> V 10.36 0.00
80.920	S 13309711 -13.18 15.12 9.62 0.00 TRACK
80.935	>>> V 10.50 0.00
80.954	>>> V 10.50 0.00
80.954	S 13309731 -13.10 15.12 9.62 0.00 TRACK
80.974	>>> V 10.53 0.00
80.975	S 13309751 -12.92 15.12 8.24 0.00 TRACK
80.996	>>> V 10.53 0.00
80.997	S 13309771 -12.74 15.12 8.24 0.00 TRACK
81.014	>>> V 10.53 0.00
81.017	S 13309791 -12.57 15.12 8.24 0.00 TRACK
81.034	>>> V 10.53 0.00
81.037	S 13309811 -12.39 15.12 8.24 0.00 TRACK
81.054	>>> V 10.52 0.00
81.060	S 13309831 -12.13 15.12 8.24 0.00 TRACK
81.063	S 13309851 -11.95 15.12 9.62 0.00 TRACK
81.080	>>> V 10.52 0.00
81.081	S 13309871 -11.69 15.12 9.62 0.00 TRACK
81.098	>>> V 10.48 0.00
81.100	S 13309891 -11.51 15.12 9.62 0.00 TRACK
81.119	>>> V 10.49 0.00
81.120	S 13309911 -11.25 15.12 10.99 0.00 TRACK
81.136	>>> V 10.45 0.00
81.139	S 13309931 -11.07 15.12 10.99 0.00 TRACK
81.158	>>> V 10.45 0.00
81.161	S 13309951 -10.81 15.12 10.99 0.00 TRACK
81.175	>>> V 10.45 0.00
81.195	>>> V 10.47 0.00
81.195	S 13309971 -10.55 15.12 10.99 0.00 TRACK
81.214	>>> V 10.47 0.00
81.216	S 13309991 -10.37 15.12 10.99 0.00 TRACK
81.235	>>> V 10.37 0.00
81.238	S 13310011 -10.11 15.12 10.99 0.00 TRACK
81.257	>>> V 10.37 0.00
81.258	S 13310031 -9.93 15.12 10.99 0.00 TRACK
81.275	>>> V 10.14 0.00
81.276	S 13310051 -9.67 15.12 10.99 0.00 TRACK
81.296	>>> V 10.14 0.00
81.297	S 13310071 -9.49 15.12 10.99 0.00 TRACK
81.314	>>> V 10.14 0.00
81.314	S 13310091 -9.23 15.12 10.99 0.00 TRACK
81.338	>>> V 9.90 0.00
81.339	S 13310111 -9.05 15.12 10.99 0.00 TRACK
81.343	S 13310131 -8.70 15.12 9.62 0.00 TRACK
81.365	>>> V 9.57 0.00
81.368	S 13310151 -8.53 15.12 9.62 0.00 TRACK
81.376	>>> V 9.57 0.00
81.397	>>> V 9.57 0.00
81.398	S 13310171 -8.35 15.12 9.62 0.00 TRACK
81.413	>>> V 8.90 0.00
81.414	S 13310191 -8.17 15.12 9.62 0.00 TRACK
81.438	>>> V 8.90 0.00
81.439	S 13310211 -7.91 15.12 9.62 0.00 TRACK
81.447	S 13310231 -7.65 15.12 9.62 0.00 TRACK
81.455	>>> V 8.90 0.00
81.478	>>> V 8.20 0.00
81.481	S 13310251 -7.56 15.12 9.62 0.00 TRACK
81.487	S 13310271 -7.38 15.12 9.62 0.00 TRACK
81.502	>>> V 8.20 0.00
81.506	S 13310291 -7.21 15.12 8.24 0.00 TRACK
81.528	>>> V 7.90 0.00
81.531	S 13310311 -7.03 15.12 8.24 0.00 TRACK
81.546	>>> V 7.90 0.00
81.547	S 13310331 -6.94 15.12 8.24 0.00 TRACK
81.560	>>> V 7.90 0.00
81.562	S 13310351 -6.77 15.12 6.87 0.00 TRACK
81.574	>>> V 7.64 0.00
81.600	>>> V 7.06 0.00
81.604	S 13310371 -6.50 15.12 6.87 0.00 TRACK
81.605	S 13310391 -6.42 15.12 6.87 0.00 TRACK
81.619	>>> V 7.06 0.00
81.619	S 13310411 -6.24 15.12 6.87 0.00 TRACK
81.636	>>> V 6.43 0.00
81.639	S 13310431 -5.98 15.12 6.87 0.00 TRACK
81.657	>>> V 6.43 0.00
81.674	>>> V 6.43 0.00
81.677	S 13310451 -5.89 15.12 6.87 0.00 TRACK
81.702	>>> V 6.39 0.00
81.702	S 13310471 -5.80 15.12 6.87 0.00 TRACK
81.707	S 13310491 -5.62 15.12 6.87 0.00 TRACK
81.721	>>> V 6.39 0.00
81.722	S 13310511 -5.45 15.12 5.50 0.00 TRACK
81.738	>>> V 6.39 0.00
81.741	S 13310531 -5.27 15.12 5.50 0.00 TRACK
81.755	>>> V 6.39 0.00
81.774	>>> V 6.37 0.00
81.778	S 13310551 -5.19 15.12 6.87 0.00 TRACK
81.797	>>> V 6.37 0.00
81.799	S 13310571 -5.01 15.12 6.87 0.00 TRACK
81.809	S 13310591 -4.92 15.12 5.50 0.00 TRACK
81.824	>>> V 6.37 0.00
81.827	S 13310611 -4.75 15.12 5.50 0.00 TRACK
81.840	>>> V 6.36 0.00
81.841	S 13310631 -4.66 15.12 5.50 0.00 TRACK
81.858	>>> V 6.41 0.00
81.861	S 13310651 -4.48 15.12 5.50 0.00 TRACK
81.875	>>> V 6.45 0.00
81.895	>>> V 6.45 0.00
81.898	S 13310671 -4.31 15.12 5.50 0.00 TRACK
81.914	>>> V 6.41 0.00
81.917	S 13310691 -4.22 15.12 5.50 0.00 TRACK
81.936	>>> V 6.41 0.00
81.939	S 13310711 -4.04 15.12 6.87 0.00 TRACK
81.942	S 13310731 -3.96 15.12 6.87 0.00 TRACK
81.953	>>> V 6.41 0.00
81.974	>>> V 6.30 0.00
81.977	S 13310751 -3.87 15.12 5.50 0.00 TRACK
81.995	>>> V 6.18 0.00
81.995	S 13310771 -3.69 15.12 5.50 0.00 TRACK
82.015	>>> V 6.18 0.00
82.015	S 13310791 -3.52 15.12 5.50 0.00 TRACK
82.034	>>> V 5.96 0.00
82.034	S 13310811 -3.34 15.12 5.50 0.00 TRACK
82.059	>>> V 5.28 0.00
82.059	S 13310831 -3.25 15.12 6.87 0.00 TRACK
82.061	S 13310851 -3.16 15.12 5.50 0.00 TRACK
82.079	>>> V 5.28 0.00
82.082	S 13310871 -3.08 15.12 5.50 0.00 TRACK
82.098	>>> V 5.28 0.00
82.100	S 13310891 -2.90 15.12 5.50 0.00 TRACK
82.119	>>> V 5.08 0.00
82.122	S 13310911 -2.81 15.12 5.50 0.00 TRACK
82.134	>>> V 5.08 0.00
82.154	>>> V 4.88 -2.91
82.155	S 13310931 -2.64 15.12 5.50 0.00 TRACK
82.176	>>> V 4.88 -2.91
82.177	S 13310951 -2.64 15.12 5.50 0.00 TRACK
82.196	>>> V 4.76 -3.18
82.199	S 13310971 -2.46 15.12 5.50 0.00 TRACK
82.204	S 13310991 -2.37 15.12 5.50 0.00 TRACK
82.218	>>> V 4.76 -3.18
82.221	S 13311011 -2.20 15.12 5.50 0.00 TRACK
82.235	>>> V 4.68 -3.38
82.255	>>> V 4.63 -3.54
82.258	S 13311031 -2.11 15.12 5.50 0.00 TRACK
82.277	>>> V 4.63 -3.54
82.279	S 13311051 -2.02 15.03 5.50 0.00 TRACK
82.286	S 13311071 -1.93 15.03 5.50 0.00 TRACK
82.298	>>> V 4.63 -3.54
82.318	>>> V 4.44 -3.66
82.319	S 13311091 -1.85 14.94 4.12 -1.37 TRACK
82.321	S 13311111 -1.67 14.85 4.12 -2.75 TRACK
82.339	>>> V 4.44 -3.66
82.342	S 13311131 -1.58 14.77 4.12 -2.75 TRACK
82.356	>>> V 4.24 -3.76
82.375	>>> V 4.24 -3.76
82.378	S 13311151 -1.58 14.68 4.12 -2.75 TRACK
82.394	>>> V 3.90 -3.77
82.397	S 13311171 -1.49 14.59 4.12 -2.75 TRACK
82.420	>>> V 3.51 -3.75
82.421	S 13311191 -1.41 14.50 2.75 -2.75 TRACK
82.425	S 13311211 -1.41 14.41 2.75 -2.75 TRACK
82.437	>>> V 3.51 -3.75
82.455	>>> V 3.04 -3.38
82.457	S 13311231 -1.23 14.33 2.75 -2.75 TRACK
82.474	>>> V 3.04 -3.38
82.477	S 13311251 -1.14 14.24 2.75 -2.75 TRACK
82.499	>>> V 2.53 -2.98
82.502	S 13311271 -1.05 14.15 4.12 -4.12 TRACK
82.504	S 13311291 -1.05 14.06 4.12 -4.12 TRACK
82.516	>>> V 2.53 -2.98
82.519	S 13311311 -0.97 14.06 2.75 -4.12 TRACK
82.536	>>> V 2.53 -2.98
82.554	>>> V 1.91 0.00
82.554	S 13311331 -0.97 13.97 2.75 -2.75 TRACK
82.575	>>> V 0.00 0.00
82.577	S 13311351 -0.97 13.97 1.37 -2.75 TRACK
82.595	>>> V 0.00 0.00
82.596	S 13311371 -0.88 13.89 1.37 -2.75 TRACK
82.618	>>> V 0.00 0.00
82.621	S 13311391 -0.79 13.89 1.37 -1.37 TRACK
82.623	S 13311411 -0.79 13.89 1.37 -1.37 TRACK
82.639	>>> V 0.00 0.00
82.642	S 13311431 -0.79 13.89 1.37 0.00 TRACK
82.656	>>> V 0.00 0.00
82.676	>>> V 0.00 0.00
82.677	S 13311451 -0.79 13.89 0.00 0.00 TRACK
82.696	>>> V 0.00 0.00
82.697	S 13311471 -0.79 13.89 0.00 0.00 TRACK
82.721	>>> V 0.00 0.00
82.723	S 13311491 -0.79 13.89 0.00 0.00 TRACK
82.728	S 13311511 -0.79 13.89 0.00 0.00 TRACK
82.735	>>> V 0.00 0.00
82.760	>>> V 0.00 0.00
82.763	S 13311531 -0.79 13.89 0.00 0.00 TRACK
82.764	S 13311551 -0.79 13.89 0.00 0.00 TRACK
82.782	>>> V 0.00 0.00
82.785	S 13311571 -0.79 13.89 0.00 0.00 TRACK
82.805	>>> V -2.06 0.00
82.805	S 13311591 -0.79 13.89 0.00 0.00 TRACK
82.821	>>> V -2.80 0.00
82.822	S 13311611 -0.79 13.89 0.00 0.00 TRACK
82.835	>>> V -3.40 0.00
82.856	>>> V -3.40 0.00
82.857	S 13311631 -0.79 13.89 0.00 0.00 TRACK
82.877	>>> V -4.39 0.00
82.878	S 13311651 -0.79 13.89 0.00 0.00 TRACK
82.895	>>> V -4.39 0.00
82.896	S 13311671 -0.79 13.89 0.00 0.00 TRACK
82.914	>>> V -4.39 0.00
82.917	S 13311691 -0.79 13.89 0.00 0.00 TRACK
82.937	>>> V -4.83 0.00
82.938	S 13311711 -0.88 13.89 0.00 0.00 TRACK
82.961	>>> V -5.29 0.00
82.961	S 13311731 -1.05 13.89 -1.37 0.00 TRACK
82.963	S 13311751 -1.14 13.89 -2.75 0.00 TRACK
82.974	>>> V -5.29 0.00
82.996	>>> V -5.75 0.00
82.996	S 13311771 -1.23 13.89 -4.12 0.00 TRACK
83.015	>>> V -5.75 0.00
83.017	S 13311791 -1.32 13.97 -4.12 0.00 TRACK
83.036	>>> V -6.26 0.00
83.037	S 13311811 -1.41 13.89 -4.12 0.00 TRACK
83.055	>>> V -6.26 0.00
83.056	S 13311831 -1.49 13.89 -4.12 0.00 TRACK
83.078	>>> V -6.77 0.00
83.079	S 13311851 -1.49 13.89 -2.75 0.00 TRACK
83.082	S 13311871 -1.58 13.89 -2.75 0.00 TRACK
83.099	>>> V -6.77 0.00
83.102	S 13311891 -1.76 13.89 -2.75 0.00 TRACK
83.117	>>> V -7.27 0.00
83.119	S 13311911 -1.85 13.89 -4.12 0.00 TRACK
83.137	>>> V -7.27 0.00
83.156	>>> V -7.64 0.00
83.157	S 13311931 -2.02 13.89 -5.50 0.00 TRACK
83.173	>>> V -7.83 0.00
83.177	S 13311951 -2.20 13.89 -6.87 0.00 TRACK
83.194	>>> V -7.83 0.00
83.195	S 13311971 -2.29 13.89 -6.87 0.00 TRACK
83.217	>>> V -7.98 0.00
83.217	S 13311991 -2.46 13.89 -5.50 0.00 TRACK
83.234	>>> V -7.98 0.00
83.234	S 13312011 -2.64 13.89 -6.87 0.00 TRACK
83.255	>>> V -8.26 0.00
83.256	S 13312031 -2.81 13.89 -6.87 0.00 TRACK
83.275	>>> V -8.49 0.00
83.275	S 13312051 -2.99 13.89 -8.24 0.00 TRACK
83.293	>>> V -8.49 0.00
83.296	S 13312071 -3.16 13.89 -8.24 0.00 TRACK
83.317	>>> V -8.42 0.00
83.317	S 13312091 -3.34 13.89 -8.24 0.00 TRACK
83.334	>>> V -8.42 0.00
83.337	S 13312111 -3.52 13.89 -8.24 0.00 TRACK
83.357	>>> V -8.42 0.00
83.357	S 13312131 -3.69 13.89 -6.87 0.00 TRACK
83.374	>>> V -8.34 2.84
83.376	S 13312151 -3.78 13.89 -6.87 0.00 TRACK
83.395	>>> V -8.34 2.84
83.398	S 13312171 -3.96 13.89 -6.87 0.00 TRACK
83.415	>>> V -8.29 3.00
83.416	S 13312191 -4.13 13.89 -6.87 0.00 TRACK
83.439	>>> V -8.23 3.18
83.440	S 13312211 -4.31 13.89 -6.87 0.00 TRACK
83.445	S 13312231 -4.48 13.89 -6.87 0.00 TRACK
83.457	>>> V -8.23 3.18
83.477	>>> V -8.23 3.18
83.477	S 13312251 -4.57 13.89 -6.87 0.00 TRACK
83.494	>>> V -8.05 3.34
83.496	S 13312271 -4.75 13.89 -6.87 0.00 TRACK
83.519	>>> V -7.79 3.68
83.520	S 13312291 -4.92 13.89 -6.87 0.00 TRACK
83.522	S 13312311 -5.10 13.97 -6.87 0.00 TRACK
83.534	>>> V -7.79 3.68
83.556	>>> V -7.68 3.77
83.556	S 13312331 -5.27 14.06 -6.87 1.37 TRACK
83.574	>>> V -7.68 3.77
83.578	S 13312351 -5.45 14.15 -6.87 2.75 TRACK
83.593	>>> V -7.68 3.77
83.595	S 13312371 -5.62 14.33 -6.87 4.12 TRACK
83.614	>>> V -7.57 3.83
83.617	S 13312391 -5.80 14.41 -8.24 4.12 TRACK
83.637	>>> V -7.43 3.93
83.637	S 13312411 -5.89 14.41 -8.24 4.12 TRACK
83.654	>>> V -7.43 3.93
83.656	S 13312431 -6.24 14.50 -8.24 4.12 TRACK
83.678	>>> V -7.25 3.97
83.679	S 13312451 -6.42 14.59 -8.24 2.75 TRACK
83.680	S 13312471 -6.50 14.68 -8.24 2.75 TRACK
83.697	>>> V -7.25 3.97
83.715	>>> V -7.11 4.01
83.716	S 13312491 -6.68 14.77 -6.87 2.75 TRACK
83.738	>>> V -7.11 4.01
83.738	S 13312511 -6.77 14.85 -6.87 2.75 TRACK
83.755	>>> V -6.89 4.01
83.757	S 13312531 -6.94 14.94 -5.50 2.75 TRACK
83.775	>>> V -6.89 4.01
83.780	S 13312551 -7.03 15.03 -5.50 2.75 TRACK
83.786	S 13312571 -7.12 15.12 -5.50 4.12 TRACK
83.801	>>> V -6.37 3.93
83.805	S 13312591 -7.29 15.21 -5.50 4.12 TRACK
83.816	>>> V -6.37 3.93
83.819	S 13312611 -7.47 15.21 -5.50 4.12 TRACK
83.837	>>> V -6.37 3.93
83.854	>>> V -6.12 3.76
83.858	S 13312631 -7.65 15.38 -5.50 4.12 TRACK
83.879	>>> V -5.86 3.45
83.880	S 13312651 -7.73 15.38 -6.87 4.12 TRACK
83.884	S 13312671 -7.82 15.47 -6.87 2.75 TRACK
83.898	>>> V -5.86 3.45
83.900	S 13312691 -8.00 15.56 -6.87 2.75 TRACK
83.914	>>> V -5.62 3.11
83.935	>>> V -5.62 3.11
83.936	S 13312711 -8.17 15.64 -5.50 2.75 TRACK
83.954	>>> V -5.62 3.11
83.954	S 13312731 -8.26 15.73 -5.50 4.12 TRACK
83.976	>>> V -5.47 0.00
83.977	S 13312751 -8.35 15.73 -5.50 2.75 TRACK
83.993	>>> V -5.47 0.00
83.997	S 13312771 -8.44 15.73 -5.50 1.37 TRACK
84.014	>>> V -5.41 0.00
84.017	S 13312791 -8.61 15.82 -4.12 1.37 TRACK
84.035	>>> V -5.41 0.00
84.036	S 13312811 -8.70 15.82 -4.12 1.37 TRACK
84.056	>>> V -5.25 0.00
84.057	S 13312831 -8.79 15.91 -4.12 1.37 TRACK
84.079	>>> V -5.25 0.00
84.082	S 13312851 -8.88 15.82 -4.12 0.00 TRACK
84.085	S 13312871 -9.05 15.82 -5.50 0.00 TRACK
84.099	>>> V -5.17 0.00
84.102	S 13312891 -9.14 15.82 -4.12 0.00 TRACK
84.119	>>> V -5.17 0.00
84.122	S 13312911 -9.32 15.82 -4.12 0.00 TRACK
84.135	>>> V -5.09 0.00
84.154	>>> V -5.09 0.00
84.157	S 13312931 -9.40 15.91 -4.12 0.00 TRACK
84.174	>>> V -5.04 0.00
84.175	S 13312951 -9.58 15.82 -4.12 0.00 TRACK
84.196	>>> V -5.01 0.00
84.197	S 13312971 -9.67 15.82 -5.50 0.00 TRACK
84.217	>>> V -5.01 0.00
84.217	S 13312991 -9.76 15.82 -4.12 0.00 TRACK
84.236	>>> V -5.00 0.00
84.237	S 13313011 -9.84 15.91 -4.12 0.00 TRACK
84.259	>>> V -5.00 0.00
84.261	S 13313031 -9.93 15.91 -4.12 0.00 TRACK
84.265	S 13313051 -10.11 15.82 -5.50 0.00 TRACK
84.278	>>> V -4.77 0.00
84.281	S 13313071 -10.20 15.91 -5.50 0.00 TRACK
84.295	>>> V -4.77 0.00
84.313	>>> V -4.77 0.00
84.316	S 13313091 -10.28 15.82 -5.50 0.00 TRACK
84.337	>>> V -4.68 0.00
84.338	S 13313111 -10.37 15.82 -4.12 0.00 TRACK
84.359	>>> V -4.54 0.00
84.361	S 13313131 -10.55 15.91 -4.12 0.00 TRACK
84.365	S 13313151 -10.55 15.82 -4.12 0.00 TRACK
84.376	>>> V -4.37 0.00
84.394	>>> V -4.37 0.00
84.396	S 13313171 -10.72 15.82 -4.12 0.00 TRACK
84.415	>>> V -4.20 0.00
84.418	S 13313191 -10.81 15.91 -4.12 0.00 TRACK
84.435	>>> V -4.20 0.00
84.437	S 13313211 -10.90 15.91 -4.12 0.00 TRACK
84.456	>>> V -4.03 0.00
84.459	S 13313231 -10.99 15.82 -4.12 0.00 TRACK
84.464	S 13313251 -11.07 15.82 -4.12 0.00 TRACK
84.477	>>> V -4.03 0.00
84.495	>>> V -3.85 0.00
84.498	S 13313271 -11.16 15.91 -4.12 0.00 TRACK
84.514	>>> V -3.85 0.00
84.517	S 13313291 -11.25 15.91 -4.12 0.00 TRACK
84.538	>>> V -3.62 0.00
84.541	S 13313311 -11.34 15.82 -4.12 0.00 TRACK
84.543	S 13313331 -11.43 15.82 -4.12 0.00 TRACK
84.557	>>> V -3.62 0.00
84.559	S 13313351 -11.51 15.91 -4.12 0.00 TRACK
84.577	>>> V -3.45 0.00
84.594	>>> V -3.45 0.00
84.594	S 13313371 -11.60 15.91 -2.75 0.00 TRACK
84.618	>>> V -3.28 0.00
84.619	S 13313391 -11.69 15.82 -2.75 0.00 TRACK
84.625	S 13313411 -11.78 15.91 -2.75 0.00 TRACK
84.637	>>> V -3.28 0.00
84.655	>>> V -3.28 0.00
84.657	S 13313431 -11.87 15.91 -4.12 0.00 TRACK
84.674	>>> V -3.01 0.00
84.676	S 13313451 -11.95 15.91 -4.12 0.00 TRACK
84.693	>>> V -2.91 0.00
84.696	S 13313471 -11.95 15.82 -4.12 0.00 TRACK
84.719	>>> V -2.91 0.00
84.719	S 13313491 -11.95 15.91 -2.75 0.00 TRACK
84.722	S 13313511 -11.95 15.82 -1.37 0.00 TRACK
84.737	>>> V -2.83 0.00
84.759	>>> V -2.83 0.00
84.763	S 13313531 -12.04 15.82 0.00 0.00 TRACK
84.769	S 13313551 -12.13 15.82 -1.37 0.00 TRACK
84.777	>>> V -2.83 0.00
84.779	S 13313571 -12.22 15.82 -2.75 0.00 TRACK
84.796	>>> V -2.79 0.00
84.814	>>> V -2.79 0.00
84.817	S 13313591 -12.30 15.82 -2.75 0.00 TRACK
84.836	>>> V -2.79 0.00
84.839	S 13313611 -12.39 15.82 -2.75 0.00 TRACK
84.845	S 13313631 -12.39 15.82 -2.75 0.00 TRACK
84.856	>>> V -2.74 0.00
84.874	>>> V -2.68 0.00
84.878	S 13313651 -12.39 15.82 -1.37 0.00 TRACK
84.894	>>> V -2.68 0.00
84.897	S 13313671 -12.39 15.82 -1.37 0.00 TRACK
84.917	>>> V -2.67 0.00
84.917	S 13313691 -12.48 15.82 -1.37 0.00 TRACK
84.935	>>> V -3.21 0.00
84.936	S 13313711 -12.57 15.91 -1.37 0.00 TRACK
84.954	>>> V -3.21 0.00
84.956	S 13313731 -12.66 15.91 -2.75 0.00 TRACK
84.975	>>> V -3.27 0.00
84.976	S 13313751 -12.74 15.91 -2.75 0.00 TRACK
84.994	>>> V -3.27 0.00
84.995	S 13313771 -12.74 15.91 -2.75 0.00 TRACK
85.017	>>> V -3.23 0.00
85.018	S 13313791 -12.74 15.82 -1.37 0.00 TRACK
85.034	>>> V -3.23 0.00
85.037	S 13313811 -12.83 15.82 -1.37 0.00 TRACK
85.056	>>> V -3.29 0.00
85.058	S 13313831 -12.92 15.82 -1.37 0.00 TRACK
85.076	>>> V -3.29 0.00
85.077	S 13313851 -13.01 15.82 -1.37 0.00 TRACK
85.098	>>> V -3.57 0.00
85.098	S 13313871 -13.10 15.82 -2.75 0.00 TRACK
85.114	>>> V -3.57 0.00
85.117	S 13313891 -13.10 15.82 -2.75 0.00 TRACK
85.138	>>> V -3.77 0.00
85.138	S 13313911 -13.18 15.91 -2.75 0.00 TRACK
85.155	>>> V -3.80 0.00
85.155	S 13313931 -13.18 15.91 -2.75 0.00 TRACK
85.176	>>> V -3.80 0.00
85.176	S 13313951 -13.27 15.82 -1.37 0.00 TRACK
85.196	>>> V -3.80 0.00
85.198	S 13313971 -13.27 15.91 -2.75 0.00 TRACK
85.214	>>> V -3.80 0.00
85.217	S 13313991 -13.36 15.91 -2.75 0.00 TRACK
85.236	>>> V -4.01 0.00
85.239	S 13314011 -13.45 15.82 -4.12 0.00 TRACK
85.253	>>> V -4.01 0.00
85.254	S 13314031 -13.54 15.82 -4.12 0.00 TRACK
85.280	>>> V -4.11 0.00
85.281	S 13314051 -13.71 15.91 -4.12 0.00 TRACK
85.282	S 13314071 -13.71 15.82 -4.12 0.00 TRACK
85.293	>>> V -4.11 0.00
85.320	>>> V -4.10 0.00
85.324	S 13314091 -13.89 15.82 -4.12 0.00 TRACK
85.335	S 13314111 -13.97 15.82 -4.12 0.00 TRACK
85.355	>>> V -4.10 0.00
85.358	S 13314131 -13.97 15.82 -2.75 0.00 TRACK
85.367	>>> V -4.10 0.00
85.369	S 13314151 -14.06 15.82 -2.75 0.00 TRACK
85.377	>>> V -4.10 0.00
85.379	S 13314171 -14.15 15.82 -2.75 0.00 TRACK
85.396	>>> V -4.10 0.00
85.399	S 13314191 -14.24 15.82 -2.75 0.00 TRACK
85.421	>>> V -3.83 0.00
85.422	S 13314211 -14.33 15.91 -2.75 0.00 TRACK
85.434	>>> V -3.83 0.00
85.455	>>> V -3.64 0.00
85.455	S 13314231 -14.41 15.91 -2.75 0.00 TRACK
85.476	>>> V -3.64 0.00
85.479	S 13314251 -14.50 15.91 -4.12 0.00 TRACK
85.480	S 13314271 -14.59 15.82 -4.12 0.00 TRACK
85.497	>>> V -3.40 0.00
85.513	>>> V -3.40 0.00
85.516	S 13314291 -14.68 15.82 -4.12 0.00 TRACK
85.535	>>> V -2.98 0.00
85.535	S 13314311 -14.77 15.82 -2.75 0.00 TRACK
85.557	>>> V -2.98 0.00
85.560	S 13314331 -14.77 15.82 -2.75 0.00 TRACK
85.566	S 13314351 -14.85 15.82 -2.75 0.00 TRACK
85.574	>>> V -2.98 0.00
85.595	>>> V -2.98 0.00
85.597	S 13314371 -14.85 15.82 -2.75 0.00 TRACK
85.614	>>> V -2.66 0.00
85.615	S 13314391 -14.94 15.91 -1.37 0.00 TRACK
85.635	>>> V -2.66 0.00
85.638	S 13314411 -15.03 15.82 -1.37 0.00 TRACK
85.654	>>> V -2.33 0.00
85.655	S 13314431 -15.12 15.82 -1.37 0.00 TRACK
85.674	>>> V -2.33 0.00
85.674	S 13314451 -15.21 15.82 -2.75 0.00 TRACK
85.694	>>> V -2.33 0.00
85.694	S 13314471 -15.21 15.82 -2.75 0.00 TRACK
85.715	>>> V -2.11 0.00
85.715	S 13314491 -15.21 15.82 -2.75 0.00 TRACK
85.733	>>> V -1.90 0.00
85.736	S 13314511 -15.21 15.91 -1.37 0.00 TRACK
85.754	>>> V 0.00 0.00
85.754	S 13314531 -15.29 15.82 0.00 0.00 TRACK
85.775	>>> V 0.00 0.00
85.776	S 13314551 -15.38 15.91 0.00 0.00 TRACK
85.793	>>> V 0.00 0.00
85.794	S 13314571 -15.38 15.91 -1.37 0.00 TRACK
85.815	>>> V 0.00 0.00
85.816	S 13314591 -15.47 15.82 -2.75 0.00 TRACK
85.833	>>> V 0.00 0.00
85.834	S 13314611 -15.38 15.91 -2.75 0.00 TRACK
85.855	>>> V 0.00 0.00
85.855	S 13314631 -15.47 15.82 -1.37 0.00 TRACK
85.874	>>> V 0.00 0.00
85.875	S 13314651 -15.38 15.82 0.00 0.00 TRACK
85.894	>>> V 0.00 0.00
85.894	S 13314671 -15.47 15.91 0.00 0.00 TRACK
85.915	>>> V 0.00 0.00
85.915	S 13314691 -15.38 15.91 0.00 0.00 TRACK
85.933	>>> V 0.00 0.00
85.934	S 13314711 -15.38 15.91 0.00 0.00 TRACK
85.955	>>> V 0.00 0.00
85.956	S 13314731 -15.47 15.82 0.00 0.00 TRACK
85.974	>>> V 0.00 0.00
85.975	S 13314751 -15.38 15.91 0.00 0.00 TRACK
85.996	>>> V 0.00 0.00
85.997	S 13314771 -15.38 15.82 0.00 0.00 TRACK
86.019	>>> V 0.00 0.00
86.019	S 13314791 -15.47 15.82 0.00 0.00 TRACK
86.025	S 13314811 -15.47 15.82 0.00 0.00 TRACK
86.040	>>> V 0.00 0.00
86.040	S 13314831 -15.38 15.91 0.00 0.00 TRACK
86.055	>>> V 0.00 0.00
86.073	>>> V 0.00 0.00
86.074	S 13314851 -15.47 15.82 0.00 0.00 TRACK
86.095	>>> V 0.00 0.00
86.096	S 13314871 -15.38 15.91 0.00 0.00 TRACK
86.115	>>> V 0.00 0.00
86.116	S 13314891 -15.38 15.82 0.00 0.00 TRACK
86.137	>>> V 0.00 0.00
86.138	S 13314911 -15.38 15.82 0.00 0.00 TRACK
86.153	>>> V 0.00 0.00
86.155	S 13314931 -15.47 15.82 0.00 0.00 TRACK
86.178	>>> V 0.00 0.00
86.178	S 13314951 -15.38 15.82 0.00 0.00 TRACK
86.198	>>> V 0.00 0.00
86.199	S 13314971 -15.38 15.91 0.00 0.00 TRACK
86.205	S 13314991 -15.38 15.82 0.00 0.00 TRACK
86.216	>>> V 1.89 0.00
86.234	>>> V 2.26 0.00
86.236	S 13315011 -15.47 15.82 0.00 0.00 TRACK
86.254	>>> V 2.26 0.00
86.257	S 13315031 -15.38 15.82 0.00 0.00 TRACK
86.276	>>> V 2.26 0.00
86.277	S 13315051 -15.38 15.91 0.00 0.00 TRACK
86.298	>>> V 2.26 0.00
86.299	S 13315071 -15.38 15.91 0.00 0.00 TRACK
86.303	S 13315091 -15.47 15.82 0.00 0.00 TRACK
86.314	>>> V 2.26 0.00
86.334	>>> V 2.67 0.00
86.336	S 13315111 -15.47 15.82 0.00 0.00 TRACK
86.355	>>> V 2.67 0.00
86.356	S 13315131 -15.38 15.91 0.00 0.00 TRACK
86.376	>>> V 3.12 0.00
86.379	S 13315151 -15.21 15.82 0.00 0.00 TRACK
86.384	S 13315171 -15.21 15.82 1.37 0.00 TRACK
86.395	>>> V 3.65 0.00
86.414	>>> V 3.65 0.00
86.416	S 13315191 -15.03 15.82 2.75 0.00 TRACK
86.437	>>> V 4.18 0.00
86.438	S 13315211 -15.03 15.82 4.12 0.00 TRACK
86.455	>>> V 4.18 0.00
86.458	S 13315231 -15.03 15.82 2.75 0.00 TRACK
86.477	>>> V 4.72 0.00
86.479	S 13315251 -14.94 15.82 1.37 0.00 TRACK
86.481	S 13315271 -14.85 15.82 1.37 0.00 TRACK
86.496	>>> V 5.32 0.00
86.499	S 13315291 -14.68 15.91 2.75 0.00 TRACK
86.514	>>> V 5.32 0.00
86.535	>>> V 5.87 0.00
86.536	S 13315311 -14.59 15.91 4.12 0.00 TRACK
86.559	>>> V 5.87 0.00
86.562	S 13315331 -14.50 15.82 4.12 0.00 TRACK
86.568	S 13315351 -14.41 15.82 4.12 0.00 TRACK
86.586	>>> V 6.42 0.00
86.590	S 13315371 -14.24 15.91 4.12 0.00 TRACK
86.600	>>> V 6.42 0.00
86.605	S 13315391 -14.15 15.91 5.50 0.00 TRACK
86.622	>>> V 6.42 0.00
86.623	S 13315411 -14.06 15.91 5.50 0.00 TRACK
86.634	>>> V 6.99 0.00
86.639	S 13315431 -13.97 15.82 5.50 0.00 TRACK
86.664	>>> V 7.33 0.00
86.665	S 13315451 -13.80 15.82 5.50 0.00 TRACK
86.679	>>> V 7.33 0.00
86.684	S 13315471 -13.71 15.82 5.50 0.00 TRACK
86.696	>>> V 7.80 0.00
86.713	>>> V 8.12 0.00
86.714	S 13315491 -13.54 15.91 5.50 0.00 TRACK
86.736	>>> V 8.21 0.00
86.736	S 13315511 -13.45 15.82 5.50 0.00 TRACK
86.753	>>> V 8.21 0.00
86.754	S 13315531 -13.27 15.91 5.50 0.00 TRACK
86.774	>>> V 8.32 0.00
86.775	S 13315551 -13.18 15.91 5.50 0.00 TRACK
86.794	>>> V 8.32 0.00
86.795	S 13315571 -13.10 15.82 5.50 0.00 TRACK
86.814	>>> V 8.32 0.00
86.816	S 13315591 -12.92 15.82 5.50 0.00 TRACK
86.836	>>> V 8.32 0.00
86.836	S 13315611 -12.74 15.82 6.87 0.00 TRACK
86.855	>>> V 8.32 0.00
86.855	S 13315631 -12.66 15.82 6.87 0.00 TRACK
86.875	>>> V 8.32 0.00
86.876	S 13315651 -12.48 15.91 6.87 0.00 TRACK
86.898	>>> V 8.32 0.00
86.898	S 13315671 -12.30 15.91 8.24 0.00 TRACK
86.914	>>> V 8.43 0.00
86.916	S 13315691 -12.13 15.91 8.24 0.00 TRACK
86.936	>>> V 8.42 0.00
86.939	S 13315711 -11.95 15.91 8.24 0.00 TRACK
86.944	S 13315731 -11.69 15.82 8.24 0.00 TRACK
86.953	>>> V 8.37 0.00
86.973	>>> V 8.02 0.00
86.976	S 13315751 -11.60 15.91 8.24 0.00 TRACK
86.994	>>> V 7.23 0.00
86.994	S 13315771 -11.43 15.82 6.87 0.00 TRACK
87.015	>>> V 7.23 0.00
87.016	S 13315791 -11.34 15.91 6.87 0.00 TRACK
87.035	>>> V 7.23 0.00
87.035	S 13315811 -11.16 15.82 6.87 0.00 TRACK
87.054	>>> V 7.23 0.00
87.056	S 13315831 -10.99 15.82 6.87 0.00 TRACK
87.078	>>> V 7.00 0.00
87.078	S 13315851 -10.90 15.91 6.87 0.00 TRACK
87.094	>>> V 7.00 0.00
87.097	S 13315871 -10.72 15.82 6.87 0.00 TRACK
87.115	>>> V 7.00 0.00
87.118	S 13315891 -10.55 15.91 6.87 0.00 TRACK
87.134	>>> V 7.00 0.00
87.137	S 13315911 -10.37 15.82 6.87 0.00 TRACK
87.158	>>> V 6.86 0.00
87.163	S 13315931 -10.28 15.82 6.87 0.00 TRACK
87.165	S 13315951 -10.11 15.82 5.50 0.00 TRACK
87.182	>>> V 6.71 0.00
87.183	S 13315971 -10.02 15.82 5.50 0.00 TRACK
87.195	>>> V 6.71 0.00
87.221	>>> V 6.45 0.00
87.221	S 13315991 -9.84 15.91 5.50 0.00 TRACK
87.228	S 13316011 -9.76 15.82 6.87 0.00 TRACK
87.238	>>> V 6.45 0.00
87.240	S 13316031 -9.58 15.91 6.87 0.00 TRACK
87.261	>>> V 6.45 0.00
87.266	S 13316051 -9.49 15.82 6.87 0.00 TRACK
87.278	>>> V 6.45 0.00
87.294	>>> V 6.23 0.00
87.297	S 13316071 -9.32 15.91 5.50 0.00 TRACK
87.317	>>> V 6.23 0.00
87.318	S 13316091 -9.23 15.82 5.50 0.00 TRACK
87.339	>>> V 6.23 0.00
87.340	S 13316111 -9.05 15.82 5.50 0.00 TRACK
87.350	S 13316131 -8.79 15.82 5.50 0.00 TRACK
87.362	>>> V 6.23 0.00
87.365	S 13316151 -8.70 15.91 6.87 0.00 TRACK
87.376	>>> V 5.91 0.00
87.397	>>> V 5.82 0.00
87.400	S 13316171 -8.53 15.82 6.87 0.00 TRACK
87.402	S 13316191 -8.44 15.82 6.87 0.00 TRACK
87.414	>>> V 5.82 0.00
87.437	>>> V 5.82 0.00
87.440	S 13316211 -8.26 15.91 5.50 0.00 TRACK
87.443	S 13316231 -8.17 15.82 5.50 0.00 TRACK
87.454	>>> V 5.82 0.00
87.475	>>> V 5.71 0.00
87.476	S 13316251 -8.09 15.91 5.50 0.00 TRACK
87.493	>>> V 5.71 0.00
87.495	S 13316271 -7.91 15.82 5.50 0.00 TRACK
87.514	>>> V 5.71 0.00
87.517	S 13316291 -7.82 15.82 5.50 0.00 TRACK
87.537	>>> V 5.55 0.00
87.537	S 13316311 -7.65 15.82 5.50 0.00 TRACK
87.561	>>> V 5.55 0.00
87.563	S 13316331 -7.56 15.82 5.50 0.00 TRACK
87.568	S 13316351 -7.47 15.82 5.50 0.00 TRACK
87.575	>>> V 5.55 0.00
87.594	>>> V 5.41 0.00
87.595	S 13316371 -7.38 15.91 5.50 0.00 TRACK
87.616	>>> V 5.19 0.00
87.619	S 13316391 -7.21 15.91 5.50 0.00 TRACK
87.641	>>> V 5.19 0.00
87.644	S 13316411 -7.12 15.82 5.50 0.00 TRACK
87.650	S 13316431 -7.03 15.91 5.50 0.00 TRACK
87.657	>>> V 5.19 0.00
87.674	>>> V 5.19 0.00
87.675	S 13316451 -6.86 15.91 5.50 0.00 TRACK
87.696	>>> V 5.11 0.00
87.697	S 13316471 -6.77 15.82 5.50 0.00 TRACK
87.717	>>> V 5.11 0.00
87.719	S 13316491 -6.68 15.91 5.50 0.00 TRACK
87.737	>>> V 5.07 0.00
87.737	S 13316511 -6.59 15.82 5.50 0.00 TRACK
87.762	>>> V 5.07 0.00
87.764	S 13316531 -6.50 15.91 5.50 0.00 TRACK
87.771	S 13316551 -6.33 15.82 4.12 0.00 TRACK
87.780	>>> V 5.07 0.00
87.781	S 13316571 -6.24 15.91 4.12 0.00 TRACK
87.794	>>> V 4.97 0.00
87.814	>>> V 4.97 0.00
87.816	S 13316591 -6.06 15.82 4.12 0.00 TRACK
87.836	>>> V 4.62 -2.90
87.838	S 13316611 -5.89 15.82 4.12 0.00 TRACK
87.854	>>> V 4.62 -2.90
87.855	S 13316631 -5.80 15.82 5.50 0.00 TRACK
87.874	>>> V 4.62 -2.90
87.874	S 13316651 -5.71 15.82 4.12 0.00 TRACK
87.894	>>> V 4.41 -2.93
87.897	S 13316671 -5.62 15.91 4.12 0.00 TRACK
87.913	>>> V 4.41 -2.93
87.914	S 13316691 -5.45 15.91 4.12 0.00 TRACK
87.934	>>> V 4.41 -2.93
87.937	S 13316711 -5.36 15.82 4.12 0.00 TRACK
87.955	>>> V 4.41 -2.93
87.958	S 13316731 -5.27 15.82 4.12 0.00 TRACK
87.979	>>> V 4.41 -2.93
87.981	S 13316751 -5.27 15.82 4.12 0.00 TRACK
87.987	S 13316771 -5.19 15.82 4.12 0.00 TRACK
88.006	>>> V 3.64 -2.92
88.009	S 13316792 -5.10 15.73 2.75 0.00 TRACK
88.017	>>> V 3.64 -2.92
88.020	S 13316812 -5.01 15.73 2.75 -1.37 TRACK
88.042	>>> V 3.64 -2.92
88.042	S 13316832 -4.92 15.64 2.75 -1.37 TRACK
88.057	>>> V 3.64 -2.92
88.060	S 13316852 -4.83 15.47 4.12 -2.75 TRACK
88.075	>>> V 3.10 -2.92
88.096	>>> V 3.10 -2.92
88.096	S 13316872 -4.75 15.47 4.12 -2.75 TRACK
88.113	>>> V 3.10 -2.92
88.116	S 13316892 -4.66 15.38 4.12 -2.75 TRACK
88.133	>>> V 2.52 0.00
88.134	S 13316912 -4.66 15.38 2.75 -2.75 TRACK
88.154	>>> V -6.70 0.00
88.154	S 13316932 -4.66 15.38 1.37 -1.37 TRACK
88.174	>>> V -6.70 0.00
88.177	S 13316952 -4.57 15.38 1.37 0.00 TRACK
88.196	>>> V -6.70 0.00
88.198	S 13316972 -4.48 15.29 1.37 0.00 TRACK
88.218	>>> V -6.70 0.00
88.219	S 13316992 -4.48 15.21 1.37 -1.37 TRACK
88.235	>>> V -7.30 0.00
88.237	S 13317012 -4.57 15.29 1.37 -1.37 TRACK
88.256	>>> V -7.30 0.00
88.258	S 13317032 -4.57 15.21 0.00 -1.37 TRACK
88.279	>>> V -7.69 3.54
88.280	S 13317052 -4.75 15.29 -1.37 0.00 TRACK
88.284	S 13317072 -4.83 15.29 -4.12 0.00 TRACK
88.301	>>> V -7.69 3.54
88.302	S 13317092 -4.83 15.21 -4.12 0.00 TRACK
88.318	>>> V -7.69 3.54
88.335	>>> V -8.10 4.30
88.337	S 13317112 -5.01 15.29 -4.12 0.00 TRACK
88.353	>>> V -8.10 4.30
88.356	S 13317132 -5.19 15.21 -4.12 0.00 TRACK
88.378	>>> V -8.21 4.63
88.381	S 13317152 -5.36 15.29 -5.50 0.00 TRACK
88.384	S 13317172 -5.54 15.38 -6.87 0.00 TRACK
88.395	>>> V -8.21 4.63
88.414	>>> V -8.21 4.63
88.415	S 13317192 -5.80 15.47 -8.24 1.37 TRACK
88.434	>>> V -7.98 4.69
88.439	S 13317212 -5.98 15.56 -9.62 2.75 TRACK
88.441	S 13317232 -6.24 15.73 -9.62 4.12 TRACK
88.455	>>> V -7.98 4.69
88.475	>>> V -7.98 4.69
88.476	S 13317252 -6.42 15.82 -9.62 4.12 TRACK
88.499	>>> V -7.68 4.61
88.500	S 13317272 -6.59 15.91 -8.24 4.12 TRACK
88.501	S 13317292 -6.68 15.91 -8.24 4.12 TRACK
88.514	>>> V -7.44 4.25
88.534	>>> V -7.44 4.25
88.536	S 13317312 -6.86 16.00 -6.87 4.12 TRACK
88.558	>>> V -7.44 4.25
88.562	S 13317332 -7.03 16.08 -6.87 2.75 TRACK
88.563	S 13317352 -7.21 16.17 -6.87 2.75 TRACK
88.574	>>> V -6.74 3.78
88.594	>>> V -6.74 3.78
88.597	S 13317372 -7.29 16.35 -6.87 4.12 TRACK
88.615	>>> V -6.00 3.19
88.616	S 13317392 -7.47 16.35 -6.87 4.12 TRACK
88.637	>>> V -6.00 3.19
88.639	S 13317412 -7.56 16.44 -6.87 4.12 TRACK
88.659	>>> V -6.00 3.19
88.661	S 13317432 -7.73 16.52 -6.87 2.75 TRACK
88.663	S 13317452 -7.82 16.52 -5.50 2.75 TRACK
88.674	>>> V -6.00 3.19
88.694	>>> V -6.00 3.19
88.695	S 13317472 -8.00 16.52 -5.50 1.37 TRACK
88.721	>>> V -6.00 3.19
88.721	S 13317492 -8.09 16.61 -5.50 1.37 TRACK
88.725	S 13317512 -8.17 16.70 -5.50 1.37 TRACK
88.734	>>> V -6.00 3.19
88.756	>>> V -5.38 0.00
88.757	S 13317532 -8.35 16.79 -5.50 2.75 TRACK
88.773	>>> V -5.38 0.00
88.776	S 13317552 -8.44 16.87 -5.50 2.75 TRACK
88.797	>>> V -3.58 0.00
88.799	S 13317572 -8.53 16.87 -5.50 2.75 TRACK
88.814	>>> V -3.58 0.00
88.814	S 13317592 -8.70 16.87 -5.50 1.37 TRACK
88.834	>>> V -2.58 -3.16
88.835	S 13317612 -8.70 16.87 -5.50 0.00 TRACK
88.855	>>> V -2.58 -3.16
88.858	S 13317632 -8.88 16.87 -5.50 0.00 TRACK
88.879	>>> V -2.29 -3.85
88.881	S 13317652 -9.05 16.87 -5.50 0.00 TRACK
88.885	S 13317672 -9.14 16.87 -4.12 0.00 TRACK
88.895	>>> V -2.29 -3.85
88.913	>>> V -2.29 -3.85
88.914	S 13317692 -9.32 16.87 -4.12 0.00 TRACK
88.937	>>> V -1.90 -4.60
88.940	S 13317712 -9.32 16.87 -4.12 0.00 TRACK
88.943	S 13317732 -9.32 16.79 -2.75 0.00 TRACK
88.958	>>> V -1.90 -4.60
88.976	>>> V -1.90 -4.60
88.976	S 13317752 -9.40 16.70 -1.37 -1.37 TRACK
88.993	>>> V -1.90 -4.60
88.994	S 13317772 -9.40 16.61 -1.37 -2.75 TRACK
89.016	>>> V 0.00 -5.21
89.019	S 13317792 -9.40 16.61 -1.37 -2.75 TRACK
89.034	>>> V 0.00 -5.21
89.037	S 13317812 -9.40 16.52 -1.37 -2.75 TRACK
89.058	>>> V 0.00 -5.49
89.059	S 13317832 -9.40 16.35 -1.37 -2.75 TRACK
89.084	>>> V 0.00 -5.49
89.084	S 13317852 -9.49 16.35 0.00 -2.75 TRACK
89.089	S 13317872 -9.49 16.26 0.00 -2.75 TRACK
89.095	>>> V 0.00 -5.49
89.125	>>> V 0.00 -5.72
89.126	S 13317892 -9.40 16.17 0.00 -2.75 TRACK
89.127	S 13317912 -9.40 16.08 0.00 -2.75 TRACK
89.140	>>> V 0.00 -5.72
89.142	S 13317932 -9.49 16.00 0.00 -4.12 TRACK
89.160	>>> V 0.00 -5.72
89.161	S 13317952 -9.49 15.91 0.00 -4.12 TRACK
89.179	>>> V 0.00 -5.97
89.181	S 13317972 -9.49 15.82 0.00 -4.12 TRACK
89.201	>>> V 0.00 -6.14
89.202	S 13317992 -9.49 15.64 0.00 -4.12 TRACK
89.219	>>> V 0.00 -6.14
89.220	S 13318012 -9.49 15.56 0.00 -4.12 TRACK
89.234	>>> V 0.00 -6.15
89.257	>>> V 0.00 -6.15
89.260	S 13318032 -9.49 15.38 0.00 -5.50 TRACK
89.262	S 13318052 -9.40 15.29 0.00 -5.50 TRACK
89.278	>>> V 0.00 -5.92
89.294	>>> V 0.00 -5.92
89.297	S 13318072 -9.49 15.21 0.00 -5.50 TRACK
89.324	>>> V 0.00 -5.93
89.325	S 13318092 -9.40 15.12 0.00 -4.12 TRACK
89.332	S 13318112 -9.40 14.94 0.00 -4.12 TRACK
89.340	>>> V 0.00 -5.93
89.341	S 13318132 -9.40 14.85 0.00 -4.12 TRACK
89.359	>>> V 0.00 -5.93
89.374	>>> V -2.25 -5.55
89.376	S 13318152 -9.40 14.77 0.00 -4.12 TRACK
89.396	>>> V -2.25 -5.55
89.397	S 13318172 -9.49 14.68 0.00 -4.12 TRACK
89.418	>>> V -2.25 -5.55
89.419	S 13318192 -9.49 14.50 0.00 -5.50 TRACK
89.437	>>> V -2.25 -5.55
89.440	S 13318212 -9.49 14.41 0.00 -5.50 TRACK
89.448	S 13318232 -9.58 14.33 -1.37 -5.50 TRACK
89.464	>>> V -2.25 -5.55
89.467	S 13318252 -9.67 14.15 -2.75 -5.50 TRACK
89.486	>>> V -2.61 -5.35
89.491	S 13318272 -9.76 14.06 -2.75 -4.12 TRACK
89.511	>>> V -2.61 -5.35
89.514	S 13318292 -9.76 13.97 -2.75 -4.12 TRACK
89.521	>>> V -3.36 -4.77
89.522	S 13318312 -9.76 13.89 -1.37 -4.12 TRACK
89.534	>>> V -3.36 -4.77
89.555	>>> V -4.11 -4.43
89.558	S 13318332 -9.84 13.80 -1.37 -4.12 TRACK
89.575	>>> V -4.11 -4.43
89.579	S 13318352 -9.93 13.62 -1.37 -4.12 TRACK
89.593	>>> V -4.11 -4.43
89.596	S 13318372 -10.11 13.54 -2.75 -4.12 TRACK
89.615	>>> V -4.49 -4.39
89.617	S 13318392 -10.11 13.54 -4.12 -4.12 TRACK
89.634	>>> V -4.49 -4.39
89.636	S 13318412 -10.11 13.36 -2.75 -4.12 TRACK
89.660	>>> V -4.49 -4.39
89.662	S 13318432 -10.28 13.36 -2.75 -4.12 TRACK
89.665	S 13318452 -10.28 13.27 -2.75 -4.12 TRACK
89.679	>>> V -4.99 -3.74
89.680	S 13318472 -10.46 13.18 -2.75 -4.12 TRACK
89.699	>>> V -4.99 -3.74
89.702	S 13318492 -10.55 13.01 -2.75 -4.12 TRACK
89.714	>>> V -4.99 -3.74
89.741	>>> V -5.05 -3.52
89.742	S 13318512 -10.63 12.92 -4.12 -4.12 TRACK
89.743	S 13318532 -10.72 12.92 -4.12 -4.12 TRACK
89.757	>>> V -5.05 -3.52
89.760	S 13318552 -10.81 12.83 -4.12 -4.12 TRACK
89.778	>>> V -5.27 -3.34
89.794	>>> V -5.27 -3.34
89.794	S 13318572 -10.90 12.74 -4.12 -2.75 TRACK
89.815	>>> V -5.23 -3.01
89.817	S 13318592 -10.99 12.66 -4.12 -2.75 TRACK
89.835	>>> V -5.23 -3.01
89.838	S 13318612 -11.16 12.57 -4.12 -2.75 TRACK
89.856	>>> V -5.23 -3.01
89.856	S 13318632 -11.25 12.48 -4.12 -4.12 TRACK
89.876	>>> V -4.39 0.00
89.878	S 13318652 -11.34 12.39 -4.12 -4.12 TRACK
89.897	>>> V -4.39 0.00
89.899	S 13318672 -11.43 12.30 -4.12 -4.12 TRACK
89.914	>>> V -4.39 0.00
89.919	S 13318692 -11.51 12.22 -4.12 -4.12 TRACK
89.940	>>> V -3.85 0.00
89.946	S 13318712 -11.60 12.22 -4.12 -2.75 TRACK
89.948	S 13318732 -11.78 12.22 -4.12 -1.37 TRACK
89.965	>>> V -3.85 0.00
89.972	S 13318752 -11.87 12.22 -4.12 0.00 TRACK
89.976	>>> V -3.85 0.00
89.995	>>> V -3.21 0.00
89.999	S 13318772 -11.95 12.22 -4.12 0.00 TRACK
90.015	>>> V -3.21 0.00
90.015	S 13318792 -12.04 12.22 -4.12 0.00 TRACK
90.043	>>> V -2.39 0.00
90.044	S 13318812 -12.13 12.22 -4.12 0.00 TRACK
90.052	S 13318832 -12.13 12.22 -4.12 0.00 TRACK
90.061	>>> V -2.39 0.00
90.063	S 13318852 -12.13 12.22 -2.75 0.00 TRACK
90.078	>>> V 0.00 0.00
90.095	>>> V 0.00 0.00
90.096	S 13318872 -12.22 12.22 -1.37 0.00 TRACK
90.116	>>> V 0.00 0.00
90.119	S 13318892 -12.30 12.22 -1.37 0.00 TRACK
90.136	>>> V 0.00 4.41
90.139	S 13318912 -12.39 12.22 -1.37 0.00 TRACK
90.158	>>> V 0.00 4.41
90.159	S 13318932 -12.39 12.22 -2.75 0.00 TRACK
90.174	>>> V 0.00 4.41
90.177	S 13318952 -12.39 12.22 -1.37 0.00 TRACK
90.199	>>> V 3.42 5.81
90.199	S 13318972 -12.39 12.22 0.00 0.00 TRACK
90.217	>>> V 3.42 5.81
90.218	S 13318992 -12.30 12.22 0.00 0.00 TRACK
90.235	>>> V 4.53 6.22
90.238	S 13319012 -12.39 12.22 0.00 0.00 TRACK
90.254	>>> V 4.53 6.22
90.256	S 13319032 -12.39 12.39 0.00 0.00 TRACK
90.276	>>> V 5.55 6.41
90.279	S 13319052 -12.39 12.48 0.00 1.37 TRACK
90.298	>>> V 5.55 6.41
90.300	S 13319072 -12.30 12.57 0.00 2.75 TRACK
90.301	S 13319092 -12.22 12.74 1.37 4.12 TRACK
90.319	>>> V 5.55 6.41
90.322	S 13319112 -12.13 12.83 2.75 5.50 TRACK
90.336	>>> V 6.29 6.52
90.356	>>> V 6.29 6.52
90.363	S 13319132 -11.95 12.92 4.12 5.50 TRACK
90.365	S 13319152 -11.87 13.01 4.12 5.50 TRACK
90.382	>>> V 7.99 6.74
90.385	S 13319172 -11.78 13.18 5.50 5.50 TRACK
90.404	>>> V 7.99 6.74
90.406	S 13319192 -11.60 13.36 5.50 5.50 TRACK
90.421	>>> V 7.99 6.74
90.424	S 13319212 -11.51 13.54 5.50 5.50 TRACK
90.440	>>> V 8.30 7.05
90.445	S 13319232 -11.43 13.62 5.50 6.87 TRACK
90.456	>>> V 8.30 7.05
90.477	>>> V 8.52 7.61
90.483	S 13319252 -11.25 13.80 5.50 6.87 TRACK
90.487	S 13319272 -11.16 13.89 5.50 6.87 TRACK
90.499	>>> V 8.52 7.61
90.506	S 13319292 -10.90 14.06 6.87 6.87 TRACK
90.519	>>> V 8.52 7.61
90.520	S 13319312 -10.81 14.15 6.87 6.87 TRACK
90.539	>>> V 0.00 0.00
90.542	S 13319332 -10.63 14.33 6.87 6.87 TRACK
90.558	>>> V 0.00 0.00
90.560	S 13319352 -10.37 14.50 6.87 6.87 TRACK
90.576	>>> V 0.00 0.00
90.595	>>> V 0.00 0.00
90.597	S 13319372 -10.28 14.68 8.24 6.87 TRACK
90.615	>>> V 0.00 0.00
90.618	S 13319392 -10.20 14.77 6.87 6.87 TRACK
90.635	>>> V 0.00 0.00
90.638	S 13319412 -10.28 14.77 4.12 5.50 TRACK
90.658	>>> V 0.00 0.00
90.659	S 13319432 -10.20 14.77 2.75 2.75 TRACK
90.677	>>> V 0.00 0.00
90.677	S 13319452 -10.20 14.77 0.00 1.37 TRACK
90.697	>>> V 0.00 0.00
90.699	S 13319472 -10.20 14.77 0.00 0.00 TRACK
90.717	>>> V 0.00 0.00
90.717	S 13319492 -10.28 14.77 0.00 0.00 TRACK
90.736	>>> V 0.00 0.00
90.736	S 13319512 -10.20 14.77 0.00 0.00 TRACK
90.754	>>> V 0.00 0.00
90.755	S 13319532 -10.28 14.77 0.00 0.00 TRACK
90.776	>>> V 0.00 0.00
90.777	S 13319552 -10.28 14.77 0.00 0.00 TRACK
90.794	>>> V 0.00 0.00
90.796	S 13319572 -10.20 14.77 0.00 0.00 TRACK
90.824	>>> V 0.00 0.00
90.827	S 13319592 -10.28 14.77 0.00 0.00 TRACK
90.829	S 13319612 -10.28 14.77 0.00 0.00 TRACK
90.835	>>> V 0.00 0.00
90.864	>>> V 0.00 0.00
90.867	S 13319632 -10.28 14.77 0.00 0.00 TRACK
90.869	S 13319652 -10.28 14.77 0.00 0.00 TRACK
90.875	>>> V 0.00 0.00
90.898	>>> V 0.00 0.00
90.900	S 13319672 -10.20 14.77 0.00 0.00 TRACK
90.903	S 13319692 -10.28 14.77 0.00 0.00 TRACK
90.915	>>> V 0.00 0.00
90.941	>>> V 0.00 0.00
90.944	S 13319712 -10.20 14.77 0.00 0.00 TRACK
90.945	S 13319732 -10.20 14.77 0.00 0.00 TRACK
90.959	>>> V 0.00 0.00
90.960	S 13319752 -10.28 14.77 0.00 0.00 TRACK
90.977	>>> V 0.00 0.00
90.980	S 13319772 -10.28 14.77 0.00 0.00 TRACK
90.998	>>> V 0.00 0.00
91.001	S 13319792 -10.20 14.77 0.00 0.00 TRACK
91.021	>>> V 0.00 0.00
91.021	S 13319812 -10.20 14.77 0.00 0.00 TRACK
91.036	>>> V 0.00 0.00
91.057	>>> V 0.00 0.00
91.057	S 13319832 -10.20 14.77 0.00 0.00 TRACK
91.074	>>> V 0.00 0.00
91.078	S 13319852 -10.20 14.77 0.00 0.00 TRACK
91.095	>>> V 0.00 0.00
91.097	S 13319872 -10.28 14.77 0.00 0.00 TRACK
91.116	>>> V 9.33 12.67
91.120	S 13319892 -10.20 14.77 0.00 0.00 TRACK
91.122	S 13319912 -10.28 14.77 0.00 0.00 TRACK
91.138	>>> V 9.37 12.71
91.141	S 13319932 -10.28 14.77 0.00 0.00 TRACK
91.154	>>> V 9.37 12.71
91.181	>>> V 9.37 12.71
91.183	S 13319952 -10.20 14.77 0.00 0.00 TRACK
91.186	S 13319972 -10.11 14.85 0.00 0.00 TRACK
91.193	>>> V 9.37 12.71
91.215	>>> V 9.44 12.83
91.220	S 13319992 -9.93 15.03 1.37 1.37 TRACK
91.224	S 13320012 -9.84 15.29 2.75 4.12 TRACK
91.237	>>> V 9.44 12.83
91.261	>>> V 9.50 12.90
91.263	S 13320032 -9.67 15.47 5.50 8.24 TRACK
91.264	S 13320052 -9.40 15.82 8.24 9.62 TRACK
91.274	>>> V 9.50 12.90
91.298	>>> V 9.73 13.20
91.299	S 13320072 -9.14 16.00 8.24 10.99 TRACK
91.315	>>> V 9.73 13.20
91.322	S 13320092 -8.88 16.35 9.62 10.99 TRACK
91.327	S 13320112 -8.70 16.52 9.62 10.99 TRACK
91.334	>>> V 9.73 13.20
91.354	>>> V 9.95 13.29
91.357	S 13320132 -8.53 16.79 9.62 10.99 TRACK
91.377	>>> V 9.95 13.29
91.380	S 13320152 -8.26 17.05 9.62 12.37 TRACK
91.382	S 13320172 -8.09 17.31 9.62 12.37 TRACK
91.400	>>> V 9.95 13.29
91.401	S 13320192 -7.91 17.58 9.62 12.37 TRACK
91.414	>>> V 10.30 13.37
91.436	>>> V 10.30 13.37
91.439	S 13320212 -7.65 18.02 9.62 12.37 TRACK
91.458	>>> V 10.04 13.25
91.460	S 13320232 -7.47 18.28 9.62 12.37 TRACK
91.461	S 13320252 -7.21 18.54 9.62 13.74 TRACK
91.481	>>> V 10.04 13.25
91.484	S 13320272 -7.03 18.81 9.62 13.74 TRACK
91.495	>>> V 10.04 13.25
91.514	>>> V 9.58 12.92
91.515	S 13320292 -6.86 19.16 9.62 13.74 TRACK
91.534	>>> V 9.58 12.92
91.536	S 13320312 -6.68 19.42 9.62 13.74 TRACK
91.558	>>> V 8.18 10.61
91.559	S 13320332 -6.50 19.69 9.62 13.74 TRACK
91.577	>>> V 6.86 8.45
91.577	S 13320352 -6.33 19.86 9.62 12.37 TRACK
91.599	>>> V 6.86 8.45
91.600	S 13320372 -6.06 20.21 8.24 12.37 TRACK
91.614	>>> V 6.86 8.45
91.615	S 13320392 -5.89 20.48 8.24 12.37 TRACK
91.634	>>> V 6.26 7.39
91.638	S 13320412 -5.71 20.57 8.24 10.99 TRACK
91.655	>>> V 6.26 7.39
91.656	S 13320432 -5.62 20.83 8.24 10.99 TRACK
91.675	>>> V 5.57 6.13
91.675	S 13320452 -5.45 21.01 6.87 10.99 TRACK
91.694	>>> V 5.57 6.13
91.697	S 13320472 -5.27 21.18 6.87 9.62 TRACK
91.716	>>> V 5.57 6.13
91.723	S 13320492 -5.19 21.36 6.87 8.24 TRACK
91.727	S 13320512 -5.10 21.45 5.50 6.87 TRACK
91.735	>>> V 5.57 6.13
91.740	S 13320532 -4.92 21.62 5.50 6.87 TRACK
91.757	>>> V 4.83 4.62
91.760	S 13320552 -4.83 21.71 5.50 6.87 TRACK
91.777	>>> V 4.83 4.62
91.798	>>> V 3.65 0.00
91.799	S 13320572 -4.66 21.88 5.50 5.50 TRACK
91.814	>>> V 2.31 0.00
91.818	S 13320592 -4.57 21.97 5.50 5.50 TRACK
91.839	>>> V 2.31 0.00
91.840	S 13320612 -4.48 22.06 5.50 5.50 TRACK
91.844	S 13320632 -4.39 22.06 5.50 4.12 TRACK
91.856	>>> V 2.31 0.00
91.861	S 13320652 -4.31 22.06 5.50 2.75 TRACK
91.874	>>> V 2.31 0.00
91.895	>>> V 0.00 0.00
91.898	S 13320672 -4.13 22.15 5.50 1.37 TRACK
91.923	>>> V 0.00 -2.87
91.923	S 13320692 -4.13 22.15 4.12 0.00 TRACK
91.928	S 13320712 -4.13 22.15 2.75 0.00 TRACK
91.941	>>> V 0.00 -2.87
91.944	S 13320732 -4.13 22.06 1.37 0.00 TRACK
91.961	>>> V 0.00 -3.69
91.962	S 13320752 -4.13 22.06 0.00 0.00 TRACK
91.977	>>> V 0.00 -3.69
91.996	>>> V 0.00 -4.72
91.997	S 13320772 -4.13 22.06 0.00 0.00 TRACK
92.020	>>> V 0.00 -5.32
92.020	S 13320792 -4.13 22.06 0.00 0.00 TRACK
92.022	S 13320812 -4.13 21.97 0.00 -1.37 TRACK
92.034	>>> V 0.00 -5.32
92.054	>>> V 0.00 -5.79
92.057	S 13320832 -4.13 21.88 0.00 -2.75 TRACK
92.073	>>> V 0.00 -5.79
92.075	S 13320852 -4.13 21.80 0.00 -2.75 TRACK
92.094	>>> V 0.00 -5.98
92.095	S 13320872 -4.13 21.71 0.00 -2.75 TRACK
92.113	>>> V 0.00 -5.98
92.115	S 13320892 -4.13 21.62 0.00 -2.75 TRACK
92.135	>>> V 0.00 -5.98
92.138	S 13320912 -4.13 21.62 0.00 -2.75 TRACK
92.154	>>> V 0.00 -5.98
92.155	S 13320932 -4.13 21.45 0.00 -2.75 TRACK
92.179	>>> V 0.00 -5.94
92.182	S 13320952 -4.13 21.36 0.00 -4.12 TRACK
92.185	S 13320972 -4.13 21.27 0.00 -4.12 TRACK
92.195	>>> V 0.00 -5.94
92.214	>>> V 0.00 -5.94
92.216	S 13320992 -4.13 21.09 0.00 -4.12 TRACK
92.235	>>> V 0.00 -5.97
92.237	S 13321012 -4.13 21.01 0.00 -4.12 TRACK
92.253	>>> V 0.00 -5.97
92.256	S 13321032 -4.13 20.92 0.00 -4.12 TRACK
92.276	>>> V 0.00 -5.75
92.278	S 13321052 -4.13 20.83 0.00 -4.12 TRACK
92.300	>>> V 0.00 -5.75
92.301	S 13321072 -4.13 20.74 0.00 -4.12 TRACK
92.303	S 13321092 -4.13 20.57 0.00 -4.12 TRACK
92.318	>>> V 0.00 -5.75
92.321	S 13321112 -4.13 20.48 0.00 -5.50 TRACK
92.335	>>> V 0.00 -5.75
92.354	>>> V 0.00 -5.42
92.355	S 13321132 -4.13 20.39 0.00 -5.50 TRACK
92.374	>>> V 0.00 -5.42
92.374	S 13321152 -4.13 20.30 0.00 -4.12 TRACK
92.398	>>> V 0.00 -5.42
92.402	S 13321172 -4.13 20.13 0.00 -4.12 TRACK
92.405	S 13321192 -4.13 20.04 0.00 -5.50 TRACK
92.428	>>> V 0.00 -4.39
92.429	S 13321212 -4.13 19.95 0.00 -5.50 TRACK
92.458	>>> V 0.00 -4.39
92.461	S 13321232 -4.13 19.86 0.00 -5.50 TRACK
92.463	S 13321252 -4.13 19.69 0.00 -5.50 TRACK
92.485	>>> V 0.00 -3.92
92.485	S 13321272 -4.13 19.69 0.00 -4.12 TRACK
92.500	>>> V 0.00 -3.92
92.501	S 13321292 -4.13 19.60 0.00 -4.12 TRACK
92.515	>>> V 0.00 -3.92
92.533	>>> V 0.00 0.00
92.536	S 13321312 -4.13 19.51 0.00 -4.12 TRACK
92.554	>>> V 0.00 0.00
92.555	S 13321332 -4.13 19.34 0.00 -4.12 TRACK
92.577	>>> V 0.00 0.00
92.583	S 13321352 -4.13 19.25 0.00 -4.12 TRACK
92.596	S 13321372 -4.13 19.25 0.00 -4.12 TRACK
92.607	>>> V 0.00 0.00
92.609	S 13321392 -4.13 19.16 0.00 -4.12 TRACK
92.625	>>> V 0.00 0.00
92.628	S 13321412 -4.13 19.25 0.00 -2.75 TRACK
92.639	>>> V 0.00 0.00
92.642	S 13321432 -4.13 19.16 0.00 -1.37 TRACK
92.656	>>> V 0.00 0.00
92.677	>>> V 0.00 0.00
92.678	S 13321452 -4.13 19.25 0.00 0.00 TRACK
92.697	>>> V 0.00 0.00
92.697	S 13321472 -4.13 19.16 0.00 0.00 TRACK
92.715	>>> V 0.00 0.00
92.718	S 13321492 -4.13 19.25 0.00 0.00 TRACK
92.733	>>> V 0.00 0.00
92.734	S 13321512 -4.13 19.16 0.00 0.00 TRACK
92.756	>>> V 0.00 0.00
92.758	S 13321532 -4.13 19.16 0.00 0.00 TRACK
92.777	>>> V 0.00 0.00
92.778	S 13321552 -4.13 19.16 0.00 0.00 TRACK
92.796	>>> V 0.00 0.00
92.797	S 13321572 -4.13 19.25 0.00 0.00 TRACK
92.813	>>> V 0.00 0.00
92.814	S 13321592 -4.13 19.25 0.00 0.00 TRACK
92.834	>>> V 0.00 0.00
92.836	S 13321612 -4.13 19.25 0.00 0.00 TRACK
92.854	>>> V 0.00 0.00
92.855	S 13321632 -4.13 19.25 0.00 0.00 TRACK
92.881	>>> V 0.00 0.00
92.885	S 13321652 -4.13 19.25 0.00 0.00 TRACK
92.890	S 13321672 -4.13 19.16 0.00 0.00 TRACK
92.897	>>> V 0.00 0.00
92.900	S 13321692 -4.13 19.25 0.00 0.00 TRACK
92.919	>>> V 0.00 0.00
92.935	>>> V 0.00 0.00
92.936	S 13321712 -4.13 19.25 0.00 0.00 TRACK
92.955	>>> V 0.00 0.00
92.959	S 13321732 -4.13 19.25 0.00 0.00 TRACK
92.974	>>> V 0.00 0.00
92.976	S 13321752 -4.13 19.16 0.00 0.00 TRACK
92.998	>>> V 0.00 0.00
92.999	S 13321772 -4.13 19.16 0.00 0.00 TRACK
93.015	>>> V 0.00 0.00
93.015	S 13321792 -4.13 19.25 0.00 0.00 TRACK
93.033	>>> V 0.00 0.00
93.035	S 13321812 -4.13 19.16 0.00 0.00 TRACK
93.054	>>> V 0.00 0.00
93.055	S 13321832 -4.13 19.25 0.00 0.00 TRACK
93.074	>>> V 0.00 0.00
93.075	S 13321852 -4.13 19.25 0.00 0.00 TRACK
93.100	>>> V 0.00 0.00
93.102	S 13321872 -4.13 19.16 0.00 0.00 TRACK
93.107	S 13321892 -4.13 19.16 0.00 0.00 TRACK
93.115	>>> V 0.00 0.00
93.136	>>> V 0.00 0.00
93.139	S 13321912 -4.13 19.25 0.00 0.00 TRACK
93.157	>>> V 0.00 0.00
93.160	S 13321932 -4.13 19.25 0.00 0.00 TRACK
93.174	>>> V 0.00 0.00
93.175	S 13321952 -4.13 19.25 0.00 0.00 TRACK
93.196	>>> V 0.00 0.00
93.198	S 13321972 -4.13 19.25 0.00 0.00 TRACK
93.217	>>> V 0.00 0.00
93.218	S 13321992 -4.13 19.25 0.00 0.00 TRACK
93.238	>>> V 0.00 0.00
93.240	S 13322012 -4.13 19.16 0.00 0.00 TRACK
93.241	S 13322032 -4.13 19.25 0.00 0.00 TRACK
93.254	>>> V 0.00 0.00
93.275	>>> V 0.00 0.00
93.276	S 13322052 -4.13 19.25 0.00 0.00 TRACK
93.294	>>> V 0.00 0.00
93.295	S 13322072 -4.13 19.25 0.00 0.00 TRACK
93.317	>>> V 0.00 0.00
93.317	S 13322092 -4.13 19.16 0.00 0.00 TRACK
93.334	>>> V 0.00 0.00
93.335	S 13322112 -4.13 19.25 0.00 0.00 TRACK
93.353	>>> V 0.00 0.00
93.354	S 13322132 -4.13 19.25 0.00 0.00 TRACK
93.374	>>> V 0.00 0.00
93.376	S 13322152 -4.13 19.16 0.00 0.00 TRACK
93.396	>>> V 0.00 0.00
93.399	S 13322172 -4.13 19.16 0.00 0.00 TRACK
93.415	>>> V 0.00 0.00
93.418	S 13322192 -4.13 19.16 0.00 0.00 TRACK
93.438	>>> V 0.00 0.00
93.440	S 13322212 -4.13 19.16 0.00 0.00 TRACK
93.441	S 13322232 -4.13 19.25 0.00 0.00 TRACK
93.460	>>> V 0.00 0.00
93.465	S 13322252 -4.13 19.16 0.00 0.00 TRACK
93.475	>>> V 0.00 0.00
93.502	>>> V 0.00 0.00
93.503	S 13322272 -4.13 19.25 0.00 0.00 TRACK
93.505	S 13322292 -4.13 19.16 0.00 0.00 TRACK
93.528	>>> V 0.00 0.00
93.529	S 13322312 -4.13 19.25 0.00 0.00 TRACK
93.536	>>> V 0.00 0.00
93.554	>>> V 0.00 0.00
93.556	S 13322332 -4.13 19.25 0.00 0.00 TRACK
93.574	>>> V 0.00 0.00
93.575	S 13322352 -4.13 19.25 0.00 0.00 TRACK
93.597	>>> V 0.00 0.00
93.598	S 13322372 -4.13 19.16 0.00 0.00 TRACK
93.616	>>> V 0.00 0.00
93.622	S 13322392 -4.13 19.25 0.00 0.00 TRACK
93.628	S 13322412 -4.13 19.16 0.00 0.00 TRACK
93.635	>>> V 0.00 0.00
93.659	>>> V 0.00 0.00
93.660	S 13322432 -4.13 19.25 0.00 0.00 TRACK
93.664	S 13322452 -4.13 19.16 0.00 0.00 TRACK
93.678	>>> V 0.00 0.00
93.680	S 13322472 -4.13 19.16 0.00 0.00 TRACK
93.698	>>> V 0.00 0.00
93.730	>>> V 0.00 0.00
93.731	S 13322492 -4.13 19.16 0.00 0.00 TRACK
93.742	S 13322512 -4.13 19.25 0.00 0.00 TRACK
93.765	>>> V 0.00 0.00
93.766	S 13322532 -4.13 19.16 0.00 0.00 TRACK
93.773	S 13322552 -4.13 19.25 0.00 0.00 TRACK
93.797	>>> V 0.00 0.00
93.799	S 13322572 -4.13 19.25 0.00 0.00 TRACK
93.831	>>> V 0.00 0.00
93.832	S 13322592 -4.13 19.16 0.00 0.00 TRACK
93.835	S 13322612 -4.13 19.16 0.00 0.00 TRACK
93.856	>>> V 0.00 0.00
93.862	S 13322632 -4.13 19.25 0.00 0.00 TRACK
93.871	S 13322652 -4.13 19.25 0.00 0.00 TRACK
93.883	>>> V 0.00 0.00
93.888	S 13322672 -4.13 19.16 0.00 0.00 TRACK
93.913	>>> V 0.00 0.00
93.917	S 13322692 -4.13 19.25 0.00 0.00 TRACK
93.930	>>> V 0.00 0.00
93.936	S 13322712 -4.13 19.16 0.00 0.00 TRACK
93.953	>>> V 0.00 0.00
93.959	S 13322732 -4.13 19.16 0.00 0.00 TRACK
93.967	>>> V 0.00 0.00
93.969	S 13322752 -4.13 19.16 0.00 0.00 TRACK
93.994	>>> V 0.00 0.00
93.997	S 13322772 -4.13 19.25 0.00 0.00 TRACK
94.024	>>> V 0.00 0.00
94.029	S 13322792 -4.13 19.16 0.00 0.00 TRACK
94.031	S 13322812 -4.13 19.25 0.00 0.00 TRACK
94.047	>>> V 0.00 0.00
94.048	S 13322832 -4.13 19.25 0.00 0.00 TRACK
94.074	>>> V 0.00 0.00
94.076	S 13322852 -4.13 19.25 0.00 0.00 TRACK
94.095	>>> V 0.00 0.00
94.096	S 13322872 -4.13 19.16 0.00 0.00 TRACK
94.118	>>> V 0.00 0.00
94.121	S 13322892 -4.13 19.25 0.00 0.00 TRACK
94.123	S 13322912 -4.13 19.16 0.00 0.00 TRACK
94.137	>>> V 0.00 0.00
94.158	>>> V 0.00 0.00
94.159	S 13322932 -4.13 19.25 0.00 0.00 TRACK
94.174	>>> V 0.00 0.00
94.177	S 13322952 -4.13 19.16 0.00 0.00 TRACK
94.194	>>> V 0.00 0.00
94.195	S 13322972 -4.13 19.25 0.00 0.00 TRACK
94.215	>>> V 0.00 0.00
94.215	S 13322992 -4.13 19.25 0.00 0.00 TRACK
94.235	>>> V 0.00 0.00
94.236	S 13323012 -4.13 19.16 0.00 0.00 TRACK
94.254	>>> V 0.00 0.00
94.256	S 13323032 -4.13 19.25 0.00 0.00 TRACK
94.275	>>> V 0.00 0.00
94.278	S 13323052 -4.13 19.16 0.00 0.00 TRACK
94.295	>>> V 0.00 0.00
94.298	S 13323072 -4.13 19.16 0.00 0.00 TRACK
94.316	>>> V 0.00 0.00
94.317	S 13323092 -4.13 19.25 0.00 0.00 TRACK
94.335	>>> V 0.00 0.00
94.338	S 13323112 -4.13 19.25 0.00 0.00 TRACK
94.354	>>> V 0.00 0.00
94.355	S 13323132 -4.13 19.25 0.00 0.00 TRACK
94.376	>>> V 0.00 0.00
94.376	S 13323152 -4.13 19.16 0.00 0.00 TRACK
94.397	>>> V 0.00 0.00
94.400	S 13323172 -4.13 19.16 0.00 0.00 TRACK
94.423	>>> V 0.00 0.00
94.423	S 13323192 -4.13 19.25 0.00 0.00 TRACK
94.436	S 13323212 -4.13 19.16 0.00 0.00 TRACK
94.443	>>> V 0.00 0.00
94.446	S 13323232 -4.13 19.25 0.00 0.00 TRACK
94.455	>>> V 0.00 0.00
94.474	>>> V 0.00 0.00
94.476	S 13323252 -4.13 19.16 0.00 0.00 TRACK
94.495	>>> V 0.00 0.00
94.498	S 13323272 -4.13 19.25 0.00 0.00 TRACK
94.514	>>> V 0.00 0.00
94.516	S 13323292 -4.13 19.25 0.00 0.00 TRACK
94.534	>>> V 0.00 0.00
94.535	S 13323312 -4.13 19.16 0.00 0.00 TRACK
94.554	>>> V 0.00 0.00
94.557	S 13323332 -4.13 19.25 0.00 0.00 TRACK
94.581	>>> V 0.00 0.00
94.582	S 13323352 -4.13 19.25 0.00 0.00 TRACK
94.585	S 13323372 -4.13 19.25 0.00 0.00 TRACK
94.599	>>> V 0.00 0.00
94.602	S 13323392 -4.13 19.25 0.00 0.00 TRACK
94.619	>>> V 0.00 0.00
94.620	S 13323412 -4.13 19.25 0.00 0.00 TRACK
94.635	>>> V 0.00 0.00
94.654	>>> V 0.00 0.00
94.657	S 13323432 -4.13 19.25 0.00 0.00 TRACK
94.676	>>> V 0.00 0.00
94.679	S 13323452 -4.13 19.16 0.00 0.00 TRACK
94.697	>>> V 0.00 0.00
94.700	S 13323472 -4.13 19.16 0.00 0.00 TRACK
94.714	>>> V 0.00 0.00
94.715	S 13323492 -4.13 19.16 0.00 0.00 TRACK
94.738	>>> V 0.00 0.00
94.740	S 13323512 -4.13 19.16 0.00 0.00 TRACK
94.746	S 13323532 -4.13 19.25 0.00 0.00 TRACK
94.770	>>> V 0.00 0.00
94.771	S 13323552 -4.13 19.16 0.00 0.00 TRACK
94.787	>>> V 0.00 0.00
94.797	S 13323572 -4.13 19.25 0.00 0.00 TRACK
94.817	>>> V 0.00 0.00
94.819	S 13323592 -4.13 19.25 0.00 0.00 TRACK
94.842	>>> V 0.00 0.00
94.843	S 13323612 -4.13 19.25 0.00 0.00 TRACK
94.844	S 13323632 -4.13 19.25 0.00 0.00 TRACK
94.863	>>> V 0.00 0.00
94.866	S 13323652 -4.13 19.16 0.00 0.00 TRACK
94.886	>>> V 0.00 0.00
94.892	S 13323672 -4.13 19.25 0.00 0.00 TRACK
94.907	>>> V 0.00 0.00
94.909	S 13323692 -4.13 19.25 0.00 0.00 TRACK
94.920	>>> V 0.00 0.00
94.925	S 13323712 -4.13 19.16 0.00 0.00 TRACK
94.940	>>> V 0.00 0.00
94.941	S 13323732 -4.13 19.25 0.00 0.00 TRACK
94.971	>>> V 0.00 0.00
94.971	S 13323752 -4.13 19.16 0.00 0.00 TRACK
95.002	>>> V 0.00 0.00
95.007	S 13323772 -4.13 19.25 0.00 0.00 TRACK
95.012	S 13323792 -4.13 19.16 0.00 0.00 TRACK
95.019	>>> V 0.00 0.00
95.036	>>> V 0.00 0.00
95.039	S 13323812 -4.13 19.16 0.00 0.00 TRACK
95.055	>>> V 0.00 0.00
95.056	S 13323832 -4.13 19.25 0.00 0.00 TRACK
95.081	>>> V 0.00 0.00
95.081	S 13323852 -4.13 19.16 0.00 0.00 TRACK
95.086	S 13323872 -4.13 19.16 0.00 0.00 TRACK
95.099	>>> V 0.00 0.00
95.101	S 13323892 -4.13 19.25 0.00 0.00 TRACK
95.121	>>> V 0.00 0.00
95.121	S 13323912 -4.13 19.25 0.00 0.00 TRACK
95.137	>>> V 0.00 0.00
95.155	>>> V 0.00 0.00
95.157	S 13323932 -4.13 19.16 0.00 0.00 TRACK
95.174	>>> V 0.00 0.00
95.177	S 13323952 -4.13 19.16 0.00 0.00 TRACK
95.195	>>> V 0.00 0.00
95.196	S 13323972 -4.13 19.25 0.00 0.00 TRACK
95.215	>>> V 0.00 0.00
95.215	S 13323992 -4.13 19.16 0.00 0.00 TRACK
95.236	>>> V 0.00 0.00
95.236	S 13324012 -4.13 19.16 0.00 0.00 TRACK
95.254	>>> V 0.00 0.00
95.255	S 13324032 -4.13 19.16 0.00 0.00 TRACK
95.274	>>> V 0.00 0.00
95.276	S 13324052 -4.13 19.25 0.00 0.00 TRACK
95.296	>>> V 0.00 0.00
95.297	S 13324072 -4.13 19.25 0.00 0.00 TRACK
95.321	>>> V 0.00 0.00
95.322	S 13324092 -4.13 19.25 0.00 0.00 TRACK
95.324	S 13324112 -4.13 19.25 0.00 0.00 TRACK
95.335	>>> V 0.00 0.00
95.355	>>> V 0.00 0.00
95.356	S 13324132 -4.13 19.25 0.00 0.00 TRACK
95.375	>>> V 0.00 0.00
95.378	S 13324152 -4.13 19.16 0.00 0.00 TRACK
95.395	>>> V 0.00 0.00
95.397	S 13324172 -4.13 19.25 0.00 0.00 TRACK
95.420	>>> V 0.00 0.00
95.423	S 13324192 -4.13 19.25 0.00 0.00 TRACK
95.424	S 13324212 -4.13 19.25 0.00 0.00 TRACK
95.435	>>> V 0.00 0.00
95.455	>>> V 0.00 0.00
95.456	S 13324232 -4.13 19.25 0.00 0.00 TRACK
95.478	>>> V 0.00 0.00
95.478	S 13324252 -4.13 19.25 0.00 0.00 TRACK
95.498	>>> V 0.00 0.00
95.500	S 13324272 -4.13 19.25 0.00 0.00 TRACK
95.516	>>> V 0.00 0.00
95.517	S 13324292 -4.13 19.25 0.00 0.00 TRACK
95.533	>>> V 0.00 0.00
95.534	S 13324312 -4.13 19.16 0.00 0.00 TRACK
95.556	>>> V 0.00 0.00
95.558	S 13324332 -4.13 19.16 0.00 0.00 TRACK
95.573	>>> V 0.00 0.00
95.574	S 13324352 -4.13 19.25 0.00 0.00 TRACK
95.595	>>> V 0.00 0.00
95.596	S 13324372 -4.13 19.16 0.00 0.00 TRACK
95.615	>>> V 0.00 0.00
95.615	S 13324392 -4.13 19.16 0.00 0.00 TRACK
95.635	>>> V 0.00 0.00
95.636	S 13324412 -4.13 19.25 0.00 0.00 TRACK
95.654	>>> V 0.00 0.00
95.654	S 13324432 -4.13 19.16 0.00 0.00 TRACK
95.674	>>> V 0.00 0.00
95.674	S 13324452 -4.13 19.25 0.00 0.00 TRACK
95.697	>>> V 0.00 0.00
95.697	S 13324472 -4.13 19.25 0.00 0.00 TRACK
95.714	>>> V 0.00 0.00
95.715	S 13324493 -4.13 19.25 0.00 0.00 TRACK
95.735	>>> V 0.00 0.00
95.736	S 13324513 -4.13 19.16 0.00 0.00 TRACK
95.754	>>> V 0.00 0.00
95.755	S 13324533 -4.13 19.16 0.00 0.00 TRACK
95.773	>>> V 0.00 0.00
95.774	S 13324553 -4.13 19.16 0.00 0.00 TRACK
95.793	>>> V 0.00 0.00
95.794	S 13324573 -4.13 19.16 0.00 0.00 TRACK
95.814	>>> V 0.00 0.00
95.814	S 13324593 -4.13 19.16 0.00 0.00 TRACK
95.834	>>> V 0.00 0.00
95.834	S 13324613 -4.13 19.16 0.00 0.00 TRACK
95.854	>>> V 0.00 0.00
95.854	S 13324633 -4.13 19.16 0.00 0.00 TRACK
95.876	>>> V 0.00 0.00
95.877	S 13324653 -4.13 19.16 0.00 0.00 TRACK
95.894	>>> V 0.00 0.00
95.894	S 13324673 -4.13 19.16 0.00 0.00 TRACK
95.914	>>> V 0.00 0.00
95.914	S 13324693 -4.13 19.25 0.00 0.00 TRACK
95.933	>>> V 0.00 0.00
95.934	S 13324713 -4.13 19.16 0.00 0.00 TRACK
95.954	>>> V 0.00 0.00
95.954	S 13324733 -4.13 19.25 0.00 0.00 TRACK
95.974	>>> V 0.00 0.00
95.975	S 13324753 -4.13 19.16 0.00 0.00 TRACK
95.993	>>> V 0.00 0.00
95.994	S 13324773 -4.13 19.16 0.00 0.00 TRACK
96.015	>>> V 0.00 0.00
96.015	S 13324793 -4.13 19.16 0.00 0.00 TRACK
96.036	>>> V 0.00 0.00
96.038	S 13324813 -4.13 19.25 0.00 0.00 TRACK
96.055	>>> V 0.00 0.00
96.055	S 13324833 -4.13 19.25 0.00 0.00 TRACK
96.082	>>> V 0.00 0.00
96.082	S 13324853 -4.13 19.16 0.00 0.00 TRACK
96.088	S 13324873 -4.13 19.16 0.00 0.00 TRACK
96.096	>>> V 0.00 0.00
96.114	>>> X
